ISO-10303-21;
HEADER;
FILE_DESCRIPTION(('Open CASCADE Model'),'2;1');
FILE_NAME('Open CASCADE Shape Model','2026-06-19T22:17:23',('Author'),(
    'Open CASCADE'),'Open CASCADE STEP processor 7.8','Open CASCADE 7.8'
  ,'Unknown');
FILE_SCHEMA(('CONFIG_CONTROL_DESIGN'));
ENDSEC;
DATA;
#1 = APPLICATION_PROTOCOL_DEFINITION('international standard',
  'config_control_design',1994,#2);
#2 = APPLICATION_CONTEXT(
'configuration controlled 3D designs of mechanical parts and assemblies'
  );
#3 = SHAPE_DEFINITION_REPRESENTATION(#4,#10);
#4 = PRODUCT_DEFINITION_SHAPE('','',#5);
#5 = PRODUCT_DEFINITION('design','',#6,#9);
#6 = PRODUCT_DEFINITION_FORMATION_WITH_SPECIFIED_SOURCE('','',#7,
  .NOT_KNOWN.);
#7 = PRODUCT('Open CASCADE STEP translator 7.8 6',
  'Open CASCADE STEP translator 7.8 6','',(#8));
#8 = MECHANICAL_CONTEXT('',#2,'mechanical');
#9 = DESIGN_CONTEXT('',#2,'design');
#10 = ADVANCED_BREP_SHAPE_REPRESENTATION('',(#11,#15),#3003);
#11 = AXIS2_PLACEMENT_3D('',#12,#13,#14);
#12 = CARTESIAN_POINT('',(0.,0.,0.));
#13 = DIRECTION('',(0.,0.,1.));
#14 = DIRECTION('',(1.,0.,-0.));
#15 = MANIFOLD_SOLID_BREP('',#16);
#16 = CLOSED_SHELL('',(#17,#132,#247,#356,#443,#519,#568,#615,#664,#723,
    #832,#903,#1040,#1094,#1143,#1199,#1274,#1323,#1372,#1421,#1448,
    #1507,#1564,#1616,#1692,#1740,#1747,#1755,#1887,#1914,#1968,#2051,
    #2132,#2215,#2247,#2318,#2345,#2428,#2455,#2526,#2604,#2680,#2762,
    #2809,#2836,#2863,#2870,#2942,#2969,#2996));
#17 = ADVANCED_FACE('',(#18),#32,.F.);
#18 = FACE_BOUND('',#19,.F.);
#19 = EDGE_LOOP('',(#20,#55,#83,#111));
#20 = ORIENTED_EDGE('',*,*,#21,.T.);
#21 = EDGE_CURVE('',#22,#24,#26,.T.);
#22 = VERTEX_POINT('',#23);
#23 = CARTESIAN_POINT('',(-9.375E-02,1.003082411144E-17,0.421628289474)
  );
#24 = VERTEX_POINT('',#25);
#25 = CARTESIAN_POINT('',(-9.375E-02,1.578646264526E-17,0.2578125));
#26 = SURFACE_CURVE('',#27,(#31,#43),.PCURVE_S1.);
#27 = LINE('',#28,#29);
#28 = CARTESIAN_POINT('',(-9.375E-02,1.003082411144E-17,0.421628289474)
  );
#29 = VECTOR('',#30,1.);
#30 = DIRECTION('',(-8.471581312401E-17,-6.123233995737E-17,-1.));
#31 = PCURVE('',#32,#37);
#32 = PLANE('',#33);
#33 = AXIS2_PLACEMENT_3D('',#34,#35,#36);
#34 = CARTESIAN_POINT('',(-0.2265625,0.,0.2578125));
#35 = DIRECTION('',(6.123233995737E-17,-1.,6.123233995737E-17));
#36 = DIRECTION('',(1.,6.123233995737E-17,-6.123233995737E-17));
#37 = DEFINITIONAL_REPRESENTATION('',(#38),#42);
#38 = LINE('',#39,#40);
#39 = CARTESIAN_POINT('',(0.1328125,0.163815789474));
#40 = VECTOR('',#41,1.);
#41 = DIRECTION('',(-2.348347316664E-17,-1.));
#42 = ( GEOMETRIC_REPRESENTATION_CONTEXT(2) 
PARAMETRIC_REPRESENTATION_CONTEXT() REPRESENTATION_CONTEXT('2D SPACE',''
  ) );
#43 = PCURVE('',#44,#49);
#44 = PLANE('',#45);
#45 = AXIS2_PLACEMENT_3D('',#46,#47,#48);
#46 = CARTESIAN_POINT('',(-0.2265625,0.,0.2578125));
#47 = DIRECTION('',(6.123233995737E-17,-1.,6.123233995737E-17));
#48 = DIRECTION('',(1.,6.123233995737E-17,-6.123233995737E-17));
#49 = DEFINITIONAL_REPRESENTATION('',(#50),#54);
#50 = LINE('',#51,#52);
#51 = CARTESIAN_POINT('',(0.1328125,0.163815789474));
#52 = VECTOR('',#53,1.);
#53 = DIRECTION('',(-2.348347316664E-17,-1.));
#54 = ( GEOMETRIC_REPRESENTATION_CONTEXT(2) 
PARAMETRIC_REPRESENTATION_CONTEXT() REPRESENTATION_CONTEXT('2D SPACE',''
  ) );
#55 = ORIENTED_EDGE('',*,*,#56,.T.);
#56 = EDGE_CURVE('',#24,#57,#59,.T.);
#57 = VERTEX_POINT('',#58);
#58 = CARTESIAN_POINT('',(-8.667763157895E-02,8.56547781805E-18,
    0.2578125));
#59 = SURFACE_CURVE('',#60,(#64,#71),.PCURVE_S1.);
#60 = LINE('',#61,#62);
#61 = CARTESIAN_POINT('',(-0.2265625,0.,0.2578125));
#62 = VECTOR('',#63,1.);
#63 = DIRECTION('',(1.,6.123233995737E-17,0.));
#64 = PCURVE('',#32,#65);
#65 = DEFINITIONAL_REPRESENTATION('',(#66),#70);
#66 = LINE('',#67,#68);
#67 = CARTESIAN_POINT('',(0.,0.));
#68 = VECTOR('',#69,1.);
#69 = DIRECTION('',(1.,6.123233995737E-17));
#70 = ( GEOMETRIC_REPRESENTATION_CONTEXT(2) 
PARAMETRIC_REPRESENTATION_CONTEXT() REPRESENTATION_CONTEXT('2D SPACE',''
  ) );
#71 = PCURVE('',#72,#77);
#72 = PLANE('',#73);
#73 = AXIS2_PLACEMENT_3D('',#74,#75,#76);
#74 = CARTESIAN_POINT('',(-9.375E-02,0.,0.));
#75 = DIRECTION('',(6.123233995737E-17,-1.,6.123233995737E-17));
#76 = DIRECTION('',(1.,6.123233995737E-17,-6.123233995737E-17));
#77 = DEFINITIONAL_REPRESENTATION('',(#78),#82);
#78 = LINE('',#79,#80);
#79 = CARTESIAN_POINT('',(-0.1328125,0.2578125));
#80 = VECTOR('',#81,1.);
#81 = DIRECTION('',(1.,6.123233995737E-17));
#82 = ( GEOMETRIC_REPRESENTATION_CONTEXT(2) 
PARAMETRIC_REPRESENTATION_CONTEXT() REPRESENTATION_CONTEXT('2D SPACE',''
  ) );
#83 = ORIENTED_EDGE('',*,*,#84,.T.);
#84 = EDGE_CURVE('',#57,#85,#87,.T.);
#85 = VERTEX_POINT('',#86);
#86 = CARTESIAN_POINT('',(-8.667763157895E-02,1.453009185419E-17,
    0.421628289474));
#87 = SURFACE_CURVE('',#88,(#92,#99),.PCURVE_S1.);
#88 = LINE('',#89,#90);
#89 = CARTESIAN_POINT('',(-8.667763157895E-02,8.56547781805E-18,
    0.2578125));
#90 = VECTOR('',#91,1.);
#91 = DIRECTION('',(0.,6.123233995737E-17,1.));
#92 = PCURVE('',#32,#93);
#93 = DEFINITIONAL_REPRESENTATION('',(#94),#98);
#94 = LINE('',#95,#96);
#95 = CARTESIAN_POINT('',(0.139884868421,8.56547781805E-18));
#96 = VECTOR('',#97,1.);
#97 = DIRECTION('',(-6.123233995737E-17,1.));
#98 = ( GEOMETRIC_REPRESENTATION_CONTEXT(2) 
PARAMETRIC_REPRESENTATION_CONTEXT() REPRESENTATION_CONTEXT('2D SPACE',''
  ) );
#99 = PCURVE('',#100,#105);
#100 = PLANE('',#101);
#101 = AXIS2_PLACEMENT_3D('',#102,#103,#104);
#102 = CARTESIAN_POINT('',(-9.375E-02,0.,0.2578125));
#103 = DIRECTION('',(6.123233995737E-17,-1.,6.123233995737E-17));
#104 = DIRECTION('',(1.,6.123233995737E-17,-6.123233995737E-17));
#105 = DEFINITIONAL_REPRESENTATION('',(#106),#110);
#106 = LINE('',#107,#108);
#107 = CARTESIAN_POINT('',(7.072368421053E-03,4.330576674616E-19));
#108 = VECTOR('',#109,1.);
#109 = DIRECTION('',(-6.123233995737E-17,1.));
#110 = ( GEOMETRIC_REPRESENTATION_CONTEXT(2) 
PARAMETRIC_REPRESENTATION_CONTEXT() REPRESENTATION_CONTEXT('2D SPACE',''
  ) );
#111 = ORIENTED_EDGE('',*,*,#112,.T.);
#112 = EDGE_CURVE('',#85,#22,#113,.T.);
#113 = SURFACE_CURVE('',#114,(#118,#125),.PCURVE_S1.);
#114 = LINE('',#115,#116);
#115 = CARTESIAN_POINT('',(9.375E-02,2.151188785344E-17,0.421628289474)
  );
#116 = VECTOR('',#117,1.);
#117 = DIRECTION('',(-1.,-6.123233995737E-17,0.));
#118 = PCURVE('',#32,#119);
#119 = DEFINITIONAL_REPRESENTATION('',(#120),#124);
#120 = LINE('',#121,#122);
#121 = CARTESIAN_POINT('',(0.3203125,0.163815789474));
#122 = VECTOR('',#123,1.);
#123 = DIRECTION('',(-1.,-6.123233995737E-17));
#124 = ( GEOMETRIC_REPRESENTATION_CONTEXT(2) 
PARAMETRIC_REPRESENTATION_CONTEXT() REPRESENTATION_CONTEXT('2D SPACE',''
  ) );
#125 = PCURVE('',#44,#126);
#126 = DEFINITIONAL_REPRESENTATION('',(#127),#131);
#127 = LINE('',#128,#129);
#128 = CARTESIAN_POINT('',(0.3203125,0.163815789474));
#129 = VECTOR('',#130,1.);
#130 = DIRECTION('',(-1.,-6.123233995737E-17));
#131 = ( GEOMETRIC_REPRESENTATION_CONTEXT(2) 
PARAMETRIC_REPRESENTATION_CONTEXT() REPRESENTATION_CONTEXT('2D SPACE',''
  ) );
#132 = ADVANCED_FACE('',(#133),#44,.F.);
#133 = FACE_BOUND('',#134,.F.);
#134 = EDGE_LOOP('',(#135,#165,#191,#192,#193,#221));
#135 = ORIENTED_EDGE('',*,*,#136,.T.);
#136 = EDGE_CURVE('',#137,#139,#141,.T.);
#137 = VERTEX_POINT('',#138);
#138 = CARTESIAN_POINT('',(-0.2265625,1.004593077426E-17,0.421875));
#139 = VERTEX_POINT('',#140);
#140 = CARTESIAN_POINT('',(-0.2265625,0.,0.2578125));
#141 = SURFACE_CURVE('',#142,(#146,#153),.PCURVE_S1.);
#142 = LINE('',#143,#144);
#143 = CARTESIAN_POINT('',(-0.2265625,1.004593077426E-17,0.421875));
#144 = VECTOR('',#145,1.);
#145 = DIRECTION('',(0.,-6.123233995737E-17,-1.));
#146 = PCURVE('',#44,#147);
#147 = DEFINITIONAL_REPRESENTATION('',(#148),#152);
#148 = LINE('',#149,#150);
#149 = CARTESIAN_POINT('',(-1.004593077426E-17,0.1640625));
#150 = VECTOR('',#151,1.);
#151 = DIRECTION('',(6.123233995737E-17,-1.));
#152 = ( GEOMETRIC_REPRESENTATION_CONTEXT(2) 
PARAMETRIC_REPRESENTATION_CONTEXT() REPRESENTATION_CONTEXT('2D SPACE',''
  ) );
#153 = PCURVE('',#154,#159);
#154 = PLANE('',#155);
#155 = AXIS2_PLACEMENT_3D('',#156,#157,#158);
#156 = CARTESIAN_POINT('',(-0.2265625,1.004593077426E-17,0.421875));
#157 = DIRECTION('',(1.,6.123233995737E-17,-3.749399456655E-33));
#158 = DIRECTION('',(0.,-6.123233995737E-17,-1.));
#159 = DEFINITIONAL_REPRESENTATION('',(#160),#164);
#160 = LINE('',#161,#162);
#161 = CARTESIAN_POINT('',(0.,0.));
#162 = VECTOR('',#163,1.);
#163 = DIRECTION('',(1.,0.));
#164 = ( GEOMETRIC_REPRESENTATION_CONTEXT(2) 
PARAMETRIC_REPRESENTATION_CONTEXT() REPRESENTATION_CONTEXT('2D SPACE',''
  ) );
#165 = ORIENTED_EDGE('',*,*,#166,.T.);
#166 = EDGE_CURVE('',#139,#24,#167,.T.);
#167 = SURFACE_CURVE('',#168,(#172,#179),.PCURVE_S1.);
#168 = LINE('',#169,#170);
#169 = CARTESIAN_POINT('',(-0.2265625,0.,0.2578125));
#170 = VECTOR('',#171,1.);
#171 = DIRECTION('',(1.,6.123233995737E-17,0.));
#172 = PCURVE('',#44,#173);
#173 = DEFINITIONAL_REPRESENTATION('',(#174),#178);
#174 = LINE('',#175,#176);
#175 = CARTESIAN_POINT('',(0.,0.));
#176 = VECTOR('',#177,1.);
#177 = DIRECTION('',(1.,6.123233995737E-17));
#178 = ( GEOMETRIC_REPRESENTATION_CONTEXT(2) 
PARAMETRIC_REPRESENTATION_CONTEXT() REPRESENTATION_CONTEXT('2D SPACE',''
  ) );
#179 = PCURVE('',#180,#185);
#180 = PLANE('',#181);
#181 = AXIS2_PLACEMENT_3D('',#182,#183,#184);
#182 = CARTESIAN_POINT('',(-0.2265625,0.,0.2578125));
#183 = DIRECTION('',(-3.749399456655E-33,6.123233995737E-17,1.));
#184 = DIRECTION('',(1.,6.123233995737E-17,0.));
#185 = DEFINITIONAL_REPRESENTATION('',(#186),#190);
#186 = LINE('',#187,#188);
#187 = CARTESIAN_POINT('',(0.,0.));
#188 = VECTOR('',#189,1.);
#189 = DIRECTION('',(1.,0.));
#190 = ( GEOMETRIC_REPRESENTATION_CONTEXT(2) 
PARAMETRIC_REPRESENTATION_CONTEXT() REPRESENTATION_CONTEXT('2D SPACE',''
  ) );
#191 = ORIENTED_EDGE('',*,*,#21,.F.);
#192 = ORIENTED_EDGE('',*,*,#112,.F.);
#193 = ORIENTED_EDGE('',*,*,#194,.T.);
#194 = EDGE_CURVE('',#85,#195,#197,.T.);
#195 = VERTEX_POINT('',#196);
#196 = CARTESIAN_POINT('',(-8.667763157895E-02,1.861140859231E-17,
    0.421875));
#197 = SURFACE_CURVE('',#198,(#202,#209),.PCURVE_S1.);
#198 = LINE('',#199,#200);
#199 = CARTESIAN_POINT('',(-8.667763157895E-02,8.56547781805E-18,
    0.2578125));
#200 = VECTOR('',#201,1.);
#201 = DIRECTION('',(0.,6.123233995737E-17,1.));
#202 = PCURVE('',#44,#203);
#203 = DEFINITIONAL_REPRESENTATION('',(#204),#208);
#204 = LINE('',#205,#206);
#205 = CARTESIAN_POINT('',(0.139884868421,8.56547781805E-18));
#206 = VECTOR('',#207,1.);
#207 = DIRECTION('',(-6.123233995737E-17,1.));
#208 = ( GEOMETRIC_REPRESENTATION_CONTEXT(2) 
PARAMETRIC_REPRESENTATION_CONTEXT() REPRESENTATION_CONTEXT('2D SPACE',''
  ) );
#209 = PCURVE('',#210,#215);
#210 = PLANE('',#211);
#211 = AXIS2_PLACEMENT_3D('',#212,#213,#214);
#212 = CARTESIAN_POINT('',(-8.667763157895E-02,8.56547781805E-18,
    0.2578125));
#213 = DIRECTION('',(-1.,-6.123233995737E-17,3.749399456655E-33));
#214 = DIRECTION('',(0.,6.123233995737E-17,1.));
#215 = DEFINITIONAL_REPRESENTATION('',(#216),#220);
#216 = LINE('',#217,#218);
#217 = CARTESIAN_POINT('',(0.,0.));
#218 = VECTOR('',#219,1.);
#219 = DIRECTION('',(1.,0.));
#220 = ( GEOMETRIC_REPRESENTATION_CONTEXT(2) 
PARAMETRIC_REPRESENTATION_CONTEXT() REPRESENTATION_CONTEXT('2D SPACE',''
  ) );
#221 = ORIENTED_EDGE('',*,*,#222,.T.);
#222 = EDGE_CURVE('',#195,#137,#223,.T.);
#223 = SURFACE_CURVE('',#224,(#228,#235),.PCURVE_S1.);
#224 = LINE('',#225,#226);
#225 = CARTESIAN_POINT('',(-8.667763157895E-02,1.861140859231E-17,
    0.421875));
#226 = VECTOR('',#227,1.);
#227 = DIRECTION('',(-1.,-6.123233995737E-17,0.));
#228 = PCURVE('',#44,#229);
#229 = DEFINITIONAL_REPRESENTATION('',(#230),#234);
#230 = LINE('',#231,#232);
#231 = CARTESIAN_POINT('',(0.139884868421,0.1640625));
#232 = VECTOR('',#233,1.);
#233 = DIRECTION('',(-1.,-6.123233995737E-17));
#234 = ( GEOMETRIC_REPRESENTATION_CONTEXT(2) 
PARAMETRIC_REPRESENTATION_CONTEXT() REPRESENTATION_CONTEXT('2D SPACE',''
  ) );
#235 = PCURVE('',#236,#241);
#236 = PLANE('',#237);
#237 = AXIS2_PLACEMENT_3D('',#238,#239,#240);
#238 = CARTESIAN_POINT('',(-8.667763157895E-02,1.861140859231E-17,
    0.421875));
#239 = DIRECTION('',(3.749399456655E-33,-6.123233995737E-17,-1.));
#240 = DIRECTION('',(-1.,-6.123233995737E-17,0.));
#241 = DEFINITIONAL_REPRESENTATION('',(#242),#246);
#242 = LINE('',#243,#244);
#243 = CARTESIAN_POINT('',(0.,0.));
#244 = VECTOR('',#245,1.);
#245 = DIRECTION('',(1.,0.));
#246 = ( GEOMETRIC_REPRESENTATION_CONTEXT(2) 
PARAMETRIC_REPRESENTATION_CONTEXT() REPRESENTATION_CONTEXT('2D SPACE',''
  ) );
#247 = ADVANCED_FACE('',(#248),#100,.F.);
#248 = FACE_BOUND('',#249,.F.);
#249 = EDGE_LOOP('',(#250,#251,#274,#302,#330));
#250 = ORIENTED_EDGE('',*,*,#84,.F.);
#251 = ORIENTED_EDGE('',*,*,#252,.F.);
#252 = EDGE_CURVE('',#253,#57,#255,.T.);
#253 = VERTEX_POINT('',#254);
#254 = CARTESIAN_POINT('',(9.078947368421E-02,2.708624643344E-17,
    0.2578125));
#255 = SURFACE_CURVE('',#256,(#260,#267),.PCURVE_S1.);
#256 = LINE('',#257,#258);
#257 = CARTESIAN_POINT('',(9.078947368421E-02,2.708624643344E-17,
    0.2578125));
#258 = VECTOR('',#259,1.);
#259 = DIRECTION('',(-1.,-6.123233995737E-17,0.));
#260 = PCURVE('',#100,#261);
#261 = DEFINITIONAL_REPRESENTATION('',(#262),#266);
#262 = LINE('',#263,#264);
#263 = CARTESIAN_POINT('',(0.184539473684,1.129978378819E-17));
#264 = VECTOR('',#265,1.);
#265 = DIRECTION('',(-1.,-6.123233995737E-17));
#266 = ( GEOMETRIC_REPRESENTATION_CONTEXT(2) 
PARAMETRIC_REPRESENTATION_CONTEXT() REPRESENTATION_CONTEXT('2D SPACE',''
  ) );
#267 = PCURVE('',#72,#268);
#268 = DEFINITIONAL_REPRESENTATION('',(#269),#273);
#269 = LINE('',#270,#271);
#270 = CARTESIAN_POINT('',(0.184539473684,0.2578125));
#271 = VECTOR('',#272,1.);
#272 = DIRECTION('',(-1.,-6.123233995737E-17));
#273 = ( GEOMETRIC_REPRESENTATION_CONTEXT(2) 
PARAMETRIC_REPRESENTATION_CONTEXT() REPRESENTATION_CONTEXT('2D SPACE',''
  ) );
#274 = ORIENTED_EDGE('',*,*,#275,.T.);
#275 = EDGE_CURVE('',#253,#276,#278,.T.);
#276 = VERTEX_POINT('',#277);
#277 = CARTESIAN_POINT('',(9.375E-02,3.827021247335E-18,0.2578125));
#278 = SURFACE_CURVE('',#279,(#283,#290),.PCURVE_S1.);
#279 = LINE('',#280,#281);
#280 = CARTESIAN_POINT('',(-9.375E-02,0.,0.2578125));
#281 = VECTOR('',#282,1.);
#282 = DIRECTION('',(1.,6.123233995737E-17,0.));
#283 = PCURVE('',#100,#284);
#284 = DEFINITIONAL_REPRESENTATION('',(#285),#289);
#285 = LINE('',#286,#287);
#286 = CARTESIAN_POINT('',(0.,0.));
#287 = VECTOR('',#288,1.);
#288 = DIRECTION('',(1.,6.123233995737E-17));
#289 = ( GEOMETRIC_REPRESENTATION_CONTEXT(2) 
PARAMETRIC_REPRESENTATION_CONTEXT() REPRESENTATION_CONTEXT('2D SPACE',''
  ) );
#290 = PCURVE('',#291,#296);
#291 = PLANE('',#292);
#292 = AXIS2_PLACEMENT_3D('',#293,#294,#295);
#293 = CARTESIAN_POINT('',(-9.375E-02,0.,0.2578125));
#294 = DIRECTION('',(-3.749399456655E-33,6.123233995737E-17,1.));
#295 = DIRECTION('',(1.,6.123233995737E-17,0.));
#296 = DEFINITIONAL_REPRESENTATION('',(#297),#301);
#297 = LINE('',#298,#299);
#298 = CARTESIAN_POINT('',(0.,0.));
#299 = VECTOR('',#300,1.);
#300 = DIRECTION('',(1.,0.));
#301 = ( GEOMETRIC_REPRESENTATION_CONTEXT(2) 
PARAMETRIC_REPRESENTATION_CONTEXT() REPRESENTATION_CONTEXT('2D SPACE',''
  ) );
#302 = ORIENTED_EDGE('',*,*,#303,.F.);
#303 = EDGE_CURVE('',#304,#276,#306,.T.);
#304 = VERTEX_POINT('',#305);
#305 = CARTESIAN_POINT('',(9.375E-02,2.151188785344E-17,0.421628289474)
  );
#306 = SURFACE_CURVE('',#307,(#311,#318),.PCURVE_S1.);
#307 = LINE('',#308,#309);
#308 = CARTESIAN_POINT('',(9.375E-02,1.004593077426E-17,0.421875));
#309 = VECTOR('',#310,1.);
#310 = DIRECTION('',(-8.458842092382E-17,-6.123233995737E-17,-1.));
#311 = PCURVE('',#100,#312);
#312 = DEFINITIONAL_REPRESENTATION('',(#313),#317);
#313 = LINE('',#314,#315);
#314 = CARTESIAN_POINT('',(0.1875,0.1640625));
#315 = VECTOR('',#316,1.);
#316 = DIRECTION('',(-2.335608096645E-17,-1.));
#317 = ( GEOMETRIC_REPRESENTATION_CONTEXT(2) 
PARAMETRIC_REPRESENTATION_CONTEXT() REPRESENTATION_CONTEXT('2D SPACE',''
  ) );
#318 = PCURVE('',#319,#324);
#319 = PLANE('',#320);
#320 = AXIS2_PLACEMENT_3D('',#321,#322,#323);
#321 = CARTESIAN_POINT('',(9.375E-02,0.,0.2578125));
#322 = DIRECTION('',(6.123233995737E-17,-1.,6.123233995737E-17));
#323 = DIRECTION('',(1.,6.123233995737E-17,-6.123233995737E-17));
#324 = DEFINITIONAL_REPRESENTATION('',(#325),#329);
#325 = LINE('',#326,#327);
#326 = CARTESIAN_POINT('',(3.831857033559E-18,0.1640625));
#327 = VECTOR('',#328,1.);
#328 = DIRECTION('',(-2.335608096645E-17,-1.));
#329 = ( GEOMETRIC_REPRESENTATION_CONTEXT(2) 
PARAMETRIC_REPRESENTATION_CONTEXT() REPRESENTATION_CONTEXT('2D SPACE',''
  ) );
#330 = ORIENTED_EDGE('',*,*,#331,.T.);
#331 = EDGE_CURVE('',#304,#85,#332,.T.);
#332 = SURFACE_CURVE('',#333,(#337,#344),.PCURVE_S1.);
#333 = LINE('',#334,#335);
#334 = CARTESIAN_POINT('',(9.375E-02,2.151188785344E-17,0.421628289474)
  );
#335 = VECTOR('',#336,1.);
#336 = DIRECTION('',(-1.,-6.123233995737E-17,0.));
#337 = PCURVE('',#100,#338);
#338 = DEFINITIONAL_REPRESENTATION('',(#339),#343);
#339 = LINE('',#340,#341);
#340 = CARTESIAN_POINT('',(0.1875,0.163815789474));
#341 = VECTOR('',#342,1.);
#342 = DIRECTION('',(-1.,-6.123233995737E-17));
#343 = ( GEOMETRIC_REPRESENTATION_CONTEXT(2) 
PARAMETRIC_REPRESENTATION_CONTEXT() REPRESENTATION_CONTEXT('2D SPACE',''
  ) );
#344 = PCURVE('',#345,#350);
#345 = PLANE('',#346);
#346 = AXIS2_PLACEMENT_3D('',#347,#348,#349);
#347 = CARTESIAN_POINT('',(9.375E-02,2.151188785344E-17,0.421628289474)
  );
#348 = DIRECTION('',(3.749399456655E-33,-6.123233995737E-17,-1.));
#349 = DIRECTION('',(-1.,-6.123233995737E-17,0.));
#350 = DEFINITIONAL_REPRESENTATION('',(#351),#355);
#351 = LINE('',#352,#353);
#352 = CARTESIAN_POINT('',(0.,0.));
#353 = VECTOR('',#354,1.);
#354 = DIRECTION('',(1.,0.));
#355 = ( GEOMETRIC_REPRESENTATION_CONTEXT(2) 
PARAMETRIC_REPRESENTATION_CONTEXT() REPRESENTATION_CONTEXT('2D SPACE',''
  ) );
#356 = ADVANCED_FACE('',(#357),#72,.F.);
#357 = FACE_BOUND('',#358,.F.);
#358 = EDGE_LOOP('',(#359,#389,#415,#416,#417));
#359 = ORIENTED_EDGE('',*,*,#360,.F.);
#360 = EDGE_CURVE('',#361,#363,#365,.T.);
#361 = VERTEX_POINT('',#362);
#362 = CARTESIAN_POINT('',(9.078947368421E-02,2.182409221836E-17,
    -3.766594596062E-18));
#363 = VERTEX_POINT('',#364);
#364 = CARTESIAN_POINT('',(-9.375E-02,1.052430843017E-17,0.));
#365 = SURFACE_CURVE('',#366,(#370,#377),.PCURVE_S1.);
#366 = LINE('',#367,#368);
#367 = CARTESIAN_POINT('',(9.078947368421E-02,2.708624643344E-17,0.));
#368 = VECTOR('',#369,1.);
#369 = DIRECTION('',(-1.,-6.123233995737E-17,0.));
#370 = PCURVE('',#72,#371);
#371 = DEFINITIONAL_REPRESENTATION('',(#372),#376);
#372 = LINE('',#373,#374);
#373 = CARTESIAN_POINT('',(0.184539473684,1.129978378819E-17));
#374 = VECTOR('',#375,1.);
#375 = DIRECTION('',(-1.,-6.123233995737E-17));
#376 = ( GEOMETRIC_REPRESENTATION_CONTEXT(2) 
PARAMETRIC_REPRESENTATION_CONTEXT() REPRESENTATION_CONTEXT('2D SPACE',''
  ) );
#377 = PCURVE('',#378,#383);
#378 = PLANE('',#379);
#379 = AXIS2_PLACEMENT_3D('',#380,#381,#382);
#380 = CARTESIAN_POINT('',(-9.375E-02,0.,-0.2578125));
#381 = DIRECTION('',(6.123233995737E-17,-1.,6.123233995737E-17));
#382 = DIRECTION('',(1.,6.123233995737E-17,-6.123233995737E-17));
#383 = DEFINITIONAL_REPRESENTATION('',(#384),#388);
#384 = LINE('',#385,#386);
#385 = CARTESIAN_POINT('',(0.184539473684,0.2578125));
#386 = VECTOR('',#387,1.);
#387 = DIRECTION('',(-1.,-6.123233995737E-17));
#388 = ( GEOMETRIC_REPRESENTATION_CONTEXT(2) 
PARAMETRIC_REPRESENTATION_CONTEXT() REPRESENTATION_CONTEXT('2D SPACE',''
  ) );
#389 = ORIENTED_EDGE('',*,*,#390,.T.);
#390 = EDGE_CURVE('',#361,#253,#391,.T.);
#391 = SURFACE_CURVE('',#392,(#396,#403),.PCURVE_S1.);
#392 = LINE('',#393,#394);
#393 = CARTESIAN_POINT('',(9.078947368421E-02,1.129978378819E-17,
    -1.129978378819E-17));
#394 = VECTOR('',#395,1.);
#395 = DIRECTION('',(1.076579902667E-16,6.123233995737E-17,1.));
#396 = PCURVE('',#72,#397);
#397 = DEFINITIONAL_REPRESENTATION('',(#398),#402);
#398 = LINE('',#399,#400);
#399 = CARTESIAN_POINT('',(0.184539473684,0.));
#400 = VECTOR('',#401,1.);
#401 = DIRECTION('',(4.642565030931E-17,1.));
#402 = ( GEOMETRIC_REPRESENTATION_CONTEXT(2) 
PARAMETRIC_REPRESENTATION_CONTEXT() REPRESENTATION_CONTEXT('2D SPACE',''
  ) );
#403 = PCURVE('',#404,#409);
#404 = PLANE('',#405);
#405 = AXIS2_PLACEMENT_3D('',#406,#407,#408);
#406 = CARTESIAN_POINT('',(9.078947368421E-02,1.129978378819E-17,
    -1.129978378819E-17));
#407 = DIRECTION('',(-1.,-6.123233995737E-17,1.076579902667E-16));
#408 = DIRECTION('',(1.076579902667E-16,6.123233995737E-17,1.));
#409 = DEFINITIONAL_REPRESENTATION('',(#410),#414);
#410 = LINE('',#411,#412);
#411 = CARTESIAN_POINT('',(0.,0.));
#412 = VECTOR('',#413,1.);
#413 = DIRECTION('',(1.,0.));
#414 = ( GEOMETRIC_REPRESENTATION_CONTEXT(2) 
PARAMETRIC_REPRESENTATION_CONTEXT() REPRESENTATION_CONTEXT('2D SPACE',''
  ) );
#415 = ORIENTED_EDGE('',*,*,#252,.T.);
#416 = ORIENTED_EDGE('',*,*,#56,.F.);
#417 = ORIENTED_EDGE('',*,*,#418,.T.);
#418 = EDGE_CURVE('',#24,#363,#419,.T.);
#419 = SURFACE_CURVE('',#420,(#424,#431),.PCURVE_S1.);
#420 = LINE('',#421,#422);
#421 = CARTESIAN_POINT('',(-9.375E-02,1.578646264526E-17,0.2578125));
#422 = VECTOR('',#423,1.);
#423 = DIRECTION('',(-5.382899513334E-17,-6.123233995737E-17,-1.));
#424 = PCURVE('',#72,#425);
#425 = DEFINITIONAL_REPRESENTATION('',(#426),#430);
#426 = LINE('',#427,#428);
#427 = CARTESIAN_POINT('',(-1.908674837444E-18,0.2578125));
#428 = VECTOR('',#429,1.);
#429 = DIRECTION('',(7.403344824027E-18,-1.));
#430 = ( GEOMETRIC_REPRESENTATION_CONTEXT(2) 
PARAMETRIC_REPRESENTATION_CONTEXT() REPRESENTATION_CONTEXT('2D SPACE',''
  ) );
#431 = PCURVE('',#432,#437);
#432 = PLANE('',#433);
#433 = AXIS2_PLACEMENT_3D('',#434,#435,#436);
#434 = CARTESIAN_POINT('',(-9.375E-02,1.578646264526E-17,0.2578125));
#435 = DIRECTION('',(1.,6.123233995737E-17,-5.382899513334E-17));
#436 = DIRECTION('',(-5.382899513334E-17,-6.123233995737E-17,-1.));
#437 = DEFINITIONAL_REPRESENTATION('',(#438),#442);
#438 = LINE('',#439,#440);
#439 = CARTESIAN_POINT('',(-0.,0.));
#440 = VECTOR('',#441,1.);
#441 = DIRECTION('',(1.,0.));
#442 = ( GEOMETRIC_REPRESENTATION_CONTEXT(2) 
PARAMETRIC_REPRESENTATION_CONTEXT() REPRESENTATION_CONTEXT('2D SPACE',''
  ) );
#443 = ADVANCED_FACE('',(#444),#154,.F.);
#444 = FACE_BOUND('',#445,.F.);
#445 = EDGE_LOOP('',(#446,#469,#497,#518));
#446 = ORIENTED_EDGE('',*,*,#447,.T.);
#447 = EDGE_CURVE('',#137,#448,#450,.T.);
#448 = VERTEX_POINT('',#449);
#449 = CARTESIAN_POINT('',(-0.2265625,-8.59375E-02,0.421875));
#450 = SURFACE_CURVE('',#451,(#455,#462),.PCURVE_S1.);
#451 = LINE('',#452,#453);
#452 = CARTESIAN_POINT('',(-0.2265625,1.004593077426E-17,0.421875));
#453 = VECTOR('',#454,1.);
#454 = DIRECTION('',(6.123233995737E-17,-1.,6.123233995737E-17));
#455 = PCURVE('',#154,#456);
#456 = DEFINITIONAL_REPRESENTATION('',(#457),#461);
#457 = LINE('',#458,#459);
#458 = CARTESIAN_POINT('',(0.,0.));
#459 = VECTOR('',#460,1.);
#460 = DIRECTION('',(0.,-1.));
#461 = ( GEOMETRIC_REPRESENTATION_CONTEXT(2) 
PARAMETRIC_REPRESENTATION_CONTEXT() REPRESENTATION_CONTEXT('2D SPACE',''
  ) );
#462 = PCURVE('',#236,#463);
#463 = DEFINITIONAL_REPRESENTATION('',(#464),#468);
#464 = LINE('',#465,#466);
#465 = CARTESIAN_POINT('',(0.139884868421,0.));
#466 = VECTOR('',#467,1.);
#467 = DIRECTION('',(1.232595164408E-32,-1.));
#468 = ( GEOMETRIC_REPRESENTATION_CONTEXT(2) 
PARAMETRIC_REPRESENTATION_CONTEXT() REPRESENTATION_CONTEXT('2D SPACE',''
  ) );
#469 = ORIENTED_EDGE('',*,*,#470,.T.);
#470 = EDGE_CURVE('',#448,#471,#473,.T.);
#471 = VERTEX_POINT('',#472);
#472 = CARTESIAN_POINT('',(-0.2265625,-8.59375E-02,0.2578125));
#473 = SURFACE_CURVE('',#474,(#478,#485),.PCURVE_S1.);
#474 = LINE('',#475,#476);
#475 = CARTESIAN_POINT('',(-0.2265625,-8.59375E-02,0.421875));
#476 = VECTOR('',#477,1.);
#477 = DIRECTION('',(0.,-6.123233995737E-17,-1.));
#478 = PCURVE('',#154,#479);
#479 = DEFINITIONAL_REPRESENTATION('',(#480),#484);
#480 = LINE('',#481,#482);
#481 = CARTESIAN_POINT('',(5.262154215086E-18,-8.59375E-02));
#482 = VECTOR('',#483,1.);
#483 = DIRECTION('',(1.,0.));
#484 = ( GEOMETRIC_REPRESENTATION_CONTEXT(2) 
PARAMETRIC_REPRESENTATION_CONTEXT() REPRESENTATION_CONTEXT('2D SPACE',''
  ) );
#485 = PCURVE('',#486,#491);
#486 = PLANE('',#487);
#487 = AXIS2_PLACEMENT_3D('',#488,#489,#490);
#488 = CARTESIAN_POINT('',(-0.2265625,-8.59375E-02,0.2578125));
#489 = DIRECTION('',(6.123233995737E-17,-1.,6.123233995737E-17));
#490 = DIRECTION('',(1.,6.123233995737E-17,-6.123233995737E-17));
#491 = DEFINITIONAL_REPRESENTATION('',(#492),#496);
#492 = LINE('',#493,#494);
#493 = CARTESIAN_POINT('',(-1.004593077426E-17,0.1640625));
#494 = VECTOR('',#495,1.);
#495 = DIRECTION('',(6.123233995737E-17,-1.));
#496 = ( GEOMETRIC_REPRESENTATION_CONTEXT(2) 
PARAMETRIC_REPRESENTATION_CONTEXT() REPRESENTATION_CONTEXT('2D SPACE',''
  ) );
#497 = ORIENTED_EDGE('',*,*,#498,.F.);
#498 = EDGE_CURVE('',#139,#471,#499,.T.);
#499 = SURFACE_CURVE('',#500,(#504,#511),.PCURVE_S1.);
#500 = LINE('',#501,#502);
#501 = CARTESIAN_POINT('',(-0.2265625,0.,0.2578125));
#502 = VECTOR('',#503,1.);
#503 = DIRECTION('',(6.123233995737E-17,-1.,6.123233995737E-17));
#504 = PCURVE('',#154,#505);
#505 = DEFINITIONAL_REPRESENTATION('',(#506),#510);
#506 = LINE('',#507,#508);
#507 = CARTESIAN_POINT('',(0.1640625,0.));
#508 = VECTOR('',#509,1.);
#509 = DIRECTION('',(0.,-1.));
#510 = ( GEOMETRIC_REPRESENTATION_CONTEXT(2) 
PARAMETRIC_REPRESENTATION_CONTEXT() REPRESENTATION_CONTEXT('2D SPACE',''
  ) );
#511 = PCURVE('',#180,#512);
#512 = DEFINITIONAL_REPRESENTATION('',(#513),#517);
#513 = LINE('',#514,#515);
#514 = CARTESIAN_POINT('',(0.,0.));
#515 = VECTOR('',#516,1.);
#516 = DIRECTION('',(0.,-1.));
#517 = ( GEOMETRIC_REPRESENTATION_CONTEXT(2) 
PARAMETRIC_REPRESENTATION_CONTEXT() REPRESENTATION_CONTEXT('2D SPACE',''
  ) );
#518 = ORIENTED_EDGE('',*,*,#136,.F.);
#519 = ADVANCED_FACE('',(#520),#236,.F.);
#520 = FACE_BOUND('',#521,.F.);
#521 = EDGE_LOOP('',(#522,#545,#566,#567));
#522 = ORIENTED_EDGE('',*,*,#523,.T.);
#523 = EDGE_CURVE('',#195,#524,#526,.T.);
#524 = VERTEX_POINT('',#525);
#525 = CARTESIAN_POINT('',(-8.667763157895E-02,-8.59375E-02,0.421875));
#526 = SURFACE_CURVE('',#527,(#531,#538),.PCURVE_S1.);
#527 = LINE('',#528,#529);
#528 = CARTESIAN_POINT('',(-8.667763157895E-02,1.861140859231E-17,
    0.421875));
#529 = VECTOR('',#530,1.);
#530 = DIRECTION('',(6.123233995737E-17,-1.,6.123233995737E-17));
#531 = PCURVE('',#236,#532);
#532 = DEFINITIONAL_REPRESENTATION('',(#533),#537);
#533 = LINE('',#534,#535);
#534 = CARTESIAN_POINT('',(0.,0.));
#535 = VECTOR('',#536,1.);
#536 = DIRECTION('',(1.232595164408E-32,-1.));
#537 = ( GEOMETRIC_REPRESENTATION_CONTEXT(2) 
PARAMETRIC_REPRESENTATION_CONTEXT() REPRESENTATION_CONTEXT('2D SPACE',''
  ) );
#538 = PCURVE('',#210,#539);
#539 = DEFINITIONAL_REPRESENTATION('',(#540),#544);
#540 = LINE('',#541,#542);
#541 = CARTESIAN_POINT('',(0.1640625,0.));
#542 = VECTOR('',#543,1.);
#543 = DIRECTION('',(-1.232595164408E-32,-1.));
#544 = ( GEOMETRIC_REPRESENTATION_CONTEXT(2) 
PARAMETRIC_REPRESENTATION_CONTEXT() REPRESENTATION_CONTEXT('2D SPACE',''
  ) );
#545 = ORIENTED_EDGE('',*,*,#546,.T.);
#546 = EDGE_CURVE('',#524,#448,#547,.T.);
#547 = SURFACE_CURVE('',#548,(#552,#559),.PCURVE_S1.);
#548 = LINE('',#549,#550);
#549 = CARTESIAN_POINT('',(-8.667763157895E-02,-8.59375E-02,0.421875));
#550 = VECTOR('',#551,1.);
#551 = DIRECTION('',(-1.,-6.123233995737E-17,0.));
#552 = PCURVE('',#236,#553);
#553 = DEFINITIONAL_REPRESENTATION('',(#554),#558);
#554 = LINE('',#555,#556);
#555 = CARTESIAN_POINT('',(5.262154215086E-18,-8.59375E-02));
#556 = VECTOR('',#557,1.);
#557 = DIRECTION('',(1.,0.));
#558 = ( GEOMETRIC_REPRESENTATION_CONTEXT(2) 
PARAMETRIC_REPRESENTATION_CONTEXT() REPRESENTATION_CONTEXT('2D SPACE',''
  ) );
#559 = PCURVE('',#486,#560);
#560 = DEFINITIONAL_REPRESENTATION('',(#561),#565);
#561 = LINE('',#562,#563);
#562 = CARTESIAN_POINT('',(0.139884868421,0.1640625));
#563 = VECTOR('',#564,1.);
#564 = DIRECTION('',(-1.,-6.123233995737E-17));
#565 = ( GEOMETRIC_REPRESENTATION_CONTEXT(2) 
PARAMETRIC_REPRESENTATION_CONTEXT() REPRESENTATION_CONTEXT('2D SPACE',''
  ) );
#566 = ORIENTED_EDGE('',*,*,#447,.F.);
#567 = ORIENTED_EDGE('',*,*,#222,.F.);
#568 = ADVANCED_FACE('',(#569),#210,.F.);
#569 = FACE_BOUND('',#570,.F.);
#570 = EDGE_LOOP('',(#571,#572,#593,#614));
#571 = ORIENTED_EDGE('',*,*,#194,.F.);
#572 = ORIENTED_EDGE('',*,*,#573,.T.);
#573 = EDGE_CURVE('',#85,#574,#576,.T.);
#574 = VERTEX_POINT('',#575);
#575 = CARTESIAN_POINT('',(-8.667763157895E-02,-8.59375E-02,
    0.421628289474));
#576 = SURFACE_CURVE('',#577,(#581,#587),.PCURVE_S1.);
#577 = LINE('',#578,#579);
#578 = CARTESIAN_POINT('',(-8.667763157895E-02,1.453009185419E-17,
    0.421628289474));
#579 = VECTOR('',#580,1.);
#580 = DIRECTION('',(6.123233995737E-17,-1.,6.123233995737E-17));
#581 = PCURVE('',#210,#582);
#582 = DEFINITIONAL_REPRESENTATION('',(#583),#586);
#583 = B_SPLINE_CURVE_WITH_KNOTS('',1,(#584,#585),.UNSPECIFIED.,.F.,.F.,
  (2,2),(4.066210075294E-18,8.59375E-02),.PIECEWISE_BEZIER_KNOTS.);
#584 = CARTESIAN_POINT('',(0.163815789474,-8.132420150588E-18));
#585 = CARTESIAN_POINT('',(0.163815789474,-8.59375E-02));
#586 = ( GEOMETRIC_REPRESENTATION_CONTEXT(2) 
PARAMETRIC_REPRESENTATION_CONTEXT() REPRESENTATION_CONTEXT('2D SPACE',''
  ) );
#587 = PCURVE('',#345,#588);
#588 = DEFINITIONAL_REPRESENTATION('',(#589),#592);
#589 = B_SPLINE_CURVE_WITH_KNOTS('',1,(#590,#591),.UNSPECIFIED.,.F.,.F.,
  (2,2),(4.066210075294E-18,8.59375E-02),.PIECEWISE_BEZIER_KNOTS.);
#590 = CARTESIAN_POINT('',(0.180427631579,0.));
#591 = CARTESIAN_POINT('',(0.180427631579,-8.59375E-02));
#592 = ( GEOMETRIC_REPRESENTATION_CONTEXT(2) 
PARAMETRIC_REPRESENTATION_CONTEXT() REPRESENTATION_CONTEXT('2D SPACE',''
  ) );
#593 = ORIENTED_EDGE('',*,*,#594,.T.);
#594 = EDGE_CURVE('',#574,#524,#595,.T.);
#595 = SURFACE_CURVE('',#596,(#600,#607),.PCURVE_S1.);
#596 = LINE('',#597,#598);
#597 = CARTESIAN_POINT('',(-8.667763157895E-02,-8.59375E-02,0.2578125));
#598 = VECTOR('',#599,1.);
#599 = DIRECTION('',(0.,6.123233995737E-17,1.));
#600 = PCURVE('',#210,#601);
#601 = DEFINITIONAL_REPRESENTATION('',(#602),#606);
#602 = LINE('',#603,#604);
#603 = CARTESIAN_POINT('',(-5.262154215086E-18,-8.59375E-02));
#604 = VECTOR('',#605,1.);
#605 = DIRECTION('',(1.,0.));
#606 = ( GEOMETRIC_REPRESENTATION_CONTEXT(2) 
PARAMETRIC_REPRESENTATION_CONTEXT() REPRESENTATION_CONTEXT('2D SPACE',''
  ) );
#607 = PCURVE('',#486,#608);
#608 = DEFINITIONAL_REPRESENTATION('',(#609),#613);
#609 = LINE('',#610,#611);
#610 = CARTESIAN_POINT('',(0.139884868421,8.56547781805E-18));
#611 = VECTOR('',#612,1.);
#612 = DIRECTION('',(-6.123233995737E-17,1.));
#613 = ( GEOMETRIC_REPRESENTATION_CONTEXT(2) 
PARAMETRIC_REPRESENTATION_CONTEXT() REPRESENTATION_CONTEXT('2D SPACE',''
  ) );
#614 = ORIENTED_EDGE('',*,*,#523,.F.);
#615 = ADVANCED_FACE('',(#616),#180,.F.);
#616 = FACE_BOUND('',#617,.F.);
#617 = EDGE_LOOP('',(#618,#619,#620,#643));
#618 = ORIENTED_EDGE('',*,*,#166,.F.);
#619 = ORIENTED_EDGE('',*,*,#498,.T.);
#620 = ORIENTED_EDGE('',*,*,#621,.T.);
#621 = EDGE_CURVE('',#471,#622,#624,.T.);
#622 = VERTEX_POINT('',#623);
#623 = CARTESIAN_POINT('',(-9.375E-02,-8.59375E-02,0.2578125));
#624 = SURFACE_CURVE('',#625,(#629,#636),.PCURVE_S1.);
#625 = LINE('',#626,#627);
#626 = CARTESIAN_POINT('',(-0.2265625,-8.59375E-02,0.2578125));
#627 = VECTOR('',#628,1.);
#628 = DIRECTION('',(1.,6.123233995737E-17,0.));
#629 = PCURVE('',#180,#630);
#630 = DEFINITIONAL_REPRESENTATION('',(#631),#635);
#631 = LINE('',#632,#633);
#632 = CARTESIAN_POINT('',(-5.262154215086E-18,-8.59375E-02));
#633 = VECTOR('',#634,1.);
#634 = DIRECTION('',(1.,0.));
#635 = ( GEOMETRIC_REPRESENTATION_CONTEXT(2) 
PARAMETRIC_REPRESENTATION_CONTEXT() REPRESENTATION_CONTEXT('2D SPACE',''
  ) );
#636 = PCURVE('',#486,#637);
#637 = DEFINITIONAL_REPRESENTATION('',(#638),#642);
#638 = LINE('',#639,#640);
#639 = CARTESIAN_POINT('',(0.,0.));
#640 = VECTOR('',#641,1.);
#641 = DIRECTION('',(1.,6.123233995737E-17));
#642 = ( GEOMETRIC_REPRESENTATION_CONTEXT(2) 
PARAMETRIC_REPRESENTATION_CONTEXT() REPRESENTATION_CONTEXT('2D SPACE',''
  ) );
#643 = ORIENTED_EDGE('',*,*,#644,.F.);
#644 = EDGE_CURVE('',#24,#622,#645,.T.);
#645 = SURFACE_CURVE('',#646,(#650,#657),.PCURVE_S1.);
#646 = LINE('',#647,#648);
#647 = CARTESIAN_POINT('',(-9.375E-02,1.578646264526E-17,0.2578125));
#648 = VECTOR('',#649,1.);
#649 = DIRECTION('',(6.123233995737E-17,-1.,6.123233995737E-17));
#650 = PCURVE('',#180,#651);
#651 = DEFINITIONAL_REPRESENTATION('',(#652),#656);
#652 = LINE('',#653,#654);
#653 = CARTESIAN_POINT('',(0.1328125,7.654042494671E-18));
#654 = VECTOR('',#655,1.);
#655 = DIRECTION('',(0.,-1.));
#656 = ( GEOMETRIC_REPRESENTATION_CONTEXT(2) 
PARAMETRIC_REPRESENTATION_CONTEXT() REPRESENTATION_CONTEXT('2D SPACE',''
  ) );
#657 = PCURVE('',#432,#658);
#658 = DEFINITIONAL_REPRESENTATION('',(#659),#663);
#659 = LINE('',#660,#661);
#660 = CARTESIAN_POINT('',(-0.,0.));
#661 = VECTOR('',#662,1.);
#662 = DIRECTION('',(0.,-1.));
#663 = ( GEOMETRIC_REPRESENTATION_CONTEXT(2) 
PARAMETRIC_REPRESENTATION_CONTEXT() REPRESENTATION_CONTEXT('2D SPACE',''
  ) );
#664 = ADVANCED_FACE('',(#665),#345,.F.);
#665 = FACE_BOUND('',#666,.F.);
#666 = EDGE_LOOP('',(#667,#668,#696,#722));
#667 = ORIENTED_EDGE('',*,*,#331,.F.);
#668 = ORIENTED_EDGE('',*,*,#669,.T.);
#669 = EDGE_CURVE('',#304,#670,#672,.T.);
#670 = VERTEX_POINT('',#671);
#671 = CARTESIAN_POINT('',(9.375E-02,-8.59375E-02,0.421628289474));
#672 = SURFACE_CURVE('',#673,(#677,#684),.PCURVE_S1.);
#673 = LINE('',#674,#675);
#674 = CARTESIAN_POINT('',(9.375E-02,2.151188785344E-17,0.421628289474)
  );
#675 = VECTOR('',#676,1.);
#676 = DIRECTION('',(6.123233995737E-17,-1.,6.123233995737E-17));
#677 = PCURVE('',#345,#678);
#678 = DEFINITIONAL_REPRESENTATION('',(#679),#683);
#679 = LINE('',#680,#681);
#680 = CARTESIAN_POINT('',(0.,0.));
#681 = VECTOR('',#682,1.);
#682 = DIRECTION('',(0.,-1.));
#683 = ( GEOMETRIC_REPRESENTATION_CONTEXT(2) 
PARAMETRIC_REPRESENTATION_CONTEXT() REPRESENTATION_CONTEXT('2D SPACE',''
  ) );
#684 = PCURVE('',#685,#690);
#685 = PLANE('',#686);
#686 = AXIS2_PLACEMENT_3D('',#687,#688,#689);
#687 = CARTESIAN_POINT('',(9.375E-02,1.004593077426E-17,0.421875));
#688 = DIRECTION('',(1.,6.123233995737E-17,-8.458842092382E-17));
#689 = DIRECTION('',(-8.458842092382E-17,-6.123233995737E-17,-1.));
#690 = DEFINITIONAL_REPRESENTATION('',(#691),#695);
#691 = LINE('',#692,#693);
#692 = CARTESIAN_POINT('',(2.467105263158E-04,1.148106374201E-17));
#693 = VECTOR('',#694,1.);
#694 = DIRECTION('',(0.,-1.));
#695 = ( GEOMETRIC_REPRESENTATION_CONTEXT(2) 
PARAMETRIC_REPRESENTATION_CONTEXT() REPRESENTATION_CONTEXT('2D SPACE',''
  ) );
#696 = ORIENTED_EDGE('',*,*,#697,.T.);
#697 = EDGE_CURVE('',#670,#574,#698,.T.);
#698 = SURFACE_CURVE('',#699,(#703,#710),.PCURVE_S1.);
#699 = LINE('',#700,#701);
#700 = CARTESIAN_POINT('',(9.375E-02,-8.59375E-02,0.421628289474));
#701 = VECTOR('',#702,1.);
#702 = DIRECTION('',(-1.,-6.123233995737E-17,0.));
#703 = PCURVE('',#345,#704);
#704 = DEFINITIONAL_REPRESENTATION('',(#705),#709);
#705 = LINE('',#706,#707);
#706 = CARTESIAN_POINT('',(5.262154215086E-18,-8.59375E-02));
#707 = VECTOR('',#708,1.);
#708 = DIRECTION('',(1.,0.));
#709 = ( GEOMETRIC_REPRESENTATION_CONTEXT(2) 
PARAMETRIC_REPRESENTATION_CONTEXT() REPRESENTATION_CONTEXT('2D SPACE',''
  ) );
#710 = PCURVE('',#711,#716);
#711 = PLANE('',#712);
#712 = AXIS2_PLACEMENT_3D('',#713,#714,#715);
#713 = CARTESIAN_POINT('',(-9.375E-02,-8.59375E-02,0.2578125));
#714 = DIRECTION('',(6.123233995737E-17,-1.,6.123233995737E-17));
#715 = DIRECTION('',(1.,6.123233995737E-17,-6.123233995737E-17));
#716 = DEFINITIONAL_REPRESENTATION('',(#717),#721);
#717 = LINE('',#718,#719);
#718 = CARTESIAN_POINT('',(0.1875,0.163815789474));
#719 = VECTOR('',#720,1.);
#720 = DIRECTION('',(-1.,-6.123233995737E-17));
#721 = ( GEOMETRIC_REPRESENTATION_CONTEXT(2) 
PARAMETRIC_REPRESENTATION_CONTEXT() REPRESENTATION_CONTEXT('2D SPACE',''
  ) );
#722 = ORIENTED_EDGE('',*,*,#573,.F.);
#723 = ADVANCED_FACE('',(#724),#319,.F.);
#724 = FACE_BOUND('',#725,.F.);
#725 = EDGE_LOOP('',(#726,#754,#782,#810,#831));
#726 = ORIENTED_EDGE('',*,*,#727,.T.);
#727 = EDGE_CURVE('',#276,#728,#730,.T.);
#728 = VERTEX_POINT('',#729);
#729 = CARTESIAN_POINT('',(0.233634868421,8.56547781805E-18,0.2578125));
#730 = SURFACE_CURVE('',#731,(#735,#742),.PCURVE_S1.);
#731 = LINE('',#732,#733);
#732 = CARTESIAN_POINT('',(9.375E-02,0.,0.2578125));
#733 = VECTOR('',#734,1.);
#734 = DIRECTION('',(1.,6.123233995737E-17,0.));
#735 = PCURVE('',#319,#736);
#736 = DEFINITIONAL_REPRESENTATION('',(#737),#741);
#737 = LINE('',#738,#739);
#738 = CARTESIAN_POINT('',(0.,0.));
#739 = VECTOR('',#740,1.);
#740 = DIRECTION('',(1.,6.123233995737E-17));
#741 = ( GEOMETRIC_REPRESENTATION_CONTEXT(2) 
PARAMETRIC_REPRESENTATION_CONTEXT() REPRESENTATION_CONTEXT('2D SPACE',''
  ) );
#742 = PCURVE('',#743,#748);
#743 = PLANE('',#744);
#744 = AXIS2_PLACEMENT_3D('',#745,#746,#747);
#745 = CARTESIAN_POINT('',(9.375E-02,0.,0.2578125));
#746 = DIRECTION('',(-3.749399456655E-33,6.123233995737E-17,1.));
#747 = DIRECTION('',(1.,6.123233995737E-17,0.));
#748 = DEFINITIONAL_REPRESENTATION('',(#749),#753);
#749 = LINE('',#750,#751);
#750 = CARTESIAN_POINT('',(0.,0.));
#751 = VECTOR('',#752,1.);
#752 = DIRECTION('',(1.,0.));
#753 = ( GEOMETRIC_REPRESENTATION_CONTEXT(2) 
PARAMETRIC_REPRESENTATION_CONTEXT() REPRESENTATION_CONTEXT('2D SPACE',''
  ) );
#754 = ORIENTED_EDGE('',*,*,#755,.T.);
#755 = EDGE_CURVE('',#728,#756,#758,.T.);
#756 = VERTEX_POINT('',#757);
#757 = CARTESIAN_POINT('',(0.233634868421,1.861140859231E-17,0.421875));
#758 = SURFACE_CURVE('',#759,(#763,#770),.PCURVE_S1.);
#759 = LINE('',#760,#761);
#760 = CARTESIAN_POINT('',(0.233634868421,8.56547781805E-18,0.2578125));
#761 = VECTOR('',#762,1.);
#762 = DIRECTION('',(0.,6.123233995737E-17,1.));
#763 = PCURVE('',#319,#764);
#764 = DEFINITIONAL_REPRESENTATION('',(#765),#769);
#765 = LINE('',#766,#767);
#766 = CARTESIAN_POINT('',(0.139884868421,8.56547781805E-18));
#767 = VECTOR('',#768,1.);
#768 = DIRECTION('',(-6.123233995737E-17,1.));
#769 = ( GEOMETRIC_REPRESENTATION_CONTEXT(2) 
PARAMETRIC_REPRESENTATION_CONTEXT() REPRESENTATION_CONTEXT('2D SPACE',''
  ) );
#770 = PCURVE('',#771,#776);
#771 = PLANE('',#772);
#772 = AXIS2_PLACEMENT_3D('',#773,#774,#775);
#773 = CARTESIAN_POINT('',(0.233634868421,8.56547781805E-18,0.2578125));
#774 = DIRECTION('',(-1.,-6.123233995737E-17,3.749399456655E-33));
#775 = DIRECTION('',(0.,6.123233995737E-17,1.));
#776 = DEFINITIONAL_REPRESENTATION('',(#777),#781);
#777 = LINE('',#778,#779);
#778 = CARTESIAN_POINT('',(0.,0.));
#779 = VECTOR('',#780,1.);
#780 = DIRECTION('',(1.,0.));
#781 = ( GEOMETRIC_REPRESENTATION_CONTEXT(2) 
PARAMETRIC_REPRESENTATION_CONTEXT() REPRESENTATION_CONTEXT('2D SPACE',''
  ) );
#782 = ORIENTED_EDGE('',*,*,#783,.T.);
#783 = EDGE_CURVE('',#756,#784,#786,.T.);
#784 = VERTEX_POINT('',#785);
#785 = CARTESIAN_POINT('',(9.375E-02,1.004593077426E-17,0.421875));
#786 = SURFACE_CURVE('',#787,(#791,#798),.PCURVE_S1.);
#787 = LINE('',#788,#789);
#788 = CARTESIAN_POINT('',(0.233634868421,1.861140859231E-17,0.421875));
#789 = VECTOR('',#790,1.);
#790 = DIRECTION('',(-1.,-6.123233995737E-17,0.));
#791 = PCURVE('',#319,#792);
#792 = DEFINITIONAL_REPRESENTATION('',(#793),#797);
#793 = LINE('',#794,#795);
#794 = CARTESIAN_POINT('',(0.139884868421,0.1640625));
#795 = VECTOR('',#796,1.);
#796 = DIRECTION('',(-1.,-6.123233995737E-17));
#797 = ( GEOMETRIC_REPRESENTATION_CONTEXT(2) 
PARAMETRIC_REPRESENTATION_CONTEXT() REPRESENTATION_CONTEXT('2D SPACE',''
  ) );
#798 = PCURVE('',#799,#804);
#799 = PLANE('',#800);
#800 = AXIS2_PLACEMENT_3D('',#801,#802,#803);
#801 = CARTESIAN_POINT('',(0.233634868421,1.861140859231E-17,0.421875));
#802 = DIRECTION('',(3.749399456655E-33,-6.123233995737E-17,-1.));
#803 = DIRECTION('',(-1.,-6.123233995737E-17,0.));
#804 = DEFINITIONAL_REPRESENTATION('',(#805),#809);
#805 = LINE('',#806,#807);
#806 = CARTESIAN_POINT('',(0.,0.));
#807 = VECTOR('',#808,1.);
#808 = DIRECTION('',(1.,0.));
#809 = ( GEOMETRIC_REPRESENTATION_CONTEXT(2) 
PARAMETRIC_REPRESENTATION_CONTEXT() REPRESENTATION_CONTEXT('2D SPACE',''
  ) );
#810 = ORIENTED_EDGE('',*,*,#811,.T.);
#811 = EDGE_CURVE('',#784,#304,#812,.T.);
#812 = SURFACE_CURVE('',#813,(#817,#824),.PCURVE_S1.);
#813 = LINE('',#814,#815);
#814 = CARTESIAN_POINT('',(9.375E-02,1.004593077426E-17,0.421875));
#815 = VECTOR('',#816,1.);
#816 = DIRECTION('',(-8.458842092382E-17,-6.123233995737E-17,-1.));
#817 = PCURVE('',#319,#818);
#818 = DEFINITIONAL_REPRESENTATION('',(#819),#823);
#819 = LINE('',#820,#821);
#820 = CARTESIAN_POINT('',(3.831857033559E-18,0.1640625));
#821 = VECTOR('',#822,1.);
#822 = DIRECTION('',(-2.335608096645E-17,-1.));
#823 = ( GEOMETRIC_REPRESENTATION_CONTEXT(2) 
PARAMETRIC_REPRESENTATION_CONTEXT() REPRESENTATION_CONTEXT('2D SPACE',''
  ) );
#824 = PCURVE('',#685,#825);
#825 = DEFINITIONAL_REPRESENTATION('',(#826),#830);
#826 = LINE('',#827,#828);
#827 = CARTESIAN_POINT('',(-0.,0.));
#828 = VECTOR('',#829,1.);
#829 = DIRECTION('',(1.,0.));
#830 = ( GEOMETRIC_REPRESENTATION_CONTEXT(2) 
PARAMETRIC_REPRESENTATION_CONTEXT() REPRESENTATION_CONTEXT('2D SPACE',''
  ) );
#831 = ORIENTED_EDGE('',*,*,#303,.T.);
#832 = ADVANCED_FACE('',(#833),#291,.F.);
#833 = FACE_BOUND('',#834,.F.);
#834 = EDGE_LOOP('',(#835,#836,#859,#882));
#835 = ORIENTED_EDGE('',*,*,#275,.F.);
#836 = ORIENTED_EDGE('',*,*,#837,.T.);
#837 = EDGE_CURVE('',#253,#838,#840,.T.);
#838 = VERTEX_POINT('',#839);
#839 = CARTESIAN_POINT('',(9.078947368421E-02,-8.59375E-02,0.2578125));
#840 = SURFACE_CURVE('',#841,(#845,#852),.PCURVE_S1.);
#841 = LINE('',#842,#843);
#842 = CARTESIAN_POINT('',(9.078947368421E-02,2.708624643344E-17,
    0.2578125));
#843 = VECTOR('',#844,1.);
#844 = DIRECTION('',(6.123233995737E-17,-1.,6.123233995737E-17));
#845 = PCURVE('',#291,#846);
#846 = DEFINITIONAL_REPRESENTATION('',(#847),#851);
#847 = LINE('',#848,#849);
#848 = CARTESIAN_POINT('',(0.184539473684,1.578646264526E-17));
#849 = VECTOR('',#850,1.);
#850 = DIRECTION('',(0.,-1.));
#851 = ( GEOMETRIC_REPRESENTATION_CONTEXT(2) 
PARAMETRIC_REPRESENTATION_CONTEXT() REPRESENTATION_CONTEXT('2D SPACE',''
  ) );
#852 = PCURVE('',#404,#853);
#853 = DEFINITIONAL_REPRESENTATION('',(#854),#858);
#854 = LINE('',#855,#856);
#855 = CARTESIAN_POINT('',(0.2578125,0.));
#856 = VECTOR('',#857,1.);
#857 = DIRECTION('',(1.232595164408E-32,-1.));
#858 = ( GEOMETRIC_REPRESENTATION_CONTEXT(2) 
PARAMETRIC_REPRESENTATION_CONTEXT() REPRESENTATION_CONTEXT('2D SPACE',''
  ) );
#859 = ORIENTED_EDGE('',*,*,#860,.T.);
#860 = EDGE_CURVE('',#838,#861,#863,.T.);
#861 = VERTEX_POINT('',#862);
#862 = CARTESIAN_POINT('',(9.375E-02,-8.59375E-02,0.2578125));
#863 = SURFACE_CURVE('',#864,(#868,#875),.PCURVE_S1.);
#864 = LINE('',#865,#866);
#865 = CARTESIAN_POINT('',(-9.375E-02,-8.59375E-02,0.2578125));
#866 = VECTOR('',#867,1.);
#867 = DIRECTION('',(1.,6.123233995737E-17,0.));
#868 = PCURVE('',#291,#869);
#869 = DEFINITIONAL_REPRESENTATION('',(#870),#874);
#870 = LINE('',#871,#872);
#871 = CARTESIAN_POINT('',(-5.262154215086E-18,-8.59375E-02));
#872 = VECTOR('',#873,1.);
#873 = DIRECTION('',(1.,0.));
#874 = ( GEOMETRIC_REPRESENTATION_CONTEXT(2) 
PARAMETRIC_REPRESENTATION_CONTEXT() REPRESENTATION_CONTEXT('2D SPACE',''
  ) );
#875 = PCURVE('',#711,#876);
#876 = DEFINITIONAL_REPRESENTATION('',(#877),#881);
#877 = LINE('',#878,#879);
#878 = CARTESIAN_POINT('',(0.,0.));
#879 = VECTOR('',#880,1.);
#880 = DIRECTION('',(1.,6.123233995737E-17));
#881 = ( GEOMETRIC_REPRESENTATION_CONTEXT(2) 
PARAMETRIC_REPRESENTATION_CONTEXT() REPRESENTATION_CONTEXT('2D SPACE',''
  ) );
#882 = ORIENTED_EDGE('',*,*,#883,.F.);
#883 = EDGE_CURVE('',#276,#861,#884,.T.);
#884 = SURFACE_CURVE('',#885,(#889,#896),.PCURVE_S1.);
#885 = LINE('',#886,#887);
#886 = CARTESIAN_POINT('',(9.375E-02,0.,0.2578125));
#887 = VECTOR('',#888,1.);
#888 = DIRECTION('',(6.123233995737E-17,-1.,6.123233995737E-17));
#889 = PCURVE('',#291,#890);
#890 = DEFINITIONAL_REPRESENTATION('',(#891),#895);
#891 = LINE('',#892,#893);
#892 = CARTESIAN_POINT('',(0.1875,-1.148106374201E-17));
#893 = VECTOR('',#894,1.);
#894 = DIRECTION('',(0.,-1.));
#895 = ( GEOMETRIC_REPRESENTATION_CONTEXT(2) 
PARAMETRIC_REPRESENTATION_CONTEXT() REPRESENTATION_CONTEXT('2D SPACE',''
  ) );
#896 = PCURVE('',#743,#897);
#897 = DEFINITIONAL_REPRESENTATION('',(#898),#902);
#898 = LINE('',#899,#900);
#899 = CARTESIAN_POINT('',(0.,0.));
#900 = VECTOR('',#901,1.);
#901 = DIRECTION('',(0.,-1.));
#902 = ( GEOMETRIC_REPRESENTATION_CONTEXT(2) 
PARAMETRIC_REPRESENTATION_CONTEXT() REPRESENTATION_CONTEXT('2D SPACE',''
  ) );
#903 = ADVANCED_FACE('',(#904),#378,.F.);
#904 = FACE_BOUND('',#905,.F.);
#905 = EDGE_LOOP('',(#906,#936,#964,#990,#991,#1019));
#906 = ORIENTED_EDGE('',*,*,#907,.F.);
#907 = EDGE_CURVE('',#908,#910,#912,.T.);
#908 = VERTEX_POINT('',#909);
#909 = CARTESIAN_POINT('',(-8.667763157895E-02,1.453009185419E-17,
    -0.250246710526));
#910 = VERTEX_POINT('',#911);
#911 = CARTESIAN_POINT('',(-8.667763157895E-02,1.861140859231E-17,-0.25)
  );
#912 = SURFACE_CURVE('',#913,(#917,#924),.PCURVE_S1.);
#913 = LINE('',#914,#915);
#914 = CARTESIAN_POINT('',(-8.667763157895E-02,8.56547781805E-18,
    -0.4140625));
#915 = VECTOR('',#916,1.);
#916 = DIRECTION('',(0.,6.123233995737E-17,1.));
#917 = PCURVE('',#378,#918);
#918 = DEFINITIONAL_REPRESENTATION('',(#919),#923);
#919 = LINE('',#920,#921);
#920 = CARTESIAN_POINT('',(7.072368421053E-03,-0.15625));
#921 = VECTOR('',#922,1.);
#922 = DIRECTION('',(-6.123233995737E-17,1.));
#923 = ( GEOMETRIC_REPRESENTATION_CONTEXT(2) 
PARAMETRIC_REPRESENTATION_CONTEXT() REPRESENTATION_CONTEXT('2D SPACE',''
  ) );
#924 = PCURVE('',#925,#930);
#925 = PLANE('',#926);
#926 = AXIS2_PLACEMENT_3D('',#927,#928,#929);
#927 = CARTESIAN_POINT('',(-0.2265625,0.,-0.4140625));
#928 = DIRECTION('',(6.123233995737E-17,-1.,6.123233995737E-17));
#929 = DIRECTION('',(1.,6.123233995737E-17,-6.123233995737E-17));
#930 = DEFINITIONAL_REPRESENTATION('',(#931),#935);
#931 = LINE('',#932,#933);
#932 = CARTESIAN_POINT('',(0.139884868421,8.56547781805E-18));
#933 = VECTOR('',#934,1.);
#934 = DIRECTION('',(-6.123233995737E-17,1.));
#935 = ( GEOMETRIC_REPRESENTATION_CONTEXT(2) 
PARAMETRIC_REPRESENTATION_CONTEXT() REPRESENTATION_CONTEXT('2D SPACE',''
  ) );
#936 = ORIENTED_EDGE('',*,*,#937,.F.);
#937 = EDGE_CURVE('',#938,#908,#940,.T.);
#938 = VERTEX_POINT('',#939);
#939 = CARTESIAN_POINT('',(9.078947368421E-02,1.654683134045E-17,
    -0.250246710526));
#940 = SURFACE_CURVE('',#941,(#945,#952),.PCURVE_S1.);
#941 = LINE('',#942,#943);
#942 = CARTESIAN_POINT('',(9.375E-02,2.151188785344E-17,-0.250246710526)
  );
#943 = VECTOR('',#944,1.);
#944 = DIRECTION('',(-1.,-6.123233995737E-17,0.));
#945 = PCURVE('',#378,#946);
#946 = DEFINITIONAL_REPRESENTATION('',(#947),#951);
#947 = LINE('',#948,#949);
#948 = CARTESIAN_POINT('',(0.1875,7.565789473684E-03));
#949 = VECTOR('',#950,1.);
#950 = DIRECTION('',(-1.,-6.123233995737E-17));
#951 = ( GEOMETRIC_REPRESENTATION_CONTEXT(2) 
PARAMETRIC_REPRESENTATION_CONTEXT() REPRESENTATION_CONTEXT('2D SPACE',''
  ) );
#952 = PCURVE('',#953,#958);
#953 = PLANE('',#954);
#954 = AXIS2_PLACEMENT_3D('',#955,#956,#957);
#955 = CARTESIAN_POINT('',(-9.375E-02,0.,-0.2578125));
#956 = DIRECTION('',(6.123233995737E-17,-1.,6.123233995737E-17));
#957 = DIRECTION('',(1.,6.123233995737E-17,-6.123233995737E-17));
#958 = DEFINITIONAL_REPRESENTATION('',(#959),#963);
#959 = LINE('',#960,#961);
#960 = CARTESIAN_POINT('',(0.1875,7.565789473684E-03));
#961 = VECTOR('',#962,1.);
#962 = DIRECTION('',(-1.,-6.123233995737E-17));
#963 = ( GEOMETRIC_REPRESENTATION_CONTEXT(2) 
PARAMETRIC_REPRESENTATION_CONTEXT() REPRESENTATION_CONTEXT('2D SPACE',''
  ) );
#964 = ORIENTED_EDGE('',*,*,#965,.T.);
#965 = EDGE_CURVE('',#938,#361,#966,.T.);
#966 = SURFACE_CURVE('',#967,(#971,#978),.PCURVE_S1.);
#967 = LINE('',#968,#969);
#968 = CARTESIAN_POINT('',(9.078947368421E-02,1.129978378819E-17,
    -0.2578125));
#969 = VECTOR('',#970,1.);
#970 = DIRECTION('',(1.076579902667E-16,6.123233995737E-17,1.));
#971 = PCURVE('',#378,#972);
#972 = DEFINITIONAL_REPRESENTATION('',(#973),#977);
#973 = LINE('',#974,#975);
#974 = CARTESIAN_POINT('',(0.184539473684,1.129978378819E-17));
#975 = VECTOR('',#976,1.);
#976 = DIRECTION('',(4.642565030931E-17,1.));
#977 = ( GEOMETRIC_REPRESENTATION_CONTEXT(2) 
PARAMETRIC_REPRESENTATION_CONTEXT() REPRESENTATION_CONTEXT('2D SPACE',''
  ) );
#978 = PCURVE('',#979,#984);
#979 = PLANE('',#980);
#980 = AXIS2_PLACEMENT_3D('',#981,#982,#983);
#981 = CARTESIAN_POINT('',(9.078947368421E-02,1.129978378819E-17,
    -0.2578125));
#982 = DIRECTION('',(-1.,-6.123233995737E-17,1.076579902667E-16));
#983 = DIRECTION('',(1.076579902667E-16,6.123233995737E-17,1.));
#984 = DEFINITIONAL_REPRESENTATION('',(#985),#989);
#985 = LINE('',#986,#987);
#986 = CARTESIAN_POINT('',(0.,0.));
#987 = VECTOR('',#988,1.);
#988 = DIRECTION('',(1.,0.));
#989 = ( GEOMETRIC_REPRESENTATION_CONTEXT(2) 
PARAMETRIC_REPRESENTATION_CONTEXT() REPRESENTATION_CONTEXT('2D SPACE',''
  ) );
#990 = ORIENTED_EDGE('',*,*,#360,.T.);
#991 = ORIENTED_EDGE('',*,*,#992,.T.);
#992 = EDGE_CURVE('',#363,#993,#995,.T.);
#993 = VERTEX_POINT('',#994);
#994 = CARTESIAN_POINT('',(-9.375E-02,9.32836429038E-18,-0.25));
#995 = SURFACE_CURVE('',#996,(#1000,#1007),.PCURVE_S1.);
#996 = LINE('',#997,#998);
#997 = CARTESIAN_POINT('',(-9.375E-02,1.578646264526E-17,0.));
#998 = VECTOR('',#999,1.);
#999 = DIRECTION('',(-5.382899513334E-17,-6.123233995737E-17,-1.));
#1000 = PCURVE('',#378,#1001);
#1001 = DEFINITIONAL_REPRESENTATION('',(#1002),#1006);
#1002 = LINE('',#1003,#1004);
#1003 = CARTESIAN_POINT('',(-1.908674837444E-18,0.2578125));
#1004 = VECTOR('',#1005,1.);
#1005 = DIRECTION('',(7.403344824027E-18,-1.));
#1006 = ( GEOMETRIC_REPRESENTATION_CONTEXT(2) 
PARAMETRIC_REPRESENTATION_CONTEXT() REPRESENTATION_CONTEXT('2D SPACE',''
  ) );
#1007 = PCURVE('',#1008,#1013);
#1008 = PLANE('',#1009);
#1009 = AXIS2_PLACEMENT_3D('',#1010,#1011,#1012);
#1010 = CARTESIAN_POINT('',(-9.375E-02,1.578646264526E-17,0.));
#1011 = DIRECTION('',(1.,6.123233995737E-17,-5.382899513334E-17));
#1012 = DIRECTION('',(-5.382899513334E-17,-6.123233995737E-17,-1.));
#1013 = DEFINITIONAL_REPRESENTATION('',(#1014),#1018);
#1014 = LINE('',#1015,#1016);
#1015 = CARTESIAN_POINT('',(-0.,0.));
#1016 = VECTOR('',#1017,1.);
#1017 = DIRECTION('',(1.,0.));
#1018 = ( GEOMETRIC_REPRESENTATION_CONTEXT(2) 
PARAMETRIC_REPRESENTATION_CONTEXT() REPRESENTATION_CONTEXT('2D SPACE',''
  ) );
#1019 = ORIENTED_EDGE('',*,*,#1020,.F.);
#1020 = EDGE_CURVE('',#910,#993,#1021,.T.);
#1021 = SURFACE_CURVE('',#1022,(#1026,#1033),.PCURVE_S1.);
#1022 = LINE('',#1023,#1024);
#1023 = CARTESIAN_POINT('',(-8.667763157895E-02,1.861140859231E-17,-0.25
    ));
#1024 = VECTOR('',#1025,1.);
#1025 = DIRECTION('',(-1.,-6.123233995737E-17,0.));
#1026 = PCURVE('',#378,#1027);
#1027 = DEFINITIONAL_REPRESENTATION('',(#1028),#1032);
#1028 = LINE('',#1029,#1030);
#1029 = CARTESIAN_POINT('',(7.072368421053E-03,7.8125E-03));
#1030 = VECTOR('',#1031,1.);
#1031 = DIRECTION('',(-1.,-6.123233995737E-17));
#1032 = ( GEOMETRIC_REPRESENTATION_CONTEXT(2) 
PARAMETRIC_REPRESENTATION_CONTEXT() REPRESENTATION_CONTEXT('2D SPACE',''
  ) );
#1033 = PCURVE('',#925,#1034);
#1034 = DEFINITIONAL_REPRESENTATION('',(#1035),#1039);
#1035 = LINE('',#1036,#1037);
#1036 = CARTESIAN_POINT('',(0.139884868421,0.1640625));
#1037 = VECTOR('',#1038,1.);
#1038 = DIRECTION('',(-1.,-6.123233995737E-17));
#1039 = ( GEOMETRIC_REPRESENTATION_CONTEXT(2) 
PARAMETRIC_REPRESENTATION_CONTEXT() REPRESENTATION_CONTEXT('2D SPACE',''
  ) );
#1040 = ADVANCED_FACE('',(#1041),#404,.F.);
#1041 = FACE_BOUND('',#1042,.F.);
#1042 = EDGE_LOOP('',(#1043,#1066,#1092,#1093));
#1043 = ORIENTED_EDGE('',*,*,#1044,.T.);
#1044 = EDGE_CURVE('',#361,#1045,#1047,.T.);
#1045 = VERTEX_POINT('',#1046);
#1046 = CARTESIAN_POINT('',(9.078947368421E-02,-8.59375E-02,
    1.495559619025E-18));
#1047 = SURFACE_CURVE('',#1048,(#1052,#1059),.PCURVE_S1.);
#1048 = LINE('',#1049,#1050);
#1049 = CARTESIAN_POINT('',(9.078947368421E-02,2.708624643344E-17,0.));
#1050 = VECTOR('',#1051,1.);
#1051 = DIRECTION('',(6.123233995737E-17,-1.,6.123233995737E-17));
#1052 = PCURVE('',#404,#1053);
#1053 = DEFINITIONAL_REPRESENTATION('',(#1054),#1058);
#1054 = LINE('',#1055,#1056);
#1055 = CARTESIAN_POINT('',(1.129978378819E-17,1.578646264526E-17));
#1056 = VECTOR('',#1057,1.);
#1057 = DIRECTION('',(1.232595164408E-32,-1.));
#1058 = ( GEOMETRIC_REPRESENTATION_CONTEXT(2) 
PARAMETRIC_REPRESENTATION_CONTEXT() REPRESENTATION_CONTEXT('2D SPACE',''
  ) );
#1059 = PCURVE('',#979,#1060);
#1060 = DEFINITIONAL_REPRESENTATION('',(#1061),#1065);
#1061 = LINE('',#1062,#1063);
#1062 = CARTESIAN_POINT('',(0.2578125,0.));
#1063 = VECTOR('',#1064,1.);
#1064 = DIRECTION('',(1.232595164408E-32,-1.));
#1065 = ( GEOMETRIC_REPRESENTATION_CONTEXT(2) 
PARAMETRIC_REPRESENTATION_CONTEXT() REPRESENTATION_CONTEXT('2D SPACE',''
  ) );
#1066 = ORIENTED_EDGE('',*,*,#1067,.T.);
#1067 = EDGE_CURVE('',#1045,#838,#1068,.T.);
#1068 = SURFACE_CURVE('',#1069,(#1073,#1080),.PCURVE_S1.);
#1069 = LINE('',#1070,#1071);
#1070 = CARTESIAN_POINT('',(9.078947368421E-02,-8.59375E-02,
    -6.037629573099E-18));
#1071 = VECTOR('',#1072,1.);
#1072 = DIRECTION('',(1.076579902667E-16,6.123233995737E-17,1.));
#1073 = PCURVE('',#404,#1074);
#1074 = DEFINITIONAL_REPRESENTATION('',(#1075),#1079);
#1075 = LINE('',#1076,#1077);
#1076 = CARTESIAN_POINT('',(-7.703719777549E-34,-8.59375E-02));
#1077 = VECTOR('',#1078,1.);
#1078 = DIRECTION('',(1.,0.));
#1079 = ( GEOMETRIC_REPRESENTATION_CONTEXT(2) 
PARAMETRIC_REPRESENTATION_CONTEXT() REPRESENTATION_CONTEXT('2D SPACE',''
  ) );
#1080 = PCURVE('',#1081,#1086);
#1081 = PLANE('',#1082);
#1082 = AXIS2_PLACEMENT_3D('',#1083,#1084,#1085);
#1083 = CARTESIAN_POINT('',(-9.375E-02,-8.59375E-02,5.262154215086E-18)
  );
#1084 = DIRECTION('',(6.123233995737E-17,-1.,6.123233995737E-17));
#1085 = DIRECTION('',(1.,6.123233995737E-17,-6.123233995737E-17));
#1086 = DEFINITIONAL_REPRESENTATION('',(#1087),#1091);
#1087 = LINE('',#1088,#1089);
#1088 = CARTESIAN_POINT('',(0.184539473684,0.));
#1089 = VECTOR('',#1090,1.);
#1090 = DIRECTION('',(4.642565030931E-17,1.));
#1091 = ( GEOMETRIC_REPRESENTATION_CONTEXT(2) 
PARAMETRIC_REPRESENTATION_CONTEXT() REPRESENTATION_CONTEXT('2D SPACE',''
  ) );
#1092 = ORIENTED_EDGE('',*,*,#837,.F.);
#1093 = ORIENTED_EDGE('',*,*,#390,.F.);
#1094 = ADVANCED_FACE('',(#1095),#432,.F.);
#1095 = FACE_BOUND('',#1096,.F.);
#1096 = EDGE_LOOP('',(#1097,#1098,#1121,#1142));
#1097 = ORIENTED_EDGE('',*,*,#644,.T.);
#1098 = ORIENTED_EDGE('',*,*,#1099,.T.);
#1099 = EDGE_CURVE('',#622,#1100,#1102,.T.);
#1100 = VERTEX_POINT('',#1101);
#1101 = CARTESIAN_POINT('',(-9.375E-02,-8.59375E-02,5.262154215086E-18)
  );
#1102 = SURFACE_CURVE('',#1103,(#1107,#1114),.PCURVE_S1.);
#1103 = LINE('',#1104,#1105);
#1104 = CARTESIAN_POINT('',(-9.375E-02,-8.59375E-02,0.2578125));
#1105 = VECTOR('',#1106,1.);
#1106 = DIRECTION('',(-5.382899513334E-17,-6.123233995737E-17,-1.));
#1107 = PCURVE('',#432,#1108);
#1108 = DEFINITIONAL_REPRESENTATION('',(#1109),#1113);
#1109 = LINE('',#1110,#1111);
#1110 = CARTESIAN_POINT('',(5.262154215086E-18,-8.59375E-02));
#1111 = VECTOR('',#1112,1.);
#1112 = DIRECTION('',(1.,0.));
#1113 = ( GEOMETRIC_REPRESENTATION_CONTEXT(2) 
PARAMETRIC_REPRESENTATION_CONTEXT() REPRESENTATION_CONTEXT('2D SPACE',''
  ) );
#1114 = PCURVE('',#1081,#1115);
#1115 = DEFINITIONAL_REPRESENTATION('',(#1116),#1120);
#1116 = LINE('',#1117,#1118);
#1117 = CARTESIAN_POINT('',(-1.908674837444E-18,0.2578125));
#1118 = VECTOR('',#1119,1.);
#1119 = DIRECTION('',(7.403344824027E-18,-1.));
#1120 = ( GEOMETRIC_REPRESENTATION_CONTEXT(2) 
PARAMETRIC_REPRESENTATION_CONTEXT() REPRESENTATION_CONTEXT('2D SPACE',''
  ) );
#1121 = ORIENTED_EDGE('',*,*,#1122,.F.);
#1122 = EDGE_CURVE('',#363,#1100,#1123,.T.);
#1123 = SURFACE_CURVE('',#1124,(#1128,#1135),.PCURVE_S1.);
#1124 = LINE('',#1125,#1126);
#1125 = CARTESIAN_POINT('',(-9.375E-02,1.578646264526E-17,0.));
#1126 = VECTOR('',#1127,1.);
#1127 = DIRECTION('',(6.123233995737E-17,-1.,6.123233995737E-17));
#1128 = PCURVE('',#432,#1129);
#1129 = DEFINITIONAL_REPRESENTATION('',(#1130),#1134);
#1130 = LINE('',#1131,#1132);
#1131 = CARTESIAN_POINT('',(0.2578125,1.578646264526E-17));
#1132 = VECTOR('',#1133,1.);
#1133 = DIRECTION('',(0.,-1.));
#1134 = ( GEOMETRIC_REPRESENTATION_CONTEXT(2) 
PARAMETRIC_REPRESENTATION_CONTEXT() REPRESENTATION_CONTEXT('2D SPACE',''
  ) );
#1135 = PCURVE('',#1008,#1136);
#1136 = DEFINITIONAL_REPRESENTATION('',(#1137),#1141);
#1137 = LINE('',#1138,#1139);
#1138 = CARTESIAN_POINT('',(-0.,0.));
#1139 = VECTOR('',#1140,1.);
#1140 = DIRECTION('',(0.,-1.));
#1141 = ( GEOMETRIC_REPRESENTATION_CONTEXT(2) 
PARAMETRIC_REPRESENTATION_CONTEXT() REPRESENTATION_CONTEXT('2D SPACE',''
  ) );
#1142 = ORIENTED_EDGE('',*,*,#418,.F.);
#1143 = ADVANCED_FACE('',(#1144),#486,.T.);
#1144 = FACE_BOUND('',#1145,.T.);
#1145 = EDGE_LOOP('',(#1146,#1147,#1148,#1176,#1197,#1198));
#1146 = ORIENTED_EDGE('',*,*,#470,.T.);
#1147 = ORIENTED_EDGE('',*,*,#621,.T.);
#1148 = ORIENTED_EDGE('',*,*,#1149,.F.);
#1149 = EDGE_CURVE('',#1150,#622,#1152,.T.);
#1150 = VERTEX_POINT('',#1151);
#1151 = CARTESIAN_POINT('',(-9.375E-02,-8.59375E-02,0.421628289474));
#1152 = SURFACE_CURVE('',#1153,(#1157,#1164),.PCURVE_S1.);
#1153 = LINE('',#1154,#1155);
#1154 = CARTESIAN_POINT('',(-9.375E-02,-8.59375E-02,0.421628289474));
#1155 = VECTOR('',#1156,1.);
#1156 = DIRECTION('',(-8.471581312401E-17,-6.123233995737E-17,-1.));
#1157 = PCURVE('',#486,#1158);
#1158 = DEFINITIONAL_REPRESENTATION('',(#1159),#1163);
#1159 = LINE('',#1160,#1161);
#1160 = CARTESIAN_POINT('',(0.1328125,0.163815789474));
#1161 = VECTOR('',#1162,1.);
#1162 = DIRECTION('',(-2.348347316664E-17,-1.));
#1163 = ( GEOMETRIC_REPRESENTATION_CONTEXT(2) 
PARAMETRIC_REPRESENTATION_CONTEXT() REPRESENTATION_CONTEXT('2D SPACE',''
  ) );
#1164 = PCURVE('',#1165,#1170);
#1165 = PLANE('',#1166);
#1166 = AXIS2_PLACEMENT_3D('',#1167,#1168,#1169);
#1167 = CARTESIAN_POINT('',(-0.2265625,-8.59375E-02,0.2578125));
#1168 = DIRECTION('',(6.123233995737E-17,-1.,6.123233995737E-17));
#1169 = DIRECTION('',(1.,6.123233995737E-17,-6.123233995737E-17));
#1170 = DEFINITIONAL_REPRESENTATION('',(#1171),#1175);
#1171 = LINE('',#1172,#1173);
#1172 = CARTESIAN_POINT('',(0.1328125,0.163815789474));
#1173 = VECTOR('',#1174,1.);
#1174 = DIRECTION('',(-2.348347316664E-17,-1.));
#1175 = ( GEOMETRIC_REPRESENTATION_CONTEXT(2) 
PARAMETRIC_REPRESENTATION_CONTEXT() REPRESENTATION_CONTEXT('2D SPACE',''
  ) );
#1176 = ORIENTED_EDGE('',*,*,#1177,.F.);
#1177 = EDGE_CURVE('',#574,#1150,#1178,.T.);
#1178 = SURFACE_CURVE('',#1179,(#1183,#1190),.PCURVE_S1.);
#1179 = LINE('',#1180,#1181);
#1180 = CARTESIAN_POINT('',(9.375E-02,-8.59375E-02,0.421628289474));
#1181 = VECTOR('',#1182,1.);
#1182 = DIRECTION('',(-1.,-6.123233995737E-17,0.));
#1183 = PCURVE('',#486,#1184);
#1184 = DEFINITIONAL_REPRESENTATION('',(#1185),#1189);
#1185 = LINE('',#1186,#1187);
#1186 = CARTESIAN_POINT('',(0.3203125,0.163815789474));
#1187 = VECTOR('',#1188,1.);
#1188 = DIRECTION('',(-1.,-6.123233995737E-17));
#1189 = ( GEOMETRIC_REPRESENTATION_CONTEXT(2) 
PARAMETRIC_REPRESENTATION_CONTEXT() REPRESENTATION_CONTEXT('2D SPACE',''
  ) );
#1190 = PCURVE('',#1165,#1191);
#1191 = DEFINITIONAL_REPRESENTATION('',(#1192),#1196);
#1192 = LINE('',#1193,#1194);
#1193 = CARTESIAN_POINT('',(0.3203125,0.163815789474));
#1194 = VECTOR('',#1195,1.);
#1195 = DIRECTION('',(-1.,-6.123233995737E-17));
#1196 = ( GEOMETRIC_REPRESENTATION_CONTEXT(2) 
PARAMETRIC_REPRESENTATION_CONTEXT() REPRESENTATION_CONTEXT('2D SPACE',''
  ) );
#1197 = ORIENTED_EDGE('',*,*,#594,.T.);
#1198 = ORIENTED_EDGE('',*,*,#546,.T.);
#1199 = ADVANCED_FACE('',(#1200),#711,.T.);
#1200 = FACE_BOUND('',#1201,.T.);
#1201 = EDGE_LOOP('',(#1202,#1225,#1246,#1247,#1273));
#1202 = ORIENTED_EDGE('',*,*,#1203,.F.);
#1203 = EDGE_CURVE('',#1204,#574,#1206,.T.);
#1204 = VERTEX_POINT('',#1205);
#1205 = CARTESIAN_POINT('',(-8.667763157895E-02,-8.59375E-02,0.2578125)
  );
#1206 = SURFACE_CURVE('',#1207,(#1211,#1218),.PCURVE_S1.);
#1207 = LINE('',#1208,#1209);
#1208 = CARTESIAN_POINT('',(-8.667763157895E-02,-8.59375E-02,0.2578125)
  );
#1209 = VECTOR('',#1210,1.);
#1210 = DIRECTION('',(0.,6.123233995737E-17,1.));
#1211 = PCURVE('',#711,#1212);
#1212 = DEFINITIONAL_REPRESENTATION('',(#1213),#1217);
#1213 = LINE('',#1214,#1215);
#1214 = CARTESIAN_POINT('',(7.072368421053E-03,4.330576674616E-19));
#1215 = VECTOR('',#1216,1.);
#1216 = DIRECTION('',(-6.123233995737E-17,1.));
#1217 = ( GEOMETRIC_REPRESENTATION_CONTEXT(2) 
PARAMETRIC_REPRESENTATION_CONTEXT() REPRESENTATION_CONTEXT('2D SPACE',''
  ) );
#1218 = PCURVE('',#1165,#1219);
#1219 = DEFINITIONAL_REPRESENTATION('',(#1220),#1224);
#1220 = LINE('',#1221,#1222);
#1221 = CARTESIAN_POINT('',(0.139884868421,8.56547781805E-18));
#1222 = VECTOR('',#1223,1.);
#1223 = DIRECTION('',(-6.123233995737E-17,1.));
#1224 = ( GEOMETRIC_REPRESENTATION_CONTEXT(2) 
PARAMETRIC_REPRESENTATION_CONTEXT() REPRESENTATION_CONTEXT('2D SPACE',''
  ) );
#1225 = ORIENTED_EDGE('',*,*,#1226,.F.);
#1226 = EDGE_CURVE('',#838,#1204,#1227,.T.);
#1227 = SURFACE_CURVE('',#1228,(#1232,#1239),.PCURVE_S1.);
#1228 = LINE('',#1229,#1230);
#1229 = CARTESIAN_POINT('',(9.078947368421E-02,-8.59375E-02,0.2578125));
#1230 = VECTOR('',#1231,1.);
#1231 = DIRECTION('',(-1.,-6.123233995737E-17,0.));
#1232 = PCURVE('',#711,#1233);
#1233 = DEFINITIONAL_REPRESENTATION('',(#1234),#1238);
#1234 = LINE('',#1235,#1236);
#1235 = CARTESIAN_POINT('',(0.184539473684,1.129978378819E-17));
#1236 = VECTOR('',#1237,1.);
#1237 = DIRECTION('',(-1.,-6.123233995737E-17));
#1238 = ( GEOMETRIC_REPRESENTATION_CONTEXT(2) 
PARAMETRIC_REPRESENTATION_CONTEXT() REPRESENTATION_CONTEXT('2D SPACE',''
  ) );
#1239 = PCURVE('',#1081,#1240);
#1240 = DEFINITIONAL_REPRESENTATION('',(#1241),#1245);
#1241 = LINE('',#1242,#1243);
#1242 = CARTESIAN_POINT('',(0.184539473684,0.2578125));
#1243 = VECTOR('',#1244,1.);
#1244 = DIRECTION('',(-1.,-6.123233995737E-17));
#1245 = ( GEOMETRIC_REPRESENTATION_CONTEXT(2) 
PARAMETRIC_REPRESENTATION_CONTEXT() REPRESENTATION_CONTEXT('2D SPACE',''
  ) );
#1246 = ORIENTED_EDGE('',*,*,#860,.T.);
#1247 = ORIENTED_EDGE('',*,*,#1248,.F.);
#1248 = EDGE_CURVE('',#670,#861,#1249,.T.);
#1249 = SURFACE_CURVE('',#1250,(#1254,#1261),.PCURVE_S1.);
#1250 = LINE('',#1251,#1252);
#1251 = CARTESIAN_POINT('',(9.375E-02,-8.59375E-02,0.421875));
#1252 = VECTOR('',#1253,1.);
#1253 = DIRECTION('',(-8.458842092382E-17,-6.123233995737E-17,-1.));
#1254 = PCURVE('',#711,#1255);
#1255 = DEFINITIONAL_REPRESENTATION('',(#1256),#1260);
#1256 = LINE('',#1257,#1258);
#1257 = CARTESIAN_POINT('',(0.1875,0.1640625));
#1258 = VECTOR('',#1259,1.);
#1259 = DIRECTION('',(-2.335608096645E-17,-1.));
#1260 = ( GEOMETRIC_REPRESENTATION_CONTEXT(2) 
PARAMETRIC_REPRESENTATION_CONTEXT() REPRESENTATION_CONTEXT('2D SPACE',''
  ) );
#1261 = PCURVE('',#1262,#1267);
#1262 = PLANE('',#1263);
#1263 = AXIS2_PLACEMENT_3D('',#1264,#1265,#1266);
#1264 = CARTESIAN_POINT('',(9.375E-02,-8.59375E-02,0.2578125));
#1265 = DIRECTION('',(6.123233995737E-17,-1.,6.123233995737E-17));
#1266 = DIRECTION('',(1.,6.123233995737E-17,-6.123233995737E-17));
#1267 = DEFINITIONAL_REPRESENTATION('',(#1268),#1272);
#1268 = LINE('',#1269,#1270);
#1269 = CARTESIAN_POINT('',(3.831857033559E-18,0.1640625));
#1270 = VECTOR('',#1271,1.);
#1271 = DIRECTION('',(-2.335608096645E-17,-1.));
#1272 = ( GEOMETRIC_REPRESENTATION_CONTEXT(2) 
PARAMETRIC_REPRESENTATION_CONTEXT() REPRESENTATION_CONTEXT('2D SPACE',''
  ) );
#1273 = ORIENTED_EDGE('',*,*,#697,.T.);
#1274 = ADVANCED_FACE('',(#1275),#685,.F.);
#1275 = FACE_BOUND('',#1276,.F.);
#1276 = EDGE_LOOP('',(#1277,#1278,#1301,#1322));
#1277 = ORIENTED_EDGE('',*,*,#811,.F.);
#1278 = ORIENTED_EDGE('',*,*,#1279,.T.);
#1279 = EDGE_CURVE('',#784,#1280,#1282,.T.);
#1280 = VERTEX_POINT('',#1281);
#1281 = CARTESIAN_POINT('',(9.375E-02,-8.59375E-02,0.421875));
#1282 = SURFACE_CURVE('',#1283,(#1287,#1294),.PCURVE_S1.);
#1283 = LINE('',#1284,#1285);
#1284 = CARTESIAN_POINT('',(9.375E-02,1.004593077426E-17,0.421875));
#1285 = VECTOR('',#1286,1.);
#1286 = DIRECTION('',(6.123233995737E-17,-1.,6.123233995737E-17));
#1287 = PCURVE('',#685,#1288);
#1288 = DEFINITIONAL_REPRESENTATION('',(#1289),#1293);
#1289 = LINE('',#1290,#1291);
#1290 = CARTESIAN_POINT('',(-0.,0.));
#1291 = VECTOR('',#1292,1.);
#1292 = DIRECTION('',(0.,-1.));
#1293 = ( GEOMETRIC_REPRESENTATION_CONTEXT(2) 
PARAMETRIC_REPRESENTATION_CONTEXT() REPRESENTATION_CONTEXT('2D SPACE',''
  ) );
#1294 = PCURVE('',#799,#1295);
#1295 = DEFINITIONAL_REPRESENTATION('',(#1296),#1300);
#1296 = LINE('',#1297,#1298);
#1297 = CARTESIAN_POINT('',(0.139884868421,0.));
#1298 = VECTOR('',#1299,1.);
#1299 = DIRECTION('',(1.232595164408E-32,-1.));
#1300 = ( GEOMETRIC_REPRESENTATION_CONTEXT(2) 
PARAMETRIC_REPRESENTATION_CONTEXT() REPRESENTATION_CONTEXT('2D SPACE',''
  ) );
#1301 = ORIENTED_EDGE('',*,*,#1302,.T.);
#1302 = EDGE_CURVE('',#1280,#670,#1303,.T.);
#1303 = SURFACE_CURVE('',#1304,(#1308,#1315),.PCURVE_S1.);
#1304 = LINE('',#1305,#1306);
#1305 = CARTESIAN_POINT('',(9.375E-02,-8.59375E-02,0.421875));
#1306 = VECTOR('',#1307,1.);
#1307 = DIRECTION('',(-8.458842092382E-17,-6.123233995737E-17,-1.));
#1308 = PCURVE('',#685,#1309);
#1309 = DEFINITIONAL_REPRESENTATION('',(#1310),#1314);
#1310 = LINE('',#1311,#1312);
#1311 = CARTESIAN_POINT('',(5.262154215086E-18,-8.59375E-02));
#1312 = VECTOR('',#1313,1.);
#1313 = DIRECTION('',(1.,0.));
#1314 = ( GEOMETRIC_REPRESENTATION_CONTEXT(2) 
PARAMETRIC_REPRESENTATION_CONTEXT() REPRESENTATION_CONTEXT('2D SPACE',''
  ) );
#1315 = PCURVE('',#1262,#1316);
#1316 = DEFINITIONAL_REPRESENTATION('',(#1317),#1321);
#1317 = LINE('',#1318,#1319);
#1318 = CARTESIAN_POINT('',(3.831857033559E-18,0.1640625));
#1319 = VECTOR('',#1320,1.);
#1320 = DIRECTION('',(-2.335608096645E-17,-1.));
#1321 = ( GEOMETRIC_REPRESENTATION_CONTEXT(2) 
PARAMETRIC_REPRESENTATION_CONTEXT() REPRESENTATION_CONTEXT('2D SPACE',''
  ) );
#1322 = ORIENTED_EDGE('',*,*,#669,.F.);
#1323 = ADVANCED_FACE('',(#1324),#743,.F.);
#1324 = FACE_BOUND('',#1325,.F.);
#1325 = EDGE_LOOP('',(#1326,#1327,#1350,#1371));
#1326 = ORIENTED_EDGE('',*,*,#883,.T.);
#1327 = ORIENTED_EDGE('',*,*,#1328,.T.);
#1328 = EDGE_CURVE('',#861,#1329,#1331,.T.);
#1329 = VERTEX_POINT('',#1330);
#1330 = CARTESIAN_POINT('',(0.233634868421,-8.59375E-02,0.2578125));
#1331 = SURFACE_CURVE('',#1332,(#1336,#1343),.PCURVE_S1.);
#1332 = LINE('',#1333,#1334);
#1333 = CARTESIAN_POINT('',(9.375E-02,-8.59375E-02,0.2578125));
#1334 = VECTOR('',#1335,1.);
#1335 = DIRECTION('',(1.,6.123233995737E-17,0.));
#1336 = PCURVE('',#743,#1337);
#1337 = DEFINITIONAL_REPRESENTATION('',(#1338),#1342);
#1338 = LINE('',#1339,#1340);
#1339 = CARTESIAN_POINT('',(-5.262154215086E-18,-8.59375E-02));
#1340 = VECTOR('',#1341,1.);
#1341 = DIRECTION('',(1.,0.));
#1342 = ( GEOMETRIC_REPRESENTATION_CONTEXT(2) 
PARAMETRIC_REPRESENTATION_CONTEXT() REPRESENTATION_CONTEXT('2D SPACE',''
  ) );
#1343 = PCURVE('',#1262,#1344);
#1344 = DEFINITIONAL_REPRESENTATION('',(#1345),#1349);
#1345 = LINE('',#1346,#1347);
#1346 = CARTESIAN_POINT('',(0.,0.));
#1347 = VECTOR('',#1348,1.);
#1348 = DIRECTION('',(1.,6.123233995737E-17));
#1349 = ( GEOMETRIC_REPRESENTATION_CONTEXT(2) 
PARAMETRIC_REPRESENTATION_CONTEXT() REPRESENTATION_CONTEXT('2D SPACE',''
  ) );
#1350 = ORIENTED_EDGE('',*,*,#1351,.F.);
#1351 = EDGE_CURVE('',#728,#1329,#1352,.T.);
#1352 = SURFACE_CURVE('',#1353,(#1357,#1364),.PCURVE_S1.);
#1353 = LINE('',#1354,#1355);
#1354 = CARTESIAN_POINT('',(0.233634868421,8.56547781805E-18,0.2578125)
  );
#1355 = VECTOR('',#1356,1.);
#1356 = DIRECTION('',(6.123233995737E-17,-1.,6.123233995737E-17));
#1357 = PCURVE('',#743,#1358);
#1358 = DEFINITIONAL_REPRESENTATION('',(#1359),#1363);
#1359 = LINE('',#1360,#1361);
#1360 = CARTESIAN_POINT('',(0.139884868421,0.));
#1361 = VECTOR('',#1362,1.);
#1362 = DIRECTION('',(0.,-1.));
#1363 = ( GEOMETRIC_REPRESENTATION_CONTEXT(2) 
PARAMETRIC_REPRESENTATION_CONTEXT() REPRESENTATION_CONTEXT('2D SPACE',''
  ) );
#1364 = PCURVE('',#771,#1365);
#1365 = DEFINITIONAL_REPRESENTATION('',(#1366),#1370);
#1366 = LINE('',#1367,#1368);
#1367 = CARTESIAN_POINT('',(0.,0.));
#1368 = VECTOR('',#1369,1.);
#1369 = DIRECTION('',(-1.232595164408E-32,-1.));
#1370 = ( GEOMETRIC_REPRESENTATION_CONTEXT(2) 
PARAMETRIC_REPRESENTATION_CONTEXT() REPRESENTATION_CONTEXT('2D SPACE',''
  ) );
#1371 = ORIENTED_EDGE('',*,*,#727,.F.);
#1372 = ADVANCED_FACE('',(#1373),#771,.F.);
#1373 = FACE_BOUND('',#1374,.F.);
#1374 = EDGE_LOOP('',(#1375,#1376,#1399,#1420));
#1375 = ORIENTED_EDGE('',*,*,#1351,.T.);
#1376 = ORIENTED_EDGE('',*,*,#1377,.T.);
#1377 = EDGE_CURVE('',#1329,#1378,#1380,.T.);
#1378 = VERTEX_POINT('',#1379);
#1379 = CARTESIAN_POINT('',(0.233634868421,-8.59375E-02,0.421875));
#1380 = SURFACE_CURVE('',#1381,(#1385,#1392),.PCURVE_S1.);
#1381 = LINE('',#1382,#1383);
#1382 = CARTESIAN_POINT('',(0.233634868421,-8.59375E-02,0.2578125));
#1383 = VECTOR('',#1384,1.);
#1384 = DIRECTION('',(0.,6.123233995737E-17,1.));
#1385 = PCURVE('',#771,#1386);
#1386 = DEFINITIONAL_REPRESENTATION('',(#1387),#1391);
#1387 = LINE('',#1388,#1389);
#1388 = CARTESIAN_POINT('',(-5.262154215086E-18,-8.59375E-02));
#1389 = VECTOR('',#1390,1.);
#1390 = DIRECTION('',(1.,0.));
#1391 = ( GEOMETRIC_REPRESENTATION_CONTEXT(2) 
PARAMETRIC_REPRESENTATION_CONTEXT() REPRESENTATION_CONTEXT('2D SPACE',''
  ) );
#1392 = PCURVE('',#1262,#1393);
#1393 = DEFINITIONAL_REPRESENTATION('',(#1394),#1398);
#1394 = LINE('',#1395,#1396);
#1395 = CARTESIAN_POINT('',(0.139884868421,8.56547781805E-18));
#1396 = VECTOR('',#1397,1.);
#1397 = DIRECTION('',(-6.123233995737E-17,1.));
#1398 = ( GEOMETRIC_REPRESENTATION_CONTEXT(2) 
PARAMETRIC_REPRESENTATION_CONTEXT() REPRESENTATION_CONTEXT('2D SPACE',''
  ) );
#1399 = ORIENTED_EDGE('',*,*,#1400,.F.);
#1400 = EDGE_CURVE('',#756,#1378,#1401,.T.);
#1401 = SURFACE_CURVE('',#1402,(#1406,#1413),.PCURVE_S1.);
#1402 = LINE('',#1403,#1404);
#1403 = CARTESIAN_POINT('',(0.233634868421,1.861140859231E-17,0.421875)
  );
#1404 = VECTOR('',#1405,1.);
#1405 = DIRECTION('',(6.123233995737E-17,-1.,6.123233995737E-17));
#1406 = PCURVE('',#771,#1407);
#1407 = DEFINITIONAL_REPRESENTATION('',(#1408),#1412);
#1408 = LINE('',#1409,#1410);
#1409 = CARTESIAN_POINT('',(0.1640625,0.));
#1410 = VECTOR('',#1411,1.);
#1411 = DIRECTION('',(-1.232595164408E-32,-1.));
#1412 = ( GEOMETRIC_REPRESENTATION_CONTEXT(2) 
PARAMETRIC_REPRESENTATION_CONTEXT() REPRESENTATION_CONTEXT('2D SPACE',''
  ) );
#1413 = PCURVE('',#799,#1414);
#1414 = DEFINITIONAL_REPRESENTATION('',(#1415),#1419);
#1415 = LINE('',#1416,#1417);
#1416 = CARTESIAN_POINT('',(0.,0.));
#1417 = VECTOR('',#1418,1.);
#1418 = DIRECTION('',(1.232595164408E-32,-1.));
#1419 = ( GEOMETRIC_REPRESENTATION_CONTEXT(2) 
PARAMETRIC_REPRESENTATION_CONTEXT() REPRESENTATION_CONTEXT('2D SPACE',''
  ) );
#1420 = ORIENTED_EDGE('',*,*,#755,.F.);
#1421 = ADVANCED_FACE('',(#1422),#799,.F.);
#1422 = FACE_BOUND('',#1423,.F.);
#1423 = EDGE_LOOP('',(#1424,#1425,#1446,#1447));
#1424 = ORIENTED_EDGE('',*,*,#1400,.T.);
#1425 = ORIENTED_EDGE('',*,*,#1426,.T.);
#1426 = EDGE_CURVE('',#1378,#1280,#1427,.T.);
#1427 = SURFACE_CURVE('',#1428,(#1432,#1439),.PCURVE_S1.);
#1428 = LINE('',#1429,#1430);
#1429 = CARTESIAN_POINT('',(0.233634868421,-8.59375E-02,0.421875));
#1430 = VECTOR('',#1431,1.);
#1431 = DIRECTION('',(-1.,-6.123233995737E-17,0.));
#1432 = PCURVE('',#799,#1433);
#1433 = DEFINITIONAL_REPRESENTATION('',(#1434),#1438);
#1434 = LINE('',#1435,#1436);
#1435 = CARTESIAN_POINT('',(5.262154215086E-18,-8.59375E-02));
#1436 = VECTOR('',#1437,1.);
#1437 = DIRECTION('',(1.,0.));
#1438 = ( GEOMETRIC_REPRESENTATION_CONTEXT(2) 
PARAMETRIC_REPRESENTATION_CONTEXT() REPRESENTATION_CONTEXT('2D SPACE',''
  ) );
#1439 = PCURVE('',#1262,#1440);
#1440 = DEFINITIONAL_REPRESENTATION('',(#1441),#1445);
#1441 = LINE('',#1442,#1443);
#1442 = CARTESIAN_POINT('',(0.139884868421,0.1640625));
#1443 = VECTOR('',#1444,1.);
#1444 = DIRECTION('',(-1.,-6.123233995737E-17));
#1445 = ( GEOMETRIC_REPRESENTATION_CONTEXT(2) 
PARAMETRIC_REPRESENTATION_CONTEXT() REPRESENTATION_CONTEXT('2D SPACE',''
  ) );
#1446 = ORIENTED_EDGE('',*,*,#1279,.F.);
#1447 = ORIENTED_EDGE('',*,*,#783,.F.);
#1448 = ADVANCED_FACE('',(#1449),#925,.F.);
#1449 = FACE_BOUND('',#1450,.F.);
#1450 = EDGE_LOOP('',(#1451,#1479,#1505,#1506));
#1451 = ORIENTED_EDGE('',*,*,#1452,.T.);
#1452 = EDGE_CURVE('',#993,#1453,#1455,.T.);
#1453 = VERTEX_POINT('',#1454);
#1454 = CARTESIAN_POINT('',(-9.375E-02,1.003082411144E-17,
    -0.250246710526));
#1455 = SURFACE_CURVE('',#1456,(#1460,#1467),.PCURVE_S1.);
#1456 = LINE('',#1457,#1458);
#1457 = CARTESIAN_POINT('',(-9.375E-02,1.578646264526E-17,0.));
#1458 = VECTOR('',#1459,1.);
#1459 = DIRECTION('',(-5.382899513334E-17,-6.123233995737E-17,-1.));
#1460 = PCURVE('',#925,#1461);
#1461 = DEFINITIONAL_REPRESENTATION('',(#1462),#1466);
#1462 = LINE('',#1463,#1464);
#1463 = CARTESIAN_POINT('',(0.1328125,0.4140625));
#1464 = VECTOR('',#1465,1.);
#1465 = DIRECTION('',(7.403344824027E-18,-1.));
#1466 = ( GEOMETRIC_REPRESENTATION_CONTEXT(2) 
PARAMETRIC_REPRESENTATION_CONTEXT() REPRESENTATION_CONTEXT('2D SPACE',''
  ) );
#1467 = PCURVE('',#1468,#1473);
#1468 = PLANE('',#1469);
#1469 = AXIS2_PLACEMENT_3D('',#1470,#1471,#1472);
#1470 = CARTESIAN_POINT('',(-0.2265625,0.,-0.4140625));
#1471 = DIRECTION('',(6.123233995737E-17,-1.,6.123233995737E-17));
#1472 = DIRECTION('',(1.,6.123233995737E-17,-6.123233995737E-17));
#1473 = DEFINITIONAL_REPRESENTATION('',(#1474),#1478);
#1474 = LINE('',#1475,#1476);
#1475 = CARTESIAN_POINT('',(0.1328125,0.4140625));
#1476 = VECTOR('',#1477,1.);
#1477 = DIRECTION('',(7.403344824027E-18,-1.));
#1478 = ( GEOMETRIC_REPRESENTATION_CONTEXT(2) 
PARAMETRIC_REPRESENTATION_CONTEXT() REPRESENTATION_CONTEXT('2D SPACE',''
  ) );
#1479 = ORIENTED_EDGE('',*,*,#1480,.F.);
#1480 = EDGE_CURVE('',#908,#1453,#1481,.T.);
#1481 = SURFACE_CURVE('',#1482,(#1486,#1493),.PCURVE_S1.);
#1482 = LINE('',#1483,#1484);
#1483 = CARTESIAN_POINT('',(9.375E-02,2.151188785344E-17,-0.250246710526
    ));
#1484 = VECTOR('',#1485,1.);
#1485 = DIRECTION('',(-1.,-6.123233995737E-17,0.));
#1486 = PCURVE('',#925,#1487);
#1487 = DEFINITIONAL_REPRESENTATION('',(#1488),#1492);
#1488 = LINE('',#1489,#1490);
#1489 = CARTESIAN_POINT('',(0.3203125,0.163815789474));
#1490 = VECTOR('',#1491,1.);
#1491 = DIRECTION('',(-1.,-6.123233995737E-17));
#1492 = ( GEOMETRIC_REPRESENTATION_CONTEXT(2) 
PARAMETRIC_REPRESENTATION_CONTEXT() REPRESENTATION_CONTEXT('2D SPACE',''
  ) );
#1493 = PCURVE('',#1494,#1499);
#1494 = PLANE('',#1495);
#1495 = AXIS2_PLACEMENT_3D('',#1496,#1497,#1498);
#1496 = CARTESIAN_POINT('',(-0.2265625,0.,-0.4140625));
#1497 = DIRECTION('',(6.123233995737E-17,-1.,6.123233995737E-17));
#1498 = DIRECTION('',(1.,6.123233995737E-17,-6.123233995737E-17));
#1499 = DEFINITIONAL_REPRESENTATION('',(#1500),#1504);
#1500 = LINE('',#1501,#1502);
#1501 = CARTESIAN_POINT('',(0.3203125,0.163815789474));
#1502 = VECTOR('',#1503,1.);
#1503 = DIRECTION('',(-1.,-6.123233995737E-17));
#1504 = ( GEOMETRIC_REPRESENTATION_CONTEXT(2) 
PARAMETRIC_REPRESENTATION_CONTEXT() REPRESENTATION_CONTEXT('2D SPACE',''
  ) );
#1505 = ORIENTED_EDGE('',*,*,#907,.T.);
#1506 = ORIENTED_EDGE('',*,*,#1020,.T.);
#1507 = ADVANCED_FACE('',(#1508),#1008,.F.);
#1508 = FACE_BOUND('',#1509,.F.);
#1509 = EDGE_LOOP('',(#1510,#1511,#1512,#1540));
#1510 = ORIENTED_EDGE('',*,*,#992,.F.);
#1511 = ORIENTED_EDGE('',*,*,#1122,.T.);
#1512 = ORIENTED_EDGE('',*,*,#1513,.T.);
#1513 = EDGE_CURVE('',#1100,#1514,#1516,.T.);
#1514 = VERTEX_POINT('',#1515);
#1515 = CARTESIAN_POINT('',(-9.375E-02,-8.59375E-02,-0.25));
#1516 = SURFACE_CURVE('',#1517,(#1521,#1528),.PCURVE_S1.);
#1517 = LINE('',#1518,#1519);
#1518 = CARTESIAN_POINT('',(-9.375E-02,-8.59375E-02,5.262154215086E-18)
  );
#1519 = VECTOR('',#1520,1.);
#1520 = DIRECTION('',(-5.382899513334E-17,-6.123233995737E-17,-1.));
#1521 = PCURVE('',#1008,#1522);
#1522 = DEFINITIONAL_REPRESENTATION('',(#1523),#1527);
#1523 = LINE('',#1524,#1525);
#1524 = CARTESIAN_POINT('',(0.,-8.59375E-02));
#1525 = VECTOR('',#1526,1.);
#1526 = DIRECTION('',(1.,0.));
#1527 = ( GEOMETRIC_REPRESENTATION_CONTEXT(2) 
PARAMETRIC_REPRESENTATION_CONTEXT() REPRESENTATION_CONTEXT('2D SPACE',''
  ) );
#1528 = PCURVE('',#1529,#1534);
#1529 = PLANE('',#1530);
#1530 = AXIS2_PLACEMENT_3D('',#1531,#1532,#1533);
#1531 = CARTESIAN_POINT('',(-9.375E-02,-8.59375E-02,-0.2578125));
#1532 = DIRECTION('',(6.123233995737E-17,-1.,6.123233995737E-17));
#1533 = DIRECTION('',(1.,6.123233995737E-17,-6.123233995737E-17));
#1534 = DEFINITIONAL_REPRESENTATION('',(#1535),#1539);
#1535 = LINE('',#1536,#1537);
#1536 = CARTESIAN_POINT('',(-1.908674837444E-18,0.2578125));
#1537 = VECTOR('',#1538,1.);
#1538 = DIRECTION('',(7.403344824027E-18,-1.));
#1539 = ( GEOMETRIC_REPRESENTATION_CONTEXT(2) 
PARAMETRIC_REPRESENTATION_CONTEXT() REPRESENTATION_CONTEXT('2D SPACE',''
  ) );
#1540 = ORIENTED_EDGE('',*,*,#1541,.F.);
#1541 = EDGE_CURVE('',#993,#1514,#1542,.T.);
#1542 = SURFACE_CURVE('',#1543,(#1547,#1553),.PCURVE_S1.);
#1543 = LINE('',#1544,#1545);
#1544 = CARTESIAN_POINT('',(-9.375E-02,9.32836429038E-18,-0.25));
#1545 = VECTOR('',#1546,1.);
#1546 = DIRECTION('',(6.123233995737E-17,-1.,6.123233995737E-17));
#1547 = PCURVE('',#1008,#1548);
#1548 = DEFINITIONAL_REPRESENTATION('',(#1549),#1552);
#1549 = B_SPLINE_CURVE_WITH_KNOTS('',1,(#1550,#1551),.UNSPECIFIED.,.F.,
  .F.,(2,2),(8.849986634463E-18,8.59375E-02),.PIECEWISE_BEZIER_KNOTS.);
#1550 = CARTESIAN_POINT('',(0.25,0.));
#1551 = CARTESIAN_POINT('',(0.25,-8.59375E-02));
#1552 = ( GEOMETRIC_REPRESENTATION_CONTEXT(2) 
PARAMETRIC_REPRESENTATION_CONTEXT() REPRESENTATION_CONTEXT('2D SPACE',''
  ) );
#1553 = PCURVE('',#1554,#1559);
#1554 = PLANE('',#1555);
#1555 = AXIS2_PLACEMENT_3D('',#1556,#1557,#1558);
#1556 = CARTESIAN_POINT('',(-8.667763157895E-02,1.861140859231E-17,-0.25
    ));
#1557 = DIRECTION('',(3.749399456655E-33,-6.123233995737E-17,-1.));
#1558 = DIRECTION('',(-1.,-6.123233995737E-17,0.));
#1559 = DEFINITIONAL_REPRESENTATION('',(#1560),#1563);
#1560 = B_SPLINE_CURVE_WITH_KNOTS('',1,(#1561,#1562),.UNSPECIFIED.,.F.,
  .F.,(2,2),(8.849986634463E-18,8.59375E-02),.PIECEWISE_BEZIER_KNOTS.);
#1561 = CARTESIAN_POINT('',(7.072368421053E-03,-1.769997326893E-17));
#1562 = CARTESIAN_POINT('',(7.072368421053E-03,-8.59375E-02));
#1563 = ( GEOMETRIC_REPRESENTATION_CONTEXT(2) 
PARAMETRIC_REPRESENTATION_CONTEXT() REPRESENTATION_CONTEXT('2D SPACE',''
  ) );
#1564 = ADVANCED_FACE('',(#1565),#979,.F.);
#1565 = FACE_BOUND('',#1566,.F.);
#1566 = EDGE_LOOP('',(#1567,#1568,#1594,#1615));
#1567 = ORIENTED_EDGE('',*,*,#965,.F.);
#1568 = ORIENTED_EDGE('',*,*,#1569,.T.);
#1569 = EDGE_CURVE('',#938,#1570,#1572,.T.);
#1570 = VERTEX_POINT('',#1571);
#1571 = CARTESIAN_POINT('',(9.078947368421E-02,-8.59375E-02,
    -0.250246710526));
#1572 = SURFACE_CURVE('',#1573,(#1577,#1583),.PCURVE_S1.);
#1573 = LINE('',#1574,#1575);
#1574 = CARTESIAN_POINT('',(9.078947368421E-02,1.654683134045E-17,
    -0.250246710526));
#1575 = VECTOR('',#1576,1.);
#1576 = DIRECTION('',(6.123233995737E-17,-1.,6.123233995737E-17));
#1577 = PCURVE('',#979,#1578);
#1578 = DEFINITIONAL_REPRESENTATION('',(#1579),#1582);
#1579 = B_SPLINE_CURVE_WITH_KNOTS('',1,(#1580,#1581),.UNSPECIFIED.,.F.,
  .F.,(2,2),(4.783776559169E-18,8.59375E-02),.PIECEWISE_BEZIER_KNOTS.);
#1580 = CARTESIAN_POINT('',(7.565789473684E-03,0.));
#1581 = CARTESIAN_POINT('',(7.565789473684E-03,-8.59375E-02));
#1582 = ( GEOMETRIC_REPRESENTATION_CONTEXT(2) 
PARAMETRIC_REPRESENTATION_CONTEXT() REPRESENTATION_CONTEXT('2D SPACE',''
  ) );
#1583 = PCURVE('',#1584,#1589);
#1584 = PLANE('',#1585);
#1585 = AXIS2_PLACEMENT_3D('',#1586,#1587,#1588);
#1586 = CARTESIAN_POINT('',(9.375E-02,2.151188785344E-17,-0.250246710526
    ));
#1587 = DIRECTION('',(3.749399456655E-33,-6.123233995737E-17,-1.));
#1588 = DIRECTION('',(-1.,-6.123233995737E-17,0.));
#1589 = DEFINITIONAL_REPRESENTATION('',(#1590),#1593);
#1590 = B_SPLINE_CURVE_WITH_KNOTS('',1,(#1591,#1592),.UNSPECIFIED.,.F.,
  .F.,(2,2),(4.783776559169E-18,8.59375E-02),.PIECEWISE_BEZIER_KNOTS.);
#1591 = CARTESIAN_POINT('',(2.960526315789E-03,-9.567553118339E-18));
#1592 = CARTESIAN_POINT('',(2.960526315789E-03,-8.59375E-02));
#1593 = ( GEOMETRIC_REPRESENTATION_CONTEXT(2) 
PARAMETRIC_REPRESENTATION_CONTEXT() REPRESENTATION_CONTEXT('2D SPACE',''
  ) );
#1594 = ORIENTED_EDGE('',*,*,#1595,.T.);
#1595 = EDGE_CURVE('',#1570,#1045,#1596,.T.);
#1596 = SURFACE_CURVE('',#1597,(#1601,#1608),.PCURVE_S1.);
#1597 = LINE('',#1598,#1599);
#1598 = CARTESIAN_POINT('',(9.078947368421E-02,-8.59375E-02,-0.2578125)
  );
#1599 = VECTOR('',#1600,1.);
#1600 = DIRECTION('',(1.076579902667E-16,6.123233995737E-17,1.));
#1601 = PCURVE('',#979,#1602);
#1602 = DEFINITIONAL_REPRESENTATION('',(#1603),#1607);
#1603 = LINE('',#1604,#1605);
#1604 = CARTESIAN_POINT('',(-5.262154215086E-18,-8.59375E-02));
#1605 = VECTOR('',#1606,1.);
#1606 = DIRECTION('',(1.,0.));
#1607 = ( GEOMETRIC_REPRESENTATION_CONTEXT(2) 
PARAMETRIC_REPRESENTATION_CONTEXT() REPRESENTATION_CONTEXT('2D SPACE',''
  ) );
#1608 = PCURVE('',#1529,#1609);
#1609 = DEFINITIONAL_REPRESENTATION('',(#1610),#1614);
#1610 = LINE('',#1611,#1612);
#1611 = CARTESIAN_POINT('',(0.184539473684,1.129978378819E-17));
#1612 = VECTOR('',#1613,1.);
#1613 = DIRECTION('',(4.642565030931E-17,1.));
#1614 = ( GEOMETRIC_REPRESENTATION_CONTEXT(2) 
PARAMETRIC_REPRESENTATION_CONTEXT() REPRESENTATION_CONTEXT('2D SPACE',''
  ) );
#1615 = ORIENTED_EDGE('',*,*,#1044,.F.);
#1616 = ADVANCED_FACE('',(#1617),#953,.F.);
#1617 = FACE_BOUND('',#1618,.F.);
#1618 = EDGE_LOOP('',(#1619,#1642,#1670,#1691));
#1619 = ORIENTED_EDGE('',*,*,#1620,.F.);
#1620 = EDGE_CURVE('',#1621,#908,#1623,.T.);
#1621 = VERTEX_POINT('',#1622);
#1622 = CARTESIAN_POINT('',(-8.667763157895E-02,9.283044301925E-18,
    -0.2578125));
#1623 = SURFACE_CURVE('',#1624,(#1628,#1635),.PCURVE_S1.);
#1624 = LINE('',#1625,#1626);
#1625 = CARTESIAN_POINT('',(-8.667763157895E-02,8.56547781805E-18,
    -0.4140625));
#1626 = VECTOR('',#1627,1.);
#1627 = DIRECTION('',(0.,6.123233995737E-17,1.));
#1628 = PCURVE('',#953,#1629);
#1629 = DEFINITIONAL_REPRESENTATION('',(#1630),#1634);
#1630 = LINE('',#1631,#1632);
#1631 = CARTESIAN_POINT('',(7.072368421053E-03,-0.15625));
#1632 = VECTOR('',#1633,1.);
#1633 = DIRECTION('',(-6.123233995737E-17,1.));
#1634 = ( GEOMETRIC_REPRESENTATION_CONTEXT(2) 
PARAMETRIC_REPRESENTATION_CONTEXT() REPRESENTATION_CONTEXT('2D SPACE',''
  ) );
#1635 = PCURVE('',#1494,#1636);
#1636 = DEFINITIONAL_REPRESENTATION('',(#1637),#1641);
#1637 = LINE('',#1638,#1639);
#1638 = CARTESIAN_POINT('',(0.139884868421,8.56547781805E-18));
#1639 = VECTOR('',#1640,1.);
#1640 = DIRECTION('',(-6.123233995737E-17,1.));
#1641 = ( GEOMETRIC_REPRESENTATION_CONTEXT(2) 
PARAMETRIC_REPRESENTATION_CONTEXT() REPRESENTATION_CONTEXT('2D SPACE',''
  ) );
#1642 = ORIENTED_EDGE('',*,*,#1643,.T.);
#1643 = EDGE_CURVE('',#1621,#1644,#1646,.T.);
#1644 = VERTEX_POINT('',#1645);
#1645 = CARTESIAN_POINT('',(9.078947368421E-02,1.129978378819E-17,
    -0.2578125));
#1646 = SURFACE_CURVE('',#1647,(#1651,#1658),.PCURVE_S1.);
#1647 = LINE('',#1648,#1649);
#1648 = CARTESIAN_POINT('',(-9.375E-02,0.,-0.2578125));
#1649 = VECTOR('',#1650,1.);
#1650 = DIRECTION('',(1.,6.123233995737E-17,0.));
#1651 = PCURVE('',#953,#1652);
#1652 = DEFINITIONAL_REPRESENTATION('',(#1653),#1657);
#1653 = LINE('',#1654,#1655);
#1654 = CARTESIAN_POINT('',(0.,0.));
#1655 = VECTOR('',#1656,1.);
#1656 = DIRECTION('',(1.,6.123233995737E-17));
#1657 = ( GEOMETRIC_REPRESENTATION_CONTEXT(2) 
PARAMETRIC_REPRESENTATION_CONTEXT() REPRESENTATION_CONTEXT('2D SPACE',''
  ) );
#1658 = PCURVE('',#1659,#1664);
#1659 = PLANE('',#1660);
#1660 = AXIS2_PLACEMENT_3D('',#1661,#1662,#1663);
#1661 = CARTESIAN_POINT('',(-9.375E-02,0.,-0.4140625));
#1662 = DIRECTION('',(6.123233995737E-17,-1.,6.123233995737E-17));
#1663 = DIRECTION('',(1.,6.123233995737E-17,-6.123233995737E-17));
#1664 = DEFINITIONAL_REPRESENTATION('',(#1665),#1669);
#1665 = LINE('',#1666,#1667);
#1666 = CARTESIAN_POINT('',(-9.567553118339E-18,0.15625));
#1667 = VECTOR('',#1668,1.);
#1668 = DIRECTION('',(1.,6.123233995737E-17));
#1669 = ( GEOMETRIC_REPRESENTATION_CONTEXT(2) 
PARAMETRIC_REPRESENTATION_CONTEXT() REPRESENTATION_CONTEXT('2D SPACE',''
  ) );
#1670 = ORIENTED_EDGE('',*,*,#1671,.T.);
#1671 = EDGE_CURVE('',#1644,#938,#1672,.T.);
#1672 = SURFACE_CURVE('',#1673,(#1677,#1684),.PCURVE_S1.);
#1673 = LINE('',#1674,#1675);
#1674 = CARTESIAN_POINT('',(9.078947368421E-02,1.129978378819E-17,
    -0.2578125));
#1675 = VECTOR('',#1676,1.);
#1676 = DIRECTION('',(1.076579902667E-16,6.123233995737E-17,1.));
#1677 = PCURVE('',#953,#1678);
#1678 = DEFINITIONAL_REPRESENTATION('',(#1679),#1683);
#1679 = LINE('',#1680,#1681);
#1680 = CARTESIAN_POINT('',(0.184539473684,1.129978378819E-17));
#1681 = VECTOR('',#1682,1.);
#1682 = DIRECTION('',(4.642565030931E-17,1.));
#1683 = ( GEOMETRIC_REPRESENTATION_CONTEXT(2) 
PARAMETRIC_REPRESENTATION_CONTEXT() REPRESENTATION_CONTEXT('2D SPACE',''
  ) );
#1684 = PCURVE('',#1659,#1685);
#1685 = DEFINITIONAL_REPRESENTATION('',(#1686),#1690);
#1686 = LINE('',#1687,#1688);
#1687 = CARTESIAN_POINT('',(0.184539473684,0.15625));
#1688 = VECTOR('',#1689,1.);
#1689 = DIRECTION('',(4.642565030931E-17,1.));
#1690 = ( GEOMETRIC_REPRESENTATION_CONTEXT(2) 
PARAMETRIC_REPRESENTATION_CONTEXT() REPRESENTATION_CONTEXT('2D SPACE',''
  ) );
#1691 = ORIENTED_EDGE('',*,*,#937,.T.);
#1692 = ADVANCED_FACE('',(#1693),#1081,.T.);
#1693 = FACE_BOUND('',#1694,.T.);
#1694 = EDGE_LOOP('',(#1695,#1716,#1717,#1718,#1739));
#1695 = ORIENTED_EDGE('',*,*,#1696,.F.);
#1696 = EDGE_CURVE('',#1045,#1100,#1697,.T.);
#1697 = SURFACE_CURVE('',#1698,(#1702,#1709),.PCURVE_S1.);
#1698 = LINE('',#1699,#1700);
#1699 = CARTESIAN_POINT('',(9.078947368421E-02,-8.59375E-02,
    5.262154215086E-18));
#1700 = VECTOR('',#1701,1.);
#1701 = DIRECTION('',(-1.,-6.123233995737E-17,0.));
#1702 = PCURVE('',#1081,#1703);
#1703 = DEFINITIONAL_REPRESENTATION('',(#1704),#1708);
#1704 = LINE('',#1705,#1706);
#1705 = CARTESIAN_POINT('',(0.184539473684,1.129978378819E-17));
#1706 = VECTOR('',#1707,1.);
#1707 = DIRECTION('',(-1.,-6.123233995737E-17));
#1708 = ( GEOMETRIC_REPRESENTATION_CONTEXT(2) 
PARAMETRIC_REPRESENTATION_CONTEXT() REPRESENTATION_CONTEXT('2D SPACE',''
  ) );
#1709 = PCURVE('',#1529,#1710);
#1710 = DEFINITIONAL_REPRESENTATION('',(#1711),#1715);
#1711 = LINE('',#1712,#1713);
#1712 = CARTESIAN_POINT('',(0.184539473684,0.2578125));
#1713 = VECTOR('',#1714,1.);
#1714 = DIRECTION('',(-1.,-6.123233995737E-17));
#1715 = ( GEOMETRIC_REPRESENTATION_CONTEXT(2) 
PARAMETRIC_REPRESENTATION_CONTEXT() REPRESENTATION_CONTEXT('2D SPACE',''
  ) );
#1716 = ORIENTED_EDGE('',*,*,#1067,.T.);
#1717 = ORIENTED_EDGE('',*,*,#1226,.T.);
#1718 = ORIENTED_EDGE('',*,*,#1719,.F.);
#1719 = EDGE_CURVE('',#622,#1204,#1720,.T.);
#1720 = SURFACE_CURVE('',#1721,(#1725,#1732),.PCURVE_S1.);
#1721 = LINE('',#1722,#1723);
#1722 = CARTESIAN_POINT('',(-0.2265625,-8.59375E-02,0.2578125));
#1723 = VECTOR('',#1724,1.);
#1724 = DIRECTION('',(1.,6.123233995737E-17,0.));
#1725 = PCURVE('',#1081,#1726);
#1726 = DEFINITIONAL_REPRESENTATION('',(#1727),#1731);
#1727 = LINE('',#1728,#1729);
#1728 = CARTESIAN_POINT('',(-0.1328125,0.2578125));
#1729 = VECTOR('',#1730,1.);
#1730 = DIRECTION('',(1.,6.123233995737E-17));
#1731 = ( GEOMETRIC_REPRESENTATION_CONTEXT(2) 
PARAMETRIC_REPRESENTATION_CONTEXT() REPRESENTATION_CONTEXT('2D SPACE',''
  ) );
#1732 = PCURVE('',#1165,#1733);
#1733 = DEFINITIONAL_REPRESENTATION('',(#1734),#1738);
#1734 = LINE('',#1735,#1736);
#1735 = CARTESIAN_POINT('',(0.,0.));
#1736 = VECTOR('',#1737,1.);
#1737 = DIRECTION('',(1.,6.123233995737E-17));
#1738 = ( GEOMETRIC_REPRESENTATION_CONTEXT(2) 
PARAMETRIC_REPRESENTATION_CONTEXT() REPRESENTATION_CONTEXT('2D SPACE',''
  ) );
#1739 = ORIENTED_EDGE('',*,*,#1099,.T.);
#1740 = ADVANCED_FACE('',(#1741),#1165,.T.);
#1741 = FACE_BOUND('',#1742,.T.);
#1742 = EDGE_LOOP('',(#1743,#1744,#1745,#1746));
#1743 = ORIENTED_EDGE('',*,*,#1149,.T.);
#1744 = ORIENTED_EDGE('',*,*,#1719,.T.);
#1745 = ORIENTED_EDGE('',*,*,#1203,.T.);
#1746 = ORIENTED_EDGE('',*,*,#1177,.T.);
#1747 = ADVANCED_FACE('',(#1748),#1262,.T.);
#1748 = FACE_BOUND('',#1749,.T.);
#1749 = EDGE_LOOP('',(#1750,#1751,#1752,#1753,#1754));
#1750 = ORIENTED_EDGE('',*,*,#1328,.T.);
#1751 = ORIENTED_EDGE('',*,*,#1377,.T.);
#1752 = ORIENTED_EDGE('',*,*,#1426,.T.);
#1753 = ORIENTED_EDGE('',*,*,#1302,.T.);
#1754 = ORIENTED_EDGE('',*,*,#1248,.T.);
#1755 = ADVANCED_FACE('',(#1756),#1468,.F.);
#1756 = FACE_BOUND('',#1757,.F.);
#1757 = EDGE_LOOP('',(#1758,#1781,#1809,#1837,#1865,#1886));
#1758 = ORIENTED_EDGE('',*,*,#1759,.T.);
#1759 = EDGE_CURVE('',#993,#1760,#1762,.T.);
#1760 = VERTEX_POINT('',#1761);
#1761 = CARTESIAN_POINT('',(-0.2265625,1.004593077426E-17,-0.25));
#1762 = SURFACE_CURVE('',#1763,(#1767,#1774),.PCURVE_S1.);
#1763 = LINE('',#1764,#1765);
#1764 = CARTESIAN_POINT('',(-8.667763157895E-02,1.861140859231E-17,-0.25
    ));
#1765 = VECTOR('',#1766,1.);
#1766 = DIRECTION('',(-1.,-6.123233995737E-17,0.));
#1767 = PCURVE('',#1468,#1768);
#1768 = DEFINITIONAL_REPRESENTATION('',(#1769),#1773);
#1769 = LINE('',#1770,#1771);
#1770 = CARTESIAN_POINT('',(0.139884868421,0.1640625));
#1771 = VECTOR('',#1772,1.);
#1772 = DIRECTION('',(-1.,-6.123233995737E-17));
#1773 = ( GEOMETRIC_REPRESENTATION_CONTEXT(2) 
PARAMETRIC_REPRESENTATION_CONTEXT() REPRESENTATION_CONTEXT('2D SPACE',''
  ) );
#1774 = PCURVE('',#1554,#1775);
#1775 = DEFINITIONAL_REPRESENTATION('',(#1776),#1780);
#1776 = LINE('',#1777,#1778);
#1777 = CARTESIAN_POINT('',(0.,0.));
#1778 = VECTOR('',#1779,1.);
#1779 = DIRECTION('',(1.,0.));
#1780 = ( GEOMETRIC_REPRESENTATION_CONTEXT(2) 
PARAMETRIC_REPRESENTATION_CONTEXT() REPRESENTATION_CONTEXT('2D SPACE',''
  ) );
#1781 = ORIENTED_EDGE('',*,*,#1782,.T.);
#1782 = EDGE_CURVE('',#1760,#1783,#1785,.T.);
#1783 = VERTEX_POINT('',#1784);
#1784 = CARTESIAN_POINT('',(-0.2265625,0.,-0.4140625));
#1785 = SURFACE_CURVE('',#1786,(#1790,#1797),.PCURVE_S1.);
#1786 = LINE('',#1787,#1788);
#1787 = CARTESIAN_POINT('',(-0.2265625,1.004593077426E-17,-0.25));
#1788 = VECTOR('',#1789,1.);
#1789 = DIRECTION('',(0.,-6.123233995737E-17,-1.));
#1790 = PCURVE('',#1468,#1791);
#1791 = DEFINITIONAL_REPRESENTATION('',(#1792),#1796);
#1792 = LINE('',#1793,#1794);
#1793 = CARTESIAN_POINT('',(-1.004593077426E-17,0.1640625));
#1794 = VECTOR('',#1795,1.);
#1795 = DIRECTION('',(6.123233995737E-17,-1.));
#1796 = ( GEOMETRIC_REPRESENTATION_CONTEXT(2) 
PARAMETRIC_REPRESENTATION_CONTEXT() REPRESENTATION_CONTEXT('2D SPACE',''
  ) );
#1797 = PCURVE('',#1798,#1803);
#1798 = PLANE('',#1799);
#1799 = AXIS2_PLACEMENT_3D('',#1800,#1801,#1802);
#1800 = CARTESIAN_POINT('',(-0.2265625,1.004593077426E-17,-0.25));
#1801 = DIRECTION('',(1.,6.123233995737E-17,-3.749399456655E-33));
#1802 = DIRECTION('',(0.,-6.123233995737E-17,-1.));
#1803 = DEFINITIONAL_REPRESENTATION('',(#1804),#1808);
#1804 = LINE('',#1805,#1806);
#1805 = CARTESIAN_POINT('',(0.,0.));
#1806 = VECTOR('',#1807,1.);
#1807 = DIRECTION('',(1.,0.));
#1808 = ( GEOMETRIC_REPRESENTATION_CONTEXT(2) 
PARAMETRIC_REPRESENTATION_CONTEXT() REPRESENTATION_CONTEXT('2D SPACE',''
  ) );
#1809 = ORIENTED_EDGE('',*,*,#1810,.T.);
#1810 = EDGE_CURVE('',#1783,#1811,#1813,.T.);
#1811 = VERTEX_POINT('',#1812);
#1812 = CARTESIAN_POINT('',(-9.375E-02,0.,-0.4140625));
#1813 = SURFACE_CURVE('',#1814,(#1818,#1825),.PCURVE_S1.);
#1814 = LINE('',#1815,#1816);
#1815 = CARTESIAN_POINT('',(-0.2265625,0.,-0.4140625));
#1816 = VECTOR('',#1817,1.);
#1817 = DIRECTION('',(1.,6.123233995737E-17,0.));
#1818 = PCURVE('',#1468,#1819);
#1819 = DEFINITIONAL_REPRESENTATION('',(#1820),#1824);
#1820 = LINE('',#1821,#1822);
#1821 = CARTESIAN_POINT('',(0.,0.));
#1822 = VECTOR('',#1823,1.);
#1823 = DIRECTION('',(1.,6.123233995737E-17));
#1824 = ( GEOMETRIC_REPRESENTATION_CONTEXT(2) 
PARAMETRIC_REPRESENTATION_CONTEXT() REPRESENTATION_CONTEXT('2D SPACE',''
  ) );
#1825 = PCURVE('',#1826,#1831);
#1826 = PLANE('',#1827);
#1827 = AXIS2_PLACEMENT_3D('',#1828,#1829,#1830);
#1828 = CARTESIAN_POINT('',(-0.2265625,0.,-0.4140625));
#1829 = DIRECTION('',(-3.749399456655E-33,6.123233995737E-17,1.));
#1830 = DIRECTION('',(1.,6.123233995737E-17,0.));
#1831 = DEFINITIONAL_REPRESENTATION('',(#1832),#1836);
#1832 = LINE('',#1833,#1834);
#1833 = CARTESIAN_POINT('',(0.,0.));
#1834 = VECTOR('',#1835,1.);
#1835 = DIRECTION('',(1.,0.));
#1836 = ( GEOMETRIC_REPRESENTATION_CONTEXT(2) 
PARAMETRIC_REPRESENTATION_CONTEXT() REPRESENTATION_CONTEXT('2D SPACE',''
  ) );
#1837 = ORIENTED_EDGE('',*,*,#1838,.F.);
#1838 = EDGE_CURVE('',#1839,#1811,#1841,.T.);
#1839 = VERTEX_POINT('',#1840);
#1840 = CARTESIAN_POINT('',(-9.375E-02,0.,-0.2578125));
#1841 = SURFACE_CURVE('',#1842,(#1846,#1853),.PCURVE_S1.);
#1842 = LINE('',#1843,#1844);
#1843 = CARTESIAN_POINT('',(-9.375E-02,1.003082411144E-17,
    -0.250246710526));
#1844 = VECTOR('',#1845,1.);
#1845 = DIRECTION('',(-8.471581312401E-17,-6.123233995737E-17,-1.));
#1846 = PCURVE('',#1468,#1847);
#1847 = DEFINITIONAL_REPRESENTATION('',(#1848),#1852);
#1848 = LINE('',#1849,#1850);
#1849 = CARTESIAN_POINT('',(0.1328125,0.163815789474));
#1850 = VECTOR('',#1851,1.);
#1851 = DIRECTION('',(-2.348347316664E-17,-1.));
#1852 = ( GEOMETRIC_REPRESENTATION_CONTEXT(2) 
PARAMETRIC_REPRESENTATION_CONTEXT() REPRESENTATION_CONTEXT('2D SPACE',''
  ) );
#1853 = PCURVE('',#1854,#1859);
#1854 = PLANE('',#1855);
#1855 = AXIS2_PLACEMENT_3D('',#1856,#1857,#1858);
#1856 = CARTESIAN_POINT('',(-0.2265625,0.,-0.4140625));
#1857 = DIRECTION('',(6.123233995737E-17,-1.,6.123233995737E-17));
#1858 = DIRECTION('',(1.,6.123233995737E-17,-6.123233995737E-17));
#1859 = DEFINITIONAL_REPRESENTATION('',(#1860),#1864);
#1860 = LINE('',#1861,#1862);
#1861 = CARTESIAN_POINT('',(0.1328125,0.163815789474));
#1862 = VECTOR('',#1863,1.);
#1863 = DIRECTION('',(-2.348347316664E-17,-1.));
#1864 = ( GEOMETRIC_REPRESENTATION_CONTEXT(2) 
PARAMETRIC_REPRESENTATION_CONTEXT() REPRESENTATION_CONTEXT('2D SPACE',''
  ) );
#1865 = ORIENTED_EDGE('',*,*,#1866,.F.);
#1866 = EDGE_CURVE('',#1453,#1839,#1867,.T.);
#1867 = SURFACE_CURVE('',#1868,(#1872,#1879),.PCURVE_S1.);
#1868 = LINE('',#1869,#1870);
#1869 = CARTESIAN_POINT('',(-9.375E-02,1.578646264526E-17,0.));
#1870 = VECTOR('',#1871,1.);
#1871 = DIRECTION('',(-5.382899513334E-17,-6.123233995737E-17,-1.));
#1872 = PCURVE('',#1468,#1873);
#1873 = DEFINITIONAL_REPRESENTATION('',(#1874),#1878);
#1874 = LINE('',#1875,#1876);
#1875 = CARTESIAN_POINT('',(0.1328125,0.4140625));
#1876 = VECTOR('',#1877,1.);
#1877 = DIRECTION('',(7.403344824027E-18,-1.));
#1878 = ( GEOMETRIC_REPRESENTATION_CONTEXT(2) 
PARAMETRIC_REPRESENTATION_CONTEXT() REPRESENTATION_CONTEXT('2D SPACE',''
  ) );
#1879 = PCURVE('',#1494,#1880);
#1880 = DEFINITIONAL_REPRESENTATION('',(#1881),#1885);
#1881 = LINE('',#1882,#1883);
#1882 = CARTESIAN_POINT('',(0.1328125,0.4140625));
#1883 = VECTOR('',#1884,1.);
#1884 = DIRECTION('',(7.403344824027E-18,-1.));
#1885 = ( GEOMETRIC_REPRESENTATION_CONTEXT(2) 
PARAMETRIC_REPRESENTATION_CONTEXT() REPRESENTATION_CONTEXT('2D SPACE',''
  ) );
#1886 = ORIENTED_EDGE('',*,*,#1452,.F.);
#1887 = ADVANCED_FACE('',(#1888),#1494,.F.);
#1888 = FACE_BOUND('',#1889,.F.);
#1889 = EDGE_LOOP('',(#1890,#1891,#1912,#1913));
#1890 = ORIENTED_EDGE('',*,*,#1866,.T.);
#1891 = ORIENTED_EDGE('',*,*,#1892,.T.);
#1892 = EDGE_CURVE('',#1839,#1621,#1893,.T.);
#1893 = SURFACE_CURVE('',#1894,(#1898,#1905),.PCURVE_S1.);
#1894 = LINE('',#1895,#1896);
#1895 = CARTESIAN_POINT('',(-9.375E-02,0.,-0.2578125));
#1896 = VECTOR('',#1897,1.);
#1897 = DIRECTION('',(1.,6.123233995737E-17,0.));
#1898 = PCURVE('',#1494,#1899);
#1899 = DEFINITIONAL_REPRESENTATION('',(#1900),#1904);
#1900 = LINE('',#1901,#1902);
#1901 = CARTESIAN_POINT('',(0.1328125,0.15625));
#1902 = VECTOR('',#1903,1.);
#1903 = DIRECTION('',(1.,6.123233995737E-17));
#1904 = ( GEOMETRIC_REPRESENTATION_CONTEXT(2) 
PARAMETRIC_REPRESENTATION_CONTEXT() REPRESENTATION_CONTEXT('2D SPACE',''
  ) );
#1905 = PCURVE('',#1854,#1906);
#1906 = DEFINITIONAL_REPRESENTATION('',(#1907),#1911);
#1907 = LINE('',#1908,#1909);
#1908 = CARTESIAN_POINT('',(0.1328125,0.15625));
#1909 = VECTOR('',#1910,1.);
#1910 = DIRECTION('',(1.,6.123233995737E-17));
#1911 = ( GEOMETRIC_REPRESENTATION_CONTEXT(2) 
PARAMETRIC_REPRESENTATION_CONTEXT() REPRESENTATION_CONTEXT('2D SPACE',''
  ) );
#1912 = ORIENTED_EDGE('',*,*,#1620,.T.);
#1913 = ORIENTED_EDGE('',*,*,#1480,.T.);
#1914 = ADVANCED_FACE('',(#1915),#1554,.F.);
#1915 = FACE_BOUND('',#1916,.F.);
#1916 = EDGE_LOOP('',(#1917,#1918,#1919,#1947));
#1917 = ORIENTED_EDGE('',*,*,#1759,.F.);
#1918 = ORIENTED_EDGE('',*,*,#1541,.T.);
#1919 = ORIENTED_EDGE('',*,*,#1920,.T.);
#1920 = EDGE_CURVE('',#1514,#1921,#1923,.T.);
#1921 = VERTEX_POINT('',#1922);
#1922 = CARTESIAN_POINT('',(-0.2265625,-8.59375E-02,-0.25));
#1923 = SURFACE_CURVE('',#1924,(#1928,#1935),.PCURVE_S1.);
#1924 = LINE('',#1925,#1926);
#1925 = CARTESIAN_POINT('',(-8.667763157895E-02,-8.59375E-02,-0.25));
#1926 = VECTOR('',#1927,1.);
#1927 = DIRECTION('',(-1.,-6.123233995737E-17,0.));
#1928 = PCURVE('',#1554,#1929);
#1929 = DEFINITIONAL_REPRESENTATION('',(#1930),#1934);
#1930 = LINE('',#1931,#1932);
#1931 = CARTESIAN_POINT('',(5.262154215086E-18,-8.59375E-02));
#1932 = VECTOR('',#1933,1.);
#1933 = DIRECTION('',(1.,0.));
#1934 = ( GEOMETRIC_REPRESENTATION_CONTEXT(2) 
PARAMETRIC_REPRESENTATION_CONTEXT() REPRESENTATION_CONTEXT('2D SPACE',''
  ) );
#1935 = PCURVE('',#1936,#1941);
#1936 = PLANE('',#1937);
#1937 = AXIS2_PLACEMENT_3D('',#1938,#1939,#1940);
#1938 = CARTESIAN_POINT('',(-0.2265625,-8.59375E-02,-0.4140625));
#1939 = DIRECTION('',(6.123233995737E-17,-1.,6.123233995737E-17));
#1940 = DIRECTION('',(1.,6.123233995737E-17,-6.123233995737E-17));
#1941 = DEFINITIONAL_REPRESENTATION('',(#1942),#1946);
#1942 = LINE('',#1943,#1944);
#1943 = CARTESIAN_POINT('',(0.139884868421,0.1640625));
#1944 = VECTOR('',#1945,1.);
#1945 = DIRECTION('',(-1.,-6.123233995737E-17));
#1946 = ( GEOMETRIC_REPRESENTATION_CONTEXT(2) 
PARAMETRIC_REPRESENTATION_CONTEXT() REPRESENTATION_CONTEXT('2D SPACE',''
  ) );
#1947 = ORIENTED_EDGE('',*,*,#1948,.F.);
#1948 = EDGE_CURVE('',#1760,#1921,#1949,.T.);
#1949 = SURFACE_CURVE('',#1950,(#1954,#1961),.PCURVE_S1.);
#1950 = LINE('',#1951,#1952);
#1951 = CARTESIAN_POINT('',(-0.2265625,1.004593077426E-17,-0.25));
#1952 = VECTOR('',#1953,1.);
#1953 = DIRECTION('',(6.123233995737E-17,-1.,6.123233995737E-17));
#1954 = PCURVE('',#1554,#1955);
#1955 = DEFINITIONAL_REPRESENTATION('',(#1956),#1960);
#1956 = LINE('',#1957,#1958);
#1957 = CARTESIAN_POINT('',(0.139884868421,0.));
#1958 = VECTOR('',#1959,1.);
#1959 = DIRECTION('',(1.232595164408E-32,-1.));
#1960 = ( GEOMETRIC_REPRESENTATION_CONTEXT(2) 
PARAMETRIC_REPRESENTATION_CONTEXT() REPRESENTATION_CONTEXT('2D SPACE',''
  ) );
#1961 = PCURVE('',#1798,#1962);
#1962 = DEFINITIONAL_REPRESENTATION('',(#1963),#1967);
#1963 = LINE('',#1964,#1965);
#1964 = CARTESIAN_POINT('',(0.,0.));
#1965 = VECTOR('',#1966,1.);
#1966 = DIRECTION('',(0.,-1.));
#1967 = ( GEOMETRIC_REPRESENTATION_CONTEXT(2) 
PARAMETRIC_REPRESENTATION_CONTEXT() REPRESENTATION_CONTEXT('2D SPACE',''
  ) );
#1968 = ADVANCED_FACE('',(#1969),#1529,.T.);
#1969 = FACE_BOUND('',#1970,.T.);
#1970 = EDGE_LOOP('',(#1971,#2001,#2027,#2028,#2029,#2030));
#1971 = ORIENTED_EDGE('',*,*,#1972,.F.);
#1972 = EDGE_CURVE('',#1973,#1975,#1977,.T.);
#1973 = VERTEX_POINT('',#1974);
#1974 = CARTESIAN_POINT('',(-8.667763157895E-02,-8.59375E-02,
    -0.250246710526));
#1975 = VERTEX_POINT('',#1976);
#1976 = CARTESIAN_POINT('',(-8.667763157895E-02,-8.59375E-02,-0.25));
#1977 = SURFACE_CURVE('',#1978,(#1982,#1989),.PCURVE_S1.);
#1978 = LINE('',#1979,#1980);
#1979 = CARTESIAN_POINT('',(-8.667763157895E-02,-8.59375E-02,-0.4140625)
  );
#1980 = VECTOR('',#1981,1.);
#1981 = DIRECTION('',(0.,6.123233995737E-17,1.));
#1982 = PCURVE('',#1529,#1983);
#1983 = DEFINITIONAL_REPRESENTATION('',(#1984),#1988);
#1984 = LINE('',#1985,#1986);
#1985 = CARTESIAN_POINT('',(7.072368421053E-03,-0.15625));
#1986 = VECTOR('',#1987,1.);
#1987 = DIRECTION('',(-6.123233995737E-17,1.));
#1988 = ( GEOMETRIC_REPRESENTATION_CONTEXT(2) 
PARAMETRIC_REPRESENTATION_CONTEXT() REPRESENTATION_CONTEXT('2D SPACE',''
  ) );
#1989 = PCURVE('',#1990,#1995);
#1990 = PLANE('',#1991);
#1991 = AXIS2_PLACEMENT_3D('',#1992,#1993,#1994);
#1992 = CARTESIAN_POINT('',(-0.2265625,-8.59375E-02,-0.4140625));
#1993 = DIRECTION('',(6.123233995737E-17,-1.,6.123233995737E-17));
#1994 = DIRECTION('',(1.,6.123233995737E-17,-6.123233995737E-17));
#1995 = DEFINITIONAL_REPRESENTATION('',(#1996),#2000);
#1996 = LINE('',#1997,#1998);
#1997 = CARTESIAN_POINT('',(0.139884868421,8.56547781805E-18));
#1998 = VECTOR('',#1999,1.);
#1999 = DIRECTION('',(-6.123233995737E-17,1.));
#2000 = ( GEOMETRIC_REPRESENTATION_CONTEXT(2) 
PARAMETRIC_REPRESENTATION_CONTEXT() REPRESENTATION_CONTEXT('2D SPACE',''
  ) );
#2001 = ORIENTED_EDGE('',*,*,#2002,.F.);
#2002 = EDGE_CURVE('',#1570,#1973,#2003,.T.);
#2003 = SURFACE_CURVE('',#2004,(#2008,#2015),.PCURVE_S1.);
#2004 = LINE('',#2005,#2006);
#2005 = CARTESIAN_POINT('',(9.375E-02,-8.59375E-02,-0.250246710526));
#2006 = VECTOR('',#2007,1.);
#2007 = DIRECTION('',(-1.,-6.123233995737E-17,0.));
#2008 = PCURVE('',#1529,#2009);
#2009 = DEFINITIONAL_REPRESENTATION('',(#2010),#2014);
#2010 = LINE('',#2011,#2012);
#2011 = CARTESIAN_POINT('',(0.1875,7.565789473684E-03));
#2012 = VECTOR('',#2013,1.);
#2013 = DIRECTION('',(-1.,-6.123233995737E-17));
#2014 = ( GEOMETRIC_REPRESENTATION_CONTEXT(2) 
PARAMETRIC_REPRESENTATION_CONTEXT() REPRESENTATION_CONTEXT('2D SPACE',''
  ) );
#2015 = PCURVE('',#2016,#2021);
#2016 = PLANE('',#2017);
#2017 = AXIS2_PLACEMENT_3D('',#2018,#2019,#2020);
#2018 = CARTESIAN_POINT('',(-9.375E-02,-8.59375E-02,-0.2578125));
#2019 = DIRECTION('',(6.123233995737E-17,-1.,6.123233995737E-17));
#2020 = DIRECTION('',(1.,6.123233995737E-17,-6.123233995737E-17));
#2021 = DEFINITIONAL_REPRESENTATION('',(#2022),#2026);
#2022 = LINE('',#2023,#2024);
#2023 = CARTESIAN_POINT('',(0.1875,7.565789473684E-03));
#2024 = VECTOR('',#2025,1.);
#2025 = DIRECTION('',(-1.,-6.123233995737E-17));
#2026 = ( GEOMETRIC_REPRESENTATION_CONTEXT(2) 
PARAMETRIC_REPRESENTATION_CONTEXT() REPRESENTATION_CONTEXT('2D SPACE',''
  ) );
#2027 = ORIENTED_EDGE('',*,*,#1595,.T.);
#2028 = ORIENTED_EDGE('',*,*,#1696,.T.);
#2029 = ORIENTED_EDGE('',*,*,#1513,.T.);
#2030 = ORIENTED_EDGE('',*,*,#2031,.F.);
#2031 = EDGE_CURVE('',#1975,#1514,#2032,.T.);
#2032 = SURFACE_CURVE('',#2033,(#2037,#2044),.PCURVE_S1.);
#2033 = LINE('',#2034,#2035);
#2034 = CARTESIAN_POINT('',(-8.667763157895E-02,-8.59375E-02,-0.25));
#2035 = VECTOR('',#2036,1.);
#2036 = DIRECTION('',(-1.,-6.123233995737E-17,0.));
#2037 = PCURVE('',#1529,#2038);
#2038 = DEFINITIONAL_REPRESENTATION('',(#2039),#2043);
#2039 = LINE('',#2040,#2041);
#2040 = CARTESIAN_POINT('',(7.072368421053E-03,7.8125E-03));
#2041 = VECTOR('',#2042,1.);
#2042 = DIRECTION('',(-1.,-6.123233995737E-17));
#2043 = ( GEOMETRIC_REPRESENTATION_CONTEXT(2) 
PARAMETRIC_REPRESENTATION_CONTEXT() REPRESENTATION_CONTEXT('2D SPACE',''
  ) );
#2044 = PCURVE('',#1990,#2045);
#2045 = DEFINITIONAL_REPRESENTATION('',(#2046),#2050);
#2046 = LINE('',#2047,#2048);
#2047 = CARTESIAN_POINT('',(0.139884868421,0.1640625));
#2048 = VECTOR('',#2049,1.);
#2049 = DIRECTION('',(-1.,-6.123233995737E-17));
#2050 = ( GEOMETRIC_REPRESENTATION_CONTEXT(2) 
PARAMETRIC_REPRESENTATION_CONTEXT() REPRESENTATION_CONTEXT('2D SPACE',''
  ) );
#2051 = ADVANCED_FACE('',(#2052),#1584,.F.);
#2052 = FACE_BOUND('',#2053,.F.);
#2053 = EDGE_LOOP('',(#2054,#2077,#2105,#2131));
#2054 = ORIENTED_EDGE('',*,*,#2055,.F.);
#2055 = EDGE_CURVE('',#2056,#938,#2058,.T.);
#2056 = VERTEX_POINT('',#2057);
#2057 = CARTESIAN_POINT('',(9.375E-02,2.151188785344E-17,-0.250246710526
    ));
#2058 = SURFACE_CURVE('',#2059,(#2063,#2070),.PCURVE_S1.);
#2059 = LINE('',#2060,#2061);
#2060 = CARTESIAN_POINT('',(9.375E-02,2.151188785344E-17,-0.250246710526
    ));
#2061 = VECTOR('',#2062,1.);
#2062 = DIRECTION('',(-1.,-6.123233995737E-17,0.));
#2063 = PCURVE('',#1584,#2064);
#2064 = DEFINITIONAL_REPRESENTATION('',(#2065),#2069);
#2065 = LINE('',#2066,#2067);
#2066 = CARTESIAN_POINT('',(0.,0.));
#2067 = VECTOR('',#2068,1.);
#2068 = DIRECTION('',(1.,0.));
#2069 = ( GEOMETRIC_REPRESENTATION_CONTEXT(2) 
PARAMETRIC_REPRESENTATION_CONTEXT() REPRESENTATION_CONTEXT('2D SPACE',''
  ) );
#2070 = PCURVE('',#1659,#2071);
#2071 = DEFINITIONAL_REPRESENTATION('',(#2072),#2076);
#2072 = LINE('',#2073,#2074);
#2073 = CARTESIAN_POINT('',(0.1875,0.163815789474));
#2074 = VECTOR('',#2075,1.);
#2075 = DIRECTION('',(-1.,-6.123233995737E-17));
#2076 = ( GEOMETRIC_REPRESENTATION_CONTEXT(2) 
PARAMETRIC_REPRESENTATION_CONTEXT() REPRESENTATION_CONTEXT('2D SPACE',''
  ) );
#2077 = ORIENTED_EDGE('',*,*,#2078,.T.);
#2078 = EDGE_CURVE('',#2056,#2079,#2081,.T.);
#2079 = VERTEX_POINT('',#2080);
#2080 = CARTESIAN_POINT('',(9.375E-02,-8.59375E-02,-0.250246710526));
#2081 = SURFACE_CURVE('',#2082,(#2086,#2093),.PCURVE_S1.);
#2082 = LINE('',#2083,#2084);
#2083 = CARTESIAN_POINT('',(9.375E-02,2.151188785344E-17,-0.250246710526
    ));
#2084 = VECTOR('',#2085,1.);
#2085 = DIRECTION('',(6.123233995737E-17,-1.,6.123233995737E-17));
#2086 = PCURVE('',#1584,#2087);
#2087 = DEFINITIONAL_REPRESENTATION('',(#2088),#2092);
#2088 = LINE('',#2089,#2090);
#2089 = CARTESIAN_POINT('',(0.,0.));
#2090 = VECTOR('',#2091,1.);
#2091 = DIRECTION('',(0.,-1.));
#2092 = ( GEOMETRIC_REPRESENTATION_CONTEXT(2) 
PARAMETRIC_REPRESENTATION_CONTEXT() REPRESENTATION_CONTEXT('2D SPACE',''
  ) );
#2093 = PCURVE('',#2094,#2099);
#2094 = PLANE('',#2095);
#2095 = AXIS2_PLACEMENT_3D('',#2096,#2097,#2098);
#2096 = CARTESIAN_POINT('',(9.375E-02,1.004593077426E-17,-0.25));
#2097 = DIRECTION('',(1.,6.123233995737E-17,-8.458842092382E-17));
#2098 = DIRECTION('',(-8.458842092382E-17,-6.123233995737E-17,-1.));
#2099 = DEFINITIONAL_REPRESENTATION('',(#2100),#2104);
#2100 = LINE('',#2101,#2102);
#2101 = CARTESIAN_POINT('',(2.467105263158E-04,1.148106374201E-17));
#2102 = VECTOR('',#2103,1.);
#2103 = DIRECTION('',(0.,-1.));
#2104 = ( GEOMETRIC_REPRESENTATION_CONTEXT(2) 
PARAMETRIC_REPRESENTATION_CONTEXT() REPRESENTATION_CONTEXT('2D SPACE',''
  ) );
#2105 = ORIENTED_EDGE('',*,*,#2106,.T.);
#2106 = EDGE_CURVE('',#2079,#1570,#2107,.T.);
#2107 = SURFACE_CURVE('',#2108,(#2112,#2119),.PCURVE_S1.);
#2108 = LINE('',#2109,#2110);
#2109 = CARTESIAN_POINT('',(9.375E-02,-8.59375E-02,-0.250246710526));
#2110 = VECTOR('',#2111,1.);
#2111 = DIRECTION('',(-1.,-6.123233995737E-17,0.));
#2112 = PCURVE('',#1584,#2113);
#2113 = DEFINITIONAL_REPRESENTATION('',(#2114),#2118);
#2114 = LINE('',#2115,#2116);
#2115 = CARTESIAN_POINT('',(5.262154215086E-18,-8.59375E-02));
#2116 = VECTOR('',#2117,1.);
#2117 = DIRECTION('',(1.,0.));
#2118 = ( GEOMETRIC_REPRESENTATION_CONTEXT(2) 
PARAMETRIC_REPRESENTATION_CONTEXT() REPRESENTATION_CONTEXT('2D SPACE',''
  ) );
#2119 = PCURVE('',#2120,#2125);
#2120 = PLANE('',#2121);
#2121 = AXIS2_PLACEMENT_3D('',#2122,#2123,#2124);
#2122 = CARTESIAN_POINT('',(-9.375E-02,-8.59375E-02,-0.4140625));
#2123 = DIRECTION('',(6.123233995737E-17,-1.,6.123233995737E-17));
#2124 = DIRECTION('',(1.,6.123233995737E-17,-6.123233995737E-17));
#2125 = DEFINITIONAL_REPRESENTATION('',(#2126),#2130);
#2126 = LINE('',#2127,#2128);
#2127 = CARTESIAN_POINT('',(0.1875,0.163815789474));
#2128 = VECTOR('',#2129,1.);
#2129 = DIRECTION('',(-1.,-6.123233995737E-17));
#2130 = ( GEOMETRIC_REPRESENTATION_CONTEXT(2) 
PARAMETRIC_REPRESENTATION_CONTEXT() REPRESENTATION_CONTEXT('2D SPACE',''
  ) );
#2131 = ORIENTED_EDGE('',*,*,#1569,.F.);
#2132 = ADVANCED_FACE('',(#2133),#1659,.F.);
#2133 = FACE_BOUND('',#2134,.F.);
#2134 = EDGE_LOOP('',(#2135,#2158,#2186,#2212,#2213,#2214));
#2135 = ORIENTED_EDGE('',*,*,#2136,.F.);
#2136 = EDGE_CURVE('',#2137,#1621,#2139,.T.);
#2137 = VERTEX_POINT('',#2138);
#2138 = CARTESIAN_POINT('',(-8.667763157895E-02,8.56547781805E-18,
    -0.4140625));
#2139 = SURFACE_CURVE('',#2140,(#2144,#2151),.PCURVE_S1.);
#2140 = LINE('',#2141,#2142);
#2141 = CARTESIAN_POINT('',(-8.667763157895E-02,8.56547781805E-18,
    -0.4140625));
#2142 = VECTOR('',#2143,1.);
#2143 = DIRECTION('',(0.,6.123233995737E-17,1.));
#2144 = PCURVE('',#1659,#2145);
#2145 = DEFINITIONAL_REPRESENTATION('',(#2146),#2150);
#2146 = LINE('',#2147,#2148);
#2147 = CARTESIAN_POINT('',(7.072368421053E-03,4.330576674616E-19));
#2148 = VECTOR('',#2149,1.);
#2149 = DIRECTION('',(-6.123233995737E-17,1.));
#2150 = ( GEOMETRIC_REPRESENTATION_CONTEXT(2) 
PARAMETRIC_REPRESENTATION_CONTEXT() REPRESENTATION_CONTEXT('2D SPACE',''
  ) );
#2151 = PCURVE('',#1854,#2152);
#2152 = DEFINITIONAL_REPRESENTATION('',(#2153),#2157);
#2153 = LINE('',#2154,#2155);
#2154 = CARTESIAN_POINT('',(0.139884868421,8.56547781805E-18));
#2155 = VECTOR('',#2156,1.);
#2156 = DIRECTION('',(-6.123233995737E-17,1.));
#2157 = ( GEOMETRIC_REPRESENTATION_CONTEXT(2) 
PARAMETRIC_REPRESENTATION_CONTEXT() REPRESENTATION_CONTEXT('2D SPACE',''
  ) );
#2158 = ORIENTED_EDGE('',*,*,#2159,.T.);
#2159 = EDGE_CURVE('',#2137,#2160,#2162,.T.);
#2160 = VERTEX_POINT('',#2161);
#2161 = CARTESIAN_POINT('',(9.375E-02,3.827021247335E-18,-0.4140625));
#2162 = SURFACE_CURVE('',#2163,(#2167,#2174),.PCURVE_S1.);
#2163 = LINE('',#2164,#2165);
#2164 = CARTESIAN_POINT('',(-9.375E-02,0.,-0.4140625));
#2165 = VECTOR('',#2166,1.);
#2166 = DIRECTION('',(1.,6.123233995737E-17,0.));
#2167 = PCURVE('',#1659,#2168);
#2168 = DEFINITIONAL_REPRESENTATION('',(#2169),#2173);
#2169 = LINE('',#2170,#2171);
#2170 = CARTESIAN_POINT('',(0.,0.));
#2171 = VECTOR('',#2172,1.);
#2172 = DIRECTION('',(1.,6.123233995737E-17));
#2173 = ( GEOMETRIC_REPRESENTATION_CONTEXT(2) 
PARAMETRIC_REPRESENTATION_CONTEXT() REPRESENTATION_CONTEXT('2D SPACE',''
  ) );
#2174 = PCURVE('',#2175,#2180);
#2175 = PLANE('',#2176);
#2176 = AXIS2_PLACEMENT_3D('',#2177,#2178,#2179);
#2177 = CARTESIAN_POINT('',(-9.375E-02,0.,-0.4140625));
#2178 = DIRECTION('',(-3.749399456655E-33,6.123233995737E-17,1.));
#2179 = DIRECTION('',(1.,6.123233995737E-17,0.));
#2180 = DEFINITIONAL_REPRESENTATION('',(#2181),#2185);
#2181 = LINE('',#2182,#2183);
#2182 = CARTESIAN_POINT('',(0.,0.));
#2183 = VECTOR('',#2184,1.);
#2184 = DIRECTION('',(1.,0.));
#2185 = ( GEOMETRIC_REPRESENTATION_CONTEXT(2) 
PARAMETRIC_REPRESENTATION_CONTEXT() REPRESENTATION_CONTEXT('2D SPACE',''
  ) );
#2186 = ORIENTED_EDGE('',*,*,#2187,.F.);
#2187 = EDGE_CURVE('',#2056,#2160,#2188,.T.);
#2188 = SURFACE_CURVE('',#2189,(#2193,#2200),.PCURVE_S1.);
#2189 = LINE('',#2190,#2191);
#2190 = CARTESIAN_POINT('',(9.375E-02,1.004593077426E-17,-0.25));
#2191 = VECTOR('',#2192,1.);
#2192 = DIRECTION('',(-8.458842092382E-17,-6.123233995737E-17,-1.));
#2193 = PCURVE('',#1659,#2194);
#2194 = DEFINITIONAL_REPRESENTATION('',(#2195),#2199);
#2195 = LINE('',#2196,#2197);
#2196 = CARTESIAN_POINT('',(0.1875,0.1640625));
#2197 = VECTOR('',#2198,1.);
#2198 = DIRECTION('',(-2.335608096645E-17,-1.));
#2199 = ( GEOMETRIC_REPRESENTATION_CONTEXT(2) 
PARAMETRIC_REPRESENTATION_CONTEXT() REPRESENTATION_CONTEXT('2D SPACE',''
  ) );
#2200 = PCURVE('',#2201,#2206);
#2201 = PLANE('',#2202);
#2202 = AXIS2_PLACEMENT_3D('',#2203,#2204,#2205);
#2203 = CARTESIAN_POINT('',(9.375E-02,0.,-0.4140625));
#2204 = DIRECTION('',(6.123233995737E-17,-1.,6.123233995737E-17));
#2205 = DIRECTION('',(1.,6.123233995737E-17,-6.123233995737E-17));
#2206 = DEFINITIONAL_REPRESENTATION('',(#2207),#2211);
#2207 = LINE('',#2208,#2209);
#2208 = CARTESIAN_POINT('',(3.831857033559E-18,0.1640625));
#2209 = VECTOR('',#2210,1.);
#2210 = DIRECTION('',(-2.335608096645E-17,-1.));
#2211 = ( GEOMETRIC_REPRESENTATION_CONTEXT(2) 
PARAMETRIC_REPRESENTATION_CONTEXT() REPRESENTATION_CONTEXT('2D SPACE',''
  ) );
#2212 = ORIENTED_EDGE('',*,*,#2055,.T.);
#2213 = ORIENTED_EDGE('',*,*,#1671,.F.);
#2214 = ORIENTED_EDGE('',*,*,#1643,.F.);
#2215 = ADVANCED_FACE('',(#2216),#1854,.F.);
#2216 = FACE_BOUND('',#2217,.F.);
#2217 = EDGE_LOOP('',(#2218,#2219,#2245,#2246));
#2218 = ORIENTED_EDGE('',*,*,#1838,.T.);
#2219 = ORIENTED_EDGE('',*,*,#2220,.T.);
#2220 = EDGE_CURVE('',#1811,#2137,#2221,.T.);
#2221 = SURFACE_CURVE('',#2222,(#2226,#2233),.PCURVE_S1.);
#2222 = LINE('',#2223,#2224);
#2223 = CARTESIAN_POINT('',(-0.2265625,0.,-0.4140625));
#2224 = VECTOR('',#2225,1.);
#2225 = DIRECTION('',(1.,6.123233995737E-17,0.));
#2226 = PCURVE('',#1854,#2227);
#2227 = DEFINITIONAL_REPRESENTATION('',(#2228),#2232);
#2228 = LINE('',#2229,#2230);
#2229 = CARTESIAN_POINT('',(0.,0.));
#2230 = VECTOR('',#2231,1.);
#2231 = DIRECTION('',(1.,6.123233995737E-17));
#2232 = ( GEOMETRIC_REPRESENTATION_CONTEXT(2) 
PARAMETRIC_REPRESENTATION_CONTEXT() REPRESENTATION_CONTEXT('2D SPACE',''
  ) );
#2233 = PCURVE('',#2234,#2239);
#2234 = PLANE('',#2235);
#2235 = AXIS2_PLACEMENT_3D('',#2236,#2237,#2238);
#2236 = CARTESIAN_POINT('',(-0.2265625,0.,-0.4140625));
#2237 = DIRECTION('',(-3.749399456655E-33,6.123233995737E-17,1.));
#2238 = DIRECTION('',(1.,6.123233995737E-17,0.));
#2239 = DEFINITIONAL_REPRESENTATION('',(#2240),#2244);
#2240 = LINE('',#2241,#2242);
#2241 = CARTESIAN_POINT('',(0.,0.));
#2242 = VECTOR('',#2243,1.);
#2243 = DIRECTION('',(1.,0.));
#2244 = ( GEOMETRIC_REPRESENTATION_CONTEXT(2) 
PARAMETRIC_REPRESENTATION_CONTEXT() REPRESENTATION_CONTEXT('2D SPACE',''
  ) );
#2245 = ORIENTED_EDGE('',*,*,#2136,.T.);
#2246 = ORIENTED_EDGE('',*,*,#1892,.F.);
#2247 = ADVANCED_FACE('',(#2248),#1826,.F.);
#2248 = FACE_BOUND('',#2249,.F.);
#2249 = EDGE_LOOP('',(#2250,#2251,#2274,#2297));
#2250 = ORIENTED_EDGE('',*,*,#1810,.F.);
#2251 = ORIENTED_EDGE('',*,*,#2252,.T.);
#2252 = EDGE_CURVE('',#1783,#2253,#2255,.T.);
#2253 = VERTEX_POINT('',#2254);
#2254 = CARTESIAN_POINT('',(-0.2265625,-8.59375E-02,-0.4140625));
#2255 = SURFACE_CURVE('',#2256,(#2260,#2267),.PCURVE_S1.);
#2256 = LINE('',#2257,#2258);
#2257 = CARTESIAN_POINT('',(-0.2265625,0.,-0.4140625));
#2258 = VECTOR('',#2259,1.);
#2259 = DIRECTION('',(6.123233995737E-17,-1.,6.123233995737E-17));
#2260 = PCURVE('',#1826,#2261);
#2261 = DEFINITIONAL_REPRESENTATION('',(#2262),#2266);
#2262 = LINE('',#2263,#2264);
#2263 = CARTESIAN_POINT('',(0.,0.));
#2264 = VECTOR('',#2265,1.);
#2265 = DIRECTION('',(0.,-1.));
#2266 = ( GEOMETRIC_REPRESENTATION_CONTEXT(2) 
PARAMETRIC_REPRESENTATION_CONTEXT() REPRESENTATION_CONTEXT('2D SPACE',''
  ) );
#2267 = PCURVE('',#1798,#2268);
#2268 = DEFINITIONAL_REPRESENTATION('',(#2269),#2273);
#2269 = LINE('',#2270,#2271);
#2270 = CARTESIAN_POINT('',(0.1640625,0.));
#2271 = VECTOR('',#2272,1.);
#2272 = DIRECTION('',(0.,-1.));
#2273 = ( GEOMETRIC_REPRESENTATION_CONTEXT(2) 
PARAMETRIC_REPRESENTATION_CONTEXT() REPRESENTATION_CONTEXT('2D SPACE',''
  ) );
#2274 = ORIENTED_EDGE('',*,*,#2275,.T.);
#2275 = EDGE_CURVE('',#2253,#2276,#2278,.T.);
#2276 = VERTEX_POINT('',#2277);
#2277 = CARTESIAN_POINT('',(-9.375E-02,-8.59375E-02,-0.4140625));
#2278 = SURFACE_CURVE('',#2279,(#2283,#2290),.PCURVE_S1.);
#2279 = LINE('',#2280,#2281);
#2280 = CARTESIAN_POINT('',(-0.2265625,-8.59375E-02,-0.4140625));
#2281 = VECTOR('',#2282,1.);
#2282 = DIRECTION('',(1.,6.123233995737E-17,0.));
#2283 = PCURVE('',#1826,#2284);
#2284 = DEFINITIONAL_REPRESENTATION('',(#2285),#2289);
#2285 = LINE('',#2286,#2287);
#2286 = CARTESIAN_POINT('',(-5.262154215086E-18,-8.59375E-02));
#2287 = VECTOR('',#2288,1.);
#2288 = DIRECTION('',(1.,0.));
#2289 = ( GEOMETRIC_REPRESENTATION_CONTEXT(2) 
PARAMETRIC_REPRESENTATION_CONTEXT() REPRESENTATION_CONTEXT('2D SPACE',''
  ) );
#2290 = PCURVE('',#1936,#2291);
#2291 = DEFINITIONAL_REPRESENTATION('',(#2292),#2296);
#2292 = LINE('',#2293,#2294);
#2293 = CARTESIAN_POINT('',(0.,0.));
#2294 = VECTOR('',#2295,1.);
#2295 = DIRECTION('',(1.,6.123233995737E-17));
#2296 = ( GEOMETRIC_REPRESENTATION_CONTEXT(2) 
PARAMETRIC_REPRESENTATION_CONTEXT() REPRESENTATION_CONTEXT('2D SPACE',''
  ) );
#2297 = ORIENTED_EDGE('',*,*,#2298,.F.);
#2298 = EDGE_CURVE('',#1811,#2276,#2299,.T.);
#2299 = SURFACE_CURVE('',#2300,(#2304,#2311),.PCURVE_S1.);
#2300 = LINE('',#2301,#2302);
#2301 = CARTESIAN_POINT('',(-9.375E-02,0.,-0.4140625));
#2302 = VECTOR('',#2303,1.);
#2303 = DIRECTION('',(6.123233995737E-17,-1.,6.123233995737E-17));
#2304 = PCURVE('',#1826,#2305);
#2305 = DEFINITIONAL_REPRESENTATION('',(#2306),#2310);
#2306 = LINE('',#2307,#2308);
#2307 = CARTESIAN_POINT('',(0.1328125,-8.132420150588E-18));
#2308 = VECTOR('',#2309,1.);
#2309 = DIRECTION('',(0.,-1.));
#2310 = ( GEOMETRIC_REPRESENTATION_CONTEXT(2) 
PARAMETRIC_REPRESENTATION_CONTEXT() REPRESENTATION_CONTEXT('2D SPACE',''
  ) );
#2311 = PCURVE('',#2234,#2312);
#2312 = DEFINITIONAL_REPRESENTATION('',(#2313),#2317);
#2313 = LINE('',#2314,#2315);
#2314 = CARTESIAN_POINT('',(0.1328125,-8.132420150588E-18));
#2315 = VECTOR('',#2316,1.);
#2316 = DIRECTION('',(0.,-1.));
#2317 = ( GEOMETRIC_REPRESENTATION_CONTEXT(2) 
PARAMETRIC_REPRESENTATION_CONTEXT() REPRESENTATION_CONTEXT('2D SPACE',''
  ) );
#2318 = ADVANCED_FACE('',(#2319),#1798,.F.);
#2319 = FACE_BOUND('',#2320,.F.);
#2320 = EDGE_LOOP('',(#2321,#2322,#2343,#2344));
#2321 = ORIENTED_EDGE('',*,*,#1948,.T.);
#2322 = ORIENTED_EDGE('',*,*,#2323,.T.);
#2323 = EDGE_CURVE('',#1921,#2253,#2324,.T.);
#2324 = SURFACE_CURVE('',#2325,(#2329,#2336),.PCURVE_S1.);
#2325 = LINE('',#2326,#2327);
#2326 = CARTESIAN_POINT('',(-0.2265625,-8.59375E-02,-0.25));
#2327 = VECTOR('',#2328,1.);
#2328 = DIRECTION('',(0.,-6.123233995737E-17,-1.));
#2329 = PCURVE('',#1798,#2330);
#2330 = DEFINITIONAL_REPRESENTATION('',(#2331),#2335);
#2331 = LINE('',#2332,#2333);
#2332 = CARTESIAN_POINT('',(5.262154215086E-18,-8.59375E-02));
#2333 = VECTOR('',#2334,1.);
#2334 = DIRECTION('',(1.,0.));
#2335 = ( GEOMETRIC_REPRESENTATION_CONTEXT(2) 
PARAMETRIC_REPRESENTATION_CONTEXT() REPRESENTATION_CONTEXT('2D SPACE',''
  ) );
#2336 = PCURVE('',#1936,#2337);
#2337 = DEFINITIONAL_REPRESENTATION('',(#2338),#2342);
#2338 = LINE('',#2339,#2340);
#2339 = CARTESIAN_POINT('',(-1.004593077426E-17,0.1640625));
#2340 = VECTOR('',#2341,1.);
#2341 = DIRECTION('',(6.123233995737E-17,-1.));
#2342 = ( GEOMETRIC_REPRESENTATION_CONTEXT(2) 
PARAMETRIC_REPRESENTATION_CONTEXT() REPRESENTATION_CONTEXT('2D SPACE',''
  ) );
#2343 = ORIENTED_EDGE('',*,*,#2252,.F.);
#2344 = ORIENTED_EDGE('',*,*,#1782,.F.);
#2345 = ADVANCED_FACE('',(#2346),#1936,.T.);
#2346 = FACE_BOUND('',#2347,.T.);
#2347 = EDGE_LOOP('',(#2348,#2349,#2350,#2351,#2379,#2407));
#2348 = ORIENTED_EDGE('',*,*,#1920,.T.);
#2349 = ORIENTED_EDGE('',*,*,#2323,.T.);
#2350 = ORIENTED_EDGE('',*,*,#2275,.T.);
#2351 = ORIENTED_EDGE('',*,*,#2352,.F.);
#2352 = EDGE_CURVE('',#2353,#2276,#2355,.T.);
#2353 = VERTEX_POINT('',#2354);
#2354 = CARTESIAN_POINT('',(-9.375E-02,-8.59375E-02,-0.2578125));
#2355 = SURFACE_CURVE('',#2356,(#2360,#2367),.PCURVE_S1.);
#2356 = LINE('',#2357,#2358);
#2357 = CARTESIAN_POINT('',(-9.375E-02,-8.59375E-02,-0.250246710526));
#2358 = VECTOR('',#2359,1.);
#2359 = DIRECTION('',(-8.471581312401E-17,-6.123233995737E-17,-1.));
#2360 = PCURVE('',#1936,#2361);
#2361 = DEFINITIONAL_REPRESENTATION('',(#2362),#2366);
#2362 = LINE('',#2363,#2364);
#2363 = CARTESIAN_POINT('',(0.1328125,0.163815789474));
#2364 = VECTOR('',#2365,1.);
#2365 = DIRECTION('',(-2.348347316664E-17,-1.));
#2366 = ( GEOMETRIC_REPRESENTATION_CONTEXT(2) 
PARAMETRIC_REPRESENTATION_CONTEXT() REPRESENTATION_CONTEXT('2D SPACE',''
  ) );
#2367 = PCURVE('',#2368,#2373);
#2368 = PLANE('',#2369);
#2369 = AXIS2_PLACEMENT_3D('',#2370,#2371,#2372);
#2370 = CARTESIAN_POINT('',(-0.2265625,-8.59375E-02,-0.4140625));
#2371 = DIRECTION('',(6.123233995737E-17,-1.,6.123233995737E-17));
#2372 = DIRECTION('',(1.,6.123233995737E-17,-6.123233995737E-17));
#2373 = DEFINITIONAL_REPRESENTATION('',(#2374),#2378);
#2374 = LINE('',#2375,#2376);
#2375 = CARTESIAN_POINT('',(0.1328125,0.163815789474));
#2376 = VECTOR('',#2377,1.);
#2377 = DIRECTION('',(-2.348347316664E-17,-1.));
#2378 = ( GEOMETRIC_REPRESENTATION_CONTEXT(2) 
PARAMETRIC_REPRESENTATION_CONTEXT() REPRESENTATION_CONTEXT('2D SPACE',''
  ) );
#2379 = ORIENTED_EDGE('',*,*,#2380,.F.);
#2380 = EDGE_CURVE('',#2381,#2353,#2383,.T.);
#2381 = VERTEX_POINT('',#2382);
#2382 = CARTESIAN_POINT('',(-9.375E-02,-8.59375E-02,-0.250246710526));
#2383 = SURFACE_CURVE('',#2384,(#2388,#2395),.PCURVE_S1.);
#2384 = LINE('',#2385,#2386);
#2385 = CARTESIAN_POINT('',(-9.375E-02,-8.59375E-02,5.262154215086E-18)
  );
#2386 = VECTOR('',#2387,1.);
#2387 = DIRECTION('',(-5.382899513334E-17,-6.123233995737E-17,-1.));
#2388 = PCURVE('',#1936,#2389);
#2389 = DEFINITIONAL_REPRESENTATION('',(#2390),#2394);
#2390 = LINE('',#2391,#2392);
#2391 = CARTESIAN_POINT('',(0.1328125,0.4140625));
#2392 = VECTOR('',#2393,1.);
#2393 = DIRECTION('',(7.403344824027E-18,-1.));
#2394 = ( GEOMETRIC_REPRESENTATION_CONTEXT(2) 
PARAMETRIC_REPRESENTATION_CONTEXT() REPRESENTATION_CONTEXT('2D SPACE',''
  ) );
#2395 = PCURVE('',#2396,#2401);
#2396 = PLANE('',#2397);
#2397 = AXIS2_PLACEMENT_3D('',#2398,#2399,#2400);
#2398 = CARTESIAN_POINT('',(-0.2265625,-8.59375E-02,-0.4140625));
#2399 = DIRECTION('',(6.123233995737E-17,-1.,6.123233995737E-17));
#2400 = DIRECTION('',(1.,6.123233995737E-17,-6.123233995737E-17));
#2401 = DEFINITIONAL_REPRESENTATION('',(#2402),#2406);
#2402 = LINE('',#2403,#2404);
#2403 = CARTESIAN_POINT('',(0.1328125,0.4140625));
#2404 = VECTOR('',#2405,1.);
#2405 = DIRECTION('',(7.403344824027E-18,-1.));
#2406 = ( GEOMETRIC_REPRESENTATION_CONTEXT(2) 
PARAMETRIC_REPRESENTATION_CONTEXT() REPRESENTATION_CONTEXT('2D SPACE',''
  ) );
#2407 = ORIENTED_EDGE('',*,*,#2408,.F.);
#2408 = EDGE_CURVE('',#1514,#2381,#2409,.T.);
#2409 = SURFACE_CURVE('',#2410,(#2414,#2421),.PCURVE_S1.);
#2410 = LINE('',#2411,#2412);
#2411 = CARTESIAN_POINT('',(-9.375E-02,-8.59375E-02,5.262154215086E-18)
  );
#2412 = VECTOR('',#2413,1.);
#2413 = DIRECTION('',(-5.382899513334E-17,-6.123233995737E-17,-1.));
#2414 = PCURVE('',#1936,#2415);
#2415 = DEFINITIONAL_REPRESENTATION('',(#2416),#2420);
#2416 = LINE('',#2417,#2418);
#2417 = CARTESIAN_POINT('',(0.1328125,0.4140625));
#2418 = VECTOR('',#2419,1.);
#2419 = DIRECTION('',(7.403344824027E-18,-1.));
#2420 = ( GEOMETRIC_REPRESENTATION_CONTEXT(2) 
PARAMETRIC_REPRESENTATION_CONTEXT() REPRESENTATION_CONTEXT('2D SPACE',''
  ) );
#2421 = PCURVE('',#1990,#2422);
#2422 = DEFINITIONAL_REPRESENTATION('',(#2423),#2427);
#2423 = LINE('',#2424,#2425);
#2424 = CARTESIAN_POINT('',(0.1328125,0.4140625));
#2425 = VECTOR('',#2426,1.);
#2426 = DIRECTION('',(7.403344824027E-18,-1.));
#2427 = ( GEOMETRIC_REPRESENTATION_CONTEXT(2) 
PARAMETRIC_REPRESENTATION_CONTEXT() REPRESENTATION_CONTEXT('2D SPACE',''
  ) );
#2428 = ADVANCED_FACE('',(#2429),#1990,.T.);
#2429 = FACE_BOUND('',#2430,.T.);
#2430 = EDGE_LOOP('',(#2431,#2432,#2453,#2454));
#2431 = ORIENTED_EDGE('',*,*,#2408,.T.);
#2432 = ORIENTED_EDGE('',*,*,#2433,.F.);
#2433 = EDGE_CURVE('',#1973,#2381,#2434,.T.);
#2434 = SURFACE_CURVE('',#2435,(#2439,#2446),.PCURVE_S1.);
#2435 = LINE('',#2436,#2437);
#2436 = CARTESIAN_POINT('',(9.375E-02,-8.59375E-02,-0.250246710526));
#2437 = VECTOR('',#2438,1.);
#2438 = DIRECTION('',(-1.,-6.123233995737E-17,0.));
#2439 = PCURVE('',#1990,#2440);
#2440 = DEFINITIONAL_REPRESENTATION('',(#2441),#2445);
#2441 = LINE('',#2442,#2443);
#2442 = CARTESIAN_POINT('',(0.3203125,0.163815789474));
#2443 = VECTOR('',#2444,1.);
#2444 = DIRECTION('',(-1.,-6.123233995737E-17));
#2445 = ( GEOMETRIC_REPRESENTATION_CONTEXT(2) 
PARAMETRIC_REPRESENTATION_CONTEXT() REPRESENTATION_CONTEXT('2D SPACE',''
  ) );
#2446 = PCURVE('',#2396,#2447);
#2447 = DEFINITIONAL_REPRESENTATION('',(#2448),#2452);
#2448 = LINE('',#2449,#2450);
#2449 = CARTESIAN_POINT('',(0.3203125,0.163815789474));
#2450 = VECTOR('',#2451,1.);
#2451 = DIRECTION('',(-1.,-6.123233995737E-17));
#2452 = ( GEOMETRIC_REPRESENTATION_CONTEXT(2) 
PARAMETRIC_REPRESENTATION_CONTEXT() REPRESENTATION_CONTEXT('2D SPACE',''
  ) );
#2453 = ORIENTED_EDGE('',*,*,#1972,.T.);
#2454 = ORIENTED_EDGE('',*,*,#2031,.T.);
#2455 = ADVANCED_FACE('',(#2456),#2016,.T.);
#2456 = FACE_BOUND('',#2457,.T.);
#2457 = EDGE_LOOP('',(#2458,#2481,#2504,#2525));
#2458 = ORIENTED_EDGE('',*,*,#2459,.F.);
#2459 = EDGE_CURVE('',#2460,#1973,#2462,.T.);
#2460 = VERTEX_POINT('',#2461);
#2461 = CARTESIAN_POINT('',(-8.667763157895E-02,-8.59375E-02,-0.2578125)
  );
#2462 = SURFACE_CURVE('',#2463,(#2467,#2474),.PCURVE_S1.);
#2463 = LINE('',#2464,#2465);
#2464 = CARTESIAN_POINT('',(-8.667763157895E-02,-8.59375E-02,-0.4140625)
  );
#2465 = VECTOR('',#2466,1.);
#2466 = DIRECTION('',(0.,6.123233995737E-17,1.));
#2467 = PCURVE('',#2016,#2468);
#2468 = DEFINITIONAL_REPRESENTATION('',(#2469),#2473);
#2469 = LINE('',#2470,#2471);
#2470 = CARTESIAN_POINT('',(7.072368421053E-03,-0.15625));
#2471 = VECTOR('',#2472,1.);
#2472 = DIRECTION('',(-6.123233995737E-17,1.));
#2473 = ( GEOMETRIC_REPRESENTATION_CONTEXT(2) 
PARAMETRIC_REPRESENTATION_CONTEXT() REPRESENTATION_CONTEXT('2D SPACE',''
  ) );
#2474 = PCURVE('',#2396,#2475);
#2475 = DEFINITIONAL_REPRESENTATION('',(#2476),#2480);
#2476 = LINE('',#2477,#2478);
#2477 = CARTESIAN_POINT('',(0.139884868421,8.56547781805E-18));
#2478 = VECTOR('',#2479,1.);
#2479 = DIRECTION('',(-6.123233995737E-17,1.));
#2480 = ( GEOMETRIC_REPRESENTATION_CONTEXT(2) 
PARAMETRIC_REPRESENTATION_CONTEXT() REPRESENTATION_CONTEXT('2D SPACE',''
  ) );
#2481 = ORIENTED_EDGE('',*,*,#2482,.T.);
#2482 = EDGE_CURVE('',#2460,#2483,#2485,.T.);
#2483 = VERTEX_POINT('',#2484);
#2484 = CARTESIAN_POINT('',(9.078947368421E-02,-8.59375E-02,-0.2578125)
  );
#2485 = SURFACE_CURVE('',#2486,(#2490,#2497),.PCURVE_S1.);
#2486 = LINE('',#2487,#2488);
#2487 = CARTESIAN_POINT('',(-9.375E-02,-8.59375E-02,-0.2578125));
#2488 = VECTOR('',#2489,1.);
#2489 = DIRECTION('',(1.,6.123233995737E-17,0.));
#2490 = PCURVE('',#2016,#2491);
#2491 = DEFINITIONAL_REPRESENTATION('',(#2492),#2496);
#2492 = LINE('',#2493,#2494);
#2493 = CARTESIAN_POINT('',(0.,0.));
#2494 = VECTOR('',#2495,1.);
#2495 = DIRECTION('',(1.,6.123233995737E-17));
#2496 = ( GEOMETRIC_REPRESENTATION_CONTEXT(2) 
PARAMETRIC_REPRESENTATION_CONTEXT() REPRESENTATION_CONTEXT('2D SPACE',''
  ) );
#2497 = PCURVE('',#2120,#2498);
#2498 = DEFINITIONAL_REPRESENTATION('',(#2499),#2503);
#2499 = LINE('',#2500,#2501);
#2500 = CARTESIAN_POINT('',(-9.567553118339E-18,0.15625));
#2501 = VECTOR('',#2502,1.);
#2502 = DIRECTION('',(1.,6.123233995737E-17));
#2503 = ( GEOMETRIC_REPRESENTATION_CONTEXT(2) 
PARAMETRIC_REPRESENTATION_CONTEXT() REPRESENTATION_CONTEXT('2D SPACE',''
  ) );
#2504 = ORIENTED_EDGE('',*,*,#2505,.T.);
#2505 = EDGE_CURVE('',#2483,#1570,#2506,.T.);
#2506 = SURFACE_CURVE('',#2507,(#2511,#2518),.PCURVE_S1.);
#2507 = LINE('',#2508,#2509);
#2508 = CARTESIAN_POINT('',(9.078947368421E-02,-8.59375E-02,-0.2578125)
  );
#2509 = VECTOR('',#2510,1.);
#2510 = DIRECTION('',(1.076579902667E-16,6.123233995737E-17,1.));
#2511 = PCURVE('',#2016,#2512);
#2512 = DEFINITIONAL_REPRESENTATION('',(#2513),#2517);
#2513 = LINE('',#2514,#2515);
#2514 = CARTESIAN_POINT('',(0.184539473684,1.129978378819E-17));
#2515 = VECTOR('',#2516,1.);
#2516 = DIRECTION('',(4.642565030931E-17,1.));
#2517 = ( GEOMETRIC_REPRESENTATION_CONTEXT(2) 
PARAMETRIC_REPRESENTATION_CONTEXT() REPRESENTATION_CONTEXT('2D SPACE',''
  ) );
#2518 = PCURVE('',#2120,#2519);
#2519 = DEFINITIONAL_REPRESENTATION('',(#2520),#2524);
#2520 = LINE('',#2521,#2522);
#2521 = CARTESIAN_POINT('',(0.184539473684,0.15625));
#2522 = VECTOR('',#2523,1.);
#2523 = DIRECTION('',(4.642565030931E-17,1.));
#2524 = ( GEOMETRIC_REPRESENTATION_CONTEXT(2) 
PARAMETRIC_REPRESENTATION_CONTEXT() REPRESENTATION_CONTEXT('2D SPACE',''
  ) );
#2525 = ORIENTED_EDGE('',*,*,#2002,.T.);
#2526 = ADVANCED_FACE('',(#2527),#2120,.T.);
#2527 = FACE_BOUND('',#2528,.T.);
#2528 = EDGE_LOOP('',(#2529,#2552,#2575,#2601,#2602,#2603));
#2529 = ORIENTED_EDGE('',*,*,#2530,.F.);
#2530 = EDGE_CURVE('',#2531,#2460,#2533,.T.);
#2531 = VERTEX_POINT('',#2532);
#2532 = CARTESIAN_POINT('',(-8.667763157895E-02,-8.59375E-02,-0.4140625)
  );
#2533 = SURFACE_CURVE('',#2534,(#2538,#2545),.PCURVE_S1.);
#2534 = LINE('',#2535,#2536);
#2535 = CARTESIAN_POINT('',(-8.667763157895E-02,-8.59375E-02,-0.4140625)
  );
#2536 = VECTOR('',#2537,1.);
#2537 = DIRECTION('',(0.,6.123233995737E-17,1.));
#2538 = PCURVE('',#2120,#2539);
#2539 = DEFINITIONAL_REPRESENTATION('',(#2540),#2544);
#2540 = LINE('',#2541,#2542);
#2541 = CARTESIAN_POINT('',(7.072368421053E-03,4.330576674616E-19));
#2542 = VECTOR('',#2543,1.);
#2543 = DIRECTION('',(-6.123233995737E-17,1.));
#2544 = ( GEOMETRIC_REPRESENTATION_CONTEXT(2) 
PARAMETRIC_REPRESENTATION_CONTEXT() REPRESENTATION_CONTEXT('2D SPACE',''
  ) );
#2545 = PCURVE('',#2368,#2546);
#2546 = DEFINITIONAL_REPRESENTATION('',(#2547),#2551);
#2547 = LINE('',#2548,#2549);
#2548 = CARTESIAN_POINT('',(0.139884868421,8.56547781805E-18));
#2549 = VECTOR('',#2550,1.);
#2550 = DIRECTION('',(-6.123233995737E-17,1.));
#2551 = ( GEOMETRIC_REPRESENTATION_CONTEXT(2) 
PARAMETRIC_REPRESENTATION_CONTEXT() REPRESENTATION_CONTEXT('2D SPACE',''
  ) );
#2552 = ORIENTED_EDGE('',*,*,#2553,.T.);
#2553 = EDGE_CURVE('',#2531,#2554,#2556,.T.);
#2554 = VERTEX_POINT('',#2555);
#2555 = CARTESIAN_POINT('',(9.375E-02,-8.59375E-02,-0.4140625));
#2556 = SURFACE_CURVE('',#2557,(#2561,#2568),.PCURVE_S1.);
#2557 = LINE('',#2558,#2559);
#2558 = CARTESIAN_POINT('',(-9.375E-02,-8.59375E-02,-0.4140625));
#2559 = VECTOR('',#2560,1.);
#2560 = DIRECTION('',(1.,6.123233995737E-17,0.));
#2561 = PCURVE('',#2120,#2562);
#2562 = DEFINITIONAL_REPRESENTATION('',(#2563),#2567);
#2563 = LINE('',#2564,#2565);
#2564 = CARTESIAN_POINT('',(0.,0.));
#2565 = VECTOR('',#2566,1.);
#2566 = DIRECTION('',(1.,6.123233995737E-17));
#2567 = ( GEOMETRIC_REPRESENTATION_CONTEXT(2) 
PARAMETRIC_REPRESENTATION_CONTEXT() REPRESENTATION_CONTEXT('2D SPACE',''
  ) );
#2568 = PCURVE('',#2175,#2569);
#2569 = DEFINITIONAL_REPRESENTATION('',(#2570),#2574);
#2570 = LINE('',#2571,#2572);
#2571 = CARTESIAN_POINT('',(-5.262154215086E-18,-8.59375E-02));
#2572 = VECTOR('',#2573,1.);
#2573 = DIRECTION('',(1.,0.));
#2574 = ( GEOMETRIC_REPRESENTATION_CONTEXT(2) 
PARAMETRIC_REPRESENTATION_CONTEXT() REPRESENTATION_CONTEXT('2D SPACE',''
  ) );
#2575 = ORIENTED_EDGE('',*,*,#2576,.F.);
#2576 = EDGE_CURVE('',#2079,#2554,#2577,.T.);
#2577 = SURFACE_CURVE('',#2578,(#2582,#2589),.PCURVE_S1.);
#2578 = LINE('',#2579,#2580);
#2579 = CARTESIAN_POINT('',(9.375E-02,-8.59375E-02,-0.25));
#2580 = VECTOR('',#2581,1.);
#2581 = DIRECTION('',(-8.458842092382E-17,-6.123233995737E-17,-1.));
#2582 = PCURVE('',#2120,#2583);
#2583 = DEFINITIONAL_REPRESENTATION('',(#2584),#2588);
#2584 = LINE('',#2585,#2586);
#2585 = CARTESIAN_POINT('',(0.1875,0.1640625));
#2586 = VECTOR('',#2587,1.);
#2587 = DIRECTION('',(-2.335608096645E-17,-1.));
#2588 = ( GEOMETRIC_REPRESENTATION_CONTEXT(2) 
PARAMETRIC_REPRESENTATION_CONTEXT() REPRESENTATION_CONTEXT('2D SPACE',''
  ) );
#2589 = PCURVE('',#2590,#2595);
#2590 = PLANE('',#2591);
#2591 = AXIS2_PLACEMENT_3D('',#2592,#2593,#2594);
#2592 = CARTESIAN_POINT('',(9.375E-02,-8.59375E-02,-0.4140625));
#2593 = DIRECTION('',(6.123233995737E-17,-1.,6.123233995737E-17));
#2594 = DIRECTION('',(1.,6.123233995737E-17,-6.123233995737E-17));
#2595 = DEFINITIONAL_REPRESENTATION('',(#2596),#2600);
#2596 = LINE('',#2597,#2598);
#2597 = CARTESIAN_POINT('',(3.831857033559E-18,0.1640625));
#2598 = VECTOR('',#2599,1.);
#2599 = DIRECTION('',(-2.335608096645E-17,-1.));
#2600 = ( GEOMETRIC_REPRESENTATION_CONTEXT(2) 
PARAMETRIC_REPRESENTATION_CONTEXT() REPRESENTATION_CONTEXT('2D SPACE',''
  ) );
#2601 = ORIENTED_EDGE('',*,*,#2106,.T.);
#2602 = ORIENTED_EDGE('',*,*,#2505,.F.);
#2603 = ORIENTED_EDGE('',*,*,#2482,.F.);
#2604 = ADVANCED_FACE('',(#2605),#2094,.F.);
#2605 = FACE_BOUND('',#2606,.F.);
#2606 = EDGE_LOOP('',(#2607,#2630,#2658,#2679));
#2607 = ORIENTED_EDGE('',*,*,#2608,.F.);
#2608 = EDGE_CURVE('',#2609,#2056,#2611,.T.);
#2609 = VERTEX_POINT('',#2610);
#2610 = CARTESIAN_POINT('',(9.375E-02,1.004593077426E-17,-0.25));
#2611 = SURFACE_CURVE('',#2612,(#2616,#2623),.PCURVE_S1.);
#2612 = LINE('',#2613,#2614);
#2613 = CARTESIAN_POINT('',(9.375E-02,1.004593077426E-17,-0.25));
#2614 = VECTOR('',#2615,1.);
#2615 = DIRECTION('',(-8.458842092382E-17,-6.123233995737E-17,-1.));
#2616 = PCURVE('',#2094,#2617);
#2617 = DEFINITIONAL_REPRESENTATION('',(#2618),#2622);
#2618 = LINE('',#2619,#2620);
#2619 = CARTESIAN_POINT('',(-0.,0.));
#2620 = VECTOR('',#2621,1.);
#2621 = DIRECTION('',(1.,0.));
#2622 = ( GEOMETRIC_REPRESENTATION_CONTEXT(2) 
PARAMETRIC_REPRESENTATION_CONTEXT() REPRESENTATION_CONTEXT('2D SPACE',''
  ) );
#2623 = PCURVE('',#2201,#2624);
#2624 = DEFINITIONAL_REPRESENTATION('',(#2625),#2629);
#2625 = LINE('',#2626,#2627);
#2626 = CARTESIAN_POINT('',(3.831857033559E-18,0.1640625));
#2627 = VECTOR('',#2628,1.);
#2628 = DIRECTION('',(-2.335608096645E-17,-1.));
#2629 = ( GEOMETRIC_REPRESENTATION_CONTEXT(2) 
PARAMETRIC_REPRESENTATION_CONTEXT() REPRESENTATION_CONTEXT('2D SPACE',''
  ) );
#2630 = ORIENTED_EDGE('',*,*,#2631,.T.);
#2631 = EDGE_CURVE('',#2609,#2632,#2634,.T.);
#2632 = VERTEX_POINT('',#2633);
#2633 = CARTESIAN_POINT('',(9.375E-02,-8.59375E-02,-0.25));
#2634 = SURFACE_CURVE('',#2635,(#2639,#2646),.PCURVE_S1.);
#2635 = LINE('',#2636,#2637);
#2636 = CARTESIAN_POINT('',(9.375E-02,1.004593077426E-17,-0.25));
#2637 = VECTOR('',#2638,1.);
#2638 = DIRECTION('',(6.123233995737E-17,-1.,6.123233995737E-17));
#2639 = PCURVE('',#2094,#2640);
#2640 = DEFINITIONAL_REPRESENTATION('',(#2641),#2645);
#2641 = LINE('',#2642,#2643);
#2642 = CARTESIAN_POINT('',(-0.,0.));
#2643 = VECTOR('',#2644,1.);
#2644 = DIRECTION('',(0.,-1.));
#2645 = ( GEOMETRIC_REPRESENTATION_CONTEXT(2) 
PARAMETRIC_REPRESENTATION_CONTEXT() REPRESENTATION_CONTEXT('2D SPACE',''
  ) );
#2646 = PCURVE('',#2647,#2652);
#2647 = PLANE('',#2648);
#2648 = AXIS2_PLACEMENT_3D('',#2649,#2650,#2651);
#2649 = CARTESIAN_POINT('',(0.233634868421,1.861140859231E-17,-0.25));
#2650 = DIRECTION('',(3.749399456655E-33,-6.123233995737E-17,-1.));
#2651 = DIRECTION('',(-1.,-6.123233995737E-17,0.));
#2652 = DEFINITIONAL_REPRESENTATION('',(#2653),#2657);
#2653 = LINE('',#2654,#2655);
#2654 = CARTESIAN_POINT('',(0.139884868421,0.));
#2655 = VECTOR('',#2656,1.);
#2656 = DIRECTION('',(1.232595164408E-32,-1.));
#2657 = ( GEOMETRIC_REPRESENTATION_CONTEXT(2) 
PARAMETRIC_REPRESENTATION_CONTEXT() REPRESENTATION_CONTEXT('2D SPACE',''
  ) );
#2658 = ORIENTED_EDGE('',*,*,#2659,.T.);
#2659 = EDGE_CURVE('',#2632,#2079,#2660,.T.);
#2660 = SURFACE_CURVE('',#2661,(#2665,#2672),.PCURVE_S1.);
#2661 = LINE('',#2662,#2663);
#2662 = CARTESIAN_POINT('',(9.375E-02,-8.59375E-02,-0.25));
#2663 = VECTOR('',#2664,1.);
#2664 = DIRECTION('',(-8.458842092382E-17,-6.123233995737E-17,-1.));
#2665 = PCURVE('',#2094,#2666);
#2666 = DEFINITIONAL_REPRESENTATION('',(#2667),#2671);
#2667 = LINE('',#2668,#2669);
#2668 = CARTESIAN_POINT('',(5.262154215086E-18,-8.59375E-02));
#2669 = VECTOR('',#2670,1.);
#2670 = DIRECTION('',(1.,0.));
#2671 = ( GEOMETRIC_REPRESENTATION_CONTEXT(2) 
PARAMETRIC_REPRESENTATION_CONTEXT() REPRESENTATION_CONTEXT('2D SPACE',''
  ) );
#2672 = PCURVE('',#2590,#2673);
#2673 = DEFINITIONAL_REPRESENTATION('',(#2674),#2678);
#2674 = LINE('',#2675,#2676);
#2675 = CARTESIAN_POINT('',(3.831857033559E-18,0.1640625));
#2676 = VECTOR('',#2677,1.);
#2677 = DIRECTION('',(-2.335608096645E-17,-1.));
#2678 = ( GEOMETRIC_REPRESENTATION_CONTEXT(2) 
PARAMETRIC_REPRESENTATION_CONTEXT() REPRESENTATION_CONTEXT('2D SPACE',''
  ) );
#2679 = ORIENTED_EDGE('',*,*,#2078,.F.);
#2680 = ADVANCED_FACE('',(#2681),#2201,.F.);
#2681 = FACE_BOUND('',#2682,.F.);
#2682 = EDGE_LOOP('',(#2683,#2711,#2739,#2760,#2761));
#2683 = ORIENTED_EDGE('',*,*,#2684,.T.);
#2684 = EDGE_CURVE('',#2160,#2685,#2687,.T.);
#2685 = VERTEX_POINT('',#2686);
#2686 = CARTESIAN_POINT('',(0.233634868421,8.56547781805E-18,-0.4140625)
  );
#2687 = SURFACE_CURVE('',#2688,(#2692,#2699),.PCURVE_S1.);
#2688 = LINE('',#2689,#2690);
#2689 = CARTESIAN_POINT('',(9.375E-02,0.,-0.4140625));
#2690 = VECTOR('',#2691,1.);
#2691 = DIRECTION('',(1.,6.123233995737E-17,0.));
#2692 = PCURVE('',#2201,#2693);
#2693 = DEFINITIONAL_REPRESENTATION('',(#2694),#2698);
#2694 = LINE('',#2695,#2696);
#2695 = CARTESIAN_POINT('',(0.,0.));
#2696 = VECTOR('',#2697,1.);
#2697 = DIRECTION('',(1.,6.123233995737E-17));
#2698 = ( GEOMETRIC_REPRESENTATION_CONTEXT(2) 
PARAMETRIC_REPRESENTATION_CONTEXT() REPRESENTATION_CONTEXT('2D SPACE',''
  ) );
#2699 = PCURVE('',#2700,#2705);
#2700 = PLANE('',#2701);
#2701 = AXIS2_PLACEMENT_3D('',#2702,#2703,#2704);
#2702 = CARTESIAN_POINT('',(9.375E-02,0.,-0.4140625));
#2703 = DIRECTION('',(-3.749399456655E-33,6.123233995737E-17,1.));
#2704 = DIRECTION('',(1.,6.123233995737E-17,0.));
#2705 = DEFINITIONAL_REPRESENTATION('',(#2706),#2710);
#2706 = LINE('',#2707,#2708);
#2707 = CARTESIAN_POINT('',(0.,0.));
#2708 = VECTOR('',#2709,1.);
#2709 = DIRECTION('',(1.,0.));
#2710 = ( GEOMETRIC_REPRESENTATION_CONTEXT(2) 
PARAMETRIC_REPRESENTATION_CONTEXT() REPRESENTATION_CONTEXT('2D SPACE',''
  ) );
#2711 = ORIENTED_EDGE('',*,*,#2712,.T.);
#2712 = EDGE_CURVE('',#2685,#2713,#2715,.T.);
#2713 = VERTEX_POINT('',#2714);
#2714 = CARTESIAN_POINT('',(0.233634868421,1.861140859231E-17,-0.25));
#2715 = SURFACE_CURVE('',#2716,(#2720,#2727),.PCURVE_S1.);
#2716 = LINE('',#2717,#2718);
#2717 = CARTESIAN_POINT('',(0.233634868421,8.56547781805E-18,-0.4140625)
  );
#2718 = VECTOR('',#2719,1.);
#2719 = DIRECTION('',(0.,6.123233995737E-17,1.));
#2720 = PCURVE('',#2201,#2721);
#2721 = DEFINITIONAL_REPRESENTATION('',(#2722),#2726);
#2722 = LINE('',#2723,#2724);
#2723 = CARTESIAN_POINT('',(0.139884868421,8.56547781805E-18));
#2724 = VECTOR('',#2725,1.);
#2725 = DIRECTION('',(-6.123233995737E-17,1.));
#2726 = ( GEOMETRIC_REPRESENTATION_CONTEXT(2) 
PARAMETRIC_REPRESENTATION_CONTEXT() REPRESENTATION_CONTEXT('2D SPACE',''
  ) );
#2727 = PCURVE('',#2728,#2733);
#2728 = PLANE('',#2729);
#2729 = AXIS2_PLACEMENT_3D('',#2730,#2731,#2732);
#2730 = CARTESIAN_POINT('',(0.233634868421,8.56547781805E-18,-0.4140625)
  );
#2731 = DIRECTION('',(-1.,-6.123233995737E-17,3.749399456655E-33));
#2732 = DIRECTION('',(0.,6.123233995737E-17,1.));
#2733 = DEFINITIONAL_REPRESENTATION('',(#2734),#2738);
#2734 = LINE('',#2735,#2736);
#2735 = CARTESIAN_POINT('',(0.,0.));
#2736 = VECTOR('',#2737,1.);
#2737 = DIRECTION('',(1.,0.));
#2738 = ( GEOMETRIC_REPRESENTATION_CONTEXT(2) 
PARAMETRIC_REPRESENTATION_CONTEXT() REPRESENTATION_CONTEXT('2D SPACE',''
  ) );
#2739 = ORIENTED_EDGE('',*,*,#2740,.T.);
#2740 = EDGE_CURVE('',#2713,#2609,#2741,.T.);
#2741 = SURFACE_CURVE('',#2742,(#2746,#2753),.PCURVE_S1.);
#2742 = LINE('',#2743,#2744);
#2743 = CARTESIAN_POINT('',(0.233634868421,1.861140859231E-17,-0.25));
#2744 = VECTOR('',#2745,1.);
#2745 = DIRECTION('',(-1.,-6.123233995737E-17,0.));
#2746 = PCURVE('',#2201,#2747);
#2747 = DEFINITIONAL_REPRESENTATION('',(#2748),#2752);
#2748 = LINE('',#2749,#2750);
#2749 = CARTESIAN_POINT('',(0.139884868421,0.1640625));
#2750 = VECTOR('',#2751,1.);
#2751 = DIRECTION('',(-1.,-6.123233995737E-17));
#2752 = ( GEOMETRIC_REPRESENTATION_CONTEXT(2) 
PARAMETRIC_REPRESENTATION_CONTEXT() REPRESENTATION_CONTEXT('2D SPACE',''
  ) );
#2753 = PCURVE('',#2647,#2754);
#2754 = DEFINITIONAL_REPRESENTATION('',(#2755),#2759);
#2755 = LINE('',#2756,#2757);
#2756 = CARTESIAN_POINT('',(0.,0.));
#2757 = VECTOR('',#2758,1.);
#2758 = DIRECTION('',(1.,0.));
#2759 = ( GEOMETRIC_REPRESENTATION_CONTEXT(2) 
PARAMETRIC_REPRESENTATION_CONTEXT() REPRESENTATION_CONTEXT('2D SPACE',''
  ) );
#2760 = ORIENTED_EDGE('',*,*,#2608,.T.);
#2761 = ORIENTED_EDGE('',*,*,#2187,.T.);
#2762 = ADVANCED_FACE('',(#2763),#2175,.F.);
#2763 = FACE_BOUND('',#2764,.F.);
#2764 = EDGE_LOOP('',(#2765,#2766,#2787,#2788));
#2765 = ORIENTED_EDGE('',*,*,#2159,.F.);
#2766 = ORIENTED_EDGE('',*,*,#2767,.T.);
#2767 = EDGE_CURVE('',#2137,#2531,#2768,.T.);
#2768 = SURFACE_CURVE('',#2769,(#2773,#2780),.PCURVE_S1.);
#2769 = LINE('',#2770,#2771);
#2770 = CARTESIAN_POINT('',(-8.667763157895E-02,8.56547781805E-18,
    -0.4140625));
#2771 = VECTOR('',#2772,1.);
#2772 = DIRECTION('',(6.123233995737E-17,-1.,6.123233995737E-17));
#2773 = PCURVE('',#2175,#2774);
#2774 = DEFINITIONAL_REPRESENTATION('',(#2775),#2779);
#2775 = LINE('',#2776,#2777);
#2776 = CARTESIAN_POINT('',(7.072368421053E-03,8.132420150588E-18));
#2777 = VECTOR('',#2778,1.);
#2778 = DIRECTION('',(0.,-1.));
#2779 = ( GEOMETRIC_REPRESENTATION_CONTEXT(2) 
PARAMETRIC_REPRESENTATION_CONTEXT() REPRESENTATION_CONTEXT('2D SPACE',''
  ) );
#2780 = PCURVE('',#2234,#2781);
#2781 = DEFINITIONAL_REPRESENTATION('',(#2782),#2786);
#2782 = LINE('',#2783,#2784);
#2783 = CARTESIAN_POINT('',(0.139884868421,0.));
#2784 = VECTOR('',#2785,1.);
#2785 = DIRECTION('',(0.,-1.));
#2786 = ( GEOMETRIC_REPRESENTATION_CONTEXT(2) 
PARAMETRIC_REPRESENTATION_CONTEXT() REPRESENTATION_CONTEXT('2D SPACE',''
  ) );
#2787 = ORIENTED_EDGE('',*,*,#2553,.T.);
#2788 = ORIENTED_EDGE('',*,*,#2789,.F.);
#2789 = EDGE_CURVE('',#2160,#2554,#2790,.T.);
#2790 = SURFACE_CURVE('',#2791,(#2795,#2802),.PCURVE_S1.);
#2791 = LINE('',#2792,#2793);
#2792 = CARTESIAN_POINT('',(9.375E-02,0.,-0.4140625));
#2793 = VECTOR('',#2794,1.);
#2794 = DIRECTION('',(6.123233995737E-17,-1.,6.123233995737E-17));
#2795 = PCURVE('',#2175,#2796);
#2796 = DEFINITIONAL_REPRESENTATION('',(#2797),#2801);
#2797 = LINE('',#2798,#2799);
#2798 = CARTESIAN_POINT('',(0.1875,-1.148106374201E-17));
#2799 = VECTOR('',#2800,1.);
#2800 = DIRECTION('',(0.,-1.));
#2801 = ( GEOMETRIC_REPRESENTATION_CONTEXT(2) 
PARAMETRIC_REPRESENTATION_CONTEXT() REPRESENTATION_CONTEXT('2D SPACE',''
  ) );
#2802 = PCURVE('',#2700,#2803);
#2803 = DEFINITIONAL_REPRESENTATION('',(#2804),#2808);
#2804 = LINE('',#2805,#2806);
#2805 = CARTESIAN_POINT('',(0.,0.));
#2806 = VECTOR('',#2807,1.);
#2807 = DIRECTION('',(0.,-1.));
#2808 = ( GEOMETRIC_REPRESENTATION_CONTEXT(2) 
PARAMETRIC_REPRESENTATION_CONTEXT() REPRESENTATION_CONTEXT('2D SPACE',''
  ) );
#2809 = ADVANCED_FACE('',(#2810),#2234,.F.);
#2810 = FACE_BOUND('',#2811,.F.);
#2811 = EDGE_LOOP('',(#2812,#2813,#2814,#2835));
#2812 = ORIENTED_EDGE('',*,*,#2220,.F.);
#2813 = ORIENTED_EDGE('',*,*,#2298,.T.);
#2814 = ORIENTED_EDGE('',*,*,#2815,.T.);
#2815 = EDGE_CURVE('',#2276,#2531,#2816,.T.);
#2816 = SURFACE_CURVE('',#2817,(#2821,#2828),.PCURVE_S1.);
#2817 = LINE('',#2818,#2819);
#2818 = CARTESIAN_POINT('',(-0.2265625,-8.59375E-02,-0.4140625));
#2819 = VECTOR('',#2820,1.);
#2820 = DIRECTION('',(1.,6.123233995737E-17,0.));
#2821 = PCURVE('',#2234,#2822);
#2822 = DEFINITIONAL_REPRESENTATION('',(#2823),#2827);
#2823 = LINE('',#2824,#2825);
#2824 = CARTESIAN_POINT('',(-5.262154215086E-18,-8.59375E-02));
#2825 = VECTOR('',#2826,1.);
#2826 = DIRECTION('',(1.,0.));
#2827 = ( GEOMETRIC_REPRESENTATION_CONTEXT(2) 
PARAMETRIC_REPRESENTATION_CONTEXT() REPRESENTATION_CONTEXT('2D SPACE',''
  ) );
#2828 = PCURVE('',#2368,#2829);
#2829 = DEFINITIONAL_REPRESENTATION('',(#2830),#2834);
#2830 = LINE('',#2831,#2832);
#2831 = CARTESIAN_POINT('',(0.,0.));
#2832 = VECTOR('',#2833,1.);
#2833 = DIRECTION('',(1.,6.123233995737E-17));
#2834 = ( GEOMETRIC_REPRESENTATION_CONTEXT(2) 
PARAMETRIC_REPRESENTATION_CONTEXT() REPRESENTATION_CONTEXT('2D SPACE',''
  ) );
#2835 = ORIENTED_EDGE('',*,*,#2767,.F.);
#2836 = ADVANCED_FACE('',(#2837),#2396,.T.);
#2837 = FACE_BOUND('',#2838,.T.);
#2838 = EDGE_LOOP('',(#2839,#2840,#2861,#2862));
#2839 = ORIENTED_EDGE('',*,*,#2380,.T.);
#2840 = ORIENTED_EDGE('',*,*,#2841,.T.);
#2841 = EDGE_CURVE('',#2353,#2460,#2842,.T.);
#2842 = SURFACE_CURVE('',#2843,(#2847,#2854),.PCURVE_S1.);
#2843 = LINE('',#2844,#2845);
#2844 = CARTESIAN_POINT('',(-9.375E-02,-8.59375E-02,-0.2578125));
#2845 = VECTOR('',#2846,1.);
#2846 = DIRECTION('',(1.,6.123233995737E-17,0.));
#2847 = PCURVE('',#2396,#2848);
#2848 = DEFINITIONAL_REPRESENTATION('',(#2849),#2853);
#2849 = LINE('',#2850,#2851);
#2850 = CARTESIAN_POINT('',(0.1328125,0.15625));
#2851 = VECTOR('',#2852,1.);
#2852 = DIRECTION('',(1.,6.123233995737E-17));
#2853 = ( GEOMETRIC_REPRESENTATION_CONTEXT(2) 
PARAMETRIC_REPRESENTATION_CONTEXT() REPRESENTATION_CONTEXT('2D SPACE',''
  ) );
#2854 = PCURVE('',#2368,#2855);
#2855 = DEFINITIONAL_REPRESENTATION('',(#2856),#2860);
#2856 = LINE('',#2857,#2858);
#2857 = CARTESIAN_POINT('',(0.1328125,0.15625));
#2858 = VECTOR('',#2859,1.);
#2859 = DIRECTION('',(1.,6.123233995737E-17));
#2860 = ( GEOMETRIC_REPRESENTATION_CONTEXT(2) 
PARAMETRIC_REPRESENTATION_CONTEXT() REPRESENTATION_CONTEXT('2D SPACE',''
  ) );
#2861 = ORIENTED_EDGE('',*,*,#2459,.T.);
#2862 = ORIENTED_EDGE('',*,*,#2433,.T.);
#2863 = ADVANCED_FACE('',(#2864),#2368,.T.);
#2864 = FACE_BOUND('',#2865,.T.);
#2865 = EDGE_LOOP('',(#2866,#2867,#2868,#2869));
#2866 = ORIENTED_EDGE('',*,*,#2352,.T.);
#2867 = ORIENTED_EDGE('',*,*,#2815,.T.);
#2868 = ORIENTED_EDGE('',*,*,#2530,.T.);
#2869 = ORIENTED_EDGE('',*,*,#2841,.F.);
#2870 = ADVANCED_FACE('',(#2871),#2590,.T.);
#2871 = FACE_BOUND('',#2872,.T.);
#2872 = EDGE_LOOP('',(#2873,#2896,#2919,#2940,#2941));
#2873 = ORIENTED_EDGE('',*,*,#2874,.T.);
#2874 = EDGE_CURVE('',#2554,#2875,#2877,.T.);
#2875 = VERTEX_POINT('',#2876);
#2876 = CARTESIAN_POINT('',(0.233634868421,-8.59375E-02,-0.4140625));
#2877 = SURFACE_CURVE('',#2878,(#2882,#2889),.PCURVE_S1.);
#2878 = LINE('',#2879,#2880);
#2879 = CARTESIAN_POINT('',(9.375E-02,-8.59375E-02,-0.4140625));
#2880 = VECTOR('',#2881,1.);
#2881 = DIRECTION('',(1.,6.123233995737E-17,0.));
#2882 = PCURVE('',#2590,#2883);
#2883 = DEFINITIONAL_REPRESENTATION('',(#2884),#2888);
#2884 = LINE('',#2885,#2886);
#2885 = CARTESIAN_POINT('',(0.,0.));
#2886 = VECTOR('',#2887,1.);
#2887 = DIRECTION('',(1.,6.123233995737E-17));
#2888 = ( GEOMETRIC_REPRESENTATION_CONTEXT(2) 
PARAMETRIC_REPRESENTATION_CONTEXT() REPRESENTATION_CONTEXT('2D SPACE',''
  ) );
#2889 = PCURVE('',#2700,#2890);
#2890 = DEFINITIONAL_REPRESENTATION('',(#2891),#2895);
#2891 = LINE('',#2892,#2893);
#2892 = CARTESIAN_POINT('',(-5.262154215086E-18,-8.59375E-02));
#2893 = VECTOR('',#2894,1.);
#2894 = DIRECTION('',(1.,0.));
#2895 = ( GEOMETRIC_REPRESENTATION_CONTEXT(2) 
PARAMETRIC_REPRESENTATION_CONTEXT() REPRESENTATION_CONTEXT('2D SPACE',''
  ) );
#2896 = ORIENTED_EDGE('',*,*,#2897,.T.);
#2897 = EDGE_CURVE('',#2875,#2898,#2900,.T.);
#2898 = VERTEX_POINT('',#2899);
#2899 = CARTESIAN_POINT('',(0.233634868421,-8.59375E-02,-0.25));
#2900 = SURFACE_CURVE('',#2901,(#2905,#2912),.PCURVE_S1.);
#2901 = LINE('',#2902,#2903);
#2902 = CARTESIAN_POINT('',(0.233634868421,-8.59375E-02,-0.4140625));
#2903 = VECTOR('',#2904,1.);
#2904 = DIRECTION('',(0.,6.123233995737E-17,1.));
#2905 = PCURVE('',#2590,#2906);
#2906 = DEFINITIONAL_REPRESENTATION('',(#2907),#2911);
#2907 = LINE('',#2908,#2909);
#2908 = CARTESIAN_POINT('',(0.139884868421,8.56547781805E-18));
#2909 = VECTOR('',#2910,1.);
#2910 = DIRECTION('',(-6.123233995737E-17,1.));
#2911 = ( GEOMETRIC_REPRESENTATION_CONTEXT(2) 
PARAMETRIC_REPRESENTATION_CONTEXT() REPRESENTATION_CONTEXT('2D SPACE',''
  ) );
#2912 = PCURVE('',#2728,#2913);
#2913 = DEFINITIONAL_REPRESENTATION('',(#2914),#2918);
#2914 = LINE('',#2915,#2916);
#2915 = CARTESIAN_POINT('',(-5.262154215086E-18,-8.59375E-02));
#2916 = VECTOR('',#2917,1.);
#2917 = DIRECTION('',(1.,0.));
#2918 = ( GEOMETRIC_REPRESENTATION_CONTEXT(2) 
PARAMETRIC_REPRESENTATION_CONTEXT() REPRESENTATION_CONTEXT('2D SPACE',''
  ) );
#2919 = ORIENTED_EDGE('',*,*,#2920,.T.);
#2920 = EDGE_CURVE('',#2898,#2632,#2921,.T.);
#2921 = SURFACE_CURVE('',#2922,(#2926,#2933),.PCURVE_S1.);
#2922 = LINE('',#2923,#2924);
#2923 = CARTESIAN_POINT('',(0.233634868421,-8.59375E-02,-0.25));
#2924 = VECTOR('',#2925,1.);
#2925 = DIRECTION('',(-1.,-6.123233995737E-17,0.));
#2926 = PCURVE('',#2590,#2927);
#2927 = DEFINITIONAL_REPRESENTATION('',(#2928),#2932);
#2928 = LINE('',#2929,#2930);
#2929 = CARTESIAN_POINT('',(0.139884868421,0.1640625));
#2930 = VECTOR('',#2931,1.);
#2931 = DIRECTION('',(-1.,-6.123233995737E-17));
#2932 = ( GEOMETRIC_REPRESENTATION_CONTEXT(2) 
PARAMETRIC_REPRESENTATION_CONTEXT() REPRESENTATION_CONTEXT('2D SPACE',''
  ) );
#2933 = PCURVE('',#2647,#2934);
#2934 = DEFINITIONAL_REPRESENTATION('',(#2935),#2939);
#2935 = LINE('',#2936,#2937);
#2936 = CARTESIAN_POINT('',(5.262154215086E-18,-8.59375E-02));
#2937 = VECTOR('',#2938,1.);
#2938 = DIRECTION('',(1.,0.));
#2939 = ( GEOMETRIC_REPRESENTATION_CONTEXT(2) 
PARAMETRIC_REPRESENTATION_CONTEXT() REPRESENTATION_CONTEXT('2D SPACE',''
  ) );
#2940 = ORIENTED_EDGE('',*,*,#2659,.T.);
#2941 = ORIENTED_EDGE('',*,*,#2576,.T.);
#2942 = ADVANCED_FACE('',(#2943),#2647,.F.);
#2943 = FACE_BOUND('',#2944,.F.);
#2944 = EDGE_LOOP('',(#2945,#2966,#2967,#2968));
#2945 = ORIENTED_EDGE('',*,*,#2946,.T.);
#2946 = EDGE_CURVE('',#2713,#2898,#2947,.T.);
#2947 = SURFACE_CURVE('',#2948,(#2952,#2959),.PCURVE_S1.);
#2948 = LINE('',#2949,#2950);
#2949 = CARTESIAN_POINT('',(0.233634868421,1.861140859231E-17,-0.25));
#2950 = VECTOR('',#2951,1.);
#2951 = DIRECTION('',(6.123233995737E-17,-1.,6.123233995737E-17));
#2952 = PCURVE('',#2647,#2953);
#2953 = DEFINITIONAL_REPRESENTATION('',(#2954),#2958);
#2954 = LINE('',#2955,#2956);
#2955 = CARTESIAN_POINT('',(0.,0.));
#2956 = VECTOR('',#2957,1.);
#2957 = DIRECTION('',(1.232595164408E-32,-1.));
#2958 = ( GEOMETRIC_REPRESENTATION_CONTEXT(2) 
PARAMETRIC_REPRESENTATION_CONTEXT() REPRESENTATION_CONTEXT('2D SPACE',''
  ) );
#2959 = PCURVE('',#2728,#2960);
#2960 = DEFINITIONAL_REPRESENTATION('',(#2961),#2965);
#2961 = LINE('',#2962,#2963);
#2962 = CARTESIAN_POINT('',(0.1640625,0.));
#2963 = VECTOR('',#2964,1.);
#2964 = DIRECTION('',(-1.232595164408E-32,-1.));
#2965 = ( GEOMETRIC_REPRESENTATION_CONTEXT(2) 
PARAMETRIC_REPRESENTATION_CONTEXT() REPRESENTATION_CONTEXT('2D SPACE',''
  ) );
#2966 = ORIENTED_EDGE('',*,*,#2920,.T.);
#2967 = ORIENTED_EDGE('',*,*,#2631,.F.);
#2968 = ORIENTED_EDGE('',*,*,#2740,.F.);
#2969 = ADVANCED_FACE('',(#2970),#2700,.F.);
#2970 = FACE_BOUND('',#2971,.F.);
#2971 = EDGE_LOOP('',(#2972,#2973,#2974,#2995));
#2972 = ORIENTED_EDGE('',*,*,#2789,.T.);
#2973 = ORIENTED_EDGE('',*,*,#2874,.T.);
#2974 = ORIENTED_EDGE('',*,*,#2975,.F.);
#2975 = EDGE_CURVE('',#2685,#2875,#2976,.T.);
#2976 = SURFACE_CURVE('',#2977,(#2981,#2988),.PCURVE_S1.);
#2977 = LINE('',#2978,#2979);
#2978 = CARTESIAN_POINT('',(0.233634868421,8.56547781805E-18,-0.4140625)
  );
#2979 = VECTOR('',#2980,1.);
#2980 = DIRECTION('',(6.123233995737E-17,-1.,6.123233995737E-17));
#2981 = PCURVE('',#2700,#2982);
#2982 = DEFINITIONAL_REPRESENTATION('',(#2983),#2987);
#2983 = LINE('',#2984,#2985);
#2984 = CARTESIAN_POINT('',(0.139884868421,0.));
#2985 = VECTOR('',#2986,1.);
#2986 = DIRECTION('',(0.,-1.));
#2987 = ( GEOMETRIC_REPRESENTATION_CONTEXT(2) 
PARAMETRIC_REPRESENTATION_CONTEXT() REPRESENTATION_CONTEXT('2D SPACE',''
  ) );
#2988 = PCURVE('',#2728,#2989);
#2989 = DEFINITIONAL_REPRESENTATION('',(#2990),#2994);
#2990 = LINE('',#2991,#2992);
#2991 = CARTESIAN_POINT('',(0.,0.));
#2992 = VECTOR('',#2993,1.);
#2993 = DIRECTION('',(-1.232595164408E-32,-1.));
#2994 = ( GEOMETRIC_REPRESENTATION_CONTEXT(2) 
PARAMETRIC_REPRESENTATION_CONTEXT() REPRESENTATION_CONTEXT('2D SPACE',''
  ) );
#2995 = ORIENTED_EDGE('',*,*,#2684,.F.);
#2996 = ADVANCED_FACE('',(#2997),#2728,.F.);
#2997 = FACE_BOUND('',#2998,.F.);
#2998 = EDGE_LOOP('',(#2999,#3000,#3001,#3002));
#2999 = ORIENTED_EDGE('',*,*,#2975,.T.);
#3000 = ORIENTED_EDGE('',*,*,#2897,.T.);
#3001 = ORIENTED_EDGE('',*,*,#2946,.F.);
#3002 = ORIENTED_EDGE('',*,*,#2712,.F.);
#3003 = ( GEOMETRIC_REPRESENTATION_CONTEXT(3) 
GLOBAL_UNCERTAINTY_ASSIGNED_CONTEXT((#3007)) 
GLOBAL_UNIT_ASSIGNED_CONTEXT((#3004,#3005,#3006)) REPRESENTATION_CONTEXT
('Context #1','3D Context with UNIT and UNCERTAINTY') );
#3004 = ( LENGTH_UNIT() NAMED_UNIT(*) SI_UNIT(.MILLI.,.METRE.) );
#3005 = ( NAMED_UNIT(*) PLANE_ANGLE_UNIT() SI_UNIT($,.RADIAN.) );
#3006 = ( NAMED_UNIT(*) SI_UNIT($,.STERADIAN.) SOLID_ANGLE_UNIT() );
#3007 = UNCERTAINTY_MEASURE_WITH_UNIT(LENGTH_MEASURE(1.E-07),#3004,
  'distance_accuracy_value','confusion accuracy');
#3008 = PRODUCT_RELATED_PRODUCT_CATEGORY('detail',$,(#7));
#3009 = PRODUCT_CATEGORY_RELATIONSHIP('','',#3010,#3008);
#3010 = PRODUCT_CATEGORY('part',$);
#3011 = CC_DESIGN_PERSON_AND_ORGANIZATION_ASSIGNMENT(#3012,#3015,(#6,#5)
  );
#3012 = PERSON_AND_ORGANIZATION(#3013,#3014);
#3013 = PERSON('IP172.17.0,root','','root',$,$,$);
#3014 = ORGANIZATION('IP172.17.0','Unspecified','');
#3015 = PERSON_AND_ORGANIZATION_ROLE('creator');
#3016 = CC_DESIGN_PERSON_AND_ORGANIZATION_ASSIGNMENT(#3012,#3017,(#7));
#3017 = PERSON_AND_ORGANIZATION_ROLE('design_owner');
#3018 = CC_DESIGN_PERSON_AND_ORGANIZATION_ASSIGNMENT(#3012,#3019,(#6));
#3019 = PERSON_AND_ORGANIZATION_ROLE('design_supplier');
#3020 = CC_DESIGN_PERSON_AND_ORGANIZATION_ASSIGNMENT(#3012,#3021,(#3022)
  );
#3021 = PERSON_AND_ORGANIZATION_ROLE('classification_officer');
#3022 = SECURITY_CLASSIFICATION('','',#3023);
#3023 = SECURITY_CLASSIFICATION_LEVEL('unclassified');
#3024 = CC_DESIGN_SECURITY_CLASSIFICATION(#3022,(#6));
#3025 = CC_DESIGN_DATE_AND_TIME_ASSIGNMENT(#3026,#3030,(#5));
#3026 = DATE_AND_TIME(#3027,#3028);
#3027 = CALENDAR_DATE(2026,19,6);
#3028 = LOCAL_TIME(22,17,$,#3029);
#3029 = COORDINATED_UNIVERSAL_TIME_OFFSET(8,$,.AHEAD.);
#3030 = DATE_TIME_ROLE('creation_date');
#3031 = CC_DESIGN_DATE_AND_TIME_ASSIGNMENT(#3026,#3032,(#3022));
#3032 = DATE_TIME_ROLE('classification_date');
#3033 = CC_DESIGN_APPROVAL(#3034,(#6,#5,#3022));
#3034 = APPROVAL(#3035,'');
#3035 = APPROVAL_STATUS('not_yet_approved');
#3036 = APPROVAL_PERSON_ORGANIZATION(#3012,#3034,#3037);
#3037 = APPROVAL_ROLE('approver');
#3038 = APPROVAL_DATE_TIME(#3026,#3034);
ENDSEC;
END-ISO-10303-21;
