ISO-10303-21;
HEADER;
FILE_DESCRIPTION(('Open CASCADE Model'),'2;1');
FILE_NAME('Open CASCADE Shape Model','2026-06-19T22:17:23',('Author'),(
    'Open CASCADE'),'Open CASCADE STEP processor 7.8','Open CASCADE 7.8'
  ,'Unknown');
FILE_SCHEMA(('CONFIG_CONTROL_DESIGN'));
ENDSEC;
DATA;
#1 = APPLICATION_PROTOCOL_DEFINITION('international standard',
  'config_control_design',1994,#2);
#2 = APPLICATION_CONTEXT(
'configuration controlled 3D designs of mechanical parts and assemblies'
  );
#3 = SHAPE_DEFINITION_REPRESENTATION(#4,#10);
#4 = PRODUCT_DEFINITION_SHAPE('','',#5);
#5 = PRODUCT_DEFINITION('design','',#6,#9);
#6 = PRODUCT_DEFINITION_FORMATION_WITH_SPECIFIED_SOURCE('','',#7,
  .NOT_KNOWN.);
#7 = PRODUCT('Open CASCADE STEP translator 7.8 23',
  'Open CASCADE STEP translator 7.8 23','',(#8));
#8 = MECHANICAL_CONTEXT('',#2,'mechanical');
#9 = DESIGN_CONTEXT('',#2,'design');
#10 = SHAPE_REPRESENTATION('',(#11,#15,#19,#23,#27),#31);
#11 = AXIS2_PLACEMENT_3D('',#12,#13,#14);
#12 = CARTESIAN_POINT('',(0.,0.,0.));
#13 = DIRECTION('',(0.,0.,1.));
#14 = DIRECTION('',(1.,0.,-0.));
#15 = AXIS2_PLACEMENT_3D('',#16,#17,#18);
#16 = CARTESIAN_POINT('',(0.,0.,0.));
#17 = DIRECTION('',(0.,0.,1.));
#18 = DIRECTION('',(1.,0.,-0.));
#19 = AXIS2_PLACEMENT_3D('',#20,#21,#22);
#20 = CARTESIAN_POINT('',(0.,0.,0.));
#21 = DIRECTION('',(0.,0.,1.));
#22 = DIRECTION('',(1.,0.,-0.));
#23 = AXIS2_PLACEMENT_3D('',#24,#25,#26);
#24 = CARTESIAN_POINT('',(0.,0.,0.));
#25 = DIRECTION('',(0.,0.,1.));
#26 = DIRECTION('',(1.,0.,-0.));
#27 = AXIS2_PLACEMENT_3D('',#28,#29,#30);
#28 = CARTESIAN_POINT('',(0.,0.,0.));
#29 = DIRECTION('',(0.,0.,1.));
#30 = DIRECTION('',(1.,0.,-0.));
#31 = ( GEOMETRIC_REPRESENTATION_CONTEXT(3) 
GLOBAL_UNCERTAINTY_ASSIGNED_CONTEXT((#35)) GLOBAL_UNIT_ASSIGNED_CONTEXT(
(#32,#33,#34)) REPRESENTATION_CONTEXT('Context #1',
  '3D Context with UNIT and UNCERTAINTY') );
#32 = ( LENGTH_UNIT() NAMED_UNIT(*) SI_UNIT(.MILLI.,.METRE.) );
#33 = ( NAMED_UNIT(*) PLANE_ANGLE_UNIT() SI_UNIT($,.RADIAN.) );
#34 = ( NAMED_UNIT(*) SI_UNIT($,.STERADIAN.) SOLID_ANGLE_UNIT() );
#35 = UNCERTAINTY_MEASURE_WITH_UNIT(LENGTH_MEASURE(1.E-07),#32,
  'distance_accuracy_value','confusion accuracy');
#36 = PRODUCT_RELATED_PRODUCT_CATEGORY('detail',$,(#7));
#37 = PRODUCT_CATEGORY_RELATIONSHIP('','',#38,#36);
#38 = PRODUCT_CATEGORY('part',$);
#39 = CC_DESIGN_PERSON_AND_ORGANIZATION_ASSIGNMENT(#40,#43,(#6,#5));
#40 = PERSON_AND_ORGANIZATION(#41,#42);
#41 = PERSON('IP172.17.0,root','','root',$,$,$);
#42 = ORGANIZATION('IP172.17.0','Unspecified','');
#43 = PERSON_AND_ORGANIZATION_ROLE('creator');
#44 = CC_DESIGN_PERSON_AND_ORGANIZATION_ASSIGNMENT(#40,#45,(#7));
#45 = PERSON_AND_ORGANIZATION_ROLE('design_owner');
#46 = CC_DESIGN_PERSON_AND_ORGANIZATION_ASSIGNMENT(#40,#47,(#6));
#47 = PERSON_AND_ORGANIZATION_ROLE('design_supplier');
#48 = CC_DESIGN_PERSON_AND_ORGANIZATION_ASSIGNMENT(#40,#49,(#50));
#49 = PERSON_AND_ORGANIZATION_ROLE('classification_officer');
#50 = SECURITY_CLASSIFICATION('','',#51);
#51 = SECURITY_CLASSIFICATION_LEVEL('unclassified');
#52 = CC_DESIGN_SECURITY_CLASSIFICATION(#50,(#6));
#53 = CC_DESIGN_DATE_AND_TIME_ASSIGNMENT(#54,#58,(#5));
#54 = DATE_AND_TIME(#55,#56);
#55 = CALENDAR_DATE(2026,19,6);
#56 = LOCAL_TIME(22,17,$,#57);
#57 = COORDINATED_UNIVERSAL_TIME_OFFSET(8,$,.AHEAD.);
#58 = DATE_TIME_ROLE('creation_date');
#59 = CC_DESIGN_DATE_AND_TIME_ASSIGNMENT(#54,#60,(#50));
#60 = DATE_TIME_ROLE('classification_date');
#61 = CC_DESIGN_APPROVAL(#62,(#6,#5,#50));
#62 = APPROVAL(#63,'');
#63 = APPROVAL_STATUS('not_yet_approved');
#64 = APPROVAL_PERSON_ORGANIZATION(#40,#62,#65);
#65 = APPROVAL_ROLE('approver');
#66 = APPROVAL_DATE_TIME(#54,#62);
#67 = SHAPE_DEFINITION_REPRESENTATION(#68,#74);
#68 = PRODUCT_DEFINITION_SHAPE('','',#69);
#69 = PRODUCT_DEFINITION('design','',#70,#73);
#70 = PRODUCT_DEFINITION_FORMATION_WITH_SPECIFIED_SOURCE('','',#71,
  .NOT_KNOWN.);
#71 = PRODUCT('Open CASCADE STEP translator 7.8 23.1',
  'Open CASCADE STEP translator 7.8 23.1','',(#72));
#72 = MECHANICAL_CONTEXT('',#2,'mechanical');
#73 = DESIGN_CONTEXT('',#2,'design');
#74 = ADVANCED_BREP_SHAPE_REPRESENTATION('',(#11,#75),#525);
#75 = MANIFOLD_SOLID_BREP('',#76);
#76 = CLOSED_SHELL('',(#77,#165,#253,#336,#379,#435,#515,#521));
#77 = ADVANCED_FACE('',(#78),#92,.T.);
#78 = FACE_BOUND('',#79,.T.);
#79 = EDGE_LOOP('',(#80,#110,#137,#138));
#80 = ORIENTED_EDGE('',*,*,#81,.T.);
#81 = EDGE_CURVE('',#82,#84,#86,.T.);
#82 = VERTEX_POINT('',#83);
#83 = CARTESIAN_POINT('',(0.682894736842,0.,-6.570723684211E-02));
#84 = VERTEX_POINT('',#85);
#85 = CARTESIAN_POINT('',(0.682894736842,3.125E-02,-6.570723684211E-02)
  );
#86 = SEAM_CURVE('',#87,(#91,#103),.PCURVE_S1.);
#87 = LINE('',#88,#89);
#88 = CARTESIAN_POINT('',(0.682894736842,0.,-6.570723684211E-02));
#89 = VECTOR('',#90,1.);
#90 = DIRECTION('',(-6.123233995737E-17,1.,-6.123233995737E-17));
#91 = PCURVE('',#92,#97);
#92 = CYLINDRICAL_SURFACE('',#93,6.570723684211E-02);
#93 = AXIS2_PLACEMENT_3D('',#94,#95,#96);
#94 = CARTESIAN_POINT('',(0.682894736842,4.023407863975E-18,
    -4.023407863975E-18));
#95 = DIRECTION('',(6.123233995737E-17,-1.,6.123233995737E-17));
#96 = DIRECTION('',(0.,-6.123233995737E-17,-1.));
#97 = DEFINITIONAL_REPRESENTATION('',(#98),#102);
#98 = LINE('',#99,#100);
#99 = CARTESIAN_POINT('',(0.,0.));
#100 = VECTOR('',#101,1.);
#101 = DIRECTION('',(0.,-1.));
#102 = ( GEOMETRIC_REPRESENTATION_CONTEXT(2) 
PARAMETRIC_REPRESENTATION_CONTEXT() REPRESENTATION_CONTEXT('2D SPACE',''
  ) );
#103 = PCURVE('',#92,#104);
#104 = DEFINITIONAL_REPRESENTATION('',(#105),#109);
#105 = LINE('',#106,#107);
#106 = CARTESIAN_POINT('',(6.28318530718,0.));
#107 = VECTOR('',#108,1.);
#108 = DIRECTION('',(0.,-1.));
#109 = ( GEOMETRIC_REPRESENTATION_CONTEXT(2) 
PARAMETRIC_REPRESENTATION_CONTEXT() REPRESENTATION_CONTEXT('2D SPACE',''
  ) );
#110 = ORIENTED_EDGE('',*,*,#111,.T.);
#111 = EDGE_CURVE('',#84,#84,#112,.T.);
#112 = SURFACE_CURVE('',#113,(#118,#125),.PCURVE_S1.);
#113 = CIRCLE('',#114,6.570723684211E-02);
#114 = AXIS2_PLACEMENT_3D('',#115,#116,#117);
#115 = CARTESIAN_POINT('',(0.682894736842,3.125E-02,-5.936918487643E-18)
  );
#116 = DIRECTION('',(6.123233995737E-17,-1.,6.123233995737E-17));
#117 = DIRECTION('',(0.,-6.123233995737E-17,-1.));
#118 = PCURVE('',#92,#119);
#119 = DEFINITIONAL_REPRESENTATION('',(#120),#124);
#120 = LINE('',#121,#122);
#121 = CARTESIAN_POINT('',(0.,-3.125E-02));
#122 = VECTOR('',#123,1.);
#123 = DIRECTION('',(1.,0.));
#124 = ( GEOMETRIC_REPRESENTATION_CONTEXT(2) 
PARAMETRIC_REPRESENTATION_CONTEXT() REPRESENTATION_CONTEXT('2D SPACE',''
  ) );
#125 = PCURVE('',#126,#131);
#126 = PLANE('',#127);
#127 = AXIS2_PLACEMENT_3D('',#128,#129,#130);
#128 = CARTESIAN_POINT('',(0.6171875,3.125E-02,-1.913510623668E-18));
#129 = DIRECTION('',(6.123233995737E-17,-1.,6.123233995737E-17));
#130 = DIRECTION('',(1.,6.123233995737E-17,-6.123233995737E-17));
#131 = DEFINITIONAL_REPRESENTATION('',(#132),#136);
#132 = CIRCLE('',#133,6.570723684211E-02);
#133 = AXIS2_PLACEMENT_2D('',#134,#135);
#134 = CARTESIAN_POINT('',(6.570723684211E-02,-3.08148791102E-33));
#135 = DIRECTION('',(6.123233995737E-17,-1.));
#136 = ( GEOMETRIC_REPRESENTATION_CONTEXT(2) 
PARAMETRIC_REPRESENTATION_CONTEXT() REPRESENTATION_CONTEXT('2D SPACE',''
  ) );
#137 = ORIENTED_EDGE('',*,*,#81,.F.);
#138 = ORIENTED_EDGE('',*,*,#139,.F.);
#139 = EDGE_CURVE('',#82,#82,#140,.T.);
#140 = SURFACE_CURVE('',#141,(#146,#153),.PCURVE_S1.);
#141 = CIRCLE('',#142,6.570723684211E-02);
#142 = AXIS2_PLACEMENT_3D('',#143,#144,#145);
#143 = CARTESIAN_POINT('',(0.682894736842,4.023407863975E-18,
    -4.023407863975E-18));
#144 = DIRECTION('',(6.123233995737E-17,-1.,6.123233995737E-17));
#145 = DIRECTION('',(0.,-6.123233995737E-17,-1.));
#146 = PCURVE('',#92,#147);
#147 = DEFINITIONAL_REPRESENTATION('',(#148),#152);
#148 = LINE('',#149,#150);
#149 = CARTESIAN_POINT('',(0.,0.));
#150 = VECTOR('',#151,1.);
#151 = DIRECTION('',(1.,0.));
#152 = ( GEOMETRIC_REPRESENTATION_CONTEXT(2) 
PARAMETRIC_REPRESENTATION_CONTEXT() REPRESENTATION_CONTEXT('2D SPACE',''
  ) );
#153 = PCURVE('',#154,#159);
#154 = PLANE('',#155);
#155 = AXIS2_PLACEMENT_3D('',#156,#157,#158);
#156 = CARTESIAN_POINT('',(0.6171875,0.,0.));
#157 = DIRECTION('',(6.123233995737E-17,-1.,6.123233995737E-17));
#158 = DIRECTION('',(1.,6.123233995737E-17,-6.123233995737E-17));
#159 = DEFINITIONAL_REPRESENTATION('',(#160),#164);
#160 = CIRCLE('',#161,6.570723684211E-02);
#161 = AXIS2_PLACEMENT_2D('',#162,#163);
#162 = CARTESIAN_POINT('',(6.570723684211E-02,-3.08148791102E-33));
#163 = DIRECTION('',(6.123233995737E-17,-1.));
#164 = ( GEOMETRIC_REPRESENTATION_CONTEXT(2) 
PARAMETRIC_REPRESENTATION_CONTEXT() REPRESENTATION_CONTEXT('2D SPACE',''
  ) );
#165 = ADVANCED_FACE('',(#166,#169),#154,.T.);
#166 = FACE_BOUND('',#167,.T.);
#167 = EDGE_LOOP('',(#168));
#168 = ORIENTED_EDGE('',*,*,#139,.T.);
#169 = FACE_BOUND('',#170,.T.);
#170 = EDGE_LOOP('',(#171,#202,#231));
#171 = ORIENTED_EDGE('',*,*,#172,.F.);
#172 = EDGE_CURVE('',#173,#175,#177,.T.);
#173 = VERTEX_POINT('',#174);
#174 = CARTESIAN_POINT('',(0.709149471691,2.93467687652E-18,
    -3.622256119585E-02));
#175 = VERTEX_POINT('',#176);
#176 = CARTESIAN_POINT('',(0.709149471691,7.370661239062E-18,
    3.622256119585E-02));
#177 = SURFACE_CURVE('',#178,(#183,#190),.PCURVE_S1.);
#178 = CIRCLE('',#179,4.473684210526E-02);
#179 = AXIS2_PLACEMENT_3D('',#180,#181,#182);
#180 = CARTESIAN_POINT('',(0.682894736842,4.023407863975E-18,
    -4.023407863975E-18));
#181 = DIRECTION('',(6.123233995737E-17,-1.,6.123233995737E-17));
#182 = DIRECTION('',(0.,-6.123233995737E-17,-1.));
#183 = PCURVE('',#154,#184);
#184 = DEFINITIONAL_REPRESENTATION('',(#185),#189);
#185 = CIRCLE('',#186,4.473684210526E-02);
#186 = AXIS2_PLACEMENT_2D('',#187,#188);
#187 = CARTESIAN_POINT('',(6.570723684211E-02,-3.08148791102E-33));
#188 = DIRECTION('',(6.123233995737E-17,-1.));
#189 = ( GEOMETRIC_REPRESENTATION_CONTEXT(2) 
PARAMETRIC_REPRESENTATION_CONTEXT() REPRESENTATION_CONTEXT('2D SPACE',''
  ) );
#190 = PCURVE('',#191,#196);
#191 = CYLINDRICAL_SURFACE('',#192,4.473684210526E-02);
#192 = AXIS2_PLACEMENT_3D('',#193,#194,#195);
#193 = CARTESIAN_POINT('',(0.682894736842,4.023407863975E-18,
    -4.023407863975E-18));
#194 = DIRECTION('',(6.123233995737E-17,-1.,6.123233995737E-17));
#195 = DIRECTION('',(0.,-6.123233995737E-17,-1.));
#196 = DEFINITIONAL_REPRESENTATION('',(#197),#201);
#197 = LINE('',#198,#199);
#198 = CARTESIAN_POINT('',(0.,0.));
#199 = VECTOR('',#200,1.);
#200 = DIRECTION('',(1.,0.));
#201 = ( GEOMETRIC_REPRESENTATION_CONTEXT(2) 
PARAMETRIC_REPRESENTATION_CONTEXT() REPRESENTATION_CONTEXT('2D SPACE',''
  ) );
#202 = ORIENTED_EDGE('',*,*,#203,.F.);
#203 = EDGE_CURVE('',#204,#173,#206,.T.);
#204 = VERTEX_POINT('',#205);
#205 = CARTESIAN_POINT('',(0.680180921053,6.042665127372E-20,
    -4.638157894737E-02));
#206 = SURFACE_CURVE('',#207,(#212,#219),.PCURVE_S1.);
#207 = CIRCLE('',#208,4.638157894737E-02);
#208 = AXIS2_PLACEMENT_3D('',#209,#210,#211);
#209 = CARTESIAN_POINT('',(0.680180921053,2.900479261138E-18,
    -2.900479261138E-18));
#210 = DIRECTION('',(6.123233995737E-17,-1.,6.123233995737E-17));
#211 = DIRECTION('',(0.,-6.123233995737E-17,-1.));
#212 = PCURVE('',#154,#213);
#213 = DEFINITIONAL_REPRESENTATION('',(#214),#218);
#214 = CIRCLE('',#215,4.638157894737E-02);
#215 = AXIS2_PLACEMENT_2D('',#216,#217);
#216 = CARTESIAN_POINT('',(6.299342105263E-02,9.567553118339E-19));
#217 = DIRECTION('',(6.123233995737E-17,-1.));
#218 = ( GEOMETRIC_REPRESENTATION_CONTEXT(2) 
PARAMETRIC_REPRESENTATION_CONTEXT() REPRESENTATION_CONTEXT('2D SPACE',''
  ) );
#219 = PCURVE('',#220,#225);
#220 = PLANE('',#221);
#221 = AXIS2_PLACEMENT_3D('',#222,#223,#224);
#222 = CARTESIAN_POINT('',(0.6328125,0.,0.));
#223 = DIRECTION('',(6.123233995737E-17,-1.,6.123233995737E-17));
#224 = DIRECTION('',(1.,6.123233995737E-17,-6.123233995737E-17));
#225 = DEFINITIONAL_REPRESENTATION('',(#226),#230);
#226 = CIRCLE('',#227,4.638157894737E-02);
#227 = AXIS2_PLACEMENT_2D('',#228,#229);
#228 = CARTESIAN_POINT('',(4.736842105263E-02,2.311115933265E-33));
#229 = DIRECTION('',(6.123233995737E-17,-1.));
#230 = ( GEOMETRIC_REPRESENTATION_CONTEXT(2) 
PARAMETRIC_REPRESENTATION_CONTEXT() REPRESENTATION_CONTEXT('2D SPACE',''
  ) );
#231 = ORIENTED_EDGE('',*,*,#232,.F.);
#232 = EDGE_CURVE('',#175,#204,#233,.T.);
#233 = SURFACE_CURVE('',#234,(#239,#246),.PCURVE_S1.);
#234 = CIRCLE('',#235,4.638157894737E-02);
#235 = AXIS2_PLACEMENT_3D('',#236,#237,#238);
#236 = CARTESIAN_POINT('',(0.680180921053,2.900479261138E-18,
    -2.900479261138E-18));
#237 = DIRECTION('',(6.123233995737E-17,-1.,6.123233995737E-17));
#238 = DIRECTION('',(0.,-6.123233995737E-17,-1.));
#239 = PCURVE('',#154,#240);
#240 = DEFINITIONAL_REPRESENTATION('',(#241),#245);
#241 = CIRCLE('',#242,4.638157894737E-02);
#242 = AXIS2_PLACEMENT_2D('',#243,#244);
#243 = CARTESIAN_POINT('',(6.299342105263E-02,9.567553118339E-19));
#244 = DIRECTION('',(6.123233995737E-17,-1.));
#245 = ( GEOMETRIC_REPRESENTATION_CONTEXT(2) 
PARAMETRIC_REPRESENTATION_CONTEXT() REPRESENTATION_CONTEXT('2D SPACE',''
  ) );
#246 = PCURVE('',#220,#247);
#247 = DEFINITIONAL_REPRESENTATION('',(#248),#252);
#248 = CIRCLE('',#249,4.638157894737E-02);
#249 = AXIS2_PLACEMENT_2D('',#250,#251);
#250 = CARTESIAN_POINT('',(4.736842105263E-02,2.311115933265E-33));
#251 = DIRECTION('',(6.123233995737E-17,-1.));
#252 = ( GEOMETRIC_REPRESENTATION_CONTEXT(2) 
PARAMETRIC_REPRESENTATION_CONTEXT() REPRESENTATION_CONTEXT('2D SPACE',''
  ) );
#253 = ADVANCED_FACE('',(#254,#257),#126,.F.);
#254 = FACE_BOUND('',#255,.F.);
#255 = EDGE_LOOP('',(#256));
#256 = ORIENTED_EDGE('',*,*,#111,.T.);
#257 = FACE_BOUND('',#258,.F.);
#258 = EDGE_LOOP('',(#259,#285,#314));
#259 = ORIENTED_EDGE('',*,*,#260,.F.);
#260 = EDGE_CURVE('',#261,#263,#265,.T.);
#261 = VERTEX_POINT('',#262);
#262 = CARTESIAN_POINT('',(0.709149471691,3.125E-02,-3.622256119585E-02)
  );
#263 = VERTEX_POINT('',#264);
#264 = CARTESIAN_POINT('',(0.709149471691,3.125E-02,3.622256119585E-02)
  );
#265 = SURFACE_CURVE('',#266,(#271,#278),.PCURVE_S1.);
#266 = CIRCLE('',#267,4.473684210526E-02);
#267 = AXIS2_PLACEMENT_3D('',#268,#269,#270);
#268 = CARTESIAN_POINT('',(0.682894736842,3.125E-02,-5.936918487643E-18)
  );
#269 = DIRECTION('',(6.123233995737E-17,-1.,6.123233995737E-17));
#270 = DIRECTION('',(0.,-6.123233995737E-17,-1.));
#271 = PCURVE('',#126,#272);
#272 = DEFINITIONAL_REPRESENTATION('',(#273),#277);
#273 = CIRCLE('',#274,4.473684210526E-02);
#274 = AXIS2_PLACEMENT_2D('',#275,#276);
#275 = CARTESIAN_POINT('',(6.570723684211E-02,-3.08148791102E-33));
#276 = DIRECTION('',(6.123233995737E-17,-1.));
#277 = ( GEOMETRIC_REPRESENTATION_CONTEXT(2) 
PARAMETRIC_REPRESENTATION_CONTEXT() REPRESENTATION_CONTEXT('2D SPACE',''
  ) );
#278 = PCURVE('',#191,#279);
#279 = DEFINITIONAL_REPRESENTATION('',(#280),#284);
#280 = LINE('',#281,#282);
#281 = CARTESIAN_POINT('',(0.,-3.125E-02));
#282 = VECTOR('',#283,1.);
#283 = DIRECTION('',(1.,0.));
#284 = ( GEOMETRIC_REPRESENTATION_CONTEXT(2) 
PARAMETRIC_REPRESENTATION_CONTEXT() REPRESENTATION_CONTEXT('2D SPACE',''
  ) );
#285 = ORIENTED_EDGE('',*,*,#286,.F.);
#286 = EDGE_CURVE('',#287,#261,#289,.T.);
#287 = VERTEX_POINT('',#288);
#288 = CARTESIAN_POINT('',(0.680180921053,3.125E-02,-4.638157894737E-02)
  );
#289 = SURFACE_CURVE('',#290,(#295,#302),.PCURVE_S1.);
#290 = CIRCLE('',#291,4.638157894737E-02);
#291 = AXIS2_PLACEMENT_3D('',#292,#293,#294);
#292 = CARTESIAN_POINT('',(0.680180921053,3.125E-02,-4.813989884806E-18)
  );
#293 = DIRECTION('',(6.123233995737E-17,-1.,6.123233995737E-17));
#294 = DIRECTION('',(0.,-6.123233995737E-17,-1.));
#295 = PCURVE('',#126,#296);
#296 = DEFINITIONAL_REPRESENTATION('',(#297),#301);
#297 = CIRCLE('',#298,4.638157894737E-02);
#298 = AXIS2_PLACEMENT_2D('',#299,#300);
#299 = CARTESIAN_POINT('',(6.299342105263E-02,9.567553118339E-19));
#300 = DIRECTION('',(6.123233995737E-17,-1.));
#301 = ( GEOMETRIC_REPRESENTATION_CONTEXT(2) 
PARAMETRIC_REPRESENTATION_CONTEXT() REPRESENTATION_CONTEXT('2D SPACE',''
  ) );
#302 = PCURVE('',#303,#308);
#303 = CYLINDRICAL_SURFACE('',#304,4.638157894737E-02);
#304 = AXIS2_PLACEMENT_3D('',#305,#306,#307);
#305 = CARTESIAN_POINT('',(0.680180921053,2.900479261138E-18,
    -2.900479261138E-18));
#306 = DIRECTION('',(6.123233995737E-17,-1.,6.123233995737E-17));
#307 = DIRECTION('',(0.,-6.123233995737E-17,-1.));
#308 = DEFINITIONAL_REPRESENTATION('',(#309),#313);
#309 = LINE('',#310,#311);
#310 = CARTESIAN_POINT('',(0.,-3.125E-02));
#311 = VECTOR('',#312,1.);
#312 = DIRECTION('',(1.,0.));
#313 = ( GEOMETRIC_REPRESENTATION_CONTEXT(2) 
PARAMETRIC_REPRESENTATION_CONTEXT() REPRESENTATION_CONTEXT('2D SPACE',''
  ) );
#314 = ORIENTED_EDGE('',*,*,#315,.F.);
#315 = EDGE_CURVE('',#263,#287,#316,.T.);
#316 = SURFACE_CURVE('',#317,(#322,#329),.PCURVE_S1.);
#317 = CIRCLE('',#318,4.638157894737E-02);
#318 = AXIS2_PLACEMENT_3D('',#319,#320,#321);
#319 = CARTESIAN_POINT('',(0.680180921053,3.125E-02,-4.813989884806E-18)
  );
#320 = DIRECTION('',(6.123233995737E-17,-1.,6.123233995737E-17));
#321 = DIRECTION('',(0.,-6.123233995737E-17,-1.));
#322 = PCURVE('',#126,#323);
#323 = DEFINITIONAL_REPRESENTATION('',(#324),#328);
#324 = CIRCLE('',#325,4.638157894737E-02);
#325 = AXIS2_PLACEMENT_2D('',#326,#327);
#326 = CARTESIAN_POINT('',(6.299342105263E-02,9.567553118339E-19));
#327 = DIRECTION('',(6.123233995737E-17,-1.));
#328 = ( GEOMETRIC_REPRESENTATION_CONTEXT(2) 
PARAMETRIC_REPRESENTATION_CONTEXT() REPRESENTATION_CONTEXT('2D SPACE',''
  ) );
#329 = PCURVE('',#303,#330);
#330 = DEFINITIONAL_REPRESENTATION('',(#331),#335);
#331 = LINE('',#332,#333);
#332 = CARTESIAN_POINT('',(0.,-3.125E-02));
#333 = VECTOR('',#334,1.);
#334 = DIRECTION('',(1.,0.));
#335 = ( GEOMETRIC_REPRESENTATION_CONTEXT(2) 
PARAMETRIC_REPRESENTATION_CONTEXT() REPRESENTATION_CONTEXT('2D SPACE',''
  ) );
#336 = ADVANCED_FACE('',(#337),#191,.F.);
#337 = FACE_BOUND('',#338,.F.);
#338 = EDGE_LOOP('',(#339,#340,#359,#360));
#339 = ORIENTED_EDGE('',*,*,#172,.F.);
#340 = ORIENTED_EDGE('',*,*,#341,.F.);
#341 = EDGE_CURVE('',#261,#173,#342,.T.);
#342 = SURFACE_CURVE('',#343,(#347,#353),.PCURVE_S1.);
#343 = LINE('',#344,#345);
#344 = CARTESIAN_POINT('',(0.709149471691,2.456299220603E-18,
    -3.622256119585E-02));
#345 = VECTOR('',#346,1.);
#346 = DIRECTION('',(6.123233995737E-17,-1.,6.123233995737E-17));
#347 = PCURVE('',#191,#348);
#348 = DEFINITIONAL_REPRESENTATION('',(#349),#352);
#349 = B_SPLINE_CURVE_WITH_KNOTS('',1,(#350,#351),.UNSPECIFIED.,.F.,.F.,
  (2,2),(-3.12506E-02,6.E-07),.PIECEWISE_BEZIER_KNOTS.);
#350 = CARTESIAN_POINT('',(0.62718835245,-3.12506E-02));
#351 = CARTESIAN_POINT('',(0.62718835245,6.00000000001E-07));
#352 = ( GEOMETRIC_REPRESENTATION_CONTEXT(2) 
PARAMETRIC_REPRESENTATION_CONTEXT() REPRESENTATION_CONTEXT('2D SPACE',''
  ) );
#353 = PCURVE('',#303,#354);
#354 = DEFINITIONAL_REPRESENTATION('',(#355),#358);
#355 = B_SPLINE_CURVE_WITH_KNOTS('',1,(#356,#357),.UNSPECIFIED.,.F.,.F.,
  (2,2),(-3.12506E-02,6.E-07),.PIECEWISE_BEZIER_KNOTS.);
#356 = CARTESIAN_POINT('',(0.674581030874,-3.12506E-02));
#357 = CARTESIAN_POINT('',(0.674581030874,6.E-07));
#358 = ( GEOMETRIC_REPRESENTATION_CONTEXT(2) 
PARAMETRIC_REPRESENTATION_CONTEXT() REPRESENTATION_CONTEXT('2D SPACE',''
  ) );
#359 = ORIENTED_EDGE('',*,*,#260,.T.);
#360 = ORIENTED_EDGE('',*,*,#361,.T.);
#361 = EDGE_CURVE('',#263,#175,#362,.T.);
#362 = SURFACE_CURVE('',#363,(#367,#373),.PCURVE_S1.);
#363 = LINE('',#364,#365);
#364 = CARTESIAN_POINT('',(0.709149471691,6.892283583145E-18,
    3.622256119585E-02));
#365 = VECTOR('',#366,1.);
#366 = DIRECTION('',(6.123233995737E-17,-1.,6.123233995737E-17));
#367 = PCURVE('',#191,#368);
#368 = DEFINITIONAL_REPRESENTATION('',(#369),#372);
#369 = B_SPLINE_CURVE_WITH_KNOTS('',1,(#370,#371),.UNSPECIFIED.,.F.,.F.,
  (2,2),(-3.12506E-02,6.E-07),.PIECEWISE_BEZIER_KNOTS.);
#370 = CARTESIAN_POINT('',(2.51440430114,-3.12506E-02));
#371 = CARTESIAN_POINT('',(2.51440430114,6.00000000001E-07));
#372 = ( GEOMETRIC_REPRESENTATION_CONTEXT(2) 
PARAMETRIC_REPRESENTATION_CONTEXT() REPRESENTATION_CONTEXT('2D SPACE',''
  ) );
#373 = PCURVE('',#303,#374);
#374 = DEFINITIONAL_REPRESENTATION('',(#375),#378);
#375 = B_SPLINE_CURVE_WITH_KNOTS('',1,(#376,#377),.UNSPECIFIED.,.F.,.F.,
  (2,2),(-3.12506E-02,6.E-07),.PIECEWISE_BEZIER_KNOTS.);
#376 = CARTESIAN_POINT('',(2.467011622715,-3.12506E-02));
#377 = CARTESIAN_POINT('',(2.467011622715,6.E-07));
#378 = ( GEOMETRIC_REPRESENTATION_CONTEXT(2) 
PARAMETRIC_REPRESENTATION_CONTEXT() REPRESENTATION_CONTEXT('2D SPACE',''
  ) );
#379 = ADVANCED_FACE('',(#380),#220,.T.);
#380 = FACE_BOUND('',#381,.T.);
#381 = EDGE_LOOP('',(#382,#383,#384,#413));
#382 = ORIENTED_EDGE('',*,*,#232,.T.);
#383 = ORIENTED_EDGE('',*,*,#203,.T.);
#384 = ORIENTED_EDGE('',*,*,#385,.F.);
#385 = EDGE_CURVE('',#386,#173,#388,.T.);
#386 = VERTEX_POINT('',#387);
#387 = CARTESIAN_POINT('',(0.682894736842,1.284066339567E-18,
    -4.473684210526E-02));
#388 = SURFACE_CURVE('',#389,(#394,#401),.PCURVE_S1.);
#389 = CIRCLE('',#390,4.473684210526E-02);
#390 = AXIS2_PLACEMENT_3D('',#391,#392,#393);
#391 = CARTESIAN_POINT('',(0.682894736842,4.023407863975E-18,
    -4.023407863975E-18));
#392 = DIRECTION('',(6.123233995737E-17,-1.,6.123233995737E-17));
#393 = DIRECTION('',(0.,-6.123233995737E-17,-1.));
#394 = PCURVE('',#220,#395);
#395 = DEFINITIONAL_REPRESENTATION('',(#396),#400);
#396 = CIRCLE('',#397,4.473684210526E-02);
#397 = AXIS2_PLACEMENT_2D('',#398,#399);
#398 = CARTESIAN_POINT('',(5.008223684211E-02,-9.567553118339E-19));
#399 = DIRECTION('',(6.123233995737E-17,-1.));
#400 = ( GEOMETRIC_REPRESENTATION_CONTEXT(2) 
PARAMETRIC_REPRESENTATION_CONTEXT() REPRESENTATION_CONTEXT('2D SPACE',''
  ) );
#401 = PCURVE('',#402,#407);
#402 = PLANE('',#403);
#403 = AXIS2_PLACEMENT_3D('',#404,#405,#406);
#404 = CARTESIAN_POINT('',(0.6328125,0.,0.));
#405 = DIRECTION('',(6.123233995737E-17,-1.,6.123233995737E-17));
#406 = DIRECTION('',(1.,6.123233995737E-17,-6.123233995737E-17));
#407 = DEFINITIONAL_REPRESENTATION('',(#408),#412);
#408 = CIRCLE('',#409,4.473684210526E-02);
#409 = AXIS2_PLACEMENT_2D('',#410,#411);
#410 = CARTESIAN_POINT('',(5.008223684211E-02,-9.567553118339E-19));
#411 = DIRECTION('',(6.123233995737E-17,-1.));
#412 = ( GEOMETRIC_REPRESENTATION_CONTEXT(2) 
PARAMETRIC_REPRESENTATION_CONTEXT() REPRESENTATION_CONTEXT('2D SPACE',''
  ) );
#413 = ORIENTED_EDGE('',*,*,#414,.F.);
#414 = EDGE_CURVE('',#175,#386,#415,.T.);
#415 = SURFACE_CURVE('',#416,(#421,#428),.PCURVE_S1.);
#416 = CIRCLE('',#417,4.473684210526E-02);
#417 = AXIS2_PLACEMENT_3D('',#418,#419,#420);
#418 = CARTESIAN_POINT('',(0.682894736842,4.023407863975E-18,
    -4.023407863975E-18));
#419 = DIRECTION('',(6.123233995737E-17,-1.,6.123233995737E-17));
#420 = DIRECTION('',(0.,-6.123233995737E-17,-1.));
#421 = PCURVE('',#220,#422);
#422 = DEFINITIONAL_REPRESENTATION('',(#423),#427);
#423 = CIRCLE('',#424,4.473684210526E-02);
#424 = AXIS2_PLACEMENT_2D('',#425,#426);
#425 = CARTESIAN_POINT('',(5.008223684211E-02,-9.567553118339E-19));
#426 = DIRECTION('',(6.123233995737E-17,-1.));
#427 = ( GEOMETRIC_REPRESENTATION_CONTEXT(2) 
PARAMETRIC_REPRESENTATION_CONTEXT() REPRESENTATION_CONTEXT('2D SPACE',''
  ) );
#428 = PCURVE('',#402,#429);
#429 = DEFINITIONAL_REPRESENTATION('',(#430),#434);
#430 = CIRCLE('',#431,4.473684210526E-02);
#431 = AXIS2_PLACEMENT_2D('',#432,#433);
#432 = CARTESIAN_POINT('',(5.008223684211E-02,-9.567553118339E-19));
#433 = DIRECTION('',(6.123233995737E-17,-1.));
#434 = ( GEOMETRIC_REPRESENTATION_CONTEXT(2) 
PARAMETRIC_REPRESENTATION_CONTEXT() REPRESENTATION_CONTEXT('2D SPACE',''
  ) );
#435 = ADVANCED_FACE('',(#436),#303,.T.);
#436 = FACE_BOUND('',#437,.T.);
#437 = EDGE_LOOP('',(#438,#439,#462,#489,#490,#491,#492,#514));
#438 = ORIENTED_EDGE('',*,*,#286,.F.);
#439 = ORIENTED_EDGE('',*,*,#440,.T.);
#440 = EDGE_CURVE('',#287,#441,#443,.T.);
#441 = VERTEX_POINT('',#442);
#442 = CARTESIAN_POINT('',(0.680180921053,0.140625,-4.638157894737E-02)
  );
#443 = SEAM_CURVE('',#444,(#448,#455),.PCURVE_S1.);
#444 = LINE('',#445,#446);
#445 = CARTESIAN_POINT('',(0.680180921053,6.042665127372E-20,
    -4.638157894737E-02));
#446 = VECTOR('',#447,1.);
#447 = DIRECTION('',(-6.123233995737E-17,1.,-6.123233995737E-17));
#448 = PCURVE('',#303,#449);
#449 = DEFINITIONAL_REPRESENTATION('',(#450),#454);
#450 = LINE('',#451,#452);
#451 = CARTESIAN_POINT('',(6.28318530718,0.));
#452 = VECTOR('',#453,1.);
#453 = DIRECTION('',(0.,-1.));
#454 = ( GEOMETRIC_REPRESENTATION_CONTEXT(2) 
PARAMETRIC_REPRESENTATION_CONTEXT() REPRESENTATION_CONTEXT('2D SPACE',''
  ) );
#455 = PCURVE('',#303,#456);
#456 = DEFINITIONAL_REPRESENTATION('',(#457),#461);
#457 = LINE('',#458,#459);
#458 = CARTESIAN_POINT('',(0.,0.));
#459 = VECTOR('',#460,1.);
#460 = DIRECTION('',(0.,-1.));
#461 = ( GEOMETRIC_REPRESENTATION_CONTEXT(2) 
PARAMETRIC_REPRESENTATION_CONTEXT() REPRESENTATION_CONTEXT('2D SPACE',''
  ) );
#462 = ORIENTED_EDGE('',*,*,#463,.T.);
#463 = EDGE_CURVE('',#441,#441,#464,.T.);
#464 = SURFACE_CURVE('',#465,(#470,#477),.PCURVE_S1.);
#465 = CIRCLE('',#466,4.638157894737E-02);
#466 = AXIS2_PLACEMENT_3D('',#467,#468,#469);
#467 = CARTESIAN_POINT('',(0.680180921053,0.140625,-1.151127706764E-17)
  );
#468 = DIRECTION('',(6.123233995737E-17,-1.,6.123233995737E-17));
#469 = DIRECTION('',(0.,-6.123233995737E-17,-1.));
#470 = PCURVE('',#303,#471);
#471 = DEFINITIONAL_REPRESENTATION('',(#472),#476);
#472 = LINE('',#473,#474);
#473 = CARTESIAN_POINT('',(0.,-0.140625));
#474 = VECTOR('',#475,1.);
#475 = DIRECTION('',(1.,0.));
#476 = ( GEOMETRIC_REPRESENTATION_CONTEXT(2) 
PARAMETRIC_REPRESENTATION_CONTEXT() REPRESENTATION_CONTEXT('2D SPACE',''
  ) );
#477 = PCURVE('',#478,#483);
#478 = PLANE('',#479);
#479 = AXIS2_PLACEMENT_3D('',#480,#481,#482);
#480 = CARTESIAN_POINT('',(0.6328125,0.140625,-8.610797806505E-18));
#481 = DIRECTION('',(6.123233995737E-17,-1.,6.123233995737E-17));
#482 = DIRECTION('',(1.,6.123233995737E-17,-6.123233995737E-17));
#483 = DEFINITIONAL_REPRESENTATION('',(#484),#488);
#484 = CIRCLE('',#485,4.638157894737E-02);
#485 = AXIS2_PLACEMENT_2D('',#486,#487);
#486 = CARTESIAN_POINT('',(4.736842105263E-02,2.311115933265E-33));
#487 = DIRECTION('',(6.123233995737E-17,-1.));
#488 = ( GEOMETRIC_REPRESENTATION_CONTEXT(2) 
PARAMETRIC_REPRESENTATION_CONTEXT() REPRESENTATION_CONTEXT('2D SPACE',''
  ) );
#489 = ORIENTED_EDGE('',*,*,#440,.F.);
#490 = ORIENTED_EDGE('',*,*,#315,.F.);
#491 = ORIENTED_EDGE('',*,*,#361,.T.);
#492 = ORIENTED_EDGE('',*,*,#493,.F.);
#493 = EDGE_CURVE('',#173,#175,#494,.T.);
#494 = SURFACE_CURVE('',#495,(#500,#507),.PCURVE_S1.);
#495 = CIRCLE('',#496,4.638157894737E-02);
#496 = AXIS2_PLACEMENT_3D('',#497,#498,#499);
#497 = CARTESIAN_POINT('',(0.680180921053,2.900479261138E-18,
    -2.900479261138E-18));
#498 = DIRECTION('',(6.123233995737E-17,-1.,6.123233995737E-17));
#499 = DIRECTION('',(0.,-6.123233995737E-17,-1.));
#500 = PCURVE('',#303,#501);
#501 = DEFINITIONAL_REPRESENTATION('',(#502),#506);
#502 = LINE('',#503,#504);
#503 = CARTESIAN_POINT('',(0.,0.));
#504 = VECTOR('',#505,1.);
#505 = DIRECTION('',(1.,0.));
#506 = ( GEOMETRIC_REPRESENTATION_CONTEXT(2) 
PARAMETRIC_REPRESENTATION_CONTEXT() REPRESENTATION_CONTEXT('2D SPACE',''
  ) );
#507 = PCURVE('',#402,#508);
#508 = DEFINITIONAL_REPRESENTATION('',(#509),#513);
#509 = CIRCLE('',#510,4.638157894737E-02);
#510 = AXIS2_PLACEMENT_2D('',#511,#512);
#511 = CARTESIAN_POINT('',(4.736842105263E-02,2.311115933265E-33));
#512 = DIRECTION('',(6.123233995737E-17,-1.));
#513 = ( GEOMETRIC_REPRESENTATION_CONTEXT(2) 
PARAMETRIC_REPRESENTATION_CONTEXT() REPRESENTATION_CONTEXT('2D SPACE',''
  ) );
#514 = ORIENTED_EDGE('',*,*,#341,.F.);
#515 = ADVANCED_FACE('',(#516),#402,.T.);
#516 = FACE_BOUND('',#517,.T.);
#517 = EDGE_LOOP('',(#518,#519,#520));
#518 = ORIENTED_EDGE('',*,*,#385,.T.);
#519 = ORIENTED_EDGE('',*,*,#493,.T.);
#520 = ORIENTED_EDGE('',*,*,#414,.T.);
#521 = ADVANCED_FACE('',(#522),#478,.F.);
#522 = FACE_BOUND('',#523,.F.);
#523 = EDGE_LOOP('',(#524));
#524 = ORIENTED_EDGE('',*,*,#463,.T.);
#525 = ( GEOMETRIC_REPRESENTATION_CONTEXT(3) 
GLOBAL_UNCERTAINTY_ASSIGNED_CONTEXT((#529)) GLOBAL_UNIT_ASSIGNED_CONTEXT
((#526,#527,#528)) REPRESENTATION_CONTEXT('Context #1',
  '3D Context with UNIT and UNCERTAINTY') );
#526 = ( LENGTH_UNIT() NAMED_UNIT(*) SI_UNIT(.MILLI.,.METRE.) );
#527 = ( NAMED_UNIT(*) PLANE_ANGLE_UNIT() SI_UNIT($,.RADIAN.) );
#528 = ( NAMED_UNIT(*) SI_UNIT($,.STERADIAN.) SOLID_ANGLE_UNIT() );
#529 = UNCERTAINTY_MEASURE_WITH_UNIT(LENGTH_MEASURE(1.E-07),#526,
  'distance_accuracy_value','confusion accuracy');
#530 = CONTEXT_DEPENDENT_SHAPE_REPRESENTATION(#531,#533);
#531 = ( REPRESENTATION_RELATIONSHIP('','',#74,#10) 
REPRESENTATION_RELATIONSHIP_WITH_TRANSFORMATION(#532) 
SHAPE_REPRESENTATION_RELATIONSHIP() );
#532 = ITEM_DEFINED_TRANSFORMATION('','',#11,#15);
#533 = PRODUCT_DEFINITION_SHAPE('Placement','Placement of an item',#534
  );
#534 = NEXT_ASSEMBLY_USAGE_OCCURRENCE('3','','',#5,#69,$);
#535 = CC_DESIGN_SECURITY_CLASSIFICATION(#536,(#534));
#536 = SECURITY_CLASSIFICATION('','',#51);
#537 = CC_DESIGN_PERSON_AND_ORGANIZATION_ASSIGNMENT(#40,#49,(#536));
#538 = CC_DESIGN_DATE_AND_TIME_ASSIGNMENT(#54,#60,(#536));
#539 = CC_DESIGN_APPROVAL(#62,(#536));
#540 = PRODUCT_RELATED_PRODUCT_CATEGORY('detail',$,(#71));
#541 = PRODUCT_CATEGORY_RELATIONSHIP('','',#542,#540);
#542 = PRODUCT_CATEGORY('part',$);
#543 = CC_DESIGN_PERSON_AND_ORGANIZATION_ASSIGNMENT(#40,#43,(#70,#69));
#544 = CC_DESIGN_PERSON_AND_ORGANIZATION_ASSIGNMENT(#40,#45,(#71));
#545 = CC_DESIGN_PERSON_AND_ORGANIZATION_ASSIGNMENT(#40,#47,(#70));
#546 = CC_DESIGN_PERSON_AND_ORGANIZATION_ASSIGNMENT(#40,#49,(#547));
#547 = SECURITY_CLASSIFICATION('','',#51);
#548 = CC_DESIGN_SECURITY_CLASSIFICATION(#547,(#70));
#549 = CC_DESIGN_DATE_AND_TIME_ASSIGNMENT(#54,#58,(#69));
#550 = CC_DESIGN_DATE_AND_TIME_ASSIGNMENT(#54,#60,(#547));
#551 = CC_DESIGN_APPROVAL(#62,(#70,#69,#547));
#552 = SHAPE_DEFINITION_REPRESENTATION(#553,#559);
#553 = PRODUCT_DEFINITION_SHAPE('','',#554);
#554 = PRODUCT_DEFINITION('design','',#555,#558);
#555 = PRODUCT_DEFINITION_FORMATION_WITH_SPECIFIED_SOURCE('','',#556,
  .NOT_KNOWN.);
#556 = PRODUCT('Open CASCADE STEP translator 7.8 23.2',
  'Open CASCADE STEP translator 7.8 23.2','',(#557));
#557 = MECHANICAL_CONTEXT('',#2,'mechanical');
#558 = DESIGN_CONTEXT('',#2,'design');
#559 = ADVANCED_BREP_SHAPE_REPRESENTATION('',(#11,#560),#1010);
#560 = MANIFOLD_SOLID_BREP('',#561);
#561 = CLOSED_SHELL('',(#562,#650,#738,#821,#864,#920,#1000,#1006));
#562 = ADVANCED_FACE('',(#563),#577,.T.);
#563 = FACE_BOUND('',#564,.T.);
#564 = EDGE_LOOP('',(#565,#595,#622,#623));
#565 = ORIENTED_EDGE('',*,*,#566,.T.);
#566 = EDGE_CURVE('',#567,#569,#571,.T.);
#567 = VERTEX_POINT('',#568);
#568 = CARTESIAN_POINT('',(-3.207236842105E-03,0.,-6.710526315789E-02));
#569 = VERTEX_POINT('',#570);
#570 = CARTESIAN_POINT('',(-3.207236842105E-03,3.125E-02,
    -6.710526315789E-02));
#571 = SEAM_CURVE('',#572,(#576,#588),.PCURVE_S1.);
#572 = LINE('',#573,#574);
#573 = CARTESIAN_POINT('',(-3.207236842105E-03,0.,-6.710526315789E-02));
#574 = VECTOR('',#575,1.);
#575 = DIRECTION('',(-6.123233995737E-17,1.,-6.123233995737E-17));
#576 = PCURVE('',#577,#582);
#577 = CYLINDRICAL_SURFACE('',#578,6.710526315789E-02);
#578 = AXIS2_PLACEMENT_3D('',#579,#580,#581);
#579 = CARTESIAN_POINT('',(-3.207236842105E-03,4.109012286613E-18,
    -4.109012286613E-18));
#580 = DIRECTION('',(6.123233995737E-17,-1.,6.123233995737E-17));
#581 = DIRECTION('',(0.,-6.123233995737E-17,-1.));
#582 = DEFINITIONAL_REPRESENTATION('',(#583),#587);
#583 = LINE('',#584,#585);
#584 = CARTESIAN_POINT('',(0.,0.));
#585 = VECTOR('',#586,1.);
#586 = DIRECTION('',(0.,-1.));
#587 = ( GEOMETRIC_REPRESENTATION_CONTEXT(2) 
PARAMETRIC_REPRESENTATION_CONTEXT() REPRESENTATION_CONTEXT('2D SPACE',''
  ) );
#588 = PCURVE('',#577,#589);
#589 = DEFINITIONAL_REPRESENTATION('',(#590),#594);
#590 = LINE('',#591,#592);
#591 = CARTESIAN_POINT('',(6.28318530718,0.));
#592 = VECTOR('',#593,1.);
#593 = DIRECTION('',(0.,-1.));
#594 = ( GEOMETRIC_REPRESENTATION_CONTEXT(2) 
PARAMETRIC_REPRESENTATION_CONTEXT() REPRESENTATION_CONTEXT('2D SPACE',''
  ) );
#595 = ORIENTED_EDGE('',*,*,#596,.T.);
#596 = EDGE_CURVE('',#569,#569,#597,.T.);
#597 = SURFACE_CURVE('',#598,(#603,#610),.PCURVE_S1.);
#598 = CIRCLE('',#599,6.710526315789E-02);
#599 = AXIS2_PLACEMENT_3D('',#600,#601,#602);
#600 = CARTESIAN_POINT('',(-3.207236842105E-03,3.125E-02,
    -6.022522910281E-18));
#601 = DIRECTION('',(6.123233995737E-17,-1.,6.123233995737E-17));
#602 = DIRECTION('',(0.,-6.123233995737E-17,-1.));
#603 = PCURVE('',#577,#604);
#604 = DEFINITIONAL_REPRESENTATION('',(#605),#609);
#605 = LINE('',#606,#607);
#606 = CARTESIAN_POINT('',(0.,-3.125E-02));
#607 = VECTOR('',#608,1.);
#608 = DIRECTION('',(1.,0.));
#609 = ( GEOMETRIC_REPRESENTATION_CONTEXT(2) 
PARAMETRIC_REPRESENTATION_CONTEXT() REPRESENTATION_CONTEXT('2D SPACE',''
  ) );
#610 = PCURVE('',#611,#616);
#611 = PLANE('',#612);
#612 = AXIS2_PLACEMENT_3D('',#613,#614,#615);
#613 = CARTESIAN_POINT('',(-7.03125E-02,3.125E-02,-1.913510623668E-18));
#614 = DIRECTION('',(6.123233995737E-17,-1.,6.123233995737E-17));
#615 = DIRECTION('',(1.,6.123233995737E-17,-6.123233995737E-17));
#616 = DEFINITIONAL_REPRESENTATION('',(#617),#621);
#617 = CIRCLE('',#618,6.710526315789E-02);
#618 = AXIS2_PLACEMENT_2D('',#619,#620);
#619 = CARTESIAN_POINT('',(6.710526315789E-02,0.));
#620 = DIRECTION('',(6.123233995737E-17,-1.));
#621 = ( GEOMETRIC_REPRESENTATION_CONTEXT(2) 
PARAMETRIC_REPRESENTATION_CONTEXT() REPRESENTATION_CONTEXT('2D SPACE',''
  ) );
#622 = ORIENTED_EDGE('',*,*,#566,.F.);
#623 = ORIENTED_EDGE('',*,*,#624,.F.);
#624 = EDGE_CURVE('',#567,#567,#625,.T.);
#625 = SURFACE_CURVE('',#626,(#631,#638),.PCURVE_S1.);
#626 = CIRCLE('',#627,6.710526315789E-02);
#627 = AXIS2_PLACEMENT_3D('',#628,#629,#630);
#628 = CARTESIAN_POINT('',(-3.207236842105E-03,4.109012286613E-18,
    -4.109012286613E-18));
#629 = DIRECTION('',(6.123233995737E-17,-1.,6.123233995737E-17));
#630 = DIRECTION('',(0.,-6.123233995737E-17,-1.));
#631 = PCURVE('',#577,#632);
#632 = DEFINITIONAL_REPRESENTATION('',(#633),#637);
#633 = LINE('',#634,#635);
#634 = CARTESIAN_POINT('',(0.,0.));
#635 = VECTOR('',#636,1.);
#636 = DIRECTION('',(1.,0.));
#637 = ( GEOMETRIC_REPRESENTATION_CONTEXT(2) 
PARAMETRIC_REPRESENTATION_CONTEXT() REPRESENTATION_CONTEXT('2D SPACE',''
  ) );
#638 = PCURVE('',#639,#644);
#639 = PLANE('',#640);
#640 = AXIS2_PLACEMENT_3D('',#641,#642,#643);
#641 = CARTESIAN_POINT('',(-7.03125E-02,0.,0.));
#642 = DIRECTION('',(6.123233995737E-17,-1.,6.123233995737E-17));
#643 = DIRECTION('',(1.,6.123233995737E-17,-6.123233995737E-17));
#644 = DEFINITIONAL_REPRESENTATION('',(#645),#649);
#645 = CIRCLE('',#646,6.710526315789E-02);
#646 = AXIS2_PLACEMENT_2D('',#647,#648);
#647 = CARTESIAN_POINT('',(6.710526315789E-02,0.));
#648 = DIRECTION('',(6.123233995737E-17,-1.));
#649 = ( GEOMETRIC_REPRESENTATION_CONTEXT(2) 
PARAMETRIC_REPRESENTATION_CONTEXT() REPRESENTATION_CONTEXT('2D SPACE',''
  ) );
#650 = ADVANCED_FACE('',(#651,#654),#639,.T.);
#651 = FACE_BOUND('',#652,.T.);
#652 = EDGE_LOOP('',(#653));
#653 = ORIENTED_EDGE('',*,*,#624,.T.);
#654 = FACE_BOUND('',#655,.T.);
#655 = EDGE_LOOP('',(#656,#687,#716));
#656 = ORIENTED_EDGE('',*,*,#657,.F.);
#657 = EDGE_CURVE('',#658,#660,#662,.T.);
#658 = VERTEX_POINT('',#659);
#659 = CARTESIAN_POINT('',(-3.410544590643E-02,3.480496823166E-18,
    3.235252259359E-02));
#660 = VERTEX_POINT('',#661);
#661 = CARTESIAN_POINT('',(-3.410544590643E-02,-4.81544500692E-19,
    -3.235252259359E-02));
#662 = SURFACE_CURVE('',#663,(#668,#675),.PCURVE_S1.);
#663 = CIRCLE('',#664,4.473684210526E-02);
#664 = AXIS2_PLACEMENT_3D('',#665,#666,#667);
#665 = CARTESIAN_POINT('',(-3.207236842105E-03,4.109012286613E-18,
    -4.109012286613E-18));
#666 = DIRECTION('',(6.123233995737E-17,-1.,6.123233995737E-17));
#667 = DIRECTION('',(0.,-6.123233995737E-17,-1.));
#668 = PCURVE('',#639,#669);
#669 = DEFINITIONAL_REPRESENTATION('',(#670),#674);
#670 = CIRCLE('',#671,4.473684210526E-02);
#671 = AXIS2_PLACEMENT_2D('',#672,#673);
#672 = CARTESIAN_POINT('',(6.710526315789E-02,0.));
#673 = DIRECTION('',(6.123233995737E-17,-1.));
#674 = ( GEOMETRIC_REPRESENTATION_CONTEXT(2) 
PARAMETRIC_REPRESENTATION_CONTEXT() REPRESENTATION_CONTEXT('2D SPACE',''
  ) );
#675 = PCURVE('',#676,#681);
#676 = CYLINDRICAL_SURFACE('',#677,4.473684210526E-02);
#677 = AXIS2_PLACEMENT_3D('',#678,#679,#680);
#678 = CARTESIAN_POINT('',(-3.207236842105E-03,4.109012286613E-18,
    -4.109012286613E-18));
#679 = DIRECTION('',(6.123233995737E-17,-1.,6.123233995737E-17));
#680 = DIRECTION('',(0.,-6.123233995737E-17,-1.));
#681 = DEFINITIONAL_REPRESENTATION('',(#682),#686);
#682 = LINE('',#683,#684);
#683 = CARTESIAN_POINT('',(0.,0.));
#684 = VECTOR('',#685,1.);
#685 = DIRECTION('',(1.,0.));
#686 = ( GEOMETRIC_REPRESENTATION_CONTEXT(2) 
PARAMETRIC_REPRESENTATION_CONTEXT() REPRESENTATION_CONTEXT('2D SPACE',''
  ) );
#687 = ORIENTED_EDGE('',*,*,#688,.F.);
#688 = EDGE_CURVE('',#689,#658,#691,.T.);
#689 = VERTEX_POINT('',#690);
#690 = CARTESIAN_POINT('',(4.934210526316E-04,0.,-4.736842105263E-02));
#691 = SURFACE_CURVE('',#692,(#697,#704),.PCURVE_S1.);
#692 = CIRCLE('',#693,4.736842105263E-02);
#693 = AXIS2_PLACEMENT_3D('',#694,#695,#696);
#694 = CARTESIAN_POINT('',(4.934210526316E-04,2.900479261138E-18,
    -2.900479261138E-18));
#695 = DIRECTION('',(6.123233995737E-17,-1.,6.123233995737E-17));
#696 = DIRECTION('',(0.,-6.123233995737E-17,-1.));
#697 = PCURVE('',#639,#698);
#698 = DEFINITIONAL_REPRESENTATION('',(#699),#703);
#699 = CIRCLE('',#700,4.736842105263E-02);
#700 = AXIS2_PLACEMENT_2D('',#701,#702);
#701 = CARTESIAN_POINT('',(7.080592105263E-02,1.435132967751E-18));
#702 = DIRECTION('',(6.123233995737E-17,-1.));
#703 = ( GEOMETRIC_REPRESENTATION_CONTEXT(2) 
PARAMETRIC_REPRESENTATION_CONTEXT() REPRESENTATION_CONTEXT('2D SPACE',''
  ) );
#704 = PCURVE('',#705,#710);
#705 = PLANE('',#706);
#706 = AXIS2_PLACEMENT_3D('',#707,#708,#709);
#707 = CARTESIAN_POINT('',(-4.6875E-02,0.,0.));
#708 = DIRECTION('',(6.123233995737E-17,-1.,6.123233995737E-17));
#709 = DIRECTION('',(1.,6.123233995737E-17,-6.123233995737E-17));
#710 = DEFINITIONAL_REPRESENTATION('',(#711),#715);
#711 = CIRCLE('',#712,4.736842105263E-02);
#712 = AXIS2_PLACEMENT_2D('',#713,#714);
#713 = CARTESIAN_POINT('',(4.736842105263E-02,0.));
#714 = DIRECTION('',(6.123233995737E-17,-1.));
#715 = ( GEOMETRIC_REPRESENTATION_CONTEXT(2) 
PARAMETRIC_REPRESENTATION_CONTEXT() REPRESENTATION_CONTEXT('2D SPACE',''
  ) );
#716 = ORIENTED_EDGE('',*,*,#717,.F.);
#717 = EDGE_CURVE('',#660,#689,#718,.T.);
#718 = SURFACE_CURVE('',#719,(#724,#731),.PCURVE_S1.);
#719 = CIRCLE('',#720,4.736842105263E-02);
#720 = AXIS2_PLACEMENT_3D('',#721,#722,#723);
#721 = CARTESIAN_POINT('',(4.934210526316E-04,2.900479261138E-18,
    -2.900479261138E-18));
#722 = DIRECTION('',(6.123233995737E-17,-1.,6.123233995737E-17));
#723 = DIRECTION('',(0.,-6.123233995737E-17,-1.));
#724 = PCURVE('',#639,#725);
#725 = DEFINITIONAL_REPRESENTATION('',(#726),#730);
#726 = CIRCLE('',#727,4.736842105263E-02);
#727 = AXIS2_PLACEMENT_2D('',#728,#729);
#728 = CARTESIAN_POINT('',(7.080592105263E-02,1.435132967751E-18));
#729 = DIRECTION('',(6.123233995737E-17,-1.));
#730 = ( GEOMETRIC_REPRESENTATION_CONTEXT(2) 
PARAMETRIC_REPRESENTATION_CONTEXT() REPRESENTATION_CONTEXT('2D SPACE',''
  ) );
#731 = PCURVE('',#705,#732);
#732 = DEFINITIONAL_REPRESENTATION('',(#733),#737);
#733 = CIRCLE('',#734,4.736842105263E-02);
#734 = AXIS2_PLACEMENT_2D('',#735,#736);
#735 = CARTESIAN_POINT('',(4.736842105263E-02,0.));
#736 = DIRECTION('',(6.123233995737E-17,-1.));
#737 = ( GEOMETRIC_REPRESENTATION_CONTEXT(2) 
PARAMETRIC_REPRESENTATION_CONTEXT() REPRESENTATION_CONTEXT('2D SPACE',''
  ) );
#738 = ADVANCED_FACE('',(#739,#742),#611,.F.);
#739 = FACE_BOUND('',#740,.F.);
#740 = EDGE_LOOP('',(#741));
#741 = ORIENTED_EDGE('',*,*,#596,.T.);
#742 = FACE_BOUND('',#743,.F.);
#743 = EDGE_LOOP('',(#744,#770,#799));
#744 = ORIENTED_EDGE('',*,*,#745,.F.);
#745 = EDGE_CURVE('',#746,#748,#750,.T.);
#746 = VERTEX_POINT('',#747);
#747 = CARTESIAN_POINT('',(-3.410544590643E-02,3.125E-02,
    3.235252259358E-02));
#748 = VERTEX_POINT('',#749);
#749 = CARTESIAN_POINT('',(-3.410544590643E-02,3.125E-02,
    -3.235252259358E-02));
#750 = SURFACE_CURVE('',#751,(#756,#763),.PCURVE_S1.);
#751 = CIRCLE('',#752,4.473684210526E-02);
#752 = AXIS2_PLACEMENT_3D('',#753,#754,#755);
#753 = CARTESIAN_POINT('',(-3.207236842105E-03,3.125E-02,
    -6.022522910281E-18));
#754 = DIRECTION('',(6.123233995737E-17,-1.,6.123233995737E-17));
#755 = DIRECTION('',(0.,-6.123233995737E-17,-1.));
#756 = PCURVE('',#611,#757);
#757 = DEFINITIONAL_REPRESENTATION('',(#758),#762);
#758 = CIRCLE('',#759,4.473684210526E-02);
#759 = AXIS2_PLACEMENT_2D('',#760,#761);
#760 = CARTESIAN_POINT('',(6.710526315789E-02,0.));
#761 = DIRECTION('',(6.123233995737E-17,-1.));
#762 = ( GEOMETRIC_REPRESENTATION_CONTEXT(2) 
PARAMETRIC_REPRESENTATION_CONTEXT() REPRESENTATION_CONTEXT('2D SPACE',''
  ) );
#763 = PCURVE('',#676,#764);
#764 = DEFINITIONAL_REPRESENTATION('',(#765),#769);
#765 = LINE('',#766,#767);
#766 = CARTESIAN_POINT('',(0.,-3.125E-02));
#767 = VECTOR('',#768,1.);
#768 = DIRECTION('',(1.,0.));
#769 = ( GEOMETRIC_REPRESENTATION_CONTEXT(2) 
PARAMETRIC_REPRESENTATION_CONTEXT() REPRESENTATION_CONTEXT('2D SPACE',''
  ) );
#770 = ORIENTED_EDGE('',*,*,#771,.F.);
#771 = EDGE_CURVE('',#772,#746,#774,.T.);
#772 = VERTEX_POINT('',#773);
#773 = CARTESIAN_POINT('',(4.934210526316E-04,3.125E-02,
    -4.736842105263E-02));
#774 = SURFACE_CURVE('',#775,(#780,#787),.PCURVE_S1.);
#775 = CIRCLE('',#776,4.736842105263E-02);
#776 = AXIS2_PLACEMENT_3D('',#777,#778,#779);
#777 = CARTESIAN_POINT('',(4.934210526316E-04,3.125E-02,
    -4.813989884806E-18));
#778 = DIRECTION('',(6.123233995737E-17,-1.,6.123233995737E-17));
#779 = DIRECTION('',(0.,-6.123233995737E-17,-1.));
#780 = PCURVE('',#611,#781);
#781 = DEFINITIONAL_REPRESENTATION('',(#782),#786);
#782 = CIRCLE('',#783,4.736842105263E-02);
#783 = AXIS2_PLACEMENT_2D('',#784,#785);
#784 = CARTESIAN_POINT('',(7.080592105263E-02,1.435132967751E-18));
#785 = DIRECTION('',(6.123233995737E-17,-1.));
#786 = ( GEOMETRIC_REPRESENTATION_CONTEXT(2) 
PARAMETRIC_REPRESENTATION_CONTEXT() REPRESENTATION_CONTEXT('2D SPACE',''
  ) );
#787 = PCURVE('',#788,#793);
#788 = CYLINDRICAL_SURFACE('',#789,4.736842105263E-02);
#789 = AXIS2_PLACEMENT_3D('',#790,#791,#792);
#790 = CARTESIAN_POINT('',(4.934210526316E-04,2.900479261138E-18,
    -2.900479261138E-18));
#791 = DIRECTION('',(6.123233995737E-17,-1.,6.123233995737E-17));
#792 = DIRECTION('',(0.,-6.123233995737E-17,-1.));
#793 = DEFINITIONAL_REPRESENTATION('',(#794),#798);
#794 = LINE('',#795,#796);
#795 = CARTESIAN_POINT('',(0.,-3.125E-02));
#796 = VECTOR('',#797,1.);
#797 = DIRECTION('',(1.,0.));
#798 = ( GEOMETRIC_REPRESENTATION_CONTEXT(2) 
PARAMETRIC_REPRESENTATION_CONTEXT() REPRESENTATION_CONTEXT('2D SPACE',''
  ) );
#799 = ORIENTED_EDGE('',*,*,#800,.F.);
#800 = EDGE_CURVE('',#748,#772,#801,.T.);
#801 = SURFACE_CURVE('',#802,(#807,#814),.PCURVE_S1.);
#802 = CIRCLE('',#803,4.736842105263E-02);
#803 = AXIS2_PLACEMENT_3D('',#804,#805,#806);
#804 = CARTESIAN_POINT('',(4.934210526316E-04,3.125E-02,
    -4.813989884806E-18));
#805 = DIRECTION('',(6.123233995737E-17,-1.,6.123233995737E-17));
#806 = DIRECTION('',(0.,-6.123233995737E-17,-1.));
#807 = PCURVE('',#611,#808);
#808 = DEFINITIONAL_REPRESENTATION('',(#809),#813);
#809 = CIRCLE('',#810,4.736842105263E-02);
#810 = AXIS2_PLACEMENT_2D('',#811,#812);
#811 = CARTESIAN_POINT('',(7.080592105263E-02,1.435132967751E-18));
#812 = DIRECTION('',(6.123233995737E-17,-1.));
#813 = ( GEOMETRIC_REPRESENTATION_CONTEXT(2) 
PARAMETRIC_REPRESENTATION_CONTEXT() REPRESENTATION_CONTEXT('2D SPACE',''
  ) );
#814 = PCURVE('',#788,#815);
#815 = DEFINITIONAL_REPRESENTATION('',(#816),#820);
#816 = LINE('',#817,#818);
#817 = CARTESIAN_POINT('',(0.,-3.125E-02));
#818 = VECTOR('',#819,1.);
#819 = DIRECTION('',(1.,0.));
#820 = ( GEOMETRIC_REPRESENTATION_CONTEXT(2) 
PARAMETRIC_REPRESENTATION_CONTEXT() REPRESENTATION_CONTEXT('2D SPACE',''
  ) );
#821 = ADVANCED_FACE('',(#822),#676,.F.);
#822 = FACE_BOUND('',#823,.F.);
#823 = EDGE_LOOP('',(#824,#825,#844,#845));
#824 = ORIENTED_EDGE('',*,*,#657,.F.);
#825 = ORIENTED_EDGE('',*,*,#826,.F.);
#826 = EDGE_CURVE('',#746,#658,#827,.T.);
#827 = SURFACE_CURVE('',#828,(#832,#838),.PCURVE_S1.);
#828 = LINE('',#829,#830);
#829 = CARTESIAN_POINT('',(-3.410544590643E-02,2.76293033929E-18,
    3.235252259358E-02));
#830 = VECTOR('',#831,1.);
#831 = DIRECTION('',(6.123233995737E-17,-1.,6.123233995737E-17));
#832 = PCURVE('',#676,#833);
#833 = DEFINITIONAL_REPRESENTATION('',(#834),#837);
#834 = B_SPLINE_CURVE_WITH_KNOTS('',1,(#835,#836),.UNSPECIFIED.,.F.,.F.,
  (2,2),(-3.12506E-02,6.E-07),.PIECEWISE_BEZIER_KNOTS.);
#835 = CARTESIAN_POINT('',(3.904002034277,-3.12506E-02));
#836 = CARTESIAN_POINT('',(3.904002034277,6.000000000014E-07));
#837 = ( GEOMETRIC_REPRESENTATION_CONTEXT(2) 
PARAMETRIC_REPRESENTATION_CONTEXT() REPRESENTATION_CONTEXT('2D SPACE',''
  ) );
#838 = PCURVE('',#788,#839);
#839 = DEFINITIONAL_REPRESENTATION('',(#840),#843);
#840 = B_SPLINE_CURVE_WITH_KNOTS('',1,(#841,#842),.UNSPECIFIED.,.F.,.F.,
  (2,2),(-3.12506E-02,6.E-07),.PIECEWISE_BEZIER_KNOTS.);
#841 = CARTESIAN_POINT('',(3.960530106091,-3.12506E-02));
#842 = CARTESIAN_POINT('',(3.960530106091,6.E-07));
#843 = ( GEOMETRIC_REPRESENTATION_CONTEXT(2) 
PARAMETRIC_REPRESENTATION_CONTEXT() REPRESENTATION_CONTEXT('2D SPACE',''
  ) );
#844 = ORIENTED_EDGE('',*,*,#745,.T.);
#845 = ORIENTED_EDGE('',*,*,#846,.T.);
#846 = EDGE_CURVE('',#748,#660,#847,.T.);
#847 = SURFACE_CURVE('',#848,(#852,#858),.PCURVE_S1.);
#848 = LINE('',#849,#850);
#849 = CARTESIAN_POINT('',(-3.410544590643E-02,-1.199110984567E-18,
    -3.235252259358E-02));
#850 = VECTOR('',#851,1.);
#851 = DIRECTION('',(6.123233995737E-17,-1.,6.123233995737E-17));
#852 = PCURVE('',#676,#853);
#853 = DEFINITIONAL_REPRESENTATION('',(#854),#857);
#854 = B_SPLINE_CURVE_WITH_KNOTS('',1,(#855,#856),.UNSPECIFIED.,.F.,.F.,
  (2,2),(-3.12506E-02,6.E-07),.PIECEWISE_BEZIER_KNOTS.);
#855 = CARTESIAN_POINT('',(5.520775926493,-3.12506E-02));
#856 = CARTESIAN_POINT('',(5.520775926493,6.000000000014E-07));
#857 = ( GEOMETRIC_REPRESENTATION_CONTEXT(2) 
PARAMETRIC_REPRESENTATION_CONTEXT() REPRESENTATION_CONTEXT('2D SPACE',''
  ) );
#858 = PCURVE('',#788,#859);
#859 = DEFINITIONAL_REPRESENTATION('',(#860),#863);
#860 = B_SPLINE_CURVE_WITH_KNOTS('',1,(#861,#862),.UNSPECIFIED.,.F.,.F.,
  (2,2),(-3.12506E-02,6.E-07),.PIECEWISE_BEZIER_KNOTS.);
#861 = CARTESIAN_POINT('',(5.464247854679,-3.12506E-02));
#862 = CARTESIAN_POINT('',(5.464247854679,6.E-07));
#863 = ( GEOMETRIC_REPRESENTATION_CONTEXT(2) 
PARAMETRIC_REPRESENTATION_CONTEXT() REPRESENTATION_CONTEXT('2D SPACE',''
  ) );
#864 = ADVANCED_FACE('',(#865),#705,.T.);
#865 = FACE_BOUND('',#866,.T.);
#866 = EDGE_LOOP('',(#867,#868,#869,#898));
#867 = ORIENTED_EDGE('',*,*,#717,.T.);
#868 = ORIENTED_EDGE('',*,*,#688,.T.);
#869 = ORIENTED_EDGE('',*,*,#870,.F.);
#870 = EDGE_CURVE('',#871,#658,#873,.T.);
#871 = VERTEX_POINT('',#872);
#872 = CARTESIAN_POINT('',(-3.207236842105E-03,1.369670762204E-18,
    -4.473684210526E-02));
#873 = SURFACE_CURVE('',#874,(#879,#886),.PCURVE_S1.);
#874 = CIRCLE('',#875,4.473684210526E-02);
#875 = AXIS2_PLACEMENT_3D('',#876,#877,#878);
#876 = CARTESIAN_POINT('',(-3.207236842105E-03,4.109012286613E-18,
    -4.109012286613E-18));
#877 = DIRECTION('',(6.123233995737E-17,-1.,6.123233995737E-17));
#878 = DIRECTION('',(0.,-6.123233995737E-17,-1.));
#879 = PCURVE('',#705,#880);
#880 = DEFINITIONAL_REPRESENTATION('',(#881),#885);
#881 = CIRCLE('',#882,4.473684210526E-02);
#882 = AXIS2_PLACEMENT_2D('',#883,#884);
#883 = CARTESIAN_POINT('',(4.366776315789E-02,-1.435132967751E-18));
#884 = DIRECTION('',(6.123233995737E-17,-1.));
#885 = ( GEOMETRIC_REPRESENTATION_CONTEXT(2) 
PARAMETRIC_REPRESENTATION_CONTEXT() REPRESENTATION_CONTEXT('2D SPACE',''
  ) );
#886 = PCURVE('',#887,#892);
#887 = PLANE('',#888);
#888 = AXIS2_PLACEMENT_3D('',#889,#890,#891);
#889 = CARTESIAN_POINT('',(-4.6875E-02,0.,0.));
#890 = DIRECTION('',(6.123233995737E-17,-1.,6.123233995737E-17));
#891 = DIRECTION('',(1.,6.123233995737E-17,-6.123233995737E-17));
#892 = DEFINITIONAL_REPRESENTATION('',(#893),#897);
#893 = CIRCLE('',#894,4.473684210526E-02);
#894 = AXIS2_PLACEMENT_2D('',#895,#896);
#895 = CARTESIAN_POINT('',(4.366776315789E-02,-1.435132967751E-18));
#896 = DIRECTION('',(6.123233995737E-17,-1.));
#897 = ( GEOMETRIC_REPRESENTATION_CONTEXT(2) 
PARAMETRIC_REPRESENTATION_CONTEXT() REPRESENTATION_CONTEXT('2D SPACE',''
  ) );
#898 = ORIENTED_EDGE('',*,*,#899,.F.);
#899 = EDGE_CURVE('',#660,#871,#900,.T.);
#900 = SURFACE_CURVE('',#901,(#906,#913),.PCURVE_S1.);
#901 = CIRCLE('',#902,4.473684210526E-02);
#902 = AXIS2_PLACEMENT_3D('',#903,#904,#905);
#903 = CARTESIAN_POINT('',(-3.207236842105E-03,4.109012286613E-18,
    -4.109012286613E-18));
#904 = DIRECTION('',(6.123233995737E-17,-1.,6.123233995737E-17));
#905 = DIRECTION('',(0.,-6.123233995737E-17,-1.));
#906 = PCURVE('',#705,#907);
#907 = DEFINITIONAL_REPRESENTATION('',(#908),#912);
#908 = CIRCLE('',#909,4.473684210526E-02);
#909 = AXIS2_PLACEMENT_2D('',#910,#911);
#910 = CARTESIAN_POINT('',(4.366776315789E-02,-1.435132967751E-18));
#911 = DIRECTION('',(6.123233995737E-17,-1.));
#912 = ( GEOMETRIC_REPRESENTATION_CONTEXT(2) 
PARAMETRIC_REPRESENTATION_CONTEXT() REPRESENTATION_CONTEXT('2D SPACE',''
  ) );
#913 = PCURVE('',#887,#914);
#914 = DEFINITIONAL_REPRESENTATION('',(#915),#919);
#915 = CIRCLE('',#916,4.473684210526E-02);
#916 = AXIS2_PLACEMENT_2D('',#917,#918);
#917 = CARTESIAN_POINT('',(4.366776315789E-02,-1.435132967751E-18));
#918 = DIRECTION('',(6.123233995737E-17,-1.));
#919 = ( GEOMETRIC_REPRESENTATION_CONTEXT(2) 
PARAMETRIC_REPRESENTATION_CONTEXT() REPRESENTATION_CONTEXT('2D SPACE',''
  ) );
#920 = ADVANCED_FACE('',(#921),#788,.T.);
#921 = FACE_BOUND('',#922,.T.);
#922 = EDGE_LOOP('',(#923,#924,#947,#974,#975,#976,#977,#999));
#923 = ORIENTED_EDGE('',*,*,#771,.F.);
#924 = ORIENTED_EDGE('',*,*,#925,.T.);
#925 = EDGE_CURVE('',#772,#926,#928,.T.);
#926 = VERTEX_POINT('',#927);
#927 = CARTESIAN_POINT('',(4.934210526316E-04,0.1640625,
    -4.736842105263E-02));
#928 = SEAM_CURVE('',#929,(#933,#940),.PCURVE_S1.);
#929 = LINE('',#930,#931);
#930 = CARTESIAN_POINT('',(4.934210526316E-04,0.,-4.736842105263E-02));
#931 = VECTOR('',#932,1.);
#932 = DIRECTION('',(-6.123233995737E-17,1.,-6.123233995737E-17));
#933 = PCURVE('',#788,#934);
#934 = DEFINITIONAL_REPRESENTATION('',(#935),#939);
#935 = LINE('',#936,#937);
#936 = CARTESIAN_POINT('',(6.28318530718,0.));
#937 = VECTOR('',#938,1.);
#938 = DIRECTION('',(0.,-1.));
#939 = ( GEOMETRIC_REPRESENTATION_CONTEXT(2) 
PARAMETRIC_REPRESENTATION_CONTEXT() REPRESENTATION_CONTEXT('2D SPACE',''
  ) );
#940 = PCURVE('',#788,#941);
#941 = DEFINITIONAL_REPRESENTATION('',(#942),#946);
#942 = LINE('',#943,#944);
#943 = CARTESIAN_POINT('',(0.,0.));
#944 = VECTOR('',#945,1.);
#945 = DIRECTION('',(0.,-1.));
#946 = ( GEOMETRIC_REPRESENTATION_CONTEXT(2) 
PARAMETRIC_REPRESENTATION_CONTEXT() REPRESENTATION_CONTEXT('2D SPACE',''
  ) );
#947 = ORIENTED_EDGE('',*,*,#948,.T.);
#948 = EDGE_CURVE('',#926,#926,#949,.T.);
#949 = SURFACE_CURVE('',#950,(#955,#962),.PCURVE_S1.);
#950 = CIRCLE('',#951,4.736842105263E-02);
#951 = AXIS2_PLACEMENT_3D('',#952,#953,#954);
#952 = CARTESIAN_POINT('',(4.934210526316E-04,0.1640625,
    -1.294641003539E-17));
#953 = DIRECTION('',(6.123233995737E-17,-1.,6.123233995737E-17));
#954 = DIRECTION('',(0.,-6.123233995737E-17,-1.));
#955 = PCURVE('',#788,#956);
#956 = DEFINITIONAL_REPRESENTATION('',(#957),#961);
#957 = LINE('',#958,#959);
#958 = CARTESIAN_POINT('',(0.,-0.1640625));
#959 = VECTOR('',#960,1.);
#960 = DIRECTION('',(1.,0.));
#961 = ( GEOMETRIC_REPRESENTATION_CONTEXT(2) 
PARAMETRIC_REPRESENTATION_CONTEXT() REPRESENTATION_CONTEXT('2D SPACE',''
  ) );
#962 = PCURVE('',#963,#968);
#963 = PLANE('',#964);
#964 = AXIS2_PLACEMENT_3D('',#965,#966,#967);
#965 = CARTESIAN_POINT('',(-4.6875E-02,0.1640625,-1.004593077426E-17));
#966 = DIRECTION('',(6.123233995737E-17,-1.,6.123233995737E-17));
#967 = DIRECTION('',(1.,6.123233995737E-17,-6.123233995737E-17));
#968 = DEFINITIONAL_REPRESENTATION('',(#969),#973);
#969 = CIRCLE('',#970,4.736842105263E-02);
#970 = AXIS2_PLACEMENT_2D('',#971,#972);
#971 = CARTESIAN_POINT('',(4.736842105263E-02,0.));
#972 = DIRECTION('',(6.123233995737E-17,-1.));
#973 = ( GEOMETRIC_REPRESENTATION_CONTEXT(2) 
PARAMETRIC_REPRESENTATION_CONTEXT() REPRESENTATION_CONTEXT('2D SPACE',''
  ) );
#974 = ORIENTED_EDGE('',*,*,#925,.F.);
#975 = ORIENTED_EDGE('',*,*,#800,.F.);
#976 = ORIENTED_EDGE('',*,*,#846,.T.);
#977 = ORIENTED_EDGE('',*,*,#978,.F.);
#978 = EDGE_CURVE('',#658,#660,#979,.T.);
#979 = SURFACE_CURVE('',#980,(#985,#992),.PCURVE_S1.);
#980 = CIRCLE('',#981,4.736842105263E-02);
#981 = AXIS2_PLACEMENT_3D('',#982,#983,#984);
#982 = CARTESIAN_POINT('',(4.934210526316E-04,2.900479261138E-18,
    -2.900479261138E-18));
#983 = DIRECTION('',(6.123233995737E-17,-1.,6.123233995737E-17));
#984 = DIRECTION('',(0.,-6.123233995737E-17,-1.));
#985 = PCURVE('',#788,#986);
#986 = DEFINITIONAL_REPRESENTATION('',(#987),#991);
#987 = LINE('',#988,#989);
#988 = CARTESIAN_POINT('',(0.,0.));
#989 = VECTOR('',#990,1.);
#990 = DIRECTION('',(1.,0.));
#991 = ( GEOMETRIC_REPRESENTATION_CONTEXT(2) 
PARAMETRIC_REPRESENTATION_CONTEXT() REPRESENTATION_CONTEXT('2D SPACE',''
  ) );
#992 = PCURVE('',#887,#993);
#993 = DEFINITIONAL_REPRESENTATION('',(#994),#998);
#994 = CIRCLE('',#995,4.736842105263E-02);
#995 = AXIS2_PLACEMENT_2D('',#996,#997);
#996 = CARTESIAN_POINT('',(4.736842105263E-02,0.));
#997 = DIRECTION('',(6.123233995737E-17,-1.));
#998 = ( GEOMETRIC_REPRESENTATION_CONTEXT(2) 
PARAMETRIC_REPRESENTATION_CONTEXT() REPRESENTATION_CONTEXT('2D SPACE',''
  ) );
#999 = ORIENTED_EDGE('',*,*,#826,.F.);
#1000 = ADVANCED_FACE('',(#1001),#887,.T.);
#1001 = FACE_BOUND('',#1002,.T.);
#1002 = EDGE_LOOP('',(#1003,#1004,#1005));
#1003 = ORIENTED_EDGE('',*,*,#870,.T.);
#1004 = ORIENTED_EDGE('',*,*,#978,.T.);
#1005 = ORIENTED_EDGE('',*,*,#899,.T.);
#1006 = ADVANCED_FACE('',(#1007),#963,.F.);
#1007 = FACE_BOUND('',#1008,.F.);
#1008 = EDGE_LOOP('',(#1009));
#1009 = ORIENTED_EDGE('',*,*,#948,.T.);
#1010 = ( GEOMETRIC_REPRESENTATION_CONTEXT(3) 
GLOBAL_UNCERTAINTY_ASSIGNED_CONTEXT((#1014)) 
GLOBAL_UNIT_ASSIGNED_CONTEXT((#1011,#1012,#1013)) REPRESENTATION_CONTEXT
('Context #1','3D Context with UNIT and UNCERTAINTY') );
#1011 = ( LENGTH_UNIT() NAMED_UNIT(*) SI_UNIT(.MILLI.,.METRE.) );
#1012 = ( NAMED_UNIT(*) PLANE_ANGLE_UNIT() SI_UNIT($,.RADIAN.) );
#1013 = ( NAMED_UNIT(*) SI_UNIT($,.STERADIAN.) SOLID_ANGLE_UNIT() );
#1014 = UNCERTAINTY_MEASURE_WITH_UNIT(LENGTH_MEASURE(1.E-07),#1011,
  'distance_accuracy_value','confusion accuracy');
#1015 = CONTEXT_DEPENDENT_SHAPE_REPRESENTATION(#1016,#1018);
#1016 = ( REPRESENTATION_RELATIONSHIP('','',#559,#10) 
REPRESENTATION_RELATIONSHIP_WITH_TRANSFORMATION(#1017) 
SHAPE_REPRESENTATION_RELATIONSHIP() );
#1017 = ITEM_DEFINED_TRANSFORMATION('','',#11,#19);
#1018 = PRODUCT_DEFINITION_SHAPE('Placement','Placement of an item',
  #1019);
#1019 = NEXT_ASSEMBLY_USAGE_OCCURRENCE('4','','',#5,#554,$);
#1020 = CC_DESIGN_SECURITY_CLASSIFICATION(#1021,(#1019));
#1021 = SECURITY_CLASSIFICATION('','',#51);
#1022 = CC_DESIGN_PERSON_AND_ORGANIZATION_ASSIGNMENT(#40,#49,(#1021));
#1023 = CC_DESIGN_DATE_AND_TIME_ASSIGNMENT(#54,#60,(#1021));
#1024 = CC_DESIGN_APPROVAL(#62,(#1021));
#1025 = PRODUCT_RELATED_PRODUCT_CATEGORY('detail',$,(#556));
#1026 = PRODUCT_CATEGORY_RELATIONSHIP('','',#1027,#1025);
#1027 = PRODUCT_CATEGORY('part',$);
#1028 = CC_DESIGN_PERSON_AND_ORGANIZATION_ASSIGNMENT(#40,#43,(#555,#554)
  );
#1029 = CC_DESIGN_PERSON_AND_ORGANIZATION_ASSIGNMENT(#40,#45,(#556));
#1030 = CC_DESIGN_PERSON_AND_ORGANIZATION_ASSIGNMENT(#40,#47,(#555));
#1031 = CC_DESIGN_PERSON_AND_ORGANIZATION_ASSIGNMENT(#40,#49,(#1032));
#1032 = SECURITY_CLASSIFICATION('','',#51);
#1033 = CC_DESIGN_SECURITY_CLASSIFICATION(#1032,(#555));
#1034 = CC_DESIGN_DATE_AND_TIME_ASSIGNMENT(#54,#58,(#554));
#1035 = CC_DESIGN_DATE_AND_TIME_ASSIGNMENT(#54,#60,(#1032));
#1036 = CC_DESIGN_APPROVAL(#62,(#555,#554,#1032));
#1037 = SHAPE_DEFINITION_REPRESENTATION(#1038,#1044);
#1038 = PRODUCT_DEFINITION_SHAPE('','',#1039);
#1039 = PRODUCT_DEFINITION('design','',#1040,#1043);
#1040 = PRODUCT_DEFINITION_FORMATION_WITH_SPECIFIED_SOURCE('','',#1041,
  .NOT_KNOWN.);
#1041 = PRODUCT('Open CASCADE STEP translator 7.8 23.3',
  'Open CASCADE STEP translator 7.8 23.3','',(#1042));
#1042 = MECHANICAL_CONTEXT('',#2,'mechanical');
#1043 = DESIGN_CONTEXT('',#2,'design');
#1044 = ADVANCED_BREP_SHAPE_REPRESENTATION('',(#11,#1045),#1495);
#1045 = MANIFOLD_SOLID_BREP('',#1046);
#1046 = CLOSED_SHELL('',(#1047,#1135,#1223,#1306,#1349,#1405,#1485,#1491
    ));
#1047 = ADVANCED_FACE('',(#1048),#1062,.T.);
#1048 = FACE_BOUND('',#1049,.T.);
#1049 = EDGE_LOOP('',(#1050,#1080,#1107,#1108));
#1050 = ORIENTED_EDGE('',*,*,#1051,.T.);
#1051 = EDGE_CURVE('',#1052,#1054,#1056,.T.);
#1052 = VERTEX_POINT('',#1053);
#1053 = CARTESIAN_POINT('',(0.223355263158,8.560442263777E-20,
    -6.570723684211E-02));
#1054 = VERTEX_POINT('',#1055);
#1055 = CARTESIAN_POINT('',(0.223355263158,3.125E-02,-6.570723684211E-02
    ));
#1056 = SEAM_CURVE('',#1057,(#1061,#1073),.PCURVE_S1.);
#1057 = LINE('',#1058,#1059);
#1058 = CARTESIAN_POINT('',(0.223355263158,8.560442263777E-20,
    -6.570723684211E-02));
#1059 = VECTOR('',#1060,1.);
#1060 = DIRECTION('',(-6.123233995737E-17,1.,-6.123233995737E-17));
#1061 = PCURVE('',#1062,#1067);
#1062 = CYLINDRICAL_SURFACE('',#1063,6.570723684211E-02);
#1063 = AXIS2_PLACEMENT_3D('',#1064,#1065,#1066);
#1064 = CARTESIAN_POINT('',(0.223355263158,4.109012286613E-18,
    -4.109012286613E-18));
#1065 = DIRECTION('',(6.123233995737E-17,-1.,6.123233995737E-17));
#1066 = DIRECTION('',(0.,-6.123233995737E-17,-1.));
#1067 = DEFINITIONAL_REPRESENTATION('',(#1068),#1072);
#1068 = LINE('',#1069,#1070);
#1069 = CARTESIAN_POINT('',(0.,0.));
#1070 = VECTOR('',#1071,1.);
#1071 = DIRECTION('',(0.,-1.));
#1072 = ( GEOMETRIC_REPRESENTATION_CONTEXT(2) 
PARAMETRIC_REPRESENTATION_CONTEXT() REPRESENTATION_CONTEXT('2D SPACE',''
  ) );
#1073 = PCURVE('',#1062,#1074);
#1074 = DEFINITIONAL_REPRESENTATION('',(#1075),#1079);
#1075 = LINE('',#1076,#1077);
#1076 = CARTESIAN_POINT('',(6.28318530718,0.));
#1077 = VECTOR('',#1078,1.);
#1078 = DIRECTION('',(0.,-1.));
#1079 = ( GEOMETRIC_REPRESENTATION_CONTEXT(2) 
PARAMETRIC_REPRESENTATION_CONTEXT() REPRESENTATION_CONTEXT('2D SPACE',''
  ) );
#1080 = ORIENTED_EDGE('',*,*,#1081,.T.);
#1081 = EDGE_CURVE('',#1054,#1054,#1082,.T.);
#1082 = SURFACE_CURVE('',#1083,(#1088,#1095),.PCURVE_S1.);
#1083 = CIRCLE('',#1084,6.570723684211E-02);
#1084 = AXIS2_PLACEMENT_3D('',#1085,#1086,#1087);
#1085 = CARTESIAN_POINT('',(0.223355263158,3.125E-02,-6.022522910281E-18
    ));
#1086 = DIRECTION('',(6.123233995737E-17,-1.,6.123233995737E-17));
#1087 = DIRECTION('',(0.,-6.123233995737E-17,-1.));
#1088 = PCURVE('',#1062,#1089);
#1089 = DEFINITIONAL_REPRESENTATION('',(#1090),#1094);
#1090 = LINE('',#1091,#1092);
#1091 = CARTESIAN_POINT('',(0.,-3.125E-02));
#1092 = VECTOR('',#1093,1.);
#1093 = DIRECTION('',(1.,0.));
#1094 = ( GEOMETRIC_REPRESENTATION_CONTEXT(2) 
PARAMETRIC_REPRESENTATION_CONTEXT() REPRESENTATION_CONTEXT('2D SPACE',''
  ) );
#1095 = PCURVE('',#1096,#1101);
#1096 = PLANE('',#1097);
#1097 = AXIS2_PLACEMENT_3D('',#1098,#1099,#1100);
#1098 = CARTESIAN_POINT('',(0.15625,3.125E-02,-1.913510623668E-18));
#1099 = DIRECTION('',(6.123233995737E-17,-1.,6.123233995737E-17));
#1100 = DIRECTION('',(1.,6.123233995737E-17,-6.123233995737E-17));
#1101 = DEFINITIONAL_REPRESENTATION('',(#1102),#1106);
#1102 = CIRCLE('',#1103,6.570723684211E-02);
#1103 = AXIS2_PLACEMENT_2D('',#1104,#1105);
#1104 = CARTESIAN_POINT('',(6.710526315789E-02,-7.703719777549E-34));
#1105 = DIRECTION('',(6.123233995737E-17,-1.));
#1106 = ( GEOMETRIC_REPRESENTATION_CONTEXT(2) 
PARAMETRIC_REPRESENTATION_CONTEXT() REPRESENTATION_CONTEXT('2D SPACE',''
  ) );
#1107 = ORIENTED_EDGE('',*,*,#1051,.F.);
#1108 = ORIENTED_EDGE('',*,*,#1109,.F.);
#1109 = EDGE_CURVE('',#1052,#1052,#1110,.T.);
#1110 = SURFACE_CURVE('',#1111,(#1116,#1123),.PCURVE_S1.);
#1111 = CIRCLE('',#1112,6.570723684211E-02);
#1112 = AXIS2_PLACEMENT_3D('',#1113,#1114,#1115);
#1113 = CARTESIAN_POINT('',(0.223355263158,4.109012286613E-18,
    -4.109012286613E-18));
#1114 = DIRECTION('',(6.123233995737E-17,-1.,6.123233995737E-17));
#1115 = DIRECTION('',(0.,-6.123233995737E-17,-1.));
#1116 = PCURVE('',#1062,#1117);
#1117 = DEFINITIONAL_REPRESENTATION('',(#1118),#1122);
#1118 = LINE('',#1119,#1120);
#1119 = CARTESIAN_POINT('',(0.,0.));
#1120 = VECTOR('',#1121,1.);
#1121 = DIRECTION('',(1.,0.));
#1122 = ( GEOMETRIC_REPRESENTATION_CONTEXT(2) 
PARAMETRIC_REPRESENTATION_CONTEXT() REPRESENTATION_CONTEXT('2D SPACE',''
  ) );
#1123 = PCURVE('',#1124,#1129);
#1124 = PLANE('',#1125);
#1125 = AXIS2_PLACEMENT_3D('',#1126,#1127,#1128);
#1126 = CARTESIAN_POINT('',(0.15625,0.,0.));
#1127 = DIRECTION('',(6.123233995737E-17,-1.,6.123233995737E-17));
#1128 = DIRECTION('',(1.,6.123233995737E-17,-6.123233995737E-17));
#1129 = DEFINITIONAL_REPRESENTATION('',(#1130),#1134);
#1130 = CIRCLE('',#1131,6.570723684211E-02);
#1131 = AXIS2_PLACEMENT_2D('',#1132,#1133);
#1132 = CARTESIAN_POINT('',(6.710526315789E-02,-7.703719777549E-34));
#1133 = DIRECTION('',(6.123233995737E-17,-1.));
#1134 = ( GEOMETRIC_REPRESENTATION_CONTEXT(2) 
PARAMETRIC_REPRESENTATION_CONTEXT() REPRESENTATION_CONTEXT('2D SPACE',''
  ) );
#1135 = ADVANCED_FACE('',(#1136,#1139),#1124,.T.);
#1136 = FACE_BOUND('',#1137,.T.);
#1137 = EDGE_LOOP('',(#1138));
#1138 = ORIENTED_EDGE('',*,*,#1109,.T.);
#1139 = FACE_BOUND('',#1140,.T.);
#1140 = EDGE_LOOP('',(#1141,#1172,#1201));
#1141 = ORIENTED_EDGE('',*,*,#1142,.F.);
#1142 = EDGE_CURVE('',#1143,#1145,#1147,.T.);
#1143 = VERTEX_POINT('',#1144);
#1144 = CARTESIAN_POINT('',(0.192457054094,3.480496823166E-18,
    3.235252259359E-02));
#1145 = VERTEX_POINT('',#1146);
#1146 = CARTESIAN_POINT('',(0.192457054094,-4.81544500692E-19,
    -3.235252259358E-02));
#1147 = SURFACE_CURVE('',#1148,(#1153,#1160),.PCURVE_S1.);
#1148 = CIRCLE('',#1149,4.473684210526E-02);
#1149 = AXIS2_PLACEMENT_3D('',#1150,#1151,#1152);
#1150 = CARTESIAN_POINT('',(0.223355263158,4.109012286613E-18,
    -4.109012286613E-18));
#1151 = DIRECTION('',(6.123233995737E-17,-1.,6.123233995737E-17));
#1152 = DIRECTION('',(0.,-6.123233995737E-17,-1.));
#1153 = PCURVE('',#1124,#1154);
#1154 = DEFINITIONAL_REPRESENTATION('',(#1155),#1159);
#1155 = CIRCLE('',#1156,4.473684210526E-02);
#1156 = AXIS2_PLACEMENT_2D('',#1157,#1158);
#1157 = CARTESIAN_POINT('',(6.710526315789E-02,-7.703719777549E-34));
#1158 = DIRECTION('',(6.123233995737E-17,-1.));
#1159 = ( GEOMETRIC_REPRESENTATION_CONTEXT(2) 
PARAMETRIC_REPRESENTATION_CONTEXT() REPRESENTATION_CONTEXT('2D SPACE',''
  ) );
#1160 = PCURVE('',#1161,#1166);
#1161 = CYLINDRICAL_SURFACE('',#1162,4.473684210526E-02);
#1162 = AXIS2_PLACEMENT_3D('',#1163,#1164,#1165);
#1163 = CARTESIAN_POINT('',(0.223355263158,4.109012286613E-18,
    -4.109012286613E-18));
#1164 = DIRECTION('',(6.123233995737E-17,-1.,6.123233995737E-17));
#1165 = DIRECTION('',(0.,-6.123233995737E-17,-1.));
#1166 = DEFINITIONAL_REPRESENTATION('',(#1167),#1171);
#1167 = LINE('',#1168,#1169);
#1168 = CARTESIAN_POINT('',(0.,0.));
#1169 = VECTOR('',#1170,1.);
#1170 = DIRECTION('',(1.,0.));
#1171 = ( GEOMETRIC_REPRESENTATION_CONTEXT(2) 
PARAMETRIC_REPRESENTATION_CONTEXT() REPRESENTATION_CONTEXT('2D SPACE',''
  ) );
#1172 = ORIENTED_EDGE('',*,*,#1173,.F.);
#1173 = EDGE_CURVE('',#1174,#1143,#1176,.T.);
#1174 = VERTEX_POINT('',#1175);
#1175 = CARTESIAN_POINT('',(0.227055921053,0.,-4.736842105263E-02));
#1176 = SURFACE_CURVE('',#1177,(#1182,#1189),.PCURVE_S1.);
#1177 = CIRCLE('',#1178,4.736842105263E-02);
#1178 = AXIS2_PLACEMENT_3D('',#1179,#1180,#1181);
#1179 = CARTESIAN_POINT('',(0.227055921053,2.900479261138E-18,
    -2.900479261138E-18));
#1180 = DIRECTION('',(6.123233995737E-17,-1.,6.123233995737E-17));
#1181 = DIRECTION('',(0.,-6.123233995737E-17,-1.));
#1182 = PCURVE('',#1124,#1183);
#1183 = DEFINITIONAL_REPRESENTATION('',(#1184),#1188);
#1184 = CIRCLE('',#1185,4.736842105263E-02);
#1185 = AXIS2_PLACEMENT_2D('',#1186,#1187);
#1186 = CARTESIAN_POINT('',(7.080592105263E-02,1.435132967751E-18));
#1187 = DIRECTION('',(6.123233995737E-17,-1.));
#1188 = ( GEOMETRIC_REPRESENTATION_CONTEXT(2) 
PARAMETRIC_REPRESENTATION_CONTEXT() REPRESENTATION_CONTEXT('2D SPACE',''
  ) );
#1189 = PCURVE('',#1190,#1195);
#1190 = PLANE('',#1191);
#1191 = AXIS2_PLACEMENT_3D('',#1192,#1193,#1194);
#1192 = CARTESIAN_POINT('',(0.1796875,0.,0.));
#1193 = DIRECTION('',(6.123233995737E-17,-1.,6.123233995737E-17));
#1194 = DIRECTION('',(1.,6.123233995737E-17,-6.123233995737E-17));
#1195 = DEFINITIONAL_REPRESENTATION('',(#1196),#1200);
#1196 = CIRCLE('',#1197,4.736842105263E-02);
#1197 = AXIS2_PLACEMENT_2D('',#1198,#1199);
#1198 = CARTESIAN_POINT('',(4.736842105263E-02,3.851859888774E-34));
#1199 = DIRECTION('',(6.123233995737E-17,-1.));
#1200 = ( GEOMETRIC_REPRESENTATION_CONTEXT(2) 
PARAMETRIC_REPRESENTATION_CONTEXT() REPRESENTATION_CONTEXT('2D SPACE',''
  ) );
#1201 = ORIENTED_EDGE('',*,*,#1202,.F.);
#1202 = EDGE_CURVE('',#1145,#1174,#1203,.T.);
#1203 = SURFACE_CURVE('',#1204,(#1209,#1216),.PCURVE_S1.);
#1204 = CIRCLE('',#1205,4.736842105263E-02);
#1205 = AXIS2_PLACEMENT_3D('',#1206,#1207,#1208);
#1206 = CARTESIAN_POINT('',(0.227055921053,2.900479261138E-18,
    -2.900479261138E-18));
#1207 = DIRECTION('',(6.123233995737E-17,-1.,6.123233995737E-17));
#1208 = DIRECTION('',(0.,-6.123233995737E-17,-1.));
#1209 = PCURVE('',#1124,#1210);
#1210 = DEFINITIONAL_REPRESENTATION('',(#1211),#1215);
#1211 = CIRCLE('',#1212,4.736842105263E-02);
#1212 = AXIS2_PLACEMENT_2D('',#1213,#1214);
#1213 = CARTESIAN_POINT('',(7.080592105263E-02,1.435132967751E-18));
#1214 = DIRECTION('',(6.123233995737E-17,-1.));
#1215 = ( GEOMETRIC_REPRESENTATION_CONTEXT(2) 
PARAMETRIC_REPRESENTATION_CONTEXT() REPRESENTATION_CONTEXT('2D SPACE',''
  ) );
#1216 = PCURVE('',#1190,#1217);
#1217 = DEFINITIONAL_REPRESENTATION('',(#1218),#1222);
#1218 = CIRCLE('',#1219,4.736842105263E-02);
#1219 = AXIS2_PLACEMENT_2D('',#1220,#1221);
#1220 = CARTESIAN_POINT('',(4.736842105263E-02,3.851859888774E-34));
#1221 = DIRECTION('',(6.123233995737E-17,-1.));
#1222 = ( GEOMETRIC_REPRESENTATION_CONTEXT(2) 
PARAMETRIC_REPRESENTATION_CONTEXT() REPRESENTATION_CONTEXT('2D SPACE',''
  ) );
#1223 = ADVANCED_FACE('',(#1224,#1227),#1096,.F.);
#1224 = FACE_BOUND('',#1225,.F.);
#1225 = EDGE_LOOP('',(#1226));
#1226 = ORIENTED_EDGE('',*,*,#1081,.T.);
#1227 = FACE_BOUND('',#1228,.F.);
#1228 = EDGE_LOOP('',(#1229,#1255,#1284));
#1229 = ORIENTED_EDGE('',*,*,#1230,.F.);
#1230 = EDGE_CURVE('',#1231,#1233,#1235,.T.);
#1231 = VERTEX_POINT('',#1232);
#1232 = CARTESIAN_POINT('',(0.192457054094,3.125E-02,3.235252259358E-02)
  );
#1233 = VERTEX_POINT('',#1234);
#1234 = CARTESIAN_POINT('',(0.192457054094,3.125E-02,-3.235252259358E-02
    ));
#1235 = SURFACE_CURVE('',#1236,(#1241,#1248),.PCURVE_S1.);
#1236 = CIRCLE('',#1237,4.473684210526E-02);
#1237 = AXIS2_PLACEMENT_3D('',#1238,#1239,#1240);
#1238 = CARTESIAN_POINT('',(0.223355263158,3.125E-02,-6.022522910281E-18
    ));
#1239 = DIRECTION('',(6.123233995737E-17,-1.,6.123233995737E-17));
#1240 = DIRECTION('',(0.,-6.123233995737E-17,-1.));
#1241 = PCURVE('',#1096,#1242);
#1242 = DEFINITIONAL_REPRESENTATION('',(#1243),#1247);
#1243 = CIRCLE('',#1244,4.473684210526E-02);
#1244 = AXIS2_PLACEMENT_2D('',#1245,#1246);
#1245 = CARTESIAN_POINT('',(6.710526315789E-02,-7.703719777549E-34));
#1246 = DIRECTION('',(6.123233995737E-17,-1.));
#1247 = ( GEOMETRIC_REPRESENTATION_CONTEXT(2) 
PARAMETRIC_REPRESENTATION_CONTEXT() REPRESENTATION_CONTEXT('2D SPACE',''
  ) );
#1248 = PCURVE('',#1161,#1249);
#1249 = DEFINITIONAL_REPRESENTATION('',(#1250),#1254);
#1250 = LINE('',#1251,#1252);
#1251 = CARTESIAN_POINT('',(0.,-3.125E-02));
#1252 = VECTOR('',#1253,1.);
#1253 = DIRECTION('',(1.,0.));
#1254 = ( GEOMETRIC_REPRESENTATION_CONTEXT(2) 
PARAMETRIC_REPRESENTATION_CONTEXT() REPRESENTATION_CONTEXT('2D SPACE',''
  ) );
#1255 = ORIENTED_EDGE('',*,*,#1256,.F.);
#1256 = EDGE_CURVE('',#1257,#1231,#1259,.T.);
#1257 = VERTEX_POINT('',#1258);
#1258 = CARTESIAN_POINT('',(0.227055921053,3.125E-02,-4.736842105263E-02
    ));
#1259 = SURFACE_CURVE('',#1260,(#1265,#1272),.PCURVE_S1.);
#1260 = CIRCLE('',#1261,4.736842105263E-02);
#1261 = AXIS2_PLACEMENT_3D('',#1262,#1263,#1264);
#1262 = CARTESIAN_POINT('',(0.227055921053,3.125E-02,-4.813989884806E-18
    ));
#1263 = DIRECTION('',(6.123233995737E-17,-1.,6.123233995737E-17));
#1264 = DIRECTION('',(0.,-6.123233995737E-17,-1.));
#1265 = PCURVE('',#1096,#1266);
#1266 = DEFINITIONAL_REPRESENTATION('',(#1267),#1271);
#1267 = CIRCLE('',#1268,4.736842105263E-02);
#1268 = AXIS2_PLACEMENT_2D('',#1269,#1270);
#1269 = CARTESIAN_POINT('',(7.080592105263E-02,1.435132967751E-18));
#1270 = DIRECTION('',(6.123233995737E-17,-1.));
#1271 = ( GEOMETRIC_REPRESENTATION_CONTEXT(2) 
PARAMETRIC_REPRESENTATION_CONTEXT() REPRESENTATION_CONTEXT('2D SPACE',''
  ) );
#1272 = PCURVE('',#1273,#1278);
#1273 = CYLINDRICAL_SURFACE('',#1274,4.736842105263E-02);
#1274 = AXIS2_PLACEMENT_3D('',#1275,#1276,#1277);
#1275 = CARTESIAN_POINT('',(0.227055921053,2.900479261138E-18,
    -2.900479261138E-18));
#1276 = DIRECTION('',(6.123233995737E-17,-1.,6.123233995737E-17));
#1277 = DIRECTION('',(0.,-6.123233995737E-17,-1.));
#1278 = DEFINITIONAL_REPRESENTATION('',(#1279),#1283);
#1279 = LINE('',#1280,#1281);
#1280 = CARTESIAN_POINT('',(0.,-3.125E-02));
#1281 = VECTOR('',#1282,1.);
#1282 = DIRECTION('',(1.,0.));
#1283 = ( GEOMETRIC_REPRESENTATION_CONTEXT(2) 
PARAMETRIC_REPRESENTATION_CONTEXT() REPRESENTATION_CONTEXT('2D SPACE',''
  ) );
#1284 = ORIENTED_EDGE('',*,*,#1285,.F.);
#1285 = EDGE_CURVE('',#1233,#1257,#1286,.T.);
#1286 = SURFACE_CURVE('',#1287,(#1292,#1299),.PCURVE_S1.);
#1287 = CIRCLE('',#1288,4.736842105263E-02);
#1288 = AXIS2_PLACEMENT_3D('',#1289,#1290,#1291);
#1289 = CARTESIAN_POINT('',(0.227055921053,3.125E-02,-4.813989884806E-18
    ));
#1290 = DIRECTION('',(6.123233995737E-17,-1.,6.123233995737E-17));
#1291 = DIRECTION('',(0.,-6.123233995737E-17,-1.));
#1292 = PCURVE('',#1096,#1293);
#1293 = DEFINITIONAL_REPRESENTATION('',(#1294),#1298);
#1294 = CIRCLE('',#1295,4.736842105263E-02);
#1295 = AXIS2_PLACEMENT_2D('',#1296,#1297);
#1296 = CARTESIAN_POINT('',(7.080592105263E-02,1.435132967751E-18));
#1297 = DIRECTION('',(6.123233995737E-17,-1.));
#1298 = ( GEOMETRIC_REPRESENTATION_CONTEXT(2) 
PARAMETRIC_REPRESENTATION_CONTEXT() REPRESENTATION_CONTEXT('2D SPACE',''
  ) );
#1299 = PCURVE('',#1273,#1300);
#1300 = DEFINITIONAL_REPRESENTATION('',(#1301),#1305);
#1301 = LINE('',#1302,#1303);
#1302 = CARTESIAN_POINT('',(0.,-3.125E-02));
#1303 = VECTOR('',#1304,1.);
#1304 = DIRECTION('',(1.,0.));
#1305 = ( GEOMETRIC_REPRESENTATION_CONTEXT(2) 
PARAMETRIC_REPRESENTATION_CONTEXT() REPRESENTATION_CONTEXT('2D SPACE',''
  ) );
#1306 = ADVANCED_FACE('',(#1307),#1161,.F.);
#1307 = FACE_BOUND('',#1308,.F.);
#1308 = EDGE_LOOP('',(#1309,#1310,#1329,#1330));
#1309 = ORIENTED_EDGE('',*,*,#1142,.F.);
#1310 = ORIENTED_EDGE('',*,*,#1311,.F.);
#1311 = EDGE_CURVE('',#1231,#1143,#1312,.T.);
#1312 = SURFACE_CURVE('',#1313,(#1317,#1323),.PCURVE_S1.);
#1313 = LINE('',#1314,#1315);
#1314 = CARTESIAN_POINT('',(0.192457054094,2.76293033929E-18,
    3.235252259358E-02));
#1315 = VECTOR('',#1316,1.);
#1316 = DIRECTION('',(6.123233995737E-17,-1.,6.123233995737E-17));
#1317 = PCURVE('',#1161,#1318);
#1318 = DEFINITIONAL_REPRESENTATION('',(#1319),#1322);
#1319 = B_SPLINE_CURVE_WITH_KNOTS('',1,(#1320,#1321),.UNSPECIFIED.,.F.,
  .F.,(2,2),(-3.12506E-02,6.E-07),.PIECEWISE_BEZIER_KNOTS.);
#1320 = CARTESIAN_POINT('',(3.904002034277,-3.12506E-02));
#1321 = CARTESIAN_POINT('',(3.904002034277,6.000000000014E-07));
#1322 = ( GEOMETRIC_REPRESENTATION_CONTEXT(2) 
PARAMETRIC_REPRESENTATION_CONTEXT() REPRESENTATION_CONTEXT('2D SPACE',''
  ) );
#1323 = PCURVE('',#1273,#1324);
#1324 = DEFINITIONAL_REPRESENTATION('',(#1325),#1328);
#1325 = B_SPLINE_CURVE_WITH_KNOTS('',1,(#1326,#1327),.UNSPECIFIED.,.F.,
  .F.,(2,2),(-3.12506E-02,6.E-07),.PIECEWISE_BEZIER_KNOTS.);
#1326 = CARTESIAN_POINT('',(3.960530106091,-3.12506E-02));
#1327 = CARTESIAN_POINT('',(3.960530106091,6.E-07));
#1328 = ( GEOMETRIC_REPRESENTATION_CONTEXT(2) 
PARAMETRIC_REPRESENTATION_CONTEXT() REPRESENTATION_CONTEXT('2D SPACE',''
  ) );
#1329 = ORIENTED_EDGE('',*,*,#1230,.T.);
#1330 = ORIENTED_EDGE('',*,*,#1331,.T.);
#1331 = EDGE_CURVE('',#1233,#1145,#1332,.T.);
#1332 = SURFACE_CURVE('',#1333,(#1337,#1343),.PCURVE_S1.);
#1333 = LINE('',#1334,#1335);
#1334 = CARTESIAN_POINT('',(0.192457054094,-1.199110984567E-18,
    -3.235252259358E-02));
#1335 = VECTOR('',#1336,1.);
#1336 = DIRECTION('',(6.123233995737E-17,-1.,6.123233995737E-17));
#1337 = PCURVE('',#1161,#1338);
#1338 = DEFINITIONAL_REPRESENTATION('',(#1339),#1342);
#1339 = B_SPLINE_CURVE_WITH_KNOTS('',1,(#1340,#1341),.UNSPECIFIED.,.F.,
  .F.,(2,2),(-3.12506E-02,6.E-07),.PIECEWISE_BEZIER_KNOTS.);
#1340 = CARTESIAN_POINT('',(5.520775926493,-3.12506E-02));
#1341 = CARTESIAN_POINT('',(5.520775926493,6.000000000014E-07));
#1342 = ( GEOMETRIC_REPRESENTATION_CONTEXT(2) 
PARAMETRIC_REPRESENTATION_CONTEXT() REPRESENTATION_CONTEXT('2D SPACE',''
  ) );
#1343 = PCURVE('',#1273,#1344);
#1344 = DEFINITIONAL_REPRESENTATION('',(#1345),#1348);
#1345 = B_SPLINE_CURVE_WITH_KNOTS('',1,(#1346,#1347),.UNSPECIFIED.,.F.,
  .F.,(2,2),(-3.12506E-02,6.E-07),.PIECEWISE_BEZIER_KNOTS.);
#1346 = CARTESIAN_POINT('',(5.464247854679,-3.12506E-02));
#1347 = CARTESIAN_POINT('',(5.464247854679,6.E-07));
#1348 = ( GEOMETRIC_REPRESENTATION_CONTEXT(2) 
PARAMETRIC_REPRESENTATION_CONTEXT() REPRESENTATION_CONTEXT('2D SPACE',''
  ) );
#1349 = ADVANCED_FACE('',(#1350),#1190,.T.);
#1350 = FACE_BOUND('',#1351,.T.);
#1351 = EDGE_LOOP('',(#1352,#1353,#1354,#1383));
#1352 = ORIENTED_EDGE('',*,*,#1202,.T.);
#1353 = ORIENTED_EDGE('',*,*,#1173,.T.);
#1354 = ORIENTED_EDGE('',*,*,#1355,.F.);
#1355 = EDGE_CURVE('',#1356,#1143,#1358,.T.);
#1356 = VERTEX_POINT('',#1357);
#1357 = CARTESIAN_POINT('',(0.223355263158,1.369670762204E-18,
    -4.473684210526E-02));
#1358 = SURFACE_CURVE('',#1359,(#1364,#1371),.PCURVE_S1.);
#1359 = CIRCLE('',#1360,4.473684210526E-02);
#1360 = AXIS2_PLACEMENT_3D('',#1361,#1362,#1363);
#1361 = CARTESIAN_POINT('',(0.223355263158,4.109012286613E-18,
    -4.109012286613E-18));
#1362 = DIRECTION('',(6.123233995737E-17,-1.,6.123233995737E-17));
#1363 = DIRECTION('',(0.,-6.123233995737E-17,-1.));
#1364 = PCURVE('',#1190,#1365);
#1365 = DEFINITIONAL_REPRESENTATION('',(#1366),#1370);
#1366 = CIRCLE('',#1367,4.473684210526E-02);
#1367 = AXIS2_PLACEMENT_2D('',#1368,#1369);
#1368 = CARTESIAN_POINT('',(4.366776315789E-02,-1.435132967751E-18));
#1369 = DIRECTION('',(6.123233995737E-17,-1.));
#1370 = ( GEOMETRIC_REPRESENTATION_CONTEXT(2) 
PARAMETRIC_REPRESENTATION_CONTEXT() REPRESENTATION_CONTEXT('2D SPACE',''
  ) );
#1371 = PCURVE('',#1372,#1377);
#1372 = PLANE('',#1373);
#1373 = AXIS2_PLACEMENT_3D('',#1374,#1375,#1376);
#1374 = CARTESIAN_POINT('',(0.1796875,0.,0.));
#1375 = DIRECTION('',(6.123233995737E-17,-1.,6.123233995737E-17));
#1376 = DIRECTION('',(1.,6.123233995737E-17,-6.123233995737E-17));
#1377 = DEFINITIONAL_REPRESENTATION('',(#1378),#1382);
#1378 = CIRCLE('',#1379,4.473684210526E-02);
#1379 = AXIS2_PLACEMENT_2D('',#1380,#1381);
#1380 = CARTESIAN_POINT('',(4.366776315789E-02,-1.435132967751E-18));
#1381 = DIRECTION('',(6.123233995737E-17,-1.));
#1382 = ( GEOMETRIC_REPRESENTATION_CONTEXT(2) 
PARAMETRIC_REPRESENTATION_CONTEXT() REPRESENTATION_CONTEXT('2D SPACE',''
  ) );
#1383 = ORIENTED_EDGE('',*,*,#1384,.F.);
#1384 = EDGE_CURVE('',#1145,#1356,#1385,.T.);
#1385 = SURFACE_CURVE('',#1386,(#1391,#1398),.PCURVE_S1.);
#1386 = CIRCLE('',#1387,4.473684210526E-02);
#1387 = AXIS2_PLACEMENT_3D('',#1388,#1389,#1390);
#1388 = CARTESIAN_POINT('',(0.223355263158,4.109012286613E-18,
    -4.109012286613E-18));
#1389 = DIRECTION('',(6.123233995737E-17,-1.,6.123233995737E-17));
#1390 = DIRECTION('',(0.,-6.123233995737E-17,-1.));
#1391 = PCURVE('',#1190,#1392);
#1392 = DEFINITIONAL_REPRESENTATION('',(#1393),#1397);
#1393 = CIRCLE('',#1394,4.473684210526E-02);
#1394 = AXIS2_PLACEMENT_2D('',#1395,#1396);
#1395 = CARTESIAN_POINT('',(4.366776315789E-02,-1.435132967751E-18));
#1396 = DIRECTION('',(6.123233995737E-17,-1.));
#1397 = ( GEOMETRIC_REPRESENTATION_CONTEXT(2) 
PARAMETRIC_REPRESENTATION_CONTEXT() REPRESENTATION_CONTEXT('2D SPACE',''
  ) );
#1398 = PCURVE('',#1372,#1399);
#1399 = DEFINITIONAL_REPRESENTATION('',(#1400),#1404);
#1400 = CIRCLE('',#1401,4.473684210526E-02);
#1401 = AXIS2_PLACEMENT_2D('',#1402,#1403);
#1402 = CARTESIAN_POINT('',(4.366776315789E-02,-1.435132967751E-18));
#1403 = DIRECTION('',(6.123233995737E-17,-1.));
#1404 = ( GEOMETRIC_REPRESENTATION_CONTEXT(2) 
PARAMETRIC_REPRESENTATION_CONTEXT() REPRESENTATION_CONTEXT('2D SPACE',''
  ) );
#1405 = ADVANCED_FACE('',(#1406),#1273,.T.);
#1406 = FACE_BOUND('',#1407,.T.);
#1407 = EDGE_LOOP('',(#1408,#1409,#1432,#1459,#1460,#1461,#1462,#1484));
#1408 = ORIENTED_EDGE('',*,*,#1256,.F.);
#1409 = ORIENTED_EDGE('',*,*,#1410,.T.);
#1410 = EDGE_CURVE('',#1257,#1411,#1413,.T.);
#1411 = VERTEX_POINT('',#1412);
#1412 = CARTESIAN_POINT('',(0.227055921053,0.1484375,-4.736842105263E-02
    ));
#1413 = SEAM_CURVE('',#1414,(#1418,#1425),.PCURVE_S1.);
#1414 = LINE('',#1415,#1416);
#1415 = CARTESIAN_POINT('',(0.227055921053,0.,-4.736842105263E-02));
#1416 = VECTOR('',#1417,1.);
#1417 = DIRECTION('',(-6.123233995737E-17,1.,-6.123233995737E-17));
#1418 = PCURVE('',#1273,#1419);
#1419 = DEFINITIONAL_REPRESENTATION('',(#1420),#1424);
#1420 = LINE('',#1421,#1422);
#1421 = CARTESIAN_POINT('',(6.28318530718,0.));
#1422 = VECTOR('',#1423,1.);
#1423 = DIRECTION('',(0.,-1.));
#1424 = ( GEOMETRIC_REPRESENTATION_CONTEXT(2) 
PARAMETRIC_REPRESENTATION_CONTEXT() REPRESENTATION_CONTEXT('2D SPACE',''
  ) );
#1425 = PCURVE('',#1273,#1426);
#1426 = DEFINITIONAL_REPRESENTATION('',(#1427),#1431);
#1427 = LINE('',#1428,#1429);
#1428 = CARTESIAN_POINT('',(0.,0.));
#1429 = VECTOR('',#1430,1.);
#1430 = DIRECTION('',(0.,-1.));
#1431 = ( GEOMETRIC_REPRESENTATION_CONTEXT(2) 
PARAMETRIC_REPRESENTATION_CONTEXT() REPRESENTATION_CONTEXT('2D SPACE',''
  ) );
#1432 = ORIENTED_EDGE('',*,*,#1433,.T.);
#1433 = EDGE_CURVE('',#1411,#1411,#1434,.T.);
#1434 = SURFACE_CURVE('',#1435,(#1440,#1447),.PCURVE_S1.);
#1435 = CIRCLE('',#1436,4.736842105263E-02);
#1436 = AXIS2_PLACEMENT_3D('',#1437,#1438,#1439);
#1437 = CARTESIAN_POINT('',(0.227055921053,0.1484375,-1.198965472356E-17
    ));
#1438 = DIRECTION('',(6.123233995737E-17,-1.,6.123233995737E-17));
#1439 = DIRECTION('',(0.,-6.123233995737E-17,-1.));
#1440 = PCURVE('',#1273,#1441);
#1441 = DEFINITIONAL_REPRESENTATION('',(#1442),#1446);
#1442 = LINE('',#1443,#1444);
#1443 = CARTESIAN_POINT('',(0.,-0.1484375));
#1444 = VECTOR('',#1445,1.);
#1445 = DIRECTION('',(1.,0.));
#1446 = ( GEOMETRIC_REPRESENTATION_CONTEXT(2) 
PARAMETRIC_REPRESENTATION_CONTEXT() REPRESENTATION_CONTEXT('2D SPACE',''
  ) );
#1447 = PCURVE('',#1448,#1453);
#1448 = PLANE('',#1449);
#1449 = AXIS2_PLACEMENT_3D('',#1450,#1451,#1452);
#1450 = CARTESIAN_POINT('',(0.1796875,0.1484375,-9.089175462422E-18));
#1451 = DIRECTION('',(6.123233995737E-17,-1.,6.123233995737E-17));
#1452 = DIRECTION('',(1.,6.123233995737E-17,-6.123233995737E-17));
#1453 = DEFINITIONAL_REPRESENTATION('',(#1454),#1458);
#1454 = CIRCLE('',#1455,4.736842105263E-02);
#1455 = AXIS2_PLACEMENT_2D('',#1456,#1457);
#1456 = CARTESIAN_POINT('',(4.736842105263E-02,3.851859888774E-34));
#1457 = DIRECTION('',(6.123233995737E-17,-1.));
#1458 = ( GEOMETRIC_REPRESENTATION_CONTEXT(2) 
PARAMETRIC_REPRESENTATION_CONTEXT() REPRESENTATION_CONTEXT('2D SPACE',''
  ) );
#1459 = ORIENTED_EDGE('',*,*,#1410,.F.);
#1460 = ORIENTED_EDGE('',*,*,#1285,.F.);
#1461 = ORIENTED_EDGE('',*,*,#1331,.T.);
#1462 = ORIENTED_EDGE('',*,*,#1463,.F.);
#1463 = EDGE_CURVE('',#1143,#1145,#1464,.T.);
#1464 = SURFACE_CURVE('',#1465,(#1470,#1477),.PCURVE_S1.);
#1465 = CIRCLE('',#1466,4.736842105263E-02);
#1466 = AXIS2_PLACEMENT_3D('',#1467,#1468,#1469);
#1467 = CARTESIAN_POINT('',(0.227055921053,2.900479261138E-18,
    -2.900479261138E-18));
#1468 = DIRECTION('',(6.123233995737E-17,-1.,6.123233995737E-17));
#1469 = DIRECTION('',(0.,-6.123233995737E-17,-1.));
#1470 = PCURVE('',#1273,#1471);
#1471 = DEFINITIONAL_REPRESENTATION('',(#1472),#1476);
#1472 = LINE('',#1473,#1474);
#1473 = CARTESIAN_POINT('',(0.,0.));
#1474 = VECTOR('',#1475,1.);
#1475 = DIRECTION('',(1.,0.));
#1476 = ( GEOMETRIC_REPRESENTATION_CONTEXT(2) 
PARAMETRIC_REPRESENTATION_CONTEXT() REPRESENTATION_CONTEXT('2D SPACE',''
  ) );
#1477 = PCURVE('',#1372,#1478);
#1478 = DEFINITIONAL_REPRESENTATION('',(#1479),#1483);
#1479 = CIRCLE('',#1480,4.736842105263E-02);
#1480 = AXIS2_PLACEMENT_2D('',#1481,#1482);
#1481 = CARTESIAN_POINT('',(4.736842105263E-02,3.851859888774E-34));
#1482 = DIRECTION('',(6.123233995737E-17,-1.));
#1483 = ( GEOMETRIC_REPRESENTATION_CONTEXT(2) 
PARAMETRIC_REPRESENTATION_CONTEXT() REPRESENTATION_CONTEXT('2D SPACE',''
  ) );
#1484 = ORIENTED_EDGE('',*,*,#1311,.F.);
#1485 = ADVANCED_FACE('',(#1486),#1372,.T.);
#1486 = FACE_BOUND('',#1487,.T.);
#1487 = EDGE_LOOP('',(#1488,#1489,#1490));
#1488 = ORIENTED_EDGE('',*,*,#1355,.T.);
#1489 = ORIENTED_EDGE('',*,*,#1463,.T.);
#1490 = ORIENTED_EDGE('',*,*,#1384,.T.);
#1491 = ADVANCED_FACE('',(#1492),#1448,.F.);
#1492 = FACE_BOUND('',#1493,.F.);
#1493 = EDGE_LOOP('',(#1494));
#1494 = ORIENTED_EDGE('',*,*,#1433,.T.);
#1495 = ( GEOMETRIC_REPRESENTATION_CONTEXT(3) 
GLOBAL_UNCERTAINTY_ASSIGNED_CONTEXT((#1499)) 
GLOBAL_UNIT_ASSIGNED_CONTEXT((#1496,#1497,#1498)) REPRESENTATION_CONTEXT
('Context #1','3D Context with UNIT and UNCERTAINTY') );
#1496 = ( LENGTH_UNIT() NAMED_UNIT(*) SI_UNIT(.MILLI.,.METRE.) );
#1497 = ( NAMED_UNIT(*) PLANE_ANGLE_UNIT() SI_UNIT($,.RADIAN.) );
#1498 = ( NAMED_UNIT(*) SI_UNIT($,.STERADIAN.) SOLID_ANGLE_UNIT() );
#1499 = UNCERTAINTY_MEASURE_WITH_UNIT(LENGTH_MEASURE(1.E-07),#1496,
  'distance_accuracy_value','confusion accuracy');
#1500 = CONTEXT_DEPENDENT_SHAPE_REPRESENTATION(#1501,#1503);
#1501 = ( REPRESENTATION_RELATIONSHIP('','',#1044,#10) 
REPRESENTATION_RELATIONSHIP_WITH_TRANSFORMATION(#1502) 
SHAPE_REPRESENTATION_RELATIONSHIP() );
#1502 = ITEM_DEFINED_TRANSFORMATION('','',#11,#23);
#1503 = PRODUCT_DEFINITION_SHAPE('Placement','Placement of an item',
  #1504);
#1504 = NEXT_ASSEMBLY_USAGE_OCCURRENCE('5','','',#5,#1039,$);
#1505 = CC_DESIGN_SECURITY_CLASSIFICATION(#1506,(#1504));
#1506 = SECURITY_CLASSIFICATION('','',#51);
#1507 = CC_DESIGN_PERSON_AND_ORGANIZATION_ASSIGNMENT(#40,#49,(#1506));
#1508 = CC_DESIGN_DATE_AND_TIME_ASSIGNMENT(#54,#60,(#1506));
#1509 = CC_DESIGN_APPROVAL(#62,(#1506));
#1510 = PRODUCT_RELATED_PRODUCT_CATEGORY('detail',$,(#1041));
#1511 = PRODUCT_CATEGORY_RELATIONSHIP('','',#1512,#1510);
#1512 = PRODUCT_CATEGORY('part',$);
#1513 = CC_DESIGN_PERSON_AND_ORGANIZATION_ASSIGNMENT(#40,#43,(#1040,
    #1039));
#1514 = CC_DESIGN_PERSON_AND_ORGANIZATION_ASSIGNMENT(#40,#45,(#1041));
#1515 = CC_DESIGN_PERSON_AND_ORGANIZATION_ASSIGNMENT(#40,#47,(#1040));
#1516 = CC_DESIGN_PERSON_AND_ORGANIZATION_ASSIGNMENT(#40,#49,(#1517));
#1517 = SECURITY_CLASSIFICATION('','',#51);
#1518 = CC_DESIGN_SECURITY_CLASSIFICATION(#1517,(#1040));
#1519 = CC_DESIGN_DATE_AND_TIME_ASSIGNMENT(#54,#58,(#1039));
#1520 = CC_DESIGN_DATE_AND_TIME_ASSIGNMENT(#54,#60,(#1517));
#1521 = CC_DESIGN_APPROVAL(#62,(#1040,#1039,#1517));
#1522 = SHAPE_DEFINITION_REPRESENTATION(#1523,#1529);
#1523 = PRODUCT_DEFINITION_SHAPE('','',#1524);
#1524 = PRODUCT_DEFINITION('design','',#1525,#1528);
#1525 = PRODUCT_DEFINITION_FORMATION_WITH_SPECIFIED_SOURCE('','',#1526,
  .NOT_KNOWN.);
#1526 = PRODUCT('Open CASCADE STEP translator 7.8 23.4',
  'Open CASCADE STEP translator 7.8 23.4','',(#1527));
#1527 = MECHANICAL_CONTEXT('',#2,'mechanical');
#1528 = DESIGN_CONTEXT('',#2,'design');
#1529 = ADVANCED_BREP_SHAPE_REPRESENTATION('',(#11,#1530),#1980);
#1530 = MANIFOLD_SOLID_BREP('',#1531);
#1531 = CLOSED_SHELL('',(#1532,#1620,#1708,#1791,#1834,#1890,#1970,#1976
    ));
#1532 = ADVANCED_FACE('',(#1533),#1547,.T.);
#1533 = FACE_BOUND('',#1534,.T.);
#1534 = EDGE_LOOP('',(#1535,#1565,#1592,#1593));
#1535 = ORIENTED_EDGE('',*,*,#1536,.T.);
#1536 = EDGE_CURVE('',#1537,#1539,#1541,.T.);
#1537 = VERTEX_POINT('',#1538);
#1538 = CARTESIAN_POINT('',(0.449917763158,0.,-6.710526315789E-02));
#1539 = VERTEX_POINT('',#1540);
#1540 = CARTESIAN_POINT('',(0.449917763158,3.125E-02,-6.710526315789E-02
    ));
#1541 = SEAM_CURVE('',#1542,(#1546,#1558),.PCURVE_S1.);
#1542 = LINE('',#1543,#1544);
#1543 = CARTESIAN_POINT('',(0.449917763158,0.,-6.710526315789E-02));
#1544 = VECTOR('',#1545,1.);
#1545 = DIRECTION('',(-6.123233995737E-17,1.,-6.123233995737E-17));
#1546 = PCURVE('',#1547,#1552);
#1547 = CYLINDRICAL_SURFACE('',#1548,6.710526315789E-02);
#1548 = AXIS2_PLACEMENT_3D('',#1549,#1550,#1551);
#1549 = CARTESIAN_POINT('',(0.449917763158,4.109012286613E-18,
    -4.109012286613E-18));
#1550 = DIRECTION('',(6.123233995737E-17,-1.,6.123233995737E-17));
#1551 = DIRECTION('',(0.,-6.123233995737E-17,-1.));
#1552 = DEFINITIONAL_REPRESENTATION('',(#1553),#1557);
#1553 = LINE('',#1554,#1555);
#1554 = CARTESIAN_POINT('',(0.,0.));
#1555 = VECTOR('',#1556,1.);
#1556 = DIRECTION('',(0.,-1.));
#1557 = ( GEOMETRIC_REPRESENTATION_CONTEXT(2) 
PARAMETRIC_REPRESENTATION_CONTEXT() REPRESENTATION_CONTEXT('2D SPACE',''
  ) );
#1558 = PCURVE('',#1547,#1559);
#1559 = DEFINITIONAL_REPRESENTATION('',(#1560),#1564);
#1560 = LINE('',#1561,#1562);
#1561 = CARTESIAN_POINT('',(6.28318530718,0.));
#1562 = VECTOR('',#1563,1.);
#1563 = DIRECTION('',(0.,-1.));
#1564 = ( GEOMETRIC_REPRESENTATION_CONTEXT(2) 
PARAMETRIC_REPRESENTATION_CONTEXT() REPRESENTATION_CONTEXT('2D SPACE',''
  ) );
#1565 = ORIENTED_EDGE('',*,*,#1566,.T.);
#1566 = EDGE_CURVE('',#1539,#1539,#1567,.T.);
#1567 = SURFACE_CURVE('',#1568,(#1573,#1580),.PCURVE_S1.);
#1568 = CIRCLE('',#1569,6.710526315789E-02);
#1569 = AXIS2_PLACEMENT_3D('',#1570,#1571,#1572);
#1570 = CARTESIAN_POINT('',(0.449917763158,3.125E-02,-6.022522910281E-18
    ));
#1571 = DIRECTION('',(6.123233995737E-17,-1.,6.123233995737E-17));
#1572 = DIRECTION('',(0.,-6.123233995737E-17,-1.));
#1573 = PCURVE('',#1547,#1574);
#1574 = DEFINITIONAL_REPRESENTATION('',(#1575),#1579);
#1575 = LINE('',#1576,#1577);
#1576 = CARTESIAN_POINT('',(0.,-3.125E-02));
#1577 = VECTOR('',#1578,1.);
#1578 = DIRECTION('',(1.,0.));
#1579 = ( GEOMETRIC_REPRESENTATION_CONTEXT(2) 
PARAMETRIC_REPRESENTATION_CONTEXT() REPRESENTATION_CONTEXT('2D SPACE',''
  ) );
#1580 = PCURVE('',#1581,#1586);
#1581 = PLANE('',#1582);
#1582 = AXIS2_PLACEMENT_3D('',#1583,#1584,#1585);
#1583 = CARTESIAN_POINT('',(0.3828125,3.125E-02,-1.913510623668E-18));
#1584 = DIRECTION('',(6.123233995737E-17,-1.,6.123233995737E-17));
#1585 = DIRECTION('',(1.,6.123233995737E-17,-6.123233995737E-17));
#1586 = DEFINITIONAL_REPRESENTATION('',(#1587),#1591);
#1587 = CIRCLE('',#1588,6.710526315789E-02);
#1588 = AXIS2_PLACEMENT_2D('',#1589,#1590);
#1589 = CARTESIAN_POINT('',(6.710526315789E-02,-7.703719777549E-34));
#1590 = DIRECTION('',(6.123233995737E-17,-1.));
#1591 = ( GEOMETRIC_REPRESENTATION_CONTEXT(2) 
PARAMETRIC_REPRESENTATION_CONTEXT() REPRESENTATION_CONTEXT('2D SPACE',''
  ) );
#1592 = ORIENTED_EDGE('',*,*,#1536,.F.);
#1593 = ORIENTED_EDGE('',*,*,#1594,.F.);
#1594 = EDGE_CURVE('',#1537,#1537,#1595,.T.);
#1595 = SURFACE_CURVE('',#1596,(#1601,#1608),.PCURVE_S1.);
#1596 = CIRCLE('',#1597,6.710526315789E-02);
#1597 = AXIS2_PLACEMENT_3D('',#1598,#1599,#1600);
#1598 = CARTESIAN_POINT('',(0.449917763158,4.109012286613E-18,
    -4.109012286613E-18));
#1599 = DIRECTION('',(6.123233995737E-17,-1.,6.123233995737E-17));
#1600 = DIRECTION('',(0.,-6.123233995737E-17,-1.));
#1601 = PCURVE('',#1547,#1602);
#1602 = DEFINITIONAL_REPRESENTATION('',(#1603),#1607);
#1603 = LINE('',#1604,#1605);
#1604 = CARTESIAN_POINT('',(0.,0.));
#1605 = VECTOR('',#1606,1.);
#1606 = DIRECTION('',(1.,0.));
#1607 = ( GEOMETRIC_REPRESENTATION_CONTEXT(2) 
PARAMETRIC_REPRESENTATION_CONTEXT() REPRESENTATION_CONTEXT('2D SPACE',''
  ) );
#1608 = PCURVE('',#1609,#1614);
#1609 = PLANE('',#1610);
#1610 = AXIS2_PLACEMENT_3D('',#1611,#1612,#1613);
#1611 = CARTESIAN_POINT('',(0.3828125,0.,0.));
#1612 = DIRECTION('',(6.123233995737E-17,-1.,6.123233995737E-17));
#1613 = DIRECTION('',(1.,6.123233995737E-17,-6.123233995737E-17));
#1614 = DEFINITIONAL_REPRESENTATION('',(#1615),#1619);
#1615 = CIRCLE('',#1616,6.710526315789E-02);
#1616 = AXIS2_PLACEMENT_2D('',#1617,#1618);
#1617 = CARTESIAN_POINT('',(6.710526315789E-02,-7.703719777549E-34));
#1618 = DIRECTION('',(6.123233995737E-17,-1.));
#1619 = ( GEOMETRIC_REPRESENTATION_CONTEXT(2) 
PARAMETRIC_REPRESENTATION_CONTEXT() REPRESENTATION_CONTEXT('2D SPACE',''
  ) );
#1620 = ADVANCED_FACE('',(#1621,#1624),#1609,.T.);
#1621 = FACE_BOUND('',#1622,.T.);
#1622 = EDGE_LOOP('',(#1623));
#1623 = ORIENTED_EDGE('',*,*,#1594,.T.);
#1624 = FACE_BOUND('',#1625,.T.);
#1625 = EDGE_LOOP('',(#1626,#1657,#1686));
#1626 = ORIENTED_EDGE('',*,*,#1627,.F.);
#1627 = EDGE_CURVE('',#1628,#1630,#1632,.T.);
#1628 = VERTEX_POINT('',#1629);
#1629 = CARTESIAN_POINT('',(0.419019554094,3.480496823166E-18,
    3.235252259359E-02));
#1630 = VERTEX_POINT('',#1631);
#1631 = CARTESIAN_POINT('',(0.419019554094,-4.81544500692E-19,
    -3.235252259358E-02));
#1632 = SURFACE_CURVE('',#1633,(#1638,#1645),.PCURVE_S1.);
#1633 = CIRCLE('',#1634,4.473684210526E-02);
#1634 = AXIS2_PLACEMENT_3D('',#1635,#1636,#1637);
#1635 = CARTESIAN_POINT('',(0.449917763158,4.109012286613E-18,
    -4.109012286613E-18));
#1636 = DIRECTION('',(6.123233995737E-17,-1.,6.123233995737E-17));
#1637 = DIRECTION('',(0.,-6.123233995737E-17,-1.));
#1638 = PCURVE('',#1609,#1639);
#1639 = DEFINITIONAL_REPRESENTATION('',(#1640),#1644);
#1640 = CIRCLE('',#1641,4.473684210526E-02);
#1641 = AXIS2_PLACEMENT_2D('',#1642,#1643);
#1642 = CARTESIAN_POINT('',(6.710526315789E-02,-7.703719777549E-34));
#1643 = DIRECTION('',(6.123233995737E-17,-1.));
#1644 = ( GEOMETRIC_REPRESENTATION_CONTEXT(2) 
PARAMETRIC_REPRESENTATION_CONTEXT() REPRESENTATION_CONTEXT('2D SPACE',''
  ) );
#1645 = PCURVE('',#1646,#1651);
#1646 = CYLINDRICAL_SURFACE('',#1647,4.473684210526E-02);
#1647 = AXIS2_PLACEMENT_3D('',#1648,#1649,#1650);
#1648 = CARTESIAN_POINT('',(0.449917763158,4.109012286613E-18,
    -4.109012286613E-18));
#1649 = DIRECTION('',(6.123233995737E-17,-1.,6.123233995737E-17));
#1650 = DIRECTION('',(0.,-6.123233995737E-17,-1.));
#1651 = DEFINITIONAL_REPRESENTATION('',(#1652),#1656);
#1652 = LINE('',#1653,#1654);
#1653 = CARTESIAN_POINT('',(0.,0.));
#1654 = VECTOR('',#1655,1.);
#1655 = DIRECTION('',(1.,0.));
#1656 = ( GEOMETRIC_REPRESENTATION_CONTEXT(2) 
PARAMETRIC_REPRESENTATION_CONTEXT() REPRESENTATION_CONTEXT('2D SPACE',''
  ) );
#1657 = ORIENTED_EDGE('',*,*,#1658,.F.);
#1658 = EDGE_CURVE('',#1659,#1628,#1661,.T.);
#1659 = VERTEX_POINT('',#1660);
#1660 = CARTESIAN_POINT('',(0.453618421053,0.,-4.736842105263E-02));
#1661 = SURFACE_CURVE('',#1662,(#1667,#1674),.PCURVE_S1.);
#1662 = CIRCLE('',#1663,4.736842105263E-02);
#1663 = AXIS2_PLACEMENT_3D('',#1664,#1665,#1666);
#1664 = CARTESIAN_POINT('',(0.453618421053,2.900479261138E-18,
    -2.900479261138E-18));
#1665 = DIRECTION('',(6.123233995737E-17,-1.,6.123233995737E-17));
#1666 = DIRECTION('',(0.,-6.123233995737E-17,-1.));
#1667 = PCURVE('',#1609,#1668);
#1668 = DEFINITIONAL_REPRESENTATION('',(#1669),#1673);
#1669 = CIRCLE('',#1670,4.736842105263E-02);
#1670 = AXIS2_PLACEMENT_2D('',#1671,#1672);
#1671 = CARTESIAN_POINT('',(7.080592105263E-02,1.435132967751E-18));
#1672 = DIRECTION('',(6.123233995737E-17,-1.));
#1673 = ( GEOMETRIC_REPRESENTATION_CONTEXT(2) 
PARAMETRIC_REPRESENTATION_CONTEXT() REPRESENTATION_CONTEXT('2D SPACE',''
  ) );
#1674 = PCURVE('',#1675,#1680);
#1675 = PLANE('',#1676);
#1676 = AXIS2_PLACEMENT_3D('',#1677,#1678,#1679);
#1677 = CARTESIAN_POINT('',(0.40625,0.,0.));
#1678 = DIRECTION('',(6.123233995737E-17,-1.,6.123233995737E-17));
#1679 = DIRECTION('',(1.,6.123233995737E-17,-6.123233995737E-17));
#1680 = DEFINITIONAL_REPRESENTATION('',(#1681),#1685);
#1681 = CIRCLE('',#1682,4.736842105263E-02);
#1682 = AXIS2_PLACEMENT_2D('',#1683,#1684);
#1683 = CARTESIAN_POINT('',(4.736842105263E-02,-1.155557966632E-33));
#1684 = DIRECTION('',(6.123233995737E-17,-1.));
#1685 = ( GEOMETRIC_REPRESENTATION_CONTEXT(2) 
PARAMETRIC_REPRESENTATION_CONTEXT() REPRESENTATION_CONTEXT('2D SPACE',''
  ) );
#1686 = ORIENTED_EDGE('',*,*,#1687,.F.);
#1687 = EDGE_CURVE('',#1630,#1659,#1688,.T.);
#1688 = SURFACE_CURVE('',#1689,(#1694,#1701),.PCURVE_S1.);
#1689 = CIRCLE('',#1690,4.736842105263E-02);
#1690 = AXIS2_PLACEMENT_3D('',#1691,#1692,#1693);
#1691 = CARTESIAN_POINT('',(0.453618421053,2.900479261138E-18,
    -2.900479261138E-18));
#1692 = DIRECTION('',(6.123233995737E-17,-1.,6.123233995737E-17));
#1693 = DIRECTION('',(0.,-6.123233995737E-17,-1.));
#1694 = PCURVE('',#1609,#1695);
#1695 = DEFINITIONAL_REPRESENTATION('',(#1696),#1700);
#1696 = CIRCLE('',#1697,4.736842105263E-02);
#1697 = AXIS2_PLACEMENT_2D('',#1698,#1699);
#1698 = CARTESIAN_POINT('',(7.080592105263E-02,1.435132967751E-18));
#1699 = DIRECTION('',(6.123233995737E-17,-1.));
#1700 = ( GEOMETRIC_REPRESENTATION_CONTEXT(2) 
PARAMETRIC_REPRESENTATION_CONTEXT() REPRESENTATION_CONTEXT('2D SPACE',''
  ) );
#1701 = PCURVE('',#1675,#1702);
#1702 = DEFINITIONAL_REPRESENTATION('',(#1703),#1707);
#1703 = CIRCLE('',#1704,4.736842105263E-02);
#1704 = AXIS2_PLACEMENT_2D('',#1705,#1706);
#1705 = CARTESIAN_POINT('',(4.736842105263E-02,-1.155557966632E-33));
#1706 = DIRECTION('',(6.123233995737E-17,-1.));
#1707 = ( GEOMETRIC_REPRESENTATION_CONTEXT(2) 
PARAMETRIC_REPRESENTATION_CONTEXT() REPRESENTATION_CONTEXT('2D SPACE',''
  ) );
#1708 = ADVANCED_FACE('',(#1709,#1712),#1581,.F.);
#1709 = FACE_BOUND('',#1710,.F.);
#1710 = EDGE_LOOP('',(#1711));
#1711 = ORIENTED_EDGE('',*,*,#1566,.T.);
#1712 = FACE_BOUND('',#1713,.F.);
#1713 = EDGE_LOOP('',(#1714,#1740,#1769));
#1714 = ORIENTED_EDGE('',*,*,#1715,.F.);
#1715 = EDGE_CURVE('',#1716,#1718,#1720,.T.);
#1716 = VERTEX_POINT('',#1717);
#1717 = CARTESIAN_POINT('',(0.419019554094,3.125E-02,3.235252259358E-02)
  );
#1718 = VERTEX_POINT('',#1719);
#1719 = CARTESIAN_POINT('',(0.419019554094,3.125E-02,-3.235252259358E-02
    ));
#1720 = SURFACE_CURVE('',#1721,(#1726,#1733),.PCURVE_S1.);
#1721 = CIRCLE('',#1722,4.473684210526E-02);
#1722 = AXIS2_PLACEMENT_3D('',#1723,#1724,#1725);
#1723 = CARTESIAN_POINT('',(0.449917763158,3.125E-02,-6.022522910281E-18
    ));
#1724 = DIRECTION('',(6.123233995737E-17,-1.,6.123233995737E-17));
#1725 = DIRECTION('',(0.,-6.123233995737E-17,-1.));
#1726 = PCURVE('',#1581,#1727);
#1727 = DEFINITIONAL_REPRESENTATION('',(#1728),#1732);
#1728 = CIRCLE('',#1729,4.473684210526E-02);
#1729 = AXIS2_PLACEMENT_2D('',#1730,#1731);
#1730 = CARTESIAN_POINT('',(6.710526315789E-02,-7.703719777549E-34));
#1731 = DIRECTION('',(6.123233995737E-17,-1.));
#1732 = ( GEOMETRIC_REPRESENTATION_CONTEXT(2) 
PARAMETRIC_REPRESENTATION_CONTEXT() REPRESENTATION_CONTEXT('2D SPACE',''
  ) );
#1733 = PCURVE('',#1646,#1734);
#1734 = DEFINITIONAL_REPRESENTATION('',(#1735),#1739);
#1735 = LINE('',#1736,#1737);
#1736 = CARTESIAN_POINT('',(0.,-3.125E-02));
#1737 = VECTOR('',#1738,1.);
#1738 = DIRECTION('',(1.,0.));
#1739 = ( GEOMETRIC_REPRESENTATION_CONTEXT(2) 
PARAMETRIC_REPRESENTATION_CONTEXT() REPRESENTATION_CONTEXT('2D SPACE',''
  ) );
#1740 = ORIENTED_EDGE('',*,*,#1741,.F.);
#1741 = EDGE_CURVE('',#1742,#1716,#1744,.T.);
#1742 = VERTEX_POINT('',#1743);
#1743 = CARTESIAN_POINT('',(0.453618421053,3.125E-02,-4.736842105263E-02
    ));
#1744 = SURFACE_CURVE('',#1745,(#1750,#1757),.PCURVE_S1.);
#1745 = CIRCLE('',#1746,4.736842105263E-02);
#1746 = AXIS2_PLACEMENT_3D('',#1747,#1748,#1749);
#1747 = CARTESIAN_POINT('',(0.453618421053,3.125E-02,-4.813989884806E-18
    ));
#1748 = DIRECTION('',(6.123233995737E-17,-1.,6.123233995737E-17));
#1749 = DIRECTION('',(0.,-6.123233995737E-17,-1.));
#1750 = PCURVE('',#1581,#1751);
#1751 = DEFINITIONAL_REPRESENTATION('',(#1752),#1756);
#1752 = CIRCLE('',#1753,4.736842105263E-02);
#1753 = AXIS2_PLACEMENT_2D('',#1754,#1755);
#1754 = CARTESIAN_POINT('',(7.080592105263E-02,1.435132967751E-18));
#1755 = DIRECTION('',(6.123233995737E-17,-1.));
#1756 = ( GEOMETRIC_REPRESENTATION_CONTEXT(2) 
PARAMETRIC_REPRESENTATION_CONTEXT() REPRESENTATION_CONTEXT('2D SPACE',''
  ) );
#1757 = PCURVE('',#1758,#1763);
#1758 = CYLINDRICAL_SURFACE('',#1759,4.736842105263E-02);
#1759 = AXIS2_PLACEMENT_3D('',#1760,#1761,#1762);
#1760 = CARTESIAN_POINT('',(0.453618421053,2.900479261138E-18,
    -2.900479261138E-18));
#1761 = DIRECTION('',(6.123233995737E-17,-1.,6.123233995737E-17));
#1762 = DIRECTION('',(0.,-6.123233995737E-17,-1.));
#1763 = DEFINITIONAL_REPRESENTATION('',(#1764),#1768);
#1764 = LINE('',#1765,#1766);
#1765 = CARTESIAN_POINT('',(0.,-3.125E-02));
#1766 = VECTOR('',#1767,1.);
#1767 = DIRECTION('',(1.,0.));
#1768 = ( GEOMETRIC_REPRESENTATION_CONTEXT(2) 
PARAMETRIC_REPRESENTATION_CONTEXT() REPRESENTATION_CONTEXT('2D SPACE',''
  ) );
#1769 = ORIENTED_EDGE('',*,*,#1770,.F.);
#1770 = EDGE_CURVE('',#1718,#1742,#1771,.T.);
#1771 = SURFACE_CURVE('',#1772,(#1777,#1784),.PCURVE_S1.);
#1772 = CIRCLE('',#1773,4.736842105263E-02);
#1773 = AXIS2_PLACEMENT_3D('',#1774,#1775,#1776);
#1774 = CARTESIAN_POINT('',(0.453618421053,3.125E-02,-4.813989884806E-18
    ));
#1775 = DIRECTION('',(6.123233995737E-17,-1.,6.123233995737E-17));
#1776 = DIRECTION('',(0.,-6.123233995737E-17,-1.));
#1777 = PCURVE('',#1581,#1778);
#1778 = DEFINITIONAL_REPRESENTATION('',(#1779),#1783);
#1779 = CIRCLE('',#1780,4.736842105263E-02);
#1780 = AXIS2_PLACEMENT_2D('',#1781,#1782);
#1781 = CARTESIAN_POINT('',(7.080592105263E-02,1.435132967751E-18));
#1782 = DIRECTION('',(6.123233995737E-17,-1.));
#1783 = ( GEOMETRIC_REPRESENTATION_CONTEXT(2) 
PARAMETRIC_REPRESENTATION_CONTEXT() REPRESENTATION_CONTEXT('2D SPACE',''
  ) );
#1784 = PCURVE('',#1758,#1785);
#1785 = DEFINITIONAL_REPRESENTATION('',(#1786),#1790);
#1786 = LINE('',#1787,#1788);
#1787 = CARTESIAN_POINT('',(0.,-3.125E-02));
#1788 = VECTOR('',#1789,1.);
#1789 = DIRECTION('',(1.,0.));
#1790 = ( GEOMETRIC_REPRESENTATION_CONTEXT(2) 
PARAMETRIC_REPRESENTATION_CONTEXT() REPRESENTATION_CONTEXT('2D SPACE',''
  ) );
#1791 = ADVANCED_FACE('',(#1792),#1646,.F.);
#1792 = FACE_BOUND('',#1793,.F.);
#1793 = EDGE_LOOP('',(#1794,#1795,#1814,#1815));
#1794 = ORIENTED_EDGE('',*,*,#1627,.F.);
#1795 = ORIENTED_EDGE('',*,*,#1796,.F.);
#1796 = EDGE_CURVE('',#1716,#1628,#1797,.T.);
#1797 = SURFACE_CURVE('',#1798,(#1802,#1808),.PCURVE_S1.);
#1798 = LINE('',#1799,#1800);
#1799 = CARTESIAN_POINT('',(0.419019554094,2.76293033929E-18,
    3.235252259358E-02));
#1800 = VECTOR('',#1801,1.);
#1801 = DIRECTION('',(6.123233995737E-17,-1.,6.123233995737E-17));
#1802 = PCURVE('',#1646,#1803);
#1803 = DEFINITIONAL_REPRESENTATION('',(#1804),#1807);
#1804 = B_SPLINE_CURVE_WITH_KNOTS('',1,(#1805,#1806),.UNSPECIFIED.,.F.,
  .F.,(2,2),(-3.12506E-02,6.E-07),.PIECEWISE_BEZIER_KNOTS.);
#1805 = CARTESIAN_POINT('',(3.904002034277,-3.12506E-02));
#1806 = CARTESIAN_POINT('',(3.904002034277,6.000000000014E-07));
#1807 = ( GEOMETRIC_REPRESENTATION_CONTEXT(2) 
PARAMETRIC_REPRESENTATION_CONTEXT() REPRESENTATION_CONTEXT('2D SPACE',''
  ) );
#1808 = PCURVE('',#1758,#1809);
#1809 = DEFINITIONAL_REPRESENTATION('',(#1810),#1813);
#1810 = B_SPLINE_CURVE_WITH_KNOTS('',1,(#1811,#1812),.UNSPECIFIED.,.F.,
  .F.,(2,2),(-3.12506E-02,6.E-07),.PIECEWISE_BEZIER_KNOTS.);
#1811 = CARTESIAN_POINT('',(3.960530106091,-3.12506E-02));
#1812 = CARTESIAN_POINT('',(3.960530106091,6.E-07));
#1813 = ( GEOMETRIC_REPRESENTATION_CONTEXT(2) 
PARAMETRIC_REPRESENTATION_CONTEXT() REPRESENTATION_CONTEXT('2D SPACE',''
  ) );
#1814 = ORIENTED_EDGE('',*,*,#1715,.T.);
#1815 = ORIENTED_EDGE('',*,*,#1816,.T.);
#1816 = EDGE_CURVE('',#1718,#1630,#1817,.T.);
#1817 = SURFACE_CURVE('',#1818,(#1822,#1828),.PCURVE_S1.);
#1818 = LINE('',#1819,#1820);
#1819 = CARTESIAN_POINT('',(0.419019554094,-1.199110984567E-18,
    -3.235252259358E-02));
#1820 = VECTOR('',#1821,1.);
#1821 = DIRECTION('',(6.123233995737E-17,-1.,6.123233995737E-17));
#1822 = PCURVE('',#1646,#1823);
#1823 = DEFINITIONAL_REPRESENTATION('',(#1824),#1827);
#1824 = B_SPLINE_CURVE_WITH_KNOTS('',1,(#1825,#1826),.UNSPECIFIED.,.F.,
  .F.,(2,2),(-3.12506E-02,6.E-07),.PIECEWISE_BEZIER_KNOTS.);
#1825 = CARTESIAN_POINT('',(5.520775926493,-3.12506E-02));
#1826 = CARTESIAN_POINT('',(5.520775926493,6.000000000014E-07));
#1827 = ( GEOMETRIC_REPRESENTATION_CONTEXT(2) 
PARAMETRIC_REPRESENTATION_CONTEXT() REPRESENTATION_CONTEXT('2D SPACE',''
  ) );
#1828 = PCURVE('',#1758,#1829);
#1829 = DEFINITIONAL_REPRESENTATION('',(#1830),#1833);
#1830 = B_SPLINE_CURVE_WITH_KNOTS('',1,(#1831,#1832),.UNSPECIFIED.,.F.,
  .F.,(2,2),(-3.12506E-02,6.E-07),.PIECEWISE_BEZIER_KNOTS.);
#1831 = CARTESIAN_POINT('',(5.464247854679,-3.12506E-02));
#1832 = CARTESIAN_POINT('',(5.464247854679,6.E-07));
#1833 = ( GEOMETRIC_REPRESENTATION_CONTEXT(2) 
PARAMETRIC_REPRESENTATION_CONTEXT() REPRESENTATION_CONTEXT('2D SPACE',''
  ) );
#1834 = ADVANCED_FACE('',(#1835),#1675,.T.);
#1835 = FACE_BOUND('',#1836,.T.);
#1836 = EDGE_LOOP('',(#1837,#1838,#1839,#1868));
#1837 = ORIENTED_EDGE('',*,*,#1687,.T.);
#1838 = ORIENTED_EDGE('',*,*,#1658,.T.);
#1839 = ORIENTED_EDGE('',*,*,#1840,.F.);
#1840 = EDGE_CURVE('',#1841,#1628,#1843,.T.);
#1841 = VERTEX_POINT('',#1842);
#1842 = CARTESIAN_POINT('',(0.449917763158,1.369670762204E-18,
    -4.473684210526E-02));
#1843 = SURFACE_CURVE('',#1844,(#1849,#1856),.PCURVE_S1.);
#1844 = CIRCLE('',#1845,4.473684210526E-02);
#1845 = AXIS2_PLACEMENT_3D('',#1846,#1847,#1848);
#1846 = CARTESIAN_POINT('',(0.449917763158,4.109012286613E-18,
    -4.109012286613E-18));
#1847 = DIRECTION('',(6.123233995737E-17,-1.,6.123233995737E-17));
#1848 = DIRECTION('',(0.,-6.123233995737E-17,-1.));
#1849 = PCURVE('',#1675,#1850);
#1850 = DEFINITIONAL_REPRESENTATION('',(#1851),#1855);
#1851 = CIRCLE('',#1852,4.473684210526E-02);
#1852 = AXIS2_PLACEMENT_2D('',#1853,#1854);
#1853 = CARTESIAN_POINT('',(4.366776315789E-02,-1.435132967751E-18));
#1854 = DIRECTION('',(6.123233995737E-17,-1.));
#1855 = ( GEOMETRIC_REPRESENTATION_CONTEXT(2) 
PARAMETRIC_REPRESENTATION_CONTEXT() REPRESENTATION_CONTEXT('2D SPACE',''
  ) );
#1856 = PCURVE('',#1857,#1862);
#1857 = PLANE('',#1858);
#1858 = AXIS2_PLACEMENT_3D('',#1859,#1860,#1861);
#1859 = CARTESIAN_POINT('',(0.40625,0.,0.));
#1860 = DIRECTION('',(6.123233995737E-17,-1.,6.123233995737E-17));
#1861 = DIRECTION('',(1.,6.123233995737E-17,-6.123233995737E-17));
#1862 = DEFINITIONAL_REPRESENTATION('',(#1863),#1867);
#1863 = CIRCLE('',#1864,4.473684210526E-02);
#1864 = AXIS2_PLACEMENT_2D('',#1865,#1866);
#1865 = CARTESIAN_POINT('',(4.366776315789E-02,-1.435132967751E-18));
#1866 = DIRECTION('',(6.123233995737E-17,-1.));
#1867 = ( GEOMETRIC_REPRESENTATION_CONTEXT(2) 
PARAMETRIC_REPRESENTATION_CONTEXT() REPRESENTATION_CONTEXT('2D SPACE',''
  ) );
#1868 = ORIENTED_EDGE('',*,*,#1869,.F.);
#1869 = EDGE_CURVE('',#1630,#1841,#1870,.T.);
#1870 = SURFACE_CURVE('',#1871,(#1876,#1883),.PCURVE_S1.);
#1871 = CIRCLE('',#1872,4.473684210526E-02);
#1872 = AXIS2_PLACEMENT_3D('',#1873,#1874,#1875);
#1873 = CARTESIAN_POINT('',(0.449917763158,4.109012286613E-18,
    -4.109012286613E-18));
#1874 = DIRECTION('',(6.123233995737E-17,-1.,6.123233995737E-17));
#1875 = DIRECTION('',(0.,-6.123233995737E-17,-1.));
#1876 = PCURVE('',#1675,#1877);
#1877 = DEFINITIONAL_REPRESENTATION('',(#1878),#1882);
#1878 = CIRCLE('',#1879,4.473684210526E-02);
#1879 = AXIS2_PLACEMENT_2D('',#1880,#1881);
#1880 = CARTESIAN_POINT('',(4.366776315789E-02,-1.435132967751E-18));
#1881 = DIRECTION('',(6.123233995737E-17,-1.));
#1882 = ( GEOMETRIC_REPRESENTATION_CONTEXT(2) 
PARAMETRIC_REPRESENTATION_CONTEXT() REPRESENTATION_CONTEXT('2D SPACE',''
  ) );
#1883 = PCURVE('',#1857,#1884);
#1884 = DEFINITIONAL_REPRESENTATION('',(#1885),#1889);
#1885 = CIRCLE('',#1886,4.473684210526E-02);
#1886 = AXIS2_PLACEMENT_2D('',#1887,#1888);
#1887 = CARTESIAN_POINT('',(4.366776315789E-02,-1.435132967751E-18));
#1888 = DIRECTION('',(6.123233995737E-17,-1.));
#1889 = ( GEOMETRIC_REPRESENTATION_CONTEXT(2) 
PARAMETRIC_REPRESENTATION_CONTEXT() REPRESENTATION_CONTEXT('2D SPACE',''
  ) );
#1890 = ADVANCED_FACE('',(#1891),#1758,.T.);
#1891 = FACE_BOUND('',#1892,.T.);
#1892 = EDGE_LOOP('',(#1893,#1894,#1917,#1944,#1945,#1946,#1947,#1969));
#1893 = ORIENTED_EDGE('',*,*,#1741,.F.);
#1894 = ORIENTED_EDGE('',*,*,#1895,.T.);
#1895 = EDGE_CURVE('',#1742,#1896,#1898,.T.);
#1896 = VERTEX_POINT('',#1897);
#1897 = CARTESIAN_POINT('',(0.453618421053,0.15625,-4.736842105263E-02)
  );
#1898 = SEAM_CURVE('',#1899,(#1903,#1910),.PCURVE_S1.);
#1899 = LINE('',#1900,#1901);
#1900 = CARTESIAN_POINT('',(0.453618421053,0.,-4.736842105263E-02));
#1901 = VECTOR('',#1902,1.);
#1902 = DIRECTION('',(-6.123233995737E-17,1.,-6.123233995737E-17));
#1903 = PCURVE('',#1758,#1904);
#1904 = DEFINITIONAL_REPRESENTATION('',(#1905),#1909);
#1905 = LINE('',#1906,#1907);
#1906 = CARTESIAN_POINT('',(6.28318530718,0.));
#1907 = VECTOR('',#1908,1.);
#1908 = DIRECTION('',(0.,-1.));
#1909 = ( GEOMETRIC_REPRESENTATION_CONTEXT(2) 
PARAMETRIC_REPRESENTATION_CONTEXT() REPRESENTATION_CONTEXT('2D SPACE',''
  ) );
#1910 = PCURVE('',#1758,#1911);
#1911 = DEFINITIONAL_REPRESENTATION('',(#1912),#1916);
#1912 = LINE('',#1913,#1914);
#1913 = CARTESIAN_POINT('',(0.,0.));
#1914 = VECTOR('',#1915,1.);
#1915 = DIRECTION('',(0.,-1.));
#1916 = ( GEOMETRIC_REPRESENTATION_CONTEXT(2) 
PARAMETRIC_REPRESENTATION_CONTEXT() REPRESENTATION_CONTEXT('2D SPACE',''
  ) );
#1917 = ORIENTED_EDGE('',*,*,#1918,.T.);
#1918 = EDGE_CURVE('',#1896,#1896,#1919,.T.);
#1919 = SURFACE_CURVE('',#1920,(#1925,#1932),.PCURVE_S1.);
#1920 = CIRCLE('',#1921,4.736842105263E-02);
#1921 = AXIS2_PLACEMENT_3D('',#1922,#1923,#1924);
#1922 = CARTESIAN_POINT('',(0.453618421053,0.15625,-1.246803237948E-17)
  );
#1923 = DIRECTION('',(6.123233995737E-17,-1.,6.123233995737E-17));
#1924 = DIRECTION('',(0.,-6.123233995737E-17,-1.));
#1925 = PCURVE('',#1758,#1926);
#1926 = DEFINITIONAL_REPRESENTATION('',(#1927),#1931);
#1927 = LINE('',#1928,#1929);
#1928 = CARTESIAN_POINT('',(0.,-0.15625));
#1929 = VECTOR('',#1930,1.);
#1930 = DIRECTION('',(1.,0.));
#1931 = ( GEOMETRIC_REPRESENTATION_CONTEXT(2) 
PARAMETRIC_REPRESENTATION_CONTEXT() REPRESENTATION_CONTEXT('2D SPACE',''
  ) );
#1932 = PCURVE('',#1933,#1938);
#1933 = PLANE('',#1934);
#1934 = AXIS2_PLACEMENT_3D('',#1935,#1936,#1937);
#1935 = CARTESIAN_POINT('',(0.40625,0.15625,-9.567553118339E-18));
#1936 = DIRECTION('',(6.123233995737E-17,-1.,6.123233995737E-17));
#1937 = DIRECTION('',(1.,6.123233995737E-17,-6.123233995737E-17));
#1938 = DEFINITIONAL_REPRESENTATION('',(#1939),#1943);
#1939 = CIRCLE('',#1940,4.736842105263E-02);
#1940 = AXIS2_PLACEMENT_2D('',#1941,#1942);
#1941 = CARTESIAN_POINT('',(4.736842105263E-02,-1.155557966632E-33));
#1942 = DIRECTION('',(6.123233995737E-17,-1.));
#1943 = ( GEOMETRIC_REPRESENTATION_CONTEXT(2) 
PARAMETRIC_REPRESENTATION_CONTEXT() REPRESENTATION_CONTEXT('2D SPACE',''
  ) );
#1944 = ORIENTED_EDGE('',*,*,#1895,.F.);
#1945 = ORIENTED_EDGE('',*,*,#1770,.F.);
#1946 = ORIENTED_EDGE('',*,*,#1816,.T.);
#1947 = ORIENTED_EDGE('',*,*,#1948,.F.);
#1948 = EDGE_CURVE('',#1628,#1630,#1949,.T.);
#1949 = SURFACE_CURVE('',#1950,(#1955,#1962),.PCURVE_S1.);
#1950 = CIRCLE('',#1951,4.736842105263E-02);
#1951 = AXIS2_PLACEMENT_3D('',#1952,#1953,#1954);
#1952 = CARTESIAN_POINT('',(0.453618421053,2.900479261138E-18,
    -2.900479261138E-18));
#1953 = DIRECTION('',(6.123233995737E-17,-1.,6.123233995737E-17));
#1954 = DIRECTION('',(0.,-6.123233995737E-17,-1.));
#1955 = PCURVE('',#1758,#1956);
#1956 = DEFINITIONAL_REPRESENTATION('',(#1957),#1961);
#1957 = LINE('',#1958,#1959);
#1958 = CARTESIAN_POINT('',(0.,0.));
#1959 = VECTOR('',#1960,1.);
#1960 = DIRECTION('',(1.,0.));
#1961 = ( GEOMETRIC_REPRESENTATION_CONTEXT(2) 
PARAMETRIC_REPRESENTATION_CONTEXT() REPRESENTATION_CONTEXT('2D SPACE',''
  ) );
#1962 = PCURVE('',#1857,#1963);
#1963 = DEFINITIONAL_REPRESENTATION('',(#1964),#1968);
#1964 = CIRCLE('',#1965,4.736842105263E-02);
#1965 = AXIS2_PLACEMENT_2D('',#1966,#1967);
#1966 = CARTESIAN_POINT('',(4.736842105263E-02,-1.155557966632E-33));
#1967 = DIRECTION('',(6.123233995737E-17,-1.));
#1968 = ( GEOMETRIC_REPRESENTATION_CONTEXT(2) 
PARAMETRIC_REPRESENTATION_CONTEXT() REPRESENTATION_CONTEXT('2D SPACE',''
  ) );
#1969 = ORIENTED_EDGE('',*,*,#1796,.F.);
#1970 = ADVANCED_FACE('',(#1971),#1857,.T.);
#1971 = FACE_BOUND('',#1972,.T.);
#1972 = EDGE_LOOP('',(#1973,#1974,#1975));
#1973 = ORIENTED_EDGE('',*,*,#1840,.T.);
#1974 = ORIENTED_EDGE('',*,*,#1948,.T.);
#1975 = ORIENTED_EDGE('',*,*,#1869,.T.);
#1976 = ADVANCED_FACE('',(#1977),#1933,.F.);
#1977 = FACE_BOUND('',#1978,.F.);
#1978 = EDGE_LOOP('',(#1979));
#1979 = ORIENTED_EDGE('',*,*,#1918,.T.);
#1980 = ( GEOMETRIC_REPRESENTATION_CONTEXT(3) 
GLOBAL_UNCERTAINTY_ASSIGNED_CONTEXT((#1984)) 
GLOBAL_UNIT_ASSIGNED_CONTEXT((#1981,#1982,#1983)) REPRESENTATION_CONTEXT
('Context #1','3D Context with UNIT and UNCERTAINTY') );
#1981 = ( LENGTH_UNIT() NAMED_UNIT(*) SI_UNIT(.MILLI.,.METRE.) );
#1982 = ( NAMED_UNIT(*) PLANE_ANGLE_UNIT() SI_UNIT($,.RADIAN.) );
#1983 = ( NAMED_UNIT(*) SI_UNIT($,.STERADIAN.) SOLID_ANGLE_UNIT() );
#1984 = UNCERTAINTY_MEASURE_WITH_UNIT(LENGTH_MEASURE(1.E-07),#1981,
  'distance_accuracy_value','confusion accuracy');
#1985 = CONTEXT_DEPENDENT_SHAPE_REPRESENTATION(#1986,#1988);
#1986 = ( REPRESENTATION_RELATIONSHIP('','',#1529,#10) 
REPRESENTATION_RELATIONSHIP_WITH_TRANSFORMATION(#1987) 
SHAPE_REPRESENTATION_RELATIONSHIP() );
#1987 = ITEM_DEFINED_TRANSFORMATION('','',#11,#27);
#1988 = PRODUCT_DEFINITION_SHAPE('Placement','Placement of an item',
  #1989);
#1989 = NEXT_ASSEMBLY_USAGE_OCCURRENCE('6','','',#5,#1524,$);
#1990 = CC_DESIGN_SECURITY_CLASSIFICATION(#1991,(#1989));
#1991 = SECURITY_CLASSIFICATION('','',#51);
#1992 = CC_DESIGN_PERSON_AND_ORGANIZATION_ASSIGNMENT(#40,#49,(#1991));
#1993 = CC_DESIGN_DATE_AND_TIME_ASSIGNMENT(#54,#60,(#1991));
#1994 = CC_DESIGN_APPROVAL(#62,(#1991));
#1995 = PRODUCT_RELATED_PRODUCT_CATEGORY('detail',$,(#1526));
#1996 = PRODUCT_CATEGORY_RELATIONSHIP('','',#1997,#1995);
#1997 = PRODUCT_CATEGORY('part',$);
#1998 = CC_DESIGN_PERSON_AND_ORGANIZATION_ASSIGNMENT(#40,#43,(#1525,
    #1524));
#1999 = CC_DESIGN_PERSON_AND_ORGANIZATION_ASSIGNMENT(#40,#45,(#1526));
#2000 = CC_DESIGN_PERSON_AND_ORGANIZATION_ASSIGNMENT(#40,#47,(#1525));
#2001 = CC_DESIGN_PERSON_AND_ORGANIZATION_ASSIGNMENT(#40,#49,(#2002));
#2002 = SECURITY_CLASSIFICATION('','',#51);
#2003 = CC_DESIGN_SECURITY_CLASSIFICATION(#2002,(#1525));
#2004 = CC_DESIGN_DATE_AND_TIME_ASSIGNMENT(#54,#58,(#1524));
#2005 = CC_DESIGN_DATE_AND_TIME_ASSIGNMENT(#54,#60,(#2002));
#2006 = CC_DESIGN_APPROVAL(#62,(#1525,#1524,#2002));
ENDSEC;
END-ISO-10303-21;
