ISO-10303-21;
HEADER;
FILE_DESCRIPTION(('Open CASCADE Model'),'2;1');
FILE_NAME('Open CASCADE Shape Model','2026-06-19T22:17:23',('Author'),(
    'Open CASCADE'),'Open CASCADE STEP processor 7.8','Open CASCADE 7.8'
  ,'Unknown');
FILE_SCHEMA(('CONFIG_CONTROL_DESIGN'));
ENDSEC;
DATA;
#1 = APPLICATION_PROTOCOL_DEFINITION('international standard',
  'config_control_design',1994,#2);
#2 = APPLICATION_CONTEXT(
'configuration controlled 3D designs of mechanical parts and assemblies'
  );
#3 = SHAPE_DEFINITION_REPRESENTATION(#4,#10);
#4 = PRODUCT_DEFINITION_SHAPE('','',#5);
#5 = PRODUCT_DEFINITION('design','',#6,#9);
#6 = PRODUCT_DEFINITION_FORMATION_WITH_SPECIFIED_SOURCE('','',#7,
  .NOT_KNOWN.);
#7 = PRODUCT('Open CASCADE STEP translator 7.8 22',
  'Open CASCADE STEP translator 7.8 22','',(#8));
#8 = MECHANICAL_CONTEXT('',#2,'mechanical');
#9 = DESIGN_CONTEXT('',#2,'design');
#10 = ADVANCED_BREP_SHAPE_REPRESENTATION('',(#11,#15),#2064);
#11 = AXIS2_PLACEMENT_3D('',#12,#13,#14);
#12 = CARTESIAN_POINT('',(0.,0.,0.));
#13 = DIRECTION('',(0.,0.,1.));
#14 = DIRECTION('',(1.,0.,-0.));
#15 = MANIFOLD_SOLID_BREP('',#16);
#16 = CLOSED_SHELL('',(#17,#105,#223,#319,#426,#506,#586,#644,#717,#797,
    #804,#859,#1620,#1675,#1702,#1707,#1711,#1746,#1781,#1891,#1921,
    #1976,#2003,#2054,#2060));
#17 = ADVANCED_FACE('',(#18),#31,.T.);
#18 = FACE_BOUND('',#19,.F.);
#19 = EDGE_LOOP('',(#20,#54,#77,#104));
#20 = ORIENTED_EDGE('',*,*,#21,.T.);
#21 = EDGE_CURVE('',#22,#22,#24,.T.);
#22 = VERTEX_POINT('',#23);
#23 = CARTESIAN_POINT('',(2.384868421053E-03,0.171875,0.310115131579));
#24 = SURFACE_CURVE('',#25,(#30,#42),.PCURVE_S1.);
#25 = CIRCLE('',#26,0.146052631579);
#26 = AXIS2_PLACEMENT_3D('',#27,#28,#29);
#27 = CARTESIAN_POINT('',(2.384868421053E-03,0.171875,0.1640625));
#28 = DIRECTION('',(-6.123233995737E-17,-1.,-6.123233995737E-17));
#29 = DIRECTION('',(0.,-6.123233995737E-17,1.));
#30 = PCURVE('',#31,#36);
#31 = CYLINDRICAL_SURFACE('',#32,0.146052631579);
#32 = AXIS2_PLACEMENT_3D('',#33,#34,#35);
#33 = CARTESIAN_POINT('',(2.384868421053E-03,0.1640625,0.1640625));
#34 = DIRECTION('',(-6.123233995737E-17,-1.,-6.123233995737E-17));
#35 = DIRECTION('',(0.,-6.123233995737E-17,1.));
#36 = DEFINITIONAL_REPRESENTATION('',(#37),#41);
#37 = LINE('',#38,#39);
#38 = CARTESIAN_POINT('',(-6.28318530718,-7.8125E-03));
#39 = VECTOR('',#40,1.);
#40 = DIRECTION('',(1.,-0.));
#41 = ( GEOMETRIC_REPRESENTATION_CONTEXT(2) 
PARAMETRIC_REPRESENTATION_CONTEXT() REPRESENTATION_CONTEXT('2D SPACE',''
  ) );
#42 = PCURVE('',#43,#48);
#43 = PLANE('',#44);
#44 = AXIS2_PLACEMENT_3D('',#45,#46,#47);
#45 = CARTESIAN_POINT('',(0.171875,0.171875,0.));
#46 = DIRECTION('',(0.,-1.,0.));
#47 = DIRECTION('',(-1.,0.,0.));
#48 = DEFINITIONAL_REPRESENTATION('',(#49),#53);
#49 = CIRCLE('',#50,0.146052631579);
#50 = AXIS2_PLACEMENT_2D('',#51,#52);
#51 = CARTESIAN_POINT('',(0.169490131579,-0.1640625));
#52 = DIRECTION('',(0.,-1.));
#53 = ( GEOMETRIC_REPRESENTATION_CONTEXT(2) 
PARAMETRIC_REPRESENTATION_CONTEXT() REPRESENTATION_CONTEXT('2D SPACE',''
  ) );
#54 = ORIENTED_EDGE('',*,*,#55,.T.);
#55 = EDGE_CURVE('',#22,#56,#58,.T.);
#56 = VERTEX_POINT('',#57);
#57 = CARTESIAN_POINT('',(2.384868421053E-03,0.375,0.310115131579));
#58 = SEAM_CURVE('',#59,(#63,#70),.PCURVE_S1.);
#59 = LINE('',#60,#61);
#60 = CARTESIAN_POINT('',(2.384868421053E-03,0.1640625,0.310115131579));
#61 = VECTOR('',#62,1.);
#62 = DIRECTION('',(6.123233995737E-17,1.,6.123233995737E-17));
#63 = PCURVE('',#31,#64);
#64 = DEFINITIONAL_REPRESENTATION('',(#65),#69);
#65 = LINE('',#66,#67);
#66 = CARTESIAN_POINT('',(-6.28318530718,0.));
#67 = VECTOR('',#68,1.);
#68 = DIRECTION('',(-0.,-1.));
#69 = ( GEOMETRIC_REPRESENTATION_CONTEXT(2) 
PARAMETRIC_REPRESENTATION_CONTEXT() REPRESENTATION_CONTEXT('2D SPACE',''
  ) );
#70 = PCURVE('',#31,#71);
#71 = DEFINITIONAL_REPRESENTATION('',(#72),#76);
#72 = LINE('',#73,#74);
#73 = CARTESIAN_POINT('',(-0.,0.));
#74 = VECTOR('',#75,1.);
#75 = DIRECTION('',(-0.,-1.));
#76 = ( GEOMETRIC_REPRESENTATION_CONTEXT(2) 
PARAMETRIC_REPRESENTATION_CONTEXT() REPRESENTATION_CONTEXT('2D SPACE',''
  ) );
#77 = ORIENTED_EDGE('',*,*,#78,.T.);
#78 = EDGE_CURVE('',#56,#56,#79,.T.);
#79 = SURFACE_CURVE('',#80,(#85,#92),.PCURVE_S1.);
#80 = CIRCLE('',#81,0.146052631579);
#81 = AXIS2_PLACEMENT_3D('',#82,#83,#84);
#82 = CARTESIAN_POINT('',(2.384868421053E-03,0.375,0.1640625));
#83 = DIRECTION('',(6.123233995737E-17,1.,6.123233995737E-17));
#84 = DIRECTION('',(0.,-6.123233995737E-17,1.));
#85 = PCURVE('',#31,#86);
#86 = DEFINITIONAL_REPRESENTATION('',(#87),#91);
#87 = LINE('',#88,#89);
#88 = CARTESIAN_POINT('',(-0.,-0.2109375));
#89 = VECTOR('',#90,1.);
#90 = DIRECTION('',(-1.,0.));
#91 = ( GEOMETRIC_REPRESENTATION_CONTEXT(2) 
PARAMETRIC_REPRESENTATION_CONTEXT() REPRESENTATION_CONTEXT('2D SPACE',''
  ) );
#92 = PCURVE('',#93,#98);
#93 = PLANE('',#94);
#94 = AXIS2_PLACEMENT_3D('',#95,#96,#97);
#95 = CARTESIAN_POINT('',(0.1484375,0.375,0.1640625));
#96 = DIRECTION('',(6.123233995737E-17,1.,6.123233995737E-17));
#97 = DIRECTION('',(-1.,6.123233995737E-17,-6.123233995737E-17));
#98 = DEFINITIONAL_REPRESENTATION('',(#99),#103);
#99 = CIRCLE('',#100,0.146052631579);
#100 = AXIS2_PLACEMENT_2D('',#101,#102);
#101 = CARTESIAN_POINT('',(0.146052631579,8.94314438851E-18));
#102 = DIRECTION('',(-6.123233995737E-17,1.));
#103 = ( GEOMETRIC_REPRESENTATION_CONTEXT(2) 
PARAMETRIC_REPRESENTATION_CONTEXT() REPRESENTATION_CONTEXT('2D SPACE',''
  ) );
#104 = ORIENTED_EDGE('',*,*,#55,.F.);
#105 = ADVANCED_FACE('',(#106,#220),#43,.F.);
#106 = FACE_BOUND('',#107,.F.);
#107 = EDGE_LOOP('',(#108,#138,#166,#194));
#108 = ORIENTED_EDGE('',*,*,#109,.T.);
#109 = EDGE_CURVE('',#110,#112,#114,.T.);
#110 = VERTEX_POINT('',#111);
#111 = CARTESIAN_POINT('',(0.171875,0.171875,0.));
#112 = VERTEX_POINT('',#113);
#113 = CARTESIAN_POINT('',(0.171875,0.171875,0.3359375));
#114 = SURFACE_CURVE('',#115,(#119,#126),.PCURVE_S1.);
#115 = LINE('',#116,#117);
#116 = CARTESIAN_POINT('',(0.171875,0.171875,0.));
#117 = VECTOR('',#118,1.);
#118 = DIRECTION('',(0.,0.,1.));
#119 = PCURVE('',#43,#120);
#120 = DEFINITIONAL_REPRESENTATION('',(#121),#125);
#121 = LINE('',#122,#123);
#122 = CARTESIAN_POINT('',(0.,-0.));
#123 = VECTOR('',#124,1.);
#124 = DIRECTION('',(0.,-1.));
#125 = ( GEOMETRIC_REPRESENTATION_CONTEXT(2) 
PARAMETRIC_REPRESENTATION_CONTEXT() REPRESENTATION_CONTEXT('2D SPACE',''
  ) );
#126 = PCURVE('',#127,#132);
#127 = PLANE('',#128);
#128 = AXIS2_PLACEMENT_3D('',#129,#130,#131);
#129 = CARTESIAN_POINT('',(0.171875,-0.1640625,0.));
#130 = DIRECTION('',(-1.,0.,0.));
#131 = DIRECTION('',(0.,1.,0.));
#132 = DEFINITIONAL_REPRESENTATION('',(#133),#137);
#133 = LINE('',#134,#135);
#134 = CARTESIAN_POINT('',(0.3359375,0.));
#135 = VECTOR('',#136,1.);
#136 = DIRECTION('',(0.,-1.));
#137 = ( GEOMETRIC_REPRESENTATION_CONTEXT(2) 
PARAMETRIC_REPRESENTATION_CONTEXT() REPRESENTATION_CONTEXT('2D SPACE',''
  ) );
#138 = ORIENTED_EDGE('',*,*,#139,.T.);
#139 = EDGE_CURVE('',#112,#140,#142,.T.);
#140 = VERTEX_POINT('',#141);
#141 = CARTESIAN_POINT('',(-0.1640625,0.171875,0.3359375));
#142 = SURFACE_CURVE('',#143,(#147,#154),.PCURVE_S1.);
#143 = LINE('',#144,#145);
#144 = CARTESIAN_POINT('',(0.171875,0.171875,0.3359375));
#145 = VECTOR('',#146,1.);
#146 = DIRECTION('',(-1.,0.,0.));
#147 = PCURVE('',#43,#148);
#148 = DEFINITIONAL_REPRESENTATION('',(#149),#153);
#149 = LINE('',#150,#151);
#150 = CARTESIAN_POINT('',(0.,-0.3359375));
#151 = VECTOR('',#152,1.);
#152 = DIRECTION('',(1.,0.));
#153 = ( GEOMETRIC_REPRESENTATION_CONTEXT(2) 
PARAMETRIC_REPRESENTATION_CONTEXT() REPRESENTATION_CONTEXT('2D SPACE',''
  ) );
#154 = PCURVE('',#155,#160);
#155 = PLANE('',#156);
#156 = AXIS2_PLACEMENT_3D('',#157,#158,#159);
#157 = CARTESIAN_POINT('',(-0.1640625,-0.1640625,0.3359375));
#158 = DIRECTION('',(0.,0.,1.));
#159 = DIRECTION('',(1.,0.,-0.));
#160 = DEFINITIONAL_REPRESENTATION('',(#161),#165);
#161 = LINE('',#162,#163);
#162 = CARTESIAN_POINT('',(0.3359375,0.3359375));
#163 = VECTOR('',#164,1.);
#164 = DIRECTION('',(-1.,0.));
#165 = ( GEOMETRIC_REPRESENTATION_CONTEXT(2) 
PARAMETRIC_REPRESENTATION_CONTEXT() REPRESENTATION_CONTEXT('2D SPACE',''
  ) );
#166 = ORIENTED_EDGE('',*,*,#167,.F.);
#167 = EDGE_CURVE('',#168,#140,#170,.T.);
#168 = VERTEX_POINT('',#169);
#169 = CARTESIAN_POINT('',(-0.1640625,0.171875,0.));
#170 = SURFACE_CURVE('',#171,(#175,#182),.PCURVE_S1.);
#171 = LINE('',#172,#173);
#172 = CARTESIAN_POINT('',(-0.1640625,0.171875,0.));
#173 = VECTOR('',#174,1.);
#174 = DIRECTION('',(0.,0.,1.));
#175 = PCURVE('',#43,#176);
#176 = DEFINITIONAL_REPRESENTATION('',(#177),#181);
#177 = LINE('',#178,#179);
#178 = CARTESIAN_POINT('',(0.3359375,0.));
#179 = VECTOR('',#180,1.);
#180 = DIRECTION('',(0.,-1.));
#181 = ( GEOMETRIC_REPRESENTATION_CONTEXT(2) 
PARAMETRIC_REPRESENTATION_CONTEXT() REPRESENTATION_CONTEXT('2D SPACE',''
  ) );
#182 = PCURVE('',#183,#188);
#183 = PLANE('',#184);
#184 = AXIS2_PLACEMENT_3D('',#185,#186,#187);
#185 = CARTESIAN_POINT('',(-0.1640625,0.171875,0.));
#186 = DIRECTION('',(1.,0.,-0.));
#187 = DIRECTION('',(0.,-1.,0.));
#188 = DEFINITIONAL_REPRESENTATION('',(#189),#193);
#189 = LINE('',#190,#191);
#190 = CARTESIAN_POINT('',(0.,0.));
#191 = VECTOR('',#192,1.);
#192 = DIRECTION('',(0.,-1.));
#193 = ( GEOMETRIC_REPRESENTATION_CONTEXT(2) 
PARAMETRIC_REPRESENTATION_CONTEXT() REPRESENTATION_CONTEXT('2D SPACE',''
  ) );
#194 = ORIENTED_EDGE('',*,*,#195,.F.);
#195 = EDGE_CURVE('',#110,#168,#196,.T.);
#196 = SURFACE_CURVE('',#197,(#201,#208),.PCURVE_S1.);
#197 = LINE('',#198,#199);
#198 = CARTESIAN_POINT('',(0.171875,0.171875,0.));
#199 = VECTOR('',#200,1.);
#200 = DIRECTION('',(-1.,0.,0.));
#201 = PCURVE('',#43,#202);
#202 = DEFINITIONAL_REPRESENTATION('',(#203),#207);
#203 = LINE('',#204,#205);
#204 = CARTESIAN_POINT('',(0.,-0.));
#205 = VECTOR('',#206,1.);
#206 = DIRECTION('',(1.,0.));
#207 = ( GEOMETRIC_REPRESENTATION_CONTEXT(2) 
PARAMETRIC_REPRESENTATION_CONTEXT() REPRESENTATION_CONTEXT('2D SPACE',''
  ) );
#208 = PCURVE('',#209,#214);
#209 = PLANE('',#210);
#210 = AXIS2_PLACEMENT_3D('',#211,#212,#213);
#211 = CARTESIAN_POINT('',(-0.1640625,-0.1640625,0.));
#212 = DIRECTION('',(0.,0.,1.));
#213 = DIRECTION('',(1.,0.,-0.));
#214 = DEFINITIONAL_REPRESENTATION('',(#215),#219);
#215 = LINE('',#216,#217);
#216 = CARTESIAN_POINT('',(0.3359375,0.3359375));
#217 = VECTOR('',#218,1.);
#218 = DIRECTION('',(-1.,0.));
#219 = ( GEOMETRIC_REPRESENTATION_CONTEXT(2) 
PARAMETRIC_REPRESENTATION_CONTEXT() REPRESENTATION_CONTEXT('2D SPACE',''
  ) );
#220 = FACE_BOUND('',#221,.F.);
#221 = EDGE_LOOP('',(#222));
#222 = ORIENTED_EDGE('',*,*,#21,.F.);
#223 = ADVANCED_FACE('',(#224,#227),#93,.T.);
#224 = FACE_BOUND('',#225,.T.);
#225 = EDGE_LOOP('',(#226));
#226 = ORIENTED_EDGE('',*,*,#78,.T.);
#227 = FACE_BOUND('',#228,.T.);
#228 = EDGE_LOOP('',(#229,#260,#293));
#229 = ORIENTED_EDGE('',*,*,#230,.F.);
#230 = EDGE_CURVE('',#231,#233,#235,.T.);
#231 = VERTEX_POINT('',#232);
#232 = CARTESIAN_POINT('',(4.77873844239E-02,0.375,0.204583785698));
#233 = VERTEX_POINT('',#234);
#234 = CARTESIAN_POINT('',(4.77873844239E-02,0.375,0.123541214302));
#235 = SURFACE_CURVE('',#236,(#241,#248),.PCURVE_S1.);
#236 = CIRCLE('',#237,6.085526315789E-02);
#237 = AXIS2_PLACEMENT_3D('',#238,#239,#240);
#238 = CARTESIAN_POINT('',(2.384868421053E-03,0.375,0.1640625));
#239 = DIRECTION('',(6.123233995737E-17,1.,6.123233995737E-17));
#240 = DIRECTION('',(0.,-6.123233995737E-17,1.));
#241 = PCURVE('',#93,#242);
#242 = DEFINITIONAL_REPRESENTATION('',(#243),#247);
#243 = CIRCLE('',#244,6.085526315789E-02);
#244 = AXIS2_PLACEMENT_2D('',#245,#246);
#245 = CARTESIAN_POINT('',(0.146052631579,8.94314438851E-18));
#246 = DIRECTION('',(-6.123233995737E-17,1.));
#247 = ( GEOMETRIC_REPRESENTATION_CONTEXT(2) 
PARAMETRIC_REPRESENTATION_CONTEXT() REPRESENTATION_CONTEXT('2D SPACE',''
  ) );
#248 = PCURVE('',#249,#254);
#249 = CYLINDRICAL_SURFACE('',#250,6.085526315789E-02);
#250 = AXIS2_PLACEMENT_3D('',#251,#252,#253);
#251 = CARTESIAN_POINT('',(2.384868421053E-03,0.1640625,0.1640625));
#252 = DIRECTION('',(-6.123233995737E-17,-1.,-6.123233995737E-17));
#253 = DIRECTION('',(0.,-6.123233995737E-17,1.));
#254 = DEFINITIONAL_REPRESENTATION('',(#255),#259);
#255 = LINE('',#256,#257);
#256 = CARTESIAN_POINT('',(-0.,-0.2109375));
#257 = VECTOR('',#258,1.);
#258 = DIRECTION('',(-1.,0.));
#259 = ( GEOMETRIC_REPRESENTATION_CONTEXT(2) 
PARAMETRIC_REPRESENTATION_CONTEXT() REPRESENTATION_CONTEXT('2D SPACE',''
  ) );
#260 = ORIENTED_EDGE('',*,*,#261,.T.);
#261 = EDGE_CURVE('',#231,#262,#264,.T.);
#262 = VERTEX_POINT('',#263);
#263 = CARTESIAN_POINT('',(-6.578947368421E-04,0.375,0.227220394737));
#264 = SURFACE_CURVE('',#265,(#270,#281),.PCURVE_S1.);
#265 = CIRCLE('',#266,6.315789473684E-02);
#266 = AXIS2_PLACEMENT_3D('',#267,#268,#269);
#267 = CARTESIAN_POINT('',(-6.578947368421E-04,0.375,0.1640625));
#268 = DIRECTION('',(-6.123233995737E-17,-1.,-6.123233995737E-17));
#269 = DIRECTION('',(0.,-6.123233995737E-17,1.));
#270 = PCURVE('',#93,#271);
#271 = DEFINITIONAL_REPRESENTATION('',(#272),#280);
#272 = ( BOUNDED_CURVE() B_SPLINE_CURVE(2,(#273,#274,#275,#276,#277,#278
,#279),.UNSPECIFIED.,.T.,.F.) B_SPLINE_CURVE_WITH_KNOTS((1,2,2,2,2,1),(
    -2.094395102393,0.,2.094395102393,4.188790204786,6.28318530718,
8.377580409573),.UNSPECIFIED.) CURVE() GEOMETRIC_REPRESENTATION_ITEM() 
RATIONAL_B_SPLINE_CURVE((1.,0.5,1.,0.5,1.,0.5,1.)) REPRESENTATION_ITEM(
  '') );
#273 = CARTESIAN_POINT('',(0.149095394737,6.315789473684E-02));
#274 = CARTESIAN_POINT('',(0.25848807732,6.315789473684E-02));
#275 = CARTESIAN_POINT('',(0.203791736028,-3.157894736842E-02));
#276 = CARTESIAN_POINT('',(0.149095394737,-0.126315789474));
#277 = CARTESIAN_POINT('',(9.439905344519E-02,-3.157894736842E-02));
#278 = CARTESIAN_POINT('',(3.970271215354E-02,6.315789473684E-02));
#279 = CARTESIAN_POINT('',(0.149095394737,6.315789473684E-02));
#280 = ( GEOMETRIC_REPRESENTATION_CONTEXT(2) 
PARAMETRIC_REPRESENTATION_CONTEXT() REPRESENTATION_CONTEXT('2D SPACE',''
  ) );
#281 = PCURVE('',#282,#287);
#282 = CYLINDRICAL_SURFACE('',#283,6.315789473684E-02);
#283 = AXIS2_PLACEMENT_3D('',#284,#285,#286);
#284 = CARTESIAN_POINT('',(-6.578947368421E-04,0.1640625,0.1640625));
#285 = DIRECTION('',(-6.123233995737E-17,-1.,-6.123233995737E-17));
#286 = DIRECTION('',(0.,-6.123233995737E-17,1.));
#287 = DEFINITIONAL_REPRESENTATION('',(#288),#292);
#288 = LINE('',#289,#290);
#289 = CARTESIAN_POINT('',(-6.28318530718,-0.2109375));
#290 = VECTOR('',#291,1.);
#291 = DIRECTION('',(1.,-0.));
#292 = ( GEOMETRIC_REPRESENTATION_CONTEXT(2) 
PARAMETRIC_REPRESENTATION_CONTEXT() REPRESENTATION_CONTEXT('2D SPACE',''
  ) );
#293 = ORIENTED_EDGE('',*,*,#294,.T.);
#294 = EDGE_CURVE('',#262,#233,#295,.T.);
#295 = SURFACE_CURVE('',#296,(#301,#312),.PCURVE_S1.);
#296 = CIRCLE('',#297,6.315789473684E-02);
#297 = AXIS2_PLACEMENT_3D('',#298,#299,#300);
#298 = CARTESIAN_POINT('',(-6.578947368421E-04,0.375,0.1640625));
#299 = DIRECTION('',(-6.123233995737E-17,-1.,-6.123233995737E-17));
#300 = DIRECTION('',(0.,-6.123233995737E-17,1.));
#301 = PCURVE('',#93,#302);
#302 = DEFINITIONAL_REPRESENTATION('',(#303),#311);
#303 = ( BOUNDED_CURVE() B_SPLINE_CURVE(2,(#304,#305,#306,#307,#308,#309
,#310),.UNSPECIFIED.,.T.,.F.) B_SPLINE_CURVE_WITH_KNOTS((1,2,2,2,2,1),(
    -2.094395102393,0.,2.094395102393,4.188790204786,6.28318530718,
8.377580409573),.UNSPECIFIED.) CURVE() GEOMETRIC_REPRESENTATION_ITEM() 
RATIONAL_B_SPLINE_CURVE((1.,0.5,1.,0.5,1.,0.5,1.)) REPRESENTATION_ITEM(
  '') );
#304 = CARTESIAN_POINT('',(0.149095394737,6.315789473684E-02));
#305 = CARTESIAN_POINT('',(0.25848807732,6.315789473684E-02));
#306 = CARTESIAN_POINT('',(0.203791736028,-3.157894736842E-02));
#307 = CARTESIAN_POINT('',(0.149095394737,-0.126315789474));
#308 = CARTESIAN_POINT('',(9.439905344519E-02,-3.157894736842E-02));
#309 = CARTESIAN_POINT('',(3.970271215354E-02,6.315789473684E-02));
#310 = CARTESIAN_POINT('',(0.149095394737,6.315789473684E-02));
#311 = ( GEOMETRIC_REPRESENTATION_CONTEXT(2) 
PARAMETRIC_REPRESENTATION_CONTEXT() REPRESENTATION_CONTEXT('2D SPACE',''
  ) );
#312 = PCURVE('',#282,#313);
#313 = DEFINITIONAL_REPRESENTATION('',(#314),#318);
#314 = LINE('',#315,#316);
#315 = CARTESIAN_POINT('',(-6.28318530718,-0.2109375));
#316 = VECTOR('',#317,1.);
#317 = DIRECTION('',(1.,-0.));
#318 = ( GEOMETRIC_REPRESENTATION_CONTEXT(2) 
PARAMETRIC_REPRESENTATION_CONTEXT() REPRESENTATION_CONTEXT('2D SPACE',''
  ) );
#319 = ADVANCED_FACE('',(#320,#395),#127,.F.);
#320 = FACE_BOUND('',#321,.F.);
#321 = EDGE_LOOP('',(#322,#352,#373,#374));
#322 = ORIENTED_EDGE('',*,*,#323,.T.);
#323 = EDGE_CURVE('',#324,#326,#328,.T.);
#324 = VERTEX_POINT('',#325);
#325 = CARTESIAN_POINT('',(0.171875,-0.1640625,0.));
#326 = VERTEX_POINT('',#327);
#327 = CARTESIAN_POINT('',(0.171875,-0.1640625,0.3359375));
#328 = SURFACE_CURVE('',#329,(#333,#340),.PCURVE_S1.);
#329 = LINE('',#330,#331);
#330 = CARTESIAN_POINT('',(0.171875,-0.1640625,0.));
#331 = VECTOR('',#332,1.);
#332 = DIRECTION('',(0.,0.,1.));
#333 = PCURVE('',#127,#334);
#334 = DEFINITIONAL_REPRESENTATION('',(#335),#339);
#335 = LINE('',#336,#337);
#336 = CARTESIAN_POINT('',(0.,0.));
#337 = VECTOR('',#338,1.);
#338 = DIRECTION('',(0.,-1.));
#339 = ( GEOMETRIC_REPRESENTATION_CONTEXT(2) 
PARAMETRIC_REPRESENTATION_CONTEXT() REPRESENTATION_CONTEXT('2D SPACE',''
  ) );
#340 = PCURVE('',#341,#346);
#341 = PLANE('',#342);
#342 = AXIS2_PLACEMENT_3D('',#343,#344,#345);
#343 = CARTESIAN_POINT('',(-0.1640625,-0.1640625,0.));
#344 = DIRECTION('',(0.,1.,0.));
#345 = DIRECTION('',(1.,0.,0.));
#346 = DEFINITIONAL_REPRESENTATION('',(#347),#351);
#347 = LINE('',#348,#349);
#348 = CARTESIAN_POINT('',(0.3359375,0.));
#349 = VECTOR('',#350,1.);
#350 = DIRECTION('',(0.,-1.));
#351 = ( GEOMETRIC_REPRESENTATION_CONTEXT(2) 
PARAMETRIC_REPRESENTATION_CONTEXT() REPRESENTATION_CONTEXT('2D SPACE',''
  ) );
#352 = ORIENTED_EDGE('',*,*,#353,.T.);
#353 = EDGE_CURVE('',#326,#112,#354,.T.);
#354 = SURFACE_CURVE('',#355,(#359,#366),.PCURVE_S1.);
#355 = LINE('',#356,#357);
#356 = CARTESIAN_POINT('',(0.171875,-0.1640625,0.3359375));
#357 = VECTOR('',#358,1.);
#358 = DIRECTION('',(0.,1.,0.));
#359 = PCURVE('',#127,#360);
#360 = DEFINITIONAL_REPRESENTATION('',(#361),#365);
#361 = LINE('',#362,#363);
#362 = CARTESIAN_POINT('',(0.,-0.3359375));
#363 = VECTOR('',#364,1.);
#364 = DIRECTION('',(1.,0.));
#365 = ( GEOMETRIC_REPRESENTATION_CONTEXT(2) 
PARAMETRIC_REPRESENTATION_CONTEXT() REPRESENTATION_CONTEXT('2D SPACE',''
  ) );
#366 = PCURVE('',#155,#367);
#367 = DEFINITIONAL_REPRESENTATION('',(#368),#372);
#368 = LINE('',#369,#370);
#369 = CARTESIAN_POINT('',(0.3359375,0.));
#370 = VECTOR('',#371,1.);
#371 = DIRECTION('',(0.,1.));
#372 = ( GEOMETRIC_REPRESENTATION_CONTEXT(2) 
PARAMETRIC_REPRESENTATION_CONTEXT() REPRESENTATION_CONTEXT('2D SPACE',''
  ) );
#373 = ORIENTED_EDGE('',*,*,#109,.F.);
#374 = ORIENTED_EDGE('',*,*,#375,.F.);
#375 = EDGE_CURVE('',#324,#110,#376,.T.);
#376 = SURFACE_CURVE('',#377,(#381,#388),.PCURVE_S1.);
#377 = LINE('',#378,#379);
#378 = CARTESIAN_POINT('',(0.171875,-0.1640625,0.));
#379 = VECTOR('',#380,1.);
#380 = DIRECTION('',(0.,1.,0.));
#381 = PCURVE('',#127,#382);
#382 = DEFINITIONAL_REPRESENTATION('',(#383),#387);
#383 = LINE('',#384,#385);
#384 = CARTESIAN_POINT('',(0.,0.));
#385 = VECTOR('',#386,1.);
#386 = DIRECTION('',(1.,0.));
#387 = ( GEOMETRIC_REPRESENTATION_CONTEXT(2) 
PARAMETRIC_REPRESENTATION_CONTEXT() REPRESENTATION_CONTEXT('2D SPACE',''
  ) );
#388 = PCURVE('',#209,#389);
#389 = DEFINITIONAL_REPRESENTATION('',(#390),#394);
#390 = LINE('',#391,#392);
#391 = CARTESIAN_POINT('',(0.3359375,0.));
#392 = VECTOR('',#393,1.);
#393 = DIRECTION('',(0.,1.));
#394 = ( GEOMETRIC_REPRESENTATION_CONTEXT(2) 
PARAMETRIC_REPRESENTATION_CONTEXT() REPRESENTATION_CONTEXT('2D SPACE',''
  ) );
#395 = FACE_BOUND('',#396,.F.);
#396 = EDGE_LOOP('',(#397));
#397 = ORIENTED_EDGE('',*,*,#398,.F.);
#398 = EDGE_CURVE('',#399,#399,#401,.T.);
#399 = VERTEX_POINT('',#400);
#400 = CARTESIAN_POINT('',(0.171875,5.016447368421E-03,0.270641447368));
#401 = SURFACE_CURVE('',#402,(#407,#414),.PCURVE_S1.);
#402 = CIRCLE('',#403,0.106578947368);
#403 = AXIS2_PLACEMENT_3D('',#404,#405,#406);
#404 = CARTESIAN_POINT('',(0.171875,5.016447368421E-03,0.1640625));
#405 = DIRECTION('',(-1.,0.,-6.123233995737E-17));
#406 = DIRECTION('',(-6.123233995737E-17,0.,1.));
#407 = PCURVE('',#127,#408);
#408 = DEFINITIONAL_REPRESENTATION('',(#409),#413);
#409 = CIRCLE('',#410,0.106578947368);
#410 = AXIS2_PLACEMENT_2D('',#411,#412);
#411 = CARTESIAN_POINT('',(0.169078947368,-0.1640625));
#412 = DIRECTION('',(0.,-1.));
#413 = ( GEOMETRIC_REPRESENTATION_CONTEXT(2) 
PARAMETRIC_REPRESENTATION_CONTEXT() REPRESENTATION_CONTEXT('2D SPACE',''
  ) );
#414 = PCURVE('',#415,#420);
#415 = CYLINDRICAL_SURFACE('',#416,0.106578947368);
#416 = AXIS2_PLACEMENT_3D('',#417,#418,#419);
#417 = CARTESIAN_POINT('',(0.1640625,5.016447368421E-03,0.1640625));
#418 = DIRECTION('',(-1.,-0.,-6.123233995737E-17));
#419 = DIRECTION('',(-6.123233995737E-17,0.,1.));
#420 = DEFINITIONAL_REPRESENTATION('',(#421),#425);
#421 = LINE('',#422,#423);
#422 = CARTESIAN_POINT('',(-6.28318530718,-7.8125E-03));
#423 = VECTOR('',#424,1.);
#424 = DIRECTION('',(1.,-0.));
#425 = ( GEOMETRIC_REPRESENTATION_CONTEXT(2) 
PARAMETRIC_REPRESENTATION_CONTEXT() REPRESENTATION_CONTEXT('2D SPACE',''
  ) );
#426 = ADVANCED_FACE('',(#427,#475),#209,.F.);
#427 = FACE_BOUND('',#428,.F.);
#428 = EDGE_LOOP('',(#429,#452,#453,#454));
#429 = ORIENTED_EDGE('',*,*,#430,.T.);
#430 = EDGE_CURVE('',#431,#324,#433,.T.);
#431 = VERTEX_POINT('',#432);
#432 = CARTESIAN_POINT('',(-0.1640625,-0.1640625,0.));
#433 = SURFACE_CURVE('',#434,(#438,#445),.PCURVE_S1.);
#434 = LINE('',#435,#436);
#435 = CARTESIAN_POINT('',(-0.1640625,-0.1640625,0.));
#436 = VECTOR('',#437,1.);
#437 = DIRECTION('',(1.,0.,0.));
#438 = PCURVE('',#209,#439);
#439 = DEFINITIONAL_REPRESENTATION('',(#440),#444);
#440 = LINE('',#441,#442);
#441 = CARTESIAN_POINT('',(0.,0.));
#442 = VECTOR('',#443,1.);
#443 = DIRECTION('',(1.,0.));
#444 = ( GEOMETRIC_REPRESENTATION_CONTEXT(2) 
PARAMETRIC_REPRESENTATION_CONTEXT() REPRESENTATION_CONTEXT('2D SPACE',''
  ) );
#445 = PCURVE('',#341,#446);
#446 = DEFINITIONAL_REPRESENTATION('',(#447),#451);
#447 = LINE('',#448,#449);
#448 = CARTESIAN_POINT('',(0.,0.));
#449 = VECTOR('',#450,1.);
#450 = DIRECTION('',(1.,0.));
#451 = ( GEOMETRIC_REPRESENTATION_CONTEXT(2) 
PARAMETRIC_REPRESENTATION_CONTEXT() REPRESENTATION_CONTEXT('2D SPACE',''
  ) );
#452 = ORIENTED_EDGE('',*,*,#375,.T.);
#453 = ORIENTED_EDGE('',*,*,#195,.T.);
#454 = ORIENTED_EDGE('',*,*,#455,.T.);
#455 = EDGE_CURVE('',#168,#431,#456,.T.);
#456 = SURFACE_CURVE('',#457,(#461,#468),.PCURVE_S1.);
#457 = LINE('',#458,#459);
#458 = CARTESIAN_POINT('',(-0.1640625,0.171875,0.));
#459 = VECTOR('',#460,1.);
#460 = DIRECTION('',(0.,-1.,0.));
#461 = PCURVE('',#209,#462);
#462 = DEFINITIONAL_REPRESENTATION('',(#463),#467);
#463 = LINE('',#464,#465);
#464 = CARTESIAN_POINT('',(0.,0.3359375));
#465 = VECTOR('',#466,1.);
#466 = DIRECTION('',(0.,-1.));
#467 = ( GEOMETRIC_REPRESENTATION_CONTEXT(2) 
PARAMETRIC_REPRESENTATION_CONTEXT() REPRESENTATION_CONTEXT('2D SPACE',''
  ) );
#468 = PCURVE('',#183,#469);
#469 = DEFINITIONAL_REPRESENTATION('',(#470),#474);
#470 = LINE('',#471,#472);
#471 = CARTESIAN_POINT('',(0.,0.));
#472 = VECTOR('',#473,1.);
#473 = DIRECTION('',(1.,0.));
#474 = ( GEOMETRIC_REPRESENTATION_CONTEXT(2) 
PARAMETRIC_REPRESENTATION_CONTEXT() REPRESENTATION_CONTEXT('2D SPACE',''
  ) );
#475 = FACE_BOUND('',#476,.F.);
#476 = EDGE_LOOP('',(#477));
#477 = ORIENTED_EDGE('',*,*,#478,.F.);
#478 = EDGE_CURVE('',#479,#479,#481,.T.);
#479 = VERTEX_POINT('',#480);
#480 = CARTESIAN_POINT('',(7.985197368421E-02,0.,0.));
#481 = SURFACE_CURVE('',#482,(#487,#494),.PCURVE_S1.);
#482 = CIRCLE('',#483,8.289473684211E-02);
#483 = AXIS2_PLACEMENT_3D('',#484,#485,#486);
#484 = CARTESIAN_POINT('',(-3.042763157895E-03,0.,0.));
#485 = DIRECTION('',(0.,0.,1.));
#486 = DIRECTION('',(1.,0.,-0.));
#487 = PCURVE('',#209,#488);
#488 = DEFINITIONAL_REPRESENTATION('',(#489),#493);
#489 = CIRCLE('',#490,8.289473684211E-02);
#490 = AXIS2_PLACEMENT_2D('',#491,#492);
#491 = CARTESIAN_POINT('',(0.161019736842,0.1640625));
#492 = DIRECTION('',(1.,0.));
#493 = ( GEOMETRIC_REPRESENTATION_CONTEXT(2) 
PARAMETRIC_REPRESENTATION_CONTEXT() REPRESENTATION_CONTEXT('2D SPACE',''
  ) );
#494 = PCURVE('',#495,#500);
#495 = CYLINDRICAL_SURFACE('',#496,8.289473684211E-02);
#496 = AXIS2_PLACEMENT_3D('',#497,#498,#499);
#497 = CARTESIAN_POINT('',(-3.042763157895E-03,0.,0.3359375));
#498 = DIRECTION('',(0.,0.,1.));
#499 = DIRECTION('',(1.,0.,-0.));
#500 = DEFINITIONAL_REPRESENTATION('',(#501),#505);
#501 = LINE('',#502,#503);
#502 = CARTESIAN_POINT('',(0.,-0.3359375));
#503 = VECTOR('',#504,1.);
#504 = DIRECTION('',(1.,0.));
#505 = ( GEOMETRIC_REPRESENTATION_CONTEXT(2) 
PARAMETRIC_REPRESENTATION_CONTEXT() REPRESENTATION_CONTEXT('2D SPACE',''
  ) );
#506 = ADVANCED_FACE('',(#507,#555),#155,.T.);
#507 = FACE_BOUND('',#508,.T.);
#508 = EDGE_LOOP('',(#509,#532,#533,#534));
#509 = ORIENTED_EDGE('',*,*,#510,.T.);
#510 = EDGE_CURVE('',#511,#326,#513,.T.);
#511 = VERTEX_POINT('',#512);
#512 = CARTESIAN_POINT('',(-0.1640625,-0.1640625,0.3359375));
#513 = SURFACE_CURVE('',#514,(#518,#525),.PCURVE_S1.);
#514 = LINE('',#515,#516);
#515 = CARTESIAN_POINT('',(-0.1640625,-0.1640625,0.3359375));
#516 = VECTOR('',#517,1.);
#517 = DIRECTION('',(1.,0.,0.));
#518 = PCURVE('',#155,#519);
#519 = DEFINITIONAL_REPRESENTATION('',(#520),#524);
#520 = LINE('',#521,#522);
#521 = CARTESIAN_POINT('',(0.,0.));
#522 = VECTOR('',#523,1.);
#523 = DIRECTION('',(1.,0.));
#524 = ( GEOMETRIC_REPRESENTATION_CONTEXT(2) 
PARAMETRIC_REPRESENTATION_CONTEXT() REPRESENTATION_CONTEXT('2D SPACE',''
  ) );
#525 = PCURVE('',#341,#526);
#526 = DEFINITIONAL_REPRESENTATION('',(#527),#531);
#527 = LINE('',#528,#529);
#528 = CARTESIAN_POINT('',(0.,-0.3359375));
#529 = VECTOR('',#530,1.);
#530 = DIRECTION('',(1.,0.));
#531 = ( GEOMETRIC_REPRESENTATION_CONTEXT(2) 
PARAMETRIC_REPRESENTATION_CONTEXT() REPRESENTATION_CONTEXT('2D SPACE',''
  ) );
#532 = ORIENTED_EDGE('',*,*,#353,.T.);
#533 = ORIENTED_EDGE('',*,*,#139,.T.);
#534 = ORIENTED_EDGE('',*,*,#535,.T.);
#535 = EDGE_CURVE('',#140,#511,#536,.T.);
#536 = SURFACE_CURVE('',#537,(#541,#548),.PCURVE_S1.);
#537 = LINE('',#538,#539);
#538 = CARTESIAN_POINT('',(-0.1640625,0.171875,0.3359375));
#539 = VECTOR('',#540,1.);
#540 = DIRECTION('',(0.,-1.,0.));
#541 = PCURVE('',#155,#542);
#542 = DEFINITIONAL_REPRESENTATION('',(#543),#547);
#543 = LINE('',#544,#545);
#544 = CARTESIAN_POINT('',(0.,0.3359375));
#545 = VECTOR('',#546,1.);
#546 = DIRECTION('',(0.,-1.));
#547 = ( GEOMETRIC_REPRESENTATION_CONTEXT(2) 
PARAMETRIC_REPRESENTATION_CONTEXT() REPRESENTATION_CONTEXT('2D SPACE',''
  ) );
#548 = PCURVE('',#183,#549);
#549 = DEFINITIONAL_REPRESENTATION('',(#550),#554);
#550 = LINE('',#551,#552);
#551 = CARTESIAN_POINT('',(0.,-0.3359375));
#552 = VECTOR('',#553,1.);
#553 = DIRECTION('',(1.,0.));
#554 = ( GEOMETRIC_REPRESENTATION_CONTEXT(2) 
PARAMETRIC_REPRESENTATION_CONTEXT() REPRESENTATION_CONTEXT('2D SPACE',''
  ) );
#555 = FACE_BOUND('',#556,.T.);
#556 = EDGE_LOOP('',(#557));
#557 = ORIENTED_EDGE('',*,*,#558,.F.);
#558 = EDGE_CURVE('',#559,#559,#561,.T.);
#559 = VERTEX_POINT('',#560);
#560 = CARTESIAN_POINT('',(0.143667763158,0.,0.3359375));
#561 = SURFACE_CURVE('',#562,(#567,#574),.PCURVE_S1.);
#562 = CIRCLE('',#563,0.146052631579);
#563 = AXIS2_PLACEMENT_3D('',#564,#565,#566);
#564 = CARTESIAN_POINT('',(-2.384868421053E-03,0.,0.3359375));
#565 = DIRECTION('',(0.,0.,1.));
#566 = DIRECTION('',(1.,0.,-0.));
#567 = PCURVE('',#155,#568);
#568 = DEFINITIONAL_REPRESENTATION('',(#569),#573);
#569 = CIRCLE('',#570,0.146052631579);
#570 = AXIS2_PLACEMENT_2D('',#571,#572);
#571 = CARTESIAN_POINT('',(0.161677631579,0.1640625));
#572 = DIRECTION('',(1.,0.));
#573 = ( GEOMETRIC_REPRESENTATION_CONTEXT(2) 
PARAMETRIC_REPRESENTATION_CONTEXT() REPRESENTATION_CONTEXT('2D SPACE',''
  ) );
#574 = PCURVE('',#575,#580);
#575 = CYLINDRICAL_SURFACE('',#576,0.146052631579);
#576 = AXIS2_PLACEMENT_3D('',#577,#578,#579);
#577 = CARTESIAN_POINT('',(-2.384868421053E-03,0.,0.3359375));
#578 = DIRECTION('',(-0.,-0.,-1.));
#579 = DIRECTION('',(1.,0.,-0.));
#580 = DEFINITIONAL_REPRESENTATION('',(#581),#585);
#581 = LINE('',#582,#583);
#582 = CARTESIAN_POINT('',(-0.,0.));
#583 = VECTOR('',#584,1.);
#584 = DIRECTION('',(-1.,0.));
#585 = ( GEOMETRIC_REPRESENTATION_CONTEXT(2) 
PARAMETRIC_REPRESENTATION_CONTEXT() REPRESENTATION_CONTEXT('2D SPACE',''
  ) );
#586 = ADVANCED_FACE('',(#587,#613),#183,.F.);
#587 = FACE_BOUND('',#588,.F.);
#588 = EDGE_LOOP('',(#589,#590,#591,#612));
#589 = ORIENTED_EDGE('',*,*,#167,.T.);
#590 = ORIENTED_EDGE('',*,*,#535,.T.);
#591 = ORIENTED_EDGE('',*,*,#592,.F.);
#592 = EDGE_CURVE('',#431,#511,#593,.T.);
#593 = SURFACE_CURVE('',#594,(#598,#605),.PCURVE_S1.);
#594 = LINE('',#595,#596);
#595 = CARTESIAN_POINT('',(-0.1640625,-0.1640625,0.));
#596 = VECTOR('',#597,1.);
#597 = DIRECTION('',(0.,0.,1.));
#598 = PCURVE('',#183,#599);
#599 = DEFINITIONAL_REPRESENTATION('',(#600),#604);
#600 = LINE('',#601,#602);
#601 = CARTESIAN_POINT('',(0.3359375,0.));
#602 = VECTOR('',#603,1.);
#603 = DIRECTION('',(0.,-1.));
#604 = ( GEOMETRIC_REPRESENTATION_CONTEXT(2) 
PARAMETRIC_REPRESENTATION_CONTEXT() REPRESENTATION_CONTEXT('2D SPACE',''
  ) );
#605 = PCURVE('',#341,#606);
#606 = DEFINITIONAL_REPRESENTATION('',(#607),#611);
#607 = LINE('',#608,#609);
#608 = CARTESIAN_POINT('',(0.,0.));
#609 = VECTOR('',#610,1.);
#610 = DIRECTION('',(0.,-1.));
#611 = ( GEOMETRIC_REPRESENTATION_CONTEXT(2) 
PARAMETRIC_REPRESENTATION_CONTEXT() REPRESENTATION_CONTEXT('2D SPACE',''
  ) );
#612 = ORIENTED_EDGE('',*,*,#455,.F.);
#613 = FACE_BOUND('',#614,.F.);
#614 = EDGE_LOOP('',(#615));
#615 = ORIENTED_EDGE('',*,*,#616,.F.);
#616 = EDGE_CURVE('',#617,#617,#619,.T.);
#617 = VERTEX_POINT('',#618);
#618 = CARTESIAN_POINT('',(-0.1640625,6.578947368421E-04,0.227220394737)
  );
#619 = SURFACE_CURVE('',#620,(#625,#632),.PCURVE_S1.);
#620 = CIRCLE('',#621,6.315789473684E-02);
#621 = AXIS2_PLACEMENT_3D('',#622,#623,#624);
#622 = CARTESIAN_POINT('',(-0.1640625,6.578947368421E-04,0.1640625));
#623 = DIRECTION('',(1.,0.,6.123233995737E-17));
#624 = DIRECTION('',(-6.123233995737E-17,0.,1.));
#625 = PCURVE('',#183,#626);
#626 = DEFINITIONAL_REPRESENTATION('',(#627),#631);
#627 = CIRCLE('',#628,6.315789473684E-02);
#628 = AXIS2_PLACEMENT_2D('',#629,#630);
#629 = CARTESIAN_POINT('',(0.171217105263,-0.1640625));
#630 = DIRECTION('',(0.,-1.));
#631 = ( GEOMETRIC_REPRESENTATION_CONTEXT(2) 
PARAMETRIC_REPRESENTATION_CONTEXT() REPRESENTATION_CONTEXT('2D SPACE',''
  ) );
#632 = PCURVE('',#633,#638);
#633 = CYLINDRICAL_SURFACE('',#634,6.315789473684E-02);
#634 = AXIS2_PLACEMENT_3D('',#635,#636,#637);
#635 = CARTESIAN_POINT('',(0.1640625,6.578947368421E-04,0.1640625));
#636 = DIRECTION('',(1.,0.,6.123233995737E-17));
#637 = DIRECTION('',(-6.123233995737E-17,0.,1.));
#638 = DEFINITIONAL_REPRESENTATION('',(#639),#643);
#639 = LINE('',#640,#641);
#640 = CARTESIAN_POINT('',(0.,-0.328125));
#641 = VECTOR('',#642,1.);
#642 = DIRECTION('',(1.,0.));
#643 = ( GEOMETRIC_REPRESENTATION_CONTEXT(2) 
PARAMETRIC_REPRESENTATION_CONTEXT() REPRESENTATION_CONTEXT('2D SPACE',''
  ) );
#644 = ADVANCED_FACE('',(#645),#249,.F.);
#645 = FACE_BOUND('',#646,.T.);
#646 = EDGE_LOOP('',(#647,#668,#669,#690));
#647 = ORIENTED_EDGE('',*,*,#648,.F.);
#648 = EDGE_CURVE('',#231,#649,#651,.T.);
#649 = VERTEX_POINT('',#650);
#650 = CARTESIAN_POINT('',(4.77873844239E-02,0.171875,0.204583785698));
#651 = SURFACE_CURVE('',#652,(#656,#662),.PCURVE_S1.);
#652 = LINE('',#653,#654);
#653 = CARTESIAN_POINT('',(4.77873844239E-02,0.1640625,0.204583785698));
#654 = VECTOR('',#655,1.);
#655 = DIRECTION('',(-6.123233995737E-17,-1.,-6.123233995737E-17));
#656 = PCURVE('',#249,#657);
#657 = DEFINITIONAL_REPRESENTATION('',(#658),#661);
#658 = B_SPLINE_CURVE_WITH_KNOTS('',1,(#659,#660),.UNSPECIFIED.,.F.,.F.,
  (2,2),(-0.2109381,-7.8119E-03),.PIECEWISE_BEZIER_KNOTS.);
#659 = CARTESIAN_POINT('',(-0.842145995557,-0.2109381));
#660 = CARTESIAN_POINT('',(-0.842145995557,-7.8119E-03));
#661 = ( GEOMETRIC_REPRESENTATION_CONTEXT(2) 
PARAMETRIC_REPRESENTATION_CONTEXT() REPRESENTATION_CONTEXT('2D SPACE',''
  ) );
#662 = PCURVE('',#282,#663);
#663 = DEFINITIONAL_REPRESENTATION('',(#664),#667);
#664 = B_SPLINE_CURVE_WITH_KNOTS('',1,(#665,#666),.UNSPECIFIED.,.F.,.F.,
  (2,2),(-0.2109381,-7.8119E-03),.PIECEWISE_BEZIER_KNOTS.);
#665 = CARTESIAN_POINT('',(-0.874230851346,-0.2109381));
#666 = CARTESIAN_POINT('',(-0.874230851346,-7.8119E-03));
#667 = ( GEOMETRIC_REPRESENTATION_CONTEXT(2) 
PARAMETRIC_REPRESENTATION_CONTEXT() REPRESENTATION_CONTEXT('2D SPACE',''
  ) );
#668 = ORIENTED_EDGE('',*,*,#230,.T.);
#669 = ORIENTED_EDGE('',*,*,#670,.T.);
#670 = EDGE_CURVE('',#233,#671,#673,.T.);
#671 = VERTEX_POINT('',#672);
#672 = CARTESIAN_POINT('',(4.77873844239E-02,0.171875,0.123541214302));
#673 = SURFACE_CURVE('',#674,(#678,#684),.PCURVE_S1.);
#674 = LINE('',#675,#676);
#675 = CARTESIAN_POINT('',(4.77873844239E-02,0.1640625,0.123541214302));
#676 = VECTOR('',#677,1.);
#677 = DIRECTION('',(-6.123233995737E-17,-1.,-6.123233995737E-17));
#678 = PCURVE('',#249,#679);
#679 = DEFINITIONAL_REPRESENTATION('',(#680),#683);
#680 = B_SPLINE_CURVE_WITH_KNOTS('',1,(#681,#682),.UNSPECIFIED.,.F.,.F.,
  (2,2),(-0.2109381,-7.8119E-03),.PIECEWISE_BEZIER_KNOTS.);
#681 = CARTESIAN_POINT('',(-2.299446658033,-0.2109381));
#682 = CARTESIAN_POINT('',(-2.299446658033,-7.8119E-03));
#683 = ( GEOMETRIC_REPRESENTATION_CONTEXT(2) 
PARAMETRIC_REPRESENTATION_CONTEXT() REPRESENTATION_CONTEXT('2D SPACE',''
  ) );
#684 = PCURVE('',#282,#685);
#685 = DEFINITIONAL_REPRESENTATION('',(#686),#689);
#686 = B_SPLINE_CURVE_WITH_KNOTS('',1,(#687,#688),.UNSPECIFIED.,.F.,.F.,
  (2,2),(-0.2109381,-7.8119E-03),.PIECEWISE_BEZIER_KNOTS.);
#687 = CARTESIAN_POINT('',(-2.267361802244,-0.2109381));
#688 = CARTESIAN_POINT('',(-2.267361802244,-7.8119E-03));
#689 = ( GEOMETRIC_REPRESENTATION_CONTEXT(2) 
PARAMETRIC_REPRESENTATION_CONTEXT() REPRESENTATION_CONTEXT('2D SPACE',''
  ) );
#690 = ORIENTED_EDGE('',*,*,#691,.T.);
#691 = EDGE_CURVE('',#671,#649,#692,.T.);
#692 = SURFACE_CURVE('',#693,(#698,#705),.PCURVE_S1.);
#693 = CIRCLE('',#694,6.085526315789E-02);
#694 = AXIS2_PLACEMENT_3D('',#695,#696,#697);
#695 = CARTESIAN_POINT('',(2.384868421053E-03,0.171875,0.1640625));
#696 = DIRECTION('',(-6.123233995737E-17,-1.,-6.123233995737E-17));
#697 = DIRECTION('',(0.,-6.123233995737E-17,1.));
#698 = PCURVE('',#249,#699);
#699 = DEFINITIONAL_REPRESENTATION('',(#700),#704);
#700 = LINE('',#701,#702);
#701 = CARTESIAN_POINT('',(-6.28318530718,-7.8125E-03));
#702 = VECTOR('',#703,1.);
#703 = DIRECTION('',(1.,-0.));
#704 = ( GEOMETRIC_REPRESENTATION_CONTEXT(2) 
PARAMETRIC_REPRESENTATION_CONTEXT() REPRESENTATION_CONTEXT('2D SPACE',''
  ) );
#705 = PCURVE('',#706,#711);
#706 = PLANE('',#707);
#707 = AXIS2_PLACEMENT_3D('',#708,#709,#710);
#708 = CARTESIAN_POINT('',(0.171875,0.171875,0.));
#709 = DIRECTION('',(0.,-1.,0.));
#710 = DIRECTION('',(-1.,0.,0.));
#711 = DEFINITIONAL_REPRESENTATION('',(#712),#716);
#712 = CIRCLE('',#713,6.085526315789E-02);
#713 = AXIS2_PLACEMENT_2D('',#714,#715);
#714 = CARTESIAN_POINT('',(0.169490131579,-0.1640625));
#715 = DIRECTION('',(0.,-1.));
#716 = ( GEOMETRIC_REPRESENTATION_CONTEXT(2) 
PARAMETRIC_REPRESENTATION_CONTEXT() REPRESENTATION_CONTEXT('2D SPACE',''
  ) );
#717 = ADVANCED_FACE('',(#718),#282,.T.);
#718 = FACE_BOUND('',#719,.F.);
#719 = EDGE_LOOP('',(#720,#721,#743,#744,#745,#768,#795,#796));
#720 = ORIENTED_EDGE('',*,*,#670,.T.);
#721 = ORIENTED_EDGE('',*,*,#722,.T.);
#722 = EDGE_CURVE('',#671,#649,#723,.T.);
#723 = SURFACE_CURVE('',#724,(#729,#736),.PCURVE_S1.);
#724 = CIRCLE('',#725,6.315789473684E-02);
#725 = AXIS2_PLACEMENT_3D('',#726,#727,#728);
#726 = CARTESIAN_POINT('',(-6.578947368421E-04,0.171875,0.1640625));
#727 = DIRECTION('',(-6.123233995737E-17,-1.,-6.123233995737E-17));
#728 = DIRECTION('',(0.,-6.123233995737E-17,1.));
#729 = PCURVE('',#282,#730);
#730 = DEFINITIONAL_REPRESENTATION('',(#731),#735);
#731 = LINE('',#732,#733);
#732 = CARTESIAN_POINT('',(-6.28318530718,-7.8125E-03));
#733 = VECTOR('',#734,1.);
#734 = DIRECTION('',(1.,-0.));
#735 = ( GEOMETRIC_REPRESENTATION_CONTEXT(2) 
PARAMETRIC_REPRESENTATION_CONTEXT() REPRESENTATION_CONTEXT('2D SPACE',''
  ) );
#736 = PCURVE('',#706,#737);
#737 = DEFINITIONAL_REPRESENTATION('',(#738),#742);
#738 = CIRCLE('',#739,6.315789473684E-02);
#739 = AXIS2_PLACEMENT_2D('',#740,#741);
#740 = CARTESIAN_POINT('',(0.172532894737,-0.1640625));
#741 = DIRECTION('',(0.,-1.));
#742 = ( GEOMETRIC_REPRESENTATION_CONTEXT(2) 
PARAMETRIC_REPRESENTATION_CONTEXT() REPRESENTATION_CONTEXT('2D SPACE',''
  ) );
#743 = ORIENTED_EDGE('',*,*,#648,.F.);
#744 = ORIENTED_EDGE('',*,*,#261,.T.);
#745 = ORIENTED_EDGE('',*,*,#746,.T.);
#746 = EDGE_CURVE('',#262,#747,#749,.T.);
#747 = VERTEX_POINT('',#748);
#748 = CARTESIAN_POINT('',(-6.578947368421E-04,0.5,0.227220394737));
#749 = SEAM_CURVE('',#750,(#754,#761),.PCURVE_S1.);
#750 = LINE('',#751,#752);
#751 = CARTESIAN_POINT('',(-6.578947368421E-04,0.1640625,0.227220394737)
  );
#752 = VECTOR('',#753,1.);
#753 = DIRECTION('',(6.123233995737E-17,1.,6.123233995737E-17));
#754 = PCURVE('',#282,#755);
#755 = DEFINITIONAL_REPRESENTATION('',(#756),#760);
#756 = LINE('',#757,#758);
#757 = CARTESIAN_POINT('',(-6.28318530718,0.));
#758 = VECTOR('',#759,1.);
#759 = DIRECTION('',(-0.,-1.));
#760 = ( GEOMETRIC_REPRESENTATION_CONTEXT(2) 
PARAMETRIC_REPRESENTATION_CONTEXT() REPRESENTATION_CONTEXT('2D SPACE',''
  ) );
#761 = PCURVE('',#282,#762);
#762 = DEFINITIONAL_REPRESENTATION('',(#763),#767);
#763 = LINE('',#764,#765);
#764 = CARTESIAN_POINT('',(-0.,0.));
#765 = VECTOR('',#766,1.);
#766 = DIRECTION('',(-0.,-1.));
#767 = ( GEOMETRIC_REPRESENTATION_CONTEXT(2) 
PARAMETRIC_REPRESENTATION_CONTEXT() REPRESENTATION_CONTEXT('2D SPACE',''
  ) );
#768 = ORIENTED_EDGE('',*,*,#769,.T.);
#769 = EDGE_CURVE('',#747,#747,#770,.T.);
#770 = SURFACE_CURVE('',#771,(#776,#783),.PCURVE_S1.);
#771 = CIRCLE('',#772,6.315789473684E-02);
#772 = AXIS2_PLACEMENT_3D('',#773,#774,#775);
#773 = CARTESIAN_POINT('',(-6.578947368421E-04,0.5,0.1640625));
#774 = DIRECTION('',(6.123233995737E-17,1.,6.123233995737E-17));
#775 = DIRECTION('',(0.,-6.123233995737E-17,1.));
#776 = PCURVE('',#282,#777);
#777 = DEFINITIONAL_REPRESENTATION('',(#778),#782);
#778 = LINE('',#779,#780);
#779 = CARTESIAN_POINT('',(-0.,-0.3359375));
#780 = VECTOR('',#781,1.);
#781 = DIRECTION('',(-1.,0.));
#782 = ( GEOMETRIC_REPRESENTATION_CONTEXT(2) 
PARAMETRIC_REPRESENTATION_CONTEXT() REPRESENTATION_CONTEXT('2D SPACE',''
  ) );
#783 = PCURVE('',#784,#789);
#784 = PLANE('',#785);
#785 = AXIS2_PLACEMENT_3D('',#786,#787,#788);
#786 = CARTESIAN_POINT('',(6.25E-02,0.5,0.1640625));
#787 = DIRECTION('',(6.123233995737E-17,1.,6.123233995737E-17));
#788 = DIRECTION('',(-1.,6.123233995737E-17,-6.123233995737E-17));
#789 = DEFINITIONAL_REPRESENTATION('',(#790),#794);
#790 = CIRCLE('',#791,6.315789473684E-02);
#791 = AXIS2_PLACEMENT_2D('',#792,#793);
#792 = CARTESIAN_POINT('',(6.315789473684E-02,3.867305681518E-18));
#793 = DIRECTION('',(-6.123233995737E-17,1.));
#794 = ( GEOMETRIC_REPRESENTATION_CONTEXT(2) 
PARAMETRIC_REPRESENTATION_CONTEXT() REPRESENTATION_CONTEXT('2D SPACE',''
  ) );
#795 = ORIENTED_EDGE('',*,*,#746,.F.);
#796 = ORIENTED_EDGE('',*,*,#294,.T.);
#797 = ADVANCED_FACE('',(#798),#341,.F.);
#798 = FACE_BOUND('',#799,.F.);
#799 = EDGE_LOOP('',(#800,#801,#802,#803));
#800 = ORIENTED_EDGE('',*,*,#592,.T.);
#801 = ORIENTED_EDGE('',*,*,#510,.T.);
#802 = ORIENTED_EDGE('',*,*,#323,.F.);
#803 = ORIENTED_EDGE('',*,*,#430,.F.);
#804 = ADVANCED_FACE('',(#805),#415,.T.);
#805 = FACE_BOUND('',#806,.F.);
#806 = EDGE_LOOP('',(#807,#808,#831,#858));
#807 = ORIENTED_EDGE('',*,*,#398,.T.);
#808 = ORIENTED_EDGE('',*,*,#809,.T.);
#809 = EDGE_CURVE('',#399,#810,#812,.T.);
#810 = VERTEX_POINT('',#811);
#811 = CARTESIAN_POINT('',(0.75,5.016447368421E-03,0.270641447368));
#812 = SEAM_CURVE('',#813,(#817,#824),.PCURVE_S1.);
#813 = LINE('',#814,#815);
#814 = CARTESIAN_POINT('',(0.1640625,5.016447368421E-03,0.270641447368)
  );
#815 = VECTOR('',#816,1.);
#816 = DIRECTION('',(1.,0.,6.123233995737E-17));
#817 = PCURVE('',#415,#818);
#818 = DEFINITIONAL_REPRESENTATION('',(#819),#823);
#819 = LINE('',#820,#821);
#820 = CARTESIAN_POINT('',(-6.28318530718,0.));
#821 = VECTOR('',#822,1.);
#822 = DIRECTION('',(-0.,-1.));
#823 = ( GEOMETRIC_REPRESENTATION_CONTEXT(2) 
PARAMETRIC_REPRESENTATION_CONTEXT() REPRESENTATION_CONTEXT('2D SPACE',''
  ) );
#824 = PCURVE('',#415,#825);
#825 = DEFINITIONAL_REPRESENTATION('',(#826),#830);
#826 = LINE('',#827,#828);
#827 = CARTESIAN_POINT('',(-0.,0.));
#828 = VECTOR('',#829,1.);
#829 = DIRECTION('',(-0.,-1.));
#830 = ( GEOMETRIC_REPRESENTATION_CONTEXT(2) 
PARAMETRIC_REPRESENTATION_CONTEXT() REPRESENTATION_CONTEXT('2D SPACE',''
  ) );
#831 = ORIENTED_EDGE('',*,*,#832,.T.);
#832 = EDGE_CURVE('',#810,#810,#833,.T.);
#833 = SURFACE_CURVE('',#834,(#839,#846),.PCURVE_S1.);
#834 = CIRCLE('',#835,0.106578947368);
#835 = AXIS2_PLACEMENT_3D('',#836,#837,#838);
#836 = CARTESIAN_POINT('',(0.75,5.016447368421E-03,0.1640625));
#837 = DIRECTION('',(1.,0.,6.123233995737E-17));
#838 = DIRECTION('',(-6.123233995737E-17,0.,1.));
#839 = PCURVE('',#415,#840);
#840 = DEFINITIONAL_REPRESENTATION('',(#841),#845);
#841 = LINE('',#842,#843);
#842 = CARTESIAN_POINT('',(-0.,-0.5859375));
#843 = VECTOR('',#844,1.);
#844 = DIRECTION('',(-1.,0.));
#845 = ( GEOMETRIC_REPRESENTATION_CONTEXT(2) 
PARAMETRIC_REPRESENTATION_CONTEXT() REPRESENTATION_CONTEXT('2D SPACE',''
  ) );
#846 = PCURVE('',#847,#852);
#847 = PLANE('',#848);
#848 = AXIS2_PLACEMENT_3D('',#849,#850,#851);
#849 = CARTESIAN_POINT('',(0.75,-0.1015625,0.1640625));
#850 = DIRECTION('',(1.,0.,6.123233995737E-17));
#851 = DIRECTION('',(3.749399456655E-33,1.,-6.123233995737E-17));
#852 = DEFINITIONAL_REPRESENTATION('',(#853),#857);
#853 = CIRCLE('',#854,0.106578947368);
#854 = AXIS2_PLACEMENT_2D('',#855,#856);
#855 = CARTESIAN_POINT('',(0.106578947368,6.526078337562E-18));
#856 = DIRECTION('',(-6.123233995737E-17,1.));
#857 = ( GEOMETRIC_REPRESENTATION_CONTEXT(2) 
PARAMETRIC_REPRESENTATION_CONTEXT() REPRESENTATION_CONTEXT('2D SPACE',''
  ) );
#858 = ORIENTED_EDGE('',*,*,#809,.F.);
#859 = ADVANCED_FACE('',(#860,#1292),#495,.F.);
#860 = FACE_BOUND('',#861,.F.);
#861 = EDGE_LOOP('',(#862,#891,#914,#948,#1130,#1151,#1152,#1153,#1291)
  );
#862 = ORIENTED_EDGE('',*,*,#863,.F.);
#863 = EDGE_CURVE('',#864,#864,#866,.T.);
#864 = VERTEX_POINT('',#865);
#865 = CARTESIAN_POINT('',(7.985197368421E-02,0.,0.3359375));
#866 = SURFACE_CURVE('',#867,(#872,#879),.PCURVE_S1.);
#867 = CIRCLE('',#868,8.289473684211E-02);
#868 = AXIS2_PLACEMENT_3D('',#869,#870,#871);
#869 = CARTESIAN_POINT('',(-3.042763157895E-03,0.,0.3359375));
#870 = DIRECTION('',(0.,0.,1.));
#871 = DIRECTION('',(1.,0.,-0.));
#872 = PCURVE('',#495,#873);
#873 = DEFINITIONAL_REPRESENTATION('',(#874),#878);
#874 = LINE('',#875,#876);
#875 = CARTESIAN_POINT('',(0.,0.));
#876 = VECTOR('',#877,1.);
#877 = DIRECTION('',(1.,0.));
#878 = ( GEOMETRIC_REPRESENTATION_CONTEXT(2) 
PARAMETRIC_REPRESENTATION_CONTEXT() REPRESENTATION_CONTEXT('2D SPACE',''
  ) );
#879 = PCURVE('',#880,#885);
#880 = PLANE('',#881);
#881 = AXIS2_PLACEMENT_3D('',#882,#883,#884);
#882 = CARTESIAN_POINT('',(-0.1484375,0.,0.3359375));
#883 = DIRECTION('',(0.,0.,1.));
#884 = DIRECTION('',(1.,0.,-0.));
#885 = DEFINITIONAL_REPRESENTATION('',(#886),#890);
#886 = CIRCLE('',#887,8.289473684211E-02);
#887 = AXIS2_PLACEMENT_2D('',#888,#889);
#888 = CARTESIAN_POINT('',(0.145394736842,0.));
#889 = DIRECTION('',(1.,0.));
#890 = ( GEOMETRIC_REPRESENTATION_CONTEXT(2) 
PARAMETRIC_REPRESENTATION_CONTEXT() REPRESENTATION_CONTEXT('2D SPACE',''
  ) );
#891 = ORIENTED_EDGE('',*,*,#892,.T.);
#892 = EDGE_CURVE('',#864,#893,#895,.T.);
#893 = VERTEX_POINT('',#894);
#894 = CARTESIAN_POINT('',(7.985197368421E-02,0.,0.227216968109));
#895 = SEAM_CURVE('',#896,(#900,#907),.PCURVE_S1.);
#896 = LINE('',#897,#898);
#897 = CARTESIAN_POINT('',(7.985197368421E-02,0.,0.3359375));
#898 = VECTOR('',#899,1.);
#899 = DIRECTION('',(-0.,-0.,-1.));
#900 = PCURVE('',#495,#901);
#901 = DEFINITIONAL_REPRESENTATION('',(#902),#906);
#902 = LINE('',#903,#904);
#903 = CARTESIAN_POINT('',(6.28318530718,0.));
#904 = VECTOR('',#905,1.);
#905 = DIRECTION('',(0.,-1.));
#906 = ( GEOMETRIC_REPRESENTATION_CONTEXT(2) 
PARAMETRIC_REPRESENTATION_CONTEXT() REPRESENTATION_CONTEXT('2D SPACE',''
  ) );
#907 = PCURVE('',#495,#908);
#908 = DEFINITIONAL_REPRESENTATION('',(#909),#913);
#909 = LINE('',#910,#911);
#910 = CARTESIAN_POINT('',(0.,0.));
#911 = VECTOR('',#912,1.);
#912 = DIRECTION('',(0.,-1.));
#913 = ( GEOMETRIC_REPRESENTATION_CONTEXT(2) 
PARAMETRIC_REPRESENTATION_CONTEXT() REPRESENTATION_CONTEXT('2D SPACE',''
  ) );
#914 = ORIENTED_EDGE('',*,*,#915,.F.);
#915 = EDGE_CURVE('',#916,#893,#918,.T.);
#916 = VERTEX_POINT('',#917);
#917 = CARTESIAN_POINT('',(7.98493629497E-02,6.578947368421E-04,
    0.227220394737));
#918 = SURFACE_CURVE('',#919,(#925,#934),.PCURVE_S1.);
#919 = B_SPLINE_CURVE_WITH_KNOTS('',4,(#920,#921,#922,#923,#924),
  .UNSPECIFIED.,.F.,.F.,(5,5),(0.,1.),.PIECEWISE_BEZIER_KNOTS.);
#920 = CARTESIAN_POINT('',(7.98493629497E-02,6.578947368421E-04,
    0.227220394737));
#921 = CARTESIAN_POINT('',(7.985066834235E-02,4.934204429854E-04,
    0.227220394737));
#922 = CARTESIAN_POINT('',(7.985153858528E-02,3.289448664358E-04,
    0.227219823643));
#923 = CARTESIAN_POINT('',(7.985197368421E-02,1.644705408193E-04,
    0.227218681437));
#924 = CARTESIAN_POINT('',(7.985197368421E-02,1.046255096449E-17,
    0.227216968109));
#925 = PCURVE('',#495,#926);
#926 = DEFINITIONAL_REPRESENTATION('',(#927),#933);
#927 = B_SPLINE_CURVE_WITH_KNOTS('',4,(#928,#929,#930,#931,#932),
  .UNSPECIFIED.,.F.,.F.,(5,5),(0.,1.),.PIECEWISE_BEZIER_KNOTS.);
#928 = CARTESIAN_POINT('',(7.93659125654E-03,-0.108717105263));
#929 = CARTESIAN_POINT('',(5.952394426514E-03,-0.108717105263));
#930 = CARTESIAN_POINT('',(3.96822378545E-03,-0.108717676357));
#931 = CARTESIAN_POINT('',(1.984089063852E-03,-0.108718818563));
#932 = CARTESIAN_POINT('',(0.,-0.108720531891));
#933 = ( GEOMETRIC_REPRESENTATION_CONTEXT(2) 
PARAMETRIC_REPRESENTATION_CONTEXT() REPRESENTATION_CONTEXT('2D SPACE',''
  ) );
#934 = PCURVE('',#935,#940);
#935 = CYLINDRICAL_SURFACE('',#936,6.315789473684E-02);
#936 = AXIS2_PLACEMENT_3D('',#937,#938,#939);
#937 = CARTESIAN_POINT('',(0.1640625,6.578947368421E-04,0.1640625));
#938 = DIRECTION('',(1.,0.,6.123233995737E-17));
#939 = DIRECTION('',(-6.123233995737E-17,0.,1.));
#940 = DEFINITIONAL_REPRESENTATION('',(#941),#947);
#941 = B_SPLINE_CURVE_WITH_KNOTS('',4,(#942,#943,#944,#945,#946),
  .UNSPECIFIED.,.F.,.F.,(5,5),(0.,1.),.PIECEWISE_BEZIER_KNOTS.);
#942 = CARTESIAN_POINT('',(0.,-8.42131370503E-02));
#943 = CARTESIAN_POINT('',(2.604176319399E-03,-8.421183165765E-02));
#944 = CARTESIAN_POINT('',(5.208372948141E-03,-8.421096141472E-02));
#945 = CARTESIAN_POINT('',(7.81259686579E-03,-8.421052631579E-02));
#946 = CARTESIAN_POINT('',(1.041685505598E-02,-8.421052631579E-02));
#947 = ( GEOMETRIC_REPRESENTATION_CONTEXT(2) 
PARAMETRIC_REPRESENTATION_CONTEXT() REPRESENTATION_CONTEXT('2D SPACE',''
  ) );
#948 = ORIENTED_EDGE('',*,*,#949,.F.);
#949 = EDGE_CURVE('',#950,#916,#952,.T.);
#950 = VERTEX_POINT('',#951);
#951 = CARTESIAN_POINT('',(7.985197368421E-02,0.,0.100908031891));
#952 = SURFACE_CURVE('',#953,(#1010,#1070),.PCURVE_S1.);
#953 = B_SPLINE_CURVE_WITH_KNOTS('',7,(#954,#955,#956,#957,#958,#959,
    #960,#961,#962,#963,#964,#965,#966,#967,#968,#969,#970,#971,#972,
    #973,#974,#975,#976,#977,#978,#979,#980,#981,#982,#983,#984,#985,
    #986,#987,#988,#989,#990,#991,#992,#993,#994,#995,#996,#997,#998,
    #999,#1000,#1001,#1002,#1003,#1004,#1005,#1006,#1007,#1008,#1009),
  .UNSPECIFIED.,.F.,.F.,(8,6,6,6,6,6,6,6,6,8),(0.,0.257898530522,
    0.389061414345,0.433670734069,0.500755254899,0.569613122112,
    0.615864325786,0.747252034513,0.850750679464,1.),.UNSPECIFIED.);
#954 = CARTESIAN_POINT('',(7.985197368421E-02,-1.084202172486E-18,
    0.100908031891));
#955 = CARTESIAN_POINT('',(7.985197368421E-02,6.92000396072E-03,
    0.100835944606));
#956 = CARTESIAN_POINT('',(7.917806218044E-02,1.36752784164E-02,
    0.101650227515));
#957 = CARTESIAN_POINT('',(7.788764185116E-02,2.034759224513E-02,
    0.103270514786));
#958 = CARTESIAN_POINT('',(7.595554557703E-02,2.689810249583E-02,
    0.105758800103));
#959 = CARTESIAN_POINT('',(7.340553675383E-02,3.316234642093E-02,
    0.109134526793));
#960 = CARTESIAN_POINT('',(7.03823499524E-02,3.895490479377E-02,
    0.113338799981));
#961 = CARTESIAN_POINT('',(6.548570675488E-02,4.674405641616E-02,
    0.120725651026));
#962 = CARTESIAN_POINT('',(6.377112979252E-02,4.921700159664E-02,
    0.123404305815));
#963 = CARTESIAN_POINT('',(6.200730645258E-02,5.154227763861E-02,
    0.126282494231));
#964 = CARTESIAN_POINT('',(6.021951618257E-02,5.37051296E-02,
    0.12936684186));
#965 = CARTESIAN_POINT('',(5.845020319708E-02,5.568172518623E-02,
    0.132655025779));
#966 = CARTESIAN_POINT('',(5.675879371964E-02,5.744580988286E-02,
    0.136137239021));
#967 = CARTESIAN_POINT('',(5.468981524799E-02,5.948976037524E-02,
    0.141050434577));
#968 = CARTESIAN_POINT('',(5.418120453898E-02,5.998140491576E-02,
    0.142320006047));
#969 = CARTESIAN_POINT('',(5.36921721167E-02,6.04445947476E-02,
    0.143611276774));
#970 = CARTESIAN_POINT('',(5.322582106138E-02,6.087803432247E-02,
    0.144923396151));
#971 = CARTESIAN_POINT('',(5.278525566917E-02,6.128049652561E-02,
    0.146255612697));
#972 = CARTESIAN_POINT('',(5.23735814521E-02,6.165082267578E-02,
    0.14760727406));
#973 = CARTESIAN_POINT('',(5.142293916622E-02,6.249486103075E-02,
    0.151038896066));
#974 = CARTESIAN_POINT('',(5.09229962161E-02,6.292771919129E-02,
    0.153147331224));
#975 = CARTESIAN_POINT('',(5.050781468439E-02,6.32797767984E-02,
    0.155292024284));
#976 = CARTESIAN_POINT('',(5.01882570562E-02,6.354667172687E-02,
    0.157463594479));
#977 = CARTESIAN_POINT('',(4.997206124662E-02,6.372581226978E-02,
    0.159653951728));
#978 = CARTESIAN_POINT('',(4.986359194215E-02,6.381578947368E-02,
    0.161855859887));
#979 = CARTESIAN_POINT('',(4.986359194215E-02,6.381578947368E-02,
    0.166327471561));
#980 = CARTESIAN_POINT('',(4.997786948126E-02,6.372098981625E-02,
    0.168587118971));
#981 = CARTESIAN_POINT('',(5.020556614675E-02,6.35323281457E-02,
    0.170834245775));
#982 = CARTESIAN_POINT('',(5.054184805325E-02,6.325135115638E-02,
    0.17306117748));
#983 = CARTESIAN_POINT('',(5.097819415189E-02,6.288088955288E-02,
    0.175259280638));
#984 = CARTESIAN_POINT('',(5.150268453947E-02,6.242573301029E-02,
    0.177418481936));
#985 = CARTESIAN_POINT('',(5.2501694097E-02,6.153567816858E-02,
    0.180942916818));
#986 = CARTESIAN_POINT('',(5.293678678222E-02,6.114262941716E-02,
    0.182338460168));
#987 = CARTESIAN_POINT('',(5.340209676363E-02,6.071537642113E-02,
    0.183712845663));
#988 = CARTESIAN_POINT('',(5.389417775904E-02,6.025520491418E-02,
    0.185065399617));
#989 = CARTESIAN_POINT('',(5.440960726373E-02,5.976346882283E-02,
    0.186395346328));
#990 = CARTESIAN_POINT('',(5.494498655047E-02,5.924159026641E-02,
    0.187701808073));
#991 = CARTESIAN_POINT('',(5.706489958201E-02,5.71271441831E-02,
    0.192625627171));
#992 = CARTESIAN_POINT('',(5.877227757582E-02,5.53267237048E-02,
    0.196082860077));
#993 = CARTESIAN_POINT('',(6.0550319927E-02,5.331601832662E-02,
    0.199345051258));
#994 = CARTESIAN_POINT('',(6.234071912977E-02,5.112133873792E-02,
    0.20240232946));
#995 = CARTESIAN_POINT('',(6.410221559614E-02,4.876638233057E-02,
    0.205252602692));
#996 = CARTESIAN_POINT('',(6.581057574074E-02,4.626541025085E-02,
    0.207902792032));
#997 = CARTESIAN_POINT('',(6.874491274788E-02,4.152236269139E-02,
    0.212302959768));
#998 = CARTESIAN_POINT('',(6.999333973802E-02,3.934287026751E-02,
    0.214120102572));
#999 = CARTESIAN_POINT('',(7.118258940105E-02,3.708491786115E-02,
    0.215809734395));
#1000 = CARTESIAN_POINT('',(7.230238183063E-02,3.475808300775E-02,
    0.217369383379));
#1001 = CARTESIAN_POINT('',(7.334569857421E-02,3.236974951739E-02,
    0.218798715344));
#1002 = CARTESIAN_POINT('',(7.430768497306E-02,2.992442606125E-02,
    0.220098348014));
#1003 = CARTESIAN_POINT('',(7.644903169425E-02,2.381599845208E-02,
    0.222956311012));
#1004 = CARTESIAN_POINT('',(7.75352241908E-02,2.009590336742E-02,
    0.224373405686));
#1005 = CARTESIAN_POINT('',(7.842377141213E-02,1.629033509732E-02,
    0.225510681995));
#1006 = CARTESIAN_POINT('',(7.910352016353E-02,1.242421400275E-02,
    0.226364529636));
#1007 = CARTESIAN_POINT('',(7.956903875552E-02,8.519143585696E-03,
    0.226934430638));
#1008 = CARTESIAN_POINT('',(7.981813312386E-02,4.592728862434E-03,
    0.227220394737));
#1009 = CARTESIAN_POINT('',(7.98493629497E-02,6.578947368421E-04,
    0.227220394737));
#1010 = PCURVE('',#495,#1011);
#1011 = DEFINITIONAL_REPRESENTATION('',(#1012),#1069);
#1012 = B_SPLINE_CURVE_WITH_KNOTS('',7,(#1013,#1014,#1015,#1016,#1017,
    #1018,#1019,#1020,#1021,#1022,#1023,#1024,#1025,#1026,#1027,#1028,
    #1029,#1030,#1031,#1032,#1033,#1034,#1035,#1036,#1037,#1038,#1039,
    #1040,#1041,#1042,#1043,#1044,#1045,#1046,#1047,#1048,#1049,#1050,
    #1051,#1052,#1053,#1054,#1055,#1056,#1057,#1058,#1059,#1060,#1061,
    #1062,#1063,#1064,#1065,#1066,#1067,#1068),.UNSPECIFIED.,.F.,.F.,(8,
    6,6,6,6,6,6,6,6,8),(0.,0.257898530522,0.389061414345,0.433670734069,
    0.500755254899,0.569613122112,0.615864325786,0.747252034513,
    0.850750679464,1.),.UNSPECIFIED.);
#1013 = CARTESIAN_POINT('',(0.,-0.235029468109));
#1014 = CARTESIAN_POINT('',(8.347941285947E-02,-0.235101555394));
#1015 = CARTESIAN_POINT('',(0.164971092997,-0.234287272485));
#1016 = CARTESIAN_POINT('',(0.246414926597,-0.232666985214));
#1017 = CARTESIAN_POINT('',(0.328080746761,-0.230178699897));
#1018 = CARTESIAN_POINT('',(0.409076900413,-0.226802973207));
#1019 = CARTESIAN_POINT('',(0.487647167785,-0.222598700019));
#1020 = CARTESIAN_POINT('',(0.598636538068,-0.215211848974));
#1021 = CARTESIAN_POINT('',(0.63490166355,-0.212533194185));
#1022 = CARTESIAN_POINT('',(0.670057964591,-0.209655005769));
#1023 = CARTESIAN_POINT('',(0.703861092105,-0.20657065814));
#1024 = CARTESIAN_POINT('',(0.735830660773,-0.203282474221));
#1025 = CARTESIAN_POINT('',(0.765302777305,-0.199800260979));
#1026 = CARTESIAN_POINT('',(0.800387439101,-0.194887065423));
#1027 = CARTESIAN_POINT('',(0.808920535395,-0.193617493953));
#1028 = CARTESIAN_POINT('',(0.817045505037,-0.192326223226));
#1029 = CARTESIAN_POINT('',(0.824725440991,-0.191014103849));
#1030 = CARTESIAN_POINT('',(0.831923597422,-0.189681887303));
#1031 = CARTESIAN_POINT('',(0.838603389686,-0.18833022594));
#1032 = CARTESIAN_POINT('',(0.853939317189,-0.184898603934));
#1033 = CARTESIAN_POINT('',(0.861916215257,-0.182790168776));
#1034 = CARTESIAN_POINT('',(0.868482601914,-0.180645475716));
#1035 = CARTESIAN_POINT('',(0.873505187033,-0.178473905521));
#1036 = CARTESIAN_POINT('',(0.876892316674,-0.176283548272));
#1037 = CARTESIAN_POINT('',(0.87859241276,-0.174081640113));
#1038 = CARTESIAN_POINT('',(0.87859241276,-0.169610028439));
#1039 = CARTESIAN_POINT('',(0.876801246955,-0.167350381029));
#1040 = CARTESIAN_POINT('',(0.873233996773,-0.165103254225));
#1041 = CARTESIAN_POINT('',(0.867947682534,-0.16287632252));
#1042 = CARTESIAN_POINT('',(0.861043036903,-0.160678219362));
#1043 = CARTESIAN_POINT('',(0.852666278363,-0.158519018064));
#1044 = CARTESIAN_POINT('',(0.836525444466,-0.154994583182));
#1045 = CARTESIAN_POINT('',(0.829452307491,-0.153599039832));
#1046 = CARTESIAN_POINT('',(0.821832096029,-0.152224654337));
#1047 = CARTESIAN_POINT('',(0.813705326764,-0.150872100383));
#1048 = CARTESIAN_POINT('',(0.805112410775,-0.149542153672));
#1049 = CARTESIAN_POINT('',(0.796093653538,-0.148235691927));
#1050 = CARTESIAN_POINT('',(0.759973790521,-0.143311872829));
#1051 = CARTESIAN_POINT('',(0.730052242387,-0.139854639923));
#1052 = CARTESIAN_POINT('',(0.697706648748,-0.136592448742));
#1053 = CARTESIAN_POINT('',(0.663588181123,-0.13353517054));
#1054 = CARTESIAN_POINT('',(0.62816372913,-0.130684897308));
#1055 = CARTESIAN_POINT('',(0.591663224831,-0.128034707968));
#1056 = CARTESIAN_POINT('',(0.524380906505,-0.123634540232));
#1057 = CARTESIAN_POINT('',(0.494098453617,-0.121817397428));
#1058 = CARTESIAN_POINT('',(0.463343098691,-0.120127765605));
#1059 = CARTESIAN_POINT('',(0.432229167489,-0.118568116621));
#1060 = CARTESIAN_POINT('',(0.400823387929,-0.117138784656));
#1061 = CARTESIAN_POINT('',(0.369145717224,-0.115839151986));
#1062 = CARTESIAN_POINT('',(0.291060107899,-0.112981188988));
#1063 = CARTESIAN_POINT('',(0.244375919434,-0.111564094314));
#1064 = CARTESIAN_POINT('',(0.197344122426,-0.110426818005));
#1065 = CARTESIAN_POINT('',(0.150120174993,-0.109572970364));
#1066 = CARTESIAN_POINT('',(0.102795736006,-0.109003069362));
#1067 = CARTESIAN_POINT('',(5.540592652831E-02,-0.108717105263));
#1068 = CARTESIAN_POINT('',(7.93659125654E-03,-0.108717105263));
#1069 = ( GEOMETRIC_REPRESENTATION_CONTEXT(2) 
PARAMETRIC_REPRESENTATION_CONTEXT() REPRESENTATION_CONTEXT('2D SPACE',''
  ) );
#1070 = PCURVE('',#935,#1071);
#1071 = DEFINITIONAL_REPRESENTATION('',(#1072),#1129);
#1072 = B_SPLINE_CURVE_WITH_KNOTS('',7,(#1073,#1074,#1075,#1076,#1077,
    #1078,#1079,#1080,#1081,#1082,#1083,#1084,#1085,#1086,#1087,#1088,
    #1089,#1090,#1091,#1092,#1093,#1094,#1095,#1096,#1097,#1098,#1099,
    #1100,#1101,#1102,#1103,#1104,#1105,#1106,#1107,#1108,#1109,#1110,
    #1111,#1112,#1113,#1114,#1115,#1116,#1117,#1118,#1119,#1120,#1121,
    #1122,#1123,#1124,#1125,#1126,#1127,#1128),.UNSPECIFIED.,.F.,.F.,(8,
    6,6,6,6,6,6,6,6,8),(0.,0.257898530522,0.389061414345,0.433670734069,
    0.500755254899,0.569613122112,0.615864325786,0.747252034513,
    0.850750679464,1.),.UNSPECIFIED.);
#1073 = CARTESIAN_POINT('',(3.131175798534,-8.421052631579E-02));
#1074 = CARTESIAN_POINT('',(3.240748472771,-8.421052631579E-02));
#1075 = CARTESIAN_POINT('',(3.347568919592,-8.488443781957E-02));
#1076 = CARTESIAN_POINT('',(3.455077866356,-8.617485814884E-02));
#1077 = CARTESIAN_POINT('',(3.564377950299,-8.810695442297E-02));
#1078 = CARTESIAN_POINT('',(3.675466825772,-9.065696324617E-02));
#1079 = CARTESIAN_POINT('',(3.78782069981,-9.36801500476E-02));
#1080 = CARTESIAN_POINT('',(3.957788750193,-9.857679324512E-02));
#1081 = CARTESIAN_POINT('',(4.015384812529,-0.100291370207));
#1082 = CARTESIAN_POINT('',(4.073762218314,-0.102055193547));
#1083 = CARTESIAN_POINT('',(4.133154858672,-0.103842983817));
#1084 = CARTESIAN_POINT('',(4.193648460172,-0.105612296803));
#1085 = CARTESIAN_POINT('',(4.255283263487,-0.10730370628));
#1086 = CARTESIAN_POINT('',(4.339538653729,-0.109372684752));
#1087 = CARTESIAN_POINT('',(4.361088232967,-0.109881295461));
#1088 = CARTESIAN_POINT('',(4.382797946695,-0.110370327883));
#1089 = CARTESIAN_POINT('',(4.404664528617,-0.110836678939));
#1090 = CARTESIAN_POINT('',(4.426687671215,-0.111277244331));
#1091 = CARTESIAN_POINT('',(4.448870025742,-0.111688918548));
#1092 = CARTESIAN_POINT('',(4.504823400125,-0.112639560834));
#1093 = CARTESIAN_POINT('',(4.538877524847,-0.113139503784));
#1094 = CARTESIAN_POINT('',(4.573246117069,-0.113554685316));
#1095 = CARTESIAN_POINT('',(4.607836826987,-0.113874242944));
#1096 = CARTESIAN_POINT('',(4.642586708258,-0.114090438753));
#1097 = CARTESIAN_POINT('',(4.67745051193,-0.114198908058));
#1098 = CARTESIAN_POINT('',(4.748251030105,-0.114198908058));
#1099 = CARTESIAN_POINT('',(4.784029084653,-0.114084630519));
#1100 = CARTESIAN_POINT('',(4.819683410364,-0.113856933853));
#1101 = CARTESIAN_POINT('',(4.855167423275,-0.113520651947));
#1102 = CARTESIAN_POINT('',(4.890414652125,-0.113084305848));
#1103 = CARTESIAN_POINT('',(4.925325701352,-0.112559815461));
#1104 = CARTESIAN_POINT('',(4.982881204926,-0.111560805903));
#1105 = CARTESIAN_POINT('',(5.005828486968,-0.111125713218));
#1106 = CARTESIAN_POINT('',(5.028603758972,-0.110660403236));
#1107 = CARTESIAN_POINT('',(5.051210547004,-0.110168322241));
#1108 = CARTESIAN_POINT('',(5.073649204436,-0.109652892736));
#1109 = CARTESIAN_POINT('',(5.09591691195,-0.10911751345));
#1110 = CARTESIAN_POINT('',(5.180761829731,-0.106997600418));
#1111 = CARTESIAN_POINT('',(5.242308708985,-0.105290222424));
#1112 = CARTESIAN_POINT('',(5.302732436019,-0.103512180073));
#1113 = CARTESIAN_POINT('',(5.362067823837,-0.10172178087));
#1114 = CARTESIAN_POINT('',(5.420400779376,-9.996028440386E-02));
#1115 = CARTESIAN_POINT('',(5.477970089409,-9.825192425926E-02));
#1116 = CARTESIAN_POINT('',(5.580408178532,-9.531758725212E-02));
#1117 = CARTESIAN_POINT('',(5.625273841587,-9.406916026198E-02));
#1118 = CARTESIAN_POINT('',(5.669829367913,-9.287991059895E-02));
#1119 = CARTESIAN_POINT('',(5.714075592315,-9.176011816937E-02));
#1120 = CARTESIAN_POINT('',(5.758053168684,-9.071680142579E-02));
#1121 = CARTESIAN_POINT('',(5.801843342296,-8.975481502694E-02));
#1122 = CARTESIAN_POINT('',(5.908622525687,-8.761346830575E-02));
#1123 = CARTESIAN_POINT('',(5.971479942436,-8.65272758092E-02));
#1124 = CARTESIAN_POINT('',(6.034100767574,-8.563872858787E-02));
#1125 = CARTESIAN_POINT('',(6.096492006257,-8.495897983647E-02));
#1126 = CARTESIAN_POINT('',(6.158713535629,-8.449346124448E-02));
#1127 = CARTESIAN_POINT('',(6.220883766858,-8.424436687614E-02));
#1128 = CARTESIAN_POINT('',(6.28318530718,-8.42131370503E-02));
#1129 = ( GEOMETRIC_REPRESENTATION_CONTEXT(2) 
PARAMETRIC_REPRESENTATION_CONTEXT() REPRESENTATION_CONTEXT('2D SPACE',''
  ) );
#1130 = ORIENTED_EDGE('',*,*,#1131,.T.);
#1131 = EDGE_CURVE('',#950,#479,#1132,.T.);
#1132 = SEAM_CURVE('',#1133,(#1137,#1144),.PCURVE_S1.);
#1133 = LINE('',#1134,#1135);
#1134 = CARTESIAN_POINT('',(7.985197368421E-02,0.,0.3359375));
#1135 = VECTOR('',#1136,1.);
#1136 = DIRECTION('',(-0.,-0.,-1.));
#1137 = PCURVE('',#495,#1138);
#1138 = DEFINITIONAL_REPRESENTATION('',(#1139),#1143);
#1139 = LINE('',#1140,#1141);
#1140 = CARTESIAN_POINT('',(6.28318530718,0.));
#1141 = VECTOR('',#1142,1.);
#1142 = DIRECTION('',(0.,-1.));
#1143 = ( GEOMETRIC_REPRESENTATION_CONTEXT(2) 
PARAMETRIC_REPRESENTATION_CONTEXT() REPRESENTATION_CONTEXT('2D SPACE',''
  ) );
#1144 = PCURVE('',#495,#1145);
#1145 = DEFINITIONAL_REPRESENTATION('',(#1146),#1150);
#1146 = LINE('',#1147,#1148);
#1147 = CARTESIAN_POINT('',(0.,0.));
#1148 = VECTOR('',#1149,1.);
#1149 = DIRECTION('',(0.,-1.));
#1150 = ( GEOMETRIC_REPRESENTATION_CONTEXT(2) 
PARAMETRIC_REPRESENTATION_CONTEXT() REPRESENTATION_CONTEXT('2D SPACE',''
  ) );
#1151 = ORIENTED_EDGE('',*,*,#478,.T.);
#1152 = ORIENTED_EDGE('',*,*,#1131,.F.);
#1153 = ORIENTED_EDGE('',*,*,#1154,.F.);
#1154 = EDGE_CURVE('',#893,#950,#1155,.T.);
#1155 = SURFACE_CURVE('',#1156,(#1199,#1245),.PCURVE_S1.);
#1156 = B_SPLINE_CURVE_WITH_KNOTS('',6,(#1157,#1158,#1159,#1160,#1161,
    #1162,#1163,#1164,#1165,#1166,#1167,#1168,#1169,#1170,#1171,#1172,
    #1173,#1174,#1175,#1176,#1177,#1178,#1179,#1180,#1181,#1182,#1183,
    #1184,#1185,#1186,#1187,#1188,#1189,#1190,#1191,#1192,#1193,#1194,
    #1195,#1196,#1197,#1198),.UNSPECIFIED.,.F.,.F.,(7,5,5,5,5,5,5,5,7),(
    0.,0.250270533397,0.38735510617,0.430917695854,0.49985320162,
    0.571101954563,0.619669514114,0.756443446303,1.),.UNSPECIFIED.);
#1157 = CARTESIAN_POINT('',(7.985197368421E-02,0.,0.227216968109));
#1158 = CARTESIAN_POINT('',(7.985197368421E-02,-7.703317552349E-03,
    0.227136720864));
#1159 = CARTESIAN_POINT('',(7.89927977295E-02,-1.520123947074E-02,
    0.225931485284));
#1160 = CARTESIAN_POINT('',(7.7360819887E-02,-2.26071048507E-02,
    0.223702049618));
#1161 = CARTESIAN_POINT('',(7.488919290768E-02,-2.977761824577E-02,
    0.220311835995));
#1162 = CARTESIAN_POINT('',(7.174002223086E-02,-3.64024094146E-02,
    0.215819297156));
#1163 = CARTESIAN_POINT('',(6.638706521777E-02,-4.54406909069E-02,
    0.207454151534));
#1164 = CARTESIAN_POINT('',(6.439226047162E-02,-4.841618042522E-02,
    0.204208485169));
#1165 = CARTESIAN_POINT('',(6.232649942342E-02,-5.117504421769E-02,
    0.200658897925));
#1166 = CARTESIAN_POINT('',(6.024440663524E-02,-5.367549073699E-02,
    0.196797085151));
#1167 = CARTESIAN_POINT('',(5.825048371201E-02,-5.586765883524E-02,
    0.192641699895));
#1168 = CARTESIAN_POINT('',(5.590828910985E-02,-5.828352465939E-02,
    0.186803438338));
#1169 = CARTESIAN_POINT('',(5.536474259877E-02,-5.883043348899E-02,
    0.185366338124));
#1170 = CARTESIAN_POINT('',(5.484712769869E-02,-5.933954044336E-02,
    0.183901557511));
#1171 = CARTESIAN_POINT('',(5.436007613516E-02,-5.980886343147E-02,
    0.182410445227));
#1172 = CARTESIAN_POINT('',(5.390818732572E-02,-6.023656926544E-02,
    0.180894160382));
#1173 = CARTESIAN_POINT('',(5.284380853749E-02,-6.122927338732E-02,
    0.176915931416));
#1174 = CARTESIAN_POINT('',(5.228930886278E-02,-6.173061846814E-02,
    0.174411235409));
#1175 = CARTESIAN_POINT('',(5.185581075993E-02,-6.211318225887E-02,
    0.17185894704));
#1176 = CARTESIAN_POINT('',(5.156012345124E-02,-6.237060232123E-02,
    0.169274688827));
#1177 = CARTESIAN_POINT('',(5.141168933336E-02,-6.25E-02,0.166671751119)
  );
#1178 = CARTESIAN_POINT('',(5.141168933336E-02,-6.25E-02,0.161365691058)
  );
#1179 = CARTESIAN_POINT('',(5.157024845395E-02,-6.236176780724E-02,
    0.15867622764));
#1180 = CARTESIAN_POINT('',(5.188594481237E-02,-6.208695158166E-02,
    0.156007374321));
#1181 = CARTESIAN_POINT('',(5.23480542036E-02,-6.167876234974E-02,
    0.153373488096));
#1182 = CARTESIAN_POINT('',(5.293763289875E-02,-6.114432967264E-02,
    0.150791606422));
#1183 = CARTESIAN_POINT('',(5.409960668538E-02,-6.00558364156E-02,
    0.146573037917));
#1184 = CARTESIAN_POINT('',(5.461868363847E-02,-5.956138550633E-02,
    0.14489377784));
#1185 = CARTESIAN_POINT('',(5.517947425631E-02,-5.901603611431E-02,
    0.143246425827));
#1186 = CARTESIAN_POINT('',(5.577567176457E-02,-5.842229977105E-02,
    0.141632390301));
#1187 = CARTESIAN_POINT('',(5.640101966087E-02,-5.77828680117E-02,
    0.140053317318));
#1188 = CARTESIAN_POINT('',(5.887500471336E-02,-5.517927255407E-02,
    0.134167936037));
#1189 = CARTESIAN_POINT('',(6.089049552745E-02,-5.291062887323E-02,
    0.130098875449));
#1190 = CARTESIAN_POINT('',(6.297260171521E-02,-5.034395767822E-02,
    0.126323807688));
#1191 = CARTESIAN_POINT('',(6.502299550511E-02,-4.752872995794E-02,
    0.122860573297));
#1192 = CARTESIAN_POINT('',(6.699195942783E-02,-4.45045024615E-02,
    0.119699577804));
#1193 = CARTESIAN_POINT('',(7.216647268588E-02,-3.548837676919E-02,
    0.111698833707));
#1194 = CARTESIAN_POINT('',(7.515413350201E-02,-2.899459734359E-02,
    0.107449883256));
#1195 = CARTESIAN_POINT('',(7.749242522768E-02,-2.200268742889E-02,
    0.104242794151));
#1196 = CARTESIAN_POINT('',(7.904150457323E-02,-1.478778506913E-02,
    0.102125414374));
#1197 = CARTESIAN_POINT('',(7.985197368421E-02,-7.481916995652E-03,
    0.100985972755));
#1198 = CARTESIAN_POINT('',(7.985197368421E-02,-1.387778780781E-17,
    0.100908031891));
#1199 = PCURVE('',#495,#1200);
#1200 = DEFINITIONAL_REPRESENTATION('',(#1201),#1244);
#1201 = B_SPLINE_CURVE_WITH_KNOTS('',6,(#1202,#1203,#1204,#1205,#1206,
    #1207,#1208,#1209,#1210,#1211,#1212,#1213,#1214,#1215,#1216,#1217,
    #1218,#1219,#1220,#1221,#1222,#1223,#1224,#1225,#1226,#1227,#1228,
    #1229,#1230,#1231,#1232,#1233,#1234,#1235,#1236,#1237,#1238,#1239,
    #1240,#1241,#1242,#1243),.UNSPECIFIED.,.F.,.F.,(7,5,5,5,5,5,5,5,7),(
    0.,0.250270533397,0.38735510617,0.430917695854,0.49985320162,
    0.571101954563,0.619669514114,0.756443446303,1.),.UNSPECIFIED.);
#1202 = CARTESIAN_POINT('',(6.28318530718,-0.108720531891));
#1203 = CARTESIAN_POINT('',(6.190256397024,-0.108800779136));
#1204 = CARTESIAN_POINT('',(6.099795396225,-0.110006014716));
#1205 = CARTESIAN_POINT('',(6.009056489966,-0.112235450382));
#1206 = CARTESIAN_POINT('',(5.918484896231,-0.115625664005));
#1207 = CARTESIAN_POINT('',(5.830355572037,-0.120118202844));
#1208 = CARTESIAN_POINT('',(5.703634527285,-0.128483348466));
#1209 = CARTESIAN_POINT('',(5.660486235924,-0.131729014831));
#1210 = CARTESIAN_POINT('',(5.618992865723,-0.135278602075));
#1211 = CARTESIAN_POINT('',(5.579803391305,-0.139140414849));
#1212 = CARTESIAN_POINT('',(5.544072680475,-0.143295800105));
#1213 = CARTESIAN_POINT('',(5.503480717826,-0.149134061662));
#1214 = CARTESIAN_POINT('',(5.494179587207,-0.150571161876));
#1215 = CARTESIAN_POINT('',(5.485421965597,-0.152035942489));
#1216 = CARTESIAN_POINT('',(5.477263065189,-0.153527054773));
#1217 = CARTESIAN_POINT('',(5.469757316128,-0.155043339618));
#1218 = CARTESIAN_POINT('',(5.452199386521,-0.159021568584));
#1219 = CARTESIAN_POINT('',(5.443182503034,-0.161526264591));
#1220 = CARTESIAN_POINT('',(5.436208193764,-0.16407855296));
#1221 = CARTESIAN_POINT('',(5.431478688597,-0.166662811173));
#1222 = CARTESIAN_POINT('',(5.429103209315,-0.169265748881));
#1223 = CARTESIAN_POINT('',(5.429103209315,-0.174571808942));
#1224 = CARTESIAN_POINT('',(5.431640788669,-0.17726127236));
#1225 = CARTESIAN_POINT('',(5.436690159428,-0.179930125679));
#1226 = CARTESIAN_POINT('',(5.444127725662,-0.182564011904));
#1227 = CARTESIAN_POINT('',(5.453725997301,-0.185145893578));
#1228 = CARTESIAN_POINT('',(5.472933109816,-0.189364462083));
#1229 = CARTESIAN_POINT('',(5.481580954675,-0.19104372216));
#1230 = CARTESIAN_POINT('',(5.491016606382,-0.192691074173));
#1231 = CARTESIAN_POINT('',(5.501165735281,-0.194305109699));
#1232 = CARTESIAN_POINT('',(5.511954114236,-0.195884182682));
#1233 = CARTESIAN_POINT('',(5.555280883418,-0.201769563963));
#1234 = CARTESIAN_POINT('',(5.591869195817,-0.205838624551));
#1235 = CARTESIAN_POINT('',(5.631672055816,-0.209613692312));
#1236 = CARTESIAN_POINT('',(5.673600628562,-0.213076926703));
#1237 = CARTESIAN_POINT('',(5.717066575007,-0.216237922196));
#1238 = CARTESIAN_POINT('',(5.842472426712,-0.224238666293));
#1239 = CARTESIAN_POINT('',(5.92836131804,-0.228487616744));
#1240 = CARTESIAN_POINT('',(6.016460306016,-0.231694705849));
#1241 = CARTESIAN_POINT('',(6.104785446842,-0.233812085626));
#1242 = CARTESIAN_POINT('',(6.192927260883,-0.234951527245));
#1243 = CARTESIAN_POINT('',(6.28318530718,-0.235029468109));
#1244 = ( GEOMETRIC_REPRESENTATION_CONTEXT(2) 
PARAMETRIC_REPRESENTATION_CONTEXT() REPRESENTATION_CONTEXT('2D SPACE',''
  ) );
#1245 = PCURVE('',#935,#1246);
#1246 = DEFINITIONAL_REPRESENTATION('',(#1247),#1290);
#1247 = B_SPLINE_CURVE_WITH_KNOTS('',6,(#1248,#1249,#1250,#1251,#1252,
    #1253,#1254,#1255,#1256,#1257,#1258,#1259,#1260,#1261,#1262,#1263,
    #1264,#1265,#1266,#1267,#1268,#1269,#1270,#1271,#1272,#1273,#1274,
    #1275,#1276,#1277,#1278,#1279,#1280,#1281,#1282,#1283,#1284,#1285,
    #1286,#1287,#1288,#1289),.UNSPECIFIED.,.F.,.F.,(7,5,5,5,5,5,5,5,7),(
    0.,0.250270533397,0.38735510617,0.430917695854,0.49985320162,
    0.571101954563,0.619669514114,0.756443446303,1.),.UNSPECIFIED.);
#1248 = CARTESIAN_POINT('',(1.041685505598E-02,-8.421052631579E-02));
#1249 = CARTESIAN_POINT('',(0.132392667426,-8.421052631579E-02));
#1250 = CARTESIAN_POINT('',(0.251318413349,-8.50697022705E-02));
#1251 = CARTESIAN_POINT('',(0.372123062658,-8.6701680113E-02));
#1252 = CARTESIAN_POINT('',(0.495444502569,-8.917330709232E-02));
#1253 = CARTESIAN_POINT('',(0.620754563371,-9.232247776914E-02));
#1254 = CARTESIAN_POINT('',(0.815746543075,-9.767543478223E-02));
#1255 = CARTESIAN_POINT('',(0.885229976113,-9.967023952838E-02));
#1256 = CARTESIAN_POINT('',(0.956049305333,-0.101736000577));
#1257 = CARTESIAN_POINT('',(1.028468481968,-0.103818093365));
#1258 = CARTESIAN_POINT('',(1.102535111474,-0.105812016288));
#1259 = CARTESIAN_POINT('',(1.202575852318,-0.10815421089));
#1260 = CARTESIAN_POINT('',(1.226911948016,-0.108697757401));
#1261 = CARTESIAN_POINT('',(1.251449445765,-0.109215372301));
#1262 = CARTESIAN_POINT('',(1.276184020132,-0.109702423865));
#1263 = CARTESIAN_POINT('',(1.30111715149,-0.110154312674));
#1264 = CARTESIAN_POINT('',(1.3660372303,-0.111218691463));
#1265 = CARTESIAN_POINT('',(1.406436657885,-0.111773191137));
#1266 = CARTESIAN_POINT('',(1.447226229467,-0.11220668924));
#1267 = CARTESIAN_POINT('',(1.488269650301,-0.112502376549));
#1268 = CARTESIAN_POINT('',(1.529483184078,-0.112650810667));
#1269 = CARTESIAN_POINT('',(1.613495801703,-0.112650810667));
#1270 = CARTESIAN_POINT('',(1.656079406985,-0.112492251546));
#1271 = CARTESIAN_POINT('',(1.698475248199,-0.112176555188));
#1272 = CARTESIAN_POINT('',(1.740595826425,-0.111714445796));
#1273 = CARTESIAN_POINT('',(1.782292994462,-0.111124867101));
#1274 = CARTESIAN_POINT('',(1.851274628223,-0.109962893315));
#1275 = CARTESIAN_POINT('',(1.878975658587,-0.109443816362));
#1276 = CARTESIAN_POINT('',(1.906428183553,-0.108883025744));
#1277 = CARTESIAN_POINT('',(1.933636503189,-0.108286828235));
#1278 = CARTESIAN_POINT('',(1.960597038193,-0.107661480339));
#1279 = CARTESIAN_POINT('',(2.062493392087,-0.105187495287));
#1280 = CARTESIAN_POINT('',(2.135945284975,-0.103172004473));
#1281 = CARTESIAN_POINT('',(2.207808804555,-0.101089898285));
#1282 = CARTESIAN_POINT('',(2.278121248041,-9.903950449489E-02));
#1283 = CARTESIAN_POINT('',(2.347157097527,-9.707054057217E-02));
#1284 = CARTESIAN_POINT('',(2.538014404479,-9.189602731412E-02));
#1285 = CARTESIAN_POINT('',(2.659581700282,-8.890836649799E-02));
#1286 = CARTESIAN_POINT('',(2.779327256561,-8.657007477232E-02));
#1287 = CARTESIAN_POINT('',(2.896835225971,-8.502099542677E-02));
#1288 = CARTESIAN_POINT('',(3.01270568518,-8.421052631579E-02));
#1289 = CARTESIAN_POINT('',(3.131175798534,-8.421052631579E-02));
#1290 = ( GEOMETRIC_REPRESENTATION_CONTEXT(2) 
PARAMETRIC_REPRESENTATION_CONTEXT() REPRESENTATION_CONTEXT('2D SPACE',''
  ) );
#1291 = ORIENTED_EDGE('',*,*,#892,.F.);
#1292 = FACE_BOUND('',#1293,.F.);
#1293 = EDGE_LOOP('',(#1294));
#1294 = ORIENTED_EDGE('',*,*,#1295,.T.);
#1295 = EDGE_CURVE('',#1296,#1296,#1298,.T.);
#1296 = VERTEX_POINT('',#1297);
#1297 = CARTESIAN_POINT('',(-8.593488926549E-02,6.578947368421E-04,
    0.227220394737));
#1298 = SURFACE_CURVE('',#1299,(#1404,#1512),.PCURVE_S1.);
#1299 = B_SPLINE_CURVE_WITH_KNOTS('',7,(#1300,#1301,#1302,#1303,#1304,
    #1305,#1306,#1307,#1308,#1309,#1310,#1311,#1312,#1313,#1314,#1315,
    #1316,#1317,#1318,#1319,#1320,#1321,#1322,#1323,#1324,#1325,#1326,
    #1327,#1328,#1329,#1330,#1331,#1332,#1333,#1334,#1335,#1336,#1337,
    #1338,#1339,#1340,#1341,#1342,#1343,#1344,#1345,#1346,#1347,#1348,
    #1349,#1350,#1351,#1352,#1353,#1354,#1355,#1356,#1357,#1358,#1359,
    #1360,#1361,#1362,#1363,#1364,#1365,#1366,#1367,#1368,#1369,#1370,
    #1371,#1372,#1373,#1374,#1375,#1376,#1377,#1378,#1379,#1380,#1381,
    #1382,#1383,#1384,#1385,#1386,#1387,#1388,#1389,#1390,#1391,#1392,
    #1393,#1394,#1395,#1396,#1397,#1398,#1399,#1400,#1401,#1402,#1403),
  .UNSPECIFIED.,.T.,.F.,(8,6,6,6,6,6,6,6,6,6,6,6,6,6,6,6,6,8),(0.,
    0.12565179955,0.19354672956,0.215122303001,0.249264504266,
    0.284552404685,0.308606828832,0.376347913302,0.502231392801,
    0.626701387711,0.692680131207,0.715119915837,0.748865379986,
    0.783502888916,0.806768588904,0.872860425883,0.924923253037,1.),
  .UNSPECIFIED.);
#1300 = CARTESIAN_POINT('',(-8.593488926549E-02,6.578947368421E-04,
    0.227220394737));
#1301 = CARTESIAN_POINT('',(-8.59879987584E-02,-6.033690614786E-03,
    0.227220394737));
#1302 = CARTESIAN_POINT('',(-8.540980354868E-02,-1.258996558279E-02,
    0.226393290726));
#1303 = CARTESIAN_POINT('',(-8.42481197103E-02,-1.906845038175E-02,
    0.224798981999));
#1304 = CARTESIAN_POINT('',(-8.248666396551E-02,-2.542579507689E-02,
    0.222386626466));
#1305 = CARTESIAN_POINT('',(-8.015159153244E-02,-3.151452797138E-02,
    0.219140037347));
#1306 = CARTESIAN_POINT('',(-7.737208852891E-02,-3.716806086216E-02,
    0.215110668435));
#1307 = CARTESIAN_POINT('',(-7.274322095772E-02,-4.498374254926E-02,
    0.207877068164));
#1308 = CARTESIAN_POINT('',(-7.104773100058E-02,-4.756604056289E-02,
    0.205135818416));
#1309 = CARTESIAN_POINT('',(-6.92973519027E-02,-4.999267402094E-02,
    0.202180149601));
#1310 = CARTESIAN_POINT('',(-6.751970025857E-02,-5.224666415451E-02,
    0.199003835308));
#1311 = CARTESIAN_POINT('',(-6.576024068727E-02,-5.430182447934E-02,
    0.195609832221));
#1312 = CARTESIAN_POINT('',(-6.408209852585E-02,-5.612955685147E-02,
    0.192008788454));
#1313 = CARTESIAN_POINT('',(-6.207450326881E-02,-5.820029886655E-02,
    0.187004564552));
#1314 = CARTESIAN_POINT('',(-6.160556794383E-02,-5.867417379254E-02,
    0.185776938203));
#1315 = CARTESIAN_POINT('',(-6.11544888964E-02,-5.91213518209E-02,
    0.18452932038));
#1316 = CARTESIAN_POINT('',(-6.072391754282E-02,-5.954067895491E-02,
    0.183262509151));
#1317 = CARTESIAN_POINT('',(-6.031649135857E-02,-5.993106510699E-02,
    0.181977221035));
#1318 = CARTESIAN_POINT('',(-5.993483387829E-02,-6.029148409867E-02,
    0.180674091002));
#1319 = CARTESIAN_POINT('',(-5.902250911649E-02,-6.114237342636E-02,
    0.177264180138));
#1320 = CARTESIAN_POINT('',(-5.853326365706E-02,-6.158737701648E-02,
    0.17512686284));
#1321 = CARTESIAN_POINT('',(-5.812712197694E-02,-6.194922634856E-02,
    0.172952784912));
#1322 = CARTESIAN_POINT('',(-5.781461394342E-02,-6.222350514274E-02,
    0.170751407806));
#1323 = CARTESIAN_POINT('',(-5.760324001906E-02,-6.240757308659E-02,
    0.168530992339));
#1324 = CARTESIAN_POINT('',(-5.749721564915E-02,-6.25E-02,0.166299000959
    ));
#1325 = CARTESIAN_POINT('',(-5.749721564915E-02,-6.25E-02,0.161750949479
    ));
#1326 = CARTESIAN_POINT('',(-5.761047216386E-02,-6.240126271946E-02,
    0.159444645759));
#1327 = CARTESIAN_POINT('',(-5.783617268884E-02,-6.220472996405E-02,
    0.157151168601));
#1328 = CARTESIAN_POINT('',(-5.816951801012E-02,-6.191201333941E-02,
    0.154878565939));
#1329 = CARTESIAN_POINT('',(-5.860203157515E-02,-6.152606729914E-02,
    0.152635807618));
#1330 = CARTESIAN_POINT('',(-5.912186886377E-02,-6.105186219288E-02,
    0.150433239114));
#1331 = CARTESIAN_POINT('',(-6.011784651725E-02,-6.011886785821E-02,
    0.146817322809));
#1332 = CARTESIAN_POINT('',(-6.055590224758E-02,-5.970265720839E-02,
    0.145373566362));
#1333 = CARTESIAN_POINT('',(-6.102466161195E-02,-5.924975740947E-02,
    0.143952434158));
#1334 = CARTESIAN_POINT('',(-6.152051368315E-02,-5.876157778494E-02,
    0.142554696661));
#1335 = CARTESIAN_POINT('',(-6.203986894498E-02,-5.823960493709E-02,
    0.141181226571));
#1336 = CARTESIAN_POINT('',(-6.257915929221E-02,-5.768540274713E-02,
    0.139832998819));
#1337 = CARTESIAN_POINT('',(-6.469971774365E-02,-5.545374967135E-02,
    0.134788386685));
#1338 = CARTESIAN_POINT('',(-6.640016732492E-02,-5.355881278204E-02,
    0.131261464188));
#1339 = CARTESIAN_POINT('',(-6.816579680767E-02,-5.144395961894E-02,
    0.127941693872));
#1340 = CARTESIAN_POINT('',(-6.993686822667E-02,-4.913743151239E-02,
    0.124839564378));
#1341 = CARTESIAN_POINT('',(-7.167108294167E-02,-4.666466495897E-02,
    0.121957431728));
#1342 = CARTESIAN_POINT('',(-7.334332166105E-02,-4.404130719548E-02,
    0.119288546845));
#1343 = CARTESIAN_POINT('',(-7.790235971013E-02,-3.609759190542E-02,
    0.112239440013));
#1344 = CARTESIAN_POINT('',(-8.061558036847E-02,-3.036751539968E-02,
    0.108332132861));
#1345 = CARTESIAN_POINT('',(-8.286689540017E-02,-2.421792083775E-02,
    0.105214093103));
#1346 = CARTESIAN_POINT('',(-8.453584891611E-02,-1.781346777739E-02,
    0.102931897889));
#1347 = CARTESIAN_POINT('',(-8.559929922016E-02,-1.129824484746E-02,
    0.101469501412));
#1348 = CARTESIAN_POINT('',(-8.607417969437E-02,-4.716737377735E-03,
    0.100777798744));
#1349 = CARTESIAN_POINT('',(-8.57551272608E-02,8.60960626151E-03,
    0.101057680727));
#1350 = CARTESIAN_POINT('',(-8.498213992012E-02,1.506990281036E-02,
    0.102004748647));
#1351 = CARTESIAN_POINT('',(-8.364337714623E-02,2.143556828256E-02,
    0.103696246559));
#1352 = CARTESIAN_POINT('',(-8.172169225909E-02,2.76716022993E-02,
    0.106182899908));
#1353 = CARTESIAN_POINT('',(-7.924276213948E-02,3.363546492333E-02,
    0.109480772508));
#1354 = CARTESIAN_POINT('',(-7.633625950781E-02,3.916426922187E-02,
    0.113537350981));
#1355 = CARTESIAN_POINT('',(-7.157123307118E-02,4.674405641534E-02,
    0.120725651025));
#1356 = CARTESIAN_POINT('',(-6.985665610778E-02,4.921700159756E-02,
    0.123404305815));
#1357 = CARTESIAN_POINT('',(-6.809283276798E-02,5.1542277639E-02,
    0.126282494231));
#1358 = CARTESIAN_POINT('',(-6.630504249878E-02,5.370512959935E-02,
    0.12936684186));
#1359 = CARTESIAN_POINT('',(-6.453572951335E-02,5.568172518587E-02,
    0.132655025778));
#1360 = CARTESIAN_POINT('',(-6.284432003496E-02,5.744580988333E-02,
    0.136137239022));
#1361 = CARTESIAN_POINT('',(-6.077534156379E-02,5.948976037523E-02,
    0.141050434577));
#1362 = CARTESIAN_POINT('',(-6.026673085477E-02,5.998140491576E-02,
    0.142320006047));
#1363 = CARTESIAN_POINT('',(-5.977769843249E-02,6.04445947476E-02,
    0.143611276774));
#1364 = CARTESIAN_POINT('',(-5.931134737717E-02,6.087803432247E-02,
    0.144923396151));
#1365 = CARTESIAN_POINT('',(-5.887078198495E-02,6.128049652561E-02,
    0.146255612697));
#1366 = CARTESIAN_POINT('',(-5.845910776789E-02,6.165082267578E-02,
    0.14760727406));
#1367 = CARTESIAN_POINT('',(-5.750846548201E-02,6.249486103075E-02,
    0.151038896066));
#1368 = CARTESIAN_POINT('',(-5.700852253189E-02,6.292771919129E-02,
    0.153147331223));
#1369 = CARTESIAN_POINT('',(-5.659334100018E-02,6.32797767984E-02,
    0.155292024284));
#1370 = CARTESIAN_POINT('',(-5.627378337199E-02,6.354667172687E-02,
    0.157463594479));
#1371 = CARTESIAN_POINT('',(-5.605758756241E-02,6.372581226978E-02,
    0.159653951728));
#1372 = CARTESIAN_POINT('',(-5.594911825794E-02,6.381578947368E-02,
    0.161855859887));
#1373 = CARTESIAN_POINT('',(-5.594911825794E-02,6.381578947368E-02,
    0.166327471561));
#1374 = CARTESIAN_POINT('',(-5.606339579704E-02,6.372098981625E-02,
    0.168587118971));
#1375 = CARTESIAN_POINT('',(-5.629109246254E-02,6.35323281457E-02,
    0.170834245775));
#1376 = CARTESIAN_POINT('',(-5.662737436904E-02,6.325135115638E-02,
    0.17306117748));
#1377 = CARTESIAN_POINT('',(-5.706372046768E-02,6.288088955288E-02,
    0.175259280638));
#1378 = CARTESIAN_POINT('',(-5.758821085526E-02,6.24257330103E-02,
    0.177418481936));
#1379 = CARTESIAN_POINT('',(-5.858722041279E-02,6.153567816857E-02,
    0.180942916818));
#1380 = CARTESIAN_POINT('',(-5.902231309801E-02,6.114262941717E-02,
    0.182338460168));
#1381 = CARTESIAN_POINT('',(-5.948762307941E-02,6.071537642113E-02,
    0.183712845663));
#1382 = CARTESIAN_POINT('',(-5.997970407482E-02,6.025520491418E-02,
    0.185065399617));
#1383 = CARTESIAN_POINT('',(-6.049513357953E-02,5.976346882283E-02,
    0.186395346328));
#1384 = CARTESIAN_POINT('',(-6.103051286627E-02,5.92415902664E-02,
    0.187701808073));
#1385 = CARTESIAN_POINT('',(-6.31504258978E-02,5.712714418309E-02,
    0.192625627171));
#1386 = CARTESIAN_POINT('',(-6.485780389163E-02,5.532672370478E-02,
    0.196082860077));
#1387 = CARTESIAN_POINT('',(-6.663584624278E-02,5.331601832663E-02,
    0.199345051258));
#1388 = CARTESIAN_POINT('',(-6.842624544554E-02,5.112133873793E-02,
    0.20240232946));
#1389 = CARTESIAN_POINT('',(-7.018774191193E-02,4.876638233057E-02,
    0.205252602692));
#1390 = CARTESIAN_POINT('',(-7.189610205652E-02,4.626541025086E-02,
    0.207902792032));
#1391 = CARTESIAN_POINT('',(-7.483043906368E-02,4.152236269138E-02,
    0.212302959768));
#1392 = CARTESIAN_POINT('',(-7.607886605381E-02,3.934287026751E-02,
    0.214120102572));
#1393 = CARTESIAN_POINT('',(-7.726811571684E-02,3.708491786116E-02,
    0.215809734395));
#1394 = CARTESIAN_POINT('',(-7.838790814641E-02,3.475808300776E-02,
    0.217369383379));
#1395 = CARTESIAN_POINT('',(-7.943122488999E-02,3.23697495174E-02,
    0.218798715344));
#1396 = CARTESIAN_POINT('',(-8.039321128885E-02,2.992442606125E-02,
    0.220098348014));
#1397 = CARTESIAN_POINT('',(-8.253455801005E-02,2.381599845205E-02,
    0.222956311012));
#1398 = CARTESIAN_POINT('',(-8.362075050658E-02,2.009590336746E-02,
    0.224373405686));
#1399 = CARTESIAN_POINT('',(-8.450929772791E-02,1.629033509735E-02,
    0.225510681995));
#1400 = CARTESIAN_POINT('',(-8.518904647932E-02,1.242421400273E-02,
    0.226364529636));
#1401 = CARTESIAN_POINT('',(-8.565456507131E-02,8.519143585672E-03,
    0.226934430638));
#1402 = CARTESIAN_POINT('',(-8.590365943965E-02,4.592728862486E-03,
    0.227220394737));
#1403 = CARTESIAN_POINT('',(-8.593488926549E-02,6.578947368421E-04,
    0.227220394737));
#1404 = PCURVE('',#495,#1405);
#1405 = DEFINITIONAL_REPRESENTATION('',(#1406),#1511);
#1406 = B_SPLINE_CURVE_WITH_KNOTS('',7,(#1407,#1408,#1409,#1410,#1411,
    #1412,#1413,#1414,#1415,#1416,#1417,#1418,#1419,#1420,#1421,#1422,
    #1423,#1424,#1425,#1426,#1427,#1428,#1429,#1430,#1431,#1432,#1433,
    #1434,#1435,#1436,#1437,#1438,#1439,#1440,#1441,#1442,#1443,#1444,
    #1445,#1446,#1447,#1448,#1449,#1450,#1451,#1452,#1453,#1454,#1455,
    #1456,#1457,#1458,#1459,#1460,#1461,#1462,#1463,#1464,#1465,#1466,
    #1467,#1468,#1469,#1470,#1471,#1472,#1473,#1474,#1475,#1476,#1477,
    #1478,#1479,#1480,#1481,#1482,#1483,#1484,#1485,#1486,#1487,#1488,
    #1489,#1490,#1491,#1492,#1493,#1494,#1495,#1496,#1497,#1498,#1499,
    #1500,#1501,#1502,#1503,#1504,#1505,#1506,#1507,#1508,#1509,#1510),
  .UNSPECIFIED.,.F.,.F.,(8,6,6,6,6,6,6,6,6,6,6,6,6,6,6,6,6,8),(0.,
    0.12565179955,0.19354672956,0.215122303001,0.249264504266,
    0.284552404685,0.308606828832,0.376347913302,0.502231392801,
    0.626701387711,0.692680131207,0.715119915837,0.748865379986,
    0.783502888916,0.806768588904,0.872860425883,0.924923253037,1.),
  .UNSPECIFIED.);
#1407 = CARTESIAN_POINT('',(3.133656062333,-0.108717105263));
#1408 = CARTESIAN_POINT('',(3.214382491559,-0.108717105263));
#1409 = CARTESIAN_POINT('',(3.293415784372,-0.109544209274));
#1410 = CARTESIAN_POINT('',(3.372316444874,-0.111138518001));
#1411 = CARTESIAN_POINT('',(3.451249346025,-0.113550873534));
#1412 = CARTESIAN_POINT('',(3.529388280377,-0.116797462653));
#1413 = CARTESIAN_POINT('',(3.605157189528,-0.120826831565));
#1414 = CARTESIAN_POINT('',(3.714736798183,-0.128060431836));
#1415 = CARTESIAN_POINT('',(3.7519636416,-0.130801681584));
#1416 = CARTESIAN_POINT('',(3.788002222104,-0.133757350399));
#1417 = CARTESIAN_POINT('',(3.822580584083,-0.136933664692));
#1418 = CARTESIAN_POINT('',(3.855183343987,-0.140327667779));
#1419 = CARTESIAN_POINT('',(3.885105754189,-0.143928711546));
#1420 = CARTESIAN_POINT('',(3.919898863017,-0.148932935448));
#1421 = CARTESIAN_POINT('',(3.927940907186,-0.150160561797));
#1422 = CARTESIAN_POINT('',(3.935602730027,-0.15140817962));
#1423 = CARTESIAN_POINT('',(3.942852668272,-0.152674990849));
#1424 = CARTESIAN_POINT('',(3.949659395419,-0.153960278965));
#1425 = CARTESIAN_POINT('',(3.955991921737,-0.155263408998));
#1426 = CARTESIAN_POINT('',(3.971041577107,-0.158673319862));
#1427 = CARTESIAN_POINT('',(3.97901920531,-0.16081063716));
#1428 = CARTESIAN_POINT('',(3.985580777318,-0.162984715088));
#1429 = CARTESIAN_POINT('',(3.990596697791,-0.165186092194));
#1430 = CARTESIAN_POINT('',(3.993977980539,-0.167406507661));
#1431 = CARTESIAN_POINT('',(3.995674751455,-0.169638499041));
#1432 = CARTESIAN_POINT('',(3.995674751455,-0.174186550521));
#1433 = CARTESIAN_POINT('',(3.993862194773,-0.176492854241));
#1434 = CARTESIAN_POINT('',(3.990251817381,-0.178786331399));
#1435 = CARTESIAN_POINT('',(3.984900272955,-0.181058934061));
#1436 = CARTESIAN_POINT('',(3.977907871782,-0.183301692382));
#1437 = CARTESIAN_POINT('',(3.969420319656,-0.185504260886));
#1438 = CARTESIAN_POINT('',(3.95295707834,-0.189120177191));
#1439 = CARTESIAN_POINT('',(3.945667819078,-0.190563933638));
#1440 = CARTESIAN_POINT('',(3.937805207261,-0.191985065842));
#1441 = CARTESIAN_POINT('',(3.92941172951,-0.193382803339));
#1442 = CARTESIAN_POINT('',(3.920529830796,-0.194756273429));
#1443 = CARTESIAN_POINT('',(3.911201914443,-0.196104501181));
#1444 = CARTESIAN_POINT('',(3.874064686606,-0.201149113315));
#1445 = CARTESIAN_POINT('',(3.843362568495,-0.204676035812));
#1446 = CARTESIAN_POINT('',(3.810164273524,-0.207995806128));
#1447 = CARTESIAN_POINT('',(3.775136516634,-0.211097935622));
#1448 = CARTESIAN_POINT('',(3.738758490366,-0.213980068272));
#1449 = CARTESIAN_POINT('',(3.701268774066,-0.216648953155));
#1450 = CARTESIAN_POINT('',(3.590779145189,-0.223698059987));
#1451 = CARTESIAN_POINT('',(3.514533772474,-0.227605367139));
#1452 = CARTESIAN_POINT('',(3.4360698765,-0.230723406897));
#1453 = CARTESIAN_POINT('',(3.356881221101,-0.233005602111));
#1454 = CARTESIAN_POINT('',(3.277749654882,-0.234467998588));
#1455 = CARTESIAN_POINT('',(3.198513855459,-0.235159701256));
#1456 = CARTESIAN_POINT('',(3.037705547306,-0.234879819273));
#1457 = CARTESIAN_POINT('',(2.959571395669,-0.233932751353));
#1458 = CARTESIAN_POINT('',(2.881578002727,-0.232241253441));
#1459 = CARTESIAN_POINT('',(2.80348614274,-0.229754600092));
#1460 = CARTESIAN_POINT('',(2.726089483412,-0.226456727492));
#1461 = CARTESIAN_POINT('',(2.650962205063,-0.222400149019));
#1462 = CARTESIAN_POINT('',(2.542956115533,-0.215211848975));
#1463 = CARTESIAN_POINT('',(2.506690990027,-0.212533194185));
#1464 = CARTESIAN_POINT('',(2.471534688992,-0.209655005769));
#1465 = CARTESIAN_POINT('',(2.437731561494,-0.20657065814));
#1466 = CARTESIAN_POINT('',(2.405761992824,-0.203282474222));
#1467 = CARTESIAN_POINT('',(2.376289876277,-0.199800260978));
#1468 = CARTESIAN_POINT('',(2.341205214489,-0.194887065423));
#1469 = CARTESIAN_POINT('',(2.332672118195,-0.193617493953));
#1470 = CARTESIAN_POINT('',(2.324547148553,-0.192326223226));
#1471 = CARTESIAN_POINT('',(2.316867212599,-0.191014103849));
#1472 = CARTESIAN_POINT('',(2.309669056168,-0.189681887303));
#1473 = CARTESIAN_POINT('',(2.302989263904,-0.18833022594));
#1474 = CARTESIAN_POINT('',(2.287653336401,-0.184898603934));
#1475 = CARTESIAN_POINT('',(2.279676438333,-0.182790168777));
#1476 = CARTESIAN_POINT('',(2.273110051676,-0.180645475716));
#1477 = CARTESIAN_POINT('',(2.268087466557,-0.178473905521));
#1478 = CARTESIAN_POINT('',(2.264700336916,-0.176283548272));
#1479 = CARTESIAN_POINT('',(2.26300024083,-0.174081640113));
#1480 = CARTESIAN_POINT('',(2.26300024083,-0.169610028439));
#1481 = CARTESIAN_POINT('',(2.264791406635,-0.167350381029));
#1482 = CARTESIAN_POINT('',(2.268358656816,-0.165103254225));
#1483 = CARTESIAN_POINT('',(2.273644971056,-0.16287632252));
#1484 = CARTESIAN_POINT('',(2.280549616687,-0.160678219362));
#1485 = CARTESIAN_POINT('',(2.288926375226,-0.158519018064));
#1486 = CARTESIAN_POINT('',(2.305067209124,-0.154994583182));
#1487 = CARTESIAN_POINT('',(2.312140346099,-0.153599039832));
#1488 = CARTESIAN_POINT('',(2.319760557561,-0.152224654337));
#1489 = CARTESIAN_POINT('',(2.327887326826,-0.150872100383));
#1490 = CARTESIAN_POINT('',(2.336480242815,-0.149542153672));
#1491 = CARTESIAN_POINT('',(2.345499000052,-0.148235691927));
#1492 = CARTESIAN_POINT('',(2.381618863069,-0.143311872829));
#1493 = CARTESIAN_POINT('',(2.411540411203,-0.139854639923));
#1494 = CARTESIAN_POINT('',(2.443886004841,-0.136592448742));
#1495 = CARTESIAN_POINT('',(2.478004472467,-0.13353517054));
#1496 = CARTESIAN_POINT('',(2.51342892446,-0.130684897308));
#1497 = CARTESIAN_POINT('',(2.549929428759,-0.128034707968));
#1498 = CARTESIAN_POINT('',(2.617211747085,-0.123634540232));
#1499 = CARTESIAN_POINT('',(2.647494199973,-0.121817397428));
#1500 = CARTESIAN_POINT('',(2.678249554899,-0.120127765605));
#1501 = CARTESIAN_POINT('',(2.709363486101,-0.118568116621));
#1502 = CARTESIAN_POINT('',(2.74076926566,-0.117138784656));
#1503 = CARTESIAN_POINT('',(2.772446936365,-0.115839151986));
#1504 = CARTESIAN_POINT('',(2.850532545691,-0.112981188988));
#1505 = CARTESIAN_POINT('',(2.897216734155,-0.111564094314));
#1506 = CARTESIAN_POINT('',(2.944248531163,-0.110426818005));
#1507 = CARTESIAN_POINT('',(2.991472478597,-0.109572970364));
#1508 = CARTESIAN_POINT('',(3.038796917584,-0.109003069362));
#1509 = CARTESIAN_POINT('',(3.086186727061,-0.108717105263));
#1510 = CARTESIAN_POINT('',(3.133656062333,-0.108717105263));
#1511 = ( GEOMETRIC_REPRESENTATION_CONTEXT(2) 
PARAMETRIC_REPRESENTATION_CONTEXT() REPRESENTATION_CONTEXT('2D SPACE',''
  ) );
#1512 = PCURVE('',#633,#1513);
#1513 = DEFINITIONAL_REPRESENTATION('',(#1514),#1619);
#1514 = B_SPLINE_CURVE_WITH_KNOTS('',7,(#1515,#1516,#1517,#1518,#1519,
    #1520,#1521,#1522,#1523,#1524,#1525,#1526,#1527,#1528,#1529,#1530,
    #1531,#1532,#1533,#1534,#1535,#1536,#1537,#1538,#1539,#1540,#1541,
    #1542,#1543,#1544,#1545,#1546,#1547,#1548,#1549,#1550,#1551,#1552,
    #1553,#1554,#1555,#1556,#1557,#1558,#1559,#1560,#1561,#1562,#1563,
    #1564,#1565,#1566,#1567,#1568,#1569,#1570,#1571,#1572,#1573,#1574,
    #1575,#1576,#1577,#1578,#1579,#1580,#1581,#1582,#1583,#1584,#1585,
    #1586,#1587,#1588,#1589,#1590,#1591,#1592,#1593,#1594,#1595,#1596,
    #1597,#1598,#1599,#1600,#1601,#1602,#1603,#1604,#1605,#1606,#1607,
    #1608,#1609,#1610,#1611,#1612,#1613,#1614,#1615,#1616,#1617,#1618),
  .UNSPECIFIED.,.F.,.F.,(8,6,6,6,6,6,6,6,6,6,6,6,6,6,6,6,6,8),(0.,
    0.12565179955,0.19354672956,0.215122303001,0.249264504266,
    0.284552404685,0.308606828832,0.376347913302,0.502231392801,
    0.626701387711,0.692680131207,0.715119915837,0.748865379986,
    0.783502888916,0.806768588904,0.872860425883,0.924923253037,1.),
  .UNSPECIFIED.);
#1515 = CARTESIAN_POINT('',(0.,-0.249997389265));
#1516 = CARTESIAN_POINT('',(0.105950101401,-0.250050498758));
#1517 = CARTESIAN_POINT('',(0.209759140361,-0.249472303549));
#1518 = CARTESIAN_POINT('',(0.314269907892,-0.24831061971));
#1519 = CARTESIAN_POINT('',(0.42042827585,-0.246549163966));
#1520 = CARTESIAN_POINT('',(0.528243277073,-0.244214091532));
#1521 = CARTESIAN_POINT('',(0.63727273573,-0.241434588529));
#1522 = CARTESIAN_POINT('',(0.805888334415,-0.236805720958));
#1523 = CARTESIAN_POINT('',(0.865377566674,-0.235110231001));
#1524 = CARTESIAN_POINT('',(0.925698164239,-0.233359851903));
#1525 = CARTESIAN_POINT('',(0.987086095319,-0.231582200259));
#1526 = CARTESIAN_POINT('',(1.049630376112,-0.229822740687));
#1527 = CARTESIAN_POINT('',(1.113380279822,-0.228144598526));
#1528 = CARTESIAN_POINT('',(1.199129481295,-0.226137003269));
#1529 = CARTESIAN_POINT('',(1.219958777398,-0.225668067944));
#1530 = CARTESIAN_POINT('',(1.240933379453,-0.225216988896));
#1531 = CARTESIAN_POINT('',(1.262049981672,-0.224786417543));
#1532 = CARTESIAN_POINT('',(1.283307771238,-0.224378991359));
#1533 = CARTESIAN_POINT('',(1.304708428309,-0.223997333878));
#1534 = CARTESIAN_POINT('',(1.360354215402,-0.223085009116));
#1535 = CARTESIAN_POINT('',(1.394893964289,-0.222595763657));
#1536 = CARTESIAN_POINT('',(1.429744984503,-0.222189621977));
#1537 = CARTESIAN_POINT('',(1.464816266967,-0.221877113943));
#1538 = CARTESIAN_POINT('',(1.500044945666,-0.221665740019));
#1539 = CARTESIAN_POINT('',(1.535385061609,-0.221559715649));
#1540 = CARTESIAN_POINT('',(1.607395876716,-0.221559715649));
#1541 = CARTESIAN_POINT('',(1.643912662619,-0.221672972164));
#1542 = CARTESIAN_POINT('',(1.680305601964,-0.221898672689));
#1543 = CARTESIAN_POINT('',(1.716526924581,-0.22223201801));
#1544 = CARTESIAN_POINT('',(1.752509303007,-0.222664531575));
#1545 = CARTESIAN_POINT('',(1.788152982829,-0.223184368864));
#1546 = CARTESIAN_POINT('',(1.847280104728,-0.224180346517));
#1547 = CARTESIAN_POINT('',(1.871061079484,-0.224618402248));
#1548 = CARTESIAN_POINT('',(1.894662810175,-0.225087161612));
#1549 = CARTESIAN_POINT('',(1.918088886253,-0.225583013683));
#1550 = CARTESIAN_POINT('',(1.94133951374,-0.226102368945));
#1551 = CARTESIAN_POINT('',(1.964411515232,-0.226641659292));
#1552 = CARTESIAN_POINT('',(2.051751240346,-0.228762217744));
#1553 = CARTESIAN_POINT('',(2.114959029864,-0.230462667325));
#1554 = CARTESIAN_POINT('',(2.177010153306,-0.232228296808));
#1555 = CARTESIAN_POINT('',(2.237942708906,-0.233999368227));
#1556 = CARTESIAN_POINT('',(2.297845776465,-0.235733582942));
#1557 = CARTESIAN_POINT('',(2.356962218272,-0.237405821661));
#1558 = CARTESIAN_POINT('',(2.525118271015,-0.24196485971));
#1559 = CARTESIAN_POINT('',(2.634040057553,-0.244678080368));
#1560 = CARTESIAN_POINT('',(2.741775852563,-0.2469293954));
#1561 = CARTESIAN_POINT('',(2.847924713112,-0.248598348916));
#1562 = CARTESIAN_POINT('',(2.952516718856,-0.24966179922));
#1563 = CARTESIAN_POINT('',(3.056472458668,-0.250136679694));
#1564 = CARTESIAN_POINT('',(3.267519429654,-0.249817627261));
#1565 = CARTESIAN_POINT('',(3.370101130854,-0.24904463992));
#1566 = CARTESIAN_POINT('',(3.47330993907,-0.247705877146));
#1567 = CARTESIAN_POINT('',(3.578159670303,-0.245784192259));
#1568 = CARTESIAN_POINT('',(3.684674323191,-0.243305262139));
#1569 = CARTESIAN_POINT('',(3.792389267144,-0.240398759508));
#1570 = CARTESIAN_POINT('',(3.957788750175,-0.235633733071));
#1571 = CARTESIAN_POINT('',(4.015384812546,-0.233919156108));
#1572 = CARTESIAN_POINT('',(4.073762218329,-0.232155332768));
#1573 = CARTESIAN_POINT('',(4.133154858658,-0.230367542499));
#1574 = CARTESIAN_POINT('',(4.193648460152,-0.228598229513));
#1575 = CARTESIAN_POINT('',(4.255283263506,-0.226906820035));
#1576 = CARTESIAN_POINT('',(4.339538653729,-0.224837841564));
#1577 = CARTESIAN_POINT('',(4.361088232967,-0.224329230855));
#1578 = CARTESIAN_POINT('',(4.382797946695,-0.223840198432));
#1579 = CARTESIAN_POINT('',(4.404664528618,-0.223373847377));
#1580 = CARTESIAN_POINT('',(4.426687671215,-0.222933281985));
#1581 = CARTESIAN_POINT('',(4.448870025742,-0.222521607768));
#1582 = CARTESIAN_POINT('',(4.504823400125,-0.221570965482));
#1583 = CARTESIAN_POINT('',(4.538877524847,-0.221071022532));
#1584 = CARTESIAN_POINT('',(4.573246117069,-0.220655841));
#1585 = CARTESIAN_POINT('',(4.607836826988,-0.220336283372));
#1586 = CARTESIAN_POINT('',(4.642586708258,-0.220120087562));
#1587 = CARTESIAN_POINT('',(4.67745051193,-0.220011618258));
#1588 = CARTESIAN_POINT('',(4.748251030105,-0.220011618258));
#1589 = CARTESIAN_POINT('',(4.784029084654,-0.220125895797));
#1590 = CARTESIAN_POINT('',(4.819683410365,-0.220353592463));
#1591 = CARTESIAN_POINT('',(4.855167423275,-0.220689874369));
#1592 = CARTESIAN_POINT('',(4.890414652125,-0.221126220468));
#1593 = CARTESIAN_POINT('',(4.925325701351,-0.221650710855));
#1594 = CARTESIAN_POINT('',(4.982881204926,-0.222649720413));
#1595 = CARTESIAN_POINT('',(5.005828486968,-0.223084813098));
#1596 = CARTESIAN_POINT('',(5.028603758972,-0.223550123079));
#1597 = CARTESIAN_POINT('',(5.051210547004,-0.224042204075));
#1598 = CARTESIAN_POINT('',(5.073649204436,-0.22455763358));
#1599 = CARTESIAN_POINT('',(5.095916911951,-0.225093012866));
#1600 = CARTESIAN_POINT('',(5.180761829731,-0.227212925898));
#1601 = CARTESIAN_POINT('',(5.242308708985,-0.228920303892));
#1602 = CARTESIAN_POINT('',(5.302732436018,-0.230698346243));
#1603 = CARTESIAN_POINT('',(5.362067823837,-0.232488745446));
#1604 = CARTESIAN_POINT('',(5.420400779376,-0.234250241912));
#1605 = CARTESIAN_POINT('',(5.477970089409,-0.235958602057));
#1606 = CARTESIAN_POINT('',(5.580408178533,-0.238892939064));
#1607 = CARTESIAN_POINT('',(5.625273841588,-0.240141366054));
#1608 = CARTESIAN_POINT('',(5.669829367913,-0.241330615717));
#1609 = CARTESIAN_POINT('',(5.714075592315,-0.242450408146));
#1610 = CARTESIAN_POINT('',(5.758053168684,-0.24349372489));
#1611 = CARTESIAN_POINT('',(5.801843342296,-0.244455711289));
#1612 = CARTESIAN_POINT('',(5.908622525688,-0.24659705801));
#1613 = CARTESIAN_POINT('',(5.971479942436,-0.247683250507));
#1614 = CARTESIAN_POINT('',(6.034100767574,-0.248571797728));
#1615 = CARTESIAN_POINT('',(6.096492006258,-0.249251546479));
#1616 = CARTESIAN_POINT('',(6.158713535629,-0.249717065071));
#1617 = CARTESIAN_POINT('',(6.220883766857,-0.24996615944));
#1618 = CARTESIAN_POINT('',(6.28318530718,-0.249997389265));
#1619 = ( GEOMETRIC_REPRESENTATION_CONTEXT(2) 
PARAMETRIC_REPRESENTATION_CONTEXT() REPRESENTATION_CONTEXT('2D SPACE',''
  ) );
#1620 = ADVANCED_FACE('',(#1621),#575,.T.);
#1621 = FACE_BOUND('',#1622,.F.);
#1622 = EDGE_LOOP('',(#1623,#1646,#1673,#1674));
#1623 = ORIENTED_EDGE('',*,*,#1624,.T.);
#1624 = EDGE_CURVE('',#559,#1625,#1627,.T.);
#1625 = VERTEX_POINT('',#1626);
#1626 = CARTESIAN_POINT('',(0.143667763158,0.,0.671875));
#1627 = SEAM_CURVE('',#1628,(#1632,#1639),.PCURVE_S1.);
#1628 = LINE('',#1629,#1630);
#1629 = CARTESIAN_POINT('',(0.143667763158,0.,0.3359375));
#1630 = VECTOR('',#1631,1.);
#1631 = DIRECTION('',(0.,0.,1.));
#1632 = PCURVE('',#575,#1633);
#1633 = DEFINITIONAL_REPRESENTATION('',(#1634),#1638);
#1634 = LINE('',#1635,#1636);
#1635 = CARTESIAN_POINT('',(-0.,0.));
#1636 = VECTOR('',#1637,1.);
#1637 = DIRECTION('',(-0.,-1.));
#1638 = ( GEOMETRIC_REPRESENTATION_CONTEXT(2) 
PARAMETRIC_REPRESENTATION_CONTEXT() REPRESENTATION_CONTEXT('2D SPACE',''
  ) );
#1639 = PCURVE('',#575,#1640);
#1640 = DEFINITIONAL_REPRESENTATION('',(#1641),#1645);
#1641 = LINE('',#1642,#1643);
#1642 = CARTESIAN_POINT('',(-6.28318530718,0.));
#1643 = VECTOR('',#1644,1.);
#1644 = DIRECTION('',(-0.,-1.));
#1645 = ( GEOMETRIC_REPRESENTATION_CONTEXT(2) 
PARAMETRIC_REPRESENTATION_CONTEXT() REPRESENTATION_CONTEXT('2D SPACE',''
  ) );
#1646 = ORIENTED_EDGE('',*,*,#1647,.T.);
#1647 = EDGE_CURVE('',#1625,#1625,#1648,.T.);
#1648 = SURFACE_CURVE('',#1649,(#1654,#1661),.PCURVE_S1.);
#1649 = CIRCLE('',#1650,0.146052631579);
#1650 = AXIS2_PLACEMENT_3D('',#1651,#1652,#1653);
#1651 = CARTESIAN_POINT('',(-2.384868421053E-03,0.,0.671875));
#1652 = DIRECTION('',(0.,0.,1.));
#1653 = DIRECTION('',(1.,0.,-0.));
#1654 = PCURVE('',#575,#1655);
#1655 = DEFINITIONAL_REPRESENTATION('',(#1656),#1660);
#1656 = LINE('',#1657,#1658);
#1657 = CARTESIAN_POINT('',(-0.,-0.3359375));
#1658 = VECTOR('',#1659,1.);
#1659 = DIRECTION('',(-1.,0.));
#1660 = ( GEOMETRIC_REPRESENTATION_CONTEXT(2) 
PARAMETRIC_REPRESENTATION_CONTEXT() REPRESENTATION_CONTEXT('2D SPACE',''
  ) );
#1661 = PCURVE('',#1662,#1667);
#1662 = PLANE('',#1663);
#1663 = AXIS2_PLACEMENT_3D('',#1664,#1665,#1666);
#1664 = CARTESIAN_POINT('',(-0.1484375,0.,0.671875));
#1665 = DIRECTION('',(0.,0.,1.));
#1666 = DIRECTION('',(1.,0.,-0.));
#1667 = DEFINITIONAL_REPRESENTATION('',(#1668),#1672);
#1668 = CIRCLE('',#1669,0.146052631579);
#1669 = AXIS2_PLACEMENT_2D('',#1670,#1671);
#1670 = CARTESIAN_POINT('',(0.146052631579,0.));
#1671 = DIRECTION('',(1.,0.));
#1672 = ( GEOMETRIC_REPRESENTATION_CONTEXT(2) 
PARAMETRIC_REPRESENTATION_CONTEXT() REPRESENTATION_CONTEXT('2D SPACE',''
  ) );
#1673 = ORIENTED_EDGE('',*,*,#1624,.F.);
#1674 = ORIENTED_EDGE('',*,*,#558,.F.);
#1675 = ADVANCED_FACE('',(#1676),#633,.F.);
#1676 = FACE_BOUND('',#1677,.F.);
#1677 = EDGE_LOOP('',(#1678,#1679,#1700,#1701));
#1678 = ORIENTED_EDGE('',*,*,#1295,.F.);
#1679 = ORIENTED_EDGE('',*,*,#1680,.T.);
#1680 = EDGE_CURVE('',#1296,#617,#1681,.T.);
#1681 = SEAM_CURVE('',#1682,(#1686,#1693),.PCURVE_S1.);
#1682 = LINE('',#1683,#1684);
#1683 = CARTESIAN_POINT('',(0.1640625,6.578947368421E-04,0.227220394737)
  );
#1684 = VECTOR('',#1685,1.);
#1685 = DIRECTION('',(-1.,-0.,-6.123233995737E-17));
#1686 = PCURVE('',#633,#1687);
#1687 = DEFINITIONAL_REPRESENTATION('',(#1688),#1692);
#1688 = LINE('',#1689,#1690);
#1689 = CARTESIAN_POINT('',(6.28318530718,0.));
#1690 = VECTOR('',#1691,1.);
#1691 = DIRECTION('',(0.,-1.));
#1692 = ( GEOMETRIC_REPRESENTATION_CONTEXT(2) 
PARAMETRIC_REPRESENTATION_CONTEXT() REPRESENTATION_CONTEXT('2D SPACE',''
  ) );
#1693 = PCURVE('',#633,#1694);
#1694 = DEFINITIONAL_REPRESENTATION('',(#1695),#1699);
#1695 = LINE('',#1696,#1697);
#1696 = CARTESIAN_POINT('',(0.,0.));
#1697 = VECTOR('',#1698,1.);
#1698 = DIRECTION('',(0.,-1.));
#1699 = ( GEOMETRIC_REPRESENTATION_CONTEXT(2) 
PARAMETRIC_REPRESENTATION_CONTEXT() REPRESENTATION_CONTEXT('2D SPACE',''
  ) );
#1700 = ORIENTED_EDGE('',*,*,#616,.T.);
#1701 = ORIENTED_EDGE('',*,*,#1680,.F.);
#1702 = ADVANCED_FACE('',(#1703),#706,.F.);
#1703 = FACE_BOUND('',#1704,.F.);
#1704 = EDGE_LOOP('',(#1705,#1706));
#1705 = ORIENTED_EDGE('',*,*,#722,.F.);
#1706 = ORIENTED_EDGE('',*,*,#691,.T.);
#1707 = ADVANCED_FACE('',(#1708),#784,.T.);
#1708 = FACE_BOUND('',#1709,.T.);
#1709 = EDGE_LOOP('',(#1710));
#1710 = ORIENTED_EDGE('',*,*,#769,.T.);
#1711 = ADVANCED_FACE('',(#1712,#1715),#847,.T.);
#1712 = FACE_BOUND('',#1713,.T.);
#1713 = EDGE_LOOP('',(#1714));
#1714 = ORIENTED_EDGE('',*,*,#832,.T.);
#1715 = FACE_BOUND('',#1716,.F.);
#1716 = EDGE_LOOP('',(#1717));
#1717 = ORIENTED_EDGE('',*,*,#1718,.T.);
#1718 = EDGE_CURVE('',#1719,#1719,#1721,.T.);
#1719 = VERTEX_POINT('',#1720);
#1720 = CARTESIAN_POINT('',(0.75,5.016447368421E-03,0.226233552632));
#1721 = SURFACE_CURVE('',#1722,(#1727,#1734),.PCURVE_S1.);
#1722 = CIRCLE('',#1723,6.217105263158E-02);
#1723 = AXIS2_PLACEMENT_3D('',#1724,#1725,#1726);
#1724 = CARTESIAN_POINT('',(0.75,5.016447368421E-03,0.1640625));
#1725 = DIRECTION('',(1.,0.,6.123233995737E-17));
#1726 = DIRECTION('',(-6.123233995737E-17,0.,1.));
#1727 = PCURVE('',#847,#1728);
#1728 = DEFINITIONAL_REPRESENTATION('',(#1729),#1733);
#1729 = CIRCLE('',#1730,6.217105263158E-02);
#1730 = AXIS2_PLACEMENT_2D('',#1731,#1732);
#1731 = CARTESIAN_POINT('',(0.106578947368,6.526078337562E-18));
#1732 = DIRECTION('',(-6.123233995737E-17,1.));
#1733 = ( GEOMETRIC_REPRESENTATION_CONTEXT(2) 
PARAMETRIC_REPRESENTATION_CONTEXT() REPRESENTATION_CONTEXT('2D SPACE',''
  ) );
#1734 = PCURVE('',#1735,#1740);
#1735 = CYLINDRICAL_SURFACE('',#1736,6.217105263158E-02);
#1736 = AXIS2_PLACEMENT_3D('',#1737,#1738,#1739);
#1737 = CARTESIAN_POINT('',(0.1640625,5.016447368421E-03,0.1640625));
#1738 = DIRECTION('',(-1.,-0.,-6.123233995737E-17));
#1739 = DIRECTION('',(-6.123233995737E-17,0.,1.));
#1740 = DEFINITIONAL_REPRESENTATION('',(#1741),#1745);
#1741 = LINE('',#1742,#1743);
#1742 = CARTESIAN_POINT('',(-0.,-0.5859375));
#1743 = VECTOR('',#1744,1.);
#1744 = DIRECTION('',(-1.,0.));
#1745 = ( GEOMETRIC_REPRESENTATION_CONTEXT(2) 
PARAMETRIC_REPRESENTATION_CONTEXT() REPRESENTATION_CONTEXT('2D SPACE',''
  ) );
#1746 = ADVANCED_FACE('',(#1747,#1750),#880,.F.);
#1747 = FACE_BOUND('',#1748,.F.);
#1748 = EDGE_LOOP('',(#1749));
#1749 = ORIENTED_EDGE('',*,*,#863,.T.);
#1750 = FACE_BOUND('',#1751,.F.);
#1751 = EDGE_LOOP('',(#1752));
#1752 = ORIENTED_EDGE('',*,*,#1753,.F.);
#1753 = EDGE_CURVE('',#1754,#1754,#1756,.T.);
#1754 = VERTEX_POINT('',#1755);
#1755 = CARTESIAN_POINT('',(7.976973684211E-02,0.,0.3359375));
#1756 = SURFACE_CURVE('',#1757,(#1762,#1769),.PCURVE_S1.);
#1757 = CIRCLE('',#1758,8.215460526316E-02);
#1758 = AXIS2_PLACEMENT_3D('',#1759,#1760,#1761);
#1759 = CARTESIAN_POINT('',(-2.384868421053E-03,0.,0.3359375));
#1760 = DIRECTION('',(0.,0.,1.));
#1761 = DIRECTION('',(1.,0.,-0.));
#1762 = PCURVE('',#880,#1763);
#1763 = DEFINITIONAL_REPRESENTATION('',(#1764),#1768);
#1764 = CIRCLE('',#1765,8.215460526316E-02);
#1765 = AXIS2_PLACEMENT_2D('',#1766,#1767);
#1766 = CARTESIAN_POINT('',(0.146052631579,0.));
#1767 = DIRECTION('',(1.,0.));
#1768 = ( GEOMETRIC_REPRESENTATION_CONTEXT(2) 
PARAMETRIC_REPRESENTATION_CONTEXT() REPRESENTATION_CONTEXT('2D SPACE',''
  ) );
#1769 = PCURVE('',#1770,#1775);
#1770 = CYLINDRICAL_SURFACE('',#1771,8.215460526316E-02);
#1771 = AXIS2_PLACEMENT_3D('',#1772,#1773,#1774);
#1772 = CARTESIAN_POINT('',(-2.384868421053E-03,0.,0.3359375));
#1773 = DIRECTION('',(-0.,-0.,-1.));
#1774 = DIRECTION('',(1.,0.,-0.));
#1775 = DEFINITIONAL_REPRESENTATION('',(#1776),#1780);
#1776 = LINE('',#1777,#1778);
#1777 = CARTESIAN_POINT('',(-0.,0.));
#1778 = VECTOR('',#1779,1.);
#1779 = DIRECTION('',(-1.,0.));
#1780 = ( GEOMETRIC_REPRESENTATION_CONTEXT(2) 
PARAMETRIC_REPRESENTATION_CONTEXT() REPRESENTATION_CONTEXT('2D SPACE',''
  ) );
#1781 = ADVANCED_FACE('',(#1782),#935,.F.);
#1782 = FACE_BOUND('',#1783,.F.);
#1783 = EDGE_LOOP('',(#1784,#1815,#1836,#1837,#1838,#1839,#1840,#1864));
#1784 = ORIENTED_EDGE('',*,*,#1785,.F.);
#1785 = EDGE_CURVE('',#1786,#1788,#1790,.T.);
#1786 = VERTEX_POINT('',#1787);
#1787 = CARTESIAN_POINT('',(0.1640625,6.578947368421E-04,0.227220394737)
  );
#1788 = VERTEX_POINT('',#1789);
#1789 = CARTESIAN_POINT('',(0.1640625,1.702535377359E-02,0.103062287277)
  );
#1790 = SURFACE_CURVE('',#1791,(#1796,#1803),.PCURVE_S1.);
#1791 = CIRCLE('',#1792,6.315789473684E-02);
#1792 = AXIS2_PLACEMENT_3D('',#1793,#1794,#1795);
#1793 = CARTESIAN_POINT('',(0.1640625,6.578947368421E-04,0.1640625));
#1794 = DIRECTION('',(1.,0.,6.123233995737E-17));
#1795 = DIRECTION('',(-6.123233995737E-17,0.,1.));
#1796 = PCURVE('',#935,#1797);
#1797 = DEFINITIONAL_REPRESENTATION('',(#1798),#1802);
#1798 = LINE('',#1799,#1800);
#1799 = CARTESIAN_POINT('',(0.,0.));
#1800 = VECTOR('',#1801,1.);
#1801 = DIRECTION('',(1.,0.));
#1802 = ( GEOMETRIC_REPRESENTATION_CONTEXT(2) 
PARAMETRIC_REPRESENTATION_CONTEXT() REPRESENTATION_CONTEXT('2D SPACE',''
  ) );
#1803 = PCURVE('',#1804,#1809);
#1804 = PLANE('',#1805);
#1805 = AXIS2_PLACEMENT_3D('',#1806,#1807,#1808);
#1806 = CARTESIAN_POINT('',(0.1640625,-6.25E-02,0.1640625));
#1807 = DIRECTION('',(1.,0.,6.123233995737E-17));
#1808 = DIRECTION('',(3.749399456655E-33,1.,-6.123233995737E-17));
#1809 = DEFINITIONAL_REPRESENTATION('',(#1810),#1814);
#1810 = CIRCLE('',#1811,6.315789473684E-02);
#1811 = AXIS2_PLACEMENT_2D('',#1812,#1813);
#1812 = CARTESIAN_POINT('',(6.315789473684E-02,3.867305681518E-18));
#1813 = DIRECTION('',(-6.123233995737E-17,1.));
#1814 = ( GEOMETRIC_REPRESENTATION_CONTEXT(2) 
PARAMETRIC_REPRESENTATION_CONTEXT() REPRESENTATION_CONTEXT('2D SPACE',''
  ) );
#1815 = ORIENTED_EDGE('',*,*,#1816,.T.);
#1816 = EDGE_CURVE('',#1786,#916,#1817,.T.);
#1817 = SEAM_CURVE('',#1818,(#1822,#1829),.PCURVE_S1.);
#1818 = LINE('',#1819,#1820);
#1819 = CARTESIAN_POINT('',(0.1640625,6.578947368421E-04,0.227220394737)
  );
#1820 = VECTOR('',#1821,1.);
#1821 = DIRECTION('',(-1.,-0.,-6.123233995737E-17));
#1822 = PCURVE('',#935,#1823);
#1823 = DEFINITIONAL_REPRESENTATION('',(#1824),#1828);
#1824 = LINE('',#1825,#1826);
#1825 = CARTESIAN_POINT('',(6.28318530718,0.));
#1826 = VECTOR('',#1827,1.);
#1827 = DIRECTION('',(0.,-1.));
#1828 = ( GEOMETRIC_REPRESENTATION_CONTEXT(2) 
PARAMETRIC_REPRESENTATION_CONTEXT() REPRESENTATION_CONTEXT('2D SPACE',''
  ) );
#1829 = PCURVE('',#935,#1830);
#1830 = DEFINITIONAL_REPRESENTATION('',(#1831),#1835);
#1831 = LINE('',#1832,#1833);
#1832 = CARTESIAN_POINT('',(0.,0.));
#1833 = VECTOR('',#1834,1.);
#1834 = DIRECTION('',(0.,-1.));
#1835 = ( GEOMETRIC_REPRESENTATION_CONTEXT(2) 
PARAMETRIC_REPRESENTATION_CONTEXT() REPRESENTATION_CONTEXT('2D SPACE',''
  ) );
#1836 = ORIENTED_EDGE('',*,*,#915,.T.);
#1837 = ORIENTED_EDGE('',*,*,#1154,.T.);
#1838 = ORIENTED_EDGE('',*,*,#949,.T.);
#1839 = ORIENTED_EDGE('',*,*,#1816,.F.);
#1840 = ORIENTED_EDGE('',*,*,#1841,.F.);
#1841 = EDGE_CURVE('',#1842,#1786,#1844,.T.);
#1842 = VERTEX_POINT('',#1843);
#1843 = CARTESIAN_POINT('',(0.1640625,1.702535377359E-02,0.225062712723)
  );
#1844 = SURFACE_CURVE('',#1845,(#1850,#1857),.PCURVE_S1.);
#1845 = CIRCLE('',#1846,6.315789473684E-02);
#1846 = AXIS2_PLACEMENT_3D('',#1847,#1848,#1849);
#1847 = CARTESIAN_POINT('',(0.1640625,6.578947368421E-04,0.1640625));
#1848 = DIRECTION('',(1.,0.,6.123233995737E-17));
#1849 = DIRECTION('',(-6.123233995737E-17,0.,1.));
#1850 = PCURVE('',#935,#1851);
#1851 = DEFINITIONAL_REPRESENTATION('',(#1852),#1856);
#1852 = LINE('',#1853,#1854);
#1853 = CARTESIAN_POINT('',(0.,0.));
#1854 = VECTOR('',#1855,1.);
#1855 = DIRECTION('',(1.,0.));
#1856 = ( GEOMETRIC_REPRESENTATION_CONTEXT(2) 
PARAMETRIC_REPRESENTATION_CONTEXT() REPRESENTATION_CONTEXT('2D SPACE',''
  ) );
#1857 = PCURVE('',#1804,#1858);
#1858 = DEFINITIONAL_REPRESENTATION('',(#1859),#1863);
#1859 = CIRCLE('',#1860,6.315789473684E-02);
#1860 = AXIS2_PLACEMENT_2D('',#1861,#1862);
#1861 = CARTESIAN_POINT('',(6.315789473684E-02,3.867305681518E-18));
#1862 = DIRECTION('',(-6.123233995737E-17,1.));
#1863 = ( GEOMETRIC_REPRESENTATION_CONTEXT(2) 
PARAMETRIC_REPRESENTATION_CONTEXT() REPRESENTATION_CONTEXT('2D SPACE',''
  ) );
#1864 = ORIENTED_EDGE('',*,*,#1865,.F.);
#1865 = EDGE_CURVE('',#1788,#1842,#1866,.T.);
#1866 = SURFACE_CURVE('',#1867,(#1872,#1879),.PCURVE_S1.);
#1867 = CIRCLE('',#1868,6.315789473684E-02);
#1868 = AXIS2_PLACEMENT_3D('',#1869,#1870,#1871);
#1869 = CARTESIAN_POINT('',(0.1640625,6.578947368421E-04,0.1640625));
#1870 = DIRECTION('',(1.,0.,6.123233995737E-17));
#1871 = DIRECTION('',(-6.123233995737E-17,0.,1.));
#1872 = PCURVE('',#935,#1873);
#1873 = DEFINITIONAL_REPRESENTATION('',(#1874),#1878);
#1874 = LINE('',#1875,#1876);
#1875 = CARTESIAN_POINT('',(0.,0.));
#1876 = VECTOR('',#1877,1.);
#1877 = DIRECTION('',(1.,0.));
#1878 = ( GEOMETRIC_REPRESENTATION_CONTEXT(2) 
PARAMETRIC_REPRESENTATION_CONTEXT() REPRESENTATION_CONTEXT('2D SPACE',''
  ) );
#1879 = PCURVE('',#1880,#1885);
#1880 = PLANE('',#1881);
#1881 = AXIS2_PLACEMENT_3D('',#1882,#1883,#1884);
#1882 = CARTESIAN_POINT('',(0.1640625,-6.25E-02,0.1640625));
#1883 = DIRECTION('',(1.,0.,6.123233995737E-17));
#1884 = DIRECTION('',(3.749399456655E-33,1.,-6.123233995737E-17));
#1885 = DEFINITIONAL_REPRESENTATION('',(#1886),#1890);
#1886 = CIRCLE('',#1887,6.315789473684E-02);
#1887 = AXIS2_PLACEMENT_2D('',#1888,#1889);
#1888 = CARTESIAN_POINT('',(6.315789473684E-02,3.867305681518E-18));
#1889 = DIRECTION('',(-6.123233995737E-17,1.));
#1890 = ( GEOMETRIC_REPRESENTATION_CONTEXT(2) 
PARAMETRIC_REPRESENTATION_CONTEXT() REPRESENTATION_CONTEXT('2D SPACE',''
  ) );
#1891 = ADVANCED_FACE('',(#1892,#1895),#1662,.T.);
#1892 = FACE_BOUND('',#1893,.T.);
#1893 = EDGE_LOOP('',(#1894));
#1894 = ORIENTED_EDGE('',*,*,#1647,.T.);
#1895 = FACE_BOUND('',#1896,.F.);
#1896 = EDGE_LOOP('',(#1897));
#1897 = ORIENTED_EDGE('',*,*,#1898,.T.);
#1898 = EDGE_CURVE('',#1899,#1899,#1901,.T.);
#1899 = VERTEX_POINT('',#1900);
#1900 = CARTESIAN_POINT('',(7.976973684211E-02,0.,0.671875));
#1901 = SURFACE_CURVE('',#1902,(#1907,#1914),.PCURVE_S1.);
#1902 = CIRCLE('',#1903,8.215460526316E-02);
#1903 = AXIS2_PLACEMENT_3D('',#1904,#1905,#1906);
#1904 = CARTESIAN_POINT('',(-2.384868421053E-03,0.,0.671875));
#1905 = DIRECTION('',(0.,0.,1.));
#1906 = DIRECTION('',(1.,0.,-0.));
#1907 = PCURVE('',#1662,#1908);
#1908 = DEFINITIONAL_REPRESENTATION('',(#1909),#1913);
#1909 = CIRCLE('',#1910,8.215460526316E-02);
#1910 = AXIS2_PLACEMENT_2D('',#1911,#1912);
#1911 = CARTESIAN_POINT('',(0.146052631579,0.));
#1912 = DIRECTION('',(1.,0.));
#1913 = ( GEOMETRIC_REPRESENTATION_CONTEXT(2) 
PARAMETRIC_REPRESENTATION_CONTEXT() REPRESENTATION_CONTEXT('2D SPACE',''
  ) );
#1914 = PCURVE('',#1770,#1915);
#1915 = DEFINITIONAL_REPRESENTATION('',(#1916),#1920);
#1916 = LINE('',#1917,#1918);
#1917 = CARTESIAN_POINT('',(-0.,-0.3359375));
#1918 = VECTOR('',#1919,1.);
#1919 = DIRECTION('',(-1.,0.));
#1920 = ( GEOMETRIC_REPRESENTATION_CONTEXT(2) 
PARAMETRIC_REPRESENTATION_CONTEXT() REPRESENTATION_CONTEXT('2D SPACE',''
  ) );
#1921 = ADVANCED_FACE('',(#1922),#1735,.F.);
#1922 = FACE_BOUND('',#1923,.T.);
#1923 = EDGE_LOOP('',(#1924,#1953,#1974,#1975));
#1924 = ORIENTED_EDGE('',*,*,#1925,.T.);
#1925 = EDGE_CURVE('',#1926,#1926,#1928,.T.);
#1926 = VERTEX_POINT('',#1927);
#1927 = CARTESIAN_POINT('',(0.171875,5.016447368421E-03,0.226233552632)
  );
#1928 = SURFACE_CURVE('',#1929,(#1934,#1941),.PCURVE_S1.);
#1929 = CIRCLE('',#1930,6.217105263158E-02);
#1930 = AXIS2_PLACEMENT_3D('',#1931,#1932,#1933);
#1931 = CARTESIAN_POINT('',(0.171875,5.016447368421E-03,0.1640625));
#1932 = DIRECTION('',(-1.,0.,-6.123233995737E-17));
#1933 = DIRECTION('',(-6.123233995737E-17,0.,1.));
#1934 = PCURVE('',#1735,#1935);
#1935 = DEFINITIONAL_REPRESENTATION('',(#1936),#1940);
#1936 = LINE('',#1937,#1938);
#1937 = CARTESIAN_POINT('',(-6.28318530718,-7.8125E-03));
#1938 = VECTOR('',#1939,1.);
#1939 = DIRECTION('',(1.,-0.));
#1940 = ( GEOMETRIC_REPRESENTATION_CONTEXT(2) 
PARAMETRIC_REPRESENTATION_CONTEXT() REPRESENTATION_CONTEXT('2D SPACE',''
  ) );
#1941 = PCURVE('',#1942,#1947);
#1942 = PLANE('',#1943);
#1943 = AXIS2_PLACEMENT_3D('',#1944,#1945,#1946);
#1944 = CARTESIAN_POINT('',(0.171875,-0.1640625,0.));
#1945 = DIRECTION('',(-1.,0.,0.));
#1946 = DIRECTION('',(0.,1.,0.));
#1947 = DEFINITIONAL_REPRESENTATION('',(#1948),#1952);
#1948 = CIRCLE('',#1949,6.217105263158E-02);
#1949 = AXIS2_PLACEMENT_2D('',#1950,#1951);
#1950 = CARTESIAN_POINT('',(0.169078947368,-0.1640625));
#1951 = DIRECTION('',(0.,-1.));
#1952 = ( GEOMETRIC_REPRESENTATION_CONTEXT(2) 
PARAMETRIC_REPRESENTATION_CONTEXT() REPRESENTATION_CONTEXT('2D SPACE',''
  ) );
#1953 = ORIENTED_EDGE('',*,*,#1954,.T.);
#1954 = EDGE_CURVE('',#1926,#1719,#1955,.T.);
#1955 = SEAM_CURVE('',#1956,(#1960,#1967),.PCURVE_S1.);
#1956 = LINE('',#1957,#1958);
#1957 = CARTESIAN_POINT('',(0.1640625,5.016447368421E-03,0.226233552632)
  );
#1958 = VECTOR('',#1959,1.);
#1959 = DIRECTION('',(1.,0.,6.123233995737E-17));
#1960 = PCURVE('',#1735,#1961);
#1961 = DEFINITIONAL_REPRESENTATION('',(#1962),#1966);
#1962 = LINE('',#1963,#1964);
#1963 = CARTESIAN_POINT('',(-6.28318530718,0.));
#1964 = VECTOR('',#1965,1.);
#1965 = DIRECTION('',(-0.,-1.));
#1966 = ( GEOMETRIC_REPRESENTATION_CONTEXT(2) 
PARAMETRIC_REPRESENTATION_CONTEXT() REPRESENTATION_CONTEXT('2D SPACE',''
  ) );
#1967 = PCURVE('',#1735,#1968);
#1968 = DEFINITIONAL_REPRESENTATION('',(#1969),#1973);
#1969 = LINE('',#1970,#1971);
#1970 = CARTESIAN_POINT('',(-0.,0.));
#1971 = VECTOR('',#1972,1.);
#1972 = DIRECTION('',(-0.,-1.));
#1973 = ( GEOMETRIC_REPRESENTATION_CONTEXT(2) 
PARAMETRIC_REPRESENTATION_CONTEXT() REPRESENTATION_CONTEXT('2D SPACE',''
  ) );
#1974 = ORIENTED_EDGE('',*,*,#1718,.T.);
#1975 = ORIENTED_EDGE('',*,*,#1954,.F.);
#1976 = ADVANCED_FACE('',(#1977),#1770,.F.);
#1977 = FACE_BOUND('',#1978,.T.);
#1978 = EDGE_LOOP('',(#1979,#2000,#2001,#2002));
#1979 = ORIENTED_EDGE('',*,*,#1980,.T.);
#1980 = EDGE_CURVE('',#1754,#1899,#1981,.T.);
#1981 = SEAM_CURVE('',#1982,(#1986,#1993),.PCURVE_S1.);
#1982 = LINE('',#1983,#1984);
#1983 = CARTESIAN_POINT('',(7.976973684211E-02,0.,0.3359375));
#1984 = VECTOR('',#1985,1.);
#1985 = DIRECTION('',(0.,0.,1.));
#1986 = PCURVE('',#1770,#1987);
#1987 = DEFINITIONAL_REPRESENTATION('',(#1988),#1992);
#1988 = LINE('',#1989,#1990);
#1989 = CARTESIAN_POINT('',(-0.,0.));
#1990 = VECTOR('',#1991,1.);
#1991 = DIRECTION('',(-0.,-1.));
#1992 = ( GEOMETRIC_REPRESENTATION_CONTEXT(2) 
PARAMETRIC_REPRESENTATION_CONTEXT() REPRESENTATION_CONTEXT('2D SPACE',''
  ) );
#1993 = PCURVE('',#1770,#1994);
#1994 = DEFINITIONAL_REPRESENTATION('',(#1995),#1999);
#1995 = LINE('',#1996,#1997);
#1996 = CARTESIAN_POINT('',(-6.28318530718,0.));
#1997 = VECTOR('',#1998,1.);
#1998 = DIRECTION('',(-0.,-1.));
#1999 = ( GEOMETRIC_REPRESENTATION_CONTEXT(2) 
PARAMETRIC_REPRESENTATION_CONTEXT() REPRESENTATION_CONTEXT('2D SPACE',''
  ) );
#2000 = ORIENTED_EDGE('',*,*,#1898,.T.);
#2001 = ORIENTED_EDGE('',*,*,#1980,.F.);
#2002 = ORIENTED_EDGE('',*,*,#1753,.F.);
#2003 = ADVANCED_FACE('',(#2004),#1804,.F.);
#2004 = FACE_BOUND('',#2005,.F.);
#2005 = EDGE_LOOP('',(#2006,#2007,#2008,#2032));
#2006 = ORIENTED_EDGE('',*,*,#1841,.T.);
#2007 = ORIENTED_EDGE('',*,*,#1785,.T.);
#2008 = ORIENTED_EDGE('',*,*,#2009,.F.);
#2009 = EDGE_CURVE('',#2010,#1788,#2012,.T.);
#2010 = VERTEX_POINT('',#2011);
#2011 = CARTESIAN_POINT('',(0.1640625,5.016447368421E-03,0.226233552632)
  );
#2012 = SURFACE_CURVE('',#2013,(#2018,#2025),.PCURVE_S1.);
#2013 = CIRCLE('',#2014,6.217105263158E-02);
#2014 = AXIS2_PLACEMENT_3D('',#2015,#2016,#2017);
#2015 = CARTESIAN_POINT('',(0.1640625,5.016447368421E-03,0.1640625));
#2016 = DIRECTION('',(1.,0.,6.123233995737E-17));
#2017 = DIRECTION('',(-6.123233995737E-17,0.,1.));
#2018 = PCURVE('',#1804,#2019);
#2019 = DEFINITIONAL_REPRESENTATION('',(#2020),#2024);
#2020 = CIRCLE('',#2021,6.217105263158E-02);
#2021 = AXIS2_PLACEMENT_2D('',#2022,#2023);
#2022 = CARTESIAN_POINT('',(6.751644736842E-02,4.134190057977E-18));
#2023 = DIRECTION('',(-6.123233995737E-17,1.));
#2024 = ( GEOMETRIC_REPRESENTATION_CONTEXT(2) 
PARAMETRIC_REPRESENTATION_CONTEXT() REPRESENTATION_CONTEXT('2D SPACE',''
  ) );
#2025 = PCURVE('',#1880,#2026);
#2026 = DEFINITIONAL_REPRESENTATION('',(#2027),#2031);
#2027 = CIRCLE('',#2028,6.217105263158E-02);
#2028 = AXIS2_PLACEMENT_2D('',#2029,#2030);
#2029 = CARTESIAN_POINT('',(6.751644736842E-02,4.134190057977E-18));
#2030 = DIRECTION('',(-6.123233995737E-17,1.));
#2031 = ( GEOMETRIC_REPRESENTATION_CONTEXT(2) 
PARAMETRIC_REPRESENTATION_CONTEXT() REPRESENTATION_CONTEXT('2D SPACE',''
  ) );
#2032 = ORIENTED_EDGE('',*,*,#2033,.F.);
#2033 = EDGE_CURVE('',#1842,#2010,#2034,.T.);
#2034 = SURFACE_CURVE('',#2035,(#2040,#2047),.PCURVE_S1.);
#2035 = CIRCLE('',#2036,6.217105263158E-02);
#2036 = AXIS2_PLACEMENT_3D('',#2037,#2038,#2039);
#2037 = CARTESIAN_POINT('',(0.1640625,5.016447368421E-03,0.1640625));
#2038 = DIRECTION('',(1.,0.,6.123233995737E-17));
#2039 = DIRECTION('',(-6.123233995737E-17,0.,1.));
#2040 = PCURVE('',#1804,#2041);
#2041 = DEFINITIONAL_REPRESENTATION('',(#2042),#2046);
#2042 = CIRCLE('',#2043,6.217105263158E-02);
#2043 = AXIS2_PLACEMENT_2D('',#2044,#2045);
#2044 = CARTESIAN_POINT('',(6.751644736842E-02,4.134190057977E-18));
#2045 = DIRECTION('',(-6.123233995737E-17,1.));
#2046 = ( GEOMETRIC_REPRESENTATION_CONTEXT(2) 
PARAMETRIC_REPRESENTATION_CONTEXT() REPRESENTATION_CONTEXT('2D SPACE',''
  ) );
#2047 = PCURVE('',#1880,#2048);
#2048 = DEFINITIONAL_REPRESENTATION('',(#2049),#2053);
#2049 = CIRCLE('',#2050,6.217105263158E-02);
#2050 = AXIS2_PLACEMENT_2D('',#2051,#2052);
#2051 = CARTESIAN_POINT('',(6.751644736842E-02,4.134190057977E-18));
#2052 = DIRECTION('',(-6.123233995737E-17,1.));
#2053 = ( GEOMETRIC_REPRESENTATION_CONTEXT(2) 
PARAMETRIC_REPRESENTATION_CONTEXT() REPRESENTATION_CONTEXT('2D SPACE',''
  ) );
#2054 = ADVANCED_FACE('',(#2055),#1880,.F.);
#2055 = FACE_BOUND('',#2056,.F.);
#2056 = EDGE_LOOP('',(#2057,#2058,#2059));
#2057 = ORIENTED_EDGE('',*,*,#2009,.T.);
#2058 = ORIENTED_EDGE('',*,*,#1865,.T.);
#2059 = ORIENTED_EDGE('',*,*,#2033,.T.);
#2060 = ADVANCED_FACE('',(#2061),#1942,.F.);
#2061 = FACE_BOUND('',#2062,.F.);
#2062 = EDGE_LOOP('',(#2063));
#2063 = ORIENTED_EDGE('',*,*,#1925,.T.);
#2064 = ( GEOMETRIC_REPRESENTATION_CONTEXT(3) 
GLOBAL_UNCERTAINTY_ASSIGNED_CONTEXT((#2068)) 
GLOBAL_UNIT_ASSIGNED_CONTEXT((#2065,#2066,#2067)) REPRESENTATION_CONTEXT
('Context #1','3D Context with UNIT and UNCERTAINTY') );
#2065 = ( LENGTH_UNIT() NAMED_UNIT(*) SI_UNIT(.MILLI.,.METRE.) );
#2066 = ( NAMED_UNIT(*) PLANE_ANGLE_UNIT() SI_UNIT($,.RADIAN.) );
#2067 = ( NAMED_UNIT(*) SI_UNIT($,.STERADIAN.) SOLID_ANGLE_UNIT() );
#2068 = UNCERTAINTY_MEASURE_WITH_UNIT(LENGTH_MEASURE(1.E-07),#2065,
  'distance_accuracy_value','confusion accuracy');
#2069 = PRODUCT_RELATED_PRODUCT_CATEGORY('detail',$,(#7));
#2070 = PRODUCT_CATEGORY_RELATIONSHIP('','',#2071,#2069);
#2071 = PRODUCT_CATEGORY('part',$);
#2072 = CC_DESIGN_PERSON_AND_ORGANIZATION_ASSIGNMENT(#2073,#2076,(#6,#5)
  );
#2073 = PERSON_AND_ORGANIZATION(#2074,#2075);
#2074 = PERSON('IP172.17.0,root','','root',$,$,$);
#2075 = ORGANIZATION('IP172.17.0','Unspecified','');
#2076 = PERSON_AND_ORGANIZATION_ROLE('creator');
#2077 = CC_DESIGN_PERSON_AND_ORGANIZATION_ASSIGNMENT(#2073,#2078,(#7));
#2078 = PERSON_AND_ORGANIZATION_ROLE('design_owner');
#2079 = CC_DESIGN_PERSON_AND_ORGANIZATION_ASSIGNMENT(#2073,#2080,(#6));
#2080 = PERSON_AND_ORGANIZATION_ROLE('design_supplier');
#2081 = CC_DESIGN_PERSON_AND_ORGANIZATION_ASSIGNMENT(#2073,#2082,(#2083)
  );
#2082 = PERSON_AND_ORGANIZATION_ROLE('classification_officer');
#2083 = SECURITY_CLASSIFICATION('','',#2084);
#2084 = SECURITY_CLASSIFICATION_LEVEL('unclassified');
#2085 = CC_DESIGN_SECURITY_CLASSIFICATION(#2083,(#6));
#2086 = CC_DESIGN_DATE_AND_TIME_ASSIGNMENT(#2087,#2091,(#5));
#2087 = DATE_AND_TIME(#2088,#2089);
#2088 = CALENDAR_DATE(2026,19,6);
#2089 = LOCAL_TIME(22,17,$,#2090);
#2090 = COORDINATED_UNIVERSAL_TIME_OFFSET(8,$,.AHEAD.);
#2091 = DATE_TIME_ROLE('creation_date');
#2092 = CC_DESIGN_DATE_AND_TIME_ASSIGNMENT(#2087,#2093,(#2083));
#2093 = DATE_TIME_ROLE('classification_date');
#2094 = CC_DESIGN_APPROVAL(#2095,(#6,#5,#2083));
#2095 = APPROVAL(#2096,'');
#2096 = APPROVAL_STATUS('not_yet_approved');
#2097 = APPROVAL_PERSON_ORGANIZATION(#2073,#2095,#2098);
#2098 = APPROVAL_ROLE('approver');
#2099 = APPROVAL_DATE_TIME(#2087,#2095);
ENDSEC;
END-ISO-10303-21;
