ISO-10303-21;
HEADER;
FILE_DESCRIPTION(('Open CASCADE Model'),'2;1');
FILE_NAME('Open CASCADE Shape Model','2026-06-19T22:17:24',('Author'),(
    'Open CASCADE'),'Open CASCADE STEP processor 7.8','Open CASCADE 7.8'
  ,'Unknown');
FILE_SCHEMA(('CONFIG_CONTROL_DESIGN'));
ENDSEC;
DATA;
#1 = APPLICATION_PROTOCOL_DEFINITION('international standard',
  'config_control_design',1994,#2);
#2 = APPLICATION_CONTEXT(
'configuration controlled 3D designs of mechanical parts and assemblies'
  );
#3 = SHAPE_DEFINITION_REPRESENTATION(#4,#10);
#4 = PRODUCT_DEFINITION_SHAPE('','',#5);
#5 = PRODUCT_DEFINITION('design','',#6,#9);
#6 = PRODUCT_DEFINITION_FORMATION_WITH_SPECIFIED_SOURCE('','',#7,
  .NOT_KNOWN.);
#7 = PRODUCT('Open CASCADE STEP translator 7.8 34',
  'Open CASCADE STEP translator 7.8 34','',(#8));
#8 = MECHANICAL_CONTEXT('',#2,'mechanical');
#9 = DESIGN_CONTEXT('',#2,'design');
#10 = SHAPE_REPRESENTATION('',(#11,#15,#19),#23);
#11 = AXIS2_PLACEMENT_3D('',#12,#13,#14);
#12 = CARTESIAN_POINT('',(0.,0.,0.));
#13 = DIRECTION('',(0.,0.,1.));
#14 = DIRECTION('',(1.,0.,-0.));
#15 = AXIS2_PLACEMENT_3D('',#16,#17,#18);
#16 = CARTESIAN_POINT('',(0.,0.,0.));
#17 = DIRECTION('',(0.,0.,1.));
#18 = DIRECTION('',(1.,0.,-0.));
#19 = AXIS2_PLACEMENT_3D('',#20,#21,#22);
#20 = CARTESIAN_POINT('',(0.,0.,0.));
#21 = DIRECTION('',(0.,0.,1.));
#22 = DIRECTION('',(1.,0.,-0.));
#23 = ( GEOMETRIC_REPRESENTATION_CONTEXT(3) 
GLOBAL_UNCERTAINTY_ASSIGNED_CONTEXT((#27)) GLOBAL_UNIT_ASSIGNED_CONTEXT(
(#24,#25,#26)) REPRESENTATION_CONTEXT('Context #1',
  '3D Context with UNIT and UNCERTAINTY') );
#24 = ( LENGTH_UNIT() NAMED_UNIT(*) SI_UNIT(.MILLI.,.METRE.) );
#25 = ( NAMED_UNIT(*) PLANE_ANGLE_UNIT() SI_UNIT($,.RADIAN.) );
#26 = ( NAMED_UNIT(*) SI_UNIT($,.STERADIAN.) SOLID_ANGLE_UNIT() );
#27 = UNCERTAINTY_MEASURE_WITH_UNIT(LENGTH_MEASURE(1.E-07),#24,
  'distance_accuracy_value','confusion accuracy');
#28 = PRODUCT_RELATED_PRODUCT_CATEGORY('detail',$,(#7));
#29 = PRODUCT_CATEGORY_RELATIONSHIP('','',#30,#28);
#30 = PRODUCT_CATEGORY('part',$);
#31 = CC_DESIGN_PERSON_AND_ORGANIZATION_ASSIGNMENT(#32,#35,(#6,#5));
#32 = PERSON_AND_ORGANIZATION(#33,#34);
#33 = PERSON('IP172.17.0,root','','root',$,$,$);
#34 = ORGANIZATION('IP172.17.0','Unspecified','');
#35 = PERSON_AND_ORGANIZATION_ROLE('creator');
#36 = CC_DESIGN_PERSON_AND_ORGANIZATION_ASSIGNMENT(#32,#37,(#7));
#37 = PERSON_AND_ORGANIZATION_ROLE('design_owner');
#38 = CC_DESIGN_PERSON_AND_ORGANIZATION_ASSIGNMENT(#32,#39,(#6));
#39 = PERSON_AND_ORGANIZATION_ROLE('design_supplier');
#40 = CC_DESIGN_PERSON_AND_ORGANIZATION_ASSIGNMENT(#32,#41,(#42));
#41 = PERSON_AND_ORGANIZATION_ROLE('classification_officer');
#42 = SECURITY_CLASSIFICATION('','',#43);
#43 = SECURITY_CLASSIFICATION_LEVEL('unclassified');
#44 = CC_DESIGN_SECURITY_CLASSIFICATION(#42,(#6));
#45 = CC_DESIGN_DATE_AND_TIME_ASSIGNMENT(#46,#50,(#5));
#46 = DATE_AND_TIME(#47,#48);
#47 = CALENDAR_DATE(2026,19,6);
#48 = LOCAL_TIME(22,17,$,#49);
#49 = COORDINATED_UNIVERSAL_TIME_OFFSET(8,$,.AHEAD.);
#50 = DATE_TIME_ROLE('creation_date');
#51 = CC_DESIGN_DATE_AND_TIME_ASSIGNMENT(#46,#52,(#42));
#52 = DATE_TIME_ROLE('classification_date');
#53 = CC_DESIGN_APPROVAL(#54,(#6,#5,#42));
#54 = APPROVAL(#55,'');
#55 = APPROVAL_STATUS('not_yet_approved');
#56 = APPROVAL_PERSON_ORGANIZATION(#32,#54,#57);
#57 = APPROVAL_ROLE('approver');
#58 = APPROVAL_DATE_TIME(#46,#54);
#59 = SHAPE_DEFINITION_REPRESENTATION(#60,#66);
#60 = PRODUCT_DEFINITION_SHAPE('','',#61);
#61 = PRODUCT_DEFINITION('design','',#62,#65);
#62 = PRODUCT_DEFINITION_FORMATION_WITH_SPECIFIED_SOURCE('','',#63,
  .NOT_KNOWN.);
#63 = PRODUCT('Open CASCADE STEP translator 7.8 34.1',
  'Open CASCADE STEP translator 7.8 34.1','',(#64));
#64 = MECHANICAL_CONTEXT('',#2,'mechanical');
#65 = DESIGN_CONTEXT('',#2,'design');
#66 = ADVANCED_BREP_SHAPE_REPRESENTATION('',(#11,#67),#1649);
#67 = MANIFOLD_SOLID_BREP('',#68);
#68 = CLOSED_SHELL('',(#69,#202,#453,#540,#619,#673,#747,#796,#843,#912,
    #961,#988,#1042,#1091,#1118,#1249,#1330,#1408,#1457,#1507,#1556,
    #1564,#1615,#1642));
#69 = ADVANCED_FACE('',(#70),#84,.F.);
#70 = FACE_BOUND('',#71,.F.);
#71 = EDGE_LOOP('',(#72,#107,#135,#158,#181));
#72 = ORIENTED_EDGE('',*,*,#73,.T.);
#73 = EDGE_CURVE('',#74,#76,#78,.T.);
#74 = VERTEX_POINT('',#75);
#75 = CARTESIAN_POINT('',(-0.65625,0.,0.109375));
#76 = VERTEX_POINT('',#77);
#77 = CARTESIAN_POINT('',(-0.651644736842,6.500900566198E-18,0.109375));
#78 = SURFACE_CURVE('',#79,(#83,#95),.PCURVE_S1.);
#79 = LINE('',#80,#81);
#80 = CARTESIAN_POINT('',(-0.65625,0.,0.109375));
#81 = VECTOR('',#82,1.);
#82 = DIRECTION('',(1.,6.123233995737E-17,-6.287988812036E-17));
#83 = PCURVE('',#84,#89);
#84 = PLANE('',#85);
#85 = AXIS2_PLACEMENT_3D('',#86,#87,#88);
#86 = CARTESIAN_POINT('',(-0.75,0.,0.));
#87 = DIRECTION('',(6.123233995737E-17,-1.,6.123233995737E-17));
#88 = DIRECTION('',(1.,6.123233995737E-17,-6.123233995737E-17));
#89 = DEFINITIONAL_REPRESENTATION('',(#90),#94);
#90 = LINE('',#91,#92);
#91 = CARTESIAN_POINT('',(9.375E-02,0.109375));
#92 = VECTOR('',#93,1.);
#93 = DIRECTION('',(1.,-1.647548162995E-18));
#94 = ( GEOMETRIC_REPRESENTATION_CONTEXT(2) 
PARAMETRIC_REPRESENTATION_CONTEXT() REPRESENTATION_CONTEXT('2D SPACE',''
  ) );
#95 = PCURVE('',#96,#101);
#96 = PLANE('',#97);
#97 = AXIS2_PLACEMENT_3D('',#98,#99,#100);
#98 = CARTESIAN_POINT('',(-0.75,0.,0.));
#99 = DIRECTION('',(6.123233995737E-17,-1.,6.123233995737E-17));
#100 = DIRECTION('',(1.,6.123233995737E-17,-6.123233995737E-17));
#101 = DEFINITIONAL_REPRESENTATION('',(#102),#106);
#102 = LINE('',#103,#104);
#103 = CARTESIAN_POINT('',(9.375E-02,0.109375));
#104 = VECTOR('',#105,1.);
#105 = DIRECTION('',(1.,-1.647548162995E-18));
#106 = ( GEOMETRIC_REPRESENTATION_CONTEXT(2) 
PARAMETRIC_REPRESENTATION_CONTEXT() REPRESENTATION_CONTEXT('2D SPACE',''
  ) );
#107 = ORIENTED_EDGE('',*,*,#108,.T.);
#108 = EDGE_CURVE('',#76,#109,#111,.T.);
#109 = VERTEX_POINT('',#110);
#110 = CARTESIAN_POINT('',(-0.651644736842,1.297158780676E-17,
    0.113486842105));
#111 = SURFACE_CURVE('',#112,(#116,#123),.PCURVE_S1.);
#112 = LINE('',#113,#114);
#113 = CARTESIAN_POINT('',(-0.651644736842,6.022522910281E-18,
    -6.022522910281E-18));
#114 = VECTOR('',#115,1.);
#115 = DIRECTION('',(0.,6.123233995737E-17,1.));
#116 = PCURVE('',#84,#117);
#117 = DEFINITIONAL_REPRESENTATION('',(#118),#122);
#118 = LINE('',#119,#120);
#119 = CARTESIAN_POINT('',(9.835526315789E-02,2.311115933265E-33));
#120 = VECTOR('',#121,1.);
#121 = DIRECTION('',(-6.123233995737E-17,1.));
#122 = ( GEOMETRIC_REPRESENTATION_CONTEXT(2) 
PARAMETRIC_REPRESENTATION_CONTEXT() REPRESENTATION_CONTEXT('2D SPACE',''
  ) );
#123 = PCURVE('',#124,#129);
#124 = PLANE('',#125);
#125 = AXIS2_PLACEMENT_3D('',#126,#127,#128);
#126 = CARTESIAN_POINT('',(-0.65625,0.,0.109375));
#127 = DIRECTION('',(6.123233995737E-17,-1.,6.123233995737E-17));
#128 = DIRECTION('',(1.,6.123233995737E-17,-6.123233995737E-17));
#129 = DEFINITIONAL_REPRESENTATION('',(#130),#134);
#130 = LINE('',#131,#132);
#131 = CARTESIAN_POINT('',(4.605263157895E-03,-0.109375));
#132 = VECTOR('',#133,1.);
#133 = DIRECTION('',(-6.123233995737E-17,1.));
#134 = ( GEOMETRIC_REPRESENTATION_CONTEXT(2) 
PARAMETRIC_REPRESENTATION_CONTEXT() REPRESENTATION_CONTEXT('2D SPACE',''
  ) );
#135 = ORIENTED_EDGE('',*,*,#136,.T.);
#136 = EDGE_CURVE('',#109,#137,#139,.T.);
#137 = VERTEX_POINT('',#138);
#138 = CARTESIAN_POINT('',(-0.651644736842,8.776971097508E-18,
    0.146546052632));
#139 = SURFACE_CURVE('',#140,(#144,#151),.PCURVE_S1.);
#140 = LINE('',#141,#142);
#141 = CARTESIAN_POINT('',(-0.651644736842,1.297158780676E-17,
    0.113486842105));
#142 = VECTOR('',#143,1.);
#143 = DIRECTION('',(0.,6.123233995737E-17,1.));
#144 = PCURVE('',#84,#145);
#145 = DEFINITIONAL_REPRESENTATION('',(#146),#150);
#146 = LINE('',#147,#148);
#147 = CARTESIAN_POINT('',(9.835526315789E-02,0.113486842105));
#148 = VECTOR('',#149,1.);
#149 = DIRECTION('',(-6.123233995737E-17,1.));
#150 = ( GEOMETRIC_REPRESENTATION_CONTEXT(2) 
PARAMETRIC_REPRESENTATION_CONTEXT() REPRESENTATION_CONTEXT('2D SPACE',''
  ) );
#151 = PCURVE('',#124,#152);
#152 = DEFINITIONAL_REPRESENTATION('',(#153),#157);
#153 = LINE('',#154,#155);
#154 = CARTESIAN_POINT('',(4.605263157895E-03,4.111842105263E-03));
#155 = VECTOR('',#156,1.);
#156 = DIRECTION('',(-6.123233995737E-17,1.));
#157 = ( GEOMETRIC_REPRESENTATION_CONTEXT(2) 
PARAMETRIC_REPRESENTATION_CONTEXT() REPRESENTATION_CONTEXT('2D SPACE',''
  ) );
#158 = ORIENTED_EDGE('',*,*,#159,.T.);
#159 = EDGE_CURVE('',#137,#160,#162,.T.);
#160 = VERTEX_POINT('',#161);
#161 = CARTESIAN_POINT('',(-0.65625,2.27607053131E-18,0.146546052632));
#162 = SURFACE_CURVE('',#163,(#167,#174),.PCURVE_S1.);
#163 = LINE('',#164,#165);
#164 = CARTESIAN_POINT('',(0.2265625,5.633274564992E-17,0.146546052632)
  );
#165 = VECTOR('',#166,1.);
#166 = DIRECTION('',(-1.,-6.123233995737E-17,6.287988812036E-17));
#167 = PCURVE('',#84,#168);
#168 = DEFINITIONAL_REPRESENTATION('',(#169),#173);
#169 = LINE('',#170,#171);
#170 = CARTESIAN_POINT('',(0.9765625,0.146546052632));
#171 = VECTOR('',#172,1.);
#172 = DIRECTION('',(-1.,1.647548162995E-18));
#173 = ( GEOMETRIC_REPRESENTATION_CONTEXT(2) 
PARAMETRIC_REPRESENTATION_CONTEXT() REPRESENTATION_CONTEXT('2D SPACE',''
  ) );
#174 = PCURVE('',#96,#175);
#175 = DEFINITIONAL_REPRESENTATION('',(#176),#180);
#176 = LINE('',#177,#178);
#177 = CARTESIAN_POINT('',(0.9765625,0.146546052632));
#178 = VECTOR('',#179,1.);
#179 = DIRECTION('',(-1.,1.647548162995E-18));
#180 = ( GEOMETRIC_REPRESENTATION_CONTEXT(2) 
PARAMETRIC_REPRESENTATION_CONTEXT() REPRESENTATION_CONTEXT('2D SPACE',''
  ) );
#181 = ORIENTED_EDGE('',*,*,#182,.T.);
#182 = EDGE_CURVE('',#160,#74,#183,.T.);
#183 = SURFACE_CURVE('',#184,(#188,#195),.PCURVE_S1.);
#184 = LINE('',#185,#186);
#185 = CARTESIAN_POINT('',(-0.65625,2.27607053131E-18,0.146546052632));
#186 = VECTOR('',#187,1.);
#187 = DIRECTION('',(0.,-6.123233995737E-17,-1.));
#188 = PCURVE('',#84,#189);
#189 = DEFINITIONAL_REPRESENTATION('',(#190),#194);
#190 = LINE('',#191,#192);
#191 = CARTESIAN_POINT('',(9.375E-02,0.146546052632));
#192 = VECTOR('',#193,1.);
#193 = DIRECTION('',(6.123233995737E-17,-1.));
#194 = ( GEOMETRIC_REPRESENTATION_CONTEXT(2) 
PARAMETRIC_REPRESENTATION_CONTEXT() REPRESENTATION_CONTEXT('2D SPACE',''
  ) );
#195 = PCURVE('',#96,#196);
#196 = DEFINITIONAL_REPRESENTATION('',(#197),#201);
#197 = LINE('',#198,#199);
#198 = CARTESIAN_POINT('',(9.375E-02,0.146546052632));
#199 = VECTOR('',#200,1.);
#200 = DIRECTION('',(6.123233995737E-17,-1.));
#201 = ( GEOMETRIC_REPRESENTATION_CONTEXT(2) 
PARAMETRIC_REPRESENTATION_CONTEXT() REPRESENTATION_CONTEXT('2D SPACE',''
  ) );
#202 = ADVANCED_FACE('',(#203),#96,.F.);
#203 = FACE_BOUND('',#204,.F.);
#204 = EDGE_LOOP('',(#205,#235,#263,#291,#317,#318,#319,#320,#348,#376,
    #404,#432));
#205 = ORIENTED_EDGE('',*,*,#206,.T.);
#206 = EDGE_CURVE('',#207,#209,#211,.T.);
#207 = VERTEX_POINT('',#208);
#208 = CARTESIAN_POINT('',(-0.65625,1.722159561301E-17,0.359375));
#209 = VERTEX_POINT('',#210);
#210 = CARTESIAN_POINT('',(-0.75,2.200537217218E-17,0.359375));
#211 = SURFACE_CURVE('',#212,(#216,#223),.PCURVE_S1.);
#212 = LINE('',#213,#214);
#213 = CARTESIAN_POINT('',(-0.651644736842,2.802789508246E-17,0.359375)
  );
#214 = VECTOR('',#215,1.);
#215 = DIRECTION('',(-1.,-6.123233995737E-17,0.));
#216 = PCURVE('',#96,#217);
#217 = DEFINITIONAL_REPRESENTATION('',(#218),#222);
#218 = LINE('',#219,#220);
#219 = CARTESIAN_POINT('',(9.835526315789E-02,0.359375));
#220 = VECTOR('',#221,1.);
#221 = DIRECTION('',(-1.,-6.123233995737E-17));
#222 = ( GEOMETRIC_REPRESENTATION_CONTEXT(2) 
PARAMETRIC_REPRESENTATION_CONTEXT() REPRESENTATION_CONTEXT('2D SPACE',''
  ) );
#223 = PCURVE('',#224,#229);
#224 = PLANE('',#225);
#225 = AXIS2_PLACEMENT_3D('',#226,#227,#228);
#226 = CARTESIAN_POINT('',(-0.651644736842,2.802789508246E-17,0.359375)
  );
#227 = DIRECTION('',(3.749399456655E-33,-6.123233995737E-17,-1.));
#228 = DIRECTION('',(-1.,-6.123233995737E-17,0.));
#229 = DEFINITIONAL_REPRESENTATION('',(#230),#234);
#230 = LINE('',#231,#232);
#231 = CARTESIAN_POINT('',(0.,0.));
#232 = VECTOR('',#233,1.);
#233 = DIRECTION('',(1.,0.));
#234 = ( GEOMETRIC_REPRESENTATION_CONTEXT(2) 
PARAMETRIC_REPRESENTATION_CONTEXT() REPRESENTATION_CONTEXT('2D SPACE',''
  ) );
#235 = ORIENTED_EDGE('',*,*,#236,.T.);
#236 = EDGE_CURVE('',#209,#237,#239,.T.);
#237 = VERTEX_POINT('',#238);
#238 = CARTESIAN_POINT('',(-0.75,0.,0.));
#239 = SURFACE_CURVE('',#240,(#244,#251),.PCURVE_S1.);
#240 = LINE('',#241,#242);
#241 = CARTESIAN_POINT('',(-0.75,2.200537217218E-17,0.359375));
#242 = VECTOR('',#243,1.);
#243 = DIRECTION('',(0.,-6.123233995737E-17,-1.));
#244 = PCURVE('',#96,#245);
#245 = DEFINITIONAL_REPRESENTATION('',(#246),#250);
#246 = LINE('',#247,#248);
#247 = CARTESIAN_POINT('',(-2.200537217218E-17,0.359375));
#248 = VECTOR('',#249,1.);
#249 = DIRECTION('',(6.123233995737E-17,-1.));
#250 = ( GEOMETRIC_REPRESENTATION_CONTEXT(2) 
PARAMETRIC_REPRESENTATION_CONTEXT() REPRESENTATION_CONTEXT('2D SPACE',''
  ) );
#251 = PCURVE('',#252,#257);
#252 = PLANE('',#253);
#253 = AXIS2_PLACEMENT_3D('',#254,#255,#256);
#254 = CARTESIAN_POINT('',(-0.75,2.200537217218E-17,0.359375));
#255 = DIRECTION('',(1.,6.123233995737E-17,-3.749399456655E-33));
#256 = DIRECTION('',(0.,-6.123233995737E-17,-1.));
#257 = DEFINITIONAL_REPRESENTATION('',(#258),#262);
#258 = LINE('',#259,#260);
#259 = CARTESIAN_POINT('',(0.,0.));
#260 = VECTOR('',#261,1.);
#261 = DIRECTION('',(1.,0.));
#262 = ( GEOMETRIC_REPRESENTATION_CONTEXT(2) 
PARAMETRIC_REPRESENTATION_CONTEXT() REPRESENTATION_CONTEXT('2D SPACE',''
  ) );
#263 = ORIENTED_EDGE('',*,*,#264,.T.);
#264 = EDGE_CURVE('',#237,#265,#267,.T.);
#265 = VERTEX_POINT('',#266);
#266 = CARTESIAN_POINT('',(-0.651644736842,6.022522910281E-18,
    -6.022522910281E-18));
#267 = SURFACE_CURVE('',#268,(#272,#279),.PCURVE_S1.);
#268 = LINE('',#269,#270);
#269 = CARTESIAN_POINT('',(-0.75,0.,0.));
#270 = VECTOR('',#271,1.);
#271 = DIRECTION('',(1.,6.123233995737E-17,-6.123233995737E-17));
#272 = PCURVE('',#96,#273);
#273 = DEFINITIONAL_REPRESENTATION('',(#274),#278);
#274 = LINE('',#275,#276);
#275 = CARTESIAN_POINT('',(0.,0.));
#276 = VECTOR('',#277,1.);
#277 = DIRECTION('',(1.,2.465190328816E-32));
#278 = ( GEOMETRIC_REPRESENTATION_CONTEXT(2) 
PARAMETRIC_REPRESENTATION_CONTEXT() REPRESENTATION_CONTEXT('2D SPACE',''
  ) );
#279 = PCURVE('',#280,#285);
#280 = PLANE('',#281);
#281 = AXIS2_PLACEMENT_3D('',#282,#283,#284);
#282 = CARTESIAN_POINT('',(-0.75,0.,0.));
#283 = DIRECTION('',(6.123233995737E-17,6.123233995737E-17,1.));
#284 = DIRECTION('',(1.,6.123233995737E-17,-6.123233995737E-17));
#285 = DEFINITIONAL_REPRESENTATION('',(#286),#290);
#286 = LINE('',#287,#288);
#287 = CARTESIAN_POINT('',(0.,0.));
#288 = VECTOR('',#289,1.);
#289 = DIRECTION('',(1.,3.749399456655E-33));
#290 = ( GEOMETRIC_REPRESENTATION_CONTEXT(2) 
PARAMETRIC_REPRESENTATION_CONTEXT() REPRESENTATION_CONTEXT('2D SPACE',''
  ) );
#291 = ORIENTED_EDGE('',*,*,#292,.T.);
#292 = EDGE_CURVE('',#265,#76,#293,.T.);
#293 = SURFACE_CURVE('',#294,(#298,#305),.PCURVE_S1.);
#294 = LINE('',#295,#296);
#295 = CARTESIAN_POINT('',(-0.651644736842,6.022522910281E-18,
    -6.022522910281E-18));
#296 = VECTOR('',#297,1.);
#297 = DIRECTION('',(0.,6.123233995737E-17,1.));
#298 = PCURVE('',#96,#299);
#299 = DEFINITIONAL_REPRESENTATION('',(#300),#304);
#300 = LINE('',#301,#302);
#301 = CARTESIAN_POINT('',(9.835526315789E-02,2.311115933265E-33));
#302 = VECTOR('',#303,1.);
#303 = DIRECTION('',(-6.123233995737E-17,1.));
#304 = ( GEOMETRIC_REPRESENTATION_CONTEXT(2) 
PARAMETRIC_REPRESENTATION_CONTEXT() REPRESENTATION_CONTEXT('2D SPACE',''
  ) );
#305 = PCURVE('',#306,#311);
#306 = PLANE('',#307);
#307 = AXIS2_PLACEMENT_3D('',#308,#309,#310);
#308 = CARTESIAN_POINT('',(-0.651644736842,6.022522910281E-18,
    -6.022522910281E-18));
#309 = DIRECTION('',(-1.,-6.123233995737E-17,3.749399456655E-33));
#310 = DIRECTION('',(0.,6.123233995737E-17,1.));
#311 = DEFINITIONAL_REPRESENTATION('',(#312),#316);
#312 = LINE('',#313,#314);
#313 = CARTESIAN_POINT('',(0.,0.));
#314 = VECTOR('',#315,1.);
#315 = DIRECTION('',(1.,0.));
#316 = ( GEOMETRIC_REPRESENTATION_CONTEXT(2) 
PARAMETRIC_REPRESENTATION_CONTEXT() REPRESENTATION_CONTEXT('2D SPACE',''
  ) );
#317 = ORIENTED_EDGE('',*,*,#73,.F.);
#318 = ORIENTED_EDGE('',*,*,#182,.F.);
#319 = ORIENTED_EDGE('',*,*,#159,.F.);
#320 = ORIENTED_EDGE('',*,*,#321,.T.);
#321 = EDGE_CURVE('',#137,#322,#324,.T.);
#322 = VERTEX_POINT('',#323);
#323 = CARTESIAN_POINT('',(-0.651644736842,1.528794277225E-17,
    0.151315789474));
#324 = SURFACE_CURVE('',#325,(#329,#336),.PCURVE_S1.);
#325 = LINE('',#326,#327);
#326 = CARTESIAN_POINT('',(-0.651644736842,1.297158780676E-17,
    0.113486842105));
#327 = VECTOR('',#328,1.);
#328 = DIRECTION('',(0.,6.123233995737E-17,1.));
#329 = PCURVE('',#96,#330);
#330 = DEFINITIONAL_REPRESENTATION('',(#331),#335);
#331 = LINE('',#332,#333);
#332 = CARTESIAN_POINT('',(9.835526315789E-02,0.113486842105));
#333 = VECTOR('',#334,1.);
#334 = DIRECTION('',(-6.123233995737E-17,1.));
#335 = ( GEOMETRIC_REPRESENTATION_CONTEXT(2) 
PARAMETRIC_REPRESENTATION_CONTEXT() REPRESENTATION_CONTEXT('2D SPACE',''
  ) );
#336 = PCURVE('',#337,#342);
#337 = PLANE('',#338);
#338 = AXIS2_PLACEMENT_3D('',#339,#340,#341);
#339 = CARTESIAN_POINT('',(-0.651644736842,1.297158780676E-17,
    0.113486842105));
#340 = DIRECTION('',(-1.,-6.123233995737E-17,3.749399456655E-33));
#341 = DIRECTION('',(0.,6.123233995737E-17,1.));
#342 = DEFINITIONAL_REPRESENTATION('',(#343),#347);
#343 = LINE('',#344,#345);
#344 = CARTESIAN_POINT('',(0.,0.));
#345 = VECTOR('',#346,1.);
#346 = DIRECTION('',(1.,0.));
#347 = ( GEOMETRIC_REPRESENTATION_CONTEXT(2) 
PARAMETRIC_REPRESENTATION_CONTEXT() REPRESENTATION_CONTEXT('2D SPACE',''
  ) );
#348 = ORIENTED_EDGE('',*,*,#349,.T.);
#349 = EDGE_CURVE('',#322,#350,#352,.T.);
#350 = VERTEX_POINT('',#351);
#351 = CARTESIAN_POINT('',(-0.651644736842,2.131046568253E-17,
    0.249671052632));
#352 = SURFACE_CURVE('',#353,(#357,#364),.PCURVE_S1.);
#353 = LINE('',#354,#355);
#354 = CARTESIAN_POINT('',(-0.651644736842,1.528794277225E-17,
    0.151315789474));
#355 = VECTOR('',#356,1.);
#356 = DIRECTION('',(0.,6.123233995737E-17,1.));
#357 = PCURVE('',#96,#358);
#358 = DEFINITIONAL_REPRESENTATION('',(#359),#363);
#359 = LINE('',#360,#361);
#360 = CARTESIAN_POINT('',(9.835526315789E-02,0.151315789474));
#361 = VECTOR('',#362,1.);
#362 = DIRECTION('',(-6.123233995737E-17,1.));
#363 = ( GEOMETRIC_REPRESENTATION_CONTEXT(2) 
PARAMETRIC_REPRESENTATION_CONTEXT() REPRESENTATION_CONTEXT('2D SPACE',''
  ) );
#364 = PCURVE('',#365,#370);
#365 = PLANE('',#366);
#366 = AXIS2_PLACEMENT_3D('',#367,#368,#369);
#367 = CARTESIAN_POINT('',(-0.651644736842,1.528794277225E-17,
    0.151315789474));
#368 = DIRECTION('',(-1.,-6.123233995737E-17,3.749399456655E-33));
#369 = DIRECTION('',(0.,6.123233995737E-17,1.));
#370 = DEFINITIONAL_REPRESENTATION('',(#371),#375);
#371 = LINE('',#372,#373);
#372 = CARTESIAN_POINT('',(0.,0.));
#373 = VECTOR('',#374,1.);
#374 = DIRECTION('',(1.,0.));
#375 = ( GEOMETRIC_REPRESENTATION_CONTEXT(2) 
PARAMETRIC_REPRESENTATION_CONTEXT() REPRESENTATION_CONTEXT('2D SPACE',''
  ) );
#376 = ORIENTED_EDGE('',*,*,#377,.T.);
#377 = EDGE_CURVE('',#350,#378,#380,.T.);
#378 = VERTEX_POINT('',#379);
#379 = CARTESIAN_POINT('',(-0.651644736842,1.080629946945E-17,0.25));
#380 = SURFACE_CURVE('',#381,(#385,#392),.PCURVE_S1.);
#381 = LINE('',#382,#383);
#382 = CARTESIAN_POINT('',(-0.651644736842,2.131046568253E-17,
    0.249671052632));
#383 = VECTOR('',#384,1.);
#384 = DIRECTION('',(0.,6.123233995737E-17,1.));
#385 = PCURVE('',#96,#386);
#386 = DEFINITIONAL_REPRESENTATION('',(#387),#391);
#387 = LINE('',#388,#389);
#388 = CARTESIAN_POINT('',(9.835526315789E-02,0.249671052632));
#389 = VECTOR('',#390,1.);
#390 = DIRECTION('',(-6.123233995737E-17,1.));
#391 = ( GEOMETRIC_REPRESENTATION_CONTEXT(2) 
PARAMETRIC_REPRESENTATION_CONTEXT() REPRESENTATION_CONTEXT('2D SPACE',''
  ) );
#392 = PCURVE('',#393,#398);
#393 = PLANE('',#394);
#394 = AXIS2_PLACEMENT_3D('',#395,#396,#397);
#395 = CARTESIAN_POINT('',(-0.651644736842,2.131046568253E-17,
    0.249671052632));
#396 = DIRECTION('',(-1.,-6.123233995737E-17,3.749399456655E-33));
#397 = DIRECTION('',(0.,6.123233995737E-17,1.));
#398 = DEFINITIONAL_REPRESENTATION('',(#399),#403);
#399 = LINE('',#400,#401);
#400 = CARTESIAN_POINT('',(0.,0.));
#401 = VECTOR('',#402,1.);
#402 = DIRECTION('',(1.,0.));
#403 = ( GEOMETRIC_REPRESENTATION_CONTEXT(2) 
PARAMETRIC_REPRESENTATION_CONTEXT() REPRESENTATION_CONTEXT('2D SPACE',''
  ) );
#404 = ORIENTED_EDGE('',*,*,#405,.F.);
#405 = EDGE_CURVE('',#406,#378,#408,.T.);
#406 = VERTEX_POINT('',#407);
#407 = CARTESIAN_POINT('',(-0.65625,0.,0.25));
#408 = SURFACE_CURVE('',#409,(#413,#420),.PCURVE_S1.);
#409 = LINE('',#410,#411);
#410 = CARTESIAN_POINT('',(-0.65625,0.,0.25));
#411 = VECTOR('',#412,1.);
#412 = DIRECTION('',(1.,6.123233995737E-17,-6.287988812036E-17));
#413 = PCURVE('',#96,#414);
#414 = DEFINITIONAL_REPRESENTATION('',(#415),#419);
#415 = LINE('',#416,#417);
#416 = CARTESIAN_POINT('',(9.375E-02,0.25));
#417 = VECTOR('',#418,1.);
#418 = DIRECTION('',(1.,-1.647548162995E-18));
#419 = ( GEOMETRIC_REPRESENTATION_CONTEXT(2) 
PARAMETRIC_REPRESENTATION_CONTEXT() REPRESENTATION_CONTEXT('2D SPACE',''
  ) );
#420 = PCURVE('',#421,#426);
#421 = PLANE('',#422);
#422 = AXIS2_PLACEMENT_3D('',#423,#424,#425);
#423 = CARTESIAN_POINT('',(-0.65625,0.,0.25));
#424 = DIRECTION('',(6.123233995737E-17,-1.,6.123233995737E-17));
#425 = DIRECTION('',(1.,6.123233995737E-17,-6.123233995737E-17));
#426 = DEFINITIONAL_REPRESENTATION('',(#427),#431);
#427 = LINE('',#428,#429);
#428 = CARTESIAN_POINT('',(0.,0.));
#429 = VECTOR('',#430,1.);
#430 = DIRECTION('',(1.,-1.647548162995E-18));
#431 = ( GEOMETRIC_REPRESENTATION_CONTEXT(2) 
PARAMETRIC_REPRESENTATION_CONTEXT() REPRESENTATION_CONTEXT('2D SPACE',''
  ) );
#432 = ORIENTED_EDGE('',*,*,#433,.F.);
#433 = EDGE_CURVE('',#207,#406,#434,.T.);
#434 = SURFACE_CURVE('',#435,(#439,#446),.PCURVE_S1.);
#435 = LINE('',#436,#437);
#436 = CARTESIAN_POINT('',(-0.65625,6.82821159393E-18,0.361513157895));
#437 = VECTOR('',#438,1.);
#438 = DIRECTION('',(0.,-6.123233995737E-17,-1.));
#439 = PCURVE('',#96,#440);
#440 = DEFINITIONAL_REPRESENTATION('',(#441),#445);
#441 = LINE('',#442,#443);
#442 = CARTESIAN_POINT('',(9.375E-02,0.361513157895));
#443 = VECTOR('',#444,1.);
#444 = DIRECTION('',(6.123233995737E-17,-1.));
#445 = ( GEOMETRIC_REPRESENTATION_CONTEXT(2) 
PARAMETRIC_REPRESENTATION_CONTEXT() REPRESENTATION_CONTEXT('2D SPACE',''
  ) );
#446 = PCURVE('',#421,#447);
#447 = DEFINITIONAL_REPRESENTATION('',(#448),#452);
#448 = LINE('',#449,#450);
#449 = CARTESIAN_POINT('',(-6.82821159393E-18,0.111513157895));
#450 = VECTOR('',#451,1.);
#451 = DIRECTION('',(6.123233995737E-17,-1.));
#452 = ( GEOMETRIC_REPRESENTATION_CONTEXT(2) 
PARAMETRIC_REPRESENTATION_CONTEXT() REPRESENTATION_CONTEXT('2D SPACE',''
  ) );
#453 = ADVANCED_FACE('',(#454),#124,.F.);
#454 = FACE_BOUND('',#455,.F.);
#455 = EDGE_LOOP('',(#456,#457,#485,#513,#539));
#456 = ORIENTED_EDGE('',*,*,#108,.F.);
#457 = ORIENTED_EDGE('',*,*,#458,.T.);
#458 = EDGE_CURVE('',#76,#459,#461,.T.);
#459 = VERTEX_POINT('',#460);
#460 = CARTESIAN_POINT('',(0.2265625,5.405667511861E-17,0.109375));
#461 = SURFACE_CURVE('',#462,(#466,#473),.PCURVE_S1.);
#462 = LINE('',#463,#464);
#463 = CARTESIAN_POINT('',(-0.65625,0.,0.109375));
#464 = VECTOR('',#465,1.);
#465 = DIRECTION('',(1.,6.123233995737E-17,-6.287988812036E-17));
#466 = PCURVE('',#124,#467);
#467 = DEFINITIONAL_REPRESENTATION('',(#468),#472);
#468 = LINE('',#469,#470);
#469 = CARTESIAN_POINT('',(0.,0.));
#470 = VECTOR('',#471,1.);
#471 = DIRECTION('',(1.,-1.647548162995E-18));
#472 = ( GEOMETRIC_REPRESENTATION_CONTEXT(2) 
PARAMETRIC_REPRESENTATION_CONTEXT() REPRESENTATION_CONTEXT('2D SPACE',''
  ) );
#473 = PCURVE('',#474,#479);
#474 = PLANE('',#475);
#475 = AXIS2_PLACEMENT_3D('',#476,#477,#478);
#476 = CARTESIAN_POINT('',(-0.65625,0.,0.109375));
#477 = DIRECTION('',(6.287988812036E-17,6.123233995737E-17,1.));
#478 = DIRECTION('',(1.,6.123233995737E-17,-6.287988812036E-17));
#479 = DEFINITIONAL_REPRESENTATION('',(#480),#484);
#480 = LINE('',#481,#482);
#481 = CARTESIAN_POINT('',(0.,0.));
#482 = VECTOR('',#483,1.);
#483 = DIRECTION('',(1.,3.850282685867E-33));
#484 = ( GEOMETRIC_REPRESENTATION_CONTEXT(2) 
PARAMETRIC_REPRESENTATION_CONTEXT() REPRESENTATION_CONTEXT('2D SPACE',''
  ) );
#485 = ORIENTED_EDGE('',*,*,#486,.T.);
#486 = EDGE_CURVE('',#459,#487,#489,.T.);
#487 = VERTEX_POINT('',#488);
#488 = CARTESIAN_POINT('',(0.2265625,5.633274564992E-17,0.146546052632)
  );
#489 = SURFACE_CURVE('',#490,(#494,#501),.PCURVE_S1.);
#490 = LINE('',#491,#492);
#491 = CARTESIAN_POINT('',(0.2265625,5.405667511861E-17,0.109375));
#492 = VECTOR('',#493,1.);
#493 = DIRECTION('',(0.,6.123233995737E-17,1.));
#494 = PCURVE('',#124,#495);
#495 = DEFINITIONAL_REPRESENTATION('',(#496),#500);
#496 = LINE('',#497,#498);
#497 = CARTESIAN_POINT('',(0.8828125,-1.454476112644E-18));
#498 = VECTOR('',#499,1.);
#499 = DIRECTION('',(-6.123233995737E-17,1.));
#500 = ( GEOMETRIC_REPRESENTATION_CONTEXT(2) 
PARAMETRIC_REPRESENTATION_CONTEXT() REPRESENTATION_CONTEXT('2D SPACE',''
  ) );
#501 = PCURVE('',#502,#507);
#502 = PLANE('',#503);
#503 = AXIS2_PLACEMENT_3D('',#504,#505,#506);
#504 = CARTESIAN_POINT('',(0.2265625,5.405667511861E-17,0.109375));
#505 = DIRECTION('',(-1.,-6.123233995737E-17,3.749399456655E-33));
#506 = DIRECTION('',(0.,6.123233995737E-17,1.));
#507 = DEFINITIONAL_REPRESENTATION('',(#508),#512);
#508 = LINE('',#509,#510);
#509 = CARTESIAN_POINT('',(0.,0.));
#510 = VECTOR('',#511,1.);
#511 = DIRECTION('',(1.,0.));
#512 = ( GEOMETRIC_REPRESENTATION_CONTEXT(2) 
PARAMETRIC_REPRESENTATION_CONTEXT() REPRESENTATION_CONTEXT('2D SPACE',''
  ) );
#513 = ORIENTED_EDGE('',*,*,#514,.T.);
#514 = EDGE_CURVE('',#487,#137,#515,.T.);
#515 = SURFACE_CURVE('',#516,(#520,#527),.PCURVE_S1.);
#516 = LINE('',#517,#518);
#517 = CARTESIAN_POINT('',(0.2265625,5.633274564992E-17,0.146546052632)
  );
#518 = VECTOR('',#519,1.);
#519 = DIRECTION('',(-1.,-6.123233995737E-17,6.287988812036E-17));
#520 = PCURVE('',#124,#521);
#521 = DEFINITIONAL_REPRESENTATION('',(#522),#526);
#522 = LINE('',#523,#524);
#523 = CARTESIAN_POINT('',(0.8828125,3.717105263158E-02));
#524 = VECTOR('',#525,1.);
#525 = DIRECTION('',(-1.,1.647548162995E-18));
#526 = ( GEOMETRIC_REPRESENTATION_CONTEXT(2) 
PARAMETRIC_REPRESENTATION_CONTEXT() REPRESENTATION_CONTEXT('2D SPACE',''
  ) );
#527 = PCURVE('',#528,#533);
#528 = PLANE('',#529);
#529 = AXIS2_PLACEMENT_3D('',#530,#531,#532);
#530 = CARTESIAN_POINT('',(0.2265625,5.633274564992E-17,0.146546052632)
  );
#531 = DIRECTION('',(-6.287988812036E-17,-6.123233995737E-17,-1.));
#532 = DIRECTION('',(-1.,-6.123233995737E-17,6.287988812036E-17));
#533 = DEFINITIONAL_REPRESENTATION('',(#534),#538);
#534 = LINE('',#535,#536);
#535 = CARTESIAN_POINT('',(0.,0.));
#536 = VECTOR('',#537,1.);
#537 = DIRECTION('',(1.,-3.850282685867E-33));
#538 = ( GEOMETRIC_REPRESENTATION_CONTEXT(2) 
PARAMETRIC_REPRESENTATION_CONTEXT() REPRESENTATION_CONTEXT('2D SPACE',''
  ) );
#539 = ORIENTED_EDGE('',*,*,#136,.F.);
#540 = ADVANCED_FACE('',(#541),#224,.F.);
#541 = FACE_BOUND('',#542,.F.);
#542 = EDGE_LOOP('',(#543,#544,#570,#598));
#543 = ORIENTED_EDGE('',*,*,#206,.F.);
#544 = ORIENTED_EDGE('',*,*,#545,.F.);
#545 = EDGE_CURVE('',#546,#207,#548,.T.);
#546 = VERTEX_POINT('',#547);
#547 = CARTESIAN_POINT('',(-0.65625,-0.21875,0.359375));
#548 = SURFACE_CURVE('',#549,(#553,#559),.PCURVE_S1.);
#549 = LINE('',#550,#551);
#550 = CARTESIAN_POINT('',(-0.65625,1.722159561301E-17,0.359375));
#551 = VECTOR('',#552,1.);
#552 = DIRECTION('',(-6.123233995737E-17,1.,-6.123233995737E-17));
#553 = PCURVE('',#224,#554);
#554 = DEFINITIONAL_REPRESENTATION('',(#555),#558);
#555 = B_SPLINE_CURVE_WITH_KNOTS('',1,(#556,#557),.UNSPECIFIED.,.F.,.F.,
  (2,2),(-0.21875,-1.052430843017E-17),.PIECEWISE_BEZIER_KNOTS.);
#556 = CARTESIAN_POINT('',(4.605263157895E-03,-0.21875));
#557 = CARTESIAN_POINT('',(4.605263157895E-03,-2.104861686035E-17));
#558 = ( GEOMETRIC_REPRESENTATION_CONTEXT(2) 
PARAMETRIC_REPRESENTATION_CONTEXT() REPRESENTATION_CONTEXT('2D SPACE',''
  ) );
#559 = PCURVE('',#560,#565);
#560 = PLANE('',#561);
#561 = AXIS2_PLACEMENT_3D('',#562,#563,#564);
#562 = CARTESIAN_POINT('',(-0.65625,6.82821159393E-18,0.361513157895));
#563 = DIRECTION('',(1.,6.123233995737E-17,-3.749399456655E-33));
#564 = DIRECTION('',(0.,-6.123233995737E-17,-1.));
#565 = DEFINITIONAL_REPRESENTATION('',(#566),#569);
#566 = B_SPLINE_CURVE_WITH_KNOTS('',1,(#567,#568),.UNSPECIFIED.,.F.,.F.,
  (2,2),(-0.21875,-1.052430843017E-17),.PIECEWISE_BEZIER_KNOTS.);
#567 = CARTESIAN_POINT('',(2.138157894737E-03,-0.21875));
#568 = CARTESIAN_POINT('',(2.138157894737E-03,0.));
#569 = ( GEOMETRIC_REPRESENTATION_CONTEXT(2) 
PARAMETRIC_REPRESENTATION_CONTEXT() REPRESENTATION_CONTEXT('2D SPACE',''
  ) );
#570 = ORIENTED_EDGE('',*,*,#571,.T.);
#571 = EDGE_CURVE('',#546,#572,#574,.T.);
#572 = VERTEX_POINT('',#573);
#573 = CARTESIAN_POINT('',(-0.75,-0.21875,0.359375));
#574 = SURFACE_CURVE('',#575,(#579,#586),.PCURVE_S1.);
#575 = LINE('',#576,#577);
#576 = CARTESIAN_POINT('',(-0.651644736842,-0.21875,0.359375));
#577 = VECTOR('',#578,1.);
#578 = DIRECTION('',(-1.,-6.123233995737E-17,0.));
#579 = PCURVE('',#224,#580);
#580 = DEFINITIONAL_REPRESENTATION('',(#581),#585);
#581 = LINE('',#582,#583);
#582 = CARTESIAN_POINT('',(1.339457436567E-17,-0.21875));
#583 = VECTOR('',#584,1.);
#584 = DIRECTION('',(1.,0.));
#585 = ( GEOMETRIC_REPRESENTATION_CONTEXT(2) 
PARAMETRIC_REPRESENTATION_CONTEXT() REPRESENTATION_CONTEXT('2D SPACE',''
  ) );
#586 = PCURVE('',#587,#592);
#587 = PLANE('',#588);
#588 = AXIS2_PLACEMENT_3D('',#589,#590,#591);
#589 = CARTESIAN_POINT('',(-0.75,-0.21875,1.339457436567E-17));
#590 = DIRECTION('',(6.123233995737E-17,-1.,6.123233995737E-17));
#591 = DIRECTION('',(1.,6.123233995737E-17,-6.123233995737E-17));
#592 = DEFINITIONAL_REPRESENTATION('',(#593),#597);
#593 = LINE('',#594,#595);
#594 = CARTESIAN_POINT('',(9.835526315789E-02,0.359375));
#595 = VECTOR('',#596,1.);
#596 = DIRECTION('',(-1.,-6.123233995737E-17));
#597 = ( GEOMETRIC_REPRESENTATION_CONTEXT(2) 
PARAMETRIC_REPRESENTATION_CONTEXT() REPRESENTATION_CONTEXT('2D SPACE',''
  ) );
#598 = ORIENTED_EDGE('',*,*,#599,.F.);
#599 = EDGE_CURVE('',#209,#572,#600,.T.);
#600 = SURFACE_CURVE('',#601,(#605,#612),.PCURVE_S1.);
#601 = LINE('',#602,#603);
#602 = CARTESIAN_POINT('',(-0.75,2.200537217218E-17,0.359375));
#603 = VECTOR('',#604,1.);
#604 = DIRECTION('',(6.123233995737E-17,-1.,6.123233995737E-17));
#605 = PCURVE('',#224,#606);
#606 = DEFINITIONAL_REPRESENTATION('',(#607),#611);
#607 = LINE('',#608,#609);
#608 = CARTESIAN_POINT('',(9.835526315789E-02,0.));
#609 = VECTOR('',#610,1.);
#610 = DIRECTION('',(0.,-1.));
#611 = ( GEOMETRIC_REPRESENTATION_CONTEXT(2) 
PARAMETRIC_REPRESENTATION_CONTEXT() REPRESENTATION_CONTEXT('2D SPACE',''
  ) );
#612 = PCURVE('',#252,#613);
#613 = DEFINITIONAL_REPRESENTATION('',(#614),#618);
#614 = LINE('',#615,#616);
#615 = CARTESIAN_POINT('',(0.,0.));
#616 = VECTOR('',#617,1.);
#617 = DIRECTION('',(0.,-1.));
#618 = ( GEOMETRIC_REPRESENTATION_CONTEXT(2) 
PARAMETRIC_REPRESENTATION_CONTEXT() REPRESENTATION_CONTEXT('2D SPACE',''
  ) );
#619 = ADVANCED_FACE('',(#620),#421,.F.);
#620 = FACE_BOUND('',#621,.F.);
#621 = EDGE_LOOP('',(#622,#623,#624,#652));
#622 = ORIENTED_EDGE('',*,*,#433,.T.);
#623 = ORIENTED_EDGE('',*,*,#405,.T.);
#624 = ORIENTED_EDGE('',*,*,#625,.T.);
#625 = EDGE_CURVE('',#378,#626,#628,.T.);
#626 = VERTEX_POINT('',#627);
#627 = CARTESIAN_POINT('',(-0.651644736842,2.802789508246E-17,0.359375)
  );
#628 = SURFACE_CURVE('',#629,(#633,#640),.PCURVE_S1.);
#629 = LINE('',#630,#631);
#630 = CARTESIAN_POINT('',(-0.651644736842,2.131046568253E-17,
    0.249671052632));
#631 = VECTOR('',#632,1.);
#632 = DIRECTION('',(0.,6.123233995737E-17,1.));
#633 = PCURVE('',#421,#634);
#634 = DEFINITIONAL_REPRESENTATION('',(#635),#639);
#635 = LINE('',#636,#637);
#636 = CARTESIAN_POINT('',(4.605263157895E-03,-3.28947368421E-04));
#637 = VECTOR('',#638,1.);
#638 = DIRECTION('',(-6.123233995737E-17,1.));
#639 = ( GEOMETRIC_REPRESENTATION_CONTEXT(2) 
PARAMETRIC_REPRESENTATION_CONTEXT() REPRESENTATION_CONTEXT('2D SPACE',''
  ) );
#640 = PCURVE('',#641,#646);
#641 = PLANE('',#642);
#642 = AXIS2_PLACEMENT_3D('',#643,#644,#645);
#643 = CARTESIAN_POINT('',(-0.65625,0.,0.25));
#644 = DIRECTION('',(6.123233995737E-17,-1.,6.123233995737E-17));
#645 = DIRECTION('',(1.,6.123233995737E-17,-6.123233995737E-17));
#646 = DEFINITIONAL_REPRESENTATION('',(#647),#651);
#647 = LINE('',#648,#649);
#648 = CARTESIAN_POINT('',(4.605263157895E-03,-3.28947368421E-04));
#649 = VECTOR('',#650,1.);
#650 = DIRECTION('',(-6.123233995737E-17,1.));
#651 = ( GEOMETRIC_REPRESENTATION_CONTEXT(2) 
PARAMETRIC_REPRESENTATION_CONTEXT() REPRESENTATION_CONTEXT('2D SPACE',''
  ) );
#652 = ORIENTED_EDGE('',*,*,#653,.T.);
#653 = EDGE_CURVE('',#626,#207,#654,.T.);
#654 = SURFACE_CURVE('',#655,(#659,#666),.PCURVE_S1.);
#655 = LINE('',#656,#657);
#656 = CARTESIAN_POINT('',(-0.651644736842,2.802789508246E-17,0.359375)
  );
#657 = VECTOR('',#658,1.);
#658 = DIRECTION('',(-1.,-6.123233995737E-17,0.));
#659 = PCURVE('',#421,#660);
#660 = DEFINITIONAL_REPRESENTATION('',(#661),#665);
#661 = LINE('',#662,#663);
#662 = CARTESIAN_POINT('',(4.605263157895E-03,0.109375));
#663 = VECTOR('',#664,1.);
#664 = DIRECTION('',(-1.,-6.123233995737E-17));
#665 = ( GEOMETRIC_REPRESENTATION_CONTEXT(2) 
PARAMETRIC_REPRESENTATION_CONTEXT() REPRESENTATION_CONTEXT('2D SPACE',''
  ) );
#666 = PCURVE('',#641,#667);
#667 = DEFINITIONAL_REPRESENTATION('',(#668),#672);
#668 = LINE('',#669,#670);
#669 = CARTESIAN_POINT('',(4.605263157895E-03,0.109375));
#670 = VECTOR('',#671,1.);
#671 = DIRECTION('',(-1.,-6.123233995737E-17));
#672 = ( GEOMETRIC_REPRESENTATION_CONTEXT(2) 
PARAMETRIC_REPRESENTATION_CONTEXT() REPRESENTATION_CONTEXT('2D SPACE',''
  ) );
#673 = ADVANCED_FACE('',(#674),#393,.F.);
#674 = FACE_BOUND('',#675,.F.);
#675 = EDGE_LOOP('',(#676,#677,#700,#723));
#676 = ORIENTED_EDGE('',*,*,#377,.F.);
#677 = ORIENTED_EDGE('',*,*,#678,.T.);
#678 = EDGE_CURVE('',#350,#679,#681,.T.);
#679 = VERTEX_POINT('',#680);
#680 = CARTESIAN_POINT('',(-0.651644736842,-0.21875,0.249671052632));
#681 = SURFACE_CURVE('',#682,(#686,#693),.PCURVE_S1.);
#682 = LINE('',#683,#684);
#683 = CARTESIAN_POINT('',(-0.651644736842,2.131046568253E-17,
    0.249671052632));
#684 = VECTOR('',#685,1.);
#685 = DIRECTION('',(6.123233995737E-17,-1.,6.123233995737E-17));
#686 = PCURVE('',#393,#687);
#687 = DEFINITIONAL_REPRESENTATION('',(#688),#692);
#688 = LINE('',#689,#690);
#689 = CARTESIAN_POINT('',(0.,0.));
#690 = VECTOR('',#691,1.);
#691 = DIRECTION('',(-3.697785493223E-32,-1.));
#692 = ( GEOMETRIC_REPRESENTATION_CONTEXT(2) 
PARAMETRIC_REPRESENTATION_CONTEXT() REPRESENTATION_CONTEXT('2D SPACE',''
  ) );
#693 = PCURVE('',#365,#694);
#694 = DEFINITIONAL_REPRESENTATION('',(#695),#699);
#695 = LINE('',#696,#697);
#696 = CARTESIAN_POINT('',(9.835526315789E-02,0.));
#697 = VECTOR('',#698,1.);
#698 = DIRECTION('',(1.232595164408E-32,-1.));
#699 = ( GEOMETRIC_REPRESENTATION_CONTEXT(2) 
PARAMETRIC_REPRESENTATION_CONTEXT() REPRESENTATION_CONTEXT('2D SPACE',''
  ) );
#700 = ORIENTED_EDGE('',*,*,#701,.T.);
#701 = EDGE_CURVE('',#679,#702,#704,.T.);
#702 = VERTEX_POINT('',#703);
#703 = CARTESIAN_POINT('',(-0.651644736842,-0.21875,0.25));
#704 = SURFACE_CURVE('',#705,(#709,#716),.PCURVE_S1.);
#705 = LINE('',#706,#707);
#706 = CARTESIAN_POINT('',(-0.651644736842,-0.21875,0.249671052632));
#707 = VECTOR('',#708,1.);
#708 = DIRECTION('',(0.,6.123233995737E-17,1.));
#709 = PCURVE('',#393,#710);
#710 = DEFINITIONAL_REPRESENTATION('',(#711),#715);
#711 = LINE('',#712,#713);
#712 = CARTESIAN_POINT('',(-1.339457436567E-17,-0.21875));
#713 = VECTOR('',#714,1.);
#714 = DIRECTION('',(1.,0.));
#715 = ( GEOMETRIC_REPRESENTATION_CONTEXT(2) 
PARAMETRIC_REPRESENTATION_CONTEXT() REPRESENTATION_CONTEXT('2D SPACE',''
  ) );
#716 = PCURVE('',#587,#717);
#717 = DEFINITIONAL_REPRESENTATION('',(#718),#722);
#718 = LINE('',#719,#720);
#719 = CARTESIAN_POINT('',(9.835526315789E-02,0.249671052632));
#720 = VECTOR('',#721,1.);
#721 = DIRECTION('',(-6.123233995737E-17,1.));
#722 = ( GEOMETRIC_REPRESENTATION_CONTEXT(2) 
PARAMETRIC_REPRESENTATION_CONTEXT() REPRESENTATION_CONTEXT('2D SPACE',''
  ) );
#723 = ORIENTED_EDGE('',*,*,#724,.F.);
#724 = EDGE_CURVE('',#378,#702,#725,.T.);
#725 = SURFACE_CURVE('',#726,(#730,#736),.PCURVE_S1.);
#726 = LINE('',#727,#728);
#727 = CARTESIAN_POINT('',(-0.651644736842,1.080629946945E-17,0.25));
#728 = VECTOR('',#729,1.);
#729 = DIRECTION('',(6.123233995737E-17,-1.,6.123233995737E-17));
#730 = PCURVE('',#393,#731);
#731 = DEFINITIONAL_REPRESENTATION('',(#732),#735);
#732 = B_SPLINE_CURVE_WITH_KNOTS('',1,(#733,#734),.UNSPECIFIED.,.F.,.F.,
  (2,2),(1.052430843017E-17,0.21875),.PIECEWISE_BEZIER_KNOTS.);
#733 = CARTESIAN_POINT('',(3.28947368421E-04,-2.104861686035E-17));
#734 = CARTESIAN_POINT('',(3.28947368421E-04,-0.21875));
#735 = ( GEOMETRIC_REPRESENTATION_CONTEXT(2) 
PARAMETRIC_REPRESENTATION_CONTEXT() REPRESENTATION_CONTEXT('2D SPACE',''
  ) );
#736 = PCURVE('',#737,#742);
#737 = PLANE('',#738);
#738 = AXIS2_PLACEMENT_3D('',#739,#740,#741);
#739 = CARTESIAN_POINT('',(-0.65625,0.,0.25));
#740 = DIRECTION('',(6.287988812036E-17,6.123233995737E-17,1.));
#741 = DIRECTION('',(1.,6.123233995737E-17,-6.287988812036E-17));
#742 = DEFINITIONAL_REPRESENTATION('',(#743),#746);
#743 = B_SPLINE_CURVE_WITH_KNOTS('',1,(#744,#745),.UNSPECIFIED.,.F.,.F.,
  (2,2),(1.052430843017E-17,0.21875),.PIECEWISE_BEZIER_KNOTS.);
#744 = CARTESIAN_POINT('',(4.605263157895E-03,3.08148791102E-33));
#745 = CARTESIAN_POINT('',(4.605263157895E-03,-0.21875));
#746 = ( GEOMETRIC_REPRESENTATION_CONTEXT(2) 
PARAMETRIC_REPRESENTATION_CONTEXT() REPRESENTATION_CONTEXT('2D SPACE',''
  ) );
#747 = ADVANCED_FACE('',(#748),#365,.F.);
#748 = FACE_BOUND('',#749,.F.);
#749 = EDGE_LOOP('',(#750,#773,#794,#795));
#750 = ORIENTED_EDGE('',*,*,#751,.T.);
#751 = EDGE_CURVE('',#322,#752,#754,.T.);
#752 = VERTEX_POINT('',#753);
#753 = CARTESIAN_POINT('',(-0.651644736842,-0.21875,0.151315789474));
#754 = SURFACE_CURVE('',#755,(#759,#766),.PCURVE_S1.);
#755 = LINE('',#756,#757);
#756 = CARTESIAN_POINT('',(-0.651644736842,1.528794277225E-17,
    0.151315789474));
#757 = VECTOR('',#758,1.);
#758 = DIRECTION('',(6.123233995737E-17,-1.,6.123233995737E-17));
#759 = PCURVE('',#365,#760);
#760 = DEFINITIONAL_REPRESENTATION('',(#761),#765);
#761 = LINE('',#762,#763);
#762 = CARTESIAN_POINT('',(0.,0.));
#763 = VECTOR('',#764,1.);
#764 = DIRECTION('',(1.232595164408E-32,-1.));
#765 = ( GEOMETRIC_REPRESENTATION_CONTEXT(2) 
PARAMETRIC_REPRESENTATION_CONTEXT() REPRESENTATION_CONTEXT('2D SPACE',''
  ) );
#766 = PCURVE('',#337,#767);
#767 = DEFINITIONAL_REPRESENTATION('',(#768),#772);
#768 = LINE('',#769,#770);
#769 = CARTESIAN_POINT('',(3.782894736842E-02,0.));
#770 = VECTOR('',#771,1.);
#771 = DIRECTION('',(-3.697785493223E-32,-1.));
#772 = ( GEOMETRIC_REPRESENTATION_CONTEXT(2) 
PARAMETRIC_REPRESENTATION_CONTEXT() REPRESENTATION_CONTEXT('2D SPACE',''
  ) );
#773 = ORIENTED_EDGE('',*,*,#774,.T.);
#774 = EDGE_CURVE('',#752,#679,#775,.T.);
#775 = SURFACE_CURVE('',#776,(#780,#787),.PCURVE_S1.);
#776 = LINE('',#777,#778);
#777 = CARTESIAN_POINT('',(-0.651644736842,-0.21875,0.151315789474));
#778 = VECTOR('',#779,1.);
#779 = DIRECTION('',(0.,6.123233995737E-17,1.));
#780 = PCURVE('',#365,#781);
#781 = DEFINITIONAL_REPRESENTATION('',(#782),#786);
#782 = LINE('',#783,#784);
#783 = CARTESIAN_POINT('',(-1.339457436567E-17,-0.21875));
#784 = VECTOR('',#785,1.);
#785 = DIRECTION('',(1.,0.));
#786 = ( GEOMETRIC_REPRESENTATION_CONTEXT(2) 
PARAMETRIC_REPRESENTATION_CONTEXT() REPRESENTATION_CONTEXT('2D SPACE',''
  ) );
#787 = PCURVE('',#587,#788);
#788 = DEFINITIONAL_REPRESENTATION('',(#789),#793);
#789 = LINE('',#790,#791);
#790 = CARTESIAN_POINT('',(9.835526315789E-02,0.151315789474));
#791 = VECTOR('',#792,1.);
#792 = DIRECTION('',(-6.123233995737E-17,1.));
#793 = ( GEOMETRIC_REPRESENTATION_CONTEXT(2) 
PARAMETRIC_REPRESENTATION_CONTEXT() REPRESENTATION_CONTEXT('2D SPACE',''
  ) );
#794 = ORIENTED_EDGE('',*,*,#678,.F.);
#795 = ORIENTED_EDGE('',*,*,#349,.F.);
#796 = ADVANCED_FACE('',(#797),#337,.F.);
#797 = FACE_BOUND('',#798,.F.);
#798 = EDGE_LOOP('',(#799,#800,#821,#842));
#799 = ORIENTED_EDGE('',*,*,#321,.F.);
#800 = ORIENTED_EDGE('',*,*,#801,.T.);
#801 = EDGE_CURVE('',#137,#802,#804,.T.);
#802 = VERTEX_POINT('',#803);
#803 = CARTESIAN_POINT('',(-0.651644736842,-0.21875,0.146546052632));
#804 = SURFACE_CURVE('',#805,(#809,#815),.PCURVE_S1.);
#805 = LINE('',#806,#807);
#806 = CARTESIAN_POINT('',(-0.651644736842,8.776971097508E-18,
    0.146546052632));
#807 = VECTOR('',#808,1.);
#808 = DIRECTION('',(6.123233995737E-17,-1.,6.123233995737E-17));
#809 = PCURVE('',#337,#810);
#810 = DEFINITIONAL_REPRESENTATION('',(#811),#814);
#811 = B_SPLINE_CURVE_WITH_KNOTS('',1,(#812,#813),.UNSPECIFIED.,.F.,.F.,
  (2,2),(6.21890952692E-18,0.21875),.PIECEWISE_BEZIER_KNOTS.);
#812 = CARTESIAN_POINT('',(3.305921052632E-02,-1.243781905384E-17));
#813 = CARTESIAN_POINT('',(3.305921052632E-02,-0.21875));
#814 = ( GEOMETRIC_REPRESENTATION_CONTEXT(2) 
PARAMETRIC_REPRESENTATION_CONTEXT() REPRESENTATION_CONTEXT('2D SPACE',''
  ) );
#815 = PCURVE('',#528,#816);
#816 = DEFINITIONAL_REPRESENTATION('',(#817),#820);
#817 = B_SPLINE_CURVE_WITH_KNOTS('',1,(#818,#819),.UNSPECIFIED.,.F.,.F.,
  (2,2),(6.21890952692E-18,0.21875),.PIECEWISE_BEZIER_KNOTS.);
#818 = CARTESIAN_POINT('',(0.878207236842,0.));
#819 = CARTESIAN_POINT('',(0.878207236842,-0.21875));
#820 = ( GEOMETRIC_REPRESENTATION_CONTEXT(2) 
PARAMETRIC_REPRESENTATION_CONTEXT() REPRESENTATION_CONTEXT('2D SPACE',''
  ) );
#821 = ORIENTED_EDGE('',*,*,#822,.T.);
#822 = EDGE_CURVE('',#802,#752,#823,.T.);
#823 = SURFACE_CURVE('',#824,(#828,#835),.PCURVE_S1.);
#824 = LINE('',#825,#826);
#825 = CARTESIAN_POINT('',(-0.651644736842,-0.21875,0.113486842105));
#826 = VECTOR('',#827,1.);
#827 = DIRECTION('',(0.,6.123233995737E-17,1.));
#828 = PCURVE('',#337,#829);
#829 = DEFINITIONAL_REPRESENTATION('',(#830),#834);
#830 = LINE('',#831,#832);
#831 = CARTESIAN_POINT('',(4.832134421403E-19,-0.21875));
#832 = VECTOR('',#833,1.);
#833 = DIRECTION('',(1.,0.));
#834 = ( GEOMETRIC_REPRESENTATION_CONTEXT(2) 
PARAMETRIC_REPRESENTATION_CONTEXT() REPRESENTATION_CONTEXT('2D SPACE',''
  ) );
#835 = PCURVE('',#587,#836);
#836 = DEFINITIONAL_REPRESENTATION('',(#837),#841);
#837 = LINE('',#838,#839);
#838 = CARTESIAN_POINT('',(9.835526315789E-02,0.113486842105));
#839 = VECTOR('',#840,1.);
#840 = DIRECTION('',(-6.123233995737E-17,1.));
#841 = ( GEOMETRIC_REPRESENTATION_CONTEXT(2) 
PARAMETRIC_REPRESENTATION_CONTEXT() REPRESENTATION_CONTEXT('2D SPACE',''
  ) );
#842 = ORIENTED_EDGE('',*,*,#751,.F.);
#843 = ADVANCED_FACE('',(#844),#306,.F.);
#844 = FACE_BOUND('',#845,.F.);
#845 = EDGE_LOOP('',(#846,#847,#870,#893));
#846 = ORIENTED_EDGE('',*,*,#292,.F.);
#847 = ORIENTED_EDGE('',*,*,#848,.T.);
#848 = EDGE_CURVE('',#265,#849,#851,.T.);
#849 = VERTEX_POINT('',#850);
#850 = CARTESIAN_POINT('',(-0.651644736842,-0.21875,7.372051455394E-18)
  );
#851 = SURFACE_CURVE('',#852,(#856,#863),.PCURVE_S1.);
#852 = LINE('',#853,#854);
#853 = CARTESIAN_POINT('',(-0.651644736842,6.022522910281E-18,
    -6.022522910281E-18));
#854 = VECTOR('',#855,1.);
#855 = DIRECTION('',(6.123233995737E-17,-1.,6.123233995737E-17));
#856 = PCURVE('',#306,#857);
#857 = DEFINITIONAL_REPRESENTATION('',(#858),#862);
#858 = LINE('',#859,#860);
#859 = CARTESIAN_POINT('',(0.,0.));
#860 = VECTOR('',#861,1.);
#861 = DIRECTION('',(0.,-1.));
#862 = ( GEOMETRIC_REPRESENTATION_CONTEXT(2) 
PARAMETRIC_REPRESENTATION_CONTEXT() REPRESENTATION_CONTEXT('2D SPACE',''
  ) );
#863 = PCURVE('',#280,#864);
#864 = DEFINITIONAL_REPRESENTATION('',(#865),#869);
#865 = LINE('',#866,#867);
#866 = CARTESIAN_POINT('',(9.835526315789E-02,3.687731702433E-34));
#867 = VECTOR('',#868,1.);
#868 = DIRECTION('',(2.09025038315E-32,-1.));
#869 = ( GEOMETRIC_REPRESENTATION_CONTEXT(2) 
PARAMETRIC_REPRESENTATION_CONTEXT() REPRESENTATION_CONTEXT('2D SPACE',''
  ) );
#870 = ORIENTED_EDGE('',*,*,#871,.T.);
#871 = EDGE_CURVE('',#849,#872,#874,.T.);
#872 = VERTEX_POINT('',#873);
#873 = CARTESIAN_POINT('',(-0.651644736842,-0.21875,0.109375));
#874 = SURFACE_CURVE('',#875,(#879,#886),.PCURVE_S1.);
#875 = LINE('',#876,#877);
#876 = CARTESIAN_POINT('',(-0.651644736842,-0.21875,7.372051455394E-18)
  );
#877 = VECTOR('',#878,1.);
#878 = DIRECTION('',(0.,6.123233995737E-17,1.));
#879 = PCURVE('',#306,#880);
#880 = DEFINITIONAL_REPRESENTATION('',(#881),#885);
#881 = LINE('',#882,#883);
#882 = CARTESIAN_POINT('',(0.,-0.21875));
#883 = VECTOR('',#884,1.);
#884 = DIRECTION('',(1.,0.));
#885 = ( GEOMETRIC_REPRESENTATION_CONTEXT(2) 
PARAMETRIC_REPRESENTATION_CONTEXT() REPRESENTATION_CONTEXT('2D SPACE',''
  ) );
#886 = PCURVE('',#587,#887);
#887 = DEFINITIONAL_REPRESENTATION('',(#888),#892);
#888 = LINE('',#889,#890);
#889 = CARTESIAN_POINT('',(9.835526315789E-02,2.311115933265E-33));
#890 = VECTOR('',#891,1.);
#891 = DIRECTION('',(-6.123233995737E-17,1.));
#892 = ( GEOMETRIC_REPRESENTATION_CONTEXT(2) 
PARAMETRIC_REPRESENTATION_CONTEXT() REPRESENTATION_CONTEXT('2D SPACE',''
  ) );
#893 = ORIENTED_EDGE('',*,*,#894,.T.);
#894 = EDGE_CURVE('',#872,#76,#895,.T.);
#895 = SURFACE_CURVE('',#896,(#900,#906),.PCURVE_S1.);
#896 = LINE('',#897,#898);
#897 = CARTESIAN_POINT('',(-0.651644736842,6.500900566198E-18,0.109375)
  );
#898 = VECTOR('',#899,1.);
#899 = DIRECTION('',(-6.123233995737E-17,1.,-6.123233995737E-17));
#900 = PCURVE('',#306,#901);
#901 = DEFINITIONAL_REPRESENTATION('',(#902),#905);
#902 = B_SPLINE_CURVE_WITH_KNOTS('',1,(#903,#904),.UNSPECIFIED.,.F.,.F.,
  (2,2),(-0.21875,-6.21890952692E-18),.PIECEWISE_BEZIER_KNOTS.);
#903 = CARTESIAN_POINT('',(0.109375,-0.21875));
#904 = CARTESIAN_POINT('',(0.109375,-1.243781905384E-17));
#905 = ( GEOMETRIC_REPRESENTATION_CONTEXT(2) 
PARAMETRIC_REPRESENTATION_CONTEXT() REPRESENTATION_CONTEXT('2D SPACE',''
  ) );
#906 = PCURVE('',#474,#907);
#907 = DEFINITIONAL_REPRESENTATION('',(#908),#911);
#908 = B_SPLINE_CURVE_WITH_KNOTS('',1,(#909,#910),.UNSPECIFIED.,.F.,.F.,
  (2,2),(-0.21875,-6.21890952692E-18),.PIECEWISE_BEZIER_KNOTS.);
#909 = CARTESIAN_POINT('',(4.605263157895E-03,-0.21875));
#910 = CARTESIAN_POINT('',(4.605263157895E-03,3.08148791102E-33));
#911 = ( GEOMETRIC_REPRESENTATION_CONTEXT(2) 
PARAMETRIC_REPRESENTATION_CONTEXT() REPRESENTATION_CONTEXT('2D SPACE',''
  ) );
#912 = ADVANCED_FACE('',(#913),#280,.F.);
#913 = FACE_BOUND('',#914,.F.);
#914 = EDGE_LOOP('',(#915,#938,#959,#960));
#915 = ORIENTED_EDGE('',*,*,#916,.T.);
#916 = EDGE_CURVE('',#237,#917,#919,.T.);
#917 = VERTEX_POINT('',#918);
#918 = CARTESIAN_POINT('',(-0.75,-0.21875,1.339457436567E-17));
#919 = SURFACE_CURVE('',#920,(#924,#931),.PCURVE_S1.);
#920 = LINE('',#921,#922);
#921 = CARTESIAN_POINT('',(-0.75,0.,0.));
#922 = VECTOR('',#923,1.);
#923 = DIRECTION('',(6.123233995737E-17,-1.,6.123233995737E-17));
#924 = PCURVE('',#280,#925);
#925 = DEFINITIONAL_REPRESENTATION('',(#926),#930);
#926 = LINE('',#927,#928);
#927 = CARTESIAN_POINT('',(0.,0.));
#928 = VECTOR('',#929,1.);
#929 = DIRECTION('',(2.09025038315E-32,-1.));
#930 = ( GEOMETRIC_REPRESENTATION_CONTEXT(2) 
PARAMETRIC_REPRESENTATION_CONTEXT() REPRESENTATION_CONTEXT('2D SPACE',''
  ) );
#931 = PCURVE('',#252,#932);
#932 = DEFINITIONAL_REPRESENTATION('',(#933),#937);
#933 = LINE('',#934,#935);
#934 = CARTESIAN_POINT('',(0.359375,0.));
#935 = VECTOR('',#936,1.);
#936 = DIRECTION('',(0.,-1.));
#937 = ( GEOMETRIC_REPRESENTATION_CONTEXT(2) 
PARAMETRIC_REPRESENTATION_CONTEXT() REPRESENTATION_CONTEXT('2D SPACE',''
  ) );
#938 = ORIENTED_EDGE('',*,*,#939,.T.);
#939 = EDGE_CURVE('',#917,#849,#940,.T.);
#940 = SURFACE_CURVE('',#941,(#945,#952),.PCURVE_S1.);
#941 = LINE('',#942,#943);
#942 = CARTESIAN_POINT('',(-0.75,-0.21875,1.339457436567E-17));
#943 = VECTOR('',#944,1.);
#944 = DIRECTION('',(1.,6.123233995737E-17,-6.123233995737E-17));
#945 = PCURVE('',#280,#946);
#946 = DEFINITIONAL_REPRESENTATION('',(#947),#951);
#947 = LINE('',#948,#949);
#948 = CARTESIAN_POINT('',(-1.339457436567E-17,-0.21875));
#949 = VECTOR('',#950,1.);
#950 = DIRECTION('',(1.,3.749399456655E-33));
#951 = ( GEOMETRIC_REPRESENTATION_CONTEXT(2) 
PARAMETRIC_REPRESENTATION_CONTEXT() REPRESENTATION_CONTEXT('2D SPACE',''
  ) );
#952 = PCURVE('',#587,#953);
#953 = DEFINITIONAL_REPRESENTATION('',(#954),#958);
#954 = LINE('',#955,#956);
#955 = CARTESIAN_POINT('',(0.,0.));
#956 = VECTOR('',#957,1.);
#957 = DIRECTION('',(1.,2.465190328816E-32));
#958 = ( GEOMETRIC_REPRESENTATION_CONTEXT(2) 
PARAMETRIC_REPRESENTATION_CONTEXT() REPRESENTATION_CONTEXT('2D SPACE',''
  ) );
#959 = ORIENTED_EDGE('',*,*,#848,.F.);
#960 = ORIENTED_EDGE('',*,*,#264,.F.);
#961 = ADVANCED_FACE('',(#962),#252,.F.);
#962 = FACE_BOUND('',#963,.F.);
#963 = EDGE_LOOP('',(#964,#965,#986,#987));
#964 = ORIENTED_EDGE('',*,*,#599,.T.);
#965 = ORIENTED_EDGE('',*,*,#966,.T.);
#966 = EDGE_CURVE('',#572,#917,#967,.T.);
#967 = SURFACE_CURVE('',#968,(#972,#979),.PCURVE_S1.);
#968 = LINE('',#969,#970);
#969 = CARTESIAN_POINT('',(-0.75,-0.21875,0.359375));
#970 = VECTOR('',#971,1.);
#971 = DIRECTION('',(0.,-6.123233995737E-17,-1.));
#972 = PCURVE('',#252,#973);
#973 = DEFINITIONAL_REPRESENTATION('',(#974),#978);
#974 = LINE('',#975,#976);
#975 = CARTESIAN_POINT('',(1.339457436567E-17,-0.21875));
#976 = VECTOR('',#977,1.);
#977 = DIRECTION('',(1.,0.));
#978 = ( GEOMETRIC_REPRESENTATION_CONTEXT(2) 
PARAMETRIC_REPRESENTATION_CONTEXT() REPRESENTATION_CONTEXT('2D SPACE',''
  ) );
#979 = PCURVE('',#587,#980);
#980 = DEFINITIONAL_REPRESENTATION('',(#981),#985);
#981 = LINE('',#982,#983);
#982 = CARTESIAN_POINT('',(-2.200537217218E-17,0.359375));
#983 = VECTOR('',#984,1.);
#984 = DIRECTION('',(6.123233995737E-17,-1.));
#985 = ( GEOMETRIC_REPRESENTATION_CONTEXT(2) 
PARAMETRIC_REPRESENTATION_CONTEXT() REPRESENTATION_CONTEXT('2D SPACE',''
  ) );
#986 = ORIENTED_EDGE('',*,*,#916,.F.);
#987 = ORIENTED_EDGE('',*,*,#236,.F.);
#988 = ADVANCED_FACE('',(#989),#528,.F.);
#989 = FACE_BOUND('',#990,.F.);
#990 = EDGE_LOOP('',(#991,#992,#1015,#1041));
#991 = ORIENTED_EDGE('',*,*,#514,.F.);
#992 = ORIENTED_EDGE('',*,*,#993,.T.);
#993 = EDGE_CURVE('',#487,#994,#996,.T.);
#994 = VERTEX_POINT('',#995);
#995 = CARTESIAN_POINT('',(0.2265625,-0.21875,0.146546052632));
#996 = SURFACE_CURVE('',#997,(#1001,#1008),.PCURVE_S1.);
#997 = LINE('',#998,#999);
#998 = CARTESIAN_POINT('',(0.2265625,5.633274564992E-17,0.146546052632)
  );
#999 = VECTOR('',#1000,1.);
#1000 = DIRECTION('',(6.123233995737E-17,-1.,6.123233995737E-17));
#1001 = PCURVE('',#528,#1002);
#1002 = DEFINITIONAL_REPRESENTATION('',(#1003),#1007);
#1003 = LINE('',#1004,#1005);
#1004 = CARTESIAN_POINT('',(0.,0.));
#1005 = VECTOR('',#1006,1.);
#1006 = DIRECTION('',(-8.475668958211E-33,-1.));
#1007 = ( GEOMETRIC_REPRESENTATION_CONTEXT(2) 
PARAMETRIC_REPRESENTATION_CONTEXT() REPRESENTATION_CONTEXT('2D SPACE',''
  ) );
#1008 = PCURVE('',#502,#1009);
#1009 = DEFINITIONAL_REPRESENTATION('',(#1010),#1014);
#1010 = LINE('',#1011,#1012);
#1011 = CARTESIAN_POINT('',(3.717105263158E-02,3.851859888774E-34));
#1012 = VECTOR('',#1013,1.);
#1013 = DIRECTION('',(1.232595164408E-31,-1.));
#1014 = ( GEOMETRIC_REPRESENTATION_CONTEXT(2) 
PARAMETRIC_REPRESENTATION_CONTEXT() REPRESENTATION_CONTEXT('2D SPACE',''
  ) );
#1015 = ORIENTED_EDGE('',*,*,#1016,.T.);
#1016 = EDGE_CURVE('',#994,#802,#1017,.T.);
#1017 = SURFACE_CURVE('',#1018,(#1022,#1029),.PCURVE_S1.);
#1018 = LINE('',#1019,#1020);
#1019 = CARTESIAN_POINT('',(0.2265625,-0.21875,0.146546052632));
#1020 = VECTOR('',#1021,1.);
#1021 = DIRECTION('',(-1.,-6.123233995737E-17,6.287988812036E-17));
#1022 = PCURVE('',#528,#1023);
#1023 = DEFINITIONAL_REPRESENTATION('',(#1024),#1028);
#1024 = LINE('',#1025,#1026);
#1025 = CARTESIAN_POINT('',(1.339457436567E-17,-0.21875));
#1026 = VECTOR('',#1027,1.);
#1027 = DIRECTION('',(1.,-3.850282685867E-33));
#1028 = ( GEOMETRIC_REPRESENTATION_CONTEXT(2) 
PARAMETRIC_REPRESENTATION_CONTEXT() REPRESENTATION_CONTEXT('2D SPACE',''
  ) );
#1029 = PCURVE('',#1030,#1035);
#1030 = PLANE('',#1031);
#1031 = AXIS2_PLACEMENT_3D('',#1032,#1033,#1034);
#1032 = CARTESIAN_POINT('',(-0.65625,-0.21875,0.109375));
#1033 = DIRECTION('',(6.123233995737E-17,-1.,6.123233995737E-17));
#1034 = DIRECTION('',(1.,6.123233995737E-17,-6.123233995737E-17));
#1035 = DEFINITIONAL_REPRESENTATION('',(#1036),#1040);
#1036 = LINE('',#1037,#1038);
#1037 = CARTESIAN_POINT('',(0.8828125,3.717105263158E-02));
#1038 = VECTOR('',#1039,1.);
#1039 = DIRECTION('',(-1.,1.647548162995E-18));
#1040 = ( GEOMETRIC_REPRESENTATION_CONTEXT(2) 
PARAMETRIC_REPRESENTATION_CONTEXT() REPRESENTATION_CONTEXT('2D SPACE',''
  ) );
#1041 = ORIENTED_EDGE('',*,*,#801,.F.);
#1042 = ADVANCED_FACE('',(#1043),#502,.F.);
#1043 = FACE_BOUND('',#1044,.F.);
#1044 = EDGE_LOOP('',(#1045,#1068,#1089,#1090));
#1045 = ORIENTED_EDGE('',*,*,#1046,.T.);
#1046 = EDGE_CURVE('',#459,#1047,#1049,.T.);
#1047 = VERTEX_POINT('',#1048);
#1048 = CARTESIAN_POINT('',(0.2265625,-0.21875,0.109375));
#1049 = SURFACE_CURVE('',#1050,(#1054,#1061),.PCURVE_S1.);
#1050 = LINE('',#1051,#1052);
#1051 = CARTESIAN_POINT('',(0.2265625,5.405667511861E-17,0.109375));
#1052 = VECTOR('',#1053,1.);
#1053 = DIRECTION('',(6.123233995737E-17,-1.,6.123233995737E-17));
#1054 = PCURVE('',#502,#1055);
#1055 = DEFINITIONAL_REPRESENTATION('',(#1056),#1060);
#1056 = LINE('',#1057,#1058);
#1057 = CARTESIAN_POINT('',(0.,0.));
#1058 = VECTOR('',#1059,1.);
#1059 = DIRECTION('',(1.232595164408E-31,-1.));
#1060 = ( GEOMETRIC_REPRESENTATION_CONTEXT(2) 
PARAMETRIC_REPRESENTATION_CONTEXT() REPRESENTATION_CONTEXT('2D SPACE',''
  ) );
#1061 = PCURVE('',#474,#1062);
#1062 = DEFINITIONAL_REPRESENTATION('',(#1063),#1067);
#1063 = LINE('',#1064,#1065);
#1064 = CARTESIAN_POINT('',(0.8828125,3.399077683617E-33));
#1065 = VECTOR('',#1066,1.);
#1066 = DIRECTION('',(-3.850282685867E-33,-1.));
#1067 = ( GEOMETRIC_REPRESENTATION_CONTEXT(2) 
PARAMETRIC_REPRESENTATION_CONTEXT() REPRESENTATION_CONTEXT('2D SPACE',''
  ) );
#1068 = ORIENTED_EDGE('',*,*,#1069,.T.);
#1069 = EDGE_CURVE('',#1047,#994,#1070,.T.);
#1070 = SURFACE_CURVE('',#1071,(#1075,#1082),.PCURVE_S1.);
#1071 = LINE('',#1072,#1073);
#1072 = CARTESIAN_POINT('',(0.2265625,-0.21875,0.109375));
#1073 = VECTOR('',#1074,1.);
#1074 = DIRECTION('',(0.,6.123233995737E-17,1.));
#1075 = PCURVE('',#502,#1076);
#1076 = DEFINITIONAL_REPRESENTATION('',(#1077),#1081);
#1077 = LINE('',#1078,#1079);
#1078 = CARTESIAN_POINT('',(4.832134421403E-19,-0.21875));
#1079 = VECTOR('',#1080,1.);
#1080 = DIRECTION('',(1.,0.));
#1081 = ( GEOMETRIC_REPRESENTATION_CONTEXT(2) 
PARAMETRIC_REPRESENTATION_CONTEXT() REPRESENTATION_CONTEXT('2D SPACE',''
  ) );
#1082 = PCURVE('',#1030,#1083);
#1083 = DEFINITIONAL_REPRESENTATION('',(#1084),#1088);
#1084 = LINE('',#1085,#1086);
#1085 = CARTESIAN_POINT('',(0.8828125,-1.454476112644E-18));
#1086 = VECTOR('',#1087,1.);
#1087 = DIRECTION('',(-6.123233995737E-17,1.));
#1088 = ( GEOMETRIC_REPRESENTATION_CONTEXT(2) 
PARAMETRIC_REPRESENTATION_CONTEXT() REPRESENTATION_CONTEXT('2D SPACE',''
  ) );
#1089 = ORIENTED_EDGE('',*,*,#993,.F.);
#1090 = ORIENTED_EDGE('',*,*,#486,.F.);
#1091 = ADVANCED_FACE('',(#1092),#474,.F.);
#1092 = FACE_BOUND('',#1093,.F.);
#1093 = EDGE_LOOP('',(#1094,#1095,#1096,#1117));
#1094 = ORIENTED_EDGE('',*,*,#458,.F.);
#1095 = ORIENTED_EDGE('',*,*,#894,.F.);
#1096 = ORIENTED_EDGE('',*,*,#1097,.T.);
#1097 = EDGE_CURVE('',#872,#1047,#1098,.T.);
#1098 = SURFACE_CURVE('',#1099,(#1103,#1110),.PCURVE_S1.);
#1099 = LINE('',#1100,#1101);
#1100 = CARTESIAN_POINT('',(-0.65625,-0.21875,0.109375));
#1101 = VECTOR('',#1102,1.);
#1102 = DIRECTION('',(1.,6.123233995737E-17,-6.287988812036E-17));
#1103 = PCURVE('',#474,#1104);
#1104 = DEFINITIONAL_REPRESENTATION('',(#1105),#1109);
#1105 = LINE('',#1106,#1107);
#1106 = CARTESIAN_POINT('',(-1.339457436567E-17,-0.21875));
#1107 = VECTOR('',#1108,1.);
#1108 = DIRECTION('',(1.,3.850282685867E-33));
#1109 = ( GEOMETRIC_REPRESENTATION_CONTEXT(2) 
PARAMETRIC_REPRESENTATION_CONTEXT() REPRESENTATION_CONTEXT('2D SPACE',''
  ) );
#1110 = PCURVE('',#1030,#1111);
#1111 = DEFINITIONAL_REPRESENTATION('',(#1112),#1116);
#1112 = LINE('',#1113,#1114);
#1113 = CARTESIAN_POINT('',(0.,0.));
#1114 = VECTOR('',#1115,1.);
#1115 = DIRECTION('',(1.,-1.647548162995E-18));
#1116 = ( GEOMETRIC_REPRESENTATION_CONTEXT(2) 
PARAMETRIC_REPRESENTATION_CONTEXT() REPRESENTATION_CONTEXT('2D SPACE',''
  ) );
#1117 = ORIENTED_EDGE('',*,*,#1046,.F.);
#1118 = ADVANCED_FACE('',(#1119),#587,.T.);
#1119 = FACE_BOUND('',#1120,.T.);
#1120 = EDGE_LOOP('',(#1121,#1122,#1123,#1124,#1125,#1153,#1176,#1197,
    #1198,#1199,#1200,#1228));
#1121 = ORIENTED_EDGE('',*,*,#571,.T.);
#1122 = ORIENTED_EDGE('',*,*,#966,.T.);
#1123 = ORIENTED_EDGE('',*,*,#939,.T.);
#1124 = ORIENTED_EDGE('',*,*,#871,.T.);
#1125 = ORIENTED_EDGE('',*,*,#1126,.F.);
#1126 = EDGE_CURVE('',#1127,#872,#1129,.T.);
#1127 = VERTEX_POINT('',#1128);
#1128 = CARTESIAN_POINT('',(-0.65625,-0.21875,0.109375));
#1129 = SURFACE_CURVE('',#1130,(#1134,#1141),.PCURVE_S1.);
#1130 = LINE('',#1131,#1132);
#1131 = CARTESIAN_POINT('',(-0.65625,-0.21875,0.109375));
#1132 = VECTOR('',#1133,1.);
#1133 = DIRECTION('',(1.,6.123233995737E-17,-6.287988812036E-17));
#1134 = PCURVE('',#587,#1135);
#1135 = DEFINITIONAL_REPRESENTATION('',(#1136),#1140);
#1136 = LINE('',#1137,#1138);
#1137 = CARTESIAN_POINT('',(9.375E-02,0.109375));
#1138 = VECTOR('',#1139,1.);
#1139 = DIRECTION('',(1.,-1.647548162995E-18));
#1140 = ( GEOMETRIC_REPRESENTATION_CONTEXT(2) 
PARAMETRIC_REPRESENTATION_CONTEXT() REPRESENTATION_CONTEXT('2D SPACE',''
  ) );
#1141 = PCURVE('',#1142,#1147);
#1142 = PLANE('',#1143);
#1143 = AXIS2_PLACEMENT_3D('',#1144,#1145,#1146);
#1144 = CARTESIAN_POINT('',(-0.75,-0.21875,1.339457436567E-17));
#1145 = DIRECTION('',(6.123233995737E-17,-1.,6.123233995737E-17));
#1146 = DIRECTION('',(1.,6.123233995737E-17,-6.123233995737E-17));
#1147 = DEFINITIONAL_REPRESENTATION('',(#1148),#1152);
#1148 = LINE('',#1149,#1150);
#1149 = CARTESIAN_POINT('',(9.375E-02,0.109375));
#1150 = VECTOR('',#1151,1.);
#1151 = DIRECTION('',(1.,-1.647548162995E-18));
#1152 = ( GEOMETRIC_REPRESENTATION_CONTEXT(2) 
PARAMETRIC_REPRESENTATION_CONTEXT() REPRESENTATION_CONTEXT('2D SPACE',''
  ) );
#1153 = ORIENTED_EDGE('',*,*,#1154,.F.);
#1154 = EDGE_CURVE('',#1155,#1127,#1157,.T.);
#1155 = VERTEX_POINT('',#1156);
#1156 = CARTESIAN_POINT('',(-0.65625,-0.21875,0.146546052632));
#1157 = SURFACE_CURVE('',#1158,(#1162,#1169),.PCURVE_S1.);
#1158 = LINE('',#1159,#1160);
#1159 = CARTESIAN_POINT('',(-0.65625,-0.21875,0.146546052632));
#1160 = VECTOR('',#1161,1.);
#1161 = DIRECTION('',(0.,-6.123233995737E-17,-1.));
#1162 = PCURVE('',#587,#1163);
#1163 = DEFINITIONAL_REPRESENTATION('',(#1164),#1168);
#1164 = LINE('',#1165,#1166);
#1165 = CARTESIAN_POINT('',(9.375E-02,0.146546052632));
#1166 = VECTOR('',#1167,1.);
#1167 = DIRECTION('',(6.123233995737E-17,-1.));
#1168 = ( GEOMETRIC_REPRESENTATION_CONTEXT(2) 
PARAMETRIC_REPRESENTATION_CONTEXT() REPRESENTATION_CONTEXT('2D SPACE',''
  ) );
#1169 = PCURVE('',#1142,#1170);
#1170 = DEFINITIONAL_REPRESENTATION('',(#1171),#1175);
#1171 = LINE('',#1172,#1173);
#1172 = CARTESIAN_POINT('',(9.375E-02,0.146546052632));
#1173 = VECTOR('',#1174,1.);
#1174 = DIRECTION('',(6.123233995737E-17,-1.));
#1175 = ( GEOMETRIC_REPRESENTATION_CONTEXT(2) 
PARAMETRIC_REPRESENTATION_CONTEXT() REPRESENTATION_CONTEXT('2D SPACE',''
  ) );
#1176 = ORIENTED_EDGE('',*,*,#1177,.F.);
#1177 = EDGE_CURVE('',#802,#1155,#1178,.T.);
#1178 = SURFACE_CURVE('',#1179,(#1183,#1190),.PCURVE_S1.);
#1179 = LINE('',#1180,#1181);
#1180 = CARTESIAN_POINT('',(0.2265625,-0.21875,0.146546052632));
#1181 = VECTOR('',#1182,1.);
#1182 = DIRECTION('',(-1.,-6.123233995737E-17,6.287988812036E-17));
#1183 = PCURVE('',#587,#1184);
#1184 = DEFINITIONAL_REPRESENTATION('',(#1185),#1189);
#1185 = LINE('',#1186,#1187);
#1186 = CARTESIAN_POINT('',(0.9765625,0.146546052632));
#1187 = VECTOR('',#1188,1.);
#1188 = DIRECTION('',(-1.,1.647548162995E-18));
#1189 = ( GEOMETRIC_REPRESENTATION_CONTEXT(2) 
PARAMETRIC_REPRESENTATION_CONTEXT() REPRESENTATION_CONTEXT('2D SPACE',''
  ) );
#1190 = PCURVE('',#1142,#1191);
#1191 = DEFINITIONAL_REPRESENTATION('',(#1192),#1196);
#1192 = LINE('',#1193,#1194);
#1193 = CARTESIAN_POINT('',(0.9765625,0.146546052632));
#1194 = VECTOR('',#1195,1.);
#1195 = DIRECTION('',(-1.,1.647548162995E-18));
#1196 = ( GEOMETRIC_REPRESENTATION_CONTEXT(2) 
PARAMETRIC_REPRESENTATION_CONTEXT() REPRESENTATION_CONTEXT('2D SPACE',''
  ) );
#1197 = ORIENTED_EDGE('',*,*,#822,.T.);
#1198 = ORIENTED_EDGE('',*,*,#774,.T.);
#1199 = ORIENTED_EDGE('',*,*,#701,.T.);
#1200 = ORIENTED_EDGE('',*,*,#1201,.F.);
#1201 = EDGE_CURVE('',#1202,#702,#1204,.T.);
#1202 = VERTEX_POINT('',#1203);
#1203 = CARTESIAN_POINT('',(-0.65625,-0.21875,0.25));
#1204 = SURFACE_CURVE('',#1205,(#1209,#1216),.PCURVE_S1.);
#1205 = LINE('',#1206,#1207);
#1206 = CARTESIAN_POINT('',(-0.65625,-0.21875,0.25));
#1207 = VECTOR('',#1208,1.);
#1208 = DIRECTION('',(1.,6.123233995737E-17,-6.287988812036E-17));
#1209 = PCURVE('',#587,#1210);
#1210 = DEFINITIONAL_REPRESENTATION('',(#1211),#1215);
#1211 = LINE('',#1212,#1213);
#1212 = CARTESIAN_POINT('',(9.375E-02,0.25));
#1213 = VECTOR('',#1214,1.);
#1214 = DIRECTION('',(1.,-1.647548162995E-18));
#1215 = ( GEOMETRIC_REPRESENTATION_CONTEXT(2) 
PARAMETRIC_REPRESENTATION_CONTEXT() REPRESENTATION_CONTEXT('2D SPACE',''
  ) );
#1216 = PCURVE('',#1217,#1222);
#1217 = PLANE('',#1218);
#1218 = AXIS2_PLACEMENT_3D('',#1219,#1220,#1221);
#1219 = CARTESIAN_POINT('',(-0.65625,-0.21875,0.25));
#1220 = DIRECTION('',(6.123233995737E-17,-1.,6.123233995737E-17));
#1221 = DIRECTION('',(1.,6.123233995737E-17,-6.123233995737E-17));
#1222 = DEFINITIONAL_REPRESENTATION('',(#1223),#1227);
#1223 = LINE('',#1224,#1225);
#1224 = CARTESIAN_POINT('',(0.,0.));
#1225 = VECTOR('',#1226,1.);
#1226 = DIRECTION('',(1.,-1.647548162995E-18));
#1227 = ( GEOMETRIC_REPRESENTATION_CONTEXT(2) 
PARAMETRIC_REPRESENTATION_CONTEXT() REPRESENTATION_CONTEXT('2D SPACE',''
  ) );
#1228 = ORIENTED_EDGE('',*,*,#1229,.F.);
#1229 = EDGE_CURVE('',#546,#1202,#1230,.T.);
#1230 = SURFACE_CURVE('',#1231,(#1235,#1242),.PCURVE_S1.);
#1231 = LINE('',#1232,#1233);
#1232 = CARTESIAN_POINT('',(-0.65625,-0.21875,0.361513157895));
#1233 = VECTOR('',#1234,1.);
#1234 = DIRECTION('',(0.,-6.123233995737E-17,-1.));
#1235 = PCURVE('',#587,#1236);
#1236 = DEFINITIONAL_REPRESENTATION('',(#1237),#1241);
#1237 = LINE('',#1238,#1239);
#1238 = CARTESIAN_POINT('',(9.375E-02,0.361513157895));
#1239 = VECTOR('',#1240,1.);
#1240 = DIRECTION('',(6.123233995737E-17,-1.));
#1241 = ( GEOMETRIC_REPRESENTATION_CONTEXT(2) 
PARAMETRIC_REPRESENTATION_CONTEXT() REPRESENTATION_CONTEXT('2D SPACE',''
  ) );
#1242 = PCURVE('',#1217,#1243);
#1243 = DEFINITIONAL_REPRESENTATION('',(#1244),#1248);
#1244 = LINE('',#1245,#1246);
#1245 = CARTESIAN_POINT('',(-6.82821159393E-18,0.111513157895));
#1246 = VECTOR('',#1247,1.);
#1247 = DIRECTION('',(6.123233995737E-17,-1.));
#1248 = ( GEOMETRIC_REPRESENTATION_CONTEXT(2) 
PARAMETRIC_REPRESENTATION_CONTEXT() REPRESENTATION_CONTEXT('2D SPACE',''
  ) );
#1249 = ADVANCED_FACE('',(#1250),#560,.F.);
#1250 = FACE_BOUND('',#1251,.F.);
#1251 = EDGE_LOOP('',(#1252,#1275,#1303,#1329));
#1252 = ORIENTED_EDGE('',*,*,#1253,.F.);
#1253 = EDGE_CURVE('',#1254,#207,#1256,.T.);
#1254 = VERTEX_POINT('',#1255);
#1255 = CARTESIAN_POINT('',(-0.65625,6.82821159393E-18,0.361513157895));
#1256 = SURFACE_CURVE('',#1257,(#1261,#1268),.PCURVE_S1.);
#1257 = LINE('',#1258,#1259);
#1258 = CARTESIAN_POINT('',(-0.65625,6.82821159393E-18,0.361513157895));
#1259 = VECTOR('',#1260,1.);
#1260 = DIRECTION('',(0.,-6.123233995737E-17,-1.));
#1261 = PCURVE('',#560,#1262);
#1262 = DEFINITIONAL_REPRESENTATION('',(#1263),#1267);
#1263 = LINE('',#1264,#1265);
#1264 = CARTESIAN_POINT('',(0.,0.));
#1265 = VECTOR('',#1266,1.);
#1266 = DIRECTION('',(1.,0.));
#1267 = ( GEOMETRIC_REPRESENTATION_CONTEXT(2) 
PARAMETRIC_REPRESENTATION_CONTEXT() REPRESENTATION_CONTEXT('2D SPACE',''
  ) );
#1268 = PCURVE('',#641,#1269);
#1269 = DEFINITIONAL_REPRESENTATION('',(#1270),#1274);
#1270 = LINE('',#1271,#1272);
#1271 = CARTESIAN_POINT('',(-6.82821159393E-18,0.111513157895));
#1272 = VECTOR('',#1273,1.);
#1273 = DIRECTION('',(6.123233995737E-17,-1.));
#1274 = ( GEOMETRIC_REPRESENTATION_CONTEXT(2) 
PARAMETRIC_REPRESENTATION_CONTEXT() REPRESENTATION_CONTEXT('2D SPACE',''
  ) );
#1275 = ORIENTED_EDGE('',*,*,#1276,.T.);
#1276 = EDGE_CURVE('',#1254,#1277,#1279,.T.);
#1277 = VERTEX_POINT('',#1278);
#1278 = CARTESIAN_POINT('',(-0.65625,-0.21875,0.361513157895));
#1279 = SURFACE_CURVE('',#1280,(#1284,#1291),.PCURVE_S1.);
#1280 = LINE('',#1281,#1282);
#1281 = CARTESIAN_POINT('',(-0.65625,6.82821159393E-18,0.361513157895));
#1282 = VECTOR('',#1283,1.);
#1283 = DIRECTION('',(6.123233995737E-17,-1.,6.123233995737E-17));
#1284 = PCURVE('',#560,#1285);
#1285 = DEFINITIONAL_REPRESENTATION('',(#1286),#1290);
#1286 = LINE('',#1287,#1288);
#1287 = CARTESIAN_POINT('',(0.,0.));
#1288 = VECTOR('',#1289,1.);
#1289 = DIRECTION('',(1.232595164408E-32,-1.));
#1290 = ( GEOMETRIC_REPRESENTATION_CONTEXT(2) 
PARAMETRIC_REPRESENTATION_CONTEXT() REPRESENTATION_CONTEXT('2D SPACE',''
  ) );
#1291 = PCURVE('',#1292,#1297);
#1292 = PLANE('',#1293);
#1293 = AXIS2_PLACEMENT_3D('',#1294,#1295,#1296);
#1294 = CARTESIAN_POINT('',(0.2265625,6.088488671254E-17,0.361513157895)
  );
#1295 = DIRECTION('',(3.749399456655E-33,-6.123233995737E-17,-1.));
#1296 = DIRECTION('',(-1.,-6.123233995737E-17,0.));
#1297 = DEFINITIONAL_REPRESENTATION('',(#1298),#1302);
#1298 = LINE('',#1299,#1300);
#1299 = CARTESIAN_POINT('',(0.8828125,0.));
#1300 = VECTOR('',#1301,1.);
#1301 = DIRECTION('',(0.,-1.));
#1302 = ( GEOMETRIC_REPRESENTATION_CONTEXT(2) 
PARAMETRIC_REPRESENTATION_CONTEXT() REPRESENTATION_CONTEXT('2D SPACE',''
  ) );
#1303 = ORIENTED_EDGE('',*,*,#1304,.T.);
#1304 = EDGE_CURVE('',#1277,#546,#1305,.T.);
#1305 = SURFACE_CURVE('',#1306,(#1310,#1317),.PCURVE_S1.);
#1306 = LINE('',#1307,#1308);
#1307 = CARTESIAN_POINT('',(-0.65625,-0.21875,0.361513157895));
#1308 = VECTOR('',#1309,1.);
#1309 = DIRECTION('',(0.,-6.123233995737E-17,-1.));
#1310 = PCURVE('',#560,#1311);
#1311 = DEFINITIONAL_REPRESENTATION('',(#1312),#1316);
#1312 = LINE('',#1313,#1314);
#1313 = CARTESIAN_POINT('',(1.339457436567E-17,-0.21875));
#1314 = VECTOR('',#1315,1.);
#1315 = DIRECTION('',(1.,0.));
#1316 = ( GEOMETRIC_REPRESENTATION_CONTEXT(2) 
PARAMETRIC_REPRESENTATION_CONTEXT() REPRESENTATION_CONTEXT('2D SPACE',''
  ) );
#1317 = PCURVE('',#1318,#1323);
#1318 = PLANE('',#1319);
#1319 = AXIS2_PLACEMENT_3D('',#1320,#1321,#1322);
#1320 = CARTESIAN_POINT('',(-0.65625,-0.21875,0.25));
#1321 = DIRECTION('',(6.123233995737E-17,-1.,6.123233995737E-17));
#1322 = DIRECTION('',(1.,6.123233995737E-17,-6.123233995737E-17));
#1323 = DEFINITIONAL_REPRESENTATION('',(#1324),#1328);
#1324 = LINE('',#1325,#1326);
#1325 = CARTESIAN_POINT('',(-6.82821159393E-18,0.111513157895));
#1326 = VECTOR('',#1327,1.);
#1327 = DIRECTION('',(6.123233995737E-17,-1.));
#1328 = ( GEOMETRIC_REPRESENTATION_CONTEXT(2) 
PARAMETRIC_REPRESENTATION_CONTEXT() REPRESENTATION_CONTEXT('2D SPACE',''
  ) );
#1329 = ORIENTED_EDGE('',*,*,#545,.T.);
#1330 = ADVANCED_FACE('',(#1331),#641,.F.);
#1331 = FACE_BOUND('',#1332,.F.);
#1332 = EDGE_LOOP('',(#1333,#1334,#1357,#1385,#1406,#1407));
#1333 = ORIENTED_EDGE('',*,*,#625,.F.);
#1334 = ORIENTED_EDGE('',*,*,#1335,.T.);
#1335 = EDGE_CURVE('',#378,#1336,#1338,.T.);
#1336 = VERTEX_POINT('',#1337);
#1337 = CARTESIAN_POINT('',(0.2265625,5.405667511861E-17,0.25));
#1338 = SURFACE_CURVE('',#1339,(#1343,#1350),.PCURVE_S1.);
#1339 = LINE('',#1340,#1341);
#1340 = CARTESIAN_POINT('',(-0.65625,0.,0.25));
#1341 = VECTOR('',#1342,1.);
#1342 = DIRECTION('',(1.,6.123233995737E-17,-6.287988812036E-17));
#1343 = PCURVE('',#641,#1344);
#1344 = DEFINITIONAL_REPRESENTATION('',(#1345),#1349);
#1345 = LINE('',#1346,#1347);
#1346 = CARTESIAN_POINT('',(0.,0.));
#1347 = VECTOR('',#1348,1.);
#1348 = DIRECTION('',(1.,-1.647548162995E-18));
#1349 = ( GEOMETRIC_REPRESENTATION_CONTEXT(2) 
PARAMETRIC_REPRESENTATION_CONTEXT() REPRESENTATION_CONTEXT('2D SPACE',''
  ) );
#1350 = PCURVE('',#737,#1351);
#1351 = DEFINITIONAL_REPRESENTATION('',(#1352),#1356);
#1352 = LINE('',#1353,#1354);
#1353 = CARTESIAN_POINT('',(0.,0.));
#1354 = VECTOR('',#1355,1.);
#1355 = DIRECTION('',(1.,3.850282685867E-33));
#1356 = ( GEOMETRIC_REPRESENTATION_CONTEXT(2) 
PARAMETRIC_REPRESENTATION_CONTEXT() REPRESENTATION_CONTEXT('2D SPACE',''
  ) );
#1357 = ORIENTED_EDGE('',*,*,#1358,.T.);
#1358 = EDGE_CURVE('',#1336,#1359,#1361,.T.);
#1359 = VERTEX_POINT('',#1360);
#1360 = CARTESIAN_POINT('',(0.2265625,6.088488671254E-17,0.361513157895)
  );
#1361 = SURFACE_CURVE('',#1362,(#1366,#1373),.PCURVE_S1.);
#1362 = LINE('',#1363,#1364);
#1363 = CARTESIAN_POINT('',(0.2265625,5.405667511861E-17,0.25));
#1364 = VECTOR('',#1365,1.);
#1365 = DIRECTION('',(0.,6.123233995737E-17,1.));
#1366 = PCURVE('',#641,#1367);
#1367 = DEFINITIONAL_REPRESENTATION('',(#1368),#1372);
#1368 = LINE('',#1369,#1370);
#1369 = CARTESIAN_POINT('',(0.8828125,-1.454476112644E-18));
#1370 = VECTOR('',#1371,1.);
#1371 = DIRECTION('',(-6.123233995737E-17,1.));
#1372 = ( GEOMETRIC_REPRESENTATION_CONTEXT(2) 
PARAMETRIC_REPRESENTATION_CONTEXT() REPRESENTATION_CONTEXT('2D SPACE',''
  ) );
#1373 = PCURVE('',#1374,#1379);
#1374 = PLANE('',#1375);
#1375 = AXIS2_PLACEMENT_3D('',#1376,#1377,#1378);
#1376 = CARTESIAN_POINT('',(0.2265625,5.405667511861E-17,0.25));
#1377 = DIRECTION('',(-1.,-6.123233995737E-17,3.749399456655E-33));
#1378 = DIRECTION('',(0.,6.123233995737E-17,1.));
#1379 = DEFINITIONAL_REPRESENTATION('',(#1380),#1384);
#1380 = LINE('',#1381,#1382);
#1381 = CARTESIAN_POINT('',(0.,0.));
#1382 = VECTOR('',#1383,1.);
#1383 = DIRECTION('',(1.,0.));
#1384 = ( GEOMETRIC_REPRESENTATION_CONTEXT(2) 
PARAMETRIC_REPRESENTATION_CONTEXT() REPRESENTATION_CONTEXT('2D SPACE',''
  ) );
#1385 = ORIENTED_EDGE('',*,*,#1386,.T.);
#1386 = EDGE_CURVE('',#1359,#1254,#1387,.T.);
#1387 = SURFACE_CURVE('',#1388,(#1392,#1399),.PCURVE_S1.);
#1388 = LINE('',#1389,#1390);
#1389 = CARTESIAN_POINT('',(0.2265625,6.088488671254E-17,0.361513157895)
  );
#1390 = VECTOR('',#1391,1.);
#1391 = DIRECTION('',(-1.,-6.123233995737E-17,0.));
#1392 = PCURVE('',#641,#1393);
#1393 = DEFINITIONAL_REPRESENTATION('',(#1394),#1398);
#1394 = LINE('',#1395,#1396);
#1395 = CARTESIAN_POINT('',(0.8828125,0.111513157895));
#1396 = VECTOR('',#1397,1.);
#1397 = DIRECTION('',(-1.,-6.123233995737E-17));
#1398 = ( GEOMETRIC_REPRESENTATION_CONTEXT(2) 
PARAMETRIC_REPRESENTATION_CONTEXT() REPRESENTATION_CONTEXT('2D SPACE',''
  ) );
#1399 = PCURVE('',#1292,#1400);
#1400 = DEFINITIONAL_REPRESENTATION('',(#1401),#1405);
#1401 = LINE('',#1402,#1403);
#1402 = CARTESIAN_POINT('',(0.,0.));
#1403 = VECTOR('',#1404,1.);
#1404 = DIRECTION('',(1.,0.));
#1405 = ( GEOMETRIC_REPRESENTATION_CONTEXT(2) 
PARAMETRIC_REPRESENTATION_CONTEXT() REPRESENTATION_CONTEXT('2D SPACE',''
  ) );
#1406 = ORIENTED_EDGE('',*,*,#1253,.T.);
#1407 = ORIENTED_EDGE('',*,*,#653,.F.);
#1408 = ADVANCED_FACE('',(#1409),#737,.F.);
#1409 = FACE_BOUND('',#1410,.F.);
#1410 = EDGE_LOOP('',(#1411,#1412,#1413,#1436));
#1411 = ORIENTED_EDGE('',*,*,#1335,.F.);
#1412 = ORIENTED_EDGE('',*,*,#724,.T.);
#1413 = ORIENTED_EDGE('',*,*,#1414,.T.);
#1414 = EDGE_CURVE('',#702,#1415,#1417,.T.);
#1415 = VERTEX_POINT('',#1416);
#1416 = CARTESIAN_POINT('',(0.2265625,-0.21875,0.25));
#1417 = SURFACE_CURVE('',#1418,(#1422,#1429),.PCURVE_S1.);
#1418 = LINE('',#1419,#1420);
#1419 = CARTESIAN_POINT('',(-0.65625,-0.21875,0.25));
#1420 = VECTOR('',#1421,1.);
#1421 = DIRECTION('',(1.,6.123233995737E-17,-6.287988812036E-17));
#1422 = PCURVE('',#737,#1423);
#1423 = DEFINITIONAL_REPRESENTATION('',(#1424),#1428);
#1424 = LINE('',#1425,#1426);
#1425 = CARTESIAN_POINT('',(-1.339457436567E-17,-0.21875));
#1426 = VECTOR('',#1427,1.);
#1427 = DIRECTION('',(1.,3.850282685867E-33));
#1428 = ( GEOMETRIC_REPRESENTATION_CONTEXT(2) 
PARAMETRIC_REPRESENTATION_CONTEXT() REPRESENTATION_CONTEXT('2D SPACE',''
  ) );
#1429 = PCURVE('',#1318,#1430);
#1430 = DEFINITIONAL_REPRESENTATION('',(#1431),#1435);
#1431 = LINE('',#1432,#1433);
#1432 = CARTESIAN_POINT('',(0.,0.));
#1433 = VECTOR('',#1434,1.);
#1434 = DIRECTION('',(1.,-1.647548162995E-18));
#1435 = ( GEOMETRIC_REPRESENTATION_CONTEXT(2) 
PARAMETRIC_REPRESENTATION_CONTEXT() REPRESENTATION_CONTEXT('2D SPACE',''
  ) );
#1436 = ORIENTED_EDGE('',*,*,#1437,.F.);
#1437 = EDGE_CURVE('',#1336,#1415,#1438,.T.);
#1438 = SURFACE_CURVE('',#1439,(#1443,#1450),.PCURVE_S1.);
#1439 = LINE('',#1440,#1441);
#1440 = CARTESIAN_POINT('',(0.2265625,5.405667511861E-17,0.25));
#1441 = VECTOR('',#1442,1.);
#1442 = DIRECTION('',(6.123233995737E-17,-1.,6.123233995737E-17));
#1443 = PCURVE('',#737,#1444);
#1444 = DEFINITIONAL_REPRESENTATION('',(#1445),#1449);
#1445 = LINE('',#1446,#1447);
#1446 = CARTESIAN_POINT('',(0.8828125,3.399077683617E-33));
#1447 = VECTOR('',#1448,1.);
#1448 = DIRECTION('',(-3.850282685867E-33,-1.));
#1449 = ( GEOMETRIC_REPRESENTATION_CONTEXT(2) 
PARAMETRIC_REPRESENTATION_CONTEXT() REPRESENTATION_CONTEXT('2D SPACE',''
  ) );
#1450 = PCURVE('',#1374,#1451);
#1451 = DEFINITIONAL_REPRESENTATION('',(#1452),#1456);
#1452 = LINE('',#1453,#1454);
#1453 = CARTESIAN_POINT('',(0.,0.));
#1454 = VECTOR('',#1455,1.);
#1455 = DIRECTION('',(3.697785493223E-32,-1.));
#1456 = ( GEOMETRIC_REPRESENTATION_CONTEXT(2) 
PARAMETRIC_REPRESENTATION_CONTEXT() REPRESENTATION_CONTEXT('2D SPACE',''
  ) );
#1457 = ADVANCED_FACE('',(#1458),#1030,.T.);
#1458 = FACE_BOUND('',#1459,.T.);
#1459 = EDGE_LOOP('',(#1460,#1483,#1484,#1485,#1486));
#1460 = ORIENTED_EDGE('',*,*,#1461,.F.);
#1461 = EDGE_CURVE('',#872,#1462,#1464,.T.);
#1462 = VERTEX_POINT('',#1463);
#1463 = CARTESIAN_POINT('',(-0.651644736842,-0.21875,0.113486842105));
#1464 = SURFACE_CURVE('',#1465,(#1469,#1476),.PCURVE_S1.);
#1465 = LINE('',#1466,#1467);
#1466 = CARTESIAN_POINT('',(-0.651644736842,-0.21875,7.372051455394E-18)
  );
#1467 = VECTOR('',#1468,1.);
#1468 = DIRECTION('',(0.,6.123233995737E-17,1.));
#1469 = PCURVE('',#1030,#1470);
#1470 = DEFINITIONAL_REPRESENTATION('',(#1471),#1475);
#1471 = LINE('',#1472,#1473);
#1472 = CARTESIAN_POINT('',(4.605263157895E-03,-0.109375));
#1473 = VECTOR('',#1474,1.);
#1474 = DIRECTION('',(-6.123233995737E-17,1.));
#1475 = ( GEOMETRIC_REPRESENTATION_CONTEXT(2) 
PARAMETRIC_REPRESENTATION_CONTEXT() REPRESENTATION_CONTEXT('2D SPACE',''
  ) );
#1476 = PCURVE('',#1142,#1477);
#1477 = DEFINITIONAL_REPRESENTATION('',(#1478),#1482);
#1478 = LINE('',#1479,#1480);
#1479 = CARTESIAN_POINT('',(9.835526315789E-02,2.311115933265E-33));
#1480 = VECTOR('',#1481,1.);
#1481 = DIRECTION('',(-6.123233995737E-17,1.));
#1482 = ( GEOMETRIC_REPRESENTATION_CONTEXT(2) 
PARAMETRIC_REPRESENTATION_CONTEXT() REPRESENTATION_CONTEXT('2D SPACE',''
  ) );
#1483 = ORIENTED_EDGE('',*,*,#1097,.T.);
#1484 = ORIENTED_EDGE('',*,*,#1069,.T.);
#1485 = ORIENTED_EDGE('',*,*,#1016,.T.);
#1486 = ORIENTED_EDGE('',*,*,#1487,.F.);
#1487 = EDGE_CURVE('',#1462,#802,#1488,.T.);
#1488 = SURFACE_CURVE('',#1489,(#1493,#1500),.PCURVE_S1.);
#1489 = LINE('',#1490,#1491);
#1490 = CARTESIAN_POINT('',(-0.651644736842,-0.21875,0.113486842105));
#1491 = VECTOR('',#1492,1.);
#1492 = DIRECTION('',(0.,6.123233995737E-17,1.));
#1493 = PCURVE('',#1030,#1494);
#1494 = DEFINITIONAL_REPRESENTATION('',(#1495),#1499);
#1495 = LINE('',#1496,#1497);
#1496 = CARTESIAN_POINT('',(4.605263157895E-03,4.111842105263E-03));
#1497 = VECTOR('',#1498,1.);
#1498 = DIRECTION('',(-6.123233995737E-17,1.));
#1499 = ( GEOMETRIC_REPRESENTATION_CONTEXT(2) 
PARAMETRIC_REPRESENTATION_CONTEXT() REPRESENTATION_CONTEXT('2D SPACE',''
  ) );
#1500 = PCURVE('',#1142,#1501);
#1501 = DEFINITIONAL_REPRESENTATION('',(#1502),#1506);
#1502 = LINE('',#1503,#1504);
#1503 = CARTESIAN_POINT('',(9.835526315789E-02,0.113486842105));
#1504 = VECTOR('',#1505,1.);
#1505 = DIRECTION('',(-6.123233995737E-17,1.));
#1506 = ( GEOMETRIC_REPRESENTATION_CONTEXT(2) 
PARAMETRIC_REPRESENTATION_CONTEXT() REPRESENTATION_CONTEXT('2D SPACE',''
  ) );
#1507 = ADVANCED_FACE('',(#1508),#1217,.T.);
#1508 = FACE_BOUND('',#1509,.T.);
#1509 = EDGE_LOOP('',(#1510,#1511,#1512,#1535));
#1510 = ORIENTED_EDGE('',*,*,#1229,.T.);
#1511 = ORIENTED_EDGE('',*,*,#1201,.T.);
#1512 = ORIENTED_EDGE('',*,*,#1513,.T.);
#1513 = EDGE_CURVE('',#702,#1514,#1516,.T.);
#1514 = VERTEX_POINT('',#1515);
#1515 = CARTESIAN_POINT('',(-0.651644736842,-0.21875,0.359375));
#1516 = SURFACE_CURVE('',#1517,(#1521,#1528),.PCURVE_S1.);
#1517 = LINE('',#1518,#1519);
#1518 = CARTESIAN_POINT('',(-0.651644736842,-0.21875,0.249671052632));
#1519 = VECTOR('',#1520,1.);
#1520 = DIRECTION('',(0.,6.123233995737E-17,1.));
#1521 = PCURVE('',#1217,#1522);
#1522 = DEFINITIONAL_REPRESENTATION('',(#1523),#1527);
#1523 = LINE('',#1524,#1525);
#1524 = CARTESIAN_POINT('',(4.605263157895E-03,-3.28947368421E-04));
#1525 = VECTOR('',#1526,1.);
#1526 = DIRECTION('',(-6.123233995737E-17,1.));
#1527 = ( GEOMETRIC_REPRESENTATION_CONTEXT(2) 
PARAMETRIC_REPRESENTATION_CONTEXT() REPRESENTATION_CONTEXT('2D SPACE',''
  ) );
#1528 = PCURVE('',#1318,#1529);
#1529 = DEFINITIONAL_REPRESENTATION('',(#1530),#1534);
#1530 = LINE('',#1531,#1532);
#1531 = CARTESIAN_POINT('',(4.605263157895E-03,-3.28947368421E-04));
#1532 = VECTOR('',#1533,1.);
#1533 = DIRECTION('',(-6.123233995737E-17,1.));
#1534 = ( GEOMETRIC_REPRESENTATION_CONTEXT(2) 
PARAMETRIC_REPRESENTATION_CONTEXT() REPRESENTATION_CONTEXT('2D SPACE',''
  ) );
#1535 = ORIENTED_EDGE('',*,*,#1536,.T.);
#1536 = EDGE_CURVE('',#1514,#546,#1537,.T.);
#1537 = SURFACE_CURVE('',#1538,(#1542,#1549),.PCURVE_S1.);
#1538 = LINE('',#1539,#1540);
#1539 = CARTESIAN_POINT('',(-0.651644736842,-0.21875,0.359375));
#1540 = VECTOR('',#1541,1.);
#1541 = DIRECTION('',(-1.,-6.123233995737E-17,0.));
#1542 = PCURVE('',#1217,#1543);
#1543 = DEFINITIONAL_REPRESENTATION('',(#1544),#1548);
#1544 = LINE('',#1545,#1546);
#1545 = CARTESIAN_POINT('',(4.605263157895E-03,0.109375));
#1546 = VECTOR('',#1547,1.);
#1547 = DIRECTION('',(-1.,-6.123233995737E-17));
#1548 = ( GEOMETRIC_REPRESENTATION_CONTEXT(2) 
PARAMETRIC_REPRESENTATION_CONTEXT() REPRESENTATION_CONTEXT('2D SPACE',''
  ) );
#1549 = PCURVE('',#1318,#1550);
#1550 = DEFINITIONAL_REPRESENTATION('',(#1551),#1555);
#1551 = LINE('',#1552,#1553);
#1552 = CARTESIAN_POINT('',(4.605263157895E-03,0.109375));
#1553 = VECTOR('',#1554,1.);
#1554 = DIRECTION('',(-1.,-6.123233995737E-17));
#1555 = ( GEOMETRIC_REPRESENTATION_CONTEXT(2) 
PARAMETRIC_REPRESENTATION_CONTEXT() REPRESENTATION_CONTEXT('2D SPACE',''
  ) );
#1556 = ADVANCED_FACE('',(#1557),#1142,.T.);
#1557 = FACE_BOUND('',#1558,.T.);
#1558 = EDGE_LOOP('',(#1559,#1560,#1561,#1562,#1563));
#1559 = ORIENTED_EDGE('',*,*,#1126,.T.);
#1560 = ORIENTED_EDGE('',*,*,#1461,.T.);
#1561 = ORIENTED_EDGE('',*,*,#1487,.T.);
#1562 = ORIENTED_EDGE('',*,*,#1177,.T.);
#1563 = ORIENTED_EDGE('',*,*,#1154,.T.);
#1564 = ADVANCED_FACE('',(#1565),#1318,.T.);
#1565 = FACE_BOUND('',#1566,.T.);
#1566 = EDGE_LOOP('',(#1567,#1568,#1569,#1592,#1613,#1614));
#1567 = ORIENTED_EDGE('',*,*,#1513,.F.);
#1568 = ORIENTED_EDGE('',*,*,#1414,.T.);
#1569 = ORIENTED_EDGE('',*,*,#1570,.T.);
#1570 = EDGE_CURVE('',#1415,#1571,#1573,.T.);
#1571 = VERTEX_POINT('',#1572);
#1572 = CARTESIAN_POINT('',(0.2265625,-0.21875,0.361513157895));
#1573 = SURFACE_CURVE('',#1574,(#1578,#1585),.PCURVE_S1.);
#1574 = LINE('',#1575,#1576);
#1575 = CARTESIAN_POINT('',(0.2265625,-0.21875,0.25));
#1576 = VECTOR('',#1577,1.);
#1577 = DIRECTION('',(0.,6.123233995737E-17,1.));
#1578 = PCURVE('',#1318,#1579);
#1579 = DEFINITIONAL_REPRESENTATION('',(#1580),#1584);
#1580 = LINE('',#1581,#1582);
#1581 = CARTESIAN_POINT('',(0.8828125,-1.454476112644E-18));
#1582 = VECTOR('',#1583,1.);
#1583 = DIRECTION('',(-6.123233995737E-17,1.));
#1584 = ( GEOMETRIC_REPRESENTATION_CONTEXT(2) 
PARAMETRIC_REPRESENTATION_CONTEXT() REPRESENTATION_CONTEXT('2D SPACE',''
  ) );
#1585 = PCURVE('',#1374,#1586);
#1586 = DEFINITIONAL_REPRESENTATION('',(#1587),#1591);
#1587 = LINE('',#1588,#1589);
#1588 = CARTESIAN_POINT('',(-1.339457436567E-17,-0.21875));
#1589 = VECTOR('',#1590,1.);
#1590 = DIRECTION('',(1.,0.));
#1591 = ( GEOMETRIC_REPRESENTATION_CONTEXT(2) 
PARAMETRIC_REPRESENTATION_CONTEXT() REPRESENTATION_CONTEXT('2D SPACE',''
  ) );
#1592 = ORIENTED_EDGE('',*,*,#1593,.T.);
#1593 = EDGE_CURVE('',#1571,#1277,#1594,.T.);
#1594 = SURFACE_CURVE('',#1595,(#1599,#1606),.PCURVE_S1.);
#1595 = LINE('',#1596,#1597);
#1596 = CARTESIAN_POINT('',(0.2265625,-0.21875,0.361513157895));
#1597 = VECTOR('',#1598,1.);
#1598 = DIRECTION('',(-1.,-6.123233995737E-17,0.));
#1599 = PCURVE('',#1318,#1600);
#1600 = DEFINITIONAL_REPRESENTATION('',(#1601),#1605);
#1601 = LINE('',#1602,#1603);
#1602 = CARTESIAN_POINT('',(0.8828125,0.111513157895));
#1603 = VECTOR('',#1604,1.);
#1604 = DIRECTION('',(-1.,-6.123233995737E-17));
#1605 = ( GEOMETRIC_REPRESENTATION_CONTEXT(2) 
PARAMETRIC_REPRESENTATION_CONTEXT() REPRESENTATION_CONTEXT('2D SPACE',''
  ) );
#1606 = PCURVE('',#1292,#1607);
#1607 = DEFINITIONAL_REPRESENTATION('',(#1608),#1612);
#1608 = LINE('',#1609,#1610);
#1609 = CARTESIAN_POINT('',(1.339457436567E-17,-0.21875));
#1610 = VECTOR('',#1611,1.);
#1611 = DIRECTION('',(1.,0.));
#1612 = ( GEOMETRIC_REPRESENTATION_CONTEXT(2) 
PARAMETRIC_REPRESENTATION_CONTEXT() REPRESENTATION_CONTEXT('2D SPACE',''
  ) );
#1613 = ORIENTED_EDGE('',*,*,#1304,.T.);
#1614 = ORIENTED_EDGE('',*,*,#1536,.F.);
#1615 = ADVANCED_FACE('',(#1616),#1292,.F.);
#1616 = FACE_BOUND('',#1617,.F.);
#1617 = EDGE_LOOP('',(#1618,#1639,#1640,#1641));
#1618 = ORIENTED_EDGE('',*,*,#1619,.T.);
#1619 = EDGE_CURVE('',#1359,#1571,#1620,.T.);
#1620 = SURFACE_CURVE('',#1621,(#1625,#1632),.PCURVE_S1.);
#1621 = LINE('',#1622,#1623);
#1622 = CARTESIAN_POINT('',(0.2265625,6.088488671254E-17,0.361513157895)
  );
#1623 = VECTOR('',#1624,1.);
#1624 = DIRECTION('',(6.123233995737E-17,-1.,6.123233995737E-17));
#1625 = PCURVE('',#1292,#1626);
#1626 = DEFINITIONAL_REPRESENTATION('',(#1627),#1631);
#1627 = LINE('',#1628,#1629);
#1628 = CARTESIAN_POINT('',(0.,0.));
#1629 = VECTOR('',#1630,1.);
#1630 = DIRECTION('',(0.,-1.));
#1631 = ( GEOMETRIC_REPRESENTATION_CONTEXT(2) 
PARAMETRIC_REPRESENTATION_CONTEXT() REPRESENTATION_CONTEXT('2D SPACE',''
  ) );
#1632 = PCURVE('',#1374,#1633);
#1633 = DEFINITIONAL_REPRESENTATION('',(#1634),#1638);
#1634 = LINE('',#1635,#1636);
#1635 = CARTESIAN_POINT('',(0.111513157895,0.));
#1636 = VECTOR('',#1637,1.);
#1637 = DIRECTION('',(3.697785493223E-32,-1.));
#1638 = ( GEOMETRIC_REPRESENTATION_CONTEXT(2) 
PARAMETRIC_REPRESENTATION_CONTEXT() REPRESENTATION_CONTEXT('2D SPACE',''
  ) );
#1639 = ORIENTED_EDGE('',*,*,#1593,.T.);
#1640 = ORIENTED_EDGE('',*,*,#1276,.F.);
#1641 = ORIENTED_EDGE('',*,*,#1386,.F.);
#1642 = ADVANCED_FACE('',(#1643),#1374,.F.);
#1643 = FACE_BOUND('',#1644,.F.);
#1644 = EDGE_LOOP('',(#1645,#1646,#1647,#1648));
#1645 = ORIENTED_EDGE('',*,*,#1437,.T.);
#1646 = ORIENTED_EDGE('',*,*,#1570,.T.);
#1647 = ORIENTED_EDGE('',*,*,#1619,.F.);
#1648 = ORIENTED_EDGE('',*,*,#1358,.F.);
#1649 = ( GEOMETRIC_REPRESENTATION_CONTEXT(3) 
GLOBAL_UNCERTAINTY_ASSIGNED_CONTEXT((#1653)) 
GLOBAL_UNIT_ASSIGNED_CONTEXT((#1650,#1651,#1652)) REPRESENTATION_CONTEXT
('Context #1','3D Context with UNIT and UNCERTAINTY') );
#1650 = ( LENGTH_UNIT() NAMED_UNIT(*) SI_UNIT(.MILLI.,.METRE.) );
#1651 = ( NAMED_UNIT(*) PLANE_ANGLE_UNIT() SI_UNIT($,.RADIAN.) );
#1652 = ( NAMED_UNIT(*) SI_UNIT($,.STERADIAN.) SOLID_ANGLE_UNIT() );
#1653 = UNCERTAINTY_MEASURE_WITH_UNIT(LENGTH_MEASURE(1.E-07),#1650,
  'distance_accuracy_value','confusion accuracy');
#1654 = CONTEXT_DEPENDENT_SHAPE_REPRESENTATION(#1655,#1657);
#1655 = ( REPRESENTATION_RELATIONSHIP('','',#66,#10) 
REPRESENTATION_RELATIONSHIP_WITH_TRANSFORMATION(#1656) 
SHAPE_REPRESENTATION_RELATIONSHIP() );
#1656 = ITEM_DEFINED_TRANSFORMATION('','',#11,#15);
#1657 = PRODUCT_DEFINITION_SHAPE('Placement','Placement of an item',
  #1658);
#1658 = NEXT_ASSEMBLY_USAGE_OCCURRENCE('13','','',#5,#61,$);
#1659 = CC_DESIGN_SECURITY_CLASSIFICATION(#1660,(#1658));
#1660 = SECURITY_CLASSIFICATION('','',#43);
#1661 = CC_DESIGN_PERSON_AND_ORGANIZATION_ASSIGNMENT(#32,#41,(#1660));
#1662 = CC_DESIGN_DATE_AND_TIME_ASSIGNMENT(#46,#52,(#1660));
#1663 = CC_DESIGN_APPROVAL(#54,(#1660));
#1664 = PRODUCT_RELATED_PRODUCT_CATEGORY('detail',$,(#63));
#1665 = PRODUCT_CATEGORY_RELATIONSHIP('','',#1666,#1664);
#1666 = PRODUCT_CATEGORY('part',$);
#1667 = CC_DESIGN_PERSON_AND_ORGANIZATION_ASSIGNMENT(#32,#35,(#62,#61));
#1668 = CC_DESIGN_PERSON_AND_ORGANIZATION_ASSIGNMENT(#32,#37,(#63));
#1669 = CC_DESIGN_PERSON_AND_ORGANIZATION_ASSIGNMENT(#32,#39,(#62));
#1670 = CC_DESIGN_PERSON_AND_ORGANIZATION_ASSIGNMENT(#32,#41,(#1671));
#1671 = SECURITY_CLASSIFICATION('','',#43);
#1672 = CC_DESIGN_SECURITY_CLASSIFICATION(#1671,(#62));
#1673 = CC_DESIGN_DATE_AND_TIME_ASSIGNMENT(#46,#50,(#61));
#1674 = CC_DESIGN_DATE_AND_TIME_ASSIGNMENT(#46,#52,(#1671));
#1675 = CC_DESIGN_APPROVAL(#54,(#62,#61,#1671));
#1676 = SHAPE_DEFINITION_REPRESENTATION(#1677,#1683);
#1677 = PRODUCT_DEFINITION_SHAPE('','',#1678);
#1678 = PRODUCT_DEFINITION('design','',#1679,#1682);
#1679 = PRODUCT_DEFINITION_FORMATION_WITH_SPECIFIED_SOURCE('','',#1680,
  .NOT_KNOWN.);
#1680 = PRODUCT('Open CASCADE STEP translator 7.8 34.2',
  'Open CASCADE STEP translator 7.8 34.2','',(#1681));
#1681 = MECHANICAL_CONTEXT('',#2,'mechanical');
#1682 = DESIGN_CONTEXT('',#2,'design');
#1683 = ADVANCED_BREP_SHAPE_REPRESENTATION('',(#11,#1684),#2248);
#1684 = MANIFOLD_SOLID_BREP('',#1685);
#1685 = CLOSED_SHELL('',(#1686,#1806,#1882,#1958,#2034,#2110,#2181,#2228
    ,#2238));
#1686 = ADVANCED_FACE('',(#1687),#1701,.F.);
#1687 = FACE_BOUND('',#1688,.F.);
#1688 = EDGE_LOOP('',(#1689,#1724,#1752,#1780));
#1689 = ORIENTED_EDGE('',*,*,#1690,.T.);
#1690 = EDGE_CURVE('',#1691,#1693,#1695,.T.);
#1691 = VERTEX_POINT('',#1692);
#1692 = CARTESIAN_POINT('',(0.234375,0.,0.));
#1693 = VERTEX_POINT('',#1694);
#1694 = CARTESIAN_POINT('',(0.234375,-0.21875,1.339457436567E-17));
#1695 = SURFACE_CURVE('',#1696,(#1700,#1712),.PCURVE_S1.);
#1696 = LINE('',#1697,#1698);
#1697 = CARTESIAN_POINT('',(0.234375,0.,0.));
#1698 = VECTOR('',#1699,1.);
#1699 = DIRECTION('',(6.123233995737E-17,-1.,6.123233995737E-17));
#1700 = PCURVE('',#1701,#1706);
#1701 = PLANE('',#1702);
#1702 = AXIS2_PLACEMENT_3D('',#1703,#1704,#1705);
#1703 = CARTESIAN_POINT('',(0.234375,0.,0.));
#1704 = DIRECTION('',(6.123233995737E-17,6.123233995737E-17,1.));
#1705 = DIRECTION('',(1.,6.123233995737E-17,-6.123233995737E-17));
#1706 = DEFINITIONAL_REPRESENTATION('',(#1707),#1711);
#1707 = LINE('',#1708,#1709);
#1708 = CARTESIAN_POINT('',(0.,0.));
#1709 = VECTOR('',#1710,1.);
#1710 = DIRECTION('',(-2.840130274481E-32,-1.));
#1711 = ( GEOMETRIC_REPRESENTATION_CONTEXT(2) 
PARAMETRIC_REPRESENTATION_CONTEXT() REPRESENTATION_CONTEXT('2D SPACE',''
  ) );
#1712 = PCURVE('',#1713,#1718);
#1713 = PLANE('',#1714);
#1714 = AXIS2_PLACEMENT_3D('',#1715,#1716,#1717);
#1715 = CARTESIAN_POINT('',(0.234375,6.949064896478E-18,0.113486842105)
  );
#1716 = DIRECTION('',(1.,6.123233995737E-17,-3.749399456655E-33));
#1717 = DIRECTION('',(0.,-6.123233995737E-17,-1.));
#1718 = DEFINITIONAL_REPRESENTATION('',(#1719),#1723);
#1719 = LINE('',#1720,#1721);
#1720 = CARTESIAN_POINT('',(0.113486842105,0.));
#1721 = VECTOR('',#1722,1.);
#1722 = DIRECTION('',(0.,-1.));
#1723 = ( GEOMETRIC_REPRESENTATION_CONTEXT(2) 
PARAMETRIC_REPRESENTATION_CONTEXT() REPRESENTATION_CONTEXT('2D SPACE',''
  ) );
#1724 = ORIENTED_EDGE('',*,*,#1725,.T.);
#1725 = EDGE_CURVE('',#1693,#1726,#1728,.T.);
#1726 = VERTEX_POINT('',#1727);
#1727 = CARTESIAN_POINT('',(0.317598684211,-0.21875,8.298593441591E-18)
  );
#1728 = SURFACE_CURVE('',#1729,(#1733,#1740),.PCURVE_S1.);
#1729 = LINE('',#1730,#1731);
#1730 = CARTESIAN_POINT('',(0.234375,-0.21875,1.339457436567E-17));
#1731 = VECTOR('',#1732,1.);
#1732 = DIRECTION('',(1.,6.123233995737E-17,-6.123233995737E-17));
#1733 = PCURVE('',#1701,#1734);
#1734 = DEFINITIONAL_REPRESENTATION('',(#1735),#1739);
#1735 = LINE('',#1736,#1737);
#1736 = CARTESIAN_POINT('',(-1.339457436567E-17,-0.21875));
#1737 = VECTOR('',#1738,1.);
#1738 = DIRECTION('',(1.,3.749399456655E-33));
#1739 = ( GEOMETRIC_REPRESENTATION_CONTEXT(2) 
PARAMETRIC_REPRESENTATION_CONTEXT() REPRESENTATION_CONTEXT('2D SPACE',''
  ) );
#1740 = PCURVE('',#1741,#1746);
#1741 = PLANE('',#1742);
#1742 = AXIS2_PLACEMENT_3D('',#1743,#1744,#1745);
#1743 = CARTESIAN_POINT('',(0.234375,-0.21875,1.339457436567E-17));
#1744 = DIRECTION('',(6.123233995737E-17,-1.,6.123233995737E-17));
#1745 = DIRECTION('',(1.,6.123233995737E-17,-6.123233995737E-17));
#1746 = DEFINITIONAL_REPRESENTATION('',(#1747),#1751);
#1747 = LINE('',#1748,#1749);
#1748 = CARTESIAN_POINT('',(0.,0.));
#1749 = VECTOR('',#1750,1.);
#1750 = DIRECTION('',(1.,-2.465190328816E-32));
#1751 = ( GEOMETRIC_REPRESENTATION_CONTEXT(2) 
PARAMETRIC_REPRESENTATION_CONTEXT() REPRESENTATION_CONTEXT('2D SPACE',''
  ) );
#1752 = ORIENTED_EDGE('',*,*,#1753,.F.);
#1753 = EDGE_CURVE('',#1754,#1726,#1756,.T.);
#1754 = VERTEX_POINT('',#1755);
#1755 = CARTESIAN_POINT('',(0.317598684211,5.095980924084E-18,
    -5.095980924084E-18));
#1756 = SURFACE_CURVE('',#1757,(#1761,#1768),.PCURVE_S1.);
#1757 = LINE('',#1758,#1759);
#1758 = CARTESIAN_POINT('',(0.317598684211,5.095980924084E-18,
    -5.095980924084E-18));
#1759 = VECTOR('',#1760,1.);
#1760 = DIRECTION('',(6.123233995737E-17,-1.,6.123233995737E-17));
#1761 = PCURVE('',#1701,#1762);
#1762 = DEFINITIONAL_REPRESENTATION('',(#1763),#1767);
#1763 = LINE('',#1764,#1765);
#1764 = CARTESIAN_POINT('',(8.322368421053E-02,3.120388363597E-34));
#1765 = VECTOR('',#1766,1.);
#1766 = DIRECTION('',(-2.840130274481E-32,-1.));
#1767 = ( GEOMETRIC_REPRESENTATION_CONTEXT(2) 
PARAMETRIC_REPRESENTATION_CONTEXT() REPRESENTATION_CONTEXT('2D SPACE',''
  ) );
#1768 = PCURVE('',#1769,#1774);
#1769 = PLANE('',#1770);
#1770 = AXIS2_PLACEMENT_3D('',#1771,#1772,#1773);
#1771 = CARTESIAN_POINT('',(0.317598684211,5.095980924084E-18,
    -5.095980924084E-18));
#1772 = DIRECTION('',(-1.,-6.123233995737E-17,1.544658121218E-16));
#1773 = DIRECTION('',(1.544658121218E-16,6.123233995737E-17,1.));
#1774 = DEFINITIONAL_REPRESENTATION('',(#1775),#1779);
#1775 = LINE('',#1776,#1777);
#1776 = CARTESIAN_POINT('',(0.,0.));
#1777 = VECTOR('',#1778,1.);
#1778 = DIRECTION('',(1.232595164408E-32,-1.));
#1779 = ( GEOMETRIC_REPRESENTATION_CONTEXT(2) 
PARAMETRIC_REPRESENTATION_CONTEXT() REPRESENTATION_CONTEXT('2D SPACE',''
  ) );
#1780 = ORIENTED_EDGE('',*,*,#1781,.F.);
#1781 = EDGE_CURVE('',#1691,#1754,#1782,.T.);
#1782 = SURFACE_CURVE('',#1783,(#1787,#1794),.PCURVE_S1.);
#1783 = LINE('',#1784,#1785);
#1784 = CARTESIAN_POINT('',(0.234375,0.,0.));
#1785 = VECTOR('',#1786,1.);
#1786 = DIRECTION('',(1.,6.123233995737E-17,-6.123233995737E-17));
#1787 = PCURVE('',#1701,#1788);
#1788 = DEFINITIONAL_REPRESENTATION('',(#1789),#1793);
#1789 = LINE('',#1790,#1791);
#1790 = CARTESIAN_POINT('',(0.,0.));
#1791 = VECTOR('',#1792,1.);
#1792 = DIRECTION('',(1.,3.749399456655E-33));
#1793 = ( GEOMETRIC_REPRESENTATION_CONTEXT(2) 
PARAMETRIC_REPRESENTATION_CONTEXT() REPRESENTATION_CONTEXT('2D SPACE',''
  ) );
#1794 = PCURVE('',#1795,#1800);
#1795 = PLANE('',#1796);
#1796 = AXIS2_PLACEMENT_3D('',#1797,#1798,#1799);
#1797 = CARTESIAN_POINT('',(0.234375,0.,0.));
#1798 = DIRECTION('',(6.123233995737E-17,-1.,6.123233995737E-17));
#1799 = DIRECTION('',(1.,6.123233995737E-17,-6.123233995737E-17));
#1800 = DEFINITIONAL_REPRESENTATION('',(#1801),#1805);
#1801 = LINE('',#1802,#1803);
#1802 = CARTESIAN_POINT('',(0.,0.));
#1803 = VECTOR('',#1804,1.);
#1804 = DIRECTION('',(1.,-2.465190328816E-32));
#1805 = ( GEOMETRIC_REPRESENTATION_CONTEXT(2) 
PARAMETRIC_REPRESENTATION_CONTEXT() REPRESENTATION_CONTEXT('2D SPACE',''
  ) );
#1806 = ADVANCED_FACE('',(#1807),#1769,.F.);
#1807 = FACE_BOUND('',#1808,.F.);
#1808 = EDGE_LOOP('',(#1809,#1810,#1833,#1861));
#1809 = ORIENTED_EDGE('',*,*,#1753,.T.);
#1810 = ORIENTED_EDGE('',*,*,#1811,.T.);
#1811 = EDGE_CURVE('',#1726,#1812,#1814,.T.);
#1812 = VERTEX_POINT('',#1813);
#1813 = CARTESIAN_POINT('',(0.317598684211,-0.21875,0.359375));
#1814 = SURFACE_CURVE('',#1815,(#1819,#1826),.PCURVE_S1.);
#1815 = LINE('',#1816,#1817);
#1816 = CARTESIAN_POINT('',(0.317598684211,-0.21875,8.298593441591E-18)
  );
#1817 = VECTOR('',#1818,1.);
#1818 = DIRECTION('',(1.544658121218E-16,6.123233995737E-17,1.));
#1819 = PCURVE('',#1769,#1820);
#1820 = DEFINITIONAL_REPRESENTATION('',(#1821),#1825);
#1821 = LINE('',#1822,#1823);
#1822 = CARTESIAN_POINT('',(0.,-0.21875));
#1823 = VECTOR('',#1824,1.);
#1824 = DIRECTION('',(1.,0.));
#1825 = ( GEOMETRIC_REPRESENTATION_CONTEXT(2) 
PARAMETRIC_REPRESENTATION_CONTEXT() REPRESENTATION_CONTEXT('2D SPACE',''
  ) );
#1826 = PCURVE('',#1741,#1827);
#1827 = DEFINITIONAL_REPRESENTATION('',(#1828),#1832);
#1828 = LINE('',#1829,#1830);
#1829 = CARTESIAN_POINT('',(8.322368421053E-02,-1.54074395551E-33));
#1830 = VECTOR('',#1831,1.);
#1831 = DIRECTION('',(9.323347216439E-17,1.));
#1832 = ( GEOMETRIC_REPRESENTATION_CONTEXT(2) 
PARAMETRIC_REPRESENTATION_CONTEXT() REPRESENTATION_CONTEXT('2D SPACE',''
  ) );
#1833 = ORIENTED_EDGE('',*,*,#1834,.F.);
#1834 = EDGE_CURVE('',#1835,#1812,#1837,.T.);
#1835 = VERTEX_POINT('',#1836);
#1836 = CARTESIAN_POINT('',(0.317598684211,2.710135309626E-17,0.359375)
  );
#1837 = SURFACE_CURVE('',#1838,(#1842,#1849),.PCURVE_S1.);
#1838 = LINE('',#1839,#1840);
#1839 = CARTESIAN_POINT('',(0.317598684211,2.710135309626E-17,0.359375)
  );
#1840 = VECTOR('',#1841,1.);
#1841 = DIRECTION('',(6.123233995737E-17,-1.,6.123233995737E-17));
#1842 = PCURVE('',#1769,#1843);
#1843 = DEFINITIONAL_REPRESENTATION('',(#1844),#1848);
#1844 = LINE('',#1845,#1846);
#1845 = CARTESIAN_POINT('',(0.359375,0.));
#1846 = VECTOR('',#1847,1.);
#1847 = DIRECTION('',(1.232595164408E-32,-1.));
#1848 = ( GEOMETRIC_REPRESENTATION_CONTEXT(2) 
PARAMETRIC_REPRESENTATION_CONTEXT() REPRESENTATION_CONTEXT('2D SPACE',''
  ) );
#1849 = PCURVE('',#1850,#1855);
#1850 = PLANE('',#1851);
#1851 = AXIS2_PLACEMENT_3D('',#1852,#1853,#1854);
#1852 = CARTESIAN_POINT('',(0.317598684211,2.710135309626E-17,0.359375)
  );
#1853 = DIRECTION('',(3.749399456655E-33,-6.123233995737E-17,-1.));
#1854 = DIRECTION('',(-1.,-6.123233995737E-17,0.));
#1855 = DEFINITIONAL_REPRESENTATION('',(#1856),#1860);
#1856 = LINE('',#1857,#1858);
#1857 = CARTESIAN_POINT('',(0.,0.));
#1858 = VECTOR('',#1859,1.);
#1859 = DIRECTION('',(-1.232595164408E-32,-1.));
#1860 = ( GEOMETRIC_REPRESENTATION_CONTEXT(2) 
PARAMETRIC_REPRESENTATION_CONTEXT() REPRESENTATION_CONTEXT('2D SPACE',''
  ) );
#1861 = ORIENTED_EDGE('',*,*,#1862,.F.);
#1862 = EDGE_CURVE('',#1754,#1835,#1863,.T.);
#1863 = SURFACE_CURVE('',#1864,(#1868,#1875),.PCURVE_S1.);
#1864 = LINE('',#1865,#1866);
#1865 = CARTESIAN_POINT('',(0.317598684211,5.095980924084E-18,
    -5.095980924084E-18));
#1866 = VECTOR('',#1867,1.);
#1867 = DIRECTION('',(1.544658121218E-16,6.123233995737E-17,1.));
#1868 = PCURVE('',#1769,#1869);
#1869 = DEFINITIONAL_REPRESENTATION('',(#1870),#1874);
#1870 = LINE('',#1871,#1872);
#1871 = CARTESIAN_POINT('',(0.,0.));
#1872 = VECTOR('',#1873,1.);
#1873 = DIRECTION('',(1.,0.));
#1874 = ( GEOMETRIC_REPRESENTATION_CONTEXT(2) 
PARAMETRIC_REPRESENTATION_CONTEXT() REPRESENTATION_CONTEXT('2D SPACE',''
  ) );
#1875 = PCURVE('',#1795,#1876);
#1876 = DEFINITIONAL_REPRESENTATION('',(#1877),#1881);
#1877 = LINE('',#1878,#1879);
#1878 = CARTESIAN_POINT('',(8.322368421053E-02,-1.54074395551E-33));
#1879 = VECTOR('',#1880,1.);
#1880 = DIRECTION('',(9.323347216439E-17,1.));
#1881 = ( GEOMETRIC_REPRESENTATION_CONTEXT(2) 
PARAMETRIC_REPRESENTATION_CONTEXT() REPRESENTATION_CONTEXT('2D SPACE',''
  ) );
#1882 = ADVANCED_FACE('',(#1883),#1850,.F.);
#1883 = FACE_BOUND('',#1884,.F.);
#1884 = EDGE_LOOP('',(#1885,#1886,#1909,#1937));
#1885 = ORIENTED_EDGE('',*,*,#1834,.T.);
#1886 = ORIENTED_EDGE('',*,*,#1887,.T.);
#1887 = EDGE_CURVE('',#1812,#1888,#1890,.T.);
#1888 = VERTEX_POINT('',#1889);
#1889 = CARTESIAN_POINT('',(0.234375,-0.21875,0.359375));
#1890 = SURFACE_CURVE('',#1891,(#1895,#1902),.PCURVE_S1.);
#1891 = LINE('',#1892,#1893);
#1892 = CARTESIAN_POINT('',(0.317598684211,-0.21875,0.359375));
#1893 = VECTOR('',#1894,1.);
#1894 = DIRECTION('',(-1.,-6.123233995737E-17,0.));
#1895 = PCURVE('',#1850,#1896);
#1896 = DEFINITIONAL_REPRESENTATION('',(#1897),#1901);
#1897 = LINE('',#1898,#1899);
#1898 = CARTESIAN_POINT('',(1.339457436567E-17,-0.21875));
#1899 = VECTOR('',#1900,1.);
#1900 = DIRECTION('',(1.,0.));
#1901 = ( GEOMETRIC_REPRESENTATION_CONTEXT(2) 
PARAMETRIC_REPRESENTATION_CONTEXT() REPRESENTATION_CONTEXT('2D SPACE',''
  ) );
#1902 = PCURVE('',#1741,#1903);
#1903 = DEFINITIONAL_REPRESENTATION('',(#1904),#1908);
#1904 = LINE('',#1905,#1906);
#1905 = CARTESIAN_POINT('',(8.322368421053E-02,0.359375));
#1906 = VECTOR('',#1907,1.);
#1907 = DIRECTION('',(-1.,-6.123233995737E-17));
#1908 = ( GEOMETRIC_REPRESENTATION_CONTEXT(2) 
PARAMETRIC_REPRESENTATION_CONTEXT() REPRESENTATION_CONTEXT('2D SPACE',''
  ) );
#1909 = ORIENTED_EDGE('',*,*,#1910,.F.);
#1910 = EDGE_CURVE('',#1911,#1888,#1913,.T.);
#1911 = VERTEX_POINT('',#1912);
#1912 = CARTESIAN_POINT('',(0.234375,2.200537217218E-17,0.359375));
#1913 = SURFACE_CURVE('',#1914,(#1918,#1925),.PCURVE_S1.);
#1914 = LINE('',#1915,#1916);
#1915 = CARTESIAN_POINT('',(0.234375,2.200537217218E-17,0.359375));
#1916 = VECTOR('',#1917,1.);
#1917 = DIRECTION('',(6.123233995737E-17,-1.,6.123233995737E-17));
#1918 = PCURVE('',#1850,#1919);
#1919 = DEFINITIONAL_REPRESENTATION('',(#1920),#1924);
#1920 = LINE('',#1921,#1922);
#1921 = CARTESIAN_POINT('',(8.322368421053E-02,0.));
#1922 = VECTOR('',#1923,1.);
#1923 = DIRECTION('',(-1.232595164408E-32,-1.));
#1924 = ( GEOMETRIC_REPRESENTATION_CONTEXT(2) 
PARAMETRIC_REPRESENTATION_CONTEXT() REPRESENTATION_CONTEXT('2D SPACE',''
  ) );
#1925 = PCURVE('',#1926,#1931);
#1926 = PLANE('',#1927);
#1927 = AXIS2_PLACEMENT_3D('',#1928,#1929,#1930);
#1928 = CARTESIAN_POINT('',(0.234375,2.200537217218E-17,0.359375));
#1929 = DIRECTION('',(1.,6.123233995737E-17,-3.749399456655E-33));
#1930 = DIRECTION('',(0.,-6.123233995737E-17,-1.));
#1931 = DEFINITIONAL_REPRESENTATION('',(#1932),#1936);
#1932 = LINE('',#1933,#1934);
#1933 = CARTESIAN_POINT('',(0.,0.));
#1934 = VECTOR('',#1935,1.);
#1935 = DIRECTION('',(0.,-1.));
#1936 = ( GEOMETRIC_REPRESENTATION_CONTEXT(2) 
PARAMETRIC_REPRESENTATION_CONTEXT() REPRESENTATION_CONTEXT('2D SPACE',''
  ) );
#1937 = ORIENTED_EDGE('',*,*,#1938,.F.);
#1938 = EDGE_CURVE('',#1835,#1911,#1939,.T.);
#1939 = SURFACE_CURVE('',#1940,(#1944,#1951),.PCURVE_S1.);
#1940 = LINE('',#1941,#1942);
#1941 = CARTESIAN_POINT('',(0.317598684211,2.710135309626E-17,0.359375)
  );
#1942 = VECTOR('',#1943,1.);
#1943 = DIRECTION('',(-1.,-6.123233995737E-17,0.));
#1944 = PCURVE('',#1850,#1945);
#1945 = DEFINITIONAL_REPRESENTATION('',(#1946),#1950);
#1946 = LINE('',#1947,#1948);
#1947 = CARTESIAN_POINT('',(0.,0.));
#1948 = VECTOR('',#1949,1.);
#1949 = DIRECTION('',(1.,0.));
#1950 = ( GEOMETRIC_REPRESENTATION_CONTEXT(2) 
PARAMETRIC_REPRESENTATION_CONTEXT() REPRESENTATION_CONTEXT('2D SPACE',''
  ) );
#1951 = PCURVE('',#1795,#1952);
#1952 = DEFINITIONAL_REPRESENTATION('',(#1953),#1957);
#1953 = LINE('',#1954,#1955);
#1954 = CARTESIAN_POINT('',(8.322368421053E-02,0.359375));
#1955 = VECTOR('',#1956,1.);
#1956 = DIRECTION('',(-1.,-6.123233995737E-17));
#1957 = ( GEOMETRIC_REPRESENTATION_CONTEXT(2) 
PARAMETRIC_REPRESENTATION_CONTEXT() REPRESENTATION_CONTEXT('2D SPACE',''
  ) );
#1958 = ADVANCED_FACE('',(#1959),#1926,.F.);
#1959 = FACE_BOUND('',#1960,.F.);
#1960 = EDGE_LOOP('',(#1961,#1962,#1985,#2013));
#1961 = ORIENTED_EDGE('',*,*,#1910,.T.);
#1962 = ORIENTED_EDGE('',*,*,#1963,.T.);
#1963 = EDGE_CURVE('',#1888,#1964,#1966,.T.);
#1964 = VERTEX_POINT('',#1965);
#1965 = CARTESIAN_POINT('',(0.234375,-0.21875,0.249671052632));
#1966 = SURFACE_CURVE('',#1967,(#1971,#1978),.PCURVE_S1.);
#1967 = LINE('',#1968,#1969);
#1968 = CARTESIAN_POINT('',(0.234375,-0.21875,0.359375));
#1969 = VECTOR('',#1970,1.);
#1970 = DIRECTION('',(0.,-6.123233995737E-17,-1.));
#1971 = PCURVE('',#1926,#1972);
#1972 = DEFINITIONAL_REPRESENTATION('',(#1973),#1977);
#1973 = LINE('',#1974,#1975);
#1974 = CARTESIAN_POINT('',(1.339457436567E-17,-0.21875));
#1975 = VECTOR('',#1976,1.);
#1976 = DIRECTION('',(1.,0.));
#1977 = ( GEOMETRIC_REPRESENTATION_CONTEXT(2) 
PARAMETRIC_REPRESENTATION_CONTEXT() REPRESENTATION_CONTEXT('2D SPACE',''
  ) );
#1978 = PCURVE('',#1741,#1979);
#1979 = DEFINITIONAL_REPRESENTATION('',(#1980),#1984);
#1980 = LINE('',#1981,#1982);
#1981 = CARTESIAN_POINT('',(5.75020344345E-18,0.359375));
#1982 = VECTOR('',#1983,1.);
#1983 = DIRECTION('',(6.123233995737E-17,-1.));
#1984 = ( GEOMETRIC_REPRESENTATION_CONTEXT(2) 
PARAMETRIC_REPRESENTATION_CONTEXT() REPRESENTATION_CONTEXT('2D SPACE',''
  ) );
#1985 = ORIENTED_EDGE('',*,*,#1986,.F.);
#1986 = EDGE_CURVE('',#1987,#1964,#1989,.T.);
#1987 = VERTEX_POINT('',#1988);
#1988 = CARTESIAN_POINT('',(0.234375,1.528794277225E-17,0.249671052632)
  );
#1989 = SURFACE_CURVE('',#1990,(#1994,#2001),.PCURVE_S1.);
#1990 = LINE('',#1991,#1992);
#1991 = CARTESIAN_POINT('',(0.234375,1.528794277225E-17,0.249671052632)
  );
#1992 = VECTOR('',#1993,1.);
#1993 = DIRECTION('',(6.123233995737E-17,-1.,6.123233995737E-17));
#1994 = PCURVE('',#1926,#1995);
#1995 = DEFINITIONAL_REPRESENTATION('',(#1996),#2000);
#1996 = LINE('',#1997,#1998);
#1997 = CARTESIAN_POINT('',(0.109703947368,-7.703719777549E-34));
#1998 = VECTOR('',#1999,1.);
#1999 = DIRECTION('',(0.,-1.));
#2000 = ( GEOMETRIC_REPRESENTATION_CONTEXT(2) 
PARAMETRIC_REPRESENTATION_CONTEXT() REPRESENTATION_CONTEXT('2D SPACE',''
  ) );
#2001 = PCURVE('',#2002,#2007);
#2002 = PLANE('',#2003);
#2003 = AXIS2_PLACEMENT_3D('',#2004,#2005,#2006);
#2004 = CARTESIAN_POINT('',(0.234375,1.528794277225E-17,0.249671052632)
  );
#2005 = DIRECTION('',(1.,6.123233995737E-17,-2.821971567609E-16));
#2006 = DIRECTION('',(-2.821971567609E-16,-6.123233995737E-17,-1.));
#2007 = DEFINITIONAL_REPRESENTATION('',(#2008),#2012);
#2008 = LINE('',#2009,#2010);
#2009 = CARTESIAN_POINT('',(-0.,0.));
#2010 = VECTOR('',#2011,1.);
#2011 = DIRECTION('',(-1.232595164408E-32,-1.));
#2012 = ( GEOMETRIC_REPRESENTATION_CONTEXT(2) 
PARAMETRIC_REPRESENTATION_CONTEXT() REPRESENTATION_CONTEXT('2D SPACE',''
  ) );
#2013 = ORIENTED_EDGE('',*,*,#2014,.F.);
#2014 = EDGE_CURVE('',#1911,#1987,#2015,.T.);
#2015 = SURFACE_CURVE('',#2016,(#2020,#2027),.PCURVE_S1.);
#2016 = LINE('',#2017,#2018);
#2017 = CARTESIAN_POINT('',(0.234375,2.200537217218E-17,0.359375));
#2018 = VECTOR('',#2019,1.);
#2019 = DIRECTION('',(0.,-6.123233995737E-17,-1.));
#2020 = PCURVE('',#1926,#2021);
#2021 = DEFINITIONAL_REPRESENTATION('',(#2022),#2026);
#2022 = LINE('',#2023,#2024);
#2023 = CARTESIAN_POINT('',(0.,0.));
#2024 = VECTOR('',#2025,1.);
#2025 = DIRECTION('',(1.,0.));
#2026 = ( GEOMETRIC_REPRESENTATION_CONTEXT(2) 
PARAMETRIC_REPRESENTATION_CONTEXT() REPRESENTATION_CONTEXT('2D SPACE',''
  ) );
#2027 = PCURVE('',#1795,#2028);
#2028 = DEFINITIONAL_REPRESENTATION('',(#2029),#2033);
#2029 = LINE('',#2030,#2031);
#2030 = CARTESIAN_POINT('',(5.75020344345E-18,0.359375));
#2031 = VECTOR('',#2032,1.);
#2032 = DIRECTION('',(6.123233995737E-17,-1.));
#2033 = ( GEOMETRIC_REPRESENTATION_CONTEXT(2) 
PARAMETRIC_REPRESENTATION_CONTEXT() REPRESENTATION_CONTEXT('2D SPACE',''
  ) );
#2034 = ADVANCED_FACE('',(#2035),#2002,.F.);
#2035 = FACE_BOUND('',#2036,.F.);
#2036 = EDGE_LOOP('',(#2037,#2038,#2061,#2089));
#2037 = ORIENTED_EDGE('',*,*,#1986,.T.);
#2038 = ORIENTED_EDGE('',*,*,#2039,.T.);
#2039 = EDGE_CURVE('',#1964,#2040,#2042,.T.);
#2040 = VERTEX_POINT('',#2041);
#2041 = CARTESIAN_POINT('',(0.234375,-0.21875,0.151315789474));
#2042 = SURFACE_CURVE('',#2043,(#2047,#2054),.PCURVE_S1.);
#2043 = LINE('',#2044,#2045);
#2044 = CARTESIAN_POINT('',(0.234375,-0.21875,0.249671052632));
#2045 = VECTOR('',#2046,1.);
#2046 = DIRECTION('',(-2.821971567609E-16,-6.123233995737E-17,-1.));
#2047 = PCURVE('',#2002,#2048);
#2048 = DEFINITIONAL_REPRESENTATION('',(#2049),#2053);
#2049 = LINE('',#2050,#2051);
#2050 = CARTESIAN_POINT('',(1.339457436567E-17,-0.21875));
#2051 = VECTOR('',#2052,1.);
#2052 = DIRECTION('',(1.,0.));
#2053 = ( GEOMETRIC_REPRESENTATION_CONTEXT(2) 
PARAMETRIC_REPRESENTATION_CONTEXT() REPRESENTATION_CONTEXT('2D SPACE',''
  ) );
#2054 = PCURVE('',#1741,#2055);
#2055 = DEFINITIONAL_REPRESENTATION('',(#2056),#2060);
#2056 = LINE('',#2057,#2058);
#2057 = CARTESIAN_POINT('',(1.246763284338E-17,0.249671052632));
#2058 = VECTOR('',#2059,1.);
#2059 = DIRECTION('',(-2.209648168035E-16,-1.));
#2060 = ( GEOMETRIC_REPRESENTATION_CONTEXT(2) 
PARAMETRIC_REPRESENTATION_CONTEXT() REPRESENTATION_CONTEXT('2D SPACE',''
  ) );
#2061 = ORIENTED_EDGE('',*,*,#2062,.F.);
#2062 = EDGE_CURVE('',#2063,#2040,#2065,.T.);
#2063 = VERTEX_POINT('',#2064);
#2064 = CARTESIAN_POINT('',(0.234375,9.26541986197E-18,0.151315789474));
#2065 = SURFACE_CURVE('',#2066,(#2070,#2077),.PCURVE_S1.);
#2066 = LINE('',#2067,#2068);
#2067 = CARTESIAN_POINT('',(0.234375,9.26541986197E-18,0.151315789474));
#2068 = VECTOR('',#2069,1.);
#2069 = DIRECTION('',(6.123233995737E-17,-1.,6.123233995737E-17));
#2070 = PCURVE('',#2002,#2071);
#2071 = DEFINITIONAL_REPRESENTATION('',(#2072),#2076);
#2072 = LINE('',#2073,#2074);
#2073 = CARTESIAN_POINT('',(9.835526315789E-02,0.));
#2074 = VECTOR('',#2075,1.);
#2075 = DIRECTION('',(-1.232595164408E-32,-1.));
#2076 = ( GEOMETRIC_REPRESENTATION_CONTEXT(2) 
PARAMETRIC_REPRESENTATION_CONTEXT() REPRESENTATION_CONTEXT('2D SPACE',''
  ) );
#2077 = PCURVE('',#2078,#2083);
#2078 = PLANE('',#2079);
#2079 = AXIS2_PLACEMENT_3D('',#2080,#2081,#2082);
#2080 = CARTESIAN_POINT('',(0.234375,9.26541986197E-18,0.151315789474));
#2081 = DIRECTION('',(1.,6.123233995737E-17,-3.749399456655E-33));
#2082 = DIRECTION('',(0.,-6.123233995737E-17,-1.));
#2083 = DEFINITIONAL_REPRESENTATION('',(#2084),#2088);
#2084 = LINE('',#2085,#2086);
#2085 = CARTESIAN_POINT('',(0.,0.));
#2086 = VECTOR('',#2087,1.);
#2087 = DIRECTION('',(0.,-1.));
#2088 = ( GEOMETRIC_REPRESENTATION_CONTEXT(2) 
PARAMETRIC_REPRESENTATION_CONTEXT() REPRESENTATION_CONTEXT('2D SPACE',''
  ) );
#2089 = ORIENTED_EDGE('',*,*,#2090,.F.);
#2090 = EDGE_CURVE('',#1987,#2063,#2091,.T.);
#2091 = SURFACE_CURVE('',#2092,(#2096,#2103),.PCURVE_S1.);
#2092 = LINE('',#2093,#2094);
#2093 = CARTESIAN_POINT('',(0.234375,1.528794277225E-17,0.249671052632)
  );
#2094 = VECTOR('',#2095,1.);
#2095 = DIRECTION('',(-2.821971567609E-16,-6.123233995737E-17,-1.));
#2096 = PCURVE('',#2002,#2097);
#2097 = DEFINITIONAL_REPRESENTATION('',(#2098),#2102);
#2098 = LINE('',#2099,#2100);
#2099 = CARTESIAN_POINT('',(-0.,0.));
#2100 = VECTOR('',#2101,1.);
#2101 = DIRECTION('',(1.,0.));
#2102 = ( GEOMETRIC_REPRESENTATION_CONTEXT(2) 
PARAMETRIC_REPRESENTATION_CONTEXT() REPRESENTATION_CONTEXT('2D SPACE',''
  ) );
#2103 = PCURVE('',#1795,#2104);
#2104 = DEFINITIONAL_REPRESENTATION('',(#2105),#2109);
#2105 = LINE('',#2106,#2107);
#2106 = CARTESIAN_POINT('',(1.246763284338E-17,0.249671052632));
#2107 = VECTOR('',#2108,1.);
#2108 = DIRECTION('',(-2.209648168035E-16,-1.));
#2109 = ( GEOMETRIC_REPRESENTATION_CONTEXT(2) 
PARAMETRIC_REPRESENTATION_CONTEXT() REPRESENTATION_CONTEXT('2D SPACE',''
  ) );
#2110 = ADVANCED_FACE('',(#2111),#2078,.F.);
#2111 = FACE_BOUND('',#2112,.F.);
#2112 = EDGE_LOOP('',(#2113,#2114,#2137,#2160));
#2113 = ORIENTED_EDGE('',*,*,#2062,.T.);
#2114 = ORIENTED_EDGE('',*,*,#2115,.T.);
#2115 = EDGE_CURVE('',#2040,#2116,#2118,.T.);
#2116 = VERTEX_POINT('',#2117);
#2117 = CARTESIAN_POINT('',(0.234375,-0.21875,0.113486842105));
#2118 = SURFACE_CURVE('',#2119,(#2123,#2130),.PCURVE_S1.);
#2119 = LINE('',#2120,#2121);
#2120 = CARTESIAN_POINT('',(0.234375,-0.21875,0.151315789474));
#2121 = VECTOR('',#2122,1.);
#2122 = DIRECTION('',(0.,-6.123233995737E-17,-1.));
#2123 = PCURVE('',#2078,#2124);
#2124 = DEFINITIONAL_REPRESENTATION('',(#2125),#2129);
#2125 = LINE('',#2126,#2127);
#2126 = CARTESIAN_POINT('',(1.339457436567E-17,-0.21875));
#2127 = VECTOR('',#2128,1.);
#2128 = DIRECTION('',(1.,0.));
#2129 = ( GEOMETRIC_REPRESENTATION_CONTEXT(2) 
PARAMETRIC_REPRESENTATION_CONTEXT() REPRESENTATION_CONTEXT('2D SPACE',''
  ) );
#2130 = PCURVE('',#1741,#2131);
#2131 = DEFINITIONAL_REPRESENTATION('',(#2132),#2136);
#2132 = LINE('',#2133,#2134);
#2133 = CARTESIAN_POINT('',(-9.26541986197E-18,0.151315789474));
#2134 = VECTOR('',#2135,1.);
#2135 = DIRECTION('',(6.123233995737E-17,-1.));
#2136 = ( GEOMETRIC_REPRESENTATION_CONTEXT(2) 
PARAMETRIC_REPRESENTATION_CONTEXT() REPRESENTATION_CONTEXT('2D SPACE',''
  ) );
#2137 = ORIENTED_EDGE('',*,*,#2138,.F.);
#2138 = EDGE_CURVE('',#2139,#2116,#2141,.T.);
#2139 = VERTEX_POINT('',#2140);
#2140 = CARTESIAN_POINT('',(0.234375,6.949064896478E-18,0.113486842105)
  );
#2141 = SURFACE_CURVE('',#2142,(#2146,#2153),.PCURVE_S1.);
#2142 = LINE('',#2143,#2144);
#2143 = CARTESIAN_POINT('',(0.234375,6.949064896478E-18,0.113486842105)
  );
#2144 = VECTOR('',#2145,1.);
#2145 = DIRECTION('',(6.123233995737E-17,-1.,6.123233995737E-17));
#2146 = PCURVE('',#2078,#2147);
#2147 = DEFINITIONAL_REPRESENTATION('',(#2148),#2152);
#2148 = LINE('',#2149,#2150);
#2149 = CARTESIAN_POINT('',(3.782894736842E-02,0.));
#2150 = VECTOR('',#2151,1.);
#2151 = DIRECTION('',(0.,-1.));
#2152 = ( GEOMETRIC_REPRESENTATION_CONTEXT(2) 
PARAMETRIC_REPRESENTATION_CONTEXT() REPRESENTATION_CONTEXT('2D SPACE',''
  ) );
#2153 = PCURVE('',#1713,#2154);
#2154 = DEFINITIONAL_REPRESENTATION('',(#2155),#2159);
#2155 = LINE('',#2156,#2157);
#2156 = CARTESIAN_POINT('',(0.,0.));
#2157 = VECTOR('',#2158,1.);
#2158 = DIRECTION('',(0.,-1.));
#2159 = ( GEOMETRIC_REPRESENTATION_CONTEXT(2) 
PARAMETRIC_REPRESENTATION_CONTEXT() REPRESENTATION_CONTEXT('2D SPACE',''
  ) );
#2160 = ORIENTED_EDGE('',*,*,#2161,.F.);
#2161 = EDGE_CURVE('',#2063,#2139,#2162,.T.);
#2162 = SURFACE_CURVE('',#2163,(#2167,#2174),.PCURVE_S1.);
#2163 = LINE('',#2164,#2165);
#2164 = CARTESIAN_POINT('',(0.234375,9.26541986197E-18,0.151315789474));
#2165 = VECTOR('',#2166,1.);
#2166 = DIRECTION('',(0.,-6.123233995737E-17,-1.));
#2167 = PCURVE('',#2078,#2168);
#2168 = DEFINITIONAL_REPRESENTATION('',(#2169),#2173);
#2169 = LINE('',#2170,#2171);
#2170 = CARTESIAN_POINT('',(0.,0.));
#2171 = VECTOR('',#2172,1.);
#2172 = DIRECTION('',(1.,0.));
#2173 = ( GEOMETRIC_REPRESENTATION_CONTEXT(2) 
PARAMETRIC_REPRESENTATION_CONTEXT() REPRESENTATION_CONTEXT('2D SPACE',''
  ) );
#2174 = PCURVE('',#1795,#2175);
#2175 = DEFINITIONAL_REPRESENTATION('',(#2176),#2180);
#2176 = LINE('',#2177,#2178);
#2177 = CARTESIAN_POINT('',(-9.26541986197E-18,0.151315789474));
#2178 = VECTOR('',#2179,1.);
#2179 = DIRECTION('',(6.123233995737E-17,-1.));
#2180 = ( GEOMETRIC_REPRESENTATION_CONTEXT(2) 
PARAMETRIC_REPRESENTATION_CONTEXT() REPRESENTATION_CONTEXT('2D SPACE',''
  ) );
#2181 = ADVANCED_FACE('',(#2182),#1713,.F.);
#2182 = FACE_BOUND('',#2183,.F.);
#2183 = EDGE_LOOP('',(#2184,#2185,#2206,#2207));
#2184 = ORIENTED_EDGE('',*,*,#2138,.T.);
#2185 = ORIENTED_EDGE('',*,*,#2186,.T.);
#2186 = EDGE_CURVE('',#2116,#1693,#2187,.T.);
#2187 = SURFACE_CURVE('',#2188,(#2192,#2199),.PCURVE_S1.);
#2188 = LINE('',#2189,#2190);
#2189 = CARTESIAN_POINT('',(0.234375,-0.21875,0.113486842105));
#2190 = VECTOR('',#2191,1.);
#2191 = DIRECTION('',(0.,-6.123233995737E-17,-1.));
#2192 = PCURVE('',#1713,#2193);
#2193 = DEFINITIONAL_REPRESENTATION('',(#2194),#2198);
#2194 = LINE('',#2195,#2196);
#2195 = CARTESIAN_POINT('',(-4.832134421403E-19,-0.21875));
#2196 = VECTOR('',#2197,1.);
#2197 = DIRECTION('',(1.,0.));
#2198 = ( GEOMETRIC_REPRESENTATION_CONTEXT(2) 
PARAMETRIC_REPRESENTATION_CONTEXT() REPRESENTATION_CONTEXT('2D SPACE',''
  ) );
#2199 = PCURVE('',#1741,#2200);
#2200 = DEFINITIONAL_REPRESENTATION('',(#2201),#2205);
#2201 = LINE('',#2202,#2203);
#2202 = CARTESIAN_POINT('',(-6.949064896478E-18,0.113486842105));
#2203 = VECTOR('',#2204,1.);
#2204 = DIRECTION('',(6.123233995737E-17,-1.));
#2205 = ( GEOMETRIC_REPRESENTATION_CONTEXT(2) 
PARAMETRIC_REPRESENTATION_CONTEXT() REPRESENTATION_CONTEXT('2D SPACE',''
  ) );
#2206 = ORIENTED_EDGE('',*,*,#1690,.F.);
#2207 = ORIENTED_EDGE('',*,*,#2208,.F.);
#2208 = EDGE_CURVE('',#2139,#1691,#2209,.T.);
#2209 = SURFACE_CURVE('',#2210,(#2214,#2221),.PCURVE_S1.);
#2210 = LINE('',#2211,#2212);
#2211 = CARTESIAN_POINT('',(0.234375,6.949064896478E-18,0.113486842105)
  );
#2212 = VECTOR('',#2213,1.);
#2213 = DIRECTION('',(0.,-6.123233995737E-17,-1.));
#2214 = PCURVE('',#1713,#2215);
#2215 = DEFINITIONAL_REPRESENTATION('',(#2216),#2220);
#2216 = LINE('',#2217,#2218);
#2217 = CARTESIAN_POINT('',(0.,0.));
#2218 = VECTOR('',#2219,1.);
#2219 = DIRECTION('',(1.,0.));
#2220 = ( GEOMETRIC_REPRESENTATION_CONTEXT(2) 
PARAMETRIC_REPRESENTATION_CONTEXT() REPRESENTATION_CONTEXT('2D SPACE',''
  ) );
#2221 = PCURVE('',#1795,#2222);
#2222 = DEFINITIONAL_REPRESENTATION('',(#2223),#2227);
#2223 = LINE('',#2224,#2225);
#2224 = CARTESIAN_POINT('',(-6.949064896478E-18,0.113486842105));
#2225 = VECTOR('',#2226,1.);
#2226 = DIRECTION('',(6.123233995737E-17,-1.));
#2227 = ( GEOMETRIC_REPRESENTATION_CONTEXT(2) 
PARAMETRIC_REPRESENTATION_CONTEXT() REPRESENTATION_CONTEXT('2D SPACE',''
  ) );
#2228 = ADVANCED_FACE('',(#2229),#1795,.F.);
#2229 = FACE_BOUND('',#2230,.F.);
#2230 = EDGE_LOOP('',(#2231,#2232,#2233,#2234,#2235,#2236,#2237));
#2231 = ORIENTED_EDGE('',*,*,#1781,.T.);
#2232 = ORIENTED_EDGE('',*,*,#1862,.T.);
#2233 = ORIENTED_EDGE('',*,*,#1938,.T.);
#2234 = ORIENTED_EDGE('',*,*,#2014,.T.);
#2235 = ORIENTED_EDGE('',*,*,#2090,.T.);
#2236 = ORIENTED_EDGE('',*,*,#2161,.T.);
#2237 = ORIENTED_EDGE('',*,*,#2208,.T.);
#2238 = ADVANCED_FACE('',(#2239),#1741,.T.);
#2239 = FACE_BOUND('',#2240,.T.);
#2240 = EDGE_LOOP('',(#2241,#2242,#2243,#2244,#2245,#2246,#2247));
#2241 = ORIENTED_EDGE('',*,*,#1725,.T.);
#2242 = ORIENTED_EDGE('',*,*,#1811,.T.);
#2243 = ORIENTED_EDGE('',*,*,#1887,.T.);
#2244 = ORIENTED_EDGE('',*,*,#1963,.T.);
#2245 = ORIENTED_EDGE('',*,*,#2039,.T.);
#2246 = ORIENTED_EDGE('',*,*,#2115,.T.);
#2247 = ORIENTED_EDGE('',*,*,#2186,.T.);
#2248 = ( GEOMETRIC_REPRESENTATION_CONTEXT(3) 
GLOBAL_UNCERTAINTY_ASSIGNED_CONTEXT((#2252)) 
GLOBAL_UNIT_ASSIGNED_CONTEXT((#2249,#2250,#2251)) REPRESENTATION_CONTEXT
('Context #1','3D Context with UNIT and UNCERTAINTY') );
#2249 = ( LENGTH_UNIT() NAMED_UNIT(*) SI_UNIT(.MILLI.,.METRE.) );
#2250 = ( NAMED_UNIT(*) PLANE_ANGLE_UNIT() SI_UNIT($,.RADIAN.) );
#2251 = ( NAMED_UNIT(*) SI_UNIT($,.STERADIAN.) SOLID_ANGLE_UNIT() );
#2252 = UNCERTAINTY_MEASURE_WITH_UNIT(LENGTH_MEASURE(1.E-07),#2249,
  'distance_accuracy_value','confusion accuracy');
#2253 = CONTEXT_DEPENDENT_SHAPE_REPRESENTATION(#2254,#2256);
#2254 = ( REPRESENTATION_RELATIONSHIP('','',#1683,#10) 
REPRESENTATION_RELATIONSHIP_WITH_TRANSFORMATION(#2255) 
SHAPE_REPRESENTATION_RELATIONSHIP() );
#2255 = ITEM_DEFINED_TRANSFORMATION('','',#11,#19);
#2256 = PRODUCT_DEFINITION_SHAPE('Placement','Placement of an item',
  #2257);
#2257 = NEXT_ASSEMBLY_USAGE_OCCURRENCE('14','','',#5,#1678,$);
#2258 = CC_DESIGN_SECURITY_CLASSIFICATION(#2259,(#2257));
#2259 = SECURITY_CLASSIFICATION('','',#43);
#2260 = CC_DESIGN_PERSON_AND_ORGANIZATION_ASSIGNMENT(#32,#41,(#2259));
#2261 = CC_DESIGN_DATE_AND_TIME_ASSIGNMENT(#46,#52,(#2259));
#2262 = CC_DESIGN_APPROVAL(#54,(#2259));
#2263 = PRODUCT_RELATED_PRODUCT_CATEGORY('detail',$,(#1680));
#2264 = PRODUCT_CATEGORY_RELATIONSHIP('','',#2265,#2263);
#2265 = PRODUCT_CATEGORY('part',$);
#2266 = CC_DESIGN_PERSON_AND_ORGANIZATION_ASSIGNMENT(#32,#35,(#1679,
    #1678));
#2267 = CC_DESIGN_PERSON_AND_ORGANIZATION_ASSIGNMENT(#32,#37,(#1680));
#2268 = CC_DESIGN_PERSON_AND_ORGANIZATION_ASSIGNMENT(#32,#39,(#1679));
#2269 = CC_DESIGN_PERSON_AND_ORGANIZATION_ASSIGNMENT(#32,#41,(#2270));
#2270 = SECURITY_CLASSIFICATION('','',#43);
#2271 = CC_DESIGN_SECURITY_CLASSIFICATION(#2270,(#1679));
#2272 = CC_DESIGN_DATE_AND_TIME_ASSIGNMENT(#46,#50,(#1678));
#2273 = CC_DESIGN_DATE_AND_TIME_ASSIGNMENT(#46,#52,(#2270));
#2274 = CC_DESIGN_APPROVAL(#54,(#1679,#1678,#2270));
ENDSEC;
END-ISO-10303-21;
