ISO-10303-21;
HEADER;
FILE_DESCRIPTION(('Open CASCADE Model'),'2;1');
FILE_NAME('Open CASCADE Shape Model','2026-06-25T12:31:35',('Author'),(
    'Open CASCADE'),'Open CASCADE STEP processor 7.8','Open CASCADE 7.8'
  ,'Unknown');
FILE_SCHEMA(('CONFIG_CONTROL_DESIGN'));
ENDSEC;
DATA;
#1 = APPLICATION_PROTOCOL_DEFINITION('committee draft',
  'automotive_design',1997,#2);
#2 = APPLICATION_CONTEXT(
  'core data for automotive mechanical design processes');
#3 = SHAPE_DEFINITION_REPRESENTATION(#4,#10);
#4 = PRODUCT_DEFINITION_SHAPE('','',#5);
#5 = PRODUCT_DEFINITION('design','',#6,#9);
#6 = PRODUCT_DEFINITION_FORMATION('','',#7);
#7 = PRODUCT('Product 17','Product 17','',(#8));
#8 = MECHANICAL_CONTEXT('',#2,'mechanical');
#9 = PRODUCT_DEFINITION_CONTEXT('part definition',#2,'design');
#10 = ADVANCED_BREP_SHAPE_REPRESENTATION('',(#11,#15),#1591);
#11 = AXIS2_PLACEMENT_3D('',#12,#13,#14);
#12 = CARTESIAN_POINT('',(0.,0.,0.));
#13 = DIRECTION('',(0.,0.,1.));
#14 = DIRECTION('',(1.,0.,-0.));
#15 = MANIFOLD_SOLID_BREP('',#16);
#16 = CLOSED_SHELL('',(#17,#150,#215,#589,#624,#1506,#1581,#1586));
#17 = ADVANCED_FACE('',(#18),#33,.T.);
#18 = FACE_BOUND('',#19,.T.);
#19 = EDGE_LOOP('',(#20,#56,#90,#123));
#20 = ORIENTED_EDGE('',*,*,#21,.T.);
#21 = EDGE_CURVE('',#22,#24,#26,.T.);
#22 = VERTEX_POINT('',#23);
#23 = CARTESIAN_POINT('',(0.223556113632,0.567780328317,0.74957127145));
#24 = VERTEX_POINT('',#25);
#25 = CARTESIAN_POINT('',(-0.202747789813,0.579073014625,0.749897309914)
  );
#26 = SURFACE_CURVE('',#27,(#32,#44),.PCURVE_S1.);
#27 = CIRCLE('',#28,0.610153979969);
#28 = AXIS2_PLACEMENT_3D('',#29,#30,#31);
#29 = CARTESIAN_POINT('',(-4.733633004349E-03,1.944069289046E-03,
    0.750570682369));
#30 = DIRECTION('',(-8.030073639073E-04,-1.442274503874E-03,
    -0.999998637511));
#31 = DIRECTION('',(0.374151040771,0.927366333096,-1.637965090638E-03));
#32 = PCURVE('',#33,#38);
#33 = CYLINDRICAL_SURFACE('',#34,0.610153979969);
#34 = AXIS2_PLACEMENT_3D('',#35,#36,#37);
#35 = CARTESIAN_POINT('',(-4.733633004349E-03,1.944069289046E-03,
    0.750570682369));
#36 = DIRECTION('',(-8.030073639073E-04,-1.442274503874E-03,
    -0.999998637511));
#37 = DIRECTION('',(0.,-0.999998959921,1.442274968878E-03));
#38 = DEFINITIONAL_REPRESENTATION('',(#39),#43);
#39 = LINE('',#40,#41);
#40 = CARTESIAN_POINT('',(3.52507393849,0.));
#41 = VECTOR('',#42,1.);
#42 = DIRECTION('',(1.,0.));
#43 = ( GEOMETRIC_REPRESENTATION_CONTEXT(2) 
PARAMETRIC_REPRESENTATION_CONTEXT() REPRESENTATION_CONTEXT('2D SPACE',''
  ) );
#44 = PCURVE('',#45,#50);
#45 = PLANE('',#46);
#46 = AXIS2_PLACEMENT_3D('',#47,#48,#49);
#47 = CARTESIAN_POINT('',(-4.733633004349E-03,1.944069289046E-03,
    0.750570682369));
#48 = DIRECTION('',(-8.030073639073E-04,-1.442274503874E-03,
    -0.999998637511));
#49 = DIRECTION('',(0.,-0.999998959921,1.442274968878E-03));
#50 = DEFINITIONAL_REPRESENTATION('',(#51),#55);
#51 = CIRCLE('',#52,0.610153979969);
#52 = AXIS2_PLACEMENT_2D('',#53,#54);
#53 = CARTESIAN_POINT('',(0.,0.));
#54 = DIRECTION('',(-0.927367730958,-0.374151161402));
#55 = ( GEOMETRIC_REPRESENTATION_CONTEXT(2) 
PARAMETRIC_REPRESENTATION_CONTEXT() REPRESENTATION_CONTEXT('2D SPACE',''
  ) );
#56 = ORIENTED_EDGE('',*,*,#57,.F.);
#57 = EDGE_CURVE('',#58,#24,#60,.T.);
#58 = VERTEX_POINT('',#59);
#59 = CARTESIAN_POINT('',(-0.203610615507,0.577900499032,
    -1.252071898627E-03));
#60 = SURFACE_CURVE('',#61,(#67,#76),.PCURVE_S1.);
#61 = B_SPLINE_CURVE_WITH_KNOTS('',4,(#62,#63,#64,#65,#66),
  .UNSPECIFIED.,.F.,.F.,(5,5),(0.,1.),.PIECEWISE_BEZIER_KNOTS.);
#62 = CARTESIAN_POINT('',(-0.203610616195,0.577900498096,
    -1.252671897517E-03));
#63 = CARTESIAN_POINT('',(-0.203395561031,0.578193419896,0.186534974955)
  );
#64 = CARTESIAN_POINT('',(-0.203180071582,0.578486480248,0.374322620881)
  );
#65 = CARTESIAN_POINT('',(-0.202964147675,0.578779678892,0.562110265871)
  );
#66 = CARTESIAN_POINT('',(-0.202747789121,0.579073015562,0.749897909913)
  );
#67 = PCURVE('',#33,#68);
#68 = DEFINITIONAL_REPRESENTATION('',(#69),#75);
#69 = B_SPLINE_CURVE_WITH_KNOTS('',4,(#70,#71,#72,#73,#74),
  .UNSPECIFIED.,.F.,.F.,(5,5),(7.987731096332E-07,0.999999201227),
  .PIECEWISE_BEZIER_KNOTS.);
#70 = CARTESIAN_POINT('',(9.093811596667,0.751150742325));
#71 = CARTESIAN_POINT('',(9.093922957975,0.563363056166));
#72 = CARTESIAN_POINT('',(9.094035066206,0.375575370385));
#73 = CARTESIAN_POINT('',(9.094147921495,0.187787684994));
#74 = CARTESIAN_POINT('',(9.094261523997,1.825722801275E-13));
#75 = ( GEOMETRIC_REPRESENTATION_CONTEXT(2) 
PARAMETRIC_REPRESENTATION_CONTEXT() REPRESENTATION_CONTEXT('2D SPACE',''
  ) );
#76 = PCURVE('',#77,#82);
#77 = CYLINDRICAL_SURFACE('',#78,0.22333844653);
#78 = AXIS2_PLACEMENT_3D('',#79,#80,#81);
#79 = CARTESIAN_POINT('',(1.223227229411E-02,0.639850999307,
    0.793989814078));
#80 = DIRECTION('',(-1.552522262002E-03,-1.461721077998E-04,
    -0.999998784153));
#81 = DIRECTION('',(-0.999998794837,-2.64697796017E-23,
    1.552522278588E-03));
#82 = DEFINITIONAL_REPRESENTATION('',(#83),#89);
#83 = B_SPLINE_CURVE_WITH_KNOTS('',4,(#84,#85,#86,#87,#88),
  .UNSPECIFIED.,.F.,.F.,(5,5),(0.,1.),.PIECEWISE_BEZIER_KNOTS.);
#84 = CARTESIAN_POINT('',(6.002657090259,0.795585675408));
#85 = CARTESIAN_POINT('',(6.003894101313,0.607797880181));
#86 = CARTESIAN_POINT('',(6.005131170124,0.420010085187));
#87 = CARTESIAN_POINT('',(6.006368300398,0.232222290434));
#88 = CARTESIAN_POINT('',(6.007605495815,4.443449593293E-02));
#89 = ( GEOMETRIC_REPRESENTATION_CONTEXT(2) 
PARAMETRIC_REPRESENTATION_CONTEXT() REPRESENTATION_CONTEXT('2D SPACE',''
  ) );
#90 = ORIENTED_EDGE('',*,*,#91,.T.);
#91 = EDGE_CURVE('',#58,#92,#94,.T.);
#92 = VERTEX_POINT('',#93);
#93 = CARTESIAN_POINT('',(0.222165052492,0.567014200744,
    -1.578272309385E-03));
#94 = SURFACE_CURVE('',#95,(#100,#107),.PCURVE_S1.);
#95 = CIRCLE('',#96,0.610153979969);
#96 = AXIS2_PLACEMENT_3D('',#97,#98,#99);
#97 = CARTESIAN_POINT('',(-5.336812581841E-03,8.60703724825E-04,
    -5.790365209499E-04));
#98 = DIRECTION('',(8.030073639073E-04,1.442274503874E-03,0.999998637511
    ));
#99 = DIRECTION('',(-0.324956993537,0.94572815101,-1.103058243939E-03));
#100 = PCURVE('',#33,#101);
#101 = DEFINITIONAL_REPRESENTATION('',(#102),#106);
#102 = LINE('',#103,#104);
#103 = CARTESIAN_POINT('',(9.093811596667,0.751150742325));
#104 = VECTOR('',#105,1.);
#105 = DIRECTION('',(-1.,-0.));
#106 = ( GEOMETRIC_REPRESENTATION_CONTEXT(2) 
PARAMETRIC_REPRESENTATION_CONTEXT() REPRESENTATION_CONTEXT('2D SPACE',''
  ) );
#107 = PCURVE('',#108,#113);
#108 = PLANE('',#109);
#109 = AXIS2_PLACEMENT_3D('',#110,#111,#112);
#110 = CARTESIAN_POINT('',(-5.336812581841E-03,8.60703724825E-04,
    -5.790365209499E-04));
#111 = DIRECTION('',(-8.030073639073E-04,-1.442274503874E-03,
    -0.999998637511));
#112 = DIRECTION('',(0.,-0.999998959921,1.442274968878E-03));
#113 = DEFINITIONAL_REPRESENTATION('',(#114),#122);
#114 = ( BOUNDED_CURVE() B_SPLINE_CURVE(2,(#115,#116,#117,#118,#119,#120
,#121),.UNSPECIFIED.,.T.,.F.) B_SPLINE_CURVE_WITH_KNOTS((1,2,2,2,2,1),(
    -2.094395102393,0.,2.094395102393,4.188790204786,6.28318530718,
8.377580409573),.UNSPECIFIED.) CURVE() GEOMETRIC_REPRESENTATION_ITEM() 
RATIONAL_B_SPLINE_CURVE((1.,0.5,1.,0.5,1.,0.5,1.)) REPRESENTATION_ITEM(
  '') );
#115 = CARTESIAN_POINT('',(-0.577040165843,0.198273866851));
#116 = CARTESIAN_POINT('',(-0.233619754643,1.197736752098));
#117 = CARTESIAN_POINT('',(0.460230288521,0.400594509198));
#118 = CARTESIAN_POINT('',(1.154080331685,-0.396547733702));
#119 = CARTESIAN_POINT('',(0.116809877322,-0.598868376049));
#120 = CARTESIAN_POINT('',(-0.920460577042,-0.801189018396));
#121 = CARTESIAN_POINT('',(-0.577040165843,0.198273866851));
#122 = ( GEOMETRIC_REPRESENTATION_CONTEXT(2) 
PARAMETRIC_REPRESENTATION_CONTEXT() REPRESENTATION_CONTEXT('2D SPACE',''
  ) );
#123 = ORIENTED_EDGE('',*,*,#124,.F.);
#124 = EDGE_CURVE('',#22,#92,#125,.T.);
#125 = SURFACE_CURVE('',#126,(#132,#141),.PCURVE_S1.);
#126 = B_SPLINE_CURVE_WITH_KNOTS('',4,(#127,#128,#129,#130,#131),
  .UNSPECIFIED.,.F.,.F.,(5,5),(0.,1.),.PIECEWISE_BEZIER_KNOTS.);
#127 = CARTESIAN_POINT('',(0.223556114742,0.567780328928,0.749571871449)
  );
#128 = CARTESIAN_POINT('',(0.223208646871,0.567588835875,0.561784183969)
  );
#129 = CARTESIAN_POINT('',(0.222860980688,0.567397316851,0.373996497512)
  );
#130 = CARTESIAN_POINT('',(0.222513115694,0.567205771667,0.186208812084)
  );
#131 = CARTESIAN_POINT('',(0.22216505138,0.567014200132,
    -1.578872308445E-03));
#132 = PCURVE('',#33,#133);
#133 = DEFINITIONAL_REPRESENTATION('',(#134),#140);
#134 = B_SPLINE_CURVE_WITH_KNOTS('',4,(#135,#136,#137,#138,#139),
  .UNSPECIFIED.,.F.,.F.,(5,5),(7.987727069237E-07,0.999999201227),
  .PIECEWISE_BEZIER_KNOTS.);
#135 = CARTESIAN_POINT('',(3.52507393849,-3.257008001612E-13));
#136 = CARTESIAN_POINT('',(3.524726360573,0.187787686826));
#137 = CARTESIAN_POINT('',(3.524378497171,0.375575372826));
#138 = CARTESIAN_POINT('',(3.524030347527,0.563363057993));
#139 = CARTESIAN_POINT('',(3.523681910871,0.751150742325));
#140 = ( GEOMETRIC_REPRESENTATION_CONTEXT(2) 
PARAMETRIC_REPRESENTATION_CONTEXT() REPRESENTATION_CONTEXT('2D SPACE',''
  ) );
#141 = PCURVE('',#77,#142);
#142 = DEFINITIONAL_REPRESENTATION('',(#143),#149);
#143 = B_SPLINE_CURVE_WITH_KNOTS('',4,(#144,#145,#146,#147,#148),
  .UNSPECIFIED.,.F.,.F.,(5,5),(0.,1.),.PIECEWISE_BEZIER_KNOTS.);
#144 = CARTESIAN_POINT('',(3.470139821754,4.41003383765E-02));
#145 = CARTESIAN_POINT('',(3.47091583626,0.231888364978));
#146 = CARTESIAN_POINT('',(3.471692247342,0.419676390867));
#147 = CARTESIAN_POINT('',(3.472469057774,0.607464416041));
#148 = CARTESIAN_POINT('',(3.473246270355,0.795252440493));
#149 = ( GEOMETRIC_REPRESENTATION_CONTEXT(2) 
PARAMETRIC_REPRESENTATION_CONTEXT() REPRESENTATION_CONTEXT('2D SPACE',''
  ) );
#150 = ADVANCED_FACE('',(#151,#180),#45,.F.);
#151 = FACE_BOUND('',#152,.F.);
#152 = EDGE_LOOP('',(#153,#154));
#153 = ORIENTED_EDGE('',*,*,#21,.T.);
#154 = ORIENTED_EDGE('',*,*,#155,.F.);
#155 = EDGE_CURVE('',#22,#24,#156,.T.);
#156 = SURFACE_CURVE('',#157,(#162,#169),.PCURVE_S1.);
#157 = ELLIPSE('',#158,0.223338696854,0.22333844653);
#158 = AXIS2_PLACEMENT_3D('',#159,#160,#161);
#159 = CARTESIAN_POINT('',(1.216341361126E-02,0.639844516167,
    0.749637085094));
#160 = DIRECTION('',(-8.030073639073E-04,-1.442274503874E-03,
    -0.999998637511));
#161 = DIRECTION('',(-0.50060665704,0.865674452828,-8.465505133604E-04)
  );
#162 = PCURVE('',#45,#163);
#163 = DEFINITIONAL_REPRESENTATION('',(#164),#168);
#164 = ELLIPSE('',#165,0.223338696854,0.22333844653);
#165 = AXIS2_PLACEMENT_2D('',#166,#167);
#166 = CARTESIAN_POINT('',(-0.637901129915,-1.68970520634E-02));
#167 = DIRECTION('',(-0.865674773417,0.500606818441));
#168 = ( GEOMETRIC_REPRESENTATION_CONTEXT(2) 
PARAMETRIC_REPRESENTATION_CONTEXT() REPRESENTATION_CONTEXT('2D SPACE',''
  ) );
#169 = PCURVE('',#77,#170);
#170 = DEFINITIONAL_REPRESENTATION('',(#171),#179);
#171 = B_SPLINE_CURVE_WITH_KNOTS('',6,(#172,#173,#174,#175,#176,#177,
    #178),.UNSPECIFIED.,.F.,.F.,(7,7),(1.659273613789,5.236686837969),
  .PIECEWISE_BEZIER_KNOTS.);
#172 = CARTESIAN_POINT('',(2.705772083,4.432323592588E-02));
#173 = CARTESIAN_POINT('',(3.302007620363,4.412464294023E-02));
#174 = CARTESIAN_POINT('',(3.898243157726,4.39382982566E-02));
#175 = CARTESIAN_POINT('',(4.49447869509,4.38926569648E-02));
#176 = CARTESIAN_POINT('',(5.090714232453,4.410473029823E-02));
#177 = CARTESIAN_POINT('',(5.686949769816,4.434758612149E-02));
#178 = CARTESIAN_POINT('',(6.28318530718,4.45201783389E-02));
#179 = ( GEOMETRIC_REPRESENTATION_CONTEXT(2) 
PARAMETRIC_REPRESENTATION_CONTEXT() REPRESENTATION_CONTEXT('2D SPACE',''
  ) );
#180 = FACE_BOUND('',#181,.F.);
#181 = EDGE_LOOP('',(#182));
#182 = ORIENTED_EDGE('',*,*,#183,.T.);
#183 = EDGE_CURVE('',#184,#184,#186,.T.);
#184 = VERTEX_POINT('',#185);
#185 = CARTESIAN_POINT('',(-4.733633004349E-03,0.126178080191,
    0.750391502578));
#186 = SURFACE_CURVE('',#187,(#192,#203),.PCURVE_S1.);
#187 = CIRCLE('',#188,0.124234140115);
#188 = AXIS2_PLACEMENT_3D('',#189,#190,#191);
#189 = CARTESIAN_POINT('',(-4.733633004349E-03,1.944069289046E-03,
    0.750570682369));
#190 = DIRECTION('',(8.030073639073E-04,1.442274503874E-03,
    0.999998637511));
#191 = DIRECTION('',(0.,0.999998959921,-1.442274968878E-03));
#192 = PCURVE('',#45,#193);
#193 = DEFINITIONAL_REPRESENTATION('',(#194),#202);
#194 = ( BOUNDED_CURVE() B_SPLINE_CURVE(2,(#195,#196,#197,#198,#199,#200
,#201),.UNSPECIFIED.,.T.,.F.) B_SPLINE_CURVE_WITH_KNOTS((1,2,2,2,2,1),(
    -2.094395102393,0.,2.094395102393,4.188790204786,6.28318530718,
8.377580409573),.UNSPECIFIED.) CURVE() GEOMETRIC_REPRESENTATION_ITEM() 
RATIONAL_B_SPLINE_CURVE((1.,0.5,1.,0.5,1.,0.5,1.)) REPRESENTATION_ITEM(
  '') );
#195 = CARTESIAN_POINT('',(-0.124234140115,-8.91516337105E-20));
#196 = CARTESIAN_POINT('',(-0.124234140115,0.215179842714));
#197 = CARTESIAN_POINT('',(6.21170700577E-02,0.107589921357));
#198 = CARTESIAN_POINT('',(0.248468280231,3.033943677372E-17));
#199 = CARTESIAN_POINT('',(6.21170700577E-02,-0.107589921357));
#200 = CARTESIAN_POINT('',(-0.124234140115,-0.215179842714));
#201 = CARTESIAN_POINT('',(-0.124234140115,-8.91516337105E-20));
#202 = ( GEOMETRIC_REPRESENTATION_CONTEXT(2) 
PARAMETRIC_REPRESENTATION_CONTEXT() REPRESENTATION_CONTEXT('2D SPACE',''
  ) );
#203 = PCURVE('',#204,#209);
#204 = CYLINDRICAL_SURFACE('',#205,0.124234140115);
#205 = AXIS2_PLACEMENT_3D('',#206,#207,#208);
#206 = CARTESIAN_POINT('',(-5.368326326385E-03,8.041021638426E-04,
    -3.982363504319E-02));
#207 = DIRECTION('',(8.030073639073E-04,1.442274503874E-03,
    0.999998637511));
#208 = DIRECTION('',(0.,0.999998959921,-1.442274968878E-03));
#209 = DEFINITIONAL_REPRESENTATION('',(#210),#214);
#210 = LINE('',#211,#212);
#211 = CARTESIAN_POINT('',(2.168404344971E-19,0.790395394317));
#212 = VECTOR('',#213,1.);
#213 = DIRECTION('',(1.,0.));
#214 = ( GEOMETRIC_REPRESENTATION_CONTEXT(2) 
PARAMETRIC_REPRESENTATION_CONTEXT() REPRESENTATION_CONTEXT('2D SPACE',''
  ) );
#215 = ADVANCED_FACE('',(#216,#247),#77,.F.);
#216 = FACE_BOUND('',#217,.F.);
#217 = EDGE_LOOP('',(#218,#219,#245,#246));
#218 = ORIENTED_EDGE('',*,*,#57,.F.);
#219 = ORIENTED_EDGE('',*,*,#220,.F.);
#220 = EDGE_CURVE('',#92,#58,#221,.T.);
#221 = SURFACE_CURVE('',#222,(#227,#238),.PCURVE_S1.);
#222 = ELLIPSE('',#223,0.223338696854,0.22333844653);
#223 = AXIS2_PLACEMENT_3D('',#224,#225,#226);
#224 = CARTESIAN_POINT('',(1.09972340546E-02,0.639734718757,
    -1.513585857063E-03));
#225 = DIRECTION('',(-8.030073639073E-04,-1.442274503874E-03,
    -0.999998637511));
#226 = DIRECTION('',(-0.50060665704,0.865674452828,-8.465505133604E-04)
  );
#227 = PCURVE('',#77,#228);
#228 = DEFINITIONAL_REPRESENTATION('',(#229),#237);
#229 = B_SPLINE_CURVE_WITH_KNOTS('',6,(#230,#231,#232,#233,#234,#235,
    #236),.UNSPECIFIED.,.F.,.F.,(7,7),(1.664076915442,5.236686837969),
  .PIECEWISE_BEZIER_KNOTS.);
#230 = CARTESIAN_POINT('',(2.710575384653,0.795473220634));
#231 = CARTESIAN_POINT('',(3.30601037174,0.795274981088));
#232 = CARTESIAN_POINT('',(3.901445358828,0.795089633235));
#233 = CARTESIAN_POINT('',(4.496880345916,0.795045102526));
#234 = CARTESIAN_POINT('',(5.092315333004,0.795256964157));
#235 = CARTESIAN_POINT('',(5.687750320092,0.795499402092));
#236 = CARTESIAN_POINT('',(6.28318530718,0.795671762575));
#237 = ( GEOMETRIC_REPRESENTATION_CONTEXT(2) 
PARAMETRIC_REPRESENTATION_CONTEXT() REPRESENTATION_CONTEXT('2D SPACE',''
  ) );
#238 = PCURVE('',#108,#239);
#239 = DEFINITIONAL_REPRESENTATION('',(#240),#244);
#240 = ELLIPSE('',#241,0.223338696854,0.22333844653);
#241 = AXIS2_PLACEMENT_2D('',#242,#243);
#242 = CARTESIAN_POINT('',(-0.63887469843,-1.633405190271E-02));
#243 = DIRECTION('',(-0.865674773417,0.500606818441));
#244 = ( GEOMETRIC_REPRESENTATION_CONTEXT(2) 
PARAMETRIC_REPRESENTATION_CONTEXT() REPRESENTATION_CONTEXT('2D SPACE',''
  ) );
#245 = ORIENTED_EDGE('',*,*,#124,.F.);
#246 = ORIENTED_EDGE('',*,*,#155,.T.);
#247 = FACE_BOUND('',#248,.F.);
#248 = EDGE_LOOP('',(#249));
#249 = ORIENTED_EDGE('',*,*,#250,.F.);
#250 = EDGE_CURVE('',#251,#251,#253,.T.);
#251 = VERTEX_POINT('',#252);
#252 = CARTESIAN_POINT('',(1.71820397926E-03,0.416628900982,
    0.186412554416));
#253 = SURFACE_CURVE('',#254,(#362,#473),.PCURVE_S1.);
#254 = B_SPLINE_CURVE_WITH_KNOTS('',8,(#255,#256,#257,#258,#259,#260,
    #261,#262,#263,#264,#265,#266,#267,#268,#269,#270,#271,#272,#273,
    #274,#275,#276,#277,#278,#279,#280,#281,#282,#283,#284,#285,#286,
    #287,#288,#289,#290,#291,#292,#293,#294,#295,#296,#297,#298,#299,
    #300,#301,#302,#303,#304,#305,#306,#307,#308,#309,#310,#311,#312,
    #313,#314,#315,#316,#317,#318,#319,#320,#321,#322,#323,#324,#325,
    #326,#327,#328,#329,#330,#331,#332,#333,#334,#335,#336,#337,#338,
    #339,#340,#341,#342,#343,#344,#345,#346,#347,#348,#349,#350,#351,
    #352,#353,#354,#355,#356,#357,#358,#359,#360,#361),.UNSPECIFIED.,.T.
  ,.F.,(9,7,7,7,7,7,7,7,7,7,7,7,7,7,7,9),(0.,5.288569450246E-02,
    0.183610759868,0.209387082789,0.24197165716,0.268976169862,
    0.353162548476,0.431397301982,0.466111483968,0.586369590555,
    0.682157582183,0.727990761004,0.775990573614,0.822018049231,
    0.898027384435,1.),.UNSPECIFIED.);
#255 = CARTESIAN_POINT('',(1.718203979265E-03,0.416628900982,
    0.186412554416));
#256 = CARTESIAN_POINT('',(9.350130920029E-03,0.416301549613,
    0.186413026176));
#257 = CARTESIAN_POINT('',(1.698715199926E-02,0.416272937239,
    0.186764710788));
#258 = CARTESIAN_POINT('',(2.461210109785E-02,0.416542653688,
    0.187468534376));
#259 = CARTESIAN_POINT('',(3.220754485835E-02,0.41710881193,
    0.188524591707));
#260 = CARTESIAN_POINT('',(3.975588499192E-02,0.417967923858,
    0.189932143628));
#261 = CARTESIAN_POINT('',(4.723946058537E-02,0.419114776083,
    0.191689614512));
#262 = CARTESIAN_POINT('',(5.464065040819E-02,0.420542305721,
    0.193794589699));
#263 = CARTESIAN_POINT('',(7.99896944031E-02,0.426441556599,
    0.202297905092));
#264 = CARTESIAN_POINT('',(9.685878319156E-02,0.432168778261,
    0.21026441988));
#265 = CARTESIAN_POINT('',(0.112842251926,0.439219278022,0.220029556342)
  );
#266 = CARTESIAN_POINT('',(0.128017355989,0.447555980482,0.231715956845)
  );
#267 = CARTESIAN_POINT('',(0.142220833526,0.457108116168,0.245501469878)
  );
#268 = CARTESIAN_POINT('',(0.154926033938,0.467511076984,0.261370042892)
  );
#269 = CARTESIAN_POINT('',(0.16570599394,0.477805504493,0.278958180741)
  );
#270 = CARTESIAN_POINT('',(0.175929496726,0.488654790048,0.301713572373)
  );
#271 = CARTESIAN_POINT('',(0.177534863872,0.490403078154,0.305536016447)
  );
#272 = CARTESIAN_POINT('',(0.179057872504,0.492103100735,0.309431589469)
  );
#273 = CARTESIAN_POINT('',(0.180494629591,0.493744714451,0.313399035943)
  );
#274 = CARTESIAN_POINT('',(0.181841228273,0.49531727119,0.317437267866)
  );
#275 = CARTESIAN_POINT('',(0.183093747855,0.496809618066,0.321545364729)
  );
#276 = CARTESIAN_POINT('',(0.184248253811,0.498210097421,0.325722573515)
  );
#277 = CARTESIAN_POINT('',(0.186631348202,0.501145424956,0.335335461895)
  );
#278 = CARTESIAN_POINT('',(0.187803203155,0.502623765466,0.340830201355)
  );
#279 = CARTESIAN_POINT('',(0.188799939549,0.503907183159,0.3464262169));
#280 = CARTESIAN_POINT('',(0.189610035845,0.504966836351,0.352101547987)
  );
#281 = CARTESIAN_POINT('',(0.1902258064,0.505779821264,0.357837770242));
#282 = CARTESIAN_POINT('',(0.190642335808,0.506329566422,0.363619181998)
  );
#283 = CARTESIAN_POINT('',(0.190856413245,0.506606227046,0.36943199083)
  );
#284 = CARTESIAN_POINT('',(0.190872969954,0.506607785883,0.380096371736)
  );
#285 = CARTESIAN_POINT('',(0.190739655175,0.506419032577,0.384921909955)
  );
#286 = CARTESIAN_POINT('',(0.190466444509,0.506041796968,0.389731103938)
  );
#287 = CARTESIAN_POINT('',(0.190054890625,0.505480756193,0.394514520185)
  );
#288 = CARTESIAN_POINT('',(0.189507572845,0.504744151629,0.399261895857)
  );
#289 = CARTESIAN_POINT('',(0.188828493161,0.503843653438,0.40396173213)
  );
#290 = CARTESIAN_POINT('',(0.188023472266,0.502794225103,0.408600887551)
  );
#291 = CARTESIAN_POINT('',(0.184223328072,0.497934607024,0.427390176709)
  );
#292 = CARTESIAN_POINT('',(0.180199025215,0.492981701882,0.440886926911)
  );
#293 = CARTESIAN_POINT('',(0.175176219751,0.487175300053,0.453670592922)
  );
#294 = CARTESIAN_POINT('',(0.169267699938,0.480919723334,0.465695398917)
  );
#295 = CARTESIAN_POINT('',(0.162602993883,0.474530572772,0.476917552424)
  );
#296 = CARTESIAN_POINT('',(0.155297704407,0.468209298082,0.487340592381)
  );
#297 = CARTESIAN_POINT('',(0.147395612066,0.46205857955,0.497024619335)
  );
#298 = CARTESIAN_POINT('',(0.130888296195,0.450623923342,0.514421642398)
  );
#299 = CARTESIAN_POINT('',(0.12241826222,0.445341224244,0.522177178917)
  );
#300 = CARTESIAN_POINT('',(0.113492791396,0.44039066959,0.529274985208)
  );
#301 = CARTESIAN_POINT('',(0.104171603425,0.435847289751,0.535696130174)
  );
#302 = CARTESIAN_POINT('',(9.45065050237E-02,0.431763302133,
    0.541431138515));
#303 = CARTESIAN_POINT('',(8.45397797083E-02,0.428176152823,
    0.546475177704));
#304 = CARTESIAN_POINT('',(7.43052206705E-02,0.425115426766,
    0.550823541257));
#305 = CARTESIAN_POINT('',(5.91845626433E-02,0.421496313613,
    0.556084287261));
#306 = CARTESIAN_POINT('',(5.449545319137E-02,0.420494294358,
    0.557560667215));
#307 = CARTESIAN_POINT('',(4.976890253554E-02,0.419604912087,
    0.558895738243));
#308 = CARTESIAN_POINT('',(4.500937338133E-02,0.418830218989,
    0.560088791694));
#309 = CARTESIAN_POINT('',(4.022136699576E-02,0.418171976053,
    0.56113924022));
#310 = CARTESIAN_POINT('',(3.540942320733E-02,0.417631653071,
    0.562046617777));
#311 = CARTESIAN_POINT('',(3.0578120406E-02,0.417210428635,
    0.562810579626));
#312 = CARTESIAN_POINT('',(8.944234197755E-03,0.415865629,0.565579846354
    ));
#313 = CARTESIAN_POINT('',(-8.009076175862E-03,0.416262841,
    0.566003691755));
#314 = CARTESIAN_POINT('',(-2.494429426008E-02,0.418134130495,
    0.564699039206));
#315 = CARTESIAN_POINT('',(-4.167477755515E-02,0.4214769061,
    0.561678989636));
#316 = CARTESIAN_POINT('',(-5.801526249349E-02,0.42625257471,
    0.556975814116));
#317 = CARTESIAN_POINT('',(-7.378480158635E-02,0.432387183192,
    0.550642499808));
#318 = CARTESIAN_POINT('',(-8.880958156147E-02,0.439765415396,
    0.542751049953));
#319 = CARTESIAN_POINT('',(-0.11417185419,0.454937272705,0.525925500598)
  );
#320 = CARTESIAN_POINT('',(-0.124562325917,0.462173523273,0.51771571274)
  );
#321 = CARTESIAN_POINT('',(-0.134312165771,0.469921967165,0.508713130337
    ));
#322 = CARTESIAN_POINT('',(-0.143512273511,0.478207831919,0.498811684181
    ));
#323 = CARTESIAN_POINT('',(-0.152087647771,0.486999182736,0.487924334128
    ));
#324 = CARTESIAN_POINT('',(-0.159858932604,0.496084013751,0.476083808767
    ));
#325 = CARTESIAN_POINT('',(-0.16664329946,0.505017765274,0.463466340646)
  );
#326 = CARTESIAN_POINT('',(-0.175050083063,0.517196214011,0.44391556903)
  );
#327 = CARTESIAN_POINT('',(-0.177564997066,0.521044462262,0.437343036909
    ));
#328 = CARTESIAN_POINT('',(-0.179847358295,0.524731259001,0.430534300783
    ));
#329 = CARTESIAN_POINT('',(-0.181869946107,0.528173116292,0.423502759987
    ));
#330 = CARTESIAN_POINT('',(-0.183608728474,0.53127339766,0.416260138142)
  );
#331 = CARTESIAN_POINT('',(-0.185042503582,0.533925591888,0.40881071081)
  );
#332 = CARTESIAN_POINT('',(-0.18614853422,0.536017882139,0.401145768058)
  );
#333 = CARTESIAN_POINT('',(-0.187675063756,0.538927318492,0.384957053205
    ));
#334 = CARTESIAN_POINT('',(-0.188041062329,0.539642683243,0.376614112748
    ));
#335 = CARTESIAN_POINT('',(-0.187983385337,0.539508694209,0.368272500043
    ));
#336 = CARTESIAN_POINT('',(-0.187504677968,0.538510232017,0.359970196796
    ));
#337 = CARTESIAN_POINT('',(-0.18661172222,0.536700587047,0.351751373006)
  );
#338 = CARTESIAN_POINT('',(-0.185321392904,0.534201664148,0.343689816232
    ));
#339 = CARTESIAN_POINT('',(-0.183679863358,0.531197273393,0.335904574057
    ));
#340 = CARTESIAN_POINT('',(-0.179987705876,0.524776425449,0.32153251685)
  );
#341 = CARTESIAN_POINT('',(-0.177905013729,0.52129270949,0.314709694315)
  );
#342 = CARTESIAN_POINT('',(-0.175569253101,0.517563401363,0.308101062427
    ));
#343 = CARTESIAN_POINT('',(-0.173001605869,0.51367073072,0.301710295945)
  );
#344 = CARTESIAN_POINT('',(-0.170221482673,0.509679378156,0.295536986091
    ));
#345 = CARTESIAN_POINT('',(-0.167243308961,0.505633838682,0.289572243139
    ));
#346 = CARTESIAN_POINT('',(-0.164070781497,0.501557885008,0.283795939606
    ));
#347 = CARTESIAN_POINT('',(-0.155103285296,0.490682532495,0.268894208849
    ));
#348 = CARTESIAN_POINT('',(-0.14894941244,0.483841750124,0.260042983204)
  );
#349 = CARTESIAN_POINT('',(-0.142285819107,0.477109804467,0.251687472433
    ));
#350 = CARTESIAN_POINT('',(-0.135176698224,0.470606363963,0.243864237455
    ));
#351 = CARTESIAN_POINT('',(-0.127672158746,0.464402209785,0.23658280543)
  );
#352 = CARTESIAN_POINT('',(-0.119797115748,0.458531685949,0.229833333637
    ));
#353 = CARTESIAN_POINT('',(-0.111548505179,0.453010134291,0.223599976608
    ));
#354 = CARTESIAN_POINT('',(-9.129926484365E-02,0.440942051701,
    0.210206091011));
#355 = CARTESIAN_POINT('',(-7.908649506278E-02,0.434752849527,
    0.2035263971));
#356 = CARTESIAN_POINT('',(-6.635297372274E-02,0.42938553355,
    0.197886978955));
#357 = CARTESIAN_POINT('',(-5.31940475771E-02,0.424909199945,
    0.193327896271));
#358 = CARTESIAN_POINT('',(-3.97077448615E-02,0.42137188944,
    0.189881322415));
#359 = CARTESIAN_POINT('',(-2.599339228736E-02,0.418804764025,
    0.187570814747));
#360 = CARTESIAN_POINT('',(-1.21510545028E-02,0.417223786229,
    0.186411697101));
#361 = CARTESIAN_POINT('',(1.718203979265E-03,0.416628900982,
    0.186412554416));
#362 = PCURVE('',#77,#363);
#363 = DEFINITIONAL_REPRESENTATION('',(#364),#472);
#364 = B_SPLINE_CURVE_WITH_KNOTS('',8,(#365,#366,#367,#368,#369,#370,
    #371,#372,#373,#374,#375,#376,#377,#378,#379,#380,#381,#382,#383,
    #384,#385,#386,#387,#388,#389,#390,#391,#392,#393,#394,#395,#396,
    #397,#398,#399,#400,#401,#402,#403,#404,#405,#406,#407,#408,#409,
    #410,#411,#412,#413,#414,#415,#416,#417,#418,#419,#420,#421,#422,
    #423,#424,#425,#426,#427,#428,#429,#430,#431,#432,#433,#434,#435,
    #436,#437,#438,#439,#440,#441,#442,#443,#444,#445,#446,#447,#448,
    #449,#450,#451,#452,#453,#454,#455,#456,#457,#458,#459,#460,#461,
    #462,#463,#464,#465,#466,#467,#468,#469,#470,#471),.UNSPECIFIED.,.T.
  ,.F.,(9,7,7,7,7,7,7,7,7,7,7,7,7,7,7,9),(0.,5.288569450246E-02,
    0.183610759868,0.209387082789,0.24197165716,0.268976169862,
    0.353162548476,0.431397301982,0.466111483968,0.586369590555,
    0.682157582183,0.727990761004,0.775990573614,0.822018049231,
    0.898027384435,1.),.UNSPECIFIED.);
#365 = CARTESIAN_POINT('',(4.755255357769,0.607625473112));
#366 = CARTESIAN_POINT('',(4.721051957387,0.607613200465));
#367 = CARTESIAN_POINT('',(4.686885478349,0.607249663818));
#368 = CARTESIAN_POINT('',(4.652771792208,0.606533963757));
#369 = CARTESIAN_POINT('',(4.618728016454,0.605466032858));
#370 = CARTESIAN_POINT('',(4.584773076569,0.604046638104));
#371 = CARTESIAN_POINT('',(4.550928268089,0.602277383302));
#372 = CARTESIAN_POINT('',(4.517217818663,0.600160711497));
#373 = CARTESIAN_POINT('',(4.400743193522,0.591617189181));
#374 = CARTESIAN_POINT('',(4.32141818978,0.583623657284));
#375 = CARTESIAN_POINT('',(4.243766136217,0.573832687417));
#376 = CARTESIAN_POINT('',(4.166887226301,0.562121522843));
#377 = CARTESIAN_POINT('',(4.091005044871,0.5483125791));
#378 = CARTESIAN_POINT('',(4.017934197073,0.532422779651));
#379 = CARTESIAN_POINT('',(3.951382564427,0.5148164223));
#380 = CARTESIAN_POINT('',(3.884754360943,0.492043600256));
#381 = CARTESIAN_POINT('',(3.874147495303,0.48821841291));
#382 = CARTESIAN_POINT('',(3.863948970766,0.484320231624));
#383 = CARTESIAN_POINT('',(3.854202406559,0.480350319419));
#384 = CARTESIAN_POINT('',(3.844953731224,0.476309771917));
#385 = CARTESIAN_POINT('',(3.836251182615,0.472199517345));
#386 = CARTESIAN_POINT('',(3.828145307902,0.46802031653));
#387 = CARTESIAN_POINT('',(3.811263189096,0.458403310968));
#388 = CARTESIAN_POINT('',(3.802843676122,0.452906542766));
#389 = CARTESIAN_POINT('',(3.795594943908,0.447308798969));
#390 = CARTESIAN_POINT('',(3.789649796169,0.441632062199));
#391 = CARTESIAN_POINT('',(3.785110380601,0.435894772085));
#392 = CARTESIAN_POINT('',(3.782049248422,0.430112640329));
#393 = CARTESIAN_POINT('',(3.780510413903,0.424299465765));
#394 = CARTESIAN_POINT('',(3.780510413903,0.413635071892));
#395 = CARTESIAN_POINT('',(3.781567332699,0.408809774105));
#396 = CARTESIAN_POINT('',(3.783675193917,0.404001065277));
#397 = CARTESIAN_POINT('',(3.786812946091,0.399218375801));
#398 = CARTESIAN_POINT('',(3.790944035764,0.394471963295));
#399 = CARTESIAN_POINT('',(3.796015980592,0.38977331865));
#400 = CARTESIAN_POINT('',(3.801959942438,0.385135572079));
#401 = CARTESIAN_POINT('',(3.829672144376,0.366352915916));
#402 = CARTESIAN_POINT('',(3.858308086886,0.35286315392));
#403 = CARTESIAN_POINT('',(3.892722793988,0.340088150203));
#404 = CARTESIAN_POINT('',(3.931238294245,0.328073446328));
#405 = CARTESIAN_POINT('',(3.97253390603,0.316862587486));
#406 = CARTESIAN_POINT('',(4.015755538371,0.30645182582));
#407 = CARTESIAN_POINT('',(4.060579781286,0.296780977878));
#408 = CARTESIAN_POINT('',(4.150598066218,0.27941127537));
#409 = CARTESIAN_POINT('',(4.195291040091,0.271669670381));
#410 = CARTESIAN_POINT('',(4.240935675388,0.264586453344));
#411 = CARTESIAN_POINT('',(4.287276458384,0.258180451653));
#412 = CARTESIAN_POINT('',(4.334158225504,0.25246105253));
#413 = CARTESIAN_POINT('',(4.3815030084,0.247433017378));
#414 = CARTESIAN_POINT('',(4.429289307837,0.243100995885));
#415 = CARTESIAN_POINT('',(4.498940752792,0.237864260449));
#416 = CARTESIAN_POINT('',(4.520414024003,0.236395308705));
#417 = CARTESIAN_POINT('',(4.541947054726,0.235067707377));
#418 = CARTESIAN_POINT('',(4.563533600986,0.23388215789));
#419 = CARTESIAN_POINT('',(4.585167730154,0.232839240345));
#420 = CARTESIAN_POINT('',(4.606843820947,0.231939413521));
#421 = CARTESIAN_POINT('',(4.628556563422,0.231183014878));
#422 = CARTESIAN_POINT('',(4.72562866914,0.228447535178));
#423 = CARTESIAN_POINT('',(4.801283669118,0.228049952623));
#424 = CARTESIAN_POINT('',(4.877086839052,0.229380622359));
#425 = CARTESIAN_POINT('',(4.952882128293,0.232426154084));
#426 = CARTESIAN_POINT('',(5.0285048352,0.237153994783));
#427 = CARTESIAN_POINT('',(5.103765396718,0.243510887243));
#428 = CARTESIAN_POINT('',(5.178409380415,0.251424575316));
#429 = CARTESIAN_POINT('',(5.310642222019,0.268287262005));
#430 = CARTESIAN_POINT('',(5.367154366377,0.276512113582));
#431 = CARTESIAN_POINT('',(5.422695898535,0.285528689276));
#432 = CARTESIAN_POINT('',(5.477860178377,0.295443195603));
#433 = CARTESIAN_POINT('',(5.532574190661,0.306342560827));
#434 = CARTESIAN_POINT('',(5.585897966764,0.318193808937));
#435 = CARTESIAN_POINT('',(5.636028582203,0.330820488732));
#436 = CARTESIAN_POINT('',(5.702221361135,0.350382508146));
#437 = CARTESIAN_POINT('',(5.72277720501,0.356958374229));
#438 = CARTESIAN_POINT('',(5.742161177035,0.363770106587));
#439 = CARTESIAN_POINT('',(5.760007096804,0.370804275843));
#440 = CARTESIAN_POINT('',(5.775897966961,0.378049135205));
#441 = CARTESIAN_POINT('',(5.789375880024,0.385500391771));
#442 = CARTESIAN_POINT('',(5.799952065954,0.393166736506));
#443 = CARTESIAN_POINT('',(5.814620800789,0.409357376369));
#444 = CARTESIAN_POINT('',(5.818197605391,0.417700770337));
#445 = CARTESIAN_POINT('',(5.817523625545,0.426042302941));
#446 = CARTESIAN_POINT('',(5.81254532958,0.434343998837));
#447 = CARTESIAN_POINT('',(5.803490718849,0.442561690819));
#448 = CARTESIAN_POINT('',(5.790879634698,0.450621599799));
#449 = CARTESIAN_POINT('',(5.775533176468,0.458404723156));
#450 = CARTESIAN_POINT('',(5.74232780766,0.472771969281));
#451 = CARTESIAN_POINT('',(5.724136281383,0.479592059317));
#452 = CARTESIAN_POINT('',(5.704420092073,0.48619760197));
#453 = CARTESIAN_POINT('',(5.683531062945,0.492584943352));
#454 = CARTESIAN_POINT('',(5.661744551586,0.498754512922));
#455 = CARTESIAN_POINT('',(5.639243751985,0.504715216285));
#456 = CARTESIAN_POINT('',(5.616104147041,0.510487183166));
#457 = CARTESIAN_POINT('',(5.552932023314,0.525376563242));
#458 = CARTESIAN_POINT('',(5.511733637032,0.534219224031));
#459 = CARTESIAN_POINT('',(5.46936548771,0.542565363289));
#460 = CARTESIAN_POINT('',(5.426293695464,0.550378502308));
#461 = CARTESIAN_POINT('',(5.382769075585,0.55764918139));
#462 = CARTESIAN_POINT('',(5.338847646741,0.564387276904));
#463 = CARTESIAN_POINT('',(5.294430537325,0.5706086273));
#464 = CARTESIAN_POINT('',(5.18880830212,0.583972823232));
#465 = CARTESIAN_POINT('',(5.127608158327,0.590634453113));
#466 = CARTESIAN_POINT('',(5.065953987927,0.596254879879));
#467 = CARTESIAN_POINT('',(5.004003575852,0.600794181809));
#468 = CARTESIAN_POINT('',(4.941870325159,0.604220330745));
#469 = CARTESIAN_POINT('',(4.879645266023,0.606509919009));
#470 = CARTESIAN_POINT('',(4.817412111175,0.607647775802));
#471 = CARTESIAN_POINT('',(4.755255357769,0.607625473112));
#472 = ( GEOMETRIC_REPRESENTATION_CONTEXT(2) 
PARAMETRIC_REPRESENTATION_CONTEXT() REPRESENTATION_CONTEXT('2D SPACE',''
  ) );
#473 = PCURVE('',#474,#479);
#474 = CYLINDRICAL_SURFACE('',#475,0.189273926805);
#475 = AXIS2_PLACEMENT_3D('',#476,#477,#478);
#476 = CARTESIAN_POINT('',(1.500055111983E-03,0.571446424526,
    0.375463563585));
#477 = DIRECTION('',(1.411555029364E-03,-0.999997965312,
    1.441140043749E-03));
#478 = DIRECTION('',(4.235164736272E-22,-1.441141479478E-03,
    -0.999998961555));
#479 = DEFINITIONAL_REPRESENTATION('',(#480),#588);
#480 = B_SPLINE_CURVE_WITH_KNOTS('',8,(#481,#482,#483,#484,#485,#486,
    #487,#488,#489,#490,#491,#492,#493,#494,#495,#496,#497,#498,#499,
    #500,#501,#502,#503,#504,#505,#506,#507,#508,#509,#510,#511,#512,
    #513,#514,#515,#516,#517,#518,#519,#520,#521,#522,#523,#524,#525,
    #526,#527,#528,#529,#530,#531,#532,#533,#534,#535,#536,#537,#538,
    #539,#540,#541,#542,#543,#544,#545,#546,#547,#548,#549,#550,#551,
    #552,#553,#554,#555,#556,#557,#558,#559,#560,#561,#562,#563,#564,
    #565,#566,#567,#568,#569,#570,#571,#572,#573,#574,#575,#576,#577,
    #578,#579,#580,#581,#582,#583,#584,#585,#586,#587),.UNSPECIFIED.,.F.
  ,.F.,(9,7,7,7,7,7,7,7,7,7,7,7,7,7,7,9),(0.,5.288569450246E-02,
    0.183610759868,0.209387082789,0.24197165716,0.268976169862,
    0.353162548476,0.431397301982,0.466111483968,0.586369590555,
    0.682157582183,0.727990761004,0.775990573614,0.822018049231,
    0.898027384435,1.),.UNSPECIFIED.);
#481 = CARTESIAN_POINT('',(0.,0.154545067488));
#482 = CARTESIAN_POINT('',(4.031964355241E-02,0.154883191756));
#483 = CARTESIAN_POINT('',(8.0668420644E-02,0.154923090974));
#484 = CARTESIAN_POINT('',(0.121055522961,0.154665152417));
#485 = CARTESIAN_POINT('',(0.161489328242,0.154111238641));
#486 = CARTESIAN_POINT('',(0.20197785499,0.153264811838));
#487 = CARTESIAN_POINT('',(0.242529217189,0.152131058187));
#488 = CARTESIAN_POINT('',(0.283152079007,0.150717012204));
#489 = CARTESIAN_POINT('',(0.424470029772,0.144865809367));
#490 = CARTESIAN_POINT('',(0.522412448627,0.13917389187));
#491 = CARTESIAN_POINT('',(0.620493371368,0.132160040929));
#492 = CARTESIAN_POINT('',(0.720575693508,0.123861617666));
#493 = CARTESIAN_POINT('',(0.823724168965,0.11434941726));
#494 = CARTESIAN_POINT('',(0.929845648647,0.103987280536));
#495 = CARTESIAN_POINT('',(1.038058178125,9.373343744971E-02));
#496 = CARTESIAN_POINT('',(1.169967495527,8.293139871238E-02));
#497 = CARTESIAN_POINT('',(1.191882355976,8.119088890568E-02));
#498 = CARTESIAN_POINT('',(1.21398619996,7.949863366053E-02));
#499 = CARTESIAN_POINT('',(1.236281163388,7.786476899201E-02));
#500 = CARTESIAN_POINT('',(1.25877147167,7.629993590863E-02));
#501 = CARTESIAN_POINT('',(1.281463439713,7.48152804124E-02));
#502 = CARTESIAN_POINT('',(1.304365471924,7.342245349877E-02));
#503 = CARTESIAN_POINT('',(1.356717978562,7.050434932298E-02));
#504 = CARTESIAN_POINT('',(1.386398430043,6.903558464759E-02));
#505 = CARTESIAN_POINT('',(1.416412090518,6.776164115626E-02));
#506 = CARTESIAN_POINT('',(1.446673732043,6.671131256284E-02));
#507 = CARTESIAN_POINT('',(1.477123557827,6.59074651978E-02));
#508 = CARTESIAN_POINT('',(1.50772053518,6.536664093683E-02));
#509 = CARTESIAN_POINT('',(1.53843572847,6.509866012936E-02));
#510 = CARTESIAN_POINT('',(1.594779383831,6.511249353267E-02));
#511 = CARTESIAN_POINT('',(1.620271887408,6.530801254989E-02));
#512 = CARTESIAN_POINT('',(1.64570062547,6.569179246101E-02));
#513 = CARTESIAN_POINT('',(1.671041016594,6.625914473621E-02));
#514 = CARTESIAN_POINT('',(1.696263289301,6.700181686512E-02));
#515 = CARTESIAN_POINT('',(1.721329356093,6.790812778836E-02));
#516 = CARTESIAN_POINT('',(1.746189687478,6.896310332902E-02));
#517 = CARTESIAN_POINT('',(1.847440892396,7.384442540489E-02));
#518 = CARTESIAN_POINT('',(1.921522693818,7.881109065134E-02));
#519 = CARTESIAN_POINT('',(1.993636686977,8.462881375279E-02));
#520 = CARTESIAN_POINT('',(2.063938926093,9.089336697208E-02));
#521 = CARTESIAN_POINT('',(2.132468232706,9.728926963017E-02));
#522 = CARTESIAN_POINT('',(2.199404662348,0.103615240701));
#523 = CARTESIAN_POINT('',(2.265248683969,0.109768748518));
#524 = CARTESIAN_POINT('',(2.391950804712,0.121205152022));
#525 = CARTESIAN_POINT('',(2.452478739492,0.126487061266));
#526 = CARTESIAN_POINT('',(2.512493335791,0.131435235988));
#527 = CARTESIAN_POINT('',(2.572025550085,0.135974702981));
#528 = CARTESIAN_POINT('',(2.631145259937,0.140053304421));
#529 = CARTESIAN_POINT('',(2.689955882788,0.143633647018));
#530 = CARTESIAN_POINT('',(2.748587245489,0.146686186806));
#531 = CARTESIAN_POINT('',(2.833188349549,0.150291530426));
#532 = CARTESIAN_POINT('',(2.859154829328,0.151289056376));
#533 = CARTESIAN_POINT('',(2.885089404856,0.152173689075));
#534 = CARTESIAN_POINT('',(2.910995057099,0.152943381617));
#535 = CARTESIAN_POINT('',(2.936874487028,0.153596378522));
#536 = CARTESIAN_POINT('',(2.96273011562,0.15413121574));
#537 = CARTESIAN_POINT('',(2.988564083856,0.154546720645));
#538 = CARTESIAN_POINT('',(3.10380461663,0.155864971024));
#539 = CARTESIAN_POINT('',(3.192932435184,0.155444440122));
#540 = CARTESIAN_POINT('',(3.281887420162,0.153547369255));
#541 = CARTESIAN_POINT('',(3.370758599902,0.15017663214));
#542 = CARTESIAN_POINT('',(3.45963041072,0.145371129819));
#543 = CARTESIAN_POINT('',(3.548584835543,0.139205147053));
#544 = CARTESIAN_POINT('',(3.637706922394,0.131794348874));
#545 = CARTESIAN_POINT('',(3.798351911227,0.116562474218));
#546 = CARTESIAN_POINT('',(3.867997194059,0.109299740198));
#547 = CARTESIAN_POINT('',(3.937690462912,0.101524575654));
#548 = CARTESIAN_POINT('',(4.008564483037,9.321147192947E-02));
#549 = CARTESIAN_POINT('',(4.081178626332,8.439234419137E-02));
#550 = CARTESIAN_POINT('',(4.155434361355,7.527949820983E-02));
#551 = CARTESIAN_POINT('',(4.230743942516,6.631800481828E-02));
#552 = CARTESIAN_POINT('',(4.343060808781,5.409953882366E-02));
#553 = CARTESIAN_POINT('',(4.380173024251,5.023827652355E-02));
#554 = CARTESIAN_POINT('',(4.418020604824,4.6538453265E-02));
#555 = CARTESIAN_POINT('',(4.456571212521,4.308361454824E-02));
#556 = CARTESIAN_POINT('',(4.495816334977,3.997044746901E-02));
#557 = CARTESIAN_POINT('',(4.535800216199,3.730549911692E-02));
#558 = CARTESIAN_POINT('',(4.576649044105,3.520060564387E-02));
#559 = CARTESIAN_POINT('',(4.662534876907,3.226569022521E-02));
#560 = CARTESIAN_POINT('',(4.706593885573,3.15377869573E-02));
#561 = CARTESIAN_POINT('',(4.750576402238,3.165983570037E-02));
#562 = CARTESIAN_POINT('',(4.794407373401,3.264700680114E-02));
#563 = CARTESIAN_POINT('',(4.837986326436,3.444606406977E-02));
#564 = CARTESIAN_POINT('',(4.881052381526,3.693518542264E-02));
#565 = CARTESIAN_POINT('',(4.923065659734,3.993066754973E-02));
#566 = CARTESIAN_POINT('',(5.00149927404,4.633600196563E-02));
#567 = CARTESIAN_POINT('',(5.039168980418,4.981281802766E-02));
#568 = CARTESIAN_POINT('',(5.076161028948,5.353589165699E-02));
#569 = CARTESIAN_POINT('',(5.112502597694,5.742296876565E-02));
#570 = CARTESIAN_POINT('',(5.148230737785,6.140934090198E-02));
#571 = CARTESIAN_POINT('',(5.183422636019,6.545047997086E-02));
#572 = CARTESIAN_POINT('',(5.218226622473,6.952257908556E-02));
#573 = CARTESIAN_POINT('',(5.310143173513,8.03890921047E-02));
#574 = CARTESIAN_POINT('',(5.366989166271,8.722579123104E-02));
#575 = CARTESIAN_POINT('',(5.423262339801,9.395508775788E-02));
#576 = CARTESIAN_POINT('',(5.478888479936,0.100457275568));
#577 = CARTESIAN_POINT('',(5.533919547422,0.10666151663));
#578 = CARTESIAN_POINT('',(5.588540077703,0.112533417643));
#579 = CARTESIAN_POINT('',(5.643049153022,0.118057618293));
#580 = CARTESIAN_POINT('',(5.771294673638,0.130134956781));
#581 = CARTESIAN_POINT('',(5.844562458007,0.136331758984));
#582 = CARTESIAN_POINT('',(5.917692633621,0.141708910915));
#583 = CARTESIAN_POINT('',(5.990739500846,0.146197239684));
#584 = CARTESIAN_POINT('',(6.063753976469,0.149748612654));
#585 = CARTESIAN_POINT('',(6.136791428962,0.152331761645));
#586 = CARTESIAN_POINT('',(6.209913699279,0.153930604994));
#587 = CARTESIAN_POINT('',(6.28318530718,0.154545067488));
#588 = ( GEOMETRIC_REPRESENTATION_CONTEXT(2) 
PARAMETRIC_REPRESENTATION_CONTEXT() REPRESENTATION_CONTEXT('2D SPACE',''
  ) );
#589 = ADVANCED_FACE('',(#590,#594),#108,.T.);
#590 = FACE_BOUND('',#591,.T.);
#591 = EDGE_LOOP('',(#592,#593));
#592 = ORIENTED_EDGE('',*,*,#91,.F.);
#593 = ORIENTED_EDGE('',*,*,#220,.F.);
#594 = FACE_BOUND('',#595,.T.);
#595 = EDGE_LOOP('',(#596));
#596 = ORIENTED_EDGE('',*,*,#597,.T.);
#597 = EDGE_CURVE('',#598,#598,#600,.T.);
#598 = VERTEX_POINT('',#599);
#599 = CARTESIAN_POINT('',(-5.336812581841E-03,0.125094714627,
    -7.582163115185E-04));
#600 = SURFACE_CURVE('',#601,(#606,#617),.PCURVE_S1.);
#601 = CIRCLE('',#602,0.124234140115);
#602 = AXIS2_PLACEMENT_3D('',#603,#604,#605);
#603 = CARTESIAN_POINT('',(-5.336812581841E-03,8.60703724825E-04,
    -5.790365209499E-04));
#604 = DIRECTION('',(8.030073639073E-04,1.442274503874E-03,
    0.999998637511));
#605 = DIRECTION('',(0.,0.999998959921,-1.442274968878E-03));
#606 = PCURVE('',#108,#607);
#607 = DEFINITIONAL_REPRESENTATION('',(#608),#616);
#608 = ( BOUNDED_CURVE() B_SPLINE_CURVE(2,(#609,#610,#611,#612,#613,#614
,#615),.UNSPECIFIED.,.T.,.F.) B_SPLINE_CURVE_WITH_KNOTS((1,2,2,2,2,1),(
    -2.094395102393,0.,2.094395102393,4.188790204786,6.28318530718,
8.377580409573),.UNSPECIFIED.) CURVE() GEOMETRIC_REPRESENTATION_ITEM() 
RATIONAL_B_SPLINE_CURVE((1.,0.5,1.,0.5,1.,0.5,1.)) REPRESENTATION_ITEM(
  '') );
#609 = CARTESIAN_POINT('',(-0.124234140115,5.571725971548E-21));
#610 = CARTESIAN_POINT('',(-0.124234140115,0.215179842714));
#611 = CARTESIAN_POINT('',(6.21170700577E-02,0.107589921357));
#612 = CARTESIAN_POINT('',(0.248468280231,3.04341601334E-17));
#613 = CARTESIAN_POINT('',(6.21170700577E-02,-0.107589921357));
#614 = CARTESIAN_POINT('',(-0.124234140115,-0.215179842714));
#615 = CARTESIAN_POINT('',(-0.124234140115,5.571725971548E-21));
#616 = ( GEOMETRIC_REPRESENTATION_CONTEXT(2) 
PARAMETRIC_REPRESENTATION_CONTEXT() REPRESENTATION_CONTEXT('2D SPACE',''
  ) );
#617 = PCURVE('',#204,#618);
#618 = DEFINITIONAL_REPRESENTATION('',(#619),#623);
#619 = LINE('',#620,#621);
#620 = CARTESIAN_POINT('',(2.168404344971E-19,3.924465199266E-02));
#621 = VECTOR('',#622,1.);
#622 = DIRECTION('',(1.,0.));
#623 = ( GEOMETRIC_REPRESENTATION_CONTEXT(2) 
PARAMETRIC_REPRESENTATION_CONTEXT() REPRESENTATION_CONTEXT('2D SPACE',''
  ) );
#624 = ADVANCED_FACE('',(#625),#204,.F.);
#625 = FACE_BOUND('',#626,.F.);
#626 = EDGE_LOOP('',(#627,#650,#651,#652,#819,#845,#1033,#1054,#1055,
    #1056,#1085,#1336,#1362));
#627 = ORIENTED_EDGE('',*,*,#628,.T.);
#628 = EDGE_CURVE('',#629,#184,#631,.T.);
#629 = VERTEX_POINT('',#630);
#630 = CARTESIAN_POINT('',(-4.88230331754E-03,0.125911054742,
    0.565249849698));
#631 = SEAM_CURVE('',#632,(#636,#643),.PCURVE_S1.);
#632 = LINE('',#633,#634);
#633 = CARTESIAN_POINT('',(-5.368326326385E-03,0.125038113066,
    -4.000281483376E-02));
#634 = VECTOR('',#635,1.);
#635 = DIRECTION('',(8.030073639073E-04,1.442274503874E-03,
    0.999998637511));
#636 = PCURVE('',#204,#637);
#637 = DEFINITIONAL_REPRESENTATION('',(#638),#642);
#638 = LINE('',#639,#640);
#639 = CARTESIAN_POINT('',(6.28318530718,-0.));
#640 = VECTOR('',#641,1.);
#641 = DIRECTION('',(0.,1.));
#642 = ( GEOMETRIC_REPRESENTATION_CONTEXT(2) 
PARAMETRIC_REPRESENTATION_CONTEXT() REPRESENTATION_CONTEXT('2D SPACE',''
  ) );
#643 = PCURVE('',#204,#644);
#644 = DEFINITIONAL_REPRESENTATION('',(#645),#649);
#645 = LINE('',#646,#647);
#646 = CARTESIAN_POINT('',(0.,-0.));
#647 = VECTOR('',#648,1.);
#648 = DIRECTION('',(0.,1.));
#649 = ( GEOMETRIC_REPRESENTATION_CONTEXT(2) 
PARAMETRIC_REPRESENTATION_CONTEXT() REPRESENTATION_CONTEXT('2D SPACE',''
  ) );
#650 = ORIENTED_EDGE('',*,*,#183,.F.);
#651 = ORIENTED_EDGE('',*,*,#628,.F.);
#652 = ORIENTED_EDGE('',*,*,#653,.T.);
#653 = EDGE_CURVE('',#629,#654,#656,.T.);
#654 = VERTEX_POINT('',#655);
#655 = CARTESIAN_POINT('',(-0.129145145557,-2.556212697485E-04,
    0.512467278918));
#656 = SURFACE_CURVE('',#657,(#709,#764),.PCURVE_S1.);
#657 = B_SPLINE_CURVE_WITH_KNOTS('',8,(#658,#659,#660,#661,#662,#663,
    #664,#665,#666,#667,#668,#669,#670,#671,#672,#673,#674,#675,#676,
    #677,#678,#679,#680,#681,#682,#683,#684,#685,#686,#687,#688,#689,
    #690,#691,#692,#693,#694,#695,#696,#697,#698,#699,#700,#701,#702,
    #703,#704,#705,#706,#707,#708),.UNSPECIFIED.,.F.,.F.,(9,7,7,7,7,7,7,
    9),(0.,0.665970868986,0.992255031172,0.992976303532,0.993377795421,
    0.993756982586,0.994582274269,1.),.UNSPECIFIED.);
#658 = CARTESIAN_POINT('',(-4.88230331754E-03,0.125911054742,
    0.565249849698));
#659 = CARTESIAN_POINT('',(-2.052584817749E-02,0.12591021835,
    0.56466993915));
#660 = CARTESIAN_POINT('',(-3.571290000075E-02,0.123656544423,
    0.562629597107));
#661 = CARTESIAN_POINT('',(-5.05596226492E-02,0.119377695182,
    0.559254646903));
#662 = CARTESIAN_POINT('',(-6.496075124543E-02,0.112985609479,
    0.55455860761));
#663 = CARTESIAN_POINT('',(-7.86224671674E-02,0.10441252988,
    0.548626609458));
#664 = CARTESIAN_POINT('',(-9.104997473629E-02,9.369542479323E-02,
    0.541766648457));
#665 = CARTESIAN_POINT('',(-0.101804466195,8.113228173889E-02,
    0.534688944696));
#666 = CARTESIAN_POINT('',(-0.114822365534,6.010373487132E-02,
    0.525042036934));
#667 = CARTESIAN_POINT('',(-0.11871593786,5.266023982669E-02,
    0.521942902777));
#668 = CARTESIAN_POINT('',(-0.122091321584,4.477568778944E-02,
    0.519062526264));
#669 = CARTESIAN_POINT('',(-0.124866447765,3.654097252907E-02,
    0.516550993249));
#670 = CARTESIAN_POINT('',(-0.126991805251,2.803551399642E-02,
    0.514544244867));
#671 = CARTESIAN_POINT('',(-0.128435486782,1.932123645149E-02,
    0.513150652613));
#672 = CARTESIAN_POINT('',(-0.129169727187,1.044529124892E-02,
    0.512442709079));
#673 = CARTESIAN_POINT('',(-0.129158909841,1.431642974261E-03,
    0.512453858954));
#674 = CARTESIAN_POINT('',(-0.129158882342,1.411761676289E-03,
    0.51245388706));
#675 = CARTESIAN_POINT('',(-0.129158851205,1.391880388534E-03,
    0.51245391868));
#676 = CARTESIAN_POINT('',(-0.129158816428,1.371999112407E-03,
    0.512453953812));
#677 = CARTESIAN_POINT('',(-0.129158778013,1.352117849319E-03,
    0.512453992458));
#678 = CARTESIAN_POINT('',(-0.129158735958,1.332236600684E-03,
    0.512454034618));
#679 = CARTESIAN_POINT('',(-0.129158690265,1.312355367915E-03,
    0.51245408029));
#680 = CARTESIAN_POINT('',(-0.129158613472,1.281407394308E-03,
    0.512454156855));
#681 = CARTESIAN_POINT('',(-0.129158584883,1.270340641542E-03,
    0.512454185322));
#682 = CARTESIAN_POINT('',(-0.129158555168,1.259273894373E-03,
    0.512454214878));
#683 = CARTESIAN_POINT('',(-0.129158524324,1.248207153047E-03,
    0.512454245523));
#684 = CARTESIAN_POINT('',(-0.129158492354,1.237140417806E-03,
    0.512454277256));
#685 = CARTESIAN_POINT('',(-0.129158459255,1.226073688895E-03,
    0.512454310078));
#686 = CARTESIAN_POINT('',(-0.12915842503,1.215006966558E-03,
    0.512454343988));
#687 = CARTESIAN_POINT('',(-0.129158356287,1.193488342523E-03,
    0.512454412042));
#688 = CARTESIAN_POINT('',(-0.129158321892,1.183036440088E-03,
    0.512454446067));
#689 = CARTESIAN_POINT('',(-0.129158286491,1.172584543939E-03,
    0.512454481064));
#690 = CARTESIAN_POINT('',(-0.129158250085,1.162132654282E-03,
    0.512454517031));
#691 = CARTESIAN_POINT('',(-0.129158212672,1.151680771322E-03,
    0.51245455397));
#692 = CARTESIAN_POINT('',(-0.129158174254,1.141228895265E-03,
    0.512454591879));
#693 = CARTESIAN_POINT('',(-0.129158134831,1.130777026315E-03,
    0.512454630759));
#694 = CARTESIAN_POINT('',(-0.129158006408,1.097576940907E-03,
    0.512454757346));
#695 = CARTESIAN_POINT('',(-0.12915791365,1.074828751779E-03,
    0.512454848681));
#696 = CARTESIAN_POINT('',(-0.129157816128,1.05208059941E-03,
    0.512454944615));
#697 = CARTESIAN_POINT('',(-0.129157713842,1.029332485916E-03,
    0.512455045149));
#698 = CARTESIAN_POINT('',(-0.129157606791,1.006584413414E-03,
    0.512455150282));
#699 = CARTESIAN_POINT('',(-0.129157494977,9.838363840228E-04,
    0.512455260014));
#700 = CARTESIAN_POINT('',(-0.129157378399,9.610883998581E-04,
    0.512455374346));
#701 = CARTESIAN_POINT('',(-0.12915646049,7.890089173986E-04,
    0.512456274012));
#702 = CARTESIAN_POINT('',(-0.12915545862,6.396794119519E-04,
    0.512457252948));
#703 = CARTESIAN_POINT('',(-0.129154251453,4.903525456881E-04,
    0.512458430072));
#704 = CARTESIAN_POINT('',(-0.129152838999,3.410289174188E-04,
    0.512459805364));
#705 = CARTESIAN_POINT('',(-0.129151221269,1.917091257765E-04,
    0.512461378799));
#706 = CARTESIAN_POINT('',(-0.129149398278,4.239376921445E-05,
    0.512463150347));
#707 = CARTESIAN_POINT('',(-0.129147370043,-1.069165539932E-04,
    0.512465119971));
#708 = CARTESIAN_POINT('',(-0.129145136583,-2.562212457513E-04,
    0.512467287627));
#709 = PCURVE('',#204,#710);
#710 = DEFINITIONAL_REPRESENTATION('',(#711),#763);
#711 = B_SPLINE_CURVE_WITH_KNOTS('',8,(#712,#713,#714,#715,#716,#717,
    #718,#719,#720,#721,#722,#723,#724,#725,#726,#727,#728,#729,#730,
    #731,#732,#733,#734,#735,#736,#737,#738,#739,#740,#741,#742,#743,
    #744,#745,#746,#747,#748,#749,#750,#751,#752,#753,#754,#755,#756,
    #757,#758,#759,#760,#761,#762),.UNSPECIFIED.,.F.,.F.,(9,7,7,7,7,7,7,
    9),(0.,0.665970868986,0.992255031172,0.992976303532,0.993377795421,
    0.993756982586,0.994582274269,1.),.UNSPECIFIED.);
#712 = CARTESIAN_POINT('',(0.,0.605253489183));
#713 = CARTESIAN_POINT('',(0.125916065655,0.604661016337));
#714 = CARTESIAN_POINT('',(0.248151967719,0.602605231344));
#715 = CARTESIAN_POINT('',(0.370655994403,0.599212192435));
#716 = CARTESIAN_POINT('',(0.494995417724,0.594495376185));
#717 = CARTESIAN_POINT('',(0.621948498683,0.588540050923));
#718 = CARTESIAN_POINT('',(0.75146771531,0.581654662881));
#719 = CARTESIAN_POINT('',(0.882925066097,0.574550213327));
#720 = CARTESIAN_POINT('',(1.081871431933,0.564862536303));
#721 = CARTESIAN_POINT('',(1.149269064489,0.561749544238));
#722 = CARTESIAN_POINT('',(1.217922085267,0.558855089503));
#723 = CARTESIAN_POINT('',(1.287392785106,0.556329454743));
#724 = CARTESIAN_POINT('',(1.357480304738,0.554308735212));
#725 = CARTESIAN_POINT('',(1.428173238944,0.552901417189));
#726 = CARTESIAN_POINT('',(1.499602808108,0.55218008347));
#727 = CARTESIAN_POINT('',(1.572156628381,0.552178241861));
#728 = CARTESIAN_POINT('',(1.572316659565,0.552178241315));
#729 = CARTESIAN_POINT('',(1.572476690749,0.552178244285));
#730 = CARTESIAN_POINT('',(1.572636721927,0.552178250771));
#731 = CARTESIAN_POINT('',(1.572796753096,0.552178260774));
#732 = CARTESIAN_POINT('',(1.572956784248,0.552178274293));
#733 = CARTESIAN_POINT('',(1.573116815381,0.552178291328));
#734 = CARTESIAN_POINT('',(1.573365926833,0.552178323319));
#735 = CARTESIAN_POINT('',(1.573455007171,0.552178335848));
#736 = CARTESIAN_POINT('',(1.573544087499,0.552178349466));
#737 = CARTESIAN_POINT('',(1.573633167819,0.552178364174));
#738 = CARTESIAN_POINT('',(1.573722248127,0.552178379972));
#739 = CARTESIAN_POINT('',(1.573811328424,0.552178396859));
#740 = CARTESIAN_POINT('',(1.573900408709,0.552178414835));
#741 = CARTESIAN_POINT('',(1.574073620432,0.552178451908));
#742 = CARTESIAN_POINT('',(1.574157751872,0.552178470887));
#743 = CARTESIAN_POINT('',(1.5742418833,0.552178490837));
#744 = CARTESIAN_POINT('',(1.574326014714,0.552178511759));
#745 = CARTESIAN_POINT('',(1.574410146114,0.552178533653));
#746 = CARTESIAN_POINT('',(1.5744942775,0.552178556519));
#747 = CARTESIAN_POINT('',(1.57457840887,0.552178580356));
#748 = CARTESIAN_POINT('',(1.574845650077,0.552178659162));
#749 = CARTESIAN_POINT('',(1.575028759853,0.552178717762));
#750 = CARTESIAN_POINT('',(1.575211869545,0.552178780966));
#751 = CARTESIAN_POINT('',(1.575394979143,0.552178848772));
#752 = CARTESIAN_POINT('',(1.575578088642,0.552178921182));
#753 = CARTESIAN_POINT('',(1.575761198032,0.552178998195));
#754 = CARTESIAN_POINT('',(1.575944307307,0.552179079811));
#755 = CARTESIAN_POINT('',(1.577329458331,0.552179732028));
#756 = CARTESIAN_POINT('',(1.578531494886,0.552180496393));
#757 = CARTESIAN_POINT('',(1.579733523947,0.552181459114));
#758 = CARTESIAN_POINT('',(1.580935543342,0.552182620173));
#759 = CARTESIAN_POINT('',(1.582137550896,0.552183979545));
#760 = CARTESIAN_POINT('',(1.583339544438,0.552185537201));
#761 = CARTESIAN_POINT('',(1.584541521796,0.552187293104));
#762 = CARTESIAN_POINT('',(1.5857434808,0.552189247213));
#763 = ( GEOMETRIC_REPRESENTATION_CONTEXT(2) 
PARAMETRIC_REPRESENTATION_CONTEXT() REPRESENTATION_CONTEXT('2D SPACE',''
  ) );
#764 = PCURVE('',#474,#765);
#765 = DEFINITIONAL_REPRESENTATION('',(#766),#818);
#766 = B_SPLINE_CURVE_WITH_KNOTS('',8,(#767,#768,#769,#770,#771,#772,
    #773,#774,#775,#776,#777,#778,#779,#780,#781,#782,#783,#784,#785,
    #786,#787,#788,#789,#790,#791,#792,#793,#794,#795,#796,#797,#798,
    #799,#800,#801,#802,#803,#804,#805,#806,#807,#808,#809,#810,#811,
    #812,#813,#814,#815,#816,#817),.UNSPECIFIED.,.F.,.F.,(9,7,7,7,7,7,7,
    9),(0.,0.665970868986,0.992255031172,0.992976303532,0.993377795421,
    0.993756982586,0.994582274269,1.),.UNSPECIFIED.);
#767 = CARTESIAN_POINT('',(3.178646039652,0.445798962825));
#768 = CARTESIAN_POINT('',(3.261353016812,0.445776881758));
#769 = CARTESIAN_POINT('',(3.341953990934,0.448006173322));
#770 = CARTESIAN_POINT('',(3.421890608553,0.452259193115));
#771 = CARTESIAN_POINT('',(3.501313415566,0.458624170177));
#772 = CARTESIAN_POINT('',(3.579374691933,0.467169399228));
#773 = CARTESIAN_POINT('',(3.654102466173,0.477859054233));
#774 = CARTESIAN_POINT('',(3.722148774714,0.490396791207));
#775 = CARTESIAN_POINT('',(3.807974611628,0.511393017261));
#776 = CARTESIAN_POINT('',(3.834328556927,0.518826534883));
#777 = CARTESIAN_POINT('',(3.857837697742,0.526702155312));
#778 = CARTESIAN_POINT('',(3.877688102803,0.534929317103));
#779 = CARTESIAN_POINT('',(3.893219532553,0.543428866265));
#780 = CARTESIAN_POINT('',(3.903916409114,0.552139079882));
#781 = CARTESIAN_POINT('',(3.909398691734,0.561012950358));
#782 = CARTESIAN_POINT('',(3.909412688598,0.570026611631));
#783 = CARTESIAN_POINT('',(3.909412692747,0.570046492967));
#784 = CARTESIAN_POINT('',(3.909412670172,0.570066374304));
#785 = CARTESIAN_POINT('',(3.909412620872,0.57008625564));
#786 = CARTESIAN_POINT('',(3.909412544849,0.570106136972));
#787 = CARTESIAN_POINT('',(3.909412442102,0.5701260183));
#788 = CARTESIAN_POINT('',(3.90941231263,0.570145899623));
#789 = CARTESIAN_POINT('',(3.90941206949,0.570176847752));
#790 = CARTESIAN_POINT('',(3.909411974264,0.570187914564));
#791 = CARTESIAN_POINT('',(3.909411870758,0.570198981373));
#792 = CARTESIAN_POINT('',(3.909411758972,0.57021004818));
#793 = CARTESIAN_POINT('',(3.909411638905,0.570221114983));
#794 = CARTESIAN_POINT('',(3.909411510557,0.570232181784));
#795 = CARTESIAN_POINT('',(3.90941137393,0.570243248581));
#796 = CARTESIAN_POINT('',(3.909411092163,0.570264767356));
#797 = CARTESIAN_POINT('',(3.90941094792,0.570275219335));
#798 = CARTESIAN_POINT('',(3.90941079629,0.57028567131));
#799 = CARTESIAN_POINT('',(3.909410637274,0.570296123282));
#800 = CARTESIAN_POINT('',(3.909410470872,0.57030657525));
#801 = CARTESIAN_POINT('',(3.909410297085,0.570317027213));
#802 = CARTESIAN_POINT('',(3.909410115912,0.570327479173));
#803 = CARTESIAN_POINT('',(3.909409516958,0.570360679554));
#804 = CARTESIAN_POINT('',(3.909409071576,0.57038342796));
#805 = CARTESIAN_POINT('',(3.909408591207,0.570406176342));
#806 = CARTESIAN_POINT('',(3.909408075851,0.570428924698));
#807 = CARTESIAN_POINT('',(3.909407525509,0.570451673027));
#808 = CARTESIAN_POINT('',(3.909406940179,0.570474421326));
#809 = CARTESIAN_POINT('',(3.909406319864,0.570497169593));
#810 = CARTESIAN_POINT('',(3.909401362759,0.570669251318));
#811 = CARTESIAN_POINT('',(3.909395553257,0.570818583344));
#812 = CARTESIAN_POINT('',(3.909388236124,0.570967913307));
#813 = CARTESIAN_POINT('',(3.909379411457,0.571117240607));
#814 = CARTESIAN_POINT('',(3.909369079387,0.571266564646));
#815 = CARTESIAN_POINT('',(3.909357240075,0.571415884825));
#816 = CARTESIAN_POINT('',(3.909343893717,0.571565200546));
#817 = CARTESIAN_POINT('',(3.909329040538,0.571714511211));
#818 = ( GEOMETRIC_REPRESENTATION_CONTEXT(2) 
PARAMETRIC_REPRESENTATION_CONTEXT() REPRESENTATION_CONTEXT('2D SPACE',''
  ) );
#819 = ORIENTED_EDGE('',*,*,#820,.F.);
#820 = EDGE_CURVE('',#821,#654,#823,.T.);
#821 = VERTEX_POINT('',#822);
#822 = CARTESIAN_POINT('',(-0.129363682515,-6.481335885139E-04,
    0.240319513068));
#823 = SURFACE_CURVE('',#824,(#828,#834),.PCURVE_S1.);
#824 = LINE('',#825,#826);
#825 = CARTESIAN_POINT('',(-0.129588557582,-1.052029730993E-03,
    -3.972120809149E-02));
#826 = VECTOR('',#827,1.);
#827 = DIRECTION('',(8.030073639073E-04,1.442274503874E-03,
    0.999998637511));
#828 = PCURVE('',#204,#829);
#829 = DEFINITIONAL_REPRESENTATION('',(#830),#833);
#830 = B_SPLINE_CURVE_WITH_KNOTS('',1,(#831,#832),.UNSPECIFIED.,.F.,.F.,
  (2,2),(0.18888074053,0.643138311321),.PIECEWISE_BEZIER_KNOTS.);
#831 = CARTESIAN_POINT('',(1.585738650768,0.18888074053));
#832 = CARTESIAN_POINT('',(1.585738650768,0.643138311321));
#833 = ( GEOMETRIC_REPRESENTATION_CONTEXT(2) 
PARAMETRIC_REPRESENTATION_CONTEXT() REPRESENTATION_CONTEXT('2D SPACE',''
  ) );
#834 = PCURVE('',#835,#840);
#835 = PLANE('',#836);
#836 = AXIS2_PLACEMENT_3D('',#837,#838,#839);
#837 = CARTESIAN_POINT('',(2.30706075871E-03,-2.663234250547E-04,
    0.376287483396));
#838 = DIRECTION('',(1.411555029364E-03,-0.999997965312,
    1.441140043749E-03));
#839 = DIRECTION('',(4.235164736272E-22,-1.441141479478E-03,
    -0.999998961555));
#840 = DEFINITIONAL_REPRESENTATION('',(#841),#844);
#841 = B_SPLINE_CURVE_WITH_KNOTS('',1,(#842,#843),.UNSPECIFIED.,.F.,.F.,
  (2,2),(0.18888074053,0.643138311321),.PIECEWISE_BEZIER_KNOTS.);
#842 = CARTESIAN_POINT('',(0.227128712166,-0.131744076965));
#843 = CARTESIAN_POINT('',(-0.227128712166,-0.131379304427));
#844 = ( GEOMETRIC_REPRESENTATION_CONTEXT(2) 
PARAMETRIC_REPRESENTATION_CONTEXT() REPRESENTATION_CONTEXT('2D SPACE',''
  ) );
#845 = ORIENTED_EDGE('',*,*,#846,.F.);
#846 = EDGE_CURVE('',#847,#821,#849,.T.);
#847 = VERTEX_POINT('',#848);
#848 = CARTESIAN_POINT('',(-5.186062242076E-03,0.125365475994,
    0.186973728804));
#849 = SURFACE_CURVE('',#850,(#909,#971),.PCURVE_S1.);
#850 = B_SPLINE_CURVE_WITH_KNOTS('',8,(#851,#852,#853,#854,#855,#856,
    #857,#858,#859,#860,#861,#862,#863,#864,#865,#866,#867,#868,#869,
    #870,#871,#872,#873,#874,#875,#876,#877,#878,#879,#880,#881,#882,
    #883,#884,#885,#886,#887,#888,#889,#890,#891,#892,#893,#894,#895,
    #896,#897,#898,#899,#900,#901,#902,#903,#904,#905,#906,#907,#908),
  .UNSPECIFIED.,.F.,.F.,(9,7,7,7,7,7,7,7,9),(0.,0.6659698472,
    0.992210369228,0.992931646911,0.993533888785,0.994046910477,
    0.994693765583,0.995630600016,1.),.UNSPECIFIED.);
#851 = CARTESIAN_POINT('',(-5.186062242076E-03,0.125365475994,
    0.186973728804));
#852 = CARTESIAN_POINT('',(-2.082865558188E-02,0.125366348619,
    0.187578762333));
#853 = CARTESIAN_POINT('',(-3.601240578435E-02,0.123118604705,
    0.189649984676));
#854 = CARTESIAN_POINT('',(-5.085367916215E-02,0.11884954285,
    0.193061103043));
#855 = CARTESIAN_POINT('',(-6.524723248177E-02,0.112471063035,
    0.197798683395));
#856 = CARTESIAN_POINT('',(-7.889938406417E-02,0.103915161863,
    0.20377731954));
#857 = CARTESIAN_POINT('',(-9.131583359824E-02,9.321791801616E-02,
    0.21068811586));
#858 = CARTESIAN_POINT('',(-0.102058915206,8.067526809496E-02,
    0.217819291849));
#859 = CARTESIAN_POINT('',(-0.115060690699,5.967557883561E-02,
    0.22754728878));
#860 = CARTESIAN_POINT('',(-0.118948769416,5.224216607208E-02,
    0.230673703345));
#861 = CARTESIAN_POINT('',(-0.122319165286,4.436720087761E-02,
    0.233581872674));
#862 = CARTESIAN_POINT('',(-0.125090091241,3.614108604934E-02,
    0.236121393871));
#863 = CARTESIAN_POINT('',(-0.127212269821,2.764280195386E-02,
    0.238156077265));
#864 = CARTESIAN_POINT('',(-0.128653971264,1.893392727594E-02,
    0.239577353859));
#865 = CARTESIAN_POINT('',(-0.129387547839,1.006138033307E-02,
    0.240312551365));
#866 = CARTESIAN_POINT('',(-0.12937744213,1.048999645305E-03,
    0.240328073034));
#867 = CARTESIAN_POINT('',(-0.129377416203,1.029118332956E-03,
    0.240328103755));
#868 = CARTESIAN_POINT('',(-0.129377386643,1.009237020157E-03,
    0.240328130958));
#869 = CARTESIAN_POINT('',(-0.12937735345,9.893557083186E-04,
    0.240328154642));
#870 = CARTESIAN_POINT('',(-0.129377316624,9.694743988543E-04,
    0.240328174806));
#871 = CARTESIAN_POINT('',(-0.129377276164,9.495930931766E-04,
    0.240328191451));
#872 = CARTESIAN_POINT('',(-0.129377232071,9.297117926985E-04,
    0.240328204578));
#873 = CARTESIAN_POINT('',(-0.129377144494,8.932303073173E-04,
    0.240328222207));
#874 = CARTESIAN_POINT('',(-0.129377102111,8.766301204117E-04,
    0.240328227775));
#875 = CARTESIAN_POINT('',(-0.129377057195,8.600299389395E-04,
    0.24032823089));
#876 = CARTESIAN_POINT('',(-0.129377009746,8.434297637238E-04,
    0.240328231551));
#877 = CARTESIAN_POINT('',(-0.129376959764,8.268295955873E-04,
    0.240328229759));
#878 = CARTESIAN_POINT('',(-0.129376907249,8.102294353529E-04,
    0.240328225514));
#879 = CARTESIAN_POINT('',(-0.129376852201,7.936292838429E-04,
    0.240328218816));
#880 = CARTESIAN_POINT('',(-0.129376745569,7.628882571369E-04,
    0.240328201867));
#881 = CARTESIAN_POINT('',(-0.129376694681,7.487473793218E-04,
    0.240328192291));
#882 = CARTESIAN_POINT('',(-0.129376641954,7.346065089434E-04,
    0.240328180934));
#883 = CARTESIAN_POINT('',(-0.129376587389,7.204656465102E-04,
    0.240328167797));
#884 = CARTESIAN_POINT('',(-0.129376530986,7.063247925309E-04,
    0.24032815288));
#885 = CARTESIAN_POINT('',(-0.129376472745,6.92183947514E-04,
    0.240328136183));
#886 = CARTESIAN_POINT('',(-0.129376412666,6.78043111968E-04,
    0.240328117705));
#887 = CARTESIAN_POINT('',(-0.129376272679,6.460725038415E-04,
    0.240328071904));
#888 = CARTESIAN_POINT('',(-0.129376191688,6.28242737147E-04,
    0.240328043531));
#889 = CARTESIAN_POINT('',(-0.129376107774,6.104129873374E-04,
    0.240328012328));
#890 = CARTESIAN_POINT('',(-0.129376020938,5.925832554321E-04,
    0.240327978294));
#891 = CARTESIAN_POINT('',(-0.12937593118,5.747535424505E-04,
    0.240327941431));
#892 = CARTESIAN_POINT('',(-0.129375838499,5.569238494121E-04,
    0.240327901737));
#893 = CARTESIAN_POINT('',(-0.129375742897,5.390941773361E-04,
    0.240327859213));
#894 = CARTESIAN_POINT('',(-0.12937550168,4.954420053678E-04,
    0.240327748173));
#895 = CARTESIAN_POINT('',(-0.129375352859,4.69619529602E-04,
    0.24032767655));
#896 = CARTESIAN_POINT('',(-0.129375197909,4.437971030412E-04,
    0.240327598992));
#897 = CARTESIAN_POINT('',(-0.129375036829,4.179747287815E-04,
    0.240327515497));
#898 = CARTESIAN_POINT('',(-0.12937486962,3.921524099196E-04,
    0.240327426066));
#899 = CARTESIAN_POINT('',(-0.129374696282,3.66330149552E-04,
    0.240327330699));
#900 = CARTESIAN_POINT('',(-0.129374516816,3.405079507754E-04,
    0.240327229395));
#901 = CARTESIAN_POINT('',(-0.1293734656,1.942512677711E-04,
    0.240326621993));
#902 = CARTESIAN_POINT('',(-0.129372466657,7.381812597417E-05,
    0.240325992707));
#903 = CARTESIAN_POINT('',(-0.129371334395,-4.66132945359E-05,
    0.240325234306));
#904 = CARTESIAN_POINT('',(-0.129370068821,-1.670426796661E-04,
    0.240324346802));
#905 = CARTESIAN_POINT('',(-0.129368669941,-2.874697153987E-04,
    0.240323330209));
#906 = CARTESIAN_POINT('',(-0.129367137763,-4.078940877913E-04,
    0.240322184544));
#907 = CARTESIAN_POINT('',(-0.129365472298,-5.283154829768E-04,
    0.240320909825));
#908 = CARTESIAN_POINT('',(-0.129363673554,-6.487335871636E-04,
    0.240319506075));
#909 = PCURVE('',#204,#910);
#910 = DEFINITIONAL_REPRESENTATION('',(#911),#970);
#911 = B_SPLINE_CURVE_WITH_KNOTS('',8,(#912,#913,#914,#915,#916,#917,
    #918,#919,#920,#921,#922,#923,#924,#925,#926,#927,#928,#929,#930,
    #931,#932,#933,#934,#935,#936,#937,#938,#939,#940,#941,#942,#943,
    #944,#945,#946,#947,#948,#949,#950,#951,#952,#953,#954,#955,#956,
    #957,#958,#959,#960,#961,#962,#963,#964,#965,#966,#967,#968,#969),
  .UNSPECIFIED.,.F.,.F.,(9,7,7,7,7,7,7,7,9),(0.,0.6659698472,
    0.992210369228,0.992931646911,0.993533888785,0.994046910477,
    0.994693765583,0.995630600016,1.),.UNSPECIFIED.);
#912 = CARTESIAN_POINT('',(0.,0.226976852892));
#913 = CARTESIAN_POINT('',(0.125916065655,0.227569325737));
#914 = CARTESIAN_POINT('',(0.24815196772,0.229625110731));
#915 = CARTESIAN_POINT('',(0.370655994404,0.23301814964));
#916 = CARTESIAN_POINT('',(0.49499541772,0.237734965889));
#917 = CARTESIAN_POINT('',(0.621948498685,0.243690291151));
#918 = CARTESIAN_POINT('',(0.751467715311,0.250575679193));
#919 = CARTESIAN_POINT('',(0.882925066096,0.257680128748));
#920 = CARTESIAN_POINT('',(1.081862782475,0.267367384587));
#921 = CARTESIAN_POINT('',(1.149250770781,0.270479951715));
#922 = CARTESIAN_POINT('',(1.217893705809,0.273374052767));
#923 = CARTESIAN_POINT('',(1.287354201744,0.275899481114));
#924 = CARTESIAN_POINT('',(1.357431542844,0.277920200752));
#925 = CARTESIAN_POINT('',(1.428114343827,0.279327757125));
#926 = CARTESIAN_POINT('',(1.499533783785,0.280049567914));
#927 = CARTESIAN_POINT('',(1.572077444939,0.280052099349));
#928 = CARTESIAN_POINT('',(1.572237476251,0.280052101418));
#929 = CARTESIAN_POINT('',(1.572397507566,0.28005209997));
#930 = CARTESIAN_POINT('',(1.572557538878,0.280052095006));
#931 = CARTESIAN_POINT('',(1.572717570181,0.280052086525));
#932 = CARTESIAN_POINT('',(1.57287760147,0.280052074529));
#933 = CARTESIAN_POINT('',(1.573037632741,0.280052059016));
#934 = CARTESIAN_POINT('',(1.573331284534,0.280052024099));
#935 = CARTESIAN_POINT('',(1.573464905064,0.280052005759));
#936 = CARTESIAN_POINT('',(1.573598525574,0.280051984968));
#937 = CARTESIAN_POINT('',(1.573732146062,0.280051961726));
#938 = CARTESIAN_POINT('',(1.573865766524,0.280051936032));
#939 = CARTESIAN_POINT('',(1.573999386958,0.280051907887));
#940 = CARTESIAN_POINT('',(1.57413300736,0.280051877291));
#941 = CARTESIAN_POINT('',(1.57438045267,0.280051816091));
#942 = CARTESIAN_POINT('',(1.574494277588,0.280051786161));
#943 = CARTESIAN_POINT('',(1.57460810248,0.280051754451));
#944 = CARTESIAN_POINT('',(1.574721927342,0.280051720963));
#945 = CARTESIAN_POINT('',(1.574835752174,0.280051685696));
#946 = CARTESIAN_POINT('',(1.574949576974,0.280051648651));
#947 = CARTESIAN_POINT('',(1.575063401739,0.280051609826));
#948 = CARTESIAN_POINT('',(1.575320744975,0.280051518027));
#949 = CARTESIAN_POINT('',(1.575464263424,0.280051464004));
#950 = CARTESIAN_POINT('',(1.575607781812,0.280051407153));
#951 = CARTESIAN_POINT('',(1.575751300135,0.280051347474));
#952 = CARTESIAN_POINT('',(1.57589481839,0.280051284967));
#953 = CARTESIAN_POINT('',(1.576038336573,0.280051219632));
#954 = CARTESIAN_POINT('',(1.576181854679,0.28005115147));
#955 = CARTESIAN_POINT('',(1.576533228574,0.280050977665));
#956 = CARTESIAN_POINT('',(1.576741084274,0.280050868919));
#957 = CARTESIAN_POINT('',(1.576948939797,0.280050754242));
#958 = CARTESIAN_POINT('',(1.577156795129,0.280050633633));
#959 = CARTESIAN_POINT('',(1.577364650261,0.280050507094));
#960 = CARTESIAN_POINT('',(1.577572505181,0.280050374623));
#961 = CARTESIAN_POINT('',(1.577780359878,0.280050236222));
#962 = CARTESIAN_POINT('',(1.578957648482,0.280049418722));
#963 = CARTESIAN_POINT('',(1.579927077522,0.280048616541));
#964 = CARTESIAN_POINT('',(1.580896500321,0.280047685355));
#965 = CARTESIAN_POINT('',(1.581865915738,0.280046625176));
#966 = CARTESIAN_POINT('',(1.582835322633,0.280045436019));
#967 = CARTESIAN_POINT('',(1.583804719868,0.280044117901));
#968 = CARTESIAN_POINT('',(1.584774106303,0.280042670841));
#969 = CARTESIAN_POINT('',(1.5857434808,0.280041094862));
#970 = ( GEOMETRIC_REPRESENTATION_CONTEXT(2) 
PARAMETRIC_REPRESENTATION_CONTEXT() REPRESENTATION_CONTEXT('2D SPACE',''
  ) );
#971 = PCURVE('',#474,#972);
#972 = DEFINITIONAL_REPRESENTATION('',(#973),#1032);
#973 = B_SPLINE_CURVE_WITH_KNOTS('',8,(#974,#975,#976,#977,#978,#979,
    #980,#981,#982,#983,#984,#985,#986,#987,#988,#989,#990,#991,#992,
    #993,#994,#995,#996,#997,#998,#999,#1000,#1001,#1002,#1003,#1004,
    #1005,#1006,#1007,#1008,#1009,#1010,#1011,#1012,#1013,#1014,#1015,
    #1016,#1017,#1018,#1019,#1020,#1021,#1022,#1023,#1024,#1025,#1026,
    #1027,#1028,#1029,#1030,#1031),.UNSPECIFIED.,.F.,.F.,(9,7,7,7,7,7,7,
    7,9),(0.,0.6659698472,0.992210369228,0.992931646911,0.993533888785,
    0.994046910477,0.994693765583,0.995630600016,1.),.UNSPECIFIED.);
#974 = CARTESIAN_POINT('',(6.244525904617,0.445798962825));
#975 = CARTESIAN_POINT('',(6.161818927457,0.445776881758));
#976 = CARTESIAN_POINT('',(6.081217953334,0.448006173322));
#977 = CARTESIAN_POINT('',(6.001281335715,0.452259193116));
#978 = CARTESIAN_POINT('',(5.921858528706,0.458624170177));
#979 = CARTESIAN_POINT('',(5.843797252334,0.467169399228));
#980 = CARTESIAN_POINT('',(5.769069478096,0.477859054233));
#981 = CARTESIAN_POINT('',(5.701023169555,0.490396791207));
#982 = CARTESIAN_POINT('',(5.615201064033,0.511392104423));
#983 = CARTESIAN_POINT('',(5.588850559782,0.518824519426));
#984 = CARTESIAN_POINT('',(5.565343997998,0.526698902177));
#985 = CARTESIAN_POINT('',(5.545494893902,0.534924748759));
#986 = CARTESIAN_POINT('',(5.529963217272,0.543422952255));
#987 = CARTESIAN_POINT('',(5.519264410996,0.552131822431));
#988 = CARTESIAN_POINT('',(5.513778502018,0.56100437536));
#989 = CARTESIAN_POINT('',(5.513759262239,0.570016774344));
#990 = CARTESIAN_POINT('',(5.51375924652,0.570036655696));
#991 = CARTESIAN_POINT('',(5.513759257525,0.57005653705));
#992 = CARTESIAN_POINT('',(5.513759295254,0.570076418402));
#993 = CARTESIAN_POINT('',(5.513759359708,0.570096299752));
#994 = CARTESIAN_POINT('',(5.513759450885,0.570116181098));
#995 = CARTESIAN_POINT('',(5.513759568786,0.57013606244));
#996 = CARTESIAN_POINT('',(5.513759834169,0.570172544));
#997 = CARTESIAN_POINT('',(5.513759973557,0.570189144221));
#998 = CARTESIAN_POINT('',(5.513760131576,0.570205744436));
#999 = CARTESIAN_POINT('',(5.513760308227,0.570222344646));
#1000 = CARTESIAN_POINT('',(5.513760503508,0.570238944848));
#1001 = CARTESIAN_POINT('',(5.51376071742,0.570255545042));
#1002 = CARTESIAN_POINT('',(5.513760949963,0.570272145228));
#1003 = CARTESIAN_POINT('',(5.513761415101,0.570302886318));
#1004 = CARTESIAN_POINT('',(5.513761642584,0.570317027226));
#1005 = CARTESIAN_POINT('',(5.513761883587,0.570331168125));
#1006 = CARTESIAN_POINT('',(5.513762138109,0.570345309017));
#1007 = CARTESIAN_POINT('',(5.51376240615,0.5703594499));
#1008 = CARTESIAN_POINT('',(5.513762687711,0.570373590775));
#1009 = CARTESIAN_POINT('',(5.513762982791,0.57038773164));
#1010 = CARTESIAN_POINT('',(5.513763680496,0.570419702314));
#1011 = CARTESIAN_POINT('',(5.513764091094,0.570437532118));
#1012 = CARTESIAN_POINT('',(5.513764523185,0.570455361905));
#1013 = CARTESIAN_POINT('',(5.513764976769,0.570473191674));
#1014 = CARTESIAN_POINT('',(5.513765451845,0.570491021425));
#1015 = CARTESIAN_POINT('',(5.513765948415,0.570508851155));
#1016 = CARTESIAN_POINT('',(5.513766466477,0.570526680864));
#1017 = CARTESIAN_POINT('',(5.513767787463,0.570570333128));
#1018 = CARTESIAN_POINT('',(5.513768613976,0.570596155658));
#1019 = CARTESIAN_POINT('',(5.51376948557,0.570621978139));
#1020 = CARTESIAN_POINT('',(5.513770402245,0.570647800568));
#1021 = CARTESIAN_POINT('',(5.513771364,0.570673622941));
#1022 = CARTESIAN_POINT('',(5.513772370835,0.570699445256));
#1023 = CARTESIAN_POINT('',(5.51377342275,0.57072526751));
#1024 = CARTESIAN_POINT('',(5.513779636125,0.570871524504));
#1025 = CARTESIAN_POINT('',(5.513785733104,0.570991957904));
#1026 = CARTESIAN_POINT('',(5.51379281063,0.571112389585));
#1027 = CARTESIAN_POINT('',(5.513800868638,0.571232819232));
#1028 = CARTESIAN_POINT('',(5.513809907051,0.571353246532));
#1029 = CARTESIAN_POINT('',(5.513819925777,0.571473671171));
#1030 = CARTESIAN_POINT('',(5.51383092471,0.571594092835));
#1031 = CARTESIAN_POINT('',(5.513842903731,0.571714511211));
#1032 = ( GEOMETRIC_REPRESENTATION_CONTEXT(2) 
PARAMETRIC_REPRESENTATION_CONTEXT() REPRESENTATION_CONTEXT('2D SPACE',''
  ) );
#1033 = ORIENTED_EDGE('',*,*,#1034,.F.);
#1034 = EDGE_CURVE('',#598,#847,#1035,.T.);
#1035 = SEAM_CURVE('',#1036,(#1040,#1047),.PCURVE_S1.);
#1036 = LINE('',#1037,#1038);
#1037 = CARTESIAN_POINT('',(-5.368326326385E-03,0.125038113066,
    -4.000281483376E-02));
#1038 = VECTOR('',#1039,1.);
#1039 = DIRECTION('',(8.030073639073E-04,1.442274503874E-03,
    0.999998637511));
#1040 = PCURVE('',#204,#1041);
#1041 = DEFINITIONAL_REPRESENTATION('',(#1042),#1046);
#1042 = LINE('',#1043,#1044);
#1043 = CARTESIAN_POINT('',(6.28318530718,-0.));
#1044 = VECTOR('',#1045,1.);
#1045 = DIRECTION('',(0.,1.));
#1046 = ( GEOMETRIC_REPRESENTATION_CONTEXT(2) 
PARAMETRIC_REPRESENTATION_CONTEXT() REPRESENTATION_CONTEXT('2D SPACE',''
  ) );
#1047 = PCURVE('',#204,#1048);
#1048 = DEFINITIONAL_REPRESENTATION('',(#1049),#1053);
#1049 = LINE('',#1050,#1051);
#1050 = CARTESIAN_POINT('',(0.,-0.));
#1051 = VECTOR('',#1052,1.);
#1052 = DIRECTION('',(0.,1.));
#1053 = ( GEOMETRIC_REPRESENTATION_CONTEXT(2) 
PARAMETRIC_REPRESENTATION_CONTEXT() REPRESENTATION_CONTEXT('2D SPACE',''
  ) );
#1054 = ORIENTED_EDGE('',*,*,#597,.T.);
#1055 = ORIENTED_EDGE('',*,*,#1034,.T.);
#1056 = ORIENTED_EDGE('',*,*,#1057,.F.);
#1057 = EDGE_CURVE('',#1058,#847,#1060,.T.);
#1058 = VERTEX_POINT('',#1059);
#1059 = CARTESIAN_POINT('',(2.129643775756E-03,0.1251496807,
    0.186832617647));
#1060 = SURFACE_CURVE('',#1061,(#1067,#1076),.PCURVE_S1.);
#1061 = B_SPLINE_CURVE_WITH_KNOTS('',4,(#1062,#1063,#1064,#1065,#1066),
  .UNSPECIFIED.,.F.,.F.,(5,5),(0.,1.),.PIECEWISE_BEZIER_KNOTS.);
#1062 = CARTESIAN_POINT('',(2.129643775756E-03,0.1251496807,
    0.186832617647));
#1063 = CARTESIAN_POINT('',(3.020410610414E-04,0.125257490292,
    0.186832462278));
#1064 = CARTESIAN_POINT('',(-1.527045690482E-03,0.125329387551,
    0.18685588417));
#1065 = CARTESIAN_POINT('',(-3.356713506157E-03,0.125365373943,
    0.186902972166));
#1066 = CARTESIAN_POINT('',(-5.186062242076E-03,0.125365475994,
    0.186973728804));
#1067 = PCURVE('',#204,#1068);
#1068 = DEFINITIONAL_REPRESENTATION('',(#1069),#1075);
#1069 = B_SPLINE_CURVE_WITH_KNOTS('',4,(#1070,#1071,#1072,#1073,#1074),
  .UNSPECIFIED.,.F.,.F.,(5,5),(0.,1.),.PIECEWISE_BEZIER_KNOTS.);
#1070 = CARTESIAN_POINT('',(6.2242638865,0.226841305256));
#1071 = CARTESIAN_POINT('',(6.239000408954,0.2268398378));
#1072 = CARTESIAN_POINT('',(6.253731969553,0.226861894585));
#1073 = CARTESIAN_POINT('',(6.268459846347,0.226907565183));
#1074 = CARTESIAN_POINT('',(6.28318530718,0.226976852892));
#1075 = ( GEOMETRIC_REPRESENTATION_CONTEXT(2) 
PARAMETRIC_REPRESENTATION_CONTEXT() REPRESENTATION_CONTEXT('2D SPACE',''
  ) );
#1076 = PCURVE('',#474,#1077);
#1077 = DEFINITIONAL_REPRESENTATION('',(#1078),#1084);
#1078 = B_SPLINE_CURVE_WITH_KNOTS('',4,(#1079,#1080,#1081,#1082,#1083),
  .UNSPECIFIED.,.F.,.F.,(5,5),(0.,1.),.PIECEWISE_BEZIER_KNOTS.);
#1079 = CARTESIAN_POINT('',(6.28318530718,0.446024880841));
#1080 = CARTESIAN_POINT('',(6.273530259887,0.445914491482));
#1081 = CARTESIAN_POINT('',(6.263867104494,0.445840046267));
#1082 = CARTESIAN_POINT('',(6.254198207722,0.445801545132));
#1083 = CARTESIAN_POINT('',(6.244525904617,0.445798962825));
#1084 = ( GEOMETRIC_REPRESENTATION_CONTEXT(2) 
PARAMETRIC_REPRESENTATION_CONTEXT() REPRESENTATION_CONTEXT('2D SPACE',''
  ) );
#1085 = ORIENTED_EDGE('',*,*,#1086,.F.);
#1086 = EDGE_CURVE('',#1087,#1058,#1089,.T.);
#1087 = VERTEX_POINT('',#1088);
#1088 = CARTESIAN_POINT('',(0.119071248879,-3.161846985944E-04,
    0.227321912694));
#1089 = SURFACE_CURVE('',#1090,(#1170,#1253),.PCURVE_S1.);
#1090 = B_SPLINE_CURVE_WITH_KNOTS('',8,(#1091,#1092,#1093,#1094,#1095,
    #1096,#1097,#1098,#1099,#1100,#1101,#1102,#1103,#1104,#1105,#1106,
    #1107,#1108,#1109,#1110,#1111,#1112,#1113,#1114,#1115,#1116,#1117,
    #1118,#1119,#1120,#1121,#1122,#1123,#1124,#1125,#1126,#1127,#1128,
    #1129,#1130,#1131,#1132,#1133,#1134,#1135,#1136,#1137,#1138,#1139,
    #1140,#1141,#1142,#1143,#1144,#1145,#1146,#1147,#1148,#1149,#1150,
    #1151,#1152,#1153,#1154,#1155,#1156,#1157,#1158,#1159,#1160,#1161,
    #1162,#1163,#1164,#1165,#1166,#1167,#1168,#1169),.UNSPECIFIED.,.F.,
  .F.,(9,7,7,7,7,7,7,7,7,7,7,9),(0.,2.328198359788E-03,
    3.402729871754E-03,4.067910728534E-03,4.835422934869E-03,
    5.500597211483E-03,6.242519843417E-03,6.920240010871E-03,
    7.592166245864E-03,7.986053823066E-03,0.318269247714,1.),
  .UNSPECIFIED.);
#1091 = CARTESIAN_POINT('',(0.119071241601,-3.167847180221E-04,
    0.227321907189));
#1092 = CARTESIAN_POINT('',(0.119071980742,-2.558647461222E-04,
    0.227322466162));
#1093 = CARTESIAN_POINT('',(0.119072685724,-1.94944085181E-04,
    0.227322998368));
#1094 = CARTESIAN_POINT('',(0.119073356545,-1.340227726529E-04,
    0.227323503804));
#1095 = CARTESIAN_POINT('',(0.119073993204,-7.310084599668E-05,
    0.227323982469));
#1096 = CARTESIAN_POINT('',(0.119074595701,-1.217834267518E-05,
    0.22732443436));
#1097 = CARTESIAN_POINT('',(0.119075164033,4.874469984443E-05,
    0.227324859477));
#1098 = CARTESIAN_POINT('',(0.119075698202,1.096682440908E-04,
    0.227325257817));
#1099 = CARTESIAN_POINT('',(0.11907642897,1.987104611123E-04,
    0.227325800867));
#1100 = CARTESIAN_POINT('',(0.119076652459,2.268287685262E-04,
    0.22732596665));
#1101 = CARTESIAN_POINT('',(0.11907686867,2.549471711459E-04,
    0.227326126729));
#1102 = CARTESIAN_POINT('',(0.119077077603,2.830656652869E-04,
    0.227326281104));
#1103 = CARTESIAN_POINT('',(0.119077279259,3.111842472649E-04,
    0.227326429774));
#1104 = CARTESIAN_POINT('',(0.119077473636,3.393029133953E-04,
    0.22732657274));
#1105 = CARTESIAN_POINT('',(0.119077660736,3.674216599933E-04,
    0.227326710001));
#1106 = CARTESIAN_POINT('',(0.119077951876,4.12947234893E-04,
    0.227326922997));
#1107 = CARTESIAN_POINT('',(0.119078060404,4.303540158362E-04,
    0.22732700225));
#1108 = CARTESIAN_POINT('',(0.119078166144,4.477608253295E-04,
    0.227327079317));
#1109 = CARTESIAN_POINT('',(0.119078269094,4.651676624987E-04,
    0.227327154198));
#1110 = CARTESIAN_POINT('',(0.119078369255,4.825745264696E-04,
    0.227327226893));
#1111 = CARTESIAN_POINT('',(0.119078466628,4.99981416368E-04,
    0.227327297401));
#1112 = CARTESIAN_POINT('',(0.119078561211,5.173883313198E-04,
    0.227327365723));
#1113 = CARTESIAN_POINT('',(0.119078758921,5.548800911754E-04,
    0.227327508169));
#1114 = CARTESIAN_POINT('',(0.119078861124,5.749649440908E-04,
    0.227327581569));
#1115 = CARTESIAN_POINT('',(0.119078959613,5.950498278541E-04,
    0.227327652058));
#1116 = CARTESIAN_POINT('',(0.119079054389,6.151347411222E-04,
    0.227327719636));
#1117 = CARTESIAN_POINT('',(0.119079145452,6.352196825521E-04,
    0.227327784303));
#1118 = CARTESIAN_POINT('',(0.119079232802,6.553046508009E-04,
    0.227327846059));
#1119 = CARTESIAN_POINT('',(0.119079316438,6.753896445254E-04,
    0.227327904905));
#1120 = CARTESIAN_POINT('',(0.119079465628,7.128816001662E-04,
    0.227328009316));
#1121 = CARTESIAN_POINT('',(0.119079532105,7.302885560761E-04,
    0.227328055606));
#1122 = CARTESIAN_POINT('',(0.119079595793,7.476955292379E-04,
    0.22732809971));
#1123 = CARTESIAN_POINT('',(0.119079656692,7.651025187772E-04,
    0.227328141628));
#1124 = CARTESIAN_POINT('',(0.119079714802,7.825095238198E-04,
    0.227328181359));
#1125 = CARTESIAN_POINT('',(0.119079770122,7.999165434914E-04,
    0.227328218903));
#1126 = CARTESIAN_POINT('',(0.119079822654,8.173235769176E-04,
    0.227328254261));
#1127 = CARTESIAN_POINT('',(0.119079927878,8.541461088555E-04,
    0.227328324432));
#1128 = CARTESIAN_POINT('',(0.11907997989,8.735616105108E-04,
    0.227328358711));
#1129 = CARTESIAN_POINT('',(0.119080028432,8.92977126977E-04,
    0.22732839027));
#1130 = CARTESIAN_POINT('',(0.119080073504,9.123926570407E-04,
    0.227328419108));
#1131 = CARTESIAN_POINT('',(0.119080115107,9.318081994888E-04,
    0.227328445227));
#1132 = CARTESIAN_POINT('',(0.119080153239,9.512237531078E-04,
    0.227328468625));
#1133 = CARTESIAN_POINT('',(0.119080187901,9.706393166846E-04,
    0.227328489303));
#1134 = CARTESIAN_POINT('',(0.119080247587,1.007790329816E-03,
    0.227328523665));
#1135 = CARTESIAN_POINT('',(0.119080273185,1.025525777924E-03,
    0.227328537799));
#1136 = CARTESIAN_POINT('',(0.119080295887,1.043261232403E-03,
    0.227328549663));
#1137 = CARTESIAN_POINT('',(0.119080315694,1.060996692328E-03,
    0.227328559257));
#1138 = CARTESIAN_POINT('',(0.119080332606,1.078732156776E-03,
    0.227328566582));
#1139 = CARTESIAN_POINT('',(0.119080346622,1.096467624821E-03,
    0.227328571636));
#1140 = CARTESIAN_POINT('',(0.119080357743,1.114203095538E-03,
    0.227328574421));
#1141 = CARTESIAN_POINT('',(0.119080374123,1.149522417226E-03,
    0.227328575447));
#1142 = CARTESIAN_POINT('',(0.119080379432,1.167106268166E-03,
    0.227328573726));
#1143 = CARTESIAN_POINT('',(0.119080381895,1.184690119923E-03,
    0.227328569774));
#1144 = CARTESIAN_POINT('',(0.119080381512,1.202273971595E-03,
    0.227328563591));
#1145 = CARTESIAN_POINT('',(0.119080378282,1.219857822281E-03,
    0.227328555177));
#1146 = CARTESIAN_POINT('',(0.119080372207,1.23744167108E-03,
    0.227328544532));
#1147 = CARTESIAN_POINT('',(0.119080363285,1.25502551709E-03,
    0.227328531655));
#1148 = CARTESIAN_POINT('',(0.119080344619,1.282917123401E-03,
    0.227328507691));
#1149 = CARTESIAN_POINT('',(0.119080336743,1.293224886124E-03,
    0.227328498068));
#1150 = CARTESIAN_POINT('',(0.119080327888,1.303532647397E-03,
    0.227328487678));
#1151 = CARTESIAN_POINT('',(0.119080318056,1.313840407039E-03,
    0.227328476521));
#1152 = CARTESIAN_POINT('',(0.119080307246,1.324148164868E-03,
    0.227328464598));
#1153 = CARTESIAN_POINT('',(0.119080295457,1.334455920703E-03,
    0.227328451908));
#1154 = CARTESIAN_POINT('',(0.119080282691,1.344763674362E-03,
    0.227328438451));
#1155 = CARTESIAN_POINT('',(0.119069441741,9.474956847062E-03,
    0.227317219719));
#1156 = CARTESIAN_POINT('',(0.118451693204,1.753287096938E-02,
    0.22683031676));
#1157 = CARTESIAN_POINT('',(0.117243322652,2.548231721743E-02,
    0.225880136165));
#1158 = CARTESIAN_POINT('',(0.115462229879,3.327598270743E-02,
    0.224503604378));
#1159 = CARTESIAN_POINT('',(0.1131323378,4.086030226109E-02,
    0.222761185186));
#1160 = CARTESIAN_POINT('',(0.110289598671,4.817396191466E-02,
    0.220732685315));
#1161 = CARTESIAN_POINT('',(0.106989583908,5.515034192262E-02,
    0.21850983392));
#1162 = CARTESIAN_POINT('',(9.524678149127E-02,7.616682196225E-02,
    0.211079084129));
#1163 = CARTESIAN_POINT('',(8.514804961068E-02,8.907359878722E-02,
    0.205339199125));
#1164 = CARTESIAN_POINT('',(7.337344501941E-02,0.100198649226,
    0.199677252022));
#1165 = CARTESIAN_POINT('',(6.03201487973E-02,0.109296943873,
    0.19474004787));
#1166 = CARTESIAN_POINT('',(4.644341692491E-02,0.116297663952,
    0.190881104649));
#1167 = CARTESIAN_POINT('',(3.205879156861E-02,0.121257524788,
    0.188227931511));
#1168 = CARTESIAN_POINT('',(1.73027476437E-02,0.124254625042,
    0.18683390755));
#1169 = CARTESIAN_POINT('',(2.129643775756E-03,0.1251496807,
    0.186832617647));
#1170 = PCURVE('',#204,#1171);
#1171 = DEFINITIONAL_REPRESENTATION('',(#1172),#1252);
#1172 = B_SPLINE_CURVE_WITH_KNOTS('',8,(#1173,#1174,#1175,#1176,#1177,
    #1178,#1179,#1180,#1181,#1182,#1183,#1184,#1185,#1186,#1187,#1188,
    #1189,#1190,#1191,#1192,#1193,#1194,#1195,#1196,#1197,#1198,#1199,
    #1200,#1201,#1202,#1203,#1204,#1205,#1206,#1207,#1208,#1209,#1210,
    #1211,#1212,#1213,#1214,#1215,#1216,#1217,#1218,#1219,#1220,#1221,
    #1222,#1223,#1224,#1225,#1226,#1227,#1228,#1229,#1230,#1231,#1232,
    #1233,#1234,#1235,#1236,#1237,#1238,#1239,#1240,#1241,#1242,#1243,
    #1244,#1245,#1246,#1247,#1248,#1249,#1250,#1251),.UNSPECIFIED.,.F.,
  .F.,(9,7,7,7,7,7,7,7,7,7,7,9),(0.,2.328198359788E-03,
    3.402729871754E-03,4.067910728534E-03,4.835422934869E-03,
    5.500597211483E-03,6.242519843417E-03,6.920240010871E-03,
    7.592166245864E-03,7.986053823066E-03,0.318269247714,1.),
  .UNSPECIFIED.);
#1173 = CARTESIAN_POINT('',(4.700264938286,0.267243487513));
#1174 = CARTESIAN_POINT('',(4.700755331505,0.267244134942));
#1175 = CARTESIAN_POINT('',(4.70124572725,0.267244755577));
#1176 = CARTESIAN_POINT('',(4.701736125398,0.267245349416));
#1177 = CARTESIAN_POINT('',(4.702226525827,0.267245916458));
#1178 = CARTESIAN_POINT('',(4.702716928416,0.267246456699));
#1179 = CARTESIAN_POINT('',(4.703207333043,0.26724697014));
#1180 = CARTESIAN_POINT('',(4.703697739585,0.267247456777));
#1181 = CARTESIAN_POINT('',(4.704414485686,0.267248128836));
#1182 = CARTESIAN_POINT('',(4.704640823832,0.267248335352));
#1183 = CARTESIAN_POINT('',(4.704867162348,0.267248536159));
#1184 = CARTESIAN_POINT('',(4.705093501222,0.267248731256));
#1185 = CARTESIAN_POINT('',(4.705319840443,0.267248920643));
#1186 = CARTESIAN_POINT('',(4.705546179998,0.26724910432));
#1187 = CARTESIAN_POINT('',(4.705772519874,0.267249282286));
#1188 = CARTESIAN_POINT('',(4.706138974295,0.267249561176));
#1189 = CARTESIAN_POINT('',(4.706279088648,0.267249665621));
#1190 = CARTESIAN_POINT('',(4.706419203116,0.267249767878));
#1191 = CARTESIAN_POINT('',(4.706559317698,0.267249867947));
#1192 = CARTESIAN_POINT('',(4.70669943239,0.267249965828));
#1193 = CARTESIAN_POINT('',(4.70683954719,0.26725006152));
#1194 = CARTESIAN_POINT('',(4.706979662094,0.267250155023));
#1195 = CARTESIAN_POINT('',(4.707281447383,0.267250351701));
#1196 = CARTESIAN_POINT('',(4.707443117802,0.26725045415));
#1197 = CARTESIAN_POINT('',(4.707604788351,0.267250553686));
#1198 = CARTESIAN_POINT('',(4.707766459028,0.267250650308));
#1199 = CARTESIAN_POINT('',(4.707928129827,0.267250744016));
#1200 = CARTESIAN_POINT('',(4.708089800744,0.267250834811));
#1201 = CARTESIAN_POINT('',(4.708251471774,0.267250922692));
#1202 = CARTESIAN_POINT('',(4.708553257276,0.267251081296));
#1203 = CARTESIAN_POINT('',(4.708693371721,0.267251152746));
#1204 = CARTESIAN_POINT('',(4.708833486245,0.267251222006));
#1205 = CARTESIAN_POINT('',(4.708973600845,0.267251289078));
#1206 = CARTESIAN_POINT('',(4.709113715519,0.267251353961));
#1207 = CARTESIAN_POINT('',(4.709253830263,0.267251416656));
#1208 = CARTESIAN_POINT('',(4.709393945075,0.267251477162));
#1209 = CARTESIAN_POINT('',(4.7096903414,0.267251600525));
#1210 = CARTESIAN_POINT('',(4.709846622928,0.267251662848));
#1211 = CARTESIAN_POINT('',(4.710002904533,0.267251722448));
#1212 = CARTESIAN_POINT('',(4.710159186211,0.267251779326));
#1213 = CARTESIAN_POINT('',(4.710315467958,0.26725183348));
#1214 = CARTESIAN_POINT('',(4.71047174977,0.267251884911));
#1215 = CARTESIAN_POINT('',(4.710628031643,0.26725193362));
#1216 = CARTESIAN_POINT('',(4.710927071607,0.267252021611));
#1217 = CARTESIAN_POINT('',(4.711069829688,0.267252061345));
#1218 = CARTESIAN_POINT('',(4.711212587814,0.267252098807));
#1219 = CARTESIAN_POINT('',(4.711355345981,0.267252133997));
#1220 = CARTESIAN_POINT('',(4.711498104188,0.267252166914));
#1221 = CARTESIAN_POINT('',(4.71164086243,0.26725219756));
#1222 = CARTESIAN_POINT('',(4.711783620704,0.267252225933));
#1223 = CARTESIAN_POINT('',(4.71206791685,0.267252277912));
#1224 = CARTESIAN_POINT('',(4.712209454721,0.267252301556));
#1225 = CARTESIAN_POINT('',(4.712350992619,0.267252322967));
#1226 = CARTESIAN_POINT('',(4.712492530539,0.267252342144));
#1227 = CARTESIAN_POINT('',(4.71263406848,0.267252359088));
#1228 = CARTESIAN_POINT('',(4.712775606438,0.267252373799));
#1229 = CARTESIAN_POINT('',(4.712917144411,0.267252386276));
#1230 = CARTESIAN_POINT('',(4.713141652892,0.267252402524));
#1231 = CARTESIAN_POINT('',(4.713224623393,0.267252407761));
#1232 = CARTESIAN_POINT('',(4.713307593897,0.267252412231));
#1233 = CARTESIAN_POINT('',(4.713390564405,0.267252415933));
#1234 = CARTESIAN_POINT('',(4.713473534914,0.267252418867));
#1235 = CARTESIAN_POINT('',(4.713556505425,0.267252421035));
#1236 = CARTESIAN_POINT('',(4.713639475937,0.267252422434));
#1237 = CARTESIAN_POINT('',(4.779082099984,0.267252920983));
#1238 = CARTESIAN_POINT('',(4.843954627414,0.266777144355));
#1239 = CARTESIAN_POINT('',(4.908392560959,0.265837460007));
#1240 = CARTESIAN_POINT('',(4.972410005742,0.26447074047));
#1241 = CARTESIAN_POINT('',(5.035952111249,0.262737391403));
#1242 = CARTESIAN_POINT('',(5.098864003749,0.260717159859));
#1243 = CARTESIAN_POINT('',(5.160859179684,0.258501723412));
#1244 = CARTESIAN_POINT('',(5.354695009681,0.251091865722));
#1245 = CARTESIAN_POINT('',(5.485071600914,0.245362494298));
#1246 = CARTESIAN_POINT('',(5.613088204813,0.239707145192));
#1247 = CARTESIAN_POINT('',(5.73847737597,0.234772588111));
#1248 = CARTESIAN_POINT('',(5.861233531583,0.23091260399));
#1249 = CARTESIAN_POINT('',(5.981934043701,0.228255036988));
#1250 = CARTESIAN_POINT('',(6.101918486138,0.226853488356));
#1251 = CARTESIAN_POINT('',(6.2242638865,0.226841305256));
#1252 = ( GEOMETRIC_REPRESENTATION_CONTEXT(2) 
PARAMETRIC_REPRESENTATION_CONTEXT() REPRESENTATION_CONTEXT('2D SPACE',''
  ) );
#1253 = PCURVE('',#474,#1254);
#1254 = DEFINITIONAL_REPRESENTATION('',(#1255),#1335);
#1255 = B_SPLINE_CURVE_WITH_KNOTS('',8,(#1256,#1257,#1258,#1259,#1260,
    #1261,#1262,#1263,#1264,#1265,#1266,#1267,#1268,#1269,#1270,#1271,
    #1272,#1273,#1274,#1275,#1276,#1277,#1278,#1279,#1280,#1281,#1282,
    #1283,#1284,#1285,#1286,#1287,#1288,#1289,#1290,#1291,#1292,#1293,
    #1294,#1295,#1296,#1297,#1298,#1299,#1300,#1301,#1302,#1303,#1304,
    #1305,#1306,#1307,#1308,#1309,#1310,#1311,#1312,#1313,#1314,#1315,
    #1316,#1317,#1318,#1319,#1320,#1321,#1322,#1323,#1324,#1325,#1326,
    #1327,#1328,#1329,#1330,#1331,#1332,#1333,#1334),.UNSPECIFIED.,.F.,
  .F.,(9,7,7,7,7,7,7,7,7,7,7,9),(0.,2.328198359788E-03,
    3.402729871754E-03,4.067910728534E-03,4.835422934869E-03,
    5.500597211483E-03,6.242519843417E-03,6.920240010871E-03,
    7.592166245864E-03,7.986053823066E-03,0.318269247714,1.),
  .UNSPECIFIED.);
#1256 = CARTESIAN_POINT('',(0.664805921493,0.571714511211));
#1257 = CARTESIAN_POINT('',(0.664811460571,0.571653593212));
#1258 = CARTESIAN_POINT('',(0.664816770371,0.571592674437));
#1259 = CARTESIAN_POINT('',(0.66482185088,0.571531754923));
#1260 = CARTESIAN_POINT('',(0.664826702088,0.571470834709));
#1261 = CARTESIAN_POINT('',(0.664831323985,0.571409913832));
#1262 = CARTESIAN_POINT('',(0.664835716561,0.571348992328));
#1263 = CARTESIAN_POINT('',(0.664839879807,0.571288070236));
#1264 = CARTESIAN_POINT('',(0.664845629329,0.571199030014));
#1265 = CARTESIAN_POINT('',(0.664847396092,0.571170912318));
#1266 = CARTESIAN_POINT('',(0.664849114003,0.571142794509));
#1267 = CARTESIAN_POINT('',(0.66485078306,0.571114676589));
#1268 = CARTESIAN_POINT('',(0.664852403265,0.571086558563));
#1269 = CARTESIAN_POINT('',(0.664853974615,0.571058440435));
#1270 = CARTESIAN_POINT('',(0.664855497111,0.571030322207));
#1271 = CARTESIAN_POINT('',(0.664857882997,0.570984797443));
#1272 = CARTESIAN_POINT('',(0.664858776522,0.570967390965));
#1273 = CARTESIAN_POINT('',(0.664859651323,0.570949984451));
#1274 = CARTESIAN_POINT('',(0.664860507403,0.570932577902));
#1275 = CARTESIAN_POINT('',(0.66486134476,0.57091517132));
#1276 = CARTESIAN_POINT('',(0.664862163394,0.570897764705));
#1277 = CARTESIAN_POINT('',(0.664862963305,0.570880358057));
#1278 = CARTESIAN_POINT('',(0.66486464586,0.570842866858));
#1279 = CARTESIAN_POINT('',(0.6648655223,0.570822782296));
#1280 = CARTESIAN_POINT('',(0.664866373813,0.570802697694));
#1281 = CARTESIAN_POINT('',(0.664867200398,0.570782613052));
#1282 = CARTESIAN_POINT('',(0.664868002056,0.570762528374));
#1283 = CARTESIAN_POINT('',(0.664868778787,0.570742443658));
#1284 = CARTESIAN_POINT('',(0.66486953059,0.570722358908));
#1285 = CARTESIAN_POINT('',(0.664870887421,0.57068486739));
#1286 = CARTESIAN_POINT('',(0.664871498654,0.57066746063));
#1287 = CARTESIAN_POINT('',(0.664872091163,0.570650053846));
#1288 = CARTESIAN_POINT('',(0.664872664948,0.570632647038));
#1289 = CARTESIAN_POINT('',(0.664873220009,0.570615240208));
#1290 = CARTESIAN_POINT('',(0.664873756347,0.570597833356));
#1291 = CARTESIAN_POINT('',(0.664874273961,0.570580426483));
#1292 = CARTESIAN_POINT('',(0.664875329303,0.570543604275));
#1293 = CARTESIAN_POINT('',(0.664875862461,0.570524188936));
#1294 = CARTESIAN_POINT('',(0.664876372325,0.570504773573));
#1295 = CARTESIAN_POINT('',(0.664876858894,0.570485358188));
#1296 = CARTESIAN_POINT('',(0.66487732217,0.570465942781));
#1297 = CARTESIAN_POINT('',(0.66487776215,0.570446527355));
#1298 = CARTESIAN_POINT('',(0.664878178837,0.570427111909));
#1299 = CARTESIAN_POINT('',(0.664878931578,0.570389961106));
#1300 = CARTESIAN_POINT('',(0.66487927149,0.57037222575));
#1301 = CARTESIAN_POINT('',(0.664879591964,0.570354490381));
#1302 = CARTESIAN_POINT('',(0.664879893001,0.570336754999));
#1303 = CARTESIAN_POINT('',(0.6648801746,0.570319019605));
#1304 = CARTESIAN_POINT('',(0.664880436762,0.5703012842));
#1305 = CARTESIAN_POINT('',(0.664880679486,0.570283548785));
#1306 = CARTESIAN_POINT('',(0.664881124149,0.57024822956));
#1307 = CARTESIAN_POINT('',(0.664881326419,0.57023064575));
#1308 = CARTESIAN_POINT('',(0.664881509583,0.570213061931));
#1309 = CARTESIAN_POINT('',(0.664881673639,0.570195478106));
#1310 = CARTESIAN_POINT('',(0.664881818589,0.570177894274));
#1311 = CARTESIAN_POINT('',(0.664881944431,0.570160310438));
#1312 = CARTESIAN_POINT('',(0.664882051167,0.570142726596));
#1313 = CARTESIAN_POINT('',(0.664882190164,0.570114834986));
#1314 = CARTESIAN_POINT('',(0.664882234967,0.570104527219));
#1315 = CARTESIAN_POINT('',(0.664882273204,0.570094219451));
#1316 = CARTESIAN_POINT('',(0.664882304874,0.570083911683));
#1317 = CARTESIAN_POINT('',(0.664882329979,0.570073603913));
#1318 = CARTESIAN_POINT('',(0.664882348518,0.570063296143));
#1319 = CARTESIAN_POINT('',(0.664882360491,0.570052988373));
#1320 = CARTESIAN_POINT('',(0.664886625407,0.561922780273));
#1321 = CARTESIAN_POINT('',(0.66081652048,0.553863308864));
#1322 = CARTESIAN_POINT('',(0.652777835995,0.545910803766));
#1323 = CARTESIAN_POINT('',(0.640968128249,0.538112656248));
#1324 = CARTESIAN_POINT('',(0.625682058354,0.530522552285));
#1325 = CARTESIAN_POINT('',(0.607316733377,0.523201971478));
#1326 = CARTESIAN_POINT('',(0.586377055225,0.516217744072));
#1327 = CARTESIAN_POINT('',(0.513175767211,0.495174022431));
#1328 = CARTESIAN_POINT('',(0.452005179963,0.482244744974));
#1329 = CARTESIAN_POINT('',(0.383357114128,0.47109493701));
#1330 = CARTESIAN_POINT('',(0.310283070553,0.461971120227));
#1331 = CARTESIAN_POINT('',(0.234842671723,0.454945265343));
#1332 = CARTESIAN_POINT('',(0.158097009385,0.449961286316));
#1333 = CARTESIAN_POINT('',(8.01580312E-02,0.446941354208));
#1334 = CARTESIAN_POINT('',(0.,0.446024880841));
#1335 = ( GEOMETRIC_REPRESENTATION_CONTEXT(2) 
PARAMETRIC_REPRESENTATION_CONTEXT() REPRESENTATION_CONTEXT('2D SPACE',''
  ) );
#1336 = ORIENTED_EDGE('',*,*,#1337,.T.);
#1337 = EDGE_CURVE('',#1087,#1338,#1340,.T.);
#1338 = VERTEX_POINT('',#1339);
#1339 = CARTESIAN_POINT('',(0.119310338985,1.132429500072E-04,
    0.52506486132));
#1340 = SURFACE_CURVE('',#1341,(#1345,#1351),.PCURVE_S1.);
#1341 = LINE('',#1342,#1343);
#1342 = CARTESIAN_POINT('',(0.118856650386,-7.016231761554E-04,
    -3.992121707796E-02));
#1343 = VECTOR('',#1344,1.);
#1344 = DIRECTION('',(8.030073639073E-04,1.442274503874E-03,
    0.999998637511));
#1345 = PCURVE('',#204,#1346);
#1346 = DEFINITIONAL_REPRESENTATION('',(#1347),#1350);
#1347 = B_SPLINE_CURVE_WITH_KNOTS('',1,(#1348,#1349),.UNSPECIFIED.,.F.,
  .F.,(2,2),(0.189080244388,0.643337815178),.PIECEWISE_BEZIER_KNOTS.);
#1348 = CARTESIAN_POINT('',(4.700269768318,0.189080244388));
#1349 = CARTESIAN_POINT('',(4.700269768318,0.643337815178));
#1350 = ( GEOMETRIC_REPRESENTATION_CONTEXT(2) 
PARAMETRIC_REPRESENTATION_CONTEXT() REPRESENTATION_CONTEXT('2D SPACE',''
  ) );
#1351 = PCURVE('',#1352,#1357);
#1352 = PLANE('',#1353);
#1353 = AXIS2_PLACEMENT_3D('',#1354,#1355,#1356);
#1354 = CARTESIAN_POINT('',(2.30706075871E-03,-2.663234250547E-04,
    0.376287483396));
#1355 = DIRECTION('',(1.411555029364E-03,-0.999997965312,
    1.441140043749E-03));
#1356 = DIRECTION('',(4.235164736272E-22,-1.441141479478E-03,
    -0.999998961555));
#1357 = DEFINITIONAL_REPRESENTATION('',(#1358),#1361);
#1358 = B_SPLINE_CURVE_WITH_KNOTS('',1,(#1359,#1360),.UNSPECIFIED.,.F.,
  .F.,(2,2),(0.189080244388,0.643337815178),.PIECEWISE_BEZIER_KNOTS.);
#1359 = CARTESIAN_POINT('',(0.227128712166,0.116701538719));
#1360 = CARTESIAN_POINT('',(-0.227128712166,0.117066311257));
#1361 = ( GEOMETRIC_REPRESENTATION_CONTEXT(2) 
PARAMETRIC_REPRESENTATION_CONTEXT() REPRESENTATION_CONTEXT('2D SPACE',''
  ) );
#1362 = ORIENTED_EDGE('',*,*,#1363,.T.);
#1363 = EDGE_CURVE('',#1338,#629,#1364,.T.);
#1364 = SURFACE_CURVE('',#1365,(#1410,#1458),.PCURVE_S1.);
#1365 = B_SPLINE_CURVE_WITH_KNOTS('',7,(#1366,#1367,#1368,#1369,#1370,
    #1371,#1372,#1373,#1374,#1375,#1376,#1377,#1378,#1379,#1380,#1381,
    #1382,#1383,#1384,#1385,#1386,#1387,#1388,#1389,#1390,#1391,#1392,
    #1393,#1394,#1395,#1396,#1397,#1398,#1399,#1400,#1401,#1402,#1403,
    #1404,#1405,#1406,#1407,#1408,#1409),.UNSPECIFIED.,.F.,.F.,(8,6,6,6,
    6,6,6,8),(0.,5.638029660227E-03,6.341956506321E-03,
    6.963556056644E-03,7.585155012325E-03,0.304947516959,0.797619866151,
    1.),.UNSPECIFIED.);
#1366 = CARTESIAN_POINT('',(0.119310331717,1.126429489704E-04,
    0.525064868566));
#1367 = CARTESIAN_POINT('',(0.119312463715,2.886041380635E-04,
    0.525062742977));
#1368 = CARTESIAN_POINT('',(0.119314305135,4.645718541867E-04,
    0.525060845818));
#1369 = CARTESIAN_POINT('',(0.119315855948,6.405451298666E-04,
    0.525059177148));
#1370 = CARTESIAN_POINT('',(0.119317116133,8.165229973508E-04,
    0.52505773701));
#1371 = CARTESIAN_POINT('',(0.119318085673,9.925044886079E-04,
    0.525056525441));
#1372 = CARTESIAN_POINT('',(0.119318764556,1.168488635328E-03,
    0.525055542468));
#1373 = CARTESIAN_POINT('',(0.119319201245,1.366446888413E-03,
    0.52505469392));
#1374 = CARTESIAN_POINT('',(0.119319245185,1.388419334201E-03,
    0.525054603299));
#1375 = CARTESIAN_POINT('',(0.119319284593,1.410391804401E-03,
    0.525054516242));
#1376 = CARTESIAN_POINT('',(0.119319319471,1.432364297127E-03,
    0.525054432748));
#1377 = CARTESIAN_POINT('',(0.119319349818,1.454336810496E-03,
    0.525054352818));
#1378 = CARTESIAN_POINT('',(0.119319375633,1.476309342622E-03,
    0.525054276452));
#1379 = CARTESIAN_POINT('',(0.119319415713,1.517684655773E-03,
    0.525054139362));
#1380 = CARTESIAN_POINT('',(0.119319430975,1.537087433083E-03,
    0.525054077854));
#1381 = CARTESIAN_POINT('',(0.119319442704,1.556490222252E-03,
    0.525054019124));
#1382 = CARTESIAN_POINT('',(0.1193194509,1.575893021981E-03,
    0.525053963173));
#1383 = CARTESIAN_POINT('',(0.119319455562,1.595295830972E-03,
    0.525053910001));
#1384 = CARTESIAN_POINT('',(0.119319456692,1.614698647928E-03,
    0.525053859608));
#1385 = CARTESIAN_POINT('',(0.119319451884,1.653504276612E-03,
    0.52505376438));
#1386 = CARTESIAN_POINT('',(0.119319445947,1.67290708834E-03,
    0.525053719545));
#1387 = CARTESIAN_POINT('',(0.119319436477,1.692309905436E-03,
    0.52505367749));
#1388 = CARTESIAN_POINT('',(0.119319423474,1.711712726603E-03,
    0.525053638213));
#1389 = CARTESIAN_POINT('',(0.119319406938,1.731115550543E-03,
    0.525053601715));
#1390 = CARTESIAN_POINT('',(0.119319386868,1.750518375957E-03,
    0.525053567996));
#1391 = CARTESIAN_POINT('',(0.119308072143,1.105190276442E-02,
    0.525038735996));
#1392 = CARTESIAN_POINT('',(0.118488194408,2.025318983174E-02,
    0.525660030919));
#1393 = CARTESIAN_POINT('',(0.116885773186,2.929926481462E-02,
    0.526897765731));
#1394 = CARTESIAN_POINT('',(0.114529981209,3.811384356076E-02,
    0.528683220412));
#1395 = CARTESIAN_POINT('',(0.111464923958,4.660436330252E-02,
    0.530901210105));
#1396 = CARTESIAN_POINT('',(0.107767812954,5.466328761498E-02,
    0.533405555143));
#1397 = CARTESIAN_POINT('',(9.662435305937E-02,7.464764025286E-02,
    0.540424488229));
#1398 = CARTESIAN_POINT('',(8.816016541275E-02,8.590473185032E-02,
    0.545273295947));
#1399 = CARTESIAN_POINT('',(7.844027156116E-02,9.580217638148E-02,
    0.550099629987));
#1400 = CARTESIAN_POINT('',(6.773381154784E-02,0.10420596966,
    0.55447554167));
#1401 = CARTESIAN_POINT('',(5.632542041406E-02,0.111081228487,
    0.558164917519));
#1402 = CARTESIAN_POINT('',(4.436980270859E-02,0.116468901195,
    0.561054231763));
#1403 = CARTESIAN_POINT('',(2.677283705928E-02,0.121927890949,
    0.56384673871));
#1404 = CARTESIAN_POINT('',(2.158200739262E-02,0.123254950486,
    0.564503087832));
#1405 = CARTESIAN_POINT('',(1.633870564977E-02,0.124317609611,
    0.564995495084));
#1406 = CARTESIAN_POINT('',(1.10571339094E-02,0.125114773838,
    0.565318837649));
#1407 = CARTESIAN_POINT('',(5.751039661947E-03,0.12564600824,
    0.565469850002));
#1408 = CARTESIAN_POINT('',(4.336651456268E-04,0.125911338963,
    0.565446914123));
#1409 = CARTESIAN_POINT('',(-4.88230331754E-03,0.125911054742,
    0.565249849698));
#1410 = PCURVE('',#204,#1411);
#1411 = DEFINITIONAL_REPRESENTATION('',(#1412),#1457);
#1412 = B_SPLINE_CURVE_WITH_KNOTS('',7,(#1413,#1414,#1415,#1416,#1417,
    #1418,#1419,#1420,#1421,#1422,#1423,#1424,#1425,#1426,#1427,#1428,
    #1429,#1430,#1431,#1432,#1433,#1434,#1435,#1436,#1437,#1438,#1439,
    #1440,#1441,#1442,#1443,#1444,#1445,#1446,#1447,#1448,#1449,#1450,
    #1451,#1452,#1453,#1454,#1455,#1456),.UNSPECIFIED.,.F.,.F.,(8,6,6,6,
    6,6,6,8),(0.,5.638029660227E-03,6.341956506321E-03,
    6.963556056644E-03,7.585155012325E-03,0.304947516959,0.797619866151,
    1.),.UNSPECIFIED.);
#1413 = CARTESIAN_POINT('',(4.700264938286,0.564986854562));
#1414 = CARTESIAN_POINT('',(4.70168143302,0.564984984471));
#1415 = CARTESIAN_POINT('',(4.703097949261,0.564983342588));
#1416 = CARTESIAN_POINT('',(4.704514483862,0.564981928967));
#1417 = CARTESIAN_POINT('',(4.705931033674,0.564980743651));
#1418 = CARTESIAN_POINT('',(4.707347595546,0.564979786676));
#1419 = CARTESIAN_POINT('',(4.708764166326,0.564979058067));
#1420 = CARTESIAN_POINT('',(4.710357607174,0.564978495381));
#1421 = CARTESIAN_POINT('',(4.710534471579,0.564978436486));
#1422 = CARTESIAN_POINT('',(4.710711336067,0.564978381151));
#1423 = CARTESIAN_POINT('',(4.710888200632,0.564978329375));
#1424 = CARTESIAN_POINT('',(4.711065065269,0.56497828116));
#1425 = CARTESIAN_POINT('',(4.711241929971,0.564978236506));
#1426 = CARTESIAN_POINT('',(4.711574974392,0.564978159123));
#1427 = CARTESIAN_POINT('',(4.711731154099,0.56497812561));
#1428 = CARTESIAN_POINT('',(4.711887333847,0.564978094874));
#1429 = CARTESIAN_POINT('',(4.712043513633,0.564978066914));
#1430 = CARTESIAN_POINT('',(4.712199693452,0.56497804173));
#1431 = CARTESIAN_POINT('',(4.712355873301,0.564978019322));
#1432 = CARTESIAN_POINT('',(4.712668232898,0.564977980059));
#1433 = CARTESIAN_POINT('',(4.712824412647,0.564977963204));
#1434 = CARTESIAN_POINT('',(4.712980592416,0.564977949125));
#1435 = CARTESIAN_POINT('',(4.713136772202,0.564977937822));
#1436 = CARTESIAN_POINT('',(4.713292952,0.564977929295));
#1437 = CARTESIAN_POINT('',(4.713449131806,0.564977923544));
#1438 = CARTESIAN_POINT('',(4.788319074786,0.564976497627));
#1439 = CARTESIAN_POINT('',(4.862383395061,0.565610404118));
#1440 = CARTESIAN_POINT('',(4.935882288468,0.566859897412));
#1441 = CARTESIAN_POINT('',(5.008822937504,0.568656170983));
#1442 = CARTESIAN_POINT('',(5.081054154266,0.570883942051));
#1443 = CARTESIAN_POINT('',(5.152182685569,0.573396938051));
#1444 = CARTESIAN_POINT('',(5.336311901184,0.580435736215));
#1445 = CARTESIAN_POINT('',(5.448606204169,0.585293976338));
#1446 = CARTESIAN_POINT('',(5.558736931657,0.590126773488));
#1447 = CARTESIAN_POINT('',(5.666719973534,0.594506202419));
#1448 = CARTESIAN_POINT('',(5.772727532416,0.59819632823));
#1449 = CARTESIAN_POINT('',(5.87749449405,0.601083808591));
#1450 = CARTESIAN_POINT('',(6.025804926617,0.603870054602));
#1451 = CARTESIAN_POINT('',(6.068878634489,0.60452414854));
#1452 = CARTESIAN_POINT('',(6.111856938329,0.605013877357));
#1453 = CARTESIAN_POINT('',(6.15475630618,0.605334128069));
#1454 = CARTESIAN_POINT('',(6.197595579474,0.605481645571));
#1455 = CARTESIAN_POINT('',(6.240396678386,0.605454822512));
#1456 = CARTESIAN_POINT('',(6.28318530718,0.605253489183));
#1457 = ( GEOMETRIC_REPRESENTATION_CONTEXT(2) 
PARAMETRIC_REPRESENTATION_CONTEXT() REPRESENTATION_CONTEXT('2D SPACE',''
  ) );
#1458 = PCURVE('',#474,#1459);
#1459 = DEFINITIONAL_REPRESENTATION('',(#1460),#1505);
#1460 = B_SPLINE_CURVE_WITH_KNOTS('',7,(#1461,#1462,#1463,#1464,#1465,
    #1466,#1467,#1468,#1469,#1470,#1471,#1472,#1473,#1474,#1475,#1476,
    #1477,#1478,#1479,#1480,#1481,#1482,#1483,#1484,#1485,#1486,#1487,
    #1488,#1489,#1490,#1491,#1492,#1493,#1494,#1495,#1496,#1497,#1498,
    #1499,#1500,#1501,#1502,#1503,#1504),.UNSPECIFIED.,.F.,.F.,(8,6,6,6,
    6,6,6,8),(0.,5.638029660227E-03,6.341956506321E-03,
    6.963556056644E-03,7.585155012325E-03,0.304947516959,0.797619866151,
    1.),.UNSPECIFIED.);
#1461 = CARTESIAN_POINT('',(2.475180715597,0.571714511211));
#1462 = CARTESIAN_POINT('',(2.475164716038,0.571538550326));
#1463 = CARTESIAN_POINT('',(2.475150669287,0.571362582833));
#1464 = CARTESIAN_POINT('',(2.475138575643,0.571186609699));
#1465 = CARTESIAN_POINT('',(2.475128435348,0.571010631893));
#1466 = CARTESIAN_POINT('',(2.475120248591,0.570834650383));
#1467 = CARTESIAN_POINT('',(2.475114015507,0.570658666136));
#1468 = CARTESIAN_POINT('',(2.475109201887,0.570460707679));
#1469 = CARTESIAN_POINT('',(2.475108698053,0.570438735209));
#1470 = CARTESIAN_POINT('',(2.475108224676,0.570416762714));
#1471 = CARTESIAN_POINT('',(2.475107781755,0.570394790195));
#1472 = CARTESIAN_POINT('',(2.47510736929,0.570372817654));
#1473 = CARTESIAN_POINT('',(2.475106987282,0.570350845093));
#1474 = CARTESIAN_POINT('',(2.475106325293,0.570309469723));
#1475 = CARTESIAN_POINT('',(2.475106038606,0.570290066918));
#1476 = CARTESIAN_POINT('',(2.475105775667,0.5702706641));
#1477 = CARTESIAN_POINT('',(2.475105536478,0.570251261271));
#1478 = CARTESIAN_POINT('',(2.475105321038,0.570231858431));
#1479 = CARTESIAN_POINT('',(2.475105129347,0.570212455583));
#1480 = CARTESIAN_POINT('',(2.475104793464,0.570173649889));
#1481 = CARTESIAN_POINT('',(2.475104649272,0.570154247044));
#1482 = CARTESIAN_POINT('',(2.475104528829,0.570134844192));
#1483 = CARTESIAN_POINT('',(2.475104432135,0.570115441336));
#1484 = CARTESIAN_POINT('',(2.475104359191,0.570096038475));
#1485 = CARTESIAN_POINT('',(2.475104309996,0.570076635612));
#1486 = CARTESIAN_POINT('',(2.475092111754,0.560775232803));
#1487 = CARTESIAN_POINT('',(2.480514963351,0.551573702528));
#1488 = CARTESIAN_POINT('',(2.491203750338,0.542527167794));
#1489 = CARTESIAN_POINT('',(2.50680562235,0.533711854743));
#1490 = CARTESIAN_POINT('',(2.526769727384,0.525220222214));
#1491 = CARTESIAN_POINT('',(2.550332940261,0.517159704735));
#1492 = CARTESIAN_POINT('',(2.619868566075,0.497169778418));
#1493 = CARTESIAN_POINT('',(2.671329468774,0.485907749869));
#1494 = CARTESIAN_POINT('',(2.728462918278,0.476003560735));
#1495 = CARTESIAN_POINT('',(2.789226302088,0.467590978099));
#1496 = CARTESIAN_POINT('',(2.852261060021,0.460704946597));
#1497 = CARTESIAN_POINT('',(2.917007442505,0.455304572745));
#1498 = CARTESIAN_POINT('',(3.011107966278,0.449824779407));
#1499 = CARTESIAN_POINT('',(3.038728809511,0.448491341319));
#1500 = CARTESIAN_POINT('',(3.066522548972,0.447421992775));
#1501 = CARTESIAN_POINT('',(3.094446760913,0.446617840923));
#1502 = CARTESIAN_POINT('',(3.122463988497,0.446079335388));
#1503 = CARTESIAN_POINT('',(3.150540665441,0.445806466384));
#1504 = CARTESIAN_POINT('',(3.178646039652,0.445798962825));
#1505 = ( GEOMETRIC_REPRESENTATION_CONTEXT(2) 
PARAMETRIC_REPRESENTATION_CONTEXT() REPRESENTATION_CONTEXT('2D SPACE',''
  ) );
#1506 = ADVANCED_FACE('',(#1507),#474,.F.);
#1507 = FACE_BOUND('',#1508,.F.);
#1508 = EDGE_LOOP('',(#1509,#1531,#1532,#1553,#1554,#1555,#1556,#1557,
    #1579,#1580));
#1509 = ORIENTED_EDGE('',*,*,#1510,.F.);
#1510 = EDGE_CURVE('',#1087,#1338,#1511,.T.);
#1511 = SURFACE_CURVE('',#1512,(#1517,#1524),.PCURVE_S1.);
#1512 = CIRCLE('',#1513,0.189273926805);
#1513 = AXIS2_PLACEMENT_3D('',#1514,#1515,#1516);
#1514 = CARTESIAN_POINT('',(2.30706075871E-03,-2.663234250547E-04,
    0.376287483396));
#1515 = DIRECTION('',(1.411555029364E-03,-0.999997965312,
    1.441140043749E-03));
#1516 = DIRECTION('',(8.470329472543E-22,-1.441141479478E-03,
    -0.999998961555));
#1517 = PCURVE('',#474,#1518);
#1518 = DEFINITIONAL_REPRESENTATION('',(#1519),#1523);
#1519 = LINE('',#1520,#1521);
#1520 = CARTESIAN_POINT('',(0.,0.571713911211));
#1521 = VECTOR('',#1522,1.);
#1522 = DIRECTION('',(1.,0.));
#1523 = ( GEOMETRIC_REPRESENTATION_CONTEXT(2) 
PARAMETRIC_REPRESENTATION_CONTEXT() REPRESENTATION_CONTEXT('2D SPACE',''
  ) );
#1524 = PCURVE('',#1352,#1525);
#1525 = DEFINITIONAL_REPRESENTATION('',(#1526),#1530);
#1526 = CIRCLE('',#1527,0.189273926805);
#1527 = AXIS2_PLACEMENT_2D('',#1528,#1529);
#1528 = CARTESIAN_POINT('',(0.,0.));
#1529 = DIRECTION('',(1.,0.));
#1530 = ( GEOMETRIC_REPRESENTATION_CONTEXT(2) 
PARAMETRIC_REPRESENTATION_CONTEXT() REPRESENTATION_CONTEXT('2D SPACE',''
  ) );
#1531 = ORIENTED_EDGE('',*,*,#1086,.T.);
#1532 = ORIENTED_EDGE('',*,*,#1533,.F.);
#1533 = EDGE_CURVE('',#251,#1058,#1534,.T.);
#1534 = SEAM_CURVE('',#1535,(#1539,#1546),.PCURVE_S1.);
#1535 = LINE('',#1536,#1537);
#1536 = CARTESIAN_POINT('',(1.500055111983E-03,0.571173654019,
    0.18618983333));
#1537 = VECTOR('',#1538,1.);
#1538 = DIRECTION('',(1.411555029364E-03,-0.999997965312,
    1.441140043749E-03));
#1539 = PCURVE('',#474,#1540);
#1540 = DEFINITIONAL_REPRESENTATION('',(#1541),#1545);
#1541 = LINE('',#1542,#1543);
#1542 = CARTESIAN_POINT('',(6.28318530718,-0.));
#1543 = VECTOR('',#1544,1.);
#1544 = DIRECTION('',(0.,1.));
#1545 = ( GEOMETRIC_REPRESENTATION_CONTEXT(2) 
PARAMETRIC_REPRESENTATION_CONTEXT() REPRESENTATION_CONTEXT('2D SPACE',''
  ) );
#1546 = PCURVE('',#474,#1547);
#1547 = DEFINITIONAL_REPRESENTATION('',(#1548),#1552);
#1548 = LINE('',#1549,#1550);
#1549 = CARTESIAN_POINT('',(0.,-0.));
#1550 = VECTOR('',#1551,1.);
#1551 = DIRECTION('',(0.,1.));
#1552 = ( GEOMETRIC_REPRESENTATION_CONTEXT(2) 
PARAMETRIC_REPRESENTATION_CONTEXT() REPRESENTATION_CONTEXT('2D SPACE',''
  ) );
#1553 = ORIENTED_EDGE('',*,*,#250,.T.);
#1554 = ORIENTED_EDGE('',*,*,#1533,.T.);
#1555 = ORIENTED_EDGE('',*,*,#1057,.T.);
#1556 = ORIENTED_EDGE('',*,*,#846,.T.);
#1557 = ORIENTED_EDGE('',*,*,#1558,.F.);
#1558 = EDGE_CURVE('',#654,#821,#1559,.T.);
#1559 = SURFACE_CURVE('',#1560,(#1565,#1572),.PCURVE_S1.);
#1560 = CIRCLE('',#1561,0.189273926805);
#1561 = AXIS2_PLACEMENT_3D('',#1562,#1563,#1564);
#1562 = CARTESIAN_POINT('',(2.30706075871E-03,-2.663234250547E-04,
    0.376287483396));
#1563 = DIRECTION('',(1.411555029364E-03,-0.999997965312,
    1.441140043749E-03));
#1564 = DIRECTION('',(8.470329472543E-22,-1.441141479478E-03,
    -0.999998961555));
#1565 = PCURVE('',#474,#1566);
#1566 = DEFINITIONAL_REPRESENTATION('',(#1567),#1571);
#1567 = LINE('',#1568,#1569);
#1568 = CARTESIAN_POINT('',(0.,0.571713911211));
#1569 = VECTOR('',#1570,1.);
#1570 = DIRECTION('',(1.,0.));
#1571 = ( GEOMETRIC_REPRESENTATION_CONTEXT(2) 
PARAMETRIC_REPRESENTATION_CONTEXT() REPRESENTATION_CONTEXT('2D SPACE',''
  ) );
#1572 = PCURVE('',#835,#1573);
#1573 = DEFINITIONAL_REPRESENTATION('',(#1574),#1578);
#1574 = CIRCLE('',#1575,0.189273926805);
#1575 = AXIS2_PLACEMENT_2D('',#1576,#1577);
#1576 = CARTESIAN_POINT('',(0.,0.));
#1577 = DIRECTION('',(1.,0.));
#1578 = ( GEOMETRIC_REPRESENTATION_CONTEXT(2) 
PARAMETRIC_REPRESENTATION_CONTEXT() REPRESENTATION_CONTEXT('2D SPACE',''
  ) );
#1579 = ORIENTED_EDGE('',*,*,#653,.F.);
#1580 = ORIENTED_EDGE('',*,*,#1363,.F.);
#1581 = ADVANCED_FACE('',(#1582),#1352,.F.);
#1582 = FACE_BOUND('',#1583,.F.);
#1583 = EDGE_LOOP('',(#1584,#1585));
#1584 = ORIENTED_EDGE('',*,*,#1337,.F.);
#1585 = ORIENTED_EDGE('',*,*,#1510,.T.);
#1586 = ADVANCED_FACE('',(#1587),#835,.F.);
#1587 = FACE_BOUND('',#1588,.F.);
#1588 = EDGE_LOOP('',(#1589,#1590));
#1589 = ORIENTED_EDGE('',*,*,#1558,.T.);
#1590 = ORIENTED_EDGE('',*,*,#820,.T.);
#1591 = ( GEOMETRIC_REPRESENTATION_CONTEXT(3) 
GLOBAL_UNCERTAINTY_ASSIGNED_CONTEXT((#1595)) 
GLOBAL_UNIT_ASSIGNED_CONTEXT((#1592,#1593,#1594)) REPRESENTATION_CONTEXT
('Context #1','3D Context with UNIT and UNCERTAINTY') );
#1592 = ( LENGTH_UNIT() NAMED_UNIT(*) SI_UNIT(.MILLI.,.METRE.) );
#1593 = ( NAMED_UNIT(*) PLANE_ANGLE_UNIT() SI_UNIT($,.RADIAN.) );
#1594 = ( NAMED_UNIT(*) SI_UNIT($,.STERADIAN.) SOLID_ANGLE_UNIT() );
#1595 = UNCERTAINTY_MEASURE_WITH_UNIT(LENGTH_MEASURE(1.E-07),#1592,
  'distance_accuracy_value','confusion accuracy');
#1596 = PRODUCT_TYPE('part',$,(#7));
ENDSEC;
END-ISO-10303-21;
