ISO-10303-21;
HEADER;
FILE_DESCRIPTION(('Open CASCADE Model'),'2;1');
FILE_NAME('Open CASCADE Shape Model','2026-01-22T14:54:19',('Author'),(
    'Open CASCADE'),'Open CASCADE STEP processor 7.8','Open CASCADE 7.8'
  ,'Unknown');
FILE_SCHEMA(('CONFIG_CONTROL_DESIGN'));
ENDSEC;
DATA;
#1 = APPLICATION_PROTOCOL_DEFINITION('committee draft',
  'automotive_design',1997,#2);
#2 = APPLICATION_CONTEXT(
  'core data for automotive mechanical design processes');
#3 = SHAPE_DEFINITION_REPRESENTATION(#4,#10);
#4 = PRODUCT_DEFINITION_SHAPE('','',#5);
#5 = PRODUCT_DEFINITION('design','',#6,#9);
#6 = PRODUCT_DEFINITION_FORMATION('','',#7);
#7 = PRODUCT('Product 7','Product 7','',(#8));
#8 = MECHANICAL_CONTEXT('',#2,'mechanical');
#9 = PRODUCT_DEFINITION_CONTEXT('part definition',#2,'design');
#10 = ADVANCED_BREP_SHAPE_REPRESENTATION('',(#11,#15),#2882);
#11 = AXIS2_PLACEMENT_3D('',#12,#13,#14);
#12 = CARTESIAN_POINT('',(0.,0.,0.));
#13 = DIRECTION('',(0.,0.,1.));
#14 = DIRECTION('',(1.,0.,-0.));
#15 = MANIFOLD_SOLID_BREP('',#16);
#16 = CLOSED_SHELL('',(#17,#109,#167,#202,#669,#793,#838,#843,#880,#1311
    ,#1367,#1415,#1470,#1505,#1560,#1615,#1650,#1705,#1740,#1795,#1830,
    #1889,#1924,#1979,#2014,#2049,#2104,#2163,#2218,#2392,#2427,#2503,
    #2552,#2601,#2650,#2699,#2726,#2781,#2825,#2855));
#17 = ADVANCED_FACE('',(#18),#31,.F.);
#18 = FACE_BOUND('',#19,.F.);
#19 = EDGE_LOOP('',(#20,#54,#77,#108));
#20 = ORIENTED_EDGE('',*,*,#21,.T.);
#21 = EDGE_CURVE('',#22,#22,#24,.T.);
#22 = VERTEX_POINT('',#23);
#23 = CARTESIAN_POINT('',(-1.10724762309E-02,23.000570017191,
    -3.957412334345));
#24 = SURFACE_CURVE('',#25,(#30,#42),.PCURVE_S1.);
#25 = CIRCLE('',#26,3.976048655014);
#26 = AXIS2_PLACEMENT_3D('',#27,#28,#29);
#27 = CARTESIAN_POINT('',(-1.10724762309E-02,23.005974275895,
    1.863264792339E-02));
#28 = DIRECTION('',(9.18469622856E-04,-0.99999865449,1.359202789798E-03)
  );
#29 = DIRECTION('',(-2.136428851212E-18,-1.359203363101E-03,
    -0.999999076283));
#30 = PCURVE('',#31,#36);
#31 = CYLINDRICAL_SURFACE('',#32,3.976048655014);
#32 = AXIS2_PLACEMENT_3D('',#33,#34,#35);
#33 = CARTESIAN_POINT('',(-1.475748132071E-02,27.018083157767,
    1.317937100073E-02));
#34 = DIRECTION('',(9.18469622856E-04,-0.99999865449,1.359202789798E-03)
  );
#35 = DIRECTION('',(0.,-1.359203363101E-03,-0.999999076283));
#36 = DEFINITIONAL_REPRESENTATION('',(#37),#41);
#37 = LINE('',#38,#39);
#38 = CARTESIAN_POINT('',(0.,4.012114280213));
#39 = VECTOR('',#40,1.);
#40 = DIRECTION('',(1.,0.));
#41 = ( GEOMETRIC_REPRESENTATION_CONTEXT(2) 
PARAMETRIC_REPRESENTATION_CONTEXT() REPRESENTATION_CONTEXT('2D SPACE',''
  ) );
#42 = PCURVE('',#43,#48);
#43 = TOROIDAL_SURFACE('',#44,6.976053428904,3.000004773891);
#44 = AXIS2_PLACEMENT_3D('',#45,#46,#47);
#45 = CARTESIAN_POINT('',(-1.10724762309E-02,23.005974275895,
    1.863264792339E-02));
#46 = DIRECTION('',(9.18469622856E-04,-0.99999865449,1.359202789798E-03)
  );
#47 = DIRECTION('',(-2.136428851212E-18,-1.359203363101E-03,
    -0.999999076283));
#48 = DEFINITIONAL_REPRESENTATION('',(#49),#53);
#49 = LINE('',#50,#51);
#50 = CARTESIAN_POINT('',(0.,3.14159265359));
#51 = VECTOR('',#52,1.);
#52 = DIRECTION('',(1.,0.));
#53 = ( GEOMETRIC_REPRESENTATION_CONTEXT(2) 
PARAMETRIC_REPRESENTATION_CONTEXT() REPRESENTATION_CONTEXT('2D SPACE',''
  ) );
#54 = ORIENTED_EDGE('',*,*,#55,.F.);
#55 = EDGE_CURVE('',#56,#22,#58,.T.);
#56 = VERTEX_POINT('',#57);
#57 = CARTESIAN_POINT('',(1.012343889589E-02,-7.682533700944E-02,
    -3.926045431994));
#58 = SEAM_CURVE('',#59,(#63,#70),.PCURVE_S1.);
#59 = LINE('',#60,#61);
#60 = CARTESIAN_POINT('',(1.012343889589E-02,-7.682533700944E-02,
    -3.926045431994));
#61 = VECTOR('',#62,1.);
#62 = DIRECTION('',(-9.184696228559E-04,0.99999865449,
    -1.359202789798E-03));
#63 = PCURVE('',#31,#64);
#64 = DEFINITIONAL_REPRESENTATION('',(#65),#69);
#65 = LINE('',#66,#67);
#66 = CARTESIAN_POINT('',(6.28318530718,27.089540685327));
#67 = VECTOR('',#68,1.);
#68 = DIRECTION('',(-0.,-1.));
#69 = ( GEOMETRIC_REPRESENTATION_CONTEXT(2) 
PARAMETRIC_REPRESENTATION_CONTEXT() REPRESENTATION_CONTEXT('2D SPACE',''
  ) );
#70 = PCURVE('',#31,#71);
#71 = DEFINITIONAL_REPRESENTATION('',(#72),#76);
#72 = LINE('',#73,#74);
#73 = CARTESIAN_POINT('',(0.,27.089540685327));
#74 = VECTOR('',#75,1.);
#75 = DIRECTION('',(-0.,-1.));
#76 = ( GEOMETRIC_REPRESENTATION_CONTEXT(2) 
PARAMETRIC_REPRESENTATION_CONTEXT() REPRESENTATION_CONTEXT('2D SPACE',''
  ) );
#77 = ORIENTED_EDGE('',*,*,#78,.F.);
#78 = EDGE_CURVE('',#56,#56,#79,.T.);
#79 = SURFACE_CURVE('',#80,(#85,#92),.PCURVE_S1.);
#80 = CIRCLE('',#81,3.976048655014);
#81 = AXIS2_PLACEMENT_3D('',#82,#83,#84);
#82 = CARTESIAN_POINT('',(1.012343889589E-02,-7.142107830568E-02,
    4.999955027458E-02));
#83 = DIRECTION('',(9.18469622856E-04,-0.99999865449,1.359202789798E-03)
  );
#84 = DIRECTION('',(2.117582368136E-22,-1.359203363101E-03,
    -0.999999076283));
#85 = PCURVE('',#31,#86);
#86 = DEFINITIONAL_REPRESENTATION('',(#87),#91);
#87 = LINE('',#88,#89);
#88 = CARTESIAN_POINT('',(2.117582368136E-22,27.089540685327));
#89 = VECTOR('',#90,1.);
#90 = DIRECTION('',(1.,0.));
#91 = ( GEOMETRIC_REPRESENTATION_CONTEXT(2) 
PARAMETRIC_REPRESENTATION_CONTEXT() REPRESENTATION_CONTEXT('2D SPACE',''
  ) );
#92 = PCURVE('',#93,#98);
#93 = PLANE('',#94);
#94 = AXIS2_PLACEMENT_3D('',#95,#96,#97);
#95 = CARTESIAN_POINT('',(1.012343889589E-02,-7.142107830569E-02,
    4.999955027458E-02));
#96 = DIRECTION('',(-9.18469622856E-04,0.99999865449,-1.359202789798E-03
    ));
#97 = DIRECTION('',(0.,1.359203363101E-03,0.999999076283));
#98 = DEFINITIONAL_REPRESENTATION('',(#99),#107);
#99 = ( BOUNDED_CURVE() B_SPLINE_CURVE(2,(#100,#101,#102,#103,#104,#105,
#106),.UNSPECIFIED.,.T.,.F.) B_SPLINE_CURVE_WITH_KNOTS((1,2,2,2,2,1),(
    -2.094395102393,0.,2.094395102393,4.188790204786,6.28318530718,
8.377580409573),.UNSPECIFIED.) CURVE() GEOMETRIC_REPRESENTATION_ITEM() 
RATIONAL_B_SPLINE_CURVE((1.,0.5,1.,0.5,1.,0.5,1.)) REPRESENTATION_ITEM(
  '') );
#100 = CARTESIAN_POINT('',(-3.976048655014,1.281284093359E-18));
#101 = CARTESIAN_POINT('',(-3.976048655014,6.886718283849));
#102 = CARTESIAN_POINT('',(1.988024327507,3.443359141925));
#103 = CARTESIAN_POINT('',(7.952097310027,9.751323358167E-16));
#104 = CARTESIAN_POINT('',(1.988024327507,-3.443359141925));
#105 = CARTESIAN_POINT('',(-3.976048655014,-6.886718283849));
#106 = CARTESIAN_POINT('',(-3.976048655014,1.281284093359E-18));
#107 = ( GEOMETRIC_REPRESENTATION_CONTEXT(2) 
PARAMETRIC_REPRESENTATION_CONTEXT() REPRESENTATION_CONTEXT('2D SPACE',''
  ) );
#108 = ORIENTED_EDGE('',*,*,#55,.T.);
#109 = ADVANCED_FACE('',(#110),#43,.T.);
#110 = FACE_BOUND('',#111,.T.);
#111 = EDGE_LOOP('',(#112,#134,#135,#136));
#112 = ORIENTED_EDGE('',*,*,#113,.F.);
#113 = EDGE_CURVE('',#22,#114,#116,.T.);
#114 = VERTEX_POINT('',#115);
#115 = CARTESIAN_POINT('',(-1.382788948414E-02,25.996493137967,
    -6.961491951938));
#116 = SEAM_CURVE('',#117,(#122,#128),.PCURVE_S1.);
#117 = CIRCLE('',#118,3.000004773891);
#118 = AXIS2_PLACEMENT_3D('',#119,#120,#121);
#119 = CARTESIAN_POINT('',(-1.10724762309E-02,22.996492400613,
    -6.95741433708));
#120 = DIRECTION('',(-0.999999578207,-9.184687744497E-04,
    1.248387000294E-06));
#121 = DIRECTION('',(-2.136428851212E-18,-1.359203363101E-03,
    -0.999999076283));
#122 = PCURVE('',#43,#123);
#123 = DEFINITIONAL_REPRESENTATION('',(#124),#127);
#124 = B_SPLINE_CURVE_WITH_KNOTS('',1,(#125,#126),.UNSPECIFIED.,.F.,.F.,
  (2,2),(3.14159265359,4.712388980385),.PIECEWISE_BEZIER_KNOTS.);
#125 = CARTESIAN_POINT('',(0.,3.14159265359));
#126 = CARTESIAN_POINT('',(0.,4.712388980385));
#127 = ( GEOMETRIC_REPRESENTATION_CONTEXT(2) 
PARAMETRIC_REPRESENTATION_CONTEXT() REPRESENTATION_CONTEXT('2D SPACE',''
  ) );
#128 = PCURVE('',#43,#129);
#129 = DEFINITIONAL_REPRESENTATION('',(#130),#133);
#130 = B_SPLINE_CURVE_WITH_KNOTS('',1,(#131,#132),.UNSPECIFIED.,.F.,.F.,
  (2,2),(3.14159265359,4.712388980385),.PIECEWISE_BEZIER_KNOTS.);
#131 = CARTESIAN_POINT('',(6.28318530718,3.14159265359));
#132 = CARTESIAN_POINT('',(6.28318530718,4.712388980385));
#133 = ( GEOMETRIC_REPRESENTATION_CONTEXT(2) 
PARAMETRIC_REPRESENTATION_CONTEXT() REPRESENTATION_CONTEXT('2D SPACE',''
  ) );
#134 = ORIENTED_EDGE('',*,*,#21,.T.);
#135 = ORIENTED_EDGE('',*,*,#113,.T.);
#136 = ORIENTED_EDGE('',*,*,#137,.F.);
#137 = EDGE_CURVE('',#114,#114,#138,.T.);
#138 = SURFACE_CURVE('',#139,(#144,#151),.PCURVE_S1.);
#139 = CIRCLE('',#140,6.976053428904);
#140 = AXIS2_PLACEMENT_3D('',#141,#142,#143);
#141 = CARTESIAN_POINT('',(-1.382788948414E-02,26.005975013248,
    1.455503306531E-02));
#142 = DIRECTION('',(9.18469622856E-04,-0.99999865449,1.359202789798E-03
    ));
#143 = DIRECTION('',(-2.136428851212E-18,-1.359203363101E-03,
    -0.999999076283));
#144 = PCURVE('',#43,#145);
#145 = DEFINITIONAL_REPRESENTATION('',(#146),#150);
#146 = LINE('',#147,#148);
#147 = CARTESIAN_POINT('',(0.,4.712388980385));
#148 = VECTOR('',#149,1.);
#149 = DIRECTION('',(1.,0.));
#150 = ( GEOMETRIC_REPRESENTATION_CONTEXT(2) 
PARAMETRIC_REPRESENTATION_CONTEXT() REPRESENTATION_CONTEXT('2D SPACE',''
  ) );
#151 = PCURVE('',#152,#157);
#152 = PLANE('',#153);
#153 = AXIS2_PLACEMENT_3D('',#154,#155,#156);
#154 = CARTESIAN_POINT('',(-1.382788948414E-02,26.005975013248,
    1.455503306531E-02));
#155 = DIRECTION('',(-9.18469622856E-04,0.99999865449,
    -1.359202789798E-03));
#156 = DIRECTION('',(0.,1.359203363101E-03,0.999999076283));
#157 = DEFINITIONAL_REPRESENTATION('',(#158),#166);
#158 = ( BOUNDED_CURVE() B_SPLINE_CURVE(2,(#159,#160,#161,#162,#163,#164
,#165),.UNSPECIFIED.,.T.,.F.) B_SPLINE_CURVE_WITH_KNOTS((1,2,2,2,2,1),(
    -2.094395102393,0.,2.094395102393,4.188790204786,6.28318530718,
8.377580409573),.UNSPECIFIED.) CURVE() GEOMETRIC_REPRESENTATION_ITEM() 
RATIONAL_B_SPLINE_CURVE((1.,0.5,1.,0.5,1.,0.5,1.)) REPRESENTATION_ITEM(
  '') );
#159 = CARTESIAN_POINT('',(-6.976053428904,-1.561251128379E-17));
#160 = CARTESIAN_POINT('',(-6.976053428904,12.082878975178));
#161 = CARTESIAN_POINT('',(3.488026714452,6.041439487589));
#162 = CARTESIAN_POINT('',(13.952106857809,1.750273663901E-15));
#163 = CARTESIAN_POINT('',(3.488026714452,-6.041439487589));
#164 = CARTESIAN_POINT('',(-6.976053428904,-12.08287897517));
#165 = CARTESIAN_POINT('',(-6.976053428904,-1.561251128379E-17));
#166 = ( GEOMETRIC_REPRESENTATION_CONTEXT(2) 
PARAMETRIC_REPRESENTATION_CONTEXT() REPRESENTATION_CONTEXT('2D SPACE',''
  ) );
#167 = ADVANCED_FACE('',(#168,#171),#152,.T.);
#168 = FACE_BOUND('',#169,.T.);
#169 = EDGE_LOOP('',(#170));
#170 = ORIENTED_EDGE('',*,*,#137,.T.);
#171 = FACE_BOUND('',#172,.T.);
#172 = EDGE_LOOP('',(#173));
#173 = ORIENTED_EDGE('',*,*,#174,.T.);
#174 = EDGE_CURVE('',#175,#175,#177,.T.);
#175 = VERTEX_POINT('',#176);
#176 = CARTESIAN_POINT('',(-1.382788948415E-02,26.017499961301,
    8.493740502989));
#177 = SURFACE_CURVE('',#178,(#183,#190),.PCURVE_S1.);
#178 = CIRCLE('',#179,8.479193302302);
#179 = AXIS2_PLACEMENT_3D('',#180,#181,#182);
#180 = CARTESIAN_POINT('',(-1.382788948414E-02,26.005975013248,
    1.455503306531E-02));
#181 = DIRECTION('',(-9.18469622856E-04,0.99999865449,
    -1.359202789798E-03));
#182 = DIRECTION('',(-2.117582368136E-22,1.359203363101E-03,
    0.999999076283));
#183 = PCURVE('',#152,#184);
#184 = DEFINITIONAL_REPRESENTATION('',(#185),#189);
#185 = CIRCLE('',#186,8.479193302302);
#186 = AXIS2_PLACEMENT_2D('',#187,#188);
#187 = CARTESIAN_POINT('',(0.,0.));
#188 = DIRECTION('',(1.,0.));
#189 = ( GEOMETRIC_REPRESENTATION_CONTEXT(2) 
PARAMETRIC_REPRESENTATION_CONTEXT() REPRESENTATION_CONTEXT('2D SPACE',''
  ) );
#190 = PCURVE('',#191,#196);
#191 = CYLINDRICAL_SURFACE('',#192,8.479193302302);
#192 = AXIS2_PLACEMENT_3D('',#193,#194,#195);
#193 = CARTESIAN_POINT('',(-8.286706713132E-03,19.972922664643,
    2.275518568192E-02));
#194 = DIRECTION('',(-9.18469622856E-04,0.99999865449,
    -1.359202789798E-03));
#195 = DIRECTION('',(0.,1.359203363101E-03,0.999999076283));
#196 = DEFINITIONAL_REPRESENTATION('',(#197),#201);
#197 = LINE('',#198,#199);
#198 = CARTESIAN_POINT('',(0.,6.03306046615));
#199 = VECTOR('',#200,1.);
#200 = DIRECTION('',(1.,0.));
#201 = ( GEOMETRIC_REPRESENTATION_CONTEXT(2) 
PARAMETRIC_REPRESENTATION_CONTEXT() REPRESENTATION_CONTEXT('2D SPACE',''
  ) );
#202 = ADVANCED_FACE('',(#203),#191,.T.);
#203 = FACE_BOUND('',#204,.T.);
#204 = EDGE_LOOP('',(#205,#228,#229,#230,#488,#522,#551,#579));
#205 = ORIENTED_EDGE('',*,*,#206,.T.);
#206 = EDGE_CURVE('',#207,#175,#209,.T.);
#207 = VERTEX_POINT('',#208);
#208 = CARTESIAN_POINT('',(-8.346125972742E-03,20.049141292464,
    8.501852723658));
#209 = SEAM_CURVE('',#210,(#214,#221),.PCURVE_S1.);
#210 = LINE('',#211,#212);
#211 = CARTESIAN_POINT('',(-8.286706713134E-03,19.984447612695,
    8.501940655606));
#212 = VECTOR('',#213,1.);
#213 = DIRECTION('',(-9.18469622856E-04,0.99999865449,
    -1.359202789798E-03));
#214 = PCURVE('',#191,#215);
#215 = DEFINITIONAL_REPRESENTATION('',(#216),#220);
#216 = LINE('',#217,#218);
#217 = CARTESIAN_POINT('',(6.28318530718,-0.));
#218 = VECTOR('',#219,1.);
#219 = DIRECTION('',(0.,1.));
#220 = ( GEOMETRIC_REPRESENTATION_CONTEXT(2) 
PARAMETRIC_REPRESENTATION_CONTEXT() REPRESENTATION_CONTEXT('2D SPACE',''
  ) );
#221 = PCURVE('',#191,#222);
#222 = DEFINITIONAL_REPRESENTATION('',(#223),#227);
#223 = LINE('',#224,#225);
#224 = CARTESIAN_POINT('',(0.,-0.));
#225 = VECTOR('',#226,1.);
#226 = DIRECTION('',(0.,1.));
#227 = ( GEOMETRIC_REPRESENTATION_CONTEXT(2) 
PARAMETRIC_REPRESENTATION_CONTEXT() REPRESENTATION_CONTEXT('2D SPACE',''
  ) );
#228 = ORIENTED_EDGE('',*,*,#174,.F.);
#229 = ORIENTED_EDGE('',*,*,#206,.F.);
#230 = ORIENTED_EDGE('',*,*,#231,.T.);
#231 = EDGE_CURVE('',#207,#232,#234,.T.);
#232 = VERTEX_POINT('',#233);
#233 = CARTESIAN_POINT('',(-2.358577683528,20.079155665929,
    -8.124381602864));
#234 = SURFACE_CURVE('',#235,(#293,#388),.PCURVE_S1.);
#235 = B_SPLINE_CURVE_WITH_KNOTS('',6,(#236,#237,#238,#239,#240,#241,
    #242,#243,#244,#245,#246,#247,#248,#249,#250,#251,#252,#253,#254,
    #255,#256,#257,#258,#259,#260,#261,#262,#263,#264,#265,#266,#267,
    #268,#269,#270,#271,#272,#273,#274,#275,#276,#277,#278,#279,#280,
    #281,#282,#283,#284,#285,#286,#287,#288,#289,#290,#291,#292),
  .UNSPECIFIED.,.F.,.F.,(7,5,5,5,5,5,5,5,5,5,5,7),(0.,0.3568741739,
    0.533487883315,0.646346049625,0.903290692523,1.,1.304370003521,
    1.492694371957,1.678682863646,1.790554225766,2.029670867905,
    2.154818277508),.UNSPECIFIED.);
#236 = CARTESIAN_POINT('',(-8.346125972742E-03,20.049141292464,
    8.501852723658));
#237 = CARTESIAN_POINT('',(0.78807122079,20.046774696543,8.501855940346)
  );
#238 = CARTESIAN_POINT('',(1.585364317459,20.044946043304,8.412093649593
    ));
#239 = CARTESIAN_POINT('',(2.370700109451,20.04364136561,8.232196865235)
  );
#240 = CARTESIAN_POINT('',(3.131672405967,20.042802774111,7.964297319896
    ));
#241 = CARTESIAN_POINT('',(3.856178012359,20.042351072231,7.612406078448
    ));
#242 = CARTESIAN_POINT('',(4.8676222737,20.042127607807,6.970971513635)
  );
#243 = CARTESIAN_POINT('',(5.190771747793,20.042127642181,6.739690831221
    ));
#244 = CARTESIAN_POINT('',(5.500865734116,20.042191442427,6.490279706859
    ));
#245 = CARTESIAN_POINT('',(5.796625846012,20.042308502191,6.223659444253
    ));
#246 = CARTESIAN_POINT('',(6.076861446996,20.042468551171,5.940875101122
    ));
#247 = CARTESIAN_POINT('',(6.508925865813,20.042785698058,5.45281538875)
  );
#248 = CARTESIAN_POINT('',(6.670592104918,20.042923013566,5.256408300746
    ));
#249 = CARTESIAN_POINT('',(6.825187572226,20.043071480575,5.05418133623)
  );
#250 = CARTESIAN_POINT('',(6.972446740579,20.043228745558,4.846455726435
    ));
#251 = CARTESIAN_POINT('',(7.112123975494,20.043392617473,4.633569540136
    ));
#252 = CARTESIAN_POINT('',(7.544221494088,20.043944579224,3.920257755079
    ));
#253 = CARTESIAN_POINT('',(7.804007287193,20.044351898765,3.399683124372
    ));
#254 = CARTESIAN_POINT('',(8.020631584269,20.044759302333,2.858411929404
    ));
#255 = CARTESIAN_POINT('',(8.192092247476,20.045148583767,2.300988589797
    ));
#256 = CARTESIAN_POINT('',(8.316976935585,20.045509169955,1.732187502607
    ));
#257 = CARTESIAN_POINT('',(8.423841235368,20.045962036059,0.940588103452
    ));
#258 = CARTESIAN_POINT('',(8.446372380824,20.046081408361,0.723215649758
    ));
#259 = CARTESIAN_POINT('',(8.462176207574,20.046196164479,0.505203760638
    ));
#260 = CARTESIAN_POINT('',(8.471231524761,20.046306310474,0.286817358782
    ));
#261 = CARTESIAN_POINT('',(8.473531575903,20.046412007336,
    6.832202446374E-02));
#262 = CARTESIAN_POINT('',(8.455086452854,20.046833218915,
    -0.837184058531));
#263 = CARTESIAN_POINT('',(8.374249630408,20.047111965822,
    -1.522901537007));
#264 = CARTESIAN_POINT('',(8.226782027152,20.047359486062,
    -2.198654982296));
#265 = CARTESIAN_POINT('',(8.014437560762,20.047600489975,
    -2.856392324014));
#266 = CARTESIAN_POINT('',(7.740079404483,20.047872580982,-3.48843612422
    ));
#267 = CARTESIAN_POINT('',(7.202550145635,20.048433241042,
    -4.458329767471));
#268 = CARTESIAN_POINT('',(6.974970379697,20.048675999656,
    -4.816514744053));
#269 = CARTESIAN_POINT('',(6.726263422634,20.048957467178,
    -5.160485969652));
#270 = CARTESIAN_POINT('',(6.457576260792,20.049288758807,
    -5.488711545591));
#271 = CARTESIAN_POINT('',(6.170188932581,20.049681250364,
    -5.799784555655));
#272 = CARTESIAN_POINT('',(5.564638425593,20.050604482212,
    -6.381451033797));
#273 = CARTESIAN_POINT('',(5.246889813758,20.051133465944,
    -6.652508945483));
#274 = CARTESIAN_POINT('',(4.913645200102,20.051743109976,-6.90438317182
    ));
#275 = CARTESIAN_POINT('',(4.566364197157,20.052443369018,
    -7.136007314735));
#276 = CARTESIAN_POINT('',(4.206593254579,20.053242994689,
    -7.346467454796));
#277 = CARTESIAN_POINT('',(3.61302502845,20.054693621634,-7.648397985519
    ));
#278 = CARTESIAN_POINT('',(3.386157592237,20.055276860301,
    -7.753865499628));
#279 = CARTESIAN_POINT('',(3.155709799487,20.055900023897,
    -7.851235074553));
#280 = CARTESIAN_POINT('',(2.922040405672,20.056564328818,
    -7.940362542391));
#281 = CARTESIAN_POINT('',(2.685514504518,20.057270689493,
    -8.021124777845));
#282 = CARTESIAN_POINT('',(1.935635500168,20.059620711424,
    -8.247944665813));
#283 = CARTESIAN_POINT('',(1.413394460178,20.061416649106,
    -8.363791566544));
#284 = CARTESIAN_POINT('',(0.883433757172,20.063413112376,
    -8.439948077814));
#285 = CARTESIAN_POINT('',(0.34944115279,20.06560848632,-8.475881689331)
  );
#286 = CARTESIAN_POINT('',(-0.184875766663,20.067991715145,
    -8.471462884572));
#287 = CARTESIAN_POINT('',(-0.993655657303,20.071875241786,
    -8.403757479087));
#288 = CARTESIAN_POINT('',(-1.270595823603,20.073254991656,
    -8.369532096124));
#289 = CARTESIAN_POINT('',(-1.546079820425,20.074677166858,
    -8.324388113849));
#290 = CARTESIAN_POINT('',(-1.819583165443,20.076137898476,
    -8.268403253103));
#291 = CARTESIAN_POINT('',(-2.090586918884,20.077632539722,
    -8.201687199388));
#292 = CARTESIAN_POINT('',(-2.358577683528,20.079155665929,
    -8.124381602864));
#293 = PCURVE('',#191,#294);
#294 = DEFINITIONAL_REPRESENTATION('',(#295),#387);
#295 = B_SPLINE_CURVE_WITH_KNOTS('',3,(#296,#297,#298,#299,#300,#301,
    #302,#303,#304,#305,#306,#307,#308,#309,#310,#311,#312,#313,#314,
    #315,#316,#317,#318,#319,#320,#321,#322,#323,#324,#325,#326,#327,
    #328,#329,#330,#331,#332,#333,#334,#335,#336,#337,#338,#339,#340,
    #341,#342,#343,#344,#345,#346,#347,#348,#349,#350,#351,#352,#353,
    #354,#355,#356,#357,#358,#359,#360,#361,#362,#363,#364,#365,#366,
    #367,#368,#369,#370,#371,#372,#373,#374,#375,#376,#377,#378,#379,
    #380,#381,#382,#383,#384,#385,#386),.UNSPECIFIED.,.F.,.F.,(4,1,1,1,1
    ,1,1,1,1,1,1,1,1,1,1,1,1,1,1,1,1,1,1,1,1,1,1,1,1,1,1,1,1,1,1,1,1,1,1
    ,1,1,1,1,1,1,1,1,1,1,1,1,1,1,1,1,1,1,1,1,1,1,1,1,1,1,1,1,1,1,1,1,1,1
    ,1,1,1,1,1,1,1,1,1,1,1,1,1,1,1,4),(0.,2.448657133532E-02,
    4.897314267063E-02,7.345971400595E-02,9.794628534126E-02,
    0.122432856677,0.146919428012,0.171405999347,0.195892570683,
    0.220379142018,0.244865713353,0.269352284688,0.293838856024,
    0.318325427359,0.342811998694,0.36729857003,0.391785141365,
    0.4162717127,0.440758284036,0.465244855371,0.489731426706,
    0.514217998042,0.538704569377,0.563191140712,0.587677712048,
    0.612164283383,0.636650854718,0.661137426054,0.685623997389,
    0.710110568724,0.734597140059,0.759083711395,0.78357028273,
    0.808056854065,0.832543425401,0.857029996736,0.881516568071,
    0.906003139407,0.930489710742,0.954976282077,0.979462853413,
    1.003949424748,1.028435996083,1.052922567419,1.077409138754,
    1.101895710089,1.126382281424,1.15086885276,1.175355424095,
    1.19984199543,1.224328566766,1.248815138101,1.273301709436,
    1.297788280772,1.322274852107,1.346761423442,1.371247994778,
    1.395734566113,1.420221137448,1.444707708784,1.469194280119,
    1.493680851454,1.51816742279,1.542653994125,1.56714056546,
    1.591627136795,1.616113708131,1.640600279466,1.665086850801,
    1.689573422137,1.714059993472,1.738546564807,1.763033136143,
    1.787519707478,1.812006278813,1.836492850149,1.860979421484,
    1.885465992819,1.909952564155,1.93443913549,1.958925706825,
    1.983412278161,2.007898849496,2.032385420831,2.056871992166,
    2.081358563502,2.105845134837,2.130331706172,2.154818277508),
  .QUASI_UNIFORM_KNOTS.);
#296 = CARTESIAN_POINT('',(0.,6.469376681472E-02));
#297 = CARTESIAN_POINT('',(1.288928425755E-02,6.426859387331E-02));
#298 = CARTESIAN_POINT('',(3.867258714794E-02,6.344939140725E-02));
#299 = CARTESIAN_POINT('',(7.736159338955E-02,6.231338063372E-02));
#300 = CARTESIAN_POINT('',(0.116064362964,6.126965716423E-02));
#301 = CARTESIAN_POINT('',(0.154781088035,6.031725441583E-02));
#302 = CARTESIAN_POINT('',(0.193512164804,5.945493434638E-02));
#303 = CARTESIAN_POINT('',(0.232258166985,5.868116648929E-02));
#304 = CARTESIAN_POINT('',(0.271019760093,5.799416249575E-02));
#305 = CARTESIAN_POINT('',(0.309797636852,5.739189491712E-02));
#306 = CARTESIAN_POINT('',(0.348592448743,5.687211932329E-02));
#307 = CARTESIAN_POINT('',(0.387404739554,5.643239464053E-02));
#308 = CARTESIAN_POINT('',(0.426234868442,5.607010307859E-02));
#309 = CARTESIAN_POINT('',(0.465082952686,5.578246928555E-02));
#310 = CARTESIAN_POINT('',(0.5039487084,5.556657880479E-02));
#311 = CARTESIAN_POINT('',(0.542831633284,5.541939590095E-02));
#312 = CARTESIAN_POINT('',(0.581729865221,5.533778040969E-02));
#313 = CARTESIAN_POINT('',(0.620645732991,5.531850362542E-02));
#314 = CARTESIAN_POINT('',(0.659578723525,5.535828656106E-02));
#315 = CARTESIAN_POINT('',(0.698528494735,5.54538083659E-02));
#316 = CARTESIAN_POINT('',(0.737494738335,5.560172558721E-02));
#317 = CARTESIAN_POINT('',(0.776477092017,5.579868962368E-02));
#318 = CARTESIAN_POINT('',(0.815475101323,5.604136542864E-02));
#319 = CARTESIAN_POINT('',(0.854487919074,5.6326447022E-02));
#320 = CARTESIAN_POINT('',(0.893515078325,5.66506860896E-02));
#321 = CARTESIAN_POINT('',(0.932555916649,5.701088099573E-02));
#322 = CARTESIAN_POINT('',(0.971609687307,5.740392810392E-02));
#323 = CARTESIAN_POINT('',(1.010675621575,5.782682126276E-02));
#324 = CARTESIAN_POINT('',(1.049752883592,5.827664714581E-02));
#325 = CARTESIAN_POINT('',(1.088841733528,5.875064302138E-02));
#326 = CARTESIAN_POINT('',(1.12794010346,5.92461526303E-02));
#327 = CARTESIAN_POINT('',(1.167046801246,5.976067718513E-02));
#328 = CARTESIAN_POINT('',(1.206160742745,6.029187873055E-02));
#329 = CARTESIAN_POINT('',(1.245281024986,6.083759100372E-02));
#330 = CARTESIAN_POINT('',(1.284406776781,6.139582656635E-02));
#331 = CARTESIAN_POINT('',(1.323537084792,6.196478346941E-02));
#332 = CARTESIAN_POINT('',(1.362670848087,6.254284963431E-02));
#333 = CARTESIAN_POINT('',(1.401806832386,6.312860895593E-02));
#334 = CARTESIAN_POINT('',(1.440942967759,6.372083492029E-02));
#335 = CARTESIAN_POINT('',(1.480078486679,6.43185254564E-02));
#336 = CARTESIAN_POINT('',(1.519212836027,6.49208916066E-02));
#337 = CARTESIAN_POINT('',(1.558344873884,6.552734221782E-02));
#338 = CARTESIAN_POINT('',(1.59747304795,6.613748854637E-02));
#339 = CARTESIAN_POINT('',(1.636598182653,6.675118693105E-02));
#340 = CARTESIAN_POINT('',(1.675718509304,6.736845729712E-02));
#341 = CARTESIAN_POINT('',(1.714832049672,6.79895167134E-02));
#342 = CARTESIAN_POINT('',(1.753937484586,6.861478786586E-02));
#343 = CARTESIAN_POINT('',(1.79303377182,6.924488766919E-02));
#344 = CARTESIAN_POINT('',(1.832120112387,6.988061981366E-02));
#345 = CARTESIAN_POINT('',(1.87119583363,7.052296487524E-02));
#346 = CARTESIAN_POINT('',(1.910260300226,7.117306967999E-02));
#347 = CARTESIAN_POINT('',(1.949312823049,7.183223552976E-02));
#348 = CARTESIAN_POINT('',(1.988352556997,7.250190517171E-02));
#349 = CARTESIAN_POINT('',(2.027378435305,7.31836493727E-02));
#350 = CARTESIAN_POINT('',(2.066388941327,7.387914977307E-02));
#351 = CARTESIAN_POINT('',(2.105382449187,7.459019046061E-02));
#352 = CARTESIAN_POINT('',(2.144360884305,7.531871063172E-02));
#353 = CARTESIAN_POINT('',(2.18332293582,7.606666772414E-02));
#354 = CARTESIAN_POINT('',(2.222268339668,7.683609763654E-02));
#355 = CARTESIAN_POINT('',(2.26119678692,7.762907936201E-02));
#356 = CARTESIAN_POINT('',(2.30010808327,7.844772062073E-02));
#357 = CARTESIAN_POINT('',(2.339002063942,7.929413891758E-02));
#358 = CARTESIAN_POINT('',(2.377878250765,8.017043519013E-02));
#359 = CARTESIAN_POINT('',(2.416736788346,8.107869706955E-02));
#360 = CARTESIAN_POINT('',(2.455577866751,8.202096660754E-02));
#361 = CARTESIAN_POINT('',(2.494401349395,8.299921373228E-02));
#362 = CARTESIAN_POINT('',(2.533207470488,8.401533323479E-02));
#363 = CARTESIAN_POINT('',(2.571996551438,8.50711187437E-02));
#364 = CARTESIAN_POINT('',(2.610768965257,8.616824227639E-02));
#365 = CARTESIAN_POINT('',(2.649525095444,8.730823449607E-02));
#366 = CARTESIAN_POINT('',(2.688265084576,8.849245656995E-02));
#367 = CARTESIAN_POINT('',(2.726989795743,8.972210856383E-02));
#368 = CARTESIAN_POINT('',(2.765699811585,9.099819920428E-02));
#369 = CARTESIAN_POINT('',(2.804395881917,9.232149968409E-02));
#370 = CARTESIAN_POINT('',(2.843078707738,9.369254930571E-02));
#371 = CARTESIAN_POINT('',(2.88174934155,9.511166829465E-02));
#372 = CARTESIAN_POINT('',(2.920408859108,9.657888429162E-02));
#373 = CARTESIAN_POINT('',(2.959057796716,9.809392748624E-02));
#374 = CARTESIAN_POINT('',(2.997697148305,9.965623927685E-02));
#375 = CARTESIAN_POINT('',(3.036328016949,0.101264948664));
#376 = CARTESIAN_POINT('',(3.074951622252,0.102918858206));
#377 = CARTESIAN_POINT('',(3.113569223495,0.1046164289));
#378 = CARTESIAN_POINT('',(3.152182042072,0.106355765362));
#379 = CARTESIAN_POINT('',(3.190791277296,0.108134606416));
#380 = CARTESIAN_POINT('',(3.229397743754,0.109950299315));
#381 = CARTESIAN_POINT('',(3.26800294279,0.11179984102));
#382 = CARTESIAN_POINT('',(3.306608452601,0.113679854968));
#383 = CARTESIAN_POINT('',(3.345215508154,0.115586548594));
#384 = CARTESIAN_POINT('',(3.383825497746,0.117515788577));
#385 = CARTESIAN_POINT('',(3.409568303159,0.118813870667));
#386 = CARTESIAN_POINT('',(3.422440627978,0.119465140268));
#387 = ( GEOMETRIC_REPRESENTATION_CONTEXT(2) 
PARAMETRIC_REPRESENTATION_CONTEXT() REPRESENTATION_CONTEXT('2D SPACE',''
  ) );
#388 = PCURVE('',#389,#394);
#389 = CONICAL_SURFACE('',#390,10.973633886791,1.344086164162);
#390 = AXIS2_PLACEMENT_3D('',#391,#392,#393);
#391 = CARTESIAN_POINT('',(-1.274404497742,19.465150761975,
    -0.149005383659));
#392 = DIRECTION('',(3.082957538032E-02,-0.999518171209,
    3.600375548588E-03));
#393 = DIRECTION('',(0.999524649502,3.082977519959E-02,
    1.355252715607E-20));
#394 = DEFINITIONAL_REPRESENTATION('',(#395),#487);
#395 = B_SPLINE_CURVE_WITH_KNOTS('',3,(#396,#397,#398,#399,#400,#401,
    #402,#403,#404,#405,#406,#407,#408,#409,#410,#411,#412,#413,#414,
    #415,#416,#417,#418,#419,#420,#421,#422,#423,#424,#425,#426,#427,
    #428,#429,#430,#431,#432,#433,#434,#435,#436,#437,#438,#439,#440,
    #441,#442,#443,#444,#445,#446,#447,#448,#449,#450,#451,#452,#453,
    #454,#455,#456,#457,#458,#459,#460,#461,#462,#463,#464,#465,#466,
    #467,#468,#469,#470,#471,#472,#473,#474,#475,#476,#477,#478,#479,
    #480,#481,#482,#483,#484,#485,#486),.UNSPECIFIED.,.F.,.F.,(4,1,1,1,1
    ,1,1,1,1,1,1,1,1,1,1,1,1,1,1,1,1,1,1,1,1,1,1,1,1,1,1,1,1,1,1,1,1,1,1
    ,1,1,1,1,1,1,1,1,1,1,1,1,1,1,1,1,1,1,1,1,1,1,1,1,1,1,1,1,1,1,1,1,1,1
    ,1,1,1,1,1,1,1,1,1,1,1,1,1,1,1,4),(0.,2.448657133532E-02,
    4.897314267063E-02,7.345971400595E-02,9.794628534126E-02,
    0.122432856677,0.146919428012,0.171405999347,0.195892570683,
    0.220379142018,0.244865713353,0.269352284688,0.293838856024,
    0.318325427359,0.342811998694,0.36729857003,0.391785141365,
    0.4162717127,0.440758284036,0.465244855371,0.489731426706,
    0.514217998042,0.538704569377,0.563191140712,0.587677712048,
    0.612164283383,0.636650854718,0.661137426054,0.685623997389,
    0.710110568724,0.734597140059,0.759083711395,0.78357028273,
    0.808056854065,0.832543425401,0.857029996736,0.881516568071,
    0.906003139407,0.930489710742,0.954976282077,0.979462853413,
    1.003949424748,1.028435996083,1.052922567419,1.077409138754,
    1.101895710089,1.126382281424,1.15086885276,1.175355424095,
    1.19984199543,1.224328566766,1.248815138101,1.273301709436,
    1.297788280772,1.322274852107,1.346761423442,1.371247994778,
    1.395734566113,1.420221137448,1.444707708784,1.469194280119,
    1.493680851454,1.51816742279,1.542653994125,1.56714056546,
    1.591627136795,1.616113708131,1.640600279466,1.665086850801,
    1.689573422137,1.714059993472,1.738546564807,1.763033136143,
    1.787519707478,1.812006278813,1.836492850149,1.860979421484,
    1.885465992819,1.909952564155,1.93443913549,1.958925706825,
    1.983412278161,2.007898849496,2.032385420831,2.056871992166,
    2.081358563502,2.105845134837,2.130331706172,2.154818277508),
  .QUASI_UNIFORM_KNOTS.);
#396 = CARTESIAN_POINT('',(-4.859644881322,-0.513530767026));
#397 = CARTESIAN_POINT('',(-4.871996952381,-0.509836729342));
#398 = CARTESIAN_POINT('',(-4.896640901005,-0.502488066533));
#399 = CARTESIAN_POINT('',(-4.933431392694,-0.491597359921));
#400 = CARTESIAN_POINT('',(-4.97005144817,-0.480853177374));
#401 = CARTESIAN_POINT('',(-5.006506602173,-0.470269102484));
#402 = CARTESIAN_POINT('',(-5.042802612794,-0.459858321687));
#403 = CARTESIAN_POINT('',(-5.078945431294,-0.449633588847));
#404 = CARTESIAN_POINT('',(-5.114941107334,-0.439607266717));
#405 = CARTESIAN_POINT('',(-5.150795720419,-0.429791344294));
#406 = CARTESIAN_POINT('',(-5.18651530946,-0.420197455996));
#407 = CARTESIAN_POINT('',(-5.222105806774,-0.410836895036));
#408 = CARTESIAN_POINT('',(-5.257572964751,-0.401720625571));
#409 = CARTESIAN_POINT('',(-5.292922302216,-0.392859287721));
#410 = CARTESIAN_POINT('',(-5.328158961416,-0.38426322376));
#411 = CARTESIAN_POINT('',(-5.363287873288,-0.37594243173));
#412 = CARTESIAN_POINT('',(-5.398312739172,-0.367906810758));
#413 = CARTESIAN_POINT('',(-5.433241012642,-0.360164986709));
#414 = CARTESIAN_POINT('',(-5.468077552267,-0.35272576179));
#415 = CARTESIAN_POINT('',(-5.50282735681,-0.345597575914));
#416 = CARTESIAN_POINT('',(-5.537495430726,-0.33878845641));
#417 = CARTESIAN_POINT('',(-5.572086706335,-0.332306020898));
#418 = CARTESIAN_POINT('',(-5.60660601003,-0.326157481103));
#419 = CARTESIAN_POINT('',(-5.641057801474,-0.320349751873));
#420 = CARTESIAN_POINT('',(-5.675446855345,-0.314889279134));
#421 = CARTESIAN_POINT('',(-5.709777751664,-0.309782122769));
#422 = CARTESIAN_POINT('',(-5.744054976537,-0.305033943291));
#423 = CARTESIAN_POINT('',(-5.778282976955,-0.300649964051));
#424 = CARTESIAN_POINT('',(-5.812466125358,-0.296635048702));
#425 = CARTESIAN_POINT('',(-5.846609732454,-0.292993522006));
#426 = CARTESIAN_POINT('',(-5.880717059293,-0.2897295221));
#427 = CARTESIAN_POINT('',(-5.914792121887,-0.286846656527));
#428 = CARTESIAN_POINT('',(-5.948839017988,-0.284348095084));
#429 = CARTESIAN_POINT('',(-5.982861992112,-0.28223656862));
#430 = CARTESIAN_POINT('',(-6.016865306425,-0.28051438566));
#431 = CARTESIAN_POINT('',(-6.050853178233,-0.279183435556));
#432 = CARTESIAN_POINT('',(-6.084829655603,-0.278245186464));
#433 = CARTESIAN_POINT('',(-6.118798666395,-0.277700677118));
#434 = CARTESIAN_POINT('',(-6.152763410559,-0.277550504818));
#435 = CARTESIAN_POINT('',(-6.186728216742,-0.27779481365));
#436 = CARTESIAN_POINT('',(-6.220697599513,-0.278433326958));
#437 = CARTESIAN_POINT('',(-6.254675564514,-0.279465357123));
#438 = CARTESIAN_POINT('',(-6.288665763957,-0.280889742799));
#439 = CARTESIAN_POINT('',(-6.322673920765,-0.282705015756));
#440 = CARTESIAN_POINT('',(-6.356703513846,-0.284909181925));
#441 = CARTESIAN_POINT('',(-6.390757846,-0.287499779582));
#442 = CARTESIAN_POINT('',(-6.424840801437,-0.290473936543));
#443 = CARTESIAN_POINT('',(-6.458956516111,-0.293828364787));
#444 = CARTESIAN_POINT('',(-6.493109350835,-0.297559371359));
#445 = CARTESIAN_POINT('',(-6.527303791721,-0.301662860638));
#446 = CARTESIAN_POINT('',(-6.561544374295,-0.306134331828));
#447 = CARTESIAN_POINT('',(-6.595835604998,-0.310968869574));
#448 = CARTESIAN_POINT('',(-6.630181871959,-0.316161126195));
#449 = CARTESIAN_POINT('',(-6.664587386376,-0.321705303247));
#450 = CARTESIAN_POINT('',(-6.699055979624,-0.327595108499));
#451 = CARTESIAN_POINT('',(-6.733591396468,-0.333823787355));
#452 = CARTESIAN_POINT('',(-6.76820055213,-0.340384764486));
#453 = CARTESIAN_POINT('',(-6.802887522513,-0.347270567033));
#454 = CARTESIAN_POINT('',(-6.837657330941,-0.354473482837));
#455 = CARTESIAN_POINT('',(-6.872514985259,-0.361985402685));
#456 = CARTESIAN_POINT('',(-6.907465618144,-0.369797844932));
#457 = CARTESIAN_POINT('',(-6.942514411548,-0.377901949176));
#458 = CARTESIAN_POINT('',(-6.977666284632,-0.386288385909));
#459 = CARTESIAN_POINT('',(-7.012926734856,-0.394947606051));
#460 = CARTESIAN_POINT('',(-7.048301326474,-0.403869617941));
#461 = CARTESIAN_POINT('',(-7.083795339075,-0.413044026146));
#462 = CARTESIAN_POINT('',(-7.119414400977,-0.422460159595));
#463 = CARTESIAN_POINT('',(-7.155164233163,-0.432106970358));
#464 = CARTESIAN_POINT('',(-7.191050612788,-0.441973024486));
#465 = CARTESIAN_POINT('',(-7.227079330642,-0.452046502846));
#466 = CARTESIAN_POINT('',(-7.263255941999,-0.46231521936));
#467 = CARTESIAN_POINT('',(-7.29958666639,-0.472766766195));
#468 = CARTESIAN_POINT('',(-7.336077449877,-0.483388261174));
#469 = CARTESIAN_POINT('',(-7.3727343666,-0.494166561221));
#470 = CARTESIAN_POINT('',(-7.409563412733,-0.50508811799));
#471 = CARTESIAN_POINT('',(-7.446570877629,-0.516139093209));
#472 = CARTESIAN_POINT('',(-7.483763020571,-0.527305330275));
#473 = CARTESIAN_POINT('',(-7.521145513345,-0.538572141566));
#474 = CARTESIAN_POINT('',(-7.55872438115,-0.549924617909));
#475 = CARTESIAN_POINT('',(-7.596505657893,-0.561347528037));
#476 = CARTESIAN_POINT('',(-7.63449537696,-0.572825327536));
#477 = CARTESIAN_POINT('',(-7.672699478613,-0.584342141785));
#478 = CARTESIAN_POINT('',(-7.71112371153,-0.595881748611));
#479 = CARTESIAN_POINT('',(-7.74977362507,-0.60742758946));
#480 = CARTESIAN_POINT('',(-7.788654175441,-0.618962668783));
#481 = CARTESIAN_POINT('',(-7.827770774422,-0.630469888994));
#482 = CARTESIAN_POINT('',(-7.867128665117,-0.641931871415));
#483 = CARTESIAN_POINT('',(-7.906732444535,-0.653330857816));
#484 = CARTESIAN_POINT('',(-7.946586585335,-0.664648878153));
#485 = CARTESIAN_POINT('',(-7.9733255003,-0.672128023509));
#486 = CARTESIAN_POINT('',(-7.986738003453,-0.675848007201));
#487 = ( GEOMETRIC_REPRESENTATION_CONTEXT(2) 
PARAMETRIC_REPRESENTATION_CONTEXT() REPRESENTATION_CONTEXT('2D SPACE',''
  ) );
#488 = ORIENTED_EDGE('',*,*,#489,.T.);
#489 = EDGE_CURVE('',#232,#490,#492,.T.);
#490 = VERTEX_POINT('',#491);
#491 = CARTESIAN_POINT('',(-6.557589465729,19.959587379416,
    -5.362704367477));
#492 = SURFACE_CURVE('',#493,(#498,#510),.PCURVE_S1.);
#493 = ELLIPSE('',#494,8.483010351432,8.479193302302);
#494 = AXIS2_PLACEMENT_3D('',#495,#496,#497);
#495 = CARTESIAN_POINT('',(-8.477809622252E-03,20.180989047279,
    2.247238089366E-02));
#496 = DIRECTION('',(-3.082957538032E-02,0.999518171209,
    -3.600375548588E-03));
#497 = DIRECTION('',(0.996726464582,3.101241170546E-02,
    7.466314433142E-02));
#498 = PCURVE('',#191,#499);
#499 = DEFINITIONAL_REPRESENTATION('',(#500),#509);
#500 = B_SPLINE_CURVE_WITH_KNOTS('',7,(#501,#502,#503,#504,#505,#506,
    #507,#508),.UNSPECIFIED.,.F.,.F.,(8,8),(0.241585318154,
    2.542004676709),.PIECEWISE_BEZIER_KNOTS.);
#501 = CARTESIAN_POINT('',(1.737573031541,0.455128868522));
#502 = CARTESIAN_POINT('',(2.066204368478,0.435123259133));
#503 = CARTESIAN_POINT('',(2.394835705414,0.383986326684));
#504 = CARTESIAN_POINT('',(2.72346704235,0.305264195299));
#505 = CARTESIAN_POINT('',(3.052098379287,0.210643888577));
#506 = CARTESIAN_POINT('',(3.380729716223,0.118841798126));
#507 = CARTESIAN_POINT('',(3.70936105316,4.518697928729E-02));
#508 = CARTESIAN_POINT('',(4.037992390096,-2.00040000005E-03));
#509 = ( GEOMETRIC_REPRESENTATION_CONTEXT(2) 
PARAMETRIC_REPRESENTATION_CONTEXT() REPRESENTATION_CONTEXT('2D SPACE',''
  ) );
#510 = PCURVE('',#511,#516);
#511 = PLANE('',#512);
#512 = AXIS2_PLACEMENT_3D('',#513,#514,#515);
#513 = CARTESIAN_POINT('',(-1.295240604826,20.140673126148,
    -0.151438690299));
#514 = DIRECTION('',(-3.082957538032E-02,0.999518171209,
    -3.600375548588E-03));
#515 = DIRECTION('',(0.999524649502,3.082977519959E-02,
    1.355252715607E-20));
#516 = DEFINITIONAL_REPRESENTATION('',(#517),#521);
#517 = ELLIPSE('',#518,8.483010351432,8.479193302302);
#518 = AXIS2_PLACEMENT_2D('',#519,#520);
#519 = CARTESIAN_POINT('',(1.287394062653,-0.173912198382));
#520 = DIRECTION('',(0.997208775842,-7.466362825424E-02));
#521 = ( GEOMETRIC_REPRESENTATION_CONTEXT(2) 
PARAMETRIC_REPRESENTATION_CONTEXT() REPRESENTATION_CONTEXT('2D SPACE',''
  ) );
#522 = ORIENTED_EDGE('',*,*,#523,.T.);
#523 = EDGE_CURVE('',#490,#524,#526,.T.);
#524 = VERTEX_POINT('',#525);
#525 = CARTESIAN_POINT('',(-7.287178325921,19.97214849793,4.371830403965
    ));
#526 = SURFACE_CURVE('',#527,(#532,#539),.PCURVE_S1.);
#527 = CIRCLE('',#528,8.479193302302);
#528 = AXIS2_PLACEMENT_3D('',#529,#530,#531);
#529 = CARTESIAN_POINT('',(-8.286706713132E-03,19.972922664643,
    2.275518568192E-02));
#530 = DIRECTION('',(-9.18469622856E-04,0.99999865449,
    -1.359202789798E-03));
#531 = DIRECTION('',(-2.117582368136E-22,1.359203363101E-03,
    0.999999076283));
#532 = PCURVE('',#191,#533);
#533 = DEFINITIONAL_REPRESENTATION('',(#534),#538);
#534 = LINE('',#535,#536);
#535 = CARTESIAN_POINT('',(0.,0.));
#536 = VECTOR('',#537,1.);
#537 = DIRECTION('',(1.,0.));
#538 = ( GEOMETRIC_REPRESENTATION_CONTEXT(2) 
PARAMETRIC_REPRESENTATION_CONTEXT() REPRESENTATION_CONTEXT('2D SPACE',''
  ) );
#539 = PCURVE('',#540,#545);
#540 = PLANE('',#541);
#541 = AXIS2_PLACEMENT_3D('',#542,#543,#544);
#542 = CARTESIAN_POINT('',(-8.286706713132E-03,19.972922664643,
    2.275518568192E-02));
#543 = DIRECTION('',(-9.18469622856E-04,0.99999865449,
    -1.359202789798E-03));
#544 = DIRECTION('',(0.,1.359203363101E-03,0.999999076283));
#545 = DEFINITIONAL_REPRESENTATION('',(#546),#550);
#546 = CIRCLE('',#547,8.479193302302);
#547 = AXIS2_PLACEMENT_2D('',#548,#549);
#548 = CARTESIAN_POINT('',(0.,0.));
#549 = DIRECTION('',(1.,0.));
#550 = ( GEOMETRIC_REPRESENTATION_CONTEXT(2) 
PARAMETRIC_REPRESENTATION_CONTEXT() REPRESENTATION_CONTEXT('2D SPACE',''
  ) );
#551 = ORIENTED_EDGE('',*,*,#552,.T.);
#552 = EDGE_CURVE('',#524,#553,#555,.T.);
#553 = VERTEX_POINT('',#554);
#554 = CARTESIAN_POINT('',(-4.438737066167,20.070382941872,
    7.252329142056));
#555 = SURFACE_CURVE('',#556,(#561,#572),.PCURVE_S1.);
#556 = ELLIPSE('',#557,8.483010351432,8.479193302302);
#557 = AXIS2_PLACEMENT_3D('',#558,#559,#560);
#558 = CARTESIAN_POINT('',(-8.477809622252E-03,20.180989047279,
    2.247238089366E-02));
#559 = DIRECTION('',(-3.082957538032E-02,0.999518171209,
    -3.600375548588E-03));
#560 = DIRECTION('',(0.996726464582,3.101241170546E-02,
    7.466314433142E-02));
#561 = PCURVE('',#191,#562);
#562 = DEFINITIONAL_REPRESENTATION('',(#563),#571);
#563 = B_SPLINE_CURVE_WITH_KNOTS('',6,(#564,#565,#566,#567,#568,#569,
    #570),.UNSPECIFIED.,.F.,.F.,(7,7),(3.74118063047,4.787197593793),
  .PIECEWISE_BEZIER_KNOTS.);
#564 = CARTESIAN_POINT('',(5.237168343857,-2.000400000046E-03));
#565 = CARTESIAN_POINT('',(5.411504504411,2.303210788017E-02));
#566 = CARTESIAN_POINT('',(5.585840664965,5.572577334205E-02));
#567 = CARTESIAN_POINT('',(5.760176825518,9.471365043115E-02));
#568 = CARTESIAN_POINT('',(5.934512986072,0.137918787713));
#569 = CARTESIAN_POINT('',(6.108849146626,0.18284804858));
#570 = CARTESIAN_POINT('',(6.28318530718,0.227084076781));
#571 = ( GEOMETRIC_REPRESENTATION_CONTEXT(2) 
PARAMETRIC_REPRESENTATION_CONTEXT() REPRESENTATION_CONTEXT('2D SPACE',''
  ) );
#572 = PCURVE('',#511,#573);
#573 = DEFINITIONAL_REPRESENTATION('',(#574),#578);
#574 = ELLIPSE('',#575,8.483010351432,8.479193302302);
#575 = AXIS2_PLACEMENT_2D('',#576,#577);
#576 = CARTESIAN_POINT('',(1.287394062653,-0.173912198382));
#577 = DIRECTION('',(0.997208775842,-7.466362825424E-02));
#578 = ( GEOMETRIC_REPRESENTATION_CONTEXT(2) 
PARAMETRIC_REPRESENTATION_CONTEXT() REPRESENTATION_CONTEXT('2D SPACE',''
  ) );
#579 = ORIENTED_EDGE('',*,*,#580,.T.);
#580 = EDGE_CURVE('',#553,#207,#581,.T.);
#581 = SURFACE_CURVE('',#582,(#609,#639),.PCURVE_S1.);
#582 = B_SPLINE_CURVE_WITH_KNOTS('',4,(#583,#584,#585,#586,#587,#588,
    #589,#590,#591,#592,#593,#594,#595,#596,#597,#598,#599,#600,#601,
    #602,#603,#604,#605,#606,#607,#608),.UNSPECIFIED.,.F.,.F.,(5,3,3,3,3
    ,3,3,3,5),(0.,0.125657915338,0.250328497557,0.375003427477,
    0.49966934133,0.624313230705,0.748922659401,0.87348595191,1.),
  .UNSPECIFIED.);
#583 = CARTESIAN_POINT('',(-4.438737066167,20.070382941872,
    7.252329142056));
#584 = CARTESIAN_POINT('',(-4.313887885431,20.069515748088,
    7.328837528586));
#585 = CARTESIAN_POINT('',(-4.18728765835,20.068660768237,7.402464808485
    ));
#586 = CARTESIAN_POINT('',(-4.059034136984,20.067819217454,
    7.473152584105));
#587 = CARTESIAN_POINT('',(-3.800442795596,20.066171541391,
    7.608013326599));
#588 = CARTESIAN_POINT('',(-3.670129254277,20.065365189586,
    7.672233126008));
#589 = CARTESIAN_POINT('',(-3.538386696721,20.064574084542,
    7.733457578954));
#590 = CARTESIAN_POINT('',(-3.272242531753,20.063024004645,
    7.849829163757));
#591 = CARTESIAN_POINT('',(-3.137840815331,20.062265030899,
    7.904976090972));
#592 = CARTESIAN_POINT('',(-3.002213607803,20.061522968572,
    7.957038804337));
#593 = CARTESIAN_POINT('',(-2.728727074318,20.060074027468,
    8.054916701716));
#594 = CARTESIAN_POINT('',(-2.590867893539,20.059367146232,
    8.100732344327));
#595 = CARTESIAN_POINT('',(-2.451992319834,20.058678481936,
    8.143388676557));
#596 = CARTESIAN_POINT('',(-2.172446662152,20.057338665014,
    8.222313605981));
#597 = CARTESIAN_POINT('',(-2.03177688193,20.056687505949,8.258583337047
    ));
#598 = CARTESIAN_POINT('',(-1.890304537729,20.056055516398,
    8.291632765346));
#599 = CARTESIAN_POINT('',(-1.606011437766,20.054830667999,
    8.351234364968));
#600 = CARTESIAN_POINT('',(-1.463191047219,20.054237798619,
    8.377788336289));
#601 = CARTESIAN_POINT('',(-1.31978578145,20.053664710164,8.401075413103
    ));
#602 = CARTESIAN_POINT('',(-1.032079206353,20.052558601424,
    8.441073980049));
#603 = CARTESIAN_POINT('',(-0.887778229164,20.05202556668,8.457787907156
    ));
#604 = CARTESIAN_POINT('',(-0.743113025334,20.051512599642,
    8.471203003862));
#605 = CARTESIAN_POINT('',(-0.451007255138,20.050519082497,
    8.491573696001));
#606 = CARTESIAN_POINT('',(-0.303558682356,20.050039166236,
    8.498424845669));
#607 = CARTESIAN_POINT('',(-0.155965815568,20.049579952115,
    8.501852127429));
#608 = CARTESIAN_POINT('',(-8.346125972742E-03,20.049141292464,
    8.501852723658));
#609 = PCURVE('',#191,#610);
#610 = DEFINITIONAL_REPRESENTATION('',(#611),#638);
#611 = B_SPLINE_CURVE_WITH_KNOTS('',4,(#612,#613,#614,#615,#616,#617,
    #618,#619,#620,#621,#622,#623,#624,#625,#626,#627,#628,#629,#630,
    #631,#632,#633,#634,#635,#636,#637),.UNSPECIFIED.,.F.,.F.,(5,3,3,3,3
    ,3,3,3,5),(0.,0.125657915338,0.250328497557,0.375003427477,
    0.49966934133,0.624313230705,0.748922659401,0.87348595191,1.),
  .UNSPECIFIED.);
#612 = CARTESIAN_POINT('',(5.733406361616,9.170292307582E-02));
#613 = CARTESIAN_POINT('',(5.750675161213,9.061706986635E-02));
#614 = CARTESIAN_POINT('',(5.767942504601,8.954573829883E-02));
#615 = CARTESIAN_POINT('',(5.785208701566,8.849031266307E-02));
#616 = CARTESIAN_POINT('',(5.819603775795,8.64218274275E-02));
#617 = CARTESIAN_POINT('',(5.836732666545,8.540849994785E-02));
#618 = CARTESIAN_POINT('',(5.853861049435,8.441317798386E-02));
#619 = CARTESIAN_POINT('',(5.888118014726,8.246048225921E-02));
#620 = CARTESIAN_POINT('',(5.905246597621,8.150310978279E-02));
#621 = CARTESIAN_POINT('',(5.922375291039,8.056571519939E-02));
#622 = CARTESIAN_POINT('',(5.956632267233,7.873255106005E-02));
#623 = CARTESIAN_POINT('',(5.973760550488,7.783677855629E-02));
#624 = CARTESIAN_POINT('',(5.990889551602,7.696258358504E-02));
#625 = CARTESIAN_POINT('',(6.025146549215,7.525873928698E-02));
#626 = CARTESIAN_POINT('',(6.042274545929,7.442908225888E-02));
#627 = CARTESIAN_POINT('',(6.059403846402,7.362223463164E-02));
#628 = CARTESIAN_POINT('',(6.093660874664,7.205526264399E-02));
#629 = CARTESIAN_POINT('',(6.110788602189,7.129512563964E-02));
#630 = CARTESIAN_POINT('',(6.127918188816,7.055867271561E-02));
#631 = CARTESIAN_POINT('',(6.162175255677,6.913394955125E-02));
#632 = CARTESIAN_POINT('',(6.179302734994,6.844566184384E-02));
#633 = CARTESIAN_POINT('',(6.196432590341,6.778159106398E-02));
#634 = CARTESIAN_POINT('',(6.230965834696,6.649209707718E-02));
#635 = CARTESIAN_POINT('',(6.248369307069,6.586744232469E-02));
#636 = CARTESIAN_POINT('',(6.265775723606,6.526801088639E-02));
#637 = CARTESIAN_POINT('',(6.28318530718,6.46937668148E-02));
#638 = ( GEOMETRIC_REPRESENTATION_CONTEXT(2) 
PARAMETRIC_REPRESENTATION_CONTEXT() REPRESENTATION_CONTEXT('2D SPACE',''
  ) );
#639 = PCURVE('',#389,#640);
#640 = DEFINITIONAL_REPRESENTATION('',(#641),#668);
#641 = B_SPLINE_CURVE_WITH_KNOTS('',4,(#642,#643,#644,#645,#646,#647,
    #648,#649,#650,#651,#652,#653,#654,#655,#656,#657,#658,#659,#660,
    #661,#662,#663,#664,#665,#666,#667),.UNSPECIFIED.,.F.,.F.,(5,3,3,3,3
    ,3,3,3,5),(0.,0.125657915338,0.250328497557,0.375003427477,
    0.49966934133,0.624313230705,0.748922659401,0.87348595191,1.),
  .UNSPECIFIED.);
#642 = CARTESIAN_POINT('',(-4.310798935826,-0.675848007201));
#643 = CARTESIAN_POINT('',(-4.328792478135,-0.670856725103));
#644 = CARTESIAN_POINT('',(-4.346717252216,-0.665834040104));
#645 = CARTESIAN_POINT('',(-4.36457407118,-0.660784390661));
#646 = CARTESIAN_POINT('',(-4.400013994309,-0.650679697923));
#647 = CARTESIAN_POINT('',(-4.417598146335,-0.645625008101));
#648 = CARTESIAN_POINT('',(-4.435117343567,-0.640552286102));
#649 = CARTESIAN_POINT('',(-4.470028640246,-0.630378860074));
#650 = CARTESIAN_POINT('',(-4.487420734973,-0.625278154527));
#651 = CARTESIAN_POINT('',(-4.504750073111,-0.620167675209));
#652 = CARTESIAN_POINT('',(-4.539284405841,-0.609935561358));
#653 = CARTESIAN_POINT('',(-4.556489409177,-0.604813927193));
#654 = CARTESIAN_POINT('',(-4.573634082468,-0.599690540931));
#655 = CARTESIAN_POINT('',(-4.607802331291,-0.58944893626));
#656 = CARTESIAN_POINT('',(-4.62482592764,-0.584330716697));
#657 = CARTESIAN_POINT('',(-4.641791794532,-0.579218509003));
#658 = CARTESIAN_POINT('',(-4.675606091112,-0.569015027073));
#659 = CARTESIAN_POINT('',(-4.692454552042,-0.56392374709));
#660 = CARTESIAN_POINT('',(-4.709248009977,-0.558845969092));
#661 = CARTESIAN_POINT('',(-4.742721494314,-0.548726511901));
#662 = CARTESIAN_POINT('',(-4.759401560593,-0.54368481972));
#663 = CARTESIAN_POINT('',(-4.776029434134,-0.538663833652));
#664 = CARTESIAN_POINT('',(-4.809443219036,-0.528591956209));
#665 = CARTESIAN_POINT('',(-4.826227527696,-0.523541827584));
#666 = CARTESIAN_POINT('',(-4.842960920769,-0.518520269812));
#667 = CARTESIAN_POINT('',(-4.859644881322,-0.513530767026));
#668 = ( GEOMETRIC_REPRESENTATION_CONTEXT(2) 
PARAMETRIC_REPRESENTATION_CONTEXT() REPRESENTATION_CONTEXT('2D SPACE',''
  ) );
#669 = ADVANCED_FACE('',(#670),#389,.T.);
#670 = FACE_BOUND('',#671,.T.);
#671 = EDGE_LOOP('',(#672,#673,#696,#736,#771,#792));
#672 = ORIENTED_EDGE('',*,*,#580,.F.);
#673 = ORIENTED_EDGE('',*,*,#674,.F.);
#674 = EDGE_CURVE('',#675,#553,#677,.T.);
#675 = VERTEX_POINT('',#676);
#676 = CARTESIAN_POINT('',(-9.138896766933,19.905106493466,
    1.616004434694));
#677 = SURFACE_CURVE('',#678,(#683,#689),.PCURVE_S1.);
#678 = CIRCLE('',#679,8.043773295405);
#679 = AXIS2_PLACEMENT_3D('',#680,#681,#682);
#680 = CARTESIAN_POINT('',(-1.295240604826,20.140673126148,
    -0.151438690299));
#681 = DIRECTION('',(-3.082957538032E-02,0.999518171209,
    -3.600375548588E-03));
#682 = DIRECTION('',(0.999524649502,3.082977519959E-02,
    1.355252715607E-20));
#683 = PCURVE('',#389,#684);
#684 = DEFINITIONAL_REPRESENTATION('',(#685),#688);
#685 = B_SPLINE_CURVE_WITH_KNOTS('',1,(#686,#687),.UNSPECIFIED.,.F.,.F.,
  (2,2),(3.363129876769,4.310798935826),.PIECEWISE_BEZIER_KNOTS.);
#686 = CARTESIAN_POINT('',(-3.363129876769,-0.675848007201));
#687 = CARTESIAN_POINT('',(-4.310798935826,-0.675848007201));
#688 = ( GEOMETRIC_REPRESENTATION_CONTEXT(2) 
PARAMETRIC_REPRESENTATION_CONTEXT() REPRESENTATION_CONTEXT('2D SPACE',''
  ) );
#689 = PCURVE('',#511,#690);
#690 = DEFINITIONAL_REPRESENTATION('',(#691),#695);
#691 = CIRCLE('',#692,8.043773295405);
#692 = AXIS2_PLACEMENT_2D('',#693,#694);
#693 = CARTESIAN_POINT('',(0.,0.));
#694 = DIRECTION('',(1.,0.));
#695 = ( GEOMETRIC_REPRESENTATION_CONTEXT(2) 
PARAMETRIC_REPRESENTATION_CONTEXT() REPRESENTATION_CONTEXT('2D SPACE',''
  ) );
#696 = ORIENTED_EDGE('',*,*,#697,.F.);
#697 = EDGE_CURVE('',#698,#675,#700,.T.);
#698 = VERTEX_POINT('',#699);
#699 = CARTESIAN_POINT('',(9.109379481006,19.919467338313,
    -0.149487732305));
#700 = SURFACE_CURVE('',#701,(#706,#724),.PCURVE_S1.);
#701 = ELLIPSE('',#702,9.204453434872,9.122127636898);
#702 = AXIS2_PLACEMENT_3D('',#703,#704,#705);
#703 = CARTESIAN_POINT('',(-9.405284943983E-02,19.911134370176,
    -6.111527069113E-02));
#704 = DIRECTION('',(9.18469622856E-04,-0.99999865449,1.359202789798E-03
    ));
#705 = DIRECTION('',(0.997202719777,1.017485252472E-03,
    7.473754339902E-02));
#706 = PCURVE('',#389,#707);
#707 = DEFINITIONAL_REPRESENTATION('',(#708),#723);
#708 = B_SPLINE_CURVE_WITH_KNOTS('',7,(#709,#710,#711,#712,#713,#714,
    #715,#716,#717,#718,#719,#720,#721,#722),.UNSPECIFIED.,.F.,.F.,(8,6,
    8),(6.198017994363,7.681210838379,9.164403682395),.UNSPECIFIED.);
#709 = CARTESIAN_POINT('',(-6.28318530718,-0.133971759262));
#710 = CARTESIAN_POINT('',(-6.0972076048,-0.128995529837));
#711 = CARTESIAN_POINT('',(-5.911680402879,-0.138428105511));
#712 = CARTESIAN_POINT('',(-5.725035241004,-0.162632750419));
#713 = CARTESIAN_POINT('',(-5.535692737963,-0.200396072829));
#714 = CARTESIAN_POINT('',(-5.342137144473,-0.248827901083));
#715 = CARTESIAN_POINT('',(-5.143015875809,-0.303970319643));
#716 = CARTESIAN_POINT('',(-4.732038904718,-0.419227582223));
#717 = CARTESIAN_POINT('',(-4.520182607302,-0.479342126886));
#718 = CARTESIAN_POINT('',(-4.30115810887,-0.537717678167));
#719 = CARTESIAN_POINT('',(-4.074697573523,-0.589851556997));
#720 = CARTESIAN_POINT('',(-3.841433850374,-0.631753758008));
#721 = CARTESIAN_POINT('',(-3.603419991093,-0.66078774981));
#722 = CARTESIAN_POINT('',(-3.363129876769,-0.675848007201));
#723 = ( GEOMETRIC_REPRESENTATION_CONTEXT(2) 
PARAMETRIC_REPRESENTATION_CONTEXT() REPRESENTATION_CONTEXT('2D SPACE',''
  ) );
#724 = PCURVE('',#725,#730);
#725 = PLANE('',#726);
#726 = AXIS2_PLACEMENT_3D('',#727,#728,#729);
#727 = CARTESIAN_POINT('',(-8.230133171874E-03,19.911327306745,
    2.283890637686E-02));
#728 = DIRECTION('',(9.18469622856E-04,-0.99999865449,1.359202789798E-03
    ));
#729 = DIRECTION('',(0.,-1.359203363101E-03,-0.999999076283));
#730 = DEFINITIONAL_REPRESENTATION('',(#731),#735);
#731 = ELLIPSE('',#732,9.204453434872,9.122127636898);
#732 = AXIS2_PLACEMENT_2D('',#733,#734);
#733 = CARTESIAN_POINT('',(8.39543617581E-02,-8.582275246742E-02));
#734 = DIRECTION('',(-7.473885733204E-02,0.997203140391));
#735 = ( GEOMETRIC_REPRESENTATION_CONTEXT(2) 
PARAMETRIC_REPRESENTATION_CONTEXT() REPRESENTATION_CONTEXT('2D SPACE',''
  ) );
#736 = ORIENTED_EDGE('',*,*,#737,.F.);
#737 = EDGE_CURVE('',#738,#698,#740,.T.);
#738 = VERTEX_POINT('',#739);
#739 = CARTESIAN_POINT('',(-8.787860324862,19.899062801474,
    -3.067697082452));
#740 = SURFACE_CURVE('',#741,(#746,#764),.PCURVE_S1.);
#741 = ELLIPSE('',#742,9.204453434872,9.122127636898);
#742 = AXIS2_PLACEMENT_3D('',#743,#744,#745);
#743 = CARTESIAN_POINT('',(-9.405284943983E-02,19.911134370176,
    -6.111527069113E-02));
#744 = DIRECTION('',(9.18469622856E-04,-0.99999865449,1.359202789798E-03
    ));
#745 = DIRECTION('',(0.997202719777,1.017485252472E-03,
    7.473754339902E-02));
#746 = PCURVE('',#389,#747);
#747 = DEFINITIONAL_REPRESENTATION('',(#748),#763);
#748 = B_SPLINE_CURVE_WITH_KNOTS('',7,(#749,#750,#751,#752,#753,#754,
    #755,#756,#757,#758,#759,#760,#761,#762),.UNSPECIFIED.,.F.,.F.,(8,6,
    8),(3.401966931964,4.799992463164,6.198017994363),.UNSPECIFIED.);
#749 = CARTESIAN_POINT('',(-9.053774390494,-0.675848007201));
#750 = CARTESIAN_POINT('',(-8.827282120069,-0.661652533952));
#751 = CARTESIAN_POINT('',(-8.60281206849,-0.635042072429));
#752 = CARTESIAN_POINT('',(-8.3824368122,-0.596942217289));
#753 = CARTESIAN_POINT('',(-8.167893462593,-0.549487881137));
#754 = CARTESIAN_POINT('',(-7.959849622202,-0.495888843814));
#755 = CARTESIAN_POINT('',(-7.758211478108,-0.43983586401));
#756 = CARTESIAN_POINT('',(-7.366626981767,-0.329977918281));
#757 = CARTESIAN_POINT('',(-7.176680101641,-0.276173132139));
#758 = CARTESIAN_POINT('',(-6.992017583028,-0.227070309035));
#759 = CARTESIAN_POINT('',(-6.811594634848,-0.186141201928));
#760 = CARTESIAN_POINT('',(-6.634182450095,-0.156154228492));
#761 = CARTESIAN_POINT('',(-6.458483871496,-0.138662245609));
#762 = CARTESIAN_POINT('',(-6.28318530718,-0.133971759262));
#763 = ( GEOMETRIC_REPRESENTATION_CONTEXT(2) 
PARAMETRIC_REPRESENTATION_CONTEXT() REPRESENTATION_CONTEXT('2D SPACE',''
  ) );
#764 = PCURVE('',#725,#765);
#765 = DEFINITIONAL_REPRESENTATION('',(#766),#770);
#766 = ELLIPSE('',#767,9.204453434872,9.122127636898);
#767 = AXIS2_PLACEMENT_2D('',#768,#769);
#768 = CARTESIAN_POINT('',(8.39543617581E-02,-8.582275246742E-02));
#769 = DIRECTION('',(-7.473885733204E-02,0.997203140391));
#770 = ( GEOMETRIC_REPRESENTATION_CONTEXT(2) 
PARAMETRIC_REPRESENTATION_CONTEXT() REPRESENTATION_CONTEXT('2D SPACE',''
  ) );
#771 = ORIENTED_EDGE('',*,*,#772,.F.);
#772 = EDGE_CURVE('',#232,#738,#773,.T.);
#773 = SURFACE_CURVE('',#774,(#779,#785),.PCURVE_S1.);
#774 = CIRCLE('',#775,8.043773295405);
#775 = AXIS2_PLACEMENT_3D('',#776,#777,#778);
#776 = CARTESIAN_POINT('',(-1.295240604826,20.140673126148,
    -0.151438690299));
#777 = DIRECTION('',(-3.082957538032E-02,0.999518171209,
    -3.600375548588E-03));
#778 = DIRECTION('',(0.999524649502,3.082977519959E-02,
    1.355252715607E-20));
#779 = PCURVE('',#389,#780);
#780 = DEFINITIONAL_REPRESENTATION('',(#781),#784);
#781 = B_SPLINE_CURVE_WITH_KNOTS('',1,(#782,#783),.UNSPECIFIED.,.F.,.F.,
  (2,2),(1.703552696274,2.770589083315),.PIECEWISE_BEZIER_KNOTS.);
#782 = CARTESIAN_POINT('',(-7.986738003453,-0.675848007201));
#783 = CARTESIAN_POINT('',(-9.053774390494,-0.675848007201));
#784 = ( GEOMETRIC_REPRESENTATION_CONTEXT(2) 
PARAMETRIC_REPRESENTATION_CONTEXT() REPRESENTATION_CONTEXT('2D SPACE',''
  ) );
#785 = PCURVE('',#511,#786);
#786 = DEFINITIONAL_REPRESENTATION('',(#787),#791);
#787 = CIRCLE('',#788,8.043773295405);
#788 = AXIS2_PLACEMENT_2D('',#789,#790);
#789 = CARTESIAN_POINT('',(0.,0.));
#790 = DIRECTION('',(1.,0.));
#791 = ( GEOMETRIC_REPRESENTATION_CONTEXT(2) 
PARAMETRIC_REPRESENTATION_CONTEXT() REPRESENTATION_CONTEXT('2D SPACE',''
  ) );
#792 = ORIENTED_EDGE('',*,*,#231,.F.);
#793 = ADVANCED_FACE('',(#794),#511,.T.);
#794 = FACE_BOUND('',#795,.T.);
#795 = EDGE_LOOP('',(#796,#797,#798,#817,#818,#819));
#796 = ORIENTED_EDGE('',*,*,#489,.F.);
#797 = ORIENTED_EDGE('',*,*,#772,.T.);
#798 = ORIENTED_EDGE('',*,*,#799,.F.);
#799 = EDGE_CURVE('',#675,#738,#800,.T.);
#800 = SURFACE_CURVE('',#801,(#805,#811),.PCURVE_S1.);
#801 = LINE('',#802,#803);
#802 = CARTESIAN_POINT('',(-8.966267398033,19.902134383994,
    -0.687301832484));
#803 = VECTOR('',#804,1.);
#804 = DIRECTION('',(7.473882580769E-02,-1.286756555416E-03,
    -0.99720231256));
#805 = PCURVE('',#511,#806);
#806 = DEFINITIONAL_REPRESENTATION('',(#807),#810);
#807 = B_SPLINE_CURVE_WITH_KNOTS('',1,(#808,#809),.UNSPECIFIED.,.F.,.F.,
  (2,2),(-4.942685500821,7.52892158789),.PIECEWISE_BEZIER_KNOTS.);
#808 = CARTESIAN_POINT('',(-8.043773295405,-4.393022742309));
#809 = CARTESIAN_POINT('',(-7.112597860001,8.043773295405));
#810 = ( GEOMETRIC_REPRESENTATION_CONTEXT(2) 
PARAMETRIC_REPRESENTATION_CONTEXT() REPRESENTATION_CONTEXT('2D SPACE',''
  ) );
#811 = PCURVE('',#725,#812);
#812 = DEFINITIONAL_REPRESENTATION('',(#813),#816);
#813 = B_SPLINE_CURVE_WITH_KNOTS('',1,(#814,#815),.UNSPECIFIED.,.F.,.F.,
  (2,2),(-4.942685500821,7.52892158789),.PIECEWISE_BEZIER_KNOTS.);
#814 = CARTESIAN_POINT('',(-4.218708925439,-9.327451709786));
#815 = CARTESIAN_POINT('',(8.218016829141,-8.395338046882));
#816 = ( GEOMETRIC_REPRESENTATION_CONTEXT(2) 
PARAMETRIC_REPRESENTATION_CONTEXT() REPRESENTATION_CONTEXT('2D SPACE',''
  ) );
#817 = ORIENTED_EDGE('',*,*,#674,.T.);
#818 = ORIENTED_EDGE('',*,*,#552,.F.);
#819 = ORIENTED_EDGE('',*,*,#820,.F.);
#820 = EDGE_CURVE('',#490,#524,#821,.T.);
#821 = SURFACE_CURVE('',#822,(#826,#832),.PCURVE_S1.);
#822 = LINE('',#823,#824);
#823 = CARTESIAN_POINT('',(-6.919495043692,19.965818202149,
    -0.533981473152));
#824 = VECTOR('',#825,1.);
#825 = DIRECTION('',(-7.473882580769E-02,1.286756555416E-03,
    0.99720231256));
#826 = PCURVE('',#511,#827);
#827 = DEFINITIONAL_REPRESENTATION('',(#828),#831);
#828 = B_SPLINE_CURVE_WITH_KNOTS('',1,(#829,#830),.UNSPECIFIED.,.F.,.F.,
  (2,2),(-7.68267209308,8.449904134231),.PIECEWISE_BEZIER_KNOTS.);
#829 = CARTESIAN_POINT('',(-5.053355511557,8.043773295405));
#830 = CARTESIAN_POINT('',(-6.257872185776,-8.043773295405));
#831 = ( GEOMETRIC_REPRESENTATION_CONTEXT(2) 
PARAMETRIC_REPRESENTATION_CONTEXT() REPRESENTATION_CONTEXT('2D SPACE',''
  ) );
#832 = PCURVE('',#540,#833);
#833 = DEFINITIONAL_REPRESENTATION('',(#834),#837);
#834 = B_SPLINE_CURVE_WITH_KNOTS('',1,(#835,#836),.UNSPECIFIED.,.F.,.F.,
  (2,2),(-7.68267209308,8.449904134231),.PIECEWISE_BEZIER_KNOTS.);
#835 = CARTESIAN_POINT('',(-8.217930538785,-6.337017118588));
#836 = CARTESIAN_POINT('',(7.869525137678,-7.542747431639));
#837 = ( GEOMETRIC_REPRESENTATION_CONTEXT(2) 
PARAMETRIC_REPRESENTATION_CONTEXT() REPRESENTATION_CONTEXT('2D SPACE',''
  ) );
#838 = ADVANCED_FACE('',(#839),#540,.F.);
#839 = FACE_BOUND('',#840,.F.);
#840 = EDGE_LOOP('',(#841,#842));
#841 = ORIENTED_EDGE('',*,*,#820,.F.);
#842 = ORIENTED_EDGE('',*,*,#523,.T.);
#843 = ADVANCED_FACE('',(#844,#875),#725,.F.);
#844 = FACE_BOUND('',#845,.F.);
#845 = EDGE_LOOP('',(#846));
#846 = ORIENTED_EDGE('',*,*,#847,.T.);
#847 = EDGE_CURVE('',#848,#848,#850,.T.);
#848 = VERTEX_POINT('',#849);
#849 = CARTESIAN_POINT('',(-8.230133171876E-03,19.898426405134,
    -9.468669166809));
#850 = SURFACE_CURVE('',#851,(#856,#863),.PCURVE_S1.);
#851 = CIRCLE('',#852,9.491516840664);
#852 = AXIS2_PLACEMENT_3D('',#853,#854,#855);
#853 = CARTESIAN_POINT('',(-8.230133171874E-03,19.911327306745,
    2.283890637686E-02));
#854 = DIRECTION('',(9.18469622856E-04,-0.99999865449,1.359202789798E-03
    ));
#855 = DIRECTION('',(2.117582368136E-22,-1.359203363101E-03,
    -0.999999076283));
#856 = PCURVE('',#725,#857);
#857 = DEFINITIONAL_REPRESENTATION('',(#858),#862);
#858 = CIRCLE('',#859,9.491516840664);
#859 = AXIS2_PLACEMENT_2D('',#860,#861);
#860 = CARTESIAN_POINT('',(0.,0.));
#861 = DIRECTION('',(1.,0.));
#862 = ( GEOMETRIC_REPRESENTATION_CONTEXT(2) 
PARAMETRIC_REPRESENTATION_CONTEXT() REPRESENTATION_CONTEXT('2D SPACE',''
  ) );
#863 = PCURVE('',#864,#869);
#864 = CYLINDRICAL_SURFACE('',#865,9.491516840664);
#865 = AXIS2_PLACEMENT_3D('',#866,#867,#868);
#866 = CARTESIAN_POINT('',(-8.230133171874E-03,19.911327306745,
    2.283890637686E-02));
#867 = DIRECTION('',(9.18469622856E-04,-0.99999865449,1.359202789798E-03
    ));
#868 = DIRECTION('',(0.,-1.359203363101E-03,-0.999999076283));
#869 = DEFINITIONAL_REPRESENTATION('',(#870),#874);
#870 = LINE('',#871,#872);
#871 = CARTESIAN_POINT('',(0.,0.));
#872 = VECTOR('',#873,1.);
#873 = DIRECTION('',(1.,0.));
#874 = ( GEOMETRIC_REPRESENTATION_CONTEXT(2) 
PARAMETRIC_REPRESENTATION_CONTEXT() REPRESENTATION_CONTEXT('2D SPACE',''
  ) );
#875 = FACE_BOUND('',#876,.F.);
#876 = EDGE_LOOP('',(#877,#878,#879));
#877 = ORIENTED_EDGE('',*,*,#737,.F.);
#878 = ORIENTED_EDGE('',*,*,#799,.F.);
#879 = ORIENTED_EDGE('',*,*,#697,.F.);
#880 = ADVANCED_FACE('',(#881),#864,.T.);
#881 = FACE_BOUND('',#882,.T.);
#882 = EDGE_LOOP('',(#883,#970,#991,#992,#993));
#883 = ORIENTED_EDGE('',*,*,#884,.F.);
#884 = EDGE_CURVE('',#885,#887,#889,.T.);
#885 = VERTEX_POINT('',#886);
#886 = CARTESIAN_POINT('',(-8.169636915212E-03,19.832560127404,
    -9.46857964106));
#887 = VERTEX_POINT('',#888);
#888 = CARTESIAN_POINT('',(9.481790346595,19.845574265883,
    -0.149180476819));
#889 = SURFACE_CURVE('',#890,(#913,#939),.PCURVE_S1.);
#890 = B_SPLINE_CURVE_WITH_KNOTS('',6,(#891,#892,#893,#894,#895,#896,
    #897,#898,#899,#900,#901,#902,#903,#904,#905,#906,#907,#908,#909,
    #910,#911,#912),.UNSPECIFIED.,.F.,.F.,(7,5,5,5,7),(0.,0.306309566126
    ,0.497732731275,0.68863898458,1.),.UNSPECIFIED.);
#891 = CARTESIAN_POINT('',(-8.169636915212E-03,19.832560127404,
    -9.46857964106));
#892 = CARTESIAN_POINT('',(0.740296965669,19.83218631885,-9.468579132977
    ));
#893 = CARTESIAN_POINT('',(1.488932227118,19.832086766494,-9.39775338798
    ));
#894 = CARTESIAN_POINT('',(2.229364495011,19.832264946273,
    -9.256043046606));
#895 = CARTESIAN_POINT('',(2.953439683089,19.83270115337,-9.044701669122
    ));
#896 = CARTESIAN_POINT('',(3.653180966907,19.833357238063,
    -8.766055407633));
#897 = CARTESIAN_POINT('',(4.738187999616,19.834700156825,
    -8.209977690691));
#898 = CARTESIAN_POINT('',(5.143001122905,19.835283204445,
    -7.971271711134));
#899 = CARTESIAN_POINT('',(5.533486274967,19.835920782134,
    -7.708615592693));
#900 = CARTESIAN_POINT('',(5.907889680038,19.836599195029,
    -7.423078926579));
#901 = CARTESIAN_POINT('',(6.264554938494,19.83730385201,-7.115894887352
    ));
#902 = CARTESIAN_POINT('',(6.938414154468,19.838734148929,-6.46195209559
    ));
#903 = CARTESIAN_POINT('',(7.255724676134,19.839459753997,
    -6.115290261213));
#904 = CARTESIAN_POINT('',(7.552337577579,19.840182113408,
    -5.749901498921));
#905 = CARTESIAN_POINT('',(7.826876119935,19.840886460351,
    -5.367333344672));
#906 = CARTESIAN_POINT('',(8.078109409088,19.841558638685,
    -4.969264485464));
#907 = CARTESIAN_POINT('',(8.674986559082,19.843208442231,
    -3.885982225529));
#908 = CARTESIAN_POINT('',(8.980250797268,19.844111388345,
    -3.177940335667));
#909 = CARTESIAN_POINT('',(9.21603148751,19.844838073214,-2.441448257622
    ));
#910 = CARTESIAN_POINT('',(9.37919741385,19.845341774673,-1.685088571631
    ));
#911 = CARTESIAN_POINT('',(9.467849038752,19.84559127315,-0.917841780918
    ));
#912 = CARTESIAN_POINT('',(9.481790346595,19.845574265883,
    -0.149180476819));
#913 = PCURVE('',#864,#914);
#914 = DEFINITIONAL_REPRESENTATION('',(#915),#938);
#915 = B_SPLINE_CURVE_WITH_KNOTS('',6,(#916,#917,#918,#919,#920,#921,
    #922,#923,#924,#925,#926,#927,#928,#929,#930,#931,#932,#933,#934,
    #935,#936,#937),.UNSPECIFIED.,.F.,.F.,(7,5,5,5,7),(0.,0.306309566126
    ,0.497732731275,0.68863898458,1.),.UNSPECIFIED.);
#916 = CARTESIAN_POINT('',(0.,6.586636635416E-02));
#917 = CARTESIAN_POINT('',(7.885630464744E-02,6.692761893429E-02));
#918 = CARTESIAN_POINT('',(0.157730285919,6.781103645214E-02));
#919 = CARTESIAN_POINT('',(0.236623321588,6.850553455088E-02));
#920 = CARTESIAN_POINT('',(0.31555831685,6.902162489496E-02));
#921 = CARTESIAN_POINT('',(0.394556185106,6.938696897433E-02));
#922 = CARTESIAN_POINT('',(0.523008407503,6.979642040343E-02));
#923 = CARTESIAN_POINT('',(0.57243452158,6.990963195794E-02));
#924 = CARTESIAN_POINT('',(0.621885172075,6.998770680595E-02));
#925 = CARTESIAN_POINT('',(0.671362509898,7.004127521165E-02));
#926 = CARTESIAN_POINT('',(0.720868272366,7.008173078704E-02));
#927 = CARTESIAN_POINT('',(0.819799193447,7.015919587952E-02));
#928 = CARTESIAN_POINT('',(0.86922604422,7.019621559471E-02));
#929 = CARTESIAN_POINT('',(0.918679055274,7.024292452108E-02));
#930 = CARTESIAN_POINT('',(0.968158681853,7.031072153937E-02));
#931 = CARTESIAN_POINT('',(1.017665002378,7.041035055808E-02));
#932 = CARTESIAN_POINT('',(1.147974715963,7.078116303254E-02));
#933 = CARTESIAN_POINT('',(1.228831420584,7.112096657519E-02));
#934 = CARTESIAN_POINT('',(1.309730416292,7.161188217251E-02));
#935 = CARTESIAN_POINT('',(1.390674304527,7.22860905335E-02));
#936 = CARTESIAN_POINT('',(1.471665174697,7.316086019498E-02));
#937 = CARTESIAN_POINT('',(1.552662446622,7.42354386966E-02));
#938 = ( GEOMETRIC_REPRESENTATION_CONTEXT(2) 
PARAMETRIC_REPRESENTATION_CONTEXT() REPRESENTATION_CONTEXT('2D SPACE',''
  ) );
#939 = PCURVE('',#940,#945);
#940 = CONICAL_SURFACE('',#941,10.973633886791,1.344086164162);
#941 = AXIS2_PLACEMENT_3D('',#942,#943,#944);
#942 = CARTESIAN_POINT('',(-1.274404497742,19.465150761975,
    -0.149005383659));
#943 = DIRECTION('',(3.082957538032E-02,-0.999518171209,
    3.600375548588E-03));
#944 = DIRECTION('',(0.999524649502,3.082977519959E-02,
    1.355252715607E-20));
#945 = DEFINITIONAL_REPRESENTATION('',(#946),#969);
#946 = B_SPLINE_CURVE_WITH_KNOTS('',6,(#947,#948,#949,#950,#951,#952,
    #953,#954,#955,#956,#957,#958,#959,#960,#961,#962,#963,#964,#965,
    #966,#967,#968),.UNSPECIFIED.,.F.,.F.,(7,5,5,5,7),(0.,0.306309566126
    ,0.497732731275,0.68863898458,1.),.UNSPECIFIED.);
#947 = CARTESIAN_POINT('',(-1.434607200062,-0.361748821207));
#948 = CARTESIAN_POINT('',(-1.355805735796,-0.338300283391));
#949 = CARTESIAN_POINT('',(-1.278007361948,-0.314865672497));
#950 = CARTESIAN_POINT('',(-1.201159955881,-0.291706343558));
#951 = CARTESIAN_POINT('',(-1.125175787119,-0.269058501559));
#952 = CARTESIAN_POINT('',(-1.049966368263,-0.247138312288));
#953 = CARTESIAN_POINT('',(-0.928912348253,-0.213028189275));
#954 = CARTESIAN_POINT('',(-0.882630304803,-0.200271308095));
#955 = CARTESIAN_POINT('',(-0.836604904319,-0.187924426484));
#956 = CARTESIAN_POINT('',(-0.79081606979,-0.176031775269));
#957 = CARTESIAN_POINT('',(-0.745244123318,-0.164634276351));
#958 = CARTESIAN_POINT('',(-0.654623568626,-0.14293465098));
#959 = CARTESIAN_POINT('',(-0.609572199077,-0.132629244992));
#960 = CARTESIAN_POINT('',(-0.564702413597,-0.12289126978));
#961 = CARTESIAN_POINT('',(-0.519995727798,-0.113753981634));
#962 = CARTESIAN_POINT('',(-0.47543417213,-0.10524722308));
#963 = CARTESIAN_POINT('',(-0.358537989284,-8.459453965354E-02));
#964 = CARTESIAN_POINT('',(-0.286406562931,-7.353666715238E-02));
#965 = CARTESIAN_POINT('',(-0.21456209687,-6.434233525137E-02));
#966 = CARTESIAN_POINT('',(-0.142924959012,-5.709227886735E-02));
#967 = CARTESIAN_POINT('',(-7.141765908611E-02,-5.184618859144E-02));
#968 = CARTESIAN_POINT('',(0.,-4.863191555276E-02));
#969 = ( GEOMETRIC_REPRESENTATION_CONTEXT(2) 
PARAMETRIC_REPRESENTATION_CONTEXT() REPRESENTATION_CONTEXT('2D SPACE',''
  ) );
#970 = ORIENTED_EDGE('',*,*,#971,.F.);
#971 = EDGE_CURVE('',#848,#885,#972,.T.);
#972 = SEAM_CURVE('',#973,(#977,#984),.PCURVE_S1.);
#973 = LINE('',#974,#975);
#974 = CARTESIAN_POINT('',(-8.230133171876E-03,19.898426405134,
    -9.468669166809));
#975 = VECTOR('',#976,1.);
#976 = DIRECTION('',(9.18469622856E-04,-0.99999865449,1.359202789798E-03
    ));
#977 = PCURVE('',#864,#978);
#978 = DEFINITIONAL_REPRESENTATION('',(#979),#983);
#979 = LINE('',#980,#981);
#980 = CARTESIAN_POINT('',(6.28318530718,-0.));
#981 = VECTOR('',#982,1.);
#982 = DIRECTION('',(0.,1.));
#983 = ( GEOMETRIC_REPRESENTATION_CONTEXT(2) 
PARAMETRIC_REPRESENTATION_CONTEXT() REPRESENTATION_CONTEXT('2D SPACE',''
  ) );
#984 = PCURVE('',#864,#985);
#985 = DEFINITIONAL_REPRESENTATION('',(#986),#990);
#986 = LINE('',#987,#988);
#987 = CARTESIAN_POINT('',(0.,-0.));
#988 = VECTOR('',#989,1.);
#989 = DIRECTION('',(0.,1.));
#990 = ( GEOMETRIC_REPRESENTATION_CONTEXT(2) 
PARAMETRIC_REPRESENTATION_CONTEXT() REPRESENTATION_CONTEXT('2D SPACE',''
  ) );
#991 = ORIENTED_EDGE('',*,*,#847,.T.);
#992 = ORIENTED_EDGE('',*,*,#971,.T.);
#993 = ORIENTED_EDGE('',*,*,#994,.F.);
#994 = EDGE_CURVE('',#887,#885,#995,.T.);
#995 = SURFACE_CURVE('',#996,(#1099,#1205),.PCURVE_S1.);
#996 = B_SPLINE_CURVE_WITH_KNOTS('',6,(#997,#998,#999,#1000,#1001,#1002,
    #1003,#1004,#1005,#1006,#1007,#1008,#1009,#1010,#1011,#1012,#1013,
    #1014,#1015,#1016,#1017,#1018,#1019,#1020,#1021,#1022,#1023,#1024,
    #1025,#1026,#1027,#1028,#1029,#1030,#1031,#1032,#1033,#1034,#1035,
    #1036,#1037,#1038,#1039,#1040,#1041,#1042,#1043,#1044,#1045,#1046,
    #1047,#1048,#1049,#1050,#1051,#1052,#1053,#1054,#1055,#1056,#1057,
    #1058,#1059,#1060,#1061,#1062,#1063,#1064,#1065,#1066,#1067,#1068,
    #1069,#1070,#1071,#1072,#1073,#1074,#1075,#1076,#1077,#1078,#1079,
    #1080,#1081,#1082,#1083,#1084,#1085,#1086,#1087,#1088,#1089,#1090,
    #1091,#1092,#1093,#1094,#1095,#1096,#1097,#1098),.UNSPECIFIED.,.F.,
  .F.,(7,5,5,5,5,5,5,5,5,5,5,5,5,5,5,5,5,5,5,5,7),(0.,3.196489398675E-02
    ,0.120899571615,0.160931530339,0.224608484069,0.286950128188,
    0.324732042105,0.349440658022,0.404952461022,0.47964062727,
    0.511398345673,0.56022304791,0.606941825627,0.635033691226,
    0.696169073639,0.757805549833,0.785897569917,0.832616657574,
    0.881441663446,0.987380509025,1.),.UNSPECIFIED.);
#997 = CARTESIAN_POINT('',(9.481790346595,19.845574265883,
    -0.149180476819));
#998 = CARTESIAN_POINT('',(9.486154163296,19.845568942379,
    9.142084082772E-02));
#999 = CARTESIAN_POINT('',(9.483198288223,19.84553750805,0.332172280166)
  );
#1000 = CARTESIAN_POINT('',(9.472915654636,19.845479579683,
    0.572790519459));
#1001 = CARTESIAN_POINT('',(9.455314170256,19.845394954585,
    0.812992964057));
#1002 = CARTESIAN_POINT('',(9.43041671726,19.845283610587,1.052497746398
    ));
#1003 = CARTESIAN_POINT('',(9.308795978191,19.844762019593,
    1.954665254461));
#1004 = CARTESIAN_POINT('',(9.163137573905,19.844172695806,
    2.610792322923));
#1005 = CARTESIAN_POINT('',(8.962099683917,19.843381178869,
    3.253231642611));
#1006 = CARTESIAN_POINT('',(8.707428156649,19.842401920698,
    3.876155154603));
#1007 = CARTESIAN_POINT('',(8.401599197895,19.841259668324,
    4.474021069099));
#1008 = CARTESIAN_POINT('',(7.888819485868,19.839415033551,
    5.297153932527));
#1009 = CARTESIAN_POINT('',(7.719961318935,19.838816113218,5.54654375896
    ));
#1010 = CARTESIAN_POINT('',(7.54171610612,19.838193891738,5.789353789185
    ));
#1011 = CARTESIAN_POINT('',(7.354412567823,19.837551669365,6.02514283429
    ));
#1012 = CARTESIAN_POINT('',(7.1584066885,19.83689301228,6.253493136054)
  );
#1013 = CARTESIAN_POINT('',(6.629071594951,19.835154011381,
    6.824776753492));
#1014 = CARTESIAN_POINT('',(6.283003977614,19.834054327933,
    7.155733277083));
#1015 = CARTESIAN_POINT('',(5.917427200428,19.832938020021,
    7.465282033703));
#1016 = CARTESIAN_POINT('',(5.534027745726,19.831821626066,
    7.752022672241));
#1017 = CARTESIAN_POINT('',(5.134609495963,19.830722280496,
    8.014728898531));
#1018 = CARTESIAN_POINT('',(4.316268499999,19.828613929673,
    8.485014792456));
#1019 = CARTESIAN_POINT('',(3.897914956626,19.827603475321,
    8.693643150497));
#1020 = CARTESIAN_POINT('',(3.467850237669,19.826641467123,
    8.877276479232));
#1021 = CARTESIAN_POINT('',(3.027943461604,19.82574351911,9.035136431305
    ));
#1022 = CARTESIAN_POINT('',(2.580120798294,19.824924262663,
    9.166633266002));
#1023 = CARTESIAN_POINT('',(1.851361450526,19.823755675287,
    9.334830451091));
#1024 = CARTESIAN_POINT('',(1.574177860851,19.823348346903,
    9.388468865295));
#1025 = CARTESIAN_POINT('',(1.295248255945,19.82297756981,9.432186664815
    ));
#1026 = CARTESIAN_POINT('',(1.015012469107,19.822645964172,
    9.465920104015));
#1027 = CARTESIAN_POINT('',(0.733912038007,19.822355860471,
    9.489631026738));
#1028 = CARTESIAN_POINT('',(0.268280557223,19.821948053563,9.51225059182
    ));
#1029 = CARTESIAN_POINT('',(8.39903253181E-02,19.821805424428,
    9.516902393792));
#1030 = CARTESIAN_POINT('',(-0.100356766398,19.82168197721,
    9.517258739643));
#1031 = CARTESIAN_POINT('',(-0.284637306159,19.821578208301,
    9.513320685555));
#1032 = CARTESIAN_POINT('',(-0.468728195061,19.821494545371,
    9.505093876474));
#1033 = CARTESIAN_POINT('',(-1.065393927235,19.821289363088,
    9.464493348942));
#1034 = CARTESIAN_POINT('',(-1.476707918629,19.821250666477,
    9.414801897784));
#1035 = CARTESIAN_POINT('',(-1.88505056589,19.821319303533,
    9.343630920457));
#1036 = CARTESIAN_POINT('',(-2.289049364157,19.821497393064,
    9.251210882983));
#1037 = CARTESIAN_POINT('',(-2.687358085358,19.821784916628,
    9.137884355727));
#1038 = CARTESIAN_POINT('',(-3.605129975038,19.822710410714,
    8.824110566303));
#1039 = CARTESIAN_POINT('',(-4.118934935133,19.823435156258,
    8.607084702402));
#1040 = CARTESIAN_POINT('',(-4.616843719836,19.824348010707,
    8.354132563647));
#1041 = CARTESIAN_POINT('',(-5.095807279212,19.825435725908,
    8.066710240224));
#1042 = CARTESIAN_POINT('',(-5.552936854872,19.826677167267,
    7.746581637941));
#1043 = CARTESIAN_POINT('',(-6.169474559515,19.828625961834,
    7.246739301421));
#1044 = CARTESIAN_POINT('',(-6.348982872098,19.829230159392,
    7.092081242354));
#1045 = CARTESIAN_POINT('',(-6.52385164874,19.829854993606,
    6.932052447884));
#1046 = CARTESIAN_POINT('',(-6.693882642883,19.830498135447,
    6.766823966334));
#1047 = CARTESIAN_POINT('',(-6.85888556792,19.831157072432,6.59657660051
    ));
#1048 = CARTESIAN_POINT('',(-7.264345073739,19.832862305226,
    6.152337409812));
#1049 = CARTESIAN_POINT('',(-7.497698442023,19.833926483009,
    5.871759431225));
#1050 = CARTESIAN_POINT('',(-7.71807418675,19.835011913598,
    5.580462198011));
#1051 = CARTESIAN_POINT('',(-7.92486101217,19.836108013852,
    5.279187839775));
#1052 = CARTESIAN_POINT('',(-8.117502572417,19.837203737857,
    4.968726639899));
#1053 = CARTESIAN_POINT('',(-8.465819395419,19.839325434565,
    4.34486088766));
#1054 = CARTESIAN_POINT('',(-8.622732715872,19.840352391111,
    4.032157304397));
#1055 = CARTESIAN_POINT('',(-8.765802453768,19.841359109435,
    3.712543925792));
#1056 = CARTESIAN_POINT('',(-8.894645883812,19.84233585817,
    3.386787299392));
#1057 = CARTESIAN_POINT('',(-9.008937018412,19.843273297939,
    3.055684817065));
#1058 = CARTESIAN_POINT('',(-9.168220991965,19.844697776021,
    2.518258419992));
#1059 = CARTESIAN_POINT('',(-9.222675418313,19.845215379746,
    2.314817424978));
#1060 = CARTESIAN_POINT('',(-9.271714211529,19.845713811591,
    2.109922102497));
#1061 = CARTESIAN_POINT('',(-9.315287808566,19.846191332454,
    1.903754754578));
#1062 = CARTESIAN_POINT('',(-9.35335501209,19.846646339284,
    1.696500299296));
#1063 = CARTESIAN_POINT('',(-9.456672535971,19.848015392024,
    1.035347658439));
#1064 = CARTESIAN_POINT('',(-9.501229568893,19.848839891773,
    0.578076876653));
#1065 = CARTESIAN_POINT('',(-9.519211468502,19.849535867816,
    0.118485674752));
#1066 = CARTESIAN_POINT('',(-9.510483831698,19.850092106949,
    -0.34146355207));
#1067 = CARTESIAN_POINT('',(-9.4751021368,19.85050236031,-0.799799093876
    ));
#1068 = CARTESIAN_POINT('',(-9.35106653273,19.851030845605,
    -1.713009939418));
#1069 = CARTESIAN_POINT('',(-9.261975454621,19.851146668825,
    -2.167847455357));
#1070 = CARTESIAN_POINT('',(-9.14633751017,19.851111831737,
    -2.617023258316));
#1071 = CARTESIAN_POINT('',(-9.004638471729,19.850930533921,
    -3.058575189223));
#1072 = CARTESIAN_POINT('',(-8.837550362395,19.850612133507,
    -3.490602845303));
#1073 = CARTESIAN_POINT('',(-8.558623930468,19.849968355428,
    -4.103003187939));
#1074 = CARTESIAN_POINT('',(-8.466205204721,19.849741073065,
    -4.292375569623));
#1075 = CARTESIAN_POINT('',(-8.368775563369,19.849489332253,
    -4.479219469133));
#1076 = CARTESIAN_POINT('',(-8.266424433046,19.849214542742,
    -4.663367880935));
#1077 = CARTESIAN_POINT('',(-8.159248592323,19.848918252889,
    -4.844658570193));
#1078 = CARTESIAN_POINT('',(-7.861260225747,19.848076446815,
    -5.319419295523));
#1079 = CARTESIAN_POINT('',(-7.662110502276,19.847495923626,
    -5.607567169562));
#1080 = CARTESIAN_POINT('',(-7.4503831425,19.846868264854,
    -5.886651220824));
#1081 = CARTESIAN_POINT('',(-7.226606613771,19.846201971795,
    -6.155991208237));
#1082 = CARTESIAN_POINT('',(-6.991355722391,19.845505967603,
    -6.414951856786));
#1083 = CARTESIAN_POINT('',(-6.488050006654,19.844040128606,
    -6.922109755368));
#1084 = CARTESIAN_POINT('',(-6.218991349797,19.843268369045,
    -7.169298820204));
#1085 = CARTESIAN_POINT('',(-5.938780269227,19.842484152969,
    -7.403834394266));
#1086 = CARTESIAN_POINT('',(-5.648165157199,19.841697688139,
    -7.625105037107));
#1087 = CARTESIAN_POINT('',(-5.347934371673,19.840918770573,
    -7.83256045639));
#1088 = CARTESIAN_POINT('',(-4.368413395575,19.838502215372,
    -8.444798410751));
#1089 = CARTESIAN_POINT('',(-3.6564549288,19.836925712586,
    -8.796585096071));
#1090 = CARTESIAN_POINT('',(-2.911590682921,19.835519306685,
    -9.075956372199));
#1091 = CARTESIAN_POINT('',(-2.142874857804,19.834356970287,
    -9.279473470543));
#1092 = CARTESIAN_POINT('',(-1.359704967455,19.833481350811,
    -9.40495188112));
#1093 = CARTESIAN_POINT('',(-0.478063547183,19.832838081224,
    -9.457407556287));
#1094 = CARTESIAN_POINT('',(-0.384153599243,19.832773878264,
    -9.46187568158));
#1095 = CARTESIAN_POINT('',(-0.290192941588,19.832713966343,
    -9.465227491381));
#1096 = CARTESIAN_POINT('',(-0.196197860064,19.832658363374,
    -9.467462294554));
#1097 = CARTESIAN_POINT('',(-0.102184654142,19.83260708156,
    -9.46857970488));
#1098 = CARTESIAN_POINT('',(-8.169636915213E-03,19.832560127404,
    -9.46857964106));
#1099 = PCURVE('',#864,#1100);
#1100 = DEFINITIONAL_REPRESENTATION('',(#1101),#1204);
#1101 = B_SPLINE_CURVE_WITH_KNOTS('',6,(#1102,#1103,#1104,#1105,#1106,
    #1107,#1108,#1109,#1110,#1111,#1112,#1113,#1114,#1115,#1116,#1117,
    #1118,#1119,#1120,#1121,#1122,#1123,#1124,#1125,#1126,#1127,#1128,
    #1129,#1130,#1131,#1132,#1133,#1134,#1135,#1136,#1137,#1138,#1139,
    #1140,#1141,#1142,#1143,#1144,#1145,#1146,#1147,#1148,#1149,#1150,
    #1151,#1152,#1153,#1154,#1155,#1156,#1157,#1158,#1159,#1160,#1161,
    #1162,#1163,#1164,#1165,#1166,#1167,#1168,#1169,#1170,#1171,#1172,
    #1173,#1174,#1175,#1176,#1177,#1178,#1179,#1180,#1181,#1182,#1183,
    #1184,#1185,#1186,#1187,#1188,#1189,#1190,#1191,#1192,#1193,#1194,
    #1195,#1196,#1197,#1198,#1199,#1200,#1201,#1202,#1203),
  .UNSPECIFIED.,.F.,.F.,(7,5,5,5,5,5,5,5,5,5,5,5,5,5,5,5,5,5,5,5,7),(0.,
    3.196489398675E-02,0.120899571615,0.160931530339,0.224608484069,
    0.286950128188,0.324732042105,0.349440658022,0.404952461022,
    0.47964062727,0.511398345673,0.56022304791,0.606941825627,
    0.635033691226,0.696169073639,0.757805549833,0.785897569917,
    0.832616657574,0.881441663446,0.987380509025,1.),.UNSPECIFIED.);
#1102 = CARTESIAN_POINT('',(1.552662446622,7.42354386966E-02));
#1103 = CARTESIAN_POINT('',(1.578015681197,7.457179620806E-02));
#1104 = CARTESIAN_POINT('',(1.603370715905,7.492774564144E-02));
#1105 = CARTESIAN_POINT('',(1.628727104547,7.530327862652E-02));
#1106 = CARTESIAN_POINT('',(1.654084396468,7.569822101419E-02));
#1107 = CARTESIAN_POINT('',(1.679442136559,7.611223287649E-02));
#1108 = CARTESIAN_POINT('',(1.775351684625,7.774834680783E-02));
#1109 = CARTESIAN_POINT('',(1.845909784994,7.909569672462E-02));
#1110 = CARTESIAN_POINT('',(1.916450709604,8.057577071707E-02));
#1111 = CARTESIAN_POINT('',(1.986972463851,8.216779888411E-02));
#1112 = CARTESIAN_POINT('',(2.057473340092,8.384177613196E-02));
#1113 = CARTESIAN_POINT('',(2.159647480219,8.633424031886E-02));
#1114 = CARTESIAN_POINT('',(2.191355707397,8.711704009633E-02));
#1115 = CARTESIAN_POINT('',(2.223056049948,8.790557599631E-02));
#1116 = CARTESIAN_POINT('',(2.254747881354,8.869625002334E-02));
#1117 = CARTESIAN_POINT('',(2.286430640987,8.94852551433E-02));
#1118 = CARTESIAN_POINT('',(2.368484892573,9.15145657846E-02));
#1119 = CARTESIAN_POINT('',(2.418842881208,9.274623218948E-02));
#1120 = CARTESIAN_POINT('',(2.469173661938,9.394750696827E-02));
#1121 = CARTESIAN_POINT('',(2.519477239197,9.510149734501E-02));
#1122 = CARTESIAN_POINT('',(2.56975400619,9.619105894165E-02));
#1123 = CARTESIAN_POINT('',(2.669195348698,9.818699948134E-02));
#1124 = CARTESIAN_POINT('',(2.718362971931,9.909677569881E-02));
#1125 = CARTESIAN_POINT('',(2.767502568357,9.991337615482E-02));
#1126 = CARTESIAN_POINT('',(2.816615599699,0.100621845636));
#1127 = CARTESIAN_POINT('',(2.86570406869,0.101208520333));
#1128 = CARTESIAN_POINT('',(2.944502642189,0.101936376897));
#1129 = CARTESIAN_POINT('',(2.974228750032,0.102162025507));
#1130 = CARTESIAN_POINT('',(3.003946458535,0.102336035088));
#1131 = CARTESIAN_POINT('',(3.033656196582,0.102456102806));
#1132 = CARTESIAN_POINT('',(3.06335845974,0.102520251862));
#1133 = CARTESIAN_POINT('',(3.11247397548,0.102531134428));
#1134 = CARTESIAN_POINT('',(3.131891196905,0.102510821133));
#1135 = CARTESIAN_POINT('',(3.151305635392,0.102465435327));
#1136 = CARTESIAN_POINT('',(3.170717462437,0.102394595404));
#1137 = CARTESIAN_POINT('',(3.19012686018,0.102297994431));
#1138 = CARTESIAN_POINT('',(3.253135270215,0.101899972737));
#1139 = CARTESIAN_POINT('',(3.296725600046,0.101493349131));
#1140 = CARTESIAN_POINT('',(3.340306422574,0.10095292606));
#1141 = CARTESIAN_POINT('',(3.383880623973,0.100278158571));
#1142 = CARTESIAN_POINT('',(3.4274512531,9.947076720135E-02));
#1143 = CARTESIAN_POINT('',(3.529639913878,9.727584654861E-02));
#1144 = CARTESIAN_POINT('',(3.58825889518,9.578420557252E-02));
#1145 = CARTESIAN_POINT('',(3.646880268268,9.407022500492E-02));
#1146 = CARTESIAN_POINT('',(3.705512647975,9.215193256401E-02));
#1147 = CARTESIAN_POINT('',(3.764164495433,9.005551355701E-02));
#1148 = CARTESIAN_POINT('',(3.847786203874,8.686106336173E-02));
#1149 = CARTESIAN_POINT('',(3.872738618827,8.588178201852E-02));
#1150 = CARTESIAN_POINT('',(3.897695662987,8.487882540183E-02));
#1151 = CARTESIAN_POINT('',(3.922657725047,8.385493711008E-02));
#1152 = CARTESIAN_POINT('',(3.947625154517,8.281305014353E-02));
#1153 = CARTESIAN_POINT('',(4.010992220247,8.013160625695E-02));
#1154 = CARTESIAN_POINT('',(4.049399853972,7.847173955406E-02));
#1155 = CARTESIAN_POINT('',(4.087821761683,7.678796998602E-02));
#1156 = CARTESIAN_POINT('',(4.126259032281,7.509245084194E-02));
#1157 = CARTESIAN_POINT('',(4.164712422868,7.339781316096E-02));
#1158 = CARTESIAN_POINT('',(4.239991387216,7.010824081524E-02));
#1159 = CARTESIAN_POINT('',(4.276816066364,6.851213795011E-02));
#1160 = CARTESIAN_POINT('',(4.313655144539,6.693959637721E-02));
#1161 = CARTESIAN_POINT('',(4.350508607183,6.540174086416E-02));
#1162 = CARTESIAN_POINT('',(4.387376108209,6.390929400317E-02));
#1163 = CARTESIAN_POINT('',(4.446432129558,6.160804888879E-02));
#1164 = CARTESIAN_POINT('',(4.468612681437,6.076391355615E-02));
#1165 = CARTESIAN_POINT('',(4.49079766382,5.994194744571E-02));
#1166 = CARTESIAN_POINT('',(4.512986823047,5.914418296524E-02));
#1167 = CARTESIAN_POINT('',(4.535179866897,5.837251234381E-02));
#1168 = CARTESIAN_POINT('',(4.60568217369,5.600992692498E-02));
#1169 = CARTESIAN_POINT('',(4.654005894656,5.452298028126E-02));
#1170 = CARTESIAN_POINT('',(4.702341819621,5.318581170233E-02));
#1171 = CARTESIAN_POINT('',(4.75068701996,5.201242511495E-02));
#1172 = CARTESIAN_POINT('',(4.799038243568,5.101169837114E-02));
#1173 = CARTESIAN_POINT('',(4.89613489446,4.935589799229E-02));
#1174 = CARTESIAN_POINT('',(4.944882565862,4.870368595634E-02));
#1175 = CARTESIAN_POINT('',(4.993624145872,4.82342119327E-02));
#1176 = CARTESIAN_POINT('',(5.042356320472,4.794549715103E-02));
#1177 = CARTESIAN_POINT('',(5.09107610703,4.783014929314E-02));
#1178 = CARTESIAN_POINT('',(5.161974134424,4.789773570678E-02));
#1179 = CARTESIAN_POINT('',(5.184167187181,4.795250608668E-02));
#1180 = CARTESIAN_POINT('',(5.206356348461,4.803977397691E-02));
#1181 = CARTESIAN_POINT('',(5.228541326774,4.815827448699E-02));
#1182 = CARTESIAN_POINT('',(5.25072186924,4.830659088489E-02));
#1183 = CARTESIAN_POINT('',(5.309777895341,4.877679298671E-02));
#1184 = CARTESIAN_POINT('',(5.346645402287,4.91485769711E-02));
#1185 = CARTESIAN_POINT('',(5.383498862288,4.959136822579E-02));
#1186 = CARTESIAN_POINT('',(5.42033793293,5.009710467023E-02));
#1187 = CARTESIAN_POINT('',(5.457162603342,5.065719868696E-02));
#1188 = CARTESIAN_POINT('',(5.532441540072,5.189597629225E-02));
#1189 = CARTESIAN_POINT('',(5.570894911656,5.25788769514E-02));
#1190 = CARTESIAN_POINT('',(5.609332170961,5.330167593112E-02));
#1191 = CARTESIAN_POINT('',(5.647754079067,5.405430918061E-02));
#1192 = CARTESIAN_POINT('',(5.686161728728,5.482700456944E-02));
#1193 = CARTESIAN_POINT('',(5.807861713035,5.731106124562E-02));
#1194 = CARTESIAN_POINT('',(5.891113121021,5.906332469057E-02));
#1195 = CARTESIAN_POINT('',(5.974302101262,6.077414166419E-02));
#1196 = CARTESIAN_POINT('',(6.057457772115,6.236589762473E-02));
#1197 = CARTESIAN_POINT('',(6.140609658457,6.379028307042E-02));
#1198 = CARTESIAN_POINT('',(6.233661138751,6.517201475497E-02));
#1199 = CARTESIAN_POINT('',(6.243565714938,6.531639797459E-02));
#1200 = CARTESIAN_POINT('',(6.253470388422,6.545805403489E-02));
#1201 = CARTESIAN_POINT('',(6.263375190782,6.559695100623E-02));
#1202 = CARTESIAN_POINT('',(6.273280153343,6.573306223711E-02));
#1203 = CARTESIAN_POINT('',(6.28318530718,6.586636635416E-02));
#1204 = ( GEOMETRIC_REPRESENTATION_CONTEXT(2) 
PARAMETRIC_REPRESENTATION_CONTEXT() REPRESENTATION_CONTEXT('2D SPACE',''
  ) );
#1205 = PCURVE('',#940,#1206);
#1206 = DEFINITIONAL_REPRESENTATION('',(#1207),#1310);
#1207 = B_SPLINE_CURVE_WITH_KNOTS('',6,(#1208,#1209,#1210,#1211,#1212,
    #1213,#1214,#1215,#1216,#1217,#1218,#1219,#1220,#1221,#1222,#1223,
    #1224,#1225,#1226,#1227,#1228,#1229,#1230,#1231,#1232,#1233,#1234,
    #1235,#1236,#1237,#1238,#1239,#1240,#1241,#1242,#1243,#1244,#1245,
    #1246,#1247,#1248,#1249,#1250,#1251,#1252,#1253,#1254,#1255,#1256,
    #1257,#1258,#1259,#1260,#1261,#1262,#1263,#1264,#1265,#1266,#1267,
    #1268,#1269,#1270,#1271,#1272,#1273,#1274,#1275,#1276,#1277,#1278,
    #1279,#1280,#1281,#1282,#1283,#1284,#1285,#1286,#1287,#1288,#1289,
    #1290,#1291,#1292,#1293,#1294,#1295,#1296,#1297,#1298,#1299,#1300,
    #1301,#1302,#1303,#1304,#1305,#1306,#1307,#1308,#1309),
  .UNSPECIFIED.,.F.,.F.,(7,5,5,5,5,5,5,5,5,5,5,5,5,5,5,5,5,5,5,5,7),(0.,
    3.196489398675E-02,0.120899571615,0.160931530339,0.224608484069,
    0.286950128188,0.324732042105,0.349440658022,0.404952461022,
    0.47964062727,0.511398345673,0.56022304791,0.606941825627,
    0.635033691226,0.696169073639,0.757805549833,0.785897569917,
    0.832616657574,0.881441663446,0.987380509025,1.),.UNSPECIFIED.);
#1208 = CARTESIAN_POINT('',(-6.28318530718,-4.863191555276E-02));
#1209 = CARTESIAN_POINT('',(-6.260830620157,-4.762580489744E-02));
#1210 = CARTESIAN_POINT('',(-6.238483683015,-4.681871849218E-02));
#1211 = CARTESIAN_POINT('',(-6.216142564597,-4.621151123821E-02));
#1212 = CARTESIAN_POINT('',(-6.19380533887,-4.580475419683E-02));
#1213 = CARTESIAN_POINT('',(-6.171470084924,-4.559873458934E-02));
#1214 = CARTESIAN_POINT('',(-6.086992536982,-4.557876881942E-02));
#1215 = CARTESIAN_POINT('',(-6.024845014673,-4.711801188573E-02));
#1216 = CARTESIAN_POINT('',(-5.962662946212,-5.021176629023E-02));
#1217 = CARTESIAN_POINT('',(-5.900398198273,-5.484163641996E-02));
#1218 = CARTESIAN_POINT('',(-5.838001935096,-6.097596953331E-02));
#1219 = CARTESIAN_POINT('',(-5.747282775715,-7.197741690891E-02));
#1220 = CARTESIAN_POINT('',(-5.719088789075,-7.568671370648E-02));
#1221 = CARTESIAN_POINT('',(-5.6908565486,-7.968580895949E-02));
#1222 = CARTESIAN_POINT('',(-5.66258198451,-8.39694554676E-02));
#1223 = CARTESIAN_POINT('',(-5.634260954325,-8.853174693108E-02));
#1224 = CARTESIAN_POINT('',(-5.560759695981,-0.101055924534));
#1225 = CARTESIAN_POINT('',(-5.51550089992,-0.109434320865));
#1226 = CARTESIAN_POINT('',(-5.470097796072,-0.118474635858));
#1227 = CARTESIAN_POINT('',(-5.424531581923,-0.128146448218));
#1228 = CARTESIAN_POINT('',(-5.378782908478,-0.138415686311));
#1229 = CARTESIAN_POINT('',(-5.287850777911,-0.15984425094));
#1230 = CARTESIAN_POINT('',(-5.242673901079,-0.170980805116));
#1231 = CARTESIAN_POINT('',(-5.197288368442,-0.182616824167));
#1232 = CARTESIAN_POINT('',(-5.151675035431,-0.194713092812));
#1233 = CARTESIAN_POINT('',(-5.105814390325,-0.207226975674));
#1234 = CARTESIAN_POINT('',(-5.031735288827,-0.22792071957));
#1235 = CARTESIAN_POINT('',(-5.003683873525,-0.235865921386));
#1236 = CARTESIAN_POINT('',(-4.975530789721,-0.243937203728));
#1237 = CARTESIAN_POINT('',(-4.94727182497,-0.252123855132));
#1238 = CARTESIAN_POINT('',(-4.918902770576,-0.260414729915));
#1239 = CARTESIAN_POINT('',(-4.871791881128,-0.274280901407));
#1240 = CARTESIAN_POINT('',(-4.853115448974,-0.279803182357));
#1241 = CARTESIAN_POINT('',(-4.834388947377,-0.285361854202));
#1242 = CARTESIAN_POINT('',(-4.815611209953,-0.290953604557));
#1243 = CARTESIAN_POINT('',(-4.796781081688,-0.296575045476));
#1244 = CARTESIAN_POINT('',(-4.735472292007,-0.31491109037));
#1245 = CARTESIAN_POINT('',(-4.692776589539,-0.327731955991));
#1246 = CARTESIAN_POINT('',(-4.64979814852,-0.340645832647));
#1247 = CARTESIAN_POINT('',(-4.606523985228,-0.353611694618));
#1248 = CARTESIAN_POINT('',(-4.562941964619,-0.366586786447));
#1249 = CARTESIAN_POINT('',(-4.45997804385,-0.396936055738));
#1250 = CARTESIAN_POINT('',(-4.400336606962,-0.41428221544));
#1251 = CARTESIAN_POINT('',(-4.340096255657,-0.431455669156));
#1252 = CARTESIAN_POINT('',(-4.279234399395,-0.448343931728));
#1253 = CARTESIAN_POINT('',(-4.217734887306,-0.464830468828));
#1254 = CARTESIAN_POINT('',(-4.129177048505,-0.487585540176));
#1255 = CARTESIAN_POINT('',(-4.102640613962,-0.494280438763));
#1256 = CARTESIAN_POINT('',(-4.075988348626,-0.500872265804));
#1257 = CARTESIAN_POINT('',(-4.049220352979,-0.507351965697));
#1258 = CARTESIAN_POINT('',(-4.022337113285,-0.513710509755));
#1259 = CARTESIAN_POINT('',(-3.953833045232,-0.529514493237));
#1260 = CARTESIAN_POINT('',(-3.912055996031,-0.53878252962));
#1261 = CARTESIAN_POINT('',(-3.870012158333,-0.547710307287));
#1262 = CARTESIAN_POINT('',(-3.827706940036,-0.556265730263));
#1263 = CARTESIAN_POINT('',(-3.785148437068,-0.564417760732));
#1264 = CARTESIAN_POINT('',(-3.701394660096,-0.579523045897));
#1265 = CARTESIAN_POINT('',(-3.660219282869,-0.586512929002));
#1266 = CARTESIAN_POINT('',(-3.61883284931,-0.593080669722));
#1267 = CARTESIAN_POINT('',(-3.577247466377,-0.599201982263));
#1268 = CARTESIAN_POINT('',(-3.5354776366,-0.604854610778));
#1269 = CARTESIAN_POINT('',(-3.468324637707,-0.613123996634));
#1270 = CARTESIAN_POINT('',(-3.44304785618,-0.616052621788));
#1271 = CARTESIAN_POINT('',(-3.417714405664,-0.618800358755));
#1272 = CARTESIAN_POINT('',(-3.39232829132,-0.621363284908));
#1273 = CARTESIAN_POINT('',(-3.366893783046,-0.623737862096));
#1274 = CARTESIAN_POINT('',(-3.285967700924,-0.63067188838));
#1275 = CARTESIAN_POINT('',(-3.230310881964,-0.634516011808));
#1276 = CARTESIAN_POINT('',(-3.174494260569,-0.637420727765));
#1277 = CARTESIAN_POINT('',(-3.118568194687,-0.639363619499));
#1278 = CARTESIAN_POINT('',(-3.062585910171,-0.640333052636));
#1279 = CARTESIAN_POINT('',(-2.950165317924,-0.640325220285));
#1280 = CARTESIAN_POINT('',(-2.893724415134,-0.639331933461));
#1281 = CARTESIAN_POINT('',(-2.837341433179,-0.637349246011));
#1282 = CARTESIAN_POINT('',(-2.781070881763,-0.634389267138));
#1283 = CARTESIAN_POINT('',(-2.724964274789,-0.630475226487));
#1284 = CARTESIAN_POINT('',(-2.643598053196,-0.623437446359));
#1285 = CARTESIAN_POINT('',(-2.618168307528,-0.621042855128));
#1286 = CARTESIAN_POINT('',(-2.59278731183,-0.618460229346));
#1287 = CARTESIAN_POINT('',(-2.567459320088,-0.615693133788));
#1288 = CARTESIAN_POINT('',(-2.542188320309,-0.6127455156));
#1289 = CARTESIAN_POINT('',(-2.475051482137,-0.60442657723));
#1290 = CARTESIAN_POINT('',(-2.433292570089,-0.598744072903));
#1291 = CARTESIAN_POINT('',(-2.391718863945,-0.592594059351));
#1292 = CARTESIAN_POINT('',(-2.350344776716,-0.585998877075));
#1293 = CARTESIAN_POINT('',(-2.309182324011,-0.578982878736));
#1294 = CARTESIAN_POINT('',(-2.225455995366,-0.563827003417));
#1295 = CARTESIAN_POINT('',(-2.182912061678,-0.555650625033));
#1296 = CARTESIAN_POINT('',(-2.140621843892,-0.54707241433));
#1297 = CARTESIAN_POINT('',(-2.0985933396,-0.538123445351));
#1298 = CARTESIAN_POINT('',(-2.05683186451,-0.528835832875));
#1299 = CARTESIAN_POINT('',(-1.925315965855,-0.498426512831));
#1300 = CARTESIAN_POINT('',(-1.836554945731,-0.476167956611));
#1301 = CARTESIAN_POINT('',(-1.749111910695,-0.452804221452));
#1302 = CARTESIAN_POINT('',(-1.662951824774,-0.428676000609));
#1303 = CARTESIAN_POINT('',(-1.57801144787,-0.404107777263));
#1304 = CARTESIAN_POINT('',(-1.484258973387,-0.376473047127));
#1305 = CARTESIAN_POINT('',(-1.474296271448,-0.373529758212));
#1306 = CARTESIAN_POINT('',(-1.464349870488,-0.370585175755));
#1307 = CARTESIAN_POINT('',(-1.454419644791,-0.367639817256));
#1308 = CARTESIAN_POINT('',(-1.444505465388,-0.36469419603));
#1309 = CARTESIAN_POINT('',(-1.434607200062,-0.361748821207));
#1310 = ( GEOMETRIC_REPRESENTATION_CONTEXT(2) 
PARAMETRIC_REPRESENTATION_CONTEXT() REPRESENTATION_CONTEXT('2D SPACE',''
  ) );
#1311 = ADVANCED_FACE('',(#1312),#940,.T.);
#1312 = FACE_BOUND('',#1313,.T.);
#1313 = EDGE_LOOP('',(#1314,#1315,#1338,#1365,#1366));
#1314 = ORIENTED_EDGE('',*,*,#884,.T.);
#1315 = ORIENTED_EDGE('',*,*,#1316,.F.);
#1316 = EDGE_CURVE('',#1317,#887,#1319,.T.);
#1317 = VERTEX_POINT('',#1318);
#1318 = CARTESIAN_POINT('',(9.69401306671,19.803465427828,
    -0.149005383659));
#1319 = SEAM_CURVE('',#1320,(#1324,#1331),.PCURVE_S1.);
#1320 = LINE('',#1321,#1322);
#1321 = CARTESIAN_POINT('',(9.69401306671,19.803465427828,
    -0.149005383659));
#1322 = VECTOR('',#1323,1.);
#1323 = DIRECTION('',(-0.980877605773,0.194623913173,-8.092675426954E-04
    ));
#1324 = PCURVE('',#940,#1325);
#1325 = DEFINITIONAL_REPRESENTATION('',(#1326),#1330);
#1326 = LINE('',#1327,#1328);
#1327 = CARTESIAN_POINT('',(-6.28318530718,0.));
#1328 = VECTOR('',#1329,1.);
#1329 = DIRECTION('',(-0.,-1.));
#1330 = ( GEOMETRIC_REPRESENTATION_CONTEXT(2) 
PARAMETRIC_REPRESENTATION_CONTEXT() REPRESENTATION_CONTEXT('2D SPACE',''
  ) );
#1331 = PCURVE('',#940,#1332);
#1332 = DEFINITIONAL_REPRESENTATION('',(#1333),#1337);
#1333 = LINE('',#1334,#1335);
#1334 = CARTESIAN_POINT('',(0.,-0.));
#1335 = VECTOR('',#1336,1.);
#1336 = DIRECTION('',(-0.,-1.));
#1337 = ( GEOMETRIC_REPRESENTATION_CONTEXT(2) 
PARAMETRIC_REPRESENTATION_CONTEXT() REPRESENTATION_CONTEXT('2D SPACE',''
  ) );
#1338 = ORIENTED_EDGE('',*,*,#1339,.T.);
#1339 = EDGE_CURVE('',#1317,#1317,#1340,.T.);
#1340 = SURFACE_CURVE('',#1341,(#1346,#1353),.PCURVE_S1.);
#1341 = CIRCLE('',#1342,10.973633886791);
#1342 = AXIS2_PLACEMENT_3D('',#1343,#1344,#1345);
#1343 = CARTESIAN_POINT('',(-1.274404497742,19.465150761975,
    -0.149005383659));
#1344 = DIRECTION('',(-3.082957538032E-02,0.999518171209,
    -3.600375548588E-03));
#1345 = DIRECTION('',(0.999524649502,3.082977519959E-02,
    1.355252715607E-20));
#1346 = PCURVE('',#940,#1347);
#1347 = DEFINITIONAL_REPRESENTATION('',(#1348),#1352);
#1348 = LINE('',#1349,#1350);
#1349 = CARTESIAN_POINT('',(-0.,-0.));
#1350 = VECTOR('',#1351,1.);
#1351 = DIRECTION('',(-1.,-0.));
#1352 = ( GEOMETRIC_REPRESENTATION_CONTEXT(2) 
PARAMETRIC_REPRESENTATION_CONTEXT() REPRESENTATION_CONTEXT('2D SPACE',''
  ) );
#1353 = PCURVE('',#1354,#1359);
#1354 = PLANE('',#1355);
#1355 = AXIS2_PLACEMENT_3D('',#1356,#1357,#1358);
#1356 = CARTESIAN_POINT('',(-1.274404497742,19.465150761975,
    -0.149005383659));
#1357 = DIRECTION('',(-3.082957538032E-02,0.999518171209,
    -3.600375548588E-03));
#1358 = DIRECTION('',(0.999524649502,3.082977519959E-02,
    1.355252715607E-20));
#1359 = DEFINITIONAL_REPRESENTATION('',(#1360),#1364);
#1360 = CIRCLE('',#1361,10.973633886791);
#1361 = AXIS2_PLACEMENT_2D('',#1362,#1363);
#1362 = CARTESIAN_POINT('',(0.,0.));
#1363 = DIRECTION('',(1.,0.));
#1364 = ( GEOMETRIC_REPRESENTATION_CONTEXT(2) 
PARAMETRIC_REPRESENTATION_CONTEXT() REPRESENTATION_CONTEXT('2D SPACE',''
  ) );
#1365 = ORIENTED_EDGE('',*,*,#1316,.T.);
#1366 = ORIENTED_EDGE('',*,*,#994,.T.);
#1367 = ADVANCED_FACE('',(#1368,#1371),#1354,.F.);
#1368 = FACE_BOUND('',#1369,.F.);
#1369 = EDGE_LOOP('',(#1370));
#1370 = ORIENTED_EDGE('',*,*,#1339,.T.);
#1371 = FACE_BOUND('',#1372,.F.);
#1372 = EDGE_LOOP('',(#1373));
#1373 = ORIENTED_EDGE('',*,*,#1374,.F.);
#1374 = EDGE_CURVE('',#1375,#1375,#1377,.T.);
#1375 = VERTEX_POINT('',#1376);
#1376 = CARTESIAN_POINT('',(-7.837232041608E-03,19.470648945937,
    -9.46808772971));
#1377 = SURFACE_CURVE('',#1378,(#1383,#1390),.PCURVE_S1.);
#1378 = ELLIPSE('',#1379,9.495789603981,9.491516840664);
#1379 = AXIS2_PLACEMENT_3D('',#1380,#1381,#1382);
#1380 = CARTESIAN_POINT('',(-7.856784318951E-03,19.504837705688,
    2.339140892004E-02));
#1381 = DIRECTION('',(-3.082957538032E-02,0.999518171209,
    -3.600375548588E-03));
#1382 = DIRECTION('',(-0.996726464582,-3.101241170546E-02,
    -7.466314433142E-02));
#1383 = PCURVE('',#1354,#1384);
#1384 = DEFINITIONAL_REPRESENTATION('',(#1385),#1389);
#1385 = ELLIPSE('',#1386,9.495789603981,9.491516840664);
#1386 = AXIS2_PLACEMENT_2D('',#1387,#1388);
#1387 = CARTESIAN_POINT('',(1.267169198889,-0.172397909954));
#1388 = DIRECTION('',(-0.997208775842,7.466362825424E-02));
#1389 = ( GEOMETRIC_REPRESENTATION_CONTEXT(2) 
PARAMETRIC_REPRESENTATION_CONTEXT() REPRESENTATION_CONTEXT('2D SPACE',''
  ) );
#1390 = PCURVE('',#1391,#1396);
#1391 = CYLINDRICAL_SURFACE('',#1392,9.491516840664);
#1392 = AXIS2_PLACEMENT_3D('',#1393,#1394,#1395);
#1393 = CARTESIAN_POINT('',(-8.230133171874E-03,19.911327306745,
    2.283890637686E-02));
#1394 = DIRECTION('',(9.18469622856E-04,-0.99999865449,
    1.359202789798E-03));
#1395 = DIRECTION('',(0.,-1.359203363101E-03,-0.999999076283));
#1396 = DEFINITIONAL_REPRESENTATION('',(#1397),#1414);
#1397 = B_SPLINE_CURVE_WITH_KNOTS('',8,(#1398,#1399,#1400,#1401,#1402,
    #1403,#1404,#1405,#1406,#1407,#1408,#1409,#1410,#1411,#1412,#1413),
  .UNSPECIFIED.,.F.,.F.,(9,7,9),(4.787197593793,7.928790247382,
    11.070382900972),.UNSPECIFIED.);
#1398 = CARTESIAN_POINT('',(6.28318530718,0.427778034777));
#1399 = CARTESIAN_POINT('',(5.890486225481,0.539317773107));
#1400 = CARTESIAN_POINT('',(5.497787143783,0.647105918571));
#1401 = CARTESIAN_POINT('',(5.105088062084,0.724927039464));
#1402 = CARTESIAN_POINT('',(4.712388980384,0.747841329156));
#1403 = CARTESIAN_POINT('',(4.31968989869,0.704854583783));
#1404 = CARTESIAN_POINT('',(3.926990816989,0.612035109464));
#1405 = CARTESIAN_POINT('',(3.534291735289,0.496741999541));
#1406 = CARTESIAN_POINT('',(2.748893571891,0.273662522881));
#1407 = CARTESIAN_POINT('',(2.356194490195,0.165874377417));
#1408 = CARTESIAN_POINT('',(1.963495408495,8.805325652105E-02));
#1409 = CARTESIAN_POINT('',(1.570796326821,6.513896683043E-02));
#1410 = CARTESIAN_POINT('',(1.178097245101,0.108125712205));
#1411 = CARTESIAN_POINT('',(0.785398163397,0.200945186524));
#1412 = CARTESIAN_POINT('',(0.392699081699,0.316238296447));
#1413 = CARTESIAN_POINT('',(8.881784197001E-16,0.427778034777));
#1414 = ( GEOMETRIC_REPRESENTATION_CONTEXT(2) 
PARAMETRIC_REPRESENTATION_CONTEXT() REPRESENTATION_CONTEXT('2D SPACE',''
  ) );
#1415 = ADVANCED_FACE('',(#1416),#1391,.T.);
#1416 = FACE_BOUND('',#1417,.T.);
#1417 = EDGE_LOOP('',(#1418,#1447,#1468,#1469));
#1418 = ORIENTED_EDGE('',*,*,#1419,.F.);
#1419 = EDGE_CURVE('',#1420,#1420,#1422,.T.);
#1420 = VERTEX_POINT('',#1421);
#1421 = CARTESIAN_POINT('',(-5.883540408971E-03,17.343535587685,
    -9.46519654741));
#1422 = SURFACE_CURVE('',#1423,(#1428,#1435),.PCURVE_S1.);
#1423 = CIRCLE('',#1424,9.491516840664);
#1424 = AXIS2_PLACEMENT_3D('',#1425,#1426,#1427);
#1425 = CARTESIAN_POINT('',(-5.883540408969E-03,17.356436489296,
    2.631152577601E-02));
#1426 = DIRECTION('',(9.18469622856E-04,-0.99999865449,
    1.359202789798E-03));
#1427 = DIRECTION('',(2.117582368136E-22,-1.359203363101E-03,
    -0.999999076283));
#1428 = PCURVE('',#1391,#1429);
#1429 = DEFINITIONAL_REPRESENTATION('',(#1430),#1434);
#1430 = LINE('',#1431,#1432);
#1431 = CARTESIAN_POINT('',(2.117582368136E-22,2.554894255085));
#1432 = VECTOR('',#1433,1.);
#1433 = DIRECTION('',(1.,0.));
#1434 = ( GEOMETRIC_REPRESENTATION_CONTEXT(2) 
PARAMETRIC_REPRESENTATION_CONTEXT() REPRESENTATION_CONTEXT('2D SPACE',''
  ) );
#1435 = PCURVE('',#1436,#1441);
#1436 = PLANE('',#1437);
#1437 = AXIS2_PLACEMENT_3D('',#1438,#1439,#1440);
#1438 = CARTESIAN_POINT('',(-5.883540408969E-03,17.356436489296,
    2.631152577601E-02));
#1439 = DIRECTION('',(9.18469622856E-04,-0.99999865449,
    1.359202789798E-03));
#1440 = DIRECTION('',(0.,-1.359203363101E-03,-0.999999076283));
#1441 = DEFINITIONAL_REPRESENTATION('',(#1442),#1446);
#1442 = CIRCLE('',#1443,9.491516840664);
#1443 = AXIS2_PLACEMENT_2D('',#1444,#1445);
#1444 = CARTESIAN_POINT('',(-3.469443747165E-18,8.673570409285E-19));
#1445 = DIRECTION('',(1.,0.));
#1446 = ( GEOMETRIC_REPRESENTATION_CONTEXT(2) 
PARAMETRIC_REPRESENTATION_CONTEXT() REPRESENTATION_CONTEXT('2D SPACE',''
  ) );
#1447 = ORIENTED_EDGE('',*,*,#1448,.F.);
#1448 = EDGE_CURVE('',#1375,#1420,#1449,.T.);
#1449 = SEAM_CURVE('',#1450,(#1454,#1461),.PCURVE_S1.);
#1450 = LINE('',#1451,#1452);
#1451 = CARTESIAN_POINT('',(-8.230133171876E-03,19.898426405134,
    -9.468669166809));
#1452 = VECTOR('',#1453,1.);
#1453 = DIRECTION('',(9.18469622856E-04,-0.99999865449,
    1.359202789798E-03));
#1454 = PCURVE('',#1391,#1455);
#1455 = DEFINITIONAL_REPRESENTATION('',(#1456),#1460);
#1456 = LINE('',#1457,#1458);
#1457 = CARTESIAN_POINT('',(6.28318530718,-0.));
#1458 = VECTOR('',#1459,1.);
#1459 = DIRECTION('',(0.,1.));
#1460 = ( GEOMETRIC_REPRESENTATION_CONTEXT(2) 
PARAMETRIC_REPRESENTATION_CONTEXT() REPRESENTATION_CONTEXT('2D SPACE',''
  ) );
#1461 = PCURVE('',#1391,#1462);
#1462 = DEFINITIONAL_REPRESENTATION('',(#1463),#1467);
#1463 = LINE('',#1464,#1465);
#1464 = CARTESIAN_POINT('',(0.,-0.));
#1465 = VECTOR('',#1466,1.);
#1466 = DIRECTION('',(0.,1.));
#1467 = ( GEOMETRIC_REPRESENTATION_CONTEXT(2) 
PARAMETRIC_REPRESENTATION_CONTEXT() REPRESENTATION_CONTEXT('2D SPACE',''
  ) );
#1468 = ORIENTED_EDGE('',*,*,#1374,.F.);
#1469 = ORIENTED_EDGE('',*,*,#1448,.T.);
#1470 = ADVANCED_FACE('',(#1471,#1502),#1436,.F.);
#1471 = FACE_BOUND('',#1472,.F.);
#1472 = EDGE_LOOP('',(#1473));
#1473 = ORIENTED_EDGE('',*,*,#1474,.T.);
#1474 = EDGE_CURVE('',#1475,#1475,#1477,.T.);
#1475 = VERTEX_POINT('',#1476);
#1476 = CARTESIAN_POINT('',(-5.883540408971E-03,17.342854358558,
    -9.966393437276));
#1477 = SURFACE_CURVE('',#1478,(#1483,#1490),.PCURVE_S1.);
#1478 = CIRCLE('',#1479,9.992714193496);
#1479 = AXIS2_PLACEMENT_3D('',#1480,#1481,#1482);
#1480 = CARTESIAN_POINT('',(-5.883540408969E-03,17.356436489296,
    2.631152577601E-02));
#1481 = DIRECTION('',(9.18469622856E-04,-0.99999865449,
    1.359202789798E-03));
#1482 = DIRECTION('',(2.117582368136E-22,-1.359203363101E-03,
    -0.999999076283));
#1483 = PCURVE('',#1436,#1484);
#1484 = DEFINITIONAL_REPRESENTATION('',(#1485),#1489);
#1485 = CIRCLE('',#1486,9.992714193496);
#1486 = AXIS2_PLACEMENT_2D('',#1487,#1488);
#1487 = CARTESIAN_POINT('',(0.,0.));
#1488 = DIRECTION('',(1.,0.));
#1489 = ( GEOMETRIC_REPRESENTATION_CONTEXT(2) 
PARAMETRIC_REPRESENTATION_CONTEXT() REPRESENTATION_CONTEXT('2D SPACE',''
  ) );
#1490 = PCURVE('',#1491,#1496);
#1491 = CONICAL_SURFACE('',#1492,9.992714193496,1.263549726771);
#1492 = AXIS2_PLACEMENT_3D('',#1493,#1494,#1495);
#1493 = CARTESIAN_POINT('',(-5.883540408969E-03,17.356436489296,
    2.631152577601E-02));
#1494 = DIRECTION('',(-9.18469622856E-04,0.99999865449,
    -1.359202789798E-03));
#1495 = DIRECTION('',(0.,-1.359203363101E-03,-0.999999076283));
#1496 = DEFINITIONAL_REPRESENTATION('',(#1497),#1501);
#1497 = LINE('',#1498,#1499);
#1498 = CARTESIAN_POINT('',(-0.,-0.));
#1499 = VECTOR('',#1500,1.);
#1500 = DIRECTION('',(-1.,-0.));
#1501 = ( GEOMETRIC_REPRESENTATION_CONTEXT(2) 
PARAMETRIC_REPRESENTATION_CONTEXT() REPRESENTATION_CONTEXT('2D SPACE',''
  ) );
#1502 = FACE_BOUND('',#1503,.F.);
#1503 = EDGE_LOOP('',(#1504));
#1504 = ORIENTED_EDGE('',*,*,#1419,.F.);
#1505 = ADVANCED_FACE('',(#1506),#1491,.T.);
#1506 = FACE_BOUND('',#1507,.T.);
#1507 = EDGE_LOOP('',(#1508,#1537,#1558,#1559));
#1508 = ORIENTED_EDGE('',*,*,#1509,.F.);
#1509 = EDGE_CURVE('',#1510,#1510,#1512,.T.);
#1510 = VERTEX_POINT('',#1511);
#1511 = CARTESIAN_POINT('',(-5.737478906506E-03,17.18450876491,
    -9.464980397418));
#1512 = SURFACE_CURVE('',#1513,(#1518,#1525),.PCURVE_S1.);
#1513 = CIRCLE('',#1514,9.491516840664);
#1514 = AXIS2_PLACEMENT_3D('',#1515,#1516,#1517);
#1515 = CARTESIAN_POINT('',(-5.737478906503E-03,17.197409666521,
    2.652767576801E-02));
#1516 = DIRECTION('',(9.18469622856E-04,-0.99999865449,
    1.359202789798E-03));
#1517 = DIRECTION('',(0.,-1.359203363101E-03,-0.999999076283));
#1518 = PCURVE('',#1491,#1519);
#1519 = DEFINITIONAL_REPRESENTATION('',(#1520),#1524);
#1520 = LINE('',#1521,#1522);
#1521 = CARTESIAN_POINT('',(-0.,-0.159027036748));
#1522 = VECTOR('',#1523,1.);
#1523 = DIRECTION('',(-1.,-0.));
#1524 = ( GEOMETRIC_REPRESENTATION_CONTEXT(2) 
PARAMETRIC_REPRESENTATION_CONTEXT() REPRESENTATION_CONTEXT('2D SPACE',''
  ) );
#1525 = PCURVE('',#1526,#1531);
#1526 = CYLINDRICAL_SURFACE('',#1527,9.491516840664);
#1527 = AXIS2_PLACEMENT_3D('',#1528,#1529,#1530);
#1528 = CARTESIAN_POINT('',(-8.230133171874E-03,19.911327306745,
    2.283890637686E-02));
#1529 = DIRECTION('',(9.18469622856E-04,-0.99999865449,
    1.359202789798E-03));
#1530 = DIRECTION('',(0.,-1.359203363101E-03,-0.999999076283));
#1531 = DEFINITIONAL_REPRESENTATION('',(#1532),#1536);
#1532 = LINE('',#1533,#1534);
#1533 = CARTESIAN_POINT('',(0.,2.713921291833));
#1534 = VECTOR('',#1535,1.);
#1535 = DIRECTION('',(1.,0.));
#1536 = ( GEOMETRIC_REPRESENTATION_CONTEXT(2) 
PARAMETRIC_REPRESENTATION_CONTEXT() REPRESENTATION_CONTEXT('2D SPACE',''
  ) );
#1537 = ORIENTED_EDGE('',*,*,#1538,.F.);
#1538 = EDGE_CURVE('',#1475,#1510,#1539,.T.);
#1539 = SEAM_CURVE('',#1540,(#1544,#1551),.PCURVE_S1.);
#1540 = LINE('',#1541,#1542);
#1541 = CARTESIAN_POINT('',(-5.883540408971E-03,17.342854358558,
    -9.966393437276));
#1542 = VECTOR('',#1543,1.);
#1543 = DIRECTION('',(2.777776618049E-04,-0.301139369499,0.95358009783)
  );
#1544 = PCURVE('',#1491,#1545);
#1545 = DEFINITIONAL_REPRESENTATION('',(#1546),#1550);
#1546 = LINE('',#1547,#1548);
#1547 = CARTESIAN_POINT('',(-6.28318530718,0.));
#1548 = VECTOR('',#1549,1.);
#1549 = DIRECTION('',(-0.,-1.));
#1550 = ( GEOMETRIC_REPRESENTATION_CONTEXT(2) 
PARAMETRIC_REPRESENTATION_CONTEXT() REPRESENTATION_CONTEXT('2D SPACE',''
  ) );
#1551 = PCURVE('',#1491,#1552);
#1552 = DEFINITIONAL_REPRESENTATION('',(#1553),#1557);
#1553 = LINE('',#1554,#1555);
#1554 = CARTESIAN_POINT('',(0.,-0.));
#1555 = VECTOR('',#1556,1.);
#1556 = DIRECTION('',(-0.,-1.));
#1557 = ( GEOMETRIC_REPRESENTATION_CONTEXT(2) 
PARAMETRIC_REPRESENTATION_CONTEXT() REPRESENTATION_CONTEXT('2D SPACE',''
  ) );
#1558 = ORIENTED_EDGE('',*,*,#1474,.T.);
#1559 = ORIENTED_EDGE('',*,*,#1538,.T.);
#1560 = ADVANCED_FACE('',(#1561),#1526,.T.);
#1561 = FACE_BOUND('',#1562,.T.);
#1562 = EDGE_LOOP('',(#1563,#1564,#1587,#1614));
#1563 = ORIENTED_EDGE('',*,*,#1509,.T.);
#1564 = ORIENTED_EDGE('',*,*,#1565,.T.);
#1565 = EDGE_CURVE('',#1510,#1566,#1568,.T.);
#1566 = VERTEX_POINT('',#1567);
#1567 = CARTESIAN_POINT('',(-5.637209744593E-03,17.075339093421,
    -9.464832013496));
#1568 = SEAM_CURVE('',#1569,(#1573,#1580),.PCURVE_S1.);
#1569 = LINE('',#1570,#1571);
#1570 = CARTESIAN_POINT('',(-8.230133171876E-03,19.898426405134,
    -9.468669166809));
#1571 = VECTOR('',#1572,1.);
#1572 = DIRECTION('',(9.18469622856E-04,-0.99999865449,
    1.359202789798E-03));
#1573 = PCURVE('',#1526,#1574);
#1574 = DEFINITIONAL_REPRESENTATION('',(#1575),#1579);
#1575 = LINE('',#1576,#1577);
#1576 = CARTESIAN_POINT('',(0.,-0.));
#1577 = VECTOR('',#1578,1.);
#1578 = DIRECTION('',(0.,1.));
#1579 = ( GEOMETRIC_REPRESENTATION_CONTEXT(2) 
PARAMETRIC_REPRESENTATION_CONTEXT() REPRESENTATION_CONTEXT('2D SPACE',''
  ) );
#1580 = PCURVE('',#1526,#1581);
#1581 = DEFINITIONAL_REPRESENTATION('',(#1582),#1586);
#1582 = LINE('',#1583,#1584);
#1583 = CARTESIAN_POINT('',(6.28318530718,-0.));
#1584 = VECTOR('',#1585,1.);
#1585 = DIRECTION('',(0.,1.));
#1586 = ( GEOMETRIC_REPRESENTATION_CONTEXT(2) 
PARAMETRIC_REPRESENTATION_CONTEXT() REPRESENTATION_CONTEXT('2D SPACE',''
  ) );
#1587 = ORIENTED_EDGE('',*,*,#1588,.F.);
#1588 = EDGE_CURVE('',#1566,#1566,#1589,.T.);
#1589 = SURFACE_CURVE('',#1590,(#1595,#1602),.PCURVE_S1.);
#1590 = CIRCLE('',#1591,9.491516840664);
#1591 = AXIS2_PLACEMENT_3D('',#1592,#1593,#1594);
#1592 = CARTESIAN_POINT('',(-5.637209744591E-03,17.088239995032,
    2.667605968971E-02));
#1593 = DIRECTION('',(9.18469622856E-04,-0.99999865449,
    1.359202789798E-03));
#1594 = DIRECTION('',(2.117582368136E-22,-1.359203363101E-03,
    -0.999999076283));
#1595 = PCURVE('',#1526,#1596);
#1596 = DEFINITIONAL_REPRESENTATION('',(#1597),#1601);
#1597 = LINE('',#1598,#1599);
#1598 = CARTESIAN_POINT('',(0.,2.823091110211));
#1599 = VECTOR('',#1600,1.);
#1600 = DIRECTION('',(1.,0.));
#1601 = ( GEOMETRIC_REPRESENTATION_CONTEXT(2) 
PARAMETRIC_REPRESENTATION_CONTEXT() REPRESENTATION_CONTEXT('2D SPACE',''
  ) );
#1602 = PCURVE('',#1603,#1608);
#1603 = PLANE('',#1604);
#1604 = AXIS2_PLACEMENT_3D('',#1605,#1606,#1607);
#1605 = CARTESIAN_POINT('',(-5.637209744591E-03,17.088239995032,
    2.667605968971E-02));
#1606 = DIRECTION('',(9.18469622856E-04,-0.99999865449,
    1.359202789798E-03));
#1607 = DIRECTION('',(0.,-1.359203363101E-03,-0.999999076283));
#1608 = DEFINITIONAL_REPRESENTATION('',(#1609),#1613);
#1609 = CIRCLE('',#1610,9.491516840664);
#1610 = AXIS2_PLACEMENT_2D('',#1611,#1612);
#1611 = CARTESIAN_POINT('',(0.,0.));
#1612 = DIRECTION('',(1.,0.));
#1613 = ( GEOMETRIC_REPRESENTATION_CONTEXT(2) 
PARAMETRIC_REPRESENTATION_CONTEXT() REPRESENTATION_CONTEXT('2D SPACE',''
  ) );
#1614 = ORIENTED_EDGE('',*,*,#1565,.F.);
#1615 = ADVANCED_FACE('',(#1616,#1619),#1603,.T.);
#1616 = FACE_BOUND('',#1617,.T.);
#1617 = EDGE_LOOP('',(#1618));
#1618 = ORIENTED_EDGE('',*,*,#1588,.T.);
#1619 = FACE_BOUND('',#1620,.T.);
#1620 = EDGE_LOOP('',(#1621));
#1621 = ORIENTED_EDGE('',*,*,#1622,.F.);
#1622 = EDGE_CURVE('',#1623,#1623,#1625,.T.);
#1623 = VERTEX_POINT('',#1624);
#1624 = CARTESIAN_POINT('',(-5.637209744593E-03,17.075806747612,
    -9.120767415694));
#1625 = SURFACE_CURVE('',#1626,(#1631,#1638),.PCURVE_S1.);
#1626 = CIRCLE('',#1627,9.147451925043);
#1627 = AXIS2_PLACEMENT_3D('',#1628,#1629,#1630);
#1628 = CARTESIAN_POINT('',(-5.637209744591E-03,17.088239995032,
    2.667605968971E-02));
#1629 = DIRECTION('',(9.18469622856E-04,-0.99999865449,
    1.359202789798E-03));
#1630 = DIRECTION('',(2.117582368136E-22,-1.359203363101E-03,
    -0.999999076283));
#1631 = PCURVE('',#1603,#1632);
#1632 = DEFINITIONAL_REPRESENTATION('',(#1633),#1637);
#1633 = CIRCLE('',#1634,9.147451925043);
#1634 = AXIS2_PLACEMENT_2D('',#1635,#1636);
#1635 = CARTESIAN_POINT('',(1.359416633195E-18,2.063845788132E-19));
#1636 = DIRECTION('',(1.,0.));
#1637 = ( GEOMETRIC_REPRESENTATION_CONTEXT(2) 
PARAMETRIC_REPRESENTATION_CONTEXT() REPRESENTATION_CONTEXT('2D SPACE',''
  ) );
#1638 = PCURVE('',#1639,#1644);
#1639 = CONICAL_SURFACE('',#1640,9.992714193496,1.263549726771);
#1640 = AXIS2_PLACEMENT_3D('',#1641,#1642,#1643);
#1641 = CARTESIAN_POINT('',(-5.883540408969E-03,17.356436489296,
    2.631152577601E-02));
#1642 = DIRECTION('',(-9.18469622856E-04,0.99999865449,
    -1.359202789798E-03));
#1643 = DIRECTION('',(0.,-1.359203363101E-03,-0.999999076283));
#1644 = DEFINITIONAL_REPRESENTATION('',(#1645),#1649);
#1645 = LINE('',#1646,#1647);
#1646 = CARTESIAN_POINT('',(-0.,-0.268196855125));
#1647 = VECTOR('',#1648,1.);
#1648 = DIRECTION('',(-1.,-0.));
#1649 = ( GEOMETRIC_REPRESENTATION_CONTEXT(2) 
PARAMETRIC_REPRESENTATION_CONTEXT() REPRESENTATION_CONTEXT('2D SPACE',''
  ) );
#1650 = ADVANCED_FACE('',(#1651),#1639,.T.);
#1651 = FACE_BOUND('',#1652,.T.);
#1652 = EDGE_LOOP('',(#1653,#1676,#1703,#1704));
#1653 = ORIENTED_EDGE('',*,*,#1654,.T.);
#1654 = EDGE_CURVE('',#1623,#1655,#1657,.T.);
#1655 = VERTEX_POINT('',#1656);
#1656 = CARTESIAN_POINT('',(-5.461860236749E-03,16.885709963404,
    -8.518811881338));
#1657 = SEAM_CURVE('',#1658,(#1662,#1669),.PCURVE_S1.);
#1658 = LINE('',#1659,#1660);
#1659 = CARTESIAN_POINT('',(-5.883540408971E-03,17.342854358558,
    -9.966393437276));
#1660 = VECTOR('',#1661,1.);
#1661 = DIRECTION('',(2.777776618049E-04,-0.301139369499,0.95358009783)
  );
#1662 = PCURVE('',#1639,#1663);
#1663 = DEFINITIONAL_REPRESENTATION('',(#1664),#1668);
#1664 = LINE('',#1665,#1666);
#1665 = CARTESIAN_POINT('',(-6.28318530718,0.));
#1666 = VECTOR('',#1667,1.);
#1667 = DIRECTION('',(-0.,-1.));
#1668 = ( GEOMETRIC_REPRESENTATION_CONTEXT(2) 
PARAMETRIC_REPRESENTATION_CONTEXT() REPRESENTATION_CONTEXT('2D SPACE',''
  ) );
#1669 = PCURVE('',#1639,#1670);
#1670 = DEFINITIONAL_REPRESENTATION('',(#1671),#1675);
#1671 = LINE('',#1672,#1673);
#1672 = CARTESIAN_POINT('',(0.,-0.));
#1673 = VECTOR('',#1674,1.);
#1674 = DIRECTION('',(-0.,-1.));
#1675 = ( GEOMETRIC_REPRESENTATION_CONTEXT(2) 
PARAMETRIC_REPRESENTATION_CONTEXT() REPRESENTATION_CONTEXT('2D SPACE',''
  ) );
#1676 = ORIENTED_EDGE('',*,*,#1677,.F.);
#1677 = EDGE_CURVE('',#1655,#1655,#1678,.T.);
#1678 = SURFACE_CURVE('',#1679,(#1684,#1691),.PCURVE_S1.);
#1679 = CIRCLE('',#1680,8.545755326913);
#1680 = AXIS2_PLACEMENT_3D('',#1681,#1682,#1683);
#1681 = CARTESIAN_POINT('',(-5.461860236747E-03,16.897325382784,
    2.693555171244E-02));
#1682 = DIRECTION('',(9.18469622856E-04,-0.99999865449,
    1.359202789798E-03));
#1683 = DIRECTION('',(2.117582368136E-22,-1.359203363101E-03,
    -0.999999076283));
#1684 = PCURVE('',#1639,#1685);
#1685 = DEFINITIONAL_REPRESENTATION('',(#1686),#1690);
#1686 = LINE('',#1687,#1688);
#1687 = CARTESIAN_POINT('',(-0.,-0.459111724251));
#1688 = VECTOR('',#1689,1.);
#1689 = DIRECTION('',(-1.,-0.));
#1690 = ( GEOMETRIC_REPRESENTATION_CONTEXT(2) 
PARAMETRIC_REPRESENTATION_CONTEXT() REPRESENTATION_CONTEXT('2D SPACE',''
  ) );
#1691 = PCURVE('',#1692,#1697);
#1692 = PLANE('',#1693);
#1693 = AXIS2_PLACEMENT_3D('',#1694,#1695,#1696);
#1694 = CARTESIAN_POINT('',(-5.461860236747E-03,16.897325382784,
    2.693555171244E-02));
#1695 = DIRECTION('',(9.18469622856E-04,-0.99999865449,
    1.359202789798E-03));
#1696 = DIRECTION('',(0.,-1.359203363101E-03,-0.999999076283));
#1697 = DEFINITIONAL_REPRESENTATION('',(#1698),#1702);
#1698 = CIRCLE('',#1699,8.545755326913);
#1699 = AXIS2_PLACEMENT_2D('',#1700,#1701);
#1700 = CARTESIAN_POINT('',(0.,0.));
#1701 = DIRECTION('',(1.,0.));
#1702 = ( GEOMETRIC_REPRESENTATION_CONTEXT(2) 
PARAMETRIC_REPRESENTATION_CONTEXT() REPRESENTATION_CONTEXT('2D SPACE',''
  ) );
#1703 = ORIENTED_EDGE('',*,*,#1654,.F.);
#1704 = ORIENTED_EDGE('',*,*,#1622,.T.);
#1705 = ADVANCED_FACE('',(#1706,#1709),#1692,.T.);
#1706 = FACE_BOUND('',#1707,.T.);
#1707 = EDGE_LOOP('',(#1708));
#1708 = ORIENTED_EDGE('',*,*,#1677,.T.);
#1709 = FACE_BOUND('',#1710,.T.);
#1710 = EDGE_LOOP('',(#1711));
#1711 = ORIENTED_EDGE('',*,*,#1712,.F.);
#1712 = EDGE_CURVE('',#1713,#1713,#1715,.T.);
#1713 = VERTEX_POINT('',#1714);
#1714 = CARTESIAN_POINT('',(-5.461860236749E-03,16.8857365334,
    -8.499263686977));
#1715 = SURFACE_CURVE('',#1716,(#1721,#1728),.PCURVE_S1.);
#1716 = CIRCLE('',#1717,8.526207114495);
#1717 = AXIS2_PLACEMENT_3D('',#1718,#1719,#1720);
#1718 = CARTESIAN_POINT('',(-5.461860236747E-03,16.897325382784,
    2.693555171244E-02));
#1719 = DIRECTION('',(9.18469622856E-04,-0.99999865449,
    1.359202789798E-03));
#1720 = DIRECTION('',(2.117582368136E-22,-1.359203363101E-03,
    -0.999999076283));
#1721 = PCURVE('',#1692,#1722);
#1722 = DEFINITIONAL_REPRESENTATION('',(#1723),#1727);
#1723 = CIRCLE('',#1724,8.526207114495);
#1724 = AXIS2_PLACEMENT_2D('',#1725,#1726);
#1725 = CARTESIAN_POINT('',(2.110027113971E-18,2.395703868822E-18));
#1726 = DIRECTION('',(1.,0.));
#1727 = ( GEOMETRIC_REPRESENTATION_CONTEXT(2) 
PARAMETRIC_REPRESENTATION_CONTEXT() REPRESENTATION_CONTEXT('2D SPACE',''
  ) );
#1728 = PCURVE('',#1729,#1734);
#1729 = CYLINDRICAL_SURFACE('',#1730,8.526207114495);
#1730 = AXIS2_PLACEMENT_3D('',#1731,#1732,#1733);
#1731 = CARTESIAN_POINT('',(-5.67695056122E-03,17.131508451787,
    2.661724900345E-02));
#1732 = DIRECTION('',(9.18469622856E-04,-0.99999865449,
    1.359202789798E-03));
#1733 = DIRECTION('',(0.,-1.359203363101E-03,-0.999999076283));
#1734 = DEFINITIONAL_REPRESENTATION('',(#1735),#1739);
#1735 = LINE('',#1736,#1737);
#1736 = CARTESIAN_POINT('',(2.117582368136E-22,0.234183384099));
#1737 = VECTOR('',#1738,1.);
#1738 = DIRECTION('',(1.,0.));
#1739 = ( GEOMETRIC_REPRESENTATION_CONTEXT(2) 
PARAMETRIC_REPRESENTATION_CONTEXT() REPRESENTATION_CONTEXT('2D SPACE',''
  ) );
#1740 = ADVANCED_FACE('',(#1741),#1729,.T.);
#1741 = FACE_BOUND('',#1742,.T.);
#1742 = EDGE_LOOP('',(#1743,#1744,#1767,#1794));
#1743 = ORIENTED_EDGE('',*,*,#1712,.T.);
#1744 = ORIENTED_EDGE('',*,*,#1745,.T.);
#1745 = EDGE_CURVE('',#1713,#1746,#1748,.T.);
#1746 = VERTEX_POINT('',#1747);
#1747 = CARTESIAN_POINT('',(-3.613984757185E-03,14.873832222963,
    -8.496529097346));
#1748 = SEAM_CURVE('',#1749,(#1753,#1760),.PCURVE_S1.);
#1749 = LINE('',#1750,#1751);
#1750 = CARTESIAN_POINT('',(-5.676950561222E-03,17.119919602403,
    -8.499581989686));
#1751 = VECTOR('',#1752,1.);
#1752 = DIRECTION('',(9.18469622856E-04,-0.99999865449,
    1.359202789798E-03));
#1753 = PCURVE('',#1729,#1754);
#1754 = DEFINITIONAL_REPRESENTATION('',(#1755),#1759);
#1755 = LINE('',#1756,#1757);
#1756 = CARTESIAN_POINT('',(0.,-0.));
#1757 = VECTOR('',#1758,1.);
#1758 = DIRECTION('',(0.,1.));
#1759 = ( GEOMETRIC_REPRESENTATION_CONTEXT(2) 
PARAMETRIC_REPRESENTATION_CONTEXT() REPRESENTATION_CONTEXT('2D SPACE',''
  ) );
#1760 = PCURVE('',#1729,#1761);
#1761 = DEFINITIONAL_REPRESENTATION('',(#1762),#1766);
#1762 = LINE('',#1763,#1764);
#1763 = CARTESIAN_POINT('',(6.28318530718,-0.));
#1764 = VECTOR('',#1765,1.);
#1765 = DIRECTION('',(0.,1.));
#1766 = ( GEOMETRIC_REPRESENTATION_CONTEXT(2) 
PARAMETRIC_REPRESENTATION_CONTEXT() REPRESENTATION_CONTEXT('2D SPACE',''
  ) );
#1767 = ORIENTED_EDGE('',*,*,#1768,.F.);
#1768 = EDGE_CURVE('',#1746,#1746,#1769,.T.);
#1769 = SURFACE_CURVE('',#1770,(#1775,#1782),.PCURVE_S1.);
#1770 = CIRCLE('',#1771,8.526207114495);
#1771 = AXIS2_PLACEMENT_3D('',#1772,#1773,#1774);
#1772 = CARTESIAN_POINT('',(-3.613984757183E-03,14.885421072348,
    2.967014134341E-02));
#1773 = DIRECTION('',(9.18469622856E-04,-0.99999865449,
    1.359202789798E-03));
#1774 = DIRECTION('',(2.117582368136E-22,-1.359203363101E-03,
    -0.999999076283));
#1775 = PCURVE('',#1729,#1776);
#1776 = DEFINITIONAL_REPRESENTATION('',(#1777),#1781);
#1777 = LINE('',#1778,#1779);
#1778 = CARTESIAN_POINT('',(0.,2.246090401577));
#1779 = VECTOR('',#1780,1.);
#1780 = DIRECTION('',(1.,0.));
#1781 = ( GEOMETRIC_REPRESENTATION_CONTEXT(2) 
PARAMETRIC_REPRESENTATION_CONTEXT() REPRESENTATION_CONTEXT('2D SPACE',''
  ) );
#1782 = PCURVE('',#1783,#1788);
#1783 = PLANE('',#1784);
#1784 = AXIS2_PLACEMENT_3D('',#1785,#1786,#1787);
#1785 = CARTESIAN_POINT('',(-3.613984757183E-03,14.885421072348,
    2.967014134341E-02));
#1786 = DIRECTION('',(9.18469622856E-04,-0.99999865449,
    1.359202789798E-03));
#1787 = DIRECTION('',(0.,-1.359203363101E-03,-0.999999076283));
#1788 = DEFINITIONAL_REPRESENTATION('',(#1789),#1793);
#1789 = CIRCLE('',#1790,8.526207114495);
#1790 = AXIS2_PLACEMENT_2D('',#1791,#1792);
#1791 = CARTESIAN_POINT('',(0.,0.));
#1792 = DIRECTION('',(1.,0.));
#1793 = ( GEOMETRIC_REPRESENTATION_CONTEXT(2) 
PARAMETRIC_REPRESENTATION_CONTEXT() REPRESENTATION_CONTEXT('2D SPACE',''
  ) );
#1794 = ORIENTED_EDGE('',*,*,#1745,.F.);
#1795 = ADVANCED_FACE('',(#1796,#1799),#1783,.T.);
#1796 = FACE_BOUND('',#1797,.T.);
#1797 = EDGE_LOOP('',(#1798));
#1798 = ORIENTED_EDGE('',*,*,#1768,.T.);
#1799 = FACE_BOUND('',#1800,.T.);
#1800 = EDGE_LOOP('',(#1801));
#1801 = ORIENTED_EDGE('',*,*,#1802,.F.);
#1802 = EDGE_CURVE('',#1803,#1803,#1805,.T.);
#1803 = VERTEX_POINT('',#1804);
#1804 = CARTESIAN_POINT('',(-3.613984757184E-03,14.877262396392,
    -5.972866816028));
#1805 = SURFACE_CURVE('',#1806,(#1811,#1818),.PCURVE_S1.);
#1806 = CIRCLE('',#1807,6.002542502024);
#1807 = AXIS2_PLACEMENT_3D('',#1808,#1809,#1810);
#1808 = CARTESIAN_POINT('',(-3.613984757183E-03,14.885421072348,
    2.967014134341E-02));
#1809 = DIRECTION('',(9.18469622856E-04,-0.99999865449,
    1.359202789798E-03));
#1810 = DIRECTION('',(2.117582368136E-22,-1.359203363101E-03,
    -0.999999076283));
#1811 = PCURVE('',#1783,#1812);
#1812 = DEFINITIONAL_REPRESENTATION('',(#1813),#1817);
#1813 = CIRCLE('',#1814,6.002542502024);
#1814 = AXIS2_PLACEMENT_2D('',#1815,#1816);
#1815 = CARTESIAN_POINT('',(-2.41443019018E-18,-3.572639943577E-18));
#1816 = DIRECTION('',(1.,0.));
#1817 = ( GEOMETRIC_REPRESENTATION_CONTEXT(2) 
PARAMETRIC_REPRESENTATION_CONTEXT() REPRESENTATION_CONTEXT('2D SPACE',''
  ) );
#1818 = PCURVE('',#1819,#1824);
#1819 = CYLINDRICAL_SURFACE('',#1820,6.002542502024);
#1820 = AXIS2_PLACEMENT_3D('',#1821,#1822,#1823);
#1821 = CARTESIAN_POINT('',(-3.754834809971E-03,15.038773845012,
    2.946170354653E-02));
#1822 = DIRECTION('',(9.18469622856E-04,-0.99999865449,
    1.359202789798E-03));
#1823 = DIRECTION('',(0.,-1.359203363101E-03,-0.999999076283));
#1824 = DEFINITIONAL_REPRESENTATION('',(#1825),#1829);
#1825 = LINE('',#1826,#1827);
#1826 = CARTESIAN_POINT('',(2.117582368136E-22,0.153352979002));
#1827 = VECTOR('',#1828,1.);
#1828 = DIRECTION('',(1.,0.));
#1829 = ( GEOMETRIC_REPRESENTATION_CONTEXT(2) 
PARAMETRIC_REPRESENTATION_CONTEXT() REPRESENTATION_CONTEXT('2D SPACE',''
  ) );
#1830 = ADVANCED_FACE('',(#1831),#1819,.T.);
#1831 = FACE_BOUND('',#1832,.T.);
#1832 = EDGE_LOOP('',(#1833,#1834,#1857,#1888));
#1833 = ORIENTED_EDGE('',*,*,#1802,.T.);
#1834 = ORIENTED_EDGE('',*,*,#1835,.T.);
#1835 = EDGE_CURVE('',#1803,#1836,#1838,.T.);
#1836 = VERTEX_POINT('',#1837);
#1837 = CARTESIAN_POINT('',(-9.800968492942E-04,12.00957434398,
    -5.968969041182));
#1838 = SEAM_CURVE('',#1839,(#1843,#1850),.PCURVE_S1.);
#1839 = LINE('',#1840,#1841);
#1840 = CARTESIAN_POINT('',(-3.754834809972E-03,15.030615169056,
    -5.973075253825));
#1841 = VECTOR('',#1842,1.);
#1842 = DIRECTION('',(9.18469622856E-04,-0.99999865449,
    1.359202789798E-03));
#1843 = PCURVE('',#1819,#1844);
#1844 = DEFINITIONAL_REPRESENTATION('',(#1845),#1849);
#1845 = LINE('',#1846,#1847);
#1846 = CARTESIAN_POINT('',(0.,-0.));
#1847 = VECTOR('',#1848,1.);
#1848 = DIRECTION('',(0.,1.));
#1849 = ( GEOMETRIC_REPRESENTATION_CONTEXT(2) 
PARAMETRIC_REPRESENTATION_CONTEXT() REPRESENTATION_CONTEXT('2D SPACE',''
  ) );
#1850 = PCURVE('',#1819,#1851);
#1851 = DEFINITIONAL_REPRESENTATION('',(#1852),#1856);
#1852 = LINE('',#1853,#1854);
#1853 = CARTESIAN_POINT('',(6.28318530718,-0.));
#1854 = VECTOR('',#1855,1.);
#1855 = DIRECTION('',(0.,1.));
#1856 = ( GEOMETRIC_REPRESENTATION_CONTEXT(2) 
PARAMETRIC_REPRESENTATION_CONTEXT() REPRESENTATION_CONTEXT('2D SPACE',''
  ) );
#1857 = ORIENTED_EDGE('',*,*,#1858,.F.);
#1858 = EDGE_CURVE('',#1836,#1836,#1859,.T.);
#1859 = SURFACE_CURVE('',#1860,(#1865,#1872),.PCURVE_S1.);
#1860 = CIRCLE('',#1861,6.002542502024);
#1861 = AXIS2_PLACEMENT_3D('',#1862,#1863,#1864);
#1862 = CARTESIAN_POINT('',(-9.800968492927E-04,12.017733019936,
    3.356791618902E-02));
#1863 = DIRECTION('',(9.18469622856E-04,-0.99999865449,
    1.359202789798E-03));
#1864 = DIRECTION('',(2.117582368136E-22,-1.359203363101E-03,
    -0.999999076283));
#1865 = PCURVE('',#1819,#1866);
#1866 = DEFINITIONAL_REPRESENTATION('',(#1867),#1871);
#1867 = LINE('',#1868,#1869);
#1868 = CARTESIAN_POINT('',(2.117582368136E-22,3.021044889922));
#1869 = VECTOR('',#1870,1.);
#1870 = DIRECTION('',(1.,0.));
#1871 = ( GEOMETRIC_REPRESENTATION_CONTEXT(2) 
PARAMETRIC_REPRESENTATION_CONTEXT() REPRESENTATION_CONTEXT('2D SPACE',''
  ) );
#1872 = PCURVE('',#1873,#1878);
#1873 = PLANE('',#1874);
#1874 = AXIS2_PLACEMENT_3D('',#1875,#1876,#1877);
#1875 = CARTESIAN_POINT('',(-9.800968492927E-04,12.017733019936,
    3.356791618902E-02));
#1876 = DIRECTION('',(-9.18469622856E-04,0.99999865449,
    -1.359202789798E-03));
#1877 = DIRECTION('',(0.,1.359203363101E-03,0.999999076283));
#1878 = DEFINITIONAL_REPRESENTATION('',(#1879),#1887);
#1879 = ( BOUNDED_CURVE() B_SPLINE_CURVE(2,(#1880,#1881,#1882,#1883,
#1884,#1885,#1886),.UNSPECIFIED.,.T.,.F.) B_SPLINE_CURVE_WITH_KNOTS((1,2
    ,2,2,2,1),(-2.094395102393,0.,2.094395102393,4.188790204786,
6.28318530718,8.377580409573),.UNSPECIFIED.) CURVE() 
GEOMETRIC_REPRESENTATION_ITEM() RATIONAL_B_SPLINE_CURVE((1.,0.5,1.,0.5,
1.,0.5,1.)) REPRESENTATION_ITEM('') );
#1880 = CARTESIAN_POINT('',(-6.002542502024,-9.705471647289E-19));
#1881 = CARTESIAN_POINT('',(-6.002542502024,10.396708588097));
#1882 = CARTESIAN_POINT('',(3.001271251012,5.198354294048));
#1883 = CARTESIAN_POINT('',(12.005085004047,1.469228345205E-15));
#1884 = CARTESIAN_POINT('',(3.001271251012,-5.198354294048));
#1885 = CARTESIAN_POINT('',(-6.002542502024,-10.39670858809));
#1886 = CARTESIAN_POINT('',(-6.002542502024,-9.705471647289E-19));
#1887 = ( GEOMETRIC_REPRESENTATION_CONTEXT(2) 
PARAMETRIC_REPRESENTATION_CONTEXT() REPRESENTATION_CONTEXT('2D SPACE',''
  ) );
#1888 = ORIENTED_EDGE('',*,*,#1835,.F.);
#1889 = ADVANCED_FACE('',(#1890,#1921),#1873,.T.);
#1890 = FACE_BOUND('',#1891,.T.);
#1891 = EDGE_LOOP('',(#1892));
#1892 = ORIENTED_EDGE('',*,*,#1893,.T.);
#1893 = EDGE_CURVE('',#1894,#1894,#1896,.T.);
#1894 = VERTEX_POINT('',#1895);
#1895 = CARTESIAN_POINT('',(-9.800968492944E-04,12.02708665279,
    6.915263817718));
#1896 = SURFACE_CURVE('',#1897,(#1902,#1909),.PCURVE_S1.);
#1897 = CIRCLE('',#1898,6.881702258276);
#1898 = AXIS2_PLACEMENT_3D('',#1899,#1900,#1901);
#1899 = CARTESIAN_POINT('',(-9.800968492927E-04,12.017733019936,
    3.356791618902E-02));
#1900 = DIRECTION('',(-9.18469622856E-04,0.99999865449,
    -1.359202789798E-03));
#1901 = DIRECTION('',(-2.117582368136E-22,1.359203363101E-03,
    0.999999076283));
#1902 = PCURVE('',#1873,#1903);
#1903 = DEFINITIONAL_REPRESENTATION('',(#1904),#1908);
#1904 = CIRCLE('',#1905,6.881702258276);
#1905 = AXIS2_PLACEMENT_2D('',#1906,#1907);
#1906 = CARTESIAN_POINT('',(0.,0.));
#1907 = DIRECTION('',(1.,0.));
#1908 = ( GEOMETRIC_REPRESENTATION_CONTEXT(2) 
PARAMETRIC_REPRESENTATION_CONTEXT() REPRESENTATION_CONTEXT('2D SPACE',''
  ) );
#1909 = PCURVE('',#1910,#1915);
#1910 = CONICAL_SURFACE('',#1911,9.639414531096,1.376479061893);
#1911 = AXIS2_PLACEMENT_3D('',#1912,#1913,#1914);
#1912 = CARTESIAN_POINT('',(-4.816257090614E-04,11.475014505215,
    3.430558170084E-02));
#1913 = DIRECTION('',(9.18469622856E-04,-0.99999865449,
    1.359202789798E-03));
#1914 = DIRECTION('',(0.,1.359203363101E-03,0.999999076283));
#1915 = DEFINITIONAL_REPRESENTATION('',(#1916),#1920);
#1916 = LINE('',#1917,#1918);
#1917 = CARTESIAN_POINT('',(-0.,-0.542719244956));
#1918 = VECTOR('',#1919,1.);
#1919 = DIRECTION('',(-1.,-0.));
#1920 = ( GEOMETRIC_REPRESENTATION_CONTEXT(2) 
PARAMETRIC_REPRESENTATION_CONTEXT() REPRESENTATION_CONTEXT('2D SPACE',''
  ) );
#1921 = FACE_BOUND('',#1922,.T.);
#1922 = EDGE_LOOP('',(#1923));
#1923 = ORIENTED_EDGE('',*,*,#1858,.T.);
#1924 = ADVANCED_FACE('',(#1925),#1910,.T.);
#1925 = FACE_BOUND('',#1926,.T.);
#1926 = EDGE_LOOP('',(#1927,#1950,#1951,#1952));
#1927 = ORIENTED_EDGE('',*,*,#1928,.T.);
#1928 = EDGE_CURVE('',#1929,#1894,#1931,.T.);
#1929 = VERTEX_POINT('',#1930);
#1930 = CARTESIAN_POINT('',(-5.570836729059E-04,11.56970509631,
    9.256140748369));
#1931 = SEAM_CURVE('',#1932,(#1936,#1943),.PCURVE_S1.);
#1932 = LINE('',#1933,#1934);
#1933 = CARTESIAN_POINT('',(-4.816257090638E-04,11.488116429864,
    9.673711208703));
#1934 = VECTOR('',#1935,1.);
#1935 = DIRECTION('',(-1.77353447876E-04,0.191762811573,-0.98144128334)
  );
#1936 = PCURVE('',#1910,#1937);
#1937 = DEFINITIONAL_REPRESENTATION('',(#1938),#1942);
#1938 = LINE('',#1939,#1940);
#1939 = CARTESIAN_POINT('',(-6.28318530718,0.));
#1940 = VECTOR('',#1941,1.);
#1941 = DIRECTION('',(-0.,-1.));
#1942 = ( GEOMETRIC_REPRESENTATION_CONTEXT(2) 
PARAMETRIC_REPRESENTATION_CONTEXT() REPRESENTATION_CONTEXT('2D SPACE',''
  ) );
#1943 = PCURVE('',#1910,#1944);
#1944 = DEFINITIONAL_REPRESENTATION('',(#1945),#1949);
#1945 = LINE('',#1946,#1947);
#1946 = CARTESIAN_POINT('',(0.,-0.));
#1947 = VECTOR('',#1948,1.);
#1948 = DIRECTION('',(-0.,-1.));
#1949 = ( GEOMETRIC_REPRESENTATION_CONTEXT(2) 
PARAMETRIC_REPRESENTATION_CONTEXT() REPRESENTATION_CONTEXT('2D SPACE',''
  ) );
#1950 = ORIENTED_EDGE('',*,*,#1893,.F.);
#1951 = ORIENTED_EDGE('',*,*,#1928,.F.);
#1952 = ORIENTED_EDGE('',*,*,#1953,.T.);
#1953 = EDGE_CURVE('',#1929,#1929,#1954,.T.);
#1954 = SURFACE_CURVE('',#1955,(#1960,#1967),.PCURVE_S1.);
#1955 = CIRCLE('',#1956,9.221955352069);
#1956 = AXIS2_PLACEMENT_3D('',#1957,#1958,#1959);
#1957 = CARTESIAN_POINT('',(-5.570836729037E-04,11.557170583581,
    3.419391477967E-02));
#1958 = DIRECTION('',(-9.18469622856E-04,0.99999865449,
    -1.359202789798E-03));
#1959 = DIRECTION('',(-2.117582368136E-22,1.359203363101E-03,
    0.999999076283));
#1960 = PCURVE('',#1910,#1961);
#1961 = DEFINITIONAL_REPRESENTATION('',(#1962),#1966);
#1962 = LINE('',#1963,#1964);
#1963 = CARTESIAN_POINT('',(-0.,-8.215618890874E-02));
#1964 = VECTOR('',#1965,1.);
#1965 = DIRECTION('',(-1.,-0.));
#1966 = ( GEOMETRIC_REPRESENTATION_CONTEXT(2) 
PARAMETRIC_REPRESENTATION_CONTEXT() REPRESENTATION_CONTEXT('2D SPACE',''
  ) );
#1967 = PCURVE('',#1968,#1973);
#1968 = PLANE('',#1969);
#1969 = AXIS2_PLACEMENT_3D('',#1970,#1971,#1972);
#1970 = CARTESIAN_POINT('',(-5.570836729037E-04,11.557170583581,
    3.419391477967E-02));
#1971 = DIRECTION('',(-9.18469622856E-04,0.99999865449,
    -1.359202789798E-03));
#1972 = DIRECTION('',(0.,1.359203363101E-03,0.999999076283));
#1973 = DEFINITIONAL_REPRESENTATION('',(#1974),#1978);
#1974 = CIRCLE('',#1975,9.221955352069);
#1975 = AXIS2_PLACEMENT_2D('',#1976,#1977);
#1976 = CARTESIAN_POINT('',(-4.524457304151E-18,-5.368664786584E-19));
#1977 = DIRECTION('',(1.,0.));
#1978 = ( GEOMETRIC_REPRESENTATION_CONTEXT(2) 
PARAMETRIC_REPRESENTATION_CONTEXT() REPRESENTATION_CONTEXT('2D SPACE',''
  ) );
#1979 = ADVANCED_FACE('',(#1980,#2011),#1968,.T.);
#1980 = FACE_BOUND('',#1981,.T.);
#1981 = EDGE_LOOP('',(#1982));
#1982 = ORIENTED_EDGE('',*,*,#1983,.T.);
#1983 = EDGE_CURVE('',#1984,#1984,#1986,.T.);
#1984 = VERTEX_POINT('',#1985);
#1985 = CARTESIAN_POINT('',(-5.57083672906E-04,11.570078118525,
    9.53058229297));
#1986 = SURFACE_CURVE('',#1987,(#1992,#1999),.PCURVE_S1.);
#1987 = CIRCLE('',#1988,9.496397150176);
#1988 = AXIS2_PLACEMENT_3D('',#1989,#1990,#1991);
#1989 = CARTESIAN_POINT('',(-5.570836729037E-04,11.557170583581,
    3.419391477967E-02));
#1990 = DIRECTION('',(-9.18469622856E-04,0.99999865449,
    -1.359202789798E-03));
#1991 = DIRECTION('',(-2.117582368136E-22,1.359203363101E-03,
    0.999999076283));
#1992 = PCURVE('',#1968,#1993);
#1993 = DEFINITIONAL_REPRESENTATION('',(#1994),#1998);
#1994 = CIRCLE('',#1995,9.496397150176);
#1995 = AXIS2_PLACEMENT_2D('',#1996,#1997);
#1996 = CARTESIAN_POINT('',(0.,0.));
#1997 = DIRECTION('',(1.,0.));
#1998 = ( GEOMETRIC_REPRESENTATION_CONTEXT(2) 
PARAMETRIC_REPRESENTATION_CONTEXT() REPRESENTATION_CONTEXT('2D SPACE',''
  ) );
#1999 = PCURVE('',#2000,#2005);
#2000 = CYLINDRICAL_SURFACE('',#2001,9.496397150176);
#2001 = AXIS2_PLACEMENT_3D('',#2002,#2003,#2004);
#2002 = CARTESIAN_POINT('',(1.826302970958E-03,8.962219833246,
    3.772098382462E-02));
#2003 = DIRECTION('',(-9.18469622856E-04,0.99999865449,
    -1.359202789798E-03));
#2004 = DIRECTION('',(0.,1.359203363101E-03,0.999999076283));
#2005 = DEFINITIONAL_REPRESENTATION('',(#2006),#2010);
#2006 = LINE('',#2007,#2008);
#2007 = CARTESIAN_POINT('',(0.,2.594954241873));
#2008 = VECTOR('',#2009,1.);
#2009 = DIRECTION('',(1.,0.));
#2010 = ( GEOMETRIC_REPRESENTATION_CONTEXT(2) 
PARAMETRIC_REPRESENTATION_CONTEXT() REPRESENTATION_CONTEXT('2D SPACE',''
  ) );
#2011 = FACE_BOUND('',#2012,.T.);
#2012 = EDGE_LOOP('',(#2013));
#2013 = ORIENTED_EDGE('',*,*,#1953,.F.);
#2014 = ADVANCED_FACE('',(#2015,#2046),#93,.F.);
#2015 = FACE_BOUND('',#2016,.F.);
#2016 = EDGE_LOOP('',(#2017));
#2017 = ORIENTED_EDGE('',*,*,#2018,.T.);
#2018 = EDGE_CURVE('',#2019,#2019,#2021,.T.);
#2019 = VERTEX_POINT('',#2020);
#2020 = CARTESIAN_POINT('',(1.012343889589E-02,-6.393204510416E-02,
    5.559863995208));
#2021 = SURFACE_CURVE('',#2022,(#2027,#2034),.PCURVE_S1.);
#2022 = CIRCLE('',#2023,5.509869534496);
#2023 = AXIS2_PLACEMENT_3D('',#2024,#2025,#2026);
#2024 = CARTESIAN_POINT('',(1.012343889589E-02,-7.142107830569E-02,
    4.999955027458E-02));
#2025 = DIRECTION('',(-9.18469622856E-04,0.99999865449,
    -1.359202789798E-03));
#2026 = DIRECTION('',(-2.117582368136E-22,1.359203363101E-03,
    0.999999076283));
#2027 = PCURVE('',#93,#2028);
#2028 = DEFINITIONAL_REPRESENTATION('',(#2029),#2033);
#2029 = CIRCLE('',#2030,5.509869534496);
#2030 = AXIS2_PLACEMENT_2D('',#2031,#2032);
#2031 = CARTESIAN_POINT('',(0.,0.));
#2032 = DIRECTION('',(1.,0.));
#2033 = ( GEOMETRIC_REPRESENTATION_CONTEXT(2) 
PARAMETRIC_REPRESENTATION_CONTEXT() REPRESENTATION_CONTEXT('2D SPACE',''
  ) );
#2034 = PCURVE('',#2035,#2040);
#2035 = CYLINDRICAL_SURFACE('',#2036,5.509869534496);
#2036 = AXIS2_PLACEMENT_3D('',#2037,#2038,#2039);
#2037 = CARTESIAN_POINT('',(1.012343889589E-02,-7.142107830569E-02,
    4.999955027458E-02));
#2038 = DIRECTION('',(-9.18469622856E-04,0.99999865449,
    -1.359202789798E-03));
#2039 = DIRECTION('',(0.,1.359203363101E-03,0.999999076283));
#2040 = DEFINITIONAL_REPRESENTATION('',(#2041),#2045);
#2041 = LINE('',#2042,#2043);
#2042 = CARTESIAN_POINT('',(0.,0.));
#2043 = VECTOR('',#2044,1.);
#2044 = DIRECTION('',(1.,0.));
#2045 = ( GEOMETRIC_REPRESENTATION_CONTEXT(2) 
PARAMETRIC_REPRESENTATION_CONTEXT() REPRESENTATION_CONTEXT('2D SPACE',''
  ) );
#2046 = FACE_BOUND('',#2047,.F.);
#2047 = EDGE_LOOP('',(#2048));
#2048 = ORIENTED_EDGE('',*,*,#78,.T.);
#2049 = ADVANCED_FACE('',(#2050),#2000,.T.);
#2050 = FACE_BOUND('',#2051,.T.);
#2051 = EDGE_LOOP('',(#2052,#2075,#2076,#2077));
#2052 = ORIENTED_EDGE('',*,*,#2053,.T.);
#2053 = EDGE_CURVE('',#2054,#1984,#2056,.T.);
#2054 = VERTEX_POINT('',#2055);
#2055 = CARTESIAN_POINT('',(-5.074768602671E-04,11.516067899071,
    9.530655703909));
#2056 = SEAM_CURVE('',#2057,(#2061,#2068),.PCURVE_S1.);
#2057 = LINE('',#2058,#2059);
#2058 = CARTESIAN_POINT('',(1.826302970955E-03,8.97512736819,
    9.534109362014));
#2059 = VECTOR('',#2060,1.);
#2060 = DIRECTION('',(-9.18469622856E-04,0.99999865449,
    -1.359202789798E-03));
#2061 = PCURVE('',#2000,#2062);
#2062 = DEFINITIONAL_REPRESENTATION('',(#2063),#2067);
#2063 = LINE('',#2064,#2065);
#2064 = CARTESIAN_POINT('',(6.28318530718,-0.));
#2065 = VECTOR('',#2066,1.);
#2066 = DIRECTION('',(0.,1.));
#2067 = ( GEOMETRIC_REPRESENTATION_CONTEXT(2) 
PARAMETRIC_REPRESENTATION_CONTEXT() REPRESENTATION_CONTEXT('2D SPACE',''
  ) );
#2068 = PCURVE('',#2000,#2069);
#2069 = DEFINITIONAL_REPRESENTATION('',(#2070),#2074);
#2070 = LINE('',#2071,#2072);
#2071 = CARTESIAN_POINT('',(0.,-0.));
#2072 = VECTOR('',#2073,1.);
#2073 = DIRECTION('',(0.,1.));
#2074 = ( GEOMETRIC_REPRESENTATION_CONTEXT(2) 
PARAMETRIC_REPRESENTATION_CONTEXT() REPRESENTATION_CONTEXT('2D SPACE',''
  ) );
#2075 = ORIENTED_EDGE('',*,*,#1983,.F.);
#2076 = ORIENTED_EDGE('',*,*,#2053,.F.);
#2077 = ORIENTED_EDGE('',*,*,#2078,.T.);
#2078 = EDGE_CURVE('',#2054,#2054,#2079,.T.);
#2079 = SURFACE_CURVE('',#2080,(#2085,#2092),.PCURVE_S1.);
#2080 = CIRCLE('',#2081,9.496397150176);
#2081 = AXIS2_PLACEMENT_3D('',#2082,#2083,#2084);
#2082 = CARTESIAN_POINT('',(-5.074768602648E-04,11.503160364127,
    3.426732571941E-02));
#2083 = DIRECTION('',(-9.18469622856E-04,0.99999865449,
    -1.359202789798E-03));
#2084 = DIRECTION('',(0.,1.359203363101E-03,0.999999076283));
#2085 = PCURVE('',#2000,#2086);
#2086 = DEFINITIONAL_REPRESENTATION('',(#2087),#2091);
#2087 = LINE('',#2088,#2089);
#2088 = CARTESIAN_POINT('',(0.,2.540943949747));
#2089 = VECTOR('',#2090,1.);
#2090 = DIRECTION('',(1.,0.));
#2091 = ( GEOMETRIC_REPRESENTATION_CONTEXT(2) 
PARAMETRIC_REPRESENTATION_CONTEXT() REPRESENTATION_CONTEXT('2D SPACE',''
  ) );
#2092 = PCURVE('',#2093,#2098);
#2093 = CONICAL_SURFACE('',#2094,9.639414531096,1.376479061893);
#2094 = AXIS2_PLACEMENT_3D('',#2095,#2096,#2097);
#2095 = CARTESIAN_POINT('',(-4.816257090614E-04,11.475014505215,
    3.430558170084E-02));
#2096 = DIRECTION('',(9.18469622856E-04,-0.99999865449,
    1.359202789798E-03));
#2097 = DIRECTION('',(0.,1.359203363101E-03,0.999999076283));
#2098 = DEFINITIONAL_REPRESENTATION('',(#2099),#2103);
#2099 = LINE('',#2100,#2101);
#2100 = CARTESIAN_POINT('',(-0.,-2.814589678316E-02));
#2101 = VECTOR('',#2102,1.);
#2102 = DIRECTION('',(-1.,-0.));
#2103 = ( GEOMETRIC_REPRESENTATION_CONTEXT(2) 
PARAMETRIC_REPRESENTATION_CONTEXT() REPRESENTATION_CONTEXT('2D SPACE',''
  ) );
#2104 = ADVANCED_FACE('',(#2105),#2035,.T.);
#2105 = FACE_BOUND('',#2106,.T.);
#2106 = EDGE_LOOP('',(#2107,#2140,#2161,#2162));
#2107 = ORIENTED_EDGE('',*,*,#2108,.F.);
#2108 = EDGE_CURVE('',#2109,#2109,#2111,.T.);
#2109 = VERTEX_POINT('',#2110);
#2110 = CARTESIAN_POINT('',(9.598538212634E-03,0.507562061975,
    5.559087217779));
#2111 = SURFACE_CURVE('',#2112,(#2117,#2124),.PCURVE_S1.);
#2112 = CIRCLE('',#2113,5.509869534496);
#2113 = AXIS2_PLACEMENT_3D('',#2114,#2115,#2116);
#2114 = CARTESIAN_POINT('',(9.598538212635E-03,0.500073028774,
    4.922277284472E-02));
#2115 = DIRECTION('',(-9.18469622856E-04,0.99999865449,
    -1.359202789798E-03));
#2116 = DIRECTION('',(-2.117582368136E-22,1.359203363101E-03,
    0.999999076283));
#2117 = PCURVE('',#2035,#2118);
#2118 = DEFINITIONAL_REPRESENTATION('',(#2119),#2123);
#2119 = LINE('',#2120,#2121);
#2120 = CARTESIAN_POINT('',(0.,0.571494876032));
#2121 = VECTOR('',#2122,1.);
#2122 = DIRECTION('',(1.,0.));
#2123 = ( GEOMETRIC_REPRESENTATION_CONTEXT(2) 
PARAMETRIC_REPRESENTATION_CONTEXT() REPRESENTATION_CONTEXT('2D SPACE',''
  ) );
#2124 = PCURVE('',#2125,#2130);
#2125 = PLANE('',#2126);
#2126 = AXIS2_PLACEMENT_3D('',#2127,#2128,#2129);
#2127 = CARTESIAN_POINT('',(9.598538212635E-03,0.500073028774,
    4.922277284472E-02));
#2128 = DIRECTION('',(9.18469622856E-04,-0.99999865449,
    1.359202789798E-03));
#2129 = DIRECTION('',(0.499998247088,1.63633882236E-03,0.866024869911));
#2130 = DEFINITIONAL_REPRESENTATION('',(#2131),#2139);
#2131 = ( BOUNDED_CURVE() B_SPLINE_CURVE(2,(#2132,#2133,#2134,#2135,
#2136,#2137,#2138),.UNSPECIFIED.,.T.,.F.) B_SPLINE_CURVE_WITH_KNOTS((1,2
    ,2,2,2,1),(-2.094395102393,0.,2.094395102393,4.188790204786,
6.28318530718,8.377580409573),.UNSPECIFIED.) CURVE() 
GEOMETRIC_REPRESENTATION_ITEM() RATIONAL_B_SPLINE_CURVE((1.,0.5,1.,0.5,
1.,0.5,1.)) REPRESENTATION_ITEM('') );
#2132 = CARTESIAN_POINT('',(4.771691893745,2.754926270943));
#2133 = CARTESIAN_POINT('',(9.543364166124,-5.509886527089));
#2134 = CARTESIAN_POINT('',(-9.810683351E-06,-5.509869534487));
#2135 = CARTESIAN_POINT('',(-9.543383787491,-5.509852541885));
#2136 = CARTESIAN_POINT('',(-4.771682083062,2.754943263545));
#2137 = CARTESIAN_POINT('',(1.962136669813E-05,11.019739068974));
#2138 = CARTESIAN_POINT('',(4.771691893745,2.754926270943));
#2139 = ( GEOMETRIC_REPRESENTATION_CONTEXT(2) 
PARAMETRIC_REPRESENTATION_CONTEXT() REPRESENTATION_CONTEXT('2D SPACE',''
  ) );
#2140 = ORIENTED_EDGE('',*,*,#2141,.F.);
#2141 = EDGE_CURVE('',#2019,#2109,#2142,.T.);
#2142 = SEAM_CURVE('',#2143,(#2147,#2154),.PCURVE_S1.);
#2143 = LINE('',#2144,#2145);
#2144 = CARTESIAN_POINT('',(1.012343889589E-02,-6.393204510416E-02,
    5.559863995208));
#2145 = VECTOR('',#2146,1.);
#2146 = DIRECTION('',(-9.18469622856E-04,0.99999865449,
    -1.359202789798E-03));
#2147 = PCURVE('',#2035,#2148);
#2148 = DEFINITIONAL_REPRESENTATION('',(#2149),#2153);
#2149 = LINE('',#2150,#2151);
#2150 = CARTESIAN_POINT('',(6.28318530718,-0.));
#2151 = VECTOR('',#2152,1.);
#2152 = DIRECTION('',(0.,1.));
#2153 = ( GEOMETRIC_REPRESENTATION_CONTEXT(2) 
PARAMETRIC_REPRESENTATION_CONTEXT() REPRESENTATION_CONTEXT('2D SPACE',''
  ) );
#2154 = PCURVE('',#2035,#2155);
#2155 = DEFINITIONAL_REPRESENTATION('',(#2156),#2160);
#2156 = LINE('',#2157,#2158);
#2157 = CARTESIAN_POINT('',(0.,-0.));
#2158 = VECTOR('',#2159,1.);
#2159 = DIRECTION('',(0.,1.));
#2160 = ( GEOMETRIC_REPRESENTATION_CONTEXT(2) 
PARAMETRIC_REPRESENTATION_CONTEXT() REPRESENTATION_CONTEXT('2D SPACE',''
  ) );
#2161 = ORIENTED_EDGE('',*,*,#2018,.T.);
#2162 = ORIENTED_EDGE('',*,*,#2141,.T.);
#2163 = ADVANCED_FACE('',(#2164),#2093,.T.);
#2164 = FACE_BOUND('',#2165,.T.);
#2165 = EDGE_LOOP('',(#2166,#2167,#2190,#2217));
#2166 = ORIENTED_EDGE('',*,*,#2078,.F.);
#2167 = ORIENTED_EDGE('',*,*,#2168,.F.);
#2168 = EDGE_CURVE('',#2169,#2054,#2171,.T.);
#2169 = VERTEX_POINT('',#2170);
#2170 = CARTESIAN_POINT('',(-4.816257090638E-04,11.488116429864,
    9.673711208703));
#2171 = SEAM_CURVE('',#2172,(#2176,#2183),.PCURVE_S1.);
#2172 = LINE('',#2173,#2174);
#2173 = CARTESIAN_POINT('',(-4.816257090638E-04,11.488116429864,
    9.673711208703));
#2174 = VECTOR('',#2175,1.);
#2175 = DIRECTION('',(-1.77353447876E-04,0.191762811573,-0.98144128334)
  );
#2176 = PCURVE('',#2093,#2177);
#2177 = DEFINITIONAL_REPRESENTATION('',(#2178),#2182);
#2178 = LINE('',#2179,#2180);
#2179 = CARTESIAN_POINT('',(-6.28318530718,0.));
#2180 = VECTOR('',#2181,1.);
#2181 = DIRECTION('',(-0.,-1.));
#2182 = ( GEOMETRIC_REPRESENTATION_CONTEXT(2) 
PARAMETRIC_REPRESENTATION_CONTEXT() REPRESENTATION_CONTEXT('2D SPACE',''
  ) );
#2183 = PCURVE('',#2093,#2184);
#2184 = DEFINITIONAL_REPRESENTATION('',(#2185),#2189);
#2185 = LINE('',#2186,#2187);
#2186 = CARTESIAN_POINT('',(0.,-0.));
#2187 = VECTOR('',#2188,1.);
#2188 = DIRECTION('',(-0.,-1.));
#2189 = ( GEOMETRIC_REPRESENTATION_CONTEXT(2) 
PARAMETRIC_REPRESENTATION_CONTEXT() REPRESENTATION_CONTEXT('2D SPACE',''
  ) );
#2190 = ORIENTED_EDGE('',*,*,#2191,.T.);
#2191 = EDGE_CURVE('',#2169,#2169,#2192,.T.);
#2192 = SURFACE_CURVE('',#2193,(#2198,#2205),.PCURVE_S1.);
#2193 = CIRCLE('',#2194,9.639414531096);
#2194 = AXIS2_PLACEMENT_3D('',#2195,#2196,#2197);
#2195 = CARTESIAN_POINT('',(-4.816257090614E-04,11.475014505215,
    3.430558170084E-02));
#2196 = DIRECTION('',(-9.18469622856E-04,0.99999865449,
    -1.359202789798E-03));
#2197 = DIRECTION('',(-2.117582368136E-22,1.359203363101E-03,
    0.999999076283));
#2198 = PCURVE('',#2093,#2199);
#2199 = DEFINITIONAL_REPRESENTATION('',(#2200),#2204);
#2200 = LINE('',#2201,#2202);
#2201 = CARTESIAN_POINT('',(-0.,-0.));
#2202 = VECTOR('',#2203,1.);
#2203 = DIRECTION('',(-1.,-0.));
#2204 = ( GEOMETRIC_REPRESENTATION_CONTEXT(2) 
PARAMETRIC_REPRESENTATION_CONTEXT() REPRESENTATION_CONTEXT('2D SPACE',''
  ) );
#2205 = PCURVE('',#2206,#2211);
#2206 = PLANE('',#2207);
#2207 = AXIS2_PLACEMENT_3D('',#2208,#2209,#2210);
#2208 = CARTESIAN_POINT('',(-4.816257090614E-04,11.475014505215,
    3.430558170084E-02));
#2209 = DIRECTION('',(-9.18469622856E-04,0.99999865449,
    -1.359202789798E-03));
#2210 = DIRECTION('',(0.,1.359203363101E-03,0.999999076283));
#2211 = DEFINITIONAL_REPRESENTATION('',(#2212),#2216);
#2212 = CIRCLE('',#2213,9.639414531096);
#2213 = AXIS2_PLACEMENT_2D('',#2214,#2215);
#2214 = CARTESIAN_POINT('',(0.,0.));
#2215 = DIRECTION('',(1.,0.));
#2216 = ( GEOMETRIC_REPRESENTATION_CONTEXT(2) 
PARAMETRIC_REPRESENTATION_CONTEXT() REPRESENTATION_CONTEXT('2D SPACE',''
  ) );
#2217 = ORIENTED_EDGE('',*,*,#2168,.T.);
#2218 = ADVANCED_FACE('',(#2219,#2389),#2125,.T.);
#2219 = FACE_BOUND('',#2220,.T.);
#2220 = EDGE_LOOP('',(#2221,#2251,#2279,#2307,#2335,#2363));
#2221 = ORIENTED_EDGE('',*,*,#2222,.T.);
#2222 = EDGE_CURVE('',#2223,#2225,#2227,.T.);
#2223 = VERTEX_POINT('',#2224);
#2224 = CARTESIAN_POINT('',(4.051036304064,0.513299398172,7.049218544441
    ));
#2225 = VERTEX_POINT('',#2226);
#2226 = CARTESIAN_POINT('',(-4.031864155545,0.5058754838,7.049214242907)
  );
#2227 = SURFACE_CURVE('',#2228,(#2232,#2239),.PCURVE_S1.);
#2228 = LINE('',#2229,#2230);
#2229 = CARTESIAN_POINT('',(4.051036304064,0.513299398172,7.049218544441
    ));
#2230 = VECTOR('',#2231,1.);
#2231 = DIRECTION('',(-0.999999578205,-9.184711945988E-04,
    -5.3217680962E-07));
#2232 = PCURVE('',#2125,#2233);
#2233 = DEFINITIONAL_REPRESENTATION('',(#2234),#2238);
#2234 = LINE('',#2235,#2236);
#2235 = CARTESIAN_POINT('',(8.082903868936,3.662786023859E-16));
#2236 = VECTOR('',#2237,1.);
#2237 = DIRECTION('',(-0.5,0.866025403784));
#2238 = ( GEOMETRIC_REPRESENTATION_CONTEXT(2) 
PARAMETRIC_REPRESENTATION_CONTEXT() REPRESENTATION_CONTEXT('2D SPACE',''
  ) );
#2239 = PCURVE('',#2240,#2245);
#2240 = PLANE('',#2241);
#2241 = AXIS2_PLACEMENT_3D('',#2242,#2243,#2244);
#2242 = CARTESIAN_POINT('',(4.049199364818,2.513296707151,7.046500138862
    ));
#2243 = DIRECTION('',(1.780564703679E-06,-1.359201727705E-03,
    -0.999999076283));
#2244 = DIRECTION('',(-0.999999578205,-9.184711945988E-04,
    -5.3217680962E-07));
#2245 = DEFINITIONAL_REPRESENTATION('',(#2246),#2250);
#2246 = LINE('',#2247,#2248);
#2247 = CARTESIAN_POINT('',(0.,-2.));
#2248 = VECTOR('',#2249,1.);
#2249 = DIRECTION('',(1.,0.));
#2250 = ( GEOMETRIC_REPRESENTATION_CONTEXT(2) 
PARAMETRIC_REPRESENTATION_CONTEXT() REPRESENTATION_CONTEXT('2D SPACE',''
  ) );
#2251 = ORIENTED_EDGE('',*,*,#2252,.T.);
#2252 = EDGE_CURVE('',#2225,#2253,#2255,.T.);
#2253 = VERTEX_POINT('',#2254);
#2254 = CARTESIAN_POINT('',(-8.073301921396,0.492649114401,
    4.921847131073E-02));
#2255 = SURFACE_CURVE('',#2256,(#2260,#2267),.PCURVE_S1.);
#2256 = LINE('',#2257,#2258);
#2257 = CARTESIAN_POINT('',(-4.031864155545,0.5058754838,7.049214242907)
  );
#2258 = VECTOR('',#2259,1.);
#2259 = DIRECTION('',(-0.499998247088,-1.63633882236E-03,-0.866024869911
    ));
#2260 = PCURVE('',#2125,#2261);
#2261 = DEFINITIONAL_REPRESENTATION('',(#2262),#2266);
#2262 = LINE('',#2263,#2264);
#2263 = CARTESIAN_POINT('',(4.041451934468,7.000000086846));
#2264 = VECTOR('',#2265,1.);
#2265 = DIRECTION('',(-1.,1.098835807158E-16));
#2266 = ( GEOMETRIC_REPRESENTATION_CONTEXT(2) 
PARAMETRIC_REPRESENTATION_CONTEXT() REPRESENTATION_CONTEXT('2D SPACE',''
  ) );
#2267 = PCURVE('',#2268,#2273);
#2268 = PLANE('',#2269);
#2269 = AXIS2_PLACEMENT_3D('',#2270,#2271,#2272);
#2270 = CARTESIAN_POINT('',(-4.033701094791,2.505872792779,
    7.046495837328));
#2271 = DIRECTION('',(0.866025928782,1.158185233143E-04,-0.499999077263)
  );
#2272 = DIRECTION('',(-0.499998247088,-1.63633882236E-03,-0.866024869911
    ));
#2273 = DEFINITIONAL_REPRESENTATION('',(#2274),#2278);
#2274 = LINE('',#2275,#2276);
#2275 = CARTESIAN_POINT('',(0.,-2.));
#2276 = VECTOR('',#2277,1.);
#2277 = DIRECTION('',(1.,0.));
#2278 = ( GEOMETRIC_REPRESENTATION_CONTEXT(2) 
PARAMETRIC_REPRESENTATION_CONTEXT() REPRESENTATION_CONTEXT('2D SPACE',''
  ) );
#2279 = ORIENTED_EDGE('',*,*,#2280,.T.);
#2280 = EDGE_CURVE('',#2253,#2281,#2283,.T.);
#2281 = VERTEX_POINT('',#2282);
#2282 = CARTESIAN_POINT('',(-4.031839227639,0.486846659376,
    -6.950772998752));
#2283 = SURFACE_CURVE('',#2284,(#2288,#2295),.PCURVE_S1.);
#2284 = LINE('',#2285,#2286);
#2285 = CARTESIAN_POINT('',(-8.073301921396,0.492649114401,
    4.921847131073E-02));
#2286 = VECTOR('',#2287,1.);
#2287 = DIRECTION('',(0.500001331117,-7.178676277608E-04,-0.866024337734
    ));
#2288 = PCURVE('',#2125,#2289);
#2289 = DEFINITIONAL_REPRESENTATION('',(#2290),#2294);
#2290 = LINE('',#2291,#2292);
#2291 = CARTESIAN_POINT('',(-4.041451934468,7.000000086846));
#2292 = VECTOR('',#2293,1.);
#2293 = DIRECTION('',(-0.5,-0.866025403784));
#2294 = ( GEOMETRIC_REPRESENTATION_CONTEXT(2) 
PARAMETRIC_REPRESENTATION_CONTEXT() REPRESENTATION_CONTEXT('2D SPACE',''
  ) );
#2295 = PCURVE('',#2296,#2301);
#2296 = PLANE('',#2297);
#2297 = AXIS2_PLACEMENT_3D('',#2298,#2299,#2300);
#2298 = CARTESIAN_POINT('',(-8.075138860642,2.492646423381,
    4.650006573113E-02));
#2299 = DIRECTION('',(0.866024148217,1.475020251019E-03,0.49999999902));
#2300 = DIRECTION('',(0.500001331117,-7.178676277608E-04,-0.866024337734
    ));
#2301 = DEFINITIONAL_REPRESENTATION('',(#2302),#2306);
#2302 = LINE('',#2303,#2304);
#2303 = CARTESIAN_POINT('',(0.,-2.));
#2304 = VECTOR('',#2305,1.);
#2305 = DIRECTION('',(1.,0.));
#2306 = ( GEOMETRIC_REPRESENTATION_CONTEXT(2) 
PARAMETRIC_REPRESENTATION_CONTEXT() REPRESENTATION_CONTEXT('2D SPACE',''
  ) );
#2307 = ORIENTED_EDGE('',*,*,#2308,.T.);
#2308 = EDGE_CURVE('',#2281,#2309,#2311,.T.);
#2309 = VERTEX_POINT('',#2310);
#2310 = CARTESIAN_POINT('',(4.05106123197,0.494270573748,-6.950768697218
    ));
#2311 = SURFACE_CURVE('',#2312,(#2316,#2323),.PCURVE_S1.);
#2312 = LINE('',#2313,#2314);
#2313 = CARTESIAN_POINT('',(-4.031839227639,0.486846659376,
    -6.950772998752));
#2314 = VECTOR('',#2315,1.);
#2315 = DIRECTION('',(0.999999578205,9.184711945988E-04,
    5.321768093425E-07));
#2316 = PCURVE('',#2125,#2317);
#2317 = DEFINITIONAL_REPRESENTATION('',(#2318),#2322);
#2318 = LINE('',#2319,#2320);
#2319 = CARTESIAN_POINT('',(-8.082903868936,1.356148837477E-15));
#2320 = VECTOR('',#2321,1.);
#2321 = DIRECTION('',(0.5,-0.866025403784));
#2322 = ( GEOMETRIC_REPRESENTATION_CONTEXT(2) 
PARAMETRIC_REPRESENTATION_CONTEXT() REPRESENTATION_CONTEXT('2D SPACE',''
  ) );
#2323 = PCURVE('',#2324,#2329);
#2324 = PLANE('',#2325);
#2325 = AXIS2_PLACEMENT_3D('',#2326,#2327,#2328);
#2326 = CARTESIAN_POINT('',(-4.033676166884,2.486843968355,
    -6.953491404331));
#2327 = DIRECTION('',(-1.780564703402E-06,1.359201727705E-03,
    0.999999076283));
#2328 = DIRECTION('',(0.999999578205,9.184711945988E-04,
    5.321768093425E-07));
#2329 = DEFINITIONAL_REPRESENTATION('',(#2330),#2334);
#2330 = LINE('',#2331,#2332);
#2331 = CARTESIAN_POINT('',(0.,-2.));
#2332 = VECTOR('',#2333,1.);
#2333 = DIRECTION('',(1.,0.));
#2334 = ( GEOMETRIC_REPRESENTATION_CONTEXT(2) 
PARAMETRIC_REPRESENTATION_CONTEXT() REPRESENTATION_CONTEXT('2D SPACE',''
  ) );
#2335 = ORIENTED_EDGE('',*,*,#2336,.T.);
#2336 = EDGE_CURVE('',#2309,#2337,#2339,.T.);
#2337 = VERTEX_POINT('',#2338);
#2338 = CARTESIAN_POINT('',(8.092498997821,0.507496943146,
    4.922707437871E-02));
#2339 = SURFACE_CURVE('',#2340,(#2344,#2351),.PCURVE_S1.);
#2340 = LINE('',#2341,#2342);
#2341 = CARTESIAN_POINT('',(4.05106123197,0.494270573748,-6.950768697218
    ));
#2342 = VECTOR('',#2343,1.);
#2343 = DIRECTION('',(0.499998247088,1.63633882236E-03,0.866024869911));
#2344 = PCURVE('',#2125,#2345);
#2345 = DEFINITIONAL_REPRESENTATION('',(#2346),#2350);
#2346 = LINE('',#2347,#2348);
#2347 = CARTESIAN_POINT('',(-4.041451934468,-7.000000086846));
#2348 = VECTOR('',#2349,1.);
#2349 = DIRECTION('',(1.,-5.494179035789E-16));
#2350 = ( GEOMETRIC_REPRESENTATION_CONTEXT(2) 
PARAMETRIC_REPRESENTATION_CONTEXT() REPRESENTATION_CONTEXT('2D SPACE',''
  ) );
#2351 = PCURVE('',#2352,#2357);
#2352 = PLANE('',#2353);
#2353 = AXIS2_PLACEMENT_3D('',#2354,#2355,#2356);
#2354 = CARTESIAN_POINT('',(4.049224292724,2.494267882727,
    -6.953487102797));
#2355 = DIRECTION('',(-0.866025928782,-1.158185233143E-04,0.499999077263
    ));
#2356 = DIRECTION('',(0.499998247088,1.63633882236E-03,0.866024869911));
#2357 = DEFINITIONAL_REPRESENTATION('',(#2358),#2362);
#2358 = LINE('',#2359,#2360);
#2359 = CARTESIAN_POINT('',(0.,-2.));
#2360 = VECTOR('',#2361,1.);
#2361 = DIRECTION('',(1.,0.));
#2362 = ( GEOMETRIC_REPRESENTATION_CONTEXT(2) 
PARAMETRIC_REPRESENTATION_CONTEXT() REPRESENTATION_CONTEXT('2D SPACE',''
  ) );
#2363 = ORIENTED_EDGE('',*,*,#2364,.T.);
#2364 = EDGE_CURVE('',#2337,#2223,#2365,.T.);
#2365 = SURFACE_CURVE('',#2366,(#2370,#2377),.PCURVE_S1.);
#2366 = LINE('',#2367,#2368);
#2367 = CARTESIAN_POINT('',(8.092498997821,0.507496943146,
    4.922707437871E-02));
#2368 = VECTOR('',#2369,1.);
#2369 = DIRECTION('',(-0.500001331117,7.178676277608E-04,0.866024337734)
  );
#2370 = PCURVE('',#2125,#2371);
#2371 = DEFINITIONAL_REPRESENTATION('',(#2372),#2376);
#2372 = LINE('',#2373,#2374);
#2373 = CARTESIAN_POINT('',(4.041451934468,-7.000000086846));
#2374 = VECTOR('',#2375,1.);
#2375 = DIRECTION('',(0.5,0.866025403784));
#2376 = ( GEOMETRIC_REPRESENTATION_CONTEXT(2) 
PARAMETRIC_REPRESENTATION_CONTEXT() REPRESENTATION_CONTEXT('2D SPACE',''
  ) );
#2377 = PCURVE('',#2378,#2383);
#2378 = PLANE('',#2379);
#2379 = AXIS2_PLACEMENT_3D('',#2380,#2381,#2382);
#2380 = CARTESIAN_POINT('',(8.090662058576,2.507494252126,
    4.650866879911E-02));
#2381 = DIRECTION('',(-0.866024148217,-1.475020251019E-03,-0.49999999902
    ));
#2382 = DIRECTION('',(-0.500001331117,7.178676277608E-04,0.866024337734)
  );
#2383 = DEFINITIONAL_REPRESENTATION('',(#2384),#2388);
#2384 = LINE('',#2385,#2386);
#2385 = CARTESIAN_POINT('',(0.,-2.));
#2386 = VECTOR('',#2387,1.);
#2387 = DIRECTION('',(1.,0.));
#2388 = ( GEOMETRIC_REPRESENTATION_CONTEXT(2) 
PARAMETRIC_REPRESENTATION_CONTEXT() REPRESENTATION_CONTEXT('2D SPACE',''
  ) );
#2389 = FACE_BOUND('',#2390,.T.);
#2390 = EDGE_LOOP('',(#2391));
#2391 = ORIENTED_EDGE('',*,*,#2108,.T.);
#2392 = ADVANCED_FACE('',(#2393,#2396),#2206,.F.);
#2393 = FACE_BOUND('',#2394,.F.);
#2394 = EDGE_LOOP('',(#2395));
#2395 = ORIENTED_EDGE('',*,*,#2191,.T.);
#2396 = FACE_BOUND('',#2397,.F.);
#2397 = EDGE_LOOP('',(#2398));
#2398 = ORIENTED_EDGE('',*,*,#2399,.F.);
#2399 = EDGE_CURVE('',#2400,#2400,#2402,.T.);
#2400 = VERTEX_POINT('',#2401);
#2401 = CARTESIAN_POINT('',(-4.816257090637E-04,11.487922040159,
    9.530693959891));
#2402 = SURFACE_CURVE('',#2403,(#2408,#2415),.PCURVE_S1.);
#2403 = CIRCLE('',#2404,9.496397150176);
#2404 = AXIS2_PLACEMENT_3D('',#2405,#2406,#2407);
#2405 = CARTESIAN_POINT('',(-4.816257090614E-04,11.475014505215,
    3.430558170084E-02));
#2406 = DIRECTION('',(-9.18469622856E-04,0.99999865449,
    -1.359202789798E-03));
#2407 = DIRECTION('',(-2.117582368136E-22,1.359203363101E-03,
    0.999999076283));
#2408 = PCURVE('',#2206,#2409);
#2409 = DEFINITIONAL_REPRESENTATION('',(#2410),#2414);
#2410 = CIRCLE('',#2411,9.496397150176);
#2411 = AXIS2_PLACEMENT_2D('',#2412,#2413);
#2412 = CARTESIAN_POINT('',(2.41443019018E-18,2.06520897534E-18));
#2413 = DIRECTION('',(1.,0.));
#2414 = ( GEOMETRIC_REPRESENTATION_CONTEXT(2) 
PARAMETRIC_REPRESENTATION_CONTEXT() REPRESENTATION_CONTEXT('2D SPACE',''
  ) );
#2415 = PCURVE('',#2416,#2421);
#2416 = CYLINDRICAL_SURFACE('',#2417,9.496397150176);
#2417 = AXIS2_PLACEMENT_3D('',#2418,#2419,#2420);
#2418 = CARTESIAN_POINT('',(1.826302970958E-03,8.962219833246,
    3.772098382462E-02));
#2419 = DIRECTION('',(-9.18469622856E-04,0.99999865449,
    -1.359202789798E-03));
#2420 = DIRECTION('',(0.,1.359203363101E-03,0.999999076283));
#2421 = DEFINITIONAL_REPRESENTATION('',(#2422),#2426);
#2422 = LINE('',#2423,#2424);
#2423 = CARTESIAN_POINT('',(0.,2.512798052964));
#2424 = VECTOR('',#2425,1.);
#2425 = DIRECTION('',(1.,0.));
#2426 = ( GEOMETRIC_REPRESENTATION_CONTEXT(2) 
PARAMETRIC_REPRESENTATION_CONTEXT() REPRESENTATION_CONTEXT('2D SPACE',''
  ) );
#2427 = ADVANCED_FACE('',(#2428),#2240,.F.);
#2428 = FACE_BOUND('',#2429,.F.);
#2429 = EDGE_LOOP('',(#2430,#2453,#2454,#2477));
#2430 = ORIENTED_EDGE('',*,*,#2431,.T.);
#2431 = EDGE_CURVE('',#2432,#2223,#2434,.T.);
#2432 = VERTEX_POINT('',#2433);
#2433 = CARTESIAN_POINT('',(4.049199364818,2.513296707151,7.046500138862
    ));
#2434 = SURFACE_CURVE('',#2435,(#2439,#2446),.PCURVE_S1.);
#2435 = LINE('',#2436,#2437);
#2436 = CARTESIAN_POINT('',(4.049199364818,2.513296707151,7.046500138862
    ));
#2437 = VECTOR('',#2438,1.);
#2438 = DIRECTION('',(9.18469622856E-04,-0.99999865449,
    1.359202789798E-03));
#2439 = PCURVE('',#2240,#2440);
#2440 = DEFINITIONAL_REPRESENTATION('',(#2441),#2445);
#2441 = LINE('',#2442,#2443);
#2442 = CARTESIAN_POINT('',(0.,0.));
#2443 = VECTOR('',#2444,1.);
#2444 = DIRECTION('',(0.,-1.));
#2445 = ( GEOMETRIC_REPRESENTATION_CONTEXT(2) 
PARAMETRIC_REPRESENTATION_CONTEXT() REPRESENTATION_CONTEXT('2D SPACE',''
  ) );
#2446 = PCURVE('',#2378,#2447);
#2447 = DEFINITIONAL_REPRESENTATION('',(#2448),#2452);
#2448 = LINE('',#2449,#2450);
#2449 = CARTESIAN_POINT('',(8.082903868936,0.));
#2450 = VECTOR('',#2451,1.);
#2451 = DIRECTION('',(0.,-1.));
#2452 = ( GEOMETRIC_REPRESENTATION_CONTEXT(2) 
PARAMETRIC_REPRESENTATION_CONTEXT() REPRESENTATION_CONTEXT('2D SPACE',''
  ) );
#2453 = ORIENTED_EDGE('',*,*,#2222,.T.);
#2454 = ORIENTED_EDGE('',*,*,#2455,.F.);
#2455 = EDGE_CURVE('',#2456,#2225,#2458,.T.);
#2456 = VERTEX_POINT('',#2457);
#2457 = CARTESIAN_POINT('',(-4.033701094791,2.505872792779,
    7.046495837328));
#2458 = SURFACE_CURVE('',#2459,(#2463,#2470),.PCURVE_S1.);
#2459 = LINE('',#2460,#2461);
#2460 = CARTESIAN_POINT('',(-4.033701094791,2.505872792779,
    7.046495837328));
#2461 = VECTOR('',#2462,1.);
#2462 = DIRECTION('',(9.18469622856E-04,-0.99999865449,
    1.359202789798E-03));
#2463 = PCURVE('',#2240,#2464);
#2464 = DEFINITIONAL_REPRESENTATION('',(#2465),#2469);
#2465 = LINE('',#2466,#2467);
#2466 = CARTESIAN_POINT('',(8.082903868936,0.));
#2467 = VECTOR('',#2468,1.);
#2468 = DIRECTION('',(0.,-1.));
#2469 = ( GEOMETRIC_REPRESENTATION_CONTEXT(2) 
PARAMETRIC_REPRESENTATION_CONTEXT() REPRESENTATION_CONTEXT('2D SPACE',''
  ) );
#2470 = PCURVE('',#2268,#2471);
#2471 = DEFINITIONAL_REPRESENTATION('',(#2472),#2476);
#2472 = LINE('',#2473,#2474);
#2473 = CARTESIAN_POINT('',(0.,0.));
#2474 = VECTOR('',#2475,1.);
#2475 = DIRECTION('',(0.,-1.));
#2476 = ( GEOMETRIC_REPRESENTATION_CONTEXT(2) 
PARAMETRIC_REPRESENTATION_CONTEXT() REPRESENTATION_CONTEXT('2D SPACE',''
  ) );
#2477 = ORIENTED_EDGE('',*,*,#2478,.F.);
#2478 = EDGE_CURVE('',#2432,#2456,#2479,.T.);
#2479 = SURFACE_CURVE('',#2480,(#2484,#2491),.PCURVE_S1.);
#2480 = LINE('',#2481,#2482);
#2481 = CARTESIAN_POINT('',(4.049199364818,2.513296707151,7.046500138862
    ));
#2482 = VECTOR('',#2483,1.);
#2483 = DIRECTION('',(-0.999999578205,-9.184711945988E-04,
    -5.3217680962E-07));
#2484 = PCURVE('',#2240,#2485);
#2485 = DEFINITIONAL_REPRESENTATION('',(#2486),#2490);
#2486 = LINE('',#2487,#2488);
#2487 = CARTESIAN_POINT('',(0.,0.));
#2488 = VECTOR('',#2489,1.);
#2489 = DIRECTION('',(1.,0.));
#2490 = ( GEOMETRIC_REPRESENTATION_CONTEXT(2) 
PARAMETRIC_REPRESENTATION_CONTEXT() REPRESENTATION_CONTEXT('2D SPACE',''
  ) );
#2491 = PCURVE('',#2492,#2497);
#2492 = PLANE('',#2493);
#2493 = AXIS2_PLACEMENT_3D('',#2494,#2495,#2496);
#2494 = CARTESIAN_POINT('',(7.761598966924E-03,2.500070337753,
    4.650436726512E-02));
#2495 = DIRECTION('',(9.18469622856E-04,-0.99999865449,
    1.359202789798E-03));
#2496 = DIRECTION('',(0.499998247088,1.63633882236E-03,0.866024869911));
#2497 = DEFINITIONAL_REPRESENTATION('',(#2498),#2502);
#2498 = LINE('',#2499,#2500);
#2499 = CARTESIAN_POINT('',(8.082903868936,3.662786023859E-16));
#2500 = VECTOR('',#2501,1.);
#2501 = DIRECTION('',(-0.5,0.866025403784));
#2502 = ( GEOMETRIC_REPRESENTATION_CONTEXT(2) 
PARAMETRIC_REPRESENTATION_CONTEXT() REPRESENTATION_CONTEXT('2D SPACE',''
  ) );
#2503 = ADVANCED_FACE('',(#2504),#2378,.F.);
#2504 = FACE_BOUND('',#2505,.F.);
#2505 = EDGE_LOOP('',(#2506,#2529,#2530,#2531));
#2506 = ORIENTED_EDGE('',*,*,#2507,.T.);
#2507 = EDGE_CURVE('',#2508,#2337,#2510,.T.);
#2508 = VERTEX_POINT('',#2509);
#2509 = CARTESIAN_POINT('',(8.090662058576,2.507494252126,
    4.650866879911E-02));
#2510 = SURFACE_CURVE('',#2511,(#2515,#2522),.PCURVE_S1.);
#2511 = LINE('',#2512,#2513);
#2512 = CARTESIAN_POINT('',(8.090662058576,2.507494252126,
    4.650866879911E-02));
#2513 = VECTOR('',#2514,1.);
#2514 = DIRECTION('',(9.18469622856E-04,-0.99999865449,
    1.359202789798E-03));
#2515 = PCURVE('',#2378,#2516);
#2516 = DEFINITIONAL_REPRESENTATION('',(#2517),#2521);
#2517 = LINE('',#2518,#2519);
#2518 = CARTESIAN_POINT('',(0.,0.));
#2519 = VECTOR('',#2520,1.);
#2520 = DIRECTION('',(0.,-1.));
#2521 = ( GEOMETRIC_REPRESENTATION_CONTEXT(2) 
PARAMETRIC_REPRESENTATION_CONTEXT() REPRESENTATION_CONTEXT('2D SPACE',''
  ) );
#2522 = PCURVE('',#2352,#2523);
#2523 = DEFINITIONAL_REPRESENTATION('',(#2524),#2528);
#2524 = LINE('',#2525,#2526);
#2525 = CARTESIAN_POINT('',(8.082903868936,0.));
#2526 = VECTOR('',#2527,1.);
#2527 = DIRECTION('',(0.,-1.));
#2528 = ( GEOMETRIC_REPRESENTATION_CONTEXT(2) 
PARAMETRIC_REPRESENTATION_CONTEXT() REPRESENTATION_CONTEXT('2D SPACE',''
  ) );
#2529 = ORIENTED_EDGE('',*,*,#2364,.T.);
#2530 = ORIENTED_EDGE('',*,*,#2431,.F.);
#2531 = ORIENTED_EDGE('',*,*,#2532,.F.);
#2532 = EDGE_CURVE('',#2508,#2432,#2533,.T.);
#2533 = SURFACE_CURVE('',#2534,(#2538,#2545),.PCURVE_S1.);
#2534 = LINE('',#2535,#2536);
#2535 = CARTESIAN_POINT('',(8.090662058576,2.507494252126,
    4.650866879911E-02));
#2536 = VECTOR('',#2537,1.);
#2537 = DIRECTION('',(-0.500001331117,7.178676277608E-04,0.866024337734)
  );
#2538 = PCURVE('',#2378,#2539);
#2539 = DEFINITIONAL_REPRESENTATION('',(#2540),#2544);
#2540 = LINE('',#2541,#2542);
#2541 = CARTESIAN_POINT('',(0.,0.));
#2542 = VECTOR('',#2543,1.);
#2543 = DIRECTION('',(1.,0.));
#2544 = ( GEOMETRIC_REPRESENTATION_CONTEXT(2) 
PARAMETRIC_REPRESENTATION_CONTEXT() REPRESENTATION_CONTEXT('2D SPACE',''
  ) );
#2545 = PCURVE('',#2492,#2546);
#2546 = DEFINITIONAL_REPRESENTATION('',(#2547),#2551);
#2547 = LINE('',#2548,#2549);
#2548 = CARTESIAN_POINT('',(4.041451934468,-7.000000086846));
#2549 = VECTOR('',#2550,1.);
#2550 = DIRECTION('',(0.5,0.866025403784));
#2551 = ( GEOMETRIC_REPRESENTATION_CONTEXT(2) 
PARAMETRIC_REPRESENTATION_CONTEXT() REPRESENTATION_CONTEXT('2D SPACE',''
  ) );
#2552 = ADVANCED_FACE('',(#2553),#2268,.F.);
#2553 = FACE_BOUND('',#2554,.F.);
#2554 = EDGE_LOOP('',(#2555,#2556,#2557,#2580));
#2555 = ORIENTED_EDGE('',*,*,#2455,.T.);
#2556 = ORIENTED_EDGE('',*,*,#2252,.T.);
#2557 = ORIENTED_EDGE('',*,*,#2558,.F.);
#2558 = EDGE_CURVE('',#2559,#2253,#2561,.T.);
#2559 = VERTEX_POINT('',#2560);
#2560 = CARTESIAN_POINT('',(-8.075138860642,2.492646423381,
    4.650006573113E-02));
#2561 = SURFACE_CURVE('',#2562,(#2566,#2573),.PCURVE_S1.);
#2562 = LINE('',#2563,#2564);
#2563 = CARTESIAN_POINT('',(-8.075138860642,2.492646423381,
    4.650006573113E-02));
#2564 = VECTOR('',#2565,1.);
#2565 = DIRECTION('',(9.18469622856E-04,-0.99999865449,
    1.359202789798E-03));
#2566 = PCURVE('',#2268,#2567);
#2567 = DEFINITIONAL_REPRESENTATION('',(#2568),#2572);
#2568 = LINE('',#2569,#2570);
#2569 = CARTESIAN_POINT('',(8.082903868936,0.));
#2570 = VECTOR('',#2571,1.);
#2571 = DIRECTION('',(0.,-1.));
#2572 = ( GEOMETRIC_REPRESENTATION_CONTEXT(2) 
PARAMETRIC_REPRESENTATION_CONTEXT() REPRESENTATION_CONTEXT('2D SPACE',''
  ) );
#2573 = PCURVE('',#2296,#2574);
#2574 = DEFINITIONAL_REPRESENTATION('',(#2575),#2579);
#2575 = LINE('',#2576,#2577);
#2576 = CARTESIAN_POINT('',(0.,0.));
#2577 = VECTOR('',#2578,1.);
#2578 = DIRECTION('',(0.,-1.));
#2579 = ( GEOMETRIC_REPRESENTATION_CONTEXT(2) 
PARAMETRIC_REPRESENTATION_CONTEXT() REPRESENTATION_CONTEXT('2D SPACE',''
  ) );
#2580 = ORIENTED_EDGE('',*,*,#2581,.F.);
#2581 = EDGE_CURVE('',#2456,#2559,#2582,.T.);
#2582 = SURFACE_CURVE('',#2583,(#2587,#2594),.PCURVE_S1.);
#2583 = LINE('',#2584,#2585);
#2584 = CARTESIAN_POINT('',(-4.033701094791,2.505872792779,
    7.046495837328));
#2585 = VECTOR('',#2586,1.);
#2586 = DIRECTION('',(-0.499998247088,-1.63633882236E-03,-0.866024869911
    ));
#2587 = PCURVE('',#2268,#2588);
#2588 = DEFINITIONAL_REPRESENTATION('',(#2589),#2593);
#2589 = LINE('',#2590,#2591);
#2590 = CARTESIAN_POINT('',(0.,0.));
#2591 = VECTOR('',#2592,1.);
#2592 = DIRECTION('',(1.,0.));
#2593 = ( GEOMETRIC_REPRESENTATION_CONTEXT(2) 
PARAMETRIC_REPRESENTATION_CONTEXT() REPRESENTATION_CONTEXT('2D SPACE',''
  ) );
#2594 = PCURVE('',#2492,#2595);
#2595 = DEFINITIONAL_REPRESENTATION('',(#2596),#2600);
#2596 = LINE('',#2597,#2598);
#2597 = CARTESIAN_POINT('',(4.041451934468,7.000000086846));
#2598 = VECTOR('',#2599,1.);
#2599 = DIRECTION('',(-1.,1.098835807158E-16));
#2600 = ( GEOMETRIC_REPRESENTATION_CONTEXT(2) 
PARAMETRIC_REPRESENTATION_CONTEXT() REPRESENTATION_CONTEXT('2D SPACE',''
  ) );
#2601 = ADVANCED_FACE('',(#2602),#2352,.F.);
#2602 = FACE_BOUND('',#2603,.F.);
#2603 = EDGE_LOOP('',(#2604,#2627,#2628,#2629));
#2604 = ORIENTED_EDGE('',*,*,#2605,.T.);
#2605 = EDGE_CURVE('',#2606,#2309,#2608,.T.);
#2606 = VERTEX_POINT('',#2607);
#2607 = CARTESIAN_POINT('',(4.049224292724,2.494267882727,
    -6.953487102797));
#2608 = SURFACE_CURVE('',#2609,(#2613,#2620),.PCURVE_S1.);
#2609 = LINE('',#2610,#2611);
#2610 = CARTESIAN_POINT('',(4.049224292724,2.494267882727,
    -6.953487102797));
#2611 = VECTOR('',#2612,1.);
#2612 = DIRECTION('',(9.18469622856E-04,-0.99999865449,
    1.359202789798E-03));
#2613 = PCURVE('',#2352,#2614);
#2614 = DEFINITIONAL_REPRESENTATION('',(#2615),#2619);
#2615 = LINE('',#2616,#2617);
#2616 = CARTESIAN_POINT('',(0.,0.));
#2617 = VECTOR('',#2618,1.);
#2618 = DIRECTION('',(0.,-1.));
#2619 = ( GEOMETRIC_REPRESENTATION_CONTEXT(2) 
PARAMETRIC_REPRESENTATION_CONTEXT() REPRESENTATION_CONTEXT('2D SPACE',''
  ) );
#2620 = PCURVE('',#2324,#2621);
#2621 = DEFINITIONAL_REPRESENTATION('',(#2622),#2626);
#2622 = LINE('',#2623,#2624);
#2623 = CARTESIAN_POINT('',(8.082903868936,0.));
#2624 = VECTOR('',#2625,1.);
#2625 = DIRECTION('',(0.,-1.));
#2626 = ( GEOMETRIC_REPRESENTATION_CONTEXT(2) 
PARAMETRIC_REPRESENTATION_CONTEXT() REPRESENTATION_CONTEXT('2D SPACE',''
  ) );
#2627 = ORIENTED_EDGE('',*,*,#2336,.T.);
#2628 = ORIENTED_EDGE('',*,*,#2507,.F.);
#2629 = ORIENTED_EDGE('',*,*,#2630,.F.);
#2630 = EDGE_CURVE('',#2606,#2508,#2631,.T.);
#2631 = SURFACE_CURVE('',#2632,(#2636,#2643),.PCURVE_S1.);
#2632 = LINE('',#2633,#2634);
#2633 = CARTESIAN_POINT('',(4.049224292724,2.494267882727,
    -6.953487102797));
#2634 = VECTOR('',#2635,1.);
#2635 = DIRECTION('',(0.499998247088,1.63633882236E-03,0.866024869911));
#2636 = PCURVE('',#2352,#2637);
#2637 = DEFINITIONAL_REPRESENTATION('',(#2638),#2642);
#2638 = LINE('',#2639,#2640);
#2639 = CARTESIAN_POINT('',(0.,0.));
#2640 = VECTOR('',#2641,1.);
#2641 = DIRECTION('',(1.,0.));
#2642 = ( GEOMETRIC_REPRESENTATION_CONTEXT(2) 
PARAMETRIC_REPRESENTATION_CONTEXT() REPRESENTATION_CONTEXT('2D SPACE',''
  ) );
#2643 = PCURVE('',#2492,#2644);
#2644 = DEFINITIONAL_REPRESENTATION('',(#2645),#2649);
#2645 = LINE('',#2646,#2647);
#2646 = CARTESIAN_POINT('',(-4.041451934468,-7.000000086846));
#2647 = VECTOR('',#2648,1.);
#2648 = DIRECTION('',(1.,-5.494179035789E-16));
#2649 = ( GEOMETRIC_REPRESENTATION_CONTEXT(2) 
PARAMETRIC_REPRESENTATION_CONTEXT() REPRESENTATION_CONTEXT('2D SPACE',''
  ) );
#2650 = ADVANCED_FACE('',(#2651),#2296,.F.);
#2651 = FACE_BOUND('',#2652,.F.);
#2652 = EDGE_LOOP('',(#2653,#2654,#2655,#2678));
#2653 = ORIENTED_EDGE('',*,*,#2558,.T.);
#2654 = ORIENTED_EDGE('',*,*,#2280,.T.);
#2655 = ORIENTED_EDGE('',*,*,#2656,.F.);
#2656 = EDGE_CURVE('',#2657,#2281,#2659,.T.);
#2657 = VERTEX_POINT('',#2658);
#2658 = CARTESIAN_POINT('',(-4.033676166884,2.486843968355,
    -6.953491404331));
#2659 = SURFACE_CURVE('',#2660,(#2664,#2671),.PCURVE_S1.);
#2660 = LINE('',#2661,#2662);
#2661 = CARTESIAN_POINT('',(-4.033676166884,2.486843968355,
    -6.953491404331));
#2662 = VECTOR('',#2663,1.);
#2663 = DIRECTION('',(9.18469622856E-04,-0.99999865449,
    1.359202789798E-03));
#2664 = PCURVE('',#2296,#2665);
#2665 = DEFINITIONAL_REPRESENTATION('',(#2666),#2670);
#2666 = LINE('',#2667,#2668);
#2667 = CARTESIAN_POINT('',(8.082903868936,0.));
#2668 = VECTOR('',#2669,1.);
#2669 = DIRECTION('',(0.,-1.));
#2670 = ( GEOMETRIC_REPRESENTATION_CONTEXT(2) 
PARAMETRIC_REPRESENTATION_CONTEXT() REPRESENTATION_CONTEXT('2D SPACE',''
  ) );
#2671 = PCURVE('',#2324,#2672);
#2672 = DEFINITIONAL_REPRESENTATION('',(#2673),#2677);
#2673 = LINE('',#2674,#2675);
#2674 = CARTESIAN_POINT('',(0.,0.));
#2675 = VECTOR('',#2676,1.);
#2676 = DIRECTION('',(0.,-1.));
#2677 = ( GEOMETRIC_REPRESENTATION_CONTEXT(2) 
PARAMETRIC_REPRESENTATION_CONTEXT() REPRESENTATION_CONTEXT('2D SPACE',''
  ) );
#2678 = ORIENTED_EDGE('',*,*,#2679,.F.);
#2679 = EDGE_CURVE('',#2559,#2657,#2680,.T.);
#2680 = SURFACE_CURVE('',#2681,(#2685,#2692),.PCURVE_S1.);
#2681 = LINE('',#2682,#2683);
#2682 = CARTESIAN_POINT('',(-8.075138860642,2.492646423381,
    4.650006573113E-02));
#2683 = VECTOR('',#2684,1.);
#2684 = DIRECTION('',(0.500001331117,-7.178676277608E-04,-0.866024337734
    ));
#2685 = PCURVE('',#2296,#2686);
#2686 = DEFINITIONAL_REPRESENTATION('',(#2687),#2691);
#2687 = LINE('',#2688,#2689);
#2688 = CARTESIAN_POINT('',(0.,0.));
#2689 = VECTOR('',#2690,1.);
#2690 = DIRECTION('',(1.,0.));
#2691 = ( GEOMETRIC_REPRESENTATION_CONTEXT(2) 
PARAMETRIC_REPRESENTATION_CONTEXT() REPRESENTATION_CONTEXT('2D SPACE',''
  ) );
#2692 = PCURVE('',#2492,#2693);
#2693 = DEFINITIONAL_REPRESENTATION('',(#2694),#2698);
#2694 = LINE('',#2695,#2696);
#2695 = CARTESIAN_POINT('',(-4.041451934468,7.000000086846));
#2696 = VECTOR('',#2697,1.);
#2697 = DIRECTION('',(-0.5,-0.866025403784));
#2698 = ( GEOMETRIC_REPRESENTATION_CONTEXT(2) 
PARAMETRIC_REPRESENTATION_CONTEXT() REPRESENTATION_CONTEXT('2D SPACE',''
  ) );
#2699 = ADVANCED_FACE('',(#2700),#2324,.F.);
#2700 = FACE_BOUND('',#2701,.F.);
#2701 = EDGE_LOOP('',(#2702,#2703,#2704,#2705));
#2702 = ORIENTED_EDGE('',*,*,#2656,.T.);
#2703 = ORIENTED_EDGE('',*,*,#2308,.T.);
#2704 = ORIENTED_EDGE('',*,*,#2605,.F.);
#2705 = ORIENTED_EDGE('',*,*,#2706,.F.);
#2706 = EDGE_CURVE('',#2657,#2606,#2707,.T.);
#2707 = SURFACE_CURVE('',#2708,(#2712,#2719),.PCURVE_S1.);
#2708 = LINE('',#2709,#2710);
#2709 = CARTESIAN_POINT('',(-4.033676166884,2.486843968355,
    -6.953491404331));
#2710 = VECTOR('',#2711,1.);
#2711 = DIRECTION('',(0.999999578205,9.184711945988E-04,
    5.321768093425E-07));
#2712 = PCURVE('',#2324,#2713);
#2713 = DEFINITIONAL_REPRESENTATION('',(#2714),#2718);
#2714 = LINE('',#2715,#2716);
#2715 = CARTESIAN_POINT('',(0.,0.));
#2716 = VECTOR('',#2717,1.);
#2717 = DIRECTION('',(1.,0.));
#2718 = ( GEOMETRIC_REPRESENTATION_CONTEXT(2) 
PARAMETRIC_REPRESENTATION_CONTEXT() REPRESENTATION_CONTEXT('2D SPACE',''
  ) );
#2719 = PCURVE('',#2492,#2720);
#2720 = DEFINITIONAL_REPRESENTATION('',(#2721),#2725);
#2721 = LINE('',#2722,#2723);
#2722 = CARTESIAN_POINT('',(-8.082903868936,1.356148837477E-15));
#2723 = VECTOR('',#2724,1.);
#2724 = DIRECTION('',(0.5,-0.866025403784));
#2725 = ( GEOMETRIC_REPRESENTATION_CONTEXT(2) 
PARAMETRIC_REPRESENTATION_CONTEXT() REPRESENTATION_CONTEXT('2D SPACE',''
  ) );
#2726 = ADVANCED_FACE('',(#2727),#2416,.T.);
#2727 = FACE_BOUND('',#2728,.T.);
#2728 = EDGE_LOOP('',(#2729,#2730,#2753,#2780));
#2729 = ORIENTED_EDGE('',*,*,#2399,.F.);
#2730 = ORIENTED_EDGE('',*,*,#2731,.F.);
#2731 = EDGE_CURVE('',#2732,#2400,#2734,.T.);
#2732 = VERTEX_POINT('',#2733);
#2733 = CARTESIAN_POINT('',(1.826302970955E-03,8.97512736819,
    9.534109362014));
#2734 = SEAM_CURVE('',#2735,(#2739,#2746),.PCURVE_S1.);
#2735 = LINE('',#2736,#2737);
#2736 = CARTESIAN_POINT('',(1.826302970955E-03,8.97512736819,
    9.534109362014));
#2737 = VECTOR('',#2738,1.);
#2738 = DIRECTION('',(-9.18469622856E-04,0.99999865449,
    -1.359202789798E-03));
#2739 = PCURVE('',#2416,#2740);
#2740 = DEFINITIONAL_REPRESENTATION('',(#2741),#2745);
#2741 = LINE('',#2742,#2743);
#2742 = CARTESIAN_POINT('',(6.28318530718,-0.));
#2743 = VECTOR('',#2744,1.);
#2744 = DIRECTION('',(0.,1.));
#2745 = ( GEOMETRIC_REPRESENTATION_CONTEXT(2) 
PARAMETRIC_REPRESENTATION_CONTEXT() REPRESENTATION_CONTEXT('2D SPACE',''
  ) );
#2746 = PCURVE('',#2416,#2747);
#2747 = DEFINITIONAL_REPRESENTATION('',(#2748),#2752);
#2748 = LINE('',#2749,#2750);
#2749 = CARTESIAN_POINT('',(0.,-0.));
#2750 = VECTOR('',#2751,1.);
#2751 = DIRECTION('',(0.,1.));
#2752 = ( GEOMETRIC_REPRESENTATION_CONTEXT(2) 
PARAMETRIC_REPRESENTATION_CONTEXT() REPRESENTATION_CONTEXT('2D SPACE',''
  ) );
#2753 = ORIENTED_EDGE('',*,*,#2754,.T.);
#2754 = EDGE_CURVE('',#2732,#2732,#2755,.T.);
#2755 = SURFACE_CURVE('',#2756,(#2761,#2768),.PCURVE_S1.);
#2756 = CIRCLE('',#2757,9.496397150176);
#2757 = AXIS2_PLACEMENT_3D('',#2758,#2759,#2760);
#2758 = CARTESIAN_POINT('',(1.826302970958E-03,8.962219833246,
    3.772098382462E-02));
#2759 = DIRECTION('',(-9.18469622856E-04,0.99999865449,
    -1.359202789798E-03));
#2760 = DIRECTION('',(-2.117582368136E-22,1.359203363101E-03,
    0.999999076283));
#2761 = PCURVE('',#2416,#2762);
#2762 = DEFINITIONAL_REPRESENTATION('',(#2763),#2767);
#2763 = LINE('',#2764,#2765);
#2764 = CARTESIAN_POINT('',(0.,0.));
#2765 = VECTOR('',#2766,1.);
#2766 = DIRECTION('',(1.,0.));
#2767 = ( GEOMETRIC_REPRESENTATION_CONTEXT(2) 
PARAMETRIC_REPRESENTATION_CONTEXT() REPRESENTATION_CONTEXT('2D SPACE',''
  ) );
#2768 = PCURVE('',#2769,#2774);
#2769 = PLANE('',#2770);
#2770 = AXIS2_PLACEMENT_3D('',#2771,#2772,#2773);
#2771 = CARTESIAN_POINT('',(1.826302970958E-03,8.962219833246,
    3.772098382462E-02));
#2772 = DIRECTION('',(-9.18469622856E-04,0.99999865449,
    -1.359202789798E-03));
#2773 = DIRECTION('',(0.,1.359203363101E-03,0.999999076283));
#2774 = DEFINITIONAL_REPRESENTATION('',(#2775),#2779);
#2775 = CIRCLE('',#2776,9.496397150176);
#2776 = AXIS2_PLACEMENT_2D('',#2777,#2778);
#2777 = CARTESIAN_POINT('',(0.,0.));
#2778 = DIRECTION('',(1.,0.));
#2779 = ( GEOMETRIC_REPRESENTATION_CONTEXT(2) 
PARAMETRIC_REPRESENTATION_CONTEXT() REPRESENTATION_CONTEXT('2D SPACE',''
  ) );
#2780 = ORIENTED_EDGE('',*,*,#2731,.T.);
#2781 = ADVANCED_FACE('',(#2782,#2790),#2492,.F.);
#2782 = FACE_BOUND('',#2783,.F.);
#2783 = EDGE_LOOP('',(#2784,#2785,#2786,#2787,#2788,#2789));
#2784 = ORIENTED_EDGE('',*,*,#2478,.T.);
#2785 = ORIENTED_EDGE('',*,*,#2581,.T.);
#2786 = ORIENTED_EDGE('',*,*,#2679,.T.);
#2787 = ORIENTED_EDGE('',*,*,#2706,.T.);
#2788 = ORIENTED_EDGE('',*,*,#2630,.T.);
#2789 = ORIENTED_EDGE('',*,*,#2532,.T.);
#2790 = FACE_BOUND('',#2791,.F.);
#2791 = EDGE_LOOP('',(#2792));
#2792 = ORIENTED_EDGE('',*,*,#2793,.T.);
#2793 = EDGE_CURVE('',#2794,#2794,#2796,.T.);
#2794 = VERTEX_POINT('',#2795);
#2795 = CARTESIAN_POINT('',(7.761598966922E-03,2.507532257603,
    5.536420857666));
#2796 = SURFACE_CURVE('',#2797,(#2802,#2813),.PCURVE_S1.);
#2797 = CIRCLE('',#2798,5.489921561536);
#2798 = AXIS2_PLACEMENT_3D('',#2799,#2800,#2801);
#2799 = CARTESIAN_POINT('',(7.761598966923E-03,2.500070337753,
    4.650436726512E-02));
#2800 = DIRECTION('',(-9.18469622856E-04,0.99999865449,
    -1.359202789798E-03));
#2801 = DIRECTION('',(-2.117582368136E-22,1.359203363101E-03,
    0.999999076283));
#2802 = PCURVE('',#2492,#2803);
#2803 = DEFINITIONAL_REPRESENTATION('',(#2804),#2812);
#2804 = ( BOUNDED_CURVE() B_SPLINE_CURVE(2,(#2805,#2806,#2807,#2808,
#2809,#2810,#2811),.UNSPECIFIED.,.T.,.F.) B_SPLINE_CURVE_WITH_KNOTS((1,2
    ,2,2,2,1),(-2.094395102393,0.,2.094395102393,4.188790204786,
6.28318530718,8.377580409573),.UNSPECIFIED.) CURVE() 
GEOMETRIC_REPRESENTATION_ITEM() RATIONAL_B_SPLINE_CURVE((1.,0.5,1.,0.5,
1.,0.5,1.)) REPRESENTATION_ITEM('') );
#2805 = CARTESIAN_POINT('',(4.754416424649,2.744952315223));
#2806 = CARTESIAN_POINT('',(9.508813298969,-5.48993849261));
#2807 = CARTESIAN_POINT('',(-9.775164679881E-06,-5.489921561528));
#2808 = CARTESIAN_POINT('',(-9.508832849298,-5.489904630446));
#2809 = CARTESIAN_POINT('',(-4.754406649485,2.744969246305));
#2810 = CARTESIAN_POINT('',(1.955032935501E-05,10.979843123055));
#2811 = CARTESIAN_POINT('',(4.754416424649,2.744952315223));
#2812 = ( GEOMETRIC_REPRESENTATION_CONTEXT(2) 
PARAMETRIC_REPRESENTATION_CONTEXT() REPRESENTATION_CONTEXT('2D SPACE',''
  ) );
#2813 = PCURVE('',#2814,#2819);
#2814 = CYLINDRICAL_SURFACE('',#2815,5.489921561536);
#2815 = AXIS2_PLACEMENT_3D('',#2816,#2817,#2818);
#2816 = CARTESIAN_POINT('',(7.780100765946E-03,2.479926204874,
    4.653174726357E-02));
#2817 = DIRECTION('',(-9.18469622856E-04,0.99999865449,
    -1.359202789798E-03));
#2818 = DIRECTION('',(0.,1.359203363101E-03,0.999999076283));
#2819 = DEFINITIONAL_REPRESENTATION('',(#2820),#2824);
#2820 = LINE('',#2821,#2822);
#2821 = CARTESIAN_POINT('',(0.,2.014415998333E-02));
#2822 = VECTOR('',#2823,1.);
#2823 = DIRECTION('',(1.,0.));
#2824 = ( GEOMETRIC_REPRESENTATION_CONTEXT(2) 
PARAMETRIC_REPRESENTATION_CONTEXT() REPRESENTATION_CONTEXT('2D SPACE',''
  ) );
#2825 = ADVANCED_FACE('',(#2826,#2829),#2769,.F.);
#2826 = FACE_BOUND('',#2827,.F.);
#2827 = EDGE_LOOP('',(#2828));
#2828 = ORIENTED_EDGE('',*,*,#2754,.T.);
#2829 = FACE_BOUND('',#2830,.F.);
#2830 = EDGE_LOOP('',(#2831));
#2831 = ORIENTED_EDGE('',*,*,#2832,.F.);
#2832 = EDGE_CURVE('',#2833,#2833,#2835,.T.);
#2833 = VERTEX_POINT('',#2834);
#2834 = CARTESIAN_POINT('',(1.826302970956E-03,8.969681753096,
    5.527637474225));
#2835 = SURFACE_CURVE('',#2836,(#2841,#2848),.PCURVE_S1.);
#2836 = CIRCLE('',#2837,5.489921561536);
#2837 = AXIS2_PLACEMENT_3D('',#2838,#2839,#2840);
#2838 = CARTESIAN_POINT('',(1.826302970958E-03,8.962219833246,
    3.772098382462E-02));
#2839 = DIRECTION('',(-9.18469622856E-04,0.99999865449,
    -1.359202789798E-03));
#2840 = DIRECTION('',(-2.117582368136E-22,1.359203363101E-03,
    0.999999076283));
#2841 = PCURVE('',#2769,#2842);
#2842 = DEFINITIONAL_REPRESENTATION('',(#2843),#2847);
#2843 = CIRCLE('',#2844,5.489921561536);
#2844 = AXIS2_PLACEMENT_2D('',#2845,#2846);
#2845 = CARTESIAN_POINT('',(-4.82886038036E-18,-1.528333834256E-18));
#2846 = DIRECTION('',(1.,0.));
#2847 = ( GEOMETRIC_REPRESENTATION_CONTEXT(2) 
PARAMETRIC_REPRESENTATION_CONTEXT() REPRESENTATION_CONTEXT('2D SPACE',''
  ) );
#2848 = PCURVE('',#2814,#2849);
#2849 = DEFINITIONAL_REPRESENTATION('',(#2850),#2854);
#2850 = LINE('',#2851,#2852);
#2851 = CARTESIAN_POINT('',(0.,6.482302350376));
#2852 = VECTOR('',#2853,1.);
#2853 = DIRECTION('',(1.,0.));
#2854 = ( GEOMETRIC_REPRESENTATION_CONTEXT(2) 
PARAMETRIC_REPRESENTATION_CONTEXT() REPRESENTATION_CONTEXT('2D SPACE',''
  ) );
#2855 = ADVANCED_FACE('',(#2856),#2814,.T.);
#2856 = FACE_BOUND('',#2857,.T.);
#2857 = EDGE_LOOP('',(#2858,#2879,#2880,#2881));
#2858 = ORIENTED_EDGE('',*,*,#2859,.T.);
#2859 = EDGE_CURVE('',#2794,#2833,#2860,.T.);
#2860 = SEAM_CURVE('',#2861,(#2865,#2872),.PCURVE_S1.);
#2861 = LINE('',#2862,#2863);
#2862 = CARTESIAN_POINT('',(7.780100765945E-03,2.487388124724,
    5.536448237664));
#2863 = VECTOR('',#2864,1.);
#2864 = DIRECTION('',(-9.18469622856E-04,0.99999865449,
    -1.359202789798E-03));
#2865 = PCURVE('',#2814,#2866);
#2866 = DEFINITIONAL_REPRESENTATION('',(#2867),#2871);
#2867 = LINE('',#2868,#2869);
#2868 = CARTESIAN_POINT('',(6.28318530718,-0.));
#2869 = VECTOR('',#2870,1.);
#2870 = DIRECTION('',(0.,1.));
#2871 = ( GEOMETRIC_REPRESENTATION_CONTEXT(2) 
PARAMETRIC_REPRESENTATION_CONTEXT() REPRESENTATION_CONTEXT('2D SPACE',''
  ) );
#2872 = PCURVE('',#2814,#2873);
#2873 = DEFINITIONAL_REPRESENTATION('',(#2874),#2878);
#2874 = LINE('',#2875,#2876);
#2875 = CARTESIAN_POINT('',(0.,-0.));
#2876 = VECTOR('',#2877,1.);
#2877 = DIRECTION('',(0.,1.));
#2878 = ( GEOMETRIC_REPRESENTATION_CONTEXT(2) 
PARAMETRIC_REPRESENTATION_CONTEXT() REPRESENTATION_CONTEXT('2D SPACE',''
  ) );
#2879 = ORIENTED_EDGE('',*,*,#2832,.F.);
#2880 = ORIENTED_EDGE('',*,*,#2859,.F.);
#2881 = ORIENTED_EDGE('',*,*,#2793,.T.);
#2882 = ( GEOMETRIC_REPRESENTATION_CONTEXT(3) 
GLOBAL_UNCERTAINTY_ASSIGNED_CONTEXT((#2886)) 
GLOBAL_UNIT_ASSIGNED_CONTEXT((#2883,#2884,#2885)) REPRESENTATION_CONTEXT
('Context #1','3D Context with UNIT and UNCERTAINTY') );
#2883 = ( LENGTH_UNIT() NAMED_UNIT(*) SI_UNIT(.MILLI.,.METRE.) );
#2884 = ( NAMED_UNIT(*) PLANE_ANGLE_UNIT() SI_UNIT($,.RADIAN.) );
#2885 = ( NAMED_UNIT(*) SI_UNIT($,.STERADIAN.) SOLID_ANGLE_UNIT() );
#2886 = UNCERTAINTY_MEASURE_WITH_UNIT(LENGTH_MEASURE(2.E-05),#2883,
  'distance_accuracy_value','confusion accuracy');
#2887 = PRODUCT_TYPE('part',$,(#7));
ENDSEC;
END-ISO-10303-21;
