ISO-10303-21;
HEADER;
FILE_DESCRIPTION(('Open CASCADE Model'),'2;1');
FILE_NAME('Open CASCADE Shape Model','2026-06-20T23:43:34',('Author'),(
    'Open CASCADE'),'Open CASCADE STEP processor 7.8','Open CASCADE 7.8'
  ,'Unknown');
FILE_SCHEMA(('CONFIG_CONTROL_DESIGN'));
ENDSEC;
DATA;
#1 = APPLICATION_PROTOCOL_DEFINITION('committee draft',
  'automotive_design',1997,#2);
#2 = APPLICATION_CONTEXT(
  'core data for automotive mechanical design processes');
#3 = SHAPE_DEFINITION_REPRESENTATION(#4,#10);
#4 = PRODUCT_DEFINITION_SHAPE('','',#5);
#5 = PRODUCT_DEFINITION('design','',#6,#9);
#6 = PRODUCT_DEFINITION_FORMATION('','',#7);
#7 = PRODUCT('Product 6','Product 6','',(#8));
#8 = MECHANICAL_CONTEXT('',#2,'mechanical');
#9 = PRODUCT_DEFINITION_CONTEXT('part definition',#2,'design');
#10 = ADVANCED_BREP_SHAPE_REPRESENTATION('',(#11,#15),#1947);
#11 = AXIS2_PLACEMENT_3D('',#12,#13,#14);
#12 = CARTESIAN_POINT('',(0.,0.,0.));
#13 = DIRECTION('',(0.,0.,1.));
#14 = DIRECTION('',(1.,0.,-0.));
#15 = MANIFOLD_SOLID_BREP('',#16);
#16 = CLOSED_SHELL('',(#17,#109,#144,#148,#1387,#1422,#1493,#1519,#1583,
    #1589,#1616,#1692,#1741,#1790,#1817,#1878,#1933,#1943));
#17 = ADVANCED_FACE('',(#18),#32,.T.);
#18 = FACE_BOUND('',#19,.T.);
#19 = EDGE_LOOP('',(#20,#50,#77,#78));
#20 = ORIENTED_EDGE('',*,*,#21,.T.);
#21 = EDGE_CURVE('',#22,#24,#26,.T.);
#22 = VERTEX_POINT('',#23);
#23 = CARTESIAN_POINT('',(-25.62970410296,-3.522144624674,
    1.238264963847E-02));
#24 = VERTEX_POINT('',#25);
#25 = CARTESIAN_POINT('',(-26.12112879146,-3.031049927809,
    1.249279374858E-02));
#26 = SEAM_CURVE('',#27,(#31,#43),.PCURVE_S1.);
#27 = LINE('',#28,#29);
#28 = CARTESIAN_POINT('',(-25.61897342712,-3.532868094863,
    1.238024454819E-02));
#29 = VECTOR('',#30,1.);
#30 = DIRECTION('',(-0.707344223215,0.706869241621,1.585386364058E-04));
#31 = PCURVE('',#32,#37);
#32 = CONICAL_SURFACE('',#33,3.501566679008,0.785645735681);
#33 = AXIS2_PLACEMENT_3D('',#34,#35,#36);
#34 = CARTESIAN_POINT('',(-25.62101640758,-3.130201184134E-02,
    1.238024454819E-02));
#35 = DIRECTION('',(0.999999804648,5.834475257014E-04,
    -2.242630179446E-04));
#36 = DIRECTION('',(5.834475403734E-04,-0.999999829794,0.));
#37 = DEFINITIONAL_REPRESENTATION('',(#38),#42);
#38 = LINE('',#39,#40);
#39 = CARTESIAN_POINT('',(-6.28318530718,0.));
#40 = VECTOR('',#41,1.);
#41 = DIRECTION('',(-0.,-1.));
#42 = ( GEOMETRIC_REPRESENTATION_CONTEXT(2) 
PARAMETRIC_REPRESENTATION_CONTEXT() REPRESENTATION_CONTEXT('2D SPACE',''
  ) );
#43 = PCURVE('',#32,#44);
#44 = DEFINITIONAL_REPRESENTATION('',(#45),#49);
#45 = LINE('',#46,#47);
#46 = CARTESIAN_POINT('',(0.,-0.));
#47 = VECTOR('',#48,1.);
#48 = DIRECTION('',(-0.,-1.));
#49 = ( GEOMETRIC_REPRESENTATION_CONTEXT(2) 
PARAMETRIC_REPRESENTATION_CONTEXT() REPRESENTATION_CONTEXT('2D SPACE',''
  ) );
#50 = ORIENTED_EDGE('',*,*,#51,.F.);
#51 = EDGE_CURVE('',#24,#24,#52,.T.);
#52 = SURFACE_CURVE('',#53,(#58,#65),.PCURVE_S1.);
#53 = CIRCLE('',#54,2.999455616053);
#54 = AXIS2_PLACEMENT_3D('',#55,#56,#57);
#55 = CARTESIAN_POINT('',(-26.12287881646,-3.159482227925E-02,
    1.249279374859E-02));
#56 = DIRECTION('',(-0.999999804648,-5.834475257014E-04,
    2.242630179446E-04));
#57 = DIRECTION('',(5.834475403734E-04,-0.999999829794,0.));
#58 = PCURVE('',#32,#59);
#59 = DEFINITIONAL_REPRESENTATION('',(#60),#64);
#60 = LINE('',#61,#62);
#61 = CARTESIAN_POINT('',(-0.,-0.501862506921));
#62 = VECTOR('',#63,1.);
#63 = DIRECTION('',(-1.,-0.));
#64 = ( GEOMETRIC_REPRESENTATION_CONTEXT(2) 
PARAMETRIC_REPRESENTATION_CONTEXT() REPRESENTATION_CONTEXT('2D SPACE',''
  ) );
#65 = PCURVE('',#66,#71);
#66 = PLANE('',#67);
#67 = AXIS2_PLACEMENT_3D('',#68,#69,#70);
#68 = CARTESIAN_POINT('',(-26.12287881646,-3.159482227925E-02,
    1.249279374859E-02));
#69 = DIRECTION('',(-0.999999804648,-5.834475257014E-04,
    2.242630179446E-04));
#70 = DIRECTION('',(5.834475403734E-04,-0.999999829794,0.));
#71 = DEFINITIONAL_REPRESENTATION('',(#72),#76);
#72 = CIRCLE('',#73,2.999455616053);
#73 = AXIS2_PLACEMENT_2D('',#74,#75);
#74 = CARTESIAN_POINT('',(0.,0.));
#75 = DIRECTION('',(1.,0.));
#76 = ( GEOMETRIC_REPRESENTATION_CONTEXT(2) 
PARAMETRIC_REPRESENTATION_CONTEXT() REPRESENTATION_CONTEXT('2D SPACE',''
  ) );
#77 = ORIENTED_EDGE('',*,*,#21,.F.);
#78 = ORIENTED_EDGE('',*,*,#79,.T.);
#79 = EDGE_CURVE('',#22,#22,#80,.T.);
#80 = SURFACE_CURVE('',#81,(#86,#93),.PCURVE_S1.);
#81 = CIRCLE('',#82,3.490836949857);
#82 = AXIS2_PLACEMENT_3D('',#83,#84,#85);
#83 = CARTESIAN_POINT('',(-25.63174082319,-3.130826897631E-02,
    1.238264963847E-02));
#84 = DIRECTION('',(-0.999999804648,-5.834475257014E-04,
    2.242630179446E-04));
#85 = DIRECTION('',(5.834475403734E-04,-0.999999829794,0.));
#86 = PCURVE('',#32,#87);
#87 = DEFINITIONAL_REPRESENTATION('',(#88),#92);
#88 = LINE('',#89,#90);
#89 = CARTESIAN_POINT('',(-0.,-1.072441769833E-02));
#90 = VECTOR('',#91,1.);
#91 = DIRECTION('',(-1.,-0.));
#92 = ( GEOMETRIC_REPRESENTATION_CONTEXT(2) 
PARAMETRIC_REPRESENTATION_CONTEXT() REPRESENTATION_CONTEXT('2D SPACE',''
  ) );
#93 = PCURVE('',#94,#99);
#94 = PLANE('',#95);
#95 = AXIS2_PLACEMENT_3D('',#96,#97,#98);
#96 = CARTESIAN_POINT('',(-25.63174082319,-3.130826897631E-02,
    1.238264963847E-02));
#97 = DIRECTION('',(0.999999804648,5.834475257014E-04,
    -2.242630179446E-04));
#98 = DIRECTION('',(-5.834475403734E-04,0.999999829794,0.));
#99 = DEFINITIONAL_REPRESENTATION('',(#100),#108);
#100 = ( BOUNDED_CURVE() B_SPLINE_CURVE(2,(#101,#102,#103,#104,#105,#106
,#107),.UNSPECIFIED.,.T.,.F.) B_SPLINE_CURVE_WITH_KNOTS((1,2,2,2,2,1),(
    -2.094395102393,0.,2.094395102393,4.188790204786,6.28318530718,
8.377580409573),.UNSPECIFIED.) CURVE() GEOMETRIC_REPRESENTATION_ITEM() 
RATIONAL_B_SPLINE_CURVE((1.,0.5,1.,0.5,1.,0.5,1.)) REPRESENTATION_ITEM(
  '') );
#101 = CARTESIAN_POINT('',(-3.490836949857,-3.610685077355E-18));
#102 = CARTESIAN_POINT('',(-3.490836949857,6.046306958092));
#103 = CARTESIAN_POINT('',(1.745418474929,3.023153479046));
#104 = CARTESIAN_POINT('',(6.981673899715,8.513977743203E-16));
#105 = CARTESIAN_POINT('',(1.745418474929,-3.023153479046));
#106 = CARTESIAN_POINT('',(-3.490836949857,-6.046306958092));
#107 = CARTESIAN_POINT('',(-3.490836949857,-3.610685077355E-18));
#108 = ( GEOMETRIC_REPRESENTATION_CONTEXT(2) 
PARAMETRIC_REPRESENTATION_CONTEXT() REPRESENTATION_CONTEXT('2D SPACE',''
  ) );
#109 = ADVANCED_FACE('',(#110,#141),#94,.F.);
#110 = FACE_BOUND('',#111,.F.);
#111 = EDGE_LOOP('',(#112));
#112 = ORIENTED_EDGE('',*,*,#113,.T.);
#113 = EDGE_CURVE('',#114,#114,#116,.T.);
#114 = VERTEX_POINT('',#115);
#115 = CARTESIAN_POINT('',(-25.63378852848,3.47835592609,
    1.238264963847E-02));
#116 = SURFACE_CURVE('',#117,(#122,#129),.PCURVE_S1.);
#117 = CIRCLE('',#118,3.509664792431);
#118 = AXIS2_PLACEMENT_3D('',#119,#120,#121);
#119 = CARTESIAN_POINT('',(-25.63174082319,-3.130826897631E-02,
    1.238264963847E-02));
#120 = DIRECTION('',(0.999999804648,5.834475257014E-04,
    -2.242630179446E-04));
#121 = DIRECTION('',(-5.834475403734E-04,0.999999829794,0.));
#122 = PCURVE('',#94,#123);
#123 = DEFINITIONAL_REPRESENTATION('',(#124),#128);
#124 = CIRCLE('',#125,3.509664792431);
#125 = AXIS2_PLACEMENT_2D('',#126,#127);
#126 = CARTESIAN_POINT('',(0.,0.));
#127 = DIRECTION('',(1.,0.));
#128 = ( GEOMETRIC_REPRESENTATION_CONTEXT(2) 
PARAMETRIC_REPRESENTATION_CONTEXT() REPRESENTATION_CONTEXT('2D SPACE',''
  ) );
#129 = PCURVE('',#130,#135);
#130 = CYLINDRICAL_SURFACE('',#131,3.509664792431);
#131 = AXIS2_PLACEMENT_3D('',#132,#133,#134);
#132 = CARTESIAN_POINT('',(-25.63174082319,-3.130826897631E-02,
    1.238264963847E-02));
#133 = DIRECTION('',(0.999999804648,5.834475257014E-04,
    -2.242630179446E-04));
#134 = DIRECTION('',(-5.834475403734E-04,0.999999829794,0.));
#135 = DEFINITIONAL_REPRESENTATION('',(#136),#140);
#136 = LINE('',#137,#138);
#137 = CARTESIAN_POINT('',(0.,0.));
#138 = VECTOR('',#139,1.);
#139 = DIRECTION('',(1.,0.));
#140 = ( GEOMETRIC_REPRESENTATION_CONTEXT(2) 
PARAMETRIC_REPRESENTATION_CONTEXT() REPRESENTATION_CONTEXT('2D SPACE',''
  ) );
#141 = FACE_BOUND('',#142,.F.);
#142 = EDGE_LOOP('',(#143));
#143 = ORIENTED_EDGE('',*,*,#79,.T.);
#144 = ADVANCED_FACE('',(#145),#66,.T.);
#145 = FACE_BOUND('',#146,.T.);
#146 = EDGE_LOOP('',(#147));
#147 = ORIENTED_EDGE('',*,*,#51,.T.);
#148 = ADVANCED_FACE('',(#149,#203,#333,#795,#925),#130,.T.);
#149 = FACE_BOUND('',#150,.T.);
#150 = EDGE_LOOP('',(#151,#180,#201,#202));
#151 = ORIENTED_EDGE('',*,*,#152,.F.);
#152 = EDGE_CURVE('',#153,#153,#155,.T.);
#153 = VERTEX_POINT('',#154);
#154 = CARTESIAN_POINT('',(25.629803431703,3.508265547821,
    8.861195489215E-04));
#155 = SURFACE_CURVE('',#156,(#161,#168),.PCURVE_S1.);
#156 = CIRCLE('',#157,3.509664792431);
#157 = AXIS2_PLACEMENT_3D('',#158,#159,#160);
#158 = CARTESIAN_POINT('',(25.631851136994,-1.398647245657E-03,
    8.861195489224E-04));
#159 = DIRECTION('',(0.999999804648,5.834475257014E-04,
    -2.242630179446E-04));
#160 = DIRECTION('',(-5.834475403734E-04,0.999999829794,0.));
#161 = PCURVE('',#130,#162);
#162 = DEFINITIONAL_REPRESENTATION('',(#163),#167);
#163 = LINE('',#164,#165);
#164 = CARTESIAN_POINT('',(0.,51.263601974658));
#165 = VECTOR('',#166,1.);
#166 = DIRECTION('',(1.,0.));
#167 = ( GEOMETRIC_REPRESENTATION_CONTEXT(2) 
PARAMETRIC_REPRESENTATION_CONTEXT() REPRESENTATION_CONTEXT('2D SPACE',''
  ) );
#168 = PCURVE('',#169,#174);
#169 = PLANE('',#170);
#170 = AXIS2_PLACEMENT_3D('',#171,#172,#173);
#171 = CARTESIAN_POINT('',(25.631851136994,-1.398647245657E-03,
    8.861195489224E-04));
#172 = DIRECTION('',(0.999999804648,5.834475257014E-04,
    -2.242630179446E-04));
#173 = DIRECTION('',(-5.834475403734E-04,0.999999829794,0.));
#174 = DEFINITIONAL_REPRESENTATION('',(#175),#179);
#175 = CIRCLE('',#176,3.509664792431);
#176 = AXIS2_PLACEMENT_2D('',#177,#178);
#177 = CARTESIAN_POINT('',(0.,0.));
#178 = DIRECTION('',(1.,0.));
#179 = ( GEOMETRIC_REPRESENTATION_CONTEXT(2) 
PARAMETRIC_REPRESENTATION_CONTEXT() REPRESENTATION_CONTEXT('2D SPACE',''
  ) );
#180 = ORIENTED_EDGE('',*,*,#181,.F.);
#181 = EDGE_CURVE('',#114,#153,#182,.T.);
#182 = SEAM_CURVE('',#183,(#187,#194),.PCURVE_S1.);
#183 = LINE('',#184,#185);
#184 = CARTESIAN_POINT('',(-25.63378852848,3.47835592609,
    1.238264963847E-02));
#185 = VECTOR('',#186,1.);
#186 = DIRECTION('',(0.999999804648,5.834475257014E-04,
    -2.242630179446E-04));
#187 = PCURVE('',#130,#188);
#188 = DEFINITIONAL_REPRESENTATION('',(#189),#193);
#189 = LINE('',#190,#191);
#190 = CARTESIAN_POINT('',(0.,-0.));
#191 = VECTOR('',#192,1.);
#192 = DIRECTION('',(0.,1.));
#193 = ( GEOMETRIC_REPRESENTATION_CONTEXT(2) 
PARAMETRIC_REPRESENTATION_CONTEXT() REPRESENTATION_CONTEXT('2D SPACE',''
  ) );
#194 = PCURVE('',#130,#195);
#195 = DEFINITIONAL_REPRESENTATION('',(#196),#200);
#196 = LINE('',#197,#198);
#197 = CARTESIAN_POINT('',(6.28318530718,-0.));
#198 = VECTOR('',#199,1.);
#199 = DIRECTION('',(0.,1.));
#200 = ( GEOMETRIC_REPRESENTATION_CONTEXT(2) 
PARAMETRIC_REPRESENTATION_CONTEXT() REPRESENTATION_CONTEXT('2D SPACE',''
  ) );
#201 = ORIENTED_EDGE('',*,*,#113,.T.);
#202 = ORIENTED_EDGE('',*,*,#181,.T.);
#203 = FACE_BOUND('',#204,.T.);
#204 = EDGE_LOOP('',(#205,#239,#271,#303));
#205 = ORIENTED_EDGE('',*,*,#206,.T.);
#206 = EDGE_CURVE('',#207,#209,#211,.T.);
#207 = VERTEX_POINT('',#208);
#208 = CARTESIAN_POINT('',(-4.500215229242,-2.449490125575,2.53951392595
    ));
#209 = VERTEX_POINT('',#210);
#210 = CARTESIAN_POINT('',(-17.16029700694,-2.449490124278,
    2.549423256064));
#211 = SURFACE_CURVE('',#212,(#217,#227),.PCURVE_S1.);
#212 = ELLIPSE('',#213,6.015390350137E+03,3.509664792431);
#213 = AXIS2_PLACEMENT_3D('',#214,#215,#216);
#214 = CARTESIAN_POINT('',(-4.170274552254E+03,-2.449490334619,
    0.94187293641));
#215 = DIRECTION('',(0.,-1.,1.308457095068E-07));
#216 = DIRECTION('',(0.999999974853,-2.934384870462E-11,
    -2.242629797738E-04));
#217 = PCURVE('',#130,#218);
#218 = DEFINITIONAL_REPRESENTATION('',(#219),#226);
#219 = B_SPLINE_CURVE_WITH_KNOTS('',5,(#220,#221,#222,#223,#224,#225),
  .UNSPECIFIED.,.F.,.F.,(6,6),(0.805529030868,0.809025103045),
  .PIECEWISE_BEZIER_KNOTS.);
#220 = CARTESIAN_POINT('',(2.336063622722,22.395802091372));
#221 = CARTESIAN_POINT('',(2.335364408287,19.362412653332));
#222 = CARTESIAN_POINT('',(2.334665193851,16.326476629014));
#223 = CARTESIAN_POINT('',(2.333965979416,13.287997108073));
#224 = CARTESIAN_POINT('',(2.333266764981,10.246977185312));
#225 = CARTESIAN_POINT('',(2.332567550545,7.203419960742));
#226 = ( GEOMETRIC_REPRESENTATION_CONTEXT(2) 
PARAMETRIC_REPRESENTATION_CONTEXT() REPRESENTATION_CONTEXT('2D SPACE',''
  ) );
#227 = PCURVE('',#228,#233);
#228 = PLANE('',#229);
#229 = AXIS2_PLACEMENT_3D('',#230,#231,#232);
#230 = CARTESIAN_POINT('',(-17.16007282414,-2.449489993479,
    3.549065728747));
#231 = DIRECTION('',(0.,-1.,1.308457095068E-07));
#232 = DIRECTION('',(1.,0.,0.));
#233 = DEFINITIONAL_REPRESENTATION('',(#234),#238);
#234 = ELLIPSE('',#235,6.015390350137E+03,3.509664792431);
#235 = AXIS2_PLACEMENT_2D('',#236,#237);
#236 = CARTESIAN_POINT('',(-4.153114479429E+03,-2.607192792336));
#237 = DIRECTION('',(0.999999974853,-2.242629797738E-04));
#238 = ( GEOMETRIC_REPRESENTATION_CONTEXT(2) 
PARAMETRIC_REPRESENTATION_CONTEXT() REPRESENTATION_CONTEXT('2D SPACE',''
  ) );
#239 = ORIENTED_EDGE('',*,*,#240,.T.);
#240 = EDGE_CURVE('',#209,#241,#243,.T.);
#241 = VERTEX_POINT('',#242);
#242 = CARTESIAN_POINT('',(-17.16030751721,2.444931983009,2.502557425063
    ));
#243 = SURFACE_CURVE('',#244,(#249,#259),.PCURVE_S1.);
#244 = ELLIPSE('',#245,3.509665389795,3.509664792431);
#245 = AXIS2_PLACEMENT_3D('',#246,#247,#248);
#246 = CARTESIAN_POINT('',(-17.16086639728,-2.63659572865E-02,
    1.048294540397E-02));
#247 = DIRECTION('',(-0.999999974853,6.462348535571E-27,
    2.242629797738E-04));
#248 = DIRECTION('',(-2.934384793147E-11,1.,-1.30845702769E-07));
#249 = PCURVE('',#130,#250);
#250 = DEFINITIONAL_REPRESENTATION('',(#251),#258);
#251 = B_SPLINE_CURVE_WITH_KNOTS('',5,(#252,#253,#254,#255,#256,#257),
  .UNSPECIFIED.,.F.,.F.,(6,6),(3.889686161065,5.535091538013),
  .PIECEWISE_BEZIER_KNOTS.);
#252 = CARTESIAN_POINT('',(2.393499146115,8.469375138985));
#253 = CARTESIAN_POINT('',(2.064418070725,8.469833528025));
#254 = CARTESIAN_POINT('',(1.735336995335,8.470494985634));
#255 = CARTESIAN_POINT('',(1.406255919946,8.471257175231));
#256 = CARTESIAN_POINT('',(1.077174844556,8.47191863292));
#257 = CARTESIAN_POINT('',(0.748093769166,8.472377022089));
#258 = ( GEOMETRIC_REPRESENTATION_CONTEXT(2) 
PARAMETRIC_REPRESENTATION_CONTEXT() REPRESENTATION_CONTEXT('2D SPACE',''
  ) );
#259 = PCURVE('',#260,#265);
#260 = PLANE('',#261);
#261 = AXIS2_PLACEMENT_3D('',#262,#263,#264);
#262 = CARTESIAN_POINT('',(-17.16007282414,2.449490006521,3.549065728747
    ));
#263 = DIRECTION('',(-0.999999974853,0.,2.242629797738E-04));
#264 = DIRECTION('',(0.,-1.,0.));
#265 = DEFINITIONAL_REPRESENTATION('',(#266),#270);
#266 = ELLIPSE('',#267,3.509665389795,3.509664792431);
#267 = AXIS2_PLACEMENT_2D('',#268,#269);
#268 = CARTESIAN_POINT('',(2.475855963807,-3.538582872327));
#269 = DIRECTION('',(-1.,-1.308457060593E-07));
#270 = ( GEOMETRIC_REPRESENTATION_CONTEXT(2) 
PARAMETRIC_REPRESENTATION_CONTEXT() REPRESENTATION_CONTEXT('2D SPACE',''
  ) );
#271 = ORIENTED_EDGE('',*,*,#272,.F.);
#272 = EDGE_CURVE('',#273,#241,#275,.T.);
#273 = VERTEX_POINT('',#274);
#274 = CARTESIAN_POINT('',(-4.500223517217,2.449452125935,2.502557425063
    ));
#275 = SURFACE_CURVE('',#276,(#281,#291),.PCURVE_S1.);
#276 = ELLIPSE('',#277,1.56497706336E+04,3.509664792431);
#277 = AXIS2_PLACEMENT_3D('',#278,#279,#280);
#278 = CARTESIAN_POINT('',(-1.112944329115E+04,-6.509800909456,
    2.502557425063));
#279 = DIRECTION('',(0.,0.,1.));
#280 = DIRECTION('',(0.999999829794,5.834475403734E-04,-0.));
#281 = PCURVE('',#130,#282);
#282 = DEFINITIONAL_REPRESENTATION('',(#283),#290);
#283 = B_SPLINE_CURVE_WITH_KNOTS('',5,(#284,#285,#286,#287,#288,#289),
  .UNSPECIFIED.,.F.,.F.,(6,6),(0.779947428087,0.781326866971),
  .PIECEWISE_BEZIER_KNOTS.);
#284 = CARTESIAN_POINT('',(0.790848898708,22.398410533485));
#285 = CARTESIAN_POINT('',(0.790573010931,19.362106523923));
#286 = CARTESIAN_POINT('',(0.790297123154,16.324743937814));
#287 = CARTESIAN_POINT('',(0.790021235377,13.286323256635));
#288 = CARTESIAN_POINT('',(0.7897453476,10.246844962167));
#289 = CARTESIAN_POINT('',(0.789469459824,7.206309536577));
#290 = ( GEOMETRIC_REPRESENTATION_CONTEXT(2) 
PARAMETRIC_REPRESENTATION_CONTEXT() REPRESENTATION_CONTEXT('2D SPACE',''
  ) );
#291 = PCURVE('',#292,#297);
#292 = PLANE('',#293);
#293 = AXIS2_PLACEMENT_3D('',#294,#295,#296);
#294 = CARTESIAN_POINT('',(-10.83026551721,-1.304105918039E-07,
    2.502557425063));
#295 = DIRECTION('',(0.,0.,1.));
#296 = DIRECTION('',(1.,0.,-0.));
#297 = DEFINITIONAL_REPRESENTATION('',(#298),#302);
#298 = ELLIPSE('',#299,1.56497706336E+04,3.509664792431);
#299 = AXIS2_PLACEMENT_2D('',#300,#301);
#300 = CARTESIAN_POINT('',(-1.111861302563E+04,-6.509800779046));
#301 = DIRECTION('',(0.999999829794,5.834475403734E-04));
#302 = ( GEOMETRIC_REPRESENTATION_CONTEXT(2) 
PARAMETRIC_REPRESENTATION_CONTEXT() REPRESENTATION_CONTEXT('2D SPACE',''
  ) );
#303 = ORIENTED_EDGE('',*,*,#304,.T.);
#304 = EDGE_CURVE('',#273,#207,#305,.T.);
#305 = SURFACE_CURVE('',#306,(#311,#321),.PCURVE_S1.);
#306 = ELLIPSE('',#307,3.509665389795,3.509664792431);
#307 = AXIS2_PLACEMENT_3D('',#308,#309,#310);
#308 = CARTESIAN_POINT('',(-4.500783034005,-1.897946153005E-02,
    7.643756346851E-03));
#309 = DIRECTION('',(0.999999974853,-6.462348535571E-27,
    -2.242629797738E-04));
#310 = DIRECTION('',(-2.934384793147E-11,1.,-1.30845702769E-07));
#311 = PCURVE('',#130,#312);
#312 = DEFINITIONAL_REPRESENTATION('',(#313),#320);
#313 = B_SPLINE_CURVE_WITH_KNOTS('',5,(#314,#315,#316,#317,#318,#319),
  .UNSPECIFIED.,.F.,.F.,(6,6),(0.749197987843,2.392394927439),
  .PIECEWISE_BEZIER_KNOTS.);
#314 = CARTESIAN_POINT('',(0.749197987843,21.132461319522));
#315 = CARTESIAN_POINT('',(1.077837375762,21.132003001198));
#316 = CARTESIAN_POINT('',(1.406476763681,21.131342366145));
#317 = CARTESIAN_POINT('',(1.7351161516,21.130581467629));
#318 = CARTESIAN_POINT('',(2.063755539519,21.129920832655));
#319 = CARTESIAN_POINT('',(2.392394927439,21.12946251446));
#320 = ( GEOMETRIC_REPRESENTATION_CONTEXT(2) 
PARAMETRIC_REPRESENTATION_CONTEXT() REPRESENTATION_CONTEXT('2D SPACE',''
  ) );
#321 = PCURVE('',#322,#327);
#322 = PLANE('',#323);
#323 = AXIS2_PLACEMENT_3D('',#324,#325,#326);
#324 = CARTESIAN_POINT('',(-4.49998882414,-2.449489993479,3.549065728747
    ));
#325 = DIRECTION('',(0.999999974853,0.,-2.242629797738E-04));
#326 = DIRECTION('',(0.,1.,0.));
#327 = DEFINITIONAL_REPRESENTATION('',(#328),#332);
#328 = ELLIPSE('',#329,3.509665389795,3.509664792431);
#329 = AXIS2_PLACEMENT_2D('',#330,#331);
#330 = CARTESIAN_POINT('',(2.430510531949,-3.541422061456));
#331 = DIRECTION('',(1.,-1.308457060593E-07));
#332 = ( GEOMETRIC_REPRESENTATION_CONTEXT(2) 
PARAMETRIC_REPRESENTATION_CONTEXT() REPRESENTATION_CONTEXT('2D SPACE',''
  ) );
#333 = FACE_BOUND('',#334,.T.);
#334 = EDGE_LOOP('',(#335));
#335 = ORIENTED_EDGE('',*,*,#336,.F.);
#336 = EDGE_CURVE('',#337,#337,#339,.T.);
#337 = VERTEX_POINT('',#338);
#338 = CARTESIAN_POINT('',(-9.491584514725,-2.044747332048,
    -2.859302689614));
#339 = SURFACE_CURVE('',#340,(#488,#639),.PCURVE_S1.);
#340 = B_SPLINE_CURVE_WITH_KNOTS('',6,(#341,#342,#343,#344,#345,#346,
    #347,#348,#349,#350,#351,#352,#353,#354,#355,#356,#357,#358,#359,
    #360,#361,#362,#363,#364,#365,#366,#367,#368,#369,#370,#371,#372,
    #373,#374,#375,#376,#377,#378,#379,#380,#381,#382,#383,#384,#385,
    #386,#387,#388,#389,#390,#391,#392,#393,#394,#395,#396,#397,#398,
    #399,#400,#401,#402,#403,#404,#405,#406,#407,#408,#409,#410,#411,
    #412,#413,#414,#415,#416,#417,#418,#419,#420,#421,#422,#423,#424,
    #425,#426,#427,#428,#429,#430,#431,#432,#433,#434,#435,#436,#437,
    #438,#439,#440,#441,#442,#443,#444,#445,#446,#447,#448,#449,#450,
    #451,#452,#453,#454,#455,#456,#457,#458,#459,#460,#461,#462,#463,
    #464,#465,#466,#467,#468,#469,#470,#471,#472,#473,#474,#475,#476,
    #477,#478,#479,#480,#481,#482,#483,#484,#485,#486,#487),
  .UNSPECIFIED.,.T.,.F.,(7,5,5,5,5,5,5,5,5,5,5,5,5,5,5,5,5,5,5,5,5,5,5,5
    ,5,5,5,5,5,7),(0.,4.943084648848E-02,9.693595081446E-02,
    0.144969218997,0.190784132091,0.249705661602,0.307794954185,
    0.351869845292,0.399082540467,0.449174407361,0.500217223366,
    0.551345441858,0.601201274646,0.667311469236,0.715535868413,
    0.774813416845,0.810101826085,0.854710003599,0.902192985815,
    0.94989016796,0.999898950727,0.999910442605,0.999921934483,
    0.999933426361,0.999944918239,0.999956410117,0.999967901995,
    0.999979393874,0.99999048948,1.),.UNSPECIFIED.);
#341 = CARTESIAN_POINT('',(-9.491584514725,-2.044747332048,
    -2.859302689614));
#342 = CARTESIAN_POINT('',(-9.588369166027,-2.044747373013,
    -2.859320783102));
#343 = CARTESIAN_POINT('',(-9.685092740435,-2.03926356295,
    -2.863206637896));
#344 = CARTESIAN_POINT('',(-9.781408139272,-2.028308927079,
    -2.870950290394));
#345 = CARTESIAN_POINT('',(-9.876962189002,-2.011917497196,
    -2.882409144859));
#346 = CARTESIAN_POINT('',(-9.971380613728,-1.990147871928,
    -2.897307613851));
#347 = CARTESIAN_POINT('',(-10.15351245004,-1.937144735291,
    -2.932517894291));
#348 = CARTESIAN_POINT('',(-10.24135483045,-1.90630987744,
    -2.952598314795));
#349 = CARTESIAN_POINT('',(-10.32761536022,-1.87066213427,-2.97520257098
    ));
#350 = CARTESIAN_POINT('',(-10.41209791034,-1.83022618482,
    -2.999981711052));
#351 = CARTESIAN_POINT('',(-10.49457597814,-1.785015569547,
    -3.026549384104));
#352 = CARTESIAN_POINT('',(-10.6558978608,-1.684516362676,
    -3.082745689753));
#353 = CARTESIAN_POINT('',(-10.73471995327,-1.629103196297,
    -3.112415160273));
#354 = CARTESIAN_POINT('',(-10.81108761223,-1.568748547452,
    -3.143109914158));
#355 = CARTESIAN_POINT('',(-10.88477348019,-1.503357012794,
    -3.174420260757));
#356 = CARTESIAN_POINT('',(-10.95547361449,-1.432810809514,
    -3.205903252911));
#357 = CARTESIAN_POINT('',(-11.08699471337,-1.284665182886,
    -3.266794266666));
#358 = CARTESIAN_POINT('',(-11.14817472696,-1.207482147683,
    -3.296255571756));
#359 = CARTESIAN_POINT('',(-11.20593340568,-1.125357723482,
    -3.325008678517));
#360 = CARTESIAN_POINT('',(-11.25979951179,-1.038239075229,
    -3.35256254409));
#361 = CARTESIAN_POINT('',(-11.30922176907,-0.946108126259,
    -3.378383053605));
#362 = CARTESIAN_POINT('',(-11.41059345459,-0.72408603676,
    -3.432138518402));
#363 = CARTESIAN_POINT('',(-11.45966907819,-0.589949992895,
    -3.458803277288));
#364 = CARTESIAN_POINT('',(-11.49830657145,-0.448315325892,
    -3.480092031789));
#365 = CARTESIAN_POINT('',(-11.52482905283,-0.30122789927,
    -3.494557463876));
#366 = CARTESIAN_POINT('',(-11.53824254053,-0.150919208811,
    -3.50137353449));
#367 = CARTESIAN_POINT('',(-11.53824194234,0.149427595676,
    -3.499370363597));
#368 = CARTESIAN_POINT('',(-11.5252041273,0.297414020801,-3.490784123006
    ));
#369 = CARTESIAN_POINT('',(-11.49950161717,0.442146105662,
    -3.474827074956));
#370 = CARTESIAN_POINT('',(-11.46212298061,0.581548697587,
    -3.452315011487));
#371 = CARTESIAN_POINT('',(-11.41466899812,0.713721043362,
    -3.424629029198));
#372 = CARTESIAN_POINT('',(-11.31757640021,0.930614991121,
    -3.369845044803));
#373 = CARTESIAN_POINT('',(-11.27099175409,1.019617342235,
    -3.344083695903));
#374 = CARTESIAN_POINT('',(-11.22027380272,1.104028288111,
    -3.316699949399));
#375 = CARTESIAN_POINT('',(-11.16591393286,1.183861555287,
    -3.288166416088));
#376 = CARTESIAN_POINT('',(-11.10833390034,1.259161486937,
    -3.258920079873));
#377 = CARTESIAN_POINT('',(-10.98314130148,1.405875278339,
    -3.197692404662));
#378 = CARTESIAN_POINT('',(-10.91505908388,1.476686551745,
    -3.165641503704));
#379 = CARTESIAN_POINT('',(-10.84401533752,1.542558909757,
    -3.133668356629));
#380 = CARTESIAN_POINT('',(-10.77030613676,1.603602064184,
    -3.102198488816));
#381 = CARTESIAN_POINT('',(-10.69415244106,1.659904681399,
    -3.071628160069));
#382 = CARTESIAN_POINT('',(-10.53246677501,1.76630731401,-3.011249498024
    ));
#383 = CARTESIAN_POINT('',(-10.44661131758,1.8158420315,-2.981588565426)
  );
#384 = CARTESIAN_POINT('',(-10.3584320711,1.860119058775,-2.953846327221
    ));
#385 = CARTESIAN_POINT('',(-10.26818483034,1.899119671242,
    -2.928493383457));
#386 = CARTESIAN_POINT('',(-10.17608676991,1.932808887419,
    -2.905960647197));
#387 = CARTESIAN_POINT('',(-9.986770696553,1.98997066081,-2.866924449184
    ));
#388 = CARTESIAN_POINT('',(-9.889467792087,2.013243217864,
    -2.850539256796));
#389 = CARTESIAN_POINT('',(-9.79087606808,2.030780696779,-2.837929658272
    ));
#390 = CARTESIAN_POINT('',(-9.691419378014,2.042506520563,
    -2.829427734786));
#391 = CARTESIAN_POINT('',(-9.591494631876,2.048376034296,
    -2.825205062013));
#392 = CARTESIAN_POINT('',(-9.39131976724,2.048367508953,-2.825341497781
    ));
#393 = CARTESIAN_POINT('',(-9.291218222587,2.042469797749,
    -2.829714881852));
#394 = CARTESIAN_POINT('',(-9.191583017575,2.030693582507,
    -2.838381317252));
#395 = CARTESIAN_POINT('',(-9.092819605518,2.013083368657,
    -2.851166124798));
#396 = CARTESIAN_POINT('',(-8.995361568273,1.989718497796,
    -2.867730837523));
#397 = CARTESIAN_POINT('',(-8.806392003659,1.932532031474,
    -2.906989565785));
#398 = CARTESIAN_POINT('',(-8.714753092556,1.898973321344,
    -2.929529038951));
#399 = CARTESIAN_POINT('',(-8.624947589623,1.86015293337,-2.954852258002
    ));
#400 = CARTESIAN_POINT('',(-8.537189143264,1.816104746042,
    -2.982533972411));
#401 = CARTESIAN_POINT('',(-8.451729334597,1.766846439499,
    -3.012110232326));
#402 = CARTESIAN_POINT('',(-8.258972988444,1.640187390371,
    -3.084172922968));
#403 = CARTESIAN_POINT('',(-8.153596834254,1.558817995795,
    -3.127741181758));
#404 = CARTESIAN_POINT('',(-8.053134683586,1.468119376158,
    -3.172762366062));
#405 = CARTESIAN_POINT('',(-7.958230770296,1.367776910584,
    -3.218149304928));
#406 = CARTESIAN_POINT('',(-7.869856682223,1.257425123074,
    -3.262665637944));
#407 = CARTESIAN_POINT('',(-7.730731551559,1.048759645381,
    -3.335634374328));
#408 = CARTESIAN_POINT('',(-7.676136201912,0.955065235738,
    -3.365244869844));
#409 = CARTESIAN_POINT('',(-7.626400338026,0.855818516271,
    -3.393011935159));
#410 = CARTESIAN_POINT('',(-7.582298003655,0.751227155846,
    -3.418234976649));
#411 = CARTESIAN_POINT('',(-7.54461728522,0.641580246549,-3.440218448487
    ));
#412 = CARTESIAN_POINT('',(-7.476754193566,0.386720748844,
    -3.480527108657));
#413 = CARTESIAN_POINT('',(-7.450210145809,0.23889129706,-3.496894576472
    ));
#414 = CARTESIAN_POINT('',(-7.436724840321,8.666229275778E-02,
    -3.505781770484));
#415 = CARTESIAN_POINT('',(-7.437217612658,-6.682123956864E-02,
    -3.506368310101));
#416 = CARTESIAN_POINT('',(-7.451480282246,-0.218366621393,
    -3.498882165064));
#417 = CARTESIAN_POINT('',(-7.49390614613,-0.45220541076,-3.475828960649
    ));
#418 = CARTESIAN_POINT('',(-7.514085713993,-0.537581607067,
    -3.464770467053));
#419 = CARTESIAN_POINT('',(-7.538340431375,-0.620744731417,
    -3.451473151667));
#420 = CARTESIAN_POINT('',(-7.566355477334,-0.701390592188,
    -3.436201826183));
#421 = CARTESIAN_POINT('',(-7.597768756422,-0.77924282266,
    -3.419258377194));
#422 = CARTESIAN_POINT('',(-7.675647066773,-0.948626072688,
    -3.377854156691));
#423 = CARTESIAN_POINT('',(-7.723943459444,-1.038443511865,
    -3.352564357453));
#424 = CARTESIAN_POINT('',(-7.776466693787,-1.123487233175,
    -3.325633876333));
#425 = CARTESIAN_POINT('',(-7.832704945938,-1.203774692434,
    -3.297559335785));
#426 = CARTESIAN_POINT('',(-7.892219403385,-1.27935493546,
    -3.268797998388));
#427 = CARTESIAN_POINT('',(-8.021085140602,-1.425821915478,
    -3.208858749639));
#428 = CARTESIAN_POINT('',(-8.090872688399,-1.496148836701,
    -3.177621575752));
#429 = CARTESIAN_POINT('',(-8.16362210103,-1.561412993913,-3.14652724951
    ));
#430 = CARTESIAN_POINT('',(-8.239028768001,-1.621725336348,
    -3.116010838895));
#431 = CARTESIAN_POINT('',(-8.316863120069,-1.677175172064,
    -3.086474891861));
#432 = CARTESIAN_POINT('',(-8.477435971989,-1.778708341443,
    -3.029991364476));
#433 = CARTESIAN_POINT('',(-8.560219116593,-1.824763007179,
    -3.003047742485));
#434 = CARTESIAN_POINT('',(-8.64505478533,-1.865980321083,-2.97788824093
    ));
#435 = CARTESIAN_POINT('',(-8.731712737293,-1.902348218431,
    -2.954908073029));
#436 = CARTESIAN_POINT('',(-8.819994226455,-1.933842585136,-2.9344648004
    ));
#437 = CARTESIAN_POINT('',(-9.003815197243,-1.988277453209,
    -2.898418160903));
#438 = CARTESIAN_POINT('',(-9.09951451767,-2.010733836686,
    -2.883094366806));
#439 = CARTESIAN_POINT('',(-9.196402533251,-2.027658232673,
    -2.87130042805));
#440 = CARTESIAN_POINT('',(-9.294089157853,-2.038988938292,
    -2.863327121084));
#441 = CARTESIAN_POINT('',(-9.392206756644,-2.044689922318,
    -2.859324572949));
#442 = CARTESIAN_POINT('',(-9.490416675507,-2.044746998996,
    -2.859302705845));
#443 = CARTESIAN_POINT('',(-9.490439238686,-2.044747011811,
    -2.859302701032));
#444 = CARTESIAN_POINT('',(-9.490461801866,-2.044747024328,
    -2.859302696428));
#445 = CARTESIAN_POINT('',(-9.490484365046,-2.044747036547,
    -2.859302692035));
#446 = CARTESIAN_POINT('',(-9.490506928225,-2.044747048468,
    -2.859302687852));
#447 = CARTESIAN_POINT('',(-9.490552054586,-2.044747071714,
    -2.859302679906));
#448 = CARTESIAN_POINT('',(-9.490574617766,-2.044747083038,
    -2.859302676144));
#449 = CARTESIAN_POINT('',(-9.490597180947,-2.044747094065,
    -2.859302672591));
#450 = CARTESIAN_POINT('',(-9.490619744128,-2.044747104794,
    -2.859302669249));
#451 = CARTESIAN_POINT('',(-9.490642307308,-2.044747115225,
    -2.859302666117));
#452 = CARTESIAN_POINT('',(-9.490687433671,-2.04474713549,
    -2.859302660274));
#453 = CARTESIAN_POINT('',(-9.490709996852,-2.044747145325,
    -2.859302657562));
#454 = CARTESIAN_POINT('',(-9.490732560033,-2.044747154861,
    -2.859302655061));
#455 = CARTESIAN_POINT('',(-9.490755123215,-2.0447471641,-2.85930265277)
  );
#456 = CARTESIAN_POINT('',(-9.490777686397,-2.04474717304,
    -2.859302650689));
#457 = CARTESIAN_POINT('',(-9.490822812761,-2.044747190325,
    -2.859302646947));
#458 = CARTESIAN_POINT('',(-9.490845375943,-2.044747198669,
    -2.859302645287));
#459 = CARTESIAN_POINT('',(-9.490867939125,-2.044747206716,
    -2.859302643837));
#460 = CARTESIAN_POINT('',(-9.490890502308,-2.044747214464,
    -2.859302642596));
#461 = CARTESIAN_POINT('',(-9.49091306549,-2.044747221914,
    -2.859302641567));
#462 = CARTESIAN_POINT('',(-9.490958191856,-2.044747236219,
    -2.859302639927));
#463 = CARTESIAN_POINT('',(-9.490980755039,-2.044747243073,
    -2.859302639318));
#464 = CARTESIAN_POINT('',(-9.491003318222,-2.044747249629,
    -2.859302638919));
#465 = CARTESIAN_POINT('',(-9.491025881405,-2.044747255887,
    -2.85930263873));
#466 = CARTESIAN_POINT('',(-9.491048444588,-2.044747261847,
    -2.859302638751));
#467 = CARTESIAN_POINT('',(-9.491093570955,-2.044747273171,
    -2.859302639213));
#468 = CARTESIAN_POINT('',(-9.491116134138,-2.044747278535,
    -2.859302639655));
#469 = CARTESIAN_POINT('',(-9.491138697322,-2.044747283601,
    -2.859302640307));
#470 = CARTESIAN_POINT('',(-9.491161260506,-2.044747288369,
    -2.859302641169));
#471 = CARTESIAN_POINT('',(-9.49118382369,-2.044747292839,
    -2.859302642241));
#472 = CARTESIAN_POINT('',(-9.491228950057,-2.044747301183,
    -2.859302644806));
#473 = CARTESIAN_POINT('',(-9.491251513242,-2.044747305057,
    -2.859302646298));
#474 = CARTESIAN_POINT('',(-9.491274076426,-2.044747308632,
    -2.859302648001));
#475 = CARTESIAN_POINT('',(-9.49129663961,-2.04474731191,-2.859302649914
    ));
#476 = CARTESIAN_POINT('',(-9.491319202794,-2.04474731489,
    -2.859302652038));
#477 = CARTESIAN_POINT('',(-9.491363551122,-2.044747320161,
    -2.859302656624));
#478 = CARTESIAN_POINT('',(-9.491385336266,-2.044747322472,
    -2.859302659073));
#479 = CARTESIAN_POINT('',(-9.49140712141,-2.044747324505,
    -2.859302661718));
#480 = CARTESIAN_POINT('',(-9.491428906553,-2.044747326261,
    -2.859302664559));
#481 = CARTESIAN_POINT('',(-9.491450691697,-2.044747327739,
    -2.859302667596));
#482 = CARTESIAN_POINT('',(-9.491491149822,-2.044747329967,
    -2.859302673599));
#483 = CARTESIAN_POINT('',(-9.491509822802,-2.044747330792,
    -2.859302676514));
#484 = CARTESIAN_POINT('',(-9.491528495783,-2.044747331412,
    -2.859302679573));
#485 = CARTESIAN_POINT('',(-9.491547168763,-2.044747331828,
    -2.859302682776));
#486 = CARTESIAN_POINT('',(-9.491565841744,-2.04474733204,
    -2.859302686123));
#487 = CARTESIAN_POINT('',(-9.491584514725,-2.044747332048,
    -2.859302689614));
#488 = PCURVE('',#130,#489);
#489 = DEFINITIONAL_REPRESENTATION('',(#490),#638);
#490 = B_SPLINE_CURVE_WITH_KNOTS('',6,(#491,#492,#493,#494,#495,#496,
    #497,#498,#499,#500,#501,#502,#503,#504,#505,#506,#507,#508,#509,
    #510,#511,#512,#513,#514,#515,#516,#517,#518,#519,#520,#521,#522,
    #523,#524,#525,#526,#527,#528,#529,#530,#531,#532,#533,#534,#535,
    #536,#537,#538,#539,#540,#541,#542,#543,#544,#545,#546,#547,#548,
    #549,#550,#551,#552,#553,#554,#555,#556,#557,#558,#559,#560,#561,
    #562,#563,#564,#565,#566,#567,#568,#569,#570,#571,#572,#573,#574,
    #575,#576,#577,#578,#579,#580,#581,#582,#583,#584,#585,#586,#587,
    #588,#589,#590,#591,#592,#593,#594,#595,#596,#597,#598,#599,#600,
    #601,#602,#603,#604,#605,#606,#607,#608,#609,#610,#611,#612,#613,
    #614,#615,#616,#617,#618,#619,#620,#621,#622,#623,#624,#625,#626,
    #627,#628,#629,#630,#631,#632,#633,#634,#635,#636,#637),
  .UNSPECIFIED.,.F.,.F.,(7,5,5,5,5,5,5,5,5,5,5,5,5,5,5,5,5,5,5,5,5,5,5,5
    ,5,5,5,5,5,7),(0.,4.943084648848E-02,9.693595081446E-02,
    0.144969218997,0.190784132091,0.249705661602,0.307794954185,
    0.351869845292,0.399082540467,0.449174407361,0.500217223366,
    0.551345441858,0.601201274646,0.667311469236,0.715535868413,
    0.774813416845,0.810101826085,0.854710003599,0.902192985815,
    0.94989016796,0.999898950727,0.999910442605,0.999921934483,
    0.999933426361,0.999944918239,0.999956410117,0.999967901995,
    0.999979393874,0.99999048948,1.),.UNSPECIFIED.);
#491 = CARTESIAN_POINT('',(4.098112773913,16.139622432229));
#492 = CARTESIAN_POINT('',(4.098132448427,16.042837803867));
#493 = CARTESIAN_POINT('',(4.10006414361,15.946118319324));
#494 = CARTESIAN_POINT('',(4.103903156421,15.849811067373));
#495 = CARTESIAN_POINT('',(4.109618000107,15.754269169646));
#496 = CARTESIAN_POINT('',(4.117149913088,15.659866805975));
#497 = CARTESIAN_POINT('',(4.135312222542,15.477773826155));
#498 = CARTESIAN_POINT('',(4.145811537608,15.389953956717));
#499 = CARTESIAN_POINT('',(4.157852080749,15.303719311686));
#500 = CARTESIAN_POINT('',(4.171376491364,15.219265927367));
#501 = CARTESIAN_POINT('',(4.186328848408,15.136820211845));
#502 = CARTESIAN_POINT('',(4.219164940806,14.975569599473));
#503 = CARTESIAN_POINT('',(4.237085303715,14.89678650684));
#504 = CARTESIAN_POINT('',(4.256384951349,14.820460960266));
#505 = CARTESIAN_POINT('',(4.2770454027,14.746820280979));
#506 = CARTESIAN_POINT('',(4.299059603559,14.676168380971));
#507 = CARTESIAN_POINT('',(4.344720216718,14.544747398583));
#508 = CARTESIAN_POINT('',(4.368262753148,14.483619036279));
#509 = CARTESIAN_POINT('',(4.393050168865,14.425914732398));
#510 = CARTESIAN_POINT('',(4.419074189753,14.372105645277));
#511 = CARTESIAN_POINT('',(4.44632766488,14.322742941817));
#512 = CARTESIAN_POINT('',(4.511433534888,14.221512869697));
#513 = CARTESIAN_POINT('',(4.550375838269,14.172521496953));
#514 = CARTESIAN_POINT('',(4.5911203636,14.133971421914));
#515 = CARTESIAN_POINT('',(4.633149257605,14.10753800757));
#516 = CARTESIAN_POINT('',(4.675964724991,14.094213748315));
#517 = CARTESIAN_POINT('',(4.761543676564,14.094389133867));
#518 = CARTESIAN_POINT('',(4.803722355831,14.107511363097));
#519 = CARTESIAN_POINT('',(4.845123347963,14.133294733208));
#520 = CARTESIAN_POINT('',(4.885283685873,14.170749647944));
#521 = CARTESIAN_POINT('',(4.923721231249,14.218274527844));
#522 = CARTESIAN_POINT('',(4.987447017376,14.315481367002));
#523 = CARTESIAN_POINT('',(5.013824955963,14.36211215491));
#524 = CARTESIAN_POINT('',(5.039084621977,14.412873204564));
#525 = CARTESIAN_POINT('',(5.063219171996,14.467273243313));
#526 = CARTESIAN_POINT('',(5.086220903685,14.524890639278));
#527 = CARTESIAN_POINT('',(5.131501764626,14.650155082372));
#528 = CARTESIAN_POINT('',(5.153630068212,14.718271413501));
#529 = CARTESIAN_POINT('',(5.174473971386,14.789346408651));
#530 = CARTESIAN_POINT('',(5.194026285245,14.863084152961));
#531 = CARTESIAN_POINT('',(5.212268571778,14.939263827611));
#532 = CARTESIAN_POINT('',(5.247108359728,15.100998001728));
#533 = CARTESIAN_POINT('',(5.263545004601,15.18687569145));
#534 = CARTESIAN_POINT('',(5.278419257815,15.275074532467));
#535 = CARTESIAN_POINT('',(5.291661882266,15.365338824683));
#536 = CARTESIAN_POINT('',(5.303200005247,15.457451469744));
#537 = CARTESIAN_POINT('',(5.3229032998,15.646792102645));
#538 = CARTESIAN_POINT('',(5.331002400431,15.744104891827));
#539 = CARTESIAN_POINT('',(5.337147110845,15.842704000905));
#540 = CARTESIAN_POINT('',(5.341264313777,15.942165606278));
#541 = CARTESIAN_POINT('',(5.343314814616,16.042092810459));
#542 = CARTESIAN_POINT('',(5.343270596095,16.242267661614));
#543 = CARTESIAN_POINT('',(5.3411689643,16.342366726495));
#544 = CARTESIAN_POINT('',(5.336993300473,16.4419969848));
#545 = CARTESIAN_POINT('',(5.330783349613,16.540752970087));
#546 = CARTESIAN_POINT('',(5.322614010682,16.638201070971));
#547 = CARTESIAN_POINT('',(5.302830857154,16.827146037648));
#548 = CARTESIAN_POINT('',(5.291303720459,16.918770405873));
#549 = CARTESIAN_POINT('',(5.278089939111,17.008558920664));
#550 = CARTESIAN_POINT('',(5.263261246988,17.096297858058));
#551 = CARTESIAN_POINT('',(5.246885698778,17.181735543255));
#552 = CARTESIAN_POINT('',(5.205343097949,17.37443411384));
#553 = CARTESIAN_POINT('',(5.179040809757,17.479772543421));
#554 = CARTESIAN_POINT('',(5.150199489415,17.580191853165));
#555 = CARTESIAN_POINT('',(5.118843767901,17.675047381964));
#556 = CARTESIAN_POINT('',(5.0849654202,17.763367051663));
#557 = CARTESIAN_POINT('',(5.021961619376,17.902386773981));
#558 = CARTESIAN_POINT('',(4.993969225651,17.95693408773));
#559 = CARTESIAN_POINT('',(4.964623759072,18.006618263773));
#560 = CARTESIAN_POINT('',(4.933994576076,18.050665222553));
#561 = CARTESIAN_POINT('',(4.902152598104,18.088286890489));
#562 = CARTESIAN_POINT('',(4.828623035173,18.156010311484));
#563 = CARTESIAN_POINT('',(4.786286545847,18.182471773946));
#564 = CARTESIAN_POINT('',(4.742927694676,18.195870252233));
#565 = CARTESIAN_POINT('',(4.699291193717,18.195288061943));
#566 = CARTESIAN_POINT('',(4.65611301571,18.180935297499));
#567 = CARTESIAN_POINT('',(4.589170214645,18.138367839258));
#568 = CARTESIAN_POINT('',(4.564655936746,18.118135982795));
#569 = CARTESIAN_POINT('',(4.540679149813,18.093829766737));
#570 = CARTESIAN_POINT('',(4.517310895726,18.065764248829));
#571 = CARTESIAN_POINT('',(4.494622251428,18.034301753397));
#572 = CARTESIAN_POINT('',(4.444953131347,17.956315346586));
#573 = CARTESIAN_POINT('',(4.418391151189,17.907960888021));
#574 = CARTESIAN_POINT('',(4.393001842699,17.855382005879));
#575 = CARTESIAN_POINT('',(4.368791612143,17.799090625114));
#576 = CARTESIAN_POINT('',(4.34576788808,17.739525632083));
#577 = CARTESIAN_POINT('',(4.300699061065,17.610561022087));
#578 = CARTESIAN_POINT('',(4.278795243369,17.540725450511));
#579 = CARTESIAN_POINT('',(4.258219935168,17.467931000573));
#580 = CARTESIAN_POINT('',(4.238980867261,17.392482315545));
#581 = CARTESIAN_POINT('',(4.22109689834,17.314609002791));
#582 = CARTESIAN_POINT('',(4.188020404491,17.153964275796));
#583 = CARTESIAN_POINT('',(4.17283560352,17.071148234426));
#584 = CARTESIAN_POINT('',(4.159094519547,16.986282891776));
#585 = CARTESIAN_POINT('',(4.146853587434,16.899598584381));
#586 = CARTESIAN_POINT('',(4.136171082143,16.811294152484));
#587 = CARTESIAN_POINT('',(4.117600718803,16.627433373789));
#588 = CARTESIAN_POINT('',(4.109871880519,16.531717533375));
#589 = CARTESIAN_POINT('',(4.104011148095,16.43481701728));
#590 = CARTESIAN_POINT('',(4.100080354749,16.337122012771));
#591 = CARTESIAN_POINT('',(4.098112574479,16.2390002093));
#592 = CARTESIAN_POINT('',(4.098112652465,16.140790271417));
#593 = CARTESIAN_POINT('',(4.098112652587,16.140767708233));
#594 = CARTESIAN_POINT('',(4.098112652812,16.14074514505));
#595 = CARTESIAN_POINT('',(4.098112653142,16.140722581866));
#596 = CARTESIAN_POINT('',(4.098112653576,16.140700018683));
#597 = CARTESIAN_POINT('',(4.098112654651,16.140654892316));
#598 = CARTESIAN_POINT('',(4.098112655292,16.140632329133));
#599 = CARTESIAN_POINT('',(4.098112656037,16.140609765949));
#600 = CARTESIAN_POINT('',(4.098112656887,16.140587202766));
#601 = CARTESIAN_POINT('',(4.09811265784,16.140564639583));
#602 = CARTESIAN_POINT('',(4.098112659954,16.140519513216));
#603 = CARTESIAN_POINT('',(4.098112661115,16.140496950033));
#604 = CARTESIAN_POINT('',(4.09811266238,16.14047438685));
#605 = CARTESIAN_POINT('',(4.098112663749,16.140451823667));
#606 = CARTESIAN_POINT('',(4.098112665221,16.140429260483));
#607 = CARTESIAN_POINT('',(4.098112668375,16.140384134117));
#608 = CARTESIAN_POINT('',(4.098112670055,16.140361570934));
#609 = CARTESIAN_POINT('',(4.09811267184,16.140339007752));
#610 = CARTESIAN_POINT('',(4.098112673728,16.140316444569));
#611 = CARTESIAN_POINT('',(4.098112675721,16.140293881386));
#612 = CARTESIAN_POINT('',(4.098112679913,16.140248755021));
#613 = CARTESIAN_POINT('',(4.098112682113,16.140226191838));
#614 = CARTESIAN_POINT('',(4.098112684417,16.140203628655));
#615 = CARTESIAN_POINT('',(4.098112686825,16.140181065473));
#616 = CARTESIAN_POINT('',(4.098112689337,16.140158502291));
#617 = CARTESIAN_POINT('',(4.098112694569,16.140113375926));
#618 = CARTESIAN_POINT('',(4.098112697289,16.140090812744));
#619 = CARTESIAN_POINT('',(4.098112700112,16.140068249562));
#620 = CARTESIAN_POINT('',(4.09811270304,16.14004568638));
#621 = CARTESIAN_POINT('',(4.098112706072,16.140023123198));
#622 = CARTESIAN_POINT('',(4.098112712342,16.139977996835));
#623 = CARTESIAN_POINT('',(4.098112715582,16.139955433653));
#624 = CARTESIAN_POINT('',(4.098112718925,16.139932870472));
#625 = CARTESIAN_POINT('',(4.098112722372,16.139910307291));
#626 = CARTESIAN_POINT('',(4.098112725923,16.13988774411));
#627 = CARTESIAN_POINT('',(4.098112733107,16.139843395788));
#628 = CARTESIAN_POINT('',(4.098112736733,16.139821610648));
#629 = CARTESIAN_POINT('',(4.098112740456,16.139799825508));
#630 = CARTESIAN_POINT('',(4.098112744275,16.139778040368));
#631 = CARTESIAN_POINT('',(4.098112748192,16.139756255228));
#632 = CARTESIAN_POINT('',(4.098112755645,16.139715797112));
#633 = CARTESIAN_POINT('',(4.098112759156,16.139697124135));
#634 = CARTESIAN_POINT('',(4.098112762739,16.139678451158));
#635 = CARTESIAN_POINT('',(4.098112766392,16.139659778182));
#636 = CARTESIAN_POINT('',(4.098112770117,16.139641105206));
#637 = CARTESIAN_POINT('',(4.098112773913,16.139622432229));
#638 = ( GEOMETRIC_REPRESENTATION_CONTEXT(2) 
PARAMETRIC_REPRESENTATION_CONTEXT() REPRESENTATION_CONTEXT('2D SPACE',''
  ) );
#639 = PCURVE('',#640,#645);
#640 = CYLINDRICAL_SURFACE('',#641,2.046515786974);
#641 = AXIS2_PLACEMENT_3D('',#642,#643,#644);
#642 = CARTESIAN_POINT('',(-9.490306126391,1.47457052032E-02,
    2.870235760517));
#643 = DIRECTION('',(-2.229415257545E-04,-2.264051747209E-03,
    -0.99999741218));
#644 = DIRECTION('',(-1.058791184068E-22,-0.999997437031,
    2.264051803474E-03));
#645 = DEFINITIONAL_REPRESENTATION('',(#646),#794);
#646 = B_SPLINE_CURVE_WITH_KNOTS('',6,(#647,#648,#649,#650,#651,#652,
    #653,#654,#655,#656,#657,#658,#659,#660,#661,#662,#663,#664,#665,
    #666,#667,#668,#669,#670,#671,#672,#673,#674,#675,#676,#677,#678,
    #679,#680,#681,#682,#683,#684,#685,#686,#687,#688,#689,#690,#691,
    #692,#693,#694,#695,#696,#697,#698,#699,#700,#701,#702,#703,#704,
    #705,#706,#707,#708,#709,#710,#711,#712,#713,#714,#715,#716,#717,
    #718,#719,#720,#721,#722,#723,#724,#725,#726,#727,#728,#729,#730,
    #731,#732,#733,#734,#735,#736,#737,#738,#739,#740,#741,#742,#743,
    #744,#745,#746,#747,#748,#749,#750,#751,#752,#753,#754,#755,#756,
    #757,#758,#759,#760,#761,#762,#763,#764,#765,#766,#767,#768,#769,
    #770,#771,#772,#773,#774,#775,#776,#777,#778,#779,#780,#781,#782,
    #783,#784,#785,#786,#787,#788,#789,#790,#791,#792,#793),
  .UNSPECIFIED.,.F.,.F.,(7,5,5,5,5,5,5,5,5,5,5,5,5,5,5,5,5,5,5,5,5,5,5,5
    ,5,5,5,5,5,7),(0.,4.943084648848E-02,9.693595081446E-02,
    0.144969218997,0.190784132091,0.249705661602,0.307794954185,
    0.351869845292,0.399082540467,0.449174407361,0.500217223366,
    0.551345441858,0.601201274646,0.667311469236,0.715535868413,
    0.774813416845,0.810101826085,0.854710003599,0.902192985815,
    0.94989016796,0.999898950727,0.999910442605,0.999921934483,
    0.999933426361,0.999944918239,0.999956410117,0.999967901995,
    0.999979393874,0.99999048948,1.),.UNSPECIFIED.);
#647 = CARTESIAN_POINT('',(8.881784197001E-16,5.734186706932));
#648 = CARTESIAN_POINT('',(4.729240081111E-02,5.734226377784));
#649 = CARTESIAN_POINT('',(9.455452174982E-02,5.738121370594));
#650 = CARTESIAN_POINT('',(0.141807255908,5.745861673892));
#651 = CARTESIAN_POINT('',(0.18906686075,5.757304690623));
#652 = CARTESIAN_POINT('',(0.236339609101,5.772174883291));
#653 = CARTESIAN_POINT('',(0.329034820202,5.807305675519));
#654 = CARTESIAN_POINT('',(0.374463255039,5.827335816058));
#655 = CARTESIAN_POINT('',(0.419976776391,5.849878536466));
#656 = CARTESIAN_POINT('',(0.465649189656,5.874584898001));
#657 = CARTESIAN_POINT('',(0.511548709065,5.901068530915));
#658 = CARTESIAN_POINT('',(0.604449012371,5.957073121079));
#659 = CARTESIAN_POINT('',(0.65147291519,5.986634629261));
#660 = CARTESIAN_POINT('',(0.698941381605,6.017209683188));
#661 = CARTESIAN_POINT('',(0.746979928598,6.048388326583));
#662 = CARTESIAN_POINT('',(0.795716142213,6.079727279005));
#663 = CARTESIAN_POINT('',(0.892562301349,6.140312047335));
#664 = CARTESIAN_POINT('',(0.940636422306,6.169612169365));
#665 = CARTESIAN_POINT('',(0.989597934332,6.19819214458));
#666 = CARTESIAN_POINT('',(1.039534153153,6.225560706712));
#667 = CARTESIAN_POINT('',(1.090540181875,6.251183578446));
#668 = CARTESIAN_POINT('',(1.209852716792,6.304458834592));
#669 = CARTESIAN_POINT('',(1.27946219653,6.330830774524));
#670 = CARTESIAN_POINT('',(1.350827444343,6.35180741962));
#671 = CARTESIAN_POINT('',(1.423442264557,6.365945713691));
#672 = CARTESIAN_POINT('',(1.496895682164,6.372424450436));
#673 = CARTESIAN_POINT('',(1.643653162041,6.369741283886));
#674 = CARTESIAN_POINT('',(1.715954812372,6.36081710992));
#675 = CARTESIAN_POINT('',(1.787354666111,6.344526692077));
#676 = CARTESIAN_POINT('',(1.857480856136,6.321690738933));
#677 = CARTESIAN_POINT('',(1.925871948328,6.293695003797));
#678 = CARTESIAN_POINT('',(2.041930341595,6.23839845608));
#679 = CARTESIAN_POINT('',(2.090898177739,6.212425282266));
#680 = CARTESIAN_POINT('',(2.138867742416,6.184839188738));
#681 = CARTESIAN_POINT('',(2.185925041761,6.156112863547));
#682 = CARTESIAN_POINT('',(2.232149417393,6.126683283094));
#683 = CARTESIAN_POINT('',(2.326335605422,6.065095688084));
#684 = CARTESIAN_POINT('',(2.374222431171,6.032869371328));
#685 = CARTESIAN_POINT('',(2.421421726974,6.000731329965));
#686 = CARTESIAN_POINT('',(2.468054466298,5.969106905888));
#687 = CARTESIAN_POINT('',(2.514239674059,5.938392206391));
#688 = CARTESIAN_POINT('',(2.608775495432,5.87773675308));
#689 = CARTESIAN_POINT('',(2.657106432757,5.847944607329));
#690 = CARTESIAN_POINT('',(2.705184152408,5.82008253662));
#691 = CARTESIAN_POINT('',(2.753092244187,5.794621239201));
#692 = CARTESIAN_POINT('',(2.800921248686,5.771991754641));
#693 = CARTESIAN_POINT('',(2.897535994945,5.73278403402));
#694 = CARTESIAN_POINT('',(2.946333327903,5.716324500903));
#695 = CARTESIAN_POINT('',(2.995135125759,5.70365324906));
#696 = CARTESIAN_POINT('',(3.04394215056,5.695102626678));
#697 = CARTESIAN_POINT('',(3.092768313628,5.690844398574));
#698 = CARTESIAN_POINT('',(3.190580845311,5.690936226001));
#699 = CARTESIAN_POINT('',(3.239494577992,5.695300634687));
#700 = CARTESIAN_POINT('',(3.288392220366,5.703971496796));
#701 = CARTESIAN_POINT('',(3.337284811022,5.716774123227));
#702 = CARTESIAN_POINT('',(3.386169416922,5.733369964919));
#703 = CARTESIAN_POINT('',(3.482633676019,5.772715935542));
#704 = CARTESIAN_POINT('',(3.530235815965,5.795310898918));
#705 = CARTESIAN_POINT('',(3.577917595545,5.820701922428));
#706 = CARTESIAN_POINT('',(3.625768523411,5.848463727575));
#707 = CARTESIAN_POINT('',(3.673871365397,5.878132381767));
#708 = CARTESIAN_POINT('',(3.786535842792,5.950438675171));
#709 = CARTESIAN_POINT('',(3.851376311892,5.994167553014));
#710 = CARTESIAN_POINT('',(3.917185838164,6.039371569995));
#711 = CARTESIAN_POINT('',(3.984310531155,6.084964413919));
#712 = CARTESIAN_POINT('',(4.053094158883,6.129710771638));
#713 = CARTESIAN_POINT('',(4.175577510874,6.203120731862));
#714 = CARTESIAN_POINT('',(4.228441345516,6.232931108173));
#715 = CARTESIAN_POINT('',(4.282494435777,6.260911713151));
#716 = CARTESIAN_POINT('',(4.337746901935,6.286361657379));
#717 = CARTESIAN_POINT('',(4.394235638209,6.308584918007));
#718 = CARTESIAN_POINT('',(4.523066054455,6.349455359456));
#719 = CARTESIAN_POINT('',(4.596187834955,6.366151560672));
#720 = CARTESIAN_POINT('',(4.670398166461,6.375380379594));
#721 = CARTESIAN_POINT('',(4.744928785824,6.376314522213));
#722 = CARTESIAN_POINT('',(4.819041928362,6.369174682876));
#723 = CARTESIAN_POINT('',(4.935194463251,6.346660419725));
#724 = CARTESIAN_POINT('',(4.97801457676,6.335799749737));
#725 = CARTESIAN_POINT('',(5.020275011404,6.322696161763));
#726 = CARTESIAN_POINT('',(5.061930995954,6.307613707917));
#727 = CARTESIAN_POINT('',(5.102924254761,6.290853567577));
#728 = CARTESIAN_POINT('',(5.194063277695,6.249850308973));
#729 = CARTESIAN_POINT('',(5.243822867222,6.224774693782));
#730 = CARTESIAN_POINT('',(5.292563857093,6.198048535349));
#731 = CARTESIAN_POINT('',(5.340375122813,6.170168380257));
#732 = CARTESIAN_POINT('',(5.387338533143,6.141591503115));
#733 = CARTESIAN_POINT('',(5.482718905751,6.082012747824));
#734 = CARTESIAN_POINT('',(5.531071161139,6.050950437104));
#735 = CARTESIAN_POINT('',(5.578734683638,6.020020171624));
#736 = CARTESIAN_POINT('',(5.625830607903,5.989657201521));
#737 = CARTESIAN_POINT('',(5.672477956706,5.960264224728));
#738 = CARTESIAN_POINT('',(5.765347712435,5.904046518218));
#739 = CARTESIAN_POINT('',(5.81158092105,5.877225691899));
#740 = CARTESIAN_POINT('',(5.857577587819,5.852178486977));
#741 = CARTESIAN_POINT('',(5.903408422189,5.829300037002));
#742 = CARTESIAN_POINT('',(5.949149635394,5.808947803763));
#743 = CARTESIAN_POINT('',(6.042841722766,5.773065482233));
#744 = CARTESIAN_POINT('',(6.090800125452,5.757813905559));
#745 = CARTESIAN_POINT('',(6.138743955979,5.746079915393));
#746 = CARTESIAN_POINT('',(6.186680049802,5.73815406077));
#747 = CARTESIAN_POINT('',(6.234625810219,5.734186304803));
#748 = CARTESIAN_POINT('',(6.282614659612,5.734186462049));
#749 = CARTESIAN_POINT('',(6.282625684782,5.734186462295));
#750 = CARTESIAN_POINT('',(6.282636709951,5.73418646275));
#751 = CARTESIAN_POINT('',(6.282647735121,5.734186463415));
#752 = CARTESIAN_POINT('',(6.28265876029,5.734186464289));
#753 = CARTESIAN_POINT('',(6.282680810629,5.734186466457));
#754 = CARTESIAN_POINT('',(6.282691835799,5.73418646775));
#755 = CARTESIAN_POINT('',(6.282702860968,5.734186469253));
#756 = CARTESIAN_POINT('',(6.282713886138,5.734186470965));
#757 = CARTESIAN_POINT('',(6.282724911307,5.734186472887));
#758 = CARTESIAN_POINT('',(6.282746961646,5.73418647715));
#759 = CARTESIAN_POINT('',(6.282757986816,5.734186479491));
#760 = CARTESIAN_POINT('',(6.282769011986,5.734186482042));
#761 = CARTESIAN_POINT('',(6.282780037155,5.734186484802));
#762 = CARTESIAN_POINT('',(6.282791062325,5.734186487772));
#763 = CARTESIAN_POINT('',(6.282813112664,5.73418649413));
#764 = CARTESIAN_POINT('',(6.282824137833,5.734186497518));
#765 = CARTESIAN_POINT('',(6.282835163003,5.734186501117));
#766 = CARTESIAN_POINT('',(6.282846188172,5.734186504924));
#767 = CARTESIAN_POINT('',(6.282857213342,5.734186508942));
#768 = CARTESIAN_POINT('',(6.282879263681,5.734186517395));
#769 = CARTESIAN_POINT('',(6.28289028885,5.734186521832));
#770 = CARTESIAN_POINT('',(6.28290131402,5.734186526477));
#771 = CARTESIAN_POINT('',(6.282912339189,5.734186531333));
#772 = CARTESIAN_POINT('',(6.282923364359,5.734186536398));
#773 = CARTESIAN_POINT('',(6.282945414698,5.734186546947));
#774 = CARTESIAN_POINT('',(6.282956439867,5.734186552431));
#775 = CARTESIAN_POINT('',(6.282967465037,5.734186558124));
#776 = CARTESIAN_POINT('',(6.282978490206,5.734186564027));
#777 = CARTESIAN_POINT('',(6.282989515376,5.73418657014));
#778 = CARTESIAN_POINT('',(6.283011565715,5.734186582784));
#779 = CARTESIAN_POINT('',(6.283022590885,5.734186589316));
#780 = CARTESIAN_POINT('',(6.283033616054,5.734186596057));
#781 = CARTESIAN_POINT('',(6.283044641224,5.734186603008));
#782 = CARTESIAN_POINT('',(6.283055666393,5.734186610168));
#783 = CARTESIAN_POINT('',(6.283077336554,5.734186624653));
#784 = CARTESIAN_POINT('',(6.283087981545,5.734186631964));
#785 = CARTESIAN_POINT('',(6.283098626536,5.734186639471));
#786 = CARTESIAN_POINT('',(6.283109271528,5.734186647172));
#787 = CARTESIAN_POINT('',(6.283119916519,5.734186655069));
#788 = CARTESIAN_POINT('',(6.283139685788,5.734186670098));
#789 = CARTESIAN_POINT('',(6.283148810067,5.734186677178));
#790 = CARTESIAN_POINT('',(6.283157934345,5.734186684401));
#791 = CARTESIAN_POINT('',(6.283167058623,5.734186691768));
#792 = CARTESIAN_POINT('',(6.283176182901,5.734186699278));
#793 = CARTESIAN_POINT('',(6.28318530718,5.734186706932));
#794 = ( GEOMETRIC_REPRESENTATION_CONTEXT(2) 
PARAMETRIC_REPRESENTATION_CONTEXT() REPRESENTATION_CONTEXT('2D SPACE',''
  ) );
#795 = FACE_BOUND('',#796,.T.);
#796 = EDGE_LOOP('',(#797,#831,#863,#895));
#797 = ORIENTED_EDGE('',*,*,#798,.T.);
#798 = EDGE_CURVE('',#799,#801,#803,.T.);
#799 = VERTEX_POINT('',#800);
#800 = CARTESIAN_POINT('',(17.159864947065,-2.449490127806,
    2.522463875047));
#801 = VERTEX_POINT('',#802);
#802 = CARTESIAN_POINT('',(4.499783185297,-2.4494901265,2.532444263764)
  );
#803 = SURFACE_CURVE('',#804,(#809,#819),.PCURVE_S1.);
#804 = ELLIPSE('',#805,6.015390350137E+03,3.509664792431);
#805 = AXIS2_PLACEMENT_3D('',#806,#807,#808);
#806 = CARTESIAN_POINT('',(-4.170274552254E+03,-2.449490334619,
    0.94187293641));
#807 = DIRECTION('',(0.,-1.,1.308457095068E-07));
#808 = DIRECTION('',(0.999999974853,-2.934384870462E-11,
    -2.242629797738E-04));
#809 = PCURVE('',#130,#810);
#810 = DEFINITIONAL_REPRESENTATION('',(#811),#818);
#811 = B_SPLINE_CURVE_WITH_KNOTS('',5,(#812,#813,#814,#815,#816,#817),
  .UNSPECIFIED.,.F.,.F.,(6,6),(0.800524201186,0.804037117416),
  .PIECEWISE_BEZIER_KNOTS.);
#812 = CARTESIAN_POINT('',(2.341068452404,44.055885685321));
#813 = CARTESIAN_POINT('',(2.340365869158,41.02257210957));
#814 = CARTESIAN_POINT('',(2.339663285912,37.986673984658));
#815 = CARTESIAN_POINT('',(2.338960702666,34.948194429992));
#816 = CARTESIAN_POINT('',(2.33825811942,31.907136570289));
#817 = CARTESIAN_POINT('',(2.337555536174,28.863503535568));
#818 = ( GEOMETRIC_REPRESENTATION_CONTEXT(2) 
PARAMETRIC_REPRESENTATION_CONTEXT() REPRESENTATION_CONTEXT('2D SPACE',''
  ) );
#819 = PCURVE('',#820,#825);
#820 = PLANE('',#821);
#821 = AXIS2_PLACEMENT_3D('',#822,#823,#824);
#822 = CARTESIAN_POINT('',(4.500011175862,-2.449489993479,3.549065728747
    ));
#823 = DIRECTION('',(0.,-1.,1.308457095068E-07));
#824 = DIRECTION('',(1.,0.,0.));
#825 = DEFINITIONAL_REPRESENTATION('',(#826),#830);
#826 = ELLIPSE('',#827,6.015390350137E+03,3.509664792431);
#827 = AXIS2_PLACEMENT_2D('',#828,#829);
#828 = CARTESIAN_POINT('',(-4.174774563429E+03,-2.607192792336));
#829 = DIRECTION('',(0.999999974853,-2.242629797738E-04));
#830 = ( GEOMETRIC_REPRESENTATION_CONTEXT(2) 
PARAMETRIC_REPRESENTATION_CONTEXT() REPRESENTATION_CONTEXT('2D SPACE',''
  ) );
#831 = ORIENTED_EDGE('',*,*,#832,.T.);
#832 = EDGE_CURVE('',#801,#833,#835,.T.);
#833 = VERTEX_POINT('',#834);
#834 = CARTESIAN_POINT('',(4.499777184465,2.449489869999,2.505686247729)
  );
#835 = SURFACE_CURVE('',#836,(#841,#851),.PCURVE_S1.);
#836 = ELLIPSE('',#837,3.509665389795,3.509664792431);
#837 = AXIS2_PLACEMENT_3D('',#838,#839,#840);
#838 = CARTESIAN_POINT('',(4.499216513353,-1.372843303703E-02,
    5.625388892568E-03));
#839 = DIRECTION('',(-0.999999974853,6.462348535571E-27,
    2.242629797738E-04));
#840 = DIRECTION('',(-2.934384793147E-11,1.,-1.30845702769E-07));
#841 = PCURVE('',#130,#842);
#842 = DEFINITIONAL_REPRESENTATION('',(#843),#850);
#843 = B_SPLINE_CURVE_WITH_KNOTS('',5,(#844,#845,#846,#847,#848,#849),
  .UNSPECIFIED.,.F.,.F.,(6,6),(3.891576054204,5.533201644874),
  .PIECEWISE_BEZIER_KNOTS.);
#844 = CARTESIAN_POINT('',(2.391609252975,30.129464916149));
#845 = CARTESIAN_POINT('',(2.063284134841,30.129923182705));
#846 = CARTESIAN_POINT('',(1.734959016708,30.130583232096));
#847 = CARTESIAN_POINT('',(1.406633898574,30.131343212737));
#848 = CARTESIAN_POINT('',(1.07830878044,30.132003262208));
#849 = CARTESIAN_POINT('',(0.749983662306,30.132461528892));
#850 = ( GEOMETRIC_REPRESENTATION_CONTEXT(2) 
PARAMETRIC_REPRESENTATION_CONTEXT() REPRESENTATION_CONTEXT('2D SPACE',''
  ) );
#851 = PCURVE('',#852,#857);
#852 = PLANE('',#853);
#853 = AXIS2_PLACEMENT_3D('',#854,#855,#856);
#854 = CARTESIAN_POINT('',(4.500011175862,2.449490006521,3.549065728747)
  );
#855 = DIRECTION('',(-0.999999974853,0.,2.242629797738E-04));
#856 = DIRECTION('',(0.,-1.,0.));
#857 = DEFINITIONAL_REPRESENTATION('',(#858),#862);
#858 = ELLIPSE('',#859,3.509665389795,3.509664792431);
#859 = AXIS2_PLACEMENT_2D('',#860,#861);
#860 = CARTESIAN_POINT('',(2.463218439558,-3.543440428961));
#861 = DIRECTION('',(-1.,-1.308457060593E-07));
#862 = ( GEOMETRIC_REPRESENTATION_CONTEXT(2) 
PARAMETRIC_REPRESENTATION_CONTEXT() REPRESENTATION_CONTEXT('2D SPACE',''
  ) );
#863 = ORIENTED_EDGE('',*,*,#864,.T.);
#864 = EDGE_CURVE('',#833,#865,#867,.T.);
#865 = VERTEX_POINT('',#866);
#866 = CARTESIAN_POINT('',(17.159862175036,2.449489870577,2.510103256695
    ));
#867 = SURFACE_CURVE('',#868,(#873,#883),.PCURVE_S1.);
#868 = ELLIPSE('',#869,6.015390350137E+03,3.509664792431);
#869 = AXIS2_PLACEMENT_3D('',#870,#871,#872);
#870 = CARTESIAN_POINT('',(4.226331107688E+03,2.449489418992,
    -0.941175557237));
#871 = DIRECTION('',(0.,1.,-1.308457095068E-07));
#872 = DIRECTION('',(0.999999974853,-2.934384870462E-11,
    -2.242629797738E-04));
#873 = PCURVE('',#130,#874);
#874 = DEFINITIONAL_REPRESENTATION('',(#875),#882);
#875 = B_SPLINE_CURVE_WITH_KNOTS('',5,(#876,#877,#878,#879,#880,#881),
  .UNSPECIFIED.,.F.,.F.,(6,6),(3.934118435083,3.937658792971),
  .PIECEWISE_BEZIER_KNOTS.);
#876 = CARTESIAN_POINT('',(0.792525781493,28.86636815706));
#877 = CARTESIAN_POINT('',(0.793233853071,31.899556867257));
#878 = CARTESIAN_POINT('',(0.793941924649,34.935392220827));
#879 = CARTESIAN_POINT('',(0.794649996226,37.973871049582));
#880 = CARTESIAN_POINT('',(0.795358067804,41.014990179769));
#881 = CARTESIAN_POINT('',(0.796066139381,44.058746432172));
#882 = ( GEOMETRIC_REPRESENTATION_CONTEXT(2) 
PARAMETRIC_REPRESENTATION_CONTEXT() REPRESENTATION_CONTEXT('2D SPACE',''
  ) );
#883 = PCURVE('',#884,#889);
#884 = PLANE('',#885);
#885 = AXIS2_PLACEMENT_3D('',#886,#887,#888);
#886 = CARTESIAN_POINT('',(17.160095175862,2.449490006521,3.549065728747
    ));
#887 = DIRECTION('',(0.,1.,-1.308457095068E-07));
#888 = DIRECTION('',(-1.,0.,0.));
#889 = DEFINITIONAL_REPRESENTATION('',(#890),#894);
#890 = ELLIPSE('',#891,6.015390350137E+03,3.509664792431);
#891 = AXIS2_PLACEMENT_2D('',#892,#893);
#892 = CARTESIAN_POINT('',(-4.209171012512E+03,-4.490241285984));
#893 = DIRECTION('',(-0.999999974853,-2.242629797738E-04));
#894 = ( GEOMETRIC_REPRESENTATION_CONTEXT(2) 
PARAMETRIC_REPRESENTATION_CONTEXT() REPRESENTATION_CONTEXT('2D SPACE',''
  ) );
#895 = ORIENTED_EDGE('',*,*,#896,.T.);
#896 = EDGE_CURVE('',#865,#799,#897,.T.);
#897 = SURFACE_CURVE('',#898,(#903,#913),.PCURVE_S1.);
#898 = ELLIPSE('',#899,3.509665389795,3.509664792431);
#899 = AXIS2_PLACEMENT_3D('',#900,#901,#902);
#900 = CARTESIAN_POINT('',(17.159299876628,-6.341937280581E-03,
    2.786199835448E-03));
#901 = DIRECTION('',(0.999999974853,-6.462348535571E-27,
    -2.242629797738E-04));
#902 = DIRECTION('',(-2.934384793147E-11,1.,-1.30845702769E-07));
#903 = PCURVE('',#130,#904);
#904 = DEFINITIONAL_REPRESENTATION('',(#905),#912);
#905 = B_SPLINE_CURVE_WITH_KNOTS('',5,(#906,#907,#908,#909,#910,#911),
  .UNSPECIFIED.,.F.,.F.,(6,6),(0.751089826209,2.390503089073),
  .PIECEWISE_BEZIER_KNOTS.);
#906 = CARTESIAN_POINT('',(0.751089826209,42.792545820479));
#907 = CARTESIAN_POINT('',(1.078972478781,42.792087628231));
#908 = CARTESIAN_POINT('',(1.406855131354,42.791428403577));
#909 = CARTESIAN_POINT('',(1.734737783927,42.790669714164));
#910 = CARTESIAN_POINT('',(2.0626204365,42.79001048959));
#911 = CARTESIAN_POINT('',(2.390503089073,42.78955229747));
#912 = ( GEOMETRIC_REPRESENTATION_CONTEXT(2) 
PARAMETRIC_REPRESENTATION_CONTEXT() REPRESENTATION_CONTEXT('2D SPACE',''
  ) );
#913 = PCURVE('',#914,#919);
#914 = PLANE('',#915);
#915 = AXIS2_PLACEMENT_3D('',#916,#917,#918);
#916 = CARTESIAN_POINT('',(17.160095175862,-2.449489993479,
    3.549065728747));
#917 = DIRECTION('',(0.999999974853,0.,-2.242629797738E-04));
#918 = DIRECTION('',(0.,1.,0.));
#919 = DEFINITIONAL_REPRESENTATION('',(#920),#924);
#920 = ELLIPSE('',#921,3.509665389795,3.509664792431);
#921 = AXIS2_PLACEMENT_2D('',#922,#923);
#922 = CARTESIAN_POINT('',(2.443148056199,-3.546279618089));
#923 = DIRECTION('',(1.,-1.308457060593E-07));
#924 = ( GEOMETRIC_REPRESENTATION_CONTEXT(2) 
PARAMETRIC_REPRESENTATION_CONTEXT() REPRESENTATION_CONTEXT('2D SPACE',''
  ) );
#925 = FACE_BOUND('',#926,.T.);
#926 = EDGE_LOOP('',(#927));
#927 = ORIENTED_EDGE('',*,*,#928,.F.);
#928 = EDGE_CURVE('',#929,#929,#931,.T.);
#929 = VERTEX_POINT('',#930);
#930 = CARTESIAN_POINT('',(9.499686200739,-2.050866949537,
    -2.851352935925));
#931 = SURFACE_CURVE('',#932,(#1080,#1231),.PCURVE_S1.);
#932 = B_SPLINE_CURVE_WITH_KNOTS('',6,(#933,#934,#935,#936,#937,#938,
    #939,#940,#941,#942,#943,#944,#945,#946,#947,#948,#949,#950,#951,
    #952,#953,#954,#955,#956,#957,#958,#959,#960,#961,#962,#963,#964,
    #965,#966,#967,#968,#969,#970,#971,#972,#973,#974,#975,#976,#977,
    #978,#979,#980,#981,#982,#983,#984,#985,#986,#987,#988,#989,#990,
    #991,#992,#993,#994,#995,#996,#997,#998,#999,#1000,#1001,#1002,#1003
    ,#1004,#1005,#1006,#1007,#1008,#1009,#1010,#1011,#1012,#1013,#1014,
    #1015,#1016,#1017,#1018,#1019,#1020,#1021,#1022,#1023,#1024,#1025,
    #1026,#1027,#1028,#1029,#1030,#1031,#1032,#1033,#1034,#1035,#1036,
    #1037,#1038,#1039,#1040,#1041,#1042,#1043,#1044,#1045,#1046,#1047,
    #1048,#1049,#1050,#1051,#1052,#1053,#1054,#1055,#1056,#1057,#1058,
    #1059,#1060,#1061,#1062,#1063,#1064,#1065,#1066,#1067,#1068,#1069,
    #1070,#1071,#1072,#1073,#1074,#1075,#1076,#1077,#1078,#1079),
  .UNSPECIFIED.,.T.,.F.,(7,5,5,5,5,5,5,5,5,5,5,5,5,5,5,5,5,5,5,5,5,5,5,5
    ,5,5,5,5,5,7),(0.,4.937907474536E-02,9.891159618625E-02,
    0.147404863152,0.190818890205,0.248476709986,0.308597657447,
    0.353394368566,0.399807235474,0.449777966994,0.500079034164,
    0.549396074547,0.599006122937,0.665935194719,0.713936778729,
    0.775363690498,0.810259655723,0.854601579389,0.901150009232,
    0.950826513665,0.999899062273,0.999910145631,0.999921228989,
    0.999932708182,0.999944187374,0.999955666567,0.999967145759,
    0.999978624952,0.999990104144,1.),.UNSPECIFIED.);
#933 = CARTESIAN_POINT('',(9.499686200739,-2.050866949537,
    -2.851352935925));
#934 = CARTESIAN_POINT('',(9.402638727638,-2.050866935731,
    -2.851371629124));
#935 = CARTESIAN_POINT('',(9.305636836352,-2.045356016709,
    -2.855326975955));
#936 = CARTESIAN_POINT('',(9.209042171256,-2.034343999428,-2.86321116609
    ));
#937 = CARTESIAN_POINT('',(9.113222847653,-2.017867171505,
    -2.874876985762));
#938 = CARTESIAN_POINT('',(9.018569650857,-1.995992038214,
    -2.890036788274));
#939 = CARTESIAN_POINT('',(8.832160166186,-1.941635639756,
    -2.926599790024));
#940 = CARTESIAN_POINT('',(8.74038192255,-1.90911252483,-2.948028473042)
  );
#941 = CARTESIAN_POINT('',(8.65035825314,-1.871345373165,-2.972224256843
    ));
#942 = CARTESIAN_POINT('',(8.562307104466,-1.828364909392,
    -2.998780439884));
#943 = CARTESIAN_POINT('',(8.47648304464,-1.780187671835,-3.027248206325
    ));
#944 = CARTESIAN_POINT('',(8.31162361125,-1.674591478052,-3.086423413067
    ));
#945 = CARTESIAN_POINT('',(8.232448459867,-1.617364974769,
    -3.117083939139));
#946 = CARTESIAN_POINT('',(8.155827874894,-1.5550895345,-3.148722117979)
  );
#947 = CARTESIAN_POINT('',(8.081998538417,-1.487662367844,
    -3.180910371707));
#948 = CARTESIAN_POINT('',(8.011280239831,-1.41495792414,-3.213186314278
    ));
#949 = CARTESIAN_POINT('',(7.883949110839,-1.266917780306,
    -3.273550789969));
#950 = CARTESIAN_POINT('',(7.826590989302,-1.192604907068,-3.3017443986)
  );
#951 = CARTESIAN_POINT('',(7.772367904274,-1.113842473798,
    -3.329232399935));
#952 = CARTESIAN_POINT('',(7.721688308667,-1.030587883087,
    -3.355591662604));
#953 = CARTESIAN_POINT('',(7.675026128332,-0.942827556253,
    -3.380364450666));
#954 = CARTESIAN_POINT('',(7.577008133341,-0.728072575594,
    -3.433206331131));
#955 = CARTESIAN_POINT('',(7.528729625519,-0.596762320618,
    -3.459909396188));
#956 = CARTESIAN_POINT('',(7.490379129972,-0.45822953416,-3.481495653611
    ));
#957 = CARTESIAN_POINT('',(7.463540453119,-0.314331145062,
    -3.496603006186));
#958 = CARTESIAN_POINT('',(7.449199400572,-0.167096514666,
    -3.504415196254));
#959 = CARTESIAN_POINT('',(7.446223736776,0.136204145695,-3.504985761552
    ));
#960 = CARTESIAN_POINT('',(7.458735522847,0.290132495029,-3.497082523005
    ));
#961 = CARTESIAN_POINT('',(7.484953197077,0.440752944861,-3.48116368528)
  );
#962 = CARTESIAN_POINT('',(7.523819608901,0.585710579144,-3.458108371902
    ));
#963 = CARTESIAN_POINT('',(7.573553792385,0.722850735651,-3.429467978747
    ));
#964 = CARTESIAN_POINT('',(7.674699743422,0.945353356671,-3.373112989005
    ));
#965 = CARTESIAN_POINT('',(7.722720808923,1.035594140652,-3.346873473433
    ));
#966 = CARTESIAN_POINT('',(7.774984593348,1.121057531109,-3.318989192324
    ));
#967 = CARTESIAN_POINT('',(7.830978106184,1.201765387426,-3.289957097561
    ));
#968 = CARTESIAN_POINT('',(7.890263922092,1.277770938184,-3.260234770503
    ));
#969 = CARTESIAN_POINT('',(8.016933951608,1.423108512791,-3.199156880972
    ));
#970 = CARTESIAN_POINT('',(8.084578108185,1.492152648595,-3.167759464901
    ));
#971 = CARTESIAN_POINT('',(8.155059245379,1.556406981128,-3.136483642915
    ));
#972 = CARTESIAN_POINT('',(8.228098195173,1.61597609898,-3.105733737675)
  );
#973 = CARTESIAN_POINT('',(8.303485054334,1.670944424363,-3.075886406529
    ));
#974 = CARTESIAN_POINT('',(8.464618350811,1.775669213948,-3.016517254804
    ));
#975 = CARTESIAN_POINT('',(8.550751207068,1.824725574189,-2.987182980175
    ));
#976 = CARTESIAN_POINT('',(8.639178618021,1.868527237572,-2.959787703421
    ));
#977 = CARTESIAN_POINT('',(8.729643336378,1.907057300528,-2.93479633027)
  );
#978 = CARTESIAN_POINT('',(8.821926243256,1.940283331258,-2.912632472752
    ));
#979 = CARTESIAN_POINT('',(9.010382757859,1.996186770617,-2.874572506743
    ));
#980 = CARTESIAN_POINT('',(9.106592678605,2.018797138594,-2.858715848686
    ));
#981 = CARTESIAN_POINT('',(9.204030590216,2.035830417128,-2.846525186071
    ));
#982 = CARTESIAN_POINT('',(9.302292163527,2.047216814968,-2.838310478217
    ));
#983 = CARTESIAN_POINT('',(9.40099777402,2.052915762147,-2.834231527015)
  );
#984 = CARTESIAN_POINT('',(9.596619780001,2.052907699144,-2.834364232125
    ));
#985 = CARTESIAN_POINT('',(9.693414434989,2.047421635372,-2.838415189813
    ));
#986 = CARTESIAN_POINT('',(9.789796194443,2.036463819163,-2.846442879505
    ));
#987 = CARTESIAN_POINT('',(9.885395944409,2.020071936206,-2.85829746619)
  );
#988 = CARTESIAN_POINT('',(9.979821689376,1.998314709016,-2.873686940449
    ));
#989 = CARTESIAN_POINT('',(10.166019844207,1.944192060693,
    -2.910833162765));
#990 = CARTESIAN_POINT('',(10.257806386669,1.911754909515,
    -2.932633808072));
#991 = CARTESIAN_POINT('',(10.347823153656,1.874083906773,
    -2.957248591222));
#992 = CARTESIAN_POINT('',(10.435854192976,1.831212359544,
    -2.984264612552));
#993 = CARTESIAN_POINT('',(10.521646943458,1.783159401371,
    -3.013227686195));
#994 = CARTESIAN_POINT('',(10.717240647662,1.658151722893,
    -3.084705919108));
#995 = CARTESIAN_POINT('',(10.82500798875,1.576937252291,-3.128437354284
    ));
#996 = CARTESIAN_POINT('',(10.927801857334,1.486135238562,
    -3.173781593998));
#997 = CARTESIAN_POINT('',(11.024965048607,1.38541988626,-3.219613463868
    ));
#998 = CARTESIAN_POINT('',(11.115500822022,1.274407796519,
    -3.264652136968));
#999 = CARTESIAN_POINT('',(11.25711015063,1.065559299433,-3.338035488667
    ));
#1000 = CARTESIAN_POINT('',(11.312233948755,0.97268195943,
    -3.367567206391));
#1001 = CARTESIAN_POINT('',(11.362583718289,0.874268115519,
    -3.395317644257));
#1002 = CARTESIAN_POINT('',(11.407400884433,0.770506065805,
    -3.42059607136));
#1003 = CARTESIAN_POINT('',(11.445908432068,0.661663209707,
    -3.442712148286));
#1004 = CARTESIAN_POINT('',(11.517465234752,0.402753575746,
    -3.484409796546));
#1005 = CARTESIAN_POINT('',(11.546064527654,0.249349091091,
    -3.501604420594));
#1006 = CARTESIAN_POINT('',(11.5605973883,9.108840766184E-02,
    -3.510735041857));
#1007 = CARTESIAN_POINT('',(11.560031946171,-6.852042431922E-02,
    -3.510863240011));
#1008 = CARTESIAN_POINT('',(11.544633604212,-0.225912576851,
    -3.502271853288));
#1009 = CARTESIAN_POINT('',(11.499877584559,-0.463959018094,
    -3.477160388872));
#1010 = CARTESIAN_POINT('',(11.479440624231,-0.548294679423,
    -3.465678260613));
#1011 = CARTESIAN_POINT('',(11.455052822975,-0.630419777388,
    -3.452027581791));
#1012 = CARTESIAN_POINT('',(11.427022729267,-0.710052377356,
    -3.436467548033));
#1013 = CARTESIAN_POINT('',(11.395700361629,-0.786937131613,
    -3.41929058841));
#1014 = CARTESIAN_POINT('',(11.318001068352,-0.954764195409,
    -3.377332753023));
#1015 = CARTESIAN_POINT('',(11.269798600977,-1.043977736464,
    -3.351727239655));
#1016 = CARTESIAN_POINT('',(11.217449349527,-1.128475513743,
    -3.324517085532));
#1017 = CARTESIAN_POINT('',(11.161451363711,-1.208281096218,
    -3.296187558297));
#1018 = CARTESIAN_POINT('',(11.102229138835,-1.283447792701,
    -3.267185048037));
#1019 = CARTESIAN_POINT('',(10.974954626797,-1.428170359421,
    -3.207186344457));
#1020 = CARTESIAN_POINT('',(10.90656615057,-1.497310557783,
    -3.176142329309));
#1021 = CARTESIAN_POINT('',(10.835326438561,-1.561595712778,
    -3.145228684442));
#1022 = CARTESIAN_POINT('',(10.761519199093,-1.621130276438,
    -3.114856341053));
#1023 = CARTESIAN_POINT('',(10.685358265092,-1.675998143114,
    -3.085407256832));
#1024 = CARTESIAN_POINT('',(10.523353493959,-1.779900230454,
    -3.027182503242));
#1025 = CARTESIAN_POINT('',(10.437168810761,-1.82831599318,
    -2.99857300762));
#1026 = CARTESIAN_POINT('',(10.348732696097,-1.871489948724,
    -2.971897774631));
#1027 = CARTESIAN_POINT('',(10.258303416533,-1.909404461393,
    -2.947611867878));
#1028 = CARTESIAN_POINT('',(10.166102043033,-1.942027730693,
    -2.926127149706));
#1029 = CARTESIAN_POINT('',(9.979667471484,-1.996239819528,
    -2.889693708317));
#1030 = CARTESIAN_POINT('',(9.885466425188,-2.017959596238,
    -2.874667501128));
#1031 = CARTESIAN_POINT('',(9.790120947323,-2.034332012309,
    -2.863108620004));
#1032 = CARTESIAN_POINT('',(9.694006299783,-2.045294407909,
    -2.85529621926));
#1033 = CARTESIAN_POINT('',(9.597476222005,-2.050810463613,
    -2.851374459845));
#1034 = CARTESIAN_POINT('',(9.500856541283,-2.050866615879,
    -2.851352948959));
#1035 = CARTESIAN_POINT('',(9.50083472402,-2.05086662828,-2.851352944301
    ));
#1036 = CARTESIAN_POINT('',(9.500812906756,-2.050866640403,
    -2.851352939842));
#1037 = CARTESIAN_POINT('',(9.500791089491,-2.050866652246,
    -2.851352935581));
#1038 = CARTESIAN_POINT('',(9.500769272227,-2.050866663812,
    -2.85135293152));
#1039 = CARTESIAN_POINT('',(9.500725637698,-2.050866686386,
    -2.851352923795));
#1040 = CARTESIAN_POINT('',(9.500703820433,-2.050866697394,
    -2.851352920131));
#1041 = CARTESIAN_POINT('',(9.500682003168,-2.050866708124,
    -2.851352916667));
#1042 = CARTESIAN_POINT('',(9.500660185903,-2.050866718575,
    -2.851352913401));
#1043 = CARTESIAN_POINT('',(9.500638368638,-2.050866728748,
    -2.851352910335));
#1044 = CARTESIAN_POINT('',(9.500593954919,-2.05086674889,
    -2.851352904497));
#1045 = CARTESIAN_POINT('',(9.500571358465,-2.050866758839,
    -2.85135290174));
#1046 = CARTESIAN_POINT('',(9.500548762011,-2.050866768489,
    -2.851352899197));
#1047 = CARTESIAN_POINT('',(9.500526165557,-2.05086677784,
    -2.851352896867));
#1048 = CARTESIAN_POINT('',(9.500503569103,-2.050866786893,
    -2.851352894751));
#1049 = CARTESIAN_POINT('',(9.500458376194,-2.050866804401,
    -2.851352890945));
#1050 = CARTESIAN_POINT('',(9.500435779739,-2.050866812856,
    -2.851352889255));
#1051 = CARTESIAN_POINT('',(9.500413183285,-2.050866821012,
    -2.851352887779));
#1052 = CARTESIAN_POINT('',(9.50039058683,-2.050866828869,
    -2.851352886516));
#1053 = CARTESIAN_POINT('',(9.500367990375,-2.050866836428,
    -2.851352885467));
#1054 = CARTESIAN_POINT('',(9.500322797464,-2.050866850948,
    -2.851352883795));
#1055 = CARTESIAN_POINT('',(9.500300201009,-2.050866857909,
    -2.851352883173));
#1056 = CARTESIAN_POINT('',(9.500277604554,-2.050866864572,
    -2.851352882764));
#1057 = CARTESIAN_POINT('',(9.500255008098,-2.050866870935,
    -2.851352882568));
#1058 = CARTESIAN_POINT('',(9.500232411642,-2.050866877,-2.851352882586)
  );
#1059 = CARTESIAN_POINT('',(9.50018721873,-2.050866888533,
    -2.851352883048));
#1060 = CARTESIAN_POINT('',(9.500164622275,-2.050866894,-2.851352883493)
  );
#1061 = CARTESIAN_POINT('',(9.500142025818,-2.050866899169,
    -2.851352884151));
#1062 = CARTESIAN_POINT('',(9.500119429362,-2.050866904038,
    -2.851352885022));
#1063 = CARTESIAN_POINT('',(9.500096832906,-2.050866908609,
    -2.851352886107));
#1064 = CARTESIAN_POINT('',(9.500051639993,-2.050866917154,
    -2.851352888704));
#1065 = CARTESIAN_POINT('',(9.500029043537,-2.050866921127,
    -2.851352890216));
#1066 = CARTESIAN_POINT('',(9.50000644708,-2.050866924802,
    -2.851352891941));
#1067 = CARTESIAN_POINT('',(9.499983850623,-2.050866928178,
    -2.85135289388));
#1068 = CARTESIAN_POINT('',(9.499961254166,-2.050866931255,
    -2.851352896032));
#1069 = CARTESIAN_POINT('',(9.499916061253,-2.050866936812,
    -2.851352900763));
#1070 = CARTESIAN_POINT('',(9.499893464796,-2.050866939292,
    -2.851352903342));
#1071 = CARTESIAN_POINT('',(9.499870868339,-2.050866941473,
    -2.851352906134));
#1072 = CARTESIAN_POINT('',(9.499848271881,-2.050866943355,
    -2.85135290914));
#1073 = CARTESIAN_POINT('',(9.499825675424,-2.050866944938,
    -2.851352912359));
#1074 = CARTESIAN_POINT('',(9.499783599262,-2.05086694733,-2.85135291875
    ));
#1075 = CARTESIAN_POINT('',(9.499764119558,-2.050866948216,
    -2.851352921868));
#1076 = CARTESIAN_POINT('',(9.499744639853,-2.050866948879,
    -2.851352925145));
#1077 = CARTESIAN_POINT('',(9.499725160149,-2.05086694932,-2.85135292858
    ));
#1078 = CARTESIAN_POINT('',(9.499705680444,-2.05086694954,
    -2.851352932173));
#1079 = CARTESIAN_POINT('',(9.499686200739,-2.050866949537,
    -2.851352935925));
#1080 = PCURVE('',#130,#1081);
#1081 = DEFINITIONAL_REPRESENTATION('',(#1082),#1230);
#1082 = B_SPLINE_CURVE_WITH_KNOTS('',6,(#1083,#1084,#1085,#1086,#1087,
    #1088,#1089,#1090,#1091,#1092,#1093,#1094,#1095,#1096,#1097,#1098,
    #1099,#1100,#1101,#1102,#1103,#1104,#1105,#1106,#1107,#1108,#1109,
    #1110,#1111,#1112,#1113,#1114,#1115,#1116,#1117,#1118,#1119,#1120,
    #1121,#1122,#1123,#1124,#1125,#1126,#1127,#1128,#1129,#1130,#1131,
    #1132,#1133,#1134,#1135,#1136,#1137,#1138,#1139,#1140,#1141,#1142,
    #1143,#1144,#1145,#1146,#1147,#1148,#1149,#1150,#1151,#1152,#1153,
    #1154,#1155,#1156,#1157,#1158,#1159,#1160,#1161,#1162,#1163,#1164,
    #1165,#1166,#1167,#1168,#1169,#1170,#1171,#1172,#1173,#1174,#1175,
    #1176,#1177,#1178,#1179,#1180,#1181,#1182,#1183,#1184,#1185,#1186,
    #1187,#1188,#1189,#1190,#1191,#1192,#1193,#1194,#1195,#1196,#1197,
    #1198,#1199,#1200,#1201,#1202,#1203,#1204,#1205,#1206,#1207,#1208,
    #1209,#1210,#1211,#1212,#1213,#1214,#1215,#1216,#1217,#1218,#1219,
    #1220,#1221,#1222,#1223,#1224,#1225,#1226,#1227,#1228,#1229),
  .UNSPECIFIED.,.F.,.F.,(7,5,5,5,5,5,5,5,5,5,5,5,5,5,5,5,5,5,5,5,5,5,5,5
    ,5,5,5,5,5,7),(0.,4.937907474536E-02,9.891159618625E-02,
    0.147404863152,0.190818890205,0.248476709986,0.308597657447,
    0.353394368566,0.399807235474,0.449777966994,0.500079034164,
    0.549396074547,0.599006122937,0.665935194719,0.713936778729,
    0.775363690498,0.810259655723,0.854601579389,0.901150009232,
    0.950826513665,0.999899062273,0.999910145631,0.999921228989,
    0.999932708182,0.999944187374,0.999955666567,0.999967145759,
    0.999978624952,0.999990104144,1.),.UNSPECIFIED.);
#1083 = CARTESIAN_POINT('',(4.092102918471,35.13088408439));
#1084 = CARTESIAN_POINT('',(4.092122749966,35.033836634447));
#1085 = CARTESIAN_POINT('',(4.094072254406,34.936838864481));
#1086 = CARTESIAN_POINT('',(4.09794781933,34.840252411322));
#1087 = CARTESIAN_POINT('',(4.103716517932,34.744445336013));
#1088 = CARTESIAN_POINT('',(4.11131542206,34.649808320484));
#1089 = CARTESIAN_POINT('',(4.130013187927,34.463438786063));
#1090 = CARTESIAN_POINT('',(4.141125992097,34.371684341548));
#1091 = CARTESIAN_POINT('',(4.153919880128,34.281688151096));
#1092 = CARTESIAN_POINT('',(4.168327117793,34.193668052037));
#1093 = CARTESIAN_POINT('',(4.184282393476,34.107878502135));
#1094 = CARTESIAN_POINT('',(4.218800928367,33.9430939816));
#1095 = CARTESIAN_POINT('',(4.237309805644,33.863959110367));
#1096 = CARTESIAN_POINT('',(4.257218499672,33.787381970087));
#1097 = CARTESIAN_POINT('',(4.278509198422,33.713599206881));
#1098 = CARTESIAN_POINT('',(4.301176219696,33.642930579639));
#1099 = CARTESIAN_POINT('',(4.346751433917,33.515699386696));
#1100 = CARTESIAN_POINT('',(4.36940123113,33.45839095681));
#1101 = CARTESIAN_POINT('',(4.393166500812,33.404220000663));
#1102 = CARTESIAN_POINT('',(4.418040166388,33.353594901049));
#1103 = CARTESIAN_POINT('',(4.444016012159,33.306989488996));
#1104 = CARTESIAN_POINT('',(4.507048026097,33.209108661894));
#1105 = CARTESIAN_POINT('',(4.545204709073,33.160912764657));
#1106 = CARTESIAN_POINT('',(4.585092886223,33.122647944213));
#1107 = CARTESIAN_POINT('',(4.626241967061,33.095896617782));
#1108 = CARTESIAN_POINT('',(4.668199722389,33.081643223704));
#1109 = CARTESIAN_POINT('',(4.754619053199,33.078844648465));
#1110 = CARTESIAN_POINT('',(4.798471155385,33.091444468802));
#1111 = CARTESIAN_POINT('',(4.841528155626,33.117746447032));
#1112 = CARTESIAN_POINT('',(4.883267223345,33.156692255983));
#1113 = CARTESIAN_POINT('',(4.923142309691,33.206500020855));
#1114 = CARTESIAN_POINT('',(4.98852655041,33.307763132397));
#1115 = CARTESIAN_POINT('',(5.015280391363,33.355830954726));
#1116 = CARTESIAN_POINT('',(5.04086839608,33.408138338932));
#1117 = CARTESIAN_POINT('',(5.065284806097,33.464172418803));
#1118 = CARTESIAN_POINT('',(5.088522723804,33.523495902761));
#1119 = CARTESIAN_POINT('',(5.133425261446,33.650237006869));
#1120 = CARTESIAN_POINT('',(5.155018879055,33.717914392581));
#1121 = CARTESIAN_POINT('',(5.175362101555,33.788425991029));
#1122 = CARTESIAN_POINT('',(5.194447691213,33.861492785942));
#1123 = CARTESIAN_POINT('',(5.212257888464,33.936905007856));
#1124 = CARTESIAN_POINT('',(5.246539989405,34.098086059971));
#1125 = CARTESIAN_POINT('',(5.262811966174,34.184240942619));
#1126 = CARTESIAN_POINT('',(5.277519050324,34.272687748523));
#1127 = CARTESIAN_POINT('',(5.290593171752,34.363169324836));
#1128 = CARTESIAN_POINT('',(5.301963165159,34.455466628799));
#1129 = CARTESIAN_POINT('',(5.321213580959,34.643947187867));
#1130 = CARTESIAN_POINT('',(5.329071880929,34.740166725719));
#1131 = CARTESIAN_POINT('',(5.335030378826,34.837611822405));
#1132 = CARTESIAN_POINT('',(5.339021336939,34.93587817763));
#1133 = CARTESIAN_POINT('',(5.341008562459,35.03458617912));
#1134 = CARTESIAN_POINT('',(5.340965516775,35.230208171943));
#1135 = CARTESIAN_POINT('',(5.339013099203,35.327000515671));
#1136 = CARTESIAN_POINT('',(5.335133395381,35.423377663299));
#1137 = CARTESIAN_POINT('',(5.329360306457,35.518970489332));
#1138 = CARTESIAN_POINT('',(5.321758423591,35.613386972942));
#1139 = CARTESIAN_POINT('',(5.303035905126,35.799561844198));
#1140 = CARTESIAN_POINT('',(5.291891345244,35.891334332432));
#1141 = CARTESIAN_POINT('',(5.279061939019,35.981334622966));
#1142 = CARTESIAN_POINT('',(5.264617716164,36.069346690485));
#1143 = CARTESIAN_POINT('',(5.2486262293,36.155117883174));
#1144 = CARTESIAN_POINT('',(5.207574584213,36.350654643672));
#1145 = CARTESIAN_POINT('',(5.181288797425,36.458384386669));
#1146 = CARTESIAN_POINT('',(5.152379840093,36.561135425998));
#1147 = CARTESIAN_POINT('',(5.120875237931,36.65825011456));
#1148 = CARTESIAN_POINT('',(5.086767442377,36.748731201068));
#1149 = CARTESIAN_POINT('',(5.023675038121,36.890235107045));
#1150 = CARTESIAN_POINT('',(4.995910968994,36.94531132822));
#1151 = CARTESIAN_POINT('',(4.966794538191,36.995609892002));
#1152 = CARTESIAN_POINT('',(4.936390478252,37.040372178695));
#1153 = CARTESIAN_POINT('',(4.904764997037,37.078821174531));
#1154 = CARTESIAN_POINT('',(4.830032933533,37.150236254291));
#1155 = CARTESIAN_POINT('',(4.786096054442,37.178749894258));
#1156 = CARTESIAN_POINT('',(4.741028788254,37.193192462921));
#1157 = CARTESIAN_POINT('',(4.695659609301,37.192533926274));
#1158 = CARTESIAN_POINT('',(4.650807276492,37.177041830531));
#1159 = CARTESIAN_POINT('',(4.582612669005,37.132141300442));
#1160 = CARTESIAN_POINT('',(4.558376071094,37.111652563657));
#1161 = CARTESIAN_POINT('',(4.534674487026,37.087213790137));
#1162 = CARTESIAN_POINT('',(4.511573744674,37.059133750921));
#1163 = CARTESIAN_POINT('',(4.489139725453,37.027762679026));
#1164 = CARTESIAN_POINT('',(4.439863168295,36.949956073051));
#1165 = CARTESIAN_POINT('',(4.41344181032,36.901695821303));
#1166 = CARTESIAN_POINT('',(4.388176137437,36.849291177829));
#1167 = CARTESIAN_POINT('',(4.364071050209,36.793240287318));
#1168 = CARTESIAN_POINT('',(4.341132658832,36.733967713998));
#1169 = CARTESIAN_POINT('',(4.296516666815,36.60659533331));
#1170 = CARTESIAN_POINT('',(4.274943297189,36.53815956874));
#1171 = CARTESIAN_POINT('',(4.254641146467,36.466875430845));
#1172 = CARTESIAN_POINT('',(4.235617774409,36.393026659109));
#1173 = CARTESIAN_POINT('',(4.217891355101,36.316827123125));
#1174 = CARTESIAN_POINT('',(4.183983908319,36.154748704565));
#1175 = CARTESIAN_POINT('',(4.167979835317,36.068529374095));
#1176 = CARTESIAN_POINT('',(4.153538779394,35.980062104701));
#1177 = CARTESIAN_POINT('',(4.140727165016,35.889605275243));
#1178 = CARTESIAN_POINT('',(4.129613751621,35.797380067562));
#1179 = CARTESIAN_POINT('',(4.111035434889,35.61090573185));
#1180 = CARTESIAN_POINT('',(4.103527248391,35.516688661784));
#1181 = CARTESIAN_POINT('',(4.097833432692,35.421331057871));
#1182 = CARTESIAN_POINT('',(4.09401448225,35.325208281091));
#1183 = CARTESIAN_POINT('',(4.09210271908,35.228674124335));
#1184 = CARTESIAN_POINT('',(4.092102796205,35.132054424903));
#1185 = CARTESIAN_POINT('',(4.09210279632,35.132032607635));
#1186 = CARTESIAN_POINT('',(4.092102796533,35.132010790368));
#1187 = CARTESIAN_POINT('',(4.092102796843,35.1319889731));
#1188 = CARTESIAN_POINT('',(4.09210279725,35.131967155832));
#1189 = CARTESIAN_POINT('',(4.09210279826,35.131923521296));
#1190 = CARTESIAN_POINT('',(4.092102798863,35.131901704029));
#1191 = CARTESIAN_POINT('',(4.092102799563,35.131879886761));
#1192 = CARTESIAN_POINT('',(4.09210280036,35.131858069493));
#1193 = CARTESIAN_POINT('',(4.092102801256,35.131836252226));
#1194 = CARTESIAN_POINT('',(4.092102803276,35.131791838502));
#1195 = CARTESIAN_POINT('',(4.092102804409,35.131769242046));
#1196 = CARTESIAN_POINT('',(4.092102805646,35.131746645591));
#1197 = CARTESIAN_POINT('',(4.092102806988,35.131724049135));
#1198 = CARTESIAN_POINT('',(4.092102808435,35.131701452679));
#1199 = CARTESIAN_POINT('',(4.092102811537,35.131656259768));
#1200 = CARTESIAN_POINT('',(4.092102813193,35.131633663313));
#1201 = CARTESIAN_POINT('',(4.092102814954,35.131611066857));
#1202 = CARTESIAN_POINT('',(4.092102816819,35.131588470402));
#1203 = CARTESIAN_POINT('',(4.092102818788,35.131565873947));
#1204 = CARTESIAN_POINT('',(4.092102822937,35.131520681037));
#1205 = CARTESIAN_POINT('',(4.092102825116,35.131498084581));
#1206 = CARTESIAN_POINT('',(4.092102827399,35.131475488126));
#1207 = CARTESIAN_POINT('',(4.092102829788,35.131452891671));
#1208 = CARTESIAN_POINT('',(4.09210283228,35.131430295217));
#1209 = CARTESIAN_POINT('',(4.092102837475,35.131385102307));
#1210 = CARTESIAN_POINT('',(4.092102840177,35.131362505852));
#1211 = CARTESIAN_POINT('',(4.092102842984,35.131339909398));
#1212 = CARTESIAN_POINT('',(4.092102845895,35.131317312943));
#1213 = CARTESIAN_POINT('',(4.092102848911,35.131294716489));
#1214 = CARTESIAN_POINT('',(4.092102855152,35.131249523581));
#1215 = CARTESIAN_POINT('',(4.092102858377,35.131226927127));
#1216 = CARTESIAN_POINT('',(4.092102861706,35.131204330673));
#1217 = CARTESIAN_POINT('',(4.092102865141,35.131181734219));
#1218 = CARTESIAN_POINT('',(4.09210286868,35.131159137765));
#1219 = CARTESIAN_POINT('',(4.092102875967,35.131113944858));
#1220 = CARTESIAN_POINT('',(4.092102879715,35.131091348405));
#1221 = CARTESIAN_POINT('',(4.092102883568,35.131068751951));
#1222 = CARTESIAN_POINT('',(4.092102887525,35.131046155498));
#1223 = CARTESIAN_POINT('',(4.092102891587,35.131023559045));
#1224 = CARTESIAN_POINT('',(4.092102899346,35.130981482892));
#1225 = CARTESIAN_POINT('',(4.092102903015,35.130962003191));
#1226 = CARTESIAN_POINT('',(4.092102906763,35.130942523491));
#1227 = CARTESIAN_POINT('',(4.092102910588,35.13092304379));
#1228 = CARTESIAN_POINT('',(4.092102914491,35.13090356409));
#1229 = CARTESIAN_POINT('',(4.092102918471,35.13088408439));
#1230 = ( GEOMETRIC_REPRESENTATION_CONTEXT(2) 
PARAMETRIC_REPRESENTATION_CONTEXT() REPRESENTATION_CONTEXT('2D SPACE',''
  ) );
#1231 = PCURVE('',#1232,#1237);
#1232 = CYLINDRICAL_SURFACE('',#1233,2.051895059304);
#1233 = AXIS2_PLACEMENT_3D('',#1234,#1235,#1236);
#1234 = CARTESIAN_POINT('',(9.500970474394,-3.193811099854E-03,
    2.865819393866));
#1235 = DIRECTION('',(-2.246939064708E-04,7.385607764236E-04,
    -0.99999970202));
#1236 = DIRECTION('',(0.,-0.999999727264,-7.385607950676E-04));
#1237 = DEFINITIONAL_REPRESENTATION('',(#1238),#1386);
#1238 = B_SPLINE_CURVE_WITH_KNOTS('',6,(#1239,#1240,#1241,#1242,#1243,
    #1244,#1245,#1246,#1247,#1248,#1249,#1250,#1251,#1252,#1253,#1254,
    #1255,#1256,#1257,#1258,#1259,#1260,#1261,#1262,#1263,#1264,#1265,
    #1266,#1267,#1268,#1269,#1270,#1271,#1272,#1273,#1274,#1275,#1276,
    #1277,#1278,#1279,#1280,#1281,#1282,#1283,#1284,#1285,#1286,#1287,
    #1288,#1289,#1290,#1291,#1292,#1293,#1294,#1295,#1296,#1297,#1298,
    #1299,#1300,#1301,#1302,#1303,#1304,#1305,#1306,#1307,#1308,#1309,
    #1310,#1311,#1312,#1313,#1314,#1315,#1316,#1317,#1318,#1319,#1320,
    #1321,#1322,#1323,#1324,#1325,#1326,#1327,#1328,#1329,#1330,#1331,
    #1332,#1333,#1334,#1335,#1336,#1337,#1338,#1339,#1340,#1341,#1342,
    #1343,#1344,#1345,#1346,#1347,#1348,#1349,#1350,#1351,#1352,#1353,
    #1354,#1355,#1356,#1357,#1358,#1359,#1360,#1361,#1362,#1363,#1364,
    #1365,#1366,#1367,#1368,#1369,#1370,#1371,#1372,#1373,#1374,#1375,
    #1376,#1377,#1378,#1379,#1380,#1381,#1382,#1383,#1384,#1385),
  .UNSPECIFIED.,.F.,.F.,(7,5,5,5,5,5,5,5,5,5,5,5,5,5,5,5,5,5,5,5,5,5,5,5
    ,5,5,5,5,5,7),(0.,4.937907474536E-02,9.891159618625E-02,
    0.147404863152,0.190818890205,0.248476709986,0.308597657447,
    0.353394368566,0.399807235474,0.449777966994,0.500079034164,
    0.549396074547,0.599006122937,0.665935194719,0.713936778729,
    0.775363690498,0.810259655723,0.854601579389,0.901150009232,
    0.950826513665,0.999899062273,0.999910145631,0.999921228989,
    0.999932708182,0.999944187374,0.999955666567,0.999967145759,
    0.999978624952,0.999990104144,1.),.UNSPECIFIED.);
#1239 = CARTESIAN_POINT('',(-8.881784197001E-16,5.715658583695));
#1240 = CARTESIAN_POINT('',(4.729650574056E-02,5.715699082874));
#1241 = CARTESIAN_POINT('',(9.45703562179E-02,5.719680294409));
#1242 = CARTESIAN_POINT('',(0.14183582008,5.727594319472));
#1243 = CARTESIAN_POINT('',(0.189102721763,5.739293834824));
#1244 = CARTESIAN_POINT('',(0.23636959623,5.754491056931));
#1245 = CARTESIAN_POINT('',(0.330993068335,5.791136078365));
#1246 = CARTESIAN_POINT('',(0.378365667537,5.812609397307));
#1247 = CARTESIAN_POINT('',(0.42582319474,5.836853295005));
#1248 = CARTESIAN_POINT('',(0.473451183941,5.863460998374));
#1249 = CARTESIAN_POINT('',(0.521328468919,5.891983622293));
#1250 = CARTESIAN_POINT('',(0.616724973883,5.951273843519));
#1251 = CARTESIAN_POINT('',(0.664250865784,5.981994415879));
#1252 = CARTESIAN_POINT('',(0.712244340077,6.013695795669));
#1253 = CARTESIAN_POINT('',(0.760837334356,6.045950427867));
#1254 = CARTESIAN_POINT('',(0.810163890466,6.078295947442));
#1255 = CARTESIAN_POINT('',(0.905307181871,6.138798352318));
#1256 = CARTESIAN_POINT('',(0.950982865942,6.167059725142));
#1257 = CARTESIAN_POINT('',(0.997470054444,6.194618072727));
#1258 = CARTESIAN_POINT('',(1.044844053226,6.221050203512));
#1259 = CARTESIAN_POINT('',(1.093186587828,6.245898285235));
#1260 = CARTESIAN_POINT('',(1.208214717653,6.298920783606));
#1261 = CARTESIAN_POINT('',(1.276191460459,6.325731669197));
#1262 = CARTESIAN_POINT('',(1.345872028202,6.347428852192));
#1263 = CARTESIAN_POINT('',(1.416803459793,6.362648508458));
#1264 = CARTESIAN_POINT('',(1.488621104751,6.370572660269));
#1265 = CARTESIAN_POINT('',(1.636442870691,6.371367899981));
#1266 = CARTESIAN_POINT('',(1.711399838001,6.363575537909));
#1267 = CARTESIAN_POINT('',(1.785456023578,6.347762056331));
#1268 = CARTESIAN_POINT('',(1.858188180033,6.324805076801));
#1269 = CARTESIAN_POINT('',(1.929071606758,6.296254803552));
#1270 = CARTESIAN_POINT('',(2.048203445159,6.240041435433));
#1271 = CARTESIAN_POINT('',(2.097932268752,6.213857785942));
#1272 = CARTESIAN_POINT('',(2.146633742557,6.186024889697));
#1273 = CARTESIAN_POINT('',(2.194399344416,6.15703982984));
#1274 = CARTESIAN_POINT('',(2.241313732343,6.127360325196));
#1275 = CARTESIAN_POINT('',(2.335283360061,6.066361332513));
#1276 = CARTESIAN_POINT('',(2.382315966602,6.034999719858));
#1277 = CARTESIAN_POINT('',(2.428693221702,6.00375552624));
#1278 = CARTESIAN_POINT('',(2.474529457685,5.97303321417));
#1279 = CARTESIAN_POINT('',(2.519937162014,5.943209550399));
#1280 = CARTESIAN_POINT('',(2.613600667684,5.883881556317));
#1281 = CARTESIAN_POINT('',(2.661828191484,5.854564168004));
#1282 = CARTESIAN_POINT('',(2.709803290637,5.827181380504));
#1283 = CARTESIAN_POINT('',(2.757607874863,5.802198144722));
#1284 = CARTESIAN_POINT('',(2.805330786362,5.780038097844));
#1285 = CARTESIAN_POINT('',(2.901131529982,5.741977086233));
#1286 = CARTESIAN_POINT('',(2.949217068608,5.72611551425));
#1287 = CARTESIAN_POINT('',(2.997302876336,5.713915541673));
#1288 = CARTESIAN_POINT('',(3.045390850271,5.705687167037));
#1289 = CARTESIAN_POINT('',(3.093494876894,5.701590247521));
#1290 = CARTESIAN_POINT('',(3.188832126303,5.701678991563));
#1291 = CARTESIAN_POINT('',(3.236005964274,5.705704147083));
#1292 = CARTESIAN_POINT('',(3.283168452929,5.713702084976));
#1293 = CARTESIAN_POINT('',(3.330327625955,5.725523081045));
#1294 = CARTESIAN_POINT('',(3.377479912029,5.740875264795));
#1295 = CARTESIAN_POINT('',(3.471987819423,5.777939665586));
#1296 = CARTESIAN_POINT('',(3.519359855039,5.799695723712));
#1297 = CARTESIAN_POINT('',(3.566807923946,5.824262450984));
#1298 = CARTESIAN_POINT('',(3.614417730805,5.851227020982));
#1299 = CARTESIAN_POINT('',(3.662267876961,5.880135318856));
#1300 = CARTESIAN_POINT('',(3.775417330546,5.951477255989));
#1301 = CARTESIAN_POINT('',(3.841000260491,5.995124481646));
#1302 = CARTESIAN_POINT('',(3.90755176266,6.040378547887));
#1303 = CARTESIAN_POINT('',(3.975428903781,6.086114187714));
#1304 = CARTESIAN_POINT('',(4.04498595977,6.131050515382));
#1305 = CARTESIAN_POINT('',(4.167986875346,6.204247779153));
#1306 = CARTESIAN_POINT('',(4.220538240818,6.233698506535));
#1307 = CARTESIAN_POINT('',(4.274261631912,6.26136493824));
#1308 = CARTESIAN_POINT('',(4.329171433302,6.286556653087));
#1309 = CARTESIAN_POINT('',(4.385307579504,6.308583683947));
#1310 = CARTESIAN_POINT('',(4.516234418899,6.350074020904));
#1311 = CARTESIAN_POINT('',(4.592014427309,6.367148915207));
#1312 = CARTESIAN_POINT('',(4.668961960905,6.376159383171));
#1313 = CARTESIAN_POINT('',(4.746227681241,6.376169827515));
#1314 = CARTESIAN_POINT('',(4.8229959269,6.367465659595));
#1315 = CARTESIAN_POINT('',(4.941033170264,6.342188447302));
#1316 = CARTESIAN_POINT('',(4.983263443574,6.330648627513));
#1317 = CARTESIAN_POINT('',(5.024930683897,6.316942778173));
#1318 = CARTESIAN_POINT('',(5.065995730982,6.301330233728));
#1319 = CARTESIAN_POINT('',(5.106406754987,6.284103533105));
#1320 = CARTESIAN_POINT('',(5.196526676378,6.242039218292));
#1321 = CARTESIAN_POINT('',(5.245844784356,6.216378653732));
#1322 = CARTESIAN_POINT('',(5.294156668564,6.189117863531));
#1323 = CARTESIAN_POINT('',(5.341552122449,6.160741985871));
#1324 = CARTESIAN_POINT('',(5.388114477027,6.131697275953));
#1325 = CARTESIAN_POINT('',(5.482028590455,6.071620301647));
#1326 = CARTESIAN_POINT('',(5.529336410642,6.040540597984));
#1327 = CARTESIAN_POINT('',(5.575985677337,6.009595490965));
#1328 = CARTESIAN_POINT('',(5.622091639488,5.979195770769));
#1329 = CARTESIAN_POINT('',(5.6677676238,5.949723284967));
#1330 = CARTESIAN_POINT('',(5.761558324749,5.891458212205));
#1331 = CARTESIAN_POINT('',(5.809650103254,5.862832332298));
#1332 = CARTESIAN_POINT('',(5.857491710399,5.836145091723));
#1333 = CARTESIAN_POINT('',(5.905162641606,5.811851508944));
#1334 = CARTESIAN_POINT('',(5.952749301493,5.790363419993));
#1335 = CARTESIAN_POINT('',(6.047372555516,5.75393184125));
#1336 = CARTESIAN_POINT('',(6.094411954972,5.738910763565));
#1337 = CARTESIAN_POINT('',(6.141446859604,5.727361217409));
#1338 = CARTESIAN_POINT('',(6.188480585122,5.719562318973));
#1339 = CARTESIAN_POINT('',(6.235526904977,5.715658176505));
#1340 = CARTESIAN_POINT('',(6.282614936597,5.715658334007));
#1341 = CARTESIAN_POINT('',(6.282625569337,5.715658334242));
#1342 = CARTESIAN_POINT('',(6.282636202078,5.715658334676));
#1343 = CARTESIAN_POINT('',(6.282646834818,5.715658335309));
#1344 = CARTESIAN_POINT('',(6.282657467559,5.715658336141));
#1345 = CARTESIAN_POINT('',(6.28267873304,5.715658338204));
#1346 = CARTESIAN_POINT('',(6.282689365781,5.715658339434));
#1347 = CARTESIAN_POINT('',(6.282699998521,5.715658340864));
#1348 = CARTESIAN_POINT('',(6.282710631262,5.715658342493));
#1349 = CARTESIAN_POINT('',(6.282721264002,5.715658344321));
#1350 = CARTESIAN_POINT('',(6.282742909224,5.715658348448));
#1351 = CARTESIAN_POINT('',(6.282753921705,5.715658350761));
#1352 = CARTESIAN_POINT('',(6.282764934187,5.715658353288));
#1353 = CARTESIAN_POINT('',(6.282775946668,5.715658356029));
#1354 = CARTESIAN_POINT('',(6.282786959149,5.715658358983));
#1355 = CARTESIAN_POINT('',(6.282808984112,5.715658365318));
#1356 = CARTESIAN_POINT('',(6.282819996593,5.7156583687));
#1357 = CARTESIAN_POINT('',(6.282831009074,5.715658372295));
#1358 = CARTESIAN_POINT('',(6.282842021556,5.715658376104));
#1359 = CARTESIAN_POINT('',(6.282853034037,5.715658380126));
#1360 = CARTESIAN_POINT('',(6.282875059,5.715658388598));
#1361 = CARTESIAN_POINT('',(6.282886071481,5.715658393048));
#1362 = CARTESIAN_POINT('',(6.282897083962,5.715658397711));
#1363 = CARTESIAN_POINT('',(6.282908096444,5.715658402588));
#1364 = CARTESIAN_POINT('',(6.282919108925,5.715658407679));
#1365 = CARTESIAN_POINT('',(6.282941133887,5.715658418287));
#1366 = CARTESIAN_POINT('',(6.282952146369,5.715658423805));
#1367 = CARTESIAN_POINT('',(6.28296315885,5.715658429537));
#1368 = CARTESIAN_POINT('',(6.282974171331,5.715658435482));
#1369 = CARTESIAN_POINT('',(6.282985183813,5.715658441641));
#1370 = CARTESIAN_POINT('',(6.283007208775,5.715658454386));
#1371 = CARTESIAN_POINT('',(6.283018221256,5.715658460972));
#1372 = CARTESIAN_POINT('',(6.283029233738,5.715658467772));
#1373 = CARTESIAN_POINT('',(6.283040246219,5.715658474785));
#1374 = CARTESIAN_POINT('',(6.2830512587,5.715658482012));
#1375 = CARTESIAN_POINT('',(6.283073283663,5.715658496894));
#1376 = CARTESIAN_POINT('',(6.283084296144,5.715658504548));
#1377 = CARTESIAN_POINT('',(6.283095308626,5.715658512416));
#1378 = CARTESIAN_POINT('',(6.283106321107,5.715658520498));
#1379 = CARTESIAN_POINT('',(6.283117333588,5.715658528793));
#1380 = CARTESIAN_POINT('',(6.283137839588,5.715658544637));
#1381 = CARTESIAN_POINT('',(6.283147333106,5.715658552131));
#1382 = CARTESIAN_POINT('',(6.283156826625,5.715658559784));
#1383 = CARTESIAN_POINT('',(6.283166320143,5.715658567595));
#1384 = CARTESIAN_POINT('',(6.283175813661,5.715658575566));
#1385 = CARTESIAN_POINT('',(6.28318530718,5.715658583695));
#1386 = ( GEOMETRIC_REPRESENTATION_CONTEXT(2) 
PARAMETRIC_REPRESENTATION_CONTEXT() REPRESENTATION_CONTEXT('2D SPACE',''
  ) );
#1387 = ADVANCED_FACE('',(#1388,#1391),#169,.T.);
#1388 = FACE_BOUND('',#1389,.T.);
#1389 = EDGE_LOOP('',(#1390));
#1390 = ORIENTED_EDGE('',*,*,#152,.T.);
#1391 = FACE_BOUND('',#1392,.T.);
#1392 = EDGE_LOOP('',(#1393));
#1393 = ORIENTED_EDGE('',*,*,#1394,.F.);
#1394 = EDGE_CURVE('',#1395,#1395,#1397,.T.);
#1395 = VERTEX_POINT('',#1396);
#1396 = CARTESIAN_POINT('',(25.629814452906,3.489375759493,
    8.861195489215E-04));
#1397 = SURFACE_CURVE('',#1398,(#1403,#1410),.PCURVE_S1.);
#1398 = CIRCLE('',#1399,3.490775000888);
#1399 = AXIS2_PLACEMENT_3D('',#1400,#1401,#1402);
#1400 = CARTESIAN_POINT('',(25.631851136994,-1.398647245657E-03,
    8.861195489224E-04));
#1401 = DIRECTION('',(0.999999804648,5.834475257014E-04,
    -2.242630179446E-04));
#1402 = DIRECTION('',(-5.834475403734E-04,0.999999829794,0.));
#1403 = PCURVE('',#169,#1404);
#1404 = DEFINITIONAL_REPRESENTATION('',(#1405),#1409);
#1405 = CIRCLE('',#1406,3.490775000888);
#1406 = AXIS2_PLACEMENT_2D('',#1407,#1408);
#1407 = CARTESIAN_POINT('',(8.552357424346E-18,-1.913761816903E-18));
#1408 = DIRECTION('',(1.,0.));
#1409 = ( GEOMETRIC_REPRESENTATION_CONTEXT(2) 
PARAMETRIC_REPRESENTATION_CONTEXT() REPRESENTATION_CONTEXT('2D SPACE',''
  ) );
#1410 = PCURVE('',#1411,#1416);
#1411 = CONICAL_SURFACE('',#1412,3.501825138231,0.785723061356);
#1412 = AXIS2_PLACEMENT_3D('',#1413,#1414,#1415);
#1413 = CARTESIAN_POINT('',(25.62080817981,-1.405090232962E-03,
    8.885960763113E-04));
#1414 = DIRECTION('',(-0.999999804648,-5.834475257014E-04,
    2.242630179446E-04));
#1415 = DIRECTION('',(-5.834475403734E-04,0.999999829794,0.));
#1416 = DEFINITIONAL_REPRESENTATION('',(#1417),#1421);
#1417 = LINE('',#1418,#1419);
#1418 = CARTESIAN_POINT('',(-0.,-1.104295934124E-02));
#1419 = VECTOR('',#1420,1.);
#1420 = DIRECTION('',(-1.,-0.));
#1421 = ( GEOMETRIC_REPRESENTATION_CONTEXT(2) 
PARAMETRIC_REPRESENTATION_CONTEXT() REPRESENTATION_CONTEXT('2D SPACE',''
  ) );
#1422 = ADVANCED_FACE('',(#1423),#228,.F.);
#1423 = FACE_BOUND('',#1424,.F.);
#1424 = EDGE_LOOP('',(#1425,#1426,#1449,#1472));
#1425 = ORIENTED_EDGE('',*,*,#206,.T.);
#1426 = ORIENTED_EDGE('',*,*,#1427,.T.);
#1427 = EDGE_CURVE('',#209,#1428,#1430,.T.);
#1428 = VERTEX_POINT('',#1429);
#1429 = CARTESIAN_POINT('',(-17.16030751721,-2.449490130411,
    2.502557425063));
#1430 = SURFACE_CURVE('',#1431,(#1435,#1442),.PCURVE_S1.);
#1431 = LINE('',#1432,#1433);
#1432 = CARTESIAN_POINT('',(-17.16007282414,-2.449489993479,
    3.549065728747));
#1433 = VECTOR('',#1434,1.);
#1434 = DIRECTION('',(-2.242629797738E-04,-1.308457062165E-07,
    -0.999999974853));
#1435 = PCURVE('',#228,#1436);
#1436 = DEFINITIONAL_REPRESENTATION('',(#1437),#1441);
#1437 = LINE('',#1438,#1439);
#1438 = CARTESIAN_POINT('',(0.,0.));
#1439 = VECTOR('',#1440,1.);
#1440 = DIRECTION('',(-2.242629797738E-04,-0.999999974853));
#1441 = ( GEOMETRIC_REPRESENTATION_CONTEXT(2) 
PARAMETRIC_REPRESENTATION_CONTEXT() REPRESENTATION_CONTEXT('2D SPACE',''
  ) );
#1442 = PCURVE('',#260,#1443);
#1443 = DEFINITIONAL_REPRESENTATION('',(#1444),#1448);
#1444 = LINE('',#1445,#1446);
#1445 = CARTESIAN_POINT('',(4.89898,0.));
#1446 = VECTOR('',#1447,1.);
#1447 = DIRECTION('',(1.308457062165E-07,-1.));
#1448 = ( GEOMETRIC_REPRESENTATION_CONTEXT(2) 
PARAMETRIC_REPRESENTATION_CONTEXT() REPRESENTATION_CONTEXT('2D SPACE',''
  ) );
#1449 = ORIENTED_EDGE('',*,*,#1450,.T.);
#1450 = EDGE_CURVE('',#1428,#1451,#1453,.T.);
#1451 = VERTEX_POINT('',#1452);
#1452 = CARTESIAN_POINT('',(-4.500223517217,-2.449490130411,
    2.502557425063));
#1453 = SURFACE_CURVE('',#1454,(#1458,#1465),.PCURVE_S1.);
#1454 = LINE('',#1455,#1456);
#1455 = CARTESIAN_POINT('',(-17.16030751721,-2.449490130411,
    2.502557425063));
#1456 = VECTOR('',#1457,1.);
#1457 = DIRECTION('',(1.,0.,0.));
#1458 = PCURVE('',#228,#1459);
#1459 = DEFINITIONAL_REPRESENTATION('',(#1460),#1464);
#1460 = LINE('',#1461,#1462);
#1461 = CARTESIAN_POINT('',(-2.346930764441E-04,-1.046508303684));
#1462 = VECTOR('',#1463,1.);
#1463 = DIRECTION('',(1.,0.));
#1464 = ( GEOMETRIC_REPRESENTATION_CONTEXT(2) 
PARAMETRIC_REPRESENTATION_CONTEXT() REPRESENTATION_CONTEXT('2D SPACE',''
  ) );
#1465 = PCURVE('',#292,#1466);
#1466 = DEFINITIONAL_REPRESENTATION('',(#1467),#1471);
#1467 = LINE('',#1468,#1469);
#1468 = CARTESIAN_POINT('',(-6.330042,-2.44949));
#1469 = VECTOR('',#1470,1.);
#1470 = DIRECTION('',(1.,0.));
#1471 = ( GEOMETRIC_REPRESENTATION_CONTEXT(2) 
PARAMETRIC_REPRESENTATION_CONTEXT() REPRESENTATION_CONTEXT('2D SPACE',''
  ) );
#1472 = ORIENTED_EDGE('',*,*,#1473,.F.);
#1473 = EDGE_CURVE('',#207,#1451,#1474,.T.);
#1474 = SURFACE_CURVE('',#1475,(#1479,#1486),.PCURVE_S1.);
#1475 = LINE('',#1476,#1477);
#1476 = CARTESIAN_POINT('',(-4.49998882414,-2.449489993479,
    3.549065728747));
#1477 = VECTOR('',#1478,1.);
#1478 = DIRECTION('',(-2.242629797738E-04,-1.308457062165E-07,
    -0.999999974853));
#1479 = PCURVE('',#228,#1480);
#1480 = DEFINITIONAL_REPRESENTATION('',(#1481),#1485);
#1481 = LINE('',#1482,#1483);
#1482 = CARTESIAN_POINT('',(12.660084,0.));
#1483 = VECTOR('',#1484,1.);
#1484 = DIRECTION('',(-2.242629797738E-04,-0.999999974853));
#1485 = ( GEOMETRIC_REPRESENTATION_CONTEXT(2) 
PARAMETRIC_REPRESENTATION_CONTEXT() REPRESENTATION_CONTEXT('2D SPACE',''
  ) );
#1486 = PCURVE('',#322,#1487);
#1487 = DEFINITIONAL_REPRESENTATION('',(#1488),#1492);
#1488 = LINE('',#1489,#1490);
#1489 = CARTESIAN_POINT('',(0.,0.));
#1490 = VECTOR('',#1491,1.);
#1491 = DIRECTION('',(-1.308457062165E-07,-1.));
#1492 = ( GEOMETRIC_REPRESENTATION_CONTEXT(2) 
PARAMETRIC_REPRESENTATION_CONTEXT() REPRESENTATION_CONTEXT('2D SPACE',''
  ) );
#1493 = ADVANCED_FACE('',(#1494),#260,.F.);
#1494 = FACE_BOUND('',#1495,.F.);
#1495 = EDGE_LOOP('',(#1496,#1497,#1518));
#1496 = ORIENTED_EDGE('',*,*,#240,.T.);
#1497 = ORIENTED_EDGE('',*,*,#1498,.T.);
#1498 = EDGE_CURVE('',#241,#1428,#1499,.T.);
#1499 = SURFACE_CURVE('',#1500,(#1504,#1511),.PCURVE_S1.);
#1500 = LINE('',#1501,#1502);
#1501 = CARTESIAN_POINT('',(-17.16030751721,2.449489869589,
    2.502557425063));
#1502 = VECTOR('',#1503,1.);
#1503 = DIRECTION('',(0.,-1.,0.));
#1504 = PCURVE('',#260,#1505);
#1505 = DEFINITIONAL_REPRESENTATION('',(#1506),#1510);
#1506 = LINE('',#1507,#1508);
#1507 = CARTESIAN_POINT('',(1.369311215527E-07,-1.04650833));
#1508 = VECTOR('',#1509,1.);
#1509 = DIRECTION('',(1.,0.));
#1510 = ( GEOMETRIC_REPRESENTATION_CONTEXT(2) 
PARAMETRIC_REPRESENTATION_CONTEXT() REPRESENTATION_CONTEXT('2D SPACE',''
  ) );
#1511 = PCURVE('',#292,#1512);
#1512 = DEFINITIONAL_REPRESENTATION('',(#1513),#1517);
#1513 = LINE('',#1514,#1515);
#1514 = CARTESIAN_POINT('',(-6.330042,2.44949));
#1515 = VECTOR('',#1516,1.);
#1516 = DIRECTION('',(0.,-1.));
#1517 = ( GEOMETRIC_REPRESENTATION_CONTEXT(2) 
PARAMETRIC_REPRESENTATION_CONTEXT() REPRESENTATION_CONTEXT('2D SPACE',''
  ) );
#1518 = ORIENTED_EDGE('',*,*,#1427,.F.);
#1519 = ADVANCED_FACE('',(#1520,#1546),#292,.T.);
#1520 = FACE_BOUND('',#1521,.T.);
#1521 = EDGE_LOOP('',(#1522,#1523,#1524,#1525));
#1522 = ORIENTED_EDGE('',*,*,#272,.T.);
#1523 = ORIENTED_EDGE('',*,*,#1498,.T.);
#1524 = ORIENTED_EDGE('',*,*,#1450,.T.);
#1525 = ORIENTED_EDGE('',*,*,#1526,.T.);
#1526 = EDGE_CURVE('',#1451,#273,#1527,.T.);
#1527 = SURFACE_CURVE('',#1528,(#1532,#1539),.PCURVE_S1.);
#1528 = LINE('',#1529,#1530);
#1529 = CARTESIAN_POINT('',(-4.500223517217,-2.449490130411,
    2.502557425063));
#1530 = VECTOR('',#1531,1.);
#1531 = DIRECTION('',(0.,1.,0.));
#1532 = PCURVE('',#292,#1533);
#1533 = DEFINITIONAL_REPRESENTATION('',(#1534),#1538);
#1534 = LINE('',#1535,#1536);
#1535 = CARTESIAN_POINT('',(6.330042,-2.44949));
#1536 = VECTOR('',#1537,1.);
#1537 = DIRECTION('',(0.,1.));
#1538 = ( GEOMETRIC_REPRESENTATION_CONTEXT(2) 
PARAMETRIC_REPRESENTATION_CONTEXT() REPRESENTATION_CONTEXT('2D SPACE',''
  ) );
#1539 = PCURVE('',#322,#1540);
#1540 = DEFINITIONAL_REPRESENTATION('',(#1541),#1545);
#1541 = LINE('',#1542,#1543);
#1542 = CARTESIAN_POINT('',(-1.369311215527E-07,-1.04650833));
#1543 = VECTOR('',#1544,1.);
#1544 = DIRECTION('',(1.,0.));
#1545 = ( GEOMETRIC_REPRESENTATION_CONTEXT(2) 
PARAMETRIC_REPRESENTATION_CONTEXT() REPRESENTATION_CONTEXT('2D SPACE',''
  ) );
#1546 = FACE_BOUND('',#1547,.T.);
#1547 = EDGE_LOOP('',(#1548));
#1548 = ORIENTED_EDGE('',*,*,#1549,.F.);
#1549 = EDGE_CURVE('',#1550,#1550,#1552,.T.);
#1550 = VERTEX_POINT('',#1551);
#1551 = CARTESIAN_POINT('',(-9.490389130356,-2.032607771872,
    2.502557425063));
#1552 = SURFACE_CURVE('',#1553,(#1558,#1565),.PCURVE_S1.);
#1553 = ELLIPSE('',#1554,2.046521083003,2.046515786974);
#1554 = AXIS2_PLACEMENT_3D('',#1555,#1556,#1557);
#1555 = CARTESIAN_POINT('',(-9.490388097372,1.391326027118E-02,
    2.502557425063));
#1556 = DIRECTION('',(0.,0.,1.));
#1557 = DIRECTION('',(-9.799619706757E-02,-0.995186789181,0.));
#1558 = PCURVE('',#292,#1559);
#1559 = DEFINITIONAL_REPRESENTATION('',(#1560),#1564);
#1560 = ELLIPSE('',#1561,2.046521083003,2.046515786974);
#1561 = AXIS2_PLACEMENT_2D('',#1562,#1563);
#1562 = CARTESIAN_POINT('',(1.339877419844,1.391339068178E-02));
#1563 = DIRECTION('',(-9.799619706757E-02,-0.995186789181));
#1564 = ( GEOMETRIC_REPRESENTATION_CONTEXT(2) 
PARAMETRIC_REPRESENTATION_CONTEXT() REPRESENTATION_CONTEXT('2D SPACE',''
  ) );
#1565 = PCURVE('',#640,#1566);
#1566 = DEFINITIONAL_REPRESENTATION('',(#1567),#1582);
#1567 = B_SPLINE_CURVE_WITH_KNOTS('',7,(#1568,#1569,#1570,#1571,#1572,
    #1573,#1574,#1575,#1576,#1577,#1578,#1579,#1580,#1581),
  .UNSPECIFIED.,.F.,.F.,(8,6,8),(9.81534734731E-02,3.239746127063,
    6.381338780653),.UNSPECIFIED.);
#1568 = CARTESIAN_POINT('',(6.28318530718,0.37231271669));
#1569 = CARTESIAN_POINT('',(5.834386356667,0.37210795066));
#1570 = CARTESIAN_POINT('',(5.385587406153,0.370814338174));
#1571 = CARTESIAN_POINT('',(4.936788455643,0.368500036512));
#1572 = CARTESIAN_POINT('',(4.487989505126,0.365763157072));
#1573 = CARTESIAN_POINT('',(4.039190554616,0.363725469791));
#1574 = CARTESIAN_POINT('',(3.590391604103,0.362841091162));
#1575 = CARTESIAN_POINT('',(2.692793703077,0.363250623223));
#1576 = CARTESIAN_POINT('',(2.243994752564,0.364544235709));
#1577 = CARTESIAN_POINT('',(1.795195802051,0.366858537371));
#1578 = CARTESIAN_POINT('',(1.346396851539,0.369595416811));
#1579 = CARTESIAN_POINT('',(0.897597901026,0.371633104092));
#1580 = CARTESIAN_POINT('',(0.448798950513,0.372517482721));
#1581 = CARTESIAN_POINT('',(1.475584330305E-14,0.37231271669));
#1582 = ( GEOMETRIC_REPRESENTATION_CONTEXT(2) 
PARAMETRIC_REPRESENTATION_CONTEXT() REPRESENTATION_CONTEXT('2D SPACE',''
  ) );
#1583 = ADVANCED_FACE('',(#1584),#322,.F.);
#1584 = FACE_BOUND('',#1585,.F.);
#1585 = EDGE_LOOP('',(#1586,#1587,#1588));
#1586 = ORIENTED_EDGE('',*,*,#304,.T.);
#1587 = ORIENTED_EDGE('',*,*,#1473,.T.);
#1588 = ORIENTED_EDGE('',*,*,#1526,.T.);
#1589 = ADVANCED_FACE('',(#1590),#640,.F.);
#1590 = FACE_BOUND('',#1591,.F.);
#1591 = EDGE_LOOP('',(#1592,#1613,#1614,#1615));
#1592 = ORIENTED_EDGE('',*,*,#1593,.T.);
#1593 = EDGE_CURVE('',#1550,#337,#1594,.T.);
#1594 = SEAM_CURVE('',#1595,(#1599,#1606),.PCURVE_S1.);
#1595 = LINE('',#1596,#1597);
#1596 = CARTESIAN_POINT('',(-9.490306126391,-2.031764836616,
    2.874869178275));
#1597 = VECTOR('',#1598,1.);
#1598 = DIRECTION('',(-2.229415257545E-04,-2.264051747209E-03,
    -0.99999741218));
#1599 = PCURVE('',#640,#1600);
#1600 = DEFINITIONAL_REPRESENTATION('',(#1601),#1605);
#1601 = LINE('',#1602,#1603);
#1602 = CARTESIAN_POINT('',(6.28318530718,-0.));
#1603 = VECTOR('',#1604,1.);
#1604 = DIRECTION('',(0.,1.));
#1605 = ( GEOMETRIC_REPRESENTATION_CONTEXT(2) 
PARAMETRIC_REPRESENTATION_CONTEXT() REPRESENTATION_CONTEXT('2D SPACE',''
  ) );
#1606 = PCURVE('',#640,#1607);
#1607 = DEFINITIONAL_REPRESENTATION('',(#1608),#1612);
#1608 = LINE('',#1609,#1610);
#1609 = CARTESIAN_POINT('',(0.,-0.));
#1610 = VECTOR('',#1611,1.);
#1611 = DIRECTION('',(0.,1.));
#1612 = ( GEOMETRIC_REPRESENTATION_CONTEXT(2) 
PARAMETRIC_REPRESENTATION_CONTEXT() REPRESENTATION_CONTEXT('2D SPACE',''
  ) );
#1613 = ORIENTED_EDGE('',*,*,#336,.F.);
#1614 = ORIENTED_EDGE('',*,*,#1593,.F.);
#1615 = ORIENTED_EDGE('',*,*,#1549,.F.);
#1616 = ADVANCED_FACE('',(#1617),#820,.F.);
#1617 = FACE_BOUND('',#1618,.F.);
#1618 = EDGE_LOOP('',(#1619,#1620,#1643,#1671));
#1619 = ORIENTED_EDGE('',*,*,#798,.T.);
#1620 = ORIENTED_EDGE('',*,*,#1621,.T.);
#1621 = EDGE_CURVE('',#801,#1622,#1624,.T.);
#1622 = VERTEX_POINT('',#1623);
#1623 = CARTESIAN_POINT('',(4.499776482786,-2.449490130411,
    2.502557425063));
#1624 = SURFACE_CURVE('',#1625,(#1629,#1636),.PCURVE_S1.);
#1625 = LINE('',#1626,#1627);
#1626 = CARTESIAN_POINT('',(4.500011175862,-2.449489993479,
    3.549065728747));
#1627 = VECTOR('',#1628,1.);
#1628 = DIRECTION('',(-2.242629797738E-04,-1.308457062165E-07,
    -0.999999974853));
#1629 = PCURVE('',#820,#1630);
#1630 = DEFINITIONAL_REPRESENTATION('',(#1631),#1635);
#1631 = LINE('',#1632,#1633);
#1632 = CARTESIAN_POINT('',(0.,0.));
#1633 = VECTOR('',#1634,1.);
#1634 = DIRECTION('',(-2.242629797738E-04,-0.999999974853));
#1635 = ( GEOMETRIC_REPRESENTATION_CONTEXT(2) 
PARAMETRIC_REPRESENTATION_CONTEXT() REPRESENTATION_CONTEXT('2D SPACE',''
  ) );
#1636 = PCURVE('',#852,#1637);
#1637 = DEFINITIONAL_REPRESENTATION('',(#1638),#1642);
#1638 = LINE('',#1639,#1640);
#1639 = CARTESIAN_POINT('',(4.89898,0.));
#1640 = VECTOR('',#1641,1.);
#1641 = DIRECTION('',(1.308457062165E-07,-1.));
#1642 = ( GEOMETRIC_REPRESENTATION_CONTEXT(2) 
PARAMETRIC_REPRESENTATION_CONTEXT() REPRESENTATION_CONTEXT('2D SPACE',''
  ) );
#1643 = ORIENTED_EDGE('',*,*,#1644,.T.);
#1644 = EDGE_CURVE('',#1622,#1645,#1647,.T.);
#1645 = VERTEX_POINT('',#1646);
#1646 = CARTESIAN_POINT('',(17.159860482786,-2.449490130411,
    2.502557425063));
#1647 = SURFACE_CURVE('',#1648,(#1652,#1659),.PCURVE_S1.);
#1648 = LINE('',#1649,#1650);
#1649 = CARTESIAN_POINT('',(4.499776482786,-2.449490130411,
    2.502557425063));
#1650 = VECTOR('',#1651,1.);
#1651 = DIRECTION('',(1.,0.,0.));
#1652 = PCURVE('',#820,#1653);
#1653 = DEFINITIONAL_REPRESENTATION('',(#1654),#1658);
#1654 = LINE('',#1655,#1656);
#1655 = CARTESIAN_POINT('',(-2.346930764441E-04,-1.046508303684));
#1656 = VECTOR('',#1657,1.);
#1657 = DIRECTION('',(1.,0.));
#1658 = ( GEOMETRIC_REPRESENTATION_CONTEXT(2) 
PARAMETRIC_REPRESENTATION_CONTEXT() REPRESENTATION_CONTEXT('2D SPACE',''
  ) );
#1659 = PCURVE('',#1660,#1665);
#1660 = PLANE('',#1661);
#1661 = AXIS2_PLACEMENT_3D('',#1662,#1663,#1664);
#1662 = CARTESIAN_POINT('',(10.829818482786,-1.304105918039E-07,
    2.502557425063));
#1663 = DIRECTION('',(0.,0.,1.));
#1664 = DIRECTION('',(1.,0.,-0.));
#1665 = DEFINITIONAL_REPRESENTATION('',(#1666),#1670);
#1666 = LINE('',#1667,#1668);
#1667 = CARTESIAN_POINT('',(-6.330042,-2.44949));
#1668 = VECTOR('',#1669,1.);
#1669 = DIRECTION('',(1.,0.));
#1670 = ( GEOMETRIC_REPRESENTATION_CONTEXT(2) 
PARAMETRIC_REPRESENTATION_CONTEXT() REPRESENTATION_CONTEXT('2D SPACE',''
  ) );
#1671 = ORIENTED_EDGE('',*,*,#1672,.F.);
#1672 = EDGE_CURVE('',#799,#1645,#1673,.T.);
#1673 = SURFACE_CURVE('',#1674,(#1678,#1685),.PCURVE_S1.);
#1674 = LINE('',#1675,#1676);
#1675 = CARTESIAN_POINT('',(17.160095175862,-2.449489993479,
    3.549065728747));
#1676 = VECTOR('',#1677,1.);
#1677 = DIRECTION('',(-2.242629797738E-04,-1.308457062165E-07,
    -0.999999974853));
#1678 = PCURVE('',#820,#1679);
#1679 = DEFINITIONAL_REPRESENTATION('',(#1680),#1684);
#1680 = LINE('',#1681,#1682);
#1681 = CARTESIAN_POINT('',(12.660084,0.));
#1682 = VECTOR('',#1683,1.);
#1683 = DIRECTION('',(-2.242629797738E-04,-0.999999974853));
#1684 = ( GEOMETRIC_REPRESENTATION_CONTEXT(2) 
PARAMETRIC_REPRESENTATION_CONTEXT() REPRESENTATION_CONTEXT('2D SPACE',''
  ) );
#1685 = PCURVE('',#914,#1686);
#1686 = DEFINITIONAL_REPRESENTATION('',(#1687),#1691);
#1687 = LINE('',#1688,#1689);
#1688 = CARTESIAN_POINT('',(0.,0.));
#1689 = VECTOR('',#1690,1.);
#1690 = DIRECTION('',(-1.308457062165E-07,-1.));
#1691 = ( GEOMETRIC_REPRESENTATION_CONTEXT(2) 
PARAMETRIC_REPRESENTATION_CONTEXT() REPRESENTATION_CONTEXT('2D SPACE',''
  ) );
#1692 = ADVANCED_FACE('',(#1693),#852,.F.);
#1693 = FACE_BOUND('',#1694,.F.);
#1694 = EDGE_LOOP('',(#1695,#1696,#1719,#1740));
#1695 = ORIENTED_EDGE('',*,*,#832,.T.);
#1696 = ORIENTED_EDGE('',*,*,#1697,.T.);
#1697 = EDGE_CURVE('',#833,#1698,#1700,.T.);
#1698 = VERTEX_POINT('',#1699);
#1699 = CARTESIAN_POINT('',(4.499776482786,2.449489869589,2.502557425063
    ));
#1700 = SURFACE_CURVE('',#1701,(#1705,#1712),.PCURVE_S1.);
#1701 = LINE('',#1702,#1703);
#1702 = CARTESIAN_POINT('',(4.500011175862,2.449490006521,3.549065728747
    ));
#1703 = VECTOR('',#1704,1.);
#1704 = DIRECTION('',(-2.242629797738E-04,-1.308457062165E-07,
    -0.999999974853));
#1705 = PCURVE('',#852,#1706);
#1706 = DEFINITIONAL_REPRESENTATION('',(#1707),#1711);
#1707 = LINE('',#1708,#1709);
#1708 = CARTESIAN_POINT('',(0.,0.));
#1709 = VECTOR('',#1710,1.);
#1710 = DIRECTION('',(1.308457062165E-07,-1.));
#1711 = ( GEOMETRIC_REPRESENTATION_CONTEXT(2) 
PARAMETRIC_REPRESENTATION_CONTEXT() REPRESENTATION_CONTEXT('2D SPACE',''
  ) );
#1712 = PCURVE('',#884,#1713);
#1713 = DEFINITIONAL_REPRESENTATION('',(#1714),#1718);
#1714 = LINE('',#1715,#1716);
#1715 = CARTESIAN_POINT('',(12.660084,0.));
#1716 = VECTOR('',#1717,1.);
#1717 = DIRECTION('',(2.242629797738E-04,-0.999999974853));
#1718 = ( GEOMETRIC_REPRESENTATION_CONTEXT(2) 
PARAMETRIC_REPRESENTATION_CONTEXT() REPRESENTATION_CONTEXT('2D SPACE',''
  ) );
#1719 = ORIENTED_EDGE('',*,*,#1720,.T.);
#1720 = EDGE_CURVE('',#1698,#1622,#1721,.T.);
#1721 = SURFACE_CURVE('',#1722,(#1726,#1733),.PCURVE_S1.);
#1722 = LINE('',#1723,#1724);
#1723 = CARTESIAN_POINT('',(4.499776482786,2.449489869589,2.502557425063
    ));
#1724 = VECTOR('',#1725,1.);
#1725 = DIRECTION('',(0.,-1.,0.));
#1726 = PCURVE('',#852,#1727);
#1727 = DEFINITIONAL_REPRESENTATION('',(#1728),#1732);
#1728 = LINE('',#1729,#1730);
#1729 = CARTESIAN_POINT('',(1.369311215527E-07,-1.04650833));
#1730 = VECTOR('',#1731,1.);
#1731 = DIRECTION('',(1.,0.));
#1732 = ( GEOMETRIC_REPRESENTATION_CONTEXT(2) 
PARAMETRIC_REPRESENTATION_CONTEXT() REPRESENTATION_CONTEXT('2D SPACE',''
  ) );
#1733 = PCURVE('',#1660,#1734);
#1734 = DEFINITIONAL_REPRESENTATION('',(#1735),#1739);
#1735 = LINE('',#1736,#1737);
#1736 = CARTESIAN_POINT('',(-6.330042,2.44949));
#1737 = VECTOR('',#1738,1.);
#1738 = DIRECTION('',(0.,-1.));
#1739 = ( GEOMETRIC_REPRESENTATION_CONTEXT(2) 
PARAMETRIC_REPRESENTATION_CONTEXT() REPRESENTATION_CONTEXT('2D SPACE',''
  ) );
#1740 = ORIENTED_EDGE('',*,*,#1621,.F.);
#1741 = ADVANCED_FACE('',(#1742),#884,.F.);
#1742 = FACE_BOUND('',#1743,.F.);
#1743 = EDGE_LOOP('',(#1744,#1745,#1768,#1789));
#1744 = ORIENTED_EDGE('',*,*,#864,.T.);
#1745 = ORIENTED_EDGE('',*,*,#1746,.T.);
#1746 = EDGE_CURVE('',#865,#1747,#1749,.T.);
#1747 = VERTEX_POINT('',#1748);
#1748 = CARTESIAN_POINT('',(17.159860482786,2.449489869589,
    2.502557425063));
#1749 = SURFACE_CURVE('',#1750,(#1754,#1761),.PCURVE_S1.);
#1750 = LINE('',#1751,#1752);
#1751 = CARTESIAN_POINT('',(17.160095175862,2.449490006521,
    3.549065728747));
#1752 = VECTOR('',#1753,1.);
#1753 = DIRECTION('',(-2.242629797738E-04,-1.308457062165E-07,
    -0.999999974853));
#1754 = PCURVE('',#884,#1755);
#1755 = DEFINITIONAL_REPRESENTATION('',(#1756),#1760);
#1756 = LINE('',#1757,#1758);
#1757 = CARTESIAN_POINT('',(0.,0.));
#1758 = VECTOR('',#1759,1.);
#1759 = DIRECTION('',(2.242629797738E-04,-0.999999974853));
#1760 = ( GEOMETRIC_REPRESENTATION_CONTEXT(2) 
PARAMETRIC_REPRESENTATION_CONTEXT() REPRESENTATION_CONTEXT('2D SPACE',''
  ) );
#1761 = PCURVE('',#914,#1762);
#1762 = DEFINITIONAL_REPRESENTATION('',(#1763),#1767);
#1763 = LINE('',#1764,#1765);
#1764 = CARTESIAN_POINT('',(4.89898,0.));
#1765 = VECTOR('',#1766,1.);
#1766 = DIRECTION('',(-1.308457062165E-07,-1.));
#1767 = ( GEOMETRIC_REPRESENTATION_CONTEXT(2) 
PARAMETRIC_REPRESENTATION_CONTEXT() REPRESENTATION_CONTEXT('2D SPACE',''
  ) );
#1768 = ORIENTED_EDGE('',*,*,#1769,.T.);
#1769 = EDGE_CURVE('',#1747,#1698,#1770,.T.);
#1770 = SURFACE_CURVE('',#1771,(#1775,#1782),.PCURVE_S1.);
#1771 = LINE('',#1772,#1773);
#1772 = CARTESIAN_POINT('',(17.159860482786,2.449489869589,
    2.502557425063));
#1773 = VECTOR('',#1774,1.);
#1774 = DIRECTION('',(-1.,0.,0.));
#1775 = PCURVE('',#884,#1776);
#1776 = DEFINITIONAL_REPRESENTATION('',(#1777),#1781);
#1777 = LINE('',#1778,#1779);
#1778 = CARTESIAN_POINT('',(2.346930764441E-04,-1.046508303684));
#1779 = VECTOR('',#1780,1.);
#1780 = DIRECTION('',(1.,0.));
#1781 = ( GEOMETRIC_REPRESENTATION_CONTEXT(2) 
PARAMETRIC_REPRESENTATION_CONTEXT() REPRESENTATION_CONTEXT('2D SPACE',''
  ) );
#1782 = PCURVE('',#1660,#1783);
#1783 = DEFINITIONAL_REPRESENTATION('',(#1784),#1788);
#1784 = LINE('',#1785,#1786);
#1785 = CARTESIAN_POINT('',(6.330042,2.44949));
#1786 = VECTOR('',#1787,1.);
#1787 = DIRECTION('',(-1.,0.));
#1788 = ( GEOMETRIC_REPRESENTATION_CONTEXT(2) 
PARAMETRIC_REPRESENTATION_CONTEXT() REPRESENTATION_CONTEXT('2D SPACE',''
  ) );
#1789 = ORIENTED_EDGE('',*,*,#1697,.F.);
#1790 = ADVANCED_FACE('',(#1791),#914,.F.);
#1791 = FACE_BOUND('',#1792,.F.);
#1792 = EDGE_LOOP('',(#1793,#1794,#1795,#1816));
#1793 = ORIENTED_EDGE('',*,*,#896,.T.);
#1794 = ORIENTED_EDGE('',*,*,#1672,.T.);
#1795 = ORIENTED_EDGE('',*,*,#1796,.T.);
#1796 = EDGE_CURVE('',#1645,#1747,#1797,.T.);
#1797 = SURFACE_CURVE('',#1798,(#1802,#1809),.PCURVE_S1.);
#1798 = LINE('',#1799,#1800);
#1799 = CARTESIAN_POINT('',(17.159860482786,-2.449490130411,
    2.502557425063));
#1800 = VECTOR('',#1801,1.);
#1801 = DIRECTION('',(0.,1.,0.));
#1802 = PCURVE('',#914,#1803);
#1803 = DEFINITIONAL_REPRESENTATION('',(#1804),#1808);
#1804 = LINE('',#1805,#1806);
#1805 = CARTESIAN_POINT('',(-1.369311215527E-07,-1.04650833));
#1806 = VECTOR('',#1807,1.);
#1807 = DIRECTION('',(1.,0.));
#1808 = ( GEOMETRIC_REPRESENTATION_CONTEXT(2) 
PARAMETRIC_REPRESENTATION_CONTEXT() REPRESENTATION_CONTEXT('2D SPACE',''
  ) );
#1809 = PCURVE('',#1660,#1810);
#1810 = DEFINITIONAL_REPRESENTATION('',(#1811),#1815);
#1811 = LINE('',#1812,#1813);
#1812 = CARTESIAN_POINT('',(6.330042,-2.44949));
#1813 = VECTOR('',#1814,1.);
#1814 = DIRECTION('',(0.,1.));
#1815 = ( GEOMETRIC_REPRESENTATION_CONTEXT(2) 
PARAMETRIC_REPRESENTATION_CONTEXT() REPRESENTATION_CONTEXT('2D SPACE',''
  ) );
#1816 = ORIENTED_EDGE('',*,*,#1746,.F.);
#1817 = ADVANCED_FACE('',(#1818),#1232,.F.);
#1818 = FACE_BOUND('',#1819,.F.);
#1819 = EDGE_LOOP('',(#1820,#1843,#1844,#1845));
#1820 = ORIENTED_EDGE('',*,*,#1821,.T.);
#1821 = EDGE_CURVE('',#1822,#929,#1824,.T.);
#1822 = VERTEX_POINT('',#1823);
#1823 = CARTESIAN_POINT('',(9.500889192131,-2.054821138908,
    2.502557425063));
#1824 = SEAM_CURVE('',#1825,(#1829,#1836),.PCURVE_S1.);
#1825 = LINE('',#1826,#1827);
#1826 = CARTESIAN_POINT('',(9.500970474394,-2.055088310778,
    2.864303944619));
#1827 = VECTOR('',#1828,1.);
#1828 = DIRECTION('',(-2.246939064708E-04,7.385607764236E-04,
    -0.99999970202));
#1829 = PCURVE('',#1232,#1830);
#1830 = DEFINITIONAL_REPRESENTATION('',(#1831),#1835);
#1831 = LINE('',#1832,#1833);
#1832 = CARTESIAN_POINT('',(6.28318530718,-0.));
#1833 = VECTOR('',#1834,1.);
#1834 = DIRECTION('',(0.,1.));
#1835 = ( GEOMETRIC_REPRESENTATION_CONTEXT(2) 
PARAMETRIC_REPRESENTATION_CONTEXT() REPRESENTATION_CONTEXT('2D SPACE',''
  ) );
#1836 = PCURVE('',#1232,#1837);
#1837 = DEFINITIONAL_REPRESENTATION('',(#1838),#1842);
#1838 = LINE('',#1839,#1840);
#1839 = CARTESIAN_POINT('',(0.,-0.));
#1840 = VECTOR('',#1841,1.);
#1841 = DIRECTION('',(0.,1.));
#1842 = ( GEOMETRIC_REPRESENTATION_CONTEXT(2) 
PARAMETRIC_REPRESENTATION_CONTEXT() REPRESENTATION_CONTEXT('2D SPACE',''
  ) );
#1843 = ORIENTED_EDGE('',*,*,#928,.F.);
#1844 = ORIENTED_EDGE('',*,*,#1821,.F.);
#1845 = ORIENTED_EDGE('',*,*,#1846,.F.);
#1846 = EDGE_CURVE('',#1822,#1822,#1847,.T.);
#1847 = SURFACE_CURVE('',#1848,(#1853,#1871),.PCURVE_S1.);
#1848 = ELLIPSE('',#1849,2.051895670727,2.051895059304);
#1849 = AXIS2_PLACEMENT_3D('',#1850,#1851,#1852);
#1850 = CARTESIAN_POINT('',(9.500888851619,-2.925519978185E-03,
    2.502557425063));
#1851 = DIRECTION('',(0.,0.,1.));
#1852 = DIRECTION('',(-0.291060296816,0.956704710774,0.));
#1853 = PCURVE('',#1232,#1854);
#1854 = DEFINITIONAL_REPRESENTATION('',(#1855),#1870);
#1855 = B_SPLINE_CURVE_WITH_KNOTS('',7,(#1856,#1857,#1858,#1859,#1860,
    #1861,#1862,#1863,#1864,#1865,#1866,#1867,#1868,#1869),
  .UNSPECIFIED.,.F.,.F.,(8,6,8),(2.846257805243,5.987850458833,
    9.129443112423),.UNSPECIFIED.);
#1856 = CARTESIAN_POINT('',(6.28318530718,0.361746627349));
#1857 = CARTESIAN_POINT('',(5.834386356667,0.361539709343));
#1858 = CARTESIAN_POINT('',(5.385587406154,0.361689118334));
#1859 = CARTESIAN_POINT('',(4.936788455641,0.362261057227));
#1860 = CARTESIAN_POINT('',(4.487989505128,0.363156204741));
#1861 = CARTESIAN_POINT('',(4.039190554616,0.364007665076));
#1862 = CARTESIAN_POINT('',(3.590391604103,0.364570608739));
#1863 = CARTESIAN_POINT('',(2.692793703077,0.364984444751));
#1864 = CARTESIAN_POINT('',(2.243994752564,0.364835035761));
#1865 = CARTESIAN_POINT('',(1.795195802051,0.364263096867));
#1866 = CARTESIAN_POINT('',(1.346396851538,0.363367949353));
#1867 = CARTESIAN_POINT('',(0.897597901026,0.362516489018));
#1868 = CARTESIAN_POINT('',(0.448798950513,0.361953545355));
#1869 = CARTESIAN_POINT('',(1.59872115546E-14,0.361746627349));
#1870 = ( GEOMETRIC_REPRESENTATION_CONTEXT(2) 
PARAMETRIC_REPRESENTATION_CONTEXT() REPRESENTATION_CONTEXT('2D SPACE',''
  ) );
#1871 = PCURVE('',#1660,#1872);
#1872 = DEFINITIONAL_REPRESENTATION('',(#1873),#1877);
#1873 = ELLIPSE('',#1874,2.051895670727,2.051895059304);
#1874 = AXIS2_PLACEMENT_2D('',#1875,#1876);
#1875 = CARTESIAN_POINT('',(-1.328929631166,-2.925389567593E-03));
#1876 = DIRECTION('',(-0.291060296816,0.956704710774));
#1877 = ( GEOMETRIC_REPRESENTATION_CONTEXT(2) 
PARAMETRIC_REPRESENTATION_CONTEXT() REPRESENTATION_CONTEXT('2D SPACE',''
  ) );
#1878 = ADVANCED_FACE('',(#1879),#1411,.T.);
#1879 = FACE_BOUND('',#1880,.T.);
#1880 = EDGE_LOOP('',(#1881,#1904,#1931,#1932));
#1881 = ORIENTED_EDGE('',*,*,#1882,.T.);
#1882 = EDGE_CURVE('',#1395,#1883,#1885,.T.);
#1883 = VERTEX_POINT('',#1884);
#1884 = CARTESIAN_POINT('',(26.121362587715,2.998081725796,
    7.759477804514E-04));
#1885 = SEAM_CURVE('',#1886,(#1890,#1897),.PCURVE_S1.);
#1886 = LINE('',#1887,#1888);
#1887 = CARTESIAN_POINT('',(25.618765048546,3.500419451968,
    8.885960763104E-04));
#1888 = VECTOR('',#1889,1.);
#1889 = DIRECTION('',(0.707289561961,-0.706923935379,-1.585263707529E-04
    ));
#1890 = PCURVE('',#1411,#1891);
#1891 = DEFINITIONAL_REPRESENTATION('',(#1892),#1896);
#1892 = LINE('',#1893,#1894);
#1893 = CARTESIAN_POINT('',(-6.28318530718,0.));
#1894 = VECTOR('',#1895,1.);
#1895 = DIRECTION('',(-0.,-1.));
#1896 = ( GEOMETRIC_REPRESENTATION_CONTEXT(2) 
PARAMETRIC_REPRESENTATION_CONTEXT() REPRESENTATION_CONTEXT('2D SPACE',''
  ) );
#1897 = PCURVE('',#1411,#1898);
#1898 = DEFINITIONAL_REPRESENTATION('',(#1899),#1903);
#1899 = LINE('',#1900,#1901);
#1900 = CARTESIAN_POINT('',(0.,-0.));
#1901 = VECTOR('',#1902,1.);
#1902 = DIRECTION('',(-0.,-1.));
#1903 = ( GEOMETRIC_REPRESENTATION_CONTEXT(2) 
PARAMETRIC_REPRESENTATION_CONTEXT() REPRESENTATION_CONTEXT('2D SPACE',''
  ) );
#1904 = ORIENTED_EDGE('',*,*,#1905,.F.);
#1905 = EDGE_CURVE('',#1883,#1883,#1906,.T.);
#1906 = SURFACE_CURVE('',#1907,(#1912,#1919),.PCURVE_S1.);
#1907 = CIRCLE('',#1908,2.999194258261);
#1908 = AXIS2_PLACEMENT_3D('',#1909,#1910,#1911);
#1909 = CARTESIAN_POINT('',(26.123112460228,-1.112021986151E-03,
    7.759477804521E-04));
#1910 = DIRECTION('',(0.999999804648,5.834475257014E-04,
    -2.242630179446E-04));
#1911 = DIRECTION('',(-5.834475403734E-04,0.999999829794,0.));
#1912 = PCURVE('',#1411,#1913);
#1913 = DEFINITIONAL_REPRESENTATION('',(#1914),#1918);
#1914 = LINE('',#1915,#1916);
#1915 = CARTESIAN_POINT('',(-0.,-0.502304378545));
#1916 = VECTOR('',#1917,1.);
#1917 = DIRECTION('',(-1.,-0.));
#1918 = ( GEOMETRIC_REPRESENTATION_CONTEXT(2) 
PARAMETRIC_REPRESENTATION_CONTEXT() REPRESENTATION_CONTEXT('2D SPACE',''
  ) );
#1919 = PCURVE('',#1920,#1925);
#1920 = PLANE('',#1921);
#1921 = AXIS2_PLACEMENT_3D('',#1922,#1923,#1924);
#1922 = CARTESIAN_POINT('',(26.123112460228,-1.112021986151E-03,
    7.759477804521E-04));
#1923 = DIRECTION('',(0.999999804648,5.834475257014E-04,
    -2.242630179446E-04));
#1924 = DIRECTION('',(-5.834475403734E-04,0.999999829794,0.));
#1925 = DEFINITIONAL_REPRESENTATION('',(#1926),#1930);
#1926 = CIRCLE('',#1927,2.999194258261);
#1927 = AXIS2_PLACEMENT_2D('',#1928,#1929);
#1928 = CARTESIAN_POINT('',(0.,0.));
#1929 = DIRECTION('',(1.,0.));
#1930 = ( GEOMETRIC_REPRESENTATION_CONTEXT(2) 
PARAMETRIC_REPRESENTATION_CONTEXT() REPRESENTATION_CONTEXT('2D SPACE',''
  ) );
#1931 = ORIENTED_EDGE('',*,*,#1882,.F.);
#1932 = ORIENTED_EDGE('',*,*,#1394,.T.);
#1933 = ADVANCED_FACE('',(#1934,#1940),#1660,.T.);
#1934 = FACE_BOUND('',#1935,.T.);
#1935 = EDGE_LOOP('',(#1936,#1937,#1938,#1939));
#1936 = ORIENTED_EDGE('',*,*,#1720,.T.);
#1937 = ORIENTED_EDGE('',*,*,#1644,.T.);
#1938 = ORIENTED_EDGE('',*,*,#1796,.T.);
#1939 = ORIENTED_EDGE('',*,*,#1769,.T.);
#1940 = FACE_BOUND('',#1941,.T.);
#1941 = EDGE_LOOP('',(#1942));
#1942 = ORIENTED_EDGE('',*,*,#1846,.F.);
#1943 = ADVANCED_FACE('',(#1944),#1920,.T.);
#1944 = FACE_BOUND('',#1945,.T.);
#1945 = EDGE_LOOP('',(#1946));
#1946 = ORIENTED_EDGE('',*,*,#1905,.T.);
#1947 = ( GEOMETRIC_REPRESENTATION_CONTEXT(3) 
GLOBAL_UNCERTAINTY_ASSIGNED_CONTEXT((#1951)) 
GLOBAL_UNIT_ASSIGNED_CONTEXT((#1948,#1949,#1950)) REPRESENTATION_CONTEXT
('Context #1','3D Context with UNIT and UNCERTAINTY') );
#1948 = ( LENGTH_UNIT() NAMED_UNIT(*) SI_UNIT(.MILLI.,.METRE.) );
#1949 = ( NAMED_UNIT(*) PLANE_ANGLE_UNIT() SI_UNIT($,.RADIAN.) );
#1950 = ( NAMED_UNIT(*) SI_UNIT($,.STERADIAN.) SOLID_ANGLE_UNIT() );
#1951 = UNCERTAINTY_MEASURE_WITH_UNIT(LENGTH_MEASURE(1.E-07),#1948,
  'distance_accuracy_value','confusion accuracy');
#1952 = PRODUCT_TYPE('part',$,(#7));
ENDSEC;
END-ISO-10303-21;
