ISO-10303-21;
HEADER;
FILE_DESCRIPTION(('Open CASCADE Model'),'2;1');
FILE_NAME('Open CASCADE Shape Model','2026-06-20T23:41:15',('Author'),(
    'Open CASCADE'),'Open CASCADE STEP processor 7.8','Open CASCADE 7.8'
  ,'Unknown');
FILE_SCHEMA(('CONFIG_CONTROL_DESIGN'));
ENDSEC;
DATA;
#1 = APPLICATION_PROTOCOL_DEFINITION('committee draft',
  'automotive_design',1997,#2);
#2 = APPLICATION_CONTEXT(
  'core data for automotive mechanical design processes');
#3 = SHAPE_DEFINITION_REPRESENTATION(#4,#10);
#4 = PRODUCT_DEFINITION_SHAPE('','',#5);
#5 = PRODUCT_DEFINITION('design','',#6,#9);
#6 = PRODUCT_DEFINITION_FORMATION('','',#7);
#7 = PRODUCT('Product 5','Product 5','',(#8));
#8 = MECHANICAL_CONTEXT('',#2,'mechanical');
#9 = PRODUCT_DEFINITION_CONTEXT('part definition',#2,'design');
#10 = ADVANCED_BREP_SHAPE_REPRESENTATION('',(#11,#15),#2283);
#11 = AXIS2_PLACEMENT_3D('',#12,#13,#14);
#12 = CARTESIAN_POINT('',(0.,0.,0.));
#13 = DIRECTION('',(0.,0.,1.));
#14 = DIRECTION('',(1.,0.,-0.));
#15 = MANIFOLD_SOLID_BREP('',#16);
#16 = CLOSED_SHELL('',(#17,#109,#144,#148,#2131,#2160,#2189,#2224,#2279)
  );
#17 = ADVANCED_FACE('',(#18),#32,.T.);
#18 = FACE_BOUND('',#19,.T.);
#19 = EDGE_LOOP('',(#20,#50,#77,#78));
#20 = ORIENTED_EDGE('',*,*,#21,.T.);
#21 = EDGE_CURVE('',#22,#24,#26,.T.);
#22 = VERTEX_POINT('',#23);
#23 = CARTESIAN_POINT('',(-13.51088803564,1.351272446361E-03,
    -3.512936555527));
#24 = VERTEX_POINT('',#25);
#25 = CARTESIAN_POINT('',(-13.99681084787,1.305146746839E-03,
    -3.027916145543));
#26 = SEAM_CURVE('',#27,(#31,#43),.PCURVE_S1.);
#27 = LINE('',#28,#29);
#28 = CARTESIAN_POINT('',(-13.49435787857,1.352841553715E-03,
    -3.529436014615));
#29 = VECTOR('',#30,1.);
#30 = DIRECTION('',(-0.707763664497,-6.718370345936E-05,0.706449283886)
  );
#31 = PCURVE('',#32,#37);
#32 = CONICAL_SURFACE('',#33,3.501566313174,0.785645410966);
#33 = AXIS2_PLACEMENT_3D('',#34,#35,#36);
#34 = CARTESIAN_POINT('',(-13.49847802155,1.352841553714E-03,
    -2.787212544018E-02));
#35 = DIRECTION('',(0.999999303223,9.503560482927E-05,1.176657129114E-03
    ));
#36 = DIRECTION('',(1.176657134427E-03,1.323488980085E-23,
    -0.999999307739));
#37 = DEFINITIONAL_REPRESENTATION('',(#38),#42);
#38 = LINE('',#39,#40);
#39 = CARTESIAN_POINT('',(-6.28318530718,0.));
#40 = VECTOR('',#41,1.);
#41 = DIRECTION('',(-0.,-1.));
#42 = ( GEOMETRIC_REPRESENTATION_CONTEXT(2) 
PARAMETRIC_REPRESENTATION_CONTEXT() REPRESENTATION_CONTEXT('2D SPACE',''
  ) );
#43 = PCURVE('',#32,#44);
#44 = DEFINITIONAL_REPRESENTATION('',(#45),#49);
#45 = LINE('',#46,#47);
#46 = CARTESIAN_POINT('',(0.,-0.));
#47 = VECTOR('',#48,1.);
#48 = DIRECTION('',(-0.,-1.));
#49 = ( GEOMETRIC_REPRESENTATION_CONTEXT(2) 
PARAMETRIC_REPRESENTATION_CONTEXT() REPRESENTATION_CONTEXT('2D SPACE',''
  ) );
#50 = ORIENTED_EDGE('',*,*,#51,.F.);
#51 = EDGE_CURVE('',#24,#24,#52,.T.);
#52 = SURFACE_CURVE('',#53,(#58,#65),.PCURVE_S1.);
#53 = CIRCLE('',#54,2.999455576413);
#54 = AXIS2_PLACEMENT_3D('',#55,#56,#57);
#55 = CARTESIAN_POINT('',(-14.00034017868,1.305146746838E-03,
    -2.846264553666E-02));
#56 = DIRECTION('',(-0.999999303223,-9.503560482927E-05,
    -1.176657129114E-03));
#57 = DIRECTION('',(1.176657134427E-03,2.64697796017E-23,-0.999999307739
    ));
#58 = PCURVE('',#32,#59);
#59 = DEFINITIONAL_REPRESENTATION('',(#60),#64);
#60 = LINE('',#61,#62);
#61 = CARTESIAN_POINT('',(-0.,-0.501862506811));
#62 = VECTOR('',#63,1.);
#63 = DIRECTION('',(-1.,-0.));
#64 = ( GEOMETRIC_REPRESENTATION_CONTEXT(2) 
PARAMETRIC_REPRESENTATION_CONTEXT() REPRESENTATION_CONTEXT('2D SPACE',''
  ) );
#65 = PCURVE('',#66,#71);
#66 = PLANE('',#67);
#67 = AXIS2_PLACEMENT_3D('',#68,#69,#70);
#68 = CARTESIAN_POINT('',(-14.00034017868,1.305146746838E-03,
    -2.846264553666E-02));
#69 = DIRECTION('',(-0.999999303223,-9.503560482927E-05,
    -1.176657129114E-03));
#70 = DIRECTION('',(1.176657134427E-03,1.323488980085E-23,
    -0.999999307739));
#71 = DEFINITIONAL_REPRESENTATION('',(#72),#76);
#72 = CIRCLE('',#73,2.999455576413);
#73 = AXIS2_PLACEMENT_2D('',#74,#75);
#74 = CARTESIAN_POINT('',(0.,0.));
#75 = DIRECTION('',(1.,0.));
#76 = ( GEOMETRIC_REPRESENTATION_CONTEXT(2) 
PARAMETRIC_REPRESENTATION_CONTEXT() REPRESENTATION_CONTEXT('2D SPACE',''
  ) );
#77 = ORIENTED_EDGE('',*,*,#21,.F.);
#78 = ORIENTED_EDGE('',*,*,#79,.T.);
#79 = EDGE_CURVE('',#22,#22,#80,.T.);
#80 = SURFACE_CURVE('',#81,(#86,#93),.PCURVE_S1.);
#81 = CIRCLE('',#82,3.48504741518);
#82 = AXIS2_PLACEMENT_3D('',#83,#84,#85);
#83 = CARTESIAN_POINT('',(-13.51498874155,1.35127244636E-03,
    -2.78915529101E-02));
#84 = DIRECTION('',(-0.999999303223,-9.503560482927E-05,
    -1.176657129114E-03));
#85 = DIRECTION('',(1.176657134427E-03,2.64697796017E-23,-0.999999307739
    ));
#86 = PCURVE('',#32,#87);
#87 = DEFINITIONAL_REPRESENTATION('',(#88),#92);
#88 = LINE('',#89,#90);
#89 = CARTESIAN_POINT('',(-0.,-1.651073149796E-02));
#90 = VECTOR('',#91,1.);
#91 = DIRECTION('',(-1.,-0.));
#92 = ( GEOMETRIC_REPRESENTATION_CONTEXT(2) 
PARAMETRIC_REPRESENTATION_CONTEXT() REPRESENTATION_CONTEXT('2D SPACE',''
  ) );
#93 = PCURVE('',#94,#99);
#94 = PLANE('',#95);
#95 = AXIS2_PLACEMENT_3D('',#96,#97,#98);
#96 = CARTESIAN_POINT('',(-13.51498874155,1.35127244636E-03,
    -2.78915529101E-02));
#97 = DIRECTION('',(0.999999303223,9.503560482927E-05,1.176657129114E-03
    ));
#98 = DIRECTION('',(-1.176657134427E-03,-1.323488980085E-23,
    0.999999307739));
#99 = DEFINITIONAL_REPRESENTATION('',(#100),#108);
#100 = ( BOUNDED_CURVE() B_SPLINE_CURVE(2,(#101,#102,#103,#104,#105,#106
,#107),.UNSPECIFIED.,.T.,.F.) B_SPLINE_CURVE_WITH_KNOTS((1,2,2,2,2,1),(
    -2.094395102393,0.,2.094395102393,4.188790204786,6.28318530718,
8.377580409573),.UNSPECIFIED.) CURVE() GEOMETRIC_REPRESENTATION_ITEM() 
RATIONAL_B_SPLINE_CURVE((1.,0.5,1.,0.5,1.,0.5,1.)) REPRESENTATION_ITEM(
  '') );
#101 = CARTESIAN_POINT('',(-3.48504741518,-1.68909666165E-19));
#102 = CARTESIAN_POINT('',(-3.48504741518,6.036279189878));
#103 = CARTESIAN_POINT('',(1.74252370759,3.018139594939));
#104 = CARTESIAN_POINT('',(6.97009483036,8.534217994545E-16));
#105 = CARTESIAN_POINT('',(1.74252370759,-3.018139594939));
#106 = CARTESIAN_POINT('',(-3.48504741518,-6.036279189878));
#107 = CARTESIAN_POINT('',(-3.48504741518,-1.68909666165E-19));
#108 = ( GEOMETRIC_REPRESENTATION_CONTEXT(2) 
PARAMETRIC_REPRESENTATION_CONTEXT() REPRESENTATION_CONTEXT('2D SPACE',''
  ) );
#109 = ADVANCED_FACE('',(#110,#141),#94,.F.);
#110 = FACE_BOUND('',#111,.F.);
#111 = EDGE_LOOP('',(#112));
#112 = ORIENTED_EDGE('',*,*,#113,.T.);
#113 = EDGE_CURVE('',#114,#114,#116,.T.);
#114 = VERTEX_POINT('',#115);
#115 = CARTESIAN_POINT('',(-13.51910701659,1.351272446361E-03,
    3.472084840693));
#116 = SURFACE_CURVE('',#117,(#122,#129),.PCURVE_S1.);
#117 = CIRCLE('',#118,3.499978816503);
#118 = AXIS2_PLACEMENT_3D('',#119,#120,#121);
#119 = CARTESIAN_POINT('',(-13.51498874155,1.35127244636E-03,
    -2.78915529101E-02));
#120 = DIRECTION('',(0.999999303223,9.503560482927E-05,
    1.176657129114E-03));
#121 = DIRECTION('',(-1.176657134427E-03,-2.64697796017E-23,
    0.999999307739));
#122 = PCURVE('',#94,#123);
#123 = DEFINITIONAL_REPRESENTATION('',(#124),#128);
#124 = CIRCLE('',#125,3.499978816503);
#125 = AXIS2_PLACEMENT_2D('',#126,#127);
#126 = CARTESIAN_POINT('',(0.,0.));
#127 = DIRECTION('',(1.,0.));
#128 = ( GEOMETRIC_REPRESENTATION_CONTEXT(2) 
PARAMETRIC_REPRESENTATION_CONTEXT() REPRESENTATION_CONTEXT('2D SPACE',''
  ) );
#129 = PCURVE('',#130,#135);
#130 = CYLINDRICAL_SURFACE('',#131,3.499978816503);
#131 = AXIS2_PLACEMENT_3D('',#132,#133,#134);
#132 = CARTESIAN_POINT('',(-13.51498874155,1.35127244636E-03,
    -2.78915529101E-02));
#133 = DIRECTION('',(0.999999303223,9.503560482927E-05,
    1.176657129114E-03));
#134 = DIRECTION('',(-1.176657134427E-03,-1.323488980085E-23,
    0.999999307739));
#135 = DEFINITIONAL_REPRESENTATION('',(#136),#140);
#136 = LINE('',#137,#138);
#137 = CARTESIAN_POINT('',(0.,0.));
#138 = VECTOR('',#139,1.);
#139 = DIRECTION('',(1.,0.));
#140 = ( GEOMETRIC_REPRESENTATION_CONTEXT(2) 
PARAMETRIC_REPRESENTATION_CONTEXT() REPRESENTATION_CONTEXT('2D SPACE',''
  ) );
#141 = FACE_BOUND('',#142,.F.);
#142 = EDGE_LOOP('',(#143));
#143 = ORIENTED_EDGE('',*,*,#79,.T.);
#144 = ADVANCED_FACE('',(#145),#66,.T.);
#145 = FACE_BOUND('',#146,.T.);
#146 = EDGE_LOOP('',(#147));
#147 = ORIENTED_EDGE('',*,*,#51,.T.);
#148 = ADVANCED_FACE('',(#149,#1217,#1674),#130,.T.);
#149 = FACE_BOUND('',#150,.T.);
#150 = EDGE_LOOP('',(#151,#152,#175,#198,#373,#396,#631,#726,#749,#776,
    #777,#945,#946,#1116,#1215,#1216));
#151 = ORIENTED_EDGE('',*,*,#113,.T.);
#152 = ORIENTED_EDGE('',*,*,#153,.T.);
#153 = EDGE_CURVE('',#114,#154,#156,.T.);
#154 = VERTEX_POINT('',#155);
#155 = CARTESIAN_POINT('',(-13.50338965197,1.352766156655E-03,
    3.472103334655));
#156 = SEAM_CURVE('',#157,(#161,#168),.PCURVE_S1.);
#157 = LINE('',#158,#159);
#158 = CARTESIAN_POINT('',(-13.51910701659,1.351272446361E-03,
    3.472084840693));
#159 = VECTOR('',#160,1.);
#160 = DIRECTION('',(0.999999303223,9.503560482927E-05,
    1.176657129114E-03));
#161 = PCURVE('',#130,#162);
#162 = DEFINITIONAL_REPRESENTATION('',(#163),#167);
#163 = LINE('',#164,#165);
#164 = CARTESIAN_POINT('',(6.28318530718,-0.));
#165 = VECTOR('',#166,1.);
#166 = DIRECTION('',(0.,1.));
#167 = ( GEOMETRIC_REPRESENTATION_CONTEXT(2) 
PARAMETRIC_REPRESENTATION_CONTEXT() REPRESENTATION_CONTEXT('2D SPACE',''
  ) );
#168 = PCURVE('',#130,#169);
#169 = DEFINITIONAL_REPRESENTATION('',(#170),#174);
#170 = LINE('',#171,#172);
#171 = CARTESIAN_POINT('',(0.,-0.));
#172 = VECTOR('',#173,1.);
#173 = DIRECTION('',(0.,1.));
#174 = ( GEOMETRIC_REPRESENTATION_CONTEXT(2) 
PARAMETRIC_REPRESENTATION_CONTEXT() REPRESENTATION_CONTEXT('2D SPACE',''
  ) );
#175 = ORIENTED_EDGE('',*,*,#176,.T.);
#176 = EDGE_CURVE('',#154,#177,#179,.T.);
#177 = VERTEX_POINT('',#178);
#178 = CARTESIAN_POINT('',(-11.55529324054,1.537904806382E-03,
    3.474395577783));
#179 = SEAM_CURVE('',#180,(#184,#191),.PCURVE_S1.);
#180 = LINE('',#181,#182);
#181 = CARTESIAN_POINT('',(-13.51910701659,1.351272446361E-03,
    3.472084840693));
#182 = VECTOR('',#183,1.);
#183 = DIRECTION('',(0.999999303223,9.503560482927E-05,
    1.176657129114E-03));
#184 = PCURVE('',#130,#185);
#185 = DEFINITIONAL_REPRESENTATION('',(#186),#190);
#186 = LINE('',#187,#188);
#187 = CARTESIAN_POINT('',(6.28318530718,-0.));
#188 = VECTOR('',#189,1.);
#189 = DIRECTION('',(0.,1.));
#190 = ( GEOMETRIC_REPRESENTATION_CONTEXT(2) 
PARAMETRIC_REPRESENTATION_CONTEXT() REPRESENTATION_CONTEXT('2D SPACE',''
  ) );
#191 = PCURVE('',#130,#192);
#192 = DEFINITIONAL_REPRESENTATION('',(#193),#197);
#193 = LINE('',#194,#195);
#194 = CARTESIAN_POINT('',(0.,-0.));
#195 = VECTOR('',#196,1.);
#196 = DIRECTION('',(0.,1.));
#197 = ( GEOMETRIC_REPRESENTATION_CONTEXT(2) 
PARAMETRIC_REPRESENTATION_CONTEXT() REPRESENTATION_CONTEXT('2D SPACE',''
  ) );
#198 = ORIENTED_EDGE('',*,*,#199,.T.);
#199 = EDGE_CURVE('',#177,#200,#202,.T.);
#200 = VERTEX_POINT('',#201);
#201 = CARTESIAN_POINT('',(-7.455312987525,1.92754918101E-03,
    3.479219852139));
#202 = SURFACE_CURVE('',#203,(#256,#312),.PCURVE_S1.);
#203 = B_SPLINE_CURVE_WITH_KNOTS('',6,(#204,#205,#206,#207,#208,#209,
    #210,#211,#212,#213,#214,#215,#216,#217,#218,#219,#220,#221,#222,
    #223,#224,#225,#226,#227,#228,#229,#230,#231,#232,#233,#234,#235,
    #236,#237,#238,#239,#240,#241,#242,#243,#244,#245,#246,#247,#248,
    #249,#250,#251,#252,#253,#254,#255),.UNSPECIFIED.,.F.,.F.,(7,5,5,5,5
    ,5,5,5,5,5,7),(0.,0.118059358582,0.16836987066,0.301321542385,
    0.399269463952,0.49999027905,0.600745008769,0.698161485807,
    0.831468689641,0.883178073562,1.),.UNSPECIFIED.);
#204 = CARTESIAN_POINT('',(-11.55529324054,1.537904806383E-03,
    3.474395577783));
#205 = CARTESIAN_POINT('',(-11.55489729473,0.153115926011,3.474396043676
    ));
#206 = CARTESIAN_POINT('',(-11.54104557262,0.303547924694,3.466534651467
    ));
#207 = CARTESIAN_POINT('',(-11.51411344939,0.450596211668,3.451035847458
    ));
#208 = CARTESIAN_POINT('',(-11.47513338121,0.592087129825,3.42875718464)
  );
#209 = CARTESIAN_POINT('',(-11.42579138177,0.726034117891,3.40115660371)
  );
#210 = CARTESIAN_POINT('',(-11.34415554696,0.903906130256,3.35676813757)
  );
#211 = CARTESIAN_POINT('',(-11.31823755256,0.95557632333,3.342815477914)
  );
#212 = CARTESIAN_POINT('',(-11.29090117825,1.005754053817,3.328269363142
    ));
#213 = CARTESIAN_POINT('',(-11.26224666383,1.054430992265,3.313222301625
    ));
#214 = CARTESIAN_POINT('',(-11.23236843505,1.101603293417,3.297763799681
    ));
#215 = CARTESIAN_POINT('',(-11.11939858824,1.267955663008,3.240270698995
    ));
#216 = CARTESIAN_POINT('',(-11.02948432875,1.378182218021,3.196275097626
    ));
#217 = CARTESIAN_POINT('',(-10.93302825579,1.478253253315,3.151474582946
    ));
#218 = CARTESIAN_POINT('',(-10.83101423038,1.568540133453,3.107125644415
    ));
#219 = CARTESIAN_POINT('',(-10.72409646211,1.649360681458,3.064331523717
    ));
#220 = CARTESIAN_POINT('',(-10.53061247679,1.773570324364,2.99452190262)
  );
#221 = CARTESIAN_POINT('',(-10.44607822461,1.821225878588,2.966310902897
    ));
#222 = CARTESIAN_POINT('',(-10.3593661133,1.863832664985,2.939962367834)
  );
#223 = CARTESIAN_POINT('',(-10.27071935408,1.901375193404,2.915909392211
    ));
#224 = CARTESIAN_POINT('',(-10.18034616929,1.933824014653,2.894546079335
    ));
#225 = CARTESIAN_POINT('',(-9.993895094871,1.9891944695,2.857366152452)
  );
#226 = CARTESIAN_POINT('',(-9.897711455409,2.011825157059,2.841720368892
    ));
#227 = CARTESIAN_POINT('',(-9.800311103462,2.028875092754,2.829703238653
    ));
#228 = CARTESIAN_POINT('',(-9.702095777388,2.04027638729,2.821621370278)
  );
#229 = CARTESIAN_POINT('',(-9.603442710375,2.045989464132,2.817633188292
    ));
#230 = CARTESIAN_POINT('',(-9.405967860389,2.046008231287,2.817865548644
    ));
#231 = CARTESIAN_POINT('',(-9.307290261221,2.040310066213,2.822088685715
    ));
#232 = CARTESIAN_POINT('',(-9.209059411722,2.028919791043,2.830407208889
    ));
#233 = CARTESIAN_POINT('',(-9.111652514063,2.011876957635,2.842661596248
    ));
#234 = CARTESIAN_POINT('',(-9.015470970147,1.989249448699,2.858543899738
    ));
#235 = CARTESIAN_POINT('',(-8.829569476434,1.934034956368,2.896078919865
    ));
#236 = CARTESIAN_POINT('',(-8.739724636199,1.901798091889,2.917526313184
    ));
#237 = CARTESIAN_POINT('',(-8.651591996614,1.864521886829,2.941631678262
    ));
#238 = CARTESIAN_POINT('',(-8.565375742366,1.822235510047,2.968006928248
    ));
#239 = CARTESIAN_POINT('',(-8.481314156499,1.774954564066,2.99622562555)
  );
#240 = CARTESIAN_POINT('',(-8.287973543538,1.651178546494,3.066352426728
    ));
#241 = CARTESIAN_POINT('',(-8.180776826976,1.570313903623,3.109487308995
    ));
#242 = CARTESIAN_POINT('',(-8.078504011221,1.479934648016,3.154187508526
    ));
#243 = CARTESIAN_POINT('',(-7.981809509326,1.379721116151,3.199340316834
    ));
#244 = CARTESIAN_POINT('',(-7.891679826475,1.269298902708,3.243677940181
    ));
#245 = CARTESIAN_POINT('',(-7.77767437824,1.101452467234,3.302006904994)
  );
#246 = CARTESIAN_POINT('',(-7.747008091511,1.052952237682,3.317964153027
    ));
#247 = CARTESIAN_POINT('',(-7.717634640167,1.002861982517,3.333482249509
    ));
#248 = CARTESIAN_POINT('',(-7.689656700358,0.951186359281,3.348463569832
    ));
#249 = CARTESIAN_POINT('',(-7.663183329071,0.897935060903,3.36280718642)
  );
#250 = CARTESIAN_POINT('',(-7.582181200596,0.719290899862,3.407137812074
    ));
#251 = CARTESIAN_POINT('',(-7.53383658306,0.586467469832,3.434335084317)
  );
#252 = CARTESIAN_POINT('',(-7.495669340336,0.446301150603,3.456256584508
    ));
#253 = CARTESIAN_POINT('',(-7.469304118057,0.300732789844,3.471493590243
    ));
#254 = CARTESIAN_POINT('',(-7.455733193473,0.151881623662,3.4792193577)
  );
#255 = CARTESIAN_POINT('',(-7.455312987525,1.927549181009E-03,
    3.479219852139));
#256 = PCURVE('',#130,#257);
#257 = DEFINITIONAL_REPRESENTATION('',(#258),#311);
#258 = B_SPLINE_CURVE_WITH_KNOTS('',6,(#259,#260,#261,#262,#263,#264,
    #265,#266,#267,#268,#269,#270,#271,#272,#273,#274,#275,#276,#277,
    #278,#279,#280,#281,#282,#283,#284,#285,#286,#287,#288,#289,#290,
    #291,#292,#293,#294,#295,#296,#297,#298,#299,#300,#301,#302,#303,
    #304,#305,#306,#307,#308,#309,#310),.UNSPECIFIED.,.F.,.F.,(7,5,5,5,5
    ,5,5,5,5,5,7),(0.,0.118059358582,0.16836987066,0.301321542385,
    0.399269463952,0.49999027905,0.600745008769,0.698161485807,
    0.831468689641,0.883178073562,1.),.UNSPECIFIED.);
#259 = CARTESIAN_POINT('',(6.28318530718,1.963815144394));
#260 = CARTESIAN_POINT('',(6.239877049948,1.964225495787));
#261 = CARTESIAN_POINT('',(6.19689651895,1.978082254474));
#262 = CARTESIAN_POINT('',(6.15473735457,2.005010096989));
#263 = CARTESIAN_POINT('',(6.113883646251,2.043977370334));
#264 = CARTESIAN_POINT('',(6.074840269363,2.093299588699));
#265 = CARTESIAN_POINT('',(6.022456309086,2.174900040797));
#266 = CARTESIAN_POINT('',(6.007165730299,2.200806510154));
#267 = CARTESIAN_POINT('',(5.992240780205,2.228130518299));
#268 = CARTESIAN_POINT('',(5.977684810715,2.256771933566));
#269 = CARTESIAN_POINT('',(5.963501141658,2.286636435217));
#270 = CARTESIAN_POINT('',(5.913203520912,2.399554363043));
#271 = CARTESIAN_POINT('',(5.879322761943,2.489427267586));
#272 = CARTESIAN_POINT('',(5.848020504667,2.585840068812));
#273 = CARTESIAN_POINT('',(5.819288938579,2.687810420113));
#274 = CARTESIAN_POINT('',(5.793153962523,2.794685440705));
#275 = CARTESIAN_POINT('',(5.752416946024,2.988098953558));
#276 = CARTESIAN_POINT('',(5.736585614482,3.072604481138));
#277 = CARTESIAN_POINT('',(5.72226254259,3.159289577996));
#278 = CARTESIAN_POINT('',(5.709510966372,3.247911541224));
#279 = CARTESIAN_POINT('',(5.698396738764,3.338262609548));
#280 = CARTESIAN_POINT('',(5.679310069268,3.524675068192));
#281 = CARTESIAN_POINT('',(5.671433820764,3.620842381633));
#282 = CARTESIAN_POINT('',(5.665457338363,3.718230146023));
#283 = CARTESIAN_POINT('',(5.661447358726,3.816436977603));
#284 = CARTESIAN_POINT('',(5.659439668943,3.9150858261));
#285 = CARTESIAN_POINT('',(5.659439668943,4.112560813682));
#286 = CARTESIAN_POINT('',(5.661448710978,4.21124277175));
#287 = CARTESIAN_POINT('',(5.665461383483,4.309482258372));
#288 = CARTESIAN_POINT('',(5.671441853191,4.406901887695));
#289 = CARTESIAN_POINT('',(5.679323302072,4.503099902202));
#290 = CARTESIAN_POINT('',(5.698368143511,4.689040184889));
#291 = CARTESIAN_POINT('',(5.709415778184,4.7789071351));
#292 = CARTESIAN_POINT('',(5.722083371507,4.86706453446));
#293 = CARTESIAN_POINT('',(5.736306090573,4.953307744548));
#294 = CARTESIAN_POINT('',(5.75202160714,5.037397982201));
#295 = CARTESIAN_POINT('',(5.792640496915,5.230809212519));
#296 = CARTESIAN_POINT('',(5.818803633278,5.338048924335));
#297 = CARTESIAN_POINT('',(5.847577778044,5.44036567639));
#298 = CARTESIAN_POINT('',(5.878936404045,5.537103716431));
#299 = CARTESIAN_POINT('',(5.912887154381,5.62727501262));
#300 = CARTESIAN_POINT('',(5.963647157455,5.741333063224));
#301 = CARTESIAN_POINT('',(5.978230819055,5.772013495546));
#302 = CARTESIAN_POINT('',(5.993207783666,5.801400425544));
#303 = CARTESIAN_POINT('',(6.0085743229,5.829391062712));
#304 = CARTESIAN_POINT('',(6.024326672833,5.855876232302));
#305 = CARTESIAN_POINT('',(6.076911809686,5.936913488728));
#306 = CARTESIAN_POINT('',(6.115614259302,5.985277451488));
#307 = CARTESIAN_POINT('',(6.156078269333,6.023457140916));
#308 = CARTESIAN_POINT('',(6.197811412821,6.049826439379));
#309 = CARTESIAN_POINT('',(6.240341015371,6.063392298926));
#310 = CARTESIAN_POINT('',(6.28318530718,6.063798254186));
#311 = ( GEOMETRIC_REPRESENTATION_CONTEXT(2) 
PARAMETRIC_REPRESENTATION_CONTEXT() REPRESENTATION_CONTEXT('2D SPACE',''
  ) );
#312 = PCURVE('',#313,#318);
#313 = CYLINDRICAL_SURFACE('',#314,2.049999066988);
#314 = AXIS2_PLACEMENT_3D('',#315,#316,#317);
#315 = CARTESIAN_POINT('',(-9.505811786129,-3.696656048836E-03,
    3.909548665392));
#316 = DIRECTION('',(1.176683518768E-03,-2.781048352393E-04,
    -0.999999269037));
#317 = DIRECTION('',(-0.999999307708,0.,-1.176683564271E-03));
#318 = DEFINITIONAL_REPRESENTATION('',(#319),#372);
#319 = B_SPLINE_CURVE_WITH_KNOTS('',6,(#320,#321,#322,#323,#324,#325,
    #326,#327,#328,#329,#330,#331,#332,#333,#334,#335,#336,#337,#338,
    #339,#340,#341,#342,#343,#344,#345,#346,#347,#348,#349,#350,#351,
    #352,#353,#354,#355,#356,#357,#358,#359,#360,#361,#362,#363,#364,
    #365,#366,#367,#368,#369,#370,#371),.UNSPECIFIED.,.F.,.F.,(7,5,5,5,5
    ,5,5,5,5,5,7),(0.,0.118059358582,0.16836987066,0.301321542385,
    0.399269463952,0.49999027905,0.600745008769,0.698161485807,
    0.831468689641,0.883178073562,1.),.UNSPECIFIED.);
#320 = CARTESIAN_POINT('',(2.612154438294E-03,0.432739722722));
#321 = CARTESIAN_POINT('',(7.655293564184E-02,0.432697568152));
#322 = CARTESIAN_POINT('',(0.149952810229,0.440533417841));
#323 = CARTESIAN_POINT('',(0.22244791904,0.456023006267));
#324 = CARTESIAN_POINT('',(0.293648853299,0.478308170696));
#325 = CARTESIAN_POINT('',(0.363071159212,0.505929540064));
#326 = CARTESIAN_POINT('',(0.458534912275,0.550364566232));
#327 = CARTESIAN_POINT('',(0.486714385699,0.564333343235));
#328 = CARTESIAN_POINT('',(0.514561952373,0.578897658966));
#329 = CARTESIAN_POINT('',(0.542090585406,0.593964889487));
#330 = CARTESIAN_POINT('',(0.56931213758,0.609445418506));
#331 = CARTESIAN_POINT('',(0.667390480226,0.667025143525));
#332 = CARTESIAN_POINT('',(0.736501974488,0.711095858824));
#333 = CARTESIAN_POINT('',(0.803953935461,0.755982008789));
#334 = CARTESIAN_POINT('',(0.870091824936,0.800425843907));
#335 = CARTESIAN_POINT('',(0.935263413516,0.843323265115));
#336 = CARTESIAN_POINT('',(1.047391857951,0.913325961298));
#337 = CARTESIAN_POINT('',(1.094639064102,0.941623157221));
#338 = CARTESIAN_POINT('',(1.141643748344,0.968061856583));
#339 = CARTESIAN_POINT('',(1.188482561581,0.992208683046));
#340 = CARTESIAN_POINT('',(1.235238477103,1.01366929677));
#341 = CARTESIAN_POINT('',(1.330097044561,1.05105319159));
#342 = CARTESIAN_POINT('',(1.378208844386,1.066805847713));
#343 = CARTESIAN_POINT('',(1.426316449513,1.078932836887));
#344 = CARTESIAN_POINT('',(1.474423353318,1.087127096955));
#345 = CARTESIAN_POINT('',(1.522544745762,1.09122977063));
#346 = CARTESIAN_POINT('',(1.618874051839,1.09122977063));
#347 = CARTESIAN_POINT('',(1.667011595254,1.087124333638));
#348 = CARTESIAN_POINT('',(1.715134631691,1.078924570856));
#349 = CARTESIAN_POINT('',(1.763258385919,1.06678954924));
#350 = CARTESIAN_POINT('',(1.811386370704,1.051026725417));
#351 = CARTESIAN_POINT('',(1.906007392065,1.013725835368));
#352 = CARTESIAN_POINT('',(1.952510113718,0.992393141896));
#353 = CARTESIAN_POINT('',(1.999094555838,0.968401865356));
#354 = CARTESIAN_POINT('',(2.045842218259,0.94213984394));
#355 = CARTESIAN_POINT('',(2.092828372364,0.914033230208));
#356 = CARTESIAN_POINT('',(2.204851376516,0.844168403712));
#357 = CARTESIAN_POINT('',(2.270182433698,0.801182178432));
#358 = CARTESIAN_POINT('',(2.336480853348,0.756627489221));
#359 = CARTESIAN_POINT('',(2.404097014631,0.711616362612));
#360 = CARTESIAN_POINT('',(2.473378923684,0.667415534738));
#361 = CARTESIAN_POINT('',(2.572381411726,0.609267439799));
#362 = CARTESIAN_POINT('',(2.600364434863,0.593359776093));
#363 = CARTESIAN_POINT('',(2.628672137529,0.577890184552));
#364 = CARTESIAN_POINT('',(2.657317176171,0.562956167601));
#365 = CARTESIAN_POINT('',(2.686313484671,0.548658521721));
#366 = CARTESIAN_POINT('',(2.782012737785,0.504472924146));
#367 = CARTESIAN_POINT('',(2.850769281068,0.477369496936));
#368 = CARTESIAN_POINT('',(2.921260447221,0.455531904465));
#369 = CARTESIAN_POINT('',(2.993012173551,0.440366416655));
#370 = CARTESIAN_POINT('',(3.065641781257,0.432698019758));
#371 = CARTESIAN_POINT('',(3.138790427934,0.432739722722));
#372 = ( GEOMETRIC_REPRESENTATION_CONTEXT(2) 
PARAMETRIC_REPRESENTATION_CONTEXT() REPRESENTATION_CONTEXT('2D SPACE',''
  ) );
#373 = ORIENTED_EDGE('',*,*,#374,.T.);
#374 = EDGE_CURVE('',#200,#375,#377,.T.);
#375 = VERTEX_POINT('',#376);
#376 = CARTESIAN_POINT('',(7.431295611565,3.342308018853E-03,
    3.49673629848));
#377 = SEAM_CURVE('',#378,(#382,#389),.PCURVE_S1.);
#378 = LINE('',#379,#380);
#379 = CARTESIAN_POINT('',(-13.51910701659,1.351272446361E-03,
    3.472084840693));
#380 = VECTOR('',#381,1.);
#381 = DIRECTION('',(0.999999303223,9.503560482927E-05,
    1.176657129114E-03));
#382 = PCURVE('',#130,#383);
#383 = DEFINITIONAL_REPRESENTATION('',(#384),#388);
#384 = LINE('',#385,#386);
#385 = CARTESIAN_POINT('',(6.28318530718,-0.));
#386 = VECTOR('',#387,1.);
#387 = DIRECTION('',(0.,1.));
#388 = ( GEOMETRIC_REPRESENTATION_CONTEXT(2) 
PARAMETRIC_REPRESENTATION_CONTEXT() REPRESENTATION_CONTEXT('2D SPACE',''
  ) );
#389 = PCURVE('',#130,#390);
#390 = DEFINITIONAL_REPRESENTATION('',(#391),#395);
#391 = LINE('',#392,#393);
#392 = CARTESIAN_POINT('',(0.,-0.));
#393 = VECTOR('',#394,1.);
#394 = DIRECTION('',(0.,1.));
#395 = ( GEOMETRIC_REPRESENTATION_CONTEXT(2) 
PARAMETRIC_REPRESENTATION_CONTEXT() REPRESENTATION_CONTEXT('2D SPACE',''
  ) );
#396 = ORIENTED_EDGE('',*,*,#397,.F.);
#397 = EDGE_CURVE('',#398,#375,#400,.T.);
#398 = VERTEX_POINT('',#399);
#399 = CARTESIAN_POINT('',(9.49196248183,2.063499948173,2.828741544893)
  );
#400 = SURFACE_CURVE('',#401,(#474,#550),.PCURVE_S1.);
#401 = B_SPLINE_CURVE_WITH_KNOTS('',6,(#402,#403,#404,#405,#406,#407,
    #408,#409,#410,#411,#412,#413,#414,#415,#416,#417,#418,#419,#420,
    #421,#422,#423,#424,#425,#426,#427,#428,#429,#430,#431,#432,#433,
    #434,#435,#436,#437,#438,#439,#440,#441,#442,#443,#444,#445,#446,
    #447,#448,#449,#450,#451,#452,#453,#454,#455,#456,#457,#458,#459,
    #460,#461,#462,#463,#464,#465,#466,#467,#468,#469,#470,#471,#472,
    #473),.UNSPECIFIED.,.F.,.F.,(7,5,5,5,5,5,5,5,5,5,5,5,5,5,7),(0.,
    7.641283391937E-06,1.528256681267E-05,2.26603577322E-05,
    3.030164119435E-05,3.794292464929E-05,4.505722303204E-05,
    5.269850647418E-05,6.007629739066E-05,6.745408832153E-05,
    0.201220951715,0.399939865178,0.590092494673,0.765674132846,1.),
  .UNSPECIFIED.);
#402 = CARTESIAN_POINT('',(9.49196248183,2.063499948173,2.828741544893)
  );
#403 = CARTESIAN_POINT('',(9.491958711563,2.06349994818,2.828741540191)
  );
#404 = CARTESIAN_POINT('',(9.491954941296,2.06349994818,2.828741535494)
  );
#405 = CARTESIAN_POINT('',(9.491951171029,2.063499948171,2.828741530803)
  );
#406 = CARTESIAN_POINT('',(9.491947400762,2.063499948154,2.828741526119)
  );
#407 = CARTESIAN_POINT('',(9.491943630495,2.063499948128,2.82874152144)
  );
#408 = CARTESIAN_POINT('',(9.49193608996,2.06349994806,2.828741512095));
#409 = CARTESIAN_POINT('',(9.491932319693,2.063499948018,2.828741507428)
  );
#410 = CARTESIAN_POINT('',(9.491928549426,2.063499947968,2.828741502768)
  );
#411 = CARTESIAN_POINT('',(9.491924779159,2.063499947909,2.828741498113)
  );
#412 = CARTESIAN_POINT('',(9.491921008892,2.063499947842,2.828741493465)
  );
#413 = CARTESIAN_POINT('',(9.491913598367,2.063499947694,2.82874148434)
  );
#414 = CARTESIAN_POINT('',(9.491909958109,2.063499947614,2.828741479864)
  );
#415 = CARTESIAN_POINT('',(9.491906317851,2.063499947526,2.828741475393)
  );
#416 = CARTESIAN_POINT('',(9.491902677593,2.06349994743,2.828741470927)
  );
#417 = CARTESIAN_POINT('',(9.491899037335,2.063499947326,2.828741466468)
  );
#418 = CARTESIAN_POINT('',(9.49189162681,2.0634999471,2.8287414574));
#419 = CARTESIAN_POINT('',(9.491887856543,2.063499946976,2.828741452793)
  );
#420 = CARTESIAN_POINT('',(9.491884086276,2.063499946844,2.828741448192)
  );
#421 = CARTESIAN_POINT('',(9.491880316008,2.063499946704,2.828741443597)
  );
#422 = CARTESIAN_POINT('',(9.491876545741,2.063499946555,2.828741439008)
  );
#423 = CARTESIAN_POINT('',(9.491869005207,2.063499946242,2.828741429841)
  );
#424 = CARTESIAN_POINT('',(9.49186523494,2.063499946077,2.828741425264)
  );
#425 = CARTESIAN_POINT('',(9.491861464672,2.063499945904,2.828741420693)
  );
#426 = CARTESIAN_POINT('',(9.491857694405,2.063499945722,2.828741416129)
  );
#427 = CARTESIAN_POINT('',(9.491853924138,2.063499945532,2.82874141157)
  );
#428 = CARTESIAN_POINT('',(9.491846643622,2.063499945149,2.828741402778)
  );
#429 = CARTESIAN_POINT('',(9.491843133373,2.063499944957,2.828741398544)
  );
#430 = CARTESIAN_POINT('',(9.491839623124,2.063499944759,2.828741394316)
  );
#431 = CARTESIAN_POINT('',(9.491836112875,2.063499944552,2.828741390093)
  );
#432 = CARTESIAN_POINT('',(9.491832602627,2.063499944339,2.828741385875)
  );
#433 = CARTESIAN_POINT('',(9.49182532211,2.063499943882,2.828741377137)
  );
#434 = CARTESIAN_POINT('',(9.491821551843,2.063499943637,2.828741372618)
  );
#435 = CARTESIAN_POINT('',(9.491817781576,2.063499943383,2.828741368106)
  );
#436 = CARTESIAN_POINT('',(9.491814011309,2.063499943122,2.828741363599)
  );
#437 = CARTESIAN_POINT('',(9.491810241041,2.063499942852,2.828741359098)
  );
#438 = CARTESIAN_POINT('',(9.491802830516,2.063499942305,2.828741350264)
  );
#439 = CARTESIAN_POINT('',(9.491799190258,2.063499942028,2.82874134593)
  );
#440 = CARTESIAN_POINT('',(9.49179555,2.063499941744,2.828741341602));
#441 = CARTESIAN_POINT('',(9.491791909742,2.063499941452,2.828741337279)
  );
#442 = CARTESIAN_POINT('',(9.491788269483,2.063499941153,2.828741332962)
  );
#443 = CARTESIAN_POINT('',(9.491780988967,2.063499940538,2.828741324339)
  );
#444 = CARTESIAN_POINT('',(9.491777348709,2.063499940223,2.828741320033)
  );
#445 = CARTESIAN_POINT('',(9.491773708451,2.0634999399,2.828741315733));
#446 = CARTESIAN_POINT('',(9.491770068193,2.06349993957,2.828741311439)
  );
#447 = CARTESIAN_POINT('',(9.491766427935,2.063499939232,2.82874130715)
  );
#448 = CARTESIAN_POINT('',(9.392512122364,2.063490506532,2.828624518782)
  );
#449 = CARTESIAN_POINT('',(9.293333260113,2.057735689842,2.832690549676)
  );
#450 = CARTESIAN_POINT('',(9.194601305226,2.046251888735,2.840927945848)
  );
#451 = CARTESIAN_POINT('',(9.096699033903,2.02908113683,2.85317264831));
#452 = CARTESIAN_POINT('',(9.000035001594,2.006295581493,2.86910756312)
  );
#453 = CARTESIAN_POINT('',(8.811230789414,1.950133697196,2.907247797501)
  );
#454 = CARTESIAN_POINT('',(8.719033338622,1.916884116707,2.929378263932)
  );
#455 = CARTESIAN_POINT('',(8.628645533175,1.878358348267,2.954315177124)
  );
#456 = CARTESIAN_POINT('',(8.54028271561,1.834589942007,2.981635168002)
  );
#457 = CARTESIAN_POINT('',(8.454198053787,1.785596837886,3.010874680798)
  );
#458 = CARTESIAN_POINT('',(8.290771542032,1.679530890943,3.070889569828)
  );
#459 = CARTESIAN_POINT('',(8.213176898996,1.622873939877,3.101557562045)
  );
#460 = CARTESIAN_POINT('',(8.138062437294,1.561366329713,3.133155565375)
  );
#461 = CARTESIAN_POINT('',(8.06564882908,1.494909956504,3.165276470731)
  );
#462 = CARTESIAN_POINT('',(7.996234582526,1.423384786101,3.197482130935)
  );
#463 = CARTESIAN_POINT('',(7.869253973578,1.275827140144,3.258656410715)
  );
#464 = CARTESIAN_POINT('',(7.811142792456,1.200508746496,3.287705261462)
  );
#465 = CARTESIAN_POINT('',(7.75623448954,1.120639138345,3.316036247467)
  );
#466 = CARTESIAN_POINT('',(7.704949431995,1.036170113355,3.343211152581)
  );
#467 = CARTESIAN_POINT('',(7.657778279702,0.947083500114,3.36875510205)
  );
#468 = CARTESIAN_POINT('',(7.558575107378,0.728366160303,3.423395321546)
  );
#469 = CARTESIAN_POINT('',(7.50976143253,0.594181077051,3.451061167766)
  );
#470 = CARTESIAN_POINT('',(7.471282107003,0.452524935746,3.473369001639)
  );
#471 = CARTESIAN_POINT('',(7.44480649317,0.305379705746,3.488875563669)
  );
#472 = CARTESIAN_POINT('',(7.431355118169,0.154910119679,3.496736368499)
  );
#473 = CARTESIAN_POINT('',(7.431295611565,3.342308017632E-03,
    3.49673629848));
#474 = PCURVE('',#130,#475);
#475 = DEFINITIONAL_REPRESENTATION('',(#476),#549);
#476 = B_SPLINE_CURVE_WITH_KNOTS('',6,(#477,#478,#479,#480,#481,#482,
    #483,#484,#485,#486,#487,#488,#489,#490,#491,#492,#493,#494,#495,
    #496,#497,#498,#499,#500,#501,#502,#503,#504,#505,#506,#507,#508,
    #509,#510,#511,#512,#513,#514,#515,#516,#517,#518,#519,#520,#521,
    #522,#523,#524,#525,#526,#527,#528,#529,#530,#531,#532,#533,#534,
    #535,#536,#537,#538,#539,#540,#541,#542,#543,#544,#545,#546,#547,
    #548),.UNSPECIFIED.,.F.,.F.,(7,5,5,5,5,5,5,5,5,5,5,5,5,5,7),(0.,
    7.641283391937E-06,1.528256681267E-05,2.26603577322E-05,
    3.030164119435E-05,3.794292464929E-05,4.505722303204E-05,
    5.269850647418E-05,6.007629739066E-05,6.745408832153E-05,
    0.201220951715,0.399939865178,0.590092494673,0.765674132846,1.),
  .UNSPECIFIED.);
#477 = CARTESIAN_POINT('',(5.653903735346,23.01049244791));
#478 = CARTESIAN_POINT('',(5.653903735217,23.01048867764));
#479 = CARTESIAN_POINT('',(5.65390373509,23.01048490737));
#480 = CARTESIAN_POINT('',(5.653903734967,23.0104811371));
#481 = CARTESIAN_POINT('',(5.653903734846,23.01047736683));
#482 = CARTESIAN_POINT('',(5.653903734729,23.01047359656));
#483 = CARTESIAN_POINT('',(5.653903734499,23.01046605602));
#484 = CARTESIAN_POINT('',(5.653903734388,23.01046228575));
#485 = CARTESIAN_POINT('',(5.653903734279,23.01045851548));
#486 = CARTESIAN_POINT('',(5.653903734173,23.01045474521));
#487 = CARTESIAN_POINT('',(5.65390373407,23.01045097494));
#488 = CARTESIAN_POINT('',(5.653903733873,23.01044356441));
#489 = CARTESIAN_POINT('',(5.653903733779,23.010439924149));
#490 = CARTESIAN_POINT('',(5.653903733688,23.010436283888));
#491 = CARTESIAN_POINT('',(5.6539037336,23.010432643628));
#492 = CARTESIAN_POINT('',(5.653903733514,23.010429003367));
#493 = CARTESIAN_POINT('',(5.653903733346,23.010421592836));
#494 = CARTESIAN_POINT('',(5.653903733263,23.010417822566));
#495 = CARTESIAN_POINT('',(5.653903733183,23.010414052296));
#496 = CARTESIAN_POINT('',(5.653903733105,23.010410282026));
#497 = CARTESIAN_POINT('',(5.653903733031,23.010406511756));
#498 = CARTESIAN_POINT('',(5.653903732889,23.010398971216));
#499 = CARTESIAN_POINT('',(5.653903732821,23.010395200946));
#500 = CARTESIAN_POINT('',(5.653903732755,23.010391430676));
#501 = CARTESIAN_POINT('',(5.653903732693,23.010387660406));
#502 = CARTESIAN_POINT('',(5.653903732633,23.010383890136));
#503 = CARTESIAN_POINT('',(5.653903732524,23.010376609615));
#504 = CARTESIAN_POINT('',(5.653903732474,23.010373099364));
#505 = CARTESIAN_POINT('',(5.653903732426,23.010369589112));
#506 = CARTESIAN_POINT('',(5.653903732381,23.010366078861));
#507 = CARTESIAN_POINT('',(5.653903732339,23.01036256861));
#508 = CARTESIAN_POINT('',(5.653903732256,23.010355288088));
#509 = CARTESIAN_POINT('',(5.653903732216,23.010351517818));
#510 = CARTESIAN_POINT('',(5.653903732179,23.010347747548));
#511 = CARTESIAN_POINT('',(5.653903732144,23.010343977278));
#512 = CARTESIAN_POINT('',(5.653903732113,23.010340207008));
#513 = CARTESIAN_POINT('',(5.653903732058,23.010332796478));
#514 = CARTESIAN_POINT('',(5.653903732033,23.010329156217));
#515 = CARTESIAN_POINT('',(5.653903732011,23.010325515956));
#516 = CARTESIAN_POINT('',(5.653903731992,23.010321875695));
#517 = CARTESIAN_POINT('',(5.653903731976,23.010318235435));
#518 = CARTESIAN_POINT('',(5.653903731948,23.010310954913));
#519 = CARTESIAN_POINT('',(5.653903731937,23.010307314653));
#520 = CARTESIAN_POINT('',(5.653903731929,23.010303674392));
#521 = CARTESIAN_POINT('',(5.653903731924,23.010300034131));
#522 = CARTESIAN_POINT('',(5.653903731921,23.010296393871));
#523 = CARTESIAN_POINT('',(5.653903731921,22.911042019142));
#524 = CARTESIAN_POINT('',(5.655934215714,22.811867463409));
#525 = CARTESIAN_POINT('',(5.659989438187,22.713144178536));
#526 = CARTESIAN_POINT('',(5.6660319222,22.615254751412));
#527 = CARTESIAN_POINT('',(5.673991869305,22.518607370949));
#528 = CARTESIAN_POINT('',(5.693420166915,22.329842830924));
#529 = CARTESIAN_POINT('',(5.704846555642,22.23766832445));
#530 = CARTESIAN_POINT('',(5.717971313482,22.14730626286));
#531 = CARTESIAN_POINT('',(5.732722823962,22.05897149357));
#532 = CARTESIAN_POINT('',(5.749032752859,21.97291664052));
#533 = CARTESIAN_POINT('',(5.783875574552,21.809550779543));
#534 = CARTESIAN_POINT('',(5.802289986934,21.731986891857));
#535 = CARTESIAN_POINT('',(5.822049463211,21.656903817096));
#536 = CARTESIAN_POINT('',(5.843136779929,21.584521738909));
#537 = CARTESIAN_POINT('',(5.865546452991,21.515138638303));
#538 = CARTESIAN_POINT('',(5.911198731111,21.388216075754));
#539 = CARTESIAN_POINT('',(5.934261814857,21.330131957731));
#540 = CARTESIAN_POINT('',(5.958465589088,21.275249438474));
#541 = CARTESIAN_POINT('',(5.983803486152,21.223988364644));
#542 = CARTESIAN_POINT('',(6.010270007585,21.176838835289));
#543 = CARTESIAN_POINT('',(6.074687071802,21.077679238957));
#544 = CARTESIAN_POINT('',(6.11380053758,21.028885398975));
#545 = CARTESIAN_POINT('',(6.154701828287,20.990418886555));
#546 = CARTESIAN_POINT('',(6.19688867716,20.96394755304));
#547 = CARTESIAN_POINT('',(6.239879957842,20.950491136916));
#548 = CARTESIAN_POINT('',(6.28318530718,20.950417225932));
#549 = ( GEOMETRIC_REPRESENTATION_CONTEXT(2) 
PARAMETRIC_REPRESENTATION_CONTEXT() REPRESENTATION_CONTEXT('2D SPACE',''
  ) );
#550 = PCURVE('',#551,#556);
#551 = CYLINDRICAL_SURFACE('',#552,2.059875772596);
#552 = AXIS2_PLACEMENT_3D('',#553,#554,#555);
#553 = CARTESIAN_POINT('',(9.499887506348,1.455745140996E-02,
    -3.910682037256));
#554 = DIRECTION('',(-1.176501372489E-03,-1.622685631933E-03,
    0.999997991366));
#555 = DIRECTION('',(0.,0.999998683443,1.622686754959E-03));
#556 = DEFINITIONAL_REPRESENTATION('',(#557),#630);
#557 = B_SPLINE_CURVE_WITH_KNOTS('',6,(#558,#559,#560,#561,#562,#563,
    #564,#565,#566,#567,#568,#569,#570,#571,#572,#573,#574,#575,#576,
    #577,#578,#579,#580,#581,#582,#583,#584,#585,#586,#587,#588,#589,
    #590,#591,#592,#593,#594,#595,#596,#597,#598,#599,#600,#601,#602,
    #603,#604,#605,#606,#607,#608,#609,#610,#611,#612,#613,#614,#615,
    #616,#617,#618,#619,#620,#621,#622,#623,#624,#625,#626,#627,#628,
    #629),.UNSPECIFIED.,.F.,.F.,(7,5,5,5,5,5,5,5,5,5,5,5,5,5,7),(0.,
    7.641283391937E-06,1.528256681267E-05,2.26603577322E-05,
    3.030164119435E-05,3.794292464929E-05,4.505722303204E-05,
    5.269850647418E-05,6.007629739066E-05,6.745408832153E-05,
    0.201220951715,0.399939865178,0.590092494673,0.765674132846,1.),
  .UNSPECIFIED.);
#558 = CARTESIAN_POINT('',(0.,6.736094579365));
#559 = CARTESIAN_POINT('',(1.830338533745E-06,6.736094579098));
#560 = CARTESIAN_POINT('',(3.660677060482E-06,6.736094578837));
#561 = CARTESIAN_POINT('',(5.491015588337E-06,6.736094578582));
#562 = CARTESIAN_POINT('',(7.321354120244E-06,6.736094578333));
#563 = CARTESIAN_POINT('',(9.151692653939E-06,6.73609457809));
#564 = CARTESIAN_POINT('',(1.281236971656E-05,6.736094577617));
#565 = CARTESIAN_POINT('',(1.464270824168E-05,6.736094577386));
#566 = CARTESIAN_POINT('',(1.647304676907E-05,6.736094577161));
#567 = CARTESIAN_POINT('',(1.830338530257E-05,6.736094576943));
#568 = CARTESIAN_POINT('',(2.013372383816E-05,6.73609457673));
#569 = CARTESIAN_POINT('',(2.373128577444E-05,6.736094576324));
#570 = CARTESIAN_POINT('',(2.549850918144E-05,6.736094576131));
#571 = CARTESIAN_POINT('',(2.72657325887E-05,6.736094575943));
#572 = CARTESIAN_POINT('',(2.90329559977E-05,6.73609457576));
#573 = CARTESIAN_POINT('',(3.080017940767E-05,6.736094575583));
#574 = CARTESIAN_POINT('',(3.439774134729E-05,6.736094575235));
#575 = CARTESIAN_POINT('',(3.622807987752E-05,6.736094575063));
#576 = CARTESIAN_POINT('',(3.805841840709E-05,6.736094574898));
#577 = CARTESIAN_POINT('',(3.988875693666E-05,6.736094574739));
#578 = CARTESIAN_POINT('',(4.171909546671E-05,6.736094574586));
#579 = CARTESIAN_POINT('',(4.537977252851E-05,6.736094574292));
#580 = CARTESIAN_POINT('',(4.721011105802E-05,6.736094574151));
#581 = CARTESIAN_POINT('',(4.904044958802E-05,6.736094574016));
#582 = CARTESIAN_POINT('',(5.08707881191E-05,6.736094573887));
#583 = CARTESIAN_POINT('',(5.270112665035E-05,6.736094573764));
#584 = CARTESIAN_POINT('',(5.623557346581E-05,6.736094573539));
#585 = CARTESIAN_POINT('',(5.793968175381E-05,6.736094573435));
#586 = CARTESIAN_POINT('',(5.964379004102E-05,6.736094573337));
#587 = CARTESIAN_POINT('',(6.13478983268E-05,6.736094573244));
#588 = CARTESIAN_POINT('',(6.305200661233E-05,6.736094573156));
#589 = CARTESIAN_POINT('',(6.658645343025E-05,6.736094572985));
#590 = CARTESIAN_POINT('',(6.841679196102E-05,6.736094572902));
#591 = CARTESIAN_POINT('',(7.024713049193E-05,6.736094572826));
#592 = CARTESIAN_POINT('',(7.207746902245E-05,6.736094572755));
#593 = CARTESIAN_POINT('',(7.390780755253E-05,6.736094572691));
#594 = CARTESIAN_POINT('',(7.750536949236E-05,6.736094572576));
#595 = CARTESIAN_POINT('',(7.927259289901E-05,6.736094572525));
#596 = CARTESIAN_POINT('',(8.103981630665E-05,6.73609457248));
#597 = CARTESIAN_POINT('',(8.280703971658E-05,6.736094572441));
#598 = CARTESIAN_POINT('',(8.45742631272E-05,6.736094572407));
#599 = CARTESIAN_POINT('',(8.810870994383E-05,6.73609457235));
#600 = CARTESIAN_POINT('',(8.987593335163E-05,6.736094572328));
#601 = CARTESIAN_POINT('',(9.16431567595E-05,6.736094572311));
#602 = CARTESIAN_POINT('',(9.341038016826E-05,6.7360945723));
#603 = CARTESIAN_POINT('',(9.517760357751E-05,6.736094572294));
#604 = CARTESIAN_POINT('',(4.827981866273E-02,6.736094572294));
#605 = CARTESIAN_POINT('',(9.642569021694E-02,6.740286617346));
#606 = CARTESIAN_POINT('',(0.144553950854,6.748658789852));
#607 = CARTESIAN_POINT('',(0.192678209884,6.761046512608));
#608 = CARTESIAN_POINT('',(0.240799653686,6.777132094571));
#609 = CARTESIAN_POINT('',(0.336397298426,6.815585513839));
#610 = CARTESIAN_POINT('',(0.383882714625,6.837878359863));
#611 = CARTESIAN_POINT('',(0.431446338495,6.862984079554));
#612 = CARTESIAN_POINT('',(0.479176375643,6.890478996895));
#613 = CARTESIAN_POINT('',(0.527154096753,6.919899230089));
#614 = CARTESIAN_POINT('',(0.621682169876,6.980278381774));
#615 = CARTESIAN_POINT('',(0.668225570301,7.011129539015));
#616 = CARTESIAN_POINT('',(0.715217556538,7.042915658658));
#617 = CARTESIAN_POINT('',(0.762784086699,7.075229532007));
#618 = CARTESIAN_POINT('',(0.811053015899,7.107632856344));
#619 = CARTESIAN_POINT('',(0.9055003621,7.16919584578));
#620 = CARTESIAN_POINT('',(0.951588457368,7.198435224139));
#621 = CARTESIAN_POINT('',(0.998505815141,7.226960356196));
#622 = CARTESIAN_POINT('',(1.046332010194,7.25433261034));
#623 = CARTESIAN_POINT('',(1.095153093909,7.280076564993));
#624 = CARTESIAN_POINT('',(1.211692071187,7.33518829689));
#625 = CARTESIAN_POINT('',(1.280779763904,7.363129257101));
#626 = CARTESIAN_POINT('',(1.351636395972,7.38571218053));
#627 = CARTESIAN_POINT('',(1.423780598907,7.40148863046));
#628 = CARTESIAN_POINT('',(1.496824674311,7.409609409897));
#629 = CARTESIAN_POINT('',(1.570405627984,7.409855356798));
#630 = ( GEOMETRIC_REPRESENTATION_CONTEXT(2) 
PARAMETRIC_REPRESENTATION_CONTEXT() REPRESENTATION_CONTEXT('2D SPACE',''
  ) );
#631 = ORIENTED_EDGE('',*,*,#632,.F.);
#632 = EDGE_CURVE('',#633,#398,#635,.T.);
#633 = VERTEX_POINT('',#634);
#634 = CARTESIAN_POINT('',(11.551043796378,3.733831052145E-03,
    3.50158383293));
#635 = SURFACE_CURVE('',#636,(#664,#695),.PCURVE_S1.);
#636 = B_SPLINE_CURVE_WITH_KNOTS('',6,(#637,#638,#639,#640,#641,#642,
    #643,#644,#645,#646,#647,#648,#649,#650,#651,#652,#653,#654,#655,
    #656,#657,#658,#659,#660,#661,#662,#663),.UNSPECIFIED.,.F.,.F.,(7,5,
    5,5,5,7),(0.,0.235885569026,0.336679520954,0.602692922384,
    0.798460105492,1.),.UNSPECIFIED.);
#637 = CARTESIAN_POINT('',(11.551043796378,3.733831053366E-03,
    3.50158383293));
#638 = CARTESIAN_POINT('',(11.550954926787,0.156252975201,3.50158372836)
  );
#639 = CARTESIAN_POINT('',(11.537324536471,0.307646658953,3.493591865005
    ));
#640 = CARTESIAN_POINT('',(11.510530724993,0.455653696017,3.477830464216
    ));
#641 = CARTESIAN_POINT('',(11.471615301761,0.598076348751,3.45516607112)
  );
#642 = CARTESIAN_POINT('',(11.422279745017,0.732905059476,3.427077834185
    ));
#643 = CARTESIAN_POINT('',(11.340537994662,0.912077414278,3.38185827997)
  );
#644 = CARTESIAN_POINT('',(11.314526335621,0.964220316588,3.367613746774
    ));
#645 = CARTESIAN_POINT('',(11.287082279836,1.014853544103,3.352759858563
    ));
#646 = CARTESIAN_POINT('',(11.258307477109,1.063969075544,3.33739101271)
  );
#647 = CARTESIAN_POINT('',(11.228297527585,1.111563444827,3.321598499707
    ));
#648 = CARTESIAN_POINT('',(11.114916882335,1.279236111056,3.26290581416)
  );
#649 = CARTESIAN_POINT('',(11.024679979044,1.390294923559,3.217986518396
    ));
#650 = CARTESIAN_POINT('',(10.927857317721,1.491125077826,3.172216158824
    ));
#651 = CARTESIAN_POINT('',(10.825433524932,1.582107051025,3.126868879729
    ));
#652 = CARTESIAN_POINT('',(10.718056847398,1.663564600734,3.083064649337
    ));
#653 = CARTESIAN_POINT('',(10.523760306757,1.788723147057,3.011549455304
    ));
#654 = CARTESIAN_POINT('',(10.438904357293,1.836728414603,2.982635304381
    ));
#655 = CARTESIAN_POINT('',(10.351841035744,1.879662246473,2.955594337851
    ));
#656 = CARTESIAN_POINT('',(10.262811357204,1.91750651177,2.930869879991)
  );
#657 = CARTESIAN_POINT('',(10.17202089925,1.95022860597,2.908867045396)
  );
#658 = CARTESIAN_POINT('',(9.984538830107,2.006119664533,2.870455654691)
  );
#659 = CARTESIAN_POINT('',(9.887732031952,2.028984291382,2.854227069928)
  );
#660 = CARTESIAN_POINT('',(9.789671972538,2.046212497144,2.841697854054)
  );
#661 = CARTESIAN_POINT('',(9.690768687442,2.057731741465,2.833188567106)
  );
#662 = CARTESIAN_POINT('',(9.591406541228,2.063499746897,2.828865583348)
  );
#663 = CARTESIAN_POINT('',(9.49196248183,2.063499948173,2.828741544893)
  );
#664 = PCURVE('',#130,#665);
#665 = DEFINITIONAL_REPRESENTATION('',(#666),#694);
#666 = B_SPLINE_CURVE_WITH_KNOTS('',6,(#667,#668,#669,#670,#671,#672,
    #673,#674,#675,#676,#677,#678,#679,#680,#681,#682,#683,#684,#685,
    #686,#687,#688,#689,#690,#691,#692,#693),.UNSPECIFIED.,.F.,.F.,(7,5,
    5,5,5,7),(0.,0.235885569026,0.336679520954,0.602692922384,
    0.798460105492,1.),.UNSPECIFIED.);
#667 = CARTESIAN_POINT('',(6.28318530718,25.070168281293));
#668 = CARTESIAN_POINT('',(6.239608142888,25.070093906391));
#669 = CARTESIAN_POINT('',(6.196352095123,25.056468509679));
#670 = CARTESIAN_POINT('',(6.153914809259,25.029670237044));
#671 = CARTESIAN_POINT('',(6.11278444439,24.990741707931));
#672 = CARTESIAN_POINT('',(6.073470933015,24.941385948867));
#673 = CARTESIAN_POINT('',(6.020677885205,24.85960807531));
#674 = CARTESIAN_POINT('',(6.005238406738,24.833584628894));
#675 = CARTESIAN_POINT('',(5.99016773758,24.806127926257));
#676 = CARTESIAN_POINT('',(5.975469145733,24.777339727441));
#677 = CARTESIAN_POINT('',(5.961145879714,24.747315739614));
#678 = CARTESIAN_POINT('',(5.910398563046,24.633882047072));
#679 = CARTESIAN_POINT('',(5.87621777145,24.543602906588));
#680 = CARTESIAN_POINT('',(5.844626791974,24.446736039164));
#681 = CARTESIAN_POINT('',(5.815616897317,24.344267606068));
#682 = CARTESIAN_POINT('',(5.789214539932,24.23684720216));
#683 = CARTESIAN_POINT('',(5.74805650131,24.042478542555));
#684 = CARTESIAN_POINT('',(5.732061746939,23.957593192385));
#685 = CARTESIAN_POINT('',(5.717581699632,23.870502193796));
#686 = CARTESIAN_POINT('',(5.70468198684,23.781447081633));
#687 = CARTESIAN_POINT('',(5.693431197284,23.690633906912));
#688 = CARTESIAN_POINT('',(5.674086013491,23.503112083006));
#689 = CARTESIAN_POINT('',(5.666092449063,23.406288429777));
#690 = CARTESIAN_POINT('',(5.66002332362,23.308215333391));
#691 = CARTESIAN_POINT('',(5.655948959575,23.209303199434));
#692 = CARTESIAN_POINT('',(5.653907146481,23.109936583949));
#693 = CARTESIAN_POINT('',(5.653903735346,23.01049244791));
#694 = ( GEOMETRIC_REPRESENTATION_CONTEXT(2) 
PARAMETRIC_REPRESENTATION_CONTEXT() REPRESENTATION_CONTEXT('2D SPACE',''
  ) );
#695 = PCURVE('',#551,#696);
#696 = DEFINITIONAL_REPRESENTATION('',(#697),#725);
#697 = B_SPLINE_CURVE_WITH_KNOTS('',6,(#698,#699,#700,#701,#702,#703,
    #704,#705,#706,#707,#708,#709,#710,#711,#712,#713,#714,#715,#716,
    #717,#718,#719,#720,#721,#722,#723,#724),.UNSPECIFIED.,.F.,.F.,(7,5,
    5,5,5,7),(0.,0.235885569026,0.336679520954,0.602692922384,
    0.798460105492,1.),.UNSPECIFIED.);
#698 = CARTESIAN_POINT('',(4.712973568849,7.409855356798));
#699 = CARTESIAN_POINT('',(4.78701636855,7.40960786616));
#700 = CARTESIAN_POINT('',(4.860510270531,7.401386390676));
#701 = CARTESIAN_POINT('',(4.933088835082,7.385416375608));
#702 = CARTESIAN_POINT('',(5.004359930131,7.362566704894));
#703 = CARTESIAN_POINT('',(5.073835539348,7.334317783116));
#704 = CARTESIAN_POINT('',(5.169420388566,7.288903748607));
#705 = CARTESIAN_POINT('',(5.197685560577,7.274605235237));
#706 = CARTESIAN_POINT('',(5.225614527352,7.25970150302));
#707 = CARTESIAN_POINT('',(5.253220640811,7.244286842565));
#708 = CARTESIAN_POINT('',(5.280516120078,7.228452437332));
#709 = CARTESIAN_POINT('',(5.378759178915,7.169621182135));
#710 = CARTESIAN_POINT('',(5.44794914137,7.124627926898));
#711 = CARTESIAN_POINT('',(5.515469624122,7.078807955614));
#712 = CARTESIAN_POINT('',(5.581671550629,7.033433634197));
#713 = CARTESIAN_POINT('',(5.64690848433,6.989623640605));
#714 = CARTESIAN_POINT('',(5.759112596788,6.918134087392));
#715 = CARTESIAN_POINT('',(5.806367701236,6.88924193023));
#716 = CARTESIAN_POINT('',(5.853385886843,6.86223378002));
#717 = CARTESIAN_POINT('',(5.900244557757,6.837552706016));
#718 = CARTESIAN_POINT('',(5.947027751299,6.815603633043));
#719 = CARTESIAN_POINT('',(6.042014642282,6.777322198787));
#720 = CARTESIAN_POINT('',(6.090229751825,6.76117043785));
#721 = CARTESIAN_POINT('',(6.138447499326,6.748728658975));
#722 = CARTESIAN_POINT('',(6.18666916201,6.740317056858));
#723 = CARTESIAN_POINT('',(6.234908543198,6.736101621825));
#724 = CARTESIAN_POINT('',(6.28318530718,6.736094579365));
#725 = ( GEOMETRIC_REPRESENTATION_CONTEXT(2) 
PARAMETRIC_REPRESENTATION_CONTEXT() REPRESENTATION_CONTEXT('2D SPACE',''
  ) );
#726 = ORIENTED_EDGE('',*,*,#727,.T.);
#727 = EDGE_CURVE('',#633,#728,#730,.T.);
#728 = VERTEX_POINT('',#729);
#729 = CARTESIAN_POINT('',(13.510994942464,3.920096324535E-03,
    3.503890025025));
#730 = SEAM_CURVE('',#731,(#735,#742),.PCURVE_S1.);
#731 = LINE('',#732,#733);
#732 = CARTESIAN_POINT('',(11.551043796378,3.733831052145E-03,
    3.50158383293));
#733 = VECTOR('',#734,1.);
#734 = DIRECTION('',(0.999999303223,9.503560482927E-05,
    1.176657129114E-03));
#735 = PCURVE('',#130,#736);
#736 = DEFINITIONAL_REPRESENTATION('',(#737),#741);
#737 = LINE('',#738,#739);
#738 = CARTESIAN_POINT('',(6.28318530718,25.070168281293));
#739 = VECTOR('',#740,1.);
#740 = DIRECTION('',(0.,1.));
#741 = ( GEOMETRIC_REPRESENTATION_CONTEXT(2) 
PARAMETRIC_REPRESENTATION_CONTEXT() REPRESENTATION_CONTEXT('2D SPACE',''
  ) );
#742 = PCURVE('',#130,#743);
#743 = DEFINITIONAL_REPRESENTATION('',(#744),#748);
#744 = LINE('',#745,#746);
#745 = CARTESIAN_POINT('',(0.,25.070168281293));
#746 = VECTOR('',#747,1.);
#747 = DIRECTION('',(0.,1.));
#748 = ( GEOMETRIC_REPRESENTATION_CONTEXT(2) 
PARAMETRIC_REPRESENTATION_CONTEXT() REPRESENTATION_CONTEXT('2D SPACE',''
  ) );
#749 = ORIENTED_EDGE('',*,*,#750,.F.);
#750 = EDGE_CURVE('',#728,#728,#751,.T.);
#751 = SURFACE_CURVE('',#752,(#757,#764),.PCURVE_S1.);
#752 = CIRCLE('',#753,3.499978816503);
#753 = AXIS2_PLACEMENT_3D('',#754,#755,#756);
#754 = CARTESIAN_POINT('',(13.515113217508,3.920096324534E-03,
    3.913631421815E-03));
#755 = DIRECTION('',(0.999999303223,9.503560482927E-05,
    1.176657129114E-03));
#756 = DIRECTION('',(-1.176657134427E-03,-2.64697796017E-23,
    0.999999307739));
#757 = PCURVE('',#130,#758);
#758 = DEFINITIONAL_REPRESENTATION('',(#759),#763);
#759 = LINE('',#760,#761);
#760 = CARTESIAN_POINT('',(0.,27.030120793029));
#761 = VECTOR('',#762,1.);
#762 = DIRECTION('',(1.,0.));
#763 = ( GEOMETRIC_REPRESENTATION_CONTEXT(2) 
PARAMETRIC_REPRESENTATION_CONTEXT() REPRESENTATION_CONTEXT('2D SPACE',''
  ) );
#764 = PCURVE('',#765,#770);
#765 = PLANE('',#766);
#766 = AXIS2_PLACEMENT_3D('',#767,#768,#769);
#767 = CARTESIAN_POINT('',(13.515113217508,3.920096324534E-03,
    3.913631421815E-03));
#768 = DIRECTION('',(0.999999303223,9.503560482927E-05,
    1.176657129114E-03));
#769 = DIRECTION('',(-1.176657134427E-03,-1.323488980085E-23,
    0.999999307739));
#770 = DEFINITIONAL_REPRESENTATION('',(#771),#775);
#771 = CIRCLE('',#772,3.499978816503);
#772 = AXIS2_PLACEMENT_2D('',#773,#774);
#773 = CARTESIAN_POINT('',(0.,0.));
#774 = DIRECTION('',(1.,0.));
#775 = ( GEOMETRIC_REPRESENTATION_CONTEXT(2) 
PARAMETRIC_REPRESENTATION_CONTEXT() REPRESENTATION_CONTEXT('2D SPACE',''
  ) );
#776 = ORIENTED_EDGE('',*,*,#727,.F.);
#777 = ORIENTED_EDGE('',*,*,#778,.F.);
#778 = EDGE_CURVE('',#375,#633,#779,.T.);
#779 = SURFACE_CURVE('',#780,(#833,#889),.PCURVE_S1.);
#780 = B_SPLINE_CURVE_WITH_KNOTS('',6,(#781,#782,#783,#784,#785,#786,
    #787,#788,#789,#790,#791,#792,#793,#794,#795,#796,#797,#798,#799,
    #800,#801,#802,#803,#804,#805,#806,#807,#808,#809,#810,#811,#812,
    #813,#814,#815,#816,#817,#818,#819,#820,#821,#822,#823,#824,#825,
    #826,#827,#828,#829,#830,#831,#832),.UNSPECIFIED.,.F.,.F.,(7,5,5,5,5
    ,5,5,5,5,5,7),(0.,0.117908282498,0.168309639754,0.301245748658,
    0.399092186166,0.499996278306,0.600555449188,0.697823721061,
    0.83095529514,0.882583402201,1.),.UNSPECIFIED.);
#781 = CARTESIAN_POINT('',(7.431295611565,3.342308017632E-03,
    3.49673629848));
#782 = CARTESIAN_POINT('',(7.431235745033,-0.149142264624,3.496736228038
    ));
#783 = CARTESIAN_POINT('',(7.444731100974,-0.30054827488,3.488779898475)
  );
#784 = CARTESIAN_POINT('',(7.471425181911,-0.44859971546,3.473079426327)
  );
#785 = CARTESIAN_POINT('',(7.510286544427,-0.591083231171,3.450494995235
    ));
#786 = CARTESIAN_POINT('',(7.559613615116,-0.725974448983,3.422503911585
    ));
#787 = CARTESIAN_POINT('',(7.641401712128,-0.905240805814,3.377442035843
    ));
#788 = CARTESIAN_POINT('',(7.667441238897,-0.957423016994,3.363243865694
    ));
#789 = CARTESIAN_POINT('',(7.694920018441,-1.00809204544,3.348439221091)
  );
#790 = CARTESIAN_POINT('',(7.72373568317,-1.057239518444,3.333122663904)
  );
#791 = CARTESIAN_POINT('',(7.753791822992,-1.104861670903,3.31738567813)
  );
#792 = CARTESIAN_POINT('',(7.867305804374,-1.272544274767,3.258933854356
    ));
#793 = CARTESIAN_POINT('',(7.957645808558,-1.383571198264,3.214223751923
    ));
#794 = CARTESIAN_POINT('',(8.054582928453,-1.484353252319,3.168689085736
    ));
#795 = CARTESIAN_POINT('',(8.157123631648,-1.575273994455,3.123602814714
    ));
#796 = CARTESIAN_POINT('',(8.264611146565,-1.656661423676,3.080082442382
    ));
#797 = CARTESIAN_POINT('',(8.459088288739,-1.781700821894,3.009087128221
    ));
#798 = CARTESIAN_POINT('',(8.544020922338,-1.829656792433,2.980401212679
    ));
#799 = CARTESIAN_POINT('',(8.631151845382,-1.872541228097,2.953596499404
    ));
#800 = CARTESIAN_POINT('',(8.720238095376,-1.910338961264,2.929113380546
    ));
#801 = CARTESIAN_POINT('',(8.811072243233,-1.943020203278,2.907353758022
    ));
#802 = CARTESIAN_POINT('',(8.998776135041,-1.998894153495,2.869400180155
    ));
#803 = CARTESIAN_POINT('',(9.095765366479,-2.021764077091,2.853397442275
    ));
#804 = CARTESIAN_POINT('',(9.193997167423,-2.038991445145,2.84110103265)
  );
#805 = CARTESIAN_POINT('',(9.29306107369,-2.050505989076,2.832829000381)
  );
#806 = CARTESIAN_POINT('',(9.392572409173,-2.056266672198,2.828745863358
    ));
#807 = CARTESIAN_POINT('',(9.591395526364,-2.056247776909,2.82897981016)
  );
#808 = CARTESIAN_POINT('',(9.690556712068,-2.050507593149,2.833268050929
    ));
#809 = CARTESIAN_POINT('',(9.789264163306,-2.039052703724,2.841715686397
    ));
#810 = CARTESIAN_POINT('',(9.887137147954,-2.021923731908,2.854159490271
    ));
#811 = CARTESIAN_POINT('',(9.983769919323,-1.999190266399,2.870284608552
    ));
#812 = CARTESIAN_POINT('',(10.170557300519,-1.943724857054,
    2.908391826586));
#813 = CARTESIAN_POINT('',(10.260838343006,-1.911339315373,
    2.930168632724));
#814 = CARTESIAN_POINT('',(10.349389424458,-1.873896414087,
    2.954640679079));
#815 = CARTESIAN_POINT('',(10.436007119305,-1.831426071122,
    2.981413115151));
#816 = CARTESIAN_POINT('',(10.520453508159,-1.783944224756,
    3.010053064159));
#817 = CARTESIAN_POINT('',(10.714688898602,-1.659638202999,
    3.081229016105));
#818 = CARTESIAN_POINT('',(10.822379790621,-1.578425679457,3.12500909724
    ));
#819 = CARTESIAN_POINT('',(10.925119890175,-1.487659613483,
    3.170377545413));
#820 = CARTESIAN_POINT('',(11.022257376477,-1.387012967164,
    3.216212227311));
#821 = CARTESIAN_POINT('',(11.112803844266,-1.276101388872,
    3.261235497608));
#822 = CARTESIAN_POINT('',(11.227332030454,-1.107494710992,
    3.320498574072));
#823 = CARTESIAN_POINT('',(11.258134153611,-1.058781151886,
    3.336712700215));
#824 = CARTESIAN_POINT('',(11.287638674675,-1.008467332346,
    3.352485764977));
#825 = CARTESIAN_POINT('',(11.315742362163,-0.956557206573,
    3.367719281774));
#826 = CARTESIAN_POINT('',(11.342335427579,-0.903059795643,
    3.382311355976));
#827 = CARTESIAN_POINT('',(11.424081338464,-0.722743389924,
    3.427644793048));
#828 = CARTESIAN_POINT('',(11.47293078653,-0.588290668501,3.45554040822)
  );
#829 = CARTESIAN_POINT('',(11.511394508693,-0.446331920693,
    3.478033119052));
#830 = CARTESIAN_POINT('',(11.537799468799,-0.298871621399,
    3.493664002789));
#831 = CARTESIAN_POINT('',(11.551132266296,-0.148099391237,
    3.501583937028));
#832 = CARTESIAN_POINT('',(11.551043796378,3.733831053366E-03,
    3.50158383293));
#833 = PCURVE('',#130,#834);
#834 = DEFINITIONAL_REPRESENTATION('',(#835),#888);
#835 = B_SPLINE_CURVE_WITH_KNOTS('',6,(#836,#837,#838,#839,#840,#841,
    #842,#843,#844,#845,#846,#847,#848,#849,#850,#851,#852,#853,#854,
    #855,#856,#857,#858,#859,#860,#861,#862,#863,#864,#865,#866,#867,
    #868,#869,#870,#871,#872,#873,#874,#875,#876,#877,#878,#879,#880,
    #881,#882,#883,#884,#885,#886,#887),.UNSPECIFIED.,.F.,.F.,(7,5,5,5,5
    ,5,5,5,5,5,7),(0.,0.117908282498,0.168309639754,0.301245748658,
    0.399092186166,0.499996278306,0.600555449188,0.697823721061,
    0.83095529514,0.882583402201,1.),.UNSPECIFIED.);
#836 = CARTESIAN_POINT('',(0.,20.950417225932));
#837 = CARTESIAN_POINT('',(4.356728262034E-02,20.950342867896));
#838 = CARTESIAN_POINT('',(8.682684941851E-02,20.9638144636));
#839 = CARTESIAN_POINT('',(0.129276710502,20.990475981706));
#840 = CARTESIAN_POINT('',(0.170424638834,21.029297202006));
#841 = CARTESIAN_POINT('',(0.209756694157,21.078578482947));
#842 = CARTESIAN_POINT('',(0.262578209151,21.160296463908));
#843 = CARTESIAN_POINT('',(0.278029634518,21.186314306987));
#844 = CARTESIAN_POINT('',(0.293111346732,21.213770832032));
#845 = CARTESIAN_POINT('',(0.3078199615,21.242563783587));
#846 = CARTESIAN_POINT('',(0.322152121077,21.27259685963));
#847 = CARTESIAN_POINT('',(0.372904578671,21.386026048345));
#848 = CARTESIAN_POINT('',(0.407077273534,21.47630282961));
#849 = CARTESIAN_POINT('',(0.438654873868,21.573176725389));
#850 = CARTESIAN_POINT('',(0.467646637041,21.675655665346));
#851 = CARTESIAN_POINT('',(0.494027174843,21.783084162108));
#852 = CARTESIAN_POINT('',(0.535146805376,21.977465748438));
#853 = CARTESIAN_POINT('',(0.5511253103,22.062360011845));
#854 = CARTESIAN_POINT('',(0.56558866412,22.149455258673));
#855 = CARTESIAN_POINT('',(0.578472293223,22.238509046227));
#856 = CARTESIAN_POINT('',(0.589708695603,22.329314421297));
#857 = CARTESIAN_POINT('',(0.609047211558,22.516968213954));
#858 = CARTESIAN_POINT('',(0.617042374448,22.61393637462));
#859 = CARTESIAN_POINT('',(0.623111002915,22.712152001247));
#860 = CARTESIAN_POINT('',(0.627183558463,22.811205010851));
#861 = CARTESIAN_POINT('',(0.629222701131,22.910710925075));
#862 = CARTESIAN_POINT('',(0.62922270113,23.109534180801));
#863 = CARTESIAN_POINT('',(0.627197475199,23.208700888723));
#864 = CARTESIAN_POINT('',(0.623152644245,23.307419299777));
#865 = CARTESIAN_POINT('',(0.617125064461,23.405308486182));
#866 = CARTESIAN_POINT('',(0.609183407354,23.501962324443));
#867 = CARTESIAN_POINT('',(0.589995927456,23.688799685808));
#868 = CARTESIAN_POINT('',(0.578864946335,23.779109367004));
#869 = CARTESIAN_POINT('',(0.566104583703,23.867692740371));
#870 = CARTESIAN_POINT('',(0.551781288522,23.954345913037));
#871 = CARTESIAN_POINT('',(0.535958813894,24.038830454917));
#872 = CARTESIAN_POINT('',(0.495069544743,24.233161273211));
#873 = CARTESIAN_POINT('',(0.46873723276,24.34091132242));
#874 = CARTESIAN_POINT('',(0.439784735943,24.443713359502));
#875 = CARTESIAN_POINT('',(0.408238605559,24.540914274842));
#876 = CARTESIAN_POINT('',(0.37409022734,24.631524197041));
#877 = CARTESIAN_POINT('',(0.323043167463,24.746138059387));
#878 = CARTESIAN_POINT('',(0.308380248086,24.776963869071));
#879 = CARTESIAN_POINT('',(0.293322255825,24.80649171067));
#880 = CARTESIAN_POINT('',(0.277872789834,24.834618236514));
#881 = CARTESIAN_POINT('',(0.26203547786,24.861233537426));
#882 = CARTESIAN_POINT('',(0.208921794071,24.943049869743));
#883 = CARTESIAN_POINT('',(0.169726978152,24.991944885143));
#884 = CARTESIAN_POINT('',(0.128736570476,25.030448537849));
#885 = CARTESIAN_POINT('',(8.645894117021E-02,25.056885885725));
#886 = CARTESIAN_POINT('',(4.338118542233E-02,25.07024232171));
#887 = CARTESIAN_POINT('',(0.,25.070168281293));
#888 = ( GEOMETRIC_REPRESENTATION_CONTEXT(2) 
PARAMETRIC_REPRESENTATION_CONTEXT() REPRESENTATION_CONTEXT('2D SPACE',''
  ) );
#889 = PCURVE('',#551,#890);
#890 = DEFINITIONAL_REPRESENTATION('',(#891),#944);
#891 = B_SPLINE_CURVE_WITH_KNOTS('',6,(#892,#893,#894,#895,#896,#897,
    #898,#899,#900,#901,#902,#903,#904,#905,#906,#907,#908,#909,#910,
    #911,#912,#913,#914,#915,#916,#917,#918,#919,#920,#921,#922,#923,
    #924,#925,#926,#927,#928,#929,#930,#931,#932,#933,#934,#935,#936,
    #937,#938,#939,#940,#941,#942,#943),.UNSPECIFIED.,.F.,.F.,(7,5,5,5,5
    ,5,5,5,5,5,7),(0.,0.117908282498,0.168309639754,0.301245748658,
    0.399092186166,0.499996278306,0.600555449188,0.697823721061,
    0.83095529514,0.882583402201,1.),.UNSPECIFIED.);
#892 = CARTESIAN_POINT('',(1.570405627984,7.409855356798));
#893 = CARTESIAN_POINT('',(1.644431637547,7.410102791314));
#894 = CARTESIAN_POINT('',(1.717937663464,7.402376284785));
#895 = CARTESIAN_POINT('',(1.790549417429,7.386884679496));
#896 = CARTESIAN_POINT('',(1.861868654819,7.364485779276));
#897 = CARTESIAN_POINT('',(1.931401275911,7.336655604524));
#898 = CARTESIAN_POINT('',(2.027080283308,7.291788488428));
#899 = CARTESIAN_POINT('',(2.055381301805,7.277644386583));
#900 = CARTESIAN_POINT('',(2.083345957158,7.2628896628));
#901 = CARTESIAN_POINT('',(2.11098738745,7.247618985607));
#902 = CARTESIAN_POINT('',(2.138317582993,7.231923946136));
#903 = CARTESIAN_POINT('',(2.236639849,7.173610786568));
#904 = CARTESIAN_POINT('',(2.305871343088,7.128974650596));
#905 = CARTESIAN_POINT('',(2.373428620827,7.083489566808));
#906 = CARTESIAN_POINT('',(2.439661517197,7.038430282851));
#907 = CARTESIAN_POINT('',(2.5049224561,6.994915604939));
#908 = CARTESIAN_POINT('',(2.617161301594,6.923894530392));
#909 = CARTESIAN_POINT('',(2.664430627156,6.895186566573));
#910 = CARTESIAN_POINT('',(2.711458726369,6.868348985447));
#911 = CARTESIAN_POINT('',(2.758323104902,6.843822439509));
#912 = CARTESIAN_POINT('',(2.80510771775,6.822009025575));
#913 = CARTESIAN_POINT('',(2.900170816783,6.783925355912));
#914 = CARTESIAN_POINT('',(2.948460223635,6.767845652909));
#915 = CARTESIAN_POINT('',(2.996748902088,6.755461652736));
#916 = CARTESIAN_POINT('',(3.045039254723,6.747091772746));
#917 = CARTESIAN_POINT('',(3.09334598961,6.74290091648));
#918 = CARTESIAN_POINT('',(3.189867953882,6.74290091648));
#919 = CARTESIAN_POINT('',(3.238010016014,6.747063170851));
#920 = CARTESIAN_POINT('',(3.286135851888,6.755376072215));
#921 = CARTESIAN_POINT('',(3.33425985941,6.767676908457));
#922 = CARTESIAN_POINT('',(3.382384299554,6.783651416492));
#923 = CARTESIAN_POINT('',(3.477005946678,6.82144879945));
#924 = CARTESIAN_POINT('',(3.523513952956,6.843066794522));
#925 = CARTESIAN_POINT('',(3.5700995088,6.867373853195));
#926 = CARTESIAN_POINT('',(3.616844710781,6.893975413639));
#927 = CARTESIAN_POINT('',(3.663825239654,6.922438905717));
#928 = CARTESIAN_POINT('',(3.775841183002,6.993184486898));
#929 = CARTESIAN_POINT('',(3.84116873936,7.036705999217));
#930 = CARTESIAN_POINT('',(3.90746213726,7.081806197602));
#931 = CARTESIAN_POINT('',(3.975074974832,7.127363187183));
#932 = CARTESIAN_POINT('',(4.044358237715,7.172099864376));
#933 = CARTESIAN_POINT('',(4.143366159791,7.230954483601));
#934 = CARTESIAN_POINT('',(4.171346729931,7.247053291643));
#935 = CARTESIAN_POINT('',(4.199653335938,7.262709969101));
#936 = CARTESIAN_POINT('',(4.228298868447,7.277826157457));
#937 = CARTESIAN_POINT('',(4.257297479206,7.292300106091));
#938 = CARTESIAN_POINT('',(4.353453494816,7.337244681087));
#939 = CARTESIAN_POINT('',(4.422719656696,7.364864594285));
#940 = CARTESIAN_POINT('',(4.493753726579,7.387081652895));
#941 = CARTESIAN_POINT('',(4.566066675594,7.402442158055));
#942 = CARTESIAN_POINT('',(4.639263760622,7.4101017344));
#943 = CARTESIAN_POINT('',(4.712973568849,7.409855356798));
#944 = ( GEOMETRIC_REPRESENTATION_CONTEXT(2) 
PARAMETRIC_REPRESENTATION_CONTEXT() REPRESENTATION_CONTEXT('2D SPACE',''
  ) );
#945 = ORIENTED_EDGE('',*,*,#374,.F.);
#946 = ORIENTED_EDGE('',*,*,#947,.T.);
#947 = EDGE_CURVE('',#200,#948,#950,.T.);
#948 = VERTEX_POINT('',#949);
#949 = CARTESIAN_POINT('',(-11.55530022964,-3.817004611533E-03,
    3.474391473094));
#950 = SURFACE_CURVE('',#951,(#1004,#1060),.PCURVE_S1.);
#951 = B_SPLINE_CURVE_WITH_KNOTS('',6,(#952,#953,#954,#955,#956,#957,
    #958,#959,#960,#961,#962,#963,#964,#965,#966,#967,#968,#969,#970,
    #971,#972,#973,#974,#975,#976,#977,#978,#979,#980,#981,#982,#983,
    #984,#985,#986,#987,#988,#989,#990,#991,#992,#993,#994,#995,#996,
    #997,#998,#999,#1000,#1001,#1002,#1003),.UNSPECIFIED.,.F.,.F.,(7,5,5
    ,5,5,5,5,5,5,5,7),(0.,0.117962381641,0.168475587086,0.301462205192,
    0.40108211398,0.500341644055,0.60081422621,0.698008619059,
    0.831080390124,0.882701974986,1.),.UNSPECIFIED.);
#952 = CARTESIAN_POINT('',(-7.455312987525,1.927549181009E-03,
    3.479219852139));
#953 = CARTESIAN_POINT('',(-7.45488733589,-0.149969865649,3.479220352985
    ));
#954 = CARTESIAN_POINT('',(-7.467961505907,-0.300844246605,
    3.471294035485));
#955 = CARTESIAN_POINT('',(-7.494187248147,-0.44842405625,3.455642660922
    ));
#956 = CARTESIAN_POINT('',(-7.532544093753,-0.590498013167,3.43311546635
    ));
#957 = CARTESIAN_POINT('',(-7.581344755983,-0.725041747881,
    3.405179678683));
#958 = CARTESIAN_POINT('',(-7.662418603768,-0.903991935997,
    3.360159369168));
#959 = CARTESIAN_POINT('',(-7.688277674556,-0.956149922209,
    3.345953079728));
#960 = CARTESIAN_POINT('',(-7.715579495825,-1.006798494881,
    3.331136439456));
#961 = CARTESIAN_POINT('',(-7.74422165117,-1.055928658007,3.315804142935
    ));
#962 = CARTESIAN_POINT('',(-7.774107655635,-1.103536065839,
    3.300047858377));
#963 = CARTESIAN_POINT('',(-7.886864429581,-1.270949347449,
    3.241591631364));
#964 = CARTESIAN_POINT('',(-7.976606988292,-1.381772189526,
    3.196885278947));
#965 = CARTESIAN_POINT('',(-8.072946297246,-1.482393995859,
    3.151334613107));
#966 = CARTESIAN_POINT('',(-8.17489306827,-1.573190825558,3.106209488155
    ));
#967 = CARTESIAN_POINT('',(-8.281792859523,-1.654484369977,
    3.062625094819));
#968 = CARTESIAN_POINT('',(-8.47671753347,-1.780343820129,2.990935797089
    ));
#969 = CARTESIAN_POINT('',(-8.562773918954,-1.829023699863,
    2.961681436147));
#970 = CARTESIAN_POINT('',(-8.651109127127,-1.872462576772,
    2.934367517799));
#971 = CARTESIAN_POINT('',(-8.741467204675,-1.910641822279,
    2.909457719177));
#972 = CARTESIAN_POINT('',(-8.833629894819,-1.943527847345,
    2.887373974311));
#973 = CARTESIAN_POINT('',(-9.020859598618,-1.998487628194,
    2.849660396524));
#974 = CARTESIAN_POINT('',(-9.115926015186,-2.020603148525,
    2.834005268361));
#975 = CARTESIAN_POINT('',(-9.212186067668,-2.037266118423,
    2.821931399634));
#976 = CARTESIAN_POINT('',(-9.309249196601,-2.048408961496,
    2.813737138714));
#977 = CARTESIAN_POINT('',(-9.406748201285,-2.053992459668,
    2.809577012918));
#978 = CARTESIAN_POINT('',(-9.603089272719,-2.054011119073,
    2.809345986636));
#979 = CARTESIAN_POINT('',(-9.70178733132,-2.048309190185,2.813374736223
    ));
#980 = CARTESIAN_POINT('',(-9.80004426031,-2.036911817154,2.82153736582)
  );
#981 = CARTESIAN_POINT('',(-9.897480192608,-2.019859845832,
    2.833672734924));
#982 = CARTESIAN_POINT('',(-9.993690166721,-1.997223435667,
    2.849469224314));
#983 = CARTESIAN_POINT('',(-10.17968500936,-1.94198656908,2.886900365728
    ));
#984 = CARTESIAN_POINT('',(-10.26959474866,-1.909730233724,
    2.908331263779));
#985 = CARTESIAN_POINT('',(-10.35778749371,-1.872435726196,
    2.932445685532));
#986 = CARTESIAN_POINT('',(-10.44405934682,-1.830134340971,
    2.958851857414));
#987 = CARTESIAN_POINT('',(-10.52817216955,-1.782843780903,2.98712032388
    ));
#988 = CARTESIAN_POINT('',(-10.72168141731,-1.659026538371,
    3.057425503786));
#989 = CARTESIAN_POINT('',(-10.82898782325,-1.578126992708,
    3.100706591778));
#990 = CARTESIAN_POINT('',(-10.93136208052,-1.487720179627,
    3.145582052329));
#991 = CARTESIAN_POINT('',(-11.02815312276,-1.387486889905,
    3.190938538591));
#992 = CARTESIAN_POINT('',(-11.11837634953,-1.277051233697,
    3.235510768579));
#993 = CARTESIAN_POINT('',(-11.23250884366,-1.109187945759,
    3.294215625647));
#994 = CARTESIAN_POINT('',(-11.26321160762,-1.060680887868,3.31028408478
    ));
#995 = CARTESIAN_POINT('',(-11.29262110855,-1.010583431425,
    3.325919081386));
#996 = CARTESIAN_POINT('',(-11.32063466913,-0.958899662284,3.34102330255
    ));
#997 = CARTESIAN_POINT('',(-11.34714305813,-0.905638692639,
    3.355496102706));
#998 = CARTESIAN_POINT('',(-11.42858138219,-0.726239821862,
    3.400448546755));
#999 = CARTESIAN_POINT('',(-11.47724143342,-0.592540229016,
    3.428131721469));
#1000 = CARTESIAN_POINT('',(-11.51558154559,-0.451392497954,
    3.45050344415));
#1001 = CARTESIAN_POINT('',(-11.54193935486,-0.304772788491,
    3.466126541885));
#1002 = CARTESIAN_POINT('',(-11.55529995775,-0.154840553838,
    3.474160409494));
#1003 = CARTESIAN_POINT('',(-11.55530022964,-3.817004611531E-03,
    3.474391473094));
#1004 = PCURVE('',#130,#1005);
#1005 = DEFINITIONAL_REPRESENTATION('',(#1006),#1059);
#1006 = B_SPLINE_CURVE_WITH_KNOTS('',6,(#1007,#1008,#1009,#1010,#1011,
    #1012,#1013,#1014,#1015,#1016,#1017,#1018,#1019,#1020,#1021,#1022,
    #1023,#1024,#1025,#1026,#1027,#1028,#1029,#1030,#1031,#1032,#1033,
    #1034,#1035,#1036,#1037,#1038,#1039,#1040,#1041,#1042,#1043,#1044,
    #1045,#1046,#1047,#1048,#1049,#1050,#1051,#1052,#1053,#1054,#1055,
    #1056,#1057,#1058),.UNSPECIFIED.,.F.,.F.,(7,5,5,5,5,5,5,5,5,5,7),(0.
    ,0.117962381641,0.168475587086,0.301462205192,0.40108211398,
    0.500341644055,0.60081422621,0.698008619059,0.831080390124,
    0.882701974986,1.),.UNSPECIFIED.);
#1007 = CARTESIAN_POINT('',(0.,6.063798254186));
#1008 = CARTESIAN_POINT('',(4.339953541429E-02,6.064209470452));
#1009 = CARTESIAN_POINT('',(8.6506485696E-02,6.051111644549));
#1010 = CARTESIAN_POINT('',(0.128818444662,6.024853478944));
#1011 = CARTESIAN_POINT('',(0.169842715206,5.986456651195));
#1012 = CARTESIAN_POINT('',(0.209065293541,5.93761036568));
#1013 = CARTESIAN_POINT('',(0.261778663483,5.856466594277));
#1014 = CARTESIAN_POINT('',(0.277218083713,5.83058586871));
#1015 = CARTESIAN_POINT('',(0.292288561366,5.803261818941));
#1016 = CARTESIAN_POINT('',(0.3069865606,5.774596973583));
#1017 = CARTESIAN_POINT('',(0.321308582471,5.744687925798));
#1018 = CARTESIAN_POINT('',(0.371957940378,5.63184653726));
#1019 = CARTESIAN_POINT('',(0.406049283689,5.542040904915));
#1020 = CARTESIAN_POINT('',(0.437555725838,5.445638502918));
#1021 = CARTESIAN_POINT('',(0.466485309223,5.343630077197));
#1022 = CARTESIAN_POINT('',(0.492811729352,5.236671350761));
#1023 = CARTESIAN_POINT('',(0.534159142987,5.041650497781));
#1024 = CARTESIAN_POINT('',(0.550364807119,4.955555123585));
#1025 = CARTESIAN_POINT('',(0.565004154691,4.867183709605));
#1026 = CARTESIAN_POINT('',(0.578008624001,4.776792756337));
#1027 = CARTESIAN_POINT('',(0.58930681604,4.68460102007));
#1028 = CARTESIAN_POINT('',(0.608311474066,4.497321847643));
#1029 = CARTESIAN_POINT('',(0.616031865732,4.402234974835));
#1030 = CARTESIAN_POINT('',(0.621890004336,4.305959199045));
#1031 = CARTESIAN_POINT('',(0.625820512045,4.208885436941));
#1032 = CARTESIAN_POINT('',(0.627788369602,4.111381074519));
#1033 = CARTESIAN_POINT('',(0.627788369602,3.91503986628));
#1034 = CARTESIAN_POINT('',(0.62577212065,3.816347158792));
#1035 = CARTESIAN_POINT('',(0.621745201305,3.718100986038));
#1036 = CARTESIAN_POINT('',(0.615744290455,3.620681021344));
#1037 = CARTESIAN_POINT('',(0.607837742613,3.524491852585));
#1038 = CARTESIAN_POINT('',(0.588734076588,3.338546432623));
#1039 = CARTESIAN_POINT('',(0.577650969818,3.248665038294));
#1040 = CARTESIAN_POINT('',(0.564945415282,3.160504273408));
#1041 = CARTESIAN_POINT('',(0.550683715788,3.074267571561));
#1042 = CARTESIAN_POINT('',(0.534929587068,2.990192564016));
#1043 = CARTESIAN_POINT('',(0.494211154039,2.796777943226));
#1044 = CARTESIAN_POINT('',(0.467985633588,2.689530227387));
#1045 = CARTESIAN_POINT('',(0.439151817882,2.58721743635));
#1046 = CARTESIAN_POINT('',(0.407737523599,2.490489356315));
#1047 = CARTESIAN_POINT('',(0.373735673601,2.400329133959));
#1048 = CARTESIAN_POINT('',(0.322910525832,2.286281747832));
#1049 = CARTESIAN_POINT('',(0.308308591397,2.255602522238));
#1050 = CARTESIAN_POINT('',(0.293313890554,2.226216199864));
#1051 = CARTESIAN_POINT('',(0.277930056267,2.198225343091));
#1052 = CARTESIAN_POINT('',(0.262160757976,2.171739063777));
#1053 = CARTESIAN_POINT('',(0.209310188769,2.090370739358));
#1054 = CARTESIAN_POINT('',(0.170328627796,2.04175600186));
#1055 = CARTESIAN_POINT('',(0.129565186222,2.003455654309));
#1056 = CARTESIAN_POINT('',(8.752182758421E-02,1.977130180523));
#1057 = CARTESIAN_POINT('',(4.467988074309E-02,1.963793288951));
#1058 = CARTESIAN_POINT('',(1.529983779611E-03,1.963807641559));
#1059 = ( GEOMETRIC_REPRESENTATION_CONTEXT(2) 
PARAMETRIC_REPRESENTATION_CONTEXT() REPRESENTATION_CONTEXT('2D SPACE',''
  ) );
#1060 = PCURVE('',#313,#1061);
#1061 = DEFINITIONAL_REPRESENTATION('',(#1062),#1115);
#1062 = B_SPLINE_CURVE_WITH_KNOTS('',6,(#1063,#1064,#1065,#1066,#1067,
    #1068,#1069,#1070,#1071,#1072,#1073,#1074,#1075,#1076,#1077,#1078,
    #1079,#1080,#1081,#1082,#1083,#1084,#1085,#1086,#1087,#1088,#1089,
    #1090,#1091,#1092,#1093,#1094,#1095,#1096,#1097,#1098,#1099,#1100,
    #1101,#1102,#1103,#1104,#1105,#1106,#1107,#1108,#1109,#1110,#1111,
    #1112,#1113,#1114),.UNSPECIFIED.,.F.,.F.,(7,5,5,5,5,5,5,5,5,5,7),(0.
    ,0.117962381641,0.168475587086,0.301462205192,0.40108211398,
    0.500341644055,0.60081422621,0.698008619059,0.831080390124,
    0.882701974986,1.),.UNSPECIFIED.);
#1063 = CARTESIAN_POINT('',(3.138790427934,0.432739722722));
#1064 = CARTESIAN_POINT('',(3.21288704963,0.432781966139));
#1065 = CARTESIAN_POINT('',(3.28646501492,0.440734852579));
#1066 = CARTESIAN_POINT('',(3.35914959472,0.456396398961));
#1067 = CARTESIAN_POINT('',(3.430542484774,0.478917954654));
#1068 = CARTESIAN_POINT('',(3.500149893906,0.506833716229));
#1069 = CARTESIAN_POINT('',(3.595988697832,0.551808361488));
#1070 = CARTESIAN_POINT('',(3.624371705105,0.565998717989));
#1071 = CARTESIAN_POINT('',(3.652417187568,0.580797307441));
#1072 = CARTESIAN_POINT('',(3.680138324828,0.596109553338));
#1073 = CARTESIAN_POINT('',(3.707547131658,0.61184389986));
#1074 = CARTESIAN_POINT('',(3.806020185514,0.670213963549));
#1075 = CARTESIAN_POINT('',(3.875324908169,0.714845505066));
#1076 = CARTESIAN_POINT('',(3.942955615778,0.760310760145));
#1077 = CARTESIAN_POINT('',(4.009262250973,0.805341144063));
#1078 = CARTESIAN_POINT('',(4.074597223737,0.848822326446));
#1079 = CARTESIAN_POINT('',(4.187810121558,0.920317209244));
#1080 = CARTESIAN_POINT('',(4.23596982369,0.949483825782));
#1081 = CARTESIAN_POINT('',(4.283881949677,0.976705862143));
#1082 = CARTESIAN_POINT('',(4.331627371715,1.001519937529));
#1083 = CARTESIAN_POINT('',(4.37929407929,1.023504365696));
#1084 = CARTESIAN_POINT('',(4.47449854468,1.06101289039));
#1085 = CARTESIAN_POINT('',(4.522041812269,1.076562294457));
#1086 = CARTESIAN_POINT('',(4.569586299614,1.088527520793));
#1087 = CARTESIAN_POINT('',(4.617133559763,1.096610662019));
#1088 = CARTESIAN_POINT('',(4.664696666904,1.100657612099));
#1089 = CARTESIAN_POINT('',(4.760472909635,1.100657612099));
#1090 = CARTESIAN_POINT('',(4.808615696093,1.096511143344));
#1091 = CARTESIAN_POINT('',(4.856742074611,1.088229732741));
#1092 = CARTESIAN_POINT('',(4.904866177858,1.075974979015));
#1093 = CARTESIAN_POINT('',(4.952990038355,1.060058997187));
#1094 = CARTESIAN_POINT('',(5.047613673965,1.022393664427));
#1095 = CARTESIAN_POINT('',(5.094124200597,1.00084801609));
#1096 = CARTESIAN_POINT('',(5.140711049067,0.976619465232));
#1097 = CARTESIAN_POINT('',(5.187455970467,0.950100033764));
#1098 = CARTESIAN_POINT('',(5.23443426195,0.921719462056));
#1099 = CARTESIAN_POINT('',(5.346459229851,0.851152200224));
#1100 = CARTESIAN_POINT('',(5.411796434863,0.807722379634));
#1101 = CARTESIAN_POINT('',(5.478094264485,0.762701347213));
#1102 = CARTESIAN_POINT('',(5.545705287321,0.717203126317));
#1103 = CARTESIAN_POINT('',(5.614979608018,0.672494052036));
#1104 = CARTESIAN_POINT('',(5.713972839286,0.613608256463));
#1105 = CARTESIAN_POINT('',(5.74195469617,0.597490191591));
#1106 = CARTESIAN_POINT('',(5.770261633878,0.581806668394));
#1107 = CARTESIAN_POINT('',(5.798906625652,0.56665512167));
#1108 = CARTESIAN_POINT('',(5.827903897448,0.552136327976));
#1109 = CARTESIAN_POINT('',(5.923994118385,0.507038197958));
#1110 = CARTESIAN_POINT('',(5.993183650183,0.479260603496));
#1111 = CARTESIAN_POINT('',(6.064138948501,0.456804529123));
#1112 = CARTESIAN_POINT('',(6.136378744302,0.441109652358));
#1113 = CARTESIAN_POINT('',(6.209515283833,0.433018372541));
#1114 = CARTESIAN_POINT('',(6.28318530718,0.432745308411));
#1115 = ( GEOMETRIC_REPRESENTATION_CONTEXT(2) 
PARAMETRIC_REPRESENTATION_CONTEXT() REPRESENTATION_CONTEXT('2D SPACE',''
  ) );
#1116 = ORIENTED_EDGE('',*,*,#1117,.T.);
#1117 = EDGE_CURVE('',#948,#177,#1118,.T.);
#1118 = SURFACE_CURVE('',#1119,(#1149,#1182),.PCURVE_S1.);
#1119 = B_SPLINE_CURVE_WITH_KNOTS('',4,(#1120,#1121,#1122,#1123,#1124,
    #1125,#1126,#1127,#1128,#1129,#1130,#1131,#1132,#1133,#1134,#1135,
    #1136,#1137,#1138,#1139,#1140,#1141,#1142,#1143,#1144,#1145,#1146,
    #1147,#1148),.UNSPECIFIED.,.F.,.F.,(5,3,3,3,3,3,3,3,3,5),(0.,
    0.113281303167,0.226562564821,0.339843797235,0.453125012679,
    0.566406223425,0.679687441744,0.792968679907,0.906249950185,1.),
  .UNSPECIFIED.);
#1120 = CARTESIAN_POINT('',(-11.55530022964,-3.817004611531E-03,
    3.474391473094));
#1121 = CARTESIAN_POINT('',(-11.55530022991,-3.665351731941E-03,
    3.474391705121));
#1122 = CARTESIAN_POINT('',(-11.55530021522,-3.513698830788E-03,
    3.474391928403));
#1123 = CARTESIAN_POINT('',(-11.55530018555,-3.362045913022E-03,
    3.474392142942));
#1124 = CARTESIAN_POINT('',(-11.55530009629,-3.058740109741E-03,
    3.474392554532));
#1125 = CARTESIAN_POINT('',(-11.55530003669,-2.907087224226E-03,
    3.474392751583));
#1126 = CARTESIAN_POINT('',(-11.55529996212,-2.755434332E-03,
    3.47439293989));
#1127 = CARTESIAN_POINT('',(-11.55529978304,-2.452128583176E-03,
    3.474393299017));
#1128 = CARTESIAN_POINT('',(-11.55529967853,-2.300475726577E-03,
    3.474393469837));
#1129 = CARTESIAN_POINT('',(-11.55529955905,-2.14882287317E-03,
    3.474393631912));
#1130 = CARTESIAN_POINT('',(-11.55529929016,-1.845517205359E-03,
    3.474393938576));
#1131 = CARTESIAN_POINT('',(-11.55529914075,-1.693864390956E-03,
    3.474394083164));
#1132 = CARTESIAN_POINT('',(-11.55529897636,-1.542211589647E-03,
    3.474394219008));
#1133 = CARTESIAN_POINT('',(-11.55529861766,-1.238906029409E-03,
    3.474394473209));
#1134 = CARTESIAN_POINT('',(-11.55529842334,-1.087253270481E-03,
    3.474394591566));
#1135 = CARTESIAN_POINT('',(-11.55529821405,-9.356005345485E-04,
    3.474394701178));
#1136 = CARTESIAN_POINT('',(-11.55529776553,-6.322951084411E-04,
    3.474394902916));
#1137 = CARTESIAN_POINT('',(-11.55529752631,-4.806424182658E-04,
    3.474394995041));
#1138 = CARTESIAN_POINT('',(-11.55529727211,-3.289897609895E-04,
    3.474395078422));
#1139 = CARTESIAN_POINT('',(-11.55529673378,-2.568449557005E-05,
    3.474395227697));
#1140 = CARTESIAN_POINT('',(-11.55529644965,1.25968112573E-04,
    3.474395293591));
#1141 = CARTESIAN_POINT('',(-11.55529615055,2.77620677915E-04,
    3.474395350741));
#1142 = CARTESIAN_POINT('',(-11.55529552241,5.809257560884E-04,
    3.474395447553));
#1143 = CARTESIAN_POINT('',(-11.55529519337,7.325782689197E-04,
    3.474395487215));
#1144 = CARTESIAN_POINT('',(-11.55529484936,8.84230729048E-04,
    3.474395518134));
#1145 = CARTESIAN_POINT('',(-11.5552941933,1.161388612275E-03,
    3.47439555866));
#1146 = CARTESIAN_POINT('',(-11.55529388597,1.28689405354E-03,
    3.474395571023));
#1147 = CARTESIAN_POINT('',(-11.55529356838,1.412399452511E-03,
    3.474395577397));
#1148 = CARTESIAN_POINT('',(-11.55529324054,1.537904806383E-03,
    3.474395577783));
#1149 = PCURVE('',#130,#1150);
#1150 = DEFINITIONAL_REPRESENTATION('',(#1151),#1181);
#1151 = B_SPLINE_CURVE_WITH_KNOTS('',4,(#1152,#1153,#1154,#1155,#1156,
    #1157,#1158,#1159,#1160,#1161,#1162,#1163,#1164,#1165,#1166,#1167,
    #1168,#1169,#1170,#1171,#1172,#1173,#1174,#1175,#1176,#1177,#1178,
    #1179,#1180),.UNSPECIFIED.,.F.,.F.,(5,3,3,3,3,3,3,3,3,5),(0.,
    0.113281303167,0.226562564821,0.339843797235,0.453125012679,
    0.566406223425,0.679687441744,0.792968679907,0.906249950185,1.),
  .UNSPECIFIED.);
#1152 = CARTESIAN_POINT('',(1.529983779611E-03,1.963807641559));
#1153 = CARTESIAN_POINT('',(1.486654072674E-03,1.963807655972));
#1154 = CARTESIAN_POINT('',(1.443324363813E-03,1.963807685343));
#1155 = CARTESIAN_POINT('',(1.399994654224E-03,1.963807729672));
#1156 = CARTESIAN_POINT('',(1.313335251866E-03,1.963807848247));
#1157 = CARTESIAN_POINT('',(1.270005559096E-03,1.963807922493));
#1158 = CARTESIAN_POINT('',(1.226675867994E-03,1.963808011698));
#1159 = CARTESIAN_POINT('',(1.140016502707E-03,1.963808220024));
#1160 = CARTESIAN_POINT('',(1.096686828521E-03,1.963808339146));
#1161 = CARTESIAN_POINT('',(1.053357158399E-03,1.963808473225));
#1162 = CARTESIAN_POINT('',(9.666978351681E-04,1.963808771302));
#1163 = CARTESIAN_POINT('',(9.233681820593E-04,1.963808935299));
#1164 = CARTESIAN_POINT('',(8.800385354089E-04,1.963809114254));
#1165 = CARTESIAN_POINT('',(7.933792592186E-04,1.963809502081));
#1166 = CARTESIAN_POINT('',(7.500496296787E-04,1.963809710953));
#1167 = CARTESIAN_POINT('',(7.067200089928E-04,1.963809934784));
#1168 = CARTESIAN_POINT('',(6.200607848283E-04,1.963810412361));
#1169 = CARTESIAN_POINT('',(5.767311813492E-04,1.963810666109));
#1170 = CARTESIAN_POINT('',(5.334015891205E-04,1.963810934814));
#1171 = CARTESIAN_POINT('',(4.467424219664E-04,1.963811502143));
#1172 = CARTESIAN_POINT('',(4.034128470411E-04,1.963811800765));
#1173 = CARTESIAN_POINT('',(3.600832857611E-04,1.963812114346));
#1174 = CARTESIAN_POINT('',(2.734241806023E-04,1.963812771425));
#1175 = CARTESIAN_POINT('',(2.300946367238E-04,1.963813114922));
#1176 = CARTESIAN_POINT('',(1.867651088851E-04,1.963813473379));
#1177 = CARTESIAN_POINT('',(1.07576680325E-04,1.963814155826));
#1178 = CARTESIAN_POINT('',(7.171777417084E-05,1.963814475103));
#1179 = CARTESIAN_POINT('',(3.585888050428E-05,1.963814804626));
#1180 = CARTESIAN_POINT('',(0.,1.963815144394));
#1181 = ( GEOMETRIC_REPRESENTATION_CONTEXT(2) 
PARAMETRIC_REPRESENTATION_CONTEXT() REPRESENTATION_CONTEXT('2D SPACE',''
  ) );
#1182 = PCURVE('',#313,#1183);
#1183 = DEFINITIONAL_REPRESENTATION('',(#1184),#1214);
#1184 = B_SPLINE_CURVE_WITH_KNOTS('',4,(#1185,#1186,#1187,#1188,#1189,
    #1190,#1191,#1192,#1193,#1194,#1195,#1196,#1197,#1198,#1199,#1200,
    #1201,#1202,#1203,#1204,#1205,#1206,#1207,#1208,#1209,#1210,#1211,
    #1212,#1213),.UNSPECIFIED.,.F.,.F.,(5,3,3,3,3,3,3,3,3,5),(0.,
    0.113281303167,0.226562564821,0.339843797235,0.453125012679,
    0.566406223425,0.679687441744,0.792968679907,0.906249950185,1.),
  .UNSPECIFIED.);
#1185 = CARTESIAN_POINT('',(8.881784197001E-16,0.432745308411));
#1186 = CARTESIAN_POINT('',(7.397701376601E-05,0.432745034208));
#1187 = CARTESIAN_POINT('',(1.479540392379E-04,0.432744768768));
#1188 = CARTESIAN_POINT('',(2.21931075083E-04,0.432744512089));
#1189 = CARTESIAN_POINT('',(3.698851377357E-04,0.432744016253));
#1190 = CARTESIAN_POINT('',(4.438621645434E-04,0.432743777097));
#1191 = CARTESIAN_POINT('',(5.178391990527E-04,0.432743546702));
#1192 = CARTESIAN_POINT('',(6.657932617054E-04,0.432743103436));
#1193 = CARTESIAN_POINT('',(7.397702898491E-04,0.432742890564));
#1194 = CARTESIAN_POINT('',(8.137473230224E-04,0.432742686453));
#1195 = CARTESIAN_POINT('',(9.617013856751E-04,0.432742295756));
#1196 = CARTESIAN_POINT('',(1.035678415155E-03,0.432742109168));
#1197 = CARTESIAN_POINT('',(1.109655446992E-03,0.432741931342));
#1198 = CARTESIAN_POINT('',(1.257609509645E-03,0.432741593213));
#1199 = CARTESIAN_POINT('',(1.33158654046E-03,0.43274143291));
#1200 = CARTESIAN_POINT('',(1.405563570962E-03,0.432741281368));
#1201 = CARTESIAN_POINT('',(1.553517633614E-03,0.432740995807));
#1202 = CARTESIAN_POINT('',(1.627494665765E-03,0.432740861788));
#1203 = CARTESIAN_POINT('',(1.701471694932E-03,0.432740736531));
#1204 = CARTESIAN_POINT('',(1.849425757584E-03,0.432740503539));
#1205 = CARTESIAN_POINT('',(1.92340279107E-03,0.432740395804));
#1206 = CARTESIAN_POINT('',(1.997379818901E-03,0.432740296831));
#1207 = CARTESIAN_POINT('',(2.145333881554E-03,0.432740116408));
#1208 = CARTESIAN_POINT('',(2.219310916376E-03,0.432740034957));
#1209 = CARTESIAN_POINT('',(2.293287942871E-03,0.432739962268));
#1210 = CARTESIAN_POINT('',(2.428487340035E-03,0.432739845435));
#1211 = CARTESIAN_POINT('',(2.489709713746E-03,0.43273979853));
#1212 = CARTESIAN_POINT('',(2.550932080087E-03,0.432739757626));
#1213 = CARTESIAN_POINT('',(2.612154438294E-03,0.432739722722));
#1214 = ( GEOMETRIC_REPRESENTATION_CONTEXT(2) 
PARAMETRIC_REPRESENTATION_CONTEXT() REPRESENTATION_CONTEXT('2D SPACE',''
  ) );
#1215 = ORIENTED_EDGE('',*,*,#176,.F.);
#1216 = ORIENTED_EDGE('',*,*,#153,.F.);
#1217 = FACE_BOUND('',#1218,.T.);
#1218 = EDGE_LOOP('',(#1219));
#1219 = ORIENTED_EDGE('',*,*,#1220,.T.);
#1220 = EDGE_CURVE('',#1221,#1221,#1223,.T.);
#1221 = VERTEX_POINT('',#1222);
#1222 = CARTESIAN_POINT('',(9.498612569792,2.072672060028,
    -2.823673963759));
#1223 = SURFACE_CURVE('',#1224,(#1372,#1523),.PCURVE_S1.);
#1224 = B_SPLINE_CURVE_WITH_KNOTS('',6,(#1225,#1226,#1227,#1228,#1229,
    #1230,#1231,#1232,#1233,#1234,#1235,#1236,#1237,#1238,#1239,#1240,
    #1241,#1242,#1243,#1244,#1245,#1246,#1247,#1248,#1249,#1250,#1251,
    #1252,#1253,#1254,#1255,#1256,#1257,#1258,#1259,#1260,#1261,#1262,
    #1263,#1264,#1265,#1266,#1267,#1268,#1269,#1270,#1271,#1272,#1273,
    #1274,#1275,#1276,#1277,#1278,#1279,#1280,#1281,#1282,#1283,#1284,
    #1285,#1286,#1287,#1288,#1289,#1290,#1291,#1292,#1293,#1294,#1295,
    #1296,#1297,#1298,#1299,#1300,#1301,#1302,#1303,#1304,#1305,#1306,
    #1307,#1308,#1309,#1310,#1311,#1312,#1313,#1314,#1315,#1316,#1317,
    #1318,#1319,#1320,#1321,#1322,#1323,#1324,#1325,#1326,#1327,#1328,
    #1329,#1330,#1331,#1332,#1333,#1334,#1335,#1336,#1337,#1338,#1339,
    #1340,#1341,#1342,#1343,#1344,#1345,#1346,#1347,#1348,#1349,#1350,
    #1351,#1352,#1353,#1354,#1355,#1356,#1357,#1358,#1359,#1360,#1361,
    #1362,#1363,#1364,#1365,#1366,#1367,#1368,#1369,#1370,#1371),
  .UNSPECIFIED.,.T.,.F.,(7,5,5,5,5,5,5,5,5,5,5,5,5,5,5,5,5,5,5,5,5,5,5,5
    ,5,5,5,5,5,7),(0.,1.908902667424E-06,3.686156875677E-06,
    5.529235317363E-06,7.438137989526E-06,9.281216432328E-06,
    1.119011910423E-05,1.309902177614E-05,1.500792444625E-05,
    1.685100288539E-05,5.026789201066E-02,9.991073882808E-02,
    0.147413602737,0.19127642506,0.249814401944,0.308706446968,
    0.333880585431,0.400278647698,0.449150349329,0.49954926839,
    0.549775908426,0.598358831649,0.664854523589,0.712439447369,
    0.749361110455,0.808483207223,0.833746091372,0.900419395039,
    0.949486264531,1.),.UNSPECIFIED.);
#1225 = CARTESIAN_POINT('',(9.498612569792,2.072672060028,
    -2.823673963759));
#1226 = CARTESIAN_POINT('',(9.498608799524,2.072672060035,
    -2.823673967927));
#1227 = CARTESIAN_POINT('',(9.498605029256,2.072672060033,
    -2.823673972102));
#1228 = CARTESIAN_POINT('',(9.498601258988,2.072672060023,
    -2.823673976283));
#1229 = CARTESIAN_POINT('',(9.498597488721,2.072672060005,-2.82367398047
    ));
#1230 = CARTESIAN_POINT('',(9.498593718453,2.072672059979,
    -2.823673984663));
#1231 = CARTESIAN_POINT('',(9.498586437936,2.072672059912,
    -2.823673992771));
#1232 = CARTESIAN_POINT('',(9.498582927687,2.072672059873,
    -2.823673996686));
#1233 = CARTESIAN_POINT('',(9.498579417438,2.072672059826,
    -2.823674000606));
#1234 = CARTESIAN_POINT('',(9.498575907189,2.072672059772,
    -2.823674004531));
#1235 = CARTESIAN_POINT('',(9.498572396939,2.072672059712,
    -2.823674008462));
#1236 = CARTESIAN_POINT('',(9.498565246432,2.072672059573,
    -2.823674016479));
#1237 = CARTESIAN_POINT('',(9.498561606174,2.072672059495,
    -2.823674020566));
#1238 = CARTESIAN_POINT('',(9.498557965915,2.072672059409,
    -2.823674024659));
#1239 = CARTESIAN_POINT('',(9.498554325657,2.072672059315,
    -2.823674028757));
#1240 = CARTESIAN_POINT('',(9.498550685398,2.072672059214,
    -2.823674032861));
#1241 = CARTESIAN_POINT('',(9.498543274872,2.072672058991,
    -2.823674041228));
#1242 = CARTESIAN_POINT('',(9.498539504605,2.07267205887,-2.82367404549)
  );
#1243 = CARTESIAN_POINT('',(9.498535734337,2.072672058741,
    -2.823674049759));
#1244 = CARTESIAN_POINT('',(9.49853196407,2.072672058603,-2.823674054034
    ));
#1245 = CARTESIAN_POINT('',(9.498528193802,2.072672058457,
    -2.823674058314));
#1246 = CARTESIAN_POINT('',(9.498520783276,2.072672058153,-2.82367406674
    ));
#1247 = CARTESIAN_POINT('',(9.498517143018,2.072672057996,
    -2.823674070885));
#1248 = CARTESIAN_POINT('',(9.49851350276,2.072672057832,-2.823674075035
    ));
#1249 = CARTESIAN_POINT('',(9.498509862501,2.07267205766,-2.823674079191
    ));
#1250 = CARTESIAN_POINT('',(9.498506222243,2.07267205748,-2.823674083353
    ));
#1251 = CARTESIAN_POINT('',(9.498498811717,2.072672057098,
    -2.823674091836));
#1252 = CARTESIAN_POINT('',(9.49849504145,2.072672056895,-2.823674096158
    ));
#1253 = CARTESIAN_POINT('',(9.498491271182,2.072672056684,
    -2.823674100487));
#1254 = CARTESIAN_POINT('',(9.498487500915,2.072672056465,
    -2.823674104821));
#1255 = CARTESIAN_POINT('',(9.498483730647,2.072672056238,
    -2.823674109161));
#1256 = CARTESIAN_POINT('',(9.498476190112,2.072672055767,
    -2.823674117854));
#1257 = CARTESIAN_POINT('',(9.498472419845,2.072672055523,
    -2.823674122207));
#1258 = CARTESIAN_POINT('',(9.498468649577,2.07267205527,-2.823674126565
    ));
#1259 = CARTESIAN_POINT('',(9.49846487931,2.07267205501,-2.82367413093)
  );
#1260 = CARTESIAN_POINT('',(9.498461109042,2.072672054741,-2.8236741353)
  );
#1261 = CARTESIAN_POINT('',(9.498453568507,2.072672054187,
    -2.823674144054));
#1262 = CARTESIAN_POINT('',(9.49844979824,2.072672053902,-2.823674148437
    ));
#1263 = CARTESIAN_POINT('',(9.498446027973,2.072672053608,
    -2.823674152826));
#1264 = CARTESIAN_POINT('',(9.498442257705,2.072672053306,-2.82367415722
    ));
#1265 = CARTESIAN_POINT('',(9.498438487438,2.072672052996,
    -2.823674161621));
#1266 = CARTESIAN_POINT('',(9.498431076912,2.072672052371,
    -2.823674170284));
#1267 = CARTESIAN_POINT('',(9.498427436654,2.072672052055,
    -2.823674174544));
#1268 = CARTESIAN_POINT('',(9.498423796396,2.072672051733,
    -2.823674178811));
#1269 = CARTESIAN_POINT('',(9.498420156138,2.072672051402,
    -2.823674183083));
#1270 = CARTESIAN_POINT('',(9.498416515879,2.072672051064,-2.82367418736
    ));
#1271 = CARTESIAN_POINT('',(9.399162210309,2.072662618364,
    -2.823790975728));
#1272 = CARTESIAN_POINT('',(9.299993211952,2.066921406417,
    -2.828109018099));
#1273 = CARTESIAN_POINT('',(9.20128095681,2.055464776118,-2.836615933305
    ));
#1274 = CARTESIAN_POINT('',(9.103407833831,2.038334226972,-2.84914662659
    ));
#1275 = CARTESIAN_POINT('',(9.006781650941,2.01560087532,-2.865382811085
    ));
#1276 = CARTESIAN_POINT('',(8.818067919763,1.959563786646,
    -2.904149260763));
#1277 = CARTESIAN_POINT('',(8.725922924098,1.926386554718,
    -2.926604396822));
#1278 = CARTESIAN_POINT('',(8.635594192479,1.887942263659,
    -2.951878822156));
#1279 = CARTESIAN_POINT('',(8.54729607053,1.844263088614,-2.979548555507
    ));
#1280 = CARTESIAN_POINT('',(8.461280634596,1.795365464073,
    -3.009149390909));
#1281 = CARTESIAN_POINT('',(8.297996198158,1.689495471843,
    -3.069892561572));
#1282 = CARTESIAN_POINT('',(8.22047414037,1.632938638393,-3.100926762946
    ));
#1283 = CARTESIAN_POINT('',(8.145434475952,1.571534190427,
    -3.132900869191));
#1284 = CARTESIAN_POINT('',(8.073096907057,1.505182691345,
    -3.165407578836));
#1285 = CARTESIAN_POINT('',(8.003758898395,1.433762674493,
    -3.198008440415));
#1286 = CARTESIAN_POINT('',(7.876923150008,1.286404826404,
    -3.259959890884));
#1287 = CARTESIAN_POINT('',(7.818880769223,1.211181325393,
    -3.289389679391));
#1288 = CARTESIAN_POINT('',(7.764039586022,1.131404291887,
    -3.318108842908));
#1289 = CARTESIAN_POINT('',(7.712818935466,1.047024100023,
    -3.345678336119));
#1290 = CARTESIAN_POINT('',(7.665708358769,0.958021035474,
    -3.371622192536));
#1291 = CARTESIAN_POINT('',(7.566634864501,0.739482553693,
    -3.427205215435));
#1292 = CARTESIAN_POINT('',(7.517886934809,0.60538814923,-3.455421177392
    ));
#1293 = CARTESIAN_POINT('',(7.479460746963,0.463805297896,
    -3.478279099656));
#1294 = CARTESIAN_POINT('',(7.45302225516,0.316711268334,-3.494325374107
    ));
#1295 = CARTESIAN_POINT('',(7.439589988376,0.166268037211,
    -3.502706095527));
#1296 = CARTESIAN_POINT('',(7.439471776167,-0.137782745887,
    -3.503692996841));
#1297 = CARTESIAN_POINT('',(7.452948951617,-0.289213831524,
    -3.496196344385));
#1298 = CARTESIAN_POINT('',(7.479606580764,-0.437315548115,
    -3.48091366819));
#1299 = CARTESIAN_POINT('',(7.518415238607,-0.579871756573,
    -3.458700388823));
#1300 = CARTESIAN_POINT('',(7.567676824818,-0.714853293635,
    -3.431031234771));
#1301 = CARTESIAN_POINT('',(7.649359352916,-0.894265268675,
    -3.386359056632));
#1302 = CARTESIAN_POINT('',(7.675365593757,-0.946493373774,
    -3.37226908247));
#1303 = CARTESIAN_POINT('',(7.702809652817,-0.997210281043,
    -3.357564340195));
#1304 = CARTESIAN_POINT('',(7.731589388669,-1.046407317501,
    -3.342339602773));
#1305 = CARTESIAN_POINT('',(7.761608602961,-1.094080414809,
    -3.326686570057));
#1306 = CARTESIAN_POINT('',(7.874985369172,-1.261952260386,
    -3.268512311082));
#1307 = CARTESIAN_POINT('',(7.965220344406,-1.373124044715,
    -3.223950320886));
#1308 = CARTESIAN_POINT('',(8.062050437774,-1.474053714754,
    -3.178515002222));
#1309 = CARTESIAN_POINT('',(8.164485116349,-1.565120690996,
    -3.133482886347));
#1310 = CARTESIAN_POINT('',(8.27187024111,-1.646649341502,
    -3.089974077664));
#1311 = CARTESIAN_POINT('',(8.466180270501,-1.771919229475,
    -3.018927528042));
#1312 = CARTESIAN_POINT('',(8.551045354182,-1.819968368014,
    -2.990197631275));
#1313 = CARTESIAN_POINT('',(8.638113128324,-1.862939901593,
    -2.96332729011));
#1314 = CARTESIAN_POINT('',(8.727141667288,-1.900817232508,
    -2.938757415622));
#1315 = CARTESIAN_POINT('',(8.817924488122,-1.933569267148,
    -2.916890297908));
#1316 = CARTESIAN_POINT('',(9.005538768951,-1.989566813012,
    -2.878676689442));
#1317 = CARTESIAN_POINT('',(9.102490164803,-2.012488921214,
    -2.862520085912));
#1318 = CARTESIAN_POINT('',(9.200692826162,-2.029756479947,
    -2.850048544942));
#1319 = CARTESIAN_POINT('',(9.299737038078,-2.041298187246,
    -2.841580850855));
#1320 = CARTESIAN_POINT('',(9.399238512464,-2.047072471252,
    -2.837282292181));
#1321 = CARTESIAN_POINT('',(9.598061629655,-2.047053575963,
    -2.83704834538));
#1322 = CARTESIAN_POINT('',(9.697232609155,-2.041299884142,
    -2.841084596631));
#1323 = CARTESIAN_POINT('',(9.795959620673,-2.029818016266,
    -2.849262730495));
#1324 = CARTESIAN_POINT('',(9.893861549223,-2.01264912367,
    -2.861420549689));
#1325 = CARTESIAN_POINT('',(9.990531908653,-1.989863814951,
    -2.877244383306));
#1326 = CARTESIAN_POINT('',(10.177408227194,-1.934275739066,
    -2.914731779344));
#1327 = CARTESIAN_POINT('',(10.267740136884,-1.901820038965,
    -2.936190876506));
#1328 = CARTESIAN_POINT('',(10.356348412911,-1.864298252249,
    -2.960332849848));
#1329 = CARTESIAN_POINT('',(10.443028701302,-1.821741577344,
    -2.986763427799));
#1330 = CARTESIAN_POINT('',(10.527542064831,-1.774167356379,
    -3.015050348602));
#1331 = CARTESIAN_POINT('',(10.721943919821,-1.649631738946,
    -3.085365274814));
#1332 = CARTESIAN_POINT('',(10.829737218079,-1.568277971938,
    -3.12862804348));
#1333 = CARTESIAN_POINT('',(10.932583438523,-1.477365539077,
    -3.173459810897));
#1334 = CARTESIAN_POINT('',(11.029828120547,-1.376571043413,
    -3.218738925146));
#1335 = CARTESIAN_POINT('',(11.12047985386,-1.265514277994,
    -3.263188829516));
#1336 = CARTESIAN_POINT('',(11.262231925648,-1.056844914793,
    -3.335440260055));
#1337 = CARTESIAN_POINT('',(11.317377293437,-0.964201602374,
    -3.364447114388));
#1338 = CARTESIAN_POINT('',(11.367798770215,-0.866064697126,
    -3.391668618517));
#1339 = CARTESIAN_POINT('',(11.412747987392,-0.762617412743,
    -3.41642273596));
#1340 = CARTESIAN_POINT('',(11.451457234217,-0.654120303701,
    -3.438026489351));
#1341 = CARTESIAN_POINT('',(11.507698806337,-0.4530789152,
    -3.469629954988));
#1342 = CARTESIAN_POINT('',(11.528025702549,-0.362431854415,
    -3.481141601878));
#1343 = CARTESIAN_POINT('',(11.543605750234,-0.269612515622,
    -3.489976120749));
#1344 = CARTESIAN_POINT('',(11.554101822164,-0.175290166235,
    -3.495864193691));
#1345 = CARTESIAN_POINT('',(11.559335107901,-8.015493440209E-02,
    -3.49865957307));
#1346 = CARTESIAN_POINT('',(11.559189793361,0.167610887723,
    -3.497855648199));
#1347 = CARTESIAN_POINT('',(11.54554005789,0.318977889734,
    -3.489404593613));
#1348 = CARTESIAN_POINT('',(11.518708668923,0.466933098171,
    -3.473226028423));
#1349 = CARTESIAN_POINT('',(11.479739480353,0.60928159524,
    -3.450191171883));
#1350 = CARTESIAN_POINT('',(11.430337453819,0.744018627726,
    -3.421781678746));
#1351 = CARTESIAN_POINT('',(11.348488844021,0.923043597335,
    -3.37617334633));
#1352 = CARTESIAN_POINT('',(11.322443540669,0.975140095419,
    -3.361820910297));
#1353 = CARTESIAN_POINT('',(11.294964416431,1.025724954635,
    -3.346867393987));
#1354 = CARTESIAN_POINT('',(11.266153342882,1.0747904599,-3.331406980811
    ));
#1355 = CARTESIAN_POINT('',(11.236106134825,1.122333440892,
    -3.315530746886));
#1356 = CARTESIAN_POINT('',(11.122587059608,1.289815177653,
    -3.256561158453));
#1357 = CARTESIAN_POINT('',(11.032244287005,1.400727970436,
    -3.21149412446));
#1358 = CARTESIAN_POINT('',(10.935313811183,1.501409421805,
    -3.165624725554));
#1359 = CARTESIAN_POINT('',(10.832783252559,1.592244138477,
    -3.120223544115));
#1360 = CARTESIAN_POINT('',(10.725303489906,1.673559508538,
    -3.076407963289));
#1361 = CARTESIAN_POINT('',(10.53083873418,1.798486044701,-3.0049443381)
  );
#1362 = CARTESIAN_POINT('',(10.445914801391,1.84639754647,
    -2.976074290766));
#1363 = CARTESIAN_POINT('',(10.358787929591,1.889243726865,
    -2.949099065377));
#1364 = CARTESIAN_POINT('',(10.269700176416,1.927007892913,
    -2.924461474379));
#1365 = CARTESIAN_POINT('',(10.178858072233,1.959658754223,
    -2.902566251203));
#1366 = CARTESIAN_POINT('',(9.99128592677,2.015425575319,-2.864414927182
    ));
#1367 = CARTESIAN_POINT('',(9.894441123477,2.038237783708,
    -2.848340054958));
#1368 = CARTESIAN_POINT('',(9.796351788524,2.055425611278,
    -2.835985763064));
#1369 = CARTESIAN_POINT('',(9.697428710905,2.066917556827,
    -2.827671879569));
#1370 = CARTESIAN_POINT('',(9.59805664576,2.072671881607,-2.823564010196
    ));
#1371 = CARTESIAN_POINT('',(9.498612569792,2.072672060028,
    -2.823673963759));
#1372 = PCURVE('',#130,#1373);
#1373 = DEFINITIONAL_REPRESENTATION('',(#1374),#1522);
#1374 = B_SPLINE_CURVE_WITH_KNOTS('',6,(#1375,#1376,#1377,#1378,#1379,
    #1380,#1381,#1382,#1383,#1384,#1385,#1386,#1387,#1388,#1389,#1390,
    #1391,#1392,#1393,#1394,#1395,#1396,#1397,#1398,#1399,#1400,#1401,
    #1402,#1403,#1404,#1405,#1406,#1407,#1408,#1409,#1410,#1411,#1412,
    #1413,#1414,#1415,#1416,#1417,#1418,#1419,#1420,#1421,#1422,#1423,
    #1424,#1425,#1426,#1427,#1428,#1429,#1430,#1431,#1432,#1433,#1434,
    #1435,#1436,#1437,#1438,#1439,#1440,#1441,#1442,#1443,#1444,#1445,
    #1446,#1447,#1448,#1449,#1450,#1451,#1452,#1453,#1454,#1455,#1456,
    #1457,#1458,#1459,#1460,#1461,#1462,#1463,#1464,#1465,#1466,#1467,
    #1468,#1469,#1470,#1471,#1472,#1473,#1474,#1475,#1476,#1477,#1478,
    #1479,#1480,#1481,#1482,#1483,#1484,#1485,#1486,#1487,#1488,#1489,
    #1490,#1491,#1492,#1493,#1494,#1495,#1496,#1497,#1498,#1499,#1500,
    #1501,#1502,#1503,#1504,#1505,#1506,#1507,#1508,#1509,#1510,#1511,
    #1512,#1513,#1514,#1515,#1516,#1517,#1518,#1519,#1520,#1521),
  .UNSPECIFIED.,.F.,.F.,(7,5,5,5,5,5,5,5,5,5,5,5,5,5,5,5,5,5,5,5,5,5,5,5
    ,5,5,5,5,5,7),(0.,1.908902667424E-06,3.686156875677E-06,
    5.529235317363E-06,7.438137989526E-06,9.281216432328E-06,
    1.119011910423E-05,1.309902177614E-05,1.500792444625E-05,
    1.685100288539E-05,5.026789201066E-02,9.991073882808E-02,
    0.147413602737,0.19127642506,0.249814401944,0.308706446968,
    0.333880585431,0.400278647698,0.449150349329,0.49954926839,
    0.549775908426,0.598358831649,0.664854523589,0.712439447369,
    0.749361110455,0.808483207223,0.833746091372,0.900419395039,
    0.949486264531,1.),.UNSPECIFIED.);
#1375 = CARTESIAN_POINT('',(3.774119598126,23.01049244791));
#1376 = CARTESIAN_POINT('',(3.774119598255,23.01048867764));
#1377 = CARTESIAN_POINT('',(3.774119598382,23.01048490737));
#1378 = CARTESIAN_POINT('',(3.774119598505,23.0104811371));
#1379 = CARTESIAN_POINT('',(3.774119598626,23.01047736683));
#1380 = CARTESIAN_POINT('',(3.774119598743,23.01047359656));
#1381 = CARTESIAN_POINT('',(3.774119598965,23.010466316039));
#1382 = CARTESIAN_POINT('',(3.774119599069,23.010462805787));
#1383 = CARTESIAN_POINT('',(3.774119599171,23.010459295536));
#1384 = CARTESIAN_POINT('',(3.77411959927,23.010455785285));
#1385 = CARTESIAN_POINT('',(3.774119599367,23.010452275033));
#1386 = CARTESIAN_POINT('',(3.774119599558,23.010445124521));
#1387 = CARTESIAN_POINT('',(3.774119599653,23.010441484261));
#1388 = CARTESIAN_POINT('',(3.774119599745,23.010437844));
#1389 = CARTESIAN_POINT('',(3.774119599834,23.010434203739));
#1390 = CARTESIAN_POINT('',(3.774119599921,23.010430563479));
#1391 = CARTESIAN_POINT('',(3.774119600092,23.010423152948));
#1392 = CARTESIAN_POINT('',(3.774119600176,23.010419382678));
#1393 = CARTESIAN_POINT('',(3.774119600257,23.010415612408));
#1394 = CARTESIAN_POINT('',(3.774119600335,23.010411842138));
#1395 = CARTESIAN_POINT('',(3.77411960041,23.010408071868));
#1396 = CARTESIAN_POINT('',(3.774119600552,23.010400661337));
#1397 = CARTESIAN_POINT('',(3.774119600619,23.010397021077));
#1398 = CARTESIAN_POINT('',(3.774119600683,23.010393380816));
#1399 = CARTESIAN_POINT('',(3.774119600745,23.010389740555));
#1400 = CARTESIAN_POINT('',(3.774119600804,23.010386100295));
#1401 = CARTESIAN_POINT('',(3.774119600918,23.010378689764));
#1402 = CARTESIAN_POINT('',(3.774119600973,23.010374919494));
#1403 = CARTESIAN_POINT('',(3.774119601025,23.010371149224));
#1404 = CARTESIAN_POINT('',(3.774119601075,23.010367378954));
#1405 = CARTESIAN_POINT('',(3.774119601121,23.010363608684));
#1406 = CARTESIAN_POINT('',(3.774119601208,23.010356068144));
#1407 = CARTESIAN_POINT('',(3.774119601249,23.010352297874));
#1408 = CARTESIAN_POINT('',(3.774119601286,23.010348527604));
#1409 = CARTESIAN_POINT('',(3.774119601321,23.010344757334));
#1410 = CARTESIAN_POINT('',(3.774119601352,23.010340987064));
#1411 = CARTESIAN_POINT('',(3.77411960141,23.010333446524));
#1412 = CARTESIAN_POINT('',(3.774119601436,23.010329676254));
#1413 = CARTESIAN_POINT('',(3.774119601459,23.010325905984));
#1414 = CARTESIAN_POINT('',(3.774119601479,23.010322135714));
#1415 = CARTESIAN_POINT('',(3.774119601496,23.010318365444));
#1416 = CARTESIAN_POINT('',(3.774119601524,23.010310954913));
#1417 = CARTESIAN_POINT('',(3.774119601535,23.010307314653));
#1418 = CARTESIAN_POINT('',(3.774119601543,23.010303674392));
#1419 = CARTESIAN_POINT('',(3.774119601548,23.010300034131));
#1420 = CARTESIAN_POINT('',(3.774119601551,23.010296393871));
#1421 = CARTESIAN_POINT('',(3.774119601551,22.911042019142));
#1422 = CARTESIAN_POINT('',(3.772089117759,22.811867463408));
#1423 = CARTESIAN_POINT('',(3.768033895285,22.713144178537));
#1424 = CARTESIAN_POINT('',(3.761991411272,22.615254751412));
#1425 = CARTESIAN_POINT('',(3.754031464167,22.518607370949));
#1426 = CARTESIAN_POINT('',(3.734603166557,22.329842830924));
#1427 = CARTESIAN_POINT('',(3.72317677783,22.23766832445));
#1428 = CARTESIAN_POINT('',(3.71005201999,22.14730626286));
#1429 = CARTESIAN_POINT('',(3.69530050951,22.05897149357));
#1430 = CARTESIAN_POINT('',(3.678990580613,21.97291664052));
#1431 = CARTESIAN_POINT('',(3.644147759562,21.809550782551));
#1432 = CARTESIAN_POINT('',(3.625733345295,21.731986887252));
#1433 = CARTESIAN_POINT('',(3.605973870413,21.656903816951));
#1434 = CARTESIAN_POINT('',(3.584886554858,21.584521743452));
#1435 = CARTESIAN_POINT('',(3.562476879518,21.515138635623));
#1436 = CARTESIAN_POINT('',(3.516824602361,21.388216075754));
#1437 = CARTESIAN_POINT('',(3.493761518615,21.330131957731));
#1438 = CARTESIAN_POINT('',(3.469557744384,21.275249438474));
#1439 = CARTESIAN_POINT('',(3.44421984732,21.223988364644));
#1440 = CARTESIAN_POINT('',(3.417753325888,21.176838835289));
#1441 = CARTESIAN_POINT('',(3.353336261671,21.077679238957));
#1442 = CARTESIAN_POINT('',(3.314222795892,21.028885398975));
#1443 = CARTESIAN_POINT('',(3.273321505185,20.990418886555));
#1444 = CARTESIAN_POINT('',(3.231134656312,20.96394755304));
#1445 = CARTESIAN_POINT('',(3.18814337563,20.950491136916));
#1446 = CARTESIAN_POINT('',(3.101270743672,20.950342867896));
#1447 = CARTESIAN_POINT('',(3.058011176874,20.9638144636));
#1448 = CARTESIAN_POINT('',(3.01556131579,20.990475981705));
#1449 = CARTESIAN_POINT('',(2.974413387458,21.029297202005));
#1450 = CARTESIAN_POINT('',(2.935081332136,21.078578482948));
#1451 = CARTESIAN_POINT('',(2.882259814857,21.160296467442));
#1452 = CARTESIAN_POINT('',(2.86680839215,21.186314305701));
#1453 = CARTESIAN_POINT('',(2.851726681623,21.213770828167));
#1454 = CARTESIAN_POINT('',(2.83701806551,21.242563782792));
#1455 = CARTESIAN_POINT('',(2.822685903359,21.272596863778));
#1456 = CARTESIAN_POINT('',(2.771933447622,21.386026048345));
#1457 = CARTESIAN_POINT('',(2.737760752758,21.476302829611));
#1458 = CARTESIAN_POINT('',(2.706183152424,21.573176725389));
#1459 = CARTESIAN_POINT('',(2.677191389251,21.675655665346));
#1460 = CARTESIAN_POINT('',(2.65081085145,21.783084162108));
#1461 = CARTESIAN_POINT('',(2.609691220917,21.977465748438));
#1462 = CARTESIAN_POINT('',(2.593712715993,22.062360011845));
#1463 = CARTESIAN_POINT('',(2.579249362173,22.149455258673));
#1464 = CARTESIAN_POINT('',(2.56636573307,22.238509046227));
#1465 = CARTESIAN_POINT('',(2.555129330689,22.329314421297));
#1466 = CARTESIAN_POINT('',(2.535790814734,22.516968213954));
#1467 = CARTESIAN_POINT('',(2.527795651844,22.613936374619));
#1468 = CARTESIAN_POINT('',(2.521727023378,22.712152001248));
#1469 = CARTESIAN_POINT('',(2.51765446783,22.811205010851));
#1470 = CARTESIAN_POINT('',(2.515615325162,22.910710925074));
#1471 = CARTESIAN_POINT('',(2.515615325162,23.109534180801));
#1472 = CARTESIAN_POINT('',(2.517640551094,23.208700888723));
#1473 = CARTESIAN_POINT('',(2.521685382048,23.307419299777));
#1474 = CARTESIAN_POINT('',(2.527712961832,23.405308486182));
#1475 = CARTESIAN_POINT('',(2.535654618939,23.501962324443));
#1476 = CARTESIAN_POINT('',(2.554842098837,23.688799685808));
#1477 = CARTESIAN_POINT('',(2.565973079957,23.779109367004));
#1478 = CARTESIAN_POINT('',(2.57873344259,23.867692740371));
#1479 = CARTESIAN_POINT('',(2.593056737771,23.954345913037));
#1480 = CARTESIAN_POINT('',(2.608879212399,24.038830454917));
#1481 = CARTESIAN_POINT('',(2.64976848155,24.233161273211));
#1482 = CARTESIAN_POINT('',(2.676100793533,24.34091132242));
#1483 = CARTESIAN_POINT('',(2.705053290349,24.443713359502));
#1484 = CARTESIAN_POINT('',(2.736599420733,24.540914274842));
#1485 = CARTESIAN_POINT('',(2.770747798952,24.631524197041));
#1486 = CARTESIAN_POINT('',(2.833852678655,24.773210985917));
#1487 = CARTESIAN_POINT('',(2.861581193449,24.828330988574));
#1488 = CARTESIAN_POINT('',(2.890657493291,24.878729726343));
#1489 = CARTESIAN_POINT('',(2.92101909464,24.923659616267));
#1490 = CARTESIAN_POINT('',(2.952602270999,24.962353726997));
#1491 = CARTESIAN_POINT('',(3.010749837052,25.018577179576));
#1492 = CARTESIAN_POINT('',(3.036846029866,25.038899131062));
#1493 = CARTESIAN_POINT('',(3.063465522378,25.054477593834));
#1494 = CARTESIAN_POINT('',(3.090445416073,25.064975694188));
#1495 = CARTESIAN_POINT('',(3.117624150835,25.070214728311));
#1496 = CARTESIAN_POINT('',(3.188415190585,25.070093906391));
#1497 = CARTESIAN_POINT('',(3.231671238349,25.056468509679));
#1498 = CARTESIAN_POINT('',(3.274108524213,25.029670237044));
#1499 = CARTESIAN_POINT('',(3.315238889082,24.990741707931));
#1500 = CARTESIAN_POINT('',(3.354552400457,24.941385948867));
#1501 = CARTESIAN_POINT('',(3.407345448329,24.859608075214));
#1502 = CARTESIAN_POINT('',(3.422784926724,24.833584628928));
#1503 = CARTESIAN_POINT('',(3.437855595837,24.806127926362));
#1504 = CARTESIAN_POINT('',(3.452554187719,24.777339727463));
#1505 = CARTESIAN_POINT('',(3.466877453808,24.747315739502));
#1506 = CARTESIAN_POINT('',(3.517624770415,24.633882047097));
#1507 = CARTESIAN_POINT('',(3.551805562041,24.543602906554));
#1508 = CARTESIAN_POINT('',(3.583396541493,24.446736039149));
#1509 = CARTESIAN_POINT('',(3.612406436146,24.344267606122));
#1510 = CARTESIAN_POINT('',(3.638808793546,24.23684720213));
#1511 = CARTESIAN_POINT('',(3.679966832162,24.042478542555));
#1512 = CARTESIAN_POINT('',(3.695961586533,23.957593192385));
#1513 = CARTESIAN_POINT('',(3.71044163384,23.870502193796));
#1514 = CARTESIAN_POINT('',(3.723341346632,23.781447081633));
#1515 = CARTESIAN_POINT('',(3.734592136188,23.690633906912));
#1516 = CARTESIAN_POINT('',(3.753937319981,23.503112083005));
#1517 = CARTESIAN_POINT('',(3.76193088441,23.406288429777));
#1518 = CARTESIAN_POINT('',(3.768000009852,23.308215333391));
#1519 = CARTESIAN_POINT('',(3.772074373897,23.209303199434));
#1520 = CARTESIAN_POINT('',(3.774116186992,23.109936583949));
#1521 = CARTESIAN_POINT('',(3.774119598126,23.01049244791));
#1522 = ( GEOMETRIC_REPRESENTATION_CONTEXT(2) 
PARAMETRIC_REPRESENTATION_CONTEXT() REPRESENTATION_CONTEXT('2D SPACE',''
  ) );
#1523 = PCURVE('',#551,#1524);
#1524 = DEFINITIONAL_REPRESENTATION('',(#1525),#1673);
#1525 = B_SPLINE_CURVE_WITH_KNOTS('',6,(#1526,#1527,#1528,#1529,#1530,
    #1531,#1532,#1533,#1534,#1535,#1536,#1537,#1538,#1539,#1540,#1541,
    #1542,#1543,#1544,#1545,#1546,#1547,#1548,#1549,#1550,#1551,#1552,
    #1553,#1554,#1555,#1556,#1557,#1558,#1559,#1560,#1561,#1562,#1563,
    #1564,#1565,#1566,#1567,#1568,#1569,#1570,#1571,#1572,#1573,#1574,
    #1575,#1576,#1577,#1578,#1579,#1580,#1581,#1582,#1583,#1584,#1585,
    #1586,#1587,#1588,#1589,#1590,#1591,#1592,#1593,#1594,#1595,#1596,
    #1597,#1598,#1599,#1600,#1601,#1602,#1603,#1604,#1605,#1606,#1607,
    #1608,#1609,#1610,#1611,#1612,#1613,#1614,#1615,#1616,#1617,#1618,
    #1619,#1620,#1621,#1622,#1623,#1624,#1625,#1626,#1627,#1628,#1629,
    #1630,#1631,#1632,#1633,#1634,#1635,#1636,#1637,#1638,#1639,#1640,
    #1641,#1642,#1643,#1644,#1645,#1646,#1647,#1648,#1649,#1650,#1651,
    #1652,#1653,#1654,#1655,#1656,#1657,#1658,#1659,#1660,#1661,#1662,
    #1663,#1664,#1665,#1666,#1667,#1668,#1669,#1670,#1671,#1672),
  .UNSPECIFIED.,.F.,.F.,(7,5,5,5,5,5,5,5,5,5,5,5,5,5,5,5,5,5,5,5,5,5,5,5
    ,5,5,5,5,5,7),(0.,1.908902667424E-06,3.686156875677E-06,
    5.529235317363E-06,7.438137989526E-06,9.281216432328E-06,
    1.119011910423E-05,1.309902177614E-05,1.500792444625E-05,
    1.685100288539E-05,5.026789201066E-02,9.991073882808E-02,
    0.147413602737,0.19127642506,0.249814401944,0.308706446968,
    0.333880585431,0.400278647698,0.449150349329,0.49954926839,
    0.549775908426,0.598358831649,0.664854523589,0.712439447369,
    0.749361110455,0.808483207223,0.833746091372,0.900419395039,
    0.949486264531,1.),.UNSPECIFIED.);
#1526 = CARTESIAN_POINT('',(0.,1.083667717056));
#1527 = CARTESIAN_POINT('',(1.830338530236E-06,1.083667717323));
#1528 = CARTESIAN_POINT('',(3.660677060482E-06,1.083667717584));
#1529 = CARTESIAN_POINT('',(5.491015590615E-06,1.083667717839));
#1530 = CARTESIAN_POINT('',(7.321354120705E-06,1.083667718087));
#1531 = CARTESIAN_POINT('',(9.151692651007E-06,1.08366771833));
#1532 = CARTESIAN_POINT('',(1.268613946956E-05,1.083667718787));
#1533 = CARTESIAN_POINT('',(1.439024775525E-05,1.083667719003));
#1534 = CARTESIAN_POINT('',(1.609435604165E-05,1.083667719213));
#1535 = CARTESIAN_POINT('',(1.77984643295E-05,1.083667719417));
#1536 = CARTESIAN_POINT('',(1.950257261765E-05,1.083667719617));
#1537 = CARTESIAN_POINT('',(2.297390431146E-05,1.083667720012));
#1538 = CARTESIAN_POINT('',(2.474112772071E-05,1.083667720208));
#1539 = CARTESIAN_POINT('',(2.650835112945E-05,1.083667720398));
#1540 = CARTESIAN_POINT('',(2.827557453734E-05,1.083667720583));
#1541 = CARTESIAN_POINT('',(3.004279794514E-05,1.083667720761));
#1542 = CARTESIAN_POINT('',(3.364035988646E-05,1.083667721114));
#1543 = CARTESIAN_POINT('',(3.547069841627E-05,1.083667721287));
#1544 = CARTESIAN_POINT('',(3.730103694564E-05,1.083667721455));
#1545 = CARTESIAN_POINT('',(3.913137547545E-05,1.083667721616));
#1546 = CARTESIAN_POINT('',(4.096171400592E-05,1.083667721771));
#1547 = CARTESIAN_POINT('',(4.455927594539E-05,1.083667722064));
#1548 = CARTESIAN_POINT('',(4.632649935462E-05,1.083667722203));
#1549 = CARTESIAN_POINT('',(4.809372276328E-05,1.083667722335));
#1550 = CARTESIAN_POINT('',(4.98609461712E-05,1.083667722462));
#1551 = CARTESIAN_POINT('',(5.162816957901E-05,1.083667722584));
#1552 = CARTESIAN_POINT('',(5.52257315185E-05,1.08366772282));
#1553 = CARTESIAN_POINT('',(5.705607004823E-05,1.083667722934));
#1554 = CARTESIAN_POINT('',(5.888640857831E-05,1.083667723041));
#1555 = CARTESIAN_POINT('',(6.071674710902E-05,1.083667723143));
#1556 = CARTESIAN_POINT('',(6.254708563998E-05,1.083667723239));
#1557 = CARTESIAN_POINT('',(6.620776270183E-05,1.083667723418));
#1558 = CARTESIAN_POINT('',(6.803810123042E-05,1.083667723502));
#1559 = CARTESIAN_POINT('',(6.986843975964E-05,1.08366772358));
#1560 = CARTESIAN_POINT('',(7.169877829078E-05,1.083667723651));
#1561 = CARTESIAN_POINT('',(7.352911682276E-05,1.083667723717));
#1562 = CARTESIAN_POINT('',(7.718979388096E-05,1.083667723836));
#1563 = CARTESIAN_POINT('',(7.902013241336E-05,1.083667723889));
#1564 = CARTESIAN_POINT('',(8.085047094475E-05,1.083667723936));
#1565 = CARTESIAN_POINT('',(8.268080947369E-05,1.083667723978));
#1566 = CARTESIAN_POINT('',(8.451114800188E-05,1.083667724013));
#1567 = CARTESIAN_POINT('',(8.810870994426E-05,1.08366772407));
#1568 = CARTESIAN_POINT('',(8.987593335175E-05,1.083667724093));
#1569 = CARTESIAN_POINT('',(9.164315675947E-05,1.08366772411));
#1570 = CARTESIAN_POINT('',(9.341038016847E-05,1.083667724121));
#1571 = CARTESIAN_POINT('',(9.517760357804E-05,1.083667724127));
#1572 = CARTESIAN_POINT('',(4.827981866272E-02,1.083667724127));
#1573 = CARTESIAN_POINT('',(9.642569021697E-02,1.079475679074));
#1574 = CARTESIAN_POINT('',(0.144553950854,1.071103506568));
#1575 = CARTESIAN_POINT('',(0.192678209884,1.058715783812));
#1576 = CARTESIAN_POINT('',(0.240799653686,1.04263020185));
#1577 = CARTESIAN_POINT('',(0.336397298426,1.004176782581));
#1578 = CARTESIAN_POINT('',(0.383882714625,0.981883936558));
#1579 = CARTESIAN_POINT('',(0.431446338495,0.956778216867));
#1580 = CARTESIAN_POINT('',(0.479176375643,0.929283299525));
#1581 = CARTESIAN_POINT('',(0.527154096753,0.899863066332));
#1582 = CARTESIAN_POINT('',(0.621682168136,0.839483915758));
#1583 = CARTESIAN_POINT('',(0.668225573254,0.80863275549));
#1584 = CARTESIAN_POINT('',(0.715217556416,0.776846637853));
#1585 = CARTESIAN_POINT('',(0.762784083685,0.744532766375));
#1586 = CARTESIAN_POINT('',(0.811053017894,0.712129438777));
#1587 = CARTESIAN_POINT('',(0.9055003621,0.65056645064));
#1588 = CARTESIAN_POINT('',(0.951588457368,0.621327072282));
#1589 = CARTESIAN_POINT('',(0.998505815141,0.592801940224));
#1590 = CARTESIAN_POINT('',(1.046332010194,0.565429686081));
#1591 = CARTESIAN_POINT('',(1.095153093909,0.539685731428));
#1592 = CARTESIAN_POINT('',(1.211692071187,0.484573999531));
#1593 = CARTESIAN_POINT('',(1.280779763904,0.45663303932));
#1594 = CARTESIAN_POINT('',(1.351636395972,0.43405011589));
#1595 = CARTESIAN_POINT('',(1.423780598907,0.418273665961));
#1596 = CARTESIAN_POINT('',(1.496824674311,0.410152886524));
#1597 = CARTESIAN_POINT('',(1.644431637547,0.409659505107));
#1598 = CARTESIAN_POINT('',(1.717937663463,0.417386011636));
#1599 = CARTESIAN_POINT('',(1.790549417429,0.432877616924));
#1600 = CARTESIAN_POINT('',(1.861868654819,0.455276517145));
#1601 = CARTESIAN_POINT('',(1.931401275912,0.483106691897));
#1602 = CARTESIAN_POINT('',(2.027080287446,0.527973809933));
#1603 = CARTESIAN_POINT('',(2.055381300997,0.54211790921));
#1604 = CARTESIAN_POINT('',(2.083345953301,0.556872631572));
#1605 = CARTESIAN_POINT('',(2.110987386208,0.57214331034));
#1606 = CARTESIAN_POINT('',(2.138317586589,0.587838352417));
#1607 = CARTESIAN_POINT('',(2.236639849,0.646151509853));
#1608 = CARTESIAN_POINT('',(2.305871343088,0.690787645825));
#1609 = CARTESIAN_POINT('',(2.373428620827,0.736272729613));
#1610 = CARTESIAN_POINT('',(2.439661517197,0.781332013569));
#1611 = CARTESIAN_POINT('',(2.5049224561,0.824846691482));
#1612 = CARTESIAN_POINT('',(2.617161301594,0.895867766029));
#1613 = CARTESIAN_POINT('',(2.664430627156,0.924575729847));
#1614 = CARTESIAN_POINT('',(2.711458726369,0.951413310974));
#1615 = CARTESIAN_POINT('',(2.758323104902,0.975939856912));
#1616 = CARTESIAN_POINT('',(2.80510771775,0.997753270846));
#1617 = CARTESIAN_POINT('',(2.900170816783,1.035836940509));
#1618 = CARTESIAN_POINT('',(2.948460223635,1.051916643512));
#1619 = CARTESIAN_POINT('',(2.996748902088,1.064300643684));
#1620 = CARTESIAN_POINT('',(3.045039254722,1.072670523674));
#1621 = CARTESIAN_POINT('',(3.09334598961,1.076861379941));
#1622 = CARTESIAN_POINT('',(3.189867953882,1.07686137994));
#1623 = CARTESIAN_POINT('',(3.238010016014,1.07269912557));
#1624 = CARTESIAN_POINT('',(3.286135851888,1.064386224206));
#1625 = CARTESIAN_POINT('',(3.33425985941,1.052085387964));
#1626 = CARTESIAN_POINT('',(3.382384299554,1.036110879928));
#1627 = CARTESIAN_POINT('',(3.477005946678,0.998313496971));
#1628 = CARTESIAN_POINT('',(3.523513952956,0.976695501898));
#1629 = CARTESIAN_POINT('',(3.5700995088,0.952388443226));
#1630 = CARTESIAN_POINT('',(3.616844710781,0.925786882782));
#1631 = CARTESIAN_POINT('',(3.663825239654,0.897323390704));
#1632 = CARTESIAN_POINT('',(3.775841183002,0.826577809523));
#1633 = CARTESIAN_POINT('',(3.84116873936,0.783056297204));
#1634 = CARTESIAN_POINT('',(3.90746213726,0.737956098819));
#1635 = CARTESIAN_POINT('',(3.975074974832,0.692399109238));
#1636 = CARTESIAN_POINT('',(4.044358237715,0.647662432044));
#1637 = CARTESIAN_POINT('',(4.166752809062,0.574905770348));
#1638 = CARTESIAN_POINT('',(4.218970699357,0.545683764706));
#1639 = CARTESIAN_POINT('',(4.27234815529,0.518243748972));
#1640 = CARTESIAN_POINT('',(4.326900351941,0.493268936014));
#1641 = CARTESIAN_POINT('',(4.382667296291,0.471443627834));
#1642 = CARTESIAN_POINT('',(4.483984216396,0.439447830418));
#1643 = CARTESIAN_POINT('',(4.529011405085,0.427765200346));
#1644 = CARTESIAN_POINT('',(4.574592229346,0.418761752666));
#1645 = CARTESIAN_POINT('',(4.62055273061,0.412708287387));
#1646 = CARTESIAN_POINT('',(4.666733948572,0.409752382081));
#1647 = CARTESIAN_POINT('',(4.78701636855,0.41015443026));
#1648 = CARTESIAN_POINT('',(4.860510270531,0.418375905745));
#1649 = CARTESIAN_POINT('',(4.933088835082,0.434345920812));
#1650 = CARTESIAN_POINT('',(5.004359930131,0.457195591527));
#1651 = CARTESIAN_POINT('',(5.073835539348,0.485444513305));
#1652 = CARTESIAN_POINT('',(5.169420388678,0.530858547867));
#1653 = CARTESIAN_POINT('',(5.197685560555,0.545157061167));
#1654 = CARTESIAN_POINT('',(5.225614527248,0.560060793344));
#1655 = CARTESIAN_POINT('',(5.253220640777,0.575475453842));
#1656 = CARTESIAN_POINT('',(5.280516120175,0.591309859147));
#1657 = CARTESIAN_POINT('',(5.378759178893,0.650141114272));
#1658 = CARTESIAN_POINT('',(5.447949141403,0.695134369542));
#1659 = CARTESIAN_POINT('',(5.51546962412,0.740954340807));
#1660 = CARTESIAN_POINT('',(5.581671550601,0.786328662205));
#1661 = CARTESIAN_POINT('',(5.646908484348,0.830138655827));
#1662 = CARTESIAN_POINT('',(5.759112596788,0.901628209029));
#1663 = CARTESIAN_POINT('',(5.806367701236,0.930520366191));
#1664 = CARTESIAN_POINT('',(5.853385886843,0.9575285164));
#1665 = CARTESIAN_POINT('',(5.900244557757,0.982209590404));
#1666 = CARTESIAN_POINT('',(5.947027751299,1.004158663377));
#1667 = CARTESIAN_POINT('',(6.042014642282,1.042440097634));
#1668 = CARTESIAN_POINT('',(6.090229751825,1.05859185857));
#1669 = CARTESIAN_POINT('',(6.138447499326,1.071033637445));
#1670 = CARTESIAN_POINT('',(6.18666916201,1.079445239563));
#1671 = CARTESIAN_POINT('',(6.234908543198,1.083660674595));
#1672 = CARTESIAN_POINT('',(6.28318530718,1.083667717056));
#1673 = ( GEOMETRIC_REPRESENTATION_CONTEXT(2) 
PARAMETRIC_REPRESENTATION_CONTEXT() REPRESENTATION_CONTEXT('2D SPACE',''
  ) );
#1674 = FACE_BOUND('',#1675,.T.);
#1675 = EDGE_LOOP('',(#1676));
#1676 = ORIENTED_EDGE('',*,*,#1677,.F.);
#1677 = EDGE_CURVE('',#1678,#1678,#1680,.T.);
#1678 = VERTEX_POINT('',#1679);
#1679 = CARTESIAN_POINT('',(-11.54706350833,-5.763723493646E-03,
    -3.525549601134));
#1680 = SURFACE_CURVE('',#1681,(#1829,#1980),.PCURVE_S1.);
#1681 = B_SPLINE_CURVE_WITH_KNOTS('',6,(#1682,#1683,#1684,#1685,#1686,
    #1687,#1688,#1689,#1690,#1691,#1692,#1693,#1694,#1695,#1696,#1697,
    #1698,#1699,#1700,#1701,#1702,#1703,#1704,#1705,#1706,#1707,#1708,
    #1709,#1710,#1711,#1712,#1713,#1714,#1715,#1716,#1717,#1718,#1719,
    #1720,#1721,#1722,#1723,#1724,#1725,#1726,#1727,#1728,#1729,#1730,
    #1731,#1732,#1733,#1734,#1735,#1736,#1737,#1738,#1739,#1740,#1741,
    #1742,#1743,#1744,#1745,#1746,#1747,#1748,#1749,#1750,#1751,#1752,
    #1753,#1754,#1755,#1756,#1757,#1758,#1759,#1760,#1761,#1762,#1763,
    #1764,#1765,#1766,#1767,#1768,#1769,#1770,#1771,#1772,#1773,#1774,
    #1775,#1776,#1777,#1778,#1779,#1780,#1781,#1782,#1783,#1784,#1785,
    #1786,#1787,#1788,#1789,#1790,#1791,#1792,#1793,#1794,#1795,#1796,
    #1797,#1798,#1799,#1800,#1801,#1802,#1803,#1804,#1805,#1806,#1807,
    #1808,#1809,#1810,#1811,#1812,#1813,#1814,#1815,#1816,#1817,#1818,
    #1819,#1820,#1821,#1822,#1823,#1824,#1825,#1826,#1827,#1828),
  .UNSPECIFIED.,.T.,.F.,(7,5,5,5,5,5,5,5,5,5,5,5,5,5,5,5,5,5,5,5,5,5,5,5
    ,5,5,5,5,5,7),(0.,3.92262551554E-05,7.845249593917E-05,
    1.176787265963E-04,1.569049513732E-04,1.961311745222E-04,
    2.340047717287E-04,2.732310040635E-04,3.124572473714E-04,
    3.43567726816E-04,5.915686944035E-02,8.421877347766E-02,
    0.150447915277,0.199240132045,0.249413650427,0.299604063191,
    0.348131543798,0.414537791939,0.462077250219,0.498558682688,
    0.557709881095,0.58303928708,0.649724274595,0.699677814797,
    0.749450646215,0.79983175209,0.848569038338,0.915296725067,
    0.941181921571,1.),.UNSPECIFIED.);
#1682 = CARTESIAN_POINT('',(-11.54706350833,-5.763723493644E-03,
    -3.525549601134));
#1683 = CARTESIAN_POINT('',(-11.54706350808,-5.662621675593E-03,
    -3.525549812052));
#1684 = CARTESIAN_POINT('',(-11.54706350185,-5.561519846969E-03,
    -3.525550019459));
#1685 = CARTESIAN_POINT('',(-11.54706348964,-5.46041800876E-03,
    -3.525550223354));
#1686 = CARTESIAN_POINT('',(-11.54706347146,-5.359316161955E-03,
    -3.525550423737));
#1687 = CARTESIAN_POINT('',(-11.54706344729,-5.258214307545E-03,
    -3.525550620608));
#1688 = CARTESIAN_POINT('',(-11.547063387,-5.056010622545E-03,
    -3.525551007329));
#1689 = CARTESIAN_POINT('',(-11.54706335088,-4.954908791964E-03,
    -3.525551197177));
#1690 = CARTESIAN_POINT('',(-11.54706330878,-4.853806955758E-03,
    -3.525551383514));
#1691 = CARTESIAN_POINT('',(-11.5470632607,-4.752705114912E-03,
    -3.525551566339));
#1692 = CARTESIAN_POINT('',(-11.54706320663,-4.65160327042E-03,
    -3.525551745653));
#1693 = CARTESIAN_POINT('',(-11.54706308655,-4.449399602245E-03,
    -3.525552097256));
#1694 = CARTESIAN_POINT('',(-11.54706302053,-4.348297778541E-03,
    -3.525552269547));
#1695 = CARTESIAN_POINT('',(-11.54706294853,-4.247195953177E-03,
    -3.525552438325));
#1696 = CARTESIAN_POINT('',(-11.54706287056,-4.14609412715E-03,
    -3.525552603592));
#1697 = CARTESIAN_POINT('',(-11.5470627866,-4.044992301445E-03,
    -3.525552765348));
#1698 = CARTESIAN_POINT('',(-11.54706260672,-3.842788667774E-03,
    -3.525553081836));
#1699 = CARTESIAN_POINT('',(-11.54706251081,-3.741686859818E-03,
    -3.525553236568));
#1700 = CARTESIAN_POINT('',(-11.54706240891,-3.640585054161E-03,
    -3.525553387788));
#1701 = CARTESIAN_POINT('',(-11.54706230104,-3.539483251795E-03,
    -3.525553535497));
#1702 = CARTESIAN_POINT('',(-11.54706218718,-3.43838145371E-03,
    -3.525553679695));
#1703 = CARTESIAN_POINT('',(-11.54706194752,-3.236177872265E-03,
    -3.525553961066));
#1704 = CARTESIAN_POINT('',(-11.54706182171,-3.135076088907E-03,
    -3.52555409824));
#1705 = CARTESIAN_POINT('',(-11.54706168991,-3.033974311809E-03,
    -3.525554231903));
#1706 = CARTESIAN_POINT('',(-11.54706155214,-2.93287254196E-03,
    -3.525554362054));
#1707 = CARTESIAN_POINT('',(-11.54706140839,-2.831770780352E-03,
    -3.525554488693));
#1708 = CARTESIAN_POINT('',(-11.5470611141,-2.633053536623E-03,
    -3.525554730702));
#1709 = CARTESIAN_POINT('',(-11.54706096396,-2.535438053878E-03,
    -3.525554846311));
#1710 = CARTESIAN_POINT('',(-11.54706080824,-2.437822580628E-03,
    -3.525554958645));
#1711 = CARTESIAN_POINT('',(-11.54706064695,-2.340207117765E-03,
    -3.525555067706));
#1712 = CARTESIAN_POINT('',(-11.54706048009,-2.242591666179E-03,
    -3.525555173494));
#1713 = CARTESIAN_POINT('',(-11.54706012906,-2.043874504498E-03,
    -3.525555382183));
#1714 = CARTESIAN_POINT('',(-11.54705994449,-1.942772795283E-03,
    -3.525555484846));
#1715 = CARTESIAN_POINT('',(-11.54705975394,-1.841671100113E-03,
    -3.525555583998));
#1716 = CARTESIAN_POINT('',(-11.5470595574,-1.740569419981E-03,
    -3.525555679638));
#1717 = CARTESIAN_POINT('',(-11.54705935489,-1.639467755874E-03,
    -3.525555771767));
#1718 = CARTESIAN_POINT('',(-11.54705893791,-1.437264433398E-03,
    -3.525555949001));
#1719 = CARTESIAN_POINT('',(-11.54705872344,-1.336162775034E-03,
    -3.525556034106));
#1720 = CARTESIAN_POINT('',(-11.54705850299,-1.235061134675E-03,
    -3.5255561157));
#1721 = CARTESIAN_POINT('',(-11.54705827656,-1.133959513311E-03,
    -3.525556193782));
#1722 = CARTESIAN_POINT('',(-11.54705804415,-1.032857911933E-03,
    -3.525556268353));
#1723 = CARTESIAN_POINT('',(-11.5470576167,-8.515722921308E-04,
    -3.525556395769));
#1724 = CARTESIAN_POINT('',(-11.54705742388,-7.713882659128E-04,
    -3.525556449918));
#1725 = CARTESIAN_POINT('',(-11.54705722729,-6.912042533852E-04,
    -3.525556501857));
#1726 = CARTESIAN_POINT('',(-11.54705702694,-6.110202550469E-04,
    -3.525556551588));
#1727 = CARTESIAN_POINT('',(-11.54705682283,-5.308362713879E-04,
    -3.525556599109));
#1728 = CARTESIAN_POINT('',(-11.54666364284,0.151134408941,
    -3.525642307045));
#1729 = CARTESIAN_POINT('',(-11.53283215912,0.30157829041,
    -3.517833081425));
#1730 = CARTESIAN_POINT('',(-11.50593692085,0.448642799734,
    -3.502352964344));
#1731 = CARTESIAN_POINT('',(-11.46700843399,0.590153416893,
    -3.480060782074));
#1732 = CARTESIAN_POINT('',(-11.41772949846,0.724122412881,
    -3.452417537413));
#1733 = CARTESIAN_POINT('',(-11.33619562693,0.902024832342,
    -3.407934592967));
#1734 = CARTESIAN_POINT('',(-11.31031050619,0.953702794985,
    -3.393949719037));
#1735 = CARTESIAN_POINT('',(-11.28300840706,1.003888626285,
    -3.379367223639));
#1736 = CARTESIAN_POINT('',(-11.25438935136,1.052573945273,
    -3.364279846141));
#1737 = CARTESIAN_POINT('',(-11.22454755395,1.099754856845,
    -3.348777312679));
#1738 = CARTESIAN_POINT('',(-11.11171321336,1.266139252836,
    -3.291111047505));
#1739 = CARTESIAN_POINT('',(-11.02190266845,1.376390320406,
    -3.246965282703));
#1740 = CARTESIAN_POINT('',(-10.92555222907,1.476486321812,
    -3.201993563073));
#1741 = CARTESIAN_POINT('',(-10.82364279632,1.56679792204,
    -3.157454896342));
#1742 = CARTESIAN_POINT('',(-10.71682598142,1.647642330006,
    -3.114454237337));
#1743 = CARTESIAN_POINT('',(-10.52350673814,1.771890909089,
    -3.044258568407));
#1744 = CARTESIAN_POINT('',(-10.43903907965,1.819562202487,
    -3.015875217652));
#1745 = CARTESIAN_POINT('',(-10.35238918831,1.862183694344,
    -2.989346392642));
#1746 = CARTESIAN_POINT('',(-10.26379925543,1.899739653461,
    -2.96510575064));
#1747 = CARTESIAN_POINT('',(-10.17347657534,1.932200411311,
    -2.943547867444));
#1748 = CARTESIAN_POINT('',(-9.987113478947,1.987591659442,
    -2.905960059338));
#1749 = CARTESIAN_POINT('',(-9.890966911267,2.01023110878,
    -2.890100553681));
#1750 = CARTESIAN_POINT('',(-9.793595098576,2.027287789624,-2.8778637233
    ));
#1751 = CARTESIAN_POINT('',(-9.695399056604,2.038693641887,
    -2.869557083519));
#1752 = CARTESIAN_POINT('',(-9.596755644688,2.044409000676,
    -2.865339924153));
#1753 = CARTESIAN_POINT('',(-9.399280794702,2.044427767831,
    -2.865107563801));
#1754 = CARTESIAN_POINT('',(-9.300593533933,2.038727319273,
    -2.869095294713));
#1755 = CARTESIAN_POINT('',(-9.202343387383,2.027332483315,
    -2.877176285114));
#1756 = CARTESIAN_POINT('',(-9.104907931565,2.010282900291,
    -2.889191923247));
#1757 = CARTESIAN_POINT('',(-9.008689291938,1.98764662392,
    -2.904835244359));
#1758 = CARTESIAN_POINT('',(-8.82270001554,1.932411384473,
    -2.941901949799));
#1759 = CARTESIAN_POINT('',(-8.732804971648,1.900162654544,
    -2.963119912236));
#1760 = CARTESIAN_POINT('',(-8.644615871783,1.862873105303,
    -2.986997065166));
#1761 = CARTESIAN_POINT('',(-8.55833781336,1.820572121331,
    -3.013145819617));
#1762 = CARTESIAN_POINT('',(-8.474210082315,1.77327554218,
    -3.041140308691));
#1763 = CARTESIAN_POINT('',(-8.280705051803,1.649460665135,
    -3.110743058357));
#1764 = CARTESIAN_POINT('',(-8.173407172794,1.568572112865,
    -3.153580563834));
#1765 = CARTESIAN_POINT('',(-8.071029503568,1.478168075516,
    -3.197989677574));
#1766 = CARTESIAN_POINT('',(-7.97422907399,1.377929508105,
    -3.242859056661));
#1767 = CARTESIAN_POINT('',(-7.883995370312,1.26748270964,
    -3.286923024474));
#1768 = CARTESIAN_POINT('',(-7.742878621443,1.059930303501,
    -3.358589137004));
#1769 = CARTESIAN_POINT('',(-7.687971721591,0.967762091257,
    -3.387376305363));
#1770 = CARTESIAN_POINT('',(-7.637772553991,0.870131277425,
    -3.414401034612));
#1771 = CARTESIAN_POINT('',(-7.593024951664,0.767222839744,
    -3.438987144981));
#1772 = CARTESIAN_POINT('',(-7.554490498468,0.659298624011,
    -3.460458223547));
#1773 = CARTESIAN_POINT('',(-7.498766464867,0.460295460248,
    -3.491751087464));
#1774 = CARTESIAN_POINT('',(-7.478705033393,0.371165177391,
    -3.503116693134));
#1775 = CARTESIAN_POINT('',(-7.463255687334,0.279920197042,
    -3.511897297214));
#1776 = CARTESIAN_POINT('',(-7.452742100249,0.18719978752,-3.51783430975
    ));
#1777 = CARTESIAN_POINT('',(-7.4473387119,9.366336572697E-02,
    -3.520784809472));
#1778 = CARTESIAN_POINT('',(-7.446650700844,-0.151916564142,
    -3.52064740584));
#1779 = CARTESIAN_POINT('',(-7.459743586921,-0.302786521625,
    -3.512667962086));
#1780 = CARTESIAN_POINT('',(-7.486006186529,-0.450357620167,
    -3.49699626678));
#1781 = CARTESIAN_POINT('',(-7.524416033622,-0.592419050378,
    -3.474480382892));
#1782 = CARTESIAN_POINT('',(-7.573282391885,-0.726947258074,
    -3.44658468822));
#1783 = CARTESIAN_POINT('',(-7.654462084923,-0.905872438364,
    -3.401655771082));
#1784 = CARTESIAN_POINT('',(-7.68035454618,-0.958022523113,
    -3.387481370756));
#1785 = CARTESIAN_POINT('',(-7.707691191477,-1.008662859121,
    -3.372700855139));
#1786 = CARTESIAN_POINT('',(-7.73636938512,-1.057784509717,
    -3.357408680726));
#1787 = CARTESIAN_POINT('',(-7.766292423045,-1.105383174288,
    -3.341696292714));
#1788 = CARTESIAN_POINT('',(-7.879186559171,-1.272763983969,
    -3.283412479748));
#1789 = CARTESIAN_POINT('',(-7.969034152281,-1.38356200155,
    -3.238855814379));
#1790 = CARTESIAN_POINT('',(-8.065480457668,-1.484158519669,
    -3.19347603653));
#1791 = CARTESIAN_POINT('',(-8.167533201713,-1.574930303033,
    -3.148540459476));
#1792 = CARTESIAN_POINT('',(-8.274535320148,-1.656199662798,
    -3.105162551612));
#1793 = CARTESIAN_POINT('',(-8.469628247795,-1.782019346805,
    -3.033862188266));
#1794 = CARTESIAN_POINT('',(-8.555753273032,-1.830683003784,
    -3.004783358772));
#1795 = CARTESIAN_POINT('',(-8.644152544649,-1.874106739533,
    -2.977653244196));
#1796 = CARTESIAN_POINT('',(-8.734569018824,-1.912272183212,
    -2.952934928322));
#1797 = CARTESIAN_POINT('',(-8.826783446397,-1.945145980326,
    -2.931049848993));
#1798 = CARTESIAN_POINT('',(-9.014101421521,-2.000084898571,
    -2.893746432227));
#1799 = CARTESIAN_POINT('',(-9.109204431544,-2.022191770174,
    -2.878302774988));
#1800 = CARTESIAN_POINT('',(-9.205492642596,-2.038848084896,
    -2.866446208534));
#1801 = CARTESIAN_POINT('',(-9.302574794127,-2.049986432048,
    -2.858474198821));
#1802 = CARTESIAN_POINT('',(-9.40008332277,-2.055567679267,
    -2.854540430371));
#1803 = CARTESIAN_POINT('',(-9.596424394203,-2.055586338673,
    -2.854771456654));
#1804 = CARTESIAN_POINT('',(-9.695112694642,-2.049886716091,
    -2.859035638515));
#1805 = CARTESIAN_POINT('',(-9.793350134433,-2.03849394926,
    -2.867435818019));
#1806 = CARTESIAN_POINT('',(-9.890757226797,-2.021448794151,
    -2.879809938449));
#1807 = CARTESIAN_POINT('',(-9.986929744763,-1.998821236609,
    -2.895845389449));
#1808 = CARTESIAN_POINT('',(-10.17283594705,-1.943605319844,
    -2.933744858489));
#1809 = CARTESIAN_POINT('',(-10.26269498153,-1.911360968386,
    -2.955405225614));
#1810 = CARTESIAN_POINT('',(-10.35083070791,-1.874079937012,
    -2.979747870158));
#1811 = CARTESIAN_POINT('',(-10.43704015106,-1.831793302152,
    -3.006380522441));
#1812 = CARTESIAN_POINT('',(-10.52108618389,-1.784518527632,
    -3.034873157902));
#1813 = CARTESIAN_POINT('',(-10.71442936098,-1.660740535293,
    -3.105702398496));
#1814 = CARTESIAN_POINT('',(-10.82163356062,-1.579865145717,
    -3.149280888191));
#1815 = CARTESIAN_POINT('',(-10.92390186687,-1.489483373769,
    -3.194447426666));
#1816 = CARTESIAN_POINT('',(-11.0205858351,-1.389275390598,
    -3.240087315679));
#1817 = CARTESIAN_POINT('',(-11.11070384501,-1.278864602009,
    -3.284933168892));
#1818 = CARTESIAN_POINT('',(-11.22469775925,-1.11103406692,
    -3.343999816885));
#1819 = CARTESIAN_POINT('',(-11.25536259148,-1.062535974053,
    -3.360167463931));
#1820 = CARTESIAN_POINT('',(-11.28473518333,-1.012447240937,
    -3.375899490791));
#1821 = CARTESIAN_POINT('',(-11.31271308676,-0.960771899233,
    -3.391098340926));
#1822 = CARTESIAN_POINT('',(-11.3391873077,-0.907519005081,
    -3.405663106933));
#1823 = CARTESIAN_POINT('',(-11.42051949931,-0.72814521832,
    -3.450906856989));
#1824 = CARTESIAN_POINT('',(-11.46911417966,-0.594461075642,
    -3.478778830591));
#1825 = CARTESIAN_POINT('',(-11.50740144445,-0.453325834865,
    -3.501319223826));
#1826 = CARTESIAN_POINT('',(-11.53372231792,-0.306714855044,
    -3.517085856676));
#1827 = CARTESIAN_POINT('',(-11.54706387906,-0.156787120839,
    -3.525234536873));
#1828 = CARTESIAN_POINT('',(-11.54706350833,-5.763723493644E-03,
    -3.525549601134));
#1829 = PCURVE('',#130,#1830);
#1830 = DEFINITIONAL_REPRESENTATION('',(#1831),#1979);
#1831 = B_SPLINE_CURVE_WITH_KNOTS('',6,(#1832,#1833,#1834,#1835,#1836,
    #1837,#1838,#1839,#1840,#1841,#1842,#1843,#1844,#1845,#1846,#1847,
    #1848,#1849,#1850,#1851,#1852,#1853,#1854,#1855,#1856,#1857,#1858,
    #1859,#1860,#1861,#1862,#1863,#1864,#1865,#1866,#1867,#1868,#1869,
    #1870,#1871,#1872,#1873,#1874,#1875,#1876,#1877,#1878,#1879,#1880,
    #1881,#1882,#1883,#1884,#1885,#1886,#1887,#1888,#1889,#1890,#1891,
    #1892,#1893,#1894,#1895,#1896,#1897,#1898,#1899,#1900,#1901,#1902,
    #1903,#1904,#1905,#1906,#1907,#1908,#1909,#1910,#1911,#1912,#1913,
    #1914,#1915,#1916,#1917,#1918,#1919,#1920,#1921,#1922,#1923,#1924,
    #1925,#1926,#1927,#1928,#1929,#1930,#1931,#1932,#1933,#1934,#1935,
    #1936,#1937,#1938,#1939,#1940,#1941,#1942,#1943,#1944,#1945,#1946,
    #1947,#1948,#1949,#1950,#1951,#1952,#1953,#1954,#1955,#1956,#1957,
    #1958,#1959,#1960,#1961,#1962,#1963,#1964,#1965,#1966,#1967,#1968,
    #1969,#1970,#1971,#1972,#1973,#1974,#1975,#1976,#1977,#1978),
  .UNSPECIFIED.,.T.,.F.,(7,5,5,5,5,5,5,5,5,5,5,5,5,5,5,5,5,5,5,5,5,5,5,5
    ,5,5,5,5,5,7),(0.,3.92262551554E-05,7.845249593917E-05,
    1.176787265963E-04,1.569049513732E-04,1.961311745222E-04,
    2.340047717287E-04,2.732310040635E-04,3.124572473714E-04,
    3.43567726816E-04,5.915686944035E-02,8.421877347766E-02,
    0.150447915277,0.199240132045,0.249413650427,0.299604063191,
    0.348131543798,0.414537791939,0.462077250219,0.498558682688,
    0.557709881095,0.58303928708,0.649724274595,0.699677814797,
    0.749450646215,0.79983175209,0.848569038338,0.915296725067,
    0.941181921571,1.),.UNSPECIFIED.);
#1832 = CARTESIAN_POINT('',(3.13950646013,1.963807641559));
#1833 = CARTESIAN_POINT('',(3.139535346601,1.963807651168));
#1834 = CARTESIAN_POINT('',(3.139564233073,1.963807666759));
#1835 = CARTESIAN_POINT('',(3.139593119546,1.963807688334));
#1836 = CARTESIAN_POINT('',(3.139622006019,1.963807715893));
#1837 = CARTESIAN_POINT('',(3.139650892492,1.963807749434));
#1838 = CARTESIAN_POINT('',(3.139708665427,1.963807828485));
#1839 = CARTESIAN_POINT('',(3.139737551889,1.963807873993));
#1840 = CARTESIAN_POINT('',(3.13976643835,1.963807925485));
#1841 = CARTESIAN_POINT('',(3.139795324811,1.96380798296));
#1842 = CARTESIAN_POINT('',(3.139824211271,1.963808046419));
#1843 = CARTESIAN_POINT('',(3.139881984181,1.963808185303));
#1844 = CARTESIAN_POINT('',(3.139910870631,1.963808260729));
#1845 = CARTESIAN_POINT('',(3.13993975708,1.963808342137));
#1846 = CARTESIAN_POINT('',(3.139968643528,1.963808429529));
#1847 = CARTESIAN_POINT('',(3.139997529973,1.963808522905));
#1848 = CARTESIAN_POINT('',(3.140055302855,1.963808721623));
#1849 = CARTESIAN_POINT('',(3.140084189292,1.963808826965));
#1850 = CARTESIAN_POINT('',(3.140113075726,1.963808938291));
#1851 = CARTESIAN_POINT('',(3.140141962158,1.9638090556));
#1852 = CARTESIAN_POINT('',(3.140170848587,1.963809178892));
#1853 = CARTESIAN_POINT('',(3.140228621438,1.963809437443));
#1854 = CARTESIAN_POINT('',(3.14025750786,1.963809572702));
#1855 = CARTESIAN_POINT('',(3.140286394278,1.963809713945));
#1856 = CARTESIAN_POINT('',(3.140315280693,1.963809861171));
#1857 = CARTESIAN_POINT('',(3.140344167104,1.96381001438));
#1858 = CARTESIAN_POINT('',(3.140400943837,1.963810327276));
#1859 = CARTESIAN_POINT('',(3.140428834159,1.963810486557));
#1860 = CARTESIAN_POINT('',(3.140456724477,1.963810651416));
#1861 = CARTESIAN_POINT('',(3.140484614791,1.963810821852));
#1862 = CARTESIAN_POINT('',(3.140512505101,1.963810997867));
#1863 = CARTESIAN_POINT('',(3.140569281798,1.963811367537));
#1864 = CARTESIAN_POINT('',(3.140598168186,1.963811561598));
#1865 = CARTESIAN_POINT('',(3.140627054568,1.963811761643));
#1866 = CARTESIAN_POINT('',(3.140655940944,1.96381196767));
#1867 = CARTESIAN_POINT('',(3.140684827315,1.963812179682));
#1868 = CARTESIAN_POINT('',(3.140742600053,1.963812615671));
#1869 = CARTESIAN_POINT('',(3.140771486421,1.963812839649));
#1870 = CARTESIAN_POINT('',(3.140800372782,1.96381306961));
#1871 = CARTESIAN_POINT('',(3.140829259137,1.963813305555));
#1872 = CARTESIAN_POINT('',(3.140858145485,1.963813547483));
#1873 = CARTESIAN_POINT('',(3.140909941691,1.963813992014));
#1874 = CARTESIAN_POINT('',(3.140932851551,1.963814192397));
#1875 = CARTESIAN_POINT('',(3.140955761407,1.963814396543));
#1876 = CARTESIAN_POINT('',(3.140978671258,1.963814604453));
#1877 = CARTESIAN_POINT('',(3.141001581105,1.963814816127));
#1878 = CARTESIAN_POINT('',(3.184334766705,1.964222308595));
#1879 = CARTESIAN_POINT('',(3.227317420893,1.978077268979));
#1880 = CARTESIAN_POINT('',(3.269478725987,2.005004679666));
#1881 = CARTESIAN_POINT('',(3.310334508987,2.043972818201));
#1882 = CARTESIAN_POINT('',(3.349379805672,2.093296977847));
#1883 = CARTESIAN_POINT('',(3.401765442003,2.174900040797));
#1884 = CARTESIAN_POINT('',(3.417056020791,2.200806510154));
#1885 = CARTESIAN_POINT('',(3.431980970885,2.228130518299));
#1886 = CARTESIAN_POINT('',(3.446536940374,2.256771933566));
#1887 = CARTESIAN_POINT('',(3.460720609431,2.286636435217));
#1888 = CARTESIAN_POINT('',(3.511018230177,2.399554363043));
#1889 = CARTESIAN_POINT('',(3.544898989147,2.489427267586));
#1890 = CARTESIAN_POINT('',(3.576201246423,2.585840068813));
#1891 = CARTESIAN_POINT('',(3.60493281251,2.687810420113));
#1892 = CARTESIAN_POINT('',(3.631067788567,2.794685440705));
#1893 = CARTESIAN_POINT('',(3.671804805066,2.988098953558));
#1894 = CARTESIAN_POINT('',(3.687636136608,3.072604481138));
#1895 = CARTESIAN_POINT('',(3.701959208499,3.159289577996));
#1896 = CARTESIAN_POINT('',(3.714710784718,3.247911541224));
#1897 = CARTESIAN_POINT('',(3.725825012325,3.338262609548));
#1898 = CARTESIAN_POINT('',(3.744911681821,3.524675068192));
#1899 = CARTESIAN_POINT('',(3.752787930326,3.620842381633));
#1900 = CARTESIAN_POINT('',(3.758764412727,3.718230146023));
#1901 = CARTESIAN_POINT('',(3.762774392364,3.816436977603));
#1902 = CARTESIAN_POINT('',(3.764782082147,3.9150858261));
#1903 = CARTESIAN_POINT('',(3.764782082147,4.112560813682));
#1904 = CARTESIAN_POINT('',(3.762773040111,4.21124277175));
#1905 = CARTESIAN_POINT('',(3.758760367606,4.309482258372));
#1906 = CARTESIAN_POINT('',(3.752779897898,4.406901887695));
#1907 = CARTESIAN_POINT('',(3.744898449017,4.503099902202));
#1908 = CARTESIAN_POINT('',(3.725853607578,4.689040184889));
#1909 = CARTESIAN_POINT('',(3.714805972905,4.7789071351));
#1910 = CARTESIAN_POINT('',(3.702138379582,4.86706453446));
#1911 = CARTESIAN_POINT('',(3.687915660517,4.953307744548));
#1912 = CARTESIAN_POINT('',(3.672200143949,5.037397982201));
#1913 = CARTESIAN_POINT('',(3.631581254181,5.23080921249));
#1914 = CARTESIAN_POINT('',(3.605418117802,5.338048924387));
#1915 = CARTESIAN_POINT('',(3.57664397304,5.440365676376));
#1916 = CARTESIAN_POINT('',(3.545285347062,5.537103716398));
#1917 = CARTESIAN_POINT('',(3.511334596697,5.627275012644));
#1918 = CARTESIAN_POINT('',(3.448578833886,5.768287611874));
#1919 = CARTESIAN_POINT('',(3.420995597728,5.82315184158));
#1920 = CARTESIAN_POINT('',(3.39207067373,5.873309896959));
#1921 = CARTESIAN_POINT('',(3.36186713394,5.91801875872));
#1922 = CARTESIAN_POINT('',(3.330449435152,5.956517664324));
#1923 = CARTESIAN_POINT('',(3.272887963894,6.012185925741));
#1924 = CARTESIAN_POINT('',(3.247225317024,6.032225499265));
#1925 = CARTESIAN_POINT('',(3.221053204696,6.047655831277));
#1926 = CARTESIAN_POINT('',(3.194527544227,6.058153613468));
#1927 = CARTESIAN_POINT('',(3.167803056642,6.063544637035));
#1928 = CARTESIAN_POINT('',(3.097636908495,6.064209470452));
#1929 = CARTESIAN_POINT('',(3.054529958214,6.051111644549));
#1930 = CARTESIAN_POINT('',(3.012217999248,6.024853478944));
#1931 = CARTESIAN_POINT('',(2.971193728703,5.986456651195));
#1932 = CARTESIAN_POINT('',(2.931971150368,5.93761036568));
#1933 = CARTESIAN_POINT('',(2.879257778215,5.856466590873));
#1934 = CARTESIAN_POINT('',(2.863818360559,5.830585869952));
#1935 = CARTESIAN_POINT('',(2.848747884539,5.803261822667));
#1936 = CARTESIAN_POINT('',(2.834049884005,5.774596974346));
#1937 = CARTESIAN_POINT('',(2.819727859643,5.744687921797));
#1938 = CARTESIAN_POINT('',(2.769078503532,5.63184653726));
#1939 = CARTESIAN_POINT('',(2.734987160221,5.542040904916));
#1940 = CARTESIAN_POINT('',(2.703480718072,5.445638502918));
#1941 = CARTESIAN_POINT('',(2.674551134687,5.343630077197));
#1942 = CARTESIAN_POINT('',(2.648224714558,5.236671350761));
#1943 = CARTESIAN_POINT('',(2.606877300923,5.041650497781));
#1944 = CARTESIAN_POINT('',(2.590671636791,4.955555123585));
#1945 = CARTESIAN_POINT('',(2.576032289219,4.867183709605));
#1946 = CARTESIAN_POINT('',(2.563027819908,4.776792756337));
#1947 = CARTESIAN_POINT('',(2.551729627869,4.68460102007));
#1948 = CARTESIAN_POINT('',(2.532724969844,4.497321847642));
#1949 = CARTESIAN_POINT('',(2.525004578178,4.402234974835));
#1950 = CARTESIAN_POINT('',(2.519146439573,4.305959199045));
#1951 = CARTESIAN_POINT('',(2.515215931864,4.208885436941));
#1952 = CARTESIAN_POINT('',(2.513248074308,4.111381074519));
#1953 = CARTESIAN_POINT('',(2.513248074308,3.91503986628));
#1954 = CARTESIAN_POINT('',(2.51526432326,3.816347158792));
#1955 = CARTESIAN_POINT('',(2.519291242604,3.718100986038));
#1956 = CARTESIAN_POINT('',(2.525292153454,3.620681021344));
#1957 = CARTESIAN_POINT('',(2.533198701297,3.524491852585));
#1958 = CARTESIAN_POINT('',(2.552302367321,3.338546432623));
#1959 = CARTESIAN_POINT('',(2.563385474091,3.248665038294));
#1960 = CARTESIAN_POINT('',(2.576091028628,3.160504273408));
#1961 = CARTESIAN_POINT('',(2.590352728122,3.074267571561));
#1962 = CARTESIAN_POINT('',(2.606106856842,2.990192564016));
#1963 = CARTESIAN_POINT('',(2.646825289871,2.796777943226));
#1964 = CARTESIAN_POINT('',(2.673050810322,2.689530227387));
#1965 = CARTESIAN_POINT('',(2.701884626028,2.58721743635));
#1966 = CARTESIAN_POINT('',(2.733298920311,2.490489356315));
#1967 = CARTESIAN_POINT('',(2.767300770308,2.400329133959));
#1968 = CARTESIAN_POINT('',(2.818125918078,2.286281747832));
#1969 = CARTESIAN_POINT('',(2.832727852512,2.255602522238));
#1970 = CARTESIAN_POINT('',(2.847722553356,2.226216199864));
#1971 = CARTESIAN_POINT('',(2.863106387643,2.198225343091));
#1972 = CARTESIAN_POINT('',(2.878875685933,2.171739063777));
#1973 = CARTESIAN_POINT('',(2.931726255141,2.090370739358));
#1974 = CARTESIAN_POINT('',(2.970707816114,2.04175600186));
#1975 = CARTESIAN_POINT('',(3.011471257687,2.003455654309));
#1976 = CARTESIAN_POINT('',(3.053514616325,1.977130180523));
#1977 = CARTESIAN_POINT('',(3.096356563167,1.963793288951));
#1978 = CARTESIAN_POINT('',(3.13950646013,1.963807641559));
#1979 = ( GEOMETRIC_REPRESENTATION_CONTEXT(2) 
PARAMETRIC_REPRESENTATION_CONTEXT() REPRESENTATION_CONTEXT('2D SPACE',''
  ) );
#1980 = PCURVE('',#313,#1981);
#1981 = DEFINITIONAL_REPRESENTATION('',(#1982),#2130);
#1982 = B_SPLINE_CURVE_WITH_KNOTS('',6,(#1983,#1984,#1985,#1986,#1987,
    #1988,#1989,#1990,#1991,#1992,#1993,#1994,#1995,#1996,#1997,#1998,
    #1999,#2000,#2001,#2002,#2003,#2004,#2005,#2006,#2007,#2008,#2009,
    #2010,#2011,#2012,#2013,#2014,#2015,#2016,#2017,#2018,#2019,#2020,
    #2021,#2022,#2023,#2024,#2025,#2026,#2027,#2028,#2029,#2030,#2031,
    #2032,#2033,#2034,#2035,#2036,#2037,#2038,#2039,#2040,#2041,#2042,
    #2043,#2044,#2045,#2046,#2047,#2048,#2049,#2050,#2051,#2052,#2053,
    #2054,#2055,#2056,#2057,#2058,#2059,#2060,#2061,#2062,#2063,#2064,
    #2065,#2066,#2067,#2068,#2069,#2070,#2071,#2072,#2073,#2074,#2075,
    #2076,#2077,#2078,#2079,#2080,#2081,#2082,#2083,#2084,#2085,#2086,
    #2087,#2088,#2089,#2090,#2091,#2092,#2093,#2094,#2095,#2096,#2097,
    #2098,#2099,#2100,#2101,#2102,#2103,#2104,#2105,#2106,#2107,#2108,
    #2109,#2110,#2111,#2112,#2113,#2114,#2115,#2116,#2117,#2118,#2119,
    #2120,#2121,#2122,#2123,#2124,#2125,#2126,#2127,#2128,#2129),
  .UNSPECIFIED.,.F.,.F.,(7,5,5,5,5,5,5,5,5,5,5,5,5,5,5,5,5,5,5,5,5,5,5,5
    ,5,5,5,5,5,7),(0.,3.92262551554E-05,7.845249593917E-05,
    1.176787265963E-04,1.569049513732E-04,1.961311745222E-04,
    2.340047717287E-04,2.732310040635E-04,3.124572473714E-04,
    3.43567726816E-04,5.915686944035E-02,8.421877347766E-02,
    0.150447915277,0.199240132045,0.249413650427,0.299604063191,
    0.348131543798,0.414537791939,0.462077250219,0.498558682688,
    0.557709881095,0.58303928708,0.649724274595,0.699677814797,
    0.749450646215,0.79983175209,0.848569038338,0.915296725067,
    0.941181921571,1.),.UNSPECIFIED.);
#1983 = CARTESIAN_POINT('',(8.881784197001E-16,7.432691499343));
#1984 = CARTESIAN_POINT('',(4.9318009178E-05,7.432691682145));
#1985 = CARTESIAN_POINT('',(9.863602303698E-05,7.432691861442));
#1986 = CARTESIAN_POINT('',(1.479540413122E-04,7.432692037234));
#1987 = CARTESIAN_POINT('',(1.97272063737E-04,7.432692209521));
#1988 = CARTESIAN_POINT('',(2.465900900438E-04,7.432692378305));
#1989 = CARTESIAN_POINT('',(3.452261318148E-04,7.432692708861));
#1990 = CARTESIAN_POINT('',(3.945441472741E-04,7.432692870635));
#1991 = CARTESIAN_POINT('',(4.438621660817E-04,7.432693028905));
#1992 = CARTESIAN_POINT('',(4.931801879728E-04,7.432693183669));
#1993 = CARTESIAN_POINT('',(5.424982126788E-04,7.432693334929));
#1994 = CARTESIAN_POINT('',(6.411342544429E-04,7.432693630441));
#1995 = CARTESIAN_POINT('',(6.904522715121E-04,7.432693774691));
#1996 = CARTESIAN_POINT('',(7.397702908583E-04,7.432693915438));
#1997 = CARTESIAN_POINT('',(7.890883122115E-04,7.43269405268));
#1998 = CARTESIAN_POINT('',(8.384063353078E-04,7.432694186417));
#1999 = CARTESIAN_POINT('',(9.370423770783E-04,7.432694446882));
#2000 = CARTESIAN_POINT('',(9.86360395748E-04,7.43269457361));
#2001 = CARTESIAN_POINT('',(1.035678415628E-03,7.432694696834));
#2002 = CARTESIAN_POINT('',(1.084996436449E-03,7.432694816553));
#2003 = CARTESIAN_POINT('',(1.134314457945E-03,7.432694932767));
#2004 = CARTESIAN_POINT('',(1.232950499714E-03,7.432695158186));
#2005 = CARTESIAN_POINT('',(1.282268519985E-03,7.432695267391));
#2006 = CARTESIAN_POINT('',(1.331586540398E-03,7.432695373092));
#2007 = CARTESIAN_POINT('',(1.380904560685E-03,7.432695475288));
#2008 = CARTESIAN_POINT('',(1.43022258058E-03,7.43269557398));
#2009 = CARTESIAN_POINT('',(1.527158000769E-03,7.432695761071));
#2010 = CARTESIAN_POINT('',(1.574775401106E-03,7.432695849708));
#2011 = CARTESIAN_POINT('',(1.622392800589E-03,7.432695935079));
#2012 = CARTESIAN_POINT('',(1.670010198977E-03,7.432696017182));
#2013 = CARTESIAN_POINT('',(1.717627596029E-03,7.432696096019));
#2014 = CARTESIAN_POINT('',(1.814563016615E-03,7.432696249856));
#2015 = CARTESIAN_POINT('',(1.863881040037E-03,7.43269632462));
#2016 = CARTESIAN_POINT('',(1.9131990615E-03,7.432696395879));
#2017 = CARTESIAN_POINT('',(1.962517080736E-03,7.432696463634));
#2018 = CARTESIAN_POINT('',(2.01183509748E-03,7.432696527884));
#2019 = CARTESIAN_POINT('',(2.11047113925E-03,7.432696649375));
#2020 = CARTESIAN_POINT('',(2.159789164273E-03,7.432696706615));
#2021 = CARTESIAN_POINT('',(2.20910718627E-03,7.432696760352));
#2022 = CARTESIAN_POINT('',(2.258425204973E-03,7.432696810583));
#2023 = CARTESIAN_POINT('',(2.307743220115E-03,7.432696857311));
#2024 = CARTESIAN_POINT('',(2.39617552961E-03,7.432696934813));
#2025 = CARTESIAN_POINT('',(2.435289825388E-03,7.432696966889));
#2026 = CARTESIAN_POINT('',(2.474404118624E-03,7.43269699676));
#2027 = CARTESIAN_POINT('',(2.513518409182E-03,7.432697024427));
#2028 = CARTESIAN_POINT('',(2.552632696932E-03,7.432697049889));
#2029 = CARTESIAN_POINT('',(7.653597012112E-02,7.432741041573));
#2030 = CARTESIAN_POINT('',(0.149939379078,7.424906257768));
#2031 = CARTESIAN_POINT('',(0.222438035711,7.409416899836));
#2032 = CARTESIAN_POINT('',(0.293642458193,7.387131185583));
#2033 = CARTESIAN_POINT('',(0.363068104796,7.359508689414));
#2034 = CARTESIAN_POINT('',(0.458534912275,7.315072241522));
#2035 = CARTESIAN_POINT('',(0.486714385699,7.301103464519));
#2036 = CARTESIAN_POINT('',(0.514561952373,7.286539148788));
#2037 = CARTESIAN_POINT('',(0.542090585406,7.271471918267));
#2038 = CARTESIAN_POINT('',(0.56931213758,7.255991389248));
#2039 = CARTESIAN_POINT('',(0.667390480226,7.198411664229));
#2040 = CARTESIAN_POINT('',(0.736501974488,7.15434094893));
#2041 = CARTESIAN_POINT('',(0.803953935462,7.109454798965));
#2042 = CARTESIAN_POINT('',(0.870091824936,7.065010963847));
#2043 = CARTESIAN_POINT('',(0.935263413516,7.022113542639));
#2044 = CARTESIAN_POINT('',(1.047391857951,6.952110846456));
#2045 = CARTESIAN_POINT('',(1.094639064102,6.923813650533));
#2046 = CARTESIAN_POINT('',(1.141643748344,6.897374951171));
#2047 = CARTESIAN_POINT('',(1.188482561581,6.873228124708));
#2048 = CARTESIAN_POINT('',(1.235238477103,6.851767510984));
#2049 = CARTESIAN_POINT('',(1.330097044561,6.814383616164));
#2050 = CARTESIAN_POINT('',(1.378208844385,6.798630960041));
#2051 = CARTESIAN_POINT('',(1.426316449513,6.786503970867));
#2052 = CARTESIAN_POINT('',(1.474423353318,6.778309710799));
#2053 = CARTESIAN_POINT('',(1.522544745762,6.774207037124));
#2054 = CARTESIAN_POINT('',(1.618874051839,6.774207037124));
#2055 = CARTESIAN_POINT('',(1.667011595254,6.778312474116));
#2056 = CARTESIAN_POINT('',(1.715134631691,6.786512236898));
#2057 = CARTESIAN_POINT('',(1.763258385919,6.798647258514));
#2058 = CARTESIAN_POINT('',(1.811386370704,6.814410082337));
#2059 = CARTESIAN_POINT('',(1.906007392065,6.851710972386));
#2060 = CARTESIAN_POINT('',(1.952510113718,6.873043665858));
#2061 = CARTESIAN_POINT('',(1.999094555838,6.897034942398));
#2062 = CARTESIAN_POINT('',(2.045842218259,6.923296963814));
#2063 = CARTESIAN_POINT('',(2.092828372364,6.951403577546));
#2064 = CARTESIAN_POINT('',(2.2048513765,7.021268404032));
#2065 = CARTESIAN_POINT('',(2.270182433725,7.064254629339));
#2066 = CARTESIAN_POINT('',(2.33648085335,7.108809318533));
#2067 = CARTESIAN_POINT('',(2.404097014598,7.153820445123));
#2068 = CARTESIAN_POINT('',(2.473378923704,7.198021273028));
#2069 = CARTESIAN_POINT('',(2.595777983615,7.269911104253));
#2070 = CARTESIAN_POINT('',(2.648005705669,7.298788492039));
#2071 = CARTESIAN_POINT('',(2.701387905285,7.325899421668));
#2072 = CARTESIAN_POINT('',(2.755938592427,7.350566787166));
#2073 = CARTESIAN_POINT('',(2.811696636514,7.37211320714));
#2074 = CARTESIAN_POINT('',(2.912496395429,7.403526961476));
#2075 = CARTESIAN_POINT('',(2.957000037011,7.414940952357));
#2076 = CARTESIAN_POINT('',(3.002042471451,7.42376510468));
#2077 = CARTESIAN_POINT('',(3.047457046086,7.429740270035));
#2078 = CARTESIAN_POINT('',(3.093091423124,7.43272313861));
#2079 = CARTESIAN_POINT('',(3.21288704963,7.432654841615));
#2080 = CARTESIAN_POINT('',(3.28646501492,7.424701955175));
#2081 = CARTESIAN_POINT('',(3.35914959472,7.409040408793));
#2082 = CARTESIAN_POINT('',(3.430542484775,7.3865188531));
#2083 = CARTESIAN_POINT('',(3.500149893906,7.358603091525));
#2084 = CARTESIAN_POINT('',(3.595988701853,7.31362844438));
#2085 = CARTESIAN_POINT('',(3.624371704322,7.299438090373));
#2086 = CARTESIAN_POINT('',(3.652417183822,7.284639502302));
#2087 = CARTESIAN_POINT('',(3.680138323621,7.269327254878));
#2088 = CARTESIAN_POINT('',(3.70754713515,7.253592905824));
#2089 = CARTESIAN_POINT('',(3.806020185514,7.195222844205));
#2090 = CARTESIAN_POINT('',(3.875324908169,7.150591302688));
#2091 = CARTESIAN_POINT('',(3.942955615778,7.105126047609));
#2092 = CARTESIAN_POINT('',(4.009262250973,7.060095663691));
#2093 = CARTESIAN_POINT('',(4.074597223737,7.016614481308));
#2094 = CARTESIAN_POINT('',(4.187810121558,6.94511959851));
#2095 = CARTESIAN_POINT('',(4.23596982369,6.915952981972));
#2096 = CARTESIAN_POINT('',(4.283881949677,6.888730945611));
#2097 = CARTESIAN_POINT('',(4.331627371715,6.863916870225));
#2098 = CARTESIAN_POINT('',(4.37929407929,6.841932442058));
#2099 = CARTESIAN_POINT('',(4.47449854468,6.804423917364));
#2100 = CARTESIAN_POINT('',(4.522041812268,6.788874513297));
#2101 = CARTESIAN_POINT('',(4.569586299614,6.776909286961));
#2102 = CARTESIAN_POINT('',(4.617133559763,6.768826145735));
#2103 = CARTESIAN_POINT('',(4.664696666904,6.764779195655));
#2104 = CARTESIAN_POINT('',(4.760472909635,6.764779195655));
#2105 = CARTESIAN_POINT('',(4.808615696093,6.76892566441));
#2106 = CARTESIAN_POINT('',(4.856742074611,6.777207075013));
#2107 = CARTESIAN_POINT('',(4.904866177858,6.789461828739));
#2108 = CARTESIAN_POINT('',(4.952990038355,6.805377810567));
#2109 = CARTESIAN_POINT('',(5.047613673965,6.843043143327));
#2110 = CARTESIAN_POINT('',(5.094124200597,6.864588791664));
#2111 = CARTESIAN_POINT('',(5.140711049067,6.888817342522));
#2112 = CARTESIAN_POINT('',(5.187455970467,6.91533677399));
#2113 = CARTESIAN_POINT('',(5.23443426195,6.943717345698));
#2114 = CARTESIAN_POINT('',(5.346459229851,7.01428460753));
#2115 = CARTESIAN_POINT('',(5.411796434863,7.05771442812));
#2116 = CARTESIAN_POINT('',(5.478094264485,7.102735460541));
#2117 = CARTESIAN_POINT('',(5.545705287321,7.148233681437));
#2118 = CARTESIAN_POINT('',(5.614979608018,7.192942755718));
#2119 = CARTESIAN_POINT('',(5.713972839286,7.251828551291));
#2120 = CARTESIAN_POINT('',(5.74195469617,7.267946616163));
#2121 = CARTESIAN_POINT('',(5.770261633878,7.28363013936));
#2122 = CARTESIAN_POINT('',(5.798906625652,7.298781686084));
#2123 = CARTESIAN_POINT('',(5.827903897448,7.313300479778));
#2124 = CARTESIAN_POINT('',(5.923994118385,7.358398609796));
#2125 = CARTESIAN_POINT('',(5.993183650183,7.386176204258));
#2126 = CARTESIAN_POINT('',(6.064138948501,7.408632278631));
#2127 = CARTESIAN_POINT('',(6.136378744302,7.424327155396));
#2128 = CARTESIAN_POINT('',(6.209515283833,7.432418435213));
#2129 = CARTESIAN_POINT('',(6.28318530718,7.432691499343));
#2130 = ( GEOMETRIC_REPRESENTATION_CONTEXT(2) 
PARAMETRIC_REPRESENTATION_CONTEXT() REPRESENTATION_CONTEXT('2D SPACE',''
  ) );
#2131 = ADVANCED_FACE('',(#2132),#313,.F.);
#2132 = FACE_BOUND('',#2133,.F.);
#2133 = EDGE_LOOP('',(#2134,#2135,#2156,#2157,#2158,#2159));
#2134 = ORIENTED_EDGE('',*,*,#1677,.F.);
#2135 = ORIENTED_EDGE('',*,*,#2136,.F.);
#2136 = EDGE_CURVE('',#948,#1678,#2137,.T.);
#2137 = SEAM_CURVE('',#2138,(#2142,#2149),.PCURVE_S1.);
#2138 = LINE('',#2139,#2140);
#2139 = CARTESIAN_POINT('',(-11.55580943391,-3.696656048837E-03,
    3.907136465184));
#2140 = VECTOR('',#2141,1.);
#2141 = DIRECTION('',(1.176683518768E-03,-2.781048352393E-04,
    -0.999999269037));
#2142 = PCURVE('',#313,#2143);
#2143 = DEFINITIONAL_REPRESENTATION('',(#2144),#2148);
#2144 = LINE('',#2145,#2146);
#2145 = CARTESIAN_POINT('',(6.28318530718,-0.));
#2146 = VECTOR('',#2147,1.);
#2147 = DIRECTION('',(0.,1.));
#2148 = ( GEOMETRIC_REPRESENTATION_CONTEXT(2) 
PARAMETRIC_REPRESENTATION_CONTEXT() REPRESENTATION_CONTEXT('2D SPACE',''
  ) );
#2149 = PCURVE('',#313,#2150);
#2150 = DEFINITIONAL_REPRESENTATION('',(#2151),#2155);
#2151 = LINE('',#2152,#2153);
#2152 = CARTESIAN_POINT('',(0.,-0.));
#2153 = VECTOR('',#2154,1.);
#2154 = DIRECTION('',(0.,1.));
#2155 = ( GEOMETRIC_REPRESENTATION_CONTEXT(2) 
PARAMETRIC_REPRESENTATION_CONTEXT() REPRESENTATION_CONTEXT('2D SPACE',''
  ) );
#2156 = ORIENTED_EDGE('',*,*,#1117,.T.);
#2157 = ORIENTED_EDGE('',*,*,#199,.T.);
#2158 = ORIENTED_EDGE('',*,*,#947,.T.);
#2159 = ORIENTED_EDGE('',*,*,#2136,.T.);
#2160 = ADVANCED_FACE('',(#2161),#551,.F.);
#2161 = FACE_BOUND('',#2162,.F.);
#2162 = EDGE_LOOP('',(#2163,#2164,#2185,#2186,#2187,#2188));
#2163 = ORIENTED_EDGE('',*,*,#397,.F.);
#2164 = ORIENTED_EDGE('',*,*,#2165,.F.);
#2165 = EDGE_CURVE('',#1221,#398,#2166,.T.);
#2166 = SEAM_CURVE('',#2167,(#2171,#2178),.PCURVE_S1.);
#2167 = LINE('',#2168,#2169);
#2168 = CARTESIAN_POINT('',(9.499887506348,2.074430512062,
    -3.907339504122));
#2169 = VECTOR('',#2170,1.);
#2170 = DIRECTION('',(-1.176501372489E-03,-1.622685631933E-03,
    0.999997991366));
#2171 = PCURVE('',#551,#2172);
#2172 = DEFINITIONAL_REPRESENTATION('',(#2173),#2177);
#2173 = LINE('',#2174,#2175);
#2174 = CARTESIAN_POINT('',(6.28318530718,-0.));
#2175 = VECTOR('',#2176,1.);
#2176 = DIRECTION('',(0.,1.));
#2177 = ( GEOMETRIC_REPRESENTATION_CONTEXT(2) 
PARAMETRIC_REPRESENTATION_CONTEXT() REPRESENTATION_CONTEXT('2D SPACE',''
  ) );
#2178 = PCURVE('',#551,#2179);
#2179 = DEFINITIONAL_REPRESENTATION('',(#2180),#2184);
#2180 = LINE('',#2181,#2182);
#2181 = CARTESIAN_POINT('',(0.,-0.));
#2182 = VECTOR('',#2183,1.);
#2183 = DIRECTION('',(0.,1.));
#2184 = ( GEOMETRIC_REPRESENTATION_CONTEXT(2) 
PARAMETRIC_REPRESENTATION_CONTEXT() REPRESENTATION_CONTEXT('2D SPACE',''
  ) );
#2185 = ORIENTED_EDGE('',*,*,#1220,.T.);
#2186 = ORIENTED_EDGE('',*,*,#2165,.T.);
#2187 = ORIENTED_EDGE('',*,*,#632,.F.);
#2188 = ORIENTED_EDGE('',*,*,#778,.F.);
#2189 = ADVANCED_FACE('',(#2190,#2193),#765,.T.);
#2190 = FACE_BOUND('',#2191,.T.);
#2191 = EDGE_LOOP('',(#2192));
#2192 = ORIENTED_EDGE('',*,*,#750,.T.);
#2193 = FACE_BOUND('',#2194,.T.);
#2194 = EDGE_LOOP('',(#2195));
#2195 = ORIENTED_EDGE('',*,*,#2196,.F.);
#2196 = EDGE_CURVE('',#2197,#2197,#2199,.T.);
#2197 = VERTEX_POINT('',#2198);
#2198 = CARTESIAN_POINT('',(13.511012593597,3.920096324535E-03,
    3.488888950863));
#2199 = SURFACE_CURVE('',#2200,(#2205,#2212),.PCURVE_S1.);
#2200 = CIRCLE('',#2201,3.484977731956);
#2201 = AXIS2_PLACEMENT_3D('',#2202,#2203,#2204);
#2202 = CARTESIAN_POINT('',(13.515113217508,3.920096324534E-03,
    3.913631421815E-03));
#2203 = DIRECTION('',(0.999999303223,9.503560482927E-05,
    1.176657129114E-03));
#2204 = DIRECTION('',(-1.176657134427E-03,-2.64697796017E-23,
    0.999999307739));
#2205 = PCURVE('',#765,#2206);
#2206 = DEFINITIONAL_REPRESENTATION('',(#2207),#2211);
#2207 = CIRCLE('',#2208,3.484977731956);
#2208 = AXIS2_PLACEMENT_2D('',#2209,#2210);
#2209 = CARTESIAN_POINT('',(-1.734722275095E-18,-8.673619280558E-19));
#2210 = DIRECTION('',(1.,2.64697796017E-23));
#2211 = ( GEOMETRIC_REPRESENTATION_CONTEXT(2) 
PARAMETRIC_REPRESENTATION_CONTEXT() REPRESENTATION_CONTEXT('2D SPACE',''
  ) );
#2212 = PCURVE('',#2213,#2218);
#2213 = CONICAL_SURFACE('',#2214,3.501824665965,0.785722789561);
#2214 = AXIS2_PLACEMENT_3D('',#2215,#2216,#2217);
#2215 = CARTESIAN_POINT('',(13.498277229593,3.918496305125E-03,
    3.893821222805E-03));
#2216 = DIRECTION('',(-0.999999303223,-9.503560482927E-05,
    -1.176657129114E-03));
#2217 = DIRECTION('',(-1.176657134427E-03,-1.323488980085E-23,
    0.999999307739));
#2218 = DEFINITIONAL_REPRESENTATION('',(#2219),#2223);
#2219 = LINE('',#2220,#2221);
#2220 = CARTESIAN_POINT('',(-2.64697796017E-23,-1.683599964657E-02));
#2221 = VECTOR('',#2222,1.);
#2222 = DIRECTION('',(-1.,-0.));
#2223 = ( GEOMETRIC_REPRESENTATION_CONTEXT(2) 
PARAMETRIC_REPRESENTATION_CONTEXT() REPRESENTATION_CONTEXT('2D SPACE',''
  ) );
#2224 = ADVANCED_FACE('',(#2225),#2213,.T.);
#2225 = FACE_BOUND('',#2226,.T.);
#2226 = EDGE_LOOP('',(#2227,#2250,#2277,#2278));
#2227 = ORIENTED_EDGE('',*,*,#2228,.T.);
#2228 = EDGE_CURVE('',#2197,#2229,#2231,.T.);
#2229 = VERTEX_POINT('',#2230);
#2230 = CARTESIAN_POINT('',(13.997051280108,3.966233014901E-03,
    3.003677797567));
#2231 = SEAM_CURVE('',#2232,(#2236,#2243),.PCURVE_S1.);
#2232 = LINE('',#2233,#2234);
#2233 = CARTESIAN_POINT('',(13.494156782616,3.918496305126E-03,
    3.50571606301));
#2234 = VECTOR('',#2235,1.);
#2235 = DIRECTION('',(0.707708998326,6.717850210602E-05,-0.706504047529)
  );
#2236 = PCURVE('',#2213,#2237);
#2237 = DEFINITIONAL_REPRESENTATION('',(#2238),#2242);
#2238 = LINE('',#2239,#2240);
#2239 = CARTESIAN_POINT('',(-6.28318530718,0.));
#2240 = VECTOR('',#2241,1.);
#2241 = DIRECTION('',(-0.,-1.));
#2242 = ( GEOMETRIC_REPRESENTATION_CONTEXT(2) 
PARAMETRIC_REPRESENTATION_CONTEXT() REPRESENTATION_CONTEXT('2D SPACE',''
  ) );
#2243 = PCURVE('',#2213,#2244);
#2244 = DEFINITIONAL_REPRESENTATION('',(#2245),#2249);
#2245 = LINE('',#2246,#2247);
#2246 = CARTESIAN_POINT('',(0.,-0.));
#2247 = VECTOR('',#2248,1.);
#2248 = DIRECTION('',(-0.,-1.));
#2249 = ( GEOMETRIC_REPRESENTATION_CONTEXT(2) 
PARAMETRIC_REPRESENTATION_CONTEXT() REPRESENTATION_CONTEXT('2D SPACE',''
  ) );
#2250 = ORIENTED_EDGE('',*,*,#2251,.F.);
#2251 = EDGE_CURVE('',#2229,#2229,#2252,.T.);
#2252 = SURFACE_CURVE('',#2253,(#2258,#2265),.PCURVE_S1.);
#2253 = CIRCLE('',#2254,2.999195013665);
#2254 = AXIS2_PLACEMENT_3D('',#2255,#2256,#2257);
#2255 = CARTESIAN_POINT('',(14.000580304318,3.966233014901E-03,
    4.484860128479E-03));
#2256 = DIRECTION('',(0.999999303223,9.503560482927E-05,
    1.176657129114E-03));
#2257 = DIRECTION('',(-1.176657134427E-03,-2.64697796017E-23,
    0.999999307739));
#2258 = PCURVE('',#2213,#2259);
#2259 = DEFINITIONAL_REPRESENTATION('',(#2260),#2264);
#2260 = LINE('',#2261,#2262);
#2261 = CARTESIAN_POINT('',(-0.,-0.502303424719));
#2262 = VECTOR('',#2263,1.);
#2263 = DIRECTION('',(-1.,-0.));
#2264 = ( GEOMETRIC_REPRESENTATION_CONTEXT(2) 
PARAMETRIC_REPRESENTATION_CONTEXT() REPRESENTATION_CONTEXT('2D SPACE',''
  ) );
#2265 = PCURVE('',#2266,#2271);
#2266 = PLANE('',#2267);
#2267 = AXIS2_PLACEMENT_3D('',#2268,#2269,#2270);
#2268 = CARTESIAN_POINT('',(14.000580304318,3.966233014901E-03,
    4.484860128479E-03));
#2269 = DIRECTION('',(0.999999303223,9.503560482927E-05,
    1.176657129114E-03));
#2270 = DIRECTION('',(-1.176657134427E-03,-1.323488980085E-23,
    0.999999307739));
#2271 = DEFINITIONAL_REPRESENTATION('',(#2272),#2276);
#2272 = CIRCLE('',#2273,2.999195013665);
#2273 = AXIS2_PLACEMENT_2D('',#2274,#2275);
#2274 = CARTESIAN_POINT('',(0.,0.));
#2275 = DIRECTION('',(1.,0.));
#2276 = ( GEOMETRIC_REPRESENTATION_CONTEXT(2) 
PARAMETRIC_REPRESENTATION_CONTEXT() REPRESENTATION_CONTEXT('2D SPACE',''
  ) );
#2277 = ORIENTED_EDGE('',*,*,#2228,.F.);
#2278 = ORIENTED_EDGE('',*,*,#2196,.T.);
#2279 = ADVANCED_FACE('',(#2280),#2266,.T.);
#2280 = FACE_BOUND('',#2281,.T.);
#2281 = EDGE_LOOP('',(#2282));
#2282 = ORIENTED_EDGE('',*,*,#2251,.T.);
#2283 = ( GEOMETRIC_REPRESENTATION_CONTEXT(3) 
GLOBAL_UNCERTAINTY_ASSIGNED_CONTEXT((#2287)) 
GLOBAL_UNIT_ASSIGNED_CONTEXT((#2284,#2285,#2286)) REPRESENTATION_CONTEXT
('Context #1','3D Context with UNIT and UNCERTAINTY') );
#2284 = ( LENGTH_UNIT() NAMED_UNIT(*) SI_UNIT(.MILLI.,.METRE.) );
#2285 = ( NAMED_UNIT(*) PLANE_ANGLE_UNIT() SI_UNIT($,.RADIAN.) );
#2286 = ( NAMED_UNIT(*) SI_UNIT($,.STERADIAN.) SOLID_ANGLE_UNIT() );
#2287 = UNCERTAINTY_MEASURE_WITH_UNIT(LENGTH_MEASURE(1.E-04),#2284,
  'distance_accuracy_value','confusion accuracy');
#2288 = PRODUCT_TYPE('part',$,(#7));
ENDSEC;
END-ISO-10303-21;
