ISO-10303-21;
HEADER;
FILE_DESCRIPTION(('Open CASCADE Model'),'2;1');
FILE_NAME('Open CASCADE Shape Model','2026-06-20T23:55:43',('Author'),(
    'Open CASCADE'),'Open CASCADE STEP processor 7.8','Open CASCADE 7.8'
  ,'Unknown');
FILE_SCHEMA(('CONFIG_CONTROL_DESIGN'));
ENDSEC;
DATA;
#1 = APPLICATION_PROTOCOL_DEFINITION('committee draft',
  'automotive_design',1997,#2);
#2 = APPLICATION_CONTEXT(
  'core data for automotive mechanical design processes');
#3 = SHAPE_DEFINITION_REPRESENTATION(#4,#10);
#4 = PRODUCT_DEFINITION_SHAPE('','',#5);
#5 = PRODUCT_DEFINITION('design','',#6,#9);
#6 = PRODUCT_DEFINITION_FORMATION('','',#7);
#7 = PRODUCT('Product 15','Product 15','',(#8));
#8 = MECHANICAL_CONTEXT('',#2,'mechanical');
#9 = PRODUCT_DEFINITION_CONTEXT('part definition',#2,'design');
#10 = ADVANCED_BREP_SHAPE_REPRESENTATION('',(#11,#15,#1498,#2999),#3415
  );
#11 = AXIS2_PLACEMENT_3D('',#12,#13,#14);
#12 = CARTESIAN_POINT('',(0.,0.,0.));
#13 = DIRECTION('',(0.,0.,1.));
#14 = DIRECTION('',(1.,0.,-0.));
#15 = MANIFOLD_SOLID_BREP('',#16);
#16 = CLOSED_SHELL('',(#17,#105,#159,#194,#334,#389,#765,#818,#867,#898,
    #953,#988,#1063,#1098,#1451,#1458,#1465,#1492));
#17 = ADVANCED_FACE('',(#18),#32,.T.);
#18 = FACE_BOUND('',#19,.T.);
#19 = EDGE_LOOP('',(#20,#50,#77,#78));
#20 = ORIENTED_EDGE('',*,*,#21,.T.);
#21 = EDGE_CURVE('',#22,#24,#26,.T.);
#22 = VERTEX_POINT('',#23);
#23 = CARTESIAN_POINT('',(-2.234676982008E-02,-40.91825548221,
    19.319066207629));
#24 = VERTEX_POINT('',#25);
#25 = CARTESIAN_POINT('',(-2.027041770594E-02,-31.66842613513,
    17.089427871217));
#26 = SEAM_CURVE('',#27,(#31,#43),.PCURVE_S1.);
#27 = LINE('',#28,#29);
#28 = CARTESIAN_POINT('',(-2.244895990229E-02,-41.37349658265,
    19.428800449394));
#29 = VECTOR('',#30,1.);
#30 = DIRECTION('',(2.182243570483E-04,0.972155950003,-0.234334720541));
#31 = PCURVE('',#32,#37);
#32 = CONICAL_SURFACE('',#33,41.362966676481,1.331827974791);
#33 = AXIS2_PLACEMENT_3D('',#34,#35,#36);
#34 = CARTESIAN_POINT('',(-2.24489599023E-02,-1.065243773616E-02,
    19.529480748181));
#35 = DIRECTION('',(-9.219432559887E-04,-2.434067575137E-03,
    0.999996612662));
#36 = DIRECTION('',(-4.235164736272E-22,-0.999997037651,
    -2.434068609592E-03));
#37 = DEFINITIONAL_REPRESENTATION('',(#38),#42);
#38 = LINE('',#39,#40);
#39 = CARTESIAN_POINT('',(-6.28318530718,0.));
#40 = VECTOR('',#41,1.);
#41 = DIRECTION('',(-0.,-1.));
#42 = ( GEOMETRIC_REPRESENTATION_CONTEXT(2) 
PARAMETRIC_REPRESENTATION_CONTEXT() REPRESENTATION_CONTEXT('2D SPACE',''
  ) );
#43 = PCURVE('',#32,#44);
#44 = DEFINITIONAL_REPRESENTATION('',(#45),#49);
#45 = LINE('',#46,#47);
#46 = CARTESIAN_POINT('',(0.,-0.));
#47 = VECTOR('',#48,1.);
#48 = DIRECTION('',(-0.,-1.));
#49 = ( GEOMETRIC_REPRESENTATION_CONTEXT(2) 
PARAMETRIC_REPRESENTATION_CONTEXT() REPRESENTATION_CONTEXT('2D SPACE',''
  ) );
#50 = ORIENTED_EDGE('',*,*,#51,.F.);
#51 = EDGE_CURVE('',#24,#24,#52,.T.);
#52 = SURFACE_CURVE('',#53,(#58,#65),.PCURVE_S1.);
#53 = CIRCLE('',#54,31.663619172126);
#54 = AXIS2_PLACEMENT_3D('',#55,#56,#57);
#55 = CARTESIAN_POINT('',(-2.027041770594E-02,-4.900761711874E-03,
    17.16649929271));
#56 = DIRECTION('',(9.219432559887E-04,2.434067575137E-03,
    -0.999996612662));
#57 = DIRECTION('',(1.225597382371E-16,-0.999997037651,
    -2.434068609592E-03));
#58 = PCURVE('',#32,#59);
#59 = DEFINITIONAL_REPRESENTATION('',(#60),#64);
#60 = LINE('',#61,#62);
#61 = CARTESIAN_POINT('',(-0.,-2.362989459715));
#62 = VECTOR('',#63,1.);
#63 = DIRECTION('',(-1.,-0.));
#64 = ( GEOMETRIC_REPRESENTATION_CONTEXT(2) 
PARAMETRIC_REPRESENTATION_CONTEXT() REPRESENTATION_CONTEXT('2D SPACE',''
  ) );
#65 = PCURVE('',#66,#71);
#66 = TOROIDAL_SURFACE('',#67,31.482468367491,0.765316781815);
#67 = AXIS2_PLACEMENT_3D('',#68,#69,#70);
#68 = CARTESIAN_POINT('',(-2.095594569984E-02,-6.710657766698E-03,
    17.910065306482));
#69 = DIRECTION('',(9.219432559887E-04,2.434067575137E-03,
    -0.999996612662));
#70 = DIRECTION('',(1.225597382371E-16,-0.999997037651,
    -2.434068609592E-03));
#71 = DEFINITIONAL_REPRESENTATION('',(#72),#76);
#72 = LINE('',#73,#74);
#73 = CARTESIAN_POINT('',(0.,1.331827974791));
#74 = VECTOR('',#75,1.);
#75 = DIRECTION('',(1.,0.));
#76 = ( GEOMETRIC_REPRESENTATION_CONTEXT(2) 
PARAMETRIC_REPRESENTATION_CONTEXT() REPRESENTATION_CONTEXT('2D SPACE',''
  ) );
#77 = ORIENTED_EDGE('',*,*,#21,.F.);
#78 = ORIENTED_EDGE('',*,*,#79,.T.);
#79 = EDGE_CURVE('',#22,#22,#80,.T.);
#80 = SURFACE_CURVE('',#81,(#86,#93),.PCURVE_S1.);
#81 = CIRCLE('',#82,40.907994025295);
#82 = AXIS2_PLACEMENT_3D('',#83,#84,#85);
#83 = CARTESIAN_POINT('',(-2.234676982009E-02,-1.038264069173E-02,
    19.418639071768));
#84 = DIRECTION('',(9.219432559887E-04,2.434067575137E-03,
    -0.999996612662));
#85 = DIRECTION('',(-4.235164736271E-22,-0.999997037651,
    -2.434068609592E-03));
#86 = PCURVE('',#32,#87);
#87 = DEFINITIONAL_REPRESENTATION('',(#88),#92);
#88 = LINE('',#89,#90);
#89 = CARTESIAN_POINT('',(-0.,-0.110842051873));
#90 = VECTOR('',#91,1.);
#91 = DIRECTION('',(-1.,-0.));
#92 = ( GEOMETRIC_REPRESENTATION_CONTEXT(2) 
PARAMETRIC_REPRESENTATION_CONTEXT() REPRESENTATION_CONTEXT('2D SPACE',''
  ) );
#93 = PCURVE('',#94,#99);
#94 = PLANE('',#95);
#95 = AXIS2_PLACEMENT_3D('',#96,#97,#98);
#96 = CARTESIAN_POINT('',(-2.234676982009E-02,-1.038264069173E-02,
    19.418639071768));
#97 = DIRECTION('',(9.219432559887E-04,2.434067575137E-03,
    -0.999996612662));
#98 = DIRECTION('',(-4.235164736272E-22,-0.999997037651,
    -2.434068609592E-03));
#99 = DEFINITIONAL_REPRESENTATION('',(#100),#104);
#100 = CIRCLE('',#101,40.907994025295);
#101 = AXIS2_PLACEMENT_2D('',#102,#103);
#102 = CARTESIAN_POINT('',(1.040831002272E-17,-2.335707813855E-23));
#103 = DIRECTION('',(1.,0.));
#104 = ( GEOMETRIC_REPRESENTATION_CONTEXT(2) 
PARAMETRIC_REPRESENTATION_CONTEXT() REPRESENTATION_CONTEXT('2D SPACE',''
  ) );
#105 = ADVANCED_FACE('',(#106),#66,.T.);
#106 = FACE_BOUND('',#107,.T.);
#107 = EDGE_LOOP('',(#108,#130,#131,#132));
#108 = ORIENTED_EDGE('',*,*,#109,.F.);
#109 = EDGE_CURVE('',#24,#110,#112,.T.);
#110 = VERTEX_POINT('',#111);
#111 = CARTESIAN_POINT('',(-2.025036705414E-02,-31.48722293042,
    17.068120629047));
#112 = SEAM_CURVE('',#113,(#118,#124),.PCURVE_S1.);
#113 = CIRCLE('',#114,0.765316781815);
#114 = AXIS2_PLACEMENT_3D('',#115,#116,#117);
#115 = CARTESIAN_POINT('',(-2.095594569983E-02,-31.48908576318,
    17.833434818476));
#116 = DIRECTION('',(0.99999957501,-2.244073139104E-06,
    9.219405248707E-04));
#117 = DIRECTION('',(1.225597382371E-16,-0.999997037651,
    -2.434068609592E-03));
#118 = PCURVE('',#66,#119);
#119 = DEFINITIONAL_REPRESENTATION('',(#120),#123);
#120 = B_SPLINE_CURVE_WITH_KNOTS('',1,(#121,#122),.UNSPECIFIED.,.F.,.F.,
  (2,2),(1.331827974791,1.570796326795),.PIECEWISE_BEZIER_KNOTS.);
#121 = CARTESIAN_POINT('',(0.,1.331827974791));
#122 = CARTESIAN_POINT('',(0.,1.570796326795));
#123 = ( GEOMETRIC_REPRESENTATION_CONTEXT(2) 
PARAMETRIC_REPRESENTATION_CONTEXT() REPRESENTATION_CONTEXT('2D SPACE',''
  ) );
#124 = PCURVE('',#66,#125);
#125 = DEFINITIONAL_REPRESENTATION('',(#126),#129);
#126 = B_SPLINE_CURVE_WITH_KNOTS('',1,(#127,#128),.UNSPECIFIED.,.F.,.F.,
  (2,2),(1.331827974791,1.570796326795),.PIECEWISE_BEZIER_KNOTS.);
#127 = CARTESIAN_POINT('',(6.28318530718,1.331827974791));
#128 = CARTESIAN_POINT('',(6.28318530718,1.570796326795));
#129 = ( GEOMETRIC_REPRESENTATION_CONTEXT(2) 
PARAMETRIC_REPRESENTATION_CONTEXT() REPRESENTATION_CONTEXT('2D SPACE',''
  ) );
#130 = ORIENTED_EDGE('',*,*,#51,.T.);
#131 = ORIENTED_EDGE('',*,*,#109,.T.);
#132 = ORIENTED_EDGE('',*,*,#133,.F.);
#133 = EDGE_CURVE('',#110,#110,#134,.T.);
#134 = SURFACE_CURVE('',#135,(#140,#147),.PCURVE_S1.);
#135 = CIRCLE('',#136,31.482468367491);
#136 = AXIS2_PLACEMENT_3D('',#137,#138,#139);
#137 = CARTESIAN_POINT('',(-2.025036705415E-02,-4.847825003373E-03,
    17.144751117053));
#138 = DIRECTION('',(9.219432559887E-04,2.434067575137E-03,
    -0.999996612662));
#139 = DIRECTION('',(1.225597382371E-16,-0.999997037651,
    -2.434068609592E-03));
#140 = PCURVE('',#66,#141);
#141 = DEFINITIONAL_REPRESENTATION('',(#142),#146);
#142 = LINE('',#143,#144);
#143 = CARTESIAN_POINT('',(0.,1.570796326795));
#144 = VECTOR('',#145,1.);
#145 = DIRECTION('',(1.,0.));
#146 = ( GEOMETRIC_REPRESENTATION_CONTEXT(2) 
PARAMETRIC_REPRESENTATION_CONTEXT() REPRESENTATION_CONTEXT('2D SPACE',''
  ) );
#147 = PCURVE('',#148,#153);
#148 = PLANE('',#149);
#149 = AXIS2_PLACEMENT_3D('',#150,#151,#152);
#150 = CARTESIAN_POINT('',(-2.025036705415E-02,-4.847825003373E-03,
    17.144751117053));
#151 = DIRECTION('',(9.219432559887E-04,2.434067575137E-03,
    -0.999996612662));
#152 = DIRECTION('',(-4.235164736272E-22,-0.999997037651,
    -2.434068609592E-03));
#153 = DEFINITIONAL_REPRESENTATION('',(#154),#158);
#154 = CIRCLE('',#155,31.482468367491);
#155 = AXIS2_PLACEMENT_2D('',#156,#157);
#156 = CARTESIAN_POINT('',(-6.938893903907E-18,0.));
#157 = DIRECTION('',(1.,-1.225451881834E-16));
#158 = ( GEOMETRIC_REPRESENTATION_CONTEXT(2) 
PARAMETRIC_REPRESENTATION_CONTEXT() REPRESENTATION_CONTEXT('2D SPACE',''
  ) );
#159 = ADVANCED_FACE('',(#160,#191),#94,.T.);
#160 = FACE_BOUND('',#161,.T.);
#161 = EDGE_LOOP('',(#162));
#162 = ORIENTED_EDGE('',*,*,#163,.T.);
#163 = EDGE_CURVE('',#164,#164,#166,.T.);
#164 = VERTEX_POINT('',#165);
#165 = CARTESIAN_POINT('',(-2.234676982008E-02,-41.0714851823,
    19.318693234921));
#166 = SURFACE_CURVE('',#167,(#172,#179),.PCURVE_S1.);
#167 = CIRCLE('',#168,41.0612241793);
#168 = AXIS2_PLACEMENT_3D('',#169,#170,#171);
#169 = CARTESIAN_POINT('',(-2.234676982009E-02,-1.038264069173E-02,
    19.418639071768));
#170 = DIRECTION('',(9.219432559887E-04,2.434067575137E-03,
    -0.999996612662));
#171 = DIRECTION('',(-4.235164736271E-22,-0.999997037651,
    -2.434068609592E-03));
#172 = PCURVE('',#94,#173);
#173 = DEFINITIONAL_REPRESENTATION('',(#174),#178);
#174 = CIRCLE('',#175,41.0612241793);
#175 = AXIS2_PLACEMENT_2D('',#176,#177);
#176 = CARTESIAN_POINT('',(0.,0.));
#177 = DIRECTION('',(1.,0.));
#178 = ( GEOMETRIC_REPRESENTATION_CONTEXT(2) 
PARAMETRIC_REPRESENTATION_CONTEXT() REPRESENTATION_CONTEXT('2D SPACE',''
  ) );
#179 = PCURVE('',#180,#185);
#180 = CYLINDRICAL_SURFACE('',#181,41.0612241793);
#181 = AXIS2_PLACEMENT_3D('',#182,#183,#184);
#182 = CARTESIAN_POINT('',(-2.855067245279E-02,-2.676186808936E-02,
    26.147775141349));
#183 = DIRECTION('',(9.219432559887E-04,2.434067575137E-03,
    -0.999996612662));
#184 = DIRECTION('',(-4.235164736272E-22,-0.999997037651,
    -2.434068609592E-03));
#185 = DEFINITIONAL_REPRESENTATION('',(#186),#190);
#186 = LINE('',#187,#188);
#187 = CARTESIAN_POINT('',(0.,6.729158863516));
#188 = VECTOR('',#189,1.);
#189 = DIRECTION('',(1.,0.));
#190 = ( GEOMETRIC_REPRESENTATION_CONTEXT(2) 
PARAMETRIC_REPRESENTATION_CONTEXT() REPRESENTATION_CONTEXT('2D SPACE',''
  ) );
#191 = FACE_BOUND('',#192,.T.);
#192 = EDGE_LOOP('',(#193));
#193 = ORIENTED_EDGE('',*,*,#79,.F.);
#194 = ADVANCED_FACE('',(#195,#198),#148,.T.);
#195 = FACE_BOUND('',#196,.T.);
#196 = EDGE_LOOP('',(#197));
#197 = ORIENTED_EDGE('',*,*,#133,.T.);
#198 = FACE_BOUND('',#199,.T.);
#199 = EDGE_LOOP('',(#200,#231,#255,#282,#309));
#200 = ORIENTED_EDGE('',*,*,#201,.F.);
#201 = EDGE_CURVE('',#202,#204,#206,.T.);
#202 = VERTEX_POINT('',#203);
#203 = CARTESIAN_POINT('',(-2.025036705414E-02,-12.50612903613,
    17.114322050736));
#204 = VERTEX_POINT('',#205);
#205 = CARTESIAN_POINT('',(-4.000000007488,11.846055801807,
    17.169927999248));
#206 = SURFACE_CURVE('',#207,(#212,#219),.PCURVE_S1.);
#207 = CIRCLE('',#208,12.501318244405);
#208 = AXIS2_PLACEMENT_3D('',#209,#210,#211);
#209 = CARTESIAN_POINT('',(-2.025036705415E-02,-4.847825003373E-03,
    17.144751117053));
#210 = DIRECTION('',(9.219432559887E-04,2.434067575137E-03,
    -0.999996612662));
#211 = DIRECTION('',(-4.235164736271E-22,-0.999997037651,
    -2.434068609592E-03));
#212 = PCURVE('',#148,#213);
#213 = DEFINITIONAL_REPRESENTATION('',(#214),#218);
#214 = CIRCLE('',#215,12.501318244405);
#215 = AXIS2_PLACEMENT_2D('',#216,#217);
#216 = CARTESIAN_POINT('',(-3.46943667424E-18,7.785692712852E-24));
#217 = DIRECTION('',(1.,0.));
#218 = ( GEOMETRIC_REPRESENTATION_CONTEXT(2) 
PARAMETRIC_REPRESENTATION_CONTEXT() REPRESENTATION_CONTEXT('2D SPACE',''
  ) );
#219 = PCURVE('',#220,#225);
#220 = CYLINDRICAL_SURFACE('',#221,12.501318244405);
#221 = AXIS2_PLACEMENT_3D('',#222,#223,#224);
#222 = CARTESIAN_POINT('',(-3.158778706545E-02,-3.478030322909E-02,
    29.44201728174));
#223 = DIRECTION('',(9.219432559887E-04,2.434067575137E-03,
    -0.999996612662));
#224 = DIRECTION('',(-4.235164736272E-22,-0.999997037651,
    -2.434068609592E-03));
#225 = DEFINITIONAL_REPRESENTATION('',(#226),#230);
#226 = LINE('',#227,#228);
#227 = CARTESIAN_POINT('',(0.,12.297307819824));
#228 = VECTOR('',#229,1.);
#229 = DIRECTION('',(1.,0.));
#230 = ( GEOMETRIC_REPRESENTATION_CONTEXT(2) 
PARAMETRIC_REPRESENTATION_CONTEXT() REPRESENTATION_CONTEXT('2D SPACE',''
  ) );
#231 = ORIENTED_EDGE('',*,*,#232,.F.);
#232 = EDGE_CURVE('',#233,#202,#235,.T.);
#233 = VERTEX_POINT('',#234);
#234 = CARTESIAN_POINT('',(4.000000023247,11.832359918136,
    17.177270233489));
#235 = SURFACE_CURVE('',#236,(#241,#248),.PCURVE_S1.);
#236 = CIRCLE('',#237,12.501318244405);
#237 = AXIS2_PLACEMENT_3D('',#238,#239,#240);
#238 = CARTESIAN_POINT('',(-2.025036705415E-02,-4.847825003373E-03,
    17.144751117053));
#239 = DIRECTION('',(9.219432559887E-04,2.434067575137E-03,
    -0.999996612662));
#240 = DIRECTION('',(-4.235164736271E-22,-0.999997037651,
    -2.434068609592E-03));
#241 = PCURVE('',#148,#242);
#242 = DEFINITIONAL_REPRESENTATION('',(#243),#247);
#243 = CIRCLE('',#244,12.501318244405);
#244 = AXIS2_PLACEMENT_2D('',#245,#246);
#245 = CARTESIAN_POINT('',(-3.46943667424E-18,7.785692712852E-24));
#246 = DIRECTION('',(1.,0.));
#247 = ( GEOMETRIC_REPRESENTATION_CONTEXT(2) 
PARAMETRIC_REPRESENTATION_CONTEXT() REPRESENTATION_CONTEXT('2D SPACE',''
  ) );
#248 = PCURVE('',#220,#249);
#249 = DEFINITIONAL_REPRESENTATION('',(#250),#254);
#250 = LINE('',#251,#252);
#251 = CARTESIAN_POINT('',(0.,12.297307819824));
#252 = VECTOR('',#253,1.);
#253 = DIRECTION('',(1.,0.));
#254 = ( GEOMETRIC_REPRESENTATION_CONTEXT(2) 
PARAMETRIC_REPRESENTATION_CONTEXT() REPRESENTATION_CONTEXT('2D SPACE',''
  ) );
#255 = ORIENTED_EDGE('',*,*,#256,.F.);
#256 = EDGE_CURVE('',#257,#233,#259,.T.);
#257 = VERTEX_POINT('',#258);
#258 = CARTESIAN_POINT('',(3.999991119549,15.799988277161,
    17.186927733532));
#259 = SURFACE_CURVE('',#260,(#264,#270),.PCURVE_S1.);
#260 = LINE('',#261,#262);
#261 = CARTESIAN_POINT('',(4.000013621335,5.772836537707,17.162520906683
    ));
#262 = VECTOR('',#263,1.);
#263 = DIRECTION('',(2.244078833259E-06,-0.999997037653,
    -2.434066540677E-03));
#264 = PCURVE('',#148,#265);
#265 = DEFINITIONAL_REPRESENTATION('',(#266),#269);
#266 = B_SPLINE_CURVE_WITH_KNOTS('',1,(#267,#268),.UNSPECIFIED.,.F.,.F.,
  (2,2),(-10.02718144344,-5.872036393444),.PIECEWISE_BEZIER_KNOTS.);
#267 = CARTESIAN_POINT('',(-15.80489194349,-4.020243195166));
#268 = CARTESIAN_POINT('',(-11.6497468935,-4.020252519643));
#269 = ( GEOMETRIC_REPRESENTATION_CONTEXT(2) 
PARAMETRIC_REPRESENTATION_CONTEXT() REPRESENTATION_CONTEXT('2D SPACE',''
  ) );
#270 = PCURVE('',#271,#276);
#271 = PLANE('',#272);
#272 = AXIS2_PLACEMENT_3D('',#273,#274,#275);
#273 = CARTESIAN_POINT('',(4.000000444023,11.644855536142,
    -21.57928161426));
#274 = DIRECTION('',(0.999999999997,2.244085481013E-06,-0.));
#275 = DIRECTION('',(0.,0.,1.));
#276 = DEFINITIONAL_REPRESENTATION('',(#277),#281);
#277 = LINE('',#278,#279);
#278 = CARTESIAN_POINT('',(38.741802520946,5.87201899845));
#279 = VECTOR('',#280,1.);
#280 = DIRECTION('',(-2.434066540677E-03,0.999997037656));
#281 = ( GEOMETRIC_REPRESENTATION_CONTEXT(2) 
PARAMETRIC_REPRESENTATION_CONTEXT() REPRESENTATION_CONTEXT('2D SPACE',''
  ) );
#282 = ORIENTED_EDGE('',*,*,#283,.T.);
#283 = EDGE_CURVE('',#257,#284,#286,.T.);
#284 = VERTEX_POINT('',#285);
#285 = CARTESIAN_POINT('',(-4.000008880451,15.799988277161,17.1795521625
    ));
#286 = SURFACE_CURVE('',#287,(#291,#297),.PCURVE_S1.);
#287 = LINE('',#288,#289);
#288 = CARTESIAN_POINT('',(-1.648652060766E-02,15.799988277161,
    17.183224756516));
#289 = VECTOR('',#290,1.);
#290 = DIRECTION('',(-0.999999575008,0.,-9.219459871125E-04));
#291 = PCURVE('',#148,#292);
#292 = DEFINITIONAL_REPRESENTATION('',(#293),#296);
#293 = B_SPLINE_CURVE_WITH_KNOTS('',1,(#294,#295),.UNSPECIFIED.,.F.,.F.,
  (2,2),(-4.01647934713,3.98352405281),.PIECEWISE_BEZIER_KNOTS.);
#294 = CARTESIAN_POINT('',(-15.80489194349,-4.020243195166));
#295 = CARTESIAN_POINT('',(-15.80487399085,3.979760204754));
#296 = ( GEOMETRIC_REPRESENTATION_CONTEXT(2) 
PARAMETRIC_REPRESENTATION_CONTEXT() REPRESENTATION_CONTEXT('2D SPACE',''
  ) );
#297 = PCURVE('',#298,#303);
#298 = PLANE('',#299);
#299 = AXIS2_PLACEMENT_3D('',#300,#301,#302);
#300 = CARTESIAN_POINT('',(-8.880450529357E-06,15.799988277161,
    3.431532285275));
#301 = DIRECTION('',(-0.,-1.,-0.));
#302 = DIRECTION('',(0.,0.,-1.));
#303 = DEFINITIONAL_REPRESENTATION('',(#304),#308);
#304 = LINE('',#305,#306);
#305 = CARTESIAN_POINT('',(-13.75169247124,-1.647764015713E-02));
#306 = VECTOR('',#307,1.);
#307 = DIRECTION('',(9.219459871125E-04,-0.999999575008));
#308 = ( GEOMETRIC_REPRESENTATION_CONTEXT(2) 
PARAMETRIC_REPRESENTATION_CONTEXT() REPRESENTATION_CONTEXT('2D SPACE',''
  ) );
#309 = ORIENTED_EDGE('',*,*,#310,.F.);
#310 = EDGE_CURVE('',#204,#284,#311,.T.);
#311 = SURFACE_CURVE('',#312,(#316,#322),.PCURVE_S1.);
#312 = LINE('',#313,#314);
#313 = CARTESIAN_POINT('',(-3.999986515245,5.83369870109,17.155293478646
    ));
#314 = VECTOR('',#315,1.);
#315 = DIRECTION('',(-2.244078833259E-06,0.999997037653,
    2.434066540677E-03));
#316 = PCURVE('',#148,#317);
#317 = DEFINITIONAL_REPRESENTATION('',(#318),#321);
#318 = B_SPLINE_CURVE_WITH_KNOTS('',1,(#319,#320),.UNSPECIFIED.,.F.,.F.,
  (2,2),(5.811174049765,9.966319099765),.PIECEWISE_BEZIER_KNOTS.);
#319 = CARTESIAN_POINT('',(-11.64972894086,3.979750880277));
#320 = CARTESIAN_POINT('',(-15.80487399085,3.979760204754));
#321 = ( GEOMETRIC_REPRESENTATION_CONTEXT(2) 
PARAMETRIC_REPRESENTATION_CONTEXT() REPRESENTATION_CONTEXT('2D SPACE',''
  ) );
#322 = PCURVE('',#323,#328);
#323 = PLANE('',#324);
#324 = AXIS2_PLACEMENT_3D('',#325,#326,#327);
#325 = CARTESIAN_POINT('',(-3.999999555977,11.644855536142,
    28.422118385737));
#326 = DIRECTION('',(-0.999999999997,-2.244085481013E-06,-0.));
#327 = DIRECTION('',(0.,0.,-1.));
#328 = DEFINITIONAL_REPRESENTATION('',(#329),#333);
#329 = LINE('',#330,#331);
#330 = CARTESIAN_POINT('',(11.266824907091,5.811156835066));
#331 = VECTOR('',#332,1.);
#332 = DIRECTION('',(-2.434066540677E-03,-0.999997037656));
#333 = ( GEOMETRIC_REPRESENTATION_CONTEXT(2) 
PARAMETRIC_REPRESENTATION_CONTEXT() REPRESENTATION_CONTEXT('2D SPACE',''
  ) );
#334 = ADVANCED_FACE('',(#335),#180,.T.);
#335 = FACE_BOUND('',#336,.T.);
#336 = EDGE_LOOP('',(#337,#366,#387,#388));
#337 = ORIENTED_EDGE('',*,*,#338,.T.);
#338 = EDGE_CURVE('',#339,#339,#341,.T.);
#339 = VERTEX_POINT('',#340);
#340 = CARTESIAN_POINT('',(-2.238118639874E-02,-41.07157604719,
    19.356023582367));
#341 = SURFACE_CURVE('',#342,(#347,#354),.PCURVE_S1.);
#342 = CIRCLE('',#343,41.0612241793);
#343 = AXIS2_PLACEMENT_3D('',#344,#345,#346);
#344 = CARTESIAN_POINT('',(-2.238118639875E-02,-1.047350558781E-02,
    19.455969419213));
#345 = DIRECTION('',(9.219432559887E-04,2.434067575137E-03,
    -0.999996612662));
#346 = DIRECTION('',(4.235164736272E-22,0.999997037651,
    2.434068609592E-03));
#347 = PCURVE('',#180,#348);
#348 = DEFINITIONAL_REPRESENTATION('',(#349),#353);
#349 = LINE('',#350,#351);
#350 = CARTESIAN_POINT('',(-3.14159265359,6.69182838962));
#351 = VECTOR('',#352,1.);
#352 = DIRECTION('',(1.,0.));
#353 = ( GEOMETRIC_REPRESENTATION_CONTEXT(2) 
PARAMETRIC_REPRESENTATION_CONTEXT() REPRESENTATION_CONTEXT('2D SPACE',''
  ) );
#354 = PCURVE('',#355,#360);
#355 = CONICAL_SURFACE('',#356,41.362966676481,1.331827974791);
#356 = AXIS2_PLACEMENT_3D('',#357,#358,#359);
#357 = CARTESIAN_POINT('',(-2.24489599023E-02,-1.065243773616E-02,
    19.529480748181));
#358 = DIRECTION('',(-9.219432559887E-04,-2.434067575137E-03,
    0.999996612662));
#359 = DIRECTION('',(-4.235164736272E-22,-0.999997037651,
    -2.434068609592E-03));
#360 = DEFINITIONAL_REPRESENTATION('',(#361),#365);
#361 = LINE('',#362,#363);
#362 = CARTESIAN_POINT('',(3.14159265359,-7.351157797636E-02));
#363 = VECTOR('',#364,1.);
#364 = DIRECTION('',(-1.,-0.));
#365 = ( GEOMETRIC_REPRESENTATION_CONTEXT(2) 
PARAMETRIC_REPRESENTATION_CONTEXT() REPRESENTATION_CONTEXT('2D SPACE',''
  ) );
#366 = ORIENTED_EDGE('',*,*,#367,.T.);
#367 = EDGE_CURVE('',#339,#164,#368,.T.);
#368 = SEAM_CURVE('',#369,(#373,#380),.PCURVE_S1.);
#369 = LINE('',#370,#371);
#370 = CARTESIAN_POINT('',(-2.855067245278E-02,-41.08786440969,
    26.047829304503));
#371 = VECTOR('',#372,1.);
#372 = DIRECTION('',(9.219432559887E-04,2.434067575137E-03,
    -0.999996612662));
#373 = PCURVE('',#180,#374);
#374 = DEFINITIONAL_REPRESENTATION('',(#375),#379);
#375 = LINE('',#376,#377);
#376 = CARTESIAN_POINT('',(0.,-0.));
#377 = VECTOR('',#378,1.);
#378 = DIRECTION('',(0.,1.));
#379 = ( GEOMETRIC_REPRESENTATION_CONTEXT(2) 
PARAMETRIC_REPRESENTATION_CONTEXT() REPRESENTATION_CONTEXT('2D SPACE',''
  ) );
#380 = PCURVE('',#180,#381);
#381 = DEFINITIONAL_REPRESENTATION('',(#382),#386);
#382 = LINE('',#383,#384);
#383 = CARTESIAN_POINT('',(6.28318530718,-0.));
#384 = VECTOR('',#385,1.);
#385 = DIRECTION('',(0.,1.));
#386 = ( GEOMETRIC_REPRESENTATION_CONTEXT(2) 
PARAMETRIC_REPRESENTATION_CONTEXT() REPRESENTATION_CONTEXT('2D SPACE',''
  ) );
#387 = ORIENTED_EDGE('',*,*,#163,.F.);
#388 = ORIENTED_EDGE('',*,*,#367,.F.);
#389 = ADVANCED_FACE('',(#390),#220,.F.);
#390 = FACE_BOUND('',#391,.F.);
#391 = EDGE_LOOP('',(#392,#393,#416,#463,#464,#465,#492,#519,#546,#573,
    #600,#632,#659,#686,#713,#740));
#392 = ORIENTED_EDGE('',*,*,#201,.F.);
#393 = ORIENTED_EDGE('',*,*,#394,.F.);
#394 = EDGE_CURVE('',#395,#202,#397,.T.);
#395 = VERTEX_POINT('',#396);
#396 = CARTESIAN_POINT('',(-3.091062082817E-02,-12.53427369459,
    28.677091879466));
#397 = SEAM_CURVE('',#398,(#402,#409),.PCURVE_S1.);
#398 = LINE('',#399,#400);
#399 = CARTESIAN_POINT('',(-3.091062082817E-02,-12.53427369459,
    28.677091879466));
#400 = VECTOR('',#401,1.);
#401 = DIRECTION('',(9.219432559887E-04,2.434067575137E-03,
    -0.999996612662));
#402 = PCURVE('',#220,#403);
#403 = DEFINITIONAL_REPRESENTATION('',(#404),#408);
#404 = LINE('',#405,#406);
#405 = CARTESIAN_POINT('',(0.,0.734498823952));
#406 = VECTOR('',#407,1.);
#407 = DIRECTION('',(0.,1.));
#408 = ( GEOMETRIC_REPRESENTATION_CONTEXT(2) 
PARAMETRIC_REPRESENTATION_CONTEXT() REPRESENTATION_CONTEXT('2D SPACE',''
  ) );
#409 = PCURVE('',#220,#410);
#410 = DEFINITIONAL_REPRESENTATION('',(#411),#415);
#411 = LINE('',#412,#413);
#412 = CARTESIAN_POINT('',(6.28318530718,0.734498823952));
#413 = VECTOR('',#414,1.);
#414 = DIRECTION('',(0.,1.));
#415 = ( GEOMETRIC_REPRESENTATION_CONTEXT(2) 
PARAMETRIC_REPRESENTATION_CONTEXT() REPRESENTATION_CONTEXT('2D SPACE',''
  ) );
#416 = ORIENTED_EDGE('',*,*,#417,.F.);
#417 = EDGE_CURVE('',#395,#395,#418,.T.);
#418 = SURFACE_CURVE('',#419,(#424,#451),.PCURVE_S1.);
#419 = ELLIPSE('',#420,12.502044473573,12.501318244405);
#420 = AXIS2_PLACEMENT_3D('',#421,#422,#423);
#421 = CARTESIAN_POINT('',(-3.100885973262E-02,-3.325184880409E-02,
    28.814076930691));
#422 = DIRECTION('',(5.675896866463E-03,-1.095702938605E-02,
    0.999923860952));
#423 = DIRECTION('',(0.612103791423,-0.790684260736,-1.21387129017E-02)
  );
#424 = PCURVE('',#220,#425);
#425 = DEFINITIONAL_REPRESENTATION('',(#426),#450);
#426 = B_SPLINE_CURVE_WITH_KNOTS('',8,(#427,#428,#429,#430,#431,#432,
    #433,#434,#435,#436,#437,#438,#439,#440,#441,#442,#443,#444,#445,
    #446,#447,#448,#449),.UNSPECIFIED.,.F.,.F.,(9,7,7,9),(5.62443430887,
    7.195230635665,9.551425125857,11.907619616049),.UNSPECIFIED.);
#427 = CARTESIAN_POINT('',(6.28318530718,0.734498823952));
#428 = CARTESIAN_POINT('',(6.08683576633,0.750694883935));
#429 = CARTESIAN_POINT('',(5.890486225481,0.762196098225));
#430 = CARTESIAN_POINT('',(5.694136684632,0.768050743294));
#431 = CARTESIAN_POINT('',(5.497787143782,0.767692805487));
#432 = CARTESIAN_POINT('',(5.301437602933,0.761063871509));
#433 = CARTESIAN_POINT('',(5.105088062083,0.748638149948));
#434 = CARTESIAN_POINT('',(4.908738521234,0.731350623838));
#435 = CARTESIAN_POINT('',(4.417864669111,0.679044899882));
#436 = CARTESIAN_POINT('',(4.123340357841,0.639483806921));
#437 = CARTESIAN_POINT('',(3.828816046556,0.595896012105));
#438 = CARTESIAN_POINT('',(3.534291735309,0.553931632254));
#439 = CARTESIAN_POINT('',(3.239767424012,0.519647440366));
#440 = CARTESIAN_POINT('',(2.945243112743,0.497495766685));
#441 = CARTESIAN_POINT('',(2.650718801466,0.489256531635));
#442 = CARTESIAN_POINT('',(2.061670178918,0.499282378633));
#443 = CARTESIAN_POINT('',(1.767145867644,0.51754840443));
#444 = CARTESIAN_POINT('',(1.472621556371,0.548396053063));
#445 = CARTESIAN_POINT('',(1.178097245095,0.58873994759));
#446 = CARTESIAN_POINT('',(0.88357293382,0.633135306545));
#447 = CARTESIAN_POINT('',(0.589048622549,0.675347610874));
#448 = CARTESIAN_POINT('',(0.294524311274,0.710204733979));
#449 = CARTESIAN_POINT('',(8.881784197001E-16,0.734498823952));
#450 = ( GEOMETRIC_REPRESENTATION_CONTEXT(2) 
PARAMETRIC_REPRESENTATION_CONTEXT() REPRESENTATION_CONTEXT('2D SPACE',''
  ) );
#451 = PCURVE('',#452,#457);
#452 = PLANE('',#453);
#453 = AXIS2_PLACEMENT_3D('',#454,#455,#456);
#454 = CARTESIAN_POINT('',(0.922434295486,-1.781397679127,
    28.789508929856));
#455 = DIRECTION('',(5.675896866463E-03,-1.095702938605E-02,
    0.999923860952));
#456 = DIRECTION('',(0.,0.999939968018,1.095720588508E-02));
#457 = DEFINITIONAL_REPRESENTATION('',(#458),#462);
#458 = ELLIPSE('',#459,12.502044473573,12.501318244405);
#459 = AXIS2_PLACEMENT_2D('',#460,#461);
#460 = CARTESIAN_POINT('',(1.748310082307,0.953458513559));
#461 = DIRECTION('',(-0.790769800768,-0.612113651369));
#462 = ( GEOMETRIC_REPRESENTATION_CONTEXT(2) 
PARAMETRIC_REPRESENTATION_CONTEXT() REPRESENTATION_CONTEXT('2D SPACE',''
  ) );
#463 = ORIENTED_EDGE('',*,*,#394,.T.);
#464 = ORIENTED_EDGE('',*,*,#232,.F.);
#465 = ORIENTED_EDGE('',*,*,#466,.T.);
#466 = EDGE_CURVE('',#233,#467,#469,.T.);
#467 = VERTEX_POINT('',#468);
#468 = CARTESIAN_POINT('',(4.000000037266,11.826112892426,
    19.451158387414));
#469 = SURFACE_CURVE('',#470,(#475,#485),.PCURVE_S1.);
#470 = ELLIPSE('',#471,1.355966768764E+04,12.501318244405);
#471 = AXIS2_PLACEMENT_3D('',#472,#473,#474);
#472 = CARTESIAN_POINT('',(4.000002768078,10.609219512119,
    -4.343470168578E+03));
#473 = DIRECTION('',(0.999999999997,2.244085481013E-06,0.));
#474 = DIRECTION('',(-5.462253383753E-09,2.434066540671E-03,
    -0.999997037656));
#475 = PCURVE('',#220,#476);
#476 = DEFINITIONAL_REPRESENTATION('',(#477),#484);
#477 = B_SPLINE_CURVE_WITH_KNOTS('',5,(#478,#479,#480,#481,#482,#483),
  .UNSPECIFIED.,.F.,.F.,(6,6),(1.89820282454,1.898388566888),
  .PIECEWISE_BEZIER_KNOTS.);
#478 = CARTESIAN_POINT('',(3.468996907255,12.297308419825));
#479 = CARTESIAN_POINT('',(3.469034055725,11.820345591006));
#480 = CARTESIAN_POINT('',(3.469071204194,11.343390284309));
#481 = CARTESIAN_POINT('',(3.469108352664,10.866442501144));
#482 = CARTESIAN_POINT('',(3.469145501134,10.389502242838));
#483 = CARTESIAN_POINT('',(3.469182649603,9.912569510783));
#484 = ( GEOMETRIC_REPRESENTATION_CONTEXT(2) 
PARAMETRIC_REPRESENTATION_CONTEXT() REPRESENTATION_CONTEXT('2D SPACE',''
  ) );
#485 = PCURVE('',#271,#486);
#486 = DEFINITIONAL_REPRESENTATION('',(#487),#491);
#487 = ELLIPSE('',#488,1.355966768764E+04,12.501318244405);
#488 = AXIS2_PLACEMENT_2D('',#489,#490);
#489 = CARTESIAN_POINT('',(-4.321890886964E+03,1.035636024025));
#490 = DIRECTION('',(-0.999997037656,-2.434066540677E-03));
#491 = ( GEOMETRIC_REPRESENTATION_CONTEXT(2) 
PARAMETRIC_REPRESENTATION_CONTEXT() REPRESENTATION_CONTEXT('2D SPACE',''
  ) );
#492 = ORIENTED_EDGE('',*,*,#493,.T.);
#493 = EDGE_CURVE('',#467,#494,#496,.T.);
#494 = VERTEX_POINT('',#495);
#495 = CARTESIAN_POINT('',(4.000000037949,11.825808367802,
    19.562000073512));
#496 = SURFACE_CURVE('',#497,(#502,#512),.PCURVE_S1.);
#497 = ELLIPSE('',#498,1.355966768764E+04,12.501318244405);
#498 = AXIS2_PLACEMENT_3D('',#499,#500,#501);
#499 = CARTESIAN_POINT('',(4.000002768078,10.609219512119,
    -4.343470168578E+03));
#500 = DIRECTION('',(0.999999999997,2.244085481013E-06,0.));
#501 = DIRECTION('',(-5.462253383753E-09,2.434066540671E-03,
    -0.999997037656));
#502 = PCURVE('',#220,#503);
#503 = DEFINITIONAL_REPRESENTATION('',(#504),#511);
#504 = B_SPLINE_CURVE_WITH_KNOTS('',5,(#505,#506,#507,#508,#509,#510),
  .UNSPECIFIED.,.F.,.F.,(6,6),(1.898379933278,1.898904115257),
  .PIECEWISE_BEZIER_KNOTS.);
#505 = CARTESIAN_POINT('',(3.469174015993,10.023412762656));
#506 = CARTESIAN_POINT('',(3.469278852389,8.677460810235));
#507 = CARTESIAN_POINT('',(3.469383688785,7.331568796858));
#508 = CARTESIAN_POINT('',(3.46948852518,5.985736753336));
#509 = CARTESIAN_POINT('',(3.469593361576,4.639964710493));
#510 = CARTESIAN_POINT('',(3.469698197972,3.294252699138));
#511 = ( GEOMETRIC_REPRESENTATION_CONTEXT(2) 
PARAMETRIC_REPRESENTATION_CONTEXT() REPRESENTATION_CONTEXT('2D SPACE',''
  ) );
#512 = PCURVE('',#271,#513);
#513 = DEFINITIONAL_REPRESENTATION('',(#514),#518);
#514 = ELLIPSE('',#515,1.355966768764E+04,12.501318244405);
#515 = AXIS2_PLACEMENT_2D('',#516,#517);
#516 = CARTESIAN_POINT('',(-4.321890886964E+03,1.035636024025));
#517 = DIRECTION('',(-0.999997037656,-2.434066540677E-03));
#518 = ( GEOMETRIC_REPRESENTATION_CONTEXT(2) 
PARAMETRIC_REPRESENTATION_CONTEXT() REPRESENTATION_CONTEXT('2D SPACE',''
  ) );
#519 = ORIENTED_EDGE('',*,*,#520,.T.);
#520 = EDGE_CURVE('',#494,#521,#523,.T.);
#521 = VERTEX_POINT('',#522);
#522 = CARTESIAN_POINT('',(4.000000075644,11.809010824659,
    25.675459871908));
#523 = SURFACE_CURVE('',#524,(#529,#539),.PCURVE_S1.);
#524 = ELLIPSE('',#525,1.355966768764E+04,12.501318244405);
#525 = AXIS2_PLACEMENT_3D('',#526,#527,#528);
#526 = CARTESIAN_POINT('',(4.000002768078,10.609219512119,
    -4.343470168578E+03));
#527 = DIRECTION('',(0.999999999997,2.244085481013E-06,0.));
#528 = DIRECTION('',(-5.462253383753E-09,2.434066540671E-03,
    -0.999997037656));
#529 = PCURVE('',#220,#530);
#530 = DEFINITIONAL_REPRESENTATION('',(#531),#538);
#531 = B_SPLINE_CURVE_WITH_KNOTS('',5,(#532,#533,#534,#535,#536,#537),
  .UNSPECIFIED.,.F.,.F.,(6,6),(1.898379933278,1.898904115257),
  .PIECEWISE_BEZIER_KNOTS.);
#532 = CARTESIAN_POINT('',(3.469174015993,10.023412762656));
#533 = CARTESIAN_POINT('',(3.469278852389,8.677460810235));
#534 = CARTESIAN_POINT('',(3.469383688785,7.331568796858));
#535 = CARTESIAN_POINT('',(3.46948852518,5.985736753336));
#536 = CARTESIAN_POINT('',(3.469593361576,4.639964710493));
#537 = CARTESIAN_POINT('',(3.469698197972,3.294252699138));
#538 = ( GEOMETRIC_REPRESENTATION_CONTEXT(2) 
PARAMETRIC_REPRESENTATION_CONTEXT() REPRESENTATION_CONTEXT('2D SPACE',''
  ) );
#539 = PCURVE('',#271,#540);
#540 = DEFINITIONAL_REPRESENTATION('',(#541),#545);
#541 = ELLIPSE('',#542,1.355966768764E+04,12.501318244405);
#542 = AXIS2_PLACEMENT_2D('',#543,#544);
#543 = CARTESIAN_POINT('',(-4.321890886964E+03,1.035636024025));
#544 = DIRECTION('',(-0.999997037656,-2.434066540677E-03));
#545 = ( GEOMETRIC_REPRESENTATION_CONTEXT(2) 
PARAMETRIC_REPRESENTATION_CONTEXT() REPRESENTATION_CONTEXT('2D SPACE',''
  ) );
#546 = ORIENTED_EDGE('',*,*,#547,.T.);
#547 = EDGE_CURVE('',#521,#548,#550,.T.);
#548 = VERTEX_POINT('',#549);
#549 = CARTESIAN_POINT('',(4.000000078757,11.807623589084,
    26.180295040615));
#550 = SURFACE_CURVE('',#551,(#556,#566),.PCURVE_S1.);
#551 = ELLIPSE('',#552,1.355966768764E+04,12.501318244405);
#552 = AXIS2_PLACEMENT_3D('',#553,#554,#555);
#553 = CARTESIAN_POINT('',(4.000002768078,10.609219512119,
    -4.343470168578E+03));
#554 = DIRECTION('',(0.999999999997,2.244085481013E-06,0.));
#555 = DIRECTION('',(-5.462253383753E-09,2.434066540671E-03,
    -0.999997037656));
#556 = PCURVE('',#220,#557);
#557 = DEFINITIONAL_REPRESENTATION('',(#558),#565);
#558 = B_SPLINE_CURVE_WITH_KNOTS('',5,(#559,#560,#561,#562,#563,#564),
  .UNSPECIFIED.,.F.,.F.,(6,6),(1.898379933278,1.898904115257),
  .PIECEWISE_BEZIER_KNOTS.);
#559 = CARTESIAN_POINT('',(3.469174015993,10.023412762656));
#560 = CARTESIAN_POINT('',(3.469278852389,8.677460810235));
#561 = CARTESIAN_POINT('',(3.469383688785,7.331568796858));
#562 = CARTESIAN_POINT('',(3.46948852518,5.985736753336));
#563 = CARTESIAN_POINT('',(3.469593361576,4.639964710493));
#564 = CARTESIAN_POINT('',(3.469698197972,3.294252699138));
#565 = ( GEOMETRIC_REPRESENTATION_CONTEXT(2) 
PARAMETRIC_REPRESENTATION_CONTEXT() REPRESENTATION_CONTEXT('2D SPACE',''
  ) );
#566 = PCURVE('',#271,#567);
#567 = DEFINITIONAL_REPRESENTATION('',(#568),#572);
#568 = ELLIPSE('',#569,1.355966768764E+04,12.501318244405);
#569 = AXIS2_PLACEMENT_2D('',#570,#571);
#570 = CARTESIAN_POINT('',(-4.321890886964E+03,1.035636024025));
#571 = DIRECTION('',(-0.999997037656,-2.434066540677E-03));
#572 = ( GEOMETRIC_REPRESENTATION_CONTEXT(2) 
PARAMETRIC_REPRESENTATION_CONTEXT() REPRESENTATION_CONTEXT('2D SPACE',''
  ) );
#573 = ORIENTED_EDGE('',*,*,#574,.T.);
#574 = EDGE_CURVE('',#548,#575,#577,.T.);
#575 = VERTEX_POINT('',#576);
#576 = CARTESIAN_POINT('',(4.000000092584,11.801461992773,
    28.422499577402));
#577 = SURFACE_CURVE('',#578,(#583,#593),.PCURVE_S1.);
#578 = ELLIPSE('',#579,1.355966768764E+04,12.501318244405);
#579 = AXIS2_PLACEMENT_3D('',#580,#581,#582);
#580 = CARTESIAN_POINT('',(4.000002768078,10.609219512119,
    -4.343470168578E+03));
#581 = DIRECTION('',(0.999999999997,2.244085481013E-06,0.));
#582 = DIRECTION('',(-5.462253383753E-09,2.434066540671E-03,
    -0.999997037656));
#583 = PCURVE('',#220,#584);
#584 = DEFINITIONAL_REPRESENTATION('',(#585),#592);
#585 = B_SPLINE_CURVE_WITH_KNOTS('',5,(#586,#587,#588,#589,#590,#591),
  .UNSPECIFIED.,.F.,.F.,(6,6),(1.898848083962,1.899122643953),
  .PIECEWISE_BEZIER_KNOTS.);
#586 = CARTESIAN_POINT('',(3.469642166677,4.013494383885));
#587 = CARTESIAN_POINT('',(3.469697078675,3.308613750316));
#588 = CARTESIAN_POINT('',(3.469751990673,2.603749583887));
#589 = CARTESIAN_POINT('',(3.469806902671,1.898901888994));
#590 = CARTESIAN_POINT('',(3.46986181467,1.194070670111));
#591 = CARTESIAN_POINT('',(3.469916726668,0.489255931635));
#592 = ( GEOMETRIC_REPRESENTATION_CONTEXT(2) 
PARAMETRIC_REPRESENTATION_CONTEXT() REPRESENTATION_CONTEXT('2D SPACE',''
  ) );
#593 = PCURVE('',#271,#594);
#594 = DEFINITIONAL_REPRESENTATION('',(#595),#599);
#595 = ELLIPSE('',#596,1.355966768764E+04,12.501318244405);
#596 = AXIS2_PLACEMENT_2D('',#597,#598);
#597 = CARTESIAN_POINT('',(-4.321890886964E+03,1.035636024025));
#598 = DIRECTION('',(-0.999997037656,-2.434066540677E-03));
#599 = ( GEOMETRIC_REPRESENTATION_CONTEXT(2) 
PARAMETRIC_REPRESENTATION_CONTEXT() REPRESENTATION_CONTEXT('2D SPACE',''
  ) );
#600 = ORIENTED_EDGE('',*,*,#601,.T.);
#601 = EDGE_CURVE('',#575,#602,#604,.T.);
#602 = VERTEX_POINT('',#603);
#603 = CARTESIAN_POINT('',(-3.99999995383,11.822144917314,
    28.422549921166));
#604 = SURFACE_CURVE('',#605,(#610,#620),.PCURVE_S1.);
#605 = ELLIPSE('',#606,12.501323557339,12.501318244405);
#606 = AXIS2_PLACEMENT_3D('',#607,#608,#609);
#607 = CARTESIAN_POINT('',(-3.062129059641E-02,-3.22286085326E-02,
    28.393695501729));
#608 = DIRECTION('',(0.,-2.434066540684E-03,0.999997037656));
#609 = DIRECTION('',(0.999999999997,2.244072185014E-06,
    5.462237201449E-09));
#610 = PCURVE('',#220,#611);
#611 = DEFINITIONAL_REPRESENTATION('',(#612),#619);
#612 = B_SPLINE_CURVE_WITH_KNOTS('',5,(#613,#614,#615,#616,#617,#618),
  .UNSPECIFIED.,.F.,.F.,(6,6),(1.174059201163,1.96222412575),
  .PIECEWISE_BEZIER_KNOTS.);
#613 = CARTESIAN_POINT('',(3.538327535142,1.052778914888));
#614 = CARTESIAN_POINT('',(3.380694550225,1.051103231079));
#615 = CARTESIAN_POINT('',(3.223061565307,1.049289221993));
#616 = CARTESIAN_POINT('',(3.06542858039,1.047423595096));
#617 = CARTESIAN_POINT('',(2.907795595472,1.045607636857));
#618 = CARTESIAN_POINT('',(2.750162610555,1.043928249367));
#619 = ( GEOMETRIC_REPRESENTATION_CONTEXT(2) 
PARAMETRIC_REPRESENTATION_CONTEXT() REPRESENTATION_CONTEXT('2D SPACE',''
  ) );
#620 = PCURVE('',#621,#626);
#621 = PLANE('',#622);
#622 = AXIS2_PLACEMENT_3D('',#623,#624,#625);
#623 = CARTESIAN_POINT('',(4.000000444023,11.644855536142,
    28.422118385737));
#624 = DIRECTION('',(0.,-2.434066540684E-03,0.999997037656));
#625 = DIRECTION('',(-1.,0.,0.));
#626 = DEFINITIONAL_REPRESENTATION('',(#627),#631);
#627 = ELLIPSE('',#628,12.501323557339,12.501318244405);
#628 = AXIS2_PLACEMENT_2D('',#629,#630);
#629 = CARTESIAN_POINT('',(4.030621734619,11.677118736321));
#630 = DIRECTION('',(-0.999999999997,-2.244078832748E-06));
#631 = ( GEOMETRIC_REPRESENTATION_CONTEXT(2) 
PARAMETRIC_REPRESENTATION_CONTEXT() REPRESENTATION_CONTEXT('2D SPACE',''
  ) );
#632 = ORIENTED_EDGE('',*,*,#633,.T.);
#633 = EDGE_CURVE('',#602,#634,#636,.T.);
#634 = VERTEX_POINT('',#635);
#635 = CARTESIAN_POINT('',(-3.999999964559,11.82692590264,
    26.172966452838));
#636 = SURFACE_CURVE('',#637,(#642,#652),.PCURVE_S1.);
#637 = ELLIPSE('',#638,1.355966768764E+04,12.501318244405);
#638 = AXIS2_PLACEMENT_3D('',#639,#640,#641);
#639 = CARTESIAN_POINT('',(-3.999949834442,-10.51184743635,
    4.33377265739E+03));
#640 = DIRECTION('',(-0.999999999997,-2.244085481013E-06,0.));
#641 = DIRECTION('',(-5.462253383753E-09,2.434066540671E-03,
    -0.999997037656));
#642 = PCURVE('',#220,#643);
#643 = DEFINITIONAL_REPRESENTATION('',(#644),#651);
#644 = B_SPLINE_CURVE_WITH_KNOTS('',5,(#645,#646,#647,#648,#649,#650),
  .UNSPECIFIED.,.F.,.F.,(6,6),(5.035453030723,5.035727128596),
  .PIECEWISE_BEZIER_KNOTS.);
#645 = CARTESIAN_POINT('',(2.818526359172,0.489255931637));
#646 = CARTESIAN_POINT('',(2.818471539597,1.19413597298));
#647 = CARTESIAN_POINT('',(2.818416720022,1.89899984328));
#648 = CARTESIAN_POINT('',(2.818361900448,2.603847538159));
#649 = CARTESIAN_POINT('',(2.818307080873,3.308679053152));
#650 = CARTESIAN_POINT('',(2.818252261298,4.01349438388));
#651 = ( GEOMETRIC_REPRESENTATION_CONTEXT(2) 
PARAMETRIC_REPRESENTATION_CONTEXT() REPRESENTATION_CONTEXT('2D SPACE',''
  ) );
#652 = PCURVE('',#323,#653);
#653 = DEFINITIONAL_REPRESENTATION('',(#654),#658);
#654 = ELLIPSE('',#655,1.355966768764E+04,12.501318244405);
#655 = AXIS2_PLACEMENT_2D('',#656,#657);
#656 = CARTESIAN_POINT('',(-4.305350539004E+03,22.156702972552));
#657 = DIRECTION('',(0.999997037656,-2.434066540677E-03));
#658 = ( GEOMETRIC_REPRESENTATION_CONTEXT(2) 
PARAMETRIC_REPRESENTATION_CONTEXT() REPRESENTATION_CONTEXT('2D SPACE',''
  ) );
#659 = ORIENTED_EDGE('',*,*,#660,.T.);
#660 = EDGE_CURVE('',#634,#661,#663,.T.);
#661 = VERTEX_POINT('',#662);
#662 = CARTESIAN_POINT('',(-3.999999966714,11.827886242963,
    25.721077338863));
#663 = SURFACE_CURVE('',#664,(#669,#679),.PCURVE_S1.);
#664 = ELLIPSE('',#665,1.355966768764E+04,12.501318244405);
#665 = AXIS2_PLACEMENT_3D('',#666,#667,#668);
#666 = CARTESIAN_POINT('',(-3.999949834442,-10.51184743635,
    4.33377265739E+03));
#667 = DIRECTION('',(-0.999999999997,-2.244085481013E-06,0.));
#668 = DIRECTION('',(-5.462253383753E-09,2.434066540671E-03,
    -0.999997037656));
#669 = PCURVE('',#220,#670);
#670 = DEFINITIONAL_REPRESENTATION('',(#671),#678);
#671 = B_SPLINE_CURVE_WITH_KNOTS('',5,(#672,#673,#674,#675,#676,#677),
  .UNSPECIFIED.,.F.,.F.,(6,6),(5.035671187484,5.03619460848),
  .PIECEWISE_BEZIER_KNOTS.);
#672 = CARTESIAN_POINT('',(2.818308202411,3.29425269914));
#673 = CARTESIAN_POINT('',(2.818203518212,4.640202789498));
#674 = CARTESIAN_POINT('',(2.818098834012,5.986093871737));
#675 = CARTESIAN_POINT('',(2.817994149813,7.331925915202));
#676 = CARTESIAN_POINT('',(2.817889465614,8.677698889058));
#677 = CARTESIAN_POINT('',(2.817784781415,10.023412762652));
#678 = ( GEOMETRIC_REPRESENTATION_CONTEXT(2) 
PARAMETRIC_REPRESENTATION_CONTEXT() REPRESENTATION_CONTEXT('2D SPACE',''
  ) );
#679 = PCURVE('',#323,#680);
#680 = DEFINITIONAL_REPRESENTATION('',(#681),#685);
#681 = ELLIPSE('',#682,1.355966768764E+04,12.501318244405);
#682 = AXIS2_PLACEMENT_2D('',#683,#684);
#683 = CARTESIAN_POINT('',(-4.305350539004E+03,22.156702972552));
#684 = DIRECTION('',(0.999997037656,-2.434066540677E-03));
#685 = ( GEOMETRIC_REPRESENTATION_CONTEXT(2) 
PARAMETRIC_REPRESENTATION_CONTEXT() REPRESENTATION_CONTEXT('2D SPACE',''
  ) );
#686 = ORIENTED_EDGE('',*,*,#687,.T.);
#687 = EDGE_CURVE('',#661,#688,#690,.T.);
#688 = VERTEX_POINT('',#689);
#689 = CARTESIAN_POINT('',(-3.999999996118,11.840989285428,
    19.554661453954));
#690 = SURFACE_CURVE('',#691,(#696,#706),.PCURVE_S1.);
#691 = ELLIPSE('',#692,1.355966768764E+04,12.501318244405);
#692 = AXIS2_PLACEMENT_3D('',#693,#694,#695);
#693 = CARTESIAN_POINT('',(-3.999949834442,-10.51184743635,
    4.33377265739E+03));
#694 = DIRECTION('',(-0.999999999997,-2.244085481013E-06,0.));
#695 = DIRECTION('',(-5.462253383753E-09,2.434066540671E-03,
    -0.999997037656));
#696 = PCURVE('',#220,#697);
#697 = DEFINITIONAL_REPRESENTATION('',(#698),#705);
#698 = B_SPLINE_CURVE_WITH_KNOTS('',5,(#699,#700,#701,#702,#703,#704),
  .UNSPECIFIED.,.F.,.F.,(6,6),(5.035671187484,5.03619460848),
  .PIECEWISE_BEZIER_KNOTS.);
#699 = CARTESIAN_POINT('',(2.818308202411,3.29425269914));
#700 = CARTESIAN_POINT('',(2.818203518212,4.640202789498));
#701 = CARTESIAN_POINT('',(2.818098834012,5.986093871737));
#702 = CARTESIAN_POINT('',(2.817994149813,7.331925915202));
#703 = CARTESIAN_POINT('',(2.817889465614,8.677698889058));
#704 = CARTESIAN_POINT('',(2.817784781415,10.023412762652));
#705 = ( GEOMETRIC_REPRESENTATION_CONTEXT(2) 
PARAMETRIC_REPRESENTATION_CONTEXT() REPRESENTATION_CONTEXT('2D SPACE',''
  ) );
#706 = PCURVE('',#323,#707);
#707 = DEFINITIONAL_REPRESENTATION('',(#708),#712);
#708 = ELLIPSE('',#709,1.355966768764E+04,12.501318244405);
#709 = AXIS2_PLACEMENT_2D('',#710,#711);
#710 = CARTESIAN_POINT('',(-4.305350539004E+03,22.156702972552));
#711 = DIRECTION('',(0.999997037656,-2.434066540677E-03));
#712 = ( GEOMETRIC_REPRESENTATION_CONTEXT(2) 
PARAMETRIC_REPRESENTATION_CONTEXT() REPRESENTATION_CONTEXT('2D SPACE',''
  ) );
#713 = ORIENTED_EDGE('',*,*,#714,.T.);
#714 = EDGE_CURVE('',#688,#715,#717,.T.);
#715 = VERTEX_POINT('',#716);
#716 = CARTESIAN_POINT('',(-3.999999996647,11.841224785983,
    19.443819599846));
#717 = SURFACE_CURVE('',#718,(#723,#733),.PCURVE_S1.);
#718 = ELLIPSE('',#719,1.355966768764E+04,12.501318244405);
#719 = AXIS2_PLACEMENT_3D('',#720,#721,#722);
#720 = CARTESIAN_POINT('',(-3.999949834442,-10.51184743635,
    4.33377265739E+03));
#721 = DIRECTION('',(-0.999999999997,-2.244085481013E-06,0.));
#722 = DIRECTION('',(-5.462253383753E-09,2.434066540671E-03,
    -0.999997037656));
#723 = PCURVE('',#220,#724);
#724 = DEFINITIONAL_REPRESENTATION('',(#725),#732);
#725 = B_SPLINE_CURVE_WITH_KNOTS('',5,(#726,#727,#728,#729,#730,#731),
  .UNSPECIFIED.,.F.,.F.,(6,6),(5.035671187484,5.03619460848),
  .PIECEWISE_BEZIER_KNOTS.);
#726 = CARTESIAN_POINT('',(2.818308202411,3.29425269914));
#727 = CARTESIAN_POINT('',(2.818203518212,4.640202789498));
#728 = CARTESIAN_POINT('',(2.818098834012,5.986093871737));
#729 = CARTESIAN_POINT('',(2.817994149813,7.331925915202));
#730 = CARTESIAN_POINT('',(2.817889465614,8.677698889058));
#731 = CARTESIAN_POINT('',(2.817784781415,10.023412762652));
#732 = ( GEOMETRIC_REPRESENTATION_CONTEXT(2) 
PARAMETRIC_REPRESENTATION_CONTEXT() REPRESENTATION_CONTEXT('2D SPACE',''
  ) );
#733 = PCURVE('',#323,#734);
#734 = DEFINITIONAL_REPRESENTATION('',(#735),#739);
#735 = ELLIPSE('',#736,1.355966768764E+04,12.501318244405);
#736 = AXIS2_PLACEMENT_2D('',#737,#738);
#737 = CARTESIAN_POINT('',(-4.305350539004E+03,22.156702972552));
#738 = DIRECTION('',(0.999997037656,-2.434066540677E-03));
#739 = ( GEOMETRIC_REPRESENTATION_CONTEXT(2) 
PARAMETRIC_REPRESENTATION_CONTEXT() REPRESENTATION_CONTEXT('2D SPACE',''
  ) );
#740 = ORIENTED_EDGE('',*,*,#741,.T.);
#741 = EDGE_CURVE('',#715,#204,#742,.T.);
#742 = SURFACE_CURVE('',#743,(#748,#758),.PCURVE_S1.);
#743 = ELLIPSE('',#744,1.355966768764E+04,12.501318244405);
#744 = AXIS2_PLACEMENT_3D('',#745,#746,#747);
#745 = CARTESIAN_POINT('',(-3.999949834442,-10.51184743635,
    4.33377265739E+03));
#746 = DIRECTION('',(-0.999999999997,-2.244085481013E-06,0.));
#747 = DIRECTION('',(-5.462253383753E-09,2.434066540671E-03,
    -0.999997037656));
#748 = PCURVE('',#220,#749);
#749 = DEFINITIONAL_REPRESENTATION('',(#750),#757);
#750 = B_SPLINE_CURVE_WITH_KNOTS('',5,(#751,#752,#753,#754,#755,#756),
  .UNSPECIFIED.,.F.,.F.,(6,6),(5.036185985904,5.036371501962),
  .PIECEWISE_BEZIER_KNOTS.);
#751 = CARTESIAN_POINT('',(2.817793403991,9.91256951079));
#752 = CARTESIAN_POINT('',(2.817756300779,10.389532143372));
#753 = CARTESIAN_POINT('',(2.817719197567,10.866487351937));
#754 = CARTESIAN_POINT('',(2.817682094356,11.343435135106));
#755 = CARTESIAN_POINT('',(2.817644991144,11.820375491527));
#756 = CARTESIAN_POINT('',(2.817607887932,12.297308419823));
#757 = ( GEOMETRIC_REPRESENTATION_CONTEXT(2) 
PARAMETRIC_REPRESENTATION_CONTEXT() REPRESENTATION_CONTEXT('2D SPACE',''
  ) );
#758 = PCURVE('',#323,#759);
#759 = DEFINITIONAL_REPRESENTATION('',(#760),#764);
#760 = ELLIPSE('',#761,1.355966768764E+04,12.501318244405);
#761 = AXIS2_PLACEMENT_2D('',#762,#763);
#762 = CARTESIAN_POINT('',(-4.305350539004E+03,22.156702972552));
#763 = DIRECTION('',(0.999997037656,-2.434066540677E-03));
#764 = ( GEOMETRIC_REPRESENTATION_CONTEXT(2) 
PARAMETRIC_REPRESENTATION_CONTEXT() REPRESENTATION_CONTEXT('2D SPACE',''
  ) );
#765 = ADVANCED_FACE('',(#766),#323,.F.);
#766 = FACE_BOUND('',#767,.F.);
#767 = EDGE_LOOP('',(#768,#769,#770,#771,#772,#773,#796,#817));
#768 = ORIENTED_EDGE('',*,*,#741,.F.);
#769 = ORIENTED_EDGE('',*,*,#714,.F.);
#770 = ORIENTED_EDGE('',*,*,#687,.F.);
#771 = ORIENTED_EDGE('',*,*,#660,.F.);
#772 = ORIENTED_EDGE('',*,*,#633,.F.);
#773 = ORIENTED_EDGE('',*,*,#774,.T.);
#774 = EDGE_CURVE('',#602,#775,#777,.T.);
#775 = VERTEX_POINT('',#776);
#776 = CARTESIAN_POINT('',(-4.000008880451,15.799988277161,
    28.432232285275));
#777 = SURFACE_CURVE('',#778,(#782,#789),.PCURVE_S1.);
#778 = LINE('',#779,#780);
#779 = CARTESIAN_POINT('',(-3.999999555977,11.644855536142,
    28.422118385737));
#780 = VECTOR('',#781,1.);
#781 = DIRECTION('',(-2.244078833259E-06,0.999997037653,
    2.434066540677E-03));
#782 = PCURVE('',#323,#783);
#783 = DEFINITIONAL_REPRESENTATION('',(#784),#788);
#784 = LINE('',#785,#786);
#785 = CARTESIAN_POINT('',(0.,0.));
#786 = VECTOR('',#787,1.);
#787 = DIRECTION('',(-2.434066540677E-03,-0.999997037656));
#788 = ( GEOMETRIC_REPRESENTATION_CONTEXT(2) 
PARAMETRIC_REPRESENTATION_CONTEXT() REPRESENTATION_CONTEXT('2D SPACE',''
  ) );
#789 = PCURVE('',#621,#790);
#790 = DEFINITIONAL_REPRESENTATION('',(#791),#795);
#791 = LINE('',#792,#793);
#792 = CARTESIAN_POINT('',(8.,0.));
#793 = VECTOR('',#794,1.);
#794 = DIRECTION('',(2.244078833259E-06,-0.999999999997));
#795 = ( GEOMETRIC_REPRESENTATION_CONTEXT(2) 
PARAMETRIC_REPRESENTATION_CONTEXT() REPRESENTATION_CONTEXT('2D SPACE',''
  ) );
#796 = ORIENTED_EDGE('',*,*,#797,.F.);
#797 = EDGE_CURVE('',#284,#775,#798,.T.);
#798 = SURFACE_CURVE('',#799,(#803,#810),.PCURVE_S1.);
#799 = LINE('',#800,#801);
#800 = CARTESIAN_POINT('',(-4.000008880451,15.799988277161,17.1795521625
    ));
#801 = VECTOR('',#802,1.);
#802 = DIRECTION('',(0.,0.,1.));
#803 = PCURVE('',#323,#804);
#804 = DEFINITIONAL_REPRESENTATION('',(#805),#809);
#805 = LINE('',#806,#807);
#806 = CARTESIAN_POINT('',(11.242566223236,-4.15513274103));
#807 = VECTOR('',#808,1.);
#808 = DIRECTION('',(-1.,0.));
#809 = ( GEOMETRIC_REPRESENTATION_CONTEXT(2) 
PARAMETRIC_REPRESENTATION_CONTEXT() REPRESENTATION_CONTEXT('2D SPACE',''
  ) );
#810 = PCURVE('',#298,#811);
#811 = DEFINITIONAL_REPRESENTATION('',(#812),#816);
#812 = LINE('',#813,#814);
#813 = CARTESIAN_POINT('',(-13.74801987722,-4.));
#814 = VECTOR('',#815,1.);
#815 = DIRECTION('',(-1.,0.));
#816 = ( GEOMETRIC_REPRESENTATION_CONTEXT(2) 
PARAMETRIC_REPRESENTATION_CONTEXT() REPRESENTATION_CONTEXT('2D SPACE',''
  ) );
#817 = ORIENTED_EDGE('',*,*,#310,.F.);
#818 = ADVANCED_FACE('',(#819),#298,.T.);
#819 = FACE_BOUND('',#820,.T.);
#820 = EDGE_LOOP('',(#821,#844,#865,#866));
#821 = ORIENTED_EDGE('',*,*,#822,.T.);
#822 = EDGE_CURVE('',#257,#823,#825,.T.);
#823 = VERTEX_POINT('',#824);
#824 = CARTESIAN_POINT('',(3.999991119549,15.799988277161,
    28.432232285275));
#825 = SURFACE_CURVE('',#826,(#830,#837),.PCURVE_S1.);
#826 = LINE('',#827,#828);
#827 = CARTESIAN_POINT('',(3.999991119549,15.799988277161,
    17.186927733532));
#828 = VECTOR('',#829,1.);
#829 = DIRECTION('',(0.,0.,1.));
#830 = PCURVE('',#298,#831);
#831 = DEFINITIONAL_REPRESENTATION('',(#832),#836);
#832 = LINE('',#833,#834);
#833 = CARTESIAN_POINT('',(-13.75539544825,4.));
#834 = VECTOR('',#835,1.);
#835 = DIRECTION('',(-1.,0.));
#836 = ( GEOMETRIC_REPRESENTATION_CONTEXT(2) 
PARAMETRIC_REPRESENTATION_CONTEXT() REPRESENTATION_CONTEXT('2D SPACE',''
  ) );
#837 = PCURVE('',#271,#838);
#838 = DEFINITIONAL_REPRESENTATION('',(#839),#843);
#839 = LINE('',#840,#841);
#840 = CARTESIAN_POINT('',(38.766209347795,-4.15513274103));
#841 = VECTOR('',#842,1.);
#842 = DIRECTION('',(1.,0.));
#843 = ( GEOMETRIC_REPRESENTATION_CONTEXT(2) 
PARAMETRIC_REPRESENTATION_CONTEXT() REPRESENTATION_CONTEXT('2D SPACE',''
  ) );
#844 = ORIENTED_EDGE('',*,*,#845,.T.);
#845 = EDGE_CURVE('',#823,#775,#846,.T.);
#846 = SURFACE_CURVE('',#847,(#851,#858),.PCURVE_S1.);
#847 = LINE('',#848,#849);
#848 = CARTESIAN_POINT('',(3.999991119549,15.799988277161,
    28.432232285275));
#849 = VECTOR('',#850,1.);
#850 = DIRECTION('',(-1.,0.,0.));
#851 = PCURVE('',#298,#852);
#852 = DEFINITIONAL_REPRESENTATION('',(#853),#857);
#853 = LINE('',#854,#855);
#854 = CARTESIAN_POINT('',(-25.0007,4.));
#855 = VECTOR('',#856,1.);
#856 = DIRECTION('',(0.,-1.));
#857 = ( GEOMETRIC_REPRESENTATION_CONTEXT(2) 
PARAMETRIC_REPRESENTATION_CONTEXT() REPRESENTATION_CONTEXT('2D SPACE',''
  ) );
#858 = PCURVE('',#621,#859);
#859 = DEFINITIONAL_REPRESENTATION('',(#860),#864);
#860 = LINE('',#861,#862);
#861 = CARTESIAN_POINT('',(9.324473055905E-06,-4.15514504999));
#862 = VECTOR('',#863,1.);
#863 = DIRECTION('',(1.,0.));
#864 = ( GEOMETRIC_REPRESENTATION_CONTEXT(2) 
PARAMETRIC_REPRESENTATION_CONTEXT() REPRESENTATION_CONTEXT('2D SPACE',''
  ) );
#865 = ORIENTED_EDGE('',*,*,#797,.F.);
#866 = ORIENTED_EDGE('',*,*,#283,.F.);
#867 = ADVANCED_FACE('',(#868),#271,.F.);
#868 = FACE_BOUND('',#869,.F.);
#869 = EDGE_LOOP('',(#870,#871,#872,#893,#894,#895,#896,#897));
#870 = ORIENTED_EDGE('',*,*,#256,.F.);
#871 = ORIENTED_EDGE('',*,*,#822,.T.);
#872 = ORIENTED_EDGE('',*,*,#873,.F.);
#873 = EDGE_CURVE('',#575,#823,#874,.T.);
#874 = SURFACE_CURVE('',#875,(#879,#886),.PCURVE_S1.);
#875 = LINE('',#876,#877);
#876 = CARTESIAN_POINT('',(4.000000444023,11.644855536142,
    28.422118385737));
#877 = VECTOR('',#878,1.);
#878 = DIRECTION('',(-2.244078833259E-06,0.999997037653,
    2.434066540677E-03));
#879 = PCURVE('',#271,#880);
#880 = DEFINITIONAL_REPRESENTATION('',(#881),#885);
#881 = LINE('',#882,#883);
#882 = CARTESIAN_POINT('',(50.0014,0.));
#883 = VECTOR('',#884,1.);
#884 = DIRECTION('',(2.434066540677E-03,-0.999997037656));
#885 = ( GEOMETRIC_REPRESENTATION_CONTEXT(2) 
PARAMETRIC_REPRESENTATION_CONTEXT() REPRESENTATION_CONTEXT('2D SPACE',''
  ) );
#886 = PCURVE('',#621,#887);
#887 = DEFINITIONAL_REPRESENTATION('',(#888),#892);
#888 = LINE('',#889,#890);
#889 = CARTESIAN_POINT('',(0.,-0.));
#890 = VECTOR('',#891,1.);
#891 = DIRECTION('',(2.244078833259E-06,-0.999999999997));
#892 = ( GEOMETRIC_REPRESENTATION_CONTEXT(2) 
PARAMETRIC_REPRESENTATION_CONTEXT() REPRESENTATION_CONTEXT('2D SPACE',''
  ) );
#893 = ORIENTED_EDGE('',*,*,#574,.F.);
#894 = ORIENTED_EDGE('',*,*,#547,.F.);
#895 = ORIENTED_EDGE('',*,*,#520,.F.);
#896 = ORIENTED_EDGE('',*,*,#493,.F.);
#897 = ORIENTED_EDGE('',*,*,#466,.F.);
#898 = ADVANCED_FACE('',(#899),#355,.T.);
#899 = FACE_BOUND('',#900,.T.);
#900 = EDGE_LOOP('',(#901,#902,#925,#952));
#901 = ORIENTED_EDGE('',*,*,#338,.F.);
#902 = ORIENTED_EDGE('',*,*,#903,.F.);
#903 = EDGE_CURVE('',#904,#339,#906,.T.);
#904 = VERTEX_POINT('',#905);
#905 = CARTESIAN_POINT('',(-2.244895990229E-02,-41.37349658265,
    19.428800449394));
#906 = SEAM_CURVE('',#907,(#911,#918),.PCURVE_S1.);
#907 = LINE('',#908,#909);
#908 = CARTESIAN_POINT('',(-2.244895990229E-02,-41.37349658265,
    19.428800449394));
#909 = VECTOR('',#910,1.);
#910 = DIRECTION('',(2.182243570483E-04,0.972155950003,-0.234334720541)
  );
#911 = PCURVE('',#355,#912);
#912 = DEFINITIONAL_REPRESENTATION('',(#913),#917);
#913 = LINE('',#914,#915);
#914 = CARTESIAN_POINT('',(-6.28318530718,0.));
#915 = VECTOR('',#916,1.);
#916 = DIRECTION('',(-0.,-1.));
#917 = ( GEOMETRIC_REPRESENTATION_CONTEXT(2) 
PARAMETRIC_REPRESENTATION_CONTEXT() REPRESENTATION_CONTEXT('2D SPACE',''
  ) );
#918 = PCURVE('',#355,#919);
#919 = DEFINITIONAL_REPRESENTATION('',(#920),#924);
#920 = LINE('',#921,#922);
#921 = CARTESIAN_POINT('',(0.,-0.));
#922 = VECTOR('',#923,1.);
#923 = DIRECTION('',(-0.,-1.));
#924 = ( GEOMETRIC_REPRESENTATION_CONTEXT(2) 
PARAMETRIC_REPRESENTATION_CONTEXT() REPRESENTATION_CONTEXT('2D SPACE',''
  ) );
#925 = ORIENTED_EDGE('',*,*,#926,.T.);
#926 = EDGE_CURVE('',#904,#904,#927,.T.);
#927 = SURFACE_CURVE('',#928,(#933,#940),.PCURVE_S1.);
#928 = CIRCLE('',#929,41.362966676481);
#929 = AXIS2_PLACEMENT_3D('',#930,#931,#932);
#930 = CARTESIAN_POINT('',(-2.24489599023E-02,-1.065243773616E-02,
    19.529480748181));
#931 = DIRECTION('',(9.219432559887E-04,2.434067575137E-03,
    -0.999996612662));
#932 = DIRECTION('',(-4.235164736271E-22,-0.999997037651,
    -2.434068609592E-03));
#933 = PCURVE('',#355,#934);
#934 = DEFINITIONAL_REPRESENTATION('',(#935),#939);
#935 = LINE('',#936,#937);
#936 = CARTESIAN_POINT('',(-0.,-0.));
#937 = VECTOR('',#938,1.);
#938 = DIRECTION('',(-1.,-0.));
#939 = ( GEOMETRIC_REPRESENTATION_CONTEXT(2) 
PARAMETRIC_REPRESENTATION_CONTEXT() REPRESENTATION_CONTEXT('2D SPACE',''
  ) );
#940 = PCURVE('',#941,#946);
#941 = PLANE('',#942);
#942 = AXIS2_PLACEMENT_3D('',#943,#944,#945);
#943 = CARTESIAN_POINT('',(-2.24489599023E-02,-1.065243773616E-02,
    19.529480748181));
#944 = DIRECTION('',(9.219432559887E-04,2.434067575137E-03,
    -0.999996612662));
#945 = DIRECTION('',(-4.235164736272E-22,-0.999997037651,
    -2.434068609592E-03));
#946 = DEFINITIONAL_REPRESENTATION('',(#947),#951);
#947 = CIRCLE('',#948,41.362966676481);
#948 = AXIS2_PLACEMENT_2D('',#949,#950);
#949 = CARTESIAN_POINT('',(0.,0.));
#950 = DIRECTION('',(1.,0.));
#951 = ( GEOMETRIC_REPRESENTATION_CONTEXT(2) 
PARAMETRIC_REPRESENTATION_CONTEXT() REPRESENTATION_CONTEXT('2D SPACE',''
  ) );
#952 = ORIENTED_EDGE('',*,*,#903,.T.);
#953 = ADVANCED_FACE('',(#954,#957),#941,.F.);
#954 = FACE_BOUND('',#955,.F.);
#955 = EDGE_LOOP('',(#956));
#956 = ORIENTED_EDGE('',*,*,#926,.T.);
#957 = FACE_BOUND('',#958,.F.);
#958 = EDGE_LOOP('',(#959));
#959 = ORIENTED_EDGE('',*,*,#960,.F.);
#960 = EDGE_CURVE('',#961,#961,#963,.T.);
#961 = VERTEX_POINT('',#962);
#962 = CARTESIAN_POINT('',(-2.244895990229E-02,-41.07175497934,
    19.429534911335));
#963 = SURFACE_CURVE('',#964,(#969,#976),.PCURVE_S1.);
#964 = CIRCLE('',#965,41.0612241793);
#965 = AXIS2_PLACEMENT_3D('',#966,#967,#968);
#966 = CARTESIAN_POINT('',(-2.24489599023E-02,-1.065243773616E-02,
    19.529480748181));
#967 = DIRECTION('',(9.219432559887E-04,2.434067575137E-03,
    -0.999996612662));
#968 = DIRECTION('',(-4.235164736271E-22,-0.999997037651,
    -2.434068609592E-03));
#969 = PCURVE('',#941,#970);
#970 = DEFINITIONAL_REPRESENTATION('',(#971),#975);
#971 = CIRCLE('',#972,41.0612241793);
#972 = AXIS2_PLACEMENT_2D('',#973,#974);
#973 = CARTESIAN_POINT('',(-3.443393833076E-18,1.940430851865E-19));
#974 = DIRECTION('',(1.,0.));
#975 = ( GEOMETRIC_REPRESENTATION_CONTEXT(2) 
PARAMETRIC_REPRESENTATION_CONTEXT() REPRESENTATION_CONTEXT('2D SPACE',''
  ) );
#976 = PCURVE('',#977,#982);
#977 = CYLINDRICAL_SURFACE('',#978,41.0612241793);
#978 = AXIS2_PLACEMENT_3D('',#979,#980,#981);
#979 = CARTESIAN_POINT('',(-2.855067245279E-02,-2.676186808936E-02,
    26.147775141349));
#980 = DIRECTION('',(9.219432559887E-04,2.434067575137E-03,
    -0.999996612662));
#981 = DIRECTION('',(-4.235164736272E-22,-0.999997037651,
    -2.434068609592E-03));
#982 = DEFINITIONAL_REPRESENTATION('',(#983),#987);
#983 = LINE('',#984,#985);
#984 = CARTESIAN_POINT('',(0.,6.618316811644));
#985 = VECTOR('',#986,1.);
#986 = DIRECTION('',(1.,0.));
#987 = ( GEOMETRIC_REPRESENTATION_CONTEXT(2) 
PARAMETRIC_REPRESENTATION_CONTEXT() REPRESENTATION_CONTEXT('2D SPACE',''
  ) );
#988 = ADVANCED_FACE('',(#989),#977,.T.);
#989 = FACE_BOUND('',#990,.T.);
#990 = EDGE_LOOP('',(#991,#992,#1015,#1062));
#991 = ORIENTED_EDGE('',*,*,#960,.F.);
#992 = ORIENTED_EDGE('',*,*,#993,.F.);
#993 = EDGE_CURVE('',#994,#961,#996,.T.);
#994 = VERTEX_POINT('',#995);
#995 = CARTESIAN_POINT('',(-2.769407466308E-02,-41.08560286389,
    25.118710421592));
#996 = SEAM_CURVE('',#997,(#1001,#1008),.PCURVE_S1.);
#997 = LINE('',#998,#999);
#998 = CARTESIAN_POINT('',(-2.855067245278E-02,-41.08786440969,
    26.047829304503));
#999 = VECTOR('',#1000,1.);
#1000 = DIRECTION('',(9.219432559887E-04,2.434067575137E-03,
    -0.999996612662));
#1001 = PCURVE('',#977,#1002);
#1002 = DEFINITIONAL_REPRESENTATION('',(#1003),#1007);
#1003 = LINE('',#1004,#1005);
#1004 = CARTESIAN_POINT('',(6.28318530718,-0.));
#1005 = VECTOR('',#1006,1.);
#1006 = DIRECTION('',(0.,1.));
#1007 = ( GEOMETRIC_REPRESENTATION_CONTEXT(2) 
PARAMETRIC_REPRESENTATION_CONTEXT() REPRESENTATION_CONTEXT('2D SPACE',''
  ) );
#1008 = PCURVE('',#977,#1009);
#1009 = DEFINITIONAL_REPRESENTATION('',(#1010),#1014);
#1010 = LINE('',#1011,#1012);
#1011 = CARTESIAN_POINT('',(0.,-0.));
#1012 = VECTOR('',#1013,1.);
#1013 = DIRECTION('',(0.,1.));
#1014 = ( GEOMETRIC_REPRESENTATION_CONTEXT(2) 
PARAMETRIC_REPRESENTATION_CONTEXT() REPRESENTATION_CONTEXT('2D SPACE',''
  ) );
#1015 = ORIENTED_EDGE('',*,*,#1016,.F.);
#1016 = EDGE_CURVE('',#994,#994,#1017,.T.);
#1017 = SURFACE_CURVE('',#1018,(#1023,#1050),.PCURVE_S1.);
#1018 = ELLIPSE('',#1019,41.063609516438,41.0612241793);
#1019 = AXIS2_PLACEMENT_3D('',#1020,#1021,#1022);
#1020 = CARTESIAN_POINT('',(-2.801674540865E-02,-2.535222113203E-02,
    25.568644883511));
#1021 = DIRECTION('',(5.675896866463E-03,-1.095702938605E-02,
    0.999923860952));
#1022 = DIRECTION('',(0.612103791423,-0.790684260736,-1.21387129017E-02)
  );
#1023 = PCURVE('',#977,#1024);
#1024 = DEFINITIONAL_REPRESENTATION('',(#1025),#1049);
#1025 = B_SPLINE_CURVE_WITH_KNOTS('',8,(#1026,#1027,#1028,#1029,#1030,
    #1031,#1032,#1033,#1034,#1035,#1036,#1037,#1038,#1039,#1040,#1041,
    #1042,#1043,#1044,#1045,#1046,#1047,#1048),.UNSPECIFIED.,.F.,.F.,(9,
    7,7,9),(5.62443430887,7.195230635665,9.551425125857,11.907619616049)
  ,.UNSPECIFIED.);
#1026 = CARTESIAN_POINT('',(6.28318530718,0.929122030161));
#1027 = CARTESIAN_POINT('',(6.08683576633,0.982318824032));
#1028 = CARTESIAN_POINT('',(5.890486225481,1.02009435515));
#1029 = CARTESIAN_POINT('',(5.694136684632,1.039326529135));
#1030 = CARTESIAN_POINT('',(5.497787143782,1.038149381334));
#1031 = CARTESIAN_POINT('',(5.301437602932,1.016374811203));
#1032 = CARTESIAN_POINT('',(5.105088062084,0.975564162652));
#1033 = CARTESIAN_POINT('',(4.908738521234,0.918781604606));
#1034 = CARTESIAN_POINT('',(4.417864669111,0.74698075807));
#1035 = CARTESIAN_POINT('',(4.123340357841,0.617040308984));
#1036 = CARTESIAN_POINT('',(3.828816046556,0.473873950088));
#1037 = CARTESIAN_POINT('',(3.534291735309,0.336039781324));
#1038 = CARTESIAN_POINT('',(3.239767424012,0.22343158583));
#1039 = CARTESIAN_POINT('',(2.945243112743,0.15067327177));
#1040 = CARTESIAN_POINT('',(2.650718801466,0.123611079538));
#1041 = CARTESIAN_POINT('',(2.061670178918,0.156541490808));
#1042 = CARTESIAN_POINT('',(1.767145867642,0.216534213639));
#1043 = CARTESIAN_POINT('',(1.472621556405,0.317869234538));
#1044 = CARTESIAN_POINT('',(1.178097245079,0.450352692038));
#1045 = CARTESIAN_POINT('',(0.883572933853,0.596199744649));
#1046 = CARTESIAN_POINT('',(0.589048622543,0.734833806247));
#1047 = CARTESIAN_POINT('',(0.294524311274,0.849326839355));
#1048 = CARTESIAN_POINT('',(8.881784197001E-16,0.929122030161));
#1049 = ( GEOMETRIC_REPRESENTATION_CONTEXT(2) 
PARAMETRIC_REPRESENTATION_CONTEXT() REPRESENTATION_CONTEXT('2D SPACE',''
  ) );
#1050 = PCURVE('',#1051,#1056);
#1051 = PLANE('',#1052);
#1052 = AXIS2_PLACEMENT_3D('',#1053,#1054,#1055);
#1053 = CARTESIAN_POINT('',(0.904014565544,-1.745839330024,
    25.544501503849));
#1054 = DIRECTION('',(5.675896866463E-03,-1.095702938605E-02,
    0.999923860952));
#1055 = DIRECTION('',(0.,0.999939968018,1.095720588508E-02));
#1056 = DEFINITIONAL_REPRESENTATION('',(#1057),#1061);
#1057 = ELLIPSE('',#1058,41.063609516438,41.0612241793);
#1058 = AXIS2_PLACEMENT_2D('',#1059,#1060);
#1059 = CARTESIAN_POINT('',(1.720648368622,0.932046324385));
#1060 = DIRECTION('',(-0.790769800768,-0.612113651369));
#1061 = ( GEOMETRIC_REPRESENTATION_CONTEXT(2) 
PARAMETRIC_REPRESENTATION_CONTEXT() REPRESENTATION_CONTEXT('2D SPACE',''
  ) );
#1062 = ORIENTED_EDGE('',*,*,#993,.T.);
#1063 = ADVANCED_FACE('',(#1064,#1095),#1051,.F.);
#1064 = FACE_BOUND('',#1065,.F.);
#1065 = EDGE_LOOP('',(#1066));
#1066 = ORIENTED_EDGE('',*,*,#1067,.T.);
#1067 = EDGE_CURVE('',#1068,#1068,#1070,.T.);
#1068 = VERTEX_POINT('',#1069);
#1069 = CARTESIAN_POINT('',(0.904014565544,41.876059823497,
    26.02250432943));
#1070 = SURFACE_CURVE('',#1071,(#1076,#1083),.PCURVE_S1.);
#1071 = CIRCLE('',#1072,43.624518019815);
#1072 = AXIS2_PLACEMENT_3D('',#1073,#1074,#1075);
#1073 = CARTESIAN_POINT('',(0.904014565544,-1.745839330024,
    25.544501503849));
#1074 = DIRECTION('',(5.675896866463E-03,-1.095702938605E-02,
    0.999923860952));
#1075 = DIRECTION('',(0.,0.999939968018,1.095720588508E-02));
#1076 = PCURVE('',#1051,#1077);
#1077 = DEFINITIONAL_REPRESENTATION('',(#1078),#1082);
#1078 = CIRCLE('',#1079,43.624518019815);
#1079 = AXIS2_PLACEMENT_2D('',#1080,#1081);
#1080 = CARTESIAN_POINT('',(0.,0.));
#1081 = DIRECTION('',(1.,0.));
#1082 = ( GEOMETRIC_REPRESENTATION_CONTEXT(2) 
PARAMETRIC_REPRESENTATION_CONTEXT() REPRESENTATION_CONTEXT('2D SPACE',''
  ) );
#1083 = PCURVE('',#1084,#1089);
#1084 = CONICAL_SURFACE('',#1085,43.624518019815,1.343324718673);
#1085 = AXIS2_PLACEMENT_3D('',#1086,#1087,#1088);
#1086 = CARTESIAN_POINT('',(0.904014565544,-1.745839330024,
    25.544501503849));
#1087 = DIRECTION('',(-5.675896866463E-03,1.095702938605E-02,
    -0.999923860952));
#1088 = DIRECTION('',(0.,0.999939968018,1.095720588508E-02));
#1089 = DEFINITIONAL_REPRESENTATION('',(#1090),#1094);
#1090 = LINE('',#1091,#1092);
#1091 = CARTESIAN_POINT('',(-0.,-0.));
#1092 = VECTOR('',#1093,1.);
#1093 = DIRECTION('',(-1.,-0.));
#1094 = ( GEOMETRIC_REPRESENTATION_CONTEXT(2) 
PARAMETRIC_REPRESENTATION_CONTEXT() REPRESENTATION_CONTEXT('2D SPACE',''
  ) );
#1095 = FACE_BOUND('',#1096,.F.);
#1096 = EDGE_LOOP('',(#1097));
#1097 = ORIENTED_EDGE('',*,*,#1016,.F.);
#1098 = ADVANCED_FACE('',(#1099),#1084,.T.);
#1099 = FACE_BOUND('',#1100,.T.);
#1100 = EDGE_LOOP('',(#1101,#1126,#1148,#1149,#1205,#1251,#1272,#1273,
    #1274,#1402));
#1101 = ORIENTED_EDGE('',*,*,#1102,.T.);
#1102 = EDGE_CURVE('',#1103,#1105,#1107,.T.);
#1103 = VERTEX_POINT('',#1104);
#1104 = CARTESIAN_POINT('',(0.905358956348,40.850276687119,
    26.248133967097));
#1105 = VERTEX_POINT('',#1106);
#1106 = CARTESIAN_POINT('',(0.922434295486,27.8216284028,29.113894854987
    ));
#1107 = SEAM_CURVE('',#1108,(#1112,#1119),.PCURVE_S1.);
#1108 = LINE('',#1109,#1110);
#1109 = CARTESIAN_POINT('',(0.904014565544,41.876059823497,
    26.02250432943));
#1110 = VECTOR('',#1111,1.);
#1111 = DIRECTION('',(1.27999980947E-03,-0.976652187503,0.214822871793)
  );
#1112 = PCURVE('',#1084,#1113);
#1113 = DEFINITIONAL_REPRESENTATION('',(#1114),#1118);
#1114 = LINE('',#1115,#1116);
#1115 = CARTESIAN_POINT('',(-6.28318530718,0.));
#1116 = VECTOR('',#1117,1.);
#1117 = DIRECTION('',(-0.,-1.));
#1118 = ( GEOMETRIC_REPRESENTATION_CONTEXT(2) 
PARAMETRIC_REPRESENTATION_CONTEXT() REPRESENTATION_CONTEXT('2D SPACE',''
  ) );
#1119 = PCURVE('',#1084,#1120);
#1120 = DEFINITIONAL_REPRESENTATION('',(#1121),#1125);
#1121 = LINE('',#1122,#1123);
#1122 = CARTESIAN_POINT('',(0.,-0.));
#1123 = VECTOR('',#1124,1.);
#1124 = DIRECTION('',(-0.,-1.));
#1125 = ( GEOMETRIC_REPRESENTATION_CONTEXT(2) 
PARAMETRIC_REPRESENTATION_CONTEXT() REPRESENTATION_CONTEXT('2D SPACE',''
  ) );
#1126 = ORIENTED_EDGE('',*,*,#1127,.F.);
#1127 = EDGE_CURVE('',#1105,#1105,#1128,.T.);
#1128 = SURFACE_CURVE('',#1129,(#1134,#1141),.PCURVE_S1.);
#1129 = CIRCLE('',#1130,29.604803316957);
#1130 = AXIS2_PLACEMENT_3D('',#1131,#1132,#1133);
#1131 = CARTESIAN_POINT('',(0.922434295486,-1.781397679127,
    28.789508929856));
#1132 = DIRECTION('',(5.675896866463E-03,-1.095702938605E-02,
    0.999923860952));
#1133 = DIRECTION('',(0.,0.999939968018,1.095720588508E-02));
#1134 = PCURVE('',#1084,#1135);
#1135 = DEFINITIONAL_REPRESENTATION('',(#1136),#1140);
#1136 = LINE('',#1137,#1138);
#1137 = CARTESIAN_POINT('',(-0.,-3.245254516595));
#1138 = VECTOR('',#1139,1.);
#1139 = DIRECTION('',(-1.,-0.));
#1140 = ( GEOMETRIC_REPRESENTATION_CONTEXT(2) 
PARAMETRIC_REPRESENTATION_CONTEXT() REPRESENTATION_CONTEXT('2D SPACE',''
  ) );
#1141 = PCURVE('',#452,#1142);
#1142 = DEFINITIONAL_REPRESENTATION('',(#1143),#1147);
#1143 = CIRCLE('',#1144,29.604803316957);
#1144 = AXIS2_PLACEMENT_2D('',#1145,#1146);
#1145 = CARTESIAN_POINT('',(0.,0.));
#1146 = DIRECTION('',(1.,0.));
#1147 = ( GEOMETRIC_REPRESENTATION_CONTEXT(2) 
PARAMETRIC_REPRESENTATION_CONTEXT() REPRESENTATION_CONTEXT('2D SPACE',''
  ) );
#1148 = ORIENTED_EDGE('',*,*,#1102,.F.);
#1149 = ORIENTED_EDGE('',*,*,#1150,.F.);
#1150 = EDGE_CURVE('',#1151,#1103,#1153,.T.);
#1151 = VERTEX_POINT('',#1152);
#1152 = CARTESIAN_POINT('',(-21.01440074044,35.266492416201,
    26.214333769739));
#1153 = SURFACE_CURVE('',#1154,(#1159,#1193),.PCURVE_S1.);
#1154 = ELLIPSE('',#1155,41.124114160453,41.077116742065);
#1155 = AXIS2_PLACEMENT_3D('',#1156,#1157,#1158);
#1156 = CARTESIAN_POINT('',(-0.264803597039,-0.238120245034,
    26.147042866506));
#1157 = DIRECTION('',(9.219432559887E-04,2.434067575137E-03,
    -0.999996612662));
#1158 = DIRECTION('',(-0.612129412216,0.790756430251,1.36041061149E-03)
  );
#1159 = PCURVE('',#1084,#1160);
#1160 = DEFINITIONAL_REPRESENTATION('',(#1161),#1192);
#1161 = B_SPLINE_CURVE_WITH_KNOTS('',8,(#1162,#1163,#1164,#1165,#1166,
    #1167,#1168,#1169,#1170,#1171,#1172,#1173,#1174,#1175,#1176,#1177,
    #1178,#1179,#1180,#1181,#1182,#1183,#1184,#1185,#1186,#1187,#1188,
    #1189,#1190,#1191),.UNSPECIFIED.,.F.,.F.,(9,7,7,7,9),(0.687783189679
    ,2.258579516474,4.614774006666,5.792871251762,6.970968496858),
  .UNSPECIFIED.);
#1162 = CARTESIAN_POINT('',(-6.28318530718,-0.236859625034));
#1163 = CARTESIAN_POINT('',(-6.093860593351,-0.292110111645));
#1164 = CARTESIAN_POINT('',(-5.903323630679,-0.362450662573));
#1165 = CARTESIAN_POINT('',(-5.711169787083,-0.444634892749));
#1166 = CARTESIAN_POINT('',(-5.517073921571,-0.534177817251));
#1167 = CARTESIAN_POINT('',(-5.320832092676,-0.625747356072));
#1168 = CARTESIAN_POINT('',(-5.12241293613,-0.713839298482));
#1169 = CARTESIAN_POINT('',(-4.921983205288,-0.793483575595));
#1170 = CARTESIAN_POINT('',(-4.416705111446,-0.961598860955));
#1171 = CARTESIAN_POINT('',(-4.109753966627,-1.034571901047));
#1172 = CARTESIAN_POINT('',(-3.800137228498,-1.066317528994));
#1173 = CARTESIAN_POINT('',(-3.489751679726,-1.048658547367));
#1174 = CARTESIAN_POINT('',(-3.181195480169,-0.982297988957));
#1175 = CARTESIAN_POINT('',(-2.876399476105,-0.878112972582));
#1176 = CARTESIAN_POINT('',(-2.57622133204,-0.752467974426));
#1177 = CARTESIAN_POINT('',(-2.13290217837,-0.557577076028));
#1178 = CARTESIAN_POINT('',(-1.986286969529,-0.491542801281));
#1179 = CARTESIAN_POINT('',(-1.840830743957,-0.426584512609));
#1180 = CARTESIAN_POINT('',(-1.696480129352,-0.36489886268));
#1181 = CARTESIAN_POINT('',(-1.553132118145,-0.308582198543));
#1182 = CARTESIAN_POINT('',(-1.410644037875,-0.259477414888));
#1183 = CARTESIAN_POINT('',(-1.26884527089,-0.219048117064));
#1184 = CARTESIAN_POINT('',(-0.986249489513,-0.1575723231));
#1185 = CARTESIAN_POINT('',(-0.845452492358,-0.13652576515));
#1186 = CARTESIAN_POINT('',(-0.704967952362,-0.126186393785));
#1187 = CARTESIAN_POINT('',(-0.564589940542,-0.12712179766));
#1188 = CARTESIAN_POINT('',(-0.424105496549,-0.139379400719));
#1189 = CARTESIAN_POINT('',(-0.283305154783,-0.16247214472));
#1190 = CARTESIAN_POINT('',(-0.141993535371,-0.195421760076));
#1191 = CARTESIAN_POINT('',(-5.21215943857E-16,-0.236859625034));
#1192 = ( GEOMETRIC_REPRESENTATION_CONTEXT(2) 
PARAMETRIC_REPRESENTATION_CONTEXT() REPRESENTATION_CONTEXT('2D SPACE',''
  ) );
#1193 = PCURVE('',#1194,#1199);
#1194 = PLANE('',#1195);
#1195 = AXIS2_PLACEMENT_3D('',#1196,#1197,#1198);
#1196 = CARTESIAN_POINT('',(-2.855067245279E-02,-2.676186808936E-02,
    26.147775141349));
#1197 = DIRECTION('',(9.219432559887E-04,2.434067575137E-03,
    -0.999996612662));
#1198 = DIRECTION('',(-4.235164736272E-22,-0.999997037651,
    -2.434068609592E-03));
#1199 = DEFINITIONAL_REPRESENTATION('',(#1200),#1204);
#1200 = ELLIPSE('',#1201,41.124114160453,41.077116742065);
#1201 = AXIS2_PLACEMENT_2D('',#1202,#1203);
#1202 = CARTESIAN_POINT('',(0.211359533234,0.236253024991));
#1203 = DIRECTION('',(-0.790757399087,0.612129672365));
#1204 = ( GEOMETRIC_REPRESENTATION_CONTEXT(2) 
PARAMETRIC_REPRESENTATION_CONTEXT() REPRESENTATION_CONTEXT('2D SPACE',''
  ) );
#1205 = ORIENTED_EDGE('',*,*,#1206,.T.);
#1206 = EDGE_CURVE('',#1151,#1207,#1209,.T.);
#1207 = VERTEX_POINT('',#1208);
#1208 = CARTESIAN_POINT('',(0.905131515062,41.023816579574,
    26.209962406592));
#1209 = SURFACE_CURVE('',#1210,(#1220,#1233),.PCURVE_S1.);
#1210 = B_SPLINE_CURVE_WITH_KNOTS('',8,(#1211,#1212,#1213,#1214,#1215,
    #1216,#1217,#1218,#1219),.UNSPECIFIED.,.F.,.F.,(9,9),(0.,1.),
  .PIECEWISE_BEZIER_KNOTS.);
#1211 = CARTESIAN_POINT('',(-22.00083080563,34.660968839306,
    26.213950850591));
#1212 = CARTESIAN_POINT('',(-19.45397286986,36.274224981004,
    26.215023952241));
#1213 = CARTESIAN_POINT('',(-16.77117751782,37.674131676741,
    26.215647350466));
#1214 = CARTESIAN_POINT('',(-13.97411802177,38.846727334734,
    26.215809100545));
#1215 = CARTESIAN_POINT('',(-11.08547380809,39.781418561821,
    26.215507782814));
#1216 = CARTESIAN_POINT('',(-8.128686824875,40.470294301952,
    26.214751395291));
#1217 = CARTESIAN_POINT('',(-5.127929944154,40.908117977682,
    26.213556890597));
#1218 = CARTESIAN_POINT('',(-2.108081914794,41.092343815461,
    26.211949471249));
#1219 = CARTESIAN_POINT('',(0.905131515062,41.023816579574,
    26.209962406592));
#1220 = PCURVE('',#1084,#1221);
#1221 = DEFINITIONAL_REPRESENTATION('',(#1222),#1232);
#1222 = B_SPLINE_CURVE_WITH_KNOTS('',8,(#1223,#1224,#1225,#1226,#1227,
    #1228,#1229,#1230,#1231),.UNSPECIFIED.,.F.,.F.,(9,9),(0.,1.),
  .PIECEWISE_BEZIER_KNOTS.);
#1223 = CARTESIAN_POINT('',(-0.561527421498,-0.140482368473));
#1224 = CARTESIAN_POINT('',(-0.491444626668,-0.138334596443));
#1225 = CARTESIAN_POINT('',(-0.421362629824,-0.138846398132));
#1226 = CARTESIAN_POINT('',(-0.351281258449,-0.142035792043));
#1227 = CARTESIAN_POINT('',(-0.28117721574,-0.147888704652));
#1228 = CARTESIAN_POINT('',(-0.21102121168,-0.156366760965));
#1229 = CARTESIAN_POINT('',(-0.140784155235,-0.167407086914));
#1230 = CARTESIAN_POINT('',(-7.044338017233E-02,-0.180921568002));
#1231 = CARTESIAN_POINT('',(0.,-0.196788198241));
#1232 = ( GEOMETRIC_REPRESENTATION_CONTEXT(2) 
PARAMETRIC_REPRESENTATION_CONTEXT() REPRESENTATION_CONTEXT('2D SPACE',''
  ) );
#1233 = PCURVE('',#1234,#1239);
#1234 = CYLINDRICAL_SURFACE('',#1235,41.0612241793);
#1235 = AXIS2_PLACEMENT_3D('',#1236,#1237,#1238);
#1236 = CARTESIAN_POINT('',(-2.855067245279E-02,-2.676186808936E-02,
    26.147775141349));
#1237 = DIRECTION('',(9.219432559887E-04,2.434067575137E-03,
    -0.999996612662));
#1238 = DIRECTION('',(-4.235164736272E-22,-0.999997037651,
    -2.434068609592E-03));
#1239 = DEFINITIONAL_REPRESENTATION('',(#1240),#1250);
#1240 = B_SPLINE_CURVE_WITH_KNOTS('',8,(#1241,#1242,#1243,#1244,#1245,
    #1246,#1247,#1248,#1249),.UNSPECIFIED.,.F.,.F.,(9,9),(0.,1.),
  .PIECEWISE_BEZIER_KNOTS.);
#1241 = CARTESIAN_POINT('',(2.576954240778,-2.000400000018E-03));
#1242 = CARTESIAN_POINT('',(2.650376453434,3.201334948144E-03));
#1243 = CARTESIAN_POINT('',(2.723815019476,8.458791412872E-03));
#1244 = CARTESIAN_POINT('',(2.797245276784,1.37299490904E-02));
#1245 = CARTESIAN_POINT('',(2.870666630456,1.896953346109E-02));
#1246 = CARTESIAN_POINT('',(2.944084983483,2.412867834302E-02));
#1247 = CARTESIAN_POINT('',(3.017506307914,2.915539897276E-02));
#1248 = CARTESIAN_POINT('',(3.090930203153,3.399535953898E-02));
#1249 = CARTESIAN_POINT('',(3.164332537552,3.859362934239E-02));
#1250 = ( GEOMETRIC_REPRESENTATION_CONTEXT(2) 
PARAMETRIC_REPRESENTATION_CONTEXT() REPRESENTATION_CONTEXT('2D SPACE',''
  ) );
#1251 = ORIENTED_EDGE('',*,*,#1252,.F.);
#1252 = EDGE_CURVE('',#1068,#1207,#1253,.T.);
#1253 = SEAM_CURVE('',#1254,(#1258,#1265),.PCURVE_S1.);
#1254 = LINE('',#1255,#1256);
#1255 = CARTESIAN_POINT('',(0.904014565544,41.876059823497,
    26.02250432943));
#1256 = VECTOR('',#1257,1.);
#1257 = DIRECTION('',(1.27999980947E-03,-0.976652187503,0.214822871793)
  );
#1258 = PCURVE('',#1084,#1259);
#1259 = DEFINITIONAL_REPRESENTATION('',(#1260),#1264);
#1260 = LINE('',#1261,#1262);
#1261 = CARTESIAN_POINT('',(-6.28318530718,0.));
#1262 = VECTOR('',#1263,1.);
#1263 = DIRECTION('',(-0.,-1.));
#1264 = ( GEOMETRIC_REPRESENTATION_CONTEXT(2) 
PARAMETRIC_REPRESENTATION_CONTEXT() REPRESENTATION_CONTEXT('2D SPACE',''
  ) );
#1265 = PCURVE('',#1084,#1266);
#1266 = DEFINITIONAL_REPRESENTATION('',(#1267),#1271);
#1267 = LINE('',#1268,#1269);
#1268 = CARTESIAN_POINT('',(0.,-0.));
#1269 = VECTOR('',#1270,1.);
#1270 = DIRECTION('',(-0.,-1.));
#1271 = ( GEOMETRIC_REPRESENTATION_CONTEXT(2) 
PARAMETRIC_REPRESENTATION_CONTEXT() REPRESENTATION_CONTEXT('2D SPACE',''
  ) );
#1272 = ORIENTED_EDGE('',*,*,#1067,.T.);
#1273 = ORIENTED_EDGE('',*,*,#1252,.T.);
#1274 = ORIENTED_EDGE('',*,*,#1275,.T.);
#1275 = EDGE_CURVE('',#1207,#1276,#1278,.T.);
#1276 = VERTEX_POINT('',#1277);
#1277 = CARTESIAN_POINT('',(32.526099339053,-25.05110879412,
    26.116877625276));
#1278 = SURFACE_CURVE('',#1279,(#1318,#1360),.PCURVE_S1.);
#1279 = B_SPLINE_CURVE_WITH_KNOTS('',7,(#1280,#1281,#1282,#1283,#1284,
    #1285,#1286,#1287,#1288,#1289,#1290,#1291,#1292,#1293,#1294,#1295,
    #1296,#1297,#1298,#1299,#1300,#1301,#1302,#1303,#1304,#1305,#1306,
    #1307,#1308,#1309,#1310,#1311,#1312,#1313,#1314,#1315,#1316,#1317),
  .UNSPECIFIED.,.F.,.F.,(8,6,6,6,6,6,8),(0.,0.239799426264,0.47902139791
    ,0.718255786463,0.957372669305,0.977059106323,1.),.UNSPECIFIED.);
#1280 = CARTESIAN_POINT('',(0.905131515062,41.023816579574,
    26.209962406592));
#1281 = CARTESIAN_POINT('',(4.040027122904,40.95252201787,26.20789509858
    ));
#1282 = CARTESIAN_POINT('',(7.168811184231,40.601920090514,
    26.205407497305));
#1283 = CARTESIAN_POINT('',(10.260657600122,39.972642376184,
    26.202539028345));
#1284 = CARTESIAN_POINT('',(13.286012394264,39.069762320806,
    26.199338418503));
#1285 = CARTESIAN_POINT('',(16.216415751803,37.901888573304,
    26.195860237006));
#1286 = CARTESIAN_POINT('',(19.024503417287,36.48115466147,
    26.192162417567));
#1287 = CARTESIAN_POINT('',(24.33776992346,33.170877028403,
    26.18445538658));
#1288 = CARTESIAN_POINT('',(26.844523365125,31.281933504783,
    26.180445697691));
#1289 = CARTESIAN_POINT('',(29.178713334928,29.173254455159,
    26.176333841397));
#1290 = CARTESIAN_POINT('',(31.317728047457,26.864004041575,
    26.172177169589));
#1291 = CARTESIAN_POINT('',(33.241620598972,24.375814670508,
    26.168028843578));
#1292 = CARTESIAN_POINT('',(34.933132754811,21.732742988902,
    26.1639360337));
#1293 = CARTESIAN_POINT('',(37.823646374789,16.190739910082,
    26.15594217809));
#1294 = CARTESIAN_POINT('',(39.023083944935,13.290910024383,
    26.152039869366));
#1295 = CARTESIAN_POINT('',(39.962484396786,10.289207752919,
    26.148272862259));
#1296 = CARTESIAN_POINT('',(40.632017165678,7.213555034418,
    26.144672331754));
#1297 = CARTESIAN_POINT('',(41.025377319286,4.092683355119,
    26.141260016158));
#1298 = CARTESIAN_POINT('',(41.139804048862,0.956088860513,
    26.138049261884));
#1299 = CARTESIAN_POINT('',(40.814159596474,-5.286213610419,
    26.13204650439));
#1300 = CARTESIAN_POINT('',(40.374308530238,-8.392941026692,
    26.129253332164));
#1301 = CARTESIAN_POINT('',(39.658727619781,-11.45561540221,
    26.126674963669));
#1302 = CARTESIAN_POINT('',(38.673058544908,-14.44512068356,
    26.124310353923));
#1303 = CARTESIAN_POINT('',(37.426418169143,-17.33343887554,
    26.122153554492));
#1304 = CARTESIAN_POINT('',(35.93140787754,-20.09365689672,
    26.120197194627));
#1305 = CARTESIAN_POINT('',(34.06281000036,-22.91493950861,
    26.11829019779));
#1306 = CARTESIAN_POINT('',(33.919100365298,-23.12850860411,
    26.118146453847));
#1307 = CARTESIAN_POINT('',(33.773829147568,-23.34102597627,
    26.118004022221));
#1308 = CARTESIAN_POINT('',(33.627005591623,-23.55247790237,
    26.117862899377));
#1309 = CARTESIAN_POINT('',(33.47863909278,-23.76285076204,
    26.117723081839));
#1310 = CARTESIAN_POINT('',(33.328739197224,-23.97213103726,
    26.11758456619));
#1311 = CARTESIAN_POINT('',(33.000859466493,-24.42289384714,
    26.117287447962));
#1312 = CARTESIAN_POINT('',(32.822334207625,-24.66398048411,
    26.117129310221));
#1313 = CARTESIAN_POINT('',(32.641755170209,-24.90354399403,
    26.116972930538));
#1314 = CARTESIAN_POINT('',(32.459137969053,-25.14156334863,
    26.116818303767));
#1315 = CARTESIAN_POINT('',(32.274498488962,-25.37801772063,
    26.116665424933));
#1316 = CARTESIAN_POINT('',(32.08785288474,-25.61288648371,
    26.116514289231));
#1317 = CARTESIAN_POINT('',(31.899217581186,-25.84614921253,
    26.116364892027));
#1318 = PCURVE('',#1084,#1319);
#1319 = DEFINITIONAL_REPRESENTATION('',(#1320),#1359);
#1320 = B_SPLINE_CURVE_WITH_KNOTS('',7,(#1321,#1322,#1323,#1324,#1325,
    #1326,#1327,#1328,#1329,#1330,#1331,#1332,#1333,#1334,#1335,#1336,
    #1337,#1338,#1339,#1340,#1341,#1342,#1343,#1344,#1345,#1346,#1347,
    #1348,#1349,#1350,#1351,#1352,#1353,#1354,#1355,#1356,#1357,#1358),
  .UNSPECIFIED.,.F.,.F.,(8,6,6,6,6,6,8),(0.,0.239799426264,0.47902139791
    ,0.718255786463,0.957372669305,0.977059106323,1.),.UNSPECIFIED.);
#1321 = CARTESIAN_POINT('',(-6.28318530718,-0.196788198241));
#1322 = CARTESIAN_POINT('',(-6.209897221803,-0.213295568397));
#1323 = CARTESIAN_POINT('',(-6.136467260601,-0.232408367795));
#1324 = CARTESIAN_POINT('',(-6.062891170389,-0.253984133029));
#1325 = CARTESIAN_POINT('',(-5.989138051024,-0.277848251974));
#1326 = CARTESIAN_POINT('',(-5.915175981229,-0.303799429507));
#1327 = CARTESIAN_POINT('',(-5.840976515909,-0.33160733082));
#1328 = CARTESIAN_POINT('',(-5.692285583062,-0.390329248653));
#1329 = CARTESIAN_POINT('',(-5.617771338987,-0.421245148759));
#1330 = CARTESIAN_POINT('',(-5.542998300025,-0.453487085386));
#1331 = CARTESIAN_POINT('',(-5.467945275417,-0.486774081608));
#1332 = CARTESIAN_POINT('',(-5.39258573063,-0.520809051209));
#1333 = CARTESIAN_POINT('',(-5.316904196289,-0.555277615583));
#1334 = CARTESIAN_POINT('',(-5.164919126815,-0.624414516408));
#1335 = CARTESIAN_POINT('',(-5.088591693833,-0.65909391002));
#1336 = CARTESIAN_POINT('',(-5.011943827392,-0.693548869807));
#1337 = CARTESIAN_POINT('',(-4.934969143246,-0.727448829606));
#1338 = CARTESIAN_POINT('',(-4.857657857508,-0.760464928184));
#1339 = CARTESIAN_POINT('',(-4.780013344905,-0.792271650739));
#1340 = CARTESIAN_POINT('',(-4.624164495058,-0.852818117573));
#1341 = CARTESIAN_POINT('',(-4.545935559646,-0.881569112323));
#1342 = CARTESIAN_POINT('',(-4.467418541368,-0.908487189827));
#1343 = CARTESIAN_POINT('',(-4.388626994356,-0.933284301324));
#1344 = CARTESIAN_POINT('',(-4.309577431211,-0.955699251214));
#1345 = CARTESIAN_POINT('',(-4.230294054489,-0.975501306044));
#1346 = CARTESIAN_POINT('',(-4.144293441249,-0.993901362054));
#1347 = CARTESIAN_POINT('',(-4.137750342227,-0.995282030843));
#1348 = CARTESIAN_POINT('',(-4.131205987394,-0.996643624704));
#1349 = CARTESIAN_POINT('',(-4.124660396598,-0.997986042212));
#1350 = CARTESIAN_POINT('',(-4.118113589889,-0.999309183978));
#1351 = CARTESIAN_POINT('',(-4.111565587515,-1.000612952654));
#1352 = CARTESIAN_POINT('',(-4.097384557269,-1.003393866866));
#1353 = CARTESIAN_POINT('',(-4.089751108703,-1.004864043574));
#1354 = CARTESIAN_POINT('',(-4.082116096536,-1.006307632223));
#1355 = CARTESIAN_POINT('',(-4.074479553453,-1.007724485888));
#1356 = CARTESIAN_POINT('',(-4.066841512521,-1.00911446155));
#1357 = CARTESIAN_POINT('',(-4.059202007182,-1.010477420095));
#1358 = CARTESIAN_POINT('',(-4.05156107126,-1.011813226312));
#1359 = ( GEOMETRIC_REPRESENTATION_CONTEXT(2) 
PARAMETRIC_REPRESENTATION_CONTEXT() REPRESENTATION_CONTEXT('2D SPACE',''
  ) );
#1360 = PCURVE('',#1234,#1361);
#1361 = DEFINITIONAL_REPRESENTATION('',(#1362),#1401);
#1362 = B_SPLINE_CURVE_WITH_KNOTS('',7,(#1363,#1364,#1365,#1366,#1367,
    #1368,#1369,#1370,#1371,#1372,#1373,#1374,#1375,#1376,#1377,#1378,
    #1379,#1380,#1381,#1382,#1383,#1384,#1385,#1386,#1387,#1388,#1389,
    #1390,#1391,#1392,#1393,#1394,#1395,#1396,#1397,#1398,#1399,#1400),
  .UNSPECIFIED.,.F.,.F.,(8,6,6,6,6,6,8),(0.,0.239799426264,0.47902139791
    ,0.718255786463,0.957372669305,0.977059106323,1.),.UNSPECIFIED.);
#1363 = CARTESIAN_POINT('',(3.164332537552,3.859362934239E-02));
#1364 = CARTESIAN_POINT('',(3.240699068192,4.337759043441E-02));
#1365 = CARTESIAN_POINT('',(3.317071474678,4.789635586514E-02));
#1366 = CARTESIAN_POINT('',(3.39342627109,5.208361758036E-02));
#1367 = CARTESIAN_POINT('',(3.469769006215,5.587575096326E-02));
#1368 = CARTESIAN_POINT('',(3.546107740746,5.921290267028E-02));
#1369 = CARTESIAN_POINT('',(3.622448444604,6.20414447213E-02));
#1370 = CARTESIAN_POINT('',(3.774906004963,6.658954037348E-02));
#1371 = CARTESIAN_POINT('',(3.851047478906,6.831248392848E-02));
#1372 = CARTESIAN_POINT('',(3.927173587872,6.944364969372E-02));
#1373 = CARTESIAN_POINT('',(4.003288713429,6.995148605587E-02));
#1374 = CARTESIAN_POINT('',(4.079405386522,6.981709670879E-02));
#1375 = CARTESIAN_POINT('',(4.155528288233,6.903595586863E-02));
#1376 = CARTESIAN_POINT('',(4.307752532489,6.620506394348E-02));
#1377 = CARTESIAN_POINT('',(4.38387777773,6.415479093013E-02));
#1378 = CARTESIAN_POINT('',(4.45999530955,6.148151301847E-02));
#1379 = CARTESIAN_POINT('',(4.536109978793,5.821295599392E-02));
#1380 = CARTESIAN_POINT('',(4.61223452419,5.439150321118E-02));
#1381 = CARTESIAN_POINT('',(4.688373613859,5.007305860523E-02));
#1382 = CARTESIAN_POINT('',(4.840604496075,4.05813840205E-02));
#1383 = CARTESIAN_POINT('',(4.916720602564,3.540704459231E-02));
#1384 = CARTESIAN_POINT('',(4.992834834542,2.987092296819E-02));
#1385 = CARTESIAN_POINT('',(5.068953330399,2.405013587754E-02));
#1386 = CARTESIAN_POINT('',(5.145084250571,1.802723465736E-02));
#1387 = CARTESIAN_POINT('',(5.221233190233,1.188671605416E-02));
#1388 = CARTESIAN_POINT('',(5.303645977747,5.203772694297E-03));
#1389 = CARTESIAN_POINT('',(5.309914934122,4.695182411793E-03));
#1390 = CARTESIAN_POINT('',(5.316183938547,4.186400090643E-03));
#1391 = CARTESIAN_POINT('',(5.322452990473,3.677471192418E-03));
#1392 = CARTESIAN_POINT('',(5.328722089336,3.168441008025E-03));
#1393 = CARTESIAN_POINT('',(5.334991234547,2.659354657711E-03));
#1394 = CARTESIAN_POINT('',(5.348566005625,1.556998232844E-03));
#1395 = CARTESIAN_POINT('',(5.355871647872,9.637241139485E-04));
#1396 = CARTESIAN_POINT('',(5.363177351333,3.705058702356E-04));
#1397 = CARTESIAN_POINT('',(5.370483115029,-2.225857728476E-04));
#1398 = CARTESIAN_POINT('',(5.377788937907,-8.154805002639E-04));
#1399 = CARTESIAN_POINT('',(5.385094818842,-1.408108407387E-03));
#1400 = CARTESIAN_POINT('',(5.392400756639,-2.0004E-03));
#1401 = ( GEOMETRIC_REPRESENTATION_CONTEXT(2) 
PARAMETRIC_REPRESENTATION_CONTEXT() REPRESENTATION_CONTEXT('2D SPACE',''
  ) );
#1402 = ORIENTED_EDGE('',*,*,#1403,.F.);
#1403 = EDGE_CURVE('',#1103,#1276,#1404,.T.);
#1404 = SURFACE_CURVE('',#1405,(#1410,#1444),.PCURVE_S1.);
#1405 = ELLIPSE('',#1406,41.124114160453,41.077116742065);
#1406 = AXIS2_PLACEMENT_3D('',#1407,#1408,#1409);
#1407 = CARTESIAN_POINT('',(-0.264803597039,-0.238120245034,
    26.147042866506));
#1408 = DIRECTION('',(9.219432559887E-04,2.434067575137E-03,
    -0.999996612662));
#1409 = DIRECTION('',(-0.612129412216,0.790756430251,1.36041061149E-03)
  );
#1410 = PCURVE('',#1084,#1411);
#1411 = DEFINITIONAL_REPRESENTATION('',(#1412),#1443);
#1412 = B_SPLINE_CURVE_WITH_KNOTS('',8,(#1413,#1414,#1415,#1416,#1417,
    #1418,#1419,#1420,#1421,#1422,#1423,#1424,#1425,#1426,#1427,#1428,
    #1429,#1430,#1431,#1432,#1433,#1434,#1435,#1436,#1437,#1438,#1439,
    #1440,#1441,#1442),.UNSPECIFIED.,.F.,.F.,(9,7,7,7,9),(0.687783189679
    ,2.258579516474,4.614774006666,5.792871251762,6.970968496858),
  .UNSPECIFIED.);
#1413 = CARTESIAN_POINT('',(-6.28318530718,-0.236859625034));
#1414 = CARTESIAN_POINT('',(-6.093860593351,-0.292110111645));
#1415 = CARTESIAN_POINT('',(-5.903323630679,-0.362450662573));
#1416 = CARTESIAN_POINT('',(-5.711169787083,-0.444634892749));
#1417 = CARTESIAN_POINT('',(-5.517073921571,-0.534177817251));
#1418 = CARTESIAN_POINT('',(-5.320832092676,-0.625747356072));
#1419 = CARTESIAN_POINT('',(-5.12241293613,-0.713839298482));
#1420 = CARTESIAN_POINT('',(-4.921983205288,-0.793483575595));
#1421 = CARTESIAN_POINT('',(-4.416705111446,-0.961598860955));
#1422 = CARTESIAN_POINT('',(-4.109753966627,-1.034571901047));
#1423 = CARTESIAN_POINT('',(-3.800137228498,-1.066317528994));
#1424 = CARTESIAN_POINT('',(-3.489751679726,-1.048658547367));
#1425 = CARTESIAN_POINT('',(-3.181195480169,-0.982297988957));
#1426 = CARTESIAN_POINT('',(-2.876399476105,-0.878112972582));
#1427 = CARTESIAN_POINT('',(-2.57622133204,-0.752467974426));
#1428 = CARTESIAN_POINT('',(-2.13290217837,-0.557577076028));
#1429 = CARTESIAN_POINT('',(-1.986286969529,-0.491542801281));
#1430 = CARTESIAN_POINT('',(-1.840830743957,-0.426584512609));
#1431 = CARTESIAN_POINT('',(-1.696480129352,-0.36489886268));
#1432 = CARTESIAN_POINT('',(-1.553132118145,-0.308582198543));
#1433 = CARTESIAN_POINT('',(-1.410644037875,-0.259477414888));
#1434 = CARTESIAN_POINT('',(-1.26884527089,-0.219048117064));
#1435 = CARTESIAN_POINT('',(-0.986249489513,-0.1575723231));
#1436 = CARTESIAN_POINT('',(-0.845452492358,-0.13652576515));
#1437 = CARTESIAN_POINT('',(-0.704967952362,-0.126186393785));
#1438 = CARTESIAN_POINT('',(-0.564589940542,-0.12712179766));
#1439 = CARTESIAN_POINT('',(-0.424105496549,-0.139379400719));
#1440 = CARTESIAN_POINT('',(-0.283305154783,-0.16247214472));
#1441 = CARTESIAN_POINT('',(-0.141993535371,-0.195421760076));
#1442 = CARTESIAN_POINT('',(-5.21215943857E-16,-0.236859625034));
#1443 = ( GEOMETRIC_REPRESENTATION_CONTEXT(2) 
PARAMETRIC_REPRESENTATION_CONTEXT() REPRESENTATION_CONTEXT('2D SPACE',''
  ) );
#1444 = PCURVE('',#1194,#1445);
#1445 = DEFINITIONAL_REPRESENTATION('',(#1446),#1450);
#1446 = ELLIPSE('',#1447,41.124114160453,41.077116742065);
#1447 = AXIS2_PLACEMENT_2D('',#1448,#1449);
#1448 = CARTESIAN_POINT('',(0.211359533234,0.236253024991));
#1449 = DIRECTION('',(-0.790757399087,0.612129672365));
#1450 = ( GEOMETRIC_REPRESENTATION_CONTEXT(2) 
PARAMETRIC_REPRESENTATION_CONTEXT() REPRESENTATION_CONTEXT('2D SPACE',''
  ) );
#1451 = ADVANCED_FACE('',(#1452,#1455),#452,.T.);
#1452 = FACE_BOUND('',#1453,.T.);
#1453 = EDGE_LOOP('',(#1454));
#1454 = ORIENTED_EDGE('',*,*,#1127,.T.);
#1455 = FACE_BOUND('',#1456,.T.);
#1456 = EDGE_LOOP('',(#1457));
#1457 = ORIENTED_EDGE('',*,*,#417,.F.);
#1458 = ADVANCED_FACE('',(#1459),#621,.F.);
#1459 = FACE_BOUND('',#1460,.F.);
#1460 = EDGE_LOOP('',(#1461,#1462,#1463,#1464));
#1461 = ORIENTED_EDGE('',*,*,#601,.F.);
#1462 = ORIENTED_EDGE('',*,*,#873,.T.);
#1463 = ORIENTED_EDGE('',*,*,#845,.T.);
#1464 = ORIENTED_EDGE('',*,*,#774,.F.);
#1465 = ADVANCED_FACE('',(#1466),#1194,.F.);
#1466 = FACE_BOUND('',#1467,.F.);
#1467 = EDGE_LOOP('',(#1468,#1469,#1491));
#1468 = ORIENTED_EDGE('',*,*,#1150,.F.);
#1469 = ORIENTED_EDGE('',*,*,#1470,.T.);
#1470 = EDGE_CURVE('',#1151,#1276,#1471,.T.);
#1471 = SURFACE_CURVE('',#1472,(#1477,#1484),.PCURVE_S1.);
#1472 = CIRCLE('',#1473,41.0612241793);
#1473 = AXIS2_PLACEMENT_3D('',#1474,#1475,#1476);
#1474 = CARTESIAN_POINT('',(-2.855067245279E-02,-2.676186808936E-02,
    26.147775141349));
#1475 = DIRECTION('',(9.219432559887E-04,2.434067575137E-03,
    -0.999996612662));
#1476 = DIRECTION('',(-4.235164736271E-22,-0.999997037651,
    -2.434068609592E-03));
#1477 = PCURVE('',#1194,#1478);
#1478 = DEFINITIONAL_REPRESENTATION('',(#1479),#1483);
#1479 = CIRCLE('',#1480,41.0612241793);
#1480 = AXIS2_PLACEMENT_2D('',#1481,#1482);
#1481 = CARTESIAN_POINT('',(0.,0.));
#1482 = DIRECTION('',(1.,0.));
#1483 = ( GEOMETRIC_REPRESENTATION_CONTEXT(2) 
PARAMETRIC_REPRESENTATION_CONTEXT() REPRESENTATION_CONTEXT('2D SPACE',''
  ) );
#1484 = PCURVE('',#1234,#1485);
#1485 = DEFINITIONAL_REPRESENTATION('',(#1486),#1490);
#1486 = LINE('',#1487,#1488);
#1487 = CARTESIAN_POINT('',(0.,0.));
#1488 = VECTOR('',#1489,1.);
#1489 = DIRECTION('',(1.,0.));
#1490 = ( GEOMETRIC_REPRESENTATION_CONTEXT(2) 
PARAMETRIC_REPRESENTATION_CONTEXT() REPRESENTATION_CONTEXT('2D SPACE',''
  ) );
#1491 = ORIENTED_EDGE('',*,*,#1403,.F.);
#1492 = ADVANCED_FACE('',(#1493),#1234,.T.);
#1493 = FACE_BOUND('',#1494,.T.);
#1494 = EDGE_LOOP('',(#1495,#1496,#1497));
#1495 = ORIENTED_EDGE('',*,*,#1206,.F.);
#1496 = ORIENTED_EDGE('',*,*,#1470,.T.);
#1497 = ORIENTED_EDGE('',*,*,#1275,.F.);
#1498 = MANIFOLD_SOLID_BREP('',#1499);
#1499 = CLOSED_SHELL('',(#1500,#1588,#1642,#1677,#1830,#1885,#2132,#2186
    ,#2234,#2448,#2486,#2541,#2576,#2635,#2670,#2749,#2805,#2844,#2883,
    #2938,#2992));
#1500 = ADVANCED_FACE('',(#1501),#1515,.T.);
#1501 = FACE_BOUND('',#1502,.T.);
#1502 = EDGE_LOOP('',(#1503,#1533,#1560,#1561));
#1503 = ORIENTED_EDGE('',*,*,#1504,.T.);
#1504 = EDGE_CURVE('',#1505,#1507,#1509,.T.);
#1505 = VERTEX_POINT('',#1506);
#1506 = CARTESIAN_POINT('',(-7.483913839936E-03,41.206364905242,
    3.397696430587));
#1507 = VERTEX_POINT('',#1508);
#1508 = CARTESIAN_POINT('',(-9.64577444216E-03,31.602048329634,
    5.719220256543));
#1509 = SEAM_CURVE('',#1510,(#1514,#1526),.PCURVE_S1.);
#1510 = LINE('',#1511,#1512);
#1511 = CARTESIAN_POINT('',(-7.414458562311E-03,41.514928035294,
    3.323111565273));
#1512 = VECTOR('',#1513,1.);
#1513 = DIRECTION('',(-2.187916589405E-04,-0.972007332207,0.234950416613
    ));
#1514 = PCURVE('',#1515,#1520);
#1515 = CONICAL_SURFACE('',#1516,41.486010045249,1.33119459557);
#1516 = AXIS2_PLACEMENT_3D('',#1517,#1518,#1519);
#1517 = CARTESIAN_POINT('',(-7.414458562321E-03,2.90408861016E-02,
    3.222131770485));
#1518 = DIRECTION('',(9.219432559887E-04,2.434067575137E-03,
    -0.999996612662));
#1519 = DIRECTION('',(4.235164736272E-22,0.999997037651,
    2.434068609592E-03));
#1520 = DEFINITIONAL_REPRESENTATION('',(#1521),#1525);
#1521 = LINE('',#1522,#1523);
#1522 = CARTESIAN_POINT('',(-6.28318530718,0.));
#1523 = VECTOR('',#1524,1.);
#1524 = DIRECTION('',(-0.,-1.));
#1525 = ( GEOMETRIC_REPRESENTATION_CONTEXT(2) 
PARAMETRIC_REPRESENTATION_CONTEXT() REPRESENTATION_CONTEXT('2D SPACE',''
  ) );
#1526 = PCURVE('',#1515,#1527);
#1527 = DEFINITIONAL_REPRESENTATION('',(#1528),#1532);
#1528 = LINE('',#1529,#1530);
#1529 = CARTESIAN_POINT('',(0.,-0.));
#1530 = VECTOR('',#1531,1.);
#1531 = DIRECTION('',(-0.,-1.));
#1532 = ( GEOMETRIC_REPRESENTATION_CONTEXT(2) 
PARAMETRIC_REPRESENTATION_CONTEXT() REPRESENTATION_CONTEXT('2D SPACE',''
  ) );
#1533 = ORIENTED_EDGE('',*,*,#1534,.F.);
#1534 = EDGE_CURVE('',#1507,#1507,#1535,.T.);
#1535 = SURFACE_CURVE('',#1536,(#1541,#1548),.PCURVE_S1.);
#1536 = CIRCLE('',#1537,31.578991997953);
#1537 = AXIS2_PLACEMENT_3D('',#1538,#1539,#1540);
#1538 = CARTESIAN_POINT('',(-9.645774442164E-03,2.314987968908E-02,
    5.642354823398));
#1539 = DIRECTION('',(-9.219432559887E-04,-2.434067575137E-03,
    0.999996612662));
#1540 = DIRECTION('',(1.224542826351E-16,0.999997037651,
    2.434068609592E-03));
#1541 = PCURVE('',#1515,#1542);
#1542 = DEFINITIONAL_REPRESENTATION('',(#1543),#1547);
#1543 = LINE('',#1544,#1545);
#1544 = CARTESIAN_POINT('',(-0.,-2.420231251054));
#1545 = VECTOR('',#1546,1.);
#1546 = DIRECTION('',(-1.,-0.));
#1547 = ( GEOMETRIC_REPRESENTATION_CONTEXT(2) 
PARAMETRIC_REPRESENTATION_CONTEXT() REPRESENTATION_CONTEXT('2D SPACE',''
  ) );
#1548 = PCURVE('',#1549,#1554);
#1549 = TOROIDAL_SURFACE('',#1550,31.397269936763,0.765739560594);
#1550 = AXIS2_PLACEMENT_3D('',#1551,#1552,#1553);
#1551 = CARTESIAN_POINT('',(-8.95997372383E-03,2.496049577706E-02,
    4.898492995851));
#1552 = DIRECTION('',(-9.219432559887E-04,-2.434067575137E-03,
    0.999996612662));
#1553 = DIRECTION('',(1.224538591187E-16,0.999997037651,
    2.434068609592E-03));
#1554 = DEFINITIONAL_REPRESENTATION('',(#1555),#1559);
#1555 = LINE('',#1556,#1557);
#1556 = CARTESIAN_POINT('',(0.,1.33119459557));
#1557 = VECTOR('',#1558,1.);
#1558 = DIRECTION('',(1.,0.));
#1559 = ( GEOMETRIC_REPRESENTATION_CONTEXT(2) 
PARAMETRIC_REPRESENTATION_CONTEXT() REPRESENTATION_CONTEXT('2D SPACE',''
  ) );
#1560 = ORIENTED_EDGE('',*,*,#1504,.F.);
#1561 = ORIENTED_EDGE('',*,*,#1562,.T.);
#1562 = EDGE_CURVE('',#1505,#1505,#1563,.T.);
#1563 = SURFACE_CURVE('',#1564,(#1569,#1576),.PCURVE_S1.);
#1564 = CIRCLE('',#1565,41.177629373948);
#1565 = AXIS2_PLACEMENT_3D('',#1566,#1567,#1568);
#1566 = CARTESIAN_POINT('',(-7.483913839946E-03,2.88575138191E-02,
    3.297467255511));
#1567 = DIRECTION('',(-9.219432559887E-04,-2.434067575137E-03,
    0.999996612662));
#1568 = DIRECTION('',(4.235164736271E-22,0.999997037651,
    2.434068609592E-03));
#1569 = PCURVE('',#1515,#1570);
#1570 = DEFINITIONAL_REPRESENTATION('',(#1571),#1575);
#1571 = LINE('',#1572,#1573);
#1572 = CARTESIAN_POINT('',(-0.,-7.533574021365E-02));
#1573 = VECTOR('',#1574,1.);
#1574 = DIRECTION('',(-1.,-0.));
#1575 = ( GEOMETRIC_REPRESENTATION_CONTEXT(2) 
PARAMETRIC_REPRESENTATION_CONTEXT() REPRESENTATION_CONTEXT('2D SPACE',''
  ) );
#1576 = PCURVE('',#1577,#1582);
#1577 = PLANE('',#1578);
#1578 = AXIS2_PLACEMENT_3D('',#1579,#1580,#1581);
#1579 = CARTESIAN_POINT('',(-7.483913839946E-03,2.88575138191E-02,
    3.297467255511));
#1580 = DIRECTION('',(-9.219432559887E-04,-2.434067575137E-03,
    0.999996612662));
#1581 = DIRECTION('',(4.235164736272E-22,0.999997037651,
    2.434068609592E-03));
#1582 = DEFINITIONAL_REPRESENTATION('',(#1583),#1587);
#1583 = CIRCLE('',#1584,41.177629373948);
#1584 = AXIS2_PLACEMENT_2D('',#1585,#1586);
#1585 = CARTESIAN_POINT('',(8.019816954034E-18,-4.746215114676E-18));
#1586 = DIRECTION('',(1.,0.));
#1587 = ( GEOMETRIC_REPRESENTATION_CONTEXT(2) 
PARAMETRIC_REPRESENTATION_CONTEXT() REPRESENTATION_CONTEXT('2D SPACE',''
  ) );
#1588 = ADVANCED_FACE('',(#1589),#1549,.T.);
#1589 = FACE_BOUND('',#1590,.T.);
#1590 = EDGE_LOOP('',(#1591,#1613,#1614,#1615));
#1591 = ORIENTED_EDGE('',*,*,#1592,.F.);
#1592 = EDGE_CURVE('',#1507,#1593,#1595,.T.);
#1593 = VERTEX_POINT('',#1594);
#1594 = CARTESIAN_POINT('',(-9.665942147559E-03,31.420273561021,
    5.740653071806));
#1595 = SEAM_CURVE('',#1596,(#1601,#1607),.PCURVE_S1.);
#1596 = CIRCLE('',#1597,0.765739560594);
#1597 = AXIS2_PLACEMENT_3D('',#1598,#1599,#1600);
#1598 = CARTESIAN_POINT('',(-8.959973723826E-03,31.422137422857,
    4.974916105031));
#1599 = DIRECTION('',(0.99999957501,-2.244073139349E-06,
    9.219405248707E-04));
#1600 = DIRECTION('',(1.224538591187E-16,0.999997037651,
    2.434068609592E-03));
#1601 = PCURVE('',#1549,#1602);
#1602 = DEFINITIONAL_REPRESENTATION('',(#1603),#1606);
#1603 = B_SPLINE_CURVE_WITH_KNOTS('',1,(#1604,#1605),.UNSPECIFIED.,.F.,
  .F.,(2,2),(1.33119459557,1.570796326795),.PIECEWISE_BEZIER_KNOTS.);
#1604 = CARTESIAN_POINT('',(0.,1.33119459557));
#1605 = CARTESIAN_POINT('',(0.,1.570796326795));
#1606 = ( GEOMETRIC_REPRESENTATION_CONTEXT(2) 
PARAMETRIC_REPRESENTATION_CONTEXT() REPRESENTATION_CONTEXT('2D SPACE',''
  ) );
#1607 = PCURVE('',#1549,#1608);
#1608 = DEFINITIONAL_REPRESENTATION('',(#1609),#1612);
#1609 = B_SPLINE_CURVE_WITH_KNOTS('',1,(#1610,#1611),.UNSPECIFIED.,.F.,
  .F.,(2,2),(1.33119459557,1.570796326795),.PIECEWISE_BEZIER_KNOTS.);
#1610 = CARTESIAN_POINT('',(6.28318530718,1.33119459557));
#1611 = CARTESIAN_POINT('',(6.28318530718,1.570796326795));
#1612 = ( GEOMETRIC_REPRESENTATION_CONTEXT(2) 
PARAMETRIC_REPRESENTATION_CONTEXT() REPRESENTATION_CONTEXT('2D SPACE',''
  ) );
#1613 = ORIENTED_EDGE('',*,*,#1534,.T.);
#1614 = ORIENTED_EDGE('',*,*,#1592,.T.);
#1615 = ORIENTED_EDGE('',*,*,#1616,.F.);
#1616 = EDGE_CURVE('',#1593,#1593,#1617,.T.);
#1617 = SURFACE_CURVE('',#1618,(#1623,#1630),.PCURVE_S1.);
#1618 = CIRCLE('',#1619,31.397269936763);
#1619 = AXIS2_PLACEMENT_3D('',#1620,#1621,#1622);
#1620 = CARTESIAN_POINT('',(-9.665942147563E-03,2.309663394162E-02,
    5.664229962626));
#1621 = DIRECTION('',(-9.219432559887E-04,-2.434067575137E-03,
    0.999996612662));
#1622 = DIRECTION('',(1.224542826351E-16,0.999997037651,
    2.434068609592E-03));
#1623 = PCURVE('',#1549,#1624);
#1624 = DEFINITIONAL_REPRESENTATION('',(#1625),#1629);
#1625 = LINE('',#1626,#1627);
#1626 = CARTESIAN_POINT('',(0.,1.570796326795));
#1627 = VECTOR('',#1628,1.);
#1628 = DIRECTION('',(1.,0.));
#1629 = ( GEOMETRIC_REPRESENTATION_CONTEXT(2) 
PARAMETRIC_REPRESENTATION_CONTEXT() REPRESENTATION_CONTEXT('2D SPACE',''
  ) );
#1630 = PCURVE('',#1631,#1636);
#1631 = PLANE('',#1632);
#1632 = AXIS2_PLACEMENT_3D('',#1633,#1634,#1635);
#1633 = CARTESIAN_POINT('',(-9.665942147563E-03,2.309663394162E-02,
    5.664229962626));
#1634 = DIRECTION('',(-9.219432559887E-04,-2.434067575137E-03,
    0.999996612662));
#1635 = DIRECTION('',(4.235164736272E-22,0.999997037651,
    2.434068609592E-03));
#1636 = DEFINITIONAL_REPRESENTATION('',(#1637),#1641);
#1637 = CIRCLE('',#1638,31.397269936763);
#1638 = AXIS2_PLACEMENT_2D('',#1639,#1640);
#1639 = CARTESIAN_POINT('',(0.,8.673617379884E-19));
#1640 = DIRECTION('',(1.,-1.224633413111E-16));
#1641 = ( GEOMETRIC_REPRESENTATION_CONTEXT(2) 
PARAMETRIC_REPRESENTATION_CONTEXT() REPRESENTATION_CONTEXT('2D SPACE',''
  ) );
#1642 = ADVANCED_FACE('',(#1643,#1674),#1577,.T.);
#1643 = FACE_BOUND('',#1644,.T.);
#1644 = EDGE_LOOP('',(#1645));
#1645 = ORIENTED_EDGE('',*,*,#1646,.T.);
#1646 = EDGE_CURVE('',#1647,#1647,#1649,.T.);
#1647 = VERTEX_POINT('',#1648);
#1648 = CARTESIAN_POINT('',(-7.483913839935E-03,41.340905350941,
    3.398023912233));
#1649 = SURFACE_CURVE('',#1650,(#1655,#1662),.PCURVE_S1.);
#1650 = CIRCLE('',#1651,41.312170218204);
#1651 = AXIS2_PLACEMENT_3D('',#1652,#1653,#1654);
#1652 = CARTESIAN_POINT('',(-7.483913839946E-03,2.88575138191E-02,
    3.297467255511));
#1653 = DIRECTION('',(-9.219432559887E-04,-2.434067575137E-03,
    0.999996612662));
#1654 = DIRECTION('',(4.235164736271E-22,0.999997037651,
    2.434068609592E-03));
#1655 = PCURVE('',#1577,#1656);
#1656 = DEFINITIONAL_REPRESENTATION('',(#1657),#1661);
#1657 = CIRCLE('',#1658,41.312170218204);
#1658 = AXIS2_PLACEMENT_2D('',#1659,#1660);
#1659 = CARTESIAN_POINT('',(0.,0.));
#1660 = DIRECTION('',(1.,0.));
#1661 = ( GEOMETRIC_REPRESENTATION_CONTEXT(2) 
PARAMETRIC_REPRESENTATION_CONTEXT() REPRESENTATION_CONTEXT('2D SPACE',''
  ) );
#1662 = PCURVE('',#1663,#1668);
#1663 = CYLINDRICAL_SURFACE('',#1664,41.312170218204);
#1664 = AXIS2_PLACEMENT_3D('',#1665,#1666,#1667);
#1665 = CARTESIAN_POINT('',(-1.403607014311E-03,4.491042986901E-02,
    -3.297609166042));
#1666 = DIRECTION('',(-9.219432559887E-04,-2.434067575137E-03,
    0.999996612662));
#1667 = DIRECTION('',(4.235164736272E-22,0.999997037651,
    2.434068609592E-03));
#1668 = DEFINITIONAL_REPRESENTATION('',(#1669),#1673);
#1669 = LINE('',#1670,#1671);
#1670 = CARTESIAN_POINT('',(0.,6.595098761381));
#1671 = VECTOR('',#1672,1.);
#1672 = DIRECTION('',(1.,0.));
#1673 = ( GEOMETRIC_REPRESENTATION_CONTEXT(2) 
PARAMETRIC_REPRESENTATION_CONTEXT() REPRESENTATION_CONTEXT('2D SPACE',''
  ) );
#1674 = FACE_BOUND('',#1675,.T.);
#1675 = EDGE_LOOP('',(#1676));
#1676 = ORIENTED_EDGE('',*,*,#1562,.F.);
#1677 = ADVANCED_FACE('',(#1678,#1681),#1631,.T.);
#1678 = FACE_BOUND('',#1679,.T.);
#1679 = EDGE_LOOP('',(#1680));
#1680 = ORIENTED_EDGE('',*,*,#1616,.T.);
#1681 = FACE_BOUND('',#1682,.T.);
#1682 = EDGE_LOOP('',(#1683,#1718,#1751,#1778,#1805));
#1683 = ORIENTED_EDGE('',*,*,#1684,.T.);
#1684 = EDGE_CURVE('',#1685,#1687,#1689,.T.);
#1685 = VERTEX_POINT('',#1686);
#1686 = CARTESIAN_POINT('',(3.999999952482,11.863893897421,
    5.696748057889));
#1687 = VERTEX_POINT('',#1688);
#1688 = CARTESIAN_POINT('',(-9.66594214756E-03,-12.47818457719,
    5.633800896309));
#1689 = SURFACE_CURVE('',#1690,(#1695,#1706),.PCURVE_S1.);
#1690 = CIRCLE('',#1691,12.501318244405);
#1691 = AXIS2_PLACEMENT_3D('',#1692,#1693,#1694);
#1692 = CARTESIAN_POINT('',(-9.665942147563E-03,2.309663394162E-02,
    5.664229962626));
#1693 = DIRECTION('',(9.219432559887E-04,2.434067575137E-03,
    -0.999996612662));
#1694 = DIRECTION('',(-4.235164736271E-22,-0.999997037651,
    -2.434068609592E-03));
#1695 = PCURVE('',#1631,#1696);
#1696 = DEFINITIONAL_REPRESENTATION('',(#1697),#1705);
#1697 = ( BOUNDED_CURVE() B_SPLINE_CURVE(2,(#1698,#1699,#1700,#1701,
#1702,#1703,#1704),.UNSPECIFIED.,.T.,.F.) B_SPLINE_CURVE_WITH_KNOTS((1,2
    ,2,2,2,1),(-2.094395102393,0.,2.094395102393,4.188790204786,
6.28318530718,8.377580409573),.UNSPECIFIED.) CURVE() 
GEOMETRIC_REPRESENTATION_ITEM() RATIONAL_B_SPLINE_CURVE((1.,0.5,1.,0.5,
1.,0.5,1.)) REPRESENTATION_ITEM('') );
#1698 = CARTESIAN_POINT('',(-12.5013182444,0.));
#1699 = CARTESIAN_POINT('',(-12.5013182444,21.652918360897));
#1700 = CARTESIAN_POINT('',(6.250659122202,10.826459180448));
#1701 = CARTESIAN_POINT('',(25.002636488809,3.061939874627E-15));
#1702 = CARTESIAN_POINT('',(6.250659122202,-10.82645918044));
#1703 = CARTESIAN_POINT('',(-12.5013182444,-21.65291836089));
#1704 = CARTESIAN_POINT('',(-12.5013182444,0.));
#1705 = ( GEOMETRIC_REPRESENTATION_CONTEXT(2) 
PARAMETRIC_REPRESENTATION_CONTEXT() REPRESENTATION_CONTEXT('2D SPACE',''
  ) );
#1706 = PCURVE('',#1707,#1712);
#1707 = CYLINDRICAL_SURFACE('',#1708,12.501318244405);
#1708 = AXIS2_PLACEMENT_3D('',#1709,#1710,#1711);
#1709 = CARTESIAN_POINT('',(-3.158778706545E-02,-3.478030322909E-02,
    29.44201728174));
#1710 = DIRECTION('',(9.219432559887E-04,2.434067575137E-03,
    -0.999996612662));
#1711 = DIRECTION('',(-4.235164736272E-22,-0.999997037651,
    -2.434068609592E-03));
#1712 = DEFINITIONAL_REPRESENTATION('',(#1713),#1717);
#1713 = LINE('',#1714,#1715);
#1714 = CARTESIAN_POINT('',(0.,23.777867862786));
#1715 = VECTOR('',#1716,1.);
#1716 = DIRECTION('',(1.,0.));
#1717 = ( GEOMETRIC_REPRESENTATION_CONTEXT(2) 
PARAMETRIC_REPRESENTATION_CONTEXT() REPRESENTATION_CONTEXT('2D SPACE',''
  ) );
#1718 = ORIENTED_EDGE('',*,*,#1719,.T.);
#1719 = EDGE_CURVE('',#1687,#1720,#1722,.T.);
#1720 = VERTEX_POINT('',#1721);
#1721 = CARTESIAN_POINT('',(-4.00000006221,11.870440577209,
    5.689388421959));
#1722 = SURFACE_CURVE('',#1723,(#1728,#1739),.PCURVE_S1.);
#1723 = CIRCLE('',#1724,12.501318244405);
#1724 = AXIS2_PLACEMENT_3D('',#1725,#1726,#1727);
#1725 = CARTESIAN_POINT('',(-9.665942147563E-03,2.309663394162E-02,
    5.664229962626));
#1726 = DIRECTION('',(9.219432559887E-04,2.434067575137E-03,
    -0.999996612662));
#1727 = DIRECTION('',(-4.235164736271E-22,-0.999997037651,
    -2.434068609592E-03));
#1728 = PCURVE('',#1631,#1729);
#1729 = DEFINITIONAL_REPRESENTATION('',(#1730),#1738);
#1730 = ( BOUNDED_CURVE() B_SPLINE_CURVE(2,(#1731,#1732,#1733,#1734,
#1735,#1736,#1737),.UNSPECIFIED.,.T.,.F.) B_SPLINE_CURVE_WITH_KNOTS((1,2
    ,2,2,2,1),(-2.094395102393,0.,2.094395102393,4.188790204786,
6.28318530718,8.377580409573),.UNSPECIFIED.) CURVE() 
GEOMETRIC_REPRESENTATION_ITEM() RATIONAL_B_SPLINE_CURVE((1.,0.5,1.,0.5,
1.,0.5,1.)) REPRESENTATION_ITEM('') );
#1731 = CARTESIAN_POINT('',(-12.5013182444,0.));
#1732 = CARTESIAN_POINT('',(-12.5013182444,21.652918360897));
#1733 = CARTESIAN_POINT('',(6.250659122202,10.826459180448));
#1734 = CARTESIAN_POINT('',(25.002636488809,3.061939874627E-15));
#1735 = CARTESIAN_POINT('',(6.250659122202,-10.82645918044));
#1736 = CARTESIAN_POINT('',(-12.5013182444,-21.65291836089));
#1737 = CARTESIAN_POINT('',(-12.5013182444,0.));
#1738 = ( GEOMETRIC_REPRESENTATION_CONTEXT(2) 
PARAMETRIC_REPRESENTATION_CONTEXT() REPRESENTATION_CONTEXT('2D SPACE',''
  ) );
#1739 = PCURVE('',#1740,#1745);
#1740 = CYLINDRICAL_SURFACE('',#1741,12.501318244405);
#1741 = AXIS2_PLACEMENT_3D('',#1742,#1743,#1744);
#1742 = CARTESIAN_POINT('',(-3.158778706545E-02,-3.478030322909E-02,
    29.44201728174));
#1743 = DIRECTION('',(9.219432559887E-04,2.434067575137E-03,
    -0.999996612662));
#1744 = DIRECTION('',(-4.235164736272E-22,-0.999997037651,
    -2.434068609592E-03));
#1745 = DEFINITIONAL_REPRESENTATION('',(#1746),#1750);
#1746 = LINE('',#1747,#1748);
#1747 = CARTESIAN_POINT('',(0.,23.777867862786));
#1748 = VECTOR('',#1749,1.);
#1749 = DIRECTION('',(1.,0.));
#1750 = ( GEOMETRIC_REPRESENTATION_CONTEXT(2) 
PARAMETRIC_REPRESENTATION_CONTEXT() REPRESENTATION_CONTEXT('2D SPACE',''
  ) );
#1751 = ORIENTED_EDGE('',*,*,#1752,.F.);
#1752 = EDGE_CURVE('',#1753,#1720,#1755,.T.);
#1753 = VERTEX_POINT('',#1754);
#1754 = CARTESIAN_POINT('',(-4.000008880451,15.799988277161,
    5.69895323087));
#1755 = SURFACE_CURVE('',#1756,(#1760,#1766),.PCURVE_S1.);
#1756 = LINE('',#1757,#1758);
#1757 = CARTESIAN_POINT('',(-3.999986577955,5.861643160035,
    5.674762565889));
#1758 = VECTOR('',#1759,1.);
#1759 = DIRECTION('',(2.244078833259E-06,-0.999997037653,
    -2.434066540677E-03));
#1760 = PCURVE('',#1631,#1761);
#1761 = DEFINITIONAL_REPRESENTATION('',(#1762),#1765);
#1762 = B_SPLINE_CURVE_WITH_KNOTS('',1,(#1763,#1764),.UNSPECIFIED.,.F.,
  .F.,(2,2),(-9.938374558039,-5.783229508039),.PIECEWISE_BEZIER_KNOTS.);
#1763 = CARTESIAN_POINT('',(15.776929425371,3.990344634159));
#1764 = CARTESIAN_POINT('',(11.621784375382,3.990335309682));
#1765 = ( GEOMETRIC_REPRESENTATION_CONTEXT(2) 
PARAMETRIC_REPRESENTATION_CONTEXT() REPRESENTATION_CONTEXT('2D SPACE',''
  ) );
#1766 = PCURVE('',#1767,#1772);
#1767 = PLANE('',#1768);
#1768 = AXIS2_PLACEMENT_3D('',#1769,#1770,#1771);
#1769 = CARTESIAN_POINT('',(-3.999999555977,11.644855536142,
    28.422118385737));
#1770 = DIRECTION('',(-0.999999999997,-2.244085481013E-06,-0.));
#1771 = DIRECTION('',(0.,0.,-1.));
#1772 = DEFINITIONAL_REPRESENTATION('',(#1773),#1777);
#1773 = LINE('',#1774,#1775);
#1774 = CARTESIAN_POINT('',(22.747355819848,5.783212376121));
#1775 = VECTOR('',#1776,1.);
#1776 = DIRECTION('',(2.434066540677E-03,0.999997037656));
#1777 = ( GEOMETRIC_REPRESENTATION_CONTEXT(2) 
PARAMETRIC_REPRESENTATION_CONTEXT() REPRESENTATION_CONTEXT('2D SPACE',''
  ) );
#1778 = ORIENTED_EDGE('',*,*,#1779,.T.);
#1779 = EDGE_CURVE('',#1753,#1780,#1782,.T.);
#1780 = VERTEX_POINT('',#1781);
#1781 = CARTESIAN_POINT('',(3.999991119549,15.799988277161,
    5.706328801901));
#1782 = SURFACE_CURVE('',#1783,(#1787,#1793),.PCURVE_S1.);
#1783 = LINE('',#1784,#1785);
#1784 = CARTESIAN_POINT('',(-5.902032991321E-03,15.799988277161,
    5.702635583215));
#1785 = VECTOR('',#1786,1.);
#1786 = DIRECTION('',(0.999999575008,-0.,9.219459871125E-04));
#1787 = PCURVE('',#1631,#1788);
#1788 = DEFINITIONAL_REPRESENTATION('',(#1789),#1792);
#1789 = B_SPLINE_CURVE_WITH_KNOTS('',1,(#1790,#1791),.UNSPECIFIED.,.F.,
  .F.,(2,2),(-3.994108544925,4.005894855015),.PIECEWISE_BEZIER_KNOTS.);
#1790 = CARTESIAN_POINT('',(15.776929425371,3.990344634159));
#1791 = CARTESIAN_POINT('',(15.776947378017,-4.009658765761));
#1792 = ( GEOMETRIC_REPRESENTATION_CONTEXT(2) 
PARAMETRIC_REPRESENTATION_CONTEXT() REPRESENTATION_CONTEXT('2D SPACE',''
  ) );
#1793 = PCURVE('',#1794,#1799);
#1794 = PLANE('',#1795);
#1795 = AXIS2_PLACEMENT_3D('',#1796,#1797,#1798);
#1796 = CARTESIAN_POINT('',(-8.880450529357E-06,15.799988277161,
    3.431532285275));
#1797 = DIRECTION('',(-0.,-1.,-0.));
#1798 = DIRECTION('',(0.,0.,-1.));
#1799 = DEFINITIONAL_REPRESENTATION('',(#1800),#1804);
#1800 = LINE('',#1801,#1802);
#1801 = CARTESIAN_POINT('',(-2.27110329794,-5.893152540792E-03));
#1802 = VECTOR('',#1803,1.);
#1803 = DIRECTION('',(-9.219459871125E-04,0.999999575008));
#1804 = ( GEOMETRIC_REPRESENTATION_CONTEXT(2) 
PARAMETRIC_REPRESENTATION_CONTEXT() REPRESENTATION_CONTEXT('2D SPACE',''
  ) );
#1805 = ORIENTED_EDGE('',*,*,#1806,.F.);
#1806 = EDGE_CURVE('',#1685,#1780,#1807,.T.);
#1807 = SURFACE_CURVE('',#1808,(#1812,#1818),.PCURVE_S1.);
#1808 = LINE('',#1809,#1810);
#1809 = CARTESIAN_POINT('',(4.000013558625,5.800780996652,5.681989993926
    ));
#1810 = VECTOR('',#1811,1.);
#1811 = DIRECTION('',(-2.244078833259E-06,0.999997037653,
    2.434066540677E-03));
#1812 = PCURVE('',#1631,#1813);
#1813 = DEFINITIONAL_REPRESENTATION('',(#1814),#1817);
#1814 = B_SPLINE_CURVE_WITH_KNOTS('',1,(#1815,#1816),.UNSPECIFIED.,.F.,
  .F.,(2,2),(5.844091851717,9.999236901717),.PIECEWISE_BEZIER_KNOTS.);
#1815 = CARTESIAN_POINT('',(11.621802328028,-4.009668090238));
#1816 = CARTESIAN_POINT('',(15.776947378017,-4.009658765761));
#1817 = ( GEOMETRIC_REPRESENTATION_CONTEXT(2) 
PARAMETRIC_REPRESENTATION_CONTEXT() REPRESENTATION_CONTEXT('2D SPACE',''
  ) );
#1818 = PCURVE('',#1819,#1824);
#1819 = PLANE('',#1820);
#1820 = AXIS2_PLACEMENT_3D('',#1821,#1822,#1823);
#1821 = CARTESIAN_POINT('',(4.000000444023,11.644855536142,
    -21.57928161426));
#1822 = DIRECTION('',(0.999999999997,2.244085481013E-06,-0.));
#1823 = DIRECTION('',(0.,0.,1.));
#1824 = DEFINITIONAL_REPRESENTATION('',(#1825),#1829);
#1825 = LINE('',#1826,#1827);
#1826 = CARTESIAN_POINT('',(27.26127160819,5.844074539505));
#1827 = VECTOR('',#1828,1.);
#1828 = DIRECTION('',(2.434066540677E-03,-0.999997037656));
#1829 = ( GEOMETRIC_REPRESENTATION_CONTEXT(2) 
PARAMETRIC_REPRESENTATION_CONTEXT() REPRESENTATION_CONTEXT('2D SPACE',''
  ) );
#1830 = ADVANCED_FACE('',(#1831),#1663,.T.);
#1831 = FACE_BOUND('',#1832,.T.);
#1832 = EDGE_LOOP('',(#1833,#1856,#1857,#1858));
#1833 = ORIENTED_EDGE('',*,*,#1834,.T.);
#1834 = EDGE_CURVE('',#1835,#1647,#1837,.T.);
#1835 = VERTEX_POINT('',#1836);
#1836 = CARTESIAN_POINT('',(-7.453611773174E-03,41.340985352913,
    3.365156418576));
#1837 = SEAM_CURVE('',#1838,(#1842,#1849),.PCURVE_S1.);
#1838 = LINE('',#1839,#1840);
#1839 = CARTESIAN_POINT('',(-1.403607014301E-03,41.356958266991,
    -3.19705250932));
#1840 = VECTOR('',#1841,1.);
#1841 = DIRECTION('',(-9.219432559887E-04,-2.434067575137E-03,
    0.999996612662));
#1842 = PCURVE('',#1663,#1843);
#1843 = DEFINITIONAL_REPRESENTATION('',(#1844),#1848);
#1844 = LINE('',#1845,#1846);
#1845 = CARTESIAN_POINT('',(6.28318530718,-0.));
#1846 = VECTOR('',#1847,1.);
#1847 = DIRECTION('',(0.,1.));
#1848 = ( GEOMETRIC_REPRESENTATION_CONTEXT(2) 
PARAMETRIC_REPRESENTATION_CONTEXT() REPRESENTATION_CONTEXT('2D SPACE',''
  ) );
#1849 = PCURVE('',#1663,#1850);
#1850 = DEFINITIONAL_REPRESENTATION('',(#1851),#1855);
#1851 = LINE('',#1852,#1853);
#1852 = CARTESIAN_POINT('',(0.,-0.));
#1853 = VECTOR('',#1854,1.);
#1854 = DIRECTION('',(0.,1.));
#1855 = ( GEOMETRIC_REPRESENTATION_CONTEXT(2) 
PARAMETRIC_REPRESENTATION_CONTEXT() REPRESENTATION_CONTEXT('2D SPACE',''
  ) );
#1856 = ORIENTED_EDGE('',*,*,#1646,.F.);
#1857 = ORIENTED_EDGE('',*,*,#1834,.F.);
#1858 = ORIENTED_EDGE('',*,*,#1859,.T.);
#1859 = EDGE_CURVE('',#1835,#1835,#1860,.T.);
#1860 = SURFACE_CURVE('',#1861,(#1866,#1873),.PCURVE_S1.);
#1861 = CIRCLE('',#1862,41.312170218204);
#1862 = AXIS2_PLACEMENT_3D('',#1863,#1864,#1865);
#1863 = CARTESIAN_POINT('',(-7.453611773184E-03,2.893751579068E-02,
    3.264599761854));
#1864 = DIRECTION('',(-9.219432559887E-04,-2.434067575137E-03,
    0.999996612662));
#1865 = DIRECTION('',(-4.235164736272E-22,-0.999997037651,
    -2.434068609592E-03));
#1866 = PCURVE('',#1663,#1867);
#1867 = DEFINITIONAL_REPRESENTATION('',(#1868),#1872);
#1868 = LINE('',#1869,#1870);
#1869 = CARTESIAN_POINT('',(-3.14159265359,6.56223115639));
#1870 = VECTOR('',#1871,1.);
#1871 = DIRECTION('',(1.,0.));
#1872 = ( GEOMETRIC_REPRESENTATION_CONTEXT(2) 
PARAMETRIC_REPRESENTATION_CONTEXT() REPRESENTATION_CONTEXT('2D SPACE',''
  ) );
#1873 = PCURVE('',#1874,#1879);
#1874 = CONICAL_SURFACE('',#1875,41.486010045249,1.33119459557);
#1875 = AXIS2_PLACEMENT_3D('',#1876,#1877,#1878);
#1876 = CARTESIAN_POINT('',(-7.414458562321E-03,2.90408861016E-02,
    3.222131770485));
#1877 = DIRECTION('',(9.219432559887E-04,2.434067575137E-03,
    -0.999996612662));
#1878 = DIRECTION('',(4.235164736272E-22,0.999997037651,
    2.434068609592E-03));
#1879 = DEFINITIONAL_REPRESENTATION('',(#1880),#1884);
#1880 = LINE('',#1881,#1882);
#1881 = CARTESIAN_POINT('',(3.14159265359,-4.246813522318E-02));
#1882 = VECTOR('',#1883,1.);
#1883 = DIRECTION('',(-1.,-0.));
#1884 = ( GEOMETRIC_REPRESENTATION_CONTEXT(2) 
PARAMETRIC_REPRESENTATION_CONTEXT() REPRESENTATION_CONTEXT('2D SPACE',''
  ) );
#1885 = ADVANCED_FACE('',(#1886),#1707,.F.);
#1886 = FACE_BOUND('',#1887,.F.);
#1887 = EDGE_LOOP('',(#1888,#1889,#1912,#1945,#1972,#1999,#2026,#2053,
    #2080,#2107));
#1888 = ORIENTED_EDGE('',*,*,#1684,.T.);
#1889 = ORIENTED_EDGE('',*,*,#1890,.F.);
#1890 = EDGE_CURVE('',#1891,#1687,#1893,.T.);
#1891 = VERTEX_POINT('',#1892);
#1892 = CARTESIAN_POINT('',(1.547111329707E-02,-12.41181900512,
    -21.63140239429));
#1893 = SURFACE_CURVE('',#1894,(#1898,#1905),.PCURVE_S1.);
#1894 = LINE('',#1895,#1896);
#1895 = CARTESIAN_POINT('',(1.547111329707E-02,-12.41181900512,
    -21.63140239429));
#1896 = VECTOR('',#1897,1.);
#1897 = DIRECTION('',(-9.219432559887E-04,-2.434067575137E-03,
    0.999996612662));
#1898 = PCURVE('',#1707,#1899);
#1899 = DEFINITIONAL_REPRESENTATION('',(#1900),#1904);
#1900 = LINE('',#1901,#1902);
#1901 = CARTESIAN_POINT('',(6.28318530718,51.043163510155));
#1902 = VECTOR('',#1903,1.);
#1903 = DIRECTION('',(-0.,-1.));
#1904 = ( GEOMETRIC_REPRESENTATION_CONTEXT(2) 
PARAMETRIC_REPRESENTATION_CONTEXT() REPRESENTATION_CONTEXT('2D SPACE',''
  ) );
#1905 = PCURVE('',#1740,#1906);
#1906 = DEFINITIONAL_REPRESENTATION('',(#1907),#1911);
#1907 = LINE('',#1908,#1909);
#1908 = CARTESIAN_POINT('',(0.,51.043163510155));
#1909 = VECTOR('',#1910,1.);
#1910 = DIRECTION('',(-0.,-1.));
#1911 = ( GEOMETRIC_REPRESENTATION_CONTEXT(2) 
PARAMETRIC_REPRESENTATION_CONTEXT() REPRESENTATION_CONTEXT('2D SPACE',''
  ) );
#1912 = ORIENTED_EDGE('',*,*,#1913,.F.);
#1913 = EDGE_CURVE('',#1914,#1891,#1916,.T.);
#1914 = VERTEX_POINT('',#1915);
#1915 = CARTESIAN_POINT('',(3.999999784516,11.938742009182,
    -21.56845776073));
#1916 = SURFACE_CURVE('',#1917,(#1922,#1929),.PCURVE_S1.);
#1917 = CIRCLE('',#1918,12.501318244405);
#1918 = AXIS2_PLACEMENT_3D('',#1919,#1920,#1921);
#1919 = CARTESIAN_POINT('',(1.547111329707E-02,8.946220600342E-02,
    -21.60097332797));
#1920 = DIRECTION('',(9.219432559887E-04,2.434067575137E-03,
    -0.999996612662));
#1921 = DIRECTION('',(-4.235164736271E-22,-0.999997037651,
    -2.434068609592E-03));
#1922 = PCURVE('',#1707,#1923);
#1923 = DEFINITIONAL_REPRESENTATION('',(#1924),#1928);
#1924 = LINE('',#1925,#1926);
#1925 = CARTESIAN_POINT('',(0.,51.043163510155));
#1926 = VECTOR('',#1927,1.);
#1927 = DIRECTION('',(1.,0.));
#1928 = ( GEOMETRIC_REPRESENTATION_CONTEXT(2) 
PARAMETRIC_REPRESENTATION_CONTEXT() REPRESENTATION_CONTEXT('2D SPACE',''
  ) );
#1929 = PCURVE('',#1930,#1935);
#1930 = PLANE('',#1931);
#1931 = AXIS2_PLACEMENT_3D('',#1932,#1933,#1934);
#1932 = CARTESIAN_POINT('',(1.547111329707E-02,8.946220600342E-02,
    -21.60097332797));
#1933 = DIRECTION('',(-9.219432559887E-04,-2.434067575137E-03,
    0.999996612662));
#1934 = DIRECTION('',(4.235164736272E-22,0.999997037651,
    2.434068609592E-03));
#1935 = DEFINITIONAL_REPRESENTATION('',(#1936),#1944);
#1936 = ( BOUNDED_CURVE() B_SPLINE_CURVE(2,(#1937,#1938,#1939,#1940,
#1941,#1942,#1943),.UNSPECIFIED.,.T.,.F.) B_SPLINE_CURVE_WITH_KNOTS((1,2
    ,2,2,2,1),(-2.094395102393,0.,2.094395102393,4.188790204786,
6.28318530718,8.377580409573),.UNSPECIFIED.) CURVE() 
GEOMETRIC_REPRESENTATION_ITEM() RATIONAL_B_SPLINE_CURVE((1.,0.5,1.,0.5,
1.,0.5,1.)) REPRESENTATION_ITEM('') );
#1937 = CARTESIAN_POINT('',(-12.5013182444,-3.275390713749E-18));
#1938 = CARTESIAN_POINT('',(-12.5013182444,21.652918360897));
#1939 = CARTESIAN_POINT('',(6.250659122202,10.826459180448));
#1940 = CARTESIAN_POINT('',(25.002636488809,3.058664483913E-15));
#1941 = CARTESIAN_POINT('',(6.250659122202,-10.82645918044));
#1942 = CARTESIAN_POINT('',(-12.5013182444,-21.65291836089));
#1943 = CARTESIAN_POINT('',(-12.5013182444,-3.275390713749E-18));
#1944 = ( GEOMETRIC_REPRESENTATION_CONTEXT(2) 
PARAMETRIC_REPRESENTATION_CONTEXT() REPRESENTATION_CONTEXT('2D SPACE',''
  ) );
#1945 = ORIENTED_EDGE('',*,*,#1946,.T.);
#1946 = EDGE_CURVE('',#1914,#1947,#1949,.T.);
#1947 = VERTEX_POINT('',#1948);
#1948 = CARTESIAN_POINT('',(3.999999882758,11.89496403092,
    -5.618659784299));
#1949 = SURFACE_CURVE('',#1950,(#1955,#1965),.PCURVE_S1.);
#1950 = ELLIPSE('',#1951,1.355966768764E+04,12.501318244405);
#1951 = AXIS2_PLACEMENT_3D('',#1952,#1953,#1954);
#1952 = CARTESIAN_POINT('',(4.000002768078,10.609219512119,
    -4.343470168578E+03));
#1953 = DIRECTION('',(0.999999999997,2.244085481013E-06,0.));
#1954 = DIRECTION('',(-5.462253383753E-09,2.434066540671E-03,
    -0.999997037656));
#1955 = PCURVE('',#1707,#1956);
#1956 = DEFINITIONAL_REPRESENTATION('',(#1957),#1964);
#1957 = B_SPLINE_CURVE_WITH_KNOTS('',5,(#1958,#1959,#1960,#1961,#1962,
    #1963),.UNSPECIFIED.,.F.,.F.,(6,6),(1.895186626026,1.896430818931),
  .PIECEWISE_BEZIER_KNOTS.);
#1958 = CARTESIAN_POINT('',(3.465980708741,51.043164110155));
#1959 = CARTESIAN_POINT('',(3.466229547322,47.844975972657));
#1960 = CARTESIAN_POINT('',(3.466478385903,44.647122352424));
#1961 = CARTESIAN_POINT('',(3.466727224484,41.449603662025));
#1962 = CARTESIAN_POINT('',(3.466976063065,38.252420313939));
#1963 = CARTESIAN_POINT('',(3.467224901646,35.055572720572));
#1964 = ( GEOMETRIC_REPRESENTATION_CONTEXT(2) 
PARAMETRIC_REPRESENTATION_CONTEXT() REPRESENTATION_CONTEXT('2D SPACE',''
  ) );
#1965 = PCURVE('',#1819,#1966);
#1966 = DEFINITIONAL_REPRESENTATION('',(#1967),#1971);
#1967 = ELLIPSE('',#1968,1.355966768764E+04,12.501318244405);
#1968 = AXIS2_PLACEMENT_2D('',#1969,#1970);
#1969 = CARTESIAN_POINT('',(-4.321890886964E+03,1.035636024025));
#1970 = DIRECTION('',(-0.999997037656,-2.434066540677E-03));
#1971 = ( GEOMETRIC_REPRESENTATION_CONTEXT(2) 
PARAMETRIC_REPRESENTATION_CONTEXT() REPRESENTATION_CONTEXT('2D SPACE',''
  ) );
#1972 = ORIENTED_EDGE('',*,*,#1973,.T.);
#1973 = EDGE_CURVE('',#1947,#1974,#1976,.T.);
#1974 = VERTEX_POINT('',#1975);
#1975 = CARTESIAN_POINT('',(3.99999988299,11.894860421705,-5.58092022662
    ));
#1976 = SURFACE_CURVE('',#1977,(#1982,#1992),.PCURVE_S1.);
#1977 = ELLIPSE('',#1978,1.355966768764E+04,12.501318244405);
#1978 = AXIS2_PLACEMENT_3D('',#1979,#1980,#1981);
#1979 = CARTESIAN_POINT('',(4.000002768078,10.609219512119,
    -4.343470168578E+03));
#1980 = DIRECTION('',(0.999999999997,2.244085481013E-06,0.));
#1981 = DIRECTION('',(-5.462253383753E-09,2.434066540671E-03,
    -0.999997037656));
#1982 = PCURVE('',#1707,#1983);
#1983 = DEFINITIONAL_REPRESENTATION('',(#1984),#1991);
#1984 = B_SPLINE_CURVE_WITH_KNOTS('',5,(#1985,#1986,#1987,#1988,#1989,
    #1990),.UNSPECIFIED.,.F.,.F.,(6,6),(1.895186626026,1.896430818931),
  .PIECEWISE_BEZIER_KNOTS.);
#1985 = CARTESIAN_POINT('',(3.465980708741,51.043164110155));
#1986 = CARTESIAN_POINT('',(3.466229547322,47.844975972657));
#1987 = CARTESIAN_POINT('',(3.466478385903,44.647122352424));
#1988 = CARTESIAN_POINT('',(3.466727224484,41.449603662025));
#1989 = CARTESIAN_POINT('',(3.466976063065,38.252420313939));
#1990 = CARTESIAN_POINT('',(3.467224901646,35.055572720572));
#1991 = ( GEOMETRIC_REPRESENTATION_CONTEXT(2) 
PARAMETRIC_REPRESENTATION_CONTEXT() REPRESENTATION_CONTEXT('2D SPACE',''
  ) );
#1992 = PCURVE('',#1819,#1993);
#1993 = DEFINITIONAL_REPRESENTATION('',(#1994),#1998);
#1994 = ELLIPSE('',#1995,1.355966768764E+04,12.501318244405);
#1995 = AXIS2_PLACEMENT_2D('',#1996,#1997);
#1996 = CARTESIAN_POINT('',(-4.321890886964E+03,1.035636024025));
#1997 = DIRECTION('',(-0.999997037656,-2.434066540677E-03));
#1998 = ( GEOMETRIC_REPRESENTATION_CONTEXT(2) 
PARAMETRIC_REPRESENTATION_CONTEXT() REPRESENTATION_CONTEXT('2D SPACE',''
  ) );
#1999 = ORIENTED_EDGE('',*,*,#2000,.T.);
#2000 = EDGE_CURVE('',#1974,#2001,#2003,.T.);
#2001 = VERTEX_POINT('',#2002);
#2002 = CARTESIAN_POINT('',(3.999999897258,11.888502387986,
    -3.265091885761));
#2003 = SURFACE_CURVE('',#2004,(#2009,#2019),.PCURVE_S1.);
#2004 = ELLIPSE('',#2005,1.355966768764E+04,12.501318244405);
#2005 = AXIS2_PLACEMENT_3D('',#2006,#2007,#2008);
#2006 = CARTESIAN_POINT('',(4.000002768078,10.609219512119,
    -4.343470168578E+03));
#2007 = DIRECTION('',(0.999999999997,2.244085481013E-06,0.));
#2008 = DIRECTION('',(-5.462253383753E-09,2.434066540671E-03,
    -0.999997037656));
#2009 = PCURVE('',#1707,#2010);
#2010 = DEFINITIONAL_REPRESENTATION('',(#2011),#2018);
#2011 = B_SPLINE_CURVE_WITH_KNOTS('',5,(#2012,#2013,#2014,#2015,#2016,
    #2017),.UNSPECIFIED.,.F.,.F.,(6,6),(1.89642788123,1.896615705015),
  .PIECEWISE_BEZIER_KNOTS.);
#2012 = CARTESIAN_POINT('',(3.467221963945,35.093313602604));
#2013 = CARTESIAN_POINT('',(3.467259528702,34.610715921084));
#2014 = CARTESIAN_POINT('',(3.467297093459,34.128125891015));
#2015 = CARTESIAN_POINT('',(3.467334658216,33.645543513824));
#2016 = CARTESIAN_POINT('',(3.467372222973,33.162968790931));
#2017 = CARTESIAN_POINT('',(3.46740978773,32.680401723747));
#2018 = ( GEOMETRIC_REPRESENTATION_CONTEXT(2) 
PARAMETRIC_REPRESENTATION_CONTEXT() REPRESENTATION_CONTEXT('2D SPACE',''
  ) );
#2019 = PCURVE('',#1819,#2020);
#2020 = DEFINITIONAL_REPRESENTATION('',(#2021),#2025);
#2021 = ELLIPSE('',#2022,1.355966768764E+04,12.501318244405);
#2022 = AXIS2_PLACEMENT_2D('',#2023,#2024);
#2023 = CARTESIAN_POINT('',(-4.321890886964E+03,1.035636024025));
#2024 = DIRECTION('',(-0.999997037656,-2.434066540677E-03));
#2025 = ( GEOMETRIC_REPRESENTATION_CONTEXT(2) 
PARAMETRIC_REPRESENTATION_CONTEXT() REPRESENTATION_CONTEXT('2D SPACE',''
  ) );
#2026 = ORIENTED_EDGE('',*,*,#2027,.T.);
#2027 = EDGE_CURVE('',#2001,#2028,#2030,.T.);
#2028 = VERTEX_POINT('',#2029);
#2029 = CARTESIAN_POINT('',(3.999999897624,11.888339480449,
    -3.205757056713));
#2030 = SURFACE_CURVE('',#2031,(#2036,#2046),.PCURVE_S1.);
#2031 = ELLIPSE('',#2032,1.355966768764E+04,12.501318244405);
#2032 = AXIS2_PLACEMENT_3D('',#2033,#2034,#2035);
#2033 = CARTESIAN_POINT('',(4.000002768078,10.609219512119,
    -4.343470168578E+03));
#2034 = DIRECTION('',(0.999999999997,2.244085481013E-06,0.));
#2035 = DIRECTION('',(-5.462253383753E-09,2.434066540671E-03,
    -0.999997037656));
#2036 = PCURVE('',#1707,#2037);
#2037 = DEFINITIONAL_REPRESENTATION('',(#2038),#2045);
#2038 = B_SPLINE_CURVE_WITH_KNOTS('',5,(#2039,#2040,#2041,#2042,#2043,
    #2044),.UNSPECIFIED.,.F.,.F.,(6,6),(1.896611086073,1.89712451614),
  .PIECEWISE_BEZIER_KNOTS.);
#2039 = CARTESIAN_POINT('',(3.467405168788,32.739737948335));
#2040 = CARTESIAN_POINT('',(3.467507854802,31.420603486241));
#2041 = CARTESIAN_POINT('',(3.467610540815,30.10152623007));
#2042 = CARTESIAN_POINT('',(3.467713226828,28.78250620884));
#2043 = CARTESIAN_POINT('',(3.467815912841,27.463543451459));
#2044 = CARTESIAN_POINT('',(3.467918598855,26.144637986952));
#2045 = ( GEOMETRIC_REPRESENTATION_CONTEXT(2) 
PARAMETRIC_REPRESENTATION_CONTEXT() REPRESENTATION_CONTEXT('2D SPACE',''
  ) );
#2046 = PCURVE('',#1819,#2047);
#2047 = DEFINITIONAL_REPRESENTATION('',(#2048),#2052);
#2048 = ELLIPSE('',#2049,1.355966768764E+04,12.501318244405);
#2049 = AXIS2_PLACEMENT_2D('',#2050,#2051);
#2050 = CARTESIAN_POINT('',(-4.321890886964E+03,1.035636024025));
#2051 = DIRECTION('',(-0.999997037656,-2.434066540677E-03));
#2052 = ( GEOMETRIC_REPRESENTATION_CONTEXT(2) 
PARAMETRIC_REPRESENTATION_CONTEXT() REPRESENTATION_CONTEXT('2D SPACE',''
  ) );
#2053 = ORIENTED_EDGE('',*,*,#2054,.T.);
#2054 = EDGE_CURVE('',#2028,#2055,#2057,.T.);
#2055 = VERTEX_POINT('',#2056);
#2056 = CARTESIAN_POINT('',(3.999999937432,11.870600339758,
    3.254649645215));
#2057 = SURFACE_CURVE('',#2058,(#2063,#2073),.PCURVE_S1.);
#2058 = ELLIPSE('',#2059,1.355966768764E+04,12.501318244405);
#2059 = AXIS2_PLACEMENT_3D('',#2060,#2061,#2062);
#2060 = CARTESIAN_POINT('',(4.000002768078,10.609219512119,
    -4.343470168578E+03));
#2061 = DIRECTION('',(0.999999999997,2.244085481013E-06,0.));
#2062 = DIRECTION('',(-5.462253383753E-09,2.434066540671E-03,
    -0.999997037656));
#2063 = PCURVE('',#1707,#2064);
#2064 = DEFINITIONAL_REPRESENTATION('',(#2065),#2072);
#2065 = B_SPLINE_CURVE_WITH_KNOTS('',5,(#2066,#2067,#2068,#2069,#2070,
    #2071),.UNSPECIFIED.,.F.,.F.,(6,6),(1.896611086073,1.89712451614),
  .PIECEWISE_BEZIER_KNOTS.);
#2066 = CARTESIAN_POINT('',(3.467405168788,32.739737948335));
#2067 = CARTESIAN_POINT('',(3.467507854802,31.420603486241));
#2068 = CARTESIAN_POINT('',(3.467610540815,30.10152623007));
#2069 = CARTESIAN_POINT('',(3.467713226828,28.78250620884));
#2070 = CARTESIAN_POINT('',(3.467815912841,27.463543451459));
#2071 = CARTESIAN_POINT('',(3.467918598855,26.144637986952));
#2072 = ( GEOMETRIC_REPRESENTATION_CONTEXT(2) 
PARAMETRIC_REPRESENTATION_CONTEXT() REPRESENTATION_CONTEXT('2D SPACE',''
  ) );
#2073 = PCURVE('',#1819,#2074);
#2074 = DEFINITIONAL_REPRESENTATION('',(#2075),#2079);
#2075 = ELLIPSE('',#2076,1.355966768764E+04,12.501318244405);
#2076 = AXIS2_PLACEMENT_2D('',#2077,#2078);
#2077 = CARTESIAN_POINT('',(-4.321890886964E+03,1.035636024025));
#2078 = DIRECTION('',(-0.999997037656,-2.434066540677E-03));
#2079 = ( GEOMETRIC_REPRESENTATION_CONTEXT(2) 
PARAMETRIC_REPRESENTATION_CONTEXT() REPRESENTATION_CONTEXT('2D SPACE',''
  ) );
#2080 = ORIENTED_EDGE('',*,*,#2081,.T.);
#2081 = EDGE_CURVE('',#2055,#2082,#2084,.T.);
#2082 = VERTEX_POINT('',#2083);
#2083 = CARTESIAN_POINT('',(3.999999937896,11.870393462054,
    3.329985137062));
#2084 = SURFACE_CURVE('',#2085,(#2090,#2100),.PCURVE_S1.);
#2085 = ELLIPSE('',#2086,1.355966768764E+04,12.501318244405);
#2086 = AXIS2_PLACEMENT_3D('',#2087,#2088,#2089);
#2087 = CARTESIAN_POINT('',(4.000002768078,10.609219512119,
    -4.343470168578E+03));
#2088 = DIRECTION('',(0.999999999997,2.244085481013E-06,0.));
#2089 = DIRECTION('',(-5.462253383753E-09,2.434066540671E-03,
    -0.999997037656));
#2090 = PCURVE('',#1707,#2091);
#2091 = DEFINITIONAL_REPRESENTATION('',(#2092),#2099);
#2092 = B_SPLINE_CURVE_WITH_KNOTS('',5,(#2093,#2094,#2095,#2096,#2097,
    #2098),.UNSPECIFIED.,.F.,.F.,(6,6),(1.896611086073,1.89712451614),
  .PIECEWISE_BEZIER_KNOTS.);
#2093 = CARTESIAN_POINT('',(3.467405168788,32.739737948335));
#2094 = CARTESIAN_POINT('',(3.467507854802,31.420603486241));
#2095 = CARTESIAN_POINT('',(3.467610540815,30.10152623007));
#2096 = CARTESIAN_POINT('',(3.467713226828,28.78250620884));
#2097 = CARTESIAN_POINT('',(3.467815912841,27.463543451459));
#2098 = CARTESIAN_POINT('',(3.467918598855,26.144637986952));
#2099 = ( GEOMETRIC_REPRESENTATION_CONTEXT(2) 
PARAMETRIC_REPRESENTATION_CONTEXT() REPRESENTATION_CONTEXT('2D SPACE',''
  ) );
#2100 = PCURVE('',#1819,#2101);
#2101 = DEFINITIONAL_REPRESENTATION('',(#2102),#2106);
#2102 = ELLIPSE('',#2103,1.355966768764E+04,12.501318244405);
#2103 = AXIS2_PLACEMENT_2D('',#2104,#2105);
#2104 = CARTESIAN_POINT('',(-4.321890886964E+03,1.035636024025));
#2105 = DIRECTION('',(-0.999997037656,-2.434066540677E-03));
#2106 = ( GEOMETRIC_REPRESENTATION_CONTEXT(2) 
PARAMETRIC_REPRESENTATION_CONTEXT() REPRESENTATION_CONTEXT('2D SPACE',''
  ) );
#2107 = ORIENTED_EDGE('',*,*,#2108,.T.);
#2108 = EDGE_CURVE('',#2082,#1685,#2109,.T.);
#2109 = SURFACE_CURVE('',#2110,(#2115,#2125),.PCURVE_S1.);
#2110 = ELLIPSE('',#2111,1.355966768764E+04,12.501318244405);
#2111 = AXIS2_PLACEMENT_3D('',#2112,#2113,#2114);
#2112 = CARTESIAN_POINT('',(4.000002768078,10.609219512119,
    -4.343470168578E+03));
#2113 = DIRECTION('',(0.999999999997,2.244085481013E-06,0.));
#2114 = DIRECTION('',(-5.462253383753E-09,2.434066540671E-03,
    -0.999997037656));
#2115 = PCURVE('',#1707,#2116);
#2116 = DEFINITIONAL_REPRESENTATION('',(#2117),#2124);
#2117 = B_SPLINE_CURVE_WITH_KNOTS('',5,(#2118,#2119,#2120,#2121,#2122,
    #2123),.UNSPECIFIED.,.F.,.F.,(6,6),(1.897118650638,1.897308791538),
  .PIECEWISE_BEZIER_KNOTS.);
#2118 = CARTESIAN_POINT('',(3.467912733353,26.219974927168));
#2119 = CARTESIAN_POINT('',(3.467950761533,25.731537676455));
#2120 = CARTESIAN_POINT('',(3.467988789713,25.243108283189));
#2121 = CARTESIAN_POINT('',(3.468026817893,24.754686748848));
#2122 = CARTESIAN_POINT('',(3.468064846073,24.266273074885));
#2123 = CARTESIAN_POINT('',(3.468102874253,23.777867262789));
#2124 = ( GEOMETRIC_REPRESENTATION_CONTEXT(2) 
PARAMETRIC_REPRESENTATION_CONTEXT() REPRESENTATION_CONTEXT('2D SPACE',''
  ) );
#2125 = PCURVE('',#1819,#2126);
#2126 = DEFINITIONAL_REPRESENTATION('',(#2127),#2131);
#2127 = ELLIPSE('',#2128,1.355966768764E+04,12.501318244405);
#2128 = AXIS2_PLACEMENT_2D('',#2129,#2130);
#2129 = CARTESIAN_POINT('',(-4.321890886964E+03,1.035636024025));
#2130 = DIRECTION('',(-0.999997037656,-2.434066540677E-03));
#2131 = ( GEOMETRIC_REPRESENTATION_CONTEXT(2) 
PARAMETRIC_REPRESENTATION_CONTEXT() REPRESENTATION_CONTEXT('2D SPACE',''
  ) );
#2132 = ADVANCED_FACE('',(#2133),#1819,.F.);
#2133 = FACE_BOUND('',#2134,.F.);
#2134 = EDGE_LOOP('',(#2135,#2136,#2137,#2138,#2139,#2140,#2141,#2142,
    #2164,#2185));
#2135 = ORIENTED_EDGE('',*,*,#2108,.F.);
#2136 = ORIENTED_EDGE('',*,*,#2081,.F.);
#2137 = ORIENTED_EDGE('',*,*,#2054,.F.);
#2138 = ORIENTED_EDGE('',*,*,#2027,.F.);
#2139 = ORIENTED_EDGE('',*,*,#2000,.F.);
#2140 = ORIENTED_EDGE('',*,*,#1973,.F.);
#2141 = ORIENTED_EDGE('',*,*,#1946,.F.);
#2142 = ORIENTED_EDGE('',*,*,#2143,.T.);
#2143 = EDGE_CURVE('',#1914,#2144,#2146,.T.);
#2144 = VERTEX_POINT('',#2145);
#2145 = CARTESIAN_POINT('',(3.999991119549,15.799988277161,
    -21.55905920255));
#2146 = SURFACE_CURVE('',#2147,(#2151,#2158),.PCURVE_S1.);
#2147 = LINE('',#2148,#2149);
#2148 = CARTESIAN_POINT('',(4.000013409695,5.867146568713,
    -21.58323647182));
#2149 = VECTOR('',#2150,1.);
#2150 = DIRECTION('',(-2.244078833259E-06,0.999997037653,
    2.434066540677E-03));
#2151 = PCURVE('',#1819,#2152);
#2152 = DEFINITIONAL_REPRESENTATION('',(#2153),#2157);
#2153 = LINE('',#2154,#2155);
#2154 = CARTESIAN_POINT('',(-3.954857564384E-03,5.777708967443));
#2155 = VECTOR('',#2156,1.);
#2156 = DIRECTION('',(2.434066540677E-03,-0.999997037656));
#2157 = ( GEOMETRIC_REPRESENTATION_CONTEXT(2) 
PARAMETRIC_REPRESENTATION_CONTEXT() REPRESENTATION_CONTEXT('2D SPACE',''
  ) );
#2158 = PCURVE('',#1930,#2159);
#2159 = DEFINITIONAL_REPRESENTATION('',(#2160),#2163);
#2160 = B_SPLINE_CURVE_WITH_KNOTS('',1,(#2161,#2162),.UNSPECIFIED.,.F.,
  .F.,(2,2),(5.777726083057,9.932871133057),.PIECEWISE_BEZIER_KNOTS.);
#2161 = CARTESIAN_POINT('',(11.555436502958,-3.98453102411));
#2162 = CARTESIAN_POINT('',(15.710581552947,-3.984521699633));
#2163 = ( GEOMETRIC_REPRESENTATION_CONTEXT(2) 
PARAMETRIC_REPRESENTATION_CONTEXT() REPRESENTATION_CONTEXT('2D SPACE',''
  ) );
#2164 = ORIENTED_EDGE('',*,*,#2165,.F.);
#2165 = EDGE_CURVE('',#1780,#2144,#2166,.T.);
#2166 = SURFACE_CURVE('',#2167,(#2171,#2178),.PCURVE_S1.);
#2167 = LINE('',#2168,#2169);
#2168 = CARTESIAN_POINT('',(3.999991119549,15.799988277161,
    5.706328801901));
#2169 = VECTOR('',#2170,1.);
#2170 = DIRECTION('',(0.,0.,-1.));
#2171 = PCURVE('',#1819,#2172);
#2172 = DEFINITIONAL_REPRESENTATION('',(#2173),#2177);
#2173 = LINE('',#2174,#2175);
#2174 = CARTESIAN_POINT('',(27.285610416164,-4.15513274103));
#2175 = VECTOR('',#2176,1.);
#2176 = DIRECTION('',(-1.,0.));
#2177 = ( GEOMETRIC_REPRESENTATION_CONTEXT(2) 
PARAMETRIC_REPRESENTATION_CONTEXT() REPRESENTATION_CONTEXT('2D SPACE',''
  ) );
#2178 = PCURVE('',#1794,#2179);
#2179 = DEFINITIONAL_REPRESENTATION('',(#2180),#2184);
#2180 = LINE('',#2181,#2182);
#2181 = CARTESIAN_POINT('',(-2.274796516626,4.));
#2182 = VECTOR('',#2183,1.);
#2183 = DIRECTION('',(1.,0.));
#2184 = ( GEOMETRIC_REPRESENTATION_CONTEXT(2) 
PARAMETRIC_REPRESENTATION_CONTEXT() REPRESENTATION_CONTEXT('2D SPACE',''
  ) );
#2185 = ORIENTED_EDGE('',*,*,#1806,.F.);
#2186 = ADVANCED_FACE('',(#2187),#1794,.T.);
#2187 = FACE_BOUND('',#2188,.T.);
#2188 = EDGE_LOOP('',(#2189,#2190,#2213,#2233));
#2189 = ORIENTED_EDGE('',*,*,#1779,.F.);
#2190 = ORIENTED_EDGE('',*,*,#2191,.T.);
#2191 = EDGE_CURVE('',#1753,#2192,#2194,.T.);
#2192 = VERTEX_POINT('',#2193);
#2193 = CARTESIAN_POINT('',(-4.000008880451,15.799988277161,
    -21.56643477358));
#2194 = SURFACE_CURVE('',#2195,(#2199,#2206),.PCURVE_S1.);
#2195 = LINE('',#2196,#2197);
#2196 = CARTESIAN_POINT('',(-4.000008880451,15.799988277161,
    5.69895323087));
#2197 = VECTOR('',#2198,1.);
#2198 = DIRECTION('',(0.,0.,-1.));
#2199 = PCURVE('',#1794,#2200);
#2200 = DEFINITIONAL_REPRESENTATION('',(#2201),#2205);
#2201 = LINE('',#2202,#2203);
#2202 = CARTESIAN_POINT('',(-2.267420945595,-4.));
#2203 = VECTOR('',#2204,1.);
#2204 = DIRECTION('',(1.,0.));
#2205 = ( GEOMETRIC_REPRESENTATION_CONTEXT(2) 
PARAMETRIC_REPRESENTATION_CONTEXT() REPRESENTATION_CONTEXT('2D SPACE',''
  ) );
#2206 = PCURVE('',#1767,#2207);
#2207 = DEFINITIONAL_REPRESENTATION('',(#2208),#2212);
#2208 = LINE('',#2209,#2210);
#2209 = CARTESIAN_POINT('',(22.723165154867,-4.15513274103));
#2210 = VECTOR('',#2211,1.);
#2211 = DIRECTION('',(1.,0.));
#2212 = ( GEOMETRIC_REPRESENTATION_CONTEXT(2) 
PARAMETRIC_REPRESENTATION_CONTEXT() REPRESENTATION_CONTEXT('2D SPACE',''
  ) );
#2213 = ORIENTED_EDGE('',*,*,#2214,.T.);
#2214 = EDGE_CURVE('',#2192,#2144,#2215,.T.);
#2215 = SURFACE_CURVE('',#2216,(#2220,#2227),.PCURVE_S1.);
#2216 = LINE('',#2217,#2218);
#2217 = CARTESIAN_POINT('',(1.923517138333E-02,15.799988277161,
    -21.56272924608));
#2218 = VECTOR('',#2219,1.);
#2219 = DIRECTION('',(0.999999575008,-0.,9.219459871125E-04));
#2220 = PCURVE('',#1794,#2221);
#2221 = DEFINITIONAL_REPRESENTATION('',(#2222),#2226);
#2222 = LINE('',#2223,#2224);
#2223 = CARTESIAN_POINT('',(24.994261531356,1.924405183385E-02));
#2224 = VECTOR('',#2225,1.);
#2225 = DIRECTION('',(-9.219459871125E-04,0.999999575008));
#2226 = ( GEOMETRIC_REPRESENTATION_CONTEXT(2) 
PARAMETRIC_REPRESENTATION_CONTEXT() REPRESENTATION_CONTEXT('2D SPACE',''
  ) );
#2227 = PCURVE('',#1930,#2228);
#2228 = DEFINITIONAL_REPRESENTATION('',(#2229),#2232);
#2229 = B_SPLINE_CURVE_WITH_KNOTS('',1,(#2230,#2231),.UNSPECIFIED.,.F.,
  .F.,(2,2),(-4.019245759982,3.980757639957),.PIECEWISE_BEZIER_KNOTS.);
#2230 = CARTESIAN_POINT('',(15.710563600301,4.015481700286));
#2231 = CARTESIAN_POINT('',(15.710581552947,-3.984521699633));
#2232 = ( GEOMETRIC_REPRESENTATION_CONTEXT(2) 
PARAMETRIC_REPRESENTATION_CONTEXT() REPRESENTATION_CONTEXT('2D SPACE',''
  ) );
#2233 = ORIENTED_EDGE('',*,*,#2165,.F.);
#2234 = ADVANCED_FACE('',(#2235),#1767,.F.);
#2235 = FACE_BOUND('',#2236,.F.);
#2236 = EDGE_LOOP('',(#2237,#2238,#2239,#2261,#2288,#2315,#2342,#2369,
    #2396,#2423));
#2237 = ORIENTED_EDGE('',*,*,#1752,.F.);
#2238 = ORIENTED_EDGE('',*,*,#2191,.T.);
#2239 = ORIENTED_EDGE('',*,*,#2240,.T.);
#2240 = EDGE_CURVE('',#2192,#2241,#2243,.T.);
#2241 = VERTEX_POINT('',#2242);
#2242 = CARTESIAN_POINT('',(-4.000000192074,11.928310008906,
    -21.57585872402));
#2243 = SURFACE_CURVE('',#2244,(#2248,#2255),.PCURVE_S1.);
#2244 = LINE('',#2245,#2246);
#2245 = CARTESIAN_POINT('',(-3.999986726885,5.928008732097,
    -21.59046389986));
#2246 = VECTOR('',#2247,1.);
#2247 = DIRECTION('',(2.244078833259E-06,-0.999997037653,
    -2.434066540677E-03));
#2248 = PCURVE('',#1767,#2249);
#2249 = DEFINITIONAL_REPRESENTATION('',(#2250),#2254);
#2250 = LINE('',#2251,#2252);
#2251 = CARTESIAN_POINT('',(50.012582285602,5.716846804059));
#2252 = VECTOR('',#2253,1.);
#2253 = DIRECTION('',(2.434066540677E-03,0.999997037656));
#2254 = ( GEOMETRIC_REPRESENTATION_CONTEXT(2) 
PARAMETRIC_REPRESENTATION_CONTEXT() REPRESENTATION_CONTEXT('2D SPACE',''
  ) );
#2255 = PCURVE('',#1930,#2256);
#2256 = DEFINITIONAL_REPRESENTATION('',(#2257),#2260);
#2257 = B_SPLINE_CURVE_WITH_KNOTS('',1,(#2258,#2259),.UNSPECIFIED.,.F.,
  .F.,(2,2),(-9.872008789378,-5.716863739378),.PIECEWISE_BEZIER_KNOTS.);
#2258 = CARTESIAN_POINT('',(15.710563600301,4.015481700286));
#2259 = CARTESIAN_POINT('',(11.555418550312,4.015472375809));
#2260 = ( GEOMETRIC_REPRESENTATION_CONTEXT(2) 
PARAMETRIC_REPRESENTATION_CONTEXT() REPRESENTATION_CONTEXT('2D SPACE',''
  ) );
#2261 = ORIENTED_EDGE('',*,*,#2262,.F.);
#2262 = EDGE_CURVE('',#2263,#2241,#2265,.T.);
#2263 = VERTEX_POINT('',#2264);
#2264 = CARTESIAN_POINT('',(-4.000000116121,11.894464344791,
    -5.626036571603));
#2265 = SURFACE_CURVE('',#2266,(#2271,#2278),.PCURVE_S1.);
#2266 = ELLIPSE('',#2267,1.355966768764E+04,12.501318244405);
#2267 = AXIS2_PLACEMENT_3D('',#2268,#2269,#2270);
#2268 = CARTESIAN_POINT('',(-3.999949834442,-10.51184743635,
    4.33377265739E+03));
#2269 = DIRECTION('',(-0.999999999997,-2.244085481013E-06,0.));
#2270 = DIRECTION('',(-5.462253383753E-09,2.434066540671E-03,
    -0.999997037656));
#2271 = PCURVE('',#1767,#2272);
#2272 = DEFINITIONAL_REPRESENTATION('',(#2273),#2277);
#2273 = ELLIPSE('',#2274,1.355966768764E+04,12.501318244405);
#2274 = AXIS2_PLACEMENT_2D('',#2275,#2276);
#2275 = CARTESIAN_POINT('',(-4.305350539004E+03,22.156702972552));
#2276 = DIRECTION('',(0.999997037656,-2.434066540677E-03));
#2277 = ( GEOMETRIC_REPRESENTATION_CONTEXT(2) 
PARAMETRIC_REPRESENTATION_CONTEXT() REPRESENTATION_CONTEXT('2D SPACE',''
  ) );
#2278 = PCURVE('',#1740,#2279);
#2279 = DEFINITIONAL_REPRESENTATION('',(#2280),#2287);
#2280 = B_SPLINE_CURVE_WITH_KNOTS('',5,(#2281,#2282,#2283,#2284,#2285,
    #2286),.UNSPECIFIED.,.F.,.F.,(6,6),(5.03814251894,5.039387284917),
  .PIECEWISE_BEZIER_KNOTS.);
#2281 = CARTESIAN_POINT('',(2.815836870955,35.055572720569));
#2282 = CARTESIAN_POINT('',(2.815587917759,38.253764189433));
#2283 = CARTESIAN_POINT('',(2.815338964564,41.451619475753));
#2284 = CARTESIAN_POINT('',(2.815090011369,44.649138166462));
#2285 = CARTESIAN_POINT('',(2.814841058173,47.846319848912));
#2286 = CARTESIAN_POINT('',(2.814592104978,51.043164110154));
#2287 = ( GEOMETRIC_REPRESENTATION_CONTEXT(2) 
PARAMETRIC_REPRESENTATION_CONTEXT() REPRESENTATION_CONTEXT('2D SPACE',''
  ) );
#2288 = ORIENTED_EDGE('',*,*,#2289,.F.);
#2289 = EDGE_CURVE('',#2290,#2263,#2292,.T.);
#2290 = VERTEX_POINT('',#2291);
#2291 = CARTESIAN_POINT('',(-4.000000115941,11.894384236862,
    -5.588296956721));
#2292 = SURFACE_CURVE('',#2293,(#2298,#2305),.PCURVE_S1.);
#2293 = ELLIPSE('',#2294,1.355966768764E+04,12.501318244405);
#2294 = AXIS2_PLACEMENT_3D('',#2295,#2296,#2297);
#2295 = CARTESIAN_POINT('',(-3.999949834442,-10.51184743635,
    4.33377265739E+03));
#2296 = DIRECTION('',(-0.999999999997,-2.244085481013E-06,0.));
#2297 = DIRECTION('',(-5.462253383753E-09,2.434066540671E-03,
    -0.999997037656));
#2298 = PCURVE('',#1767,#2299);
#2299 = DEFINITIONAL_REPRESENTATION('',(#2300),#2304);
#2300 = ELLIPSE('',#2301,1.355966768764E+04,12.501318244405);
#2301 = AXIS2_PLACEMENT_2D('',#2302,#2303);
#2302 = CARTESIAN_POINT('',(-4.305350539004E+03,22.156702972552));
#2303 = DIRECTION('',(0.999997037656,-2.434066540677E-03));
#2304 = ( GEOMETRIC_REPRESENTATION_CONTEXT(2) 
PARAMETRIC_REPRESENTATION_CONTEXT() REPRESENTATION_CONTEXT('2D SPACE',''
  ) );
#2305 = PCURVE('',#1740,#2306);
#2306 = DEFINITIONAL_REPRESENTATION('',(#2307),#2314);
#2307 = B_SPLINE_CURVE_WITH_KNOTS('',5,(#2308,#2309,#2310,#2311,#2312,
    #2313),.UNSPECIFIED.,.F.,.F.,(6,6),(5.03814251894,5.039387284917),
  .PIECEWISE_BEZIER_KNOTS.);
#2308 = CARTESIAN_POINT('',(2.815836870955,35.055572720569));
#2309 = CARTESIAN_POINT('',(2.815587917759,38.253764189433));
#2310 = CARTESIAN_POINT('',(2.815338964564,41.451619475753));
#2311 = CARTESIAN_POINT('',(2.815090011369,44.649138166462));
#2312 = CARTESIAN_POINT('',(2.814841058173,47.846319848912));
#2313 = CARTESIAN_POINT('',(2.814592104978,51.043164110154));
#2314 = ( GEOMETRIC_REPRESENTATION_CONTEXT(2) 
PARAMETRIC_REPRESENTATION_CONTEXT() REPRESENTATION_CONTEXT('2D SPACE',''
  ) );
#2315 = ORIENTED_EDGE('',*,*,#2316,.F.);
#2316 = EDGE_CURVE('',#2317,#2290,#2319,.T.);
#2317 = VERTEX_POINT('',#2318);
#2318 = CARTESIAN_POINT('',(-4.000000104909,11.889468322468,
    -3.272465105637));
#2319 = SURFACE_CURVE('',#2320,(#2325,#2332),.PCURVE_S1.);
#2320 = ELLIPSE('',#2321,1.355966768764E+04,12.501318244405);
#2321 = AXIS2_PLACEMENT_3D('',#2322,#2323,#2324);
#2322 = CARTESIAN_POINT('',(-3.999949834442,-10.51184743635,
    4.33377265739E+03));
#2323 = DIRECTION('',(-0.999999999997,-2.244085481013E-06,0.));
#2324 = DIRECTION('',(-5.462253383753E-09,2.434066540671E-03,
    -0.999997037656));
#2325 = PCURVE('',#1767,#2326);
#2326 = DEFINITIONAL_REPRESENTATION('',(#2327),#2331);
#2327 = ELLIPSE('',#2328,1.355966768764E+04,12.501318244405);
#2328 = AXIS2_PLACEMENT_2D('',#2329,#2330);
#2329 = CARTESIAN_POINT('',(-4.305350539004E+03,22.156702972552));
#2330 = DIRECTION('',(0.999997037656,-2.434066540677E-03));
#2331 = ( GEOMETRIC_REPRESENTATION_CONTEXT(2) 
PARAMETRIC_REPRESENTATION_CONTEXT() REPRESENTATION_CONTEXT('2D SPACE',''
  ) );
#2332 = PCURVE('',#1740,#2333);
#2333 = DEFINITIONAL_REPRESENTATION('',(#2334),#2341);
#2334 = B_SPLINE_CURVE_WITH_KNOTS('',5,(#2335,#2336,#2337,#2338,#2339,
    #2340),.UNSPECIFIED.,.F.,.F.,(6,6),(5.037957636967,5.038145456762),
  .PIECEWISE_BEZIER_KNOTS.);
#2335 = CARTESIAN_POINT('',(2.816021752928,32.680401723747));
#2336 = CARTESIAN_POINT('',(2.815984188969,33.162999401766));
#2337 = CARTESIAN_POINT('',(2.81594662501,33.645589430115));
#2338 = CARTESIAN_POINT('',(2.815909061051,34.12817180724));
#2339 = CARTESIAN_POINT('',(2.815871497092,34.610746531917));
#2340 = CARTESIAN_POINT('',(2.815833933133,35.093313602602));
#2341 = ( GEOMETRIC_REPRESENTATION_CONTEXT(2) 
PARAMETRIC_REPRESENTATION_CONTEXT() REPRESENTATION_CONTEXT('2D SPACE',''
  ) );
#2342 = ORIENTED_EDGE('',*,*,#2343,.F.);
#2343 = EDGE_CURVE('',#2344,#2317,#2346,.T.);
#2344 = VERTEX_POINT('',#2345);
#2345 = CARTESIAN_POINT('',(-4.000000104627,11.889342364088,
    -3.213130186652));
#2346 = SURFACE_CURVE('',#2347,(#2352,#2359),.PCURVE_S1.);
#2347 = ELLIPSE('',#2348,1.355966768764E+04,12.501318244405);
#2348 = AXIS2_PLACEMENT_3D('',#2349,#2350,#2351);
#2349 = CARTESIAN_POINT('',(-3.999949834442,-10.51184743635,
    4.33377265739E+03));
#2350 = DIRECTION('',(-0.999999999997,-2.244085481013E-06,0.));
#2351 = DIRECTION('',(-5.462253383753E-09,2.434066540671E-03,
    -0.999997037656));
#2352 = PCURVE('',#1767,#2353);
#2353 = DEFINITIONAL_REPRESENTATION('',(#2354),#2358);
#2354 = ELLIPSE('',#2355,1.355966768764E+04,12.501318244405);
#2355 = AXIS2_PLACEMENT_2D('',#2356,#2357);
#2356 = CARTESIAN_POINT('',(-4.305350539004E+03,22.156702972552));
#2357 = DIRECTION('',(0.999997037656,-2.434066540677E-03));
#2358 = ( GEOMETRIC_REPRESENTATION_CONTEXT(2) 
PARAMETRIC_REPRESENTATION_CONTEXT() REPRESENTATION_CONTEXT('2D SPACE',''
  ) );
#2359 = PCURVE('',#1740,#2360);
#2360 = DEFINITIONAL_REPRESENTATION('',(#2361),#2368);
#2361 = B_SPLINE_CURVE_WITH_KNOTS('',5,(#2362,#2363,#2364,#2365,#2366,
    #2367),.UNSPECIFIED.,.F.,.F.,(6,6),(5.037448956329,5.037962255524),
  .PIECEWISE_BEZIER_KNOTS.);
#2362 = CARTESIAN_POINT('',(2.816530433565,26.144637986947));
#2363 = CARTESIAN_POINT('',(2.816427773726,27.46377213519));
#2364 = CARTESIAN_POINT('',(2.816325113887,28.782849234379));
#2365 = CARTESIAN_POINT('',(2.816222454048,30.101869255658));
#2366 = CARTESIAN_POINT('',(2.816119794209,31.420832169944));
#2367 = CARTESIAN_POINT('',(2.81601713437,32.739737948333));
#2368 = ( GEOMETRIC_REPRESENTATION_CONTEXT(2) 
PARAMETRIC_REPRESENTATION_CONTEXT() REPRESENTATION_CONTEXT('2D SPACE',''
  ) );
#2369 = ORIENTED_EDGE('',*,*,#2370,.F.);
#2370 = EDGE_CURVE('',#2371,#2344,#2373,.T.);
#2371 = VERTEX_POINT('',#2372);
#2372 = CARTESIAN_POINT('',(-4.000000073847,11.875626267627,
    3.247286307663));
#2373 = SURFACE_CURVE('',#2374,(#2379,#2386),.PCURVE_S1.);
#2374 = ELLIPSE('',#2375,1.355966768764E+04,12.501318244405);
#2375 = AXIS2_PLACEMENT_3D('',#2376,#2377,#2378);
#2376 = CARTESIAN_POINT('',(-3.999949834442,-10.51184743635,
    4.33377265739E+03));
#2377 = DIRECTION('',(-0.999999999997,-2.244085481013E-06,0.));
#2378 = DIRECTION('',(-5.462253383753E-09,2.434066540671E-03,
    -0.999997037656));
#2379 = PCURVE('',#1767,#2380);
#2380 = DEFINITIONAL_REPRESENTATION('',(#2381),#2385);
#2381 = ELLIPSE('',#2382,1.355966768764E+04,12.501318244405);
#2382 = AXIS2_PLACEMENT_2D('',#2383,#2384);
#2383 = CARTESIAN_POINT('',(-4.305350539004E+03,22.156702972552));
#2384 = DIRECTION('',(0.999997037656,-2.434066540677E-03));
#2385 = ( GEOMETRIC_REPRESENTATION_CONTEXT(2) 
PARAMETRIC_REPRESENTATION_CONTEXT() REPRESENTATION_CONTEXT('2D SPACE',''
  ) );
#2386 = PCURVE('',#1740,#2387);
#2387 = DEFINITIONAL_REPRESENTATION('',(#2388),#2395);
#2388 = B_SPLINE_CURVE_WITH_KNOTS('',5,(#2389,#2390,#2391,#2392,#2393,
    #2394),.UNSPECIFIED.,.F.,.F.,(6,6),(5.037448956329,5.037962255524),
  .PIECEWISE_BEZIER_KNOTS.);
#2389 = CARTESIAN_POINT('',(2.816530433565,26.144637986947));
#2390 = CARTESIAN_POINT('',(2.816427773726,27.46377213519));
#2391 = CARTESIAN_POINT('',(2.816325113887,28.782849234379));
#2392 = CARTESIAN_POINT('',(2.816222454048,30.101869255658));
#2393 = CARTESIAN_POINT('',(2.816119794209,31.420832169944));
#2394 = CARTESIAN_POINT('',(2.81601713437,32.739737948333));
#2395 = ( GEOMETRIC_REPRESENTATION_CONTEXT(2) 
PARAMETRIC_REPRESENTATION_CONTEXT() REPRESENTATION_CONTEXT('2D SPACE',''
  ) );
#2396 = ORIENTED_EDGE('',*,*,#2397,.F.);
#2397 = EDGE_CURVE('',#2398,#2371,#2400,.T.);
#2398 = VERTEX_POINT('',#2399);
#2399 = CARTESIAN_POINT('',(-4.000000073488,11.875466303089,3.3226219137
    ));
#2400 = SURFACE_CURVE('',#2401,(#2406,#2413),.PCURVE_S1.);
#2401 = ELLIPSE('',#2402,1.355966768764E+04,12.501318244405);
#2402 = AXIS2_PLACEMENT_3D('',#2403,#2404,#2405);
#2403 = CARTESIAN_POINT('',(-3.999949834442,-10.51184743635,
    4.33377265739E+03));
#2404 = DIRECTION('',(-0.999999999997,-2.244085481013E-06,0.));
#2405 = DIRECTION('',(-5.462253383753E-09,2.434066540671E-03,
    -0.999997037656));
#2406 = PCURVE('',#1767,#2407);
#2407 = DEFINITIONAL_REPRESENTATION('',(#2408),#2412);
#2408 = ELLIPSE('',#2409,1.355966768764E+04,12.501318244405);
#2409 = AXIS2_PLACEMENT_2D('',#2410,#2411);
#2410 = CARTESIAN_POINT('',(-4.305350539004E+03,22.156702972552));
#2411 = DIRECTION('',(0.999997037656,-2.434066540677E-03));
#2412 = ( GEOMETRIC_REPRESENTATION_CONTEXT(2) 
PARAMETRIC_REPRESENTATION_CONTEXT() REPRESENTATION_CONTEXT('2D SPACE',''
  ) );
#2413 = PCURVE('',#1740,#2414);
#2414 = DEFINITIONAL_REPRESENTATION('',(#2415),#2422);
#2415 = B_SPLINE_CURVE_WITH_KNOTS('',5,(#2416,#2417,#2418,#2419,#2420,
    #2421),.UNSPECIFIED.,.F.,.F.,(6,6),(5.037448956329,5.037962255524),
  .PIECEWISE_BEZIER_KNOTS.);
#2416 = CARTESIAN_POINT('',(2.816530433565,26.144637986947));
#2417 = CARTESIAN_POINT('',(2.816427773726,27.46377213519));
#2418 = CARTESIAN_POINT('',(2.816325113887,28.782849234379));
#2419 = CARTESIAN_POINT('',(2.816222454048,30.101869255658));
#2420 = CARTESIAN_POINT('',(2.816119794209,31.420832169944));
#2421 = CARTESIAN_POINT('',(2.81601713437,32.739737948333));
#2422 = ( GEOMETRIC_REPRESENTATION_CONTEXT(2) 
PARAMETRIC_REPRESENTATION_CONTEXT() REPRESENTATION_CONTEXT('2D SPACE',''
  ) );
#2423 = ORIENTED_EDGE('',*,*,#2424,.F.);
#2424 = EDGE_CURVE('',#1720,#2398,#2425,.T.);
#2425 = SURFACE_CURVE('',#2426,(#2431,#2438),.PCURVE_S1.);
#2426 = ELLIPSE('',#2427,1.355966768764E+04,12.501318244405);
#2427 = AXIS2_PLACEMENT_3D('',#2428,#2429,#2430);
#2428 = CARTESIAN_POINT('',(-3.999949834442,-10.51184743635,
    4.33377265739E+03));
#2429 = DIRECTION('',(-0.999999999997,-2.244085481013E-06,0.));
#2430 = DIRECTION('',(-5.462253383753E-09,2.434066540671E-03,
    -0.999997037656));
#2431 = PCURVE('',#1767,#2432);
#2432 = DEFINITIONAL_REPRESENTATION('',(#2433),#2437);
#2433 = ELLIPSE('',#2434,1.355966768764E+04,12.501318244405);
#2434 = AXIS2_PLACEMENT_2D('',#2435,#2436);
#2435 = CARTESIAN_POINT('',(-4.305350539004E+03,22.156702972552));
#2436 = DIRECTION('',(0.999997037656,-2.434066540677E-03));
#2437 = ( GEOMETRIC_REPRESENTATION_CONTEXT(2) 
PARAMETRIC_REPRESENTATION_CONTEXT() REPRESENTATION_CONTEXT('2D SPACE',''
  ) );
#2438 = PCURVE('',#1740,#2439);
#2439 = DEFINITIONAL_REPRESENTATION('',(#2440),#2447);
#2440 = B_SPLINE_CURVE_WITH_KNOTS('',5,(#2441,#2442,#2443,#2444,#2445,
    #2446),.UNSPECIFIED.,.F.,.F.,(6,6),(5.0372647713,5.037454819331),
  .PIECEWISE_BEZIER_KNOTS.);
#2441 = CARTESIAN_POINT('',(2.816714618595,23.777867262789));
#2442 = CARTESIAN_POINT('',(2.816676608989,24.266304431029));
#2443 = CARTESIAN_POINT('',(2.816638599383,24.754733783092));
#2444 = CARTESIAN_POINT('',(2.816600589776,25.243155317398));
#2445 = CARTESIAN_POINT('',(2.81656258017,25.731569032593));
#2446 = CARTESIAN_POINT('',(2.816524570564,26.219974927163));
#2447 = ( GEOMETRIC_REPRESENTATION_CONTEXT(2) 
PARAMETRIC_REPRESENTATION_CONTEXT() REPRESENTATION_CONTEXT('2D SPACE',''
  ) );
#2448 = ADVANCED_FACE('',(#2449),#1740,.F.);
#2449 = FACE_BOUND('',#2450,.F.);
#2450 = EDGE_LOOP('',(#2451,#2452,#2453,#2454,#2455,#2456,#2457,#2458,
    #2484,#2485));
#2451 = ORIENTED_EDGE('',*,*,#2424,.T.);
#2452 = ORIENTED_EDGE('',*,*,#2397,.T.);
#2453 = ORIENTED_EDGE('',*,*,#2370,.T.);
#2454 = ORIENTED_EDGE('',*,*,#2343,.T.);
#2455 = ORIENTED_EDGE('',*,*,#2316,.T.);
#2456 = ORIENTED_EDGE('',*,*,#2289,.T.);
#2457 = ORIENTED_EDGE('',*,*,#2262,.T.);
#2458 = ORIENTED_EDGE('',*,*,#2459,.F.);
#2459 = EDGE_CURVE('',#1891,#2241,#2460,.T.);
#2460 = SURFACE_CURVE('',#2461,(#2466,#2473),.PCURVE_S1.);
#2461 = CIRCLE('',#2462,12.501318244405);
#2462 = AXIS2_PLACEMENT_3D('',#2463,#2464,#2465);
#2463 = CARTESIAN_POINT('',(1.547111329707E-02,8.946220600342E-02,
    -21.60097332797));
#2464 = DIRECTION('',(9.219432559887E-04,2.434067575137E-03,
    -0.999996612662));
#2465 = DIRECTION('',(-4.235164736271E-22,-0.999997037651,
    -2.434068609592E-03));
#2466 = PCURVE('',#1740,#2467);
#2467 = DEFINITIONAL_REPRESENTATION('',(#2468),#2472);
#2468 = LINE('',#2469,#2470);
#2469 = CARTESIAN_POINT('',(0.,51.043163510155));
#2470 = VECTOR('',#2471,1.);
#2471 = DIRECTION('',(1.,0.));
#2472 = ( GEOMETRIC_REPRESENTATION_CONTEXT(2) 
PARAMETRIC_REPRESENTATION_CONTEXT() REPRESENTATION_CONTEXT('2D SPACE',''
  ) );
#2473 = PCURVE('',#1930,#2474);
#2474 = DEFINITIONAL_REPRESENTATION('',(#2475),#2483);
#2475 = ( BOUNDED_CURVE() B_SPLINE_CURVE(2,(#2476,#2477,#2478,#2479,
#2480,#2481,#2482),.UNSPECIFIED.,.T.,.F.) B_SPLINE_CURVE_WITH_KNOTS((1,2
    ,2,2,2,1),(-2.094395102393,0.,2.094395102393,4.188790204786,
6.28318530718,8.377580409573),.UNSPECIFIED.) CURVE() 
GEOMETRIC_REPRESENTATION_ITEM() RATIONAL_B_SPLINE_CURVE((1.,0.5,1.,0.5,
1.,0.5,1.)) REPRESENTATION_ITEM('') );
#2476 = CARTESIAN_POINT('',(-12.5013182444,-3.275390713749E-18));
#2477 = CARTESIAN_POINT('',(-12.5013182444,21.652918360897));
#2478 = CARTESIAN_POINT('',(6.250659122202,10.826459180448));
#2479 = CARTESIAN_POINT('',(25.002636488809,3.058664483913E-15));
#2480 = CARTESIAN_POINT('',(6.250659122202,-10.82645918044));
#2481 = CARTESIAN_POINT('',(-12.5013182444,-21.65291836089));
#2482 = CARTESIAN_POINT('',(-12.5013182444,-3.275390713749E-18));
#2483 = ( GEOMETRIC_REPRESENTATION_CONTEXT(2) 
PARAMETRIC_REPRESENTATION_CONTEXT() REPRESENTATION_CONTEXT('2D SPACE',''
  ) );
#2484 = ORIENTED_EDGE('',*,*,#1890,.T.);
#2485 = ORIENTED_EDGE('',*,*,#1719,.T.);
#2486 = ADVANCED_FACE('',(#2487),#1874,.T.);
#2487 = FACE_BOUND('',#2488,.T.);
#2488 = EDGE_LOOP('',(#2489,#2490,#2513,#2540));
#2489 = ORIENTED_EDGE('',*,*,#1859,.F.);
#2490 = ORIENTED_EDGE('',*,*,#2491,.F.);
#2491 = EDGE_CURVE('',#2492,#1835,#2494,.T.);
#2492 = VERTEX_POINT('',#2493);
#2493 = CARTESIAN_POINT('',(-7.414458562311E-03,41.514928035294,
    3.323111565273));
#2494 = SEAM_CURVE('',#2495,(#2499,#2506),.PCURVE_S1.);
#2495 = LINE('',#2496,#2497);
#2496 = CARTESIAN_POINT('',(-7.414458562311E-03,41.514928035294,
    3.323111565273));
#2497 = VECTOR('',#2498,1.);
#2498 = DIRECTION('',(-2.187916589405E-04,-0.972007332207,0.234950416613
    ));
#2499 = PCURVE('',#1874,#2500);
#2500 = DEFINITIONAL_REPRESENTATION('',(#2501),#2505);
#2501 = LINE('',#2502,#2503);
#2502 = CARTESIAN_POINT('',(-6.28318530718,0.));
#2503 = VECTOR('',#2504,1.);
#2504 = DIRECTION('',(-0.,-1.));
#2505 = ( GEOMETRIC_REPRESENTATION_CONTEXT(2) 
PARAMETRIC_REPRESENTATION_CONTEXT() REPRESENTATION_CONTEXT('2D SPACE',''
  ) );
#2506 = PCURVE('',#1874,#2507);
#2507 = DEFINITIONAL_REPRESENTATION('',(#2508),#2512);
#2508 = LINE('',#2509,#2510);
#2509 = CARTESIAN_POINT('',(0.,-0.));
#2510 = VECTOR('',#2511,1.);
#2511 = DIRECTION('',(-0.,-1.));
#2512 = ( GEOMETRIC_REPRESENTATION_CONTEXT(2) 
PARAMETRIC_REPRESENTATION_CONTEXT() REPRESENTATION_CONTEXT('2D SPACE',''
  ) );
#2513 = ORIENTED_EDGE('',*,*,#2514,.T.);
#2514 = EDGE_CURVE('',#2492,#2492,#2515,.T.);
#2515 = SURFACE_CURVE('',#2516,(#2521,#2528),.PCURVE_S1.);
#2516 = CIRCLE('',#2517,41.486010045249);
#2517 = AXIS2_PLACEMENT_3D('',#2518,#2519,#2520);
#2518 = CARTESIAN_POINT('',(-7.414458562321E-03,2.90408861016E-02,
    3.222131770485));
#2519 = DIRECTION('',(-9.219432559887E-04,-2.434067575137E-03,
    0.999996612662));
#2520 = DIRECTION('',(4.235164736271E-22,0.999997037651,
    2.434068609592E-03));
#2521 = PCURVE('',#1874,#2522);
#2522 = DEFINITIONAL_REPRESENTATION('',(#2523),#2527);
#2523 = LINE('',#2524,#2525);
#2524 = CARTESIAN_POINT('',(-0.,-0.));
#2525 = VECTOR('',#2526,1.);
#2526 = DIRECTION('',(-1.,-0.));
#2527 = ( GEOMETRIC_REPRESENTATION_CONTEXT(2) 
PARAMETRIC_REPRESENTATION_CONTEXT() REPRESENTATION_CONTEXT('2D SPACE',''
  ) );
#2528 = PCURVE('',#2529,#2534);
#2529 = PLANE('',#2530);
#2530 = AXIS2_PLACEMENT_3D('',#2531,#2532,#2533);
#2531 = CARTESIAN_POINT('',(-7.414458562321E-03,2.90408861016E-02,
    3.222131770485));
#2532 = DIRECTION('',(-9.219432559887E-04,-2.434067575137E-03,
    0.999996612662));
#2533 = DIRECTION('',(4.235164736272E-22,0.999997037651,
    2.434068609592E-03));
#2534 = DEFINITIONAL_REPRESENTATION('',(#2535),#2539);
#2535 = CIRCLE('',#2536,41.486010045249);
#2536 = AXIS2_PLACEMENT_2D('',#2537,#2538);
#2537 = CARTESIAN_POINT('',(0.,0.));
#2538 = DIRECTION('',(1.,0.));
#2539 = ( GEOMETRIC_REPRESENTATION_CONTEXT(2) 
PARAMETRIC_REPRESENTATION_CONTEXT() REPRESENTATION_CONTEXT('2D SPACE',''
  ) );
#2540 = ORIENTED_EDGE('',*,*,#2491,.T.);
#2541 = ADVANCED_FACE('',(#2542,#2545),#2529,.F.);
#2542 = FACE_BOUND('',#2543,.F.);
#2543 = EDGE_LOOP('',(#2544));
#2544 = ORIENTED_EDGE('',*,*,#2514,.T.);
#2545 = FACE_BOUND('',#2546,.F.);
#2546 = EDGE_LOOP('',(#2547));
#2547 = ORIENTED_EDGE('',*,*,#2548,.F.);
#2548 = EDGE_CURVE('',#2549,#2549,#2551,.T.);
#2549 = VERTEX_POINT('',#2550);
#2550 = CARTESIAN_POINT('',(-7.414458562311E-03,41.341088723224,
    3.322688427207));
#2551 = SURFACE_CURVE('',#2552,(#2557,#2564),.PCURVE_S1.);
#2552 = CIRCLE('',#2553,41.312170218204);
#2553 = AXIS2_PLACEMENT_3D('',#2554,#2555,#2556);
#2554 = CARTESIAN_POINT('',(-7.414458562321E-03,2.90408861016E-02,
    3.222131770485));
#2555 = DIRECTION('',(-9.219432559887E-04,-2.434067575137E-03,
    0.999996612662));
#2556 = DIRECTION('',(4.235164736271E-22,0.999997037651,
    2.434068609592E-03));
#2557 = PCURVE('',#2529,#2558);
#2558 = DEFINITIONAL_REPRESENTATION('',(#2559),#2563);
#2559 = CIRCLE('',#2560,41.312170218204);
#2560 = AXIS2_PLACEMENT_2D('',#2561,#2562);
#2561 = CARTESIAN_POINT('',(-5.631323885348E-18,5.155646739587E-18));
#2562 = DIRECTION('',(1.,0.));
#2563 = ( GEOMETRIC_REPRESENTATION_CONTEXT(2) 
PARAMETRIC_REPRESENTATION_CONTEXT() REPRESENTATION_CONTEXT('2D SPACE',''
  ) );
#2564 = PCURVE('',#2565,#2570);
#2565 = CYLINDRICAL_SURFACE('',#2566,41.312170218204);
#2566 = AXIS2_PLACEMENT_3D('',#2567,#2568,#2569);
#2567 = CARTESIAN_POINT('',(-1.403607014311E-03,4.491042986901E-02,
    -3.297609166042));
#2568 = DIRECTION('',(-9.219432559887E-04,-2.434067575137E-03,
    0.999996612662));
#2569 = DIRECTION('',(4.235164736272E-22,0.999997037651,
    2.434068609592E-03));
#2570 = DEFINITIONAL_REPRESENTATION('',(#2571),#2575);
#2571 = LINE('',#2572,#2573);
#2572 = CARTESIAN_POINT('',(4.336808689942E-19,6.519763021167));
#2573 = VECTOR('',#2574,1.);
#2574 = DIRECTION('',(1.,0.));
#2575 = ( GEOMETRIC_REPRESENTATION_CONTEXT(2) 
PARAMETRIC_REPRESENTATION_CONTEXT() REPRESENTATION_CONTEXT('2D SPACE',''
  ) );
#2576 = ADVANCED_FACE('',(#2577),#2565,.T.);
#2577 = FACE_BOUND('',#2578,.T.);
#2578 = EDGE_LOOP('',(#2579,#2602,#2603,#2604));
#2579 = ORIENTED_EDGE('',*,*,#2580,.T.);
#2580 = EDGE_CURVE('',#2581,#2549,#2583,.T.);
#2581 = VERTEX_POINT('',#2582);
#2582 = CARTESIAN_POINT('',(-1.458310540064E-03,41.356813841532,
    -3.137717685719));
#2583 = SEAM_CURVE('',#2584,(#2588,#2595),.PCURVE_S1.);
#2584 = LINE('',#2585,#2586);
#2585 = CARTESIAN_POINT('',(-1.403607014301E-03,41.356958266991,
    -3.19705250932));
#2586 = VECTOR('',#2587,1.);
#2587 = DIRECTION('',(-9.219432559887E-04,-2.434067575137E-03,
    0.999996612662));
#2588 = PCURVE('',#2565,#2589);
#2589 = DEFINITIONAL_REPRESENTATION('',(#2590),#2594);
#2590 = LINE('',#2591,#2592);
#2591 = CARTESIAN_POINT('',(6.28318530718,-0.));
#2592 = VECTOR('',#2593,1.);
#2593 = DIRECTION('',(0.,1.));
#2594 = ( GEOMETRIC_REPRESENTATION_CONTEXT(2) 
PARAMETRIC_REPRESENTATION_CONTEXT() REPRESENTATION_CONTEXT('2D SPACE',''
  ) );
#2595 = PCURVE('',#2565,#2596);
#2596 = DEFINITIONAL_REPRESENTATION('',(#2597),#2601);
#2597 = LINE('',#2598,#2599);
#2598 = CARTESIAN_POINT('',(0.,-0.));
#2599 = VECTOR('',#2600,1.);
#2600 = DIRECTION('',(0.,1.));
#2601 = ( GEOMETRIC_REPRESENTATION_CONTEXT(2) 
PARAMETRIC_REPRESENTATION_CONTEXT() REPRESENTATION_CONTEXT('2D SPACE',''
  ) );
#2602 = ORIENTED_EDGE('',*,*,#2548,.F.);
#2603 = ORIENTED_EDGE('',*,*,#2580,.F.);
#2604 = ORIENTED_EDGE('',*,*,#2605,.T.);
#2605 = EDGE_CURVE('',#2581,#2581,#2606,.T.);
#2606 = SURFACE_CURVE('',#2607,(#2612,#2619),.PCURVE_S1.);
#2607 = CIRCLE('',#2608,41.312170218204);
#2608 = AXIS2_PLACEMENT_3D('',#2609,#2610,#2611);
#2609 = CARTESIAN_POINT('',(-1.458310540074E-03,4.476600440959E-02,
    -3.238274342441));
#2610 = DIRECTION('',(-9.219432559887E-04,-2.434067575137E-03,
    0.999996612662));
#2611 = DIRECTION('',(4.235164736271E-22,0.999997037651,
    2.434068609592E-03));
#2612 = PCURVE('',#2565,#2613);
#2613 = DEFINITIONAL_REPRESENTATION('',(#2614),#2618);
#2614 = LINE('',#2615,#2616);
#2615 = CARTESIAN_POINT('',(4.336808689942E-19,5.933502458865E-02));
#2616 = VECTOR('',#2617,1.);
#2617 = DIRECTION('',(1.,0.));
#2618 = ( GEOMETRIC_REPRESENTATION_CONTEXT(2) 
PARAMETRIC_REPRESENTATION_CONTEXT() REPRESENTATION_CONTEXT('2D SPACE',''
  ) );
#2619 = PCURVE('',#2620,#2625);
#2620 = PLANE('',#2621);
#2621 = AXIS2_PLACEMENT_3D('',#2622,#2623,#2624);
#2622 = CARTESIAN_POINT('',(-1.458310540074E-03,4.476600440959E-02,
    -3.238274342441));
#2623 = DIRECTION('',(9.219432559887E-04,2.434067575137E-03,
    -0.999996612662));
#2624 = DIRECTION('',(-4.235164736272E-22,-0.999997037651,
    -2.434068609592E-03));
#2625 = DEFINITIONAL_REPRESENTATION('',(#2626),#2634);
#2626 = ( BOUNDED_CURVE() B_SPLINE_CURVE(2,(#2627,#2628,#2629,#2630,
#2631,#2632,#2633),.UNSPECIFIED.,.T.,.F.) B_SPLINE_CURVE_WITH_KNOTS((1,2
    ,2,2,2,1),(-2.094395102393,0.,2.094395102393,4.188790204786,
6.28318530718,8.377580409573),.UNSPECIFIED.) CURVE() 
GEOMETRIC_REPRESENTATION_ITEM() RATIONAL_B_SPLINE_CURVE((1.,0.5,1.,0.5,
1.,0.5,1.)) REPRESENTATION_ITEM('') );
#2627 = CARTESIAN_POINT('',(-41.3121702182,-1.51789796778E-18));
#2628 = CARTESIAN_POINT('',(-41.3121702182,71.554777788864));
#2629 = CARTESIAN_POINT('',(20.656085109102,35.777388894432));
#2630 = CARTESIAN_POINT('',(82.624340436409,1.011704550674E-14));
#2631 = CARTESIAN_POINT('',(20.656085109102,-35.77738889443));
#2632 = CARTESIAN_POINT('',(-41.3121702182,-71.55477778886));
#2633 = CARTESIAN_POINT('',(-41.3121702182,-1.51789796778E-18));
#2634 = ( GEOMETRIC_REPRESENTATION_CONTEXT(2) 
PARAMETRIC_REPRESENTATION_CONTEXT() REPRESENTATION_CONTEXT('2D SPACE',''
  ) );
#2635 = ADVANCED_FACE('',(#2636,#2667),#2620,.F.);
#2636 = FACE_BOUND('',#2637,.F.);
#2637 = EDGE_LOOP('',(#2638));
#2638 = ORIENTED_EDGE('',*,*,#2639,.T.);
#2639 = EDGE_CURVE('',#2640,#2640,#2642,.T.);
#2640 = VERTEX_POINT('',#2641);
#2641 = CARTESIAN_POINT('',(-1.458310540064E-03,-41.3828139052,
    -3.339112212987));
#2642 = SURFACE_CURVE('',#2643,(#2648,#2655),.PCURVE_S1.);
#2643 = CIRCLE('',#2644,41.427702632948);
#2644 = AXIS2_PLACEMENT_3D('',#2645,#2646,#2647);
#2645 = CARTESIAN_POINT('',(-1.458310540074E-03,4.476600440959E-02,
    -3.238274342441));
#2646 = DIRECTION('',(9.219432559887E-04,2.434067575137E-03,
    -0.999996612662));
#2647 = DIRECTION('',(-4.235164736271E-22,-0.999997037651,
    -2.434068609592E-03));
#2648 = PCURVE('',#2620,#2649);
#2649 = DEFINITIONAL_REPRESENTATION('',(#2650),#2654);
#2650 = CIRCLE('',#2651,41.427702632948);
#2651 = AXIS2_PLACEMENT_2D('',#2652,#2653);
#2652 = CARTESIAN_POINT('',(0.,0.));
#2653 = DIRECTION('',(1.,0.));
#2654 = ( GEOMETRIC_REPRESENTATION_CONTEXT(2) 
PARAMETRIC_REPRESENTATION_CONTEXT() REPRESENTATION_CONTEXT('2D SPACE',''
  ) );
#2655 = PCURVE('',#2656,#2661);
#2656 = CONICAL_SURFACE('',#2657,41.427702632948,1.331786911284);
#2657 = AXIS2_PLACEMENT_3D('',#2658,#2659,#2660);
#2658 = CARTESIAN_POINT('',(-1.458310540074E-03,4.476600440959E-02,
    -3.238274342441));
#2659 = DIRECTION('',(-9.219432559887E-04,-2.434067575137E-03,
    0.999996612662));
#2660 = DIRECTION('',(-4.235164736272E-22,-0.999997037651,
    -2.434068609592E-03));
#2661 = DEFINITIONAL_REPRESENTATION('',(#2662),#2666);
#2662 = LINE('',#2663,#2664);
#2663 = CARTESIAN_POINT('',(-0.,-0.));
#2664 = VECTOR('',#2665,1.);
#2665 = DIRECTION('',(-1.,-0.));
#2666 = ( GEOMETRIC_REPRESENTATION_CONTEXT(2) 
PARAMETRIC_REPRESENTATION_CONTEXT() REPRESENTATION_CONTEXT('2D SPACE',''
  ) );
#2667 = FACE_BOUND('',#2668,.F.);
#2668 = EDGE_LOOP('',(#2669));
#2669 = ORIENTED_EDGE('',*,*,#2605,.T.);
#2670 = ADVANCED_FACE('',(#2671),#2656,.T.);
#2671 = FACE_BOUND('',#2672,.T.);
#2672 = EDGE_LOOP('',(#2673,#2704,#2725,#2726,#2727));
#2673 = ORIENTED_EDGE('',*,*,#2674,.T.);
#2674 = EDGE_CURVE('',#2675,#2677,#2679,.T.);
#2675 = VERTEX_POINT('',#2676);
#2676 = CARTESIAN_POINT('',(-1.432356507347E-03,41.356882364046,
    -3.165869033032));
#2677 = VERTEX_POINT('',#2678);
#2678 = CARTESIAN_POINT('',(-1.432356507347E-03,-41.26721331019,
    -3.366982346476));
#2679 = SURFACE_CURVE('',#2680,(#2685,#2692),.PCURVE_S1.);
#2680 = CIRCLE('',#2681,41.312170218204);
#2681 = AXIS2_PLACEMENT_3D('',#2682,#2683,#2684);
#2682 = CARTESIAN_POINT('',(-1.432356507357E-03,4.483452692339E-02,
    -3.266425689754));
#2683 = DIRECTION('',(-9.219432559887E-04,-2.434067575137E-03,
    0.999996612662));
#2684 = DIRECTION('',(-4.235164736272E-22,-0.999997037651,
    -2.434068609592E-03));
#2685 = PCURVE('',#2656,#2686);
#2686 = DEFINITIONAL_REPRESENTATION('',(#2687),#2691);
#2687 = LINE('',#2688,#2689);
#2688 = CARTESIAN_POINT('',(-6.28318530718,-2.81514426714E-02));
#2689 = VECTOR('',#2690,1.);
#2690 = DIRECTION('',(1.,-0.));
#2691 = ( GEOMETRIC_REPRESENTATION_CONTEXT(2) 
PARAMETRIC_REPRESENTATION_CONTEXT() REPRESENTATION_CONTEXT('2D SPACE',''
  ) );
#2692 = PCURVE('',#2693,#2698);
#2693 = CYLINDRICAL_SURFACE('',#2694,41.312170218204);
#2694 = AXIS2_PLACEMENT_3D('',#2695,#2696,#2697);
#2695 = CARTESIAN_POINT('',(-1.403607014311E-03,4.491042986901E-02,
    -3.297609166042));
#2696 = DIRECTION('',(-9.219432559887E-04,-2.434067575137E-03,
    0.999996612662));
#2697 = DIRECTION('',(4.235164736272E-22,0.999997037651,
    2.434068609592E-03));
#2698 = DEFINITIONAL_REPRESENTATION('',(#2699),#2703);
#2699 = LINE('',#2700,#2701);
#2700 = CARTESIAN_POINT('',(-3.14159265359,3.118358191726E-02));
#2701 = VECTOR('',#2702,1.);
#2702 = DIRECTION('',(1.,0.));
#2703 = ( GEOMETRIC_REPRESENTATION_CONTEXT(2) 
PARAMETRIC_REPRESENTATION_CONTEXT() REPRESENTATION_CONTEXT('2D SPACE',''
  ) );
#2704 = ORIENTED_EDGE('',*,*,#2705,.F.);
#2705 = EDGE_CURVE('',#2640,#2677,#2706,.T.);
#2706 = SEAM_CURVE('',#2707,(#2711,#2718),.PCURVE_S1.);
#2707 = LINE('',#2708,#2709);
#2708 = CARTESIAN_POINT('',(-1.458310540064E-03,-41.3828139052,
    -3.339112212987));
#2709 = VECTOR('',#2710,1.);
#2710 = DIRECTION('',(2.182611392587E-04,0.972146326574,-0.234374640459)
  );
#2711 = PCURVE('',#2656,#2712);
#2712 = DEFINITIONAL_REPRESENTATION('',(#2713),#2717);
#2713 = LINE('',#2714,#2715);
#2714 = CARTESIAN_POINT('',(-6.28318530718,0.));
#2715 = VECTOR('',#2716,1.);
#2716 = DIRECTION('',(-0.,-1.));
#2717 = ( GEOMETRIC_REPRESENTATION_CONTEXT(2) 
PARAMETRIC_REPRESENTATION_CONTEXT() REPRESENTATION_CONTEXT('2D SPACE',''
  ) );
#2718 = PCURVE('',#2656,#2719);
#2719 = DEFINITIONAL_REPRESENTATION('',(#2720),#2724);
#2720 = LINE('',#2721,#2722);
#2721 = CARTESIAN_POINT('',(0.,-0.));
#2722 = VECTOR('',#2723,1.);
#2723 = DIRECTION('',(-0.,-1.));
#2724 = ( GEOMETRIC_REPRESENTATION_CONTEXT(2) 
PARAMETRIC_REPRESENTATION_CONTEXT() REPRESENTATION_CONTEXT('2D SPACE',''
  ) );
#2725 = ORIENTED_EDGE('',*,*,#2639,.T.);
#2726 = ORIENTED_EDGE('',*,*,#2705,.T.);
#2727 = ORIENTED_EDGE('',*,*,#2728,.T.);
#2728 = EDGE_CURVE('',#2677,#2675,#2729,.T.);
#2729 = SURFACE_CURVE('',#2730,(#2735,#2742),.PCURVE_S1.);
#2730 = CIRCLE('',#2731,41.312170218204);
#2731 = AXIS2_PLACEMENT_3D('',#2732,#2733,#2734);
#2732 = CARTESIAN_POINT('',(-1.432356507357E-03,4.483452692339E-02,
    -3.266425689754));
#2733 = DIRECTION('',(-9.219432559887E-04,-2.434067575137E-03,
    0.999996612662));
#2734 = DIRECTION('',(-4.235164736272E-22,-0.999997037651,
    -2.434068609592E-03));
#2735 = PCURVE('',#2656,#2736);
#2736 = DEFINITIONAL_REPRESENTATION('',(#2737),#2741);
#2737 = LINE('',#2738,#2739);
#2738 = CARTESIAN_POINT('',(-6.28318530718,-2.81514426714E-02));
#2739 = VECTOR('',#2740,1.);
#2740 = DIRECTION('',(1.,-0.));
#2741 = ( GEOMETRIC_REPRESENTATION_CONTEXT(2) 
PARAMETRIC_REPRESENTATION_CONTEXT() REPRESENTATION_CONTEXT('2D SPACE',''
  ) );
#2742 = PCURVE('',#2693,#2743);
#2743 = DEFINITIONAL_REPRESENTATION('',(#2744),#2748);
#2744 = LINE('',#2745,#2746);
#2745 = CARTESIAN_POINT('',(3.14159265359,3.118358191726E-02));
#2746 = VECTOR('',#2747,1.);
#2747 = DIRECTION('',(1.,0.));
#2748 = ( GEOMETRIC_REPRESENTATION_CONTEXT(2) 
PARAMETRIC_REPRESENTATION_CONTEXT() REPRESENTATION_CONTEXT('2D SPACE',''
  ) );
#2749 = ADVANCED_FACE('',(#2750),#2693,.T.);
#2750 = FACE_BOUND('',#2751,.T.);
#2751 = EDGE_LOOP('',(#2752,#2753,#2776,#2803,#2804));
#2752 = ORIENTED_EDGE('',*,*,#2674,.F.);
#2753 = ORIENTED_EDGE('',*,*,#2754,.F.);
#2754 = EDGE_CURVE('',#2755,#2675,#2757,.T.);
#2755 = VERTEX_POINT('',#2756);
#2756 = CARTESIAN_POINT('',(-1.403607014301E-03,41.356958266991,
    -3.19705250932));
#2757 = SEAM_CURVE('',#2758,(#2762,#2769),.PCURVE_S1.);
#2758 = LINE('',#2759,#2760);
#2759 = CARTESIAN_POINT('',(-1.403607014301E-03,41.356958266991,
    -3.19705250932));
#2760 = VECTOR('',#2761,1.);
#2761 = DIRECTION('',(-9.219432559887E-04,-2.434067575137E-03,
    0.999996612662));
#2762 = PCURVE('',#2693,#2763);
#2763 = DEFINITIONAL_REPRESENTATION('',(#2764),#2768);
#2764 = LINE('',#2765,#2766);
#2765 = CARTESIAN_POINT('',(6.28318530718,-0.));
#2766 = VECTOR('',#2767,1.);
#2767 = DIRECTION('',(0.,1.));
#2768 = ( GEOMETRIC_REPRESENTATION_CONTEXT(2) 
PARAMETRIC_REPRESENTATION_CONTEXT() REPRESENTATION_CONTEXT('2D SPACE',''
  ) );
#2769 = PCURVE('',#2693,#2770);
#2770 = DEFINITIONAL_REPRESENTATION('',(#2771),#2775);
#2771 = LINE('',#2772,#2773);
#2772 = CARTESIAN_POINT('',(0.,-0.));
#2773 = VECTOR('',#2774,1.);
#2774 = DIRECTION('',(0.,1.));
#2775 = ( GEOMETRIC_REPRESENTATION_CONTEXT(2) 
PARAMETRIC_REPRESENTATION_CONTEXT() REPRESENTATION_CONTEXT('2D SPACE',''
  ) );
#2776 = ORIENTED_EDGE('',*,*,#2777,.T.);
#2777 = EDGE_CURVE('',#2755,#2755,#2778,.T.);
#2778 = SURFACE_CURVE('',#2779,(#2784,#2791),.PCURVE_S1.);
#2779 = CIRCLE('',#2780,41.312170218204);
#2780 = AXIS2_PLACEMENT_3D('',#2781,#2782,#2783);
#2781 = CARTESIAN_POINT('',(-1.403607014311E-03,4.491042986901E-02,
    -3.297609166042));
#2782 = DIRECTION('',(-9.219432559887E-04,-2.434067575137E-03,
    0.999996612662));
#2783 = DIRECTION('',(4.235164736271E-22,0.999997037651,
    2.434068609592E-03));
#2784 = PCURVE('',#2693,#2785);
#2785 = DEFINITIONAL_REPRESENTATION('',(#2786),#2790);
#2786 = LINE('',#2787,#2788);
#2787 = CARTESIAN_POINT('',(0.,0.));
#2788 = VECTOR('',#2789,1.);
#2789 = DIRECTION('',(1.,0.));
#2790 = ( GEOMETRIC_REPRESENTATION_CONTEXT(2) 
PARAMETRIC_REPRESENTATION_CONTEXT() REPRESENTATION_CONTEXT('2D SPACE',''
  ) );
#2791 = PCURVE('',#2792,#2797);
#2792 = PLANE('',#2793);
#2793 = AXIS2_PLACEMENT_3D('',#2794,#2795,#2796);
#2794 = CARTESIAN_POINT('',(-1.403607014311E-03,4.491042986901E-02,
    -3.297609166042));
#2795 = DIRECTION('',(-9.219432559887E-04,-2.434067575137E-03,
    0.999996612662));
#2796 = DIRECTION('',(4.235164736272E-22,0.999997037651,
    2.434068609592E-03));
#2797 = DEFINITIONAL_REPRESENTATION('',(#2798),#2802);
#2798 = CIRCLE('',#2799,41.312170218204);
#2799 = AXIS2_PLACEMENT_2D('',#2800,#2801);
#2800 = CARTESIAN_POINT('',(0.,0.));
#2801 = DIRECTION('',(1.,0.));
#2802 = ( GEOMETRIC_REPRESENTATION_CONTEXT(2) 
PARAMETRIC_REPRESENTATION_CONTEXT() REPRESENTATION_CONTEXT('2D SPACE',''
  ) );
#2803 = ORIENTED_EDGE('',*,*,#2754,.T.);
#2804 = ORIENTED_EDGE('',*,*,#2728,.F.);
#2805 = ADVANCED_FACE('',(#2806,#2809),#2792,.F.);
#2806 = FACE_BOUND('',#2807,.F.);
#2807 = EDGE_LOOP('',(#2808));
#2808 = ORIENTED_EDGE('',*,*,#2777,.T.);
#2809 = FACE_BOUND('',#2810,.F.);
#2810 = EDGE_LOOP('',(#2811));
#2811 = ORIENTED_EDGE('',*,*,#2812,.T.);
#2812 = EDGE_CURVE('',#2813,#2813,#2815,.T.);
#2813 = VERTEX_POINT('',#2814);
#2814 = CARTESIAN_POINT('',(-1.403607014301E-03,-41.13916159127,
    -3.397854319925));
#2815 = SURFACE_CURVE('',#2816,(#2821,#2832),.PCURVE_S1.);
#2816 = CIRCLE('',#2817,41.184194023119);
#2817 = AXIS2_PLACEMENT_3D('',#2818,#2819,#2820);
#2818 = CARTESIAN_POINT('',(-1.403607014311E-03,4.491042986901E-02,
    -3.297609166042));
#2819 = DIRECTION('',(9.219432559887E-04,2.434067575137E-03,
    -0.999996612662));
#2820 = DIRECTION('',(-4.235164736271E-22,-0.999997037651,
    -2.434068609592E-03));
#2821 = PCURVE('',#2792,#2822);
#2822 = DEFINITIONAL_REPRESENTATION('',(#2823),#2831);
#2823 = ( BOUNDED_CURVE() B_SPLINE_CURVE(2,(#2824,#2825,#2826,#2827,
#2828,#2829,#2830),.UNSPECIFIED.,.T.,.F.) B_SPLINE_CURVE_WITH_KNOTS((1,2
    ,2,2,2,1),(-2.094395102393,0.,2.094395102393,4.188790204786,
6.28318530718,8.377580409573),.UNSPECIFIED.) CURVE() 
GEOMETRIC_REPRESENTATION_ITEM() RATIONAL_B_SPLINE_CURVE((1.,0.5,1.,0.5,
1.,0.5,1.)) REPRESENTATION_ITEM('') );
#2824 = CARTESIAN_POINT('',(-41.18419402311,1.51789796778E-18));
#2825 = CARTESIAN_POINT('',(-41.18419402311,71.333116516816));
#2826 = CARTESIAN_POINT('',(20.592097011559,35.666558258408));
#2827 = CARTESIAN_POINT('',(82.368388046238,1.008873617514E-14));
#2828 = CARTESIAN_POINT('',(20.592097011559,-35.6665582584));
#2829 = CARTESIAN_POINT('',(-41.18419402311,-71.33311651681));
#2830 = CARTESIAN_POINT('',(-41.18419402311,1.51789796778E-18));
#2831 = ( GEOMETRIC_REPRESENTATION_CONTEXT(2) 
PARAMETRIC_REPRESENTATION_CONTEXT() REPRESENTATION_CONTEXT('2D SPACE',''
  ) );
#2832 = PCURVE('',#2833,#2838);
#2833 = CONICAL_SURFACE('',#2834,41.427702632948,1.331786911284);
#2834 = AXIS2_PLACEMENT_3D('',#2835,#2836,#2837);
#2835 = CARTESIAN_POINT('',(-1.458310540074E-03,4.476600440959E-02,
    -3.238274342441));
#2836 = DIRECTION('',(-9.219432559887E-04,-2.434067575137E-03,
    0.999996612662));
#2837 = DIRECTION('',(-4.235164736272E-22,-0.999997037651,
    -2.434068609592E-03));
#2838 = DEFINITIONAL_REPRESENTATION('',(#2839),#2843);
#2839 = LINE('',#2840,#2841);
#2840 = CARTESIAN_POINT('',(-0.,-5.933502458865E-02));
#2841 = VECTOR('',#2842,1.);
#2842 = DIRECTION('',(-1.,-0.));
#2843 = ( GEOMETRIC_REPRESENTATION_CONTEXT(2) 
PARAMETRIC_REPRESENTATION_CONTEXT() REPRESENTATION_CONTEXT('2D SPACE',''
  ) );
#2844 = ADVANCED_FACE('',(#2845,#2876),#1930,.F.);
#2845 = FACE_BOUND('',#2846,.F.);
#2846 = EDGE_LOOP('',(#2847));
#2847 = ORIENTED_EDGE('',*,*,#2848,.T.);
#2848 = EDGE_CURVE('',#2849,#2849,#2851,.T.);
#2849 = VERTEX_POINT('',#2850);
#2850 = CARTESIAN_POINT('',(1.547111329707E-02,26.097089656579,
    -21.53766879085));
#2851 = SURFACE_CURVE('',#2852,(#2857,#2864),.PCURVE_S1.);
#2852 = CIRCLE('',#2853,26.007704494483);
#2853 = AXIS2_PLACEMENT_3D('',#2854,#2855,#2856);
#2854 = CARTESIAN_POINT('',(1.547111329707E-02,8.946220600342E-02,
    -21.60097332797));
#2855 = DIRECTION('',(-9.219432559887E-04,-2.434067575137E-03,
    0.999996612662));
#2856 = DIRECTION('',(4.235164736271E-22,0.999997037651,
    2.434068609592E-03));
#2857 = PCURVE('',#1930,#2858);
#2858 = DEFINITIONAL_REPRESENTATION('',(#2859),#2863);
#2859 = CIRCLE('',#2860,26.007704494483);
#2860 = AXIS2_PLACEMENT_2D('',#2861,#2862);
#2861 = CARTESIAN_POINT('',(0.,0.));
#2862 = DIRECTION('',(1.,0.));
#2863 = ( GEOMETRIC_REPRESENTATION_CONTEXT(2) 
PARAMETRIC_REPRESENTATION_CONTEXT() REPRESENTATION_CONTEXT('2D SPACE',''
  ) );
#2864 = PCURVE('',#2865,#2870);
#2865 = CYLINDRICAL_SURFACE('',#2866,26.007704494483);
#2866 = AXIS2_PLACEMENT_3D('',#2867,#2868,#2869);
#2867 = CARTESIAN_POINT('',(1.547111329707E-02,8.946220600342E-02,
    -21.60097332797));
#2868 = DIRECTION('',(-9.219432559887E-04,-2.434067575137E-03,
    0.999996612662));
#2869 = DIRECTION('',(4.235164736272E-22,0.999997037651,
    2.434068609592E-03));
#2870 = DEFINITIONAL_REPRESENTATION('',(#2871),#2875);
#2871 = LINE('',#2872,#2873);
#2872 = CARTESIAN_POINT('',(0.,0.));
#2873 = VECTOR('',#2874,1.);
#2874 = DIRECTION('',(1.,0.));
#2875 = ( GEOMETRIC_REPRESENTATION_CONTEXT(2) 
PARAMETRIC_REPRESENTATION_CONTEXT() REPRESENTATION_CONTEXT('2D SPACE',''
  ) );
#2876 = FACE_BOUND('',#2877,.F.);
#2877 = EDGE_LOOP('',(#2878,#2879,#2880,#2881,#2882));
#2878 = ORIENTED_EDGE('',*,*,#1913,.T.);
#2879 = ORIENTED_EDGE('',*,*,#2459,.T.);
#2880 = ORIENTED_EDGE('',*,*,#2240,.F.);
#2881 = ORIENTED_EDGE('',*,*,#2214,.T.);
#2882 = ORIENTED_EDGE('',*,*,#2143,.F.);
#2883 = ADVANCED_FACE('',(#2884),#2833,.T.);
#2884 = FACE_BOUND('',#2885,.T.);
#2885 = EDGE_LOOP('',(#2886,#2909,#2936,#2937));
#2886 = ORIENTED_EDGE('',*,*,#2887,.T.);
#2887 = EDGE_CURVE('',#2813,#2888,#2890,.T.);
#2888 = VERTEX_POINT('',#2889);
#2889 = CARTESIAN_POINT('',(7.662561876101E-04,-31.47447942169,
    -5.727911376902));
#2890 = SEAM_CURVE('',#2891,(#2895,#2902),.PCURVE_S1.);
#2891 = LINE('',#2892,#2893);
#2892 = CARTESIAN_POINT('',(-1.458310540064E-03,-41.3828139052,
    -3.339112212987));
#2893 = VECTOR('',#2894,1.);
#2894 = DIRECTION('',(2.182611392587E-04,0.972146326574,-0.234374640459)
  );
#2895 = PCURVE('',#2833,#2896);
#2896 = DEFINITIONAL_REPRESENTATION('',(#2897),#2901);
#2897 = LINE('',#2898,#2899);
#2898 = CARTESIAN_POINT('',(-6.28318530718,0.));
#2899 = VECTOR('',#2900,1.);
#2900 = DIRECTION('',(-0.,-1.));
#2901 = ( GEOMETRIC_REPRESENTATION_CONTEXT(2) 
PARAMETRIC_REPRESENTATION_CONTEXT() REPRESENTATION_CONTEXT('2D SPACE',''
  ) );
#2902 = PCURVE('',#2833,#2903);
#2903 = DEFINITIONAL_REPRESENTATION('',(#2904),#2908);
#2904 = LINE('',#2905,#2906);
#2905 = CARTESIAN_POINT('',(0.,-0.));
#2906 = VECTOR('',#2907,1.);
#2907 = DIRECTION('',(-0.,-1.));
#2908 = ( GEOMETRIC_REPRESENTATION_CONTEXT(2) 
PARAMETRIC_REPRESENTATION_CONTEXT() REPRESENTATION_CONTEXT('2D SPACE',''
  ) );
#2909 = ORIENTED_EDGE('',*,*,#2910,.F.);
#2910 = EDGE_CURVE('',#2888,#2888,#2911,.T.);
#2911 = SURFACE_CURVE('',#2912,(#2917,#2924),.PCURVE_S1.);
#2912 = CIRCLE('',#2913,31.525212002441);
#2913 = AXIS2_PLACEMENT_3D('',#2914,#2915,#2916);
#2914 = CARTESIAN_POINT('',(7.662561876024E-04,5.06391920547E-02,
    -5.651176847956));
#2915 = DIRECTION('',(9.219432559887E-04,2.434067575137E-03,
    -0.999996612662));
#2916 = DIRECTION('',(-4.235164736271E-22,-0.999997037651,
    -2.434068609592E-03));
#2917 = PCURVE('',#2833,#2918);
#2918 = DEFINITIONAL_REPRESENTATION('',(#2919),#2923);
#2919 = LINE('',#2920,#2921);
#2920 = CARTESIAN_POINT('',(-0.,-2.412910678859));
#2921 = VECTOR('',#2922,1.);
#2922 = DIRECTION('',(-1.,-0.));
#2923 = ( GEOMETRIC_REPRESENTATION_CONTEXT(2) 
PARAMETRIC_REPRESENTATION_CONTEXT() REPRESENTATION_CONTEXT('2D SPACE',''
  ) );
#2924 = PCURVE('',#2925,#2930);
#2925 = PLANE('',#2926);
#2926 = AXIS2_PLACEMENT_3D('',#2927,#2928,#2929);
#2927 = CARTESIAN_POINT('',(7.662561876024E-04,5.06391920547E-02,
    -5.651176847956));
#2928 = DIRECTION('',(9.219432559887E-04,2.434067575137E-03,
    -0.999996612662));
#2929 = DIRECTION('',(-4.235164736272E-22,-0.999997037651,
    -2.434068609592E-03));
#2930 = DEFINITIONAL_REPRESENTATION('',(#2931),#2935);
#2931 = CIRCLE('',#2932,31.525212002441);
#2932 = AXIS2_PLACEMENT_2D('',#2933,#2934);
#2933 = CARTESIAN_POINT('',(0.,0.));
#2934 = DIRECTION('',(1.,0.));
#2935 = ( GEOMETRIC_REPRESENTATION_CONTEXT(2) 
PARAMETRIC_REPRESENTATION_CONTEXT() REPRESENTATION_CONTEXT('2D SPACE',''
  ) );
#2936 = ORIENTED_EDGE('',*,*,#2887,.F.);
#2937 = ORIENTED_EDGE('',*,*,#2812,.T.);
#2938 = ADVANCED_FACE('',(#2939),#2865,.T.);
#2939 = FACE_BOUND('',#2940,.T.);
#2940 = EDGE_LOOP('',(#2941,#2969,#2990,#2991));
#2941 = ORIENTED_EDGE('',*,*,#2942,.F.);
#2942 = EDGE_CURVE('',#2943,#2943,#2945,.T.);
#2943 = VERTEX_POINT('',#2944);
#2944 = CARTESIAN_POINT('',(7.662561876088E-04,26.058266642631,
    -5.587872310838));
#2945 = SURFACE_CURVE('',#2946,(#2951,#2958),.PCURVE_S1.);
#2946 = CIRCLE('',#2947,26.007704494483);
#2947 = AXIS2_PLACEMENT_3D('',#2948,#2949,#2950);
#2948 = CARTESIAN_POINT('',(7.662561876024E-04,5.06391920547E-02,
    -5.651176847956));
#2949 = DIRECTION('',(-9.219432559887E-04,-2.434067575137E-03,
    0.999996612662));
#2950 = DIRECTION('',(4.235164736271E-22,0.999997037651,
    2.434068609592E-03));
#2951 = PCURVE('',#2865,#2952);
#2952 = DEFINITIONAL_REPRESENTATION('',(#2953),#2957);
#2953 = LINE('',#2954,#2955);
#2954 = CARTESIAN_POINT('',(4.336808689942E-19,15.94985050755));
#2955 = VECTOR('',#2956,1.);
#2956 = DIRECTION('',(1.,0.));
#2957 = ( GEOMETRIC_REPRESENTATION_CONTEXT(2) 
PARAMETRIC_REPRESENTATION_CONTEXT() REPRESENTATION_CONTEXT('2D SPACE',''
  ) );
#2958 = PCURVE('',#2925,#2959);
#2959 = DEFINITIONAL_REPRESENTATION('',(#2960),#2968);
#2960 = ( BOUNDED_CURVE() B_SPLINE_CURVE(2,(#2961,#2962,#2963,#2964,
#2965,#2966,#2967),.UNSPECIFIED.,.T.,.F.) B_SPLINE_CURVE_WITH_KNOTS((1,2
    ,2,2,2,1),(-2.094395102393,0.,2.094395102393,4.188790204786,
6.28318530718,8.377580409573),.UNSPECIFIED.) CURVE() 
GEOMETRIC_REPRESENTATION_ITEM() RATIONAL_B_SPLINE_CURVE((1.,0.5,1.,0.5,
1.,0.5,1.)) REPRESENTATION_ITEM('') );
#2961 = CARTESIAN_POINT('',(-26.00770449448,3.851514223674E-19));
#2962 = CARTESIAN_POINT('',(-26.00770449448,45.046665572682));
#2963 = CARTESIAN_POINT('',(13.003852247242,22.523332786341));
#2964 = CARTESIAN_POINT('',(52.015408988967,6.37043556389E-15));
#2965 = CARTESIAN_POINT('',(13.003852247242,-22.52333278634));
#2966 = CARTESIAN_POINT('',(-26.00770449448,-45.04666557268));
#2967 = CARTESIAN_POINT('',(-26.00770449448,3.851514223674E-19));
#2968 = ( GEOMETRIC_REPRESENTATION_CONTEXT(2) 
PARAMETRIC_REPRESENTATION_CONTEXT() REPRESENTATION_CONTEXT('2D SPACE',''
  ) );
#2969 = ORIENTED_EDGE('',*,*,#2970,.F.);
#2970 = EDGE_CURVE('',#2849,#2943,#2971,.T.);
#2971 = SEAM_CURVE('',#2972,(#2976,#2983),.PCURVE_S1.);
#2972 = LINE('',#2973,#2974);
#2973 = CARTESIAN_POINT('',(1.547111329707E-02,26.097089656579,
    -21.53766879085));
#2974 = VECTOR('',#2975,1.);
#2975 = DIRECTION('',(-9.219432559887E-04,-2.434067575137E-03,
    0.999996612662));
#2976 = PCURVE('',#2865,#2977);
#2977 = DEFINITIONAL_REPRESENTATION('',(#2978),#2982);
#2978 = LINE('',#2979,#2980);
#2979 = CARTESIAN_POINT('',(6.28318530718,-0.));
#2980 = VECTOR('',#2981,1.);
#2981 = DIRECTION('',(0.,1.));
#2982 = ( GEOMETRIC_REPRESENTATION_CONTEXT(2) 
PARAMETRIC_REPRESENTATION_CONTEXT() REPRESENTATION_CONTEXT('2D SPACE',''
  ) );
#2983 = PCURVE('',#2865,#2984);
#2984 = DEFINITIONAL_REPRESENTATION('',(#2985),#2989);
#2985 = LINE('',#2986,#2987);
#2986 = CARTESIAN_POINT('',(0.,-0.));
#2987 = VECTOR('',#2988,1.);
#2988 = DIRECTION('',(0.,1.));
#2989 = ( GEOMETRIC_REPRESENTATION_CONTEXT(2) 
PARAMETRIC_REPRESENTATION_CONTEXT() REPRESENTATION_CONTEXT('2D SPACE',''
  ) );
#2990 = ORIENTED_EDGE('',*,*,#2848,.T.);
#2991 = ORIENTED_EDGE('',*,*,#2970,.T.);
#2992 = ADVANCED_FACE('',(#2993,#2996),#2925,.T.);
#2993 = FACE_BOUND('',#2994,.T.);
#2994 = EDGE_LOOP('',(#2995));
#2995 = ORIENTED_EDGE('',*,*,#2910,.T.);
#2996 = FACE_BOUND('',#2997,.T.);
#2997 = EDGE_LOOP('',(#2998));
#2998 = ORIENTED_EDGE('',*,*,#2942,.T.);
#2999 = MANIFOLD_SOLID_BREP('',#3000);
#3000 = CLOSED_SHELL('',(#3001,#3089,#3206,#3299,#3354,#3381,#3408));
#3001 = ADVANCED_FACE('',(#3002),#3015,.T.);
#3002 = FACE_BOUND('',#3003,.T.);
#3003 = EDGE_LOOP('',(#3004,#3038,#3061,#3088));
#3004 = ORIENTED_EDGE('',*,*,#3005,.F.);
#3005 = EDGE_CURVE('',#3006,#3006,#3008,.T.);
#3006 = VERTEX_POINT('',#3007);
#3007 = CARTESIAN_POINT('',(-9.733439267803E-03,-25.99101415534,
    5.674121624888));
#3008 = SURFACE_CURVE('',#3009,(#3014,#3026),.PCURVE_S1.);
#3009 = CIRCLE('',#3010,26.014009649415);
#3010 = AXIS2_PLACEMENT_3D('',#3011,#3012,#3013);
#3011 = CARTESIAN_POINT('',(-9.733439267809E-03,2.291843148638E-02,
    5.737441509185));
#3012 = DIRECTION('',(9.219432559887E-04,2.434067575137E-03,
    -0.999996612662));
#3013 = DIRECTION('',(-4.235164736271E-22,-0.999997037651,
    -2.434068609592E-03));
#3014 = PCURVE('',#3015,#3020);
#3015 = CYLINDRICAL_SURFACE('',#3016,26.014009649415);
#3016 = AXIS2_PLACEMENT_3D('',#3017,#3018,#3019);
#3017 = CARTESIAN_POINT('',(-2.01594920441E-02,-4.607901435517E-03,
    17.046182466944));
#3018 = DIRECTION('',(9.219432559887E-04,2.434067575137E-03,
    -0.999996612662));
#3019 = DIRECTION('',(-4.235164736272E-22,-0.999997037651,
    -2.434068609592E-03));
#3020 = DEFINITIONAL_REPRESENTATION('',(#3021),#3025);
#3021 = LINE('',#3022,#3023);
#3022 = CARTESIAN_POINT('',(0.,11.308779264416));
#3023 = VECTOR('',#3024,1.);
#3024 = DIRECTION('',(1.,0.));
#3025 = ( GEOMETRIC_REPRESENTATION_CONTEXT(2) 
PARAMETRIC_REPRESENTATION_CONTEXT() REPRESENTATION_CONTEXT('2D SPACE',''
  ) );
#3026 = PCURVE('',#3027,#3032);
#3027 = PLANE('',#3028);
#3028 = AXIS2_PLACEMENT_3D('',#3029,#3030,#3031);
#3029 = CARTESIAN_POINT('',(-9.733439267809E-03,2.291843148638E-02,
    5.737441509185));
#3030 = DIRECTION('',(9.219432559887E-04,2.434067575137E-03,
    -0.999996612662));
#3031 = DIRECTION('',(-4.235164736272E-22,-0.999997037651,
    -2.434068609592E-03));
#3032 = DEFINITIONAL_REPRESENTATION('',(#3033),#3037);
#3033 = CIRCLE('',#3034,26.014009649415);
#3034 = AXIS2_PLACEMENT_2D('',#3035,#3036);
#3035 = CARTESIAN_POINT('',(0.,0.));
#3036 = DIRECTION('',(1.,0.));
#3037 = ( GEOMETRIC_REPRESENTATION_CONTEXT(2) 
PARAMETRIC_REPRESENTATION_CONTEXT() REPRESENTATION_CONTEXT('2D SPACE',''
  ) );
#3038 = ORIENTED_EDGE('',*,*,#3039,.F.);
#3039 = EDGE_CURVE('',#3040,#3006,#3042,.T.);
#3040 = VERTEX_POINT('',#3041);
#3041 = CARTESIAN_POINT('',(-2.01594920441E-02,-26.01854048826,
    16.982862582647));
#3042 = SEAM_CURVE('',#3043,(#3047,#3054),.PCURVE_S1.);
#3043 = LINE('',#3044,#3045);
#3044 = CARTESIAN_POINT('',(-2.01594920441E-02,-26.01854048826,
    16.982862582647));
#3045 = VECTOR('',#3046,1.);
#3046 = DIRECTION('',(9.219432559887E-04,2.434067575137E-03,
    -0.999996612662));
#3047 = PCURVE('',#3015,#3048);
#3048 = DEFINITIONAL_REPRESENTATION('',(#3049),#3053);
#3049 = LINE('',#3050,#3051);
#3050 = CARTESIAN_POINT('',(6.28318530718,-0.));
#3051 = VECTOR('',#3052,1.);
#3052 = DIRECTION('',(0.,1.));
#3053 = ( GEOMETRIC_REPRESENTATION_CONTEXT(2) 
PARAMETRIC_REPRESENTATION_CONTEXT() REPRESENTATION_CONTEXT('2D SPACE',''
  ) );
#3054 = PCURVE('',#3015,#3055);
#3055 = DEFINITIONAL_REPRESENTATION('',(#3056),#3060);
#3056 = LINE('',#3057,#3058);
#3057 = CARTESIAN_POINT('',(0.,-0.));
#3058 = VECTOR('',#3059,1.);
#3059 = DIRECTION('',(0.,1.));
#3060 = ( GEOMETRIC_REPRESENTATION_CONTEXT(2) 
PARAMETRIC_REPRESENTATION_CONTEXT() REPRESENTATION_CONTEXT('2D SPACE',''
  ) );
#3061 = ORIENTED_EDGE('',*,*,#3062,.T.);
#3062 = EDGE_CURVE('',#3040,#3040,#3063,.T.);
#3063 = SURFACE_CURVE('',#3064,(#3069,#3076),.PCURVE_S1.);
#3064 = CIRCLE('',#3065,26.014009649415);
#3065 = AXIS2_PLACEMENT_3D('',#3066,#3067,#3068);
#3066 = CARTESIAN_POINT('',(-2.01594920441E-02,-4.607901435517E-03,
    17.046182466944));
#3067 = DIRECTION('',(9.219432559887E-04,2.434067575137E-03,
    -0.999996612662));
#3068 = DIRECTION('',(-4.235164736271E-22,-0.999997037651,
    -2.434068609592E-03));
#3069 = PCURVE('',#3015,#3070);
#3070 = DEFINITIONAL_REPRESENTATION('',(#3071),#3075);
#3071 = LINE('',#3072,#3073);
#3072 = CARTESIAN_POINT('',(0.,0.));
#3073 = VECTOR('',#3074,1.);
#3074 = DIRECTION('',(1.,0.));
#3075 = ( GEOMETRIC_REPRESENTATION_CONTEXT(2) 
PARAMETRIC_REPRESENTATION_CONTEXT() REPRESENTATION_CONTEXT('2D SPACE',''
  ) );
#3076 = PCURVE('',#3077,#3082);
#3077 = PLANE('',#3078);
#3078 = AXIS2_PLACEMENT_3D('',#3079,#3080,#3081);
#3079 = CARTESIAN_POINT('',(-2.01594920441E-02,-4.607901435517E-03,
    17.046182466944));
#3080 = DIRECTION('',(9.219432559887E-04,2.434067575137E-03,
    -0.999996612662));
#3081 = DIRECTION('',(-4.235164736272E-22,-0.999997037651,
    -2.434068609592E-03));
#3082 = DEFINITIONAL_REPRESENTATION('',(#3083),#3087);
#3083 = CIRCLE('',#3084,26.014009649415);
#3084 = AXIS2_PLACEMENT_2D('',#3085,#3086);
#3085 = CARTESIAN_POINT('',(0.,0.));
#3086 = DIRECTION('',(1.,0.));
#3087 = ( GEOMETRIC_REPRESENTATION_CONTEXT(2) 
PARAMETRIC_REPRESENTATION_CONTEXT() REPRESENTATION_CONTEXT('2D SPACE',''
  ) );
#3088 = ORIENTED_EDGE('',*,*,#3039,.T.);
#3089 = ADVANCED_FACE('',(#3090,#3093),#3027,.T.);
#3090 = FACE_BOUND('',#3091,.T.);
#3091 = EDGE_LOOP('',(#3092));
#3092 = ORIENTED_EDGE('',*,*,#3005,.T.);
#3093 = FACE_BOUND('',#3094,.T.);
#3094 = EDGE_LOOP('',(#3095,#3130,#3156,#3182));
#3095 = ORIENTED_EDGE('',*,*,#3096,.T.);
#3096 = EDGE_CURVE('',#3097,#3099,#3101,.T.);
#3097 = VERTEX_POINT('',#3098);
#3098 = CARTESIAN_POINT('',(-4.000000061861,11.870285108285,
    5.762600086082));
#3099 = VERTEX_POINT('',#3100);
#3100 = CARTESIAN_POINT('',(3.999999952933,11.863692837935,
    5.769959611041));
#3101 = SURFACE_CURVE('',#3102,(#3107,#3118),.PCURVE_S1.);
#3102 = CIRCLE('',#3103,12.501318244405);
#3103 = AXIS2_PLACEMENT_3D('',#3104,#3105,#3106);
#3104 = CARTESIAN_POINT('',(-9.733439267809E-03,2.291843148638E-02,
    5.737441509185));
#3105 = DIRECTION('',(-9.219432559887E-04,-2.434067575137E-03,
    0.999996612662));
#3106 = DIRECTION('',(-0.319187668419,0.947689391245,2.012473917167E-03)
  );
#3107 = PCURVE('',#3027,#3108);
#3108 = DEFINITIONAL_REPRESENTATION('',(#3109),#3117);
#3109 = ( BOUNDED_CURVE() B_SPLINE_CURVE(2,(#3110,#3111,#3112,#3113,
#3114,#3115,#3116),.UNSPECIFIED.,.T.,.F.) B_SPLINE_CURVE_WITH_KNOTS((1,2
    ,2,2,2,1),(-2.094395102393,0.,2.094395102393,4.188790204786,
6.28318530718,8.377580409573),.UNSPECIFIED.) CURVE() 
GEOMETRIC_REPRESENTATION_ITEM() RATIONAL_B_SPLINE_CURVE((1.,0.5,1.,0.5,
1.,0.5,1.)) REPRESENTATION_ITEM('') );
#3110 = CARTESIAN_POINT('',(-11.84739281846,3.990268318416));
#3111 = CARTESIAN_POINT('',(-4.936045355132,24.510554617218));
#3112 = CARTESIAN_POINT('',(9.379370140895,8.265008990193));
#3113 = CARTESIAN_POINT('',(23.694785636923,-7.980536636832));
#3114 = CARTESIAN_POINT('',(2.468022677566,-12.2552773086));
#3115 = CARTESIAN_POINT('',(-18.75874028179,-16.53001798038));
#3116 = CARTESIAN_POINT('',(-11.84739281846,3.990268318416));
#3117 = ( GEOMETRIC_REPRESENTATION_CONTEXT(2) 
PARAMETRIC_REPRESENTATION_CONTEXT() REPRESENTATION_CONTEXT('2D SPACE',''
  ) );
#3118 = PCURVE('',#3119,#3124);
#3119 = CYLINDRICAL_SURFACE('',#3120,12.501318244405);
#3120 = AXIS2_PLACEMENT_3D('',#3121,#3122,#3123);
#3121 = CARTESIAN_POINT('',(-3.158778706545E-02,-3.478030322909E-02,
    29.44201728174));
#3122 = DIRECTION('',(9.219432559887E-04,2.434067575137E-03,
    -0.999996612662));
#3123 = DIRECTION('',(-4.235164736272E-22,-0.999997037651,
    -2.434068609592E-03));
#3124 = DEFINITIONAL_REPRESENTATION('',(#3125),#3129);
#3125 = LINE('',#3126,#3127);
#3126 = CARTESIAN_POINT('',(9.099905622978,23.704656068235));
#3127 = VECTOR('',#3128,1.);
#3128 = DIRECTION('',(-1.,-0.));
#3129 = ( GEOMETRIC_REPRESENTATION_CONTEXT(2) 
PARAMETRIC_REPRESENTATION_CONTEXT() REPRESENTATION_CONTEXT('2D SPACE',''
  ) );
#3130 = ORIENTED_EDGE('',*,*,#3131,.F.);
#3131 = EDGE_CURVE('',#3132,#3099,#3134,.T.);
#3132 = VERTEX_POINT('',#3133);
#3133 = CARTESIAN_POINT('',(3.999991119549,15.799988277161,
    5.779540844447));
#3134 = SURFACE_CURVE('',#3135,(#3139,#3145),.PCURVE_S1.);
#3135 = LINE('',#3136,#3137);
#3136 = CARTESIAN_POINT('',(4.000013559025,5.800602794196,5.755201602714
    ));
#3137 = VECTOR('',#3138,1.);
#3138 = DIRECTION('',(2.244078833259E-06,-0.999997037653,
    -2.434066540677E-03));
#3139 = PCURVE('',#3027,#3140);
#3140 = DEFINITIONAL_REPRESENTATION('',(#3141),#3144);
#3141 = B_SPLINE_CURVE_WITH_KNOTS('',1,(#3142,#3143),.UNSPECIFIED.,.F.,
  .F.,(2,2),(-9.999415104701,-5.844270054701),.PIECEWISE_BEZIER_KNOTS.);
#3142 = CARTESIAN_POINT('',(-15.77712558115,-4.00972626291));
#3143 = CARTESIAN_POINT('',(-11.62198053116,-4.009735587387));
#3144 = ( GEOMETRIC_REPRESENTATION_CONTEXT(2) 
PARAMETRIC_REPRESENTATION_CONTEXT() REPRESENTATION_CONTEXT('2D SPACE',''
  ) );
#3145 = PCURVE('',#3146,#3151);
#3146 = PLANE('',#3147);
#3147 = AXIS2_PLACEMENT_3D('',#3148,#3149,#3150);
#3148 = CARTESIAN_POINT('',(4.000000444023,11.644855536142,
    -21.57928161426));
#3149 = DIRECTION('',(0.999999999997,2.244085481013E-06,-0.));
#3150 = DIRECTION('',(0.,0.,1.));
#3151 = DEFINITIONAL_REPRESENTATION('',(#3152),#3155);
#3152 = B_SPLINE_CURVE_WITH_KNOTS('',1,(#3153,#3154),.UNSPECIFIED.,.F.,
  .F.,(2,2),(-9.999415104701,-5.844270054701),.PIECEWISE_BEZIER_KNOTS.);
#3153 = CARTESIAN_POINT('',(27.35882245871,-4.15513274103));
#3154 = CARTESIAN_POINT('',(27.348708559172,0.));
#3155 = ( GEOMETRIC_REPRESENTATION_CONTEXT(2) 
PARAMETRIC_REPRESENTATION_CONTEXT() REPRESENTATION_CONTEXT('2D SPACE',''
  ) );
#3156 = ORIENTED_EDGE('',*,*,#3157,.T.);
#3157 = EDGE_CURVE('',#3132,#3158,#3160,.T.);
#3158 = VERTEX_POINT('',#3159);
#3159 = CARTESIAN_POINT('',(-4.000008880451,15.799988277161,
    5.772165273415));
#3160 = SURFACE_CURVE('',#3161,(#3165,#3171),.PCURVE_S1.);
#3161 = LINE('',#3162,#3163);
#3162 = CARTESIAN_POINT('',(-5.969530511469E-03,15.799988277161,
    5.775847563531));
#3163 = VECTOR('',#3164,1.);
#3164 = DIRECTION('',(-0.999999575008,0.,-9.219459871125E-04));
#3165 = PCURVE('',#3027,#3166);
#3166 = DEFINITIONAL_REPRESENTATION('',(#3167),#3170);
#3167 = B_SPLINE_CURVE_WITH_KNOTS('',1,(#3168,#3169),.UNSPECIFIED.,.F.,
  .F.,(2,2),(-4.005962352564,3.994041047376),.PIECEWISE_BEZIER_KNOTS.);
#3168 = CARTESIAN_POINT('',(-15.77712558115,-4.00972626291));
#3169 = CARTESIAN_POINT('',(-15.7771076285,3.99027713701));
#3170 = ( GEOMETRIC_REPRESENTATION_CONTEXT(2) 
PARAMETRIC_REPRESENTATION_CONTEXT() REPRESENTATION_CONTEXT('2D SPACE',''
  ) );
#3171 = PCURVE('',#3172,#3177);
#3172 = PLANE('',#3173);
#3173 = AXIS2_PLACEMENT_3D('',#3174,#3175,#3176);
#3174 = CARTESIAN_POINT('',(-8.880450529357E-06,15.799988277161,
    3.431532285275));
#3175 = DIRECTION('',(-0.,-1.,-0.));
#3176 = DIRECTION('',(0.,0.,-1.));
#3177 = DEFINITIONAL_REPRESENTATION('',(#3178),#3181);
#3178 = B_SPLINE_CURVE_WITH_KNOTS('',1,(#3179,#3180),.UNSPECIFIED.,.F.,
  .F.,(2,2),(-4.005962352564,3.994041047376),.PIECEWISE_BEZIER_KNOTS.);
#3179 = CARTESIAN_POINT('',(-2.348008559172,4.));
#3180 = CARTESIAN_POINT('',(-2.340632988141,-4.));
#3181 = ( GEOMETRIC_REPRESENTATION_CONTEXT(2) 
PARAMETRIC_REPRESENTATION_CONTEXT() REPRESENTATION_CONTEXT('2D SPACE',''
  ) );
#3182 = ORIENTED_EDGE('',*,*,#3183,.F.);
#3183 = EDGE_CURVE('',#3097,#3158,#3184,.T.);
#3184 = SURFACE_CURVE('',#3185,(#3189,#3195),.PCURVE_S1.);
#3185 = LINE('',#3186,#3187);
#3186 = CARTESIAN_POINT('',(-3.999986577555,5.86146495758,5.747974174677
    ));
#3187 = VECTOR('',#3188,1.);
#3188 = DIRECTION('',(-2.244078833259E-06,0.999997037653,
    2.434066540677E-03));
#3189 = PCURVE('',#3027,#3190);
#3190 = DEFINITIONAL_REPRESENTATION('',(#3191),#3194);
#3191 = B_SPLINE_CURVE_WITH_KNOTS('',1,(#3192,#3193),.UNSPECIFIED.,.F.,
  .F.,(2,2),(5.783407711022,9.938552761022),.PIECEWISE_BEZIER_KNOTS.);
#3192 = CARTESIAN_POINT('',(-11.62196257851,3.990267812533));
#3193 = CARTESIAN_POINT('',(-15.7771076285,3.99027713701));
#3194 = ( GEOMETRIC_REPRESENTATION_CONTEXT(2) 
PARAMETRIC_REPRESENTATION_CONTEXT() REPRESENTATION_CONTEXT('2D SPACE',''
  ) );
#3195 = PCURVE('',#3196,#3201);
#3196 = PLANE('',#3197);
#3197 = AXIS2_PLACEMENT_3D('',#3198,#3199,#3200);
#3198 = CARTESIAN_POINT('',(-3.999999555977,11.644855536142,
    28.422118385737));
#3199 = DIRECTION('',(-0.999999999997,-2.244085481013E-06,-0.));
#3200 = DIRECTION('',(0.,0.,-1.));
#3201 = DEFINITIONAL_REPRESENTATION('',(#3202),#3205);
#3202 = B_SPLINE_CURVE_WITH_KNOTS('',1,(#3203,#3204),.UNSPECIFIED.,.F.,
  .F.,(2,2),(5.783407711022,9.938552761022),.PIECEWISE_BEZIER_KNOTS.);
#3203 = CARTESIAN_POINT('',(22.660067011859,-8.881784197001E-16));
#3204 = CARTESIAN_POINT('',(22.649953112322,-4.15513274103));
#3205 = ( GEOMETRIC_REPRESENTATION_CONTEXT(2) 
PARAMETRIC_REPRESENTATION_CONTEXT() REPRESENTATION_CONTEXT('2D SPACE',''
  ) );
#3206 = ADVANCED_FACE('',(#3207,#3210),#3077,.F.);
#3207 = FACE_BOUND('',#3208,.F.);
#3208 = EDGE_LOOP('',(#3209));
#3209 = ORIENTED_EDGE('',*,*,#3062,.T.);
#3210 = FACE_BOUND('',#3211,.F.);
#3211 = EDGE_LOOP('',(#3212,#3235,#3259,#3280));
#3212 = ORIENTED_EDGE('',*,*,#3213,.F.);
#3213 = EDGE_CURVE('',#3214,#3216,#3218,.T.);
#3214 = VERTEX_POINT('',#3215);
#3215 = CARTESIAN_POINT('',(-4.000000007958,11.846265207679,
    17.071359191075));
#3216 = VERTEX_POINT('',#3217);
#3217 = CARTESIAN_POINT('',(-4.000008880451,15.799988277161,
    17.080982844618));
#3218 = SURFACE_CURVE('',#3219,(#3223,#3229),.PCURVE_S1.);
#3219 = LINE('',#3220,#3221);
#3220 = CARTESIAN_POINT('',(-3.999986515783,5.833938624658,
    17.056724744755));
#3221 = VECTOR('',#3222,1.);
#3222 = DIRECTION('',(-2.244078833259E-06,0.999997037653,
    2.434066540677E-03));
#3223 = PCURVE('',#3077,#3224);
#3224 = DEFINITIONAL_REPRESENTATION('',(#3225),#3228);
#3225 = B_SPLINE_CURVE_WITH_KNOTS('',1,(#3226,#3227),.UNSPECIFIED.,.F.,
  .F.,(2,2),(5.810934125486,9.966079175486),.PIECEWISE_BEZIER_KNOTS.);
#3226 = CARTESIAN_POINT('',(-11.64948901637,3.979841755325));
#3227 = CARTESIAN_POINT('',(-15.80463406636,3.979851079802));
#3228 = ( GEOMETRIC_REPRESENTATION_CONTEXT(2) 
PARAMETRIC_REPRESENTATION_CONTEXT() REPRESENTATION_CONTEXT('2D SPACE',''
  ) );
#3229 = PCURVE('',#3196,#3230);
#3230 = DEFINITIONAL_REPRESENTATION('',(#3231),#3234);
#3231 = B_SPLINE_CURVE_WITH_KNOTS('',1,(#3232,#3233),.UNSPECIFIED.,.F.,
  .F.,(2,2),(5.810934125486,9.966079175486),.PIECEWISE_BEZIER_KNOTS.);
#3232 = CARTESIAN_POINT('',(11.351249440657,-8.881784197001E-16));
#3233 = CARTESIAN_POINT('',(11.341135541119,-4.15513274103));
#3234 = ( GEOMETRIC_REPRESENTATION_CONTEXT(2) 
PARAMETRIC_REPRESENTATION_CONTEXT() REPRESENTATION_CONTEXT('2D SPACE',''
  ) );
#3235 = ORIENTED_EDGE('',*,*,#3236,.F.);
#3236 = EDGE_CURVE('',#3237,#3214,#3239,.T.);
#3237 = VERTEX_POINT('',#3238);
#3238 = CARTESIAN_POINT('',(4.000000022639,11.832630705267,
    17.078701574722));
#3239 = SURFACE_CURVE('',#3240,(#3245,#3252),.PCURVE_S1.);
#3240 = CIRCLE('',#3241,12.501318244405);
#3241 = AXIS2_PLACEMENT_3D('',#3242,#3243,#3244);
#3242 = CARTESIAN_POINT('',(-2.01594920441E-02,-4.607901435517E-03,
    17.046182466944));
#3243 = DIRECTION('',(9.219432559886E-04,2.434067575137E-03,
    -0.999996612662));
#3244 = DIRECTION('',(0.321578847613,0.946879231076,2.601254295087E-03)
  );
#3245 = PCURVE('',#3077,#3246);
#3246 = DEFINITIONAL_REPRESENTATION('',(#3247),#3251);
#3247 = CIRCLE('',#3248,12.501318244405);
#3248 = AXIS2_PLACEMENT_2D('',#3249,#3250);
#3249 = CARTESIAN_POINT('',(-1.474510586552E-17,3.469478566668E-18));
#3250 = DIRECTION('',(-0.946882757721,-0.321578984281));
#3251 = ( GEOMETRIC_REPRESENTATION_CONTEXT(2) 
PARAMETRIC_REPRESENTATION_CONTEXT() REPRESENTATION_CONTEXT('2D SPACE',''
  ) );
#3252 = PCURVE('',#3119,#3253);
#3253 = DEFINITIONAL_REPRESENTATION('',(#3254),#3258);
#3254 = LINE('',#3255,#3256);
#3255 = CARTESIAN_POINT('',(3.468989230221,12.395876803819));
#3256 = VECTOR('',#3257,1.);
#3257 = DIRECTION('',(1.,0.));
#3258 = ( GEOMETRIC_REPRESENTATION_CONTEXT(2) 
PARAMETRIC_REPRESENTATION_CONTEXT() REPRESENTATION_CONTEXT('2D SPACE',''
  ) );
#3259 = ORIENTED_EDGE('',*,*,#3260,.F.);
#3260 = EDGE_CURVE('',#3261,#3237,#3263,.T.);
#3261 = VERTEX_POINT('',#3262);
#3262 = CARTESIAN_POINT('',(3.999991119549,15.799988277161,
    17.088358415649));
#3263 = SURFACE_CURVE('',#3264,(#3268,#3274),.PCURVE_S1.);
#3264 = LINE('',#3265,#3266);
#3265 = CARTESIAN_POINT('',(4.000013620797,5.773076461275,
    17.063952172792));
#3266 = VECTOR('',#3267,1.);
#3267 = DIRECTION('',(2.244078833259E-06,-0.999997037653,
    -2.434066540677E-03));
#3268 = PCURVE('',#3077,#3269);
#3269 = DEFINITIONAL_REPRESENTATION('',(#3270),#3273);
#3270 = B_SPLINE_CURVE_WITH_KNOTS('',1,(#3271,#3272),.UNSPECIFIED.,.F.,
  .F.,(2,2),(-10.02694151916,-5.871796469165),.PIECEWISE_BEZIER_KNOTS.);
#3271 = CARTESIAN_POINT('',(-15.80465201901,-4.020152320117));
#3272 = CARTESIAN_POINT('',(-11.64950696902,-4.020161644594));
#3273 = ( GEOMETRIC_REPRESENTATION_CONTEXT(2) 
PARAMETRIC_REPRESENTATION_CONTEXT() REPRESENTATION_CONTEXT('2D SPACE',''
  ) );
#3274 = PCURVE('',#3146,#3275);
#3275 = DEFINITIONAL_REPRESENTATION('',(#3276),#3279);
#3276 = B_SPLINE_CURVE_WITH_KNOTS('',1,(#3277,#3278),.UNSPECIFIED.,.F.,
  .F.,(2,2),(-10.02694151916,-5.871796469165),.PIECEWISE_BEZIER_KNOTS.);
#3277 = CARTESIAN_POINT('',(38.667640029913,-4.15513274103));
#3278 = CARTESIAN_POINT('',(38.657526130375,0.));
#3279 = ( GEOMETRIC_REPRESENTATION_CONTEXT(2) 
PARAMETRIC_REPRESENTATION_CONTEXT() REPRESENTATION_CONTEXT('2D SPACE',''
  ) );
#3280 = ORIENTED_EDGE('',*,*,#3281,.T.);
#3281 = EDGE_CURVE('',#3261,#3216,#3282,.T.);
#3282 = SURFACE_CURVE('',#3283,(#3287,#3293),.PCURVE_S1.);
#3283 = LINE('',#3284,#3285);
#3284 = CARTESIAN_POINT('',(-1.639564505921E-02,15.799988277161,
    17.084655522415));
#3285 = VECTOR('',#3286,1.);
#3286 = DIRECTION('',(-0.999999575008,0.,-9.219459871125E-04));
#3287 = PCURVE('',#3077,#3288);
#3288 = DEFINITIONAL_REPRESENTATION('',(#3289),#3292);
#3289 = B_SPLINE_CURVE_WITH_KNOTS('',1,(#3290,#3291),.UNSPECIFIED.,.F.,
  .F.,(2,2),(-4.016388471543,3.983614928397),.PIECEWISE_BEZIER_KNOTS.);
#3290 = CARTESIAN_POINT('',(-15.80465201901,-4.020152320117));
#3291 = CARTESIAN_POINT('',(-15.80463406636,3.979851079802));
#3292 = ( GEOMETRIC_REPRESENTATION_CONTEXT(2) 
PARAMETRIC_REPRESENTATION_CONTEXT() REPRESENTATION_CONTEXT('2D SPACE',''
  ) );
#3293 = PCURVE('',#3172,#3294);
#3294 = DEFINITIONAL_REPRESENTATION('',(#3295),#3298);
#3295 = B_SPLINE_CURVE_WITH_KNOTS('',1,(#3296,#3297),.UNSPECIFIED.,.F.,
  .F.,(2,2),(-4.016388471543,3.983614928397),.PIECEWISE_BEZIER_KNOTS.);
#3296 = CARTESIAN_POINT('',(-13.65682613037,4.));
#3297 = CARTESIAN_POINT('',(-13.64945055934,-4.));
#3298 = ( GEOMETRIC_REPRESENTATION_CONTEXT(2) 
PARAMETRIC_REPRESENTATION_CONTEXT() REPRESENTATION_CONTEXT('2D SPACE',''
  ) );
#3299 = ADVANCED_FACE('',(#3300),#3119,.F.);
#3300 = FACE_BOUND('',#3301,.F.);
#3301 = EDGE_LOOP('',(#3302,#3303,#3328,#3329));
#3302 = ORIENTED_EDGE('',*,*,#3096,.T.);
#3303 = ORIENTED_EDGE('',*,*,#3304,.T.);
#3304 = EDGE_CURVE('',#3099,#3237,#3305,.T.);
#3305 = SURFACE_CURVE('',#3306,(#3311,#3321),.PCURVE_S1.);
#3306 = ELLIPSE('',#3307,1.355966768764E+04,12.501318244405);
#3307 = AXIS2_PLACEMENT_3D('',#3308,#3309,#3310);
#3308 = CARTESIAN_POINT('',(4.000002768078,10.609219512119,
    -4.343470168578E+03));
#3309 = DIRECTION('',(0.999999999997,2.244085481013E-06,0.));
#3310 = DIRECTION('',(-5.462253383753E-09,2.434066540671E-03,
    -0.999997037656));
#3311 = PCURVE('',#3119,#3312);
#3312 = DEFINITIONAL_REPRESENTATION('',(#3313),#3320);
#3313 = B_SPLINE_CURVE_WITH_KNOTS('',5,(#3314,#3315,#3316,#3317,#3318,
    #3319),.UNSPECIFIED.,.F.,.F.,(6,6),(1.897314491856,1.898195147553),
  .PIECEWISE_BEZIER_KNOTS.);
#3314 = CARTESIAN_POINT('',(3.468108574571,23.704656668235));
#3315 = CARTESIAN_POINT('',(3.46828470571,21.442562977101));
#3316 = CARTESIAN_POINT('',(3.46846083685,19.180637938908));
#3317 = CARTESIAN_POINT('',(3.468636967989,16.91888169985));
#3318 = CARTESIAN_POINT('',(3.468813099128,14.657294406098));
#3319 = CARTESIAN_POINT('',(3.468989230268,12.395876203818));
#3320 = ( GEOMETRIC_REPRESENTATION_CONTEXT(2) 
PARAMETRIC_REPRESENTATION_CONTEXT() REPRESENTATION_CONTEXT('2D SPACE',''
  ) );
#3321 = PCURVE('',#3146,#3322);
#3322 = DEFINITIONAL_REPRESENTATION('',(#3323),#3327);
#3323 = ELLIPSE('',#3324,1.355966768764E+04,12.501318244405);
#3324 = AXIS2_PLACEMENT_2D('',#3325,#3326);
#3325 = CARTESIAN_POINT('',(-4.321890886964E+03,1.035636024025));
#3326 = DIRECTION('',(-0.999997037656,-2.434066540677E-03));
#3327 = ( GEOMETRIC_REPRESENTATION_CONTEXT(2) 
PARAMETRIC_REPRESENTATION_CONTEXT() REPRESENTATION_CONTEXT('2D SPACE',''
  ) );
#3328 = ORIENTED_EDGE('',*,*,#3236,.T.);
#3329 = ORIENTED_EDGE('',*,*,#3330,.T.);
#3330 = EDGE_CURVE('',#3214,#3097,#3331,.T.);
#3331 = SURFACE_CURVE('',#3332,(#3337,#3347),.PCURVE_S1.);
#3332 = ELLIPSE('',#3333,1.355966768764E+04,12.501318244405);
#3333 = AXIS2_PLACEMENT_3D('',#3334,#3335,#3336);
#3334 = CARTESIAN_POINT('',(-3.999949834442,-10.51184743635,
    4.33377265739E+03));
#3335 = DIRECTION('',(-0.999999999997,-2.244085481013E-06,0.));
#3336 = DIRECTION('',(-5.462253383753E-09,2.434066540671E-03,
    -0.999997037656));
#3337 = PCURVE('',#3119,#3338);
#3338 = DEFINITIONAL_REPRESENTATION('',(#3339),#3346);
#3339 = B_SPLINE_CURVE_WITH_KNOTS('',5,(#3340,#3341,#3342,#3343,#3344,
    #3345),.UNSPECIFIED.,.F.,.F.,(6,6),(5.036379170097,5.037259074143),
  .PIECEWISE_BEZIER_KNOTS.);
#3340 = CARTESIAN_POINT('',(9.100785526977,12.395876203823));
#3341 = CARTESIAN_POINT('',(9.100609546168,14.657966804115));
#3342 = CARTESIAN_POINT('',(9.100433565359,16.919890296589));
#3343 = CARTESIAN_POINT('',(9.10025758455,19.181646535468));
#3344 = CARTESIAN_POINT('',(9.100081603741,21.443235374618));
#3345 = CARTESIAN_POINT('',(9.099905622932,23.704656668239));
#3346 = ( GEOMETRIC_REPRESENTATION_CONTEXT(2) 
PARAMETRIC_REPRESENTATION_CONTEXT() REPRESENTATION_CONTEXT('2D SPACE',''
  ) );
#3347 = PCURVE('',#3196,#3348);
#3348 = DEFINITIONAL_REPRESENTATION('',(#3349),#3353);
#3349 = ELLIPSE('',#3350,1.355966768764E+04,12.501318244405);
#3350 = AXIS2_PLACEMENT_2D('',#3351,#3352);
#3351 = CARTESIAN_POINT('',(-4.305350539004E+03,22.156702972552));
#3352 = DIRECTION('',(0.999997037656,-2.434066540677E-03));
#3353 = ( GEOMETRIC_REPRESENTATION_CONTEXT(2) 
PARAMETRIC_REPRESENTATION_CONTEXT() REPRESENTATION_CONTEXT('2D SPACE',''
  ) );
#3354 = ADVANCED_FACE('',(#3355),#3196,.F.);
#3355 = FACE_BOUND('',#3356,.F.);
#3356 = EDGE_LOOP('',(#3357,#3358,#3379,#3380));
#3357 = ORIENTED_EDGE('',*,*,#3213,.T.);
#3358 = ORIENTED_EDGE('',*,*,#3359,.T.);
#3359 = EDGE_CURVE('',#3216,#3158,#3360,.T.);
#3360 = SURFACE_CURVE('',#3361,(#3365,#3372),.PCURVE_S1.);
#3361 = LINE('',#3362,#3363);
#3362 = CARTESIAN_POINT('',(-4.000008880451,15.799988277161,
    28.432232285275));
#3363 = VECTOR('',#3364,1.);
#3364 = DIRECTION('',(0.,0.,-1.));
#3365 = PCURVE('',#3196,#3366);
#3366 = DEFINITIONAL_REPRESENTATION('',(#3367),#3371);
#3367 = LINE('',#3368,#3369);
#3368 = CARTESIAN_POINT('',(-1.011389953787E-02,-4.15513274103));
#3369 = VECTOR('',#3370,1.);
#3370 = DIRECTION('',(1.,0.));
#3371 = ( GEOMETRIC_REPRESENTATION_CONTEXT(2) 
PARAMETRIC_REPRESENTATION_CONTEXT() REPRESENTATION_CONTEXT('2D SPACE',''
  ) );
#3372 = PCURVE('',#3172,#3373);
#3373 = DEFINITIONAL_REPRESENTATION('',(#3374),#3378);
#3374 = LINE('',#3375,#3376);
#3375 = CARTESIAN_POINT('',(-25.0007,-4.));
#3376 = VECTOR('',#3377,1.);
#3377 = DIRECTION('',(1.,0.));
#3378 = ( GEOMETRIC_REPRESENTATION_CONTEXT(2) 
PARAMETRIC_REPRESENTATION_CONTEXT() REPRESENTATION_CONTEXT('2D SPACE',''
  ) );
#3379 = ORIENTED_EDGE('',*,*,#3183,.F.);
#3380 = ORIENTED_EDGE('',*,*,#3330,.F.);
#3381 = ADVANCED_FACE('',(#3382),#3172,.T.);
#3382 = FACE_BOUND('',#3383,.T.);
#3383 = EDGE_LOOP('',(#3384,#3385,#3386,#3387));
#3384 = ORIENTED_EDGE('',*,*,#3281,.T.);
#3385 = ORIENTED_EDGE('',*,*,#3359,.T.);
#3386 = ORIENTED_EDGE('',*,*,#3157,.F.);
#3387 = ORIENTED_EDGE('',*,*,#3388,.T.);
#3388 = EDGE_CURVE('',#3132,#3261,#3389,.T.);
#3389 = SURFACE_CURVE('',#3390,(#3394,#3401),.PCURVE_S1.);
#3390 = LINE('',#3391,#3392);
#3391 = CARTESIAN_POINT('',(3.999991119549,15.799988277161,
    -21.56916771472));
#3392 = VECTOR('',#3393,1.);
#3393 = DIRECTION('',(0.,0.,1.));
#3394 = PCURVE('',#3172,#3395);
#3395 = DEFINITIONAL_REPRESENTATION('',(#3396),#3400);
#3396 = LINE('',#3397,#3398);
#3397 = CARTESIAN_POINT('',(25.0007,4.));
#3398 = VECTOR('',#3399,1.);
#3399 = DIRECTION('',(-1.,0.));
#3400 = ( GEOMETRIC_REPRESENTATION_CONTEXT(2) 
PARAMETRIC_REPRESENTATION_CONTEXT() REPRESENTATION_CONTEXT('2D SPACE',''
  ) );
#3401 = PCURVE('',#3146,#3402);
#3402 = DEFINITIONAL_REPRESENTATION('',(#3403),#3407);
#3403 = LINE('',#3404,#3405);
#3404 = CARTESIAN_POINT('',(1.011389953787E-02,-4.15513274103));
#3405 = VECTOR('',#3406,1.);
#3406 = DIRECTION('',(1.,0.));
#3407 = ( GEOMETRIC_REPRESENTATION_CONTEXT(2) 
PARAMETRIC_REPRESENTATION_CONTEXT() REPRESENTATION_CONTEXT('2D SPACE',''
  ) );
#3408 = ADVANCED_FACE('',(#3409),#3146,.F.);
#3409 = FACE_BOUND('',#3410,.F.);
#3410 = EDGE_LOOP('',(#3411,#3412,#3413,#3414));
#3411 = ORIENTED_EDGE('',*,*,#3131,.F.);
#3412 = ORIENTED_EDGE('',*,*,#3388,.T.);
#3413 = ORIENTED_EDGE('',*,*,#3260,.T.);
#3414 = ORIENTED_EDGE('',*,*,#3304,.F.);
#3415 = ( GEOMETRIC_REPRESENTATION_CONTEXT(3) 
GLOBAL_UNCERTAINTY_ASSIGNED_CONTEXT((#3419)) 
GLOBAL_UNIT_ASSIGNED_CONTEXT((#3416,#3417,#3418)) REPRESENTATION_CONTEXT
('Context #1','3D Context with UNIT and UNCERTAINTY') );
#3416 = ( LENGTH_UNIT() NAMED_UNIT(*) SI_UNIT(.MILLI.,.METRE.) );
#3417 = ( NAMED_UNIT(*) PLANE_ANGLE_UNIT() SI_UNIT($,.RADIAN.) );
#3418 = ( NAMED_UNIT(*) SI_UNIT($,.STERADIAN.) SOLID_ANGLE_UNIT() );
#3419 = UNCERTAINTY_MEASURE_WITH_UNIT(LENGTH_MEASURE(2.E-07),#3416,
  'distance_accuracy_value','confusion accuracy');
#3420 = PRODUCT_TYPE('part',$,(#7));
ENDSEC;
END-ISO-10303-21;
