ISO-10303-21;
HEADER;
FILE_DESCRIPTION(('Open CASCADE Model'),'2;1');
FILE_NAME('Open CASCADE Shape Model','2026-06-21T00:00:26',('Author'),(
    'Open CASCADE'),'Open CASCADE STEP processor 7.8','Open CASCADE 7.8'
  ,'Unknown');
FILE_SCHEMA(('CONFIG_CONTROL_DESIGN'));
ENDSEC;
DATA;
#1 = APPLICATION_PROTOCOL_DEFINITION('committee draft',
  'automotive_design',1997,#2);
#2 = APPLICATION_CONTEXT(
  'core data for automotive mechanical design processes');
#3 = SHAPE_DEFINITION_REPRESENTATION(#4,#10);
#4 = PRODUCT_DEFINITION_SHAPE('','',#5);
#5 = PRODUCT_DEFINITION('design','',#6,#9);
#6 = PRODUCT_DEFINITION_FORMATION('','',#7);
#7 = PRODUCT('Product 21','Product 21','',(#8));
#8 = MECHANICAL_CONTEXT('',#2,'mechanical');
#9 = PRODUCT_DEFINITION_CONTEXT('part definition',#2,'design');
#10 = ADVANCED_BREP_SHAPE_REPRESENTATION('',(#11,#15),#1676);
#11 = AXIS2_PLACEMENT_3D('',#12,#13,#14);
#12 = CARTESIAN_POINT('',(0.,0.,0.));
#13 = DIRECTION('',(0.,0.,1.));
#14 = DIRECTION('',(1.,0.,-0.));
#15 = MANIFOLD_SOLID_BREP('',#16);
#16 = CLOSED_SHELL('',(#17,#109,#163,#337,#341,#415,#462,#509,#556,#603,
    #628,#668,#747,#803,#838,#1218,#1278,#1597,#1631,#1635,#1639,#1671)
  );
#17 = ADVANCED_FACE('',(#18),#32,.T.);
#18 = FACE_BOUND('',#19,.T.);
#19 = EDGE_LOOP('',(#20,#50,#81,#82));
#20 = ORIENTED_EDGE('',*,*,#21,.T.);
#21 = EDGE_CURVE('',#22,#24,#26,.T.);
#22 = VERTEX_POINT('',#23);
#23 = CARTESIAN_POINT('',(3.010893536946,0.604308586527,-469.5133735743)
  );
#24 = VERTEX_POINT('',#25);
#25 = CARTESIAN_POINT('',(3.874413517687,0.220229171191,-70.508193985));
#26 = SEAM_CURVE('',#27,(#31,#43),.PCURVE_S1.);
#27 = LINE('',#28,#29);
#28 = CARTESIAN_POINT('',(3.00872916432,0.605271263699,-470.5134614792)
  );
#29 = VECTOR('',#30,1.);
#30 = DIRECTION('',(2.164176313074E-03,-9.625898549505E-04,
    0.999997194877));
#31 = PCURVE('',#32,#37);
#32 = CYLINDRICAL_SURFACE('',#33,3.999719328169);
#33 = AXIS2_PLACEMENT_3D('',#34,#35,#36);
#34 = CARTESIAN_POINT('',(-0.990980797168,0.605271263699,-470.5048053774
    ));
#35 = DIRECTION('',(2.164176313074E-03,-9.625898549505E-04,
    0.999997194877));
#36 = DIRECTION('',(0.999997658166,0.,-2.164177315715E-03));
#37 = DEFINITIONAL_REPRESENTATION('',(#38),#42);
#38 = LINE('',#39,#40);
#39 = CARTESIAN_POINT('',(6.28318530718,-0.));
#40 = VECTOR('',#41,1.);
#41 = DIRECTION('',(0.,1.));
#42 = ( GEOMETRIC_REPRESENTATION_CONTEXT(2) 
PARAMETRIC_REPRESENTATION_CONTEXT() REPRESENTATION_CONTEXT('2D SPACE',''
  ) );
#43 = PCURVE('',#32,#44);
#44 = DEFINITIONAL_REPRESENTATION('',(#45),#49);
#45 = LINE('',#46,#47);
#46 = CARTESIAN_POINT('',(0.,-0.));
#47 = VECTOR('',#48,1.);
#48 = DIRECTION('',(0.,1.));
#49 = ( GEOMETRIC_REPRESENTATION_CONTEXT(2) 
PARAMETRIC_REPRESENTATION_CONTEXT() REPRESENTATION_CONTEXT('2D SPACE',''
  ) );
#50 = ORIENTED_EDGE('',*,*,#51,.F.);
#51 = EDGE_CURVE('',#24,#24,#52,.T.);
#52 = SURFACE_CURVE('',#53,(#58,#65),.PCURVE_S1.);
#53 = CIRCLE('',#54,3.999719328169);
#54 = AXIS2_PLACEMENT_3D('',#55,#56,#57);
#55 = CARTESIAN_POINT('',(-0.125296443801,0.220229171191,-70.49953788316
    ));
#56 = DIRECTION('',(2.164176313074E-03,-9.625898549505E-04,
    0.999997194877));
#57 = DIRECTION('',(0.999997658166,0.,-2.164177315715E-03));
#58 = PCURVE('',#32,#59);
#59 = DEFINITIONAL_REPRESENTATION('',(#60),#64);
#60 = LINE('',#61,#62);
#61 = CARTESIAN_POINT('',(0.,400.00638956144));
#62 = VECTOR('',#63,1.);
#63 = DIRECTION('',(1.,0.));
#64 = ( GEOMETRIC_REPRESENTATION_CONTEXT(2) 
PARAMETRIC_REPRESENTATION_CONTEXT() REPRESENTATION_CONTEXT('2D SPACE',''
  ) );
#65 = PCURVE('',#66,#71);
#66 = PLANE('',#67);
#67 = AXIS2_PLACEMENT_3D('',#68,#69,#70);
#68 = CARTESIAN_POINT('',(-0.125296443801,0.220229171191,-70.49953788316
    ));
#69 = DIRECTION('',(-2.164176313074E-03,9.625898549507E-04,
    -0.999997194877));
#70 = DIRECTION('',(0.586582731004,0.809889165076,-4.898787323308E-04));
#71 = DEFINITIONAL_REPRESENTATION('',(#72),#80);
#72 = ( BOUNDED_CURVE() B_SPLINE_CURVE(2,(#73,#74,#75,#76,#77,#78,#79),
.UNSPECIFIED.,.T.,.F.) B_SPLINE_CURVE_WITH_KNOTS((1,2,2,2,2,1),(
    -2.094395102393,0.,2.094395102393,4.188790204786,6.28318530718,
8.377580409573),.UNSPECIFIED.) CURVE() GEOMETRIC_REPRESENTATION_ITEM() 
RATIONAL_B_SPLINE_CURVE((1.,0.5,1.,0.5,1.,0.5,1.)) REPRESENTATION_ITEM(
  '') );
#73 = CARTESIAN_POINT('',(2.346165032873,3.239330847976));
#74 = CARTESIAN_POINT('',(7.956850644093,-0.824346191902));
#75 = CARTESIAN_POINT('',(1.632260289173,-3.651503943927));
#76 = CARTESIAN_POINT('',(-4.692330065747,-6.478661695952));
#77 = CARTESIAN_POINT('',(-3.978425322046,0.412173095951));
#78 = CARTESIAN_POINT('',(-3.264520578346,7.303007887854));
#79 = CARTESIAN_POINT('',(2.346165032873,3.239330847976));
#80 = ( GEOMETRIC_REPRESENTATION_CONTEXT(2) 
PARAMETRIC_REPRESENTATION_CONTEXT() REPRESENTATION_CONTEXT('2D SPACE',''
  ) );
#81 = ORIENTED_EDGE('',*,*,#21,.F.);
#82 = ORIENTED_EDGE('',*,*,#83,.T.);
#83 = EDGE_CURVE('',#22,#22,#84,.T.);
#84 = SURFACE_CURVE('',#85,(#90,#97),.PCURVE_S1.);
#85 = CIRCLE('',#86,3.999719328169);
#86 = AXIS2_PLACEMENT_3D('',#87,#88,#89);
#87 = CARTESIAN_POINT('',(-0.988816424542,0.604308586527,-469.5047174725
    ));
#88 = DIRECTION('',(2.164176313074E-03,-9.625898549505E-04,
    0.999997194877));
#89 = DIRECTION('',(0.999997658166,1.619950511624E-17,
    -2.164177315715E-03));
#90 = PCURVE('',#32,#91);
#91 = DEFINITIONAL_REPRESENTATION('',(#92),#96);
#92 = LINE('',#93,#94);
#93 = CARTESIAN_POINT('',(2.775752330435E-17,1.000090710269));
#94 = VECTOR('',#95,1.);
#95 = DIRECTION('',(1.,0.));
#96 = ( GEOMETRIC_REPRESENTATION_CONTEXT(2) 
PARAMETRIC_REPRESENTATION_CONTEXT() REPRESENTATION_CONTEXT('2D SPACE',''
  ) );
#97 = PCURVE('',#98,#103);
#98 = TOROIDAL_SURFACE('',#99,2.9996286179,1.000090710269);
#99 = AXIS2_PLACEMENT_3D('',#100,#101,#102);
#100 = CARTESIAN_POINT('',(-0.988816424542,0.604308586527,
    -469.5047174725));
#101 = DIRECTION('',(-2.164176313074E-03,9.625898549505E-04,
    -0.999997194877));
#102 = DIRECTION('',(0.999997658166,1.619950511624E-17,
    -2.164177315715E-03));
#103 = DEFINITIONAL_REPRESENTATION('',(#104),#108);
#104 = LINE('',#105,#106);
#105 = CARTESIAN_POINT('',(-0.,0.));
#106 = VECTOR('',#107,1.);
#107 = DIRECTION('',(-1.,0.));
#108 = ( GEOMETRIC_REPRESENTATION_CONTEXT(2) 
PARAMETRIC_REPRESENTATION_CONTEXT() REPRESENTATION_CONTEXT('2D SPACE',''
  ) );
#109 = ADVANCED_FACE('',(#110),#98,.T.);
#110 = FACE_BOUND('',#111,.F.);
#111 = EDGE_LOOP('',(#112,#134,#135,#136));
#112 = ORIENTED_EDGE('',*,*,#113,.F.);
#113 = EDGE_CURVE('',#22,#114,#116,.T.);
#114 = VERTEX_POINT('',#115);
#115 = CARTESIAN_POINT('',(2.008640796097,0.605271263699,-470.5112971056
    ));
#116 = SEAM_CURVE('',#117,(#122,#128),.PCURVE_S1.);
#117 = CIRCLE('',#118,1.000090710269);
#118 = AXIS2_PLACEMENT_3D('',#119,#120,#121);
#119 = CARTESIAN_POINT('',(2.010805168724,0.604308586527,-469.5112092007
    ));
#120 = DIRECTION('',(2.083215128433E-06,0.99999953671,9.625876007244E-04
    ));
#121 = DIRECTION('',(0.999997658166,-1.155818808176E-17,
    -2.164177315715E-03));
#122 = PCURVE('',#98,#123);
#123 = DEFINITIONAL_REPRESENTATION('',(#124),#127);
#124 = B_SPLINE_CURVE_WITH_KNOTS('',1,(#125,#126),.UNSPECIFIED.,.F.,.F.,
  (2,2),(0.,1.570796326795),.PIECEWISE_BEZIER_KNOTS.);
#125 = CARTESIAN_POINT('',(2.775752330435E-17,0.));
#126 = CARTESIAN_POINT('',(2.775752330435E-17,1.570796326795));
#127 = ( GEOMETRIC_REPRESENTATION_CONTEXT(2) 
PARAMETRIC_REPRESENTATION_CONTEXT() REPRESENTATION_CONTEXT('2D SPACE',''
  ) );
#128 = PCURVE('',#98,#129);
#129 = DEFINITIONAL_REPRESENTATION('',(#130),#133);
#130 = B_SPLINE_CURVE_WITH_KNOTS('',1,(#131,#132),.UNSPECIFIED.,.F.,.F.,
  (2,2),(0.,1.570796326795),.PIECEWISE_BEZIER_KNOTS.);
#131 = CARTESIAN_POINT('',(-6.28318530718,0.));
#132 = CARTESIAN_POINT('',(-6.28318530718,1.570796326795));
#133 = ( GEOMETRIC_REPRESENTATION_CONTEXT(2) 
PARAMETRIC_REPRESENTATION_CONTEXT() REPRESENTATION_CONTEXT('2D SPACE',''
  ) );
#134 = ORIENTED_EDGE('',*,*,#83,.F.);
#135 = ORIENTED_EDGE('',*,*,#113,.T.);
#136 = ORIENTED_EDGE('',*,*,#137,.T.);
#137 = EDGE_CURVE('',#114,#114,#138,.T.);
#138 = SURFACE_CURVE('',#139,(#144,#151),.PCURVE_S1.);
#139 = CIRCLE('',#140,2.9996286179);
#140 = AXIS2_PLACEMENT_3D('',#141,#142,#143);
#141 = CARTESIAN_POINT('',(-0.990980797168,0.605271263699,
    -470.5048053774));
#142 = DIRECTION('',(2.164176313074E-03,-9.625898549505E-04,
    0.999997194877));
#143 = DIRECTION('',(0.999997658166,1.619950511624E-17,
    -2.164177315715E-03));
#144 = PCURVE('',#98,#145);
#145 = DEFINITIONAL_REPRESENTATION('',(#146),#150);
#146 = LINE('',#147,#148);
#147 = CARTESIAN_POINT('',(-0.,1.570796326795));
#148 = VECTOR('',#149,1.);
#149 = DIRECTION('',(-1.,0.));
#150 = ( GEOMETRIC_REPRESENTATION_CONTEXT(2) 
PARAMETRIC_REPRESENTATION_CONTEXT() REPRESENTATION_CONTEXT('2D SPACE',''
  ) );
#151 = PCURVE('',#152,#157);
#152 = PLANE('',#153);
#153 = AXIS2_PLACEMENT_3D('',#154,#155,#156);
#154 = CARTESIAN_POINT('',(-0.990980797168,0.605271263699,
    -470.5048053774));
#155 = DIRECTION('',(2.164176313074E-03,-9.625898549505E-04,
    0.999997194877));
#156 = DIRECTION('',(0.999997658166,0.,-2.164177315715E-03));
#157 = DEFINITIONAL_REPRESENTATION('',(#158),#162);
#158 = CIRCLE('',#159,2.9996286179);
#159 = AXIS2_PLACEMENT_2D('',#160,#161);
#160 = CARTESIAN_POINT('',(0.,0.));
#161 = DIRECTION('',(1.,0.));
#162 = ( GEOMETRIC_REPRESENTATION_CONTEXT(2) 
PARAMETRIC_REPRESENTATION_CONTEXT() REPRESENTATION_CONTEXT('2D SPACE',''
  ) );
#163 = ADVANCED_FACE('',(#164,#334),#66,.T.);
#164 = FACE_BOUND('',#165,.T.);
#165 = EDGE_LOOP('',(#166,#196,#224,#252,#280,#308));
#166 = ORIENTED_EDGE('',*,*,#167,.T.);
#167 = EDGE_CURVE('',#168,#170,#172,.T.);
#168 = VERTEX_POINT('',#169);
#169 = CARTESIAN_POINT('',(6.327113591561,9.129009979179,-70.50492654921
    ));
#170 = VERTEX_POINT('',#171);
#171 = CARTESIAN_POINT('',(10.816112936034,-0.91332585579,
    -70.52430824023));
#172 = SURFACE_CURVE('',#173,(#177,#184),.PCURVE_S1.);
#173 = LINE('',#174,#175);
#174 = CARTESIAN_POINT('',(6.327113591561,9.129009979179,-70.50492654921
    ));
#175 = VECTOR('',#176,1.);
#176 = DIRECTION('',(0.408090849857,-0.912939622165,-1.761971911869E-03)
  );
#177 = PCURVE('',#66,#178);
#178 = DEFINITIONAL_REPRESENTATION('',(#179),#183);
#179 = LINE('',#180,#181);
#180 = CARTESIAN_POINT('',(10.999999990315,1.722527845784E-15));
#181 = VECTOR('',#182,1.);
#182 = DIRECTION('',(-0.5,0.866025403784));
#183 = ( GEOMETRIC_REPRESENTATION_CONTEXT(2) 
PARAMETRIC_REPRESENTATION_CONTEXT() REPRESENTATION_CONTEXT('2D SPACE',''
  ) );
#184 = PCURVE('',#185,#190);
#185 = PLANE('',#186);
#186 = AXIS2_PLACEMENT_3D('',#187,#188,#189);
#187 = CARTESIAN_POINT('',(6.343351406438,9.121787667497,-63.00194759605
    ));
#188 = DIRECTION('',(-0.912938757313,-0.40809351833,1.582938193585E-03)
  );
#189 = DIRECTION('',(0.408090849857,-0.912939622165,-1.761971911869E-03)
  );
#190 = DEFINITIONAL_REPRESENTATION('',(#191),#195);
#191 = LINE('',#192,#193);
#192 = CARTESIAN_POINT('',(0.,-7.503));
#193 = VECTOR('',#194,1.);
#194 = DIRECTION('',(1.,0.));
#195 = ( GEOMETRIC_REPRESENTATION_CONTEXT(2) 
PARAMETRIC_REPRESENTATION_CONTEXT() REPRESENTATION_CONTEXT('2D SPACE',''
  ) );
#196 = ORIENTED_EDGE('',*,*,#197,.T.);
#197 = EDGE_CURVE('',#170,#198,#200,.T.);
#198 = VERTEX_POINT('',#199);
#199 = CARTESIAN_POINT('',(4.363702900672,-9.822106663778,
    -70.51891957417));
#200 = SURFACE_CURVE('',#201,(#205,#212),.PCURVE_S1.);
#201 = LINE('',#202,#203);
#202 = CARTESIAN_POINT('',(10.816112936034,-0.91332585579,
    -70.52430824023));
#203 = VECTOR('',#204,1.);
#204 = DIRECTION('',(-0.586582731004,-0.809889165076,4.898787323308E-04)
  );
#205 = PCURVE('',#66,#206);
#206 = DEFINITIONAL_REPRESENTATION('',(#207),#211);
#207 = LINE('',#208,#209);
#208 = CARTESIAN_POINT('',(5.499999995157,9.526279433241));
#209 = VECTOR('',#210,1.);
#210 = DIRECTION('',(-1.,1.614869855422E-16));
#211 = ( GEOMETRIC_REPRESENTATION_CONTEXT(2) 
PARAMETRIC_REPRESENTATION_CONTEXT() REPRESENTATION_CONTEXT('2D SPACE',''
  ) );
#212 = PCURVE('',#213,#218);
#213 = PLANE('',#214);
#214 = AXIS2_PLACEMENT_3D('',#215,#216,#217);
#215 = CARTESIAN_POINT('',(10.832350750911,-0.920548167472,
    -63.02132928706));
#216 = DIRECTION('',(-0.809886421684,0.586582145751,2.317381533225E-03)
  );
#217 = DIRECTION('',(-0.586582731004,-0.809889165076,4.898787323308E-04)
  );
#218 = DEFINITIONAL_REPRESENTATION('',(#219),#223);
#219 = LINE('',#220,#221);
#220 = CARTESIAN_POINT('',(0.,-7.503));
#221 = VECTOR('',#222,1.);
#222 = DIRECTION('',(1.,0.));
#223 = ( GEOMETRIC_REPRESENTATION_CONTEXT(2) 
PARAMETRIC_REPRESENTATION_CONTEXT() REPRESENTATION_CONTEXT('2D SPACE',''
  ) );
#224 = ORIENTED_EDGE('',*,*,#225,.T.);
#225 = EDGE_CURVE('',#198,#226,#228,.T.);
#226 = VERTEX_POINT('',#227);
#227 = CARTESIAN_POINT('',(-6.577706479163,-8.688551636796,
    -70.49414921711));
#228 = SURFACE_CURVE('',#229,(#233,#240),.PCURVE_S1.);
#229 = LINE('',#230,#231);
#230 = CARTESIAN_POINT('',(4.363702900672,-9.822106663778,
    -70.51891957417));
#231 = VECTOR('',#232,1.);
#232 = DIRECTION('',(-0.994673580861,0.103050457089,2.2518506442E-03));
#233 = PCURVE('',#66,#234);
#234 = DEFINITIONAL_REPRESENTATION('',(#235),#239);
#235 = LINE('',#236,#237);
#236 = CARTESIAN_POINT('',(-5.499999995157,9.526279433241));
#237 = VECTOR('',#238,1.);
#238 = DIRECTION('',(-0.5,-0.866025403784));
#239 = ( GEOMETRIC_REPRESENTATION_CONTEXT(2) 
PARAMETRIC_REPRESENTATION_CONTEXT() REPRESENTATION_CONTEXT('2D SPACE',''
  ) );
#240 = PCURVE('',#241,#246);
#241 = PLANE('',#242);
#242 = AXIS2_PLACEMENT_3D('',#243,#244,#245);
#243 = CARTESIAN_POINT('',(4.379940715549,-9.829328975459,
    -63.01594062101));
#244 = DIRECTION('',(0.103052335628,0.994675664081,7.344433396406E-04));
#245 = DIRECTION('',(-0.994673580861,0.103050457089,2.2518506442E-03));
#246 = DEFINITIONAL_REPRESENTATION('',(#247),#251);
#247 = LINE('',#248,#249);
#248 = CARTESIAN_POINT('',(0.,-7.503));
#249 = VECTOR('',#250,1.);
#250 = DIRECTION('',(1.,0.));
#251 = ( GEOMETRIC_REPRESENTATION_CONTEXT(2) 
PARAMETRIC_REPRESENTATION_CONTEXT() REPRESENTATION_CONTEXT('2D SPACE',''
  ) );
#252 = ORIENTED_EDGE('',*,*,#253,.T.);
#253 = EDGE_CURVE('',#226,#254,#256,.T.);
#254 = VERTEX_POINT('',#255);
#255 = CARTESIAN_POINT('',(-11.06670582363,1.353784198173,-70.4747675261
    ));
#256 = SURFACE_CURVE('',#257,(#261,#268),.PCURVE_S1.);
#257 = LINE('',#258,#259);
#258 = CARTESIAN_POINT('',(-6.577706479163,-8.688551636796,
    -70.49414921711));
#259 = VECTOR('',#260,1.);
#260 = DIRECTION('',(-0.408090849857,0.912939622165,1.761971911869E-03)
  );
#261 = PCURVE('',#66,#262);
#262 = DEFINITIONAL_REPRESENTATION('',(#263),#267);
#263 = LINE('',#264,#265);
#264 = CARTESIAN_POINT('',(-10.99999999031,3.06963932366E-15));
#265 = VECTOR('',#266,1.);
#266 = DIRECTION('',(0.5,-0.866025403784));
#267 = ( GEOMETRIC_REPRESENTATION_CONTEXT(2) 
PARAMETRIC_REPRESENTATION_CONTEXT() REPRESENTATION_CONTEXT('2D SPACE',''
  ) );
#268 = PCURVE('',#269,#274);
#269 = PLANE('',#270);
#270 = AXIS2_PLACEMENT_3D('',#271,#272,#273);
#271 = CARTESIAN_POINT('',(-6.561468664286,-8.695773948478,
    -62.99117026395));
#272 = DIRECTION('',(0.912938757313,0.40809351833,-1.582938193585E-03));
#273 = DIRECTION('',(-0.408090849857,0.912939622165,1.761971911869E-03)
  );
#274 = DEFINITIONAL_REPRESENTATION('',(#275),#279);
#275 = LINE('',#276,#277);
#276 = CARTESIAN_POINT('',(0.,-7.503));
#277 = VECTOR('',#278,1.);
#278 = DIRECTION('',(1.,0.));
#279 = ( GEOMETRIC_REPRESENTATION_CONTEXT(2) 
PARAMETRIC_REPRESENTATION_CONTEXT() REPRESENTATION_CONTEXT('2D SPACE',''
  ) );
#280 = ORIENTED_EDGE('',*,*,#281,.T.);
#281 = EDGE_CURVE('',#254,#282,#284,.T.);
#282 = VERTEX_POINT('',#283);
#283 = CARTESIAN_POINT('',(-4.614295788274,10.26256500616,
    -70.48015619215));
#284 = SURFACE_CURVE('',#285,(#289,#296),.PCURVE_S1.);
#285 = LINE('',#286,#287);
#286 = CARTESIAN_POINT('',(-11.06670582363,1.353784198173,-70.4747675261
    ));
#287 = VECTOR('',#288,1.);
#288 = DIRECTION('',(0.586582731004,0.809889165076,-4.898787323308E-04)
  );
#289 = PCURVE('',#66,#290);
#290 = DEFINITIONAL_REPRESENTATION('',(#291),#295);
#291 = LINE('',#292,#293);
#292 = CARTESIAN_POINT('',(-5.499999995157,-9.526279433241));
#293 = VECTOR('',#294,1.);
#294 = DIRECTION('',(1.,-4.844609566266E-16));
#295 = ( GEOMETRIC_REPRESENTATION_CONTEXT(2) 
PARAMETRIC_REPRESENTATION_CONTEXT() REPRESENTATION_CONTEXT('2D SPACE',''
  ) );
#296 = PCURVE('',#297,#302);
#297 = PLANE('',#298);
#298 = AXIS2_PLACEMENT_3D('',#299,#300,#301);
#299 = CARTESIAN_POINT('',(-11.05046800875,1.346561886491,
    -62.97178857294));
#300 = DIRECTION('',(0.809886421684,-0.586582145751,-2.317381533225E-03)
  );
#301 = DIRECTION('',(0.586582731004,0.809889165076,-4.898787323308E-04)
  );
#302 = DEFINITIONAL_REPRESENTATION('',(#303),#307);
#303 = LINE('',#304,#305);
#304 = CARTESIAN_POINT('',(0.,-7.503));
#305 = VECTOR('',#306,1.);
#306 = DIRECTION('',(1.,0.));
#307 = ( GEOMETRIC_REPRESENTATION_CONTEXT(2) 
PARAMETRIC_REPRESENTATION_CONTEXT() REPRESENTATION_CONTEXT('2D SPACE',''
  ) );
#308 = ORIENTED_EDGE('',*,*,#309,.T.);
#309 = EDGE_CURVE('',#282,#168,#310,.T.);
#310 = SURFACE_CURVE('',#311,(#315,#322),.PCURVE_S1.);
#311 = LINE('',#312,#313);
#312 = CARTESIAN_POINT('',(-4.614295788274,10.26256500616,
    -70.48015619215));
#313 = VECTOR('',#314,1.);
#314 = DIRECTION('',(0.994673580861,-0.103050457089,-2.2518506442E-03));
#315 = PCURVE('',#66,#316);
#316 = DEFINITIONAL_REPRESENTATION('',(#317),#321);
#317 = LINE('',#318,#319);
#318 = CARTESIAN_POINT('',(5.499999995157,-9.526279433241));
#319 = VECTOR('',#320,1.);
#320 = DIRECTION('',(0.5,0.866025403784));
#321 = ( GEOMETRIC_REPRESENTATION_CONTEXT(2) 
PARAMETRIC_REPRESENTATION_CONTEXT() REPRESENTATION_CONTEXT('2D SPACE',''
  ) );
#322 = PCURVE('',#323,#328);
#323 = PLANE('',#324);
#324 = AXIS2_PLACEMENT_3D('',#325,#326,#327);
#325 = CARTESIAN_POINT('',(-4.598057973397,10.255342694479,
    -62.97717723899));
#326 = DIRECTION('',(-0.103052335628,-0.994675664081,-7.344433396406E-04
    ));
#327 = DIRECTION('',(0.994673580861,-0.103050457089,-2.2518506442E-03));
#328 = DEFINITIONAL_REPRESENTATION('',(#329),#333);
#329 = LINE('',#330,#331);
#330 = CARTESIAN_POINT('',(0.,-7.503));
#331 = VECTOR('',#332,1.);
#332 = DIRECTION('',(1.,0.));
#333 = ( GEOMETRIC_REPRESENTATION_CONTEXT(2) 
PARAMETRIC_REPRESENTATION_CONTEXT() REPRESENTATION_CONTEXT('2D SPACE',''
  ) );
#334 = FACE_BOUND('',#335,.T.);
#335 = EDGE_LOOP('',(#336));
#336 = ORIENTED_EDGE('',*,*,#51,.T.);
#337 = ADVANCED_FACE('',(#338),#152,.F.);
#338 = FACE_BOUND('',#339,.F.);
#339 = EDGE_LOOP('',(#340));
#340 = ORIENTED_EDGE('',*,*,#137,.T.);
#341 = ADVANCED_FACE('',(#342),#185,.F.);
#342 = FACE_BOUND('',#343,.F.);
#343 = EDGE_LOOP('',(#344,#372,#393,#394));
#344 = ORIENTED_EDGE('',*,*,#345,.F.);
#345 = EDGE_CURVE('',#346,#348,#350,.T.);
#346 = VERTEX_POINT('',#347);
#347 = CARTESIAN_POINT('',(6.343303497747,9.121808976491,-63.02408468161
    ));
#348 = VERTEX_POINT('',#349);
#349 = CARTESIAN_POINT('',(10.83230284222,-0.920526858478,
    -63.04346637262));
#350 = SURFACE_CURVE('',#351,(#355,#361),.PCURVE_S1.);
#351 = LINE('',#352,#353);
#352 = CARTESIAN_POINT('',(7.465553333865,6.611225017749,-63.02893010436
    ));
#353 = VECTOR('',#354,1.);
#354 = DIRECTION('',(0.408090849857,-0.912939622165,-1.761971911869E-03)
  );
#355 = PCURVE('',#185,#356);
#356 = DEFINITIONAL_REPRESENTATION('',(#357),#360);
#357 = B_SPLINE_CURVE_WITH_KNOTS('',1,(#358,#359),.UNSPECIFIED.,.F.,.F.,
  (2,2),(-2.749999997579,8.249999992736),.PIECEWISE_BEZIER_KNOTS.);
#358 = CARTESIAN_POINT('',(0.,-2.213714765813E-02));
#359 = CARTESIAN_POINT('',(10.999999990315,-2.213714765813E-02));
#360 = ( GEOMETRIC_REPRESENTATION_CONTEXT(2) 
PARAMETRIC_REPRESENTATION_CONTEXT() REPRESENTATION_CONTEXT('2D SPACE',''
  ) );
#361 = PCURVE('',#362,#367);
#362 = PLANE('',#363);
#363 = AXIS2_PLACEMENT_3D('',#364,#365,#366);
#364 = CARTESIAN_POINT('',(-0.109106537615,0.213028168503,
    -63.01869601556));
#365 = DIRECTION('',(2.164176313074E-03,-9.625898549505E-04,
    0.999997194877));
#366 = DIRECTION('',(0.999997658166,0.,-2.164177315715E-03));
#367 = DEFINITIONAL_REPRESENTATION('',(#368),#371);
#368 = B_SPLINE_CURVE_WITH_KNOTS('',1,(#369,#370),.UNSPECIFIED.,.F.,.F.,
  (2,2),(-2.749999997579,8.249999992736),.PIECEWISE_BEZIER_KNOTS.);
#369 = CARTESIAN_POINT('',(6.452406586915,8.908784935336));
#370 = CARTESIAN_POINT('',(10.94143736431,-1.133555552146));
#371 = ( GEOMETRIC_REPRESENTATION_CONTEXT(2) 
PARAMETRIC_REPRESENTATION_CONTEXT() REPRESENTATION_CONTEXT('2D SPACE',''
  ) );
#372 = ORIENTED_EDGE('',*,*,#373,.T.);
#373 = EDGE_CURVE('',#346,#168,#374,.T.);
#374 = SURFACE_CURVE('',#375,(#379,#386),.PCURVE_S1.);
#375 = LINE('',#376,#377);
#376 = CARTESIAN_POINT('',(6.343351406438,9.121787667497,-63.00194759605
    ));
#377 = VECTOR('',#378,1.);
#378 = DIRECTION('',(-2.164176313074E-03,9.625898549507E-04,
    -0.999997194877));
#379 = PCURVE('',#185,#380);
#380 = DEFINITIONAL_REPRESENTATION('',(#381),#385);
#381 = LINE('',#382,#383);
#382 = CARTESIAN_POINT('',(0.,0.));
#383 = VECTOR('',#384,1.);
#384 = DIRECTION('',(0.,-1.));
#385 = ( GEOMETRIC_REPRESENTATION_CONTEXT(2) 
PARAMETRIC_REPRESENTATION_CONTEXT() REPRESENTATION_CONTEXT('2D SPACE',''
  ) );
#386 = PCURVE('',#323,#387);
#387 = DEFINITIONAL_REPRESENTATION('',(#388),#392);
#388 = LINE('',#389,#390);
#389 = CARTESIAN_POINT('',(10.999999990315,0.));
#390 = VECTOR('',#391,1.);
#391 = DIRECTION('',(0.,-1.));
#392 = ( GEOMETRIC_REPRESENTATION_CONTEXT(2) 
PARAMETRIC_REPRESENTATION_CONTEXT() REPRESENTATION_CONTEXT('2D SPACE',''
  ) );
#393 = ORIENTED_EDGE('',*,*,#167,.T.);
#394 = ORIENTED_EDGE('',*,*,#395,.F.);
#395 = EDGE_CURVE('',#348,#170,#396,.T.);
#396 = SURFACE_CURVE('',#397,(#401,#408),.PCURVE_S1.);
#397 = LINE('',#398,#399);
#398 = CARTESIAN_POINT('',(10.832350750911,-0.920548167472,
    -63.02132928706));
#399 = VECTOR('',#400,1.);
#400 = DIRECTION('',(-2.164176313074E-03,9.625898549507E-04,
    -0.999997194877));
#401 = PCURVE('',#185,#402);
#402 = DEFINITIONAL_REPRESENTATION('',(#403),#407);
#403 = LINE('',#404,#405);
#404 = CARTESIAN_POINT('',(10.999999990315,0.));
#405 = VECTOR('',#406,1.);
#406 = DIRECTION('',(0.,-1.));
#407 = ( GEOMETRIC_REPRESENTATION_CONTEXT(2) 
PARAMETRIC_REPRESENTATION_CONTEXT() REPRESENTATION_CONTEXT('2D SPACE',''
  ) );
#408 = PCURVE('',#213,#409);
#409 = DEFINITIONAL_REPRESENTATION('',(#410),#414);
#410 = LINE('',#411,#412);
#411 = CARTESIAN_POINT('',(0.,0.));
#412 = VECTOR('',#413,1.);
#413 = DIRECTION('',(0.,-1.));
#414 = ( GEOMETRIC_REPRESENTATION_CONTEXT(2) 
PARAMETRIC_REPRESENTATION_CONTEXT() REPRESENTATION_CONTEXT('2D SPACE',''
  ) );
#415 = ADVANCED_FACE('',(#416),#323,.F.);
#416 = FACE_BOUND('',#417,.F.);
#417 = EDGE_LOOP('',(#418,#439,#460,#461));
#418 = ORIENTED_EDGE('',*,*,#419,.F.);
#419 = EDGE_CURVE('',#420,#346,#422,.T.);
#420 = VERTEX_POINT('',#421);
#421 = CARTESIAN_POINT('',(-4.598105882088,10.255364003472,
    -62.99931432455));
#422 = SURFACE_CURVE('',#423,(#427,#433),.PCURVE_S1.);
#423 = LINE('',#424,#425);
#424 = CARTESIAN_POINT('',(-1.862753537129,9.971975246727,
    -63.00550691381));
#425 = VECTOR('',#426,1.);
#426 = DIRECTION('',(0.994673580861,-0.103050457089,-2.2518506442E-03));
#427 = PCURVE('',#323,#428);
#428 = DEFINITIONAL_REPRESENTATION('',(#429),#432);
#429 = B_SPLINE_CURVE_WITH_KNOTS('',1,(#430,#431),.UNSPECIFIED.,.F.,.F.,
  (2,2),(-2.749999997579,8.249999992736),.PIECEWISE_BEZIER_KNOTS.);
#430 = CARTESIAN_POINT('',(0.,-2.213714765813E-02));
#431 = CARTESIAN_POINT('',(10.999999990315,-2.213714765813E-02));
#432 = ( GEOMETRIC_REPRESENTATION_CONTEXT(2) 
PARAMETRIC_REPRESENTATION_CONTEXT() REPRESENTATION_CONTEXT('2D SPACE',''
  ) );
#433 = PCURVE('',#362,#434);
#434 = DEFINITIONAL_REPRESENTATION('',(#435),#438);
#435 = B_SPLINE_CURVE_WITH_KNOTS('',1,(#436,#437),.UNSPECIFIED.,.F.,.F.,
  (2,2),(-2.749999997579,8.249999992736),.PIECEWISE_BEZIER_KNOTS.);
#436 = CARTESIAN_POINT('',(-4.489030777396,10.042340487482));
#437 = CARTESIAN_POINT('',(6.452406586915,8.908784935336));
#438 = ( GEOMETRIC_REPRESENTATION_CONTEXT(2) 
PARAMETRIC_REPRESENTATION_CONTEXT() REPRESENTATION_CONTEXT('2D SPACE',''
  ) );
#439 = ORIENTED_EDGE('',*,*,#440,.T.);
#440 = EDGE_CURVE('',#420,#282,#441,.T.);
#441 = SURFACE_CURVE('',#442,(#446,#453),.PCURVE_S1.);
#442 = LINE('',#443,#444);
#443 = CARTESIAN_POINT('',(-4.598057973397,10.255342694479,
    -62.97717723899));
#444 = VECTOR('',#445,1.);
#445 = DIRECTION('',(-2.164176313074E-03,9.625898549507E-04,
    -0.999997194877));
#446 = PCURVE('',#323,#447);
#447 = DEFINITIONAL_REPRESENTATION('',(#448),#452);
#448 = LINE('',#449,#450);
#449 = CARTESIAN_POINT('',(0.,0.));
#450 = VECTOR('',#451,1.);
#451 = DIRECTION('',(0.,-1.));
#452 = ( GEOMETRIC_REPRESENTATION_CONTEXT(2) 
PARAMETRIC_REPRESENTATION_CONTEXT() REPRESENTATION_CONTEXT('2D SPACE',''
  ) );
#453 = PCURVE('',#297,#454);
#454 = DEFINITIONAL_REPRESENTATION('',(#455),#459);
#455 = LINE('',#456,#457);
#456 = CARTESIAN_POINT('',(10.999999990315,0.));
#457 = VECTOR('',#458,1.);
#458 = DIRECTION('',(0.,-1.));
#459 = ( GEOMETRIC_REPRESENTATION_CONTEXT(2) 
PARAMETRIC_REPRESENTATION_CONTEXT() REPRESENTATION_CONTEXT('2D SPACE',''
  ) );
#460 = ORIENTED_EDGE('',*,*,#309,.T.);
#461 = ORIENTED_EDGE('',*,*,#373,.F.);
#462 = ADVANCED_FACE('',(#463),#213,.F.);
#463 = FACE_BOUND('',#464,.F.);
#464 = EDGE_LOOP('',(#465,#486,#487,#488));
#465 = ORIENTED_EDGE('',*,*,#466,.F.);
#466 = EDGE_CURVE('',#348,#467,#469,.T.);
#467 = VERTEX_POINT('',#468);
#468 = CARTESIAN_POINT('',(4.379892806858,-9.829307666466,
    -63.03807770657));
#469 = SURFACE_CURVE('',#470,(#474,#480),.PCURVE_S1.);
#470 = LINE('',#471,#472);
#471 = CARTESIAN_POINT('',(9.21920033338,-3.147722060475,-63.04211920611
    ));
#472 = VECTOR('',#473,1.);
#473 = DIRECTION('',(-0.586582731004,-0.809889165076,4.898787323311E-04)
  );
#474 = PCURVE('',#213,#475);
#475 = DEFINITIONAL_REPRESENTATION('',(#476),#479);
#476 = B_SPLINE_CURVE_WITH_KNOTS('',1,(#477,#478),.UNSPECIFIED.,.F.,.F.,
  (2,2),(-2.749999997579,8.249999992736),.PIECEWISE_BEZIER_KNOTS.);
#477 = CARTESIAN_POINT('',(0.,-2.213714765813E-02));
#478 = CARTESIAN_POINT('',(10.999999990315,-2.213714765812E-02));
#479 = ( GEOMETRIC_REPRESENTATION_CONTEXT(2) 
PARAMETRIC_REPRESENTATION_CONTEXT() REPRESENTATION_CONTEXT('2D SPACE',''
  ) );
#480 = PCURVE('',#362,#481);
#481 = DEFINITIONAL_REPRESENTATION('',(#482),#485);
#482 = B_SPLINE_CURVE_WITH_KNOTS('',1,(#483,#484),.UNSPECIFIED.,.F.,.F.,
  (2,2),(-2.749999997579,8.249999992736),.PIECEWISE_BEZIER_KNOTS.);
#483 = CARTESIAN_POINT('',(10.94143736431,-1.133555552146));
#484 = CARTESIAN_POINT('',(4.489030777396,-10.04234048748));
#485 = ( GEOMETRIC_REPRESENTATION_CONTEXT(2) 
PARAMETRIC_REPRESENTATION_CONTEXT() REPRESENTATION_CONTEXT('2D SPACE',''
  ) );
#486 = ORIENTED_EDGE('',*,*,#395,.T.);
#487 = ORIENTED_EDGE('',*,*,#197,.T.);
#488 = ORIENTED_EDGE('',*,*,#489,.F.);
#489 = EDGE_CURVE('',#467,#198,#490,.T.);
#490 = SURFACE_CURVE('',#491,(#495,#502),.PCURVE_S1.);
#491 = LINE('',#492,#493);
#492 = CARTESIAN_POINT('',(4.379940715549,-9.829328975459,
    -63.01594062101));
#493 = VECTOR('',#494,1.);
#494 = DIRECTION('',(-2.164176313074E-03,9.625898549507E-04,
    -0.999997194877));
#495 = PCURVE('',#213,#496);
#496 = DEFINITIONAL_REPRESENTATION('',(#497),#501);
#497 = LINE('',#498,#499);
#498 = CARTESIAN_POINT('',(10.999999990315,0.));
#499 = VECTOR('',#500,1.);
#500 = DIRECTION('',(0.,-1.));
#501 = ( GEOMETRIC_REPRESENTATION_CONTEXT(2) 
PARAMETRIC_REPRESENTATION_CONTEXT() REPRESENTATION_CONTEXT('2D SPACE',''
  ) );
#502 = PCURVE('',#241,#503);
#503 = DEFINITIONAL_REPRESENTATION('',(#504),#508);
#504 = LINE('',#505,#506);
#505 = CARTESIAN_POINT('',(0.,0.));
#506 = VECTOR('',#507,1.);
#507 = DIRECTION('',(0.,-1.));
#508 = ( GEOMETRIC_REPRESENTATION_CONTEXT(2) 
PARAMETRIC_REPRESENTATION_CONTEXT() REPRESENTATION_CONTEXT('2D SPACE',''
  ) );
#509 = ADVANCED_FACE('',(#510),#297,.F.);
#510 = FACE_BOUND('',#511,.F.);
#511 = EDGE_LOOP('',(#512,#533,#554,#555));
#512 = ORIENTED_EDGE('',*,*,#513,.F.);
#513 = EDGE_CURVE('',#514,#420,#516,.T.);
#514 = VERTEX_POINT('',#515);
#515 = CARTESIAN_POINT('',(-11.05051591745,1.346583195485,-62.9939256585
    ));
#516 = SURFACE_CURVE('',#517,(#521,#527),.PCURVE_S1.);
#517 = LINE('',#518,#519);
#518 = CARTESIAN_POINT('',(-9.437413408609,3.573778397482,
    -62.99527282501));
#519 = VECTOR('',#520,1.);
#520 = DIRECTION('',(0.586582731004,0.809889165076,-4.898787323311E-04)
  );
#521 = PCURVE('',#297,#522);
#522 = DEFINITIONAL_REPRESENTATION('',(#523),#526);
#523 = B_SPLINE_CURVE_WITH_KNOTS('',1,(#524,#525),.UNSPECIFIED.,.F.,.F.,
  (2,2),(-2.749999997579,8.249999992736),.PIECEWISE_BEZIER_KNOTS.);
#524 = CARTESIAN_POINT('',(0.,-2.213714765812E-02));
#525 = CARTESIAN_POINT('',(10.999999990315,-2.213714765813E-02));
#526 = ( GEOMETRIC_REPRESENTATION_CONTEXT(2) 
PARAMETRIC_REPRESENTATION_CONTEXT() REPRESENTATION_CONTEXT('2D SPACE',''
  ) );
#527 = PCURVE('',#362,#528);
#528 = DEFINITIONAL_REPRESENTATION('',(#529),#532);
#529 = B_SPLINE_CURVE_WITH_KNOTS('',1,(#530,#531),.UNSPECIFIED.,.F.,.F.,
  (2,2),(-2.749999997579,8.249999992736),.PIECEWISE_BEZIER_KNOTS.);
#530 = CARTESIAN_POINT('',(-10.94143736431,1.133555552146));
#531 = CARTESIAN_POINT('',(-4.489030777396,10.042340487482));
#532 = ( GEOMETRIC_REPRESENTATION_CONTEXT(2) 
PARAMETRIC_REPRESENTATION_CONTEXT() REPRESENTATION_CONTEXT('2D SPACE',''
  ) );
#533 = ORIENTED_EDGE('',*,*,#534,.T.);
#534 = EDGE_CURVE('',#514,#254,#535,.T.);
#535 = SURFACE_CURVE('',#536,(#540,#547),.PCURVE_S1.);
#536 = LINE('',#537,#538);
#537 = CARTESIAN_POINT('',(-11.05046800875,1.346561886491,
    -62.97178857294));
#538 = VECTOR('',#539,1.);
#539 = DIRECTION('',(-2.164176313074E-03,9.625898549507E-04,
    -0.999997194877));
#540 = PCURVE('',#297,#541);
#541 = DEFINITIONAL_REPRESENTATION('',(#542),#546);
#542 = LINE('',#543,#544);
#543 = CARTESIAN_POINT('',(0.,0.));
#544 = VECTOR('',#545,1.);
#545 = DIRECTION('',(0.,-1.));
#546 = ( GEOMETRIC_REPRESENTATION_CONTEXT(2) 
PARAMETRIC_REPRESENTATION_CONTEXT() REPRESENTATION_CONTEXT('2D SPACE',''
  ) );
#547 = PCURVE('',#269,#548);
#548 = DEFINITIONAL_REPRESENTATION('',(#549),#553);
#549 = LINE('',#550,#551);
#550 = CARTESIAN_POINT('',(10.999999990315,0.));
#551 = VECTOR('',#552,1.);
#552 = DIRECTION('',(0.,-1.));
#553 = ( GEOMETRIC_REPRESENTATION_CONTEXT(2) 
PARAMETRIC_REPRESENTATION_CONTEXT() REPRESENTATION_CONTEXT('2D SPACE',''
  ) );
#554 = ORIENTED_EDGE('',*,*,#281,.T.);
#555 = ORIENTED_EDGE('',*,*,#440,.F.);
#556 = ADVANCED_FACE('',(#557),#241,.F.);
#557 = FACE_BOUND('',#558,.F.);
#558 = EDGE_LOOP('',(#559,#580,#581,#582));
#559 = ORIENTED_EDGE('',*,*,#560,.F.);
#560 = EDGE_CURVE('',#467,#561,#563,.T.);
#561 = VERTEX_POINT('',#562);
#562 = CARTESIAN_POINT('',(-6.561516572977,-8.695752639484,
    -63.01330734951));
#563 = SURFACE_CURVE('',#564,(#568,#574),.PCURVE_S1.);
#564 = LINE('',#565,#566);
#565 = CARTESIAN_POINT('',(1.644540461899,-9.54591890972,-63.03188511731
    ));
#566 = VECTOR('',#567,1.);
#567 = DIRECTION('',(-0.994673580861,0.103050457089,2.2518506442E-03));
#568 = PCURVE('',#241,#569);
#569 = DEFINITIONAL_REPRESENTATION('',(#570),#573);
#570 = B_SPLINE_CURVE_WITH_KNOTS('',1,(#571,#572),.UNSPECIFIED.,.F.,.F.,
  (2,2),(-2.749999997579,8.249999992736),.PIECEWISE_BEZIER_KNOTS.);
#571 = CARTESIAN_POINT('',(0.,-2.213714765812E-02));
#572 = CARTESIAN_POINT('',(10.999999990315,-2.213714765811E-02));
#573 = ( GEOMETRIC_REPRESENTATION_CONTEXT(2) 
PARAMETRIC_REPRESENTATION_CONTEXT() REPRESENTATION_CONTEXT('2D SPACE',''
  ) );
#574 = PCURVE('',#362,#575);
#575 = DEFINITIONAL_REPRESENTATION('',(#576),#579);
#576 = B_SPLINE_CURVE_WITH_KNOTS('',1,(#577,#578),.UNSPECIFIED.,.F.,.F.,
  (2,2),(-2.749999997579,8.249999992736),.PIECEWISE_BEZIER_KNOTS.);
#577 = CARTESIAN_POINT('',(4.489030777396,-10.04234048748));
#578 = CARTESIAN_POINT('',(-6.452406586915,-8.908784935336));
#579 = ( GEOMETRIC_REPRESENTATION_CONTEXT(2) 
PARAMETRIC_REPRESENTATION_CONTEXT() REPRESENTATION_CONTEXT('2D SPACE',''
  ) );
#580 = ORIENTED_EDGE('',*,*,#489,.T.);
#581 = ORIENTED_EDGE('',*,*,#225,.T.);
#582 = ORIENTED_EDGE('',*,*,#583,.F.);
#583 = EDGE_CURVE('',#561,#226,#584,.T.);
#584 = SURFACE_CURVE('',#585,(#589,#596),.PCURVE_S1.);
#585 = LINE('',#586,#587);
#586 = CARTESIAN_POINT('',(-6.561468664286,-8.695773948478,
    -62.99117026395));
#587 = VECTOR('',#588,1.);
#588 = DIRECTION('',(-2.164176313074E-03,9.625898549507E-04,
    -0.999997194877));
#589 = PCURVE('',#241,#590);
#590 = DEFINITIONAL_REPRESENTATION('',(#591),#595);
#591 = LINE('',#592,#593);
#592 = CARTESIAN_POINT('',(10.999999990315,0.));
#593 = VECTOR('',#594,1.);
#594 = DIRECTION('',(0.,-1.));
#595 = ( GEOMETRIC_REPRESENTATION_CONTEXT(2) 
PARAMETRIC_REPRESENTATION_CONTEXT() REPRESENTATION_CONTEXT('2D SPACE',''
  ) );
#596 = PCURVE('',#269,#597);
#597 = DEFINITIONAL_REPRESENTATION('',(#598),#602);
#598 = LINE('',#599,#600);
#599 = CARTESIAN_POINT('',(0.,0.));
#600 = VECTOR('',#601,1.);
#601 = DIRECTION('',(0.,-1.));
#602 = ( GEOMETRIC_REPRESENTATION_CONTEXT(2) 
PARAMETRIC_REPRESENTATION_CONTEXT() REPRESENTATION_CONTEXT('2D SPACE',''
  ) );
#603 = ADVANCED_FACE('',(#604),#269,.F.);
#604 = FACE_BOUND('',#605,.F.);
#605 = EDGE_LOOP('',(#606,#625,#626,#627));
#606 = ORIENTED_EDGE('',*,*,#607,.F.);
#607 = EDGE_CURVE('',#561,#514,#608,.T.);
#608 = SURFACE_CURVE('',#609,(#613,#619),.PCURVE_S1.);
#609 = LINE('',#610,#611);
#610 = CARTESIAN_POINT('',(-7.683766409095,-6.185168680742,
    -63.00846192676));
#611 = VECTOR('',#612,1.);
#612 = DIRECTION('',(-0.408090849857,0.912939622165,1.761971911869E-03)
  );
#613 = PCURVE('',#269,#614);
#614 = DEFINITIONAL_REPRESENTATION('',(#615),#618);
#615 = B_SPLINE_CURVE_WITH_KNOTS('',1,(#616,#617),.UNSPECIFIED.,.F.,.F.,
  (2,2),(-2.749999997579,8.249999992736),.PIECEWISE_BEZIER_KNOTS.);
#616 = CARTESIAN_POINT('',(0.,-2.213714765812E-02));
#617 = CARTESIAN_POINT('',(10.999999990315,-2.213714765812E-02));
#618 = ( GEOMETRIC_REPRESENTATION_CONTEXT(2) 
PARAMETRIC_REPRESENTATION_CONTEXT() REPRESENTATION_CONTEXT('2D SPACE',''
  ) );
#619 = PCURVE('',#362,#620);
#620 = DEFINITIONAL_REPRESENTATION('',(#621),#624);
#621 = B_SPLINE_CURVE_WITH_KNOTS('',1,(#622,#623),.UNSPECIFIED.,.F.,.F.,
  (2,2),(-2.749999997579,8.249999992736),.PIECEWISE_BEZIER_KNOTS.);
#622 = CARTESIAN_POINT('',(-6.452406586915,-8.908784935336));
#623 = CARTESIAN_POINT('',(-10.94143736431,1.133555552146));
#624 = ( GEOMETRIC_REPRESENTATION_CONTEXT(2) 
PARAMETRIC_REPRESENTATION_CONTEXT() REPRESENTATION_CONTEXT('2D SPACE',''
  ) );
#625 = ORIENTED_EDGE('',*,*,#583,.T.);
#626 = ORIENTED_EDGE('',*,*,#253,.T.);
#627 = ORIENTED_EDGE('',*,*,#534,.F.);
#628 = ADVANCED_FACE('',(#629,#660),#362,.F.);
#629 = FACE_BOUND('',#630,.F.);
#630 = EDGE_LOOP('',(#631));
#631 = ORIENTED_EDGE('',*,*,#632,.T.);
#632 = EDGE_CURVE('',#633,#633,#635,.T.);
#633 = VERTEX_POINT('',#634);
#634 = CARTESIAN_POINT('',(19.890838822817,0.213028168503,
    -63.06197954499));
#635 = SURFACE_CURVE('',#636,(#641,#648),.PCURVE_S1.);
#636 = CIRCLE('',#637,19.999992197103);
#637 = AXIS2_PLACEMENT_3D('',#638,#639,#640);
#638 = CARTESIAN_POINT('',(-0.109106537615,0.213028168503,
    -63.01869601556));
#639 = DIRECTION('',(2.164176313074E-03,-9.625898549505E-04,
    0.999997194877));
#640 = DIRECTION('',(0.999997658166,0.,-2.164177315715E-03));
#641 = PCURVE('',#362,#642);
#642 = DEFINITIONAL_REPRESENTATION('',(#643),#647);
#643 = CIRCLE('',#644,19.999992197103);
#644 = AXIS2_PLACEMENT_2D('',#645,#646);
#645 = CARTESIAN_POINT('',(0.,0.));
#646 = DIRECTION('',(1.,0.));
#647 = ( GEOMETRIC_REPRESENTATION_CONTEXT(2) 
PARAMETRIC_REPRESENTATION_CONTEXT() REPRESENTATION_CONTEXT('2D SPACE',''
  ) );
#648 = PCURVE('',#649,#654);
#649 = CYLINDRICAL_SURFACE('',#650,19.999992197103);
#650 = AXIS2_PLACEMENT_3D('',#651,#652,#653);
#651 = CARTESIAN_POINT('',(-0.109106537615,0.213028168503,
    -63.01869601556));
#652 = DIRECTION('',(2.164176313074E-03,-9.625898549505E-04,
    0.999997194877));
#653 = DIRECTION('',(0.999997658166,0.,-2.164177315715E-03));
#654 = DEFINITIONAL_REPRESENTATION('',(#655),#659);
#655 = LINE('',#656,#657);
#656 = CARTESIAN_POINT('',(0.,0.));
#657 = VECTOR('',#658,1.);
#658 = DIRECTION('',(1.,0.));
#659 = ( GEOMETRIC_REPRESENTATION_CONTEXT(2) 
PARAMETRIC_REPRESENTATION_CONTEXT() REPRESENTATION_CONTEXT('2D SPACE',''
  ) );
#660 = FACE_BOUND('',#661,.F.);
#661 = EDGE_LOOP('',(#662,#663,#664,#665,#666,#667));
#662 = ORIENTED_EDGE('',*,*,#419,.T.);
#663 = ORIENTED_EDGE('',*,*,#345,.T.);
#664 = ORIENTED_EDGE('',*,*,#466,.T.);
#665 = ORIENTED_EDGE('',*,*,#560,.T.);
#666 = ORIENTED_EDGE('',*,*,#607,.T.);
#667 = ORIENTED_EDGE('',*,*,#513,.T.);
#668 = ADVANCED_FACE('',(#669),#649,.T.);
#669 = FACE_BOUND('',#670,.T.);
#670 = EDGE_LOOP('',(#671,#702,#723,#724,#725));
#671 = ORIENTED_EDGE('',*,*,#672,.F.);
#672 = EDGE_CURVE('',#673,#675,#677,.T.);
#673 = VERTEX_POINT('',#674);
#674 = CARTESIAN_POINT('',(19.921178575509,0.199533547956,
    -49.04294264794));
#675 = VERTEX_POINT('',#676);
#676 = CARTESIAN_POINT('',(-20.07871214535,0.199533547956,
    -48.95637558908));
#677 = SURFACE_CURVE('',#678,(#683,#690),.PCURVE_S1.);
#678 = CIRCLE('',#679,19.999992197103);
#679 = AXIS2_PLACEMENT_3D('',#680,#681,#682);
#680 = CARTESIAN_POINT('',(-7.87667849234E-02,0.199533547956,
    -48.99965911851));
#681 = DIRECTION('',(2.164176313074E-03,-9.625898549505E-04,
    0.999997194877));
#682 = DIRECTION('',(-0.999997658166,0.,2.164177315715E-03));
#683 = PCURVE('',#649,#684);
#684 = DEFINITIONAL_REPRESENTATION('',(#685),#689);
#685 = LINE('',#686,#687);
#686 = CARTESIAN_POINT('',(-3.14159265359,14.019076222286));
#687 = VECTOR('',#688,1.);
#688 = DIRECTION('',(1.,0.));
#689 = ( GEOMETRIC_REPRESENTATION_CONTEXT(2) 
PARAMETRIC_REPRESENTATION_CONTEXT() REPRESENTATION_CONTEXT('2D SPACE',''
  ) );
#690 = PCURVE('',#691,#696);
#691 = CONICAL_SURFACE('',#692,25.002999781769,0.785398159034);
#692 = AXIS2_PLACEMENT_3D('',#693,#694,#695);
#693 = CARTESIAN_POINT('',(-6.793939432005E-02,0.194717703569,
    -43.99666552424));
#694 = DIRECTION('',(2.164176313074E-03,-9.625898549505E-04,
    0.999997194877));
#695 = DIRECTION('',(-0.999997658166,0.,2.164177315715E-03));
#696 = DEFINITIONAL_REPRESENTATION('',(#697),#701);
#697 = LINE('',#698,#699);
#698 = CARTESIAN_POINT('',(-6.28318530718,-5.003007628323));
#699 = VECTOR('',#700,1.);
#700 = DIRECTION('',(1.,-0.));
#701 = ( GEOMETRIC_REPRESENTATION_CONTEXT(2) 
PARAMETRIC_REPRESENTATION_CONTEXT() REPRESENTATION_CONTEXT('2D SPACE',''
  ) );
#702 = ORIENTED_EDGE('',*,*,#703,.F.);
#703 = EDGE_CURVE('',#633,#673,#704,.T.);
#704 = SEAM_CURVE('',#705,(#709,#716),.PCURVE_S1.);
#705 = LINE('',#706,#707);
#706 = CARTESIAN_POINT('',(19.890838822817,0.213028168503,
    -63.06197954499));
#707 = VECTOR('',#708,1.);
#708 = DIRECTION('',(2.164176313074E-03,-9.625898549505E-04,
    0.999997194877));
#709 = PCURVE('',#649,#710);
#710 = DEFINITIONAL_REPRESENTATION('',(#711),#715);
#711 = LINE('',#712,#713);
#712 = CARTESIAN_POINT('',(6.28318530718,-0.));
#713 = VECTOR('',#714,1.);
#714 = DIRECTION('',(0.,1.));
#715 = ( GEOMETRIC_REPRESENTATION_CONTEXT(2) 
PARAMETRIC_REPRESENTATION_CONTEXT() REPRESENTATION_CONTEXT('2D SPACE',''
  ) );
#716 = PCURVE('',#649,#717);
#717 = DEFINITIONAL_REPRESENTATION('',(#718),#722);
#718 = LINE('',#719,#720);
#719 = CARTESIAN_POINT('',(0.,-0.));
#720 = VECTOR('',#721,1.);
#721 = DIRECTION('',(0.,1.));
#722 = ( GEOMETRIC_REPRESENTATION_CONTEXT(2) 
PARAMETRIC_REPRESENTATION_CONTEXT() REPRESENTATION_CONTEXT('2D SPACE',''
  ) );
#723 = ORIENTED_EDGE('',*,*,#632,.T.);
#724 = ORIENTED_EDGE('',*,*,#703,.T.);
#725 = ORIENTED_EDGE('',*,*,#726,.F.);
#726 = EDGE_CURVE('',#675,#673,#727,.T.);
#727 = SURFACE_CURVE('',#728,(#733,#740),.PCURVE_S1.);
#728 = CIRCLE('',#729,19.999992197103);
#729 = AXIS2_PLACEMENT_3D('',#730,#731,#732);
#730 = CARTESIAN_POINT('',(-7.87667849234E-02,0.199533547956,
    -48.99965911851));
#731 = DIRECTION('',(2.164176313074E-03,-9.625898549505E-04,
    0.999997194877));
#732 = DIRECTION('',(-0.999997658166,0.,2.164177315715E-03));
#733 = PCURVE('',#649,#734);
#734 = DEFINITIONAL_REPRESENTATION('',(#735),#739);
#735 = LINE('',#736,#737);
#736 = CARTESIAN_POINT('',(3.14159265359,14.019076222286));
#737 = VECTOR('',#738,1.);
#738 = DIRECTION('',(1.,0.));
#739 = ( GEOMETRIC_REPRESENTATION_CONTEXT(2) 
PARAMETRIC_REPRESENTATION_CONTEXT() REPRESENTATION_CONTEXT('2D SPACE',''
  ) );
#740 = PCURVE('',#691,#741);
#741 = DEFINITIONAL_REPRESENTATION('',(#742),#746);
#742 = LINE('',#743,#744);
#743 = CARTESIAN_POINT('',(-6.28318530718,-5.003007628323));
#744 = VECTOR('',#745,1.);
#745 = DIRECTION('',(1.,-0.));
#746 = ( GEOMETRIC_REPRESENTATION_CONTEXT(2) 
PARAMETRIC_REPRESENTATION_CONTEXT() REPRESENTATION_CONTEXT('2D SPACE',''
  ) );
#747 = ADVANCED_FACE('',(#748),#691,.T.);
#748 = FACE_BOUND('',#749,.T.);
#749 = EDGE_LOOP('',(#750,#751,#774,#801,#802));
#750 = ORIENTED_EDGE('',*,*,#672,.T.);
#751 = ORIENTED_EDGE('',*,*,#752,.F.);
#752 = EDGE_CURVE('',#753,#675,#755,.T.);
#753 = VERTEX_POINT('',#754);
#754 = CARTESIAN_POINT('',(-24.94781160942,0.194836425768,
    -44.06615739979));
#755 = SEAM_CURVE('',#756,(#760,#767),.PCURVE_S1.);
#756 = LINE('',#757,#758);
#757 = CARTESIAN_POINT('',(-25.0708806232,0.194717703569,-43.94255459929
    ));
#758 = VECTOR('',#759,1.);
#759 = DIRECTION('',(0.705574818421,6.806538169068E-04,-0.708635105199)
  );
#760 = PCURVE('',#691,#761);
#761 = DEFINITIONAL_REPRESENTATION('',(#762),#766);
#762 = LINE('',#763,#764);
#763 = CARTESIAN_POINT('',(-6.28318530718,0.));
#764 = VECTOR('',#765,1.);
#765 = DIRECTION('',(-0.,-1.));
#766 = ( GEOMETRIC_REPRESENTATION_CONTEXT(2) 
PARAMETRIC_REPRESENTATION_CONTEXT() REPRESENTATION_CONTEXT('2D SPACE',''
  ) );
#767 = PCURVE('',#691,#768);
#768 = DEFINITIONAL_REPRESENTATION('',(#769),#773);
#769 = LINE('',#770,#771);
#770 = CARTESIAN_POINT('',(0.,-0.));
#771 = VECTOR('',#772,1.);
#772 = DIRECTION('',(-0.,-1.));
#773 = ( GEOMETRIC_REPRESENTATION_CONTEXT(2) 
PARAMETRIC_REPRESENTATION_CONTEXT() REPRESENTATION_CONTEXT('2D SPACE',''
  ) );
#774 = ORIENTED_EDGE('',*,*,#775,.T.);
#775 = EDGE_CURVE('',#753,#753,#776,.T.);
#776 = SURFACE_CURVE('',#777,(#782,#789),.PCURVE_S1.);
#777 = CIRCLE('',#778,24.879663557821);
#778 = AXIS2_PLACEMENT_3D('',#779,#780,#781);
#779 = CARTESIAN_POINT('',(-6.820631565679E-02,0.194836425768,
    -44.12000140329));
#780 = DIRECTION('',(-2.164176313074E-03,9.625898549505E-04,
    -0.999997194877));
#781 = DIRECTION('',(-0.999997658166,0.,2.164177315715E-03));
#782 = PCURVE('',#691,#783);
#783 = DEFINITIONAL_REPRESENTATION('',(#784),#788);
#784 = LINE('',#785,#786);
#785 = CARTESIAN_POINT('',(-4.235164736272E-22,-0.123336225024));
#786 = VECTOR('',#787,1.);
#787 = DIRECTION('',(-1.,-0.));
#788 = ( GEOMETRIC_REPRESENTATION_CONTEXT(2) 
PARAMETRIC_REPRESENTATION_CONTEXT() REPRESENTATION_CONTEXT('2D SPACE',''
  ) );
#789 = PCURVE('',#790,#795);
#790 = PLANE('',#791);
#791 = AXIS2_PLACEMENT_3D('',#792,#793,#794);
#792 = CARTESIAN_POINT('',(-6.820631565679E-02,0.194836425768,
    -44.12000140329));
#793 = DIRECTION('',(-2.164176313074E-03,9.625898549505E-04,
    -0.999997194877));
#794 = DIRECTION('',(-0.999997658166,0.,2.164177315715E-03));
#795 = DEFINITIONAL_REPRESENTATION('',(#796),#800);
#796 = CIRCLE('',#797,24.879663557821);
#797 = AXIS2_PLACEMENT_2D('',#798,#799);
#798 = CARTESIAN_POINT('',(2.925516001411E-17,-2.09159953949E-17));
#799 = DIRECTION('',(1.,4.235164736272E-22));
#800 = ( GEOMETRIC_REPRESENTATION_CONTEXT(2) 
PARAMETRIC_REPRESENTATION_CONTEXT() REPRESENTATION_CONTEXT('2D SPACE',''
  ) );
#801 = ORIENTED_EDGE('',*,*,#752,.T.);
#802 = ORIENTED_EDGE('',*,*,#726,.T.);
#803 = ADVANCED_FACE('',(#804,#835),#790,.T.);
#804 = FACE_BOUND('',#805,.T.);
#805 = EDGE_LOOP('',(#806));
#806 = ORIENTED_EDGE('',*,*,#807,.T.);
#807 = EDGE_CURVE('',#808,#808,#810,.T.);
#808 = VERTEX_POINT('',#809);
#809 = CARTESIAN_POINT('',(-25.0920455135,0.194836425768,-44.06584525132
    ));
#810 = SURFACE_CURVE('',#811,(#816,#823),.PCURVE_S1.);
#811 = CIRCLE('',#812,25.02389779967);
#812 = AXIS2_PLACEMENT_3D('',#813,#814,#815);
#813 = CARTESIAN_POINT('',(-6.820631565679E-02,0.194836425768,
    -44.12000140329));
#814 = DIRECTION('',(-2.164176313074E-03,9.625898549505E-04,
    -0.999997194877));
#815 = DIRECTION('',(-0.999997658166,0.,2.164177315715E-03));
#816 = PCURVE('',#790,#817);
#817 = DEFINITIONAL_REPRESENTATION('',(#818),#822);
#818 = CIRCLE('',#819,25.02389779967);
#819 = AXIS2_PLACEMENT_2D('',#820,#821);
#820 = CARTESIAN_POINT('',(0.,0.));
#821 = DIRECTION('',(1.,0.));
#822 = ( GEOMETRIC_REPRESENTATION_CONTEXT(2) 
PARAMETRIC_REPRESENTATION_CONTEXT() REPRESENTATION_CONTEXT('2D SPACE',''
  ) );
#823 = PCURVE('',#824,#829);
#824 = CYLINDRICAL_SURFACE('',#825,25.02389779967);
#825 = AXIS2_PLACEMENT_3D('',#826,#827,#828);
#826 = CARTESIAN_POINT('',(9.792314247408E-03,0.160143924333,
    -8.079309784388));
#827 = DIRECTION('',(-2.164176313074E-03,9.625898549505E-04,
    -0.999997194877));
#828 = DIRECTION('',(-0.999997658166,0.,2.164177315715E-03));
#829 = DEFINITIONAL_REPRESENTATION('',(#830),#834);
#830 = LINE('',#831,#832);
#831 = CARTESIAN_POINT('',(0.,36.040792717766));
#832 = VECTOR('',#833,1.);
#833 = DIRECTION('',(1.,0.));
#834 = ( GEOMETRIC_REPRESENTATION_CONTEXT(2) 
PARAMETRIC_REPRESENTATION_CONTEXT() REPRESENTATION_CONTEXT('2D SPACE',''
  ) );
#835 = FACE_BOUND('',#836,.T.);
#836 = EDGE_LOOP('',(#837));
#837 = ORIENTED_EDGE('',*,*,#775,.F.);
#838 = ADVANCED_FACE('',(#839),#824,.T.);
#839 = FACE_BOUND('',#840,.T.);
#840 = EDGE_LOOP('',(#841,#842,#865,#894,#936,#960,#1195,#1217));
#841 = ORIENTED_EDGE('',*,*,#807,.F.);
#842 = ORIENTED_EDGE('',*,*,#843,.F.);
#843 = EDGE_CURVE('',#844,#808,#846,.T.);
#844 = VERTEX_POINT('',#845);
#845 = CARTESIAN_POINT('',(-25.01404688359,0.160143924333,
    -8.025153632419));
#846 = SEAM_CURVE('',#847,(#851,#858),.PCURVE_S1.);
#847 = LINE('',#848,#849);
#848 = CARTESIAN_POINT('',(-25.01404688359,0.160143924333,
    -8.025153632419));
#849 = VECTOR('',#850,1.);
#850 = DIRECTION('',(-2.164176313074E-03,9.625898549505E-04,
    -0.999997194877));
#851 = PCURVE('',#824,#852);
#852 = DEFINITIONAL_REPRESENTATION('',(#853),#857);
#853 = LINE('',#854,#855);
#854 = CARTESIAN_POINT('',(6.28318530718,-0.));
#855 = VECTOR('',#856,1.);
#856 = DIRECTION('',(0.,1.));
#857 = ( GEOMETRIC_REPRESENTATION_CONTEXT(2) 
PARAMETRIC_REPRESENTATION_CONTEXT() REPRESENTATION_CONTEXT('2D SPACE',''
  ) );
#858 = PCURVE('',#824,#859);
#859 = DEFINITIONAL_REPRESENTATION('',(#860),#864);
#860 = LINE('',#861,#862);
#861 = CARTESIAN_POINT('',(0.,-0.));
#862 = VECTOR('',#863,1.);
#863 = DIRECTION('',(0.,1.));
#864 = ( GEOMETRIC_REPRESENTATION_CONTEXT(2) 
PARAMETRIC_REPRESENTATION_CONTEXT() REPRESENTATION_CONTEXT('2D SPACE',''
  ) );
#865 = ORIENTED_EDGE('',*,*,#866,.T.);
#866 = EDGE_CURVE('',#844,#867,#869,.T.);
#867 = VERTEX_POINT('',#868);
#868 = CARTESIAN_POINT('',(-24.85232456387,3.000462327278,
    -8.022769559666));
#869 = SURFACE_CURVE('',#870,(#875,#882),.PCURVE_S1.);
#870 = CIRCLE('',#871,25.02389779967);
#871 = AXIS2_PLACEMENT_3D('',#872,#873,#874);
#872 = CARTESIAN_POINT('',(9.792314247408E-03,0.160143924333,
    -8.079309784388));
#873 = DIRECTION('',(-2.164176313074E-03,9.625898549505E-04,
    -0.999997194877));
#874 = DIRECTION('',(-0.999997658166,0.,2.164177315715E-03));
#875 = PCURVE('',#824,#876);
#876 = DEFINITIONAL_REPRESENTATION('',(#877),#881);
#877 = LINE('',#878,#879);
#878 = CARTESIAN_POINT('',(0.,0.));
#879 = VECTOR('',#880,1.);
#880 = DIRECTION('',(1.,0.));
#881 = ( GEOMETRIC_REPRESENTATION_CONTEXT(2) 
PARAMETRIC_REPRESENTATION_CONTEXT() REPRESENTATION_CONTEXT('2D SPACE',''
  ) );
#882 = PCURVE('',#883,#888);
#883 = PLANE('',#884);
#884 = AXIS2_PLACEMENT_3D('',#885,#886,#887);
#885 = CARTESIAN_POINT('',(9.792314247408E-03,0.160143924333,
    -8.079309784388));
#886 = DIRECTION('',(-2.164176313074E-03,9.625898549505E-04,
    -0.999997194877));
#887 = DIRECTION('',(-0.999997658166,0.,2.164177315715E-03));
#888 = DEFINITIONAL_REPRESENTATION('',(#889),#893);
#889 = CIRCLE('',#890,25.02389779967);
#890 = AXIS2_PLACEMENT_2D('',#891,#892);
#891 = CARTESIAN_POINT('',(0.,0.));
#892 = DIRECTION('',(1.,0.));
#893 = ( GEOMETRIC_REPRESENTATION_CONTEXT(2) 
PARAMETRIC_REPRESENTATION_CONTEXT() REPRESENTATION_CONTEXT('2D SPACE',''
  ) );
#894 = ORIENTED_EDGE('',*,*,#895,.F.);
#895 = EDGE_CURVE('',#896,#867,#898,.T.);
#896 = VERTEX_POINT('',#897);
#897 = CARTESIAN_POINT('',(24.844543441709,3.23065166263,-8.130101067397
    ));
#898 = SURFACE_CURVE('',#899,(#904,#924),.PCURVE_S1.);
#899 = ELLIPSE('',#900,27.623273137442,25.02389779967);
#900 = AXIS2_PLACEMENT_3D('',#901,#902,#903);
#901 = CARTESIAN_POINT('',(1.278239383175E-02,0.158813986354,
    -6.697688897616));
#902 = DIRECTION('',(-1.297434721035E-07,0.422616878339,0.906308432126)
  );
#903 = DIRECTION('',(-5.110570057649E-03,0.90629659632,-0.422611359965)
  );
#904 = PCURVE('',#824,#905);
#905 = DEFINITIONAL_REPRESENTATION('',(#906),#923);
#906 = B_SPLINE_CURVE_WITH_KNOTS('',8,(#907,#908,#909,#910,#911,#912,
    #913,#914,#915,#916,#917,#918,#919,#920,#921,#922),.UNSPECIFIED.,.F.
  ,.F.,(9,7,9),(4.830598033051,6.28318530718,7.735772581308),
  .UNSPECIFIED.);
#907 = CARTESIAN_POINT('',(3.018751774649,-2.0004E-03));
#908 = CARTESIAN_POINT('',(2.837178365383,2.107273071913));
#909 = CARTESIAN_POINT('',(2.655604956116,4.164564282144));
#910 = CARTESIAN_POINT('',(2.47403154685,6.063904518465));
#911 = CARTESIAN_POINT('',(2.292458137576,7.702993838451));
#912 = CARTESIAN_POINT('',(2.110884728319,8.994327120781));
#913 = CARTESIAN_POINT('',(1.929311319052,9.875878599776));
#914 = CARTESIAN_POINT('',(1.747737909786,10.316655356377));
#915 = CARTESIAN_POINT('',(1.384591091254,10.316655356377));
#916 = CARTESIAN_POINT('',(1.203017681987,9.87587859977));
#917 = CARTESIAN_POINT('',(1.021444272721,8.99432712081));
#918 = CARTESIAN_POINT('',(0.83987086345,7.702993838466));
#919 = CARTESIAN_POINT('',(0.65829745419,6.063904518502));
#920 = CARTESIAN_POINT('',(0.476724044923,4.164564282141));
#921 = CARTESIAN_POINT('',(0.295150635657,2.107273071913));
#922 = CARTESIAN_POINT('',(0.113577226391,-2.000399999993E-03));
#923 = ( GEOMETRIC_REPRESENTATION_CONTEXT(2) 
PARAMETRIC_REPRESENTATION_CONTEXT() REPRESENTATION_CONTEXT('2D SPACE',''
  ) );
#924 = PCURVE('',#925,#930);
#925 = PLANE('',#926);
#926 = AXIS2_PLACEMENT_3D('',#927,#928,#929);
#927 = CARTESIAN_POINT('',(-1.713510291296E-06,-2.537019756032,
    -5.440605989983));
#928 = DIRECTION('',(-1.297434721037E-07,0.422616878339,0.906308432126)
  );
#929 = DIRECTION('',(0.,0.906308432126,-0.422616878339));
#930 = DEFINITIONAL_REPRESENTATION('',(#931),#935);
#931 = ELLIPSE('',#932,27.623273137442,25.02389779967);
#932 = AXIS2_PLACEMENT_2D('',#933,#934);
#933 = CARTESIAN_POINT('',(2.974521306572,-1.278410734204E-02));
#934 = DIRECTION('',(0.999986940952,5.110570057649E-03));
#935 = ( GEOMETRIC_REPRESENTATION_CONTEXT(2) 
PARAMETRIC_REPRESENTATION_CONTEXT() REPRESENTATION_CONTEXT('2D SPACE',''
  ) );
#936 = ORIENTED_EDGE('',*,*,#937,.T.);
#937 = EDGE_CURVE('',#896,#938,#940,.T.);
#938 = VERTEX_POINT('',#939);
#939 = CARTESIAN_POINT('',(24.983164901265,1.748654105063,
    -8.131827629333));
#940 = SURFACE_CURVE('',#941,(#946,#953),.PCURVE_S1.);
#941 = CIRCLE('',#942,25.02389779967);
#942 = AXIS2_PLACEMENT_3D('',#943,#944,#945);
#943 = CARTESIAN_POINT('',(9.792314247408E-03,0.160143924333,
    -8.079309784388));
#944 = DIRECTION('',(-2.164176313074E-03,9.625898549505E-04,
    -0.999997194877));
#945 = DIRECTION('',(-0.999997658166,0.,2.164177315715E-03));
#946 = PCURVE('',#824,#947);
#947 = DEFINITIONAL_REPRESENTATION('',(#948),#952);
#948 = LINE('',#949,#950);
#949 = CARTESIAN_POINT('',(0.,0.));
#950 = VECTOR('',#951,1.);
#951 = DIRECTION('',(1.,0.));
#952 = ( GEOMETRIC_REPRESENTATION_CONTEXT(2) 
PARAMETRIC_REPRESENTATION_CONTEXT() REPRESENTATION_CONTEXT('2D SPACE',''
  ) );
#953 = PCURVE('',#883,#954);
#954 = DEFINITIONAL_REPRESENTATION('',(#955),#959);
#955 = CIRCLE('',#956,25.02389779967);
#956 = AXIS2_PLACEMENT_2D('',#957,#958);
#957 = CARTESIAN_POINT('',(0.,0.));
#958 = DIRECTION('',(1.,0.));
#959 = ( GEOMETRIC_REPRESENTATION_CONTEXT(2) 
PARAMETRIC_REPRESENTATION_CONTEXT() REPRESENTATION_CONTEXT('2D SPACE',''
  ) );
#960 = ORIENTED_EDGE('',*,*,#961,.T.);
#961 = EDGE_CURVE('',#938,#962,#964,.T.);
#962 = VERTEX_POINT('',#963);
#963 = CARTESIAN_POINT('',(-2.414757179518,-24.74601334908,
    -8.098037098653));
#964 = SURFACE_CURVE('',#965,(#1038,#1114),.PCURVE_S1.);
#965 = B_SPLINE_CURVE_WITH_KNOTS('',8,(#966,#967,#968,#969,#970,#971,
    #972,#973,#974,#975,#976,#977,#978,#979,#980,#981,#982,#983,#984,
    #985,#986,#987,#988,#989,#990,#991,#992,#993,#994,#995,#996,#997,
    #998,#999,#1000,#1001,#1002,#1003,#1004,#1005,#1006,#1007,#1008,
    #1009,#1010,#1011,#1012,#1013,#1014,#1015,#1016,#1017,#1018,#1019,
    #1020,#1021,#1022,#1023,#1024,#1025,#1026,#1027,#1028,#1029,#1030,
    #1031,#1032,#1033,#1034,#1035,#1036,#1037),.UNSPECIFIED.,.F.,.F.,(9,
    7,7,7,7,7,7,7,7,7,9),(0.,1.271874717338E-02,0.107823421968,
    0.279167294499,0.333533233447,0.369928981635,0.4119891159,
    0.529944016564,0.719649049345,0.929578452572,1.),.UNSPECIFIED.);
#966 = CARTESIAN_POINT('',(24.983210334211,1.748005821802,
    -8.129827946079));
#967 = CARTESIAN_POINT('',(24.980917770471,1.780724857831,
    -8.230740260958));
#968 = CARTESIAN_POINT('',(24.978603173262,1.81301807619,-8.331752541994
    ));
#969 = CARTESIAN_POINT('',(24.976268809779,1.844884761759,
    -8.432863514166));
#970 = CARTESIAN_POINT('',(24.973916912162,1.87632420827,-8.534071907778
    ));
#971 = CARTESIAN_POINT('',(24.971549677499,1.907335718307,-8.63537645847
    ));
#972 = CARTESIAN_POINT('',(24.969169267828,1.937918603304,-8.73677590721
    ));
#973 = CARTESIAN_POINT('',(24.96677781013,1.968072183547,-8.838269000299
    ));
#974 = CARTESIAN_POINT('',(24.946428256381,2.220054609216,
    -9.699461923189));
#975 = CARTESIAN_POINT('',(24.927990793126,2.418117561447,
    -10.46370846546));
#976 = CARTESIAN_POINT('',(24.909930691234,2.591884385704,
    -11.23247827809));
#977 = CARTESIAN_POINT('',(24.892999104425,2.741152804811,-12.00554449)
  );
#978 = CARTESIAN_POINT('',(24.877839328131,2.865613165016,
    -12.78254086987));
#979 = CARTESIAN_POINT('',(24.864985354957,2.964843811593,
    -13.56293478806));
#980 = CARTESIAN_POINT('',(24.854852312922,3.03830719859,-14.34600146759
    ));
#981 = CARTESIAN_POINT('',(24.834866778511,3.170094784966,
    -16.54471885533));
#982 = CARTESIAN_POINT('',(24.832029243864,3.167240547342,
    -17.93368075552));
#983 = CARTESIAN_POINT('',(24.839842864495,3.081091834235,
    -19.31945191225));
#984 = CARTESIAN_POINT('',(24.858361906559,2.9055112583,-20.71894875251)
  );
#985 = CARTESIAN_POINT('',(24.887543485497,2.625533822351,
    -22.13837944856));
#986 = CARTESIAN_POINT('',(24.925438970615,2.219171856133,
    -23.56828395693));
#987 = CARTESIAN_POINT('',(24.964255282538,1.659510357992,
    -24.97898698341));
#988 = CARTESIAN_POINT('',(24.989404618394,0.681798629648,
    -26.74059262761));
#989 = CARTESIAN_POINT('',(24.993509400993,0.426634008289,
    -27.15983591117));
#990 = CARTESIAN_POINT('',(24.995003436547,0.149017685311,-27.5748355135
    ));
#991 = CARTESIAN_POINT('',(24.992982942459,-0.154117253644,
    -27.9850356114));
#992 = CARTESIAN_POINT('',(24.986212185267,-0.486024403233,
    -28.3884469517));
#993 = CARTESIAN_POINT('',(24.973010055898,-0.850055883868,
    -28.78161860155));
#994 = CARTESIAN_POINT('',(24.951109284844,-1.249581155658,
    -29.15963418284));
#995 = CARTESIAN_POINT('',(24.894980436254,-1.981357713006,
    -29.75479353416));
#996 = CARTESIAN_POINT('',(24.866976761543,-2.295360070134,
    -29.98638574962));
#997 = CARTESIAN_POINT('',(24.832607731999,-2.62850628819,
    -30.20614277963));
#998 = CARTESIAN_POINT('',(24.791007070747,-2.979291815496,
    -30.41008031967));
#999 = CARTESIAN_POINT('',(24.741356646402,-3.346079426378,
    -30.59495691123));
#1000 = CARTESIAN_POINT('',(24.682932800448,-3.727078532563,
    -30.75824288665));
#1001 = CARTESIAN_POINT('',(24.61515412076,-4.120345512291,
    -30.89809756589));
#1002 = CARTESIAN_POINT('',(24.448041979154,-4.990056294544,
    -31.14654967948));
#1003 = CARTESIAN_POINT('',(24.347692306752,-5.458191691722,
    -31.24354478078));
#1004 = CARTESIAN_POINT('',(24.236879081323,-5.925086314212,
    -31.30579457404));
#1005 = CARTESIAN_POINT('',(24.116294118909,-6.387417416106,
    -31.33547874737));
#1006 = CARTESIAN_POINT('',(23.987082047629,-6.841681035488,
    -31.33548427041));
#1007 = CARTESIAN_POINT('',(23.850901744837,-7.2841629749,
    -31.30938650528));
#1008 = CARTESIAN_POINT('',(23.709990778148,-7.710864166866,
    -31.26142926984));
#1009 = CARTESIAN_POINT('',(23.166877561654,-9.257428729654,
    -31.01442476153));
#1010 = CARTESIAN_POINT('',(22.725584591074,-10.31392185541,
    -30.68688275665));
#1011 = CARTESIAN_POINT('',(22.258764500258,-11.28067147944,
    -30.27054656243));
#1012 = CARTESIAN_POINT('',(21.779991095852,-12.16097203004,
    -29.80460093773));
#1013 = CARTESIAN_POINT('',(21.297582603411,-12.96455560419,
    -29.31299669159));
#1014 = CARTESIAN_POINT('',(20.812268703345,-13.70711651938,
    -28.80529825605));
#1015 = CARTESIAN_POINT('',(20.315478225671,-14.40975597996,
    -28.27747340685));
#1016 = CARTESIAN_POINT('',(18.941628286222,-16.19812220783,
    -26.80737514362));
#1017 = CARTESIAN_POINT('',(18.054346870278,-17.20836940232,
    -25.84818767224));
#1018 = CARTESIAN_POINT('',(17.135910501103,-18.13209691634,
    -24.86442435295));
#1019 = CARTESIAN_POINT('',(16.191407086751,-18.97713073498,
    -23.87175106908));
#1020 = CARTESIAN_POINT('',(15.221629989657,-19.75173139121,
    -22.87727097257));
#1021 = CARTESIAN_POINT('',(14.223463910828,-20.46335384954,
    -21.88213039626));
#1022 = CARTESIAN_POINT('',(13.190275149528,-21.11751881736,
    -20.88381519256));
#1023 = CARTESIAN_POINT('',(10.921545654802,-22.37929204493,
    -18.76441229998));
#1024 = CARTESIAN_POINT('',(9.682914770667,-22.97075455462,
    -17.64787836672));
#1025 = CARTESIAN_POINT('',(8.400881560593,-23.4873327725,-16.5354330538
    ));
#1026 = CARTESIAN_POINT('',(7.079084102,-23.92544313144,-15.43145086458)
  );
#1027 = CARTESIAN_POINT('',(5.721275629294,-24.28143685698,
    -14.33696604836));
#1028 = CARTESIAN_POINT('',(4.331556213471,-24.55149070195,
    -13.2494590775));
#1029 = CARTESIAN_POINT('',(2.914309761114,-24.73163465235,
    -12.16287485451));
#1030 = CARTESIAN_POINT('',(0.991272940286,-24.84646450477,
    -10.69918041957));
#1031 = CARTESIAN_POINT('',(0.506248574371,-24.86467842202,
    -10.33089556131));
#1032 = CARTESIAN_POINT('',(1.974693135431E-02,-24.87212793622,
    -9.961838681873));
#1033 = CARTESIAN_POINT('',(-0.467729393917,-24.86871574922,
    -9.591803300197));
#1034 = CARTESIAN_POINT('',(-0.955676425348,-24.85438085232,
    -9.220532446149));
#1035 = CARTESIAN_POINT('',(-1.443591867315,-24.82909798303,
    -8.847721081364));
#1036 = CARTESIAN_POINT('',(-1.930978166389,-24.79287708165,
    -8.473018520096));
#1037 = CARTESIAN_POINT('',(-2.417345573061,-24.74576274801,
    -8.09603085006));
#1038 = PCURVE('',#824,#1039);
#1039 = DEFINITIONAL_REPRESENTATION('',(#1040),#1113);
#1040 = B_SPLINE_CURVE_WITH_KNOTS('',8,(#1041,#1042,#1043,#1044,#1045,
    #1046,#1047,#1048,#1049,#1050,#1051,#1052,#1053,#1054,#1055,#1056,
    #1057,#1058,#1059,#1060,#1061,#1062,#1063,#1064,#1065,#1066,#1067,
    #1068,#1069,#1070,#1071,#1072,#1073,#1074,#1075,#1076,#1077,#1078,
    #1079,#1080,#1081,#1082,#1083,#1084,#1085,#1086,#1087,#1088,#1089,
    #1090,#1091,#1092,#1093,#1094,#1095,#1096,#1097,#1098,#1099,#1100,
    #1101,#1102,#1103,#1104,#1105,#1106,#1107,#1108,#1109,#1110,#1111,
    #1112),.UNSPECIFIED.,.F.,.F.,(9,7,7,7,7,7,7,7,7,7,9),(0.,
    1.271874717338E-02,0.107823421968,0.279167294499,0.333533233447,
    0.369928981635,0.4119891159,0.529944016564,0.719649049345,
    0.929578452572,1.),.UNSPECIFIED.);
#1041 = CARTESIAN_POINT('',(3.07809606845,-2.0004E-03));
#1042 = CARTESIAN_POINT('',(3.076789807021,9.894808833088E-02));
#1043 = CARTESIAN_POINT('',(3.07550047623,0.199996180337));
#1044 = CARTESIAN_POINT('',(3.074228106932,0.301142595402));
#1045 = CARTESIAN_POINT('',(3.072972729871,0.402386058326));
#1046 = CARTESIAN_POINT('',(3.071734375682,0.503725299324));
#1047 = CARTESIAN_POINT('',(3.07051307489,0.605159054027));
#1048 = CARTESIAN_POINT('',(3.069308857908,0.706686063482));
#1049 = CARTESIAN_POINT('',(3.059245170699,1.568163166369));
#1050 = CARTESIAN_POINT('',(3.051331662625,2.332638120144));
#1051 = CARTESIAN_POINT('',(3.044386696427,3.101612127713));
#1052 = CARTESIAN_POINT('',(3.038420428694,3.874856498279));
#1053 = CARTESIAN_POINT('',(3.033447505878,4.652003311286));
#1054 = CARTESIAN_POINT('',(3.029486902424,5.432518377055));
#1055 = CARTESIAN_POINT('',(3.026561798173,6.215675504786));
#1056 = CARTESIAN_POINT('',(3.021344305209,8.414556834469));
#1057 = CARTESIAN_POINT('',(3.021511462734,9.803518231915));
#1058 = CARTESIAN_POINT('',(3.025033739069,11.189185665465));
#1059 = CARTESIAN_POINT('',(3.03215709771,12.588469489397));
#1060 = CARTESIAN_POINT('',(3.043471949212,14.007563546254));
#1061 = CARTESIAN_POINT('',(3.059846972861,15.436990871146));
#1062 = CARTESIAN_POINT('',(3.082306004659,16.847067210609));
#1063 = CARTESIAN_POINT('',(3.121461976494,18.607672350297));
#1064 = CARTESIAN_POINT('',(3.131676419205,19.026659955481));
#1065 = CARTESIAN_POINT('',(3.142785611498,19.441387929674));
#1066 = CARTESIAN_POINT('',(3.154913323402,19.851299454999));
#1067 = CARTESIAN_POINT('',(3.168191607455,20.254404826335));
#1068 = CARTESIAN_POINT('',(3.182758477983,20.647253532018));
#1069 = CARTESIAN_POINT('',(3.198757087248,21.024930871085));
#1070 = CARTESIAN_POINT('',(3.228105020491,21.619505624947));
#1071 = CARTESIAN_POINT('',(3.240709033466,21.85085554017));
#1072 = CARTESIAN_POINT('',(3.254097044682,22.070365651202));
#1073 = CARTESIAN_POINT('',(3.268215497289,22.274054987749));
#1074 = CARTESIAN_POINT('',(3.283007178628,22.45868544694));
#1075 = CARTESIAN_POINT('',(3.298410262881,22.621730657952));
#1076 = CARTESIAN_POINT('',(3.314357888063,22.761353075092));
#1077 = CARTESIAN_POINT('',(3.349754202568,23.00932897711));
#1078 = CARTESIAN_POINT('',(3.36888419237,23.106090358321));
#1079 = CARTESIAN_POINT('',(3.388053745132,23.168130368299));
#1080 = CARTESIAN_POINT('',(3.407138497244,23.197630390251));
#1081 = CARTESIAN_POINT('',(3.426002877845,23.197478281427));
#1082 = CARTESIAN_POINT('',(3.444496843667,23.171249379063));
#1083 = CARTESIAN_POINT('',(3.462450684043,23.123186496093));
#1084 = CARTESIAN_POINT('',(3.5279524431,22.875869366055));
#1085 = CARTESIAN_POINT('',(3.573628483088,22.548266346204));
#1086 = CARTESIAN_POINT('',(3.616430368818,22.132011017454));
#1087 = CARTESIAN_POINT('',(3.656396545924,21.666255481484));
#1088 = CARTESIAN_POINT('',(3.693796888656,21.174923109984));
#1089 = CARTESIAN_POINT('',(3.729213893063,20.667561621846));
#1090 = CARTESIAN_POINT('',(3.763584715119,20.140137041824));
#1091 = CARTESIAN_POINT('',(3.85373740656,18.671294692708));
#1092 = CARTESIAN_POINT('',(3.907379778748,17.713057691698));
#1093 = CARTESIAN_POINT('',(3.959305768893,16.730395619474));
#1094 = CARTESIAN_POINT('',(4.009823234972,15.738955771134));
#1095 = CARTESIAN_POINT('',(4.059314303086,14.745831610124));
#1096 = CARTESIAN_POINT('',(4.108227066954,13.75216903215));
#1097 = CARTESIAN_POINT('',(4.157068631074,12.755462938926));
#1098 = CARTESIAN_POINT('',(4.260929961436,10.63976135205));
#1099 = CARTESIAN_POINT('',(4.315744743776,9.525341830617));
#1100 = CARTESIAN_POINT('',(4.370873376948,8.415176931191));
#1101 = CARTESIAN_POINT('',(4.426376274007,7.313636720951));
#1102 = CARTESIAN_POINT('',(4.482321753904,6.221750835871));
#1103 = CARTESIAN_POINT('',(4.538780403166,5.136994562362));
#1104 = CARTESIAN_POINT('',(4.595832590108,4.053307153833));
#1105 = CARTESIAN_POINT('',(4.672940347906,2.593668081424));
#1106 = CARTESIAN_POINT('',(4.692362983158,2.226416401957));
#1107 = CARTESIAN_POINT('',(4.711830402987,1.858406262273));
#1108 = CARTESIAN_POINT('',(4.731333676042,1.489430187845));
#1109 = CARTESIAN_POINT('',(4.750864044099,1.119230177292));
#1110 = CARTESIAN_POINT('',(4.77041292639,0.747500130365));
#1111 = CARTESIAN_POINT('',(4.789971923932,0.373888275939));
#1112 = CARTESIAN_POINT('',(4.80953282385,-2.0004E-03));
#1113 = ( GEOMETRIC_REPRESENTATION_CONTEXT(2) 
PARAMETRIC_REPRESENTATION_CONTEXT() REPRESENTATION_CONTEXT('2D SPACE',''
  ) );
#1114 = PCURVE('',#1115,#1120);
#1115 = CYLINDRICAL_SURFACE('',#1116,16.161233846733);
#1116 = AXIS2_PLACEMENT_3D('',#1117,#1118,#1119);
#1117 = CARTESIAN_POINT('',(-11.78455609541,-30.73014063164,
    21.476112037129));
#1118 = DIRECTION('',(0.710893717079,0.314307883643,-0.62915870597));
#1119 = DIRECTION('',(0.662745940011,2.775557561563E-17,0.748844322272)
  );
#1120 = DEFINITIONAL_REPRESENTATION('',(#1121),#1194);
#1121 = B_SPLINE_CURVE_WITH_KNOTS('',8,(#1122,#1123,#1124,#1125,#1126,
    #1127,#1128,#1129,#1130,#1131,#1132,#1133,#1134,#1135,#1136,#1137,
    #1138,#1139,#1140,#1141,#1142,#1143,#1144,#1145,#1146,#1147,#1148,
    #1149,#1150,#1151,#1152,#1153,#1154,#1155,#1156,#1157,#1158,#1159,
    #1160,#1161,#1162,#1163,#1164,#1165,#1166,#1167,#1168,#1169,#1170,
    #1171,#1172,#1173,#1174,#1175,#1176,#1177,#1178,#1179,#1180,#1181,
    #1182,#1183,#1184,#1185,#1186,#1187,#1188,#1189,#1190,#1191,#1192,
    #1193),.UNSPECIFIED.,.F.,.F.,(9,7,7,7,7,7,7,7,7,7,9),(0.,
    1.271874717338E-02,0.107823421968,0.279167294499,0.333533233447,
    0.369928981635,0.4119891159,0.529944016564,0.719649049345,
    0.929578452572,1.),.UNSPECIFIED.);
#1122 = CARTESIAN_POINT('',(4.848781775928,54.972946511132));
#1123 = CARTESIAN_POINT('',(4.843967191421,55.045090454387));
#1124 = CARTESIAN_POINT('',(4.839150655311,55.117147790917));
#1125 = CARTESIAN_POINT('',(4.834332156148,55.189119105494));
#1126 = CARTESIAN_POINT('',(4.829511680101,55.261004964109));
#1127 = CARTESIAN_POINT('',(4.82468921096,55.332805913971));
#1128 = CARTESIAN_POINT('',(4.819864730136,55.404522483506));
#1129 = CARTESIAN_POINT('',(4.815038216657,55.476155182357));
#1130 = CARTESIAN_POINT('',(4.774103926697,56.082715900335));
#1131 = CARTESIAN_POINT('',(4.737908300421,56.612693936469));
#1132 = CARTESIAN_POINT('',(4.701593382245,57.138149626792));
#1133 = CARTESIAN_POINT('',(4.665129008618,57.659410646526));
#1134 = CARTESIAN_POINT('',(4.62848487476,58.176606566121));
#1135 = CARTESIAN_POINT('',(4.591630719824,58.689649359586));
#1136 = CARTESIAN_POINT('',(4.554536061005,59.198209184142));
#1137 = CARTESIAN_POINT('',(4.449848545335,60.608765657128));
#1138 = CARTESIAN_POINT('',(4.383100864899,61.479728833944));
#1139 = CARTESIAN_POINT('',(4.315490546427,62.330076255849));
#1140 = CARTESIAN_POINT('',(4.24570687897,63.168560588206));
#1141 = CARTESIAN_POINT('',(4.172678476487,63.994353653995));
#1142 = CARTESIAN_POINT('',(4.095632168174,64.793207416774));
#1143 = CARTESIAN_POINT('',(4.014029061727,65.532451758664));
#1144 = CARTESIAN_POINT('',(3.900115838188,66.351357286896));
#1145 = CARTESIAN_POINT('',(3.87203733948,66.537845660709));
#1146 = CARTESIAN_POINT('',(3.84312415906,66.712751375038));
#1147 = CARTESIAN_POINT('',(3.813217845418,66.874118280146));
#1148 = CARTESIAN_POINT('',(3.782194467684,67.018793714481));
#1149 = CARTESIAN_POINT('',(3.749962678338,67.142357805847));
#1150 = CARTESIAN_POINT('',(3.716460932289,67.239046536629));
#1151 = CARTESIAN_POINT('',(3.658351968212,67.343591437104));
#1152 = CARTESIAN_POINT('',(3.634213685682,67.370698642962));
#1153 = CARTESIAN_POINT('',(3.60944980948,67.379817481684));
#1154 = CARTESIAN_POINT('',(3.584242428719,67.368298255064));
#1155 = CARTESIAN_POINT('',(3.558752056033,67.33403455973));
#1156 = CARTESIAN_POINT('',(3.533123089245,67.275483184977));
#1157 = CARTESIAN_POINT('',(3.507487605578,67.191683624345));
#1158 = CARTESIAN_POINT('',(3.452475594198,66.955843507763));
#1159 = CARTESIAN_POINT('',(3.423879576022,66.798392222612));
#1160 = CARTESIAN_POINT('',(3.39627316333,66.612032135584));
#1161 = CARTESIAN_POINT('',(3.369751045413,66.39967078933));
#1162 = CARTESIAN_POINT('',(3.344409698029,66.165039577731));
#1163 = CARTESIAN_POINT('',(3.320349854203,65.91273465802));
#1164 = CARTESIAN_POINT('',(3.297680619219,65.648273676351));
#1165 = CARTESIAN_POINT('',(3.217196321162,64.620675431615));
#1166 = CARTESIAN_POINT('',(3.165860343048,63.768823009066));
#1167 = CARTESIAN_POINT('',(3.12134542499,62.871164969925));
#1168 = CARTESIAN_POINT('',(3.082633658493,61.960968815558));
#1169 = CARTESIAN_POINT('',(3.048698029131,61.056157905303));
#1170 = CARTESIAN_POINT('',(3.018495526417,60.158335662497));
#1171 = CARTESIAN_POINT('',(2.990966189074,59.25223971229));
#1172 = CARTESIAN_POINT('',(2.923831868462,56.788555696921));
#1173 = CARTESIAN_POINT('',(2.888888978819,55.236783107115));
#1174 = CARTESIAN_POINT('',(2.859624481747,53.674594365803));
#1175 = CARTESIAN_POINT('',(2.835437328731,52.113002992885));
#1176 = CARTESIAN_POINT('',(2.815839902951,50.554445644051));
#1177 = CARTESIAN_POINT('',(2.800503421213,48.995085743923));
#1178 = CARTESIAN_POINT('',(2.789295940257,47.426890436662));
#1179 = CARTESIAN_POINT('',(2.774598877861,44.084038838986));
#1180 = CARTESIAN_POINT('',(2.772103067207,42.315125551377));
#1181 = CARTESIAN_POINT('',(2.774959177069,40.541466937316));
#1182 = CARTESIAN_POINT('',(2.783284316621,38.769527883441));
#1183 = CARTESIAN_POINT('',(2.79717318479,37.003774086063));
#1184 = CARTESIAN_POINT('',(2.816704412394,35.246736753849));
#1185 = CARTESIAN_POINT('',(2.841967623157,33.498970567851));
#1186 = CARTESIAN_POINT('',(2.883585694275,31.1749077497));
#1187 = CARTESIAN_POINT('',(2.894691138029,30.592672572703));
#1188 = CARTESIAN_POINT('',(2.906444903565,30.012284821593));
#1189 = CARTESIAN_POINT('',(2.918842653112,29.434002460112));
#1190 = CARTESIAN_POINT('',(2.93187911809,28.858041262208));
#1191 = CARTESIAN_POINT('',(2.945548455895,28.284574329349));
#1192 = CARTESIAN_POINT('',(2.959844606691,27.713731607831));
#1193 = CARTESIAN_POINT('',(2.974761650205,27.145599406085));
#1194 = ( GEOMETRIC_REPRESENTATION_CONTEXT(2) 
PARAMETRIC_REPRESENTATION_CONTEXT() REPRESENTATION_CONTEXT('2D SPACE',''
  ) );
#1195 = ORIENTED_EDGE('',*,*,#1196,.T.);
#1196 = EDGE_CURVE('',#962,#844,#1197,.T.);
#1197 = SURFACE_CURVE('',#1198,(#1203,#1210),.PCURVE_S1.);
#1198 = CIRCLE('',#1199,25.02389779967);
#1199 = AXIS2_PLACEMENT_3D('',#1200,#1201,#1202);
#1200 = CARTESIAN_POINT('',(9.792314247408E-03,0.160143924333,
    -8.079309784388));
#1201 = DIRECTION('',(-2.164176313074E-03,9.625898549505E-04,
    -0.999997194877));
#1202 = DIRECTION('',(-0.999997658166,0.,2.164177315715E-03));
#1203 = PCURVE('',#824,#1204);
#1204 = DEFINITIONAL_REPRESENTATION('',(#1205),#1209);
#1205 = LINE('',#1206,#1207);
#1206 = CARTESIAN_POINT('',(0.,0.));
#1207 = VECTOR('',#1208,1.);
#1208 = DIRECTION('',(1.,0.));
#1209 = ( GEOMETRIC_REPRESENTATION_CONTEXT(2) 
PARAMETRIC_REPRESENTATION_CONTEXT() REPRESENTATION_CONTEXT('2D SPACE',''
  ) );
#1210 = PCURVE('',#883,#1211);
#1211 = DEFINITIONAL_REPRESENTATION('',(#1212),#1216);
#1212 = CIRCLE('',#1213,25.02389779967);
#1213 = AXIS2_PLACEMENT_2D('',#1214,#1215);
#1214 = CARTESIAN_POINT('',(0.,0.));
#1215 = DIRECTION('',(1.,0.));
#1216 = ( GEOMETRIC_REPRESENTATION_CONTEXT(2) 
PARAMETRIC_REPRESENTATION_CONTEXT() REPRESENTATION_CONTEXT('2D SPACE',''
  ) );
#1217 = ORIENTED_EDGE('',*,*,#843,.T.);
#1218 = ADVANCED_FACE('',(#1219),#883,.F.);
#1219 = FACE_BOUND('',#1220,.F.);
#1220 = EDGE_LOOP('',(#1221,#1256,#1257,#1258,#1277));
#1221 = ORIENTED_EDGE('',*,*,#1222,.F.);
#1222 = EDGE_CURVE('',#962,#938,#1223,.T.);
#1223 = SURFACE_CURVE('',#1224,(#1229,#1236),.PCURVE_S1.);
#1224 = ELLIPSE('',#1225,25.737686858133,16.161233846733);
#1225 = AXIS2_PLACEMENT_3D('',#1226,#1227,#1228);
#1226 = CARTESIAN_POINT('',(21.680955691265,-15.93401297992,
    -8.141702250024));
#1227 = DIRECTION('',(-2.164176313074E-03,9.625898549505E-04,
    -0.999997194877));
#1228 = DIRECTION('',(0.915165894093,0.403074248677,-1.592589635371E-03)
  );
#1229 = PCURVE('',#883,#1230);
#1230 = DEFINITIONAL_REPRESENTATION('',(#1231),#1235);
#1231 = ELLIPSE('',#1232,25.737686858133,16.161233846733);
#1232 = AXIS2_PLACEMENT_2D('',#1233,#1234);
#1233 = CARTESIAN_POINT('',(-21.67124765509,-16.09416436051));
#1234 = DIRECTION('',(-0.915167197573,0.403074435418));
#1235 = ( GEOMETRIC_REPRESENTATION_CONTEXT(2) 
PARAMETRIC_REPRESENTATION_CONTEXT() REPRESENTATION_CONTEXT('2D SPACE',''
  ) );
#1236 = PCURVE('',#1115,#1237);
#1237 = DEFINITIONAL_REPRESENTATION('',(#1238),#1255);
#1238 = B_SPLINE_CURVE_WITH_KNOTS('',8,(#1239,#1240,#1241,#1242,#1243,
    #1244,#1245,#1246,#1247,#1248,#1249,#1250,#1251,#1252,#1253,#1254),
  .UNSPECIFIED.,.F.,.F.,(9,7,9),(2.872363763446,4.101795188153,
    5.331226612861),.UNSPECIFIED.);
#1239 = CARTESIAN_POINT('',(2.603308152884,27.765808146877));
#1240 = CARTESIAN_POINT('',(2.756987080972,26.947003259264));
#1241 = CARTESIAN_POINT('',(2.910666009058,26.649381967498));
#1242 = CARTESIAN_POINT('',(3.064344937156,26.902411165967));
#1243 = CARTESIAN_POINT('',(3.21802386522,27.709300595685));
#1244 = CARTESIAN_POINT('',(3.371702793334,29.04476885272));
#1245 = CARTESIAN_POINT('',(3.525381721411,30.856139216317));
#1246 = CARTESIAN_POINT('',(3.679060649503,33.068265964949));
#1247 = CARTESIAN_POINT('',(3.986418505679,38.112498727706));
#1248 = CARTESIAN_POINT('',(4.140097433768,40.944604919421));
#1249 = CARTESIAN_POINT('',(4.293776361854,43.995933489495));
#1250 = CARTESIAN_POINT('',(4.447455289944,47.160105024159));
#1251 = CARTESIAN_POINT('',(4.601134218034,50.321961206506));
#1252 = CARTESIAN_POINT('',(4.754813146121,53.366462934565));
#1253 = CARTESIAN_POINT('',(4.90849207421,56.187574534639));
#1254 = CARTESIAN_POINT('',(5.062171002298,58.6950551258));
#1255 = ( GEOMETRIC_REPRESENTATION_CONTEXT(2) 
PARAMETRIC_REPRESENTATION_CONTEXT() REPRESENTATION_CONTEXT('2D SPACE',''
  ) );
#1256 = ORIENTED_EDGE('',*,*,#1196,.T.);
#1257 = ORIENTED_EDGE('',*,*,#866,.T.);
#1258 = ORIENTED_EDGE('',*,*,#1259,.T.);
#1259 = EDGE_CURVE('',#867,#896,#1260,.T.);
#1260 = SURFACE_CURVE('',#1261,(#1265,#1271),.PCURVE_S1.);
#1261 = LINE('',#1262,#1263);
#1262 = CARTESIAN_POINT('',(-1.788309830875E-02,3.115492183368,
    -8.076405093516));
#1263 = VECTOR('',#1264,1.);
#1264 = DIRECTION('',(0.999986940952,4.631807567284E-03,
    -2.159695578228E-03));
#1265 = PCURVE('',#883,#1266);
#1266 = DEFINITIONAL_REPRESENTATION('',(#1267),#1270);
#1267 = B_SPLINE_CURVE_WITH_KNOTS('',1,(#1268,#1269),.UNSPECIFIED.,.F.,
  .F.,(2,2),(-24.99648430015,25.001377582434),.PIECEWISE_BEZIER_KNOTS.);
#1268 = CARTESIAN_POINT('',(25.02389779967,2.839570669442));
#1269 = CARTESIAN_POINT('',(-24.97342776144,3.071151251747));
#1270 = ( GEOMETRIC_REPRESENTATION_CONTEXT(2) 
PARAMETRIC_REPRESENTATION_CONTEXT() REPRESENTATION_CONTEXT('2D SPACE',''
  ) );
#1271 = PCURVE('',#925,#1272);
#1272 = DEFINITIONAL_REPRESENTATION('',(#1273),#1276);
#1273 = B_SPLINE_CURVE_WITH_KNOTS('',1,(#1274,#1275),.UNSPECIFIED.,.F.,
  .F.,(2,2),(-24.99648430015,25.001377582434),.PIECEWISE_BEZIER_KNOTS.);
#1274 = CARTESIAN_POINT('',(6.109106138225,25.01403925465));
#1275 = CARTESIAN_POINT('',(6.364623714109,-24.98316970343));
#1276 = ( GEOMETRIC_REPRESENTATION_CONTEXT(2) 
PARAMETRIC_REPRESENTATION_CONTEXT() REPRESENTATION_CONTEXT('2D SPACE',''
  ) );
#1277 = ORIENTED_EDGE('',*,*,#937,.T.);
#1278 = ADVANCED_FACE('',(#1279,#1361,#1593),#1115,.T.);
#1279 = FACE_BOUND('',#1280,.T.);
#1280 = EDGE_LOOP('',(#1281,#1310,#1333,#1360));
#1281 = ORIENTED_EDGE('',*,*,#1282,.F.);
#1282 = EDGE_CURVE('',#1283,#1283,#1285,.T.);
#1283 = VERTEX_POINT('',#1284);
#1284 = CARTESIAN_POINT('',(50.621497498793,-7.87408235068,
    -12.17323810888));
#1285 = SURFACE_CURVE('',#1286,(#1291,#1298),.PCURVE_S1.);
#1286 = CIRCLE('',#1287,16.161233846733);
#1287 = AXIS2_PLACEMENT_3D('',#1288,#1289,#1290);
#1288 = CARTESIAN_POINT('',(39.910705381295,-7.87408235068,
    -24.2754863159));
#1289 = DIRECTION('',(0.710893717079,0.314307883643,-0.62915870597));
#1290 = DIRECTION('',(0.662745940011,2.775557561563E-17,0.748844322272)
  );
#1291 = PCURVE('',#1115,#1292);
#1292 = DEFINITIONAL_REPRESENTATION('',(#1293),#1297);
#1293 = LINE('',#1294,#1295);
#1294 = CARTESIAN_POINT('',(0.,72.718692309103));
#1295 = VECTOR('',#1296,1.);
#1296 = DIRECTION('',(1.,0.));
#1297 = ( GEOMETRIC_REPRESENTATION_CONTEXT(2) 
PARAMETRIC_REPRESENTATION_CONTEXT() REPRESENTATION_CONTEXT('2D SPACE',''
  ) );
#1298 = PCURVE('',#1299,#1304);
#1299 = PLANE('',#1300);
#1300 = AXIS2_PLACEMENT_3D('',#1301,#1302,#1303);
#1301 = CARTESIAN_POINT('',(39.910705381295,-7.87408235068,
    -24.2754863159));
#1302 = DIRECTION('',(0.710893717079,0.314307883643,-0.62915870597));
#1303 = DIRECTION('',(0.662745940011,2.775557561563E-17,0.748844322272)
  );
#1304 = DEFINITIONAL_REPRESENTATION('',(#1305),#1309);
#1305 = CIRCLE('',#1306,16.161233846733);
#1306 = AXIS2_PLACEMENT_2D('',#1307,#1308);
#1307 = CARTESIAN_POINT('',(0.,0.));
#1308 = DIRECTION('',(1.,0.));
#1309 = ( GEOMETRIC_REPRESENTATION_CONTEXT(2) 
PARAMETRIC_REPRESENTATION_CONTEXT() REPRESENTATION_CONTEXT('2D SPACE',''
  ) );
#1310 = ORIENTED_EDGE('',*,*,#1311,.F.);
#1311 = EDGE_CURVE('',#1312,#1283,#1314,.T.);
#1312 = VERTEX_POINT('',#1313);
#1313 = CARTESIAN_POINT('',(-1.073763977916,-30.73014063164,
    33.578360244157));
#1314 = SEAM_CURVE('',#1315,(#1319,#1326),.PCURVE_S1.);
#1315 = LINE('',#1316,#1317);
#1316 = CARTESIAN_POINT('',(-1.073763977916,-30.73014063164,
    33.578360244157));
#1317 = VECTOR('',#1318,1.);
#1318 = DIRECTION('',(0.710893717079,0.314307883643,-0.62915870597));
#1319 = PCURVE('',#1115,#1320);
#1320 = DEFINITIONAL_REPRESENTATION('',(#1321),#1325);
#1321 = LINE('',#1322,#1323);
#1322 = CARTESIAN_POINT('',(6.28318530718,-0.));
#1323 = VECTOR('',#1324,1.);
#1324 = DIRECTION('',(0.,1.));
#1325 = ( GEOMETRIC_REPRESENTATION_CONTEXT(2) 
PARAMETRIC_REPRESENTATION_CONTEXT() REPRESENTATION_CONTEXT('2D SPACE',''
  ) );
#1326 = PCURVE('',#1115,#1327);
#1327 = DEFINITIONAL_REPRESENTATION('',(#1328),#1332);
#1328 = LINE('',#1329,#1330);
#1329 = CARTESIAN_POINT('',(0.,-0.));
#1330 = VECTOR('',#1331,1.);
#1331 = DIRECTION('',(0.,1.));
#1332 = ( GEOMETRIC_REPRESENTATION_CONTEXT(2) 
PARAMETRIC_REPRESENTATION_CONTEXT() REPRESENTATION_CONTEXT('2D SPACE',''
  ) );
#1333 = ORIENTED_EDGE('',*,*,#1334,.T.);
#1334 = EDGE_CURVE('',#1312,#1312,#1335,.T.);
#1335 = SURFACE_CURVE('',#1336,(#1341,#1348),.PCURVE_S1.);
#1336 = CIRCLE('',#1337,16.161233846733);
#1337 = AXIS2_PLACEMENT_3D('',#1338,#1339,#1340);
#1338 = CARTESIAN_POINT('',(-11.78455609541,-30.73014063164,
    21.476112037129));
#1339 = DIRECTION('',(0.710893717079,0.314307883643,-0.62915870597));
#1340 = DIRECTION('',(0.662745940011,2.775557561563E-17,0.748844322272)
  );
#1341 = PCURVE('',#1115,#1342);
#1342 = DEFINITIONAL_REPRESENTATION('',(#1343),#1347);
#1343 = LINE('',#1344,#1345);
#1344 = CARTESIAN_POINT('',(0.,0.));
#1345 = VECTOR('',#1346,1.);
#1346 = DIRECTION('',(1.,0.));
#1347 = ( GEOMETRIC_REPRESENTATION_CONTEXT(2) 
PARAMETRIC_REPRESENTATION_CONTEXT() REPRESENTATION_CONTEXT('2D SPACE',''
  ) );
#1348 = PCURVE('',#1349,#1354);
#1349 = PLANE('',#1350);
#1350 = AXIS2_PLACEMENT_3D('',#1351,#1352,#1353);
#1351 = CARTESIAN_POINT('',(-11.78455609541,-30.73014063164,
    21.476112037129));
#1352 = DIRECTION('',(0.710893717079,0.314307883643,-0.62915870597));
#1353 = DIRECTION('',(0.662745940011,2.775557561563E-17,0.748844322272)
  );
#1354 = DEFINITIONAL_REPRESENTATION('',(#1355),#1359);
#1355 = CIRCLE('',#1356,16.161233846733);
#1356 = AXIS2_PLACEMENT_2D('',#1357,#1358);
#1357 = CARTESIAN_POINT('',(0.,0.));
#1358 = DIRECTION('',(1.,0.));
#1359 = ( GEOMETRIC_REPRESENTATION_CONTEXT(2) 
PARAMETRIC_REPRESENTATION_CONTEXT() REPRESENTATION_CONTEXT('2D SPACE',''
  ) );
#1360 = ORIENTED_EDGE('',*,*,#1311,.T.);
#1361 = FACE_BOUND('',#1362,.T.);
#1362 = EDGE_LOOP('',(#1363,#1426,#1470,#1553));
#1363 = ORIENTED_EDGE('',*,*,#1364,.F.);
#1364 = EDGE_CURVE('',#1365,#1367,#1369,.T.);
#1365 = VERTEX_POINT('',#1366);
#1366 = CARTESIAN_POINT('',(-19.41061868408,-28.51144088784,
    6.671414452364));
#1367 = VERTEX_POINT('',#1368);
#1368 = CARTESIAN_POINT('',(-19.63609346079,-18.8049859495,
    13.182437507314));
#1369 = SURFACE_CURVE('',#1370,(#1385,#1403),.PCURVE_S1.);
#1370 = B_SPLINE_CURVE_WITH_KNOTS('',7,(#1371,#1372,#1373,#1374,#1375,
    #1376,#1377,#1378,#1379,#1380,#1381,#1382,#1383,#1384),
  .UNSPECIFIED.,.F.,.F.,(8,6,8),(0.,0.838673625048,1.),.UNSPECIFIED.);
#1371 = CARTESIAN_POINT('',(-19.41061868408,-28.51144088784,
    6.671414452364));
#1372 = CARTESIAN_POINT('',(-19.93578418296,-27.18896196237,
    7.23742005955));
#1373 = CARTESIAN_POINT('',(-20.29732660048,-25.87730470242,
    7.873155916396));
#1374 = CARTESIAN_POINT('',(-20.50760715001,-24.59964427693,
    8.57461975947));
#1375 = CARTESIAN_POINT('',(-20.58098046468,-23.37337252663,
    9.336293103599));
#1376 = CARTESIAN_POINT('',(-20.52999278296,-22.21085848833,
    10.152208709093));
#1377 = CARTESIAN_POINT('',(-20.36482997299,-21.12026854874,
    11.016674061473));
#1378 = CARTESIAN_POINT('',(-20.03719280312,-19.91215467861,
    12.100525996947));
#1379 = CARTESIAN_POINT('',(-19.9802864673,-19.72014028353,
    12.277006959149));
#1380 = CARTESIAN_POINT('',(-19.91936709611,-19.53105974216,
    12.455076741709));
#1381 = CARTESIAN_POINT('',(-19.85446592846,-19.34495941483,
    12.634695913234));
#1382 = CARTESIAN_POINT('',(-19.78560830602,-19.16188447545,
    12.81582384709));
#1383 = CARTESIAN_POINT('',(-19.71281332046,-18.98187898241,
    12.998418719446));
#1384 = CARTESIAN_POINT('',(-19.63609346079,-18.8049859495,
    13.182437507314));
#1385 = PCURVE('',#1115,#1386);
#1386 = DEFINITIONAL_REPRESENTATION('',(#1387),#1402);
#1387 = B_SPLINE_CURVE_WITH_KNOTS('',7,(#1388,#1389,#1390,#1391,#1392,
    #1393,#1394,#1395,#1396,#1397,#1398,#1399,#1400,#1401),
  .UNSPECIFIED.,.F.,.F.,(8,6,8),(0.,0.838673625048,1.),.UNSPECIFIED.);
#1388 = CARTESIAN_POINT('',(3.192184363468,4.590539215288));
#1389 = CARTESIAN_POINT('',(3.284930033129,4.276760558547));
#1390 = CARTESIAN_POINT('',(3.376061036484,4.032027793884));
#1391 = CARTESIAN_POINT('',(3.465615812003,3.842787332956));
#1392 = CARTESIAN_POINT('',(3.553761584059,3.696840167604));
#1393 = CARTESIAN_POINT('',(3.640735647028,3.585133910732));
#1394 = CARTESIAN_POINT('',(3.726867608564,3.50144222801));
#1395 = CARTESIAN_POINT('',(3.829231938082,3.432162266084));
#1396 = CARTESIAN_POINT('',(3.845733629299,3.421933727021));
#1397 = CARTESIAN_POINT('',(3.862226105492,3.412636276082));
#1398 = CARTESIAN_POINT('',(3.878712564878,3.404257942896));
#1399 = CARTESIAN_POINT('',(3.895196274998,3.396792074327));
#1400 = CARTESIAN_POINT('',(3.911680603789,3.390237564151));
#1401 = CARTESIAN_POINT('',(3.928169050654,3.384599082722));
#1402 = ( GEOMETRIC_REPRESENTATION_CONTEXT(2) 
PARAMETRIC_REPRESENTATION_CONTEXT() REPRESENTATION_CONTEXT('2D SPACE',''
  ) );
#1403 = PCURVE('',#1404,#1409);
#1404 = CONICAL_SURFACE('',#1405,34.614211582919,0.436339553001);
#1405 = AXIS2_PLACEMENT_3D('',#1406,#1407,#1408);
#1406 = CARTESIAN_POINT('',(-1.713510291296E-06,-2.537019756032,
    -5.440605989983));
#1407 = DIRECTION('',(1.297434721037E-07,-0.422616878339,-0.906308432126
    ));
#1408 = DIRECTION('',(0.,0.906308432126,-0.422616878339));
#1409 = DEFINITIONAL_REPRESENTATION('',(#1410),#1425);
#1410 = B_SPLINE_CURVE_WITH_KNOTS('',7,(#1411,#1412,#1413,#1414,#1415,
    #1416,#1417,#1418,#1419,#1420,#1421,#1422,#1423,#1424),
  .UNSPECIFIED.,.F.,.F.,(8,6,8),(0.,0.838673625048,1.),.UNSPECIFIED.);
#1411 = CARTESIAN_POINT('',(-8.82946227642,-2.188617976573E-15));
#1412 = CARTESIAN_POINT('',(-8.801357976534,-1.071877637713));
#1413 = CARTESIAN_POINT('',(-8.776856881669,-2.202378948934));
#1414 = CARTESIAN_POINT('',(-8.75606544356,-3.378082432623));
#1415 = CARTESIAN_POINT('',(-8.73907390395,-4.586636555563));
#1416 = CARTESIAN_POINT('',(-8.726012212219,-5.817405795998));
#1417 = CARTESIAN_POINT('',(-8.71703339782,-7.061779728529));
#1418 = CARTESIAN_POINT('',(-8.711558219003,-8.55465314679));
#1419 = CARTESIAN_POINT('',(-8.710837360124,-8.795747847808));
#1420 = CARTESIAN_POINT('',(-8.710281079075,-9.037042613492));
#1421 = CARTESIAN_POINT('',(-8.709891692272,-9.27848211419));
#1422 = CARTESIAN_POINT('',(-8.709671699269,-9.520010438387));
#1423 = CARTESIAN_POINT('',(-8.709623795443,-9.761571060971));
#1424 = CARTESIAN_POINT('',(-8.709750884681,-10.0031068115));
#1425 = ( GEOMETRIC_REPRESENTATION_CONTEXT(2) 
PARAMETRIC_REPRESENTATION_CONTEXT() REPRESENTATION_CONTEXT('2D SPACE',''
  ) );
#1426 = ORIENTED_EDGE('',*,*,#1427,.F.);
#1427 = EDGE_CURVE('',#1428,#1365,#1430,.T.);
#1428 = VERTEX_POINT('',#1429);
#1429 = CARTESIAN_POINT('',(34.398765185743,0.957677279175,
    -7.070198561773));
#1430 = SURFACE_CURVE('',#1431,(#1436,#1463),.PCURVE_S1.);
#1431 = ELLIPSE('',#1432,36.950088164405,16.161233846733);
#1432 = AXIS2_PLACEMENT_3D('',#1433,#1434,#1435);
#1433 = CARTESIAN_POINT('',(8.499690395111,-21.76185404735,
    3.524046957689));
#1434 = DIRECTION('',(-1.297434721326E-07,0.422616878339,0.906308432126)
  );
#1435 = DIRECTION('',(0.790517132182,0.555059513018,-0.258827357006));
#1436 = PCURVE('',#1115,#1437);
#1437 = DEFINITIONAL_REPRESENTATION('',(#1438),#1462);
#1438 = B_SPLINE_CURVE_WITH_KNOTS('',8,(#1439,#1440,#1441,#1442,#1443,
    #1444,#1445,#1446,#1447,#1448,#1449,#1450,#1451,#1452,#1453,#1454,
    #1455,#1456,#1457,#1458,#1459,#1460,#1461),.UNSPECIFIED.,.F.,.F.,(9,
    7,7,9),(0.247246517093,0.944028165172,1.773842307775,2.375400823677)
  ,.UNSPECIFIED.);
#1439 = CARTESIAN_POINT('',(5.320338670051,60.751323774542));
#1440 = CARTESIAN_POINT('',(5.233240964041,60.043032527407));
#1441 = CARTESIAN_POINT('',(5.146143258031,59.05542107525));
#1442 = CARTESIAN_POINT('',(5.059045552022,57.79667698995));
#1443 = CARTESIAN_POINT('',(4.971947846012,56.27950823812));
#1444 = CARTESIAN_POINT('',(4.884850140002,54.520944467084));
#1445 = CARTESIAN_POINT('',(4.797752433992,52.541955356988));
#1446 = CARTESIAN_POINT('',(4.710654727982,50.36690182364));
#1447 = CARTESIAN_POINT('',(4.519830254147,45.231328334011));
#1448 = CARTESIAN_POINT('',(4.416103486321,42.200128796701));
#1449 = CARTESIAN_POINT('',(4.312376718496,38.975049664295));
#1450 = CARTESIAN_POINT('',(4.20864995067,35.607358031521));
#1451 = CARTESIAN_POINT('',(4.104923182845,32.152249205539));
#1452 = CARTESIAN_POINT('',(4.00119641502,28.666946628568));
#1453 = CARTESIAN_POINT('',(3.897469647194,25.208689509916));
#1454 = CARTESIAN_POINT('',(3.718548064881,19.385554098454));
#1455 = CARTESIAN_POINT('',(3.643353250394,16.981582711775));
#1456 = CARTESIAN_POINT('',(3.568158435906,14.641996294621));
#1457 = CARTESIAN_POINT('',(3.492963621418,12.387358806156));
#1458 = CARTESIAN_POINT('',(3.417768806931,10.237329496815));
#1459 = CARTESIAN_POINT('',(3.342573992443,8.210298330473));
#1460 = CARTESIAN_POINT('',(3.267379177955,6.323059092362));
#1461 = CARTESIAN_POINT('',(3.192184363468,4.590539205482));
#1462 = ( GEOMETRIC_REPRESENTATION_CONTEXT(2) 
PARAMETRIC_REPRESENTATION_CONTEXT() REPRESENTATION_CONTEXT('2D SPACE',''
  ) );
#1463 = PCURVE('',#925,#1464);
#1464 = DEFINITIONAL_REPRESENTATION('',(#1465),#1469);
#1465 = ELLIPSE('',#1466,36.950088164405,16.161233846733);
#1466 = AXIS2_PLACEMENT_2D('',#1467,#1468);
#1467 = CARTESIAN_POINT('',(-21.21224306859,-8.499692108621));
#1468 = DIRECTION('',(0.612439926627,-0.790517132182));
#1469 = ( GEOMETRIC_REPRESENTATION_CONTEXT(2) 
PARAMETRIC_REPRESENTATION_CONTEXT() REPRESENTATION_CONTEXT('2D SPACE',''
  ) );
#1470 = ORIENTED_EDGE('',*,*,#1471,.F.);
#1471 = EDGE_CURVE('',#1472,#1428,#1474,.T.);
#1472 = VERTEX_POINT('',#1473);
#1473 = CARTESIAN_POINT('',(22.75500507506,-15.95785520568,
    11.854809997128));
#1474 = SURFACE_CURVE('',#1475,(#1499,#1526),.PCURVE_S1.);
#1475 = B_SPLINE_CURVE_WITH_KNOTS('',8,(#1476,#1477,#1478,#1479,#1480,
    #1481,#1482,#1483,#1484,#1485,#1486,#1487,#1488,#1489,#1490,#1491,
    #1492,#1493,#1494,#1495,#1496,#1497,#1498),.UNSPECIFIED.,.F.,.F.,(9,
    7,7,9),(0.,0.403575974371,0.567459103668,1.),.UNSPECIFIED.);
#1476 = CARTESIAN_POINT('',(22.75500507506,-15.95785520568,
    11.854809997127));
#1477 = CARTESIAN_POINT('',(23.729108260623,-15.57747901941,
    11.007498491686));
#1478 = CARTESIAN_POINT('',(24.680097759533,-15.11929869978,
    10.154565464103));
#1479 = CARTESIAN_POINT('',(25.602038911779,-14.57699326287,
    9.299802956829));
#1480 = CARTESIAN_POINT('',(26.488659683832,-13.94658833923,
    8.445275208624));
#1481 = CARTESIAN_POINT('',(27.33319102605,-13.22818771397,
    7.590392114231));
#1482 = CARTESIAN_POINT('',(28.129140859363,-12.42977336305,
    6.731003147581));
#1483 = CARTESIAN_POINT('',(28.871577651782,-11.56394214634,5.8622204567
    ));
#1484 = CARTESIAN_POINT('',(29.835965061344,-10.27301977502,
    4.621236754431));
#1485 = CARTESIAN_POINT('',(30.105243167778,-9.891460661067,
    4.260448204764));
#1486 = CARTESIAN_POINT('',(30.365129240089,-9.502085007079,
    3.896893403326));
#1487 = CARTESIAN_POINT('',(30.615521449359,-9.105859903626,
    3.530192641139));
#1488 = CARTESIAN_POINT('',(30.856369981404,-8.703772491433,
    3.159976282444));
#1489 = CARTESIAN_POINT('',(31.087676186208,-8.296809975961,
    2.785895084501));
#1490 = CARTESIAN_POINT('',(31.309490492026,-7.885944642658,
    2.407626906355));
#1491 = CARTESIAN_POINT('',(32.082550857587,-6.379916228097,
    1.014685686429));
#1492 = CARTESIAN_POINT('',(32.577833504229,-5.266942762571,
    -2.687308475214E-02));
#1493 = CARTESIAN_POINT('',(33.0092987357,-4.150979760393,
    -1.104841419907));
#1494 = CARTESIAN_POINT('',(33.380675887828,-3.049007379127,
    -2.222400811926));
#1495 = CARTESIAN_POINT('',(33.69765555317,-1.97585341406,
    -3.380301819132));
#1496 = CARTESIAN_POINT('',(33.967518154229,-0.944141387951,
    -4.577011394651));
#1497 = CARTESIAN_POINT('',(34.198455919471,3.614822944635E-02,
    -5.808814678256));
#1498 = CARTESIAN_POINT('',(34.398765185743,0.957677279175,
    -7.070198561773));
#1499 = PCURVE('',#1115,#1500);
#1500 = DEFINITIONAL_REPRESENTATION('',(#1501),#1525);
#1501 = B_SPLINE_CURVE_WITH_KNOTS('',8,(#1502,#1503,#1504,#1505,#1506,
    #1507,#1508,#1509,#1510,#1511,#1512,#1513,#1514,#1515,#1516,#1517,
    #1518,#1519,#1520,#1521,#1522,#1523,#1524),.UNSPECIFIED.,.F.,.F.,(9,
    7,7,9),(0.,0.403575974371,0.567459103668,1.),.UNSPECIFIED.);
#1502 = CARTESIAN_POINT('',(6.040100896538,35.250328736781));
#1503 = CARTESIAN_POINT('',(6.042948868514,36.595461215595));
#1504 = CARTESIAN_POINT('',(6.040813605324,37.952153601885));
#1505 = CARTESIAN_POINT('',(6.033187747433,39.315787921678));
#1506 = CARTESIAN_POINT('',(6.019689090465,40.681855867635));
#1507 = CARTESIAN_POINT('',(6.000167684392,42.045884014245));
#1508 = CARTESIAN_POINT('',(5.974923508568,43.403359724948));
#1509 = CARTESIAN_POINT('',(5.944484484311,44.749893146887));
#1510 = CARTESIAN_POINT('',(5.895301187912,46.621992875902));
#1511 = CARTESIAN_POINT('',(5.880343770317,47.160341284542));
#1512 = CARTESIAN_POINT('',(5.86467299127,47.696210166673));
#1513 = CARTESIAN_POINT('',(5.848330644572,48.229462065777));
#1514 = CARTESIAN_POINT('',(5.831359030199,48.759983862706));
#1515 = CARTESIAN_POINT('',(5.813799865226,49.287685959809));
#1516 = CARTESIAN_POINT('',(5.795693554639,49.812501287018));
#1517 = CARTESIAN_POINT('',(5.727948486596,51.711802742926));
#1518 = CARTESIAN_POINT('',(5.675268444046,53.069018167767));
#1519 = CARTESIAN_POINT('',(5.619765200403,54.404713222234));
#1520 = CARTESIAN_POINT('',(5.562106466174,55.718203734235));
#1521 = CARTESIAN_POINT('',(5.502854934104,57.009346837718));
#1522 = CARTESIAN_POINT('',(5.442513980628,58.278385936679));
#1523 = CARTESIAN_POINT('',(5.381537069709,59.525670657954));
#1524 = CARTESIAN_POINT('',(5.320338670051,60.751323754041));
#1525 = ( GEOMETRIC_REPRESENTATION_CONTEXT(2) 
PARAMETRIC_REPRESENTATION_CONTEXT() REPRESENTATION_CONTEXT('2D SPACE',''
  ) );
#1526 = PCURVE('',#1404,#1527);
#1527 = DEFINITIONAL_REPRESENTATION('',(#1528),#1552);
#1528 = B_SPLINE_CURVE_WITH_KNOTS('',8,(#1529,#1530,#1531,#1532,#1533,
    #1534,#1535,#1536,#1537,#1538,#1539,#1540,#1541,#1542,#1543,#1544,
    #1545,#1546,#1547,#1548,#1549,#1550,#1551),.UNSPECIFIED.,.F.,.F.,(9,
    7,7,9),(0.,0.403575974371,0.567459103668,1.),.UNSPECIFIED.);
#1529 = CARTESIAN_POINT('',(-4.004562323946,-10.0031068115));
#1530 = CARTESIAN_POINT('',(-4.043539053085,-9.395934519536));
#1531 = CARTESIAN_POINT('',(-4.083020842206,-8.816548737613));
#1532 = CARTESIAN_POINT('',(-4.12312243112,-8.271057581046));
#1533 = CARTESIAN_POINT('',(-4.163949032926,-7.763011523241));
#1534 = CARTESIAN_POINT('',(-4.205560690296,-7.291831886389));
#1535 = CARTESIAN_POINT('',(-4.247887248113,-6.85038369677));
#1536 = CARTESIAN_POINT('',(-4.290757574755,-6.428913407989));
#1537 = CARTESIAN_POINT('',(-4.351460415765,-5.849764872115));
#1538 = CARTESIAN_POINT('',(-4.369046803393,-5.684032454041));
#1539 = CARTESIAN_POINT('',(-4.386676181233,-5.519096361628));
#1540 = CARTESIAN_POINT('',(-4.404335036667,-5.354203752645));
#1541 = CARTESIAN_POINT('',(-4.42200898185,-5.188602440761));
#1542 = CARTESIAN_POINT('',(-4.439683030163,-5.021558694645));
#1543 = CARTESIAN_POINT('',(-4.457341828092,-4.852369650985));
#1544 = CARTESIAN_POINT('',(-4.521495907812,-4.226408204862));
#1545 = CARTESIAN_POINT('',(-4.567815114393,-3.7527960154));
#1546 = CARTESIAN_POINT('',(-4.613626023436,-3.247448968026));
#1547 = CARTESIAN_POINT('',(-4.658603167001,-2.700307547241));
#1548 = CARTESIAN_POINT('',(-4.702422930288,-2.104425038409));
#1549 = CARTESIAN_POINT('',(-4.744773772346,-1.455855940116));
#1550 = CARTESIAN_POINT('',(-4.785380547556,-0.753749145474));
#1551 = CARTESIAN_POINT('',(-4.824019047129,0.));
#1552 = ( GEOMETRIC_REPRESENTATION_CONTEXT(2) 
PARAMETRIC_REPRESENTATION_CONTEXT() REPRESENTATION_CONTEXT('2D SPACE',''
  ) );
#1553 = ORIENTED_EDGE('',*,*,#1554,.T.);
#1554 = EDGE_CURVE('',#1472,#1367,#1555,.T.);
#1555 = SURFACE_CURVE('',#1556,(#1561,#1581),.PCURVE_S1.);
#1556 = ELLIPSE('',#1557,36.950088164405,16.161233846733);
#1557 = AXIS2_PLACEMENT_3D('',#1558,#1559,#1560);
#1558 = CARTESIAN_POINT('',(-7.758812275199,-28.95023599917,
    17.913228146548));
#1559 = DIRECTION('',(-1.297434721326E-07,0.422616878339,0.906308432126)
  );
#1560 = DIRECTION('',(0.790517132182,0.555059513018,-0.258827357006));
#1561 = PCURVE('',#1115,#1562);
#1562 = DEFINITIONAL_REPRESENTATION('',(#1563),#1580);
#1563 = B_SPLINE_CURVE_WITH_KNOTS('',8,(#1564,#1565,#1566,#1567,#1568,
    #1569,#1570,#1571,#1572,#1573,#1574,#1575,#1576,#1577,#1578,#1579),
  .UNSPECIFIED.,.F.,.F.,(9,7,9),(5.567585187144,6.796444304936,
    8.025303422727),.UNSPECIFIED.);
#1564 = CARTESIAN_POINT('',(6.28318530718,30.740361101063));
#1565 = CARTESIAN_POINT('',(6.129577917456,34.089023895944));
#1566 = CARTESIAN_POINT('',(5.975970527724,36.76144937778));
#1567 = CARTESIAN_POINT('',(5.822363138024,38.637237273768));
#1568 = CARTESIAN_POINT('',(5.668755748247,39.630028595973));
#1569 = CARTESIAN_POINT('',(5.515148358569,39.696587701968));
#1570 = CARTESIAN_POINT('',(5.361540968828,38.841637881633));
#1571 = CARTESIAN_POINT('',(5.207933579112,37.115997968205));
#1572 = CARTESIAN_POINT('',(4.900718799664,32.103558200714));
#1573 = CARTESIAN_POINT('',(4.747111409933,28.816758156421));
#1574 = CARTESIAN_POINT('',(4.593504020229,24.839490014994));
#1575 = CARTESIAN_POINT('',(4.439896630462,20.301147815771));
#1576 = CARTESIAN_POINT('',(4.286289240783,15.363643261131));
#1577 = CARTESIAN_POINT('',(4.132681851038,10.209556086931));
#1578 = CARTESIAN_POINT('',(3.97907446132,5.027397498242));
#1579 = CARTESIAN_POINT('',(3.825467071596,-2.000399999982E-03));
#1580 = ( GEOMETRIC_REPRESENTATION_CONTEXT(2) 
PARAMETRIC_REPRESENTATION_CONTEXT() REPRESENTATION_CONTEXT('2D SPACE',''
  ) );
#1581 = PCURVE('',#1582,#1587);
#1582 = PLANE('',#1583);
#1583 = AXIS2_PLACEMENT_3D('',#1584,#1585,#1586);
#1584 = CARTESIAN_POINT('',(-3.011348100845E-06,1.690462018335,
    3.625294060742));
#1585 = DIRECTION('',(-1.297434721037E-07,0.422616878339,0.906308432126)
  );
#1586 = DIRECTION('',(0.,0.906308432126,-0.422616878339));
#1587 = DEFINITIONAL_REPRESENTATION('',(#1588),#1592);
#1588 = ELLIPSE('',#1589,36.950088164405,16.161233846733);
#1589 = AXIS2_PLACEMENT_2D('',#1590,#1591);
#1590 = CARTESIAN_POINT('',(-33.80824508076,7.758809263851));
#1591 = DIRECTION('',(0.612439926627,-0.790517132182));
#1592 = ( GEOMETRIC_REPRESENTATION_CONTEXT(2) 
PARAMETRIC_REPRESENTATION_CONTEXT() REPRESENTATION_CONTEXT('2D SPACE',''
  ) );
#1593 = FACE_BOUND('',#1594,.T.);
#1594 = EDGE_LOOP('',(#1595,#1596));
#1595 = ORIENTED_EDGE('',*,*,#961,.F.);
#1596 = ORIENTED_EDGE('',*,*,#1222,.F.);
#1597 = ADVANCED_FACE('',(#1598,#1627),#925,.F.);
#1598 = FACE_BOUND('',#1599,.F.);
#1599 = EDGE_LOOP('',(#1600,#1601));
#1600 = ORIENTED_EDGE('',*,*,#1427,.F.);
#1601 = ORIENTED_EDGE('',*,*,#1602,.F.);
#1602 = EDGE_CURVE('',#1365,#1428,#1603,.T.);
#1603 = SURFACE_CURVE('',#1604,(#1609,#1620),.PCURVE_S1.);
#1604 = CIRCLE('',#1605,34.614211582919);
#1605 = AXIS2_PLACEMENT_3D('',#1606,#1607,#1608);
#1606 = CARTESIAN_POINT('',(-1.713510291296E-06,-2.537019756032,
    -5.440605989983));
#1607 = DIRECTION('',(1.297434721048E-07,-0.422616878339,-0.906308432126
    ));
#1608 = DIRECTION('',(-0.560770160085,-0.750397595207,0.349914670549));
#1609 = PCURVE('',#925,#1610);
#1610 = DEFINITIONAL_REPRESENTATION('',(#1611),#1619);
#1611 = ( BOUNDED_CURVE() B_SPLINE_CURVE(2,(#1612,#1613,#1614,#1615,
#1616,#1617,#1618),.UNSPECIFIED.,.T.,.F.) B_SPLINE_CURVE_WITH_KNOTS((1,2
    ,2,2,2,1),(-2.094395102393,0.,2.094395102393,4.188790204786,
6.28318530718,8.377580409573),.UNSPECIFIED.) CURVE() 
GEOMETRIC_REPRESENTATION_ITEM() RATIONAL_B_SPLINE_CURVE((1.,0.5,1.,0.5,
1.,0.5,1.)) REPRESENTATION_ITEM('') );
#1612 = CARTESIAN_POINT('',(-28.65958116108,19.410616970579));
#1613 = CARTESIAN_POINT('',(4.960593638221,69.050467665215));
#1614 = CARTESIAN_POINT('',(31.139877980191,15.114616862028));
#1615 = CARTESIAN_POINT('',(57.319162322162,-38.82123394115));
#1616 = CARTESIAN_POINT('',(-2.48029681911,-34.5252338326));
#1617 = CARTESIAN_POINT('',(-62.27975596038,-30.22923372405));
#1618 = CARTESIAN_POINT('',(-28.65958116108,19.410616970579));
#1619 = ( GEOMETRIC_REPRESENTATION_CONTEXT(2) 
PARAMETRIC_REPRESENTATION_CONTEXT() REPRESENTATION_CONTEXT('2D SPACE',''
  ) );
#1620 = PCURVE('',#1404,#1621);
#1621 = DEFINITIONAL_REPRESENTATION('',(#1622),#1626);
#1622 = LINE('',#1623,#1624);
#1623 = CARTESIAN_POINT('',(-8.82946227642,-0.));
#1624 = VECTOR('',#1625,1.);
#1625 = DIRECTION('',(1.,-0.));
#1626 = ( GEOMETRIC_REPRESENTATION_CONTEXT(2) 
PARAMETRIC_REPRESENTATION_CONTEXT() REPRESENTATION_CONTEXT('2D SPACE',''
  ) );
#1627 = FACE_BOUND('',#1628,.F.);
#1628 = EDGE_LOOP('',(#1629,#1630));
#1629 = ORIENTED_EDGE('',*,*,#895,.F.);
#1630 = ORIENTED_EDGE('',*,*,#1259,.F.);
#1631 = ADVANCED_FACE('',(#1632),#1299,.T.);
#1632 = FACE_BOUND('',#1633,.T.);
#1633 = EDGE_LOOP('',(#1634));
#1634 = ORIENTED_EDGE('',*,*,#1282,.T.);
#1635 = ADVANCED_FACE('',(#1636),#1349,.F.);
#1636 = FACE_BOUND('',#1637,.T.);
#1637 = EDGE_LOOP('',(#1638));
#1638 = ORIENTED_EDGE('',*,*,#1334,.F.);
#1639 = ADVANCED_FACE('',(#1640),#1404,.T.);
#1640 = FACE_BOUND('',#1641,.T.);
#1641 = EDGE_LOOP('',(#1642,#1668,#1669,#1670));
#1642 = ORIENTED_EDGE('',*,*,#1643,.T.);
#1643 = EDGE_CURVE('',#1367,#1472,#1644,.T.);
#1644 = SURFACE_CURVE('',#1645,(#1650,#1657),.PCURVE_S1.);
#1645 = CIRCLE('',#1646,29.9495981008);
#1646 = AXIS2_PLACEMENT_3D('',#1647,#1648,#1649);
#1647 = CARTESIAN_POINT('',(-3.011348100845E-06,1.690462018335,
    3.625294060742));
#1648 = DIRECTION('',(1.297434722713E-07,-0.422616878339,-0.906308432126
    ));
#1649 = DIRECTION('',(-0.655637861428,-0.684331318866,0.319107569137));
#1650 = PCURVE('',#1404,#1651);
#1651 = DEFINITIONAL_REPRESENTATION('',(#1652),#1656);
#1652 = LINE('',#1653,#1654);
#1653 = CARTESIAN_POINT('',(-8.709750884681,-10.0031068115));
#1654 = VECTOR('',#1655,1.);
#1655 = DIRECTION('',(1.,-0.));
#1656 = ( GEOMETRIC_REPRESENTATION_CONTEXT(2) 
PARAMETRIC_REPRESENTATION_CONTEXT() REPRESENTATION_CONTEXT('2D SPACE',''
  ) );
#1657 = PCURVE('',#1582,#1658);
#1658 = DEFINITIONAL_REPRESENTATION('',(#1659),#1667);
#1659 = ( BOUNDED_CURVE() B_SPLINE_CURVE(2,(#1660,#1661,#1662,#1663,
#1664,#1665,#1666),.UNSPECIFIED.,.T.,.F.) B_SPLINE_CURVE_WITH_KNOTS((1,2
    ,2,2,2,1),(-2.094395102393,0.,2.094395102393,4.188790204786,
6.28318530718,8.377580409573),.UNSPECIFIED.) CURVE() 
GEOMETRIC_REPRESENTATION_ITEM() RATIONAL_B_SPLINE_CURVE((1.,0.5,1.,0.5,
1.,0.5,1.)) REPRESENTATION_ITEM('') );
#1660 = CARTESIAN_POINT('',(-22.61420744268,19.636090449445));
#1661 = CARTESIAN_POINT('',(11.396498877775,58.805046713072));
#1662 = CARTESIAN_POINT('',(28.31245688157,9.766432907091));
#1663 = CARTESIAN_POINT('',(45.228414885364,-39.27218089889));
#1664 = CARTESIAN_POINT('',(-5.698249438888,-29.40252335653));
#1665 = CARTESIAN_POINT('',(-56.62491376313,-19.53286581418));
#1666 = CARTESIAN_POINT('',(-22.61420744268,19.636090449445));
#1667 = ( GEOMETRIC_REPRESENTATION_CONTEXT(2) 
PARAMETRIC_REPRESENTATION_CONTEXT() REPRESENTATION_CONTEXT('2D SPACE',''
  ) );
#1668 = ORIENTED_EDGE('',*,*,#1471,.T.);
#1669 = ORIENTED_EDGE('',*,*,#1602,.F.);
#1670 = ORIENTED_EDGE('',*,*,#1364,.T.);
#1671 = ADVANCED_FACE('',(#1672),#1582,.T.);
#1672 = FACE_BOUND('',#1673,.T.);
#1673 = EDGE_LOOP('',(#1674,#1675));
#1674 = ORIENTED_EDGE('',*,*,#1554,.F.);
#1675 = ORIENTED_EDGE('',*,*,#1643,.F.);
#1676 = ( GEOMETRIC_REPRESENTATION_CONTEXT(3) 
GLOBAL_UNCERTAINTY_ASSIGNED_CONTEXT((#1680)) 
GLOBAL_UNIT_ASSIGNED_CONTEXT((#1677,#1678,#1679)) REPRESENTATION_CONTEXT
('Context #1','3D Context with UNIT and UNCERTAINTY') );
#1677 = ( LENGTH_UNIT() NAMED_UNIT(*) SI_UNIT(.MILLI.,.METRE.) );
#1678 = ( NAMED_UNIT(*) PLANE_ANGLE_UNIT() SI_UNIT($,.RADIAN.) );
#1679 = ( NAMED_UNIT(*) SI_UNIT($,.STERADIAN.) SOLID_ANGLE_UNIT() );
#1680 = UNCERTAINTY_MEASURE_WITH_UNIT(LENGTH_MEASURE(1.E-04),#1677,
  'distance_accuracy_value','confusion accuracy');
#1681 = PRODUCT_TYPE('part',$,(#7));
ENDSEC;
END-ISO-10303-21;
