ISO-10303-21;
HEADER;
FILE_DESCRIPTION(('Open CASCADE Model'),'2;1');
FILE_NAME('Open CASCADE Shape Model','2026-09-07T09:15:50',('Author'),(
    'Open CASCADE'),'Open CASCADE STEP processor 7.8','Open CASCADE 7.8'
  ,'Unknown');
FILE_SCHEMA(('CONFIG_CONTROL_DESIGN'));
ENDSEC;
DATA;
#1 = APPLICATION_PROTOCOL_DEFINITION('committee draft',
  'automotive_design',1997,#2);
#2 = APPLICATION_CONTEXT(
  'core data for automotive mechanical design processes');
#3 = SHAPE_DEFINITION_REPRESENTATION(#4,#10);
#4 = PRODUCT_DEFINITION_SHAPE('','',#5);
#5 = PRODUCT_DEFINITION('design','',#6,#9);
#6 = PRODUCT_DEFINITION_FORMATION('','',#7);
#7 = PRODUCT('Product 3','Product 3','',(#8));
#8 = MECHANICAL_CONTEXT('',#2,'mechanical');
#9 = PRODUCT_DEFINITION_CONTEXT('part definition',#2,'design');
#10 = ADVANCED_BREP_SHAPE_REPRESENTATION('',(#11,#15),#2579);
#11 = AXIS2_PLACEMENT_3D('',#12,#13,#14);
#12 = CARTESIAN_POINT('',(0.,0.,0.));
#13 = DIRECTION('',(0.,0.,1.));
#14 = DIRECTION('',(1.,0.,-0.));
#15 = MANIFOLD_SOLID_BREP('',#16);
#16 = CLOSED_SHELL('',(#17,#601,#636,#1024,#1086,#1121,#1176,#1211,#1246
    ,#1325,#1380,#1436,#1515,#1554,#1614,#1693,#1728,#1784,#1863,#1918,
    #1974,#2009,#2048,#2103,#2158,#2213,#2248,#2283,#2338,#2397,#2432,
    #2467,#2522,#2572));
#17 = ADVANCED_FACE('',(#18,#109),#31,.F.);
#18 = FACE_BOUND('',#19,.F.);
#19 = EDGE_LOOP('',(#20,#54,#77,#108));
#20 = ORIENTED_EDGE('',*,*,#21,.F.);
#21 = EDGE_CURVE('',#22,#22,#24,.T.);
#22 = VERTEX_POINT('',#23);
#23 = CARTESIAN_POINT('',(1.252298056682E-02,-5.695011602451E-02,
    -16.03880428773));
#24 = SURFACE_CURVE('',#25,(#30,#42),.PCURVE_S1.);
#25 = CIRCLE('',#26,16.032055739578);
#26 = AXIS2_PLACEMENT_3D('',#27,#28,#29);
#27 = CARTESIAN_POINT('',(1.252298056682E-02,-6.386374444524E-02,
    -6.75003886561E-03));
#28 = DIRECTION('',(1.12154201282E-04,-0.999999900728,
    -4.312377956738E-04));
#29 = DIRECTION('',(-1.323488980085E-23,4.31237798386E-04,
    -0.999999907017));
#30 = PCURVE('',#31,#36);
#31 = CYLINDRICAL_SURFACE('',#32,16.032055739578);
#32 = AXIS2_PLACEMENT_3D('',#33,#34,#35);
#33 = CARTESIAN_POINT('',(5.669043200267E-03,61.04786107554,
    1.960364925178E-02));
#34 = DIRECTION('',(1.12154201282E-04,-0.999999900728,
    -4.312377956738E-04));
#35 = DIRECTION('',(-6.617444900424E-24,4.31237798386E-04,
    -0.999999907017));
#36 = DEFINITIONAL_REPRESENTATION('',(#37),#41);
#37 = LINE('',#38,#39);
#38 = CARTESIAN_POINT('',(0.,61.111730886687));
#39 = VECTOR('',#40,1.);
#40 = DIRECTION('',(1.,0.));
#41 = ( GEOMETRIC_REPRESENTATION_CONTEXT(2) 
PARAMETRIC_REPRESENTATION_CONTEXT() REPRESENTATION_CONTEXT('2D SPACE',''
  ) );
#42 = PCURVE('',#43,#48);
#43 = PLANE('',#44);
#44 = AXIS2_PLACEMENT_3D('',#45,#46,#47);
#45 = CARTESIAN_POINT('',(1.252298056682E-02,-6.386374444525E-02,
    -6.75003886561E-03));
#46 = DIRECTION('',(1.12154201282E-04,-0.999999900728,
    -4.312377956738E-04));
#47 = DIRECTION('',(-6.617444900424E-24,4.31237798386E-04,
    -0.999999907017));
#48 = DEFINITIONAL_REPRESENTATION('',(#49),#53);
#49 = CIRCLE('',#50,16.032055739578);
#50 = AXIS2_PLACEMENT_2D('',#51,#52);
#51 = CARTESIAN_POINT('',(-2.140041093747E-18,2.531627172727E-18));
#52 = DIRECTION('',(1.,-6.617444900424E-24));
#53 = ( GEOMETRIC_REPRESENTATION_CONTEXT(2) 
PARAMETRIC_REPRESENTATION_CONTEXT() REPRESENTATION_CONTEXT('2D SPACE',''
  ) );
#54 = ORIENTED_EDGE('',*,*,#55,.F.);
#55 = EDGE_CURVE('',#56,#22,#58,.T.);
#56 = VERTEX_POINT('',#57);
#57 = CARTESIAN_POINT('',(5.898720288703E-03,59.006906117551,
    -16.01333371804));
#58 = SEAM_CURVE('',#59,(#63,#70),.PCURVE_S1.);
#59 = LINE('',#60,#61);
#60 = CARTESIAN_POINT('',(5.898720288703E-03,59.006906117551,
    -16.01333371804));
#61 = VECTOR('',#62,1.);
#62 = DIRECTION('',(1.12154201282E-04,-0.999999900728,
    -4.312377956738E-04));
#63 = PCURVE('',#31,#64);
#64 = DEFINITIONAL_REPRESENTATION('',(#65),#69);
#65 = LINE('',#66,#67);
#66 = CARTESIAN_POINT('',(0.,2.047868789705));
#67 = VECTOR('',#68,1.);
#68 = DIRECTION('',(0.,1.));
#69 = ( GEOMETRIC_REPRESENTATION_CONTEXT(2) 
PARAMETRIC_REPRESENTATION_CONTEXT() REPRESENTATION_CONTEXT('2D SPACE',''
  ) );
#70 = PCURVE('',#31,#71);
#71 = DEFINITIONAL_REPRESENTATION('',(#72),#76);
#72 = LINE('',#73,#74);
#73 = CARTESIAN_POINT('',(6.28318530718,2.047868789705));
#74 = VECTOR('',#75,1.);
#75 = DIRECTION('',(0.,1.));
#76 = ( GEOMETRIC_REPRESENTATION_CONTEXT(2) 
PARAMETRIC_REPRESENTATION_CONTEXT() REPRESENTATION_CONTEXT('2D SPACE',''
  ) );
#77 = ORIENTED_EDGE('',*,*,#78,.T.);
#78 = EDGE_CURVE('',#56,#56,#79,.T.);
#79 = SURFACE_CURVE('',#80,(#85,#92),.PCURVE_S1.);
#80 = CIRCLE('',#81,16.032055739578);
#81 = AXIS2_PLACEMENT_3D('',#82,#83,#84);
#82 = CARTESIAN_POINT('',(5.898720288707E-03,58.999992489131,
    1.872053082908E-02));
#83 = DIRECTION('',(1.12154201282E-04,-0.999999900728,
    -4.312377956738E-04));
#84 = DIRECTION('',(-1.323488980085E-23,4.31237798386E-04,
    -0.999999907017));
#85 = PCURVE('',#31,#86);
#86 = DEFINITIONAL_REPRESENTATION('',(#87),#91);
#87 = LINE('',#88,#89);
#88 = CARTESIAN_POINT('',(0.,2.047868789705));
#89 = VECTOR('',#90,1.);
#90 = DIRECTION('',(1.,0.));
#91 = ( GEOMETRIC_REPRESENTATION_CONTEXT(2) 
PARAMETRIC_REPRESENTATION_CONTEXT() REPRESENTATION_CONTEXT('2D SPACE',''
  ) );
#92 = PCURVE('',#93,#98);
#93 = PLANE('',#94);
#94 = AXIS2_PLACEMENT_3D('',#95,#96,#97);
#95 = CARTESIAN_POINT('',(5.898720288707E-03,58.999992489131,
    1.872053082908E-02));
#96 = DIRECTION('',(-1.12154201282E-04,0.999999900728,4.312377956738E-04
    ));
#97 = DIRECTION('',(6.617444900424E-24,-4.31237798386E-04,0.999999907017
    ));
#98 = DEFINITIONAL_REPRESENTATION('',(#99),#107);
#99 = ( BOUNDED_CURVE() B_SPLINE_CURVE(2,(#100,#101,#102,#103,#104,#105,
#106),.UNSPECIFIED.,.T.,.F.) B_SPLINE_CURVE_WITH_KNOTS((1,2,2,2,2,1),(
    -2.094395102393,0.,2.094395102393,4.188790204786,6.28318530718,
8.377580409573),.UNSPECIFIED.) CURVE() GEOMETRIC_REPRESENTATION_ITEM() 
RATIONAL_B_SPLINE_CURVE((1.,0.5,1.,0.5,1.,0.5,1.)) REPRESENTATION_ITEM(
  '') );
#100 = CARTESIAN_POINT('',(-16.03205573957,1.664159265048E-18));
#101 = CARTESIAN_POINT('',(-16.03205573957,27.768335090725));
#102 = CARTESIAN_POINT('',(8.016027869789,13.884167545363));
#103 = CARTESIAN_POINT('',(32.064111479156,3.928385626584E-15));
#104 = CARTESIAN_POINT('',(8.016027869789,-13.88416754536));
#105 = CARTESIAN_POINT('',(-16.03205573957,-27.76833509072));
#106 = CARTESIAN_POINT('',(-16.03205573957,1.664159265048E-18));
#107 = ( GEOMETRIC_REPRESENTATION_CONTEXT(2) 
PARAMETRIC_REPRESENTATION_CONTEXT() REPRESENTATION_CONTEXT('2D SPACE',''
  ) );
#108 = ORIENTED_EDGE('',*,*,#55,.T.);
#109 = FACE_BOUND('',#110,.F.);
#110 = EDGE_LOOP('',(#111));
#111 = ORIENTED_EDGE('',*,*,#112,.T.);
#112 = EDGE_CURVE('',#113,#113,#115,.T.);
#113 = VERTEX_POINT('',#114);
#114 = CARTESIAN_POINT('',(-14.44055214246,19.167809372334,
    6.944006596322));
#115 = SURFACE_CURVE('',#116,(#274,#435),.PCURVE_S1.);
#116 = B_SPLINE_CURVE_WITH_KNOTS('',6,(#117,#118,#119,#120,#121,#122,
    #123,#124,#125,#126,#127,#128,#129,#130,#131,#132,#133,#134,#135,
    #136,#137,#138,#139,#140,#141,#142,#143,#144,#145,#146,#147,#148,
    #149,#150,#151,#152,#153,#154,#155,#156,#157,#158,#159,#160,#161,
    #162,#163,#164,#165,#166,#167,#168,#169,#170,#171,#172,#173,#174,
    #175,#176,#177,#178,#179,#180,#181,#182,#183,#184,#185,#186,#187,
    #188,#189,#190,#191,#192,#193,#194,#195,#196,#197,#198,#199,#200,
    #201,#202,#203,#204,#205,#206,#207,#208,#209,#210,#211,#212,#213,
    #214,#215,#216,#217,#218,#219,#220,#221,#222,#223,#224,#225,#226,
    #227,#228,#229,#230,#231,#232,#233,#234,#235,#236,#237,#238,#239,
    #240,#241,#242,#243,#244,#245,#246,#247,#248,#249,#250,#251,#252,
    #253,#254,#255,#256,#257,#258,#259,#260,#261,#262,#263,#264,#265,
    #266,#267,#268,#269,#270,#271,#272,#273),.UNSPECIFIED.,.T.,.F.,(7,5,
    5,5,5,5,5,5,5,5,5,5,5,5,5,5,5,5,5,5,5,5,5,5,5,5,5,5,5,5,5,7),(0.,
    8.871957045709E-06,1.77439141388E-05,2.630994171459E-05,
    3.457003976534E-05,4.34419969585E-05,5.231395417507E-05,
    6.118591140725E-05,7.005786865002E-05,7.831796677914E-05,
    5.512412662394E-02,0.118916044862,0.159361483868,0.188953210062,
    0.224303772895,0.275943194288,0.311486814338,0.340289301097,
    0.363191506077,0.444636469791,0.500235439017,0.555242542141,
    0.617832745466,0.659962591404,0.689939098419,0.725480476142,
    0.77568086974,0.811005911477,0.84092142834,0.863622863675,
    0.944691625354,1.),.UNSPECIFIED.);
#117 = CARTESIAN_POINT('',(-14.44055214246,19.167809372334,
    6.944006596322));
#118 = CARTESIAN_POINT('',(-14.44055212439,19.167752827597,
    6.944006596344));
#119 = CARTESIAN_POINT('',(-14.44055210659,19.16769628286,6.944006595814
    ));
#120 = CARTESIAN_POINT('',(-14.44055208905,19.167639738123,
    6.944006594731));
#121 = CARTESIAN_POINT('',(-14.44055207178,19.167583193386,
    6.944006593094));
#122 = CARTESIAN_POINT('',(-14.44055205478,19.16752664865,6.944006590905
    ));
#123 = CARTESIAN_POINT('',(-14.4405520213,19.167413559176,6.944006585421
    ));
#124 = CARTESIAN_POINT('',(-14.44055200483,19.167357014439,
    6.944006582126));
#125 = CARTESIAN_POINT('',(-14.44055198862,19.167300469702,
    6.944006578277));
#126 = CARTESIAN_POINT('',(-14.44055197268,19.167243924965,
    6.944006573876));
#127 = CARTESIAN_POINT('',(-14.440551957,19.167187380229,6.944006568922)
  );
#128 = CARTESIAN_POINT('',(-14.44055192671,19.167076240574,
    6.944006558098));
#129 = CARTESIAN_POINT('',(-14.44055191208,19.167021645655,
    6.944006552265));
#130 = CARTESIAN_POINT('',(-14.4405518977,19.166967050737,6.944006545917
    ));
#131 = CARTESIAN_POINT('',(-14.44055188356,19.166912455819,
    6.944006539054));
#132 = CARTESIAN_POINT('',(-14.44055186967,19.166857860901,
    6.944006531675));
#133 = CARTESIAN_POINT('',(-14.44055184288,19.166750620883,
    6.944006516167));
#134 = CARTESIAN_POINT('',(-14.44055182995,19.166697975783,
    6.944006508075));
#135 = CARTESIAN_POINT('',(-14.44055181726,19.166645330684,
    6.944006499504));
#136 = CARTESIAN_POINT('',(-14.4405518048,19.166592685584,6.944006490453
    ));
#137 = CARTESIAN_POINT('',(-14.44055179256,19.166540040485,
    6.944006480923));
#138 = CARTESIAN_POINT('',(-14.44055176767,19.166430850649,
    6.944006460163));
#139 = CARTESIAN_POINT('',(-14.44055175504,19.166374305913,6.94400644886
    ));
#140 = CARTESIAN_POINT('',(-14.44055174268,19.166317761177,
    6.944006437003));
#141 = CARTESIAN_POINT('',(-14.44055173059,19.166261216441,
    6.944006424594));
#142 = CARTESIAN_POINT('',(-14.44055171876,19.166204671705,
    6.944006411631));
#143 = CARTESIAN_POINT('',(-14.44055169563,19.166091582233,6.9440063846)
  );
#144 = CARTESIAN_POINT('',(-14.44055168434,19.166035037497,
    6.944006370531));
#145 = CARTESIAN_POINT('',(-14.4405516733,19.165978492762,6.94400635591)
  );
#146 = CARTESIAN_POINT('',(-14.44055166254,19.165921948026,
    6.944006340735));
#147 = CARTESIAN_POINT('',(-14.44055165204,19.165865403291,
    6.944006325008));
#148 = CARTESIAN_POINT('',(-14.44055163157,19.16575231382,6.944006292447
    ));
#149 = CARTESIAN_POINT('',(-14.4405516216,19.165695769085,6.944006275614
    ));
#150 = CARTESIAN_POINT('',(-14.44055161189,19.16563922435,6.944006258228
    ));
#151 = CARTESIAN_POINT('',(-14.44055160246,19.165582679615,
    6.944006240288));
#152 = CARTESIAN_POINT('',(-14.44055159328,19.16552613488,6.944006221796
    ));
#153 = CARTESIAN_POINT('',(-14.44055157547,19.165413045411,
    6.944006183705));
#154 = CARTESIAN_POINT('',(-14.44055156683,19.165356500677,
    6.944006164107));
#155 = CARTESIAN_POINT('',(-14.44055155845,19.165299955942,
    6.944006143956));
#156 = CARTESIAN_POINT('',(-14.44055155034,19.165243411208,
    6.944006123252));
#157 = CARTESIAN_POINT('',(-14.4405515425,19.165186866474,6.944006101995
    ));
#158 = CARTESIAN_POINT('',(-14.44055152787,19.165077676644,
    6.944006059879));
#159 = CARTESIAN_POINT('',(-14.44055152104,19.165025031547,
    6.944006039094));
#160 = CARTESIAN_POINT('',(-14.44055151445,19.16497238645,6.944006017829
    ));
#161 = CARTESIAN_POINT('',(-14.44055150808,19.164919741354,
    6.944005996085));
#162 = CARTESIAN_POINT('',(-14.44055150195,19.164867096258,
    6.944005973862));
#163 = CARTESIAN_POINT('',(-14.44051214896,18.813984250375,
    6.943854659902));
#164 = CARTESIAN_POINT('',(-14.45069899295,18.463239810958,
    6.922416351734));
#165 = CARTESIAN_POINT('',(-14.47110528048,18.113693164927,
    6.879710557117));
#166 = CARTESIAN_POINT('',(-14.50144870141,17.766465188381,
    6.815713864264));
#167 = CARTESIAN_POINT('',(-14.54118029393,17.422727585947,
    6.730377233519));
#168 = CARTESIAN_POINT('',(-14.6454827754,16.69090193414,6.499950667794)
  );
#169 = CARTESIAN_POINT('',(-14.71297369868,16.304614239111,
    6.347574553111));
#170 = CARTESIAN_POINT('',(-14.79078235262,15.926216572378,6.16627964635
    ));
#171 = CARTESIAN_POINT('',(-14.87739496056,15.557295268694,5.95552338336
    ));
#172 = CARTESIAN_POINT('',(-14.97092406524,15.199869792703,
    5.714551515337));
#173 = CARTESIAN_POINT('',(-15.13123406672,14.638924115474,5.26997804898
    ));
#174 = CARTESIAN_POINT('',(-15.19529653278,14.426882605685,
    5.084920774406));
#175 = CARTESIAN_POINT('',(-15.26065618381,14.221028175166,
    4.886982612273));
#176 = CARTESIAN_POINT('',(-15.32667159761,14.022085911363,
    4.675798952484));
#177 = CARTESIAN_POINT('',(-15.39260290772,13.830964113493,
    4.450997715041));
#178 = CARTESIAN_POINT('',(-15.50514071883,13.5154976598,4.037541228377)
  );
#179 = CARTESIAN_POINT('',(-15.55219680494,13.386963845275,
    3.855332318864));
#180 = CARTESIAN_POINT('',(-15.59840895474,13.263672833479,
    3.665518197969));
#181 = CARTESIAN_POINT('',(-15.64339168667,13.14616568782,3.468038260016
    ));
#182 = CARTESIAN_POINT('',(-15.68672877197,13.035038331426,
    3.262859857493));
#183 = CARTESIAN_POINT('',(-15.77725213131,12.806589208337,
    2.795669800652));
#184 = CARTESIAN_POINT('',(-15.82361976447,12.69208580182,2.529989105963
    ));
#185 = CARTESIAN_POINT('',(-15.8661529631,12.588988695176,2.253663911034
    ));
#186 = CARTESIAN_POINT('',(-15.9039537438,12.498705244281,1.967540561126
    ));
#187 = CARTESIAN_POINT('',(-15.93619698412,12.422510034628,
    1.672584055876));
#188 = CARTESIAN_POINT('',(-16.00012198777,12.27252757225,0.927688855947
    ));
#189 = CARTESIAN_POINT('',(-16.02468671745,12.21605580206,0.469106725965
    ));
#190 = CARTESIAN_POINT('',(-16.03328761899,12.196624220848,
    2.062829237175E-03));
#191 = CARTESIAN_POINT('',(-16.02489857415,12.215674695775,
    -0.465043463892));
#192 = CARTESIAN_POINT('',(-16.00052170659,12.271812653195,
    -0.923812212636));
#193 = CARTESIAN_POINT('',(-15.93669777621,12.421723491897,
    -1.670884887622));
#194 = CARTESIAN_POINT('',(-15.90432595616,12.49828959501,
    -1.967638566548));
#195 = CARTESIAN_POINT('',(-15.8663209151,12.589131491307,
    -2.255464606292));
#196 = CARTESIAN_POINT('',(-15.82352186214,12.692954494176,
    -2.533376260672));
#197 = CARTESIAN_POINT('',(-15.77684346789,12.808325838102,
    -2.800508416934));
#198 = CARTESIAN_POINT('',(-15.6870267819,13.035220032201,
    -3.263249937871));
#199 = CARTESIAN_POINT('',(-15.64484658201,13.143447444282,
    -3.463070387277));
#200 = CARTESIAN_POINT('',(-15.60109962096,13.257737259688,
    -3.655581466497));
#201 = CARTESIAN_POINT('',(-15.55617150758,13.377536237723,
    -3.840811135236));
#202 = CARTESIAN_POINT('',(-15.51042034001,13.502339840011,
    -4.01881288646));
#203 = CARTESIAN_POINT('',(-15.42740037302,13.734544392269,
    -4.325517536126));
#204 = CARTESIAN_POINT('',(-15.39030738952,13.840291459092,
    -4.456873825157));
#205 = CARTESIAN_POINT('',(-15.3530514717,13.94872498202,-4.583796881228
    ));
#206 = CARTESIAN_POINT('',(-15.31577804336,14.059659442935,
    -4.706351876365));
#207 = CARTESIAN_POINT('',(-15.27862097393,14.172931153403,
    -4.824606154927));
#208 = CARTESIAN_POINT('',(-15.11041315112,14.699023077982,
    -5.344118814828));
#209 = CARTESIAN_POINT('',(-14.98198825579,15.137896501613,
    -5.696574008166));
#210 = CARTESIAN_POINT('',(-14.86215357165,15.598162889032,-5.9982631057
    ));
#211 = CARTESIAN_POINT('',(-14.75519626973,16.075243469641,
    -6.251302280084));
#212 = CARTESIAN_POINT('',(-14.66439996782,16.565867502512,
    -6.45713993267));
#213 = CARTESIAN_POINT('',(-14.54299384806,17.410073384437,
    -6.724915611669));
#214 = CARTESIAN_POINT('',(-14.5024694333,17.757444420932,
    -6.811697131419));
#215 = CARTESIAN_POINT('',(-14.47151145055,18.108386342719,
    -6.876692411364));
#216 = CARTESIAN_POINT('',(-14.45068871594,18.461693180323,
    -6.919959263203));
#217 = CARTESIAN_POINT('',(-14.44029368728,18.816212796544,
    -6.94152592967));
#218 = CARTESIAN_POINT('',(-14.44037280136,19.521617254089,
    -6.941221732576));
#219 = CARTESIAN_POINT('',(-14.45062595883,19.872345122808,
    -6.919810906077));
#220 = CARTESIAN_POINT('',(-14.47108599994,20.221877785605,
    -6.877159765595));
#221 = CARTESIAN_POINT('',(-14.50147236878,20.569098313775,
    -6.813242561079));
#222 = CARTESIAN_POINT('',(-14.54123939841,20.912838893063,
    -6.728005544385));
#223 = CARTESIAN_POINT('',(-14.64459499974,21.637571852473,
    -6.500063847736));
#224 = CARTESIAN_POINT('',(-14.71069115621,22.017015724851,
    -6.351104802341));
#225 = CARTESIAN_POINT('',(-14.78675659195,22.388898031797,
    -6.174273045343));
#226 = CARTESIAN_POINT('',(-14.87137273154,22.751713159601,
    -5.969054660706));
#227 = CARTESIAN_POINT('',(-14.96276443771,23.103555637497,
    -5.734734182708));
#228 = CARTESIAN_POINT('',(-15.12335063495,23.669731388965,
    -5.292597518965));
#229 = CARTESIAN_POINT('',(-15.19005436426,23.891486600574,
    -5.101102651433));
#230 = CARTESIAN_POINT('',(-15.25822664876,24.106579113115,
    -4.895622800106));
#231 = CARTESIAN_POINT('',(-15.32714571933,24.314192877713,
    -4.675742275507));
#232 = CARTESIAN_POINT('',(-15.39597328221,24.513295958371,
    -4.441036266385));
#233 = CARTESIAN_POINT('',(-15.5119405446,24.837295777506,
    -4.013283572459));
#234 = CARTESIAN_POINT('',(-15.55962200787,24.967066603884,
    -3.82770316013));
#235 = CARTESIAN_POINT('',(-15.60640426951,25.091395299392,
    -3.634283997565));
#236 = CARTESIAN_POINT('',(-15.65188108118,25.209708931384,
    -3.432969409705));
#237 = CARTESIAN_POINT('',(-15.69561412544,25.321377933714,
    -3.223733356596));
#238 = CARTESIAN_POINT('',(-15.7863685983,25.549420640083,
    -2.749117041247));
#239 = CARTESIAN_POINT('',(-15.83256944995,25.663009638963,
    -2.480127216301));
#240 = CARTESIAN_POINT('',(-15.87478113754,25.764866192436,
    -2.200410621374));
#241 = CARTESIAN_POINT('',(-15.91208294966,25.853546154202,
    -1.910889477999));
#242 = CARTESIAN_POINT('',(-15.94363882189,25.927759587204,
    -1.612608353562));
#243 = CARTESIAN_POINT('',(-16.00420404925,26.069114723875,
    -0.874699621294));
#244 = CARTESIAN_POINT('',(-16.02676574562,26.120647775892,
    -0.427870846316));
#245 = CARTESIAN_POINT('',(-16.03415309578,26.137036338215,
    2.640863794272E-02));
#246 = CARTESIAN_POINT('',(-16.02550562811,26.117084278584,
    0.480392678618));
#247 = CARTESIAN_POINT('',(-16.0017725803,26.062147808374,0.926342430945
    ));
#248 = CARTESIAN_POINT('',(-15.93964435981,25.915905949675,
    1.659931940342));
#249 = CARTESIAN_POINT('',(-15.90768571502,25.840219369429,
    1.955231566083));
#250 = CARTESIAN_POINT('',(-15.87013332416,25.750401897346,
    2.241738151382));
#251 = CARTESIAN_POINT('',(-15.82781022626,25.647725693485,
    2.518475449061));
#252 = CARTESIAN_POINT('',(-15.78161453904,25.533598665695,
    2.784585881801));
#253 = CARTESIAN_POINT('',(-15.69086091455,25.304554247539,
    3.255066118836));
#254 = CARTESIAN_POINT('',(-15.64708412156,25.192305178408,
    3.462916307518));
#255 = CARTESIAN_POINT('',(-15.60160509752,25.073510659276,
    3.662883771636));
#256 = CARTESIAN_POINT('',(-15.55485586514,24.948789361883,
    3.855000787112));
#257 = CARTESIAN_POINT('',(-15.50723636625,24.818702753221,
    4.039329097892));
#258 = CARTESIAN_POINT('',(-15.42259028655,24.581352191347,
    4.349994876192));
#259 = CARTESIAN_POINT('',(-15.38577170787,24.476130232946,
    4.479622524623));
#260 = CARTESIAN_POINT('',(-15.34880659189,24.368289630753,
    4.604903833285));
#261 = CARTESIAN_POINT('',(-15.31183567028,24.258008688313,
    4.725902375085));
#262 = CARTESIAN_POINT('',(-15.2749886769,24.145444927303,4.842683411898
    ));
#263 = CARTESIAN_POINT('',(-15.10766716696,23.621096466647,
    5.357526953879));
#264 = CARTESIAN_POINT('',(-14.97989091433,23.183605091749,
    5.707283332696));
#265 = CARTESIAN_POINT('',(-14.86068733494,22.724967216876,
    6.006782616763));
#266 = CARTESIAN_POINT('',(-14.75428949171,22.249677808275,
    6.258071158906));
#267 = CARTESIAN_POINT('',(-14.66394856916,21.760959659074,
    6.462543989214));
#268 = CARTESIAN_POINT('',(-14.54312486977,20.920318914055,
    6.728555292944));
#269 = CARTESIAN_POINT('',(-14.50278404701,20.574560698268,
    6.814775663646));
#270 = CARTESIAN_POINT('',(-14.47193031462,20.225259381671,
    6.879394183918));
#271 = CARTESIAN_POINT('',(-14.4511271112,19.873608304798,6.922462628639
    ));
#272 = CARTESIAN_POINT('',(-14.44066491353,19.520747988953,
    6.944006455044));
#273 = CARTESIAN_POINT('',(-14.44055214246,19.167809372334,
    6.944006596322));
#274 = PCURVE('',#31,#275);
#275 = DEFINITIONAL_REPRESENTATION('',(#276),#434);
#276 = B_SPLINE_CURVE_WITH_KNOTS('',6,(#277,#278,#279,#280,#281,#282,
    #283,#284,#285,#286,#287,#288,#289,#290,#291,#292,#293,#294,#295,
    #296,#297,#298,#299,#300,#301,#302,#303,#304,#305,#306,#307,#308,
    #309,#310,#311,#312,#313,#314,#315,#316,#317,#318,#319,#320,#321,
    #322,#323,#324,#325,#326,#327,#328,#329,#330,#331,#332,#333,#334,
    #335,#336,#337,#338,#339,#340,#341,#342,#343,#344,#345,#346,#347,
    #348,#349,#350,#351,#352,#353,#354,#355,#356,#357,#358,#359,#360,
    #361,#362,#363,#364,#365,#366,#367,#368,#369,#370,#371,#372,#373,
    #374,#375,#376,#377,#378,#379,#380,#381,#382,#383,#384,#385,#386,
    #387,#388,#389,#390,#391,#392,#393,#394,#395,#396,#397,#398,#399,
    #400,#401,#402,#403,#404,#405,#406,#407,#408,#409,#410,#411,#412,
    #413,#414,#415,#416,#417,#418,#419,#420,#421,#422,#423,#424,#425,
    #426,#427,#428,#429,#430,#431,#432,#433),.UNSPECIFIED.,.T.,.F.,(7,5,
    5,5,5,5,5,5,5,5,5,5,5,5,5,5,5,5,5,5,5,5,5,5,5,5,5,5,5,5,5,7),(0.,
    8.871957045709E-06,1.77439141388E-05,2.630994171459E-05,
    3.457003976534E-05,4.34419969585E-05,5.231395417507E-05,
    6.118591140725E-05,7.005786865002E-05,7.831796677914E-05,
    5.512412662394E-02,0.118916044862,0.159361483868,0.188953210062,
    0.224303772895,0.275943194288,0.311486814338,0.340289301097,
    0.363191506077,0.444636469791,0.500235439017,0.555242542141,
    0.617832745466,0.659962591404,0.689939098419,0.725480476142,
    0.77568086974,0.811005911477,0.84092142834,0.863622863675,
    0.944691625354,1.),.UNSPECIFIED.);
#277 = CARTESIAN_POINT('',(4.264530371318,41.875441277014));
#278 = CARTESIAN_POINT('',(4.264530369629,41.875497821748));
#279 = CARTESIAN_POINT('',(4.264530367979,41.875554366481));
#280 = CARTESIAN_POINT('',(4.264530366366,41.875610911215));
#281 = CARTESIAN_POINT('',(4.264530364792,41.875667455949));
#282 = CARTESIAN_POINT('',(4.264530363256,41.875724000683));
#283 = CARTESIAN_POINT('',(4.264530360261,41.875837090151));
#284 = CARTESIAN_POINT('',(4.264530358802,41.875893634886));
#285 = CARTESIAN_POINT('',(4.26453035738,41.875950179621));
#286 = CARTESIAN_POINT('',(4.264530355998,41.876006724356));
#287 = CARTESIAN_POINT('',(4.264530354653,41.876063269091));
#288 = CARTESIAN_POINT('',(4.264530352086,41.876174408743));
#289 = CARTESIAN_POINT('',(4.26453035086,41.87622900366));
#290 = CARTESIAN_POINT('',(4.26453034967,41.876283598577));
#291 = CARTESIAN_POINT('',(4.264530348516,41.876338193494));
#292 = CARTESIAN_POINT('',(4.264530347397,41.876392788412));
#293 = CARTESIAN_POINT('',(4.26453034527,41.876500028428));
#294 = CARTESIAN_POINT('',(4.264530344259,41.876552673528));
#295 = CARTESIAN_POINT('',(4.264530343281,41.876605318627));
#296 = CARTESIAN_POINT('',(4.264530342336,41.876657963727));
#297 = CARTESIAN_POINT('',(4.264530341425,41.876710608826));
#298 = CARTESIAN_POINT('',(4.264530339603,41.876819798663));
#299 = CARTESIAN_POINT('',(4.264530338698,41.8768763434));
#300 = CARTESIAN_POINT('',(4.264530337831,41.876932888137));
#301 = CARTESIAN_POINT('',(4.264530337002,41.876989432874));
#302 = CARTESIAN_POINT('',(4.264530336212,41.877045977611));
#303 = CARTESIAN_POINT('',(4.264530334708,41.877159067086));
#304 = CARTESIAN_POINT('',(4.264530333994,41.877215611824));
#305 = CARTESIAN_POINT('',(4.264530333318,41.877272156561));
#306 = CARTESIAN_POINT('',(4.264530332681,41.877328701299));
#307 = CARTESIAN_POINT('',(4.264530332082,41.877385246037));
#308 = CARTESIAN_POINT('',(4.26453033096,41.877498335512));
#309 = CARTESIAN_POINT('',(4.264530330438,41.87755488025));
#310 = CARTESIAN_POINT('',(4.264530329954,41.877611424988));
#311 = CARTESIAN_POINT('',(4.264530329508,41.877667969726));
#312 = CARTESIAN_POINT('',(4.2645303291,41.877724514465));
#313 = CARTESIAN_POINT('',(4.264530328361,41.877837603941));
#314 = CARTESIAN_POINT('',(4.26453032803,41.877894148679));
#315 = CARTESIAN_POINT('',(4.264530327737,41.877950693417));
#316 = CARTESIAN_POINT('',(4.264530327482,41.878007238156));
#317 = CARTESIAN_POINT('',(4.264530327266,41.878063782894));
#318 = CARTESIAN_POINT('',(4.264530326922,41.878172972734));
#319 = CARTESIAN_POINT('',(4.264530326789,41.878225617835));
#320 = CARTESIAN_POINT('',(4.26453032669,41.878278262936));
#321 = CARTESIAN_POINT('',(4.264530326623,41.878330908038));
#322 = CARTESIAN_POINT('',(4.26453032659,41.878383553139));
#323 = CARTESIAN_POINT('',(4.26453032659,42.229266433855));
#324 = CARTESIAN_POINT('',(4.266003347481,42.580018940964));
#325 = CARTESIAN_POINT('',(4.268948254221,42.929581679996));
#326 = CARTESIAN_POINT('',(4.273358518882,43.276833816722));
#327 = CARTESIAN_POINT('',(4.279222352225,43.620603729348));
#328 = CARTESIAN_POINT('',(4.294983276309,44.352516979189));
#329 = CARTESIAN_POINT('',(4.305369557481,44.738862776819));
#330 = CARTESIAN_POINT('',(4.317665651115,45.117329860637));
#331 = CARTESIAN_POINT('',(4.33186701057,45.486332299795));
#332 = CARTESIAN_POINT('',(4.347977317082,45.843851166798));
#333 = CARTESIAN_POINT('',(4.377442504871,46.404970525782));
#334 = CARTESIAN_POINT('',(4.389651615084,46.617084633338));
#335 = CARTESIAN_POINT('',(4.402646784569,46.823017071479));
#336 = CARTESIAN_POINT('',(4.416440279669,47.022042982002));
#337 = CARTESIAN_POINT('',(4.431045548711,47.213254309216));
#338 = CARTESIAN_POINT('',(4.45776555133,47.528886408067));
#339 = CARTESIAN_POINT('',(4.469499603719,47.657493507663));
#340 = CARTESIAN_POINT('',(4.481680242209,47.780861179356));
#341 = CARTESIAN_POINT('',(4.494308416481,47.898448429161));
#342 = CARTESIAN_POINT('',(4.507384180511,48.009659394769));
#343 = CARTESIAN_POINT('',(4.537061431114,48.238299812614));
#344 = CARTESIAN_POINT('',(4.553877962477,48.352912578997));
#345 = CARTESIAN_POINT('',(4.571308598149,48.456124066996));
#346 = CARTESIAN_POINT('',(4.589301751617,48.546526656615));
#347 = CARTESIAN_POINT('',(4.607802257061,48.622845438882));
#348 = CARTESIAN_POINT('',(4.654431962699,48.773141943878));
#349 = CARTESIAN_POINT('',(4.683060843393,48.829808711371));
#350 = CARTESIAN_POINT('',(4.712169245781,48.849440733007));
#351 = CARTESIAN_POINT('',(4.741282310238,48.830592634727));
#352 = CARTESIAN_POINT('',(4.769925169901,48.774655255271));
#353 = CARTESIAN_POINT('',(4.81669769901,48.625073755547));
#354 = CARTESIAN_POINT('',(4.835314499816,48.548639262072));
#355 = CARTESIAN_POINT('',(4.853419318642,48.457925758685));
#356 = CARTESIAN_POINT('',(4.870955681382,48.354227412226));
#357 = CARTESIAN_POINT('',(4.887870776971,48.238976512413));
#358 = CARTESIAN_POINT('',(4.917279255062,48.012291965791));
#359 = CARTESIAN_POINT('',(4.930019031088,47.904155465271));
#360 = CARTESIAN_POINT('',(4.942334134966,47.789953585669));
#361 = CARTESIAN_POINT('',(4.954224464201,47.670239536438));
#362 = CARTESIAN_POINT('',(4.965690739947,47.545517838808));
#363 = CARTESIAN_POINT('',(4.985516366712,47.313454883277));
#364 = CARTESIAN_POINT('',(4.994032577075,47.207768632882));
#365 = CARTESIAN_POINT('',(5.002285789407,47.099394033145));
#366 = CARTESIAN_POINT('',(5.010278434002,46.988516613961));
#367 = CARTESIAN_POINT('',(5.018012967331,46.875300077772));
#368 = CARTESIAN_POINT('',(5.052088399448,46.349451104129));
#369 = CARTESIAN_POINT('',(5.075483498492,45.910744119457));
#370 = CARTESIAN_POINT('',(5.095735338645,45.450621317435));
#371 = CARTESIAN_POINT('',(5.112880492321,44.973661899953));
#372 = CARTESIAN_POINT('',(5.126925970947,44.48313686395));
#373 = CARTESIAN_POINT('',(5.145288119481,43.639060157032));
#374 = CARTESIAN_POINT('',(5.151271371185,43.291731123476));
#375 = CARTESIAN_POINT('',(5.155771312966,42.940820737016));
#376 = CARTESIAN_POINT('',(5.158776069662,42.587534928145));
#377 = CARTESIAN_POINT('',(5.160279039879,42.233025813326));
#378 = CARTESIAN_POINT('',(5.160279039879,41.527621285753));
#379 = CARTESIAN_POINT('',(5.158807897558,41.17688306876));
#380 = CARTESIAN_POINT('',(5.155866729406,40.827329753199));
#381 = CARTESIAN_POINT('',(5.151461877786,40.480078288024));
#382 = CARTESIAN_POINT('',(5.145604773227,40.136296525397));
#383 = CARTESIAN_POINT('',(5.130013434223,39.411453749094));
#384 = CARTESIAN_POINT('',(5.119859307367,39.031938264652));
#385 = CARTESIAN_POINT('',(5.107863570476,38.659971207028));
#386 = CARTESIAN_POINT('',(5.094030753275,38.297058127262));
#387 = CARTESIAN_POINT('',(5.078356643837,37.945104386484));
#388 = CARTESIAN_POINT('',(5.049031323493,37.378720014765));
#389 = CARTESIAN_POINT('',(5.036390181589,37.156874764242));
#390 = CARTESIAN_POINT('',(5.022894691004,36.941686016568));
#391 = CARTESIAN_POINT('',(5.00853085854,36.733969722224));
#392 = CARTESIAN_POINT('',(4.993283295727,36.53475772793));
#393 = CARTESIAN_POINT('',(4.965648073248,36.210560471613));
#394 = CARTESIAN_POINT('',(4.953701178219,36.080704281154));
#395 = CARTESIAN_POINT('',(4.941294171527,35.956286941508));
#396 = CARTESIAN_POINT('',(4.928426438919,35.837881406387));
#397 = CARTESIAN_POINT('',(4.915098355765,35.726117279803));
#398 = CARTESIAN_POINT('',(4.88496411342,35.497859745083));
#399 = CARTESIAN_POINT('',(4.86794632858,35.384149577281));
#400 = CARTESIAN_POINT('',(4.850309982093,35.282167675334));
#401 = CARTESIAN_POINT('',(4.832111047807,35.193358686357));
#402 = CARTESIAN_POINT('',(4.813409155059,35.119013091504));
#403 = CARTESIAN_POINT('',(4.767231175606,34.977332962085));
#404 = CARTESIAN_POINT('',(4.73933985836,34.925604695339));
#405 = CARTESIAN_POINT('',(4.711026505907,34.909019403638));
#406 = CARTESIAN_POINT('',(4.682729112642,34.928776656061));
#407 = CARTESIAN_POINT('',(4.654885772619,34.98352347219));
#408 = CARTESIAN_POINT('',(4.608960468108,35.129455932789));
#409 = CARTESIAN_POINT('',(4.590436673642,35.205018745458));
#410 = CARTESIAN_POINT('',(4.572417231105,35.294716867815));
#411 = CARTESIAN_POINT('',(4.554957952359,35.397278468613));
#412 = CARTESIAN_POINT('',(4.538111085093,35.511295909239));
#413 = CARTESIAN_POINT('',(4.508218139439,35.740147594197));
#414 = CARTESIAN_POINT('',(4.494968170305,35.852311929078));
#415 = CARTESIAN_POINT('',(4.482176094792,35.971025303553));
#416 = CARTESIAN_POINT('',(4.46984196267,36.095668983568));
#417 = CARTESIAN_POINT('',(4.457964876677,36.225681430709));
#418 = CARTESIAN_POINT('',(4.437874957343,36.462907491608));
#419 = CARTESIAN_POINT('',(4.429467552644,36.568077668581));
#420 = CARTESIAN_POINT('',(4.421318118523,36.675868379826));
#421 = CARTESIAN_POINT('',(4.413424289916,36.786101278618));
#422 = CARTESIAN_POINT('',(4.40578370034,36.898618800602));
#423 = CARTESIAN_POINT('',(4.372004667089,37.42276395502));
#424 = CARTESIAN_POINT('',(4.348783353498,37.860118788962));
#425 = CARTESIAN_POINT('',(4.328675226208,38.318640832076));
#426 = CARTESIAN_POINT('',(4.311646808818,38.793833761342));
#427 = CARTESIAN_POINT('',(4.297693482403,39.282473817728));
#428 = CARTESIAN_POINT('',(4.279451521108,40.123013316052));
#429 = CARTESIAN_POINT('',(4.27350691256,40.468738840425));
#430 = CARTESIAN_POINT('',(4.269033127757,40.818015716773));
#431 = CARTESIAN_POINT('',(4.266042231311,41.169650519162));
#432 = CARTESIAN_POINT('',(4.26454091333,41.522502682846));
#433 = CARTESIAN_POINT('',(4.264530371318,41.875441277014));
#434 = ( GEOMETRIC_REPRESENTATION_CONTEXT(2) 
PARAMETRIC_REPRESENTATION_CONTEXT() REPRESENTATION_CONTEXT('2D SPACE',''
  ) );
#435 = PCURVE('',#436,#441);
#436 = CYLINDRICAL_SURFACE('',#437,6.942684818597);
#437 = AXIS2_PLACEMENT_3D('',#438,#439,#440);
#438 = CARTESIAN_POINT('',(-41.0081849605,19.164843082709,
    -3.196713918385E-02));
#439 = DIRECTION('',(0.99999920904,1.116138768626E-04,1.252781633383E-03
    ));
#440 = DIRECTION('',(-1.252781641186E-03,-2.64697796017E-23,
    0.999999215269));
#441 = DEFINITIONAL_REPRESENTATION('',(#442),#600);
#442 = B_SPLINE_CURVE_WITH_KNOTS('',6,(#443,#444,#445,#446,#447,#448,
    #449,#450,#451,#452,#453,#454,#455,#456,#457,#458,#459,#460,#461,
    #462,#463,#464,#465,#466,#467,#468,#469,#470,#471,#472,#473,#474,
    #475,#476,#477,#478,#479,#480,#481,#482,#483,#484,#485,#486,#487,
    #488,#489,#490,#491,#492,#493,#494,#495,#496,#497,#498,#499,#500,
    #501,#502,#503,#504,#505,#506,#507,#508,#509,#510,#511,#512,#513,
    #514,#515,#516,#517,#518,#519,#520,#521,#522,#523,#524,#525,#526,
    #527,#528,#529,#530,#531,#532,#533,#534,#535,#536,#537,#538,#539,
    #540,#541,#542,#543,#544,#545,#546,#547,#548,#549,#550,#551,#552,
    #553,#554,#555,#556,#557,#558,#559,#560,#561,#562,#563,#564,#565,
    #566,#567,#568,#569,#570,#571,#572,#573,#574,#575,#576,#577,#578,
    #579,#580,#581,#582,#583,#584,#585,#586,#587,#588,#589,#590,#591,
    #592,#593,#594,#595,#596,#597,#598,#599),.UNSPECIFIED.,.F.,.F.,(7,5,
    5,5,5,5,5,5,5,5,5,5,5,5,5,5,5,5,5,5,5,5,5,5,5,5,5,5,5,5,5,7),(0.,
    8.871957045709E-06,1.77439141388E-05,2.630994171459E-05,
    3.457003976534E-05,4.34419969585E-05,5.231395417507E-05,
    6.118591140725E-05,7.005786865002E-05,7.831796677914E-05,
    5.512412662394E-02,0.118916044862,0.159361483868,0.188953210062,
    0.224303772895,0.275943194288,0.311486814338,0.340289301097,
    0.363191506077,0.444636469791,0.500235439017,0.555242542141,
    0.617832745466,0.659962591404,0.689939098419,0.725480476142,
    0.77568086974,0.811005911477,0.84092142834,0.863622863675,
    0.944691625354,1.),.UNSPECIFIED.);
#443 = CARTESIAN_POINT('',(0.,26.576351506959));
#444 = CARTESIAN_POINT('',(8.144506063361E-06,26.576351518715));
#445 = CARTESIAN_POINT('',(1.62890121148E-05,26.576351530205));
#446 = CARTESIAN_POINT('',(2.443351815793E-05,26.576351541428));
#447 = CARTESIAN_POINT('',(3.257802419419E-05,26.576351552385));
#448 = CARTESIAN_POINT('',(4.072253022292E-05,26.576351563076));
#449 = CARTESIAN_POINT('',(5.701154230145E-05,26.576351583924));
#450 = CARTESIAN_POINT('',(6.51560483523E-05,26.576351594082));
#451 = CARTESIAN_POINT('',(7.330055439552E-05,26.576351603974));
#452 = CARTESIAN_POINT('',(8.144506043188E-05,26.576351613599));
#453 = CARTESIAN_POINT('',(8.958956646124E-05,26.576351622958));
#454 = CARTESIAN_POINT('',(1.055977335026E-04,26.57635164083));
#455 = CARTESIAN_POINT('',(1.134613945157E-04,26.57635164936));
#456 = CARTESIAN_POINT('',(1.213250555226E-04,26.576351657643));
#457 = CARTESIAN_POINT('',(1.291887165236E-04,26.576351665677));
#458 = CARTESIAN_POINT('',(1.37052377519E-04,26.576351673463));
#459 = CARTESIAN_POINT('',(1.524988544903E-04,26.576351688269));
#460 = CARTESIAN_POINT('',(1.600816704645E-04,26.576351695306));
#461 = CARTESIAN_POINT('',(1.676644864343E-04,26.576351702113));
#462 = CARTESIAN_POINT('',(1.752473024011E-04,26.576351708688));
#463 = CARTESIAN_POINT('',(1.828301183638E-04,26.576351715033));
#464 = CARTESIAN_POINT('',(1.98557440371E-04,26.576351727714));
#465 = CARTESIAN_POINT('',(2.067019464183E-04,26.576351734014));
#466 = CARTESIAN_POINT('',(2.148464524608E-04,26.576351740049));
#467 = CARTESIAN_POINT('',(2.229909584983E-04,26.576351745816));
#468 = CARTESIAN_POINT('',(2.311354645312E-04,26.576351751318));
#469 = CARTESIAN_POINT('',(2.474244766108E-04,26.576351761788));
#470 = CARTESIAN_POINT('',(2.555689826556E-04,26.576351766757));
#471 = CARTESIAN_POINT('',(2.637134886969E-04,26.576351771459));
#472 = CARTESIAN_POINT('',(2.718579947355E-04,26.576351775895));
#473 = CARTESIAN_POINT('',(2.80002500771E-04,26.576351780065));
#474 = CARTESIAN_POINT('',(2.962915128483E-04,26.576351787872));
#475 = CARTESIAN_POINT('',(3.044360188931E-04,26.576351791509));
#476 = CARTESIAN_POINT('',(3.125805249348E-04,26.57635179488));
#477 = CARTESIAN_POINT('',(3.20725030973E-04,26.576351797984));
#478 = CARTESIAN_POINT('',(3.288695370085E-04,26.576351800822));
#479 = CARTESIAN_POINT('',(3.451585490875E-04,26.576351805965));
#480 = CARTESIAN_POINT('',(3.533030551299E-04,26.57635180827));
#481 = CARTESIAN_POINT('',(3.614475611706E-04,26.576351810309));
#482 = CARTESIAN_POINT('',(3.695920672099E-04,26.576351812082));
#483 = CARTESIAN_POINT('',(3.777365732478E-04,26.576351813588));
#484 = CARTESIAN_POINT('',(3.934638952556E-04,26.576351815982));
#485 = CARTESIAN_POINT('',(4.010467112231E-04,26.576351816906));
#486 = CARTESIAN_POINT('',(4.086295271905E-04,26.576351817599));
#487 = CARTESIAN_POINT('',(4.162123431592E-04,26.57635181806));
#488 = CARTESIAN_POINT('',(4.237951591284E-04,26.576351818291));
#489 = CARTESIAN_POINT('',(5.096373610186E-02,26.576351818291));
#490 = CARTESIAN_POINT('',(0.101484910034,26.566098976894));
#491 = CARTESIAN_POINT('',(0.15206693225,26.545600190204));
#492 = CARTESIAN_POINT('',(0.202780230107,26.51513786394));
#493 = CARTESIAN_POINT('',(0.253694610842,26.475261028794));
#494 = CARTESIAN_POINT('',(0.364198657324,26.370588273755));
#495 = CARTESIAN_POINT('',(0.42385583362,26.302863394792));
#496 = CARTESIAN_POINT('',(0.484054088041,26.224785445041));
#497 = CARTESIAN_POINT('',(0.544997006346,26.137867697289));
#498 = CARTESIAN_POINT('',(0.60689208584,26.043996887814));
#499 = CARTESIAN_POINT('',(0.709966945113,25.883067450339));
#500 = CARTESIAN_POINT('',(0.750450479814,25.818749531822));
#501 = CARTESIAN_POINT('',(0.79150275073,25.753118982984));
#502 = CARTESIAN_POINT('',(0.833203380929,25.68681684967));
#503 = CARTESIAN_POINT('',(0.875634421327,25.620582633005));
#504 = CARTESIAN_POINT('',(0.950525166485,25.507491729779));
#505 = CARTESIAN_POINT('',(0.982612836441,25.460193066757));
#506 = CARTESIAN_POINT('',(1.015170340696,25.413729396873));
#507 = CARTESIAN_POINT('',(1.048222323605,25.368486185853));
#508 = CARTESIAN_POINT('',(1.08179548681,25.324879687751));
#509 = CARTESIAN_POINT('',(1.156686793503,25.233745614787));
#510 = CARTESIAN_POINT('',(1.198301438716,25.187032398239));
#511 = CARTESIAN_POINT('',(1.240694290854,25.144141551063));
#512 = CARTESIAN_POINT('',(1.283813912516,25.10597227329));
#513 = CARTESIAN_POINT('',(1.327623087317,25.073351037937));
#514 = CARTESIAN_POINT('',(1.437056824507,25.008476153704));
#515 = CARTESIAN_POINT('',(1.503410809546,24.983330637153));
#516 = CARTESIAN_POINT('',(1.570403127843,24.974142469567));
#517 = CARTESIAN_POINT('',(1.637404946249,24.98194845188));
#518 = CARTESIAN_POINT('',(1.703788008352,25.005756828877));
#519 = CARTESIAN_POINT('',(1.813549804709,25.068661521973));
#520 = CARTESIAN_POINT('',(1.857633058269,25.100670094701));
#521 = CARTESIAN_POINT('',(1.901022124728,25.138324661735));
#522 = CARTESIAN_POINT('',(1.943678532387,25.180787106315));
#523 = CARTESIAN_POINT('',(1.985549212498,25.227143682428));
#524 = CARTESIAN_POINT('',(2.059795797993,25.316405907847));
#525 = CARTESIAN_POINT('',(2.092507243051,25.358347822665));
#526 = CARTESIAN_POINT('',(2.124723948653,25.401866331094));
#527 = CARTESIAN_POINT('',(2.156470212705,25.446575727837));
#528 = CARTESIAN_POINT('',(2.187768439533,25.492117791711));
#529 = CARTESIAN_POINT('',(2.243189010665,25.574779376337));
#530 = CARTESIAN_POINT('',(2.267472429538,25.61171957259));
#531 = CARTESIAN_POINT('',(2.291506595834,25.648828556752));
#532 = CARTESIAN_POINT('',(2.31530686064,25.685960802792));
#533 = CARTESIAN_POINT('',(2.338888471727,25.722982338742));
#534 = CARTESIAN_POINT('',(2.445403924541,25.890597911746));
#535 = CARTESIAN_POINT('',(2.526067091402,26.018630140466));
#536 = CARTESIAN_POINT('',(2.604815180086,26.138138151375));
#537 = CARTESIAN_POINT('',(2.682125599835,26.244831614677));
#538 = CARTESIAN_POINT('',(2.758454939892,26.335424735591));
#539 = CARTESIAN_POINT('',(2.886026555685,26.456589519964));
#540 = CARTESIAN_POINT('',(2.937499264141,26.497043955808));
#541 = CARTESIAN_POINT('',(2.988762095952,26.527959659166));
#542 = CARTESIAN_POINT('',(3.039887923367,26.548767607332));
#543 = CARTESIAN_POINT('',(3.090950185589,26.559175178753));
#544 = CARTESIAN_POINT('',(3.192554182603,26.559175178753));
#545 = CARTESIAN_POINT('',(3.243073297178,26.548987998584));
#546 = CARTESIAN_POINT('',(3.2936539343,26.528620418921));
#547 = CARTESIAN_POINT('',(3.34436704951,26.498352903048));
#548 = CARTESIAN_POINT('',(3.3952830584,26.458731054453));
#549 = CARTESIAN_POINT('',(3.504719606874,26.355741986302));
#550 = CARTESIAN_POINT('',(3.563297755164,26.289874846471));
#551 = CARTESIAN_POINT('',(3.622399314062,26.214072509697));
#552 = CARTESIAN_POINT('',(3.682213784807,26.129754026063));
#553 = CARTESIAN_POINT('',(3.742939390011,26.038695215076));
#554 = CARTESIAN_POINT('',(3.846429153352,25.878726238607));
#555 = CARTESIAN_POINT('',(3.888588333785,25.812287214275));
#556 = CARTESIAN_POINT('',(3.931361722204,25.74439641239));
#557 = CARTESIAN_POINT('',(3.974839176258,25.675776031188));
#558 = CARTESIAN_POINT('',(4.019113422961,25.60726478079));
#559 = CARTESIAN_POINT('',(4.096422336895,25.491869653722));
#560 = CARTESIAN_POINT('',(4.129023605125,25.44443520413));
#561 = CARTESIAN_POINT('',(4.162111473167,25.397909168265));
#562 = CARTESIAN_POINT('',(4.195710779401,25.352697801231));
#563 = CARTESIAN_POINT('',(4.229848635,25.309239382458));
#564 = CARTESIAN_POINT('',(4.305707653862,25.21910502471));
#565 = CARTESIAN_POINT('',(4.347723616013,25.173253873223));
#566 = CARTESIAN_POINT('',(4.390525409972,25.131404011441));
#567 = CARTESIAN_POINT('',(4.434054518414,25.094474833513));
#568 = CARTESIAN_POINT('',(4.478267442233,25.063300950609));
#569 = CARTESIAN_POINT('',(4.586496621454,25.003675986847));
#570 = CARTESIAN_POINT('',(4.651107463431,24.981679839018));
#571 = CARTESIAN_POINT('',(4.716275483683,24.97486343688));
#572 = CARTESIAN_POINT('',(4.781419246303,24.984077413652));
#573 = CARTESIAN_POINT('',(4.845955411596,25.008362988682));
#574 = CARTESIAN_POINT('',(4.95368732372,25.071393864868));
#575 = CARTESIAN_POINT('',(4.997526305492,25.103713982659));
#576 = CARTESIAN_POINT('',(5.040678650572,25.14161524913));
#577 = CARTESIAN_POINT('',(5.083106291963,25.184273544866));
#578 = CARTESIAN_POINT('',(5.1247568777,25.230789835647));
#579 = CARTESIAN_POINT('',(5.200112934019,25.322107232819));
#580 = CARTESIAN_POINT('',(5.234100939223,25.366131853528));
#581 = CARTESIAN_POINT('',(5.2675548518,25.411848098052));
#582 = CARTESIAN_POINT('',(5.300502172488,25.458824053487));
#583 = CARTESIAN_POINT('',(5.332968228128,25.506659918364));
#584 = CARTESIAN_POINT('',(5.38926918037,25.591668635886));
#585 = CARTESIAN_POINT('',(5.41330212352,25.628637836341));
#586 = CARTESIAN_POINT('',(5.437092264167,25.665747836699));
#587 = CARTESIAN_POINT('',(5.460654603458,25.702858004941));
#588 = CARTESIAN_POINT('',(5.484004002595,25.739838706635));
#589 = CARTESIAN_POINT('',(5.589830021922,25.907746546201));
#590 = CARTESIAN_POINT('',(5.670076277866,26.035912036016));
#591 = CARTESIAN_POINT('',(5.748442639142,26.155439537972));
#592 = CARTESIAN_POINT('',(5.82539843155,26.262099057828));
#593 = CARTESIAN_POINT('',(5.901392581991,26.352641520994));
#594 = CARTESIAN_POINT('',(6.028388425468,26.473704551723));
#595 = CARTESIAN_POINT('',(6.079615364401,26.514114766461));
#596 = CARTESIAN_POINT('',(6.130636955129,26.545010440466));
#597 = CARTESIAN_POINT('',(6.181524319159,26.565828333645));
#598 = CARTESIAN_POINT('',(6.232349263743,26.576278128649));
#599 = CARTESIAN_POINT('',(6.28318530718,26.576351506959));
#600 = ( GEOMETRIC_REPRESENTATION_CONTEXT(2) 
PARAMETRIC_REPRESENTATION_CONTEXT() REPRESENTATION_CONTEXT('2D SPACE',''
  ) );
#601 = ADVANCED_FACE('',(#602,#633),#43,.T.);
#602 = FACE_BOUND('',#603,.T.);
#603 = EDGE_LOOP('',(#604));
#604 = ORIENTED_EDGE('',*,*,#605,.T.);
#605 = EDGE_CURVE('',#606,#606,#608,.T.);
#606 = VERTEX_POINT('',#607);
#607 = CARTESIAN_POINT('',(1.252298056681E-02,-4.661832024114E-02,
    -39.99726725494));
#608 = SURFACE_CURVE('',#609,(#614,#621),.PCURVE_S1.);
#609 = CIRCLE('',#610,39.990520934517);
#610 = AXIS2_PLACEMENT_3D('',#611,#612,#613);
#611 = CARTESIAN_POINT('',(1.252298056682E-02,-6.386374444525E-02,
    -6.75003886561E-03));
#612 = DIRECTION('',(1.12154201282E-04,-0.999999900728,
    -4.312377956738E-04));
#613 = DIRECTION('',(-1.323488980085E-23,4.31237798386E-04,
    -0.999999907017));
#614 = PCURVE('',#43,#615);
#615 = DEFINITIONAL_REPRESENTATION('',(#616),#620);
#616 = CIRCLE('',#617,39.990520934517);
#617 = AXIS2_PLACEMENT_2D('',#618,#619);
#618 = CARTESIAN_POINT('',(0.,0.));
#619 = DIRECTION('',(1.,0.));
#620 = ( GEOMETRIC_REPRESENTATION_CONTEXT(2) 
PARAMETRIC_REPRESENTATION_CONTEXT() REPRESENTATION_CONTEXT('2D SPACE',''
  ) );
#621 = PCURVE('',#622,#627);
#622 = CYLINDRICAL_SURFACE('',#623,39.990520934517);
#623 = AXIS2_PLACEMENT_3D('',#624,#625,#626);
#624 = CARTESIAN_POINT('',(8.201625189734E-03,38.466613925613,
    9.865761040575E-03));
#625 = DIRECTION('',(1.12154201282E-04,-0.999999900728,
    -4.312377956738E-04));
#626 = DIRECTION('',(-6.617444900424E-24,4.31237798386E-04,
    -0.999999907017));
#627 = DEFINITIONAL_REPRESENTATION('',(#628),#632);
#628 = LINE('',#629,#630);
#629 = CARTESIAN_POINT('',(0.,38.530481495067));
#630 = VECTOR('',#631,1.);
#631 = DIRECTION('',(1.,0.));
#632 = ( GEOMETRIC_REPRESENTATION_CONTEXT(2) 
PARAMETRIC_REPRESENTATION_CONTEXT() REPRESENTATION_CONTEXT('2D SPACE',''
  ) );
#633 = FACE_BOUND('',#634,.T.);
#634 = EDGE_LOOP('',(#635));
#635 = ORIENTED_EDGE('',*,*,#21,.F.);
#636 = ADVANCED_FACE('',(#637),#436,.F.);
#637 = FACE_BOUND('',#638,.F.);
#638 = EDGE_LOOP('',(#639,#640,#663,#1023));
#639 = ORIENTED_EDGE('',*,*,#112,.F.);
#640 = ORIENTED_EDGE('',*,*,#641,.F.);
#641 = EDGE_CURVE('',#642,#113,#644,.T.);
#642 = VERTEX_POINT('',#643);
#643 = CARTESIAN_POINT('',(-39.37842416347,19.165025957555,
    6.912764863567));
#644 = SEAM_CURVE('',#645,(#649,#656),.PCURVE_S1.);
#645 = LINE('',#646,#647);
#646 = CARTESIAN_POINT('',(-41.01688262858,19.164843082709,
    6.910712231272));
#647 = VECTOR('',#648,1.);
#648 = DIRECTION('',(0.99999920904,1.116138768626E-04,1.252781633383E-03
    ));
#649 = PCURVE('',#436,#650);
#650 = DEFINITIONAL_REPRESENTATION('',(#651),#655);
#651 = LINE('',#652,#653);
#652 = CARTESIAN_POINT('',(6.28318530718,-0.));
#653 = VECTOR('',#654,1.);
#654 = DIRECTION('',(0.,1.));
#655 = ( GEOMETRIC_REPRESENTATION_CONTEXT(2) 
PARAMETRIC_REPRESENTATION_CONTEXT() REPRESENTATION_CONTEXT('2D SPACE',''
  ) );
#656 = PCURVE('',#436,#657);
#657 = DEFINITIONAL_REPRESENTATION('',(#658),#662);
#658 = LINE('',#659,#660);
#659 = CARTESIAN_POINT('',(0.,-0.));
#660 = VECTOR('',#661,1.);
#661 = DIRECTION('',(0.,1.));
#662 = ( GEOMETRIC_REPRESENTATION_CONTEXT(2) 
PARAMETRIC_REPRESENTATION_CONTEXT() REPRESENTATION_CONTEXT('2D SPACE',''
  ) );
#663 = ORIENTED_EDGE('',*,*,#664,.T.);
#664 = EDGE_CURVE('',#642,#642,#665,.T.);
#665 = SURFACE_CURVE('',#666,(#783,#903),.PCURVE_S1.);
#666 = B_SPLINE_CURVE_WITH_KNOTS('',7,(#667,#668,#669,#670,#671,#672,
    #673,#674,#675,#676,#677,#678,#679,#680,#681,#682,#683,#684,#685,
    #686,#687,#688,#689,#690,#691,#692,#693,#694,#695,#696,#697,#698,
    #699,#700,#701,#702,#703,#704,#705,#706,#707,#708,#709,#710,#711,
    #712,#713,#714,#715,#716,#717,#718,#719,#720,#721,#722,#723,#724,
    #725,#726,#727,#728,#729,#730,#731,#732,#733,#734,#735,#736,#737,
    #738,#739,#740,#741,#742,#743,#744,#745,#746,#747,#748,#749,#750,
    #751,#752,#753,#754,#755,#756,#757,#758,#759,#760,#761,#762,#763,
    #764,#765,#766,#767,#768,#769,#770,#771,#772,#773,#774,#775,#776,
    #777,#778,#779,#780,#781,#782),.UNSPECIFIED.,.T.,.F.,(8,6,6,6,6,6,6,
    6,6,6,6,6,6,6,6,6,6,6,6,8),(0.,9.0402669006E-06,1.808053387939E-05,
    2.680906757819E-05,3.553760133066E-05,4.457786848265E-05,
    5.361813567638E-05,6.265840289729E-05,7.169867013675E-05,
    7.98037373247E-05,0.137157850876,0.229735425041,0.295828997407,
    0.397947558679,0.500530984186,0.603114411023,0.705232974904,
    0.780343199302,0.863619966911,1.),.UNSPECIFIED.);
#667 = CARTESIAN_POINT('',(-39.37842416347,19.165025957555,
    6.912764863568));
#668 = CARTESIAN_POINT('',(-39.37842415436,19.164977490637,6.91276486358
    ));
#669 = CARTESIAN_POINT('',(-39.37842414533,19.164929023719,
    6.912764863196));
#670 = CARTESIAN_POINT('',(-39.37842413636,19.164880556801,
    6.912764862418));
#671 = CARTESIAN_POINT('',(-39.37842412746,19.164832089883,
    6.912764861245));
#672 = CARTESIAN_POINT('',(-39.37842411864,19.164783622965,
    6.912764859677));
#673 = CARTESIAN_POINT('',(-39.37842410988,19.164735156047,
    6.912764857714));
#674 = CARTESIAN_POINT('',(-39.3784240925,19.164638222212,6.912764852999
    ));
#675 = CARTESIAN_POINT('',(-39.37842408388,19.164589755294,
    6.912764850247));
#676 = CARTESIAN_POINT('',(-39.37842407533,19.164541288376,6.9127648471)
  );
#677 = CARTESIAN_POINT('',(-39.37842406685,19.164492821458,
    6.912764843558));
#678 = CARTESIAN_POINT('',(-39.37842405843,19.16444435454,6.912764839621
    ));
#679 = CARTESIAN_POINT('',(-39.37842405009,19.164395887622,
    6.912764835289));
#680 = CARTESIAN_POINT('',(-39.37842403383,19.16430062506,6.912764825999
    ));
#681 = CARTESIAN_POINT('',(-39.3784240259,19.164253829415,6.912764821067
    ));
#682 = CARTESIAN_POINT('',(-39.37842401805,19.16420703377,6.912764815768
    ));
#683 = CARTESIAN_POINT('',(-39.37842401025,19.164160238125,6.9127648101)
  );
#684 = CARTESIAN_POINT('',(-39.37842400252,19.164113442481,
    6.912764804064));
#685 = CARTESIAN_POINT('',(-39.37842399485,19.164066646836,6.91276479766
    ));
#686 = CARTESIAN_POINT('',(-39.37842397965,19.163973055547,
    6.912764784117));
#687 = CARTESIAN_POINT('',(-39.37842397212,19.163926259903,
    6.912764776977));
#688 = CARTESIAN_POINT('',(-39.37842396464,19.163879464258,
    6.912764769468));
#689 = CARTESIAN_POINT('',(-39.37842395724,19.163832668614,
    6.912764761592));
#690 = CARTESIAN_POINT('',(-39.3784239499,19.163785872969,6.912764753348
    ));
#691 = CARTESIAN_POINT('',(-39.37842394262,19.163739077325,
    6.912764744736));
#692 = CARTESIAN_POINT('',(-39.37842392793,19.163643814764,
    6.912764726455));
#693 = CARTESIAN_POINT('',(-39.37842392053,19.163595347846,
    6.912764716759));
#694 = CARTESIAN_POINT('',(-39.3784239132,19.163546880929,6.912764706668
    ));
#695 = CARTESIAN_POINT('',(-39.37842390593,19.163498414012,
    6.912764696182));
#696 = CARTESIAN_POINT('',(-39.37842389874,19.163449947095,
    6.912764685302));
#697 = CARTESIAN_POINT('',(-39.37842389162,19.163401480179,
    6.912764674027));
#698 = CARTESIAN_POINT('',(-39.37842387751,19.163304546345,
    6.912764650687));
#699 = CARTESIAN_POINT('',(-39.37842387052,19.163256079428,
    6.912764638622));
#700 = CARTESIAN_POINT('',(-39.3784238636,19.163207612512,6.912764626162
    ));
#701 = CARTESIAN_POINT('',(-39.37842385675,19.163159145595,
    6.912764613308));
#702 = CARTESIAN_POINT('',(-39.37842384998,19.163110678679,
    6.912764600059));
#703 = CARTESIAN_POINT('',(-39.37842384327,19.163062211763,
    6.912764586415));
#704 = CARTESIAN_POINT('',(-39.37842382999,19.16296527793,6.912764558337
    ));
#705 = CARTESIAN_POINT('',(-39.37842382342,19.162916811014,
    6.912764543903));
#706 = CARTESIAN_POINT('',(-39.37842381692,19.162868344098,
    6.912764529074));
#707 = CARTESIAN_POINT('',(-39.37842381048,19.162819877182,
    6.912764513851));
#708 = CARTESIAN_POINT('',(-39.37842380412,19.162771410267,
    6.912764498232));
#709 = CARTESIAN_POINT('',(-39.37842379783,19.162722943351,
    6.912764482219));
#710 = CARTESIAN_POINT('',(-39.37842378538,19.16262600952,6.912764449404
    ));
#711 = CARTESIAN_POINT('',(-39.37842377923,19.162577542605,
    6.912764432601));
#712 = CARTESIAN_POINT('',(-39.37842377314,19.162529075689,
    6.912764415403));
#713 = CARTESIAN_POINT('',(-39.37842376712,19.162480608774,
    6.912764397811));
#714 = CARTESIAN_POINT('',(-39.37842376118,19.162432141859,
    6.912764379824));
#715 = CARTESIAN_POINT('',(-39.3784237553,19.162383674944,6.912764361442
    ));
#716 = CARTESIAN_POINT('',(-39.37842374428,19.162291754934,6.91276432583
    ));
#717 = CARTESIAN_POINT('',(-39.37842373913,19.162248301838,
    6.912764308678));
#718 = CARTESIAN_POINT('',(-39.37842373403,19.162204848742,
    6.912764291209));
#719 = CARTESIAN_POINT('',(-39.37842372899,19.162161395647,
    6.912764273423));
#720 = CARTESIAN_POINT('',(-39.37842372401,19.162117942551,
    6.912764255319));
#721 = CARTESIAN_POINT('',(-39.37842371908,19.162074489456,
    6.912764236898));
#722 = CARTESIAN_POINT('',(-39.37834129136,18.427124675942,
    6.912447298729));
#723 = CARTESIAN_POINT('',(-39.39418678263,17.693604830485,
    6.821352816365));
#724 = CARTESIAN_POINT('',(-39.4258571501,16.967298789897,6.640086933464
    ));
#725 = CARTESIAN_POINT('',(-39.47243892269,16.254537566568,6.36607908863
    ));
#726 = CARTESIAN_POINT('',(-39.5321224654,15.564243755273,5.994526016179
    ));
#727 = CARTESIAN_POINT('',(-39.60140123624,14.909171890006,5.51883572533
    ));
#728 = CARTESIAN_POINT('',(-39.72336205685,13.905053215093,
    4.536332187968));
#729 = CARTESIAN_POINT('',(-39.77469776656,13.521028734316,
    4.085188099804));
#730 = CARTESIAN_POINT('',(-39.8259020333,13.169247631722,3.578850155197
    ));
#731 = CARTESIAN_POINT('',(-39.87394949884,12.861071089923,3.01920900547
    ));
#732 = CARTESIAN_POINT('',(-39.91535984838,12.60768493608,2.410017753111
    ));
#733 = CARTESIAN_POINT('',(-39.94666595543,12.420181402573,
    1.756980103954));
#734 = CARTESIAN_POINT('',(-39.97823092331,12.230938219355,
    0.576232617886));
#735 = CARTESIAN_POINT('',(-39.98465504189,12.192330280439,
    7.190753761002E-02));
#736 = CARTESIAN_POINT('',(-39.98350624378,12.197024882328,
    -0.437064502458));
#737 = CARTESIAN_POINT('',(-39.97457686049,12.245607986346,
    -0.942428456358));
#738 = CARTESIAN_POINT('',(-39.95843772393,12.336233413978,
    -1.436022426604));
#739 = CARTESIAN_POINT('',(-39.93634195779,12.46464379233,
    -1.910229613907));
#740 = CARTESIAN_POINT('',(-39.86903340568,12.87059226723,
    -3.050795413276));
#741 = CARTESIAN_POINT('',(-39.81776165808,13.191412089969,
    -3.681421962925));
#742 = CARTESIAN_POINT('',(-39.76070879015,13.569868431485,
    -4.247312883376));
#743 = CARTESIAN_POINT('',(-39.70210203461,13.992575128981,
    -4.748357315387));
#744 = CARTESIAN_POINT('',(-39.64517657636,14.44857129777,
    -5.185951710508));
#745 = CARTESIAN_POINT('',(-39.59230324364,14.928848614161,
    -5.562302293443));
#746 = CARTESIAN_POINT('',(-39.49766474139,15.925665782628,
    -6.199276063558));
#747 = CARTESIAN_POINT('',(-39.45573839757,16.444603219348,
    -6.460796933725));
#748 = CARTESIAN_POINT('',(-39.4209210365,16.977095178388,
    -6.667160931447));
#749 = CARTESIAN_POINT('',(-39.39422186339,17.518833746999,
    -6.820435715771));
#750 = CARTESIAN_POINT('',(-39.37623956076,18.066457954523,
    -6.922083636118));
#751 = CARTESIAN_POINT('',(-39.36726983549,18.61709354921,
    -6.972838707813));
#752 = CARTESIAN_POINT('',(-39.36739341298,19.718946808571,
    -6.972363546995));
#753 = CARTESIAN_POINT('',(-39.37648664482,20.269536374018,
    -6.921133588416));
#754 = CARTESIAN_POINT('',(-39.39459177502,20.817068687684,
    -6.819013387555));
#755 = CARTESIAN_POINT('',(-39.42141244867,21.358668857008,
    -6.66527142965));
#756 = CARTESIAN_POINT('',(-39.45634923005,21.890974784949,
    -6.458448259026));
#757 = CARTESIAN_POINT('',(-39.49839195119,22.409677078323,
    -6.196479908352));
#758 = CARTESIAN_POINT('',(-39.59325398324,23.40592324166,
    -5.558646658278));
#759 = CARTESIAN_POINT('',(-39.64623500847,23.885863914552,
    -5.181881992894));
#760 = CARTESIAN_POINT('',(-39.70326270676,24.341469719146,
    -4.743894480277));
#761 = CARTESIAN_POINT('',(-39.76196422901,24.763730964148,
    -4.242485666073));
#762 = CARTESIAN_POINT('',(-39.81910193166,25.141686290688,
    -3.676268552538));
#763 = CARTESIAN_POINT('',(-39.87044557954,25.461950585385,
    -3.04536554343));
#764 = CARTESIAN_POINT('',(-39.9414578826,25.888606539783,
    -1.843293729473));
#765 = CARTESIAN_POINT('',(-39.96594804497,26.029375551481,
    -1.299852595439));
#766 = CARTESIAN_POINT('',(-39.98243863078,26.120071380589,
    -0.732416164088));
#767 = CARTESIAN_POINT('',(-39.98915011795,26.154868698593,
    -0.15256782245));
#768 = CARTESIAN_POINT('',(-39.98551986096,26.132076902366,
    0.427311612191));
#769 = CARTESIAN_POINT('',(-39.9723704452,26.054156591835,0.994962415357
    ));
#770 = CARTESIAN_POINT('',(-39.92826271839,25.787793370993,
    2.142553415322));
#771 = CARTESIAN_POINT('',(-39.89572384481,25.589463738771,
    2.711909536276));
#772 = CARTESIAN_POINT('',(-39.85614817188,25.341589314436,
    3.242692987788));
#773 = CARTESIAN_POINT('',(-39.8120780499,25.052434678166,3.731850148064
    ));
#774 = CARTESIAN_POINT('',(-39.7659348591,24.729965002689,4.177541949428
    ));
#775 = CARTESIAN_POINT('',(-39.71979390368,24.381932003462,
    4.579008692449));
#776 = CARTESIAN_POINT('',(-39.60239776391,23.416389815011,5.52216319608
    ));
#777 = CARTESIAN_POINT('',(-39.53301039876,22.761337487512,
    5.997076094667));
#778 = CARTESIAN_POINT('',(-39.47319574763,22.071180550598,
    6.367938302528));
#779 = CARTESIAN_POINT('',(-39.42645853784,21.358649354763,
    6.641342027692));
#780 = CARTESIAN_POINT('',(-39.39460903118,20.632650093498,
    6.822092344064));
#781 = CARTESIAN_POINT('',(-39.37856214325,19.899503276881,6.91276469071
    ));
#782 = CARTESIAN_POINT('',(-39.37842416347,19.165025957555,
    6.912764863568));
#783 = PCURVE('',#436,#784);
#784 = DEFINITIONAL_REPRESENTATION('',(#785),#902);
#785 = B_SPLINE_CURVE_WITH_KNOTS('',7,(#786,#787,#788,#789,#790,#791,
    #792,#793,#794,#795,#796,#797,#798,#799,#800,#801,#802,#803,#804,
    #805,#806,#807,#808,#809,#810,#811,#812,#813,#814,#815,#816,#817,
    #818,#819,#820,#821,#822,#823,#824,#825,#826,#827,#828,#829,#830,
    #831,#832,#833,#834,#835,#836,#837,#838,#839,#840,#841,#842,#843,
    #844,#845,#846,#847,#848,#849,#850,#851,#852,#853,#854,#855,#856,
    #857,#858,#859,#860,#861,#862,#863,#864,#865,#866,#867,#868,#869,
    #870,#871,#872,#873,#874,#875,#876,#877,#878,#879,#880,#881,#882,
    #883,#884,#885,#886,#887,#888,#889,#890,#891,#892,#893,#894,#895,
    #896,#897,#898,#899,#900,#901),.UNSPECIFIED.,.F.,.F.,(8,6,6,6,6,6,6,
    6,6,6,6,6,6,6,6,6,6,6,6,8),(0.,9.0402669006E-06,1.808053387939E-05,
    2.680906757819E-05,3.553760133066E-05,4.457786848265E-05,
    5.361813567638E-05,6.265840289729E-05,7.169867013675E-05,
    7.98037373247E-05,0.137157850876,0.229735425041,0.295828997407,
    0.397947558679,0.500530984186,0.603114411023,0.705232974904,
    0.780343199302,0.863619966911,1.),.UNSPECIFIED.);
#786 = CARTESIAN_POINT('',(0.,1.638459761072));
#787 = CARTESIAN_POINT('',(6.981005209959E-06,1.638459764767));
#788 = CARTESIAN_POINT('',(1.396201040896E-05,1.638459768393));
#789 = CARTESIAN_POINT('',(2.094301559679E-05,1.638459771949));
#790 = CARTESIAN_POINT('',(2.792402077349E-05,1.638459775435));
#791 = CARTESIAN_POINT('',(3.490502593938E-05,1.638459778851));
#792 = CARTESIAN_POINT('',(4.188603109504E-05,1.638459782198));
#793 = CARTESIAN_POINT('',(5.584804144845E-05,1.638459788752));
#794 = CARTESIAN_POINT('',(6.282904664393E-05,1.638459791959));
#795 = CARTESIAN_POINT('',(6.981005182954E-05,1.638459795096));
#796 = CARTESIAN_POINT('',(7.679105700631E-05,1.638459798164));
#797 = CARTESIAN_POINT('',(8.377206217453E-05,1.638459801161));
#798 = CARTESIAN_POINT('',(9.07530673337E-05,1.638459804089));
#799 = CARTESIAN_POINT('',(1.044743533657E-04,1.638459809707));
#800 = CARTESIAN_POINT('',(1.112146342427E-04,1.638459812402));
#801 = CARTESIAN_POINT('',(1.179549151117E-04,1.638459815031));
#802 = CARTESIAN_POINT('',(1.246951959721E-04,1.638459817596));
#803 = CARTESIAN_POINT('',(1.314354768241E-04,1.638459820096));
#804 = CARTESIAN_POINT('',(1.381757576689E-04,1.63845982253));
#805 = CARTESIAN_POINT('',(1.516563193895E-04,1.638459827269));
#806 = CARTESIAN_POINT('',(1.583966002631E-04,1.638459829573));
#807 = CARTESIAN_POINT('',(1.6513688113E-04,1.638459831812));
#808 = CARTESIAN_POINT('',(1.718771619904E-04,1.638459833987));
#809 = CARTESIAN_POINT('',(1.786174428445E-04,1.638459836096));
#810 = CARTESIAN_POINT('',(1.853577236927E-04,1.63845983814));
#811 = CARTESIAN_POINT('',(1.990790097315E-04,1.638459842169));
#812 = CARTESIAN_POINT('',(2.060600149186E-04,1.638459844149));
#813 = CARTESIAN_POINT('',(2.130410200996E-04,1.63845984606));
#814 = CARTESIAN_POINT('',(2.200220252763E-04,1.6384598479));
#815 = CARTESIAN_POINT('',(2.270030304491E-04,1.638459849671));
#816 = CARTESIAN_POINT('',(2.339840356166E-04,1.638459851372));
#817 = CARTESIAN_POINT('',(2.479460459675E-04,1.638459854634));
#818 = CARTESIAN_POINT('',(2.549270511532E-04,1.638459856196));
#819 = CARTESIAN_POINT('',(2.619080563342E-04,1.638459857687));
#820 = CARTESIAN_POINT('',(2.68889061511E-04,1.638459859109));
#821 = CARTESIAN_POINT('',(2.758700666838E-04,1.638459860461));
#822 = CARTESIAN_POINT('',(2.828510718527E-04,1.638459861744));
#823 = CARTESIAN_POINT('',(2.968130822041E-04,1.638459864169));
#824 = CARTESIAN_POINT('',(3.037940873879E-04,1.638459865312));
#825 = CARTESIAN_POINT('',(3.107750925683E-04,1.638459866385));
#826 = CARTESIAN_POINT('',(3.177560977452E-04,1.638459867388));
#827 = CARTESIAN_POINT('',(3.247371029187E-04,1.638459868321));
#828 = CARTESIAN_POINT('',(3.317181080895E-04,1.638459869185));
#829 = CARTESIAN_POINT('',(3.456801184424E-04,1.638459870773));
#830 = CARTESIAN_POINT('',(3.52661123623E-04,1.638459871497));
#831 = CARTESIAN_POINT('',(3.596421288013E-04,1.638459872152));
#832 = CARTESIAN_POINT('',(3.666231339781E-04,1.638459872736));
#833 = CARTESIAN_POINT('',(3.736041391536E-04,1.638459873251));
#834 = CARTESIAN_POINT('',(3.805851443277E-04,1.638459873696));
#835 = CARTESIAN_POINT('',(3.938249817295E-04,1.638459874408));
#836 = CARTESIAN_POINT('',(4.000838139582E-04,1.638459874688));
#837 = CARTESIAN_POINT('',(4.063426461863E-04,1.638459874913));
#838 = CARTESIAN_POINT('',(4.126014784139E-04,1.638459875081));
#839 = CARTESIAN_POINT('',(4.188603106412E-04,1.638459875193));
#840 = CARTESIAN_POINT('',(4.251191428684E-04,1.638459875249));
#841 = CARTESIAN_POINT('',(0.10628472615,1.638459875249));
#842 = CARTESIAN_POINT('',(0.211943473493,1.622418404026));
#843 = CARTESIAN_POINT('',(0.318507381146,1.590439909206));
#844 = CARTESIAN_POINT('',(0.426963991816,1.543435347426));
#845 = CARTESIAN_POINT('',(0.538327390499,1.483209330689));
#846 = CARTESIAN_POINT('',(0.653678609528,1.413261563472));
#847 = CARTESIAN_POINT('',(0.856009551486,1.289957903363));
#848 = CARTESIAN_POINT('',(0.940984213944,1.238014186766));
#849 = CARTESIAN_POINT('',(1.029082789738,1.186136365996));
#850 = CARTESIAN_POINT('',(1.120171332561,1.13735343353));
#851 = CARTESIAN_POINT('',(1.214234994442,1.09515165172));
#852 = CARTESIAN_POINT('',(1.311379835492,1.063006527867));
#853 = CARTESIAN_POINT('',(1.483615245656,1.029941244019));
#854 = CARTESIAN_POINT('',(1.55621980188,1.022881012144));
#855 = CARTESIAN_POINT('',(1.629103066834,1.023392702508));
#856 = CARTESIAN_POINT('',(1.701744888246,1.031694390601));
#857 = CARTESIAN_POINT('',(1.773630013337,1.047225263993));
#858 = CARTESIAN_POINT('',(1.844184431745,1.068741266982));
#859 = CARTESIAN_POINT('',(2.018573841831,1.134666195444));
#860 = CARTESIAN_POINT('',(2.1196513553,1.185183673075));
#861 = CARTESIAN_POINT('',(2.216665647006,1.241569799109));
#862 = CARTESIAN_POINT('',(2.310108992468,1.299595988967));
#863 = CARTESIAN_POINT('',(2.400403808815,1.356024087472));
#864 = CARTESIAN_POINT('',(2.48789019279,1.408479498886));
#865 = CARTESIAN_POINT('',(2.658286621171,1.502431195866));
#866 = CARTESIAN_POINT('',(2.741557594237,1.544087798602));
#867 = CARTESIAN_POINT('',(2.823209287413,1.578706036601));
#868 = CARTESIAN_POINT('',(2.903675823736,1.605273634295));
#869 = CARTESIAN_POINT('',(2.983361722631,1.623189702513));
#870 = CARTESIAN_POINT('',(3.062670482441,1.632157294243));
#871 = CARTESIAN_POINT('',(3.221377581717,1.632157294243));
#872 = CARTESIAN_POINT('',(3.300686338016,1.623189702982));
#873 = CARTESIAN_POINT('',(3.380372240947,1.605273633615));
#874 = CARTESIAN_POINT('',(3.460838777201,1.578706036375));
#875 = CARTESIAN_POINT('',(3.542490466327,1.544087799622));
#876 = CARTESIAN_POINT('',(3.625761443079,1.502431195248));
#877 = CARTESIAN_POINT('',(3.796157870293,1.408479498911));
#878 = CARTESIAN_POINT('',(3.883644254315,1.356024087477));
#879 = CARTESIAN_POINT('',(3.973939070701,1.299595988939));
#880 = CARTESIAN_POINT('',(4.067382416157,1.241569799089));
#881 = CARTESIAN_POINT('',(4.164396707822,1.185183673089));
#882 = CARTESIAN_POINT('',(4.265474221254,1.134666195461));
#883 = CARTESIAN_POINT('',(4.449211401167,1.065207502783));
#884 = CARTESIAN_POINT('',(4.529764504426,1.041413884629));
#885 = CARTESIAN_POINT('',(4.611932002102,1.025644308722));
#886 = CARTESIAN_POINT('',(4.694872121293,1.019663134079));
#887 = CARTESIAN_POINT('',(4.777825466626,1.024017306615));
#888 = CARTESIAN_POINT('',(4.860005760069,1.037869157493));
#889 = CARTESIAN_POINT('',(5.029687128896,1.083384800511));
#890 = CARTESIAN_POINT('',(5.11602522813,1.116614790897));
#891 = CARTESIAN_POINT('',(5.199721923261,1.156827722063));
#892 = CARTESIAN_POINT('',(5.280908310784,1.201478342624));
#893 = CARTESIAN_POINT('',(5.359638814039,1.248143859336));
#894 = CARTESIAN_POINT('',(5.435900106709,1.294748883114));
#895 = CARTESIAN_POINT('',(5.630299165436,1.413218728757));
#896 = CARTESIAN_POINT('',(5.745586365938,1.483127888248));
#897 = CARTESIAN_POINT('',(5.85688944199,1.543330070345));
#898 = CARTESIAN_POINT('',(5.965287777997,1.590330229966));
#899 = CARTESIAN_POINT('',(6.071793879495,1.622325120518));
#900 = CARTESIAN_POINT('',(6.177393765529,1.638403759048));
#901 = CARTESIAN_POINT('',(6.28318530718,1.638459761072));
#902 = ( GEOMETRIC_REPRESENTATION_CONTEXT(2) 
PARAMETRIC_REPRESENTATION_CONTEXT() REPRESENTATION_CONTEXT('2D SPACE',''
  ) );
#903 = PCURVE('',#622,#904);
#904 = DEFINITIONAL_REPRESENTATION('',(#905),#1022);
#905 = B_SPLINE_CURVE_WITH_KNOTS('',7,(#906,#907,#908,#909,#910,#911,
    #912,#913,#914,#915,#916,#917,#918,#919,#920,#921,#922,#923,#924,
    #925,#926,#927,#928,#929,#930,#931,#932,#933,#934,#935,#936,#937,
    #938,#939,#940,#941,#942,#943,#944,#945,#946,#947,#948,#949,#950,
    #951,#952,#953,#954,#955,#956,#957,#958,#959,#960,#961,#962,#963,
    #964,#965,#966,#967,#968,#969,#970,#971,#972,#973,#974,#975,#976,
    #977,#978,#979,#980,#981,#982,#983,#984,#985,#986,#987,#988,#989,
    #990,#991,#992,#993,#994,#995,#996,#997,#998,#999,#1000,#1001,#1002,
    #1003,#1004,#1005,#1006,#1007,#1008,#1009,#1010,#1011,#1012,#1013,
    #1014,#1015,#1016,#1017,#1018,#1019,#1020,#1021),.UNSPECIFIED.,.F.,
  .F.,(8,6,6,6,6,6,6,6,6,6,6,6,6,6,6,6,6,6,6,8),(0.,9.0402669006E-06,
    1.808053387939E-05,2.680906757819E-05,3.553760133066E-05,
    4.457786848265E-05,5.361813567638E-05,6.265840289729E-05,
    7.169867013675E-05,7.98037373247E-05,0.137157850876,0.229735425041,
    0.295828997407,0.397947558679,0.500530984186,0.603114411023,
    0.705232974904,0.780343199302,0.863619966911,1.),.UNSPECIFIED.);
#906 = CARTESIAN_POINT('',(4.538695418053,19.294191885395));
#907 = CARTESIAN_POINT('',(4.538695417523,19.294240352309));
#908 = CARTESIAN_POINT('',(4.538695417002,19.294288819224));
#909 = CARTESIAN_POINT('',(4.538695416491,19.294337286138));
#910 = CARTESIAN_POINT('',(4.53869541599,19.294385753053));
#911 = CARTESIAN_POINT('',(4.538695415499,19.294434219967));
#912 = CARTESIAN_POINT('',(4.538695415018,19.294482686882));
#913 = CARTESIAN_POINT('',(4.538695414077,19.294579620713));
#914 = CARTESIAN_POINT('',(4.538695413616,19.294628087628));
#915 = CARTESIAN_POINT('',(4.538695413165,19.294676554543));
#916 = CARTESIAN_POINT('',(4.538695412725,19.294725021459));
#917 = CARTESIAN_POINT('',(4.538695412294,19.294773488375));
#918 = CARTESIAN_POINT('',(4.538695411873,19.29482195529));
#919 = CARTESIAN_POINT('',(4.538695411066,19.294917217849));
#920 = CARTESIAN_POINT('',(4.538695410679,19.294964013492));
#921 = CARTESIAN_POINT('',(4.538695410301,19.295010809136));
#922 = CARTESIAN_POINT('',(4.538695409933,19.295057604779));
#923 = CARTESIAN_POINT('',(4.538695409574,19.295104400423));
#924 = CARTESIAN_POINT('',(4.538695409224,19.295151196066));
#925 = CARTESIAN_POINT('',(4.538695408543,19.295244787353));
#926 = CARTESIAN_POINT('',(4.538695408212,19.295291582997));
#927 = CARTESIAN_POINT('',(4.53869540789,19.295338378641));
#928 = CARTESIAN_POINT('',(4.538695407578,19.295385174285));
#929 = CARTESIAN_POINT('',(4.538695407275,19.295431969929));
#930 = CARTESIAN_POINT('',(4.538695406981,19.295478765573));
#931 = CARTESIAN_POINT('',(4.538695406402,19.295574028135));
#932 = CARTESIAN_POINT('',(4.538695406118,19.295622495052));
#933 = CARTESIAN_POINT('',(4.538695405844,19.29567096197));
#934 = CARTESIAN_POINT('',(4.538695405579,19.295719428887));
#935 = CARTESIAN_POINT('',(4.538695405325,19.295767895805));
#936 = CARTESIAN_POINT('',(4.53869540508,19.295816362723));
#937 = CARTESIAN_POINT('',(4.538695404612,19.295913296558));
#938 = CARTESIAN_POINT('',(4.538695404387,19.295961763476));
#939 = CARTESIAN_POINT('',(4.538695404173,19.296010230394));
#940 = CARTESIAN_POINT('',(4.538695403969,19.296058697312));
#941 = CARTESIAN_POINT('',(4.538695403775,19.29610716423));
#942 = CARTESIAN_POINT('',(4.53869540359,19.296155631148));
#943 = CARTESIAN_POINT('',(4.538695403242,19.296252564984));
#944 = CARTESIAN_POINT('',(4.538695403078,19.296301031903));
#945 = CARTESIAN_POINT('',(4.538695402924,19.296349498821));
#946 = CARTESIAN_POINT('',(4.538695402779,19.296397965739));
#947 = CARTESIAN_POINT('',(4.538695402645,19.296446432658));
#948 = CARTESIAN_POINT('',(4.538695402521,19.296494899576));
#949 = CARTESIAN_POINT('',(4.538695402293,19.296591833413));
#950 = CARTESIAN_POINT('',(4.538695402189,19.296640300331));
#951 = CARTESIAN_POINT('',(4.538695402095,19.29668876725));
#952 = CARTESIAN_POINT('',(4.538695402011,19.296737234168));
#953 = CARTESIAN_POINT('',(4.538695401937,19.296785701087));
#954 = CARTESIAN_POINT('',(4.538695401873,19.296834168006));
#955 = CARTESIAN_POINT('',(4.538695401771,19.296926088024));
#956 = CARTESIAN_POINT('',(4.538695401731,19.296969541123));
#957 = CARTESIAN_POINT('',(4.538695401698,19.297012994223));
#958 = CARTESIAN_POINT('',(4.538695401674,19.297056447322));
#959 = CARTESIAN_POINT('',(4.538695401658,19.297099900422));
#960 = CARTESIAN_POINT('',(4.53869540165,19.297143353521));
#961 = CARTESIAN_POINT('',(4.53869540165,20.032093239995));
#962 = CARTESIAN_POINT('',(4.541000067542,20.765650518879));
#963 = CARTESIAN_POINT('',(4.545594102528,21.492031104101));
#964 = CARTESIAN_POINT('',(4.552536860648,22.204905194869));
#965 = CARTESIAN_POINT('',(4.561939133801,22.895352471606));
#966 = CARTESIAN_POINT('',(4.573950277392,23.550621637569));
#967 = CARTESIAN_POINT('',(4.598696850474,24.555150227042));
#968 = CARTESIAN_POINT('',(4.610046318065,24.939363462562));
#969 = CARTESIAN_POINT('',(4.622767064216,25.29135713952));
#970 = CARTESIAN_POINT('',(4.636806317573,25.599769600416));
#971 = CARTESIAN_POINT('',(4.652067672888,25.853413791053));
#972 = CARTESIAN_POINT('',(4.668410548926,26.041195409351));
#973 = CARTESIAN_POINT('',(4.697944752942,26.230944216582));
#974 = CARTESIAN_POINT('',(4.71055525155,26.26976891521));
#975 = CARTESIAN_POINT('',(4.723280295292,26.26529393061));
#976 = CARTESIAN_POINT('',(4.735917290048,26.21692976492));
#977 = CARTESIAN_POINT('',(4.748265652718,26.126519012732));
#978 = CARTESIAN_POINT('',(4.760137007817,25.998315621323));
#979 = CARTESIAN_POINT('',(4.788711965738,25.59286659074));
#980 = CARTESIAN_POINT('',(4.804533020602,25.272324500195));
#981 = CARTESIAN_POINT('',(4.818755816839,24.894118628521));
#982 = CARTESIAN_POINT('',(4.831372878045,24.471634615279));
#983 = CARTESIAN_POINT('',(4.842411581439,24.015833583428));
#984 = CARTESIAN_POINT('',(4.851920016204,23.535724541278));
#985 = CARTESIAN_POINT('',(4.868034020525,22.539192773038));
#986 = CARTESIAN_POINT('',(4.874662420525,22.020372867733));
#987 = CARTESIAN_POINT('',(4.879901415139,21.487973858423));
#988 = CARTESIAN_POINT('',(4.883797921484,20.946304435896));
#989 = CARTESIAN_POINT('',(4.886385260971,20.398726133953));
#990 = CARTESIAN_POINT('',(4.887680224917,19.848113487426));
#991 = CARTESIAN_POINT('',(4.887680224917,18.746260118682));
#992 = CARTESIAN_POINT('',(4.886385261049,18.195647495754));
#993 = CARTESIAN_POINT('',(4.883797921369,17.648069167786));
#994 = CARTESIAN_POINT('',(4.879901415102,17.106399744834));
#995 = CARTESIAN_POINT('',(4.874662420697,16.574000761461));
#996 = CARTESIAN_POINT('',(4.868034020419,16.055180833658));
#997 = CARTESIAN_POINT('',(4.851920016209,15.058649072241));
#998 = CARTESIAN_POINT('',(4.842411581441,14.578540029786));
#999 = CARTESIAN_POINT('',(4.83137287804,14.122738997754));
#1000 = CARTESIAN_POINT('',(4.818755816833,13.700254984618));
#1001 = CARTESIAN_POINT('',(4.804533020603,13.322049113144));
#1002 = CARTESIAN_POINT('',(4.788711965746,13.001507022612));
#1003 = CARTESIAN_POINT('',(4.758605308569,12.574324767442));
#1004 = CARTESIAN_POINT('',(4.745005130881,12.433318670688));
#1005 = CARTESIAN_POINT('',(4.730813814474,12.342376301058));
#1006 = CARTESIAN_POINT('',(4.716317700647,12.307328181267));
#1007 = CARTESIAN_POINT('',(4.70182011292,12.329870316451));
#1008 = CARTESIAN_POINT('',(4.687622485931,12.407547301527));
#1009 = CARTESIAN_POINT('',(4.658901883357,12.67342055818));
#1010 = CARTESIAN_POINT('',(4.644641764388,12.871508292207));
#1011 = CARTESIAN_POINT('',(4.631332526898,13.119158236627));
#1012 = CARTESIAN_POINT('',(4.619050336137,13.408106843785));
#1013 = CARTESIAN_POINT('',(4.607843614125,13.730389463253));
#1014 = CARTESIAN_POINT('',(4.597735319158,14.078254475198));
#1015 = CARTESIAN_POINT('',(4.573958874156,15.0434030104));
#1016 = CARTESIAN_POINT('',(4.561953119965,15.698258254563));
#1017 = CARTESIAN_POINT('',(4.552553300445,16.388261901626));
#1018 = CARTESIAN_POINT('',(4.54561030204,17.100680366482));
#1019 = CARTESIAN_POINT('',(4.541013469825,17.826605181363));
#1020 = CARTESIAN_POINT('',(4.538703463674,18.559714623582));
#1021 = CARTESIAN_POINT('',(4.538695418053,19.294191885395));
#1022 = ( GEOMETRIC_REPRESENTATION_CONTEXT(2) 
PARAMETRIC_REPRESENTATION_CONTEXT() REPRESENTATION_CONTEXT('2D SPACE',''
  ) );
#1023 = ORIENTED_EDGE('',*,*,#641,.T.);
#1024 = ADVANCED_FACE('',(#1025,#1083),#622,.T.);
#1025 = FACE_BOUND('',#1026,.T.);
#1026 = EDGE_LOOP('',(#1027,#1060,#1081,#1082));
#1027 = ORIENTED_EDGE('',*,*,#1028,.T.);
#1028 = EDGE_CURVE('',#1029,#1029,#1031,.T.);
#1029 = VERTEX_POINT('',#1030);
#1030 = CARTESIAN_POINT('',(8.260250499055E-03,37.961138820037,
    -39.9808768719));
#1031 = SURFACE_CURVE('',#1032,(#1037,#1044),.PCURVE_S1.);
#1032 = CIRCLE('',#1033,39.990520934517);
#1033 = AXIS2_PLACEMENT_3D('',#1034,#1035,#1036);
#1034 = CARTESIAN_POINT('',(8.260250499065E-03,37.943893395833,
    9.640344169182E-03));
#1035 = DIRECTION('',(1.12154201282E-04,-0.999999900728,
    -4.312377956738E-04));
#1036 = DIRECTION('',(-1.323488980085E-23,4.31237798386E-04,
    -0.999999907017));
#1037 = PCURVE('',#622,#1038);
#1038 = DEFINITIONAL_REPRESENTATION('',(#1039),#1043);
#1039 = LINE('',#1040,#1041);
#1040 = CARTESIAN_POINT('',(0.,0.522720581671));
#1041 = VECTOR('',#1042,1.);
#1042 = DIRECTION('',(1.,0.));
#1043 = ( GEOMETRIC_REPRESENTATION_CONTEXT(2) 
PARAMETRIC_REPRESENTATION_CONTEXT() REPRESENTATION_CONTEXT('2D SPACE',''
  ) );
#1044 = PCURVE('',#1045,#1050);
#1045 = PLANE('',#1046);
#1046 = AXIS2_PLACEMENT_3D('',#1047,#1048,#1049);
#1047 = CARTESIAN_POINT('',(8.260250499065E-03,37.943893395833,
    9.640344169182E-03));
#1048 = DIRECTION('',(-1.12154201282E-04,0.999999900728,
    4.312377956738E-04));
#1049 = DIRECTION('',(6.617444900424E-24,-4.31237798386E-04,
    0.999999907017));
#1050 = DEFINITIONAL_REPRESENTATION('',(#1051),#1059);
#1051 = ( BOUNDED_CURVE() B_SPLINE_CURVE(2,(#1052,#1053,#1054,#1055,
#1056,#1057,#1058),.UNSPECIFIED.,.T.,.F.) B_SPLINE_CURVE_WITH_KNOTS((1,2
    ,2,2,2,1),(-2.094395102393,0.,2.094395102393,4.188790204786,
6.28318530718,8.377580409573),.UNSPECIFIED.) CURVE() 
GEOMETRIC_REPRESENTATION_ITEM() RATIONAL_B_SPLINE_CURVE((1.,0.5,1.,0.5,
1.,0.5,1.)) REPRESENTATION_ITEM('') );
#1052 = CARTESIAN_POINT('',(-39.99052093451,-1.734988100135E-18));
#1053 = CARTESIAN_POINT('',(-39.99052093451,69.26561407973));
#1054 = CARTESIAN_POINT('',(19.995260467258,34.632807039865));
#1055 = CARTESIAN_POINT('',(79.981041869034,9.793118497543E-15));
#1056 = CARTESIAN_POINT('',(19.995260467258,-34.63280703986));
#1057 = CARTESIAN_POINT('',(-39.99052093451,-69.26561407973));
#1058 = CARTESIAN_POINT('',(-39.99052093451,-1.734988100135E-18));
#1059 = ( GEOMETRIC_REPRESENTATION_CONTEXT(2) 
PARAMETRIC_REPRESENTATION_CONTEXT() REPRESENTATION_CONTEXT('2D SPACE',''
  ) );
#1060 = ORIENTED_EDGE('',*,*,#1061,.T.);
#1061 = EDGE_CURVE('',#1029,#606,#1062,.T.);
#1062 = SEAM_CURVE('',#1063,(#1067,#1074),.PCURVE_S1.);
#1063 = LINE('',#1064,#1065);
#1064 = CARTESIAN_POINT('',(8.201625189724E-03,38.483859349817,
    -39.98065145503));
#1065 = VECTOR('',#1066,1.);
#1066 = DIRECTION('',(1.12154201282E-04,-0.999999900728,
    -4.312377956738E-04));
#1067 = PCURVE('',#622,#1068);
#1068 = DEFINITIONAL_REPRESENTATION('',(#1069),#1073);
#1069 = LINE('',#1070,#1071);
#1070 = CARTESIAN_POINT('',(0.,-0.));
#1071 = VECTOR('',#1072,1.);
#1072 = DIRECTION('',(0.,1.));
#1073 = ( GEOMETRIC_REPRESENTATION_CONTEXT(2) 
PARAMETRIC_REPRESENTATION_CONTEXT() REPRESENTATION_CONTEXT('2D SPACE',''
  ) );
#1074 = PCURVE('',#622,#1075);
#1075 = DEFINITIONAL_REPRESENTATION('',(#1076),#1080);
#1076 = LINE('',#1077,#1078);
#1077 = CARTESIAN_POINT('',(6.28318530718,-0.));
#1078 = VECTOR('',#1079,1.);
#1079 = DIRECTION('',(0.,1.));
#1080 = ( GEOMETRIC_REPRESENTATION_CONTEXT(2) 
PARAMETRIC_REPRESENTATION_CONTEXT() REPRESENTATION_CONTEXT('2D SPACE',''
  ) );
#1081 = ORIENTED_EDGE('',*,*,#605,.F.);
#1082 = ORIENTED_EDGE('',*,*,#1061,.F.);
#1083 = FACE_BOUND('',#1084,.T.);
#1084 = EDGE_LOOP('',(#1085));
#1085 = ORIENTED_EDGE('',*,*,#664,.T.);
#1086 = ADVANCED_FACE('',(#1087,#1118),#1045,.F.);
#1087 = FACE_BOUND('',#1088,.F.);
#1088 = EDGE_LOOP('',(#1089));
#1089 = ORIENTED_EDGE('',*,*,#1090,.T.);
#1090 = EDGE_CURVE('',#1091,#1091,#1093,.T.);
#1091 = VERTEX_POINT('',#1092);
#1092 = CARTESIAN_POINT('',(8.260250499053E-03,37.922846750937,
    48.814830933686));
#1093 = SURFACE_CURVE('',#1094,(#1099,#1106),.PCURVE_S1.);
#1094 = CIRCLE('',#1095,48.805195127572);
#1095 = AXIS2_PLACEMENT_3D('',#1096,#1097,#1098);
#1096 = CARTESIAN_POINT('',(8.260250499065E-03,37.943893395833,
    9.640344169182E-03));
#1097 = DIRECTION('',(-1.12154201282E-04,0.999999900728,
    4.312377956738E-04));
#1098 = DIRECTION('',(1.323488980085E-23,-4.31237798386E-04,
    0.999999907017));
#1099 = PCURVE('',#1045,#1100);
#1100 = DEFINITIONAL_REPRESENTATION('',(#1101),#1105);
#1101 = CIRCLE('',#1102,48.805195127572);
#1102 = AXIS2_PLACEMENT_2D('',#1103,#1104);
#1103 = CARTESIAN_POINT('',(0.,0.));
#1104 = DIRECTION('',(1.,0.));
#1105 = ( GEOMETRIC_REPRESENTATION_CONTEXT(2) 
PARAMETRIC_REPRESENTATION_CONTEXT() REPRESENTATION_CONTEXT('2D SPACE',''
  ) );
#1106 = PCURVE('',#1107,#1112);
#1107 = CYLINDRICAL_SURFACE('',#1108,48.805195127572);
#1108 = AXIS2_PLACEMENT_3D('',#1109,#1110,#1111);
#1109 = CARTESIAN_POINT('',(8.260250499065E-03,37.943893395833,
    9.640344169182E-03));
#1110 = DIRECTION('',(-1.12154201282E-04,0.999999900728,
    4.312377956738E-04));
#1111 = DIRECTION('',(6.617444900424E-24,-4.31237798386E-04,
    0.999999907017));
#1112 = DEFINITIONAL_REPRESENTATION('',(#1113),#1117);
#1113 = LINE('',#1114,#1115);
#1114 = CARTESIAN_POINT('',(0.,0.));
#1115 = VECTOR('',#1116,1.);
#1116 = DIRECTION('',(1.,0.));
#1117 = ( GEOMETRIC_REPRESENTATION_CONTEXT(2) 
PARAMETRIC_REPRESENTATION_CONTEXT() REPRESENTATION_CONTEXT('2D SPACE',''
  ) );
#1118 = FACE_BOUND('',#1119,.F.);
#1119 = EDGE_LOOP('',(#1120));
#1120 = ORIENTED_EDGE('',*,*,#1028,.T.);
#1121 = ADVANCED_FACE('',(#1122),#1107,.T.);
#1122 = FACE_BOUND('',#1123,.T.);
#1123 = EDGE_LOOP('',(#1124,#1153,#1174,#1175));
#1124 = ORIENTED_EDGE('',*,*,#1125,.F.);
#1125 = EDGE_CURVE('',#1126,#1126,#1128,.T.);
#1126 = VERTEX_POINT('',#1127);
#1127 = CARTESIAN_POINT('',(7.635942744677E-03,43.489358618192,
    48.817231424232));
#1128 = SURFACE_CURVE('',#1129,(#1134,#1141),.PCURVE_S1.);
#1129 = CIRCLE('',#1130,48.805195127572);
#1130 = AXIS2_PLACEMENT_3D('',#1131,#1132,#1133);
#1131 = CARTESIAN_POINT('',(7.635942744689E-03,43.510405263089,
    1.204083471471E-02));
#1132 = DIRECTION('',(-1.12154201282E-04,0.999999900728,
    4.312377956738E-04));
#1133 = DIRECTION('',(1.323488980085E-23,-4.31237798386E-04,
    0.999999907017));
#1134 = PCURVE('',#1107,#1135);
#1135 = DEFINITIONAL_REPRESENTATION('',(#1136),#1140);
#1136 = LINE('',#1137,#1138);
#1137 = CARTESIAN_POINT('',(0.,5.566512419856));
#1138 = VECTOR('',#1139,1.);
#1139 = DIRECTION('',(1.,0.));
#1140 = ( GEOMETRIC_REPRESENTATION_CONTEXT(2) 
PARAMETRIC_REPRESENTATION_CONTEXT() REPRESENTATION_CONTEXT('2D SPACE',''
  ) );
#1141 = PCURVE('',#1142,#1147);
#1142 = PLANE('',#1143);
#1143 = AXIS2_PLACEMENT_3D('',#1144,#1145,#1146);
#1144 = CARTESIAN_POINT('',(7.635942744689E-03,43.510405263089,
    1.204083471471E-02));
#1145 = DIRECTION('',(-1.12154201282E-04,0.999999900728,
    4.312377956738E-04));
#1146 = DIRECTION('',(6.617444900424E-24,-4.31237798386E-04,
    0.999999907017));
#1147 = DEFINITIONAL_REPRESENTATION('',(#1148),#1152);
#1148 = CIRCLE('',#1149,48.805195127572);
#1149 = AXIS2_PLACEMENT_2D('',#1150,#1151);
#1150 = CARTESIAN_POINT('',(0.,0.));
#1151 = DIRECTION('',(1.,0.));
#1152 = ( GEOMETRIC_REPRESENTATION_CONTEXT(2) 
PARAMETRIC_REPRESENTATION_CONTEXT() REPRESENTATION_CONTEXT('2D SPACE',''
  ) );
#1153 = ORIENTED_EDGE('',*,*,#1154,.F.);
#1154 = EDGE_CURVE('',#1091,#1126,#1155,.T.);
#1155 = SEAM_CURVE('',#1156,(#1160,#1167),.PCURVE_S1.);
#1156 = LINE('',#1157,#1158);
#1157 = CARTESIAN_POINT('',(8.260250499053E-03,37.922846750937,
    48.814830933686));
#1158 = VECTOR('',#1159,1.);
#1159 = DIRECTION('',(-1.12154201282E-04,0.999999900728,
    4.312377956738E-04));
#1160 = PCURVE('',#1107,#1161);
#1161 = DEFINITIONAL_REPRESENTATION('',(#1162),#1166);
#1162 = LINE('',#1163,#1164);
#1163 = CARTESIAN_POINT('',(6.28318530718,-0.));
#1164 = VECTOR('',#1165,1.);
#1165 = DIRECTION('',(0.,1.));
#1166 = ( GEOMETRIC_REPRESENTATION_CONTEXT(2) 
PARAMETRIC_REPRESENTATION_CONTEXT() REPRESENTATION_CONTEXT('2D SPACE',''
  ) );
#1167 = PCURVE('',#1107,#1168);
#1168 = DEFINITIONAL_REPRESENTATION('',(#1169),#1173);
#1169 = LINE('',#1170,#1171);
#1170 = CARTESIAN_POINT('',(0.,-0.));
#1171 = VECTOR('',#1172,1.);
#1172 = DIRECTION('',(0.,1.));
#1173 = ( GEOMETRIC_REPRESENTATION_CONTEXT(2) 
PARAMETRIC_REPRESENTATION_CONTEXT() REPRESENTATION_CONTEXT('2D SPACE',''
  ) );
#1174 = ORIENTED_EDGE('',*,*,#1090,.T.);
#1175 = ORIENTED_EDGE('',*,*,#1154,.T.);
#1176 = ADVANCED_FACE('',(#1177,#1208),#93,.T.);
#1177 = FACE_BOUND('',#1178,.T.);
#1178 = EDGE_LOOP('',(#1179));
#1179 = ORIENTED_EDGE('',*,*,#1180,.T.);
#1180 = EDGE_CURVE('',#1181,#1181,#1183,.T.);
#1181 = VERTEX_POINT('',#1182);
#1182 = CARTESIAN_POINT('',(5.898720288703E-03,58.992345759978,
    17.750766447763));
#1183 = SURFACE_CURVE('',#1184,(#1189,#1196),.PCURVE_S1.);
#1184 = CIRCLE('',#1185,17.732047565713);
#1185 = AXIS2_PLACEMENT_3D('',#1186,#1187,#1188);
#1186 = CARTESIAN_POINT('',(5.898720288707E-03,58.999992489131,
    1.872053082908E-02));
#1187 = DIRECTION('',(-1.12154201282E-04,0.999999900728,
    4.312377956738E-04));
#1188 = DIRECTION('',(1.323488980085E-23,-4.31237798386E-04,
    0.999999907017));
#1189 = PCURVE('',#93,#1190);
#1190 = DEFINITIONAL_REPRESENTATION('',(#1191),#1195);
#1191 = CIRCLE('',#1192,17.732047565713);
#1192 = AXIS2_PLACEMENT_2D('',#1193,#1194);
#1193 = CARTESIAN_POINT('',(0.,0.));
#1194 = DIRECTION('',(1.,0.));
#1195 = ( GEOMETRIC_REPRESENTATION_CONTEXT(2) 
PARAMETRIC_REPRESENTATION_CONTEXT() REPRESENTATION_CONTEXT('2D SPACE',''
  ) );
#1196 = PCURVE('',#1197,#1202);
#1197 = CONICAL_SURFACE('',#1198,17.732047565713,1.047197559718);
#1198 = AXIS2_PLACEMENT_3D('',#1199,#1200,#1201);
#1199 = CARTESIAN_POINT('',(5.898720288707E-03,58.999992489131,
    1.872053082908E-02));
#1200 = DIRECTION('',(1.12154201282E-04,-0.999999900728,
    -4.312377956738E-04));
#1201 = DIRECTION('',(6.617444900424E-24,-4.31237798386E-04,
    0.999999907017));
#1202 = DEFINITIONAL_REPRESENTATION('',(#1203),#1207);
#1203 = LINE('',#1204,#1205);
#1204 = CARTESIAN_POINT('',(-0.,-0.));
#1205 = VECTOR('',#1206,1.);
#1206 = DIRECTION('',(-1.,-0.));
#1207 = ( GEOMETRIC_REPRESENTATION_CONTEXT(2) 
PARAMETRIC_REPRESENTATION_CONTEXT() REPRESENTATION_CONTEXT('2D SPACE',''
  ) );
#1208 = FACE_BOUND('',#1209,.T.);
#1209 = EDGE_LOOP('',(#1210));
#1210 = ORIENTED_EDGE('',*,*,#78,.T.);
#1211 = ADVANCED_FACE('',(#1212,#1215),#1142,.T.);
#1212 = FACE_BOUND('',#1213,.T.);
#1213 = EDGE_LOOP('',(#1214));
#1214 = ORIENTED_EDGE('',*,*,#1125,.T.);
#1215 = FACE_BOUND('',#1216,.T.);
#1216 = EDGE_LOOP('',(#1217));
#1217 = ORIENTED_EDGE('',*,*,#1218,.F.);
#1218 = EDGE_CURVE('',#1219,#1219,#1221,.T.);
#1219 = VERTEX_POINT('',#1220);
#1220 = CARTESIAN_POINT('',(7.635942744678E-03,43.48972451435,
    47.968752637495));
#1221 = SURFACE_CURVE('',#1222,(#1227,#1234),.PCURVE_S1.);
#1222 = CIRCLE('',#1223,47.956716261941);
#1223 = AXIS2_PLACEMENT_3D('',#1224,#1225,#1226);
#1224 = CARTESIAN_POINT('',(7.635942744689E-03,43.510405263089,
    1.204083471471E-02));
#1225 = DIRECTION('',(-1.12154201282E-04,0.999999900728,
    4.312377956738E-04));
#1226 = DIRECTION('',(1.323488980085E-23,-4.31237798386E-04,
    0.999999907017));
#1227 = PCURVE('',#1142,#1228);
#1228 = DEFINITIONAL_REPRESENTATION('',(#1229),#1233);
#1229 = CIRCLE('',#1230,47.956716261941);
#1230 = AXIS2_PLACEMENT_2D('',#1231,#1232);
#1231 = CARTESIAN_POINT('',(1.329405535607E-18,-7.969035398605E-19));
#1232 = DIRECTION('',(1.,6.617444900424E-24));
#1233 = ( GEOMETRIC_REPRESENTATION_CONTEXT(2) 
PARAMETRIC_REPRESENTATION_CONTEXT() REPRESENTATION_CONTEXT('2D SPACE',''
  ) );
#1234 = PCURVE('',#1235,#1240);
#1235 = CONICAL_SURFACE('',#1236,48.755204514209,1.047197878502);
#1236 = AXIS2_PLACEMENT_3D('',#1237,#1238,#1239);
#1237 = CARTESIAN_POINT('',(7.687646623169E-03,43.049398249929,
    1.184203104683E-02));
#1238 = DIRECTION('',(1.12154201282E-04,-0.999999900728,
    -4.312377956738E-04));
#1239 = DIRECTION('',(6.617444900424E-24,-4.31237798386E-04,
    0.999999907017));
#1240 = DEFINITIONAL_REPRESENTATION('',(#1241),#1245);
#1241 = LINE('',#1242,#1243);
#1242 = CARTESIAN_POINT('',(-6.617444900424E-24,-0.461007058925));
#1243 = VECTOR('',#1244,1.);
#1244 = DIRECTION('',(-1.,-0.));
#1245 = ( GEOMETRIC_REPRESENTATION_CONTEXT(2) 
PARAMETRIC_REPRESENTATION_CONTEXT() REPRESENTATION_CONTEXT('2D SPACE',''
  ) );
#1246 = ADVANCED_FACE('',(#1247),#1197,.F.);
#1247 = FACE_BOUND('',#1248,.F.);
#1248 = EDGE_LOOP('',(#1249,#1280,#1301,#1302,#1303));
#1249 = ORIENTED_EDGE('',*,*,#1250,.T.);
#1250 = EDGE_CURVE('',#1251,#1253,#1255,.T.);
#1251 = VERTEX_POINT('',#1252);
#1252 = CARTESIAN_POINT('',(5.788641981034E-03,59.98839673924,
    -16.01291046214));
#1253 = VERTEX_POINT('',#1254);
#1254 = CARTESIAN_POINT('',(5.788641981034E-03,59.974569482398,
    16.051198035592));
#1255 = SURFACE_CURVE('',#1256,(#1261,#1268),.PCURVE_S1.);
#1256 = CIRCLE('',#1257,16.032055739578);
#1257 = AXIS2_PLACEMENT_3D('',#1258,#1259,#1260);
#1258 = CARTESIAN_POINT('',(5.788641981038E-03,59.981483110819,
    1.914378672326E-02));
#1259 = DIRECTION('',(1.12154201282E-04,-0.999999900728,
    -4.312377956738E-04));
#1260 = DIRECTION('',(-6.617444900424E-24,4.31237798386E-04,
    -0.999999907017));
#1261 = PCURVE('',#1197,#1262);
#1262 = DEFINITIONAL_REPRESENTATION('',(#1263),#1267);
#1263 = LINE('',#1264,#1265);
#1264 = CARTESIAN_POINT('',(-3.14159265359,-0.981490719123));
#1265 = VECTOR('',#1266,1.);
#1266 = DIRECTION('',(1.,-0.));
#1267 = ( GEOMETRIC_REPRESENTATION_CONTEXT(2) 
PARAMETRIC_REPRESENTATION_CONTEXT() REPRESENTATION_CONTEXT('2D SPACE',''
  ) );
#1268 = PCURVE('',#1269,#1274);
#1269 = CYLINDRICAL_SURFACE('',#1270,16.032055739578);
#1270 = AXIS2_PLACEMENT_3D('',#1271,#1272,#1273);
#1271 = CARTESIAN_POINT('',(5.669043200267E-03,61.04786107554,
    1.960364925178E-02));
#1272 = DIRECTION('',(1.12154201282E-04,-0.999999900728,
    -4.312377956738E-04));
#1273 = DIRECTION('',(-6.617444900424E-24,4.31237798386E-04,
    -0.999999907017));
#1274 = DEFINITIONAL_REPRESENTATION('',(#1275),#1279);
#1275 = LINE('',#1276,#1277);
#1276 = CARTESIAN_POINT('',(0.,1.066378070582));
#1277 = VECTOR('',#1278,1.);
#1278 = DIRECTION('',(1.,0.));
#1279 = ( GEOMETRIC_REPRESENTATION_CONTEXT(2) 
PARAMETRIC_REPRESENTATION_CONTEXT() REPRESENTATION_CONTEXT('2D SPACE',''
  ) );
#1280 = ORIENTED_EDGE('',*,*,#1281,.F.);
#1281 = EDGE_CURVE('',#1181,#1253,#1282,.T.);
#1282 = SEAM_CURVE('',#1283,(#1287,#1294),.PCURVE_S1.);
#1283 = LINE('',#1284,#1285);
#1284 = CARTESIAN_POINT('',(5.898720288703E-03,58.992345759978,
    17.750766447763));
#1285 = VECTOR('',#1286,1.);
#1286 = DIRECTION('',(-5.607709981307E-05,0.500373405874,-0.865809708625
    ));
#1287 = PCURVE('',#1197,#1288);
#1288 = DEFINITIONAL_REPRESENTATION('',(#1289),#1293);
#1289 = LINE('',#1290,#1291);
#1290 = CARTESIAN_POINT('',(-6.28318530718,0.));
#1291 = VECTOR('',#1292,1.);
#1292 = DIRECTION('',(-0.,-1.));
#1293 = ( GEOMETRIC_REPRESENTATION_CONTEXT(2) 
PARAMETRIC_REPRESENTATION_CONTEXT() REPRESENTATION_CONTEXT('2D SPACE',''
  ) );
#1294 = PCURVE('',#1197,#1295);
#1295 = DEFINITIONAL_REPRESENTATION('',(#1296),#1300);
#1296 = LINE('',#1297,#1298);
#1297 = CARTESIAN_POINT('',(0.,-0.));
#1298 = VECTOR('',#1299,1.);
#1299 = DIRECTION('',(-0.,-1.));
#1300 = ( GEOMETRIC_REPRESENTATION_CONTEXT(2) 
PARAMETRIC_REPRESENTATION_CONTEXT() REPRESENTATION_CONTEXT('2D SPACE',''
  ) );
#1301 = ORIENTED_EDGE('',*,*,#1180,.T.);
#1302 = ORIENTED_EDGE('',*,*,#1281,.T.);
#1303 = ORIENTED_EDGE('',*,*,#1304,.T.);
#1304 = EDGE_CURVE('',#1253,#1251,#1305,.T.);
#1305 = SURFACE_CURVE('',#1306,(#1311,#1318),.PCURVE_S1.);
#1306 = CIRCLE('',#1307,16.032055739578);
#1307 = AXIS2_PLACEMENT_3D('',#1308,#1309,#1310);
#1308 = CARTESIAN_POINT('',(5.788641981038E-03,59.981483110819,
    1.914378672326E-02));
#1309 = DIRECTION('',(1.12154201282E-04,-0.999999900728,
    -4.312377956738E-04));
#1310 = DIRECTION('',(-6.617444900424E-24,4.31237798386E-04,
    -0.999999907017));
#1311 = PCURVE('',#1197,#1312);
#1312 = DEFINITIONAL_REPRESENTATION('',(#1313),#1317);
#1313 = LINE('',#1314,#1315);
#1314 = CARTESIAN_POINT('',(-9.424777960769,-0.981490719123));
#1315 = VECTOR('',#1316,1.);
#1316 = DIRECTION('',(1.,-0.));
#1317 = ( GEOMETRIC_REPRESENTATION_CONTEXT(2) 
PARAMETRIC_REPRESENTATION_CONTEXT() REPRESENTATION_CONTEXT('2D SPACE',''
  ) );
#1318 = PCURVE('',#1269,#1319);
#1319 = DEFINITIONAL_REPRESENTATION('',(#1320),#1324);
#1320 = LINE('',#1321,#1322);
#1321 = CARTESIAN_POINT('',(0.,1.066378070582));
#1322 = VECTOR('',#1323,1.);
#1323 = DIRECTION('',(1.,0.));
#1324 = ( GEOMETRIC_REPRESENTATION_CONTEXT(2) 
PARAMETRIC_REPRESENTATION_CONTEXT() REPRESENTATION_CONTEXT('2D SPACE',''
  ) );
#1325 = ADVANCED_FACE('',(#1326),#1235,.T.);
#1326 = FACE_BOUND('',#1327,.T.);
#1327 = EDGE_LOOP('',(#1328,#1357,#1378,#1379));
#1328 = ORIENTED_EDGE('',*,*,#1329,.F.);
#1329 = EDGE_CURVE('',#1330,#1330,#1332,.T.);
#1330 = VERTEX_POINT('',#1331);
#1331 = CARTESIAN_POINT('',(7.485085665622E-03,44.835815356076,
    45.639573341873));
#1332 = SURFACE_CURVE('',#1333,(#1338,#1345),.PCURVE_S1.);
#1333 = CIRCLE('',#1334,45.626956697641);
#1334 = AXIS2_PLACEMENT_3D('',#1335,#1336,#1337);
#1335 = CARTESIAN_POINT('',(7.485085665633E-03,44.855491424429,
    1.26208867635E-02));
#1336 = DIRECTION('',(-1.12154201282E-04,0.999999900728,
    4.312377956738E-04));
#1337 = DIRECTION('',(6.617444900424E-24,-4.31237798386E-04,
    0.999999907017));
#1338 = PCURVE('',#1235,#1339);
#1339 = DEFINITIONAL_REPRESENTATION('',(#1340),#1344);
#1340 = LINE('',#1341,#1342);
#1341 = CARTESIAN_POINT('',(-0.,-1.806093353796));
#1342 = VECTOR('',#1343,1.);
#1343 = DIRECTION('',(-1.,-0.));
#1344 = ( GEOMETRIC_REPRESENTATION_CONTEXT(2) 
PARAMETRIC_REPRESENTATION_CONTEXT() REPRESENTATION_CONTEXT('2D SPACE',''
  ) );
#1345 = PCURVE('',#1346,#1351);
#1346 = CYLINDRICAL_SURFACE('',#1347,45.626956697641);
#1347 = AXIS2_PLACEMENT_3D('',#1348,#1349,#1350);
#1348 = CARTESIAN_POINT('',(7.557400880365E-03,44.210707664871,
    1.234283160874E-02));
#1349 = DIRECTION('',(-1.12154201282E-04,0.999999900728,
    4.312377956738E-04));
#1350 = DIRECTION('',(6.617444900424E-24,-4.31237798386E-04,
    0.999999907017));
#1351 = DEFINITIONAL_REPRESENTATION('',(#1352),#1356);
#1352 = LINE('',#1353,#1354);
#1353 = CARTESIAN_POINT('',(0.,0.644783823567));
#1354 = VECTOR('',#1355,1.);
#1355 = DIRECTION('',(1.,0.));
#1356 = ( GEOMETRIC_REPRESENTATION_CONTEXT(2) 
PARAMETRIC_REPRESENTATION_CONTEXT() REPRESENTATION_CONTEXT('2D SPACE',''
  ) );
#1357 = ORIENTED_EDGE('',*,*,#1358,.F.);
#1358 = EDGE_CURVE('',#1219,#1330,#1359,.T.);
#1359 = SEAM_CURVE('',#1360,(#1364,#1371),.PCURVE_S1.);
#1360 = LINE('',#1361,#1362);
#1361 = CARTESIAN_POINT('',(7.687646623157E-03,43.028373162874,
    48.767042011849));
#1362 = VECTOR('',#1363,1.);
#1363 = DIRECTION('',(-5.607706885009E-05,0.500373129868,-0.865809868136
    ));
#1364 = PCURVE('',#1235,#1365);
#1365 = DEFINITIONAL_REPRESENTATION('',(#1366),#1370);
#1366 = LINE('',#1367,#1368);
#1367 = CARTESIAN_POINT('',(-6.28318530718,0.));
#1368 = VECTOR('',#1369,1.);
#1369 = DIRECTION('',(-0.,-1.));
#1370 = ( GEOMETRIC_REPRESENTATION_CONTEXT(2) 
PARAMETRIC_REPRESENTATION_CONTEXT() REPRESENTATION_CONTEXT('2D SPACE',''
  ) );
#1371 = PCURVE('',#1235,#1372);
#1372 = DEFINITIONAL_REPRESENTATION('',(#1373),#1377);
#1373 = LINE('',#1374,#1375);
#1374 = CARTESIAN_POINT('',(0.,-0.));
#1375 = VECTOR('',#1376,1.);
#1376 = DIRECTION('',(-0.,-1.));
#1377 = ( GEOMETRIC_REPRESENTATION_CONTEXT(2) 
PARAMETRIC_REPRESENTATION_CONTEXT() REPRESENTATION_CONTEXT('2D SPACE',''
  ) );
#1378 = ORIENTED_EDGE('',*,*,#1218,.T.);
#1379 = ORIENTED_EDGE('',*,*,#1358,.T.);
#1380 = ADVANCED_FACE('',(#1381),#1269,.F.);
#1381 = FACE_BOUND('',#1382,.F.);
#1382 = EDGE_LOOP('',(#1383,#1384,#1407,#1434,#1435));
#1383 = ORIENTED_EDGE('',*,*,#1250,.F.);
#1384 = ORIENTED_EDGE('',*,*,#1385,.F.);
#1385 = EDGE_CURVE('',#1386,#1251,#1388,.T.);
#1386 = VERTEX_POINT('',#1387);
#1387 = CARTESIAN_POINT('',(5.669043200263E-03,61.05477470396,
    -16.01245059961));
#1388 = SEAM_CURVE('',#1389,(#1393,#1400),.PCURVE_S1.);
#1389 = LINE('',#1390,#1391);
#1390 = CARTESIAN_POINT('',(5.669043200263E-03,61.05477470396,
    -16.01245059961));
#1391 = VECTOR('',#1392,1.);
#1392 = DIRECTION('',(1.12154201282E-04,-0.999999900728,
    -4.312377956738E-04));
#1393 = PCURVE('',#1269,#1394);
#1394 = DEFINITIONAL_REPRESENTATION('',(#1395),#1399);
#1395 = LINE('',#1396,#1397);
#1396 = CARTESIAN_POINT('',(6.28318530718,-0.));
#1397 = VECTOR('',#1398,1.);
#1398 = DIRECTION('',(0.,1.));
#1399 = ( GEOMETRIC_REPRESENTATION_CONTEXT(2) 
PARAMETRIC_REPRESENTATION_CONTEXT() REPRESENTATION_CONTEXT('2D SPACE',''
  ) );
#1400 = PCURVE('',#1269,#1401);
#1401 = DEFINITIONAL_REPRESENTATION('',(#1402),#1406);
#1402 = LINE('',#1403,#1404);
#1403 = CARTESIAN_POINT('',(0.,-0.));
#1404 = VECTOR('',#1405,1.);
#1405 = DIRECTION('',(0.,1.));
#1406 = ( GEOMETRIC_REPRESENTATION_CONTEXT(2) 
PARAMETRIC_REPRESENTATION_CONTEXT() REPRESENTATION_CONTEXT('2D SPACE',''
  ) );
#1407 = ORIENTED_EDGE('',*,*,#1408,.T.);
#1408 = EDGE_CURVE('',#1386,#1386,#1409,.T.);
#1409 = SURFACE_CURVE('',#1410,(#1415,#1422),.PCURVE_S1.);
#1410 = CIRCLE('',#1411,16.032055739578);
#1411 = AXIS2_PLACEMENT_3D('',#1412,#1413,#1414);
#1412 = CARTESIAN_POINT('',(5.669043200267E-03,61.04786107554,
    1.960364925178E-02));
#1413 = DIRECTION('',(1.12154201282E-04,-0.999999900728,
    -4.312377956738E-04));
#1414 = DIRECTION('',(-1.323488980085E-23,4.31237798386E-04,
    -0.999999907017));
#1415 = PCURVE('',#1269,#1416);
#1416 = DEFINITIONAL_REPRESENTATION('',(#1417),#1421);
#1417 = LINE('',#1418,#1419);
#1418 = CARTESIAN_POINT('',(0.,0.));
#1419 = VECTOR('',#1420,1.);
#1420 = DIRECTION('',(1.,0.));
#1421 = ( GEOMETRIC_REPRESENTATION_CONTEXT(2) 
PARAMETRIC_REPRESENTATION_CONTEXT() REPRESENTATION_CONTEXT('2D SPACE',''
  ) );
#1422 = PCURVE('',#1423,#1428);
#1423 = PLANE('',#1424);
#1424 = AXIS2_PLACEMENT_3D('',#1425,#1426,#1427);
#1425 = CARTESIAN_POINT('',(5.669043200267E-03,61.04786107554,
    1.960364925178E-02));
#1426 = DIRECTION('',(1.12154201282E-04,-0.999999900728,
    -4.312377956738E-04));
#1427 = DIRECTION('',(-6.617444900424E-24,4.31237798386E-04,
    -0.999999907017));
#1428 = DEFINITIONAL_REPRESENTATION('',(#1429),#1433);
#1429 = CIRCLE('',#1430,16.032055739578);
#1430 = AXIS2_PLACEMENT_2D('',#1431,#1432);
#1431 = CARTESIAN_POINT('',(0.,0.));
#1432 = DIRECTION('',(1.,0.));
#1433 = ( GEOMETRIC_REPRESENTATION_CONTEXT(2) 
PARAMETRIC_REPRESENTATION_CONTEXT() REPRESENTATION_CONTEXT('2D SPACE',''
  ) );
#1434 = ORIENTED_EDGE('',*,*,#1385,.T.);
#1435 = ORIENTED_EDGE('',*,*,#1304,.F.);
#1436 = ADVANCED_FACE('',(#1437),#1346,.T.);
#1437 = FACE_BOUND('',#1438,.T.);
#1438 = EDGE_LOOP('',(#1439,#1462,#1491,#1513,#1514));
#1439 = ORIENTED_EDGE('',*,*,#1440,.T.);
#1440 = EDGE_CURVE('',#1330,#1441,#1443,.T.);
#1441 = VERTEX_POINT('',#1442);
#1442 = CARTESIAN_POINT('',(7.161071197223E-03,47.724823815231,
    45.640819191636));
#1443 = SEAM_CURVE('',#1444,(#1448,#1455),.PCURVE_S1.);
#1444 = LINE('',#1445,#1446);
#1445 = CARTESIAN_POINT('',(7.557400880353E-03,44.191031596518,
    45.639295286718));
#1446 = VECTOR('',#1447,1.);
#1447 = DIRECTION('',(-1.12154201282E-04,0.999999900728,
    4.312377956738E-04));
#1448 = PCURVE('',#1346,#1449);
#1449 = DEFINITIONAL_REPRESENTATION('',(#1450),#1454);
#1450 = LINE('',#1451,#1452);
#1451 = CARTESIAN_POINT('',(6.28318530718,-0.));
#1452 = VECTOR('',#1453,1.);
#1453 = DIRECTION('',(0.,1.));
#1454 = ( GEOMETRIC_REPRESENTATION_CONTEXT(2) 
PARAMETRIC_REPRESENTATION_CONTEXT() REPRESENTATION_CONTEXT('2D SPACE',''
  ) );
#1455 = PCURVE('',#1346,#1456);
#1456 = DEFINITIONAL_REPRESENTATION('',(#1457),#1461);
#1457 = LINE('',#1458,#1459);
#1458 = CARTESIAN_POINT('',(0.,-0.));
#1459 = VECTOR('',#1460,1.);
#1460 = DIRECTION('',(0.,1.));
#1461 = ( GEOMETRIC_REPRESENTATION_CONTEXT(2) 
PARAMETRIC_REPRESENTATION_CONTEXT() REPRESENTATION_CONTEXT('2D SPACE',''
  ) );
#1462 = ORIENTED_EDGE('',*,*,#1463,.F.);
#1463 = EDGE_CURVE('',#1464,#1441,#1466,.T.);
#1464 = VERTEX_POINT('',#1465);
#1465 = CARTESIAN_POINT('',(7.161071197223E-03,47.764175951937,
    -45.61308571858));
#1466 = SURFACE_CURVE('',#1467,(#1472,#1479),.PCURVE_S1.);
#1467 = CIRCLE('',#1468,45.626956697641);
#1468 = AXIS2_PLACEMENT_3D('',#1469,#1470,#1471);
#1469 = CARTESIAN_POINT('',(7.161071197234E-03,47.744499883584,
    1.386673652679E-02));
#1470 = DIRECTION('',(-1.12154201282E-04,0.999999900728,
    4.312377956738E-04));
#1471 = DIRECTION('',(6.617444900424E-24,-4.31237798386E-04,
    0.999999907017));
#1472 = PCURVE('',#1346,#1473);
#1473 = DEFINITIONAL_REPRESENTATION('',(#1474),#1478);
#1474 = LINE('',#1475,#1476);
#1475 = CARTESIAN_POINT('',(0.,3.533792569521));
#1476 = VECTOR('',#1477,1.);
#1477 = DIRECTION('',(1.,0.));
#1478 = ( GEOMETRIC_REPRESENTATION_CONTEXT(2) 
PARAMETRIC_REPRESENTATION_CONTEXT() REPRESENTATION_CONTEXT('2D SPACE',''
  ) );
#1479 = PCURVE('',#1480,#1485);
#1480 = CONICAL_SURFACE('',#1481,48.755201294444,1.04719714573);
#1481 = AXIS2_PLACEMENT_3D('',#1482,#1483,#1484);
#1482 = CARTESIAN_POINT('',(6.958510105398E-03,49.550594255543,
    1.464559275985E-02));
#1483 = DIRECTION('',(-1.12154201282E-04,0.999999900728,
    4.312377956738E-04));
#1484 = DIRECTION('',(-6.617444900424E-24,4.31237798386E-04,
    -0.999999907017));
#1485 = DEFINITIONAL_REPRESENTATION('',(#1486),#1490);
#1486 = LINE('',#1487,#1488);
#1487 = CARTESIAN_POINT('',(-9.424777960769,-1.806094551254));
#1488 = VECTOR('',#1489,1.);
#1489 = DIRECTION('',(1.,-0.));
#1490 = ( GEOMETRIC_REPRESENTATION_CONTEXT(2) 
PARAMETRIC_REPRESENTATION_CONTEXT() REPRESENTATION_CONTEXT('2D SPACE',''
  ) );
#1491 = ORIENTED_EDGE('',*,*,#1492,.F.);
#1492 = EDGE_CURVE('',#1441,#1464,#1493,.T.);
#1493 = SURFACE_CURVE('',#1494,(#1499,#1506),.PCURVE_S1.);
#1494 = CIRCLE('',#1495,45.626956697641);
#1495 = AXIS2_PLACEMENT_3D('',#1496,#1497,#1498);
#1496 = CARTESIAN_POINT('',(7.161071197234E-03,47.744499883584,
    1.386673652679E-02));
#1497 = DIRECTION('',(-1.12154201282E-04,0.999999900728,
    4.312377956738E-04));
#1498 = DIRECTION('',(6.617444900424E-24,-4.31237798386E-04,
    0.999999907017));
#1499 = PCURVE('',#1346,#1500);
#1500 = DEFINITIONAL_REPRESENTATION('',(#1501),#1505);
#1501 = LINE('',#1502,#1503);
#1502 = CARTESIAN_POINT('',(0.,3.533792569521));
#1503 = VECTOR('',#1504,1.);
#1504 = DIRECTION('',(1.,0.));
#1505 = ( GEOMETRIC_REPRESENTATION_CONTEXT(2) 
PARAMETRIC_REPRESENTATION_CONTEXT() REPRESENTATION_CONTEXT('2D SPACE',''
  ) );
#1506 = PCURVE('',#1480,#1507);
#1507 = DEFINITIONAL_REPRESENTATION('',(#1508),#1512);
#1508 = LINE('',#1509,#1510);
#1509 = CARTESIAN_POINT('',(-3.14159265359,-1.806094551254));
#1510 = VECTOR('',#1511,1.);
#1511 = DIRECTION('',(1.,-0.));
#1512 = ( GEOMETRIC_REPRESENTATION_CONTEXT(2) 
PARAMETRIC_REPRESENTATION_CONTEXT() REPRESENTATION_CONTEXT('2D SPACE',''
  ) );
#1513 = ORIENTED_EDGE('',*,*,#1440,.F.);
#1514 = ORIENTED_EDGE('',*,*,#1329,.T.);
#1515 = ADVANCED_FACE('',(#1516,#1519),#1423,.T.);
#1516 = FACE_BOUND('',#1517,.T.);
#1517 = EDGE_LOOP('',(#1518));
#1518 = ORIENTED_EDGE('',*,*,#1408,.T.);
#1519 = FACE_BOUND('',#1520,.T.);
#1520 = EDGE_LOOP('',(#1521));
#1521 = ORIENTED_EDGE('',*,*,#1522,.T.);
#1522 = EDGE_CURVE('',#1523,#1523,#1525,.T.);
#1523 = VERTEX_POINT('',#1524);
#1524 = CARTESIAN_POINT('',(5.669043200264E-03,61.041743952403,
    14.204637035187));
#1525 = SURFACE_CURVE('',#1526,(#1531,#1542),.PCURVE_S1.);
#1526 = CIRCLE('',#1527,14.185034704902);
#1527 = AXIS2_PLACEMENT_3D('',#1528,#1529,#1530);
#1528 = CARTESIAN_POINT('',(5.669043200267E-03,61.047861075539,
    1.960364925178E-02));
#1529 = DIRECTION('',(-1.12154201282E-04,0.999999900728,
    4.312377956738E-04));
#1530 = DIRECTION('',(1.323488980085E-23,-4.31237798386E-04,
    0.999999907017));
#1531 = PCURVE('',#1423,#1532);
#1532 = DEFINITIONAL_REPRESENTATION('',(#1533),#1541);
#1533 = ( BOUNDED_CURVE() B_SPLINE_CURVE(2,(#1534,#1535,#1536,#1537,
#1538,#1539,#1540),.UNSPECIFIED.,.T.,.F.) B_SPLINE_CURVE_WITH_KNOTS((1,2
    ,2,2,2,1),(-2.094395102393,0.,2.094395102393,4.188790204786,
6.28318530718,8.377580409573),.UNSPECIFIED.) CURVE() 
GEOMETRIC_REPRESENTATION_ITEM() RATIONAL_B_SPLINE_CURVE((1.,0.5,1.,0.5,
1.,0.5,1.)) REPRESENTATION_ITEM('') );
#1534 = CARTESIAN_POINT('',(-14.1850347049,-1.664171487608E-18));
#1535 = CARTESIAN_POINT('',(-14.1850347049,24.569200816019));
#1536 = CARTESIAN_POINT('',(7.092517352451,12.284600408009));
#1537 = CARTESIAN_POINT('',(28.370069409805,3.472667016337E-15));
#1538 = CARTESIAN_POINT('',(7.092517352451,-12.284600408));
#1539 = CARTESIAN_POINT('',(-14.1850347049,-24.56920081601));
#1540 = CARTESIAN_POINT('',(-14.1850347049,-1.664171487608E-18));
#1541 = ( GEOMETRIC_REPRESENTATION_CONTEXT(2) 
PARAMETRIC_REPRESENTATION_CONTEXT() REPRESENTATION_CONTEXT('2D SPACE',''
  ) );
#1542 = PCURVE('',#1543,#1548);
#1543 = CONICAL_SURFACE('',#1544,17.732047565713,1.047197559718);
#1544 = AXIS2_PLACEMENT_3D('',#1545,#1546,#1547);
#1545 = CARTESIAN_POINT('',(5.898720288707E-03,58.999992489131,
    1.872053082908E-02));
#1546 = DIRECTION('',(1.12154201282E-04,-0.999999900728,
    -4.312377956738E-04));
#1547 = DIRECTION('',(6.617444900424E-24,-4.31237798386E-04,
    0.999999907017));
#1548 = DEFINITIONAL_REPRESENTATION('',(#1549),#1553);
#1549 = LINE('',#1550,#1551);
#1550 = CARTESIAN_POINT('',(-6.617444900424E-24,-2.047868789705));
#1551 = VECTOR('',#1552,1.);
#1552 = DIRECTION('',(-1.,-0.));
#1553 = ( GEOMETRIC_REPRESENTATION_CONTEXT(2) 
PARAMETRIC_REPRESENTATION_CONTEXT() REPRESENTATION_CONTEXT('2D SPACE',''
  ) );
#1554 = ADVANCED_FACE('',(#1555),#1480,.T.);
#1555 = FACE_BOUND('',#1556,.T.);
#1556 = EDGE_LOOP('',(#1557,#1558,#1581,#1612,#1613));
#1557 = ORIENTED_EDGE('',*,*,#1492,.T.);
#1558 = ORIENTED_EDGE('',*,*,#1559,.F.);
#1559 = EDGE_CURVE('',#1560,#1464,#1562,.T.);
#1560 = VERTEX_POINT('',#1561);
#1561 = CARTESIAN_POINT('',(7.01591998803E-03,49.059353575253,
    -47.85416463268));
#1562 = SEAM_CURVE('',#1563,(#1567,#1574),.PCURVE_S1.);
#1563 = LINE('',#1564,#1565);
#1564 = CARTESIAN_POINT('',(6.958510105386E-03,49.571619341209,
    -48.74055116827));
#1565 = VECTOR('',#1566,1.);
#1566 = DIRECTION('',(5.607714002352E-05,-0.500373764309,0.865809501476)
  );
#1567 = PCURVE('',#1480,#1568);
#1568 = DEFINITIONAL_REPRESENTATION('',(#1569),#1573);
#1569 = LINE('',#1570,#1571);
#1570 = CARTESIAN_POINT('',(-6.28318530718,0.));
#1571 = VECTOR('',#1572,1.);
#1572 = DIRECTION('',(-0.,-1.));
#1573 = ( GEOMETRIC_REPRESENTATION_CONTEXT(2) 
PARAMETRIC_REPRESENTATION_CONTEXT() REPRESENTATION_CONTEXT('2D SPACE',''
  ) );
#1574 = PCURVE('',#1480,#1575);
#1575 = DEFINITIONAL_REPRESENTATION('',(#1576),#1580);
#1576 = LINE('',#1577,#1578);
#1577 = CARTESIAN_POINT('',(0.,-0.));
#1578 = VECTOR('',#1579,1.);
#1579 = DIRECTION('',(-0.,-1.));
#1580 = ( GEOMETRIC_REPRESENTATION_CONTEXT(2) 
PARAMETRIC_REPRESENTATION_CONTEXT() REPRESENTATION_CONTEXT('2D SPACE',''
  ) );
#1581 = ORIENTED_EDGE('',*,*,#1582,.T.);
#1582 = EDGE_CURVE('',#1560,#1560,#1583,.T.);
#1583 = SURFACE_CURVE('',#1584,(#1589,#1596),.PCURVE_S1.);
#1584 = CIRCLE('',#1585,47.868593932912);
#1585 = AXIS2_PLACEMENT_3D('',#1586,#1587,#1588);
#1586 = CARTESIAN_POINT('',(7.015919988041E-03,49.038710828193,
    1.442484925708E-02));
#1587 = DIRECTION('',(1.12154201282E-04,-0.999999900728,
    -4.312377956738E-04));
#1588 = DIRECTION('',(-1.323488980085E-23,4.31237798386E-04,
    -0.999999907017));
#1589 = PCURVE('',#1480,#1590);
#1590 = DEFINITIONAL_REPRESENTATION('',(#1591),#1595);
#1591 = LINE('',#1592,#1593);
#1592 = CARTESIAN_POINT('',(-0.,-0.511883478166));
#1593 = VECTOR('',#1594,1.);
#1594 = DIRECTION('',(-1.,-0.));
#1595 = ( GEOMETRIC_REPRESENTATION_CONTEXT(2) 
PARAMETRIC_REPRESENTATION_CONTEXT() REPRESENTATION_CONTEXT('2D SPACE',''
  ) );
#1596 = PCURVE('',#1597,#1602);
#1597 = PLANE('',#1598);
#1598 = AXIS2_PLACEMENT_3D('',#1599,#1600,#1601);
#1599 = CARTESIAN_POINT('',(7.015919988041E-03,49.038710828193,
    1.442484925708E-02));
#1600 = DIRECTION('',(-1.12154201282E-04,0.999999900728,
    4.312377956738E-04));
#1601 = DIRECTION('',(6.617444900424E-24,-4.31237798386E-04,
    0.999999907017));
#1602 = DEFINITIONAL_REPRESENTATION('',(#1603),#1611);
#1603 = ( BOUNDED_CURVE() B_SPLINE_CURVE(2,(#1604,#1605,#1606,#1607,
#1608,#1609,#1610),.UNSPECIFIED.,.T.,.F.) B_SPLINE_CURVE_WITH_KNOTS((1,2
    ,2,2,2,1),(-2.094395102393,0.,2.094395102393,4.188790204786,
6.28318530718,8.377580409573),.UNSPECIFIED.) CURVE() 
GEOMETRIC_REPRESENTATION_ITEM() RATIONAL_B_SPLINE_CURVE((1.,0.5,1.,0.5,
1.,0.5,1.)) REPRESENTATION_ITEM('') );
#1604 = CARTESIAN_POINT('',(-47.86859393291,9.37502905723E-19));
#1605 = CARTESIAN_POINT('',(-47.86859393291,82.910836778687));
#1606 = CARTESIAN_POINT('',(23.934296966456,41.455418389344));
#1607 = CARTESIAN_POINT('',(95.737187865825,1.172536252113E-14));
#1608 = CARTESIAN_POINT('',(23.934296966456,-41.45541838934));
#1609 = CARTESIAN_POINT('',(-47.86859393291,-82.91083677868));
#1610 = CARTESIAN_POINT('',(-47.86859393291,9.37502905723E-19));
#1611 = ( GEOMETRIC_REPRESENTATION_CONTEXT(2) 
PARAMETRIC_REPRESENTATION_CONTEXT() REPRESENTATION_CONTEXT('2D SPACE',''
  ) );
#1612 = ORIENTED_EDGE('',*,*,#1559,.T.);
#1613 = ORIENTED_EDGE('',*,*,#1463,.T.);
#1614 = ADVANCED_FACE('',(#1615),#1543,.F.);
#1615 = FACE_BOUND('',#1616,.F.);
#1616 = EDGE_LOOP('',(#1617,#1648,#1669,#1670,#1671));
#1617 = ORIENTED_EDGE('',*,*,#1618,.T.);
#1618 = EDGE_CURVE('',#1619,#1621,#1623,.T.);
#1619 = VERTEX_POINT('',#1620);
#1620 = CARTESIAN_POINT('',(5.202679830544E-03,65.209105507944,
    -6.961365187943));
#1621 = VERTEX_POINT('',#1622);
#1622 = CARTESIAN_POINT('',(5.202679830544E-03,65.20308304554,
    7.004158861441));
#1623 = SURFACE_CURVE('',#1624,(#1629,#1636),.PCURVE_S1.);
#1624 = CIRCLE('',#1625,6.98276267397);
#1625 = AXIS2_PLACEMENT_3D('',#1626,#1627,#1628);
#1626 = CARTESIAN_POINT('',(5.202679830545E-03,65.206094276742,
    2.139683674938E-02));
#1627 = DIRECTION('',(1.12154201282E-04,-0.999999900728,
    -4.312377956738E-04));
#1628 = DIRECTION('',(-6.617444900424E-24,4.31237798386E-04,
    -0.999999907017));
#1629 = PCURVE('',#1543,#1630);
#1630 = DEFINITIONAL_REPRESENTATION('',(#1631),#1635);
#1631 = LINE('',#1632,#1633);
#1632 = CARTESIAN_POINT('',(-3.14159265359,-6.206102403705));
#1633 = VECTOR('',#1634,1.);
#1634 = DIRECTION('',(1.,-0.));
#1635 = ( GEOMETRIC_REPRESENTATION_CONTEXT(2) 
PARAMETRIC_REPRESENTATION_CONTEXT() REPRESENTATION_CONTEXT('2D SPACE',''
  ) );
#1636 = PCURVE('',#1637,#1642);
#1637 = CYLINDRICAL_SURFACE('',#1638,6.98276267397);
#1638 = AXIS2_PLACEMENT_3D('',#1639,#1640,#1641);
#1639 = CARTESIAN_POINT('',(4.203443047719E-04,107.84680676326,
    3.978512543347E-02));
#1640 = DIRECTION('',(1.12154201282E-04,-0.999999900728,
    -4.312377956738E-04));
#1641 = DIRECTION('',(-6.617444900424E-24,4.31237798386E-04,
    -0.999999907017));
#1642 = DEFINITIONAL_REPRESENTATION('',(#1643),#1647);
#1643 = LINE('',#1644,#1645);
#1644 = CARTESIAN_POINT('',(0.,42.64071671956));
#1645 = VECTOR('',#1646,1.);
#1646 = DIRECTION('',(1.,0.));
#1647 = ( GEOMETRIC_REPRESENTATION_CONTEXT(2) 
PARAMETRIC_REPRESENTATION_CONTEXT() REPRESENTATION_CONTEXT('2D SPACE',''
  ) );
#1648 = ORIENTED_EDGE('',*,*,#1649,.F.);
#1649 = EDGE_CURVE('',#1523,#1621,#1650,.T.);
#1650 = SEAM_CURVE('',#1651,(#1655,#1662),.PCURVE_S1.);
#1651 = LINE('',#1652,#1653);
#1652 = CARTESIAN_POINT('',(5.898720288703E-03,58.992345759978,
    17.750766447763));
#1653 = VECTOR('',#1654,1.);
#1654 = DIRECTION('',(-5.607709981307E-05,0.500373405874,-0.865809708625
    ));
#1655 = PCURVE('',#1543,#1656);
#1656 = DEFINITIONAL_REPRESENTATION('',(#1657),#1661);
#1657 = LINE('',#1658,#1659);
#1658 = CARTESIAN_POINT('',(-6.28318530718,0.));
#1659 = VECTOR('',#1660,1.);
#1660 = DIRECTION('',(-0.,-1.));
#1661 = ( GEOMETRIC_REPRESENTATION_CONTEXT(2) 
PARAMETRIC_REPRESENTATION_CONTEXT() REPRESENTATION_CONTEXT('2D SPACE',''
  ) );
#1662 = PCURVE('',#1543,#1663);
#1663 = DEFINITIONAL_REPRESENTATION('',(#1664),#1668);
#1664 = LINE('',#1665,#1666);
#1665 = CARTESIAN_POINT('',(0.,-0.));
#1666 = VECTOR('',#1667,1.);
#1667 = DIRECTION('',(-0.,-1.));
#1668 = ( GEOMETRIC_REPRESENTATION_CONTEXT(2) 
PARAMETRIC_REPRESENTATION_CONTEXT() REPRESENTATION_CONTEXT('2D SPACE',''
  ) );
#1669 = ORIENTED_EDGE('',*,*,#1522,.T.);
#1670 = ORIENTED_EDGE('',*,*,#1649,.T.);
#1671 = ORIENTED_EDGE('',*,*,#1672,.T.);
#1672 = EDGE_CURVE('',#1621,#1619,#1673,.T.);
#1673 = SURFACE_CURVE('',#1674,(#1679,#1686),.PCURVE_S1.);
#1674 = CIRCLE('',#1675,6.98276267397);
#1675 = AXIS2_PLACEMENT_3D('',#1676,#1677,#1678);
#1676 = CARTESIAN_POINT('',(5.202679830545E-03,65.206094276742,
    2.139683674938E-02));
#1677 = DIRECTION('',(1.12154201282E-04,-0.999999900728,
    -4.312377956738E-04));
#1678 = DIRECTION('',(-6.617444900424E-24,4.31237798386E-04,
    -0.999999907017));
#1679 = PCURVE('',#1543,#1680);
#1680 = DEFINITIONAL_REPRESENTATION('',(#1681),#1685);
#1681 = LINE('',#1682,#1683);
#1682 = CARTESIAN_POINT('',(-9.424777960769,-6.206102403705));
#1683 = VECTOR('',#1684,1.);
#1684 = DIRECTION('',(1.,-0.));
#1685 = ( GEOMETRIC_REPRESENTATION_CONTEXT(2) 
PARAMETRIC_REPRESENTATION_CONTEXT() REPRESENTATION_CONTEXT('2D SPACE',''
  ) );
#1686 = PCURVE('',#1637,#1687);
#1687 = DEFINITIONAL_REPRESENTATION('',(#1688),#1692);
#1688 = LINE('',#1689,#1690);
#1689 = CARTESIAN_POINT('',(0.,42.64071671956));
#1690 = VECTOR('',#1691,1.);
#1691 = DIRECTION('',(1.,0.));
#1692 = ( GEOMETRIC_REPRESENTATION_CONTEXT(2) 
PARAMETRIC_REPRESENTATION_CONTEXT() REPRESENTATION_CONTEXT('2D SPACE',''
  ) );
#1693 = ADVANCED_FACE('',(#1694,#1725),#1597,.F.);
#1694 = FACE_BOUND('',#1695,.F.);
#1695 = EDGE_LOOP('',(#1696));
#1696 = ORIENTED_EDGE('',*,*,#1697,.T.);
#1697 = EDGE_CURVE('',#1698,#1698,#1700,.T.);
#1698 = VERTEX_POINT('',#1699);
#1699 = CARTESIAN_POINT('',(7.015919988029E-03,49.017706802326,
    48.720785918041));
#1700 = SURFACE_CURVE('',#1701,(#1706,#1713),.PCURVE_S1.);
#1701 = CIRCLE('',#1702,48.706365597649);
#1702 = AXIS2_PLACEMENT_3D('',#1703,#1704,#1705);
#1703 = CARTESIAN_POINT('',(7.015919988041E-03,49.038710828193,
    1.442484925708E-02));
#1704 = DIRECTION('',(-1.12154201282E-04,0.999999900728,
    4.312377956738E-04));
#1705 = DIRECTION('',(1.323488980085E-23,-4.31237798386E-04,
    0.999999907017));
#1706 = PCURVE('',#1597,#1707);
#1707 = DEFINITIONAL_REPRESENTATION('',(#1708),#1712);
#1708 = CIRCLE('',#1709,48.706365597649);
#1709 = AXIS2_PLACEMENT_2D('',#1710,#1711);
#1710 = CARTESIAN_POINT('',(0.,0.));
#1711 = DIRECTION('',(1.,0.));
#1712 = ( GEOMETRIC_REPRESENTATION_CONTEXT(2) 
PARAMETRIC_REPRESENTATION_CONTEXT() REPRESENTATION_CONTEXT('2D SPACE',''
  ) );
#1713 = PCURVE('',#1714,#1719);
#1714 = CYLINDRICAL_SURFACE('',#1715,48.706365597649);
#1715 = AXIS2_PLACEMENT_3D('',#1716,#1717,#1718);
#1716 = CARTESIAN_POINT('',(7.015919988041E-03,49.038710828193,
    1.442484925708E-02));
#1717 = DIRECTION('',(-1.12154201282E-04,0.999999900728,
    4.312377956738E-04));
#1718 = DIRECTION('',(6.617444900424E-24,-4.31237798386E-04,
    0.999999907017));
#1719 = DEFINITIONAL_REPRESENTATION('',(#1720),#1724);
#1720 = LINE('',#1721,#1722);
#1721 = CARTESIAN_POINT('',(0.,0.));
#1722 = VECTOR('',#1723,1.);
#1723 = DIRECTION('',(1.,0.));
#1724 = ( GEOMETRIC_REPRESENTATION_CONTEXT(2) 
PARAMETRIC_REPRESENTATION_CONTEXT() REPRESENTATION_CONTEXT('2D SPACE',''
  ) );
#1725 = FACE_BOUND('',#1726,.F.);
#1726 = EDGE_LOOP('',(#1727));
#1727 = ORIENTED_EDGE('',*,*,#1582,.T.);
#1728 = ADVANCED_FACE('',(#1729),#1637,.F.);
#1729 = FACE_BOUND('',#1730,.F.);
#1730 = EDGE_LOOP('',(#1731,#1760,#1781,#1782,#1783));
#1731 = ORIENTED_EDGE('',*,*,#1732,.T.);
#1732 = EDGE_CURVE('',#1733,#1733,#1735,.T.);
#1733 = VERTEX_POINT('',#1734);
#1734 = CARTESIAN_POINT('',(5.361133557391E-04,106.81758702894,
    -6.943422036309));
#1735 = SURFACE_CURVE('',#1736,(#1741,#1748),.PCURVE_S1.);
#1736 = CIRCLE('',#1737,6.98276267397);
#1737 = AXIS2_PLACEMENT_3D('',#1738,#1739,#1740);
#1738 = CARTESIAN_POINT('',(5.361133557408E-04,106.81457579774,
    3.933998838309E-02));
#1739 = DIRECTION('',(1.12154201282E-04,-0.999999900728,
    -4.312377956738E-04));
#1740 = DIRECTION('',(-6.617444900424E-24,4.31237798386E-04,
    -0.999999907017));
#1741 = PCURVE('',#1637,#1742);
#1742 = DEFINITIONAL_REPRESENTATION('',(#1743),#1747);
#1743 = LINE('',#1744,#1745);
#1744 = CARTESIAN_POINT('',(0.,1.03223106799));
#1745 = VECTOR('',#1746,1.);
#1746 = DIRECTION('',(1.,0.));
#1747 = ( GEOMETRIC_REPRESENTATION_CONTEXT(2) 
PARAMETRIC_REPRESENTATION_CONTEXT() REPRESENTATION_CONTEXT('2D SPACE',''
  ) );
#1748 = PCURVE('',#1749,#1754);
#1749 = CONICAL_SURFACE('',#1750,12.108257168622,1.047197908453);
#1750 = AXIS2_PLACEMENT_3D('',#1751,#1752,#1753);
#1751 = CARTESIAN_POINT('',(2.042262861262E-04,109.7737786887,
    4.061610864142E-02));
#1752 = DIRECTION('',(-1.12154201282E-04,0.999999900728,
    4.312377956738E-04));
#1753 = DIRECTION('',(-6.617444900424E-24,4.31237798386E-04,
    -0.999999907017));
#1754 = DEFINITIONAL_REPRESENTATION('',(#1755),#1759);
#1755 = LINE('',#1756,#1757);
#1756 = CARTESIAN_POINT('',(-0.,-2.959203184731));
#1757 = VECTOR('',#1758,1.);
#1758 = DIRECTION('',(-1.,-0.));
#1759 = ( GEOMETRIC_REPRESENTATION_CONTEXT(2) 
PARAMETRIC_REPRESENTATION_CONTEXT() REPRESENTATION_CONTEXT('2D SPACE',''
  ) );
#1760 = ORIENTED_EDGE('',*,*,#1761,.T.);
#1761 = EDGE_CURVE('',#1733,#1619,#1762,.T.);
#1762 = SEAM_CURVE('',#1763,(#1767,#1774),.PCURVE_S1.);
#1763 = LINE('',#1764,#1765);
#1764 = CARTESIAN_POINT('',(4.203443047702E-04,107.84981799446,
    -6.942976899259));
#1765 = VECTOR('',#1766,1.);
#1766 = DIRECTION('',(1.12154201282E-04,-0.999999900728,
    -4.312377956738E-04));
#1767 = PCURVE('',#1637,#1768);
#1768 = DEFINITIONAL_REPRESENTATION('',(#1769),#1773);
#1769 = LINE('',#1770,#1771);
#1770 = CARTESIAN_POINT('',(0.,-0.));
#1771 = VECTOR('',#1772,1.);
#1772 = DIRECTION('',(0.,1.));
#1773 = ( GEOMETRIC_REPRESENTATION_CONTEXT(2) 
PARAMETRIC_REPRESENTATION_CONTEXT() REPRESENTATION_CONTEXT('2D SPACE',''
  ) );
#1774 = PCURVE('',#1637,#1775);
#1775 = DEFINITIONAL_REPRESENTATION('',(#1776),#1780);
#1776 = LINE('',#1777,#1778);
#1777 = CARTESIAN_POINT('',(6.28318530718,-0.));
#1778 = VECTOR('',#1779,1.);
#1779 = DIRECTION('',(0.,1.));
#1780 = ( GEOMETRIC_REPRESENTATION_CONTEXT(2) 
PARAMETRIC_REPRESENTATION_CONTEXT() REPRESENTATION_CONTEXT('2D SPACE',''
  ) );
#1781 = ORIENTED_EDGE('',*,*,#1672,.F.);
#1782 = ORIENTED_EDGE('',*,*,#1618,.F.);
#1783 = ORIENTED_EDGE('',*,*,#1761,.F.);
#1784 = ADVANCED_FACE('',(#1785),#1714,.T.);
#1785 = FACE_BOUND('',#1786,.T.);
#1786 = EDGE_LOOP('',(#1787,#1818,#1839,#1840,#1841));
#1787 = ORIENTED_EDGE('',*,*,#1788,.F.);
#1788 = EDGE_CURVE('',#1789,#1791,#1793,.T.);
#1789 = VERTEX_POINT('',#1790);
#1790 = CARTESIAN_POINT('',(6.96167233E-03,49.501394903382,
    48.720994502653));
#1791 = VERTEX_POINT('',#1792);
#1792 = CARTESIAN_POINT('',(6.96167233E-03,49.543402955118,
    -48.69172763491));
#1793 = SURFACE_CURVE('',#1794,(#1799,#1806),.PCURVE_S1.);
#1794 = CIRCLE('',#1795,48.706365597649);
#1795 = AXIS2_PLACEMENT_3D('',#1796,#1797,#1798);
#1796 = CARTESIAN_POINT('',(6.961672330012E-03,49.52239892925,
    1.463343386828E-02));
#1797 = DIRECTION('',(-1.12154201282E-04,0.999999900728,
    4.312377956738E-04));
#1798 = DIRECTION('',(6.617444900424E-24,-4.31237798386E-04,
    0.999999907017));
#1799 = PCURVE('',#1714,#1800);
#1800 = DEFINITIONAL_REPRESENTATION('',(#1801),#1805);
#1801 = LINE('',#1802,#1803);
#1802 = CARTESIAN_POINT('',(0.,0.483688149073));
#1803 = VECTOR('',#1804,1.);
#1804 = DIRECTION('',(1.,0.));
#1805 = ( GEOMETRIC_REPRESENTATION_CONTEXT(2) 
PARAMETRIC_REPRESENTATION_CONTEXT() REPRESENTATION_CONTEXT('2D SPACE',''
  ) );
#1806 = PCURVE('',#1807,#1812);
#1807 = CONICAL_SURFACE('',#1808,48.755201294444,1.04719714573);
#1808 = AXIS2_PLACEMENT_3D('',#1809,#1810,#1811);
#1809 = CARTESIAN_POINT('',(6.958510105398E-03,49.550594255543,
    1.464559275985E-02));
#1810 = DIRECTION('',(-1.12154201282E-04,0.999999900728,
    4.312377956738E-04));
#1811 = DIRECTION('',(-6.617444900424E-24,4.31237798386E-04,
    -0.999999907017));
#1812 = DEFINITIONAL_REPRESENTATION('',(#1813),#1817);
#1813 = LINE('',#1814,#1815);
#1814 = CARTESIAN_POINT('',(-3.14159265359,-2.819532909212E-02));
#1815 = VECTOR('',#1816,1.);
#1816 = DIRECTION('',(1.,-0.));
#1817 = ( GEOMETRIC_REPRESENTATION_CONTEXT(2) 
PARAMETRIC_REPRESENTATION_CONTEXT() REPRESENTATION_CONTEXT('2D SPACE',''
  ) );
#1818 = ORIENTED_EDGE('',*,*,#1819,.F.);
#1819 = EDGE_CURVE('',#1698,#1789,#1820,.T.);
#1820 = SEAM_CURVE('',#1821,(#1825,#1832),.PCURVE_S1.);
#1821 = LINE('',#1822,#1823);
#1822 = CARTESIAN_POINT('',(7.015919988029E-03,49.017706802326,
    48.720785918041));
#1823 = VECTOR('',#1824,1.);
#1824 = DIRECTION('',(-1.12154201282E-04,0.999999900728,
    4.312377956738E-04));
#1825 = PCURVE('',#1714,#1826);
#1826 = DEFINITIONAL_REPRESENTATION('',(#1827),#1831);
#1827 = LINE('',#1828,#1829);
#1828 = CARTESIAN_POINT('',(6.28318530718,-0.));
#1829 = VECTOR('',#1830,1.);
#1830 = DIRECTION('',(0.,1.));
#1831 = ( GEOMETRIC_REPRESENTATION_CONTEXT(2) 
PARAMETRIC_REPRESENTATION_CONTEXT() REPRESENTATION_CONTEXT('2D SPACE',''
  ) );
#1832 = PCURVE('',#1714,#1833);
#1833 = DEFINITIONAL_REPRESENTATION('',(#1834),#1838);
#1834 = LINE('',#1835,#1836);
#1835 = CARTESIAN_POINT('',(0.,-0.));
#1836 = VECTOR('',#1837,1.);
#1837 = DIRECTION('',(0.,1.));
#1838 = ( GEOMETRIC_REPRESENTATION_CONTEXT(2) 
PARAMETRIC_REPRESENTATION_CONTEXT() REPRESENTATION_CONTEXT('2D SPACE',''
  ) );
#1839 = ORIENTED_EDGE('',*,*,#1697,.T.);
#1840 = ORIENTED_EDGE('',*,*,#1819,.T.);
#1841 = ORIENTED_EDGE('',*,*,#1842,.F.);
#1842 = EDGE_CURVE('',#1791,#1789,#1843,.T.);
#1843 = SURFACE_CURVE('',#1844,(#1849,#1856),.PCURVE_S1.);
#1844 = CIRCLE('',#1845,48.706365597649);
#1845 = AXIS2_PLACEMENT_3D('',#1846,#1847,#1848);
#1846 = CARTESIAN_POINT('',(6.961672330012E-03,49.52239892925,
    1.463343386828E-02));
#1847 = DIRECTION('',(-1.12154201282E-04,0.999999900728,
    4.312377956738E-04));
#1848 = DIRECTION('',(6.617444900424E-24,-4.31237798386E-04,
    0.999999907017));
#1849 = PCURVE('',#1714,#1850);
#1850 = DEFINITIONAL_REPRESENTATION('',(#1851),#1855);
#1851 = LINE('',#1852,#1853);
#1852 = CARTESIAN_POINT('',(0.,0.483688149073));
#1853 = VECTOR('',#1854,1.);
#1854 = DIRECTION('',(1.,0.));
#1855 = ( GEOMETRIC_REPRESENTATION_CONTEXT(2) 
PARAMETRIC_REPRESENTATION_CONTEXT() REPRESENTATION_CONTEXT('2D SPACE',''
  ) );
#1856 = PCURVE('',#1807,#1857);
#1857 = DEFINITIONAL_REPRESENTATION('',(#1858),#1862);
#1858 = LINE('',#1859,#1860);
#1859 = CARTESIAN_POINT('',(-9.424777960769,-2.819532909212E-02));
#1860 = VECTOR('',#1861,1.);
#1861 = DIRECTION('',(1.,-0.));
#1862 = ( GEOMETRIC_REPRESENTATION_CONTEXT(2) 
PARAMETRIC_REPRESENTATION_CONTEXT() REPRESENTATION_CONTEXT('2D SPACE',''
  ) );
#1863 = ADVANCED_FACE('',(#1864),#1749,.F.);
#1864 = FACE_BOUND('',#1865,.F.);
#1865 = EDGE_LOOP('',(#1866,#1867,#1890,#1917));
#1866 = ORIENTED_EDGE('',*,*,#1732,.F.);
#1867 = ORIENTED_EDGE('',*,*,#1868,.F.);
#1868 = EDGE_CURVE('',#1869,#1733,#1871,.T.);
#1869 = VERTEX_POINT('',#1870);
#1870 = CARTESIAN_POINT('',(4.313472357083E-04,107.75241034373,
    -8.560973536484));
#1871 = SEAM_CURVE('',#1872,(#1876,#1883),.PCURVE_S1.);
#1872 = LINE('',#1873,#1874);
#1873 = CARTESIAN_POINT('',(2.042262861233E-04,109.77900022686,
    -12.06763993411));
#1874 = VECTOR('',#1875,1.);
#1875 = DIRECTION('',(5.607706594147E-05,-0.500373103936,0.865809883122)
  );
#1876 = PCURVE('',#1749,#1877);
#1877 = DEFINITIONAL_REPRESENTATION('',(#1878),#1882);
#1878 = LINE('',#1879,#1880);
#1879 = CARTESIAN_POINT('',(-6.28318530718,0.));
#1880 = VECTOR('',#1881,1.);
#1881 = DIRECTION('',(-0.,-1.));
#1882 = ( GEOMETRIC_REPRESENTATION_CONTEXT(2) 
PARAMETRIC_REPRESENTATION_CONTEXT() REPRESENTATION_CONTEXT('2D SPACE',''
  ) );
#1883 = PCURVE('',#1749,#1884);
#1884 = DEFINITIONAL_REPRESENTATION('',(#1885),#1889);
#1885 = LINE('',#1886,#1887);
#1886 = CARTESIAN_POINT('',(0.,-0.));
#1887 = VECTOR('',#1888,1.);
#1888 = DIRECTION('',(-0.,-1.));
#1889 = ( GEOMETRIC_REPRESENTATION_CONTEXT(2) 
PARAMETRIC_REPRESENTATION_CONTEXT() REPRESENTATION_CONTEXT('2D SPACE',''
  ) );
#1890 = ORIENTED_EDGE('',*,*,#1891,.T.);
#1891 = EDGE_CURVE('',#1869,#1869,#1892,.T.);
#1892 = SURFACE_CURVE('',#1893,(#1898,#1905),.PCURVE_S1.);
#1893 = CIRCLE('',#1894,8.600717154888);
#1894 = AXIS2_PLACEMENT_3D('',#1895,#1896,#1897);
#1895 = CARTESIAN_POINT('',(4.313472357104E-04,107.7487013894,
    3.974281868411E-02));
#1896 = DIRECTION('',(1.12154201282E-04,-0.999999900728,
    -4.312377956738E-04));
#1897 = DIRECTION('',(-1.323488980085E-23,4.31237798386E-04,
    -0.999999907017));
#1898 = PCURVE('',#1749,#1899);
#1899 = DEFINITIONAL_REPRESENTATION('',(#1900),#1904);
#1900 = LINE('',#1901,#1902);
#1901 = CARTESIAN_POINT('',(-0.,-2.025077500335));
#1902 = VECTOR('',#1903,1.);
#1903 = DIRECTION('',(-1.,-0.));
#1904 = ( GEOMETRIC_REPRESENTATION_CONTEXT(2) 
PARAMETRIC_REPRESENTATION_CONTEXT() REPRESENTATION_CONTEXT('2D SPACE',''
  ) );
#1905 = PCURVE('',#1906,#1911);
#1906 = PLANE('',#1907);
#1907 = AXIS2_PLACEMENT_3D('',#1908,#1909,#1910);
#1908 = CARTESIAN_POINT('',(4.313472357104E-04,107.7487013894,
    3.974281868411E-02));
#1909 = DIRECTION('',(1.12154201282E-04,-0.999999900728,
    -4.312377956738E-04));
#1910 = DIRECTION('',(-6.617444900424E-24,4.31237798386E-04,
    -0.999999907017));
#1911 = DEFINITIONAL_REPRESENTATION('',(#1912),#1916);
#1912 = CIRCLE('',#1913,8.600717154888);
#1913 = AXIS2_PLACEMENT_2D('',#1914,#1915);
#1914 = CARTESIAN_POINT('',(-7.749528816849E-18,-2.580370754695E-18));
#1915 = DIRECTION('',(1.,-6.617444900424E-24));
#1916 = ( GEOMETRIC_REPRESENTATION_CONTEXT(2) 
PARAMETRIC_REPRESENTATION_CONTEXT() REPRESENTATION_CONTEXT('2D SPACE',''
  ) );
#1917 = ORIENTED_EDGE('',*,*,#1868,.T.);
#1918 = ADVANCED_FACE('',(#1919),#1807,.T.);
#1919 = FACE_BOUND('',#1920,.T.);
#1920 = EDGE_LOOP('',(#1921,#1922,#1945,#1972,#1973));
#1921 = ORIENTED_EDGE('',*,*,#1788,.T.);
#1922 = ORIENTED_EDGE('',*,*,#1923,.F.);
#1923 = EDGE_CURVE('',#1924,#1791,#1926,.T.);
#1924 = VERTEX_POINT('',#1925);
#1925 = CARTESIAN_POINT('',(6.958510105386E-03,49.571619341209,
    -48.74055116827));
#1926 = SEAM_CURVE('',#1927,(#1931,#1938),.PCURVE_S1.);
#1927 = LINE('',#1928,#1929);
#1928 = CARTESIAN_POINT('',(6.958510105386E-03,49.571619341209,
    -48.74055116827));
#1929 = VECTOR('',#1930,1.);
#1930 = DIRECTION('',(5.607714002352E-05,-0.500373764309,0.865809501476)
  );
#1931 = PCURVE('',#1807,#1932);
#1932 = DEFINITIONAL_REPRESENTATION('',(#1933),#1937);
#1933 = LINE('',#1934,#1935);
#1934 = CARTESIAN_POINT('',(-6.28318530718,0.));
#1935 = VECTOR('',#1936,1.);
#1936 = DIRECTION('',(-0.,-1.));
#1937 = ( GEOMETRIC_REPRESENTATION_CONTEXT(2) 
PARAMETRIC_REPRESENTATION_CONTEXT() REPRESENTATION_CONTEXT('2D SPACE',''
  ) );
#1938 = PCURVE('',#1807,#1939);
#1939 = DEFINITIONAL_REPRESENTATION('',(#1940),#1944);
#1940 = LINE('',#1941,#1942);
#1941 = CARTESIAN_POINT('',(0.,-0.));
#1942 = VECTOR('',#1943,1.);
#1943 = DIRECTION('',(-0.,-1.));
#1944 = ( GEOMETRIC_REPRESENTATION_CONTEXT(2) 
PARAMETRIC_REPRESENTATION_CONTEXT() REPRESENTATION_CONTEXT('2D SPACE',''
  ) );
#1945 = ORIENTED_EDGE('',*,*,#1946,.T.);
#1946 = EDGE_CURVE('',#1924,#1924,#1947,.T.);
#1947 = SURFACE_CURVE('',#1948,(#1953,#1960),.PCURVE_S1.);
#1948 = CIRCLE('',#1949,48.755201294444);
#1949 = AXIS2_PLACEMENT_3D('',#1950,#1951,#1952);
#1950 = CARTESIAN_POINT('',(6.958510105398E-03,49.550594255543,
    1.464559275985E-02));
#1951 = DIRECTION('',(1.12154201282E-04,-0.999999900728,
    -4.312377956738E-04));
#1952 = DIRECTION('',(-1.323488980085E-23,4.31237798386E-04,
    -0.999999907017));
#1953 = PCURVE('',#1807,#1954);
#1954 = DEFINITIONAL_REPRESENTATION('',(#1955),#1959);
#1955 = LINE('',#1956,#1957);
#1956 = CARTESIAN_POINT('',(-0.,-0.));
#1957 = VECTOR('',#1958,1.);
#1958 = DIRECTION('',(-1.,-0.));
#1959 = ( GEOMETRIC_REPRESENTATION_CONTEXT(2) 
PARAMETRIC_REPRESENTATION_CONTEXT() REPRESENTATION_CONTEXT('2D SPACE',''
  ) );
#1960 = PCURVE('',#1961,#1966);
#1961 = PLANE('',#1962);
#1962 = AXIS2_PLACEMENT_3D('',#1963,#1964,#1965);
#1963 = CARTESIAN_POINT('',(6.958510105398E-03,49.550594255543,
    1.464559275985E-02));
#1964 = DIRECTION('',(1.12154201282E-04,-0.999999900728,
    -4.312377956738E-04));
#1965 = DIRECTION('',(-6.617444900424E-24,4.31237798386E-04,
    -0.999999907017));
#1966 = DEFINITIONAL_REPRESENTATION('',(#1967),#1971);
#1967 = CIRCLE('',#1968,48.755201294444);
#1968 = AXIS2_PLACEMENT_2D('',#1969,#1970);
#1969 = CARTESIAN_POINT('',(0.,0.));
#1970 = DIRECTION('',(1.,0.));
#1971 = ( GEOMETRIC_REPRESENTATION_CONTEXT(2) 
PARAMETRIC_REPRESENTATION_CONTEXT() REPRESENTATION_CONTEXT('2D SPACE',''
  ) );
#1972 = ORIENTED_EDGE('',*,*,#1923,.T.);
#1973 = ORIENTED_EDGE('',*,*,#1842,.T.);
#1974 = ADVANCED_FACE('',(#1975,#2006),#1906,.F.);
#1975 = FACE_BOUND('',#1976,.F.);
#1976 = EDGE_LOOP('',(#1977));
#1977 = ORIENTED_EDGE('',*,*,#1978,.T.);
#1978 = EDGE_CURVE('',#1979,#1979,#1981,.T.);
#1979 = VERTEX_POINT('',#1980);
#1980 = CARTESIAN_POINT('',(4.313472357079E-04,107.75318499898,
    -10.35732622691));
#1981 = SURFACE_CURVE('',#1982,(#1987,#1994),.PCURVE_S1.);
#1982 = CIRCLE('',#1983,10.397070012346);
#1983 = AXIS2_PLACEMENT_3D('',#1984,#1985,#1986);
#1984 = CARTESIAN_POINT('',(4.313472357104E-04,107.7487013894,
    3.974281868411E-02));
#1985 = DIRECTION('',(1.12154201282E-04,-0.999999900728,
    -4.312377956738E-04));
#1986 = DIRECTION('',(-1.323488980085E-23,4.31237798386E-04,
    -0.999999907017));
#1987 = PCURVE('',#1906,#1988);
#1988 = DEFINITIONAL_REPRESENTATION('',(#1989),#1993);
#1989 = CIRCLE('',#1990,10.397070012346);
#1990 = AXIS2_PLACEMENT_2D('',#1991,#1992);
#1991 = CARTESIAN_POINT('',(0.,0.));
#1992 = DIRECTION('',(1.,0.));
#1993 = ( GEOMETRIC_REPRESENTATION_CONTEXT(2) 
PARAMETRIC_REPRESENTATION_CONTEXT() REPRESENTATION_CONTEXT('2D SPACE',''
  ) );
#1994 = PCURVE('',#1995,#2000);
#1995 = CYLINDRICAL_SURFACE('',#1996,10.397070012346);
#1996 = AXIS2_PLACEMENT_3D('',#1997,#1998,#1999);
#1997 = CARTESIAN_POINT('',(-4.214752101703E-03,149.17469188353,
    5.760727328185E-02));
#1998 = DIRECTION('',(1.12154201282E-04,-0.999999900728,
    -4.312377956738E-04));
#1999 = DIRECTION('',(-6.617444900424E-24,4.31237798386E-04,
    -0.999999907017));
#2000 = DEFINITIONAL_REPRESENTATION('',(#2001),#2005);
#2001 = LINE('',#2002,#2003);
#2002 = CARTESIAN_POINT('',(0.,41.425994606587));
#2003 = VECTOR('',#2004,1.);
#2004 = DIRECTION('',(1.,0.));
#2005 = ( GEOMETRIC_REPRESENTATION_CONTEXT(2) 
PARAMETRIC_REPRESENTATION_CONTEXT() REPRESENTATION_CONTEXT('2D SPACE',''
  ) );
#2006 = FACE_BOUND('',#2007,.F.);
#2007 = EDGE_LOOP('',(#2008));
#2008 = ORIENTED_EDGE('',*,*,#1891,.F.);
#2009 = ADVANCED_FACE('',(#2010,#2013),#1961,.F.);
#2010 = FACE_BOUND('',#2011,.F.);
#2011 = EDGE_LOOP('',(#2012));
#2012 = ORIENTED_EDGE('',*,*,#1946,.T.);
#2013 = FACE_BOUND('',#2014,.F.);
#2014 = EDGE_LOOP('',(#2015));
#2015 = ORIENTED_EDGE('',*,*,#2016,.T.);
#2016 = EDGE_CURVE('',#2017,#2017,#2019,.T.);
#2017 = VERTEX_POINT('',#2018);
#2018 = CARTESIAN_POINT('',(6.958510105386E-03,49.529590229675,
    48.721006661544));
#2019 = SURFACE_CURVE('',#2020,(#2025,#2036),.PCURVE_S1.);
#2020 = CIRCLE('',#2021,48.706365597649);
#2021 = AXIS2_PLACEMENT_3D('',#2022,#2023,#2024);
#2022 = CARTESIAN_POINT('',(6.958510105398E-03,49.550594255543,
    1.464559275985E-02));
#2023 = DIRECTION('',(-1.12154201282E-04,0.999999900728,
    4.312377956738E-04));
#2024 = DIRECTION('',(1.323488980085E-23,-4.31237798386E-04,
    0.999999907017));
#2025 = PCURVE('',#1961,#2026);
#2026 = DEFINITIONAL_REPRESENTATION('',(#2027),#2035);
#2027 = ( BOUNDED_CURVE() B_SPLINE_CURVE(2,(#2028,#2029,#2030,#2031,
#2032,#2033,#2034),.UNSPECIFIED.,.T.,.F.) B_SPLINE_CURVE_WITH_KNOTS((1,2
    ,2,2,2,1),(-2.094395102393,0.,2.094395102393,4.188790204786,
6.28318530718,8.377580409573),.UNSPECIFIED.) CURVE() 
GEOMETRIC_REPRESENTATION_ITEM() RATIONAL_B_SPLINE_CURVE((1.,0.5,1.,0.5,
1.,0.5,1.)) REPRESENTATION_ITEM('') );
#2028 = CARTESIAN_POINT('',(-48.70636559764,-9.374973618151E-19));
#2029 = CARTESIAN_POINT('',(-48.70636559764,84.361899867154));
#2030 = CARTESIAN_POINT('',(24.353182798825,42.180949933577));
#2031 = CARTESIAN_POINT('',(97.412731195299,1.192868048116E-14));
#2032 = CARTESIAN_POINT('',(24.353182798825,-42.18094993357));
#2033 = CARTESIAN_POINT('',(-48.70636559764,-84.36189986715));
#2034 = CARTESIAN_POINT('',(-48.70636559764,-9.374973618151E-19));
#2035 = ( GEOMETRIC_REPRESENTATION_CONTEXT(2) 
PARAMETRIC_REPRESENTATION_CONTEXT() REPRESENTATION_CONTEXT('2D SPACE',''
  ) );
#2036 = PCURVE('',#2037,#2042);
#2037 = CYLINDRICAL_SURFACE('',#2038,48.706365597649);
#2038 = AXIS2_PLACEMENT_3D('',#2039,#2040,#2041);
#2039 = CARTESIAN_POINT('',(7.015919988041E-03,49.038710828193,
    1.442484925708E-02));
#2040 = DIRECTION('',(-1.12154201282E-04,0.999999900728,
    4.312377956738E-04));
#2041 = DIRECTION('',(6.617444900424E-24,-4.31237798386E-04,
    0.999999907017));
#2042 = DEFINITIONAL_REPRESENTATION('',(#2043),#2047);
#2043 = LINE('',#2044,#2045);
#2044 = CARTESIAN_POINT('',(6.617444900424E-24,0.511883478166));
#2045 = VECTOR('',#2046,1.);
#2046 = DIRECTION('',(1.,0.));
#2047 = ( GEOMETRIC_REPRESENTATION_CONTEXT(2) 
PARAMETRIC_REPRESENTATION_CONTEXT() REPRESENTATION_CONTEXT('2D SPACE',''
  ) );
#2048 = ADVANCED_FACE('',(#2049),#1995,.F.);
#2049 = FACE_BOUND('',#2050,.F.);
#2050 = EDGE_LOOP('',(#2051,#2080,#2101,#2102));
#2051 = ORIENTED_EDGE('',*,*,#2052,.T.);
#2052 = EDGE_CURVE('',#2053,#2053,#2055,.T.);
#2053 = VERTEX_POINT('',#2054);
#2054 = CARTESIAN_POINT('',(3.150294274501E-04,108.79030884616,
    -10.35687897986));
#2055 = SURFACE_CURVE('',#2056,(#2061,#2068),.PCURVE_S1.);
#2056 = CIRCLE('',#2057,10.397070012346);
#2057 = AXIS2_PLACEMENT_3D('',#2058,#2059,#2060);
#2058 = CARTESIAN_POINT('',(3.150294274526E-04,108.78582523658,
    4.01900657302E-02));
#2059 = DIRECTION('',(1.12154201282E-04,-0.999999900728,
    -4.312377956738E-04));
#2060 = DIRECTION('',(-6.617444900424E-24,4.31237798386E-04,
    -0.999999907017));
#2061 = PCURVE('',#1995,#2062);
#2062 = DEFINITIONAL_REPRESENTATION('',(#2063),#2067);
#2063 = LINE('',#2064,#2065);
#2064 = CARTESIAN_POINT('',(0.,40.388870656452));
#2065 = VECTOR('',#2066,1.);
#2066 = DIRECTION('',(1.,0.));
#2067 = ( GEOMETRIC_REPRESENTATION_CONTEXT(2) 
PARAMETRIC_REPRESENTATION_CONTEXT() REPRESENTATION_CONTEXT('2D SPACE',''
  ) );
#2068 = PCURVE('',#2069,#2074);
#2069 = CONICAL_SURFACE('',#2070,12.108257168622,1.047197908453);
#2070 = AXIS2_PLACEMENT_3D('',#2071,#2072,#2073);
#2071 = CARTESIAN_POINT('',(2.042262861262E-04,109.7737786887,
    4.061610864142E-02));
#2072 = DIRECTION('',(-1.12154201282E-04,0.999999900728,
    4.312377956738E-04));
#2073 = DIRECTION('',(-6.617444900424E-24,4.31237798386E-04,
    -0.999999907017));
#2074 = DEFINITIONAL_REPRESENTATION('',(#2075),#2079);
#2075 = LINE('',#2076,#2077);
#2076 = CARTESIAN_POINT('',(-0.,-0.9879535502));
#2077 = VECTOR('',#2078,1.);
#2078 = DIRECTION('',(-1.,-0.));
#2079 = ( GEOMETRIC_REPRESENTATION_CONTEXT(2) 
PARAMETRIC_REPRESENTATION_CONTEXT() REPRESENTATION_CONTEXT('2D SPACE',''
  ) );
#2080 = ORIENTED_EDGE('',*,*,#2081,.T.);
#2081 = EDGE_CURVE('',#2053,#1979,#2082,.T.);
#2082 = SEAM_CURVE('',#2083,(#2087,#2094),.PCURVE_S1.);
#2083 = LINE('',#2084,#2085);
#2084 = CARTESIAN_POINT('',(-4.214752101705E-03,149.17917549311,
    -10.33946177231));
#2085 = VECTOR('',#2086,1.);
#2086 = DIRECTION('',(1.12154201282E-04,-0.999999900728,
    -4.312377956738E-04));
#2087 = PCURVE('',#1995,#2088);
#2088 = DEFINITIONAL_REPRESENTATION('',(#2089),#2093);
#2089 = LINE('',#2090,#2091);
#2090 = CARTESIAN_POINT('',(0.,-0.));
#2091 = VECTOR('',#2092,1.);
#2092 = DIRECTION('',(0.,1.));
#2093 = ( GEOMETRIC_REPRESENTATION_CONTEXT(2) 
PARAMETRIC_REPRESENTATION_CONTEXT() REPRESENTATION_CONTEXT('2D SPACE',''
  ) );
#2094 = PCURVE('',#1995,#2095);
#2095 = DEFINITIONAL_REPRESENTATION('',(#2096),#2100);
#2096 = LINE('',#2097,#2098);
#2097 = CARTESIAN_POINT('',(6.28318530718,-0.));
#2098 = VECTOR('',#2099,1.);
#2099 = DIRECTION('',(0.,1.));
#2100 = ( GEOMETRIC_REPRESENTATION_CONTEXT(2) 
PARAMETRIC_REPRESENTATION_CONTEXT() REPRESENTATION_CONTEXT('2D SPACE',''
  ) );
#2101 = ORIENTED_EDGE('',*,*,#1978,.F.);
#2102 = ORIENTED_EDGE('',*,*,#2081,.F.);
#2103 = ADVANCED_FACE('',(#2104),#2037,.T.);
#2104 = FACE_BOUND('',#2105,.T.);
#2105 = EDGE_LOOP('',(#2106,#2129,#2156,#2157));
#2106 = ORIENTED_EDGE('',*,*,#2107,.T.);
#2107 = EDGE_CURVE('',#2017,#2108,#2110,.T.);
#2108 = VERTEX_POINT('',#2109);
#2109 = CARTESIAN_POINT('',(6.380465324509E-03,54.683607795545,
    48.723229268939));
#2110 = SEAM_CURVE('',#2111,(#2115,#2122),.PCURVE_S1.);
#2111 = LINE('',#2112,#2113);
#2112 = CARTESIAN_POINT('',(7.015919988029E-03,49.017706802326,
    48.720785918041));
#2113 = VECTOR('',#2114,1.);
#2114 = DIRECTION('',(-1.12154201282E-04,0.999999900728,
    4.312377956738E-04));
#2115 = PCURVE('',#2037,#2116);
#2116 = DEFINITIONAL_REPRESENTATION('',(#2117),#2121);
#2117 = LINE('',#2118,#2119);
#2118 = CARTESIAN_POINT('',(6.28318530718,-0.));
#2119 = VECTOR('',#2120,1.);
#2120 = DIRECTION('',(0.,1.));
#2121 = ( GEOMETRIC_REPRESENTATION_CONTEXT(2) 
PARAMETRIC_REPRESENTATION_CONTEXT() REPRESENTATION_CONTEXT('2D SPACE',''
  ) );
#2122 = PCURVE('',#2037,#2123);
#2123 = DEFINITIONAL_REPRESENTATION('',(#2124),#2128);
#2124 = LINE('',#2125,#2126);
#2125 = CARTESIAN_POINT('',(0.,-0.));
#2126 = VECTOR('',#2127,1.);
#2127 = DIRECTION('',(0.,1.));
#2128 = ( GEOMETRIC_REPRESENTATION_CONTEXT(2) 
PARAMETRIC_REPRESENTATION_CONTEXT() REPRESENTATION_CONTEXT('2D SPACE',''
  ) );
#2129 = ORIENTED_EDGE('',*,*,#2130,.F.);
#2130 = EDGE_CURVE('',#2108,#2108,#2131,.T.);
#2131 = SURFACE_CURVE('',#2132,(#2137,#2144),.PCURVE_S1.);
#2132 = CIRCLE('',#2133,48.706365597649);
#2133 = AXIS2_PLACEMENT_3D('',#2134,#2135,#2136);
#2134 = CARTESIAN_POINT('',(6.380465324521E-03,54.704611821413,
    1.686820015446E-02));
#2135 = DIRECTION('',(-1.12154201282E-04,0.999999900728,
    4.312377956738E-04));
#2136 = DIRECTION('',(1.323488980085E-23,-4.31237798386E-04,
    0.999999907017));
#2137 = PCURVE('',#2037,#2138);
#2138 = DEFINITIONAL_REPRESENTATION('',(#2139),#2143);
#2139 = LINE('',#2140,#2141);
#2140 = CARTESIAN_POINT('',(0.,5.665901555687));
#2141 = VECTOR('',#2142,1.);
#2142 = DIRECTION('',(1.,0.));
#2143 = ( GEOMETRIC_REPRESENTATION_CONTEXT(2) 
PARAMETRIC_REPRESENTATION_CONTEXT() REPRESENTATION_CONTEXT('2D SPACE',''
  ) );
#2144 = PCURVE('',#2145,#2150);
#2145 = PLANE('',#2146);
#2146 = AXIS2_PLACEMENT_3D('',#2147,#2148,#2149);
#2147 = CARTESIAN_POINT('',(6.380465324521E-03,54.704611821413,
    1.686820015446E-02));
#2148 = DIRECTION('',(-1.12154201282E-04,0.999999900728,
    4.312377956738E-04));
#2149 = DIRECTION('',(6.617444900424E-24,-4.31237798386E-04,
    0.999999907017));
#2150 = DEFINITIONAL_REPRESENTATION('',(#2151),#2155);
#2151 = CIRCLE('',#2152,48.706365597649);
#2152 = AXIS2_PLACEMENT_2D('',#2153,#2154);
#2153 = CARTESIAN_POINT('',(0.,0.));
#2154 = DIRECTION('',(1.,0.));
#2155 = ( GEOMETRIC_REPRESENTATION_CONTEXT(2) 
PARAMETRIC_REPRESENTATION_CONTEXT() REPRESENTATION_CONTEXT('2D SPACE',''
  ) );
#2156 = ORIENTED_EDGE('',*,*,#2107,.F.);
#2157 = ORIENTED_EDGE('',*,*,#2016,.T.);
#2158 = ADVANCED_FACE('',(#2159),#2069,.F.);
#2159 = FACE_BOUND('',#2160,.F.);
#2160 = EDGE_LOOP('',(#2161,#2162,#2185,#2212));
#2161 = ORIENTED_EDGE('',*,*,#2052,.F.);
#2162 = ORIENTED_EDGE('',*,*,#2163,.F.);
#2163 = EDGE_CURVE('',#2164,#2053,#2166,.T.);
#2164 = VERTEX_POINT('',#2165);
#2165 = CARTESIAN_POINT('',(2.042262861233E-04,109.77900022686,
    -12.06763993411));
#2166 = SEAM_CURVE('',#2167,(#2171,#2178),.PCURVE_S1.);
#2167 = LINE('',#2168,#2169);
#2168 = CARTESIAN_POINT('',(2.042262861233E-04,109.77900022686,
    -12.06763993411));
#2169 = VECTOR('',#2170,1.);
#2170 = DIRECTION('',(5.607706594147E-05,-0.500373103936,0.865809883122)
  );
#2171 = PCURVE('',#2069,#2172);
#2172 = DEFINITIONAL_REPRESENTATION('',(#2173),#2177);
#2173 = LINE('',#2174,#2175);
#2174 = CARTESIAN_POINT('',(-6.28318530718,0.));
#2175 = VECTOR('',#2176,1.);
#2176 = DIRECTION('',(-0.,-1.));
#2177 = ( GEOMETRIC_REPRESENTATION_CONTEXT(2) 
PARAMETRIC_REPRESENTATION_CONTEXT() REPRESENTATION_CONTEXT('2D SPACE',''
  ) );
#2178 = PCURVE('',#2069,#2179);
#2179 = DEFINITIONAL_REPRESENTATION('',(#2180),#2184);
#2180 = LINE('',#2181,#2182);
#2181 = CARTESIAN_POINT('',(0.,-0.));
#2182 = VECTOR('',#2183,1.);
#2183 = DIRECTION('',(-0.,-1.));
#2184 = ( GEOMETRIC_REPRESENTATION_CONTEXT(2) 
PARAMETRIC_REPRESENTATION_CONTEXT() REPRESENTATION_CONTEXT('2D SPACE',''
  ) );
#2185 = ORIENTED_EDGE('',*,*,#2186,.T.);
#2186 = EDGE_CURVE('',#2164,#2164,#2187,.T.);
#2187 = SURFACE_CURVE('',#2188,(#2193,#2200),.PCURVE_S1.);
#2188 = CIRCLE('',#2189,12.108257168622);
#2189 = AXIS2_PLACEMENT_3D('',#2190,#2191,#2192);
#2190 = CARTESIAN_POINT('',(2.042262861262E-04,109.7737786887,
    4.061610864142E-02));
#2191 = DIRECTION('',(1.12154201282E-04,-0.999999900728,
    -4.312377956738E-04));
#2192 = DIRECTION('',(-1.323488980085E-23,4.31237798386E-04,
    -0.999999907017));
#2193 = PCURVE('',#2069,#2194);
#2194 = DEFINITIONAL_REPRESENTATION('',(#2195),#2199);
#2195 = LINE('',#2196,#2197);
#2196 = CARTESIAN_POINT('',(-0.,-0.));
#2197 = VECTOR('',#2198,1.);
#2198 = DIRECTION('',(-1.,-0.));
#2199 = ( GEOMETRIC_REPRESENTATION_CONTEXT(2) 
PARAMETRIC_REPRESENTATION_CONTEXT() REPRESENTATION_CONTEXT('2D SPACE',''
  ) );
#2200 = PCURVE('',#2201,#2206);
#2201 = PLANE('',#2202);
#2202 = AXIS2_PLACEMENT_3D('',#2203,#2204,#2205);
#2203 = CARTESIAN_POINT('',(2.042262861262E-04,109.7737786887,
    4.061610864142E-02));
#2204 = DIRECTION('',(1.12154201282E-04,-0.999999900728,
    -4.312377956738E-04));
#2205 = DIRECTION('',(-6.617444900424E-24,4.31237798386E-04,
    -0.999999907017));
#2206 = DEFINITIONAL_REPRESENTATION('',(#2207),#2211);
#2207 = CIRCLE('',#2208,12.108257168622);
#2208 = AXIS2_PLACEMENT_2D('',#2209,#2210);
#2209 = CARTESIAN_POINT('',(0.,0.));
#2210 = DIRECTION('',(1.,0.));
#2211 = ( GEOMETRIC_REPRESENTATION_CONTEXT(2) 
PARAMETRIC_REPRESENTATION_CONTEXT() REPRESENTATION_CONTEXT('2D SPACE',''
  ) );
#2212 = ORIENTED_EDGE('',*,*,#2163,.T.);
#2213 = ADVANCED_FACE('',(#2214,#2217),#2145,.T.);
#2214 = FACE_BOUND('',#2215,.T.);
#2215 = EDGE_LOOP('',(#2216));
#2216 = ORIENTED_EDGE('',*,*,#2130,.T.);
#2217 = FACE_BOUND('',#2218,.T.);
#2218 = EDGE_LOOP('',(#2219));
#2219 = ORIENTED_EDGE('',*,*,#2220,.F.);
#2220 = EDGE_CURVE('',#2221,#2221,#2223,.T.);
#2221 = VERTEX_POINT('',#2222);
#2222 = CARTESIAN_POINT('',(6.380465324512E-03,54.689549801802,
    34.944275462023));
#2223 = SURFACE_CURVE('',#2224,(#2229,#2236),.PCURVE_S1.);
#2224 = CIRCLE('',#2225,34.927410509524);
#2225 = AXIS2_PLACEMENT_3D('',#2226,#2227,#2228);
#2226 = CARTESIAN_POINT('',(6.380465324521E-03,54.704611821413,
    1.686820015446E-02));
#2227 = DIRECTION('',(-1.12154201282E-04,0.999999900728,
    4.312377956738E-04));
#2228 = DIRECTION('',(1.323488980085E-23,-4.31237798386E-04,
    0.999999907017));
#2229 = PCURVE('',#2145,#2230);
#2230 = DEFINITIONAL_REPRESENTATION('',(#2231),#2235);
#2231 = CIRCLE('',#2232,34.927410509524);
#2232 = AXIS2_PLACEMENT_2D('',#2233,#2234);
#2233 = CARTESIAN_POINT('',(-3.469446629354E-18,1.734723297266E-18));
#2234 = DIRECTION('',(1.,6.617444900424E-24));
#2235 = ( GEOMETRIC_REPRESENTATION_CONTEXT(2) 
PARAMETRIC_REPRESENTATION_CONTEXT() REPRESENTATION_CONTEXT('2D SPACE',''
  ) );
#2236 = PCURVE('',#2237,#2242);
#2237 = CYLINDRICAL_SURFACE('',#2238,34.927410509524);
#2238 = AXIS2_PLACEMENT_3D('',#2239,#2240,#2241);
#2239 = CARTESIAN_POINT('',(6.478888441451E-03,53.827042314121,
    1.648975897702E-02));
#2240 = DIRECTION('',(-1.12154201282E-04,0.999999900728,
    4.312377956738E-04));
#2241 = DIRECTION('',(6.617444900424E-24,-4.31237798386E-04,
    0.999999907017));
#2242 = DEFINITIONAL_REPRESENTATION('',(#2243),#2247);
#2243 = LINE('',#2244,#2245);
#2244 = CARTESIAN_POINT('',(6.617444900424E-24,0.87756959441));
#2245 = VECTOR('',#2246,1.);
#2246 = DIRECTION('',(1.,0.));
#2247 = ( GEOMETRIC_REPRESENTATION_CONTEXT(2) 
PARAMETRIC_REPRESENTATION_CONTEXT() REPRESENTATION_CONTEXT('2D SPACE',''
  ) );
#2248 = ADVANCED_FACE('',(#2249,#2252),#2201,.T.);
#2249 = FACE_BOUND('',#2250,.T.);
#2250 = EDGE_LOOP('',(#2251));
#2251 = ORIENTED_EDGE('',*,*,#2186,.T.);
#2252 = FACE_BOUND('',#2253,.T.);
#2253 = EDGE_LOOP('',(#2254));
#2254 = ORIENTED_EDGE('',*,*,#2255,.F.);
#2255 = EDGE_CURVE('',#2256,#2256,#2258,.T.);
#2256 = VERTEX_POINT('',#2257);
#2257 = CARTESIAN_POINT('',(2.042262861237E-04,109.77826229828,
    -10.35645293695));
#2258 = SURFACE_CURVE('',#2259,(#2264,#2271),.PCURVE_S1.);
#2259 = CIRCLE('',#2260,10.397070012346);
#2260 = AXIS2_PLACEMENT_3D('',#2261,#2262,#2263);
#2261 = CARTESIAN_POINT('',(2.042262861262E-04,109.7737786887,
    4.061610864142E-02));
#2262 = DIRECTION('',(1.12154201282E-04,-0.999999900728,
    -4.312377956738E-04));
#2263 = DIRECTION('',(-1.323488980085E-23,4.31237798386E-04,
    -0.999999907017));
#2264 = PCURVE('',#2201,#2265);
#2265 = DEFINITIONAL_REPRESENTATION('',(#2266),#2270);
#2266 = CIRCLE('',#2267,10.397070012346);
#2267 = AXIS2_PLACEMENT_2D('',#2268,#2269);
#2268 = CARTESIAN_POINT('',(6.938893258708E-18,2.168403995733E-18));
#2269 = DIRECTION('',(1.,-6.617444900424E-24));
#2270 = ( GEOMETRIC_REPRESENTATION_CONTEXT(2) 
PARAMETRIC_REPRESENTATION_CONTEXT() REPRESENTATION_CONTEXT('2D SPACE',''
  ) );
#2271 = PCURVE('',#2272,#2277);
#2272 = CYLINDRICAL_SURFACE('',#2273,10.397070012346);
#2273 = AXIS2_PLACEMENT_3D('',#2274,#2275,#2276);
#2274 = CARTESIAN_POINT('',(-4.214752101703E-03,149.17469188353,
    5.760727328185E-02));
#2275 = DIRECTION('',(1.12154201282E-04,-0.999999900728,
    -4.312377956738E-04));
#2276 = DIRECTION('',(-6.617444900424E-24,4.31237798386E-04,
    -0.999999907017));
#2277 = DEFINITIONAL_REPRESENTATION('',(#2278),#2282);
#2278 = LINE('',#2279,#2280);
#2279 = CARTESIAN_POINT('',(0.,39.400917106252));
#2280 = VECTOR('',#2281,1.);
#2281 = DIRECTION('',(1.,0.));
#2282 = ( GEOMETRIC_REPRESENTATION_CONTEXT(2) 
PARAMETRIC_REPRESENTATION_CONTEXT() REPRESENTATION_CONTEXT('2D SPACE',''
  ) );
#2283 = ADVANCED_FACE('',(#2284),#2237,.T.);
#2284 = FACE_BOUND('',#2285,.T.);
#2285 = EDGE_LOOP('',(#2286,#2309,#2336,#2337));
#2286 = ORIENTED_EDGE('',*,*,#2287,.T.);
#2287 = EDGE_CURVE('',#2221,#2288,#2290,.T.);
#2288 = VERTEX_POINT('',#2289);
#2289 = CARTESIAN_POINT('',(6.036340276856E-03,57.757870110452,
    34.94559863784));
#2290 = SEAM_CURVE('',#2291,(#2295,#2302),.PCURVE_S1.);
#2291 = LINE('',#2292,#2293);
#2292 = CARTESIAN_POINT('',(6.478888441443E-03,53.81198029451,
    34.943897020845));
#2293 = VECTOR('',#2294,1.);
#2294 = DIRECTION('',(-1.12154201282E-04,0.999999900728,
    4.312377956738E-04));
#2295 = PCURVE('',#2237,#2296);
#2296 = DEFINITIONAL_REPRESENTATION('',(#2297),#2301);
#2297 = LINE('',#2298,#2299);
#2298 = CARTESIAN_POINT('',(6.28318530718,-0.));
#2299 = VECTOR('',#2300,1.);
#2300 = DIRECTION('',(0.,1.));
#2301 = ( GEOMETRIC_REPRESENTATION_CONTEXT(2) 
PARAMETRIC_REPRESENTATION_CONTEXT() REPRESENTATION_CONTEXT('2D SPACE',''
  ) );
#2302 = PCURVE('',#2237,#2303);
#2303 = DEFINITIONAL_REPRESENTATION('',(#2304),#2308);
#2304 = LINE('',#2305,#2306);
#2305 = CARTESIAN_POINT('',(0.,-0.));
#2306 = VECTOR('',#2307,1.);
#2307 = DIRECTION('',(0.,1.));
#2308 = ( GEOMETRIC_REPRESENTATION_CONTEXT(2) 
PARAMETRIC_REPRESENTATION_CONTEXT() REPRESENTATION_CONTEXT('2D SPACE',''
  ) );
#2309 = ORIENTED_EDGE('',*,*,#2310,.F.);
#2310 = EDGE_CURVE('',#2288,#2288,#2311,.T.);
#2311 = SURFACE_CURVE('',#2312,(#2317,#2324),.PCURVE_S1.);
#2312 = CIRCLE('',#2313,34.927410509524);
#2313 = AXIS2_PLACEMENT_3D('',#2314,#2315,#2316);
#2314 = CARTESIAN_POINT('',(6.036340276865E-03,57.772932130064,
    1.819137597214E-02));
#2315 = DIRECTION('',(-1.12154201282E-04,0.999999900728,
    4.312377956738E-04));
#2316 = DIRECTION('',(1.323488980085E-23,-4.31237798386E-04,
    0.999999907017));
#2317 = PCURVE('',#2237,#2318);
#2318 = DEFINITIONAL_REPRESENTATION('',(#2319),#2323);
#2319 = LINE('',#2320,#2321);
#2320 = CARTESIAN_POINT('',(0.,3.94589020766));
#2321 = VECTOR('',#2322,1.);
#2322 = DIRECTION('',(1.,0.));
#2323 = ( GEOMETRIC_REPRESENTATION_CONTEXT(2) 
PARAMETRIC_REPRESENTATION_CONTEXT() REPRESENTATION_CONTEXT('2D SPACE',''
  ) );
#2324 = PCURVE('',#2325,#2330);
#2325 = PLANE('',#2326);
#2326 = AXIS2_PLACEMENT_3D('',#2327,#2328,#2329);
#2327 = CARTESIAN_POINT('',(6.036340276865E-03,57.772932130064,
    1.819137597214E-02));
#2328 = DIRECTION('',(-1.12154201282E-04,0.999999900728,
    4.312377956738E-04));
#2329 = DIRECTION('',(6.617444900424E-24,-4.31237798386E-04,
    0.999999907017));
#2330 = DEFINITIONAL_REPRESENTATION('',(#2331),#2335);
#2331 = CIRCLE('',#2332,34.927410509524);
#2332 = AXIS2_PLACEMENT_2D('',#2333,#2334);
#2333 = CARTESIAN_POINT('',(0.,0.));
#2334 = DIRECTION('',(1.,0.));
#2335 = ( GEOMETRIC_REPRESENTATION_CONTEXT(2) 
PARAMETRIC_REPRESENTATION_CONTEXT() REPRESENTATION_CONTEXT('2D SPACE',''
  ) );
#2336 = ORIENTED_EDGE('',*,*,#2287,.F.);
#2337 = ORIENTED_EDGE('',*,*,#2220,.T.);
#2338 = ADVANCED_FACE('',(#2339),#2272,.F.);
#2339 = FACE_BOUND('',#2340,.F.);
#2340 = EDGE_LOOP('',(#2341,#2342,#2365,#2396));
#2341 = ORIENTED_EDGE('',*,*,#2255,.F.);
#2342 = ORIENTED_EDGE('',*,*,#2343,.F.);
#2343 = EDGE_CURVE('',#2344,#2256,#2346,.T.);
#2344 = VERTEX_POINT('',#2345);
#2345 = CARTESIAN_POINT('',(-4.096811322333E-03,148.12758075733,
    -10.33991525975));
#2346 = SEAM_CURVE('',#2347,(#2351,#2358),.PCURVE_S1.);
#2347 = LINE('',#2348,#2349);
#2348 = CARTESIAN_POINT('',(-4.214752101705E-03,149.17917549311,
    -10.33946177231));
#2349 = VECTOR('',#2350,1.);
#2350 = DIRECTION('',(1.12154201282E-04,-0.999999900728,
    -4.312377956738E-04));
#2351 = PCURVE('',#2272,#2352);
#2352 = DEFINITIONAL_REPRESENTATION('',(#2353),#2357);
#2353 = LINE('',#2354,#2355);
#2354 = CARTESIAN_POINT('',(6.28318530718,-0.));
#2355 = VECTOR('',#2356,1.);
#2356 = DIRECTION('',(0.,1.));
#2357 = ( GEOMETRIC_REPRESENTATION_CONTEXT(2) 
PARAMETRIC_REPRESENTATION_CONTEXT() REPRESENTATION_CONTEXT('2D SPACE',''
  ) );
#2358 = PCURVE('',#2272,#2359);
#2359 = DEFINITIONAL_REPRESENTATION('',(#2360),#2364);
#2360 = LINE('',#2361,#2362);
#2361 = CARTESIAN_POINT('',(0.,-0.));
#2362 = VECTOR('',#2363,1.);
#2363 = DIRECTION('',(0.,1.));
#2364 = ( GEOMETRIC_REPRESENTATION_CONTEXT(2) 
PARAMETRIC_REPRESENTATION_CONTEXT() REPRESENTATION_CONTEXT('2D SPACE',''
  ) );
#2365 = ORIENTED_EDGE('',*,*,#2366,.T.);
#2366 = EDGE_CURVE('',#2344,#2344,#2367,.T.);
#2367 = SURFACE_CURVE('',#2368,(#2373,#2380),.PCURVE_S1.);
#2368 = CIRCLE('',#2369,10.397070012346);
#2369 = AXIS2_PLACEMENT_3D('',#2370,#2371,#2372);
#2370 = CARTESIAN_POINT('',(-4.096811322331E-03,148.12309714775,
    5.715378584103E-02));
#2371 = DIRECTION('',(1.12154201282E-04,-0.999999900728,
    -4.312377956738E-04));
#2372 = DIRECTION('',(-1.323488980085E-23,4.31237798386E-04,
    -0.999999907017));
#2373 = PCURVE('',#2272,#2374);
#2374 = DEFINITIONAL_REPRESENTATION('',(#2375),#2379);
#2375 = LINE('',#2376,#2377);
#2376 = CARTESIAN_POINT('',(0.,1.051594840174));
#2377 = VECTOR('',#2378,1.);
#2378 = DIRECTION('',(1.,0.));
#2379 = ( GEOMETRIC_REPRESENTATION_CONTEXT(2) 
PARAMETRIC_REPRESENTATION_CONTEXT() REPRESENTATION_CONTEXT('2D SPACE',''
  ) );
#2380 = PCURVE('',#2381,#2386);
#2381 = PLANE('',#2382);
#2382 = AXIS2_PLACEMENT_3D('',#2383,#2384,#2385);
#2383 = CARTESIAN_POINT('',(-4.096811322331E-03,148.12309714775,
    5.715378584103E-02));
#2384 = DIRECTION('',(-1.12154201282E-04,0.999999900728,
    4.312377956738E-04));
#2385 = DIRECTION('',(6.617444900424E-24,-4.31237798386E-04,
    0.999999907017));
#2386 = DEFINITIONAL_REPRESENTATION('',(#2387),#2395);
#2387 = ( BOUNDED_CURVE() B_SPLINE_CURVE(2,(#2388,#2389,#2390,#2391,
#2392,#2393,#2394),.UNSPECIFIED.,.T.,.F.) B_SPLINE_CURVE_WITH_KNOTS((1,2
    ,2,2,2,1),(-2.094395102393,0.,2.094395102393,4.188790204786,
6.28318530718,8.377580409573),.UNSPECIFIED.) CURVE() 
GEOMETRIC_REPRESENTATION_ITEM() RATIONAL_B_SPLINE_CURVE((1.,0.5,1.,0.5,
1.,0.5,1.)) REPRESENTATION_ITEM('') );
#2388 = CARTESIAN_POINT('',(-10.39707001234,3.469377792495E-18));
#2389 = CARTESIAN_POINT('',(-10.39707001234,18.008253511233));
#2390 = CARTESIAN_POINT('',(5.198535006173,9.004126755617));
#2391 = CARTESIAN_POINT('',(20.794140024691,2.550017286425E-15));
#2392 = CARTESIAN_POINT('',(5.198535006173,-9.004126755617));
#2393 = CARTESIAN_POINT('',(-10.39707001234,-18.00825351123));
#2394 = CARTESIAN_POINT('',(-10.39707001234,3.469377792495E-18));
#2395 = ( GEOMETRIC_REPRESENTATION_CONTEXT(2) 
PARAMETRIC_REPRESENTATION_CONTEXT() REPRESENTATION_CONTEXT('2D SPACE',''
  ) );
#2396 = ORIENTED_EDGE('',*,*,#2343,.T.);
#2397 = ADVANCED_FACE('',(#2398,#2401),#2325,.T.);
#2398 = FACE_BOUND('',#2399,.T.);
#2399 = EDGE_LOOP('',(#2400));
#2400 = ORIENTED_EDGE('',*,*,#2310,.T.);
#2401 = FACE_BOUND('',#2402,.T.);
#2402 = EDGE_LOOP('',(#2403));
#2403 = ORIENTED_EDGE('',*,*,#2404,.F.);
#2404 = EDGE_CURVE('',#2405,#2405,#2407,.T.);
#2405 = VERTEX_POINT('',#2406);
#2406 = CARTESIAN_POINT('',(6.036340276856E-03,57.757894599209,
    34.888811512321));
#2407 = SURFACE_CURVE('',#2408,(#2413,#2420),.PCURVE_S1.);
#2408 = CIRCLE('',#2409,34.870623378725);
#2409 = AXIS2_PLACEMENT_3D('',#2410,#2411,#2412);
#2410 = CARTESIAN_POINT('',(6.036340276865E-03,57.772932130064,
    1.819137597214E-02));
#2411 = DIRECTION('',(-1.12154201282E-04,0.999999900728,
    4.312377956738E-04));
#2412 = DIRECTION('',(1.323488980085E-23,-4.31237798386E-04,
    0.999999907017));
#2413 = PCURVE('',#2325,#2414);
#2414 = DEFINITIONAL_REPRESENTATION('',(#2415),#2419);
#2415 = CIRCLE('',#2416,34.870623378725);
#2416 = AXIS2_PLACEMENT_2D('',#2417,#2418);
#2417 = CARTESIAN_POINT('',(3.469446629354E-18,-1.734723297266E-18));
#2418 = DIRECTION('',(1.,6.617444900424E-24));
#2419 = ( GEOMETRIC_REPRESENTATION_CONTEXT(2) 
PARAMETRIC_REPRESENTATION_CONTEXT() REPRESENTATION_CONTEXT('2D SPACE',''
  ) );
#2420 = PCURVE('',#2421,#2426);
#2421 = CONICAL_SURFACE('',#2422,34.925448830765,0.14481272445);
#2422 = AXIS2_PLACEMENT_3D('',#2423,#2424,#2425);
#2423 = CARTESIAN_POINT('',(6.078504128586E-03,57.396986806091,
    1.802925412324E-02));
#2424 = DIRECTION('',(1.12154201282E-04,-0.999999900728,
    -4.312377956738E-04));
#2425 = DIRECTION('',(6.617444900424E-24,-4.31237798386E-04,
    0.999999907017));
#2426 = DEFINITIONAL_REPRESENTATION('',(#2427),#2431);
#2427 = LINE('',#2428,#2429);
#2428 = CARTESIAN_POINT('',(-6.617444900424E-24,-0.375945361293));
#2429 = VECTOR('',#2430,1.);
#2430 = DIRECTION('',(-1.,-0.));
#2431 = ( GEOMETRIC_REPRESENTATION_CONTEXT(2) 
PARAMETRIC_REPRESENTATION_CONTEXT() REPRESENTATION_CONTEXT('2D SPACE',''
  ) );
#2432 = ADVANCED_FACE('',(#2433,#2464),#2381,.T.);
#2433 = FACE_BOUND('',#2434,.T.);
#2434 = EDGE_LOOP('',(#2435));
#2435 = ORIENTED_EDGE('',*,*,#2436,.T.);
#2436 = EDGE_CURVE('',#2437,#2437,#2439,.T.);
#2437 = VERTEX_POINT('',#2438);
#2438 = CARTESIAN_POINT('',(-4.096811322334E-03,148.11770586392,
    12.559034076212));
#2439 = SURFACE_CURVE('',#2440,(#2445,#2452),.PCURVE_S1.);
#2440 = CIRCLE('',#2441,12.501881452833);
#2441 = AXIS2_PLACEMENT_3D('',#2442,#2443,#2444);
#2442 = CARTESIAN_POINT('',(-4.096811322331E-03,148.12309714775,
    5.715378584103E-02));
#2443 = DIRECTION('',(-1.12154201282E-04,0.999999900728,
    4.312377956738E-04));
#2444 = DIRECTION('',(1.323488980085E-23,-4.31237798386E-04,
    0.999999907017));
#2445 = PCURVE('',#2381,#2446);
#2446 = DEFINITIONAL_REPRESENTATION('',(#2447),#2451);
#2447 = CIRCLE('',#2448,12.501881452833);
#2448 = AXIS2_PLACEMENT_2D('',#2449,#2450);
#2449 = CARTESIAN_POINT('',(0.,0.));
#2450 = DIRECTION('',(1.,0.));
#2451 = ( GEOMETRIC_REPRESENTATION_CONTEXT(2) 
PARAMETRIC_REPRESENTATION_CONTEXT() REPRESENTATION_CONTEXT('2D SPACE',''
  ) );
#2452 = PCURVE('',#2453,#2458);
#2453 = CYLINDRICAL_SURFACE('',#2454,12.501881452833);
#2454 = AXIS2_PLACEMENT_3D('',#2455,#2456,#2457);
#2455 = CARTESIAN_POINT('',(-4.096811322331E-03,148.12309714775,
    5.715378584103E-02));
#2456 = DIRECTION('',(-1.12154201282E-04,0.999999900728,
    4.312377956738E-04));
#2457 = DIRECTION('',(6.617444900424E-24,-4.31237798386E-04,
    0.999999907017));
#2458 = DEFINITIONAL_REPRESENTATION('',(#2459),#2463);
#2459 = LINE('',#2460,#2461);
#2460 = CARTESIAN_POINT('',(0.,0.));
#2461 = VECTOR('',#2462,1.);
#2462 = DIRECTION('',(1.,0.));
#2463 = ( GEOMETRIC_REPRESENTATION_CONTEXT(2) 
PARAMETRIC_REPRESENTATION_CONTEXT() REPRESENTATION_CONTEXT('2D SPACE',''
  ) );
#2464 = FACE_BOUND('',#2465,.T.);
#2465 = EDGE_LOOP('',(#2466));
#2466 = ORIENTED_EDGE('',*,*,#2366,.T.);
#2467 = ADVANCED_FACE('',(#2468),#2421,.T.);
#2468 = FACE_BOUND('',#2469,.T.);
#2469 = EDGE_LOOP('',(#2470,#2493,#2520,#2521));
#2470 = ORIENTED_EDGE('',*,*,#2471,.T.);
#2471 = EDGE_CURVE('',#2405,#2472,#2474,.T.);
#2472 = VERTEX_POINT('',#2473);
#2473 = CARTESIAN_POINT('',(-5.333522314441E-03,159.14131466981,
    20.148353282829));
#2474 = SEAM_CURVE('',#2475,(#2479,#2486),.PCURVE_S1.);
#2475 = LINE('',#2476,#2477);
#2476 = CARTESIAN_POINT('',(6.078504128578E-03,57.38192563243,
    34.943474837415));
#2477 = VECTOR('',#2478,1.);
#2478 = DIRECTION('',(-1.109802774722E-04,0.98959508087,-0.143880379489)
  );
#2479 = PCURVE('',#2421,#2480);
#2480 = DEFINITIONAL_REPRESENTATION('',(#2481),#2485);
#2481 = LINE('',#2482,#2483);
#2482 = CARTESIAN_POINT('',(-6.28318530718,0.));
#2483 = VECTOR('',#2484,1.);
#2484 = DIRECTION('',(-0.,-1.));
#2485 = ( GEOMETRIC_REPRESENTATION_CONTEXT(2) 
PARAMETRIC_REPRESENTATION_CONTEXT() REPRESENTATION_CONTEXT('2D SPACE',''
  ) );
#2486 = PCURVE('',#2421,#2487);
#2487 = DEFINITIONAL_REPRESENTATION('',(#2488),#2492);
#2488 = LINE('',#2489,#2490);
#2489 = CARTESIAN_POINT('',(0.,-0.));
#2490 = VECTOR('',#2491,1.);
#2491 = DIRECTION('',(-0.,-1.));
#2492 = ( GEOMETRIC_REPRESENTATION_CONTEXT(2) 
PARAMETRIC_REPRESENTATION_CONTEXT() REPRESENTATION_CONTEXT('2D SPACE',''
  ) );
#2493 = ORIENTED_EDGE('',*,*,#2494,.F.);
#2494 = EDGE_CURVE('',#2472,#2472,#2495,.T.);
#2495 = SURFACE_CURVE('',#2496,(#2501,#2508),.PCURVE_S1.);
#2496 = CIRCLE('',#2497,20.086446156982);
#2497 = AXIS2_PLACEMENT_3D('',#2498,#2499,#2500);
#2498 = CARTESIAN_POINT('',(-5.333522314436E-03,159.14997670463,
    6.190899354636E-02));
#2499 = DIRECTION('',(-1.12154201282E-04,0.999999900728,
    4.312377956738E-04));
#2500 = DIRECTION('',(1.323488980085E-23,-4.31237798386E-04,
    0.999999907017));
#2501 = PCURVE('',#2421,#2502);
#2502 = DEFINITIONAL_REPRESENTATION('',(#2503),#2507);
#2503 = LINE('',#2504,#2505);
#2504 = CARTESIAN_POINT('',(-0.,-101.7529999997));
#2505 = VECTOR('',#2506,1.);
#2506 = DIRECTION('',(-1.,-0.));
#2507 = ( GEOMETRIC_REPRESENTATION_CONTEXT(2) 
PARAMETRIC_REPRESENTATION_CONTEXT() REPRESENTATION_CONTEXT('2D SPACE',''
  ) );
#2508 = PCURVE('',#2509,#2514);
#2509 = PLANE('',#2510);
#2510 = AXIS2_PLACEMENT_3D('',#2511,#2512,#2513);
#2511 = CARTESIAN_POINT('',(-5.333522314436E-03,159.14997670463,
    6.190899354636E-02));
#2512 = DIRECTION('',(-1.12154201282E-04,0.999999900728,
    4.312377956738E-04));
#2513 = DIRECTION('',(6.617444900424E-24,-4.31237798386E-04,
    0.999999907017));
#2514 = DEFINITIONAL_REPRESENTATION('',(#2515),#2519);
#2515 = CIRCLE('',#2516,20.086446156982);
#2516 = AXIS2_PLACEMENT_2D('',#2517,#2518);
#2517 = CARTESIAN_POINT('',(0.,0.));
#2518 = DIRECTION('',(1.,0.));
#2519 = ( GEOMETRIC_REPRESENTATION_CONTEXT(2) 
PARAMETRIC_REPRESENTATION_CONTEXT() REPRESENTATION_CONTEXT('2D SPACE',''
  ) );
#2520 = ORIENTED_EDGE('',*,*,#2471,.F.);
#2521 = ORIENTED_EDGE('',*,*,#2404,.T.);
#2522 = ADVANCED_FACE('',(#2523),#2453,.F.);
#2523 = FACE_BOUND('',#2524,.F.);
#2524 = EDGE_LOOP('',(#2525,#2549,#2570,#2571));
#2525 = ORIENTED_EDGE('',*,*,#2526,.F.);
#2526 = EDGE_CURVE('',#2527,#2527,#2529,.T.);
#2527 = VERTEX_POINT('',#2528);
#2528 = CARTESIAN_POINT('',(-5.333522314439E-03,159.1445854208,
    12.563789283917));
#2529 = SURFACE_CURVE('',#2530,(#2535,#2542),.PCURVE_S1.);
#2530 = CIRCLE('',#2531,12.501881452833);
#2531 = AXIS2_PLACEMENT_3D('',#2532,#2533,#2534);
#2532 = CARTESIAN_POINT('',(-5.333522314436E-03,159.14997670463,
    6.190899354636E-02));
#2533 = DIRECTION('',(-1.12154201282E-04,0.999999900728,
    4.312377956738E-04));
#2534 = DIRECTION('',(1.323488980085E-23,-4.31237798386E-04,
    0.999999907017));
#2535 = PCURVE('',#2453,#2536);
#2536 = DEFINITIONAL_REPRESENTATION('',(#2537),#2541);
#2537 = LINE('',#2538,#2539);
#2538 = CARTESIAN_POINT('',(6.617444900424E-24,11.026880651539));
#2539 = VECTOR('',#2540,1.);
#2540 = DIRECTION('',(1.,0.));
#2541 = ( GEOMETRIC_REPRESENTATION_CONTEXT(2) 
PARAMETRIC_REPRESENTATION_CONTEXT() REPRESENTATION_CONTEXT('2D SPACE',''
  ) );
#2542 = PCURVE('',#2509,#2543);
#2543 = DEFINITIONAL_REPRESENTATION('',(#2544),#2548);
#2544 = CIRCLE('',#2545,12.501881452833);
#2545 = AXIS2_PLACEMENT_2D('',#2546,#2547);
#2546 = CARTESIAN_POINT('',(0.,0.));
#2547 = DIRECTION('',(1.,6.617444900424E-24));
#2548 = ( GEOMETRIC_REPRESENTATION_CONTEXT(2) 
PARAMETRIC_REPRESENTATION_CONTEXT() REPRESENTATION_CONTEXT('2D SPACE',''
  ) );
#2549 = ORIENTED_EDGE('',*,*,#2550,.F.);
#2550 = EDGE_CURVE('',#2437,#2527,#2551,.T.);
#2551 = SEAM_CURVE('',#2552,(#2556,#2563),.PCURVE_S1.);
#2552 = LINE('',#2553,#2554);
#2553 = CARTESIAN_POINT('',(-4.096811322334E-03,148.11770586392,
    12.559034076212));
#2554 = VECTOR('',#2555,1.);
#2555 = DIRECTION('',(-1.12154201282E-04,0.999999900728,
    4.312377956738E-04));
#2556 = PCURVE('',#2453,#2557);
#2557 = DEFINITIONAL_REPRESENTATION('',(#2558),#2562);
#2558 = LINE('',#2559,#2560);
#2559 = CARTESIAN_POINT('',(6.28318530718,-0.));
#2560 = VECTOR('',#2561,1.);
#2561 = DIRECTION('',(0.,1.));
#2562 = ( GEOMETRIC_REPRESENTATION_CONTEXT(2) 
PARAMETRIC_REPRESENTATION_CONTEXT() REPRESENTATION_CONTEXT('2D SPACE',''
  ) );
#2563 = PCURVE('',#2453,#2564);
#2564 = DEFINITIONAL_REPRESENTATION('',(#2565),#2569);
#2565 = LINE('',#2566,#2567);
#2566 = CARTESIAN_POINT('',(0.,-0.));
#2567 = VECTOR('',#2568,1.);
#2568 = DIRECTION('',(0.,1.));
#2569 = ( GEOMETRIC_REPRESENTATION_CONTEXT(2) 
PARAMETRIC_REPRESENTATION_CONTEXT() REPRESENTATION_CONTEXT('2D SPACE',''
  ) );
#2570 = ORIENTED_EDGE('',*,*,#2436,.T.);
#2571 = ORIENTED_EDGE('',*,*,#2550,.T.);
#2572 = ADVANCED_FACE('',(#2573,#2576),#2509,.T.);
#2573 = FACE_BOUND('',#2574,.T.);
#2574 = EDGE_LOOP('',(#2575));
#2575 = ORIENTED_EDGE('',*,*,#2494,.T.);
#2576 = FACE_BOUND('',#2577,.T.);
#2577 = EDGE_LOOP('',(#2578));
#2578 = ORIENTED_EDGE('',*,*,#2526,.F.);
#2579 = ( GEOMETRIC_REPRESENTATION_CONTEXT(3) 
GLOBAL_UNCERTAINTY_ASSIGNED_CONTEXT((#2583)) 
GLOBAL_UNIT_ASSIGNED_CONTEXT((#2580,#2581,#2582)) REPRESENTATION_CONTEXT
('Context #1','3D Context with UNIT and UNCERTAINTY') );
#2580 = ( LENGTH_UNIT() NAMED_UNIT(*) SI_UNIT(.MILLI.,.METRE.) );
#2581 = ( NAMED_UNIT(*) PLANE_ANGLE_UNIT() SI_UNIT($,.RADIAN.) );
#2582 = ( NAMED_UNIT(*) SI_UNIT($,.STERADIAN.) SOLID_ANGLE_UNIT() );
#2583 = UNCERTAINTY_MEASURE_WITH_UNIT(LENGTH_MEASURE(1.E-07),#2580,
  'distance_accuracy_value','confusion accuracy');
#2584 = PRODUCT_TYPE('part',$,(#7));
ENDSEC;
END-ISO-10303-21;
