ISO-10303-21;
HEADER;
FILE_DESCRIPTION(('Open CASCADE Model'),'2;1');
FILE_NAME('Open CASCADE Shape Model','2026-09-07T09:23:51',('Author'),(
    'Open CASCADE'),'Open CASCADE STEP processor 7.8','Open CASCADE 7.8'
  ,'Unknown');
FILE_SCHEMA(('CONFIG_CONTROL_DESIGN'));
ENDSEC;
DATA;
#1 = APPLICATION_PROTOCOL_DEFINITION('committee draft',
  'automotive_design',1997,#2);
#2 = APPLICATION_CONTEXT(
  'core data for automotive mechanical design processes');
#3 = SHAPE_DEFINITION_REPRESENTATION(#4,#10);
#4 = PRODUCT_DEFINITION_SHAPE('','',#5);
#5 = PRODUCT_DEFINITION('design','',#6,#9);
#6 = PRODUCT_DEFINITION_FORMATION('','',#7);
#7 = PRODUCT('Product 12','Product 12','',(#8));
#8 = MECHANICAL_CONTEXT('',#2,'mechanical');
#9 = PRODUCT_DEFINITION_CONTEXT('part definition',#2,'design');
#10 = ADVANCED_BREP_SHAPE_REPRESENTATION('',(#11,#15),#4562);
#11 = AXIS2_PLACEMENT_3D('',#12,#13,#14);
#12 = CARTESIAN_POINT('',(0.,0.,0.));
#13 = DIRECTION('',(0.,0.,1.));
#14 = DIRECTION('',(1.,0.,-0.));
#15 = MANIFOLD_SOLID_BREP('',#16);
#16 = CLOSED_SHELL('',(#17,#133,#168,#197,#276,#332,#371,#450,#510,#545,
    #624,#680,#719,#798,#858,#893,#972,#1028,#1067,#1146,#1206,#1241,
    #1320,#1376,#1415,#1494,#1554,#1589,#1668,#1724,#1763,#1842,#1902,
    #1937,#2016,#2072,#2111,#2190,#2250,#2285,#2364,#2420,#2459,#2538,
    #2598,#2633,#2712,#2768,#2807,#2886,#2946,#2981,#3060,#3116,#3155,
    #3234,#3294,#3329,#3408,#3464,#3503,#3582,#3642,#3677,#3756,#3812,
    #3851,#3930,#3986,#4021,#4080,#4254,#4330,#4379,#4428,#4477,#4526,
    #4553));
#17 = ADVANCED_FACE('',(#18),#32,.T.);
#18 = FACE_BOUND('',#19,.T.);
#19 = EDGE_LOOP('',(#20,#50,#79,#101,#102));
#20 = ORIENTED_EDGE('',*,*,#21,.T.);
#21 = EDGE_CURVE('',#22,#24,#26,.T.);
#22 = VERTEX_POINT('',#23);
#23 = CARTESIAN_POINT('',(-5.998365399181,-38.25207234662,
    7.552795339978E-04));
#24 = VERTEX_POINT('',#25);
#25 = CARTESIAN_POINT('',(-5.053281319671,-39.12522386544,
    7.930273133406E-04));
#26 = SEAM_CURVE('',#27,(#31,#43),.PCURVE_S1.);
#27 = LINE('',#28,#29);
#28 = CARTESIAN_POINT('',(-6.002273682554,-38.24846153184,
    7.551234325232E-04));
#29 = VECTOR('',#30,1.);
#30 = DIRECTION('',(0.734506579391,-0.678601564964,2.93370641679E-05));
#31 = PCURVE('',#32,#37);
#32 = CONICAL_SURFACE('',#33,6.001956472323,0.824894747924);
#33 = AXIS2_PLACEMENT_3D('',#34,#35,#36);
#34 = CARTESIAN_POINT('',(-3.172161827134E-04,-38.24819424803,
    7.551234325218E-04));
#35 = DIRECTION('',(-4.453277935694E-05,0.999999998074,
    -4.322956453647E-05));
#36 = DIRECTION('',(-0.999999999008,-4.453277939855E-05,0.));
#37 = DEFINITIONAL_REPRESENTATION('',(#38),#42);
#38 = LINE('',#39,#40);
#39 = CARTESIAN_POINT('',(-6.28318530718,0.));
#40 = VECTOR('',#41,1.);
#41 = DIRECTION('',(-0.,-1.));
#42 = ( GEOMETRIC_REPRESENTATION_CONTEXT(2) 
PARAMETRIC_REPRESENTATION_CONTEXT() REPRESENTATION_CONTEXT('2D SPACE',''
  ) );
#43 = PCURVE('',#32,#44);
#44 = DEFINITIONAL_REPRESENTATION('',(#45),#49);
#45 = LINE('',#46,#47);
#46 = CARTESIAN_POINT('',(0.,-0.));
#47 = VECTOR('',#48,1.);
#48 = DIRECTION('',(-0.,-1.));
#49 = ( GEOMETRIC_REPRESENTATION_CONTEXT(2) 
PARAMETRIC_REPRESENTATION_CONTEXT() REPRESENTATION_CONTEXT('2D SPACE',''
  ) );
#50 = ORIENTED_EDGE('',*,*,#51,.F.);
#51 = EDGE_CURVE('',#52,#24,#54,.T.);
#52 = VERTEX_POINT('',#53);
#53 = CARTESIAN_POINT('',(5.052724980396,-39.12477381689,
    7.930273133406E-04));
#54 = SURFACE_CURVE('',#55,(#60,#67),.PCURVE_S1.);
#55 = CIRCLE('',#56,5.053003155044);
#56 = AXIS2_PLACEMENT_3D('',#57,#58,#59);
#57 = CARTESIAN_POINT('',(-2.781696371533E-04,-39.12499884116,
    7.930273133393E-04));
#58 = DIRECTION('',(4.453277935694E-05,-0.999999998074,
    4.322956453647E-05));
#59 = DIRECTION('',(0.999999999008,4.453277939855E-05,0.));
#60 = PCURVE('',#32,#61);
#61 = DEFINITIONAL_REPRESENTATION('',(#62),#66);
#62 = LINE('',#63,#64);
#63 = CARTESIAN_POINT('',(-3.14159265359,-0.876804594818));
#64 = VECTOR('',#65,1.);
#65 = DIRECTION('',(-1.,-0.));
#66 = ( GEOMETRIC_REPRESENTATION_CONTEXT(2) 
PARAMETRIC_REPRESENTATION_CONTEXT() REPRESENTATION_CONTEXT('2D SPACE',''
  ) );
#67 = PCURVE('',#68,#73);
#68 = CONICAL_SURFACE('',#69,7.336618046277,1.351729630254);
#69 = AXIS2_PLACEMENT_3D('',#70,#71,#72);
#70 = CARTESIAN_POINT('',(-2.555281378872E-04,-39.63342206445,
    8.150062279245E-04));
#71 = DIRECTION('',(4.453277935694E-05,-0.999999998074,
    4.322956453647E-05));
#72 = DIRECTION('',(0.999999999008,4.453277939855E-05,0.));
#73 = DEFINITIONAL_REPRESENTATION('',(#74),#78);
#74 = LINE('',#75,#76);
#75 = CARTESIAN_POINT('',(-6.28318530718,-0.508423224264));
#76 = VECTOR('',#77,1.);
#77 = DIRECTION('',(1.,-0.));
#78 = ( GEOMETRIC_REPRESENTATION_CONTEXT(2) 
PARAMETRIC_REPRESENTATION_CONTEXT() REPRESENTATION_CONTEXT('2D SPACE',''
  ) );
#79 = ORIENTED_EDGE('',*,*,#80,.F.);
#80 = EDGE_CURVE('',#24,#52,#81,.T.);
#81 = SURFACE_CURVE('',#82,(#87,#94),.PCURVE_S1.);
#82 = CIRCLE('',#83,5.053003155044);
#83 = AXIS2_PLACEMENT_3D('',#84,#85,#86);
#84 = CARTESIAN_POINT('',(-2.781696371533E-04,-39.12499884116,
    7.930273133393E-04));
#85 = DIRECTION('',(4.453277935694E-05,-0.999999998074,
    4.322956453647E-05));
#86 = DIRECTION('',(0.999999999008,4.453277939855E-05,0.));
#87 = PCURVE('',#32,#88);
#88 = DEFINITIONAL_REPRESENTATION('',(#89),#93);
#89 = LINE('',#90,#91);
#90 = CARTESIAN_POINT('',(3.14159265359,-0.876804594818));
#91 = VECTOR('',#92,1.);
#92 = DIRECTION('',(-1.,-0.));
#93 = ( GEOMETRIC_REPRESENTATION_CONTEXT(2) 
PARAMETRIC_REPRESENTATION_CONTEXT() REPRESENTATION_CONTEXT('2D SPACE',''
  ) );
#94 = PCURVE('',#68,#95);
#95 = DEFINITIONAL_REPRESENTATION('',(#96),#100);
#96 = LINE('',#97,#98);
#97 = CARTESIAN_POINT('',(-6.28318530718,-0.508423224264));
#98 = VECTOR('',#99,1.);
#99 = DIRECTION('',(1.,-0.));
#100 = ( GEOMETRIC_REPRESENTATION_CONTEXT(2) 
PARAMETRIC_REPRESENTATION_CONTEXT() REPRESENTATION_CONTEXT('2D SPACE',''
  ) );
#101 = ORIENTED_EDGE('',*,*,#21,.F.);
#102 = ORIENTED_EDGE('',*,*,#103,.T.);
#103 = EDGE_CURVE('',#22,#22,#104,.T.);
#104 = SURFACE_CURVE('',#105,(#110,#117),.PCURVE_S1.);
#105 = CIRCLE('',#106,5.998048349753);
#106 = AXIS2_PLACEMENT_3D('',#107,#108,#109);
#107 = CARTESIAN_POINT('',(-3.170553753447E-04,-38.25180523685,
    7.552795339963E-04));
#108 = DIRECTION('',(4.453277935694E-05,-0.999999998074,
    4.322956453647E-05));
#109 = DIRECTION('',(-0.999999999008,-4.453277939855E-05,0.));
#110 = PCURVE('',#32,#111);
#111 = DEFINITIONAL_REPRESENTATION('',(#112),#116);
#112 = LINE('',#113,#114);
#113 = CARTESIAN_POINT('',(-4.135903062765E-25,-3.610988827573E-03));
#114 = VECTOR('',#115,1.);
#115 = DIRECTION('',(-1.,-0.));
#116 = ( GEOMETRIC_REPRESENTATION_CONTEXT(2) 
PARAMETRIC_REPRESENTATION_CONTEXT() REPRESENTATION_CONTEXT('2D SPACE',''
  ) );
#117 = PCURVE('',#118,#123);
#118 = PLANE('',#119);
#119 = AXIS2_PLACEMENT_3D('',#120,#121,#122);
#120 = CARTESIAN_POINT('',(-3.170553753447E-04,-38.25180523685,
    7.552795339963E-04));
#121 = DIRECTION('',(-4.453277935694E-05,0.999999998074,
    -4.322956453647E-05));
#122 = DIRECTION('',(0.999999999008,4.453277939855E-05,0.));
#123 = DEFINITIONAL_REPRESENTATION('',(#124),#132);
#124 = ( BOUNDED_CURVE() B_SPLINE_CURVE(2,(#125,#126,#127,#128,#129,#130
,#131),.UNSPECIFIED.,.T.,.F.) B_SPLINE_CURVE_WITH_KNOTS((1,2,2,2,2,1),(
    -2.094395102393,0.,2.094395102393,4.188790204786,6.28318530718,
8.377580409573),.UNSPECIFIED.) CURVE() GEOMETRIC_REPRESENTATION_ITEM() 
RATIONAL_B_SPLINE_CURVE((1.,0.5,1.,0.5,1.,0.5,1.)) REPRESENTATION_ITEM(
  '') );
#125 = CARTESIAN_POINT('',(-5.998048349753,2.480630292385E-24));
#126 = CARTESIAN_POINT('',(-5.998048349753,10.388924488027));
#127 = CARTESIAN_POINT('',(2.999024174877,5.194462244013));
#128 = CARTESIAN_POINT('',(11.996096699506,1.46909813757E-15));
#129 = CARTESIAN_POINT('',(2.999024174877,-5.194462244013));
#130 = CARTESIAN_POINT('',(-5.998048349753,-10.38892448802));
#131 = CARTESIAN_POINT('',(-5.998048349753,2.480630292385E-24));
#132 = ( GEOMETRIC_REPRESENTATION_CONTEXT(2) 
PARAMETRIC_REPRESENTATION_CONTEXT() REPRESENTATION_CONTEXT('2D SPACE',''
  ) );
#133 = ADVANCED_FACE('',(#134,#165),#118,.F.);
#134 = FACE_BOUND('',#135,.F.);
#135 = EDGE_LOOP('',(#136));
#136 = ORIENTED_EDGE('',*,*,#137,.T.);
#137 = EDGE_CURVE('',#138,#138,#140,.T.);
#138 = VERTEX_POINT('',#139);
#139 = CARTESIAN_POINT('',(6.001635368346,-38.25153795323,
    7.552795339978E-04));
#140 = SURFACE_CURVE('',#141,(#146,#153),.PCURVE_S1.);
#141 = CIRCLE('',#142,6.001952429672);
#142 = AXIS2_PLACEMENT_3D('',#143,#144,#145);
#143 = CARTESIAN_POINT('',(-3.170553753447E-04,-38.25180523685,
    7.552795339963E-04));
#144 = DIRECTION('',(-4.453277935694E-05,0.999999998074,
    -4.322956453647E-05));
#145 = DIRECTION('',(0.999999999008,4.453277939855E-05,0.));
#146 = PCURVE('',#118,#147);
#147 = DEFINITIONAL_REPRESENTATION('',(#148),#152);
#148 = CIRCLE('',#149,6.001952429672);
#149 = AXIS2_PLACEMENT_2D('',#150,#151);
#150 = CARTESIAN_POINT('',(0.,0.));
#151 = DIRECTION('',(1.,0.));
#152 = ( GEOMETRIC_REPRESENTATION_CONTEXT(2) 
PARAMETRIC_REPRESENTATION_CONTEXT() REPRESENTATION_CONTEXT('2D SPACE',''
  ) );
#153 = PCURVE('',#154,#159);
#154 = CONICAL_SURFACE('',#155,6.001952429672,0.824894455164);
#155 = AXIS2_PLACEMENT_3D('',#156,#157,#158);
#156 = CARTESIAN_POINT('',(-3.170553753447E-04,-38.25180523685,
    7.552795339963E-04));
#157 = DIRECTION('',(4.453277935694E-05,-0.999999998074,
    4.322956453647E-05));
#158 = DIRECTION('',(0.999999999008,4.453277939855E-05,0.));
#159 = DEFINITIONAL_REPRESENTATION('',(#160),#164);
#160 = LINE('',#161,#162);
#161 = CARTESIAN_POINT('',(-0.,-0.));
#162 = VECTOR('',#163,1.);
#163 = DIRECTION('',(-1.,-0.));
#164 = ( GEOMETRIC_REPRESENTATION_CONTEXT(2) 
PARAMETRIC_REPRESENTATION_CONTEXT() REPRESENTATION_CONTEXT('2D SPACE',''
  ) );
#165 = FACE_BOUND('',#166,.F.);
#166 = EDGE_LOOP('',(#167));
#167 = ORIENTED_EDGE('',*,*,#103,.T.);
#168 = ADVANCED_FACE('',(#169),#68,.F.);
#169 = FACE_BOUND('',#170,.F.);
#170 = EDGE_LOOP('',(#171,#172,#173,#196));
#171 = ORIENTED_EDGE('',*,*,#80,.F.);
#172 = ORIENTED_EDGE('',*,*,#51,.F.);
#173 = ORIENTED_EDGE('',*,*,#174,.F.);
#174 = EDGE_CURVE('',#175,#52,#177,.T.);
#175 = VERTEX_POINT('',#176);
#176 = CARTESIAN_POINT('',(-3.282689632987E-04,-37.99999998027,
    7.443941023852E-04));
#177 = SEAM_CURVE('',#178,(#182,#189),.PCURVE_S1.);
#178 = LINE('',#179,#180);
#179 = CARTESIAN_POINT('',(-3.282689632987E-04,-37.99999998027,
    7.443941023852E-04));
#180 = VECTOR('',#181,1.);
#181 = DIRECTION('',(0.976110375572,-0.217275250807,9.394593618601E-06)
  );
#182 = PCURVE('',#68,#183);
#183 = DEFINITIONAL_REPRESENTATION('',(#184),#188);
#184 = LINE('',#185,#186);
#185 = CARTESIAN_POINT('',(-6.28318530718,-1.633422087324));
#186 = VECTOR('',#187,1.);
#187 = DIRECTION('',(0.,1.));
#188 = ( GEOMETRIC_REPRESENTATION_CONTEXT(2) 
PARAMETRIC_REPRESENTATION_CONTEXT() REPRESENTATION_CONTEXT('2D SPACE',''
  ) );
#189 = PCURVE('',#68,#190);
#190 = DEFINITIONAL_REPRESENTATION('',(#191),#195);
#191 = LINE('',#192,#193);
#192 = CARTESIAN_POINT('',(-0.,-1.633422087324));
#193 = VECTOR('',#194,1.);
#194 = DIRECTION('',(0.,1.));
#195 = ( GEOMETRIC_REPRESENTATION_CONTEXT(2) 
PARAMETRIC_REPRESENTATION_CONTEXT() REPRESENTATION_CONTEXT('2D SPACE',''
  ) );
#196 = ORIENTED_EDGE('',*,*,#174,.T.);
#197 = ADVANCED_FACE('',(#198),#154,.T.);
#198 = FACE_BOUND('',#199,.T.);
#199 = EDGE_LOOP('',(#200,#231,#252,#253,#254));
#200 = ORIENTED_EDGE('',*,*,#201,.F.);
#201 = EDGE_CURVE('',#202,#204,#206,.T.);
#202 = VERTEX_POINT('',#203);
#203 = CARTESIAN_POINT('',(5.999683248641,-38.24973441286,
    7.552015639751E-04));
#204 = VERTEX_POINT('',#205);
#205 = CARTESIAN_POINT('',(-6.000317520032,-38.25026880625,
    7.552015639751E-04));
#206 = SURFACE_CURVE('',#207,(#212,#219),.PCURVE_S1.);
#207 = CIRCLE('',#208,6.000000390286);
#208 = AXIS2_PLACEMENT_3D('',#209,#210,#211);
#209 = CARTESIAN_POINT('',(-3.171356958813E-04,-38.25000160956,
    7.552015639736E-04));
#210 = DIRECTION('',(-4.453277935694E-05,0.999999998074,
    -4.322956453647E-05));
#211 = DIRECTION('',(-0.999999999008,-4.453277939855E-05,0.));
#212 = PCURVE('',#154,#213);
#213 = DEFINITIONAL_REPRESENTATION('',(#214),#218);
#214 = LINE('',#215,#216);
#215 = CARTESIAN_POINT('',(3.14159265359,-1.803627299082E-03));
#216 = VECTOR('',#217,1.);
#217 = DIRECTION('',(-1.,-0.));
#218 = ( GEOMETRIC_REPRESENTATION_CONTEXT(2) 
PARAMETRIC_REPRESENTATION_CONTEXT() REPRESENTATION_CONTEXT('2D SPACE',''
  ) );
#219 = PCURVE('',#220,#225);
#220 = CONICAL_SURFACE('',#221,6.001956472323,0.824894747924);
#221 = AXIS2_PLACEMENT_3D('',#222,#223,#224);
#222 = CARTESIAN_POINT('',(-3.172161827134E-04,-38.24819424803,
    7.551234325218E-04));
#223 = DIRECTION('',(-4.453277935694E-05,0.999999998074,
    -4.322956453647E-05));
#224 = DIRECTION('',(-0.999999999008,-4.453277939855E-05,0.));
#225 = DEFINITIONAL_REPRESENTATION('',(#226),#230);
#226 = LINE('',#227,#228);
#227 = CARTESIAN_POINT('',(-6.28318530718,-1.807361528491E-03));
#228 = VECTOR('',#229,1.);
#229 = DIRECTION('',(1.,-0.));
#230 = ( GEOMETRIC_REPRESENTATION_CONTEXT(2) 
PARAMETRIC_REPRESENTATION_CONTEXT() REPRESENTATION_CONTEXT('2D SPACE',''
  ) );
#231 = ORIENTED_EDGE('',*,*,#232,.F.);
#232 = EDGE_CURVE('',#138,#202,#233,.T.);
#233 = SEAM_CURVE('',#234,(#238,#245),.PCURVE_S1.);
#234 = LINE('',#235,#236);
#235 = CARTESIAN_POINT('',(6.001635368346,-38.25153795323,
    7.552795339978E-04));
#236 = VECTOR('',#237,1.);
#237 = DIRECTION('',(-0.734506380723,0.678601779998,-2.933707346371E-05)
  );
#238 = PCURVE('',#154,#239);
#239 = DEFINITIONAL_REPRESENTATION('',(#240),#244);
#240 = LINE('',#241,#242);
#241 = CARTESIAN_POINT('',(-6.28318530718,0.));
#242 = VECTOR('',#243,1.);
#243 = DIRECTION('',(-0.,-1.));
#244 = ( GEOMETRIC_REPRESENTATION_CONTEXT(2) 
PARAMETRIC_REPRESENTATION_CONTEXT() REPRESENTATION_CONTEXT('2D SPACE',''
  ) );
#245 = PCURVE('',#154,#246);
#246 = DEFINITIONAL_REPRESENTATION('',(#247),#251);
#247 = LINE('',#248,#249);
#248 = CARTESIAN_POINT('',(0.,-0.));
#249 = VECTOR('',#250,1.);
#250 = DIRECTION('',(-0.,-1.));
#251 = ( GEOMETRIC_REPRESENTATION_CONTEXT(2) 
PARAMETRIC_REPRESENTATION_CONTEXT() REPRESENTATION_CONTEXT('2D SPACE',''
  ) );
#252 = ORIENTED_EDGE('',*,*,#137,.T.);
#253 = ORIENTED_EDGE('',*,*,#232,.T.);
#254 = ORIENTED_EDGE('',*,*,#255,.F.);
#255 = EDGE_CURVE('',#204,#202,#256,.T.);
#256 = SURFACE_CURVE('',#257,(#262,#269),.PCURVE_S1.);
#257 = CIRCLE('',#258,6.000000390286);
#258 = AXIS2_PLACEMENT_3D('',#259,#260,#261);
#259 = CARTESIAN_POINT('',(-3.171356958813E-04,-38.25000160956,
    7.552015639736E-04));
#260 = DIRECTION('',(-4.453277935694E-05,0.999999998074,
    -4.322956453647E-05));
#261 = DIRECTION('',(-0.999999999008,-4.453277939855E-05,0.));
#262 = PCURVE('',#154,#263);
#263 = DEFINITIONAL_REPRESENTATION('',(#264),#268);
#264 = LINE('',#265,#266);
#265 = CARTESIAN_POINT('',(-3.14159265359,-1.803627299082E-03));
#266 = VECTOR('',#267,1.);
#267 = DIRECTION('',(-1.,-0.));
#268 = ( GEOMETRIC_REPRESENTATION_CONTEXT(2) 
PARAMETRIC_REPRESENTATION_CONTEXT() REPRESENTATION_CONTEXT('2D SPACE',''
  ) );
#269 = PCURVE('',#220,#270);
#270 = DEFINITIONAL_REPRESENTATION('',(#271),#275);
#271 = LINE('',#272,#273);
#272 = CARTESIAN_POINT('',(-6.28318530718,-1.807361528491E-03));
#273 = VECTOR('',#274,1.);
#274 = DIRECTION('',(1.,-0.));
#275 = ( GEOMETRIC_REPRESENTATION_CONTEXT(2) 
PARAMETRIC_REPRESENTATION_CONTEXT() REPRESENTATION_CONTEXT('2D SPACE',''
  ) );
#276 = ADVANCED_FACE('',(#277),#220,.T.);
#277 = FACE_BOUND('',#278,.T.);
#278 = EDGE_LOOP('',(#279,#280,#303,#330,#331));
#279 = ORIENTED_EDGE('',*,*,#201,.T.);
#280 = ORIENTED_EDGE('',*,*,#281,.F.);
#281 = EDGE_CURVE('',#282,#204,#284,.T.);
#282 = VERTEX_POINT('',#283);
#283 = CARTESIAN_POINT('',(-6.002273682554,-38.24846153184,
    7.551234325232E-04));
#284 = SEAM_CURVE('',#285,(#289,#296),.PCURVE_S1.);
#285 = LINE('',#286,#287);
#286 = CARTESIAN_POINT('',(-6.002273682554,-38.24846153184,
    7.551234325232E-04));
#287 = VECTOR('',#288,1.);
#288 = DIRECTION('',(0.734506579391,-0.678601564964,2.93370641679E-05));
#289 = PCURVE('',#220,#290);
#290 = DEFINITIONAL_REPRESENTATION('',(#291),#295);
#291 = LINE('',#292,#293);
#292 = CARTESIAN_POINT('',(-6.28318530718,0.));
#293 = VECTOR('',#294,1.);
#294 = DIRECTION('',(-0.,-1.));
#295 = ( GEOMETRIC_REPRESENTATION_CONTEXT(2) 
PARAMETRIC_REPRESENTATION_CONTEXT() REPRESENTATION_CONTEXT('2D SPACE',''
  ) );
#296 = PCURVE('',#220,#297);
#297 = DEFINITIONAL_REPRESENTATION('',(#298),#302);
#298 = LINE('',#299,#300);
#299 = CARTESIAN_POINT('',(0.,-0.));
#300 = VECTOR('',#301,1.);
#301 = DIRECTION('',(-0.,-1.));
#302 = ( GEOMETRIC_REPRESENTATION_CONTEXT(2) 
PARAMETRIC_REPRESENTATION_CONTEXT() REPRESENTATION_CONTEXT('2D SPACE',''
  ) );
#303 = ORIENTED_EDGE('',*,*,#304,.T.);
#304 = EDGE_CURVE('',#282,#282,#305,.T.);
#305 = SURFACE_CURVE('',#306,(#311,#318),.PCURVE_S1.);
#306 = CIRCLE('',#307,6.001956472323);
#307 = AXIS2_PLACEMENT_3D('',#308,#309,#310);
#308 = CARTESIAN_POINT('',(-3.172161827134E-04,-38.24819424803,
    7.551234325218E-04));
#309 = DIRECTION('',(4.453277935694E-05,-0.999999998074,
    4.322956453647E-05));
#310 = DIRECTION('',(-0.999999999008,-4.453277939855E-05,0.));
#311 = PCURVE('',#220,#312);
#312 = DEFINITIONAL_REPRESENTATION('',(#313),#317);
#313 = LINE('',#314,#315);
#314 = CARTESIAN_POINT('',(-0.,-0.));
#315 = VECTOR('',#316,1.);
#316 = DIRECTION('',(-1.,-0.));
#317 = ( GEOMETRIC_REPRESENTATION_CONTEXT(2) 
PARAMETRIC_REPRESENTATION_CONTEXT() REPRESENTATION_CONTEXT('2D SPACE',''
  ) );
#318 = PCURVE('',#319,#324);
#319 = PLANE('',#320);
#320 = AXIS2_PLACEMENT_3D('',#321,#322,#323);
#321 = CARTESIAN_POINT('',(-3.172161827134E-04,-38.24819424803,
    7.551234325218E-04));
#322 = DIRECTION('',(4.453277935694E-05,-0.999999998074,
    4.322956453647E-05));
#323 = DIRECTION('',(-0.999999999008,-4.453277939855E-05,0.));
#324 = DEFINITIONAL_REPRESENTATION('',(#325),#329);
#325 = CIRCLE('',#326,6.001956472323);
#326 = AXIS2_PLACEMENT_2D('',#327,#328);
#327 = CARTESIAN_POINT('',(0.,0.));
#328 = DIRECTION('',(1.,0.));
#329 = ( GEOMETRIC_REPRESENTATION_CONTEXT(2) 
PARAMETRIC_REPRESENTATION_CONTEXT() REPRESENTATION_CONTEXT('2D SPACE',''
  ) );
#330 = ORIENTED_EDGE('',*,*,#281,.T.);
#331 = ORIENTED_EDGE('',*,*,#255,.T.);
#332 = ADVANCED_FACE('',(#333,#336),#319,.F.);
#333 = FACE_BOUND('',#334,.F.);
#334 = EDGE_LOOP('',(#335));
#335 = ORIENTED_EDGE('',*,*,#304,.T.);
#336 = FACE_BOUND('',#337,.F.);
#337 = EDGE_LOOP('',(#338));
#338 = ORIENTED_EDGE('',*,*,#339,.T.);
#339 = EDGE_CURVE('',#340,#340,#342,.T.);
#340 = VERTEX_POINT('',#341);
#341 = CARTESIAN_POINT('',(5.997727087268,-38.24792713845,
    7.551234325232E-04));
#342 = SURFACE_CURVE('',#343,(#348,#359),.PCURVE_S1.);
#343 = CIRCLE('',#344,5.998044309398);
#344 = AXIS2_PLACEMENT_3D('',#345,#346,#347);
#345 = CARTESIAN_POINT('',(-3.172161827134E-04,-38.24819424803,
    7.551234325218E-04));
#346 = DIRECTION('',(-4.453277935694E-05,0.999999998074,
    -4.322956453647E-05));
#347 = DIRECTION('',(0.999999999008,4.453277939855E-05,0.));
#348 = PCURVE('',#319,#349);
#349 = DEFINITIONAL_REPRESENTATION('',(#350),#358);
#350 = ( BOUNDED_CURVE() B_SPLINE_CURVE(2,(#351,#352,#353,#354,#355,#356
,#357),.UNSPECIFIED.,.T.,.F.) B_SPLINE_CURVE_WITH_KNOTS((1,2,2,2,2,1),(
    -2.094395102393,0.,2.094395102393,4.188790204786,6.28318530718,
8.377580409573),.UNSPECIFIED.) CURVE() GEOMETRIC_REPRESENTATION_ITEM() 
RATIONAL_B_SPLINE_CURVE((1.,0.5,1.,0.5,1.,0.5,1.)) REPRESENTATION_ITEM(
  '') );
#351 = CARTESIAN_POINT('',(-5.998044309398,-2.480628621333E-24));
#352 = CARTESIAN_POINT('',(-5.998044309398,10.388917489926));
#353 = CARTESIAN_POINT('',(2.999022154699,5.194458744963));
#354 = CARTESIAN_POINT('',(11.996088618796,1.469097157891E-15));
#355 = CARTESIAN_POINT('',(2.999022154699,-5.194458744963));
#356 = CARTESIAN_POINT('',(-5.998044309398,-10.38891748992));
#357 = CARTESIAN_POINT('',(-5.998044309398,-2.480628621333E-24));
#358 = ( GEOMETRIC_REPRESENTATION_CONTEXT(2) 
PARAMETRIC_REPRESENTATION_CONTEXT() REPRESENTATION_CONTEXT('2D SPACE',''
  ) );
#359 = PCURVE('',#360,#365);
#360 = CONICAL_SURFACE('',#361,6.001952429672,0.824894455164);
#361 = AXIS2_PLACEMENT_3D('',#362,#363,#364);
#362 = CARTESIAN_POINT('',(-3.170553753447E-04,-38.25180523685,
    7.552795339963E-04));
#363 = DIRECTION('',(4.453277935694E-05,-0.999999998074,
    4.322956453647E-05));
#364 = DIRECTION('',(0.999999999008,4.453277939855E-05,0.));
#365 = DEFINITIONAL_REPRESENTATION('',(#366),#370);
#366 = LINE('',#367,#368);
#367 = CARTESIAN_POINT('',(-0.,-3.610988827573E-03));
#368 = VECTOR('',#369,1.);
#369 = DIRECTION('',(-1.,-0.));
#370 = ( GEOMETRIC_REPRESENTATION_CONTEXT(2) 
PARAMETRIC_REPRESENTATION_CONTEXT() REPRESENTATION_CONTEXT('2D SPACE',''
  ) );
#371 = ADVANCED_FACE('',(#372),#360,.T.);
#372 = FACE_BOUND('',#373,.T.);
#373 = EDGE_LOOP('',(#374,#405,#427,#448,#449));
#374 = ORIENTED_EDGE('',*,*,#375,.T.);
#375 = EDGE_CURVE('',#376,#378,#380,.T.);
#376 = VERTEX_POINT('',#377);
#377 = CARTESIAN_POINT('',(5.052644286265,-37.37477628798,
    7.173756820748E-04));
#378 = VERTEX_POINT('',#379);
#379 = CARTESIAN_POINT('',(-5.053356490047,-37.37522633628,
    7.173756820748E-04));
#380 = SURFACE_CURVE('',#381,(#386,#393),.PCURVE_S1.);
#381 = CIRCLE('',#382,5.053000393166);
#382 = AXIS2_PLACEMENT_3D('',#383,#384,#385);
#383 = CARTESIAN_POINT('',(-3.56101891139E-04,-37.37500131213,
    7.173756820736E-04));
#384 = DIRECTION('',(4.453277935694E-05,-0.999999998074,
    4.322956453647E-05));
#385 = DIRECTION('',(0.999999999008,4.453277939855E-05,0.));
#386 = PCURVE('',#360,#387);
#387 = DEFINITIONAL_REPRESENTATION('',(#388),#392);
#388 = LINE('',#389,#390);
#389 = CARTESIAN_POINT('',(-6.28318530718,-0.876803926414));
#390 = VECTOR('',#391,1.);
#391 = DIRECTION('',(1.,-0.));
#392 = ( GEOMETRIC_REPRESENTATION_CONTEXT(2) 
PARAMETRIC_REPRESENTATION_CONTEXT() REPRESENTATION_CONTEXT('2D SPACE',''
  ) );
#393 = PCURVE('',#394,#399);
#394 = CONICAL_SURFACE('',#395,6.001955843346,0.824894738565);
#395 = AXIS2_PLACEMENT_3D('',#396,#397,#398);
#396 = CARTESIAN_POINT('',(-3.951485251947E-04,-36.4981947318,
    6.794717153503E-04));
#397 = DIRECTION('',(-4.453277935694E-05,0.999999998074,
    -4.322956453647E-05));
#398 = DIRECTION('',(-0.999999999008,-4.453277939855E-05,0.));
#399 = DEFINITIONAL_REPRESENTATION('',(#400),#404);
#400 = LINE('',#401,#402);
#401 = CARTESIAN_POINT('',(-3.14159265359,-0.876806582017));
#402 = VECTOR('',#403,1.);
#403 = DIRECTION('',(-1.,-0.));
#404 = ( GEOMETRIC_REPRESENTATION_CONTEXT(2) 
PARAMETRIC_REPRESENTATION_CONTEXT() REPRESENTATION_CONTEXT('2D SPACE',''
  ) );
#405 = ORIENTED_EDGE('',*,*,#406,.T.);
#406 = EDGE_CURVE('',#378,#376,#407,.T.);
#407 = SURFACE_CURVE('',#408,(#413,#420),.PCURVE_S1.);
#408 = CIRCLE('',#409,5.053000393166);
#409 = AXIS2_PLACEMENT_3D('',#410,#411,#412);
#410 = CARTESIAN_POINT('',(-3.56101891139E-04,-37.37500131213,
    7.173756820736E-04));
#411 = DIRECTION('',(4.453277935694E-05,-0.999999998074,
    4.322956453647E-05));
#412 = DIRECTION('',(0.999999999008,4.453277939855E-05,0.));
#413 = PCURVE('',#360,#414);
#414 = DEFINITIONAL_REPRESENTATION('',(#415),#419);
#415 = LINE('',#416,#417);
#416 = CARTESIAN_POINT('',(-6.28318530718,-0.876803926414));
#417 = VECTOR('',#418,1.);
#418 = DIRECTION('',(1.,-0.));
#419 = ( GEOMETRIC_REPRESENTATION_CONTEXT(2) 
PARAMETRIC_REPRESENTATION_CONTEXT() REPRESENTATION_CONTEXT('2D SPACE',''
  ) );
#420 = PCURVE('',#394,#421);
#421 = DEFINITIONAL_REPRESENTATION('',(#422),#426);
#422 = LINE('',#423,#424);
#423 = CARTESIAN_POINT('',(3.14159265359,-0.876806582017));
#424 = VECTOR('',#425,1.);
#425 = DIRECTION('',(-1.,-0.));
#426 = ( GEOMETRIC_REPRESENTATION_CONTEXT(2) 
PARAMETRIC_REPRESENTATION_CONTEXT() REPRESENTATION_CONTEXT('2D SPACE',''
  ) );
#427 = ORIENTED_EDGE('',*,*,#428,.F.);
#428 = EDGE_CURVE('',#340,#376,#429,.T.);
#429 = SEAM_CURVE('',#430,(#434,#441),.PCURVE_S1.);
#430 = LINE('',#431,#432);
#431 = CARTESIAN_POINT('',(6.001635368346,-38.25153795323,
    7.552795339978E-04));
#432 = VECTOR('',#433,1.);
#433 = DIRECTION('',(-0.734506380723,0.678601779998,-2.933707346371E-05)
  );
#434 = PCURVE('',#360,#435);
#435 = DEFINITIONAL_REPRESENTATION('',(#436),#440);
#436 = LINE('',#437,#438);
#437 = CARTESIAN_POINT('',(-6.28318530718,0.));
#438 = VECTOR('',#439,1.);
#439 = DIRECTION('',(-0.,-1.));
#440 = ( GEOMETRIC_REPRESENTATION_CONTEXT(2) 
PARAMETRIC_REPRESENTATION_CONTEXT() REPRESENTATION_CONTEXT('2D SPACE',''
  ) );
#441 = PCURVE('',#360,#442);
#442 = DEFINITIONAL_REPRESENTATION('',(#443),#447);
#443 = LINE('',#444,#445);
#444 = CARTESIAN_POINT('',(0.,-0.));
#445 = VECTOR('',#446,1.);
#446 = DIRECTION('',(-0.,-1.));
#447 = ( GEOMETRIC_REPRESENTATION_CONTEXT(2) 
PARAMETRIC_REPRESENTATION_CONTEXT() REPRESENTATION_CONTEXT('2D SPACE',''
  ) );
#448 = ORIENTED_EDGE('',*,*,#339,.T.);
#449 = ORIENTED_EDGE('',*,*,#428,.T.);
#450 = ADVANCED_FACE('',(#451),#394,.T.);
#451 = FACE_BOUND('',#452,.T.);
#452 = EDGE_LOOP('',(#453,#486,#507,#508,#509));
#453 = ORIENTED_EDGE('',*,*,#454,.T.);
#454 = EDGE_CURVE('',#455,#455,#457,.T.);
#455 = VERTEX_POINT('',#456);
#456 = CARTESIAN_POINT('',(-5.998443218462,-36.50207235378,
    6.79627796223E-04));
#457 = SURFACE_CURVE('',#458,(#463,#470),.PCURVE_S1.);
#458 = CIRCLE('',#459,5.998048236671);
#459 = AXIS2_PLACEMENT_3D('',#460,#461,#462);
#460 = CARTESIAN_POINT('',(-3.949877390504E-04,-36.50180524402,
    6.796277962215E-04));
#461 = DIRECTION('',(4.453277935694E-05,-0.999999998074,
    4.322956453647E-05));
#462 = DIRECTION('',(-0.999999999008,-4.453277939855E-05,0.));
#463 = PCURVE('',#394,#464);
#464 = DEFINITIONAL_REPRESENTATION('',(#465),#469);
#465 = LINE('',#466,#467);
#466 = CARTESIAN_POINT('',(-4.135903062765E-25,-3.61051222436E-03));
#467 = VECTOR('',#468,1.);
#468 = DIRECTION('',(-1.,-0.));
#469 = ( GEOMETRIC_REPRESENTATION_CONTEXT(2) 
PARAMETRIC_REPRESENTATION_CONTEXT() REPRESENTATION_CONTEXT('2D SPACE',''
  ) );
#470 = PCURVE('',#471,#476);
#471 = PLANE('',#472);
#472 = AXIS2_PLACEMENT_3D('',#473,#474,#475);
#473 = CARTESIAN_POINT('',(-3.949877390504E-04,-36.50180524402,
    6.796277962215E-04));
#474 = DIRECTION('',(-4.453277935694E-05,0.999999998074,
    -4.322956453647E-05));
#475 = DIRECTION('',(0.999999999008,4.453277939855E-05,0.));
#476 = DEFINITIONAL_REPRESENTATION('',(#477),#485);
#477 = ( BOUNDED_CURVE() B_SPLINE_CURVE(2,(#478,#479,#480,#481,#482,#483
,#484),.UNSPECIFIED.,.T.,.F.) B_SPLINE_CURVE_WITH_KNOTS((1,2,2,2,2,1),(
    -2.094395102393,0.,2.094395102393,4.188790204786,6.28318530718,
8.377580409573),.UNSPECIFIED.) CURVE() GEOMETRIC_REPRESENTATION_ITEM() 
RATIONAL_B_SPLINE_CURVE((1.,0.5,1.,0.5,1.,0.5,1.)) REPRESENTATION_ITEM(
  '') );
#478 = CARTESIAN_POINT('',(-5.998048236671,-3.974861455998E-19));
#479 = CARTESIAN_POINT('',(-5.998048236671,10.388924292162));
#480 = CARTESIAN_POINT('',(2.999024118335,5.194462146081));
#481 = CARTESIAN_POINT('',(11.996096473341,1.468700621246E-15));
#482 = CARTESIAN_POINT('',(2.999024118335,-5.194462146081));
#483 = CARTESIAN_POINT('',(-5.998048236671,-10.38892429216));
#484 = CARTESIAN_POINT('',(-5.998048236671,-3.974861455998E-19));
#485 = ( GEOMETRIC_REPRESENTATION_CONTEXT(2) 
PARAMETRIC_REPRESENTATION_CONTEXT() REPRESENTATION_CONTEXT('2D SPACE',''
  ) );
#486 = ORIENTED_EDGE('',*,*,#487,.T.);
#487 = EDGE_CURVE('',#455,#378,#488,.T.);
#488 = SEAM_CURVE('',#489,(#493,#500),.PCURVE_S1.);
#489 = LINE('',#490,#491);
#490 = CARTESIAN_POINT('',(-6.00235098592,-36.49846201558,
    6.794717153518E-04));
#491 = VECTOR('',#492,1.);
#492 = DIRECTION('',(0.73450657304,-0.678601571837,2.933706446504E-05));
#493 = PCURVE('',#394,#494);
#494 = DEFINITIONAL_REPRESENTATION('',(#495),#499);
#495 = LINE('',#496,#497);
#496 = CARTESIAN_POINT('',(0.,-0.));
#497 = VECTOR('',#498,1.);
#498 = DIRECTION('',(-0.,-1.));
#499 = ( GEOMETRIC_REPRESENTATION_CONTEXT(2) 
PARAMETRIC_REPRESENTATION_CONTEXT() REPRESENTATION_CONTEXT('2D SPACE',''
  ) );
#500 = PCURVE('',#394,#501);
#501 = DEFINITIONAL_REPRESENTATION('',(#502),#506);
#502 = LINE('',#503,#504);
#503 = CARTESIAN_POINT('',(-6.28318530718,0.));
#504 = VECTOR('',#505,1.);
#505 = DIRECTION('',(-0.,-1.));
#506 = ( GEOMETRIC_REPRESENTATION_CONTEXT(2) 
PARAMETRIC_REPRESENTATION_CONTEXT() REPRESENTATION_CONTEXT('2D SPACE',''
  ) );
#507 = ORIENTED_EDGE('',*,*,#375,.F.);
#508 = ORIENTED_EDGE('',*,*,#406,.F.);
#509 = ORIENTED_EDGE('',*,*,#487,.F.);
#510 = ADVANCED_FACE('',(#511,#542),#471,.F.);
#511 = FACE_BOUND('',#512,.F.);
#512 = EDGE_LOOP('',(#513));
#513 = ORIENTED_EDGE('',*,*,#514,.T.);
#514 = EDGE_CURVE('',#515,#515,#517,.T.);
#515 = VERTEX_POINT('',#516);
#516 = CARTESIAN_POINT('',(6.001558879892,-36.50153796033,
    6.79627796223E-04));
#517 = SURFACE_CURVE('',#518,(#523,#530),.PCURVE_S1.);
#518 = CIRCLE('',#519,6.001953873583);
#519 = AXIS2_PLACEMENT_3D('',#520,#521,#522);
#520 = CARTESIAN_POINT('',(-3.949877390504E-04,-36.50180524402,
    6.796277962215E-04));
#521 = DIRECTION('',(-4.453277935694E-05,0.999999998074,
    -4.322956453647E-05));
#522 = DIRECTION('',(0.999999999008,4.453277939855E-05,0.));
#523 = PCURVE('',#471,#524);
#524 = DEFINITIONAL_REPRESENTATION('',(#525),#529);
#525 = CIRCLE('',#526,6.001953873583);
#526 = AXIS2_PLACEMENT_2D('',#527,#528);
#527 = CARTESIAN_POINT('',(0.,0.));
#528 = DIRECTION('',(1.,0.));
#529 = ( GEOMETRIC_REPRESENTATION_CONTEXT(2) 
PARAMETRIC_REPRESENTATION_CONTEXT() REPRESENTATION_CONTEXT('2D SPACE',''
  ) );
#530 = PCURVE('',#531,#536);
#531 = CONICAL_SURFACE('',#532,6.001953873583,0.824894746469);
#532 = AXIS2_PLACEMENT_3D('',#533,#534,#535);
#533 = CARTESIAN_POINT('',(-3.949877390504E-04,-36.50180524402,
    6.796277962215E-04));
#534 = DIRECTION('',(4.453277935694E-05,-0.999999998074,
    4.322956453647E-05));
#535 = DIRECTION('',(0.999999999008,4.453277939855E-05,0.));
#536 = DEFINITIONAL_REPRESENTATION('',(#537),#541);
#537 = LINE('',#538,#539);
#538 = CARTESIAN_POINT('',(-0.,-0.));
#539 = VECTOR('',#540,1.);
#540 = DIRECTION('',(-1.,-0.));
#541 = ( GEOMETRIC_REPRESENTATION_CONTEXT(2) 
PARAMETRIC_REPRESENTATION_CONTEXT() REPRESENTATION_CONTEXT('2D SPACE',''
  ) );
#542 = FACE_BOUND('',#543,.F.);
#543 = EDGE_LOOP('',(#544));
#544 = ORIENTED_EDGE('',*,*,#454,.T.);
#545 = ADVANCED_FACE('',(#546),#531,.T.);
#546 = FACE_BOUND('',#547,.T.);
#547 = EDGE_LOOP('',(#548,#579,#600,#601,#602));
#548 = ORIENTED_EDGE('',*,*,#549,.T.);
#549 = EDGE_CURVE('',#550,#552,#554,.T.);
#550 = VERTEX_POINT('',#551);
#551 = CARTESIAN_POINT('',(-6.000396117253,-36.50026809465,
    6.795497951269E-04));
#552 = VERTEX_POINT('',#553);
#553 = CARTESIAN_POINT('',(5.99960598107,-36.4997337012,
    6.795497951269E-04));
#554 = SURFACE_CURVE('',#555,(#560,#567),.PCURVE_S1.);
#555 = CIRCLE('',#556,6.000001055111);
#556 = AXIS2_PLACEMENT_3D('',#557,#558,#559);
#557 = CARTESIAN_POINT('',(-3.95068091597E-04,-36.50000089792,
    6.795497951255E-04));
#558 = DIRECTION('',(4.453277935694E-05,-0.999999998074,
    4.322956453647E-05));
#559 = DIRECTION('',(0.999999999008,4.453277939855E-05,0.));
#560 = PCURVE('',#531,#561);
#561 = DEFINITIONAL_REPRESENTATION('',(#562),#566);
#562 = LINE('',#563,#564);
#563 = CARTESIAN_POINT('',(-6.28318530718,-1.804346096343E-03));
#564 = VECTOR('',#565,1.);
#565 = DIRECTION('',(1.,-0.));
#566 = ( GEOMETRIC_REPRESENTATION_CONTEXT(2) 
PARAMETRIC_REPRESENTATION_CONTEXT() REPRESENTATION_CONTEXT('2D SPACE',''
  ) );
#567 = PCURVE('',#568,#573);
#568 = CONICAL_SURFACE('',#569,6.001955843346,0.824894738565);
#569 = AXIS2_PLACEMENT_3D('',#570,#571,#572);
#570 = CARTESIAN_POINT('',(-3.951485251947E-04,-36.4981947318,
    6.794717153503E-04));
#571 = DIRECTION('',(-4.453277935694E-05,0.999999998074,
    -4.322956453647E-05));
#572 = DIRECTION('',(-0.999999999008,-4.453277939855E-05,0.));
#573 = DEFINITIONAL_REPRESENTATION('',(#574),#578);
#574 = LINE('',#575,#576);
#575 = CARTESIAN_POINT('',(3.14159265359,-1.806166128031E-03));
#576 = VECTOR('',#577,1.);
#577 = DIRECTION('',(-1.,-0.));
#578 = ( GEOMETRIC_REPRESENTATION_CONTEXT(2) 
PARAMETRIC_REPRESENTATION_CONTEXT() REPRESENTATION_CONTEXT('2D SPACE',''
  ) );
#579 = ORIENTED_EDGE('',*,*,#580,.F.);
#580 = EDGE_CURVE('',#515,#552,#581,.T.);
#581 = SEAM_CURVE('',#582,(#586,#593),.PCURVE_S1.);
#582 = LINE('',#583,#584);
#583 = CARTESIAN_POINT('',(6.001558879892,-36.50153796033,
    6.79627796223E-04));
#584 = VECTOR('',#585,1.);
#585 = DIRECTION('',(-0.734506578403,0.678601566032,-2.933706421445E-05)
  );
#586 = PCURVE('',#531,#587);
#587 = DEFINITIONAL_REPRESENTATION('',(#588),#592);
#588 = LINE('',#589,#590);
#589 = CARTESIAN_POINT('',(-6.28318530718,0.));
#590 = VECTOR('',#591,1.);
#591 = DIRECTION('',(-0.,-1.));
#592 = ( GEOMETRIC_REPRESENTATION_CONTEXT(2) 
PARAMETRIC_REPRESENTATION_CONTEXT() REPRESENTATION_CONTEXT('2D SPACE',''
  ) );
#593 = PCURVE('',#531,#594);
#594 = DEFINITIONAL_REPRESENTATION('',(#595),#599);
#595 = LINE('',#596,#597);
#596 = CARTESIAN_POINT('',(0.,-0.));
#597 = VECTOR('',#598,1.);
#598 = DIRECTION('',(-0.,-1.));
#599 = ( GEOMETRIC_REPRESENTATION_CONTEXT(2) 
PARAMETRIC_REPRESENTATION_CONTEXT() REPRESENTATION_CONTEXT('2D SPACE',''
  ) );
#600 = ORIENTED_EDGE('',*,*,#514,.T.);
#601 = ORIENTED_EDGE('',*,*,#580,.T.);
#602 = ORIENTED_EDGE('',*,*,#603,.T.);
#603 = EDGE_CURVE('',#552,#550,#604,.T.);
#604 = SURFACE_CURVE('',#605,(#610,#617),.PCURVE_S1.);
#605 = CIRCLE('',#606,6.000001055111);
#606 = AXIS2_PLACEMENT_3D('',#607,#608,#609);
#607 = CARTESIAN_POINT('',(-3.95068091597E-04,-36.50000089792,
    6.795497951255E-04));
#608 = DIRECTION('',(4.453277935694E-05,-0.999999998074,
    4.322956453647E-05));
#609 = DIRECTION('',(0.999999999008,4.453277939855E-05,0.));
#610 = PCURVE('',#531,#611);
#611 = DEFINITIONAL_REPRESENTATION('',(#612),#616);
#612 = LINE('',#613,#614);
#613 = CARTESIAN_POINT('',(-6.28318530718,-1.804346096343E-03));
#614 = VECTOR('',#615,1.);
#615 = DIRECTION('',(1.,-0.));
#616 = ( GEOMETRIC_REPRESENTATION_CONTEXT(2) 
PARAMETRIC_REPRESENTATION_CONTEXT() REPRESENTATION_CONTEXT('2D SPACE',''
  ) );
#617 = PCURVE('',#568,#618);
#618 = DEFINITIONAL_REPRESENTATION('',(#619),#623);
#619 = LINE('',#620,#621);
#620 = CARTESIAN_POINT('',(-3.14159265359,-1.806166128031E-03));
#621 = VECTOR('',#622,1.);
#622 = DIRECTION('',(-1.,-0.));
#623 = ( GEOMETRIC_REPRESENTATION_CONTEXT(2) 
PARAMETRIC_REPRESENTATION_CONTEXT() REPRESENTATION_CONTEXT('2D SPACE',''
  ) );
#624 = ADVANCED_FACE('',(#625),#568,.T.);
#625 = FACE_BOUND('',#626,.T.);
#626 = EDGE_LOOP('',(#627,#628,#651,#678,#679));
#627 = ORIENTED_EDGE('',*,*,#549,.F.);
#628 = ORIENTED_EDGE('',*,*,#629,.F.);
#629 = EDGE_CURVE('',#630,#550,#632,.T.);
#630 = VERTEX_POINT('',#631);
#631 = CARTESIAN_POINT('',(-6.00235098592,-36.49846201558,
    6.794717153518E-04));
#632 = SEAM_CURVE('',#633,(#637,#644),.PCURVE_S1.);
#633 = LINE('',#634,#635);
#634 = CARTESIAN_POINT('',(-6.00235098592,-36.49846201558,
    6.794717153518E-04));
#635 = VECTOR('',#636,1.);
#636 = DIRECTION('',(0.73450657304,-0.678601571837,2.933706446504E-05));
#637 = PCURVE('',#568,#638);
#638 = DEFINITIONAL_REPRESENTATION('',(#639),#643);
#639 = LINE('',#640,#641);
#640 = CARTESIAN_POINT('',(-6.28318530718,0.));
#641 = VECTOR('',#642,1.);
#642 = DIRECTION('',(-0.,-1.));
#643 = ( GEOMETRIC_REPRESENTATION_CONTEXT(2) 
PARAMETRIC_REPRESENTATION_CONTEXT() REPRESENTATION_CONTEXT('2D SPACE',''
  ) );
#644 = PCURVE('',#568,#645);
#645 = DEFINITIONAL_REPRESENTATION('',(#646),#650);
#646 = LINE('',#647,#648);
#647 = CARTESIAN_POINT('',(0.,-0.));
#648 = VECTOR('',#649,1.);
#649 = DIRECTION('',(-0.,-1.));
#650 = ( GEOMETRIC_REPRESENTATION_CONTEXT(2) 
PARAMETRIC_REPRESENTATION_CONTEXT() REPRESENTATION_CONTEXT('2D SPACE',''
  ) );
#651 = ORIENTED_EDGE('',*,*,#652,.T.);
#652 = EDGE_CURVE('',#630,#630,#653,.T.);
#653 = SURFACE_CURVE('',#654,(#659,#666),.PCURVE_S1.);
#654 = CIRCLE('',#655,6.001955843346);
#655 = AXIS2_PLACEMENT_3D('',#656,#657,#658);
#656 = CARTESIAN_POINT('',(-3.951485251947E-04,-36.4981947318,
    6.794717153503E-04));
#657 = DIRECTION('',(4.453277935694E-05,-0.999999998074,
    4.322956453647E-05));
#658 = DIRECTION('',(-0.999999999008,-4.453277939855E-05,0.));
#659 = PCURVE('',#568,#660);
#660 = DEFINITIONAL_REPRESENTATION('',(#661),#665);
#661 = LINE('',#662,#663);
#662 = CARTESIAN_POINT('',(-0.,-0.));
#663 = VECTOR('',#664,1.);
#664 = DIRECTION('',(-1.,-0.));
#665 = ( GEOMETRIC_REPRESENTATION_CONTEXT(2) 
PARAMETRIC_REPRESENTATION_CONTEXT() REPRESENTATION_CONTEXT('2D SPACE',''
  ) );
#666 = PCURVE('',#667,#672);
#667 = PLANE('',#668);
#668 = AXIS2_PLACEMENT_3D('',#669,#670,#671);
#669 = CARTESIAN_POINT('',(-3.951485251947E-04,-36.4981947318,
    6.794717153503E-04));
#670 = DIRECTION('',(4.453277935694E-05,-0.999999998074,
    4.322956453647E-05));
#671 = DIRECTION('',(-0.999999999008,-4.453277939855E-05,0.));
#672 = DEFINITIONAL_REPRESENTATION('',(#673),#677);
#673 = CIRCLE('',#674,6.001955843346);
#674 = AXIS2_PLACEMENT_2D('',#675,#676);
#675 = CARTESIAN_POINT('',(0.,0.));
#676 = DIRECTION('',(1.,0.));
#677 = ( GEOMETRIC_REPRESENTATION_CONTEXT(2) 
PARAMETRIC_REPRESENTATION_CONTEXT() REPRESENTATION_CONTEXT('2D SPACE',''
  ) );
#678 = ORIENTED_EDGE('',*,*,#629,.T.);
#679 = ORIENTED_EDGE('',*,*,#603,.F.);
#680 = ADVANCED_FACE('',(#681,#684),#667,.F.);
#681 = FACE_BOUND('',#682,.F.);
#682 = EDGE_LOOP('',(#683));
#683 = ORIENTED_EDGE('',*,*,#652,.T.);
#684 = FACE_BOUND('',#685,.F.);
#685 = EDGE_LOOP('',(#686));
#686 = ORIENTED_EDGE('',*,*,#687,.T.);
#687 = EDGE_CURVE('',#688,#688,#690,.T.);
#688 = VERTEX_POINT('',#689);
#689 = CARTESIAN_POINT('',(5.997651112372,-36.49792762213,
    6.794717153518E-04));
#690 = SURFACE_CURVE('',#691,(#696,#707),.PCURVE_S1.);
#691 = CIRCLE('',#692,5.998046266845);
#692 = AXIS2_PLACEMENT_3D('',#693,#694,#695);
#693 = CARTESIAN_POINT('',(-3.951485251947E-04,-36.4981947318,
    6.794717153503E-04));
#694 = DIRECTION('',(-4.453277935694E-05,0.999999998074,
    -4.322956453647E-05));
#695 = DIRECTION('',(0.999999999008,4.453277939855E-05,0.));
#696 = PCURVE('',#667,#697);
#697 = DEFINITIONAL_REPRESENTATION('',(#698),#706);
#698 = ( BOUNDED_CURVE() B_SPLINE_CURVE(2,(#699,#700,#701,#702,#703,#704
,#705),.UNSPECIFIED.,.T.,.F.) B_SPLINE_CURVE_WITH_KNOTS((1,2,2,2,2,1),(
    -2.094395102393,0.,2.094395102393,4.188790204786,6.28318530718,
8.377580409573),.UNSPECIFIED.) CURVE() GEOMETRIC_REPRESENTATION_ITEM() 
RATIONAL_B_SPLINE_CURVE((1.,0.5,1.,0.5,1.,0.5,1.)) REPRESENTATION_ITEM(
  '') );
#699 = CARTESIAN_POINT('',(-5.998046266845,3.974861456006E-19));
#700 = CARTESIAN_POINT('',(-5.998046266845,10.388920880324));
#701 = CARTESIAN_POINT('',(2.999023133422,5.194460440162));
#702 = CARTESIAN_POINT('',(11.99609253369,1.469495125954E-15));
#703 = CARTESIAN_POINT('',(2.999023133422,-5.194460440162));
#704 = CARTESIAN_POINT('',(-5.998046266845,-10.38892088032));
#705 = CARTESIAN_POINT('',(-5.998046266845,3.974861456006E-19));
#706 = ( GEOMETRIC_REPRESENTATION_CONTEXT(2) 
PARAMETRIC_REPRESENTATION_CONTEXT() REPRESENTATION_CONTEXT('2D SPACE',''
  ) );
#707 = PCURVE('',#708,#713);
#708 = CONICAL_SURFACE('',#709,6.001953873583,0.824894746469);
#709 = AXIS2_PLACEMENT_3D('',#710,#711,#712);
#710 = CARTESIAN_POINT('',(-3.949877390504E-04,-36.50180524402,
    6.796277962215E-04));
#711 = DIRECTION('',(4.453277935694E-05,-0.999999998074,
    4.322956453647E-05));
#712 = DIRECTION('',(0.999999999008,4.453277939855E-05,0.));
#713 = DEFINITIONAL_REPRESENTATION('',(#714),#718);
#714 = LINE('',#715,#716);
#715 = CARTESIAN_POINT('',(-0.,-3.61051222436E-03));
#716 = VECTOR('',#717,1.);
#717 = DIRECTION('',(-1.,-0.));
#718 = ( GEOMETRIC_REPRESENTATION_CONTEXT(2) 
PARAMETRIC_REPRESENTATION_CONTEXT() REPRESENTATION_CONTEXT('2D SPACE',''
  ) );
#719 = ADVANCED_FACE('',(#720),#708,.T.);
#720 = FACE_BOUND('',#721,.T.);
#721 = EDGE_LOOP('',(#722,#753,#774,#775,#776));
#722 = ORIENTED_EDGE('',*,*,#723,.T.);
#723 = EDGE_CURVE('',#724,#726,#728,.T.);
#724 = VERTEX_POINT('',#725);
#725 = CARTESIAN_POINT('',(-5.05343490251,-35.62522596535,
    6.417239279542E-04));
#726 = VERTEX_POINT('',#727);
#727 = CARTESIAN_POINT('',(5.052566833967,-35.624775917,
    6.417239279542E-04));
#728 = SURFACE_CURVE('',#729,(#734,#741),.PCURVE_S1.);
#729 = CIRCLE('',#730,5.053000873249);
#730 = AXIS2_PLACEMENT_3D('',#731,#732,#733);
#731 = CARTESIAN_POINT('',(-4.340342716832E-04,-35.62500094118,
    6.41723927953E-04));
#732 = DIRECTION('',(4.453277935694E-05,-0.999999998074,
    4.322956453647E-05));
#733 = DIRECTION('',(0.999999999008,4.453277939855E-05,0.));
#734 = PCURVE('',#708,#735);
#735 = DEFINITIONAL_REPRESENTATION('',(#736),#740);
#736 = LINE('',#737,#738);
#737 = CARTESIAN_POINT('',(-6.28318530718,-0.876804304529));
#738 = VECTOR('',#739,1.);
#739 = DIRECTION('',(1.,-0.));
#740 = ( GEOMETRIC_REPRESENTATION_CONTEXT(2) 
PARAMETRIC_REPRESENTATION_CONTEXT() REPRESENTATION_CONTEXT('2D SPACE',''
  ) );
#741 = PCURVE('',#742,#747);
#742 = CONICAL_SURFACE('',#743,6.001956444319,0.824894745599);
#743 = AXIS2_PLACEMENT_3D('',#744,#745,#746);
#744 = CARTESIAN_POINT('',(-4.730809101622E-04,-34.74819426152,
    6.038199569359E-04));
#745 = DIRECTION('',(-4.453277935694E-05,0.999999998074,
    -4.322956453647E-05));
#746 = DIRECTION('',(-0.999999999008,-4.453277939855E-05,0.));
#747 = DEFINITIONAL_REPRESENTATION('',(#748),#752);
#748 = LINE('',#749,#750);
#749 = CARTESIAN_POINT('',(3.14159265359,-0.876806681343));
#750 = VECTOR('',#751,1.);
#751 = DIRECTION('',(-1.,-0.));
#752 = ( GEOMETRIC_REPRESENTATION_CONTEXT(2) 
PARAMETRIC_REPRESENTATION_CONTEXT() REPRESENTATION_CONTEXT('2D SPACE',''
  ) );
#753 = ORIENTED_EDGE('',*,*,#754,.F.);
#754 = EDGE_CURVE('',#688,#726,#755,.T.);
#755 = SEAM_CURVE('',#756,(#760,#767),.PCURVE_S1.);
#756 = LINE('',#757,#758);
#757 = CARTESIAN_POINT('',(6.001558879892,-36.50153796033,
    6.79627796223E-04));
#758 = VECTOR('',#759,1.);
#759 = DIRECTION('',(-0.734506578403,0.678601566032,-2.933706421445E-05)
  );
#760 = PCURVE('',#708,#761);
#761 = DEFINITIONAL_REPRESENTATION('',(#762),#766);
#762 = LINE('',#763,#764);
#763 = CARTESIAN_POINT('',(-6.28318530718,0.));
#764 = VECTOR('',#765,1.);
#765 = DIRECTION('',(-0.,-1.));
#766 = ( GEOMETRIC_REPRESENTATION_CONTEXT(2) 
PARAMETRIC_REPRESENTATION_CONTEXT() REPRESENTATION_CONTEXT('2D SPACE',''
  ) );
#767 = PCURVE('',#708,#768);
#768 = DEFINITIONAL_REPRESENTATION('',(#769),#773);
#769 = LINE('',#770,#771);
#770 = CARTESIAN_POINT('',(0.,-0.));
#771 = VECTOR('',#772,1.);
#772 = DIRECTION('',(-0.,-1.));
#773 = ( GEOMETRIC_REPRESENTATION_CONTEXT(2) 
PARAMETRIC_REPRESENTATION_CONTEXT() REPRESENTATION_CONTEXT('2D SPACE',''
  ) );
#774 = ORIENTED_EDGE('',*,*,#687,.T.);
#775 = ORIENTED_EDGE('',*,*,#754,.T.);
#776 = ORIENTED_EDGE('',*,*,#777,.T.);
#777 = EDGE_CURVE('',#726,#724,#778,.T.);
#778 = SURFACE_CURVE('',#779,(#784,#791),.PCURVE_S1.);
#779 = CIRCLE('',#780,5.053000873249);
#780 = AXIS2_PLACEMENT_3D('',#781,#782,#783);
#781 = CARTESIAN_POINT('',(-4.340342716832E-04,-35.62500094118,
    6.41723927953E-04));
#782 = DIRECTION('',(4.453277935694E-05,-0.999999998074,
    4.322956453647E-05));
#783 = DIRECTION('',(0.999999999008,4.453277939855E-05,0.));
#784 = PCURVE('',#708,#785);
#785 = DEFINITIONAL_REPRESENTATION('',(#786),#790);
#786 = LINE('',#787,#788);
#787 = CARTESIAN_POINT('',(-6.28318530718,-0.876804304529));
#788 = VECTOR('',#789,1.);
#789 = DIRECTION('',(1.,-0.));
#790 = ( GEOMETRIC_REPRESENTATION_CONTEXT(2) 
PARAMETRIC_REPRESENTATION_CONTEXT() REPRESENTATION_CONTEXT('2D SPACE',''
  ) );
#791 = PCURVE('',#742,#792);
#792 = DEFINITIONAL_REPRESENTATION('',(#793),#797);
#793 = LINE('',#794,#795);
#794 = CARTESIAN_POINT('',(-3.14159265359,-0.876806681343));
#795 = VECTOR('',#796,1.);
#796 = DIRECTION('',(-1.,-0.));
#797 = ( GEOMETRIC_REPRESENTATION_CONTEXT(2) 
PARAMETRIC_REPRESENTATION_CONTEXT() REPRESENTATION_CONTEXT('2D SPACE',''
  ) );
#798 = ADVANCED_FACE('',(#799),#742,.T.);
#799 = FACE_BOUND('',#800,.T.);
#800 = EDGE_LOOP('',(#801,#824,#825,#826,#827));
#801 = ORIENTED_EDGE('',*,*,#802,.T.);
#802 = EDGE_CURVE('',#803,#724,#805,.T.);
#803 = VERTEX_POINT('',#804);
#804 = CARTESIAN_POINT('',(-5.998521235473,-34.75207236052,
    6.039760584299E-04));
#805 = SEAM_CURVE('',#806,(#810,#817),.PCURVE_S1.);
#806 = LINE('',#807,#808);
#807 = CARTESIAN_POINT('',(-6.002429519277,-34.74846154532,
    6.038199569373E-04));
#808 = VECTOR('',#809,1.);
#809 = DIRECTION('',(0.734506577813,-0.678601566671,2.933706424172E-05)
  );
#810 = PCURVE('',#742,#811);
#811 = DEFINITIONAL_REPRESENTATION('',(#812),#816);
#812 = LINE('',#813,#814);
#813 = CARTESIAN_POINT('',(-6.28318530718,0.));
#814 = VECTOR('',#815,1.);
#815 = DIRECTION('',(-0.,-1.));
#816 = ( GEOMETRIC_REPRESENTATION_CONTEXT(2) 
PARAMETRIC_REPRESENTATION_CONTEXT() REPRESENTATION_CONTEXT('2D SPACE',''
  ) );
#817 = PCURVE('',#742,#818);
#818 = DEFINITIONAL_REPRESENTATION('',(#819),#823);
#819 = LINE('',#820,#821);
#820 = CARTESIAN_POINT('',(0.,-0.));
#821 = VECTOR('',#822,1.);
#822 = DIRECTION('',(-0.,-1.));
#823 = ( GEOMETRIC_REPRESENTATION_CONTEXT(2) 
PARAMETRIC_REPRESENTATION_CONTEXT() REPRESENTATION_CONTEXT('2D SPACE',''
  ) );
#824 = ORIENTED_EDGE('',*,*,#777,.F.);
#825 = ORIENTED_EDGE('',*,*,#723,.F.);
#826 = ORIENTED_EDGE('',*,*,#802,.F.);
#827 = ORIENTED_EDGE('',*,*,#828,.T.);
#828 = EDGE_CURVE('',#803,#803,#829,.T.);
#829 = SURFACE_CURVE('',#830,(#835,#842),.PCURVE_S1.);
#830 = CIRCLE('',#831,5.998048321317);
#831 = AXIS2_PLACEMENT_3D('',#832,#833,#834);
#832 = CARTESIAN_POINT('',(-4.72920102775E-04,-34.75180525076,
    6.039760584284E-04));
#833 = DIRECTION('',(4.453277935694E-05,-0.999999998074,
    4.322956453647E-05));
#834 = DIRECTION('',(-0.999999999008,-4.453277939855E-05,0.));
#835 = PCURVE('',#742,#836);
#836 = DEFINITIONAL_REPRESENTATION('',(#837),#841);
#837 = LINE('',#838,#839);
#838 = CARTESIAN_POINT('',(-4.135903062765E-25,-3.610989242914E-03));
#839 = VECTOR('',#840,1.);
#840 = DIRECTION('',(-1.,-0.));
#841 = ( GEOMETRIC_REPRESENTATION_CONTEXT(2) 
PARAMETRIC_REPRESENTATION_CONTEXT() REPRESENTATION_CONTEXT('2D SPACE',''
  ) );
#842 = PCURVE('',#843,#848);
#843 = PLANE('',#844);
#844 = AXIS2_PLACEMENT_3D('',#845,#846,#847);
#845 = CARTESIAN_POINT('',(-4.72920102775E-04,-34.75180525076,
    6.039760584284E-04));
#846 = DIRECTION('',(-4.453277935694E-05,0.999999998074,
    -4.322956453647E-05));
#847 = DIRECTION('',(0.999999999008,4.453277939855E-05,0.));
#848 = DEFINITIONAL_REPRESENTATION('',(#849),#857);
#849 = ( BOUNDED_CURVE() B_SPLINE_CURVE(2,(#850,#851,#852,#853,#854,#855
,#856),.UNSPECIFIED.,.T.,.F.) B_SPLINE_CURVE_WITH_KNOTS((1,2,2,2,2,1),(
    -2.094395102393,0.,2.094395102393,4.188790204786,6.28318530718,
8.377580409573),.UNSPECIFIED.) CURVE() GEOMETRIC_REPRESENTATION_ITEM() 
RATIONAL_B_SPLINE_CURVE((1.,0.5,1.,0.5,1.,0.5,1.)) REPRESENTATION_ITEM(
  '') );
#850 = CARTESIAN_POINT('',(-5.998048321317,-5.420986038536E-19));
#851 = CARTESIAN_POINT('',(-5.998048321317,10.388924438775));
#852 = CARTESIAN_POINT('',(2.999024160659,5.194462219387));
#853 = CARTESIAN_POINT('',(11.996096642635,1.46855602952E-15));
#854 = CARTESIAN_POINT('',(2.999024160659,-5.194462219387));
#855 = CARTESIAN_POINT('',(-5.998048321317,-10.38892443877));
#856 = CARTESIAN_POINT('',(-5.998048321317,-5.420986038536E-19));
#857 = ( GEOMETRIC_REPRESENTATION_CONTEXT(2) 
PARAMETRIC_REPRESENTATION_CONTEXT() REPRESENTATION_CONTEXT('2D SPACE',''
  ) );
#858 = ADVANCED_FACE('',(#859,#890),#843,.F.);
#859 = FACE_BOUND('',#860,.F.);
#860 = EDGE_LOOP('',(#861));
#861 = ORIENTED_EDGE('',*,*,#862,.T.);
#862 = EDGE_CURVE('',#863,#863,#865,.T.);
#863 = VERTEX_POINT('',#864);
#864 = CARTESIAN_POINT('',(6.001480789649,-34.75153796708,
    6.039760584299E-04));
#865 = SURFACE_CURVE('',#866,(#871,#878),.PCURVE_S1.);
#866 = CIRCLE('',#867,6.001953715703);
#867 = AXIS2_PLACEMENT_3D('',#868,#869,#870);
#868 = CARTESIAN_POINT('',(-4.72920102775E-04,-34.75180525076,
    6.039760584284E-04));
#869 = DIRECTION('',(-4.453277935694E-05,0.999999998074,
    -4.322956453647E-05));
#870 = DIRECTION('',(0.999999999008,4.453277939855E-05,0.));
#871 = PCURVE('',#843,#872);
#872 = DEFINITIONAL_REPRESENTATION('',(#873),#877);
#873 = CIRCLE('',#874,6.001953715703);
#874 = AXIS2_PLACEMENT_2D('',#875,#876);
#875 = CARTESIAN_POINT('',(0.,0.));
#876 = DIRECTION('',(1.,0.));
#877 = ( GEOMETRIC_REPRESENTATION_CONTEXT(2) 
PARAMETRIC_REPRESENTATION_CONTEXT() REPRESENTATION_CONTEXT('2D SPACE',''
  ) );
#878 = PCURVE('',#879,#884);
#879 = CONICAL_SURFACE('',#880,6.001953715703,0.824894733362);
#880 = AXIS2_PLACEMENT_3D('',#881,#882,#883);
#881 = CARTESIAN_POINT('',(-4.72920102775E-04,-34.75180525076,
    6.039760584284E-04));
#882 = DIRECTION('',(4.453277935694E-05,-0.999999998074,
    4.322956453647E-05));
#883 = DIRECTION('',(0.999999999008,4.453277939855E-05,0.));
#884 = DEFINITIONAL_REPRESENTATION('',(#885),#889);
#885 = LINE('',#886,#887);
#886 = CARTESIAN_POINT('',(-0.,-0.));
#887 = VECTOR('',#888,1.);
#888 = DIRECTION('',(-1.,-0.));
#889 = ( GEOMETRIC_REPRESENTATION_CONTEXT(2) 
PARAMETRIC_REPRESENTATION_CONTEXT() REPRESENTATION_CONTEXT('2D SPACE',''
  ) );
#890 = FACE_BOUND('',#891,.F.);
#891 = EDGE_LOOP('',(#892));
#892 = ORIENTED_EDGE('',*,*,#828,.T.);
#893 = ADVANCED_FACE('',(#894),#879,.T.);
#894 = FACE_BOUND('',#895,.T.);
#895 = EDGE_LOOP('',(#896,#927,#948,#949,#950));
#896 = ORIENTED_EDGE('',*,*,#897,.T.);
#897 = EDGE_CURVE('',#898,#900,#902,.T.);
#898 = VERTEX_POINT('',#899);
#899 = CARTESIAN_POINT('',(-6.000474013035,-34.75026821342,
    6.03898062177E-04));
#900 = VERTEX_POINT('',#901);
#901 = CARTESIAN_POINT('',(5.999528012134,-34.74973381998,
    6.03898062177E-04));
#902 = SURFACE_CURVE('',#903,(#908,#915),.PCURVE_S1.);
#903 = CIRCLE('',#904,6.000001018534);
#904 = AXIS2_PLACEMENT_3D('',#905,#906,#907);
#905 = CARTESIAN_POINT('',(-4.730004503324E-04,-34.7500010167,
    6.038980621755E-04));
#906 = DIRECTION('',(4.453277935694E-05,-0.999999998074,
    4.322956453647E-05));
#907 = DIRECTION('',(0.999999999008,4.453277939855E-05,0.));
#908 = PCURVE('',#879,#909);
#909 = DEFINITIONAL_REPRESENTATION('',(#910),#914);
#910 = LINE('',#911,#912);
#911 = CARTESIAN_POINT('',(-6.28318530718,-1.804234063933E-03));
#912 = VECTOR('',#913,1.);
#913 = DIRECTION('',(1.,-0.));
#914 = ( GEOMETRIC_REPRESENTATION_CONTEXT(2) 
PARAMETRIC_REPRESENTATION_CONTEXT() REPRESENTATION_CONTEXT('2D SPACE',''
  ) );
#915 = PCURVE('',#916,#921);
#916 = CONICAL_SURFACE('',#917,6.001956444319,0.824894745599);
#917 = AXIS2_PLACEMENT_3D('',#918,#919,#920);
#918 = CARTESIAN_POINT('',(-4.730809101622E-04,-34.74819426152,
    6.038199569359E-04));
#919 = DIRECTION('',(-4.453277935694E-05,0.999999998074,
    -4.322956453647E-05));
#920 = DIRECTION('',(-0.999999999008,-4.453277939855E-05,0.));
#921 = DEFINITIONAL_REPRESENTATION('',(#922),#926);
#922 = LINE('',#923,#924);
#923 = CARTESIAN_POINT('',(3.14159265359,-1.806755178981E-03));
#924 = VECTOR('',#925,1.);
#925 = DIRECTION('',(-1.,-0.));
#926 = ( GEOMETRIC_REPRESENTATION_CONTEXT(2) 
PARAMETRIC_REPRESENTATION_CONTEXT() REPRESENTATION_CONTEXT('2D SPACE',''
  ) );
#927 = ORIENTED_EDGE('',*,*,#928,.F.);
#928 = EDGE_CURVE('',#863,#900,#929,.T.);
#929 = SEAM_CURVE('',#930,(#934,#941),.PCURVE_S1.);
#930 = LINE('',#931,#932);
#931 = CARTESIAN_POINT('',(6.001480789649,-34.75153796708,
    6.039760584299E-04));
#932 = VECTOR('',#933,1.);
#933 = DIRECTION('',(-0.734506569509,0.678601575659,-2.933706463061E-05)
  );
#934 = PCURVE('',#879,#935);
#935 = DEFINITIONAL_REPRESENTATION('',(#936),#940);
#936 = LINE('',#937,#938);
#937 = CARTESIAN_POINT('',(-6.28318530718,0.));
#938 = VECTOR('',#939,1.);
#939 = DIRECTION('',(-0.,-1.));
#940 = ( GEOMETRIC_REPRESENTATION_CONTEXT(2) 
PARAMETRIC_REPRESENTATION_CONTEXT() REPRESENTATION_CONTEXT('2D SPACE',''
  ) );
#941 = PCURVE('',#879,#942);
#942 = DEFINITIONAL_REPRESENTATION('',(#943),#947);
#943 = LINE('',#944,#945);
#944 = CARTESIAN_POINT('',(0.,-0.));
#945 = VECTOR('',#946,1.);
#946 = DIRECTION('',(-0.,-1.));
#947 = ( GEOMETRIC_REPRESENTATION_CONTEXT(2) 
PARAMETRIC_REPRESENTATION_CONTEXT() REPRESENTATION_CONTEXT('2D SPACE',''
  ) );
#948 = ORIENTED_EDGE('',*,*,#862,.T.);
#949 = ORIENTED_EDGE('',*,*,#928,.T.);
#950 = ORIENTED_EDGE('',*,*,#951,.T.);
#951 = EDGE_CURVE('',#900,#898,#952,.T.);
#952 = SURFACE_CURVE('',#953,(#958,#965),.PCURVE_S1.);
#953 = CIRCLE('',#954,6.000001018534);
#954 = AXIS2_PLACEMENT_3D('',#955,#956,#957);
#955 = CARTESIAN_POINT('',(-4.730004503324E-04,-34.7500010167,
    6.038980621755E-04));
#956 = DIRECTION('',(4.453277935694E-05,-0.999999998074,
    4.322956453647E-05));
#957 = DIRECTION('',(0.999999999008,4.453277939855E-05,0.));
#958 = PCURVE('',#879,#959);
#959 = DEFINITIONAL_REPRESENTATION('',(#960),#964);
#960 = LINE('',#961,#962);
#961 = CARTESIAN_POINT('',(-6.28318530718,-1.804234063933E-03));
#962 = VECTOR('',#963,1.);
#963 = DIRECTION('',(1.,-0.));
#964 = ( GEOMETRIC_REPRESENTATION_CONTEXT(2) 
PARAMETRIC_REPRESENTATION_CONTEXT() REPRESENTATION_CONTEXT('2D SPACE',''
  ) );
#965 = PCURVE('',#916,#966);
#966 = DEFINITIONAL_REPRESENTATION('',(#967),#971);
#967 = LINE('',#968,#969);
#968 = CARTESIAN_POINT('',(-3.14159265359,-1.806755178981E-03));
#969 = VECTOR('',#970,1.);
#970 = DIRECTION('',(-1.,-0.));
#971 = ( GEOMETRIC_REPRESENTATION_CONTEXT(2) 
PARAMETRIC_REPRESENTATION_CONTEXT() REPRESENTATION_CONTEXT('2D SPACE',''
  ) );
#972 = ADVANCED_FACE('',(#973),#916,.T.);
#973 = FACE_BOUND('',#974,.T.);
#974 = EDGE_LOOP('',(#975,#976,#999,#1026,#1027));
#975 = ORIENTED_EDGE('',*,*,#897,.F.);
#976 = ORIENTED_EDGE('',*,*,#977,.F.);
#977 = EDGE_CURVE('',#978,#898,#980,.T.);
#978 = VERTEX_POINT('',#979);
#979 = CARTESIAN_POINT('',(-6.002429519277,-34.74846154532,
    6.038199569373E-04));
#980 = SEAM_CURVE('',#981,(#985,#992),.PCURVE_S1.);
#981 = LINE('',#982,#983);
#982 = CARTESIAN_POINT('',(-6.002429519277,-34.74846154532,
    6.038199569373E-04));
#983 = VECTOR('',#984,1.);
#984 = DIRECTION('',(0.734506577813,-0.678601566671,2.933706424172E-05)
  );
#985 = PCURVE('',#916,#986);
#986 = DEFINITIONAL_REPRESENTATION('',(#987),#991);
#987 = LINE('',#988,#989);
#988 = CARTESIAN_POINT('',(-6.28318530718,0.));
#989 = VECTOR('',#990,1.);
#990 = DIRECTION('',(-0.,-1.));
#991 = ( GEOMETRIC_REPRESENTATION_CONTEXT(2) 
PARAMETRIC_REPRESENTATION_CONTEXT() REPRESENTATION_CONTEXT('2D SPACE',''
  ) );
#992 = PCURVE('',#916,#993);
#993 = DEFINITIONAL_REPRESENTATION('',(#994),#998);
#994 = LINE('',#995,#996);
#995 = CARTESIAN_POINT('',(0.,-0.));
#996 = VECTOR('',#997,1.);
#997 = DIRECTION('',(-0.,-1.));
#998 = ( GEOMETRIC_REPRESENTATION_CONTEXT(2) 
PARAMETRIC_REPRESENTATION_CONTEXT() REPRESENTATION_CONTEXT('2D SPACE',''
  ) );
#999 = ORIENTED_EDGE('',*,*,#1000,.T.);
#1000 = EDGE_CURVE('',#978,#978,#1001,.T.);
#1001 = SURFACE_CURVE('',#1002,(#1007,#1014),.PCURVE_S1.);
#1002 = CIRCLE('',#1003,6.001956444319);
#1003 = AXIS2_PLACEMENT_3D('',#1004,#1005,#1006);
#1004 = CARTESIAN_POINT('',(-4.730809101622E-04,-34.74819426152,
    6.038199569359E-04));
#1005 = DIRECTION('',(4.453277935694E-05,-0.999999998074,
    4.322956453647E-05));
#1006 = DIRECTION('',(-0.999999999008,-4.453277939855E-05,0.));
#1007 = PCURVE('',#916,#1008);
#1008 = DEFINITIONAL_REPRESENTATION('',(#1009),#1013);
#1009 = LINE('',#1010,#1011);
#1010 = CARTESIAN_POINT('',(-0.,-0.));
#1011 = VECTOR('',#1012,1.);
#1012 = DIRECTION('',(-1.,-0.));
#1013 = ( GEOMETRIC_REPRESENTATION_CONTEXT(2) 
PARAMETRIC_REPRESENTATION_CONTEXT() REPRESENTATION_CONTEXT('2D SPACE',''
  ) );
#1014 = PCURVE('',#1015,#1020);
#1015 = PLANE('',#1016);
#1016 = AXIS2_PLACEMENT_3D('',#1017,#1018,#1019);
#1017 = CARTESIAN_POINT('',(-4.730809101622E-04,-34.74819426152,
    6.038199569359E-04));
#1018 = DIRECTION('',(4.453277935694E-05,-0.999999998074,
    4.322956453647E-05));
#1019 = DIRECTION('',(-0.999999999008,-4.453277939855E-05,0.));
#1020 = DEFINITIONAL_REPRESENTATION('',(#1021),#1025);
#1021 = CIRCLE('',#1022,6.001956444319);
#1022 = AXIS2_PLACEMENT_2D('',#1023,#1024);
#1023 = CARTESIAN_POINT('',(0.,0.));
#1024 = DIRECTION('',(1.,0.));
#1025 = ( GEOMETRIC_REPRESENTATION_CONTEXT(2) 
PARAMETRIC_REPRESENTATION_CONTEXT() REPRESENTATION_CONTEXT('2D SPACE',''
  ) );
#1026 = ORIENTED_EDGE('',*,*,#977,.T.);
#1027 = ORIENTED_EDGE('',*,*,#951,.F.);
#1028 = ADVANCED_FACE('',(#1029,#1032),#1015,.F.);
#1029 = FACE_BOUND('',#1030,.F.);
#1030 = EDGE_LOOP('',(#1031));
#1031 = ORIENTED_EDGE('',*,*,#1000,.T.);
#1032 = FACE_BOUND('',#1033,.F.);
#1033 = EDGE_LOOP('',(#1034));
#1034 = ORIENTED_EDGE('',*,*,#1035,.T.);
#1035 = EDGE_CURVE('',#1036,#1036,#1038,.T.);
#1036 = VERTEX_POINT('',#1037);
#1037 = CARTESIAN_POINT('',(5.99757250594,-34.74792715188,
    6.038199569373E-04));
#1038 = SURFACE_CURVE('',#1039,(#1044,#1055),.PCURVE_S1.);
#1039 = CIRCLE('',#1040,5.998045592798);
#1040 = AXIS2_PLACEMENT_3D('',#1041,#1042,#1043);
#1041 = CARTESIAN_POINT('',(-4.730809101622E-04,-34.74819426152,
    6.038199569359E-04));
#1042 = DIRECTION('',(-4.453277935694E-05,0.999999998074,
    -4.322956453647E-05));
#1043 = DIRECTION('',(0.999999999008,4.453277939855E-05,0.));
#1044 = PCURVE('',#1015,#1045);
#1045 = DEFINITIONAL_REPRESENTATION('',(#1046),#1054);
#1046 = ( BOUNDED_CURVE() B_SPLINE_CURVE(2,(#1047,#1048,#1049,#1050,
#1051,#1052,#1053),.UNSPECIFIED.,.T.,.F.) B_SPLINE_CURVE_WITH_KNOTS((1,2
    ,2,2,2,1),(-2.094395102393,0.,2.094395102393,4.188790204786,
6.28318530718,8.377580409573),.UNSPECIFIED.) CURVE() 
GEOMETRIC_REPRESENTATION_ITEM() RATIONAL_B_SPLINE_CURVE((1.,0.5,1.,0.5,
1.,0.5,1.)) REPRESENTATION_ITEM('') );
#1047 = CARTESIAN_POINT('',(-5.998045592798,5.420986038547E-19));
#1048 = CARTESIAN_POINT('',(-5.998045592798,10.38891971284));
#1049 = CARTESIAN_POINT('',(2.999022796399,5.19445985642));
#1050 = CARTESIAN_POINT('',(11.996091185596,1.469639573318E-15));
#1051 = CARTESIAN_POINT('',(2.999022796399,-5.19445985642));
#1052 = CARTESIAN_POINT('',(-5.998045592798,-10.38891971284));
#1053 = CARTESIAN_POINT('',(-5.998045592798,5.420986038547E-19));
#1054 = ( GEOMETRIC_REPRESENTATION_CONTEXT(2) 
PARAMETRIC_REPRESENTATION_CONTEXT() REPRESENTATION_CONTEXT('2D SPACE',''
  ) );
#1055 = PCURVE('',#1056,#1061);
#1056 = CONICAL_SURFACE('',#1057,6.001953715703,0.824894733362);
#1057 = AXIS2_PLACEMENT_3D('',#1058,#1059,#1060);
#1058 = CARTESIAN_POINT('',(-4.72920102775E-04,-34.75180525076,
    6.039760584284E-04));
#1059 = DIRECTION('',(4.453277935694E-05,-0.999999998074,
    4.322956453647E-05));
#1060 = DIRECTION('',(0.999999999008,4.453277939855E-05,0.));
#1061 = DEFINITIONAL_REPRESENTATION('',(#1062),#1066);
#1062 = LINE('',#1063,#1064);
#1063 = CARTESIAN_POINT('',(-0.,-3.610989242914E-03));
#1064 = VECTOR('',#1065,1.);
#1065 = DIRECTION('',(-1.,-0.));
#1066 = ( GEOMETRIC_REPRESENTATION_CONTEXT(2) 
PARAMETRIC_REPRESENTATION_CONTEXT() REPRESENTATION_CONTEXT('2D SPACE',''
  ) );
#1067 = ADVANCED_FACE('',(#1068),#1056,.T.);
#1068 = FACE_BOUND('',#1069,.T.);
#1069 = EDGE_LOOP('',(#1070,#1071,#1094,#1123,#1145));
#1070 = ORIENTED_EDGE('',*,*,#1035,.T.);
#1071 = ORIENTED_EDGE('',*,*,#1072,.T.);
#1072 = EDGE_CURVE('',#1036,#1073,#1075,.T.);
#1073 = VERTEX_POINT('',#1074);
#1074 = CARTESIAN_POINT('',(5.052488143512,-33.87477534617,
    5.660721651913E-04));
#1075 = SEAM_CURVE('',#1076,(#1080,#1087),.PCURVE_S1.);
#1076 = LINE('',#1077,#1078);
#1077 = CARTESIAN_POINT('',(6.001480789649,-34.75153796708,
    6.039760584299E-04));
#1078 = VECTOR('',#1079,1.);
#1079 = DIRECTION('',(-0.734506569509,0.678601575659,-2.933706463061E-05
    ));
#1080 = PCURVE('',#1056,#1081);
#1081 = DEFINITIONAL_REPRESENTATION('',(#1082),#1086);
#1082 = LINE('',#1083,#1084);
#1083 = CARTESIAN_POINT('',(0.,-0.));
#1084 = VECTOR('',#1085,1.);
#1085 = DIRECTION('',(-0.,-1.));
#1086 = ( GEOMETRIC_REPRESENTATION_CONTEXT(2) 
PARAMETRIC_REPRESENTATION_CONTEXT() REPRESENTATION_CONTEXT('2D SPACE',''
  ) );
#1087 = PCURVE('',#1056,#1088);
#1088 = DEFINITIONAL_REPRESENTATION('',(#1089),#1093);
#1089 = LINE('',#1090,#1091);
#1090 = CARTESIAN_POINT('',(-6.28318530718,0.));
#1091 = VECTOR('',#1092,1.);
#1092 = DIRECTION('',(-0.,-1.));
#1093 = ( GEOMETRIC_REPRESENTATION_CONTEXT(2) 
PARAMETRIC_REPRESENTATION_CONTEXT() REPRESENTATION_CONTEXT('2D SPACE',''
  ) );
#1094 = ORIENTED_EDGE('',*,*,#1095,.F.);
#1095 = EDGE_CURVE('',#1096,#1073,#1098,.T.);
#1096 = VERTEX_POINT('',#1097);
#1097 = CARTESIAN_POINT('',(-5.053512076834,-33.87522539445,
    5.660721651913E-04));
#1098 = SURFACE_CURVE('',#1099,(#1104,#1111),.PCURVE_S1.);
#1099 = CIRCLE('',#1100,5.053000115183);
#1100 = AXIS2_PLACEMENT_3D('',#1101,#1102,#1103);
#1101 = CARTESIAN_POINT('',(-5.119666611304E-04,-33.87500037031,
    5.6607216519E-04));
#1102 = DIRECTION('',(-4.453277935694E-05,0.999999998074,
    -4.322956453647E-05));
#1103 = DIRECTION('',(-0.999999999008,-4.453277939855E-05,0.));
#1104 = PCURVE('',#1056,#1105);
#1105 = DEFINITIONAL_REPRESENTATION('',(#1106),#1110);
#1106 = LINE('',#1107,#1108);
#1107 = CARTESIAN_POINT('',(-3.14159265359,-0.87680488214));
#1108 = VECTOR('',#1109,1.);
#1109 = DIRECTION('',(-1.,-0.));
#1110 = ( GEOMETRIC_REPRESENTATION_CONTEXT(2) 
PARAMETRIC_REPRESENTATION_CONTEXT() REPRESENTATION_CONTEXT('2D SPACE',''
  ) );
#1111 = PCURVE('',#1112,#1117);
#1112 = CONICAL_SURFACE('',#1113,6.001953768311,0.824894609156);
#1113 = AXIS2_PLACEMENT_3D('',#1114,#1115,#1116);
#1114 = CARTESIAN_POINT('',(-5.510132313804E-04,-32.99819522276,
    5.281682604051E-04));
#1115 = DIRECTION('',(-4.453277935694E-05,0.999999998074,
    -4.322956453647E-05));
#1116 = DIRECTION('',(-0.999999999008,-4.453277939855E-05,0.));
#1117 = DEFINITIONAL_REPRESENTATION('',(#1118),#1122);
#1118 = LINE('',#1119,#1120);
#1119 = CARTESIAN_POINT('',(-6.28318530718,-0.876805149238));
#1120 = VECTOR('',#1121,1.);
#1121 = DIRECTION('',(1.,-0.));
#1122 = ( GEOMETRIC_REPRESENTATION_CONTEXT(2) 
PARAMETRIC_REPRESENTATION_CONTEXT() REPRESENTATION_CONTEXT('2D SPACE',''
  ) );
#1123 = ORIENTED_EDGE('',*,*,#1124,.F.);
#1124 = EDGE_CURVE('',#1073,#1096,#1125,.T.);
#1125 = SURFACE_CURVE('',#1126,(#1131,#1138),.PCURVE_S1.);
#1126 = CIRCLE('',#1127,5.053000115183);
#1127 = AXIS2_PLACEMENT_3D('',#1128,#1129,#1130);
#1128 = CARTESIAN_POINT('',(-5.119666611304E-04,-33.87500037031,
    5.6607216519E-04));
#1129 = DIRECTION('',(-4.453277935694E-05,0.999999998074,
    -4.322956453647E-05));
#1130 = DIRECTION('',(-0.999999999008,-4.453277939855E-05,0.));
#1131 = PCURVE('',#1056,#1132);
#1132 = DEFINITIONAL_REPRESENTATION('',(#1133),#1137);
#1133 = LINE('',#1134,#1135);
#1134 = CARTESIAN_POINT('',(3.14159265359,-0.87680488214));
#1135 = VECTOR('',#1136,1.);
#1136 = DIRECTION('',(-1.,-0.));
#1137 = ( GEOMETRIC_REPRESENTATION_CONTEXT(2) 
PARAMETRIC_REPRESENTATION_CONTEXT() REPRESENTATION_CONTEXT('2D SPACE',''
  ) );
#1138 = PCURVE('',#1112,#1139);
#1139 = DEFINITIONAL_REPRESENTATION('',(#1140),#1144);
#1140 = LINE('',#1141,#1142);
#1141 = CARTESIAN_POINT('',(-6.28318530718,-0.876805149238));
#1142 = VECTOR('',#1143,1.);
#1143 = DIRECTION('',(1.,-0.));
#1144 = ( GEOMETRIC_REPRESENTATION_CONTEXT(2) 
PARAMETRIC_REPRESENTATION_CONTEXT() REPRESENTATION_CONTEXT('2D SPACE',''
  ) );
#1145 = ORIENTED_EDGE('',*,*,#1072,.F.);
#1146 = ADVANCED_FACE('',(#1147),#1112,.T.);
#1147 = FACE_BOUND('',#1148,.T.);
#1148 = EDGE_LOOP('',(#1149,#1150,#1173,#1204,#1205));
#1149 = ORIENTED_EDGE('',*,*,#1124,.T.);
#1150 = ORIENTED_EDGE('',*,*,#1151,.F.);
#1151 = EDGE_CURVE('',#1152,#1096,#1154,.T.);
#1152 = VERTEX_POINT('',#1153);
#1153 = CARTESIAN_POINT('',(-5.998597525957,-33.00207236717,
    5.283243206358E-04));
#1154 = SEAM_CURVE('',#1155,(#1159,#1166),.PCURVE_S1.);
#1155 = LINE('',#1156,#1157);
#1156 = CARTESIAN_POINT('',(-6.002504775591,-32.99846250644,
    5.281682604066E-04));
#1157 = VECTOR('',#1158,1.);
#1158 = DIRECTION('',(0.734506485223,-0.678601666889,2.933706857393E-05)
  );
#1159 = PCURVE('',#1112,#1160);
#1160 = DEFINITIONAL_REPRESENTATION('',(#1161),#1165);
#1161 = LINE('',#1162,#1163);
#1162 = CARTESIAN_POINT('',(-6.28318530718,0.));
#1163 = VECTOR('',#1164,1.);
#1164 = DIRECTION('',(-0.,-1.));
#1165 = ( GEOMETRIC_REPRESENTATION_CONTEXT(2) 
PARAMETRIC_REPRESENTATION_CONTEXT() REPRESENTATION_CONTEXT('2D SPACE',''
  ) );
#1166 = PCURVE('',#1112,#1167);
#1167 = DEFINITIONAL_REPRESENTATION('',(#1168),#1172);
#1168 = LINE('',#1169,#1170);
#1169 = CARTESIAN_POINT('',(0.,-0.));
#1170 = VECTOR('',#1171,1.);
#1171 = DIRECTION('',(-0.,-1.));
#1172 = ( GEOMETRIC_REPRESENTATION_CONTEXT(2) 
PARAMETRIC_REPRESENTATION_CONTEXT() REPRESENTATION_CONTEXT('2D SPACE',''
  ) );
#1173 = ORIENTED_EDGE('',*,*,#1174,.T.);
#1174 = EDGE_CURVE('',#1152,#1152,#1175,.T.);
#1175 = SURFACE_CURVE('',#1176,(#1181,#1188),.PCURVE_S1.);
#1176 = CIRCLE('',#1177,5.998046679439);
#1177 = AXIS2_PLACEMENT_3D('',#1178,#1179,#1180);
#1178 = CARTESIAN_POINT('',(-5.508524665004E-04,-33.00180525748,
    5.283243206344E-04));
#1179 = DIRECTION('',(4.453277935694E-05,-0.999999998074,
    4.322956453647E-05));
#1180 = DIRECTION('',(-0.999999999008,-4.453277939855E-05,0.));
#1181 = PCURVE('',#1112,#1182);
#1182 = DEFINITIONAL_REPRESENTATION('',(#1183),#1187);
#1183 = LINE('',#1184,#1185);
#1184 = CARTESIAN_POINT('',(-4.135903062765E-25,-3.610034727057E-03));
#1185 = VECTOR('',#1186,1.);
#1186 = DIRECTION('',(-1.,-0.));
#1187 = ( GEOMETRIC_REPRESENTATION_CONTEXT(2) 
PARAMETRIC_REPRESENTATION_CONTEXT() REPRESENTATION_CONTEXT('2D SPACE',''
  ) );
#1188 = PCURVE('',#1189,#1194);
#1189 = PLANE('',#1190);
#1190 = AXIS2_PLACEMENT_3D('',#1191,#1192,#1193);
#1191 = CARTESIAN_POINT('',(-5.508524665004E-04,-33.00180525748,
    5.283243206344E-04));
#1192 = DIRECTION('',(-4.453277935694E-05,0.999999998074,
    -4.322956453647E-05));
#1193 = DIRECTION('',(0.999999999008,4.453277939855E-05,0.));
#1194 = DEFINITIONAL_REPRESENTATION('',(#1195),#1203);
#1195 = ( BOUNDED_CURVE() B_SPLINE_CURVE(2,(#1196,#1197,#1198,#1199,
#1200,#1201,#1202),.UNSPECIFIED.,.T.,.F.) B_SPLINE_CURVE_WITH_KNOTS((1,2
    ,2,2,2,1),(-2.094395102393,0.,2.094395102393,4.188790204786,
6.28318530718,8.377580409573),.UNSPECIFIED.) CURVE() 
GEOMETRIC_REPRESENTATION_ITEM() RATIONAL_B_SPLINE_CURVE((1.,0.5,1.,0.5,
1.,0.5,1.)) REPRESENTATION_ITEM('') );
#1196 = CARTESIAN_POINT('',(-5.998046679439,-2.168379527256E-19));
#1197 = CARTESIAN_POINT('',(-5.998046679439,10.388921594957));
#1198 = CARTESIAN_POINT('',(2.999023339719,5.194460797479));
#1199 = CARTESIAN_POINT('',(11.996093358877,1.468880888027E-15));
#1200 = CARTESIAN_POINT('',(2.999023339719,-5.194460797479));
#1201 = CARTESIAN_POINT('',(-5.998046679439,-10.38892159495));
#1202 = CARTESIAN_POINT('',(-5.998046679439,-2.168379527256E-19));
#1203 = ( GEOMETRIC_REPRESENTATION_CONTEXT(2) 
PARAMETRIC_REPRESENTATION_CONTEXT() REPRESENTATION_CONTEXT('2D SPACE',''
  ) );
#1204 = ORIENTED_EDGE('',*,*,#1151,.T.);
#1205 = ORIENTED_EDGE('',*,*,#1095,.T.);
#1206 = ADVANCED_FACE('',(#1207,#1238),#1189,.F.);
#1207 = FACE_BOUND('',#1208,.F.);
#1208 = EDGE_LOOP('',(#1209));
#1209 = ORIENTED_EDGE('',*,*,#1210,.T.);
#1210 = EDGE_CURVE('',#1211,#1211,#1213,.T.);
#1211 = VERTEX_POINT('',#1212);
#1212 = CARTESIAN_POINT('',(6.001402993192,-33.00153797379,
    5.283243206358E-04));
#1213 = SURFACE_CURVE('',#1214,(#1219,#1226),.PCURVE_S1.);
#1214 = CIRCLE('',#1215,6.00195385161);
#1215 = AXIS2_PLACEMENT_3D('',#1216,#1217,#1218);
#1216 = CARTESIAN_POINT('',(-5.508524665004E-04,-33.00180525748,
    5.283243206344E-04));
#1217 = DIRECTION('',(-4.453277935694E-05,0.999999998074,
    -4.322956453647E-05));
#1218 = DIRECTION('',(0.999999999008,4.453277939855E-05,0.));
#1219 = PCURVE('',#1189,#1220);
#1220 = DEFINITIONAL_REPRESENTATION('',(#1221),#1225);
#1221 = CIRCLE('',#1222,6.00195385161);
#1222 = AXIS2_PLACEMENT_2D('',#1223,#1224);
#1223 = CARTESIAN_POINT('',(0.,0.));
#1224 = DIRECTION('',(1.,0.));
#1225 = ( GEOMETRIC_REPRESENTATION_CONTEXT(2) 
PARAMETRIC_REPRESENTATION_CONTEXT() REPRESENTATION_CONTEXT('2D SPACE',''
  ) );
#1226 = PCURVE('',#1227,#1232);
#1227 = CONICAL_SURFACE('',#1228,6.00195385161,0.824894744645);
#1228 = AXIS2_PLACEMENT_3D('',#1229,#1230,#1231);
#1229 = CARTESIAN_POINT('',(-5.508524665004E-04,-33.00180525748,
    5.283243206344E-04));
#1230 = DIRECTION('',(4.453277935694E-05,-0.999999998074,
    4.322956453647E-05));
#1231 = DIRECTION('',(0.999999999008,4.453277939855E-05,0.));
#1232 = DEFINITIONAL_REPRESENTATION('',(#1233),#1237);
#1233 = LINE('',#1234,#1235);
#1234 = CARTESIAN_POINT('',(-0.,-0.));
#1235 = VECTOR('',#1236,1.);
#1236 = DIRECTION('',(-1.,-0.));
#1237 = ( GEOMETRIC_REPRESENTATION_CONTEXT(2) 
PARAMETRIC_REPRESENTATION_CONTEXT() REPRESENTATION_CONTEXT('2D SPACE',''
  ) );
#1238 = FACE_BOUND('',#1239,.F.);
#1239 = EDGE_LOOP('',(#1240));
#1240 = ORIENTED_EDGE('',*,*,#1174,.T.);
#1241 = ADVANCED_FACE('',(#1242),#1227,.T.);
#1242 = FACE_BOUND('',#1243,.T.);
#1243 = EDGE_LOOP('',(#1244,#1275,#1296,#1297,#1298));
#1244 = ORIENTED_EDGE('',*,*,#1245,.F.);
#1245 = EDGE_CURVE('',#1246,#1248,#1250,.T.);
#1246 = VERTEX_POINT('',#1247);
#1247 = CARTESIAN_POINT('',(5.999449326459,-32.99973300519,
    5.282462888682E-04));
#1248 = VERTEX_POINT('',#1249);
#1249 = CARTESIAN_POINT('',(-6.00055119216,-33.00026739857,
    5.282462888682E-04));
#1250 = SURFACE_CURVE('',#1251,(#1256,#1263),.PCURVE_S1.);
#1251 = CIRCLE('',#1252,6.000000265259);
#1252 = AXIS2_PLACEMENT_3D('',#1253,#1254,#1255);
#1253 = CARTESIAN_POINT('',(-5.509328506432E-04,-33.00000020188,
    5.282462888668E-04));
#1254 = DIRECTION('',(-4.453277935694E-05,0.999999998074,
    -4.322956453647E-05));
#1255 = DIRECTION('',(-0.999999999008,-4.453277939855E-05,0.));
#1256 = PCURVE('',#1227,#1257);
#1257 = DEFINITIONAL_REPRESENTATION('',(#1258),#1262);
#1258 = LINE('',#1259,#1260);
#1259 = CARTESIAN_POINT('',(3.14159265359,-1.805055600906E-03));
#1260 = VECTOR('',#1261,1.);
#1261 = DIRECTION('',(-1.,-0.));
#1262 = ( GEOMETRIC_REPRESENTATION_CONTEXT(2) 
PARAMETRIC_REPRESENTATION_CONTEXT() REPRESENTATION_CONTEXT('2D SPACE',''
  ) );
#1263 = PCURVE('',#1264,#1269);
#1264 = CONICAL_SURFACE('',#1265,6.001953768311,0.824894609156);
#1265 = AXIS2_PLACEMENT_3D('',#1266,#1267,#1268);
#1266 = CARTESIAN_POINT('',(-5.510132313804E-04,-32.99819522276,
    5.281682604051E-04));
#1267 = DIRECTION('',(-4.453277935694E-05,0.999999998074,
    -4.322956453647E-05));
#1268 = DIRECTION('',(-0.999999999008,-4.453277939855E-05,0.));
#1269 = DEFINITIONAL_REPRESENTATION('',(#1270),#1274);
#1270 = LINE('',#1271,#1272);
#1271 = CARTESIAN_POINT('',(-6.28318530718,-1.804979126151E-03));
#1272 = VECTOR('',#1273,1.);
#1273 = DIRECTION('',(1.,-0.));
#1274 = ( GEOMETRIC_REPRESENTATION_CONTEXT(2) 
PARAMETRIC_REPRESENTATION_CONTEXT() REPRESENTATION_CONTEXT('2D SPACE',''
  ) );
#1275 = ORIENTED_EDGE('',*,*,#1276,.F.);
#1276 = EDGE_CURVE('',#1211,#1246,#1277,.T.);
#1277 = SEAM_CURVE('',#1278,(#1282,#1289),.PCURVE_S1.);
#1278 = LINE('',#1279,#1280);
#1279 = CARTESIAN_POINT('',(6.001402993192,-33.00153797379,
    5.283243206358E-04));
#1280 = VECTOR('',#1281,1.);
#1281 = DIRECTION('',(-0.734506577166,0.678601567372,-2.933706427237E-05
    ));
#1282 = PCURVE('',#1227,#1283);
#1283 = DEFINITIONAL_REPRESENTATION('',(#1284),#1288);
#1284 = LINE('',#1285,#1286);
#1285 = CARTESIAN_POINT('',(-6.28318530718,0.));
#1286 = VECTOR('',#1287,1.);
#1287 = DIRECTION('',(-0.,-1.));
#1288 = ( GEOMETRIC_REPRESENTATION_CONTEXT(2) 
PARAMETRIC_REPRESENTATION_CONTEXT() REPRESENTATION_CONTEXT('2D SPACE',''
  ) );
#1289 = PCURVE('',#1227,#1290);
#1290 = DEFINITIONAL_REPRESENTATION('',(#1291),#1295);
#1291 = LINE('',#1292,#1293);
#1292 = CARTESIAN_POINT('',(0.,-0.));
#1293 = VECTOR('',#1294,1.);
#1294 = DIRECTION('',(-0.,-1.));
#1295 = ( GEOMETRIC_REPRESENTATION_CONTEXT(2) 
PARAMETRIC_REPRESENTATION_CONTEXT() REPRESENTATION_CONTEXT('2D SPACE',''
  ) );
#1296 = ORIENTED_EDGE('',*,*,#1210,.T.);
#1297 = ORIENTED_EDGE('',*,*,#1276,.T.);
#1298 = ORIENTED_EDGE('',*,*,#1299,.F.);
#1299 = EDGE_CURVE('',#1248,#1246,#1300,.T.);
#1300 = SURFACE_CURVE('',#1301,(#1306,#1313),.PCURVE_S1.);
#1301 = CIRCLE('',#1302,6.000000265259);
#1302 = AXIS2_PLACEMENT_3D('',#1303,#1304,#1305);
#1303 = CARTESIAN_POINT('',(-5.509328506432E-04,-33.00000020188,
    5.282462888668E-04));
#1304 = DIRECTION('',(-4.453277935694E-05,0.999999998074,
    -4.322956453647E-05));
#1305 = DIRECTION('',(-0.999999999008,-4.453277939855E-05,0.));
#1306 = PCURVE('',#1227,#1307);
#1307 = DEFINITIONAL_REPRESENTATION('',(#1308),#1312);
#1308 = LINE('',#1309,#1310);
#1309 = CARTESIAN_POINT('',(-3.14159265359,-1.805055600906E-03));
#1310 = VECTOR('',#1311,1.);
#1311 = DIRECTION('',(-1.,-0.));
#1312 = ( GEOMETRIC_REPRESENTATION_CONTEXT(2) 
PARAMETRIC_REPRESENTATION_CONTEXT() REPRESENTATION_CONTEXT('2D SPACE',''
  ) );
#1313 = PCURVE('',#1264,#1314);
#1314 = DEFINITIONAL_REPRESENTATION('',(#1315),#1319);
#1315 = LINE('',#1316,#1317);
#1316 = CARTESIAN_POINT('',(-6.28318530718,-1.804979126151E-03));
#1317 = VECTOR('',#1318,1.);
#1318 = DIRECTION('',(1.,-0.));
#1319 = ( GEOMETRIC_REPRESENTATION_CONTEXT(2) 
PARAMETRIC_REPRESENTATION_CONTEXT() REPRESENTATION_CONTEXT('2D SPACE',''
  ) );
#1320 = ADVANCED_FACE('',(#1321),#1264,.T.);
#1321 = FACE_BOUND('',#1322,.T.);
#1322 = EDGE_LOOP('',(#1323,#1324,#1347,#1374,#1375));
#1323 = ORIENTED_EDGE('',*,*,#1245,.T.);
#1324 = ORIENTED_EDGE('',*,*,#1325,.F.);
#1325 = EDGE_CURVE('',#1326,#1248,#1328,.T.);
#1326 = VERTEX_POINT('',#1327);
#1327 = CARTESIAN_POINT('',(-6.002504775591,-32.99846250644,
    5.281682604066E-04));
#1328 = SEAM_CURVE('',#1329,(#1333,#1340),.PCURVE_S1.);
#1329 = LINE('',#1330,#1331);
#1330 = CARTESIAN_POINT('',(-6.002504775591,-32.99846250644,
    5.281682604066E-04));
#1331 = VECTOR('',#1332,1.);
#1332 = DIRECTION('',(0.734506485223,-0.678601666889,2.933706857393E-05)
  );
#1333 = PCURVE('',#1264,#1334);
#1334 = DEFINITIONAL_REPRESENTATION('',(#1335),#1339);
#1335 = LINE('',#1336,#1337);
#1336 = CARTESIAN_POINT('',(-6.28318530718,0.));
#1337 = VECTOR('',#1338,1.);
#1338 = DIRECTION('',(-0.,-1.));
#1339 = ( GEOMETRIC_REPRESENTATION_CONTEXT(2) 
PARAMETRIC_REPRESENTATION_CONTEXT() REPRESENTATION_CONTEXT('2D SPACE',''
  ) );
#1340 = PCURVE('',#1264,#1341);
#1341 = DEFINITIONAL_REPRESENTATION('',(#1342),#1346);
#1342 = LINE('',#1343,#1344);
#1343 = CARTESIAN_POINT('',(0.,-0.));
#1344 = VECTOR('',#1345,1.);
#1345 = DIRECTION('',(-0.,-1.));
#1346 = ( GEOMETRIC_REPRESENTATION_CONTEXT(2) 
PARAMETRIC_REPRESENTATION_CONTEXT() REPRESENTATION_CONTEXT('2D SPACE',''
  ) );
#1347 = ORIENTED_EDGE('',*,*,#1348,.T.);
#1348 = EDGE_CURVE('',#1326,#1326,#1349,.T.);
#1349 = SURFACE_CURVE('',#1350,(#1355,#1362),.PCURVE_S1.);
#1350 = CIRCLE('',#1351,6.001953768311);
#1351 = AXIS2_PLACEMENT_3D('',#1352,#1353,#1354);
#1352 = CARTESIAN_POINT('',(-5.510132313804E-04,-32.99819522276,
    5.281682604051E-04));
#1353 = DIRECTION('',(4.453277935694E-05,-0.999999998074,
    4.322956453647E-05));
#1354 = DIRECTION('',(-0.999999999008,-4.453277939855E-05,0.));
#1355 = PCURVE('',#1264,#1356);
#1356 = DEFINITIONAL_REPRESENTATION('',(#1357),#1361);
#1357 = LINE('',#1358,#1359);
#1358 = CARTESIAN_POINT('',(-0.,-0.));
#1359 = VECTOR('',#1360,1.);
#1360 = DIRECTION('',(-1.,-0.));
#1361 = ( GEOMETRIC_REPRESENTATION_CONTEXT(2) 
PARAMETRIC_REPRESENTATION_CONTEXT() REPRESENTATION_CONTEXT('2D SPACE',''
  ) );
#1362 = PCURVE('',#1363,#1368);
#1363 = PLANE('',#1364);
#1364 = AXIS2_PLACEMENT_3D('',#1365,#1366,#1367);
#1365 = CARTESIAN_POINT('',(-5.510132313804E-04,-32.99819522276,
    5.281682604051E-04));
#1366 = DIRECTION('',(4.453277935694E-05,-0.999999998074,
    4.322956453647E-05));
#1367 = DIRECTION('',(-0.999999999008,-4.453277939855E-05,0.));
#1368 = DEFINITIONAL_REPRESENTATION('',(#1369),#1373);
#1369 = CIRCLE('',#1370,6.001953768311);
#1370 = AXIS2_PLACEMENT_2D('',#1371,#1372);
#1371 = CARTESIAN_POINT('',(0.,0.));
#1372 = DIRECTION('',(1.,0.));
#1373 = ( GEOMETRIC_REPRESENTATION_CONTEXT(2) 
PARAMETRIC_REPRESENTATION_CONTEXT() REPRESENTATION_CONTEXT('2D SPACE',''
  ) );
#1374 = ORIENTED_EDGE('',*,*,#1325,.T.);
#1375 = ORIENTED_EDGE('',*,*,#1299,.T.);
#1376 = ADVANCED_FACE('',(#1377,#1380),#1363,.F.);
#1377 = FACE_BOUND('',#1378,.F.);
#1378 = EDGE_LOOP('',(#1379));
#1379 = ORIENTED_EDGE('',*,*,#1348,.T.);
#1380 = FACE_BOUND('',#1381,.F.);
#1381 = EDGE_LOOP('',(#1382));
#1382 = ORIENTED_EDGE('',*,*,#1383,.T.);
#1383 = EDGE_CURVE('',#1384,#1384,#1386,.T.);
#1384 = VERTEX_POINT('',#1385);
#1385 = CARTESIAN_POINT('',(5.997495742496,-32.99792811306,
    5.281682604066E-04));
#1386 = SURFACE_CURVE('',#1387,(#1392,#1403),.PCURVE_S1.);
#1387 = CIRCLE('',#1388,5.998046761675);
#1388 = AXIS2_PLACEMENT_3D('',#1389,#1390,#1391);
#1389 = CARTESIAN_POINT('',(-5.510132313804E-04,-32.99819522276,
    5.281682604051E-04));
#1390 = DIRECTION('',(-4.453277935694E-05,0.999999998074,
    -4.322956453647E-05));
#1391 = DIRECTION('',(0.999999999008,4.453277939855E-05,0.));
#1392 = PCURVE('',#1363,#1393);
#1393 = DEFINITIONAL_REPRESENTATION('',(#1394),#1402);
#1394 = ( BOUNDED_CURVE() B_SPLINE_CURVE(2,(#1395,#1396,#1397,#1398,
#1399,#1400,#1401),.UNSPECIFIED.,.T.,.F.) B_SPLINE_CURVE_WITH_KNOTS((1,2
    ,2,2,2,1),(-2.094395102393,0.,2.094395102393,4.188790204786,
6.28318530718,8.377580409573),.UNSPECIFIED.) CURVE() 
GEOMETRIC_REPRESENTATION_ITEM() RATIONAL_B_SPLINE_CURVE((1.,0.5,1.,0.5,
1.,0.5,1.)) REPRESENTATION_ITEM('') );
#1395 = CARTESIAN_POINT('',(-5.998046761675,2.168379527256E-19));
#1396 = CARTESIAN_POINT('',(-5.998046761675,10.388921737395));
#1397 = CARTESIAN_POINT('',(2.999023380838,5.194460868698));
#1398 = CARTESIAN_POINT('',(11.99609352335,1.469314598959E-15));
#1399 = CARTESIAN_POINT('',(2.999023380838,-5.194460868698));
#1400 = CARTESIAN_POINT('',(-5.998046761675,-10.38892173739));
#1401 = CARTESIAN_POINT('',(-5.998046761675,2.168379527256E-19));
#1402 = ( GEOMETRIC_REPRESENTATION_CONTEXT(2) 
PARAMETRIC_REPRESENTATION_CONTEXT() REPRESENTATION_CONTEXT('2D SPACE',''
  ) );
#1403 = PCURVE('',#1404,#1409);
#1404 = CONICAL_SURFACE('',#1405,6.00195385161,0.824894744645);
#1405 = AXIS2_PLACEMENT_3D('',#1406,#1407,#1408);
#1406 = CARTESIAN_POINT('',(-5.508524665004E-04,-33.00180525748,
    5.283243206344E-04));
#1407 = DIRECTION('',(4.453277935694E-05,-0.999999998074,
    4.322956453647E-05));
#1408 = DIRECTION('',(0.999999999008,4.453277939855E-05,0.));
#1409 = DEFINITIONAL_REPRESENTATION('',(#1410),#1414);
#1410 = LINE('',#1411,#1412);
#1411 = CARTESIAN_POINT('',(-0.,-3.610034727057E-03));
#1412 = VECTOR('',#1413,1.);
#1413 = DIRECTION('',(-1.,-0.));
#1414 = ( GEOMETRIC_REPRESENTATION_CONTEXT(2) 
PARAMETRIC_REPRESENTATION_CONTEXT() REPRESENTATION_CONTEXT('2D SPACE',''
  ) );
#1415 = ADVANCED_FACE('',(#1416),#1404,.T.);
#1416 = FACE_BOUND('',#1417,.T.);
#1417 = EDGE_LOOP('',(#1418,#1449,#1471,#1492,#1493));
#1418 = ORIENTED_EDGE('',*,*,#1419,.T.);
#1419 = EDGE_CURVE('',#1420,#1422,#1424,.T.);
#1420 = VERTEX_POINT('',#1421);
#1421 = CARTESIAN_POINT('',(5.05241053204,-32.12477554363,
    4.904204356438E-04));
#1422 = VERTEX_POINT('',#1423);
#1423 = CARTESIAN_POINT('',(-5.053590330073,-32.12522559194,
    4.904204356438E-04));
#1424 = SURFACE_CURVE('',#1425,(#1430,#1437),.PCURVE_S1.);
#1425 = CIRCLE('',#1426,5.053000436067);
#1426 = AXIS2_PLACEMENT_3D('',#1427,#1428,#1429);
#1427 = CARTESIAN_POINT('',(-5.898990163607E-04,-32.12500056779,
    4.904204356425E-04));
#1428 = DIRECTION('',(4.453277935694E-05,-0.999999998074,
    4.322956453647E-05));
#1429 = DIRECTION('',(0.999999999008,4.453277939855E-05,0.));
#1430 = PCURVE('',#1404,#1431);
#1431 = DEFINITIONAL_REPRESENTATION('',(#1432),#1436);
#1432 = LINE('',#1433,#1434);
#1433 = CARTESIAN_POINT('',(-6.28318530718,-0.876804691378));
#1434 = VECTOR('',#1435,1.);
#1435 = DIRECTION('',(1.,-0.));
#1436 = ( GEOMETRIC_REPRESENTATION_CONTEXT(2) 
PARAMETRIC_REPRESENTATION_CONTEXT() REPRESENTATION_CONTEXT('2D SPACE',''
  ) );
#1437 = PCURVE('',#1438,#1443);
#1438 = CONICAL_SURFACE('',#1439,6.001954135494,0.824894253916);
#1439 = AXIS2_PLACEMENT_3D('',#1440,#1441,#1442);
#1440 = CARTESIAN_POINT('',(-6.289456163445E-04,-31.24819475256,
    4.525165019941E-04));
#1441 = DIRECTION('',(-4.453277935694E-05,0.999999998074,
    -4.322956453647E-05));
#1442 = DIRECTION('',(-0.999999999008,-4.453277939855E-05,0.));
#1443 = DEFINITIONAL_REPRESENTATION('',(#1444),#1448);
#1444 = LINE('',#1445,#1446);
#1445 = CARTESIAN_POINT('',(-3.14159265359,-0.876805816919));
#1446 = VECTOR('',#1447,1.);
#1447 = DIRECTION('',(-1.,-0.));
#1448 = ( GEOMETRIC_REPRESENTATION_CONTEXT(2) 
PARAMETRIC_REPRESENTATION_CONTEXT() REPRESENTATION_CONTEXT('2D SPACE',''
  ) );
#1449 = ORIENTED_EDGE('',*,*,#1450,.T.);
#1450 = EDGE_CURVE('',#1422,#1420,#1451,.T.);
#1451 = SURFACE_CURVE('',#1452,(#1457,#1464),.PCURVE_S1.);
#1452 = CIRCLE('',#1453,5.053000436067);
#1453 = AXIS2_PLACEMENT_3D('',#1454,#1455,#1456);
#1454 = CARTESIAN_POINT('',(-5.898990163607E-04,-32.12500056779,
    4.904204356425E-04));
#1455 = DIRECTION('',(4.453277935694E-05,-0.999999998074,
    4.322956453647E-05));
#1456 = DIRECTION('',(0.999999999008,4.453277939855E-05,0.));
#1457 = PCURVE('',#1404,#1458);
#1458 = DEFINITIONAL_REPRESENTATION('',(#1459),#1463);
#1459 = LINE('',#1460,#1461);
#1460 = CARTESIAN_POINT('',(-6.28318530718,-0.876804691378));
#1461 = VECTOR('',#1462,1.);
#1462 = DIRECTION('',(1.,-0.));
#1463 = ( GEOMETRIC_REPRESENTATION_CONTEXT(2) 
PARAMETRIC_REPRESENTATION_CONTEXT() REPRESENTATION_CONTEXT('2D SPACE',''
  ) );
#1464 = PCURVE('',#1438,#1465);
#1465 = DEFINITIONAL_REPRESENTATION('',(#1466),#1470);
#1466 = LINE('',#1467,#1468);
#1467 = CARTESIAN_POINT('',(3.14159265359,-0.876805816919));
#1468 = VECTOR('',#1469,1.);
#1469 = DIRECTION('',(-1.,-0.));
#1470 = ( GEOMETRIC_REPRESENTATION_CONTEXT(2) 
PARAMETRIC_REPRESENTATION_CONTEXT() REPRESENTATION_CONTEXT('2D SPACE',''
  ) );
#1471 = ORIENTED_EDGE('',*,*,#1472,.F.);
#1472 = EDGE_CURVE('',#1384,#1420,#1473,.T.);
#1473 = SEAM_CURVE('',#1474,(#1478,#1485),.PCURVE_S1.);
#1474 = LINE('',#1475,#1476);
#1475 = CARTESIAN_POINT('',(6.001402993192,-33.00153797379,
    5.283243206358E-04));
#1476 = VECTOR('',#1477,1.);
#1477 = DIRECTION('',(-0.734506577166,0.678601567372,-2.933706427237E-05
    ));
#1478 = PCURVE('',#1404,#1479);
#1479 = DEFINITIONAL_REPRESENTATION('',(#1480),#1484);
#1480 = LINE('',#1481,#1482);
#1481 = CARTESIAN_POINT('',(-6.28318530718,0.));
#1482 = VECTOR('',#1483,1.);
#1483 = DIRECTION('',(-0.,-1.));
#1484 = ( GEOMETRIC_REPRESENTATION_CONTEXT(2) 
PARAMETRIC_REPRESENTATION_CONTEXT() REPRESENTATION_CONTEXT('2D SPACE',''
  ) );
#1485 = PCURVE('',#1404,#1486);
#1486 = DEFINITIONAL_REPRESENTATION('',(#1487),#1491);
#1487 = LINE('',#1488,#1489);
#1488 = CARTESIAN_POINT('',(0.,-0.));
#1489 = VECTOR('',#1490,1.);
#1490 = DIRECTION('',(-0.,-1.));
#1491 = ( GEOMETRIC_REPRESENTATION_CONTEXT(2) 
PARAMETRIC_REPRESENTATION_CONTEXT() REPRESENTATION_CONTEXT('2D SPACE',''
  ) );
#1492 = ORIENTED_EDGE('',*,*,#1383,.T.);
#1493 = ORIENTED_EDGE('',*,*,#1472,.T.);
#1494 = ADVANCED_FACE('',(#1495),#1438,.T.);
#1495 = FACE_BOUND('',#1496,.T.);
#1496 = EDGE_LOOP('',(#1497,#1520,#1521,#1522,#1523));
#1497 = ORIENTED_EDGE('',*,*,#1498,.T.);
#1498 = EDGE_CURVE('',#1499,#1422,#1501,.T.);
#1499 = VERTEX_POINT('',#1500);
#1500 = CARTESIAN_POINT('',(-5.998675312206,-31.25207237381,
    4.526725828386E-04));
#1501 = SEAM_CURVE('',#1502,(#1506,#1513),.PCURVE_S1.);
#1502 = LINE('',#1503,#1504);
#1503 = CARTESIAN_POINT('',(-6.002583075159,-31.24846203626,
    4.525165019955E-04));
#1504 = VECTOR('',#1505,1.);
#1505 = DIRECTION('',(0.734506244156,-0.678601927816,2.933707985319E-05)
  );
#1506 = PCURVE('',#1438,#1507);
#1507 = DEFINITIONAL_REPRESENTATION('',(#1508),#1512);
#1508 = LINE('',#1509,#1510);
#1509 = CARTESIAN_POINT('',(-6.28318530718,0.));
#1510 = VECTOR('',#1511,1.);
#1511 = DIRECTION('',(-0.,-1.));
#1512 = ( GEOMETRIC_REPRESENTATION_CONTEXT(2) 
PARAMETRIC_REPRESENTATION_CONTEXT() REPRESENTATION_CONTEXT('2D SPACE',''
  ) );
#1513 = PCURVE('',#1438,#1514);
#1514 = DEFINITIONAL_REPRESENTATION('',(#1515),#1519);
#1515 = LINE('',#1516,#1517);
#1516 = CARTESIAN_POINT('',(0.,-0.));
#1517 = VECTOR('',#1518,1.);
#1518 = DIRECTION('',(-0.,-1.));
#1519 = ( GEOMETRIC_REPRESENTATION_CONTEXT(2) 
PARAMETRIC_REPRESENTATION_CONTEXT() REPRESENTATION_CONTEXT('2D SPACE',''
  ) );
#1520 = ORIENTED_EDGE('',*,*,#1419,.F.);
#1521 = ORIENTED_EDGE('',*,*,#1450,.F.);
#1522 = ORIENTED_EDGE('',*,*,#1498,.F.);
#1523 = ORIENTED_EDGE('',*,*,#1524,.T.);
#1524 = EDGE_CURVE('',#1499,#1499,#1525,.T.);
#1525 = SURFACE_CURVE('',#1526,(#1531,#1538),.PCURVE_S1.);
#1526 = CIRCLE('',#1527,5.998046533323);
#1527 = AXIS2_PLACEMENT_3D('',#1528,#1529,#1530);
#1528 = CARTESIAN_POINT('',(-6.287848302292E-04,-31.25180526412,
    4.526725828371E-04));
#1529 = DIRECTION('',(4.453277935694E-05,-0.999999998074,
    4.322956453647E-05));
#1530 = DIRECTION('',(-0.999999999008,-4.453277939855E-05,0.));
#1531 = PCURVE('',#1438,#1532);
#1532 = DEFINITIONAL_REPRESENTATION('',(#1533),#1537);
#1533 = LINE('',#1534,#1535);
#1534 = CARTESIAN_POINT('',(-4.135903062765E-25,-3.610511572682E-03));
#1535 = VECTOR('',#1536,1.);
#1536 = DIRECTION('',(-1.,-0.));
#1537 = ( GEOMETRIC_REPRESENTATION_CONTEXT(2) 
PARAMETRIC_REPRESENTATION_CONTEXT() REPRESENTATION_CONTEXT('2D SPACE',''
  ) );
#1538 = PCURVE('',#1539,#1544);
#1539 = PLANE('',#1540);
#1540 = AXIS2_PLACEMENT_3D('',#1541,#1542,#1543);
#1541 = CARTESIAN_POINT('',(-6.287848302292E-04,-31.25180526412,
    4.526725828371E-04));
#1542 = DIRECTION('',(-4.453277935694E-05,0.999999998074,
    -4.322956453647E-05));
#1543 = DIRECTION('',(0.999999999008,4.453277939855E-05,0.));
#1544 = DEFINITIONAL_REPRESENTATION('',(#1545),#1553);
#1545 = ( BOUNDED_CURVE() B_SPLINE_CURVE(2,(#1546,#1547,#1548,#1549,
#1550,#1551,#1552),.UNSPECIFIED.,.T.,.F.) B_SPLINE_CURVE_WITH_KNOTS((1,2
    ,2,2,2,1),(-2.094395102393,0.,2.094395102393,4.188790204786,
6.28318530718,8.377580409573),.UNSPECIFIED.) CURVE() 
GEOMETRIC_REPRESENTATION_ITEM() RATIONAL_B_SPLINE_CURVE((1.,0.5,1.,0.5,
1.,0.5,1.)) REPRESENTATION_ITEM('') );
#1546 = CARTESIAN_POINT('',(-5.998046533323,2.168429146109E-19));
#1547 = CARTESIAN_POINT('',(-5.998046533323,10.388921341878));
#1548 = CARTESIAN_POINT('',(2.999023266662,5.194460670939));
#1549 = CARTESIAN_POINT('',(11.996093066646,1.469314533107E-15));
#1550 = CARTESIAN_POINT('',(2.999023266662,-5.194460670939));
#1551 = CARTESIAN_POINT('',(-5.998046533323,-10.38892134187));
#1552 = CARTESIAN_POINT('',(-5.998046533323,2.168429146109E-19));
#1553 = ( GEOMETRIC_REPRESENTATION_CONTEXT(2) 
PARAMETRIC_REPRESENTATION_CONTEXT() REPRESENTATION_CONTEXT('2D SPACE',''
  ) );
#1554 = ADVANCED_FACE('',(#1555,#1586),#1539,.F.);
#1555 = FACE_BOUND('',#1556,.F.);
#1556 = EDGE_LOOP('',(#1557));
#1557 = ORIENTED_EDGE('',*,*,#1558,.T.);
#1558 = EDGE_CURVE('',#1559,#1559,#1561,.T.);
#1559 = VERTEX_POINT('',#1560);
#1560 = CARTESIAN_POINT('',(6.001324674488,-31.25153798045,
    4.526725828386E-04));
#1561 = SURFACE_CURVE('',#1562,(#1567,#1574),.PCURVE_S1.);
#1562 = CIRCLE('',#1563,6.00195346527);
#1563 = AXIS2_PLACEMENT_3D('',#1564,#1565,#1566);
#1564 = CARTESIAN_POINT('',(-6.287848302292E-04,-31.25180526412,
    4.526725828371E-04));
#1565 = DIRECTION('',(-4.453277935694E-05,0.999999998074,
    -4.322956453647E-05));
#1566 = DIRECTION('',(0.999999999008,4.453277939855E-05,0.));
#1567 = PCURVE('',#1539,#1568);
#1568 = DEFINITIONAL_REPRESENTATION('',(#1569),#1573);
#1569 = CIRCLE('',#1570,6.00195346527);
#1570 = AXIS2_PLACEMENT_2D('',#1571,#1572);
#1571 = CARTESIAN_POINT('',(0.,0.));
#1572 = DIRECTION('',(1.,0.));
#1573 = ( GEOMETRIC_REPRESENTATION_CONTEXT(2) 
PARAMETRIC_REPRESENTATION_CONTEXT() REPRESENTATION_CONTEXT('2D SPACE',''
  ) );
#1574 = PCURVE('',#1575,#1580);
#1575 = CONICAL_SURFACE('',#1576,6.00195346527,0.824894369706);
#1576 = AXIS2_PLACEMENT_3D('',#1577,#1578,#1579);
#1577 = CARTESIAN_POINT('',(-6.287848302292E-04,-31.25180526412,
    4.526725828371E-04));
#1578 = DIRECTION('',(4.453277935694E-05,-0.999999998074,
    4.322956453647E-05));
#1579 = DIRECTION('',(0.999999999008,4.453277939855E-05,0.));
#1580 = DEFINITIONAL_REPRESENTATION('',(#1581),#1585);
#1581 = LINE('',#1582,#1583);
#1582 = CARTESIAN_POINT('',(-0.,-0.));
#1583 = VECTOR('',#1584,1.);
#1584 = DIRECTION('',(-1.,-0.));
#1585 = ( GEOMETRIC_REPRESENTATION_CONTEXT(2) 
PARAMETRIC_REPRESENTATION_CONTEXT() REPRESENTATION_CONTEXT('2D SPACE',''
  ) );
#1586 = FACE_BOUND('',#1587,.F.);
#1587 = EDGE_LOOP('',(#1588));
#1588 = ORIENTED_EDGE('',*,*,#1524,.T.);
#1589 = ADVANCED_FACE('',(#1590),#1575,.T.);
#1590 = FACE_BOUND('',#1591,.T.);
#1591 = EDGE_LOOP('',(#1592,#1623,#1644,#1645,#1646));
#1592 = ORIENTED_EDGE('',*,*,#1593,.T.);
#1593 = EDGE_CURVE('',#1594,#1596,#1598,.T.);
#1594 = VERTEX_POINT('',#1595);
#1595 = CARTESIAN_POINT('',(-6.000628858329,-31.25026751486,
    4.525945558115E-04));
#1596 = VERTEX_POINT('',#1597);
#1597 = CARTESIAN_POINT('',(5.99937112791,-31.24973312151,
    4.525945558115E-04));
#1598 = SURFACE_CURVE('',#1599,(#1604,#1611),.PCURVE_S1.);
#1599 = CIRCLE('',#1600,5.999999999069);
#1600 = AXIS2_PLACEMENT_3D('',#1601,#1602,#1603);
#1601 = CARTESIAN_POINT('',(-6.288652094886E-04,-31.25000031818,
    4.5259455581E-04));
#1602 = DIRECTION('',(4.453277935694E-05,-0.999999998074,
    4.322956453647E-05));
#1603 = DIRECTION('',(0.999999999008,4.453277939855E-05,0.));
#1604 = PCURVE('',#1575,#1605);
#1605 = DEFINITIONAL_REPRESENTATION('',(#1606),#1610);
#1606 = LINE('',#1607,#1608);
#1607 = CARTESIAN_POINT('',(-6.28318530718,-1.804945942665E-03));
#1608 = VECTOR('',#1609,1.);
#1609 = DIRECTION('',(1.,-0.));
#1610 = ( GEOMETRIC_REPRESENTATION_CONTEXT(2) 
PARAMETRIC_REPRESENTATION_CONTEXT() REPRESENTATION_CONTEXT('2D SPACE',''
  ) );
#1611 = PCURVE('',#1612,#1617);
#1612 = CONICAL_SURFACE('',#1613,6.001954135494,0.824894253916);
#1613 = AXIS2_PLACEMENT_3D('',#1614,#1615,#1616);
#1614 = CARTESIAN_POINT('',(-6.289456163445E-04,-31.24819475256,
    4.525165019941E-04));
#1615 = DIRECTION('',(-4.453277935694E-05,0.999999998074,
    -4.322956453647E-05));
#1616 = DIRECTION('',(-0.999999999008,-4.453277939855E-05,0.));
#1617 = DEFINITIONAL_REPRESENTATION('',(#1618),#1622);
#1618 = LINE('',#1619,#1620);
#1619 = CARTESIAN_POINT('',(3.14159265359,-1.805565630018E-03));
#1620 = VECTOR('',#1621,1.);
#1621 = DIRECTION('',(-1.,-0.));
#1622 = ( GEOMETRIC_REPRESENTATION_CONTEXT(2) 
PARAMETRIC_REPRESENTATION_CONTEXT() REPRESENTATION_CONTEXT('2D SPACE',''
  ) );
#1623 = ORIENTED_EDGE('',*,*,#1624,.F.);
#1624 = EDGE_CURVE('',#1559,#1596,#1625,.T.);
#1625 = SEAM_CURVE('',#1626,(#1630,#1637),.PCURVE_S1.);
#1626 = LINE('',#1627,#1628);
#1627 = CARTESIAN_POINT('',(6.001324674488,-31.25153798045,
    4.526725828386E-04));
#1628 = VECTOR('',#1629,1.);
#1629 = DIRECTION('',(-0.734506322732,0.678601842767,-2.933707617708E-05
    ));
#1630 = PCURVE('',#1575,#1631);
#1631 = DEFINITIONAL_REPRESENTATION('',(#1632),#1636);
#1632 = LINE('',#1633,#1634);
#1633 = CARTESIAN_POINT('',(-6.28318530718,0.));
#1634 = VECTOR('',#1635,1.);
#1635 = DIRECTION('',(-0.,-1.));
#1636 = ( GEOMETRIC_REPRESENTATION_CONTEXT(2) 
PARAMETRIC_REPRESENTATION_CONTEXT() REPRESENTATION_CONTEXT('2D SPACE',''
  ) );
#1637 = PCURVE('',#1575,#1638);
#1638 = DEFINITIONAL_REPRESENTATION('',(#1639),#1643);
#1639 = LINE('',#1640,#1641);
#1640 = CARTESIAN_POINT('',(0.,-0.));
#1641 = VECTOR('',#1642,1.);
#1642 = DIRECTION('',(-0.,-1.));
#1643 = ( GEOMETRIC_REPRESENTATION_CONTEXT(2) 
PARAMETRIC_REPRESENTATION_CONTEXT() REPRESENTATION_CONTEXT('2D SPACE',''
  ) );
#1644 = ORIENTED_EDGE('',*,*,#1558,.T.);
#1645 = ORIENTED_EDGE('',*,*,#1624,.T.);
#1646 = ORIENTED_EDGE('',*,*,#1647,.T.);
#1647 = EDGE_CURVE('',#1596,#1594,#1648,.T.);
#1648 = SURFACE_CURVE('',#1649,(#1654,#1661),.PCURVE_S1.);
#1649 = CIRCLE('',#1650,5.999999999069);
#1650 = AXIS2_PLACEMENT_3D('',#1651,#1652,#1653);
#1651 = CARTESIAN_POINT('',(-6.288652094886E-04,-31.25000031818,
    4.5259455581E-04));
#1652 = DIRECTION('',(4.453277935694E-05,-0.999999998074,
    4.322956453647E-05));
#1653 = DIRECTION('',(0.999999999008,4.453277939855E-05,0.));
#1654 = PCURVE('',#1575,#1655);
#1655 = DEFINITIONAL_REPRESENTATION('',(#1656),#1660);
#1656 = LINE('',#1657,#1658);
#1657 = CARTESIAN_POINT('',(-6.28318530718,-1.804945942665E-03));
#1658 = VECTOR('',#1659,1.);
#1659 = DIRECTION('',(1.,-0.));
#1660 = ( GEOMETRIC_REPRESENTATION_CONTEXT(2) 
PARAMETRIC_REPRESENTATION_CONTEXT() REPRESENTATION_CONTEXT('2D SPACE',''
  ) );
#1661 = PCURVE('',#1612,#1662);
#1662 = DEFINITIONAL_REPRESENTATION('',(#1663),#1667);
#1663 = LINE('',#1664,#1665);
#1664 = CARTESIAN_POINT('',(-3.14159265359,-1.805565630018E-03));
#1665 = VECTOR('',#1666,1.);
#1666 = DIRECTION('',(-1.,-0.));
#1667 = ( GEOMETRIC_REPRESENTATION_CONTEXT(2) 
PARAMETRIC_REPRESENTATION_CONTEXT() REPRESENTATION_CONTEXT('2D SPACE',''
  ) );
#1668 = ADVANCED_FACE('',(#1669),#1612,.T.);
#1669 = FACE_BOUND('',#1670,.T.);
#1670 = EDGE_LOOP('',(#1671,#1672,#1695,#1722,#1723));
#1671 = ORIENTED_EDGE('',*,*,#1593,.F.);
#1672 = ORIENTED_EDGE('',*,*,#1673,.F.);
#1673 = EDGE_CURVE('',#1674,#1594,#1676,.T.);
#1674 = VERTEX_POINT('',#1675);
#1675 = CARTESIAN_POINT('',(-6.002583075159,-31.24846203626,
    4.525165019955E-04));
#1676 = SEAM_CURVE('',#1677,(#1681,#1688),.PCURVE_S1.);
#1677 = LINE('',#1678,#1679);
#1678 = CARTESIAN_POINT('',(-6.002583075159,-31.24846203626,
    4.525165019955E-04));
#1679 = VECTOR('',#1680,1.);
#1680 = DIRECTION('',(0.734506244156,-0.678601927816,2.933707985319E-05)
  );
#1681 = PCURVE('',#1612,#1682);
#1682 = DEFINITIONAL_REPRESENTATION('',(#1683),#1687);
#1683 = LINE('',#1684,#1685);
#1684 = CARTESIAN_POINT('',(-6.28318530718,0.));
#1685 = VECTOR('',#1686,1.);
#1686 = DIRECTION('',(-0.,-1.));
#1687 = ( GEOMETRIC_REPRESENTATION_CONTEXT(2) 
PARAMETRIC_REPRESENTATION_CONTEXT() REPRESENTATION_CONTEXT('2D SPACE',''
  ) );
#1688 = PCURVE('',#1612,#1689);
#1689 = DEFINITIONAL_REPRESENTATION('',(#1690),#1694);
#1690 = LINE('',#1691,#1692);
#1691 = CARTESIAN_POINT('',(0.,-0.));
#1692 = VECTOR('',#1693,1.);
#1693 = DIRECTION('',(-0.,-1.));
#1694 = ( GEOMETRIC_REPRESENTATION_CONTEXT(2) 
PARAMETRIC_REPRESENTATION_CONTEXT() REPRESENTATION_CONTEXT('2D SPACE',''
  ) );
#1695 = ORIENTED_EDGE('',*,*,#1696,.T.);
#1696 = EDGE_CURVE('',#1674,#1674,#1697,.T.);
#1697 = SURFACE_CURVE('',#1698,(#1703,#1710),.PCURVE_S1.);
#1698 = CIRCLE('',#1699,6.001954135494);
#1699 = AXIS2_PLACEMENT_3D('',#1700,#1701,#1702);
#1700 = CARTESIAN_POINT('',(-6.289456163445E-04,-31.24819475256,
    4.525165019941E-04));
#1701 = DIRECTION('',(4.453277935694E-05,-0.999999998074,
    4.322956453647E-05));
#1702 = DIRECTION('',(-0.999999999008,-4.453277939855E-05,0.));
#1703 = PCURVE('',#1612,#1704);
#1704 = DEFINITIONAL_REPRESENTATION('',(#1705),#1709);
#1705 = LINE('',#1706,#1707);
#1706 = CARTESIAN_POINT('',(-0.,-0.));
#1707 = VECTOR('',#1708,1.);
#1708 = DIRECTION('',(-1.,-0.));
#1709 = ( GEOMETRIC_REPRESENTATION_CONTEXT(2) 
PARAMETRIC_REPRESENTATION_CONTEXT() REPRESENTATION_CONTEXT('2D SPACE',''
  ) );
#1710 = PCURVE('',#1711,#1716);
#1711 = PLANE('',#1712);
#1712 = AXIS2_PLACEMENT_3D('',#1713,#1714,#1715);
#1713 = CARTESIAN_POINT('',(-6.289456163445E-04,-31.24819475256,
    4.525165019941E-04));
#1714 = DIRECTION('',(4.453277935694E-05,-0.999999998074,
    4.322956453647E-05));
#1715 = DIRECTION('',(-0.999999999008,-4.453277939855E-05,0.));
#1716 = DEFINITIONAL_REPRESENTATION('',(#1717),#1721);
#1717 = CIRCLE('',#1718,6.001954135494);
#1718 = AXIS2_PLACEMENT_2D('',#1719,#1720);
#1719 = CARTESIAN_POINT('',(0.,0.));
#1720 = DIRECTION('',(1.,0.));
#1721 = ( GEOMETRIC_REPRESENTATION_CONTEXT(2) 
PARAMETRIC_REPRESENTATION_CONTEXT() REPRESENTATION_CONTEXT('2D SPACE',''
  ) );
#1722 = ORIENTED_EDGE('',*,*,#1673,.T.);
#1723 = ORIENTED_EDGE('',*,*,#1647,.F.);
#1724 = ADVANCED_FACE('',(#1725,#1728),#1711,.F.);
#1725 = FACE_BOUND('',#1726,.F.);
#1726 = EDGE_LOOP('',(#1727));
#1727 = ORIENTED_EDGE('',*,*,#1696,.T.);
#1728 = FACE_BOUND('',#1729,.F.);
#1729 = EDGE_LOOP('',(#1730));
#1730 = ORIENTED_EDGE('',*,*,#1731,.T.);
#1731 = EDGE_CURVE('',#1732,#1732,#1734,.T.);
#1732 = VERTEX_POINT('',#1733);
#1733 = CARTESIAN_POINT('',(5.997416910627,-31.24792764291,
    4.525165019955E-04));
#1734 = SURFACE_CURVE('',#1735,(#1740,#1751),.PCURVE_S1.);
#1735 = CIRCLE('',#1736,5.998045862191);
#1736 = AXIS2_PLACEMENT_3D('',#1737,#1738,#1739);
#1737 = CARTESIAN_POINT('',(-6.289456163445E-04,-31.24819475256,
    4.525165019941E-04));
#1738 = DIRECTION('',(-4.453277935694E-05,0.999999998074,
    -4.322956453647E-05));
#1739 = DIRECTION('',(0.999999999008,4.453277939855E-05,0.));
#1740 = PCURVE('',#1711,#1741);
#1741 = DEFINITIONAL_REPRESENTATION('',(#1742),#1750);
#1742 = ( BOUNDED_CURVE() B_SPLINE_CURVE(2,(#1743,#1744,#1745,#1746,
#1747,#1748,#1749),.UNSPECIFIED.,.T.,.F.) B_SPLINE_CURVE_WITH_KNOTS((1,2
    ,2,2,2,1),(-2.094395102393,0.,2.094395102393,4.188790204786,
6.28318530718,8.377580409573),.UNSPECIFIED.) CURVE() 
GEOMETRIC_REPRESENTATION_ITEM() RATIONAL_B_SPLINE_CURVE((1.,0.5,1.,0.5,
1.,0.5,1.)) REPRESENTATION_ITEM('') );
#1743 = CARTESIAN_POINT('',(-5.998045862191,-2.168429146107E-19));
#1744 = CARTESIAN_POINT('',(-5.998045862191,10.388920179443));
#1745 = CARTESIAN_POINT('',(2.999022931095,5.194460089721));
#1746 = CARTESIAN_POINT('',(11.996091724382,1.468880697782E-15));
#1747 = CARTESIAN_POINT('',(2.999022931095,-5.194460089721));
#1748 = CARTESIAN_POINT('',(-5.998045862191,-10.38892017944));
#1749 = CARTESIAN_POINT('',(-5.998045862191,-2.168429146107E-19));
#1750 = ( GEOMETRIC_REPRESENTATION_CONTEXT(2) 
PARAMETRIC_REPRESENTATION_CONTEXT() REPRESENTATION_CONTEXT('2D SPACE',''
  ) );
#1751 = PCURVE('',#1752,#1757);
#1752 = CONICAL_SURFACE('',#1753,6.00195346527,0.824894369706);
#1753 = AXIS2_PLACEMENT_3D('',#1754,#1755,#1756);
#1754 = CARTESIAN_POINT('',(-6.287848302292E-04,-31.25180526412,
    4.526725828371E-04));
#1755 = DIRECTION('',(4.453277935694E-05,-0.999999998074,
    4.322956453647E-05));
#1756 = DIRECTION('',(0.999999999008,4.453277939855E-05,0.));
#1757 = DEFINITIONAL_REPRESENTATION('',(#1758),#1762);
#1758 = LINE('',#1759,#1760);
#1759 = CARTESIAN_POINT('',(-0.,-3.610511572682E-03));
#1760 = VECTOR('',#1761,1.);
#1761 = DIRECTION('',(-1.,-0.));
#1762 = ( GEOMETRIC_REPRESENTATION_CONTEXT(2) 
PARAMETRIC_REPRESENTATION_CONTEXT() REPRESENTATION_CONTEXT('2D SPACE',''
  ) );
#1763 = ADVANCED_FACE('',(#1764),#1752,.T.);
#1764 = FACE_BOUND('',#1765,.T.);
#1765 = EDGE_LOOP('',(#1766,#1797,#1818,#1819,#1820));
#1766 = ORIENTED_EDGE('',*,*,#1767,.T.);
#1767 = EDGE_CURVE('',#1768,#1770,#1772,.T.);
#1768 = VERTEX_POINT('',#1769);
#1769 = CARTESIAN_POINT('',(-5.053668370245,-30.37522539561,
    4.147686890717E-04));
#1770 = VERTEX_POINT('',#1771);
#1771 = CARTESIAN_POINT('',(5.052332707466,-30.37477534729,
    4.147686890717E-04));
#1772 = SURFACE_CURVE('',#1773,(#1778,#1785),.PCURVE_S1.);
#1773 = CIRCLE('',#1774,5.053000543866);
#1774 = AXIS2_PLACEMENT_3D('',#1775,#1776,#1777);
#1775 = CARTESIAN_POINT('',(-6.678313891289E-04,-30.37500037145,
    4.147686890704E-04));
#1776 = DIRECTION('',(4.453277935694E-05,-0.999999998074,
    4.322956453647E-05));
#1777 = DIRECTION('',(0.999999999008,4.453277939855E-05,0.));
#1778 = PCURVE('',#1752,#1779);
#1779 = DEFINITIONAL_REPRESENTATION('',(#1780),#1784);
#1780 = LINE('',#1781,#1782);
#1781 = CARTESIAN_POINT('',(-6.28318530718,-0.876804894361));
#1782 = VECTOR('',#1783,1.);
#1783 = DIRECTION('',(1.,-0.));
#1784 = ( GEOMETRIC_REPRESENTATION_CONTEXT(2) 
PARAMETRIC_REPRESENTATION_CONTEXT() REPRESENTATION_CONTEXT('2D SPACE',''
  ) );
#1785 = PCURVE('',#1786,#1791);
#1786 = CONICAL_SURFACE('',#1787,6.001954778028,0.824894650123);
#1787 = AXIS2_PLACEMENT_3D('',#1788,#1789,#1790);
#1788 = CARTESIAN_POINT('',(-7.068779800775E-04,-29.49819475911,
    3.768647641927E-04));
#1789 = DIRECTION('',(-4.453277935694E-05,0.999999998074,
    -4.322956453647E-05));
#1790 = DIRECTION('',(-0.999999999008,-4.453277939855E-05,0.));
#1791 = DEFINITIONAL_REPRESENTATION('',(#1792),#1796);
#1792 = LINE('',#1793,#1794);
#1793 = CARTESIAN_POINT('',(3.14159265359,-0.876805614031));
#1794 = VECTOR('',#1795,1.);
#1795 = DIRECTION('',(-1.,-0.));
#1796 = ( GEOMETRIC_REPRESENTATION_CONTEXT(2) 
PARAMETRIC_REPRESENTATION_CONTEXT() REPRESENTATION_CONTEXT('2D SPACE',''
  ) );
#1797 = ORIENTED_EDGE('',*,*,#1798,.F.);
#1798 = EDGE_CURVE('',#1732,#1770,#1799,.T.);
#1799 = SEAM_CURVE('',#1800,(#1804,#1811),.PCURVE_S1.);
#1800 = LINE('',#1801,#1802);
#1801 = CARTESIAN_POINT('',(6.001324674488,-31.25153798045,
    4.526725828386E-04));
#1802 = VECTOR('',#1803,1.);
#1803 = DIRECTION('',(-0.734506322732,0.678601842767,-2.933707617708E-05
    ));
#1804 = PCURVE('',#1752,#1805);
#1805 = DEFINITIONAL_REPRESENTATION('',(#1806),#1810);
#1806 = LINE('',#1807,#1808);
#1807 = CARTESIAN_POINT('',(-6.28318530718,0.));
#1808 = VECTOR('',#1809,1.);
#1809 = DIRECTION('',(-0.,-1.));
#1810 = ( GEOMETRIC_REPRESENTATION_CONTEXT(2) 
PARAMETRIC_REPRESENTATION_CONTEXT() REPRESENTATION_CONTEXT('2D SPACE',''
  ) );
#1811 = PCURVE('',#1752,#1812);
#1812 = DEFINITIONAL_REPRESENTATION('',(#1813),#1817);
#1813 = LINE('',#1814,#1815);
#1814 = CARTESIAN_POINT('',(0.,-0.));
#1815 = VECTOR('',#1816,1.);
#1816 = DIRECTION('',(-0.,-1.));
#1817 = ( GEOMETRIC_REPRESENTATION_CONTEXT(2) 
PARAMETRIC_REPRESENTATION_CONTEXT() REPRESENTATION_CONTEXT('2D SPACE',''
  ) );
#1818 = ORIENTED_EDGE('',*,*,#1731,.T.);
#1819 = ORIENTED_EDGE('',*,*,#1798,.T.);
#1820 = ORIENTED_EDGE('',*,*,#1821,.T.);
#1821 = EDGE_CURVE('',#1770,#1768,#1822,.T.);
#1822 = SURFACE_CURVE('',#1823,(#1828,#1835),.PCURVE_S1.);
#1823 = CIRCLE('',#1824,5.053000543866);
#1824 = AXIS2_PLACEMENT_3D('',#1825,#1826,#1827);
#1825 = CARTESIAN_POINT('',(-6.678313891289E-04,-30.37500037145,
    4.147686890704E-04));
#1826 = DIRECTION('',(4.453277935694E-05,-0.999999998074,
    4.322956453647E-05));
#1827 = DIRECTION('',(0.999999999008,4.453277939855E-05,0.));
#1828 = PCURVE('',#1752,#1829);
#1829 = DEFINITIONAL_REPRESENTATION('',(#1830),#1834);
#1830 = LINE('',#1831,#1832);
#1831 = CARTESIAN_POINT('',(-6.28318530718,-0.876804894361));
#1832 = VECTOR('',#1833,1.);
#1833 = DIRECTION('',(1.,-0.));
#1834 = ( GEOMETRIC_REPRESENTATION_CONTEXT(2) 
PARAMETRIC_REPRESENTATION_CONTEXT() REPRESENTATION_CONTEXT('2D SPACE',''
  ) );
#1835 = PCURVE('',#1786,#1836);
#1836 = DEFINITIONAL_REPRESENTATION('',(#1837),#1841);
#1837 = LINE('',#1838,#1839);
#1838 = CARTESIAN_POINT('',(-3.14159265359,-0.876805614031));
#1839 = VECTOR('',#1840,1.);
#1840 = DIRECTION('',(-1.,-0.));
#1841 = ( GEOMETRIC_REPRESENTATION_CONTEXT(2) 
PARAMETRIC_REPRESENTATION_CONTEXT() REPRESENTATION_CONTEXT('2D SPACE',''
  ) );
#1842 = ADVANCED_FACE('',(#1843),#1786,.T.);
#1843 = FACE_BOUND('',#1844,.T.);
#1844 = EDGE_LOOP('',(#1845,#1868,#1869,#1870,#1871));
#1845 = ORIENTED_EDGE('',*,*,#1846,.T.);
#1846 = EDGE_CURVE('',#1847,#1768,#1849,.T.);
#1847 = VERTEX_POINT('',#1848);
#1848 = CARTESIAN_POINT('',(-5.998753883798,-29.50207238057,
    3.770208450452E-04));
#1849 = SEAM_CURVE('',#1850,(#1854,#1861),.PCURVE_S1.);
#1850 = LINE('',#1851,#1852);
#1851 = CARTESIAN_POINT('',(-6.002661650057,-29.49846204284,
    3.768647641942E-04));
#1852 = VECTOR('',#1853,1.);
#1853 = DIRECTION('',(0.734506513023,-0.678601636799,2.933706727317E-05)
  );
#1854 = PCURVE('',#1786,#1855);
#1855 = DEFINITIONAL_REPRESENTATION('',(#1856),#1860);
#1856 = LINE('',#1857,#1858);
#1857 = CARTESIAN_POINT('',(-6.28318530718,0.));
#1858 = VECTOR('',#1859,1.);
#1859 = DIRECTION('',(-0.,-1.));
#1860 = ( GEOMETRIC_REPRESENTATION_CONTEXT(2) 
PARAMETRIC_REPRESENTATION_CONTEXT() REPRESENTATION_CONTEXT('2D SPACE',''
  ) );
#1861 = PCURVE('',#1786,#1862);
#1862 = DEFINITIONAL_REPRESENTATION('',(#1863),#1867);
#1863 = LINE('',#1864,#1865);
#1864 = CARTESIAN_POINT('',(0.,-0.));
#1865 = VECTOR('',#1866,1.);
#1866 = DIRECTION('',(-0.,-1.));
#1867 = ( GEOMETRIC_REPRESENTATION_CONTEXT(2) 
PARAMETRIC_REPRESENTATION_CONTEXT() REPRESENTATION_CONTEXT('2D SPACE',''
  ) );
#1868 = ORIENTED_EDGE('',*,*,#1821,.F.);
#1869 = ORIENTED_EDGE('',*,*,#1767,.F.);
#1870 = ORIENTED_EDGE('',*,*,#1846,.F.);
#1871 = ORIENTED_EDGE('',*,*,#1872,.T.);
#1872 = EDGE_CURVE('',#1847,#1847,#1873,.T.);
#1873 = SURFACE_CURVE('',#1874,(#1879,#1886),.PCURVE_S1.);
#1874 = CIRCLE('',#1875,5.998047172552);
#1875 = AXIS2_PLACEMENT_3D('',#1876,#1877,#1878);
#1876 = CARTESIAN_POINT('',(-7.06717193954E-04,-29.50180527086,
    3.770208450437E-04));
#1877 = DIRECTION('',(4.453277935694E-05,-0.999999998074,
    4.322956453647E-05));
#1878 = DIRECTION('',(-0.999999999008,-4.453277939855E-05,0.));
#1879 = PCURVE('',#1786,#1880);
#1880 = DEFINITIONAL_REPRESENTATION('',(#1881),#1885);
#1881 = LINE('',#1882,#1883);
#1882 = CARTESIAN_POINT('',(-4.135903062765E-25,-3.610511756819E-03));
#1883 = VECTOR('',#1884,1.);
#1884 = DIRECTION('',(-1.,-0.));
#1885 = ( GEOMETRIC_REPRESENTATION_CONTEXT(2) 
PARAMETRIC_REPRESENTATION_CONTEXT() REPRESENTATION_CONTEXT('2D SPACE',''
  ) );
#1886 = PCURVE('',#1887,#1892);
#1887 = PLANE('',#1888);
#1888 = AXIS2_PLACEMENT_3D('',#1889,#1890,#1891);
#1889 = CARTESIAN_POINT('',(-7.06717193954E-04,-29.50180527086,
    3.770208450437E-04));
#1890 = DIRECTION('',(-4.453277935694E-05,0.999999998074,
    -4.322956453647E-05));
#1891 = DIRECTION('',(0.999999999008,4.453277939855E-05,0.));
#1892 = DEFINITIONAL_REPRESENTATION('',(#1893),#1901);
#1893 = ( BOUNDED_CURVE() B_SPLINE_CURVE(2,(#1894,#1895,#1896,#1897,
#1898,#1899,#1900),.UNSPECIFIED.,.T.,.F.) B_SPLINE_CURVE_WITH_KNOTS((1,2
    ,2,2,2,1),(-2.094395102393,0.,2.094395102393,4.188790204786,
6.28318530718,8.377580409573),.UNSPECIFIED.) CURVE() 
GEOMETRIC_REPRESENTATION_ITEM() RATIONAL_B_SPLINE_CURVE((1.,0.5,1.,0.5,
1.,0.5,1.)) REPRESENTATION_ITEM('') );
#1894 = CARTESIAN_POINT('',(-5.998047172552,-2.168379531429E-19));
#1895 = CARTESIAN_POINT('',(-5.998047172552,10.388922449054));
#1896 = CARTESIAN_POINT('',(2.999023586276,5.194461224527));
#1897 = CARTESIAN_POINT('',(11.996094345103,1.468881008805E-15));
#1898 = CARTESIAN_POINT('',(2.999023586276,-5.194461224527));
#1899 = CARTESIAN_POINT('',(-5.998047172552,-10.38892244905));
#1900 = CARTESIAN_POINT('',(-5.998047172552,-2.168379531429E-19));
#1901 = ( GEOMETRIC_REPRESENTATION_CONTEXT(2) 
PARAMETRIC_REPRESENTATION_CONTEXT() REPRESENTATION_CONTEXT('2D SPACE',''
  ) );
#1902 = ADVANCED_FACE('',(#1903,#1934),#1887,.F.);
#1903 = FACE_BOUND('',#1904,.F.);
#1904 = EDGE_LOOP('',(#1905));
#1905 = ORIENTED_EDGE('',*,*,#1906,.T.);
#1906 = EDGE_CURVE('',#1907,#1907,#1909,.T.);
#1907 = VERTEX_POINT('',#1908);
#1908 = CARTESIAN_POINT('',(6.001246670261,-29.50153798719,
    3.770208450452E-04));
#1909 = SURFACE_CURVE('',#1910,(#1915,#1922),.PCURVE_S1.);
#1910 = CIRCLE('',#1911,6.001953393407);
#1911 = AXIS2_PLACEMENT_3D('',#1912,#1913,#1914);
#1912 = CARTESIAN_POINT('',(-7.06717193954E-04,-29.50180527086,
    3.770208450437E-04));
#1913 = DIRECTION('',(-4.453277935694E-05,0.999999998074,
    -4.322956453647E-05));
#1914 = DIRECTION('',(0.999999999008,4.453277939855E-05,0.));
#1915 = PCURVE('',#1887,#1916);
#1916 = DEFINITIONAL_REPRESENTATION('',(#1917),#1921);
#1917 = CIRCLE('',#1918,6.001953393407);
#1918 = AXIS2_PLACEMENT_2D('',#1919,#1920);
#1919 = CARTESIAN_POINT('',(0.,0.));
#1920 = DIRECTION('',(1.,0.));
#1921 = ( GEOMETRIC_REPRESENTATION_CONTEXT(2) 
PARAMETRIC_REPRESENTATION_CONTEXT() REPRESENTATION_CONTEXT('2D SPACE',''
  ) );
#1922 = PCURVE('',#1923,#1928);
#1923 = CONICAL_SURFACE('',#1924,6.001953393407,0.82489436374);
#1924 = AXIS2_PLACEMENT_3D('',#1925,#1926,#1927);
#1925 = CARTESIAN_POINT('',(-7.06717193954E-04,-29.50180527086,
    3.770208450437E-04));
#1926 = DIRECTION('',(4.453277935694E-05,-0.999999998074,
    4.322956453647E-05));
#1927 = DIRECTION('',(0.999999999008,4.453277939855E-05,0.));
#1928 = DEFINITIONAL_REPRESENTATION('',(#1929),#1933);
#1929 = LINE('',#1930,#1931);
#1930 = CARTESIAN_POINT('',(-0.,-0.));
#1931 = VECTOR('',#1932,1.);
#1932 = DIRECTION('',(-1.,-0.));
#1933 = ( GEOMETRIC_REPRESENTATION_CONTEXT(2) 
PARAMETRIC_REPRESENTATION_CONTEXT() REPRESENTATION_CONTEXT('2D SPACE',''
  ) );
#1934 = FACE_BOUND('',#1935,.F.);
#1935 = EDGE_LOOP('',(#1936));
#1936 = ORIENTED_EDGE('',*,*,#1872,.T.);
#1937 = ADVANCED_FACE('',(#1938),#1923,.T.);
#1938 = FACE_BOUND('',#1939,.T.);
#1939 = EDGE_LOOP('',(#1940,#1971,#1992,#1993,#1994));
#1940 = ORIENTED_EDGE('',*,*,#1941,.T.);
#1941 = EDGE_CURVE('',#1942,#1944,#1946,.T.);
#1942 = VERTEX_POINT('',#1943);
#1943 = CARTESIAN_POINT('',(-6.000707075149,-29.50026785083,
    3.769428322501E-04));
#1944 = VERTEX_POINT('',#1945);
#1945 = CARTESIAN_POINT('',(5.999293480032,-29.49973345745,
    3.769428322501E-04));
#1946 = SURFACE_CURVE('',#1947,(#1952,#1959),.PCURVE_S1.);
#1947 = CIRCLE('',#1948,6.00000028354);
#1948 = AXIS2_PLACEMENT_3D('',#1949,#1950,#1951);
#1949 = CARTESIAN_POINT('',(-7.067975585524E-04,-29.50000065414,
    3.769428322487E-04));
#1950 = DIRECTION('',(4.453277935694E-05,-0.999999998074,
    4.322956453647E-05));
#1951 = DIRECTION('',(0.999999999008,4.453277939855E-05,0.));
#1952 = PCURVE('',#1923,#1953);
#1953 = DEFINITIONAL_REPRESENTATION('',(#1954),#1958);
#1954 = LINE('',#1955,#1956);
#1955 = CARTESIAN_POINT('',(-6.28318530718,-1.804616722191E-03));
#1956 = VECTOR('',#1957,1.);
#1957 = DIRECTION('',(1.,-0.));
#1958 = ( GEOMETRIC_REPRESENTATION_CONTEXT(2) 
PARAMETRIC_REPRESENTATION_CONTEXT() REPRESENTATION_CONTEXT('2D SPACE',''
  ) );
#1959 = PCURVE('',#1960,#1965);
#1960 = CONICAL_SURFACE('',#1961,6.001954778028,0.824894650123);
#1961 = AXIS2_PLACEMENT_3D('',#1962,#1963,#1964);
#1962 = CARTESIAN_POINT('',(-7.068779800775E-04,-29.49819475911,
    3.768647641927E-04));
#1963 = DIRECTION('',(-4.453277935694E-05,0.999999998074,
    -4.322956453647E-05));
#1964 = DIRECTION('',(-0.999999999008,-4.453277939855E-05,0.));
#1965 = DEFINITIONAL_REPRESENTATION('',(#1966),#1970);
#1966 = LINE('',#1967,#1968);
#1967 = CARTESIAN_POINT('',(3.14159265359,-1.805895034629E-03));
#1968 = VECTOR('',#1969,1.);
#1969 = DIRECTION('',(-1.,-0.));
#1970 = ( GEOMETRIC_REPRESENTATION_CONTEXT(2) 
PARAMETRIC_REPRESENTATION_CONTEXT() REPRESENTATION_CONTEXT('2D SPACE',''
  ) );
#1971 = ORIENTED_EDGE('',*,*,#1972,.F.);
#1972 = EDGE_CURVE('',#1907,#1944,#1973,.T.);
#1973 = SEAM_CURVE('',#1974,(#1978,#1985),.PCURVE_S1.);
#1974 = LINE('',#1975,#1976);
#1975 = CARTESIAN_POINT('',(6.001246670261,-29.50153798719,
    3.770208450452E-04));
#1976 = VECTOR('',#1977,1.);
#1977 = DIRECTION('',(-0.734506318683,0.678601847149,-2.933707636651E-05
    ));
#1978 = PCURVE('',#1923,#1979);
#1979 = DEFINITIONAL_REPRESENTATION('',(#1980),#1984);
#1980 = LINE('',#1981,#1982);
#1981 = CARTESIAN_POINT('',(-6.28318530718,0.));
#1982 = VECTOR('',#1983,1.);
#1983 = DIRECTION('',(-0.,-1.));
#1984 = ( GEOMETRIC_REPRESENTATION_CONTEXT(2) 
PARAMETRIC_REPRESENTATION_CONTEXT() REPRESENTATION_CONTEXT('2D SPACE',''
  ) );
#1985 = PCURVE('',#1923,#1986);
#1986 = DEFINITIONAL_REPRESENTATION('',(#1987),#1991);
#1987 = LINE('',#1988,#1989);
#1988 = CARTESIAN_POINT('',(0.,-0.));
#1989 = VECTOR('',#1990,1.);
#1990 = DIRECTION('',(-0.,-1.));
#1991 = ( GEOMETRIC_REPRESENTATION_CONTEXT(2) 
PARAMETRIC_REPRESENTATION_CONTEXT() REPRESENTATION_CONTEXT('2D SPACE',''
  ) );
#1992 = ORIENTED_EDGE('',*,*,#1906,.T.);
#1993 = ORIENTED_EDGE('',*,*,#1972,.T.);
#1994 = ORIENTED_EDGE('',*,*,#1995,.T.);
#1995 = EDGE_CURVE('',#1944,#1942,#1996,.T.);
#1996 = SURFACE_CURVE('',#1997,(#2002,#2009),.PCURVE_S1.);
#1997 = CIRCLE('',#1998,6.00000028354);
#1998 = AXIS2_PLACEMENT_3D('',#1999,#2000,#2001);
#1999 = CARTESIAN_POINT('',(-7.067975585524E-04,-29.50000065414,
    3.769428322487E-04));
#2000 = DIRECTION('',(4.453277935694E-05,-0.999999998074,
    4.322956453647E-05));
#2001 = DIRECTION('',(0.999999999008,4.453277939855E-05,0.));
#2002 = PCURVE('',#1923,#2003);
#2003 = DEFINITIONAL_REPRESENTATION('',(#2004),#2008);
#2004 = LINE('',#2005,#2006);
#2005 = CARTESIAN_POINT('',(-6.28318530718,-1.804616722191E-03));
#2006 = VECTOR('',#2007,1.);
#2007 = DIRECTION('',(1.,-0.));
#2008 = ( GEOMETRIC_REPRESENTATION_CONTEXT(2) 
PARAMETRIC_REPRESENTATION_CONTEXT() REPRESENTATION_CONTEXT('2D SPACE',''
  ) );
#2009 = PCURVE('',#1960,#2010);
#2010 = DEFINITIONAL_REPRESENTATION('',(#2011),#2015);
#2011 = LINE('',#2012,#2013);
#2012 = CARTESIAN_POINT('',(-3.14159265359,-1.805895034629E-03));
#2013 = VECTOR('',#2014,1.);
#2014 = DIRECTION('',(-1.,-0.));
#2015 = ( GEOMETRIC_REPRESENTATION_CONTEXT(2) 
PARAMETRIC_REPRESENTATION_CONTEXT() REPRESENTATION_CONTEXT('2D SPACE',''
  ) );
#2016 = ADVANCED_FACE('',(#2017),#1960,.T.);
#2017 = FACE_BOUND('',#2018,.T.);
#2018 = EDGE_LOOP('',(#2019,#2020,#2043,#2070,#2071));
#2019 = ORIENTED_EDGE('',*,*,#1941,.F.);
#2020 = ORIENTED_EDGE('',*,*,#2021,.F.);
#2021 = EDGE_CURVE('',#2022,#1942,#2024,.T.);
#2022 = VERTEX_POINT('',#2023);
#2023 = CARTESIAN_POINT('',(-6.002661650057,-29.49846204284,
    3.768647641942E-04));
#2024 = SEAM_CURVE('',#2025,(#2029,#2036),.PCURVE_S1.);
#2025 = LINE('',#2026,#2027);
#2026 = CARTESIAN_POINT('',(-6.002661650057,-29.49846204284,
    3.768647641942E-04));
#2027 = VECTOR('',#2028,1.);
#2028 = DIRECTION('',(0.734506513023,-0.678601636799,2.933706727317E-05)
  );
#2029 = PCURVE('',#1960,#2030);
#2030 = DEFINITIONAL_REPRESENTATION('',(#2031),#2035);
#2031 = LINE('',#2032,#2033);
#2032 = CARTESIAN_POINT('',(-6.28318530718,0.));
#2033 = VECTOR('',#2034,1.);
#2034 = DIRECTION('',(-0.,-1.));
#2035 = ( GEOMETRIC_REPRESENTATION_CONTEXT(2) 
PARAMETRIC_REPRESENTATION_CONTEXT() REPRESENTATION_CONTEXT('2D SPACE',''
  ) );
#2036 = PCURVE('',#1960,#2037);
#2037 = DEFINITIONAL_REPRESENTATION('',(#2038),#2042);
#2038 = LINE('',#2039,#2040);
#2039 = CARTESIAN_POINT('',(0.,-0.));
#2040 = VECTOR('',#2041,1.);
#2041 = DIRECTION('',(-0.,-1.));
#2042 = ( GEOMETRIC_REPRESENTATION_CONTEXT(2) 
PARAMETRIC_REPRESENTATION_CONTEXT() REPRESENTATION_CONTEXT('2D SPACE',''
  ) );
#2043 = ORIENTED_EDGE('',*,*,#2044,.T.);
#2044 = EDGE_CURVE('',#2022,#2022,#2045,.T.);
#2045 = SURFACE_CURVE('',#2046,(#2051,#2058),.PCURVE_S1.);
#2046 = CIRCLE('',#2047,6.001954778028);
#2047 = AXIS2_PLACEMENT_3D('',#2048,#2049,#2050);
#2048 = CARTESIAN_POINT('',(-7.068779800775E-04,-29.49819475911,
    3.768647641927E-04));
#2049 = DIRECTION('',(4.453277935694E-05,-0.999999998074,
    4.322956453647E-05));
#2050 = DIRECTION('',(-0.999999999008,-4.453277939855E-05,0.));
#2051 = PCURVE('',#1960,#2052);
#2052 = DEFINITIONAL_REPRESENTATION('',(#2053),#2057);
#2053 = LINE('',#2054,#2055);
#2054 = CARTESIAN_POINT('',(-0.,-0.));
#2055 = VECTOR('',#2056,1.);
#2056 = DIRECTION('',(-1.,-0.));
#2057 = ( GEOMETRIC_REPRESENTATION_CONTEXT(2) 
PARAMETRIC_REPRESENTATION_CONTEXT() REPRESENTATION_CONTEXT('2D SPACE',''
  ) );
#2058 = PCURVE('',#2059,#2064);
#2059 = PLANE('',#2060);
#2060 = AXIS2_PLACEMENT_3D('',#2061,#2062,#2063);
#2061 = CARTESIAN_POINT('',(-7.068779800775E-04,-29.49819475911,
    3.768647641927E-04));
#2062 = DIRECTION('',(4.453277935694E-05,-0.999999998074,
    4.322956453647E-05));
#2063 = DIRECTION('',(-0.999999999008,-4.453277939855E-05,0.));
#2064 = DEFINITIONAL_REPRESENTATION('',(#2065),#2069);
#2065 = CIRCLE('',#2066,6.001954778028);
#2066 = AXIS2_PLACEMENT_2D('',#2067,#2068);
#2067 = CARTESIAN_POINT('',(0.,0.));
#2068 = DIRECTION('',(1.,0.));
#2069 = ( GEOMETRIC_REPRESENTATION_CONTEXT(2) 
PARAMETRIC_REPRESENTATION_CONTEXT() REPRESENTATION_CONTEXT('2D SPACE',''
  ) );
#2070 = ORIENTED_EDGE('',*,*,#2021,.T.);
#2071 = ORIENTED_EDGE('',*,*,#1995,.F.);
#2072 = ADVANCED_FACE('',(#2073,#2076),#2059,.F.);
#2073 = FACE_BOUND('',#2074,.F.);
#2074 = EDGE_LOOP('',(#2075));
#2075 = ORIENTED_EDGE('',*,*,#2044,.T.);
#2076 = FACE_BOUND('',#2077,.F.);
#2077 = EDGE_LOOP('',(#2078));
#2078 = ORIENTED_EDGE('',*,*,#2079,.T.);
#2079 = EDGE_CURVE('',#2080,#2080,#2082,.T.);
#2080 = VERTEX_POINT('',#2081);
#2081 = CARTESIAN_POINT('',(5.997338906248,-29.49792764946,
    3.768647641942E-04));
#2082 = SURFACE_CURVE('',#2083,(#2088,#2099),.PCURVE_S1.);
#2083 = CIRCLE('',#2084,5.998045790175);
#2084 = AXIS2_PLACEMENT_3D('',#2085,#2086,#2087);
#2085 = CARTESIAN_POINT('',(-7.068779800775E-04,-29.49819475911,
    3.768647641927E-04));
#2086 = DIRECTION('',(-4.453277935694E-05,0.999999998074,
    -4.322956453647E-05));
#2087 = DIRECTION('',(0.999999999008,4.453277939855E-05,0.));
#2088 = PCURVE('',#2059,#2089);
#2089 = DEFINITIONAL_REPRESENTATION('',(#2090),#2098);
#2090 = ( BOUNDED_CURVE() B_SPLINE_CURVE(2,(#2091,#2092,#2093,#2094,
#2095,#2096,#2097),.UNSPECIFIED.,.T.,.F.) B_SPLINE_CURVE_WITH_KNOTS((1,2
    ,2,2,2,1),(-2.094395102393,0.,2.094395102393,4.188790204786,
6.28318530718,8.377580409573),.UNSPECIFIED.) CURVE() 
GEOMETRIC_REPRESENTATION_ITEM() RATIONAL_B_SPLINE_CURVE((1.,0.5,1.,0.5,
1.,0.5,1.)) REPRESENTATION_ITEM('') );
#2091 = CARTESIAN_POINT('',(-5.998045790175,2.168379531434E-19));
#2092 = CARTESIAN_POINT('',(-5.998045790175,10.388920054708));
#2093 = CARTESIAN_POINT('',(2.999022895088,5.194460027354));
#2094 = CARTESIAN_POINT('',(11.996091580351,1.469314361011E-15));
#2095 = CARTESIAN_POINT('',(2.999022895088,-5.194460027354));
#2096 = CARTESIAN_POINT('',(-5.998045790175,-10.3889200547));
#2097 = CARTESIAN_POINT('',(-5.998045790175,2.168379531434E-19));
#2098 = ( GEOMETRIC_REPRESENTATION_CONTEXT(2) 
PARAMETRIC_REPRESENTATION_CONTEXT() REPRESENTATION_CONTEXT('2D SPACE',''
  ) );
#2099 = PCURVE('',#2100,#2105);
#2100 = CONICAL_SURFACE('',#2101,6.001953393407,0.82489436374);
#2101 = AXIS2_PLACEMENT_3D('',#2102,#2103,#2104);
#2102 = CARTESIAN_POINT('',(-7.06717193954E-04,-29.50180527086,
    3.770208450437E-04));
#2103 = DIRECTION('',(4.453277935694E-05,-0.999999998074,
    4.322956453647E-05));
#2104 = DIRECTION('',(0.999999999008,4.453277939855E-05,0.));
#2105 = DEFINITIONAL_REPRESENTATION('',(#2106),#2110);
#2106 = LINE('',#2107,#2108);
#2107 = CARTESIAN_POINT('',(-0.,-3.610511756819E-03));
#2108 = VECTOR('',#2109,1.);
#2109 = DIRECTION('',(-1.,-0.));
#2110 = ( GEOMETRIC_REPRESENTATION_CONTEXT(2) 
PARAMETRIC_REPRESENTATION_CONTEXT() REPRESENTATION_CONTEXT('2D SPACE',''
  ) );
#2111 = ADVANCED_FACE('',(#2112),#2100,.T.);
#2112 = FACE_BOUND('',#2113,.T.);
#2113 = EDGE_LOOP('',(#2114,#2145,#2166,#2167,#2168));
#2114 = ORIENTED_EDGE('',*,*,#2115,.T.);
#2115 = EDGE_CURVE('',#2116,#2118,#2120,.T.);
#2116 = VERTEX_POINT('',#2117);
#2117 = CARTESIAN_POINT('',(-5.053746000747,-28.62522517932,
    3.391169416374E-04));
#2118 = VERTEX_POINT('',#2119);
#2119 = CARTESIAN_POINT('',(5.052254473221,-28.62477513103,
    3.391169416374E-04));
#2120 = SURFACE_CURVE('',#2121,(#2126,#2133),.PCURVE_S1.);
#2121 = CIRCLE('',#2122,5.053000241995);
#2122 = AXIS2_PLACEMENT_3D('',#2123,#2124,#2125);
#2123 = CARTESIAN_POINT('',(-7.457637627852E-04,-28.62500015517,
    3.391169416362E-04));
#2124 = DIRECTION('',(4.453277935694E-05,-0.999999998074,
    4.322956453647E-05));
#2125 = DIRECTION('',(0.999999999008,4.453277939855E-05,0.));
#2126 = PCURVE('',#2100,#2127);
#2127 = DEFINITIONAL_REPRESENTATION('',(#2128),#2132);
#2128 = LINE('',#2129,#2130);
#2129 = CARTESIAN_POINT('',(-6.28318530718,-0.876805117377));
#2130 = VECTOR('',#2131,1.);
#2131 = DIRECTION('',(1.,-0.));
#2132 = ( GEOMETRIC_REPRESENTATION_CONTEXT(2) 
PARAMETRIC_REPRESENTATION_CONTEXT() REPRESENTATION_CONTEXT('2D SPACE',''
  ) );
#2133 = PCURVE('',#2134,#2139);
#2134 = CONICAL_SURFACE('',#2135,6.001954132536,0.824894596535);
#2135 = AXIS2_PLACEMENT_3D('',#2136,#2137,#2138);
#2136 = CARTESIAN_POINT('',(-7.848103437928E-04,-27.74819476606,
    3.012130264085E-04));
#2137 = DIRECTION('',(-4.453277935694E-05,0.999999998074,
    -4.322956453647E-05));
#2138 = DIRECTION('',(-0.999999999008,-4.453277939855E-05,0.));
#2139 = DEFINITIONAL_REPRESENTATION('',(#2140),#2144);
#2140 = LINE('',#2141,#2142);
#2141 = CARTESIAN_POINT('',(3.14159265359,-0.876805390803));
#2142 = VECTOR('',#2143,1.);
#2143 = DIRECTION('',(-1.,-0.));
#2144 = ( GEOMETRIC_REPRESENTATION_CONTEXT(2) 
PARAMETRIC_REPRESENTATION_CONTEXT() REPRESENTATION_CONTEXT('2D SPACE',''
  ) );
#2145 = ORIENTED_EDGE('',*,*,#2146,.F.);
#2146 = EDGE_CURVE('',#2080,#2118,#2147,.T.);
#2147 = SEAM_CURVE('',#2148,(#2152,#2159),.PCURVE_S1.);
#2148 = LINE('',#2149,#2150);
#2149 = CARTESIAN_POINT('',(6.001246670261,-29.50153798719,
    3.770208450452E-04));
#2150 = VECTOR('',#2151,1.);
#2151 = DIRECTION('',(-0.734506318683,0.678601847149,-2.933707636651E-05
    ));
#2152 = PCURVE('',#2100,#2153);
#2153 = DEFINITIONAL_REPRESENTATION('',(#2154),#2158);
#2154 = LINE('',#2155,#2156);
#2155 = CARTESIAN_POINT('',(-6.28318530718,0.));
#2156 = VECTOR('',#2157,1.);
#2157 = DIRECTION('',(-0.,-1.));
#2158 = ( GEOMETRIC_REPRESENTATION_CONTEXT(2) 
PARAMETRIC_REPRESENTATION_CONTEXT() REPRESENTATION_CONTEXT('2D SPACE',''
  ) );
#2159 = PCURVE('',#2100,#2160);
#2160 = DEFINITIONAL_REPRESENTATION('',(#2161),#2165);
#2161 = LINE('',#2162,#2163);
#2162 = CARTESIAN_POINT('',(0.,-0.));
#2163 = VECTOR('',#2164,1.);
#2164 = DIRECTION('',(-0.,-1.));
#2165 = ( GEOMETRIC_REPRESENTATION_CONTEXT(2) 
PARAMETRIC_REPRESENTATION_CONTEXT() REPRESENTATION_CONTEXT('2D SPACE',''
  ) );
#2166 = ORIENTED_EDGE('',*,*,#2079,.T.);
#2167 = ORIENTED_EDGE('',*,*,#2146,.T.);
#2168 = ORIENTED_EDGE('',*,*,#2169,.T.);
#2169 = EDGE_CURVE('',#2118,#2116,#2170,.T.);
#2170 = SURFACE_CURVE('',#2171,(#2176,#2183),.PCURVE_S1.);
#2171 = CIRCLE('',#2172,5.053000241995);
#2172 = AXIS2_PLACEMENT_3D('',#2173,#2174,#2175);
#2173 = CARTESIAN_POINT('',(-7.457637627852E-04,-28.62500015517,
    3.391169416362E-04));
#2174 = DIRECTION('',(4.453277935694E-05,-0.999999998074,
    4.322956453647E-05));
#2175 = DIRECTION('',(0.999999999008,4.453277939855E-05,0.));
#2176 = PCURVE('',#2100,#2177);
#2177 = DEFINITIONAL_REPRESENTATION('',(#2178),#2182);
#2178 = LINE('',#2179,#2180);
#2179 = CARTESIAN_POINT('',(-6.28318530718,-0.876805117377));
#2180 = VECTOR('',#2181,1.);
#2181 = DIRECTION('',(1.,-0.));
#2182 = ( GEOMETRIC_REPRESENTATION_CONTEXT(2) 
PARAMETRIC_REPRESENTATION_CONTEXT() REPRESENTATION_CONTEXT('2D SPACE',''
  ) );
#2183 = PCURVE('',#2134,#2184);
#2184 = DEFINITIONAL_REPRESENTATION('',(#2185),#2189);
#2185 = LINE('',#2186,#2187);
#2186 = CARTESIAN_POINT('',(-3.14159265359,-0.876805390803));
#2187 = VECTOR('',#2188,1.);
#2188 = DIRECTION('',(-1.,-0.));
#2189 = ( GEOMETRIC_REPRESENTATION_CONTEXT(2) 
PARAMETRIC_REPRESENTATION_CONTEXT() REPRESENTATION_CONTEXT('2D SPACE',''
  ) );
#2190 = ADVANCED_FACE('',(#2191),#2134,.T.);
#2191 = FACE_BOUND('',#2192,.T.);
#2192 = EDGE_LOOP('',(#2193,#2226,#2247,#2248,#2249));
#2193 = ORIENTED_EDGE('',*,*,#2194,.T.);
#2194 = EDGE_CURVE('',#2195,#2195,#2197,.T.);
#2195 = VERTEX_POINT('',#2196);
#2196 = CARTESIAN_POINT('',(-5.998831171259,-27.75207238733,
    3.013691072543E-04));
#2197 = SURFACE_CURVE('',#2198,(#2203,#2210),.PCURVE_S1.);
#2198 = CIRCLE('',#2199,5.998046527649);
#2199 = AXIS2_PLACEMENT_3D('',#2200,#2201,#2202);
#2200 = CARTESIAN_POINT('',(-7.846495576763E-04,-27.75180527765,
    3.013691072528E-04));
#2201 = DIRECTION('',(4.453277935694E-05,-0.999999998074,
    4.322956453647E-05));
#2202 = DIRECTION('',(-0.999999999008,-4.453277939855E-05,0.));
#2203 = PCURVE('',#2134,#2204);
#2204 = DEFINITIONAL_REPRESENTATION('',(#2205),#2209);
#2205 = LINE('',#2206,#2207);
#2206 = CARTESIAN_POINT('',(-4.135903062765E-25,-3.610511600898E-03));
#2207 = VECTOR('',#2208,1.);
#2208 = DIRECTION('',(-1.,-0.));
#2209 = ( GEOMETRIC_REPRESENTATION_CONTEXT(2) 
PARAMETRIC_REPRESENTATION_CONTEXT() REPRESENTATION_CONTEXT('2D SPACE',''
  ) );
#2210 = PCURVE('',#2211,#2216);
#2211 = PLANE('',#2212);
#2212 = AXIS2_PLACEMENT_3D('',#2213,#2214,#2215);
#2213 = CARTESIAN_POINT('',(-7.846495576763E-04,-27.75180527765,
    3.013691072528E-04));
#2214 = DIRECTION('',(-4.453277935694E-05,0.999999998074,
    -4.322956453647E-05));
#2215 = DIRECTION('',(0.999999999008,4.453277939855E-05,0.));
#2216 = DEFINITIONAL_REPRESENTATION('',(#2217),#2225);
#2217 = ( BOUNDED_CURVE() B_SPLINE_CURVE(2,(#2218,#2219,#2220,#2221,
#2222,#2223,#2224),.UNSPECIFIED.,.T.,.F.) B_SPLINE_CURVE_WITH_KNOTS((1,2
    ,2,2,2,1),(-2.094395102393,0.,2.094395102393,4.188790204786,
6.28318530718,8.377580409573),.UNSPECIFIED.) CURVE() 
GEOMETRIC_REPRESENTATION_ITEM() RATIONAL_B_SPLINE_CURVE((1.,0.5,1.,0.5,
1.,0.5,1.)) REPRESENTATION_ITEM('') );
#2218 = CARTESIAN_POINT('',(-5.998046527649,-6.325568782938E-20));
#2219 = CARTESIAN_POINT('',(-5.998046527649,10.388921332049));
#2220 = CARTESIAN_POINT('',(2.999023263824,5.194460666025));
#2221 = CARTESIAN_POINT('',(11.996093055297,1.469034433114E-15));
#2222 = CARTESIAN_POINT('',(2.999023263824,-5.194460666025));
#2223 = CARTESIAN_POINT('',(-5.998046527649,-10.38892133204));
#2224 = CARTESIAN_POINT('',(-5.998046527649,-6.325568782938E-20));
#2225 = ( GEOMETRIC_REPRESENTATION_CONTEXT(2) 
PARAMETRIC_REPRESENTATION_CONTEXT() REPRESENTATION_CONTEXT('2D SPACE',''
  ) );
#2226 = ORIENTED_EDGE('',*,*,#2227,.T.);
#2227 = EDGE_CURVE('',#2195,#2116,#2228,.T.);
#2228 = SEAM_CURVE('',#2229,(#2233,#2240),.PCURVE_S1.);
#2229 = LINE('',#2230,#2231);
#2230 = CARTESIAN_POINT('',(-6.002738936928,-27.74846204976,
    3.0121302641E-04));
#2231 = VECTOR('',#2232,1.);
#2232 = DIRECTION('',(0.734506476658,-0.67860167616,2.933706897466E-05)
  );
#2233 = PCURVE('',#2134,#2234);
#2234 = DEFINITIONAL_REPRESENTATION('',(#2235),#2239);
#2235 = LINE('',#2236,#2237);
#2236 = CARTESIAN_POINT('',(0.,-0.));
#2237 = VECTOR('',#2238,1.);
#2238 = DIRECTION('',(-0.,-1.));
#2239 = ( GEOMETRIC_REPRESENTATION_CONTEXT(2) 
PARAMETRIC_REPRESENTATION_CONTEXT() REPRESENTATION_CONTEXT('2D SPACE',''
  ) );
#2240 = PCURVE('',#2134,#2241);
#2241 = DEFINITIONAL_REPRESENTATION('',(#2242),#2246);
#2242 = LINE('',#2243,#2244);
#2243 = CARTESIAN_POINT('',(-6.28318530718,0.));
#2244 = VECTOR('',#2245,1.);
#2245 = DIRECTION('',(-0.,-1.));
#2246 = ( GEOMETRIC_REPRESENTATION_CONTEXT(2) 
PARAMETRIC_REPRESENTATION_CONTEXT() REPRESENTATION_CONTEXT('2D SPACE',''
  ) );
#2247 = ORIENTED_EDGE('',*,*,#2169,.F.);
#2248 = ORIENTED_EDGE('',*,*,#2115,.F.);
#2249 = ORIENTED_EDGE('',*,*,#2227,.F.);
#2250 = ADVANCED_FACE('',(#2251,#2282),#2211,.F.);
#2251 = FACE_BOUND('',#2252,.F.);
#2252 = EDGE_LOOP('',(#2253));
#2253 = ORIENTED_EDGE('',*,*,#2254,.T.);
#2254 = EDGE_CURVE('',#2255,#2255,#2257,.T.);
#2255 = VERTEX_POINT('',#2256);
#2256 = CARTESIAN_POINT('',(6.001168958241,-27.75153799397,
    3.013691072543E-04));
#2257 = SURFACE_CURVE('',#2258,(#2263,#2270),.PCURVE_S1.);
#2258 = CIRCLE('',#2259,6.00195361375);
#2259 = AXIS2_PLACEMENT_3D('',#2260,#2261,#2262);
#2260 = CARTESIAN_POINT('',(-7.846495576763E-04,-27.75180527765,
    3.013691072528E-04));
#2261 = DIRECTION('',(-4.453277935694E-05,0.999999998074,
    -4.322956453647E-05));
#2262 = DIRECTION('',(0.999999999008,4.453277939855E-05,0.));
#2263 = PCURVE('',#2211,#2264);
#2264 = DEFINITIONAL_REPRESENTATION('',(#2265),#2269);
#2265 = CIRCLE('',#2266,6.00195361375);
#2266 = AXIS2_PLACEMENT_2D('',#2267,#2268);
#2267 = CARTESIAN_POINT('',(0.,0.));
#2268 = DIRECTION('',(1.,0.));
#2269 = ( GEOMETRIC_REPRESENTATION_CONTEXT(2) 
PARAMETRIC_REPRESENTATION_CONTEXT() REPRESENTATION_CONTEXT('2D SPACE',''
  ) );
#2270 = PCURVE('',#2271,#2276);
#2271 = CONICAL_SURFACE('',#2272,6.00195361375,0.824894382033);
#2272 = AXIS2_PLACEMENT_3D('',#2273,#2274,#2275);
#2273 = CARTESIAN_POINT('',(-7.846495576763E-04,-27.75180527765,
    3.013691072528E-04));
#2274 = DIRECTION('',(4.453277935694E-05,-0.999999998074,
    4.322956453647E-05));
#2275 = DIRECTION('',(0.999999999008,4.453277939855E-05,0.));
#2276 = DEFINITIONAL_REPRESENTATION('',(#2277),#2281);
#2277 = LINE('',#2278,#2279);
#2278 = CARTESIAN_POINT('',(-0.,-0.));
#2279 = VECTOR('',#2280,1.);
#2280 = DIRECTION('',(-1.,-0.));
#2281 = ( GEOMETRIC_REPRESENTATION_CONTEXT(2) 
PARAMETRIC_REPRESENTATION_CONTEXT() REPRESENTATION_CONTEXT('2D SPACE',''
  ) );
#2282 = FACE_BOUND('',#2283,.F.);
#2283 = EDGE_LOOP('',(#2284));
#2284 = ORIENTED_EDGE('',*,*,#2194,.T.);
#2285 = ADVANCED_FACE('',(#2286),#2271,.T.);
#2286 = FACE_BOUND('',#2287,.T.);
#2287 = EDGE_LOOP('',(#2288,#2319,#2340,#2341,#2342));
#2288 = ORIENTED_EDGE('',*,*,#2289,.T.);
#2289 = EDGE_CURVE('',#2290,#2292,#2294,.T.);
#2290 = VERTEX_POINT('',#2291);
#2291 = CARTESIAN_POINT('',(-6.00078479511,-27.75026745782,
    3.012910771762E-04));
#2292 = VERTEX_POINT('',#2293);
#2293 = CARTESIAN_POINT('',(5.99921533523,-27.74973306446,
    3.012910771762E-04));
#2294 = SURFACE_CURVE('',#2295,(#2300,#2307),.PCURVE_S1.);
#2295 = CIRCLE('',#2296,6.00000007112);
#2296 = AXIS2_PLACEMENT_3D('',#2297,#2298,#2299);
#2297 = CARTESIAN_POINT('',(-7.847299400786E-04,-27.75000026114,
    3.012910771748E-04));
#2298 = DIRECTION('',(4.453277935694E-05,-0.999999998074,
    4.322956453647E-05));
#2299 = DIRECTION('',(0.999999999008,4.453277939855E-05,0.));
#2300 = PCURVE('',#2271,#2301);
#2301 = DEFINITIONAL_REPRESENTATION('',(#2302),#2306);
#2302 = LINE('',#2303,#2304);
#2303 = CARTESIAN_POINT('',(-6.28318530718,-1.805016517286E-03));
#2304 = VECTOR('',#2305,1.);
#2305 = DIRECTION('',(1.,-0.));
#2306 = ( GEOMETRIC_REPRESENTATION_CONTEXT(2) 
PARAMETRIC_REPRESENTATION_CONTEXT() REPRESENTATION_CONTEXT('2D SPACE',''
  ) );
#2307 = PCURVE('',#2308,#2313);
#2308 = CONICAL_SURFACE('',#2309,6.001954132536,0.824894596535);
#2309 = AXIS2_PLACEMENT_3D('',#2310,#2311,#2312);
#2310 = CARTESIAN_POINT('',(-7.848103437928E-04,-27.74819476606,
    3.012130264085E-04));
#2311 = DIRECTION('',(-4.453277935694E-05,0.999999998074,
    -4.322956453647E-05));
#2312 = DIRECTION('',(-0.999999999008,-4.453277939855E-05,0.));
#2313 = DEFINITIONAL_REPRESENTATION('',(#2314),#2318);
#2314 = LINE('',#2315,#2316);
#2315 = CARTESIAN_POINT('',(3.14159265359,-1.805495083608E-03));
#2316 = VECTOR('',#2317,1.);
#2317 = DIRECTION('',(-1.,-0.));
#2318 = ( GEOMETRIC_REPRESENTATION_CONTEXT(2) 
PARAMETRIC_REPRESENTATION_CONTEXT() REPRESENTATION_CONTEXT('2D SPACE',''
  ) );
#2319 = ORIENTED_EDGE('',*,*,#2320,.F.);
#2320 = EDGE_CURVE('',#2255,#2292,#2321,.T.);
#2321 = SEAM_CURVE('',#2322,(#2326,#2333),.PCURVE_S1.);
#2322 = LINE('',#2323,#2324);
#2323 = CARTESIAN_POINT('',(6.001168958241,-27.75153799397,
    3.013691072543E-04));
#2324 = VECTOR('',#2325,1.);
#2325 = DIRECTION('',(-0.734506331097,0.678601833713,-2.933707578569E-05
    ));
#2326 = PCURVE('',#2271,#2327);
#2327 = DEFINITIONAL_REPRESENTATION('',(#2328),#2332);
#2328 = LINE('',#2329,#2330);
#2329 = CARTESIAN_POINT('',(-6.28318530718,0.));
#2330 = VECTOR('',#2331,1.);
#2331 = DIRECTION('',(-0.,-1.));
#2332 = ( GEOMETRIC_REPRESENTATION_CONTEXT(2) 
PARAMETRIC_REPRESENTATION_CONTEXT() REPRESENTATION_CONTEXT('2D SPACE',''
  ) );
#2333 = PCURVE('',#2271,#2334);
#2334 = DEFINITIONAL_REPRESENTATION('',(#2335),#2339);
#2335 = LINE('',#2336,#2337);
#2336 = CARTESIAN_POINT('',(0.,-0.));
#2337 = VECTOR('',#2338,1.);
#2338 = DIRECTION('',(-0.,-1.));
#2339 = ( GEOMETRIC_REPRESENTATION_CONTEXT(2) 
PARAMETRIC_REPRESENTATION_CONTEXT() REPRESENTATION_CONTEXT('2D SPACE',''
  ) );
#2340 = ORIENTED_EDGE('',*,*,#2254,.T.);
#2341 = ORIENTED_EDGE('',*,*,#2320,.T.);
#2342 = ORIENTED_EDGE('',*,*,#2343,.T.);
#2343 = EDGE_CURVE('',#2292,#2290,#2344,.T.);
#2344 = SURFACE_CURVE('',#2345,(#2350,#2357),.PCURVE_S1.);
#2345 = CIRCLE('',#2346,6.00000007112);
#2346 = AXIS2_PLACEMENT_3D('',#2347,#2348,#2349);
#2347 = CARTESIAN_POINT('',(-7.847299400786E-04,-27.75000026114,
    3.012910771748E-04));
#2348 = DIRECTION('',(4.453277935694E-05,-0.999999998074,
    4.322956453647E-05));
#2349 = DIRECTION('',(0.999999999008,4.453277939855E-05,0.));
#2350 = PCURVE('',#2271,#2351);
#2351 = DEFINITIONAL_REPRESENTATION('',(#2352),#2356);
#2352 = LINE('',#2353,#2354);
#2353 = CARTESIAN_POINT('',(-6.28318530718,-1.805016517286E-03));
#2354 = VECTOR('',#2355,1.);
#2355 = DIRECTION('',(1.,-0.));
#2356 = ( GEOMETRIC_REPRESENTATION_CONTEXT(2) 
PARAMETRIC_REPRESENTATION_CONTEXT() REPRESENTATION_CONTEXT('2D SPACE',''
  ) );
#2357 = PCURVE('',#2308,#2358);
#2358 = DEFINITIONAL_REPRESENTATION('',(#2359),#2363);
#2359 = LINE('',#2360,#2361);
#2360 = CARTESIAN_POINT('',(-3.14159265359,-1.805495083608E-03));
#2361 = VECTOR('',#2362,1.);
#2362 = DIRECTION('',(-1.,-0.));
#2363 = ( GEOMETRIC_REPRESENTATION_CONTEXT(2) 
PARAMETRIC_REPRESENTATION_CONTEXT() REPRESENTATION_CONTEXT('2D SPACE',''
  ) );
#2364 = ADVANCED_FACE('',(#2365),#2308,.T.);
#2365 = FACE_BOUND('',#2366,.T.);
#2366 = EDGE_LOOP('',(#2367,#2368,#2391,#2418,#2419));
#2367 = ORIENTED_EDGE('',*,*,#2289,.F.);
#2368 = ORIENTED_EDGE('',*,*,#2369,.F.);
#2369 = EDGE_CURVE('',#2370,#2290,#2372,.T.);
#2370 = VERTEX_POINT('',#2371);
#2371 = CARTESIAN_POINT('',(-6.002738936928,-27.74846204976,
    3.0121302641E-04));
#2372 = SEAM_CURVE('',#2373,(#2377,#2384),.PCURVE_S1.);
#2373 = LINE('',#2374,#2375);
#2374 = CARTESIAN_POINT('',(-6.002738936928,-27.74846204976,
    3.0121302641E-04));
#2375 = VECTOR('',#2376,1.);
#2376 = DIRECTION('',(0.734506476658,-0.67860167616,2.933706897466E-05)
  );
#2377 = PCURVE('',#2308,#2378);
#2378 = DEFINITIONAL_REPRESENTATION('',(#2379),#2383);
#2379 = LINE('',#2380,#2381);
#2380 = CARTESIAN_POINT('',(-6.28318530718,0.));
#2381 = VECTOR('',#2382,1.);
#2382 = DIRECTION('',(-0.,-1.));
#2383 = ( GEOMETRIC_REPRESENTATION_CONTEXT(2) 
PARAMETRIC_REPRESENTATION_CONTEXT() REPRESENTATION_CONTEXT('2D SPACE',''
  ) );
#2384 = PCURVE('',#2308,#2385);
#2385 = DEFINITIONAL_REPRESENTATION('',(#2386),#2390);
#2386 = LINE('',#2387,#2388);
#2387 = CARTESIAN_POINT('',(0.,-0.));
#2388 = VECTOR('',#2389,1.);
#2389 = DIRECTION('',(-0.,-1.));
#2390 = ( GEOMETRIC_REPRESENTATION_CONTEXT(2) 
PARAMETRIC_REPRESENTATION_CONTEXT() REPRESENTATION_CONTEXT('2D SPACE',''
  ) );
#2391 = ORIENTED_EDGE('',*,*,#2392,.T.);
#2392 = EDGE_CURVE('',#2370,#2370,#2393,.T.);
#2393 = SURFACE_CURVE('',#2394,(#2399,#2406),.PCURVE_S1.);
#2394 = CIRCLE('',#2395,6.001954132536);
#2395 = AXIS2_PLACEMENT_3D('',#2396,#2397,#2398);
#2396 = CARTESIAN_POINT('',(-7.848103437928E-04,-27.74819476606,
    3.012130264085E-04));
#2397 = DIRECTION('',(4.453277935694E-05,-0.999999998074,
    4.322956453647E-05));
#2398 = DIRECTION('',(-0.999999999008,-4.453277939855E-05,0.));
#2399 = PCURVE('',#2308,#2400);
#2400 = DEFINITIONAL_REPRESENTATION('',(#2401),#2405);
#2401 = LINE('',#2402,#2403);
#2402 = CARTESIAN_POINT('',(-0.,-0.));
#2403 = VECTOR('',#2404,1.);
#2404 = DIRECTION('',(-1.,-0.));
#2405 = ( GEOMETRIC_REPRESENTATION_CONTEXT(2) 
PARAMETRIC_REPRESENTATION_CONTEXT() REPRESENTATION_CONTEXT('2D SPACE',''
  ) );
#2406 = PCURVE('',#2407,#2412);
#2407 = PLANE('',#2408);
#2408 = AXIS2_PLACEMENT_3D('',#2409,#2410,#2411);
#2409 = CARTESIAN_POINT('',(-7.848103437928E-04,-27.74819476606,
    3.012130264085E-04));
#2410 = DIRECTION('',(4.453277935694E-05,-0.999999998074,
    4.322956453647E-05));
#2411 = DIRECTION('',(-0.999999999008,-4.453277939855E-05,0.));
#2412 = DEFINITIONAL_REPRESENTATION('',(#2413),#2417);
#2413 = CIRCLE('',#2414,6.001954132536);
#2414 = AXIS2_PLACEMENT_2D('',#2415,#2416);
#2415 = CARTESIAN_POINT('',(0.,0.));
#2416 = DIRECTION('',(1.,0.));
#2417 = ( GEOMETRIC_REPRESENTATION_CONTEXT(2) 
PARAMETRIC_REPRESENTATION_CONTEXT() REPRESENTATION_CONTEXT('2D SPACE',''
  ) );
#2418 = ORIENTED_EDGE('',*,*,#2369,.T.);
#2419 = ORIENTED_EDGE('',*,*,#2343,.F.);
#2420 = ADVANCED_FACE('',(#2421,#2424),#2407,.F.);
#2421 = FACE_BOUND('',#2422,.F.);
#2422 = EDGE_LOOP('',(#2423));
#2423 = ORIENTED_EDGE('',*,*,#2392,.T.);
#2424 = FACE_BOUND('',#2425,.F.);
#2425 = EDGE_LOOP('',(#2426));
#2426 = ORIENTED_EDGE('',*,*,#2427,.T.);
#2427 = EDGE_CURVE('',#2428,#2428,#2430,.T.);
#2428 = VERTEX_POINT('',#2429);
#2429 = CARTESIAN_POINT('',(5.997261194253,-27.7479276564,
    3.0121302641E-04));
#2430 = SURFACE_CURVE('',#2431,(#2436,#2447),.PCURVE_S1.);
#2431 = CIRCLE('',#2432,5.998046010544);
#2432 = AXIS2_PLACEMENT_3D('',#2433,#2434,#2435);
#2433 = CARTESIAN_POINT('',(-7.848103437928E-04,-27.74819476606,
    3.012130264085E-04));
#2434 = DIRECTION('',(-4.453277935694E-05,0.999999998074,
    -4.322956453647E-05));
#2435 = DIRECTION('',(0.999999999008,4.453277939855E-05,0.));
#2436 = PCURVE('',#2407,#2437);
#2437 = DEFINITIONAL_REPRESENTATION('',(#2438),#2446);
#2438 = ( BOUNDED_CURVE() B_SPLINE_CURVE(2,(#2439,#2440,#2441,#2442,
#2443,#2444,#2445),.UNSPECIFIED.,.T.,.F.) B_SPLINE_CURVE_WITH_KNOTS((1,2
    ,2,2,2,1),(-2.094395102393,0.,2.094395102393,4.188790204786,
6.28318530718,8.377580409573),.UNSPECIFIED.) CURVE() 
GEOMETRIC_REPRESENTATION_ITEM() RATIONAL_B_SPLINE_CURVE((1.,0.5,1.,0.5,
1.,0.5,1.)) REPRESENTATION_ITEM('') );
#2439 = CARTESIAN_POINT('',(-5.998046010544,6.32556878296E-20));
#2440 = CARTESIAN_POINT('',(-5.998046010544,10.388920436398));
#2441 = CARTESIAN_POINT('',(2.999023005272,5.194460218199));
#2442 = CARTESIAN_POINT('',(11.996092021088,1.46916083272E-15));
#2443 = CARTESIAN_POINT('',(2.999023005272,-5.194460218199));
#2444 = CARTESIAN_POINT('',(-5.998046010544,-10.38892043639));
#2445 = CARTESIAN_POINT('',(-5.998046010544,6.32556878296E-20));
#2446 = ( GEOMETRIC_REPRESENTATION_CONTEXT(2) 
PARAMETRIC_REPRESENTATION_CONTEXT() REPRESENTATION_CONTEXT('2D SPACE',''
  ) );
#2447 = PCURVE('',#2448,#2453);
#2448 = CONICAL_SURFACE('',#2449,6.00195361375,0.824894382033);
#2449 = AXIS2_PLACEMENT_3D('',#2450,#2451,#2452);
#2450 = CARTESIAN_POINT('',(-7.846495576763E-04,-27.75180527765,
    3.013691072528E-04));
#2451 = DIRECTION('',(4.453277935694E-05,-0.999999998074,
    4.322956453647E-05));
#2452 = DIRECTION('',(0.999999999008,4.453277939855E-05,0.));
#2453 = DEFINITIONAL_REPRESENTATION('',(#2454),#2458);
#2454 = LINE('',#2455,#2456);
#2455 = CARTESIAN_POINT('',(-0.,-3.610511600898E-03));
#2456 = VECTOR('',#2457,1.);
#2457 = DIRECTION('',(-1.,-0.));
#2458 = ( GEOMETRIC_REPRESENTATION_CONTEXT(2) 
PARAMETRIC_REPRESENTATION_CONTEXT() REPRESENTATION_CONTEXT('2D SPACE',''
  ) );
#2459 = ADVANCED_FACE('',(#2460),#2448,.T.);
#2460 = FACE_BOUND('',#2461,.T.);
#2461 = EDGE_LOOP('',(#2462,#2463,#2486,#2515,#2537));
#2462 = ORIENTED_EDGE('',*,*,#2427,.T.);
#2463 = ORIENTED_EDGE('',*,*,#2464,.T.);
#2464 = EDGE_CURVE('',#2428,#2465,#2467,.T.);
#2465 = VERTEX_POINT('',#2466);
#2466 = CARTESIAN_POINT('',(5.052176086115,-26.87477454628,
    2.634651782737E-04));
#2467 = SEAM_CURVE('',#2468,(#2472,#2479),.PCURVE_S1.);
#2468 = LINE('',#2469,#2470);
#2469 = CARTESIAN_POINT('',(6.001168958241,-27.75153799397,
    3.013691072543E-04));
#2470 = VECTOR('',#2471,1.);
#2471 = DIRECTION('',(-0.734506331097,0.678601833713,-2.933707578569E-05
    ));
#2472 = PCURVE('',#2448,#2473);
#2473 = DEFINITIONAL_REPRESENTATION('',(#2474),#2478);
#2474 = LINE('',#2475,#2476);
#2475 = CARTESIAN_POINT('',(0.,-0.));
#2476 = VECTOR('',#2477,1.);
#2477 = DIRECTION('',(-0.,-1.));
#2478 = ( GEOMETRIC_REPRESENTATION_CONTEXT(2) 
PARAMETRIC_REPRESENTATION_CONTEXT() REPRESENTATION_CONTEXT('2D SPACE',''
  ) );
#2479 = PCURVE('',#2448,#2480);
#2480 = DEFINITIONAL_REPRESENTATION('',(#2481),#2485);
#2481 = LINE('',#2482,#2483);
#2482 = CARTESIAN_POINT('',(-6.28318530718,0.));
#2483 = VECTOR('',#2484,1.);
#2484 = DIRECTION('',(-0.,-1.));
#2485 = ( GEOMETRIC_REPRESENTATION_CONTEXT(2) 
PARAMETRIC_REPRESENTATION_CONTEXT() REPRESENTATION_CONTEXT('2D SPACE',''
  ) );
#2486 = ORIENTED_EDGE('',*,*,#2487,.F.);
#2487 = EDGE_CURVE('',#2488,#2465,#2490,.T.);
#2488 = VERTEX_POINT('',#2489);
#2489 = CARTESIAN_POINT('',(-5.05382347842,-26.87522459453,
    2.634651782737E-04));
#2490 = SURFACE_CURVE('',#2491,(#2496,#2503),.PCURVE_S1.);
#2491 = CIRCLE('',#2492,5.052999787278);
#2492 = AXIS2_PLACEMENT_3D('',#2493,#2494,#2495);
#2493 = CARTESIAN_POINT('',(-8.236961528512E-04,-26.87499957041,
    2.634651782725E-04));
#2494 = DIRECTION('',(-4.453277935694E-05,0.999999998074,
    -4.322956453647E-05));
#2495 = DIRECTION('',(-0.999999999008,-4.453277939855E-05,0.));
#2496 = PCURVE('',#2448,#2497);
#2497 = DEFINITIONAL_REPRESENTATION('',(#2498),#2502);
#2498 = LINE('',#2499,#2500);
#2499 = CARTESIAN_POINT('',(-3.14159265359,-0.876805708934));
#2500 = VECTOR('',#2501,1.);
#2501 = DIRECTION('',(-1.,-0.));
#2502 = ( GEOMETRIC_REPRESENTATION_CONTEXT(2) 
PARAMETRIC_REPRESENTATION_CONTEXT() REPRESENTATION_CONTEXT('2D SPACE',''
  ) );
#2503 = PCURVE('',#2504,#2509);
#2504 = CONICAL_SURFACE('',#2505,6.0019527032,0.824894692163);
#2505 = AXIS2_PLACEMENT_3D('',#2506,#2507,#2508);
#2506 = CARTESIAN_POINT('',(-8.627426862649E-04,-25.99819525003,
    2.25561309246E-04));
#2507 = DIRECTION('',(-4.453277935694E-05,0.999999998074,
    -4.322956453647E-05));
#2508 = DIRECTION('',(-0.999999999008,-4.453277939855E-05,0.));
#2509 = DEFINITIONAL_REPRESENTATION('',(#2510),#2514);
#2510 = LINE('',#2511,#2512);
#2511 = CARTESIAN_POINT('',(-6.28318530718,-0.876804322064));
#2512 = VECTOR('',#2513,1.);
#2513 = DIRECTION('',(1.,-0.));
#2514 = ( GEOMETRIC_REPRESENTATION_CONTEXT(2) 
PARAMETRIC_REPRESENTATION_CONTEXT() REPRESENTATION_CONTEXT('2D SPACE',''
  ) );
#2515 = ORIENTED_EDGE('',*,*,#2516,.F.);
#2516 = EDGE_CURVE('',#2465,#2488,#2517,.T.);
#2517 = SURFACE_CURVE('',#2518,(#2523,#2530),.PCURVE_S1.);
#2518 = CIRCLE('',#2519,5.052999787278);
#2519 = AXIS2_PLACEMENT_3D('',#2520,#2521,#2522);
#2520 = CARTESIAN_POINT('',(-8.236961528512E-04,-26.87499957041,
    2.634651782725E-04));
#2521 = DIRECTION('',(-4.453277935694E-05,0.999999998074,
    -4.322956453647E-05));
#2522 = DIRECTION('',(-0.999999999008,-4.453277939855E-05,0.));
#2523 = PCURVE('',#2448,#2524);
#2524 = DEFINITIONAL_REPRESENTATION('',(#2525),#2529);
#2525 = LINE('',#2526,#2527);
#2526 = CARTESIAN_POINT('',(3.14159265359,-0.876805708934));
#2527 = VECTOR('',#2528,1.);
#2528 = DIRECTION('',(-1.,-0.));
#2529 = ( GEOMETRIC_REPRESENTATION_CONTEXT(2) 
PARAMETRIC_REPRESENTATION_CONTEXT() REPRESENTATION_CONTEXT('2D SPACE',''
  ) );
#2530 = PCURVE('',#2504,#2531);
#2531 = DEFINITIONAL_REPRESENTATION('',(#2532),#2536);
#2532 = LINE('',#2533,#2534);
#2533 = CARTESIAN_POINT('',(-6.28318530718,-0.876804322064));
#2534 = VECTOR('',#2535,1.);
#2535 = DIRECTION('',(1.,-0.));
#2536 = ( GEOMETRIC_REPRESENTATION_CONTEXT(2) 
PARAMETRIC_REPRESENTATION_CONTEXT() REPRESENTATION_CONTEXT('2D SPACE',''
  ) );
#2537 = ORIENTED_EDGE('',*,*,#2464,.F.);
#2538 = ADVANCED_FACE('',(#2539),#2504,.T.);
#2539 = FACE_BOUND('',#2540,.T.);
#2540 = EDGE_LOOP('',(#2541,#2542,#2565,#2596,#2597));
#2541 = ORIENTED_EDGE('',*,*,#2516,.T.);
#2542 = ORIENTED_EDGE('',*,*,#2543,.F.);
#2543 = EDGE_CURVE('',#2544,#2488,#2546,.T.);
#2544 = VERTEX_POINT('',#2545);
#2545 = CARTESIAN_POINT('',(-5.998907673734,-26.00207287104,
    2.25717390083E-04));
#2546 = SEAM_CURVE('',#2547,(#2551,#2558),.PCURVE_S1.);
#2547 = LINE('',#2548,#2549);
#2548 = CARTESIAN_POINT('',(-6.002815439935,-25.99846253367,
    2.255613092474E-04));
#2549 = VECTOR('',#2550,1.);
#2550 = DIRECTION('',(0.734506541552,-0.67860160592,2.933706593835E-05)
  );
#2551 = PCURVE('',#2504,#2552);
#2552 = DEFINITIONAL_REPRESENTATION('',(#2553),#2557);
#2553 = LINE('',#2554,#2555);
#2554 = CARTESIAN_POINT('',(-6.28318530718,0.));
#2555 = VECTOR('',#2556,1.);
#2556 = DIRECTION('',(-0.,-1.));
#2557 = ( GEOMETRIC_REPRESENTATION_CONTEXT(2) 
PARAMETRIC_REPRESENTATION_CONTEXT() REPRESENTATION_CONTEXT('2D SPACE',''
  ) );
#2558 = PCURVE('',#2504,#2559);
#2559 = DEFINITIONAL_REPRESENTATION('',(#2560),#2564);
#2560 = LINE('',#2561,#2562);
#2561 = CARTESIAN_POINT('',(0.,-0.));
#2562 = VECTOR('',#2563,1.);
#2563 = DIRECTION('',(-0.,-1.));
#2564 = ( GEOMETRIC_REPRESENTATION_CONTEXT(2) 
PARAMETRIC_REPRESENTATION_CONTEXT() REPRESENTATION_CONTEXT('2D SPACE',''
  ) );
#2565 = ORIENTED_EDGE('',*,*,#2566,.T.);
#2566 = EDGE_CURVE('',#2544,#2544,#2567,.T.);
#2567 = SURFACE_CURVE('',#2568,(#2573,#2580),.PCURVE_S1.);
#2568 = CIRCLE('',#2569,5.998045097782);
#2569 = AXIS2_PLACEMENT_3D('',#2570,#2571,#2572);
#2570 = CARTESIAN_POINT('',(-8.625819001574E-04,-26.00180576142,
    2.257173900815E-04));
#2571 = DIRECTION('',(4.453277935694E-05,-0.999999998074,
    4.322956453647E-05));
#2572 = DIRECTION('',(-0.999999999008,-4.453277939855E-05,0.));
#2573 = PCURVE('',#2504,#2574);
#2574 = DEFINITIONAL_REPRESENTATION('',(#2575),#2579);
#2575 = LINE('',#2576,#2577);
#2576 = CARTESIAN_POINT('',(-4.135903062765E-25,-3.61051139915E-03));
#2577 = VECTOR('',#2578,1.);
#2578 = DIRECTION('',(-1.,-0.));
#2579 = ( GEOMETRIC_REPRESENTATION_CONTEXT(2) 
PARAMETRIC_REPRESENTATION_CONTEXT() REPRESENTATION_CONTEXT('2D SPACE',''
  ) );
#2580 = PCURVE('',#2581,#2586);
#2581 = PLANE('',#2582);
#2582 = AXIS2_PLACEMENT_3D('',#2583,#2584,#2585);
#2583 = CARTESIAN_POINT('',(-8.625819001574E-04,-26.00180576142,
    2.257173900815E-04));
#2584 = DIRECTION('',(-4.453277935694E-05,0.999999998074,
    -4.322956453647E-05));
#2585 = DIRECTION('',(0.999999999008,4.453277939855E-05,0.));
#2586 = DEFINITIONAL_REPRESENTATION('',(#2587),#2595);
#2587 = ( BOUNDED_CURVE() B_SPLINE_CURVE(2,(#2588,#2589,#2590,#2591,
#2592,#2593,#2594),.UNSPECIFIED.,.T.,.F.) B_SPLINE_CURVE_WITH_KNOTS((1,2
    ,2,2,2,1),(-2.094395102393,0.,2.094395102393,4.188790204786,
6.28318530718,8.377580409573),.UNSPECIFIED.) CURVE() 
GEOMETRIC_REPRESENTATION_ITEM() RATIONAL_B_SPLINE_CURVE((1.,0.5,1.,0.5,
1.,0.5,1.)) REPRESENTATION_ITEM('') );
#2588 = CARTESIAN_POINT('',(-5.998045097782,2.480942032353E-24));
#2589 = CARTESIAN_POINT('',(-5.998045097782,10.388918855447));
#2590 = CARTESIAN_POINT('',(2.999022548891,5.194459427724));
#2591 = CARTESIAN_POINT('',(11.996090195563,1.469097341067E-15));
#2592 = CARTESIAN_POINT('',(2.999022548891,-5.194459427724));
#2593 = CARTESIAN_POINT('',(-5.998045097782,-10.38891885544));
#2594 = CARTESIAN_POINT('',(-5.998045097782,2.480942032353E-24));
#2595 = ( GEOMETRIC_REPRESENTATION_CONTEXT(2) 
PARAMETRIC_REPRESENTATION_CONTEXT() REPRESENTATION_CONTEXT('2D SPACE',''
  ) );
#2596 = ORIENTED_EDGE('',*,*,#2543,.T.);
#2597 = ORIENTED_EDGE('',*,*,#2487,.T.);
#2598 = ADVANCED_FACE('',(#2599,#2630),#2581,.F.);
#2599 = FACE_BOUND('',#2600,.F.);
#2600 = EDGE_LOOP('',(#2601));
#2601 = ORIENTED_EDGE('',*,*,#2602,.T.);
#2602 = EDGE_CURVE('',#2603,#2603,#2605,.T.);
#2603 = VERTEX_POINT('',#2604);
#2604 = CARTESIAN_POINT('',(6.001091637125,-26.00153847772,
    2.25717390083E-04));
#2605 = SURFACE_CURVE('',#2606,(#2611,#2618),.PCURVE_S1.);
#2606 = CIRCLE('',#2607,6.001954224977);
#2607 = AXIS2_PLACEMENT_3D('',#2608,#2609,#2610);
#2608 = CARTESIAN_POINT('',(-8.625819001574E-04,-26.00180576142,
    2.257173900815E-04));
#2609 = DIRECTION('',(-4.453277935694E-05,0.999999998074,
    -4.322956453647E-05));
#2610 = DIRECTION('',(0.999999999008,4.453277939855E-05,0.));
#2611 = PCURVE('',#2581,#2612);
#2612 = DEFINITIONAL_REPRESENTATION('',(#2613),#2617);
#2613 = CIRCLE('',#2614,6.001954224977);
#2614 = AXIS2_PLACEMENT_2D('',#2615,#2616);
#2615 = CARTESIAN_POINT('',(0.,0.));
#2616 = DIRECTION('',(1.,0.));
#2617 = ( GEOMETRIC_REPRESENTATION_CONTEXT(2) 
PARAMETRIC_REPRESENTATION_CONTEXT() REPRESENTATION_CONTEXT('2D SPACE',''
  ) );
#2618 = PCURVE('',#2619,#2624);
#2619 = CONICAL_SURFACE('',#2620,6.001954224977,0.824894389918);
#2620 = AXIS2_PLACEMENT_3D('',#2621,#2622,#2623);
#2621 = CARTESIAN_POINT('',(-8.625819001574E-04,-26.00180576142,
    2.257173900815E-04));
#2622 = DIRECTION('',(4.453277935694E-05,-0.999999998074,
    4.322956453647E-05));
#2623 = DIRECTION('',(0.999999999008,4.453277939855E-05,0.));
#2624 = DEFINITIONAL_REPRESENTATION('',(#2625),#2629);
#2625 = LINE('',#2626,#2627);
#2626 = CARTESIAN_POINT('',(-0.,-0.));
#2627 = VECTOR('',#2628,1.);
#2628 = DIRECTION('',(-1.,-0.));
#2629 = ( GEOMETRIC_REPRESENTATION_CONTEXT(2) 
PARAMETRIC_REPRESENTATION_CONTEXT() REPRESENTATION_CONTEXT('2D SPACE',''
  ) );
#2630 = FACE_BOUND('',#2631,.F.);
#2631 = EDGE_LOOP('',(#2632));
#2632 = ORIENTED_EDGE('',*,*,#2566,.T.);
#2633 = ADVANCED_FACE('',(#2634),#2619,.T.);
#2634 = FACE_BOUND('',#2635,.T.);
#2635 = EDGE_LOOP('',(#2636,#2667,#2688,#2689,#2690));
#2636 = ORIENTED_EDGE('',*,*,#2637,.F.);
#2637 = EDGE_CURVE('',#2638,#2640,#2642,.T.);
#2638 = VERTEX_POINT('',#2639);
#2639 = CARTESIAN_POINT('',(5.999136993698,-25.99973260548,
    2.256393192495E-04));
#2640 = VERTEX_POINT('',#2641);
#2641 = CARTESIAN_POINT('',(-6.000862318347,-26.0002669988,
    2.256393192495E-04));
#2642 = SURFACE_CURVE('',#2643,(#2648,#2655),.PCURVE_S1.);
#2643 = CIRCLE('',#2644,5.999999661972);
#2644 = AXIS2_PLACEMENT_3D('',#2645,#2646,#2647);
#2645 = CARTESIAN_POINT('',(-8.626623245438E-04,-25.99999980214,
    2.25639319248E-04));
#2646 = DIRECTION('',(-4.453277935694E-05,0.999999998074,
    -4.322956453647E-05));
#2647 = DIRECTION('',(-0.999999999008,-4.453277939855E-05,0.));
#2648 = PCURVE('',#2619,#2649);
#2649 = DEFINITIONAL_REPRESENTATION('',(#2650),#2654);
#2650 = LINE('',#2651,#2652);
#2651 = CARTESIAN_POINT('',(3.14159265359,-1.805959285289E-03));
#2652 = VECTOR('',#2653,1.);
#2653 = DIRECTION('',(-1.,-0.));
#2654 = ( GEOMETRIC_REPRESENTATION_CONTEXT(2) 
PARAMETRIC_REPRESENTATION_CONTEXT() REPRESENTATION_CONTEXT('2D SPACE',''
  ) );
#2655 = PCURVE('',#2656,#2661);
#2656 = CONICAL_SURFACE('',#2657,6.0019527032,0.824894692163);
#2657 = AXIS2_PLACEMENT_3D('',#2658,#2659,#2660);
#2658 = CARTESIAN_POINT('',(-8.627426862649E-04,-25.99819525003,
    2.25561309246E-04));
#2659 = DIRECTION('',(-4.453277935694E-05,0.999999998074,
    -4.322956453647E-05));
#2660 = DIRECTION('',(-0.999999999008,-4.453277939855E-05,0.));
#2661 = DEFINITIONAL_REPRESENTATION('',(#2662),#2666);
#2662 = LINE('',#2663,#2664);
#2663 = CARTESIAN_POINT('',(-6.28318530718,-1.804552113861E-03));
#2664 = VECTOR('',#2665,1.);
#2665 = DIRECTION('',(1.,-0.));
#2666 = ( GEOMETRIC_REPRESENTATION_CONTEXT(2) 
PARAMETRIC_REPRESENTATION_CONTEXT() REPRESENTATION_CONTEXT('2D SPACE',''
  ) );
#2667 = ORIENTED_EDGE('',*,*,#2668,.F.);
#2668 = EDGE_CURVE('',#2603,#2638,#2669,.T.);
#2669 = SEAM_CURVE('',#2670,(#2674,#2681),.PCURVE_S1.);
#2670 = LINE('',#2671,#2672);
#2671 = CARTESIAN_POINT('',(6.001091637125,-26.00153847772,
    2.25717390083E-04));
#2672 = VECTOR('',#2673,1.);
#2673 = DIRECTION('',(-0.734506336448,0.678601827921,-2.933707553532E-05
    ));
#2674 = PCURVE('',#2619,#2675);
#2675 = DEFINITIONAL_REPRESENTATION('',(#2676),#2680);
#2676 = LINE('',#2677,#2678);
#2677 = CARTESIAN_POINT('',(-6.28318530718,0.));
#2678 = VECTOR('',#2679,1.);
#2679 = DIRECTION('',(-0.,-1.));
#2680 = ( GEOMETRIC_REPRESENTATION_CONTEXT(2) 
PARAMETRIC_REPRESENTATION_CONTEXT() REPRESENTATION_CONTEXT('2D SPACE',''
  ) );
#2681 = PCURVE('',#2619,#2682);
#2682 = DEFINITIONAL_REPRESENTATION('',(#2683),#2687);
#2683 = LINE('',#2684,#2685);
#2684 = CARTESIAN_POINT('',(0.,-0.));
#2685 = VECTOR('',#2686,1.);
#2686 = DIRECTION('',(-0.,-1.));
#2687 = ( GEOMETRIC_REPRESENTATION_CONTEXT(2) 
PARAMETRIC_REPRESENTATION_CONTEXT() REPRESENTATION_CONTEXT('2D SPACE',''
  ) );
#2688 = ORIENTED_EDGE('',*,*,#2602,.T.);
#2689 = ORIENTED_EDGE('',*,*,#2668,.T.);
#2690 = ORIENTED_EDGE('',*,*,#2691,.F.);
#2691 = EDGE_CURVE('',#2640,#2638,#2692,.T.);
#2692 = SURFACE_CURVE('',#2693,(#2698,#2705),.PCURVE_S1.);
#2693 = CIRCLE('',#2694,5.999999661972);
#2694 = AXIS2_PLACEMENT_3D('',#2695,#2696,#2697);
#2695 = CARTESIAN_POINT('',(-8.626623245438E-04,-25.99999980214,
    2.25639319248E-04));
#2696 = DIRECTION('',(-4.453277935694E-05,0.999999998074,
    -4.322956453647E-05));
#2697 = DIRECTION('',(-0.999999999008,-4.453277939855E-05,0.));
#2698 = PCURVE('',#2619,#2699);
#2699 = DEFINITIONAL_REPRESENTATION('',(#2700),#2704);
#2700 = LINE('',#2701,#2702);
#2701 = CARTESIAN_POINT('',(-3.14159265359,-1.805959285289E-03));
#2702 = VECTOR('',#2703,1.);
#2703 = DIRECTION('',(-1.,-0.));
#2704 = ( GEOMETRIC_REPRESENTATION_CONTEXT(2) 
PARAMETRIC_REPRESENTATION_CONTEXT() REPRESENTATION_CONTEXT('2D SPACE',''
  ) );
#2705 = PCURVE('',#2656,#2706);
#2706 = DEFINITIONAL_REPRESENTATION('',(#2707),#2711);
#2707 = LINE('',#2708,#2709);
#2708 = CARTESIAN_POINT('',(-6.28318530718,-1.804552113861E-03));
#2709 = VECTOR('',#2710,1.);
#2710 = DIRECTION('',(1.,-0.));
#2711 = ( GEOMETRIC_REPRESENTATION_CONTEXT(2) 
PARAMETRIC_REPRESENTATION_CONTEXT() REPRESENTATION_CONTEXT('2D SPACE',''
  ) );
#2712 = ADVANCED_FACE('',(#2713),#2656,.T.);
#2713 = FACE_BOUND('',#2714,.T.);
#2714 = EDGE_LOOP('',(#2715,#2716,#2739,#2766,#2767));
#2715 = ORIENTED_EDGE('',*,*,#2637,.T.);
#2716 = ORIENTED_EDGE('',*,*,#2717,.F.);
#2717 = EDGE_CURVE('',#2718,#2640,#2720,.T.);
#2718 = VERTEX_POINT('',#2719);
#2719 = CARTESIAN_POINT('',(-6.002815439935,-25.99846253367,
    2.255613092474E-04));
#2720 = SEAM_CURVE('',#2721,(#2725,#2732),.PCURVE_S1.);
#2721 = LINE('',#2722,#2723);
#2722 = CARTESIAN_POINT('',(-6.002815439935,-25.99846253367,
    2.255613092474E-04));
#2723 = VECTOR('',#2724,1.);
#2724 = DIRECTION('',(0.734506541552,-0.67860160592,2.933706593835E-05)
  );
#2725 = PCURVE('',#2656,#2726);
#2726 = DEFINITIONAL_REPRESENTATION('',(#2727),#2731);
#2727 = LINE('',#2728,#2729);
#2728 = CARTESIAN_POINT('',(-6.28318530718,0.));
#2729 = VECTOR('',#2730,1.);
#2730 = DIRECTION('',(-0.,-1.));
#2731 = ( GEOMETRIC_REPRESENTATION_CONTEXT(2) 
PARAMETRIC_REPRESENTATION_CONTEXT() REPRESENTATION_CONTEXT('2D SPACE',''
  ) );
#2732 = PCURVE('',#2656,#2733);
#2733 = DEFINITIONAL_REPRESENTATION('',(#2734),#2738);
#2734 = LINE('',#2735,#2736);
#2735 = CARTESIAN_POINT('',(0.,-0.));
#2736 = VECTOR('',#2737,1.);
#2737 = DIRECTION('',(-0.,-1.));
#2738 = ( GEOMETRIC_REPRESENTATION_CONTEXT(2) 
PARAMETRIC_REPRESENTATION_CONTEXT() REPRESENTATION_CONTEXT('2D SPACE',''
  ) );
#2739 = ORIENTED_EDGE('',*,*,#2740,.T.);
#2740 = EDGE_CURVE('',#2718,#2718,#2741,.T.);
#2741 = SURFACE_CURVE('',#2742,(#2747,#2754),.PCURVE_S1.);
#2742 = CIRCLE('',#2743,6.0019527032);
#2743 = AXIS2_PLACEMENT_3D('',#2744,#2745,#2746);
#2744 = CARTESIAN_POINT('',(-8.627426862649E-04,-25.99819525003,
    2.25561309246E-04));
#2745 = DIRECTION('',(4.453277935694E-05,-0.999999998074,
    4.322956453647E-05));
#2746 = DIRECTION('',(-0.999999999008,-4.453277939855E-05,0.));
#2747 = PCURVE('',#2656,#2748);
#2748 = DEFINITIONAL_REPRESENTATION('',(#2749),#2753);
#2749 = LINE('',#2750,#2751);
#2750 = CARTESIAN_POINT('',(-0.,-0.));
#2751 = VECTOR('',#2752,1.);
#2752 = DIRECTION('',(-1.,-0.));
#2753 = ( GEOMETRIC_REPRESENTATION_CONTEXT(2) 
PARAMETRIC_REPRESENTATION_CONTEXT() REPRESENTATION_CONTEXT('2D SPACE',''
  ) );
#2754 = PCURVE('',#2755,#2760);
#2755 = PLANE('',#2756);
#2756 = AXIS2_PLACEMENT_3D('',#2757,#2758,#2759);
#2757 = CARTESIAN_POINT('',(-8.627426862649E-04,-25.99819525003,
    2.25561309246E-04));
#2758 = DIRECTION('',(4.453277935694E-05,-0.999999998074,
    4.322956453647E-05));
#2759 = DIRECTION('',(-0.999999999008,-4.453277939855E-05,0.));
#2760 = DEFINITIONAL_REPRESENTATION('',(#2761),#2765);
#2761 = CIRCLE('',#2762,6.0019527032);
#2762 = AXIS2_PLACEMENT_2D('',#2763,#2764);
#2763 = CARTESIAN_POINT('',(0.,0.));
#2764 = DIRECTION('',(1.,0.));
#2765 = ( GEOMETRIC_REPRESENTATION_CONTEXT(2) 
PARAMETRIC_REPRESENTATION_CONTEXT() REPRESENTATION_CONTEXT('2D SPACE',''
  ) );
#2766 = ORIENTED_EDGE('',*,*,#2717,.T.);
#2767 = ORIENTED_EDGE('',*,*,#2691,.T.);
#2768 = ADVANCED_FACE('',(#2769,#2772),#2755,.F.);
#2769 = FACE_BOUND('',#2770,.F.);
#2770 = EDGE_LOOP('',(#2771));
#2771 = ORIENTED_EDGE('',*,*,#2740,.T.);
#2772 = FACE_BOUND('',#2773,.F.);
#2773 = EDGE_LOOP('',(#2774));
#2774 = ORIENTED_EDGE('',*,*,#2775,.T.);
#2775 = EDGE_CURVE('',#2776,#2776,#2778,.T.);
#2776 = VERTEX_POINT('',#2777);
#2777 = CARTESIAN_POINT('',(5.997183873294,-25.99792814034,
    2.255613092474E-04));
#2778 = SURFACE_CURVE('',#2779,(#2784,#2795),.PCURVE_S1.);
#2779 = CIRCLE('',#2780,5.998046621928);
#2780 = AXIS2_PLACEMENT_3D('',#2781,#2782,#2783);
#2781 = CARTESIAN_POINT('',(-8.627426862649E-04,-25.99819525003,
    2.25561309246E-04));
#2782 = DIRECTION('',(-4.453277935694E-05,0.999999998074,
    -4.322956453647E-05));
#2783 = DIRECTION('',(0.999999999008,4.453277939855E-05,0.));
#2784 = PCURVE('',#2755,#2785);
#2785 = DEFINITIONAL_REPRESENTATION('',(#2786),#2794);
#2786 = ( BOUNDED_CURVE() B_SPLINE_CURVE(2,(#2787,#2788,#2789,#2790,
#2791,#2792,#2793),.UNSPECIFIED.,.T.,.F.) B_SPLINE_CURVE_WITH_KNOTS((1,2
    ,2,2,2,1),(-2.094395102393,0.,2.094395102393,4.188790204786,
6.28318530718,8.377580409573),.UNSPECIFIED.) CURVE() 
GEOMETRIC_REPRESENTATION_ITEM() RATIONAL_B_SPLINE_CURVE((1.,0.5,1.,0.5,
1.,0.5,1.)) REPRESENTATION_ITEM('') );
#2787 = CARTESIAN_POINT('',(-5.998046621928,-2.480942662725E-24));
#2788 = CARTESIAN_POINT('',(-5.998046621928,10.388921495345));
#2789 = CARTESIAN_POINT('',(2.999023310964,5.194460747673));
#2790 = CARTESIAN_POINT('',(11.996093243855,1.469097724297E-15));
#2791 = CARTESIAN_POINT('',(2.999023310964,-5.194460747673));
#2792 = CARTESIAN_POINT('',(-5.998046621928,-10.38892149534));
#2793 = CARTESIAN_POINT('',(-5.998046621928,-2.480942662725E-24));
#2794 = ( GEOMETRIC_REPRESENTATION_CONTEXT(2) 
PARAMETRIC_REPRESENTATION_CONTEXT() REPRESENTATION_CONTEXT('2D SPACE',''
  ) );
#2795 = PCURVE('',#2796,#2801);
#2796 = CONICAL_SURFACE('',#2797,6.001954224977,0.824894389918);
#2797 = AXIS2_PLACEMENT_3D('',#2798,#2799,#2800);
#2798 = CARTESIAN_POINT('',(-8.625819001574E-04,-26.00180576142,
    2.257173900815E-04));
#2799 = DIRECTION('',(4.453277935694E-05,-0.999999998074,
    4.322956453647E-05));
#2800 = DIRECTION('',(0.999999999008,4.453277939855E-05,0.));
#2801 = DEFINITIONAL_REPRESENTATION('',(#2802),#2806);
#2802 = LINE('',#2803,#2804);
#2803 = CARTESIAN_POINT('',(-0.,-3.61051139915E-03));
#2804 = VECTOR('',#2805,1.);
#2805 = DIRECTION('',(-1.,-0.));
#2806 = ( GEOMETRIC_REPRESENTATION_CONTEXT(2) 
PARAMETRIC_REPRESENTATION_CONTEXT() REPRESENTATION_CONTEXT('2D SPACE',''
  ) );
#2807 = ADVANCED_FACE('',(#2808),#2796,.T.);
#2808 = FACE_BOUND('',#2809,.T.);
#2809 = EDGE_LOOP('',(#2810,#2833,#2862,#2884,#2885));
#2810 = ORIENTED_EDGE('',*,*,#2811,.T.);
#2811 = EDGE_CURVE('',#2776,#2812,#2814,.T.);
#2812 = VERTEX_POINT('',#2813);
#2813 = CARTESIAN_POINT('',(5.05209845001,-25.12477475288,
    1.87813449121E-04));
#2814 = SEAM_CURVE('',#2815,(#2819,#2826),.PCURVE_S1.);
#2815 = LINE('',#2816,#2817);
#2816 = CARTESIAN_POINT('',(6.001091637125,-26.00153847772,
    2.25717390083E-04));
#2817 = VECTOR('',#2818,1.);
#2818 = DIRECTION('',(-0.734506336448,0.678601827921,-2.933707553532E-05
    ));
#2819 = PCURVE('',#2796,#2820);
#2820 = DEFINITIONAL_REPRESENTATION('',(#2821),#2825);
#2821 = LINE('',#2822,#2823);
#2822 = CARTESIAN_POINT('',(-6.28318530718,0.));
#2823 = VECTOR('',#2824,1.);
#2824 = DIRECTION('',(-0.,-1.));
#2825 = ( GEOMETRIC_REPRESENTATION_CONTEXT(2) 
PARAMETRIC_REPRESENTATION_CONTEXT() REPRESENTATION_CONTEXT('2D SPACE',''
  ) );
#2826 = PCURVE('',#2796,#2827);
#2827 = DEFINITIONAL_REPRESENTATION('',(#2828),#2832);
#2828 = LINE('',#2829,#2830);
#2829 = CARTESIAN_POINT('',(0.,-0.));
#2830 = VECTOR('',#2831,1.);
#2831 = DIRECTION('',(-0.,-1.));
#2832 = ( GEOMETRIC_REPRESENTATION_CONTEXT(2) 
PARAMETRIC_REPRESENTATION_CONTEXT() REPRESENTATION_CONTEXT('2D SPACE',''
  ) );
#2833 = ORIENTED_EDGE('',*,*,#2834,.F.);
#2834 = EDGE_CURVE('',#2835,#2812,#2837,.T.);
#2835 = VERTEX_POINT('',#2836);
#2836 = CARTESIAN_POINT('',(-5.053901707025,-25.12522480116,
    1.87813449121E-04));
#2837 = SURFACE_CURVE('',#2838,(#2843,#2850),.PCURVE_S1.);
#2838 = CIRCLE('',#2839,5.053000083528);
#2839 = AXIS2_PLACEMENT_3D('',#2840,#2841,#2842);
#2840 = CARTESIAN_POINT('',(-9.016285076749E-04,-25.12499977702,
    1.878134491197E-04));
#2841 = DIRECTION('',(-4.453277935694E-05,0.999999998074,
    -4.322956453647E-05));
#2842 = DIRECTION('',(-0.999999999008,-4.453277939855E-05,0.));
#2843 = PCURVE('',#2796,#2844);
#2844 = DEFINITIONAL_REPRESENTATION('',(#2845),#2849);
#2845 = LINE('',#2846,#2847);
#2846 = CARTESIAN_POINT('',(-3.14159265359,-0.876805986093));
#2847 = VECTOR('',#2848,1.);
#2848 = DIRECTION('',(-1.,-0.));
#2849 = ( GEOMETRIC_REPRESENTATION_CONTEXT(2) 
PARAMETRIC_REPRESENTATION_CONTEXT() REPRESENTATION_CONTEXT('2D SPACE',''
  ) );
#2850 = PCURVE('',#2851,#2856);
#2851 = CONICAL_SURFACE('',#2852,6.001954344687,0.824894742721);
#2852 = AXIS2_PLACEMENT_3D('',#2853,#2854,#2855);
#2853 = CARTESIAN_POINT('',(-9.406750924804E-04,-24.24819430262,
    1.499095302053E-04));
#2854 = DIRECTION('',(-4.453277935694E-05,0.999999998074,
    -4.322956453647E-05));
#2855 = DIRECTION('',(-0.999999999008,-4.453277939855E-05,0.));
#2856 = DEFINITIONAL_REPRESENTATION('',(#2857),#2861);
#2857 = LINE('',#2858,#2859);
#2858 = CARTESIAN_POINT('',(-6.28318530718,-0.876805476086));
#2859 = VECTOR('',#2860,1.);
#2860 = DIRECTION('',(1.,-0.));
#2861 = ( GEOMETRIC_REPRESENTATION_CONTEXT(2) 
PARAMETRIC_REPRESENTATION_CONTEXT() REPRESENTATION_CONTEXT('2D SPACE',''
  ) );
#2862 = ORIENTED_EDGE('',*,*,#2863,.F.);
#2863 = EDGE_CURVE('',#2812,#2835,#2864,.T.);
#2864 = SURFACE_CURVE('',#2865,(#2870,#2877),.PCURVE_S1.);
#2865 = CIRCLE('',#2866,5.053000083528);
#2866 = AXIS2_PLACEMENT_3D('',#2867,#2868,#2869);
#2867 = CARTESIAN_POINT('',(-9.016285076749E-04,-25.12499977702,
    1.878134491197E-04));
#2868 = DIRECTION('',(-4.453277935694E-05,0.999999998074,
    -4.322956453647E-05));
#2869 = DIRECTION('',(-0.999999999008,-4.453277939855E-05,0.));
#2870 = PCURVE('',#2796,#2871);
#2871 = DEFINITIONAL_REPRESENTATION('',(#2872),#2876);
#2872 = LINE('',#2873,#2874);
#2873 = CARTESIAN_POINT('',(3.14159265359,-0.876805986093));
#2874 = VECTOR('',#2875,1.);
#2875 = DIRECTION('',(-1.,-0.));
#2876 = ( GEOMETRIC_REPRESENTATION_CONTEXT(2) 
PARAMETRIC_REPRESENTATION_CONTEXT() REPRESENTATION_CONTEXT('2D SPACE',''
  ) );
#2877 = PCURVE('',#2851,#2878);
#2878 = DEFINITIONAL_REPRESENTATION('',(#2879),#2883);
#2879 = LINE('',#2880,#2881);
#2880 = CARTESIAN_POINT('',(-6.28318530718,-0.876805476086));
#2881 = VECTOR('',#2882,1.);
#2882 = DIRECTION('',(1.,-0.));
#2883 = ( GEOMETRIC_REPRESENTATION_CONTEXT(2) 
PARAMETRIC_REPRESENTATION_CONTEXT() REPRESENTATION_CONTEXT('2D SPACE',''
  ) );
#2884 = ORIENTED_EDGE('',*,*,#2811,.F.);
#2885 = ORIENTED_EDGE('',*,*,#2775,.T.);
#2886 = ADVANCED_FACE('',(#2887),#2851,.T.);
#2887 = FACE_BOUND('',#2888,.T.);
#2888 = EDGE_LOOP('',(#2889,#2890,#2891,#2914,#2945));
#2889 = ORIENTED_EDGE('',*,*,#2834,.T.);
#2890 = ORIENTED_EDGE('',*,*,#2863,.T.);
#2891 = ORIENTED_EDGE('',*,*,#2892,.F.);
#2892 = EDGE_CURVE('',#2893,#2835,#2895,.T.);
#2893 = VERTEX_POINT('',#2894);
#2894 = CARTESIAN_POINT('',(-5.998986730822,-24.25207240081,
    1.500656316683E-04));
#2895 = SEAM_CURVE('',#2896,(#2900,#2907),.PCURVE_S1.);
#2896 = LINE('',#2897,#2898);
#2897 = CARTESIAN_POINT('',(-6.002895013828,-24.24846158633,
    1.499095302068E-04));
#2898 = VECTOR('',#2899,1.);
#2899 = DIRECTION('',(0.73450657586,-0.678601568785,2.933706433308E-05)
  );
#2900 = PCURVE('',#2851,#2901);
#2901 = DEFINITIONAL_REPRESENTATION('',(#2902),#2906);
#2902 = LINE('',#2903,#2904);
#2903 = CARTESIAN_POINT('',(-6.28318530718,0.));
#2904 = VECTOR('',#2905,1.);
#2905 = DIRECTION('',(-0.,-1.));
#2906 = ( GEOMETRIC_REPRESENTATION_CONTEXT(2) 
PARAMETRIC_REPRESENTATION_CONTEXT() REPRESENTATION_CONTEXT('2D SPACE',''
  ) );
#2907 = PCURVE('',#2851,#2908);
#2908 = DEFINITIONAL_REPRESENTATION('',(#2909),#2913);
#2909 = LINE('',#2910,#2911);
#2910 = CARTESIAN_POINT('',(0.,-0.));
#2911 = VECTOR('',#2912,1.);
#2912 = DIRECTION('',(-0.,-1.));
#2913 = ( GEOMETRIC_REPRESENTATION_CONTEXT(2) 
PARAMETRIC_REPRESENTATION_CONTEXT() REPRESENTATION_CONTEXT('2D SPACE',''
  ) );
#2914 = ORIENTED_EDGE('',*,*,#2915,.T.);
#2915 = EDGE_CURVE('',#2893,#2893,#2916,.T.);
#2916 = SURFACE_CURVE('',#2917,(#2922,#2929),.PCURVE_S1.);
#2917 = CIRCLE('',#2918,5.998046222485);
#2918 = AXIS2_PLACEMENT_3D('',#2919,#2920,#2921);
#2919 = CARTESIAN_POINT('',(-9.405142851251E-04,-24.25180529114,
    1.500656316668E-04));
#2920 = DIRECTION('',(4.453277935694E-05,-0.999999998074,
    4.322956453647E-05));
#2921 = DIRECTION('',(-0.999999999008,-4.453277939855E-05,0.));
#2922 = PCURVE('',#2851,#2923);
#2923 = DEFINITIONAL_REPRESENTATION('',(#2924),#2928);
#2924 = LINE('',#2925,#2926);
#2925 = CARTESIAN_POINT('',(-4.135903062765E-25,-3.610988525649E-03));
#2926 = VECTOR('',#2927,1.);
#2927 = DIRECTION('',(-1.,-0.));
#2928 = ( GEOMETRIC_REPRESENTATION_CONTEXT(2) 
PARAMETRIC_REPRESENTATION_CONTEXT() REPRESENTATION_CONTEXT('2D SPACE',''
  ) );
#2929 = PCURVE('',#2930,#2935);
#2930 = PLANE('',#2931);
#2931 = AXIS2_PLACEMENT_3D('',#2932,#2933,#2934);
#2932 = CARTESIAN_POINT('',(-9.405142851251E-04,-24.25180529114,
    1.500656316668E-04));
#2933 = DIRECTION('',(-4.453277935694E-05,0.999999998074,
    -4.322956453647E-05));
#2934 = DIRECTION('',(0.999999999008,4.453277939855E-05,0.));
#2935 = DEFINITIONAL_REPRESENTATION('',(#2936),#2944);
#2936 = ( BOUNDED_CURVE() B_SPLINE_CURVE(2,(#2937,#2938,#2939,#2940,
#2941,#2942,#2943),.UNSPECIFIED.,.T.,.F.) B_SPLINE_CURVE_WITH_KNOTS((1,2
    ,2,2,2,1),(-2.094395102393,0.,2.094395102393,4.188790204786,
6.28318530718,8.377580409573),.UNSPECIFIED.) CURVE() 
GEOMETRIC_REPRESENTATION_ITEM() RATIONAL_B_SPLINE_CURVE((1.,0.5,1.,0.5,
1.,0.5,1.)) REPRESENTATION_ITEM('') );
#2937 = CARTESIAN_POINT('',(-5.998046222485,-1.084177364135E-19));
#2938 = CARTESIAN_POINT('',(-5.998046222485,10.38892080349));
#2939 = CARTESIAN_POINT('',(2.999023111242,5.194460401745));
#2940 = CARTESIAN_POINT('',(11.996092444969,1.468989196322E-15));
#2941 = CARTESIAN_POINT('',(2.999023111242,-5.194460401745));
#2942 = CARTESIAN_POINT('',(-5.998046222485,-10.38892080349));
#2943 = CARTESIAN_POINT('',(-5.998046222485,-1.084177364135E-19));
#2944 = ( GEOMETRIC_REPRESENTATION_CONTEXT(2) 
PARAMETRIC_REPRESENTATION_CONTEXT() REPRESENTATION_CONTEXT('2D SPACE',''
  ) );
#2945 = ORIENTED_EDGE('',*,*,#2892,.T.);
#2946 = ADVANCED_FACE('',(#2947,#2978),#2930,.F.);
#2947 = FACE_BOUND('',#2948,.F.);
#2948 = EDGE_LOOP('',(#2949));
#2949 = ORIENTED_EDGE('',*,*,#2950,.T.);
#2950 = EDGE_CURVE('',#2951,#2951,#2953,.T.);
#2951 = VERTEX_POINT('',#2952);
#2952 = CARTESIAN_POINT('',(6.001013112147,-24.25153800746,
    1.500656316683E-04));
#2953 = SURFACE_CURVE('',#2954,(#2959,#2966),.PCURVE_S1.);
#2954 = CIRCLE('',#2955,6.001953632383);
#2955 = AXIS2_PLACEMENT_3D('',#2956,#2957,#2958);
#2956 = CARTESIAN_POINT('',(-9.405142851251E-04,-24.25180529114,
    1.500656316668E-04));
#2957 = DIRECTION('',(-4.453277935694E-05,0.999999998074,
    -4.322956453647E-05));
#2958 = DIRECTION('',(0.999999999008,4.453277939855E-05,0.));
#2959 = PCURVE('',#2930,#2960);
#2960 = DEFINITIONAL_REPRESENTATION('',(#2961),#2965);
#2961 = CIRCLE('',#2962,6.001953632383);
#2962 = AXIS2_PLACEMENT_2D('',#2963,#2964);
#2963 = CARTESIAN_POINT('',(0.,0.));
#2964 = DIRECTION('',(1.,0.));
#2965 = ( GEOMETRIC_REPRESENTATION_CONTEXT(2) 
PARAMETRIC_REPRESENTATION_CONTEXT() REPRESENTATION_CONTEXT('2D SPACE',''
  ) );
#2966 = PCURVE('',#2967,#2972);
#2967 = CONICAL_SURFACE('',#2968,6.001953632383,0.82489438358);
#2968 = AXIS2_PLACEMENT_3D('',#2969,#2970,#2971);
#2969 = CARTESIAN_POINT('',(-9.405142851251E-04,-24.25180529114,
    1.500656316668E-04));
#2970 = DIRECTION('',(4.453277935694E-05,-0.999999998074,
    4.322956453647E-05));
#2971 = DIRECTION('',(0.999999999008,4.453277939855E-05,0.));
#2972 = DEFINITIONAL_REPRESENTATION('',(#2973),#2977);
#2973 = LINE('',#2974,#2975);
#2974 = CARTESIAN_POINT('',(-0.,-0.));
#2975 = VECTOR('',#2976,1.);
#2976 = DIRECTION('',(-1.,-0.));
#2977 = ( GEOMETRIC_REPRESENTATION_CONTEXT(2) 
PARAMETRIC_REPRESENTATION_CONTEXT() REPRESENTATION_CONTEXT('2D SPACE',''
  ) );
#2978 = FACE_BOUND('',#2979,.F.);
#2979 = EDGE_LOOP('',(#2980));
#2980 = ORIENTED_EDGE('',*,*,#2915,.T.);
#2981 = ADVANCED_FACE('',(#2982),#2967,.T.);
#2982 = FACE_BOUND('',#2983,.T.);
#2983 = EDGE_LOOP('',(#2984,#3015,#3036,#3037,#3038));
#2984 = ORIENTED_EDGE('',*,*,#2985,.T.);
#2985 = EDGE_CURVE('',#2986,#2988,#2990,.T.);
#2986 = VERTEX_POINT('',#2987);
#2987 = CARTESIAN_POINT('',(-6.000940516862,-24.25026732198,
    1.499875951352E-04));
#2988 = VERTEX_POINT('',#2989);
#2989 = CARTESIAN_POINT('',(5.999059327514,-24.24973292863,
    1.499875951352E-04));
#2990 = SURFACE_CURVE('',#2991,(#2996,#3003),.PCURVE_S1.);
#2991 = CIRCLE('',#2992,5.999999928138);
#2992 = AXIS2_PLACEMENT_3D('',#2993,#2994,#2995);
#2993 = CARTESIAN_POINT('',(-9.405946741772E-04,-24.2500001253,
    1.499875951337E-04));
#2994 = DIRECTION('',(4.453277935694E-05,-0.999999998074,
    4.322956453647E-05));
#2995 = DIRECTION('',(0.999999999008,4.453277939855E-05,0.));
#2996 = PCURVE('',#2967,#2997);
#2997 = DEFINITIONAL_REPRESENTATION('',(#2998),#3002);
#2998 = LINE('',#2999,#3000);
#2999 = CARTESIAN_POINT('',(-6.28318530718,-1.805165839328E-03));
#3000 = VECTOR('',#3001,1.);
#3001 = DIRECTION('',(1.,-0.));
#3002 = ( GEOMETRIC_REPRESENTATION_CONTEXT(2) 
PARAMETRIC_REPRESENTATION_CONTEXT() REPRESENTATION_CONTEXT('2D SPACE',''
  ) );
#3003 = PCURVE('',#3004,#3009);
#3004 = CONICAL_SURFACE('',#3005,6.001954344687,0.824894742721);
#3005 = AXIS2_PLACEMENT_3D('',#3006,#3007,#3008);
#3006 = CARTESIAN_POINT('',(-9.406750924804E-04,-24.24819430262,
    1.499095302053E-04));
#3007 = DIRECTION('',(-4.453277935694E-05,0.999999998074,
    -4.322956453647E-05));
#3008 = DIRECTION('',(-0.999999999008,-4.453277939855E-05,0.));
#3009 = DEFINITIONAL_REPRESENTATION('',(#3010),#3014);
#3010 = LINE('',#3011,#3012);
#3011 = CARTESIAN_POINT('',(3.14159265359,-1.805822686322E-03));
#3012 = VECTOR('',#3013,1.);
#3013 = DIRECTION('',(-1.,-0.));
#3014 = ( GEOMETRIC_REPRESENTATION_CONTEXT(2) 
PARAMETRIC_REPRESENTATION_CONTEXT() REPRESENTATION_CONTEXT('2D SPACE',''
  ) );
#3015 = ORIENTED_EDGE('',*,*,#3016,.F.);
#3016 = EDGE_CURVE('',#2951,#2988,#3017,.T.);
#3017 = SEAM_CURVE('',#3018,(#3022,#3029),.PCURVE_S1.);
#3018 = LINE('',#3019,#3020);
#3019 = CARTESIAN_POINT('',(6.001013112147,-24.25153800746,
    1.500656316683E-04));
#3020 = VECTOR('',#3021,1.);
#3021 = DIRECTION('',(-0.734506332146,0.678601832577,-2.933707573657E-05
    ));
#3022 = PCURVE('',#2967,#3023);
#3023 = DEFINITIONAL_REPRESENTATION('',(#3024),#3028);
#3024 = LINE('',#3025,#3026);
#3025 = CARTESIAN_POINT('',(-6.28318530718,0.));
#3026 = VECTOR('',#3027,1.);
#3027 = DIRECTION('',(-0.,-1.));
#3028 = ( GEOMETRIC_REPRESENTATION_CONTEXT(2) 
PARAMETRIC_REPRESENTATION_CONTEXT() REPRESENTATION_CONTEXT('2D SPACE',''
  ) );
#3029 = PCURVE('',#2967,#3030);
#3030 = DEFINITIONAL_REPRESENTATION('',(#3031),#3035);
#3031 = LINE('',#3032,#3033);
#3032 = CARTESIAN_POINT('',(0.,-0.));
#3033 = VECTOR('',#3034,1.);
#3034 = DIRECTION('',(-0.,-1.));
#3035 = ( GEOMETRIC_REPRESENTATION_CONTEXT(2) 
PARAMETRIC_REPRESENTATION_CONTEXT() REPRESENTATION_CONTEXT('2D SPACE',''
  ) );
#3036 = ORIENTED_EDGE('',*,*,#2950,.T.);
#3037 = ORIENTED_EDGE('',*,*,#3016,.T.);
#3038 = ORIENTED_EDGE('',*,*,#3039,.T.);
#3039 = EDGE_CURVE('',#2988,#2986,#3040,.T.);
#3040 = SURFACE_CURVE('',#3041,(#3046,#3053),.PCURVE_S1.);
#3041 = CIRCLE('',#3042,5.999999928138);
#3042 = AXIS2_PLACEMENT_3D('',#3043,#3044,#3045);
#3043 = CARTESIAN_POINT('',(-9.405946741772E-04,-24.2500001253,
    1.499875951337E-04));
#3044 = DIRECTION('',(4.453277935694E-05,-0.999999998074,
    4.322956453647E-05));
#3045 = DIRECTION('',(0.999999999008,4.453277939855E-05,0.));
#3046 = PCURVE('',#2967,#3047);
#3047 = DEFINITIONAL_REPRESENTATION('',(#3048),#3052);
#3048 = LINE('',#3049,#3050);
#3049 = CARTESIAN_POINT('',(-6.28318530718,-1.805165839328E-03));
#3050 = VECTOR('',#3051,1.);
#3051 = DIRECTION('',(1.,-0.));
#3052 = ( GEOMETRIC_REPRESENTATION_CONTEXT(2) 
PARAMETRIC_REPRESENTATION_CONTEXT() REPRESENTATION_CONTEXT('2D SPACE',''
  ) );
#3053 = PCURVE('',#3004,#3054);
#3054 = DEFINITIONAL_REPRESENTATION('',(#3055),#3059);
#3055 = LINE('',#3056,#3057);
#3056 = CARTESIAN_POINT('',(-3.14159265359,-1.805822686322E-03));
#3057 = VECTOR('',#3058,1.);
#3058 = DIRECTION('',(-1.,-0.));
#3059 = ( GEOMETRIC_REPRESENTATION_CONTEXT(2) 
PARAMETRIC_REPRESENTATION_CONTEXT() REPRESENTATION_CONTEXT('2D SPACE',''
  ) );
#3060 = ADVANCED_FACE('',(#3061),#3004,.T.);
#3061 = FACE_BOUND('',#3062,.T.);
#3062 = EDGE_LOOP('',(#3063,#3064,#3087,#3114,#3115));
#3063 = ORIENTED_EDGE('',*,*,#2985,.F.);
#3064 = ORIENTED_EDGE('',*,*,#3065,.F.);
#3065 = EDGE_CURVE('',#3066,#2986,#3068,.T.);
#3066 = VERTEX_POINT('',#3067);
#3067 = CARTESIAN_POINT('',(-6.002895013828,-24.24846158633,
    1.499095302068E-04));
#3068 = SEAM_CURVE('',#3069,(#3073,#3080),.PCURVE_S1.);
#3069 = LINE('',#3070,#3071);
#3070 = CARTESIAN_POINT('',(-6.002895013828,-24.24846158633,
    1.499095302068E-04));
#3071 = VECTOR('',#3072,1.);
#3072 = DIRECTION('',(0.73450657586,-0.678601568785,2.933706433308E-05)
  );
#3073 = PCURVE('',#3004,#3074);
#3074 = DEFINITIONAL_REPRESENTATION('',(#3075),#3079);
#3075 = LINE('',#3076,#3077);
#3076 = CARTESIAN_POINT('',(-6.28318530718,0.));
#3077 = VECTOR('',#3078,1.);
#3078 = DIRECTION('',(-0.,-1.));
#3079 = ( GEOMETRIC_REPRESENTATION_CONTEXT(2) 
PARAMETRIC_REPRESENTATION_CONTEXT() REPRESENTATION_CONTEXT('2D SPACE',''
  ) );
#3080 = PCURVE('',#3004,#3081);
#3081 = DEFINITIONAL_REPRESENTATION('',(#3082),#3086);
#3082 = LINE('',#3083,#3084);
#3083 = CARTESIAN_POINT('',(0.,-0.));
#3084 = VECTOR('',#3085,1.);
#3085 = DIRECTION('',(-0.,-1.));
#3086 = ( GEOMETRIC_REPRESENTATION_CONTEXT(2) 
PARAMETRIC_REPRESENTATION_CONTEXT() REPRESENTATION_CONTEXT('2D SPACE',''
  ) );
#3087 = ORIENTED_EDGE('',*,*,#3088,.T.);
#3088 = EDGE_CURVE('',#3066,#3066,#3089,.T.);
#3089 = SURFACE_CURVE('',#3090,(#3095,#3102),.PCURVE_S1.);
#3090 = CIRCLE('',#3091,6.001954344687);
#3091 = AXIS2_PLACEMENT_3D('',#3092,#3093,#3094);
#3092 = CARTESIAN_POINT('',(-9.406750924804E-04,-24.24819430262,
    1.499095302053E-04));
#3093 = DIRECTION('',(4.453277935694E-05,-0.999999998074,
    4.322956453647E-05));
#3094 = DIRECTION('',(-0.999999999008,-4.453277939855E-05,0.));
#3095 = PCURVE('',#3004,#3096);
#3096 = DEFINITIONAL_REPRESENTATION('',(#3097),#3101);
#3097 = LINE('',#3098,#3099);
#3098 = CARTESIAN_POINT('',(-0.,-0.));
#3099 = VECTOR('',#3100,1.);
#3100 = DIRECTION('',(-1.,-0.));
#3101 = ( GEOMETRIC_REPRESENTATION_CONTEXT(2) 
PARAMETRIC_REPRESENTATION_CONTEXT() REPRESENTATION_CONTEXT('2D SPACE',''
  ) );
#3102 = PCURVE('',#3103,#3108);
#3103 = PLANE('',#3104);
#3104 = AXIS2_PLACEMENT_3D('',#3105,#3106,#3107);
#3105 = CARTESIAN_POINT('',(-9.406750924804E-04,-24.24819430262,
    1.499095302053E-04));
#3106 = DIRECTION('',(4.453277935694E-05,-0.999999998074,
    4.322956453647E-05));
#3107 = DIRECTION('',(-0.999999999008,-4.453277939855E-05,0.));
#3108 = DEFINITIONAL_REPRESENTATION('',(#3109),#3113);
#3109 = CIRCLE('',#3110,6.001954344687);
#3110 = AXIS2_PLACEMENT_2D('',#3111,#3112);
#3111 = CARTESIAN_POINT('',(0.,0.));
#3112 = DIRECTION('',(1.,0.));
#3113 = ( GEOMETRIC_REPRESENTATION_CONTEXT(2) 
PARAMETRIC_REPRESENTATION_CONTEXT() REPRESENTATION_CONTEXT('2D SPACE',''
  ) );
#3114 = ORIENTED_EDGE('',*,*,#3065,.T.);
#3115 = ORIENTED_EDGE('',*,*,#3039,.F.);
#3116 = ADVANCED_FACE('',(#3117,#3120),#3103,.F.);
#3117 = FACE_BOUND('',#3118,.F.);
#3118 = EDGE_LOOP('',(#3119));
#3119 = ORIENTED_EDGE('',*,*,#3088,.T.);
#3120 = FACE_BOUND('',#3121,.F.);
#3121 = EDGE_LOOP('',(#3122));
#3122 = ORIENTED_EDGE('',*,*,#3123,.T.);
#3123 = EDGE_CURVE('',#3124,#3124,#3126,.T.);
#3124 = VERTEX_POINT('',#3125);
#3125 = CARTESIAN_POINT('',(5.997104831956,-24.24792719298,
    1.499095302068E-04));
#3126 = SURFACE_CURVE('',#3127,(#3132,#3143),.PCURVE_S1.);
#3127 = CIRCLE('',#3128,5.998045512996);
#3128 = AXIS2_PLACEMENT_3D('',#3129,#3130,#3131);
#3129 = CARTESIAN_POINT('',(-9.406750924804E-04,-24.24819430262,
    1.499095302053E-04));
#3130 = DIRECTION('',(-4.453277935694E-05,0.999999998074,
    -4.322956453647E-05));
#3131 = DIRECTION('',(0.999999999008,4.453277939855E-05,0.));
#3132 = PCURVE('',#3103,#3133);
#3133 = DEFINITIONAL_REPRESENTATION('',(#3134),#3142);
#3134 = ( BOUNDED_CURVE() B_SPLINE_CURVE(2,(#3135,#3136,#3137,#3138,
#3139,#3140,#3141),.UNSPECIFIED.,.T.,.F.) B_SPLINE_CURVE_WITH_KNOTS((1,2
    ,2,2,2,1),(-2.094395102393,0.,2.094395102393,4.188790204786,
6.28318530718,8.377580409573),.UNSPECIFIED.) CURVE() 
GEOMETRIC_REPRESENTATION_ITEM() RATIONAL_B_SPLINE_CURVE((1.,0.5,1.,0.5,
1.,0.5,1.)) REPRESENTATION_ITEM('') );
#3135 = CARTESIAN_POINT('',(-5.998045512996,1.084177364138E-19));
#3136 = CARTESIAN_POINT('',(-5.998045512996,10.38891957462));
#3137 = CARTESIAN_POINT('',(2.999022756498,5.19445978731));
#3138 = CARTESIAN_POINT('',(11.996091025993,1.469205872905E-15));
#3139 = CARTESIAN_POINT('',(2.999022756498,-5.19445978731));
#3140 = CARTESIAN_POINT('',(-5.998045512996,-10.38891957462));
#3141 = CARTESIAN_POINT('',(-5.998045512996,1.084177364138E-19));
#3142 = ( GEOMETRIC_REPRESENTATION_CONTEXT(2) 
PARAMETRIC_REPRESENTATION_CONTEXT() REPRESENTATION_CONTEXT('2D SPACE',''
  ) );
#3143 = PCURVE('',#3144,#3149);
#3144 = CONICAL_SURFACE('',#3145,6.001953632383,0.82489438358);
#3145 = AXIS2_PLACEMENT_3D('',#3146,#3147,#3148);
#3146 = CARTESIAN_POINT('',(-9.405142851251E-04,-24.25180529114,
    1.500656316668E-04));
#3147 = DIRECTION('',(4.453277935694E-05,-0.999999998074,
    4.322956453647E-05));
#3148 = DIRECTION('',(0.999999999008,4.453277939855E-05,0.));
#3149 = DEFINITIONAL_REPRESENTATION('',(#3150),#3154);
#3150 = LINE('',#3151,#3152);
#3151 = CARTESIAN_POINT('',(-0.,-3.610988525649E-03));
#3152 = VECTOR('',#3153,1.);
#3153 = DIRECTION('',(-1.,-0.));
#3154 = ( GEOMETRIC_REPRESENTATION_CONTEXT(2) 
PARAMETRIC_REPRESENTATION_CONTEXT() REPRESENTATION_CONTEXT('2D SPACE',''
  ) );
#3155 = ADVANCED_FACE('',(#3156),#3144,.T.);
#3156 = FACE_BOUND('',#3157,.T.);
#3157 = EDGE_LOOP('',(#3158,#3189,#3210,#3211,#3212));
#3158 = ORIENTED_EDGE('',*,*,#3159,.T.);
#3159 = EDGE_CURVE('',#3160,#3162,#3164,.T.);
#3160 = VERTEX_POINT('',#3161);
#3161 = CARTESIAN_POINT('',(-5.053979589854,-23.37522482149,
    1.121617119157E-04));
#3162 = VERTEX_POINT('',#3163);
#3163 = CARTESIAN_POINT('',(5.052020468112,-23.37477477322,
    1.121617119157E-04));
#3164 = SURFACE_CURVE('',#3165,(#3170,#3177),.PCURVE_S1.);
#3165 = CIRCLE('',#3166,5.053000033994);
#3166 = AXIS2_PLACEMENT_3D('',#3167,#3168,#3169);
#3167 = CARTESIAN_POINT('',(-9.795608707939E-04,-23.37499979736,
    1.121617119144E-04));
#3168 = DIRECTION('',(4.453277935694E-05,-0.999999998074,
    4.322956453647E-05));
#3169 = DIRECTION('',(0.999999999008,4.453277939855E-05,0.));
#3170 = PCURVE('',#3144,#3171);
#3171 = DEFINITIONAL_REPRESENTATION('',(#3172),#3176);
#3172 = LINE('',#3173,#3174);
#3173 = CARTESIAN_POINT('',(-6.28318530718,-0.876805495471));
#3174 = VECTOR('',#3175,1.);
#3175 = DIRECTION('',(1.,-0.));
#3176 = ( GEOMETRIC_REPRESENTATION_CONTEXT(2) 
PARAMETRIC_REPRESENTATION_CONTEXT() REPRESENTATION_CONTEXT('2D SPACE',''
  ) );
#3177 = PCURVE('',#3178,#3183);
#3178 = CONICAL_SURFACE('',#3179,6.001954303318,0.824894739286);
#3179 = AXIS2_PLACEMENT_3D('',#3180,#3181,#3182);
#3180 = CARTESIAN_POINT('',(-1.018607456205E-03,-22.49819430937,
    7.425779241265E-05));
#3181 = DIRECTION('',(-4.453277935694E-05,0.999999998074,
    -4.322956453647E-05));
#3182 = DIRECTION('',(-0.999999999008,-4.453277939855E-05,0.));
#3183 = DEFINITIONAL_REPRESENTATION('',(#3184),#3188);
#3184 = LINE('',#3185,#3186);
#3185 = CARTESIAN_POINT('',(3.14159265359,-0.876805489673));
#3186 = VECTOR('',#3187,1.);
#3187 = DIRECTION('',(-1.,-0.));
#3188 = ( GEOMETRIC_REPRESENTATION_CONTEXT(2) 
PARAMETRIC_REPRESENTATION_CONTEXT() REPRESENTATION_CONTEXT('2D SPACE',''
  ) );
#3189 = ORIENTED_EDGE('',*,*,#3190,.F.);
#3190 = EDGE_CURVE('',#3124,#3162,#3191,.T.);
#3191 = SEAM_CURVE('',#3192,(#3196,#3203),.PCURVE_S1.);
#3192 = LINE('',#3193,#3194);
#3193 = CARTESIAN_POINT('',(6.001013112147,-24.25153800746,
    1.500656316683E-04));
#3194 = VECTOR('',#3195,1.);
#3195 = DIRECTION('',(-0.734506332146,0.678601832577,-2.933707573657E-05
    ));
#3196 = PCURVE('',#3144,#3197);
#3197 = DEFINITIONAL_REPRESENTATION('',(#3198),#3202);
#3198 = LINE('',#3199,#3200);
#3199 = CARTESIAN_POINT('',(-6.28318530718,0.));
#3200 = VECTOR('',#3201,1.);
#3201 = DIRECTION('',(-0.,-1.));
#3202 = ( GEOMETRIC_REPRESENTATION_CONTEXT(2) 
PARAMETRIC_REPRESENTATION_CONTEXT() REPRESENTATION_CONTEXT('2D SPACE',''
  ) );
#3203 = PCURVE('',#3144,#3204);
#3204 = DEFINITIONAL_REPRESENTATION('',(#3205),#3209);
#3205 = LINE('',#3206,#3207);
#3206 = CARTESIAN_POINT('',(0.,-0.));
#3207 = VECTOR('',#3208,1.);
#3208 = DIRECTION('',(-0.,-1.));
#3209 = ( GEOMETRIC_REPRESENTATION_CONTEXT(2) 
PARAMETRIC_REPRESENTATION_CONTEXT() REPRESENTATION_CONTEXT('2D SPACE',''
  ) );
#3210 = ORIENTED_EDGE('',*,*,#3123,.T.);
#3211 = ORIENTED_EDGE('',*,*,#3190,.T.);
#3212 = ORIENTED_EDGE('',*,*,#3213,.T.);
#3213 = EDGE_CURVE('',#3162,#3160,#3214,.T.);
#3214 = SURFACE_CURVE('',#3215,(#3220,#3227),.PCURVE_S1.);
#3215 = CIRCLE('',#3216,5.053000033994);
#3216 = AXIS2_PLACEMENT_3D('',#3217,#3218,#3219);
#3217 = CARTESIAN_POINT('',(-9.795608707939E-04,-23.37499979736,
    1.121617119144E-04));
#3218 = DIRECTION('',(4.453277935694E-05,-0.999999998074,
    4.322956453647E-05));
#3219 = DIRECTION('',(0.999999999008,4.453277939855E-05,0.));
#3220 = PCURVE('',#3144,#3221);
#3221 = DEFINITIONAL_REPRESENTATION('',(#3222),#3226);
#3222 = LINE('',#3223,#3224);
#3223 = CARTESIAN_POINT('',(-6.28318530718,-0.876805495471));
#3224 = VECTOR('',#3225,1.);
#3225 = DIRECTION('',(1.,-0.));
#3226 = ( GEOMETRIC_REPRESENTATION_CONTEXT(2) 
PARAMETRIC_REPRESENTATION_CONTEXT() REPRESENTATION_CONTEXT('2D SPACE',''
  ) );
#3227 = PCURVE('',#3178,#3228);
#3228 = DEFINITIONAL_REPRESENTATION('',(#3229),#3233);
#3229 = LINE('',#3230,#3231);
#3230 = CARTESIAN_POINT('',(-3.14159265359,-0.876805489673));
#3231 = VECTOR('',#3232,1.);
#3232 = DIRECTION('',(-1.,-0.));
#3233 = ( GEOMETRIC_REPRESENTATION_CONTEXT(2) 
PARAMETRIC_REPRESENTATION_CONTEXT() REPRESENTATION_CONTEXT('2D SPACE',''
  ) );
#3234 = ADVANCED_FACE('',(#3235),#3178,.T.);
#3235 = FACE_BOUND('',#3236,.T.);
#3236 = EDGE_LOOP('',(#3237,#3260,#3261,#3262,#3263));
#3237 = ORIENTED_EDGE('',*,*,#3238,.T.);
#3238 = EDGE_CURVE('',#3239,#3160,#3241,.T.);
#3239 = VERTEX_POINT('',#3240);
#3240 = CARTESIAN_POINT('',(-5.999064621929,-22.50207240748,
    7.441389387223E-05));
#3241 = SEAM_CURVE('',#3242,(#3246,#3253),.PCURVE_S1.);
#3242 = LINE('',#3243,#3244);
#3243 = CARTESIAN_POINT('',(-6.002972904823,-22.49846159308,
    7.425779241412E-05));
#3244 = VECTOR('',#3245,1.);
#3245 = DIRECTION('',(0.734506573529,-0.678601571308,2.933706444214E-05)
  );
#3246 = PCURVE('',#3178,#3247);
#3247 = DEFINITIONAL_REPRESENTATION('',(#3248),#3252);
#3248 = LINE('',#3249,#3250);
#3249 = CARTESIAN_POINT('',(-6.28318530718,0.));
#3250 = VECTOR('',#3251,1.);
#3251 = DIRECTION('',(-0.,-1.));
#3252 = ( GEOMETRIC_REPRESENTATION_CONTEXT(2) 
PARAMETRIC_REPRESENTATION_CONTEXT() REPRESENTATION_CONTEXT('2D SPACE',''
  ) );
#3253 = PCURVE('',#3178,#3254);
#3254 = DEFINITIONAL_REPRESENTATION('',(#3255),#3259);
#3255 = LINE('',#3256,#3257);
#3256 = CARTESIAN_POINT('',(0.,-0.));
#3257 = VECTOR('',#3258,1.);
#3258 = DIRECTION('',(-0.,-1.));
#3259 = ( GEOMETRIC_REPRESENTATION_CONTEXT(2) 
PARAMETRIC_REPRESENTATION_CONTEXT() REPRESENTATION_CONTEXT('2D SPACE',''
  ) );
#3260 = ORIENTED_EDGE('',*,*,#3213,.F.);
#3261 = ORIENTED_EDGE('',*,*,#3159,.F.);
#3262 = ORIENTED_EDGE('',*,*,#3238,.F.);
#3263 = ORIENTED_EDGE('',*,*,#3264,.T.);
#3264 = EDGE_CURVE('',#3239,#3239,#3265,.T.);
#3265 = SURFACE_CURVE('',#3266,(#3271,#3278),.PCURVE_S1.);
#3266 = CIRCLE('',#3267,5.998046181228);
#3267 = AXIS2_PLACEMENT_3D('',#3268,#3269,#3270);
#3268 = CARTESIAN_POINT('',(-1.018446648853E-03,-22.50180529781,
    7.441389387076E-05));
#3269 = DIRECTION('',(4.453277935694E-05,-0.999999998074,
    4.322956453647E-05));
#3270 = DIRECTION('',(-0.999999999008,-4.453277939855E-05,0.));
#3271 = PCURVE('',#3178,#3272);
#3272 = DEFINITIONAL_REPRESENTATION('',(#3273),#3277);
#3273 = LINE('',#3274,#3275);
#3274 = CARTESIAN_POINT('',(-4.135903062765E-25,-3.610988447056E-03));
#3275 = VECTOR('',#3276,1.);
#3276 = DIRECTION('',(-1.,-0.));
#3277 = ( GEOMETRIC_REPRESENTATION_CONTEXT(2) 
PARAMETRIC_REPRESENTATION_CONTEXT() REPRESENTATION_CONTEXT('2D SPACE',''
  ) );
#3278 = PCURVE('',#3279,#3284);
#3279 = PLANE('',#3280);
#3280 = AXIS2_PLACEMENT_3D('',#3281,#3282,#3283);
#3281 = CARTESIAN_POINT('',(-1.018446648853E-03,-22.50180529781,
    7.441389387076E-05));
#3282 = DIRECTION('',(-4.453277935694E-05,0.999999998074,
    -4.322956453647E-05));
#3283 = DIRECTION('',(0.999999999008,4.453277939855E-05,0.));
#3284 = DEFINITIONAL_REPRESENTATION('',(#3285),#3293);
#3285 = ( BOUNDED_CURVE() B_SPLINE_CURVE(2,(#3286,#3287,#3288,#3289,
#3290,#3291,#3292),.UNSPECIFIED.,.T.,.F.) B_SPLINE_CURVE_WITH_KNOTS((1,2
    ,2,2,2,1),(-2.094395102393,0.,2.094395102393,4.188790204786,
6.28318530718,8.377580409573),.UNSPECIFIED.) CURVE() 
GEOMETRIC_REPRESENTATION_ITEM() RATIONAL_B_SPLINE_CURVE((1.,0.5,1.,0.5,
1.,0.5,1.)) REPRESENTATION_ITEM('') );
#3286 = CARTESIAN_POINT('',(-5.998046181228,-1.129222029411E-19));
#3287 = CARTESIAN_POINT('',(-5.998046181228,10.388920732031));
#3288 = CARTESIAN_POINT('',(2.999023090614,5.194460366015));
#3289 = CARTESIAN_POINT('',(11.996092362455,1.468984681751E-15));
#3290 = CARTESIAN_POINT('',(2.999023090614,-5.194460366015));
#3291 = CARTESIAN_POINT('',(-5.998046181228,-10.38892073203));
#3292 = CARTESIAN_POINT('',(-5.998046181228,-1.129222029411E-19));
#3293 = ( GEOMETRIC_REPRESENTATION_CONTEXT(2) 
PARAMETRIC_REPRESENTATION_CONTEXT() REPRESENTATION_CONTEXT('2D SPACE',''
  ) );
#3294 = ADVANCED_FACE('',(#3295,#3326),#3279,.F.);
#3295 = FACE_BOUND('',#3296,.F.);
#3296 = EDGE_LOOP('',(#3297));
#3297 = ORIENTED_EDGE('',*,*,#3298,.T.);
#3298 = EDGE_CURVE('',#3299,#3299,#3301,.T.);
#3299 = VERTEX_POINT('',#3300);
#3300 = CARTESIAN_POINT('',(6.00093495539,-22.50153801414,
    7.441389387223E-05));
#3301 = SURFACE_CURVE('',#3302,(#3307,#3314),.PCURVE_S1.);
#3302 = CIRCLE('',#3303,6.001953407991);
#3303 = AXIS2_PLACEMENT_3D('',#3304,#3305,#3306);
#3304 = CARTESIAN_POINT('',(-1.018446648853E-03,-22.50180529781,
    7.441389387076E-05));
#3305 = DIRECTION('',(-4.453277935694E-05,0.999999998074,
    -4.322956453647E-05));
#3306 = DIRECTION('',(0.999999999008,4.453277939855E-05,0.));
#3307 = PCURVE('',#3279,#3308);
#3308 = DEFINITIONAL_REPRESENTATION('',(#3309),#3313);
#3309 = CIRCLE('',#3310,6.001953407991);
#3310 = AXIS2_PLACEMENT_2D('',#3311,#3312);
#3311 = CARTESIAN_POINT('',(0.,0.));
#3312 = DIRECTION('',(1.,0.));
#3313 = ( GEOMETRIC_REPRESENTATION_CONTEXT(2) 
PARAMETRIC_REPRESENTATION_CONTEXT() REPRESENTATION_CONTEXT('2D SPACE',''
  ) );
#3314 = PCURVE('',#3315,#3320);
#3315 = CONICAL_SURFACE('',#3316,6.001953407991,0.824894364951);
#3316 = AXIS2_PLACEMENT_3D('',#3317,#3318,#3319);
#3317 = CARTESIAN_POINT('',(-1.018446648853E-03,-22.50180529781,
    7.441389387076E-05));
#3318 = DIRECTION('',(4.453277935694E-05,-0.999999998074,
    4.322956453647E-05));
#3319 = DIRECTION('',(0.999999999008,4.453277939855E-05,0.));
#3320 = DEFINITIONAL_REPRESENTATION('',(#3321),#3325);
#3321 = LINE('',#3322,#3323);
#3322 = CARTESIAN_POINT('',(-0.,-0.));
#3323 = VECTOR('',#3324,1.);
#3324 = DIRECTION('',(-1.,-0.));
#3325 = ( GEOMETRIC_REPRESENTATION_CONTEXT(2) 
PARAMETRIC_REPRESENTATION_CONTEXT() REPRESENTATION_CONTEXT('2D SPACE',''
  ) );
#3326 = FACE_BOUND('',#3327,.F.);
#3327 = EDGE_LOOP('',(#3328));
#3328 = ORIENTED_EDGE('',*,*,#3264,.T.);
#3329 = ADVANCED_FACE('',(#3330),#3315,.T.);
#3330 = FACE_BOUND('',#3331,.T.);
#3331 = EDGE_LOOP('',(#3332,#3363,#3384,#3385,#3386));
#3332 = ORIENTED_EDGE('',*,*,#3333,.T.);
#3333 = EDGE_CURVE('',#3334,#3336,#3338,.T.);
#3334 = VERTEX_POINT('',#3335);
#3335 = CARTESIAN_POINT('',(-6.001018316427,-22.50026741321,
    7.433586099483E-05));
#3336 = VERTEX_POINT('',#3337);
#3337 = CARTESIAN_POINT('',(5.998981262359,-22.49973301987,
    7.433586099483E-05));
#3338 = SURFACE_CURVE('',#3339,(#3344,#3351),.PCURVE_S1.);
#3339 = CIRCLE('',#3340,5.999999795343);
#3340 = AXIS2_PLACEMENT_3D('',#3341,#3342,#3343);
#3341 = CARTESIAN_POINT('',(-1.018527034139E-03,-22.50000021654,
    7.433586099336E-05));
#3342 = DIRECTION('',(4.453277935694E-05,-0.999999998074,
    4.322956453647E-05));
#3343 = DIRECTION('',(0.999999999008,4.453277939855E-05,0.));
#3344 = PCURVE('',#3315,#3345);
#3345 = DEFINITIONAL_REPRESENTATION('',(#3346),#3350);
#3346 = LINE('',#3347,#3348);
#3347 = CARTESIAN_POINT('',(-6.28318530718,-1.805081273299E-03));
#3348 = VECTOR('',#3349,1.);
#3349 = DIRECTION('',(1.,-0.));
#3350 = ( GEOMETRIC_REPRESENTATION_CONTEXT(2) 
PARAMETRIC_REPRESENTATION_CONTEXT() REPRESENTATION_CONTEXT('2D SPACE',''
  ) );
#3351 = PCURVE('',#3352,#3357);
#3352 = CONICAL_SURFACE('',#3353,6.001954303318,0.824894739286);
#3353 = AXIS2_PLACEMENT_3D('',#3354,#3355,#3356);
#3354 = CARTESIAN_POINT('',(-1.018607456205E-03,-22.49819430937,
    7.425779241265E-05));
#3355 = DIRECTION('',(-4.453277935694E-05,0.999999998074,
    -4.322956453647E-05));
#3356 = DIRECTION('',(-0.999999999008,-4.453277939855E-05,0.));
#3357 = DEFINITIONAL_REPRESENTATION('',(#3358),#3362);
#3358 = LINE('',#3359,#3360);
#3359 = CARTESIAN_POINT('',(3.14159265359,-1.805907173761E-03));
#3360 = VECTOR('',#3361,1.);
#3361 = DIRECTION('',(-1.,-0.));
#3362 = ( GEOMETRIC_REPRESENTATION_CONTEXT(2) 
PARAMETRIC_REPRESENTATION_CONTEXT() REPRESENTATION_CONTEXT('2D SPACE',''
  ) );
#3363 = ORIENTED_EDGE('',*,*,#3364,.F.);
#3364 = EDGE_CURVE('',#3299,#3336,#3365,.T.);
#3365 = SEAM_CURVE('',#3366,(#3370,#3377),.PCURVE_S1.);
#3366 = LINE('',#3367,#3368);
#3367 = CARTESIAN_POINT('',(6.00093495539,-22.50153801414,
    7.441389387223E-05));
#3368 = VECTOR('',#3369,1.);
#3369 = DIRECTION('',(-0.734506319505,0.67860184626,-2.933707632806E-05)
  );
#3370 = PCURVE('',#3315,#3371);
#3371 = DEFINITIONAL_REPRESENTATION('',(#3372),#3376);
#3372 = LINE('',#3373,#3374);
#3373 = CARTESIAN_POINT('',(-6.28318530718,0.));
#3374 = VECTOR('',#3375,1.);
#3375 = DIRECTION('',(-0.,-1.));
#3376 = ( GEOMETRIC_REPRESENTATION_CONTEXT(2) 
PARAMETRIC_REPRESENTATION_CONTEXT() REPRESENTATION_CONTEXT('2D SPACE',''
  ) );
#3377 = PCURVE('',#3315,#3378);
#3378 = DEFINITIONAL_REPRESENTATION('',(#3379),#3383);
#3379 = LINE('',#3380,#3381);
#3380 = CARTESIAN_POINT('',(0.,-0.));
#3381 = VECTOR('',#3382,1.);
#3382 = DIRECTION('',(-0.,-1.));
#3383 = ( GEOMETRIC_REPRESENTATION_CONTEXT(2) 
PARAMETRIC_REPRESENTATION_CONTEXT() REPRESENTATION_CONTEXT('2D SPACE',''
  ) );
#3384 = ORIENTED_EDGE('',*,*,#3298,.T.);
#3385 = ORIENTED_EDGE('',*,*,#3364,.T.);
#3386 = ORIENTED_EDGE('',*,*,#3387,.T.);
#3387 = EDGE_CURVE('',#3336,#3334,#3388,.T.);
#3388 = SURFACE_CURVE('',#3389,(#3394,#3401),.PCURVE_S1.);
#3389 = CIRCLE('',#3390,5.999999795343);
#3390 = AXIS2_PLACEMENT_3D('',#3391,#3392,#3393);
#3391 = CARTESIAN_POINT('',(-1.018527034139E-03,-22.50000021654,
    7.433586099336E-05));
#3392 = DIRECTION('',(4.453277935694E-05,-0.999999998074,
    4.322956453647E-05));
#3393 = DIRECTION('',(0.999999999008,4.453277939855E-05,0.));
#3394 = PCURVE('',#3315,#3395);
#3395 = DEFINITIONAL_REPRESENTATION('',(#3396),#3400);
#3396 = LINE('',#3397,#3398);
#3397 = CARTESIAN_POINT('',(-6.28318530718,-1.805081273299E-03));
#3398 = VECTOR('',#3399,1.);
#3399 = DIRECTION('',(1.,-0.));
#3400 = ( GEOMETRIC_REPRESENTATION_CONTEXT(2) 
PARAMETRIC_REPRESENTATION_CONTEXT() REPRESENTATION_CONTEXT('2D SPACE',''
  ) );
#3401 = PCURVE('',#3352,#3402);
#3402 = DEFINITIONAL_REPRESENTATION('',(#3403),#3407);
#3403 = LINE('',#3404,#3405);
#3404 = CARTESIAN_POINT('',(-3.14159265359,-1.805907173761E-03));
#3405 = VECTOR('',#3406,1.);
#3406 = DIRECTION('',(-1.,-0.));
#3407 = ( GEOMETRIC_REPRESENTATION_CONTEXT(2) 
PARAMETRIC_REPRESENTATION_CONTEXT() REPRESENTATION_CONTEXT('2D SPACE',''
  ) );
#3408 = ADVANCED_FACE('',(#3409),#3352,.T.);
#3409 = FACE_BOUND('',#3410,.T.);
#3410 = EDGE_LOOP('',(#3411,#3412,#3435,#3462,#3463));
#3411 = ORIENTED_EDGE('',*,*,#3333,.F.);
#3412 = ORIENTED_EDGE('',*,*,#3413,.F.);
#3413 = EDGE_CURVE('',#3414,#3334,#3416,.T.);
#3414 = VERTEX_POINT('',#3415);
#3415 = CARTESIAN_POINT('',(-6.002972904823,-22.49846159308,
    7.425779241412E-05));
#3416 = SEAM_CURVE('',#3417,(#3421,#3428),.PCURVE_S1.);
#3417 = LINE('',#3418,#3419);
#3418 = CARTESIAN_POINT('',(-6.002972904823,-22.49846159308,
    7.425779241412E-05));
#3419 = VECTOR('',#3420,1.);
#3420 = DIRECTION('',(0.734506573529,-0.678601571308,2.933706444214E-05)
  );
#3421 = PCURVE('',#3352,#3422);
#3422 = DEFINITIONAL_REPRESENTATION('',(#3423),#3427);
#3423 = LINE('',#3424,#3425);
#3424 = CARTESIAN_POINT('',(-6.28318530718,0.));
#3425 = VECTOR('',#3426,1.);
#3426 = DIRECTION('',(-0.,-1.));
#3427 = ( GEOMETRIC_REPRESENTATION_CONTEXT(2) 
PARAMETRIC_REPRESENTATION_CONTEXT() REPRESENTATION_CONTEXT('2D SPACE',''
  ) );
#3428 = PCURVE('',#3352,#3429);
#3429 = DEFINITIONAL_REPRESENTATION('',(#3430),#3434);
#3430 = LINE('',#3431,#3432);
#3431 = CARTESIAN_POINT('',(0.,-0.));
#3432 = VECTOR('',#3433,1.);
#3433 = DIRECTION('',(-0.,-1.));
#3434 = ( GEOMETRIC_REPRESENTATION_CONTEXT(2) 
PARAMETRIC_REPRESENTATION_CONTEXT() REPRESENTATION_CONTEXT('2D SPACE',''
  ) );
#3435 = ORIENTED_EDGE('',*,*,#3436,.T.);
#3436 = EDGE_CURVE('',#3414,#3414,#3437,.T.);
#3437 = SURFACE_CURVE('',#3438,(#3443,#3450),.PCURVE_S1.);
#3438 = CIRCLE('',#3439,6.001954303318);
#3439 = AXIS2_PLACEMENT_3D('',#3440,#3441,#3442);
#3440 = CARTESIAN_POINT('',(-1.018607456205E-03,-22.49819430937,
    7.425779241265E-05));
#3441 = DIRECTION('',(4.453277935694E-05,-0.999999998074,
    4.322956453647E-05));
#3442 = DIRECTION('',(-0.999999999008,-4.453277939855E-05,0.));
#3443 = PCURVE('',#3352,#3444);
#3444 = DEFINITIONAL_REPRESENTATION('',(#3445),#3449);
#3445 = LINE('',#3446,#3447);
#3446 = CARTESIAN_POINT('',(-0.,-0.));
#3447 = VECTOR('',#3448,1.);
#3448 = DIRECTION('',(-1.,-0.));
#3449 = ( GEOMETRIC_REPRESENTATION_CONTEXT(2) 
PARAMETRIC_REPRESENTATION_CONTEXT() REPRESENTATION_CONTEXT('2D SPACE',''
  ) );
#3450 = PCURVE('',#3451,#3456);
#3451 = PLANE('',#3452);
#3452 = AXIS2_PLACEMENT_3D('',#3453,#3454,#3455);
#3453 = CARTESIAN_POINT('',(-1.018607456205E-03,-22.49819430937,
    7.425779241265E-05));
#3454 = DIRECTION('',(4.453277935694E-05,-0.999999998074,
    4.322956453647E-05));
#3455 = DIRECTION('',(-0.999999999008,-4.453277939855E-05,0.));
#3456 = DEFINITIONAL_REPRESENTATION('',(#3457),#3461);
#3457 = CIRCLE('',#3458,6.001954303318);
#3458 = AXIS2_PLACEMENT_2D('',#3459,#3460);
#3459 = CARTESIAN_POINT('',(0.,0.));
#3460 = DIRECTION('',(1.,0.));
#3461 = ( GEOMETRIC_REPRESENTATION_CONTEXT(2) 
PARAMETRIC_REPRESENTATION_CONTEXT() REPRESENTATION_CONTEXT('2D SPACE',''
  ) );
#3462 = ORIENTED_EDGE('',*,*,#3413,.T.);
#3463 = ORIENTED_EDGE('',*,*,#3387,.F.);
#3464 = ADVANCED_FACE('',(#3465,#3468),#3451,.F.);
#3465 = FACE_BOUND('',#3466,.F.);
#3466 = EDGE_LOOP('',(#3467));
#3467 = ORIENTED_EDGE('',*,*,#3436,.T.);
#3468 = FACE_BOUND('',#3469,.F.);
#3469 = EDGE_LOOP('',(#3470));
#3470 = ORIENTED_EDGE('',*,*,#3471,.T.);
#3471 = EDGE_CURVE('',#3472,#3472,#3474,.T.);
#3472 = VERTEX_POINT('',#3473);
#3473 = CARTESIAN_POINT('',(5.997026675431,-22.49792719974,
    7.425779241412E-05));
#3474 = SURFACE_CURVE('',#3475,(#3480,#3491),.PCURVE_S1.);
#3475 = CIRCLE('',#3476,5.998045288835);
#3476 = AXIS2_PLACEMENT_3D('',#3477,#3478,#3479);
#3477 = CARTESIAN_POINT('',(-1.018607456205E-03,-22.49819430937,
    7.425779241265E-05));
#3478 = DIRECTION('',(-4.453277935694E-05,0.999999998074,
    -4.322956453647E-05));
#3479 = DIRECTION('',(0.999999999008,4.453277939855E-05,0.));
#3480 = PCURVE('',#3451,#3481);
#3481 = DEFINITIONAL_REPRESENTATION('',(#3482),#3490);
#3482 = ( BOUNDED_CURVE() B_SPLINE_CURVE(2,(#3483,#3484,#3485,#3486,
#3487,#3488,#3489),.UNSPECIFIED.,.T.,.F.) B_SPLINE_CURVE_WITH_KNOTS((1,2
    ,2,2,2,1),(-2.094395102393,0.,2.094395102393,4.188790204786,
6.28318530718,8.377580409573),.UNSPECIFIED.) CURVE() 
GEOMETRIC_REPRESENTATION_ITEM() RATIONAL_B_SPLINE_CURVE((1.,0.5,1.,0.5,
1.,0.5,1.)) REPRESENTATION_ITEM('') );
#3483 = CARTESIAN_POINT('',(-5.998045288835,1.129222029414E-19));
#3484 = CARTESIAN_POINT('',(-5.998045288835,10.388919186361));
#3485 = CARTESIAN_POINT('',(2.999022644418,5.194459593181));
#3486 = CARTESIAN_POINT('',(11.99609057767,1.469210322468E-15));
#3487 = CARTESIAN_POINT('',(2.999022644418,-5.194459593181));
#3488 = CARTESIAN_POINT('',(-5.998045288835,-10.38891918636));
#3489 = CARTESIAN_POINT('',(-5.998045288835,1.129222029414E-19));
#3490 = ( GEOMETRIC_REPRESENTATION_CONTEXT(2) 
PARAMETRIC_REPRESENTATION_CONTEXT() REPRESENTATION_CONTEXT('2D SPACE',''
  ) );
#3491 = PCURVE('',#3492,#3497);
#3492 = CONICAL_SURFACE('',#3493,6.001953407991,0.824894364951);
#3493 = AXIS2_PLACEMENT_3D('',#3494,#3495,#3496);
#3494 = CARTESIAN_POINT('',(-1.018446648853E-03,-22.50180529781,
    7.441389387076E-05));
#3495 = DIRECTION('',(4.453277935694E-05,-0.999999998074,
    4.322956453647E-05));
#3496 = DIRECTION('',(0.999999999008,4.453277939855E-05,0.));
#3497 = DEFINITIONAL_REPRESENTATION('',(#3498),#3502);
#3498 = LINE('',#3499,#3500);
#3499 = CARTESIAN_POINT('',(-0.,-3.610988447056E-03));
#3500 = VECTOR('',#3501,1.);
#3501 = DIRECTION('',(-1.,-0.));
#3502 = ( GEOMETRIC_REPRESENTATION_CONTEXT(2) 
PARAMETRIC_REPRESENTATION_CONTEXT() REPRESENTATION_CONTEXT('2D SPACE',''
  ) );
#3503 = ADVANCED_FACE('',(#3504),#3492,.T.);
#3504 = FACE_BOUND('',#3505,.T.);
#3505 = EDGE_LOOP('',(#3506,#3507,#3530,#3559,#3581));
#3506 = ORIENTED_EDGE('',*,*,#3471,.T.);
#3507 = ORIENTED_EDGE('',*,*,#3508,.T.);
#3508 = EDGE_CURVE('',#3472,#3509,#3511,.T.);
#3509 = VERTEX_POINT('',#3510);
#3510 = CARTESIAN_POINT('',(5.051942373756,-21.62477480479,
    3.650997519535E-05));
#3511 = SEAM_CURVE('',#3512,(#3516,#3523),.PCURVE_S1.);
#3512 = LINE('',#3513,#3514);
#3513 = CARTESIAN_POINT('',(6.00093495539,-22.50153801414,
    7.441389387223E-05));
#3514 = VECTOR('',#3515,1.);
#3515 = DIRECTION('',(-0.734506319505,0.67860184626,-2.933707632806E-05)
  );
#3516 = PCURVE('',#3492,#3517);
#3517 = DEFINITIONAL_REPRESENTATION('',(#3518),#3522);
#3518 = LINE('',#3519,#3520);
#3519 = CARTESIAN_POINT('',(0.,-0.));
#3520 = VECTOR('',#3521,1.);
#3521 = DIRECTION('',(-0.,-1.));
#3522 = ( GEOMETRIC_REPRESENTATION_CONTEXT(2) 
PARAMETRIC_REPRESENTATION_CONTEXT() REPRESENTATION_CONTEXT('2D SPACE',''
  ) );
#3523 = PCURVE('',#3492,#3524);
#3524 = DEFINITIONAL_REPRESENTATION('',(#3525),#3529);
#3525 = LINE('',#3526,#3527);
#3526 = CARTESIAN_POINT('',(-6.28318530718,0.));
#3527 = VECTOR('',#3528,1.);
#3528 = DIRECTION('',(-0.,-1.));
#3529 = ( GEOMETRIC_REPRESENTATION_CONTEXT(2) 
PARAMETRIC_REPRESENTATION_CONTEXT() REPRESENTATION_CONTEXT('2D SPACE',''
  ) );
#3530 = ORIENTED_EDGE('',*,*,#3531,.F.);
#3531 = EDGE_CURVE('',#3532,#3509,#3534,.T.);
#3532 = VERTEX_POINT('',#3533);
#3533 = CARTESIAN_POINT('',(-5.054057360223,-21.62522485304,
    3.650997519535E-05));
#3534 = SURFACE_CURVE('',#3535,(#3540,#3547),.PCURVE_S1.);
#3535 = CIRCLE('',#3536,5.052999872);
#3536 = AXIS2_PLACEMENT_3D('',#3537,#3538,#3539);
#3537 = CARTESIAN_POINT('',(-1.057493233413E-03,-21.62499982891,
    3.650997519411E-05));
#3538 = DIRECTION('',(-4.453277935694E-05,0.999999998074,
    -4.322956453647E-05));
#3539 = DIRECTION('',(-0.999999999008,-4.453277939855E-05,0.));
#3540 = PCURVE('',#3492,#3541);
#3541 = DEFINITIONAL_REPRESENTATION('',(#3542),#3546);
#3542 = LINE('',#3543,#3544);
#3543 = CARTESIAN_POINT('',(-3.14159265359,-0.876805470586));
#3544 = VECTOR('',#3545,1.);
#3545 = DIRECTION('',(-1.,-0.));
#3546 = ( GEOMETRIC_REPRESENTATION_CONTEXT(2) 
PARAMETRIC_REPRESENTATION_CONTEXT() REPRESENTATION_CONTEXT('2D SPACE',''
  ) );
#3547 = PCURVE('',#3548,#3553);
#3548 = CONICAL_SURFACE('',#3549,6.001953626504,0.824894725957);
#3549 = AXIS2_PLACEMENT_3D('',#3550,#3551,#3552);
#3550 = CARTESIAN_POINT('',(-1.096539798685E-03,-20.74819479316,
    -1.393924757916E-06));
#3551 = DIRECTION('',(-4.453277935694E-05,0.999999998074,
    -4.322956453647E-05));
#3552 = DIRECTION('',(-0.999999999008,-4.453277939855E-05,0.));
#3553 = DEFINITIONAL_REPRESENTATION('',(#3554),#3558);
#3554 = LINE('',#3555,#3556);
#3555 = CARTESIAN_POINT('',(-6.28318530718,-0.876805037442));
#3556 = VECTOR('',#3557,1.);
#3557 = DIRECTION('',(1.,-0.));
#3558 = ( GEOMETRIC_REPRESENTATION_CONTEXT(2) 
PARAMETRIC_REPRESENTATION_CONTEXT() REPRESENTATION_CONTEXT('2D SPACE',''
  ) );
#3559 = ORIENTED_EDGE('',*,*,#3560,.F.);
#3560 = EDGE_CURVE('',#3509,#3532,#3561,.T.);
#3561 = SURFACE_CURVE('',#3562,(#3567,#3574),.PCURVE_S1.);
#3562 = CIRCLE('',#3563,5.052999872);
#3563 = AXIS2_PLACEMENT_3D('',#3564,#3565,#3566);
#3564 = CARTESIAN_POINT('',(-1.057493233413E-03,-21.62499982891,
    3.650997519411E-05));
#3565 = DIRECTION('',(-4.453277935694E-05,0.999999998074,
    -4.322956453647E-05));
#3566 = DIRECTION('',(-0.999999999008,-4.453277939855E-05,0.));
#3567 = PCURVE('',#3492,#3568);
#3568 = DEFINITIONAL_REPRESENTATION('',(#3569),#3573);
#3569 = LINE('',#3570,#3571);
#3570 = CARTESIAN_POINT('',(3.14159265359,-0.876805470586));
#3571 = VECTOR('',#3572,1.);
#3572 = DIRECTION('',(-1.,-0.));
#3573 = ( GEOMETRIC_REPRESENTATION_CONTEXT(2) 
PARAMETRIC_REPRESENTATION_CONTEXT() REPRESENTATION_CONTEXT('2D SPACE',''
  ) );
#3574 = PCURVE('',#3548,#3575);
#3575 = DEFINITIONAL_REPRESENTATION('',(#3576),#3580);
#3576 = LINE('',#3577,#3578);
#3577 = CARTESIAN_POINT('',(-6.28318530718,-0.876805037442));
#3578 = VECTOR('',#3579,1.);
#3579 = DIRECTION('',(1.,-0.));
#3580 = ( GEOMETRIC_REPRESENTATION_CONTEXT(2) 
PARAMETRIC_REPRESENTATION_CONTEXT() REPRESENTATION_CONTEXT('2D SPACE',''
  ) );
#3581 = ORIENTED_EDGE('',*,*,#3508,.F.);
#3582 = ADVANCED_FACE('',(#3583),#3548,.T.);
#3583 = FACE_BOUND('',#3584,.T.);
#3584 = EDGE_LOOP('',(#3585,#3586,#3587,#3610,#3641));
#3585 = ORIENTED_EDGE('',*,*,#3531,.T.);
#3586 = ORIENTED_EDGE('',*,*,#3560,.T.);
#3587 = ORIENTED_EDGE('',*,*,#3588,.F.);
#3588 = EDGE_CURVE('',#3589,#3532,#3591,.T.);
#3589 = VERTEX_POINT('',#3590);
#3590 = CARTESIAN_POINT('',(-5.999142909951,-20.75207193743,
    -1.237864533192E-06));
#3591 = SEAM_CURVE('',#3592,(#3596,#3603),.PCURVE_S1.);
#3592 = LINE('',#3593,#3594);
#3593 = CARTESIAN_POINT('',(-6.003050160351,-20.74846207684,
    -1.393924756446E-06));
#3594 = VECTOR('',#3595,1.);
#3595 = DIRECTION('',(0.734506564484,-0.678601581099,2.933706486538E-05)
  );
#3596 = PCURVE('',#3548,#3597);
#3597 = DEFINITIONAL_REPRESENTATION('',(#3598),#3602);
#3598 = LINE('',#3599,#3600);
#3599 = CARTESIAN_POINT('',(-6.28318530718,0.));
#3600 = VECTOR('',#3601,1.);
#3601 = DIRECTION('',(-0.,-1.));
#3602 = ( GEOMETRIC_REPRESENTATION_CONTEXT(2) 
PARAMETRIC_REPRESENTATION_CONTEXT() REPRESENTATION_CONTEXT('2D SPACE',''
  ) );
#3603 = PCURVE('',#3548,#3604);
#3604 = DEFINITIONAL_REPRESENTATION('',(#3605),#3609);
#3605 = LINE('',#3606,#3607);
#3606 = CARTESIAN_POINT('',(0.,-0.));
#3607 = VECTOR('',#3608,1.);
#3608 = DIRECTION('',(-0.,-1.));
#3609 = ( GEOMETRIC_REPRESENTATION_CONTEXT(2) 
PARAMETRIC_REPRESENTATION_CONTEXT() REPRESENTATION_CONTEXT('2D SPACE',''
  ) );
#3610 = ORIENTED_EDGE('',*,*,#3611,.T.);
#3611 = EDGE_CURVE('',#3589,#3589,#3612,.T.);
#3612 = SURFACE_CURVE('',#3613,(#3618,#3625),.PCURVE_S1.);
#3613 = CIRCLE('',#3614,5.998046536864);
#3614 = AXIS2_PLACEMENT_3D('',#3615,#3616,#3617);
#3615 = CARTESIAN_POINT('',(-1.096379033811E-03,-20.75180482774,
    -1.237864534661E-06));
#3616 = DIRECTION('',(4.453277935694E-05,-0.999999998074,
    4.322956453647E-05));
#3617 = DIRECTION('',(-0.999999999008,-4.453277939855E-05,0.));
#3618 = PCURVE('',#3548,#3619);
#3619 = DEFINITIONAL_REPRESENTATION('',(#3620),#3624);
#3620 = LINE('',#3621,#3622);
#3621 = CARTESIAN_POINT('',(-4.135903062765E-25,-3.610034589251E-03));
#3622 = VECTOR('',#3623,1.);
#3623 = DIRECTION('',(-1.,-0.));
#3624 = ( GEOMETRIC_REPRESENTATION_CONTEXT(2) 
PARAMETRIC_REPRESENTATION_CONTEXT() REPRESENTATION_CONTEXT('2D SPACE',''
  ) );
#3625 = PCURVE('',#3626,#3631);
#3626 = PLANE('',#3627);
#3627 = AXIS2_PLACEMENT_3D('',#3628,#3629,#3630);
#3628 = CARTESIAN_POINT('',(-1.096379033811E-03,-20.75180482774,
    -1.237864534661E-06));
#3629 = DIRECTION('',(-4.453277935694E-05,0.999999998074,
    -4.322956453647E-05));
#3630 = DIRECTION('',(0.999999999008,4.453277939855E-05,0.));
#3631 = DEFINITIONAL_REPRESENTATION('',(#3632),#3640);
#3632 = ( BOUNDED_CURVE() B_SPLINE_CURVE(2,(#3633,#3634,#3635,#3636,
#3637,#3638,#3639),.UNSPECIFIED.,.T.,.F.) B_SPLINE_CURVE_WITH_KNOTS((1,2
    ,2,2,2,1),(-2.094395102393,0.,2.094395102393,4.188790204786,
6.28318530718,8.377580409573),.UNSPECIFIED.) CURVE() 
GEOMETRIC_REPRESENTATION_ITEM() RATIONAL_B_SPLINE_CURVE((1.,0.5,1.,0.5,
1.,0.5,1.)) REPRESENTATION_ITEM('') );
#3633 = CARTESIAN_POINT('',(-5.998046536864,2.62605024917E-20));
#3634 = CARTESIAN_POINT('',(-5.998046536864,10.388921348012));
#3635 = CARTESIAN_POINT('',(2.999023268432,5.194460674006));
#3636 = CARTESIAN_POINT('',(11.996093073729,1.469123951562E-15));
#3637 = CARTESIAN_POINT('',(2.999023268432,-5.194460674006));
#3638 = CARTESIAN_POINT('',(-5.998046536864,-10.38892134801));
#3639 = CARTESIAN_POINT('',(-5.998046536864,2.62605024917E-20));
#3640 = ( GEOMETRIC_REPRESENTATION_CONTEXT(2) 
PARAMETRIC_REPRESENTATION_CONTEXT() REPRESENTATION_CONTEXT('2D SPACE',''
  ) );
#3641 = ORIENTED_EDGE('',*,*,#3588,.T.);
#3642 = ADVANCED_FACE('',(#3643,#3674),#3626,.F.);
#3643 = FACE_BOUND('',#3644,.F.);
#3644 = EDGE_LOOP('',(#3645));
#3645 = ORIENTED_EDGE('',*,*,#3646,.T.);
#3646 = EDGE_CURVE('',#3647,#3647,#3649,.T.);
#3647 = VERTEX_POINT('',#3648);
#3648 = CARTESIAN_POINT('',(6.000857121805,-20.75153754407,
    -1.237864533191E-06));
#3649 = SURFACE_CURVE('',#3650,(#3655,#3662),.PCURVE_S1.);
#3650 = CIRCLE('',#3651,6.00195350679);
#3651 = AXIS2_PLACEMENT_3D('',#3652,#3653,#3654);
#3652 = CARTESIAN_POINT('',(-1.096379033811E-03,-20.75180482774,
    -1.237864534661E-06));
#3653 = DIRECTION('',(-4.453277935694E-05,0.999999998074,
    -4.322956453647E-05));
#3654 = DIRECTION('',(0.999999999008,4.453277939855E-05,0.));
#3655 = PCURVE('',#3626,#3656);
#3656 = DEFINITIONAL_REPRESENTATION('',(#3657),#3661);
#3657 = CIRCLE('',#3658,6.00195350679);
#3658 = AXIS2_PLACEMENT_2D('',#3659,#3660);
#3659 = CARTESIAN_POINT('',(0.,0.));
#3660 = DIRECTION('',(1.,0.));
#3661 = ( GEOMETRIC_REPRESENTATION_CONTEXT(2) 
PARAMETRIC_REPRESENTATION_CONTEXT() REPRESENTATION_CONTEXT('2D SPACE',''
  ) );
#3662 = PCURVE('',#3663,#3668);
#3663 = CONICAL_SURFACE('',#3664,6.00195350679,0.824894673161);
#3664 = AXIS2_PLACEMENT_3D('',#3665,#3666,#3667);
#3665 = CARTESIAN_POINT('',(-1.096379033811E-03,-20.75180482774,
    -1.237864534661E-06));
#3666 = DIRECTION('',(4.453277935694E-05,-0.999999998074,
    4.322956453647E-05));
#3667 = DIRECTION('',(0.999999999008,4.453277939855E-05,0.));
#3668 = DEFINITIONAL_REPRESENTATION('',(#3669),#3673);
#3669 = LINE('',#3670,#3671);
#3670 = CARTESIAN_POINT('',(-0.,-0.));
#3671 = VECTOR('',#3672,1.);
#3672 = DIRECTION('',(-1.,-0.));
#3673 = ( GEOMETRIC_REPRESENTATION_CONTEXT(2) 
PARAMETRIC_REPRESENTATION_CONTEXT() REPRESENTATION_CONTEXT('2D SPACE',''
  ) );
#3674 = FACE_BOUND('',#3675,.F.);
#3675 = EDGE_LOOP('',(#3676));
#3676 = ORIENTED_EDGE('',*,*,#3611,.T.);
#3677 = ADVANCED_FACE('',(#3678),#3663,.T.);
#3678 = FACE_BOUND('',#3679,.T.);
#3679 = EDGE_LOOP('',(#3680,#3711,#3732,#3733,#3734));
#3680 = ORIENTED_EDGE('',*,*,#3681,.T.);
#3681 = EDGE_CURVE('',#3682,#3684,#3686,.T.);
#3682 = VERTEX_POINT('',#3683);
#3683 = CARTESIAN_POINT('',(-6.001096475395,-20.75026706234,
    -1.315892258102E-06));
#3684 = VERTEX_POINT('',#3685);
#3685 = CARTESIAN_POINT('',(5.998903556567,-20.74973266898,
    -1.315892258102E-06));
#3686 = SURFACE_CURVE('',#3687,(#3692,#3699),.PCURVE_S1.);
#3687 = CIRCLE('',#3688,6.000000021931);
#3688 = AXIS2_PLACEMENT_3D('',#3689,#3690,#3691);
#3689 = CARTESIAN_POINT('',(-1.096459413789E-03,-20.74999986566,
    -1.315892259572E-06));
#3690 = DIRECTION('',(4.453277935694E-05,-0.999999998074,
    4.322956453647E-05));
#3691 = DIRECTION('',(0.999999999008,4.453277939855E-05,0.));
#3692 = PCURVE('',#3663,#3693);
#3693 = DEFINITIONAL_REPRESENTATION('',(#3694),#3698);
#3694 = LINE('',#3695,#3696);
#3695 = CARTESIAN_POINT('',(-6.28318530718,-1.804962084341E-03));
#3696 = VECTOR('',#3697,1.);
#3697 = DIRECTION('',(1.,-0.));
#3698 = ( GEOMETRIC_REPRESENTATION_CONTEXT(2) 
PARAMETRIC_REPRESENTATION_CONTEXT() REPRESENTATION_CONTEXT('2D SPACE',''
  ) );
#3699 = PCURVE('',#3700,#3705);
#3700 = CONICAL_SURFACE('',#3701,6.001953626504,0.824894725957);
#3701 = AXIS2_PLACEMENT_3D('',#3702,#3703,#3704);
#3702 = CARTESIAN_POINT('',(-1.096539798685E-03,-20.74819479316,
    -1.393924757916E-06));
#3703 = DIRECTION('',(-4.453277935694E-05,0.999999998074,
    -4.322956453647E-05));
#3704 = DIRECTION('',(-0.999999999008,-4.453277939855E-05,0.));
#3705 = DEFINITIONAL_REPRESENTATION('',(#3706),#3710);
#3706 = LINE('',#3707,#3708);
#3707 = CARTESIAN_POINT('',(3.14159265359,-1.80507250491E-03));
#3708 = VECTOR('',#3709,1.);
#3709 = DIRECTION('',(-1.,-0.));
#3710 = ( GEOMETRIC_REPRESENTATION_CONTEXT(2) 
PARAMETRIC_REPRESENTATION_CONTEXT() REPRESENTATION_CONTEXT('2D SPACE',''
  ) );
#3711 = ORIENTED_EDGE('',*,*,#3712,.F.);
#3712 = EDGE_CURVE('',#3647,#3684,#3713,.T.);
#3713 = SEAM_CURVE('',#3714,(#3718,#3725),.PCURVE_S1.);
#3714 = LINE('',#3715,#3716);
#3715 = CARTESIAN_POINT('',(6.000857121805,-20.75153754407,
    -1.237864533191E-06));
#3716 = VECTOR('',#3717,1.);
#3717 = DIRECTION('',(-0.734506528656,0.678601619877,-2.933706654206E-05
    ));
#3718 = PCURVE('',#3663,#3719);
#3719 = DEFINITIONAL_REPRESENTATION('',(#3720),#3724);
#3720 = LINE('',#3721,#3722);
#3721 = CARTESIAN_POINT('',(-6.28318530718,0.));
#3722 = VECTOR('',#3723,1.);
#3723 = DIRECTION('',(-0.,-1.));
#3724 = ( GEOMETRIC_REPRESENTATION_CONTEXT(2) 
PARAMETRIC_REPRESENTATION_CONTEXT() REPRESENTATION_CONTEXT('2D SPACE',''
  ) );
#3725 = PCURVE('',#3663,#3726);
#3726 = DEFINITIONAL_REPRESENTATION('',(#3727),#3731);
#3727 = LINE('',#3728,#3729);
#3728 = CARTESIAN_POINT('',(0.,-0.));
#3729 = VECTOR('',#3730,1.);
#3730 = DIRECTION('',(-0.,-1.));
#3731 = ( GEOMETRIC_REPRESENTATION_CONTEXT(2) 
PARAMETRIC_REPRESENTATION_CONTEXT() REPRESENTATION_CONTEXT('2D SPACE',''
  ) );
#3732 = ORIENTED_EDGE('',*,*,#3646,.T.);
#3733 = ORIENTED_EDGE('',*,*,#3712,.T.);
#3734 = ORIENTED_EDGE('',*,*,#3735,.T.);
#3735 = EDGE_CURVE('',#3684,#3682,#3736,.T.);
#3736 = SURFACE_CURVE('',#3737,(#3742,#3749),.PCURVE_S1.);
#3737 = CIRCLE('',#3738,6.000000021931);
#3738 = AXIS2_PLACEMENT_3D('',#3739,#3740,#3741);
#3739 = CARTESIAN_POINT('',(-1.096459413789E-03,-20.74999986566,
    -1.315892259572E-06));
#3740 = DIRECTION('',(4.453277935694E-05,-0.999999998074,
    4.322956453647E-05));
#3741 = DIRECTION('',(0.999999999008,4.453277939855E-05,0.));
#3742 = PCURVE('',#3663,#3743);
#3743 = DEFINITIONAL_REPRESENTATION('',(#3744),#3748);
#3744 = LINE('',#3745,#3746);
#3745 = CARTESIAN_POINT('',(-6.28318530718,-1.804962084341E-03));
#3746 = VECTOR('',#3747,1.);
#3747 = DIRECTION('',(1.,-0.));
#3748 = ( GEOMETRIC_REPRESENTATION_CONTEXT(2) 
PARAMETRIC_REPRESENTATION_CONTEXT() REPRESENTATION_CONTEXT('2D SPACE',''
  ) );
#3749 = PCURVE('',#3700,#3750);
#3750 = DEFINITIONAL_REPRESENTATION('',(#3751),#3755);
#3751 = LINE('',#3752,#3753);
#3752 = CARTESIAN_POINT('',(-3.14159265359,-1.80507250491E-03));
#3753 = VECTOR('',#3754,1.);
#3754 = DIRECTION('',(-1.,-0.));
#3755 = ( GEOMETRIC_REPRESENTATION_CONTEXT(2) 
PARAMETRIC_REPRESENTATION_CONTEXT() REPRESENTATION_CONTEXT('2D SPACE',''
  ) );
#3756 = ADVANCED_FACE('',(#3757),#3700,.T.);
#3757 = FACE_BOUND('',#3758,.T.);
#3758 = EDGE_LOOP('',(#3759,#3760,#3783,#3810,#3811));
#3759 = ORIENTED_EDGE('',*,*,#3681,.F.);
#3760 = ORIENTED_EDGE('',*,*,#3761,.F.);
#3761 = EDGE_CURVE('',#3762,#3682,#3764,.T.);
#3762 = VERTEX_POINT('',#3763);
#3763 = CARTESIAN_POINT('',(-6.003050160351,-20.74846207684,
    -1.393924756446E-06));
#3764 = SEAM_CURVE('',#3765,(#3769,#3776),.PCURVE_S1.);
#3765 = LINE('',#3766,#3767);
#3766 = CARTESIAN_POINT('',(-6.003050160351,-20.74846207684,
    -1.393924756446E-06));
#3767 = VECTOR('',#3768,1.);
#3768 = DIRECTION('',(0.734506564484,-0.678601581099,2.933706486538E-05)
  );
#3769 = PCURVE('',#3700,#3770);
#3770 = DEFINITIONAL_REPRESENTATION('',(#3771),#3775);
#3771 = LINE('',#3772,#3773);
#3772 = CARTESIAN_POINT('',(-6.28318530718,0.));
#3773 = VECTOR('',#3774,1.);
#3774 = DIRECTION('',(-0.,-1.));
#3775 = ( GEOMETRIC_REPRESENTATION_CONTEXT(2) 
PARAMETRIC_REPRESENTATION_CONTEXT() REPRESENTATION_CONTEXT('2D SPACE',''
  ) );
#3776 = PCURVE('',#3700,#3777);
#3777 = DEFINITIONAL_REPRESENTATION('',(#3778),#3782);
#3778 = LINE('',#3779,#3780);
#3779 = CARTESIAN_POINT('',(0.,-0.));
#3780 = VECTOR('',#3781,1.);
#3781 = DIRECTION('',(-0.,-1.));
#3782 = ( GEOMETRIC_REPRESENTATION_CONTEXT(2) 
PARAMETRIC_REPRESENTATION_CONTEXT() REPRESENTATION_CONTEXT('2D SPACE',''
  ) );
#3783 = ORIENTED_EDGE('',*,*,#3784,.T.);
#3784 = EDGE_CURVE('',#3762,#3762,#3785,.T.);
#3785 = SURFACE_CURVE('',#3786,(#3791,#3798),.PCURVE_S1.);
#3786 = CIRCLE('',#3787,6.001953626504);
#3787 = AXIS2_PLACEMENT_3D('',#3788,#3789,#3790);
#3788 = CARTESIAN_POINT('',(-1.096539798685E-03,-20.74819479316,
    -1.393924757916E-06));
#3789 = DIRECTION('',(4.453277935694E-05,-0.999999998074,
    4.322956453647E-05));
#3790 = DIRECTION('',(-0.999999999008,-4.453277939855E-05,0.));
#3791 = PCURVE('',#3700,#3792);
#3792 = DEFINITIONAL_REPRESENTATION('',(#3793),#3797);
#3793 = LINE('',#3794,#3795);
#3794 = CARTESIAN_POINT('',(-0.,-0.));
#3795 = VECTOR('',#3796,1.);
#3796 = DIRECTION('',(-1.,-0.));
#3797 = ( GEOMETRIC_REPRESENTATION_CONTEXT(2) 
PARAMETRIC_REPRESENTATION_CONTEXT() REPRESENTATION_CONTEXT('2D SPACE',''
  ) );
#3798 = PCURVE('',#3799,#3804);
#3799 = PLANE('',#3800);
#3800 = AXIS2_PLACEMENT_3D('',#3801,#3802,#3803);
#3801 = CARTESIAN_POINT('',(-1.096539798685E-03,-20.74819479316,
    -1.393924757916E-06));
#3802 = DIRECTION('',(4.453277935694E-05,-0.999999998074,
    4.322956453647E-05));
#3803 = DIRECTION('',(-0.999999999008,-4.453277939855E-05,0.));
#3804 = DEFINITIONAL_REPRESENTATION('',(#3805),#3809);
#3805 = CIRCLE('',#3806,6.001953626504);
#3806 = AXIS2_PLACEMENT_2D('',#3807,#3808);
#3807 = CARTESIAN_POINT('',(0.,0.));
#3808 = DIRECTION('',(1.,0.));
#3809 = ( GEOMETRIC_REPRESENTATION_CONTEXT(2) 
PARAMETRIC_REPRESENTATION_CONTEXT() REPRESENTATION_CONTEXT('2D SPACE',''
  ) );
#3810 = ORIENTED_EDGE('',*,*,#3761,.T.);
#3811 = ORIENTED_EDGE('',*,*,#3735,.F.);
#3812 = ADVANCED_FACE('',(#3813,#3816),#3799,.F.);
#3813 = FACE_BOUND('',#3814,.F.);
#3814 = EDGE_LOOP('',(#3815));
#3815 = ORIENTED_EDGE('',*,*,#3784,.T.);
#3816 = FACE_BOUND('',#3817,.F.);
#3817 = EDGE_LOOP('',(#3818));
#3818 = ORIENTED_EDGE('',*,*,#3819,.T.);
#3819 = EDGE_CURVE('',#3820,#3820,#3822,.T.);
#3820 = VERTEX_POINT('',#3821);
#3821 = CARTESIAN_POINT('',(5.996949871819,-20.74792768348,
    -1.393924756447E-06));
#3822 = SURFACE_CURVE('',#3823,(#3828,#3839),.PCURVE_S1.);
#3823 = CIRCLE('',#3824,5.998046417565);
#3824 = AXIS2_PLACEMENT_3D('',#3825,#3826,#3827);
#3825 = CARTESIAN_POINT('',(-1.096539798685E-03,-20.74819479316,
    -1.393924757916E-06));
#3826 = DIRECTION('',(-4.453277935694E-05,0.999999998074,
    -4.322956453647E-05));
#3827 = DIRECTION('',(0.999999999008,4.453277939855E-05,0.));
#3828 = PCURVE('',#3799,#3829);
#3829 = DEFINITIONAL_REPRESENTATION('',(#3830),#3838);
#3830 = ( BOUNDED_CURVE() B_SPLINE_CURVE(2,(#3831,#3832,#3833,#3834,
#3835,#3836,#3837),.UNSPECIFIED.,.T.,.F.) B_SPLINE_CURVE_WITH_KNOTS((1,2
    ,2,2,2,1),(-2.094395102393,0.,2.094395102393,4.188790204786,
6.28318530718,8.377580409573),.UNSPECIFIED.) CURVE() 
GEOMETRIC_REPRESENTATION_ITEM() RATIONAL_B_SPLINE_CURVE((1.,0.5,1.,0.5,
1.,0.5,1.)) REPRESENTATION_ITEM('') );
#3831 = CARTESIAN_POINT('',(-5.998046417565,-2.626050249165E-20));
#3832 = CARTESIAN_POINT('',(-5.998046417565,10.388921141379));
#3833 = CARTESIAN_POINT('',(2.999023208782,5.194460570689));
#3834 = CARTESIAN_POINT('',(11.99609283513,1.469071416221E-15));
#3835 = CARTESIAN_POINT('',(2.999023208782,-5.194460570689));
#3836 = CARTESIAN_POINT('',(-5.998046417565,-10.38892114137));
#3837 = CARTESIAN_POINT('',(-5.998046417565,-2.626050249165E-20));
#3838 = ( GEOMETRIC_REPRESENTATION_CONTEXT(2) 
PARAMETRIC_REPRESENTATION_CONTEXT() REPRESENTATION_CONTEXT('2D SPACE',''
  ) );
#3839 = PCURVE('',#3840,#3845);
#3840 = CONICAL_SURFACE('',#3841,6.00195350679,0.824894673161);
#3841 = AXIS2_PLACEMENT_3D('',#3842,#3843,#3844);
#3842 = CARTESIAN_POINT('',(-1.096379033811E-03,-20.75180482774,
    -1.237864534661E-06));
#3843 = DIRECTION('',(4.453277935694E-05,-0.999999998074,
    4.322956453647E-05));
#3844 = DIRECTION('',(0.999999999008,4.453277939855E-05,0.));
#3845 = DEFINITIONAL_REPRESENTATION('',(#3846),#3850);
#3846 = LINE('',#3847,#3848);
#3847 = CARTESIAN_POINT('',(-0.,-3.610034589251E-03));
#3848 = VECTOR('',#3849,1.);
#3849 = DIRECTION('',(-1.,-0.));
#3850 = ( GEOMETRIC_REPRESENTATION_CONTEXT(2) 
PARAMETRIC_REPRESENTATION_CONTEXT() REPRESENTATION_CONTEXT('2D SPACE',''
  ) );
#3851 = ADVANCED_FACE('',(#3852),#3840,.T.);
#3852 = FACE_BOUND('',#3853,.T.);
#3853 = EDGE_LOOP('',(#3854,#3885,#3906,#3907,#3908));
#3854 = ORIENTED_EDGE('',*,*,#3855,.T.);
#3855 = EDGE_CURVE('',#3856,#3858,#3860,.T.);
#3856 = VERTEX_POINT('',#3857);
#3857 = CARTESIAN_POINT('',(-5.054135409426,-19.87522494182,
    -3.914175905155E-05));
#3858 = VERTEX_POINT('',#3859);
#3859 = CARTESIAN_POINT('',(5.051864558239,-19.87477489355,
    -3.914175905155E-05));
#3860 = SURFACE_CURVE('',#3861,(#3866,#3873),.PCURVE_S1.);
#3861 = CIRCLE('',#3862,5.052999988843);
#3862 = AXIS2_PLACEMENT_3D('',#3863,#3864,#3865);
#3863 = CARTESIAN_POINT('',(-1.135425593485E-03,-19.87499991769,
    -3.914175905278E-05));
#3864 = DIRECTION('',(4.453277935694E-05,-0.999999998074,
    4.322956453647E-05));
#3865 = DIRECTION('',(0.999999999008,4.453277939855E-05,0.));
#3866 = PCURVE('',#3840,#3867);
#3867 = DEFINITIONAL_REPRESENTATION('',(#3868),#3872);
#3868 = LINE('',#3869,#3870);
#3869 = CARTESIAN_POINT('',(-6.28318530718,-0.876804911744));
#3870 = VECTOR('',#3871,1.);
#3871 = DIRECTION('',(1.,-0.));
#3872 = ( GEOMETRIC_REPRESENTATION_CONTEXT(2) 
PARAMETRIC_REPRESENTATION_CONTEXT() REPRESENTATION_CONTEXT('2D SPACE',''
  ) );
#3873 = PCURVE('',#3874,#3879);
#3874 = CONICAL_SURFACE('',#3875,6.001954387067,0.82489474624);
#3875 = AXIS2_PLACEMENT_3D('',#3876,#3877,#3878);
#3876 = CARTESIAN_POINT('',(-1.174472183654E-03,-18.99819432284,
    -7.70456831744E-05));
#3877 = DIRECTION('',(-4.453277935694E-05,0.999999998074,
    -4.322956453647E-05));
#3878 = DIRECTION('',(-0.999999999008,-4.453277939855E-05,0.));
#3879 = DEFINITIONAL_REPRESENTATION('',(#3880),#3884);
#3880 = LINE('',#3881,#3882);
#3881 = CARTESIAN_POINT('',(3.14159265359,-0.876805596541));
#3882 = VECTOR('',#3883,1.);
#3883 = DIRECTION('',(-1.,-0.));
#3884 = ( GEOMETRIC_REPRESENTATION_CONTEXT(2) 
PARAMETRIC_REPRESENTATION_CONTEXT() REPRESENTATION_CONTEXT('2D SPACE',''
  ) );
#3885 = ORIENTED_EDGE('',*,*,#3886,.F.);
#3886 = EDGE_CURVE('',#3820,#3858,#3887,.T.);
#3887 = SEAM_CURVE('',#3888,(#3892,#3899),.PCURVE_S1.);
#3888 = LINE('',#3889,#3890);
#3889 = CARTESIAN_POINT('',(6.000857121805,-20.75153754407,
    -1.237864533191E-06));
#3890 = VECTOR('',#3891,1.);
#3891 = DIRECTION('',(-0.734506528656,0.678601619877,-2.933706654206E-05
    ));
#3892 = PCURVE('',#3840,#3893);
#3893 = DEFINITIONAL_REPRESENTATION('',(#3894),#3898);
#3894 = LINE('',#3895,#3896);
#3895 = CARTESIAN_POINT('',(-6.28318530718,0.));
#3896 = VECTOR('',#3897,1.);
#3897 = DIRECTION('',(-0.,-1.));
#3898 = ( GEOMETRIC_REPRESENTATION_CONTEXT(2) 
PARAMETRIC_REPRESENTATION_CONTEXT() REPRESENTATION_CONTEXT('2D SPACE',''
  ) );
#3899 = PCURVE('',#3840,#3900);
#3900 = DEFINITIONAL_REPRESENTATION('',(#3901),#3905);
#3901 = LINE('',#3902,#3903);
#3902 = CARTESIAN_POINT('',(0.,-0.));
#3903 = VECTOR('',#3904,1.);
#3904 = DIRECTION('',(-0.,-1.));
#3905 = ( GEOMETRIC_REPRESENTATION_CONTEXT(2) 
PARAMETRIC_REPRESENTATION_CONTEXT() REPRESENTATION_CONTEXT('2D SPACE',''
  ) );
#3906 = ORIENTED_EDGE('',*,*,#3819,.T.);
#3907 = ORIENTED_EDGE('',*,*,#3886,.T.);
#3908 = ORIENTED_EDGE('',*,*,#3909,.T.);
#3909 = EDGE_CURVE('',#3858,#3856,#3910,.T.);
#3910 = SURFACE_CURVE('',#3911,(#3916,#3923),.PCURVE_S1.);
#3911 = CIRCLE('',#3912,5.052999988843);
#3912 = AXIS2_PLACEMENT_3D('',#3913,#3914,#3915);
#3913 = CARTESIAN_POINT('',(-1.135425593485E-03,-19.87499991769,
    -3.914175905278E-05));
#3914 = DIRECTION('',(4.453277935694E-05,-0.999999998074,
    4.322956453647E-05));
#3915 = DIRECTION('',(0.999999999008,4.453277939855E-05,0.));
#3916 = PCURVE('',#3840,#3917);
#3917 = DEFINITIONAL_REPRESENTATION('',(#3918),#3922);
#3918 = LINE('',#3919,#3920);
#3919 = CARTESIAN_POINT('',(-6.28318530718,-0.876804911744));
#3920 = VECTOR('',#3921,1.);
#3921 = DIRECTION('',(1.,-0.));
#3922 = ( GEOMETRIC_REPRESENTATION_CONTEXT(2) 
PARAMETRIC_REPRESENTATION_CONTEXT() REPRESENTATION_CONTEXT('2D SPACE',''
  ) );
#3923 = PCURVE('',#3874,#3924);
#3924 = DEFINITIONAL_REPRESENTATION('',(#3925),#3929);
#3925 = LINE('',#3926,#3927);
#3926 = CARTESIAN_POINT('',(-3.14159265359,-0.876805596541));
#3927 = VECTOR('',#3928,1.);
#3928 = DIRECTION('',(-1.,-0.));
#3929 = ( GEOMETRIC_REPRESENTATION_CONTEXT(2) 
PARAMETRIC_REPRESENTATION_CONTEXT() REPRESENTATION_CONTEXT('2D SPACE',''
  ) );
#3930 = ADVANCED_FACE('',(#3931),#3874,.T.);
#3931 = FACE_BOUND('',#3932,.T.);
#3932 = EDGE_LOOP('',(#3933,#3962,#3983,#3984,#3985));
#3933 = ORIENTED_EDGE('',*,*,#3934,.T.);
#3934 = EDGE_CURVE('',#3935,#3935,#3937,.T.);
#3935 = VERTEX_POINT('',#3936);
#3936 = CARTESIAN_POINT('',(-5.987648036779,-19.01276414195,
    -7.642736099324E-05));
#3937 = SURFACE_CURVE('',#3938,(#3943,#3950),.PCURVE_S1.);
#3938 = CIRCLE('',#3939,5.986474207494);
#3939 = AXIS2_PLACEMENT_3D('',#3940,#3941,#3942);
#3940 = CARTESIAN_POINT('',(-1.1738352213E-03,-19.01249754761,
    -7.64273609947E-05));
#3941 = DIRECTION('',(4.453277935694E-05,-0.999999998074,
    4.322956453647E-05));
#3942 = DIRECTION('',(-0.999999999008,-4.453277939855E-05,0.));
#3943 = PCURVE('',#3874,#3944);
#3944 = DEFINITIONAL_REPRESENTATION('',(#3945),#3949);
#3945 = LINE('',#3946,#3947);
#3946 = CARTESIAN_POINT('',(-4.135903062765E-25,-1.430322480297E-02));
#3947 = VECTOR('',#3948,1.);
#3948 = DIRECTION('',(-1.,-0.));
#3949 = ( GEOMETRIC_REPRESENTATION_CONTEXT(2) 
PARAMETRIC_REPRESENTATION_CONTEXT() REPRESENTATION_CONTEXT('2D SPACE',''
  ) );
#3950 = PCURVE('',#3951,#3956);
#3951 = PLANE('',#3952);
#3952 = AXIS2_PLACEMENT_3D('',#3953,#3954,#3955);
#3953 = CARTESIAN_POINT('',(-1.1738352213E-03,-19.01249754761,
    -7.64273609947E-05));
#3954 = DIRECTION('',(4.453277935694E-05,-0.999999998074,
    4.322956453647E-05));
#3955 = DIRECTION('',(-0.999999999008,-4.453277939855E-05,0.));
#3956 = DEFINITIONAL_REPRESENTATION('',(#3957),#3961);
#3957 = CIRCLE('',#3958,5.986474207494);
#3958 = AXIS2_PLACEMENT_2D('',#3959,#3960);
#3959 = CARTESIAN_POINT('',(0.,3.659182328719E-19));
#3960 = DIRECTION('',(1.,4.135903062765E-25));
#3961 = ( GEOMETRIC_REPRESENTATION_CONTEXT(2) 
PARAMETRIC_REPRESENTATION_CONTEXT() REPRESENTATION_CONTEXT('2D SPACE',''
  ) );
#3962 = ORIENTED_EDGE('',*,*,#3963,.T.);
#3963 = EDGE_CURVE('',#3935,#3856,#3964,.T.);
#3964 = SEAM_CURVE('',#3965,(#3969,#3976),.PCURVE_S1.);
#3965 = LINE('',#3966,#3967);
#3966 = CARTESIAN_POINT('',(-6.0031288533,-18.99846160655,
    -7.704568317293E-05));
#3967 = VECTOR('',#3968,1.);
#3968 = DIRECTION('',(0.734506578248,-0.678601566201,2.933706422137E-05)
  );
#3969 = PCURVE('',#3874,#3970);
#3970 = DEFINITIONAL_REPRESENTATION('',(#3971),#3975);
#3971 = LINE('',#3972,#3973);
#3972 = CARTESIAN_POINT('',(0.,-0.));
#3973 = VECTOR('',#3974,1.);
#3974 = DIRECTION('',(-0.,-1.));
#3975 = ( GEOMETRIC_REPRESENTATION_CONTEXT(2) 
PARAMETRIC_REPRESENTATION_CONTEXT() REPRESENTATION_CONTEXT('2D SPACE',''
  ) );
#3976 = PCURVE('',#3874,#3977);
#3977 = DEFINITIONAL_REPRESENTATION('',(#3978),#3982);
#3978 = LINE('',#3979,#3980);
#3979 = CARTESIAN_POINT('',(-6.28318530718,0.));
#3980 = VECTOR('',#3981,1.);
#3981 = DIRECTION('',(-0.,-1.));
#3982 = ( GEOMETRIC_REPRESENTATION_CONTEXT(2) 
PARAMETRIC_REPRESENTATION_CONTEXT() REPRESENTATION_CONTEXT('2D SPACE',''
  ) );
#3983 = ORIENTED_EDGE('',*,*,#3909,.F.);
#3984 = ORIENTED_EDGE('',*,*,#3855,.F.);
#3985 = ORIENTED_EDGE('',*,*,#3963,.F.);
#3986 = ADVANCED_FACE('',(#3987,#4018),#3951,.T.);
#3987 = FACE_BOUND('',#3988,.T.);
#3988 = EDGE_LOOP('',(#3989));
#3989 = ORIENTED_EDGE('',*,*,#3990,.T.);
#3990 = EDGE_CURVE('',#3991,#3991,#3993,.T.);
#3991 = VERTEX_POINT('',#3992);
#3992 = CARTESIAN_POINT('',(-6.017499848216,-19.01276547133,
    -7.642736099323E-05));
#3993 = SURFACE_CURVE('',#3994,(#3999,#4006),.PCURVE_S1.);
#3994 = CIRCLE('',#3995,6.01632601896);
#3995 = AXIS2_PLACEMENT_3D('',#3996,#3997,#3998);
#3996 = CARTESIAN_POINT('',(-1.1738352213E-03,-19.01249754761,
    -7.64273609947E-05));
#3997 = DIRECTION('',(4.453277935694E-05,-0.999999998074,
    4.322956453647E-05));
#3998 = DIRECTION('',(-0.999999999008,-4.453277939855E-05,0.));
#3999 = PCURVE('',#3951,#4000);
#4000 = DEFINITIONAL_REPRESENTATION('',(#4001),#4005);
#4001 = CIRCLE('',#4002,6.01632601896);
#4002 = AXIS2_PLACEMENT_2D('',#4003,#4004);
#4003 = CARTESIAN_POINT('',(0.,0.));
#4004 = DIRECTION('',(1.,0.));
#4005 = ( GEOMETRIC_REPRESENTATION_CONTEXT(2) 
PARAMETRIC_REPRESENTATION_CONTEXT() REPRESENTATION_CONTEXT('2D SPACE',''
  ) );
#4006 = PCURVE('',#4007,#4012);
#4007 = CYLINDRICAL_SURFACE('',#4008,6.01632601896);
#4008 = AXIS2_PLACEMENT_3D('',#4009,#4010,#4011);
#4009 = CARTESIAN_POINT('',(-1.664808044232E-03,-7.987521584375,
    -5.530322718286E-04));
#4010 = DIRECTION('',(4.453277935694E-05,-0.999999998074,
    4.322956453647E-05));
#4011 = DIRECTION('',(-0.999999999008,-4.453277939855E-05,0.));
#4012 = DEFINITIONAL_REPRESENTATION('',(#4013),#4017);
#4013 = LINE('',#4014,#4015);
#4014 = CARTESIAN_POINT('',(0.,11.024975984474));
#4015 = VECTOR('',#4016,1.);
#4016 = DIRECTION('',(1.,0.));
#4017 = ( GEOMETRIC_REPRESENTATION_CONTEXT(2) 
PARAMETRIC_REPRESENTATION_CONTEXT() REPRESENTATION_CONTEXT('2D SPACE',''
  ) );
#4018 = FACE_BOUND('',#4019,.T.);
#4019 = EDGE_LOOP('',(#4020));
#4020 = ORIENTED_EDGE('',*,*,#3934,.F.);
#4021 = ADVANCED_FACE('',(#4022),#4007,.T.);
#4022 = FACE_BOUND('',#4023,.T.);
#4023 = EDGE_LOOP('',(#4024,#4047,#4048,#4049));
#4024 = ORIENTED_EDGE('',*,*,#4025,.T.);
#4025 = EDGE_CURVE('',#4026,#3991,#4028,.T.);
#4026 = VERTEX_POINT('',#4027);
#4027 = CARTESIAN_POINT('',(-6.017990265336,-8.000268021717,
    -5.524928311161E-04));
#4028 = SEAM_CURVE('',#4029,(#4033,#4040),.PCURVE_S1.);
#4029 = LINE('',#4030,#4031);
#4030 = CARTESIAN_POINT('',(-6.017990821039,-7.987789508094,
    -5.530322718271E-04));
#4031 = VECTOR('',#4032,1.);
#4032 = DIRECTION('',(4.453277935694E-05,-0.999999998074,
    4.322956453647E-05));
#4033 = PCURVE('',#4007,#4034);
#4034 = DEFINITIONAL_REPRESENTATION('',(#4035),#4039);
#4035 = LINE('',#4036,#4037);
#4036 = CARTESIAN_POINT('',(6.28318530718,-0.));
#4037 = VECTOR('',#4038,1.);
#4038 = DIRECTION('',(0.,1.));
#4039 = ( GEOMETRIC_REPRESENTATION_CONTEXT(2) 
PARAMETRIC_REPRESENTATION_CONTEXT() REPRESENTATION_CONTEXT('2D SPACE',''
  ) );
#4040 = PCURVE('',#4007,#4041);
#4041 = DEFINITIONAL_REPRESENTATION('',(#4042),#4046);
#4042 = LINE('',#4043,#4044);
#4043 = CARTESIAN_POINT('',(0.,-0.));
#4044 = VECTOR('',#4045,1.);
#4045 = DIRECTION('',(0.,1.));
#4046 = ( GEOMETRIC_REPRESENTATION_CONTEXT(2) 
PARAMETRIC_REPRESENTATION_CONTEXT() REPRESENTATION_CONTEXT('2D SPACE',''
  ) );
#4047 = ORIENTED_EDGE('',*,*,#3990,.F.);
#4048 = ORIENTED_EDGE('',*,*,#4025,.F.);
#4049 = ORIENTED_EDGE('',*,*,#4050,.T.);
#4050 = EDGE_CURVE('',#4026,#4026,#4051,.T.);
#4051 = SURFACE_CURVE('',#4052,(#4057,#4064),.PCURVE_S1.);
#4052 = CIRCLE('',#4053,6.01632601896);
#4053 = AXIS2_PLACEMENT_3D('',#4054,#4055,#4056);
#4054 = CARTESIAN_POINT('',(-1.664252341337E-03,-8.000000097998,
    -5.524928311176E-04));
#4055 = DIRECTION('',(4.453277935694E-05,-0.999999998074,
    4.322956453647E-05));
#4056 = DIRECTION('',(-0.999999999008,-4.453277939855E-05,0.));
#4057 = PCURVE('',#4007,#4058);
#4058 = DEFINITIONAL_REPRESENTATION('',(#4059),#4063);
#4059 = LINE('',#4060,#4061);
#4060 = CARTESIAN_POINT('',(0.,1.247851364675E-02));
#4061 = VECTOR('',#4062,1.);
#4062 = DIRECTION('',(1.,0.));
#4063 = ( GEOMETRIC_REPRESENTATION_CONTEXT(2) 
PARAMETRIC_REPRESENTATION_CONTEXT() REPRESENTATION_CONTEXT('2D SPACE',''
  ) );
#4064 = PCURVE('',#4065,#4070);
#4065 = PLANE('',#4066);
#4066 = AXIS2_PLACEMENT_3D('',#4067,#4068,#4069);
#4067 = CARTESIAN_POINT('',(-1.664252341337E-03,-8.000000097998,
    -5.524928311211E-04));
#4068 = DIRECTION('',(-4.453277935694E-05,0.999999998074,
    -4.322956453622E-05));
#4069 = DIRECTION('',(-0.999999994754,-4.453676682813E-05,
    -9.224286839263E-05));
#4070 = DEFINITIONAL_REPRESENTATION('',(#4071),#4079);
#4071 = ( BOUNDED_CURVE() B_SPLINE_CURVE(2,(#4072,#4073,#4074,#4075,
#4076,#4077,#4078),.UNSPECIFIED.,.T.,.F.) B_SPLINE_CURVE_WITH_KNOTS((1,2
    ,2,2,2,1),(-2.094395102393,0.,2.094395102393,4.188790204786,
6.28318530718,8.377580409573),.UNSPECIFIED.) CURVE() 
GEOMETRIC_REPRESENTATION_ITEM() RATIONAL_B_SPLINE_CURVE((1.,0.5,1.,0.5,
1.,0.5,1.)) REPRESENTATION_ITEM('') );
#4072 = CARTESIAN_POINT('',(6.016325993365,5.549631696962E-04));
#4073 = CARTESIAN_POINT('',(6.017287217771,-10.42002733223));
#4074 = CARTESIAN_POINT('',(-3.007682384479,-5.210568629287));
#4075 = CARTESIAN_POINT('',(-12.03265198672,-1.109926339383E-03));
#4076 = CARTESIAN_POINT('',(-3.008643608885,5.210013666118));
#4077 = CARTESIAN_POINT('',(6.015364768958,10.421137258574));
#4078 = CARTESIAN_POINT('',(6.016325993365,5.549631696962E-04));
#4079 = ( GEOMETRIC_REPRESENTATION_CONTEXT(2) 
PARAMETRIC_REPRESENTATION_CONTEXT() REPRESENTATION_CONTEXT('2D SPACE',''
  ) );
#4080 = ADVANCED_FACE('',(#4081,#4251),#4065,.F.);
#4081 = FACE_BOUND('',#4082,.F.);
#4082 = EDGE_LOOP('',(#4083,#4113,#4141,#4169,#4197,#4225));
#4083 = ORIENTED_EDGE('',*,*,#4084,.T.);
#4084 = EDGE_CURVE('',#4085,#4087,#4089,.T.);
#4085 = VERTEX_POINT('',#4086);
#4086 = CARTESIAN_POINT('',(-10.9713278701,-8.000488651351,
    -1.564366073833E-03));
#4087 = VERTEX_POINT('',#4088);
#4088 = CARTESIAN_POINT('',(-5.487372387448,-7.999833732517,
    9.498948935049));
#4089 = SURFACE_CURVE('',#4090,(#4094,#4101),.PCURVE_S1.);
#4090 = LINE('',#4091,#4092);
#4091 = CARTESIAN_POINT('',(-10.9713278701,-8.000488651351,
    -1.564366073833E-03));
#4092 = VECTOR('',#4093,1.);
#4093 = DIRECTION('',(0.499920111042,5.970272681435E-05,0.866071520725)
  );
#4094 = PCURVE('',#4065,#4095);
#4095 = DEFINITIONAL_REPRESENTATION('',(#4096),#4100);
#4096 = LINE('',#4097,#4098);
#4097 = CARTESIAN_POINT('',(10.969663675316,1.295468588265E-15));
#4098 = VECTOR('',#4099,1.);
#4099 = DIRECTION('',(-0.5,0.866025403784));
#4100 = ( GEOMETRIC_REPRESENTATION_CONTEXT(2) 
PARAMETRIC_REPRESENTATION_CONTEXT() REPRESENTATION_CONTEXT('2D SPACE',''
  ) );
#4101 = PCURVE('',#4102,#4107);
#4102 = PLANE('',#4103);
#4103 = AXIS2_PLACEMENT_3D('',#4104,#4105,#4106);
#4104 = CARTESIAN_POINT('',(-10.9713278701,-8.000488651351,
    -1.564366073833E-03));
#4105 = DIRECTION('',(0.866071521638,1.695724323649E-05,-0.499920112738)
  );
#4106 = DIRECTION('',(0.499920111042,5.970272681435E-05,0.866071520725)
  );
#4107 = DEFINITIONAL_REPRESENTATION('',(#4108),#4112);
#4108 = LINE('',#4109,#4110);
#4109 = CARTESIAN_POINT('',(0.,0.));
#4110 = VECTOR('',#4111,1.);
#4111 = DIRECTION('',(1.,0.));
#4112 = ( GEOMETRIC_REPRESENTATION_CONTEXT(2) 
PARAMETRIC_REPRESENTATION_CONTEXT() REPRESENTATION_CONTEXT('2D SPACE',''
  ) );
#4113 = ORIENTED_EDGE('',*,*,#4114,.T.);
#4114 = EDGE_CURVE('',#4087,#4115,#4117,.T.);
#4115 = VERTEX_POINT('',#4116);
#4116 = CARTESIAN_POINT('',(5.48229123032,-7.999345179164,9.499960808292
    ));
#4117 = SURFACE_CURVE('',#4118,(#4122,#4129),.PCURVE_S1.);
#4118 = LINE('',#4119,#4120);
#4119 = CARTESIAN_POINT('',(-5.487372387448,-7.999833732517,
    9.498948935049));
#4120 = VECTOR('',#4121,1.);
#4121 = DIRECTION('',(0.999999994754,4.453676682813E-05,
    9.224286839263E-05));
#4122 = PCURVE('',#4065,#4123);
#4123 = DEFINITIONAL_REPRESENTATION('',(#4124),#4128);
#4124 = LINE('',#4125,#4126);
#4125 = CARTESIAN_POINT('',(5.484831837658,9.500007413795));
#4126 = VECTOR('',#4127,1.);
#4127 = DIRECTION('',(-1.,0.));
#4128 = ( GEOMETRIC_REPRESENTATION_CONTEXT(2) 
PARAMETRIC_REPRESENTATION_CONTEXT() REPRESENTATION_CONTEXT('2D SPACE',''
  ) );
#4129 = PCURVE('',#4130,#4135);
#4130 = PLANE('',#4131);
#4131 = AXIS2_PLACEMENT_3D('',#4132,#4133,#4134);
#4132 = CARTESIAN_POINT('',(-5.487372387448,-7.999833732517,
    9.498948935049));
#4133 = DIRECTION('',(9.224479352001E-05,-4.322545647818E-05,
    -0.999999994811));
#4134 = DIRECTION('',(0.999999994754,4.453676682813E-05,
    9.224286839263E-05));
#4135 = DEFINITIONAL_REPRESENTATION('',(#4136),#4140);
#4136 = LINE('',#4137,#4138);
#4137 = CARTESIAN_POINT('',(0.,-0.));
#4138 = VECTOR('',#4139,1.);
#4139 = DIRECTION('',(1.,0.));
#4140 = ( GEOMETRIC_REPRESENTATION_CONTEXT(2) 
PARAMETRIC_REPRESENTATION_CONTEXT() REPRESENTATION_CONTEXT('2D SPACE',''
  ) );
#4141 = ORIENTED_EDGE('',*,*,#4142,.T.);
#4142 = EDGE_CURVE('',#4115,#4143,#4145,.T.);
#4143 = VERTEX_POINT('',#4144);
#4144 = CARTESIAN_POINT('',(10.967999365427,-7.999511544645,
    4.593804115952E-04));
#4145 = SURFACE_CURVE('',#4146,(#4150,#4157),.PCURVE_S1.);
#4146 = LINE('',#4147,#4148);
#4147 = CARTESIAN_POINT('',(5.48229123032,-7.999345179164,9.499960808292
    ));
#4148 = VECTOR('',#4149,1.);
#4149 = DIRECTION('',(0.500079883711,-1.516595998622E-05,-0.865979277857
    ));
#4150 = PCURVE('',#4065,#4151);
#4151 = DEFINITIONAL_REPRESENTATION('',(#4152),#4156);
#4152 = LINE('',#4153,#4154);
#4153 = CARTESIAN_POINT('',(-5.484831837658,9.500007413795));
#4154 = VECTOR('',#4155,1.);
#4155 = DIRECTION('',(-0.5,-0.866025403784));
#4156 = ( GEOMETRIC_REPRESENTATION_CONTEXT(2) 
PARAMETRIC_REPRESENTATION_CONTEXT() REPRESENTATION_CONTEXT('2D SPACE',''
  ) );
#4157 = PCURVE('',#4158,#4163);
#4158 = PLANE('',#4159);
#4159 = AXIS2_PLACEMENT_3D('',#4160,#4161,#4162);
#4160 = CARTESIAN_POINT('',(5.48229123032,-7.999345179164,9.499960808292
    ));
#4161 = DIRECTION('',(-0.865979276844,-6.018269971467E-05,
    -0.500079882073));
#4162 = DIRECTION('',(0.500079883711,-1.516595998622E-05,-0.865979277857
    ));
#4163 = DEFINITIONAL_REPRESENTATION('',(#4164),#4168);
#4164 = LINE('',#4165,#4166);
#4165 = CARTESIAN_POINT('',(0.,0.));
#4166 = VECTOR('',#4167,1.);
#4167 = DIRECTION('',(1.,0.));
#4168 = ( GEOMETRIC_REPRESENTATION_CONTEXT(2) 
PARAMETRIC_REPRESENTATION_CONTEXT() REPRESENTATION_CONTEXT('2D SPACE',''
  ) );
#4169 = ORIENTED_EDGE('',*,*,#4170,.T.);
#4170 = EDGE_CURVE('',#4143,#4171,#4173,.T.);
#4171 = VERTEX_POINT('',#4172);
#4172 = CARTESIAN_POINT('',(5.484043882765,-8.000166463478,
    -9.500053920712));
#4173 = SURFACE_CURVE('',#4174,(#4178,#4185),.PCURVE_S1.);
#4174 = LINE('',#4175,#4176);
#4175 = CARTESIAN_POINT('',(10.967999365427,-7.999511544645,
    4.593804115952E-04));
#4176 = VECTOR('',#4177,1.);
#4177 = DIRECTION('',(-0.499920111042,-5.970272681435E-05,
    -0.866071520725));
#4178 = PCURVE('',#4065,#4179);
#4179 = DEFINITIONAL_REPRESENTATION('',(#4180),#4184);
#4180 = LINE('',#4181,#4182);
#4181 = CARTESIAN_POINT('',(-10.96966367531,2.638864939035E-15));
#4182 = VECTOR('',#4183,1.);
#4183 = DIRECTION('',(0.5,-0.866025403784));
#4184 = ( GEOMETRIC_REPRESENTATION_CONTEXT(2) 
PARAMETRIC_REPRESENTATION_CONTEXT() REPRESENTATION_CONTEXT('2D SPACE',''
  ) );
#4185 = PCURVE('',#4186,#4191);
#4186 = PLANE('',#4187);
#4187 = AXIS2_PLACEMENT_3D('',#4188,#4189,#4190);
#4188 = CARTESIAN_POINT('',(10.967999365427,-7.999511544645,
    4.593804115952E-04));
#4189 = DIRECTION('',(-0.866071521638,-1.695724323649E-05,0.499920112738
    ));
#4190 = DIRECTION('',(-0.499920111042,-5.970272681435E-05,
    -0.866071520725));
#4191 = DEFINITIONAL_REPRESENTATION('',(#4192),#4196);
#4192 = LINE('',#4193,#4194);
#4193 = CARTESIAN_POINT('',(0.,0.));
#4194 = VECTOR('',#4195,1.);
#4195 = DIRECTION('',(1.,0.));
#4196 = ( GEOMETRIC_REPRESENTATION_CONTEXT(2) 
PARAMETRIC_REPRESENTATION_CONTEXT() REPRESENTATION_CONTEXT('2D SPACE',''
  ) );
#4197 = ORIENTED_EDGE('',*,*,#4198,.T.);
#4198 = EDGE_CURVE('',#4171,#4199,#4201,.T.);
#4199 = VERTEX_POINT('',#4200);
#4200 = CARTESIAN_POINT('',(-5.485619735003,-8.000655016831,
    -9.501065793954));
#4201 = SURFACE_CURVE('',#4202,(#4206,#4213),.PCURVE_S1.);
#4202 = LINE('',#4203,#4204);
#4203 = CARTESIAN_POINT('',(5.484043882765,-8.000166463478,
    -9.500053920712));
#4204 = VECTOR('',#4205,1.);
#4205 = DIRECTION('',(-0.999999994754,-4.453676682813E-05,
    -9.224286839312E-05));
#4206 = PCURVE('',#4065,#4207);
#4207 = DEFINITIONAL_REPRESENTATION('',(#4208),#4212);
#4208 = LINE('',#4209,#4210);
#4209 = CARTESIAN_POINT('',(-5.484831837658,-9.500007413795));
#4210 = VECTOR('',#4211,1.);
#4211 = DIRECTION('',(1.,-4.858007205993E-16));
#4212 = ( GEOMETRIC_REPRESENTATION_CONTEXT(2) 
PARAMETRIC_REPRESENTATION_CONTEXT() REPRESENTATION_CONTEXT('2D SPACE',''
  ) );
#4213 = PCURVE('',#4214,#4219);
#4214 = PLANE('',#4215);
#4215 = AXIS2_PLACEMENT_3D('',#4216,#4217,#4218);
#4216 = CARTESIAN_POINT('',(5.484043882765,-8.000166463478,
    -9.500053920712));
#4217 = DIRECTION('',(-9.224479352049E-05,4.322545647818E-05,
    0.999999994811));
#4218 = DIRECTION('',(-0.999999994754,-4.453676682813E-05,
    -9.224286839312E-05));
#4219 = DEFINITIONAL_REPRESENTATION('',(#4220),#4224);
#4220 = LINE('',#4221,#4222);
#4221 = CARTESIAN_POINT('',(0.,0.));
#4222 = VECTOR('',#4223,1.);
#4223 = DIRECTION('',(1.,0.));
#4224 = ( GEOMETRIC_REPRESENTATION_CONTEXT(2) 
PARAMETRIC_REPRESENTATION_CONTEXT() REPRESENTATION_CONTEXT('2D SPACE',''
  ) );
#4225 = ORIENTED_EDGE('',*,*,#4226,.T.);
#4226 = EDGE_CURVE('',#4199,#4085,#4227,.T.);
#4227 = SURFACE_CURVE('',#4228,(#4232,#4239),.PCURVE_S1.);
#4228 = LINE('',#4229,#4230);
#4229 = CARTESIAN_POINT('',(-5.485619735003,-8.000655016831,
    -9.501065793954));
#4230 = VECTOR('',#4231,1.);
#4231 = DIRECTION('',(-0.500079883711,1.516595998622E-05,0.865979277857)
  );
#4232 = PCURVE('',#4065,#4233);
#4233 = DEFINITIONAL_REPRESENTATION('',(#4234),#4238);
#4234 = LINE('',#4235,#4236);
#4235 = CARTESIAN_POINT('',(5.484831837658,-9.500007413795));
#4236 = VECTOR('',#4237,1.);
#4237 = DIRECTION('',(0.5,0.866025403784));
#4238 = ( GEOMETRIC_REPRESENTATION_CONTEXT(2) 
PARAMETRIC_REPRESENTATION_CONTEXT() REPRESENTATION_CONTEXT('2D SPACE',''
  ) );
#4239 = PCURVE('',#4240,#4245);
#4240 = PLANE('',#4241);
#4241 = AXIS2_PLACEMENT_3D('',#4242,#4243,#4244);
#4242 = CARTESIAN_POINT('',(-5.485619735003,-8.000655016831,
    -9.501065793954));
#4243 = DIRECTION('',(0.865979276844,6.018269971467E-05,0.500079882073)
  );
#4244 = DIRECTION('',(-0.500079883711,1.516595998622E-05,0.865979277857)
  );
#4245 = DEFINITIONAL_REPRESENTATION('',(#4246),#4250);
#4246 = LINE('',#4247,#4248);
#4247 = CARTESIAN_POINT('',(0.,0.));
#4248 = VECTOR('',#4249,1.);
#4249 = DIRECTION('',(1.,0.));
#4250 = ( GEOMETRIC_REPRESENTATION_CONTEXT(2) 
PARAMETRIC_REPRESENTATION_CONTEXT() REPRESENTATION_CONTEXT('2D SPACE',''
  ) );
#4251 = FACE_BOUND('',#4252,.F.);
#4252 = EDGE_LOOP('',(#4253));
#4253 = ORIENTED_EDGE('',*,*,#4050,.T.);
#4254 = ADVANCED_FACE('',(#4255),#4102,.F.);
#4255 = FACE_BOUND('',#4256,.F.);
#4256 = EDGE_LOOP('',(#4257,#4280,#4308,#4329));
#4257 = ORIENTED_EDGE('',*,*,#4258,.T.);
#4258 = EDGE_CURVE('',#4085,#4259,#4261,.T.);
#4259 = VERTEX_POINT('',#4260);
#4260 = CARTESIAN_POINT('',(-10.97168413234,-4.886667589505E-04,
    -1.910202590123E-03));
#4261 = SURFACE_CURVE('',#4262,(#4266,#4273),.PCURVE_S1.);
#4262 = LINE('',#4263,#4264);
#4263 = CARTESIAN_POINT('',(-10.9713278701,-8.000488651351,
    -1.564366073833E-03));
#4264 = VECTOR('',#4265,1.);
#4265 = DIRECTION('',(-4.453277935694E-05,0.999999998074,
    -4.322956453622E-05));
#4266 = PCURVE('',#4102,#4267);
#4267 = DEFINITIONAL_REPRESENTATION('',(#4268),#4272);
#4268 = LINE('',#4269,#4270);
#4269 = CARTESIAN_POINT('',(0.,0.));
#4270 = VECTOR('',#4271,1.);
#4271 = DIRECTION('',(0.,-1.));
#4272 = ( GEOMETRIC_REPRESENTATION_CONTEXT(2) 
PARAMETRIC_REPRESENTATION_CONTEXT() REPRESENTATION_CONTEXT('2D SPACE',''
  ) );
#4273 = PCURVE('',#4240,#4274);
#4274 = DEFINITIONAL_REPRESENTATION('',(#4275),#4279);
#4275 = LINE('',#4276,#4277);
#4276 = CARTESIAN_POINT('',(10.969663675316,0.));
#4277 = VECTOR('',#4278,1.);
#4278 = DIRECTION('',(0.,-1.));
#4279 = ( GEOMETRIC_REPRESENTATION_CONTEXT(2) 
PARAMETRIC_REPRESENTATION_CONTEXT() REPRESENTATION_CONTEXT('2D SPACE',''
  ) );
#4280 = ORIENTED_EDGE('',*,*,#4281,.T.);
#4281 = EDGE_CURVE('',#4259,#4282,#4284,.T.);
#4282 = VERTEX_POINT('',#4283);
#4283 = CARTESIAN_POINT('',(-5.487728649682,1.662520747022E-04,
    9.498603098533));
#4284 = SURFACE_CURVE('',#4285,(#4289,#4296),.PCURVE_S1.);
#4285 = LINE('',#4286,#4287);
#4286 = CARTESIAN_POINT('',(-10.97168413234,-4.886667589505E-04,
    -1.910202590123E-03));
#4287 = VECTOR('',#4288,1.);
#4288 = DIRECTION('',(0.499920111042,5.970272681435E-05,0.866071520725)
  );
#4289 = PCURVE('',#4102,#4290);
#4290 = DEFINITIONAL_REPRESENTATION('',(#4291),#4295);
#4291 = LINE('',#4292,#4293);
#4292 = CARTESIAN_POINT('',(0.,-8.));
#4293 = VECTOR('',#4294,1.);
#4294 = DIRECTION('',(1.,0.));
#4295 = ( GEOMETRIC_REPRESENTATION_CONTEXT(2) 
PARAMETRIC_REPRESENTATION_CONTEXT() REPRESENTATION_CONTEXT('2D SPACE',''
  ) );
#4296 = PCURVE('',#4297,#4302);
#4297 = PLANE('',#4298);
#4298 = AXIS2_PLACEMENT_3D('',#4299,#4300,#4301);
#4299 = CARTESIAN_POINT('',(-2.020514576193E-03,-1.134056599739E-07,
    -8.983293474109E-04));
#4300 = DIRECTION('',(-4.453277935694E-05,0.999999998074,
    -4.322956453622E-05));
#4301 = DIRECTION('',(-0.999999994754,-4.453676682813E-05,
    -9.224286839263E-05));
#4302 = DEFINITIONAL_REPRESENTATION('',(#4303),#4307);
#4303 = LINE('',#4304,#4305);
#4304 = CARTESIAN_POINT('',(10.969663675316,1.295468588265E-15));
#4305 = VECTOR('',#4306,1.);
#4306 = DIRECTION('',(-0.5,0.866025403784));
#4307 = ( GEOMETRIC_REPRESENTATION_CONTEXT(2) 
PARAMETRIC_REPRESENTATION_CONTEXT() REPRESENTATION_CONTEXT('2D SPACE',''
  ) );
#4308 = ORIENTED_EDGE('',*,*,#4309,.F.);
#4309 = EDGE_CURVE('',#4087,#4282,#4310,.T.);
#4310 = SURFACE_CURVE('',#4311,(#4315,#4322),.PCURVE_S1.);
#4311 = LINE('',#4312,#4313);
#4312 = CARTESIAN_POINT('',(-5.487372387448,-7.999833732517,
    9.498948935049));
#4313 = VECTOR('',#4314,1.);
#4314 = DIRECTION('',(-4.453277935694E-05,0.999999998074,
    -4.322956453622E-05));
#4315 = PCURVE('',#4102,#4316);
#4316 = DEFINITIONAL_REPRESENTATION('',(#4317),#4321);
#4317 = LINE('',#4318,#4319);
#4318 = CARTESIAN_POINT('',(10.969663675316,0.));
#4319 = VECTOR('',#4320,1.);
#4320 = DIRECTION('',(0.,-1.));
#4321 = ( GEOMETRIC_REPRESENTATION_CONTEXT(2) 
PARAMETRIC_REPRESENTATION_CONTEXT() REPRESENTATION_CONTEXT('2D SPACE',''
  ) );
#4322 = PCURVE('',#4130,#4323);
#4323 = DEFINITIONAL_REPRESENTATION('',(#4324),#4328);
#4324 = LINE('',#4325,#4326);
#4325 = CARTESIAN_POINT('',(0.,-0.));
#4326 = VECTOR('',#4327,1.);
#4327 = DIRECTION('',(0.,-1.));
#4328 = ( GEOMETRIC_REPRESENTATION_CONTEXT(2) 
PARAMETRIC_REPRESENTATION_CONTEXT() REPRESENTATION_CONTEXT('2D SPACE',''
  ) );
#4329 = ORIENTED_EDGE('',*,*,#4084,.F.);
#4330 = ADVANCED_FACE('',(#4331),#4240,.F.);
#4331 = FACE_BOUND('',#4332,.F.);
#4332 = EDGE_LOOP('',(#4333,#4356,#4377,#4378));
#4333 = ORIENTED_EDGE('',*,*,#4334,.T.);
#4334 = EDGE_CURVE('',#4199,#4335,#4337,.T.);
#4335 = VERTEX_POINT('',#4336);
#4336 = CARTESIAN_POINT('',(-5.485975997238,-6.550322393126E-04,
    -9.501411630471));
#4337 = SURFACE_CURVE('',#4338,(#4342,#4349),.PCURVE_S1.);
#4338 = LINE('',#4339,#4340);
#4339 = CARTESIAN_POINT('',(-5.485619735003,-8.000655016831,
    -9.501065793954));
#4340 = VECTOR('',#4341,1.);
#4341 = DIRECTION('',(-4.453277935694E-05,0.999999998074,
    -4.322956453622E-05));
#4342 = PCURVE('',#4240,#4343);
#4343 = DEFINITIONAL_REPRESENTATION('',(#4344),#4348);
#4344 = LINE('',#4345,#4346);
#4345 = CARTESIAN_POINT('',(0.,0.));
#4346 = VECTOR('',#4347,1.);
#4347 = DIRECTION('',(0.,-1.));
#4348 = ( GEOMETRIC_REPRESENTATION_CONTEXT(2) 
PARAMETRIC_REPRESENTATION_CONTEXT() REPRESENTATION_CONTEXT('2D SPACE',''
  ) );
#4349 = PCURVE('',#4214,#4350);
#4350 = DEFINITIONAL_REPRESENTATION('',(#4351),#4355);
#4351 = LINE('',#4352,#4353);
#4352 = CARTESIAN_POINT('',(10.969663675316,0.));
#4353 = VECTOR('',#4354,1.);
#4354 = DIRECTION('',(0.,-1.));
#4355 = ( GEOMETRIC_REPRESENTATION_CONTEXT(2) 
PARAMETRIC_REPRESENTATION_CONTEXT() REPRESENTATION_CONTEXT('2D SPACE',''
  ) );
#4356 = ORIENTED_EDGE('',*,*,#4357,.T.);
#4357 = EDGE_CURVE('',#4335,#4259,#4358,.T.);
#4358 = SURFACE_CURVE('',#4359,(#4363,#4370),.PCURVE_S1.);
#4359 = LINE('',#4360,#4361);
#4360 = CARTESIAN_POINT('',(-5.485975997238,-6.550322393126E-04,
    -9.501411630471));
#4361 = VECTOR('',#4362,1.);
#4362 = DIRECTION('',(-0.500079883711,1.516595998622E-05,0.865979277857)
  );
#4363 = PCURVE('',#4240,#4364);
#4364 = DEFINITIONAL_REPRESENTATION('',(#4365),#4369);
#4365 = LINE('',#4366,#4367);
#4366 = CARTESIAN_POINT('',(0.,-8.));
#4367 = VECTOR('',#4368,1.);
#4368 = DIRECTION('',(1.,0.));
#4369 = ( GEOMETRIC_REPRESENTATION_CONTEXT(2) 
PARAMETRIC_REPRESENTATION_CONTEXT() REPRESENTATION_CONTEXT('2D SPACE',''
  ) );
#4370 = PCURVE('',#4297,#4371);
#4371 = DEFINITIONAL_REPRESENTATION('',(#4372),#4376);
#4372 = LINE('',#4373,#4374);
#4373 = CARTESIAN_POINT('',(5.484831837658,-9.500007413795));
#4374 = VECTOR('',#4375,1.);
#4375 = DIRECTION('',(0.5,0.866025403784));
#4376 = ( GEOMETRIC_REPRESENTATION_CONTEXT(2) 
PARAMETRIC_REPRESENTATION_CONTEXT() REPRESENTATION_CONTEXT('2D SPACE',''
  ) );
#4377 = ORIENTED_EDGE('',*,*,#4258,.F.);
#4378 = ORIENTED_EDGE('',*,*,#4226,.F.);
#4379 = ADVANCED_FACE('',(#4380),#4130,.F.);
#4380 = FACE_BOUND('',#4381,.F.);
#4381 = EDGE_LOOP('',(#4382,#4383,#4406,#4427));
#4382 = ORIENTED_EDGE('',*,*,#4309,.T.);
#4383 = ORIENTED_EDGE('',*,*,#4384,.T.);
#4384 = EDGE_CURVE('',#4282,#4385,#4387,.T.);
#4385 = VERTEX_POINT('',#4386);
#4386 = CARTESIAN_POINT('',(5.481934968085,6.548054279927E-04,
    9.499614971776));
#4387 = SURFACE_CURVE('',#4388,(#4392,#4399),.PCURVE_S1.);
#4388 = LINE('',#4389,#4390);
#4389 = CARTESIAN_POINT('',(-5.487728649682,1.662520747022E-04,
    9.498603098533));
#4390 = VECTOR('',#4391,1.);
#4391 = DIRECTION('',(0.999999994754,4.453676682813E-05,
    9.224286839263E-05));
#4392 = PCURVE('',#4130,#4393);
#4393 = DEFINITIONAL_REPRESENTATION('',(#4394),#4398);
#4394 = LINE('',#4395,#4396);
#4395 = CARTESIAN_POINT('',(0.,-8.));
#4396 = VECTOR('',#4397,1.);
#4397 = DIRECTION('',(1.,0.));
#4398 = ( GEOMETRIC_REPRESENTATION_CONTEXT(2) 
PARAMETRIC_REPRESENTATION_CONTEXT() REPRESENTATION_CONTEXT('2D SPACE',''
  ) );
#4399 = PCURVE('',#4297,#4400);
#4400 = DEFINITIONAL_REPRESENTATION('',(#4401),#4405);
#4401 = LINE('',#4402,#4403);
#4402 = CARTESIAN_POINT('',(5.484831837658,9.500007413795));
#4403 = VECTOR('',#4404,1.);
#4404 = DIRECTION('',(-1.,0.));
#4405 = ( GEOMETRIC_REPRESENTATION_CONTEXT(2) 
PARAMETRIC_REPRESENTATION_CONTEXT() REPRESENTATION_CONTEXT('2D SPACE',''
  ) );
#4406 = ORIENTED_EDGE('',*,*,#4407,.F.);
#4407 = EDGE_CURVE('',#4115,#4385,#4408,.T.);
#4408 = SURFACE_CURVE('',#4409,(#4413,#4420),.PCURVE_S1.);
#4409 = LINE('',#4410,#4411);
#4410 = CARTESIAN_POINT('',(5.48229123032,-7.999345179164,9.499960808292
    ));
#4411 = VECTOR('',#4412,1.);
#4412 = DIRECTION('',(-4.453277935694E-05,0.999999998074,
    -4.322956453622E-05));
#4413 = PCURVE('',#4130,#4414);
#4414 = DEFINITIONAL_REPRESENTATION('',(#4415),#4419);
#4415 = LINE('',#4416,#4417);
#4416 = CARTESIAN_POINT('',(10.969663675316,0.));
#4417 = VECTOR('',#4418,1.);
#4418 = DIRECTION('',(0.,-1.));
#4419 = ( GEOMETRIC_REPRESENTATION_CONTEXT(2) 
PARAMETRIC_REPRESENTATION_CONTEXT() REPRESENTATION_CONTEXT('2D SPACE',''
  ) );
#4420 = PCURVE('',#4158,#4421);
#4421 = DEFINITIONAL_REPRESENTATION('',(#4422),#4426);
#4422 = LINE('',#4423,#4424);
#4423 = CARTESIAN_POINT('',(0.,0.));
#4424 = VECTOR('',#4425,1.);
#4425 = DIRECTION('',(0.,-1.));
#4426 = ( GEOMETRIC_REPRESENTATION_CONTEXT(2) 
PARAMETRIC_REPRESENTATION_CONTEXT() REPRESENTATION_CONTEXT('2D SPACE',''
  ) );
#4427 = ORIENTED_EDGE('',*,*,#4114,.F.);
#4428 = ADVANCED_FACE('',(#4429),#4214,.F.);
#4429 = FACE_BOUND('',#4430,.F.);
#4430 = EDGE_LOOP('',(#4431,#4454,#4475,#4476));
#4431 = ORIENTED_EDGE('',*,*,#4432,.T.);
#4432 = EDGE_CURVE('',#4171,#4433,#4435,.T.);
#4433 = VERTEX_POINT('',#4434);
#4434 = CARTESIAN_POINT('',(5.48368762053,-1.664788860221E-04,
    -9.500399757228));
#4435 = SURFACE_CURVE('',#4436,(#4440,#4447),.PCURVE_S1.);
#4436 = LINE('',#4437,#4438);
#4437 = CARTESIAN_POINT('',(5.484043882765,-8.000166463478,
    -9.500053920712));
#4438 = VECTOR('',#4439,1.);
#4439 = DIRECTION('',(-4.453277935694E-05,0.999999998074,
    -4.322956453622E-05));
#4440 = PCURVE('',#4214,#4441);
#4441 = DEFINITIONAL_REPRESENTATION('',(#4442),#4446);
#4442 = LINE('',#4443,#4444);
#4443 = CARTESIAN_POINT('',(0.,0.));
#4444 = VECTOR('',#4445,1.);
#4445 = DIRECTION('',(0.,-1.));
#4446 = ( GEOMETRIC_REPRESENTATION_CONTEXT(2) 
PARAMETRIC_REPRESENTATION_CONTEXT() REPRESENTATION_CONTEXT('2D SPACE',''
  ) );
#4447 = PCURVE('',#4186,#4448);
#4448 = DEFINITIONAL_REPRESENTATION('',(#4449),#4453);
#4449 = LINE('',#4450,#4451);
#4450 = CARTESIAN_POINT('',(10.969663675316,0.));
#4451 = VECTOR('',#4452,1.);
#4452 = DIRECTION('',(0.,-1.));
#4453 = ( GEOMETRIC_REPRESENTATION_CONTEXT(2) 
PARAMETRIC_REPRESENTATION_CONTEXT() REPRESENTATION_CONTEXT('2D SPACE',''
  ) );
#4454 = ORIENTED_EDGE('',*,*,#4455,.T.);
#4455 = EDGE_CURVE('',#4433,#4335,#4456,.T.);
#4456 = SURFACE_CURVE('',#4457,(#4461,#4468),.PCURVE_S1.);
#4457 = LINE('',#4458,#4459);
#4458 = CARTESIAN_POINT('',(5.48368762053,-1.664788860221E-04,
    -9.500399757228));
#4459 = VECTOR('',#4460,1.);
#4460 = DIRECTION('',(-0.999999994754,-4.453676682813E-05,
    -9.224286839312E-05));
#4461 = PCURVE('',#4214,#4462);
#4462 = DEFINITIONAL_REPRESENTATION('',(#4463),#4467);
#4463 = LINE('',#4464,#4465);
#4464 = CARTESIAN_POINT('',(0.,-8.));
#4465 = VECTOR('',#4466,1.);
#4466 = DIRECTION('',(1.,0.));
#4467 = ( GEOMETRIC_REPRESENTATION_CONTEXT(2) 
PARAMETRIC_REPRESENTATION_CONTEXT() REPRESENTATION_CONTEXT('2D SPACE',''
  ) );
#4468 = PCURVE('',#4297,#4469);
#4469 = DEFINITIONAL_REPRESENTATION('',(#4470),#4474);
#4470 = LINE('',#4471,#4472);
#4471 = CARTESIAN_POINT('',(-5.484831837658,-9.500007413795));
#4472 = VECTOR('',#4473,1.);
#4473 = DIRECTION('',(1.,-4.858007205993E-16));
#4474 = ( GEOMETRIC_REPRESENTATION_CONTEXT(2) 
PARAMETRIC_REPRESENTATION_CONTEXT() REPRESENTATION_CONTEXT('2D SPACE',''
  ) );
#4475 = ORIENTED_EDGE('',*,*,#4334,.F.);
#4476 = ORIENTED_EDGE('',*,*,#4198,.F.);
#4477 = ADVANCED_FACE('',(#4478),#4158,.F.);
#4478 = FACE_BOUND('',#4479,.F.);
#4479 = EDGE_LOOP('',(#4480,#4481,#4504,#4525));
#4480 = ORIENTED_EDGE('',*,*,#4407,.T.);
#4481 = ORIENTED_EDGE('',*,*,#4482,.T.);
#4482 = EDGE_CURVE('',#4385,#4483,#4485,.T.);
#4483 = VERTEX_POINT('',#4484);
#4484 = CARTESIAN_POINT('',(10.967643103192,4.884399476305E-04,
    1.135438953054E-04));
#4485 = SURFACE_CURVE('',#4486,(#4490,#4497),.PCURVE_S1.);
#4486 = LINE('',#4487,#4488);
#4487 = CARTESIAN_POINT('',(5.481934968085,6.548054279927E-04,
    9.499614971776));
#4488 = VECTOR('',#4489,1.);
#4489 = DIRECTION('',(0.500079883711,-1.516595998622E-05,-0.865979277857
    ));
#4490 = PCURVE('',#4158,#4491);
#4491 = DEFINITIONAL_REPRESENTATION('',(#4492),#4496);
#4492 = LINE('',#4493,#4494);
#4493 = CARTESIAN_POINT('',(0.,-8.));
#4494 = VECTOR('',#4495,1.);
#4495 = DIRECTION('',(1.,0.));
#4496 = ( GEOMETRIC_REPRESENTATION_CONTEXT(2) 
PARAMETRIC_REPRESENTATION_CONTEXT() REPRESENTATION_CONTEXT('2D SPACE',''
  ) );
#4497 = PCURVE('',#4297,#4498);
#4498 = DEFINITIONAL_REPRESENTATION('',(#4499),#4503);
#4499 = LINE('',#4500,#4501);
#4500 = CARTESIAN_POINT('',(-5.484831837658,9.500007413795));
#4501 = VECTOR('',#4502,1.);
#4502 = DIRECTION('',(-0.5,-0.866025403784));
#4503 = ( GEOMETRIC_REPRESENTATION_CONTEXT(2) 
PARAMETRIC_REPRESENTATION_CONTEXT() REPRESENTATION_CONTEXT('2D SPACE',''
  ) );
#4504 = ORIENTED_EDGE('',*,*,#4505,.F.);
#4505 = EDGE_CURVE('',#4143,#4483,#4506,.T.);
#4506 = SURFACE_CURVE('',#4507,(#4511,#4518),.PCURVE_S1.);
#4507 = LINE('',#4508,#4509);
#4508 = CARTESIAN_POINT('',(10.967999365427,-7.999511544645,
    4.593804115952E-04));
#4509 = VECTOR('',#4510,1.);
#4510 = DIRECTION('',(-4.453277935694E-05,0.999999998074,
    -4.322956453622E-05));
#4511 = PCURVE('',#4158,#4512);
#4512 = DEFINITIONAL_REPRESENTATION('',(#4513),#4517);
#4513 = LINE('',#4514,#4515);
#4514 = CARTESIAN_POINT('',(10.969663675316,0.));
#4515 = VECTOR('',#4516,1.);
#4516 = DIRECTION('',(0.,-1.));
#4517 = ( GEOMETRIC_REPRESENTATION_CONTEXT(2) 
PARAMETRIC_REPRESENTATION_CONTEXT() REPRESENTATION_CONTEXT('2D SPACE',''
  ) );
#4518 = PCURVE('',#4186,#4519);
#4519 = DEFINITIONAL_REPRESENTATION('',(#4520),#4524);
#4520 = LINE('',#4521,#4522);
#4521 = CARTESIAN_POINT('',(0.,0.));
#4522 = VECTOR('',#4523,1.);
#4523 = DIRECTION('',(0.,-1.));
#4524 = ( GEOMETRIC_REPRESENTATION_CONTEXT(2) 
PARAMETRIC_REPRESENTATION_CONTEXT() REPRESENTATION_CONTEXT('2D SPACE',''
  ) );
#4525 = ORIENTED_EDGE('',*,*,#4142,.F.);
#4526 = ADVANCED_FACE('',(#4527),#4186,.F.);
#4527 = FACE_BOUND('',#4528,.F.);
#4528 = EDGE_LOOP('',(#4529,#4530,#4551,#4552));
#4529 = ORIENTED_EDGE('',*,*,#4505,.T.);
#4530 = ORIENTED_EDGE('',*,*,#4531,.T.);
#4531 = EDGE_CURVE('',#4483,#4433,#4532,.T.);
#4532 = SURFACE_CURVE('',#4533,(#4537,#4544),.PCURVE_S1.);
#4533 = LINE('',#4534,#4535);
#4534 = CARTESIAN_POINT('',(10.967643103192,4.884399476305E-04,
    1.135438953054E-04));
#4535 = VECTOR('',#4536,1.);
#4536 = DIRECTION('',(-0.499920111042,-5.970272681435E-05,
    -0.866071520725));
#4537 = PCURVE('',#4186,#4538);
#4538 = DEFINITIONAL_REPRESENTATION('',(#4539),#4543);
#4539 = LINE('',#4540,#4541);
#4540 = CARTESIAN_POINT('',(0.,-8.));
#4541 = VECTOR('',#4542,1.);
#4542 = DIRECTION('',(1.,0.));
#4543 = ( GEOMETRIC_REPRESENTATION_CONTEXT(2) 
PARAMETRIC_REPRESENTATION_CONTEXT() REPRESENTATION_CONTEXT('2D SPACE',''
  ) );
#4544 = PCURVE('',#4297,#4545);
#4545 = DEFINITIONAL_REPRESENTATION('',(#4546),#4550);
#4546 = LINE('',#4547,#4548);
#4547 = CARTESIAN_POINT('',(-10.96966367531,2.638864939035E-15));
#4548 = VECTOR('',#4549,1.);
#4549 = DIRECTION('',(0.5,-0.866025403784));
#4550 = ( GEOMETRIC_REPRESENTATION_CONTEXT(2) 
PARAMETRIC_REPRESENTATION_CONTEXT() REPRESENTATION_CONTEXT('2D SPACE',''
  ) );
#4551 = ORIENTED_EDGE('',*,*,#4432,.F.);
#4552 = ORIENTED_EDGE('',*,*,#4170,.F.);
#4553 = ADVANCED_FACE('',(#4554),#4297,.T.);
#4554 = FACE_BOUND('',#4555,.T.);
#4555 = EDGE_LOOP('',(#4556,#4557,#4558,#4559,#4560,#4561));
#4556 = ORIENTED_EDGE('',*,*,#4281,.T.);
#4557 = ORIENTED_EDGE('',*,*,#4384,.T.);
#4558 = ORIENTED_EDGE('',*,*,#4482,.T.);
#4559 = ORIENTED_EDGE('',*,*,#4531,.T.);
#4560 = ORIENTED_EDGE('',*,*,#4455,.T.);
#4561 = ORIENTED_EDGE('',*,*,#4357,.T.);
#4562 = ( GEOMETRIC_REPRESENTATION_CONTEXT(3) 
GLOBAL_UNCERTAINTY_ASSIGNED_CONTEXT((#4566)) 
GLOBAL_UNIT_ASSIGNED_CONTEXT((#4563,#4564,#4565)) REPRESENTATION_CONTEXT
('Context #1','3D Context with UNIT and UNCERTAINTY') );
#4563 = ( LENGTH_UNIT() NAMED_UNIT(*) SI_UNIT(.MILLI.,.METRE.) );
#4564 = ( NAMED_UNIT(*) PLANE_ANGLE_UNIT() SI_UNIT($,.RADIAN.) );
#4565 = ( NAMED_UNIT(*) SI_UNIT($,.STERADIAN.) SOLID_ANGLE_UNIT() );
#4566 = UNCERTAINTY_MEASURE_WITH_UNIT(LENGTH_MEASURE(1.E-07),#4563,
  'distance_accuracy_value','confusion accuracy');
#4567 = PRODUCT_TYPE('part',$,(#7));
ENDSEC;
END-ISO-10303-21;
