ISO-10303-21;
HEADER;
FILE_DESCRIPTION(('Open CASCADE Model'),'2;1');
FILE_NAME('Open CASCADE Shape Model','2026-09-07T09:29:08',('Author'),(
    'Open CASCADE'),'Open CASCADE STEP processor 7.8','Open CASCADE 7.8'
  ,'Unknown');
FILE_SCHEMA(('CONFIG_CONTROL_DESIGN'));
ENDSEC;
DATA;
#1 = APPLICATION_PROTOCOL_DEFINITION('committee draft',
  'automotive_design',1997,#2);
#2 = APPLICATION_CONTEXT(
  'core data for automotive mechanical design processes');
#3 = SHAPE_DEFINITION_REPRESENTATION(#4,#10);
#4 = PRODUCT_DEFINITION_SHAPE('','',#5);
#5 = PRODUCT_DEFINITION('design','',#6,#9);
#6 = PRODUCT_DEFINITION_FORMATION('','',#7);
#7 = PRODUCT('Product 13','Product 13','',(#8));
#8 = MECHANICAL_CONTEXT('',#2,'mechanical');
#9 = PRODUCT_DEFINITION_CONTEXT('part definition',#2,'design');
#10 = ADVANCED_BREP_SHAPE_REPRESENTATION('',(#11,#15),#2345);
#11 = AXIS2_PLACEMENT_3D('',#12,#13,#14);
#12 = CARTESIAN_POINT('',(0.,0.,0.));
#13 = DIRECTION('',(0.,0.,1.));
#14 = DIRECTION('',(1.,0.,-0.));
#15 = MANIFOLD_SOLID_BREP('',#16);
#16 = CLOSED_SHELL('',(#17,#109,#144,#179,#234,#789,#906,#1222,#1293,
    #1341,#1389,#1427,#1432,#1437,#1492,#1531,#1535,#1590,#1629,#2341));
#17 = ADVANCED_FACE('',(#18),#32,.T.);
#18 = FACE_BOUND('',#19,.T.);
#19 = EDGE_LOOP('',(#20,#50,#77,#78));
#20 = ORIENTED_EDGE('',*,*,#21,.T.);
#21 = EDGE_CURVE('',#22,#24,#26,.T.);
#22 = VERTEX_POINT('',#23);
#23 = CARTESIAN_POINT('',(-23.0723088776,-35.94645817066,
    2.08461805519E-02));
#24 = VERTEX_POINT('',#25);
#25 = CARTESIAN_POINT('',(-25.00591193739,-34.01252229968,
    2.08424249797E-02));
#26 = SEAM_CURVE('',#27,(#31,#43),.PCURVE_S1.);
#27 = LINE('',#28,#29);
#28 = CARTESIAN_POINT('',(-23.00007201507,-36.01870746658,
    2.084632085512E-02));
#29 = VECTOR('',#30,1.);
#30 = DIRECTION('',(-0.707045930298,0.707167626837,-1.37327153069E-06));
#31 = PCURVE('',#32,#37);
#32 = CONICAL_SURFACE('',#33,36.00300925236,0.785398715713);
#33 = AXIS2_PLACEMENT_3D('',#34,#35,#36);
#34 = CARTESIAN_POINT('',(-22.99699375304,-1.569834582368E-02,
    2.084632085513E-02));
#35 = DIRECTION('',(0.999999996343,-8.550013157967E-05,1.94210029642E-06
    ));
#36 = DIRECTION('',(-8.550013157983E-05,-0.999999996345,
    -2.584939414228E-26));
#37 = DEFINITIONAL_REPRESENTATION('',(#38),#42);
#38 = LINE('',#39,#40);
#39 = CARTESIAN_POINT('',(-6.28318530718,0.));
#40 = VECTOR('',#41,1.);
#41 = DIRECTION('',(-0.,-1.));
#42 = ( GEOMETRIC_REPRESENTATION_CONTEXT(2) 
PARAMETRIC_REPRESENTATION_CONTEXT() REPRESENTATION_CONTEXT('2D SPACE',''
  ) );
#43 = PCURVE('',#32,#44);
#44 = DEFINITIONAL_REPRESENTATION('',(#45),#49);
#45 = LINE('',#46,#47);
#46 = CARTESIAN_POINT('',(0.,-0.));
#47 = VECTOR('',#48,1.);
#48 = DIRECTION('',(-0.,-1.));
#49 = ( GEOMETRIC_REPRESENTATION_CONTEXT(2) 
PARAMETRIC_REPRESENTATION_CONTEXT() REPRESENTATION_CONTEXT('2D SPACE',''
  ) );
#50 = ORIENTED_EDGE('',*,*,#51,.F.);
#51 = EDGE_CURVE('',#24,#24,#52,.T.);
#52 = SURFACE_CURVE('',#53,(#58,#65),.PCURVE_S1.);
#53 = CIRCLE('',#54,33.996995592369);
#54 = AXIS2_PLACEMENT_3D('',#55,#56,#57);
#55 = CARTESIAN_POINT('',(-25.00300518979,-1.552683158126E-02,
    2.084242497971E-02));
#56 = DIRECTION('',(-0.999999996343,8.550013157967E-05,
    -1.94210029642E-06));
#57 = DIRECTION('',(-8.550013157983E-05,-0.999999996345,
    -5.169878828456E-26));
#58 = PCURVE('',#32,#59);
#59 = DEFINITIONAL_REPRESENTATION('',(#60),#64);
#60 = LINE('',#61,#62);
#61 = CARTESIAN_POINT('',(-0.,-2.006011444088));
#62 = VECTOR('',#63,1.);
#63 = DIRECTION('',(-1.,-0.));
#64 = ( GEOMETRIC_REPRESENTATION_CONTEXT(2) 
PARAMETRIC_REPRESENTATION_CONTEXT() REPRESENTATION_CONTEXT('2D SPACE',''
  ) );
#65 = PCURVE('',#66,#71);
#66 = PLANE('',#67);
#67 = AXIS2_PLACEMENT_3D('',#68,#69,#70);
#68 = CARTESIAN_POINT('',(-25.00300518979,-1.552683158126E-02,
    2.084242497971E-02));
#69 = DIRECTION('',(-0.999999996343,8.550013157967E-05,
    -1.94210029642E-06));
#70 = DIRECTION('',(-8.550013157983E-05,-0.999999996345,
    -2.584939414228E-26));
#71 = DEFINITIONAL_REPRESENTATION('',(#72),#76);
#72 = CIRCLE('',#73,33.996995592369);
#73 = AXIS2_PLACEMENT_2D('',#74,#75);
#74 = CARTESIAN_POINT('',(0.,0.));
#75 = DIRECTION('',(1.,0.));
#76 = ( GEOMETRIC_REPRESENTATION_CONTEXT(2) 
PARAMETRIC_REPRESENTATION_CONTEXT() REPRESENTATION_CONTEXT('2D SPACE',''
  ) );
#77 = ORIENTED_EDGE('',*,*,#21,.F.);
#78 = ORIENTED_EDGE('',*,*,#79,.T.);
#79 = EDGE_CURVE('',#22,#22,#80,.T.);
#80 = SURFACE_CURVE('',#81,(#86,#93),.PCURVE_S1.);
#81 = CIRCLE('',#82,35.930766132966);
#82 = AXIS2_PLACEMENT_3D('',#83,#84,#85);
#83 = CARTESIAN_POINT('',(-23.06923679237,-1.569216903429E-02,
    2.08461805519E-02));
#84 = DIRECTION('',(-0.999999996343,8.550013157967E-05,
    -1.94210029642E-06));
#85 = DIRECTION('',(-8.550013157983E-05,-0.999999996345,
    -5.169878828456E-26));
#86 = PCURVE('',#32,#87);
#87 = DEFINITIONAL_REPRESENTATION('',(#88),#92);
#88 = LINE('',#89,#90);
#89 = CARTESIAN_POINT('',(-9.749485860873E-38,-7.224303959211E-02));
#90 = VECTOR('',#91,1.);
#91 = DIRECTION('',(-1.,-0.));
#92 = ( GEOMETRIC_REPRESENTATION_CONTEXT(2) 
PARAMETRIC_REPRESENTATION_CONTEXT() REPRESENTATION_CONTEXT('2D SPACE',''
  ) );
#93 = PCURVE('',#94,#99);
#94 = PLANE('',#95);
#95 = AXIS2_PLACEMENT_3D('',#96,#97,#98);
#96 = CARTESIAN_POINT('',(-23.06923679237,-1.569216903429E-02,
    2.08461805519E-02));
#97 = DIRECTION('',(0.999999996343,-8.550013157967E-05,1.94210029642E-06
    ));
#98 = DIRECTION('',(8.550013157983E-05,0.999999996345,2.584939414228E-26
    ));
#99 = DEFINITIONAL_REPRESENTATION('',(#100),#108);
#100 = ( BOUNDED_CURVE() B_SPLINE_CURVE(2,(#101,#102,#103,#104,#105,#106
,#107),.UNSPECIFIED.,.T.,.F.) B_SPLINE_CURVE_WITH_KNOTS((1,2,2,2,2,1),(
    -2.094395102393,0.,2.094395102393,4.188790204786,6.28318530718,
8.377580409573),.UNSPECIFIED.) CURVE() GEOMETRIC_REPRESENTATION_ITEM() 
RATIONAL_B_SPLINE_CURVE((1.,0.5,1.,0.5,1.,0.5,1.)) REPRESENTATION_ITEM(
  '') );
#101 = CARTESIAN_POINT('',(-35.93076613296,3.469446951947E-18));
#102 = CARTESIAN_POINT('',(-35.93076613296,62.233912497172));
#103 = CARTESIAN_POINT('',(17.965383066483,31.116956248586));
#104 = CARTESIAN_POINT('',(71.861532265932,8.803968994082E-15));
#105 = CARTESIAN_POINT('',(17.965383066483,-31.11695624858));
#106 = CARTESIAN_POINT('',(-35.93076613296,-62.23391249717));
#107 = CARTESIAN_POINT('',(-35.93076613296,3.469446951947E-18));
#108 = ( GEOMETRIC_REPRESENTATION_CONTEXT(2) 
PARAMETRIC_REPRESENTATION_CONTEXT() REPRESENTATION_CONTEXT('2D SPACE',''
  ) );
#109 = ADVANCED_FACE('',(#110,#141),#94,.F.);
#110 = FACE_BOUND('',#111,.F.);
#111 = EDGE_LOOP('',(#112));
#112 = ORIENTED_EDGE('',*,*,#113,.T.);
#113 = EDGE_CURVE('',#114,#114,#116,.T.);
#114 = VERTEX_POINT('',#115);
#115 = CARTESIAN_POINT('',(-23.06428072135,57.949961257886,
    2.084618055189E-02));
#116 = SURFACE_CURVE('',#117,(#122,#129),.PCURVE_S1.);
#117 = CIRCLE('',#118,57.965653638792);
#118 = AXIS2_PLACEMENT_3D('',#119,#120,#121);
#119 = CARTESIAN_POINT('',(-23.06923679237,-1.569216903429E-02,
    2.08461805519E-02));
#120 = DIRECTION('',(0.999999996343,-8.550013157967E-05,
    1.94210029642E-06));
#121 = DIRECTION('',(8.550013157983E-05,0.999999996345,
    5.169878828456E-26));
#122 = PCURVE('',#94,#123);
#123 = DEFINITIONAL_REPRESENTATION('',(#124),#128);
#124 = CIRCLE('',#125,57.965653638792);
#125 = AXIS2_PLACEMENT_2D('',#126,#127);
#126 = CARTESIAN_POINT('',(0.,0.));
#127 = DIRECTION('',(1.,0.));
#128 = ( GEOMETRIC_REPRESENTATION_CONTEXT(2) 
PARAMETRIC_REPRESENTATION_CONTEXT() REPRESENTATION_CONTEXT('2D SPACE',''
  ) );
#129 = PCURVE('',#130,#135);
#130 = CYLINDRICAL_SURFACE('',#131,57.965653638792);
#131 = AXIS2_PLACEMENT_3D('',#132,#133,#134);
#132 = CARTESIAN_POINT('',(-23.06923679237,-1.569216903429E-02,
    2.08461805519E-02));
#133 = DIRECTION('',(0.999999996343,-8.550013157967E-05,
    1.94210029642E-06));
#134 = DIRECTION('',(8.550013157983E-05,0.999999996345,
    2.584939414228E-26));
#135 = DEFINITIONAL_REPRESENTATION('',(#136),#140);
#136 = LINE('',#137,#138);
#137 = CARTESIAN_POINT('',(0.,0.));
#138 = VECTOR('',#139,1.);
#139 = DIRECTION('',(1.,0.));
#140 = ( GEOMETRIC_REPRESENTATION_CONTEXT(2) 
PARAMETRIC_REPRESENTATION_CONTEXT() REPRESENTATION_CONTEXT('2D SPACE',''
  ) );
#141 = FACE_BOUND('',#142,.F.);
#142 = EDGE_LOOP('',(#143));
#143 = ORIENTED_EDGE('',*,*,#79,.T.);
#144 = ADVANCED_FACE('',(#145,#148),#66,.T.);
#145 = FACE_BOUND('',#146,.T.);
#146 = EDGE_LOOP('',(#147));
#147 = ORIENTED_EDGE('',*,*,#51,.T.);
#148 = FACE_BOUND('',#149,.T.);
#149 = EDGE_LOOP('',(#150));
#150 = ORIENTED_EDGE('',*,*,#151,.F.);
#151 = EDGE_CURVE('',#152,#152,#154,.T.);
#152 = VERTEX_POINT('',#153);
#153 = CARTESIAN_POINT('',(-25.00407394093,-12.51552091696,
    2.084242497971E-02));
#154 = SURFACE_CURVE('',#155,(#160,#167),.PCURVE_S1.);
#155 = CIRCLE('',#156,12.499994131073);
#156 = AXIS2_PLACEMENT_3D('',#157,#158,#159);
#157 = CARTESIAN_POINT('',(-25.00300518979,-1.552683158126E-02,
    2.084242497971E-02));
#158 = DIRECTION('',(-0.999999996343,8.550013157967E-05,
    -1.94210029642E-06));
#159 = DIRECTION('',(-8.550013157983E-05,-0.999999996345,
    -5.169878828456E-26));
#160 = PCURVE('',#66,#161);
#161 = DEFINITIONAL_REPRESENTATION('',(#162),#166);
#162 = CIRCLE('',#163,12.499994131073);
#163 = AXIS2_PLACEMENT_2D('',#164,#165);
#164 = CARTESIAN_POINT('',(-3.469446939272E-18,-3.469446951371E-18));
#165 = DIRECTION('',(1.,9.749485860873E-38));
#166 = ( GEOMETRIC_REPRESENTATION_CONTEXT(2) 
PARAMETRIC_REPRESENTATION_CONTEXT() REPRESENTATION_CONTEXT('2D SPACE',''
  ) );
#167 = PCURVE('',#168,#173);
#168 = CYLINDRICAL_SURFACE('',#169,12.499994131073);
#169 = AXIS2_PLACEMENT_3D('',#170,#171,#172);
#170 = CARTESIAN_POINT('',(26.010654333975,-1.988850619885E-02,
    2.094149862336E-02));
#171 = DIRECTION('',(-0.999999996343,8.550013157967E-05,
    -1.94210029642E-06));
#172 = DIRECTION('',(-8.550013157983E-05,-0.999999996345,
    -2.584939414228E-26));
#173 = DEFINITIONAL_REPRESENTATION('',(#174),#178);
#174 = LINE('',#175,#176);
#175 = CARTESIAN_POINT('',(0.,51.013659710327));
#176 = VECTOR('',#177,1.);
#177 = DIRECTION('',(1.,0.));
#178 = ( GEOMETRIC_REPRESENTATION_CONTEXT(2) 
PARAMETRIC_REPRESENTATION_CONTEXT() REPRESENTATION_CONTEXT('2D SPACE',''
  ) );
#179 = ADVANCED_FACE('',(#180),#130,.T.);
#180 = FACE_BOUND('',#181,.T.);
#181 = EDGE_LOOP('',(#182,#211,#232,#233));
#182 = ORIENTED_EDGE('',*,*,#183,.F.);
#183 = EDGE_CURVE('',#184,#184,#186,.T.);
#184 = VERTEX_POINT('',#185);
#185 = CARTESIAN_POINT('',(-10.92579032932,57.948923415356,
    2.086975471776E-02));
#186 = SURFACE_CURVE('',#187,(#192,#199),.PCURVE_S1.);
#187 = CIRCLE('',#188,57.965653638792);
#188 = AXIS2_PLACEMENT_3D('',#189,#190,#191);
#189 = CARTESIAN_POINT('',(-10.93074640033,-1.673001156378E-02,
    2.086975471778E-02));
#190 = DIRECTION('',(0.999999996343,-8.550013157967E-05,
    1.94210029642E-06));
#191 = DIRECTION('',(8.550013157983E-05,0.999999996345,
    5.169878828456E-26));
#192 = PCURVE('',#130,#193);
#193 = DEFINITIONAL_REPRESENTATION('',(#194),#198);
#194 = LINE('',#195,#196);
#195 = CARTESIAN_POINT('',(0.,12.138490436428));
#196 = VECTOR('',#197,1.);
#197 = DIRECTION('',(1.,0.));
#198 = ( GEOMETRIC_REPRESENTATION_CONTEXT(2) 
PARAMETRIC_REPRESENTATION_CONTEXT() REPRESENTATION_CONTEXT('2D SPACE',''
  ) );
#199 = PCURVE('',#200,#205);
#200 = PLANE('',#201);
#201 = AXIS2_PLACEMENT_3D('',#202,#203,#204);
#202 = CARTESIAN_POINT('',(-10.93074640033,-1.673001156378E-02,
    2.086975471778E-02));
#203 = DIRECTION('',(0.999999996343,-8.550013157967E-05,
    1.94210029642E-06));
#204 = DIRECTION('',(8.550013157983E-05,0.999999996345,
    2.584939414228E-26));
#205 = DEFINITIONAL_REPRESENTATION('',(#206),#210);
#206 = CIRCLE('',#207,57.965653638792);
#207 = AXIS2_PLACEMENT_2D('',#208,#209);
#208 = CARTESIAN_POINT('',(0.,0.));
#209 = DIRECTION('',(1.,0.));
#210 = ( GEOMETRIC_REPRESENTATION_CONTEXT(2) 
PARAMETRIC_REPRESENTATION_CONTEXT() REPRESENTATION_CONTEXT('2D SPACE',''
  ) );
#211 = ORIENTED_EDGE('',*,*,#212,.F.);
#212 = EDGE_CURVE('',#114,#184,#213,.T.);
#213 = SEAM_CURVE('',#214,(#218,#225),.PCURVE_S1.);
#214 = LINE('',#215,#216);
#215 = CARTESIAN_POINT('',(-23.06428072135,57.949961257886,
    2.084618055189E-02));
#216 = VECTOR('',#217,1.);
#217 = DIRECTION('',(0.999999996343,-8.550013157967E-05,
    1.94210029642E-06));
#218 = PCURVE('',#130,#219);
#219 = DEFINITIONAL_REPRESENTATION('',(#220),#224);
#220 = LINE('',#221,#222);
#221 = CARTESIAN_POINT('',(6.28318530718,-0.));
#222 = VECTOR('',#223,1.);
#223 = DIRECTION('',(0.,1.));
#224 = ( GEOMETRIC_REPRESENTATION_CONTEXT(2) 
PARAMETRIC_REPRESENTATION_CONTEXT() REPRESENTATION_CONTEXT('2D SPACE',''
  ) );
#225 = PCURVE('',#130,#226);
#226 = DEFINITIONAL_REPRESENTATION('',(#227),#231);
#227 = LINE('',#228,#229);
#228 = CARTESIAN_POINT('',(0.,-0.));
#229 = VECTOR('',#230,1.);
#230 = DIRECTION('',(0.,1.));
#231 = ( GEOMETRIC_REPRESENTATION_CONTEXT(2) 
PARAMETRIC_REPRESENTATION_CONTEXT() REPRESENTATION_CONTEXT('2D SPACE',''
  ) );
#232 = ORIENTED_EDGE('',*,*,#113,.T.);
#233 = ORIENTED_EDGE('',*,*,#212,.T.);
#234 = ADVANCED_FACE('',(#235),#168,.F.);
#235 = FACE_BOUND('',#236,.F.);
#236 = EDGE_LOOP('',(#237,#238,#261,#788));
#237 = ORIENTED_EDGE('',*,*,#151,.F.);
#238 = ORIENTED_EDGE('',*,*,#239,.F.);
#239 = EDGE_CURVE('',#240,#152,#242,.T.);
#240 = VERTEX_POINT('',#241);
#241 = CARTESIAN_POINT('',(-5.056519043571,-12.51722643554,
    2.088116513213E-02));
#242 = SEAM_CURVE('',#243,(#247,#254),.PCURVE_S1.);
#243 = LINE('',#244,#245);
#244 = CARTESIAN_POINT('',(-5.056519043571,-12.51722643554,
    2.088116513213E-02));
#245 = VECTOR('',#246,1.);
#246 = DIRECTION('',(-0.999999996343,8.550013157967E-05,
    -1.94210029642E-06));
#247 = PCURVE('',#168,#248);
#248 = DEFINITIONAL_REPRESENTATION('',(#249),#253);
#249 = LINE('',#250,#251);
#250 = CARTESIAN_POINT('',(0.,31.066104740012));
#251 = VECTOR('',#252,1.);
#252 = DIRECTION('',(0.,1.));
#253 = ( GEOMETRIC_REPRESENTATION_CONTEXT(2) 
PARAMETRIC_REPRESENTATION_CONTEXT() REPRESENTATION_CONTEXT('2D SPACE',''
  ) );
#254 = PCURVE('',#168,#255);
#255 = DEFINITIONAL_REPRESENTATION('',(#256),#260);
#256 = LINE('',#257,#258);
#257 = CARTESIAN_POINT('',(6.28318530718,31.066104740012));
#258 = VECTOR('',#259,1.);
#259 = DIRECTION('',(0.,1.));
#260 = ( GEOMETRIC_REPRESENTATION_CONTEXT(2) 
PARAMETRIC_REPRESENTATION_CONTEXT() REPRESENTATION_CONTEXT('2D SPACE',''
  ) );
#261 = ORIENTED_EDGE('',*,*,#262,.T.);
#262 = EDGE_CURVE('',#240,#240,#263,.T.);
#263 = SURFACE_CURVE('',#264,(#435,#609),.PCURVE_S1.);
#264 = B_SPLINE_CURVE_WITH_KNOTS('',8,(#265,#266,#267,#268,#269,#270,
    #271,#272,#273,#274,#275,#276,#277,#278,#279,#280,#281,#282,#283,
    #284,#285,#286,#287,#288,#289,#290,#291,#292,#293,#294,#295,#296,
    #297,#298,#299,#300,#301,#302,#303,#304,#305,#306,#307,#308,#309,
    #310,#311,#312,#313,#314,#315,#316,#317,#318,#319,#320,#321,#322,
    #323,#324,#325,#326,#327,#328,#329,#330,#331,#332,#333,#334,#335,
    #336,#337,#338,#339,#340,#341,#342,#343,#344,#345,#346,#347,#348,
    #349,#350,#351,#352,#353,#354,#355,#356,#357,#358,#359,#360,#361,
    #362,#363,#364,#365,#366,#367,#368,#369,#370,#371,#372,#373,#374,
    #375,#376,#377,#378,#379,#380,#381,#382,#383,#384,#385,#386,#387,
    #388,#389,#390,#391,#392,#393,#394,#395,#396,#397,#398,#399,#400,
    #401,#402,#403,#404,#405,#406,#407,#408,#409,#410,#411,#412,#413,
    #414,#415,#416,#417,#418,#419,#420,#421,#422,#423,#424,#425,#426,
    #427,#428,#429,#430,#431,#432,#433,#434),.UNSPECIFIED.,.T.,.F.,(9,7,
    7,7,7,7,7,7,7,7,7,7,7,7,7,7,7,7,7,7,7,7,7,7,9),(0.,0.101714951209,
    0.121761886671,0.141311621856,0.159866819282,0.178940985759,
    0.210660142029,0.250258005322,0.289346772545,0.298428435287,
    0.349671787163,0.426859911316,0.504030862333,0.606250199753,
    0.657385181588,0.709170565179,0.750262867048,0.789836878723,
    0.82205414299,0.841629211416,0.860685476559,0.880235201071,
    0.899781207403,0.984966814743,1.),.UNSPECIFIED.);
#265 = CARTESIAN_POINT('',(-5.056519043571,-12.51722643554,
    2.088116513213E-02));
#266 = CARTESIAN_POINT('',(-5.052382845283,-12.51722678918,
    1.022278291046));
#267 = CARTESIAN_POINT('',(-5.048554195859,-12.42554193572,
    2.023942777792));
#268 = CARTESIAN_POINT('',(-5.045076563167,-12.24209184301,
    3.015666931937));
#269 = CARTESIAN_POINT('',(-5.041986886164,-11.96824306725,3.98765816844
    ));
#270 = CARTESIAN_POINT('',(-5.039316613757,-11.60652623995,
    4.930489762127));
#271 = CARTESIAN_POINT('',(-5.037091974755,-11.16054750035,
    5.835081554364));
#272 = CARTESIAN_POINT('',(-5.03533338199,-10.63508290547,6.692744468181
    ));
#273 = CARTESIAN_POINT('',(-5.033801696168,-9.918339944651,
    7.653502318765));
#274 = CARTESIAN_POINT('',(-5.033568114228,-9.797482334847,
    7.809550956757));
#275 = CARTESIAN_POINT('',(-5.033353227187,-9.673817216197,
    7.963408230293));
#276 = CARTESIAN_POINT('',(-5.033157123762,-9.547391314013,8.11501497684
    ));
#277 = CARTESIAN_POINT('',(-5.032979882039,-9.418252883035,
    8.264313240145));
#278 = CARTESIAN_POINT('',(-5.032821569469,-9.286451707433,8.41124627023
    ));
#279 = CARTESIAN_POINT('',(-5.032682242871,-9.152039100806,
    8.555758523396));
#280 = CARTESIAN_POINT('',(-5.032444637515,-8.88149384505,8.836310022969
    ));
#281 = CARTESIAN_POINT('',(-5.032345426257,-8.745486468697,8.97247060976
    ));
#282 = CARTESIAN_POINT('',(-5.032264357283,-8.607094793852,
    9.106227068376));
#283 = CARTESIAN_POINT('',(-5.032201463383,-8.466369135173,
    9.237530253192));
#284 = CARTESIAN_POINT('',(-5.032156767384,-8.323361121837,9.36633224475
    ));
#285 = CARTESIAN_POINT('',(-5.032130282015,-8.178123714147,
    9.492586367333));
#286 = CARTESIAN_POINT('',(-5.03212200978,-8.030711220124,9.616247206534
    ));
#287 = CARTESIAN_POINT('',(-5.032141370541,-7.739254419091,
    9.852137321207));
#288 = CARTESIAN_POINT('',(-5.032167198167,-7.595420246663,
    9.964628179005));
#289 = CARTESIAN_POINT('',(-5.032209419324,-7.449724337378,
    10.074705426223));
#290 = CARTESIAN_POINT('',(-5.032268018842,-7.302215339681,
    10.182332424897));
#291 = CARTESIAN_POINT('',(-5.032342972746,-7.152943007904,
    10.287473673097));
#292 = CARTESIAN_POINT('',(-5.032434248261,-7.001958202272,
    10.390094804933));
#293 = CARTESIAN_POINT('',(-5.032541803808,-6.8493128889,10.490162590548
    ));
#294 = CARTESIAN_POINT('',(-5.032792836349,-6.536493106061,
    10.687853758774));
#295 = CARTESIAN_POINT('',(-5.03293723366,-6.376227502292,
    10.785330518955));
#296 = CARTESIAN_POINT('',(-5.033098725723,-6.214321006048,
    10.880040453669));
#297 = CARTESIAN_POINT('',(-5.033277246994,-6.050832621818,
    10.971950114538));
#298 = CARTESIAN_POINT('',(-5.033472721209,-5.885822699064,
    11.061027451058));
#299 = CARTESIAN_POINT('',(-5.033685060989,-5.719352950287,
    11.14724189385));
#300 = CARTESIAN_POINT('',(-5.033914167447,-5.551486469078,
    11.230564437922));
#301 = CARTESIAN_POINT('',(-5.034568617332,-5.100920765496,
    11.444673408917));
#302 = CARTESIAN_POINT('',(-5.035023369736,-4.815866080801,
    11.57030796505));
#303 = CARTESIAN_POINT('',(-5.035523673379,-4.527423886799,
    11.687743604039));
#304 = CARTESIAN_POINT('',(-5.036068923612,-4.235903779901,
    11.796866209071));
#305 = CARTESIAN_POINT('',(-5.036658418465,-3.941624623236,
    11.897577024591));
#306 = CARTESIAN_POINT('',(-5.037291359082,-3.644912740394,
    11.989794108641));
#307 = CARTESIAN_POINT('',(-5.037966856892,-3.346098439909,
    12.073453549754));
#308 = CARTESIAN_POINT('',(-5.039579155945,-2.67026048927,12.24221069646
    ));
#309 = CARTESIAN_POINT('',(-5.040539234015,-2.292226423483,
    12.322509026817));
#310 = CARTESIAN_POINT('',(-5.041562253753,-1.912075331471,
    12.389308858332));
#311 = CARTESIAN_POINT('',(-5.042646232123,-1.530410564443,
    12.442578570681));
#312 = CARTESIAN_POINT('',(-5.043789246751,-1.147756809292,
    12.48233645773));
#313 = CARTESIAN_POINT('',(-5.044989712458,-0.764511114641,
    12.50862451964));
#314 = CARTESIAN_POINT('',(-5.046246392555,-0.380991784641,
    12.521465153339));
#315 = CARTESIAN_POINT('',(-5.04885313462,0.381062515333,12.520262100175
    ));
#316 = CARTESIAN_POINT('',(-5.050201890215,0.759627967874,
    12.506561883588));
#317 = CARTESIAN_POINT('',(-5.051603425563,1.137906438802,
    12.479756442131));
#318 = CARTESIAN_POINT('',(-5.053056716033,1.515587707493,
    12.439823407006));
#319 = CARTESIAN_POINT('',(-5.054560544132,1.892284677757,
    12.386723279999));
#320 = CARTESIAN_POINT('',(-5.056113187961,2.267490724442,
    12.320439914002));
#321 = CARTESIAN_POINT('',(-5.057712477067,2.640624575986,
    12.241004618495));
#322 = CARTESIAN_POINT('',(-5.059737582928,3.097106469869,
    12.127020826161));
#323 = CARTESIAN_POINT('',(-5.0601217604,3.183022369091,12.104826098002)
  );
#324 = CARTESIAN_POINT('',(-5.060508287213,3.268785115957,
    12.081927259936));
#325 = CARTESIAN_POINT('',(-5.060897131711,3.354387041492,
    12.058325478832));
#326 = CARTESIAN_POINT('',(-5.06128826166,3.439820460006,12.034022051249
    ));
#327 = CARTESIAN_POINT('',(-5.061681644244,3.525077669106,
    12.009018403433));
#328 = CARTESIAN_POINT('',(-5.062077246064,3.610150949685,
    11.983316091323));
#329 = CARTESIAN_POINT('',(-5.064719549795,4.17397773849,11.807958599268
    ));
#330 = CARTESIAN_POINT('',(-5.06703359737,4.646811649906,11.636813036613
    ));
#331 = CARTESIAN_POINT('',(-5.069411098866,5.112152395778,
    11.443782896818));
#332 = CARTESIAN_POINT('',(-5.071845649032,5.568661325157,
    11.229289312552));
#333 = CARTESIAN_POINT('',(-5.074330692865,6.015071328882,
    10.993852743741));
#334 = CARTESIAN_POINT('',(-5.076859602565,6.450188939951,
    10.738076655745));
#335 = CARTESIAN_POINT('',(-5.079425702043,6.872887099947,
    10.462636003501));
#336 = CARTESIAN_POINT('',(-5.085933539076,7.89851314158,9.724871564054)
  );
#337 = CARTESIAN_POINT('',(-5.089914322565,8.484392269312,9.238494753054
    ));
#338 = CARTESIAN_POINT('',(-5.093941475037,9.036065198098,8.711694899308
    ));
#339 = CARTESIAN_POINT('',(-5.097991945117,9.55024713104,8.147348890893)
  );
#340 = CARTESIAN_POINT('',(-5.102042848997,10.02399247463,7.548601870157
    ));
#341 = CARTESIAN_POINT('',(-5.106071482044,10.454672727331,
    6.918846369808));
#342 = CARTESIAN_POINT('',(-5.110055317979,10.839985501285,
    6.261728704476));
#343 = CARTESIAN_POINT('',(-5.117887864535,11.515927879791,
    4.900772322632));
#344 = CARTESIAN_POINT('',(-5.12173729383,11.806637951037,4.196824330438
    ));
#345 = CARTESIAN_POINT('',(-5.125497889906,12.048155447255,
    3.473252631893));
#346 = CARTESIAN_POINT('',(-5.129148429265,12.238967284471,
    2.734086938139));
#347 = CARTESIAN_POINT('',(-5.132668750396,12.377960670133,1.98344858512
    ));
#348 = CARTESIAN_POINT('',(-5.136039703489,12.464404728253,
    1.225542585826));
#349 = CARTESIAN_POINT('',(-5.13924318931,12.497969432131,0.464658019943
    ));
#350 = CARTESIAN_POINT('',(-5.146261333328,12.453366290589,
    -1.300819278415));
#351 = CARTESIAN_POINT('',(-5.149938508595,12.33538457428,
    -2.304766754495));
#352 = CARTESIAN_POINT('',(-5.153253315675,12.125011301365,
    -3.296293768472));
#353 = CARTESIAN_POINT('',(-5.156172152283,11.823891474573,
    -4.265493651767));
#354 = CARTESIAN_POINT('',(-5.15866698017,11.434849783678,
    -5.202867547337));
#355 = CARTESIAN_POINT('',(-5.16071481973,10.961796574783,
    -6.099302127334));
#356 = CARTESIAN_POINT('',(-5.162298181656,10.409822567418,
    -6.946116436163));
#357 = CARTESIAN_POINT('',(-5.163961004237,9.473145687495,
    -8.129954961764));
#358 = CARTESIAN_POINT('',(-5.164396680244,9.142658211162,
    -8.510314244164));
#359 = CARTESIAN_POINT('',(-5.164712246506,8.794795582318,
    -8.875302579059));
#360 = CARTESIAN_POINT('',(-5.164906799939,8.430403208848,-9.22399079912
    ));
#361 = CARTESIAN_POINT('',(-5.164979847159,8.050386612438,
    -9.555505475155));
#362 = CARTESIAN_POINT('',(-5.164931309591,7.6557121454,-9.869029729529)
  );
#363 = CARTESIAN_POINT('',(-5.164761549475,7.247410095061,
    -10.16380707363));
#364 = CARTESIAN_POINT('',(-5.164177593788,6.400397589539,-10.7179916155
    ));
#365 = CARTESIAN_POINT('',(-5.163760301801,5.961344442891,-10.9769156942
    ));
#366 = CARTESIAN_POINT('',(-5.163220407019,5.51057026993,-11.21519448624
    ));
#367 = CARTESIAN_POINT('',(-5.162559306229,5.049292119457,
    -11.43218158367));
#368 = CARTESIAN_POINT('',(-5.161778942618,4.578795157081,
    -11.62731339295));
#369 = CARTESIAN_POINT('',(-5.160881880242,4.100435478213,
    -11.80012472814));
#370 = CARTESIAN_POINT('',(-5.159871335894,3.615626535914,
    -11.95026714979));
#371 = CARTESIAN_POINT('',(-5.157862120777,2.737100087485,-12.1784973371
    ));
#372 = CARTESIAN_POINT('',(-5.156904043925,2.345226308882,
    -12.26506646277));
#373 = CARTESIAN_POINT('',(-5.155878770454,1.950908816017,
    -12.33710783831));
#374 = CARTESIAN_POINT('',(-5.154788314129,1.554823510278,
    -12.39457448325));
#375 = CARTESIAN_POINT('',(-5.153634652437,1.157567009754,
    -12.43747635648));
#376 = CARTESIAN_POINT('',(-5.152419433693,0.759601694509,
    -12.46585318636));
#377 = CARTESIAN_POINT('',(-5.15114395018,0.361306334688,-12.47972631124
    ));
#378 = CARTESIAN_POINT('',(-5.148524069886,-0.420506928114,
    -12.47849206475));
#379 = CARTESIAN_POINT('',(-5.147183857947,-0.804057714413,
    -12.46443648037));
#380 = CARTESIAN_POINT('',(-5.14578972954,-1.187288197167,-12.4369283457
    ));
#381 = CARTESIAN_POINT('',(-5.144342687689,-1.569857635843,
    -12.39594822354));
#382 = CARTESIAN_POINT('',(-5.14284391874,-1.951352548797,
    -12.34146223005));
#383 = CARTESIAN_POINT('',(-5.141295086877,-2.331246068305,
    -12.27346079146));
#384 = CARTESIAN_POINT('',(-5.139698291231,-2.708939929193,
    -12.19198215572));
#385 = CARTESIAN_POINT('',(-5.136719147566,-3.388935605731,
    -12.01990416468));
#386 = CARTESIAN_POINT('',(-5.135352062218,-3.692212684237,
    -11.93381299266));
#387 = CARTESIAN_POINT('',(-5.133956133928,-3.99326880072,
    -11.83890236131));
#388 = CARTESIAN_POINT('',(-5.132532759756,-4.291761883884,
    -11.73524135358));
#389 = CARTESIAN_POINT('',(-5.131083400483,-4.587353975492,
    -11.62291769731));
#390 = CARTESIAN_POINT('',(-5.129609564819,-4.879714630315,
    -11.50203659187));
#391 = CARTESIAN_POINT('',(-5.128112798017,-5.168522711232,
    -11.37271931261));
#392 = CARTESIAN_POINT('',(-5.125672269951,-5.626597223726,
    -11.15148567034));
#393 = CARTESIAN_POINT('',(-5.124741973684,-5.798302656787,
    -11.06480481046));
#394 = CARTESIAN_POINT('',(-5.123804134685,-5.968513800213,
    -10.97508899742));
#395 = CARTESIAN_POINT('',(-5.122859104177,-6.137163077805,
    -10.88237001634));
#396 = CARTESIAN_POINT('',(-5.121907235752,-6.304184396997,
    -10.7866813669));
#397 = CARTESIAN_POINT('',(-5.120948885097,-6.46951313024,
    -10.68805817686));
#398 = CARTESIAN_POINT('',(-5.119984409718,-6.63308609638,
    -10.58653711562));
#399 = CARTESIAN_POINT('',(-5.118069642177,-6.952309939804,
    -10.38054193229));
#400 = CARTESIAN_POINT('',(-5.117119651542,-7.108055856315,-10.276217354
    ));
#401 = CARTESIAN_POINT('',(-5.116164528286,-7.262022347806,
    -10.16921784005));
#402 = CARTESIAN_POINT('',(-5.115204605344,-7.414153685344,
    -10.0595799102));
#403 = CARTESIAN_POINT('',(-5.114240217069,-7.564395354831,
    -9.947341336789));
#404 = CARTESIAN_POINT('',(-5.113271699229,-7.712694057009,
    -9.832541144699));
#405 = CARTESIAN_POINT('',(-5.112299389008,-7.858997707458,
    -9.715219611394));
#406 = CARTESIAN_POINT('',(-5.11032259373,-8.151248699811,-9.47251468304
    ));
#407 = CARTESIAN_POINT('',(-5.109317927069,-8.297088742251,
    -9.347001116476));
#408 = CARTESIAN_POINT('',(-5.108309990665,-8.440720577355,
    -9.218922363834));
#409 = CARTESIAN_POINT('',(-5.107299151179,-8.58209058065,
    -9.088324483272));
#410 = CARTESIAN_POINT('',(-5.10628577629,-8.721146474598,-8.95525477843
    ));
#411 = CARTESIAN_POINT('',(-5.105270234681,-8.857837313451,-8.8197617824
    ));
#412 = CARTESIAN_POINT('',(-5.104252896032,-8.992113468106,
    -8.681895241685));
#413 = CARTESIAN_POINT('',(-5.102215559761,-9.255714684136,
    -8.401543621348));
#414 = CARTESIAN_POINT('',(-5.101195562089,-9.385040751083,
    -8.259059337286));
#415 = CARTESIAN_POINT('',(-5.100174508553,-9.511856523057,
    -8.114304195207));
#416 = CARTESIAN_POINT('',(-5.099152769905,-9.636115099997,
    -7.967330218441));
#417 = CARTESIAN_POINT('',(-5.098130717096,-9.757770970513,
    -7.818190506422));
#418 = CARTESIAN_POINT('',(-5.09710872128,-9.876780011891,
    -7.666939234684));
#419 = CARTESIAN_POINT('',(-5.096087153808,-9.993099490087,
    -7.513631654866));
#420 = CARTESIAN_POINT('',(-5.090617666417,-10.60173094103,
    -6.681461076635));
#421 = CARTESIAN_POINT('',(-5.086183529951,-11.04497052108,
    -5.966517393006));
#422 = CARTESIAN_POINT('',(-5.081795595868,-11.43286463054,
    -5.218267974898));
#423 = CARTESIAN_POINT('',(-5.077484510535,-11.76253634946,
    -4.441755487319));
#424 = CARTESIAN_POINT('',(-5.073280053428,-12.03167902303,
    -3.642240794925));
#425 = CARTESIAN_POINT('',(-5.069211153829,-12.2385239112,
    -2.825185608053));
#426 = CARTESIAN_POINT('',(-5.065305782136,-12.38187206978,
    -1.996259800076));
#427 = CARTESIAN_POINT('',(-5.060935054318,-12.47519010729,
    -1.014027442762));
#428 = CARTESIAN_POINT('',(-5.060285338685,-12.48719443425,
    -0.866499506351));
#429 = CARTESIAN_POINT('',(-5.059641675941,-12.4972020462,
    -0.718813583231));
#430 = CARTESIAN_POINT('',(-5.059004207601,-12.50521054632,
    -0.571001207064));
#431 = CARTESIAN_POINT('',(-5.058373073323,-12.51121813617,
    -0.423093939788));
#432 = CARTESIAN_POINT('',(-5.057748410905,-12.51522361572,
    -0.27512337162));
#433 = CARTESIAN_POINT('',(-5.057130356293,-12.51722638327,
    -0.127121121056));
#434 = CARTESIAN_POINT('',(-5.056519043571,-12.51722643554,
    2.088116513213E-02));
#435 = PCURVE('',#168,#436);
#436 = DEFINITIONAL_REPRESENTATION('',(#437),#608);
#437 = B_SPLINE_CURVE_WITH_KNOTS('',8,(#438,#439,#440,#441,#442,#443,
    #444,#445,#446,#447,#448,#449,#450,#451,#452,#453,#454,#455,#456,
    #457,#458,#459,#460,#461,#462,#463,#464,#465,#466,#467,#468,#469,
    #470,#471,#472,#473,#474,#475,#476,#477,#478,#479,#480,#481,#482,
    #483,#484,#485,#486,#487,#488,#489,#490,#491,#492,#493,#494,#495,
    #496,#497,#498,#499,#500,#501,#502,#503,#504,#505,#506,#507,#508,
    #509,#510,#511,#512,#513,#514,#515,#516,#517,#518,#519,#520,#521,
    #522,#523,#524,#525,#526,#527,#528,#529,#530,#531,#532,#533,#534,
    #535,#536,#537,#538,#539,#540,#541,#542,#543,#544,#545,#546,#547,
    #548,#549,#550,#551,#552,#553,#554,#555,#556,#557,#558,#559,#560,
    #561,#562,#563,#564,#565,#566,#567,#568,#569,#570,#571,#572,#573,
    #574,#575,#576,#577,#578,#579,#580,#581,#582,#583,#584,#585,#586,
    #587,#588,#589,#590,#591,#592,#593,#594,#595,#596,#597,#598,#599,
    #600,#601,#602,#603,#604,#605,#606,#607),.UNSPECIFIED.,.F.,.F.,(9,7,
    7,7,7,7,7,7,7,7,7,7,7,7,7,7,7,7,7,7,7,7,7,7,9),(0.,0.101714951209,
    0.121761886671,0.141311621856,0.159866819282,0.178940985759,
    0.210660142029,0.250258005322,0.289346772545,0.298428435287,
    0.349671787163,0.426859911316,0.504030862333,0.606250199753,
    0.657385181588,0.709170565179,0.750262867048,0.789836878723,
    0.82205414299,0.841629211416,0.860685476559,0.880235201071,
    0.899781207403,0.984966814743,1.),.UNSPECIFIED.);
#438 = CARTESIAN_POINT('',(0.,31.066104740012));
#439 = CARTESIAN_POINT('',(8.011180704392E-02,31.061966596896));
#440 = CARTESIAN_POINT('',(0.160245015014,31.05814384122));
#441 = CARTESIAN_POINT('',(0.240366421292,31.054679967519));
#442 = CARTESIAN_POINT('',(0.320477874536,31.05161181693));
#443 = CARTESIAN_POINT('',(0.400589686276,31.048970640295));
#444 = CARTESIAN_POINT('',(0.480711546245,31.046782375734));
#445 = CARTESIAN_POINT('',(0.560843312694,31.0450670446));
#446 = CARTESIAN_POINT('',(0.65673584077,31.043594774514));
#447 = CARTESIAN_POINT('',(0.67252344623,31.043371222854));
#448 = CARTESIAN_POINT('',(0.688310839025,31.043166610391));
#449 = CARTESIAN_POINT('',(0.704097986272,31.042981021963));
#450 = CARTESIAN_POINT('',(0.719884848484,31.042814531641));
#451 = CARTESIAN_POINT('',(0.735671379569,31.04266720273));
#452 = CARTESIAN_POINT('',(0.751457526833,31.042539087772));
#453 = CARTESIAN_POINT('',(0.782637421092,31.042324069212));
#454 = CARTESIAN_POINT('',(0.798031193916,31.042236222165));
#455 = CARTESIAN_POINT('',(0.813424486596,31.042166725929));
#456 = CARTESIAN_POINT('',(0.828817232846,31.042115609088));
#457 = CARTESIAN_POINT('',(0.844209358051,31.042082890147));
#458 = CARTESIAN_POINT('',(0.859600774368,31.042068577398));
#459 = CARTESIAN_POINT('',(0.874991375837,31.042072668788));
#460 = CARTESIAN_POINT('',(0.9049877856,31.042116491022));
#461 = CARTESIAN_POINT('',(0.919593687508,31.04215439802));
#462 = CARTESIAN_POINT('',(0.934198639204,31.042208862416));
#463 = CARTESIAN_POINT('',(0.948802518293,31.042279864949));
#464 = CARTESIAN_POINT('',(0.963405179986,31.042367377462));
#465 = CARTESIAN_POINT('',(0.9780064571,31.042471362897));
#466 = CARTESIAN_POINT('',(0.992606160056,31.042591775296));
#467 = CARTESIAN_POINT('',(1.022210281843,31.042869170033));
#468 = CARTESIAN_POINT('',(1.03721459346,31.043027080764));
#469 = CARTESIAN_POINT('',(1.052216774095,31.043202231917));
#470 = CARTESIAN_POINT('',(1.067216548133,31.043394552968));
#471 = CARTESIAN_POINT('',(1.082213597749,31.043603962555));
#472 = CARTESIAN_POINT('',(1.097207558676,31.043830368083));
#473 = CARTESIAN_POINT('',(1.112198015981,31.044073665326));
#474 = CARTESIAN_POINT('',(1.152106093324,31.044766222814));
#475 = CARTESIAN_POINT('',(1.177017014863,31.045245103434));
#476 = CARTESIAN_POINT('',(1.201914768907,31.045769840849));
#477 = CARTESIAN_POINT('',(1.226796572575,31.046339804161));
#478 = CARTESIAN_POINT('',(1.25165931434,31.046954264328));
#479 = CARTESIAN_POINT('',(1.276499625429,31.047612394752));
#480 = CARTESIAN_POINT('',(1.301314063925,31.048313278747));
#481 = CARTESIAN_POINT('',(1.357041180608,31.049983034285));
#482 = CARTESIAN_POINT('',(1.387939267722,31.050975278366));
#483 = CARTESIAN_POINT('',(1.418785197927,31.052030671336));
#484 = CARTESIAN_POINT('',(1.449576130682,31.053147178635));
#485 = CARTESIAN_POINT('',(1.480315384719,31.054322832991));
#486 = CARTESIAN_POINT('',(1.511015692054,31.055556015198));
#487 = CARTESIAN_POINT('',(1.541695583859,31.056845461305));
#488 = CARTESIAN_POINT('',(1.602660014397,31.05951736144));
#489 = CARTESIAN_POINT('',(1.632946947699,31.060898511034));
#490 = CARTESIAN_POINT('',(1.663254905929,31.062332441295));
#491 = CARTESIAN_POINT('',(1.693601415092,31.063818101111));
#492 = CARTESIAN_POINT('',(1.72399833896,31.065354239971));
#493 = CARTESIAN_POINT('',(1.754448716212,31.06693909269));
#494 = CARTESIAN_POINT('',(1.78494973306,31.068570439055));
#495 = CARTESIAN_POINT('',(1.822589547871,31.070634795538));
#496 = CARTESIAN_POINT('',(1.829688226673,31.071026361934));
#497 = CARTESIAN_POINT('',(1.836789209343,31.071420265943));
#498 = CARTESIAN_POINT('',(1.843892424097,31.071816475253));
#499 = CARTESIAN_POINT('',(1.850997796457,31.072214956969));
#500 = CARTESIAN_POINT('',(1.858105249248,31.072615677613));
#501 = CARTESIAN_POINT('',(1.865214702601,31.073018603125));
#502 = CARTESIAN_POINT('',(1.912452041477,31.075709454673));
#503 = CARTESIAN_POINT('',(1.952638304635,31.078064261982));
#504 = CARTESIAN_POINT('',(1.992870547398,31.080481925049));
#505 = CARTESIAN_POINT('',(2.03313621275,31.082955923348));
#506 = CARTESIAN_POINT('',(2.073425799355,31.085479592527));
#507 = CARTESIAN_POINT('',(2.11373251461,31.088046201573));
#508 = CARTESIAN_POINT('',(2.154051367936,31.090648976724));
#509 = CARTESIAN_POINT('',(2.255124188458,31.097245937707));
#510 = CARTESIAN_POINT('',(2.315894605956,31.101277758516));
#511 = CARTESIAN_POINT('',(2.376673518972,31.10535310218));
#512 = CARTESIAN_POINT('',(2.437455927687,31.109448630885));
#513 = CARTESIAN_POINT('',(2.498241627262,31.113541202866));
#514 = CARTESIAN_POINT('',(2.559031724012,31.117607882165));
#515 = CARTESIAN_POINT('',(2.619825563463,31.121625938566));
#516 = CARTESIAN_POINT('',(2.741391389983,31.12951892137));
#517 = CARTESIAN_POINT('',(2.802173990689,31.133394573538));
#518 = CARTESIAN_POINT('',(2.86295443452,31.137177224627));
#519 = CARTESIAN_POINT('',(2.923731896199,31.140845513944));
#520 = CARTESIAN_POINT('',(2.984509465521,31.144379176829));
#521 = CARTESIAN_POINT('',(3.045290296714,31.147758992817));
#522 = CARTESIAN_POINT('',(3.106073773523,31.150966826128));
#523 = CARTESIAN_POINT('',(3.247357090934,31.15798458528));
#524 = CARTESIAN_POINT('',(3.327885703606,31.161653622848));
#525 = CARTESIAN_POINT('',(3.40840269515,31.164952368618));
#526 = CARTESIAN_POINT('',(3.488909509545,31.167847341714));
#527 = CARTESIAN_POINT('',(3.569416352182,31.17031072695));
#528 = CARTESIAN_POINT('',(3.64993299599,31.172319861357));
#529 = CARTESIAN_POINT('',(3.730459335904,31.173857674025));
#530 = CARTESIAN_POINT('',(3.851225943861,31.175442709736));
#531 = CARTESIAN_POINT('',(3.89149374434,31.175850867715));
#532 = CARTESIAN_POINT('',(3.93175922131,31.176137400519));
#533 = CARTESIAN_POINT('',(3.972021555501,31.176301475543));
#534 = CARTESIAN_POINT('',(4.012279899663,31.176342675129));
#535 = CARTESIAN_POINT('',(4.052532813632,31.176261001738));
#536 = CARTESIAN_POINT('',(4.092777641759,31.17605690423));
#537 = CARTESIAN_POINT('',(4.17375374943,31.175401605147));
#538 = CARTESIAN_POINT('',(4.214486801299,31.174947276916));
#539 = CARTESIAN_POINT('',(4.255203316586,31.174369303646));
#540 = CARTESIAN_POINT('',(4.295896302115,31.173669184927));
#541 = CARTESIAN_POINT('',(4.336556852297,31.172848972732));
#542 = CARTESIAN_POINT('',(4.377173439799,31.171911346161));
#543 = CARTESIAN_POINT('',(4.417732275635,31.17085964218));
#544 = CARTESIAN_POINT('',(4.490347346557,31.168775756189));
#545 = CARTESIAN_POINT('',(4.522431429373,31.167784342206));
#546 = CARTESIAN_POINT('',(4.554463029552,31.166725494454));
#547 = CARTESIAN_POINT('',(4.586438821735,31.165601284393));
#548 = CARTESIAN_POINT('',(4.618361748531,31.164413740541));
#549 = CARTESIAN_POINT('',(4.650244644331,31.163164550826));
#550 = CARTESIAN_POINT('',(4.682106486988,31.161855039955));
#551 = CARTESIAN_POINT('',(4.744651637169,31.159168312137));
#552 = CARTESIAN_POINT('',(4.775337441815,31.157795279263));
#553 = CARTESIAN_POINT('',(4.806043344335,31.15636833118));
#554 = CARTESIAN_POINT('',(4.836786123565,31.15488850001));
#555 = CARTESIAN_POINT('',(4.86757720604,31.153357007384));
#556 = CARTESIAN_POINT('',(4.898419652372,31.151775562515));
#557 = CARTESIAN_POINT('',(4.929310906373,31.15014631576));
#558 = CARTESIAN_POINT('',(4.985425364562,31.147108698193));
#559 = CARTESIAN_POINT('',(5.01063572862,31.145715515423));
#560 = CARTESIAN_POINT('',(5.035871267423,31.144293662475));
#561 = CARTESIAN_POINT('',(5.061128662712,31.142844565789));
#562 = CARTESIAN_POINT('',(5.086404660085,31.141369715215));
#563 = CARTESIAN_POINT('',(5.11169624269,31.13987064792));
#564 = CARTESIAN_POINT('',(5.137000696395,31.138348936847));
#565 = CARTESIAN_POINT('',(5.177696770437,31.1358688137));
#566 = CARTESIAN_POINT('',(5.193081939518,31.134923668257));
#567 = CARTESIAN_POINT('',(5.208470599811,31.133971101949));
#568 = CARTESIAN_POINT('',(5.22386233388,31.133011471839));
#569 = CARTESIAN_POINT('',(5.23925677599,31.132045137237));
#570 = CARTESIAN_POINT('',(5.254653607355,31.131072459421));
#571 = CARTESIAN_POINT('',(5.270052551389,31.130093801371));
#572 = CARTESIAN_POINT('',(5.300446014526,31.128151340092));
#573 = CARTESIAN_POINT('',(5.31544043088,31.127187830556));
#574 = CARTESIAN_POINT('',(5.330436405338,31.126219335344));
#575 = CARTESIAN_POINT('',(5.345433747889,31.125246192229));
#576 = CARTESIAN_POINT('',(5.360432291179,31.124268740296));
#577 = CARTESIAN_POINT('',(5.375431890519,31.123287319948));
#578 = CARTESIAN_POINT('',(5.390432423883,31.122302272899));
#579 = CARTESIAN_POINT('',(5.420823618292,31.120300018772));
#580 = CARTESIAN_POINT('',(5.436214323842,31.119282639012));
#581 = CARTESIAN_POINT('',(5.451605789342,31.118262173329));
#582 = CARTESIAN_POINT('',(5.466997917303,31.117238993059));
#583 = CARTESIAN_POINT('',(5.482390627138,31.116213470442));
#584 = CARTESIAN_POINT('',(5.497783850349,31.11518597861));
#585 = CARTESIAN_POINT('',(5.513177525701,31.114156891586));
#586 = CARTESIAN_POINT('',(5.543962735302,31.112096472912));
#587 = CARTESIAN_POINT('',(5.559354273885,31.11106514113));
#588 = CARTESIAN_POINT('',(5.57474615926,31.110032963704));
#589 = CARTESIAN_POINT('',(5.590138346105,31.109000315496));
#590 = CARTESIAN_POINT('',(5.605530794674,31.107967571454));
#591 = CARTESIAN_POINT('',(5.620923470797,31.106935106607));
#592 = CARTESIAN_POINT('',(5.636316345882,31.10590329607));
#593 = CARTESIAN_POINT('',(5.718795551414,31.100380154471));
#594 = CARTESIAN_POINT('',(5.785894163455,31.095906732486));
#595 = CARTESIAN_POINT('',(5.852989684147,31.091484180246));
#596 = CARTESIAN_POINT('',(5.920081421234,31.087143399889));
#597 = CARTESIAN_POINT('',(5.987173469767,31.082914378326));
#598 = CARTESIAN_POINT('',(6.054270164924,31.078826206673));
#599 = CARTESIAN_POINT('',(6.121371621,31.074906968851));
#600 = CARTESIAN_POINT('',(6.200304077695,31.070526354751));
#601 = CARTESIAN_POINT('',(6.212144239782,31.069875326235));
#602 = CARTESIAN_POINT('',(6.22398440669,31.06923052102));
#603 = CARTESIAN_POINT('',(6.235824578222,31.068592080888));
#604 = CARTESIAN_POINT('',(6.247664754197,31.067960145712));
#605 = CARTESIAN_POINT('',(6.259504934447,31.067334853454));
#606 = CARTESIAN_POINT('',(6.27134511882,31.066716340171));
#607 = CARTESIAN_POINT('',(6.28318530718,31.066104740012));
#608 = ( GEOMETRIC_REPRESENTATION_CONTEXT(2) 
PARAMETRIC_REPRESENTATION_CONTEXT() REPRESENTATION_CONTEXT('2D SPACE',''
  ) );
#609 = PCURVE('',#610,#615);
#610 = SPHERICAL_SURFACE('',#611,13.49999179628);
#611 = AXIS2_PLACEMENT_3D('',#612,#613,#614);
#612 = CARTESIAN_POINT('',(1.18396397236E-13,-5.246554900467E-14,
    -7.501211379612E-14));
#613 = DIRECTION('',(0.,0.,1.));
#614 = DIRECTION('',(1.,0.,-0.));
#615 = DEFINITIONAL_REPRESENTATION('',(#616),#787);
#616 = B_SPLINE_CURVE_WITH_KNOTS('',8,(#617,#618,#619,#620,#621,#622,
    #623,#624,#625,#626,#627,#628,#629,#630,#631,#632,#633,#634,#635,
    #636,#637,#638,#639,#640,#641,#642,#643,#644,#645,#646,#647,#648,
    #649,#650,#651,#652,#653,#654,#655,#656,#657,#658,#659,#660,#661,
    #662,#663,#664,#665,#666,#667,#668,#669,#670,#671,#672,#673,#674,
    #675,#676,#677,#678,#679,#680,#681,#682,#683,#684,#685,#686,#687,
    #688,#689,#690,#691,#692,#693,#694,#695,#696,#697,#698,#699,#700,
    #701,#702,#703,#704,#705,#706,#707,#708,#709,#710,#711,#712,#713,
    #714,#715,#716,#717,#718,#719,#720,#721,#722,#723,#724,#725,#726,
    #727,#728,#729,#730,#731,#732,#733,#734,#735,#736,#737,#738,#739,
    #740,#741,#742,#743,#744,#745,#746,#747,#748,#749,#750,#751,#752,
    #753,#754,#755,#756,#757,#758,#759,#760,#761,#762,#763,#764,#765,
    #766,#767,#768,#769,#770,#771,#772,#773,#774,#775,#776,#777,#778,
    #779,#780,#781,#782,#783,#784,#785,#786),.UNSPECIFIED.,.F.,.F.,(9,7,
    7,7,7,7,7,7,7,7,7,7,7,7,7,7,7,7,7,7,7,7,7,7,9),(0.,0.101714951209,
    0.121761886671,0.141311621856,0.159866819282,0.178940985759,
    0.210660142029,0.250258005322,0.289346772545,0.298428435287,
    0.349671787163,0.426859911316,0.504030862333,0.606250199753,
    0.657385181588,0.709170565179,0.750262867048,0.789836878723,
    0.82205414299,0.841629211416,0.860685476559,0.880235201071,
    0.899781207403,0.984966814743,1.),.UNSPECIFIED.);
#617 = CARTESIAN_POINT('',(4.328469340339,1.546754529447E-03));
#618 = CARTESIAN_POINT('',(4.328753432002,7.572445322158E-02));
#619 = CARTESIAN_POINT('',(4.326472893821,0.149931788174));
#620 = CARTESIAN_POINT('',(4.321627081595,0.224033975415));
#621 = CARTESIAN_POINT('',(4.314080466781,0.297930958802));
#622 = CARTESIAN_POINT('',(4.303539458654,0.371513908859));
#623 = CARTESIAN_POINT('',(4.289528342524,0.444647866183));
#624 = CARTESIAN_POINT('',(4.27128239758,0.517135224139));
#625 = CARTESIAN_POINT('',(4.242784320835,0.602702599229));
#626 = CARTESIAN_POINT('',(4.237876020475,0.616752034787));
#627 = CARTESIAN_POINT('',(4.232741313299,0.630760571829));
#628 = CARTESIAN_POINT('',(4.227369043656,0.64472545194));
#629 = CARTESIAN_POINT('',(4.221746943729,0.658643638655));
#630 = CARTESIAN_POINT('',(4.215861633538,0.672511817466));
#631 = CARTESIAN_POINT('',(4.20969862094,0.686326395815));
#632 = CARTESIAN_POINT('',(4.19694611072,0.713499409225));
#633 = CARTESIAN_POINT('',(4.190370863166,0.726860628665));
#634 = CARTESIAN_POINT('',(4.183501845343,0.740163483273));
#635 = CARTESIAN_POINT('',(4.176323111641,0.753403982252));
#636 = CARTESIAN_POINT('',(4.168817337213,0.766577759738));
#637 = CARTESIAN_POINT('',(4.160965670721,0.779680012388));
#638 = CARTESIAN_POINT('',(4.152747587084,0.792705436959));
#639 = CARTESIAN_POINT('',(4.135971742479,0.817932473822));
#640 = CARTESIAN_POINT('',(4.127452425388,0.830142211411));
#641 = CARTESIAN_POINT('',(4.118563883169,0.842272508415));
#642 = CARTESIAN_POINT('',(4.109285506144,0.854317885901));
#643 = CARTESIAN_POINT('',(4.099594980743,0.86627225825));
#644 = CARTESIAN_POINT('',(4.089468289502,0.878128933162));
#645 = CARTESIAN_POINT('',(4.078879711064,0.889880611655));
#646 = CARTESIAN_POINT('',(4.05641409252,0.913483688606));
#647 = CARTESIAN_POINT('',(4.044509164266,0.925328598132));
#648 = CARTESIAN_POINT('',(4.032057198716,0.937045347801));
#649 = CARTESIAN_POINT('',(4.01902608209,0.948624306917));
#650 = CARTESIAN_POINT('',(4.005381623954,0.96005486286));
#651 = CARTESIAN_POINT('',(3.99108775764,0.971325301023));
#652 = CARTESIAN_POINT('',(3.976106740669,0.98242268474));
#653 = CARTESIAN_POINT('',(3.934278946951,1.01147547278));
#654 = CARTESIAN_POINT('',(3.906149794676,1.029100466915));
#655 = CARTESIAN_POINT('',(3.875832006531,1.046141460533));
#656 = CARTESIAN_POINT('',(3.843138636474,1.062522908887));
#657 = CARTESIAN_POINT('',(3.807879630786,1.078156981296));
#658 = CARTESIAN_POINT('',(3.769880616871,1.092943002908));
#659 = CARTESIAN_POINT('',(3.729016534313,1.10676933648));
#660 = CARTESIAN_POINT('',(3.630635043001,1.135432633303));
#661 = CARTESIAN_POINT('',(3.571499761072,1.149668576421));
#662 = CARTESIAN_POINT('',(3.507801614714,1.161994518458));
#663 = CARTESIAN_POINT('',(3.439729746733,1.17216969903));
#664 = CARTESIAN_POINT('',(3.367797184707,1.179957998127));
#665 = CARTESIAN_POINT('',(3.293105339345,1.185168911355));
#666 = CARTESIAN_POINT('',(3.217072920689,1.187712840125));
#667 = CARTESIAN_POINT('',(3.066098371823,1.18747449656));
#668 = CARTESIAN_POINT('',(2.991149398455,1.184760275224));
#669 = CARTESIAN_POINT('',(2.917594792557,1.179453046685));
#670 = CARTESIAN_POINT('',(2.846784171231,1.171643836572));
#671 = CARTESIAN_POINT('',(2.7797542403,1.161517723986));
#672 = CARTESIAN_POINT('',(2.716991345033,1.149301857708));
#673 = CARTESIAN_POINT('',(2.658673912601,1.135227781481));
#674 = CARTESIAN_POINT('',(2.59222336968,1.115867705246));
#675 = CARTESIAN_POINT('',(2.579932515829,1.112129352821));
#676 = CARTESIAN_POINT('',(2.56787803611,1.108305421454));
#677 = CARTESIAN_POINT('',(2.556058630124,1.104398636372));
#678 = CARTESIAN_POINT('',(2.544472516275,1.100411666525));
#679 = CARTESIAN_POINT('',(2.533117431778,1.096347124585));
#680 = CARTESIAN_POINT('',(2.521990632653,1.092207566951));
#681 = CARTESIAN_POINT('',(2.449575747983,1.064228838255));
#682 = CARTESIAN_POINT('',(2.395232047917,1.038153498269));
#683 = CARTESIAN_POINT('',(2.347503593003,1.010217164613));
#684 = CARTESIAN_POINT('',(2.305500630303,0.980791099957));
#685 = CARTESIAN_POINT('',(2.268395406802,0.950156732614));
#686 = CARTESIAN_POINT('',(2.235502203836,0.918526566347));
#687 = CARTESIAN_POINT('',(2.206229862867,0.886070951281));
#688 = CARTESIAN_POINT('',(2.140732462853,0.802990218539));
#689 = CARTESIAN_POINT('',(2.108486953805,0.751481406512));
#690 = CARTESIAN_POINT('',(2.08170608981,0.698853804268));
#691 = CARTESIAN_POINT('',(2.059254790391,0.64538388624));
#692 = CARTESIAN_POINT('',(2.040345239333,0.591259593649));
#693 = CARTESIAN_POINT('',(2.02440988783,0.536620204049));
#694 = CARTESIAN_POINT('',(2.011022778169,0.481571864199));
#695 = CARTESIAN_POINT('',(1.988725012996,0.370855557101));
#696 = CARTESIAN_POINT('',(1.97981089775,0.315178081413));
#697 = CARTESIAN_POINT('',(1.972820062798,0.259267745229));
#698 = CARTESIAN_POINT('',(1.967544800239,0.203190114966));
#699 = CARTESIAN_POINT('',(1.96385017326,0.146995189261));
#700 = CARTESIAN_POINT('',(1.961655182219,9.072692707377E-02));
#701 = CARTESIAN_POINT('',(1.960924864495,3.443081759385E-02));
#702 = CARTESIAN_POINT('',(1.962664730375,-9.637655487904E-02));
#703 = CARTESIAN_POINT('',(1.966250592348,-0.170899639258));
#704 = CARTESIAN_POINT('',(1.972466671474,-0.245271466105));
#705 = CARTESIAN_POINT('',(1.981487318587,-0.319386760096));
#706 = CARTESIAN_POINT('',(1.993654065723,-0.393127312863));
#707 = CARTESIAN_POINT('',(2.009506374182,-0.466344104978));
#708 = CARTESIAN_POINT('',(2.029903514209,-0.538816323202));
#709 = CARTESIAN_POINT('',(2.069544607648,-0.645813640002));
#710 = CARTESIAN_POINT('',(2.08427247001,-0.681208128255));
#711 = CARTESIAN_POINT('',(2.10069852505,-0.716271559197));
#712 = CARTESIAN_POINT('',(2.119050045987,-0.750945737011));
#713 = CARTESIAN_POINT('',(2.139607749298,-0.785159547951));
#714 = CARTESIAN_POINT('',(2.162721325522,-0.818822901875));
#715 = CARTESIAN_POINT('',(2.188825940481,-0.851817336542));
#716 = CARTESIAN_POINT('',(2.24847039453,-0.916558361457));
#717 = CARTESIAN_POINT('',(2.282101742672,-0.948285180545));
#718 = CARTESIAN_POINT('',(2.319910610466,-0.978998021725));
#719 = CARTESIAN_POINT('',(2.362558477266,-1.008483774032));
#720 = CARTESIAN_POINT('',(2.410806245493,-1.036478864717));
#721 = CARTESIAN_POINT('',(2.465516750551,-1.06263601399));
#722 = CARTESIAN_POINT('',(2.527474424318,-1.086509321316));
#723 = CARTESIAN_POINT('',(2.651867248328,-1.124346797977));
#724 = CARTESIAN_POINT('',(2.71156458894,-1.139340118037));
#725 = CARTESIAN_POINT('',(2.776001360086,-1.152338909031));
#726 = CARTESIAN_POINT('',(2.84500509568,-1.163083635677));
#727 = CARTESIAN_POINT('',(2.918068025911,-1.171317431986));
#728 = CARTESIAN_POINT('',(2.994043957162,-1.176830517385));
#729 = CARTESIAN_POINT('',(3.071435486429,-1.179524363483));
#730 = CARTESIAN_POINT('',(3.223245339206,-1.17928470127));
#731 = CARTESIAN_POINT('',(3.297673277483,-1.176555435188));
#732 = CARTESIAN_POINT('',(3.37073639364,-1.171217254378));
#733 = CARTESIAN_POINT('',(3.441113546474,-1.163360756325));
#734 = CARTESIAN_POINT('',(3.507785451907,-1.153170024924));
#735 = CARTESIAN_POINT('',(3.570266263918,-1.140871509779));
#736 = CARTESIAN_POINT('',(3.62837284332,-1.126696493268));
#737 = CARTESIAN_POINT('',(3.725925338267,-1.097980635908));
#738 = CARTESIAN_POINT('',(3.76683377294,-1.08399704737));
#739 = CARTESIAN_POINT('',(3.804895619068,-1.069036013996));
#740 = CARTESIAN_POINT('',(3.840231572461,-1.05321056461));
#741 = CARTESIAN_POINT('',(3.87301218203,-1.036622780497));
#742 = CARTESIAN_POINT('',(3.903424471117,-1.019361834368));
#743 = CARTESIAN_POINT('',(3.931653101341,-1.001504513634));
#744 = CARTESIAN_POINT('',(3.973809045137,-0.971946801476));
#745 = CARTESIAN_POINT('',(3.989001609412,-0.960579982366));
#746 = CARTESIAN_POINT('',(4.003493818969,-0.949032756532));
#747 = CARTESIAN_POINT('',(4.017324250318,-0.937318694672));
#748 = CARTESIAN_POINT('',(4.030529790961,-0.925450079357));
#749 = CARTESIAN_POINT('',(4.043145421034,-0.913438032093));
#750 = CARTESIAN_POINT('',(4.05520399496,-0.901292640381));
#751 = CARTESIAN_POINT('',(4.077962414789,-0.877078712498));
#752 = CARTESIAN_POINT('',(4.088689933235,-0.865016755369));
#753 = CARTESIAN_POINT('',(4.09894669129,-0.852845505618));
#754 = CARTESIAN_POINT('',(4.108759046332,-0.840572615735));
#755 = CARTESIAN_POINT('',(4.118151600251,-0.828205098471));
#756 = CARTESIAN_POINT('',(4.127147199455,-0.815749326844));
#757 = CARTESIAN_POINT('',(4.135766934864,-0.80321103413));
#758 = CARTESIAN_POINT('',(4.152507323572,-0.777652911268));
#759 = CARTESIAN_POINT('',(4.160609386086,-0.764629101541));
#760 = CARTESIAN_POINT('',(4.168357428568,-0.75152954886));
#761 = CARTESIAN_POINT('',(4.175770862832,-0.738359384251));
#762 = CARTESIAN_POINT('',(4.182867546853,-0.725123264115));
#763 = CARTESIAN_POINT('',(4.189663918234,-0.711825428756));
#764 = CARTESIAN_POINT('',(4.196175127659,-0.698469760897));
#765 = CARTESIAN_POINT('',(4.208654030271,-0.671652477957));
#766 = CARTESIAN_POINT('',(4.214621928135,-0.658190910009));
#767 = CARTESIAN_POINT('',(4.220332644373,-0.644678641481));
#768 = CARTESIAN_POINT('',(4.225799007797,-0.631118930481));
#769 = CARTESIAN_POINT('',(4.231032897619,-0.61751479211));
#770 = CARTESIAN_POINT('',(4.236045243451,-0.603868998453));
#771 = CARTESIAN_POINT('',(4.2408460253,-0.590184078587));
#772 = CARTESIAN_POINT('',(4.265484406852,-0.5166600019));
#773 = CARTESIAN_POINT('',(4.281682198952,-0.456150419025));
#774 = CARTESIAN_POINT('',(4.294794560531,-0.395139257781));
#775 = CARTESIAN_POINT('',(4.305310806359,-0.33375491534));
#776 = CARTESIAN_POINT('',(4.313562252462,-0.27208979289));
#777 = CARTESIAN_POINT('',(4.319773823608,-0.210218474611));
#778 = CARTESIAN_POINT('',(4.324083977725,-0.148207772646));
#779 = CARTESIAN_POINT('',(4.326996079731,-7.517904339337E-02));
#780 = CARTESIAN_POINT('',(4.327375770903,-6.42222226116E-02));
#781 = CARTESIAN_POINT('',(4.327698687487,-5.326350097529E-02));
#782 = CARTESIAN_POINT('',(4.327965119416,-4.230321977654E-02));
#783 = CARTESIAN_POINT('',(4.328175286367,-3.13417180295E-02));
#784 = CARTESIAN_POINT('',(4.328329337767,-2.037933247034E-02));
#785 = CARTESIAN_POINT('',(4.328427352786,-9.416397557275E-03));
#786 = CARTESIAN_POINT('',(4.328469340339,1.546754529447E-03));
#787 = ( GEOMETRIC_REPRESENTATION_CONTEXT(2) 
PARAMETRIC_REPRESENTATION_CONTEXT() REPRESENTATION_CONTEXT('2D SPACE',''
  ) );
#788 = ORIENTED_EDGE('',*,*,#239,.T.);
#789 = ADVANCED_FACE('',(#790,#793),#200,.T.);
#790 = FACE_BOUND('',#791,.T.);
#791 = EDGE_LOOP('',(#792));
#792 = ORIENTED_EDGE('',*,*,#183,.T.);
#793 = FACE_BOUND('',#794,.T.);
#794 = EDGE_LOOP('',(#795,#830,#856,#882));
#795 = ORIENTED_EDGE('',*,*,#796,.T.);
#796 = EDGE_CURVE('',#797,#799,#801,.T.);
#797 = VERTEX_POINT('',#798);
#798 = CARTESIAN_POINT('',(-10.92848942695,26.200188831109,
    -7.920717206186));
#799 = VERTEX_POINT('',#800);
#800 = CARTESIAN_POINT('',(-10.92852024461,26.200504935769,
    7.961413118707));
#801 = SURFACE_CURVE('',#802,(#807,#818),.PCURVE_S1.);
#802 = CIRCLE('',#803,27.393350327312);
#803 = AXIS2_PLACEMENT_3D('',#804,#805,#806);
#804 = CARTESIAN_POINT('',(-10.93074640033,-1.673001156378E-02,
    2.086975471778E-02));
#805 = DIRECTION('',(-0.999999996343,8.550013157968E-05,
    -1.942100296405E-06));
#806 = DIRECTION('',(8.239128658376E-05,0.957054121873,-0.289909297914)
  );
#807 = PCURVE('',#200,#808);
#808 = DEFINITIONAL_REPRESENTATION('',(#809),#817);
#809 = ( BOUNDED_CURVE() B_SPLINE_CURVE(2,(#810,#811,#812,#813,#814,#815
,#816),.UNSPECIFIED.,.T.,.F.) B_SPLINE_CURVE_WITH_KNOTS((1,2,2,2,2,1),(
    -2.094395102393,0.,2.094395102393,4.188790204786,6.28318530718,
8.377580409573),.UNSPECIFIED.) CURVE() GEOMETRIC_REPRESENTATION_ITEM() 
RATIONAL_B_SPLINE_CURVE((1.,0.5,1.,0.5,1.,0.5,1.)) REPRESENTATION_ITEM(
  '') );
#810 = CARTESIAN_POINT('',(26.216918939818,-7.941586960918));
#811 = CARTESIAN_POINT('',(12.461686830781,-53.35062258259));
#812 = CARTESIAN_POINT('',(-19.98607552442,-18.73372433038));
#813 = CARTESIAN_POINT('',(-52.43383787963,15.883173921837));
#814 = CARTESIAN_POINT('',(-6.230843415391,26.675311291299));
#815 = CARTESIAN_POINT('',(39.972151048855,37.467448660762));
#816 = CARTESIAN_POINT('',(26.216918939818,-7.941586960918));
#817 = ( GEOMETRIC_REPRESENTATION_CONTEXT(2) 
PARAMETRIC_REPRESENTATION_CONTEXT() REPRESENTATION_CONTEXT('2D SPACE',''
  ) );
#818 = PCURVE('',#819,#824);
#819 = CYLINDRICAL_SURFACE('',#820,27.393350327312);
#820 = AXIS2_PLACEMENT_3D('',#821,#822,#823);
#821 = CARTESIAN_POINT('',(11.015100444794,-1.860638436353E-02,
    2.09123757536E-02));
#822 = DIRECTION('',(-0.999999996343,8.550013157967E-05,
    -1.94210029642E-06));
#823 = DIRECTION('',(-8.550013157983E-05,-0.999999996345,
    -2.584939414228E-26));
#824 = DEFINITIONAL_REPRESENTATION('',(#825),#829);
#825 = LINE('',#826,#827);
#826 = CARTESIAN_POINT('',(3.43572471782,21.945846925383));
#827 = VECTOR('',#828,1.);
#828 = DIRECTION('',(1.,0.));
#829 = ( GEOMETRIC_REPRESENTATION_CONTEXT(2) 
PARAMETRIC_REPRESENTATION_CONTEXT() REPRESENTATION_CONTEXT('2D SPACE',''
  ) );
#830 = ORIENTED_EDGE('',*,*,#831,.T.);
#831 = EDGE_CURVE('',#799,#832,#834,.T.);
#832 = VERTEX_POINT('',#833);
#833 = CARTESIAN_POINT('',(-10.92665559128,48.009276526552,
    7.961160345592));
#834 = SURFACE_CURVE('',#835,(#839,#845),.PCURVE_S1.);
#835 = LINE('',#836,#837);
#836 = CARTESIAN_POINT('',(-10.92871213444,23.95618356751,7.961439131365
    ));
#837 = VECTOR('',#838,1.);
#838 = DIRECTION('',(8.550015408387E-05,0.999999996278,
    -1.159043338687E-05));
#839 = PCURVE('',#200,#840);
#840 = DEFINITIONAL_REPRESENTATION('',(#841),#844);
#841 = B_SPLINE_CURVE_WITH_KNOTS('',1,(#842,#843),.UNSPECIFIED.,.F.,.F.,
  (2,2),(-2.0004E-03,24.055093448575),.PIECEWISE_BEZIER_KNOTS.);
#842 = CARTESIAN_POINT('',(23.97091326538,7.940569399847));
#843 = CARTESIAN_POINT('',(48.028007112339,7.940290567704));
#844 = ( GEOMETRIC_REPRESENTATION_CONTEXT(2) 
PARAMETRIC_REPRESENTATION_CONTEXT() REPRESENTATION_CONTEXT('2D SPACE',''
  ) );
#845 = PCURVE('',#846,#851);
#846 = CYLINDRICAL_SURFACE('',#847,13.499998753873);
#847 = AXIS2_PLACEMENT_3D('',#848,#849,#850);
#848 = CARTESIAN_POINT('',(-1.130465282318E-02,23.955158087344,
    2.039517082358E-02));
#849 = DIRECTION('',(8.550015408387E-05,0.999999996278,
    -1.159043338687E-05));
#850 = DIRECTION('',(0.999999996345,-8.550015408961E-05,0.));
#851 = DEFINITIONAL_REPRESENTATION('',(#852),#855);
#852 = B_SPLINE_CURVE_WITH_KNOTS('',1,(#853,#854),.UNSPECIFIED.,.F.,.F.,
  (2,2),(-2.0004E-03,24.055093448575),.PIECEWISE_BEZIER_KNOTS.);
#853 = CARTESIAN_POINT('',(3.770455508721,-2.0004E-03));
#854 = CARTESIAN_POINT('',(3.770455508721,24.055093448575));
#855 = ( GEOMETRIC_REPRESENTATION_CONTEXT(2) 
PARAMETRIC_REPRESENTATION_CONTEXT() REPRESENTATION_CONTEXT('2D SPACE',''
  ) );
#856 = ORIENTED_EDGE('',*,*,#857,.F.);
#857 = EDGE_CURVE('',#858,#832,#860,.T.);
#858 = VERTEX_POINT('',#859);
#859 = CARTESIAN_POINT('',(-10.92662476232,48.009092443142,
    -7.920969980831));
#860 = SURFACE_CURVE('',#861,(#865,#871),.PCURVE_S1.);
#861 = LINE('',#862,#863);
#862 = CARTESIAN_POINT('',(-10.92664017701,48.00918448611,
    2.020414796664E-02));
#863 = VECTOR('',#864,1.);
#864 = DIRECTION('',(-1.941109305611E-06,1.159059939435E-05,
    0.999999999931));
#865 = PCURVE('',#200,#866);
#866 = DEFINITIONAL_REPRESENTATION('',(#867),#870);
#867 = B_SPLINE_CURVE_WITH_KNOTS('',1,(#868,#869),.UNSPECIFIED.,.F.,.F.,
  (2,2),(-13.50008651681,13.499910990982),.PIECEWISE_BEZIER_KNOTS.);
#868 = CARTESIAN_POINT('',(48.025758201362,-13.50075212265));
#869 = CARTESIAN_POINT('',(48.026071143034,13.499245383324));
#870 = ( GEOMETRIC_REPRESENTATION_CONTEXT(2) 
PARAMETRIC_REPRESENTATION_CONTEXT() REPRESENTATION_CONTEXT('2D SPACE',''
  ) );
#871 = PCURVE('',#872,#877);
#872 = PLANE('',#873);
#873 = AXIS2_PLACEMENT_3D('',#874,#875,#876);
#874 = CARTESIAN_POINT('',(-9.248109661338E-03,48.008251046385,
    2.011638505086E-02));
#875 = DIRECTION('',(8.550015408387E-05,0.999999996278,
    -1.159043338687E-05));
#876 = DIRECTION('',(0.999999996345,-8.550015408961E-05,0.));
#877 = DEFINITIONAL_REPRESENTATION('',(#878),#881);
#878 = B_SPLINE_CURVE_WITH_KNOTS('',1,(#879,#880),.UNSPECIFIED.,.F.,.F.,
  (2,2),(-13.50008651681,13.499910990982),.PIECEWISE_BEZIER_KNOTS.);
#879 = CARTESIAN_POINT('',(-10.91736588873,13.499998753873));
#880 = CARTESIAN_POINT('',(-10.91741832544,-13.49999875387));
#881 = ( GEOMETRIC_REPRESENTATION_CONTEXT(2) 
PARAMETRIC_REPRESENTATION_CONTEXT() REPRESENTATION_CONTEXT('2D SPACE',''
  ) );
#882 = ORIENTED_EDGE('',*,*,#883,.F.);
#883 = EDGE_CURVE('',#797,#858,#884,.T.);
#884 = SURFACE_CURVE('',#885,(#889,#895),.PCURVE_S1.);
#885 = LINE('',#886,#887);
#886 = CARTESIAN_POINT('',(-10.92868130549,23.9559994841,-7.920691195058
    ));
#887 = VECTOR('',#888,1.);
#888 = DIRECTION('',(8.550015408387E-05,0.999999996278,
    -1.159043338687E-05));
#889 = PCURVE('',#200,#890);
#890 = DEFINITIONAL_REPRESENTATION('',(#891),#894);
#891 = B_SPLINE_CURVE_WITH_KNOTS('',1,(#892,#893),.UNSPECIFIED.,.F.,.F.,
  (2,2),(-2.0004E-03,24.055093448575),.PIECEWISE_BEZIER_KNOTS.);
#892 = CARTESIAN_POINT('',(23.970729184606,-7.941560926606));
#893 = CARTESIAN_POINT('',(48.027823031565,-7.941839758749));
#894 = ( GEOMETRIC_REPRESENTATION_CONTEXT(2) 
PARAMETRIC_REPRESENTATION_CONTEXT() REPRESENTATION_CONTEXT('2D SPACE',''
  ) );
#895 = PCURVE('',#896,#901);
#896 = CYLINDRICAL_SURFACE('',#897,13.499998753873);
#897 = AXIS2_PLACEMENT_3D('',#898,#899,#900);
#898 = CARTESIAN_POINT('',(-1.130465282318E-02,23.955158087344,
    2.039517082358E-02));
#899 = DIRECTION('',(8.550015408387E-05,0.999999996278,
    -1.159043338687E-05));
#900 = DIRECTION('',(0.999999996345,-8.550015408961E-05,0.));
#901 = DEFINITIONAL_REPRESENTATION('',(#902),#905);
#902 = B_SPLINE_CURVE_WITH_KNOTS('',1,(#903,#904),.UNSPECIFIED.,.F.,.F.,
  (2,2),(-2.0004E-03,24.055093448575),.PIECEWISE_BEZIER_KNOTS.);
#903 = CARTESIAN_POINT('',(2.512725914258,-2.000399999999E-03));
#904 = CARTESIAN_POINT('',(2.512725914258,24.055093448575));
#905 = ( GEOMETRIC_REPRESENTATION_CONTEXT(2) 
PARAMETRIC_REPRESENTATION_CONTEXT() REPRESENTATION_CONTEXT('2D SPACE',''
  ) );
#906 = ADVANCED_FACE('',(#907),#819,.T.);
#907 = FACE_BOUND('',#908,.T.);
#908 = EDGE_LOOP('',(#909,#940,#996,#1022,#1076,#1077,#1133,#1159));
#909 = ORIENTED_EDGE('',*,*,#910,.T.);
#910 = EDGE_CURVE('',#911,#913,#915,.T.);
#911 = VERTEX_POINT('',#912);
#912 = CARTESIAN_POINT('',(10.919993254702,26.204028331505,
    -7.901808445001));
#913 = VERTEX_POINT('',#914);
#914 = CARTESIAN_POINT('',(10.919962510253,26.204343656498,
    7.942589089114));
#915 = SURFACE_CURVE('',#916,(#921,#928),.PCURVE_S1.);
#916 = CIRCLE('',#917,27.393350327312);
#917 = AXIS2_PLACEMENT_3D('',#918,#919,#920);
#918 = CARTESIAN_POINT('',(10.917735829969,-1.859805967612E-02,
    2.091218666175E-02));
#919 = DIRECTION('',(-0.999999996343,8.550013157969E-05,
    -1.942100296425E-06));
#920 = DIRECTION('',(8.240776342363E-05,0.957262477129,-0.289220578607)
  );
#921 = PCURVE('',#819,#922);
#922 = DEFINITIONAL_REPRESENTATION('',(#923),#927);
#923 = LINE('',#924,#925);
#924 = CARTESIAN_POINT('',(3.435005171978,9.736461518099E-02));
#925 = VECTOR('',#926,1.);
#926 = DIRECTION('',(1.,0.));
#927 = ( GEOMETRIC_REPRESENTATION_CONTEXT(2) 
PARAMETRIC_REPRESENTATION_CONTEXT() REPRESENTATION_CONTEXT('2D SPACE',''
  ) );
#928 = PCURVE('',#929,#934);
#929 = PLANE('',#930);
#930 = AXIS2_PLACEMENT_3D('',#931,#932,#933);
#931 = CARTESIAN_POINT('',(10.917735829969,-1.859805967612E-02,
    2.091218666175E-02));
#932 = DIRECTION('',(-0.999999996343,8.550013157967E-05,
    -1.94210029642E-06));
#933 = DIRECTION('',(-8.550013157983E-05,-0.999999996345,
    -2.584939414228E-26));
#934 = DEFINITIONAL_REPRESENTATION('',(#935),#939);
#935 = CIRCLE('',#936,27.393350327312);
#936 = AXIS2_PLACEMENT_2D('',#937,#938);
#937 = CARTESIAN_POINT('',(3.469446939272E-18,3.469446951371E-18));
#938 = DIRECTION('',(-0.957262480676,-0.289220578608));
#939 = ( GEOMETRIC_REPRESENTATION_CONTEXT(2) 
PARAMETRIC_REPRESENTATION_CONTEXT() REPRESENTATION_CONTEXT('2D SPACE',''
  ) );
#940 = ORIENTED_EDGE('',*,*,#941,.F.);
#941 = EDGE_CURVE('',#942,#913,#944,.T.);
#942 = VERTEX_POINT('',#943);
#943 = CARTESIAN_POINT('',(2.546935345605,23.955092993149,
    13.275785563444));
#944 = SURFACE_CURVE('',#945,(#960,#978),.PCURVE_S1.);
#945 = B_SPLINE_CURVE_WITH_KNOTS('',7,(#946,#947,#948,#949,#950,#951,
    #952,#953,#954,#955,#956,#957,#958,#959),.UNSPECIFIED.,.F.,.F.,(8,6,
    8),(0.,0.349680147952,1.),.UNSPECIFIED.);
#946 = CARTESIAN_POINT('',(2.528121249686,23.953094243674,
    13.279402757456));
#947 = CARTESIAN_POINT('',(3.003352845151,24.003396953072,
    13.188384458588));
#948 = CARTESIAN_POINT('',(3.475389605357,24.064229244963,
    13.077377236263));
#949 = CARTESIAN_POINT('',(3.943618173922,24.135167602996,
    12.946403581465));
#950 = CARTESIAN_POINT('',(4.407392801659,24.215678839423,
    12.795451958131));
#951 = CARTESIAN_POINT('',(4.866025816237,24.305125206705,
    12.624485998872));
#952 = CARTESIAN_POINT('',(5.318778091826,24.402769509105,
    12.433453700681));
#953 = CARTESIAN_POINT('',(6.594433657486,24.70307453301,11.82959591445)
  );
#954 = CARTESIAN_POINT('',(7.399735994558,24.923570492308,
    11.367846555338));
#955 = CARTESIAN_POINT('',(8.178503558646,25.164446138088,
    10.835712986083));
#956 = CARTESIAN_POINT('',(8.927069148138,25.420264418218,
    10.230546582643));
#957 = CARTESIAN_POINT('',(9.639853464417,25.684628356941,9.54878338039)
  );
#958 = CARTESIAN_POINT('',(10.308703998513,25.949578559268,
    8.786425294178));
#959 = CARTESIAN_POINT('',(10.921962986905,26.205177367557,
    7.939828187583));
#960 = PCURVE('',#819,#961);
#961 = DEFINITIONAL_REPRESENTATION('',(#962),#977);
#962 = B_SPLINE_CURVE_WITH_KNOTS('',7,(#963,#964,#965,#966,#967,#968,
    #969,#970,#971,#972,#973,#974,#975,#976),.UNSPECIFIED.,.F.,.F.,(8,6,
    8),(1.977883098791E-03,0.349680147952,0.999696985426),
  .UNSPECIFIED.);
#963 = CARTESIAN_POINT('',(8.919703589636,8.47018908038));
#964 = CARTESIAN_POINT('',(8.923506993819,7.99775811033));
#965 = CARTESIAN_POINT('',(8.928125437912,7.528504024685));
#966 = CARTESIAN_POINT('',(8.933550952912,7.063030517138));
#967 = CARTESIAN_POINT('',(8.939774857355,6.601973096488));
#968 = CARTESIAN_POINT('',(8.946787825286,6.146008350892));
#969 = CARTESIAN_POINT('',(8.954579954218,5.695863212118));
#970 = CARTESIAN_POINT('',(8.979145087249,4.423144078556));
#971 = CARTESIAN_POINT('',(8.997813387479,3.618225402792));
#972 = CARTESIAN_POINT('',(9.019117710023,2.839817606894));
#973 = CARTESIAN_POINT('',(9.043072962037,2.091581651585));
#974 = CARTESIAN_POINT('',(9.069726297547,1.379086721663));
#975 = CARTESIAN_POINT('',(9.099144621601,0.710469672342));
#976 = CARTESIAN_POINT('',(9.131405244761,9.736461517943E-02));
#977 = ( GEOMETRIC_REPRESENTATION_CONTEXT(2) 
PARAMETRIC_REPRESENTATION_CONTEXT() REPRESENTATION_CONTEXT('2D SPACE',''
  ) );
#978 = PCURVE('',#846,#979);
#979 = DEFINITIONAL_REPRESENTATION('',(#980),#995);
#980 = B_SPLINE_CURVE_WITH_KNOTS('',7,(#981,#982,#983,#984,#985,#986,
    #987,#988,#989,#990,#991,#992,#993,#994),.UNSPECIFIED.,.F.,.F.,(8,6,
    8),(0.,0.349680147952,1.),.UNSPECIFIED.);
#981 = CARTESIAN_POINT('',(4.901621990469,-2.0004E-03));
#982 = CARTESIAN_POINT('',(4.937463835384,4.834399652662E-02));
#983 = CARTESIAN_POINT('',(4.973351709577,0.109217934029));
#984 = CARTESIAN_POINT('',(5.009315861845,0.180197843453));
#985 = CARTESIAN_POINT('',(5.04538558235,0.260750481978));
#986 = CARTESIAN_POINT('',(5.081589482553,0.35023804369));
#987 = CARTESIAN_POINT('',(5.117955775143,0.447923270263));
#988 = CARTESIAN_POINT('',(5.222499253058,0.748344360771));
#989 = CARTESIAN_POINT('',(5.291048452871,0.968914524597));
#990 = CARTESIAN_POINT('',(5.360565106622,1.209862921887));
#991 = CARTESIAN_POINT('',(5.431438635358,1.465752217678));
#992 = CARTESIAN_POINT('',(5.504067507317,1.730185000517));
#993 = CARTESIAN_POINT('',(5.578863919009,1.995201224742));
#994 = CARTESIAN_POINT('',(5.656298138218,2.250862278245));
#995 = ( GEOMETRIC_REPRESENTATION_CONTEXT(2) 
PARAMETRIC_REPRESENTATION_CONTEXT() REPRESENTATION_CONTEXT('2D SPACE',''
  ) );
#996 = ORIENTED_EDGE('',*,*,#997,.T.);
#997 = EDGE_CURVE('',#942,#998,#1000,.T.);
#998 = VERTEX_POINT('',#999);
#999 = CARTESIAN_POINT('',(-2.569596111556,23.955530457263,
    13.275775626626));
#1000 = SURFACE_CURVE('',#1001,(#1005,#1011),.PCURVE_S1.);
#1001 = LINE('',#1002,#1003);
#1002 = CARTESIAN_POINT('',(11.017124395008,23.954368790868,
    13.275802013401));
#1003 = VECTOR('',#1004,1.);
#1004 = DIRECTION('',(-0.999999996343,8.550013157967E-05,
    -1.94210029642E-06));
#1005 = PCURVE('',#819,#1006);
#1006 = DEFINITIONAL_REPRESENTATION('',(#1007),#1010);
#1007 = B_SPLINE_CURVE_WITH_KNOTS('',1,(#1008,#1009),.UNSPECIFIED.,.F.,
  .F.,(2,2),(8.470189080378,13.586720556251),.PIECEWISE_BEZIER_KNOTS.);
#1008 = CARTESIAN_POINT('',(8.919703589639,8.470189080378));
#1009 = CARTESIAN_POINT('',(8.919703589639,13.586720556251));
#1010 = ( GEOMETRIC_REPRESENTATION_CONTEXT(2) 
PARAMETRIC_REPRESENTATION_CONTEXT() REPRESENTATION_CONTEXT('2D SPACE',''
  ) );
#1011 = PCURVE('',#1012,#1017);
#1012 = PLANE('',#1013);
#1013 = AXIS2_PLACEMENT_3D('',#1014,#1015,#1016);
#1014 = CARTESIAN_POINT('',(-1.130465282318E-02,23.955158087344,
    2.039517082358E-02));
#1015 = DIRECTION('',(8.550015408387E-05,0.999999996278,
    -1.159043338687E-05));
#1016 = DIRECTION('',(0.999999996345,-8.550015408961E-05,0.));
#1017 = DEFINITIONAL_REPRESENTATION('',(#1018),#1021);
#1018 = B_SPLINE_CURVE_WITH_KNOTS('',1,(#1019,#1020),.UNSPECIFIED.,.F.,
  .F.,(2,2),(9.536421518099E-02,21.947847325383),
  .PIECEWISE_BEZIER_KNOTS.);
#1019 = CARTESIAN_POINT('',(10.933064859825,-13.25540665826));
#1020 = CARTESIAN_POINT('',(-10.91941825033,-13.25536421854));
#1021 = ( GEOMETRIC_REPRESENTATION_CONTEXT(2) 
PARAMETRIC_REPRESENTATION_CONTEXT() REPRESENTATION_CONTEXT('2D SPACE',''
  ) );
#1022 = ORIENTED_EDGE('',*,*,#1023,.F.);
#1023 = EDGE_CURVE('',#799,#998,#1024,.T.);
#1024 = SURFACE_CURVE('',#1025,(#1040,#1058),.PCURVE_S1.);
#1025 = B_SPLINE_CURVE_WITH_KNOTS('',7,(#1026,#1027,#1028,#1029,#1030,
    #1031,#1032,#1033,#1034,#1035,#1036,#1037,#1038,#1039),
  .UNSPECIFIED.,.F.,.F.,(8,6,8),(0.,0.649348823586,1.),.UNSPECIFIED.);
#1026 = CARTESIAN_POINT('',(-10.93052056804,26.20133812547,
    7.958662222861));
#1027 = CARTESIAN_POINT('',(-10.31844195446,25.946371257618,
    8.800631330116));
#1028 = CARTESIAN_POINT('',(-9.651349919767,25.682265762017,
    9.559025687976));
#1029 = CARTESIAN_POINT('',(-8.940730035785,25.418829794695,
    10.237453520527));
#1030 = CARTESIAN_POINT('',(-8.194623611376,25.163925739322,
    10.839862774373));
#1031 = CARTESIAN_POINT('',(-7.418541480687,24.923880109987,
    11.369770588314));
#1032 = CARTESIAN_POINT('',(-6.616113136899,24.70407336873,
    11.829791849481));
#1033 = CARTESIAN_POINT('',(-5.343241859397,24.404087435875,
    12.432638339255));
#1034 = CARTESIAN_POINT('',(-4.890213413791,24.306269500552,
    12.623874514976));
#1035 = CARTESIAN_POINT('',(-4.431292392669,24.216657800306,
    12.795016419862));
#1036 = CARTESIAN_POINT('',(-3.967219644396,24.135991447065,
    12.946116103417));
#1037 = CARTESIAN_POINT('',(-3.498684378592,24.064909794318,
    13.077210022951));
#1038 = CARTESIAN_POINT('',(-3.026333738232,24.003947316867,
    13.188309786163));
#1039 = CARTESIAN_POINT('',(-2.550782371748,23.953528490604,
    13.279392893716));
#1040 = PCURVE('',#819,#1041);
#1041 = DEFINITIONAL_REPRESENTATION('',(#1042),#1057);
#1042 = B_SPLINE_CURVE_WITH_KNOTS('',7,(#1043,#1044,#1045,#1046,#1047,
    #1048,#1049,#1050,#1051,#1052,#1053,#1054,#1055,#1056),
  .UNSPECIFIED.,.F.,.F.,(8,6,8),(3.031226446177E-04,0.649348823586,
    0.998017995581),.UNSPECIFIED.);
#1043 = CARTESIAN_POINT('',(9.130685702538,21.945846925384));
#1044 = CARTESIAN_POINT('',(9.098594564119,21.333876637391));
#1045 = CARTESIAN_POINT('',(9.069324015267,20.666970437));
#1046 = CARTESIAN_POINT('',(9.042797746438,19.956592227815));
#1047 = CARTESIAN_POINT('',(9.018949864706,19.210769187711));
#1048 = CARTESIAN_POINT('',(8.997734040851,18.435003216246));
#1049 = CARTESIAN_POINT('',(8.979135730176,17.632918531322));
#1050 = CARTESIAN_POINT('',(8.954612551831,16.362929172731));
#1051 = CARTESIAN_POINT('',(8.946812269171,15.91249034303));
#1052 = CARTESIAN_POINT('',(8.939792205655,15.456221612908));
#1053 = CARTESIAN_POINT('',(8.933562289438,14.994851741215));
#1054 = CARTESIAN_POINT('',(8.928131867788,14.529058944522));
#1055 = CARTESIAN_POINT('',(8.923509639887,14.059480201323));
#1056 = CARTESIAN_POINT('',(8.919703589636,13.586720556248));
#1057 = ( GEOMETRIC_REPRESENTATION_CONTEXT(2) 
PARAMETRIC_REPRESENTATION_CONTEXT() REPRESENTATION_CONTEXT('2D SPACE',''
  ) );
#1058 = PCURVE('',#846,#1059);
#1059 = DEFINITIONAL_REPRESENTATION('',(#1060),#1075);
#1060 = B_SPLINE_CURVE_WITH_KNOTS('',7,(#1061,#1062,#1063,#1064,#1065,
    #1066,#1067,#1068,#1069,#1070,#1071,#1072,#1073,#1074),
  .UNSPECIFIED.,.F.,.F.,(8,6,8),(0.,0.649348823586,1.),.UNSPECIFIED.);
#1061 = CARTESIAN_POINT('',(3.770203559331,2.245154427166));
#1062 = CARTESIAN_POINT('',(3.847310867573,1.990230134292));
#1063 = CARTESIAN_POINT('',(3.921807116726,1.726172886027));
#1064 = CARTESIAN_POINT('',(3.994156812453,1.462789814523));
#1065 = CARTESIAN_POINT('',(4.064767498857,1.207942570129));
#1066 = CARTESIAN_POINT('',(4.134033095604,0.967957154967));
#1067 = CARTESIAN_POINT('',(4.20233860123,0.74821369043));
#1068 = CARTESIAN_POINT('',(4.306667053739,0.44832960213));
#1069 = CARTESIAN_POINT('',(4.343059134295,0.350548184663));
#1070 = CARTESIAN_POINT('',(4.379288529394,0.260973738959));
#1071 = CARTESIAN_POINT('',(4.41538349337,0.180345313));
#1072 = CARTESIAN_POINT('',(4.451372685257,0.109302200919));
#1073 = CARTESIAN_POINT('',(4.487285447738,4.837882205355E-02));
#1074 = CARTESIAN_POINT('',(4.5231520861,-2.0004E-03));
#1075 = ( GEOMETRIC_REPRESENTATION_CONTEXT(2) 
PARAMETRIC_REPRESENTATION_CONTEXT() REPRESENTATION_CONTEXT('2D SPACE',''
  ) );
#1076 = ORIENTED_EDGE('',*,*,#796,.F.);
#1077 = ORIENTED_EDGE('',*,*,#1078,.F.);
#1078 = EDGE_CURVE('',#1079,#797,#1081,.T.);
#1079 = VERTEX_POINT('',#1080);
#1080 = CARTESIAN_POINT('',(-2.571801994048,23.955223379594,
    -13.23455936383));
#1081 = SURFACE_CURVE('',#1082,(#1097,#1115),.PCURVE_S1.);
#1082 = B_SPLINE_CURVE_WITH_KNOTS('',7,(#1083,#1084,#1085,#1086,#1087,
    #1088,#1089,#1090,#1091,#1092,#1093,#1094,#1095,#1096),
  .UNSPECIFIED.,.F.,.F.,(8,6,8),(0.,0.350243747746,1.),.UNSPECIFIED.);
#1083 = CARTESIAN_POINT('',(-2.553005569442,23.953221330565,
    -13.23817651151));
#1084 = CARTESIAN_POINT('',(-3.027880135281,24.003617190882,
    -13.14714164952));
#1085 = CARTESIAN_POINT('',(-3.499560092633,24.064526666046,
    -13.03614645607));
#1086 = CARTESIAN_POINT('',(-3.967433463162,24.135526697926,
    -12.90521331438));
#1087 = CARTESIAN_POINT('',(-4.430855961377,24.21608488251,
    -12.75433067196));
#1088 = CARTESIAN_POINT('',(-4.889141496555,24.305564560928,
    -12.58346220558));
#1089 = CARTESIAN_POINT('',(-5.341552674679,24.403229910468,
    -12.39255598622));
#1090 = CARTESIAN_POINT('',(-6.614205301743,24.703081444754,
    -11.79011170685));
#1091 = CARTESIAN_POINT('',(-7.416997171682,24.922954740487,
    -11.33005578071));
#1092 = CARTESIAN_POINT('',(-8.193428499031,25.16309384771,
    -10.80006334074));
#1093 = CARTESIAN_POINT('',(-8.939867241107,25.418112942684,
    -10.19751769924));
#1094 = CARTESIAN_POINT('',(-9.650798021739,25.681679239736,
    -9.518898152061));
#1095 = CARTESIAN_POINT('',(-10.31817172897,25.945922084549,
    -8.760251999752));
#1096 = CARTESIAN_POINT('',(-10.93048976105,26.201022134506,
    -7.917966337421));
#1097 = PCURVE('',#819,#1098);
#1098 = DEFINITIONAL_REPRESENTATION('',(#1099),#1114);
#1099 = B_SPLINE_CURVE_WITH_KNOTS('',7,(#1100,#1101,#1102,#1103,#1104,
    #1105,#1106,#1107,#1108,#1109,#1110,#1111,#1112,#1113),
  .UNSPECIFIED.,.F.,.F.,(8,6,8),(1.980698388222E-03,0.350243747746,
    0.999696804141),.UNSPECIFIED.);
#1100 = CARTESIAN_POINT('',(3.64669020559,13.588977898207));
#1101 = CARTESIAN_POINT('',(3.642886107136,14.061063013513));
#1102 = CARTESIAN_POINT('',(3.638268139434,14.529973280545));
#1103 = CARTESIAN_POINT('',(3.632844258635,14.99510628894));
#1104 = CARTESIAN_POINT('',(3.626623130525,15.455827879091));
#1105 = CARTESIAN_POINT('',(3.619614062799,15.911462910069));
#1106 = CARTESIAN_POINT('',(3.611826937343,16.361286027534));
#1107 = CARTESIAN_POINT('',(3.587318863327,17.631056457399));
#1108 = CARTESIAN_POINT('',(3.568718259341,18.433502864802));
#1109 = CARTESIAN_POINT('',(3.547498115467,19.209615964363));
#1110 = CARTESIAN_POINT('',(3.523643925717,19.955768980006));
#1111 = CARTESIAN_POINT('',(3.497109340499,20.666455460533));
#1112 = CARTESIAN_POINT('',(3.467828404984,21.333640418717));
#1113 = CARTESIAN_POINT('',(3.43572471782,21.945846925384));
#1114 = ( GEOMETRIC_REPRESENTATION_CONTEXT(2) 
PARAMETRIC_REPRESENTATION_CONTEXT() REPRESENTATION_CONTEXT('2D SPACE',''
  ) );
#1115 = PCURVE('',#896,#1116);
#1116 = DEFINITIONAL_REPRESENTATION('',(#1117),#1132);
#1117 = B_SPLINE_CURVE_WITH_KNOTS('',7,(#1118,#1119,#1120,#1121,#1122,
    #1123,#1124,#1125,#1126,#1127,#1128,#1129,#1130,#1131),
  .UNSPECIFIED.,.F.,.F.,(8,6,8),(0.,0.350243747746,1.),.UNSPECIFIED.);
#1118 = CARTESIAN_POINT('',(1.760200896434,-2.0004E-03));
#1119 = CARTESIAN_POINT('',(1.796017640762,4.835380314782E-02));
#1120 = CARTESIAN_POINT('',(1.831880423504,0.109221662894));
#1121 = CARTESIAN_POINT('',(1.867819433212,0.180180173692));
#1122 = CARTESIAN_POINT('',(1.903863902566,0.260696986486));
#1123 = CARTESIAN_POINT('',(1.940042387504,0.350135500647));
#1124 = CARTESIAN_POINT('',(1.976383046346,0.447759955913));
#1125 = CARTESIAN_POINT('',(2.08068433028,0.747495694497));
#1126 = CARTESIAN_POINT('',(2.149014431285,0.967295018335));
#1127 = CARTESIAN_POINT('',(2.218304789742,1.207361596824));
#1128 = CARTESIAN_POINT('',(2.28894079994,1.462309886456));
#1129 = CARTESIAN_POINT('',(2.361316807678,1.725807532341));
#1130 = CARTESIAN_POINT('',(2.435840806155,1.989984522578));
#1131 = CARTESIAN_POINT('',(2.512977863648,2.245022455843));
#1132 = ( GEOMETRIC_REPRESENTATION_CONTEXT(2) 
PARAMETRIC_REPRESENTATION_CONTEXT() REPRESENTATION_CONTEXT('2D SPACE',''
  ) );
#1133 = ORIENTED_EDGE('',*,*,#1134,.F.);
#1134 = EDGE_CURVE('',#1135,#1079,#1137,.T.);
#1135 = VERTEX_POINT('',#1136);
#1136 = CARTESIAN_POINT('',(2.549244147013,23.954785529473,
    -13.23454941825));
#1137 = SURFACE_CURVE('',#1138,(#1142,#1148),.PCURVE_S1.);
#1138 = LINE('',#1139,#1140);
#1139 = CARTESIAN_POINT('',(11.017175854466,23.954061520195,
    -13.23453297267));
#1140 = VECTOR('',#1141,1.);
#1141 = DIRECTION('',(-0.999999996343,8.550013157967E-05,
    -1.94210029642E-06));
#1142 = PCURVE('',#819,#1143);
#1143 = DEFINITIONAL_REPRESENTATION('',(#1144),#1147);
#1144 = B_SPLINE_CURVE_WITH_KNOTS('',1,(#1145,#1146),.UNSPECIFIED.,.F.,
  .F.,(2,2),(8.46793173842,13.588977898209),.PIECEWISE_BEZIER_KNOTS.);
#1145 = CARTESIAN_POINT('',(3.646690205587,8.46793173842));
#1146 = CARTESIAN_POINT('',(3.646690205587,13.588977898209));
#1147 = ( GEOMETRIC_REPRESENTATION_CONTEXT(2) 
PARAMETRIC_REPRESENTATION_CONTEXT() REPRESENTATION_CONTEXT('2D SPACE',''
  ) );
#1148 = PCURVE('',#1149,#1154);
#1149 = PLANE('',#1150);
#1150 = AXIS2_PLACEMENT_3D('',#1151,#1152,#1153);
#1151 = CARTESIAN_POINT('',(-1.130465282318E-02,23.955158087344,
    2.039517082358E-02));
#1152 = DIRECTION('',(8.550015408387E-05,0.999999996278,
    -1.159043338687E-05));
#1153 = DIRECTION('',(0.999999996345,-8.550015408961E-05,0.));
#1154 = DEFINITIONAL_REPRESENTATION('',(#1155),#1158);
#1155 = B_SPLINE_CURVE_WITH_KNOTS('',1,(#1156,#1157),.UNSPECIFIED.,.F.,
  .F.,(2,2),(9.536421518099E-02,21.947847325383),
  .PIECEWISE_BEZIER_KNOTS.);
#1156 = CARTESIAN_POINT('',(10.933116345554,13.254928329598));
#1157 = CARTESIAN_POINT('',(-10.9193667646,13.254970769312));
#1158 = ( GEOMETRIC_REPRESENTATION_CONTEXT(2) 
PARAMETRIC_REPRESENTATION_CONTEXT() REPRESENTATION_CONTEXT('2D SPACE',''
  ) );
#1159 = ORIENTED_EDGE('',*,*,#1160,.F.);
#1160 = EDGE_CURVE('',#911,#1135,#1161,.T.);
#1161 = SURFACE_CURVE('',#1162,(#1180,#1201),.PCURVE_S1.);
#1162 = B_SPLINE_CURVE_WITH_KNOTS('',6,(#1163,#1164,#1165,#1166,#1167,
    #1168,#1169,#1170,#1171,#1172,#1173,#1174,#1175,#1176,#1177,#1178,
    #1179),.UNSPECIFIED.,.F.,.F.,(7,5,5,7),(0.,0.161654948983,
    0.650102159029,1.),.UNSPECIFIED.);
#1163 = CARTESIAN_POINT('',(10.921993720639,26.204862156641,
    -7.899047555032));
#1164 = CARTESIAN_POINT('',(10.744095390672,26.130705774996,
    -8.144634477547));
#1165 = CARTESIAN_POINT('',(10.561432109319,26.055759933859,
    -8.382865271569));
#1166 = CARTESIAN_POINT('',(10.374316395237,25.980289855227,
    -8.61385342539));
#1167 = CARTESIAN_POINT('',(10.18302720935,25.90454273192,
    -8.837714566272));
#1168 = CARTESIAN_POINT('',(9.987809954848,25.82874772757,
    -9.054566460447));
#1169 = CARTESIAN_POINT('',(9.187790628853,25.524591468296,
    -9.898939674294));
#1170 = CARTESIAN_POINT('',(8.552368217806,25.297403394615,
    -10.47088305706));
#1171 = CARTESIAN_POINT('',(7.888878874983,25.077595644103,
    -10.98293887254));
#1172 = CARTESIAN_POINT('',(7.201687995933,24.870072963849,
    -11.43746628378));
#1173 = CARTESIAN_POINT('',(6.493782450839,24.678952130812,
    -11.8362896058));
#1174 = CARTESIAN_POINT('',(5.246866228045,24.385270557136,
    -12.42684132562));
#1175 = CARTESIAN_POINT('',(4.71708456375,24.273008712121,
    -12.64513923635));
#1176 = CARTESIAN_POINT('',(4.17934444771,24.172514289895,
    -12.83536019486));
#1177 = CARTESIAN_POINT('',(3.634904514942,24.085023241216,
    -12.99759151234));
#1178 = CARTESIAN_POINT('',(3.08491426384,24.011533417885,
    -13.13187339095));
#1179 = CARTESIAN_POINT('',(2.530447394381,23.952786694666,
    -13.23816663893));
#1180 = PCURVE('',#819,#1181);
#1181 = DEFINITIONAL_REPRESENTATION('',(#1182),#1200);
#1182 = B_SPLINE_CURVE_WITH_KNOTS('',6,(#1183,#1184,#1185,#1186,#1187,
    #1188,#1189,#1190,#1191,#1192,#1193,#1194,#1195,#1196,#1197,#1198,
    #1199),.UNSPECIFIED.,.F.,.F.,(7,5,5,7),(3.02930192738E-04,
    0.161654948983,0.650102159029,0.998022817019),.UNSPECIFIED.);
#1183 = CARTESIAN_POINT('',(3.435005171979,9.736461518346E-02));
#1184 = CARTESIAN_POINT('',(3.444350443956,0.274968273465));
#1185 = CARTESIAN_POINT('',(3.453447948351,0.457316627083));
#1186 = CARTESIAN_POINT('',(3.462300272577,0.644099121363));
#1187 = CARTESIAN_POINT('',(3.47090994963,0.835038507004));
#1188 = CARTESIAN_POINT('',(3.479279458091,1.029890840079));
#1189 = CARTESIAN_POINT('',(3.512027818107,1.829513021383));
#1190 = CARTESIAN_POINT('',(3.534482538503,2.464917116268));
#1191 = CARTESIAN_POINT('',(3.554815994978,3.128388657537));
#1192 = CARTESIAN_POINT('',(3.573051938973,3.815562673595));
#1193 = CARTESIAN_POINT('',(3.589195644779,4.523452649799));
#1194 = CARTESIAN_POINT('',(3.613217356243,5.767404189796));
#1195 = CARTESIAN_POINT('',(3.622133769566,6.294130474949));
#1196 = CARTESIAN_POINT('',(3.629955567993,6.828734291854));
#1197 = CARTESIAN_POINT('',(3.636665707218,7.369977534474));
#1198 = CARTESIAN_POINT('',(3.642248570806,7.916728951598));
#1199 = CARTESIAN_POINT('',(3.64669020559,8.467931738422));
#1200 = ( GEOMETRIC_REPRESENTATION_CONTEXT(2) 
PARAMETRIC_REPRESENTATION_CONTEXT() REPRESENTATION_CONTEXT('2D SPACE',''
  ) );
#1201 = PCURVE('',#896,#1202);
#1202 = DEFINITIONAL_REPRESENTATION('',(#1203),#1221);
#1203 = B_SPLINE_CURVE_WITH_KNOTS('',6,(#1204,#1205,#1206,#1207,#1208,
    #1209,#1210,#1211,#1212,#1213,#1214,#1215,#1216,#1217,#1218,#1219,
    #1220),.UNSPECIFIED.,.F.,.F.,(7,5,5,7),(0.,0.161654948983,
    0.650102159029,1.),.UNSPECIFIED.);
#1204 = CARTESIAN_POINT('',(0.626883284761,2.250730649392));
#1205 = CARTESIAN_POINT('',(0.649346049007,2.176561904147));
#1206 = CARTESIAN_POINT('',(0.671574662146,2.101603206748));
#1207 = CARTESIAN_POINT('',(0.693582487134,2.026119807229));
#1208 = CARTESIAN_POINT('',(0.715382801091,1.950358923595));
#1209 = CARTESIAN_POINT('',(0.736988795299,1.87454974183));
#1210 = CARTESIAN_POINT('',(0.823149446503,1.570334868564));
#1211 = CARTESIAN_POINT('',(0.88627566536,1.343099096087));
#1212 = CARTESIAN_POINT('',(0.948099509013,1.1232405529));
#1213 = CARTESIAN_POINT('',(1.008893790628,0.915664386663));
#1214 = CARTESIAN_POINT('',(1.068929049389,0.724487650839));
#1215 = CARTESIAN_POINT('',(1.171126930098,0.430706311477));
#1216 = CARTESIAN_POINT('',(1.213514150078,0.318401700634));
#1217 = CARTESIAN_POINT('',(1.255683684624,0.217863506662));
#1218 = CARTESIAN_POINT('',(1.297684972493,0.130327788942));
#1219 = CARTESIAN_POINT('',(1.339568718546,5.679249801864E-02));
#1220 = CARTESIAN_POINT('',(1.381387872955,-2.0004E-03));
#1221 = ( GEOMETRIC_REPRESENTATION_CONTEXT(2) 
PARAMETRIC_REPRESENTATION_CONTEXT() REPRESENTATION_CONTEXT('2D SPACE',''
  ) );
#1222 = ADVANCED_FACE('',(#1223),#896,.T.);
#1223 = FACE_BOUND('',#1224,.T.);
#1224 = EDGE_LOOP('',(#1225,#1249,#1268,#1269,#1291,#1292));
#1225 = ORIENTED_EDGE('',*,*,#1226,.F.);
#1226 = EDGE_CURVE('',#1227,#858,#1229,.T.);
#1227 = VERTEX_POINT('',#1228);
#1228 = CARTESIAN_POINT('',(10.92185743135,48.007224613703,
    -7.902061153496));
#1229 = SURFACE_CURVE('',#1230,(#1235,#1242),.PCURVE_S1.);
#1230 = CIRCLE('',#1231,13.499998753873);
#1231 = AXIS2_PLACEMENT_3D('',#1232,#1233,#1234);
#1232 = CARTESIAN_POINT('',(-9.248109661338E-03,48.008251046385,
    2.011638505086E-02));
#1233 = DIRECTION('',(8.550015408387E-05,0.999999996278,
    -1.159043338687E-05));
#1234 = DIRECTION('',(0.999999996345,-8.550015408961E-05,0.));
#1235 = PCURVE('',#896,#1236);
#1236 = DEFINITIONAL_REPRESENTATION('',(#1237),#1241);
#1237 = LINE('',#1238,#1239);
#1238 = CARTESIAN_POINT('',(0.,24.053093048575));
#1239 = VECTOR('',#1240,1.);
#1240 = DIRECTION('',(1.,0.));
#1241 = ( GEOMETRIC_REPRESENTATION_CONTEXT(2) 
PARAMETRIC_REPRESENTATION_CONTEXT() REPRESENTATION_CONTEXT('2D SPACE',''
  ) );
#1242 = PCURVE('',#872,#1243);
#1243 = DEFINITIONAL_REPRESENTATION('',(#1244),#1248);
#1244 = CIRCLE('',#1245,13.499998753873);
#1245 = AXIS2_PLACEMENT_2D('',#1246,#1247);
#1246 = CARTESIAN_POINT('',(0.,0.));
#1247 = DIRECTION('',(1.,0.));
#1248 = ( GEOMETRIC_REPRESENTATION_CONTEXT(2) 
PARAMETRIC_REPRESENTATION_CONTEXT() REPRESENTATION_CONTEXT('2D SPACE',''
  ) );
#1249 = ORIENTED_EDGE('',*,*,#1250,.F.);
#1250 = EDGE_CURVE('',#911,#1227,#1251,.T.);
#1251 = SURFACE_CURVE('',#1252,(#1256,#1262),.PCURVE_S1.);
#1252 = LINE('',#1253,#1254);
#1253 = CARTESIAN_POINT('',(10.919800888189,23.954131654661,
    -7.901782367724));
#1254 = VECTOR('',#1255,1.);
#1255 = DIRECTION('',(8.550015408387E-05,0.999999996278,
    -1.159043338687E-05));
#1256 = PCURVE('',#896,#1257);
#1257 = DEFINITIONAL_REPRESENTATION('',(#1258),#1261);
#1258 = B_SPLINE_CURVE_WITH_KNOTS('',1,(#1259,#1260),.UNSPECIFIED.,.F.,
  .F.,(2,2),(-2.0004E-03,24.055093448575),.PIECEWISE_BEZIER_KNOTS.);
#1259 = CARTESIAN_POINT('',(0.627135834423,-2.0004E-03));
#1260 = CARTESIAN_POINT('',(0.627135834423,24.055093448575));
#1261 = ( GEOMETRIC_REPRESENTATION_CONTEXT(2) 
PARAMETRIC_REPRESENTATION_CONTEXT() REPRESENTATION_CONTEXT('2D SPACE',''
  ) );
#1262 = PCURVE('',#929,#1263);
#1263 = DEFINITIONAL_REPRESENTATION('',(#1264),#1267);
#1264 = B_SPLINE_CURVE_WITH_KNOTS('',1,(#1265,#1266),.UNSPECIFIED.,.F.,
  .F.,(2,2),(-2.0004E-03,24.055093448575),.PIECEWISE_BEZIER_KNOTS.);
#1265 = CARTESIAN_POINT('',(-23.97072940327,-7.922694531215));
#1266 = CARTESIAN_POINT('',(-48.02782325023,-7.922973363359));
#1267 = ( GEOMETRIC_REPRESENTATION_CONTEXT(2) 
PARAMETRIC_REPRESENTATION_CONTEXT() REPRESENTATION_CONTEXT('2D SPACE',''
  ) );
#1268 = ORIENTED_EDGE('',*,*,#1160,.T.);
#1269 = ORIENTED_EDGE('',*,*,#1270,.T.);
#1270 = EDGE_CURVE('',#1135,#1079,#1271,.T.);
#1271 = SURFACE_CURVE('',#1272,(#1277,#1284),.PCURVE_S1.);
#1272 = CIRCLE('',#1273,13.499998753873);
#1273 = AXIS2_PLACEMENT_3D('',#1274,#1275,#1276);
#1274 = CARTESIAN_POINT('',(-1.130465282318E-02,23.955158087344,
    2.039517082358E-02));
#1275 = DIRECTION('',(8.550015408387E-05,0.999999996278,
    -1.159043338687E-05));
#1276 = DIRECTION('',(0.999999996345,-8.550015408961E-05,0.));
#1277 = PCURVE('',#896,#1278);
#1278 = DEFINITIONAL_REPRESENTATION('',(#1279),#1283);
#1279 = LINE('',#1280,#1281);
#1280 = CARTESIAN_POINT('',(0.,0.));
#1281 = VECTOR('',#1282,1.);
#1282 = DIRECTION('',(1.,0.));
#1283 = ( GEOMETRIC_REPRESENTATION_CONTEXT(2) 
PARAMETRIC_REPRESENTATION_CONTEXT() REPRESENTATION_CONTEXT('2D SPACE',''
  ) );
#1284 = PCURVE('',#1149,#1285);
#1285 = DEFINITIONAL_REPRESENTATION('',(#1286),#1290);
#1286 = CIRCLE('',#1287,13.499998753873);
#1287 = AXIS2_PLACEMENT_2D('',#1288,#1289);
#1288 = CARTESIAN_POINT('',(0.,0.));
#1289 = DIRECTION('',(1.,0.));
#1290 = ( GEOMETRIC_REPRESENTATION_CONTEXT(2) 
PARAMETRIC_REPRESENTATION_CONTEXT() REPRESENTATION_CONTEXT('2D SPACE',''
  ) );
#1291 = ORIENTED_EDGE('',*,*,#1078,.T.);
#1292 = ORIENTED_EDGE('',*,*,#883,.T.);
#1293 = ADVANCED_FACE('',(#1294),#872,.T.);
#1294 = FACE_BOUND('',#1295,.T.);
#1295 = EDGE_LOOP('',(#1296,#1317,#1318,#1319));
#1296 = ORIENTED_EDGE('',*,*,#1297,.T.);
#1297 = EDGE_CURVE('',#1298,#1227,#1300,.T.);
#1298 = VERTEX_POINT('',#1299);
#1299 = CARTESIAN_POINT('',(10.921826675643,48.007408259767,
    7.942336382145));
#1300 = SURFACE_CURVE('',#1301,(#1305,#1311),.PCURVE_S1.);
#1301 = LINE('',#1302,#1303);
#1302 = CARTESIAN_POINT('',(10.921842053285,48.007316437998,
    2.024657991061E-02));
#1303 = VECTOR('',#1304,1.);
#1304 = DIRECTION('',(1.941109305611E-06,-1.159059939435E-05,
    -0.999999999931));
#1305 = PCURVE('',#872,#1306);
#1306 = DEFINITIONAL_REPRESENTATION('',(#1307),#1310);
#1307 = B_SPLINE_CURVE_WITH_KNOTS('',1,(#1308,#1309),.UNSPECIFIED.,.F.,
  .F.,(2,2),(-13.49986855903,13.500128948758),.PIECEWISE_BEZIER_KNOTS.);
#1308 = CARTESIAN_POINT('',(10.931063984802,-13.49999875387));
#1309 = CARTESIAN_POINT('',(10.931116421505,13.499998753873));
#1310 = ( GEOMETRIC_REPRESENTATION_CONTEXT(2) 
PARAMETRIC_REPRESENTATION_CONTEXT() REPRESENTATION_CONTEXT('2D SPACE',''
  ) );
#1311 = PCURVE('',#929,#1312);
#1312 = DEFINITIONAL_REPRESENTATION('',(#1313),#1316);
#1313 = B_SPLINE_CURVE_WITH_KNOTS('',1,(#1314,#1315),.UNSPECIFIED.,.F.,
  .F.,(2,2),(-13.49986855903,13.500128948758),.PIECEWISE_BEZIER_KNOTS.);
#1314 = CARTESIAN_POINT('',(-48.02607114254,13.499202951381));
#1315 = CARTESIAN_POINT('',(-48.02575820087,-13.5007945546));
#1316 = ( GEOMETRIC_REPRESENTATION_CONTEXT(2) 
PARAMETRIC_REPRESENTATION_CONTEXT() REPRESENTATION_CONTEXT('2D SPACE',''
  ) );
#1317 = ORIENTED_EDGE('',*,*,#1226,.T.);
#1318 = ORIENTED_EDGE('',*,*,#857,.T.);
#1319 = ORIENTED_EDGE('',*,*,#1320,.T.);
#1320 = EDGE_CURVE('',#832,#1298,#1321,.T.);
#1321 = SURFACE_CURVE('',#1322,(#1327,#1334),.PCURVE_S1.);
#1322 = CIRCLE('',#1323,13.499998753873);
#1323 = AXIS2_PLACEMENT_3D('',#1324,#1325,#1326);
#1324 = CARTESIAN_POINT('',(-9.248109661338E-03,48.008251046385,
    2.011638505086E-02));
#1325 = DIRECTION('',(8.550015408387E-05,0.999999996278,
    -1.159043338687E-05));
#1326 = DIRECTION('',(0.999999996345,-8.550015408961E-05,0.));
#1327 = PCURVE('',#872,#1328);
#1328 = DEFINITIONAL_REPRESENTATION('',(#1329),#1333);
#1329 = CIRCLE('',#1330,13.499998753873);
#1330 = AXIS2_PLACEMENT_2D('',#1331,#1332);
#1331 = CARTESIAN_POINT('',(0.,0.));
#1332 = DIRECTION('',(1.,0.));
#1333 = ( GEOMETRIC_REPRESENTATION_CONTEXT(2) 
PARAMETRIC_REPRESENTATION_CONTEXT() REPRESENTATION_CONTEXT('2D SPACE',''
  ) );
#1334 = PCURVE('',#846,#1335);
#1335 = DEFINITIONAL_REPRESENTATION('',(#1336),#1340);
#1336 = LINE('',#1337,#1338);
#1337 = CARTESIAN_POINT('',(0.,24.053093048575));
#1338 = VECTOR('',#1339,1.);
#1339 = DIRECTION('',(1.,0.));
#1340 = ( GEOMETRIC_REPRESENTATION_CONTEXT(2) 
PARAMETRIC_REPRESENTATION_CONTEXT() REPRESENTATION_CONTEXT('2D SPACE',''
  ) );
#1341 = ADVANCED_FACE('',(#1342),#846,.T.);
#1342 = FACE_BOUND('',#1343,.T.);
#1343 = EDGE_LOOP('',(#1344,#1363,#1364,#1365,#1366,#1388));
#1344 = ORIENTED_EDGE('',*,*,#1345,.T.);
#1345 = EDGE_CURVE('',#913,#1298,#1346,.T.);
#1346 = SURFACE_CURVE('',#1347,(#1351,#1357),.PCURVE_S1.);
#1347 = LINE('',#1348,#1349);
#1348 = CARTESIAN_POINT('',(10.919770132481,23.954315300725,
    7.942615167918));
#1349 = VECTOR('',#1350,1.);
#1350 = DIRECTION('',(8.550015408387E-05,0.999999996278,
    -1.159043338687E-05));
#1351 = PCURVE('',#846,#1352);
#1352 = DEFINITIONAL_REPRESENTATION('',(#1353),#1356);
#1353 = B_SPLINE_CURVE_WITH_KNOTS('',1,(#1354,#1355),.UNSPECIFIED.,.F.,
  .F.,(2,2),(-2.0004E-03,24.055093448575),.PIECEWISE_BEZIER_KNOTS.);
#1354 = CARTESIAN_POINT('',(5.656045588556,-2.0004E-03));
#1355 = CARTESIAN_POINT('',(5.656045588556,24.055093448575));
#1356 = ( GEOMETRIC_REPRESENTATION_CONTEXT(2) 
PARAMETRIC_REPRESENTATION_CONTEXT() REPRESENTATION_CONTEXT('2D SPACE',''
  ) );
#1357 = PCURVE('',#929,#1358);
#1358 = DEFINITIONAL_REPRESENTATION('',(#1359),#1362);
#1359 = B_SPLINE_CURVE_WITH_KNOTS('',1,(#1360,#1361),.UNSPECIFIED.,.F.,
  .F.,(2,2),(-2.0004E-03,24.055093448575),.PIECEWISE_BEZIER_KNOTS.);
#1360 = CARTESIAN_POINT('',(-23.97091304671,7.921703004457));
#1361 = CARTESIAN_POINT('',(-48.02800689366,7.921424172313));
#1362 = ( GEOMETRIC_REPRESENTATION_CONTEXT(2) 
PARAMETRIC_REPRESENTATION_CONTEXT() REPRESENTATION_CONTEXT('2D SPACE',''
  ) );
#1363 = ORIENTED_EDGE('',*,*,#1320,.F.);
#1364 = ORIENTED_EDGE('',*,*,#831,.F.);
#1365 = ORIENTED_EDGE('',*,*,#1023,.T.);
#1366 = ORIENTED_EDGE('',*,*,#1367,.T.);
#1367 = EDGE_CURVE('',#998,#942,#1368,.T.);
#1368 = SURFACE_CURVE('',#1369,(#1374,#1381),.PCURVE_S1.);
#1369 = CIRCLE('',#1370,13.499998753873);
#1370 = AXIS2_PLACEMENT_3D('',#1371,#1372,#1373);
#1371 = CARTESIAN_POINT('',(-1.130465282318E-02,23.955158087344,
    2.039517082358E-02));
#1372 = DIRECTION('',(8.550015408387E-05,0.999999996278,
    -1.159043338687E-05));
#1373 = DIRECTION('',(0.999999996345,-8.550015408961E-05,0.));
#1374 = PCURVE('',#846,#1375);
#1375 = DEFINITIONAL_REPRESENTATION('',(#1376),#1380);
#1376 = LINE('',#1377,#1378);
#1377 = CARTESIAN_POINT('',(0.,0.));
#1378 = VECTOR('',#1379,1.);
#1379 = DIRECTION('',(1.,0.));
#1380 = ( GEOMETRIC_REPRESENTATION_CONTEXT(2) 
PARAMETRIC_REPRESENTATION_CONTEXT() REPRESENTATION_CONTEXT('2D SPACE',''
  ) );
#1381 = PCURVE('',#1012,#1382);
#1382 = DEFINITIONAL_REPRESENTATION('',(#1383),#1387);
#1383 = CIRCLE('',#1384,13.499998753873);
#1384 = AXIS2_PLACEMENT_2D('',#1385,#1386);
#1385 = CARTESIAN_POINT('',(0.,0.));
#1386 = DIRECTION('',(1.,0.));
#1387 = ( GEOMETRIC_REPRESENTATION_CONTEXT(2) 
PARAMETRIC_REPRESENTATION_CONTEXT() REPRESENTATION_CONTEXT('2D SPACE',''
  ) );
#1388 = ORIENTED_EDGE('',*,*,#941,.T.);
#1389 = ADVANCED_FACE('',(#1390,#1421),#929,.T.);
#1390 = FACE_BOUND('',#1391,.T.);
#1391 = EDGE_LOOP('',(#1392));
#1392 = ORIENTED_EDGE('',*,*,#1393,.T.);
#1393 = EDGE_CURVE('',#1394,#1394,#1396,.T.);
#1394 = VERTEX_POINT('',#1395);
#1395 = CARTESIAN_POINT('',(10.912776368535,-58.02390546689,
    2.091218666174E-02));
#1396 = SURFACE_CURVE('',#1397,(#1402,#1409),.PCURVE_S1.);
#1397 = CIRCLE('',#1398,58.005307619237);
#1398 = AXIS2_PLACEMENT_3D('',#1399,#1400,#1401);
#1399 = CARTESIAN_POINT('',(10.917735829969,-1.859805967612E-02,
    2.091218666175E-02));
#1400 = DIRECTION('',(-0.999999996343,8.550013157967E-05,
    -1.94210029642E-06));
#1401 = DIRECTION('',(-8.550013157983E-05,-0.999999996345,
    -5.169878828456E-26));
#1402 = PCURVE('',#929,#1403);
#1403 = DEFINITIONAL_REPRESENTATION('',(#1404),#1408);
#1404 = CIRCLE('',#1405,58.005307619237);
#1405 = AXIS2_PLACEMENT_2D('',#1406,#1407);
#1406 = CARTESIAN_POINT('',(0.,0.));
#1407 = DIRECTION('',(1.,0.));
#1408 = ( GEOMETRIC_REPRESENTATION_CONTEXT(2) 
PARAMETRIC_REPRESENTATION_CONTEXT() REPRESENTATION_CONTEXT('2D SPACE',''
  ) );
#1409 = PCURVE('',#1410,#1415);
#1410 = CYLINDRICAL_SURFACE('',#1411,58.005307619237);
#1411 = AXIS2_PLACEMENT_3D('',#1412,#1413,#1414);
#1412 = CARTESIAN_POINT('',(23.082236807549,-1.96381261141E-02,
    2.093581134279E-02));
#1413 = DIRECTION('',(-0.999999996343,8.550013157967E-05,
    -1.94210029642E-06));
#1414 = DIRECTION('',(-8.550013157983E-05,-0.999999996345,
    -2.584939414228E-26));
#1415 = DEFINITIONAL_REPRESENTATION('',(#1416),#1420);
#1416 = LINE('',#1417,#1418);
#1417 = CARTESIAN_POINT('',(0.,12.164501022066));
#1418 = VECTOR('',#1419,1.);
#1419 = DIRECTION('',(1.,0.));
#1420 = ( GEOMETRIC_REPRESENTATION_CONTEXT(2) 
PARAMETRIC_REPRESENTATION_CONTEXT() REPRESENTATION_CONTEXT('2D SPACE',''
  ) );
#1421 = FACE_BOUND('',#1422,.T.);
#1422 = EDGE_LOOP('',(#1423,#1424,#1425,#1426));
#1423 = ORIENTED_EDGE('',*,*,#1345,.F.);
#1424 = ORIENTED_EDGE('',*,*,#910,.F.);
#1425 = ORIENTED_EDGE('',*,*,#1250,.T.);
#1426 = ORIENTED_EDGE('',*,*,#1297,.F.);
#1427 = ADVANCED_FACE('',(#1428),#1149,.F.);
#1428 = FACE_BOUND('',#1429,.F.);
#1429 = EDGE_LOOP('',(#1430,#1431));
#1430 = ORIENTED_EDGE('',*,*,#1134,.F.);
#1431 = ORIENTED_EDGE('',*,*,#1270,.T.);
#1432 = ADVANCED_FACE('',(#1433),#1012,.F.);
#1433 = FACE_BOUND('',#1434,.F.);
#1434 = EDGE_LOOP('',(#1435,#1436));
#1435 = ORIENTED_EDGE('',*,*,#1367,.T.);
#1436 = ORIENTED_EDGE('',*,*,#997,.T.);
#1437 = ADVANCED_FACE('',(#1438),#1410,.T.);
#1438 = FACE_BOUND('',#1439,.T.);
#1439 = EDGE_LOOP('',(#1440,#1441,#1464,#1491));
#1440 = ORIENTED_EDGE('',*,*,#1393,.F.);
#1441 = ORIENTED_EDGE('',*,*,#1442,.F.);
#1442 = EDGE_CURVE('',#1443,#1394,#1445,.T.);
#1443 = VERTEX_POINT('',#1444);
#1444 = CARTESIAN_POINT('',(23.077277346115,-58.02494553333,
    2.093581134278E-02));
#1445 = SEAM_CURVE('',#1446,(#1450,#1457),.PCURVE_S1.);
#1446 = LINE('',#1447,#1448);
#1447 = CARTESIAN_POINT('',(23.077277346115,-58.02494553333,
    2.093581134278E-02));
#1448 = VECTOR('',#1449,1.);
#1449 = DIRECTION('',(-0.999999996343,8.550013157967E-05,
    -1.94210029642E-06));
#1450 = PCURVE('',#1410,#1451);
#1451 = DEFINITIONAL_REPRESENTATION('',(#1452),#1456);
#1452 = LINE('',#1453,#1454);
#1453 = CARTESIAN_POINT('',(6.28318530718,-0.));
#1454 = VECTOR('',#1455,1.);
#1455 = DIRECTION('',(0.,1.));
#1456 = ( GEOMETRIC_REPRESENTATION_CONTEXT(2) 
PARAMETRIC_REPRESENTATION_CONTEXT() REPRESENTATION_CONTEXT('2D SPACE',''
  ) );
#1457 = PCURVE('',#1410,#1458);
#1458 = DEFINITIONAL_REPRESENTATION('',(#1459),#1463);
#1459 = LINE('',#1460,#1461);
#1460 = CARTESIAN_POINT('',(0.,-0.));
#1461 = VECTOR('',#1462,1.);
#1462 = DIRECTION('',(0.,1.));
#1463 = ( GEOMETRIC_REPRESENTATION_CONTEXT(2) 
PARAMETRIC_REPRESENTATION_CONTEXT() REPRESENTATION_CONTEXT('2D SPACE',''
  ) );
#1464 = ORIENTED_EDGE('',*,*,#1465,.T.);
#1465 = EDGE_CURVE('',#1443,#1443,#1466,.T.);
#1466 = SURFACE_CURVE('',#1467,(#1472,#1479),.PCURVE_S1.);
#1467 = CIRCLE('',#1468,58.005307619237);
#1468 = AXIS2_PLACEMENT_3D('',#1469,#1470,#1471);
#1469 = CARTESIAN_POINT('',(23.082236807549,-1.96381261141E-02,
    2.093581134279E-02));
#1470 = DIRECTION('',(-0.999999996343,8.550013157967E-05,
    -1.94210029642E-06));
#1471 = DIRECTION('',(-8.550013157983E-05,-0.999999996345,
    -5.169878828456E-26));
#1472 = PCURVE('',#1410,#1473);
#1473 = DEFINITIONAL_REPRESENTATION('',(#1474),#1478);
#1474 = LINE('',#1475,#1476);
#1475 = CARTESIAN_POINT('',(0.,0.));
#1476 = VECTOR('',#1477,1.);
#1477 = DIRECTION('',(1.,0.));
#1478 = ( GEOMETRIC_REPRESENTATION_CONTEXT(2) 
PARAMETRIC_REPRESENTATION_CONTEXT() REPRESENTATION_CONTEXT('2D SPACE',''
  ) );
#1479 = PCURVE('',#1480,#1485);
#1480 = PLANE('',#1481);
#1481 = AXIS2_PLACEMENT_3D('',#1482,#1483,#1484);
#1482 = CARTESIAN_POINT('',(23.082236807549,-1.96381261141E-02,
    2.093581134279E-02));
#1483 = DIRECTION('',(-0.999999996343,8.550013157967E-05,
    -1.94210029642E-06));
#1484 = DIRECTION('',(-8.550013157983E-05,-0.999999996345,
    -2.584939414228E-26));
#1485 = DEFINITIONAL_REPRESENTATION('',(#1486),#1490);
#1486 = CIRCLE('',#1487,58.005307619237);
#1487 = AXIS2_PLACEMENT_2D('',#1488,#1489);
#1488 = CARTESIAN_POINT('',(0.,0.));
#1489 = DIRECTION('',(1.,0.));
#1490 = ( GEOMETRIC_REPRESENTATION_CONTEXT(2) 
PARAMETRIC_REPRESENTATION_CONTEXT() REPRESENTATION_CONTEXT('2D SPACE',''
  ) );
#1491 = ORIENTED_EDGE('',*,*,#1442,.T.);
#1492 = ADVANCED_FACE('',(#1493,#1496),#1480,.F.);
#1493 = FACE_BOUND('',#1494,.F.);
#1494 = EDGE_LOOP('',(#1495));
#1495 = ORIENTED_EDGE('',*,*,#1465,.T.);
#1496 = FACE_BOUND('',#1497,.F.);
#1497 = EDGE_LOOP('',(#1498));
#1498 = ORIENTED_EDGE('',*,*,#1499,.T.);
#1499 = EDGE_CURVE('',#1500,#1500,#1502,.T.);
#1500 = VERTEX_POINT('',#1501);
#1501 = CARTESIAN_POINT('',(23.085307780901,35.898123454078,
    2.093581134278E-02));
#1502 = SURFACE_CURVE('',#1503,(#1508,#1519),.PCURVE_S1.);
#1503 = CIRCLE('',#1504,35.917761711477);
#1504 = AXIS2_PLACEMENT_3D('',#1505,#1506,#1507);
#1505 = CARTESIAN_POINT('',(23.082236807549,-1.96381261141E-02,
    2.093581134279E-02));
#1506 = DIRECTION('',(0.999999996343,-8.550013157967E-05,
    1.94210029642E-06));
#1507 = DIRECTION('',(8.550013157983E-05,0.999999996345,
    5.169878828456E-26));
#1508 = PCURVE('',#1480,#1509);
#1509 = DEFINITIONAL_REPRESENTATION('',(#1510),#1518);
#1510 = ( BOUNDED_CURVE() B_SPLINE_CURVE(2,(#1511,#1512,#1513,#1514,
#1515,#1516,#1517),.UNSPECIFIED.,.T.,.F.) B_SPLINE_CURVE_WITH_KNOTS((1,2
    ,2,2,2,1),(-2.094395102393,0.,2.094395102393,4.188790204786,
6.28318530718,8.377580409573),.UNSPECIFIED.) CURVE() 
GEOMETRIC_REPRESENTATION_ITEM() RATIONAL_B_SPLINE_CURVE((1.,0.5,1.,0.5,
1.,0.5,1.)) REPRESENTATION_ITEM('') );
#1511 = CARTESIAN_POINT('',(-35.91776171147,-3.501797099602E-36));
#1512 = CARTESIAN_POINT('',(-35.91776171147,62.21138817843));
#1513 = CARTESIAN_POINT('',(17.958880855738,31.105694089215));
#1514 = CARTESIAN_POINT('',(71.835523422953,8.797314382499E-15));
#1515 = CARTESIAN_POINT('',(17.958880855738,-31.10569408921));
#1516 = CARTESIAN_POINT('',(-35.91776171147,-62.21138817843));
#1517 = CARTESIAN_POINT('',(-35.91776171147,-3.501797099602E-36));
#1518 = ( GEOMETRIC_REPRESENTATION_CONTEXT(2) 
PARAMETRIC_REPRESENTATION_CONTEXT() REPRESENTATION_CONTEXT('2D SPACE',''
  ) );
#1519 = PCURVE('',#1520,#1525);
#1520 = CONICAL_SURFACE('',#1521,36.003011682645,0.785398166711);
#1521 = AXIS2_PLACEMENT_3D('',#1522,#1523,#1524);
#1522 = CARTESIAN_POINT('',(22.996986837257,-1.96308372304E-02,
    2.09356457788E-02));
#1523 = DIRECTION('',(-0.999999996343,8.550013157967E-05,
    -1.94210029642E-06));
#1524 = DIRECTION('',(8.550013157983E-05,0.999999996345,
    2.584939414228E-26));
#1525 = DEFINITIONAL_REPRESENTATION('',(#1526),#1530);
#1526 = LINE('',#1527,#1528);
#1527 = CARTESIAN_POINT('',(-0.,-8.524997060351E-02));
#1528 = VECTOR('',#1529,1.);
#1529 = DIRECTION('',(-1.,-0.));
#1530 = ( GEOMETRIC_REPRESENTATION_CONTEXT(2) 
PARAMETRIC_REPRESENTATION_CONTEXT() REPRESENTATION_CONTEXT('2D SPACE',''
  ) );
#1531 = ADVANCED_FACE('',(#1532),#610,.T.);
#1532 = FACE_BOUND('',#1533,.T.);
#1533 = EDGE_LOOP('',(#1534));
#1534 = ORIENTED_EDGE('',*,*,#262,.T.);
#1535 = ADVANCED_FACE('',(#1536),#1520,.T.);
#1536 = FACE_BOUND('',#1537,.T.);
#1537 = EDGE_LOOP('',(#1538,#1561,#1588,#1589));
#1538 = ORIENTED_EDGE('',*,*,#1539,.T.);
#1539 = EDGE_CURVE('',#1500,#1540,#1542,.T.);
#1540 = VERTEX_POINT('',#1541);
#1541 = CARTESIAN_POINT('',(25.005916465115,33.977186304455,
    2.093954167643E-02));
#1542 = SEAM_CURVE('',#1543,(#1547,#1554),.PCURVE_S1.);
#1543 = LINE('',#1544,#1545);
#1544 = CARTESIAN_POINT('',(23.000065099493,35.983380713819,
    2.093564577879E-02));
#1545 = VECTOR('',#1546,1.);
#1546 = DIRECTION('',(0.707046318534,-0.707167238668,1.373272284965E-06)
  );
#1547 = PCURVE('',#1520,#1548);
#1548 = DEFINITIONAL_REPRESENTATION('',(#1549),#1553);
#1549 = LINE('',#1550,#1551);
#1550 = CARTESIAN_POINT('',(-6.28318530718,0.));
#1551 = VECTOR('',#1552,1.);
#1552 = DIRECTION('',(-0.,-1.));
#1553 = ( GEOMETRIC_REPRESENTATION_CONTEXT(2) 
PARAMETRIC_REPRESENTATION_CONTEXT() REPRESENTATION_CONTEXT('2D SPACE',''
  ) );
#1554 = PCURVE('',#1520,#1555);
#1555 = DEFINITIONAL_REPRESENTATION('',(#1556),#1560);
#1556 = LINE('',#1557,#1558);
#1557 = CARTESIAN_POINT('',(0.,-0.));
#1558 = VECTOR('',#1559,1.);
#1559 = DIRECTION('',(-0.,-1.));
#1560 = ( GEOMETRIC_REPRESENTATION_CONTEXT(2) 
PARAMETRIC_REPRESENTATION_CONTEXT() REPRESENTATION_CONTEXT('2D SPACE',''
  ) );
#1561 = ORIENTED_EDGE('',*,*,#1562,.F.);
#1562 = EDGE_CURVE('',#1540,#1540,#1563,.T.);
#1563 = SURFACE_CURVE('',#1564,(#1569,#1576),.PCURVE_S1.);
#1564 = CIRCLE('',#1565,33.99698878117);
#1565 = AXIS2_PLACEMENT_3D('',#1566,#1567,#1568);
#1566 = CARTESIAN_POINT('',(25.003009718101,-1.980235245129E-02,
    2.093954167644E-02));
#1567 = DIRECTION('',(0.999999996343,-8.550013157967E-05,
    1.94210029642E-06));
#1568 = DIRECTION('',(8.550013157983E-05,0.999999996345,
    5.169878828456E-26));
#1569 = PCURVE('',#1520,#1570);
#1570 = DEFINITIONAL_REPRESENTATION('',(#1571),#1575);
#1571 = LINE('',#1572,#1573);
#1572 = CARTESIAN_POINT('',(-0.,-2.00602288818));
#1573 = VECTOR('',#1574,1.);
#1574 = DIRECTION('',(-1.,-0.));
#1575 = ( GEOMETRIC_REPRESENTATION_CONTEXT(2) 
PARAMETRIC_REPRESENTATION_CONTEXT() REPRESENTATION_CONTEXT('2D SPACE',''
  ) );
#1576 = PCURVE('',#1577,#1582);
#1577 = PLANE('',#1578);
#1578 = AXIS2_PLACEMENT_3D('',#1579,#1580,#1581);
#1579 = CARTESIAN_POINT('',(25.003009718101,-1.980235245129E-02,
    2.093954167644E-02));
#1580 = DIRECTION('',(0.999999996343,-8.550013157967E-05,
    1.94210029642E-06));
#1581 = DIRECTION('',(8.550013157983E-05,0.999999996345,
    2.584939414228E-26));
#1582 = DEFINITIONAL_REPRESENTATION('',(#1583),#1587);
#1583 = CIRCLE('',#1584,33.99698878117);
#1584 = AXIS2_PLACEMENT_2D('',#1585,#1586);
#1585 = CARTESIAN_POINT('',(0.,0.));
#1586 = DIRECTION('',(1.,0.));
#1587 = ( GEOMETRIC_REPRESENTATION_CONTEXT(2) 
PARAMETRIC_REPRESENTATION_CONTEXT() REPRESENTATION_CONTEXT('2D SPACE',''
  ) );
#1588 = ORIENTED_EDGE('',*,*,#1539,.F.);
#1589 = ORIENTED_EDGE('',*,*,#1499,.T.);
#1590 = ADVANCED_FACE('',(#1591,#1594),#1577,.T.);
#1591 = FACE_BOUND('',#1592,.T.);
#1592 = EDGE_LOOP('',(#1593));
#1593 = ORIENTED_EDGE('',*,*,#1562,.T.);
#1594 = FACE_BOUND('',#1595,.T.);
#1595 = EDGE_LOOP('',(#1596));
#1596 = ORIENTED_EDGE('',*,*,#1597,.T.);
#1597 = EDGE_CURVE('',#1598,#1598,#1600,.T.);
#1598 = VERTEX_POINT('',#1599);
#1599 = CARTESIAN_POINT('',(25.001940966958,-12.51979643783,
    2.093954167644E-02));
#1600 = SURFACE_CURVE('',#1601,(#1606,#1617),.PCURVE_S1.);
#1601 = CIRCLE('',#1602,12.499994131073);
#1602 = AXIS2_PLACEMENT_3D('',#1603,#1604,#1605);
#1603 = CARTESIAN_POINT('',(25.003009718101,-1.980235245129E-02,
    2.093954167644E-02));
#1604 = DIRECTION('',(-0.999999996343,8.550013157967E-05,
    -1.94210029642E-06));
#1605 = DIRECTION('',(-8.550013157983E-05,-0.999999996345,
    -5.169878828456E-26));
#1606 = PCURVE('',#1577,#1607);
#1607 = DEFINITIONAL_REPRESENTATION('',(#1608),#1616);
#1608 = ( BOUNDED_CURVE() B_SPLINE_CURVE(2,(#1609,#1610,#1611,#1612,
#1613,#1614,#1615),.UNSPECIFIED.,.T.,.F.) B_SPLINE_CURVE_WITH_KNOTS((1,2
    ,2,2,2,1),(-2.094395102393,0.,2.094395102393,4.188790204786,
6.28318530718,8.377580409573),.UNSPECIFIED.) CURVE() 
GEOMETRIC_REPRESENTATION_ITEM() RATIONAL_B_SPLINE_CURVE((1.,0.5,1.,0.5,
1.,0.5,1.)) REPRESENTATION_ITEM('') );
#1609 = CARTESIAN_POINT('',(-12.49999413107,-3.469446951947E-18));
#1610 = CARTESIAN_POINT('',(-12.49999413107,21.650624929331));
#1611 = CARTESIAN_POINT('',(6.249997065536,10.825312464666));
#1612 = CARTESIAN_POINT('',(24.999988262146,3.058146113444E-15));
#1613 = CARTESIAN_POINT('',(6.249997065537,-10.82531246466));
#1614 = CARTESIAN_POINT('',(-12.49999413107,-21.65062492933));
#1615 = CARTESIAN_POINT('',(-12.49999413107,-3.469446951947E-18));
#1616 = ( GEOMETRIC_REPRESENTATION_CONTEXT(2) 
PARAMETRIC_REPRESENTATION_CONTEXT() REPRESENTATION_CONTEXT('2D SPACE',''
  ) );
#1617 = PCURVE('',#1618,#1623);
#1618 = CYLINDRICAL_SURFACE('',#1619,12.499994131073);
#1619 = AXIS2_PLACEMENT_3D('',#1620,#1621,#1622);
#1620 = CARTESIAN_POINT('',(26.010654333975,-1.988850619885E-02,
    2.094149862336E-02));
#1621 = DIRECTION('',(-0.999999996343,8.550013157967E-05,
    -1.94210029642E-06));
#1622 = DIRECTION('',(-8.550013157983E-05,-0.999999996345,
    -2.584939414228E-26));
#1623 = DEFINITIONAL_REPRESENTATION('',(#1624),#1628);
#1624 = LINE('',#1625,#1626);
#1625 = CARTESIAN_POINT('',(0.,1.007644619559));
#1626 = VECTOR('',#1627,1.);
#1627 = DIRECTION('',(1.,0.));
#1628 = ( GEOMETRIC_REPRESENTATION_CONTEXT(2) 
PARAMETRIC_REPRESENTATION_CONTEXT() REPRESENTATION_CONTEXT('2D SPACE',''
  ) );
#1629 = ADVANCED_FACE('',(#1630),#1618,.F.);
#1630 = FACE_BOUND('',#1631,.F.);
#1631 = EDGE_LOOP('',(#1632,#1633,#1656,#2340));
#1632 = ORIENTED_EDGE('',*,*,#1597,.T.);
#1633 = ORIENTED_EDGE('',*,*,#1634,.F.);
#1634 = EDGE_CURVE('',#1635,#1598,#1637,.T.);
#1635 = VERTEX_POINT('',#1636);
#1636 = CARTESIAN_POINT('',(5.054378439491,-12.5180909186,
    2.09008015092E-02));
#1637 = SEAM_CURVE('',#1638,(#1642,#1649),.PCURVE_S1.);
#1638 = LINE('',#1639,#1640);
#1639 = CARTESIAN_POINT('',(5.054378439491,-12.5180909186,
    2.09008015092E-02));
#1640 = VECTOR('',#1641,1.);
#1641 = DIRECTION('',(0.999999996343,-8.550013157965E-05,
    1.94210029642E-06));
#1642 = PCURVE('',#1618,#1643);
#1643 = DEFINITIONAL_REPRESENTATION('',(#1644),#1648);
#1644 = LINE('',#1645,#1646);
#1645 = CARTESIAN_POINT('',(6.28318530718,20.955207219975));
#1646 = VECTOR('',#1647,1.);
#1647 = DIRECTION('',(-0.,-1.));
#1648 = ( GEOMETRIC_REPRESENTATION_CONTEXT(2) 
PARAMETRIC_REPRESENTATION_CONTEXT() REPRESENTATION_CONTEXT('2D SPACE',''
  ) );
#1649 = PCURVE('',#1618,#1650);
#1650 = DEFINITIONAL_REPRESENTATION('',(#1651),#1655);
#1651 = LINE('',#1652,#1653);
#1652 = CARTESIAN_POINT('',(0.,20.955207219975));
#1653 = VECTOR('',#1654,1.);
#1654 = DIRECTION('',(-0.,-1.));
#1655 = ( GEOMETRIC_REPRESENTATION_CONTEXT(2) 
PARAMETRIC_REPRESENTATION_CONTEXT() REPRESENTATION_CONTEXT('2D SPACE',''
  ) );
#1656 = ORIENTED_EDGE('',*,*,#1657,.F.);
#1657 = EDGE_CURVE('',#1635,#1635,#1658,.T.);
#1658 = SURFACE_CURVE('',#1659,(#1837,#2086),.PCURVE_S1.);
#1659 = B_SPLINE_CURVE_WITH_KNOTS('',8,(#1660,#1661,#1662,#1663,#1664,
    #1665,#1666,#1667,#1668,#1669,#1670,#1671,#1672,#1673,#1674,#1675,
    #1676,#1677,#1678,#1679,#1680,#1681,#1682,#1683,#1684,#1685,#1686,
    #1687,#1688,#1689,#1690,#1691,#1692,#1693,#1694,#1695,#1696,#1697,
    #1698,#1699,#1700,#1701,#1702,#1703,#1704,#1705,#1706,#1707,#1708,
    #1709,#1710,#1711,#1712,#1713,#1714,#1715,#1716,#1717,#1718,#1719,
    #1720,#1721,#1722,#1723,#1724,#1725,#1726,#1727,#1728,#1729,#1730,
    #1731,#1732,#1733,#1734,#1735,#1736,#1737,#1738,#1739,#1740,#1741,
    #1742,#1743,#1744,#1745,#1746,#1747,#1748,#1749,#1750,#1751,#1752,
    #1753,#1754,#1755,#1756,#1757,#1758,#1759,#1760,#1761,#1762,#1763,
    #1764,#1765,#1766,#1767,#1768,#1769,#1770,#1771,#1772,#1773,#1774,
    #1775,#1776,#1777,#1778,#1779,#1780,#1781,#1782,#1783,#1784,#1785,
    #1786,#1787,#1788,#1789,#1790,#1791,#1792,#1793,#1794,#1795,#1796,
    #1797,#1798,#1799,#1800,#1801,#1802,#1803,#1804,#1805,#1806,#1807,
    #1808,#1809,#1810,#1811,#1812,#1813,#1814,#1815,#1816,#1817,#1818,
    #1819,#1820,#1821,#1822,#1823,#1824,#1825,#1826,#1827,#1828,#1829,
    #1830,#1831,#1832,#1833,#1834,#1835,#1836),.UNSPECIFIED.,.T.,.F.,(9,
    7,7,7,7,7,7,7,7,7,7,7,7,7,7,7,7,7,7,7,7,7,7,7,7,9),(0.,
    0.406474662062,0.486586496178,0.564711411667,0.638861941764,
    0.715086383001,0.841842907103,1.,1.155151256708,1.19294501059,
    1.397659783259,1.603425721533,2.013293190766,2.423157382151,
    2.627440613404,2.832307892969,2.996229191831,3.156555279964,
    3.285419120933,3.363716637624,3.438936544983,3.516130900952,
    3.594813968685,3.671986916534,3.8338419442,3.996195400952),
  .UNSPECIFIED.);
#1660 = CARTESIAN_POINT('',(5.054378439491,-12.5180909186,
    2.09008015092E-02));
#1661 = CARTESIAN_POINT('',(5.050238351577,-12.51809056463,
    1.022297910933));
#1662 = CARTESIAN_POINT('',(5.046421489679,-12.42640505755,2.0239623824)
  );
#1663 = CARTESIAN_POINT('',(5.042971374997,-12.24295437268,
    3.015686522614));
#1664 = CARTESIAN_POINT('',(5.039924750844,-11.96910507251,
    3.987677746832));
#1665 = CARTESIAN_POINT('',(5.037312670001,-11.60738779385,
    4.930509330076));
#1666 = CARTESIAN_POINT('',(5.035160779896,-11.16140868028,
    5.835101113909));
#1667 = CARTESIAN_POINT('',(5.033488710404,-10.63594379197,
    6.692764021664));
#1668 = CARTESIAN_POINT('',(5.032075856061,-9.919200578606,
    7.653521867578));
#1669 = CARTESIAN_POINT('',(5.031862334683,-9.798342930654,
    7.809570504606));
#1670 = CARTESIAN_POINT('',(5.031667996801,-9.674677777072,
    7.963427777287));
#1671 = CARTESIAN_POINT('',(5.03149292337,-9.54825184318,8.115034523092)
  );
#1672 = CARTESIAN_POINT('',(5.031337184451,-9.419113383729,
    8.264332785767));
#1673 = CARTESIAN_POINT('',(5.031200839201,-9.287312182893,
    8.411265815337));
#1674 = CARTESIAN_POINT('',(5.031083935882,-9.152899554274,
    8.555778068102));
#1675 = CARTESIAN_POINT('',(5.03089150412,-8.882354261778,8.83632956681)
  );
#1676 = CARTESIAN_POINT('',(5.030815021286,-8.74634687053,8.972490153141
    ));
#1677 = CARTESIAN_POINT('',(5.030757097789,-8.607955183887,
    9.106246611417));
#1678 = CARTESIAN_POINT('',(5.030717758006,-8.467229516504,
    9.237549796013));
#1679 = CARTESIAN_POINT('',(5.030697016123,-8.32422149756,9.366351787472
    ));
#1680 = CARTESIAN_POINT('',(5.030694875994,-8.178984087351,
    9.492605910074));
#1681 = CARTESIAN_POINT('',(5.03071133101,-8.031571593897,9.616266749408
    ));
#1682 = CARTESIAN_POINT('',(5.030779614716,-7.740114800324,
    9.852156864278));
#1683 = CARTESIAN_POINT('',(5.030829601085,-7.596280634494,9.96464772214
    ));
#1684 = CARTESIAN_POINT('',(5.030896308719,-7.450584734587,
    10.07472496953));
#1685 = CARTESIAN_POINT('',(5.030979714268,-7.303075749044,
    10.182351968479));
#1686 = CARTESIAN_POINT('',(5.031079785389,-7.153803432196,
    10.287493217054));
#1687 = CARTESIAN_POINT('',(5.031196480743,-7.002818644267,
    10.390114349354));
#1688 = CARTESIAN_POINT('',(5.031329749994,-6.850173351374,
    10.490182135514));
#1689 = CARTESIAN_POINT('',(5.031633506925,-6.537353615667,
    10.68787330501));
#1690 = CARTESIAN_POINT('',(5.031804931075,-6.377088038712,
    10.785350065915));
#1691 = CARTESIAN_POINT('',(5.031993741316,-6.215181572231,
    10.880060001411));
#1692 = CARTESIAN_POINT('',(5.032199862146,-6.051693220725,
    10.971969663104));
#1693 = CARTESIAN_POINT('',(5.032423207104,-5.886683333687,
    11.061047000467));
#1694 = CARTESIAN_POINT('',(5.032663678378,-5.720213623657,11.1472614441
    ));
#1695 = CARTESIAN_POINT('',(5.032921166403,-5.552347184289,
    11.230583988982));
#1696 = CARTESIAN_POINT('',(5.033651831503,-5.101781591308,
    11.444692966385));
#1697 = CARTESIAN_POINT('',(5.034154840351,-4.816726980751,
    11.570327527476));
#1698 = CARTESIAN_POINT('',(5.034704011549,-4.5282848698,11.687763170617
    ));
#1699 = CARTESIAN_POINT('',(5.035298687949,-4.236764855522,
    11.796885778797));
#1700 = CARTESIAN_POINT('',(5.035938113433,-3.942485802082,
    11.897596596262));
#1701 = CARTESIAN_POINT('',(5.036621433659,-3.645774034495,
    11.989813680937));
#1702 = CARTESIAN_POINT('',(5.037347703814,-3.346959863017,
    12.073473121424));
#1703 = CARTESIAN_POINT('',(5.039074404056,-2.671322446816,
    12.242180272318));
#1704 = CARTESIAN_POINT('',(5.040098232641,-2.29349175343,
    12.322442906935));
#1705 = CARTESIAN_POINT('',(5.041185350815,-1.913545954362,
    12.389221493822));
#1706 = CARTESIAN_POINT('',(5.042333675806,-1.532087480459,
    12.44248443003));
#1707 = CARTESIAN_POINT('',(5.043541198591,-1.149640264705,
    12.482249924349));
#1708 = CARTESIAN_POINT('',(5.044806267918,-0.766600940012,
    12.508559879429));
#1709 = CARTESIAN_POINT('',(5.046127593886,-0.383287463748,
    12.521436699051));
#1710 = CARTESIAN_POINT('',(5.048854317825,0.376002938545,
    12.520337483334));
#1711 = CARTESIAN_POINT('',(5.050257744101,0.752009631632,
    12.506867100884));
#1712 = CARTESIAN_POINT('',(5.051713250853,1.127736016917,
    12.480468214952));
#1713 = CARTESIAN_POINT('',(5.053219783754,1.502878712263,
    12.441119044616));
#1714 = CARTESIAN_POINT('',(5.05477608982,1.877059919138,12.388781055778
    ));
#1715 = CARTESIAN_POINT('',(5.056380408042,2.249785588597,
    12.323437812684));
#1716 = CARTESIAN_POINT('',(5.058030526378,2.620488089209,
    12.245118700357));
#1717 = CARTESIAN_POINT('',(5.060136242185,3.078195763855,
    12.131695773632));
#1718 = CARTESIAN_POINT('',(5.060551270395,3.167694566636,
    12.108713765521));
#1719 = CARTESIAN_POINT('',(5.060968826183,3.257028504521,
    12.084967994975));
#1720 = CARTESIAN_POINT('',(5.061388872402,3.346188921513,
    12.060459762514));
#1721 = CARTESIAN_POINT('',(5.061811371212,3.435167140741,
    12.035190521339));
#1722 = CARTESIAN_POINT('',(5.062236284081,3.523954464462,
    12.009161877333));
#1723 = CARTESIAN_POINT('',(5.062663571786,3.612542174059,
    11.982375589058));
#1724 = CARTESIAN_POINT('',(5.065420301104,4.179639781349,
    11.805648635067));
#1725 = CARTESIAN_POINT('',(5.067815869907,4.652236018746,
    11.634293539026));
#1726 = CARTESIAN_POINT('',(5.070273589137,5.117329947407,
    11.441071833298));
#1727 = CARTESIAN_POINT('',(5.072786827808,5.573584769324,
    11.226405146773));
#1728 = CARTESIAN_POINT('',(5.075348818065,6.019735203847,
    10.990814163873));
#1729 = CARTESIAN_POINT('',(5.077952732003,6.454589505845,10.73490236303
    ));
#1730 = CARTESIAN_POINT('',(5.080591704748,6.877022238056,
    10.459344562927));
#1731 = CARTESIAN_POINT('',(5.085939701842,7.697026750966,9.868908089939
    ));
#1732 = CARTESIAN_POINT('',(5.08864909212,8.094471310138,9.5538263636));
#1733 = CARTESIAN_POINT('',(5.091380027888,8.4772292983,9.220389739924)
  );
#1734 = CARTESIAN_POINT('',(5.094125521226,8.844293318807,8.869415517441
    ));
#1735 = CARTESIAN_POINT('',(5.096878600941,9.194721911313,8.501779645879
    ));
#1736 = CARTESIAN_POINT('',(5.099632315867,9.527636625291,8.118413520582
    ));
#1737 = CARTESIAN_POINT('',(5.102379735435,9.842221767476,7.720303625802
    ));
#1738 = CARTESIAN_POINT('',(5.110560255067,10.726346642229,
    6.488205889978));
#1739 = CARTESIAN_POINT('',(5.115955866304,11.239445941611,5.61330350724
    ));
#1740 = CARTESIAN_POINT('',(5.121244218907,11.670811892469,
    4.692265313573));
#1741 = CARTESIAN_POINT('',(5.126372307593,12.015728309957,
    3.734089279232));
#1742 = CARTESIAN_POINT('',(5.131290190109,12.270691243223,
    2.748154864589));
#1743 = CARTESIAN_POINT('',(5.135950744358,12.433311771921,
    1.744180445538));
#1744 = CARTESIAN_POINT('',(5.140309848605,12.502413850642,
    0.732241599413));
#1745 = CARTESIAN_POINT('',(5.148344432767,12.454256427114,
    -1.286602244092));
#1746 = CARTESIAN_POINT('',(5.152022245279,12.336984465489,
    -2.294092030995));
#1747 = CARTESIAN_POINT('',(5.155319607153,12.126679999053,
    -3.289173448616));
#1748 = CARTESIAN_POINT('',(5.1582027824,11.824996073456,-4.261837335246
    ));
#1749 = CARTESIAN_POINT('',(5.160643878839,11.434781328274,
    -5.202487390034));
#1750 = CARTESIAN_POINT('',(5.162620316209,10.959984081036,
    -6.10191741812));
#1751 = CARTESIAN_POINT('',(5.164115283017,10.405748938625,
    -6.951359014997));
#1752 = CARTESIAN_POINT('',(5.165619712045,9.466164881832,
    -8.137019761777));
#1753 = CARTESIAN_POINT('',(5.165998244238,9.135495341684,
    -8.517015982532));
#1754 = CARTESIAN_POINT('',(5.166253699565,8.787472823056,
    -8.881637686874));
#1755 = CARTESIAN_POINT('',(5.16638532142,8.422942685244,-9.229957166829
    ));
#1756 = CARTESIAN_POINT('',(5.166392772959,8.042810316751,
    -9.561102415703));
#1757 = CARTESIAN_POINT('',(5.166276142401,7.648041859693,
    -9.874257949311));
#1758 = CARTESIAN_POINT('',(5.166035969611,7.239667314251,
    -10.16866865058));
#1759 = CARTESIAN_POINT('',(5.165309581461,6.396701427166,
    -10.71941079002));
#1760 = CARTESIAN_POINT('',(5.164822647209,5.962017906545,
    -10.97564446071));
#1761 = CARTESIAN_POINT('',(5.164213525168,5.51585083557,-11.21164459906
    ));
#1762 = CARTESIAN_POINT('',(5.163483769562,5.05938058755,-11.42678430802
    ));
#1763 = CARTESIAN_POINT('',(5.162635470985,4.593853081607,
    -11.62051614316));
#1764 = CARTESIAN_POINT('',(5.161671327512,4.120582507999,
    -11.79238684277));
#1765 = CARTESIAN_POINT('',(5.160594674014,3.640938788385,
    -11.94205473903));
#1766 = CARTESIAN_POINT('',(5.158460973002,2.768528162955,
    -12.17111525393));
#1767 = CARTESIAN_POINT('',(5.15744296812,2.377538379587,-12.25857978893
    ));
#1768 = CARTESIAN_POINT('',(5.156357401175,1.984070676113,
    -12.33157207913));
#1769 = CARTESIAN_POINT('',(5.155206390715,1.588801001031,
    -12.39004238524));
#1770 = CARTESIAN_POINT('',(5.153992013906,1.192328159991,
    -12.43399808883));
#1771 = CARTESIAN_POINT('',(5.152716011862,0.795119372629,
    -12.46347797788));
#1772 = CARTESIAN_POINT('',(5.151379755163,0.397556162305,
    -12.47850421309));
#1773 = CARTESIAN_POINT('',(5.14861977777,-0.388836745184,
    -12.47964322659));
#1774 = CARTESIAN_POINT('',(5.147198504043,-0.777699265074,
    -12.46638296845));
#1775 = CARTESIAN_POINT('',(5.145721755687,-1.166253142833,
    -12.43929787149));
#1776 = CARTESIAN_POINT('',(5.144190628553,-1.55414703616,
    -12.39836842896));
#1777 = CARTESIAN_POINT('',(5.142606412602,-1.940954703336,
    -12.34355845701));
#1778 = CARTESIAN_POINT('',(5.140970925765,-2.326128563115,
    -12.27485675845));
#1779 = CARTESIAN_POINT('',(5.139286457957,-2.709045774793,
    -12.19230265476));
#1780 = CARTESIAN_POINT('',(5.136164730356,-3.394434067944,
    -12.01859712387));
#1781 = CARTESIAN_POINT('',(5.134743770932,-3.69795815648,
    -11.93230887405));
#1782 = CARTESIAN_POINT('',(5.13329427896,-3.999253231775,
    -11.83718584689));
#1783 = CARTESIAN_POINT('',(5.131817715008,-4.297976301254,
    -11.73329751006));
#1784 = CARTESIAN_POINT('',(5.130315602732,-4.593788551608,
    -11.62073203006));
#1785 = CARTESIAN_POINT('',(5.128789512444,-4.886358748139,
    -11.49959508685));
#1786 = CARTESIAN_POINT('',(5.127241049413,-5.175365023651,
    -11.37000846987));
#1787 = CARTESIAN_POINT('',(5.124718401263,-5.633739726357,
    -11.14832057026));
#1788 = CARTESIAN_POINT('',(5.123757291741,-5.805554726398,
    -11.06146293239));
#1789 = CARTESIAN_POINT('',(5.122788879859,-5.975870822456,
    -10.97156564858));
#1790 = CARTESIAN_POINT('',(5.121813529568,-6.144620287543,
    -10.87866063133));
#1791 = CARTESIAN_POINT('',(5.12083160694,-6.311736883342,
    -10.78278151219));
#1792 = CARTESIAN_POINT('',(5.119843479898,-6.477155841321,
    -10.68396355519));
#1793 = CARTESIAN_POINT('',(5.118849517951,-6.64081384385,-10.5822435703
    ));
#1794 = CARTESIAN_POINT('',(5.116889949925,-6.958122976485,
    -10.37718691494));
#1795 = CARTESIAN_POINT('',(5.11592476492,-7.111914566613,
    -10.27407091851));
#1796 = CARTESIAN_POINT('',(5.114954865939,-7.263968931075,
    -10.16834585828));
#1797 = CARTESIAN_POINT('',(5.113980583175,-7.414232381711,
    -10.06004694735));
#1798 = CARTESIAN_POINT('',(5.113002247973,-7.562652386824,
    -9.949210591139));
#1799 = CARTESIAN_POINT('',(5.112020192835,-7.709177571178,
    -9.835874387397));
#1800 = CARTESIAN_POINT('',(5.111034751415,-7.853757715999,
    -9.720077126218));
#1801 = CARTESIAN_POINT('',(5.109031818666,-8.142672545388,
    -9.48053733875));
#1802 = CARTESIAN_POINT('',(5.108014164642,-8.286901197648,
    -9.35666596766));
#1803 = CARTESIAN_POINT('',(5.106993658381,-8.428976629283,
    -9.230287849516));
#1804 = CARTESIAN_POINT('',(5.105970662577,-8.568847051707,
    -9.101447361293));
#1805 = CARTESIAN_POINT('',(5.104945540685,-8.706461959829,
    -8.970190068928));
#1806 = CARTESIAN_POINT('',(5.103918656915,-8.841772117662,
    -8.83656271206));
#1807 = CARTESIAN_POINT('',(5.102890376224,-8.974729543926,
    -8.700613188768));
#1808 = CARTESIAN_POINT('',(5.100811901883,-9.238363293009,
    -8.421502234775));
#1809 = CARTESIAN_POINT('',(5.099761667467,-9.368946243561,
    -8.278252194436));
#1810 = CARTESIAN_POINT('',(5.09871074845,-9.49698686134,-8.13269238872)
  );
#1811 = CARTESIAN_POINT('',(5.097659532194,-9.622437087093,
    -7.984875897507));
#1812 = CARTESIAN_POINT('',(5.096608406038,-9.74525029029,
    -7.834856911141));
#1813 = CARTESIAN_POINT('',(5.095557757305,-9.865381269131,
    -7.68269073043));
#1814 = CARTESIAN_POINT('',(5.094507973295,-9.982786250537,
    -7.528433766647));
#1815 = CARTESIAN_POINT('',(5.092431033168,-10.2098593732,
    -7.218852906834));
#1816 = CARTESIAN_POINT('',(5.091403828738,-10.31963282398,
    -7.063606192623));
#1817 = CARTESIAN_POINT('',(5.090378193426,-10.42670328585,
    -6.906457671278));
#1818 = CARTESIAN_POINT('',(5.089354491704,-10.53103220484,
    -6.74746248604));
#1819 = CARTESIAN_POINT('',(5.088333087083,-10.63258242969,
    -6.586676651002));
#1820 = CARTESIAN_POINT('',(5.087314342117,-10.73131821181,
    -6.424157051116));
#1821 = CARTESIAN_POINT('',(5.0862986184,-10.82720520531,-6.259961442187
    ));
#1822 = CARTESIAN_POINT('',(5.083163089371,-11.11527064836,
    -5.746388425576));
#1823 = CARTESIAN_POINT('',(5.081054762003,-11.29765633914,
    -5.391511306587));
#1824 = CARTESIAN_POINT('',(5.078964637194,-11.46706230152,
    -5.030060679685));
#1825 = CARTESIAN_POINT('',(5.076896010628,-11.62321278753,
    -4.662592097799));
#1826 = CARTESIAN_POINT('',(5.074852129837,-11.76586152664,
    -4.289672948946));
#1827 = CARTESIAN_POINT('',(5.072836193103,-11.89479171324,
    -3.911882324172));
#1828 = CARTESIAN_POINT('',(5.070851348354,-12.0098159942,
    -3.529810885485));
#1829 = CARTESIAN_POINT('',(5.066944028774,-12.21204782407,
    -2.757122672795));
#1830 = CARTESIAN_POINT('',(5.065021737208,-12.2991700493,
    -2.366477745574));
#1831 = CARTESIAN_POINT('',(5.063136941691,-12.37198417538,
    -1.972733828937));
#1832 = CARTESIAN_POINT('',(5.061292677518,-12.43036297123,
    -1.576503098219));
#1833 = CARTESIAN_POINT('',(5.059491889442,-12.47421093656,
    -1.178401906016));
#1834 = CARTESIAN_POINT('',(5.057737430166,-12.50346430714,
    -0.779050660903));
#1835 = CARTESIAN_POINT('',(5.056032058828,-12.51809105999,
    -0.379073706158));
#1836 = CARTESIAN_POINT('',(5.054378439491,-12.5180909186,
    2.09008015092E-02));
#1837 = PCURVE('',#1618,#1838);
#1838 = DEFINITIONAL_REPRESENTATION('',(#1839),#2085);
#1839 = B_SPLINE_CURVE_WITH_KNOTS('',3,(#1840,#1841,#1842,#1843,#1844,
    #1845,#1846,#1847,#1848,#1849,#1850,#1851,#1852,#1853,#1854,#1855,
    #1856,#1857,#1858,#1859,#1860,#1861,#1862,#1863,#1864,#1865,#1866,
    #1867,#1868,#1869,#1870,#1871,#1872,#1873,#1874,#1875,#1876,#1877,
    #1878,#1879,#1880,#1881,#1882,#1883,#1884,#1885,#1886,#1887,#1888,
    #1889,#1890,#1891,#1892,#1893,#1894,#1895,#1896,#1897,#1898,#1899,
    #1900,#1901,#1902,#1903,#1904,#1905,#1906,#1907,#1908,#1909,#1910,
    #1911,#1912,#1913,#1914,#1915,#1916,#1917,#1918,#1919,#1920,#1921,
    #1922,#1923,#1924,#1925,#1926,#1927,#1928,#1929,#1930,#1931,#1932,
    #1933,#1934,#1935,#1936,#1937,#1938,#1939,#1940,#1941,#1942,#1943,
    #1944,#1945,#1946,#1947,#1948,#1949,#1950,#1951,#1952,#1953,#1954,
    #1955,#1956,#1957,#1958,#1959,#1960,#1961,#1962,#1963,#1964,#1965,
    #1966,#1967,#1968,#1969,#1970,#1971,#1972,#1973,#1974,#1975,#1976,
    #1977,#1978,#1979,#1980,#1981,#1982,#1983,#1984,#1985,#1986,#1987,
    #1988,#1989,#1990,#1991,#1992,#1993,#1994,#1995,#1996,#1997,#1998,
    #1999,#2000,#2001,#2002,#2003,#2004,#2005,#2006,#2007,#2008,#2009,
    #2010,#2011,#2012,#2013,#2014,#2015,#2016,#2017,#2018,#2019,#2020,
    #2021,#2022,#2023,#2024,#2025,#2026,#2027,#2028,#2029,#2030,#2031,
    #2032,#2033,#2034,#2035,#2036,#2037,#2038,#2039,#2040,#2041,#2042,
    #2043,#2044,#2045,#2046,#2047,#2048,#2049,#2050,#2051,#2052,#2053,
    #2054,#2055,#2056,#2057,#2058,#2059,#2060,#2061,#2062,#2063,#2064,
    #2065,#2066,#2067,#2068,#2069,#2070,#2071,#2072,#2073,#2074,#2075,
    #2076,#2077,#2078,#2079,#2080,#2081,#2082,#2083,#2084),
  .UNSPECIFIED.,.F.,.F.,(4,1,1,1,1,1,1,1,1,1,1,1,1,1,1,1,1,1,1,1,1,1,1,1
    ,1,1,1,1,1,1,1,1,1,1,1,1,1,1,1,1,1,1,1,1,1,1,1,1,1,1,1,1,1,1,1,1,1,1
    ,1,1,1,1,1,1,1,1,1,1,1,1,1,1,1,1,1,1,1,1,1,1,1,1,1,1,1,1,1,1,1,1,1,1
    ,1,1,1,1,1,1,1,1,1,1,1,1,1,1,1,1,1,1,1,1,1,1,1,1,1,1,1,1,1,1,1,1,1,1
    ,1,1,1,1,1,1,1,1,1,1,1,1,1,1,1,1,1,1,1,1,1,1,1,1,1,1,1,1,1,1,1,1,1,1
    ,1,1,1,1,1,1,1,1,1,1,1,1,1,1,1,1,1,1,1,1,1,1,1,1,1,1,1,1,1,1,1,1,1,1
    ,1,1,1,1,1,1,1,1,1,1,1,1,1,1,1,1,1,1,1,1,1,1,1,1,1,1,1,1,1,1,1,1,1,1
    ,1,1,1,1,1,1,1,1,1,1,1,1,1,1,4),(0.,1.651320413616E-02,
    3.302640827233E-02,4.953961240849E-02,6.605281654466E-02,
    8.256602068082E-02,9.907922481699E-02,0.115592428953,0.132105633089,
    0.148618837225,0.165132041362,0.181645245498,0.198158449634,
    0.21467165377,0.231184857906,0.247698062042,0.264211266179,
    0.280724470315,0.297237674451,0.313750878587,0.330264082723,
    0.346777286859,0.363290490996,0.379803695132,0.396316899268,
    0.412830103404,0.42934330754,0.445856511676,0.462369715813,
    0.478882919949,0.495396124085,0.511909328221,0.528422532357,
    0.544935736493,0.56144894063,0.577962144766,0.594475348902,
    0.610988553038,0.627501757174,0.64401496131,0.660528165447,
    0.677041369583,0.693554573719,0.710067777855,0.726580981991,
    0.743094186127,0.759607390264,0.7761205944,0.792633798536,
    0.809147002672,0.825660206808,0.842173410944,0.858686615081,
    0.875199819217,0.891713023353,0.908226227489,0.924739431625,
    0.941252635761,0.957765839898,0.974279044034,0.99079224817,
    1.007305452306,1.023818656442,1.040331860578,1.056845064715,
    1.073358268851,1.089871472987,1.106384677123,1.122897881259,
    1.139411085395,1.155924289532,1.172437493668,1.188950697804,
    1.20546390194,1.221977106076,1.238490310212,1.255003514349,
    1.271516718485,1.288029922621,1.304543126757,1.321056330893,
    1.337569535029,1.354082739166,1.370595943302,1.387109147438,
    1.403622351574,1.42013555571,1.436648759846,1.453161963983,
    1.469675168119,1.486188372255,1.502701576391,1.519214780527,
    1.535727984663,1.5522411888,1.568754392936,1.585267597072,
    1.601780801208,1.618294005344,1.63480720948,1.651320413616,
    1.667833617753,1.684346821889,1.700860026025,1.717373230161,
    1.733886434297,1.750399638433,1.76691284257,1.783426046706,
    1.799939250842,1.816452454978,1.832965659114,1.84947886325,
    1.865992067387,1.882505271523,1.899018475659,1.915531679795,
    1.932044883931,1.948558088067,1.965071292204,1.98158449634,
    1.998097700476,2.014610904612,2.031124108748,2.047637312884,
    2.064150517021,2.080663721157,2.097176925293,2.113690129429,
    2.130203333565,2.146716537701,2.163229741838,2.179742945974,
    2.19625615011,2.212769354246,2.229282558382,2.245795762518,
    2.262308966655,2.278822170791,2.295335374927,2.311848579063,
    2.328361783199,2.344874987335,2.361388191472,2.377901395608,
    2.394414599744,2.41092780388,2.427441008016,2.443954212152,
    2.460467416289,2.476980620425,2.493493824561,2.510007028697,
    2.526520232833,2.543033436969,2.559546641106,2.576059845242,
    2.592573049378,2.609086253514,2.62559945765,2.642112661786,
    2.658625865923,2.675139070059,2.691652274195,2.708165478331,
    2.724678682467,2.741191886603,2.75770509074,2.774218294876,
    2.790731499012,2.807244703148,2.823757907284,2.84027111142,
    2.856784315557,2.873297519693,2.889810723829,2.906323927965,
    2.922837132101,2.939350336237,2.955863540374,2.97237674451,
    2.988889948646,3.005403152782,3.021916356918,3.038429561054,
    3.054942765191,3.071455969327,3.087969173463,3.104482377599,
    3.120995581735,3.137508785871,3.154021990008,3.170535194144,
    3.18704839828,3.203561602416,3.220074806552,3.236588010688,
    3.253101214825,3.269614418961,3.286127623097,3.302640827233,
    3.319154031369,3.335667235505,3.352180439641,3.368693643778,
    3.385206847914,3.40172005205,3.418233256186,3.434746460322,
    3.451259664458,3.467772868595,3.484286072731,3.500799276867,
    3.517312481003,3.533825685139,3.550338889275,3.566852093412,
    3.583365297548,3.599878501684,3.61639170582,3.632904909956,
    3.649418114092,3.665931318229,3.682444522365,3.698957726501,
    3.715470930637,3.731984134773,3.748497338909,3.765010543046,
    3.781523747182,3.798036951318,3.814550155454,3.83106335959,
    3.847576563726,3.864089767863,3.880602971999,3.897116176135,
    3.913629380271,3.930142584407,3.946655788543,3.96316899268,
    3.979682196816,3.996195400952),.QUASI_UNIFORM_KNOTS.);
#1840 = CARTESIAN_POINT('',(0.,20.955207219975));
#1841 = CARTESIAN_POINT('',(8.67888039676E-03,20.955655525917));
#1842 = CARTESIAN_POINT('',(2.603725622894E-02,20.956542411995));
#1843 = CARTESIAN_POINT('',(5.207614693962E-02,20.957842631418));
#1844 = CARTESIAN_POINT('',(7.811579658894E-02,20.959111797435));
#1845 = CARTESIAN_POINT('',(0.104155811699,20.960349006367));
#1846 = CARTESIAN_POINT('',(0.130195892649,20.961553379981));
#1847 = CARTESIAN_POINT('',(0.156235836122,20.962724068694));
#1848 = CARTESIAN_POINT('',(0.182275516549,20.963860250113));
#1849 = CARTESIAN_POINT('',(0.208314874341,20.96496112891));
#1850 = CARTESIAN_POINT('',(0.23435390332,20.966025936441));
#1851 = CARTESIAN_POINT('',(0.260392639257,20.967053930528));
#1852 = CARTESIAN_POINT('',(0.286431148843,20.96804439529));
#1853 = CARTESIAN_POINT('',(0.312469519121,20.968996641069));
#1854 = CARTESIAN_POINT('',(0.338507847206,20.969910004419));
#1855 = CARTESIAN_POINT('',(0.364546230178,20.970783848186));
#1856 = CARTESIAN_POINT('',(0.390584754998,20.971617561659));
#1857 = CARTESIAN_POINT('',(0.416623488329,20.972410560808));
#1858 = CARTESIAN_POINT('',(0.442662466096,20.973162288598));
#1859 = CARTESIAN_POINT('',(0.468701682762,20.973872215389));
#1860 = CARTESIAN_POINT('',(0.494741079772,20.974539839413));
#1861 = CARTESIAN_POINT('',(0.520780534634,20.97516468735));
#1862 = CARTESIAN_POINT('',(0.546819844512,20.975746314924));
#1863 = CARTESIAN_POINT('',(0.572858726711,20.97628430783));
#1864 = CARTESIAN_POINT('',(0.598896751955,20.976778281833));
#1865 = CARTESIAN_POINT('',(0.624933523855,20.977227886347));
#1866 = CARTESIAN_POINT('',(0.650967934534,20.977632795439));
#1867 = CARTESIAN_POINT('',(0.677001822875,20.977992760571));
#1868 = CARTESIAN_POINT('',(0.703035149955,20.978307529275));
#1869 = CARTESIAN_POINT('',(0.729067789769,20.978576881765));
#1870 = CARTESIAN_POINT('',(0.75509961927,20.978800630932));
#1871 = CARTESIAN_POINT('',(0.781130473394,20.978978622182));
#1872 = CARTESIAN_POINT('',(0.807160179191,20.979110734495));
#1873 = CARTESIAN_POINT('',(0.83318851534,20.979196880276));
#1874 = CARTESIAN_POINT('',(0.859215231758,20.979237005868));
#1875 = CARTESIAN_POINT('',(0.885240030234,20.979231091863));
#1876 = CARTESIAN_POINT('',(0.911262554284,20.979179153774));
#1877 = CARTESIAN_POINT('',(0.937282393446,20.97908124187));
#1878 = CARTESIAN_POINT('',(0.963299055508,20.978937442314));
#1879 = CARTESIAN_POINT('',(0.989311965465,20.978747878325));
#1880 = CARTESIAN_POINT('',(1.015320446364,20.978512709545));
#1881 = CARTESIAN_POINT('',(1.041323702568,20.978232133731));
#1882 = CARTESIAN_POINT('',(1.067320804107,20.977906388066));
#1883 = CARTESIAN_POINT('',(1.093310665926,20.97753574975));
#1884 = CARTESIAN_POINT('',(1.119292014343,20.977120537904));
#1885 = CARTESIAN_POINT('',(1.145263455869,20.976661113404));
#1886 = CARTESIAN_POINT('',(1.171223506865,20.976157878651));
#1887 = CARTESIAN_POINT('',(1.197170060673,20.975611289543));
#1888 = CARTESIAN_POINT('',(1.223100972778,20.975021846422));
#1889 = CARTESIAN_POINT('',(1.249013948459,20.974390096235));
#1890 = CARTESIAN_POINT('',(1.274906583708,20.973716631948));
#1891 = CARTESIAN_POINT('',(1.30077646304,20.973002089267));
#1892 = CARTESIAN_POINT('',(1.326620943063,20.972247152775));
#1893 = CARTESIAN_POINT('',(1.352438206513,20.971452523021));
#1894 = CARTESIAN_POINT('',(1.378226137692,20.970618945684));
#1895 = CARTESIAN_POINT('',(1.403983141009,20.969747185432));
#1896 = CARTESIAN_POINT('',(1.42970909183,20.96883798599));
#1897 = CARTESIAN_POINT('',(1.45540518728,20.96789206357));
#1898 = CARTESIAN_POINT('',(1.481074040446,20.966910093066));
#1899 = CARTESIAN_POINT('',(1.506719639477,20.96589269922));
#1900 = CARTESIAN_POINT('',(1.532347216972,20.964840452784));
#1901 = CARTESIAN_POINT('',(1.557963155649,20.963753866076));
#1902 = CARTESIAN_POINT('',(1.583574363513,20.962633415201));
#1903 = CARTESIAN_POINT('',(1.609190143444,20.961479450937));
#1904 = CARTESIAN_POINT('',(1.634817551345,20.960292403));
#1905 = CARTESIAN_POINT('',(1.660462939129,20.95907272351));
#1906 = CARTESIAN_POINT('',(1.686131551789,20.957820911653));
#1907 = CARTESIAN_POINT('',(1.711827373812,20.956537529879));
#1908 = CARTESIAN_POINT('',(1.737553015636,20.955223218035));
#1909 = CARTESIAN_POINT('',(1.763309666074,20.953878704386));
#1910 = CARTESIAN_POINT('',(1.789097197856,20.952504807839));
#1911 = CARTESIAN_POINT('',(1.814913980304,20.951102455192));
#1912 = CARTESIAN_POINT('',(1.840757976614,20.949672627019));
#1913 = CARTESIAN_POINT('',(1.866627381528,20.948216321705));
#1914 = CARTESIAN_POINT('',(1.892519527,20.946734616357));
#1915 = CARTESIAN_POINT('',(1.918431639575,20.945228625338));
#1916 = CARTESIAN_POINT('',(1.944361440022,20.943699463179));
#1917 = CARTESIAN_POINT('',(1.970306733435,20.942148265505));
#1918 = CARTESIAN_POINT('',(1.996265522592,20.940576180315));
#1919 = CARTESIAN_POINT('',(2.02223598572,20.938984367021));
#1920 = CARTESIAN_POINT('',(2.048216483244,20.937373993945));
#1921 = CARTESIAN_POINT('',(2.07420555103,20.935746236673));
#1922 = CARTESIAN_POINT('',(2.100201891867,20.93410227665));
#1923 = CARTESIAN_POINT('',(2.126204366973,20.932443299866));
#1924 = CARTESIAN_POINT('',(2.15221197447,20.930770496528));
#1925 = CARTESIAN_POINT('',(2.178223870765,20.929085058043));
#1926 = CARTESIAN_POINT('',(2.204239228856,20.927388184859));
#1927 = CARTESIAN_POINT('',(2.230257865485,20.925681043856));
#1928 = CARTESIAN_POINT('',(2.256279222457,20.923964833496));
#1929 = CARTESIAN_POINT('',(2.282302839567,20.922240752177));
#1930 = CARTESIAN_POINT('',(2.308328345914,20.920509997549));
#1931 = CARTESIAN_POINT('',(2.334355443108,20.918773766566));
#1932 = CARTESIAN_POINT('',(2.360383891502,20.917033255371));
#1933 = CARTESIAN_POINT('',(2.386413497157,20.915289659199));
#1934 = CARTESIAN_POINT('',(2.412444096585,20.913544172472));
#1935 = CARTESIAN_POINT('',(2.43847555232,20.911797988203));
#1936 = CARTESIAN_POINT('',(2.464507709007,20.910052300066));
#1937 = CARTESIAN_POINT('',(2.490540497087,20.908308294601));
#1938 = CARTESIAN_POINT('',(2.516573485047,20.906567180283));
#1939 = CARTESIAN_POINT('',(2.542607488198,20.904830079119));
#1940 = CARTESIAN_POINT('',(2.56864368787,20.903098085799));
#1941 = CARTESIAN_POINT('',(2.594680966699,20.901372443837));
#1942 = CARTESIAN_POINT('',(2.620718978927,20.899654339534));
#1943 = CARTESIAN_POINT('',(2.646757324899,20.89794495631));
#1944 = CARTESIAN_POINT('',(2.672795752382,20.896245460484));
#1945 = CARTESIAN_POINT('',(2.698834084105,20.894557005388));
#1946 = CARTESIAN_POINT('',(2.724872219902,20.892880730535));
#1947 = CARTESIAN_POINT('',(2.750910119977,20.891217762077));
#1948 = CARTESIAN_POINT('',(2.776947794179,20.889569212888));
#1949 = CARTESIAN_POINT('',(2.802985290493,20.8879361827));
#1950 = CARTESIAN_POINT('',(2.829022684383,20.886319758196));
#1951 = CARTESIAN_POINT('',(2.855060068396,20.884721013066));
#1952 = CARTESIAN_POINT('',(2.88109754201,20.883141008035));
#1953 = CARTESIAN_POINT('',(2.907135201555,20.881580790859));
#1954 = CARTESIAN_POINT('',(2.933173130099,20.880041396275));
#1955 = CARTESIAN_POINT('',(2.95921138709,20.878523845926));
#1956 = CARTESIAN_POINT('',(2.985249997858,20.877029148236));
#1957 = CARTESIAN_POINT('',(3.011288941992,20.875558298275));
#1958 = CARTESIAN_POINT('',(3.03732814362,20.87411227747));
#1959 = CARTESIAN_POINT('',(3.063367451739,20.872692053721));
#1960 = CARTESIAN_POINT('',(3.089406654246,20.871298579775));
#1961 = CARTESIAN_POINT('',(3.115445362233,20.869932797928));
#1962 = CARTESIAN_POINT('',(3.141483374049,20.868595620879));
#1963 = CARTESIAN_POINT('',(3.167519243961,20.867288001381));
#1964 = CARTESIAN_POINT('',(3.193555627357,20.866010666245));
#1965 = CARTESIAN_POINT('',(3.219593811631,20.864764400315));
#1966 = CARTESIAN_POINT('',(3.245632725048,20.863550081569));
#1967 = CARTESIAN_POINT('',(3.271672090756,20.862368525216));
#1968 = CARTESIAN_POINT('',(3.297711561052,20.861220526494));
#1969 = CARTESIAN_POINT('',(3.323750930131,20.860106850129));
#1970 = CARTESIAN_POINT('',(3.349790059128,20.859028233991));
#1971 = CARTESIAN_POINT('',(3.37582887941,20.857985388846));
#1972 = CARTESIAN_POINT('',(3.401867375934,20.856978999055));
#1973 = CARTESIAN_POINT('',(3.427905576829,20.856009722915));
#1974 = CARTESIAN_POINT('',(3.453943542051,20.855078193002));
#1975 = CARTESIAN_POINT('',(3.479981352859,20.854185016402));
#1976 = CARTESIAN_POINT('',(3.506019101483,20.853330774872));
#1977 = CARTESIAN_POINT('',(3.532056880985,20.852516024917));
#1978 = CARTESIAN_POINT('',(3.558094775135,20.851741297781));
#1979 = CARTESIAN_POINT('',(3.584132848184,20.851007099358));
#1980 = CARTESIAN_POINT('',(3.610171134358,20.850313910007));
#1981 = CARTESIAN_POINT('',(3.63620962708,20.849662184299));
#1982 = CARTESIAN_POINT('',(3.662248267258,20.84905235066));
#1983 = CARTESIAN_POINT('',(3.688286932482,20.848484810926));
#1984 = CARTESIAN_POINT('',(3.714325419674,20.847959939872));
#1985 = CARTESIAN_POINT('',(3.740363448422,20.847478084385));
#1986 = CARTESIAN_POINT('',(3.766400582845,20.847039563542));
#1987 = CARTESIAN_POINT('',(3.792436452757,20.846644664906));
#1988 = CARTESIAN_POINT('',(3.818469852581,20.846293654481));
#1989 = CARTESIAN_POINT('',(3.84450249014,20.845986729273));
#1990 = CARTESIAN_POINT('',(3.870534566659,20.845724084573));
#1991 = CARTESIAN_POINT('',(3.896565784296,20.845505890898));
#1992 = CARTESIAN_POINT('',(3.922595991706,20.845332286886));
#1993 = CARTESIAN_POINT('',(3.948624994031,20.845203381286));
#1994 = CARTESIAN_POINT('',(3.97465258704,20.845119252353));
#1995 = CARTESIAN_POINT('',(4.000678531506,20.845079947798));
#1996 = CARTESIAN_POINT('',(4.026702542672,20.845085484425));
#1997 = CARTESIAN_POINT('',(4.052724278197,20.84513584773));
#1998 = CARTESIAN_POINT('',(4.078743315072,20.845230991273));
#1999 = CARTESIAN_POINT('',(4.104759169006,20.845370836268));
#2000 = CARTESIAN_POINT('',(4.130771150782,20.845555269833));
#2001 = CARTESIAN_POINT('',(4.156778827006,20.845784147652));
#2002 = CARTESIAN_POINT('',(4.182781819949,20.84605729485));
#2003 = CARTESIAN_POINT('',(4.208778871365,20.846374493714));
#2004 = CARTESIAN_POINT('',(4.234768808415,20.84673549043));
#2005 = CARTESIAN_POINT('',(4.260750276581,20.847139992301));
#2006 = CARTESIAN_POINT('',(4.286721799029,20.847587667363));
#2007 = CARTESIAN_POINT('',(4.312681752492,20.84807814337));
#2008 = CARTESIAN_POINT('',(4.338628370599,20.848611007074));
#2009 = CARTESIAN_POINT('',(4.364559745562,20.849185803635));
#2010 = CARTESIAN_POINT('',(4.390473839142,20.849802036386));
#2011 = CARTESIAN_POINT('',(4.416368494498,20.850459166744));
#2012 = CARTESIAN_POINT('',(4.442241478372,20.851156615385));
#2013 = CARTESIAN_POINT('',(4.46809045137,20.85189376094));
#2014 = CARTESIAN_POINT('',(4.493913795795,20.852669966556));
#2015 = CARTESIAN_POINT('',(4.519709111039,20.853484537143));
#2016 = CARTESIAN_POINT('',(4.545475324262,20.854336785211));
#2017 = CARTESIAN_POINT('',(4.571212461136,20.855226034554));
#2018 = CARTESIAN_POINT('',(4.596921795866,20.8561516342));
#2019 = CARTESIAN_POINT('',(4.62260585144,20.857112967984));
#2020 = CARTESIAN_POINT('',(4.648268374489,20.858109462488));
#2021 = CARTESIAN_POINT('',(4.673914219711,20.859140590494));
#2022 = CARTESIAN_POINT('',(4.699549224478,20.860205873141));
#2023 = CARTESIAN_POINT('',(4.72517980144,20.861304866596));
#2024 = CARTESIAN_POINT('',(4.750814717691,20.862437246144));
#2025 = CARTESIAN_POINT('',(4.77646032894,20.863602599881));
#2026 = CARTESIAN_POINT('',(4.802122556221,20.864800503702));
#2027 = CARTESIAN_POINT('',(4.827806282041,20.86603048917));
#2028 = CARTESIAN_POINT('',(4.853515275001,20.867292031737));
#2029 = CARTESIAN_POINT('',(4.879252062358,20.868584536916));
#2030 = CARTESIAN_POINT('',(4.905017895819,20.869907330705));
#2031 = CARTESIAN_POINT('',(4.930812798059,20.871259654695));
#2032 = CARTESIAN_POINT('',(4.956635537535,20.872640658183));
#2033 = CARTESIAN_POINT('',(4.982484050749,20.874049414953));
#2034 = CARTESIAN_POINT('',(5.008356836647,20.875484998721));
#2035 = CARTESIAN_POINT('',(5.034251436648,20.876946400248));
#2036 = CARTESIAN_POINT('',(5.060165626088,20.878432592497));
#2037 = CARTESIAN_POINT('',(5.08609717098,20.879942519189));
#2038 = CARTESIAN_POINT('',(5.112043931275,20.881475101964));
#2039 = CARTESIAN_POINT('',(5.138003888237,20.88302924383));
#2040 = CARTESIAN_POINT('',(5.163975070061,20.884603826396));
#2041 = CARTESIAN_POINT('',(5.189955906434,20.886197733338));
#2042 = CARTESIAN_POINT('',(5.215945167613,20.887809849334));
#2043 = CARTESIAN_POINT('',(5.241941591205,20.88943903889));
#2044 = CARTESIAN_POINT('',(5.267944130383,20.891084163065));
#2045 = CARTESIAN_POINT('',(5.293951871011,20.892744076001));
#2046 = CARTESIAN_POINT('',(5.319964035641,20.894417626642));
#2047 = CARTESIAN_POINT('',(5.345979956443,20.896103658174));
#2048 = CARTESIAN_POINT('',(5.371999065847,20.897801009024));
#2049 = CARTESIAN_POINT('',(5.398020879582,20.899508512669));
#2050 = CARTESIAN_POINT('',(5.424044983821,20.901224997857));
#2051 = CARTESIAN_POINT('',(5.450071032073,20.902949289667));
#2052 = CARTESIAN_POINT('',(5.476098721964,20.90468020882));
#2053 = CARTESIAN_POINT('',(5.502127805588,20.906416573373));
#2054 = CARTESIAN_POINT('',(5.52815806413,20.908157197954));
#2055 = CARTESIAN_POINT('',(5.554189319857,20.909900895471));
#2056 = CARTESIAN_POINT('',(5.580221415276,20.911646476595));
#2057 = CARTESIAN_POINT('',(5.606254217166,20.913392750918));
#2058 = CARTESIAN_POINT('',(5.632287620107,20.915138528029));
#2059 = CARTESIAN_POINT('',(5.658321520749,20.916882616653));
#2060 = CARTESIAN_POINT('',(5.684355848186,20.918623827532));
#2061 = CARTESIAN_POINT('',(5.710390526792,20.920360971755));
#2062 = CARTESIAN_POINT('',(5.736425502294,20.922092863359));
#2063 = CARTESIAN_POINT('',(5.762460726756,20.923818319152));
#2064 = CARTESIAN_POINT('',(5.788496161054,20.92553615967));
#2065 = CARTESIAN_POINT('',(5.814531857871,20.927245215445));
#2066 = CARTESIAN_POINT('',(5.840567693623,20.92894431036));
#2067 = CARTESIAN_POINT('',(5.866603629178,20.930632279427));
#2068 = CARTESIAN_POINT('',(5.892639642493,20.932307965212));
#2069 = CARTESIAN_POINT('',(5.918675732075,20.933970218887));
#2070 = CARTESIAN_POINT('',(5.944711902016,20.935617900087));
#2071 = CARTESIAN_POINT('',(5.97074814921,20.937249876922));
#2072 = CARTESIAN_POINT('',(5.996784460268,20.93886502656));
#2073 = CARTESIAN_POINT('',(6.022820768137,20.940462233371));
#2074 = CARTESIAN_POINT('',(6.048857061548,20.942040396268));
#2075 = CARTESIAN_POINT('',(6.074893479719,20.9435984357));
#2076 = CARTESIAN_POINT('',(6.100929906897,20.945135269484));
#2077 = CARTESIAN_POINT('',(6.126966337323,20.946649835687));
#2078 = CARTESIAN_POINT('',(6.15300276945,20.948141086992));
#2079 = CARTESIAN_POINT('',(6.179039219902,20.949607992382));
#2080 = CARTESIAN_POINT('',(6.205075705608,20.951049536688));
#2081 = CARTESIAN_POINT('',(6.231112232794,20.952464721374));
#2082 = CARTESIAN_POINT('',(6.257148790332,20.953852562526));
#2083 = CARTESIAN_POINT('',(6.274506476407,20.954758920018));
#2084 = CARTESIAN_POINT('',(6.28318530718,20.955207219975));
#2085 = ( GEOMETRIC_REPRESENTATION_CONTEXT(2) 
PARAMETRIC_REPRESENTATION_CONTEXT() REPRESENTATION_CONTEXT('2D SPACE',''
  ) );
#2086 = PCURVE('',#2087,#2092);
#2087 = SPHERICAL_SURFACE('',#2088,13.49999179628);
#2088 = AXIS2_PLACEMENT_3D('',#2089,#2090,#2091);
#2089 = CARTESIAN_POINT('',(1.18396397236E-13,-5.246554900467E-14,
    -7.501211379612E-14));
#2090 = DIRECTION('',(0.,0.,1.));
#2091 = DIRECTION('',(1.,0.,-0.));
#2092 = DEFINITIONAL_REPRESENTATION('',(#2093),#2339);
#2093 = B_SPLINE_CURVE_WITH_KNOTS('',3,(#2094,#2095,#2096,#2097,#2098,
    #2099,#2100,#2101,#2102,#2103,#2104,#2105,#2106,#2107,#2108,#2109,
    #2110,#2111,#2112,#2113,#2114,#2115,#2116,#2117,#2118,#2119,#2120,
    #2121,#2122,#2123,#2124,#2125,#2126,#2127,#2128,#2129,#2130,#2131,
    #2132,#2133,#2134,#2135,#2136,#2137,#2138,#2139,#2140,#2141,#2142,
    #2143,#2144,#2145,#2146,#2147,#2148,#2149,#2150,#2151,#2152,#2153,
    #2154,#2155,#2156,#2157,#2158,#2159,#2160,#2161,#2162,#2163,#2164,
    #2165,#2166,#2167,#2168,#2169,#2170,#2171,#2172,#2173,#2174,#2175,
    #2176,#2177,#2178,#2179,#2180,#2181,#2182,#2183,#2184,#2185,#2186,
    #2187,#2188,#2189,#2190,#2191,#2192,#2193,#2194,#2195,#2196,#2197,
    #2198,#2199,#2200,#2201,#2202,#2203,#2204,#2205,#2206,#2207,#2208,
    #2209,#2210,#2211,#2212,#2213,#2214,#2215,#2216,#2217,#2218,#2219,
    #2220,#2221,#2222,#2223,#2224,#2225,#2226,#2227,#2228,#2229,#2230,
    #2231,#2232,#2233,#2234,#2235,#2236,#2237,#2238,#2239,#2240,#2241,
    #2242,#2243,#2244,#2245,#2246,#2247,#2248,#2249,#2250,#2251,#2252,
    #2253,#2254,#2255,#2256,#2257,#2258,#2259,#2260,#2261,#2262,#2263,
    #2264,#2265,#2266,#2267,#2268,#2269,#2270,#2271,#2272,#2273,#2274,
    #2275,#2276,#2277,#2278,#2279,#2280,#2281,#2282,#2283,#2284,#2285,
    #2286,#2287,#2288,#2289,#2290,#2291,#2292,#2293,#2294,#2295,#2296,
    #2297,#2298,#2299,#2300,#2301,#2302,#2303,#2304,#2305,#2306,#2307,
    #2308,#2309,#2310,#2311,#2312,#2313,#2314,#2315,#2316,#2317,#2318,
    #2319,#2320,#2321,#2322,#2323,#2324,#2325,#2326,#2327,#2328,#2329,
    #2330,#2331,#2332,#2333,#2334,#2335,#2336,#2337,#2338),
  .UNSPECIFIED.,.F.,.F.,(4,1,1,1,1,1,1,1,1,1,1,1,1,1,1,1,1,1,1,1,1,1,1,1
    ,1,1,1,1,1,1,1,1,1,1,1,1,1,1,1,1,1,1,1,1,1,1,1,1,1,1,1,1,1,1,1,1,1,1
    ,1,1,1,1,1,1,1,1,1,1,1,1,1,1,1,1,1,1,1,1,1,1,1,1,1,1,1,1,1,1,1,1,1,1
    ,1,1,1,1,1,1,1,1,1,1,1,1,1,1,1,1,1,1,1,1,1,1,1,1,1,1,1,1,1,1,1,1,1,1
    ,1,1,1,1,1,1,1,1,1,1,1,1,1,1,1,1,1,1,1,1,1,1,1,1,1,1,1,1,1,1,1,1,1,1
    ,1,1,1,1,1,1,1,1,1,1,1,1,1,1,1,1,1,1,1,1,1,1,1,1,1,1,1,1,1,1,1,1,1,1
    ,1,1,1,1,1,1,1,1,1,1,1,1,1,1,1,1,1,1,1,1,1,1,1,1,1,1,1,1,1,1,1,1,1,1
    ,1,1,1,1,1,1,1,1,1,1,1,1,1,1,4),(0.,1.651320413616E-02,
    3.302640827233E-02,4.953961240849E-02,6.605281654466E-02,
    8.256602068082E-02,9.907922481699E-02,0.115592428953,0.132105633089,
    0.148618837225,0.165132041362,0.181645245498,0.198158449634,
    0.21467165377,0.231184857906,0.247698062042,0.264211266179,
    0.280724470315,0.297237674451,0.313750878587,0.330264082723,
    0.346777286859,0.363290490996,0.379803695132,0.396316899268,
    0.412830103404,0.42934330754,0.445856511676,0.462369715813,
    0.478882919949,0.495396124085,0.511909328221,0.528422532357,
    0.544935736493,0.56144894063,0.577962144766,0.594475348902,
    0.610988553038,0.627501757174,0.64401496131,0.660528165447,
    0.677041369583,0.693554573719,0.710067777855,0.726580981991,
    0.743094186127,0.759607390264,0.7761205944,0.792633798536,
    0.809147002672,0.825660206808,0.842173410944,0.858686615081,
    0.875199819217,0.891713023353,0.908226227489,0.924739431625,
    0.941252635761,0.957765839898,0.974279044034,0.99079224817,
    1.007305452306,1.023818656442,1.040331860578,1.056845064715,
    1.073358268851,1.089871472987,1.106384677123,1.122897881259,
    1.139411085395,1.155924289532,1.172437493668,1.188950697804,
    1.20546390194,1.221977106076,1.238490310212,1.255003514349,
    1.271516718485,1.288029922621,1.304543126757,1.321056330893,
    1.337569535029,1.354082739166,1.370595943302,1.387109147438,
    1.403622351574,1.42013555571,1.436648759846,1.453161963983,
    1.469675168119,1.486188372255,1.502701576391,1.519214780527,
    1.535727984663,1.5522411888,1.568754392936,1.585267597072,
    1.601780801208,1.618294005344,1.63480720948,1.651320413616,
    1.667833617753,1.684346821889,1.700860026025,1.717373230161,
    1.733886434297,1.750399638433,1.76691284257,1.783426046706,
    1.799939250842,1.816452454978,1.832965659114,1.84947886325,
    1.865992067387,1.882505271523,1.899018475659,1.915531679795,
    1.932044883931,1.948558088067,1.965071292204,1.98158449634,
    1.998097700476,2.014610904612,2.031124108748,2.047637312884,
    2.064150517021,2.080663721157,2.097176925293,2.113690129429,
    2.130203333565,2.146716537701,2.163229741838,2.179742945974,
    2.19625615011,2.212769354246,2.229282558382,2.245795762518,
    2.262308966655,2.278822170791,2.295335374927,2.311848579063,
    2.328361783199,2.344874987335,2.361388191472,2.377901395608,
    2.394414599744,2.41092780388,2.427441008016,2.443954212152,
    2.460467416289,2.476980620425,2.493493824561,2.510007028697,
    2.526520232833,2.543033436969,2.559546641106,2.576059845242,
    2.592573049378,2.609086253514,2.62559945765,2.642112661786,
    2.658625865923,2.675139070059,2.691652274195,2.708165478331,
    2.724678682467,2.741191886603,2.75770509074,2.774218294876,
    2.790731499012,2.807244703148,2.823757907284,2.84027111142,
    2.856784315557,2.873297519693,2.889810723829,2.906323927965,
    2.922837132101,2.939350336237,2.955863540374,2.97237674451,
    2.988889948646,3.005403152782,3.021916356918,3.038429561054,
    3.054942765191,3.071455969327,3.087969173463,3.104482377599,
    3.120995581735,3.137508785871,3.154021990008,3.170535194144,
    3.18704839828,3.203561602416,3.220074806552,3.236588010688,
    3.253101214825,3.269614418961,3.286127623097,3.302640827233,
    3.319154031369,3.335667235505,3.352180439641,3.368693643778,
    3.385206847914,3.40172005205,3.418233256186,3.434746460322,
    3.451259664458,3.467772868595,3.484286072731,3.500799276867,
    3.517312481003,3.533825685139,3.550338889275,3.566852093412,
    3.583365297548,3.599878501684,3.61639170582,3.632904909956,
    3.649418114092,3.665931318229,3.682444522365,3.698957726501,
    3.715470930637,3.731984134773,3.748497338909,3.765010543046,
    3.781523747182,3.798036951318,3.814550155454,3.83106335959,
    3.847576563726,3.864089767863,3.880602971999,3.897116176135,
    3.913629380271,3.930142584407,3.946655788543,3.96316899268,
    3.979682196816,3.996195400952),.QUASI_UNIFORM_KNOTS.);
#2094 = CARTESIAN_POINT('',(5.096137614593,1.548209078522E-03));
#2095 = CARTESIAN_POINT('',(5.096106863012,9.584219208919E-03));
#2096 = CARTESIAN_POINT('',(5.096124172012,2.565711208771E-02));
#2097 = CARTESIAN_POINT('',(5.096387591091,4.976624574784E-02));
#2098 = CARTESIAN_POINT('',(5.096889226754,7.387231075267E-02));
#2099 = CARTESIAN_POINT('',(5.097630743304,9.797258230303E-02));
#2100 = CARTESIAN_POINT('',(5.098614414907,0.122064393722));
#2101 = CARTESIAN_POINT('',(5.099843226516,0.146145126259));
#2102 = CARTESIAN_POINT('',(5.101320873964,0.170212180781));
#2103 = CARTESIAN_POINT('',(5.103051796218,0.194262954692));
#2104 = CARTESIAN_POINT('',(5.105041204515,0.218294817583));
#2105 = CARTESIAN_POINT('',(5.107295118236,0.242305087084));
#2106 = CARTESIAN_POINT('',(5.109820405318,0.266291004238));
#2107 = CARTESIAN_POINT('',(5.1126248283,0.290249708261));
#2108 = CARTESIAN_POINT('',(5.115717096255,0.314178210398));
#2109 = CARTESIAN_POINT('',(5.119106923168,0.338073366597));
#2110 = CARTESIAN_POINT('',(5.122805093287,0.361931848685));
#2111 = CARTESIAN_POINT('',(5.126823534066,0.385750113739));
#2112 = CARTESIAN_POINT('',(5.131175397348,0.409524371261));
#2113 = CARTESIAN_POINT('',(5.135875149551,0.433250547888));
#2114 = CARTESIAN_POINT('',(5.140938671506,0.456924248859));
#2115 = CARTESIAN_POINT('',(5.146383369289,0.480540717218));
#2116 = CARTESIAN_POINT('',(5.152228295034,0.504094784943));
#2117 = CARTESIAN_POINT('',(5.158494285791,0.52758083549));
#2118 = CARTESIAN_POINT('',(5.165204094722,0.55099270254));
#2119 = CARTESIAN_POINT('',(5.17238261508,0.57432378301));
#2120 = CARTESIAN_POINT('',(5.180056826564,0.597566323748));
#2121 = CARTESIAN_POINT('',(5.188257141652,0.620714618271));
#2122 = CARTESIAN_POINT('',(5.19701629905,0.64376061703));
#2123 = CARTESIAN_POINT('',(5.206370063733,0.666695465085));
#2124 = CARTESIAN_POINT('',(5.21635756128,0.689509492438));
#2125 = CARTESIAN_POINT('',(5.227021575412,0.712192076665));
#2126 = CARTESIAN_POINT('',(5.238408902301,0.734731563011));
#2127 = CARTESIAN_POINT('',(5.250570705489,0.757115104293));
#2128 = CARTESIAN_POINT('',(5.263562920053,0.779328537597));
#2129 = CARTESIAN_POINT('',(5.277446663516,0.801356209283));
#2130 = CARTESIAN_POINT('',(5.292288665251,0.823180788989));
#2131 = CARTESIAN_POINT('',(5.308161719245,0.844783071919));
#2132 = CARTESIAN_POINT('',(5.325145105622,0.866141732958));
#2133 = CARTESIAN_POINT('',(5.343325001815,0.887233078179));
#2134 = CARTESIAN_POINT('',(5.362794844152,0.90803074947));
#2135 = CARTESIAN_POINT('',(5.383655581671,0.92850540934));
#2136 = CARTESIAN_POINT('',(5.406015787475,0.94862439947));
#2137 = CARTESIAN_POINT('',(5.429991555004,0.968351368998));
#2138 = CARTESIAN_POINT('',(5.455706061316,0.987645878435));
#2139 = CARTESIAN_POINT('',(5.483288804264,1.006463070136));
#2140 = CARTESIAN_POINT('',(5.512874273957,1.024753303743));
#2141 = CARTESIAN_POINT('',(5.544599161318,1.042461440624));
#2142 = CARTESIAN_POINT('',(5.578599849485,1.059526986538));
#2143 = CARTESIAN_POINT('',(5.615008051697,1.075883815711));
#2144 = CARTESIAN_POINT('',(5.653945222892,1.091460164221));
#2145 = CARTESIAN_POINT('',(5.695515579061,1.106178860659));
#2146 = CARTESIAN_POINT('',(5.739796956253,1.119957696903));
#2147 = CARTESIAN_POINT('',(5.786832482893,1.13271081979));
#2148 = CARTESIAN_POINT('',(5.836617489391,1.1443493927));
#2149 = CARTESIAN_POINT('',(5.88908927603,1.154783854335));
#2150 = CARTESIAN_POINT('',(5.944118548471,1.16392651578));
#2151 = CARTESIAN_POINT('',(6.001501084407,1.171694057298));
#2152 = CARTESIAN_POINT('',(6.060953692397,1.178010493344));
#2153 = CARTESIAN_POINT('',(6.122115332595,1.182810234806));
#2154 = CARTESIAN_POINT('',(6.184554576201,1.186041050593));
#2155 = CARTESIAN_POINT('',(6.247784037899,1.187666603964));
#2156 = CARTESIAN_POINT('',(6.31127958747,1.187668353524));
#2157 = CARTESIAN_POINT('',(6.374509893273,1.186046295394));
#2158 = CARTESIAN_POINT('',(6.436951145665,1.182818933505));
#2159 = CARTESIAN_POINT('',(6.498115787375,1.178022571678));
#2160 = CARTESIAN_POINT('',(6.557572286972,1.171709411608));
#2161 = CARTESIAN_POINT('',(6.614959438743,1.163945019951));
#2162 = CARTESIAN_POINT('',(6.669993879704,1.154805367383));
#2163 = CARTESIAN_POINT('',(6.722471210078,1.144373768318));
#2164 = CARTESIAN_POINT('',(6.772261983947,1.132737910315));
#2165 = CARTESIAN_POINT('',(6.819303317216,1.11998737659));
#2166 = CARTESIAN_POINT('',(6.863590580905,1.106210970936));
#2167 = CARTESIAN_POINT('',(6.905166828416,1.091494543862));
#2168 = CARTESIAN_POINT('',(6.944109774623,1.075920321677));
#2169 = CARTESIAN_POINT('',(6.980523104684,1.05956571768));
#2170 = CARTESIAN_POINT('',(7.014528509274,1.042502453769));
#2171 = CARTESIAN_POINT('',(7.046257850847,1.024796609669));
#2172 = CARTESIAN_POINT('',(7.075847693405,1.00650859066));
#2173 = CARTESIAN_POINT('',(7.103434997462,0.987693329697));
#2174 = CARTESIAN_POINT('',(7.129154029948,0.968400573596));
#2175 = CARTESIAN_POINT('',(7.153134205517,0.94867523592));
#2176 = CARTESIAN_POINT('',(7.175498677069,0.928557779051));
#2177 = CARTESIAN_POINT('',(7.196363498437,0.908084601502));
#2178 = CARTESIAN_POINT('',(7.215837206483,0.887288427039));
#2179 = CARTESIAN_POINT('',(7.234020737969,0.866198639635));
#2180 = CARTESIAN_POINT('',(7.251007467312,0.844841730901));
#2181 = CARTESIAN_POINT('',(7.266883851837,0.82324108083));
#2182 = CARTESIAN_POINT('',(7.281729123125,0.801418068979));
#2183 = CARTESIAN_POINT('',(7.295616052906,0.779391944375));
#2184 = CARTESIAN_POINT('',(7.308611373036,0.757180053018));
#2185 = CARTESIAN_POINT('',(7.320776210199,0.734798051589));
#2186 = CARTESIAN_POINT('',(7.332166512502,0.712260096529));
#2187 = CARTESIAN_POINT('',(7.342833461336,0.689579013233));
#2188 = CARTESIAN_POINT('',(7.352823861046,0.666766449713));
#2189 = CARTESIAN_POINT('',(7.36218050713,0.643833004956));
#2190 = CARTESIAN_POINT('',(7.370942517051,0.620788378672));
#2191 = CARTESIAN_POINT('',(7.37914567692,0.597641376686));
#2192 = CARTESIAN_POINT('',(7.386822604617,0.574400398605));
#2193 = CARTESIAN_POINT('',(7.394003476679,0.551072076498));
#2194 = CARTESIAN_POINT('',(7.400715914687,0.527662114079));
#2195 = CARTESIAN_POINT('',(7.406984585792,0.504177756088));
#2196 = CARTESIAN_POINT('',(7.412832258526,0.480625092977));
#2197 = CARTESIAN_POINT('',(7.418279732092,0.457009845441));
#2198 = CARTESIAN_POINT('',(7.42334604432,0.433337225935));
#2199 = CARTESIAN_POINT('',(7.428048588137,0.409612041078));
#2200 = CARTESIAN_POINT('',(7.432403236864,0.385838723781));
#2201 = CARTESIAN_POINT('',(7.436424452596,0.362021379105));
#2202 = CARTESIAN_POINT('',(7.440125385652,0.338163821924));
#2203 = CARTESIAN_POINT('',(7.443517963989,0.314269612842));
#2204 = CARTESIAN_POINT('',(7.446612973859,0.290342091123));
#2205 = CARTESIAN_POINT('',(7.449420132269,0.26638440547));
#2206 = CARTESIAN_POINT('',(7.451948151925,0.24239954286));
#2207 = CARTESIAN_POINT('',(7.454204799251,0.218390355811));
#2208 = CARTESIAN_POINT('',(7.456196946009,0.194359588358));
#2209 = CARTESIAN_POINT('',(7.457930615024,0.170309901083));
#2210 = CARTESIAN_POINT('',(7.459411020436,0.146243895261));
#2211 = CARTESIAN_POINT('',(7.460642602884,0.122164137156));
#2212 = CARTESIAN_POINT('',(7.461629059946,9.807317977835E-02));
#2213 = CARTESIAN_POINT('',(7.462373372286,7.397359321043E-02));
#2214 = CARTESIAN_POINT('',(7.462877825213,4.986796315198E-02));
#2215 = CARTESIAN_POINT('',(7.463144028109,2.575900913171E-02));
#2216 = CARTESIAN_POINT('',(7.463172923649,1.649258134636E-03));
#2217 = CARTESIAN_POINT('',(7.462964818002,-2.24576197615E-02));
#2218 = CARTESIAN_POINT('',(7.462519315483,-4.656175013297E-02));
#2219 = CARTESIAN_POINT('',(7.461835285283,-7.066197793786E-02));
#2220 = CARTESIAN_POINT('',(7.460910975231,-9.475494002734E-02));
#2221 = CARTESIAN_POINT('',(7.459743951274,-0.118837974696));
#2222 = CARTESIAN_POINT('',(7.458331090792,-0.14290830905));
#2223 = CARTESIAN_POINT('',(7.456668556724,-0.166963244399));
#2224 = CARTESIAN_POINT('',(7.454751771753,-0.191000074687));
#2225 = CARTESIAN_POINT('',(7.452575387039,-0.215016076669));
#2226 = CARTESIAN_POINT('',(7.450133246581,-0.239008480815));
#2227 = CARTESIAN_POINT('',(7.447418346475,-0.262974447054));
#2228 = CARTESIAN_POINT('',(7.444422788771,-0.286911038582));
#2229 = CARTESIAN_POINT('',(7.441137729468,-0.310815195218));
#2230 = CARTESIAN_POINT('',(7.437553320159,-0.334683705564));
#2231 = CARTESIAN_POINT('',(7.433658642784,-0.358513177768));
#2232 = CARTESIAN_POINT('',(7.429441636913,-0.382300008544));
#2233 = CARTESIAN_POINT('',(7.424889018905,-0.406040350092));
#2234 = CARTESIAN_POINT('',(7.41998619225,-0.429730074514));
#2235 = CARTESIAN_POINT('',(7.414717148298,-0.453364735434));
#2236 = CARTESIAN_POINT('',(7.409064356761,-0.476939525908));
#2237 = CARTESIAN_POINT('',(7.403008644447,-0.500449233885));
#2238 = CARTESIAN_POINT('',(7.396529063875,-0.523888188224));
#2239 = CARTESIAN_POINT('',(7.389602741542,-0.547250218873));
#2240 = CARTESIAN_POINT('',(7.382204739745,-0.57052854041));
#2241 = CARTESIAN_POINT('',(7.374307801424,-0.593715894923));
#2242 = CARTESIAN_POINT('',(7.365882461381,-0.616803697187));
#2243 = CARTESIAN_POINT('',(7.35689556132,-0.639785283617));
#2244 = CARTESIAN_POINT('',(7.347311324508,-0.662651895526));
#2245 = CARTESIAN_POINT('',(7.337090866003,-0.685393506494));
#2246 = CARTESIAN_POINT('',(7.326191659134,-0.707999292849));
#2247 = CARTESIAN_POINT('',(7.314567275405,-0.730457355769));
#2248 = CARTESIAN_POINT('',(7.302167022087,-0.752754627292));
#2249 = CARTESIAN_POINT('',(7.28893558034,-0.774876708427));
#2250 = CARTESIAN_POINT('',(7.274812621524,-0.796807703712));
#2251 = CARTESIAN_POINT('',(7.259732412617,-0.818530035496));
#2252 = CARTESIAN_POINT('',(7.243623429403,-0.840024228984));
#2253 = CARTESIAN_POINT('',(7.226407953109,-0.86126870932));
#2254 = CARTESIAN_POINT('',(7.208001819134,-0.882239444184));
#2255 = CARTESIAN_POINT('',(7.188313795855,-0.902910048168));
#2256 = CARTESIAN_POINT('',(7.167245439438,-0.923251307606));
#2257 = CARTESIAN_POINT('',(7.144691850214,-0.943230141073));
#2258 = CARTESIAN_POINT('',(7.12054115801,-0.962810039605));
#2259 = CARTESIAN_POINT('',(7.094675212711,-0.981950503373));
#2260 = CARTESIAN_POINT('',(7.0669704625,-1.000606736321));
#2261 = CARTESIAN_POINT('',(7.037299451926,-1.018729284569));
#2262 = CARTESIAN_POINT('',(7.005533019112,-1.036263729052));
#2263 = CARTESIAN_POINT('',(6.971543393297,-1.053150439215));
#2264 = CARTESIAN_POINT('',(6.935208369016,-1.069324435453));
#2265 = CARTESIAN_POINT('',(6.89641674717,-1.084715408041));
#2266 = CARTESIAN_POINT('',(6.855075102791,-1.099247965135));
#2267 = CARTESIAN_POINT('',(6.811116128883,-1.112842147938));
#2268 = CARTESIAN_POINT('',(6.764506592615,-1.125414689785));
#2269 = CARTESIAN_POINT('',(6.715260335506,-1.13687955406));
#2270 = CARTESIAN_POINT('',(6.663444942628,-1.147150723316));
#2271 = CARTESIAN_POINT('',(6.609191221893,-1.156144100635));
#2272 = CARTESIAN_POINT('',(6.552699925416,-1.16378003406));
#2273 = CARTESIAN_POINT('',(6.494245111689,-1.16998606138));
#2274 = CARTESIAN_POINT('',(6.434172618482,-1.174699778465));
#2275 = CARTESIAN_POINT('',(6.372892831117,-1.177871584653));
#2276 = CARTESIAN_POINT('',(6.310867352249,-1.179467024282));
#2277 = CARTESIAN_POINT('',(6.248590968509,-1.179468548475));
#2278 = CARTESIAN_POINT('',(6.186564666194,-1.177876146002));
#2279 = CARTESIAN_POINT('',(6.125283402709,-1.17470735691));
#2280 = CARTESIAN_POINT('',(6.065208644374,-1.16999661298));
#2281 = CARTESIAN_POINT('',(6.006750810871,-1.163793486999));
#2282 = CARTESIAN_POINT('',(5.950255813878,-1.156160356855));
#2283 = CARTESIAN_POINT('',(5.8959978417,-1.147169664813));
#2284 = CARTESIAN_POINT('',(5.844177827588,-1.136901060527));
#2285 = CARTESIAN_POINT('',(5.794926714285,-1.125438635757));
#2286 = CARTESIAN_POINT('',(5.748312464379,-1.112868492259));
#2287 = CARTESIAN_POINT('',(5.704348395918,-1.09927650734));
#2288 = CARTESIAN_POINT('',(5.663001237694,-1.084745860893));
#2289 = CARTESIAN_POINT('',(5.624203996347,-1.069356565624));
#2290 = CARTESIAN_POINT('',(5.587863318138,-1.05318400537));
#2291 = CARTESIAN_POINT('',(5.553868173344,-1.036298539118));
#2292 = CARTESIAN_POINT('',(5.522096507942,-1.018765223632));
#2293 = CARTESIAN_POINT('',(5.492420671443,-1.000643781714));
#2294 = CARTESIAN_POINT('',(5.46471167605,-0.981988802228));
#2295 = CARTESIAN_POINT('',(5.43884193073,-0.962849729034));
#2296 = CARTESIAN_POINT('',(5.41468760153,-0.94327119113));
#2297 = CARTESIAN_POINT('',(5.392130453595,-0.923293623273));
#2298 = CARTESIAN_POINT('',(5.371058515028,-0.902953439591));
#2299 = CARTESIAN_POINT('',(5.351366660882,-0.882283442942));
#2300 = CARTESIAN_POINT('',(5.332956793829,-0.86131315722));
#2301 = CARTESIAN_POINT('',(5.315737820314,-0.84006916628));
#2302 = CARTESIAN_POINT('',(5.299625474799,-0.8185754094));
#2303 = CARTESIAN_POINT('',(5.284542029029,-0.796853465114));
#2304 = CARTESIAN_POINT('',(5.270415937981,-0.774922805818));
#2305 = CARTESIAN_POINT('',(5.257181462187,-0.752801015625));
#2306 = CARTESIAN_POINT('',(5.244778270988,-0.730504008422));
#2307 = CARTESIAN_POINT('',(5.233151038863,-0.708046193836));
#2308 = CARTESIAN_POINT('',(5.222249068078,-0.685440655646));
#2309 = CARTESIAN_POINT('',(5.212025914014,-0.662699280302));
#2310 = CARTESIAN_POINT('',(5.202439042383,-0.63983289959));
#2311 = CARTESIAN_POINT('',(5.193449504883,-0.616851396402));
#2312 = CARTESIAN_POINT('',(5.185021636434,-0.59376379969));
#2313 = CARTESIAN_POINT('',(5.177122785369,-0.570578394518));
#2314 = CARTESIAN_POINT('',(5.169723052025,-0.547302771995));
#2315 = CARTESIAN_POINT('',(5.162795068029,-0.523943931401));
#2316 = CARTESIAN_POINT('',(5.156313779024,-0.500508318102));
#2317 = CARTESIAN_POINT('',(5.15025625746,-0.477001891879));
#2318 = CARTESIAN_POINT('',(5.144601529078,-0.453430173596));
#2319 = CARTESIAN_POINT('',(5.139330401728,-0.429798213408));
#2320 = CARTESIAN_POINT('',(5.134425374939,-0.406110873995));
#2321 = CARTESIAN_POINT('',(5.129870462049,-0.382372628722));
#2322 = CARTESIAN_POINT('',(5.125651089736,-0.358587654712));
#2323 = CARTESIAN_POINT('',(5.121753994487,-0.334759858446));
#2324 = CARTESIAN_POINT('',(5.118167133027,-0.310892915419));
#2325 = CARTESIAN_POINT('',(5.114879601362,-0.286990305504));
#2326 = CARTESIAN_POINT('',(5.111881561671,-0.263055337294));
#2327 = CARTESIAN_POINT('',(5.109164180847,-0.239091207805));
#2328 = CARTESIAN_POINT('',(5.106719562105,-0.215100919797));
#2329 = CARTESIAN_POINT('',(5.104540680332,-0.191087211711));
#2330 = CARTESIAN_POINT('',(5.102621379319,-0.167052946224));
#2331 = CARTESIAN_POINT('',(5.100956298055,-0.143000788565));
#2332 = CARTESIAN_POINT('',(5.099540846461,-0.118933317585));
#2333 = CARTESIAN_POINT('',(5.098371176763,-9.485302569467E-02));
#2334 = CARTESIAN_POINT('',(5.097444154884,-7.076234764881E-02));
#2335 = CARTESIAN_POINT('',(5.09675736439,-4.666368185473E-02));
#2336 = CARTESIAN_POINT('',(5.09630900721,-2.255940969009E-02));
#2337 = CARTESIAN_POINT('',(5.096168476181,-6.487754765823E-03));
#2338 = CARTESIAN_POINT('',(5.096137614593,1.548209078522E-03));
#2339 = ( GEOMETRIC_REPRESENTATION_CONTEXT(2) 
PARAMETRIC_REPRESENTATION_CONTEXT() REPRESENTATION_CONTEXT('2D SPACE',''
  ) );
#2340 = ORIENTED_EDGE('',*,*,#1634,.T.);
#2341 = ADVANCED_FACE('',(#2342),#2087,.T.);
#2342 = FACE_BOUND('',#2343,.T.);
#2343 = EDGE_LOOP('',(#2344));
#2344 = ORIENTED_EDGE('',*,*,#1657,.F.);
#2345 = ( GEOMETRIC_REPRESENTATION_CONTEXT(3) 
GLOBAL_UNCERTAINTY_ASSIGNED_CONTEXT((#2349)) 
GLOBAL_UNIT_ASSIGNED_CONTEXT((#2346,#2347,#2348)) REPRESENTATION_CONTEXT
('Context #1','3D Context with UNIT and UNCERTAINTY') );
#2346 = ( LENGTH_UNIT() NAMED_UNIT(*) SI_UNIT(.MILLI.,.METRE.) );
#2347 = ( NAMED_UNIT(*) PLANE_ANGLE_UNIT() SI_UNIT($,.RADIAN.) );
#2348 = ( NAMED_UNIT(*) SI_UNIT($,.STERADIAN.) SOLID_ANGLE_UNIT() );
#2349 = UNCERTAINTY_MEASURE_WITH_UNIT(LENGTH_MEASURE(5.E-05),#2346,
  'distance_accuracy_value','confusion accuracy');
#2350 = PRODUCT_TYPE('part',$,(#7));
ENDSEC;
END-ISO-10303-21;
