ISO-10303-21;
HEADER;
FILE_DESCRIPTION(('Open CASCADE Model'),'2;1');
FILE_NAME('Open CASCADE Shape Model','2026-09-07T10:50:38',('Author'),(
    'Open CASCADE'),'Open CASCADE STEP processor 7.8','Open CASCADE 7.8'
  ,'Unknown');
FILE_SCHEMA(('CONFIG_CONTROL_DESIGN'));
ENDSEC;
DATA;
#1 = APPLICATION_PROTOCOL_DEFINITION('committee draft',
  'automotive_design',1997,#2);
#2 = APPLICATION_CONTEXT(
  'core data for automotive mechanical design processes');
#3 = SHAPE_DEFINITION_REPRESENTATION(#4,#10);
#4 = PRODUCT_DEFINITION_SHAPE('','',#5);
#5 = PRODUCT_DEFINITION('design','',#6,#9);
#6 = PRODUCT_DEFINITION_FORMATION('','',#7);
#7 = PRODUCT('Product 2','Product 2','',(#8));
#8 = MECHANICAL_CONTEXT('',#2,'mechanical');
#9 = PRODUCT_DEFINITION_CONTEXT('part definition',#2,'design');
#10 = ADVANCED_BREP_SHAPE_REPRESENTATION('',(#11,#15),#3117);
#11 = AXIS2_PLACEMENT_3D('',#12,#13,#14);
#12 = CARTESIAN_POINT('',(0.,0.,0.));
#13 = DIRECTION('',(0.,0.,1.));
#14 = DIRECTION('',(1.,0.,-0.));
#15 = MANIFOLD_SOLID_BREP('',#16);
#16 = CLOSED_SHELL('',(#17,#105,#159,#194,#233,#288,#817,#852,#906,#2093
    ,#2465,#2786,#2821,#2853,#2881,#2911,#2966,#2971,#3001,#3056,#3110)
  );
#17 = ADVANCED_FACE('',(#18),#32,.F.);
#18 = FACE_BOUND('',#19,.F.);
#19 = EDGE_LOOP('',(#20,#50,#77,#78));
#20 = ORIENTED_EDGE('',*,*,#21,.T.);
#21 = EDGE_CURVE('',#22,#24,#26,.T.);
#22 = VERTEX_POINT('',#23);
#23 = CARTESIAN_POINT('',(-1.635891169095E-02,-3.477537399196E-03,
    12.504451429585));
#24 = VERTEX_POINT('',#25);
#25 = CARTESIAN_POINT('',(4.043989846186,-2.919519551794E-03,
    12.503590264027));
#26 = SEAM_CURVE('',#27,(#31,#43),.PCURVE_S1.);
#27 = LINE('',#28,#29);
#28 = CARTESIAN_POINT('',(-1.046915185849,-3.619167793044E-03,
    12.504670001837));
#29 = VECTOR('',#30,1.);
#30 = DIRECTION('',(0.999999968065,1.374310097139E-04,
    -2.120915178377E-04));
#31 = PCURVE('',#32,#37);
#32 = CYLINDRICAL_SURFACE('',#33,12.50188975809);
#33 = AXIS2_PLACEMENT_3D('',#34,#35,#36);
#34 = CARTESIAN_POINT('',(-1.049566730649,-3.619167793047E-03,
    2.780524932109E-03));
#35 = DIRECTION('',(0.999999968065,1.374310097139E-04,
    -2.120915178377E-04));
#36 = DIRECTION('',(2.120915198406E-04,0.,0.999999977509));
#37 = DEFINITIONAL_REPRESENTATION('',(#38),#42);
#38 = LINE('',#39,#40);
#39 = CARTESIAN_POINT('',(6.28318530718,-0.));
#40 = VECTOR('',#41,1.);
#41 = DIRECTION('',(0.,1.));
#42 = ( GEOMETRIC_REPRESENTATION_CONTEXT(2) 
PARAMETRIC_REPRESENTATION_CONTEXT() REPRESENTATION_CONTEXT('2D SPACE',''
  ) );
#43 = PCURVE('',#32,#44);
#44 = DEFINITIONAL_REPRESENTATION('',(#45),#49);
#45 = LINE('',#46,#47);
#46 = CARTESIAN_POINT('',(0.,-0.));
#47 = VECTOR('',#48,1.);
#48 = DIRECTION('',(0.,1.));
#49 = ( GEOMETRIC_REPRESENTATION_CONTEXT(2) 
PARAMETRIC_REPRESENTATION_CONTEXT() REPRESENTATION_CONTEXT('2D SPACE',''
  ) );
#50 = ORIENTED_EDGE('',*,*,#51,.F.);
#51 = EDGE_CURVE('',#24,#24,#52,.T.);
#52 = SURFACE_CURVE('',#53,(#58,#65),.PCURVE_S1.);
#53 = CIRCLE('',#54,12.50188975809);
#54 = AXIS2_PLACEMENT_3D('',#55,#56,#57);
#55 = CARTESIAN_POINT('',(4.041338301386,-2.919519551794E-03,
    1.700787122216E-03));
#56 = DIRECTION('',(0.999999968065,1.374310097139E-04,
    -2.120915178377E-04));
#57 = DIRECTION('',(2.120915198406E-04,1.326797702535E-20,0.999999977509
    ));
#58 = PCURVE('',#32,#59);
#59 = DEFINITIONAL_REPRESENTATION('',(#60),#64);
#60 = LINE('',#61,#62);
#61 = CARTESIAN_POINT('',(0.,5.090905194613));
#62 = VECTOR('',#63,1.);
#63 = DIRECTION('',(1.,0.));
#64 = ( GEOMETRIC_REPRESENTATION_CONTEXT(2) 
PARAMETRIC_REPRESENTATION_CONTEXT() REPRESENTATION_CONTEXT('2D SPACE',''
  ) );
#65 = PCURVE('',#66,#71);
#66 = TOROIDAL_SURFACE('',#67,10.501768137859,2.000121620231);
#67 = AXIS2_PLACEMENT_3D('',#68,#69,#70);
#68 = CARTESIAN_POINT('',(4.041338301386,-2.919519551794E-03,
    1.700787122216E-03));
#69 = DIRECTION('',(0.999999968065,1.374310097139E-04,
    -2.120915178377E-04));
#70 = DIRECTION('',(2.120915198406E-04,1.326797702535E-20,0.999999977509
    ));
#71 = DEFINITIONAL_REPRESENTATION('',(#72),#76);
#72 = LINE('',#73,#74);
#73 = CARTESIAN_POINT('',(0.,0.));
#74 = VECTOR('',#75,1.);
#75 = DIRECTION('',(1.,0.));
#76 = ( GEOMETRIC_REPRESENTATION_CONTEXT(2) 
PARAMETRIC_REPRESENTATION_CONTEXT() REPRESENTATION_CONTEXT('2D SPACE',''
  ) );
#77 = ORIENTED_EDGE('',*,*,#21,.F.);
#78 = ORIENTED_EDGE('',*,*,#79,.T.);
#79 = EDGE_CURVE('',#22,#22,#80,.T.);
#80 = SURFACE_CURVE('',#81,(#86,#93),.PCURVE_S1.);
#81 = CIRCLE('',#82,12.50188975809);
#82 = AXIS2_PLACEMENT_3D('',#83,#84,#85);
#83 = CARTESIAN_POINT('',(-1.901045649062E-02,-3.477537399199E-03,
    2.561952680726E-03));
#84 = DIRECTION('',(0.999999968065,1.374310097139E-04,
    -2.120915178377E-04));
#85 = DIRECTION('',(2.120915198406E-04,0.,0.999999977509));
#86 = PCURVE('',#32,#87);
#87 = DEFINITIONAL_REPRESENTATION('',(#88),#92);
#88 = LINE('',#89,#90);
#89 = CARTESIAN_POINT('',(0.,1.030556307069));
#90 = VECTOR('',#91,1.);
#91 = DIRECTION('',(1.,0.));
#92 = ( GEOMETRIC_REPRESENTATION_CONTEXT(2) 
PARAMETRIC_REPRESENTATION_CONTEXT() REPRESENTATION_CONTEXT('2D SPACE',''
  ) );
#93 = PCURVE('',#94,#99);
#94 = PLANE('',#95);
#95 = AXIS2_PLACEMENT_3D('',#96,#97,#98);
#96 = CARTESIAN_POINT('',(-1.901045649062E-02,-3.477537399199E-03,
    2.561952680726E-03));
#97 = DIRECTION('',(0.999999968065,1.374310097139E-04,
    -2.120915178377E-04));
#98 = DIRECTION('',(2.120915198406E-04,0.,0.999999977509));
#99 = DEFINITIONAL_REPRESENTATION('',(#100),#104);
#100 = CIRCLE('',#101,12.50188975809);
#101 = AXIS2_PLACEMENT_2D('',#102,#103);
#102 = CARTESIAN_POINT('',(-3.012954966092E-18,1.478118568434E-20));
#103 = DIRECTION('',(1.,3.308722450212E-24));
#104 = ( GEOMETRIC_REPRESENTATION_CONTEXT(2) 
PARAMETRIC_REPRESENTATION_CONTEXT() REPRESENTATION_CONTEXT('2D SPACE',''
  ) );
#105 = ADVANCED_FACE('',(#106),#66,.F.);
#106 = FACE_BOUND('',#107,.F.);
#107 = EDGE_LOOP('',(#108,#130,#131,#132));
#108 = ORIENTED_EDGE('',*,*,#109,.F.);
#109 = EDGE_CURVE('',#24,#110,#112,.T.);
#110 = VERTEX_POINT('',#111);
#111 = CARTESIAN_POINT('',(6.043687193708,-2.644640817975E-03,
    10.503044479951));
#112 = SEAM_CURVE('',#113,(#118,#124),.PCURVE_S1.);
#113 = CIRCLE('',#114,2.000121620231);
#114 = AXIS2_PLACEMENT_3D('',#115,#116,#117);
#115 = CARTESIAN_POINT('',(4.043565637351,-2.919519551794E-03,
    10.503468688781));
#116 = DIRECTION('',(-1.374310066229E-04,0.999999990556,
    2.914795172343E-08));
#117 = DIRECTION('',(2.120915198406E-04,1.326797702535E-20,
    0.999999977509));
#118 = PCURVE('',#66,#119);
#119 = DEFINITIONAL_REPRESENTATION('',(#120),#123);
#120 = B_SPLINE_CURVE_WITH_KNOTS('',1,(#121,#122),.UNSPECIFIED.,.F.,.F.,
  (2,2),(0.,1.570796326795),.PIECEWISE_BEZIER_KNOTS.);
#121 = CARTESIAN_POINT('',(0.,0.));
#122 = CARTESIAN_POINT('',(0.,1.570796326795));
#123 = ( GEOMETRIC_REPRESENTATION_CONTEXT(2) 
PARAMETRIC_REPRESENTATION_CONTEXT() REPRESENTATION_CONTEXT('2D SPACE',''
  ) );
#124 = PCURVE('',#66,#125);
#125 = DEFINITIONAL_REPRESENTATION('',(#126),#129);
#126 = B_SPLINE_CURVE_WITH_KNOTS('',1,(#127,#128),.UNSPECIFIED.,.F.,.F.,
  (2,2),(0.,1.570796326795),.PIECEWISE_BEZIER_KNOTS.);
#127 = CARTESIAN_POINT('',(6.28318530718,0.));
#128 = CARTESIAN_POINT('',(6.28318530718,1.570796326795));
#129 = ( GEOMETRIC_REPRESENTATION_CONTEXT(2) 
PARAMETRIC_REPRESENTATION_CONTEXT() REPRESENTATION_CONTEXT('2D SPACE',''
  ) );
#130 = ORIENTED_EDGE('',*,*,#51,.T.);
#131 = ORIENTED_EDGE('',*,*,#109,.T.);
#132 = ORIENTED_EDGE('',*,*,#133,.F.);
#133 = EDGE_CURVE('',#110,#110,#134,.T.);
#134 = SURFACE_CURVE('',#135,(#140,#147),.PCURVE_S1.);
#135 = CIRCLE('',#136,10.501768137859);
#136 = AXIS2_PLACEMENT_3D('',#137,#138,#139);
#137 = CARTESIAN_POINT('',(6.041459857743,-2.644640817975E-03,
    1.276578291921E-03));
#138 = DIRECTION('',(0.999999968065,1.374310097139E-04,
    -2.120915178377E-04));
#139 = DIRECTION('',(2.120915198406E-04,1.326797702535E-20,
    0.999999977509));
#140 = PCURVE('',#66,#141);
#141 = DEFINITIONAL_REPRESENTATION('',(#142),#146);
#142 = LINE('',#143,#144);
#143 = CARTESIAN_POINT('',(0.,1.570796326795));
#144 = VECTOR('',#145,1.);
#145 = DIRECTION('',(1.,0.));
#146 = ( GEOMETRIC_REPRESENTATION_CONTEXT(2) 
PARAMETRIC_REPRESENTATION_CONTEXT() REPRESENTATION_CONTEXT('2D SPACE',''
  ) );
#147 = PCURVE('',#148,#153);
#148 = PLANE('',#149);
#149 = AXIS2_PLACEMENT_3D('',#150,#151,#152);
#150 = CARTESIAN_POINT('',(6.041459857743,-2.644640817975E-03,
    1.276578291921E-03));
#151 = DIRECTION('',(0.999999968065,1.374310097139E-04,
    -2.120915178377E-04));
#152 = DIRECTION('',(2.120915198406E-04,0.,0.999999977509));
#153 = DEFINITIONAL_REPRESENTATION('',(#154),#158);
#154 = CIRCLE('',#155,10.501768137859);
#155 = AXIS2_PLACEMENT_2D('',#156,#157);
#156 = CARTESIAN_POINT('',(-4.336808689942E-19,0.));
#157 = DIRECTION('',(1.,0.));
#158 = ( GEOMETRIC_REPRESENTATION_CONTEXT(2) 
PARAMETRIC_REPRESENTATION_CONTEXT() REPRESENTATION_CONTEXT('2D SPACE',''
  ) );
#159 = ADVANCED_FACE('',(#160,#191),#94,.F.);
#160 = FACE_BOUND('',#161,.F.);
#161 = EDGE_LOOP('',(#162));
#162 = ORIENTED_EDGE('',*,*,#163,.T.);
#163 = EDGE_CURVE('',#164,#164,#166,.T.);
#164 = VERTEX_POINT('',#165);
#165 = CARTESIAN_POINT('',(-1.370855307701E-02,-3.477537399193E-03,
    25.000748105283));
#166 = SURFACE_CURVE('',#167,(#172,#179),.PCURVE_S1.);
#167 = CIRCLE('',#168,24.998186714847);
#168 = AXIS2_PLACEMENT_3D('',#169,#170,#171);
#169 = CARTESIAN_POINT('',(-1.901045649062E-02,-3.477537399199E-03,
    2.561952680726E-03));
#170 = DIRECTION('',(0.999999968065,1.374310097139E-04,
    -2.120915178377E-04));
#171 = DIRECTION('',(2.120915198406E-04,0.,0.999999977509));
#172 = PCURVE('',#94,#173);
#173 = DEFINITIONAL_REPRESENTATION('',(#174),#178);
#174 = CIRCLE('',#175,24.998186714847);
#175 = AXIS2_PLACEMENT_2D('',#176,#177);
#176 = CARTESIAN_POINT('',(0.,0.));
#177 = DIRECTION('',(1.,0.));
#178 = ( GEOMETRIC_REPRESENTATION_CONTEXT(2) 
PARAMETRIC_REPRESENTATION_CONTEXT() REPRESENTATION_CONTEXT('2D SPACE',''
  ) );
#179 = PCURVE('',#180,#185);
#180 = CYLINDRICAL_SURFACE('',#181,24.998186714847);
#181 = AXIS2_PLACEMENT_3D('',#182,#183,#184);
#182 = CARTESIAN_POINT('',(-1.901045649062E-02,-3.477537399199E-03,
    2.561952680726E-03));
#183 = DIRECTION('',(0.999999968065,1.374310097139E-04,
    -2.120915178377E-04));
#184 = DIRECTION('',(2.120915198406E-04,0.,0.999999977509));
#185 = DEFINITIONAL_REPRESENTATION('',(#186),#190);
#186 = LINE('',#187,#188);
#187 = CARTESIAN_POINT('',(0.,0.));
#188 = VECTOR('',#189,1.);
#189 = DIRECTION('',(1.,0.));
#190 = ( GEOMETRIC_REPRESENTATION_CONTEXT(2) 
PARAMETRIC_REPRESENTATION_CONTEXT() REPRESENTATION_CONTEXT('2D SPACE',''
  ) );
#191 = FACE_BOUND('',#192,.F.);
#192 = EDGE_LOOP('',(#193));
#193 = ORIENTED_EDGE('',*,*,#79,.F.);
#194 = ADVANCED_FACE('',(#195,#198),#148,.F.);
#195 = FACE_BOUND('',#196,.F.);
#196 = EDGE_LOOP('',(#197));
#197 = ORIENTED_EDGE('',*,*,#133,.T.);
#198 = FACE_BOUND('',#199,.F.);
#199 = EDGE_LOOP('',(#200));
#200 = ORIENTED_EDGE('',*,*,#201,.T.);
#201 = EDGE_CURVE('',#202,#202,#204,.T.);
#202 = VERTEX_POINT('',#203);
#203 = CARTESIAN_POINT('',(6.040393805875,-2.644640817974E-03,
    -5.025099979311));
#204 = SURFACE_CURVE('',#205,(#210,#221),.PCURVE_S1.);
#205 = CIRCLE('',#206,5.026376670653);
#206 = AXIS2_PLACEMENT_3D('',#207,#208,#209);
#207 = CARTESIAN_POINT('',(6.041459857743,-2.644640817975E-03,
    1.276578291921E-03));
#208 = DIRECTION('',(-0.999999968065,-1.374310097139E-04,
    2.120915178377E-04));
#209 = DIRECTION('',(-2.120915198406E-04,0.,-0.999999977509));
#210 = PCURVE('',#148,#211);
#211 = DEFINITIONAL_REPRESENTATION('',(#212),#220);
#212 = ( BOUNDED_CURVE() B_SPLINE_CURVE(2,(#213,#214,#215,#216,#217,#218
,#219),.UNSPECIFIED.,.T.,.F.) B_SPLINE_CURVE_WITH_KNOTS((1,2,2,2,2,1),(
    -2.094395102393,0.,2.094395102393,4.188790204786,6.28318530718,
8.377580409573),.UNSPECIFIED.) CURVE() GEOMETRIC_REPRESENTATION_ITEM() 
RATIONAL_B_SPLINE_CURVE((1.,0.5,1.,0.5,1.,0.5,1.)) REPRESENTATION_ITEM(
  '') );
#213 = CARTESIAN_POINT('',(-5.026376670653,1.612643549147E-18));
#214 = CARTESIAN_POINT('',(-5.026376670653,8.70593977155));
#215 = CARTESIAN_POINT('',(2.513188335327,4.352969885775));
#216 = CARTESIAN_POINT('',(10.052753341307,1.232719913647E-15));
#217 = CARTESIAN_POINT('',(2.513188335327,-4.352969885775));
#218 = CARTESIAN_POINT('',(-5.026376670653,-8.70593977155));
#219 = CARTESIAN_POINT('',(-5.026376670653,1.612643549147E-18));
#220 = ( GEOMETRIC_REPRESENTATION_CONTEXT(2) 
PARAMETRIC_REPRESENTATION_CONTEXT() REPRESENTATION_CONTEXT('2D SPACE',''
  ) );
#221 = PCURVE('',#222,#227);
#222 = CYLINDRICAL_SURFACE('',#223,5.026376670653);
#223 = AXIS2_PLACEMENT_3D('',#224,#225,#226);
#224 = CARTESIAN_POINT('',(26.258935400104,1.338673484094E-04,
    -3.01137691964E-03));
#225 = DIRECTION('',(-0.999999968065,-1.374310097139E-04,
    2.120915178377E-04));
#226 = DIRECTION('',(-2.120915198406E-04,0.,-0.999999977509));
#227 = DEFINITIONAL_REPRESENTATION('',(#228),#232);
#228 = LINE('',#229,#230);
#229 = CARTESIAN_POINT('',(0.,20.217476188007));
#230 = VECTOR('',#231,1.);
#231 = DIRECTION('',(1.,0.));
#232 = ( GEOMETRIC_REPRESENTATION_CONTEXT(2) 
PARAMETRIC_REPRESENTATION_CONTEXT() REPRESENTATION_CONTEXT('2D SPACE',''
  ) );
#233 = ADVANCED_FACE('',(#234),#180,.T.);
#234 = FACE_BOUND('',#235,.T.);
#235 = EDGE_LOOP('',(#236,#265,#286,#287));
#236 = ORIENTED_EDGE('',*,*,#237,.F.);
#237 = EDGE_CURVE('',#238,#238,#240,.T.);
#238 = VERTEX_POINT('',#239);
#239 = CARTESIAN_POINT('',(12.037159372004,-1.821374399431E-03,
    24.998192218332));
#240 = SURFACE_CURVE('',#241,(#246,#253),.PCURVE_S1.);
#241 = CIRCLE('',#242,24.998186714847);
#242 = AXIS2_PLACEMENT_3D('',#243,#244,#245);
#243 = CARTESIAN_POINT('',(12.03185746859,-1.821374399437E-03,
    6.065729611629E-06));
#244 = DIRECTION('',(0.999999968065,1.374310097139E-04,
    -2.120915178377E-04));
#245 = DIRECTION('',(2.120915198406E-04,0.,0.999999977509));
#246 = PCURVE('',#180,#247);
#247 = DEFINITIONAL_REPRESENTATION('',(#248),#252);
#248 = LINE('',#249,#250);
#249 = CARTESIAN_POINT('',(0.,12.050868309926));
#250 = VECTOR('',#251,1.);
#251 = DIRECTION('',(1.,0.));
#252 = ( GEOMETRIC_REPRESENTATION_CONTEXT(2) 
PARAMETRIC_REPRESENTATION_CONTEXT() REPRESENTATION_CONTEXT('2D SPACE',''
  ) );
#253 = PCURVE('',#254,#259);
#254 = PLANE('',#255);
#255 = AXIS2_PLACEMENT_3D('',#256,#257,#258);
#256 = CARTESIAN_POINT('',(12.03185746859,-1.821374399437E-03,
    6.065729611629E-06));
#257 = DIRECTION('',(0.999999968065,1.374310097139E-04,
    -2.120915178377E-04));
#258 = DIRECTION('',(2.120915198406E-04,0.,0.999999977509));
#259 = DEFINITIONAL_REPRESENTATION('',(#260),#264);
#260 = CIRCLE('',#261,24.998186714847);
#261 = AXIS2_PLACEMENT_2D('',#262,#263);
#262 = CARTESIAN_POINT('',(0.,0.));
#263 = DIRECTION('',(1.,0.));
#264 = ( GEOMETRIC_REPRESENTATION_CONTEXT(2) 
PARAMETRIC_REPRESENTATION_CONTEXT() REPRESENTATION_CONTEXT('2D SPACE',''
  ) );
#265 = ORIENTED_EDGE('',*,*,#266,.F.);
#266 = EDGE_CURVE('',#164,#238,#267,.T.);
#267 = SEAM_CURVE('',#268,(#272,#279),.PCURVE_S1.);
#268 = LINE('',#269,#270);
#269 = CARTESIAN_POINT('',(-1.370855307701E-02,-3.477537399193E-03,
    25.000748105283));
#270 = VECTOR('',#271,1.);
#271 = DIRECTION('',(0.999999968065,1.374310097139E-04,
    -2.120915178377E-04));
#272 = PCURVE('',#180,#273);
#273 = DEFINITIONAL_REPRESENTATION('',(#274),#278);
#274 = LINE('',#275,#276);
#275 = CARTESIAN_POINT('',(6.28318530718,-0.));
#276 = VECTOR('',#277,1.);
#277 = DIRECTION('',(0.,1.));
#278 = ( GEOMETRIC_REPRESENTATION_CONTEXT(2) 
PARAMETRIC_REPRESENTATION_CONTEXT() REPRESENTATION_CONTEXT('2D SPACE',''
  ) );
#279 = PCURVE('',#180,#280);
#280 = DEFINITIONAL_REPRESENTATION('',(#281),#285);
#281 = LINE('',#282,#283);
#282 = CARTESIAN_POINT('',(0.,-0.));
#283 = VECTOR('',#284,1.);
#284 = DIRECTION('',(0.,1.));
#285 = ( GEOMETRIC_REPRESENTATION_CONTEXT(2) 
PARAMETRIC_REPRESENTATION_CONTEXT() REPRESENTATION_CONTEXT('2D SPACE',''
  ) );
#286 = ORIENTED_EDGE('',*,*,#163,.T.);
#287 = ORIENTED_EDGE('',*,*,#266,.T.);
#288 = ADVANCED_FACE('',(#289,#343,#580),#222,.F.);
#289 = FACE_BOUND('',#290,.F.);
#290 = EDGE_LOOP('',(#291,#292,#315,#342));
#291 = ORIENTED_EDGE('',*,*,#201,.F.);
#292 = ORIENTED_EDGE('',*,*,#293,.F.);
#293 = EDGE_CURVE('',#294,#202,#296,.T.);
#294 = VERTEX_POINT('',#295);
#295 = CARTESIAN_POINT('',(25.275310679498,-1.166685849559E-06,
    -5.029179542157));
#296 = SEAM_CURVE('',#297,(#301,#308),.PCURVE_S1.);
#297 = LINE('',#298,#299);
#298 = CARTESIAN_POINT('',(25.275310679498,-1.166685849559E-06,
    -5.029179542157));
#299 = VECTOR('',#300,1.);
#300 = DIRECTION('',(-0.999999968065,-1.374310097139E-04,
    2.120915178376E-04));
#301 = PCURVE('',#222,#302);
#302 = DEFINITIONAL_REPRESENTATION('',(#303),#307);
#303 = LINE('',#304,#305);
#304 = CARTESIAN_POINT('',(0.,0.982558700117));
#305 = VECTOR('',#306,1.);
#306 = DIRECTION('',(0.,1.));
#307 = ( GEOMETRIC_REPRESENTATION_CONTEXT(2) 
PARAMETRIC_REPRESENTATION_CONTEXT() REPRESENTATION_CONTEXT('2D SPACE',''
  ) );
#308 = PCURVE('',#222,#309);
#309 = DEFINITIONAL_REPRESENTATION('',(#310),#314);
#310 = LINE('',#311,#312);
#311 = CARTESIAN_POINT('',(6.28318530718,0.982558700117));
#312 = VECTOR('',#313,1.);
#313 = DIRECTION('',(0.,1.));
#314 = ( GEOMETRIC_REPRESENTATION_CONTEXT(2) 
PARAMETRIC_REPRESENTATION_CONTEXT() REPRESENTATION_CONTEXT('2D SPACE',''
  ) );
#315 = ORIENTED_EDGE('',*,*,#316,.T.);
#316 = EDGE_CURVE('',#294,#294,#317,.T.);
#317 = SURFACE_CURVE('',#318,(#323,#330),.PCURVE_S1.);
#318 = CIRCLE('',#319,5.026376670653);
#319 = AXIS2_PLACEMENT_3D('',#320,#321,#322);
#320 = CARTESIAN_POINT('',(25.276376731365,-1.16668585079E-06,
    -2.802984553568E-03));
#321 = DIRECTION('',(-0.999999968065,-1.374310097139E-04,
    2.120915178377E-04));
#322 = DIRECTION('',(-2.120915198406E-04,0.,-0.999999977509));
#323 = PCURVE('',#222,#324);
#324 = DEFINITIONAL_REPRESENTATION('',(#325),#329);
#325 = LINE('',#326,#327);
#326 = CARTESIAN_POINT('',(0.,0.982558700117));
#327 = VECTOR('',#328,1.);
#328 = DIRECTION('',(1.,0.));
#329 = ( GEOMETRIC_REPRESENTATION_CONTEXT(2) 
PARAMETRIC_REPRESENTATION_CONTEXT() REPRESENTATION_CONTEXT('2D SPACE',''
  ) );
#330 = PCURVE('',#331,#336);
#331 = CONICAL_SURFACE('',#332,6.326222686984,0.785398665132);
#332 = AXIS2_PLACEMENT_3D('',#333,#334,#335);
#333 = CARTESIAN_POINT('',(26.576221401832,1.774722853875E-04,
    -3.078670591484E-03));
#334 = DIRECTION('',(0.999999968065,1.374310097139E-04,
    -2.120915178377E-04));
#335 = DIRECTION('',(-2.120915198406E-04,0.,-0.999999977509));
#336 = DEFINITIONAL_REPRESENTATION('',(#337),#341);
#337 = LINE('',#338,#339);
#338 = CARTESIAN_POINT('',(-0.,-1.299844711977));
#339 = VECTOR('',#340,1.);
#340 = DIRECTION('',(-1.,-0.));
#341 = ( GEOMETRIC_REPRESENTATION_CONTEXT(2) 
PARAMETRIC_REPRESENTATION_CONTEXT() REPRESENTATION_CONTEXT('2D SPACE',''
  ) );
#342 = ORIENTED_EDGE('',*,*,#293,.T.);
#343 = FACE_BOUND('',#344,.F.);
#344 = EDGE_LOOP('',(#345));
#345 = ORIENTED_EDGE('',*,*,#346,.T.);
#346 = EDGE_CURVE('',#347,#347,#349,.T.);
#347 = VERTEX_POINT('',#348);
#348 = CARTESIAN_POINT('',(18.996271115439,-4.798860102005,
    1.496427225054));
#349 = SURFACE_CURVE('',#350,(#423,#499),.PCURVE_S1.);
#350 = B_SPLINE_CURVE_WITH_KNOTS('',8,(#351,#352,#353,#354,#355,#356,
    #357,#358,#359,#360,#361,#362,#363,#364,#365,#366,#367,#368,#369,
    #370,#371,#372,#373,#374,#375,#376,#377,#378,#379,#380,#381,#382,
    #383,#384,#385,#386,#387,#388,#389,#390,#391,#392,#393,#394,#395,
    #396,#397,#398,#399,#400,#401,#402,#403,#404,#405,#406,#407,#408,
    #409,#410,#411,#412,#413,#414,#415,#416,#417,#418,#419,#420,#421,
    #422),.UNSPECIFIED.,.T.,.F.,(9,7,7,7,7,7,7,7,7,7,9),(0.,
    1.758627500359E-05,3.456612678892E-05,7.9686215328E-02,
    0.221408039518,0.350346314424,0.51688635269,0.673192371538,
    0.811634631877,0.901365227305,1.),.UNSPECIFIED.);
#351 = CARTESIAN_POINT('',(18.996271115439,-4.798860102005,
    1.496427225054));
#352 = CARTESIAN_POINT('',(18.996289140762,-4.798860098333,
    1.496427225056));
#353 = CARTESIAN_POINT('',(18.996307166084,-4.798860094739,
    1.496427224811));
#354 = CARTESIAN_POINT('',(18.996325191406,-4.798860091222,
    1.496427224319));
#355 = CARTESIAN_POINT('',(18.996343216728,-4.798860087782,
    1.496427223578));
#356 = CARTESIAN_POINT('',(18.99636124205,-4.79886008442,1.49642722259)
  );
#357 = CARTESIAN_POINT('',(18.996379267373,-4.798860081135,
    1.496427221355));
#358 = CARTESIAN_POINT('',(18.996397292695,-4.798860077927,
    1.496427219871));
#359 = CARTESIAN_POINT('',(18.996432721776,-4.798860071775,
    1.496427216469));
#360 = CARTESIAN_POINT('',(18.996450125536,-4.798860068824,
    1.496427214567));
#361 = CARTESIAN_POINT('',(18.996467529295,-4.798860065946,
    1.496427212434));
#362 = CARTESIAN_POINT('',(18.996484933054,-4.79886006314,1.49642721007)
  );
#363 = CARTESIAN_POINT('',(18.996502336813,-4.798860060406,
    1.496427207476));
#364 = CARTESIAN_POINT('',(18.996519740573,-4.798860057743,1.49642720465
    ));
#365 = CARTESIAN_POINT('',(18.996537144332,-4.798860055153,
    1.496427201594));
#366 = CARTESIAN_POINT('',(19.078194725924,-4.798848241103,
    1.496411778229));
#367 = CARTESIAN_POINT('',(19.159821817304,-4.800422347381,
    1.491316395013));
#368 = CARTESIAN_POINT('',(19.241191228971,-4.803581566809,
    1.481143907194));
#369 = CARTESIAN_POINT('',(19.322056380824,-4.808295545823,
    1.465885844357));
#370 = CARTESIAN_POINT('',(19.402162988339,-4.814503956599,
    1.445523997596));
#371 = CARTESIAN_POINT('',(19.481243344988,-4.822116071718,1.42003200999
    ));
#372 = CARTESIAN_POINT('',(19.559010604661,-4.831010338816,
    1.389376967062));
#373 = CARTESIAN_POINT('',(19.77063109065,-4.858868679555,1.289723502598
    ));
#374 = CARTESIAN_POINT('',(19.901922484675,-4.880404304464,
    1.209010335737));
#375 = CARTESIAN_POINT('',(20.026674442404,-4.904809824899,
    1.110980643574));
#376 = CARTESIAN_POINT('',(20.142267205389,-4.930812177635,
    0.995492395557));
#377 = CARTESIAN_POINT('',(20.245787564466,-4.956733264441,
    0.862714931945));
#378 = CARTESIAN_POINT('',(20.333986545901,-4.980559636208,
    0.713198406899));
#379 = CARTESIAN_POINT('',(20.40318250725,-5.000106312683,0.548030027592
    ));
#380 = CARTESIAN_POINT('',(20.490820025412,-5.025372752808,0.20639952633
    ));
#381 = CARTESIAN_POINT('',(20.512265835509,-5.031889079069,
    3.623813402973E-02));
#382 = CARTESIAN_POINT('',(20.511270121701,-5.031648059862,
    -0.136856917644));
#383 = CARTESIAN_POINT('',(20.487394698477,-5.024222841038,
    -0.30802572225));
#384 = CARTESIAN_POINT('',(20.441769937705,-5.01032083181,
    -0.472428473105));
#385 = CARTESIAN_POINT('',(20.377078283799,-4.991649150661,
    -0.625641175383));
#386 = CARTESIAN_POINT('',(20.297626064373,-4.970446008712,
    -0.764058100362));
#387 = CARTESIAN_POINT('',(20.095621233568,-4.92084719861,
    -1.041926147335));
#388 = CARTESIAN_POINT('',(19.96325790868,-4.891176744202,
    -1.175407132033));
#389 = CARTESIAN_POINT('',(19.817450932939,-4.862699923396,
    -1.28565574313));
#390 = CARTESIAN_POINT('',(19.662004758123,-4.837744721073,
    -1.37308163272));
#391 = CARTESIAN_POINT('',(19.499887958712,-4.817970510462,
    -1.438218784696));
#392 = CARTESIAN_POINT('',(19.333505004846,-4.804425208851,
    -1.481521336081));
#393 = CARTESIAN_POINT('',(19.164897098016,-4.797641286005,
    -1.50322922692));
#394 = CARTESIAN_POINT('',(18.837390647383,-4.797686295548,
    -1.503159765577));
#395 = CARTESIAN_POINT('',(18.679095635158,-4.803704361249,
    -1.483972585723));
#396 = CARTESIAN_POINT('',(18.522667753651,-4.815684992595,
    -1.445740268281));
#397 = CARTESIAN_POINT('',(18.369807865688,-4.833210138817,
    -1.388293286282));
#398 = CARTESIAN_POINT('',(18.222468811423,-4.855458870085,
    -1.311292622827));
#399 = CARTESIAN_POINT('',(18.083006633786,-4.881149775817,
    -1.214317814516));
#400 = CARTESIAN_POINT('',(17.954382222324,-4.908499937796,
    -1.096997875467));
#401 = CARTESIAN_POINT('',(17.739564170557,-4.958954411862,
    -0.837241888431));
#402 = CARTESIAN_POINT('',(17.646674160825,-4.983014974289,
    -0.694943751304));
#403 = CARTESIAN_POINT('',(17.569444846465,-5.004985813542,
    -0.534618029521));
#404 = CARTESIAN_POINT('',(17.513395450873,-5.022042183881,
    -0.360221366997));
#405 = CARTESIAN_POINT('',(17.482070957141,-5.031826464022,
    -0.176887258502));
#406 = CARTESIAN_POINT('',(17.477158151487,-5.033283820394,
    9.696541596713E-03));
#407 = CARTESIAN_POINT('',(17.498449837213,-5.026770102323,
    0.193708018475));
#408 = CARTESIAN_POINT('',(17.57301019424,-5.005287197052,0.483872417231
    ));
#409 = CARTESIAN_POINT('',(17.612570002326,-4.994047995259,
    0.595332609488));
#410 = CARTESIAN_POINT('',(17.662087046376,-4.980319384089,0.7030790737)
  );
#411 = CARTESIAN_POINT('',(17.721155047801,-4.964540254962,
    0.806090106523));
#412 = CARTESIAN_POINT('',(17.789243250481,-4.947270922399,
    0.903392596087));
#413 = CARTESIAN_POINT('',(17.865698713309,-4.929162113782,
    0.994075248789));
#414 = CARTESIAN_POINT('',(17.949750276603,-4.910908929782,
    1.077309458585));
#415 = CARTESIAN_POINT('',(18.140284845224,-4.873712307945,
    1.234895388206));
#416 = CARTESIAN_POINT('',(18.248324830236,-4.854849825313,
    1.307677131076));
#417 = CARTESIAN_POINT('',(18.363431996426,-4.837518654001,
    1.369652040719));
#418 = CARTESIAN_POINT('',(18.484270160775,-4.822614379567,1.42000152543
    ));
#419 = CARTESIAN_POINT('',(18.60942748844,-4.810894240505,1.458134356926
    ));
#420 = CARTESIAN_POINT('',(18.737456434942,-4.802895022682,
    1.483669554778));
#421 = CARTESIAN_POINT('',(18.866895260348,-4.798886454387,
    1.496427206747));
#422 = CARTESIAN_POINT('',(18.996271115439,-4.798860102005,
    1.496427225054));
#423 = PCURVE('',#222,#424);
#424 = DEFINITIONAL_REPRESENTATION('',(#425),#498);
#425 = B_SPLINE_CURVE_WITH_KNOTS('',8,(#426,#427,#428,#429,#430,#431,
    #432,#433,#434,#435,#436,#437,#438,#439,#440,#441,#442,#443,#444,
    #445,#446,#447,#448,#449,#450,#451,#452,#453,#454,#455,#456,#457,
    #458,#459,#460,#461,#462,#463,#464,#465,#466,#467,#468,#469,#470,
    #471,#472,#473,#474,#475,#476,#477,#478,#479,#480,#481,#482,#483,
    #484,#485,#486,#487,#488,#489,#490,#491,#492,#493,#494,#495,#496,
    #497),.UNSPECIFIED.,.T.,.F.,(9,7,7,7,7,7,7,7,7,7,9),(0.,
    1.758627500359E-05,3.456612678892E-05,7.9686215328E-02,
    0.221408039518,0.350346314424,0.51688635269,0.673192371538,
    0.811634631877,0.901365227305,1.),.UNSPECIFIED.);
#426 = CARTESIAN_POINT('',(1.873401014221,7.263641601527));
#427 = CARTESIAN_POINT('',(1.873401015018,7.263623576205));
#428 = CARTESIAN_POINT('',(1.873401015764,7.263605550883));
#429 = CARTESIAN_POINT('',(1.873401016458,7.26358752556));
#430 = CARTESIAN_POINT('',(1.873401017101,7.263569500238));
#431 = CARTESIAN_POINT('',(1.873401017692,7.263551474916));
#432 = CARTESIAN_POINT('',(1.873401018231,7.263533449594));
#433 = CARTESIAN_POINT('',(1.873401018718,7.263515424271));
#434 = CARTESIAN_POINT('',(1.873401019575,7.263479995189));
#435 = CARTESIAN_POINT('',(1.873401019948,7.26346259143));
#436 = CARTESIAN_POINT('',(1.873401020273,7.26344518767));
#437 = CARTESIAN_POINT('',(1.87340102055,7.263427783911));
#438 = CARTESIAN_POINT('',(1.873401020778,7.263410380151));
#439 = CARTESIAN_POINT('',(1.873401020959,7.263392976391));
#440 = CARTESIAN_POINT('',(1.873401021091,7.263375572632));
#441 = CARTESIAN_POINT('',(1.873401416155,7.181717988753));
#442 = CARTESIAN_POINT('',(1.872343078599,7.100090035623));
#443 = CARTESIAN_POINT('',(1.87022647889,7.01871890323));
#444 = CARTESIAN_POINT('',(1.86705188719,6.937851165701));
#445 = CARTESIAN_POINT('',(1.862819468661,6.857741095398));
#446 = CARTESIAN_POINT('',(1.857529378688,6.77865638078));
#447 = CARTESIAN_POINT('',(1.851181858104,6.700883844265));
#448 = CARTESIAN_POINT('',(1.830602667664,6.489246057979));
#449 = CARTESIAN_POINT('',(1.813988544464,6.357940509231));
#450 = CARTESIAN_POINT('',(1.793899461274,6.233171118295));
#451 = CARTESIAN_POINT('',(1.770364526194,6.117557438454));
#452 = CARTESIAN_POINT('',(1.743479486811,6.01401248407));
#453 = CARTESIAN_POINT('',(1.71339852251,5.925785068747));
#454 = CARTESIAN_POINT('',(1.68034362573,5.856556765115));
#455 = CARTESIAN_POINT('',(1.612193957055,5.768850265213));
#456 = CARTESIAN_POINT('',(1.578337640292,5.747369261558));
#457 = CARTESIAN_POINT('',(1.543946029795,5.748328230218));
#458 = CARTESIAN_POINT('',(1.509916943562,5.772166328773));
#459 = CARTESIAN_POINT('',(1.477138114391,5.817754309092));
#460 = CARTESIAN_POINT('',(1.446452025462,5.88241089975));
#461 = CARTESIAN_POINT('',(1.418597644905,5.961830845613));
#462 = CARTESIAN_POINT('',(1.36243253001,6.163769920097));
#463 = CARTESIAN_POINT('',(1.335246194747,6.296100852933));
#464 = CARTESIAN_POINT('',(1.312602523662,6.441880527624));
#465 = CARTESIAN_POINT('',(1.294512711174,6.597304725567));
#466 = CARTESIAN_POINT('',(1.280962113165,6.759404987174));
#467 = CARTESIAN_POINT('',(1.27192747814,6.925776890078));
#468 = CARTESIAN_POINT('',(1.267394502528,7.094379255142));
#469 = CARTESIAN_POINT('',(1.267394502528,7.421885716234));
#470 = CARTESIAN_POINT('',(1.271387510296,7.580185619911));
#471 = CARTESIAN_POINT('',(1.279350928982,7.736623251683));
#472 = CARTESIAN_POINT('',(1.291292389962,7.889497727281));
#473 = CARTESIAN_POINT('',(1.307227326239,8.036856165694));
#474 = CARTESIAN_POINT('',(1.327167737247,8.176342437138));
#475 = CARTESIAN_POINT('',(1.351111803338,8.304995485817));
#476 = CARTESIAN_POINT('',(1.403746208671,8.519875556774));
#477 = CARTESIAN_POINT('',(1.432445515372,8.612799050436));
#478 = CARTESIAN_POINT('',(1.46461037548,8.690065385529));
#479 = CARTESIAN_POINT('',(1.499414470581,8.746154111459));
#480 = CARTESIAN_POINT('',(1.535865269362,8.777518832463));
#481 = CARTESIAN_POINT('',(1.572929667832,8.782471411088));
#482 = CARTESIAN_POINT('',(1.609535461733,8.761217858128));
#483 = CARTESIAN_POINT('',(1.667424793205,8.686716092473));
#484 = CARTESIAN_POINT('',(1.689706002571,8.647178380796));
#485 = CARTESIAN_POINT('',(1.711305230501,8.597682303702));
#486 = CARTESIAN_POINT('',(1.732028242265,8.538633983388));
#487 = CARTESIAN_POINT('',(1.751682139274,8.470564046573));
#488 = CARTESIAN_POINT('',(1.770076909262,8.394125330496));
#489 = CARTESIAN_POINT('',(1.787030755991,8.310088914603));
#490 = CARTESIAN_POINT('',(1.819250723906,8.119582662736));
#491 = CARTESIAN_POINT('',(1.834209089912,8.011555525275));
#492 = CARTESIAN_POINT('',(1.847012889836,7.896459125273));
#493 = CARTESIAN_POINT('',(1.857462094379,7.775629595172));
#494 = CARTESIAN_POINT('',(1.865402721227,7.650478748444));
#495 = CARTESIAN_POINT('',(1.870730749842,7.522454122489));
#496 = CARTESIAN_POINT('',(1.873395291451,7.393017456105));
#497 = CARTESIAN_POINT('',(1.873401014221,7.263641601527));
#498 = ( GEOMETRIC_REPRESENTATION_CONTEXT(2) 
PARAMETRIC_REPRESENTATION_CONTEXT() REPRESENTATION_CONTEXT('2D SPACE',''
  ) );
#499 = PCURVE('',#500,#505);
#500 = CYLINDRICAL_SURFACE('',#501,1.499810380444);
#501 = AXIS2_PLACEMENT_3D('',#502,#503,#504);
#502 = CARTESIAN_POINT('',(18.997144729122,-11.1613838835,
    -7.803544217521E-03));
#503 = DIRECTION('',(-1.372836403118E-04,0.999999749275,
    6.946969415159E-04));
#504 = DIRECTION('',(0.,-6.946969480623E-04,0.999999758698));
#505 = DEFINITIONAL_REPRESENTATION('',(#506),#579);
#506 = B_SPLINE_CURVE_WITH_KNOTS('',8,(#507,#508,#509,#510,#511,#512,
    #513,#514,#515,#516,#517,#518,#519,#520,#521,#522,#523,#524,#525,
    #526,#527,#528,#529,#530,#531,#532,#533,#534,#535,#536,#537,#538,
    #539,#540,#541,#542,#543,#544,#545,#546,#547,#548,#549,#550,#551,
    #552,#553,#554,#555,#556,#557,#558,#559,#560,#561,#562,#563,#564,
    #565,#566,#567,#568,#569,#570,#571,#572,#573,#574,#575,#576,#577,
    #578),.UNSPECIFIED.,.F.,.F.,(9,7,7,7,7,7,7,7,7,7,9),(0.,
    1.758627500359E-05,3.456612678892E-05,7.9686215328E-02,
    0.221408039518,0.350346314424,0.51688635269,0.673192371538,
    0.811634631877,0.901365227305,1.),.UNSPECIFIED.);
#507 = CARTESIAN_POINT('',(8.881784197001E-16,6.363567290703));
#508 = CARTESIAN_POINT('',(1.201840098673E-05,6.3635672919));
#509 = CARTESIAN_POINT('',(2.40368019634E-05,6.363567293019));
#510 = CARTESIAN_POINT('',(3.605520293022E-05,6.363567294061));
#511 = CARTESIAN_POINT('',(4.80736038871E-05,6.363567295026));
#512 = CARTESIAN_POINT('',(6.009200483461E-05,6.363567295913));
#513 = CARTESIAN_POINT('',(7.211040577393E-05,6.363567296722));
#514 = CARTESIAN_POINT('',(8.412880670686E-05,6.363567297454));
#515 = CARTESIAN_POINT('',(1.077511809849E-04,6.363567298741));
#516 = CARTESIAN_POINT('',(1.19355154329E-04,6.363567299301));
#517 = CARTESIAN_POINT('',(1.309591276685E-04,6.363567299788));
#518 = CARTESIAN_POINT('',(1.425631010038E-04,6.363567300204));
#519 = CARTESIAN_POINT('',(1.541670743356E-04,6.363567300547));
#520 = CARTESIAN_POINT('',(1.657710476645E-04,6.363567300818));
#521 = CARTESIAN_POINT('',(1.773750209916E-04,6.363567301016));
#522 = CARTESIAN_POINT('',(5.462264688041E-02,6.363567894099));
#523 = CARTESIAN_POINT('',(0.109047994114,6.361979042405));
#524 = CARTESIAN_POINT('',(0.163547959501,6.358801586283));
#525 = CARTESIAN_POINT('',(0.218203516585,6.354065907259));
#526 = CARTESIAN_POINT('',(0.273095509536,6.3478323554));
#527 = CARTESIAN_POINT('',(0.328306489044,6.340191676545));
#528 = CARTESIAN_POINT('',(0.383922548212,6.331265439539));
#529 = CARTESIAN_POINT('',(0.539874666625,6.303308824798));
#530 = CARTESIAN_POINT('',(0.641991376613,6.281699109938));
#531 = CARTESIAN_POINT('',(0.746599906375,6.257208368291));
#532 = CARTESIAN_POINT('',(0.853959576419,6.231109923748));
#533 = CARTESIAN_POINT('',(0.964421046393,6.205082391691));
#534 = CARTESIAN_POINT('',(1.078427367356,6.181140048947));
#535 = CARTESIAN_POINT('',(1.196555094041,6.161469135932));
#536 = CARTESIAN_POINT('',(1.431700933835,6.13595334128));
#537 = CARTESIAN_POINT('',(1.545147228856,6.129315861895));
#538 = CARTESIAN_POINT('',(1.658917885072,6.129436769134));
#539 = CARTESIAN_POINT('',(1.772165304998,6.136746353356));
#540 = CARTESIAN_POINT('',(1.884044032874,6.150540412543));
#541 = CARTESIAN_POINT('',(1.993561355309,6.169114533721));
#542 = CARTESIAN_POINT('',(2.099368122092,6.19023242003));
#543 = CARTESIAN_POINT('',(2.328436595263,6.239665915572));
#544 = CARTESIAN_POINT('',(2.452326063135,6.269261805029));
#545 = CARTESIAN_POINT('',(2.572231604014,6.297682046234));
#546 = CARTESIAN_POINT('',(2.689061572729,6.322597848019));
#547 = CARTESIAN_POINT('',(2.803637602848,6.342349059076));
#548 = CARTESIAN_POINT('',(2.916745934883,6.355887116798));
#549 = CARTESIAN_POINT('',(3.029161196766,6.362679104646));
#550 = CARTESIAN_POINT('',(3.247526441708,6.362679104646));
#551 = CARTESIAN_POINT('',(3.353072743299,6.356696101045));
#552 = CARTESIAN_POINT('',(3.459179343065,6.344763507565));
#553 = CARTESIAN_POINT('',(3.566484499182,6.327299259142));
#554 = CARTESIAN_POINT('',(3.675635605999,6.305124252819));
#555 = CARTESIAN_POINT('',(3.787310445649,6.279519867506));
#556 = CARTESIAN_POINT('',(3.902256397019,6.252268872215));
#557 = CARTESIAN_POINT('',(4.127022791643,6.202024353494));
#558 = CARTESIAN_POINT('',(4.239618503966,6.178075403458));
#559 = CARTESIAN_POINT('',(4.356613781932,6.156226549824));
#560 = CARTESIAN_POINT('',(4.476432418805,6.139299031255));
#561 = CARTESIAN_POINT('',(4.597989785141,6.129646415552));
#562 = CARTESIAN_POINT('',(4.720376131551,6.128319353188));
#563 = CARTESIAN_POINT('',(4.842735788248,6.134957978837));
#564 = CARTESIAN_POINT('',(5.042479025872,6.156632219124));
#565 = CARTESIAN_POINT('',(5.121016630126,6.167943418239));
#566 = CARTESIAN_POINT('',(5.199546245576,6.181740079226));
#567 = CARTESIAN_POINT('',(5.278077573194,6.197582656776));
#568 = CARTESIAN_POINT('',(5.35661806242,6.214910233355));
#569 = CARTESIAN_POINT('',(5.435167989525,6.233071538309));
#570 = CARTESIAN_POINT('',(5.51371771362,6.251371001379));
#571 = CARTESIAN_POINT('',(5.67856916311,6.288650931074));
#572 = CARTESIAN_POINT('',(5.765003186262,6.307549138109));
#573 = CARTESIAN_POINT('',(5.851459128124,6.324907556524));
#574 = CARTESIAN_POINT('',(5.937889692845,6.339830215751));
#575 = CARTESIAN_POINT('',(6.024277080458,6.351559660582));
#576 = CARTESIAN_POINT('',(6.11062041075,6.359559039344));
#577 = CARTESIAN_POINT('',(6.196923830944,6.363558699503));
#578 = CARTESIAN_POINT('',(6.28318530718,6.363567290703));
#579 = ( GEOMETRIC_REPRESENTATION_CONTEXT(2) 
PARAMETRIC_REPRESENTATION_CONTEXT() REPRESENTATION_CONTEXT('2D SPACE',''
  ) );
#580 = FACE_BOUND('',#581,.F.);
#581 = EDGE_LOOP('',(#582));
#582 = ORIENTED_EDGE('',*,*,#583,.F.);
#583 = EDGE_CURVE('',#584,#584,#586,.T.);
#584 = VERTEX_POINT('',#585);
#585 = CARTESIAN_POINT('',(19.002013844751,4.794987997989,1.503277353688
    ));
#586 = SURFACE_CURVE('',#587,(#660,#736),.PCURVE_S1.);
#587 = B_SPLINE_CURVE_WITH_KNOTS('',8,(#588,#589,#590,#591,#592,#593,
    #594,#595,#596,#597,#598,#599,#600,#601,#602,#603,#604,#605,#606,
    #607,#608,#609,#610,#611,#612,#613,#614,#615,#616,#617,#618,#619,
    #620,#621,#622,#623,#624,#625,#626,#627,#628,#629,#630,#631,#632,
    #633,#634,#635,#636,#637,#638,#639,#640,#641,#642,#643,#644,#645,
    #646,#647,#648,#649,#650,#651,#652,#653,#654,#655,#656,#657,#658,
    #659),.UNSPECIFIED.,.T.,.F.,(9,7,7,7,7,7,7,7,7,7,9),(0.,
    1.697992432238E-05,3.456627458212E-05,7.96865768189E-02,
    0.221408529085,0.350346142621,0.516887463465,0.673194700782,
    0.811636256753,0.901366084321,1.),.UNSPECIFIED.);
#588 = CARTESIAN_POINT('',(19.002013844751,4.794987997989,1.503277353688
    ));
#589 = CARTESIAN_POINT('',(19.002031250679,4.794987999223,1.503277353689
    ));
#590 = CARTESIAN_POINT('',(19.002048656606,4.794988000529,1.503277353459
    ));
#591 = CARTESIAN_POINT('',(19.002066062533,4.794988001907,1.503277352998
    ));
#592 = CARTESIAN_POINT('',(19.002083468461,4.794988003358,1.503277352307
    ));
#593 = CARTESIAN_POINT('',(19.002100874388,4.794988004881,1.503277351384
    ));
#594 = CARTESIAN_POINT('',(19.002118280316,4.794988006477,1.503277350231
    ));
#595 = CARTESIAN_POINT('',(19.002135686243,4.794988008145,1.503277348847
    ));
#596 = CARTESIAN_POINT('',(19.002171119738,4.794988011688,1.503277345561
    ));
#597 = CARTESIAN_POINT('',(19.002189147305,4.794988013568,1.503277343641
    ));
#598 = CARTESIAN_POINT('',(19.002207174873,4.794988015526,1.503277341473
    ));
#599 = CARTESIAN_POINT('',(19.00222520244,4.794988017561,1.503277339058)
  );
#600 = CARTESIAN_POINT('',(19.002243230007,4.794988019675,1.503277336396
    ));
#601 = CARTESIAN_POINT('',(19.002261257575,4.794988021866,1.503277333486
    ));
#602 = CARTESIAN_POINT('',(19.002279285142,4.794988024134,1.503277330328
    ));
#603 = CARTESIAN_POINT('',(19.083947680791,4.794998653346,1.503261904097
    ));
#604 = CARTESIAN_POINT('',(19.165584506941,4.796602666845,1.498168093069
    ));
#605 = CARTESIAN_POINT('',(19.246963184662,4.799799191374,1.487998750439
    ));
#606 = CARTESIAN_POINT('',(19.327837113375,4.804557808126,1.472745364035
    ));
#607 = CARTESIAN_POINT('',(19.407951987746,4.81081812662,1.452389641364)
  );
#608 = CARTESIAN_POINT('',(19.487040087003,4.818489356237,1.426905098063
    ));
#609 = CARTESIAN_POINT('',(19.564814564256,4.82744987775,1.39625864635)
  );
#610 = CARTESIAN_POINT('',(19.776453212897,4.855511931243,1.296631863726
    ));
#611 = CARTESIAN_POINT('',(19.907754433632,4.877201195941,1.21593909435)
  );
#612 = CARTESIAN_POINT('',(20.032514753543,4.901783309452,1.117931794112
    ));
#613 = CARTESIAN_POINT('',(20.14811458932,4.927984399754,1.002466012128)
  );
#614 = CARTESIAN_POINT('',(20.251640890636,4.954124959772,0.869708577036
    ));
#615 = CARTESIAN_POINT('',(20.339844784501,4.978189404537,0.720206675917
    ));
#616 = CARTESIAN_POINT('',(20.409044587751,4.997989652915,0.555044380121
    ));
#617 = CARTESIAN_POINT('',(20.496686499216,5.023761325123,0.213404895671
    ));
#618 = CARTESIAN_POINT('',(20.518133188043,5.030521624275,
    4.323100365762E-02));
#619 = CARTESIAN_POINT('',(20.517137253358,5.030520766706,
    -0.129886317414));
#620 = CARTESIAN_POINT('',(20.493260578538,5.02332492556,-0.301087018309
    ));
#621 = CARTESIAN_POINT('',(20.447633563506,5.009635292478,
    -0.465529576095));
#622 = CARTESIAN_POINT('',(20.382938678026,4.99115403818,-0.618786961905
    ));
#623 = CARTESIAN_POINT('',(20.303482436939,4.970116157227,
    -0.757249811704));
#624 = CARTESIAN_POINT('',(20.101466496634,4.92083561751,-1.035220509373
    ));
#625 = CARTESIAN_POINT('',(19.969094545847,4.891306728992,
    -1.168759300466));
#626 = CARTESIAN_POINT('',(19.823277163079,4.862935810274,
    -1.279060973888));
#627 = CARTESIAN_POINT('',(19.667818604728,4.838053027277,-1.36653217293
    ));
#628 = CARTESIAN_POINT('',(19.505687266038,4.818319725224,
    -1.431704741998));
#629 = CARTESIAN_POINT('',(19.339287525215,4.804785397082,
    -1.475031445956));
#630 = CARTESIAN_POINT('',(19.170660607853,4.797983569537,
    -1.496751484505));
#631 = CARTESIAN_POINT('',(18.843113308608,4.79793855438,-1.496682014499
    ));
#632 = CARTESIAN_POINT('',(18.684797027475,4.803888055139,
    -1.477484122133));
#633 = CARTESIAN_POINT('',(18.528346544669,4.815775706829,
    -1.439230496198));
#634 = CARTESIAN_POINT('',(18.375462981523,4.833183565116,-1.38175218473
    ));
#635 = CARTESIAN_POINT('',(18.228099576638,4.855290541953,
    -1.304711244334));
#636 = CARTESIAN_POINT('',(18.088612962864,4.880814960523,
    -1.207688873764));
#637 = CARTESIAN_POINT('',(17.959964872431,4.907973754006,
    -1.090316413753));
#638 = CARTESIAN_POINT('',(17.745107080808,4.958020837281,
    -0.830459235763));
#639 = CARTESIAN_POINT('',(17.652199061815,4.981864119865,
    -0.688110897534));
#640 = CARTESIAN_POINT('',(17.574953820336,5.003596503236,
    -0.527735172158));
#641 = CARTESIAN_POINT('',(17.518892350509,5.020399493418,
    -0.353293167485));
#642 = CARTESIAN_POINT('',(17.487560914481,5.029922946934,-0.16992239194
    ));
#643 = CARTESIAN_POINT('',(17.482646913199,5.031120104765,
    1.668710964318E-02));
#644 = CARTESIAN_POINT('',(17.503943068086,5.024354915226,0.200712962897
    ));
#645 = CARTESIAN_POINT('',(17.578518822173,5.00248387625,0.490883998343)
  );
#646 = CARTESIAN_POINT('',(17.618086664122,4.991097850458,0.602342354389
    ));
#647 = CARTESIAN_POINT('',(17.667613664026,4.97722968256,0.710083064704)
  );
#648 = CARTESIAN_POINT('',(17.726693372436,4.961319674516,0.813084911201
    ));
#649 = CARTESIAN_POINT('',(17.794794813969,4.943929480758,0.910375441182
    ));
#650 = CARTESIAN_POINT('',(17.871264787908,4.925711074868,1.001044152088
    ));
#651 = CARTESIAN_POINT('',(17.955331846872,4.907360671983,1.084263299797
    ));
#652 = CARTESIAN_POINT('',(18.145900369874,4.869987904539,1.241817038401
    ));
#653 = CARTESIAN_POINT('',(18.25395901022,4.851049115465,1.314581596459)
  );
#654 = CARTESIAN_POINT('',(18.369085295831,4.833658964967,1.376540110413
    ));
#655 = CARTESIAN_POINT('',(18.489942615602,4.818714049552,1.42687512647)
  );
#656 = CARTESIAN_POINT('',(18.61511874487,4.806972247199,1.464996401385)
  );
#657 = CARTESIAN_POINT('',(18.743165818151,4.798970622688,1.490523661021
    ));
#658 = CARTESIAN_POINT('',(18.872621855818,4.794978828033,1.503277347318
    ));
#659 = CARTESIAN_POINT('',(19.002013844751,4.794987997989,1.503277353688
    ));
#660 = PCURVE('',#222,#661);
#661 = DEFINITIONAL_REPRESENTATION('',(#662),#735);
#662 = B_SPLINE_CURVE_WITH_KNOTS('',8,(#663,#664,#665,#666,#667,#668,
    #669,#670,#671,#672,#673,#674,#675,#676,#677,#678,#679,#680,#681,
    #682,#683,#684,#685,#686,#687,#688,#689,#690,#691,#692,#693,#694,
    #695,#696,#697,#698,#699,#700,#701,#702,#703,#704,#705,#706,#707,
    #708,#709,#710,#711,#712,#713,#714,#715,#716,#717,#718,#719,#720,
    #721,#722,#723,#724,#725,#726,#727,#728,#729,#730,#731,#732,#733,
    #734),.UNSPECIFIED.,.T.,.F.,(9,7,7,7,7,7,7,7,7,7,9),(0.,
    1.697992432238E-05,3.456627458212E-05,7.96865768189E-02,
    0.221408529085,0.350346142621,0.516887463465,0.673194700782,
    0.811636256753,0.901366084321,1.),.UNSPECIFIED.);
#663 = CARTESIAN_POINT('',(4.40835601395,7.256581833021));
#664 = CARTESIAN_POINT('',(4.40835601318,7.256564427094));
#665 = CARTESIAN_POINT('',(4.408356012458,7.256547021167));
#666 = CARTESIAN_POINT('',(4.408356011784,7.25652961524));
#667 = CARTESIAN_POINT('',(4.408356011159,7.256512209313));
#668 = CARTESIAN_POINT('',(4.408356010581,7.256494803386));
#669 = CARTESIAN_POINT('',(4.408356010052,7.256477397459));
#670 = CARTESIAN_POINT('',(4.408356009571,7.256459991531));
#671 = CARTESIAN_POINT('',(4.408356008689,7.256424558036));
#672 = CARTESIAN_POINT('',(4.408356008292,7.256406530469));
#673 = CARTESIAN_POINT('',(4.408356007947,7.256388502901));
#674 = CARTESIAN_POINT('',(4.408356007653,7.256370475334));
#675 = CARTESIAN_POINT('',(4.408356007411,7.256352447766));
#676 = CARTESIAN_POINT('',(4.408356007221,7.256334420198));
#677 = CARTESIAN_POINT('',(4.408356007082,7.256316392631));
#678 = CARTESIAN_POINT('',(4.40835561196,7.174647994857));
#679 = CARTESIAN_POINT('',(4.409414094463,7.093009870518));
#680 = CARTESIAN_POINT('',(4.411530984321,7.011628599264));
#681 = CARTESIAN_POINT('',(4.414706010453,6.930750784038));
#682 = CARTESIAN_POINT('',(4.418939006054,6.850630734588));
#683 = CARTESIAN_POINT('',(4.424229813781,6.771536178536));
#684 = CARTESIAN_POINT('',(4.430578190926,6.693753972461));
#685 = CARTESIAN_POINT('',(4.451160096023,6.482090343986));
#686 = CARTESIAN_POINT('',(4.467776350102,6.350769032415));
#687 = CARTESIAN_POINT('',(4.487867974145,6.225984551627));
#688 = CARTESIAN_POINT('',(4.511405869344,6.110356629386));
#689 = CARTESIAN_POINT('',(4.538294301268,6.006798582126));
#690 = CARTESIAN_POINT('',(4.568379106538,5.918559675793));
#691 = CARTESIAN_POINT('',(4.601438307959,5.849322124062));
#692 = CARTESIAN_POINT('',(4.669596889173,5.761604214733));
#693 = CARTESIAN_POINT('',(4.703457528997,5.740120505076));
#694 = CARTESIAN_POINT('',(4.73785351902,5.741079723132));
#695 = CARTESIAN_POINT('',(4.77188692045,5.764921075905));
#696 = CARTESIAN_POINT('',(4.804669882484,5.810515093988));
#697 = CARTESIAN_POINT('',(4.835359803349,5.875180012708));
#698 = CARTESIAN_POINT('',(4.863217600319,5.954609775718));
#699 = CARTESIAN_POINT('',(4.919389800237,6.156573527019));
#700 = CARTESIAN_POINT('',(4.946579693346,6.288921209319));
#701 = CARTESIAN_POINT('',(4.969226334253,6.434719092425));
#702 = CARTESIAN_POINT('',(4.987318538838,6.590162513578));
#703 = CARTESIAN_POINT('',(5.000870949631,6.752282736509));
#704 = CARTESIAN_POINT('',(5.009906808547,6.918675142829));
#705 = CARTESIAN_POINT('',(5.014440404992,7.087298382951));
#706 = CARTESIAN_POINT('',(5.014440404992,7.414845692657));
#707 = CARTESIAN_POINT('',(5.010446849577,7.573165222798));
#708 = CARTESIAN_POINT('',(5.002482349606,7.729622180145));
#709 = CARTESIAN_POINT('',(4.990539283516,7.882515536692));
#710 = CARTESIAN_POINT('',(4.97460222568,8.029892238416));
#711 = CARTESIAN_POINT('',(4.954659180851,8.169395917511));
#712 = CARTESIAN_POINT('',(4.930711967478,8.298065165079));
#713 = CARTESIAN_POINT('',(4.878070960205,8.512971185322));
#714 = CARTESIAN_POINT('',(4.849368139805,8.605906115416));
#715 = CARTESIAN_POINT('',(4.817199268797,8.683182382057));
#716 = CARTESIAN_POINT('',(4.782390790508,8.739278538509));
#717 = CARTESIAN_POINT('',(4.745935373724,8.770647556108));
#718 = CARTESIAN_POINT('',(4.70886625054,8.775600970997));
#719 = CARTESIAN_POINT('',(4.672255762833,8.75434477686));
#720 = CARTESIAN_POINT('',(4.614359058171,8.679833573728));
#721 = CARTESIAN_POINT('',(4.592075047161,8.640290937209));
#722 = CARTESIAN_POINT('',(4.570473088458,8.590788695693));
#723 = CARTESIAN_POINT('',(4.549747438181,8.531733021516));
#724 = CARTESIAN_POINT('',(4.530091018311,8.463654606606));
#725 = CARTESIAN_POINT('',(4.5116938668,8.387206368948));
#726 = CARTESIAN_POINT('',(4.494737806948,8.303159484658));
#727 = CARTESIAN_POINT('',(4.462513604165,8.11262951973));
#728 = CARTESIAN_POINT('',(4.447553248273,8.004588918357));
#729 = CARTESIAN_POINT('',(4.434747728092,7.889478167245));
#730 = CARTESIAN_POINT('',(4.424297108894,7.768633580858));
#731 = CARTESIAN_POINT('',(4.416355400966,7.643467154474));
#732 = CARTESIAN_POINT('',(4.411026644157,7.515426599069));
#733 = CARTESIAN_POINT('',(4.408361737504,7.385973819082));
#734 = CARTESIAN_POINT('',(4.40835601395,7.256581833021));
#735 = ( GEOMETRIC_REPRESENTATION_CONTEXT(2) 
PARAMETRIC_REPRESENTATION_CONTEXT() REPRESENTATION_CONTEXT('2D SPACE',''
  ) );
#736 = PCURVE('',#737,#742);
#737 = CYLINDRICAL_SURFACE('',#738,1.49999718843);
#738 = AXIS2_PLACEMENT_3D('',#739,#740,#741);
#739 = CARTESIAN_POINT('',(19.002063981628,4.430823637493,
    3.026819375175E-03));
#740 = DIRECTION('',(-1.372836403118E-04,0.999999749275,
    6.946969415159E-04));
#741 = DIRECTION('',(0.,-6.946969480623E-04,0.999999758698));
#742 = DEFINITIONAL_REPRESENTATION('',(#743),#816);
#743 = B_SPLINE_CURVE_WITH_KNOTS('',8,(#744,#745,#746,#747,#748,#749,
    #750,#751,#752,#753,#754,#755,#756,#757,#758,#759,#760,#761,#762,
    #763,#764,#765,#766,#767,#768,#769,#770,#771,#772,#773,#774,#775,
    #776,#777,#778,#779,#780,#781,#782,#783,#784,#785,#786,#787,#788,
    #789,#790,#791,#792,#793,#794,#795,#796,#797,#798,#799,#800,#801,
    #802,#803,#804,#805,#806,#807,#808,#809,#810,#811,#812,#813,#814,
    #815),.UNSPECIFIED.,.F.,.F.,(9,7,7,7,7,7,7,7,7,7,9),(0.,
    1.697992432238E-05,3.456627458212E-05,7.96865768189E-02,
    0.221408529085,0.350346142621,0.516887463465,0.673194700782,
    0.811636256753,0.901366084321,1.),.UNSPECIFIED.);
#744 = CARTESIAN_POINT('',(0.,0.365206495532));
#745 = CARTESIAN_POINT('',(1.160397339332E-05,0.365206494376));
#746 = CARTESIAN_POINT('',(2.320794677773E-05,0.365206493292));
#747 = CARTESIAN_POINT('',(3.481192015304E-05,0.365206492281));
#748 = CARTESIAN_POINT('',(4.641589351939E-05,0.365206491341));
#749 = CARTESIAN_POINT('',(5.801986687729E-05,0.365206490474));
#750 = CARTESIAN_POINT('',(6.962384022762E-05,0.36520648968));
#751 = CARTESIAN_POINT('',(8.122781357162E-05,0.365206488957));
#752 = CARTESIAN_POINT('',(1.048501879102E-04,0.365206487633));
#753 = CARTESIAN_POINT('',(1.168685889041E-04,0.365206487037));
#754 = CARTESIAN_POINT('',(1.288869898927E-04,0.365206486519));
#755 = CARTESIAN_POINT('',(1.409053908765E-04,0.365206486078));
#756 = CARTESIAN_POINT('',(1.529237918563E-04,0.365206485714));
#757 = CARTESIAN_POINT('',(1.649421928331E-04,0.365206485429));
#758 = CARTESIAN_POINT('',(1.769605938081E-04,0.36520648522));
#759 = CARTESIAN_POINT('',(5.46226611759E-02,0.365205891978));
#760 = CARTESIAN_POINT('',(0.109048011008,0.366795159019));
#761 = CARTESIAN_POINT('',(0.163547979091,0.369973446174));
#762 = CARTESIAN_POINT('',(0.218203540179,0.374710362585));
#763 = CARTESIAN_POINT('',(0.273095534311,0.38094553999));
#764 = CARTESIAN_POINT('',(0.328306507947,0.388588206146));
#765 = CARTESIAN_POINT('',(0.383922555095,0.397516758253));
#766 = CARTESIAN_POINT('',(0.539874291682,0.425480539765));
#767 = CARTESIAN_POINT('',(0.641990525166,0.447095716496));
#768 = CARTESIAN_POINT('',(0.746598605157,0.471592610921));
#769 = CARTESIAN_POINT('',(0.853957947589,0.497697610962));
#770 = CARTESIAN_POINT('',(0.964419298412,0.523731725774));
#771 = CARTESIAN_POINT('',(1.078425789659,0.54768019704));
#772 = CARTESIAN_POINT('',(1.196554059113,0.567356202711));
#773 = CARTESIAN_POINT('',(1.431701199584,0.592878500752));
#774 = CARTESIAN_POINT('',(1.545147841216,0.599517634647));
#775 = CARTESIAN_POINT('',(1.658918841333,0.59939664973));
#776 = CARTESIAN_POINT('',(1.772166543498,0.592085155662));
#777 = CARTESIAN_POINT('',(1.884045428361,0.578287552113));
#778 = CARTESIAN_POINT('',(1.993562699911,0.559708716561));
#779 = CARTESIAN_POINT('',(2.099369080348,0.538585559207));
#780 = CARTESIAN_POINT('',(2.328437014111,0.489139659936));
#781 = CARTESIAN_POINT('',(2.452326615133,0.459536182334));
#782 = CARTESIAN_POINT('',(2.572232118808,0.431108662836));
#783 = CARTESIAN_POINT('',(2.689061953402,0.40618646202));
#784 = CARTESIAN_POINT('',(2.803637816765,0.386430147711));
#785 = CARTESIAN_POINT('',(2.916746004235,0.372888567995));
#786 = CARTESIAN_POINT('',(3.029161182556,0.366094803029));
#787 = CARTESIAN_POINT('',(3.247526464992,0.366094803029));
#788 = CARTESIAN_POINT('',(3.353072706201,0.372079373249));
#789 = CARTESIAN_POINT('',(3.459179201079,0.384015074727));
#790 = CARTESIAN_POINT('',(3.566484241759,0.401483847069));
#791 = CARTESIAN_POINT('',(3.675635261134,0.423664569053));
#792 = CARTESIAN_POINT('',(3.787310082328,0.449275531598));
#793 = CARTESIAN_POINT('',(3.902256127765,0.476533517839));
#794 = CARTESIAN_POINT('',(4.127021670026,0.526790607012));
#795 = CARTESIAN_POINT('',(4.239616911197,0.550745527324));
#796 = CARTESIAN_POINT('',(4.3566120939,0.572599922281));
#797 = CARTESIAN_POINT('',(4.476430870561,0.5895317889));
#798 = CARTESIAN_POINT('',(4.597988532932,0.599186928438));
#799 = CARTESIAN_POINT('',(4.720375269625,0.600514397631));
#800 = CARTESIAN_POINT('',(4.842735365975,0.593874128372));
#801 = CARTESIAN_POINT('',(5.042479027028,0.57219443778));
#802 = CARTESIAN_POINT('',(5.121016631045,0.560880412603));
#803 = CARTESIAN_POINT('',(5.199546245431,0.547080296078));
#804 = CARTESIAN_POINT('',(5.278077572165,0.531233736413));
#805 = CARTESIAN_POINT('',(5.356618061426,0.513901785235));
#806 = CARTESIAN_POINT('',(5.435167989493,0.495735873113));
#807 = CARTESIAN_POINT('',(5.513717714536,0.477431745884));
#808 = CARTESIAN_POINT('',(5.678569150762,0.440142277971));
#809 = CARTESIAN_POINT('',(5.765003183341,0.421239208277));
#810 = CARTESIAN_POINT('',(5.851459136068,0.403876299574));
#811 = CARTESIAN_POINT('',(5.937889703699,0.388949763755));
#812 = CARTESIAN_POINT('',(6.024277085106,0.377217262444));
#813 = CARTESIAN_POINT('',(6.110620404925,0.36921579488));
#814 = CARTESIAN_POINT('',(6.196923819511,0.365215088977));
#815 = CARTESIAN_POINT('',(6.28318530718,0.365206495532));
#816 = ( GEOMETRIC_REPRESENTATION_CONTEXT(2) 
PARAMETRIC_REPRESENTATION_CONTEXT() REPRESENTATION_CONTEXT('2D SPACE',''
  ) );
#817 = ADVANCED_FACE('',(#818,#849),#254,.T.);
#818 = FACE_BOUND('',#819,.T.);
#819 = EDGE_LOOP('',(#820));
#820 = ORIENTED_EDGE('',*,*,#821,.F.);
#821 = EDGE_CURVE('',#822,#822,#824,.T.);
#822 = VERTEX_POINT('',#823);
#823 = CARTESIAN_POINT('',(12.034832451555,-1.821374399437E-03,
    14.026888896172));
#824 = SURFACE_CURVE('',#825,(#830,#837),.PCURVE_S1.);
#825 = CIRCLE('',#826,14.026883145927);
#826 = AXIS2_PLACEMENT_3D('',#827,#828,#829);
#827 = CARTESIAN_POINT('',(12.03185746859,-1.821374399437E-03,
    6.065729611628E-06));
#828 = DIRECTION('',(0.999999968065,1.374310097139E-04,
    -2.120915178377E-04));
#829 = DIRECTION('',(2.120915198406E-04,-2.730357765915E-20,
    0.999999977509));
#830 = PCURVE('',#254,#831);
#831 = DEFINITIONAL_REPRESENTATION('',(#832),#836);
#832 = CIRCLE('',#833,14.026883145927);
#833 = AXIS2_PLACEMENT_2D('',#834,#835);
#834 = CARTESIAN_POINT('',(-1.301042606983E-18,8.673617379884E-19));
#835 = DIRECTION('',(1.,0.));
#836 = ( GEOMETRIC_REPRESENTATION_CONTEXT(2) 
PARAMETRIC_REPRESENTATION_CONTEXT() REPRESENTATION_CONTEXT('2D SPACE',''
  ) );
#837 = PCURVE('',#838,#843);
#838 = TOROIDAL_SURFACE('',#839,14.026883145927,3.000051110127);
#839 = AXIS2_PLACEMENT_3D('',#840,#841,#842);
#840 = CARTESIAN_POINT('',(15.031908482911,-1.409074346179E-03,
    -6.302196639259E-04));
#841 = DIRECTION('',(0.999999968065,1.374310097139E-04,
    -2.120915178377E-04));
#842 = DIRECTION('',(2.120915198406E-04,-2.730357765915E-20,
    0.999999977509));
#843 = DEFINITIONAL_REPRESENTATION('',(#844),#848);
#844 = LINE('',#845,#846);
#845 = CARTESIAN_POINT('',(0.,4.712388980385));
#846 = VECTOR('',#847,1.);
#847 = DIRECTION('',(1.,0.));
#848 = ( GEOMETRIC_REPRESENTATION_CONTEXT(2) 
PARAMETRIC_REPRESENTATION_CONTEXT() REPRESENTATION_CONTEXT('2D SPACE',''
  ) );
#849 = FACE_BOUND('',#850,.T.);
#850 = EDGE_LOOP('',(#851));
#851 = ORIENTED_EDGE('',*,*,#237,.T.);
#852 = ADVANCED_FACE('',(#853),#838,.F.);
#853 = FACE_BOUND('',#854,.F.);
#854 = EDGE_LOOP('',(#855,#877,#904,#905));
#855 = ORIENTED_EDGE('',*,*,#856,.F.);
#856 = EDGE_CURVE('',#857,#822,#859,.T.);
#857 = VERTEX_POINT('',#858);
#858 = CARTESIAN_POINT('',(15.034247180476,-1.409074346179E-03,
    11.026201568127));
#859 = SEAM_CURVE('',#860,(#865,#871),.PCURVE_S1.);
#860 = CIRCLE('',#861,3.000051110127);
#861 = AXIS2_PLACEMENT_3D('',#862,#863,#864);
#862 = CARTESIAN_POINT('',(15.034883465876,-1.409074346179E-03,
    14.026252610779));
#863 = DIRECTION('',(-1.374310066229E-04,0.999999990556,
    2.914795172347E-08));
#864 = DIRECTION('',(2.120915198406E-04,-2.730357765915E-20,
    0.999999977509));
#865 = PCURVE('',#838,#866);
#866 = DEFINITIONAL_REPRESENTATION('',(#867),#870);
#867 = B_SPLINE_CURVE_WITH_KNOTS('',1,(#868,#869),.UNSPECIFIED.,.F.,.F.,
  (2,2),(3.14159265359,4.712388980385),.PIECEWISE_BEZIER_KNOTS.);
#868 = CARTESIAN_POINT('',(0.,3.14159265359));
#869 = CARTESIAN_POINT('',(0.,4.712388980385));
#870 = ( GEOMETRIC_REPRESENTATION_CONTEXT(2) 
PARAMETRIC_REPRESENTATION_CONTEXT() REPRESENTATION_CONTEXT('2D SPACE',''
  ) );
#871 = PCURVE('',#838,#872);
#872 = DEFINITIONAL_REPRESENTATION('',(#873),#876);
#873 = B_SPLINE_CURVE_WITH_KNOTS('',1,(#874,#875),.UNSPECIFIED.,.F.,.F.,
  (2,2),(3.14159265359,4.712388980385),.PIECEWISE_BEZIER_KNOTS.);
#874 = CARTESIAN_POINT('',(6.28318530718,3.14159265359));
#875 = CARTESIAN_POINT('',(6.28318530718,4.712388980385));
#876 = ( GEOMETRIC_REPRESENTATION_CONTEXT(2) 
PARAMETRIC_REPRESENTATION_CONTEXT() REPRESENTATION_CONTEXT('2D SPACE',''
  ) );
#877 = ORIENTED_EDGE('',*,*,#878,.T.);
#878 = EDGE_CURVE('',#857,#857,#879,.T.);
#879 = SURFACE_CURVE('',#880,(#885,#892),.PCURVE_S1.);
#880 = CIRCLE('',#881,11.0268320358);
#881 = AXIS2_PLACEMENT_3D('',#882,#883,#884);
#882 = CARTESIAN_POINT('',(15.031908482911,-1.409074346179E-03,
    -6.302196639259E-04));
#883 = DIRECTION('',(0.999999968065,1.374310097139E-04,
    -2.120915178377E-04));
#884 = DIRECTION('',(2.120915198406E-04,-2.730357765915E-20,
    0.999999977509));
#885 = PCURVE('',#838,#886);
#886 = DEFINITIONAL_REPRESENTATION('',(#887),#891);
#887 = LINE('',#888,#889);
#888 = CARTESIAN_POINT('',(0.,3.14159265359));
#889 = VECTOR('',#890,1.);
#890 = DIRECTION('',(1.,0.));
#891 = ( GEOMETRIC_REPRESENTATION_CONTEXT(2) 
PARAMETRIC_REPRESENTATION_CONTEXT() REPRESENTATION_CONTEXT('2D SPACE',''
  ) );
#892 = PCURVE('',#893,#898);
#893 = CYLINDRICAL_SURFACE('',#894,11.0268320358);
#894 = AXIS2_PLACEMENT_3D('',#895,#896,#897);
#895 = CARTESIAN_POINT('',(11.946711087048,-1.833076153E-03,
    2.412455548812E-05));
#896 = DIRECTION('',(0.999999968065,1.374310097139E-04,
    -2.120915178377E-04));
#897 = DIRECTION('',(2.120915198406E-04,0.,0.999999977509));
#898 = DEFINITIONAL_REPRESENTATION('',(#899),#903);
#899 = LINE('',#900,#901);
#900 = CARTESIAN_POINT('',(0.,3.085197494389));
#901 = VECTOR('',#902,1.);
#902 = DIRECTION('',(1.,0.));
#903 = ( GEOMETRIC_REPRESENTATION_CONTEXT(2) 
PARAMETRIC_REPRESENTATION_CONTEXT() REPRESENTATION_CONTEXT('2D SPACE',''
  ) );
#904 = ORIENTED_EDGE('',*,*,#856,.T.);
#905 = ORIENTED_EDGE('',*,*,#821,.F.);
#906 = ADVANCED_FACE('',(#907,#961,#1499),#893,.T.);
#907 = FACE_BOUND('',#908,.T.);
#908 = EDGE_LOOP('',(#909,#932,#959,#960));
#909 = ORIENTED_EDGE('',*,*,#910,.T.);
#910 = EDGE_CURVE('',#857,#911,#913,.T.);
#911 = VERTEX_POINT('',#912);
#912 = CARTESIAN_POINT('',(25.027509150594,-3.569021942885E-05,
    11.02408208196));
#913 = SEAM_CURVE('',#914,(#918,#925),.PCURVE_S1.);
#914 = LINE('',#915,#916);
#915 = CARTESIAN_POINT('',(11.949049784613,-1.833076152997E-03,
    11.026855912346));
#916 = VECTOR('',#917,1.);
#917 = DIRECTION('',(0.999999968065,1.374310097139E-04,
    -2.120915178377E-04));
#918 = PCURVE('',#893,#919);
#919 = DEFINITIONAL_REPRESENTATION('',(#920),#924);
#920 = LINE('',#921,#922);
#921 = CARTESIAN_POINT('',(6.28318530718,-0.));
#922 = VECTOR('',#923,1.);
#923 = DIRECTION('',(0.,1.));
#924 = ( GEOMETRIC_REPRESENTATION_CONTEXT(2) 
PARAMETRIC_REPRESENTATION_CONTEXT() REPRESENTATION_CONTEXT('2D SPACE',''
  ) );
#925 = PCURVE('',#893,#926);
#926 = DEFINITIONAL_REPRESENTATION('',(#927),#931);
#927 = LINE('',#928,#929);
#928 = CARTESIAN_POINT('',(0.,-0.));
#929 = VECTOR('',#930,1.);
#930 = DIRECTION('',(0.,1.));
#931 = ( GEOMETRIC_REPRESENTATION_CONTEXT(2) 
PARAMETRIC_REPRESENTATION_CONTEXT() REPRESENTATION_CONTEXT('2D SPACE',''
  ) );
#932 = ORIENTED_EDGE('',*,*,#933,.F.);
#933 = EDGE_CURVE('',#911,#911,#934,.T.);
#934 = SURFACE_CURVE('',#935,(#940,#947),.PCURVE_S1.);
#935 = CIRCLE('',#936,11.0268320358);
#936 = AXIS2_PLACEMENT_3D('',#937,#938,#939);
#937 = CARTESIAN_POINT('',(25.025170453029,-3.569021943156E-05,
    -2.749705831004E-03));
#938 = DIRECTION('',(0.999999968065,1.374310097139E-04,
    -2.120915178377E-04));
#939 = DIRECTION('',(2.120915198406E-04,0.,0.999999977509));
#940 = PCURVE('',#893,#941);
#941 = DEFINITIONAL_REPRESENTATION('',(#942),#946);
#942 = LINE('',#943,#944);
#943 = CARTESIAN_POINT('',(0.,13.078459783643));
#944 = VECTOR('',#945,1.);
#945 = DIRECTION('',(1.,0.));
#946 = ( GEOMETRIC_REPRESENTATION_CONTEXT(2) 
PARAMETRIC_REPRESENTATION_CONTEXT() REPRESENTATION_CONTEXT('2D SPACE',''
  ) );
#947 = PCURVE('',#948,#953);
#948 = PLANE('',#949);
#949 = AXIS2_PLACEMENT_3D('',#950,#951,#952);
#950 = CARTESIAN_POINT('',(25.025170453029,-3.569021943156E-05,
    -2.749705831004E-03));
#951 = DIRECTION('',(0.999999968065,1.374310097139E-04,
    -2.120915178377E-04));
#952 = DIRECTION('',(2.120915198406E-04,0.,0.999999977509));
#953 = DEFINITIONAL_REPRESENTATION('',(#954),#958);
#954 = CIRCLE('',#955,11.0268320358);
#955 = AXIS2_PLACEMENT_2D('',#956,#957);
#956 = CARTESIAN_POINT('',(0.,0.));
#957 = DIRECTION('',(1.,0.));
#958 = ( GEOMETRIC_REPRESENTATION_CONTEXT(2) 
PARAMETRIC_REPRESENTATION_CONTEXT() REPRESENTATION_CONTEXT('2D SPACE',''
  ) );
#959 = ORIENTED_EDGE('',*,*,#910,.F.);
#960 = ORIENTED_EDGE('',*,*,#878,.T.);
#961 = FACE_BOUND('',#962,.T.);
#962 = EDGE_LOOP('',(#963,#1170,#1203,#1333,#1473));
#963 = ORIENTED_EDGE('',*,*,#964,.F.);
#964 = EDGE_CURVE('',#965,#967,#969,.T.);
#965 = VERTEX_POINT('',#966);
#966 = CARTESIAN_POINT('',(19.829485713105,10.953885504189,
    1.258111330499));
#967 = VERTEX_POINT('',#968);
#968 = CARTESIAN_POINT('',(19.812741274233,10.954740672945,
    -1.253925061256));
#969 = SURFACE_CURVE('',#970,(#1033,#1099),.PCURVE_S1.);
#970 = B_SPLINE_CURVE_WITH_KNOTS('',7,(#971,#972,#973,#974,#975,#976,
    #977,#978,#979,#980,#981,#982,#983,#984,#985,#986,#987,#988,#989,
    #990,#991,#992,#993,#994,#995,#996,#997,#998,#999,#1000,#1001,#1002,
    #1003,#1004,#1005,#1006,#1007,#1008,#1009,#1010,#1011,#1012,#1013,
    #1014,#1015,#1016,#1017,#1018,#1019,#1020,#1021,#1022,#1023,#1024,
    #1025,#1026,#1027,#1028,#1029,#1030,#1031,#1032),.UNSPECIFIED.,.T.,
  .F.,(8,6,6,6,6,6,6,6,6,6,8),(0.,1.780002742116E-05,3.560005491292E-05,
    8.046625383269E-02,0.221924198277,0.350381086188,0.517077226777,
    0.673655570908,0.81170296875,0.901386611387,1.),.UNSPECIFIED.);
#971 = CARTESIAN_POINT('',(19.001172674743,10.922227885644,
    1.507533929566));
#972 = CARTESIAN_POINT('',(19.001193277678,10.922227887872,
    1.507533929567));
#973 = CARTESIAN_POINT('',(19.001213880612,10.922227890145,
    1.507533929239));
#974 = CARTESIAN_POINT('',(19.001234483547,10.922227892464,1.50753392858
    ));
#975 = CARTESIAN_POINT('',(19.001255086481,10.922227894828,
    1.507533927591));
#976 = CARTESIAN_POINT('',(19.001275689415,10.922227897238,
    1.507533926272));
#977 = CARTESIAN_POINT('',(19.00129629235,10.922227899694,1.507533924623
    ));
#978 = CARTESIAN_POINT('',(19.001337498218,10.922227904696,
    1.507533920665));
#979 = CARTESIAN_POINT('',(19.001358101152,10.922227907243,
    1.507533918355));
#980 = CARTESIAN_POINT('',(19.001378704086,10.922227909836,
    1.507533915716));
#981 = CARTESIAN_POINT('',(19.001399307021,10.922227912474,
    1.507533912746));
#982 = CARTESIAN_POINT('',(19.001419909955,10.922227915157,
    1.507533909447));
#983 = CARTESIAN_POINT('',(19.001440512889,10.922227917887,
    1.507533905817));
#984 = CARTESIAN_POINT('',(19.094556895873,10.922240459095,
    1.507516008764));
#985 = CARTESIAN_POINT('',(19.187644605205,10.923184284789,
    1.500757874874));
#986 = CARTESIAN_POINT('',(19.280375808062,10.92505857664,1.487261371682
    ));
#987 = CARTESIAN_POINT('',(19.372395540069,10.927842510309,
    1.466988649662));
#988 = CARTESIAN_POINT('',(19.46332266449,10.931492548919,1.439867539941
    ));
#989 = CARTESIAN_POINT('',(19.552730228489,10.935939733761,
    1.405796955974));
#990 = CARTESIAN_POINT('',(19.793833393091,10.950139719576,
    1.292288850907));
#991 = CARTESIAN_POINT('',(19.942926163771,10.961452110102,
    1.197286385868));
#992 = CARTESIAN_POINT('',(20.083190456329,10.974499919612,
    1.078751148006));
#993 = CARTESIAN_POINT('',(20.20994456924,10.988323424469,0.936543748269
    ));
#994 = CARTESIAN_POINT('',(20.318018328175,11.001538547935,
    0.771343626845));
#995 = CARTESIAN_POINT('',(20.401654467018,11.012448706827,
    0.584811925371));
#996 = CARTESIAN_POINT('',(20.501745568426,11.025990348655,
    0.194641356238));
#997 = CARTESIAN_POINT('',(20.522418510123,11.029120803488,
    -9.77493992194E-04));
#998 = CARTESIAN_POINT('',(20.51269030375,11.028001329386,
    -0.199432078736));
#999 = CARTESIAN_POINT('',(20.472464182274,11.022416777431,
    -0.392751755946));
#1000 = CARTESIAN_POINT('',(20.404774463541,11.013404822121,
    -0.573342465161));
#1001 = CARTESIAN_POINT('',(20.315730111913,11.002625593282,
    -0.735069716753));
#1002 = CARTESIAN_POINT('',(20.083134409736,10.97718490354,
    -1.055090021577));
#1003 = CARTESIAN_POINT('',(19.927072445204,10.961867279695,
    -1.203771225038));
#1004 = CARTESIAN_POINT('',(19.754951011872,10.947793689901,
    -1.320646202176));
#1005 = CARTESIAN_POINT('',(19.57245593542,10.93645985624,
    -1.407007821458));
#1006 = CARTESIAN_POINT('',(19.383856286341,10.928647237902,
    -1.464014397698));
#1007 = CARTESIAN_POINT('',(19.192355033093,10.924728340578,
    -1.492500034329));
#1008 = CARTESIAN_POINT('',(18.820976984277,10.924677301716,
    -1.492421268192));
#1009 = CARTESIAN_POINT('',(18.641138601622,10.928086965904,
    -1.467215837101));
#1010 = CARTESIAN_POINT('',(18.463734597592,10.934930829332,
    -1.416854937171));
#1011 = CARTESIAN_POINT('',(18.291425206695,10.944917120658,
    -1.340727721914));
#1012 = CARTESIAN_POINT('',(18.127557856109,10.957441198174,
    -1.237882201987));
#1013 = CARTESIAN_POINT('',(17.97661972846,10.971380956158,
    -1.107251789005));
#1014 = CARTESIAN_POINT('',(17.729321896811,10.997124889768,
    -0.80817723724));
#1015 = CARTESIAN_POINT('',(17.624782129481,11.009384736096,
    -0.641400521506));
#1016 = CARTESIAN_POINT('',(17.543206105797,11.020129552893,
    -0.451395287965));
#1017 = CARTESIAN_POINT('',(17.492516049711,11.027220870106,
    -0.245035686447));
#1018 = CARTESIAN_POINT('',(17.476915905973,11.029159076452,
    -3.131265164648E-02));
#1019 = CARTESIAN_POINT('',(17.4967804883,11.026099626413,0.180216705852
    ));
#1020 = CARTESIAN_POINT('',(17.5818799976,11.014629046963,0.511351791988
    ));
#1021 = CARTESIAN_POINT('',(17.629049501349,11.008432891119,
    0.638240509708));
#1022 = CARTESIAN_POINT('',(17.689427998339,11.000788808348,
    0.759891656715));
#1023 = CARTESIAN_POINT('',(17.762309483163,10.992060292223,
    0.874677509959));
#1024 = CARTESIAN_POINT('',(17.846737643339,10.982709668384,
    0.981082881163));
#1025 = CARTESIAN_POINT('',(17.9415243397,10.973244368158,1.077748229521
    ));
#1026 = CARTESIAN_POINT('',(18.15936237489,10.954135795608,
    1.257866294514));
#1027 = CARTESIAN_POINT('',(18.284395929779,10.944559758773,
    1.339132743398));
#1028 = CARTESIAN_POINT('',(18.418515376972,10.93605651783,
    1.405738971315));
#1029 = CARTESIAN_POINT('',(18.559602581271,10.929233849038,
    1.456478274084));
#1030 = CARTESIAN_POINT('',(18.705351203543,10.924543313003,
    1.490539951137));
#1031 = CARTESIAN_POINT('',(18.853348555059,10.922211902818,
    1.507533918462));
#1032 = CARTESIAN_POINT('',(19.001172674743,10.922227885644,
    1.507533929566));
#1033 = PCURVE('',#893,#1034);
#1034 = DEFINITIONAL_REPRESENTATION('',(#1035),#1098);
#1035 = B_SPLINE_CURVE_WITH_KNOTS('',7,(#1036,#1037,#1038,#1039,#1040,
    #1041,#1042,#1043,#1044,#1045,#1046,#1047,#1048,#1049,#1050,#1051,
    #1052,#1053,#1054,#1055,#1056,#1057,#1058,#1059,#1060,#1061,#1062,
    #1063,#1064,#1065,#1066,#1067,#1068,#1069,#1070,#1071,#1072,#1073,
    #1074,#1075,#1076,#1077,#1078,#1079,#1080,#1081,#1082,#1083,#1084,
    #1085,#1086,#1087,#1088,#1089,#1090,#1091,#1092,#1093,#1094,#1095,
    #1096,#1097),.UNSPECIFIED.,.T.,.F.,(8,6,6,6,6,6,6,6,6,6,8),(0.,
    1.780002742116E-05,3.560005491292E-05,8.046625383269E-02,
    0.221924198277,0.350381086188,0.517077226777,0.673655570908,
    0.81170296875,0.901386611387,1.),.UNSPECIFIED.);
#1036 = CARTESIAN_POINT('',(4.849668308664,7.055642937097));
#1037 = CARTESIAN_POINT('',(4.849668309064,7.055663540031));
#1038 = CARTESIAN_POINT('',(4.849668309434,7.055684142965));
#1039 = CARTESIAN_POINT('',(4.849668309773,7.055704745899));
#1040 = CARTESIAN_POINT('',(4.849668310083,7.055725348833));
#1041 = CARTESIAN_POINT('',(4.849668310362,7.055745951768));
#1042 = CARTESIAN_POINT('',(4.849668310611,7.055766554702));
#1043 = CARTESIAN_POINT('',(4.849668311049,7.055807760571));
#1044 = CARTESIAN_POINT('',(4.849668311238,7.055828363505));
#1045 = CARTESIAN_POINT('',(4.849668311396,7.05584896644));
#1046 = CARTESIAN_POINT('',(4.849668311524,7.055869569374));
#1047 = CARTESIAN_POINT('',(4.849668311622,7.055890172308));
#1048 = CARTESIAN_POINT('',(4.84966831169,7.055910775243));
#1049 = CARTESIAN_POINT('',(4.849668481252,7.149027160773));
#1050 = CARTESIAN_POINT('',(4.849051589949,7.242116430186));
#1051 = CARTESIAN_POINT('',(4.847817791916,7.334850750161));
#1052 = CARTESIAN_POINT('',(4.84596395803,7.426875161501));
#1053 = CARTESIAN_POINT('',(4.843484138933,7.517808536804));
#1054 = CARTESIAN_POINT('',(4.840370028028,7.607223935211));
#1055 = CARTESIAN_POINT('',(4.830000955599,7.848353117738));
#1056 = CARTESIAN_POINT('',(4.821327728203,7.997467587546));
#1057 = CARTESIAN_POINT('',(4.810516708221,8.137758809118));
#1058 = CARTESIAN_POINT('',(4.797564019869,8.264544978742));
#1059 = CARTESIAN_POINT('',(4.782541488734,8.372655587938));
#1060 = CARTESIAN_POINT('',(4.765602849891,8.456332785296));
#1061 = CARTESIAN_POINT('',(4.730199772189,8.556508496417));
#1062 = CARTESIAN_POINT('',(4.71246071292,8.577223356774));
#1063 = CARTESIAN_POINT('',(4.694469735767,8.567537087396));
#1064 = CARTESIAN_POINT('',(4.676937814429,8.527351201178));
#1065 = CARTESIAN_POINT('',(4.660542421726,8.459698547842));
#1066 = CARTESIAN_POINT('',(4.645842763588,8.370687018635));
#1067 = CARTESIAN_POINT('',(4.61672500968,8.138155701138));
#1068 = CARTESIAN_POINT('',(4.603170951593,7.982123170496));
#1069 = CARTESIAN_POINT('',(4.592493617074,7.810024596705));
#1070 = CARTESIAN_POINT('',(4.58459139861,7.627546285027));
#1071 = CARTESIAN_POINT('',(4.579370014522,7.438957658887));
#1072 = CARTESIAN_POINT('',(4.576759050777,7.247461914738));
#1073 = CARTESIAN_POINT('',(4.576759050777,6.876083854062));
#1074 = CARTESIAN_POINT('',(4.579062573204,6.696240599885));
#1075 = CARTESIAN_POINT('',(4.583668586661,6.51882686096));
#1076 = CARTESIAN_POINT('',(4.590628472457,6.346502702056));
#1077 = CARTESIAN_POINT('',(4.600020392904,6.182615265237));
#1078 = CARTESIAN_POINT('',(4.611929056002,6.031651352561));
#1079 = CARTESIAN_POINT('',(4.639147314347,5.784293635648));
#1080 = CARTESIAN_POINT('',(4.654309610125,5.679720184613));
#1081 = CARTESIAN_POINT('',(4.671562947443,5.598105341706));
#1082 = CARTESIAN_POINT('',(4.690277641689,5.547372494685));
#1083 = CARTESIAN_POINT('',(4.709651336324,5.531727288972));
#1084 = CARTESIAN_POINT('',(4.728833012535,5.551546586619));
#1085 = CARTESIAN_POINT('',(4.758882634433,5.636574285845));
#1086 = CARTESIAN_POINT('',(4.770403391526,5.683716024523));
#1087 = CARTESIAN_POINT('',(4.781456961468,5.744067667875));
#1088 = CARTESIAN_POINT('',(4.791896742927,5.816923605696));
#1089 = CARTESIAN_POINT('',(4.801584515637,5.901327910434));
#1090 = CARTESIAN_POINT('',(4.810394456652,5.996092801041));
#1091 = CARTESIAN_POINT('',(4.826825099077,6.213890001651));
#1092 = CARTESIAN_POINT('',(4.834248026706,6.338905000577));
#1093 = CARTESIAN_POINT('',(4.84033989243,6.473009148262));
#1094 = CARTESIAN_POINT('',(4.844985602815,6.614084649034));
#1095 = CARTESIAN_POINT('',(4.848106793356,6.759825397834));
#1096 = CARTESIAN_POINT('',(4.849665437375,6.907818819939));
#1097 = CARTESIAN_POINT('',(4.849668308664,7.055642937097));
#1098 = ( GEOMETRIC_REPRESENTATION_CONTEXT(2) 
PARAMETRIC_REPRESENTATION_CONTEXT() REPRESENTATION_CONTEXT('2D SPACE',''
  ) );
#1099 = PCURVE('',#1100,#1105);
#1100 = CYLINDRICAL_SURFACE('',#1101,1.49999718843);
#1101 = AXIS2_PLACEMENT_3D('',#1102,#1103,#1104);
#1102 = CARTESIAN_POINT('',(19.002063981628,4.430823637493,
    3.026819375175E-03));
#1103 = DIRECTION('',(-1.372836403118E-04,0.999999749275,
    6.946969415159E-04));
#1104 = DIRECTION('',(0.,-6.946969480623E-04,0.999999758698));
#1105 = DEFINITIONAL_REPRESENTATION('',(#1106),#1169);
#1106 = B_SPLINE_CURVE_WITH_KNOTS('',7,(#1107,#1108,#1109,#1110,#1111,
    #1112,#1113,#1114,#1115,#1116,#1117,#1118,#1119,#1120,#1121,#1122,
    #1123,#1124,#1125,#1126,#1127,#1128,#1129,#1130,#1131,#1132,#1133,
    #1134,#1135,#1136,#1137,#1138,#1139,#1140,#1141,#1142,#1143,#1144,
    #1145,#1146,#1147,#1148,#1149,#1150,#1151,#1152,#1153,#1154,#1155,
    #1156,#1157,#1158,#1159,#1160,#1161,#1162,#1163,#1164,#1165,#1166,
    #1167,#1168),.UNSPECIFIED.,.F.,.F.,(8,6,6,6,6,6,6,6,6,6,8),(0.,
    1.780002742116E-05,3.560005491292E-05,8.046625383269E-02,
    0.221924198277,0.350381086188,0.517077226777,0.673655570908,
    0.81170296875,0.901386611387,1.),.UNSPECIFIED.);
#1107 = CARTESIAN_POINT('',(0.,6.492447919442));
#1108 = CARTESIAN_POINT('',(1.37353154549E-05,6.492447918841));
#1109 = CARTESIAN_POINT('',(2.747063089428E-05,6.492447918285));
#1110 = CARTESIAN_POINT('',(4.120594631733E-05,6.492447917775));
#1111 = CARTESIAN_POINT('',(5.494126172446E-05,6.492447917311));
#1112 = CARTESIAN_POINT('',(6.867657711723E-05,6.492447916891));
#1113 = CARTESIAN_POINT('',(8.241189249842E-05,6.492447916517));
#1114 = CARTESIAN_POINT('',(1.098825233048E-04,6.49244791586));
#1115 = CARTESIAN_POINT('',(1.236178387255E-04,6.492447915577));
#1116 = CARTESIAN_POINT('',(1.373531541382E-04,6.492447915339));
#1117 = CARTESIAN_POINT('',(1.510884695455E-04,6.492447915147));
#1118 = CARTESIAN_POINT('',(1.648237849489E-04,6.492447914999));
#1119 = CARTESIAN_POINT('',(1.785591003488E-04,6.492447914898));
#1120 = CARTESIAN_POINT('',(6.225626582334E-02,6.492447660314));
#1121 = CARTESIAN_POINT('',(0.124315641895,6.493374011497));
#1122 = CARTESIAN_POINT('',(0.186529151984,6.495226196422));
#1123 = CARTESIAN_POINT('',(0.249050019274,6.497983413191));
#1124 = CARTESIAN_POINT('',(0.312032091964,6.501602127127));
#1125 = CARTESIAN_POINT('',(0.375635974437,6.506013367928));
#1126 = CARTESIAN_POINT('',(0.553297649368,6.520101396928));
#1127 = CARTESIAN_POINT('',(0.670205699074,6.531327318698));
#1128 = CARTESIAN_POINT('',(0.790849323389,6.544273522877));
#1129 = CARTESIAN_POINT('',(0.915489391727,6.557980831956));
#1130 = CARTESIAN_POINT('',(1.044626977178,6.571066351331));
#1131 = CARTESIAN_POINT('',(1.17894210298,6.581835442611));
#1132 = CARTESIAN_POINT('',(1.447485119964,6.595092289871));
#1133 = CARTESIAN_POINT('',(1.577233060347,6.598084010047));
#1134 = CARTESIAN_POINT('',(1.707187419704,6.596828005956));
#1135 = CARTESIAN_POINT('',(1.836047734234,6.591114679201));
#1136 = CARTESIAN_POINT('',(1.962429242028,6.581986563028));
#1137 = CARTESIAN_POINT('',(2.084542748581,6.571107209798));
#1138 = CARTESIAN_POINT('',(2.348280513853,6.545476140892));
#1139 = CARTESIAN_POINT('',(2.48962699824,6.530076657265));
#1140 = CARTESIAN_POINT('',(2.625505682782,6.515945507766));
#1141 = CARTESIAN_POINT('',(2.757346028528,6.504576735383));
#1142 = CARTESIAN_POINT('',(2.886474108214,6.496750408356));
#1143 = CARTESIAN_POINT('',(3.014137469348,6.492838013119));
#1144 = CARTESIAN_POINT('',(3.261723307202,6.492838013119));
#1145 = CARTESIAN_POINT('',(3.381618415589,6.496289875456));
#1146 = CARTESIAN_POINT('',(3.502713953177,6.503193077398));
#1147 = CARTESIAN_POINT('',(3.626036592092,6.513255906825));
#1148 = CARTESIAN_POINT('',(3.752728875815,6.525873923975));
#1149 = CARTESIAN_POINT('',(3.883961888672,6.539925148348));
#1150 = CARTESIAN_POINT('',(4.142667956151,6.565910791626));
#1151 = CARTESIAN_POINT('',(4.272761207954,6.578300845755));
#1152 = CARTESIAN_POINT('',(4.407933576456,6.589188854966));
#1153 = CARTESIAN_POINT('',(4.546156617398,6.5964304867));
#1154 = CARTESIAN_POINT('',(4.685878785102,6.598519306943));
#1155 = CARTESIAN_POINT('',(4.825757277099,6.595604079387));
#1156 = CARTESIAN_POINT('',(5.053692717953,6.584351858574));
#1157 = CARTESIAN_POINT('',(5.143452677337,6.578237377887));
#1158 = CARTESIAN_POINT('',(5.233204897972,6.570669518732));
#1159 = CARTESIAN_POINT('',(5.322960663636,6.562010740741));
#1160 = CARTESIAN_POINT('',(5.41272597965,6.552722448128));
#1161 = CARTESIAN_POINT('',(5.502493586674,6.543311290734));
#1162 = CARTESIAN_POINT('',(5.690937337976,6.524297944845));
#1163 = CARTESIAN_POINT('',(5.78970264185,6.514761200904));
#1164 = CARTESIAN_POINT('',(5.888478628312,6.506285820829));
#1165 = CARTESIAN_POINT('',(5.98724118727,6.499479033221));
#1166 = CARTESIAN_POINT('',(6.085971211492,6.494792152003));
#1167 = CARTESIAN_POINT('',(6.184635708803,6.492452230445));
#1168 = CARTESIAN_POINT('',(6.28318530718,6.492447919442));
#1169 = ( GEOMETRIC_REPRESENTATION_CONTEXT(2) 
PARAMETRIC_REPRESENTATION_CONTEXT() REPRESENTATION_CONTEXT('2D SPACE',''
  ) );
#1170 = ORIENTED_EDGE('',*,*,#1171,.F.);
#1171 = EDGE_CURVE('',#1172,#965,#1174,.T.);
#1172 = VERTEX_POINT('',#1173);
#1173 = CARTESIAN_POINT('',(20.143674554601,10.92330607828,
    1.500608500047));
#1174 = SURFACE_CURVE('',#1175,(#1180,#1191),.PCURVE_S1.);
#1175 = ELLIPSE('',#1176,113.39447383249,11.0268320358);
#1176 = AXIS2_PLACEMENT_3D('',#1177,#1178,#1179);
#1177 = CARTESIAN_POINT('',(131.94512708139,1.465842784783E-02,
    -2.542652244364E-02));
#1178 = DIRECTION('',(-9.710627272949E-02,-0.995273970648,
    3.084600392089E-04));
#1179 = DIRECTION('',(0.995273995858,-9.710633189393E-02,
    -1.829630267481E-04));
#1180 = PCURVE('',#893,#1181);
#1181 = DEFINITIONAL_REPRESENTATION('',(#1182),#1190);
#1182 = B_SPLINE_CURVE_WITH_KNOTS('',6,(#1183,#1184,#1185,#1186,#1187,
    #1188,#1189),.UNSPECIFIED.,.F.,.F.,(7,7),(2.944842112007,
    3.338378778965),.PIECEWISE_BEZIER_KNOTS.);
#1183 = CARTESIAN_POINT('',(4.908850286563,9.318715843699));
#1184 = CARTESIAN_POINT('',(4.84326084207,7.87170091311));
#1185 = CARTESIAN_POINT('',(4.777671397577,6.996055599759));
#1186 = CARTESIAN_POINT('',(4.712081953083,6.702984909173));
#1187 = CARTESIAN_POINT('',(4.646492508591,6.99632002234));
#1188 = CARTESIAN_POINT('',(4.580903064098,7.872227705496));
#1189 = CARTESIAN_POINT('',(4.515313619605,9.319500952871));
#1190 = ( GEOMETRIC_REPRESENTATION_CONTEXT(2) 
PARAMETRIC_REPRESENTATION_CONTEXT() REPRESENTATION_CONTEXT('2D SPACE',''
  ) );
#1191 = PCURVE('',#1192,#1197);
#1192 = PLANE('',#1193);
#1193 = AXIS2_PLACEMENT_3D('',#1194,#1195,#1196);
#1194 = CARTESIAN_POINT('',(19.026630107223,11.031828203746,
    3.297500255744E-04));
#1195 = DIRECTION('',(-9.710627272949E-02,-0.995273970648,
    3.084600392089E-04));
#1196 = DIRECTION('',(-0.995274017997,9.710627734921E-02,0.));
#1197 = DEFINITIONAL_REPRESENTATION('',(#1198),#1202);
#1198 = ELLIPSE('',#1199,113.39447383249,11.0268320358);
#1199 = AXIS2_PLACEMENT_2D('',#1200,#1201);
#1200 = CARTESIAN_POINT('',(-113.4546825334,2.575627369453E-02));
#1201 = DIRECTION('',(-0.999999983262,1.829630354524E-04));
#1202 = ( GEOMETRIC_REPRESENTATION_CONTEXT(2) 
PARAMETRIC_REPRESENTATION_CONTEXT() REPRESENTATION_CONTEXT('2D SPACE',''
  ) );
#1203 = ORIENTED_EDGE('',*,*,#1204,.F.);
#1204 = EDGE_CURVE('',#1205,#1172,#1207,.T.);
#1205 = VERTEX_POINT('',#1206);
#1206 = CARTESIAN_POINT('',(17.320618224857,11.025737503444,
    3.827207536242E-04));
#1207 = SURFACE_CURVE('',#1208,(#1246,#1287),.PCURVE_S1.);
#1208 = B_SPLINE_CURVE_WITH_KNOTS('',6,(#1209,#1210,#1211,#1212,#1213,
    #1214,#1215,#1216,#1217,#1218,#1219,#1220,#1221,#1222,#1223,#1224,
    #1225,#1226,#1227,#1228,#1229,#1230,#1231,#1232,#1233,#1234,#1235,
    #1236,#1237,#1238,#1239,#1240,#1241,#1242,#1243,#1244,#1245),
  .UNSPECIFIED.,.F.,.F.,(7,5,5,5,5,5,5,7),(0.,0.136502072588,
    0.225181695595,0.346407913186,0.448790273314,0.533888278944,
    0.760820470475,1.),.UNSPECIFIED.);
#1209 = CARTESIAN_POINT('',(17.320618224857,11.025737503444,
    3.827207536239E-04));
#1210 = CARTESIAN_POINT('',(17.320660567233,11.025723258541,
    0.105235353421));
#1211 = CARTESIAN_POINT('',(17.328810886802,11.024513744783,
    0.210129384139));
#1212 = CARTESIAN_POINT('',(17.345080277423,11.02210691063,
    0.313529561488));
#1213 = CARTESIAN_POINT('',(17.368964265406,11.018618303263,
    0.414214049829));
#1214 = CARTESIAN_POINT('',(17.399725408157,11.014228866446,
    0.511260324814));
#1215 = CARTESIAN_POINT('',(17.460400187071,11.005827052041,
    0.664263555638));
#1216 = CARTESIAN_POINT('',(17.486847011971,11.002219686369,
    0.722733745799));
#1217 = CARTESIAN_POINT('',(17.515630158953,10.998365491746,
    0.779273817355));
#1218 = CARTESIAN_POINT('',(17.546532680466,10.994316586158,
    0.833794610746));
#1219 = CARTESIAN_POINT('',(17.579349992604,10.990122345366,
    0.886250945314));
#1220 = CARTESIAN_POINT('',(17.661137983759,10.979953620958,
    1.005496959691));
#1221 = CARTESIAN_POINT('',(17.7116097409,10.973891562477,1.070471568187
    ));
#1222 = CARTESIAN_POINT('',(17.764866229713,10.967751637803,
    1.131533558768));
#1223 = CARTESIAN_POINT('',(17.820511609305,10.961629673703,
    1.188723872162));
#1224 = CARTESIAN_POINT('',(17.8782148532,10.955605446275,1.242123607913
    ));
#1225 = CARTESIAN_POINT('',(17.987971983413,10.944790518109,
    1.333816793905));
#1226 = CARTESIAN_POINT('',(18.03950423358,10.939954238469,
    1.373163646091));
#1227 = CARTESIAN_POINT('',(18.092154809698,10.935272271724,
    1.409932588145));
#1228 = CARTESIAN_POINT('',(18.145784295945,10.930777071173,
    1.444181521554));
#1229 = CARTESIAN_POINT('',(18.200273063028,10.926495495359,
    1.475967066966));
#1230 = CARTESIAN_POINT('',(18.301440803323,10.919086710319,
    1.529760823436));
#1231 = CARTESIAN_POINT('',(18.347883849055,10.915886796205,
    1.552513034932));
#1232 = CARTESIAN_POINT('',(18.394790876915,10.912862437697,
    1.573630878625));
#1233 = CARTESIAN_POINT('',(18.442108532663,10.910024414393,
    1.593142422741));
#1234 = CARTESIAN_POINT('',(18.48978877385,10.907381689684,
    1.611073205407));
#1235 = CARTESIAN_POINT('',(18.665791481518,10.898433880501,
    1.671108449541));
#1236 = CARTESIAN_POINT('',(18.796048453752,10.893367360553,
    1.703686400488));
#1237 = CARTESIAN_POINT('',(18.92777479883,10.889877719532,
    1.725632588362));
#1238 = CARTESIAN_POINT('',(19.060307385808,10.888029990595,
    1.737211745922));
#1239 = CARTESIAN_POINT('',(19.193065573482,10.887832182105,
    1.738597702383));
#1240 = CARTESIAN_POINT('',(19.465167895215,10.890742972457,
    1.720466136842));
#1241 = CARTESIAN_POINT('',(19.604386223551,10.894029548986,
    1.69982218331));
#1242 = CARTESIAN_POINT('',(19.742625681548,10.89906403466,
    1.667846117634));
#1243 = CARTESIAN_POINT('',(19.879181123086,10.905747232432,
    1.624295944992));
#1244 = CARTESIAN_POINT('',(20.013219639064,10.913912163304,
    1.568812841232));
#1245 = CARTESIAN_POINT('',(20.143674554601,10.92330607828,
    1.500608500047));
#1246 = PCURVE('',#893,#1247);
#1247 = DEFINITIONAL_REPRESENTATION('',(#1248),#1286);
#1248 = B_SPLINE_CURVE_WITH_KNOTS('',6,(#1249,#1250,#1251,#1252,#1253,
    #1254,#1255,#1256,#1257,#1258,#1259,#1260,#1261,#1262,#1263,#1264,
    #1265,#1266,#1267,#1268,#1269,#1270,#1271,#1272,#1273,#1274,#1275,
    #1276,#1277,#1278,#1279,#1280,#1281,#1282,#1283,#1284,#1285),
  .UNSPECIFIED.,.F.,.F.,(7,5,5,5,5,5,5,7),(0.,0.136502072588,
    0.225181695595,0.346407913186,0.448790273314,0.533888278944,
    0.760820470475,1.),.UNSPECIFIED.);
#1249 = CARTESIAN_POINT('',(4.712524863141,5.375422420298));
#1250 = CARTESIAN_POINT('',(4.722033726604,5.375442522361));
#1251 = CARTESIAN_POINT('',(4.731546515027,5.38357042831));
#1252 = CARTESIAN_POINT('',(4.740925547503,5.399817557337));
#1253 = CARTESIAN_POINT('',(4.750061563461,5.42367971079));
#1254 = CARTESIAN_POINT('',(4.75887167851,5.454419666621));
#1255 = CARTESIAN_POINT('',(4.772769327683,5.51506083824));
#1256 = CARTESIAN_POINT('',(4.778082353073,5.541494765501));
#1257 = CARTESIAN_POINT('',(4.783222175877,5.570265390208));
#1258 = CARTESIAN_POINT('',(4.788180662291,5.601155790891));
#1259 = CARTESIAN_POINT('',(4.792953593705,5.633961400018));
#1260 = CARTESIAN_POINT('',(4.803808663843,5.715722699995));
#1261 = CARTESIAN_POINT('',(4.809727500558,5.766179841846));
#1262 = CARTESIAN_POINT('',(4.815293895631,5.819422534413));
#1263 = CARTESIAN_POINT('',(4.820510997591,5.8750549413));
#1264 = CARTESIAN_POINT('',(4.825385545857,5.932746029805));
#1265 = CARTESIAN_POINT('',(4.833760903361,6.04248222286));
#1266 = CARTESIAN_POINT('',(4.83735705838,6.094005461592));
#1267 = CARTESIAN_POINT('',(4.840719523861,6.1466475942));
#1268 = CARTESIAN_POINT('',(4.843853206898,6.200269197047));
#1269 = CARTESIAN_POINT('',(4.846762920644,6.254750632524));
#1270 = CARTESIAN_POINT('',(4.851689512671,6.355905942192));
#1271 = CARTESIAN_POINT('',(4.85377412678,6.402343721122));
#1272 = CARTESIAN_POINT('',(4.855709765912,6.449245852928));
#1273 = CARTESIAN_POINT('',(4.857498825871,6.496558978899));
#1274 = CARTESIAN_POINT('',(4.859143489682,6.544235052404));
#1275 = CARTESIAN_POINT('',(4.864651769086,6.720223791779));
#1276 = CARTESIAN_POINT('',(4.867644373036,6.850473154049));
#1277 = CARTESIAN_POINT('',(4.869662402206,6.982194360736));
#1278 = CARTESIAN_POINT('',(4.870728550537,7.114724233705));
#1279 = CARTESIAN_POINT('',(4.870858279829,7.247482096004));
#1280 = CARTESIAN_POINT('',(4.869198615805,7.519588654633));
#1281 = CARTESIAN_POINT('',(4.867305798139,7.658811808607));
#1282 = CARTESIAN_POINT('',(4.864373139135,7.797058735937));
#1283 = CARTESIAN_POINT('',(4.860380321464,7.933624328215));
#1284 = CARTESIAN_POINT('',(4.855297492523,8.067675729522));
#1285 = CARTESIAN_POINT('',(4.849056500874,8.198146397471));
#1286 = ( GEOMETRIC_REPRESENTATION_CONTEXT(2) 
PARAMETRIC_REPRESENTATION_CONTEXT() REPRESENTATION_CONTEXT('2D SPACE',''
  ) );
#1287 = PCURVE('',#1288,#1293);
#1288 = CONICAL_SURFACE('',#1289,1.873606596087,0.798393629236);
#1289 = AXIS2_PLACEMENT_3D('',#1290,#1291,#1292);
#1290 = CARTESIAN_POINT('',(19.026630107223,11.031828203746,
    3.297500255744E-04));
#1291 = DIRECTION('',(9.710627272949E-02,0.995273970648,
    -3.084600392089E-04));
#1292 = DIRECTION('',(-0.995274017997,9.710627734921E-02,0.));
#1293 = DEFINITIONAL_REPRESENTATION('',(#1294),#1332);
#1294 = B_SPLINE_CURVE_WITH_KNOTS('',6,(#1295,#1296,#1297,#1298,#1299,
    #1300,#1301,#1302,#1303,#1304,#1305,#1306,#1307,#1308,#1309,#1310,
    #1311,#1312,#1313,#1314,#1315,#1316,#1317,#1318,#1319,#1320,#1321,
    #1322,#1323,#1324,#1325,#1326,#1327,#1328,#1329,#1330,#1331),
  .UNSPECIFIED.,.F.,.F.,(7,5,5,5,5,5,5,7),(0.,0.136502072588,
    0.225181695595,0.346407913186,0.448790273314,0.533888278944,
    0.760820470475,1.),.UNSPECIFIED.);
#1295 = CARTESIAN_POINT('',(-6.28318530718,-0.171726386942));
#1296 = CARTESIAN_POINT('',(-6.221411283379,-0.17176879566));
#1297 = CARTESIAN_POINT('',(-6.159609273535,-0.172213501683));
#1298 = CARTESIAN_POINT('',(-6.098190891983,-0.173060996006));
#1299 = CARTESIAN_POINT('',(-6.037385487842,-0.174244888203));
#1300 = CARTESIAN_POINT('',(-5.977381670343,-0.175656415393));
#1301 = CARTESIAN_POINT('',(-5.879986234015,-0.17817381633));
#1302 = CARTESIAN_POINT('',(-5.842018888513,-0.179214016612));
#1303 = CARTESIAN_POINT('',(-5.804460505157,-0.180272412429));
#1304 = CARTESIAN_POINT('',(-5.767319014257,-0.181318171575));
#1305 = CARTESIAN_POINT('',(-5.730591723888,-0.182322004082));
#1306 = CARTESIAN_POINT('',(-5.644611625093,-0.184537326455));
#1307 = CARTESIAN_POINT('',(-5.595715889924,-0.185689653326));
#1308 = CARTESIAN_POINT('',(-5.547541123559,-0.186647856592));
#1309 = CARTESIAN_POINT('',(-5.500050093404,-0.18735501363));
#1310 = CARTESIAN_POINT('',(-5.45320077487,-0.187763895128));
#1311 = CARTESIAN_POINT('',(-5.367869614878,-0.187897889489));
#1312 = CARTESIAN_POINT('',(-5.329223305209,-0.187719344922));
#1313 = CARTESIAN_POINT('',(-5.290971713538,-0.1872778251));
#1314 = CARTESIAN_POINT('',(-5.253091022267,-0.186554586111));
#1315 = CARTESIAN_POINT('',(-5.215559526154,-0.185534530566));
#1316 = CARTESIAN_POINT('',(-5.147430499948,-0.183100872514));
#1317 = CARTESIAN_POINT('',(-5.116732795572,-0.181782770823));
#1318 = CARTESIAN_POINT('',(-5.086249677624,-0.180244383495));
#1319 = CARTESIAN_POINT('',(-5.055970353923,-0.178480171565));
#1320 = CARTESIAN_POINT('',(-5.025884956901,-0.176485887104));
#1321 = CARTESIAN_POINT('',(-4.916248640669,-0.16831896022));
#1322 = CARTESIAN_POINT('',(-4.837839124637,-0.160722815572));
#1323 = CARTESIAN_POINT('',(-4.760558540471,-0.151411279578));
#1324 = CARTESIAN_POINT('',(-4.684295665858,-0.140384102265));
#1325 = CARTESIAN_POINT('',(-4.608926584922,-0.127689750639));
#1326 = CARTESIAN_POINT('',(-4.455578536225,-9.836428163887E-02));
#1327 = CARTESIAN_POINT('',(-4.377730516055,-8.156789677227E-02));
#1328 = CARTESIAN_POINT('',(-4.300494891898,-6.312342237635E-02));
#1329 = CARTESIAN_POINT('',(-4.223673171022,-4.31979861572E-02));
#1330 = CARTESIAN_POINT('',(-4.147032420493,-2.203854797911E-02));
#1331 = CARTESIAN_POINT('',(-4.07012852553,0.));
#1332 = ( GEOMETRIC_REPRESENTATION_CONTEXT(2) 
PARAMETRIC_REPRESENTATION_CONTEXT() REPRESENTATION_CONTEXT('2D SPACE',''
  ) );
#1333 = ORIENTED_EDGE('',*,*,#1334,.F.);
#1334 = EDGE_CURVE('',#1335,#1205,#1337,.T.);
#1335 = VERTEX_POINT('',#1336);
#1336 = CARTESIAN_POINT('',(20.136180067794,10.923105632734,
    -1.505485631902));
#1337 = SURFACE_CURVE('',#1338,(#1381,#1427),.PCURVE_S1.);
#1338 = B_SPLINE_CURVE_WITH_KNOTS('',6,(#1339,#1340,#1341,#1342,#1343,
    #1344,#1345,#1346,#1347,#1348,#1349,#1350,#1351,#1352,#1353,#1354,
    #1355,#1356,#1357,#1358,#1359,#1360,#1361,#1362,#1363,#1364,#1365,
    #1366,#1367,#1368,#1369,#1370,#1371,#1372,#1373,#1374,#1375,#1376,
    #1377,#1378,#1379,#1380),.UNSPECIFIED.,.F.,.F.,(7,5,5,5,5,5,5,5,7),(
    0.,0.115107022707,0.235519887857,0.46507817958,0.5497859963,
    0.651784171213,0.773528216935,0.862288027804,1.),.UNSPECIFIED.);
#1339 = CARTESIAN_POINT('',(20.136180067794,10.923105632734,
    -1.505485631902));
#1340 = CARTESIAN_POINT('',(20.073451368005,10.918629141369,
    -1.53792815673));
#1341 = CARTESIAN_POINT('',(20.009901122282,10.914437167486,
    -1.56744648904));
#1342 = CARTESIAN_POINT('',(19.945652599898,10.910557976095,
    -1.594122595512));
#1343 = CARTESIAN_POINT('',(19.880813759092,10.907014819068,
    -1.618020302189));
#1344 = CARTESIAN_POINT('',(19.815479053955,10.903826613453,
    -1.639188845287));
#1345 = CARTESIAN_POINT('',(19.680952792259,10.898060731086,
    -1.676995720071));
#1346 = CARTESIAN_POINT('',(19.611724818333,10.895518080282,
    -1.693379503555));
#1347 = CARTESIAN_POINT('',(19.542143156836,10.893398127291,
    -1.706860561032));
#1348 = CARTESIAN_POINT('',(19.472298041215,10.891714270073,
    -1.717465948825));
#1349 = CARTESIAN_POINT('',(19.402275194223,10.890475995722,
    -1.725209050285));
#1350 = CARTESIAN_POINT('',(19.198481578445,10.888188742131,
    -1.739399924733));
#1351 = CARTESIAN_POINT('',(19.064299151636,10.888326906361,
    -1.73832243496));
#1352 = CARTESIAN_POINT('',(18.930335003817,10.890152491906,
    -1.726813094397));
#1353 = CARTESIAN_POINT('',(18.797284193426,10.893651727737,
    -1.704730869098));
#1354 = CARTESIAN_POINT('',(18.665811227034,10.898750652986,
    -1.671857806519));
#1355 = CARTESIAN_POINT('',(18.488928359363,10.907740114067,
    -1.611372485138));
#1356 = CARTESIAN_POINT('',(18.441567670103,10.910362523899,
    -1.593531923206));
#1357 = CARTESIAN_POINT('',(18.394565526337,10.913177287657,
    -1.574131552255));
#1358 = CARTESIAN_POINT('',(18.347969029908,10.916175615988,
    -1.553146342692));
#1359 = CARTESIAN_POINT('',(18.301830456127,10.919346951594,
    -1.530548797927));
#1360 = CARTESIAN_POINT('',(18.201271551799,10.926691110405,
    -1.47712133156));
#1361 = CARTESIAN_POINT('',(18.147085077227,10.93093601567,
    -1.445553540687));
#1362 = CARTESIAN_POINT('',(18.093746714449,10.935392064413,
    -1.411552170336));
#1363 = CARTESIAN_POINT('',(18.04137377969,10.940032938124,
    -1.375061631321));
#1364 = CARTESIAN_POINT('',(17.990102861282,10.944826865755,
    -1.336025031496));
#1365 = CARTESIAN_POINT('',(17.880396574936,10.955595208477,
    -1.244683967728));
#1366 = CARTESIAN_POINT('',(17.822503497666,10.961617645827,
    -1.191280254156));
#1367 = CARTESIAN_POINT('',(17.766669862934,10.967739730898,
    -1.134072046251));
#1368 = CARTESIAN_POINT('',(17.713227683511,10.973881487413,
    -1.072977227132));
#1369 = CARTESIAN_POINT('',(17.662574241091,10.979946768211,
    -1.007953704387));
#1370 = CARTESIAN_POINT('',(17.580598277288,10.99010823394,
    -0.888762032618));
#1371 = CARTESIAN_POINT('',(17.547760303636,10.994292244942,
    -0.836431042159));
#1372 = CARTESIAN_POINT('',(17.516827696178,10.998332332727,
    -0.782039720365));
#1373 = CARTESIAN_POINT('',(17.488003938259,11.00217939335,
    -0.725632309408));
#1374 = CARTESIAN_POINT('',(17.461504977557,11.00578155544,
    -0.667296591086));
#1375 = CARTESIAN_POINT('',(17.40037346232,11.014215964862,
    -0.513898620646));
#1376 = CARTESIAN_POINT('',(17.369285983226,11.018634996334,
    -0.416253127347));
#1377 = CARTESIAN_POINT('',(17.345160551002,11.022142930693,
    -0.314908460088));
#1378 = CARTESIAN_POINT('',(17.328751606797,11.024554614085,
    -0.210803133601));
#1379 = CARTESIAN_POINT('',(17.32057559441,11.02575184526,-0.10518326333
    ));
#1380 = CARTESIAN_POINT('',(17.320618224857,11.025737503444,
    3.82720753624E-04));
#1381 = PCURVE('',#893,#1382);
#1382 = DEFINITIONAL_REPRESENTATION('',(#1383),#1426);
#1383 = B_SPLINE_CURVE_WITH_KNOTS('',6,(#1384,#1385,#1386,#1387,#1388,
    #1389,#1390,#1391,#1392,#1393,#1394,#1395,#1396,#1397,#1398,#1399,
    #1400,#1401,#1402,#1403,#1404,#1405,#1406,#1407,#1408,#1409,#1410,
    #1411,#1412,#1413,#1414,#1415,#1416,#1417,#1418,#1419,#1420,#1421,
    #1422,#1423,#1424,#1425),.UNSPECIFIED.,.F.,.F.,(7,5,5,5,5,5,5,5,7),(
    0.,0.115107022707,0.235519887857,0.46507817958,0.5497859963,
    0.651784171213,0.773528216935,0.862288027804,1.),.UNSPECIFIED.);
#1384 = CARTESIAN_POINT('',(4.575588727466,8.191289450423));
#1385 = CARTESIAN_POINT('',(4.572617619474,8.128567018212));
#1386 = CARTESIAN_POINT('',(4.569912726996,8.065022459));
#1387 = CARTESIAN_POINT('',(4.56746699183,8.000779063322));
#1388 = CARTESIAN_POINT('',(4.565274961766,7.935944806148));
#1389 = CARTESIAN_POINT('',(4.563332462192,7.870614154608));
#1390 = CARTESIAN_POINT('',(4.559861887349,7.736095123314));
#1391 = CARTESIAN_POINT('',(4.558357111184,7.666870277022));
#1392 = CARTESIAN_POINT('',(4.557118333069,7.597291185617));
#1393 = CARTESIAN_POINT('',(4.556143314627,7.527448090125));
#1394 = CARTESIAN_POINT('',(4.555430993965,7.457426717438));
#1395 = CARTESIAN_POINT('',(4.554123975194,7.253635803593));
#1396 = CARTESIAN_POINT('',(4.554220160027,7.119453171531));
#1397 = CARTESIAN_POINT('',(4.555274680058,6.985486837849));
#1398 = CARTESIAN_POINT('',(4.557300003929,6.852431829157));
#1399 = CARTESIAN_POINT('',(4.560314530269,6.720952595616));
#1400 = CARTESIAN_POINT('',(4.565857025259,6.544058140601));
#1401 = CARTESIAN_POINT('',(4.567491516842,6.496694029422));
#1402 = CARTESIAN_POINT('',(4.569268500365,6.449688159339));
#1403 = CARTESIAN_POINT('',(4.571190117354,6.403087625676));
#1404 = CARTESIAN_POINT('',(4.573258717056,6.356944696461));
#1405 = CARTESIAN_POINT('',(4.578147757167,6.256375473147));
#1406 = CARTESIAN_POINT('',(4.581035384213,6.202182888426));
#1407 = CARTESIAN_POINT('',(4.584144305357,6.148837928349));
#1408 = CARTESIAN_POINT('',(4.587479251327,6.096457893729));
#1409 = CARTESIAN_POINT('',(4.591045049985,6.045179356461));
#1410 = CARTESIAN_POINT('',(4.599384007095,5.935455180858));
#1411 = CARTESIAN_POINT('',(4.604256686689,5.877551606632));
#1412 = CARTESIAN_POINT('',(4.609473271845,5.821706681671));
#1413 = CARTESIAN_POINT('',(4.615040603938,5.768252390329));
#1414 = CARTESIAN_POINT('',(4.620961947738,5.717585992148));
#1415 = CARTESIAN_POINT('',(4.631808913339,5.63558614792));
#1416 = CARTESIAN_POINT('',(4.636569181556,5.60273765137));
#1417 = CARTESIAN_POINT('',(4.641514714479,5.571794064195));
#1418 = CARTESIAN_POINT('',(4.646641386216,5.542958872369));
#1419 = CARTESIAN_POINT('',(4.651941195249,5.516448035052));
#1420 = CARTESIAN_POINT('',(4.665872411889,5.455285146507));
#1421 = CARTESIAN_POINT('',(4.674735739697,5.424177565937));
#1422 = CARTESIAN_POINT('',(4.68393071299,5.400031122238));
#1423 = CARTESIAN_POINT('',(4.693373037792,5.38360043014));
#1424 = CARTESIAN_POINT('',(4.702951307347,5.375402181473));
#1425 = CARTESIAN_POINT('',(4.712524863141,5.375422420298));
#1426 = ( GEOMETRIC_REPRESENTATION_CONTEXT(2) 
PARAMETRIC_REPRESENTATION_CONTEXT() REPRESENTATION_CONTEXT('2D SPACE',''
  ) );
#1427 = PCURVE('',#1288,#1428);
#1428 = DEFINITIONAL_REPRESENTATION('',(#1429),#1472);
#1429 = B_SPLINE_CURVE_WITH_KNOTS('',6,(#1430,#1431,#1432,#1433,#1434,
    #1435,#1436,#1437,#1438,#1439,#1440,#1441,#1442,#1443,#1444,#1445,
    #1446,#1447,#1448,#1449,#1450,#1451,#1452,#1453,#1454,#1455,#1456,
    #1457,#1458,#1459,#1460,#1461,#1462,#1463,#1464,#1465,#1466,#1467,
    #1468,#1469,#1470,#1471),.UNSPECIFIED.,.F.,.F.,(7,5,5,5,5,5,5,5,7),(
    0.,0.115107022707,0.235519887857,0.46507817958,0.5497859963,
    0.651784171213,0.773528216935,0.862288027804,1.),.UNSPECIFIED.);
#1430 = CARTESIAN_POINT('',(-2.208107111008,-6.004880412738E-16));
#1431 = CARTESIAN_POINT('',(-2.171208344152,-1.053667834287E-02));
#1432 = CARTESIAN_POINT('',(-2.134364536245,-2.087086310158E-02));
#1433 = CARTESIAN_POINT('',(-2.097530627092,-3.096242734493E-02));
#1434 = CARTESIAN_POINT('',(-2.060670490009,-4.07777259789E-02));
#1435 = CARTESIAN_POINT('',(-2.023752954882,-5.028874408593E-02));
#1436 = CARTESIAN_POINT('',(-1.948036961457,-6.907905867122E-02));
#1437 = CARTESIAN_POINT('',(-1.909231706762,-7.83271096068E-02));
#1438 = CARTESIAN_POINT('',(-1.870298494593,-8.718970106871E-02));
#1439 = CARTESIAN_POINT('',(-1.831210052171,-9.564472783659E-02));
#1440 = CARTESIAN_POINT('',(-1.791942301758,-0.103674419307));
#1441 = CARTESIAN_POINT('',(-1.677222603357,-0.125736124386));
#1442 = CARTESIAN_POINT('',(-1.601144736816,-0.13862890082));
#1443 = CARTESIAN_POINT('',(-1.524158584945,-0.149824252292));
#1444 = CARTESIAN_POINT('',(-1.446187502078,-0.159268433717));
#1445 = CARTESIAN_POINT('',(-1.367120842796,-0.166970595896));
#1446 = CARTESIAN_POINT('',(-1.25699413108,-0.175218712566));
#1447 = CARTESIAN_POINT('',(-1.227127657679,-0.177213219427));
#1448 = CARTESIAN_POINT('',(-1.197069629137,-0.178981945556));
#1449 = CARTESIAN_POINT('',(-1.166810323043,-0.180529072602));
#1450 = CARTESIAN_POINT('',(-1.136339115869,-0.181860040189));
#1451 = CARTESIAN_POINT('',(-1.068684534562,-0.184331970717));
#1452 = CARTESIAN_POINT('',(-1.031401697247,-0.185378710979));
#1453 = CARTESIAN_POINT('',(-0.993773611699,-0.186133699319));
#1454 = CARTESIAN_POINT('',(-0.955778878361,-0.186611754873));
#1455 = CARTESIAN_POINT('',(-0.917394026955,-0.186831252501));
#1456 = CARTESIAN_POINT('',(-0.832274950743,-0.186795144914));
#1457 = CARTESIAN_POINT('',(-0.78536881624,-0.186439423642));
#1458 = CARTESIAN_POINT('',(-0.73781814306,-0.185785714332));
#1459 = CARTESIAN_POINT('',(-0.689580459183,-0.184881400099));
#1460 = CARTESIAN_POINT('',(-0.640617997937,-0.183783608149));
#1461 = CARTESIAN_POINT('',(-0.554636476128,-0.181667311971));
#1462 = CARTESIAN_POINT('',(-0.517979348312,-0.180707989973));
#1463 = CARTESIAN_POINT('',(-0.480908178412,-0.179707523526));
#1464 = CARTESIAN_POINT('',(-0.443420035334,-0.178695011355));
#1465 = CARTESIAN_POINT('',(-0.405522489204,-0.177701082732));
#1466 = CARTESIAN_POINT('',(-0.307833183379,-0.175290105311));
#1467 = CARTESIAN_POINT('',(-0.247448147778,-0.173940867267));
#1468 = CARTESIAN_POINT('',(-0.186245353973,-0.172823503091));
#1469 = CARTESIAN_POINT('',(-0.124416419326,-0.17204874113));
#1470 = CARTESIAN_POINT('',(-6.219429543521E-02,-0.171683689702));
#1471 = CARTESIAN_POINT('',(0.,-0.171726386942));
#1472 = ( GEOMETRIC_REPRESENTATION_CONTEXT(2) 
PARAMETRIC_REPRESENTATION_CONTEXT() REPRESENTATION_CONTEXT('2D SPACE',''
  ) );
#1473 = ORIENTED_EDGE('',*,*,#1474,.F.);
#1474 = EDGE_CURVE('',#967,#1335,#1475,.T.);
#1475 = SURFACE_CURVE('',#1476,(#1481,#1492),.PCURVE_S1.);
#1476 = ELLIPSE('',#1477,113.39447383249,11.0268320358);
#1477 = AXIS2_PLACEMENT_3D('',#1478,#1479,#1480);
#1478 = CARTESIAN_POINT('',(131.94512708139,1.465842784783E-02,
    -2.542652244364E-02));
#1479 = DIRECTION('',(-9.710627272949E-02,-0.995273970648,
    3.084600392089E-04));
#1480 = DIRECTION('',(0.995273995858,-9.710633189393E-02,
    -1.829630267481E-04));
#1481 = PCURVE('',#893,#1482);
#1482 = DEFINITIONAL_REPRESENTATION('',(#1483),#1491);
#1483 = B_SPLINE_CURVE_WITH_KNOTS('',6,(#1484,#1485,#1486,#1487,#1488,
    #1489,#1490),.UNSPECIFIED.,.F.,.F.,(7,7),(2.944842112007,
    3.338378778965),.PIECEWISE_BEZIER_KNOTS.);
#1484 = CARTESIAN_POINT('',(4.908850286563,9.318715843699));
#1485 = CARTESIAN_POINT('',(4.84326084207,7.87170091311));
#1486 = CARTESIAN_POINT('',(4.777671397577,6.996055599759));
#1487 = CARTESIAN_POINT('',(4.712081953083,6.702984909173));
#1488 = CARTESIAN_POINT('',(4.646492508591,6.99632002234));
#1489 = CARTESIAN_POINT('',(4.580903064098,7.872227705496));
#1490 = CARTESIAN_POINT('',(4.515313619605,9.319500952871));
#1491 = ( GEOMETRIC_REPRESENTATION_CONTEXT(2) 
PARAMETRIC_REPRESENTATION_CONTEXT() REPRESENTATION_CONTEXT('2D SPACE',''
  ) );
#1492 = PCURVE('',#1192,#1493);
#1493 = DEFINITIONAL_REPRESENTATION('',(#1494),#1498);
#1494 = ELLIPSE('',#1495,113.39447383249,11.0268320358);
#1495 = AXIS2_PLACEMENT_2D('',#1496,#1497);
#1496 = CARTESIAN_POINT('',(-113.4546825334,2.575627369453E-02));
#1497 = DIRECTION('',(-0.999999983262,1.829630354524E-04));
#1498 = ( GEOMETRIC_REPRESENTATION_CONTEXT(2) 
PARAMETRIC_REPRESENTATION_CONTEXT() REPRESENTATION_CONTEXT('2D SPACE',''
  ) );
#1499 = FACE_BOUND('',#1500,.T.);
#1500 = EDGE_LOOP('',(#1501,#1536,#1741,#1769,#1970));
#1501 = ORIENTED_EDGE('',*,*,#1502,.F.);
#1502 = EDGE_CURVE('',#1503,#1505,#1507,.T.);
#1503 = VERTEX_POINT('',#1504);
#1504 = CARTESIAN_POINT('',(18.186468839832,-10.95463479953,
    -1.269516606648));
#1505 = VERTEX_POINT('',#1506);
#1506 = CARTESIAN_POINT('',(17.872320872177,-10.92390086302,
    -1.511752984404));
#1507 = SURFACE_CURVE('',#1508,(#1513,#1524),.PCURVE_S1.);
#1508 = ELLIPSE('',#1509,113.36425706286,11.0268320358);
#1509 = AXIS2_PLACEMENT_3D('',#1510,#1511,#1512);
#1510 = CARTESIAN_POINT('',(-93.89703877543,-1.637929003304E-02,
    2.247268683435E-02));
#1511 = DIRECTION('',(9.713232364084E-02,0.995271428627,
    3.083221041875E-04));
#1512 = DIRECTION('',(0.995271453776,-9.713225074418E-02,
    -2.43235102332E-04));
#1513 = PCURVE('',#893,#1514);
#1514 = DEFINITIONAL_REPRESENTATION('',(#1515),#1523);
#1515 = B_SPLINE_CURVE_WITH_KNOTS('',6,(#1516,#1517,#1518,#1519,#1520,
    #1521,#1522),.UNSPECIFIED.,.F.,.F.,(7,7),(6.085566310537,
    6.480756985331),.PIECEWISE_BEZIER_KNOTS.);
#1516 = CARTESIAN_POINT('',(1.373507820341,4.786979623323));
#1517 = CARTESIAN_POINT('',(1.439372932807,6.246014074364));
#1518 = CARTESIAN_POINT('',(1.505238045272,7.129120896349));
#1519 = CARTESIAN_POINT('',(1.571103157738,7.424906841179));
#1520 = CARTESIAN_POINT('',(1.636968270203,7.12947391369));
#1521 = CARTESIAN_POINT('',(1.702833382669,6.246717345343));
#1522 = CARTESIAN_POINT('',(1.768698495135,4.788027691857));
#1523 = ( GEOMETRIC_REPRESENTATION_CONTEXT(2) 
PARAMETRIC_REPRESENTATION_CONTEXT() REPRESENTATION_CONTEXT('2D SPACE',''
  ) );
#1524 = PCURVE('',#1525,#1530);
#1525 = PLANE('',#1526);
#1526 = AXIS2_PLACEMENT_3D('',#1527,#1528,#1529);
#1527 = CARTESIAN_POINT('',(18.973404596088,-11.03182823443,
    3.296587748971E-04));
#1528 = DIRECTION('',(9.713232364084E-02,0.995271428627,
    3.083221041875E-04));
#1529 = DIRECTION('',(0.995271475934,-9.713232825766E-02,0.));
#1530 = DEFINITIONAL_REPRESENTATION('',(#1531),#1535);
#1531 = ELLIPSE('',#1532,113.36425706286,11.0268320358);
#1532 = AXIS2_PLACEMENT_2D('',#1533,#1534);
#1533 = CARTESIAN_POINT('',(-113.4066889664,-2.214302911194E-02));
#1534 = DIRECTION('',(0.999999970418,2.432351138933E-04));
#1535 = ( GEOMETRIC_REPRESENTATION_CONTEXT(2) 
PARAMETRIC_REPRESENTATION_CONTEXT() REPRESENTATION_CONTEXT('2D SPACE',''
  ) );
#1536 = ORIENTED_EDGE('',*,*,#1537,.T.);
#1537 = EDGE_CURVE('',#1503,#1538,#1540,.T.);
#1538 = VERTEX_POINT('',#1539);
#1539 = CARTESIAN_POINT('',(18.1904581048,-10.95580673148,1.256749910188
    ));
#1540 = SURFACE_CURVE('',#1541,(#1604,#1670),.PCURVE_S1.);
#1541 = B_SPLINE_CURVE_WITH_KNOTS('',7,(#1542,#1543,#1544,#1545,#1546,
    #1547,#1548,#1549,#1550,#1551,#1552,#1553,#1554,#1555,#1556,#1557,
    #1558,#1559,#1560,#1561,#1562,#1563,#1564,#1565,#1566,#1567,#1568,
    #1569,#1570,#1571,#1572,#1573,#1574,#1575,#1576,#1577,#1578,#1579,
    #1580,#1581,#1582,#1583,#1584,#1585,#1586,#1587,#1588,#1589,#1590,
    #1591,#1592,#1593,#1594,#1595,#1596,#1597,#1598,#1599,#1600,#1601,
    #1602,#1603),.UNSPECIFIED.,.T.,.F.,(8,6,6,6,6,6,6,6,6,6,8),(0.,
    1.779990069057E-05,3.55998014671E-05,8.046571704986E-02,
    0.221923576618,0.350381132904,0.517076141381,0.673653390646,
    0.811701519482,0.901385850888,1.),.UNSPECIFIED.);
#1542 = CARTESIAN_POINT('',(18.997112280945,-10.92606719651,
    1.492170671957));
#1543 = CARTESIAN_POINT('',(18.997132881314,-10.92606719308,
    1.49217067196));
#1544 = CARTESIAN_POINT('',(18.997153481682,-10.9260671897,
    1.492170671632));
#1545 = CARTESIAN_POINT('',(18.99717408205,-10.92606718636,
    1.492170670974));
#1546 = CARTESIAN_POINT('',(18.997194682419,-10.92606718306,
    1.492170669986));
#1547 = CARTESIAN_POINT('',(18.997215282787,-10.92606717982,
    1.492170668668));
#1548 = CARTESIAN_POINT('',(18.997235883155,-10.92606717661,
    1.49217066702));
#1549 = CARTESIAN_POINT('',(18.997277083892,-10.9260671703,
    1.492170663063));
#1550 = CARTESIAN_POINT('',(18.99729768426,-10.92606716718,
    1.492170660754));
#1551 = CARTESIAN_POINT('',(18.997318284628,-10.92606716412,
    1.492170658115));
#1552 = CARTESIAN_POINT('',(18.997338884996,-10.92606716109,
    1.492170655146));
#1553 = CARTESIAN_POINT('',(18.997359485364,-10.92606715812,
    1.492170651847));
#1554 = CARTESIAN_POINT('',(18.997380085732,-10.92606715518,
    1.492170648218));
#1555 = CARTESIAN_POINT('',(19.090484913501,-10.92605410646,
    1.49215275374));
#1556 = CARTESIAN_POINT('',(19.183561327214,-10.92696275285,
    1.485394168656));
#1557 = CARTESIAN_POINT('',(19.276281525329,-10.92879236896,
    1.471896760923));
#1558 = CARTESIAN_POINT('',(19.368290571853,-10.93152218011,
    1.451622718003));
#1559 = CARTESIAN_POINT('',(19.459207356054,-10.93510866388,
    1.424499948047));
#1560 = CARTESIAN_POINT('',(19.548604951794,-10.9394828546,
    1.390427485029));
#1561 = CARTESIAN_POINT('',(19.789682659608,-10.95345544041,
    1.276913615187));
#1562 = CARTESIAN_POINT('',(19.938760589489,-10.96459214779,
    1.181906829526));
#1563 = CARTESIAN_POINT('',(20.079011269602,-10.97743357032,
    1.063367730949));
#1564 = CARTESIAN_POINT('',(20.2057532268,-10.99102128466,0.921158500945
    ));
#1565 = CARTESIAN_POINT('',(20.313816597226,-11.00397389679,
    0.755960698271));
#1566 = CARTESIAN_POINT('',(20.39744458524,-11.01459916415,
    0.569437898134));
#1567 = CARTESIAN_POINT('',(20.497526396355,-11.02756788808,
    0.179299314703));
#1568 = CARTESIAN_POINT('',(20.518197556576,-11.03042014385,
    -1.629885209114E-02));
#1569 = CARTESIAN_POINT('',(20.508470373161,-11.02902796439,
    -0.214726488223));
#1570 = CARTESIAN_POINT('',(20.468248009455,-11.02318735434,
    -0.408013848848));
#1571 = CARTESIAN_POINT('',(20.400564536263,-11.01394541102,
    -0.588569446715));
#1572 = CARTESIAN_POINT('',(20.311528318022,-11.00296865667,
    -0.750261960488));
#1573 = CARTESIAN_POINT('',(20.078954467633,-10.97715364575,
    -1.070206914431));
#1574 = CARTESIAN_POINT('',(19.922908283209,-10.96167622149,
    -1.218848067133));
#1575 = CARTESIAN_POINT('',(19.750804613595,-10.94749105616,
    -1.335689124217));
#1576 = CARTESIAN_POINT('',(19.568328987109,-10.93609016514,
    -1.422024563437));
#1577 = CARTESIAN_POINT('',(19.379750267273,-10.92825206522,
    -1.479013447794));
#1578 = CARTESIAN_POINT('',(19.188271309979,-10.92434714201,
    -1.507490213041));
#1579 = CARTESIAN_POINT('',(18.816938824515,-10.92439817461,
    -1.507411456568));
#1580 = CARTESIAN_POINT('',(18.637123404949,-10.92789137209,
    -1.482213871387));
#1581 = CARTESIAN_POINT('',(18.459743068706,-10.93485219415,
    -1.431868624055));
#1582 = CARTESIAN_POINT('',(18.287457764795,-10.94498905325,
    -1.35576459257));
#1583 = CARTESIAN_POINT('',(18.123614436427,-10.95769783921,
    -1.252949209831));
#1584 = CARTESIAN_POINT('',(17.972699409116,-10.97185695732,
    -1.122354684592));
#1585 = CARTESIAN_POINT('',(17.725439130784,-10.99807780593,
    -0.823353019246));
#1586 = CARTESIAN_POINT('',(17.620915780852,-11.01059497269,
    -0.656613630627));
#1587 = CARTESIAN_POINT('',(17.53935329173,-11.02162339342,
    -0.466647034069));
#1588 = CARTESIAN_POINT('',(17.488671955659,-11.0290134489,
    -0.260323484725));
#1589 = CARTESIAN_POINT('',(17.473074574961,-11.03125230542,
    -4.663052160168E-02));
#1590 = CARTESIAN_POINT('',(17.492935890802,-11.02848200559,
    0.164875931675));
#1591 = CARTESIAN_POINT('',(17.578021590047,-11.0174509366,0.49598493104
    ));
#1592 = CARTESIAN_POINT('',(17.625183540679,-11.01141964623,
    0.622866339565));
#1593 = CARTESIAN_POINT('',(17.685552440831,-11.00392989069,
    0.744512849425));
#1594 = CARTESIAN_POINT('',(17.758422472174,-10.99534300641,
    0.859296435767));
#1595 = CARTESIAN_POINT('',(17.842837567917,-10.98611936172,
    0.965701457794));
#1596 = CARTESIAN_POINT('',(17.937609876219,-10.97676469838,
    1.062367841025));
#1597 = CARTESIAN_POINT('',(18.155415566086,-10.95785133545,
    1.242489889242));
#1598 = CARTESIAN_POINT('',(18.280430928325,-10.94835627442,
    1.32375946128));
#1599 = CARTESIAN_POINT('',(18.414531342542,-10.9399108827,
    1.390369166706));
#1600 = CARTESIAN_POINT('',(18.555599107303,-10.93312168716,
    1.441111607564));
#1601 = CARTESIAN_POINT('',(18.701328294812,-10.92843964032,
    1.475175554243));
#1602 = CARTESIAN_POINT('',(18.849306575987,-10.92609179773,
    1.492170654867));
#1603 = CARTESIAN_POINT('',(18.997112280945,-10.92606719651,
    1.492170671957));
#1604 = PCURVE('',#893,#1605);
#1605 = DEFINITIONAL_REPRESENTATION('',(#1606),#1669);
#1606 = B_SPLINE_CURVE_WITH_KNOTS('',7,(#1607,#1608,#1609,#1610,#1611,
    #1612,#1613,#1614,#1615,#1616,#1617,#1618,#1619,#1620,#1621,#1622,
    #1623,#1624,#1625,#1626,#1627,#1628,#1629,#1630,#1631,#1632,#1633,
    #1634,#1635,#1636,#1637,#1638,#1639,#1640,#1641,#1642,#1643,#1644,
    #1645,#1646,#1647,#1648,#1649,#1650,#1651,#1652,#1653,#1654,#1655,
    #1656,#1657,#1658,#1659,#1660,#1661,#1662,#1663,#1664,#1665,#1666,
    #1667,#1668),.UNSPECIFIED.,.T.,.F.,(8,6,6,6,6,6,6,6,6,6,8),(0.,
    1.779990069057E-05,3.55998014671E-05,8.046571704986E-02,
    0.221923576618,0.350381132904,0.517076141381,0.673653390646,
    0.811701519482,0.901385850888,1.),.UNSPECIFIED.);
#1607 = CARTESIAN_POINT('',(1.434923434706,7.048583168591));
#1608 = CARTESIAN_POINT('',(1.434923434306,7.048603768959));
#1609 = CARTESIAN_POINT('',(1.434923433936,7.048624369328));
#1610 = CARTESIAN_POINT('',(1.434923433596,7.048644969696));
#1611 = CARTESIAN_POINT('',(1.434923433286,7.048665570064));
#1612 = CARTESIAN_POINT('',(1.434923433007,7.048686170433));
#1613 = CARTESIAN_POINT('',(1.434923432758,7.048706770801));
#1614 = CARTESIAN_POINT('',(1.434923432321,7.048747971538));
#1615 = CARTESIAN_POINT('',(1.434923432132,7.048768571906));
#1616 = CARTESIAN_POINT('',(1.434923431974,7.048789172275));
#1617 = CARTESIAN_POINT('',(1.434923431845,7.048809772643));
#1618 = CARTESIAN_POINT('',(1.434923431747,7.048830373012));
#1619 = CARTESIAN_POINT('',(1.43492343168,7.04885097338));
#1620 = CARTESIAN_POINT('',(1.434923262139,7.141955803764));
#1621 = CARTESIAN_POINT('',(1.435540075716,7.235033523068));
#1622 = CARTESIAN_POINT('',(1.436773718332,7.327756329461));
#1623 = CARTESIAN_POINT('',(1.438627318489,7.419769297838));
#1624 = CARTESIAN_POINT('',(1.441106824264,7.510691338751));
#1625 = CARTESIAN_POINT('',(1.444220540334,7.600095556968));
#1626 = CARTESIAN_POINT('',(1.454588331741,7.841195412145));
#1627 = CARTESIAN_POINT('',(1.463260514844,7.99029195687));
#1628 = CARTESIAN_POINT('',(1.474070230753,8.130566008832));
#1629 = CARTESIAN_POINT('',(1.487021336733,8.25733625598));
#1630 = CARTESIAN_POINT('',(1.502041993129,8.365432879917));
#1631 = CARTESIAN_POINT('',(1.51897845923,8.449098964923));
#1632 = CARTESIAN_POINT('',(1.55437695859,8.549261735622));
#1633 = CARTESIAN_POINT('',(1.572113765646,8.569973987907));
#1634 = CARTESIAN_POINT('',(1.590102459602,8.560289080949));
#1635 = CARTESIAN_POINT('',(1.607632169941,8.520108515818));
#1636 = CARTESIAN_POINT('',(1.624025521624,8.452464609228));
#1637 = CARTESIAN_POINT('',(1.638723387865,8.363464195988));
#1638 = CARTESIAN_POINT('',(1.667837502115,8.13096175842));
#1639 = CARTESIAN_POINT('',(1.681389841814,7.974949231585));
#1640 = CARTESIAN_POINT('',(1.692065851529,7.802872297945));
#1641 = CARTESIAN_POINT('',(1.699967102492,7.620416555137));
#1642 = CARTESIAN_POINT('',(1.705187849654,7.431851005381));
#1643 = CARTESIAN_POINT('',(1.707798492284,7.240378630539));
#1644 = CARTESIAN_POINT('',(1.707798492284,6.869046133217));
#1645 = CARTESIAN_POINT('',(1.705495254066,6.689224895125));
#1646 = CARTESIAN_POINT('',(1.700889805939,6.511832930114));
#1647 = CARTESIAN_POINT('',(1.693930776866,6.339530097567));
#1648 = CARTESIAN_POINT('',(1.684540025411,6.175663221579));
#1649 = CARTESIAN_POINT('',(1.672632871238,6.024718555195));
#1650 = CARTESIAN_POINT('',(1.645417986616,5.777391265484));
#1651 = CARTESIAN_POINT('',(1.630257529943,5.672830834633));
#1652 = CARTESIAN_POINT('',(1.613006334034,5.591226542166));
#1653 = CARTESIAN_POINT('',(1.59429399762,5.540500432616));
#1654 = CARTESIAN_POINT('',(1.574922763877,5.524857422262));
#1655 = CARTESIAN_POINT('',(1.555743531327,5.544674259469));
#1656 = CARTESIAN_POINT('',(1.525697699493,5.629691246598));
#1657 = CARTESIAN_POINT('',(1.514178380254,5.676827114139));
#1658 = CARTESIAN_POINT('',(1.503126191767,5.737171241496));
#1659 = CARTESIAN_POINT('',(1.492687717468,5.810018105991));
#1660 = CARTESIAN_POINT('',(1.483001160252,5.89441189905));
#1661 = CARTESIAN_POINT('',(1.47419232671,5.989164987826));
#1662 = CARTESIAN_POINT('',(1.457763753033,6.206935067661));
#1663 = CARTESIAN_POINT('',(1.450341762765,6.331934494237));
#1664 = CARTESIAN_POINT('',(1.444250667969,6.466021937477));
#1665 = CARTESIAN_POINT('',(1.43960554638,6.607079868738));
#1666 = CARTESIAN_POINT('',(1.436484751809,6.752802470377));
#1667 = CARTESIAN_POINT('',(1.43492630563,6.900777464976));
#1668 = CARTESIAN_POINT('',(1.434923434706,7.048583168591));
#1669 = ( GEOMETRIC_REPRESENTATION_CONTEXT(2) 
PARAMETRIC_REPRESENTATION_CONTEXT() REPRESENTATION_CONTEXT('2D SPACE',''
  ) );
#1670 = PCURVE('',#1671,#1676);
#1671 = CYLINDRICAL_SURFACE('',#1672,1.499810380444);
#1672 = AXIS2_PLACEMENT_3D('',#1673,#1674,#1675);
#1673 = CARTESIAN_POINT('',(18.997144729122,-11.1613838835,
    -7.803544217521E-03));
#1674 = DIRECTION('',(-1.372836403118E-04,0.999999749275,
    6.946969415159E-04));
#1675 = DIRECTION('',(0.,-6.946969480623E-04,0.999999758698));
#1676 = DEFINITIONAL_REPRESENTATION('',(#1677),#1740);
#1677 = B_SPLINE_CURVE_WITH_KNOTS('',7,(#1678,#1679,#1680,#1681,#1682,
    #1683,#1684,#1685,#1686,#1687,#1688,#1689,#1690,#1691,#1692,#1693,
    #1694,#1695,#1696,#1697,#1698,#1699,#1700,#1701,#1702,#1703,#1704,
    #1705,#1706,#1707,#1708,#1709,#1710,#1711,#1712,#1713,#1714,#1715,
    #1716,#1717,#1718,#1719,#1720,#1721,#1722,#1723,#1724,#1725,#1726,
    #1727,#1728,#1729,#1730,#1731,#1732,#1733,#1734,#1735,#1736,#1737,
    #1738,#1739),.UNSPECIFIED.,.F.,.F.,(8,6,6,6,6,6,6,6,6,6,8),(0.,
    1.779990069057E-05,3.55998014671E-05,8.046571704986E-02,
    0.221923576618,0.350381132904,0.517076141381,0.673653390646,
    0.811701519482,0.901385850888,1.),.UNSPECIFIED.);
#1678 = CARTESIAN_POINT('',(8.881784197001E-16,0.236358659947));
#1679 = CARTESIAN_POINT('',(1.373531542383E-05,0.236358660548));
#1680 = CARTESIAN_POINT('',(2.747063082856E-05,0.236358661103));
#1681 = CARTESIAN_POINT('',(4.120594621662E-05,0.236358661613));
#1682 = CARTESIAN_POINT('',(5.494126158965E-05,0.236358662078));
#1683 = CARTESIAN_POINT('',(6.867657694932E-05,0.236358662497));
#1684 = CARTESIAN_POINT('',(8.241189229743E-05,0.236358662871));
#1685 = CARTESIAN_POINT('',(1.098825230357E-04,0.236358663528));
#1686 = CARTESIAN_POINT('',(1.236178384225E-04,0.236358663811));
#1687 = CARTESIAN_POINT('',(1.373531538009E-04,0.236358664049));
#1688 = CARTESIAN_POINT('',(1.510884691742E-04,0.236358664241));
#1689 = CARTESIAN_POINT('',(1.648237845438E-04,0.236358664388));
#1690 = CARTESIAN_POINT('',(1.785590999098E-04,0.23635866449));
#1691 = CARTESIAN_POINT('',(6.225629346971E-02,0.23635891901));
#1692 = CARTESIAN_POINT('',(0.124315698329,0.235432799807));
#1693 = CARTESIAN_POINT('',(0.186529232518,0.233581078581));
#1694 = CARTESIAN_POINT('',(0.249050113191,0.23082455247));
#1695 = CARTESIAN_POINT('',(0.312032182009,0.227206746108));
#1696 = CARTESIAN_POINT('',(0.375636036002,0.222796613618));
#1697 = CARTESIAN_POINT('',(0.553298228674,0.208712077545));
#1698 = CARTESIAN_POINT('',(0.670206826229,0.197488906079));
#1699 = CARTESIAN_POINT('',(0.790850849941,0.184545883892));
#1700 = CARTESIAN_POINT('',(0.915491091773,0.170841981044));
#1701 = CARTESIAN_POINT('',(1.044628540597,0.157759774419));
#1702 = CARTESIAN_POINT('',(1.17894314455,0.146993452155));
#1703 = CARTESIAN_POINT('',(1.44748491578,0.133739963793));
#1704 = CARTESIAN_POINT('',(1.577232543437,0.130748989478));
#1705 = CARTESIAN_POINT('',(1.707186596201,0.132004656899));
#1706 = CARTESIAN_POINT('',(1.836046691467,0.137716511226));
#1707 = CARTESIAN_POINT('',(1.962428158887,0.146842312641));
#1708 = CARTESIAN_POINT('',(2.084541931865,0.157718960153));
#1709 = CARTESIAN_POINT('',(2.348279787049,0.183343628413));
#1710 = CARTESIAN_POINT('',(2.489625970406,0.198739210826));
#1711 = CARTESIAN_POINT('',(2.625504638992,0.212866830494));
#1712 = CARTESIAN_POINT('',(2.75734516709,0.224232792607));
#1713 = CARTESIAN_POINT('',(2.886473539639,0.232057189326));
#1714 = CARTESIAN_POINT('',(3.014137220497,0.235968615767));
#1715 = CARTESIAN_POINT('',(3.261723516848,0.235968615767));
#1716 = CARTESIAN_POINT('',(3.381618879641,0.232517609561));
#1717 = CARTESIAN_POINT('',(3.502714645508,0.225616115359));
#1718 = CARTESIAN_POINT('',(3.626037429027,0.215555779989));
#1719 = CARTESIAN_POINT('',(3.752729697802,0.202940915751));
#1720 = CARTESIAN_POINT('',(3.883962469872,0.188893242976));
#1721 = CARTESIAN_POINT('',(4.142668933216,0.162914061275));
#1722 = CARTESIAN_POINT('',(4.272762522418,0.15052708034));
#1723 = CARTESIAN_POINT('',(4.407934876179,0.139641828786));
#1724 = CARTESIAN_POINT('',(4.546157687468,0.132402065215));
#1725 = CARTESIAN_POINT('',(4.685879507113,0.130313802372));
#1726 = CARTESIAN_POINT('',(4.825757606506,0.133228307757));
#1727 = CARTESIAN_POINT('',(5.053692718014,0.144477713515));
#1728 = CARTESIAN_POINT('',(5.143452677078,0.150590671935));
#1729 = CARTESIAN_POINT('',(5.233204897983,0.158156645391));
#1730 = CARTESIAN_POINT('',(5.322960663786,0.166813263464));
#1731 = CARTESIAN_POINT('',(5.412725979627,0.176099236271));
#1732 = CARTESIAN_POINT('',(5.502493586754,0.185508040423));
#1733 = CARTESIAN_POINT('',(5.690937341039,0.204516627684));
#1734 = CARTESIAN_POINT('',(5.789702641694,0.214050981493));
#1735 = CARTESIAN_POINT('',(5.888478626211,0.222524234864));
#1736 = CARTESIAN_POINT('',(5.987241185469,0.22932931302));
#1737 = CARTESIAN_POINT('',(6.085971211634,0.234015016581));
#1738 = CARTESIAN_POINT('',(6.184635711264,0.236354350028));
#1739 = CARTESIAN_POINT('',(6.28318530718,0.236358659947));
#1740 = ( GEOMETRIC_REPRESENTATION_CONTEXT(2) 
PARAMETRIC_REPRESENTATION_CONTEXT() REPRESENTATION_CONTEXT('2D SPACE',''
  ) );
#1741 = ORIENTED_EDGE('',*,*,#1742,.F.);
#1742 = EDGE_CURVE('',#1743,#1538,#1745,.T.);
#1743 = VERTEX_POINT('',#1744);
#1744 = CARTESIAN_POINT('',(17.865434169598,-10.92416405532,
    1.507392219827));
#1745 = SURFACE_CURVE('',#1746,(#1751,#1762),.PCURVE_S1.);
#1746 = ELLIPSE('',#1747,113.36425706286,11.0268320358);
#1747 = AXIS2_PLACEMENT_3D('',#1748,#1749,#1750);
#1748 = CARTESIAN_POINT('',(-93.89703877543,-1.637929003304E-02,
    2.247268683435E-02));
#1749 = DIRECTION('',(9.713232364084E-02,0.995271428627,
    3.083221041875E-04));
#1750 = DIRECTION('',(0.995271453776,-9.713225074418E-02,
    -2.43235102332E-04));
#1751 = PCURVE('',#893,#1752);
#1752 = DEFINITIONAL_REPRESENTATION('',(#1753),#1761);
#1753 = B_SPLINE_CURVE_WITH_KNOTS('',6,(#1754,#1755,#1756,#1757,#1758,
    #1759,#1760),.UNSPECIFIED.,.F.,.F.,(7,7),(6.085566310537,
    6.480756985331),.PIECEWISE_BEZIER_KNOTS.);
#1754 = CARTESIAN_POINT('',(1.373507820341,4.786979623323));
#1755 = CARTESIAN_POINT('',(1.439372932807,6.246014074364));
#1756 = CARTESIAN_POINT('',(1.505238045272,7.129120896349));
#1757 = CARTESIAN_POINT('',(1.571103157738,7.424906841179));
#1758 = CARTESIAN_POINT('',(1.636968270203,7.12947391369));
#1759 = CARTESIAN_POINT('',(1.702833382669,6.246717345343));
#1760 = CARTESIAN_POINT('',(1.768698495135,4.788027691857));
#1761 = ( GEOMETRIC_REPRESENTATION_CONTEXT(2) 
PARAMETRIC_REPRESENTATION_CONTEXT() REPRESENTATION_CONTEXT('2D SPACE',''
  ) );
#1762 = PCURVE('',#1525,#1763);
#1763 = DEFINITIONAL_REPRESENTATION('',(#1764),#1768);
#1764 = ELLIPSE('',#1765,113.36425706286,11.0268320358);
#1765 = AXIS2_PLACEMENT_2D('',#1766,#1767);
#1766 = CARTESIAN_POINT('',(-113.4066889664,-2.214302911194E-02));
#1767 = DIRECTION('',(0.999999970418,2.432351138933E-04));
#1768 = ( GEOMETRIC_REPRESENTATION_CONTEXT(2) 
PARAMETRIC_REPRESENTATION_CONTEXT() REPRESENTATION_CONTEXT('2D SPACE',''
  ) );
#1769 = ORIENTED_EDGE('',*,*,#1770,.T.);
#1770 = EDGE_CURVE('',#1743,#1771,#1773,.T.);
#1771 = VERTEX_POINT('',#1772);
#1772 = CARTESIAN_POINT('',(20.680837311041,-11.02746465477,
    3.821320735436E-04));
#1773 = SURFACE_CURVE('',#1774,(#1819,#1892),.PCURVE_S1.);
#1774 = B_SPLINE_CURVE_WITH_KNOTS('',7,(#1775,#1776,#1777,#1778,#1779,
    #1780,#1781,#1782,#1783,#1784,#1785,#1786,#1787,#1788,#1789,#1790,
    #1791,#1792,#1793,#1794,#1795,#1796,#1797,#1798,#1799,#1800,#1801,
    #1802,#1803,#1804,#1805,#1806,#1807,#1808,#1809,#1810,#1811,#1812,
    #1813,#1814,#1815,#1816,#1817,#1818),.UNSPECIFIED.,.F.,.F.,(8,6,6,6,
    6,6,6,8),(0.,1.,1.974303381705,2.364171555406,2.801740223125,
    3.122418900425,3.376511544164,3.616617989992),.UNSPECIFIED.);
#1775 = CARTESIAN_POINT('',(17.865434169598,-10.92416405532,
    1.507392219827));
#1776 = CARTESIAN_POINT('',(17.994476342818,-10.91495794419,
    1.573893044182));
#1777 = CARTESIAN_POINT('',(18.126876807842,-10.9069264927,
    1.628397319457));
#1778 = CARTESIAN_POINT('',(18.261674900832,-10.90029091856,
    1.671551653164));
#1779 = CARTESIAN_POINT('',(18.398123182267,-10.89520322781,
    1.703727351323));
#1780 = CARTESIAN_POINT('',(18.535613003248,-10.89176061957,
    1.725154313396));
#1781 = CARTESIAN_POINT('',(18.6736486021,-10.8900180664,1.735929535181)
  );
#1782 = CARTESIAN_POINT('',(18.946539044863,-10.88998056278,
    1.735871657431));
#1783 = CARTESIAN_POINT('',(19.081075439716,-10.89159837178,
    1.725587508934));
#1784 = CARTESIAN_POINT('',(19.215019849108,-10.89486131499,
    1.704991366754));
#1785 = CARTESIAN_POINT('',(19.347810165509,-10.89974242672,
    1.673867031412));
#1786 = CARTESIAN_POINT('',(19.478767724407,-10.90616429214,
    1.631894283732));
#1787 = CARTESIAN_POINT('',(19.607093868121,-10.91398645203,
    1.578674859033));
#1788 = CARTESIAN_POINT('',(19.781716577202,-10.92659484416,
    1.487580463113));
#1789 = CARTESIAN_POINT('',(19.831036862082,-10.9303870662,
    1.459654421973));
#1790 = CARTESIAN_POINT('',(19.879706457897,-10.9343539167,1.42980055211
    ));
#1791 = CARTESIAN_POINT('',(19.927650266852,-10.93847869323,
    1.397981878135));
#1792 = CARTESIAN_POINT('',(19.974783119945,-10.94274193387,
    1.364160529433));
#1793 = CARTESIAN_POINT('',(20.021009456505,-10.94712113357,1.3282980595
    ));
#1794 = CARTESIAN_POINT('',(20.116968442726,-10.95660661109,
    1.247771219409));
#1795 = CARTESIAN_POINT('',(20.166432443472,-10.96173567679,
    1.202571389592));
#1796 = CARTESIAN_POINT('',(20.214468865801,-10.96694173678,
    1.154699409278));
#1797 = CARTESIAN_POINT('',(20.260900645749,-10.97218191572,
    1.104106936677));
#1798 = CARTESIAN_POINT('',(20.305522173528,-10.97740650214,
    1.050759859252));
#1799 = CARTESIAN_POINT('',(20.348101671493,-10.98255906671,
    0.99464399821));
#1800 = CARTESIAN_POINT('',(20.41790475943,-10.99125373997,
    0.892624727467));
#1801 = CARTESIAN_POINT('',(20.44618930907,-10.99485804993,0.84800140596
    ));
#1802 = CARTESIAN_POINT('',(20.473135590801,-10.99836474179,
    0.801908748687));
#1803 = CARTESIAN_POINT('',(20.4986310917,-11.00174658545,0.754368092725
    ));
#1804 = CARTESIAN_POINT('',(20.522556185238,-11.0049747558,
    0.705417716712));
#1805 = CARTESIAN_POINT('',(20.544787900379,-11.00801969916,
    0.655116345548));
#1806 = CARTESIAN_POINT('',(20.581380326355,-11.01309619848,
    0.562684945483));
#1807 = CARTESIAN_POINT('',(20.59641684199,-11.01520690254,
    0.521027104202));
#1808 = CARTESIAN_POINT('',(20.610251714326,-11.01716945478,
    0.478616816775));
#1809 = CARTESIAN_POINT('',(20.62282418933,-11.01896938025,
    0.435507319241));
#1810 = CARTESIAN_POINT('',(20.634076658524,-11.02059297087,
    0.391762330858));
#1811 = CARTESIAN_POINT('',(20.643957035308,-11.02202787021,
    0.347456986822));
#1812 = CARTESIAN_POINT('',(20.660419332147,-11.02443142396,
    0.26036531357));
#1813 = CARTESIAN_POINT('',(20.667153355536,-11.02542147258,
    0.217627214785));
#1814 = CARTESIAN_POINT('',(20.672585498972,-11.0262249297,
    0.174540178946));
#1815 = CARTESIAN_POINT('',(20.676685879854,-11.0268347418,
    0.131184769641));
#1816 = CARTESIAN_POINT('',(20.67943350173,-11.02724594141,
    8.764618621304E-02));
#1817 = CARTESIAN_POINT('',(20.680817320572,-11.02745591233,
    4.401404024857E-02));
#1818 = CARTESIAN_POINT('',(20.680837311041,-11.02746465477,
    3.82132073543E-04));
#1819 = PCURVE('',#893,#1820);
#1820 = DEFINITIONAL_REPRESENTATION('',(#1821),#1891);
#1821 = B_SPLINE_CURVE_WITH_KNOTS('',3,(#1822,#1823,#1824,#1825,#1826,
    #1827,#1828,#1829,#1830,#1831,#1832,#1833,#1834,#1835,#1836,#1837,
    #1838,#1839,#1840,#1841,#1842,#1843,#1844,#1845,#1846,#1847,#1848,
    #1849,#1850,#1851,#1852,#1853,#1854,#1855,#1856,#1857,#1858,#1859,
    #1860,#1861,#1862,#1863,#1864,#1865,#1866,#1867,#1868,#1869,#1870,
    #1871,#1872,#1873,#1874,#1875,#1876,#1877,#1878,#1879,#1880,#1881,
    #1882,#1883,#1884,#1885,#1886,#1887,#1888,#1889,#1890),
  .UNSPECIFIED.,.F.,.F.,(4,1,1,1,1,1,1,1,1,1,1,1,1,1,1,1,1,1,1,1,1,1,1,1
    ,1,1,1,1,1,1,1,1,1,1,1,1,1,1,1,1,1,1,1,1,1,1,1,1,1,1,1,1,1,1,1,1,1,1
    ,1,1,1,1,1,1,1,1,4),(0.,5.479724227261E-02,0.109594484545,
    0.164391726818,0.21918896909,0.273986211363,0.328783453636,
    0.383580695908,0.438377938181,0.493175180453,0.547972422726,
    0.602769664999,0.657566907271,0.712364149544,0.767161391816,
    0.821958634089,0.876755876362,0.931553118634,0.986350360907,
    1.04114760318,1.095944845452,1.150742087725,1.205539329997,
    1.26033657227,1.315133814543,1.369931056815,1.424728299088,
    1.47952554136,1.534322783633,1.589120025906,1.643917268178,
    1.698714510451,1.753511752723,1.808308994996,1.863106237269,
    1.917903479541,1.972700721814,2.027497964086,2.082295206359,
    2.137092448632,2.191889690904,2.246686933177,2.301484175449,
    2.356281417722,2.411078659995,2.465875902267,2.52067314454,
    2.575470386812,2.630267629085,2.685064871358,2.73986211363,
    2.794659355903,2.849456598175,2.904253840448,2.959051082721,
    3.013848324993,3.068645567266,3.123442809539,3.178240051811,
    3.233037294084,3.287834536356,3.342631778629,3.397429020902,
    3.452226263174,3.507023505447,3.561820747719,3.616617989992),
  .QUASI_UNIFORM_KNOTS.);
#1822 = CARTESIAN_POINT('',(1.433552024252,5.916902126573));
#1823 = CARTESIAN_POINT('',(1.432773296362,5.933399972452));
#1824 = CARTESIAN_POINT('',(1.431261702456,5.966536461268));
#1825 = CARTESIAN_POINT('',(1.429130248189,6.016632840823));
#1826 = CARTESIAN_POINT('',(1.427133018618,6.067089548797));
#1827 = CARTESIAN_POINT('',(1.425268521881,6.117877272991));
#1828 = CARTESIAN_POINT('',(1.423535395352,6.168967917607));
#1829 = CARTESIAN_POINT('',(1.42193241699,6.220334724817));
#1830 = CARTESIAN_POINT('',(1.420458491337,6.271952160663));
#1831 = CARTESIAN_POINT('',(1.419112644321,6.323795872507));
#1832 = CARTESIAN_POINT('',(1.417894017704,6.375842635694));
#1833 = CARTESIAN_POINT('',(1.416801865628,6.428070311589));
#1834 = CARTESIAN_POINT('',(1.415835552589,6.480457810639));
#1835 = CARTESIAN_POINT('',(1.414994553023,6.532985063726));
#1836 = CARTESIAN_POINT('',(1.414278452455,6.585632995086));
#1837 = CARTESIAN_POINT('',(1.413686950147,6.638383520423));
#1838 = CARTESIAN_POINT('',(1.413219863596,6.691219482427));
#1839 = CARTESIAN_POINT('',(1.412877133477,6.744124851246));
#1840 = CARTESIAN_POINT('',(1.412658834331,6.7970839675));
#1841 = CARTESIAN_POINT('',(1.412565171165,6.8500843899));
#1842 = CARTESIAN_POINT('',(1.412596536022,6.903106321677));
#1843 = CARTESIAN_POINT('',(1.412753206324,6.956090562917));
#1844 = CARTESIAN_POINT('',(1.413035501724,7.009028046428));
#1845 = CARTESIAN_POINT('',(1.413443863282,7.061897167705));
#1846 = CARTESIAN_POINT('',(1.413978825109,7.1146785267));
#1847 = CARTESIAN_POINT('',(1.41464101493,7.167350956118));
#1848 = CARTESIAN_POINT('',(1.415431147899,7.219892563363));
#1849 = CARTESIAN_POINT('',(1.416350023337,7.272280427742));
#1850 = CARTESIAN_POINT('',(1.417398521918,7.324490655879));
#1851 = CARTESIAN_POINT('',(1.418577604091,7.37649833836));
#1852 = CARTESIAN_POINT('',(1.419888309627,7.428277529072));
#1853 = CARTESIAN_POINT('',(1.421331758495,7.479801214776));
#1854 = CARTESIAN_POINT('',(1.422909152969,7.531041279826));
#1855 = CARTESIAN_POINT('',(1.424621781664,7.58196847528));
#1856 = CARTESIAN_POINT('',(1.426471023431,7.63255234695));
#1857 = CARTESIAN_POINT('',(1.428458359243,7.682761291487));
#1858 = CARTESIAN_POINT('',(1.430585362191,7.732562105986));
#1859 = CARTESIAN_POINT('',(1.432853777575,7.781921396553));
#1860 = CARTESIAN_POINT('',(1.435265275609,7.830800015062));
#1861 = CARTESIAN_POINT('',(1.437821454456,7.879154166523));
#1862 = CARTESIAN_POINT('',(1.440524191659,7.926942125453));
#1863 = CARTESIAN_POINT('',(1.443375320171,7.974117456715));
#1864 = CARTESIAN_POINT('',(1.446376713295,8.02063080818));
#1865 = CARTESIAN_POINT('',(1.44953024764,8.066429237578));
#1866 = CARTESIAN_POINT('',(1.452837846445,8.111456846652));
#1867 = CARTESIAN_POINT('',(1.456301324025,8.155652651856));
#1868 = CARTESIAN_POINT('',(1.459922363733,8.19895068994));
#1869 = CARTESIAN_POINT('',(1.463702769745,8.241283046912));
#1870 = CARTESIAN_POINT('',(1.467644032475,8.282574680415));
#1871 = CARTESIAN_POINT('',(1.471747391079,8.322744969751));
#1872 = CARTESIAN_POINT('',(1.476013771613,8.361707563094));
#1873 = CARTESIAN_POINT('',(1.480443743052,8.399370545475));
#1874 = CARTESIAN_POINT('',(1.485037526331,8.435637026501));
#1875 = CARTESIAN_POINT('',(1.489794773649,8.470403728356));
#1876 = CARTESIAN_POINT('',(1.494714005113,8.503558743364));
#1877 = CARTESIAN_POINT('',(1.49979317536,8.534986783713));
#1878 = CARTESIAN_POINT('',(1.505029067625,8.564566538735));
#1879 = CARTESIAN_POINT('',(1.510417304661,8.592173081698));
#1880 = CARTESIAN_POINT('',(1.515952211447,8.617679027588));
#1881 = CARTESIAN_POINT('',(1.521626670163,8.640955796182));
#1882 = CARTESIAN_POINT('',(1.527431543439,8.661874687467));
#1883 = CARTESIAN_POINT('',(1.533356073096,8.680311337159));
#1884 = CARTESIAN_POINT('',(1.53938777186,8.696148416765));
#1885 = CARTESIAN_POINT('',(1.545512239495,8.709278313004));
#1886 = CARTESIAN_POINT('',(1.551713594958,8.719606888024));
#1887 = CARTESIAN_POINT('',(1.557973942077,8.727056570548));
#1888 = CARTESIAN_POINT('',(1.564274627338,8.731567844935));
#1889 = CARTESIAN_POINT('',(1.568488692364,8.732596958826));
#1890 = CARTESIAN_POINT('',(1.570595866534,8.732610605458));
#1891 = ( GEOMETRIC_REPRESENTATION_CONTEXT(2) 
PARAMETRIC_REPRESENTATION_CONTEXT() REPRESENTATION_CONTEXT('2D SPACE',''
  ) );
#1892 = PCURVE('',#1893,#1898);
#1893 = CONICAL_SURFACE('',#1894,1.873613515206,0.798412292918);
#1894 = AXIS2_PLACEMENT_3D('',#1895,#1896,#1897);
#1895 = CARTESIAN_POINT('',(18.973404596088,-11.03182823443,
    3.296587748971E-04));
#1896 = DIRECTION('',(-9.713232364084E-02,-0.995271428627,
    -3.083221041875E-04));
#1897 = DIRECTION('',(0.995271475934,-9.713232825766E-02,0.));
#1898 = DEFINITIONAL_REPRESENTATION('',(#1899),#1969);
#1899 = B_SPLINE_CURVE_WITH_KNOTS('',3,(#1900,#1901,#1902,#1903,#1904,
    #1905,#1906,#1907,#1908,#1909,#1910,#1911,#1912,#1913,#1914,#1915,
    #1916,#1917,#1918,#1919,#1920,#1921,#1922,#1923,#1924,#1925,#1926,
    #1927,#1928,#1929,#1930,#1931,#1932,#1933,#1934,#1935,#1936,#1937,
    #1938,#1939,#1940,#1941,#1942,#1943,#1944,#1945,#1946,#1947,#1948,
    #1949,#1950,#1951,#1952,#1953,#1954,#1955,#1956,#1957,#1958,#1959,
    #1960,#1961,#1962,#1963,#1964,#1965,#1966,#1967,#1968),
  .UNSPECIFIED.,.F.,.F.,(4,1,1,1,1,1,1,1,1,1,1,1,1,1,1,1,1,1,1,1,1,1,1,1
    ,1,1,1,1,1,1,1,1,1,1,1,1,1,1,1,1,1,1,1,1,1,1,1,1,1,1,1,1,1,1,1,1,1,1
    ,1,1,1,1,1,1,1,1,4),(0.,5.479724227261E-02,0.109594484545,
    0.164391726818,0.21918896909,0.273986211363,0.328783453636,
    0.383580695908,0.438377938181,0.493175180453,0.547972422726,
    0.602769664999,0.657566907271,0.712364149544,0.767161391816,
    0.821958634089,0.876755876362,0.931553118634,0.986350360907,
    1.04114760318,1.095944845452,1.150742087725,1.205539329997,
    1.26033657227,1.315133814543,1.369931056815,1.424728299088,
    1.47952554136,1.534322783633,1.589120025906,1.643917268178,
    1.698714510451,1.753511752723,1.808308994996,1.863106237269,
    1.917903479541,1.972700721814,2.027497964086,2.082295206359,
    2.137092448632,2.191889690904,2.246686933177,2.301484175449,
    2.356281417722,2.411078659995,2.465875902267,2.52067314454,
    2.575470386812,2.630267629085,2.685064871358,2.73986211363,
    2.794659355903,2.849456598175,2.904253840448,2.959051082721,
    3.013848324993,3.068645567266,3.123442809539,3.178240051811,
    3.233037294084,3.287834536356,3.342631778629,3.397429020902,
    3.452226263174,3.507023505447,3.561820747719,3.616617989992),
  .QUASI_UNIFORM_KNOTS.);
#1900 = CARTESIAN_POINT('',(-4.076192726077,-5.321091995994E-16));
#1901 = CARTESIAN_POINT('',(-4.085889468645,-2.776824768976E-03));
#1902 = CARTESIAN_POINT('',(-4.105274197166,-8.294678584228E-03));
#1903 = CARTESIAN_POINT('',(-4.134335918251,-1.645429638627E-02));
#1904 = CARTESIAN_POINT('',(-4.163393482291,-2.448673205766E-02));
#1905 = CARTESIAN_POINT('',(-4.192456996153,-3.238281848833E-02));
#1906 = CARTESIAN_POINT('',(-4.22153598278,-4.013392742822E-02));
#1907 = CARTESIAN_POINT('',(-4.250639372544,-4.773202870025E-02));
#1908 = CARTESIAN_POINT('',(-4.27977562788,-5.516964652155E-02));
#1909 = CARTESIAN_POINT('',(-4.308952824096,-6.243984194796E-02));
#1910 = CARTESIAN_POINT('',(-4.338178735208,-6.953618822717E-02));
#1911 = CARTESIAN_POINT('',(-4.367460913332,-7.645274904621E-02));
#1912 = CARTESIAN_POINT('',(-4.396806766134,-8.31840577445E-02));
#1913 = CARTESIAN_POINT('',(-4.42622363379,-8.972509868522E-02));
#1914 = CARTESIAN_POINT('',(-4.455718863608,-9.607129006952E-02));
#1915 = CARTESIAN_POINT('',(-4.48529989699,-0.102218470647));
#1916 = CARTESIAN_POINT('',(-4.514974320876,-0.108162880654));
#1917 = CARTESIAN_POINT('',(-4.544750069503,-0.11390117126));
#1918 = CARTESIAN_POINT('',(-4.574635089973,-0.119430311767));
#1919 = CARTESIAN_POINT('',(-4.604639040635,-0.12474787853));
#1920 = CARTESIAN_POINT('',(-4.634767441104,-0.129850914378));
#1921 = CARTESIAN_POINT('',(-4.665003279097,-0.134733260027));
#1922 = CARTESIAN_POINT('',(-4.695357986659,-0.13939414035));
#1923 = CARTESIAN_POINT('',(-4.725836039277,-0.143831839414));
#1924 = CARTESIAN_POINT('',(-4.756443369434,-0.148045222832));
#1925 = CARTESIAN_POINT('',(-4.787185191917,-0.152033356425));
#1926 = CARTESIAN_POINT('',(-4.81806666781,-0.155795632423));
#1927 = CARTESIAN_POINT('',(-4.849092809729,-0.159331757857));
#1928 = CARTESIAN_POINT('',(-4.880268592732,-0.162641778681));
#1929 = CARTESIAN_POINT('',(-4.91159901325,-0.165726093701));
#1930 = CARTESIAN_POINT('',(-4.943089165882,-0.168585471027));
#1931 = CARTESIAN_POINT('',(-4.974744321043,-0.171221063921));
#1932 = CARTESIAN_POINT('',(-5.006570007374,-0.173634426897));
#1933 = CARTESIAN_POINT('',(-5.038572106982,-0.175827531993));
#1934 = CARTESIAN_POINT('',(-5.07075693486,-0.177802783684));
#1935 = CARTESIAN_POINT('',(-5.103131417392,-0.179563036449));
#1936 = CARTESIAN_POINT('',(-5.135702947996,-0.181111596808));
#1937 = CARTESIAN_POINT('',(-5.168480502301,-0.182452273222));
#1938 = CARTESIAN_POINT('',(-5.201471115094,-0.183589231294));
#1939 = CARTESIAN_POINT('',(-5.234680607476,-0.184527173438));
#1940 = CARTESIAN_POINT('',(-5.268118341383,-0.18527144061));
#1941 = CARTESIAN_POINT('',(-5.301792843027,-0.185827895254));
#1942 = CARTESIAN_POINT('',(-5.335713179349,-0.186203019439));
#1943 = CARTESIAN_POINT('',(-5.369888679254,-0.186403940875));
#1944 = CARTESIAN_POINT('',(-5.404329608012,-0.186438452415));
#1945 = CARTESIAN_POINT('',(-5.439045753477,-0.18631503978));
#1946 = CARTESIAN_POINT('',(-5.474046603135,-0.186042933445));
#1947 = CARTESIAN_POINT('',(-5.509344018528,-0.1856321097));
#1948 = CARTESIAN_POINT('',(-5.544948290923,-0.185093385186));
#1949 = CARTESIAN_POINT('',(-5.580869344157,-0.184438410152));
#1950 = CARTESIAN_POINT('',(-5.617116630382,-0.183679681001));
#1951 = CARTESIAN_POINT('',(-5.653699237178,-0.182830551971));
#1952 = CARTESIAN_POINT('',(-5.690626408376,-0.181905220346));
#1953 = CARTESIAN_POINT('',(-5.727906156752,-0.180918817687));
#1954 = CARTESIAN_POINT('',(-5.765541724259,-0.179887238499));
#1955 = CARTESIAN_POINT('',(-5.803536583014,-0.178827173925));
#1956 = CARTESIAN_POINT('',(-5.8418904039,-0.177756014924));
#1957 = CARTESIAN_POINT('',(-5.880599912898,-0.176691575609));
#1958 = CARTESIAN_POINT('',(-5.91965841551,-0.175651959537));
#1959 = CARTESIAN_POINT('',(-5.959055211833,-0.174655467839));
#1960 = CARTESIAN_POINT('',(-5.998772185061,-0.173720068213));
#1961 = CARTESIAN_POINT('',(-6.038786818433,-0.17286322718));
#1962 = CARTESIAN_POINT('',(-6.079071533425,-0.172101329041));
#1963 = CARTESIAN_POINT('',(-6.119592299698,-0.171449335244));
#1964 = CARTESIAN_POINT('',(-6.160311076314,-0.170920353401));
#1965 = CARTESIAN_POINT('',(-6.20118170782,-0.170525086902));
#1966 = CARTESIAN_POINT('',(-6.242156992987,-0.170271823042));
#1967 = CARTESIAN_POINT('',(-6.269508971862,-0.170200368961));
#1968 = CARTESIAN_POINT('',(-6.28318530718,-0.170189869404));
#1969 = ( GEOMETRIC_REPRESENTATION_CONTEXT(2) 
PARAMETRIC_REPRESENTATION_CONTEXT() REPRESENTATION_CONTEXT('2D SPACE',''
  ) );
#1970 = ORIENTED_EDGE('',*,*,#1971,.F.);
#1971 = EDGE_CURVE('',#1505,#1771,#1972,.T.);
#1972 = SURFACE_CURVE('',#1973,(#2011,#2052),.PCURVE_S1.);
#1973 = B_SPLINE_CURVE_WITH_KNOTS('',6,(#1974,#1975,#1976,#1977,#1978,
    #1979,#1980,#1981,#1982,#1983,#1984,#1985,#1986,#1987,#1988,#1989,
    #1990,#1991,#1992,#1993,#1994,#1995,#1996,#1997,#1998,#1999,#2000,
    #2001,#2002,#2003,#2004,#2005,#2006,#2007,#2008,#2009,#2010),
  .UNSPECIFIED.,.F.,.F.,(7,5,5,5,5,5,5,7),(0.,0.233206440444,
    0.463459954328,0.547601133227,0.650460069107,0.772864328482,
    0.862143061347,1.),.UNSPECIFIED.);
#1974 = CARTESIAN_POINT('',(17.872320872177,-10.92390086302,
    -1.511752984404));
#1975 = CARTESIAN_POINT('',(17.999389096717,-10.91491921472,
    -1.576601783161));
#1976 = CARTESIAN_POINT('',(18.129739302943,-10.90711567348,
    -1.629527717906));
#1977 = CARTESIAN_POINT('',(18.262415233139,-10.90071559592,
    -1.671230243914));
#1978 = CARTESIAN_POINT('',(18.396660746301,-10.89586944274,
    -1.702036641345));
#1979 = CARTESIAN_POINT('',(18.5318321651,-10.89266780011,
    -1.722163841342));
#1980 = CARTESIAN_POINT('',(18.801254302355,-10.88965701939,
    -1.740938309514));
#1981 = CARTESIAN_POINT('',(18.935418007175,-10.889806321,
    -1.739849379124));
#1982 = CARTESIAN_POINT('',(19.069367134781,-10.89163810055,
    -1.728367927098));
#1983 = CARTESIAN_POINT('',(19.202502603649,-10.89514484089,
    -1.706316653549));
#1984 = CARTESIAN_POINT('',(19.334142473519,-10.90025975966,
    -1.673425154988));
#1985 = CARTESIAN_POINT('',(19.510744337626,-10.90924826927,
    -1.613072807771));
#1986 = CARTESIAN_POINT('',(19.557697832149,-10.91184970065,
    -1.59541155327));
#1987 = CARTESIAN_POINT('',(19.604300236855,-10.91464013706,
    -1.576219113287));
#1988 = CARTESIAN_POINT('',(19.650505800453,-10.91761103766,
    -1.555471128261));
#1989 = CARTESIAN_POINT('',(19.696263801006,-10.92075216005,
    -1.533140856373));
#1990 = CARTESIAN_POINT('',(19.796840505619,-10.92808493377,
    -1.479931506393));
#1991 = CARTESIAN_POINT('',(19.851408380387,-10.9323546279,
    -1.448256760966));
#1992 = CARTESIAN_POINT('',(19.905121926449,-10.93683872692,
    -1.414120590669));
#1993 = CARTESIAN_POINT('',(19.957862096336,-10.94151051938,
    -1.377466381137));
#1994 = CARTESIAN_POINT('',(20.009490170286,-10.94633772111,
    -1.338236133643));
#1995 = CARTESIAN_POINT('',(20.119772421971,-10.95716513299,-1.246551389
    ));
#1996 = CARTESIAN_POINT('',(20.177889633603,-10.96321307965,
    -1.193006920004));
#1997 = CARTESIAN_POINT('',(20.233938254473,-10.96936157584,
    -1.135634923305));
#1998 = CARTESIAN_POINT('',(20.287583579347,-10.97552993653,
    -1.074352252437));
#1999 = CARTESIAN_POINT('',(20.338424873909,-10.98162111193,
    -1.009116178477));
#2000 = CARTESIAN_POINT('',(20.420706698578,-10.99182604498,
    -0.889493089438));
#2001 = CARTESIAN_POINT('',(20.453670257695,-10.99602838148,
    -0.836953102716));
#2002 = CARTESIAN_POINT('',(20.484714769068,-11.00008526712,
    -0.782338106919));
#2003 = CARTESIAN_POINT('',(20.513634523946,-11.0039470348,
    -0.725692918707));
#2004 = CARTESIAN_POINT('',(20.540211232145,-11.00756122779,
    -0.667106562433));
#2005 = CARTESIAN_POINT('',(20.601311356076,-11.01599361044,
    -0.513488187266));
#2006 = CARTESIAN_POINT('',(20.632319329295,-11.02040088953,
    -0.415899287216));
#2007 = CARTESIAN_POINT('',(20.656378157957,-11.02389694008,
    -0.314626832671));
#2008 = CARTESIAN_POINT('',(20.672737711379,-11.02629763887,
    -0.210607688126));
#2009 = CARTESIAN_POINT('',(20.680885631618,-11.02748578684,
    -0.105084076489));
#2010 = CARTESIAN_POINT('',(20.680837311041,-11.02746465477,
    3.821320735431E-04));
#2011 = PCURVE('',#893,#2012);
#2012 = DEFINITIONAL_REPRESENTATION('',(#2013),#2051);
#2013 = B_SPLINE_CURVE_WITH_KNOTS('',6,(#2014,#2015,#2016,#2017,#2018,
    #2019,#2020,#2021,#2022,#2023,#2024,#2025,#2026,#2027,#2028,#2029,
    #2030,#2031,#2032,#2033,#2034,#2035,#2036,#2037,#2038,#2039,#2040,
    #2041,#2042,#2043,#2044,#2045,#2046,#2047,#2048,#2049,#2050),
  .UNSPECIFIED.,.F.,.F.,(7,5,5,5,5,5,5,7),(0.,0.233206440444,
    0.463459954328,0.547601133227,0.650460069107,0.772864328482,
    0.862143061347,1.),.UNSPECIFIED.);
#2014 = CARTESIAN_POINT('',(1.708214293051,5.924429200193));
#2015 = CARTESIAN_POINT('',(1.714148793366,6.051512408911));
#2016 = CARTESIAN_POINT('',(1.718997524693,6.181874908565));
#2017 = CARTESIAN_POINT('',(1.722820910756,6.314560558846));
#2018 = CARTESIAN_POINT('',(1.725646214558,6.448813267507));
#2019 = CARTESIAN_POINT('',(1.727491625424,6.583989390804));
#2020 = CARTESIAN_POINT('',(1.729210349703,6.853415915134));
#2021 = CARTESIAN_POINT('',(1.729107884083,6.987579364198));
#2022 = CARTESIAN_POINT('',(1.728050684489,7.121525800664));
#2023 = CARTESIAN_POINT('',(1.726022969398,7.254656106458));
#2024 = CARTESIAN_POINT('',(1.723001567284,7.386288293168));
#2025 = CARTESIAN_POINT('',(1.71746428819,7.562876116114));
#2026 = CARTESIAN_POINT('',(1.715844367289,7.609825505818));
#2027 = CARTESIAN_POINT('',(1.714084580645,7.656423454989));
#2028 = CARTESIAN_POINT('',(1.712182845816,7.702624208346));
#2029 = CARTESIAN_POINT('',(1.710136879951,7.748377039689));
#2030 = CARTESIAN_POINT('',(1.705263743575,7.848941448088));
#2031 = CARTESIAN_POINT('',(1.702364130102,7.90350201638));
#2032 = CARTESIAN_POINT('',(1.699240715259,7.957207704481));
#2033 = CARTESIAN_POINT('',(1.695888685497,8.009939456587));
#2034 = CARTESIAN_POINT('',(1.692303124126,8.061558545079));
#2035 = CARTESIAN_POINT('',(1.683928383222,8.171819859663));
#2036 = CARTESIAN_POINT('',(1.67904054279,8.229924881936));
#2037 = CARTESIAN_POINT('',(1.673806794597,8.285960487908));
#2038 = CARTESIAN_POINT('',(1.668220223088,8.339591965811));
#2039 = CARTESIAN_POINT('',(1.662277526857,8.390418585614));
#2040 = CARTESIAN_POINT('',(1.651388095251,8.472673634139));
#2041 = CARTESIAN_POINT('',(1.64660754054,8.505625471386));
#2042 = CARTESIAN_POINT('',(1.641640478731,8.536657840848));
#2043 = CARTESIAN_POINT('',(1.63649109661,8.565565050112));
#2044 = CARTESIAN_POINT('',(1.631167516425,8.592128835091));
#2045 = CARTESIAN_POINT('',(1.61721400459,8.653195217046));
#2046 = CARTESIAN_POINT('',(1.608354658694,8.684181885799));
#2047 = CARTESIAN_POINT('',(1.599165340213,8.708218754199));
#2048 = CARTESIAN_POINT('',(1.589730219343,8.72455591559));
#2049 = CARTESIAN_POINT('',(1.580160372252,8.732681291618));
#2050 = CARTESIAN_POINT('',(1.570595866534,8.732610605458));
#2051 = ( GEOMETRIC_REPRESENTATION_CONTEXT(2) 
PARAMETRIC_REPRESENTATION_CONTEXT() REPRESENTATION_CONTEXT('2D SPACE',''
  ) );
#2052 = PCURVE('',#1893,#2053);
#2053 = DEFINITIONAL_REPRESENTATION('',(#2054),#2092);
#2054 = B_SPLINE_CURVE_WITH_KNOTS('',6,(#2055,#2056,#2057,#2058,#2059,
    #2060,#2061,#2062,#2063,#2064,#2065,#2066,#2067,#2068,#2069,#2070,
    #2071,#2072,#2073,#2074,#2075,#2076,#2077,#2078,#2079,#2080,#2081,
    #2082,#2083,#2084,#2085,#2086,#2087,#2088,#2089,#2090,#2091),
  .UNSPECIFIED.,.F.,.F.,(7,5,5,5,5,5,5,7),(0.,0.233206440444,
    0.463459954328,0.547601133227,0.650460069107,0.772864328482,
    0.862143061347,1.),.UNSPECIFIED.);
#2055 = CARTESIAN_POINT('',(-2.20246907413,-1.007679317867E-14));
#2056 = CARTESIAN_POINT('',(-2.127930181128,-2.126161553253E-02));
#2057 = CARTESIAN_POINT('',(-2.053608870936,-4.167315734677E-02));
#2058 = CARTESIAN_POINT('',(-1.979109375997,-6.091723526821E-02));
#2059 = CARTESIAN_POINT('',(-1.90421730714,-7.877055340092E-02));
#2060 = CARTESIAN_POINT('',(-1.828750467176,-9.508036517054E-02));
#2061 = CARTESIAN_POINT('',(-1.677219799261,-0.124240718854));
#2062 = CARTESIAN_POINT('',(-1.601218073012,-0.137124091365));
#2063 = CARTESIAN_POINT('',(-1.524308472998,-0.148315303512));
#2064 = CARTESIAN_POINT('',(-1.446364219119,-0.157763701394));
#2065 = CARTESIAN_POINT('',(-1.367271179921,-0.165469596497));
#2066 = CARTESIAN_POINT('',(-1.257425434006,-0.173695947081));
#2067 = CARTESIAN_POINT('',(-1.227848195512,-0.17567296414));
#2068 = CARTESIAN_POINT('',(-1.198083071671,-0.177428239816));
#2069 = CARTESIAN_POINT('',(-1.168120626547,-0.178965838153));
#2070 = CARTESIAN_POINT('',(-1.137950556813,-0.18029103462));
#2071 = CARTESIAN_POINT('',(-1.070412624375,-0.182778589085));
#2072 = CARTESIAN_POINT('',(-1.032937669524,-0.183839155007));
#2073 = CARTESIAN_POINT('',(-0.99511412673,-0.184604105845));
#2074 = CARTESIAN_POINT('',(-0.956920284845,-0.185088480838));
#2075 = CARTESIAN_POINT('',(-0.918332308361,-0.185310955216));
#2076 = CARTESIAN_POINT('',(-0.832897007797,-0.185274981321));
#2077 = CARTESIAN_POINT('',(-0.785879541966,-0.184917201563));
#2078 = CARTESIAN_POINT('',(-0.738214317456,-0.184259600811));
#2079 = CARTESIAN_POINT('',(-0.689858526183,-0.183349997514));
#2080 = CARTESIAN_POINT('',(-0.640774101568,-0.182246071474));
#2081 = CARTESIAN_POINT('',(-0.554559099409,-0.180118500441));
#2082 = CARTESIAN_POINT('',(-0.517792133763,-0.179154061322));
#2083 = CARTESIAN_POINT('',(-0.480608500975,-0.178148623496));
#2084 = CARTESIAN_POINT('',(-0.443005294766,-0.177131624411));
#2085 = CARTESIAN_POINT('',(-0.404990268212,-0.176134042278));
#2086 = CARTESIAN_POINT('',(-0.307280014784,-0.173723693709));
#2087 = CARTESIAN_POINT('',(-0.246997897597,-0.172379220059));
#2088 = CARTESIAN_POINT('',(-0.185902459059,-0.1712678153));
#2089 = CARTESIAN_POINT('',(-0.124184970641,-0.170499581219));
#2090 = CARTESIAN_POINT('',(-6.207782170008E-02,-0.170141013188));
#2091 = CARTESIAN_POINT('',(-7.198508962343E-17,-0.170189869404));
#2092 = ( GEOMETRIC_REPRESENTATION_CONTEXT(2) 
PARAMETRIC_REPRESENTATION_CONTEXT() REPRESENTATION_CONTEXT('2D SPACE',''
  ) );
#2093 = ADVANCED_FACE('',(#2094),#737,.F.);
#2094 = FACE_BOUND('',#2095,.F.);
#2095 = EDGE_LOOP('',(#2096,#2328,#2349,#2350,#2351));
#2096 = ORIENTED_EDGE('',*,*,#2097,.F.);
#2097 = EDGE_CURVE('',#2098,#2100,#2102,.T.);
#2098 = VERTEX_POINT('',#2099);
#2099 = CARTESIAN_POINT('',(19.001206500854,10.675832162594,
    1.507362759167));
#2100 = VERTEX_POINT('',#2101);
#2101 = CARTESIAN_POINT('',(17.501207183547,10.81182756775,
    4.429823363247E-04));
#2102 = SURFACE_CURVE('',#2103,(#2176,#2252),.PCURVE_S1.);
#2103 = B_SPLINE_CURVE_WITH_KNOTS('',6,(#2104,#2105,#2106,#2107,#2108,
    #2109,#2110,#2111,#2112,#2113,#2114,#2115,#2116,#2117,#2118,#2119,
    #2120,#2121,#2122,#2123,#2124,#2125,#2126,#2127,#2128,#2129,#2130,
    #2131,#2132,#2133,#2134,#2135,#2136,#2137,#2138,#2139,#2140,#2141,
    #2142,#2143,#2144,#2145,#2146,#2147,#2148,#2149,#2150,#2151,#2152,
    #2153,#2154,#2155,#2156,#2157,#2158,#2159,#2160,#2161,#2162,#2163,
    #2164,#2165,#2166,#2167,#2168,#2169,#2170,#2171,#2172,#2173,#2174,
    #2175),.UNSPECIFIED.,.F.,.F.,(7,5,5,5,5,5,5,5,5,5,5,5,5,5,7),(0.,
    0.153018836834,0.212581791709,0.249344073298,0.331481598361,
    0.420313443611,0.459772146655,0.523413681379,0.586529630586,
    0.625539637317,0.709723884146,0.785844897725,0.818824844661,
    0.87058993097,1.),.UNSPECIFIED.);
#2104 = CARTESIAN_POINT('',(19.001206500854,10.675832162594,
    1.507362759167));
#2105 = CARTESIAN_POINT('',(19.180904670629,10.659374813469,
    1.507351326294));
#2106 = CARTESIAN_POINT('',(19.360706109618,10.64299372207,1.48150706036
    ));
#2107 = CARTESIAN_POINT('',(19.535889468781,10.627117762942,
    1.42977754426));
#2108 = CARTESIAN_POINT('',(19.701932563586,10.612126021459,
    1.353280320051));
#2109 = CARTESIAN_POINT('',(19.854579945086,10.598352460067,
    1.254018948565));
#2110 = CARTESIAN_POINT('',(20.042937021956,10.581302139111,
    1.088846326251));
#2111 = CARTESIAN_POINT('',(20.093133341322,10.57675159443,
    1.039586560379));
#2112 = CARTESIAN_POINT('',(20.140537969558,10.572444095451,
    0.987525837408));
#2113 = CARTESIAN_POINT('',(20.184955734236,10.568394376579,
    0.932862804478));
#2114 = CARTESIAN_POINT('',(20.226210475035,10.564615629854,
    0.875814396786));
#2115 = CARTESIAN_POINT('',(20.2875609355,10.558961713336,0.780076835487
    ));
#2116 = CARTESIAN_POINT('',(20.309711218602,10.556911561013,
    0.74271912875));
#2117 = CARTESIAN_POINT('',(20.330561011101,10.554971790086,0.7045967149
    ));
#2118 = CARTESIAN_POINT('',(20.350077167736,10.553144885083,
    0.665766563143));
#2119 = CARTESIAN_POINT('',(20.368229924432,10.551433084207,
    0.626287609131));
#2120 = CARTESIAN_POINT('',(20.422446209892,10.546275349341,
    0.496699862968));
#2121 = CARTESIAN_POINT('',(20.452962967503,10.543296759805,
    0.404240622457));
#2122 = CARTESIAN_POINT('',(20.476247618168,10.540924998091,
    0.309526764282));
#2123 = CARTESIAN_POINT('',(20.492098201026,10.539175804264,
    0.213273587057));
#2124 = CARTESIAN_POINT('',(20.500409483291,10.538058314914,
    0.11621810454));
#2125 = CARTESIAN_POINT('',(20.502005189126,10.537052516913,
    -8.591422704409E-02));
#2126 = CARTESIAN_POINT('',(20.494009667917,10.537271780464,
    -0.191008671595));
#2127 = CARTESIAN_POINT('',(20.47718320937,10.538236026238,
    -0.295225341463));
#2128 = CARTESIAN_POINT('',(20.451656483671,10.539939275427,
    -0.397630879572));
#2129 = CARTESIAN_POINT('',(20.417692481601,10.54236656021,
    -0.497322111429));
#2130 = CARTESIAN_POINT('',(20.357020905921,10.546883255474,
    -0.636136265072));
#2131 = CARTESIAN_POINT('',(20.33677190027,10.548410648141,
    -0.678127864445));
#2132 = CARTESIAN_POINT('',(20.314968886958,10.550074145514,
    -0.719340941613));
#2133 = CARTESIAN_POINT('',(20.291650337556,10.551871352448,
    -0.75970359146));
#2134 = CARTESIAN_POINT('',(20.266859133036,10.553799553304,
    -0.799146645891));
#2135 = CARTESIAN_POINT('',(20.1983587943,10.559172016887,-0.8996296425)
  );
#2136 = CARTESIAN_POINT('',(20.15236647907,10.562821232016,
    -0.959091542085));
#2137 = CARTESIAN_POINT('',(20.102864223751,10.566790564743,
    -1.015710298512));
#2138 = CARTESIAN_POINT('',(20.050076612245,10.571065279442,
    -1.069230455282));
#2139 = CARTESIAN_POINT('',(19.994251804742,10.575628691788,
    -1.119421442489));
#2140 = CARTESIAN_POINT('',(19.877550356122,10.58525571703,
    -1.212350927617));
#2141 = CARTESIAN_POINT('',(19.81671805627,10.590314985026,
    -1.255148495618));
#2142 = CARTESIAN_POINT('',(19.753424869835,10.59562178657,
    -1.294272354925));
#2143 = CARTESIAN_POINT('',(19.687949924718,10.601156372559,
    -1.329551668692));
#2144 = CARTESIAN_POINT('',(19.620586452111,10.606897394271,
    -1.36084432226));
#2145 = CARTESIAN_POINT('',(19.509025362507,10.616483608105,
    -1.404844413871));
#2146 = CARTESIAN_POINT('',(19.465806038139,10.62021545157,
    -1.420085556181));
#2147 = CARTESIAN_POINT('',(19.422053326734,10.624011997128,
    -1.43373413447));
#2148 = CARTESIAN_POINT('',(19.377840150097,10.627867640275,
    -1.445767991479));
#2149 = CARTESIAN_POINT('',(19.333240447506,10.631776577598,
    -1.456169392431));
#2150 = CARTESIAN_POINT('',(19.191409900203,10.6442704155,
    -1.483819826588));
#2151 = CARTESIAN_POINT('',(19.093036747828,10.653028492038,
    -1.495050509874));
#2152 = CARTESIAN_POINT('',(18.993965940471,10.661946380379,
    -1.498482887201));
#2153 = CARTESIAN_POINT('',(18.894958785455,10.67096004727,
    -1.494080358415));
#2154 = CARTESIAN_POINT('',(18.796773278737,10.680002251325,
    -1.481902291206));
#2155 = CARTESIAN_POINT('',(18.612792244254,10.697141101735,
    -1.444198960633));
#2156 = CARTESIAN_POINT('',(18.526707242232,10.705245686662,
    -1.42006316537));
#2157 = CARTESIAN_POINT('',(18.442451600372,10.713264670155,
    -1.389808992018));
#2158 = CARTESIAN_POINT('',(18.360558467494,10.721145127882,
    -1.353611424625));
#2159 = CARTESIAN_POINT('',(18.281538452612,10.728833669465,
    -1.311705262856));
#2160 = CARTESIAN_POINT('',(18.173093057451,10.739502016934,
    -1.243881640555));
#2161 = CARTESIAN_POINT('',(18.140941034623,10.742680954775,
    -1.222362720283));
#2162 = CARTESIAN_POINT('',(18.109457931173,10.745809598835,
    -1.199850956015));
#2163 = CARTESIAN_POINT('',(18.078681646912,10.748883685259,
    -1.176372051994));
#2164 = CARTESIAN_POINT('',(18.048648816431,10.75189900104,
    -1.151953629812));
#2165 = CARTESIAN_POINT('',(17.973477930683,10.759485422996,
    -1.086869952652));
#2166 = CARTESIAN_POINT('',(17.929479331226,10.763964496572,
    -1.044872521164));
#2167 = CARTESIAN_POINT('',(17.887536339569,10.768272398155,
    -1.000747570362));
#2168 = CARTESIAN_POINT('',(17.84777633549,10.772393653126,
    -0.954620035315));
#2169 = CARTESIAN_POINT('',(17.81031674972,10.776313518847,
    -0.906625149738));
#2170 = CARTESIAN_POINT('',(17.687637641678,10.789278959758,
    -0.732619228642));
#2171 = CARTESIAN_POINT('',(17.615037763119,10.797196131021,
    -0.597539970131));
#2172 = CARTESIAN_POINT('',(17.559185632461,10.803547904012,
    -0.453985239344));
#2173 = CARTESIAN_POINT('',(17.521253516722,10.808162102781,
    -0.30457140274));
#2174 = CARTESIAN_POINT('',(17.501920948357,10.810929856753,
    -0.152111834008));
#2175 = CARTESIAN_POINT('',(17.501207183547,10.81182756775,
    4.429823363246E-04));
#2176 = PCURVE('',#737,#2177);
#2177 = DEFINITIONAL_REPRESENTATION('',(#2178),#2251);
#2178 = B_SPLINE_CURVE_WITH_KNOTS('',6,(#2179,#2180,#2181,#2182,#2183,
    #2184,#2185,#2186,#2187,#2188,#2189,#2190,#2191,#2192,#2193,#2194,
    #2195,#2196,#2197,#2198,#2199,#2200,#2201,#2202,#2203,#2204,#2205,
    #2206,#2207,#2208,#2209,#2210,#2211,#2212,#2213,#2214,#2215,#2216,
    #2217,#2218,#2219,#2220,#2221,#2222,#2223,#2224,#2225,#2226,#2227,
    #2228,#2229,#2230,#2231,#2232,#2233,#2234,#2235,#2236,#2237,#2238,
    #2239,#2240,#2241,#2242,#2243,#2244,#2245,#2246,#2247,#2248,#2249,
    #2250),.UNSPECIFIED.,.F.,.F.,(7,5,5,5,5,5,5,5,5,5,5,5,5,5,7),(0.,
    0.153018836834,0.212581791709,0.249344073298,0.331481598361,
    0.420313443611,0.459772146655,0.523413681379,0.586529630586,
    0.625539637317,0.709723884146,0.785844897725,0.818824844661,
    0.87058993097,1.),.UNSPECIFIED.);
#2179 = CARTESIAN_POINT('',(2.368480225299E-15,6.246052134614));
#2180 = CARTESIAN_POINT('',(0.11979749705,6.229570112054));
#2181 = CARTESIAN_POINT('',(0.239662684615,6.213146387034));
#2182 = CARTESIAN_POINT('',(0.359550722398,6.19721044574));
#2183 = CARTESIAN_POINT('',(0.479531010848,6.182142770628));
#2184 = CARTESIAN_POINT('',(0.59966868249,6.168279300129));
#2185 = CARTESIAN_POINT('',(0.7666760736,6.151088380188));
#2186 = CARTESIAN_POINT('',(0.813486824546,6.146496724905));
#2187 = CARTESIAN_POINT('',(0.860313835043,6.142146552702));
#2188 = CARTESIAN_POINT('',(0.907157100214,6.138052762771));
#2189 = CARTESIAN_POINT('',(0.954016264073,6.134228722038));
#2190 = CARTESIAN_POINT('',(1.029819386858,6.128499875932));
#2191 = CARTESIAN_POINT('',(1.058754908293,6.126420730967));
#2192 = CARTESIAN_POINT('',(1.087695597136,6.124451614666));
#2193 = CARTESIAN_POINT('',(1.116641126737,6.122595055685));
#2194 = CARTESIAN_POINT('',(1.145591128743,6.120853337253));
#2195 = CARTESIAN_POINT('',(1.239236912006,6.11559813646));
#2196 = CARTESIAN_POINT('',(1.303951202283,6.112551127068));
#2197 = CARTESIAN_POINT('',(1.368678775698,6.110110371919));
#2198 = CARTESIAN_POINT('',(1.433416740618,6.108292135717));
#2199 = CARTESIAN_POINT('',(1.498161704756,6.107106081498));
#2200 = CARTESIAN_POINT('',(1.632920544884,6.105959643971));
#2201 = CARTESIAN_POINT('',(1.70293947193,6.106106996332));
#2202 = CARTESIAN_POINT('',(1.772945019418,6.10700115286));
#2203 = CARTESIAN_POINT('',(1.842933235831,6.108636765211));
#2204 = CARTESIAN_POINT('',(1.912900699152,6.110999456893));
#2205 = CARTESIAN_POINT('',(2.013898572653,6.115428046471));
#2206 = CARTESIAN_POINT('',(2.044956784935,6.116929047176));
#2207 = CARTESIAN_POINT('',(2.076008462065,6.118566906731));
#2208 = CARTESIAN_POINT('',(2.107053124315,6.12033927466));
#2209 = CARTESIAN_POINT('',(2.13809034526,6.122243477491));
#2210 = CARTESIAN_POINT('',(2.219165974783,6.127555538472));
#2211 = CARTESIAN_POINT('',(2.269192454527,6.131169758679));
#2212 = CARTESIAN_POINT('',(2.319196531154,6.135106553383));
#2213 = CARTESIAN_POINT('',(2.369177800062,6.139351333597));
#2214 = CARTESIAN_POINT('',(2.419136317998,6.143887541106));
#2215 = CARTESIAN_POINT('',(2.518592914821,6.153466027305));
#2216 = CARTESIAN_POINT('',(2.568092405082,6.158503913973));
#2217 = CARTESIAN_POINT('',(2.61756822047,6.163792224079));
#2218 = CARTESIAN_POINT('',(2.667021374818,6.169311288888));
#2219 = CARTESIAN_POINT('',(2.716453349387,6.175039818153));
#2220 = CARTESIAN_POINT('',(2.79640397556,6.184610778367));
#2221 = CARTESIAN_POINT('',(2.826935704066,6.188337966227));
#2222 = CARTESIAN_POINT('',(2.857460002811,6.19213103574));
#2223 = CARTESIAN_POINT('',(2.887977260599,6.195984387782));
#2224 = CARTESIAN_POINT('',(2.918487924721,6.199892221113));
#2225 = CARTESIAN_POINT('',(3.014821886556,6.212386318224));
#2226 = CARTESIAN_POINT('',(3.080624599418,6.221150095669));
#2227 = CARTESIAN_POINT('',(3.146402219639,6.230079198113));
#2228 = CARTESIAN_POINT('',(3.212163070312,6.23910951323));
#2229 = CARTESIAN_POINT('',(3.277916129945,6.248173654348));
#2230 = CARTESIAN_POINT('',(3.403116286697,6.265363950436));
#2231 = CARTESIAN_POINT('',(3.46256656998,6.273497118456));
#2232 = CARTESIAN_POINT('',(3.522018947123,6.281548684342));
#2233 = CARTESIAN_POINT('',(3.581479974967,6.289465529019));
#2234 = CARTESIAN_POINT('',(3.64095588177,6.297194028913));
#2235 = CARTESIAN_POINT('',(3.726224560502,6.307924378348));
#2236 = CARTESIAN_POINT('',(3.752003672418,6.311122678467));
#2237 = CARTESIAN_POINT('',(3.7777865175,6.314271282711));
#2238 = CARTESIAN_POINT('',(3.803573410302,6.317365904168));
#2239 = CARTESIAN_POINT('',(3.82936463236,6.320402305612));
#2240 = CARTESIAN_POINT('',(3.895649333143,6.328044258831));
#2241 = CARTESIAN_POINT('',(3.93614959089,6.332558547059));
#2242 = CARTESIAN_POINT('',(3.976662128012,6.336902859116));
#2243 = CARTESIAN_POINT('',(4.017187601504,6.34106161611));
#2244 = CARTESIAN_POINT('',(4.057726402774,6.345019965337));
#2245 = CARTESIAN_POINT('',(4.199657221401,6.358123126212));
#2246 = CARTESIAN_POINT('',(4.30114210227,6.366144101414));
#2247 = CARTESIAN_POINT('',(4.402689686106,6.372603267429));
#2248 = CARTESIAN_POINT('',(4.504309706031,6.377326469835));
#2249 = CARTESIAN_POINT('',(4.606007080337,6.380202790354));
#2250 = CARTESIAN_POINT('',(4.707711154309,6.381206578479));
#2251 = ( GEOMETRIC_REPRESENTATION_CONTEXT(2) 
PARAMETRIC_REPRESENTATION_CONTEXT() REPRESENTATION_CONTEXT('2D SPACE',''
  ) );
#2252 = PCURVE('',#1288,#2253);
#2253 = DEFINITIONAL_REPRESENTATION('',(#2254),#2327);
#2254 = B_SPLINE_CURVE_WITH_KNOTS('',6,(#2255,#2256,#2257,#2258,#2259,
    #2260,#2261,#2262,#2263,#2264,#2265,#2266,#2267,#2268,#2269,#2270,
    #2271,#2272,#2273,#2274,#2275,#2276,#2277,#2278,#2279,#2280,#2281,
    #2282,#2283,#2284,#2285,#2286,#2287,#2288,#2289,#2290,#2291,#2292,
    #2293,#2294,#2295,#2296,#2297,#2298,#2299,#2300,#2301,#2302,#2303,
    #2304,#2305,#2306,#2307,#2308,#2309,#2310,#2311,#2312,#2313,#2314,
    #2315,#2316,#2317,#2318,#2319,#2320,#2321,#2322,#2323,#2324,#2325,
    #2326),.UNSPECIFIED.,.F.,.F.,(7,5,5,5,5,5,5,5,5,5,5,5,5,5,7),(0.,
    0.153018836834,0.212581791709,0.249344073298,0.331481598361,
    0.420313443611,0.459772146655,0.523413681379,0.586529630586,
    0.625539637317,0.709723884146,0.785844897725,0.818824844661,
    0.87058993097,1.),.UNSPECIFIED.);
#2255 = CARTESIAN_POINT('',(-4.706240106569,-0.357247244527));
#2256 = CARTESIAN_POINT('',(-4.586499223251,-0.356176992728));
#2257 = CARTESIAN_POINT('',(-4.466800276868,-0.355012847113));
#2258 = CARTESIAN_POINT('',(-4.347224904088,-0.353786416451));
#2259 = CARTESIAN_POINT('',(-4.227732313851,-0.352559884137));
#2260 = CARTESIAN_POINT('',(-4.108263220937,-0.351414714849));
#2261 = CARTESIAN_POINT('',(-3.942411035449,-0.350042852657));
#2262 = CARTESIAN_POINT('',(-3.895948688275,-0.349682319182));
#2263 = CARTESIAN_POINT('',(-3.849493792758,-0.349350115383));
#2264 = CARTESIAN_POINT('',(-3.803044825223,-0.349050590233));
#2265 = CARTESIAN_POINT('',(-3.756600137205,-0.348787787225));
#2266 = CARTESIAN_POINT('',(-3.681495983002,-0.348427937409));
#2267 = CARTESIAN_POINT('',(-3.652833979537,-0.348305945861));
#2268 = CARTESIAN_POINT('',(-3.624172990294,-0.348200144496));
#2269 = CARTESIAN_POINT('',(-3.595512711582,-0.348111296713));
#2270 = CARTESIAN_POINT('',(-3.56685282783,-0.348040083346));
#2271 = CARTESIAN_POINT('',(-3.474158727717,-0.347868728561));
#2272 = CARTESIAN_POINT('',(-3.410122518107,-0.347841352627));
#2273 = CARTESIAN_POINT('',(-3.34608546115,-0.347911604249));
#2274 = CARTESIAN_POINT('',(-3.282041143895,-0.348083650053));
#2275 = CARTESIAN_POINT('',(-3.217983066097,-0.348358842735));
#2276 = CARTESIAN_POINT('',(-3.084619146881,-0.349142584513));
#2277 = CARTESIAN_POINT('',(-3.015305476254,-0.349668355034));
#2278 = CARTESIAN_POINT('',(-2.945973056856,-0.350310474309));
#2279 = CARTESIAN_POINT('',(-2.876613366425,-0.351062491896));
#2280 = CARTESIAN_POINT('',(-2.807218312683,-0.351914045419));
#2281 = CARTESIAN_POINT('',(-2.706952005723,-0.353267468145));
#2282 = CARTESIAN_POINT('',(-2.676105817734,-0.353700646716));
#2283 = CARTESIAN_POINT('',(-2.645252322077,-0.35414950785));
#2284 = CARTESIAN_POINT('',(-2.614391225921,-0.354612721722));
#2285 = CARTESIAN_POINT('',(-2.583522267618,-0.355088848461));
#2286 = CARTESIAN_POINT('',(-2.502844722592,-0.356362592884));
#2287 = CARTESIAN_POINT('',(-2.453022601966,-0.35717842474));
#2288 = CARTESIAN_POINT('',(-2.403179003225,-0.358017366078));
#2289 = CARTESIAN_POINT('',(-2.353312492927,-0.358872353176));
#2290 = CARTESIAN_POINT('',(-2.303421925916,-0.359735964719));
#2291 = CARTESIAN_POINT('',(-2.204006918051,-0.361458214746));
#2292 = CARTESIAN_POINT('',(-2.154481840878,-0.36231685356));
#2293 = CARTESIAN_POINT('',(-2.10493387737,-0.363169229393));
#2294 = CARTESIAN_POINT('',(-2.05536255155,-0.364007945638));
#2295 = CARTESIAN_POINT('',(-2.00576771352,-0.364825819373));
#2296 = CARTESIAN_POINT('',(-1.925484669692,-0.36610461959));
#2297 = CARTESIAN_POINT('',(-1.894809696608,-0.366582579143));
#2298 = CARTESIAN_POINT('',(-1.864126387105,-0.367048428856));
#2299 = CARTESIAN_POINT('',(-1.833434956878,-0.367500672416));
#2300 = CARTESIAN_POINT('',(-1.802735665914,-0.367937911313));
#2301 = CARTESIAN_POINT('',(-1.705762928306,-0.369267226409));
#2302 = CARTESIAN_POINT('',(-1.63946015437,-0.370099726745));
#2303 = CARTESIAN_POINT('',(-1.573126988368,-0.370843322694));
#2304 = CARTESIAN_POINT('',(-1.506765251657,-0.371487828458));
#2305 = CARTESIAN_POINT('',(-1.440377392209,-0.372026543166));
#2306 = CARTESIAN_POINT('',(-1.313926552425,-0.372846033947));
#2307 = CARTESIAN_POINT('',(-1.253864368579,-0.37314659014));
#2308 = CARTESIAN_POINT('',(-1.193790860994,-0.373356588139));
#2309 = CARTESIAN_POINT('',(-1.13370846009,-0.373476876086));
#2310 = CARTESIAN_POINT('',(-1.073619509358,-0.373510936268));
#2311 = CARTESIAN_POINT('',(-0.987494921257,-0.373444656718));
#2312 = CARTESIAN_POINT('',(-0.961460052746,-0.373409543456));
#2313 = CARTESIAN_POINT('',(-0.93542504253,-0.373359836269));
#2314 = CARTESIAN_POINT('',(-0.909390147156,-0.373296090624));
#2315 = CARTESIAN_POINT('',(-0.883355610653,-0.373218933649));
#2316 = CARTESIAN_POINT('',(-0.816458970877,-0.372988005592));
#2317 = CARTESIAN_POINT('',(-0.775597639043,-0.372815594777));
#2318 = CARTESIAN_POINT('',(-0.734738613535,-0.372614590835));
#2319 = CARTESIAN_POINT('',(-0.693882729783,-0.372387987337));
#2320 = CARTESIAN_POINT('',(-0.653030714138,-0.372139012273));
#2321 = CARTESIAN_POINT('',(-0.510066446725,-0.371201431213));
#2322 = CARTESIAN_POINT('',(-0.40795528796,-0.370413246895));
#2323 = CARTESIAN_POINT('',(-0.305905101111,-0.369559365699));
#2324 = CARTESIAN_POINT('',(-0.203901076792,-0.368696508343));
#2325 = CARTESIAN_POINT('',(-0.101917377596,-0.367866176199));
#2326 = CARTESIAN_POINT('',(0.,-0.367089075915));
#2327 = ( GEOMETRIC_REPRESENTATION_CONTEXT(2) 
PARAMETRIC_REPRESENTATION_CONTEXT() REPRESENTATION_CONTEXT('2D SPACE',''
  ) );
#2328 = ORIENTED_EDGE('',*,*,#2329,.F.);
#2329 = EDGE_CURVE('',#584,#2098,#2330,.T.);
#2330 = SEAM_CURVE('',#2331,(#2335,#2342),.PCURVE_S1.);
#2331 = LINE('',#2332,#2333);
#2332 = CARTESIAN_POINT('',(19.002063981628,4.429781594024,
    1.503023645853));
#2333 = VECTOR('',#2334,1.);
#2334 = DIRECTION('',(-1.372836403118E-04,0.999999749275,
    6.946969415159E-04));
#2335 = PCURVE('',#737,#2336);
#2336 = DEFINITIONAL_REPRESENTATION('',(#2337),#2341);
#2337 = LINE('',#2338,#2339);
#2338 = CARTESIAN_POINT('',(6.28318530718,-0.));
#2339 = VECTOR('',#2340,1.);
#2340 = DIRECTION('',(0.,1.));
#2341 = ( GEOMETRIC_REPRESENTATION_CONTEXT(2) 
PARAMETRIC_REPRESENTATION_CONTEXT() REPRESENTATION_CONTEXT('2D SPACE',''
  ) );
#2342 = PCURVE('',#737,#2343);
#2343 = DEFINITIONAL_REPRESENTATION('',(#2344),#2348);
#2344 = LINE('',#2345,#2346);
#2345 = CARTESIAN_POINT('',(0.,-0.));
#2346 = VECTOR('',#2347,1.);
#2347 = DIRECTION('',(0.,1.));
#2348 = ( GEOMETRIC_REPRESENTATION_CONTEXT(2) 
PARAMETRIC_REPRESENTATION_CONTEXT() REPRESENTATION_CONTEXT('2D SPACE',''
  ) );
#2349 = ORIENTED_EDGE('',*,*,#583,.T.);
#2350 = ORIENTED_EDGE('',*,*,#2329,.T.);
#2351 = ORIENTED_EDGE('',*,*,#2352,.F.);
#2352 = EDGE_CURVE('',#2100,#2098,#2353,.T.);
#2353 = SURFACE_CURVE('',#2354,(#2389,#2427),.PCURVE_S1.);
#2354 = B_SPLINE_CURVE_WITH_KNOTS('',5,(#2355,#2356,#2357,#2358,#2359,
    #2360,#2361,#2362,#2363,#2364,#2365,#2366,#2367,#2368,#2369,#2370,
    #2371,#2372,#2373,#2374,#2375,#2376,#2377,#2378,#2379,#2380,#2381,
    #2382,#2383,#2384,#2385,#2386,#2387,#2388),.UNSPECIFIED.,.F.,.F.,(6,
    4,4,4,4,4,4,4,6),(0.,6.92083187389E-02,0.277351375996,0.485212613019
    ,0.598821501562,0.712018278398,0.825784147412,0.939076241386,1.),
  .UNSPECIFIED.);
#2355 = CARTESIAN_POINT('',(17.501207183547,10.81182756775,
    4.429823363245E-04));
#2356 = CARTESIAN_POINT('',(17.501053846837,10.812020421262,
    3.32160375356E-02));
#2357 = CARTESIAN_POINT('',(17.501795578519,10.812123382314,
    6.599511339237E-02));
#2358 = CARTESIAN_POINT('',(17.503432738602,10.812136168463,
    9.874712092681E-02));
#2359 = CARTESIAN_POINT('',(17.505963808324,10.812058745534,
    0.131439046966));
#2360 = CARTESIAN_POINT('',(17.519675749971,10.811387820595,
    0.262078714659));
#2361 = CARTESIAN_POINT('',(17.538021134197,10.810070298359,
    0.359280455896));
#2362 = CARTESIAN_POINT('',(17.564328427315,10.807944550771,
    0.454742012896));
#2363 = CARTESIAN_POINT('',(17.598352440764,10.805036943343,
    0.547593619211));
#2364 = CARTESIAN_POINT('',(17.681005624275,10.797750524363,
    0.726329062682));
#2365 = CARTESIAN_POINT('',(17.729616713768,10.793373547154,
    0.812225952106));
#2366 = CARTESIAN_POINT('',(17.785155788812,10.788303861873,
    0.893903205175));
#2367 = CARTESIAN_POINT('',(17.847110764747,10.782601010056,
    0.97063311047));
#2368 = CARTESIAN_POINT('',(17.951893332347,10.772909809951,
    1.080673369028));
#2369 = CARTESIAN_POINT('',(17.99065616448,10.769316528539,
    1.117896185217));
#2370 = CARTESIAN_POINT('',(18.031050415285,10.76556627435,
    1.153350539023));
#2371 = CARTESIAN_POINT('',(18.072967445384,10.761671105358,
    1.186943840939));
#2372 = CARTESIAN_POINT('',(18.159456983539,10.753630982893,
    1.250128355874));
#2373 = CARTESIAN_POINT('',(18.204019541514,10.749486950058,
    1.27973377016));
#2374 = CARTESIAN_POINT('',(18.249863292871,10.745224211587,
    1.307328109921));
#2375 = CARTESIAN_POINT('',(18.296867240053,10.740855663632,
    1.332840508008));
#2376 = CARTESIAN_POINT('',(18.393183386251,10.731910964125,
    1.379698716324));
#2377 = CARTESIAN_POINT('',(18.442506239003,10.727333847277,
    1.401023020697));
#2378 = CARTESIAN_POINT('',(18.49274439237,10.722676589383,
    1.420122803102));
#2379 = CARTESIAN_POINT('',(18.54376507629,10.717952657629,
    1.436948698095));
#2380 = CARTESIAN_POINT('',(18.646882714004,10.708418385285,
    1.465916758098));
#2381 = CARTESIAN_POINT('',(18.698974536425,10.703608460406,
    1.478078190203));
#2382 = CARTESIAN_POINT('',(18.75157184553,10.698759144057,
    1.487909983319));
#2383 = CARTESIAN_POINT('',(18.80453741471,10.693883621581,
    1.495386682561));
#2384 = CARTESIAN_POINT('',(18.886337657099,10.686365979451,
    1.503241488373));
#2385 = CARTESIAN_POINT('',(18.915009659919,10.683733224424,
    1.505303338799));
#2386 = CARTESIAN_POINT('',(18.943726269312,10.681098675692,
    1.506678076695));
#2387 = CARTESIAN_POINT('',(18.972465798192,10.678464330626,
    1.507364587727));
#2388 = CARTESIAN_POINT('',(19.001206500854,10.675832162594,
    1.507362759167));
#2389 = PCURVE('',#737,#2390);
#2390 = DEFINITIONAL_REPRESENTATION('',(#2391),#2426);
#2391 = B_SPLINE_CURVE_WITH_KNOTS('',5,(#2392,#2393,#2394,#2395,#2396,
    #2397,#2398,#2399,#2400,#2401,#2402,#2403,#2404,#2405,#2406,#2407,
    #2408,#2409,#2410,#2411,#2412,#2413,#2414,#2415,#2416,#2417,#2418,
    #2419,#2420,#2421,#2422,#2423,#2424,#2425),.UNSPECIFIED.,.F.,.F.,(6,
    4,4,4,4,4,4,4,6),(0.,6.92083187389E-02,0.277351375996,0.485212613019
    ,0.598821501562,0.712018278398,0.825784147412,0.939076241386,1.),
  .UNSPECIFIED.);
#2392 = CARTESIAN_POINT('',(4.707711154309,6.381206578479));
#2393 = CARTESIAN_POINT('',(4.729560043188,6.381422220334));
#2394 = CARTESIAN_POINT('',(4.75141018877,6.381547851057));
#2395 = CARTESIAN_POINT('',(4.773261289862,6.381583165166));
#2396 = CARTESIAN_POINT('',(4.795113042667,6.381528105764));
#2397 = CARTESIAN_POINT('',(4.882685022353,6.380946053545));
#2398 = CARTESIAN_POINT('',(4.948409529898,6.37969353887));
#2399 = CARTESIAN_POINT('',(5.014126087074,6.377630497106));
#2400 = CARTESIAN_POINT('',(5.079832466817,6.374782723194));
#2401 = CARTESIAN_POINT('',(5.21111618719,6.367609126077));
#2402 = CARTESIAN_POINT('',(5.276696367856,6.363285148764));
#2403 = CARTESIAN_POINT('',(5.342250153462,6.358264581086));
#2404 = CARTESIAN_POINT('',(5.407779566674,6.352606529324));
#2405 = CARTESIAN_POINT('',(5.509081163886,6.342977391348));
#2406 = CARTESIAN_POINT('',(5.544873566503,6.339404647911));
#2407 = CARTESIAN_POINT('',(5.580657969292,6.335673479224));
#2408 = CARTESIAN_POINT('',(5.616434608514,6.33179589385));
#2409 = CARTESIAN_POINT('',(5.687843540581,6.323787793892));
#2410 = CARTESIAN_POINT('',(5.723475918607,6.319658211175));
#2411 = CARTESIAN_POINT('',(5.759101563905,6.31540834988));
#2412 = CARTESIAN_POINT('',(5.794721131116,6.311051073532));
#2413 = CARTESIAN_POINT('',(5.866128818768,6.302125705891));
#2414 = CARTESIAN_POINT('',(5.90191691491,6.297556632899));
#2415 = CARTESIAN_POINT('',(5.937700592754,6.292905747856));
#2416 = CARTESIAN_POINT('',(5.973480813506,6.288186501879));
#2417 = CARTESIAN_POINT('',(6.044887481481,6.278658199584));
#2418 = CARTESIAN_POINT('',(6.080513975328,6.273849573065));
#2419 = CARTESIAN_POINT('',(6.116139186345,6.268999867299));
#2420 = CARTESIAN_POINT('',(6.151764203455,6.264122268779));
#2421 = CARTESIAN_POINT('',(6.206548289298,6.256598855409));
#2422 = CARTESIAN_POINT('',(6.225706705178,6.253963597206));
#2423 = CARTESIAN_POINT('',(6.244865566277,6.25132606184));
#2424 = CARTESIAN_POINT('',(6.264025043908,6.248688248884));
#2425 = CARTESIAN_POINT('',(6.28318530718,6.246052134614));
#2426 = ( GEOMETRIC_REPRESENTATION_CONTEXT(2) 
PARAMETRIC_REPRESENTATION_CONTEXT() REPRESENTATION_CONTEXT('2D SPACE',''
  ) );
#2427 = PCURVE('',#1288,#2428);
#2428 = DEFINITIONAL_REPRESENTATION('',(#2429),#2464);
#2429 = B_SPLINE_CURVE_WITH_KNOTS('',5,(#2430,#2431,#2432,#2433,#2434,
    #2435,#2436,#2437,#2438,#2439,#2440,#2441,#2442,#2443,#2444,#2445,
    #2446,#2447,#2448,#2449,#2450,#2451,#2452,#2453,#2454,#2455,#2456,
    #2457,#2458,#2459,#2460,#2461,#2462,#2463),.UNSPECIFIED.,.F.,.F.,(6,
    4,4,4,4,4,4,4,6),(0.,6.92083187389E-02,0.277351375996,0.485212613019
    ,0.598821501562,0.712018278398,0.825784147412,0.939076241386,1.),
  .UNSPECIFIED.);
#2430 = CARTESIAN_POINT('',(-6.28318530718,-0.367089075915));
#2431 = CARTESIAN_POINT('',(-6.261290594697,-0.366922132969));
#2432 = CARTESIAN_POINT('',(-6.239398134061,-0.36675774275));
#2433 = CARTESIAN_POINT('',(-6.217507939768,-0.366596141201));
#2434 = CARTESIAN_POINT('',(-6.195620022331,-0.366437499632));
#2435 = CARTESIAN_POINT('',(-6.107913647872,-0.365814035332));
#2436 = CARTESIAN_POINT('',(-6.042112066043,-0.365373861889));
#2437 = CARTESIAN_POINT('',(-5.976334105458,-0.364964406026));
#2438 = CARTESIAN_POINT('',(-5.910573930547,-0.364582967897));
#2439 = CARTESIAN_POINT('',(-5.779186928602,-0.363863941209));
#2440 = CARTESIAN_POINT('',(-5.713557256107,-0.363526286739));
#2441 = CARTESIAN_POINT('',(-5.647950540523,-0.363204014139));
#2442 = CARTESIAN_POINT('',(-5.582361814261,-0.362887365431));
#2443 = CARTESIAN_POINT('',(-5.480959157504,-0.362391663075));
#2444 = CARTESIAN_POINT('',(-5.445129233582,-0.362215330136));
#2445 = CARTESIAN_POINT('',(-5.409305558638,-0.362036261629));
#2446 = CARTESIAN_POINT('',(-5.373488210234,-0.361852977573));
#2447 = CARTESIAN_POINT('',(-5.301996280683,-0.361475915401));
#2448 = CARTESIAN_POINT('',(-5.266321614691,-0.361282191595));
#2449 = CARTESIAN_POINT('',(-5.23065338805,-0.361081580167));
#2450 = CARTESIAN_POINT('',(-5.194991712453,-0.360872973677));
#2451 = CARTESIAN_POINT('',(-5.1235024723,-0.360436952196));
#2452 = CARTESIAN_POINT('',(-5.087674937677,-0.360209456759));
#2453 = CARTESIAN_POINT('',(-5.051854240482,-0.359972156013));
#2454 = CARTESIAN_POINT('',(-5.016040508648,-0.359724523995));
#2455 = CARTESIAN_POINT('',(-4.944576353325,-0.359209303127));
#2456 = CARTESIAN_POINT('',(-4.908925834253,-0.358941804761));
#2457 = CARTESIAN_POINT('',(-4.873282440972,-0.35866370717));
#2458 = CARTESIAN_POINT('',(-4.837646278927,-0.358375205041));
#2459 = CARTESIAN_POINT('',(-4.782857728413,-0.35791642482));
#2460 = CARTESIAN_POINT('',(-4.763700132935,-0.357753142043));
#2461 = CARTESIAN_POINT('',(-4.744544659017,-0.357587100968));
#2462 = CARTESIAN_POINT('',(-4.725391315111,-0.357418419274));
#2463 = CARTESIAN_POINT('',(-4.706240106569,-0.357247244527));
#2464 = ( GEOMETRIC_REPRESENTATION_CONTEXT(2) 
PARAMETRIC_REPRESENTATION_CONTEXT() REPRESENTATION_CONTEXT('2D SPACE',''
  ) );
#2465 = ADVANCED_FACE('',(#2466),#500,.F.);
#2466 = FACE_BOUND('',#2467,.F.);
#2467 = EDGE_LOOP('',(#2468,#2491,#2492,#2493,#2573));
#2468 = ORIENTED_EDGE('',*,*,#2469,.T.);
#2469 = EDGE_CURVE('',#2470,#347,#2472,.T.);
#2470 = VERTEX_POINT('',#2471);
#2471 = CARTESIAN_POINT('',(18.997075890135,-10.66098971583,
    1.492354820519));
#2472 = SEAM_CURVE('',#2473,(#2477,#2484),.PCURVE_S1.);
#2473 = LINE('',#2474,#2475);
#2474 = CARTESIAN_POINT('',(18.997144729122,-11.1624257972,1.49200647432
    ));
#2475 = VECTOR('',#2476,1.);
#2476 = DIRECTION('',(-1.372836403118E-04,0.999999749275,
    6.946969415159E-04));
#2477 = PCURVE('',#500,#2478);
#2478 = DEFINITIONAL_REPRESENTATION('',(#2479),#2483);
#2479 = LINE('',#2480,#2481);
#2480 = CARTESIAN_POINT('',(6.28318530718,-0.));
#2481 = VECTOR('',#2482,1.);
#2482 = DIRECTION('',(0.,1.));
#2483 = ( GEOMETRIC_REPRESENTATION_CONTEXT(2) 
PARAMETRIC_REPRESENTATION_CONTEXT() REPRESENTATION_CONTEXT('2D SPACE',''
  ) );
#2484 = PCURVE('',#500,#2485);
#2485 = DEFINITIONAL_REPRESENTATION('',(#2486),#2490);
#2486 = LINE('',#2487,#2488);
#2487 = CARTESIAN_POINT('',(0.,-0.));
#2488 = VECTOR('',#2489,1.);
#2489 = DIRECTION('',(0.,1.));
#2490 = ( GEOMETRIC_REPRESENTATION_CONTEXT(2) 
PARAMETRIC_REPRESENTATION_CONTEXT() REPRESENTATION_CONTEXT('2D SPACE',''
  ) );
#2491 = ORIENTED_EDGE('',*,*,#346,.F.);
#2492 = ORIENTED_EDGE('',*,*,#2469,.F.);
#2493 = ORIENTED_EDGE('',*,*,#2494,.T.);
#2494 = EDGE_CURVE('',#2470,#2495,#2497,.T.);
#2495 = VERTEX_POINT('',#2496);
#2496 = CARTESIAN_POINT('',(20.496885474179,-10.80956802653,
    4.434877523551E-04));
#2497 = SURFACE_CURVE('',#2498,(#2521,#2547),.PCURVE_S1.);
#2498 = B_SPLINE_CURVE_WITH_KNOTS('',6,(#2499,#2500,#2501,#2502,#2503,
    #2504,#2505,#2506,#2507,#2508,#2509,#2510,#2511,#2512,#2513,#2514,
    #2515,#2516,#2517,#2518,#2519,#2520),.UNSPECIFIED.,.F.,.F.,(7,5,5,5,
    7),(0.,0.137443177551,0.462769521237,0.618099521151,1.),
  .UNSPECIFIED.);
#2499 = CARTESIAN_POINT('',(18.997075890135,-10.66098971583,
    1.492354820519));
#2500 = CARTESIAN_POINT('',(19.050761075053,-10.66578499,1.492351489256)
  );
#2501 = CARTESIAN_POINT('',(19.104436779873,-10.67060846099,
    1.490042282337));
#2502 = CARTESIAN_POINT('',(19.157981726369,-10.67544980533,
    1.48542858247));
#2503 = CARTESIAN_POINT('',(19.211274928497,-10.68029840168,
    1.478520081176));
#2504 = CARTESIAN_POINT('',(19.264195692401,-10.68514333081,
    1.469334778785));
#2505 = CARTESIAN_POINT('',(19.440719880253,-10.7014060335,
    1.430830597139));
#2506 = CARTESIAN_POINT('',(19.56206818719,-10.71275649542,
    1.391151120867));
#2507 = CARTESIAN_POINT('',(19.67906851865,-10.72387557753,
    1.339208940771));
#2508 = CARTESIAN_POINT('',(19.79021323555,-10.73461175539,1.27561398274
    ));
#2509 = CARTESIAN_POINT('',(19.89409705612,-10.74481190334,
    1.201196927936));
#2510 = CARTESIAN_POINT('',(20.034997598246,-10.75887466124,
    1.076849658117));
#2511 = CARTESIAN_POINT('',(20.078591604755,-10.76326396672,
    1.034441983655));
#2512 = CARTESIAN_POINT('',(20.120109710279,-10.76748212436,
    0.989927004111));
#2513 = CARTESIAN_POINT('',(20.159425811347,-10.77151397522,
    0.943430924806));
#2514 = CARTESIAN_POINT('',(20.196423868058,-10.77534510187,
    0.895090134235));
#2515 = CARTESIAN_POINT('',(20.316002995962,-10.78785405507,
    0.722023512036));
#2516 = CARTESIAN_POINT('',(20.386374304037,-10.79545240411,
    0.588703885231));
#2517 = CARTESIAN_POINT('',(20.440500419183,-10.8015513299,
    0.447307906497));
#2518 = CARTESIAN_POINT('',(20.47728262889,-10.80599127479,
    0.300328481302));
#2519 = CARTESIAN_POINT('',(20.496084983062,-10.80867116965,
    0.150440146282));
#2520 = CARTESIAN_POINT('',(20.496885474179,-10.80956802653,
    4.434877523552E-04));
#2521 = PCURVE('',#500,#2522);
#2522 = DEFINITIONAL_REPRESENTATION('',(#2523),#2546);
#2523 = B_SPLINE_CURVE_WITH_KNOTS('',6,(#2524,#2525,#2526,#2527,#2528,
    #2529,#2530,#2531,#2532,#2533,#2534,#2535,#2536,#2537,#2538,#2539,
    #2540,#2541,#2542,#2543,#2544,#2545),.UNSPECIFIED.,.F.,.F.,(7,5,5,5,
    7),(0.,0.137443177551,0.462769521237,0.618099521151,1.),
  .UNSPECIFIED.);
#2524 = CARTESIAN_POINT('',(2.368775229938E-15,0.501436207091));
#2525 = CARTESIAN_POINT('',(3.579420892086E-02,0.496633561713));
#2526 = CARTESIAN_POINT('',(7.158198477057E-02,0.491801118934));
#2527 = CARTESIAN_POINT('',(0.107365338602,0.486949219837));
#2528 = CARTESIAN_POINT('',(0.143145803533,0.482088509108));
#2529 = CARTESIAN_POINT('',(0.178924434746,0.477229935035));
#2530 = CARTESIAN_POINT('',(0.299386424035,0.460916253803));
#2531 = CARTESIAN_POINT('',(0.384072286122,0.449521570377));
#2532 = CARTESIAN_POINT('',(0.468761496993,0.438350344752));
#2533 = CARTESIAN_POINT('',(0.553476125979,0.427554732009));
#2534 = CARTESIAN_POINT('',(0.638237014305,0.417288627764));
#2535 = CARTESIAN_POINT('',(0.763529828893,0.403120146383));
#2536 = CARTESIAN_POINT('',(0.804030701536,0.398695396779));
#2537 = CARTESIAN_POINT('',(0.844543446887,0.394440616024));
#2538 = CARTESIAN_POINT('',(0.88506871708,0.390371068029));
#2539 = CARTESIAN_POINT('',(0.925606904686,0.386501280913));
#2540 = CARTESIAN_POINT('',(1.065859019739,0.373855685737));
#2541 = CARTESIAN_POINT('',(1.165659093132,0.366155061039));
#2542 = CARTESIAN_POINT('',(1.265518690146,0.359950478796));
#2543 = CARTESIAN_POINT('',(1.365447105978,0.355403379267));
#2544 = CARTESIAN_POINT('',(1.465449144802,0.352616776848));
#2545 = CARTESIAN_POINT('',(1.565460543915,0.351615608078));
#2546 = ( GEOMETRIC_REPRESENTATION_CONTEXT(2) 
PARAMETRIC_REPRESENTATION_CONTEXT() REPRESENTATION_CONTEXT('2D SPACE',''
  ) );
#2547 = PCURVE('',#1893,#2548);
#2548 = DEFINITIONAL_REPRESENTATION('',(#2549),#2572);
#2549 = B_SPLINE_CURVE_WITH_KNOTS('',6,(#2550,#2551,#2552,#2553,#2554,
    #2555,#2556,#2557,#2558,#2559,#2560,#2561,#2562,#2563,#2564,#2565,
    #2566,#2567,#2568,#2569,#2570,#2571),.UNSPECIFIED.,.F.,.F.,(7,5,5,5,
    7),(0.,0.137443177551,0.462769521237,0.618099521151,1.),
  .UNSPECIFIED.);
#2550 = CARTESIAN_POINT('',(-4.704036767241,-0.37184425433));
#2551 = CARTESIAN_POINT('',(-4.740160460721,-0.372286220687));
#2552 = CARTESIAN_POINT('',(-4.776293015151,-0.372698491774));
#2553 = CARTESIAN_POINT('',(-4.812434707701,-0.37307956264));
#2554 = CARTESIAN_POINT('',(-4.848585252313,-0.373428255742));
#2555 = CARTESIAN_POINT('',(-4.884743799689,-0.373743720938));
#2556 = CARTESIAN_POINT('',(-5.00651138187,-0.374692250455));
#2557 = CARTESIAN_POINT('',(-5.09215917299,-0.375170068963));
#2558 = CARTESIAN_POINT('',(-5.17782835,-0.375452063368));
#2559 = CARTESIAN_POINT('',(-5.263513952347,-0.375542789172));
#2560 = CARTESIAN_POINT('',(-5.349212794908,-0.375458405805));
#2561 = CARTESIAN_POINT('',(-5.475815935813,-0.375109802707));
#2562 = CARTESIAN_POINT('',(-5.516728635802,-0.374962564297));
#2563 = CARTESIAN_POINT('',(-5.557639604863,-0.374783377632));
#2564 = CARTESIAN_POINT('',(-5.598547877979,-0.374575120147));
#2565 = CARTESIAN_POINT('',(-5.63945259636,-0.374340911937));
#2566 = CARTESIAN_POINT('',(-5.780912375144,-0.373452746501));
#2567 = CARTESIAN_POINT('',(-5.881466242663,-0.372684550083));
#2568 = CARTESIAN_POINT('',(-5.981961576967,-0.371828263329));
#2569 = CARTESIAN_POINT('',(-6.082409802566,-0.370936737528));
#2570 = CARTESIAN_POINT('',(-6.182832351277,-0.370049617198));
#2571 = CARTESIAN_POINT('',(-6.28318530718,-0.369188507446));
#2572 = ( GEOMETRIC_REPRESENTATION_CONTEXT(2) 
PARAMETRIC_REPRESENTATION_CONTEXT() REPRESENTATION_CONTEXT('2D SPACE',''
  ) );
#2573 = ORIENTED_EDGE('',*,*,#2574,.T.);
#2574 = EDGE_CURVE('',#2495,#2470,#2575,.T.);
#2575 = SURFACE_CURVE('',#2576,(#2644,#2715),.PCURVE_S1.);
#2576 = B_SPLINE_CURVE_WITH_KNOTS('',6,(#2577,#2578,#2579,#2580,#2581,
    #2582,#2583,#2584,#2585,#2586,#2587,#2588,#2589,#2590,#2591,#2592,
    #2593,#2594,#2595,#2596,#2597,#2598,#2599,#2600,#2601,#2602,#2603,
    #2604,#2605,#2606,#2607,#2608,#2609,#2610,#2611,#2612,#2613,#2614,
    #2615,#2616,#2617,#2618,#2619,#2620,#2621,#2622,#2623,#2624,#2625,
    #2626,#2627,#2628,#2629,#2630,#2631,#2632,#2633,#2634,#2635,#2636,
    #2637,#2638,#2639,#2640,#2641,#2642,#2643),.UNSPECIFIED.,.F.,.F.,(7,
    5,5,5,5,5,5,5,5,5,5,5,5,7),(0.,1.25553850304E-02,2.561182548736E-02,
    0.159753956986,0.293705131106,0.428166827886,0.561689505788,
    0.575717355028,0.592245143717,0.663326338521,0.750948536248,
    0.790054292639,0.852325726059,1.),.UNSPECIFIED.);
#2577 = CARTESIAN_POINT('',(20.496885474179,-10.80956802653,
    4.434877523551E-04));
#2578 = CARTESIAN_POINT('',(20.496964532855,-10.80965660255,
    -1.43705894593E-02));
#2579 = CARTESIAN_POINT('',(20.496868002606,-10.80972778821,
    -2.918598876224E-02));
#2580 = CARTESIAN_POINT('',(20.496595851704,-10.80978156052,
    -4.400007375858E-02));
#2581 = CARTESIAN_POINT('',(20.496148102532,-10.80981790352,
    -5.881020856119E-02));
#2582 = CARTESIAN_POINT('',(20.495524831586,-10.80983680829,
    -7.361375779371E-02));
#2583 = CARTESIAN_POINT('',(20.493895634673,-10.80983979603,
    -0.103792821712));
#2584 = CARTESIAN_POINT('',(20.492875430448,-10.80982245923,
    -0.119167586856));
#2585 = CARTESIAN_POINT('',(20.491665703758,-10.80978626042,
    -0.134529418841));
#2586 = CARTESIAN_POINT('',(20.490266664697,-10.80973120572,
    -0.149875359478));
#2587 = CARTESIAN_POINT('',(20.488678586491,-10.80965730946,
    -0.165202455572));
#2588 = CARTESIAN_POINT('',(20.468647121985,-10.80861203585,
    -0.33775475297));
#2589 = CARTESIAN_POINT('',(20.430469431435,-10.8056728209,
    -0.492737794185));
#2590 = CARTESIAN_POINT('',(20.372727562456,-10.80077015299,
    -0.64217273636));
#2591 = CARTESIAN_POINT('',(20.2965289812,-10.79402506745,
    -0.783011945792));
#2592 = CARTESIAN_POINT('',(20.203523572114,-10.78562986218,
    -0.912491721102));
#2593 = CARTESIAN_POINT('',(19.988561058208,-10.76605099799,
    -1.143892699687));
#2594 = CARTESIAN_POINT('',(19.866599426915,-10.75486717424,
    -1.245902259383));
#2595 = CARTESIAN_POINT('',(19.732289555969,-10.74252660418,
    -1.331971584456));
#2596 = CARTESIAN_POINT('',(19.588255936391,-10.72931445939,
    -1.400364362975));
#2597 = CARTESIAN_POINT('',(19.437371501995,-10.71552250931,
    -1.449849165082));
#2598 = CARTESIAN_POINT('',(19.127520064692,-10.68731484912,
    -1.509944596466));
#2599 = CARTESIAN_POINT('',(18.96846509648,-10.67289154814,
    -1.520417843932));
#2600 = CARTESIAN_POINT('',(18.808708398596,-10.65847327192,
    -1.510640775474));
#2601 = CARTESIAN_POINT('',(18.65140475168,-10.64434100765,
    -1.480688973748));
#2602 = CARTESIAN_POINT('',(18.499660250896,-10.63075295748,
    -1.431201800141));
#2603 = CARTESIAN_POINT('',(18.214168795048,-10.60522550336,
    -1.296311731611));
#2604 = CARTESIAN_POINT('',(18.080246813756,-10.59327016348,
    -1.21113531597));
#2605 = CARTESIAN_POINT('',(17.957550518445,-10.58231107775,
    -1.10928542883));
#2606 = CARTESIAN_POINT('',(17.848606013237,-10.57253905075,
    -0.992651552733));
#2607 = CARTESIAN_POINT('',(17.755568124053,-10.56411335069,
    -0.863577409876));
#2608 = CARTESIAN_POINT('',(17.67208322744,-10.55642111915,
    -0.710333218243));
#2609 = CARTESIAN_POINT('',(17.664339072843,-10.55570595935,
    -0.695657790624));
#2610 = CARTESIAN_POINT('',(17.656789606509,-10.5550070864,
    -0.680879299777));
#2611 = CARTESIAN_POINT('',(17.64943656426,-10.5543246297,
    -0.666000996314));
#2612 = CARTESIAN_POINT('',(17.642281608834,-10.55365871341,
    -0.651026171502));
#2613 = CARTESIAN_POINT('',(17.627131532598,-10.55224449369,
    -0.618204833076));
#2614 = CARTESIAN_POINT('',(17.619213921826,-10.55150265708,
    -0.600322142288));
#2615 = CARTESIAN_POINT('',(17.611576098036,-10.55078414111,
    -0.582315535722));
#2616 = CARTESIAN_POINT('',(17.604220514401,-10.5500891299,
    -0.564190531679));
#2617 = CARTESIAN_POINT('',(17.597149476798,-10.54941779719,
    -0.54595271594));
#2618 = CARTESIAN_POINT('',(17.561187707879,-10.54598563734,
    -0.448711362609));
#2619 = CARTESIAN_POINT('',(17.537312696886,-10.54364190548,
    -0.367831374202));
#2620 = CARTESIAN_POINT('',(17.51891282723,-10.54175220002,
    -0.285420481411));
#2621 = CARTESIAN_POINT('',(17.5061073379,-10.54032587041,
    -0.201947448251));
#2622 = CARTESIAN_POINT('',(17.498960599547,-10.53936855092,
    -0.117892288857));
#2623 = CARTESIAN_POINT('',(17.495656471921,-10.53828263933,
    6.999175424333E-02));
#2624 = CARTESIAN_POINT('',(17.502443445132,-10.53839871974,
    0.173877270201));
#2625 = CARTESIAN_POINT('',(17.517856512435,-10.539233978,0.277000573986
    ));
#2626 = CARTESIAN_POINT('',(17.541779917789,-10.54078332143,
    0.378460424233));
#2627 = CARTESIAN_POINT('',(17.573971471223,-10.54303314207,
    0.477382772796));
#2628 = CARTESIAN_POINT('',(17.631961244788,-10.54726834677,
    0.615579468604));
#2629 = CARTESIAN_POINT('',(17.651430397097,-10.54871041163,
    0.657553895424));
#2630 = CARTESIAN_POINT('',(17.672441958737,-10.55028569795,
    0.698784472842));
#2631 = CARTESIAN_POINT('',(17.694959365498,-10.55199195384,
    0.739200301221));
#2632 = CARTESIAN_POINT('',(17.718941727336,-10.55382661795,
    0.778733072798));
#2633 = CARTESIAN_POINT('',(17.784793761814,-10.55890821562,
    0.878757666112));
#2634 = CARTESIAN_POINT('',(17.828844343979,-10.56234797982,
    0.937793316554));
#2635 = CARTESIAN_POINT('',(17.876312847911,-10.56609447474,
    0.994158370987));
#2636 = CARTESIAN_POINT('',(17.926992177746,-10.57013427477,
    1.047608557019));
#2637 = CARTESIAN_POINT('',(17.98065302,-10.57445216687,1.097922178485)
  );
#2638 = CARTESIAN_POINT('',(18.170779733797,-10.58989003431,
    1.25631049368));
#2639 = CARTESIAN_POINT('',(18.319916086451,-10.60222031576,
    1.348998226557));
#2640 = CARTESIAN_POINT('',(18.481074128538,-10.61579084878,
    1.420253267279));
#2641 = CARTESIAN_POINT('',(18.65039429254,-10.63032597553,
    1.468354561217));
#2642 = CARTESIAN_POINT('',(18.823802676163,-10.64551258618,
    1.492365572436));
#2643 = CARTESIAN_POINT('',(18.997075890135,-10.66098971583,
    1.492354820519));
#2644 = PCURVE('',#500,#2645);
#2645 = DEFINITIONAL_REPRESENTATION('',(#2646),#2714);
#2646 = B_SPLINE_CURVE_WITH_KNOTS('',6,(#2647,#2648,#2649,#2650,#2651,
    #2652,#2653,#2654,#2655,#2656,#2657,#2658,#2659,#2660,#2661,#2662,
    #2663,#2664,#2665,#2666,#2667,#2668,#2669,#2670,#2671,#2672,#2673,
    #2674,#2675,#2676,#2677,#2678,#2679,#2680,#2681,#2682,#2683,#2684,
    #2685,#2686,#2687,#2688,#2689,#2690,#2691,#2692,#2693,#2694,#2695,
    #2696,#2697,#2698,#2699,#2700,#2701,#2702,#2703,#2704,#2705,#2706,
    #2707,#2708,#2709,#2710,#2711,#2712,#2713),.UNSPECIFIED.,.F.,.F.,(7,
    5,5,5,5,5,5,5,5,5,5,5,5,7),(0.,1.25553850304E-02,2.561182548736E-02,
    0.159753956986,0.293705131106,0.428166827886,0.561689505788,
    0.575717355028,0.592245143717,0.663326338521,0.750948536248,
    0.790054292639,0.852325726059,1.),.UNSPECIFIED.);
#2647 = CARTESIAN_POINT('',(1.565460543915,0.351615608078));
#2648 = CARTESIAN_POINT('',(1.575337941205,0.351516729932));
#2649 = CARTESIAN_POINT('',(1.585215603143,0.351435265333));
#2650 = CARTESIAN_POINT('',(1.595093507123,0.351371239101));
#2651 = CARTESIAN_POINT('',(1.604971630386,0.35132466902));
#2652 = CARTESIAN_POINT('',(1.614849950018,0.351295565837));
#2653 = CARTESIAN_POINT('',(1.63500116294,0.351271836462));
#2654 = CARTESIAN_POINT('',(1.645274070527,0.351278632512));
#2655 = CARTESIAN_POINT('',(1.65554713976,0.351304325569));
#2656 = CARTESIAN_POINT('',(1.665820344695,0.351348911546));
#2657 = CARTESIAN_POINT('',(1.6760936594,0.351412378119));
#2658 = CARTESIAN_POINT('',(1.791916160978,0.352340529897));
#2659 = CARTESIAN_POINT('',(1.897498003312,0.355177319046));
#2660 = CARTESIAN_POINT('',(2.003030087847,0.359984100743));
#2661 = CARTESIAN_POINT('',(2.108519140568,0.366641804841));
#2662 = CARTESIAN_POINT('',(2.21397699999,0.374959826926));
#2663 = CARTESIAN_POINT('',(2.424569438629,0.394407443483));
#2664 = CARTESIAN_POINT('',(2.529748240423,0.40553714204));
#2665 = CARTESIAN_POINT('',(2.63484345371,0.417836355458));
#2666 = CARTESIAN_POINT('',(2.739892664226,0.431020758145));
#2667 = CARTESIAN_POINT('',(2.844937062978,0.44479904179));
#2668 = CARTESIAN_POINT('',(3.055380532373,0.473007484328));
#2669 = CARTESIAN_POINT('',(3.160818783382,0.487445341602));
#2670 = CARTESIAN_POINT('',(3.266256465269,0.501892338286));
#2671 = CARTESIAN_POINT('',(3.371739008527,0.516067001656));
#2672 = CARTESIAN_POINT('',(3.477309882665,0.529710259046));
#2673 = CARTESIAN_POINT('',(3.687832100404,0.555370607789));
#2674 = CARTESIAN_POINT('',(3.792823488523,0.567403501759));
#2675 = CARTESIAN_POINT('',(3.897876581189,0.578450183742));
#2676 = CARTESIAN_POINT('',(4.003015541655,0.588318189791));
#2677 = CARTESIAN_POINT('',(4.108261137795,0.596846327728));
#2678 = CARTESIAN_POINT('',(4.224611915226,0.604656476725));
#2679 = CARTESIAN_POINT('',(4.235674263195,0.605382894459));
#2680 = CARTESIAN_POINT('',(4.24673729785,0.60609307023));
#2681 = CARTESIAN_POINT('',(4.257800999412,0.606786872125));
#2682 = CARTESIAN_POINT('',(4.268865347227,0.60746417347));
#2683 = CARTESIAN_POINT('',(4.292967209795,0.60890327358));
#2684 = CARTESIAN_POINT('',(4.306004967487,0.609658620007));
#2685 = CARTESIAN_POINT('',(4.319043557537,0.610390693478));
#2686 = CARTESIAN_POINT('',(4.332082943156,0.611099305703));
#2687 = CARTESIAN_POINT('',(4.345123086063,0.611784278734));
#2688 = CARTESIAN_POINT('',(4.414248880654,0.61528892796));
#2689 = CARTESIAN_POINT('',(4.470348190357,0.617692123958));
#2690 = CARTESIAN_POINT('',(4.52645635678,0.619641605548));
#2691 = CARTESIAN_POINT('',(4.582571012664,0.621127681245));
#2692 = CARTESIAN_POINT('',(4.638689530882,0.622144374483));
#2693 = CARTESIAN_POINT('',(4.763980230265,0.623361261876));
#2694 = CARTESIAN_POINT('',(4.833155767288,0.623316418707));
#2695 = CARTESIAN_POINT('',(4.902318242663,0.622550684129));
#2696 = CARTESIAN_POINT('',(4.971463735753,0.621068540648));
#2697 = CARTESIAN_POINT('',(5.040588805007,0.618883022251));
#2698 = CARTESIAN_POINT('',(5.140516687046,0.614735862383));
#2699 = CARTESIAN_POINT('',(5.171346536666,0.613320284601));
#2700 = CARTESIAN_POINT('',(5.202169923731,0.611770756887));
#2701 = CARTESIAN_POINT('',(5.23298636722,0.610089486904));
#2702 = CARTESIAN_POINT('',(5.263795436487,0.608278994165));
#2703 = CARTESIAN_POINT('',(5.343644313538,0.603257844144));
#2704 = CARTESIAN_POINT('',(5.392672746992,0.599853045266));
#2705 = CARTESIAN_POINT('',(5.441679521583,0.596139191269));
#2706 = CARTESIAN_POINT('',(5.490664154928,0.592129566486));
#2707 = CARTESIAN_POINT('',(5.539626582938,0.587839261435));
#2708 = CARTESIAN_POINT('',(5.704622334512,0.572485328457));
#2709 = CARTESIAN_POINT('',(5.820578766336,0.560198965995));
#2710 = CARTESIAN_POINT('',(5.936365741657,0.546655812682));
#2711 = CARTESIAN_POINT('',(6.052038736643,0.532130860507));
#2712 = CARTESIAN_POINT('',(6.167656644463,0.516937127904));
#2713 = CARTESIAN_POINT('',(6.28318530718,0.501436207091));
#2714 = ( GEOMETRIC_REPRESENTATION_CONTEXT(2) 
PARAMETRIC_REPRESENTATION_CONTEXT() REPRESENTATION_CONTEXT('2D SPACE',''
  ) );
#2715 = PCURVE('',#1893,#2716);
#2716 = DEFINITIONAL_REPRESENTATION('',(#2717),#2785);
#2717 = B_SPLINE_CURVE_WITH_KNOTS('',6,(#2718,#2719,#2720,#2721,#2722,
    #2723,#2724,#2725,#2726,#2727,#2728,#2729,#2730,#2731,#2732,#2733,
    #2734,#2735,#2736,#2737,#2738,#2739,#2740,#2741,#2742,#2743,#2744,
    #2745,#2746,#2747,#2748,#2749,#2750,#2751,#2752,#2753,#2754,#2755,
    #2756,#2757,#2758,#2759,#2760,#2761,#2762,#2763,#2764,#2765,#2766,
    #2767,#2768,#2769,#2770,#2771,#2772,#2773,#2774,#2775,#2776,#2777,
    #2778,#2779,#2780,#2781,#2782,#2783,#2784),.UNSPECIFIED.,.F.,.F.,(7,
    5,5,5,5,5,5,5,5,5,5,5,5,7),(0.,1.25553850304E-02,2.561182548736E-02,
    0.159753956986,0.293705131106,0.428166827886,0.561689505788,
    0.575717355028,0.592245143717,0.663326338521,0.750948536248,
    0.790054292639,0.852325726059,1.),.UNSPECIFIED.);
#2718 = CARTESIAN_POINT('',(0.,-0.369188507446));
#2719 = CARTESIAN_POINT('',(-9.911130366093E-03,-0.369103461909));
#2720 = CARTESIAN_POINT('',(-1.982175593947E-02,-0.369018668737));
#2721 = CARTESIAN_POINT('',(-2.973187392342E-02,-0.368934148536));
#2722 = CARTESIAN_POINT('',(-3.96414816669E-02,-0.368849920173));
#2723 = CARTESIAN_POINT('',(-4.955057666454E-02,-0.368766000778));
#2724 = CARTESIAN_POINT('',(-6.976316420447E-02,-0.368595474616));
#2725 = CARTESIAN_POINT('',(-8.006661496085E-02,-0.368508894251));
#2726 = CARTESIAN_POINT('',(-9.036950616802E-02,-0.368422681933));
#2727 = CARTESIAN_POINT('',(-0.100671835312,-0.368336852899));
#2728 = CARTESIAN_POINT('',(-0.110973600022,-0.368251420328));
#2729 = CARTESIAN_POINT('',(-0.227109513739,-0.367292846898));
#2730 = CARTESIAN_POINT('',(-0.332908375377,-0.366462091076));
#2731 = CARTESIAN_POINT('',(-0.438614247256,-0.365686900369));
#2732 = CARTESIAN_POINT('',(-0.544260339326,-0.364955322193));
#2733 = CARTESIAN_POINT('',(-0.649870829266,-0.364237077165));
#2734 = CARTESIAN_POINT('',(-0.860757285098,-0.362772206782));
#2735 = CARTESIAN_POINT('',(-0.966077542494,-0.362025278582));
#2736 = CARTESIAN_POINT('',(-1.071307812312,-0.361235128449));
#2737 = CARTESIAN_POINT('',(-1.176471258027,-0.360373391516));
#2738 = CARTESIAN_POINT('',(-1.28158408597,-0.359429112402));
#2739 = CARTESIAN_POINT('',(-1.492023883685,-0.357388271819));
#2740 = CARTESIAN_POINT('',(-1.597389481239,-0.356290763406));
#2741 = CARTESIAN_POINT('',(-1.702658783138,-0.35512633698));
#2742 = CARTESIAN_POINT('',(-1.807852265663,-0.353921741891));
#2743 = CARTESIAN_POINT('',(-1.912997482465,-0.352721502026));
#2744 = CARTESIAN_POINT('',(-2.122393868973,-0.350439388859));
#2745 = CARTESIAN_POINT('',(-2.226686801329,-0.349356305599));
#2746 = CARTESIAN_POINT('',(-2.330901171749,-0.348377196818));
#2747 = CARTESIAN_POINT('',(-2.435070651188,-0.347556943957));
#2748 = CARTESIAN_POINT('',(-2.539239228092,-0.346945612539));
#2749 = CARTESIAN_POINT('',(-2.654318219652,-0.346539637392));
#2750 = CARTESIAN_POINT('',(-2.665258839356,-0.346503732528));
#2751 = CARTESIAN_POINT('',(-2.676199366486,-0.346470560142));
#2752 = CARTESIAN_POINT('',(-2.68713982077,-0.346440159028));
#2753 = CARTESIAN_POINT('',(-2.698080222136,-0.346412566108));
#2754 = CARTESIAN_POINT('',(-2.721910670805,-0.346358656028));
#2755 = CARTESIAN_POINT('',(-2.734800705759,-0.346333442502));
#2756 = CARTESIAN_POINT('',(-2.74769072846,-0.346312233179));
#2757 = CARTESIAN_POINT('',(-2.760580772097,-0.34629508139));
#2758 = CARTESIAN_POINT('',(-2.773470870167,-0.346282036461));
#2759 = CARTESIAN_POINT('',(-2.84179798524,-0.346234898583));
#2760 = CARTESIAN_POINT('',(-2.897237637755,-0.34627344973));
#2761 = CARTESIAN_POINT('',(-2.952680362776,-0.346392406596));
#2762 = CARTESIAN_POINT('',(-3.008130191842,-0.346593901352));
#2763 = CARTESIAN_POINT('',(-3.063591183391,-0.346878430845));
#2764 = CARTESIAN_POINT('',(-3.187445139662,-0.347696198836));
#2765 = CARTESIAN_POINT('',(-3.255848695314,-0.348271932002));
#2766 = CARTESIAN_POINT('',(-3.324273071534,-0.348969525547));
#2767 = CARTESIAN_POINT('',(-3.392726829295,-0.349782526569));
#2768 = CARTESIAN_POINT('',(-3.461218113058,-0.350700684699));
#2769 = CARTESIAN_POINT('',(-3.560327529292,-0.352160797012));
#2770 = CARTESIAN_POINT('',(-3.59091832938,-0.352629576712));
#2771 = CARTESIAN_POINT('',(-3.621517065784,-0.353115353349));
#2772 = CARTESIAN_POINT('',(-3.652124062302,-0.353616794744));
#2773 = CARTESIAN_POINT('',(-3.682739611988,-0.354132457335));
#2774 = CARTESIAN_POINT('',(-3.762129767471,-0.355502089283));
#2775 = CARTESIAN_POINT('',(-3.810918435783,-0.356375527651));
#2776 = CARTESIAN_POINT('',(-3.859730026757,-0.35727485298));
#2777 = CARTESIAN_POINT('',(-3.908566016036,-0.35819323637));
#2778 = CARTESIAN_POINT('',(-3.95742760721,-0.359123476833));
#2779 = CARTESIAN_POINT('',(-4.122246269566,-0.362274892567));
#2780 = CARTESIAN_POINT('',(-4.238349809602,-0.364517453876));
#2781 = CARTESIAN_POINT('',(-4.354562562278,-0.366686714704));
#2782 = CARTESIAN_POINT('',(-4.470922335411,-0.368681609996));
#2783 = CARTESIAN_POINT('',(-4.587444666842,-0.370417772682));
#2784 = CARTESIAN_POINT('',(-4.704036767241,-0.37184425433));
#2785 = ( GEOMETRIC_REPRESENTATION_CONTEXT(2) 
PARAMETRIC_REPRESENTATION_CONTEXT() REPRESENTATION_CONTEXT('2D SPACE',''
  ) );
#2786 = ADVANCED_FACE('',(#2787,#2790),#948,.T.);
#2787 = FACE_BOUND('',#2788,.T.);
#2788 = EDGE_LOOP('',(#2789));
#2789 = ORIENTED_EDGE('',*,*,#933,.T.);
#2790 = FACE_BOUND('',#2791,.T.);
#2791 = EDGE_LOOP('',(#2792));
#2792 = ORIENTED_EDGE('',*,*,#2793,.F.);
#2793 = EDGE_CURVE('',#2794,#2794,#2796,.T.);
#2794 = VERTEX_POINT('',#2795);
#2795 = CARTESIAN_POINT('',(25.027498170726,-3.569021942887E-05,
    10.972312598733));
#2796 = SURFACE_CURVE('',#2797,(#2802,#2809),.PCURVE_S1.);
#2797 = CIRCLE('',#2798,10.975062551409);
#2798 = AXIS2_PLACEMENT_3D('',#2799,#2800,#2801);
#2799 = CARTESIAN_POINT('',(25.025170453029,-3.569021943156E-05,
    -2.749705831004E-03));
#2800 = DIRECTION('',(0.999999968065,1.374310097139E-04,
    -2.120915178377E-04));
#2801 = DIRECTION('',(2.120915198406E-04,0.,0.999999977509));
#2802 = PCURVE('',#948,#2803);
#2803 = DEFINITIONAL_REPRESENTATION('',(#2804),#2808);
#2804 = CIRCLE('',#2805,10.975062551409);
#2805 = AXIS2_PLACEMENT_2D('',#2806,#2807);
#2806 = CARTESIAN_POINT('',(-1.620862162175E-18,-3.120701404735E-19));
#2807 = DIRECTION('',(1.,3.308722450212E-24));
#2808 = ( GEOMETRIC_REPRESENTATION_CONTEXT(2) 
PARAMETRIC_REPRESENTATION_CONTEXT() REPRESENTATION_CONTEXT('2D SPACE',''
  ) );
#2809 = PCURVE('',#2810,#2815);
#2810 = CONICAL_SURFACE('',#2811,11.003273323838,0.785832343911);
#2811 = AXIS2_PLACEMENT_3D('',#2812,#2813,#2814);
#2812 = CARTESIAN_POINT('',(24.996984168006,-3.956388916609E-05,
    -2.74372775884E-03));
#2813 = DIRECTION('',(-0.999999968065,-1.374310097139E-04,
    2.120915178377E-04));
#2814 = DIRECTION('',(2.120915198406E-04,0.,0.999999977509));
#2815 = DEFINITIONAL_REPRESENTATION('',(#2816),#2820);
#2816 = LINE('',#2817,#2818);
#2817 = CARTESIAN_POINT('',(-3.308722450212E-24,-2.818628592337E-02));
#2818 = VECTOR('',#2819,1.);
#2819 = DIRECTION('',(-1.,-0.));
#2820 = ( GEOMETRIC_REPRESENTATION_CONTEXT(2) 
PARAMETRIC_REPRESENTATION_CONTEXT() REPRESENTATION_CONTEXT('2D SPACE',''
  ) );
#2821 = ADVANCED_FACE('',(#2822),#1100,.F.);
#2822 = FACE_BOUND('',#2823,.F.);
#2823 = EDGE_LOOP('',(#2824,#2825));
#2824 = ORIENTED_EDGE('',*,*,#964,.F.);
#2825 = ORIENTED_EDGE('',*,*,#2826,.F.);
#2826 = EDGE_CURVE('',#967,#965,#2827,.T.);
#2827 = SURFACE_CURVE('',#2828,(#2833,#2846),.PCURVE_S1.);
#2828 = ELLIPSE('',#2829,1.507140770851,1.49999718843);
#2829 = AXIS2_PLACEMENT_3D('',#2830,#2831,#2832);
#2830 = CARTESIAN_POINT('',(19.001157429963,11.034315763749,
    7.614246308793E-03));
#2831 = DIRECTION('',(-9.710627272949E-02,-0.995273970648,
    3.084600392089E-04));
#2832 = DIRECTION('',(-0.995220909526,9.710428804755E-02,
    1.030041184494E-02));
#2833 = PCURVE('',#1100,#2834);
#2834 = DEFINITIONAL_REPRESENTATION('',(#2835),#2845);
#2835 = B_SPLINE_CURVE_WITH_KNOTS('',8,(#2836,#2837,#2838,#2839,#2840,
    #2841,#2842,#2843,#2844),.UNSPECIFIED.,.F.,.F.,(9,9),(1.604738805378
    ,4.678446501802),.PIECEWISE_BEZIER_KNOTS.);
#2836 = CARTESIAN_POINT('',(3.117932040853,6.598519906943));
#2837 = CARTESIAN_POINT('',(2.7337185788,6.542239521601));
#2838 = CARTESIAN_POINT('',(2.349505116745,6.486797901488));
#2839 = CARTESIAN_POINT('',(1.965291654696,6.444859363954));
#2840 = CARTESIAN_POINT('',(1.581078192637,6.428794090483));
#2841 = CARTESIAN_POINT('',(1.196864730588,6.444859363954));
#2842 = CARTESIAN_POINT('',(0.812651268533,6.486797901483));
#2843 = CARTESIAN_POINT('',(0.428437806481,6.542239521601));
#2844 = CARTESIAN_POINT('',(4.42243444284E-02,6.598519906943));
#2845 = ( GEOMETRIC_REPRESENTATION_CONTEXT(2) 
PARAMETRIC_REPRESENTATION_CONTEXT() REPRESENTATION_CONTEXT('2D SPACE',''
  ) );
#2846 = PCURVE('',#1192,#2847);
#2847 = DEFINITIONAL_REPRESENTATION('',(#2848),#2852);
#2848 = ELLIPSE('',#2849,1.507140770851,1.49999718843);
#2849 = AXIS2_PLACEMENT_2D('',#2850,#2851);
#2850 = CARTESIAN_POINT('',(2.559385153694E-02,-7.28449662977E-03));
#2851 = DIRECTION('',(0.999946949346,-1.030041233497E-02));
#2852 = ( GEOMETRIC_REPRESENTATION_CONTEXT(2) 
PARAMETRIC_REPRESENTATION_CONTEXT() REPRESENTATION_CONTEXT('2D SPACE',''
  ) );
#2853 = ADVANCED_FACE('',(#2854),#1192,.T.);
#2854 = FACE_BOUND('',#2855,.T.);
#2855 = EDGE_LOOP('',(#2856,#2857,#2879,#2880));
#2856 = ORIENTED_EDGE('',*,*,#1474,.T.);
#2857 = ORIENTED_EDGE('',*,*,#2858,.T.);
#2858 = EDGE_CURVE('',#1335,#1172,#2859,.T.);
#2859 = SURFACE_CURVE('',#2860,(#2865,#2872),.PCURVE_S1.);
#2860 = CIRCLE('',#2861,1.873606596087);
#2861 = AXIS2_PLACEMENT_3D('',#2862,#2863,#2864);
#2862 = CARTESIAN_POINT('',(19.026630107223,11.031828203746,
    3.297500255744E-04));
#2863 = DIRECTION('',(-9.710627272949E-02,-0.995273970648,
    3.084600392089E-04));
#2864 = DIRECTION('',(-0.995274017997,9.710627734921E-02,
    3.388131789017E-21));
#2865 = PCURVE('',#1192,#2866);
#2866 = DEFINITIONAL_REPRESENTATION('',(#2867),#2871);
#2867 = CIRCLE('',#2868,1.873606596087);
#2868 = AXIS2_PLACEMENT_2D('',#2869,#2870);
#2869 = CARTESIAN_POINT('',(0.,0.));
#2870 = DIRECTION('',(1.,0.));
#2871 = ( GEOMETRIC_REPRESENTATION_CONTEXT(2) 
PARAMETRIC_REPRESENTATION_CONTEXT() REPRESENTATION_CONTEXT('2D SPACE',''
  ) );
#2872 = PCURVE('',#1288,#2873);
#2873 = DEFINITIONAL_REPRESENTATION('',(#2874),#2878);
#2874 = LINE('',#2875,#2876);
#2875 = CARTESIAN_POINT('',(-0.,-0.));
#2876 = VECTOR('',#2877,1.);
#2877 = DIRECTION('',(-1.,-0.));
#2878 = ( GEOMETRIC_REPRESENTATION_CONTEXT(2) 
PARAMETRIC_REPRESENTATION_CONTEXT() REPRESENTATION_CONTEXT('2D SPACE',''
  ) );
#2879 = ORIENTED_EDGE('',*,*,#1171,.T.);
#2880 = ORIENTED_EDGE('',*,*,#2826,.F.);
#2881 = ADVANCED_FACE('',(#2882),#1288,.F.);
#2882 = FACE_BOUND('',#2883,.F.);
#2883 = EDGE_LOOP('',(#2884,#2885,#2906,#2907,#2908,#2909,#2910));
#2884 = ORIENTED_EDGE('',*,*,#2097,.T.);
#2885 = ORIENTED_EDGE('',*,*,#2886,.F.);
#2886 = EDGE_CURVE('',#1205,#2100,#2887,.T.);
#2887 = SEAM_CURVE('',#2888,(#2892,#2899),.PCURVE_S1.);
#2888 = LINE('',#2889,#2890);
#2889 = CARTESIAN_POINT('',(17.16187814219,11.213767165509,
    3.297500255748E-04));
#2890 = VECTOR('',#2891,1.);
#2891 = DIRECTION('',(0.645084674299,-0.764111063032,2.152613522503E-04)
  );
#2892 = PCURVE('',#1288,#2893);
#2893 = DEFINITIONAL_REPRESENTATION('',(#2894),#2898);
#2894 = LINE('',#2895,#2896);
#2895 = CARTESIAN_POINT('',(-6.28318530718,0.));
#2896 = VECTOR('',#2897,1.);
#2897 = DIRECTION('',(-0.,-1.));
#2898 = ( GEOMETRIC_REPRESENTATION_CONTEXT(2) 
PARAMETRIC_REPRESENTATION_CONTEXT() REPRESENTATION_CONTEXT('2D SPACE',''
  ) );
#2899 = PCURVE('',#1288,#2900);
#2900 = DEFINITIONAL_REPRESENTATION('',(#2901),#2905);
#2901 = LINE('',#2902,#2903);
#2902 = CARTESIAN_POINT('',(0.,-0.));
#2903 = VECTOR('',#2904,1.);
#2904 = DIRECTION('',(-0.,-1.));
#2905 = ( GEOMETRIC_REPRESENTATION_CONTEXT(2) 
PARAMETRIC_REPRESENTATION_CONTEXT() REPRESENTATION_CONTEXT('2D SPACE',''
  ) );
#2906 = ORIENTED_EDGE('',*,*,#1334,.F.);
#2907 = ORIENTED_EDGE('',*,*,#2858,.T.);
#2908 = ORIENTED_EDGE('',*,*,#1204,.F.);
#2909 = ORIENTED_EDGE('',*,*,#2886,.T.);
#2910 = ORIENTED_EDGE('',*,*,#2352,.T.);
#2911 = ADVANCED_FACE('',(#2912),#1525,.T.);
#2912 = FACE_BOUND('',#2913,.T.);
#2913 = EDGE_LOOP('',(#2914,#2915,#2937,#2938));
#2914 = ORIENTED_EDGE('',*,*,#1502,.T.);
#2915 = ORIENTED_EDGE('',*,*,#2916,.T.);
#2916 = EDGE_CURVE('',#1505,#1743,#2917,.T.);
#2917 = SURFACE_CURVE('',#2918,(#2923,#2930),.PCURVE_S1.);
#2918 = CIRCLE('',#2919,1.873613515206);
#2919 = AXIS2_PLACEMENT_3D('',#2920,#2921,#2922);
#2920 = CARTESIAN_POINT('',(18.973404596088,-11.03182823443,
    3.296587748971E-04));
#2921 = DIRECTION('',(9.713232364084E-02,0.995271428627,
    3.083221041875E-04));
#2922 = DIRECTION('',(0.995271475934,-9.713232825766E-02,0.));
#2923 = PCURVE('',#1525,#2924);
#2924 = DEFINITIONAL_REPRESENTATION('',(#2925),#2929);
#2925 = CIRCLE('',#2926,1.873613515206);
#2926 = AXIS2_PLACEMENT_2D('',#2927,#2928);
#2927 = CARTESIAN_POINT('',(0.,0.));
#2928 = DIRECTION('',(1.,0.));
#2929 = ( GEOMETRIC_REPRESENTATION_CONTEXT(2) 
PARAMETRIC_REPRESENTATION_CONTEXT() REPRESENTATION_CONTEXT('2D SPACE',''
  ) );
#2930 = PCURVE('',#1893,#2931);
#2931 = DEFINITIONAL_REPRESENTATION('',(#2932),#2936);
#2932 = LINE('',#2933,#2934);
#2933 = CARTESIAN_POINT('',(-0.,-0.));
#2934 = VECTOR('',#2935,1.);
#2935 = DIRECTION('',(-1.,-0.));
#2936 = ( GEOMETRIC_REPRESENTATION_CONTEXT(2) 
PARAMETRIC_REPRESENTATION_CONTEXT() REPRESENTATION_CONTEXT('2D SPACE',''
  ) );
#2937 = ORIENTED_EDGE('',*,*,#1742,.T.);
#2938 = ORIENTED_EDGE('',*,*,#2939,.F.);
#2939 = EDGE_CURVE('',#1503,#1538,#2940,.T.);
#2940 = SURFACE_CURVE('',#2941,(#2946,#2953),.PCURVE_S1.);
#2941 = ELLIPSE('',#2942,1.506956278813,1.499810380444);
#2942 = AXIS2_PLACEMENT_3D('',#2943,#2944,#2945);
#2943 = CARTESIAN_POINT('',(18.997127260742,-11.03414092731,
    -7.715148902863E-03));
#2944 = DIRECTION('',(9.713232364084E-02,0.995271428627,
    3.083221041875E-04));
#2945 = DIRECTION('',(-0.99526368389,9.713033261009E-02,
    3.987231752968E-03));
#2946 = PCURVE('',#1525,#2947);
#2947 = DEFINITIONAL_REPRESENTATION('',(#2948),#2952);
#2948 = ELLIPSE('',#2949,1.506956278813,1.499810380444);
#2949 = AXIS2_PLACEMENT_2D('',#2950,#2951);
#2950 = CARTESIAN_POINT('',(2.383512870778E-02,8.044808060139E-03));
#2951 = DIRECTION('',(-0.999992050959,-3.987231942487E-03));
#2952 = ( GEOMETRIC_REPRESENTATION_CONTEXT(2) 
PARAMETRIC_REPRESENTATION_CONTEXT() REPRESENTATION_CONTEXT('2D SPACE',''
  ) );
#2953 = PCURVE('',#1671,#2954);
#2954 = DEFINITIONAL_REPRESENTATION('',(#2955),#2965);
#2955 = B_SPLINE_CURVE_WITH_KNOTS('',8,(#2956,#2957,#2958,#2959,#2960,
    #2961,#2962,#2963,#2964),.UNSPECIFIED.,.F.,.F.,(9,9),(4.733335996497
    ,7.833034617863),.PIECEWISE_BEZIER_KNOTS.);
#2956 = CARTESIAN_POINT('',(3.166478110335,0.130313202372));
#2957 = CARTESIAN_POINT('',(3.553940438006,0.187095436674));
#2958 = CARTESIAN_POINT('',(3.941402765671,0.243351304803));
#2959 = CARTESIAN_POINT('',(4.328865093372,0.286086300145));
#2960 = CARTESIAN_POINT('',(4.716327420974,0.302507081394));
#2961 = CARTESIAN_POINT('',(5.103789748711,0.286086300145));
#2962 = CARTESIAN_POINT('',(5.491252076355,0.243351304803));
#2963 = CARTESIAN_POINT('',(5.87871440403,0.187095436674));
#2964 = CARTESIAN_POINT('',(6.266176731701,0.130313202372));
#2965 = ( GEOMETRIC_REPRESENTATION_CONTEXT(2) 
PARAMETRIC_REPRESENTATION_CONTEXT() REPRESENTATION_CONTEXT('2D SPACE',''
  ) );
#2966 = ADVANCED_FACE('',(#2967),#1671,.F.);
#2967 = FACE_BOUND('',#2968,.F.);
#2968 = EDGE_LOOP('',(#2969,#2970));
#2969 = ORIENTED_EDGE('',*,*,#2939,.F.);
#2970 = ORIENTED_EDGE('',*,*,#1537,.T.);
#2971 = ADVANCED_FACE('',(#2972),#1893,.F.);
#2972 = FACE_BOUND('',#2973,.F.);
#2973 = EDGE_LOOP('',(#2974,#2975,#2996,#2997,#2998,#2999,#3000));
#2974 = ORIENTED_EDGE('',*,*,#2574,.F.);
#2975 = ORIENTED_EDGE('',*,*,#2976,.F.);
#2976 = EDGE_CURVE('',#1771,#2495,#2977,.T.);
#2977 = SEAM_CURVE('',#2978,(#2982,#2989),.PCURVE_S1.);
#2978 = LINE('',#2979,#2980);
#2979 = CARTESIAN_POINT('',(20.838158684696,-11.21381667742,
    3.296587748975E-04));
#2980 = VECTOR('',#2981,1.);
#2981 = DIRECTION('',(-0.64507893507,0.764115908246,2.151609716073E-04)
  );
#2982 = PCURVE('',#1893,#2983);
#2983 = DEFINITIONAL_REPRESENTATION('',(#2984),#2988);
#2984 = LINE('',#2985,#2986);
#2985 = CARTESIAN_POINT('',(0.,-0.));
#2986 = VECTOR('',#2987,1.);
#2987 = DIRECTION('',(-0.,-1.));
#2988 = ( GEOMETRIC_REPRESENTATION_CONTEXT(2) 
PARAMETRIC_REPRESENTATION_CONTEXT() REPRESENTATION_CONTEXT('2D SPACE',''
  ) );
#2989 = PCURVE('',#1893,#2990);
#2990 = DEFINITIONAL_REPRESENTATION('',(#2991),#2995);
#2991 = LINE('',#2992,#2993);
#2992 = CARTESIAN_POINT('',(-6.28318530718,0.));
#2993 = VECTOR('',#2994,1.);
#2994 = DIRECTION('',(-0.,-1.));
#2995 = ( GEOMETRIC_REPRESENTATION_CONTEXT(2) 
PARAMETRIC_REPRESENTATION_CONTEXT() REPRESENTATION_CONTEXT('2D SPACE',''
  ) );
#2996 = ORIENTED_EDGE('',*,*,#1971,.F.);
#2997 = ORIENTED_EDGE('',*,*,#2916,.T.);
#2998 = ORIENTED_EDGE('',*,*,#1770,.T.);
#2999 = ORIENTED_EDGE('',*,*,#2976,.T.);
#3000 = ORIENTED_EDGE('',*,*,#2494,.F.);
#3001 = ADVANCED_FACE('',(#3002),#2810,.T.);
#3002 = FACE_BOUND('',#3003,.T.);
#3003 = EDGE_LOOP('',(#3004,#3027,#3054,#3055));
#3004 = ORIENTED_EDGE('',*,*,#3005,.T.);
#3005 = EDGE_CURVE('',#2794,#3006,#3008,.T.);
#3006 = VERTEX_POINT('',#3007);
#3007 = CARTESIAN_POINT('',(26.002133528491,9.828334551183E-05,
    9.996416657751));
#3008 = SEAM_CURVE('',#3009,(#3013,#3020),.PCURVE_S1.);
#3009 = LINE('',#3010,#3011);
#3010 = CARTESIAN_POINT('',(24.999317868968,-3.956388916339E-05,
    11.0005293486));
#3011 = VECTOR('',#3012,1.);
#3012 = DIRECTION('',(0.706649643537,9.713619678833E-05,-0.707563616824)
  );
#3013 = PCURVE('',#2810,#3014);
#3014 = DEFINITIONAL_REPRESENTATION('',(#3015),#3019);
#3015 = LINE('',#3016,#3017);
#3016 = CARTESIAN_POINT('',(-6.28318530718,0.));
#3017 = VECTOR('',#3018,1.);
#3018 = DIRECTION('',(-0.,-1.));
#3019 = ( GEOMETRIC_REPRESENTATION_CONTEXT(2) 
PARAMETRIC_REPRESENTATION_CONTEXT() REPRESENTATION_CONTEXT('2D SPACE',''
  ) );
#3020 = PCURVE('',#2810,#3021);
#3021 = DEFINITIONAL_REPRESENTATION('',(#3022),#3026);
#3022 = LINE('',#3023,#3024);
#3023 = CARTESIAN_POINT('',(0.,-0.));
#3024 = VECTOR('',#3025,1.);
#3025 = DIRECTION('',(-0.,-1.));
#3026 = ( GEOMETRIC_REPRESENTATION_CONTEXT(2) 
PARAMETRIC_REPRESENTATION_CONTEXT() REPRESENTATION_CONTEXT('2D SPACE',''
  ) );
#3027 = ORIENTED_EDGE('',*,*,#3028,.F.);
#3028 = EDGE_CURVE('',#3006,#3006,#3029,.T.);
#3029 = SURFACE_CURVE('',#3030,(#3035,#3042),.PCURVE_S1.);
#3030 = CIRCLE('',#3031,9.99937334427);
#3031 = AXIS2_PLACEMENT_3D('',#3032,#3033,#3034);
#3032 = CARTESIAN_POINT('',(26.000012746201,9.828334550939E-05,
    -2.956461619218E-03));
#3033 = DIRECTION('',(0.999999968065,1.374310097139E-04,
    -2.120915178377E-04));
#3034 = DIRECTION('',(2.120915198406E-04,0.,0.999999977509));
#3035 = PCURVE('',#2810,#3036);
#3036 = DEFINITIONAL_REPRESENTATION('',(#3037),#3041);
#3037 = LINE('',#3038,#3039);
#3038 = CARTESIAN_POINT('',(-0.,-1.003028610227));
#3039 = VECTOR('',#3040,1.);
#3040 = DIRECTION('',(-1.,-0.));
#3041 = ( GEOMETRIC_REPRESENTATION_CONTEXT(2) 
PARAMETRIC_REPRESENTATION_CONTEXT() REPRESENTATION_CONTEXT('2D SPACE',''
  ) );
#3042 = PCURVE('',#3043,#3048);
#3043 = PLANE('',#3044);
#3044 = AXIS2_PLACEMENT_3D('',#3045,#3046,#3047);
#3045 = CARTESIAN_POINT('',(26.000012746201,9.828334550939E-05,
    -2.956461619218E-03));
#3046 = DIRECTION('',(0.999999968065,1.374310097139E-04,
    -2.120915178377E-04));
#3047 = DIRECTION('',(2.120915198406E-04,0.,0.999999977509));
#3048 = DEFINITIONAL_REPRESENTATION('',(#3049),#3053);
#3049 = CIRCLE('',#3050,9.99937334427);
#3050 = AXIS2_PLACEMENT_2D('',#3051,#3052);
#3051 = CARTESIAN_POINT('',(0.,0.));
#3052 = DIRECTION('',(1.,0.));
#3053 = ( GEOMETRIC_REPRESENTATION_CONTEXT(2) 
PARAMETRIC_REPRESENTATION_CONTEXT() REPRESENTATION_CONTEXT('2D SPACE',''
  ) );
#3054 = ORIENTED_EDGE('',*,*,#3005,.F.);
#3055 = ORIENTED_EDGE('',*,*,#2793,.T.);
#3056 = ADVANCED_FACE('',(#3057),#331,.F.);
#3057 = FACE_BOUND('',#3058,.F.);
#3058 = EDGE_LOOP('',(#3059,#3060,#3083,#3109));
#3059 = ORIENTED_EDGE('',*,*,#316,.F.);
#3060 = ORIENTED_EDGE('',*,*,#3061,.F.);
#3061 = EDGE_CURVE('',#3062,#294,#3064,.T.);
#3062 = VERTEX_POINT('',#3063);
#3063 = CARTESIAN_POINT('',(25.998793217113,9.828334551079E-05,
    -5.752969767038));
#3064 = SEAM_CURVE('',#3065,(#3069,#3076),.PCURVE_S1.);
#3065 = LINE('',#3066,#3067);
#3066 = CARTESIAN_POINT('',(26.574879663648,1.774722853891E-04,
    -6.32930121529));
#3067 = VECTOR('',#3068,1.);
#3068 = DIRECTION('',(-0.706956432398,-9.717835015645E-05,0.707257091337
    ));
#3069 = PCURVE('',#331,#3070);
#3070 = DEFINITIONAL_REPRESENTATION('',(#3071),#3075);
#3071 = LINE('',#3072,#3073);
#3072 = CARTESIAN_POINT('',(-6.28318530718,0.));
#3073 = VECTOR('',#3074,1.);
#3074 = DIRECTION('',(-0.,-1.));
#3075 = ( GEOMETRIC_REPRESENTATION_CONTEXT(2) 
PARAMETRIC_REPRESENTATION_CONTEXT() REPRESENTATION_CONTEXT('2D SPACE',''
  ) );
#3076 = PCURVE('',#331,#3077);
#3077 = DEFINITIONAL_REPRESENTATION('',(#3078),#3082);
#3078 = LINE('',#3079,#3080);
#3079 = CARTESIAN_POINT('',(0.,-0.));
#3080 = VECTOR('',#3081,1.);
#3081 = DIRECTION('',(-0.,-1.));
#3082 = ( GEOMETRIC_REPRESENTATION_CONTEXT(2) 
PARAMETRIC_REPRESENTATION_CONTEXT() REPRESENTATION_CONTEXT('2D SPACE',''
  ) );
#3083 = ORIENTED_EDGE('',*,*,#3084,.T.);
#3084 = EDGE_CURVE('',#3062,#3062,#3085,.T.);
#3085 = SURFACE_CURVE('',#3086,(#3091,#3098),.PCURVE_S1.);
#3086 = CIRCLE('',#3087,5.750013434745);
#3087 = AXIS2_PLACEMENT_3D('',#3088,#3089,#3090);
#3088 = CARTESIAN_POINT('',(26.000012746201,9.828334550939E-05,
    -2.956461619218E-03));
#3089 = DIRECTION('',(-0.999999968065,-1.374310097139E-04,
    2.120915178377E-04));
#3090 = DIRECTION('',(-2.120915198406E-04,0.,-0.999999977509));
#3091 = PCURVE('',#331,#3092);
#3092 = DEFINITIONAL_REPRESENTATION('',(#3093),#3097);
#3093 = LINE('',#3094,#3095);
#3094 = CARTESIAN_POINT('',(-0.,-0.576208674032));
#3095 = VECTOR('',#3096,1.);
#3096 = DIRECTION('',(-1.,-0.));
#3097 = ( GEOMETRIC_REPRESENTATION_CONTEXT(2) 
PARAMETRIC_REPRESENTATION_CONTEXT() REPRESENTATION_CONTEXT('2D SPACE',''
  ) );
#3098 = PCURVE('',#3043,#3099);
#3099 = DEFINITIONAL_REPRESENTATION('',(#3100),#3108);
#3100 = ( BOUNDED_CURVE() B_SPLINE_CURVE(2,(#3101,#3102,#3103,#3104,
#3105,#3106,#3107),.UNSPECIFIED.,.T.,.F.) B_SPLINE_CURVE_WITH_KNOTS((1,2
    ,2,2,2,1),(-2.094395102393,0.,2.094395102393,4.188790204786,
6.28318530718,8.377580409573),.UNSPECIFIED.) CURVE() 
GEOMETRIC_REPRESENTATION_ITEM() RATIONAL_B_SPLINE_CURVE((1.,0.5,1.,0.5,
1.,0.5,1.)) REPRESENTATION_ITEM('') );
#3101 = CARTESIAN_POINT('',(-5.750013434745,4.063856852662E-20));
#3102 = CARTESIAN_POINT('',(-5.750013434745,9.959315413181));
#3103 = CARTESIAN_POINT('',(2.875006717372,4.979657706591));
#3104 = CARTESIAN_POINT('',(11.500026869489,1.408387805227E-15));
#3105 = CARTESIAN_POINT('',(2.875006717372,-4.979657706591));
#3106 = CARTESIAN_POINT('',(-5.750013434745,-9.959315413181));
#3107 = CARTESIAN_POINT('',(-5.750013434745,4.063856852662E-20));
#3108 = ( GEOMETRIC_REPRESENTATION_CONTEXT(2) 
PARAMETRIC_REPRESENTATION_CONTEXT() REPRESENTATION_CONTEXT('2D SPACE',''
  ) );
#3109 = ORIENTED_EDGE('',*,*,#3061,.T.);
#3110 = ADVANCED_FACE('',(#3111,#3114),#3043,.T.);
#3111 = FACE_BOUND('',#3112,.T.);
#3112 = EDGE_LOOP('',(#3113));
#3113 = ORIENTED_EDGE('',*,*,#3028,.T.);
#3114 = FACE_BOUND('',#3115,.T.);
#3115 = EDGE_LOOP('',(#3116));
#3116 = ORIENTED_EDGE('',*,*,#3084,.T.);
#3117 = ( GEOMETRIC_REPRESENTATION_CONTEXT(3) 
GLOBAL_UNCERTAINTY_ASSIGNED_CONTEXT((#3121)) 
GLOBAL_UNIT_ASSIGNED_CONTEXT((#3118,#3119,#3120)) REPRESENTATION_CONTEXT
('Context #1','3D Context with UNIT and UNCERTAINTY') );
#3118 = ( LENGTH_UNIT() NAMED_UNIT(*) SI_UNIT(.MILLI.,.METRE.) );
#3119 = ( NAMED_UNIT(*) PLANE_ANGLE_UNIT() SI_UNIT($,.RADIAN.) );
#3120 = ( NAMED_UNIT(*) SI_UNIT($,.STERADIAN.) SOLID_ANGLE_UNIT() );
#3121 = UNCERTAINTY_MEASURE_WITH_UNIT(LENGTH_MEASURE(1.E-07),#3118,
  'distance_accuracy_value','confusion accuracy');
#3122 = PRODUCT_TYPE('part',$,(#7));
ENDSEC;
END-ISO-10303-21;
