ISO-10303-21;
HEADER;
FILE_DESCRIPTION(('Open CASCADE Model'),'2;1');
FILE_NAME('Open CASCADE Shape Model','2026-09-07T10:55:48',('Author'),(
    'Open CASCADE'),'Open CASCADE STEP processor 7.8','Open CASCADE 7.8'
  ,'Unknown');
FILE_SCHEMA(('CONFIG_CONTROL_DESIGN'));
ENDSEC;
DATA;
#1 = APPLICATION_PROTOCOL_DEFINITION('committee draft',
  'automotive_design',1997,#2);
#2 = APPLICATION_CONTEXT(
  'core data for automotive mechanical design processes');
#3 = SHAPE_DEFINITION_REPRESENTATION(#4,#10);
#4 = PRODUCT_DEFINITION_SHAPE('','',#5);
#5 = PRODUCT_DEFINITION('design','',#6,#9);
#6 = PRODUCT_DEFINITION_FORMATION('','',#7);
#7 = PRODUCT('Product 5','Product 5','',(#8));
#8 = MECHANICAL_CONTEXT('',#2,'mechanical');
#9 = PRODUCT_DEFINITION_CONTEXT('part definition',#2,'design');
#10 = ADVANCED_BREP_SHAPE_REPRESENTATION('',(#11,#15),#2255);
#11 = AXIS2_PLACEMENT_3D('',#12,#13,#14);
#12 = CARTESIAN_POINT('',(0.,0.,0.));
#13 = DIRECTION('',(0.,0.,1.));
#14 = DIRECTION('',(1.,0.,-0.));
#15 = MANIFOLD_SOLID_BREP('',#16);
#16 = CLOSED_SHELL('',(#17,#105,#140,#144,#199,#254,#289,#1609,#1677,
    #1745,#1816,#1865,#1914,#1941,#2012,#2061,#2110,#2137,#2147,#2157,
    #2196,#2251));
#17 = ADVANCED_FACE('',(#18),#32,.T.);
#18 = FACE_BOUND('',#19,.T.);
#19 = EDGE_LOOP('',(#20,#50,#77,#78));
#20 = ORIENTED_EDGE('',*,*,#21,.T.);
#21 = EDGE_CURVE('',#22,#24,#26,.T.);
#22 = VERTEX_POINT('',#23);
#23 = CARTESIAN_POINT('',(-25.63151263191,-3.882909819334E-03,
    -3.485169019638));
#24 = VERTEX_POINT('',#25);
#25 = CARTESIAN_POINT('',(-26.12057039624,-4.065445632237E-03,
    -2.996628606455));
#26 = SEAM_CURVE('',#27,(#31,#43),.PCURVE_S1.);
#27 = LINE('',#28,#29);
#28 = CARTESIAN_POINT('',(-25.61831802917,-3.877985068693E-03,
    -3.498349664439));
#29 = VECTOR('',#30,1.);
#30 = DIRECTION('',(-0.707480862834,-2.640600023797E-04,0.706732452203)
  );
#31 = PCURVE('',#32,#37);
#32 = CONICAL_SURFACE('',#33,3.501566679008,0.785645735681);
#33 = AXIS2_PLACEMENT_3D('',#34,#35,#36);
#34 = CARTESIAN_POINT('',(-25.62103809295,-3.877985068693E-03,
    3.215958077785E-03));
#35 = DIRECTION('',(0.999999628518,3.735297236982E-04,7.7681330749E-04)
  );
#36 = DIRECTION('',(7.768133616822E-04,0.,-0.99999969828));
#37 = DEFINITIONAL_REPRESENTATION('',(#38),#42);
#38 = LINE('',#39,#40);
#39 = CARTESIAN_POINT('',(-6.28318530718,0.));
#40 = VECTOR('',#41,1.);
#41 = DIRECTION('',(-0.,-1.));
#42 = ( GEOMETRIC_REPRESENTATION_CONTEXT(2) 
PARAMETRIC_REPRESENTATION_CONTEXT() REPRESENTATION_CONTEXT('2D SPACE',''
  ) );
#43 = PCURVE('',#32,#44);
#44 = DEFINITIONAL_REPRESENTATION('',(#45),#49);
#45 = LINE('',#46,#47);
#46 = CARTESIAN_POINT('',(0.,-0.));
#47 = VECTOR('',#48,1.);
#48 = DIRECTION('',(-0.,-1.));
#49 = ( GEOMETRIC_REPRESENTATION_CONTEXT(2) 
PARAMETRIC_REPRESENTATION_CONTEXT() REPRESENTATION_CONTEXT('2D SPACE',''
  ) );
#50 = ORIENTED_EDGE('',*,*,#51,.F.);
#51 = EDGE_CURVE('',#24,#24,#52,.T.);
#52 = SURFACE_CURVE('',#53,(#58,#65),.PCURVE_S1.);
#53 = CIRCLE('',#54,2.999455616053);
#54 = AXIS2_PLACEMENT_3D('',#55,#56,#57);
#55 = CARTESIAN_POINT('',(-26.12290041344,-4.065445632238E-03,
    2.826104603878E-03));
#56 = DIRECTION('',(-0.999999628518,-3.735297236982E-04,
    -7.7681330749E-04));
#57 = DIRECTION('',(7.768133616822E-04,0.,-0.99999969828));
#58 = PCURVE('',#32,#59);
#59 = DEFINITIONAL_REPRESENTATION('',(#60),#64);
#60 = LINE('',#61,#62);
#61 = CARTESIAN_POINT('',(-0.,-0.501862506921));
#62 = VECTOR('',#63,1.);
#63 = DIRECTION('',(-1.,-0.));
#64 = ( GEOMETRIC_REPRESENTATION_CONTEXT(2) 
PARAMETRIC_REPRESENTATION_CONTEXT() REPRESENTATION_CONTEXT('2D SPACE',''
  ) );
#65 = PCURVE('',#66,#71);
#66 = PLANE('',#67);
#67 = AXIS2_PLACEMENT_3D('',#68,#69,#70);
#68 = CARTESIAN_POINT('',(-26.12290041344,-4.065445632238E-03,
    2.826104603878E-03));
#69 = DIRECTION('',(-0.999999628518,-3.735297236982E-04,
    -7.7681330749E-04));
#70 = DIRECTION('',(7.768133616822E-04,0.,-0.99999969828));
#71 = DEFINITIONAL_REPRESENTATION('',(#72),#76);
#72 = CIRCLE('',#73,2.999455616053);
#73 = AXIS2_PLACEMENT_2D('',#74,#75);
#74 = CARTESIAN_POINT('',(0.,0.));
#75 = DIRECTION('',(1.,0.));
#76 = ( GEOMETRIC_REPRESENTATION_CONTEXT(2) 
PARAMETRIC_REPRESENTATION_CONTEXT() REPRESENTATION_CONTEXT('2D SPACE',''
  ) );
#77 = ORIENTED_EDGE('',*,*,#21,.F.);
#78 = ORIENTED_EDGE('',*,*,#79,.T.);
#79 = EDGE_CURVE('',#22,#22,#80,.T.);
#80 = SURFACE_CURVE('',#81,(#86,#93),.PCURVE_S1.);
#81 = CIRCLE('',#82,3.48837578844);
#82 = AXIS2_PLACEMENT_3D('',#83,#84,#85);
#83 = CARTESIAN_POINT('',(-25.63422244884,-3.882909819335E-03,
    3.205716290875E-03));
#84 = DIRECTION('',(-0.999999628518,-3.735297236982E-04,
    -7.7681330749E-04));
#85 = DIRECTION('',(7.768133616822E-04,0.,-0.99999969828));
#86 = PCURVE('',#32,#87);
#87 = DEFINITIONAL_REPRESENTATION('',(#88),#92);
#88 = LINE('',#89,#90);
#89 = CARTESIAN_POINT('',(-0.,-1.318436078616E-02));
#90 = VECTOR('',#91,1.);
#91 = DIRECTION('',(-1.,-0.));
#92 = ( GEOMETRIC_REPRESENTATION_CONTEXT(2) 
PARAMETRIC_REPRESENTATION_CONTEXT() REPRESENTATION_CONTEXT('2D SPACE',''
  ) );
#93 = PCURVE('',#94,#99);
#94 = PLANE('',#95);
#95 = AXIS2_PLACEMENT_3D('',#96,#97,#98);
#96 = CARTESIAN_POINT('',(-25.63422244884,-3.882909819335E-03,
    3.205716290875E-03));
#97 = DIRECTION('',(-0.999999628518,-3.735297236982E-04,
    -7.7681330749E-04));
#98 = DIRECTION('',(7.768133616822E-04,0.,-0.99999969828));
#99 = DEFINITIONAL_REPRESENTATION('',(#100),#104);
#100 = CIRCLE('',#101,3.48837578844);
#101 = AXIS2_PLACEMENT_2D('',#102,#103);
#102 = CARTESIAN_POINT('',(-8.673614762884E-19,-2.168403942022E-18));
#103 = DIRECTION('',(1.,0.));
#104 = ( GEOMETRIC_REPRESENTATION_CONTEXT(2) 
PARAMETRIC_REPRESENTATION_CONTEXT() REPRESENTATION_CONTEXT('2D SPACE',''
  ) );
#105 = ADVANCED_FACE('',(#106,#137),#94,.T.);
#106 = FACE_BOUND('',#107,.T.);
#107 = EDGE_LOOP('',(#108));
#108 = ORIENTED_EDGE('',*,*,#109,.T.);
#109 = EDGE_CURVE('',#110,#110,#112,.T.);
#110 = VERTEX_POINT('',#111);
#111 = CARTESIAN_POINT('',(-25.63150359926,-3.882909819334E-03,
    -3.496796849275));
#112 = SURFACE_CURVE('',#113,(#118,#125),.PCURVE_S1.);
#113 = CIRCLE('',#114,3.500003621585);
#114 = AXIS2_PLACEMENT_3D('',#115,#116,#117);
#115 = CARTESIAN_POINT('',(-25.63422244884,-3.882909819335E-03,
    3.205716290875E-03));
#116 = DIRECTION('',(-0.999999628518,-3.735297236982E-04,
    -7.7681330749E-04));
#117 = DIRECTION('',(7.768133616822E-04,0.,-0.99999969828));
#118 = PCURVE('',#94,#119);
#119 = DEFINITIONAL_REPRESENTATION('',(#120),#124);
#120 = CIRCLE('',#121,3.500003621585);
#121 = AXIS2_PLACEMENT_2D('',#122,#123);
#122 = CARTESIAN_POINT('',(0.,0.));
#123 = DIRECTION('',(1.,0.));
#124 = ( GEOMETRIC_REPRESENTATION_CONTEXT(2) 
PARAMETRIC_REPRESENTATION_CONTEXT() REPRESENTATION_CONTEXT('2D SPACE',''
  ) );
#125 = PCURVE('',#126,#131);
#126 = CYLINDRICAL_SURFACE('',#127,3.500003621585);
#127 = AXIS2_PLACEMENT_3D('',#128,#129,#130);
#128 = CARTESIAN_POINT('',(25.634024221301,1.526731130781E-02,
    4.303158735051E-02));
#129 = DIRECTION('',(-0.999999628518,-3.735297236982E-04,
    -7.7681330749E-04));
#130 = DIRECTION('',(7.768133616822E-04,0.,-0.99999969828));
#131 = DEFINITIONAL_REPRESENTATION('',(#132),#136);
#132 = LINE('',#133,#134);
#133 = CARTESIAN_POINT('',(0.,51.268265715367));
#134 = VECTOR('',#135,1.);
#135 = DIRECTION('',(1.,0.));
#136 = ( GEOMETRIC_REPRESENTATION_CONTEXT(2) 
PARAMETRIC_REPRESENTATION_CONTEXT() REPRESENTATION_CONTEXT('2D SPACE',''
  ) );
#137 = FACE_BOUND('',#138,.T.);
#138 = EDGE_LOOP('',(#139));
#139 = ORIENTED_EDGE('',*,*,#79,.F.);
#140 = ADVANCED_FACE('',(#141),#66,.T.);
#141 = FACE_BOUND('',#142,.T.);
#142 = EDGE_LOOP('',(#143));
#143 = ORIENTED_EDGE('',*,*,#51,.T.);
#144 = ADVANCED_FACE('',(#145),#126,.T.);
#145 = FACE_BOUND('',#146,.T.);
#146 = EDGE_LOOP('',(#147,#176,#197,#198));
#147 = ORIENTED_EDGE('',*,*,#148,.T.);
#148 = EDGE_CURVE('',#149,#149,#151,.T.);
#149 = VERTEX_POINT('',#150);
#150 = CARTESIAN_POINT('',(-25.61988152646,-3.878568628082E-03,
    -3.496787821091));
#151 = SURFACE_CURVE('',#152,(#157,#164),.PCURVE_S1.);
#152 = CIRCLE('',#153,3.500003621585);
#153 = AXIS2_PLACEMENT_3D('',#154,#155,#156);
#154 = CARTESIAN_POINT('',(-25.62260037604,-3.878568628083E-03,
    3.214744475036E-03));
#155 = DIRECTION('',(-0.999999628518,-3.735297236982E-04,
    -7.7681330749E-04));
#156 = DIRECTION('',(7.768133616822E-04,0.,-0.99999969828));
#157 = PCURVE('',#126,#158);
#158 = DEFINITIONAL_REPRESENTATION('',(#159),#163);
#159 = LINE('',#160,#161);
#160 = CARTESIAN_POINT('',(0.,51.256643638256));
#161 = VECTOR('',#162,1.);
#162 = DIRECTION('',(1.,0.));
#163 = ( GEOMETRIC_REPRESENTATION_CONTEXT(2) 
PARAMETRIC_REPRESENTATION_CONTEXT() REPRESENTATION_CONTEXT('2D SPACE',''
  ) );
#164 = PCURVE('',#165,#170);
#165 = CONICAL_SURFACE('',#166,3.501566679008,0.785645735681);
#166 = AXIS2_PLACEMENT_3D('',#167,#168,#169);
#167 = CARTESIAN_POINT('',(-25.62103809295,-3.877985068693E-03,
    3.215958077785E-03));
#168 = DIRECTION('',(0.999999628518,3.735297236982E-04,7.7681330749E-04)
  );
#169 = DIRECTION('',(7.768133616822E-04,0.,-0.99999969828));
#170 = DEFINITIONAL_REPRESENTATION('',(#171),#175);
#171 = LINE('',#172,#173);
#172 = CARTESIAN_POINT('',(-0.,-1.562283674949E-03));
#173 = VECTOR('',#174,1.);
#174 = DIRECTION('',(-1.,-0.));
#175 = ( GEOMETRIC_REPRESENTATION_CONTEXT(2) 
PARAMETRIC_REPRESENTATION_CONTEXT() REPRESENTATION_CONTEXT('2D SPACE',''
  ) );
#176 = ORIENTED_EDGE('',*,*,#177,.T.);
#177 = EDGE_CURVE('',#149,#110,#178,.T.);
#178 = SEAM_CURVE('',#179,(#183,#190),.PCURVE_S1.);
#179 = LINE('',#180,#181);
#180 = CARTESIAN_POINT('',(25.63674307088,1.526731130781E-02,
    -3.456970978215));
#181 = VECTOR('',#182,1.);
#182 = DIRECTION('',(-0.999999628518,-3.735297236982E-04,
    -7.7681330749E-04));
#183 = PCURVE('',#126,#184);
#184 = DEFINITIONAL_REPRESENTATION('',(#185),#189);
#185 = LINE('',#186,#187);
#186 = CARTESIAN_POINT('',(0.,-0.));
#187 = VECTOR('',#188,1.);
#188 = DIRECTION('',(0.,1.));
#189 = ( GEOMETRIC_REPRESENTATION_CONTEXT(2) 
PARAMETRIC_REPRESENTATION_CONTEXT() REPRESENTATION_CONTEXT('2D SPACE',''
  ) );
#190 = PCURVE('',#126,#191);
#191 = DEFINITIONAL_REPRESENTATION('',(#192),#196);
#192 = LINE('',#193,#194);
#193 = CARTESIAN_POINT('',(6.28318530718,-0.));
#194 = VECTOR('',#195,1.);
#195 = DIRECTION('',(0.,1.));
#196 = ( GEOMETRIC_REPRESENTATION_CONTEXT(2) 
PARAMETRIC_REPRESENTATION_CONTEXT() REPRESENTATION_CONTEXT('2D SPACE',''
  ) );
#197 = ORIENTED_EDGE('',*,*,#109,.F.);
#198 = ORIENTED_EDGE('',*,*,#177,.F.);
#199 = ADVANCED_FACE('',(#200),#165,.T.);
#200 = FACE_BOUND('',#201,.T.);
#201 = EDGE_LOOP('',(#202,#203,#226,#253));
#202 = ORIENTED_EDGE('',*,*,#148,.F.);
#203 = ORIENTED_EDGE('',*,*,#204,.F.);
#204 = EDGE_CURVE('',#205,#149,#207,.T.);
#205 = VERTEX_POINT('',#206);
#206 = CARTESIAN_POINT('',(-25.61831802917,-3.877985068693E-03,
    -3.498349664439));
#207 = SEAM_CURVE('',#208,(#212,#219),.PCURVE_S1.);
#208 = LINE('',#209,#210);
#209 = CARTESIAN_POINT('',(-25.61831802917,-3.877985068693E-03,
    -3.498349664439));
#210 = VECTOR('',#211,1.);
#211 = DIRECTION('',(-0.707480862834,-2.640600023797E-04,0.706732452203)
  );
#212 = PCURVE('',#165,#213);
#213 = DEFINITIONAL_REPRESENTATION('',(#214),#218);
#214 = LINE('',#215,#216);
#215 = CARTESIAN_POINT('',(-6.28318530718,0.));
#216 = VECTOR('',#217,1.);
#217 = DIRECTION('',(-0.,-1.));
#218 = ( GEOMETRIC_REPRESENTATION_CONTEXT(2) 
PARAMETRIC_REPRESENTATION_CONTEXT() REPRESENTATION_CONTEXT('2D SPACE',''
  ) );
#219 = PCURVE('',#165,#220);
#220 = DEFINITIONAL_REPRESENTATION('',(#221),#225);
#221 = LINE('',#222,#223);
#222 = CARTESIAN_POINT('',(0.,-0.));
#223 = VECTOR('',#224,1.);
#224 = DIRECTION('',(-0.,-1.));
#225 = ( GEOMETRIC_REPRESENTATION_CONTEXT(2) 
PARAMETRIC_REPRESENTATION_CONTEXT() REPRESENTATION_CONTEXT('2D SPACE',''
  ) );
#226 = ORIENTED_EDGE('',*,*,#227,.T.);
#227 = EDGE_CURVE('',#205,#205,#228,.T.);
#228 = SURFACE_CURVE('',#229,(#234,#241),.PCURVE_S1.);
#229 = CIRCLE('',#230,3.501566679008);
#230 = AXIS2_PLACEMENT_3D('',#231,#232,#233);
#231 = CARTESIAN_POINT('',(-25.62103809295,-3.877985068693E-03,
    3.215958077785E-03));
#232 = DIRECTION('',(-0.999999628518,-3.735297236982E-04,
    -7.7681330749E-04));
#233 = DIRECTION('',(7.768133616822E-04,0.,-0.99999969828));
#234 = PCURVE('',#165,#235);
#235 = DEFINITIONAL_REPRESENTATION('',(#236),#240);
#236 = LINE('',#237,#238);
#237 = CARTESIAN_POINT('',(-0.,-0.));
#238 = VECTOR('',#239,1.);
#239 = DIRECTION('',(-1.,-0.));
#240 = ( GEOMETRIC_REPRESENTATION_CONTEXT(2) 
PARAMETRIC_REPRESENTATION_CONTEXT() REPRESENTATION_CONTEXT('2D SPACE',''
  ) );
#241 = PCURVE('',#242,#247);
#242 = PLANE('',#243);
#243 = AXIS2_PLACEMENT_3D('',#244,#245,#246);
#244 = CARTESIAN_POINT('',(-25.62103809295,-3.877985068693E-03,
    3.215958077785E-03));
#245 = DIRECTION('',(-0.999999628518,-3.735297236982E-04,
    -7.7681330749E-04));
#246 = DIRECTION('',(7.768133616822E-04,0.,-0.99999969828));
#247 = DEFINITIONAL_REPRESENTATION('',(#248),#252);
#248 = CIRCLE('',#249,3.501566679008);
#249 = AXIS2_PLACEMENT_2D('',#250,#251);
#250 = CARTESIAN_POINT('',(0.,0.));
#251 = DIRECTION('',(1.,0.));
#252 = ( GEOMETRIC_REPRESENTATION_CONTEXT(2) 
PARAMETRIC_REPRESENTATION_CONTEXT() REPRESENTATION_CONTEXT('2D SPACE',''
  ) );
#253 = ORIENTED_EDGE('',*,*,#204,.T.);
#254 = ADVANCED_FACE('',(#255,#258),#242,.F.);
#255 = FACE_BOUND('',#256,.F.);
#256 = EDGE_LOOP('',(#257));
#257 = ORIENTED_EDGE('',*,*,#227,.T.);
#258 = FACE_BOUND('',#259,.F.);
#259 = EDGE_LOOP('',(#260));
#260 = ORIENTED_EDGE('',*,*,#261,.F.);
#261 = EDGE_CURVE('',#262,#262,#264,.T.);
#262 = VERTEX_POINT('',#263);
#263 = CARTESIAN_POINT('',(-25.61831924337,-3.877985068693E-03,
    -3.496786607488));
#264 = SURFACE_CURVE('',#265,(#270,#277),.PCURVE_S1.);
#265 = CIRCLE('',#266,3.500003621585);
#266 = AXIS2_PLACEMENT_3D('',#267,#268,#269);
#267 = CARTESIAN_POINT('',(-25.62103809295,-3.877985068693E-03,
    3.215958077785E-03));
#268 = DIRECTION('',(-0.999999628518,-3.735297236982E-04,
    -7.7681330749E-04));
#269 = DIRECTION('',(7.768133616822E-04,0.,-0.99999969828));
#270 = PCURVE('',#242,#271);
#271 = DEFINITIONAL_REPRESENTATION('',(#272),#276);
#272 = CIRCLE('',#273,3.500003621585);
#273 = AXIS2_PLACEMENT_2D('',#274,#275);
#274 = CARTESIAN_POINT('',(1.301042214433E-18,1.301042138705E-18));
#275 = DIRECTION('',(1.,0.));
#276 = ( GEOMETRIC_REPRESENTATION_CONTEXT(2) 
PARAMETRIC_REPRESENTATION_CONTEXT() REPRESENTATION_CONTEXT('2D SPACE',''
  ) );
#277 = PCURVE('',#278,#283);
#278 = CYLINDRICAL_SURFACE('',#279,3.500003621585);
#279 = AXIS2_PLACEMENT_3D('',#280,#281,#282);
#280 = CARTESIAN_POINT('',(25.634024221301,1.526731130781E-02,
    4.303158735051E-02));
#281 = DIRECTION('',(-0.999999628518,-3.735297236982E-04,
    -7.7681330749E-04));
#282 = DIRECTION('',(7.768133616822E-04,0.,-0.99999969828));
#283 = DEFINITIONAL_REPRESENTATION('',(#284),#288);
#284 = LINE('',#285,#286);
#285 = CARTESIAN_POINT('',(0.,51.255081354581));
#286 = VECTOR('',#287,1.);
#287 = DIRECTION('',(1.,0.));
#288 = ( GEOMETRIC_REPRESENTATION_CONTEXT(2) 
PARAMETRIC_REPRESENTATION_CONTEXT() REPRESENTATION_CONTEXT('2D SPACE',''
  ) );
#289 = ADVANCED_FACE('',(#290,#1349,#1479),#278,.T.);
#290 = FACE_BOUND('',#291,.T.);
#291 = EDGE_LOOP('',(#292,#293,#316,#422,#592,#615,#730,#960,#983,#1010,
    #1011,#1179,#1180,#1348));
#292 = ORIENTED_EDGE('',*,*,#261,.F.);
#293 = ORIENTED_EDGE('',*,*,#294,.F.);
#294 = EDGE_CURVE('',#295,#262,#297,.T.);
#295 = VERTEX_POINT('',#296);
#296 = CARTESIAN_POINT('',(-11.55433394059,1.37533342706E-03,
    -3.48586151249));
#297 = SEAM_CURVE('',#298,(#302,#309),.PCURVE_S1.);
#298 = LINE('',#299,#300);
#299 = CARTESIAN_POINT('',(25.63674307088,1.526731130781E-02,
    -3.456970978215));
#300 = VECTOR('',#301,1.);
#301 = DIRECTION('',(-0.999999628518,-3.735297236982E-04,
    -7.7681330749E-04));
#302 = PCURVE('',#278,#303);
#303 = DEFINITIONAL_REPRESENTATION('',(#304),#308);
#304 = LINE('',#305,#306);
#305 = CARTESIAN_POINT('',(0.,-0.));
#306 = VECTOR('',#307,1.);
#307 = DIRECTION('',(0.,1.));
#308 = ( GEOMETRIC_REPRESENTATION_CONTEXT(2) 
PARAMETRIC_REPRESENTATION_CONTEXT() REPRESENTATION_CONTEXT('2D SPACE',''
  ) );
#309 = PCURVE('',#278,#310);
#310 = DEFINITIONAL_REPRESENTATION('',(#311),#315);
#311 = LINE('',#312,#313);
#312 = CARTESIAN_POINT('',(6.28318530718,-0.));
#313 = VECTOR('',#314,1.);
#314 = DIRECTION('',(0.,1.));
#315 = ( GEOMETRIC_REPRESENTATION_CONTEXT(2) 
PARAMETRIC_REPRESENTATION_CONTEXT() REPRESENTATION_CONTEXT('2D SPACE',''
  ) );
#316 = ORIENTED_EDGE('',*,*,#317,.F.);
#317 = EDGE_CURVE('',#318,#295,#320,.T.);
#318 = VERTEX_POINT('',#319);
#319 = CARTESIAN_POINT('',(-11.55433599979,-1.532589515939E-03,
    -3.485860306089));
#320 = SURFACE_CURVE('',#321,(#351,#384),.PCURVE_S1.);
#321 = B_SPLINE_CURVE_WITH_KNOTS('',4,(#322,#323,#324,#325,#326,#327,
    #328,#329,#330,#331,#332,#333,#334,#335,#336,#337,#338,#339,#340,
    #341,#342,#343,#344,#345,#346,#347,#348,#349,#350),.UNSPECIFIED.,.F.
  ,.F.,(5,3,3,3,3,3,3,3,3,5),(0.,0.113281267589,0.222656272466,
    0.332031268739,0.445312509279,0.554687498088,0.664062488166,
    0.777343732697,0.89062498569,1.),.UNSPECIFIED.);
#322 = CARTESIAN_POINT('',(-11.55433599979,-1.532589515939E-03,
    -3.485860306089));
#323 = CARTESIAN_POINT('',(-11.55433599973,-1.450236193086E-03,
    -3.485860374511));
#324 = CARTESIAN_POINT('',(-11.55433599528,-1.36788286736E-03,
    -3.485860440345));
#325 = CARTESIAN_POINT('',(-11.55433598643,-1.285529539554E-03,
    -3.485860503593));
#326 = CARTESIAN_POINT('',(-11.55433596038,-1.123662660132E-03,
    -3.485860622823));
#327 = CARTESIAN_POINT('',(-11.55433594348,-1.044149108602E-03,
    -3.48586067898));
#328 = CARTESIAN_POINT('',(-11.55433592248,-9.646355565822E-04,
    -3.485860732726));
#329 = CARTESIAN_POINT('',(-11.55433587227,-8.056084592375E-04,
    -3.485860835393));
#330 = CARTESIAN_POINT('',(-11.55433584307,-7.260949139131E-04,
    -3.485860884316));
#331 = CARTESIAN_POINT('',(-11.55433580976,-6.46581369521E-04,
    -3.485860930826));
#332 = CARTESIAN_POINT('',(-11.55433573361,-4.847145187129E-04,
    -3.485861020598));
#333 = CARTESIAN_POINT('',(-11.55433569047,-4.023612124163E-04,
    -3.485861063685));
#334 = CARTESIAN_POINT('',(-11.55433564292,-3.200079086741E-04,
    -3.485861104184));
#335 = CARTESIAN_POINT('',(-11.55433554083,-1.581410783552E-04,
    -3.485861178702));
#336 = CARTESIAN_POINT('',(-11.55433548657,-7.862755155178E-05,
    -3.485861212895));
#337 = CARTESIAN_POINT('',(-11.55433542821,8.859714214667E-07,
    -3.485861244677));
#338 = CARTESIAN_POINT('',(-11.5543353033,1.599130092068E-04,
    -3.485861303417));
#339 = CARTESIAN_POINT('',(-11.55433523673,2.394265240188E-04,
    -3.485861330375));
#340 = CARTESIAN_POINT('',(-11.55433516607,3.189400335772E-04,
    -3.485861354921));
#341 = CARTESIAN_POINT('',(-11.55433501387,4.808068122434E-04,
    -3.485861399982));
#342 = CARTESIAN_POINT('',(-11.55433493204,5.631600809174E-04,
    -3.48586142032));
#343 = CARTESIAN_POINT('',(-11.5543348458,6.455133424015E-04,
    -3.485861438071));
#344 = CARTESIAN_POINT('',(-11.55433466453,8.102198555612E-04,
    -3.485861468399));
#345 = CARTESIAN_POINT('',(-11.5543345695,8.925731072368E-04,
    -3.485861480976));
#346 = CARTESIAN_POINT('',(-11.55433447006,9.74926350141E-04,
    -3.485861490966));
#347 = CARTESIAN_POINT('',(-11.55433426597,1.13679305846E-03,
    -3.485861505517));
#348 = CARTESIAN_POINT('',(-11.55433416161,1.216306524523E-03,
    -3.485861510253));
#349 = CARTESIAN_POINT('',(-11.55433405315,1.295819980959E-03,
    -3.485861512577));
#350 = CARTESIAN_POINT('',(-11.55433394059,1.375333427059E-03,
    -3.48586151249));
#351 = PCURVE('',#278,#352);
#352 = DEFINITIONAL_REPRESENTATION('',(#353),#383);
#353 = B_SPLINE_CURVE_WITH_KNOTS('',4,(#354,#355,#356,#357,#358,#359,
    #360,#361,#362,#363,#364,#365,#366,#367,#368,#369,#370,#371,#372,
    #373,#374,#375,#376,#377,#378,#379,#380,#381,#382),.UNSPECIFIED.,.F.
  ,.F.,(5,3,3,3,3,3,3,3,3,5),(0.,0.113281267589,0.222656272466,
    0.332031268739,0.445312509279,0.554687498088,0.664062488166,
    0.777343732697,0.89062498569,1.),.UNSPECIFIED.);
#354 = CARTESIAN_POINT('',(8.308340848369E-04,37.191093971741));
#355 = CARTESIAN_POINT('',(8.073045818889E-04,37.191093940979));
#356 = CARTESIAN_POINT('',(7.837750792033E-04,37.191093905816));
#357 = CARTESIAN_POINT('',(7.60245576972E-04,37.19109386625));
#358 = CARTESIAN_POINT('',(7.139979384372E-04,37.19109377983));
#359 = CARTESIAN_POINT('',(6.912798020903E-04,37.191093733275));
#360 = CARTESIAN_POINT('',(6.685616665167E-04,37.191093682616));
#361 = CARTESIAN_POINT('',(6.231253990474E-04,37.19109357309));
#362 = CARTESIAN_POINT('',(6.004072671519E-04,37.191093514223));
#363 = CARTESIAN_POINT('',(5.776891363736E-04,37.191093451252));
#364 = CARTESIAN_POINT('',(5.314415167923E-04,37.191093314708));
#365 = CARTESIAN_POINT('',(5.079120280832E-04,37.191093240836));
#366 = CARTESIAN_POINT('',(4.843825409484E-04,37.191093162562));
#367 = CARTESIAN_POINT('',(4.381349322023E-04,37.19109300006));
#368 = CARTESIAN_POINT('',(4.154168104712E-04,37.191092916131));
#369 = CARTESIAN_POINT('',(3.926986905584E-04,37.191092828098));
#370 = CARTESIAN_POINT('',(3.472624544496E-04,37.191092643824));
#371 = CARTESIAN_POINT('',(3.245443382537E-04,37.191092547584));
#372 = CARTESIAN_POINT('',(3.0182622422E-04,37.191092447239));
#373 = CARTESIAN_POINT('',(2.555786386911E-04,37.191092234613));
#374 = CARTESIAN_POINT('',(2.320491673655E-04,37.191092122032));
#375 = CARTESIAN_POINT('',(2.085196987353E-04,37.19109200505));
#376 = CARTESIAN_POINT('',(1.6146076549E-04,37.19109176228));
#377 = CARTESIAN_POINT('',(1.379313008748E-04,37.191091636493));
#378 = CARTESIAN_POINT('',(1.144018393375E-04,37.191091506304));
#379 = CARTESIAN_POINT('',(6.815428105874E-05,37.191091241763));
#380 = CARTESIAN_POINT('',(4.54361840957E-05,37.191091107709));
#381 = CARTESIAN_POINT('',(2.271809035208E-05,37.191090969551));
#382 = CARTESIAN_POINT('',(0.,37.19109082729));
#383 = ( GEOMETRIC_REPRESENTATION_CONTEXT(2) 
PARAMETRIC_REPRESENTATION_CONTEXT() REPRESENTATION_CONTEXT('2D SPACE',''
  ) );
#384 = PCURVE('',#385,#390);
#385 = CYLINDRICAL_SURFACE('',#386,2.054170513448);
#386 = AXIS2_PLACEMENT_3D('',#387,#388,#389);
#387 = CARTESIAN_POINT('',(-9.505097320113,-4.200322276284E-03,
    2.865019822701));
#388 = DIRECTION('',(7.766563499464E-04,4.201625581176E-04,
    -0.999999610134));
#389 = DIRECTION('',(-0.999999698402,-5.293955920339E-23,
    -7.766564185005E-04));
#390 = DEFINITIONAL_REPRESENTATION('',(#391),#421);
#391 = B_SPLINE_CURVE_WITH_KNOTS('',4,(#392,#393,#394,#395,#396,#397,
    #398,#399,#400,#401,#402,#403,#404,#405,#406,#407,#408,#409,#410,
    #411,#412,#413,#414,#415,#416,#417,#418,#419,#420),.UNSPECIFIED.,.F.
  ,.F.,(5,3,3,3,3,3,3,3,3,5),(0.,0.113281267589,0.222656272466,
    0.332031268739,0.445312509279,0.554687498088,0.664062488166,
    0.777343732697,0.89062498569,1.),.UNSPECIFIED.);
#392 = CARTESIAN_POINT('',(0.,6.349287219446));
#393 = CARTESIAN_POINT('',(4.009077449848E-05,6.34928732247));
#394 = CARTESIAN_POINT('',(8.018155092275E-05,6.34928742291));
#395 = CARTESIAN_POINT('',(1.202723290614E-04,6.349287520766));
#396 = CARTESIAN_POINT('',(1.990714433765E-04,6.349287708026));
#397 = CARTESIAN_POINT('',(2.377797794518E-04,6.349287797605));
#398 = CARTESIAN_POINT('',(2.764881167337E-04,6.349287884776));
#399 = CARTESIAN_POINT('',(3.539047902827E-04,6.3492880543));
#400 = CARTESIAN_POINT('',(3.926131265501E-04,6.349288136653));
#401 = CARTESIAN_POINT('',(4.313214636399E-04,6.349288216598));
#402 = CARTESIAN_POINT('',(5.101205777337E-04,6.34928837444));
#403 = CARTESIAN_POINT('',(5.502113547833E-04,6.349288452162));
#404 = CARTESIAN_POINT('',(5.903021322967E-04,6.3492885273));
#405 = CARTESIAN_POINT('',(6.691012464847E-04,6.349288669907));
#406 = CARTESIAN_POINT('',(7.078095831423E-04,6.349288737551));
#407 = CARTESIAN_POINT('',(7.465179198419E-04,6.349288802787));
#408 = CARTESIAN_POINT('',(8.23934593391E-04,6.349288928441));
#409 = CARTESIAN_POINT('',(8.626429302404E-04,6.349288988859));
#410 = CARTESIAN_POINT('',(9.013512667482E-04,6.349289046869));
#411 = CARTESIAN_POINT('',(9.801503809689E-04,6.349289160058));
#412 = CARTESIAN_POINT('',(1.020241158643E-03,6.349289215061));
#413 = CARTESIAN_POINT('',(1.060331935532E-03,6.349289267481));
#414 = CARTESIAN_POINT('',(1.140513490308E-03,6.349289367154));
#415 = CARTESIAN_POINT('',(1.180604268195E-03,6.349289414406));
#416 = CARTESIAN_POINT('',(1.220695044871E-03,6.349289459075));
#417 = CARTESIAN_POINT('',(1.299494158889E-03,6.349289541795));
#418 = CARTESIAN_POINT('',(1.338202496327E-03,6.349289580021));
#419 = CARTESIAN_POINT('',(1.376910832246E-03,6.349289615838));
#420 = CARTESIAN_POINT('',(1.415619166453E-03,6.349289649246));
#421 = ( GEOMETRIC_REPRESENTATION_CONTEXT(2) 
PARAMETRIC_REPRESENTATION_CONTEXT() REPRESENTATION_CONTEXT('2D SPACE',''
  ) );
#422 = ORIENTED_EDGE('',*,*,#423,.F.);
#423 = EDGE_CURVE('',#424,#318,#426,.T.);
#424 = VERTEX_POINT('',#425);
#425 = CARTESIAN_POINT('',(-7.446001015382,2.909918459546E-03,
    -3.482670103616));
#426 = SURFACE_CURVE('',#427,(#480,#536),.PCURVE_S1.);
#427 = B_SPLINE_CURVE_WITH_KNOTS('',6,(#428,#429,#430,#431,#432,#433,
    #434,#435,#436,#437,#438,#439,#440,#441,#442,#443,#444,#445,#446,
    #447,#448,#449,#450,#451,#452,#453,#454,#455,#456,#457,#458,#459,
    #460,#461,#462,#463,#464,#465,#466,#467,#468,#469,#470,#471,#472,
    #473,#474,#475,#476,#477,#478,#479),.UNSPECIFIED.,.F.,.F.,(7,5,5,5,5
    ,5,5,5,5,5,7),(0.,0.115837693626,0.203588486691,0.30197267229,
    0.399719205082,0.500357849118,0.600625076109,0.697859344086,
    0.831483005463,0.883432529142,1.),.UNSPECIFIED.);
#428 = CARTESIAN_POINT('',(-7.446001015382,2.909918459546E-03,
    -3.482670103616));
#429 = CARTESIAN_POINT('',(-7.445677709582,-0.146583125599,
    -3.482669852468));
#430 = CARTESIAN_POINT('',(-7.458417895241,-0.295107653023,
    -3.475017339996));
#431 = CARTESIAN_POINT('',(-7.483898285752,-0.440483748856,
    -3.459900577735));
#432 = CARTESIAN_POINT('',(-7.521153795384,-0.580586549487,
    -3.438119025263));
#433 = CARTESIAN_POINT('',(-7.568582671992,-0.713464415881,
    -3.411056647733));
#434 = CARTESIAN_POINT('',(-7.665685807714,-0.931375033553,
    -3.357247940784));
#435 = CARTESIAN_POINT('',(-7.712262165946,-1.020724587145,
    -3.331885559426));
#436 = CARTESIAN_POINT('',(-7.762994191723,-1.105472682443,
    -3.304861823205));
#437 = CARTESIAN_POINT('',(-7.817386276492,-1.185629595241,
    -3.276653504912));
#438 = CARTESIAN_POINT('',(-7.875011052595,-1.261236988991,
    -3.247701733596));
#439 = CARTESIAN_POINT('',(-8.003331522892,-1.412105608156,
    -3.185564436259));
#440 = CARTESIAN_POINT('',(-8.074825399977,-1.486285172409,
    -3.152261931606));
#441 = CARTESIAN_POINT('',(-8.149543225796,-1.555037462633,
    -3.119039549561));
#442 = CARTESIAN_POINT('',(-8.227151826185,-1.618495643939,
    -3.086382434153));
#443 = CARTESIAN_POINT('',(-8.3074071134,-1.676768187039,-3.054739890777
    ));
#444 = CARTESIAN_POINT('',(-8.472320637544,-1.782723016617,
    -2.994542846555));
#445 = CARTESIAN_POINT('',(-8.556981494623,-1.830493836798,
    -2.965957064919));
#446 = CARTESIAN_POINT('',(-8.643835487259,-1.873213255818,
    -2.939251106132));
#447 = CARTESIAN_POINT('',(-8.73264076906,-1.910863400862,
    -2.914863783771));
#448 = CARTESIAN_POINT('',(-8.823190659277,-1.943412302776,
    -2.89319553364));
#449 = CARTESIAN_POINT('',(-9.010158233274,-1.998999314921,
    -2.855446470544));
#450 = CARTESIAN_POINT('',(-9.106689047414,-2.021732931883,
    -2.839546157477));
#451 = CARTESIAN_POINT('',(-9.204456075834,-2.03885491031,
    -2.827331586532));
#452 = CARTESIAN_POINT('',(-9.303051216297,-2.050294151185,
    -2.819117568656));
#453 = CARTESIAN_POINT('',(-9.402091741318,-2.056009282805,
    -2.815066415494));
#454 = CARTESIAN_POINT('',(-9.599947104186,-2.055959490228,
    -2.815310042233));
#455 = CARTESIAN_POINT('',(-9.698629379248,-2.050236883365,
    -2.819573918544));
#456 = CARTESIAN_POINT('',(-9.796868946493,-2.038829002343,
    -2.827969772989));
#457 = CARTESIAN_POINT('',(-9.894278673969,-2.021776737878,
    -2.840335094406));
#458 = CARTESIAN_POINT('',(-9.990446506987,-1.999153471617,
    -2.856354477599));
#459 = CARTESIAN_POINT('',(-10.1765375872,-1.943917189367,
    -2.894245513335));
#460 = CARTESIAN_POINT('',(-10.26659885595,-1.911616207053,
    -2.915933030052));
#461 = CARTESIAN_POINT('',(-10.35493402597,-1.874266472269,
    -2.940308846176));
#462 = CARTESIAN_POINT('',(-10.44134007844,-1.831899491338,
    -2.966978639148));
#463 = CARTESIAN_POINT('',(-10.52557967399,-1.78453302537,
    -2.995510370187));
#464 = CARTESIAN_POINT('',(-10.71979164923,-1.660243754864,
    -3.066585473301));
#465 = CARTESIAN_POINT('',(-10.8276331472,-1.578869599991,
    -3.110390229216));
#466 = CARTESIAN_POINT('',(-10.93049413256,-1.487896590987,
    -3.155786217922));
#467 = CARTESIAN_POINT('',(-11.02771874732,-1.386998454645,
    -3.201642726139));
#468 = CARTESIAN_POINT('',(-11.11831089599,-1.275790060907,
    -3.246673131661));
#469 = CARTESIAN_POINT('',(-11.23290573542,-1.10658980715,
    -3.305953284664));
#470 = CARTESIAN_POINT('',(-11.26376999193,-1.057609839704,
    -3.322196678185));
#471 = CARTESIAN_POINT('',(-11.29332017797,-1.007015400245,
    -3.337991954418));
#472 = CARTESIAN_POINT('',(-11.32145110503,-0.954811126325,
    -3.353239147934));
#473 = CARTESIAN_POINT('',(-11.34805094106,-0.901006868242,
    -3.367834899547));
#474 = CARTESIAN_POINT('',(-11.42898612805,-0.721332111876,
    -3.412721999799));
#475 = CARTESIAN_POINT('',(-11.47714437303,-0.588003449219,
    -3.440220685734));
#476 = CARTESIAN_POINT('',(-11.51507363661,-0.44730920505,
    -3.462403126512));
#477 = CARTESIAN_POINT('',(-11.54113507308,-0.301221467618,
    -3.477849554535));
#478 = CARTESIAN_POINT('',(-11.55433609681,-0.151892243961,
    -3.48573538218));
#479 = CARTESIAN_POINT('',(-11.55433599979,-1.532589515939E-03,
    -3.485860306089));
#480 = PCURVE('',#278,#481);
#481 = DEFINITIONAL_REPRESENTATION('',(#482),#535);
#482 = B_SPLINE_CURVE_WITH_KNOTS('',6,(#483,#484,#485,#486,#487,#488,
    #489,#490,#491,#492,#493,#494,#495,#496,#497,#498,#499,#500,#501,
    #502,#503,#504,#505,#506,#507,#508,#509,#510,#511,#512,#513,#514,
    #515,#516,#517,#518,#519,#520,#521,#522,#523,#524,#525,#526,#527,
    #528,#529,#530,#531,#532,#533,#534),.UNSPECIFIED.,.F.,.F.,(7,5,5,5,5
    ,5,5,5,5,5,7),(0.,0.115837693626,0.203588486691,0.30197267229,
    0.399719205082,0.500357849118,0.600625076109,0.697859344086,
    0.831483005463,0.883432529142,1.),.UNSPECIFIED.);
#483 = CARTESIAN_POINT('',(0.,33.082756375902));
#484 = CARTESIAN_POINT('',(4.271228563092E-02,33.082488910123));
#485 = CARTESIAN_POINT('',(8.514653061342E-02,33.095278624801));
#486 = CARTESIAN_POINT('',(0.126819705619,33.120801565237));
#487 = CARTESIAN_POINT('',(0.16725762531,33.15809247339));
#488 = CARTESIAN_POINT('',(0.205966320572,33.205549943797));
#489 = CARTESIAN_POINT('',(0.270091596871,33.30269264022));
#490 = CARTESIAN_POINT('',(0.296610763958,33.349282654028));
#491 = CARTESIAN_POINT('',(0.322005424713,33.400025324494));
#492 = CARTESIAN_POINT('',(0.346268397749,33.45442541745));
#493 = CARTESIAN_POINT('',(0.369391655951,33.512055923634));
#494 = CARTESIAN_POINT('',(0.416007993762,33.640384431097));
#495 = CARTESIAN_POINT('',(0.439228165601,33.711880120067));
#496 = CARTESIAN_POINT('',(0.461032944724,33.786597791564));
#497 = CARTESIAN_POINT('',(0.481416409689,33.864204698158));
#498 = CARTESIAN_POINT('',(0.500359353586,33.944457141738));
#499 = CARTESIAN_POINT('',(0.535179555477,34.109363420033));
#500 = CARTESIAN_POINT('',(0.551083178163,34.194019883668));
#501 = CARTESIAN_POINT('',(0.565476372178,34.280869055467));
#502 = CARTESIAN_POINT('',(0.578294113356,34.369669423331));
#503 = CARTESIAN_POINT('',(0.58946861921,34.460214605708));
#504 = CARTESIAN_POINT('',(0.608673476865,34.647173549676));
#505 = CARTESIAN_POINT('',(0.616602898715,34.743700468064));
#506 = CARTESIAN_POINT('',(0.622616143322,34.841464367292));
#507 = CARTESIAN_POINT('',(0.626644118206,34.940057363267));
#508 = CARTESIAN_POINT('',(0.628649865194,35.039096839277));
#509 = CARTESIAN_POINT('',(0.628606170129,35.2369522993));
#510 = CARTESIAN_POINT('',(0.626571692441,35.335635712375));
#511 = CARTESIAN_POINT('',(0.622529116826,35.433877503955));
#512 = CARTESIAN_POINT('',(0.61651527528,35.531290431263));
#513 = CARTESIAN_POINT('',(0.608599847932,35.627462222165));
#514 = CARTESIAN_POINT('',(0.589468683183,35.813562035122));
#515 = CARTESIAN_POINT('',(0.578356252603,35.903628052193));
#516 = CARTESIAN_POINT('',(0.565617815303,35.991968173616));
#517 = CARTESIAN_POINT('',(0.551320115899,36.078379086108));
#518 = CARTESIAN_POINT('',(0.535527243817,36.162623121414));
#519 = CARTESIAN_POINT('',(0.494623109254,36.356843810859));
#520 = CARTESIAN_POINT('',(0.468228489832,36.464688901211));
#521 = CARTESIAN_POINT('',(0.439202382957,36.567551131446));
#522 = CARTESIAN_POINT('',(0.407572321924,36.66477364359));
#523 = CARTESIAN_POINT('',(0.37333001647,36.75535919918));
#524 = CARTESIAN_POINT('',(0.322102842287,36.869936844326));
#525 = CARTESIAN_POINT('',(0.307360154715,36.90079541198));
#526 = CARTESIAN_POINT('',(0.292219126307,36.930338958495));
#527 = CARTESIAN_POINT('',(0.276683560258,36.95846221948));
#528 = CARTESIAN_POINT('',(0.260757297262,36.985053286314));
#529 = CARTESIAN_POINT('',(0.207839939912,37.065956198277));
#530 = CARTESIAN_POINT('',(0.168974596863,37.114085984489));
#531 = CARTESIAN_POINT('',(0.12834758084,37.151979912112));
#532 = CARTESIAN_POINT('',(8.64594846801E-02,37.177998769781));
#533 = CARTESIAN_POINT('',(4.379070273303E-02,37.191150135521));
#534 = CARTESIAN_POINT('',(8.308340848369E-04,37.191093971741));
#535 = ( GEOMETRIC_REPRESENTATION_CONTEXT(2) 
PARAMETRIC_REPRESENTATION_CONTEXT() REPRESENTATION_CONTEXT('2D SPACE',''
  ) );
#536 = PCURVE('',#385,#537);
#537 = DEFINITIONAL_REPRESENTATION('',(#538),#591);
#538 = B_SPLINE_CURVE_WITH_KNOTS('',6,(#539,#540,#541,#542,#543,#544,
    #545,#546,#547,#548,#549,#550,#551,#552,#553,#554,#555,#556,#557,
    #558,#559,#560,#561,#562,#563,#564,#565,#566,#567,#568,#569,#570,
    #571,#572,#573,#574,#575,#576,#577,#578,#579,#580,#581,#582,#583,
    #584,#585,#586,#587,#588,#589,#590),.UNSPECIFIED.,.F.,.F.,(7,5,5,5,5
    ,5,5,5,5,5,7),(0.,0.115837693626,0.203588486691,0.30197267229,
    0.399719205082,0.500357849118,0.600625076109,0.697859344086,
    0.831483005463,0.883432529142,1.),.UNSPECIFIED.);
#539 = CARTESIAN_POINT('',(3.139429974893,6.349289649246));
#540 = CARTESIAN_POINT('',(3.212205520782,6.349226837816));
#541 = CARTESIAN_POINT('',(3.284494195311,6.341502029135));
#542 = CARTESIAN_POINT('',(3.355929466325,6.326304401669));
#543 = CARTESIAN_POINT('',(3.426123538868,6.304435057009));
#544 = CARTESIAN_POINT('',(3.494598783701,6.277280023787));
#545 = CARTESIAN_POINT('',(3.610718137641,6.223304364167));
#546 = CARTESIAN_POINT('',(3.659668726503,6.197868277536));
#547 = CARTESIAN_POINT('',(3.707620967994,6.170769542524));
#548 = CARTESIAN_POINT('',(3.754658804915,6.142485312337));
#549 = CARTESIAN_POINT('',(3.800859273952,6.113457030264));
#550 = CARTESIAN_POINT('',(3.897252475589,6.051156706899));
#551 = CARTESIAN_POINT('',(3.947295732059,6.017767521581));
#552 = CARTESIAN_POINT('',(3.996580641233,5.984458235276));
#553 = CARTESIAN_POINT('',(4.045248595143,5.951714194635));
#554 = CARTESIAN_POINT('',(4.093438804559,5.919984848877));
#555 = CARTESIAN_POINT('',(4.188837170672,5.859615228735));
#556 = CARTESIAN_POINT('',(4.236069545964,5.830943634341));
#557 = CARTESIAN_POINT('',(4.283065314342,5.804152281161));
#558 = CARTESIAN_POINT('',(4.329901266004,5.779680177941));
#559 = CARTESIAN_POINT('',(4.376660791305,5.757927934281));
#560 = CARTESIAN_POINT('',(4.471600898061,5.720010320766));
#561 = CARTESIAN_POINT('',(4.519792140253,5.704025490815));
#562 = CARTESIAN_POINT('',(4.56798456556,5.691727799234));
#563 = CARTESIAN_POINT('',(4.616179857545,5.683432403677));
#564 = CARTESIAN_POINT('',(4.664391954443,5.679301930358));
#565 = CARTESIAN_POINT('',(4.760710880925,5.679391912299));
#566 = CARTESIAN_POINT('',(4.80875312439,5.683581549157));
#567 = CARTESIAN_POINT('',(4.856782151074,5.691905895109));
#568 = CARTESIAN_POINT('',(4.904807786378,5.704202722546));
#569 = CARTESIAN_POINT('',(4.952827378678,5.720156915585));
#570 = CARTESIAN_POINT('',(5.047337267852,5.757926615946));
#571 = CARTESIAN_POINT('',(5.093848741262,5.779557749215));
#572 = CARTESIAN_POINT('',(5.140435661664,5.803880642725));
#573 = CARTESIAN_POINT('',(5.187179992538,5.830501118509));
#574 = CARTESIAN_POINT('',(5.234157201513,5.858987314824));
#575 = CARTESIAN_POINT('',(5.346420601621,5.929963775961));
#576 = CARTESIAN_POINT('',(5.412000876292,5.973718949388));
#577 = CARTESIAN_POINT('',(5.478550164605,6.01907325621));
#578 = CARTESIAN_POINT('',(5.546426552115,6.064896630054));
#579 = CARTESIAN_POINT('',(5.615985548587,6.109903384656));
#580 = CARTESIAN_POINT('',(5.715470745354,6.16916560535));
#581 = CARTESIAN_POINT('',(5.743639317328,6.185405601166));
#582 = CARTESIAN_POINT('',(5.772138205668,6.201199178789));
#583 = CARTESIAN_POINT('',(5.800980435201,6.216446452579));
#584 = CARTESIAN_POINT('',(5.830180336075,6.231044146105));
#585 = CARTESIAN_POINT('',(5.926111688767,6.275943862636));
#586 = CARTESIAN_POINT('',(5.994917838801,6.303461155155));
#587 = CARTESIAN_POINT('',(6.065473369515,6.325673243735));
#588 = CARTESIAN_POINT('',(6.137294134545,6.341160805553));
#589 = CARTESIAN_POINT('',(6.209988078566,6.349099120014));
#590 = CARTESIAN_POINT('',(6.28318530718,6.349287219446));
#591 = ( GEOMETRIC_REPRESENTATION_CONTEXT(2) 
PARAMETRIC_REPRESENTATION_CONTEXT() REPRESENTATION_CONTEXT('2D SPACE',''
  ) );
#592 = ORIENTED_EDGE('',*,*,#593,.F.);
#593 = EDGE_CURVE('',#594,#424,#596,.T.);
#594 = VERTEX_POINT('',#595);
#595 = CARTESIAN_POINT('',(7.458245789351,8.477099718554E-03,
    -3.471092282059));
#596 = SEAM_CURVE('',#597,(#601,#608),.PCURVE_S1.);
#597 = LINE('',#598,#599);
#598 = CARTESIAN_POINT('',(25.63674307088,1.526731130781E-02,
    -3.456970978215));
#599 = VECTOR('',#600,1.);
#600 = DIRECTION('',(-0.999999628518,-3.735297236982E-04,
    -7.7681330749E-04));
#601 = PCURVE('',#278,#602);
#602 = DEFINITIONAL_REPRESENTATION('',(#603),#607);
#603 = LINE('',#604,#605);
#604 = CARTESIAN_POINT('',(0.,-0.));
#605 = VECTOR('',#606,1.);
#606 = DIRECTION('',(0.,1.));
#607 = ( GEOMETRIC_REPRESENTATION_CONTEXT(2) 
PARAMETRIC_REPRESENTATION_CONTEXT() REPRESENTATION_CONTEXT('2D SPACE',''
  ) );
#608 = PCURVE('',#278,#609);
#609 = DEFINITIONAL_REPRESENTATION('',(#610),#614);
#610 = LINE('',#611,#612);
#611 = CARTESIAN_POINT('',(6.28318530718,-0.));
#612 = VECTOR('',#613,1.);
#613 = DIRECTION('',(0.,1.));
#614 = ( GEOMETRIC_REPRESENTATION_CONTEXT(2) 
PARAMETRIC_REPRESENTATION_CONTEXT() REPRESENTATION_CONTEXT('2D SPACE',''
  ) );
#615 = ORIENTED_EDGE('',*,*,#616,.F.);
#616 = EDGE_CURVE('',#617,#594,#619,.T.);
#617 = VERTEX_POINT('',#618);
#618 = CARTESIAN_POINT('',(9.50805148704,-2.05134619704,-2.798629979878)
  );
#619 = SURFACE_CURVE('',#620,(#653,#689),.PCURVE_S1.);
#620 = B_SPLINE_CURVE_WITH_KNOTS('',6,(#621,#622,#623,#624,#625,#626,
    #627,#628,#629,#630,#631,#632,#633,#634,#635,#636,#637,#638,#639,
    #640,#641,#642,#643,#644,#645,#646,#647,#648,#649,#650,#651,#652),
  .UNSPECIFIED.,.F.,.F.,(7,5,5,5,5,5,7),(0.,0.200577989454,
    0.398787669948,0.588512718687,0.660651588794,0.764724397214,1.),
  .UNSPECIFIED.);
#621 = CARTESIAN_POINT('',(9.50805148704,-2.05134619704,-2.798629979878)
  );
#622 = CARTESIAN_POINT('',(9.409269103624,-2.051346094241,
    -2.798733664906));
#623 = CARTESIAN_POINT('',(9.310547986397,-2.045630863672,
    -2.802999876879));
#624 = CARTESIAN_POINT('',(9.212270436004,-2.034212978178,
    -2.811418627353));
#625 = CARTESIAN_POINT('',(9.114826107673,-2.017133662816,
    -2.823826407169));
#626 = CARTESIAN_POINT('',(9.018630315314,-1.994467321504,
    -2.839905113193));
#627 = CARTESIAN_POINT('',(8.830763418726,-1.93860225979,-2.878294063675
    ));
#628 = CARTESIAN_POINT('',(8.739015431442,-1.905520299227,
    -2.900536011929));
#629 = CARTESIAN_POINT('',(8.649074186438,-1.867185933564,
    -2.925571826309));
#630 = CARTESIAN_POINT('',(8.561153987464,-1.823632525049,
    -2.952980832539));
#631 = CARTESIAN_POINT('',(8.475506563816,-1.774878053985,
    -2.982302339384));
#632 = CARTESIAN_POINT('',(8.312896571412,-1.669309435673,
    -3.042478916372));
#633 = CARTESIAN_POINT('',(8.235683470449,-1.612906291236,
    -3.073227810282));
#634 = CARTESIAN_POINT('',(8.160945386832,-1.551672334254,
    -3.104905836611));
#635 = CARTESIAN_POINT('',(8.088901961181,-1.485510705914,
    -3.137107996626));
#636 = CARTESIAN_POINT('',(8.019849832738,-1.414302678138,
    -3.169398558205));
#637 = CARTESIAN_POINT('',(7.929212341346,-1.308884205023,-3.21342401075
    ));
#638 = CARTESIAN_POINT('',(7.90473147911,-1.279094784402,-3.225495862333
    ));
#639 = CARTESIAN_POINT('',(7.880760066686,-1.248549341614,-3.23748505938
    ));
#640 = CARTESIAN_POINT('',(7.857322089313,-1.217241285171,
    -3.249363966963));
#641 = CARTESIAN_POINT('',(7.83444422844,-1.185164955248,-3.261103589177
    ));
#642 = CARTESIAN_POINT('',(7.78000103431,-1.104924776202,-3.28936526818)
  );
#643 = CARTESIAN_POINT('',(7.749065927867,-1.055914619635,
    -3.305707763327));
#644 = CARTESIAN_POINT('',(7.719449060191,-1.00528398002,-3.321604230944
    ));
#645 = CARTESIAN_POINT('',(7.691255826667,-0.953036874661,
    -3.336954369845));
#646 = CARTESIAN_POINT('',(7.664598500275,-0.899182512132,
    -3.351654401292));
#647 = CARTESIAN_POINT('',(7.583074034056,-0.718386718771,
    -3.397117017392));
#648 = CARTESIAN_POINT('',(7.534513775915,-0.583796021921,
    -3.425044298806));
#649 = CARTESIAN_POINT('',(7.496401082645,-0.441695236316,
    -3.447554517357));
#650 = CARTESIAN_POINT('',(7.470423199376,-0.294123294664,
    -3.463183998696));
#651 = CARTESIAN_POINT('',(7.457593643723,-0.143304914504,
    -3.471092788655));
#652 = CARTESIAN_POINT('',(7.458245789351,8.4770997186E-03,
    -3.471092282059));
#653 = PCURVE('',#278,#654);
#654 = DEFINITIONAL_REPRESENTATION('',(#655),#688);
#655 = B_SPLINE_CURVE_WITH_KNOTS('',6,(#656,#657,#658,#659,#660,#661,
    #662,#663,#664,#665,#666,#667,#668,#669,#670,#671,#672,#673,#674,
    #675,#676,#677,#678,#679,#680,#681,#682,#683,#684,#685,#686,#687),
  .UNSPECIFIED.,.F.,.F.,(7,5,5,5,5,5,7),(0.,0.200577989454,
    0.398787669948,0.588512718687,0.660651588794,0.764724397214,1.),
  .UNSPECIFIED.);
#656 = CARTESIAN_POINT('',(0.629498067311,16.12894612585));
#657 = CARTESIAN_POINT('',(0.629484988759,16.227728553076));
#658 = CARTESIAN_POINT('',(0.627451823385,16.326450812871));
#659 = CARTESIAN_POINT('',(0.623403091705,16.424730601634));
#660 = CARTESIAN_POINT('',(0.617375890286,16.522178152662));
#661 = CARTESIAN_POINT('',(0.609440649017,16.618377932887));
#662 = CARTESIAN_POINT('',(0.590080962223,16.806253713472));
#663 = CARTESIAN_POINT('',(0.57869507927,16.898006587419));
#664 = CARTESIAN_POINT('',(0.56561817717,16.98795292814));
#665 = CARTESIAN_POINT('',(0.550921425025,17.075878117642));
#666 = CARTESIAN_POINT('',(0.534672802291,17.161530075566));
#667 = CARTESIAN_POINT('',(0.49995697127,17.324147320512));
#668 = CARTESIAN_POINT('',(0.481606878618,17.401363210691));
#669 = CARTESIAN_POINT('',(0.461916751261,17.476103001754));
#670 = CARTESIAN_POINT('',(0.440904020157,17.548146702374));
#671 = CARTESIAN_POINT('',(0.418574463459,17.617197290588));
#672 = CARTESIAN_POINT('',(0.385932669117,17.707829570934));
#673 = CARTESIAN_POINT('',(0.376749234286,17.732308674417));
#674 = CARTESIAN_POINT('',(0.36737421957,17.756277981673));
#675 = CARTESIAN_POINT('',(0.357807322227,17.779713483543));
#676 = CARTESIAN_POINT('',(0.348048317848,17.80258847395));
#677 = CARTESIAN_POINT('',(0.3237406487,17.857023629811));
#678 = CARTESIAN_POINT('',(0.308980857214,17.88795311308));
#679 = CARTESIAN_POINT('',(0.293821342576,17.917563406293));
#680 = CARTESIAN_POINT('',(0.278265789682,17.945749037689));
#681 = CARTESIAN_POINT('',(0.262317911638,17.972397657153));
#682 = CARTESIAN_POINT('',(0.2090498922,18.053889876449));
#683 = CARTESIAN_POINT('',(0.169807494271,18.102421537209));
#684 = CARTESIAN_POINT('',(0.128771095835,18.140498623691));
#685 = CARTESIAN_POINT('',(8.645853832909E-02,18.166433515992));
#686 = CARTESIAN_POINT('',(4.33661722811E-02,18.179212875384));
#687 = CARTESIAN_POINT('',(0.,18.178504034511));
#688 = ( GEOMETRIC_REPRESENTATION_CONTEXT(2) 
PARAMETRIC_REPRESENTATION_CONTEXT() REPRESENTATION_CONTEXT('2D SPACE',''
  ) );
#689 = PCURVE('',#690,#695);
#690 = CYLINDRICAL_SURFACE('',#691,2.050347712058);
#691 = AXIS2_PLACEMENT_3D('',#692,#693,#694);
#692 = CARTESIAN_POINT('',(9.503654497168,-6.614078294516E-03,
    2.866392148259));
#693 = DIRECTION('',(7.764426432434E-04,9.91451834702E-04,-0.99999920708
    ));
#694 = DIRECTION('',(0.,-0.999999508511,-9.914521335571E-04));
#695 = DEFINITIONAL_REPRESENTATION('',(#696),#729);
#696 = B_SPLINE_CURVE_WITH_KNOTS('',6,(#697,#698,#699,#700,#701,#702,
    #703,#704,#705,#706,#707,#708,#709,#710,#711,#712,#713,#714,#715,
    #716,#717,#718,#719,#720,#721,#722,#723,#724,#725,#726,#727,#728),
  .UNSPECIFIED.,.F.,.F.,(7,5,5,5,5,5,7),(0.,0.200577989454,
    0.398787669948,0.588512718687,0.660651588794,0.764724397214,1.),
  .UNSPECIFIED.);
#697 = CARTESIAN_POINT('',(0.,5.662993796827));
#698 = CARTESIAN_POINT('',(4.817838143491E-02,5.663020783019));
#699 = CARTESIAN_POINT('',(9.632844782383E-02,5.6672160067));
#700 = CARTESIAN_POINT('',(0.14446513159,5.675569763901));
#701 = CARTESIAN_POINT('',(0.192598041657,5.687918807265));
#702 = CARTESIAN_POINT('',(0.240723880247,5.70394528261));
#703 = CARTESIAN_POINT('',(0.336324659347,5.742243722302));
#704 = CARTESIAN_POINT('',(0.383819336435,5.76444721504));
#705 = CARTESIAN_POINT('',(0.431392440778,5.789451182028));
#706 = CARTESIAN_POINT('',(0.479131905756,5.81683508264));
#707 = CARTESIAN_POINT('',(0.527118758522,5.846138403633));
#708 = CARTESIAN_POINT('',(0.621678193953,5.906293341773));
#709 = CARTESIAN_POINT('',(0.668244066772,5.937038180759));
#710 = CARTESIAN_POINT('',(0.715257729807,5.968718862654));
#711 = CARTESIAN_POINT('',(0.762844794647,6.000930655615));
#712 = CARTESIAN_POINT('',(0.811132910978,6.033238175903));
#713 = CARTESIAN_POINT('',(0.878933666956,6.077297736064));
#714 = CARTESIAN_POINT('',(0.897733041308,6.089380104865));
#715 = CARTESIAN_POINT('',(0.916661525934,6.101380964315));
#716 = CARTESIAN_POINT('',(0.93572648892,6.113272704664));
#717 = CARTESIAN_POINT('',(0.954935023497,6.125026356358));
#718 = CARTESIAN_POINT('',(1.002222548011,6.153325295207));
#719 = CARTESIAN_POINT('',(1.030470587004,6.169692349269));
#720 = CARTESIAN_POINT('',(1.059050278214,6.185616006324));
#721 = CARTESIAN_POINT('',(1.087975144787,6.200996043113));
#722 = CARTESIAN_POINT('',(1.117260019825,6.215728759025));
#723 = CARTESIAN_POINT('',(1.213975217491,6.261307290327));
#724 = CARTESIAN_POINT('',(1.283541867625,6.289330285534));
#725 = CARTESIAN_POINT('',(1.354896037979,6.311951780001));
#726 = CARTESIAN_POINT('',(1.427538073298,6.327707389083));
#727 = CARTESIAN_POINT('',(1.5010640299,6.335755740516));
#728 = CARTESIAN_POINT('',(1.575092127539,6.335906224831));
#729 = ( GEOMETRIC_REPRESENTATION_CONTEXT(2) 
PARAMETRIC_REPRESENTATION_CONTEXT() REPRESENTATION_CONTEXT('2D SPACE',''
  ) );
#730 = ORIENTED_EDGE('',*,*,#731,.F.);
#731 = EDGE_CURVE('',#732,#617,#734,.T.);
#732 = VERTEX_POINT('',#733);
#733 = CARTESIAN_POINT('',(11.558894972479,1.000881464391E-02,
    -3.467906842021));
#734 = SURFACE_CURVE('',#735,(#808,#884),.PCURVE_S1.);
#735 = B_SPLINE_CURVE_WITH_KNOTS('',6,(#736,#737,#738,#739,#740,#741,
    #742,#743,#744,#745,#746,#747,#748,#749,#750,#751,#752,#753,#754,
    #755,#756,#757,#758,#759,#760,#761,#762,#763,#764,#765,#766,#767,
    #768,#769,#770,#771,#772,#773,#774,#775,#776,#777,#778,#779,#780,
    #781,#782,#783,#784,#785,#786,#787,#788,#789,#790,#791,#792,#793,
    #794,#795,#796,#797,#798,#799,#800,#801,#802,#803,#804,#805,#806,
    #807),.UNSPECIFIED.,.F.,.F.,(7,5,5,5,5,5,5,5,5,5,5,5,5,5,7),(0.,
    0.241831921712,0.415997646918,0.602781205691,0.798034568851,
    0.999740354016,0.999768752796,0.999798165817,0.999827578839,
    0.999855977618,0.99988539064,0.999913789419,0.999943202441,
    0.999972615463,1.),.UNSPECIFIED.);
#736 = CARTESIAN_POINT('',(11.558894972479,1.000881464387E-02,
    -3.467906842021));
#737 = CARTESIAN_POINT('',(11.559682943928,-0.146220990661,
    -3.467906229914));
#738 = CARTESIAN_POINT('',(11.546173199141,-0.301350780369,
    -3.459548097838));
#739 = CARTESIAN_POINT('',(11.518758767554,-0.452946758848,
    -3.443055723463));
#740 = CARTESIAN_POINT('',(11.478562673838,-0.5986440039,-3.41936147709)
  );
#741 = CARTESIAN_POINT('',(11.427431454377,-0.736288345529,
    -3.390073016194));
#742 = CARTESIAN_POINT('',(11.325330029286,-0.956097903555,
    -3.333476269076));
#743 = CARTESIAN_POINT('',(11.278048587843,-1.043590680717,
    -3.307757377449));
#744 = CARTESIAN_POINT('',(11.226776080814,-1.126540021779,
    -3.280506906374));
#745 = CARTESIAN_POINT('',(11.171983772961,-1.204970665812,
    -3.252183536521));
#746 = CARTESIAN_POINT('',(11.114073443105,-1.278934929227,
    -3.223209915477));
#747 = CARTESIAN_POINT('',(10.988289912895,-1.423119364508,
    -3.162611519392));
#748 = CARTESIAN_POINT('',(10.919955957711,-1.492729567419,
    -3.130926111158));
#749 = CARTESIAN_POINT('',(10.848737111156,-1.557463316513,
    -3.099365624975));
#750 = CARTESIAN_POINT('',(10.774918859376,-1.617427327063,
    -3.06834648277));
#751 = CARTESIAN_POINT('',(10.698714985034,-1.672706953893,
    -3.038256919834));
#752 = CARTESIAN_POINT('',(10.538266137554,-1.776317770513,
    -2.979366121237));
#753 = CARTESIAN_POINT('',(10.453781833202,-1.824239968513,
    -2.950673850372));
#754 = CARTESIAN_POINT('',(10.367094953994,-1.867113486624,
    -2.923853131622));
#755 = CARTESIAN_POINT('',(10.278446869735,-1.904920261151,
    -2.899343974516));
#756 = CARTESIAN_POINT('',(10.18804365072,-1.937627874245,
    -2.877548582543));
#757 = CARTESIAN_POINT('',(10.00103279615,-1.99363515505,-2.839470783571
    ));
#758 = CARTESIAN_POINT('',(9.904297489882,-2.016594417905,
    -2.823390014395));
#759 = CARTESIAN_POINT('',(9.806306320185,-2.033903443406,
    -2.811021531737));
#760 = CARTESIAN_POINT('',(9.707472629526,-2.045489151502,
    -2.802686768472));
#761 = CARTESIAN_POINT('',(9.608183684225,-2.051308938405,-2.79855209114
    ));
#762 = CARTESIAN_POINT('',(9.508804941418,-2.051346059333,
    -2.798629289899));
#763 = CARTESIAN_POINT('',(9.508790951548,-2.051346064444,-2.79862930085
    ));
#764 = CARTESIAN_POINT('',(9.508776961678,-2.05134606944,-2.798629311884
    ));
#765 = CARTESIAN_POINT('',(9.508762971809,-2.051346074322,
    -2.798629323002));
#766 = CARTESIAN_POINT('',(9.508748981939,-2.051346079089,
    -2.798629334204));
#767 = CARTESIAN_POINT('',(9.508720502561,-2.05134608856,-2.798629357177
    ));
#768 = CARTESIAN_POINT('',(9.508706013053,-2.051346093256,
    -2.798629368954));
#769 = CARTESIAN_POINT('',(9.508691523545,-2.051346097829,
    -2.798629380821));
#770 = CARTESIAN_POINT('',(9.508677034037,-2.051346102279,
    -2.798629392778));
#771 = CARTESIAN_POINT('',(9.508662544529,-2.051346106605,
    -2.798629404824));
#772 = CARTESIAN_POINT('',(9.508633565513,-2.051346115013,
    -2.798629429096));
#773 = CARTESIAN_POINT('',(9.508619076006,-2.051346119094,
    -2.798629441321));
#774 = CARTESIAN_POINT('',(9.508604586498,-2.051346123052,
    -2.798629453636));
#775 = CARTESIAN_POINT('',(9.50859009699,-2.051346126887,-2.798629466041
    ));
#776 = CARTESIAN_POINT('',(9.508575607482,-2.051346130599,
    -2.798629478535));
#777 = CARTESIAN_POINT('',(9.508547128105,-2.051346137653,
    -2.798629503268));
#778 = CARTESIAN_POINT('',(9.508533138236,-2.051346141004,
    -2.798629515501));
#779 = CARTESIAN_POINT('',(9.508519148366,-2.05134614424,-2.798629527818
    ));
#780 = CARTESIAN_POINT('',(9.508505158497,-2.051346147361,
    -2.798629540218));
#781 = CARTESIAN_POINT('',(9.508491168628,-2.051346150368,
    -2.798629552702));
#782 = CARTESIAN_POINT('',(9.508462689251,-2.051346156255,
    -2.798629578285));
#783 = CARTESIAN_POINT('',(9.508448199743,-2.051346159128,-2.79862959139
    ));
#784 = CARTESIAN_POINT('',(9.508433710236,-2.051346161877,
    -2.798629604585));
#785 = CARTESIAN_POINT('',(9.508419220729,-2.051346164504,-2.79862961787
    ));
#786 = CARTESIAN_POINT('',(9.508404731221,-2.051346167007,
    -2.798629631244));
#787 = CARTESIAN_POINT('',(9.508376251845,-2.051346171686,
    -2.798629657707));
#788 = CARTESIAN_POINT('',(9.508362261976,-2.05134617387,-2.79862967079)
  );
#789 = CARTESIAN_POINT('',(9.508348272107,-2.051346175939,
    -2.798629683957));
#790 = CARTESIAN_POINT('',(9.508334282238,-2.051346177894,
    -2.798629697207));
#791 = CARTESIAN_POINT('',(9.508320292369,-2.051346179734,-2.79862971054
    ));
#792 = CARTESIAN_POINT('',(9.508291812993,-2.051346183246,
    -2.798629737853));
#793 = CARTESIAN_POINT('',(9.508277323486,-2.05134618491,-2.798629751839
    ));
#794 = CARTESIAN_POINT('',(9.50826283398,-2.051346186451,-2.798629765914
    ));
#795 = CARTESIAN_POINT('',(9.508248344473,-2.051346187869,
    -2.798629780079));
#796 = CARTESIAN_POINT('',(9.508233854966,-2.051346189165,
    -2.798629794333));
#797 = CARTESIAN_POINT('',(9.508204875953,-2.051346191509,
    -2.798629823021));
#798 = CARTESIAN_POINT('',(9.508190386446,-2.051346192558,
    -2.798629837455));
#799 = CARTESIAN_POINT('',(9.508175896939,-2.051346193484,
    -2.798629851978));
#800 = CARTESIAN_POINT('',(9.508161407433,-2.051346194287,-2.79862986659
    ));
#801 = CARTESIAN_POINT('',(9.508146917926,-2.051346194968,
    -2.798629881293));
#802 = CARTESIAN_POINT('',(9.50811893819,-2.051346196044,-2.798629909856
    ));
#803 = CARTESIAN_POINT('',(9.50810544796,-2.051346196456,-2.798629923705
    ));
#804 = CARTESIAN_POINT('',(9.50809195773,-2.051346196762,-2.798629937632
    ));
#805 = CARTESIAN_POINT('',(9.5080784675,-2.051346196961,-2.798629951636)
  );
#806 = CARTESIAN_POINT('',(9.50806497727,-2.051346197054,-2.798629965719
    ));
#807 = CARTESIAN_POINT('',(9.50805148704,-2.05134619704,-2.798629979878)
  );
#808 = PCURVE('',#278,#809);
#809 = DEFINITIONAL_REPRESENTATION('',(#810),#883);
#810 = B_SPLINE_CURVE_WITH_KNOTS('',6,(#811,#812,#813,#814,#815,#816,
    #817,#818,#819,#820,#821,#822,#823,#824,#825,#826,#827,#828,#829,
    #830,#831,#832,#833,#834,#835,#836,#837,#838,#839,#840,#841,#842,
    #843,#844,#845,#846,#847,#848,#849,#850,#851,#852,#853,#854,#855,
    #856,#857,#858,#859,#860,#861,#862,#863,#864,#865,#866,#867,#868,
    #869,#870,#871,#872,#873,#874,#875,#876,#877,#878,#879,#880,#881,
    #882),.UNSPECIFIED.,.F.,.F.,(7,5,5,5,5,5,5,5,5,5,5,5,5,5,7),(0.,
    0.241831921712,0.415997646918,0.602781205691,0.798034568851,
    0.999740354016,0.999768752796,0.999798165817,0.999827578839,
    0.999855977618,0.99988539064,0.999913789419,0.999943202441,
    0.999972615463,1.),.UNSPECIFIED.);
#811 = CARTESIAN_POINT('',(0.,14.077853328066));
#812 = CARTESIAN_POINT('',(4.463712202268E-02,14.077123712911));
#813 = CARTESIAN_POINT('',(8.895852104983E-02,14.090684905558));
#814 = CARTESIAN_POINT('',(0.13242832815,14.11814314107));
#815 = CARTESIAN_POINT('',(0.174521900617,14.158375236099));
#816 = CARTESIAN_POINT('',(0.214690184045,14.209535099153));
#817 = CARTESIAN_POINT('',(0.279536341024,14.311674626612));
#818 = CARTESIAN_POINT('',(0.305575011706,14.358968752866));
#819 = CARTESIAN_POINT('',(0.330501761393,14.410251056365));
#820 = CARTESIAN_POINT('',(0.354312089356,14.465050638069));
#821 = CARTESIAN_POINT('',(0.377000328367,14.522966067169));
#822 = CARTESIAN_POINT('',(0.421684774424,14.648756334185));
#823 = CARTESIAN_POINT('',(0.443527100159,14.717091651817));
#824 = CARTESIAN_POINT('',(0.464093627978,14.788310135289));
#825 = CARTESIAN_POINT('',(0.483376482645,14.862126661905));
#826 = CARTESIAN_POINT('',(0.501356662788,14.93832778255));
#827 = CARTESIAN_POINT('',(0.535410135772,15.098769524989));
#828 = CARTESIAN_POINT('',(0.551366461649,15.183249409784));
#829 = CARTESIAN_POINT('',(0.565814332871,15.269931436632));
#830 = CARTESIAN_POINT('',(0.578688535297,15.358574570875));
#831 = CARTESIAN_POINT('',(0.58992091412,15.448973042622));
#832 = CARTESIAN_POINT('',(0.609277902679,15.635975168764));
#833 = CARTESIAN_POINT('',(0.617289707448,15.732706523308));
#834 = CARTESIAN_POINT('',(0.623372019054,15.830694514036));
#835 = CARTESIAN_POINT('',(0.627454141312,15.929526021032));
#836 = CARTESIAN_POINT('',(0.629498118115,16.02881389144));
#837 = CARTESIAN_POINT('',(0.629498118115,16.128192671164));
#838 = CARTESIAN_POINT('',(0.629498118074,16.128206661039));
#839 = CARTESIAN_POINT('',(0.629498117993,16.128220650914));
#840 = CARTESIAN_POINT('',(0.629498117872,16.128234640789));
#841 = CARTESIAN_POINT('',(0.62949811771,16.128248630664));
#842 = CARTESIAN_POINT('',(0.629498117297,16.128277110053));
#843 = CARTESIAN_POINT('',(0.629498117044,16.128291599567));
#844 = CARTESIAN_POINT('',(0.629498116747,16.12830608908));
#845 = CARTESIAN_POINT('',(0.629498116407,16.128320578594));
#846 = CARTESIAN_POINT('',(0.629498116023,16.128335068107));
#847 = CARTESIAN_POINT('',(0.629498115169,16.128364047134));
#848 = CARTESIAN_POINT('',(0.629498114698,16.128378536648));
#849 = CARTESIAN_POINT('',(0.629498114184,16.128393026161));
#850 = CARTESIAN_POINT('',(0.629498113627,16.128407515674));
#851 = CARTESIAN_POINT('',(0.629498113026,16.128422005188));
#852 = CARTESIAN_POINT('',(0.629498111759,16.128450484576));
#853 = CARTESIAN_POINT('',(0.629498111096,16.128464474451));
#854 = CARTESIAN_POINT('',(0.629498110393,16.128478464326));
#855 = CARTESIAN_POINT('',(0.629498109649,16.128492454201));
#856 = CARTESIAN_POINT('',(0.629498108865,16.128506444076));
#857 = CARTESIAN_POINT('',(0.629498107186,16.128534923465));
#858 = CARTESIAN_POINT('',(0.629498106288,16.128549412978));
#859 = CARTESIAN_POINT('',(0.629498105347,16.128563902491));
#860 = CARTESIAN_POINT('',(0.629498104362,16.128578392004));
#861 = CARTESIAN_POINT('',(0.629498103334,16.128592881518));
#862 = CARTESIAN_POINT('',(0.629498101228,16.128621360906));
#863 = CARTESIAN_POINT('',(0.629498100153,16.12863535078));
#864 = CARTESIAN_POINT('',(0.629498099037,16.128649340655));
#865 = CARTESIAN_POINT('',(0.629498097881,16.12866333053));
#866 = CARTESIAN_POINT('',(0.629498096684,16.128677320405));
#867 = CARTESIAN_POINT('',(0.629498094166,16.128705799792));
#868 = CARTESIAN_POINT('',(0.629498092841,16.128720289306));
#869 = CARTESIAN_POINT('',(0.629498091472,16.128734778819));
#870 = CARTESIAN_POINT('',(0.629498090061,16.128749268332));
#871 = CARTESIAN_POINT('',(0.629498088605,16.128763757844));
#872 = CARTESIAN_POINT('',(0.629498085608,16.12879273687));
#873 = CARTESIAN_POINT('',(0.629498084066,16.128807226383));
#874 = CARTESIAN_POINT('',(0.62949808248,16.128821715896));
#875 = CARTESIAN_POINT('',(0.629498080851,16.128836205409));
#876 = CARTESIAN_POINT('',(0.629498079178,16.128850694922));
#877 = CARTESIAN_POINT('',(0.629498075865,16.12887867467));
#878 = CARTESIAN_POINT('',(0.629498074229,16.128892164906));
#879 = CARTESIAN_POINT('',(0.629498072556,16.128905655142));
#880 = CARTESIAN_POINT('',(0.629498070845,16.128919145378));
#881 = CARTESIAN_POINT('',(0.629498069097,16.128932635614));
#882 = CARTESIAN_POINT('',(0.629498067311,16.12894612585));
#883 = ( GEOMETRIC_REPRESENTATION_CONTEXT(2) 
PARAMETRIC_REPRESENTATION_CONTEXT() REPRESENTATION_CONTEXT('2D SPACE',''
  ) );
#884 = PCURVE('',#690,#885);
#885 = DEFINITIONAL_REPRESENTATION('',(#886),#959);
#886 = B_SPLINE_CURVE_WITH_KNOTS('',6,(#887,#888,#889,#890,#891,#892,
    #893,#894,#895,#896,#897,#898,#899,#900,#901,#902,#903,#904,#905,
    #906,#907,#908,#909,#910,#911,#912,#913,#914,#915,#916,#917,#918,
    #919,#920,#921,#922,#923,#924,#925,#926,#927,#928,#929,#930,#931,
    #932,#933,#934,#935,#936,#937,#938,#939,#940,#941,#942,#943,#944,
    #945,#946,#947,#948,#949,#950,#951,#952,#953,#954,#955,#956,#957,
    #958),.UNSPECIFIED.,.F.,.F.,(7,5,5,5,5,5,5,5,5,5,5,5,5,5,7),(0.,
    0.241831921712,0.415997646918,0.602781205691,0.798034568851,
    0.999740354016,0.999768752796,0.999798165817,0.999827578839,
    0.999855977618,0.99988539064,0.999913789419,0.999943202441,
    0.999972615463,1.),.UNSPECIFIED.);
#887 = CARTESIAN_POINT('',(4.707344580197,6.335906224831));
#888 = CARTESIAN_POINT('',(4.783542248877,6.335751330212));
#889 = CARTESIAN_POINT('',(4.859164130054,6.327228911507));
#890 = CARTESIAN_POINT('',(4.933821300127,6.310564964365));
#891 = CARTESIAN_POINT('',(5.007097200158,6.286695075017));
#892 = CARTESIAN_POINT('',(5.078470043537,6.25723046915));
#893 = CARTESIAN_POINT('',(5.196643035516,6.200336560418));
#894 = CARTESIAN_POINT('',(5.245042987345,6.174494232983));
#895 = CARTESIAN_POINT('',(5.29246973056,6.147121733078));
#896 = CARTESIAN_POINT('',(5.339009467299,6.118678082393));
#897 = CARTESIAN_POINT('',(5.384742523733,6.089586188269));
#898 = CARTESIAN_POINT('',(5.47802559679,6.028747224613));
#899 = CARTESIAN_POINT('',(5.525499080272,5.996939768943));
#900 = CARTESIAN_POINT('',(5.572307632869,5.965259830041));
#901 = CARTESIAN_POINT('',(5.618569066746,5.934123945365));
#902 = CARTESIAN_POINT('',(5.664399285703,5.903920431263));
#903 = CARTESIAN_POINT('',(5.757517458802,5.8448023749));
#904 = CARTESIAN_POINT('',(5.804795216446,5.815997017019));
#905 = CARTESIAN_POINT('',(5.851835275912,5.789066505117));
#906 = CARTESIAN_POINT('',(5.898715049995,5.764451053696));
#907 = CARTESIAN_POINT('',(5.945518518968,5.742553058068));
#908 = CARTESIAN_POINT('',(6.040711276639,5.704274557565));
#909 = CARTESIAN_POINT('',(6.089112741942,5.68809592872));
#910 = CARTESIAN_POINT('',(6.137516436378,5.675634210281));
#911 = CARTESIAN_POINT('',(6.185923724994,5.667211228262));
#912 = CARTESIAN_POINT('',(6.234348598246,5.662993691998));
#913 = CARTESIAN_POINT('',(6.28281783063,5.662993691998));
#914 = CARTESIAN_POINT('',(6.282824653802,5.662993692082));
#915 = CARTESIAN_POINT('',(6.282831476974,5.662993692249));
#916 = CARTESIAN_POINT('',(6.282838300146,5.6629936925));
#917 = CARTESIAN_POINT('',(6.282845123318,5.662993692834));
#918 = CARTESIAN_POINT('',(6.282859013346,5.662993693685));
#919 = CARTESIAN_POINT('',(6.282866080203,5.662993694208));
#920 = CARTESIAN_POINT('',(6.28287314706,5.66299369482));
#921 = CARTESIAN_POINT('',(6.282880213917,5.662993695522));
#922 = CARTESIAN_POINT('',(6.282887280773,5.662993696314));
#923 = CARTESIAN_POINT('',(6.282901414487,5.662993698077));
#924 = CARTESIAN_POINT('',(6.282908481344,5.662993699048));
#925 = CARTESIAN_POINT('',(6.2829155482,5.662993700108));
#926 = CARTESIAN_POINT('',(6.282922615057,5.662993701259));
#927 = CARTESIAN_POINT('',(6.282929681914,5.662993702499));
#928 = CARTESIAN_POINT('',(6.282943571942,5.662993705112));
#929 = CARTESIAN_POINT('',(6.282950395114,5.66299370648));
#930 = CARTESIAN_POINT('',(6.282957218286,5.662993707931));
#931 = CARTESIAN_POINT('',(6.282964041458,5.662993709466));
#932 = CARTESIAN_POINT('',(6.282970864631,5.662993711084));
#933 = CARTESIAN_POINT('',(6.282984754659,5.662993714549));
#934 = CARTESIAN_POINT('',(6.282991821516,5.662993716401));
#935 = CARTESIAN_POINT('',(6.282998888373,5.662993718343));
#936 = CARTESIAN_POINT('',(6.283005955229,5.662993720375));
#937 = CARTESIAN_POINT('',(6.283013022086,5.662993722496));
#938 = CARTESIAN_POINT('',(6.283026912115,5.662993726842));
#939 = CARTESIAN_POINT('',(6.283033735287,5.662993729061));
#940 = CARTESIAN_POINT('',(6.283040558459,5.662993731363));
#941 = CARTESIAN_POINT('',(6.283047381631,5.662993733749));
#942 = CARTESIAN_POINT('',(6.283054204803,5.662993736218));
#943 = CARTESIAN_POINT('',(6.283068094832,5.662993741415));
#944 = CARTESIAN_POINT('',(6.283075161688,5.662993744149));
#945 = CARTESIAN_POINT('',(6.283082228545,5.662993746972));
#946 = CARTESIAN_POINT('',(6.283089295402,5.662993749885));
#947 = CARTESIAN_POINT('',(6.283096362259,5.662993752888));
#948 = CARTESIAN_POINT('',(6.283110495972,5.662993759073));
#949 = CARTESIAN_POINT('',(6.283117562829,5.662993762255));
#950 = CARTESIAN_POINT('',(6.283124629686,5.662993765527));
#951 = CARTESIAN_POINT('',(6.283131696542,5.662993768888));
#952 = CARTESIAN_POINT('',(6.283138763399,5.66299377234));
#953 = CARTESIAN_POINT('',(6.283152409743,5.662993779177));
#954 = CARTESIAN_POINT('',(6.28315898923,5.662993782552));
#955 = CARTESIAN_POINT('',(6.283165568718,5.662993786004));
#956 = CARTESIAN_POINT('',(6.283172148205,5.662993789534));
#957 = CARTESIAN_POINT('',(6.283178727692,5.662993793141));
#958 = CARTESIAN_POINT('',(6.28318530718,5.662993796827));
#959 = ( GEOMETRIC_REPRESENTATION_CONTEXT(2) 
PARAMETRIC_REPRESENTATION_CONTEXT() REPRESENTATION_CONTEXT('2D SPACE',''
  ) );
#960 = ORIENTED_EDGE('',*,*,#961,.T.);
#961 = EDGE_CURVE('',#732,#962,#964,.T.);
#962 = VERTEX_POINT('',#963);
#963 = CARTESIAN_POINT('',(25.63674307088,1.526731130781E-02,
    -3.456970978215));
#964 = SEAM_CURVE('',#965,(#969,#976),.PCURVE_S1.);
#965 = LINE('',#966,#967);
#966 = CARTESIAN_POINT('',(11.558894972479,1.000881464391E-02,
    -3.467906842021));
#967 = VECTOR('',#968,1.);
#968 = DIRECTION('',(0.999999628518,3.735297236982E-04,7.7681330749E-04)
  );
#969 = PCURVE('',#278,#970);
#970 = DEFINITIONAL_REPRESENTATION('',(#971),#975);
#971 = LINE('',#972,#973);
#972 = CARTESIAN_POINT('',(0.,14.077853328066));
#973 = VECTOR('',#974,1.);
#974 = DIRECTION('',(-0.,-1.));
#975 = ( GEOMETRIC_REPRESENTATION_CONTEXT(2) 
PARAMETRIC_REPRESENTATION_CONTEXT() REPRESENTATION_CONTEXT('2D SPACE',''
  ) );
#976 = PCURVE('',#278,#977);
#977 = DEFINITIONAL_REPRESENTATION('',(#978),#982);
#978 = LINE('',#979,#980);
#979 = CARTESIAN_POINT('',(6.28318530718,14.077853328066));
#980 = VECTOR('',#981,1.);
#981 = DIRECTION('',(-0.,-1.));
#982 = ( GEOMETRIC_REPRESENTATION_CONTEXT(2) 
PARAMETRIC_REPRESENTATION_CONTEXT() REPRESENTATION_CONTEXT('2D SPACE',''
  ) );
#983 = ORIENTED_EDGE('',*,*,#984,.T.);
#984 = EDGE_CURVE('',#962,#962,#985,.T.);
#985 = SURFACE_CURVE('',#986,(#991,#998),.PCURVE_S1.);
#986 = CIRCLE('',#987,3.500003621585);
#987 = AXIS2_PLACEMENT_3D('',#988,#989,#990);
#988 = CARTESIAN_POINT('',(25.634024221301,1.526731130781E-02,
    4.303158735051E-02));
#989 = DIRECTION('',(-0.999999628518,-3.735297236982E-04,
    -7.7681330749E-04));
#990 = DIRECTION('',(7.768133616822E-04,0.,-0.99999969828));
#991 = PCURVE('',#278,#992);
#992 = DEFINITIONAL_REPRESENTATION('',(#993),#997);
#993 = LINE('',#994,#995);
#994 = CARTESIAN_POINT('',(0.,0.));
#995 = VECTOR('',#996,1.);
#996 = DIRECTION('',(1.,0.));
#997 = ( GEOMETRIC_REPRESENTATION_CONTEXT(2) 
PARAMETRIC_REPRESENTATION_CONTEXT() REPRESENTATION_CONTEXT('2D SPACE',''
  ) );
#998 = PCURVE('',#999,#1004);
#999 = PLANE('',#1000);
#1000 = AXIS2_PLACEMENT_3D('',#1001,#1002,#1003);
#1001 = CARTESIAN_POINT('',(25.634024221301,1.526731130781E-02,
    4.303158735051E-02));
#1002 = DIRECTION('',(-0.999999628518,-3.735297236982E-04,
    -7.7681330749E-04));
#1003 = DIRECTION('',(7.768133616822E-04,0.,-0.99999969828));
#1004 = DEFINITIONAL_REPRESENTATION('',(#1005),#1009);
#1005 = CIRCLE('',#1006,3.500003621585);
#1006 = AXIS2_PLACEMENT_2D('',#1007,#1008);
#1007 = CARTESIAN_POINT('',(0.,0.));
#1008 = DIRECTION('',(1.,0.));
#1009 = ( GEOMETRIC_REPRESENTATION_CONTEXT(2) 
PARAMETRIC_REPRESENTATION_CONTEXT() REPRESENTATION_CONTEXT('2D SPACE',''
  ) );
#1010 = ORIENTED_EDGE('',*,*,#961,.F.);
#1011 = ORIENTED_EDGE('',*,*,#1012,.F.);
#1012 = EDGE_CURVE('',#594,#732,#1013,.T.);
#1013 = SURFACE_CURVE('',#1014,(#1067,#1123),.PCURVE_S1.);
#1014 = B_SPLINE_CURVE_WITH_KNOTS('',6,(#1015,#1016,#1017,#1018,#1019,
    #1020,#1021,#1022,#1023,#1024,#1025,#1026,#1027,#1028,#1029,#1030,
    #1031,#1032,#1033,#1034,#1035,#1036,#1037,#1038,#1039,#1040,#1041,
    #1042,#1043,#1044,#1045,#1046,#1047,#1048,#1049,#1050,#1051,#1052,
    #1053,#1054,#1055,#1056,#1057,#1058,#1059,#1060,#1061,#1062,#1063,
    #1064,#1065,#1066),.UNSPECIFIED.,.F.,.F.,(7,5,5,5,5,5,5,5,5,5,7),(0.
    ,0.116253924584,0.205827975113,0.302884173828,0.400743715011,
    0.499960151053,0.599042497762,0.698398026416,0.830216143444,
    0.882929579636,1.),.UNSPECIFIED.);
#1015 = CARTESIAN_POINT('',(7.458245789351,8.477099718601E-03,
    -3.471092282059));
#1016 = CARTESIAN_POINT('',(7.4588864291,0.157581206551,-3.471091784402)
  );
#1017 = CARTESIAN_POINT('',(7.472528485099,0.305576802126,
    -3.463458633905));
#1018 = CARTESIAN_POINT('',(7.498820543486,0.450315902065,
    -3.448407706375));
#1019 = CARTESIAN_POINT('',(7.53678604536,0.589710176648,-3.426754174923
    ));
#1020 = CARTESIAN_POINT('',(7.584826297777,0.721846009351,
    -3.399882712877));
#1021 = CARTESIAN_POINT('',(7.683586493374,0.940059974978,
    -3.346102027795));
#1022 = CARTESIAN_POINT('',(7.731403717708,1.030285360723,
    -3.320484426225));
#1023 = CARTESIAN_POINT('',(7.783468327111,1.115749345174,
    -3.293187401581));
#1024 = CARTESIAN_POINT('',(7.839266644542,1.196468061104,
    -3.264709271681));
#1025 = CARTESIAN_POINT('',(7.898358246467,1.272489733374,
    -3.235509407046));
#1026 = CARTESIAN_POINT('',(8.027566605088,1.421250493017,
    -3.174034803452));
#1027 = CARTESIAN_POINT('',(8.098248893246,1.493249905668,
    -3.141680093038));
#1028 = CARTESIAN_POINT('',(8.172005604483,1.5600143468,-3.109447719811)
  );
#1029 = CARTESIAN_POINT('',(8.248524144606,1.621667317626,
    -3.077795425753));
#1030 = CARTESIAN_POINT('',(8.327573016506,1.678309194063,
    -3.047147067959));
#1031 = CARTESIAN_POINT('',(8.491064523799,1.78211576668,-2.988427833221
    ));
#1032 = CARTESIAN_POINT('',(8.575580414715,1.829219889781,
    -2.960368158423));
#1033 = CARTESIAN_POINT('',(8.662250860206,1.871294274593,
    -2.934185950761));
#1034 = CARTESIAN_POINT('',(8.750833425528,1.908322244962,
    -2.910309798473));
#1035 = CARTESIAN_POINT('',(8.841119939558,1.94027409553,-2.889128271042
    ));
#1036 = CARTESIAN_POINT('',(9.026022186406,1.994285947911,
    -2.852575722755));
#1037 = CARTESIAN_POINT('',(9.120691598902,2.016205703453,
    -2.837287177201));
#1038 = CARTESIAN_POINT('',(9.216526005049,2.032724044036,-2.82551033803
    ));
#1039 = CARTESIAN_POINT('',(9.313143861094,2.043777581355,
    -2.817531783588));
#1040 = CARTESIAN_POINT('',(9.410185793586,2.04932949214,-2.813499680803
    ));
#1041 = CARTESIAN_POINT('',(9.604280331774,2.049401992247,
    -2.813348905527));
#1042 = CARTESIAN_POINT('',(9.701201674815,2.04393743096,-2.81721964748)
  );
#1043 = CARTESIAN_POINT('',(9.797710854282,2.032985725931,
    -2.825026877074));
#1044 = CARTESIAN_POINT('',(9.893449568628,2.016583259424,
    -2.836623765065));
#1045 = CARTESIAN_POINT('',(9.98803725382,1.994792860665,-2.851725811512
    ));
#1046 = CARTESIAN_POINT('',(10.174335458856,1.94061827367,-2.88819941588
    ));
#1047 = CARTESIAN_POINT('',(10.266045794436,1.908202754193,
    -2.909589792138));
#1048 = CARTESIAN_POINT('',(10.356005789808,1.870554615461,
    -2.933757011453));
#1049 = CARTESIAN_POINT('',(10.443997656222,1.827704119791,
    -2.960294425778));
#1050 = CARTESIAN_POINT('',(10.52976701433,1.779667362651,
    -2.988753267667));
#1051 = CARTESIAN_POINT('',(10.723476118969,1.655868484618,
    -3.058327861032));
#1052 = CARTESIAN_POINT('',(10.829545182046,1.576148742573,
    -3.100555999964));
#1053 = CARTESIAN_POINT('',(10.930824410722,1.487140111603,
    -3.144329204472));
#1054 = CARTESIAN_POINT('',(11.026680814248,1.388535565597,
    -3.18857729876));
#1055 = CARTESIAN_POINT('',(11.116166675618,1.279975184424,
    -3.232083562905));
#1056 = CARTESIAN_POINT('',(11.230615912784,1.113648564524,
    -3.289944888043));
#1057 = CARTESIAN_POINT('',(11.262079336868,1.064487214227,
    -3.306129200248));
#1058 = CARTESIAN_POINT('',(11.292211675601,1.01367622732,
    -3.321870286435));
#1059 = CARTESIAN_POINT('',(11.320905121037,0.961219668084,
    -3.337065691951));
#1060 = CARTESIAN_POINT('',(11.348044902927,0.90712695127,
    -3.351609331688));
#1061 = CARTESIAN_POINT('',(11.430062732461,0.727678275523,
    -3.396000063431));
#1062 = CARTESIAN_POINT('',(11.478835826316,0.594888847035,
    -3.423115372407));
#1063 = CARTESIAN_POINT('',(11.517427989209,0.454698480454,
    -3.444986226175));
#1064 = CARTESIAN_POINT('',(11.544196209446,0.309057314143,
    -3.460194765197));
#1065 = CARTESIAN_POINT('',(11.558137980304,0.160096410252,
    -3.467907430063));
#1066 = CARTESIAN_POINT('',(11.558894972479,1.000881464387E-02,
    -3.467906842021));
#1067 = PCURVE('',#278,#1068);
#1068 = DEFINITIONAL_REPRESENTATION('',(#1069),#1122);
#1069 = B_SPLINE_CURVE_WITH_KNOTS('',6,(#1070,#1071,#1072,#1073,#1074,
    #1075,#1076,#1077,#1078,#1079,#1080,#1081,#1082,#1083,#1084,#1085,
    #1086,#1087,#1088,#1089,#1090,#1091,#1092,#1093,#1094,#1095,#1096,
    #1097,#1098,#1099,#1100,#1101,#1102,#1103,#1104,#1105,#1106,#1107,
    #1108,#1109,#1110,#1111,#1112,#1113,#1114,#1115,#1116,#1117,#1118,
    #1119,#1120,#1121),.UNSPECIFIED.,.F.,.F.,(7,5,5,5,5,5,5,5,5,5,7),(0.
    ,0.116253924584,0.205827975113,0.302884173828,0.400743715011,
    0.499960151053,0.599042497762,0.698398026416,0.830216143444,
    0.882929579636,1.),.UNSPECIFIED.);
#1070 = CARTESIAN_POINT('',(6.28318530718,18.178504034511));
#1071 = CARTESIAN_POINT('',(6.240584249223,18.177807699798));
#1072 = CARTESIAN_POINT('',(6.198301227602,18.16410443858));
#1073 = CARTESIAN_POINT('',(6.156811220416,18.137746633843));
#1074 = CARTESIAN_POINT('',(6.116580387918,18.099712257417));
#1075 = CARTESIAN_POINT('',(6.07809399308,18.051601792075));
#1076 = CARTESIAN_POINT('',(6.013897081225,17.952718346211));
#1077 = CARTESIAN_POINT('',(5.987123664844,17.904847537684));
#1078 = CARTESIAN_POINT('',(5.961517968945,17.852729819591));
#1079 = CARTESIAN_POINT('',(5.937086510624,17.796879249858));
#1080 = CARTESIAN_POINT('',(5.9138368548,17.737736590687));
#1081 = CARTESIAN_POINT('',(5.867871349689,17.60842495921));
#1082 = CARTESIAN_POINT('',(5.845342213878,17.537690669818));
#1083 = CARTESIAN_POINT('',(5.824185100863,17.463884008941));
#1084 = CARTESIAN_POINT('',(5.804406466546,17.387317880102));
#1085 = CARTESIAN_POINT('',(5.786024932063,17.308224072091));
#1086 = CARTESIAN_POINT('',(5.751982770045,17.144648236809));
#1087 = CARTESIAN_POINT('',(5.736338833653,17.06009298537));
#1088 = CARTESIAN_POINT('',(5.722201413354,16.973386517355));
#1089 = CARTESIAN_POINT('',(5.709633508854,16.88477160658));
#1090 = CARTESIAN_POINT('',(5.698700221126,16.794456737031));
#1091 = CARTESIAN_POINT('',(5.680105901093,16.609505989333));
#1092 = CARTESIAN_POINT('',(5.672491281487,16.514816547978));
#1093 = CARTESIAN_POINT('',(5.666715875065,16.418966858935));
#1094 = CARTESIAN_POINT('',(5.662841828985,16.322338712111));
#1095 = CARTESIAN_POINT('',(5.660902381539,16.225291609673));
#1096 = CARTESIAN_POINT('',(5.660902381539,16.031196999382));
#1097 = CARTESIAN_POINT('',(5.662836590353,15.934280740366));
#1098 = CARTESIAN_POINT('',(5.666700195174,15.837781752297));
#1099 = CARTESIAN_POINT('',(5.672460128707,15.742058208942));
#1100 = CARTESIAN_POINT('',(5.680054552873,15.64749042972));
#1101 = CARTESIAN_POINT('',(5.698753719902,15.461240862891));
#1102 = CARTESIAN_POINT('',(5.709868885028,15.369559285867));
#1103 = CARTESIAN_POINT('',(5.722668183894,15.279632160031));
#1104 = CARTESIAN_POINT('',(5.737083610014,15.191676946855));
#1105 = CARTESIAN_POINT('',(5.753049553711,15.105947670972));
#1106 = CARTESIAN_POINT('',(5.793662827938,14.912338927323));
#1107 = CARTESIAN_POINT('',(5.819451050598,14.806332484722));
#1108 = CARTESIAN_POINT('',(5.847789910549,14.705120544647));
#1109 = CARTESIAN_POINT('',(5.878653658506,14.609335380967));
#1110 = CARTESIAN_POINT('',(5.912049187463,14.519923899614));
#1111 = CARTESIAN_POINT('',(5.962384326204,14.405581780347));
#1112 = CARTESIAN_POINT('',(5.977175312604,14.374149303366));
#1113 = CARTESIAN_POINT('',(5.992374773543,14.344048183126));
#1114 = CARTESIAN_POINT('',(6.007978937725,14.315386146426));
#1115 = CARTESIAN_POINT('',(6.023983997028,14.288277877548));
#1116 = CARTESIAN_POINT('',(6.076813286934,14.206361591208));
#1117 = CARTESIAN_POINT('',(6.115510571635,14.157659179802));
#1118 = CARTESIAN_POINT('',(6.155985167068,14.119136386085));
#1119 = CARTESIAN_POINT('',(6.197741335296,14.092434391292));
#1120 = CARTESIAN_POINT('',(6.240303103581,14.078554258239));
#1121 = CARTESIAN_POINT('',(6.28318530718,14.077853328066));
#1122 = ( GEOMETRIC_REPRESENTATION_CONTEXT(2) 
PARAMETRIC_REPRESENTATION_CONTEXT() REPRESENTATION_CONTEXT('2D SPACE',''
  ) );
#1123 = PCURVE('',#690,#1124);
#1124 = DEFINITIONAL_REPRESENTATION('',(#1125),#1178);
#1125 = B_SPLINE_CURVE_WITH_KNOTS('',6,(#1126,#1127,#1128,#1129,#1130,
    #1131,#1132,#1133,#1134,#1135,#1136,#1137,#1138,#1139,#1140,#1141,
    #1142,#1143,#1144,#1145,#1146,#1147,#1148,#1149,#1150,#1151,#1152,
    #1153,#1154,#1155,#1156,#1157,#1158,#1159,#1160,#1161,#1162,#1163,
    #1164,#1165,#1166,#1167,#1168,#1169,#1170,#1171,#1172,#1173,#1174,
    #1175,#1176,#1177),.UNSPECIFIED.,.F.,.F.,(7,5,5,5,5,5,5,5,5,5,7),(0.
    ,0.116253924584,0.205827975113,0.302884173828,0.400743715011,
    0.499960151053,0.599042497762,0.698398026416,0.830216143444,
    0.882929579636,1.),.UNSPECIFIED.);
#1126 = CARTESIAN_POINT('',(1.575092127539,6.335906224831));
#1127 = CARTESIAN_POINT('',(1.647814139006,6.336054054134));
#1128 = CARTESIAN_POINT('',(1.720026384898,6.328578232469));
#1129 = CARTESIAN_POINT('',(1.791373174258,6.313691232995));
#1130 = CARTESIAN_POINT('',(1.861475394835,6.292205399456));
#1131 = CARTESIAN_POINT('',(1.929864176336,6.265502265531));
#1132 = CARTESIAN_POINT('',(2.046716489092,6.212014653357));
#1133 = CARTESIAN_POINT('',(2.096438199944,6.186523653556));
#1134 = CARTESIAN_POINT('',(2.145135816011,6.159351809164));
#1135 = CARTESIAN_POINT('',(2.192898350291,6.130997054757));
#1136 = CARTESIAN_POINT('',(2.239807722476,6.101918466341));
#1137 = CARTESIAN_POINT('',(2.335945882681,6.040691723498));
#1138 = CARTESIAN_POINT('',(2.385083189897,6.008463303432));
#1139 = CARTESIAN_POINT('',(2.433500582419,5.976354417346));
#1140 = CARTESIAN_POINT('',(2.481330623529,5.944822686594));
#1141 = CARTESIAN_POINT('',(2.52870379984,5.91429188771));
#1142 = CARTESIAN_POINT('',(2.623191360114,5.855802560526));
#1143 = CARTESIAN_POINT('',(2.670319930954,5.827855231188));
#1144 = CARTESIAN_POINT('',(2.717211630399,5.801782053643));
#1145 = CARTESIAN_POINT('',(2.763941244267,5.778011411016));
#1146 = CARTESIAN_POINT('',(2.810590033342,5.756931681401));
#1147 = CARTESIAN_POINT('',(2.90455789817,5.720576278237));
#1148 = CARTESIAN_POINT('',(2.951882908371,5.705382982557));
#1149 = CARTESIAN_POINT('',(2.999203195379,5.693696939782));
#1150 = CARTESIAN_POINT('',(3.046522222485,5.68580436894));
#1151 = CARTESIAN_POINT('',(3.093854227377,5.681853121299));
#1152 = CARTESIAN_POINT('',(3.188518468544,5.681853121299));
#1153 = CARTESIAN_POINT('',(3.235786658341,5.685793696197));
#1154 = CARTESIAN_POINT('',(3.28304191678,5.693664995354));
#1155 = CARTESIAN_POINT('',(3.330298369716,5.705319947515));
#1156 = CARTESIAN_POINT('',(3.377559427968,5.720473819769));
#1157 = CARTESIAN_POINT('',(3.47217660448,5.757038333593));
#1158 = CARTESIAN_POINT('',(3.519536940079,5.77846776228));
#1159 = CARTESIAN_POINT('',(3.566981275608,5.802667484893));
#1160 = CARTESIAN_POINT('',(3.614595037708,5.82923071461));
#1161 = CARTESIAN_POINT('',(3.662456893572,5.85770850279));
#1162 = CARTESIAN_POINT('',(3.774575228589,5.927310704372));
#1163 = CARTESIAN_POINT('',(3.839103138046,5.969542128079));
#1164 = CARTESIAN_POINT('',(3.904573996326,6.013305687621));
#1165 = CARTESIAN_POINT('',(3.971324546766,6.057530412165));
#1166 = CARTESIAN_POINT('',(4.039689520397,6.100998490063));
#1167 = CARTESIAN_POINT('',(4.13817072195,6.158783727757));
#1168 = CARTESIAN_POINT('',(4.166625543607,6.174943715562));
#1169 = CARTESIAN_POINT('',(4.195415165478,6.190657808655));
#1170 = CARTESIAN_POINT('',(4.224553124302,6.205823472784));
#1171 = CARTESIAN_POINT('',(4.254054293468,6.22033454315));
#1172 = CARTESIAN_POINT('',(4.350296202469,6.264611007116));
#1173 = CARTESIAN_POINT('',(4.419096993065,6.291632509779));
#1174 = CARTESIAN_POINT('',(4.489643028244,6.313394318811));
#1175 = CARTESIAN_POINT('',(4.561454120916,6.328479233559));
#1176 = CARTESIAN_POINT('',(4.634142639883,6.336055029734));
#1177 = CARTESIAN_POINT('',(4.707344580197,6.335906224831));
#1178 = ( GEOMETRIC_REPRESENTATION_CONTEXT(2) 
PARAMETRIC_REPRESENTATION_CONTEXT() REPRESENTATION_CONTEXT('2D SPACE',''
  ) );
#1179 = ORIENTED_EDGE('',*,*,#593,.T.);
#1180 = ORIENTED_EDGE('',*,*,#1181,.F.);
#1181 = EDGE_CURVE('',#295,#424,#1182,.T.);
#1182 = SURFACE_CURVE('',#1183,(#1236,#1292),.PCURVE_S1.);
#1183 = B_SPLINE_CURVE_WITH_KNOTS('',6,(#1184,#1185,#1186,#1187,#1188,
    #1189,#1190,#1191,#1192,#1193,#1194,#1195,#1196,#1197,#1198,#1199,
    #1200,#1201,#1202,#1203,#1204,#1205,#1206,#1207,#1208,#1209,#1210,
    #1211,#1212,#1213,#1214,#1215,#1216,#1217,#1218,#1219,#1220,#1221,
    #1222,#1223,#1224,#1225,#1226,#1227,#1228,#1229,#1230,#1231,#1232,
    #1233,#1234,#1235),.UNSPECIFIED.,.F.,.F.,(7,5,5,5,5,5,5,5,5,5,7),(0.
    ,0.116036940302,0.204047461799,0.302344695642,0.400147109201,
    0.500166668632,0.600639174223,0.698027572189,0.831311985083,
    0.883336373742,1.),.UNSPECIFIED.);
#1184 = CARTESIAN_POINT('',(-11.55433394059,1.375333427059E-03,
    -3.48586151249));
#1185 = CARTESIAN_POINT('',(-11.55412239471,0.150812289979,
    -3.485861348158));
#1186 = CARTESIAN_POINT('',(-11.54087268486,0.299200425414,
    -3.478194415071));
#1187 = CARTESIAN_POINT('',(-11.51492433337,0.444374488093,
    -3.463064600076));
#1188 = CARTESIAN_POINT('',(-11.47725005752,0.584226992487,
    -3.441282756584));
#1189 = CARTESIAN_POINT('',(-11.42945184318,0.716824808702,
    -3.414237563479));
#1190 = CARTESIAN_POINT('',(-11.33172179094,0.934340565666,
    -3.360457851505));
#1191 = CARTESIAN_POINT('',(-11.28485705302,1.023566690533,
    -3.335095547989));
#1192 = CARTESIAN_POINT('',(-11.23384741072,1.108174450424,
    -3.308078309128));
#1193 = CARTESIAN_POINT('',(-11.17918746519,1.188176138435,
    -3.279884647641));
#1194 = CARTESIAN_POINT('',(-11.12130324855,1.26361512912,
    -3.250956794038));
#1195 = CARTESIAN_POINT('',(-10.99270772004,1.41379671821,
    -3.189016886833));
#1196 = CARTESIAN_POINT('',(-10.92122817983,1.487496559909,
    -3.155894077687));
#1197 = CARTESIAN_POINT('',(-10.84655531034,1.555794791329,
    -3.122862943096));
#1198 = CARTESIAN_POINT('',(-10.76901833504,1.618822870884,
    -3.090404518289));
#1199 = CARTESIAN_POINT('',(-10.68885909992,1.676687805962,
    -3.058963912877));
#1200 = CARTESIAN_POINT('',(-10.5240643511,1.781949815924,
    -2.999122922642));
#1201 = CARTESIAN_POINT('',(-10.43941926292,1.829420080591,
    -2.970695631878));
#1202 = CARTESIAN_POINT('',(-10.35259719505,1.871845642463,
    -2.944147776887));
#1203 = CARTESIAN_POINT('',(-10.26384003869,1.909209298715,
    -2.919914020487));
#1204 = CARTESIAN_POINT('',(-10.17335493828,1.941480237432,
    -2.898389760303));
#1205 = CARTESIAN_POINT('',(-9.987191182057,1.996336306524,
    -2.861029374342));
#1206 = CARTESIAN_POINT('',(-9.89142630181,2.018689524341,-2.84533025759
    ));
#1207 = CARTESIAN_POINT('',(-9.794455360221,2.035522097547,
    -2.833240905398));
#1208 = CARTESIAN_POINT('',(-9.696674387076,2.04676664584,
    -2.825063421353));
#1209 = CARTESIAN_POINT('',(-9.598455650419,2.052384026967,
    -2.820953642362));
#1210 = CARTESIAN_POINT('',(-9.401428697441,2.052334517914,
    -2.82088956382));
#1211 = CARTESIAN_POINT('',(-9.302750252802,2.04661643704,
    -2.824972329509));
#1212 = CARTESIAN_POINT('',(-9.204505854119,2.035217887101,
    -2.833160076933));
#1213 = CARTESIAN_POINT('',(-9.107079239556,2.018178519979,
    -2.845292985215));
#1214 = CARTESIAN_POINT('',(-9.010879055243,1.995569048247,
    -2.861060541609));
#1215 = CARTESIAN_POINT('',(-8.824729130657,1.940364265408,
    -2.89842123599));
#1216 = CARTESIAN_POINT('',(-8.734645852789,1.908087374412,
    -2.919827166519));
#1217 = CARTESIAN_POINT('',(-8.646275709413,1.870761877477,
    -2.943909078016));
#1218 = CARTESIAN_POINT('',(-8.559823292263,1.82841743812,
    -2.970276268342));
#1219 = CARTESIAN_POINT('',(-8.475527529562,1.781069982674,
    -2.998499905478));
#1220 = CARTESIAN_POINT('',(-8.281625910397,1.657108737763,
    -3.06866907287));
#1221 = CARTESIAN_POINT('',(-8.174106759496,1.576116633825,
    -3.111851220641));
#1222 = CARTESIAN_POINT('',(-8.071517729904,1.485592212351,
    -3.156614581809));
#1223 = CARTESIAN_POINT('',(-7.974512952298,1.385212571591,
    -3.201844004478));
#1224 = CARTESIAN_POINT('',(-7.88408089186,1.27459801021,-3.24626983144)
  );
#1225 = CARTESIAN_POINT('',(-7.769474811347,1.106144996149,
    -3.304835863431));
#1226 = CARTESIAN_POINT('',(-7.738513515887,1.057238215282,
    -3.320930126547));
#1227 = CARTESIAN_POINT('',(-7.708864514083,1.006716245318,
    -3.336580242569));
#1228 = CARTESIAN_POINT('',(-7.680633007532,0.954583659572,
    -3.351686478485));
#1229 = CARTESIAN_POINT('',(-7.653930813473,0.900850235399,
    -3.366145699174));
#1230 = CARTESIAN_POINT('',(-7.572692276645,0.721478598883,
    -3.410586047776));
#1231 = CARTESIAN_POINT('',(-7.52432295484,0.588410537616,-3.43779015386
    ));
#1232 = CARTESIAN_POINT('',(-7.486157269411,0.447988239584,
    -3.459714648729));
#1233 = CARTESIAN_POINT('',(-7.459827412136,0.30216575101,
    -3.474949320248));
#1234 = CARTESIAN_POINT('',(-7.44632577592,0.15307561739,-3.482670355895
    ));
#1235 = CARTESIAN_POINT('',(-7.446001015382,2.909918459546E-03,
    -3.482670103616));
#1236 = PCURVE('',#278,#1237);
#1237 = DEFINITIONAL_REPRESENTATION('',(#1238),#1291);
#1238 = B_SPLINE_CURVE_WITH_KNOTS('',6,(#1239,#1240,#1241,#1242,#1243,
    #1244,#1245,#1246,#1247,#1248,#1249,#1250,#1251,#1252,#1253,#1254,
    #1255,#1256,#1257,#1258,#1259,#1260,#1261,#1262,#1263,#1264,#1265,
    #1266,#1267,#1268,#1269,#1270,#1271,#1272,#1273,#1274,#1275,#1276,
    #1277,#1278,#1279,#1280,#1281,#1282,#1283,#1284,#1285,#1286,#1287,
    #1288,#1289,#1290),.UNSPECIFIED.,.F.,.F.,(7,5,5,5,5,5,5,5,5,5,7),(0.
    ,0.116036940302,0.204047461799,0.302344695642,0.400147109201,
    0.500166668632,0.600639174223,0.698027572189,0.831311985083,
    0.883336373742,1.),.UNSPECIFIED.);
#1239 = CARTESIAN_POINT('',(6.28318530718,37.19109082729));
#1240 = CARTESIAN_POINT('',(6.240489103614,37.190823462217));
#1241 = CARTESIAN_POINT('',(6.198093884649,37.177512374125));
#1242 = CARTESIAN_POINT('',(6.15647863789,37.151498052414));
#1243 = CARTESIAN_POINT('',(6.116113517724,37.113754631064));
#1244 = CARTESIAN_POINT('',(6.077488221872,37.06588589619));
#1245 = CARTESIAN_POINT('',(6.013484903392,36.968032854854));
#1246 = CARTESIAN_POINT('',(5.987005313718,36.921115103964));
#1247 = CARTESIAN_POINT('',(5.961656217615,36.870052889743));
#1248 = CARTESIAN_POINT('',(5.937444437834,36.815341180301));
#1249 = CARTESIAN_POINT('',(5.914377696351,36.757406334913));
#1250 = CARTESIAN_POINT('',(5.867986101385,36.628706641147));
#1251 = CARTESIAN_POINT('',(5.844924782065,36.557173868171));
#1252 = CARTESIAN_POINT('',(5.823274768627,36.482449855968));
#1253 = CARTESIAN_POINT('',(5.80304212667,36.404864152478));
#1254 = CARTESIAN_POINT('',(5.784245966084,36.324658909385));
#1255 = CARTESIAN_POINT('',(5.749684294053,36.159778418016));
#1256 = CARTESIAN_POINT('',(5.733896840814,36.075093547027));
#1257 = CARTESIAN_POINT('',(5.71961915053,35.988235041472));
#1258 = CARTESIAN_POINT('',(5.706915352798,35.899445136545));
#1259 = CARTESIAN_POINT('',(5.695852020815,35.808931295258));
#1260 = CARTESIAN_POINT('',(5.676928833124,35.622718095772));
#1261 = CARTESIAN_POINT('',(5.669145808013,35.526932706226));
#1262 = CARTESIAN_POINT('',(5.663245721353,35.429946122024));
#1263 = CARTESIAN_POINT('',(5.659294424509,35.332154632652));
#1264 = CARTESIAN_POINT('',(5.657327083807,35.233930641691));
#1265 = CARTESIAN_POINT('',(5.657370481494,35.036903730621));
#1266 = CARTESIAN_POINT('',(5.659399250371,34.938230630059));
#1267 = CARTESIAN_POINT('',(5.663430363269,34.839996885921));
#1268 = CARTESIAN_POINT('',(5.669427715924,34.742586097264));
#1269 = CARTESIAN_POINT('',(5.677323120372,34.646406642445));
#1270 = CARTESIAN_POINT('',(5.696408076776,34.460306429922));
#1271 = CARTESIAN_POINT('',(5.707492334656,34.370251870309));
#1272 = CARTESIAN_POINT('',(5.720200629409,34.281914409093));
#1273 = CARTESIAN_POINT('',(5.734467384468,34.195498323349));
#1274 = CARTESIAN_POINT('',(5.750229611002,34.111242202142));
#1275 = CARTESIAN_POINT('',(5.79096687071,33.91744146656));
#1276 = CARTESIAN_POINT('',(5.817203961038,33.809986153025));
#1277 = CARTESIAN_POINT('',(5.846055535314,33.70746574788));
#1278 = CARTESIAN_POINT('',(5.877495164595,33.610533635907));
#1279 = CARTESIAN_POINT('',(5.911531222234,33.520177437463));
#1280 = CARTESIAN_POINT('',(5.96250635077,33.405679816605));
#1281 = CARTESIAN_POINT('',(5.977220145713,33.37474930302));
#1282 = CARTESIAN_POINT('',(5.992333018524,33.345131340906));
#1283 = CARTESIAN_POINT('',(6.00784119161,33.316931052639));
#1284 = CARTESIAN_POINT('',(6.023740850383,33.290260171645));
#1285 = CARTESIAN_POINT('',(6.076552064045,33.209123187487));
#1286 = CARTESIAN_POINT('',(6.115332085502,33.160824721039));
#1287 = CARTESIAN_POINT('',(6.155874047071,33.122728532929));
#1288 = CARTESIAN_POINT('',(6.197682187865,33.096464988964));
#1289 = CARTESIAN_POINT('',(6.240280834499,33.083025045163));
#1290 = CARTESIAN_POINT('',(6.28318530718,33.082756375902));
#1291 = ( GEOMETRIC_REPRESENTATION_CONTEXT(2) 
PARAMETRIC_REPRESENTATION_CONTEXT() REPRESENTATION_CONTEXT('2D SPACE',''
  ) );
#1292 = PCURVE('',#385,#1293);
#1293 = DEFINITIONAL_REPRESENTATION('',(#1294),#1347);
#1294 = B_SPLINE_CURVE_WITH_KNOTS('',6,(#1295,#1296,#1297,#1298,#1299,
    #1300,#1301,#1302,#1303,#1304,#1305,#1306,#1307,#1308,#1309,#1310,
    #1311,#1312,#1313,#1314,#1315,#1316,#1317,#1318,#1319,#1320,#1321,
    #1322,#1323,#1324,#1325,#1326,#1327,#1328,#1329,#1330,#1331,#1332,
    #1333,#1334,#1335,#1336,#1337,#1338,#1339,#1340,#1341,#1342,#1343,
    #1344,#1345,#1346),.UNSPECIFIED.,.F.,.F.,(7,5,5,5,5,5,5,5,5,5,7),(0.
    ,0.116036940302,0.204047461799,0.302344695642,0.400147109201,
    0.500166668632,0.600639174223,0.698027572189,0.831311985083,
    0.883336373742,1.),.UNSPECIFIED.);
#1295 = CARTESIAN_POINT('',(1.415619166453E-03,6.349289649246));
#1296 = CARTESIAN_POINT('',(7.416376354753E-02,6.349352437027));
#1297 = CARTESIAN_POINT('',(0.146411813404,6.341758144539));
#1298 = CARTESIAN_POINT('',(0.217798929006,6.3267094851));
#1299 = CARTESIAN_POINT('',(0.287941776071,6.305015670852));
#1300 = CARTESIAN_POINT('',(0.356367104443,6.278063323715));
#1301 = CARTESIAN_POINT('',(0.472472349417,6.22445092735));
#1302 = CARTESIAN_POINT('',(0.521452711601,6.199162520996));
#1303 = CARTESIAN_POINT('',(0.569435759927,6.172220458643));
#1304 = CARTESIAN_POINT('',(0.616505835008,6.144102873855));
#1305 = CARTESIAN_POINT('',(0.662740436507,6.115251684314));
#1306 = CARTESIAN_POINT('',(0.759015910245,6.053474776471));
#1307 = CARTESIAN_POINT('',(0.808914531729,6.020438461192));
#1308 = CARTESIAN_POINT('',(0.858062594872,5.987494030997));
#1309 = CARTESIAN_POINT('',(0.906599665243,5.955122320467));
#1310 = CARTESIAN_POINT('',(0.954663130015,5.923768296171));
#1311 = CARTESIAN_POINT('',(1.049882335031,5.864099545309));
#1312 = CARTESIAN_POINT('',(1.097061057744,5.835757951001));
#1313 = CARTESIAN_POINT('',(1.144003147061,5.809295362904));
#1314 = CARTESIAN_POINT('',(1.190784429665,5.78514624857));
#1315 = CARTESIAN_POINT('',(1.237487285413,5.763705831645));
#1316 = CARTESIAN_POINT('',(1.331982772392,5.72651309398));
#1317 = CARTESIAN_POINT('',(1.379783728187,5.710897751735));
#1318 = CARTESIAN_POINT('',(1.427583034446,5.698890789772));
#1319 = CARTESIAN_POINT('',(1.475383216503,5.690793975666));
#1320 = CARTESIAN_POINT('',(1.523198353599,5.686762840696));
#1321 = CARTESIAN_POINT('',(1.619113930355,5.686851763612));
#1322 = CARTESIAN_POINT('',(1.667151155116,5.691008764427));
#1323 = CARTESIAN_POINT('',(1.715176203861,5.69926802155));
#1324 = CARTESIAN_POINT('',(1.763200614384,5.711469432796));
#1325 = CARTESIAN_POINT('',(1.811223724442,5.727302197874));
#1326 = CARTESIAN_POINT('',(1.905733816533,5.764784257227));
#1327 = CARTESIAN_POINT('',(1.952239111068,5.78624658162));
#1328 = CARTESIAN_POINT('',(1.998824131143,5.810381434185));
#1329 = CARTESIAN_POINT('',(2.045570637648,5.836797966502));
#1330 = CARTESIAN_POINT('',(2.092554073994,5.865067167846));
#1331 = CARTESIAN_POINT('',(2.204574732463,5.935334818931));
#1332 = CARTESIAN_POINT('',(2.269904472939,5.978566425448));
#1333 = CARTESIAN_POINT('',(2.336200051886,6.023371410614));
#1334 = CARTESIAN_POINT('',(2.403813858958,6.068633979259));
#1335 = CARTESIAN_POINT('',(2.473095821323,6.113083547438));
#1336 = CARTESIAN_POINT('',(2.572278035499,6.171667788487));
#1337 = CARTESIAN_POINT('',(2.600440788623,6.187765542817));
#1338 = CARTESIAN_POINT('',(2.628933100456,6.203417452383));
#1339 = CARTESIAN_POINT('',(2.657767922828,6.218523704428));
#1340 = CARTESIAN_POINT('',(2.68695951312,6.232981081136));
#1341 = CARTESIAN_POINT('',(2.78281992205,6.277409141592));
#1342 = CARTESIAN_POINT('',(2.851545793281,6.304594893194));
#1343 = CARTESIAN_POINT('',(2.922009455659,6.326490020945));
#1344 = CARTESIAN_POINT('',(2.993732187817,6.341683866625));
#1345 = CARTESIAN_POINT('',(3.066326970118,6.349352743301));
#1346 = CARTESIAN_POINT('',(3.139429974893,6.349289649246));
#1347 = ( GEOMETRIC_REPRESENTATION_CONTEXT(2) 
PARAMETRIC_REPRESENTATION_CONTEXT() REPRESENTATION_CONTEXT('2D SPACE',''
  ) );
#1348 = ORIENTED_EDGE('',*,*,#294,.T.);
#1349 = FACE_BOUND('',#1350,.T.);
#1350 = EDGE_LOOP('',(#1351,#1385,#1417,#1449));
#1351 = ORIENTED_EDGE('',*,*,#1352,.T.);
#1352 = EDGE_CURVE('',#1353,#1355,#1357,.T.);
#1353 = VERTEX_POINT('',#1354);
#1354 = CARTESIAN_POINT('',(4.500749941712,2.449490280126,2.533824314575
    ));
#1355 = VERTEX_POINT('',#1356);
#1356 = CARTESIAN_POINT('',(17.160822730747,2.449490275938,
    2.548256305103));
#1357 = SURFACE_CURVE('',#1358,(#1363,#1373),.PCURVE_S1.);
#1358 = ELLIPSE('',#1359,9.370074956539E+03,3.500003621585);
#1359 = AXIS2_PLACEMENT_3D('',#1360,#1361,#1362);
#1360 = CARTESIAN_POINT('',(6.54244156039E+03,2.449489533956,
    5.105376284366));
#1361 = DIRECTION('',(-2.584939414228E-26,1.,2.901630352074E-07));
#1362 = DIRECTION('',(-0.999999698281,2.254024913662E-10,
    -7.768132532977E-04));
#1363 = PCURVE('',#278,#1364);
#1364 = DEFINITIONAL_REPRESENTATION('',(#1365),#1372);
#1365 = B_SPLINE_CURVE_WITH_KNOTS('',5,(#1366,#1367,#1368,#1369,#1370,
    #1371),.UNSPECIFIED.,.F.,.F.,(6,6),(0.798360170837,0.800621600378),
  .PIECEWISE_BEZIER_KNOTS.);
#1366 = CARTESIAN_POINT('',(3.914028519384,22.397301292746));
#1367 = CARTESIAN_POINT('',(3.913576233476,19.362026068397));
#1368 = CARTESIAN_POINT('',(3.913123947568,16.325078747966));
#1369 = CARTESIAN_POINT('',(3.91267166166,13.286460625013));
#1370 = CARTESIAN_POINT('',(3.912219375752,10.246172994492));
#1371 = CARTESIAN_POINT('',(3.911767089844,7.204217152816));
#1372 = ( GEOMETRIC_REPRESENTATION_CONTEXT(2) 
PARAMETRIC_REPRESENTATION_CONTEXT() REPRESENTATION_CONTEXT('2D SPACE',''
  ) );
#1373 = PCURVE('',#1374,#1379);
#1374 = PLANE('',#1375);
#1375 = AXIS2_PLACEMENT_3D('',#1376,#1377,#1378);
#1376 = CARTESIAN_POINT('',(17.160045288499,2.44948998554,3.549065714964
    ));
#1377 = DIRECTION('',(0.,1.,2.901630352074E-07));
#1378 = DIRECTION('',(-1.,0.,0.));
#1379 = DEFINITIONAL_REPRESENTATION('',(#1380),#1384);
#1380 = ELLIPSE('',#1381,9.370074956539E+03,3.500003621585);
#1381 = AXIS2_PLACEMENT_2D('',#1382,#1383);
#1382 = CARTESIAN_POINT('',(-6.525281515102E+03,1.556310569402));
#1383 = DIRECTION('',(0.999999698281,-7.768132532977E-04));
#1384 = ( GEOMETRIC_REPRESENTATION_CONTEXT(2) 
PARAMETRIC_REPRESENTATION_CONTEXT() REPRESENTATION_CONTEXT('2D SPACE',''
  ) );
#1385 = ORIENTED_EDGE('',*,*,#1386,.T.);
#1386 = EDGE_CURVE('',#1355,#1387,#1389,.T.);
#1387 = VERTEX_POINT('',#1388);
#1388 = CARTESIAN_POINT('',(17.160841154411,-2.44948971718,
    2.524539332851));
#1389 = SURFACE_CURVE('',#1390,(#1395,#1405),.PCURVE_S1.);
#1390 = ELLIPSE('',#1391,3.500003865753,3.500003621585);
#1391 = AXIS2_PLACEMENT_3D('',#1392,#1393,#1394);
#1392 = CARTESIAN_POINT('',(17.162773934983,1.210304635352E-02,
    3.645100495245E-02));
#1393 = DIRECTION('',(0.999999698281,0.,7.768132532978E-04));
#1394 = DIRECTION('',(2.254024235096E-10,-1.,-2.90162860307E-07));
#1395 = PCURVE('',#278,#1396);
#1396 = DEFINITIONAL_REPRESENTATION('',(#1397),#1404);
#1397 = B_SPLINE_CURVE_WITH_KNOTS('',5,(#1398,#1399,#1400,#1401,#1402,
    #1403),.UNSPECIFIED.,.F.,.F.,(6,6),(3.882152148355,5.542625232089),
  .PIECEWISE_BEZIER_KNOTS.);
#1398 = CARTESIAN_POINT('',(3.971829195457,8.470288485684));
#1399 = CARTESIAN_POINT('',(3.63973457871,8.470581417716));
#1400 = CARTESIAN_POINT('',(3.307639961963,8.471007300635));
#1401 = CARTESIAN_POINT('',(2.975545345216,8.471499565019));
#1402 = CARTESIAN_POINT('',(2.643450728469,8.471925448054));
#1403 = CARTESIAN_POINT('',(2.311356111723,8.472218380272));
#1404 = ( GEOMETRIC_REPRESENTATION_CONTEXT(2) 
PARAMETRIC_REPRESENTATION_CONTEXT() REPRESENTATION_CONTEXT('2D SPACE',''
  ) );
#1405 = PCURVE('',#1406,#1411);
#1406 = PLANE('',#1407);
#1407 = AXIS2_PLACEMENT_3D('',#1408,#1409,#1410);
#1408 = CARTESIAN_POINT('',(17.160045288499,-2.44949001446,
    3.549065714964));
#1409 = DIRECTION('',(0.999999698281,-0.,7.768132532978E-04));
#1410 = DIRECTION('',(0.,1.,0.));
#1411 = DEFINITIONAL_REPRESENTATION('',(#1412),#1416);
#1412 = ELLIPSE('',#1413,3.500003865753,3.500003621585);
#1413 = AXIS2_PLACEMENT_2D('',#1414,#1415);
#1414 = CARTESIAN_POINT('',(2.461593060813,-3.512615769836));
#1415 = DIRECTION('',(-1.,-2.901629478548E-07));
#1416 = ( GEOMETRIC_REPRESENTATION_CONTEXT(2) 
PARAMETRIC_REPRESENTATION_CONTEXT() REPRESENTATION_CONTEXT('2D SPACE',''
  ) );
#1417 = ORIENTED_EDGE('',*,*,#1418,.T.);
#1418 = EDGE_CURVE('',#1387,#1419,#1421,.T.);
#1419 = VERTEX_POINT('',#1420);
#1420 = CARTESIAN_POINT('',(4.500761166528,-2.449489715682,
    2.519374493926));
#1421 = SURFACE_CURVE('',#1422,(#1427,#1437),.PCURVE_S1.);
#1422 = ELLIPSE('',#1423,9.370074956539E+03,3.500003621585);
#1423 = AXIS2_PLACEMENT_3D('',#1424,#1425,#1426);
#1424 = CARTESIAN_POINT('',(-6.572914228117E+03,-2.449487509809,
    -5.082810409338));
#1425 = DIRECTION('',(2.584939414228E-26,-1.,-2.901630352074E-07));
#1426 = DIRECTION('',(-0.999999698281,2.254024913662E-10,
    -7.768132532977E-04));
#1427 = PCURVE('',#278,#1428);
#1428 = DEFINITIONAL_REPRESENTATION('',(#1429),#1436);
#1429 = B_SPLINE_CURVE_WITH_KNOTS('',5,(#1430,#1431,#1432,#1433,#1434,
    #1435),.UNSPECIFIED.,.F.,.F.,(6,6),(3.932154130948,3.934432886337),
  .PIECEWISE_BEZIER_KNOTS.);
#1430 = CARTESIAN_POINT('',(2.36135751399,7.206066211093));
#1431 = CARTESIAN_POINT('',(2.361813265068,10.241261234798));
#1432 = CARTESIAN_POINT('',(2.362269016146,13.278167610876));
#1433 = CARTESIAN_POINT('',(2.362724767223,16.316784025916));
#1434 = CARTESIAN_POINT('',(2.363180518301,19.357109165029));
#1435 = CARTESIAN_POINT('',(2.363636269379,22.39914171184));
#1436 = ( GEOMETRIC_REPRESENTATION_CONTEXT(2) 
PARAMETRIC_REPRESENTATION_CONTEXT() REPRESENTATION_CONTEXT('2D SPACE',''
  ) );
#1437 = PCURVE('',#1438,#1443);
#1438 = PLANE('',#1439);
#1439 = AXIS2_PLACEMENT_3D('',#1440,#1441,#1442);
#1440 = CARTESIAN_POINT('',(4.499961288499,-2.44949001446,3.549065714964
    ));
#1441 = DIRECTION('',(0.,-1.,-2.901630352074E-07));
#1442 = DIRECTION('',(1.,0.,0.));
#1443 = DEFINITIONAL_REPRESENTATION('',(#1444),#1448);
#1444 = ELLIPSE('',#1445,9.370074956539E+03,3.500003621585);
#1445 = AXIS2_PLACEMENT_2D('',#1446,#1447);
#1446 = CARTESIAN_POINT('',(-6.577414189405E+03,-8.631876124302));
#1447 = DIRECTION('',(-0.999999698281,-7.768132532977E-04));
#1448 = ( GEOMETRIC_REPRESENTATION_CONTEXT(2) 
PARAMETRIC_REPRESENTATION_CONTEXT() REPRESENTATION_CONTEXT('2D SPACE',''
  ) );
#1449 = ORIENTED_EDGE('',*,*,#1450,.T.);
#1450 = EDGE_CURVE('',#1419,#1353,#1451,.T.);
#1451 = SURFACE_CURVE('',#1452,(#1457,#1467),.PCURVE_S1.);
#1452 = ELLIPSE('',#1453,3.500003865753,3.500003621585);
#1453 = AXIS2_PLACEMENT_3D('',#1454,#1455,#1456);
#1454 = CARTESIAN_POINT('',(4.50269757457,7.374129771908E-03,
    2.66164855085E-02));
#1455 = DIRECTION('',(-0.999999698281,0.,-7.768132532978E-04));
#1456 = DIRECTION('',(2.254024235096E-10,-1.,-2.90162860307E-07));
#1457 = PCURVE('',#278,#1458);
#1458 = DEFINITIONAL_REPRESENTATION('',(#1459),#1466);
#1459 = B_SPLINE_CURVE_WITH_KNOTS('',5,(#1460,#1461,#1462,#1463,#1464,
    #1465),.UNSPECIFIED.,.F.,.F.,(6,6),(0.744373661415,2.3972195725),
  .PIECEWISE_BEZIER_KNOTS.);
#1460 = CARTESIAN_POINT('',(2.315169698047,21.132296072798));
#1461 = CARTESIAN_POINT('',(2.645738880264,21.132003271785));
#1462 = CARTESIAN_POINT('',(2.976308062481,21.131579197303));
#1463 = CARTESIAN_POINT('',(3.306877244698,21.131089795155));
#1464 = CARTESIAN_POINT('',(3.637446426915,21.130665720787));
#1465 = CARTESIAN_POINT('',(3.968015609132,21.13037291996));
#1466 = ( GEOMETRIC_REPRESENTATION_CONTEXT(2) 
PARAMETRIC_REPRESENTATION_CONTEXT() REPRESENTATION_CONTEXT('2D SPACE',''
  ) );
#1467 = PCURVE('',#1468,#1473);
#1468 = PLANE('',#1469);
#1469 = AXIS2_PLACEMENT_3D('',#1470,#1471,#1472);
#1470 = CARTESIAN_POINT('',(4.499961288499,2.44948998554,3.549065714964)
  );
#1471 = DIRECTION('',(-0.999999698281,-0.,-7.768132532978E-04));
#1472 = DIRECTION('',(0.,-1.,0.));
#1473 = DEFINITIONAL_REPRESENTATION('',(#1474),#1478);
#1474 = ELLIPSE('',#1475,3.500003865753,3.500003621585);
#1475 = AXIS2_PLACEMENT_2D('',#1476,#1477);
#1476 = CARTESIAN_POINT('',(2.442115855768,-3.522450292247));
#1477 = DIRECTION('',(1.,-2.901629478548E-07));
#1478 = ( GEOMETRIC_REPRESENTATION_CONTEXT(2) 
PARAMETRIC_REPRESENTATION_CONTEXT() REPRESENTATION_CONTEXT('2D SPACE',''
  ) );
#1479 = FACE_BOUND('',#1480,.T.);
#1480 = EDGE_LOOP('',(#1481,#1515,#1547,#1579));
#1481 = ORIENTED_EDGE('',*,*,#1482,.T.);
#1482 = EDGE_CURVE('',#1483,#1485,#1487,.T.);
#1483 = VERTEX_POINT('',#1484);
#1484 = CARTESIAN_POINT('',(-4.499235972918,-2.449489714613,
    2.515692070778));
#1485 = VERTEX_POINT('',#1486);
#1486 = CARTESIAN_POINT('',(-17.15931593734,-2.449489713106,
    2.510497033552));
#1487 = SURFACE_CURVE('',#1488,(#1493,#1503),.PCURVE_S1.);
#1488 = ELLIPSE('',#1489,9.370074956539E+03,3.500003621585);
#1489 = AXIS2_PLACEMENT_3D('',#1490,#1491,#1492);
#1490 = CARTESIAN_POINT('',(-6.572914228117E+03,-2.449487509809,
    -5.082810409338));
#1491 = DIRECTION('',(2.584939414228E-26,-1.,-2.901630352074E-07));
#1492 = DIRECTION('',(-0.999999698281,2.254024913662E-10,
    -7.768132532977E-04));
#1493 = PCURVE('',#278,#1494);
#1494 = DEFINITIONAL_REPRESENTATION('',(#1495),#1502);
#1495 = B_SPLINE_CURVE_WITH_KNOTS('',5,(#1496,#1497,#1498,#1499,#1500,
    #1501),.UNSPECIFIED.,.F.,.F.,(6,6),(3.93540129828,3.937672790258),
  .PIECEWISE_BEZIER_KNOTS.);
#1496 = CARTESIAN_POINT('',(2.364604681322,28.866149035089));
#1497 = CARTESIAN_POINT('',(2.365058979718,31.901377008212));
#1498 = CARTESIAN_POINT('',(2.365513278114,34.938299853462));
#1499 = CARTESIAN_POINT('',(2.365967576509,37.976916265759));
#1500 = CARTESIAN_POINT('',(2.366421874905,41.017224938596));
#1501 = CARTESIAN_POINT('',(2.3668761733,44.059224563986));
#1502 = ( GEOMETRIC_REPRESENTATION_CONTEXT(2) 
PARAMETRIC_REPRESENTATION_CONTEXT() REPRESENTATION_CONTEXT('2D SPACE',''
  ) );
#1503 = PCURVE('',#1504,#1509);
#1504 = PLANE('',#1505);
#1505 = AXIS2_PLACEMENT_3D('',#1506,#1507,#1508);
#1506 = CARTESIAN_POINT('',(-17.1601227115,-2.44949001446,3.549065714964
    ));
#1507 = DIRECTION('',(0.,-1.,-2.901630352074E-07));
#1508 = DIRECTION('',(1.,0.,0.));
#1509 = DEFINITIONAL_REPRESENTATION('',(#1510),#1514);
#1510 = ELLIPSE('',#1511,9.370074956539E+03,3.500003621585);
#1511 = AXIS2_PLACEMENT_2D('',#1512,#1513);
#1512 = CARTESIAN_POINT('',(-6.555754105405E+03,-8.631876124302));
#1513 = DIRECTION('',(-0.999999698281,-7.768132532977E-04));
#1514 = ( GEOMETRIC_REPRESENTATION_CONTEXT(2) 
PARAMETRIC_REPRESENTATION_CONTEXT() REPRESENTATION_CONTEXT('2D SPACE',''
  ) );
#1515 = ORIENTED_EDGE('',*,*,#1516,.T.);
#1516 = EDGE_CURVE('',#1485,#1517,#1519,.T.);
#1517 = VERTEX_POINT('',#1518);
#1518 = CARTESIAN_POINT('',(-17.15931484614,2.449490287302,
    2.509092321674));
#1519 = SURFACE_CURVE('',#1520,(#1525,#1535),.PCURVE_S1.);
#1520 = ELLIPSE('',#1521,3.500003865753,3.500003621585);
#1521 = AXIS2_PLACEMENT_3D('',#1522,#1523,#1524);
#1522 = CARTESIAN_POINT('',(-17.15737335489,-7.165535431986E-04,
    9.79064791882E-03));
#1523 = DIRECTION('',(-0.999999698281,0.,-7.768132532978E-04));
#1524 = DIRECTION('',(2.254024235096E-10,-1.,-2.90162860307E-07));
#1525 = PCURVE('',#278,#1526);
#1526 = DEFINITIONAL_REPRESENTATION('',(#1527),#1534);
#1527 = B_SPLINE_CURVE_WITH_KNOTS('',5,(#1528,#1529,#1530,#1531,#1532,
    #1533),.UNSPECIFIED.,.F.,.F.,(6,6),(0.750929596662,2.390663637254),
  .PIECEWISE_BEZIER_KNOTS.);
#1528 = CARTESIAN_POINT('',(2.321725633294,42.792369221057));
#1529 = CARTESIAN_POINT('',(2.649672441412,42.792076681678));
#1530 = CARTESIAN_POINT('',(2.977619249531,42.791655723988));
#1531 = CARTESIAN_POINT('',(3.305566057649,42.791171220049));
#1532 = CARTESIAN_POINT('',(3.633512865767,42.790750262472));
#1533 = CARTESIAN_POINT('',(3.961459673886,42.790457723275));
#1534 = ( GEOMETRIC_REPRESENTATION_CONTEXT(2) 
PARAMETRIC_REPRESENTATION_CONTEXT() REPRESENTATION_CONTEXT('2D SPACE',''
  ) );
#1535 = PCURVE('',#1536,#1541);
#1536 = PLANE('',#1537);
#1537 = AXIS2_PLACEMENT_3D('',#1538,#1539,#1540);
#1538 = CARTESIAN_POINT('',(-17.1601227115,2.44948998554,3.549065714964)
  );
#1539 = DIRECTION('',(-0.999999698281,-0.,-7.768132532978E-04));
#1540 = DIRECTION('',(0.,-1.,0.));
#1541 = DEFINITIONAL_REPRESENTATION('',(#1542),#1546);
#1542 = ELLIPSE('',#1543,3.500003865753,3.500003621585);
#1543 = AXIS2_PLACEMENT_2D('',#1544,#1545);
#1544 = CARTESIAN_POINT('',(2.450206539083,-3.539276134914));
#1545 = DIRECTION('',(1.,-2.901629478548E-07));
#1546 = ( GEOMETRIC_REPRESENTATION_CONTEXT(2) 
PARAMETRIC_REPRESENTATION_CONTEXT() REPRESENTATION_CONTEXT('2D SPACE',''
  ) );
#1547 = ORIENTED_EDGE('',*,*,#1548,.T.);
#1548 = EDGE_CURVE('',#1517,#1549,#1551,.T.);
#1549 = VERTEX_POINT('',#1550);
#1550 = CARTESIAN_POINT('',(-4.499242080256,2.449490283106,
    2.523554108971));
#1551 = SURFACE_CURVE('',#1552,(#1557,#1567),.PCURVE_S1.);
#1552 = ELLIPSE('',#1553,9.370074956539E+03,3.500003621585);
#1553 = AXIS2_PLACEMENT_3D('',#1554,#1555,#1556);
#1554 = CARTESIAN_POINT('',(6.54244156039E+03,2.449489533956,
    5.105376284366));
#1555 = DIRECTION('',(-2.584939414228E-26,1.,2.901630352074E-07));
#1556 = DIRECTION('',(-0.999999698281,2.254024913662E-10,
    -7.768132532977E-04));
#1557 = PCURVE('',#278,#1558);
#1558 = DEFINITIONAL_REPRESENTATION('',(#1559),#1566);
#1559 = B_SPLINE_CURVE_WITH_KNOTS('',5,(#1560,#1561,#1562,#1563,#1564,
    #1565),.UNSPECIFIED.,.F.,.F.,(6,6),(0.795127506332,0.797396069493),
  .PIECEWISE_BEZIER_KNOTS.);
#1560 = CARTESIAN_POINT('',(3.917261183889,44.057396460899));
#1561 = CARTESIAN_POINT('',(3.916807471257,41.022153493368));
#1562 = CARTESIAN_POINT('',(3.916353758625,37.985222290393));
#1563 = CARTESIAN_POINT('',(3.915900045993,34.946604153705));
#1564 = CARTESIAN_POINT('',(3.915446333361,31.906300386431));
#1565 = CARTESIAN_POINT('',(3.914992620729,28.864312293193));
#1566 = ( GEOMETRIC_REPRESENTATION_CONTEXT(2) 
PARAMETRIC_REPRESENTATION_CONTEXT() REPRESENTATION_CONTEXT('2D SPACE',''
  ) );
#1567 = PCURVE('',#1568,#1573);
#1568 = PLANE('',#1569);
#1569 = AXIS2_PLACEMENT_3D('',#1570,#1571,#1572);
#1570 = CARTESIAN_POINT('',(-4.500038711503,2.44948998554,3.549065714964
    ));
#1571 = DIRECTION('',(0.,1.,2.901630352074E-07));
#1572 = DIRECTION('',(-1.,0.,0.));
#1573 = DEFINITIONAL_REPRESENTATION('',(#1574),#1578);
#1574 = ELLIPSE('',#1575,9.370074956539E+03,3.500003621585);
#1575 = AXIS2_PLACEMENT_2D('',#1576,#1577);
#1576 = CARTESIAN_POINT('',(-6.546941599102E+03,1.556310569402));
#1577 = DIRECTION('',(0.999999698281,-7.768132532977E-04));
#1578 = ( GEOMETRIC_REPRESENTATION_CONTEXT(2) 
PARAMETRIC_REPRESENTATION_CONTEXT() REPRESENTATION_CONTEXT('2D SPACE',''
  ) );
#1579 = ORIENTED_EDGE('',*,*,#1580,.T.);
#1580 = EDGE_CURVE('',#1549,#1483,#1581,.T.);
#1581 = SURFACE_CURVE('',#1582,(#1587,#1597),.PCURVE_S1.);
#1582 = ELLIPSE('',#1583,3.500003865753,3.500003621585);
#1583 = AXIS2_PLACEMENT_3D('',#1584,#1585,#1586);
#1584 = CARTESIAN_POINT('',(-4.497296994482,4.01236303841E-03,
    1.962516736277E-02));
#1585 = DIRECTION('',(0.999999698281,0.,7.768132532978E-04));
#1586 = DIRECTION('',(2.254024235096E-10,-1.,-2.90162860307E-07));
#1587 = PCURVE('',#278,#1588);
#1588 = DEFINITIONAL_REPRESENTATION('',(#1589),#1596);
#1589 = B_SPLINE_CURVE_WITH_KNOTS('',5,(#1590,#1591,#1592,#1593,#1594,
    #1595),.UNSPECIFIED.,.F.,.F.,(6,6),(3.888684961117,5.536092419326),
  .PIECEWISE_BEZIER_KNOTS.);
#1590 = CARTESIAN_POINT('',(3.965296382695,30.130373244447));
#1591 = CARTESIAN_POINT('',(3.635814891053,30.130665942285));
#1592 = CARTESIAN_POINT('',(3.306333399411,30.131088725066));
#1593 = CARTESIAN_POINT('',(2.976851907769,30.131576092167));
#1594 = CARTESIAN_POINT('',(2.647370416127,30.131998875061));
#1595 = CARTESIAN_POINT('',(2.317888924485,30.132291573083));
#1596 = ( GEOMETRIC_REPRESENTATION_CONTEXT(2) 
PARAMETRIC_REPRESENTATION_CONTEXT() REPRESENTATION_CONTEXT('2D SPACE',''
  ) );
#1597 = PCURVE('',#1598,#1603);
#1598 = PLANE('',#1599);
#1599 = AXIS2_PLACEMENT_3D('',#1600,#1601,#1602);
#1600 = CARTESIAN_POINT('',(-4.500038711503,-2.44949001446,
    3.549065714964));
#1601 = DIRECTION('',(0.999999698281,-0.,7.768132532978E-04));
#1602 = DIRECTION('',(0.,1.,0.));
#1603 = DEFINITIONAL_REPRESENTATION('',(#1604),#1608);
#1604 = ELLIPSE('',#1605,3.500003865753,3.500003621585);
#1605 = AXIS2_PLACEMENT_2D('',#1606,#1607);
#1606 = CARTESIAN_POINT('',(2.453502377498,-3.529441612503));
#1607 = DIRECTION('',(-1.,-2.901629478548E-07));
#1608 = ( GEOMETRIC_REPRESENTATION_CONTEXT(2) 
PARAMETRIC_REPRESENTATION_CONTEXT() REPRESENTATION_CONTEXT('2D SPACE',''
  ) );
#1609 = ADVANCED_FACE('',(#1610),#385,.F.);
#1610 = FACE_BOUND('',#1611,.F.);
#1611 = EDGE_LOOP('',(#1612,#1635,#1636,#1637,#1638,#1639));
#1612 = ORIENTED_EDGE('',*,*,#1613,.T.);
#1613 = EDGE_CURVE('',#1614,#318,#1616,.T.);
#1614 = VERTEX_POINT('',#1615);
#1615 = CARTESIAN_POINT('',(-11.55898694447,-4.048699525701E-03,
    2.502557700716));
#1616 = SEAM_CURVE('',#1617,(#1621,#1628),.PCURVE_S1.);
#1617 = LINE('',#1618,#1619);
#1618 = CARTESIAN_POINT('',(-11.55926721402,-4.200322276285E-03,
    2.863424437987));
#1619 = VECTOR('',#1620,1.);
#1620 = DIRECTION('',(7.766563499464E-04,4.201625581176E-04,
    -0.999999610134));
#1621 = PCURVE('',#385,#1622);
#1622 = DEFINITIONAL_REPRESENTATION('',(#1623),#1627);
#1623 = LINE('',#1624,#1625);
#1624 = CARTESIAN_POINT('',(6.28318530718,-0.));
#1625 = VECTOR('',#1626,1.);
#1626 = DIRECTION('',(0.,1.));
#1627 = ( GEOMETRIC_REPRESENTATION_CONTEXT(2) 
PARAMETRIC_REPRESENTATION_CONTEXT() REPRESENTATION_CONTEXT('2D SPACE',''
  ) );
#1628 = PCURVE('',#385,#1629);
#1629 = DEFINITIONAL_REPRESENTATION('',(#1630),#1634);
#1630 = LINE('',#1631,#1632);
#1631 = CARTESIAN_POINT('',(0.,-0.));
#1632 = VECTOR('',#1633,1.);
#1633 = DIRECTION('',(0.,1.));
#1634 = ( GEOMETRIC_REPRESENTATION_CONTEXT(2) 
PARAMETRIC_REPRESENTATION_CONTEXT() REPRESENTATION_CONTEXT('2D SPACE',''
  ) );
#1635 = ORIENTED_EDGE('',*,*,#423,.F.);
#1636 = ORIENTED_EDGE('',*,*,#1181,.F.);
#1637 = ORIENTED_EDGE('',*,*,#317,.F.);
#1638 = ORIENTED_EDGE('',*,*,#1613,.F.);
#1639 = ORIENTED_EDGE('',*,*,#1640,.F.);
#1640 = EDGE_CURVE('',#1614,#1614,#1641,.T.);
#1641 = SURFACE_CURVE('',#1642,(#1647,#1665),.PCURVE_S1.);
#1642 = ELLIPSE('',#1643,2.0541713143,2.054170513448);
#1643 = AXIS2_PLACEMENT_3D('',#1644,#1645,#1646);
#1644 = CARTESIAN_POINT('',(-9.504815811494,-4.048029204517E-03,
    2.502557700716));
#1645 = DIRECTION('',(0.,0.,1.));
#1646 = DIRECTION('',(0.879541453235,0.475822269383,-0.));
#1647 = PCURVE('',#385,#1648);
#1648 = DEFINITIONAL_REPRESENTATION('',(#1649),#1664);
#1649 = B_SPLINE_CURVE_WITH_KNOTS('',7,(#1650,#1651,#1652,#1653,#1654,
    #1655,#1656,#1657,#1658,#1659,#1660,#1661,#1662,#1663),
  .UNSPECIFIED.,.F.,.F.,(8,6,8),(2.645694137022,5.787286790611,
    8.928879444201),.UNSPECIFIED.);
#1650 = CARTESIAN_POINT('',(6.28318530718,0.36086687796));
#1651 = CARTESIAN_POINT('',(5.834386356667,0.360479526042));
#1652 = CARTESIAN_POINT('',(5.385587406154,0.360467419788));
#1653 = CARTESIAN_POINT('',(4.936788455641,0.3609550265));
#1654 = CARTESIAN_POINT('',(4.487989505127,0.361897390485));
#1655 = CARTESIAN_POINT('',(4.039190554615,0.362908263241));
#1656 = CARTESIAN_POINT('',(3.590391604103,0.363670296714));
#1657 = CARTESIAN_POINT('',(2.692793703077,0.36444500055));
#1658 = CARTESIAN_POINT('',(2.243994752565,0.364457106804));
#1659 = CARTESIAN_POINT('',(1.79519580205,0.363969500092));
#1660 = CARTESIAN_POINT('',(1.34639685154,0.363027136107));
#1661 = CARTESIAN_POINT('',(0.897597901026,0.362016263351));
#1662 = CARTESIAN_POINT('',(0.448798950513,0.361254229878));
#1663 = CARTESIAN_POINT('',(0.,0.36086687796));
#1664 = ( GEOMETRIC_REPRESENTATION_CONTEXT(2) 
PARAMETRIC_REPRESENTATION_CONTEXT() REPRESENTATION_CONTEXT('2D SPACE',''
  ) );
#1665 = PCURVE('',#1666,#1671);
#1666 = PLANE('',#1667);
#1667 = AXIS2_PLACEMENT_3D('',#1668,#1669,#1670);
#1668 = CARTESIAN_POINT('',(-10.82926776996,2.891980398946E-07,
    2.502557700716));
#1669 = DIRECTION('',(0.,0.,1.));
#1670 = DIRECTION('',(1.,0.,-0.));
#1671 = DEFINITIONAL_REPRESENTATION('',(#1672),#1676);
#1672 = ELLIPSE('',#1673,2.0541713143,2.054170513448);
#1673 = AXIS2_PLACEMENT_2D('',#1674,#1675);
#1674 = CARTESIAN_POINT('',(1.324451958468,-4.048318402557E-03));
#1675 = DIRECTION('',(0.879541453235,0.475822269383));
#1676 = ( GEOMETRIC_REPRESENTATION_CONTEXT(2) 
PARAMETRIC_REPRESENTATION_CONTEXT() REPRESENTATION_CONTEXT('2D SPACE',''
  ) );
#1677 = ADVANCED_FACE('',(#1678),#690,.F.);
#1678 = FACE_BOUND('',#1679,.F.);
#1679 = EDGE_LOOP('',(#1680,#1703,#1704,#1705,#1706,#1707));
#1680 = ORIENTED_EDGE('',*,*,#1681,.T.);
#1681 = EDGE_CURVE('',#1682,#617,#1684,.T.);
#1682 = VERTEX_POINT('',#1683);
#1683 = CARTESIAN_POINT('',(9.503935415601,-2.056602073459,
    2.502557700716));
#1684 = SEAM_CURVE('',#1685,(#1689,#1696),.PCURVE_S1.);
#1685 = LINE('',#1686,#1687);
#1686 = CARTESIAN_POINT('',(9.503654497168,-2.056960782629,
    2.864359326646));
#1687 = VECTOR('',#1688,1.);
#1688 = DIRECTION('',(7.764426432434E-04,9.91451834702E-04,
    -0.99999920708));
#1689 = PCURVE('',#690,#1690);
#1690 = DEFINITIONAL_REPRESENTATION('',(#1691),#1695);
#1691 = LINE('',#1692,#1693);
#1692 = CARTESIAN_POINT('',(6.28318530718,-0.));
#1693 = VECTOR('',#1694,1.);
#1694 = DIRECTION('',(0.,1.));
#1695 = ( GEOMETRIC_REPRESENTATION_CONTEXT(2) 
PARAMETRIC_REPRESENTATION_CONTEXT() REPRESENTATION_CONTEXT('2D SPACE',''
  ) );
#1696 = PCURVE('',#690,#1697);
#1697 = DEFINITIONAL_REPRESENTATION('',(#1698),#1702);
#1698 = LINE('',#1699,#1700);
#1699 = CARTESIAN_POINT('',(0.,-0.));
#1700 = VECTOR('',#1701,1.);
#1701 = DIRECTION('',(0.,1.));
#1702 = ( GEOMETRIC_REPRESENTATION_CONTEXT(2) 
PARAMETRIC_REPRESENTATION_CONTEXT() REPRESENTATION_CONTEXT('2D SPACE',''
  ) );
#1703 = ORIENTED_EDGE('',*,*,#731,.F.);
#1704 = ORIENTED_EDGE('',*,*,#1012,.F.);
#1705 = ORIENTED_EDGE('',*,*,#616,.F.);
#1706 = ORIENTED_EDGE('',*,*,#1681,.F.);
#1707 = ORIENTED_EDGE('',*,*,#1708,.F.);
#1708 = EDGE_CURVE('',#1682,#1682,#1709,.T.);
#1709 = SURFACE_CURVE('',#1710,(#1715,#1733),.PCURVE_S1.);
#1710 = ELLIPSE('',#1711,2.050349337821,2.050347712058);
#1711 = AXIS2_PLACEMENT_3D('',#1712,#1713,#1714);
#1712 = CARTESIAN_POINT('',(9.503936993972,-6.253353677945E-03,
    2.502557700716));
#1713 = DIRECTION('',(0.,0.,1.));
#1714 = DIRECTION('',(0.61656619063,0.787303075424,-0.));
#1715 = PCURVE('',#690,#1716);
#1716 = DEFINITIONAL_REPRESENTATION('',(#1717),#1732);
#1717 = B_SPLINE_CURVE_WITH_KNOTS('',7,(#1718,#1719,#1720,#1721,#1722,
    #1723,#1724,#1725,#1726,#1727,#1728,#1729,#1730,#1731),
  .UNSPECIFIED.,.F.,.F.,(8,6,8),(3.80596600028,6.94755865387,
    10.08915130746),.UNSPECIFIED.);
#1718 = CARTESIAN_POINT('',(6.28318530718,0.36180191281));
#1719 = CARTESIAN_POINT('',(5.834386356667,0.36251639081));
#1720 = CARTESIAN_POINT('',(5.385587406154,0.363708123246));
#1721 = CARTESIAN_POINT('',(4.93678845564,0.365145383739));
#1722 = CARTESIAN_POINT('',(4.487989505129,0.366346134024));
#1723 = CARTESIAN_POINT('',(4.039190554615,0.366818220318));
#1724 = CARTESIAN_POINT('',(3.590391604103,0.366582037261));
#1725 = CARTESIAN_POINT('',(2.692793703077,0.36515308126));
#1726 = CARTESIAN_POINT('',(2.243994752563,0.363961348824));
#1727 = CARTESIAN_POINT('',(1.795195802053,0.362524088331));
#1728 = CARTESIAN_POINT('',(1.346396851538,0.361323338047));
#1729 = CARTESIAN_POINT('',(0.897597901026,0.360851251753));
#1730 = CARTESIAN_POINT('',(0.448798950513,0.361087434809));
#1731 = CARTESIAN_POINT('',(1.7763568394E-14,0.36180191281));
#1732 = ( GEOMETRIC_REPRESENTATION_CONTEXT(2) 
PARAMETRIC_REPRESENTATION_CONTEXT() REPRESENTATION_CONTEXT('2D SPACE',''
  ) );
#1733 = PCURVE('',#1734,#1739);
#1734 = PLANE('',#1735);
#1735 = AXIS2_PLACEMENT_3D('',#1736,#1737,#1738);
#1736 = CARTESIAN_POINT('',(10.83081623004,2.891980396923E-07,
    2.502557700716));
#1737 = DIRECTION('',(0.,0.,1.));
#1738 = DIRECTION('',(1.,0.,-0.));
#1739 = DEFINITIONAL_REPRESENTATION('',(#1740),#1744);
#1740 = ELLIPSE('',#1741,2.050349337821,2.050347712058);
#1741 = AXIS2_PLACEMENT_2D('',#1742,#1743);
#1742 = CARTESIAN_POINT('',(-1.326879236068,-6.253642875985E-03));
#1743 = DIRECTION('',(0.61656619063,0.787303075424));
#1744 = ( GEOMETRIC_REPRESENTATION_CONTEXT(2) 
PARAMETRIC_REPRESENTATION_CONTEXT() REPRESENTATION_CONTEXT('2D SPACE',''
  ) );
#1745 = ADVANCED_FACE('',(#1746),#1374,.F.);
#1746 = FACE_BOUND('',#1747,.F.);
#1747 = EDGE_LOOP('',(#1748,#1749,#1772,#1795));
#1748 = ORIENTED_EDGE('',*,*,#1352,.T.);
#1749 = ORIENTED_EDGE('',*,*,#1750,.T.);
#1750 = EDGE_CURVE('',#1355,#1751,#1753,.T.);
#1751 = VERTEX_POINT('',#1752);
#1752 = CARTESIAN_POINT('',(17.16085823004,2.449490289198,2.502557700716
    ));
#1753 = SURFACE_CURVE('',#1754,(#1758,#1765),.PCURVE_S1.);
#1754 = LINE('',#1755,#1756);
#1755 = CARTESIAN_POINT('',(17.160045288499,2.44948998554,3.549065714964
    ));
#1756 = VECTOR('',#1757,1.);
#1757 = DIRECTION('',(7.768132532977E-04,2.901629476596E-07,
    -0.99999969828));
#1758 = PCURVE('',#1374,#1759);
#1759 = DEFINITIONAL_REPRESENTATION('',(#1760),#1764);
#1760 = LINE('',#1761,#1762);
#1761 = CARTESIAN_POINT('',(0.,0.));
#1762 = VECTOR('',#1763,1.);
#1763 = DIRECTION('',(-7.768132532977E-04,-0.999999698281));
#1764 = ( GEOMETRIC_REPRESENTATION_CONTEXT(2) 
PARAMETRIC_REPRESENTATION_CONTEXT() REPRESENTATION_CONTEXT('2D SPACE',''
  ) );
#1765 = PCURVE('',#1406,#1766);
#1766 = DEFINITIONAL_REPRESENTATION('',(#1767),#1771);
#1767 = LINE('',#1768,#1769);
#1768 = CARTESIAN_POINT('',(4.89898,0.));
#1769 = VECTOR('',#1770,1.);
#1770 = DIRECTION('',(2.901629476596E-07,-1.));
#1771 = ( GEOMETRIC_REPRESENTATION_CONTEXT(2) 
PARAMETRIC_REPRESENTATION_CONTEXT() REPRESENTATION_CONTEXT('2D SPACE',''
  ) );
#1772 = ORIENTED_EDGE('',*,*,#1773,.T.);
#1773 = EDGE_CURVE('',#1751,#1774,#1776,.T.);
#1774 = VERTEX_POINT('',#1775);
#1775 = CARTESIAN_POINT('',(4.50077423004,2.449490289198,2.502557700716)
  );
#1776 = SURFACE_CURVE('',#1777,(#1781,#1788),.PCURVE_S1.);
#1777 = LINE('',#1778,#1779);
#1778 = CARTESIAN_POINT('',(17.16085823004,2.449490289198,2.502557700716
    ));
#1779 = VECTOR('',#1780,1.);
#1780 = DIRECTION('',(-1.,0.,0.));
#1781 = PCURVE('',#1374,#1782);
#1782 = DEFINITIONAL_REPRESENTATION('',(#1783),#1787);
#1783 = LINE('',#1784,#1785);
#1784 = CARTESIAN_POINT('',(-8.129415404303E-04,-1.046508014248));
#1785 = VECTOR('',#1786,1.);
#1786 = DIRECTION('',(1.,0.));
#1787 = ( GEOMETRIC_REPRESENTATION_CONTEXT(2) 
PARAMETRIC_REPRESENTATION_CONTEXT() REPRESENTATION_CONTEXT('2D SPACE',''
  ) );
#1788 = PCURVE('',#1734,#1789);
#1789 = DEFINITIONAL_REPRESENTATION('',(#1790),#1794);
#1790 = LINE('',#1791,#1792);
#1791 = CARTESIAN_POINT('',(6.330042,2.44949));
#1792 = VECTOR('',#1793,1.);
#1793 = DIRECTION('',(-1.,0.));
#1794 = ( GEOMETRIC_REPRESENTATION_CONTEXT(2) 
PARAMETRIC_REPRESENTATION_CONTEXT() REPRESENTATION_CONTEXT('2D SPACE',''
  ) );
#1795 = ORIENTED_EDGE('',*,*,#1796,.F.);
#1796 = EDGE_CURVE('',#1353,#1774,#1797,.T.);
#1797 = SURFACE_CURVE('',#1798,(#1802,#1809),.PCURVE_S1.);
#1798 = LINE('',#1799,#1800);
#1799 = CARTESIAN_POINT('',(4.499961288499,2.44948998554,3.549065714964)
  );
#1800 = VECTOR('',#1801,1.);
#1801 = DIRECTION('',(7.768132532977E-04,2.901629476596E-07,
    -0.99999969828));
#1802 = PCURVE('',#1374,#1803);
#1803 = DEFINITIONAL_REPRESENTATION('',(#1804),#1808);
#1804 = LINE('',#1805,#1806);
#1805 = CARTESIAN_POINT('',(12.660084,0.));
#1806 = VECTOR('',#1807,1.);
#1807 = DIRECTION('',(-7.768132532977E-04,-0.999999698281));
#1808 = ( GEOMETRIC_REPRESENTATION_CONTEXT(2) 
PARAMETRIC_REPRESENTATION_CONTEXT() REPRESENTATION_CONTEXT('2D SPACE',''
  ) );
#1809 = PCURVE('',#1468,#1810);
#1810 = DEFINITIONAL_REPRESENTATION('',(#1811),#1815);
#1811 = LINE('',#1812,#1813);
#1812 = CARTESIAN_POINT('',(0.,0.));
#1813 = VECTOR('',#1814,1.);
#1814 = DIRECTION('',(-2.901629476596E-07,-1.));
#1815 = ( GEOMETRIC_REPRESENTATION_CONTEXT(2) 
PARAMETRIC_REPRESENTATION_CONTEXT() REPRESENTATION_CONTEXT('2D SPACE',''
  ) );
#1816 = ADVANCED_FACE('',(#1817),#1468,.F.);
#1817 = FACE_BOUND('',#1818,.F.);
#1818 = EDGE_LOOP('',(#1819,#1820,#1821,#1844));
#1819 = ORIENTED_EDGE('',*,*,#1450,.T.);
#1820 = ORIENTED_EDGE('',*,*,#1796,.T.);
#1821 = ORIENTED_EDGE('',*,*,#1822,.T.);
#1822 = EDGE_CURVE('',#1774,#1823,#1825,.T.);
#1823 = VERTEX_POINT('',#1824);
#1824 = CARTESIAN_POINT('',(4.50077423004,-2.449489710802,2.502557700716
    ));
#1825 = SURFACE_CURVE('',#1826,(#1830,#1837),.PCURVE_S1.);
#1826 = LINE('',#1827,#1828);
#1827 = CARTESIAN_POINT('',(4.50077423004,2.449490289198,2.502557700716)
  );
#1828 = VECTOR('',#1829,1.);
#1829 = DIRECTION('',(0.,-1.,0.));
#1830 = PCURVE('',#1468,#1831);
#1831 = DEFINITIONAL_REPRESENTATION('',(#1832),#1836);
#1832 = LINE('',#1833,#1834);
#1833 = CARTESIAN_POINT('',(-3.036579419025E-07,-1.04650833));
#1834 = VECTOR('',#1835,1.);
#1835 = DIRECTION('',(1.,0.));
#1836 = ( GEOMETRIC_REPRESENTATION_CONTEXT(2) 
PARAMETRIC_REPRESENTATION_CONTEXT() REPRESENTATION_CONTEXT('2D SPACE',''
  ) );
#1837 = PCURVE('',#1734,#1838);
#1838 = DEFINITIONAL_REPRESENTATION('',(#1839),#1843);
#1839 = LINE('',#1840,#1841);
#1840 = CARTESIAN_POINT('',(-6.330042,2.44949));
#1841 = VECTOR('',#1842,1.);
#1842 = DIRECTION('',(0.,-1.));
#1843 = ( GEOMETRIC_REPRESENTATION_CONTEXT(2) 
PARAMETRIC_REPRESENTATION_CONTEXT() REPRESENTATION_CONTEXT('2D SPACE',''
  ) );
#1844 = ORIENTED_EDGE('',*,*,#1845,.F.);
#1845 = EDGE_CURVE('',#1419,#1823,#1846,.T.);
#1846 = SURFACE_CURVE('',#1847,(#1851,#1858),.PCURVE_S1.);
#1847 = LINE('',#1848,#1849);
#1848 = CARTESIAN_POINT('',(4.499961288499,-2.44949001446,3.549065714964
    ));
#1849 = VECTOR('',#1850,1.);
#1850 = DIRECTION('',(7.768132532977E-04,2.901629476596E-07,
    -0.99999969828));
#1851 = PCURVE('',#1468,#1852);
#1852 = DEFINITIONAL_REPRESENTATION('',(#1853),#1857);
#1853 = LINE('',#1854,#1855);
#1854 = CARTESIAN_POINT('',(4.89898,0.));
#1855 = VECTOR('',#1856,1.);
#1856 = DIRECTION('',(-2.901629476596E-07,-1.));
#1857 = ( GEOMETRIC_REPRESENTATION_CONTEXT(2) 
PARAMETRIC_REPRESENTATION_CONTEXT() REPRESENTATION_CONTEXT('2D SPACE',''
  ) );
#1858 = PCURVE('',#1438,#1859);
#1859 = DEFINITIONAL_REPRESENTATION('',(#1860),#1864);
#1860 = LINE('',#1861,#1862);
#1861 = CARTESIAN_POINT('',(0.,0.));
#1862 = VECTOR('',#1863,1.);
#1863 = DIRECTION('',(7.768132532977E-04,-0.999999698281));
#1864 = ( GEOMETRIC_REPRESENTATION_CONTEXT(2) 
PARAMETRIC_REPRESENTATION_CONTEXT() REPRESENTATION_CONTEXT('2D SPACE',''
  ) );
#1865 = ADVANCED_FACE('',(#1866),#1406,.F.);
#1866 = FACE_BOUND('',#1867,.F.);
#1867 = EDGE_LOOP('',(#1868,#1869,#1892,#1913));
#1868 = ORIENTED_EDGE('',*,*,#1386,.T.);
#1869 = ORIENTED_EDGE('',*,*,#1870,.T.);
#1870 = EDGE_CURVE('',#1387,#1871,#1873,.T.);
#1871 = VERTEX_POINT('',#1872);
#1872 = CARTESIAN_POINT('',(17.16085823004,-2.449489710802,
    2.502557700716));
#1873 = SURFACE_CURVE('',#1874,(#1878,#1885),.PCURVE_S1.);
#1874 = LINE('',#1875,#1876);
#1875 = CARTESIAN_POINT('',(17.160045288499,-2.44949001446,
    3.549065714964));
#1876 = VECTOR('',#1877,1.);
#1877 = DIRECTION('',(7.768132532977E-04,2.901629476596E-07,
    -0.99999969828));
#1878 = PCURVE('',#1406,#1879);
#1879 = DEFINITIONAL_REPRESENTATION('',(#1880),#1884);
#1880 = LINE('',#1881,#1882);
#1881 = CARTESIAN_POINT('',(0.,0.));
#1882 = VECTOR('',#1883,1.);
#1883 = DIRECTION('',(2.901629476596E-07,-1.));
#1884 = ( GEOMETRIC_REPRESENTATION_CONTEXT(2) 
PARAMETRIC_REPRESENTATION_CONTEXT() REPRESENTATION_CONTEXT('2D SPACE',''
  ) );
#1885 = PCURVE('',#1438,#1886);
#1886 = DEFINITIONAL_REPRESENTATION('',(#1887),#1891);
#1887 = LINE('',#1888,#1889);
#1888 = CARTESIAN_POINT('',(12.660084,0.));
#1889 = VECTOR('',#1890,1.);
#1890 = DIRECTION('',(7.768132532977E-04,-0.999999698281));
#1891 = ( GEOMETRIC_REPRESENTATION_CONTEXT(2) 
PARAMETRIC_REPRESENTATION_CONTEXT() REPRESENTATION_CONTEXT('2D SPACE',''
  ) );
#1892 = ORIENTED_EDGE('',*,*,#1893,.T.);
#1893 = EDGE_CURVE('',#1871,#1751,#1894,.T.);
#1894 = SURFACE_CURVE('',#1895,(#1899,#1906),.PCURVE_S1.);
#1895 = LINE('',#1896,#1897);
#1896 = CARTESIAN_POINT('',(17.16085823004,-2.449489710802,
    2.502557700716));
#1897 = VECTOR('',#1898,1.);
#1898 = DIRECTION('',(0.,1.,0.));
#1899 = PCURVE('',#1406,#1900);
#1900 = DEFINITIONAL_REPRESENTATION('',(#1901),#1905);
#1901 = LINE('',#1902,#1903);
#1902 = CARTESIAN_POINT('',(3.036579419025E-07,-1.04650833));
#1903 = VECTOR('',#1904,1.);
#1904 = DIRECTION('',(1.,0.));
#1905 = ( GEOMETRIC_REPRESENTATION_CONTEXT(2) 
PARAMETRIC_REPRESENTATION_CONTEXT() REPRESENTATION_CONTEXT('2D SPACE',''
  ) );
#1906 = PCURVE('',#1734,#1907);
#1907 = DEFINITIONAL_REPRESENTATION('',(#1908),#1912);
#1908 = LINE('',#1909,#1910);
#1909 = CARTESIAN_POINT('',(6.330042,-2.44949));
#1910 = VECTOR('',#1911,1.);
#1911 = DIRECTION('',(0.,1.));
#1912 = ( GEOMETRIC_REPRESENTATION_CONTEXT(2) 
PARAMETRIC_REPRESENTATION_CONTEXT() REPRESENTATION_CONTEXT('2D SPACE',''
  ) );
#1913 = ORIENTED_EDGE('',*,*,#1750,.F.);
#1914 = ADVANCED_FACE('',(#1915),#1438,.F.);
#1915 = FACE_BOUND('',#1916,.F.);
#1916 = EDGE_LOOP('',(#1917,#1918,#1919,#1940));
#1917 = ORIENTED_EDGE('',*,*,#1418,.T.);
#1918 = ORIENTED_EDGE('',*,*,#1845,.T.);
#1919 = ORIENTED_EDGE('',*,*,#1920,.T.);
#1920 = EDGE_CURVE('',#1823,#1871,#1921,.T.);
#1921 = SURFACE_CURVE('',#1922,(#1926,#1933),.PCURVE_S1.);
#1922 = LINE('',#1923,#1924);
#1923 = CARTESIAN_POINT('',(4.50077423004,-2.449489710802,2.502557700716
    ));
#1924 = VECTOR('',#1925,1.);
#1925 = DIRECTION('',(1.,0.,0.));
#1926 = PCURVE('',#1438,#1927);
#1927 = DEFINITIONAL_REPRESENTATION('',(#1928),#1932);
#1928 = LINE('',#1929,#1930);
#1929 = CARTESIAN_POINT('',(8.129415404303E-04,-1.046508014248));
#1930 = VECTOR('',#1931,1.);
#1931 = DIRECTION('',(1.,0.));
#1932 = ( GEOMETRIC_REPRESENTATION_CONTEXT(2) 
PARAMETRIC_REPRESENTATION_CONTEXT() REPRESENTATION_CONTEXT('2D SPACE',''
  ) );
#1933 = PCURVE('',#1734,#1934);
#1934 = DEFINITIONAL_REPRESENTATION('',(#1935),#1939);
#1935 = LINE('',#1936,#1937);
#1936 = CARTESIAN_POINT('',(-6.330042,-2.44949));
#1937 = VECTOR('',#1938,1.);
#1938 = DIRECTION('',(1.,0.));
#1939 = ( GEOMETRIC_REPRESENTATION_CONTEXT(2) 
PARAMETRIC_REPRESENTATION_CONTEXT() REPRESENTATION_CONTEXT('2D SPACE',''
  ) );
#1940 = ORIENTED_EDGE('',*,*,#1870,.F.);
#1941 = ADVANCED_FACE('',(#1942),#1504,.F.);
#1942 = FACE_BOUND('',#1943,.F.);
#1943 = EDGE_LOOP('',(#1944,#1945,#1968,#1991));
#1944 = ORIENTED_EDGE('',*,*,#1482,.T.);
#1945 = ORIENTED_EDGE('',*,*,#1946,.T.);
#1946 = EDGE_CURVE('',#1485,#1947,#1949,.T.);
#1947 = VERTEX_POINT('',#1948);
#1948 = CARTESIAN_POINT('',(-17.15930976996,-2.449489710802,
    2.502557700716));
#1949 = SURFACE_CURVE('',#1950,(#1954,#1961),.PCURVE_S1.);
#1950 = LINE('',#1951,#1952);
#1951 = CARTESIAN_POINT('',(-17.1601227115,-2.44949001446,3.549065714964
    ));
#1952 = VECTOR('',#1953,1.);
#1953 = DIRECTION('',(7.768132532977E-04,2.901629476596E-07,
    -0.99999969828));
#1954 = PCURVE('',#1504,#1955);
#1955 = DEFINITIONAL_REPRESENTATION('',(#1956),#1960);
#1956 = LINE('',#1957,#1958);
#1957 = CARTESIAN_POINT('',(0.,0.));
#1958 = VECTOR('',#1959,1.);
#1959 = DIRECTION('',(7.768132532977E-04,-0.999999698281));
#1960 = ( GEOMETRIC_REPRESENTATION_CONTEXT(2) 
PARAMETRIC_REPRESENTATION_CONTEXT() REPRESENTATION_CONTEXT('2D SPACE',''
  ) );
#1961 = PCURVE('',#1536,#1962);
#1962 = DEFINITIONAL_REPRESENTATION('',(#1963),#1967);
#1963 = LINE('',#1964,#1965);
#1964 = CARTESIAN_POINT('',(4.89898,0.));
#1965 = VECTOR('',#1966,1.);
#1966 = DIRECTION('',(-2.901629476596E-07,-1.));
#1967 = ( GEOMETRIC_REPRESENTATION_CONTEXT(2) 
PARAMETRIC_REPRESENTATION_CONTEXT() REPRESENTATION_CONTEXT('2D SPACE',''
  ) );
#1968 = ORIENTED_EDGE('',*,*,#1969,.T.);
#1969 = EDGE_CURVE('',#1947,#1970,#1972,.T.);
#1970 = VERTEX_POINT('',#1971);
#1971 = CARTESIAN_POINT('',(-4.499225769963,-2.449489710802,
    2.502557700716));
#1972 = SURFACE_CURVE('',#1973,(#1977,#1984),.PCURVE_S1.);
#1973 = LINE('',#1974,#1975);
#1974 = CARTESIAN_POINT('',(-17.15930976996,-2.449489710802,
    2.502557700716));
#1975 = VECTOR('',#1976,1.);
#1976 = DIRECTION('',(1.,0.,0.));
#1977 = PCURVE('',#1504,#1978);
#1978 = DEFINITIONAL_REPRESENTATION('',(#1979),#1983);
#1979 = LINE('',#1980,#1981);
#1980 = CARTESIAN_POINT('',(8.129415404303E-04,-1.046508014248));
#1981 = VECTOR('',#1982,1.);
#1982 = DIRECTION('',(1.,0.));
#1983 = ( GEOMETRIC_REPRESENTATION_CONTEXT(2) 
PARAMETRIC_REPRESENTATION_CONTEXT() REPRESENTATION_CONTEXT('2D SPACE',''
  ) );
#1984 = PCURVE('',#1666,#1985);
#1985 = DEFINITIONAL_REPRESENTATION('',(#1986),#1990);
#1986 = LINE('',#1987,#1988);
#1987 = CARTESIAN_POINT('',(-6.330042,-2.44949));
#1988 = VECTOR('',#1989,1.);
#1989 = DIRECTION('',(1.,0.));
#1990 = ( GEOMETRIC_REPRESENTATION_CONTEXT(2) 
PARAMETRIC_REPRESENTATION_CONTEXT() REPRESENTATION_CONTEXT('2D SPACE',''
  ) );
#1991 = ORIENTED_EDGE('',*,*,#1992,.F.);
#1992 = EDGE_CURVE('',#1483,#1970,#1993,.T.);
#1993 = SURFACE_CURVE('',#1994,(#1998,#2005),.PCURVE_S1.);
#1994 = LINE('',#1995,#1996);
#1995 = CARTESIAN_POINT('',(-4.500038711503,-2.44949001446,
    3.549065714964));
#1996 = VECTOR('',#1997,1.);
#1997 = DIRECTION('',(7.768132532977E-04,2.901629476596E-07,
    -0.99999969828));
#1998 = PCURVE('',#1504,#1999);
#1999 = DEFINITIONAL_REPRESENTATION('',(#2000),#2004);
#2000 = LINE('',#2001,#2002);
#2001 = CARTESIAN_POINT('',(12.660084,0.));
#2002 = VECTOR('',#2003,1.);
#2003 = DIRECTION('',(7.768132532977E-04,-0.999999698281));
#2004 = ( GEOMETRIC_REPRESENTATION_CONTEXT(2) 
PARAMETRIC_REPRESENTATION_CONTEXT() REPRESENTATION_CONTEXT('2D SPACE',''
  ) );
#2005 = PCURVE('',#1598,#2006);
#2006 = DEFINITIONAL_REPRESENTATION('',(#2007),#2011);
#2007 = LINE('',#2008,#2009);
#2008 = CARTESIAN_POINT('',(0.,0.));
#2009 = VECTOR('',#2010,1.);
#2010 = DIRECTION('',(2.901629476596E-07,-1.));
#2011 = ( GEOMETRIC_REPRESENTATION_CONTEXT(2) 
PARAMETRIC_REPRESENTATION_CONTEXT() REPRESENTATION_CONTEXT('2D SPACE',''
  ) );
#2012 = ADVANCED_FACE('',(#2013),#1598,.F.);
#2013 = FACE_BOUND('',#2014,.F.);
#2014 = EDGE_LOOP('',(#2015,#2016,#2017,#2040));
#2015 = ORIENTED_EDGE('',*,*,#1580,.T.);
#2016 = ORIENTED_EDGE('',*,*,#1992,.T.);
#2017 = ORIENTED_EDGE('',*,*,#2018,.T.);
#2018 = EDGE_CURVE('',#1970,#2019,#2021,.T.);
#2019 = VERTEX_POINT('',#2020);
#2020 = CARTESIAN_POINT('',(-4.499225769963,2.449490289198,
    2.502557700716));
#2021 = SURFACE_CURVE('',#2022,(#2026,#2033),.PCURVE_S1.);
#2022 = LINE('',#2023,#2024);
#2023 = CARTESIAN_POINT('',(-4.499225769963,-2.449489710802,
    2.502557700716));
#2024 = VECTOR('',#2025,1.);
#2025 = DIRECTION('',(0.,1.,0.));
#2026 = PCURVE('',#1598,#2027);
#2027 = DEFINITIONAL_REPRESENTATION('',(#2028),#2032);
#2028 = LINE('',#2029,#2030);
#2029 = CARTESIAN_POINT('',(3.036579419025E-07,-1.04650833));
#2030 = VECTOR('',#2031,1.);
#2031 = DIRECTION('',(1.,0.));
#2032 = ( GEOMETRIC_REPRESENTATION_CONTEXT(2) 
PARAMETRIC_REPRESENTATION_CONTEXT() REPRESENTATION_CONTEXT('2D SPACE',''
  ) );
#2033 = PCURVE('',#1666,#2034);
#2034 = DEFINITIONAL_REPRESENTATION('',(#2035),#2039);
#2035 = LINE('',#2036,#2037);
#2036 = CARTESIAN_POINT('',(6.330042,-2.44949));
#2037 = VECTOR('',#2038,1.);
#2038 = DIRECTION('',(0.,1.));
#2039 = ( GEOMETRIC_REPRESENTATION_CONTEXT(2) 
PARAMETRIC_REPRESENTATION_CONTEXT() REPRESENTATION_CONTEXT('2D SPACE',''
  ) );
#2040 = ORIENTED_EDGE('',*,*,#2041,.F.);
#2041 = EDGE_CURVE('',#1549,#2019,#2042,.T.);
#2042 = SURFACE_CURVE('',#2043,(#2047,#2054),.PCURVE_S1.);
#2043 = LINE('',#2044,#2045);
#2044 = CARTESIAN_POINT('',(-4.500038711503,2.44948998554,3.549065714964
    ));
#2045 = VECTOR('',#2046,1.);
#2046 = DIRECTION('',(7.768132532977E-04,2.901629476596E-07,
    -0.99999969828));
#2047 = PCURVE('',#1598,#2048);
#2048 = DEFINITIONAL_REPRESENTATION('',(#2049),#2053);
#2049 = LINE('',#2050,#2051);
#2050 = CARTESIAN_POINT('',(4.89898,0.));
#2051 = VECTOR('',#2052,1.);
#2052 = DIRECTION('',(2.901629476596E-07,-1.));
#2053 = ( GEOMETRIC_REPRESENTATION_CONTEXT(2) 
PARAMETRIC_REPRESENTATION_CONTEXT() REPRESENTATION_CONTEXT('2D SPACE',''
  ) );
#2054 = PCURVE('',#1568,#2055);
#2055 = DEFINITIONAL_REPRESENTATION('',(#2056),#2060);
#2056 = LINE('',#2057,#2058);
#2057 = CARTESIAN_POINT('',(0.,0.));
#2058 = VECTOR('',#2059,1.);
#2059 = DIRECTION('',(-7.768132532977E-04,-0.999999698281));
#2060 = ( GEOMETRIC_REPRESENTATION_CONTEXT(2) 
PARAMETRIC_REPRESENTATION_CONTEXT() REPRESENTATION_CONTEXT('2D SPACE',''
  ) );
#2061 = ADVANCED_FACE('',(#2062),#1536,.F.);
#2062 = FACE_BOUND('',#2063,.F.);
#2063 = EDGE_LOOP('',(#2064,#2065,#2088,#2109));
#2064 = ORIENTED_EDGE('',*,*,#1516,.T.);
#2065 = ORIENTED_EDGE('',*,*,#2066,.T.);
#2066 = EDGE_CURVE('',#1517,#2067,#2069,.T.);
#2067 = VERTEX_POINT('',#2068);
#2068 = CARTESIAN_POINT('',(-17.15930976996,2.449490289198,
    2.502557700716));
#2069 = SURFACE_CURVE('',#2070,(#2074,#2081),.PCURVE_S1.);
#2070 = LINE('',#2071,#2072);
#2071 = CARTESIAN_POINT('',(-17.1601227115,2.44948998554,3.549065714964)
  );
#2072 = VECTOR('',#2073,1.);
#2073 = DIRECTION('',(7.768132532977E-04,2.901629476596E-07,
    -0.99999969828));
#2074 = PCURVE('',#1536,#2075);
#2075 = DEFINITIONAL_REPRESENTATION('',(#2076),#2080);
#2076 = LINE('',#2077,#2078);
#2077 = CARTESIAN_POINT('',(0.,0.));
#2078 = VECTOR('',#2079,1.);
#2079 = DIRECTION('',(-2.901629476596E-07,-1.));
#2080 = ( GEOMETRIC_REPRESENTATION_CONTEXT(2) 
PARAMETRIC_REPRESENTATION_CONTEXT() REPRESENTATION_CONTEXT('2D SPACE',''
  ) );
#2081 = PCURVE('',#1568,#2082);
#2082 = DEFINITIONAL_REPRESENTATION('',(#2083),#2087);
#2083 = LINE('',#2084,#2085);
#2084 = CARTESIAN_POINT('',(12.660084,0.));
#2085 = VECTOR('',#2086,1.);
#2086 = DIRECTION('',(-7.768132532977E-04,-0.999999698281));
#2087 = ( GEOMETRIC_REPRESENTATION_CONTEXT(2) 
PARAMETRIC_REPRESENTATION_CONTEXT() REPRESENTATION_CONTEXT('2D SPACE',''
  ) );
#2088 = ORIENTED_EDGE('',*,*,#2089,.T.);
#2089 = EDGE_CURVE('',#2067,#1947,#2090,.T.);
#2090 = SURFACE_CURVE('',#2091,(#2095,#2102),.PCURVE_S1.);
#2091 = LINE('',#2092,#2093);
#2092 = CARTESIAN_POINT('',(-17.15930976996,2.449490289198,
    2.502557700716));
#2093 = VECTOR('',#2094,1.);
#2094 = DIRECTION('',(0.,-1.,0.));
#2095 = PCURVE('',#1536,#2096);
#2096 = DEFINITIONAL_REPRESENTATION('',(#2097),#2101);
#2097 = LINE('',#2098,#2099);
#2098 = CARTESIAN_POINT('',(-3.036579419025E-07,-1.04650833));
#2099 = VECTOR('',#2100,1.);
#2100 = DIRECTION('',(1.,0.));
#2101 = ( GEOMETRIC_REPRESENTATION_CONTEXT(2) 
PARAMETRIC_REPRESENTATION_CONTEXT() REPRESENTATION_CONTEXT('2D SPACE',''
  ) );
#2102 = PCURVE('',#1666,#2103);
#2103 = DEFINITIONAL_REPRESENTATION('',(#2104),#2108);
#2104 = LINE('',#2105,#2106);
#2105 = CARTESIAN_POINT('',(-6.330042,2.44949));
#2106 = VECTOR('',#2107,1.);
#2107 = DIRECTION('',(0.,-1.));
#2108 = ( GEOMETRIC_REPRESENTATION_CONTEXT(2) 
PARAMETRIC_REPRESENTATION_CONTEXT() REPRESENTATION_CONTEXT('2D SPACE',''
  ) );
#2109 = ORIENTED_EDGE('',*,*,#1946,.F.);
#2110 = ADVANCED_FACE('',(#2111),#1568,.F.);
#2111 = FACE_BOUND('',#2112,.F.);
#2112 = EDGE_LOOP('',(#2113,#2114,#2115,#2136));
#2113 = ORIENTED_EDGE('',*,*,#1548,.T.);
#2114 = ORIENTED_EDGE('',*,*,#2041,.T.);
#2115 = ORIENTED_EDGE('',*,*,#2116,.T.);
#2116 = EDGE_CURVE('',#2019,#2067,#2117,.T.);
#2117 = SURFACE_CURVE('',#2118,(#2122,#2129),.PCURVE_S1.);
#2118 = LINE('',#2119,#2120);
#2119 = CARTESIAN_POINT('',(-4.499225769963,2.449490289198,
    2.502557700716));
#2120 = VECTOR('',#2121,1.);
#2121 = DIRECTION('',(-1.,0.,0.));
#2122 = PCURVE('',#1568,#2123);
#2123 = DEFINITIONAL_REPRESENTATION('',(#2124),#2128);
#2124 = LINE('',#2125,#2126);
#2125 = CARTESIAN_POINT('',(-8.129415404303E-04,-1.046508014248));
#2126 = VECTOR('',#2127,1.);
#2127 = DIRECTION('',(1.,0.));
#2128 = ( GEOMETRIC_REPRESENTATION_CONTEXT(2) 
PARAMETRIC_REPRESENTATION_CONTEXT() REPRESENTATION_CONTEXT('2D SPACE',''
  ) );
#2129 = PCURVE('',#1666,#2130);
#2130 = DEFINITIONAL_REPRESENTATION('',(#2131),#2135);
#2131 = LINE('',#2132,#2133);
#2132 = CARTESIAN_POINT('',(6.330042,2.44949));
#2133 = VECTOR('',#2134,1.);
#2134 = DIRECTION('',(-1.,0.));
#2135 = ( GEOMETRIC_REPRESENTATION_CONTEXT(2) 
PARAMETRIC_REPRESENTATION_CONTEXT() REPRESENTATION_CONTEXT('2D SPACE',''
  ) );
#2136 = ORIENTED_EDGE('',*,*,#2066,.F.);
#2137 = ADVANCED_FACE('',(#2138,#2144),#1666,.T.);
#2138 = FACE_BOUND('',#2139,.T.);
#2139 = EDGE_LOOP('',(#2140,#2141,#2142,#2143));
#2140 = ORIENTED_EDGE('',*,*,#2089,.T.);
#2141 = ORIENTED_EDGE('',*,*,#1969,.T.);
#2142 = ORIENTED_EDGE('',*,*,#2018,.T.);
#2143 = ORIENTED_EDGE('',*,*,#2116,.T.);
#2144 = FACE_BOUND('',#2145,.T.);
#2145 = EDGE_LOOP('',(#2146));
#2146 = ORIENTED_EDGE('',*,*,#1640,.F.);
#2147 = ADVANCED_FACE('',(#2148,#2154),#1734,.T.);
#2148 = FACE_BOUND('',#2149,.T.);
#2149 = EDGE_LOOP('',(#2150,#2151,#2152,#2153));
#2150 = ORIENTED_EDGE('',*,*,#1893,.T.);
#2151 = ORIENTED_EDGE('',*,*,#1773,.T.);
#2152 = ORIENTED_EDGE('',*,*,#1822,.T.);
#2153 = ORIENTED_EDGE('',*,*,#1920,.T.);
#2154 = FACE_BOUND('',#2155,.T.);
#2155 = EDGE_LOOP('',(#2156));
#2156 = ORIENTED_EDGE('',*,*,#1708,.F.);
#2157 = ADVANCED_FACE('',(#2158,#2161),#999,.F.);
#2158 = FACE_BOUND('',#2159,.F.);
#2159 = EDGE_LOOP('',(#2160));
#2160 = ORIENTED_EDGE('',*,*,#984,.T.);
#2161 = FACE_BOUND('',#2162,.F.);
#2162 = EDGE_LOOP('',(#2163));
#2163 = ORIENTED_EDGE('',*,*,#2164,.T.);
#2164 = EDGE_CURVE('',#2165,#2165,#2167,.T.);
#2165 = VERTEX_POINT('',#2166);
#2166 = CARTESIAN_POINT('',(25.6313142606,1.526731130781E-02,
    3.531591409868));
#2167 = SURFACE_CURVE('',#2168,(#2173,#2184),.PCURVE_S1.);
#2168 = CIRCLE('',#2169,3.488560875084);
#2169 = AXIS2_PLACEMENT_3D('',#2170,#2171,#2172);
#2170 = CARTESIAN_POINT('',(25.634024221301,1.526731130781E-02,
    4.303158735051E-02));
#2171 = DIRECTION('',(0.999999628518,3.735297236982E-04,7.7681330749E-04
    ));
#2172 = DIRECTION('',(-7.768133616822E-04,0.,0.99999969828));
#2173 = PCURVE('',#999,#2174);
#2174 = DEFINITIONAL_REPRESENTATION('',(#2175),#2183);
#2175 = ( BOUNDED_CURVE() B_SPLINE_CURVE(2,(#2176,#2177,#2178,#2179,
#2180,#2181,#2182),.UNSPECIFIED.,.T.,.F.) B_SPLINE_CURVE_WITH_KNOTS((1,2
    ,2,2,2,1),(-2.094395102393,0.,2.094395102393,4.188790204786,
6.28318530718,8.377580409573),.UNSPECIFIED.) CURVE() 
GEOMETRIC_REPRESENTATION_ITEM() RATIONAL_B_SPLINE_CURVE((1.,0.5,1.,0.5,
1.,0.5,1.)) REPRESENTATION_ITEM('') );
#2176 = CARTESIAN_POINT('',(-3.488560875084,-3.061765099975E-18));
#2177 = CARTESIAN_POINT('',(-3.488560875084,6.042364680943));
#2178 = CARTESIAN_POINT('',(1.744280437542,3.021182340471));
#2179 = CARTESIAN_POINT('',(6.977121750168,8.513892167605E-16));
#2180 = CARTESIAN_POINT('',(1.744280437542,-3.021182340471));
#2181 = CARTESIAN_POINT('',(-3.488560875084,-6.042364680943));
#2182 = CARTESIAN_POINT('',(-3.488560875084,-3.061765099975E-18));
#2183 = ( GEOMETRIC_REPRESENTATION_CONTEXT(2) 
PARAMETRIC_REPRESENTATION_CONTEXT() REPRESENTATION_CONTEXT('2D SPACE',''
  ) );
#2184 = PCURVE('',#2185,#2190);
#2185 = CONICAL_SURFACE('',#2186,3.501825138231,0.785723061356);
#2186 = AXIS2_PLACEMENT_3D('',#2187,#2188,#2189);
#2187 = CARTESIAN_POINT('',(25.620768579343,1.526235992969E-02,
    4.302129018761E-02));
#2188 = DIRECTION('',(-0.999999628518,-3.735297236982E-04,
    -7.7681330749E-04));
#2189 = DIRECTION('',(-7.768133616822E-04,0.,0.99999969828));
#2190 = DEFINITIONAL_REPRESENTATION('',(#2191),#2195);
#2191 = LINE('',#2192,#2193);
#2192 = CARTESIAN_POINT('',(-0.,-1.325564688227E-02));
#2193 = VECTOR('',#2194,1.);
#2194 = DIRECTION('',(-1.,-0.));
#2195 = ( GEOMETRIC_REPRESENTATION_CONTEXT(2) 
PARAMETRIC_REPRESENTATION_CONTEXT() REPRESENTATION_CONTEXT('2D SPACE',''
  ) );
#2196 = ADVANCED_FACE('',(#2197),#2185,.T.);
#2197 = FACE_BOUND('',#2198,.T.);
#2198 = EDGE_LOOP('',(#2199,#2222,#2249,#2250));
#2199 = ORIENTED_EDGE('',*,*,#2200,.T.);
#2200 = EDGE_CURVE('',#2165,#2201,#2203,.T.);
#2201 = VERTEX_POINT('',#2202);
#2202 = CARTESIAN_POINT('',(26.120742957116,1.544998554542E-02,
    3.042604840259));
#2203 = SEAM_CURVE('',#2204,(#2208,#2215),.PCURVE_S1.);
#2204 = LINE('',#2205,#2206);
#2205 = CARTESIAN_POINT('',(25.618048314785,1.526235992969E-02,
    3.54484537185));
#2206 = VECTOR('',#2207,1.);
#2207 = DIRECTION('',(0.707426212158,2.640395728593E-04,-0.706787156529)
  );
#2208 = PCURVE('',#2185,#2209);
#2209 = DEFINITIONAL_REPRESENTATION('',(#2210),#2214);
#2210 = LINE('',#2211,#2212);
#2211 = CARTESIAN_POINT('',(-6.28318530718,0.));
#2212 = VECTOR('',#2213,1.);
#2213 = DIRECTION('',(-0.,-1.));
#2214 = ( GEOMETRIC_REPRESENTATION_CONTEXT(2) 
PARAMETRIC_REPRESENTATION_CONTEXT() REPRESENTATION_CONTEXT('2D SPACE',''
  ) );
#2215 = PCURVE('',#2185,#2216);
#2216 = DEFINITIONAL_REPRESENTATION('',(#2217),#2221);
#2217 = LINE('',#2218,#2219);
#2218 = CARTESIAN_POINT('',(0.,-0.));
#2219 = VECTOR('',#2220,1.);
#2220 = DIRECTION('',(-0.,-1.));
#2221 = ( GEOMETRIC_REPRESENTATION_CONTEXT(2) 
PARAMETRIC_REPRESENTATION_CONTEXT() REPRESENTATION_CONTEXT('2D SPACE',''
  ) );
#2222 = ORIENTED_EDGE('',*,*,#2223,.F.);
#2223 = EDGE_CURVE('',#2201,#2201,#2224,.T.);
#2224 = SURFACE_CURVE('',#2225,(#2230,#2237),.PCURVE_S1.);
#2225 = CIRCLE('',#2226,2.999194258261);
#2226 = AXIS2_PLACEMENT_3D('',#2227,#2228,#2229);
#2227 = CARTESIAN_POINT('',(26.12307277129,1.544998554542E-02,
    4.341148691327E-02));
#2228 = DIRECTION('',(0.999999628518,3.735297236982E-04,7.7681330749E-04
    ));
#2229 = DIRECTION('',(-7.768133616822E-04,0.,0.99999969828));
#2230 = PCURVE('',#2185,#2231);
#2231 = DEFINITIONAL_REPRESENTATION('',(#2232),#2236);
#2232 = LINE('',#2233,#2234);
#2233 = CARTESIAN_POINT('',(-0.,-0.502304378545));
#2234 = VECTOR('',#2235,1.);
#2235 = DIRECTION('',(-1.,-0.));
#2236 = ( GEOMETRIC_REPRESENTATION_CONTEXT(2) 
PARAMETRIC_REPRESENTATION_CONTEXT() REPRESENTATION_CONTEXT('2D SPACE',''
  ) );
#2237 = PCURVE('',#2238,#2243);
#2238 = PLANE('',#2239);
#2239 = AXIS2_PLACEMENT_3D('',#2240,#2241,#2242);
#2240 = CARTESIAN_POINT('',(26.12307277129,1.544998554542E-02,
    4.341148691327E-02));
#2241 = DIRECTION('',(0.999999628518,3.735297236982E-04,7.7681330749E-04
    ));
#2242 = DIRECTION('',(-7.768133616822E-04,0.,0.99999969828));
#2243 = DEFINITIONAL_REPRESENTATION('',(#2244),#2248);
#2244 = CIRCLE('',#2245,2.999194258261);
#2245 = AXIS2_PLACEMENT_2D('',#2246,#2247);
#2246 = CARTESIAN_POINT('',(0.,0.));
#2247 = DIRECTION('',(1.,0.));
#2248 = ( GEOMETRIC_REPRESENTATION_CONTEXT(2) 
PARAMETRIC_REPRESENTATION_CONTEXT() REPRESENTATION_CONTEXT('2D SPACE',''
  ) );
#2249 = ORIENTED_EDGE('',*,*,#2200,.F.);
#2250 = ORIENTED_EDGE('',*,*,#2164,.T.);
#2251 = ADVANCED_FACE('',(#2252),#2238,.T.);
#2252 = FACE_BOUND('',#2253,.T.);
#2253 = EDGE_LOOP('',(#2254));
#2254 = ORIENTED_EDGE('',*,*,#2223,.T.);
#2255 = ( GEOMETRIC_REPRESENTATION_CONTEXT(3) 
GLOBAL_UNCERTAINTY_ASSIGNED_CONTEXT((#2259)) 
GLOBAL_UNIT_ASSIGNED_CONTEXT((#2256,#2257,#2258)) REPRESENTATION_CONTEXT
('Context #1','3D Context with UNIT and UNCERTAINTY') );
#2256 = ( LENGTH_UNIT() NAMED_UNIT(*) SI_UNIT(.MILLI.,.METRE.) );
#2257 = ( NAMED_UNIT(*) PLANE_ANGLE_UNIT() SI_UNIT($,.RADIAN.) );
#2258 = ( NAMED_UNIT(*) SI_UNIT($,.STERADIAN.) SOLID_ANGLE_UNIT() );
#2259 = UNCERTAINTY_MEASURE_WITH_UNIT(LENGTH_MEASURE(1.E-07),#2256,
  'distance_accuracy_value','confusion accuracy');
#2260 = PRODUCT_TYPE('part',$,(#7));
ENDSEC;
END-ISO-10303-21;
