ISO-10303-21;
HEADER;
FILE_DESCRIPTION(('Open CASCADE Model'),'2;1');
FILE_NAME('Open CASCADE Shape Model','2026-09-07T10:57:55',('Author'),(
    'Open CASCADE'),'Open CASCADE STEP processor 7.8','Open CASCADE 7.8'
  ,'Unknown');
FILE_SCHEMA(('CONFIG_CONTROL_DESIGN'));
ENDSEC;
DATA;
#1 = APPLICATION_PROTOCOL_DEFINITION('committee draft',
  'automotive_design',1997,#2);
#2 = APPLICATION_CONTEXT(
  'core data for automotive mechanical design processes');
#3 = SHAPE_DEFINITION_REPRESENTATION(#4,#10);
#4 = PRODUCT_DEFINITION_SHAPE('','',#5);
#5 = PRODUCT_DEFINITION('design','',#6,#9);
#6 = PRODUCT_DEFINITION_FORMATION('','',#7);
#7 = PRODUCT('Product 7','Product 7','',(#8));
#8 = MECHANICAL_CONTEXT('',#2,'mechanical');
#9 = PRODUCT_DEFINITION_CONTEXT('part definition',#2,'design');
#10 = ADVANCED_BREP_SHAPE_REPRESENTATION('',(#11,#15),#1563);
#11 = AXIS2_PLACEMENT_3D('',#12,#13,#14);
#12 = CARTESIAN_POINT('',(0.,0.,0.));
#13 = DIRECTION('',(0.,0.,1.));
#14 = DIRECTION('',(1.,0.,-0.));
#15 = MANIFOLD_SOLID_BREP('',#16);
#16 = CLOSED_SHELL('',(#17,#137,#255,#346,#437,#501,#508,#1019,#1536));
#17 = ADVANCED_FACE('',(#18),#32,.T.);
#18 = FACE_BOUND('',#19,.T.);
#19 = EDGE_LOOP('',(#20,#55,#83,#111));
#20 = ORIENTED_EDGE('',*,*,#21,.T.);
#21 = EDGE_CURVE('',#22,#24,#26,.T.);
#22 = VERTEX_POINT('',#23);
#23 = CARTESIAN_POINT('',(11.048713828335,17.462499943101,
    -11.04904894778));
#24 = VERTEX_POINT('',#25);
#25 = CARTESIAN_POINT('',(11.051653121246,4.682661156608E-07,
    -11.04593415066));
#26 = SURFACE_CURVE('',#27,(#31,#43),.PCURVE_S1.);
#27 = LINE('',#28,#29);
#28 = CARTESIAN_POINT('',(11.048713828335,17.462499943101,
    -11.04904894778));
#29 = VECTOR('',#30,1.);
#30 = DIRECTION('',(1.683202812242E-04,-0.999999969926,
    1.783706296605E-04));
#31 = PCURVE('',#32,#37);
#32 = PLANE('',#33);
#33 = AXIS2_PLACEMENT_3D('',#34,#35,#36);
#34 = CARTESIAN_POINT('',(11.048713828335,17.462499943101,
    -11.04904894778));
#35 = DIRECTION('',(-0.,-1.783706321873E-04,-0.999999984092));
#36 = DIRECTION('',(-1.,0.,0.));
#37 = DEFINITIONAL_REPRESENTATION('',(#38),#42);
#38 = LINE('',#39,#40);
#39 = CARTESIAN_POINT('',(0.,0.));
#40 = VECTOR('',#41,1.);
#41 = DIRECTION('',(-1.683202812242E-04,-0.999999985834));
#42 = ( GEOMETRIC_REPRESENTATION_CONTEXT(2) 
PARAMETRIC_REPRESENTATION_CONTEXT() REPRESENTATION_CONTEXT('2D SPACE',''
  ) );
#43 = PCURVE('',#44,#49);
#44 = PLANE('',#45);
#45 = AXIS2_PLACEMENT_3D('',#46,#47,#48);
#46 = CARTESIAN_POINT('',(11.048713828335,17.462499943101,
    11.048951052212));
#47 = DIRECTION('',(0.999999985834,1.683202839018E-04,0.));
#48 = DIRECTION('',(0.,0.,-1.));
#49 = DEFINITIONAL_REPRESENTATION('',(#50),#54);
#50 = LINE('',#51,#52);
#51 = CARTESIAN_POINT('',(22.098,0.));
#52 = VECTOR('',#53,1.);
#53 = DIRECTION('',(-1.783706296605E-04,-0.999999984092));
#54 = ( GEOMETRIC_REPRESENTATION_CONTEXT(2) 
PARAMETRIC_REPRESENTATION_CONTEXT() REPRESENTATION_CONTEXT('2D SPACE',''
  ) );
#55 = ORIENTED_EDGE('',*,*,#56,.T.);
#56 = EDGE_CURVE('',#24,#57,#59,.T.);
#57 = VERTEX_POINT('',#58);
#58 = CARTESIAN_POINT('',(-11.04634687875,4.682661156608E-07,
    -11.04593415066));
#59 = SURFACE_CURVE('',#60,(#64,#71),.PCURVE_S1.);
#60 = LINE('',#61,#62);
#61 = CARTESIAN_POINT('',(11.051653121246,4.682661156608E-07,
    -11.04593415066));
#62 = VECTOR('',#63,1.);
#63 = DIRECTION('',(-1.,0.,0.));
#64 = PCURVE('',#32,#65);
#65 = DEFINITIONAL_REPRESENTATION('',(#66),#70);
#66 = LINE('',#67,#68);
#67 = CARTESIAN_POINT('',(-2.939292910877E-03,-17.46249975262));
#68 = VECTOR('',#69,1.);
#69 = DIRECTION('',(1.,0.));
#70 = ( GEOMETRIC_REPRESENTATION_CONTEXT(2) 
PARAMETRIC_REPRESENTATION_CONTEXT() REPRESENTATION_CONTEXT('2D SPACE',''
  ) );
#71 = PCURVE('',#72,#77);
#72 = PLANE('',#73);
#73 = AXIS2_PLACEMENT_3D('',#74,#75,#76);
#74 = CARTESIAN_POINT('',(2.653121245518E-03,4.682661156608E-07,
    3.065849331971E-03));
#75 = DIRECTION('',(0.,1.,0.));
#76 = DIRECTION('',(0.,-0.,1.));
#77 = DEFINITIONAL_REPRESENTATION('',(#78),#82);
#78 = LINE('',#79,#80);
#79 = CARTESIAN_POINT('',(-11.049,11.049));
#80 = VECTOR('',#81,1.);
#81 = DIRECTION('',(0.,-1.));
#82 = ( GEOMETRIC_REPRESENTATION_CONTEXT(2) 
PARAMETRIC_REPRESENTATION_CONTEXT() REPRESENTATION_CONTEXT('2D SPACE',''
  ) );
#83 = ORIENTED_EDGE('',*,*,#84,.F.);
#84 = EDGE_CURVE('',#85,#57,#87,.T.);
#85 = VERTEX_POINT('',#86);
#86 = CARTESIAN_POINT('',(-11.04928617166,17.462499943101,
    -11.04904894778));
#87 = SURFACE_CURVE('',#88,(#92,#99),.PCURVE_S1.);
#88 = LINE('',#89,#90);
#89 = CARTESIAN_POINT('',(-11.04928617166,17.462499943101,
    -11.04904894778));
#90 = VECTOR('',#91,1.);
#91 = DIRECTION('',(1.683202812242E-04,-0.999999969926,
    1.783706296605E-04));
#92 = PCURVE('',#32,#93);
#93 = DEFINITIONAL_REPRESENTATION('',(#94),#98);
#94 = LINE('',#95,#96);
#95 = CARTESIAN_POINT('',(22.098,0.));
#96 = VECTOR('',#97,1.);
#97 = DIRECTION('',(-1.683202812242E-04,-0.999999985834));
#98 = ( GEOMETRIC_REPRESENTATION_CONTEXT(2) 
PARAMETRIC_REPRESENTATION_CONTEXT() REPRESENTATION_CONTEXT('2D SPACE',''
  ) );
#99 = PCURVE('',#100,#105);
#100 = PLANE('',#101);
#101 = AXIS2_PLACEMENT_3D('',#102,#103,#104);
#102 = CARTESIAN_POINT('',(-11.04928617166,17.462499943101,
    -11.04904894778));
#103 = DIRECTION('',(-0.999999985834,-1.683202839018E-04,0.));
#104 = DIRECTION('',(0.,0.,1.));
#105 = DEFINITIONAL_REPRESENTATION('',(#106),#110);
#106 = LINE('',#107,#108);
#107 = CARTESIAN_POINT('',(0.,0.));
#108 = VECTOR('',#109,1.);
#109 = DIRECTION('',(1.783706296605E-04,-0.999999984092));
#110 = ( GEOMETRIC_REPRESENTATION_CONTEXT(2) 
PARAMETRIC_REPRESENTATION_CONTEXT() REPRESENTATION_CONTEXT('2D SPACE',''
  ) );
#111 = ORIENTED_EDGE('',*,*,#112,.F.);
#112 = EDGE_CURVE('',#22,#85,#113,.T.);
#113 = SURFACE_CURVE('',#114,(#118,#125),.PCURVE_S1.);
#114 = LINE('',#115,#116);
#115 = CARTESIAN_POINT('',(11.048713828335,17.462499943101,
    -11.04904894778));
#116 = VECTOR('',#117,1.);
#117 = DIRECTION('',(-1.,0.,0.));
#118 = PCURVE('',#32,#119);
#119 = DEFINITIONAL_REPRESENTATION('',(#120),#124);
#120 = LINE('',#121,#122);
#121 = CARTESIAN_POINT('',(0.,0.));
#122 = VECTOR('',#123,1.);
#123 = DIRECTION('',(1.,0.));
#124 = ( GEOMETRIC_REPRESENTATION_CONTEXT(2) 
PARAMETRIC_REPRESENTATION_CONTEXT() REPRESENTATION_CONTEXT('2D SPACE',''
  ) );
#125 = PCURVE('',#126,#131);
#126 = PLANE('',#127);
#127 = AXIS2_PLACEMENT_3D('',#128,#129,#130);
#128 = CARTESIAN_POINT('',(-2.861716653595E-04,17.462499943101,
    -4.894778847565E-05));
#129 = DIRECTION('',(0.,1.,0.));
#130 = DIRECTION('',(0.,-0.,1.));
#131 = DEFINITIONAL_REPRESENTATION('',(#132),#136);
#132 = LINE('',#133,#134);
#133 = CARTESIAN_POINT('',(-11.049,11.049));
#134 = VECTOR('',#135,1.);
#135 = DIRECTION('',(0.,-1.));
#136 = ( GEOMETRIC_REPRESENTATION_CONTEXT(2) 
PARAMETRIC_REPRESENTATION_CONTEXT() REPRESENTATION_CONTEXT('2D SPACE',''
  ) );
#137 = ADVANCED_FACE('',(#138,#213),#44,.T.);
#138 = FACE_BOUND('',#139,.T.);
#139 = EDGE_LOOP('',(#140,#170,#191,#192));
#140 = ORIENTED_EDGE('',*,*,#141,.T.);
#141 = EDGE_CURVE('',#142,#144,#146,.T.);
#142 = VERTEX_POINT('',#143);
#143 = CARTESIAN_POINT('',(11.048713828335,17.462499943101,
    11.048951052212));
#144 = VERTEX_POINT('',#145);
#145 = CARTESIAN_POINT('',(11.051653121246,4.682661156608E-07,
    11.052065849332));
#146 = SURFACE_CURVE('',#147,(#151,#158),.PCURVE_S1.);
#147 = LINE('',#148,#149);
#148 = CARTESIAN_POINT('',(11.048713828335,17.462499943101,
    11.048951052212));
#149 = VECTOR('',#150,1.);
#150 = DIRECTION('',(1.683202812242E-04,-0.999999969926,
    1.783706296605E-04));
#151 = PCURVE('',#44,#152);
#152 = DEFINITIONAL_REPRESENTATION('',(#153),#157);
#153 = LINE('',#154,#155);
#154 = CARTESIAN_POINT('',(0.,0.));
#155 = VECTOR('',#156,1.);
#156 = DIRECTION('',(-1.783706296605E-04,-0.999999984092));
#157 = ( GEOMETRIC_REPRESENTATION_CONTEXT(2) 
PARAMETRIC_REPRESENTATION_CONTEXT() REPRESENTATION_CONTEXT('2D SPACE',''
  ) );
#158 = PCURVE('',#159,#164);
#159 = PLANE('',#160);
#160 = AXIS2_PLACEMENT_3D('',#161,#162,#163);
#161 = CARTESIAN_POINT('',(-11.04928617166,17.462499943101,
    11.048951052212));
#162 = DIRECTION('',(-0.,1.783706321873E-04,0.999999984092));
#163 = DIRECTION('',(1.,0.,0.));
#164 = DEFINITIONAL_REPRESENTATION('',(#165),#169);
#165 = LINE('',#166,#167);
#166 = CARTESIAN_POINT('',(22.098,0.));
#167 = VECTOR('',#168,1.);
#168 = DIRECTION('',(1.683202812242E-04,-0.999999985834));
#169 = ( GEOMETRIC_REPRESENTATION_CONTEXT(2) 
PARAMETRIC_REPRESENTATION_CONTEXT() REPRESENTATION_CONTEXT('2D SPACE',''
  ) );
#170 = ORIENTED_EDGE('',*,*,#171,.T.);
#171 = EDGE_CURVE('',#144,#24,#172,.T.);
#172 = SURFACE_CURVE('',#173,(#177,#184),.PCURVE_S1.);
#173 = LINE('',#174,#175);
#174 = CARTESIAN_POINT('',(11.051653121246,4.682661156608E-07,
    11.052065849332));
#175 = VECTOR('',#176,1.);
#176 = DIRECTION('',(0.,0.,-1.));
#177 = PCURVE('',#44,#178);
#178 = DEFINITIONAL_REPRESENTATION('',(#179),#183);
#179 = LINE('',#180,#181);
#180 = CARTESIAN_POINT('',(-3.114797120448E-03,-17.4624997222));
#181 = VECTOR('',#182,1.);
#182 = DIRECTION('',(1.,0.));
#183 = ( GEOMETRIC_REPRESENTATION_CONTEXT(2) 
PARAMETRIC_REPRESENTATION_CONTEXT() REPRESENTATION_CONTEXT('2D SPACE',''
  ) );
#184 = PCURVE('',#72,#185);
#185 = DEFINITIONAL_REPRESENTATION('',(#186),#190);
#186 = LINE('',#187,#188);
#187 = CARTESIAN_POINT('',(11.049,11.049));
#188 = VECTOR('',#189,1.);
#189 = DIRECTION('',(-1.,0.));
#190 = ( GEOMETRIC_REPRESENTATION_CONTEXT(2) 
PARAMETRIC_REPRESENTATION_CONTEXT() REPRESENTATION_CONTEXT('2D SPACE',''
  ) );
#191 = ORIENTED_EDGE('',*,*,#21,.F.);
#192 = ORIENTED_EDGE('',*,*,#193,.F.);
#193 = EDGE_CURVE('',#142,#22,#194,.T.);
#194 = SURFACE_CURVE('',#195,(#199,#206),.PCURVE_S1.);
#195 = LINE('',#196,#197);
#196 = CARTESIAN_POINT('',(11.048713828335,17.462499943101,
    11.048951052212));
#197 = VECTOR('',#198,1.);
#198 = DIRECTION('',(0.,0.,-1.));
#199 = PCURVE('',#44,#200);
#200 = DEFINITIONAL_REPRESENTATION('',(#201),#205);
#201 = LINE('',#202,#203);
#202 = CARTESIAN_POINT('',(0.,0.));
#203 = VECTOR('',#204,1.);
#204 = DIRECTION('',(1.,0.));
#205 = ( GEOMETRIC_REPRESENTATION_CONTEXT(2) 
PARAMETRIC_REPRESENTATION_CONTEXT() REPRESENTATION_CONTEXT('2D SPACE',''
  ) );
#206 = PCURVE('',#126,#207);
#207 = DEFINITIONAL_REPRESENTATION('',(#208),#212);
#208 = LINE('',#209,#210);
#209 = CARTESIAN_POINT('',(11.049,11.049));
#210 = VECTOR('',#211,1.);
#211 = DIRECTION('',(-1.,0.));
#212 = ( GEOMETRIC_REPRESENTATION_CONTEXT(2) 
PARAMETRIC_REPRESENTATION_CONTEXT() REPRESENTATION_CONTEXT('2D SPACE',''
  ) );
#213 = FACE_BOUND('',#214,.T.);
#214 = EDGE_LOOP('',(#215));
#215 = ORIENTED_EDGE('',*,*,#216,.F.);
#216 = EDGE_CURVE('',#217,#217,#219,.T.);
#217 = VERTEX_POINT('',#218);
#218 = CARTESIAN_POINT('',(11.050182463648,8.737257454537,2.282057176194
    ));
#219 = SURFACE_CURVE('',#220,(#225,#232),.PCURVE_S1.);
#220 = ELLIPSE('',#221,2.276542187946,2.276541751841);
#221 = AXIS2_PLACEMENT_3D('',#222,#223,#224);
#222 = CARTESIAN_POINT('',(11.050182463688,8.737257217198,
    5.514988248501E-03));
#223 = DIRECTION('',(0.999999985834,1.683202839018E-04,
    6.617444900424E-24));
#224 = DIRECTION('',(-3.002339502416E-08,1.783706271335E-04,
    0.999999984092));
#225 = PCURVE('',#44,#226);
#226 = DEFINITIONAL_REPRESENTATION('',(#227),#231);
#227 = ELLIPSE('',#228,2.276542187946,2.276541751841);
#228 = AXIS2_PLACEMENT_2D('',#229,#230);
#229 = CARTESIAN_POINT('',(11.043436063963,-8.725242849503));
#230 = DIRECTION('',(-0.999999984092,1.783706296603E-04));
#231 = ( GEOMETRIC_REPRESENTATION_CONTEXT(2) 
PARAMETRIC_REPRESENTATION_CONTEXT() REPRESENTATION_CONTEXT('2D SPACE',''
  ) );
#232 = PCURVE('',#233,#238);
#233 = CYLINDRICAL_SURFACE('',#234,2.276541751841);
#234 = AXIS2_PLACEMENT_3D('',#235,#236,#237);
#235 = CARTESIAN_POINT('',(4.862808788197,8.736215073561,
    1.685162058283E-03));
#236 = DIRECTION('',(0.999999794251,1.684306584967E-04,
    6.189743181999E-04));
#237 = DIRECTION('',(-6.189743269797E-04,-1.323488980085E-23,
    0.999999808435));
#238 = DEFINITIONAL_REPRESENTATION('',(#239),#254);
#239 = B_SPLINE_CURVE_WITH_KNOTS('',7,(#240,#241,#242,#243,#244,#245,
    #246,#247,#248,#249,#250,#251,#252,#253),.UNSPECIFIED.,.F.,.F.,(8,6,
    8),(1.782664105016E-04,3.14177092,6.28336357359),.UNSPECIFIED.);
#240 = CARTESIAN_POINT('',(-8.881784197001E-16,6.188784069687));
#241 = CARTESIAN_POINT('',(0.448798950513,6.188783956949));
#242 = CARTESIAN_POINT('',(0.897597901026,6.188452658379));
#243 = CARTESIAN_POINT('',(1.346396851538,6.187790817618));
#244 = CARTESIAN_POINT('',(1.795195802052,6.186958476375));
#245 = CARTESIAN_POINT('',(2.243994752564,6.186296787911));
#246 = CARTESIAN_POINT('',(2.692793703077,6.185965714652));
#247 = CARTESIAN_POINT('',(3.590391604103,6.185965940127));
#248 = CARTESIAN_POINT('',(4.039190554614,6.186297238699));
#249 = CARTESIAN_POINT('',(4.487989505133,6.186959079455));
#250 = CARTESIAN_POINT('',(4.93678845564,6.187791420705));
#251 = CARTESIAN_POINT('',(5.385587406156,6.188453109164));
#252 = CARTESIAN_POINT('',(5.834386356667,6.188784182425));
#253 = CARTESIAN_POINT('',(6.28318530718,6.188784069687));
#254 = ( GEOMETRIC_REPRESENTATION_CONTEXT(2) 
PARAMETRIC_REPRESENTATION_CONTEXT() REPRESENTATION_CONTEXT('2D SPACE',''
  ) );
#255 = ADVANCED_FACE('',(#256,#304),#72,.F.);
#256 = FACE_BOUND('',#257,.F.);
#257 = EDGE_LOOP('',(#258,#259,#282,#303));
#258 = ORIENTED_EDGE('',*,*,#56,.T.);
#259 = ORIENTED_EDGE('',*,*,#260,.T.);
#260 = EDGE_CURVE('',#57,#261,#263,.T.);
#261 = VERTEX_POINT('',#262);
#262 = CARTESIAN_POINT('',(-11.04634687875,4.682661156608E-07,
    11.052065849332));
#263 = SURFACE_CURVE('',#264,(#268,#275),.PCURVE_S1.);
#264 = LINE('',#265,#266);
#265 = CARTESIAN_POINT('',(-11.04634687875,4.682661156608E-07,
    -11.04593415066));
#266 = VECTOR('',#267,1.);
#267 = DIRECTION('',(0.,0.,1.));
#268 = PCURVE('',#72,#269);
#269 = DEFINITIONAL_REPRESENTATION('',(#270),#274);
#270 = LINE('',#271,#272);
#271 = CARTESIAN_POINT('',(-11.049,-11.049));
#272 = VECTOR('',#273,1.);
#273 = DIRECTION('',(1.,0.));
#274 = ( GEOMETRIC_REPRESENTATION_CONTEXT(2) 
PARAMETRIC_REPRESENTATION_CONTEXT() REPRESENTATION_CONTEXT('2D SPACE',''
  ) );
#275 = PCURVE('',#100,#276);
#276 = DEFINITIONAL_REPRESENTATION('',(#277),#281);
#277 = LINE('',#278,#279);
#278 = CARTESIAN_POINT('',(3.114797120448E-03,-17.4624997222));
#279 = VECTOR('',#280,1.);
#280 = DIRECTION('',(1.,0.));
#281 = ( GEOMETRIC_REPRESENTATION_CONTEXT(2) 
PARAMETRIC_REPRESENTATION_CONTEXT() REPRESENTATION_CONTEXT('2D SPACE',''
  ) );
#282 = ORIENTED_EDGE('',*,*,#283,.T.);
#283 = EDGE_CURVE('',#261,#144,#284,.T.);
#284 = SURFACE_CURVE('',#285,(#289,#296),.PCURVE_S1.);
#285 = LINE('',#286,#287);
#286 = CARTESIAN_POINT('',(-11.04634687875,4.682661156608E-07,
    11.052065849332));
#287 = VECTOR('',#288,1.);
#288 = DIRECTION('',(1.,0.,0.));
#289 = PCURVE('',#72,#290);
#290 = DEFINITIONAL_REPRESENTATION('',(#291),#295);
#291 = LINE('',#292,#293);
#292 = CARTESIAN_POINT('',(11.049,-11.049));
#293 = VECTOR('',#294,1.);
#294 = DIRECTION('',(0.,1.));
#295 = ( GEOMETRIC_REPRESENTATION_CONTEXT(2) 
PARAMETRIC_REPRESENTATION_CONTEXT() REPRESENTATION_CONTEXT('2D SPACE',''
  ) );
#296 = PCURVE('',#159,#297);
#297 = DEFINITIONAL_REPRESENTATION('',(#298),#302);
#298 = LINE('',#299,#300);
#299 = CARTESIAN_POINT('',(2.939292910877E-03,-17.46249975262));
#300 = VECTOR('',#301,1.);
#301 = DIRECTION('',(1.,0.));
#302 = ( GEOMETRIC_REPRESENTATION_CONTEXT(2) 
PARAMETRIC_REPRESENTATION_CONTEXT() REPRESENTATION_CONTEXT('2D SPACE',''
  ) );
#303 = ORIENTED_EDGE('',*,*,#171,.T.);
#304 = FACE_BOUND('',#305,.F.);
#305 = EDGE_LOOP('',(#306));
#306 = ORIENTED_EDGE('',*,*,#307,.F.);
#307 = EDGE_CURVE('',#308,#308,#310,.T.);
#308 = VERTEX_POINT('',#309);
#309 = CARTESIAN_POINT('',(2.653292716902E-03,4.682661156608E-07,
    5.714324813553));
#310 = SURFACE_CURVE('',#311,(#316,#323),.PCURVE_S1.);
#311 = ELLIPSE('',#312,5.711259045126,5.711258873367);
#312 = AXIS2_PLACEMENT_3D('',#313,#314,#315);
#313 = CARTESIAN_POINT('',(2.653121245518E-03,4.682661156608E-07,
    3.065849331971E-03));
#314 = DIRECTION('',(0.,1.,0.));
#315 = DIRECTION('',(-0.686319881231,0.,-0.727299814813));
#316 = PCURVE('',#72,#317);
#317 = DEFINITIONAL_REPRESENTATION('',(#318),#322);
#318 = ELLIPSE('',#319,5.711259045126,5.711258873367);
#319 = AXIS2_PLACEMENT_2D('',#320,#321);
#320 = CARTESIAN_POINT('',(4.336808689942E-19,4.336808689942E-19));
#321 = DIRECTION('',(-0.727299814813,-0.686319881231));
#322 = ( GEOMETRIC_REPRESENTATION_CONTEXT(2) 
PARAMETRIC_REPRESENTATION_CONTEXT() REPRESENTATION_CONTEXT('2D SPACE',''
  ) );
#323 = PCURVE('',#324,#329);
#324 = CYLINDRICAL_SURFACE('',#325,5.711258873367);
#325 = AXIS2_PLACEMENT_3D('',#326,#327,#328);
#326 = CARTESIAN_POINT('',(2.822148818226E-03,-1.004201558942,
    3.244969485258E-03));
#327 = DIRECTION('',(-1.683202812242E-04,0.999999969926,
    -1.783706296605E-04));
#328 = DIRECTION('',(-6.617444900424E-24,1.783706321873E-04,
    0.999999984092));
#329 = DEFINITIONAL_REPRESENTATION('',(#330),#345);
#330 = B_SPLINE_CURVE_WITH_KNOTS('',7,(#331,#332,#333,#334,#335,#336,
    #337,#338,#339,#340,#341,#342,#343,#344),.UNSPECIFIED.,.F.,.F.,(8,6,
    8),(2.385175750915,5.526768404505,8.668361058094),.UNSPECIFIED.);
#331 = CARTESIAN_POINT('',(-8.881784197001E-16,1.003183336522));
#332 = CARTESIAN_POINT('',(0.448798950513,1.002751896795));
#333 = CARTESIAN_POINT('',(0.897597901024,1.002560201318));
#334 = CARTESIAN_POINT('',(1.346396851544,1.002747210821));
#335 = CARTESIAN_POINT('',(1.795195802046,1.003348950007));
#336 = CARTESIAN_POINT('',(2.243994752564,1.004118782904));
#337 = CARTESIAN_POINT('',(2.692793703077,1.004789338568));
#338 = CARTESIAN_POINT('',(3.590391604103,1.005652218022));
#339 = CARTESIAN_POINT('',(4.039190554616,1.005843913499));
#340 = CARTESIAN_POINT('',(4.487989505128,1.005656903997));
#341 = CARTESIAN_POINT('',(4.936788455642,1.00505516481));
#342 = CARTESIAN_POINT('',(5.385587406153,1.004285331913));
#343 = CARTESIAN_POINT('',(5.834386356667,1.003614776249));
#344 = CARTESIAN_POINT('',(6.28318530718,1.003183336522));
#345 = ( GEOMETRIC_REPRESENTATION_CONTEXT(2) 
PARAMETRIC_REPRESENTATION_CONTEXT() REPRESENTATION_CONTEXT('2D SPACE',''
  ) );
#346 = ADVANCED_FACE('',(#347,#395),#100,.T.);
#347 = FACE_BOUND('',#348,.T.);
#348 = EDGE_LOOP('',(#349,#350,#351,#374));
#349 = ORIENTED_EDGE('',*,*,#84,.T.);
#350 = ORIENTED_EDGE('',*,*,#260,.T.);
#351 = ORIENTED_EDGE('',*,*,#352,.F.);
#352 = EDGE_CURVE('',#353,#261,#355,.T.);
#353 = VERTEX_POINT('',#354);
#354 = CARTESIAN_POINT('',(-11.04928617166,17.462499943101,
    11.048951052212));
#355 = SURFACE_CURVE('',#356,(#360,#367),.PCURVE_S1.);
#356 = LINE('',#357,#358);
#357 = CARTESIAN_POINT('',(-11.04928617166,17.462499943101,
    11.048951052212));
#358 = VECTOR('',#359,1.);
#359 = DIRECTION('',(1.683202812242E-04,-0.999999969926,
    1.783706296605E-04));
#360 = PCURVE('',#100,#361);
#361 = DEFINITIONAL_REPRESENTATION('',(#362),#366);
#362 = LINE('',#363,#364);
#363 = CARTESIAN_POINT('',(22.098,0.));
#364 = VECTOR('',#365,1.);
#365 = DIRECTION('',(1.783706296605E-04,-0.999999984092));
#366 = ( GEOMETRIC_REPRESENTATION_CONTEXT(2) 
PARAMETRIC_REPRESENTATION_CONTEXT() REPRESENTATION_CONTEXT('2D SPACE',''
  ) );
#367 = PCURVE('',#159,#368);
#368 = DEFINITIONAL_REPRESENTATION('',(#369),#373);
#369 = LINE('',#370,#371);
#370 = CARTESIAN_POINT('',(0.,0.));
#371 = VECTOR('',#372,1.);
#372 = DIRECTION('',(1.683202812242E-04,-0.999999985834));
#373 = ( GEOMETRIC_REPRESENTATION_CONTEXT(2) 
PARAMETRIC_REPRESENTATION_CONTEXT() REPRESENTATION_CONTEXT('2D SPACE',''
  ) );
#374 = ORIENTED_EDGE('',*,*,#375,.F.);
#375 = EDGE_CURVE('',#85,#353,#376,.T.);
#376 = SURFACE_CURVE('',#377,(#381,#388),.PCURVE_S1.);
#377 = LINE('',#378,#379);
#378 = CARTESIAN_POINT('',(-11.04928617166,17.462499943101,
    -11.04904894778));
#379 = VECTOR('',#380,1.);
#380 = DIRECTION('',(0.,0.,1.));
#381 = PCURVE('',#100,#382);
#382 = DEFINITIONAL_REPRESENTATION('',(#383),#387);
#383 = LINE('',#384,#385);
#384 = CARTESIAN_POINT('',(0.,0.));
#385 = VECTOR('',#386,1.);
#386 = DIRECTION('',(1.,0.));
#387 = ( GEOMETRIC_REPRESENTATION_CONTEXT(2) 
PARAMETRIC_REPRESENTATION_CONTEXT() REPRESENTATION_CONTEXT('2D SPACE',''
  ) );
#388 = PCURVE('',#126,#389);
#389 = DEFINITIONAL_REPRESENTATION('',(#390),#394);
#390 = LINE('',#391,#392);
#391 = CARTESIAN_POINT('',(-11.049,-11.049));
#392 = VECTOR('',#393,1.);
#393 = DIRECTION('',(1.,0.));
#394 = ( GEOMETRIC_REPRESENTATION_CONTEXT(2) 
PARAMETRIC_REPRESENTATION_CONTEXT() REPRESENTATION_CONTEXT('2D SPACE',''
  ) );
#395 = FACE_BOUND('',#396,.T.);
#396 = EDGE_LOOP('',(#397));
#397 = ORIENTED_EDGE('',*,*,#398,.F.);
#398 = EDGE_CURVE('',#399,#399,#401,.T.);
#399 = VERTEX_POINT('',#400);
#400 = CARTESIAN_POINT('',(-11.04781528796,8.72389967089,2.27783283591)
  );
#401 = SURFACE_CURVE('',#402,(#407,#414),.PCURVE_S1.);
#402 = ELLIPSE('',#403,2.285994225827,2.285993787911);
#403 = AXIS2_PLACEMENT_3D('',#404,#405,#406);
#404 = CARTESIAN_POINT('',(-11.04781528792,8.723899432565,
    -8.161389917207E-03));
#405 = DIRECTION('',(-0.999999985834,-1.683202839018E-04,
    -6.617444900424E-24));
#406 = DIRECTION('',(-3.002339502416E-08,1.783706271335E-04,
    0.999999984092));
#407 = PCURVE('',#100,#408);
#408 = DEFINITIONAL_REPRESENTATION('',(#409),#413);
#409 = ELLIPSE('',#410,2.285994225827,2.285993787911);
#410 = AXIS2_PLACEMENT_2D('',#411,#412);
#411 = CARTESIAN_POINT('',(11.040887557871,-8.738600634325));
#412 = DIRECTION('',(0.999999984092,1.783706296603E-04));
#413 = ( GEOMETRIC_REPRESENTATION_CONTEXT(2) 
PARAMETRIC_REPRESENTATION_CONTEXT() REPRESENTATION_CONTEXT('2D SPACE',''
  ) );
#414 = PCURVE('',#415,#420);
#415 = CYLINDRICAL_SURFACE('',#416,2.285993787911);
#416 = AXIS2_PLACEMENT_3D('',#417,#418,#419);
#417 = CARTESIAN_POINT('',(-11.42164842641,8.723836467591,
    -8.392783076834E-03));
#418 = DIRECTION('',(0.999999794251,1.684306584967E-04,
    6.189743181999E-04));
#419 = DIRECTION('',(-6.189743269797E-04,-1.323488980085E-23,
    0.999999808435));
#420 = DEFINITIONAL_REPRESENTATION('',(#421),#436);
#421 = B_SPLINE_CURVE_WITH_KNOTS('',7,(#422,#423,#424,#425,#426,#427,
    #428,#429,#430,#431,#432,#433,#434,#435),.UNSPECIFIED.,.F.,.F.,(8,6,
    8),(6.283007040769,9.424599694359,12.566192347949),.UNSPECIFIED.);
#422 = CARTESIAN_POINT('',(6.28318530718,0.375248187124));
#423 = CARTESIAN_POINT('',(5.834386356667,0.37524830033));
#424 = CARTESIAN_POINT('',(5.385587406154,0.374915852479));
#425 = CARTESIAN_POINT('',(4.936788455642,0.374251416734));
#426 = CARTESIAN_POINT('',(4.487989505129,0.373415619666));
#427 = CARTESIAN_POINT('',(4.039190554616,0.372751030994));
#428 = CARTESIAN_POINT('',(3.590391604103,0.372418356896));
#429 = CARTESIAN_POINT('',(2.692793703077,0.372418130484));
#430 = CARTESIAN_POINT('',(2.243994752564,0.372750578335));
#431 = CARTESIAN_POINT('',(1.795195802051,0.37341501408));
#432 = CARTESIAN_POINT('',(1.346396851539,0.374250811148));
#433 = CARTESIAN_POINT('',(0.897597901025,0.37491539982));
#434 = CARTESIAN_POINT('',(0.448798950513,0.375248073919));
#435 = CARTESIAN_POINT('',(1.476416083328E-14,0.375248187124));
#436 = ( GEOMETRIC_REPRESENTATION_CONTEXT(2) 
PARAMETRIC_REPRESENTATION_CONTEXT() REPRESENTATION_CONTEXT('2D SPACE',''
  ) );
#437 = ADVANCED_FACE('',(#438,#464),#126,.T.);
#438 = FACE_BOUND('',#439,.T.);
#439 = EDGE_LOOP('',(#440,#441,#442,#463));
#440 = ORIENTED_EDGE('',*,*,#112,.T.);
#441 = ORIENTED_EDGE('',*,*,#375,.T.);
#442 = ORIENTED_EDGE('',*,*,#443,.T.);
#443 = EDGE_CURVE('',#353,#142,#444,.T.);
#444 = SURFACE_CURVE('',#445,(#449,#456),.PCURVE_S1.);
#445 = LINE('',#446,#447);
#446 = CARTESIAN_POINT('',(-11.04928617166,17.462499943101,
    11.048951052212));
#447 = VECTOR('',#448,1.);
#448 = DIRECTION('',(1.,0.,0.));
#449 = PCURVE('',#126,#450);
#450 = DEFINITIONAL_REPRESENTATION('',(#451),#455);
#451 = LINE('',#452,#453);
#452 = CARTESIAN_POINT('',(11.049,-11.049));
#453 = VECTOR('',#454,1.);
#454 = DIRECTION('',(0.,1.));
#455 = ( GEOMETRIC_REPRESENTATION_CONTEXT(2) 
PARAMETRIC_REPRESENTATION_CONTEXT() REPRESENTATION_CONTEXT('2D SPACE',''
  ) );
#456 = PCURVE('',#159,#457);
#457 = DEFINITIONAL_REPRESENTATION('',(#458),#462);
#458 = LINE('',#459,#460);
#459 = CARTESIAN_POINT('',(0.,0.));
#460 = VECTOR('',#461,1.);
#461 = DIRECTION('',(1.,0.));
#462 = ( GEOMETRIC_REPRESENTATION_CONTEXT(2) 
PARAMETRIC_REPRESENTATION_CONTEXT() REPRESENTATION_CONTEXT('2D SPACE',''
  ) );
#463 = ORIENTED_EDGE('',*,*,#193,.T.);
#464 = FACE_BOUND('',#465,.T.);
#465 = EDGE_LOOP('',(#466));
#466 = ORIENTED_EDGE('',*,*,#467,.F.);
#467 = EDGE_CURVE('',#468,#468,#470,.T.);
#468 = VERTEX_POINT('',#469);
#469 = CARTESIAN_POINT('',(-2.860001939748E-04,17.462499943101,
    5.711210016433));
#470 = SURFACE_CURVE('',#471,(#476,#483),.PCURVE_S1.);
#471 = ELLIPSE('',#472,5.711259045126,5.711258873367);
#472 = AXIS2_PLACEMENT_3D('',#473,#474,#475);
#473 = CARTESIAN_POINT('',(-2.861716653595E-04,17.462499943101,
    -4.894778847565E-05));
#474 = DIRECTION('',(0.,1.,0.));
#475 = DIRECTION('',(-0.686319881231,0.,-0.727299814813));
#476 = PCURVE('',#126,#477);
#477 = DEFINITIONAL_REPRESENTATION('',(#478),#482);
#478 = ELLIPSE('',#479,5.711259045126,5.711258873367);
#479 = AXIS2_PLACEMENT_2D('',#480,#481);
#480 = CARTESIAN_POINT('',(4.336808689942E-19,4.336808689942E-19));
#481 = DIRECTION('',(-0.727299814813,-0.686319881231));
#482 = ( GEOMETRIC_REPRESENTATION_CONTEXT(2) 
PARAMETRIC_REPRESENTATION_CONTEXT() REPRESENTATION_CONTEXT('2D SPACE',''
  ) );
#483 = PCURVE('',#324,#484);
#484 = DEFINITIONAL_REPRESENTATION('',(#485),#500);
#485 = B_SPLINE_CURVE_WITH_KNOTS('',7,(#486,#487,#488,#489,#490,#491,
    #492,#493,#494,#495,#496,#497,#498,#499),.UNSPECIFIED.,.F.,.F.,(8,6,
    8),(2.385175750915,5.526768404505,8.668361058094),.UNSPECIFIED.);
#486 = CARTESIAN_POINT('',(-8.881784197001E-16,18.465683336522));
#487 = CARTESIAN_POINT('',(0.448798950513,18.465251896795));
#488 = CARTESIAN_POINT('',(0.897597901024,18.465060201321));
#489 = CARTESIAN_POINT('',(1.346396851544,18.465247210812));
#490 = CARTESIAN_POINT('',(1.795195802046,18.465848950022));
#491 = CARTESIAN_POINT('',(2.243994752564,18.466618782898));
#492 = CARTESIAN_POINT('',(2.692793703077,18.467289338568));
#493 = CARTESIAN_POINT('',(3.590391604103,18.468152218022));
#494 = CARTESIAN_POINT('',(4.039190554616,18.468343913497));
#495 = CARTESIAN_POINT('',(4.487989505128,18.468156903995));
#496 = CARTESIAN_POINT('',(4.936788455642,18.467555164807));
#497 = CARTESIAN_POINT('',(5.385587406153,18.466785331913));
#498 = CARTESIAN_POINT('',(5.834386356667,18.466114776249));
#499 = CARTESIAN_POINT('',(6.28318530718,18.465683336522));
#500 = ( GEOMETRIC_REPRESENTATION_CONTEXT(2) 
PARAMETRIC_REPRESENTATION_CONTEXT() REPRESENTATION_CONTEXT('2D SPACE',''
  ) );
#501 = ADVANCED_FACE('',(#502),#159,.T.);
#502 = FACE_BOUND('',#503,.T.);
#503 = EDGE_LOOP('',(#504,#505,#506,#507));
#504 = ORIENTED_EDGE('',*,*,#352,.T.);
#505 = ORIENTED_EDGE('',*,*,#283,.T.);
#506 = ORIENTED_EDGE('',*,*,#141,.F.);
#507 = ORIENTED_EDGE('',*,*,#443,.F.);
#508 = ADVANCED_FACE('',(#509),#233,.F.);
#509 = FACE_BOUND('',#510,.F.);
#510 = EDGE_LOOP('',(#511,#512,#535,#1018));
#511 = ORIENTED_EDGE('',*,*,#216,.F.);
#512 = ORIENTED_EDGE('',*,*,#513,.F.);
#513 = EDGE_CURVE('',#514,#217,#516,.T.);
#514 = VERTEX_POINT('',#515);
#515 = CARTESIAN_POINT('',(5.238927030071,8.736278660756,2.278460157584)
  );
#516 = SEAM_CURVE('',#517,(#521,#528),.PCURVE_S1.);
#517 = LINE('',#518,#519);
#518 = CARTESIAN_POINT('',(4.861399667298,8.736215073561,2.278226477794)
  );
#519 = VECTOR('',#520,1.);
#520 = DIRECTION('',(0.999999794251,1.684306584967E-04,
    6.189743181999E-04));
#521 = PCURVE('',#233,#522);
#522 = DEFINITIONAL_REPRESENTATION('',(#523),#527);
#523 = LINE('',#524,#525);
#524 = CARTESIAN_POINT('',(6.28318530718,-0.));
#525 = VECTOR('',#526,1.);
#526 = DIRECTION('',(0.,1.));
#527 = ( GEOMETRIC_REPRESENTATION_CONTEXT(2) 
PARAMETRIC_REPRESENTATION_CONTEXT() REPRESENTATION_CONTEXT('2D SPACE',''
  ) );
#528 = PCURVE('',#233,#529);
#529 = DEFINITIONAL_REPRESENTATION('',(#530),#534);
#530 = LINE('',#531,#532);
#531 = CARTESIAN_POINT('',(0.,-0.));
#532 = VECTOR('',#533,1.);
#533 = DIRECTION('',(0.,1.));
#534 = ( GEOMETRIC_REPRESENTATION_CONTEXT(2) 
PARAMETRIC_REPRESENTATION_CONTEXT() REPRESENTATION_CONTEXT('2D SPACE',''
  ) );
#535 = ORIENTED_EDGE('',*,*,#536,.T.);
#536 = EDGE_CURVE('',#514,#514,#537,.T.);
#537 = SURFACE_CURVE('',#538,(#696,#857),.PCURVE_S1.);
#538 = B_SPLINE_CURVE_WITH_KNOTS('',6,(#539,#540,#541,#542,#543,#544,
    #545,#546,#547,#548,#549,#550,#551,#552,#553,#554,#555,#556,#557,
    #558,#559,#560,#561,#562,#563,#564,#565,#566,#567,#568,#569,#570,
    #571,#572,#573,#574,#575,#576,#577,#578,#579,#580,#581,#582,#583,
    #584,#585,#586,#587,#588,#589,#590,#591,#592,#593,#594,#595,#596,
    #597,#598,#599,#600,#601,#602,#603,#604,#605,#606,#607,#608,#609,
    #610,#611,#612,#613,#614,#615,#616,#617,#618,#619,#620,#621,#622,
    #623,#624,#625,#626,#627,#628,#629,#630,#631,#632,#633,#634,#635,
    #636,#637,#638,#639,#640,#641,#642,#643,#644,#645,#646,#647,#648,
    #649,#650,#651,#652,#653,#654,#655,#656,#657,#658,#659,#660,#661,
    #662,#663,#664,#665,#666,#667,#668,#669,#670,#671,#672,#673,#674,
    #675,#676,#677,#678,#679,#680,#681,#682,#683,#684,#685,#686,#687,
    #688,#689,#690,#691,#692,#693,#694,#695),.UNSPECIFIED.,.T.,.F.,(7,5,
    5,5,5,5,5,5,5,5,5,5,5,5,5,5,5,5,5,5,5,5,5,5,5,5,5,5,5,5,5,7),(0.,
    3.412260370158E-02,0.12676150186,0.151563086709,0.183488665645,
    0.222892272052,0.278565758515,0.316228435093,0.346874256006,
    0.371599338347,0.46347237486,0.501782415973,0.535927217525,
    0.626619065377,0.651330528165,0.683063938721,0.721892318774,
    0.776926953395,0.816424541227,0.847179155145,0.871999140025,
    0.964133988547,0.999969237116,0.999972724406,0.999976336243,
    0.99997994808,0.99998343537,0.999987047207,0.999990534497,
    0.999994021788,0.999997633624,1.),.UNSPECIFIED.);
#539 = CARTESIAN_POINT('',(5.238927030071,8.736278660756,2.278460157584)
  );
#540 = CARTESIAN_POINT('',(5.238944820276,8.663900570133,2.278460168596)
  );
#541 = CARTESIAN_POINT('',(5.240162796768,8.591522501264,2.275699458259)
  );
#542 = CARTESIAN_POINT('',(5.242580639343,8.519241061583,2.270178342348)
  );
#543 = CARTESIAN_POINT('',(5.246185655537,8.44715248568,2.261896110123)
  );
#544 = CARTESIAN_POINT('',(5.250952780629,8.375352635306,2.250851024326)
  );
#545 = CARTESIAN_POINT('',(5.272840120871,8.110051858544,2.199545869331)
  );
#546 = CARTESIAN_POINT('',(5.297099350325,7.919326146418,2.141729007516)
  );
#547 = CARTESIAN_POINT('',(5.328860787716,7.733243771248,2.06357624291)
  );
#548 = CARTESIAN_POINT('',(5.36684982286,7.553510857315,1.964717381435)
  );
#549 = CARTESIAN_POINT('',(5.409232727369,7.38234765389,1.844589697245)
  );
#550 = CARTESIAN_POINT('',(5.465421007742,7.180105223763,1.664622017038)
  );
#551 = CARTESIAN_POINT('',(5.477429828611,7.138215028899,1.625038841888)
  );
#552 = CARTESIAN_POINT('',(5.489535677209,7.097200782022,1.583862068723)
  );
#553 = CARTESIAN_POINT('',(5.501688904696,7.05712537888,1.541076375231)
  );
#554 = CARTESIAN_POINT('',(5.513835924516,7.018058891829,1.496667886159)
  );
#555 = CARTESIAN_POINT('',(5.541473297492,6.93118880029,1.391354888789)
  );
#556 = CARTESIAN_POINT('',(5.556925754707,6.884086175808,1.329361011025)
  );
#557 = CARTESIAN_POINT('',(5.572148421138,6.838954311366,1.264634548494)
  );
#558 = CARTESIAN_POINT('',(5.587002397601,6.795991327757,1.197177885578)
  );
#559 = CARTESIAN_POINT('',(5.601339931394,6.755410528551,1.127004638396)
  );
#560 = CARTESIAN_POINT('',(5.631873782433,6.67057792305,0.964209192016)
  );
#561 = CARTESIAN_POINT('',(5.647743515313,6.627624650969,0.870047606415)
  );
#562 = CARTESIAN_POINT('',(5.662265521403,6.5891815114,0.771966085214));
#563 = CARTESIAN_POINT('',(5.675103450428,6.555780398456,0.67032807657)
  );
#564 = CARTESIAN_POINT('',(5.68595451304,6.527890980294,0.56554743592));
#565 = CARTESIAN_POINT('',(5.706741440336,6.474893608177,0.306252695938)
  );
#566 = CARTESIAN_POINT('',(5.714438492845,6.455716284999,0.149202810873)
  );
#567 = CARTESIAN_POINT('',(5.716869498252,6.449780364318,
    -1.04686237779E-02));
#568 = CARTESIAN_POINT('',(5.713734816787,6.457501939978,-0.169992621766
    ));
#569 = CARTESIAN_POINT('',(5.705381896462,6.478388438195,-0.326604664129
    ));
#570 = CARTESIAN_POINT('',(5.684022136351,6.533018468602,-0.579952554168
    ));
#571 = CARTESIAN_POINT('',(5.673396422569,6.56041347413,-0.679652518366)
  );
#572 = CARTESIAN_POINT('',(5.66098771461,6.592790031054,-0.776432448454)
  );
#573 = CARTESIAN_POINT('',(5.647061758781,6.629734815266,-0.869942384562
    ));
#574 = CARTESIAN_POINT('',(5.631910664419,6.670785677225,-0.959874282348
    ));
#575 = CARTESIAN_POINT('',(5.602758396392,6.751750930986,-1.116014392242
    ));
#576 = CARTESIAN_POINT('',(5.58905580204,6.790488288466,-1.183590869876)
  );
#577 = CARTESIAN_POINT('',(5.574866474987,6.831435674337,-1.248668786812
    ));
#578 = CARTESIAN_POINT('',(5.560321699495,6.874403088393,-1.311234057414
    ));
#579 = CARTESIAN_POINT('',(5.54554540326,6.919213163836,-1.371282395162)
  );
#580 = CARTESIAN_POINT('',(5.518636977371,7.003206716344,-1.475238913009
    ));
#581 = CARTESIAN_POINT('',(5.506543245185,7.041811881997,-1.520032759473
    ));
#582 = CARTESIAN_POINT('',(5.494429149873,7.081438052036,-1.563211664015
    ));
#583 = CARTESIAN_POINT('',(5.482348544839,7.122014449486,-1.604788834927
    ));
#584 = CARTESIAN_POINT('',(5.47035133931,7.163477566005,-1.64477918579)
  );
#585 = CARTESIAN_POINT('',(5.41438517857,7.36292497939,-1.825960268121)
  );
#586 = CARTESIAN_POINT('',(5.372023569053,7.531721190596,-1.947199843949
    ));
#587 = CARTESIAN_POINT('',(5.333823614418,7.709131522011,-2.047476943203
    ));
#588 = CARTESIAN_POINT('',(5.301604899807,7.892965895629,-2.127354651064
    ));
#589 = CARTESIAN_POINT('',(5.276646548981,8.08155096314,-2.187209139325)
  );
#590 = CARTESIAN_POINT('',(5.252685516984,8.3534607523,-2.243685305932)
  );
#591 = CARTESIAN_POINT('',(5.247038204976,8.434001149066,-2.256817015136
    ));
#592 = CARTESIAN_POINT('',(5.242851721915,8.514925162508,-2.266464206598
    ));
#593 = CARTESIAN_POINT('',(5.240163191194,8.596095478548,-2.272629072168
    ));
#594 = CARTESIAN_POINT('',(5.23898992789,8.677377127143,-2.275312518114)
  );
#595 = CARTESIAN_POINT('',(5.239632036502,8.831062847016,-2.273802612658
    ));
#596 = CARTESIAN_POINT('',(5.241136407448,8.903468660886,-2.270325026908
    ));
#597 = CARTESIAN_POINT('',(5.243840252944,8.975758010516,-2.264081686559
    ));
#598 = CARTESIAN_POINT('',(5.247728901919,9.047834386223,-2.255071806773
    ));
#599 = CARTESIAN_POINT('',(5.252775310901,9.119601682018,-2.243293539187
    ));
#600 = CARTESIAN_POINT('',(5.275314235952,9.380509834476,-2.190098934272
    ));
#601 = CARTESIAN_POINT('',(5.299553184395,9.56689661998,-2.131963087147)
  );
#602 = CARTESIAN_POINT('',(5.330910550044,9.748727939136,-2.054313015537
    ));
#603 = CARTESIAN_POINT('',(5.368169704971,9.924392823528,-1.956798238064
    ));
#604 = CARTESIAN_POINT('',(5.409601044852,10.091800834184,
    -1.838891586893));
#605 = CARTESIAN_POINT('',(5.464704587568,10.290670030585,
    -1.662235373897));
#606 = CARTESIAN_POINT('',(5.476646592246,10.332441207506,
    -1.622843072012));
#607 = CARTESIAN_POINT('',(5.48868605002,10.373344473291,-1.581869619912
    ));
#608 = CARTESIAN_POINT('',(5.500773943481,10.413317822972,
    -1.539299919459));
#609 = CARTESIAN_POINT('',(5.512857395267,10.452292211925,
    -1.495120250087));
#610 = CARTESIAN_POINT('',(5.540318159983,10.538860283061,
    -1.390501310506));
#611 = CARTESIAN_POINT('',(5.555659546751,10.585768237234,
    -1.328994737511));
#612 = CARTESIAN_POINT('',(5.57077846897,10.630736288393,-1.264790064304
    ));
#613 = CARTESIAN_POINT('',(5.585539081803,10.673570938068,
    -1.197888788964));
#614 = CARTESIAN_POINT('',(5.599796838911,10.714063672861,
    -1.128303226945));
#615 = CARTESIAN_POINT('',(5.630045176224,10.798396618637,
    -0.967658697577));
#616 = CARTESIAN_POINT('',(5.645732766865,10.841022910341,-0.87515894262
    ));
#617 = CARTESIAN_POINT('',(5.66013135933,10.879302490382,-0.778843401217
    ));
#618 = CARTESIAN_POINT('',(5.672920537273,10.912728798289,
    -0.679046962106));
#619 = CARTESIAN_POINT('',(5.683809368469,10.940849818468,
    -0.576151815166));
#620 = CARTESIAN_POINT('',(5.704949970435,10.995029782718,
    -0.320956977311));
#621 = CARTESIAN_POINT('',(5.713032687598,11.015313661974,
    -0.166036341849));
#622 = CARTESIAN_POINT('',(5.716012049344,11.022718783307,
    -8.325442178353E-03));
#623 = CARTESIAN_POINT('',(5.713561605628,11.016779927936,0.149501344187
    ));
#624 = CARTESIAN_POINT('',(5.705972130158,10.997902713325,0.304765666473
    ));
#625 = CARTESIAN_POINT('',(5.685416657132,10.945545231312,0.56274154838)
  );
#626 = CARTESIAN_POINT('',(5.674579642646,10.917707708764,0.66783715232)
  );
#627 = CARTESIAN_POINT('',(5.661744879522,10.884325521674,0.76977813102)
  );
#628 = CARTESIAN_POINT('',(5.647216735118,10.845870923654,0.868150072168
    ));
#629 = CARTESIAN_POINT('',(5.631333134712,10.802877823462,0.962589247451
    ));
#630 = CARTESIAN_POINT('',(5.601296022986,10.719406251217,1.123016092342
    ));
#631 = CARTESIAN_POINT('',(5.5875232695,10.68043756595,1.190751807256));
#632 = CARTESIAN_POINT('',(5.573265666756,10.639247220069,1.255968273558
    ));
#633 = CARTESIAN_POINT('',(5.558655742514,10.596027076011,1.318651874362
    ));
#634 = CARTESIAN_POINT('',(5.543818506107,10.550956121662,1.37879887309)
  );
#635 = CARTESIAN_POINT('',(5.516805754207,10.466468155771,1.482912584076
    ));
#636 = CARTESIAN_POINT('',(5.504666795294,10.427631128765,1.527770699815
    ));
#637 = CARTESIAN_POINT('',(5.492511261571,10.387768728917,1.571000915949
    ));
#638 = CARTESIAN_POINT('',(5.480393462169,10.346952371212,1.612616769248
    ));
#639 = CARTESIAN_POINT('',(5.468363705628,10.305246118085,1.652633473866
    ));
#640 = CARTESIAN_POINT('',(5.412311085045,10.104795030533,1.833741336112
    ));
#641 = CARTESIAN_POINT('',(5.369955201006,9.935223575803,1.954771538146)
  );
#642 = CARTESIAN_POINT('',(5.331837611102,9.757039627897,2.054724734543)
  );
#643 = CARTESIAN_POINT('',(5.299783120463,9.572447488657,2.134168847497)
  );
#644 = CARTESIAN_POINT('',(5.2750696155,9.383133163925,2.193482036677));
#645 = CARTESIAN_POINT('',(5.252023834448,9.115651196654,2.247937053907)
  );
#646 = CARTESIAN_POINT('',(5.246802750757,9.040300581472,2.260134948524)
  );
#647 = CARTESIAN_POINT('',(5.242859624999,8.964615917824,2.269284795569)
  );
#648 = CARTESIAN_POINT('',(5.240224910971,8.88870939375,2.27538853443));
#649 = CARTESIAN_POINT('',(5.238913945505,8.812691338829,2.278447040235)
  );
#650 = CARTESIAN_POINT('',(5.238926949727,8.73666282622,2.278460125133)
  );
#651 = CARTESIAN_POINT('',(5.238926951005,8.736655428261,2.278460126377)
  );
#652 = CARTESIAN_POINT('',(5.238926952295,8.736648030301,2.278460127593)
  );
#653 = CARTESIAN_POINT('',(5.238926953598,8.736640632342,2.278460128779)
  );
#654 = CARTESIAN_POINT('',(5.238926954914,8.736633234382,2.278460129937)
  );
#655 = CARTESIAN_POINT('',(5.238926957618,8.736618174251,2.278460132236)
  );
#656 = CARTESIAN_POINT('',(5.238926959006,8.736610512079,2.278460133374)
  );
#657 = CARTESIAN_POINT('',(5.238926960409,8.736602849906,2.278460134481)
  );
#658 = CARTESIAN_POINT('',(5.238926961825,8.736595187734,2.278460135558)
  );
#659 = CARTESIAN_POINT('',(5.238926963254,8.736587525562,2.278460136604)
  );
#660 = CARTESIAN_POINT('',(5.23892696614,8.736572201217,2.278460138633)
  );
#661 = CARTESIAN_POINT('',(5.238926967596,8.736564539045,2.278460139617)
  );
#662 = CARTESIAN_POINT('',(5.238926969065,8.736556876873,2.278460140569)
  );
#663 = CARTESIAN_POINT('',(5.238926970548,8.736549214701,2.278460141491)
  );
#664 = CARTESIAN_POINT('',(5.238926972045,8.736541552528,2.278460142382)
  );
#665 = CARTESIAN_POINT('',(5.238926975013,8.736526492397,2.278460144072)
  );
#666 = CARTESIAN_POINT('',(5.238926976483,8.736519094437,2.278460144874)
  );
#667 = CARTESIAN_POINT('',(5.238926977966,8.736511696478,2.278460145646)
  );
#668 = CARTESIAN_POINT('',(5.238926979462,8.736504298519,2.27846014639)
  );
#669 = CARTESIAN_POINT('',(5.23892698097,8.736496900559,2.278460147105)
  );
#670 = CARTESIAN_POINT('',(5.238926984065,8.736481840427,2.278460148502)
  );
#671 = CARTESIAN_POINT('',(5.238926985654,8.736474178255,2.278460149182)
  );
#672 = CARTESIAN_POINT('',(5.238926987256,8.736466516083,2.27846014983)
  );
#673 = CARTESIAN_POINT('',(5.238926988871,8.736458853911,2.278460150448)
  );
#674 = CARTESIAN_POINT('',(5.2389269905,8.736451191738,2.278460151035));
#675 = CARTESIAN_POINT('',(5.238926993727,8.736436131607,2.278460152128)
  );
#676 = CARTESIAN_POINT('',(5.238926995325,8.736428733647,2.278460152636)
  );
#677 = CARTESIAN_POINT('',(5.238926996936,8.736421335688,2.278460153115)
  );
#678 = CARTESIAN_POINT('',(5.238926998559,8.736413937728,2.278460153565)
  );
#679 = CARTESIAN_POINT('',(5.238927000195,8.736406539769,2.278460153986)
  );
#680 = CARTESIAN_POINT('',(5.238927003491,8.73639174385,2.278460154771)
  );
#681 = CARTESIAN_POINT('',(5.238927005152,8.736384345891,2.278460155135)
  );
#682 = CARTESIAN_POINT('',(5.238927006825,8.736376947931,2.27846015547)
  );
#683 = CARTESIAN_POINT('',(5.238927008511,8.736369549972,2.278460155776)
  );
#684 = CARTESIAN_POINT('',(5.23892701021,8.736362152013,2.278460156053)
  );
#685 = CARTESIAN_POINT('',(5.238927013693,8.736347091881,2.278460156559)
  );
#686 = CARTESIAN_POINT('',(5.238927015478,8.736339429709,2.278460156785)
  );
#687 = CARTESIAN_POINT('',(5.238927017277,8.736331767536,2.27846015698)
  );
#688 = CARTESIAN_POINT('',(5.238927019089,8.736324105364,2.278460157145)
  );
#689 = CARTESIAN_POINT('',(5.238927020915,8.736316443192,2.278460157278)
  );
#690 = CARTESIAN_POINT('',(5.238927023959,8.736303760976,2.278460157448)
  );
#691 = CARTESIAN_POINT('',(5.23892702517,8.736298740932,2.278460157502)
  );
#692 = CARTESIAN_POINT('',(5.238927026387,8.736293720888,2.278460157542)
  );
#693 = CARTESIAN_POINT('',(5.238927027609,8.736288700844,2.27846015757)
  );
#694 = CARTESIAN_POINT('',(5.238927028837,8.7362836808,2.278460157584));
#695 = CARTESIAN_POINT('',(5.238927030071,8.736278660756,2.278460157584)
  );
#696 = PCURVE('',#233,#697);
#697 = DEFINITIONAL_REPRESENTATION('',(#698),#856);
#698 = B_SPLINE_CURVE_WITH_KNOTS('',6,(#699,#700,#701,#702,#703,#704,
    #705,#706,#707,#708,#709,#710,#711,#712,#713,#714,#715,#716,#717,
    #718,#719,#720,#721,#722,#723,#724,#725,#726,#727,#728,#729,#730,
    #731,#732,#733,#734,#735,#736,#737,#738,#739,#740,#741,#742,#743,
    #744,#745,#746,#747,#748,#749,#750,#751,#752,#753,#754,#755,#756,
    #757,#758,#759,#760,#761,#762,#763,#764,#765,#766,#767,#768,#769,
    #770,#771,#772,#773,#774,#775,#776,#777,#778,#779,#780,#781,#782,
    #783,#784,#785,#786,#787,#788,#789,#790,#791,#792,#793,#794,#795,
    #796,#797,#798,#799,#800,#801,#802,#803,#804,#805,#806,#807,#808,
    #809,#810,#811,#812,#813,#814,#815,#816,#817,#818,#819,#820,#821,
    #822,#823,#824,#825,#826,#827,#828,#829,#830,#831,#832,#833,#834,
    #835,#836,#837,#838,#839,#840,#841,#842,#843,#844,#845,#846,#847,
    #848,#849,#850,#851,#852,#853,#854,#855),.UNSPECIFIED.,.F.,.F.,(7,5,
    5,5,5,5,5,5,5,5,5,5,5,5,5,5,5,5,5,5,5,5,5,5,5,5,5,5,5,5,5,7),(0.,
    3.412260370158E-02,0.12676150186,0.151563086709,0.183488665645,
    0.222892272052,0.278565758515,0.316228435093,0.346874256006,
    0.371599338347,0.46347237486,0.501782415973,0.535927217525,
    0.626619065377,0.651330528165,0.683063938721,0.721892318774,
    0.776926953395,0.816424541227,0.847179155145,0.871999140025,
    0.964133988547,0.999969237116,0.999972724406,0.999976336243,
    0.99997994808,0.99998343537,0.999987047207,0.999990534497,
    0.999994021788,0.999997633624,1.),.UNSPECIFIED.);
#699 = CARTESIAN_POINT('',(0.,0.377527440449));
#700 = CARTESIAN_POINT('',(3.179300029735E-02,0.377533039967));
#701 = CARTESIAN_POINT('',(6.358620912032E-02,0.378737116714));
#702 = CARTESIAN_POINT('',(9.539465277214E-02,0.381139366952));
#703 = CARTESIAN_POINT('',(0.127234143268,0.38472711399));
#704 = CARTESIAN_POINT('',(0.159121278338,0.38947530818));
#705 = CARTESIAN_POINT('',(0.277819845875,0.411286202561));
#706 = CARTESIAN_POINT('',(0.364900406663,0.435477515814));
#707 = CARTESIAN_POINT('',(0.452848752049,0.467159230138));
#708 = CARTESIAN_POINT('',(0.54218783666,0.505056793837));
#709 = CARTESIAN_POINT('',(0.63344299914,0.547336504543));
#710 = CARTESIAN_POINT('',(0.75237430674,0.603379314158));
#711 = CARTESIAN_POINT('',(0.777682224073,0.615356575994));
#712 = CARTESIAN_POINT('',(0.803196410792,0.627430026679));
#713 = CARTESIAN_POINT('',(0.828931611604,0.639550018494));
#714 = CARTESIAN_POINT('',(0.854902540295,0.651662968107));
#715 = CARTESIAN_POINT('',(0.914877022799,0.679220517769));
#716 = CARTESIAN_POINT('',(0.949053910457,0.69462666566));
#717 = CARTESIAN_POINT('',(0.983675186141,0.709801663351));
#718 = CARTESIAN_POINT('',(1.018762414426,0.724606646533));
#719 = CARTESIAN_POINT('',(1.054339613306,0.738893906887));
#720 = CARTESIAN_POINT('',(1.13498464412,0.769312697032));
#721 = CARTESIAN_POINT('',(1.18038843755,0.785116908396));
#722 = CARTESIAN_POINT('',(1.226562742434,0.799571726551));
#723 = CARTESIAN_POINT('',(1.273447059928,0.812341115847));
#724 = CARTESIAN_POINT('',(1.320997354778,0.823122622267));
#725 = CARTESIAN_POINT('',(1.437256438573,0.843740122119));
#726 = CARTESIAN_POINT('',(1.506534211775,0.85133673315));
#727 = CARTESIAN_POINT('',(1.57634231528,0.853667905748));
#728 = CARTESIAN_POINT('',(1.646118661351,0.85043578422));
#729 = CARTESIAN_POINT('',(1.715298422042,0.841989444709));
#730 = CARTESIAN_POINT('',(1.82913721537,0.820482074526));
#731 = CARTESIAN_POINT('',(1.874481694407,0.809799265372));
#732 = CARTESIAN_POINT('',(1.919207486764,0.79733610888));
#733 = CARTESIAN_POINT('',(1.963278544298,0.783358498301));
#734 = CARTESIAN_POINT('',(2.006645270793,0.768158655745));
#735 = CARTESIAN_POINT('',(2.083898415065,0.738923384029));
#736 = CARTESIAN_POINT('',(2.118080368548,0.725185488951));
#737 = CARTESIAN_POINT('',(2.151809774481,0.710962780054));
#738 = CARTESIAN_POINT('',(2.185107497748,0.696386518288));
#739 = CARTESIAN_POINT('',(2.217992263808,0.681580604105));
#740 = CARTESIAN_POINT('',(2.276694551184,0.654621984427));
#741 = CARTESIAN_POINT('',(2.302655103973,0.642507030782));
#742 = CARTESIAN_POINT('',(2.328377982855,0.630372885592));
#743 = CARTESIAN_POINT('',(2.353877724945,0.618273382152));
#744 = CARTESIAN_POINT('',(2.379168967052,0.606258409751));
#745 = CARTESIAN_POINT('',(2.497523225915,0.550213707148));
#746 = CARTESIAN_POINT('',(2.588210621944,0.50780549262));
#747 = CARTESIAN_POINT('',(2.676966818272,0.469573358235));
#748 = CARTESIAN_POINT('',(2.764312851999,0.437336171347));
#749 = CARTESIAN_POINT('',(2.850767278109,0.412372540773));
#750 = CARTESIAN_POINT('',(2.972756650871,0.388422354354));
#751 = CARTESIAN_POINT('',(3.008569225788,0.382780480789));
#752 = CARTESIAN_POINT('',(3.044318395064,0.378601657311));
#753 = CARTESIAN_POINT('',(3.080027030563,0.375922982819));
#754 = CARTESIAN_POINT('',(3.115718044135,0.374761749094));
#755 = CARTESIAN_POINT('',(3.183229664474,0.375430677553));
#756 = CARTESIAN_POINT('',(3.215048326103,0.376949396086));
#757 = CARTESIAN_POINT('',(3.246885382394,0.379669281235));
#758 = CARTESIAN_POINT('',(3.278756712553,0.383575646165));
#759 = CARTESIAN_POINT('',(3.310679065108,0.388641432367));
#760 = CARTESIAN_POINT('',(3.427641184384,0.411257223807));
#761 = CARTESIAN_POINT('',(3.512961984289,0.435563545108));
#762 = CARTESIAN_POINT('',(3.599135680352,0.466999593674));
#763 = CARTESIAN_POINT('',(3.686656350176,0.504348687431));
#764 = CARTESIAN_POINT('',(3.776021202844,0.545881196618));
#765 = CARTESIAN_POINT('',(3.892852390494,0.601127569324));
#766 = CARTESIAN_POINT('',(3.918059108663,0.613100989915));
#767 = CARTESIAN_POINT('',(3.94346993577,0.625172696091));
#768 = CARTESIAN_POINT('',(3.969099462603,0.637293669354));
#769 = CARTESIAN_POINT('',(3.99496226399,0.649411029217));
#770 = CARTESIAN_POINT('',(4.054603066632,0.676951125436));
#771 = CARTESIAN_POINT('',(4.088550331456,0.692338480775));
#772 = CARTESIAN_POINT('',(4.122935353662,0.707504714925));
#773 = CARTESIAN_POINT('',(4.157779646896,0.722313949561));
#774 = CARTESIAN_POINT('',(4.193107081993,0.73662159563));
#775 = CARTESIAN_POINT('',(4.272796444247,0.76698356581));
#776 = CARTESIAN_POINT('',(4.317470915191,0.78273558777));
#777 = CARTESIAN_POINT('',(4.362894227839,0.797200241575));
#778 = CARTESIAN_POINT('',(4.409012595779,0.810056818334));
#779 = CARTESIAN_POINT('',(4.455787485126,0.821014073186));
#780 = CARTESIAN_POINT('',(4.570377643781,0.842321755419));
#781 = CARTESIAN_POINT('',(4.638792859023,0.850503779241));
#782 = CARTESIAN_POINT('',(4.707779951425,0.853582006621));
#783 = CARTESIAN_POINT('',(4.776791442981,0.851228253851));
#784 = CARTESIAN_POINT('',(4.845281832435,0.843731705068));
#785 = CARTESIAN_POINT('',(4.960916483122,0.823327098112));
#786 = CARTESIAN_POINT('',(5.008593557704,0.812550448643));
#787 = CARTESIAN_POINT('',(5.055600253576,0.799773164424));
#788 = CARTESIAN_POINT('',(5.101893611183,0.785299435782));
#789 = CARTESIAN_POINT('',(5.147414162503,0.769467052711));
#790 = CARTESIAN_POINT('',(5.226858070837,0.739515188091));
#791 = CARTESIAN_POINT('',(5.261156432687,0.725777800585));
#792 = CARTESIAN_POINT('',(5.29499922874,0.711553630375));
#793 = CARTESIAN_POINT('',(5.328407623105,0.696975229081));
#794 = CARTESIAN_POINT('',(5.361400620101,0.682167633843));
#795 = CARTESIAN_POINT('',(5.420302122281,0.655205100851));
#796 = CARTESIAN_POINT('',(5.446354292581,0.643087369111));
#797 = CARTESIAN_POINT('',(5.472167454104,0.630951882232));
#798 = CARTESIAN_POINT('',(5.497756318612,0.618852969741));
#799 = CARTESIAN_POINT('',(5.52313568668,0.606840960377));
#800 = CARTESIAN_POINT('',(5.641809390287,0.550866690333));
#801 = CARTESIAN_POINT('',(5.732723982388,0.508557168564));
#802 = CARTESIAN_POINT('',(5.821705991646,0.470471443325));
#803 = CARTESIAN_POINT('',(5.909279007144,0.438435042171));
#804 = CARTESIAN_POINT('',(5.995964173362,0.413726369297));
#805 = CARTESIAN_POINT('',(6.115868768259,0.39066924708));
#806 = CARTESIAN_POINT('',(6.149371076323,0.385443023293));
#807 = CARTESIAN_POINT('',(6.182817828796,0.381492814249));
#808 = CARTESIAN_POINT('',(6.216227868048,0.378849093835));
#809 = CARTESIAN_POINT('',(6.249620062765,0.377527218004));
#810 = CARTESIAN_POINT('',(6.283016557596,0.37752742479));
#811 = CARTESIAN_POINT('',(6.283019807244,0.377527424823));
#812 = CARTESIAN_POINT('',(6.283023056892,0.377527424868));
#813 = CARTESIAN_POINT('',(6.28302630654,0.377527424926));
#814 = CARTESIAN_POINT('',(6.283029556188,0.377527424996));
#815 = CARTESIAN_POINT('',(6.283036171543,0.377527425164));
#816 = CARTESIAN_POINT('',(6.28303953725,0.377527425263));
#817 = CARTESIAN_POINT('',(6.283042902957,0.377527425376));
#818 = CARTESIAN_POINT('',(6.283046268664,0.377527425502));
#819 = CARTESIAN_POINT('',(6.283049634371,0.377527425641));
#820 = CARTESIAN_POINT('',(6.283056365785,0.377527425947));
#821 = CARTESIAN_POINT('',(6.283059731492,0.377527426113));
#822 = CARTESIAN_POINT('',(6.283063097199,0.377527426293));
#823 = CARTESIAN_POINT('',(6.283066462906,0.377527426486));
#824 = CARTESIAN_POINT('',(6.283069828613,0.377527426693));
#825 = CARTESIAN_POINT('',(6.283076443968,0.377527427125));
#826 = CARTESIAN_POINT('',(6.283079693616,0.37752742735));
#827 = CARTESIAN_POINT('',(6.283082943264,0.377527427587));
#828 = CARTESIAN_POINT('',(6.283086192912,0.377527427837));
#829 = CARTESIAN_POINT('',(6.28308944256,0.3775274281));
#830 = CARTESIAN_POINT('',(6.283096057915,0.37752742866));
#831 = CARTESIAN_POINT('',(6.283099423622,0.377527428958));
#832 = CARTESIAN_POINT('',(6.283102789329,0.37752742927));
#833 = CARTESIAN_POINT('',(6.283106155036,0.377527429595));
#834 = CARTESIAN_POINT('',(6.283109520743,0.377527429933));
#835 = CARTESIAN_POINT('',(6.283116136098,0.377527430625));
#836 = CARTESIAN_POINT('',(6.283119385747,0.377527430977));
#837 = CARTESIAN_POINT('',(6.283122635395,0.377527431342));
#838 = CARTESIAN_POINT('',(6.283125885043,0.37752743172));
#839 = CARTESIAN_POINT('',(6.283129134691,0.377527432109));
#840 = CARTESIAN_POINT('',(6.283135633987,0.377527432914));
#841 = CARTESIAN_POINT('',(6.283138883635,0.377527433329));
#842 = CARTESIAN_POINT('',(6.283142133283,0.377527433757));
#843 = CARTESIAN_POINT('',(6.283145382931,0.377527434197));
#844 = CARTESIAN_POINT('',(6.283148632579,0.377527434649));
#845 = CARTESIAN_POINT('',(6.283155247935,0.377527435596));
#846 = CARTESIAN_POINT('',(6.283158613642,0.377527436091));
#847 = CARTESIAN_POINT('',(6.283161979349,0.377527436599));
#848 = CARTESIAN_POINT('',(6.283165345055,0.377527437121));
#849 = CARTESIAN_POINT('',(6.283168710762,0.377527437657));
#850 = CARTESIAN_POINT('',(6.283174281588,0.377527438565));
#851 = CARTESIAN_POINT('',(6.283176486706,0.37752743893));
#852 = CARTESIAN_POINT('',(6.283178691825,0.377527439301));
#853 = CARTESIAN_POINT('',(6.283180896943,0.377527439678));
#854 = CARTESIAN_POINT('',(6.283183102061,0.377527440061));
#855 = CARTESIAN_POINT('',(6.28318530718,0.377527440449));
#856 = ( GEOMETRIC_REPRESENTATION_CONTEXT(2) 
PARAMETRIC_REPRESENTATION_CONTEXT() REPRESENTATION_CONTEXT('2D SPACE',''
  ) );
#857 = PCURVE('',#324,#858);
#858 = DEFINITIONAL_REPRESENTATION('',(#859),#1017);
#859 = B_SPLINE_CURVE_WITH_KNOTS('',6,(#860,#861,#862,#863,#864,#865,
    #866,#867,#868,#869,#870,#871,#872,#873,#874,#875,#876,#877,#878,
    #879,#880,#881,#882,#883,#884,#885,#886,#887,#888,#889,#890,#891,
    #892,#893,#894,#895,#896,#897,#898,#899,#900,#901,#902,#903,#904,
    #905,#906,#907,#908,#909,#910,#911,#912,#913,#914,#915,#916,#917,
    #918,#919,#920,#921,#922,#923,#924,#925,#926,#927,#928,#929,#930,
    #931,#932,#933,#934,#935,#936,#937,#938,#939,#940,#941,#942,#943,
    #944,#945,#946,#947,#948,#949,#950,#951,#952,#953,#954,#955,#956,
    #957,#958,#959,#960,#961,#962,#963,#964,#965,#966,#967,#968,#969,
    #970,#971,#972,#973,#974,#975,#976,#977,#978,#979,#980,#981,#982,
    #983,#984,#985,#986,#987,#988,#989,#990,#991,#992,#993,#994,#995,
    #996,#997,#998,#999,#1000,#1001,#1002,#1003,#1004,#1005,#1006,#1007,
    #1008,#1009,#1010,#1011,#1012,#1013,#1014,#1015,#1016),
  .UNSPECIFIED.,.T.,.F.,(7,5,5,5,5,5,5,5,5,5,5,5,5,5,5,5,5,5,5,5,5,5,5,5
    ,5,5,5,5,5,5,5,7),(0.,3.412260370158E-02,0.12676150186,
    0.151563086709,0.183488665645,0.222892272052,0.278565758515,
    0.316228435093,0.346874256006,0.371599338347,0.46347237486,
    0.501782415973,0.535927217525,0.626619065377,0.651330528165,
    0.683063938721,0.721892318774,0.776926953395,0.816424541227,
    0.847179155145,0.871999140025,0.964133988547,0.999969237116,
    0.999972724406,0.999976336243,0.99997994808,0.99998343537,
    0.999987047207,0.999990534497,0.999994021788,0.999997633624,1.),
  .UNSPECIFIED.);
#860 = CARTESIAN_POINT('',(1.160721580934,9.739192752553));
#861 = CARTESIAN_POINT('',(1.160724043658,9.666814661109));
#862 = CARTESIAN_POINT('',(1.161253598583,9.594436881837));
#863 = CARTESIAN_POINT('',(1.162310152449,9.522156022162));
#864 = CARTESIAN_POINT('',(1.163892936517,9.450068318937));
#865 = CARTESIAN_POINT('',(1.166000506575,9.378269638438));
#866 = CARTESIAN_POINT('',(1.175771528566,9.112974336903));
#867 = CARTESIAN_POINT('',(1.186753006943,8.922254860023));
#868 = CARTESIAN_POINT('',(1.201525799063,8.736181084514));
#869 = CARTESIAN_POINT('',(1.220066329861,8.556459415178));
#870 = CARTESIAN_POINT('',(1.242359054524,8.385310510249));
#871 = CARTESIAN_POINT('',(1.275374438733,8.183090729525));
#872 = CARTESIAN_POINT('',(1.282617771848,8.141205575068));
#873 = CARTESIAN_POINT('',(1.290133097174,8.100196636492));
#874 = CARTESIAN_POINT('',(1.297921257653,8.060126820632));
#875 = CARTESIAN_POINT('',(1.305982949654,8.021066211336));
#876 = CARTESIAN_POINT('',(1.325048859395,7.934210255225));
#877 = CARTESIAN_POINT('',(1.336235893518,7.887116089085));
#878 = CARTESIAN_POINT('',(1.347877703388,7.841993209016));
#879 = CARTESIAN_POINT('',(1.359970886165,7.799039758761));
#880 = CARTESIAN_POINT('',(1.372510919576,7.758469064324));
#881 = CARTESIAN_POINT('',(1.40151440168,7.673660359834));
#882 = CARTESIAN_POINT('',(1.418232225591,7.630721213508));
#883 = CARTESIAN_POINT('',(1.435588376435,7.592293125611));
#884 = CARTESIAN_POINT('',(1.453520271366,7.558907982023));
#885 = CARTESIAN_POINT('',(1.471960520768,7.531035428034));
#886 = CARTESIAN_POINT('',(1.517508329529,7.478080809215));
#887 = CARTESIAN_POINT('',(1.545027013071,7.458930204131));
#888 = CARTESIAN_POINT('',(1.572963083262,7.453022355135));
#889 = CARTESIAN_POINT('',(1.600875207622,7.46077291259));
#890 = CARTESIAN_POINT('',(1.628322141273,7.481688751133));
#891 = CARTESIAN_POINT('',(1.672837060823,7.536367565001));
#892 = CARTESIAN_POINT('',(1.690387440386,7.563782141773));
#893 = CARTESIAN_POINT('',(1.707464896242,7.596178049058));
#894 = CARTESIAN_POINT('',(1.724012351469,7.633141855606));
#895 = CARTESIAN_POINT('',(1.739976736774,7.674211307776));
#896 = CARTESIAN_POINT('',(1.767785237419,7.75520931683));
#897 = CARTESIAN_POINT('',(1.779855327226,7.793961033228));
#898 = CARTESIAN_POINT('',(1.791514416382,7.834922414208));
#899 = CARTESIAN_POINT('',(1.802758222948,7.87790343496));
#900 = CARTESIAN_POINT('',(1.813583442727,7.922726707065));
#901 = CARTESIAN_POINT('',(1.832382195384,8.00674332907));
#902 = CARTESIAN_POINT('',(1.840504209526,8.04535851909));
#903 = CARTESIAN_POINT('',(1.848354366396,8.084994428833));
#904 = CARTESIAN_POINT('',(1.855933292982,8.12558027462));
#905 = CARTESIAN_POINT('',(1.86324180142,8.167052542369));
#906 = CARTESIAN_POINT('',(1.89643660973,8.366541687379));
#907 = CARTESIAN_POINT('',(1.918901666412,8.535366649407));
#908 = CARTESIAN_POINT('',(1.937676600468,8.712801291802));
#909 = CARTESIAN_POINT('',(1.952748533883,8.896655330791));
#910 = CARTESIAN_POINT('',(1.964095456412,9.08525526991));
#911 = CARTESIAN_POINT('',(1.974826258073,9.35717915771));
#912 = CARTESIAN_POINT('',(1.977325868925,9.437722844923));
#913 = CARTESIAN_POINT('',(1.979163926421,9.518649281377));
#914 = CARTESIAN_POINT('',(1.980338243681,9.59982114714));
#915 = CARTESIAN_POINT('',(1.980847770207,9.681103469423));
#916 = CARTESIAN_POINT('',(1.980554285239,9.834788807272));
#917 = CARTESIAN_POINT('',(1.979887922573,9.907193745448));
#918 = CARTESIAN_POINT('',(1.978693734111,9.979481524164));
#919 = CARTESIAN_POINT('',(1.97697261474,10.051555636067));
#920 = CARTESIAN_POINT('',(1.974726124015,10.123319979393));
#921 = CARTESIAN_POINT('',(1.964600063965,10.384214841892));
#922 = CARTESIAN_POINT('',(1.953564283288,10.570587172156));
#923 = CARTESIAN_POINT('',(1.938895736895,10.752399357271));
#924 = CARTESIAN_POINT('',(1.920616889641,10.928040571137));
#925 = CARTESIAN_POINT('',(1.898742101141,11.095420571939));
#926 = CARTESIAN_POINT('',(1.866333365302,11.294248977036));
#927 = CARTESIAN_POINT('',(1.859124694742,11.33601111619));
#928 = CARTESIAN_POINT('',(1.851646118946,11.376905045798));
#929 = CARTESIAN_POINT('',(1.843896814354,11.416868766456));
#930 = CARTESIAN_POINT('',(1.835876093773,11.455833239992));
#931 = CARTESIAN_POINT('',(1.816934289572,11.542378025374));
#932 = CARTESIAN_POINT('',(1.80583406622,11.589272424904));
#933 = CARTESIAN_POINT('',(1.794284709092,11.634226477661));
#934 = CARTESIAN_POINT('',(1.782289421667,11.677046708315));
#935 = CARTESIAN_POINT('',(1.769852482642,11.717524629999));
#936 = CARTESIAN_POINT('',(1.741227459749,11.801823827565));
#937 = CARTESIAN_POINT('',(1.72480130842,11.844430978208));
#938 = CARTESIAN_POINT('',(1.707753564206,11.882690953658));
#939 = CARTESIAN_POINT('',(1.690142019668,11.916097307129));
#940 = CARTESIAN_POINT('',(1.672028990066,11.944198140178));
#941 = CARTESIAN_POINT('',(1.627191349126,11.998329025144));
#942 = CARTESIAN_POINT('',(1.60004093082,12.018583910013));
#943 = CARTESIAN_POINT('',(1.572445421085,12.025960398644));
#944 = CARTESIAN_POINT('',(1.544831730858,12.019993804247));
#945 = CARTESIAN_POINT('',(1.517626947526,12.001090173072));
#946 = CARTESIAN_POINT('',(1.472315588453,11.948690137216));
#947 = CARTESIAN_POINT('',(1.453822343819,11.920835693626));
#948 = CARTESIAN_POINT('',(1.435839764837,11.887437484613));
#949 = CARTESIAN_POINT('',(1.418435241734,11.848967786466));
#950 = CARTESIAN_POINT('',(1.401671335526,11.805960515925));
#951 = CARTESIAN_POINT('',(1.373095755516,11.722465386607));
#952 = CARTESIAN_POINT('',(1.360995460601,11.683486938684));
#953 = CARTESIAN_POINT('',(1.349309624094,11.642287361183));
#954 = CARTESIAN_POINT('',(1.338042491901,11.599058496659));
#955 = CARTESIAN_POINT('',(1.32719732367,11.553979312614));
#956 = CARTESIAN_POINT('',(1.30836611381,11.469477325231));
#957 = CARTESIAN_POINT('',(1.300230583523,11.430634341255));
#958 = CARTESIAN_POINT('',(1.292369191031,11.390766277628));
#959 = CARTESIAN_POINT('',(1.284781280458,11.349944537776));
#960 = CARTESIAN_POINT('',(1.277466015349,11.30823317295));
#961 = CARTESIAN_POINT('',(1.244275529582,11.107759221896));
#962 = CARTESIAN_POINT('',(1.22184213885,10.938173313387));
#963 = CARTESIAN_POINT('',(1.203121533909,10.759977958088));
#964 = CARTESIAN_POINT('',(1.188126670446,10.575377049324));
#965 = CARTESIAN_POINT('',(1.176879447011,10.386056310338));
#966 = CARTESIAN_POINT('',(1.166530680404,10.118568517008));
#967 = CARTESIAN_POINT('',(1.164208790627,10.04321660716));
#968 = CARTESIAN_POINT('',(1.162465586686,9.967530977433));
#969 = CARTESIAN_POINT('',(1.161302843559,9.89162381039));
#970 = CARTESIAN_POINT('',(1.160721483101,9.81560543287));
#971 = CARTESIAN_POINT('',(1.160721574047,9.739576918024));
#972 = CARTESIAN_POINT('',(1.160721574062,9.739569520064));
#973 = CARTESIAN_POINT('',(1.160721574082,9.739562122105));
#974 = CARTESIAN_POINT('',(1.160721574107,9.739554724145));
#975 = CARTESIAN_POINT('',(1.160721574138,9.739547326186));
#976 = CARTESIAN_POINT('',(1.160721574212,9.739532266053));
#977 = CARTESIAN_POINT('',(1.160721574256,9.739524603881));
#978 = CARTESIAN_POINT('',(1.160721574305,9.739516941709));
#979 = CARTESIAN_POINT('',(1.16072157436,9.739509279536));
#980 = CARTESIAN_POINT('',(1.160721574422,9.739501617364));
#981 = CARTESIAN_POINT('',(1.160721574556,9.739486293019));
#982 = CARTESIAN_POINT('',(1.160721574629,9.739478630846));
#983 = CARTESIAN_POINT('',(1.160721574708,9.739470968674));
#984 = CARTESIAN_POINT('',(1.160721574793,9.739463306502));
#985 = CARTESIAN_POINT('',(1.160721574884,9.739455644329));
#986 = CARTESIAN_POINT('',(1.160721575074,9.739440584197));
#987 = CARTESIAN_POINT('',(1.160721575173,9.739433186238));
#988 = CARTESIAN_POINT('',(1.160721575278,9.739425788278));
#989 = CARTESIAN_POINT('',(1.160721575388,9.739418390318));
#990 = CARTESIAN_POINT('',(1.160721575503,9.739410992359));
#991 = CARTESIAN_POINT('',(1.160721575749,9.739395932227));
#992 = CARTESIAN_POINT('',(1.16072157588,9.739388270054));
#993 = CARTESIAN_POINT('',(1.160721576017,9.739380607882));
#994 = CARTESIAN_POINT('',(1.16072157616,9.73937294571));
#995 = CARTESIAN_POINT('',(1.160721576309,9.739365283537));
#996 = CARTESIAN_POINT('',(1.160721576614,9.739350223405));
#997 = CARTESIAN_POINT('',(1.160721576769,9.739342825446));
#998 = CARTESIAN_POINT('',(1.160721576929,9.739335427486));
#999 = CARTESIAN_POINT('',(1.160721577095,9.739328029527));
#1000 = CARTESIAN_POINT('',(1.160721577266,9.739320631567));
#1001 = CARTESIAN_POINT('',(1.16072157762,9.739305835648));
#1002 = CARTESIAN_POINT('',(1.160721577803,9.739298437688));
#1003 = CARTESIAN_POINT('',(1.160721577991,9.739291039729));
#1004 = CARTESIAN_POINT('',(1.160721578184,9.739283641769));
#1005 = CARTESIAN_POINT('',(1.160721578383,9.73927624381));
#1006 = CARTESIAN_POINT('',(1.1607215788,9.739261183678));
#1007 = CARTESIAN_POINT('',(1.160721579018,9.739253521506));
#1008 = CARTESIAN_POINT('',(1.160721579241,9.739245859333));
#1009 = CARTESIAN_POINT('',(1.160721579471,9.739238197161));
#1010 = CARTESIAN_POINT('',(1.160721579706,9.739230534989));
#1011 = CARTESIAN_POINT('',(1.160721580106,9.739217852772));
#1012 = CARTESIAN_POINT('',(1.160721580266,9.739212832728));
#1013 = CARTESIAN_POINT('',(1.16072158043,9.739207812684));
#1014 = CARTESIAN_POINT('',(1.160721580595,9.73920279264));
#1015 = CARTESIAN_POINT('',(1.160721580764,9.739197772596));
#1016 = CARTESIAN_POINT('',(1.160721580934,9.739192752553));
#1017 = ( GEOMETRIC_REPRESENTATION_CONTEXT(2) 
PARAMETRIC_REPRESENTATION_CONTEXT() REPRESENTATION_CONTEXT('2D SPACE',''
  ) );
#1018 = ORIENTED_EDGE('',*,*,#513,.T.);
#1019 = ADVANCED_FACE('',(#1020,#1046,#1049),#324,.F.);
#1020 = FACE_BOUND('',#1021,.F.);
#1021 = EDGE_LOOP('',(#1022,#1023,#1044,#1045));
#1022 = ORIENTED_EDGE('',*,*,#307,.T.);
#1023 = ORIENTED_EDGE('',*,*,#1024,.T.);
#1024 = EDGE_CURVE('',#308,#468,#1025,.T.);
#1025 = SEAM_CURVE('',#1026,(#1030,#1037),.PCURVE_S1.);
#1026 = LINE('',#1027,#1028);
#1027 = CARTESIAN_POINT('',(2.822148818225E-03,-1.003182838086,
    5.714503751997));
#1028 = VECTOR('',#1029,1.);
#1029 = DIRECTION('',(-1.683202812242E-04,0.999999969926,
    -1.783706296605E-04));
#1030 = PCURVE('',#324,#1031);
#1031 = DEFINITIONAL_REPRESENTATION('',(#1032),#1036);
#1032 = LINE('',#1033,#1034);
#1033 = CARTESIAN_POINT('',(6.28318530718,-0.));
#1034 = VECTOR('',#1035,1.);
#1035 = DIRECTION('',(0.,1.));
#1036 = ( GEOMETRIC_REPRESENTATION_CONTEXT(2) 
PARAMETRIC_REPRESENTATION_CONTEXT() REPRESENTATION_CONTEXT('2D SPACE',''
  ) );
#1037 = PCURVE('',#324,#1038);
#1038 = DEFINITIONAL_REPRESENTATION('',(#1039),#1043);
#1039 = LINE('',#1040,#1041);
#1040 = CARTESIAN_POINT('',(0.,-0.));
#1041 = VECTOR('',#1042,1.);
#1042 = DIRECTION('',(0.,1.));
#1043 = ( GEOMETRIC_REPRESENTATION_CONTEXT(2) 
PARAMETRIC_REPRESENTATION_CONTEXT() REPRESENTATION_CONTEXT('2D SPACE',''
  ) );
#1044 = ORIENTED_EDGE('',*,*,#467,.F.);
#1045 = ORIENTED_EDGE('',*,*,#1024,.F.);
#1046 = FACE_BOUND('',#1047,.F.);
#1047 = EDGE_LOOP('',(#1048));
#1048 = ORIENTED_EDGE('',*,*,#536,.F.);
#1049 = FACE_BOUND('',#1050,.F.);
#1050 = EDGE_LOOP('',(#1051));
#1051 = ORIENTED_EDGE('',*,*,#1052,.T.);
#1052 = EDGE_CURVE('',#1053,#1053,#1055,.T.);
#1053 = VERTEX_POINT('',#1054);
#1054 = CARTESIAN_POINT('',(-5.23526826678,8.724878682214,2.281430653979
    ));
#1055 = SURFACE_CURVE('',#1056,(#1214,#1375),.PCURVE_S1.);
#1056 = B_SPLINE_CURVE_WITH_KNOTS('',6,(#1057,#1058,#1059,#1060,#1061,
    #1062,#1063,#1064,#1065,#1066,#1067,#1068,#1069,#1070,#1071,#1072,
    #1073,#1074,#1075,#1076,#1077,#1078,#1079,#1080,#1081,#1082,#1083,
    #1084,#1085,#1086,#1087,#1088,#1089,#1090,#1091,#1092,#1093,#1094,
    #1095,#1096,#1097,#1098,#1099,#1100,#1101,#1102,#1103,#1104,#1105,
    #1106,#1107,#1108,#1109,#1110,#1111,#1112,#1113,#1114,#1115,#1116,
    #1117,#1118,#1119,#1120,#1121,#1122,#1123,#1124,#1125,#1126,#1127,
    #1128,#1129,#1130,#1131,#1132,#1133,#1134,#1135,#1136,#1137,#1138,
    #1139,#1140,#1141,#1142,#1143,#1144,#1145,#1146,#1147,#1148,#1149,
    #1150,#1151,#1152,#1153,#1154,#1155,#1156,#1157,#1158,#1159,#1160,
    #1161,#1162,#1163,#1164,#1165,#1166,#1167,#1168,#1169,#1170,#1171,
    #1172,#1173,#1174,#1175,#1176,#1177,#1178,#1179,#1180,#1181,#1182,
    #1183,#1184,#1185,#1186,#1187,#1188,#1189,#1190,#1191,#1192,#1193,
    #1194,#1195,#1196,#1197,#1198,#1199,#1200,#1201,#1202,#1203,#1204,
    #1205,#1206,#1207,#1208,#1209,#1210,#1211,#1212,#1213),
  .UNSPECIFIED.,.T.,.F.,(7,5,5,5,5,5,5,5,5,5,5,5,5,5,5,5,5,5,5,5,5,5,5,5
    ,5,5,5,5,5,5,5,7),(0.,3.593574116066E-02,0.127632321809,
    0.152068384152,0.183574451486,0.223094846978,0.278462690134,
    0.315837416713,0.347555818672,0.371934350663,0.463091871406,
    0.499993756978,0.53774290307,0.627487612933,0.651834469014,
    0.683150514969,0.721499676236,0.778576926628,0.816036064384,
    0.847865896327,0.872337340144,0.963768656084,0.999968117557,
    0.99997172924,0.999975340923,0.999978828065,0.999982439748,
    0.99998592689,0.999989538573,0.999993025716,0.999996637399,1.),
  .UNSPECIFIED.);
#1057 = CARTESIAN_POINT('',(-5.23526826678,8.724878682214,2.281430653979
    ));
#1058 = CARTESIAN_POINT('',(-5.235261325799,8.648337686216,
    2.281430658275));
#1059 = CARTESIAN_POINT('',(-5.236593769187,8.571799172594,
    2.278354555116));
#1060 = CARTESIAN_POINT('',(-5.239265321582,8.495373112023,2.27220250021
    ));
#1061 = CARTESIAN_POINT('',(-5.243260245954,8.419171370813,
    2.262973641935));
#1062 = CARTESIAN_POINT('',(-5.248547343603,8.343307710918,
    2.250666121343));
#1063 = CARTESIAN_POINT('',(-5.271749098342,8.075475658699,
    2.196009113736));
#1064 = CARTESIAN_POINT('',(-5.296502474044,7.886309760899,
    2.136738529091));
#1065 = CARTESIAN_POINT('',(-5.328559883113,7.701840640017,
    2.057443800343));
#1066 = CARTESIAN_POINT('',(-5.36664809844,7.523734646407,1.957754534437
    ));
#1067 = CARTESIAN_POINT('',(-5.408954251026,7.354167498109,
    1.837113142109));
#1068 = CARTESIAN_POINT('',(-5.464817236074,7.154029843022,
    1.657080142388));
#1069 = CARTESIAN_POINT('',(-5.476703226761,7.112724694148,
    1.617659500662));
#1070 = CARTESIAN_POINT('',(-5.488676376123,7.072280391856,
    1.576683710952));
#1071 = CARTESIAN_POINT('',(-5.5006885097,7.032757829456,1.534138062058)
  );
#1072 = CARTESIAN_POINT('',(-5.512687694685,6.994224783939,
    1.490009300489));
#1073 = CARTESIAN_POINT('',(-5.540000610302,6.908446304543,
    1.385332882426));
#1074 = CARTESIAN_POINT('',(-5.555272715723,6.86189357356,1.323714205943
    ));
#1075 = CARTESIAN_POINT('',(-5.570309913724,6.817275879337,
    1.259422332145));
#1076 = CARTESIAN_POINT('',(-5.584977345358,6.77478522554,1.19245996798)
  );
#1077 = CARTESIAN_POINT('',(-5.599131725332,6.734628105012,
    1.122840596886));
#1078 = CARTESIAN_POINT('',(-5.629546403739,6.649859211829,
    0.959959096722));
#1079 = CARTESIAN_POINT('',(-5.645451692684,6.606642975151,
    0.865053147811));
#1080 = CARTESIAN_POINT('',(-5.659983154569,6.567987135503,
    0.766187007887));
#1081 = CARTESIAN_POINT('',(-5.67279900702,6.534431634022,0.663730377607
    ));
#1082 = CARTESIAN_POINT('',(-5.683591951467,6.506452915022,
    0.558104228459));
#1083 = CARTESIAN_POINT('',(-5.704042763546,6.45367252547,0.298013462281
    ));
#1084 = CARTESIAN_POINT('',(-5.711498545996,6.434672677446,
    0.141093793277));
#1085 = CARTESIAN_POINT('',(-5.713698747613,6.428835880229,
    -1.840618395395E-02));
#1086 = CARTESIAN_POINT('',(-5.710352604774,6.436570257091,
    -0.17774309894));
#1087 = CARTESIAN_POINT('',(-5.70180821339,6.457386936446,
    -0.334179649105));
#1088 = CARTESIAN_POINT('',(-5.680172118365,6.51174251018,
    -0.587073105042));
#1089 = CARTESIAN_POINT('',(-5.669461845664,6.538945504049,
    -0.68648582769));
#1090 = CARTESIAN_POINT('',(-5.656981213786,6.571083637663,
    -0.783011939734));
#1091 = CARTESIAN_POINT('',(-5.642992302936,6.607750502282,
    -0.876305787456));
#1092 = CARTESIAN_POINT('',(-5.627783331875,6.648491414136,
    -0.966062634625));
#1093 = CARTESIAN_POINT('',(-5.597964599239,6.730400444875,
    -1.124969463134));
#1094 = CARTESIAN_POINT('',(-5.583598819276,6.770608125346,
    -1.195255061381));
#1095 = CARTESIAN_POINT('',(-5.568709430739,6.81319477701,
    -1.262850482948));
#1096 = CARTESIAN_POINT('',(-5.55344311519,6.85794886886,-1.327740928446
    ));
#1097 = CARTESIAN_POINT('',(-5.537937979014,6.904673608873,
    -1.389922798906));
#1098 = CARTESIAN_POINT('',(-5.51031907204,6.990472745827,-1.49511880594
    ));
#1099 = CARTESIAN_POINT('',(-5.49824840989,7.028822914261,
    -1.539247752847));
#1100 = CARTESIAN_POINT('',(-5.486165107517,7.068162385617,
    -1.581801318044));
#1101 = CARTESIAN_POINT('',(-5.47412086707,7.108423622585,
    -1.622792604952));
#1102 = CARTESIAN_POINT('',(-5.462163659293,7.149545939643,
    -1.662236206244));
#1103 = CARTESIAN_POINT('',(-5.406117547119,7.348260786398,
    -1.841910788609));
#1104 = CARTESIAN_POINT('',(-5.363683367015,7.516508150684,
    -1.962415683971));
#1105 = CARTESIAN_POINT('',(-5.325415200105,7.693259083838,
    -2.062214726716));
#1106 = CARTESIAN_POINT('',(-5.293104052656,7.876368805487,
    -2.141860395648));
#1107 = CARTESIAN_POINT('',(-5.268014555031,8.064195980207,
    -2.201721573007));
#1108 = CARTESIAN_POINT('',(-5.244016510206,8.332697531239,
    -2.258058493081));
#1109 = CARTESIAN_POINT('',(-5.23841747769,8.410562394499,
    -2.271044639676));
#1110 = CARTESIAN_POINT('',(-5.234186665827,8.488794547476,
    -2.280785869319));
#1111 = CARTESIAN_POINT('',(-5.231358781757,8.567270591138,
    -2.287284180012));
#1112 = CARTESIAN_POINT('',(-5.229951316974,8.645869292166,
    -2.290540458144));
#1113 = CARTESIAN_POINT('',(-5.229978081461,8.804878567928,
    -2.29056882073));
#1114 = CARTESIAN_POINT('',(-5.231478299958,8.885282246804,
    -2.287190319678));
#1115 = CARTESIAN_POINT('',(-5.234464841648,8.965555361592,
    -2.280419189904));
#1116 = CARTESIAN_POINT('',(-5.238918515137,9.045568232946,
    -2.270254404867));
#1117 = CARTESIAN_POINT('',(-5.244801298809,9.125188760173,
    -2.256693696917));
#1118 = CARTESIAN_POINT('',(-5.269304456578,9.39231946044,
    -2.199412570794));
#1119 = CARTESIAN_POINT('',(-5.294284160531,9.577103455922,
    -2.139936862771));
#1120 = CARTESIAN_POINT('',(-5.326232149344,9.757279783773,
    -2.061273652577));
#1121 = CARTESIAN_POINT('',(-5.363934446248,9.931276862995,
    -1.963069564453));
#1122 = CARTESIAN_POINT('',(-5.405682571627,10.09704896252,
    -1.844798400404));
#1123 = CARTESIAN_POINT('',(-5.461025024973,10.293768597841,
    -1.668258184603));
#1124 = CARTESIAN_POINT('',(-5.472969736145,10.334948370888,
    -1.629058229993));
#1125 = CARTESIAN_POINT('',(-5.485005346577,10.375275193732,
    -1.588315567795));
#1126 = CARTESIAN_POINT('',(-5.497084294365,10.41468907397,
    -1.546015582385));
#1127 = CARTESIAN_POINT('',(-5.50915532587,10.453123269709,
    -1.502145037952));
#1128 = CARTESIAN_POINT('',(-5.536608956013,10.538585476385,
    -1.398228391761));
#1129 = CARTESIAN_POINT('',(-5.551954112021,10.584935872692,
    -1.337132816003));
#1130 = CARTESIAN_POINT('',(-5.567076956623,10.629381764745,
    -1.273397281054));
#1131 = CARTESIAN_POINT('',(-5.581845470793,10.671735727198,
    -1.207023290588));
#1132 = CARTESIAN_POINT('',(-5.596119317297,10.711796009217,
    -1.138022706448));
#1133 = CARTESIAN_POINT('',(-5.626445343446,10.795328980171,
    -0.978733133618));
#1134 = CARTESIAN_POINT('',(-5.642198729499,10.837607083934,
    -0.887029243983));
#1135 = CARTESIAN_POINT('',(-5.656689244198,10.875632713599,
    -0.79158105609));
#1136 = CARTESIAN_POINT('',(-5.669605081147,10.908915184742,
    -0.692710082327));
#1137 = CARTESIAN_POINT('',(-5.680662274767,10.937015324866,
    -0.590783114523));
#1138 = CARTESIAN_POINT('',(-5.702957020669,10.993065139364,
    -0.330568307214));
#1139 = CARTESIAN_POINT('',(-5.711640165574,11.014226496842,
    -0.169127638576));
#1140 = CARTESIAN_POINT('',(-5.714766984419,11.02143959486,
    -4.685693653577E-03));
#1141 = CARTESIAN_POINT('',(-5.711972510803,11.014201364503,
    0.159758376603));
#1142 = CARTESIAN_POINT('',(-5.703617467446,10.993015848488,
    0.321206121864));
#1143 = CARTESIAN_POINT('',(-5.682058178377,10.937448150883,
    0.579017661295));
#1144 = CARTESIAN_POINT('',(-5.671509455807,10.910108928557,
    0.678657910125));
#1145 = CARTESIAN_POINT('',(-5.659176629496,10.877814295839,
    0.775395915071));
#1146 = CARTESIAN_POINT('',(-5.645323385863,10.840973683027,
    0.868883914933));
#1147 = CARTESIAN_POINT('',(-5.630239709612,10.800045096934,
    0.958815441741));
#1148 = CARTESIAN_POINT('',(-5.600619645347,10.717722901763,
    1.11809826903));
#1149 = CARTESIAN_POINT('',(-5.586327927448,10.677285572722,
    1.18858502405));
#1150 = CARTESIAN_POINT('',(-5.571506310004,10.634457117469,
    1.256360701843));
#1151 = CARTESIAN_POINT('',(-5.556302967565,10.589451035249,
    1.321410662439));
#1152 = CARTESIAN_POINT('',(-5.540857330678,10.542465813788,
    1.383731579655));
#1153 = CARTESIAN_POINT('',(-5.513335974864,10.456182367023,
    1.48915157519));
#1154 = CARTESIAN_POINT('',(-5.501304283598,10.417610571343,
    1.533372771731));
#1155 = CARTESIAN_POINT('',(-5.489259107487,10.378045262399,
    1.57600600585));
#1156 = CARTESIAN_POINT('',(-5.477252664036,10.337554550258,
    1.617064567343));
#1157 = CARTESIAN_POINT('',(-5.465333385239,10.296199617303,
    1.656563217117));
#1158 = CARTESIAN_POINT('',(-5.40950504742,10.096496313988,
    1.836327264176));
#1159 = CARTESIAN_POINT('',(-5.367254415018,9.927473252059,
    1.956746330811));
#1160 = CARTESIAN_POINT('',(-5.329190527419,9.749942700195,
    2.056328643535));
#1161 = CARTESIAN_POINT('',(-5.2971132986,9.566063318106,2.135627182865)
  );
#1162 = CARTESIAN_POINT('',(-5.272288750787,9.377488879871,
    2.195009765397));
#1163 = CARTESIAN_POINT('',(-5.24884662639,9.109695013212,2.250133676739
    ));
#1164 = CARTESIAN_POINT('',(-5.243460698364,9.033276271208,
    2.262640380389));
#1165 = CARTESIAN_POINT('',(-5.239385728235,8.956510584625,
    2.272022074216));
#1166 = CARTESIAN_POINT('',(-5.236653859597,8.87951436939,2.278280621141
    ));
#1167 = CARTESIAN_POINT('',(-5.235281299721,8.802402077719,
    2.281416862415));
#1168 = CARTESIAN_POINT('',(-5.235268318259,8.725278504132,
    2.281430618996));
#1169 = CARTESIAN_POINT('',(-5.235268316977,8.725270810147,
    2.281430620337));
#1170 = CARTESIAN_POINT('',(-5.235268315709,8.725263116162,
    2.281430621647));
#1171 = CARTESIAN_POINT('',(-5.235268314455,8.725255422177,
    2.281430622926));
#1172 = CARTESIAN_POINT('',(-5.235268313214,8.725247728192,
    2.281430624174));
#1173 = CARTESIAN_POINT('',(-5.235268310759,8.725232340222,
    2.281430626608));
#1174 = CARTESIAN_POINT('',(-5.235268309545,8.725224646237,
    2.281430627794));
#1175 = CARTESIAN_POINT('',(-5.235268308345,8.725216952252,
    2.281430628949));
#1176 = CARTESIAN_POINT('',(-5.235268307158,8.725209258267,
    2.281430630073));
#1177 = CARTESIAN_POINT('',(-5.235268305985,8.725201564281,
    2.281430631165));
#1178 = CARTESIAN_POINT('',(-5.235268303706,8.725186441621,
    2.281430633252));
#1179 = CARTESIAN_POINT('',(-5.235268302599,8.725179012946,
    2.281430634248));
#1180 = CARTESIAN_POINT('',(-5.235268301504,8.725171584271,
    2.281430635215));
#1181 = CARTESIAN_POINT('',(-5.235268300422,8.725164155595,
    2.281430636153));
#1182 = CARTESIAN_POINT('',(-5.235268299353,8.72515672692,2.281430637062
    ));
#1183 = CARTESIAN_POINT('',(-5.235268297202,8.72514160426,2.281430638853
    ));
#1184 = CARTESIAN_POINT('',(-5.235268296121,8.725133910274,
    2.281430639734));
#1185 = CARTESIAN_POINT('',(-5.235268295054,8.725126216289,
    2.281430640583));
#1186 = CARTESIAN_POINT('',(-5.235268294,8.725118522304,2.281430641401)
  );
#1187 = CARTESIAN_POINT('',(-5.23526829296,8.725110828319,2.281430642188
    ));
#1188 = CARTESIAN_POINT('',(-5.235268290942,8.725095705659,
    2.281430643674));
#1189 = CARTESIAN_POINT('',(-5.235268289963,8.725088276983,
    2.281430644376));
#1190 = CARTESIAN_POINT('',(-5.235268288997,8.725080848308,
    2.281430645048));
#1191 = CARTESIAN_POINT('',(-5.235268288043,8.725073419633,
    2.281430645691));
#1192 = CARTESIAN_POINT('',(-5.235268287103,8.725065990957,
    2.281430646305));
#1193 = CARTESIAN_POINT('',(-5.235268285213,8.725050868297,
    2.281430647496));
#1194 = CARTESIAN_POINT('',(-5.235268284265,8.725043174312,
    2.281430648071));
#1195 = CARTESIAN_POINT('',(-5.235268283331,8.725035480326,
    2.281430648615));
#1196 = CARTESIAN_POINT('',(-5.23526828241,8.725027786341,2.281430649127
    ));
#1197 = CARTESIAN_POINT('',(-5.235268281503,8.725020092356,
    2.281430649609));
#1198 = CARTESIAN_POINT('',(-5.235268279746,8.725004969695,
    2.281430650495));
#1199 = CARTESIAN_POINT('',(-5.235268278896,8.72499754102,2.281430650901
    ));
#1200 = CARTESIAN_POINT('',(-5.235268278058,8.724990112345,
    2.281430651278));
#1201 = CARTESIAN_POINT('',(-5.235268277233,8.724982683669,
    2.281430651626));
#1202 = CARTESIAN_POINT('',(-5.235268276421,8.724975254994,
    2.281430651945));
#1203 = CARTESIAN_POINT('',(-5.235268274792,8.724960132333,
    2.281430652536));
#1204 = CARTESIAN_POINT('',(-5.235268273978,8.724952438348,
    2.281430652805));
#1205 = CARTESIAN_POINT('',(-5.235268273176,8.724944744363,
    2.281430653044));
#1206 = CARTESIAN_POINT('',(-5.235268272389,8.724937050378,
    2.281430653251));
#1207 = CARTESIAN_POINT('',(-5.235268271614,8.724929356392,
    2.281430653427));
#1208 = CARTESIAN_POINT('',(-5.235268270145,8.724914499042,
    2.281430653708));
#1209 = CARTESIAN_POINT('',(-5.235268269449,8.724907335676,
    2.281430653816));
#1210 = CARTESIAN_POINT('',(-5.235268268764,8.72490017231,2.281430653897
    ));
#1211 = CARTESIAN_POINT('',(-5.235268268091,8.724893008945,
    2.281430653951));
#1212 = CARTESIAN_POINT('',(-5.23526826743,8.724885845579,2.281430653979
    ));
#1213 = CARTESIAN_POINT('',(-5.23526826678,8.724878682214,2.281430653979
    ));
#1214 = PCURVE('',#324,#1215);
#1215 = DEFINITIONAL_REPRESENTATION('',(#1216),#1374);
#1216 = B_SPLINE_CURVE_WITH_KNOTS('',6,(#1217,#1218,#1219,#1220,#1221,
    #1222,#1223,#1224,#1225,#1226,#1227,#1228,#1229,#1230,#1231,#1232,
    #1233,#1234,#1235,#1236,#1237,#1238,#1239,#1240,#1241,#1242,#1243,
    #1244,#1245,#1246,#1247,#1248,#1249,#1250,#1251,#1252,#1253,#1254,
    #1255,#1256,#1257,#1258,#1259,#1260,#1261,#1262,#1263,#1264,#1265,
    #1266,#1267,#1268,#1269,#1270,#1271,#1272,#1273,#1274,#1275,#1276,
    #1277,#1278,#1279,#1280,#1281,#1282,#1283,#1284,#1285,#1286,#1287,
    #1288,#1289,#1290,#1291,#1292,#1293,#1294,#1295,#1296,#1297,#1298,
    #1299,#1300,#1301,#1302,#1303,#1304,#1305,#1306,#1307,#1308,#1309,
    #1310,#1311,#1312,#1313,#1314,#1315,#1316,#1317,#1318,#1319,#1320,
    #1321,#1322,#1323,#1324,#1325,#1326,#1327,#1328,#1329,#1330,#1331,
    #1332,#1333,#1334,#1335,#1336,#1337,#1338,#1339,#1340,#1341,#1342,
    #1343,#1344,#1345,#1346,#1347,#1348,#1349,#1350,#1351,#1352,#1353,
    #1354,#1355,#1356,#1357,#1358,#1359,#1360,#1361,#1362,#1363,#1364,
    #1365,#1366,#1367,#1368,#1369,#1370,#1371,#1372,#1373),
  .UNSPECIFIED.,.T.,.F.,(7,5,5,5,5,5,5,5,5,5,5,5,5,5,5,5,5,5,5,5,5,5,5,5
    ,5,5,5,5,5,5,5,7),(0.,3.593574116066E-02,0.127632321809,
    0.152068384152,0.183574451486,0.223094846978,0.278462690134,
    0.315837416713,0.347555818672,0.371934350663,0.463091871406,
    0.499993756978,0.53774290307,0.627487612933,0.651834469014,
    0.683150514969,0.721499676236,0.778576926628,0.816036064384,
    0.847865896327,0.872337340144,0.963768656084,0.999968117557,
    0.99997172924,0.999975340923,0.999978828065,0.999982439748,
    0.99998592689,0.999989538573,0.999993025716,0.999996637399,1.),
  .UNSPECIFIED.);
#1217 = CARTESIAN_POINT('',(5.123030540642,9.729555264001));
#1218 = CARTESIAN_POINT('',(5.123027934227,9.653014269136));
#1219 = CARTESIAN_POINT('',(5.122437872735,9.57647653078));
#1220 = CARTESIAN_POINT('',(5.121260430527,9.500052019529));
#1221 = CARTESIAN_POINT('',(5.119496568779,9.423852599195));
#1222 = CARTESIAN_POINT('',(5.117148135477,9.347992026808));
#1223 = CARTESIAN_POINT('',(5.106740748321,9.080173637175));
#1224 = CARTESIAN_POINT('',(5.095486815218,8.89102248369));
#1225 = CARTESIAN_POINT('',(5.080505331193,8.706572908118));
#1226 = CARTESIAN_POINT('',(5.061819319511,8.528491112521));
#1227 = CARTESIAN_POINT('',(5.039442913426,8.358952609187));
#1228 = CARTESIAN_POINT('',(5.006430072331,8.158856475593));
#1229 = CARTESIAN_POINT('',(4.999219510715,8.117560360098));
#1230 = CARTESIAN_POINT('',(4.991743825175,8.077125383224));
#1231 = CARTESIAN_POINT('',(4.984002202461,8.037612432793));
#1232 = CARTESIAN_POINT('',(4.975993978831,7.999089279415));
#1233 = CARTESIAN_POINT('',(4.957049024907,7.913334071116));
#1234 = CARTESIAN_POINT('',(4.94593269998,7.8667949031));
#1235 = CARTESIAN_POINT('',(4.93437176848,7.822191209066));
#1236 = CARTESIAN_POINT('',(4.922369554187,7.779714969492));
#1237 = CARTESIAN_POINT('',(4.909930446833,7.739572650692));
#1238 = CARTESIAN_POINT('',(4.880915075312,7.654837932741));
#1239 = CARTESIAN_POINT('',(4.864067325828,7.611641302979));
#1240 = CARTESIAN_POINT('',(4.846574813526,7.57300554525));
#1241 = CARTESIAN_POINT('',(4.828501089166,7.539470477199));
#1242 = CARTESIAN_POINT('',(4.809914565282,7.511512416315));
#1243 = CARTESIAN_POINT('',(4.764232233402,7.45878186319));
#1244 = CARTESIAN_POINT('',(4.736738293304,7.439811260557));
#1245 = CARTESIAN_POINT('',(4.708832739895,7.434003283966));
#1246 = CARTESIAN_POINT('',(4.680952507811,7.441765518397));
#1247 = CARTESIAN_POINT('',(4.653534354341,7.462608662618));
#1248 = CARTESIAN_POINT('',(4.60909434208,7.517005701688));
#1249 = CARTESIAN_POINT('',(4.591592175638,7.544224624293));
#1250 = CARTESIAN_POINT('',(4.574556895873,7.576377873621));
#1251 = CARTESIAN_POINT('',(4.55804487364,7.613059023401));
#1252 = CARTESIAN_POINT('',(4.542108601949,7.653813384037));
#1253 = CARTESIAN_POINT('',(4.51380161391,7.735745737527));
#1254 = CARTESIAN_POINT('',(4.501243316501,7.775963535623));
#1255 = CARTESIAN_POINT('',(4.489127150789,7.818559736858));
#1256 = CARTESIAN_POINT('',(4.477457780684,7.863322832281));
#1257 = CARTESIAN_POINT('',(4.466238760265,7.910056052479));
#1258 = CARTESIAN_POINT('',(4.447197408391,7.995869301909));
#1259 = CARTESIAN_POINT('',(4.439188176692,8.034225308761));
#1260 = CARTESIAN_POINT('',(4.431444195115,8.073570335374));
#1261 = CARTESIAN_POINT('',(4.423964824588,8.113836855484));
#1262 = CARTESIAN_POINT('',(4.416749270866,8.154964194245));
#1263 = CARTESIAN_POINT('',(4.383798725075,8.353701649994));
#1264 = CARTESIAN_POINT('',(4.361447255215,8.521963361221));
#1265 = CARTESIAN_POINT('',(4.342742449838,8.698725648969));
#1266 = CARTESIAN_POINT('',(4.327698042405,8.881844132938));
#1267 = CARTESIAN_POINT('',(4.316336881352,9.069677756414));
#1268 = CARTESIAN_POINT('',(4.305619643441,9.338185308865));
#1269 = CARTESIAN_POINT('',(4.303144859047,9.416051543701));
#1270 = CARTESIAN_POINT('',(4.301286658089,9.494284719743));
#1271 = CARTESIAN_POINT('',(4.300047111445,9.572761444161));
#1272 = CARTESIAN_POINT('',(4.299427296338,9.651360486746));
#1273 = CARTESIAN_POINT('',(4.299427296338,9.810369767289));
#1274 = CARTESIAN_POINT('',(4.300075899916,9.890773093639));
#1275 = CARTESIAN_POINT('',(4.301373010712,9.971045500937));
#1276 = CARTESIAN_POINT('',(4.303317451442,10.05105730643));
#1277 = CARTESIAN_POINT('',(4.305906963895,10.130676402623));
#1278 = CARTESIAN_POINT('',(4.316820161457,10.397801001963));
#1279 = CARTESIAN_POINT('',(4.328118123054,10.58257858776));
#1280 = CARTESIAN_POINT('',(4.342985719624,10.762746256481));
#1281 = CARTESIAN_POINT('',(4.361401079607,10.936732159805));
#1282 = CARTESIAN_POINT('',(4.383351195574,11.102490185299));
#1283 = CARTESIAN_POINT('',(4.415749486491,11.299187640373));
#1284 = CARTESIAN_POINT('',(4.422925344516,11.340362430598));
#1285 = CARTESIAN_POINT('',(4.430364280325,11.380684010771));
#1286 = CARTESIAN_POINT('',(4.438067088866,11.420092377881));
#1287 = CARTESIAN_POINT('',(4.446034425664,11.458520779047));
#1288 = CARTESIAN_POINT('',(4.464855674066,11.543969068478));
#1289 = CARTESIAN_POINT('',(4.475885577434,11.590311148636));
#1290 = CARTESIAN_POINT('',(4.487354561055,11.634748216286));
#1291 = CARTESIAN_POINT('',(4.499259496369,11.677092824135));
#1292 = CARTESIAN_POINT('',(4.511596231034,11.717143199849));
#1293 = CARTESIAN_POINT('',(4.539989737271,11.800652860195));
#1294 = CARTESIAN_POINT('',(4.556280090764,11.842917257021));
#1295 = CARTESIAN_POINT('',(4.573179849811,11.880928299436));
#1296 = CARTESIAN_POINT('',(4.590633446717,11.914195307898));
#1297 = CARTESIAN_POINT('',(4.608581013519,11.94227912755));
#1298 = CARTESIAN_POINT('',(4.654311264326,11.99828627834));
#1299 = CARTESIAN_POINT('',(4.682605654348,12.019420300458));
#1300 = CARTESIAN_POINT('',(4.711376717128,12.026604592952));
#1301 = CARTESIAN_POINT('',(4.740146661585,12.019336560455));
#1302 = CARTESIAN_POINT('',(4.768437949981,11.998120841217));
#1303 = CARTESIAN_POINT('',(4.813734574222,11.942503530411));
#1304 = CARTESIAN_POINT('',(4.831273145839,11.915144760449));
#1305 = CARTESIAN_POINT('',(4.848341648421,11.882830797619));
#1306 = CARTESIAN_POINT('',(4.864883441922,11.84597117862));
#1307 = CARTESIAN_POINT('',(4.880845809584,11.805024013726));
#1308 = CARTESIAN_POINT('',(4.909210222671,11.722668423995));
#1309 = CARTESIAN_POINT('',(4.921799951079,11.682216117817));
#1310 = CARTESIAN_POINT('',(4.933943838967,11.639373079883));
#1311 = CARTESIAN_POINT('',(4.945637262679,11.594352836983));
#1312 = CARTESIAN_POINT('',(4.956876717934,11.5473539009));
#1313 = CARTESIAN_POINT('',(4.97595038342,11.461047020497));
#1314 = CARTESIAN_POINT('',(4.983972795868,11.422465313036));
#1315 = CARTESIAN_POINT('',(4.991727735916,11.382890373318));
#1316 = CARTESIAN_POINT('',(4.999215870059,11.342390317825));
#1317 = CARTESIAN_POINT('',(5.00643801548,11.301026334458));
#1318 = CARTESIAN_POINT('',(5.039388663752,11.101281575481));
#1319 = CARTESIAN_POINT('',(5.06171196782,10.932229927773));
#1320 = CARTESIAN_POINT('',(5.08036487221,10.754675211763));
#1321 = CARTESIAN_POINT('',(5.0953335332,10.570776291426));
#1322 = CARTESIAN_POINT('',(5.106595184505,10.382187088278));
#1323 = CARTESIAN_POINT('',(5.117072702025,10.114379451401));
#1324 = CARTESIAN_POINT('',(5.119453867645,10.037957574306));
#1325 = CARTESIAN_POINT('',(5.121241679393,9.961189530713));
#1326 = CARTESIAN_POINT('',(5.122434234805,9.884191741624));
#1327 = CARTESIAN_POINT('',(5.12303054758,9.807078661829));
#1328 = CARTESIAN_POINT('',(5.12303054758,9.729955085923));
#1329 = CARTESIAN_POINT('',(5.123030547574,9.729947391937));
#1330 = CARTESIAN_POINT('',(5.123030547563,9.729939697952));
#1331 = CARTESIAN_POINT('',(5.123030547545,9.729932003967));
#1332 = CARTESIAN_POINT('',(5.123030547521,9.729924309982));
#1333 = CARTESIAN_POINT('',(5.123030547462,9.729908922011));
#1334 = CARTESIAN_POINT('',(5.123030547426,9.729901228026));
#1335 = CARTESIAN_POINT('',(5.123030547385,9.729893534041));
#1336 = CARTESIAN_POINT('',(5.123030547337,9.729885840055));
#1337 = CARTESIAN_POINT('',(5.123030547284,9.72987814607));
#1338 = CARTESIAN_POINT('',(5.123030547167,9.729863023409));
#1339 = CARTESIAN_POINT('',(5.123030547104,9.729855594734));
#1340 = CARTESIAN_POINT('',(5.123030547036,9.729848166059));
#1341 = CARTESIAN_POINT('',(5.123030546962,9.729840737383));
#1342 = CARTESIAN_POINT('',(5.123030546882,9.729833308708));
#1343 = CARTESIAN_POINT('',(5.123030546709,9.729818186047));
#1344 = CARTESIAN_POINT('',(5.123030546615,9.729810492062));
#1345 = CARTESIAN_POINT('',(5.123030546516,9.729802798077));
#1346 = CARTESIAN_POINT('',(5.12303054641,9.729795104091));
#1347 = CARTESIAN_POINT('',(5.123030546298,9.729787410106));
#1348 = CARTESIAN_POINT('',(5.123030546067,9.729772287446));
#1349 = CARTESIAN_POINT('',(5.123030545947,9.72976485877));
#1350 = CARTESIAN_POINT('',(5.123030545823,9.729757430095));
#1351 = CARTESIAN_POINT('',(5.123030545693,9.729750001419));
#1352 = CARTESIAN_POINT('',(5.123030545557,9.729742572744));
#1353 = CARTESIAN_POINT('',(5.123030545269,9.729727450083));
#1354 = CARTESIAN_POINT('',(5.123030545117,9.729719756098));
#1355 = CARTESIAN_POINT('',(5.123030544959,9.729712062113));
#1356 = CARTESIAN_POINT('',(5.123030544794,9.729704368128));
#1357 = CARTESIAN_POINT('',(5.123030544624,9.729696674143));
#1358 = CARTESIAN_POINT('',(5.123030544278,9.729681551482));
#1359 = CARTESIAN_POINT('',(5.123030544103,9.729674122807));
#1360 = CARTESIAN_POINT('',(5.123030543922,9.729666694131));
#1361 = CARTESIAN_POINT('',(5.123030543735,9.729659265456));
#1362 = CARTESIAN_POINT('',(5.123030543543,9.729651836781));
#1363 = CARTESIAN_POINT('',(5.123030543141,9.72963671412));
#1364 = CARTESIAN_POINT('',(5.12303054293,9.729629020135));
#1365 = CARTESIAN_POINT('',(5.123030542714,9.72962132615));
#1366 = CARTESIAN_POINT('',(5.123030542491,9.729613632165));
#1367 = CARTESIAN_POINT('',(5.123030542263,9.729605938179));
#1368 = CARTESIAN_POINT('',(5.12303054181,9.729591080829));
#1369 = CARTESIAN_POINT('',(5.123030541587,9.729583917463));
#1370 = CARTESIAN_POINT('',(5.123030541358,9.729576754098));
#1371 = CARTESIAN_POINT('',(5.123030541125,9.729569590732));
#1372 = CARTESIAN_POINT('',(5.123030540886,9.729562427367));
#1373 = CARTESIAN_POINT('',(5.123030540642,9.729555264001));
#1374 = ( GEOMETRIC_REPRESENTATION_CONTEXT(2) 
PARAMETRIC_REPRESENTATION_CONTEXT() REPRESENTATION_CONTEXT('2D SPACE',''
  ) );
#1375 = PCURVE('',#415,#1376);
#1376 = DEFINITIONAL_REPRESENTATION('',(#1377),#1535);
#1377 = B_SPLINE_CURVE_WITH_KNOTS('',6,(#1378,#1379,#1380,#1381,#1382,
    #1383,#1384,#1385,#1386,#1387,#1388,#1389,#1390,#1391,#1392,#1393,
    #1394,#1395,#1396,#1397,#1398,#1399,#1400,#1401,#1402,#1403,#1404,
    #1405,#1406,#1407,#1408,#1409,#1410,#1411,#1412,#1413,#1414,#1415,
    #1416,#1417,#1418,#1419,#1420,#1421,#1422,#1423,#1424,#1425,#1426,
    #1427,#1428,#1429,#1430,#1431,#1432,#1433,#1434,#1435,#1436,#1437,
    #1438,#1439,#1440,#1441,#1442,#1443,#1444,#1445,#1446,#1447,#1448,
    #1449,#1450,#1451,#1452,#1453,#1454,#1455,#1456,#1457,#1458,#1459,
    #1460,#1461,#1462,#1463,#1464,#1465,#1466,#1467,#1468,#1469,#1470,
    #1471,#1472,#1473,#1474,#1475,#1476,#1477,#1478,#1479,#1480,#1481,
    #1482,#1483,#1484,#1485,#1486,#1487,#1488,#1489,#1490,#1491,#1492,
    #1493,#1494,#1495,#1496,#1497,#1498,#1499,#1500,#1501,#1502,#1503,
    #1504,#1505,#1506,#1507,#1508,#1509,#1510,#1511,#1512,#1513,#1514,
    #1515,#1516,#1517,#1518,#1519,#1520,#1521,#1522,#1523,#1524,#1525,
    #1526,#1527,#1528,#1529,#1530,#1531,#1532,#1533,#1534),
  .UNSPECIFIED.,.F.,.F.,(7,5,5,5,5,5,5,5,5,5,5,5,5,5,5,5,5,5,5,5,5,5,5,5
    ,5,5,5,5,5,5,5,7),(0.,3.593574116066E-02,0.127632321809,
    0.152068384152,0.183574451486,0.223094846978,0.278462690134,
    0.315837416713,0.347555818672,0.371934350663,0.463091871406,
    0.499993756978,0.53774290307,0.627487612933,0.651834469014,
    0.683150514969,0.721499676236,0.778576926628,0.816036064384,
    0.847865896327,0.872337340144,0.963768656084,0.999968117557,
    0.99997172924,0.999975340923,0.999978828065,0.999982439748,
    0.99998592689,0.999989538573,0.999993025716,0.999996637399,1.),
  .UNSPECIFIED.);
#1378 = CARTESIAN_POINT('',(0.,6.187796404237));
#1379 = CARTESIAN_POINT('',(3.348259146033E-02,6.187790453369));
#1380 = CARTESIAN_POINT('',(6.696416040138E-02,6.186443214794));
#1381 = CARTESIAN_POINT('',(0.1004636793,6.183754982493));
#1382 = CARTESIAN_POINT('',(0.134000087084,6.179741511807));
#1383 = CARTESIAN_POINT('',(0.167592289131,6.174434019441));
#1384 = CARTESIAN_POINT('',(0.287166295671,6.151153327062));
#1385 = CARTESIAN_POINT('',(0.373426252658,6.126331408146));
#1386 = CARTESIAN_POINT('',(0.460562454544,6.094193854017));
#1387 = CARTESIAN_POINT('',(0.549088746504,6.056013942922));
#1388 = CARTESIAN_POINT('',(0.639521472857,6.013604564811));
#1389 = CARTESIAN_POINT('',(0.757267516689,5.957596446136));
#1390 = CARTESIAN_POINT('',(0.782230919746,5.945679100476));
#1391 = CARTESIAN_POINT('',(0.807396402358,5.933673778555));
#1392 = CARTESIAN_POINT('',(0.83277813564,5.921628655974));
#1393 = CARTESIAN_POINT('',(0.858390239078,5.909595668742));
#1394 = CARTESIAN_POINT('',(0.917584309487,5.882203519005));
#1395 = CARTESIAN_POINT('',(0.95133667928,5.86688543544));
#1396 = CARTESIAN_POINT('',(0.985523738579,5.851800930526));
#1397 = CARTESIAN_POINT('',(1.020166240622,5.837084897199));
#1398 = CARTESIAN_POINT('',(1.055287283619,5.822880663843));
#1399 = CARTESIAN_POINT('',(1.135602670022,5.792350894548));
#1400 = CARTESIAN_POINT('',(1.181153096184,5.776379585591));
#1401 = CARTESIAN_POINT('',(1.227480434501,5.761780420266));
#1402 = CARTESIAN_POINT('',(1.274523369484,5.748895500654));
#1403 = CARTESIAN_POINT('',(1.322237291621,5.73803246608));
#1404 = CARTESIAN_POINT('',(1.438326396541,5.717411778868));
#1405 = CARTESIAN_POINT('',(1.507249946825,5.70985566855));
#1406 = CARTESIAN_POINT('',(1.576695948803,5.7075557579));
#1407 = CARTESIAN_POINT('',(1.646108455907,5.710804577299));
#1408 = CARTESIAN_POINT('',(1.714928843875,5.719255642885));
#1409 = CARTESIAN_POINT('',(1.828088049375,5.740744354049));
#1410 = CARTESIAN_POINT('',(1.873108043144,5.751397672442));
#1411 = CARTESIAN_POINT('',(1.917518062529,5.763823967615));
#1412 = CARTESIAN_POINT('',(1.961282155345,5.777761304915));
#1413 = CARTESIAN_POINT('',(2.004351128433,5.792921577682));
#1414 = CARTESIAN_POINT('',(2.082561751302,5.822655740929));
#1415 = CARTESIAN_POINT('',(2.11795243816,5.836984785163));
#1416 = CARTESIAN_POINT('',(2.152857160494,5.851839503703));
#1417 = CARTESIAN_POINT('',(2.187299298288,5.867073188554));
#1418 = CARTESIAN_POINT('',(2.221299792589,5.882547702437));
#1419 = CARTESIAN_POINT('',(2.28068706399,5.910115941307));
#1420 = CARTESIAN_POINT('',(2.30625166567,5.922165745633));
#1421 = CARTESIAN_POINT('',(2.331586384848,5.934229331929));
#1422 = CARTESIAN_POINT('',(2.356705242672,5.946254978571));
#1423 = CARTESIAN_POINT('',(2.381622323092,5.95819469557));
#1424 = CARTESIAN_POINT('',(2.498821464287,6.014163051933));
#1425 = CARTESIAN_POINT('',(2.588772475936,6.056550971885));
#1426 = CARTESIAN_POINT('',(2.67682757353,6.094787128153));
#1427 = CARTESIAN_POINT('',(2.763496883557,6.127079811622));
#1428 = CARTESIAN_POINT('',(2.849287895983,6.152163887408));
#1429 = CARTESIAN_POINT('',(2.969300159336,6.176172280081));
#1430 = CARTESIAN_POINT('',(3.003802529817,6.181776388184));
#1431 = CARTESIAN_POINT('',(3.038244670462,6.186014346299));
#1432 = CARTESIAN_POINT('',(3.072647027024,6.188851425272));
#1433 = CARTESIAN_POINT('',(3.10703008851,6.190270112643));
#1434 = CARTESIAN_POINT('',(3.176588143035,6.190270112643));
#1435 = CARTESIAN_POINT('',(3.211760505141,6.188785528105));
#1436 = CARTESIAN_POINT('',(3.246953510524,6.185816698638));
#1437 = CARTESIAN_POINT('',(3.282189149278,6.181382794427));
#1438 = CARTESIAN_POINT('',(3.317489364564,6.175521816233));
#1439 = CARTESIAN_POINT('',(3.437004261608,6.151099112051));
#1440 = CARTESIAN_POINT('',(3.521499617666,6.126187350464));
#1441 = CARTESIAN_POINT('',(3.606855378552,6.094318405948));
#1442 = CARTESIAN_POINT('',(3.693556646605,6.056706209052));
#1443 = CARTESIAN_POINT('',(3.782091750732,6.01505922018));
#1444 = CARTESIAN_POINT('',(3.897730638792,5.959859185698));
#1445 = CARTESIAN_POINT('',(3.922593584322,5.947945676686));
#1446 = CARTESIAN_POINT('',(3.947656484646,5.935942079664));
#1447 = CARTESIAN_POINT('',(3.972933363055,5.923895955472));
#1448 = CARTESIAN_POINT('',(3.998438206095,5.911858554688));
#1449 = CARTESIAN_POINT('',(4.057301627081,5.884483646385));
#1450 = CARTESIAN_POINT('',(4.090826618792,5.869184116955));
#1451 = CARTESIAN_POINT('',(4.12477980698,5.854108212174));
#1452 = CARTESIAN_POINT('',(4.159181898719,5.839387918543));
#1453 = CARTESIAN_POINT('',(4.194055853759,5.825163531946));
#1454 = CARTESIAN_POINT('',(4.272744864801,5.794950177704));
#1455 = CARTESIAN_POINT('',(4.316865276306,5.779260678174));
#1456 = CARTESIAN_POINT('',(4.361718505402,5.764835651115));
#1457 = CARTESIAN_POINT('',(4.407253223915,5.751986621206));
#1458 = CARTESIAN_POINT('',(4.453432648281,5.740997252961));
#1459 = CARTESIAN_POINT('',(4.569879644688,5.718873018436));
#1460 = CARTESIAN_POINT('',(4.640869433478,5.710293367167));
#1461 = CARTESIAN_POINT('',(4.71246502763,5.707269549214));
#1462 = CARTESIAN_POINT('',(4.78406046889,5.710164589771));
#1463 = CARTESIAN_POINT('',(4.855050105403,5.718615995126));
#1464 = CARTESIAN_POINT('',(4.970413349938,5.740325499178));
#1465 = CARTESIAN_POINT('',(5.015539447946,5.750931289569));
#1466 = CARTESIAN_POINT('',(5.06005257612,5.763318552276));
#1467 = CARTESIAN_POINT('',(5.103916663133,5.777223454642));
#1468 = CARTESIAN_POINT('',(5.147082275891,5.792355899466));
#1469 = CARTESIAN_POINT('',(5.225509660379,5.822060684035));
#1470 = CARTESIAN_POINT('',(5.261020601841,5.836389217599));
#1471 = CARTESIAN_POINT('',(5.296042348115,5.851245569771));
#1472 = CARTESIAN_POINT('',(5.330598610747,5.866481592933));
#1473 = CARTESIAN_POINT('',(5.364710639208,5.881957887938));
#1474 = CARTESIAN_POINT('',(5.424298841844,5.909529957582));
#1475 = CARTESIAN_POINT('',(5.449953652611,5.921582521484));
#1476 = CARTESIAN_POINT('',(5.475377298046,5.933647419983));
#1477 = CARTESIAN_POINT('',(5.500583966406,5.945672455281));
#1478 = CARTESIAN_POINT('',(5.525587898219,5.957609214838));
#1479 = CARTESIAN_POINT('',(5.643120135877,6.013515174339));
#1480 = CARTESIAN_POINT('',(5.733312520741,6.055811865692));
#1481 = CARTESIAN_POINT('',(5.821607092897,6.093907482766));
#1482 = CARTESIAN_POINT('',(5.908516692942,6.126002817819));
#1483 = CARTESIAN_POINT('',(5.994551563853,6.150832355102));
#1484 = CARTESIAN_POINT('',(6.114153563729,6.174263490263));
#1485 = CARTESIAN_POINT('',(6.147999581982,6.17964428725));
#1486 = CARTESIAN_POINT('',(6.181788606941,6.183712133874));
#1487 = CARTESIAN_POINT('',(6.215539951999,6.186434907306));
#1488 = CARTESIAN_POINT('',(6.249272967505,6.187796420078));
#1489 = CARTESIAN_POINT('',(6.283010406475,6.187796420078));
#1490 = CARTESIAN_POINT('',(6.283013772182,6.187796420065));
#1491 = CARTESIAN_POINT('',(6.283017137889,6.187796420038));
#1492 = CARTESIAN_POINT('',(6.283020503596,6.187796419997));
#1493 = CARTESIAN_POINT('',(6.283023869303,6.187796419943));
#1494 = CARTESIAN_POINT('',(6.283030600717,6.187796419807));
#1495 = CARTESIAN_POINT('',(6.283033966424,6.187796419726));
#1496 = CARTESIAN_POINT('',(6.283037332131,6.187796419631));
#1497 = CARTESIAN_POINT('',(6.283040697838,6.187796419523));
#1498 = CARTESIAN_POINT('',(6.283044063545,6.187796419401));
#1499 = CARTESIAN_POINT('',(6.2830506789,6.187796419134));
#1500 = CARTESIAN_POINT('',(6.283053928548,6.187796418991));
#1501 = CARTESIAN_POINT('',(6.283057178197,6.187796418835));
#1502 = CARTESIAN_POINT('',(6.283060427845,6.187796418666));
#1503 = CARTESIAN_POINT('',(6.283063677493,6.187796418485));
#1504 = CARTESIAN_POINT('',(6.283070292848,6.18779641809));
#1505 = CARTESIAN_POINT('',(6.283073658555,6.187796417875));
#1506 = CARTESIAN_POINT('',(6.283077024262,6.187796417647));
#1507 = CARTESIAN_POINT('',(6.283080389969,6.187796417405));
#1508 = CARTESIAN_POINT('',(6.283083755676,6.18779641715));
#1509 = CARTESIAN_POINT('',(6.283090371031,6.187796416622));
#1510 = CARTESIAN_POINT('',(6.283093620679,6.18779641635));
#1511 = CARTESIAN_POINT('',(6.283096870327,6.187796416065));
#1512 = CARTESIAN_POINT('',(6.283100119975,6.187796415768));
#1513 = CARTESIAN_POINT('',(6.283103369623,6.187796415458));
#1514 = CARTESIAN_POINT('',(6.283109984978,6.187796414801));
#1515 = CARTESIAN_POINT('',(6.283113350685,6.187796414453));
#1516 = CARTESIAN_POINT('',(6.283116716392,6.187796414092));
#1517 = CARTESIAN_POINT('',(6.283120082099,6.187796413717));
#1518 = CARTESIAN_POINT('',(6.283123447806,6.187796413329));
#1519 = CARTESIAN_POINT('',(6.283130063162,6.187796412539));
#1520 = CARTESIAN_POINT('',(6.28313331281,6.187796412138));
#1521 = CARTESIAN_POINT('',(6.283136562458,6.187796411725));
#1522 = CARTESIAN_POINT('',(6.283139812106,6.187796411299));
#1523 = CARTESIAN_POINT('',(6.283143061754,6.187796410861));
#1524 = CARTESIAN_POINT('',(6.283149677109,6.187796409942));
#1525 = CARTESIAN_POINT('',(6.283153042816,6.187796409461));
#1526 = CARTESIAN_POINT('',(6.283156408523,6.187796408967));
#1527 = CARTESIAN_POINT('',(6.28315977423,6.187796408459));
#1528 = CARTESIAN_POINT('',(6.283163139937,6.187796407937));
#1529 = CARTESIAN_POINT('',(6.283169639233,6.187796406904));
#1530 = CARTESIAN_POINT('',(6.283172772823,6.187796406394));
#1531 = CARTESIAN_POINT('',(6.283175906412,6.187796405872));
#1532 = CARTESIAN_POINT('',(6.283179040001,6.187796405339));
#1533 = CARTESIAN_POINT('',(6.28318217359,6.187796404794));
#1534 = CARTESIAN_POINT('',(6.28318530718,6.187796404237));
#1535 = ( GEOMETRIC_REPRESENTATION_CONTEXT(2) 
PARAMETRIC_REPRESENTATION_CONTEXT() REPRESENTATION_CONTEXT('2D SPACE',''
  ) );
#1536 = ADVANCED_FACE('',(#1537),#415,.F.);
#1537 = FACE_BOUND('',#1538,.F.);
#1538 = EDGE_LOOP('',(#1539,#1540,#1561,#1562));
#1539 = ORIENTED_EDGE('',*,*,#1052,.F.);
#1540 = ORIENTED_EDGE('',*,*,#1541,.F.);
#1541 = EDGE_CURVE('',#399,#1053,#1542,.T.);
#1542 = SEAM_CURVE('',#1543,(#1547,#1554),.PCURVE_S1.);
#1543 = LINE('',#1544,#1545);
#1544 = CARTESIAN_POINT('',(-11.42306339788,8.723836467591,
    2.277600566919));
#1545 = VECTOR('',#1546,1.);
#1546 = DIRECTION('',(0.999999794251,1.684306584967E-04,
    6.189743181999E-04));
#1547 = PCURVE('',#415,#1548);
#1548 = DEFINITIONAL_REPRESENTATION('',(#1549),#1553);
#1549 = LINE('',#1550,#1551);
#1550 = CARTESIAN_POINT('',(6.28318530718,-0.));
#1551 = VECTOR('',#1552,1.);
#1552 = DIRECTION('',(0.,1.));
#1553 = ( GEOMETRIC_REPRESENTATION_CONTEXT(2) 
PARAMETRIC_REPRESENTATION_CONTEXT() REPRESENTATION_CONTEXT('2D SPACE',''
  ) );
#1554 = PCURVE('',#415,#1555);
#1555 = DEFINITIONAL_REPRESENTATION('',(#1556),#1560);
#1556 = LINE('',#1557,#1558);
#1557 = CARTESIAN_POINT('',(0.,-0.));
#1558 = VECTOR('',#1559,1.);
#1559 = DIRECTION('',(0.,1.));
#1560 = ( GEOMETRIC_REPRESENTATION_CONTEXT(2) 
PARAMETRIC_REPRESENTATION_CONTEXT() REPRESENTATION_CONTEXT('2D SPACE',''
  ) );
#1561 = ORIENTED_EDGE('',*,*,#398,.F.);
#1562 = ORIENTED_EDGE('',*,*,#1541,.T.);
#1563 = ( GEOMETRIC_REPRESENTATION_CONTEXT(3) 
GLOBAL_UNCERTAINTY_ASSIGNED_CONTEXT((#1567)) 
GLOBAL_UNIT_ASSIGNED_CONTEXT((#1564,#1565,#1566)) REPRESENTATION_CONTEXT
('Context #1','3D Context with UNIT and UNCERTAINTY') );
#1564 = ( LENGTH_UNIT() NAMED_UNIT(*) SI_UNIT(.MILLI.,.METRE.) );
#1565 = ( NAMED_UNIT(*) PLANE_ANGLE_UNIT() SI_UNIT($,.RADIAN.) );
#1566 = ( NAMED_UNIT(*) SI_UNIT($,.STERADIAN.) SOLID_ANGLE_UNIT() );
#1567 = UNCERTAINTY_MEASURE_WITH_UNIT(LENGTH_MEASURE(1.E-07),#1564,
  'distance_accuracy_value','confusion accuracy');
#1568 = PRODUCT_TYPE('part',$,(#7));
ENDSEC;
END-ISO-10303-21;
