ISO-10303-21;
HEADER;
FILE_DESCRIPTION(('Open CASCADE Model'),'2;1');
FILE_NAME('Open CASCADE Shape Model','2026-09-07T11:07:26',('Author'),(
    'Open CASCADE'),'Open CASCADE STEP processor 7.8','Open CASCADE 7.8'
  ,'Unknown');
FILE_SCHEMA(('CONFIG_CONTROL_DESIGN'));
ENDSEC;
DATA;
#1 = APPLICATION_PROTOCOL_DEFINITION('committee draft',
  'automotive_design',1997,#2);
#2 = APPLICATION_CONTEXT(
  'core data for automotive mechanical design processes');
#3 = SHAPE_DEFINITION_REPRESENTATION(#4,#10);
#4 = PRODUCT_DEFINITION_SHAPE('','',#5);
#5 = PRODUCT_DEFINITION('design','',#6,#9);
#6 = PRODUCT_DEFINITION_FORMATION('','',#7);
#7 = PRODUCT('Product 13','Product 13','',(#8));
#8 = MECHANICAL_CONTEXT('',#2,'mechanical');
#9 = PRODUCT_DEFINITION_CONTEXT('part definition',#2,'design');
#10 = ADVANCED_BREP_SHAPE_REPRESENTATION('',(#11,#15,#1495,#2989),#3401
  );
#11 = AXIS2_PLACEMENT_3D('',#12,#13,#14);
#12 = CARTESIAN_POINT('',(0.,0.,0.));
#13 = DIRECTION('',(0.,0.,1.));
#14 = DIRECTION('',(1.,0.,-0.));
#15 = MANIFOLD_SOLID_BREP('',#16);
#16 = CLOSED_SHELL('',(#17,#109,#163,#198,#318,#397,#585,#634,#795,#932,
    #988,#1027,#1158,#1181,#1218,#1449,#1457,#1464,#1490));
#17 = ADVANCED_FACE('',(#18),#32,.T.);
#18 = FACE_BOUND('',#19,.T.);
#19 = EDGE_LOOP('',(#20,#50,#77,#78));
#20 = ORIENTED_EDGE('',*,*,#21,.T.);
#21 = EDGE_CURVE('',#22,#24,#26,.T.);
#22 = VERTEX_POINT('',#23);
#23 = CARTESIAN_POINT('',(6.889396399343E-03,-41.20201865002,
    19.526866887425));
#24 = VERTEX_POINT('',#25);
#25 = CARTESIAN_POINT('',(8.158916569672E-03,-31.67457945286,
    17.196283651972));
#26 = SEAM_CURVE('',#27,(#31,#43),.PCURVE_S1.);
#27 = LINE('',#28,#29);
#28 = CARTESIAN_POINT('',(6.866793764663E-03,-41.37164590971,
    19.568360770465));
#29 = VECTOR('',#30,1.);
#30 = DIRECTION('',(1.294326009043E-04,0.971360096565,-0.237612175716));
#31 = PCURVE('',#32,#37);
#32 = CONICAL_SURFACE('',#33,41.362966676481,1.331827974791);
#33 = AXIS2_PLACEMENT_3D('',#34,#35,#36);
#34 = CARTESIAN_POINT('',(6.866793764652E-03,-8.697451667901E-03,
    19.529538911148));
#35 = DIRECTION('',(-5.46820323464E-04,9.385655002981E-04,0.999999410041
    ));
#36 = DIRECTION('',(0.,-0.999999559547,9.385656406196E-04));
#37 = DEFINITIONAL_REPRESENTATION('',(#38),#42);
#38 = LINE('',#39,#40);
#39 = CARTESIAN_POINT('',(-6.28318530718,0.));
#40 = VECTOR('',#41,1.);
#41 = DIRECTION('',(-0.,-1.));
#42 = ( GEOMETRIC_REPRESENTATION_CONTEXT(2) 
PARAMETRIC_REPRESENTATION_CONTEXT() REPRESENTATION_CONTEXT('2D SPACE',''
  ) );
#43 = PCURVE('',#32,#44);
#44 = DEFINITIONAL_REPRESENTATION('',(#45),#49);
#45 = LINE('',#46,#47);
#46 = CARTESIAN_POINT('',(0.,-0.));
#47 = VECTOR('',#48,1.);
#48 = DIRECTION('',(-0.,-1.));
#49 = ( GEOMETRIC_REPRESENTATION_CONTEXT(2) 
PARAMETRIC_REPRESENTATION_CONTEXT() REPRESENTATION_CONTEXT('2D SPACE',''
  ) );
#50 = ORIENTED_EDGE('',*,*,#51,.F.);
#51 = EDGE_CURVE('',#24,#24,#52,.T.);
#52 = SURFACE_CURVE('',#53,(#58,#65),.PCURVE_S1.);
#53 = CIRCLE('',#54,31.663678140651);
#54 = AXIS2_PLACEMENT_3D('',#55,#56,#57);
#55 = CARTESIAN_POINT('',(8.158916569669E-03,-1.091525856881E-02,
    17.166565211613));
#56 = DIRECTION('',(5.46820323464E-04,-9.385655002981E-04,
    -0.999999410041));
#57 = DIRECTION('',(1.224021901089E-16,-0.999999559547,
    9.385656406196E-04));
#58 = PCURVE('',#32,#59);
#59 = DEFINITIONAL_REPRESENTATION('',(#60),#64);
#60 = LINE('',#61,#62);
#61 = CARTESIAN_POINT('',(-0.,-2.362975093593));
#62 = VECTOR('',#63,1.);
#63 = DIRECTION('',(-1.,-0.));
#64 = ( GEOMETRIC_REPRESENTATION_CONTEXT(2) 
PARAMETRIC_REPRESENTATION_CONTEXT() REPRESENTATION_CONTEXT('2D SPACE',''
  ) );
#65 = PCURVE('',#66,#71);
#66 = TOROIDAL_SURFACE('',#67,31.482407674226,0.765822322909);
#67 = AXIS2_PLACEMENT_3D('',#68,#69,#70);
#68 = CARTESIAN_POINT('',(7.752049599758E-03,-1.021690979723E-02,
    17.91062448011));
#69 = DIRECTION('',(5.46820323464E-04,-9.385655002981E-04,
    -0.999999410041));
#70 = DIRECTION('',(1.224020842298E-16,-0.999999559547,
    9.385656406196E-04));
#71 = DEFINITIONAL_REPRESENTATION('',(#72),#76);
#72 = LINE('',#73,#74);
#73 = CARTESIAN_POINT('',(0.,1.331827974791));
#74 = VECTOR('',#75,1.);
#75 = DIRECTION('',(1.,0.));
#76 = ( GEOMETRIC_REPRESENTATION_CONTEXT(2) 
PARAMETRIC_REPRESENTATION_CONTEXT() REPRESENTATION_CONTEXT('2D SPACE',''
  ) );
#77 = ORIENTED_EDGE('',*,*,#21,.F.);
#78 = ORIENTED_EDGE('',*,*,#79,.T.);
#79 = EDGE_CURVE('',#22,#22,#80,.T.);
#80 = SURFACE_CURVE('',#81,(#86,#93),.PCURVE_S1.);
#81 = CIRCLE('',#82,41.193300546771);
#82 = AXIS2_PLACEMENT_3D('',#83,#84,#85);
#83 = CARTESIAN_POINT('',(6.889396399333E-03,-8.736246958084E-03,
    19.488204270908));
#84 = DIRECTION('',(5.46820323464E-04,-9.385655002981E-04,
    -0.999999410041));
#85 = DIRECTION('',(0.,-0.999999559547,9.385656406196E-04));
#86 = PCURVE('',#32,#87);
#87 = DEFINITIONAL_REPRESENTATION('',(#88),#92);
#88 = LINE('',#89,#90);
#89 = CARTESIAN_POINT('',(-0.,-4.133466462529E-02));
#90 = VECTOR('',#91,1.);
#91 = DIRECTION('',(-1.,-0.));
#92 = ( GEOMETRIC_REPRESENTATION_CONTEXT(2) 
PARAMETRIC_REPRESENTATION_CONTEXT() REPRESENTATION_CONTEXT('2D SPACE',''
  ) );
#93 = PCURVE('',#94,#99);
#94 = PLANE('',#95);
#95 = AXIS2_PLACEMENT_3D('',#96,#97,#98);
#96 = CARTESIAN_POINT('',(6.889396399333E-03,-8.736246958084E-03,
    19.488204270908));
#97 = DIRECTION('',(-5.46820323464E-04,9.385655002981E-04,0.999999410041
    ));
#98 = DIRECTION('',(0.,0.999999559547,-9.385656406196E-04));
#99 = DEFINITIONAL_REPRESENTATION('',(#100),#108);
#100 = ( BOUNDED_CURVE() B_SPLINE_CURVE(2,(#101,#102,#103,#104,#105,#106
,#107),.UNSPECIFIED.,.T.,.F.) B_SPLINE_CURVE_WITH_KNOTS((1,2,2,2,2,1),(
    -2.094395102393,0.,2.094395102393,4.188790204786,6.28318530718,
8.377580409573),.UNSPECIFIED.) CURVE() GEOMETRIC_REPRESENTATION_ITEM() 
RATIONAL_B_SPLINE_CURVE((1.,0.5,1.,0.5,1.,0.5,1.)) REPRESENTATION_ITEM(
  '') );
#101 = CARTESIAN_POINT('',(-41.19330054677,-2.079737513391E-19));
#102 = CARTESIAN_POINT('',(-41.19330054677,71.348889478461));
#103 = CARTESIAN_POINT('',(20.596650273385,35.674444739231));
#104 = CARTESIAN_POINT('',(82.386601093541,1.008924075843E-14));
#105 = CARTESIAN_POINT('',(20.596650273385,-35.67444473923));
#106 = CARTESIAN_POINT('',(-41.19330054677,-71.34888947846));
#107 = CARTESIAN_POINT('',(-41.19330054677,-2.079737513391E-19));
#108 = ( GEOMETRIC_REPRESENTATION_CONTEXT(2) 
PARAMETRIC_REPRESENTATION_CONTEXT() REPRESENTATION_CONTEXT('2D SPACE',''
  ) );
#109 = ADVANCED_FACE('',(#110),#66,.T.);
#110 = FACE_BOUND('',#111,.T.);
#111 = EDGE_LOOP('',(#112,#134,#135,#136));
#112 = ORIENTED_EDGE('',*,*,#113,.F.);
#113 = EDGE_CURVE('',#24,#114,#116,.T.);
#114 = VERTEX_POINT('',#115);
#115 = CARTESIAN_POINT('',(8.170816810091E-03,-31.49332949191,
    17.174350915132));
#116 = SEAM_CURVE('',#117,(#122,#128),.PCURVE_S1.);
#117 = CIRCLE('',#118,0.765822322909);
#118 = AXIS2_PLACEMENT_3D('',#119,#120,#121);
#119 = CARTESIAN_POINT('',(7.752049599762E-03,-31.4926107175,
    17.940172786237));
#120 = DIRECTION('',(0.999999850494,5.132267673182E-07,
    5.468200826155E-04));
#121 = DIRECTION('',(1.224021901089E-16,-0.999999559547,
    9.385656406196E-04));
#122 = PCURVE('',#66,#123);
#123 = DEFINITIONAL_REPRESENTATION('',(#124),#127);
#124 = B_SPLINE_CURVE_WITH_KNOTS('',1,(#125,#126),.UNSPECIFIED.,.F.,.F.,
  (2,2),(1.331827974791,1.570796326795),.PIECEWISE_BEZIER_KNOTS.);
#125 = CARTESIAN_POINT('',(0.,1.331827974791));
#126 = CARTESIAN_POINT('',(0.,1.570796326795));
#127 = ( GEOMETRIC_REPRESENTATION_CONTEXT(2) 
PARAMETRIC_REPRESENTATION_CONTEXT() REPRESENTATION_CONTEXT('2D SPACE',''
  ) );
#128 = PCURVE('',#66,#129);
#129 = DEFINITIONAL_REPRESENTATION('',(#130),#133);
#130 = B_SPLINE_CURVE_WITH_KNOTS('',1,(#131,#132),.UNSPECIFIED.,.F.,.F.,
  (2,2),(1.331827974791,1.570796326795),.PIECEWISE_BEZIER_KNOTS.);
#131 = CARTESIAN_POINT('',(6.28318530718,1.331827974791));
#132 = CARTESIAN_POINT('',(6.28318530718,1.570796326795));
#133 = ( GEOMETRIC_REPRESENTATION_CONTEXT(2) 
PARAMETRIC_REPRESENTATION_CONTEXT() REPRESENTATION_CONTEXT('2D SPACE',''
  ) );
#134 = ORIENTED_EDGE('',*,*,#51,.T.);
#135 = ORIENTED_EDGE('',*,*,#113,.T.);
#136 = ORIENTED_EDGE('',*,*,#137,.F.);
#137 = EDGE_CURVE('',#114,#114,#138,.T.);
#138 = SURFACE_CURVE('',#139,(#144,#151),.PCURVE_S1.);
#139 = CIRCLE('',#140,31.482407674226);
#140 = AXIS2_PLACEMENT_3D('',#141,#142,#143);
#141 = CARTESIAN_POINT('',(8.170816810087E-03,-1.093568420887E-02,
    17.144802609005));
#142 = DIRECTION('',(5.46820323464E-04,-9.385655002981E-04,
    -0.999999410041));
#143 = DIRECTION('',(1.224021901089E-16,-0.999999559547,
    9.385656406196E-04));
#144 = PCURVE('',#66,#145);
#145 = DEFINITIONAL_REPRESENTATION('',(#146),#150);
#146 = LINE('',#147,#148);
#147 = CARTESIAN_POINT('',(0.,1.570796326795));
#148 = VECTOR('',#149,1.);
#149 = DIRECTION('',(1.,0.));
#150 = ( GEOMETRIC_REPRESENTATION_CONTEXT(2) 
PARAMETRIC_REPRESENTATION_CONTEXT() REPRESENTATION_CONTEXT('2D SPACE',''
  ) );
#151 = PCURVE('',#152,#157);
#152 = PLANE('',#153);
#153 = AXIS2_PLACEMENT_3D('',#154,#155,#156);
#154 = CARTESIAN_POINT('',(8.170816810087E-03,-1.093568420887E-02,
    17.144802609005));
#155 = DIRECTION('',(5.46820323464E-04,-9.385655002981E-04,
    -0.999999410041));
#156 = DIRECTION('',(0.,-0.999999559547,9.385656406196E-04));
#157 = DEFINITIONAL_REPRESENTATION('',(#158),#162);
#158 = CIRCLE('',#159,31.482407674226);
#159 = AXIS2_PLACEMENT_2D('',#160,#161);
#160 = CARTESIAN_POINT('',(0.,-3.469446951954E-18));
#161 = DIRECTION('',(1.,-1.22435221712E-16));
#162 = ( GEOMETRIC_REPRESENTATION_CONTEXT(2) 
PARAMETRIC_REPRESENTATION_CONTEXT() REPRESENTATION_CONTEXT('2D SPACE',''
  ) );
#163 = ADVANCED_FACE('',(#164,#195),#94,.F.);
#164 = FACE_BOUND('',#165,.F.);
#165 = EDGE_LOOP('',(#166));
#166 = ORIENTED_EDGE('',*,*,#167,.T.);
#167 = EDGE_CURVE('',#168,#168,#170,.T.);
#168 = VERTEX_POINT('',#169);
#169 = CARTESIAN_POINT('',(6.889396399343E-03,41.211926840592,
    19.449515955811));
#170 = SURFACE_CURVE('',#171,(#176,#183),.PCURVE_S1.);
#171 = CIRCLE('',#172,41.220681243315);
#172 = AXIS2_PLACEMENT_3D('',#173,#174,#175);
#173 = CARTESIAN_POINT('',(6.889396399333E-03,-8.736246958084E-03,
    19.488204270908));
#174 = DIRECTION('',(-5.46820323464E-04,9.385655002981E-04,
    0.999999410041));
#175 = DIRECTION('',(0.,0.999999559547,-9.385656406196E-04));
#176 = PCURVE('',#94,#177);
#177 = DEFINITIONAL_REPRESENTATION('',(#178),#182);
#178 = CIRCLE('',#179,41.220681243315);
#179 = AXIS2_PLACEMENT_2D('',#180,#181);
#180 = CARTESIAN_POINT('',(0.,0.));
#181 = DIRECTION('',(1.,0.));
#182 = ( GEOMETRIC_REPRESENTATION_CONTEXT(2) 
PARAMETRIC_REPRESENTATION_CONTEXT() REPRESENTATION_CONTEXT('2D SPACE',''
  ) );
#183 = PCURVE('',#184,#189);
#184 = CYLINDRICAL_SURFACE('',#185,41.220681243315);
#185 = AXIS2_PLACEMENT_3D('',#186,#187,#188);
#186 = CARTESIAN_POINT('',(6.889396399333E-03,-8.736246958084E-03,
    19.488204270908));
#187 = DIRECTION('',(-5.46820323464E-04,9.385655002981E-04,
    0.999999410041));
#188 = DIRECTION('',(0.,0.999999559547,-9.385656406196E-04));
#189 = DEFINITIONAL_REPRESENTATION('',(#190),#194);
#190 = LINE('',#191,#192);
#191 = CARTESIAN_POINT('',(0.,0.));
#192 = VECTOR('',#193,1.);
#193 = DIRECTION('',(1.,0.));
#194 = ( GEOMETRIC_REPRESENTATION_CONTEXT(2) 
PARAMETRIC_REPRESENTATION_CONTEXT() REPRESENTATION_CONTEXT('2D SPACE',''
  ) );
#195 = FACE_BOUND('',#196,.F.);
#196 = EDGE_LOOP('',(#197));
#197 = ORIENTED_EDGE('',*,*,#79,.T.);
#198 = ADVANCED_FACE('',(#199,#202),#152,.T.);
#199 = FACE_BOUND('',#200,.T.);
#200 = EDGE_LOOP('',(#201));
#201 = ORIENTED_EDGE('',*,*,#137,.T.);
#202 = FACE_BOUND('',#203,.T.);
#203 = EDGE_LOOP('',(#204,#233,#266,#293));
#204 = ORIENTED_EDGE('',*,*,#205,.F.);
#205 = EDGE_CURVE('',#206,#208,#210,.T.);
#206 = VERTEX_POINT('',#207);
#207 = CARTESIAN_POINT('',(-4.000000009585,11.824042154354,
    17.131502949995));
#208 = VERTEX_POINT('',#209);
#209 = CARTESIAN_POINT('',(-3.999997969017,15.799998257005,
    17.12777125368));
#210 = SURFACE_CURVE('',#211,(#215,#221),.PCURVE_S1.);
#211 = LINE('',#212,#213);
#212 = CARTESIAN_POINT('',(-4.000003095303,5.811660954294,
    17.137145965206));
#213 = VECTOR('',#214,1.);
#214 = DIRECTION('',(5.132269165174E-07,0.999999559547,
    -9.385653599766E-04));
#215 = PCURVE('',#152,#216);
#216 = DEFINITIONAL_REPRESENTATION('',(#217),#220);
#217 = B_SPLINE_CURVE_WITH_KNOTS('',1,(#218,#219),.UNSPECIFIED.,.F.,.F.,
  (2,2),(5.833196652103,9.988341702103),.PIECEWISE_BEZIER_KNOTS.);
#218 = CARTESIAN_POINT('',(-11.65579791228,4.008171517606));
#219 = CARTESIAN_POINT('',(-15.81094296228,4.008169385073));
#220 = ( GEOMETRIC_REPRESENTATION_CONTEXT(2) 
PARAMETRIC_REPRESENTATION_CONTEXT() REPRESENTATION_CONTEXT('2D SPACE',''
  ) );
#221 = PCURVE('',#222,#227);
#222 = PLANE('',#223);
#223 = AXIS2_PLACEMENT_3D('',#224,#225,#226);
#224 = CARTESIAN_POINT('',(-4.000000101549,11.64485503715,
    28.422785708344));
#225 = DIRECTION('',(-1.,5.132271425696E-07,0.));
#226 = DIRECTION('',(0.,0.,-1.));
#227 = DEFINITIONAL_REPRESENTATION('',(#228),#232);
#228 = LINE('',#229,#230);
#229 = CARTESIAN_POINT('',(11.285639743138,5.833194082856));
#230 = VECTOR('',#231,1.);
#231 = DIRECTION('',(9.385653599766E-04,-0.999999559547));
#232 = ( GEOMETRIC_REPRESENTATION_CONTEXT(2) 
PARAMETRIC_REPRESENTATION_CONTEXT() REPRESENTATION_CONTEXT('2D SPACE',''
  ) );
#233 = ORIENTED_EDGE('',*,*,#234,.T.);
#234 = EDGE_CURVE('',#206,#235,#237,.T.);
#235 = VERTEX_POINT('',#236);
#236 = CARTESIAN_POINT('',(3.999999993251,11.829568138264,
    17.135872328664));
#237 = SURFACE_CURVE('',#238,(#243,#254),.PCURVE_S1.);
#238 = CIRCLE('',#239,12.495291540968);
#239 = AXIS2_PLACEMENT_3D('',#240,#241,#242);
#240 = CARTESIAN_POINT('',(8.170816810087E-03,-1.093568420887E-02,
    17.144802609005));
#241 = DIRECTION('',(-5.46820323464E-04,9.385655002981E-04,
    0.999999410041));
#242 = DIRECTION('',(0.,0.999999559547,-9.385656406196E-04));
#243 = PCURVE('',#152,#244);
#244 = DEFINITIONAL_REPRESENTATION('',(#245),#253);
#245 = ( BOUNDED_CURVE() B_SPLINE_CURVE(2,(#246,#247,#248,#249,#250,#251
,#252),.UNSPECIFIED.,.T.,.F.) B_SPLINE_CURVE_WITH_KNOTS((1,2,2,2,2,1),(
    -2.094395102393,0.,2.094395102393,4.188790204786,6.28318530718,
8.377580409573),.UNSPECIFIED.) CURVE() GEOMETRIC_REPRESENTATION_ITEM() 
RATIONAL_B_SPLINE_CURVE((1.,0.5,1.,0.5,1.,0.5,1.)) REPRESENTATION_ITEM(
  '') );
#246 = CARTESIAN_POINT('',(-12.49529154096,-3.677421965202E-18));
#247 = CARTESIAN_POINT('',(-12.49529154096,21.642479804342));
#248 = CARTESIAN_POINT('',(6.247645770484,10.821239902171));
#249 = CARTESIAN_POINT('',(24.990583081935,3.056786336047E-15));
#250 = CARTESIAN_POINT('',(6.247645770484,-10.82123990217));
#251 = CARTESIAN_POINT('',(-12.49529154096,-21.64247980434));
#252 = CARTESIAN_POINT('',(-12.49529154096,-3.677421965202E-18));
#253 = ( GEOMETRIC_REPRESENTATION_CONTEXT(2) 
PARAMETRIC_REPRESENTATION_CONTEXT() REPRESENTATION_CONTEXT('2D SPACE',''
  ) );
#254 = PCURVE('',#255,#260);
#255 = CYLINDRICAL_SURFACE('',#256,12.495291540968);
#256 = AXIS2_PLACEMENT_3D('',#257,#258,#259);
#257 = CARTESIAN_POINT('',(2.989983426941E-02,-4.82314928458E-02,
    -22.59220735149));
#258 = DIRECTION('',(-5.46820323464E-04,9.385655002981E-04,
    0.999999410041));
#259 = DIRECTION('',(0.,0.999999559547,-9.385656406196E-04));
#260 = DEFINITIONAL_REPRESENTATION('',(#261),#265);
#261 = LINE('',#262,#263);
#262 = CARTESIAN_POINT('',(0.,39.737033403724));
#263 = VECTOR('',#264,1.);
#264 = DIRECTION('',(1.,0.));
#265 = ( GEOMETRIC_REPRESENTATION_CONTEXT(2) 
PARAMETRIC_REPRESENTATION_CONTEXT() REPRESENTATION_CONTEXT('2D SPACE',''
  ) );
#266 = ORIENTED_EDGE('',*,*,#267,.F.);
#267 = EDGE_CURVE('',#268,#235,#270,.T.);
#268 = VERTEX_POINT('',#269);
#269 = CARTESIAN_POINT('',(4.000002030983,15.799998257005,
    17.132145818849));
#270 = SURFACE_CURVE('',#271,(#275,#281),.PCURVE_S1.);
#271 = LINE('',#272,#273);
#272 = CARTESIAN_POINT('',(3.999996916741,5.835127787861,17.141498505207
    ));
#273 = VECTOR('',#274,1.);
#274 = DIRECTION('',(-5.132269165174E-07,-0.999999559547,
    9.385653599766E-04));
#275 = PCURVE('',#152,#276);
#276 = DEFINITIONAL_REPRESENTATION('',(#277),#280);
#277 = B_SPLINE_CURVE_WITH_KNOTS('',1,(#278,#279),.UNSPECIFIED.,.F.,.F.,
  (2,2),(-9.9648748582,-5.8097298082),.PIECEWISE_BEZIER_KNOTS.);
#278 = CARTESIAN_POINT('',(-15.81093885647,-3.991831810977));
#279 = CARTESIAN_POINT('',(-11.65579380647,-3.991829678444));
#280 = ( GEOMETRIC_REPRESENTATION_CONTEXT(2) 
PARAMETRIC_REPRESENTATION_CONTEXT() REPRESENTATION_CONTEXT('2D SPACE',''
  ) );
#281 = PCURVE('',#282,#287);
#282 = PLANE('',#283);
#283 = AXIS2_PLACEMENT_3D('',#284,#285,#286);
#284 = CARTESIAN_POINT('',(3.999999898451,11.64485503715,-21.57861429165
    ));
#285 = DIRECTION('',(1.,-5.132271425696E-07,0.));
#286 = DIRECTION('',(0.,0.,1.));
#287 = DEFINITIONAL_REPRESENTATION('',(#288),#292);
#288 = LINE('',#289,#290);
#289 = CARTESIAN_POINT('',(38.720112796863,5.809727249289));
#290 = VECTOR('',#291,1.);
#291 = DIRECTION('',(9.385653599766E-04,0.999999559547));
#292 = ( GEOMETRIC_REPRESENTATION_CONTEXT(2) 
PARAMETRIC_REPRESENTATION_CONTEXT() REPRESENTATION_CONTEXT('2D SPACE',''
  ) );
#293 = ORIENTED_EDGE('',*,*,#294,.T.);
#294 = EDGE_CURVE('',#268,#208,#295,.T.);
#295 = SURFACE_CURVE('',#296,(#300,#306),.PCURVE_S1.);
#296 = LINE('',#297,#298);
#297 = CARTESIAN_POINT('',(3.415421136944E-04,15.799998257005,
    17.129958721916));
#298 = VECTOR('',#299,1.);
#299 = DIRECTION('',(-0.999999850494,0.,-5.468205643126E-04));
#300 = PCURVE('',#152,#301);
#301 = DEFINITIONAL_REPRESENTATION('',(#302),#305);
#302 = B_SPLINE_CURVE_WITH_KNOTS('',1,(#303,#304),.UNSPECIFIED.,.F.,.F.,
  (2,2),(-3.999661086844,4.000340109207),.PIECEWISE_BEZIER_KNOTS.);
#303 = CARTESIAN_POINT('',(-15.81093885647,-3.991831810977));
#304 = CARTESIAN_POINT('',(-15.81094296228,4.008169385073));
#305 = ( GEOMETRIC_REPRESENTATION_CONTEXT(2) 
PARAMETRIC_REPRESENTATION_CONTEXT() REPRESENTATION_CONTEXT('2D SPACE',''
  ) );
#306 = PCURVE('',#307,#312);
#307 = PLANE('',#308);
#308 = AXIS2_PLACEMENT_3D('',#309,#310,#311);
#309 = CARTESIAN_POINT('',(2.030983125423E-06,15.799998257005,
    3.418185833134));
#310 = DIRECTION('',(-0.,-1.,-0.));
#311 = DIRECTION('',(0.,0.,-1.));
#312 = DEFINITIONAL_REPRESENTATION('',(#313),#317);
#313 = LINE('',#314,#315);
#314 = CARTESIAN_POINT('',(-13.71177288878,3.39511130569E-04));
#315 = VECTOR('',#316,1.);
#316 = DIRECTION('',(5.468205643126E-04,-0.999999850494));
#317 = ( GEOMETRIC_REPRESENTATION_CONTEXT(2) 
PARAMETRIC_REPRESENTATION_CONTEXT() REPRESENTATION_CONTEXT('2D SPACE',''
  ) );
#318 = ADVANCED_FACE('',(#319),#184,.T.);
#319 = FACE_BOUND('',#320,.T.);
#320 = EDGE_LOOP('',(#321,#352,#373,#374,#375));
#321 = ORIENTED_EDGE('',*,*,#322,.F.);
#322 = EDGE_CURVE('',#323,#325,#327,.T.);
#323 = VERTEX_POINT('',#324);
#324 = CARTESIAN_POINT('',(6.885748789285E-03,41.21193310137,
    19.456186534335));
#325 = VERTEX_POINT('',#326);
#326 = CARTESIAN_POINT('',(6.885748789285E-03,-41.22939307372,
    19.533563164531));
#327 = SURFACE_CURVE('',#328,(#333,#340),.PCURVE_S1.);
#328 = CIRCLE('',#329,41.220681243315);
#329 = AXIS2_PLACEMENT_3D('',#330,#331,#332);
#330 = CARTESIAN_POINT('',(6.885748789275E-03,-8.729986179521E-03,
    19.494874849433));
#331 = DIRECTION('',(-5.46820323464E-04,9.385655002981E-04,
    0.999999410041));
#332 = DIRECTION('',(0.,-0.999999559547,9.385656406196E-04));
#333 = PCURVE('',#184,#334);
#334 = DEFINITIONAL_REPRESENTATION('',(#335),#339);
#335 = LINE('',#336,#337);
#336 = CARTESIAN_POINT('',(-3.14159265359,6.670582459873E-03));
#337 = VECTOR('',#338,1.);
#338 = DIRECTION('',(1.,0.));
#339 = ( GEOMETRIC_REPRESENTATION_CONTEXT(2) 
PARAMETRIC_REPRESENTATION_CONTEXT() REPRESENTATION_CONTEXT('2D SPACE',''
  ) );
#340 = PCURVE('',#341,#346);
#341 = CONICAL_SURFACE('',#342,41.362966676481,1.331827974791);
#342 = AXIS2_PLACEMENT_3D('',#343,#344,#345);
#343 = CARTESIAN_POINT('',(6.866793764652E-03,-8.697451667901E-03,
    19.529538911148));
#344 = DIRECTION('',(-5.46820323464E-04,9.385655002981E-04,
    0.999999410041));
#345 = DIRECTION('',(0.,-0.999999559547,9.385656406196E-04));
#346 = DEFINITIONAL_REPRESENTATION('',(#347),#351);
#347 = LINE('',#348,#349);
#348 = CARTESIAN_POINT('',(-6.28318530718,-3.466408216543E-02));
#349 = VECTOR('',#350,1.);
#350 = DIRECTION('',(1.,-0.));
#351 = ( GEOMETRIC_REPRESENTATION_CONTEXT(2) 
PARAMETRIC_REPRESENTATION_CONTEXT() REPRESENTATION_CONTEXT('2D SPACE',''
  ) );
#352 = ORIENTED_EDGE('',*,*,#353,.F.);
#353 = EDGE_CURVE('',#168,#323,#354,.T.);
#354 = SEAM_CURVE('',#355,(#359,#366),.PCURVE_S1.);
#355 = LINE('',#356,#357);
#356 = CARTESIAN_POINT('',(6.889396399343E-03,41.211926840592,
    19.449515955811));
#357 = VECTOR('',#358,1.);
#358 = DIRECTION('',(-5.46820323464E-04,9.385655002981E-04,
    0.999999410041));
#359 = PCURVE('',#184,#360);
#360 = DEFINITIONAL_REPRESENTATION('',(#361),#365);
#361 = LINE('',#362,#363);
#362 = CARTESIAN_POINT('',(6.28318530718,-0.));
#363 = VECTOR('',#364,1.);
#364 = DIRECTION('',(0.,1.));
#365 = ( GEOMETRIC_REPRESENTATION_CONTEXT(2) 
PARAMETRIC_REPRESENTATION_CONTEXT() REPRESENTATION_CONTEXT('2D SPACE',''
  ) );
#366 = PCURVE('',#184,#367);
#367 = DEFINITIONAL_REPRESENTATION('',(#368),#372);
#368 = LINE('',#369,#370);
#369 = CARTESIAN_POINT('',(0.,-0.));
#370 = VECTOR('',#371,1.);
#371 = DIRECTION('',(0.,1.));
#372 = ( GEOMETRIC_REPRESENTATION_CONTEXT(2) 
PARAMETRIC_REPRESENTATION_CONTEXT() REPRESENTATION_CONTEXT('2D SPACE',''
  ) );
#373 = ORIENTED_EDGE('',*,*,#167,.T.);
#374 = ORIENTED_EDGE('',*,*,#353,.T.);
#375 = ORIENTED_EDGE('',*,*,#376,.F.);
#376 = EDGE_CURVE('',#325,#323,#377,.T.);
#377 = SURFACE_CURVE('',#378,(#383,#390),.PCURVE_S1.);
#378 = CIRCLE('',#379,41.220681243315);
#379 = AXIS2_PLACEMENT_3D('',#380,#381,#382);
#380 = CARTESIAN_POINT('',(6.885748789275E-03,-8.729986179521E-03,
    19.494874849433));
#381 = DIRECTION('',(-5.46820323464E-04,9.385655002981E-04,
    0.999999410041));
#382 = DIRECTION('',(0.,-0.999999559547,9.385656406196E-04));
#383 = PCURVE('',#184,#384);
#384 = DEFINITIONAL_REPRESENTATION('',(#385),#389);
#385 = LINE('',#386,#387);
#386 = CARTESIAN_POINT('',(3.14159265359,6.670582459873E-03));
#387 = VECTOR('',#388,1.);
#388 = DIRECTION('',(1.,0.));
#389 = ( GEOMETRIC_REPRESENTATION_CONTEXT(2) 
PARAMETRIC_REPRESENTATION_CONTEXT() REPRESENTATION_CONTEXT('2D SPACE',''
  ) );
#390 = PCURVE('',#341,#391);
#391 = DEFINITIONAL_REPRESENTATION('',(#392),#396);
#392 = LINE('',#393,#394);
#393 = CARTESIAN_POINT('',(-6.28318530718,-3.466408216543E-02));
#394 = VECTOR('',#395,1.);
#395 = DIRECTION('',(1.,-0.));
#396 = ( GEOMETRIC_REPRESENTATION_CONTEXT(2) 
PARAMETRIC_REPRESENTATION_CONTEXT() REPRESENTATION_CONTEXT('2D SPACE',''
  ) );
#397 = ADVANCED_FACE('',(#398),#222,.F.);
#398 = FACE_BOUND('',#399,.F.);
#399 = EDGE_LOOP('',(#400,#427,#454,#481,#508,#535,#563,#584));
#400 = ORIENTED_EDGE('',*,*,#401,.F.);
#401 = EDGE_CURVE('',#402,#206,#404,.T.);
#402 = VERTEX_POINT('',#403);
#403 = CARTESIAN_POINT('',(-4.000000008234,11.826675495761,
    19.474904905358));
#404 = SURFACE_CURVE('',#405,(#410,#417),.PCURVE_S1.);
#405 = ELLIPSE('',#406,2.285079759773E+04,12.495291540968);
#406 = AXIS2_PLACEMENT_3D('',#407,#408,#409);
#407 = CARTESIAN_POINT('',(-4.000002552793,6.868715789043,
    7.347104632109E+03));
#408 = DIRECTION('',(-1.,5.132271425696E-07,-1.033975765691E-25));
#409 = DIRECTION('',(4.816972178156E-10,9.385653599765E-04,
    0.999999559547));
#410 = PCURVE('',#222,#411);
#411 = DEFINITIONAL_REPRESENTATION('',(#412),#416);
#412 = ELLIPSE('',#413,2.285079759773E+04,12.495291540968);
#413 = AXIS2_PLACEMENT_2D('',#414,#415);
#414 = CARTESIAN_POINT('',(-7.3186818464E+03,4.776139248107));
#415 = DIRECTION('',(-0.999999559547,-9.385653599766E-04));
#416 = ( GEOMETRIC_REPRESENTATION_CONTEXT(2) 
PARAMETRIC_REPRESENTATION_CONTEXT() REPRESENTATION_CONTEXT('2D SPACE',''
  ) );
#417 = PCURVE('',#255,#418);
#418 = DEFINITIONAL_REPRESENTATION('',(#419),#426);
#419 = B_SPLINE_CURVE_WITH_KNOTS('',5,(#420,#421,#422,#423,#424,#425),
  .UNSPECIFIED.,.F.,.F.,(6,6),(1.897233788552,1.897343970435),
  .PIECEWISE_BEZIER_KNOTS.);
#420 = CARTESIAN_POINT('',(0.32643694853,42.121771712759));
#421 = CARTESIAN_POINT('',(0.326458984906,41.64481503427));
#422 = CARTESIAN_POINT('',(0.326481021283,41.167862803646));
#423 = CARTESIAN_POINT('',(0.32650305766,40.690915021344));
#424 = CARTESIAN_POINT('',(0.326525094036,40.213971687881));
#425 = CARTESIAN_POINT('',(0.326547130413,39.737032803719));
#426 = ( GEOMETRIC_REPRESENTATION_CONTEXT(2) 
PARAMETRIC_REPRESENTATION_CONTEXT() REPRESENTATION_CONTEXT('2D SPACE',''
  ) );
#427 = ORIENTED_EDGE('',*,*,#428,.F.);
#428 = EDGE_CURVE('',#429,#402,#431,.T.);
#429 = VERTEX_POINT('',#430);
#430 = CARTESIAN_POINT('',(-4.00000000821,11.826721943183,
    19.516239550776));
#431 = SURFACE_CURVE('',#432,(#437,#444),.PCURVE_S1.);
#432 = ELLIPSE('',#433,2.285079759773E+04,12.495291540968);
#433 = AXIS2_PLACEMENT_3D('',#434,#435,#436);
#434 = CARTESIAN_POINT('',(-4.000002552793,6.868715789043,
    7.347104632109E+03));
#435 = DIRECTION('',(-1.,5.132271425696E-07,-1.033975765691E-25));
#436 = DIRECTION('',(4.816972178156E-10,9.385653599765E-04,
    0.999999559547));
#437 = PCURVE('',#222,#438);
#438 = DEFINITIONAL_REPRESENTATION('',(#439),#443);
#439 = ELLIPSE('',#440,2.285079759773E+04,12.495291540968);
#440 = AXIS2_PLACEMENT_2D('',#441,#442);
#441 = CARTESIAN_POINT('',(-7.3186818464E+03,4.776139248107));
#442 = DIRECTION('',(-0.999999559547,-9.385653599766E-04));
#443 = ( GEOMETRIC_REPRESENTATION_CONTEXT(2) 
PARAMETRIC_REPRESENTATION_CONTEXT() REPRESENTATION_CONTEXT('2D SPACE',''
  ) );
#444 = PCURVE('',#255,#445);
#445 = DEFINITIONAL_REPRESENTATION('',(#446),#453);
#446 = B_SPLINE_CURVE_WITH_KNOTS('',5,(#447,#448,#449,#450,#451,#452),
  .UNSPECIFIED.,.F.,.F.,(6,6),(1.89693118785,1.897235698354),
  .PIECEWISE_BEZIER_KNOTS.);
#447 = CARTESIAN_POINT('',(0.326134347828,48.671615120672));
#448 = CARTESIAN_POINT('',(0.326195249929,47.353311360338));
#449 = CARTESIAN_POINT('',(0.32625615203,46.035041542731));
#450 = CARTESIAN_POINT('',(0.326317054131,44.716805678037));
#451 = CARTESIAN_POINT('',(0.326377956231,43.398603776441));
#452 = CARTESIAN_POINT('',(0.326438858332,42.080435848131));
#453 = ( GEOMETRIC_REPRESENTATION_CONTEXT(2) 
PARAMETRIC_REPRESENTATION_CONTEXT() REPRESENTATION_CONTEXT('2D SPACE',''
  ) );
#454 = ORIENTED_EDGE('',*,*,#455,.F.);
#455 = EDGE_CURVE('',#456,#429,#458,.T.);
#456 = VERTEX_POINT('',#457);
#457 = CARTESIAN_POINT('',(-4.000000004632,11.833693797453,
    25.721140977469));
#458 = SURFACE_CURVE('',#459,(#464,#471),.PCURVE_S1.);
#459 = ELLIPSE('',#460,2.285079759773E+04,12.495291540968);
#460 = AXIS2_PLACEMENT_3D('',#461,#462,#463);
#461 = CARTESIAN_POINT('',(-4.000002552793,6.868715789043,
    7.347104632109E+03));
#462 = DIRECTION('',(-1.,5.132271425696E-07,-1.033975765691E-25));
#463 = DIRECTION('',(4.816972178156E-10,9.385653599765E-04,
    0.999999559547));
#464 = PCURVE('',#222,#465);
#465 = DEFINITIONAL_REPRESENTATION('',(#466),#470);
#466 = ELLIPSE('',#467,2.285079759773E+04,12.495291540968);
#467 = AXIS2_PLACEMENT_2D('',#468,#469);
#468 = CARTESIAN_POINT('',(-7.3186818464E+03,4.776139248107));
#469 = DIRECTION('',(-0.999999559547,-9.385653599766E-04));
#470 = ( GEOMETRIC_REPRESENTATION_CONTEXT(2) 
PARAMETRIC_REPRESENTATION_CONTEXT() REPRESENTATION_CONTEXT('2D SPACE',''
  ) );
#471 = PCURVE('',#255,#472);
#472 = DEFINITIONAL_REPRESENTATION('',(#473),#480);
#473 = B_SPLINE_CURVE_WITH_KNOTS('',5,(#474,#475,#476,#477,#478,#479),
  .UNSPECIFIED.,.F.,.F.,(6,6),(1.89693118785,1.897235698354),
  .PIECEWISE_BEZIER_KNOTS.);
#474 = CARTESIAN_POINT('',(0.326134347828,48.671615120672));
#475 = CARTESIAN_POINT('',(0.326195249929,47.353311360338));
#476 = CARTESIAN_POINT('',(0.32625615203,46.035041542731));
#477 = CARTESIAN_POINT('',(0.326317054131,44.716805678037));
#478 = CARTESIAN_POINT('',(0.326377956231,43.398603776441));
#479 = CARTESIAN_POINT('',(0.326438858332,42.080435848131));
#480 = ( GEOMETRIC_REPRESENTATION_CONTEXT(2) 
PARAMETRIC_REPRESENTATION_CONTEXT() REPRESENTATION_CONTEXT('2D SPACE',''
  ) );
#481 = ORIENTED_EDGE('',*,*,#482,.F.);
#482 = EDGE_CURVE('',#483,#456,#485,.T.);
#483 = VERTEX_POINT('',#484);
#484 = CARTESIAN_POINT('',(-4.000000004433,11.834081340542,
    26.066079915552));
#485 = SURFACE_CURVE('',#486,(#491,#498),.PCURVE_S1.);
#486 = ELLIPSE('',#487,2.285079759773E+04,12.495291540968);
#487 = AXIS2_PLACEMENT_3D('',#488,#489,#490);
#488 = CARTESIAN_POINT('',(-4.000002552793,6.868715789043,
    7.347104632109E+03));
#489 = DIRECTION('',(-1.,5.132271425696E-07,-1.033975765691E-25));
#490 = DIRECTION('',(4.816972178156E-10,9.385653599765E-04,
    0.999999559547));
#491 = PCURVE('',#222,#492);
#492 = DEFINITIONAL_REPRESENTATION('',(#493),#497);
#493 = ELLIPSE('',#494,2.285079759773E+04,12.495291540968);
#494 = AXIS2_PLACEMENT_2D('',#495,#496);
#495 = CARTESIAN_POINT('',(-7.3186818464E+03,4.776139248107));
#496 = DIRECTION('',(-0.999999559547,-9.385653599766E-04));
#497 = ( GEOMETRIC_REPRESENTATION_CONTEXT(2) 
PARAMETRIC_REPRESENTATION_CONTEXT() REPRESENTATION_CONTEXT('2D SPACE',''
  ) );
#498 = PCURVE('',#255,#499);
#499 = DEFINITIONAL_REPRESENTATION('',(#500),#507);
#500 = B_SPLINE_CURVE_WITH_KNOTS('',5,(#501,#502,#503,#504,#505,#506),
  .UNSPECIFIED.,.F.,.F.,(6,6),(1.89693118785,1.897235698354),
  .PIECEWISE_BEZIER_KNOTS.);
#501 = CARTESIAN_POINT('',(0.326134347828,48.671615120672));
#502 = CARTESIAN_POINT('',(0.326195249929,47.353311360338));
#503 = CARTESIAN_POINT('',(0.32625615203,46.035041542731));
#504 = CARTESIAN_POINT('',(0.326317054131,44.716805678037));
#505 = CARTESIAN_POINT('',(0.326377956231,43.398603776441));
#506 = CARTESIAN_POINT('',(0.326438858332,42.080435848131));
#507 = ( GEOMETRIC_REPRESENTATION_CONTEXT(2) 
PARAMETRIC_REPRESENTATION_CONTEXT() REPRESENTATION_CONTEXT('2D SPACE',''
  ) );
#508 = ORIENTED_EDGE('',*,*,#509,.F.);
#509 = EDGE_CURVE('',#510,#483,#512,.T.);
#510 = VERTEX_POINT('',#511);
#511 = CARTESIAN_POINT('',(-4.000000003074,11.836728836207,
    28.422605622163));
#512 = SURFACE_CURVE('',#513,(#518,#525),.PCURVE_S1.);
#513 = ELLIPSE('',#514,2.285079759773E+04,12.495291540968);
#514 = AXIS2_PLACEMENT_3D('',#515,#516,#517);
#515 = CARTESIAN_POINT('',(-4.000002552793,6.868715789043,
    7.347104632109E+03));
#516 = DIRECTION('',(-1.,5.132271425696E-07,-1.033975765691E-25));
#517 = DIRECTION('',(4.816972178156E-10,9.385653599765E-04,
    0.999999559547));
#518 = PCURVE('',#222,#519);
#519 = DEFINITIONAL_REPRESENTATION('',(#520),#524);
#520 = ELLIPSE('',#521,2.285079759773E+04,12.495291540968);
#521 = AXIS2_PLACEMENT_2D('',#522,#523);
#522 = CARTESIAN_POINT('',(-7.3186818464E+03,4.776139248107));
#523 = DIRECTION('',(-0.999999559547,-9.385653599766E-04));
#524 = ( GEOMETRIC_REPRESENTATION_CONTEXT(2) 
PARAMETRIC_REPRESENTATION_CONTEXT() REPRESENTATION_CONTEXT('2D SPACE',''
  ) );
#525 = PCURVE('',#255,#526);
#526 = DEFINITIONAL_REPRESENTATION('',(#527),#534);
#527 = B_SPLINE_CURVE_WITH_KNOTS('',5,(#528,#529,#530,#531,#532,#533),
  .UNSPECIFIED.,.F.,.F.,(6,6),(1.896796812686,1.896962857721),
  .PIECEWISE_BEZIER_KNOTS.);
#528 = CARTESIAN_POINT('',(0.325999972664,51.580403270181));
#529 = CARTESIAN_POINT('',(0.326033181671,50.861519235889));
#530 = CARTESIAN_POINT('',(0.326066390678,50.142645289978));
#531 = CARTESIAN_POINT('',(0.326099599685,49.423781434091));
#532 = CARTESIAN_POINT('',(0.326132808692,48.704927669891));
#533 = CARTESIAN_POINT('',(0.326166017699,47.986083999023));
#534 = ( GEOMETRIC_REPRESENTATION_CONTEXT(2) 
PARAMETRIC_REPRESENTATION_CONTEXT() REPRESENTATION_CONTEXT('2D SPACE',''
  ) );
#535 = ORIENTED_EDGE('',*,*,#536,.T.);
#536 = EDGE_CURVE('',#510,#537,#539,.T.);
#537 = VERTEX_POINT('',#538);
#538 = CARTESIAN_POINT('',(-3.999997969017,15.799998257005,
    28.418885833134));
#539 = SURFACE_CURVE('',#540,(#544,#551),.PCURVE_S1.);
#540 = LINE('',#541,#542);
#541 = CARTESIAN_POINT('',(-4.000000101549,11.64485503715,
    28.422785708344));
#542 = VECTOR('',#543,1.);
#543 = DIRECTION('',(5.132269165174E-07,0.999999559547,
    -9.385653599766E-04));
#544 = PCURVE('',#222,#545);
#545 = DEFINITIONAL_REPRESENTATION('',(#546),#550);
#546 = LINE('',#547,#548);
#547 = CARTESIAN_POINT('',(0.,-0.));
#548 = VECTOR('',#549,1.);
#549 = DIRECTION('',(9.385653599766E-04,-0.999999559547));
#550 = ( GEOMETRIC_REPRESENTATION_CONTEXT(2) 
PARAMETRIC_REPRESENTATION_CONTEXT() REPRESENTATION_CONTEXT('2D SPACE',''
  ) );
#551 = PCURVE('',#552,#557);
#552 = PLANE('',#553);
#553 = AXIS2_PLACEMENT_3D('',#554,#555,#556);
#554 = CARTESIAN_POINT('',(3.999999898451,11.64485503715,28.422785708344
    ));
#555 = DIRECTION('',(0.,9.385653599767E-04,0.999999559547));
#556 = DIRECTION('',(-1.,0.,0.));
#557 = DEFINITIONAL_REPRESENTATION('',(#558),#562);
#558 = LINE('',#559,#560);
#559 = CARTESIAN_POINT('',(8.,0.));
#560 = VECTOR('',#561,1.);
#561 = DIRECTION('',(-5.132269165174E-07,-1.));
#562 = ( GEOMETRIC_REPRESENTATION_CONTEXT(2) 
PARAMETRIC_REPRESENTATION_CONTEXT() REPRESENTATION_CONTEXT('2D SPACE',''
  ) );
#563 = ORIENTED_EDGE('',*,*,#564,.F.);
#564 = EDGE_CURVE('',#208,#537,#565,.T.);
#565 = SURFACE_CURVE('',#566,(#570,#577),.PCURVE_S1.);
#566 = LINE('',#567,#568);
#567 = CARTESIAN_POINT('',(-3.999997969017,15.799998257005,
    17.12777125368));
#568 = VECTOR('',#569,1.);
#569 = DIRECTION('',(0.,0.,1.));
#570 = PCURVE('',#222,#571);
#571 = DEFINITIONAL_REPRESENTATION('',(#572),#576);
#572 = LINE('',#573,#574);
#573 = CARTESIAN_POINT('',(11.295014454664,-4.155143219856));
#574 = VECTOR('',#575,1.);
#575 = DIRECTION('',(-1.,-0.));
#576 = ( GEOMETRIC_REPRESENTATION_CONTEXT(2) 
PARAMETRIC_REPRESENTATION_CONTEXT() REPRESENTATION_CONTEXT('2D SPACE',''
  ) );
#577 = PCURVE('',#307,#578);
#578 = DEFINITIONAL_REPRESENTATION('',(#579),#583);
#579 = LINE('',#580,#581);
#580 = CARTESIAN_POINT('',(-13.70958542054,-4.));
#581 = VECTOR('',#582,1.);
#582 = DIRECTION('',(-1.,0.));
#583 = ( GEOMETRIC_REPRESENTATION_CONTEXT(2) 
PARAMETRIC_REPRESENTATION_CONTEXT() REPRESENTATION_CONTEXT('2D SPACE',''
  ) );
#584 = ORIENTED_EDGE('',*,*,#205,.F.);
#585 = ADVANCED_FACE('',(#586),#307,.T.);
#586 = FACE_BOUND('',#587,.T.);
#587 = EDGE_LOOP('',(#588,#589,#612,#633));
#588 = ORIENTED_EDGE('',*,*,#294,.F.);
#589 = ORIENTED_EDGE('',*,*,#590,.T.);
#590 = EDGE_CURVE('',#268,#591,#593,.T.);
#591 = VERTEX_POINT('',#592);
#592 = CARTESIAN_POINT('',(4.000002030983,15.799998257005,
    28.418885833134));
#593 = SURFACE_CURVE('',#594,(#598,#605),.PCURVE_S1.);
#594 = LINE('',#595,#596);
#595 = CARTESIAN_POINT('',(4.000002030983,15.799998257005,
    17.132145818849));
#596 = VECTOR('',#597,1.);
#597 = DIRECTION('',(0.,0.,1.));
#598 = PCURVE('',#307,#599);
#599 = DEFINITIONAL_REPRESENTATION('',(#600),#604);
#600 = LINE('',#601,#602);
#601 = CARTESIAN_POINT('',(-13.71395998571,4.));
#602 = VECTOR('',#603,1.);
#603 = DIRECTION('',(-1.,0.));
#604 = ( GEOMETRIC_REPRESENTATION_CONTEXT(2) 
PARAMETRIC_REPRESENTATION_CONTEXT() REPRESENTATION_CONTEXT('2D SPACE',''
  ) );
#605 = PCURVE('',#282,#606);
#606 = DEFINITIONAL_REPRESENTATION('',(#607),#611);
#607 = LINE('',#608,#609);
#608 = CARTESIAN_POINT('',(38.710760110505,-4.155143219856));
#609 = VECTOR('',#610,1.);
#610 = DIRECTION('',(1.,0.));
#611 = ( GEOMETRIC_REPRESENTATION_CONTEXT(2) 
PARAMETRIC_REPRESENTATION_CONTEXT() REPRESENTATION_CONTEXT('2D SPACE',''
  ) );
#612 = ORIENTED_EDGE('',*,*,#613,.T.);
#613 = EDGE_CURVE('',#591,#537,#614,.T.);
#614 = SURFACE_CURVE('',#615,(#619,#626),.PCURVE_S1.);
#615 = LINE('',#616,#617);
#616 = CARTESIAN_POINT('',(4.000002030983,15.799998257005,
    28.418885833134));
#617 = VECTOR('',#618,1.);
#618 = DIRECTION('',(-1.,0.,0.));
#619 = PCURVE('',#307,#620);
#620 = DEFINITIONAL_REPRESENTATION('',(#621),#625);
#621 = LINE('',#622,#623);
#622 = CARTESIAN_POINT('',(-25.0007,4.));
#623 = VECTOR('',#624,1.);
#624 = DIRECTION('',(0.,-1.));
#625 = ( GEOMETRIC_REPRESENTATION_CONTEXT(2) 
PARAMETRIC_REPRESENTATION_CONTEXT() REPRESENTATION_CONTEXT('2D SPACE',''
  ) );
#626 = PCURVE('',#552,#627);
#627 = DEFINITIONAL_REPRESENTATION('',(#628),#632);
#628 = LINE('',#629,#630);
#629 = CARTESIAN_POINT('',(-2.132532281429E-06,-4.155145049999));
#630 = VECTOR('',#631,1.);
#631 = DIRECTION('',(1.,0.));
#632 = ( GEOMETRIC_REPRESENTATION_CONTEXT(2) 
PARAMETRIC_REPRESENTATION_CONTEXT() REPRESENTATION_CONTEXT('2D SPACE',''
  ) );
#633 = ORIENTED_EDGE('',*,*,#564,.F.);
#634 = ADVANCED_FACE('',(#635),#282,.F.);
#635 = FACE_BOUND('',#636,.F.);
#636 = EDGE_LOOP('',(#637,#638,#639,#662,#689,#716,#743,#770));
#637 = ORIENTED_EDGE('',*,*,#267,.F.);
#638 = ORIENTED_EDGE('',*,*,#590,.T.);
#639 = ORIENTED_EDGE('',*,*,#640,.F.);
#640 = EDGE_CURVE('',#641,#591,#643,.T.);
#641 = VERTEX_POINT('',#642);
#642 = CARTESIAN_POINT('',(3.999999997619,11.838078962725,
    28.422604354981));
#643 = SURFACE_CURVE('',#644,(#648,#655),.PCURVE_S1.);
#644 = LINE('',#645,#646);
#645 = CARTESIAN_POINT('',(3.999999898451,11.64485503715,28.422785708344
    ));
#646 = VECTOR('',#647,1.);
#647 = DIRECTION('',(5.132269165174E-07,0.999999559547,
    -9.385653599766E-04));
#648 = PCURVE('',#282,#649);
#649 = DEFINITIONAL_REPRESENTATION('',(#650),#654);
#650 = LINE('',#651,#652);
#651 = CARTESIAN_POINT('',(50.0014,0.));
#652 = VECTOR('',#653,1.);
#653 = DIRECTION('',(-9.385653599766E-04,-0.999999559547));
#654 = ( GEOMETRIC_REPRESENTATION_CONTEXT(2) 
PARAMETRIC_REPRESENTATION_CONTEXT() REPRESENTATION_CONTEXT('2D SPACE',''
  ) );
#655 = PCURVE('',#552,#656);
#656 = DEFINITIONAL_REPRESENTATION('',(#657),#661);
#657 = LINE('',#658,#659);
#658 = CARTESIAN_POINT('',(0.,0.));
#659 = VECTOR('',#660,1.);
#660 = DIRECTION('',(-5.132269165174E-07,-1.));
#661 = ( GEOMETRIC_REPRESENTATION_CONTEXT(2) 
PARAMETRIC_REPRESENTATION_CONTEXT() REPRESENTATION_CONTEXT('2D SPACE',''
  ) );
#662 = ORIENTED_EDGE('',*,*,#663,.F.);
#663 = EDGE_CURVE('',#664,#641,#666,.T.);
#664 = VERTEX_POINT('',#665);
#665 = CARTESIAN_POINT('',(3.999999996708,11.836305604773,
    26.070452393103));
#666 = SURFACE_CURVE('',#667,(#672,#679),.PCURVE_S1.);
#667 = ELLIPSE('',#668,2.285079759773E+04,12.495291540968);
#668 = AXIS2_PLACEMENT_3D('',#669,#670,#671);
#669 = CARTESIAN_POINT('',(3.999990399965,-6.862517425775,
    -7.28290798778E+03));
#670 = DIRECTION('',(1.,-5.132271425696E-07,1.033975765691E-25));
#671 = DIRECTION('',(4.816972178156E-10,9.385653599765E-04,
    0.999999559547));
#672 = PCURVE('',#282,#673);
#673 = DEFINITIONAL_REPRESENTATION('',(#674),#678);
#674 = ELLIPSE('',#675,2.285079759773E+04,12.495291540968);
#675 = AXIS2_PLACEMENT_2D('',#676,#677);
#676 = CARTESIAN_POINT('',(-7.261329373488E+03,18.507372462927));
#677 = DIRECTION('',(0.999999559547,-9.385653599766E-04));
#678 = ( GEOMETRIC_REPRESENTATION_CONTEXT(2) 
PARAMETRIC_REPRESENTATION_CONTEXT() REPRESENTATION_CONTEXT('2D SPACE',''
  ) );
#679 = PCURVE('',#255,#680);
#680 = DEFINITIONAL_REPRESENTATION('',(#681),#688);
#681 = B_SPLINE_CURVE_WITH_KNOTS('',5,(#682,#683,#684,#685,#686,#687),
  .UNSPECIFIED.,.F.,.F.,(6,6),(5.037936111709,5.038102131308),
  .PIECEWISE_BEZIER_KNOTS.);
#682 = CARTESIAN_POINT('',(5.957637662628,47.986083999021));
#683 = CARTESIAN_POINT('',(5.957604458709,48.704968000081));
#684 = CARTESIAN_POINT('',(5.957571254789,49.423841929387));
#685 = CARTESIAN_POINT('',(5.957538050869,50.142705785258));
#686 = CARTESIAN_POINT('',(5.957504846949,50.861559566084));
#687 = CARTESIAN_POINT('',(5.957471643029,51.580403270189));
#688 = ( GEOMETRIC_REPRESENTATION_CONTEXT(2) 
PARAMETRIC_REPRESENTATION_CONTEXT() REPRESENTATION_CONTEXT('2D SPACE',''
  ) );
#689 = ORIENTED_EDGE('',*,*,#690,.F.);
#690 = EDGE_CURVE('',#691,#664,#693,.T.);
#691 = VERTEX_POINT('',#692);
#692 = CARTESIAN_POINT('',(3.999999996556,11.836008015842,
    25.675755703898));
#693 = SURFACE_CURVE('',#694,(#699,#706),.PCURVE_S1.);
#694 = ELLIPSE('',#695,2.285079759773E+04,12.495291540968);
#695 = AXIS2_PLACEMENT_3D('',#696,#697,#698);
#696 = CARTESIAN_POINT('',(3.999990399965,-6.862517425775,
    -7.28290798778E+03));
#697 = DIRECTION('',(1.,-5.132271425696E-07,1.033975765691E-25));
#698 = DIRECTION('',(4.816972178156E-10,9.385653599765E-04,
    0.999999559547));
#699 = PCURVE('',#282,#700);
#700 = DEFINITIONAL_REPRESENTATION('',(#701),#705);
#701 = ELLIPSE('',#702,2.285079759773E+04,12.495291540968);
#702 = AXIS2_PLACEMENT_2D('',#703,#704);
#703 = CARTESIAN_POINT('',(-7.261329373488E+03,18.507372462927));
#704 = DIRECTION('',(0.999999559547,-9.385653599766E-04));
#705 = ( GEOMETRIC_REPRESENTATION_CONTEXT(2) 
PARAMETRIC_REPRESENTATION_CONTEXT() REPRESENTATION_CONTEXT('2D SPACE',''
  ) );
#706 = PCURVE('',#255,#707);
#707 = DEFINITIONAL_REPRESENTATION('',(#708),#715);
#708 = B_SPLINE_CURVE_WITH_KNOTS('',5,(#709,#710,#711,#712,#713,#714),
  .UNSPECIFIED.,.F.,.F.,(6,6),(5.037663353318,5.03796777529),
  .PIECEWISE_BEZIER_KNOTS.);
#709 = CARTESIAN_POINT('',(5.957910421019,42.080435848144));
#710 = CARTESIAN_POINT('',(5.957849536625,43.398739396355));
#711 = CARTESIAN_POINT('',(5.95778865223,44.717009107921));
#712 = CARTESIAN_POINT('',(5.957727767836,46.035244972551));
#713 = CARTESIAN_POINT('',(5.957666883442,47.353446980232));
#714 = CARTESIAN_POINT('',(5.957605999047,48.671615120672));
#715 = ( GEOMETRIC_REPRESENTATION_CONTEXT(2) 
PARAMETRIC_REPRESENTATION_CONTEXT() REPRESENTATION_CONTEXT('2D SPACE',''
  ) );
#716 = ORIENTED_EDGE('',*,*,#717,.F.);
#717 = EDGE_CURVE('',#718,#691,#720,.T.);
#718 = VERTEX_POINT('',#719);
#719 = CARTESIAN_POINT('',(3.999999994174,11.831366661662,19.52060975657
    ));
#720 = SURFACE_CURVE('',#721,(#726,#733),.PCURVE_S1.);
#721 = ELLIPSE('',#722,2.285079759773E+04,12.495291540968);
#722 = AXIS2_PLACEMENT_3D('',#723,#724,#725);
#723 = CARTESIAN_POINT('',(3.999990399965,-6.862517425775,
    -7.28290798778E+03));
#724 = DIRECTION('',(1.,-5.132271425696E-07,1.033975765691E-25));
#725 = DIRECTION('',(4.816972178156E-10,9.385653599765E-04,
    0.999999559547));
#726 = PCURVE('',#282,#727);
#727 = DEFINITIONAL_REPRESENTATION('',(#728),#732);
#728 = ELLIPSE('',#729,2.285079759773E+04,12.495291540968);
#729 = AXIS2_PLACEMENT_2D('',#730,#731);
#730 = CARTESIAN_POINT('',(-7.261329373488E+03,18.507372462927));
#731 = DIRECTION('',(0.999999559547,-9.385653599766E-04));
#732 = ( GEOMETRIC_REPRESENTATION_CONTEXT(2) 
PARAMETRIC_REPRESENTATION_CONTEXT() REPRESENTATION_CONTEXT('2D SPACE',''
  ) );
#733 = PCURVE('',#255,#734);
#734 = DEFINITIONAL_REPRESENTATION('',(#735),#742);
#735 = B_SPLINE_CURVE_WITH_KNOTS('',5,(#736,#737,#738,#739,#740,#741),
  .UNSPECIFIED.,.F.,.F.,(6,6),(5.037663353318,5.03796777529),
  .PIECEWISE_BEZIER_KNOTS.);
#736 = CARTESIAN_POINT('',(5.957910421019,42.080435848144));
#737 = CARTESIAN_POINT('',(5.957849536625,43.398739396355));
#738 = CARTESIAN_POINT('',(5.95778865223,44.717009107921));
#739 = CARTESIAN_POINT('',(5.957727767836,46.035244972551));
#740 = CARTESIAN_POINT('',(5.957666883442,47.353446980232));
#741 = CARTESIAN_POINT('',(5.957605999047,48.671615120672));
#742 = ( GEOMETRIC_REPRESENTATION_CONTEXT(2) 
PARAMETRIC_REPRESENTATION_CONTEXT() REPRESENTATION_CONTEXT('2D SPACE',''
  ) );
#743 = ORIENTED_EDGE('',*,*,#744,.F.);
#744 = EDGE_CURVE('',#745,#718,#747,.T.);
#745 = VERTEX_POINT('',#746);
#746 = CARTESIAN_POINT('',(3.999999994158,11.831335489214,
    19.479275096817));
#747 = SURFACE_CURVE('',#748,(#753,#760),.PCURVE_S1.);
#748 = ELLIPSE('',#749,2.285079759773E+04,12.495291540968);
#749 = AXIS2_PLACEMENT_3D('',#750,#751,#752);
#750 = CARTESIAN_POINT('',(3.999990399965,-6.862517425775,
    -7.28290798778E+03));
#751 = DIRECTION('',(1.,-5.132271425696E-07,1.033975765691E-25));
#752 = DIRECTION('',(4.816972178156E-10,9.385653599765E-04,
    0.999999559547));
#753 = PCURVE('',#282,#754);
#754 = DEFINITIONAL_REPRESENTATION('',(#755),#759);
#755 = ELLIPSE('',#756,2.285079759773E+04,12.495291540968);
#756 = AXIS2_PLACEMENT_2D('',#757,#758);
#757 = CARTESIAN_POINT('',(-7.261329373488E+03,18.507372462927));
#758 = DIRECTION('',(0.999999559547,-9.385653599766E-04));
#759 = ( GEOMETRIC_REPRESENTATION_CONTEXT(2) 
PARAMETRIC_REPRESENTATION_CONTEXT() REPRESENTATION_CONTEXT('2D SPACE',''
  ) );
#760 = PCURVE('',#255,#761);
#761 = DEFINITIONAL_REPRESENTATION('',(#762),#769);
#762 = B_SPLINE_CURVE_WITH_KNOTS('',5,(#763,#764,#765,#766,#767,#768),
  .UNSPECIFIED.,.F.,.F.,(6,6),(5.037663353318,5.03796777529),
  .PIECEWISE_BEZIER_KNOTS.);
#763 = CARTESIAN_POINT('',(5.957910421019,42.080435848144));
#764 = CARTESIAN_POINT('',(5.957849536625,43.398739396355));
#765 = CARTESIAN_POINT('',(5.95778865223,44.717009107921));
#766 = CARTESIAN_POINT('',(5.957727767836,46.035244972551));
#767 = CARTESIAN_POINT('',(5.957666883442,47.353446980232));
#768 = CARTESIAN_POINT('',(5.957605999047,48.671615120672));
#769 = ( GEOMETRIC_REPRESENTATION_CONTEXT(2) 
PARAMETRIC_REPRESENTATION_CONTEXT() REPRESENTATION_CONTEXT('2D SPACE',''
  ) );
#770 = ORIENTED_EDGE('',*,*,#771,.F.);
#771 = EDGE_CURVE('',#235,#745,#772,.T.);
#772 = SURFACE_CURVE('',#773,(#778,#785),.PCURVE_S1.);
#773 = ELLIPSE('',#774,2.285079759773E+04,12.495291540968);
#774 = AXIS2_PLACEMENT_3D('',#775,#776,#777);
#775 = CARTESIAN_POINT('',(3.999990399965,-6.862517425775,
    -7.28290798778E+03));
#776 = DIRECTION('',(1.,-5.132271425696E-07,1.033975765691E-25));
#777 = DIRECTION('',(4.816972178156E-10,9.385653599765E-04,
    0.999999559547));
#778 = PCURVE('',#282,#779);
#779 = DEFINITIONAL_REPRESENTATION('',(#780),#784);
#780 = ELLIPSE('',#781,2.285079759773E+04,12.495291540968);
#781 = AXIS2_PLACEMENT_2D('',#782,#783);
#782 = CARTESIAN_POINT('',(-7.261329373488E+03,18.507372462927));
#783 = DIRECTION('',(0.999999559547,-9.385653599766E-04));
#784 = ( GEOMETRIC_REPRESENTATION_CONTEXT(2) 
PARAMETRIC_REPRESENTATION_CONTEXT() REPRESENTATION_CONTEXT('2D SPACE',''
  ) );
#785 = PCURVE('',#255,#786);
#786 = DEFINITIONAL_REPRESENTATION('',(#787),#794);
#787 = B_SPLINE_CURVE_WITH_KNOTS('',5,(#788,#789,#790,#791,#792,#793),
  .UNSPECIFIED.,.F.,.F.,(6,6),(5.037555127809,5.03766526237),
  .PIECEWISE_BEZIER_KNOTS.);
#788 = CARTESIAN_POINT('',(5.958018646528,39.737032803721));
#789 = CARTESIAN_POINT('',(5.957996619616,40.213989441186));
#790 = CARTESIAN_POINT('',(5.957974592704,40.690941651267));
#791 = CARTESIAN_POINT('',(5.957952565792,41.167889433633));
#792 = CARTESIAN_POINT('',(5.95793053888,41.644832787573));
#793 = CARTESIAN_POINT('',(5.957908511967,42.12177171276));
#794 = ( GEOMETRIC_REPRESENTATION_CONTEXT(2) 
PARAMETRIC_REPRESENTATION_CONTEXT() REPRESENTATION_CONTEXT('2D SPACE',''
  ) );
#795 = ADVANCED_FACE('',(#796),#255,.F.);
#796 = FACE_BOUND('',#797,.F.);
#797 = EDGE_LOOP('',(#798,#799,#800,#801,#802,#803,#830,#853,#900,#901,
    #926,#927,#928,#929,#930,#931));
#798 = ORIENTED_EDGE('',*,*,#771,.T.);
#799 = ORIENTED_EDGE('',*,*,#744,.T.);
#800 = ORIENTED_EDGE('',*,*,#717,.T.);
#801 = ORIENTED_EDGE('',*,*,#690,.T.);
#802 = ORIENTED_EDGE('',*,*,#663,.T.);
#803 = ORIENTED_EDGE('',*,*,#804,.T.);
#804 = EDGE_CURVE('',#641,#805,#807,.T.);
#805 = VERTEX_POINT('',#806);
#806 = CARTESIAN_POINT('',(1.997806173148E-03,12.494945743592,
    28.421987842303));
#807 = SURFACE_CURVE('',#808,(#813,#823),.PCURVE_S1.);
#808 = ELLIPSE('',#809,12.495293409092,12.495291540968);
#809 = AXIS2_PLACEMENT_3D('',#810,#811,#812);
#810 = CARTESIAN_POINT('',(1.997806175063E-03,-3.402937919475E-04,
    28.433715490106));
#811 = DIRECTION('',(-1.033975765691E-25,9.385653599767E-04,
    0.999999559547));
#812 = DIRECTION('',(-1.,5.132266905435E-07,-4.816970057243E-10));
#813 = PCURVE('',#255,#814);
#814 = DEFINITIONAL_REPRESENTATION('',(#815),#822);
#815 = B_SPLINE_CURVE_WITH_KNOTS('',5,(#816,#817,#818,#819,#820,#821),
  .UNSPECIFIED.,.F.,.F.,(6,6),(4.318281262979,4.712389493612),
  .PIECEWISE_BEZIER_KNOTS.);
#816 = CARTESIAN_POINT('',(5.889077076546,51.023329301724));
#817 = CARTESIAN_POINT('',(5.967898722673,51.023826578351));
#818 = CARTESIAN_POINT('',(6.0467203688,51.024344230192));
#819 = CARTESIAN_POINT('',(6.125542014926,51.024875821939));
#820 = CARTESIAN_POINT('',(6.204363661053,51.025414385216));
#821 = CARTESIAN_POINT('',(6.28318530718,51.025952948332));
#822 = ( GEOMETRIC_REPRESENTATION_CONTEXT(2) 
PARAMETRIC_REPRESENTATION_CONTEXT() REPRESENTATION_CONTEXT('2D SPACE',''
  ) );
#823 = PCURVE('',#552,#824);
#824 = DEFINITIONAL_REPRESENTATION('',(#825),#829);
#825 = ELLIPSE('',#826,12.495293409092,12.495291540968);
#826 = AXIS2_PLACEMENT_2D('',#827,#828);
#827 = CARTESIAN_POINT('',(3.998002092276,11.6452004601));
#828 = DIRECTION('',(1.,-5.132269165956E-07));
#829 = ( GEOMETRIC_REPRESENTATION_CONTEXT(2) 
PARAMETRIC_REPRESENTATION_CONTEXT() REPRESENTATION_CONTEXT('2D SPACE',''
  ) );
#830 = ORIENTED_EDGE('',*,*,#831,.T.);
#831 = EDGE_CURVE('',#805,#832,#834,.T.);
#832 = VERTEX_POINT('',#833);
#833 = CARTESIAN_POINT('',(1.708433554751E-03,12.495442424394,
    28.951178940846));
#834 = SEAM_CURVE('',#835,(#839,#846),.PCURVE_S1.);
#835 = LINE('',#836,#837);
#836 = CARTESIAN_POINT('',(2.989983426942E-02,12.447054544535,
    -22.6039350028));
#837 = VECTOR('',#838,1.);
#838 = DIRECTION('',(-5.46820323464E-04,9.385655002981E-04,
    0.999999410041));
#839 = PCURVE('',#255,#840);
#840 = DEFINITIONAL_REPRESENTATION('',(#841),#845);
#841 = LINE('',#842,#843);
#842 = CARTESIAN_POINT('',(6.28318530718,-0.));
#843 = VECTOR('',#844,1.);
#844 = DIRECTION('',(0.,1.));
#845 = ( GEOMETRIC_REPRESENTATION_CONTEXT(2) 
PARAMETRIC_REPRESENTATION_CONTEXT() REPRESENTATION_CONTEXT('2D SPACE',''
  ) );
#846 = PCURVE('',#255,#847);
#847 = DEFINITIONAL_REPRESENTATION('',(#848),#852);
#848 = LINE('',#849,#850);
#849 = CARTESIAN_POINT('',(0.,-0.));
#850 = VECTOR('',#851,1.);
#851 = DIRECTION('',(0.,1.));
#852 = ( GEOMETRIC_REPRESENTATION_CONTEXT(2) 
PARAMETRIC_REPRESENTATION_CONTEXT() REPRESENTATION_CONTEXT('2D SPACE',''
  ) );
#853 = ORIENTED_EDGE('',*,*,#854,.F.);
#854 = EDGE_CURVE('',#832,#832,#855,.T.);
#855 = SURFACE_CURVE('',#856,(#861,#888),.PCURVE_S1.);
#856 = ELLIPSE('',#857,12.496417674982,12.495291540968);
#857 = AXIS2_PLACEMENT_3D('',#858,#859,#860);
#858 = CARTESIAN_POINT('',(1.789719145316E-03,1.686796448198E-05,
    28.814255309229));
#859 = DIRECTION('',(5.675896866463E-03,-1.095702938605E-02,
    0.999923860952));
#860 = DIRECTION('',(-0.46348627585,0.886018172641,1.233976699305E-02));
#861 = PCURVE('',#255,#862);
#862 = DEFINITIONAL_REPRESENTATION('',(#863),#887);
#863 = B_SPLINE_CURVE_WITH_KNOTS('',8,(#864,#865,#866,#867,#868,#869,
    #870,#871,#872,#873,#874,#875,#876,#877,#878,#879,#880,#881,#882,
    #883,#884,#885,#886),.UNSPECIFIED.,.F.,.F.,(9,7,7,9),(5.801220818236
    ,7.372017145031,9.728211635223,12.084406125415),.UNSPECIFIED.);
#864 = CARTESIAN_POINT('',(0.,51.555144359076));
#865 = CARTESIAN_POINT('',(0.196349540849,51.570412709253));
#866 = CARTESIAN_POINT('',(0.392699081699,51.57913191728));
#867 = CARTESIAN_POINT('',(0.589048622548,51.580402670186));
#868 = CARTESIAN_POINT('',(0.785398163397,51.573869437802));
#869 = CARTESIAN_POINT('',(0.981747704247,51.559825546284));
#870 = CARTESIAN_POINT('',(1.178097245096,51.53920223342));
#871 = CARTESIAN_POINT('',(1.374446785946,51.513441685731));
#872 = CARTESIAN_POINT('',(1.865320638069,51.440472614809));
#873 = CARTESIAN_POINT('',(2.159844949348,51.388981878175));
#874 = CARTESIAN_POINT('',(2.454369260559,51.335571936768));
#875 = CARTESIAN_POINT('',(2.748893571891,51.287443441717));
#876 = CARTESIAN_POINT('',(3.043417883132,51.251668851561));
#877 = CARTESIAN_POINT('',(3.337942194443,51.232739808824));
#878 = CARTESIAN_POINT('',(3.632466505713,51.231631593112));
#879 = CARTESIAN_POINT('',(4.221515128261,51.261158841109));
#880 = CARTESIAN_POINT('',(4.516039439536,51.291794790339));
#881 = CARTESIAN_POINT('',(4.81056375081,51.336345477639));
#882 = CARTESIAN_POINT('',(5.105088062085,51.38994494787));
#883 = CARTESIAN_POINT('',(5.399612373358,51.445254608665));
#884 = CARTESIAN_POINT('',(5.69413668463,51.494602506279));
#885 = CARTESIAN_POINT('',(5.988660995906,51.532241833811));
#886 = CARTESIAN_POINT('',(6.28318530718,51.555144359076));
#887 = ( GEOMETRIC_REPRESENTATION_CONTEXT(2) 
PARAMETRIC_REPRESENTATION_CONTEXT() REPRESENTATION_CONTEXT('2D SPACE',''
  ) );
#888 = PCURVE('',#889,#894);
#889 = PLANE('',#890);
#890 = AXIS2_PLACEMENT_3D('',#891,#892,#893);
#891 = CARTESIAN_POINT('',(0.922434295486,-1.781397679127,
    28.789508929856));
#892 = DIRECTION('',(5.675896866463E-03,-1.095702938605E-02,
    0.999923860952));
#893 = DIRECTION('',(0.,0.999939968018,1.095720588508E-02));
#894 = DEFINITIONAL_REPRESENTATION('',(#895),#899);
#895 = ELLIPSE('',#896,12.496417674982,12.495291540968);
#896 = AXIS2_PLACEMENT_2D('',#897,#898);
#897 = CARTESIAN_POINT('',(1.781578756419,0.920659406352));
#898 = DIRECTION('',(0.886100192581,0.463493741822));
#899 = ( GEOMETRIC_REPRESENTATION_CONTEXT(2) 
PARAMETRIC_REPRESENTATION_CONTEXT() REPRESENTATION_CONTEXT('2D SPACE',''
  ) );
#900 = ORIENTED_EDGE('',*,*,#831,.F.);
#901 = ORIENTED_EDGE('',*,*,#902,.T.);
#902 = EDGE_CURVE('',#805,#510,#903,.T.);
#903 = SURFACE_CURVE('',#904,(#909,#919),.PCURVE_S1.);
#904 = ELLIPSE('',#905,12.495293409092,12.495291540968);
#905 = AXIS2_PLACEMENT_3D('',#906,#907,#908);
#906 = CARTESIAN_POINT('',(1.997806175063E-03,-3.402937919475E-04,
    28.433715490106));
#907 = DIRECTION('',(-1.033975765691E-25,9.385653599767E-04,
    0.999999559547));
#908 = DIRECTION('',(-1.,5.132266905435E-07,-4.816970057243E-10));
#909 = PCURVE('',#255,#910);
#910 = DEFINITIONAL_REPRESENTATION('',(#911),#918);
#911 = B_SPLINE_CURVE_WITH_KNOTS('',5,(#912,#913,#914,#915,#916,#917),
  .UNSPECIFIED.,.F.,.F.,(6,6),(4.712389493612,5.106843900316),
  .PIECEWISE_BEZIER_KNOTS.);
#912 = CARTESIAN_POINT('',(0.,51.025952948332));
#913 = CARTESIAN_POINT('',(7.889088134086E-02,51.026491984509));
#914 = CARTESIAN_POINT('',(0.157781762682,51.027031020795));
#915 = CARTESIAN_POINT('',(0.236672644023,51.027563067107));
#916 = CARTESIAN_POINT('',(0.315563525363,51.028081136699));
#917 = CARTESIAN_POINT('',(0.394454406704,51.028578778228));
#918 = ( GEOMETRIC_REPRESENTATION_CONTEXT(2) 
PARAMETRIC_REPRESENTATION_CONTEXT() REPRESENTATION_CONTEXT('2D SPACE',''
  ) );
#919 = PCURVE('',#552,#920);
#920 = DEFINITIONAL_REPRESENTATION('',(#921),#925);
#921 = ELLIPSE('',#922,12.495293409092,12.495291540968);
#922 = AXIS2_PLACEMENT_2D('',#923,#924);
#923 = CARTESIAN_POINT('',(3.998002092276,11.6452004601));
#924 = DIRECTION('',(1.,-5.132269165956E-07));
#925 = ( GEOMETRIC_REPRESENTATION_CONTEXT(2) 
PARAMETRIC_REPRESENTATION_CONTEXT() REPRESENTATION_CONTEXT('2D SPACE',''
  ) );
#926 = ORIENTED_EDGE('',*,*,#509,.T.);
#927 = ORIENTED_EDGE('',*,*,#482,.T.);
#928 = ORIENTED_EDGE('',*,*,#455,.T.);
#929 = ORIENTED_EDGE('',*,*,#428,.T.);
#930 = ORIENTED_EDGE('',*,*,#401,.T.);
#931 = ORIENTED_EDGE('',*,*,#234,.T.);
#932 = ADVANCED_FACE('',(#933),#341,.T.);
#933 = FACE_BOUND('',#934,.T.);
#934 = EDGE_LOOP('',(#935,#936,#959,#986,#987));
#935 = ORIENTED_EDGE('',*,*,#322,.T.);
#936 = ORIENTED_EDGE('',*,*,#937,.F.);
#937 = EDGE_CURVE('',#938,#325,#940,.T.);
#938 = VERTEX_POINT('',#939);
#939 = CARTESIAN_POINT('',(6.866793764663E-03,-41.37164590971,
    19.568360770465));
#940 = SEAM_CURVE('',#941,(#945,#952),.PCURVE_S1.);
#941 = LINE('',#942,#943);
#942 = CARTESIAN_POINT('',(6.866793764663E-03,-41.37164590971,
    19.568360770465));
#943 = VECTOR('',#944,1.);
#944 = DIRECTION('',(1.294326009043E-04,0.971360096565,-0.237612175716)
  );
#945 = PCURVE('',#341,#946);
#946 = DEFINITIONAL_REPRESENTATION('',(#947),#951);
#947 = LINE('',#948,#949);
#948 = CARTESIAN_POINT('',(-6.28318530718,0.));
#949 = VECTOR('',#950,1.);
#950 = DIRECTION('',(-0.,-1.));
#951 = ( GEOMETRIC_REPRESENTATION_CONTEXT(2) 
PARAMETRIC_REPRESENTATION_CONTEXT() REPRESENTATION_CONTEXT('2D SPACE',''
  ) );
#952 = PCURVE('',#341,#953);
#953 = DEFINITIONAL_REPRESENTATION('',(#954),#958);
#954 = LINE('',#955,#956);
#955 = CARTESIAN_POINT('',(0.,-0.));
#956 = VECTOR('',#957,1.);
#957 = DIRECTION('',(-0.,-1.));
#958 = ( GEOMETRIC_REPRESENTATION_CONTEXT(2) 
PARAMETRIC_REPRESENTATION_CONTEXT() REPRESENTATION_CONTEXT('2D SPACE',''
  ) );
#959 = ORIENTED_EDGE('',*,*,#960,.T.);
#960 = EDGE_CURVE('',#938,#938,#961,.T.);
#961 = SURFACE_CURVE('',#962,(#967,#974),.PCURVE_S1.);
#962 = CIRCLE('',#963,41.362966676481);
#963 = AXIS2_PLACEMENT_3D('',#964,#965,#966);
#964 = CARTESIAN_POINT('',(6.866793764652E-03,-8.697451667901E-03,
    19.529538911148));
#965 = DIRECTION('',(5.46820323464E-04,-9.385655002981E-04,
    -0.999999410041));
#966 = DIRECTION('',(0.,-0.999999559547,9.385656406196E-04));
#967 = PCURVE('',#341,#968);
#968 = DEFINITIONAL_REPRESENTATION('',(#969),#973);
#969 = LINE('',#970,#971);
#970 = CARTESIAN_POINT('',(-0.,-0.));
#971 = VECTOR('',#972,1.);
#972 = DIRECTION('',(-1.,-0.));
#973 = ( GEOMETRIC_REPRESENTATION_CONTEXT(2) 
PARAMETRIC_REPRESENTATION_CONTEXT() REPRESENTATION_CONTEXT('2D SPACE',''
  ) );
#974 = PCURVE('',#975,#980);
#975 = PLANE('',#976);
#976 = AXIS2_PLACEMENT_3D('',#977,#978,#979);
#977 = CARTESIAN_POINT('',(6.866793764652E-03,-8.697451667901E-03,
    19.529538911148));
#978 = DIRECTION('',(5.46820323464E-04,-9.385655002981E-04,
    -0.999999410041));
#979 = DIRECTION('',(0.,-0.999999559547,9.385656406196E-04));
#980 = DEFINITIONAL_REPRESENTATION('',(#981),#985);
#981 = CIRCLE('',#982,41.362966676481);
#982 = AXIS2_PLACEMENT_2D('',#983,#984);
#983 = CARTESIAN_POINT('',(0.,0.));
#984 = DIRECTION('',(1.,0.));
#985 = ( GEOMETRIC_REPRESENTATION_CONTEXT(2) 
PARAMETRIC_REPRESENTATION_CONTEXT() REPRESENTATION_CONTEXT('2D SPACE',''
  ) );
#986 = ORIENTED_EDGE('',*,*,#937,.T.);
#987 = ORIENTED_EDGE('',*,*,#376,.T.);
#988 = ADVANCED_FACE('',(#989,#992),#975,.F.);
#989 = FACE_BOUND('',#990,.F.);
#990 = EDGE_LOOP('',(#991));
#991 = ORIENTED_EDGE('',*,*,#960,.T.);
#992 = FACE_BOUND('',#993,.F.);
#993 = EDGE_LOOP('',(#994));
#994 = ORIENTED_EDGE('',*,*,#995,.T.);
#995 = EDGE_CURVE('',#996,#996,#998,.T.);
#996 = VERTEX_POINT('',#997);
#997 = CARTESIAN_POINT('',(6.866793764663E-03,41.211965635882,
    19.49085059605));
#998 = SURFACE_CURVE('',#999,(#1004,#1015),.PCURVE_S1.);
#999 = CIRCLE('',#1000,41.220681243315);
#1000 = AXIS2_PLACEMENT_3D('',#1001,#1002,#1003);
#1001 = CARTESIAN_POINT('',(6.866793764652E-03,-8.697451667901E-03,
    19.529538911148));
#1002 = DIRECTION('',(-5.46820323464E-04,9.385655002981E-04,
    0.999999410041));
#1003 = DIRECTION('',(0.,0.999999559547,-9.385656406196E-04));
#1004 = PCURVE('',#975,#1005);
#1005 = DEFINITIONAL_REPRESENTATION('',(#1006),#1014);
#1006 = ( BOUNDED_CURVE() B_SPLINE_CURVE(2,(#1007,#1008,#1009,#1010,
#1011,#1012,#1013),.UNSPECIFIED.,.T.,.F.) B_SPLINE_CURVE_WITH_KNOTS((1,2
    ,2,2,2,1),(-2.094395102393,0.,2.094395102393,4.188790204786,
6.28318530718,8.377580409573),.UNSPECIFIED.) CURVE() 
GEOMETRIC_REPRESENTATION_ITEM() RATIONAL_B_SPLINE_CURVE((1.,0.5,1.,0.5,
1.,0.5,1.)) REPRESENTATION_ITEM('') );
#1007 = CARTESIAN_POINT('',(-41.22068124331,2.079737513391E-19));
#1008 = CARTESIAN_POINT('',(-41.22068124331,71.396314236023));
#1009 = CARTESIAN_POINT('',(20.610340621658,35.698157118012));
#1010 = CARTESIAN_POINT('',(82.44136248663,1.009636304241E-14));
#1011 = CARTESIAN_POINT('',(20.610340621658,-35.69815711801));
#1012 = CARTESIAN_POINT('',(-41.22068124331,-71.39631423602));
#1013 = CARTESIAN_POINT('',(-41.22068124331,2.079737513391E-19));
#1014 = ( GEOMETRIC_REPRESENTATION_CONTEXT(2) 
PARAMETRIC_REPRESENTATION_CONTEXT() REPRESENTATION_CONTEXT('2D SPACE',''
  ) );
#1015 = PCURVE('',#1016,#1021);
#1016 = CYLINDRICAL_SURFACE('',#1017,41.220681243315);
#1017 = AXIS2_PLACEMENT_3D('',#1018,#1019,#1020);
#1018 = CARTESIAN_POINT('',(6.889396399333E-03,-8.736246958084E-03,
    19.488204270908));
#1019 = DIRECTION('',(-5.46820323464E-04,9.385655002981E-04,
    0.999999410041));
#1020 = DIRECTION('',(0.,0.999999559547,-9.385656406196E-04));
#1021 = DEFINITIONAL_REPRESENTATION('',(#1022),#1026);
#1022 = LINE('',#1023,#1024);
#1023 = CARTESIAN_POINT('',(0.,4.133466462529E-02));
#1024 = VECTOR('',#1025,1.);
#1025 = DIRECTION('',(1.,0.));
#1026 = ( GEOMETRIC_REPRESENTATION_CONTEXT(2) 
PARAMETRIC_REPRESENTATION_CONTEXT() REPRESENTATION_CONTEXT('2D SPACE',''
  ) );
#1027 = ADVANCED_FACE('',(#1028),#1016,.T.);
#1028 = FACE_BOUND('',#1029,.T.);
#1029 = EDGE_LOOP('',(#1030,#1061,#1093,#1114,#1115,#1116));
#1030 = ORIENTED_EDGE('',*,*,#1031,.F.);
#1031 = EDGE_CURVE('',#1032,#1034,#1036,.T.);
#1032 = VERTEX_POINT('',#1033);
#1033 = CARTESIAN_POINT('',(-3.549111914958,41.064753272913,
    26.038891554057));
#1034 = VERTEX_POINT('',#1035);
#1035 = CARTESIAN_POINT('',(-31.70507231581,26.336069111718,
    26.037319136574));
#1036 = SURFACE_CURVE('',#1037,(#1042,#1049),.PCURVE_S1.);
#1037 = CIRCLE('',#1038,41.220681243315);
#1038 = AXIS2_PLACEMENT_3D('',#1039,#1040,#1041);
#1039 = CARTESIAN_POINT('',(3.285206273698E-03,-2.549994612878E-03,
    26.079378454923));
#1040 = DIRECTION('',(-5.46820323464E-04,9.385655002981E-04,
    0.999999410041));
#1041 = DIRECTION('',(0.,0.999999559547,-9.385656406196E-04));
#1042 = PCURVE('',#1016,#1043);
#1043 = DEFINITIONAL_REPRESENTATION('',(#1044),#1048);
#1044 = LINE('',#1045,#1046);
#1045 = CARTESIAN_POINT('',(0.,6.591178072539));
#1046 = VECTOR('',#1047,1.);
#1047 = DIRECTION('',(1.,0.));
#1048 = ( GEOMETRIC_REPRESENTATION_CONTEXT(2) 
PARAMETRIC_REPRESENTATION_CONTEXT() REPRESENTATION_CONTEXT('2D SPACE',''
  ) );
#1049 = PCURVE('',#1050,#1055);
#1050 = PLANE('',#1051);
#1051 = AXIS2_PLACEMENT_3D('',#1052,#1053,#1054);
#1052 = CARTESIAN_POINT('',(3.285206273698E-03,-2.549994612878E-03,
    26.079378454923));
#1053 = DIRECTION('',(-5.46820323464E-04,9.385655002981E-04,
    0.999999410041));
#1054 = DIRECTION('',(0.,0.999999559547,-9.385656406196E-04));
#1055 = DEFINITIONAL_REPRESENTATION('',(#1056),#1060);
#1056 = CIRCLE('',#1057,41.220681243315);
#1057 = AXIS2_PLACEMENT_2D('',#1058,#1059);
#1058 = CARTESIAN_POINT('',(0.,0.));
#1059 = DIRECTION('',(1.,0.));
#1060 = ( GEOMETRIC_REPRESENTATION_CONTEXT(2) 
PARAMETRIC_REPRESENTATION_CONTEXT() REPRESENTATION_CONTEXT('2D SPACE',''
  ) );
#1061 = ORIENTED_EDGE('',*,*,#1062,.F.);
#1062 = EDGE_CURVE('',#1063,#1032,#1065,.T.);
#1063 = VERTEX_POINT('',#1064);
#1064 = CARTESIAN_POINT('',(3.296297402052E-03,41.218094056061,
    26.020407203504));
#1065 = SURFACE_CURVE('',#1066,(#1071,#1081),.PCURVE_S1.);
#1066 = ELLIPSE('',#1067,41.224396243569,41.220681243315);
#1067 = AXIS2_PLACEMENT_3D('',#1068,#1069,#1070);
#1068 = CARTESIAN_POINT('',(3.564450202439E-03,-3.029290473762E-03,
    25.568710229884));
#1069 = DIRECTION('',(5.675896866463E-03,-1.095702938605E-02,
    0.999923860952));
#1070 = DIRECTION('',(-0.46348627585,0.886018172641,1.233976699305E-02)
  );
#1071 = PCURVE('',#1016,#1072);
#1072 = DEFINITIONAL_REPRESENTATION('',(#1073),#1080);
#1073 = B_SPLINE_CURVE_WITH_KNOTS('',5,(#1074,#1075,#1076,#1077,#1078,
    #1079),.UNSPECIFIED.,.F.,.F.,(6,6),(5.801220818236,5.896993586876),
  .PIECEWISE_BEZIER_KNOTS.);
#1074 = CARTESIAN_POINT('',(0.,6.570895124252));
#1075 = CARTESIAN_POINT('',(1.915455372798E-02,6.57580876082));
#1076 = CARTESIAN_POINT('',(3.830910745596E-02,6.580497496198));
#1077 = CARTESIAN_POINT('',(5.746366118394E-02,6.584957574478));
#1078 = CARTESIAN_POINT('',(7.661821491192E-02,6.589185583912));
#1079 = CARTESIAN_POINT('',(9.57727686399E-02,6.59317847254));
#1080 = ( GEOMETRIC_REPRESENTATION_CONTEXT(2) 
PARAMETRIC_REPRESENTATION_CONTEXT() REPRESENTATION_CONTEXT('2D SPACE',''
  ) );
#1081 = PCURVE('',#1082,#1087);
#1082 = PLANE('',#1083);
#1083 = AXIS2_PLACEMENT_3D('',#1084,#1085,#1086);
#1084 = CARTESIAN_POINT('',(0.904014565544,-1.745839330024,
    25.544501503849));
#1085 = DIRECTION('',(5.675896866463E-03,-1.095702938605E-02,
    0.999923860952));
#1086 = DIRECTION('',(0.,0.999939968018,1.095720588508E-02));
#1087 = DEFINITIONAL_REPRESENTATION('',(#1088),#1092);
#1088 = ELLIPSE('',#1089,41.224396243569,41.220681243315);
#1089 = AXIS2_PLACEMENT_2D('',#1090,#1091);
#1090 = CARTESIAN_POINT('',(1.742970675204,0.900464620055));
#1091 = DIRECTION('',(0.886100192581,0.463493741822));
#1092 = ( GEOMETRIC_REPRESENTATION_CONTEXT(2) 
PARAMETRIC_REPRESENTATION_CONTEXT() REPRESENTATION_CONTEXT('2D SPACE',''
  ) );
#1093 = ORIENTED_EDGE('',*,*,#1094,.F.);
#1094 = EDGE_CURVE('',#996,#1063,#1095,.T.);
#1095 = SEAM_CURVE('',#1096,(#1100,#1107),.PCURVE_S1.);
#1096 = LINE('',#1097,#1098);
#1097 = CARTESIAN_POINT('',(6.889396399343E-03,41.211926840592,
    19.449515955811));
#1098 = VECTOR('',#1099,1.);
#1099 = DIRECTION('',(-5.46820323464E-04,9.385655002981E-04,
    0.999999410041));
#1100 = PCURVE('',#1016,#1101);
#1101 = DEFINITIONAL_REPRESENTATION('',(#1102),#1106);
#1102 = LINE('',#1103,#1104);
#1103 = CARTESIAN_POINT('',(6.28318530718,-0.));
#1104 = VECTOR('',#1105,1.);
#1105 = DIRECTION('',(0.,1.));
#1106 = ( GEOMETRIC_REPRESENTATION_CONTEXT(2) 
PARAMETRIC_REPRESENTATION_CONTEXT() REPRESENTATION_CONTEXT('2D SPACE',''
  ) );
#1107 = PCURVE('',#1016,#1108);
#1108 = DEFINITIONAL_REPRESENTATION('',(#1109),#1113);
#1109 = LINE('',#1110,#1111);
#1110 = CARTESIAN_POINT('',(0.,-0.));
#1111 = VECTOR('',#1112,1.);
#1112 = DIRECTION('',(0.,1.));
#1113 = ( GEOMETRIC_REPRESENTATION_CONTEXT(2) 
PARAMETRIC_REPRESENTATION_CONTEXT() REPRESENTATION_CONTEXT('2D SPACE',''
  ) );
#1114 = ORIENTED_EDGE('',*,*,#995,.T.);
#1115 = ORIENTED_EDGE('',*,*,#1094,.T.);
#1116 = ORIENTED_EDGE('',*,*,#1117,.F.);
#1117 = EDGE_CURVE('',#1034,#1063,#1118,.T.);
#1118 = SURFACE_CURVE('',#1119,(#1124,#1151),.PCURVE_S1.);
#1119 = ELLIPSE('',#1120,41.224396243569,41.220681243315);
#1120 = AXIS2_PLACEMENT_3D('',#1121,#1122,#1123);
#1121 = CARTESIAN_POINT('',(3.564450202439E-03,-3.029290473762E-03,
    25.568710229884));
#1122 = DIRECTION('',(5.675896866463E-03,-1.095702938605E-02,
    0.999923860952));
#1123 = DIRECTION('',(-0.46348627585,0.886018172641,1.233976699305E-02)
  );
#1124 = PCURVE('',#1016,#1125);
#1125 = DEFINITIONAL_REPRESENTATION('',(#1126),#1150);
#1126 = B_SPLINE_CURVE_WITH_KNOTS('',8,(#1127,#1128,#1129,#1130,#1131,
    #1132,#1133,#1134,#1135,#1136,#1137,#1138,#1139,#1140,#1141,#1142,
    #1143,#1144,#1145,#1146,#1147,#1148,#1149),.UNSPECIFIED.,.F.,.F.,(9,
    7,7,9),(0.386191720304,1.739948994787,3.770584906511,5.801220818236)
  ,.UNSPECIFIED.);
#1127 = CARTESIAN_POINT('',(0.868156209248,6.59317847254));
#1128 = CARTESIAN_POINT('',(1.037375868558,6.557903557607));
#1129 = CARTESIAN_POINT('',(1.206595527868,6.505850921581));
#1130 = CARTESIAN_POINT('',(1.375815187179,6.438560422298));
#1131 = CARTESIAN_POINT('',(1.545034846489,6.358594199709));
#1132 = CARTESIAN_POINT('',(1.7142545058,6.269403894661));
#1133 = CARTESIAN_POINT('',(1.88347416511,6.175019177274));
#1134 = CARTESIAN_POINT('',(2.05269382442,6.079655796977));
#1135 = CARTESIAN_POINT('',(2.475742972696,5.848869720232));
#1136 = CARTESIAN_POINT('',(2.729572461659,5.71725823233));
#1137 = CARTESIAN_POINT('',(2.983401950629,5.606103218332));
#1138 = CARTESIAN_POINT('',(3.237231439572,5.528050097389));
#1139 = CARTESIAN_POINT('',(3.491060928562,5.492025396117));
#1140 = CARTESIAN_POINT('',(3.744890417522,5.500654457516));
#1141 = CARTESIAN_POINT('',(3.99871990649,5.550348870214));
#1142 = CARTESIAN_POINT('',(4.506378884421,5.715642067844));
#1143 = CARTESIAN_POINT('',(4.760208373387,5.831240761422));
#1144 = CARTESIAN_POINT('',(5.014037862351,5.971676549518));
#1145 = CARTESIAN_POINT('',(5.267867351318,6.124313071307));
#1146 = CARTESIAN_POINT('',(5.521696840284,6.273623159318));
#1147 = CARTESIAN_POINT('',(5.775526329248,6.404557996218));
#1148 = CARTESIAN_POINT('',(6.029355818214,6.505781320145));
#1149 = CARTESIAN_POINT('',(6.28318530718,6.570895124252));
#1150 = ( GEOMETRIC_REPRESENTATION_CONTEXT(2) 
PARAMETRIC_REPRESENTATION_CONTEXT() REPRESENTATION_CONTEXT('2D SPACE',''
  ) );
#1151 = PCURVE('',#1082,#1152);
#1152 = DEFINITIONAL_REPRESENTATION('',(#1153),#1157);
#1153 = ELLIPSE('',#1154,41.224396243569,41.220681243315);
#1154 = AXIS2_PLACEMENT_2D('',#1155,#1156);
#1155 = CARTESIAN_POINT('',(1.742970675204,0.900464620055));
#1156 = DIRECTION('',(0.886100192581,0.463493741822));
#1157 = ( GEOMETRIC_REPRESENTATION_CONTEXT(2) 
PARAMETRIC_REPRESENTATION_CONTEXT() REPRESENTATION_CONTEXT('2D SPACE',''
  ) );
#1158 = ADVANCED_FACE('',(#1159),#1050,.T.);
#1159 = FACE_BOUND('',#1160,.T.);
#1160 = EDGE_LOOP('',(#1161,#1180));
#1161 = ORIENTED_EDGE('',*,*,#1162,.T.);
#1162 = EDGE_CURVE('',#1034,#1032,#1163,.T.);
#1163 = SURFACE_CURVE('',#1164,(#1168,#1174),.PCURVE_S1.);
#1164 = LINE('',#1165,#1166);
#1165 = CARTESIAN_POINT('',(-17.63150222122,33.698104218762,
    26.038105099026));
#1166 = VECTOR('',#1167,1.);
#1167 = DIRECTION('',(0.88608591925,0.463521025691,4.948497479908E-05));
#1168 = PCURVE('',#1050,#1169);
#1169 = DEFINITIONAL_REPRESENTATION('',(#1170),#1173);
#1170 = B_SPLINE_CURVE_WITH_KNOTS('',1,(#1171,#1172),.UNSPECIFIED.,.F.,
  .F.,(2,2),(-26.61805942365,16.22365930486),.PIECEWISE_BEZIER_KNOTS.);
#1171 = CARTESIAN_POINT('',(21.362654572216,41.220681243315));
#1172 = CARTESIAN_POINT('',(41.220681243315,3.259231846023));
#1173 = ( GEOMETRIC_REPRESENTATION_CONTEXT(2) 
PARAMETRIC_REPRESENTATION_CONTEXT() REPRESENTATION_CONTEXT('2D SPACE',''
  ) );
#1174 = PCURVE('',#1082,#1175);
#1175 = DEFINITIONAL_REPRESENTATION('',(#1176),#1179);
#1176 = B_SPLINE_CURVE_WITH_KNOTS('',1,(#1177,#1178),.UNSPECIFIED.,.F.,
  .F.,(2,2),(-26.61805942365,16.22365930486),.PIECEWISE_BEZIER_KNOTS.);
#1177 = CARTESIAN_POINT('',(23.109920332499,42.122082943711));
#1178 = CARTESIAN_POINT('',(42.966788852066,4.160027727879));
#1179 = ( GEOMETRIC_REPRESENTATION_CONTEXT(2) 
PARAMETRIC_REPRESENTATION_CONTEXT() REPRESENTATION_CONTEXT('2D SPACE',''
  ) );
#1180 = ORIENTED_EDGE('',*,*,#1031,.T.);
#1181 = ADVANCED_FACE('',(#1182,#1213),#1082,.F.);
#1182 = FACE_BOUND('',#1183,.F.);
#1183 = EDGE_LOOP('',(#1184));
#1184 = ORIENTED_EDGE('',*,*,#1185,.T.);
#1185 = EDGE_CURVE('',#1186,#1186,#1188,.T.);
#1186 = VERTEX_POINT('',#1187);
#1187 = CARTESIAN_POINT('',(0.904014565544,41.876059823497,
    26.02250432943));
#1188 = SURFACE_CURVE('',#1189,(#1194,#1201),.PCURVE_S1.);
#1189 = CIRCLE('',#1190,43.624518019815);
#1190 = AXIS2_PLACEMENT_3D('',#1191,#1192,#1193);
#1191 = CARTESIAN_POINT('',(0.904014565544,-1.745839330024,
    25.544501503849));
#1192 = DIRECTION('',(5.675896866463E-03,-1.095702938605E-02,
    0.999923860952));
#1193 = DIRECTION('',(0.,0.999939968018,1.095720588508E-02));
#1194 = PCURVE('',#1082,#1195);
#1195 = DEFINITIONAL_REPRESENTATION('',(#1196),#1200);
#1196 = CIRCLE('',#1197,43.624518019815);
#1197 = AXIS2_PLACEMENT_2D('',#1198,#1199);
#1198 = CARTESIAN_POINT('',(0.,0.));
#1199 = DIRECTION('',(1.,0.));
#1200 = ( GEOMETRIC_REPRESENTATION_CONTEXT(2) 
PARAMETRIC_REPRESENTATION_CONTEXT() REPRESENTATION_CONTEXT('2D SPACE',''
  ) );
#1201 = PCURVE('',#1202,#1207);
#1202 = CONICAL_SURFACE('',#1203,43.624518019815,1.343324718673);
#1203 = AXIS2_PLACEMENT_3D('',#1204,#1205,#1206);
#1204 = CARTESIAN_POINT('',(0.904014565544,-1.745839330024,
    25.544501503849));
#1205 = DIRECTION('',(-5.675896866463E-03,1.095702938605E-02,
    -0.999923860952));
#1206 = DIRECTION('',(0.,0.999939968018,1.095720588508E-02));
#1207 = DEFINITIONAL_REPRESENTATION('',(#1208),#1212);
#1208 = LINE('',#1209,#1210);
#1209 = CARTESIAN_POINT('',(-0.,-0.));
#1210 = VECTOR('',#1211,1.);
#1211 = DIRECTION('',(-1.,-0.));
#1212 = ( GEOMETRIC_REPRESENTATION_CONTEXT(2) 
PARAMETRIC_REPRESENTATION_CONTEXT() REPRESENTATION_CONTEXT('2D SPACE',''
  ) );
#1213 = FACE_BOUND('',#1214,.F.);
#1214 = EDGE_LOOP('',(#1215,#1216,#1217));
#1215 = ORIENTED_EDGE('',*,*,#1117,.F.);
#1216 = ORIENTED_EDGE('',*,*,#1162,.T.);
#1217 = ORIENTED_EDGE('',*,*,#1062,.F.);
#1218 = ADVANCED_FACE('',(#1219,#1268),#1202,.T.);
#1219 = FACE_BOUND('',#1220,.T.);
#1220 = EDGE_LOOP('',(#1221,#1244,#1266,#1267));
#1221 = ORIENTED_EDGE('',*,*,#1222,.T.);
#1222 = EDGE_CURVE('',#1186,#1223,#1225,.T.);
#1223 = VERTEX_POINT('',#1224);
#1224 = CARTESIAN_POINT('',(0.922434295486,27.8216284028,29.113894854987
    ));
#1225 = SEAM_CURVE('',#1226,(#1230,#1237),.PCURVE_S1.);
#1226 = LINE('',#1227,#1228);
#1227 = CARTESIAN_POINT('',(0.904014565544,41.876059823497,
    26.02250432943));
#1228 = VECTOR('',#1229,1.);
#1229 = DIRECTION('',(1.27999980947E-03,-0.976652187503,0.214822871793)
  );
#1230 = PCURVE('',#1202,#1231);
#1231 = DEFINITIONAL_REPRESENTATION('',(#1232),#1236);
#1232 = LINE('',#1233,#1234);
#1233 = CARTESIAN_POINT('',(-6.28318530718,0.));
#1234 = VECTOR('',#1235,1.);
#1235 = DIRECTION('',(-0.,-1.));
#1236 = ( GEOMETRIC_REPRESENTATION_CONTEXT(2) 
PARAMETRIC_REPRESENTATION_CONTEXT() REPRESENTATION_CONTEXT('2D SPACE',''
  ) );
#1237 = PCURVE('',#1202,#1238);
#1238 = DEFINITIONAL_REPRESENTATION('',(#1239),#1243);
#1239 = LINE('',#1240,#1241);
#1240 = CARTESIAN_POINT('',(0.,-0.));
#1241 = VECTOR('',#1242,1.);
#1242 = DIRECTION('',(-0.,-1.));
#1243 = ( GEOMETRIC_REPRESENTATION_CONTEXT(2) 
PARAMETRIC_REPRESENTATION_CONTEXT() REPRESENTATION_CONTEXT('2D SPACE',''
  ) );
#1244 = ORIENTED_EDGE('',*,*,#1245,.F.);
#1245 = EDGE_CURVE('',#1223,#1223,#1246,.T.);
#1246 = SURFACE_CURVE('',#1247,(#1252,#1259),.PCURVE_S1.);
#1247 = CIRCLE('',#1248,29.604803316957);
#1248 = AXIS2_PLACEMENT_3D('',#1249,#1250,#1251);
#1249 = CARTESIAN_POINT('',(0.922434295486,-1.781397679127,
    28.789508929856));
#1250 = DIRECTION('',(5.675896866463E-03,-1.095702938605E-02,
    0.999923860952));
#1251 = DIRECTION('',(0.,0.999939968018,1.095720588508E-02));
#1252 = PCURVE('',#1202,#1253);
#1253 = DEFINITIONAL_REPRESENTATION('',(#1254),#1258);
#1254 = LINE('',#1255,#1256);
#1255 = CARTESIAN_POINT('',(-0.,-3.245254516595));
#1256 = VECTOR('',#1257,1.);
#1257 = DIRECTION('',(-1.,-0.));
#1258 = ( GEOMETRIC_REPRESENTATION_CONTEXT(2) 
PARAMETRIC_REPRESENTATION_CONTEXT() REPRESENTATION_CONTEXT('2D SPACE',''
  ) );
#1259 = PCURVE('',#889,#1260);
#1260 = DEFINITIONAL_REPRESENTATION('',(#1261),#1265);
#1261 = CIRCLE('',#1262,29.604803316957);
#1262 = AXIS2_PLACEMENT_2D('',#1263,#1264);
#1263 = CARTESIAN_POINT('',(0.,0.));
#1264 = DIRECTION('',(1.,0.));
#1265 = ( GEOMETRIC_REPRESENTATION_CONTEXT(2) 
PARAMETRIC_REPRESENTATION_CONTEXT() REPRESENTATION_CONTEXT('2D SPACE',''
  ) );
#1266 = ORIENTED_EDGE('',*,*,#1222,.F.);
#1267 = ORIENTED_EDGE('',*,*,#1185,.T.);
#1268 = FACE_BOUND('',#1269,.T.);
#1269 = EDGE_LOOP('',(#1270,#1402));
#1270 = ORIENTED_EDGE('',*,*,#1271,.F.);
#1271 = EDGE_CURVE('',#1272,#1274,#1276,.T.);
#1272 = VERTEX_POINT('',#1273);
#1273 = CARTESIAN_POINT('',(-25.9463084135,-32.03008348173,
    26.095248637099));
#1274 = VERTEX_POINT('',#1275);
#1275 = CARTESIAN_POINT('',(40.89426562316,5.20052383507,26.096855058779
    ));
#1276 = SURFACE_CURVE('',#1277,(#1315,#1356),.PCURVE_S1.);
#1277 = B_SPLINE_CURVE_WITH_KNOTS('',8,(#1278,#1279,#1280,#1281,#1282,
    #1283,#1284,#1285,#1286,#1287,#1288,#1289,#1290,#1291,#1292,#1293,
    #1294,#1295,#1296,#1297,#1298,#1299,#1300,#1301,#1302,#1303,#1304,
    #1305,#1306,#1307,#1308,#1309,#1310,#1311,#1312,#1313,#1314),
  .UNSPECIFIED.,.F.,.F.,(9,7,7,7,7,9),(0.,0.244666579209,0.488387229394,
    0.732108837543,0.97597999158,1.),.UNSPECIFIED.);
#1278 = CARTESIAN_POINT('',(-26.71082538449,-31.39523349508,
    26.096235135968));
#1279 = CARTESIAN_POINT('',(-24.38306188925,-33.37608265523,
    26.093167697952));
#1280 = CARTESIAN_POINT('',(-21.88678966383,-35.16022153719,
    26.090332422365));
#1281 = CARTESIAN_POINT('',(-19.24205718858,-36.73025918069,
    26.087742236533));
#1282 = CARTESIAN_POINT('',(-16.47044818978,-38.07206461926,
    26.085401655849));
#1283 = CARTESIAN_POINT('',(-13.59474101192,-39.17411515828,
    26.083308768476));
#1284 = CARTESIAN_POINT('',(-10.63888177287,-40.02750879889,
    26.081456998292));
#1285 = CARTESIAN_POINT('',(-7.627965323268,-40.62599347459,
    26.079837253939));
#1286 = CARTESIAN_POINT('',(-1.560772467477,-41.30608698682,
    26.077047449649));
#1287 = CARTESIAN_POINT('',(1.496580148662,-41.38983056958,
    26.075875079278));
#1288 = CARTESIAN_POINT('',(4.557374087099,-41.21470561937,
    26.074913114651));
#1289 = CARTESIAN_POINT('',(7.595977846563,-40.78105422266,
    26.074150366257));
#1290 = CARTESIAN_POINT('',(10.587236125254,-40.09204549766,
    26.073576834013));
#1291 = CARTESIAN_POINT('',(13.506498375951,-39.15366618847,
    26.073185416404));
#1292 = CARTESIAN_POINT('',(16.32965099148,-37.97473200843,
    26.072972993008));
#1293 = CARTESIAN_POINT('',(21.736981872288,-35.16052728446,
    26.072906734964));
#1294 = CARTESIAN_POINT('',(24.322328699691,-33.52464628856,
    26.073052887395));
#1295 = CARTESIAN_POINT('',(26.765789102412,-31.67203371373,
    26.073378892905));
#1296 = CARTESIAN_POINT('',(29.04630861396,-29.61738251639,
    26.073888722583));
#1297 = CARTESIAN_POINT('',(31.144841911794,-27.37744820627,
    26.074590278891));
#1298 = CARTESIAN_POINT('',(33.044361915137,-24.97101590532,
    26.075494284804));
#1299 = CARTESIAN_POINT('',(34.729883787508,-22.41888228547,
    26.076612554905));
#1300 = CARTESIAN_POINT('',(37.649056563921,-17.06817092402,
    26.079298319547));
#1301 = CARTESIAN_POINT('',(38.883052133986,-14.2683017748,
    26.080866661984));
#1302 = CARTESIAN_POINT('',(39.878285917198,-11.36785934847,
    26.082670361686));
#1303 = CARTESIAN_POINT('',(40.625560115269,-8.390742919626,
    26.084718799357));
#1304 = CARTESIAN_POINT('',(41.118470350746,-5.361426586055,
    26.087018741406));
#1305 = CARTESIAN_POINT('',(41.353391726671,-2.304927280669,
    26.089572234899));
#1306 = CARTESIAN_POINT('',(41.329485131779,0.753223518512,
    26.092374884302));
#1307 = CARTESIAN_POINT('',(41.02182580561,4.085685496509,
    26.095713231288));
#1308 = CARTESIAN_POINT('',(40.991754349082,4.384253741943,
    26.096014857846));
#1309 = CARTESIAN_POINT('',(40.959199467186,4.682566577429,
    26.096318772603));
#1310 = CARTESIAN_POINT('',(40.92416371514,4.980599955143,
    26.096624963769));
#1311 = CARTESIAN_POINT('',(40.886649925844,5.278329862497,
    26.096933418886));
#1312 = CARTESIAN_POINT('',(40.84666120988,5.57573232214,26.097244124825
    ));
#1313 = CARTESIAN_POINT('',(40.804200955511,5.872783391956,
    26.097557067787));
#1314 = CARTESIAN_POINT('',(40.759272828679,6.169459165064,
    26.097872233303));
#1315 = PCURVE('',#1202,#1316);
#1316 = DEFINITIONAL_REPRESENTATION('',(#1317),#1355);
#1317 = B_SPLINE_CURVE_WITH_KNOTS('',8,(#1318,#1319,#1320,#1321,#1322,
    #1323,#1324,#1325,#1326,#1327,#1328,#1329,#1330,#1331,#1332,#1333,
    #1334,#1335,#1336,#1337,#1338,#1339,#1340,#1341,#1342,#1343,#1344,
    #1345,#1346,#1347,#1348,#1349,#1350,#1351,#1352,#1353,#1354),
  .UNSPECIFIED.,.F.,.F.,(9,7,7,7,7,9),(0.,0.244666579209,0.488387229394,
    0.732108837543,0.97597999158,1.),.UNSPECIFIED.);
#1318 = CARTESIAN_POINT('',(-2.391495312797,-0.719821923251));
#1319 = CARTESIAN_POINT('',(-2.46685648601,-0.751671086772));
#1320 = CARTESIAN_POINT('',(-2.542536011403,-0.782553472921));
#1321 = CARTESIAN_POINT('',(-2.618504760402,-0.812177661669));
#1322 = CARTESIAN_POINT('',(-2.694753437909,-0.840270827647));
#1323 = CARTESIAN_POINT('',(-2.771275194975,-0.866575517125));
#1324 = CARTESIAN_POINT('',(-2.848058870643,-0.890851699323));
#1325 = CARTESIAN_POINT('',(-2.92508237379,-0.912879343716));
#1326 = CARTESIAN_POINT('',(-3.079206488639,-0.951978317356));
#1327 = CARTESIAN_POINT('',(-3.156338574205,-0.96907683528));
#1328 = CARTESIAN_POINT('',(-3.233637858614,-0.983568845394));
#1329 = CARTESIAN_POINT('',(-3.311073879692,-0.995301425535));
#1330 = CARTESIAN_POINT('',(-3.388620299471,-1.004156521603));
#1331 = CARTESIAN_POINT('',(-3.466248635868,-1.010052715591));
#1332 = CARTESIAN_POINT('',(-3.543922139934,-1.012946614997));
#1333 = CARTESIAN_POINT('',(-3.699233612466,-1.012736490542));
#1334 = CARTESIAN_POINT('',(-3.776905157977,-1.009632397657));
#1335 = CARTESIAN_POINT('',(-3.854529277461,-1.003528077165));
#1336 = CARTESIAN_POINT('',(-3.932069274887,-0.994468988028));
#1337 = CARTESIAN_POINT('',(-4.009496762095,-0.982538523429));
#1338 = CARTESIAN_POINT('',(-4.086785533714,-0.967856590711));
#1339 = CARTESIAN_POINT('',(-4.163905294264,-0.950577820912));
#1340 = CARTESIAN_POINT('',(-4.317750216416,-0.911204403053));
#1341 = CARTESIAN_POINT('',(-4.394507903809,-0.889098409122));
#1342 = CARTESIAN_POINT('',(-4.471026083398,-0.864770582906));
#1343 = CARTESIAN_POINT('',(-4.547283058733,-0.838439963693));
#1344 = CARTESIAN_POINT('',(-4.623267933236,-0.810345130201));
#1345 = CARTESIAN_POINT('',(-4.698974068582,-0.780741666068));
#1346 = CARTESIAN_POINT('',(-4.774392410823,-0.749900162538));
#1347 = CARTESIAN_POINT('',(-4.85689157454,-0.714978128919));
#1348 = CARTESIAN_POINT('',(-4.864285808216,-0.711837628988));
#1349 = CARTESIAN_POINT('',(-4.871677122677,-0.708688119948));
#1350 = CARTESIAN_POINT('',(-4.879065513529,-0.705529868008));
#1351 = CARTESIAN_POINT('',(-4.886450976758,-0.702363139896));
#1352 = CARTESIAN_POINT('',(-4.893833508733,-0.699188202861));
#1353 = CARTESIAN_POINT('',(-4.901213106202,-0.69600532467));
#1354 = CARTESIAN_POINT('',(-4.908589766297,-0.692814773611));
#1355 = ( GEOMETRIC_REPRESENTATION_CONTEXT(2) 
PARAMETRIC_REPRESENTATION_CONTEXT() REPRESENTATION_CONTEXT('2D SPACE',''
  ) );
#1356 = PCURVE('',#1357,#1362);
#1357 = CYLINDRICAL_SURFACE('',#1358,41.220681243315);
#1358 = AXIS2_PLACEMENT_3D('',#1359,#1360,#1361);
#1359 = CARTESIAN_POINT('',(6.889396399333E-03,-8.736246958084E-03,
    19.488204270908));
#1360 = DIRECTION('',(-5.46820323464E-04,9.385655002981E-04,
    0.999999410041));
#1361 = DIRECTION('',(0.,0.999999559547,-9.385656406196E-04));
#1362 = DEFINITIONAL_REPRESENTATION('',(#1363),#1401);
#1363 = B_SPLINE_CURVE_WITH_KNOTS('',8,(#1364,#1365,#1366,#1367,#1368,
    #1369,#1370,#1371,#1372,#1373,#1374,#1375,#1376,#1377,#1378,#1379,
    #1380,#1381,#1382,#1383,#1384,#1385,#1386,#1387,#1388,#1389,#1390,
    #1391,#1392,#1393,#1394,#1395,#1396,#1397,#1398,#1399,#1400),
  .UNSPECIFIED.,.F.,.F.,(9,7,7,7,7,9),(0.,0.244666579209,0.488387229394,
    0.732108837543,0.97597999158,1.),.UNSPECIFIED.);
#1364 = CARTESIAN_POINT('',(2.436537942479,6.593178472539));
#1365 = CARTESIAN_POINT('',(2.510687713886,6.586979011262));
#1366 = CARTESIAN_POINT('',(2.584858085989,6.58110419376));
#1367 = CARTESIAN_POINT('',(2.659026526329,6.575594232822));
#1368 = CARTESIAN_POINT('',(2.73319456667,6.570478709096));
#1369 = CARTESIAN_POINT('',(2.80737004521,6.565778981214));
#1370 = CARTESIAN_POINT('',(2.881560584625,6.561509922388));
#1371 = CARTESIAN_POINT('',(2.955767105817,6.557682031614));
#1372 = CARTESIAN_POINT('',(3.103876929818,6.550936252302));
#1373 = CARTESIAN_POINT('',(3.177811933736,6.548013461239));
#1374 = CARTESIAN_POINT('',(3.251745658191,6.545542159085));
#1375 = CARTESIAN_POINT('',(3.325677784441,6.54352485109));
#1376 = CARTESIAN_POINT('',(3.399614476664,6.541962318184));
#1377 = CARTESIAN_POINT('',(3.473561753427,6.540855319323));
#1378 = CARTESIAN_POINT('',(3.547518879499,6.540205645774));
#1379 = CARTESIAN_POINT('',(3.695401350926,6.539823864813));
#1380 = CARTESIAN_POINT('',(3.769358666564,6.540091678435));
#1381 = CARTESIAN_POINT('',(3.843306038943,6.540820348193));
#1382 = CARTESIAN_POINT('',(3.917242741109,6.542011567882));
#1383 = CARTESIAN_POINT('',(3.991174800765,6.543667928185));
#1384 = CARTESIAN_POINT('',(4.065108393702,6.54579183176));
#1385 = CARTESIAN_POINT('',(4.139043216244,6.548383768153));
#1386 = CARTESIAN_POINT('',(4.286911113787,6.554495261294));
#1387 = CARTESIAN_POINT('',(4.360875682107,6.558016689538));
#1388 = CARTESIAN_POINT('',(4.43482445289,6.561998429314));
#1389 = CARTESIAN_POINT('',(4.508758333379,6.566432459828));
#1390 = CARTESIAN_POINT('',(4.582684848402,6.571306078985));
#1391 = CARTESIAN_POINT('',(4.656611734862,6.57659983599));
#1392 = CARTESIAN_POINT('',(4.730540502614,6.582285831186));
#1393 = CARTESIAN_POINT('',(4.811728602478,6.588920144418));
#1394 = CARTESIAN_POINT('',(4.819008151563,6.589518440337));
#1395 = CARTESIAN_POINT('',(4.826287657117,6.590120142721));
#1396 = CARTESIAN_POINT('',(4.83356712032,6.590725215814));
#1397 = CARTESIAN_POINT('',(4.84084654236,6.591333623071));
#1398 = CARTESIAN_POINT('',(4.848125924429,6.591945327157));
#1399 = CARTESIAN_POINT('',(4.855405267727,6.59256028995));
#1400 = CARTESIAN_POINT('',(4.862684573459,6.593178472539));
#1401 = ( GEOMETRIC_REPRESENTATION_CONTEXT(2) 
PARAMETRIC_REPRESENTATION_CONTEXT() REPRESENTATION_CONTEXT('2D SPACE',''
  ) );
#1402 = ORIENTED_EDGE('',*,*,#1403,.T.);
#1403 = EDGE_CURVE('',#1272,#1274,#1404,.T.);
#1404 = SURFACE_CURVE('',#1405,(#1410,#1437),.PCURVE_S1.);
#1405 = ELLIPSE('',#1406,41.447568131699,41.37406286103);
#1406 = AXIS2_PLACEMENT_3D('',#1407,#1408,#1409);
#1407 = CARTESIAN_POINT('',(-0.207245126214,0.378433498913,
    26.078905754416));
#1408 = DIRECTION('',(-5.46820323464E-04,9.385655002981E-04,
    0.999999410041));
#1409 = DIRECTION('',(-0.463520705788,0.886085423555,-1.085112391309E-03
    ));
#1410 = PCURVE('',#1202,#1411);
#1411 = DEFINITIONAL_REPRESENTATION('',(#1412),#1436);
#1412 = B_SPLINE_CURVE_WITH_KNOTS('',8,(#1413,#1414,#1415,#1416,#1417,
    #1418,#1419,#1420,#1421,#1422,#1423,#1424,#1425,#1426,#1427,#1428,
    #1429,#1430,#1431,#1432,#1433,#1434,#1435),.UNSPECIFIED.,.F.,.F.,(9,
    7,7,9),(0.434251396755,1.769097791514,3.771367383652,5.77363697579),
  .UNSPECIFIED.);
#1413 = CARTESIAN_POINT('',(-0.892389610613,1.311722568222E-12));
#1414 = CARTESIAN_POINT('',(-1.050637830746,-3.90618464169E-02));
#1415 = CARTESIAN_POINT('',(-1.209585608361,-9.418493715387E-02));
#1416 = CARTESIAN_POINT('',(-1.369575971265,-0.163711560823));
#1417 = CARTESIAN_POINT('',(-1.530922142896,-0.245032305085));
#1418 = CARTESIAN_POINT('',(-1.69388711219,-0.33472667959));
#1419 = CARTESIAN_POINT('',(-1.858655360657,-0.428864312023));
#1420 = CARTESIAN_POINT('',(-2.025307384706,-0.523375334481));
#1421 = CARTESIAN_POINT('',(-2.446558051149,-0.750933441856));
#1422 = CARTESIAN_POINT('',(-2.703467261515,-0.879620788883));
#1423 = CARTESIAN_POINT('',(-2.964414483506,-0.987426544841));
#1424 = CARTESIAN_POINT('',(-3.228702966519,-1.062372200536));
#1425 = CARTESIAN_POINT('',(-3.494962750139,-1.096117230528));
#1426 = CARTESIAN_POINT('',(-3.761319622621,-1.086310523429));
#1427 = CARTESIAN_POINT('',(-4.026157894429,-1.036482238877));
#1428 = CARTESIAN_POINT('',(-4.550458815552,-0.872439540373));
#1429 = CARTESIAN_POINT('',(-4.809921580507,-0.758224912048));
#1430 = CARTESIAN_POINT('',(-5.06553205723,-0.619649076356));
#1431 = CARTESIAN_POINT('',(-5.316578270984,-0.468831535931));
#1432 = CARTESIAN_POINT('',(-5.563099779687,-0.320670271522));
#1433 = CARTESIAN_POINT('',(-5.805712074814,-0.189677115924));
#1434 = CARTESIAN_POINT('',(-6.045364540989,-8.697170091603E-02));
#1435 = CARTESIAN_POINT('',(-6.28318530718,-1.904105096362E-02));
#1436 = ( GEOMETRIC_REPRESENTATION_CONTEXT(2) 
PARAMETRIC_REPRESENTATION_CONTEXT() REPRESENTATION_CONTEXT('2D SPACE',''
  ) );
#1437 = PCURVE('',#1438,#1443);
#1438 = PLANE('',#1439);
#1439 = AXIS2_PLACEMENT_3D('',#1440,#1441,#1442);
#1440 = CARTESIAN_POINT('',(3.285206273698E-03,-2.549994612878E-03,
    26.079378454923));
#1441 = DIRECTION('',(-5.46820323464E-04,9.385655002981E-04,
    0.999999410041));
#1442 = DIRECTION('',(0.,0.999999559547,-9.385656406196E-04));
#1443 = DEFINITIONAL_REPRESENTATION('',(#1444),#1448);
#1444 = ELLIPSE('',#1445,41.447568131699,41.37406286103);
#1445 = AXIS2_PLACEMENT_2D('',#1446,#1447);
#1446 = CARTESIAN_POINT('',(0.380983769381,0.210530363963));
#1447 = DIRECTION('',(0.886086051726,0.463520775087));
#1448 = ( GEOMETRIC_REPRESENTATION_CONTEXT(2) 
PARAMETRIC_REPRESENTATION_CONTEXT() REPRESENTATION_CONTEXT('2D SPACE',''
  ) );
#1449 = ADVANCED_FACE('',(#1450),#552,.F.);
#1450 = FACE_BOUND('',#1451,.F.);
#1451 = EDGE_LOOP('',(#1452,#1453,#1454,#1455,#1456));
#1452 = ORIENTED_EDGE('',*,*,#804,.F.);
#1453 = ORIENTED_EDGE('',*,*,#640,.T.);
#1454 = ORIENTED_EDGE('',*,*,#613,.T.);
#1455 = ORIENTED_EDGE('',*,*,#536,.F.);
#1456 = ORIENTED_EDGE('',*,*,#902,.F.);
#1457 = ADVANCED_FACE('',(#1458,#1461),#889,.T.);
#1458 = FACE_BOUND('',#1459,.T.);
#1459 = EDGE_LOOP('',(#1460));
#1460 = ORIENTED_EDGE('',*,*,#1245,.T.);
#1461 = FACE_BOUND('',#1462,.T.);
#1462 = EDGE_LOOP('',(#1463));
#1463 = ORIENTED_EDGE('',*,*,#854,.F.);
#1464 = ADVANCED_FACE('',(#1465),#1357,.T.);
#1465 = FACE_BOUND('',#1466,.T.);
#1466 = EDGE_LOOP('',(#1467,#1468));
#1467 = ORIENTED_EDGE('',*,*,#1271,.T.);
#1468 = ORIENTED_EDGE('',*,*,#1469,.F.);
#1469 = EDGE_CURVE('',#1272,#1274,#1470,.T.);
#1470 = SURFACE_CURVE('',#1471,(#1476,#1483),.PCURVE_S1.);
#1471 = CIRCLE('',#1472,41.220681243315);
#1472 = AXIS2_PLACEMENT_3D('',#1473,#1474,#1475);
#1473 = CARTESIAN_POINT('',(3.285206273698E-03,-2.549994612878E-03,
    26.079378454923));
#1474 = DIRECTION('',(-5.46820323464E-04,9.385655002981E-04,
    0.999999410041));
#1475 = DIRECTION('',(0.,0.999999559547,-9.385656406196E-04));
#1476 = PCURVE('',#1357,#1477);
#1477 = DEFINITIONAL_REPRESENTATION('',(#1478),#1482);
#1478 = LINE('',#1479,#1480);
#1479 = CARTESIAN_POINT('',(0.,6.591178072539));
#1480 = VECTOR('',#1481,1.);
#1481 = DIRECTION('',(1.,0.));
#1482 = ( GEOMETRIC_REPRESENTATION_CONTEXT(2) 
PARAMETRIC_REPRESENTATION_CONTEXT() REPRESENTATION_CONTEXT('2D SPACE',''
  ) );
#1483 = PCURVE('',#1438,#1484);
#1484 = DEFINITIONAL_REPRESENTATION('',(#1485),#1489);
#1485 = CIRCLE('',#1486,41.220681243315);
#1486 = AXIS2_PLACEMENT_2D('',#1487,#1488);
#1487 = CARTESIAN_POINT('',(0.,0.));
#1488 = DIRECTION('',(1.,0.));
#1489 = ( GEOMETRIC_REPRESENTATION_CONTEXT(2) 
PARAMETRIC_REPRESENTATION_CONTEXT() REPRESENTATION_CONTEXT('2D SPACE',''
  ) );
#1490 = ADVANCED_FACE('',(#1491),#1438,.T.);
#1491 = FACE_BOUND('',#1492,.T.);
#1492 = EDGE_LOOP('',(#1493,#1494));
#1493 = ORIENTED_EDGE('',*,*,#1469,.T.);
#1494 = ORIENTED_EDGE('',*,*,#1403,.F.);
#1495 = MANIFOLD_SOLID_BREP('',#1496);
#1496 = CLOSED_SHELL('',(#1497,#1589,#1643,#1678,#1794,#1873,#2363,#2418
    ,#2467,#2500,#2556,#2595,#2650,#2685,#2740,#2795,#2830,#2838,#2873,
    #2928,#2982));
#1497 = ADVANCED_FACE('',(#1498),#1512,.T.);
#1498 = FACE_BOUND('',#1499,.T.);
#1499 = EDGE_LOOP('',(#1500,#1530,#1557,#1558));
#1500 = ORIENTED_EDGE('',*,*,#1501,.T.);
#1501 = EDGE_CURVE('',#1502,#1504,#1506,.T.);
#1502 = VERTEX_POINT('',#1503);
#1503 = CARTESIAN_POINT('',(1.566917643087E-02,40.600721377933,
    3.394024742144));
#1504 = VERTEX_POINT('',#1505);
#1505 = CARTESIAN_POINT('',(1.446082380769E-02,31.557246201051,
    5.612293299952));
#1506 = SEAM_CURVE('',#1507,(#1511,#1523),.PCURVE_S1.);
#1507 = LINE('',#1508,#1509);
#1508 = CARTESIAN_POINT('',(1.578425544326E-02,41.461988339218,
    3.182765089994));
#1509 = VECTOR('',#1510,1.);
#1510 = DIRECTION('',(-1.297690773657E-04,-0.971209403098,0.238227367223
    ));
#1511 = PCURVE('',#1512,#1517);
#1512 = CONICAL_SURFACE('',#1513,41.486010045249,1.33119459557);
#1513 = AXIS2_PLACEMENT_3D('',#1514,#1515,#1516);
#1514 = CARTESIAN_POINT('',(1.578425544325E-02,-2.400343340014E-02,
    3.221702433589));
#1515 = DIRECTION('',(5.46820323464E-04,-9.385655002981E-04,
    -0.999999410041));
#1516 = DIRECTION('',(0.,0.999999559547,-9.385656406196E-04));
#1517 = DEFINITIONAL_REPRESENTATION('',(#1518),#1522);
#1518 = LINE('',#1519,#1520);
#1519 = CARTESIAN_POINT('',(-6.28318530718,0.));
#1520 = VECTOR('',#1521,1.);
#1521 = DIRECTION('',(-0.,-1.));
#1522 = ( GEOMETRIC_REPRESENTATION_CONTEXT(2) 
PARAMETRIC_REPRESENTATION_CONTEXT() REPRESENTATION_CONTEXT('2D SPACE',''
  ) );
#1523 = PCURVE('',#1512,#1524);
#1524 = DEFINITIONAL_REPRESENTATION('',(#1525),#1529);
#1525 = LINE('',#1526,#1527);
#1526 = CARTESIAN_POINT('',(0.,-0.));
#1527 = VECTOR('',#1528,1.);
#1528 = DIRECTION('',(-0.,-1.));
#1529 = ( GEOMETRIC_REPRESENTATION_CONTEXT(2) 
PARAMETRIC_REPRESENTATION_CONTEXT() REPRESENTATION_CONTEXT('2D SPACE',''
  ) );
#1530 = ORIENTED_EDGE('',*,*,#1531,.F.);
#1531 = EDGE_CURVE('',#1504,#1504,#1532,.T.);
#1532 = SURFACE_CURVE('',#1533,(#1538,#1545),.PCURVE_S1.);
#1533 = CIRCLE('',#1534,31.578991997953);
#1534 = AXIS2_PLACEMENT_3D('',#1535,#1536,#1537);
#1535 = CARTESIAN_POINT('',(1.446082380769E-02,-2.173188784516E-02,
    5.641932256806));
#1536 = DIRECTION('',(-5.46820323464E-04,9.385655002981E-04,
    0.999999410041));
#1537 = DIRECTION('',(1.224589413163E-16,0.999999559547,
    -9.385656406196E-04));
#1538 = PCURVE('',#1512,#1539);
#1539 = DEFINITIONAL_REPRESENTATION('',(#1540),#1544);
#1540 = LINE('',#1541,#1542);
#1541 = CARTESIAN_POINT('',(-0.,-2.420231251054));
#1542 = VECTOR('',#1543,1.);
#1543 = DIRECTION('',(-1.,-0.));
#1544 = ( GEOMETRIC_REPRESENTATION_CONTEXT(2) 
PARAMETRIC_REPRESENTATION_CONTEXT() REPRESENTATION_CONTEXT('2D SPACE',''
  ) );
#1545 = PCURVE('',#1546,#1551);
#1546 = TOROIDAL_SURFACE('',#1547,31.397269936763,0.765739560594);
#1547 = AXIS2_PLACEMENT_3D('',#1548,#1549,#1550);
#1548 = CARTESIAN_POINT('',(1.486758395067E-02,-2.243005325841E-02,
    4.898068348388));
#1549 = DIRECTION('',(-5.46820323464E-04,9.385655002981E-04,
    0.999999410041));
#1550 = DIRECTION('',(1.224590471955E-16,0.999999559547,
    -9.385656406196E-04));
#1551 = DEFINITIONAL_REPRESENTATION('',(#1552),#1556);
#1552 = LINE('',#1553,#1554);
#1553 = CARTESIAN_POINT('',(0.,1.33119459557));
#1554 = VECTOR('',#1555,1.);
#1555 = DIRECTION('',(1.,0.));
#1556 = ( GEOMETRIC_REPRESENTATION_CONTEXT(2) 
PARAMETRIC_REPRESENTATION_CONTEXT() REPRESENTATION_CONTEXT('2D SPACE',''
  ) );
#1557 = ORIENTED_EDGE('',*,*,#1501,.F.);
#1558 = ORIENTED_EDGE('',*,*,#1559,.T.);
#1559 = EDGE_CURVE('',#1502,#1502,#1560,.T.);
#1560 = SURFACE_CURVE('',#1561,(#1566,#1573),.PCURVE_S1.);
#1561 = CIRCLE('',#1562,40.62454518226);
#1562 = AXIS2_PLACEMENT_3D('',#1563,#1564,#1565);
#1563 = CARTESIAN_POINT('',(1.566917643086E-02,-2.380591113149E-02,
    3.432153544418));
#1564 = DIRECTION('',(-5.46820323464E-04,9.385655002981E-04,
    0.999999410041));
#1565 = DIRECTION('',(0.,0.999999559547,-9.385656406196E-04));
#1566 = PCURVE('',#1512,#1567);
#1567 = DEFINITIONAL_REPRESENTATION('',(#1568),#1572);
#1568 = LINE('',#1569,#1570);
#1569 = CARTESIAN_POINT('',(-0.,-0.210451234987));
#1570 = VECTOR('',#1571,1.);
#1571 = DIRECTION('',(-1.,-0.));
#1572 = ( GEOMETRIC_REPRESENTATION_CONTEXT(2) 
PARAMETRIC_REPRESENTATION_CONTEXT() REPRESENTATION_CONTEXT('2D SPACE',''
  ) );
#1573 = PCURVE('',#1574,#1579);
#1574 = PLANE('',#1575);
#1575 = AXIS2_PLACEMENT_3D('',#1576,#1577,#1578);
#1576 = CARTESIAN_POINT('',(1.566917643086E-02,-2.380591113149E-02,
    3.432153544418));
#1577 = DIRECTION('',(5.46820323464E-04,-9.385655002981E-04,
    -0.999999410041));
#1578 = DIRECTION('',(0.,-0.999999559547,9.385656406196E-04));
#1579 = DEFINITIONAL_REPRESENTATION('',(#1580),#1588);
#1580 = ( BOUNDED_CURVE() B_SPLINE_CURVE(2,(#1581,#1582,#1583,#1584,
#1585,#1586,#1587),.UNSPECIFIED.,.T.,.F.) B_SPLINE_CURVE_WITH_KNOTS((1,2
    ,2,2,2,1),(-2.094395102393,0.,2.094395102393,4.188790204786,
6.28318530718,8.377580409573),.UNSPECIFIED.) CURVE() 
GEOMETRIC_REPRESENTATION_ITEM() RATIONAL_B_SPLINE_CURVE((1.,0.5,1.,0.5,
1.,0.5,1.)) REPRESENTATION_ITEM('') );
#1581 = CARTESIAN_POINT('',(-40.62454518226,6.938894647112E-18));
#1582 = CARTESIAN_POINT('',(-40.62454518226,70.363776290052));
#1583 = CARTESIAN_POINT('',(20.31227259113,35.181888145026));
#1584 = CARTESIAN_POINT('',(81.24909036452,9.957082739501E-15));
#1585 = CARTESIAN_POINT('',(20.31227259113,-35.18188814502));
#1586 = CARTESIAN_POINT('',(-40.62454518226,-70.36377629005));
#1587 = CARTESIAN_POINT('',(-40.62454518226,6.938894647112E-18));
#1588 = ( GEOMETRIC_REPRESENTATION_CONTEXT(2) 
PARAMETRIC_REPRESENTATION_CONTEXT() REPRESENTATION_CONTEXT('2D SPACE',''
  ) );
#1589 = ADVANCED_FACE('',(#1590),#1546,.T.);
#1590 = FACE_BOUND('',#1591,.T.);
#1591 = EDGE_LOOP('',(#1592,#1614,#1615,#1616));
#1592 = ORIENTED_EDGE('',*,*,#1593,.F.);
#1593 = EDGE_CURVE('',#1504,#1594,#1596,.T.);
#1594 = VERTEX_POINT('',#1595);
#1595 = CARTESIAN_POINT('',(1.444886199646E-02,31.375544751222,
    5.634339058456));
#1596 = SEAM_CURVE('',#1597,(#1602,#1608),.PCURVE_S1.);
#1597 = CIRCLE('',#1598,0.765739560594);
#1598 = AXIS2_PLACEMENT_3D('',#1599,#1600,#1601);
#1599 = CARTESIAN_POINT('',(1.486758395068E-02,31.374826054488,
    4.868599949617));
#1600 = DIRECTION('',(0.999999850494,5.132267670734E-07,
    5.468200826155E-04));
#1601 = DIRECTION('',(1.224590471955E-16,0.999999559547,
    -9.385656406196E-04));
#1602 = PCURVE('',#1546,#1603);
#1603 = DEFINITIONAL_REPRESENTATION('',(#1604),#1607);
#1604 = B_SPLINE_CURVE_WITH_KNOTS('',1,(#1605,#1606),.UNSPECIFIED.,.F.,
  .F.,(2,2),(1.33119459557,1.570796326795),.PIECEWISE_BEZIER_KNOTS.);
#1605 = CARTESIAN_POINT('',(0.,1.33119459557));
#1606 = CARTESIAN_POINT('',(0.,1.570796326795));
#1607 = ( GEOMETRIC_REPRESENTATION_CONTEXT(2) 
PARAMETRIC_REPRESENTATION_CONTEXT() REPRESENTATION_CONTEXT('2D SPACE',''
  ) );
#1608 = PCURVE('',#1546,#1609);
#1609 = DEFINITIONAL_REPRESENTATION('',(#1610),#1613);
#1610 = B_SPLINE_CURVE_WITH_KNOTS('',1,(#1611,#1612),.UNSPECIFIED.,.F.,
  .F.,(2,2),(1.33119459557,1.570796326795),.PIECEWISE_BEZIER_KNOTS.);
#1611 = CARTESIAN_POINT('',(6.28318530718,1.33119459557));
#1612 = CARTESIAN_POINT('',(6.28318530718,1.570796326795));
#1613 = ( GEOMETRIC_REPRESENTATION_CONTEXT(2) 
PARAMETRIC_REPRESENTATION_CONTEXT() REPRESENTATION_CONTEXT('2D SPACE',''
  ) );
#1614 = ORIENTED_EDGE('',*,*,#1531,.T.);
#1615 = ORIENTED_EDGE('',*,*,#1593,.T.);
#1616 = ORIENTED_EDGE('',*,*,#1617,.F.);
#1617 = EDGE_CURVE('',#1594,#1594,#1618,.T.);
#1618 = SURFACE_CURVE('',#1619,(#1624,#1631),.PCURVE_S1.);
#1619 = CIRCLE('',#1620,31.397269936763);
#1620 = AXIS2_PLACEMENT_3D('',#1621,#1622,#1623);
#1621 = CARTESIAN_POINT('',(1.444886199646E-02,-2.171135652462E-02,
    5.663807457227));
#1622 = DIRECTION('',(-5.46820323464E-04,9.385655002981E-04,
    0.999999410041));
#1623 = DIRECTION('',(1.224589413163E-16,0.999999559547,
    -9.385656406196E-04));
#1624 = PCURVE('',#1546,#1625);
#1625 = DEFINITIONAL_REPRESENTATION('',(#1626),#1630);
#1626 = LINE('',#1627,#1628);
#1627 = CARTESIAN_POINT('',(0.,1.570796326795));
#1628 = VECTOR('',#1629,1.);
#1629 = DIRECTION('',(1.,0.));
#1630 = ( GEOMETRIC_REPRESENTATION_CONTEXT(2) 
PARAMETRIC_REPRESENTATION_CONTEXT() REPRESENTATION_CONTEXT('2D SPACE',''
  ) );
#1631 = PCURVE('',#1632,#1637);
#1632 = PLANE('',#1633);
#1633 = AXIS2_PLACEMENT_3D('',#1634,#1635,#1636);
#1634 = CARTESIAN_POINT('',(1.444886199646E-02,-2.171135652462E-02,
    5.663807457227));
#1635 = DIRECTION('',(-5.46820323464E-04,9.385655002981E-04,
    0.999999410041));
#1636 = DIRECTION('',(0.,0.999999559547,-9.385656406196E-04));
#1637 = DEFINITIONAL_REPRESENTATION('',(#1638),#1642);
#1638 = CIRCLE('',#1639,31.397269936763);
#1639 = AXIS2_PLACEMENT_2D('',#1640,#1641);
#1640 = CARTESIAN_POINT('',(0.,0.));
#1641 = DIRECTION('',(1.,-1.224357159239E-16));
#1642 = ( GEOMETRIC_REPRESENTATION_CONTEXT(2) 
PARAMETRIC_REPRESENTATION_CONTEXT() REPRESENTATION_CONTEXT('2D SPACE',''
  ) );
#1643 = ADVANCED_FACE('',(#1644,#1675),#1574,.F.);
#1644 = FACE_BOUND('',#1645,.F.);
#1645 = EDGE_LOOP('',(#1646));
#1646 = ORIENTED_EDGE('',*,*,#1647,.T.);
#1647 = EDGE_CURVE('',#1648,#1648,#1650,.T.);
#1648 = VERTEX_POINT('',#1649);
#1649 = CARTESIAN_POINT('',(1.566917643087E-02,-41.27431097581,
    3.470869868183));
#1650 = SURFACE_CURVE('',#1651,(#1656,#1663),.PCURVE_S1.);
#1651 = CIRCLE('',#1652,41.250523233589);
#1652 = AXIS2_PLACEMENT_3D('',#1653,#1654,#1655);
#1653 = CARTESIAN_POINT('',(1.566917643086E-02,-2.380591113149E-02,
    3.432153544418));
#1654 = DIRECTION('',(5.46820323464E-04,-9.385655002981E-04,
    -0.999999410041));
#1655 = DIRECTION('',(0.,-0.999999559547,9.385656406196E-04));
#1656 = PCURVE('',#1574,#1657);
#1657 = DEFINITIONAL_REPRESENTATION('',(#1658),#1662);
#1658 = CIRCLE('',#1659,41.250523233589);
#1659 = AXIS2_PLACEMENT_2D('',#1660,#1661);
#1660 = CARTESIAN_POINT('',(0.,0.));
#1661 = DIRECTION('',(1.,0.));
#1662 = ( GEOMETRIC_REPRESENTATION_CONTEXT(2) 
PARAMETRIC_REPRESENTATION_CONTEXT() REPRESENTATION_CONTEXT('2D SPACE',''
  ) );
#1663 = PCURVE('',#1664,#1669);
#1664 = CYLINDRICAL_SURFACE('',#1665,41.250523233589);
#1665 = AXIS2_PLACEMENT_3D('',#1666,#1667,#1668);
#1666 = CARTESIAN_POINT('',(1.566917643086E-02,-2.380591113149E-02,
    3.432153544418));
#1667 = DIRECTION('',(5.46820323464E-04,-9.385655002981E-04,
    -0.999999410041));
#1668 = DIRECTION('',(0.,-0.999999559547,9.385656406196E-04));
#1669 = DEFINITIONAL_REPRESENTATION('',(#1670),#1674);
#1670 = LINE('',#1671,#1672);
#1671 = CARTESIAN_POINT('',(0.,0.));
#1672 = VECTOR('',#1673,1.);
#1673 = DIRECTION('',(1.,0.));
#1674 = ( GEOMETRIC_REPRESENTATION_CONTEXT(2) 
PARAMETRIC_REPRESENTATION_CONTEXT() REPRESENTATION_CONTEXT('2D SPACE',''
  ) );
#1675 = FACE_BOUND('',#1676,.F.);
#1676 = EDGE_LOOP('',(#1677));
#1677 = ORIENTED_EDGE('',*,*,#1559,.T.);
#1678 = ADVANCED_FACE('',(#1679,#1682),#1632,.T.);
#1679 = FACE_BOUND('',#1680,.T.);
#1680 = EDGE_LOOP('',(#1681));
#1681 = ORIENTED_EDGE('',*,*,#1617,.T.);
#1682 = FACE_BOUND('',#1683,.T.);
#1683 = EDGE_LOOP('',(#1684,#1715,#1742,#1769));
#1684 = ORIENTED_EDGE('',*,*,#1685,.F.);
#1685 = EDGE_CURVE('',#1686,#1688,#1690,.T.);
#1686 = VERTEX_POINT('',#1687);
#1687 = CARTESIAN_POINT('',(-4.000000016208,11.811138426133,
    5.65050636257));
#1688 = VERTEX_POINT('',#1689);
#1689 = CARTESIAN_POINT('',(3.999999988806,11.8209071488,5.65487175915)
  );
#1690 = SURFACE_CURVE('',#1691,(#1696,#1703),.PCURVE_S1.);
#1691 = CIRCLE('',#1692,12.495291540968);
#1692 = AXIS2_PLACEMENT_3D('',#1693,#1694,#1695);
#1693 = CARTESIAN_POINT('',(1.444886199646E-02,-2.171135652462E-02,
    5.663807457227));
#1694 = DIRECTION('',(-5.46820323464E-04,9.385655002981E-04,
    0.999999410041));
#1695 = DIRECTION('',(0.,0.999999559547,-9.385656406196E-04));
#1696 = PCURVE('',#1632,#1697);
#1697 = DEFINITIONAL_REPRESENTATION('',(#1698),#1702);
#1698 = CIRCLE('',#1699,12.495291540968);
#1699 = AXIS2_PLACEMENT_2D('',#1700,#1701);
#1700 = CARTESIAN_POINT('',(1.207556376642E-17,-4.232827398038E-18));
#1701 = DIRECTION('',(1.,0.));
#1702 = ( GEOMETRIC_REPRESENTATION_CONTEXT(2) 
PARAMETRIC_REPRESENTATION_CONTEXT() REPRESENTATION_CONTEXT('2D SPACE',''
  ) );
#1703 = PCURVE('',#1704,#1709);
#1704 = CYLINDRICAL_SURFACE('',#1705,12.495291540968);
#1705 = AXIS2_PLACEMENT_3D('',#1706,#1707,#1708);
#1706 = CARTESIAN_POINT('',(2.989983426941E-02,-4.82314928458E-02,
    -22.59220735149));
#1707 = DIRECTION('',(-5.46820323464E-04,9.385655002981E-04,
    0.999999410041));
#1708 = DIRECTION('',(0.,0.999999559547,-9.385656406196E-04));
#1709 = DEFINITIONAL_REPRESENTATION('',(#1710),#1714);
#1710 = LINE('',#1711,#1712);
#1711 = CARTESIAN_POINT('',(0.,28.256031478626));
#1712 = VECTOR('',#1713,1.);
#1713 = DIRECTION('',(1.,0.));
#1714 = ( GEOMETRIC_REPRESENTATION_CONTEXT(2) 
PARAMETRIC_REPRESENTATION_CONTEXT() REPRESENTATION_CONTEXT('2D SPACE',''
  ) );
#1715 = ORIENTED_EDGE('',*,*,#1716,.F.);
#1716 = EDGE_CURVE('',#1717,#1686,#1719,.T.);
#1717 = VERTEX_POINT('',#1718);
#1718 = CARTESIAN_POINT('',(-3.999997969017,15.799998257005,
    5.646762555258));
#1719 = SURFACE_CURVE('',#1720,(#1724,#1730),.PCURVE_S1.);
#1720 = LINE('',#1721,#1722);
#1721 = CARTESIAN_POINT('',(-4.000003100833,5.800885281979,5.65614738046
    ));
#1722 = VECTOR('',#1723,1.);
#1723 = DIRECTION('',(-5.132269165174E-07,-0.999999559547,
    9.385653599766E-04));
#1724 = PCURVE('',#1632,#1725);
#1725 = DEFINITIONAL_REPRESENTATION('',(#1726),#1729);
#1726 = B_SPLINE_CURVE_WITH_KNOTS('',1,(#1727,#1728),.UNSPECIFIED.,.F.,
  .F.,(2,2),(-9.999117379164,-5.843972329164),.PIECEWISE_BEZIER_KNOTS.);
#1727 = CARTESIAN_POINT('',(15.821718642572,4.014447431198));
#1728 = CARTESIAN_POINT('',(11.666573592573,4.014449563731));
#1729 = ( GEOMETRIC_REPRESENTATION_CONTEXT(2) 
PARAMETRIC_REPRESENTATION_CONTEXT() REPRESENTATION_CONTEXT('2D SPACE',''
  ) );
#1730 = PCURVE('',#1731,#1736);
#1731 = PLANE('',#1732);
#1732 = AXIS2_PLACEMENT_3D('',#1733,#1734,#1735);
#1733 = CARTESIAN_POINT('',(-4.000000101549,11.64485503715,
    28.422785708344));
#1734 = DIRECTION('',(-1.,5.132271425696E-07,0.));
#1735 = DIRECTION('',(0.,0.,-1.));
#1736 = DEFINITIONAL_REPRESENTATION('',(#1737),#1741);
#1737 = LINE('',#1738,#1739);
#1738 = CARTESIAN_POINT('',(22.766638327884,5.843969755172));
#1739 = VECTOR('',#1740,1.);
#1740 = DIRECTION('',(-9.385653599766E-04,0.999999559547));
#1741 = ( GEOMETRIC_REPRESENTATION_CONTEXT(2) 
PARAMETRIC_REPRESENTATION_CONTEXT() REPRESENTATION_CONTEXT('2D SPACE',''
  ) );
#1742 = ORIENTED_EDGE('',*,*,#1743,.T.);
#1743 = EDGE_CURVE('',#1717,#1744,#1746,.T.);
#1744 = VERTEX_POINT('',#1745);
#1745 = CARTESIAN_POINT('',(4.000002030983,15.799998257005,
    5.651137120427));
#1746 = SURFACE_CURVE('',#1747,(#1751,#1757),.PCURVE_S1.);
#1747 = LINE('',#1748,#1749);
#1748 = CARTESIAN_POINT('',(6.619592830435E-03,15.799998257005,
    5.648953456462));
#1749 = VECTOR('',#1750,1.);
#1750 = DIRECTION('',(0.999999850494,-0.,5.468205643126E-04));
#1751 = PCURVE('',#1632,#1752);
#1752 = DEFINITIONAL_REPRESENTATION('',(#1753),#1756);
#1753 = B_SPLINE_CURVE_WITH_KNOTS('',1,(#1754,#1755),.UNSPECIFIED.,.F.,
  .F.,(2,2),(-4.006618160862,3.993383035189),.PIECEWISE_BEZIER_KNOTS.);
#1754 = CARTESIAN_POINT('',(15.821718642572,4.014447431198));
#1755 = CARTESIAN_POINT('',(15.821714536756,-3.985553764852));
#1756 = ( GEOMETRIC_REPRESENTATION_CONTEXT(2) 
PARAMETRIC_REPRESENTATION_CONTEXT() REPRESENTATION_CONTEXT('2D SPACE',''
  ) );
#1757 = PCURVE('',#1758,#1763);
#1758 = PLANE('',#1759);
#1759 = AXIS2_PLACEMENT_3D('',#1760,#1761,#1762);
#1760 = CARTESIAN_POINT('',(2.030983125423E-06,15.799998257005,
    3.418185833134));
#1761 = DIRECTION('',(-0.,-1.,-0.));
#1762 = DIRECTION('',(0.,0.,-1.));
#1763 = DEFINITIONAL_REPRESENTATION('',(#1764),#1768);
#1764 = LINE('',#1765,#1766);
#1765 = CARTESIAN_POINT('',(-2.230767623327,6.61756184731E-03));
#1766 = VECTOR('',#1767,1.);
#1767 = DIRECTION('',(-5.468205643126E-04,0.999999850494));
#1768 = ( GEOMETRIC_REPRESENTATION_CONTEXT(2) 
PARAMETRIC_REPRESENTATION_CONTEXT() REPRESENTATION_CONTEXT('2D SPACE',''
  ) );
#1769 = ORIENTED_EDGE('',*,*,#1770,.F.);
#1770 = EDGE_CURVE('',#1688,#1744,#1771,.T.);
#1771 = SURFACE_CURVE('',#1772,(#1776,#1782),.PCURVE_S1.);
#1772 = LINE('',#1773,#1774);
#1773 = CARTESIAN_POINT('',(3.999996911211,5.824352115545,5.660499920462
    ));
#1774 = VECTOR('',#1775,1.);
#1775 = DIRECTION('',(5.132269165174E-07,0.999999559547,
    -9.385653599766E-04));
#1776 = PCURVE('',#1632,#1777);
#1777 = DEFINITIONAL_REPRESENTATION('',(#1778),#1781);
#1778 = B_SPLINE_CURVE_WITH_KNOTS('',1,(#1779,#1780),.UNSPECIFIED.,.F.,
  .F.,(2,2),(5.820505485262,9.975650535262),.PIECEWISE_BEZIER_KNOTS.);
#1779 = CARTESIAN_POINT('',(11.666569486756,-3.985551632319));
#1780 = CARTESIAN_POINT('',(15.821714536756,-3.985553764852));
#1781 = ( GEOMETRIC_REPRESENTATION_CONTEXT(2) 
PARAMETRIC_REPRESENTATION_CONTEXT() REPRESENTATION_CONTEXT('2D SPACE',''
  ) );
#1782 = PCURVE('',#1783,#1788);
#1783 = PLANE('',#1784);
#1784 = AXIS2_PLACEMENT_3D('',#1785,#1786,#1787);
#1785 = CARTESIAN_POINT('',(3.999999898451,11.64485503715,
    -21.57861429165));
#1786 = DIRECTION('',(1.,-5.132271425696E-07,0.));
#1787 = DIRECTION('',(0.,0.,1.));
#1788 = DEFINITIONAL_REPRESENTATION('',(#1789),#1793);
#1789 = LINE('',#1790,#1791);
#1790 = CARTESIAN_POINT('',(27.239114212118,5.820502921605));
#1791 = VECTOR('',#1792,1.);
#1792 = DIRECTION('',(-9.385653599766E-04,-0.999999559547));
#1793 = ( GEOMETRIC_REPRESENTATION_CONTEXT(2) 
PARAMETRIC_REPRESENTATION_CONTEXT() REPRESENTATION_CONTEXT('2D SPACE',''
  ) );
#1794 = ADVANCED_FACE('',(#1795),#1664,.T.);
#1795 = FACE_BOUND('',#1796,.T.);
#1796 = EDGE_LOOP('',(#1797,#1828,#1849,#1850,#1851));
#1797 = ORIENTED_EDGE('',*,*,#1798,.F.);
#1798 = EDGE_CURVE('',#1799,#1801,#1803,.T.);
#1799 = VERTEX_POINT('',#1800);
#1800 = CARTESIAN_POINT('',(1.575279787501E-02,-41.27445450413,
    3.317946885579));
#1801 = VERTEX_POINT('',#1802);
#1802 = CARTESIAN_POINT('',(1.575279787501E-02,41.226555625227,
    3.24051423805));
#1803 = SURFACE_CURVE('',#1804,(#1809,#1816),.PCURVE_S1.);
#1804 = CIRCLE('',#1805,41.250523233589);
#1805 = AXIS2_PLACEMENT_3D('',#1806,#1807,#1808);
#1806 = CARTESIAN_POINT('',(1.5752797875E-02,-2.394943945184E-02,
    3.279230561814));
#1807 = DIRECTION('',(5.46820323464E-04,-9.385655002981E-04,
    -0.999999410041));
#1808 = DIRECTION('',(0.,0.999999559547,-9.385656406196E-04));
#1809 = PCURVE('',#1664,#1810);
#1810 = DEFINITIONAL_REPRESENTATION('',(#1811),#1815);
#1811 = LINE('',#1812,#1813);
#1812 = CARTESIAN_POINT('',(-3.14159265359,0.152923072822));
#1813 = VECTOR('',#1814,1.);
#1814 = DIRECTION('',(1.,0.));
#1815 = ( GEOMETRIC_REPRESENTATION_CONTEXT(2) 
PARAMETRIC_REPRESENTATION_CONTEXT() REPRESENTATION_CONTEXT('2D SPACE',''
  ) );
#1816 = PCURVE('',#1817,#1822);
#1817 = CONICAL_SURFACE('',#1818,41.486010045249,1.33119459557);
#1818 = AXIS2_PLACEMENT_3D('',#1819,#1820,#1821);
#1819 = CARTESIAN_POINT('',(1.578425544325E-02,-2.400343340014E-02,
    3.221702433589));
#1820 = DIRECTION('',(5.46820323464E-04,-9.385655002981E-04,
    -0.999999410041));
#1821 = DIRECTION('',(0.,0.999999559547,-9.385656406196E-04));
#1822 = DEFINITIONAL_REPRESENTATION('',(#1823),#1827);
#1823 = LINE('',#1824,#1825);
#1824 = CARTESIAN_POINT('',(-6.28318530718,-5.752816216442E-02));
#1825 = VECTOR('',#1826,1.);
#1826 = DIRECTION('',(1.,-0.));
#1827 = ( GEOMETRIC_REPRESENTATION_CONTEXT(2) 
PARAMETRIC_REPRESENTATION_CONTEXT() REPRESENTATION_CONTEXT('2D SPACE',''
  ) );
#1828 = ORIENTED_EDGE('',*,*,#1829,.F.);
#1829 = EDGE_CURVE('',#1648,#1799,#1830,.T.);
#1830 = SEAM_CURVE('',#1831,(#1835,#1842),.PCURVE_S1.);
#1831 = LINE('',#1832,#1833);
#1832 = CARTESIAN_POINT('',(1.566917643087E-02,-41.27431097581,
    3.470869868183));
#1833 = VECTOR('',#1834,1.);
#1834 = DIRECTION('',(5.46820323464E-04,-9.385655002981E-04,
    -0.999999410041));
#1835 = PCURVE('',#1664,#1836);
#1836 = DEFINITIONAL_REPRESENTATION('',(#1837),#1841);
#1837 = LINE('',#1838,#1839);
#1838 = CARTESIAN_POINT('',(6.28318530718,-0.));
#1839 = VECTOR('',#1840,1.);
#1840 = DIRECTION('',(0.,1.));
#1841 = ( GEOMETRIC_REPRESENTATION_CONTEXT(2) 
PARAMETRIC_REPRESENTATION_CONTEXT() REPRESENTATION_CONTEXT('2D SPACE',''
  ) );
#1842 = PCURVE('',#1664,#1843);
#1843 = DEFINITIONAL_REPRESENTATION('',(#1844),#1848);
#1844 = LINE('',#1845,#1846);
#1845 = CARTESIAN_POINT('',(0.,-0.));
#1846 = VECTOR('',#1847,1.);
#1847 = DIRECTION('',(0.,1.));
#1848 = ( GEOMETRIC_REPRESENTATION_CONTEXT(2) 
PARAMETRIC_REPRESENTATION_CONTEXT() REPRESENTATION_CONTEXT('2D SPACE',''
  ) );
#1849 = ORIENTED_EDGE('',*,*,#1647,.T.);
#1850 = ORIENTED_EDGE('',*,*,#1829,.T.);
#1851 = ORIENTED_EDGE('',*,*,#1852,.F.);
#1852 = EDGE_CURVE('',#1801,#1799,#1853,.T.);
#1853 = SURFACE_CURVE('',#1854,(#1859,#1866),.PCURVE_S1.);
#1854 = CIRCLE('',#1855,41.250523233589);
#1855 = AXIS2_PLACEMENT_3D('',#1856,#1857,#1858);
#1856 = CARTESIAN_POINT('',(1.5752797875E-02,-2.394943945184E-02,
    3.279230561814));
#1857 = DIRECTION('',(5.46820323464E-04,-9.385655002981E-04,
    -0.999999410041));
#1858 = DIRECTION('',(0.,0.999999559547,-9.385656406196E-04));
#1859 = PCURVE('',#1664,#1860);
#1860 = DEFINITIONAL_REPRESENTATION('',(#1861),#1865);
#1861 = LINE('',#1862,#1863);
#1862 = CARTESIAN_POINT('',(3.14159265359,0.152923072822));
#1863 = VECTOR('',#1864,1.);
#1864 = DIRECTION('',(1.,0.));
#1865 = ( GEOMETRIC_REPRESENTATION_CONTEXT(2) 
PARAMETRIC_REPRESENTATION_CONTEXT() REPRESENTATION_CONTEXT('2D SPACE',''
  ) );
#1866 = PCURVE('',#1817,#1867);
#1867 = DEFINITIONAL_REPRESENTATION('',(#1868),#1872);
#1868 = LINE('',#1869,#1870);
#1869 = CARTESIAN_POINT('',(-6.28318530718,-5.752816216442E-02));
#1870 = VECTOR('',#1871,1.);
#1871 = DIRECTION('',(1.,-0.));
#1872 = ( GEOMETRIC_REPRESENTATION_CONTEXT(2) 
PARAMETRIC_REPRESENTATION_CONTEXT() REPRESENTATION_CONTEXT('2D SPACE',''
  ) );
#1873 = ADVANCED_FACE('',(#1874),#1704,.F.);
#1874 = FACE_BOUND('',#1875,.F.);
#1875 = EDGE_LOOP('',(#1876,#1877,#1904,#1931,#1958,#1985,#2012,#2039,
    #2066,#2098,#2121,#2148,#2149,#2176,#2203,#2230,#2257,#2284,#2311,
    #2338));
#1876 = ORIENTED_EDGE('',*,*,#1685,.F.);
#1877 = ORIENTED_EDGE('',*,*,#1878,.T.);
#1878 = EDGE_CURVE('',#1686,#1879,#1881,.T.);
#1879 = VERTEX_POINT('',#1880);
#1880 = CARTESIAN_POINT('',(-4.000000017496,11.808629792991,
    3.418852171107));
#1881 = SURFACE_CURVE('',#1882,(#1887,#1897),.PCURVE_S1.);
#1882 = ELLIPSE('',#1883,2.285079759773E+04,12.495291540968);
#1883 = AXIS2_PLACEMENT_3D('',#1884,#1885,#1886);
#1884 = CARTESIAN_POINT('',(-4.000002552793,6.868715789043,
    7.347104632109E+03));
#1885 = DIRECTION('',(-1.,5.132271425696E-07,-1.033975765691E-25));
#1886 = DIRECTION('',(4.816972178156E-10,9.385653599765E-04,
    0.999999559547));
#1887 = PCURVE('',#1704,#1888);
#1888 = DEFINITIONAL_REPRESENTATION('',(#1889),#1896);
#1889 = B_SPLINE_CURVE_WITH_KNOTS('',5,(#1890,#1891,#1892,#1893,#1894,
    #1895),.UNSPECIFIED.,.F.,.F.,(6,6),(1.897874483686,1.89798734073),
  .PIECEWISE_BEZIER_KNOTS.);
#1890 = CARTESIAN_POINT('',(0.327077643664,28.256032078619));
#1891 = CARTESIAN_POINT('',(0.327100215073,27.767601194119));
#1892 = CARTESIAN_POINT('',(0.327122786482,27.279174984915));
#1893 = CARTESIAN_POINT('',(0.327145357891,26.790753451513));
#1894 = CARTESIAN_POINT('',(0.3271679293,26.302336594455));
#1895 = CARTESIAN_POINT('',(0.327190500709,25.813924414241));
#1896 = ( GEOMETRIC_REPRESENTATION_CONTEXT(2) 
PARAMETRIC_REPRESENTATION_CONTEXT() REPRESENTATION_CONTEXT('2D SPACE',''
  ) );
#1897 = PCURVE('',#1731,#1898);
#1898 = DEFINITIONAL_REPRESENTATION('',(#1899),#1903);
#1899 = ELLIPSE('',#1900,2.285079759773E+04,12.495291540968);
#1900 = AXIS2_PLACEMENT_2D('',#1901,#1902);
#1901 = CARTESIAN_POINT('',(-7.3186818464E+03,4.776139248107));
#1902 = DIRECTION('',(-0.999999559547,-9.385653599766E-04));
#1903 = ( GEOMETRIC_REPRESENTATION_CONTEXT(2) 
PARAMETRIC_REPRESENTATION_CONTEXT() REPRESENTATION_CONTEXT('2D SPACE',''
  ) );
#1904 = ORIENTED_EDGE('',*,*,#1905,.T.);
#1905 = EDGE_CURVE('',#1879,#1906,#1908,.T.);
#1906 = VERTEX_POINT('',#1907);
#1907 = CARTESIAN_POINT('',(-4.000000017617,11.808393214735,
    3.208401034007));
#1908 = SURFACE_CURVE('',#1909,(#1914,#1924),.PCURVE_S1.);
#1909 = ELLIPSE('',#1910,2.285079759773E+04,12.495291540968);
#1910 = AXIS2_PLACEMENT_3D('',#1911,#1912,#1913);
#1911 = CARTESIAN_POINT('',(-4.000002552793,6.868715789043,
    7.347104632109E+03));
#1912 = DIRECTION('',(-1.,5.132271425696E-07,-1.033975765691E-25));
#1913 = DIRECTION('',(4.816972178156E-10,9.385653599765E-04,
    0.999999559547));
#1914 = PCURVE('',#1704,#1915);
#1915 = DEFINITIONAL_REPRESENTATION('',(#1916),#1923);
#1916 = B_SPLINE_CURVE_WITH_KNOTS('',5,(#1917,#1918,#1919,#1920,#1921,
    #1922),.UNSPECIFIED.,.F.,.F.,(6,6),(1.897977614928,1.898294892131),
  .PIECEWISE_BEZIER_KNOTS.);
#1917 = CARTESIAN_POINT('',(0.327180774907,26.024376849227));
#1918 = CARTESIAN_POINT('',(0.327244230347,24.651289668372));
#1919 = CARTESIAN_POINT('',(0.327307685788,23.278239450003));
#1920 = CARTESIAN_POINT('',(0.327371141228,21.905226205679));
#1921 = CARTESIAN_POINT('',(0.327434596668,20.532249946859));
#1922 = CARTESIAN_POINT('',(0.327498052109,19.159310685098));
#1923 = ( GEOMETRIC_REPRESENTATION_CONTEXT(2) 
PARAMETRIC_REPRESENTATION_CONTEXT() REPRESENTATION_CONTEXT('2D SPACE',''
  ) );
#1924 = PCURVE('',#1731,#1925);
#1925 = DEFINITIONAL_REPRESENTATION('',(#1926),#1930);
#1926 = ELLIPSE('',#1927,2.285079759773E+04,12.495291540968);
#1927 = AXIS2_PLACEMENT_2D('',#1928,#1929);
#1928 = CARTESIAN_POINT('',(-7.3186818464E+03,4.776139248107));
#1929 = DIRECTION('',(-0.999999559547,-9.385653599766E-04));
#1930 = ( GEOMETRIC_REPRESENTATION_CONTEXT(2) 
PARAMETRIC_REPRESENTATION_CONTEXT() REPRESENTATION_CONTEXT('2D SPACE',''
  ) );
#1931 = ORIENTED_EDGE('',*,*,#1932,.T.);
#1932 = EDGE_CURVE('',#1906,#1933,#1935,.T.);
#1933 = VERTEX_POINT('',#1934);
#1934 = CARTESIAN_POINT('',(-4.000000021344,11.801130583757,
    -3.251622692982));
#1935 = SURFACE_CURVE('',#1936,(#1941,#1951),.PCURVE_S1.);
#1936 = ELLIPSE('',#1937,2.285079759773E+04,12.495291540968);
#1937 = AXIS2_PLACEMENT_3D('',#1938,#1939,#1940);
#1938 = CARTESIAN_POINT('',(-4.000002552793,6.868715789043,
    7.347104632109E+03));
#1939 = DIRECTION('',(-1.,5.132271425696E-07,-1.033975765691E-25));
#1940 = DIRECTION('',(4.816972178156E-10,9.385653599765E-04,
    0.999999559547));
#1941 = PCURVE('',#1704,#1942);
#1942 = DEFINITIONAL_REPRESENTATION('',(#1943),#1950);
#1943 = B_SPLINE_CURVE_WITH_KNOTS('',5,(#1944,#1945,#1946,#1947,#1948,
    #1949),.UNSPECIFIED.,.F.,.F.,(6,6),(1.897977614928,1.898294892131),
  .PIECEWISE_BEZIER_KNOTS.);
#1944 = CARTESIAN_POINT('',(0.327180774907,26.024376849227));
#1945 = CARTESIAN_POINT('',(0.327244230347,24.651289668372));
#1946 = CARTESIAN_POINT('',(0.327307685788,23.278239450003));
#1947 = CARTESIAN_POINT('',(0.327371141228,21.905226205679));
#1948 = CARTESIAN_POINT('',(0.327434596668,20.532249946859));
#1949 = CARTESIAN_POINT('',(0.327498052109,19.159310685098));
#1950 = ( GEOMETRIC_REPRESENTATION_CONTEXT(2) 
PARAMETRIC_REPRESENTATION_CONTEXT() REPRESENTATION_CONTEXT('2D SPACE',''
  ) );
#1951 = PCURVE('',#1731,#1952);
#1952 = DEFINITIONAL_REPRESENTATION('',(#1953),#1957);
#1953 = ELLIPSE('',#1954,2.285079759773E+04,12.495291540968);
#1954 = AXIS2_PLACEMENT_2D('',#1955,#1956);
#1955 = CARTESIAN_POINT('',(-7.3186818464E+03,4.776139248107));
#1956 = DIRECTION('',(-0.999999559547,-9.385653599766E-04));
#1957 = ( GEOMETRIC_REPRESENTATION_CONTEXT(2) 
PARAMETRIC_REPRESENTATION_CONTEXT() REPRESENTATION_CONTEXT('2D SPACE',''
  ) );
#1958 = ORIENTED_EDGE('',*,*,#1959,.T.);
#1959 = EDGE_CURVE('',#1933,#1960,#1962,.T.);
#1960 = VERTEX_POINT('',#1961);
#1961 = CARTESIAN_POINT('',(-4.000000021457,11.800911802704,
    -3.44620959929));
#1962 = SURFACE_CURVE('',#1963,(#1968,#1978),.PCURVE_S1.);
#1963 = ELLIPSE('',#1964,2.285079759773E+04,12.495291540968);
#1964 = AXIS2_PLACEMENT_3D('',#1965,#1966,#1967);
#1965 = CARTESIAN_POINT('',(-4.000002552793,6.868715789043,
    7.347104632109E+03));
#1966 = DIRECTION('',(-1.,5.132271425696E-07,-1.033975765691E-25));
#1967 = DIRECTION('',(4.816972178156E-10,9.385653599765E-04,
    0.999999559547));
#1968 = PCURVE('',#1704,#1969);
#1969 = DEFINITIONAL_REPRESENTATION('',(#1970),#1977);
#1970 = B_SPLINE_CURVE_WITH_KNOTS('',5,(#1971,#1972,#1973,#1974,#1975,
    #1976),.UNSPECIFIED.,.F.,.F.,(6,6),(1.897977614928,1.898294892131),
  .PIECEWISE_BEZIER_KNOTS.);
#1971 = CARTESIAN_POINT('',(0.327180774907,26.024376849227));
#1972 = CARTESIAN_POINT('',(0.327244230347,24.651289668372));
#1973 = CARTESIAN_POINT('',(0.327307685788,23.278239450003));
#1974 = CARTESIAN_POINT('',(0.327371141228,21.905226205679));
#1975 = CARTESIAN_POINT('',(0.327434596668,20.532249946859));
#1976 = CARTESIAN_POINT('',(0.327498052109,19.159310685098));
#1977 = ( GEOMETRIC_REPRESENTATION_CONTEXT(2) 
PARAMETRIC_REPRESENTATION_CONTEXT() REPRESENTATION_CONTEXT('2D SPACE',''
  ) );
#1978 = PCURVE('',#1731,#1979);
#1979 = DEFINITIONAL_REPRESENTATION('',(#1980),#1984);
#1980 = ELLIPSE('',#1981,2.285079759773E+04,12.495291540968);
#1981 = AXIS2_PLACEMENT_2D('',#1982,#1983);
#1982 = CARTESIAN_POINT('',(-7.3186818464E+03,4.776139248107));
#1983 = DIRECTION('',(-0.999999559547,-9.385653599766E-04));
#1984 = ( GEOMETRIC_REPRESENTATION_CONTEXT(2) 
PARAMETRIC_REPRESENTATION_CONTEXT() REPRESENTATION_CONTEXT('2D SPACE',''
  ) );
#1985 = ORIENTED_EDGE('',*,*,#1986,.T.);
#1986 = EDGE_CURVE('',#1960,#1987,#1989,.T.);
#1987 = VERTEX_POINT('',#1988);
#1988 = CARTESIAN_POINT('',(-4.000000022606,11.798672399902,
    -5.437910962009));
#1989 = SURFACE_CURVE('',#1990,(#1995,#2005),.PCURVE_S1.);
#1990 = ELLIPSE('',#1991,2.285079759773E+04,12.495291540968);
#1991 = AXIS2_PLACEMENT_3D('',#1992,#1993,#1994);
#1992 = CARTESIAN_POINT('',(-4.000002552793,6.868715789043,
    7.347104632109E+03));
#1993 = DIRECTION('',(-1.,5.132271425696E-07,-1.033975765691E-25));
#1994 = DIRECTION('',(4.816972178156E-10,9.385653599765E-04,
    0.999999559547));
#1995 = PCURVE('',#1704,#1996);
#1996 = DEFINITIONAL_REPRESENTATION('',(#1997),#2004);
#1997 = B_SPLINE_CURVE_WITH_KNOTS('',5,(#1998,#1999,#2000,#2001,#2002,
    #2003),.UNSPECIFIED.,.F.,.F.,(6,6),(1.898285898535,1.898397421909),
  .PIECEWISE_BEZIER_KNOTS.);
#1998 = CARTESIAN_POINT('',(0.327489058513,19.353898881947));
#1999 = CARTESIAN_POINT('',(0.327511363188,18.871307363207));
#2000 = CARTESIAN_POINT('',(0.327533667863,18.388720415468));
#2001 = CARTESIAN_POINT('',(0.327555972538,17.906138039175));
#2002 = CARTESIAN_POINT('',(0.327578277212,17.42356023489));
#2003 = CARTESIAN_POINT('',(0.327600581887,16.940987003086));
#2004 = ( GEOMETRIC_REPRESENTATION_CONTEXT(2) 
PARAMETRIC_REPRESENTATION_CONTEXT() REPRESENTATION_CONTEXT('2D SPACE',''
  ) );
#2005 = PCURVE('',#1731,#2006);
#2006 = DEFINITIONAL_REPRESENTATION('',(#2007),#2011);
#2007 = ELLIPSE('',#2008,2.285079759773E+04,12.495291540968);
#2008 = AXIS2_PLACEMENT_2D('',#2009,#2010);
#2009 = CARTESIAN_POINT('',(-7.3186818464E+03,4.776139248107));
#2010 = DIRECTION('',(-0.999999559547,-9.385653599766E-04));
#2011 = ( GEOMETRIC_REPRESENTATION_CONTEXT(2) 
PARAMETRIC_REPRESENTATION_CONTEXT() REPRESENTATION_CONTEXT('2D SPACE',''
  ) );
#2012 = ORIENTED_EDGE('',*,*,#2013,.T.);
#2013 = EDGE_CURVE('',#1987,#2014,#2016,.T.);
#2014 = VERTEX_POINT('',#2015);
#2015 = CARTESIAN_POINT('',(-4.000000022737,11.798417587374,
    -5.664532249034));
#2016 = SURFACE_CURVE('',#2017,(#2022,#2032),.PCURVE_S1.);
#2017 = ELLIPSE('',#2018,2.285079759773E+04,12.495291540968);
#2018 = AXIS2_PLACEMENT_3D('',#2019,#2020,#2021);
#2019 = CARTESIAN_POINT('',(-4.000002552793,6.868715789043,
    7.347104632109E+03));
#2020 = DIRECTION('',(-1.,5.132271425696E-07,-1.033975765691E-25));
#2021 = DIRECTION('',(4.816972178156E-10,9.385653599765E-04,
    0.999999559547));
#2022 = PCURVE('',#1704,#2023);
#2023 = DEFINITIONAL_REPRESENTATION('',(#2024),#2031);
#2024 = B_SPLINE_CURVE_WITH_KNOTS('',5,(#2025,#2026,#2027,#2028,#2029,
    #2030),.UNSPECIFIED.,.F.,.F.,(6,6),(1.898386947366,1.899143425645),
  .PIECEWISE_BEZIER_KNOTS.);
#2025 = CARTESIAN_POINT('',(0.327590107344,17.167609595573));
#2026 = CARTESIAN_POINT('',(0.327741403,13.894237802954));
#2027 = CARTESIAN_POINT('',(0.327892698656,10.621076388155));
#2028 = CARTESIAN_POINT('',(0.328043994311,7.348125507269));
#2029 = CARTESIAN_POINT('',(0.328195289967,4.07538531639));
#2030 = CARTESIAN_POINT('',(0.328346585623,0.802855971571));
#2031 = ( GEOMETRIC_REPRESENTATION_CONTEXT(2) 
PARAMETRIC_REPRESENTATION_CONTEXT() REPRESENTATION_CONTEXT('2D SPACE',''
  ) );
#2032 = PCURVE('',#1731,#2033);
#2033 = DEFINITIONAL_REPRESENTATION('',(#2034),#2038);
#2034 = ELLIPSE('',#2035,2.285079759773E+04,12.495291540968);
#2035 = AXIS2_PLACEMENT_2D('',#2036,#2037);
#2036 = CARTESIAN_POINT('',(-7.3186818464E+03,4.776139248107));
#2037 = DIRECTION('',(-0.999999559547,-9.385653599766E-04));
#2038 = ( GEOMETRIC_REPRESENTATION_CONTEXT(2) 
PARAMETRIC_REPRESENTATION_CONTEXT() REPRESENTATION_CONTEXT('2D SPACE',''
  ) );
#2039 = ORIENTED_EDGE('',*,*,#2040,.T.);
#2040 = EDGE_CURVE('',#2014,#2041,#2043,.T.);
#2041 = VERTEX_POINT('',#2042);
#2042 = CARTESIAN_POINT('',(-4.000000031922,11.780520059873,
    -21.5787416222));
#2043 = SURFACE_CURVE('',#2044,(#2049,#2059),.PCURVE_S1.);
#2044 = ELLIPSE('',#2045,2.285079759773E+04,12.495291540968);
#2045 = AXIS2_PLACEMENT_3D('',#2046,#2047,#2048);
#2046 = CARTESIAN_POINT('',(-4.000002552793,6.868715789043,
    7.347104632109E+03));
#2047 = DIRECTION('',(-1.,5.132271425696E-07,-1.033975765691E-25));
#2048 = DIRECTION('',(4.816972178156E-10,9.385653599765E-04,
    0.999999559547));
#2049 = PCURVE('',#1704,#2050);
#2050 = DEFINITIONAL_REPRESENTATION('',(#2051),#2058);
#2051 = B_SPLINE_CURVE_WITH_KNOTS('',5,(#2052,#2053,#2054,#2055,#2056,
    #2057),.UNSPECIFIED.,.F.,.F.,(6,6),(1.898386947366,1.899143425645),
  .PIECEWISE_BEZIER_KNOTS.);
#2052 = CARTESIAN_POINT('',(0.327590107344,17.167609595573));
#2053 = CARTESIAN_POINT('',(0.327741403,13.894237802954));
#2054 = CARTESIAN_POINT('',(0.327892698656,10.621076388155));
#2055 = CARTESIAN_POINT('',(0.328043994311,7.348125507269));
#2056 = CARTESIAN_POINT('',(0.328195289967,4.07538531639));
#2057 = CARTESIAN_POINT('',(0.328346585623,0.802855971571));
#2058 = ( GEOMETRIC_REPRESENTATION_CONTEXT(2) 
PARAMETRIC_REPRESENTATION_CONTEXT() REPRESENTATION_CONTEXT('2D SPACE',''
  ) );
#2059 = PCURVE('',#1731,#2060);
#2060 = DEFINITIONAL_REPRESENTATION('',(#2061),#2065);
#2061 = ELLIPSE('',#2062,2.285079759773E+04,12.495291540968);
#2062 = AXIS2_PLACEMENT_2D('',#2063,#2064);
#2063 = CARTESIAN_POINT('',(-7.3186818464E+03,4.776139248107));
#2064 = DIRECTION('',(-0.999999559547,-9.385653599766E-04));
#2065 = ( GEOMETRIC_REPRESENTATION_CONTEXT(2) 
PARAMETRIC_REPRESENTATION_CONTEXT() REPRESENTATION_CONTEXT('2D SPACE',''
  ) );
#2066 = ORIENTED_EDGE('',*,*,#2067,.T.);
#2067 = EDGE_CURVE('',#2041,#2068,#2070,.T.);
#2068 = VERTEX_POINT('',#2069);
#2069 = CARTESIAN_POINT('',(2.933957993981E-02,12.44801616824,
    -21.5793681112));
#2070 = SURFACE_CURVE('',#2071,(#2076,#2086),.PCURVE_S1.);
#2071 = ELLIPSE('',#2072,12.495293409092,12.495291540968);
#2072 = AXIS2_PLACEMENT_3D('',#2073,#2074,#2075);
#2073 = CARTESIAN_POINT('',(2.933957994173E-02,-4.726986914456E-02,
    -21.5676404634));
#2074 = DIRECTION('',(1.033975765691E-25,-9.385653599767E-04,
    -0.999999559547));
#2075 = DIRECTION('',(-1.,5.132266905435E-07,-4.816970057243E-10));
#2076 = PCURVE('',#1704,#2077);
#2077 = DEFINITIONAL_REPRESENTATION('',(#2078),#2085);
#2078 = B_SPLINE_CURVE_WITH_KNOTS('',5,(#2079,#2080,#2081,#2082,#2083,
    #2084),.UNSPECIFIED.,.F.,.F.,(6,6),(1.173970053668,1.570795813568),
  .PIECEWISE_BEZIER_KNOTS.);
#2079 = CARTESIAN_POINT('',(0.3968257599,1.027208276988));
#2080 = CARTESIAN_POINT('',(0.31746060792,1.026708139369));
#2081 = CARTESIAN_POINT('',(0.23809545594,1.02618720962));
#2082 = CARTESIAN_POINT('',(0.15873030396,1.025652049606));
#2083 = CARTESIAN_POINT('',(7.936515198006E-02,1.025109772774));
#2084 = CARTESIAN_POINT('',(8.329810330344E-17,1.024567496057));
#2085 = ( GEOMETRIC_REPRESENTATION_CONTEXT(2) 
PARAMETRIC_REPRESENTATION_CONTEXT() REPRESENTATION_CONTEXT('2D SPACE',''
  ) );
#2086 = PCURVE('',#2087,#2092);
#2087 = PLANE('',#2088);
#2088 = AXIS2_PLACEMENT_3D('',#2089,#2090,#2091);
#2089 = CARTESIAN_POINT('',(-4.000000101549,11.64485503715,
    -21.57861429165));
#2090 = DIRECTION('',(0.,-9.385653599767E-04,-0.999999559547));
#2091 = DIRECTION('',(1.,0.,0.));
#2092 = DEFINITIONAL_REPRESENTATION('',(#2093),#2097);
#2093 = ELLIPSE('',#2094,12.495293409092,12.495291540968);
#2094 = AXIS2_PLACEMENT_2D('',#2095,#2096);
#2095 = CARTESIAN_POINT('',(4.029339681491,11.692130056123));
#2096 = DIRECTION('',(-1.,-5.132269165956E-07));
#2097 = ( GEOMETRIC_REPRESENTATION_CONTEXT(2) 
PARAMETRIC_REPRESENTATION_CONTEXT() REPRESENTATION_CONTEXT('2D SPACE',''
  ) );
#2098 = ORIENTED_EDGE('',*,*,#2099,.F.);
#2099 = EDGE_CURVE('',#2100,#2068,#2102,.T.);
#2100 = VERTEX_POINT('',#2101);
#2101 = CARTESIAN_POINT('',(2.946081597925E-02,12.447808078015,
    -21.80107890488));
#2102 = SEAM_CURVE('',#2103,(#2107,#2114),.PCURVE_S1.);
#2103 = LINE('',#2104,#2105);
#2104 = CARTESIAN_POINT('',(2.989983426942E-02,12.447054544535,
    -22.6039350028));
#2105 = VECTOR('',#2106,1.);
#2106 = DIRECTION('',(-5.46820323464E-04,9.385655002981E-04,
    0.999999410041));
#2107 = PCURVE('',#1704,#2108);
#2108 = DEFINITIONAL_REPRESENTATION('',(#2109),#2113);
#2109 = LINE('',#2110,#2111);
#2110 = CARTESIAN_POINT('',(0.,-0.));
#2111 = VECTOR('',#2112,1.);
#2112 = DIRECTION('',(0.,1.));
#2113 = ( GEOMETRIC_REPRESENTATION_CONTEXT(2) 
PARAMETRIC_REPRESENTATION_CONTEXT() REPRESENTATION_CONTEXT('2D SPACE',''
  ) );
#2114 = PCURVE('',#1704,#2115);
#2115 = DEFINITIONAL_REPRESENTATION('',(#2116),#2120);
#2116 = LINE('',#2117,#2118);
#2117 = CARTESIAN_POINT('',(6.28318530718,-0.));
#2118 = VECTOR('',#2119,1.);
#2119 = DIRECTION('',(0.,1.));
#2120 = ( GEOMETRIC_REPRESENTATION_CONTEXT(2) 
PARAMETRIC_REPRESENTATION_CONTEXT() REPRESENTATION_CONTEXT('2D SPACE',''
  ) );
#2121 = ORIENTED_EDGE('',*,*,#2122,.T.);
#2122 = EDGE_CURVE('',#2100,#2100,#2123,.T.);
#2123 = SURFACE_CURVE('',#2124,(#2129,#2136),.PCURVE_S1.);
#2124 = CIRCLE('',#2125,12.495291540968);
#2125 = AXIS2_PLACEMENT_3D('',#2126,#2127,#2128);
#2126 = CARTESIAN_POINT('',(2.946081597925E-02,-4.747795936603E-02,
    -21.78935125357));
#2127 = DIRECTION('',(-5.46820323464E-04,9.385655002981E-04,
    0.999999410041));
#2128 = DIRECTION('',(0.,0.999999559547,-9.385656406196E-04));
#2129 = PCURVE('',#1704,#2130);
#2130 = DEFINITIONAL_REPRESENTATION('',(#2131),#2135);
#2131 = LINE('',#2132,#2133);
#2132 = CARTESIAN_POINT('',(0.,0.802856571575));
#2133 = VECTOR('',#2134,1.);
#2134 = DIRECTION('',(1.,0.));
#2135 = ( GEOMETRIC_REPRESENTATION_CONTEXT(2) 
PARAMETRIC_REPRESENTATION_CONTEXT() REPRESENTATION_CONTEXT('2D SPACE',''
  ) );
#2136 = PCURVE('',#2137,#2142);
#2137 = PLANE('',#2138);
#2138 = AXIS2_PLACEMENT_3D('',#2139,#2140,#2141);
#2139 = CARTESIAN_POINT('',(2.946081597925E-02,-4.747795936603E-02,
    -21.78935125357));
#2140 = DIRECTION('',(-5.46820323464E-04,9.385655002981E-04,
    0.999999410041));
#2141 = DIRECTION('',(0.,0.999999559547,-9.385656406196E-04));
#2142 = DEFINITIONAL_REPRESENTATION('',(#2143),#2147);
#2143 = CIRCLE('',#2144,12.495291540968);
#2144 = AXIS2_PLACEMENT_2D('',#2145,#2146);
#2145 = CARTESIAN_POINT('',(0.,0.));
#2146 = DIRECTION('',(1.,0.));
#2147 = ( GEOMETRIC_REPRESENTATION_CONTEXT(2) 
PARAMETRIC_REPRESENTATION_CONTEXT() REPRESENTATION_CONTEXT('2D SPACE',''
  ) );
#2148 = ORIENTED_EDGE('',*,*,#2099,.T.);
#2149 = ORIENTED_EDGE('',*,*,#2150,.T.);
#2150 = EDGE_CURVE('',#2068,#2151,#2153,.T.);
#2151 = VERTEX_POINT('',#2152);
#2152 = CARTESIAN_POINT('',(3.999999978254,11.800347940359,
    -21.57876023197));
#2153 = SURFACE_CURVE('',#2154,(#2159,#2169),.PCURVE_S1.);
#2154 = ELLIPSE('',#2155,12.495293409092,12.495291540968);
#2155 = AXIS2_PLACEMENT_3D('',#2156,#2157,#2158);
#2156 = CARTESIAN_POINT('',(2.933957994173E-02,-4.726986914456E-02,
    -21.5676404634));
#2157 = DIRECTION('',(1.033975765691E-25,-9.385653599767E-04,
    -0.999999559547));
#2158 = DIRECTION('',(-1.,5.132266905435E-07,-4.816970057243E-10));
#2159 = PCURVE('',#1704,#2160);
#2160 = DEFINITIONAL_REPRESENTATION('',(#2161),#2168);
#2161 = B_SPLINE_CURVE_WITH_KNOTS('',5,(#2162,#2163,#2164,#2165,#2166,
    #2167),.UNSPECIFIED.,.F.,.F.,(6,6),(1.570795813568,1.962535369416),
  .PIECEWISE_BEZIER_KNOTS.);
#2162 = CARTESIAN_POINT('',(6.28318530718,1.024567496057));
#2163 = CARTESIAN_POINT('',(6.20483739601,1.024032169821));
#2164 = CARTESIAN_POINT('',(6.12648948484,1.023496843429));
#2165 = CARTESIAN_POINT('',(6.048141573671,1.022968363604));
#2166 = CARTESIAN_POINT('',(5.969793662501,1.022453573889));
#2167 = CARTESIAN_POINT('',(5.891445751332,1.02195880049));
#2168 = ( GEOMETRIC_REPRESENTATION_CONTEXT(2) 
PARAMETRIC_REPRESENTATION_CONTEXT() REPRESENTATION_CONTEXT('2D SPACE',''
  ) );
#2169 = PCURVE('',#2087,#2170);
#2170 = DEFINITIONAL_REPRESENTATION('',(#2171),#2175);
#2171 = ELLIPSE('',#2172,12.495293409092,12.495291540968);
#2172 = AXIS2_PLACEMENT_2D('',#2173,#2174);
#2173 = CARTESIAN_POINT('',(4.029339681491,11.692130056123));
#2174 = DIRECTION('',(-1.,-5.132269165956E-07));
#2175 = ( GEOMETRIC_REPRESENTATION_CONTEXT(2) 
PARAMETRIC_REPRESENTATION_CONTEXT() REPRESENTATION_CONTEXT('2D SPACE',''
  ) );
#2176 = ORIENTED_EDGE('',*,*,#2177,.T.);
#2177 = EDGE_CURVE('',#2151,#2178,#2180,.T.);
#2178 = VERTEX_POINT('',#2179);
#2179 = CARTESIAN_POINT('',(3.999999984423,11.812367728916,
    -5.660170776991));
#2180 = SURFACE_CURVE('',#2181,(#2186,#2196),.PCURVE_S1.);
#2181 = ELLIPSE('',#2182,2.285079759773E+04,12.495291540968);
#2182 = AXIS2_PLACEMENT_3D('',#2183,#2184,#2185);
#2183 = CARTESIAN_POINT('',(3.999990399965,-6.862517425775,
    -7.28290798778E+03));
#2184 = DIRECTION('',(1.,-5.132271425696E-07,1.033975765691E-25));
#2185 = DIRECTION('',(4.816972178156E-10,9.385653599765E-04,
    0.999999559547));
#2186 = PCURVE('',#1704,#2187);
#2187 = DEFINITIONAL_REPRESENTATION('',(#2188),#2195);
#2188 = B_SPLINE_CURVE_WITH_KNOTS('',5,(#2189,#2190,#2191,#2192,#2193,
    #2194),.UNSPECIFIED.,.F.,.F.,(6,6),(5.035757605124,5.036513004822),
  .PIECEWISE_BEZIER_KNOTS.);
#2189 = CARTESIAN_POINT('',(5.959816169213,0.802855971576));
#2190 = CARTESIAN_POINT('',(5.959665089274,4.076221348185));
#2191 = CARTESIAN_POINT('',(5.959514009334,7.349379554563));
#2192 = CARTESIAN_POINT('',(5.959362929394,10.622330434945));
#2193 = CARTESIAN_POINT('',(5.959211849455,13.895073833857));
#2194 = CARTESIAN_POINT('',(5.959060769515,17.167609595574));
#2195 = ( GEOMETRIC_REPRESENTATION_CONTEXT(2) 
PARAMETRIC_REPRESENTATION_CONTEXT() REPRESENTATION_CONTEXT('2D SPACE',''
  ) );
#2196 = PCURVE('',#1783,#2197);
#2197 = DEFINITIONAL_REPRESENTATION('',(#2198),#2202);
#2198 = ELLIPSE('',#2199,2.285079759773E+04,12.495291540968);
#2199 = AXIS2_PLACEMENT_2D('',#2200,#2201);
#2200 = CARTESIAN_POINT('',(-7.261329373488E+03,18.507372462927));
#2201 = DIRECTION('',(0.999999559547,-9.385653599766E-04));
#2202 = ( GEOMETRIC_REPRESENTATION_CONTEXT(2) 
PARAMETRIC_REPRESENTATION_CONTEXT() REPRESENTATION_CONTEXT('2D SPACE',''
  ) );
#2203 = ORIENTED_EDGE('',*,*,#2204,.T.);
#2204 = EDGE_CURVE('',#2178,#2205,#2207,.T.);
#2205 = VERTEX_POINT('',#2206);
#2206 = CARTESIAN_POINT('',(3.999999984511,11.81253879451,
    -5.433549411364));
#2207 = SURFACE_CURVE('',#2208,(#2213,#2223),.PCURVE_S1.);
#2208 = ELLIPSE('',#2209,2.285079759773E+04,12.495291540968);
#2209 = AXIS2_PLACEMENT_3D('',#2210,#2211,#2212);
#2210 = CARTESIAN_POINT('',(3.999990399965,-6.862517425775,
    -7.28290798778E+03));
#2211 = DIRECTION('',(1.,-5.132271425696E-07,1.033975765691E-25));
#2212 = DIRECTION('',(4.816972178156E-10,9.385653599765E-04,
    0.999999559547));
#2213 = PCURVE('',#1704,#2214);
#2214 = DEFINITIONAL_REPRESENTATION('',(#2215),#2222);
#2215 = B_SPLINE_CURVE_WITH_KNOTS('',5,(#2216,#2217,#2218,#2219,#2220,
    #2221),.UNSPECIFIED.,.F.,.F.,(6,6),(5.035757605124,5.036513004822),
  .PIECEWISE_BEZIER_KNOTS.);
#2216 = CARTESIAN_POINT('',(5.959816169213,0.802855971576));
#2217 = CARTESIAN_POINT('',(5.959665089274,4.076221348185));
#2218 = CARTESIAN_POINT('',(5.959514009334,7.349379554563));
#2219 = CARTESIAN_POINT('',(5.959362929394,10.622330434945));
#2220 = CARTESIAN_POINT('',(5.959211849455,13.895073833857));
#2221 = CARTESIAN_POINT('',(5.959060769515,17.167609595574));
#2222 = ( GEOMETRIC_REPRESENTATION_CONTEXT(2) 
PARAMETRIC_REPRESENTATION_CONTEXT() REPRESENTATION_CONTEXT('2D SPACE',''
  ) );
#2223 = PCURVE('',#1783,#2224);
#2224 = DEFINITIONAL_REPRESENTATION('',(#2225),#2229);
#2225 = ELLIPSE('',#2226,2.285079759773E+04,12.495291540968);
#2226 = AXIS2_PLACEMENT_2D('',#2227,#2228);
#2227 = CARTESIAN_POINT('',(-7.261329373488E+03,18.507372462927));
#2228 = DIRECTION('',(0.999999559547,-9.385653599766E-04));
#2229 = ( GEOMETRIC_REPRESENTATION_CONTEXT(2) 
PARAMETRIC_REPRESENTATION_CONTEXT() REPRESENTATION_CONTEXT('2D SPACE',''
  ) );
#2230 = ORIENTED_EDGE('',*,*,#2231,.T.);
#2231 = EDGE_CURVE('',#2205,#2232,#2234,.T.);
#2232 = VERTEX_POINT('',#2233);
#2233 = CARTESIAN_POINT('',(3.999999985282,11.814042172744,
    -3.441847357837));
#2234 = SURFACE_CURVE('',#2235,(#2240,#2250),.PCURVE_S1.);
#2235 = ELLIPSE('',#2236,2.285079759773E+04,12.495291540968);
#2236 = AXIS2_PLACEMENT_3D('',#2237,#2238,#2239);
#2237 = CARTESIAN_POINT('',(3.999990399965,-6.862517425775,
    -7.28290798778E+03));
#2238 = DIRECTION('',(1.,-5.132271425696E-07,1.033975765691E-25));
#2239 = DIRECTION('',(4.816972178156E-10,9.385653599765E-04,
    0.999999559547));
#2240 = PCURVE('',#1704,#2241);
#2241 = DEFINITIONAL_REPRESENTATION('',(#2242),#2249);
#2242 = B_SPLINE_CURVE_WITH_KNOTS('',5,(#2243,#2244,#2245,#2246,#2247,
    #2248),.UNSPECIFIED.,.F.,.F.,(6,6),(5.036502542578,5.036613938801),
  .PIECEWISE_BEZIER_KNOTS.);
#2243 = CARTESIAN_POINT('',(5.959071231759,16.940987003104));
#2244 = CARTESIAN_POINT('',(5.959048952515,17.42357841031));
#2245 = CARTESIAN_POINT('',(5.95902667327,17.906165302271));
#2246 = CARTESIAN_POINT('',(5.959004394026,18.38874767859));
#2247 = CARTESIAN_POINT('',(5.958982114781,18.871325538613));
#2248 = CARTESIAN_POINT('',(5.958959835536,19.353898881946));
#2249 = ( GEOMETRIC_REPRESENTATION_CONTEXT(2) 
PARAMETRIC_REPRESENTATION_CONTEXT() REPRESENTATION_CONTEXT('2D SPACE',''
  ) );
#2250 = PCURVE('',#1783,#2251);
#2251 = DEFINITIONAL_REPRESENTATION('',(#2252),#2256);
#2252 = ELLIPSE('',#2253,2.285079759773E+04,12.495291540968);
#2253 = AXIS2_PLACEMENT_2D('',#2254,#2255);
#2254 = CARTESIAN_POINT('',(-7.261329373488E+03,18.507372462927));
#2255 = DIRECTION('',(0.999999559547,-9.385653599766E-04));
#2256 = ( GEOMETRIC_REPRESENTATION_CONTEXT(2) 
PARAMETRIC_REPRESENTATION_CONTEXT() REPRESENTATION_CONTEXT('2D SPACE',''
  ) );
#2257 = ORIENTED_EDGE('',*,*,#2258,.T.);
#2258 = EDGE_CURVE('',#2232,#2259,#2261,.T.);
#2259 = VERTEX_POINT('',#2260);
#2260 = CARTESIAN_POINT('',(3.999999985358,11.814189045073,
    -3.247260384038));
#2261 = SURFACE_CURVE('',#2262,(#2267,#2277),.PCURVE_S1.);
#2262 = ELLIPSE('',#2263,2.285079759773E+04,12.495291540968);
#2263 = AXIS2_PLACEMENT_3D('',#2264,#2265,#2266);
#2264 = CARTESIAN_POINT('',(3.999990399965,-6.862517425775,
    -7.28290798778E+03));
#2265 = DIRECTION('',(1.,-5.132271425696E-07,1.033975765691E-25));
#2266 = DIRECTION('',(4.816972178156E-10,9.385653599765E-04,
    0.999999559547));
#2267 = PCURVE('',#1704,#2268);
#2268 = DEFINITIONAL_REPRESENTATION('',(#2269),#2276);
#2269 = B_SPLINE_CURVE_WITH_KNOTS('',5,(#2270,#2271,#2272,#2273,#2274,
    #2275),.UNSPECIFIED.,.F.,.F.,(6,6),(5.036604955148,5.036921914584),
  .PIECEWISE_BEZIER_KNOTS.);
#2270 = CARTESIAN_POINT('',(5.958968819189,19.159310685102));
#2271 = CARTESIAN_POINT('',(5.958905427302,20.532397072958));
#2272 = CARTESIAN_POINT('',(5.958842035415,21.905446894744));
#2273 = CARTESIAN_POINT('',(5.958778643528,23.278460139117));
#2274 = CARTESIAN_POINT('',(5.95871525164,24.651436794423));
#2275 = CARTESIAN_POINT('',(5.958651859753,26.024376849228));
#2276 = ( GEOMETRIC_REPRESENTATION_CONTEXT(2) 
PARAMETRIC_REPRESENTATION_CONTEXT() REPRESENTATION_CONTEXT('2D SPACE',''
  ) );
#2277 = PCURVE('',#1783,#2278);
#2278 = DEFINITIONAL_REPRESENTATION('',(#2279),#2283);
#2279 = ELLIPSE('',#2280,2.285079759773E+04,12.495291540968);
#2280 = AXIS2_PLACEMENT_2D('',#2281,#2282);
#2281 = CARTESIAN_POINT('',(-7.261329373488E+03,18.507372462927));
#2282 = DIRECTION('',(0.999999559547,-9.385653599766E-04));
#2283 = ( GEOMETRIC_REPRESENTATION_CONTEXT(2) 
PARAMETRIC_REPRESENTATION_CONTEXT() REPRESENTATION_CONTEXT('2D SPACE',''
  ) );
#2284 = ORIENTED_EDGE('',*,*,#2285,.T.);
#2285 = EDGE_CURVE('',#2259,#2286,#2288,.T.);
#2286 = VERTEX_POINT('',#2287);
#2287 = CARTESIAN_POINT('',(3.99999998786,11.819064404962,3.212765583561
    ));
#2288 = SURFACE_CURVE('',#2289,(#2294,#2304),.PCURVE_S1.);
#2289 = ELLIPSE('',#2290,2.285079759773E+04,12.495291540968);
#2290 = AXIS2_PLACEMENT_3D('',#2291,#2292,#2293);
#2291 = CARTESIAN_POINT('',(3.999990399965,-6.862517425775,
    -7.28290798778E+03));
#2292 = DIRECTION('',(1.,-5.132271425696E-07,1.033975765691E-25));
#2293 = DIRECTION('',(4.816972178156E-10,9.385653599765E-04,
    0.999999559547));
#2294 = PCURVE('',#1704,#2295);
#2295 = DEFINITIONAL_REPRESENTATION('',(#2296),#2303);
#2296 = B_SPLINE_CURVE_WITH_KNOTS('',5,(#2297,#2298,#2299,#2300,#2301,
    #2302),.UNSPECIFIED.,.F.,.F.,(6,6),(5.036604955148,5.036921914584),
  .PIECEWISE_BEZIER_KNOTS.);
#2297 = CARTESIAN_POINT('',(5.958968819189,19.159310685102));
#2298 = CARTESIAN_POINT('',(5.958905427302,20.532397072958));
#2299 = CARTESIAN_POINT('',(5.958842035415,21.905446894744));
#2300 = CARTESIAN_POINT('',(5.958778643528,23.278460139117));
#2301 = CARTESIAN_POINT('',(5.95871525164,24.651436794423));
#2302 = CARTESIAN_POINT('',(5.958651859753,26.024376849228));
#2303 = ( GEOMETRIC_REPRESENTATION_CONTEXT(2) 
PARAMETRIC_REPRESENTATION_CONTEXT() REPRESENTATION_CONTEXT('2D SPACE',''
  ) );
#2304 = PCURVE('',#1783,#2305);
#2305 = DEFINITIONAL_REPRESENTATION('',(#2306),#2310);
#2306 = ELLIPSE('',#2307,2.285079759773E+04,12.495291540968);
#2307 = AXIS2_PLACEMENT_2D('',#2308,#2309);
#2308 = CARTESIAN_POINT('',(-7.261329373488E+03,18.507372462927));
#2309 = DIRECTION('',(0.999999559547,-9.385653599766E-04));
#2310 = ( GEOMETRIC_REPRESENTATION_CONTEXT(2) 
PARAMETRIC_REPRESENTATION_CONTEXT() REPRESENTATION_CONTEXT('2D SPACE',''
  ) );
#2311 = ORIENTED_EDGE('',*,*,#2312,.T.);
#2312 = EDGE_CURVE('',#2286,#2313,#2315,.T.);
#2313 = VERTEX_POINT('',#2314);
#2314 = CARTESIAN_POINT('',(3.999999987941,11.819223212058,
    3.423216793655));
#2315 = SURFACE_CURVE('',#2316,(#2321,#2331),.PCURVE_S1.);
#2316 = ELLIPSE('',#2317,2.285079759773E+04,12.495291540968);
#2317 = AXIS2_PLACEMENT_3D('',#2318,#2319,#2320);
#2318 = CARTESIAN_POINT('',(3.999990399965,-6.862517425775,
    -7.28290798778E+03));
#2319 = DIRECTION('',(1.,-5.132271425696E-07,1.033975765691E-25));
#2320 = DIRECTION('',(4.816972178156E-10,9.385653599765E-04,
    0.999999559547));
#2321 = PCURVE('',#1704,#2322);
#2322 = DEFINITIONAL_REPRESENTATION('',(#2323),#2330);
#2323 = B_SPLINE_CURVE_WITH_KNOTS('',5,(#2324,#2325,#2326,#2327,#2328,
    #2329),.UNSPECIFIED.,.F.,.F.,(6,6),(5.036604955148,5.036921914584),
  .PIECEWISE_BEZIER_KNOTS.);
#2324 = CARTESIAN_POINT('',(5.958968819189,19.159310685102));
#2325 = CARTESIAN_POINT('',(5.958905427302,20.532397072958));
#2326 = CARTESIAN_POINT('',(5.958842035415,21.905446894744));
#2327 = CARTESIAN_POINT('',(5.958778643528,23.278460139117));
#2328 = CARTESIAN_POINT('',(5.95871525164,24.651436794423));
#2329 = CARTESIAN_POINT('',(5.958651859753,26.024376849228));
#2330 = ( GEOMETRIC_REPRESENTATION_CONTEXT(2) 
PARAMETRIC_REPRESENTATION_CONTEXT() REPRESENTATION_CONTEXT('2D SPACE',''
  ) );
#2331 = PCURVE('',#1783,#2332);
#2332 = DEFINITIONAL_REPRESENTATION('',(#2333),#2337);
#2333 = ELLIPSE('',#2334,2.285079759773E+04,12.495291540968);
#2334 = AXIS2_PLACEMENT_2D('',#2335,#2336);
#2335 = CARTESIAN_POINT('',(-7.261329373488E+03,18.507372462927));
#2336 = DIRECTION('',(0.999999559547,-9.385653599766E-04));
#2337 = ( GEOMETRIC_REPRESENTATION_CONTEXT(2) 
PARAMETRIC_REPRESENTATION_CONTEXT() REPRESENTATION_CONTEXT('2D SPACE',''
  ) );
#2338 = ORIENTED_EDGE('',*,*,#2339,.T.);
#2339 = EDGE_CURVE('',#2313,#1688,#2340,.T.);
#2340 = SURFACE_CURVE('',#2341,(#2346,#2356),.PCURVE_S1.);
#2341 = ELLIPSE('',#2342,2.285079759773E+04,12.495291540968);
#2342 = AXIS2_PLACEMENT_3D('',#2343,#2344,#2345);
#2343 = CARTESIAN_POINT('',(3.999990399965,-6.862517425775,
    -7.28290798778E+03));
#2344 = DIRECTION('',(1.,-5.132271425696E-07,1.033975765691E-25));
#2345 = DIRECTION('',(4.816972178156E-10,9.385653599765E-04,
    0.999999559547));
#2346 = PCURVE('',#1704,#2347);
#2347 = DEFINITIONAL_REPRESENTATION('',(#2348),#2355);
#2348 = B_SPLINE_CURVE_WITH_KNOTS('',5,(#2349,#2350,#2351,#2352,#2353,
    #2354),.UNSPECIFIED.,.F.,.F.,(6,6),(5.036912197514,5.037024957167),
  .PIECEWISE_BEZIER_KNOTS.);
#2349 = CARTESIAN_POINT('',(5.958661576823,25.813924414236));
#2350 = CARTESIAN_POINT('',(5.958639024893,26.302355212277));
#2351 = CARTESIAN_POINT('',(5.958616472962,26.790781378278));
#2352 = CARTESIAN_POINT('',(5.958593921031,27.279202911627));
#2353 = CARTESIAN_POINT('',(5.958571369101,27.767619811941));
#2354 = CARTESIAN_POINT('',(5.95854881717,28.256032078618));
#2355 = ( GEOMETRIC_REPRESENTATION_CONTEXT(2) 
PARAMETRIC_REPRESENTATION_CONTEXT() REPRESENTATION_CONTEXT('2D SPACE',''
  ) );
#2356 = PCURVE('',#1783,#2357);
#2357 = DEFINITIONAL_REPRESENTATION('',(#2358),#2362);
#2358 = ELLIPSE('',#2359,2.285079759773E+04,12.495291540968);
#2359 = AXIS2_PLACEMENT_2D('',#2360,#2361);
#2360 = CARTESIAN_POINT('',(-7.261329373488E+03,18.507372462927));
#2361 = DIRECTION('',(0.999999559547,-9.385653599766E-04));
#2362 = ( GEOMETRIC_REPRESENTATION_CONTEXT(2) 
PARAMETRIC_REPRESENTATION_CONTEXT() REPRESENTATION_CONTEXT('2D SPACE',''
  ) );
#2363 = ADVANCED_FACE('',(#2364),#1783,.F.);
#2364 = FACE_BOUND('',#2365,.F.);
#2365 = EDGE_LOOP('',(#2366,#2367,#2368,#2369,#2370,#2371,#2372,#2373,
    #2396,#2417));
#2366 = ORIENTED_EDGE('',*,*,#2339,.F.);
#2367 = ORIENTED_EDGE('',*,*,#2312,.F.);
#2368 = ORIENTED_EDGE('',*,*,#2285,.F.);
#2369 = ORIENTED_EDGE('',*,*,#2258,.F.);
#2370 = ORIENTED_EDGE('',*,*,#2231,.F.);
#2371 = ORIENTED_EDGE('',*,*,#2204,.F.);
#2372 = ORIENTED_EDGE('',*,*,#2177,.F.);
#2373 = ORIENTED_EDGE('',*,*,#2374,.T.);
#2374 = EDGE_CURVE('',#2151,#2375,#2377,.T.);
#2375 = VERTEX_POINT('',#2376);
#2376 = CARTESIAN_POINT('',(4.000002030983,15.799998257005,
    -21.58251416686));
#2377 = SURFACE_CURVE('',#2378,(#2382,#2389),.PCURVE_S1.);
#2378 = LINE('',#2379,#2380);
#2379 = CARTESIAN_POINT('',(3.999999898451,11.64485503715,
    -21.57861429165));
#2380 = VECTOR('',#2381,1.);
#2381 = DIRECTION('',(5.132269165174E-07,0.999999559547,
    -9.385653599766E-04));
#2382 = PCURVE('',#1783,#2383);
#2383 = DEFINITIONAL_REPRESENTATION('',(#2384),#2388);
#2384 = LINE('',#2385,#2386);
#2385 = CARTESIAN_POINT('',(0.,0.));
#2386 = VECTOR('',#2387,1.);
#2387 = DIRECTION('',(-9.385653599766E-04,-0.999999559547));
#2388 = ( GEOMETRIC_REPRESENTATION_CONTEXT(2) 
PARAMETRIC_REPRESENTATION_CONTEXT() REPRESENTATION_CONTEXT('2D SPACE',''
  ) );
#2389 = PCURVE('',#2087,#2390);
#2390 = DEFINITIONAL_REPRESENTATION('',(#2391),#2395);
#2391 = LINE('',#2392,#2393);
#2392 = CARTESIAN_POINT('',(8.,0.));
#2393 = VECTOR('',#2394,1.);
#2394 = DIRECTION('',(5.132269165174E-07,-1.));
#2395 = ( GEOMETRIC_REPRESENTATION_CONTEXT(2) 
PARAMETRIC_REPRESENTATION_CONTEXT() REPRESENTATION_CONTEXT('2D SPACE',''
  ) );
#2396 = ORIENTED_EDGE('',*,*,#2397,.F.);
#2397 = EDGE_CURVE('',#1744,#2375,#2398,.T.);
#2398 = SURFACE_CURVE('',#2399,(#2403,#2410),.PCURVE_S1.);
#2399 = LINE('',#2400,#2401);
#2400 = CARTESIAN_POINT('',(4.000002030983,15.799998257005,
    5.651137120427));
#2401 = VECTOR('',#2402,1.);
#2402 = DIRECTION('',(0.,0.,-1.));
#2403 = PCURVE('',#1783,#2404);
#2404 = DEFINITIONAL_REPRESENTATION('',(#2405),#2409);
#2405 = LINE('',#2406,#2407);
#2406 = CARTESIAN_POINT('',(27.229751412083,-4.155143219856));
#2407 = VECTOR('',#2408,1.);
#2408 = DIRECTION('',(-1.,-0.));
#2409 = ( GEOMETRIC_REPRESENTATION_CONTEXT(2) 
PARAMETRIC_REPRESENTATION_CONTEXT() REPRESENTATION_CONTEXT('2D SPACE',''
  ) );
#2410 = PCURVE('',#1758,#2411);
#2411 = DEFINITIONAL_REPRESENTATION('',(#2412),#2416);
#2412 = LINE('',#2413,#2414);
#2413 = CARTESIAN_POINT('',(-2.232951287292,4.));
#2414 = VECTOR('',#2415,1.);
#2415 = DIRECTION('',(1.,0.));
#2416 = ( GEOMETRIC_REPRESENTATION_CONTEXT(2) 
PARAMETRIC_REPRESENTATION_CONTEXT() REPRESENTATION_CONTEXT('2D SPACE',''
  ) );
#2417 = ORIENTED_EDGE('',*,*,#1770,.F.);
#2418 = ADVANCED_FACE('',(#2419),#1758,.T.);
#2419 = FACE_BOUND('',#2420,.T.);
#2420 = EDGE_LOOP('',(#2421,#2444,#2465,#2466));
#2421 = ORIENTED_EDGE('',*,*,#2422,.T.);
#2422 = EDGE_CURVE('',#1717,#2423,#2425,.T.);
#2423 = VERTEX_POINT('',#2424);
#2424 = CARTESIAN_POINT('',(-3.999997969017,15.799998257005,
    -21.58251416686));
#2425 = SURFACE_CURVE('',#2426,(#2430,#2437),.PCURVE_S1.);
#2426 = LINE('',#2427,#2428);
#2427 = CARTESIAN_POINT('',(-3.999997969017,15.799998257005,
    5.646762555258));
#2428 = VECTOR('',#2429,1.);
#2429 = DIRECTION('',(0.,0.,-1.));
#2430 = PCURVE('',#1758,#2431);
#2431 = DEFINITIONAL_REPRESENTATION('',(#2432),#2436);
#2432 = LINE('',#2433,#2434);
#2433 = CARTESIAN_POINT('',(-2.228576722124,-4.));
#2434 = VECTOR('',#2435,1.);
#2435 = DIRECTION('',(1.,0.));
#2436 = ( GEOMETRIC_REPRESENTATION_CONTEXT(2) 
PARAMETRIC_REPRESENTATION_CONTEXT() REPRESENTATION_CONTEXT('2D SPACE',''
  ) );
#2437 = PCURVE('',#1731,#2438);
#2438 = DEFINITIONAL_REPRESENTATION('',(#2439),#2443);
#2439 = LINE('',#2440,#2441);
#2440 = CARTESIAN_POINT('',(22.776023153086,-4.155143219856));
#2441 = VECTOR('',#2442,1.);
#2442 = DIRECTION('',(1.,0.));
#2443 = ( GEOMETRIC_REPRESENTATION_CONTEXT(2) 
PARAMETRIC_REPRESENTATION_CONTEXT() REPRESENTATION_CONTEXT('2D SPACE',''
  ) );
#2444 = ORIENTED_EDGE('',*,*,#2445,.T.);
#2445 = EDGE_CURVE('',#2423,#2375,#2446,.T.);
#2446 = SURFACE_CURVE('',#2447,(#2451,#2458),.PCURVE_S1.);
#2447 = LINE('',#2448,#2449);
#2448 = CARTESIAN_POINT('',(-3.999997969017,15.799998257005,
    -21.58251416686));
#2449 = VECTOR('',#2450,1.);
#2450 = DIRECTION('',(1.,0.,0.));
#2451 = PCURVE('',#1758,#2452);
#2452 = DEFINITIONAL_REPRESENTATION('',(#2453),#2457);
#2453 = LINE('',#2454,#2455);
#2454 = CARTESIAN_POINT('',(25.0007,-4.));
#2455 = VECTOR('',#2456,1.);
#2456 = DIRECTION('',(0.,1.));
#2457 = ( GEOMETRIC_REPRESENTATION_CONTEXT(2) 
PARAMETRIC_REPRESENTATION_CONTEXT() REPRESENTATION_CONTEXT('2D SPACE',''
  ) );
#2458 = PCURVE('',#2087,#2459);
#2459 = DEFINITIONAL_REPRESENTATION('',(#2460),#2464);
#2460 = LINE('',#2461,#2462);
#2461 = CARTESIAN_POINT('',(2.132532281873E-06,-4.155145049999));
#2462 = VECTOR('',#2463,1.);
#2463 = DIRECTION('',(1.,0.));
#2464 = ( GEOMETRIC_REPRESENTATION_CONTEXT(2) 
PARAMETRIC_REPRESENTATION_CONTEXT() REPRESENTATION_CONTEXT('2D SPACE',''
  ) );
#2465 = ORIENTED_EDGE('',*,*,#2397,.F.);
#2466 = ORIENTED_EDGE('',*,*,#1743,.F.);
#2467 = ADVANCED_FACE('',(#2468),#1731,.F.);
#2468 = FACE_BOUND('',#2469,.F.);
#2469 = EDGE_LOOP('',(#2470,#2471,#2472,#2493,#2494,#2495,#2496,#2497,
    #2498,#2499));
#2470 = ORIENTED_EDGE('',*,*,#1716,.F.);
#2471 = ORIENTED_EDGE('',*,*,#2422,.T.);
#2472 = ORIENTED_EDGE('',*,*,#2473,.F.);
#2473 = EDGE_CURVE('',#2041,#2423,#2474,.T.);
#2474 = SURFACE_CURVE('',#2475,(#2479,#2486),.PCURVE_S1.);
#2475 = LINE('',#2476,#2477);
#2476 = CARTESIAN_POINT('',(-4.000000101549,11.64485503715,
    -21.57861429165));
#2477 = VECTOR('',#2478,1.);
#2478 = DIRECTION('',(5.132269165174E-07,0.999999559547,
    -9.385653599766E-04));
#2479 = PCURVE('',#1731,#2480);
#2480 = DEFINITIONAL_REPRESENTATION('',(#2481),#2485);
#2481 = LINE('',#2482,#2483);
#2482 = CARTESIAN_POINT('',(50.0014,0.));
#2483 = VECTOR('',#2484,1.);
#2484 = DIRECTION('',(9.385653599766E-04,-0.999999559547));
#2485 = ( GEOMETRIC_REPRESENTATION_CONTEXT(2) 
PARAMETRIC_REPRESENTATION_CONTEXT() REPRESENTATION_CONTEXT('2D SPACE',''
  ) );
#2486 = PCURVE('',#2087,#2487);
#2487 = DEFINITIONAL_REPRESENTATION('',(#2488),#2492);
#2488 = LINE('',#2489,#2490);
#2489 = CARTESIAN_POINT('',(0.,0.));
#2490 = VECTOR('',#2491,1.);
#2491 = DIRECTION('',(5.132269165174E-07,-1.));
#2492 = ( GEOMETRIC_REPRESENTATION_CONTEXT(2) 
PARAMETRIC_REPRESENTATION_CONTEXT() REPRESENTATION_CONTEXT('2D SPACE',''
  ) );
#2493 = ORIENTED_EDGE('',*,*,#2040,.F.);
#2494 = ORIENTED_EDGE('',*,*,#2013,.F.);
#2495 = ORIENTED_EDGE('',*,*,#1986,.F.);
#2496 = ORIENTED_EDGE('',*,*,#1959,.F.);
#2497 = ORIENTED_EDGE('',*,*,#1932,.F.);
#2498 = ORIENTED_EDGE('',*,*,#1905,.F.);
#2499 = ORIENTED_EDGE('',*,*,#1878,.F.);
#2500 = ADVANCED_FACE('',(#2501),#1817,.T.);
#2501 = FACE_BOUND('',#2502,.T.);
#2502 = EDGE_LOOP('',(#2503,#2504,#2527,#2554,#2555));
#2503 = ORIENTED_EDGE('',*,*,#1798,.T.);
#2504 = ORIENTED_EDGE('',*,*,#2505,.F.);
#2505 = EDGE_CURVE('',#2506,#1801,#2508,.T.);
#2506 = VERTEX_POINT('',#2507);
#2507 = CARTESIAN_POINT('',(1.578425544326E-02,41.461988339218,
    3.182765089994));
#2508 = SEAM_CURVE('',#2509,(#2513,#2520),.PCURVE_S1.);
#2509 = LINE('',#2510,#2511);
#2510 = CARTESIAN_POINT('',(1.578425544326E-02,41.461988339218,
    3.182765089994));
#2511 = VECTOR('',#2512,1.);
#2512 = DIRECTION('',(-1.297690773657E-04,-0.971209403098,0.238227367223
    ));
#2513 = PCURVE('',#1817,#2514);
#2514 = DEFINITIONAL_REPRESENTATION('',(#2515),#2519);
#2515 = LINE('',#2516,#2517);
#2516 = CARTESIAN_POINT('',(-6.28318530718,0.));
#2517 = VECTOR('',#2518,1.);
#2518 = DIRECTION('',(-0.,-1.));
#2519 = ( GEOMETRIC_REPRESENTATION_CONTEXT(2) 
PARAMETRIC_REPRESENTATION_CONTEXT() REPRESENTATION_CONTEXT('2D SPACE',''
  ) );
#2520 = PCURVE('',#1817,#2521);
#2521 = DEFINITIONAL_REPRESENTATION('',(#2522),#2526);
#2522 = LINE('',#2523,#2524);
#2523 = CARTESIAN_POINT('',(0.,-0.));
#2524 = VECTOR('',#2525,1.);
#2525 = DIRECTION('',(-0.,-1.));
#2526 = ( GEOMETRIC_REPRESENTATION_CONTEXT(2) 
PARAMETRIC_REPRESENTATION_CONTEXT() REPRESENTATION_CONTEXT('2D SPACE',''
  ) );
#2527 = ORIENTED_EDGE('',*,*,#2528,.T.);
#2528 = EDGE_CURVE('',#2506,#2506,#2529,.T.);
#2529 = SURFACE_CURVE('',#2530,(#2535,#2542),.PCURVE_S1.);
#2530 = CIRCLE('',#2531,41.486010045249);
#2531 = AXIS2_PLACEMENT_3D('',#2532,#2533,#2534);
#2532 = CARTESIAN_POINT('',(1.578425544325E-02,-2.400343340014E-02,
    3.221702433589));
#2533 = DIRECTION('',(-5.46820323464E-04,9.385655002981E-04,
    0.999999410041));
#2534 = DIRECTION('',(0.,0.999999559547,-9.385656406196E-04));
#2535 = PCURVE('',#1817,#2536);
#2536 = DEFINITIONAL_REPRESENTATION('',(#2537),#2541);
#2537 = LINE('',#2538,#2539);
#2538 = CARTESIAN_POINT('',(-0.,-0.));
#2539 = VECTOR('',#2540,1.);
#2540 = DIRECTION('',(-1.,-0.));
#2541 = ( GEOMETRIC_REPRESENTATION_CONTEXT(2) 
PARAMETRIC_REPRESENTATION_CONTEXT() REPRESENTATION_CONTEXT('2D SPACE',''
  ) );
#2542 = PCURVE('',#2543,#2548);
#2543 = PLANE('',#2544);
#2544 = AXIS2_PLACEMENT_3D('',#2545,#2546,#2547);
#2545 = CARTESIAN_POINT('',(1.578425544325E-02,-2.400343340014E-02,
    3.221702433589));
#2546 = DIRECTION('',(-5.46820323464E-04,9.385655002981E-04,
    0.999999410041));
#2547 = DIRECTION('',(0.,0.999999559547,-9.385656406196E-04));
#2548 = DEFINITIONAL_REPRESENTATION('',(#2549),#2553);
#2549 = CIRCLE('',#2550,41.486010045249);
#2550 = AXIS2_PLACEMENT_2D('',#2551,#2552);
#2551 = CARTESIAN_POINT('',(0.,0.));
#2552 = DIRECTION('',(1.,0.));
#2553 = ( GEOMETRIC_REPRESENTATION_CONTEXT(2) 
PARAMETRIC_REPRESENTATION_CONTEXT() REPRESENTATION_CONTEXT('2D SPACE',''
  ) );
#2554 = ORIENTED_EDGE('',*,*,#2505,.T.);
#2555 = ORIENTED_EDGE('',*,*,#1852,.T.);
#2556 = ADVANCED_FACE('',(#2557,#2560),#2543,.F.);
#2557 = FACE_BOUND('',#2558,.F.);
#2558 = EDGE_LOOP('',(#2559));
#2559 = ORIENTED_EDGE('',*,*,#2528,.T.);
#2560 = FACE_BOUND('',#2561,.F.);
#2561 = EDGE_LOOP('',(#2562));
#2562 = ORIENTED_EDGE('',*,*,#2563,.T.);
#2563 = EDGE_CURVE('',#2564,#2564,#2566,.T.);
#2564 = VERTEX_POINT('',#2565);
#2565 = CARTESIAN_POINT('',(1.578425544326E-02,-41.27450849807,
    3.260418757354));
#2566 = SURFACE_CURVE('',#2567,(#2572,#2583),.PCURVE_S1.);
#2567 = CIRCLE('',#2568,41.250523233589);
#2568 = AXIS2_PLACEMENT_3D('',#2569,#2570,#2571);
#2569 = CARTESIAN_POINT('',(1.578425544325E-02,-2.400343340014E-02,
    3.221702433589));
#2570 = DIRECTION('',(5.46820323464E-04,-9.385655002981E-04,
    -0.999999410041));
#2571 = DIRECTION('',(0.,-0.999999559547,9.385656406196E-04));
#2572 = PCURVE('',#2543,#2573);
#2573 = DEFINITIONAL_REPRESENTATION('',(#2574),#2582);
#2574 = ( BOUNDED_CURVE() B_SPLINE_CURVE(2,(#2575,#2576,#2577,#2578,
#2579,#2580,#2581),.UNSPECIFIED.,.T.,.F.) B_SPLINE_CURVE_WITH_KNOTS((1,2
    ,2,2,2,1),(-2.094395102393,0.,2.094395102393,4.188790204786,
6.28318530718,8.377580409573),.UNSPECIFIED.) CURVE() 
GEOMETRIC_REPRESENTATION_ITEM() RATIONAL_B_SPLINE_CURVE((1.,0.5,1.,0.5,
1.,0.5,1.)) REPRESENTATION_ITEM('') );
#2575 = CARTESIAN_POINT('',(-41.25052323358,-6.938894647112E-18));
#2576 = CARTESIAN_POINT('',(-41.25052323358,71.448002079376));
#2577 = CARTESIAN_POINT('',(20.625261616794,35.724001039688));
#2578 = CARTESIAN_POINT('',(82.501046467178,1.009652535359E-14));
#2579 = CARTESIAN_POINT('',(20.625261616794,-35.72400103968));
#2580 = CARTESIAN_POINT('',(-41.25052323358,-71.44800207937));
#2581 = CARTESIAN_POINT('',(-41.25052323358,-6.938894647112E-18));
#2582 = ( GEOMETRIC_REPRESENTATION_CONTEXT(2) 
PARAMETRIC_REPRESENTATION_CONTEXT() REPRESENTATION_CONTEXT('2D SPACE',''
  ) );
#2583 = PCURVE('',#2584,#2589);
#2584 = CYLINDRICAL_SURFACE('',#2585,41.250523233589);
#2585 = AXIS2_PLACEMENT_3D('',#2586,#2587,#2588);
#2586 = CARTESIAN_POINT('',(1.566917643086E-02,-2.380591113149E-02,
    3.432153544418));
#2587 = DIRECTION('',(5.46820323464E-04,-9.385655002981E-04,
    -0.999999410041));
#2588 = DIRECTION('',(0.,-0.999999559547,9.385656406196E-04));
#2589 = DEFINITIONAL_REPRESENTATION('',(#2590),#2594);
#2590 = LINE('',#2591,#2592);
#2591 = CARTESIAN_POINT('',(0.,0.210451234987));
#2592 = VECTOR('',#2593,1.);
#2593 = DIRECTION('',(1.,0.));
#2594 = ( GEOMETRIC_REPRESENTATION_CONTEXT(2) 
PARAMETRIC_REPRESENTATION_CONTEXT() REPRESENTATION_CONTEXT('2D SPACE',''
  ) );
#2595 = ADVANCED_FACE('',(#2596),#2584,.T.);
#2596 = FACE_BOUND('',#2597,.T.);
#2597 = EDGE_LOOP('',(#2598,#2627,#2648,#2649));
#2598 = ORIENTED_EDGE('',*,*,#2599,.F.);
#2599 = EDGE_CURVE('',#2600,#2600,#2602,.T.);
#2600 = VERTEX_POINT('',#2601);
#2601 = CARTESIAN_POINT('',(1.93167293506E-02,-41.2805716563,
    -3.199604163788));
#2602 = SURFACE_CURVE('',#2603,(#2608,#2615),.PCURVE_S1.);
#2603 = CIRCLE('',#2604,41.250523233589);
#2604 = AXIS2_PLACEMENT_3D('',#2605,#2606,#2607);
#2605 = CARTESIAN_POINT('',(1.931672935059E-02,-3.006659162208E-02,
    -3.238320487552));
#2606 = DIRECTION('',(5.46820323464E-04,-9.385655002981E-04,
    -0.999999410041));
#2607 = DIRECTION('',(0.,-0.999999559547,9.385656406196E-04));
#2608 = PCURVE('',#2584,#2609);
#2609 = DEFINITIONAL_REPRESENTATION('',(#2610),#2614);
#2610 = LINE('',#2611,#2612);
#2611 = CARTESIAN_POINT('',(0.,6.670477967279));
#2612 = VECTOR('',#2613,1.);
#2613 = DIRECTION('',(1.,0.));
#2614 = ( GEOMETRIC_REPRESENTATION_CONTEXT(2) 
PARAMETRIC_REPRESENTATION_CONTEXT() REPRESENTATION_CONTEXT('2D SPACE',''
  ) );
#2615 = PCURVE('',#2616,#2621);
#2616 = PLANE('',#2617);
#2617 = AXIS2_PLACEMENT_3D('',#2618,#2619,#2620);
#2618 = CARTESIAN_POINT('',(1.931672935059E-02,-3.006659162208E-02,
    -3.238320487552));
#2619 = DIRECTION('',(5.46820323464E-04,-9.385655002981E-04,
    -0.999999410041));
#2620 = DIRECTION('',(0.,-0.999999559547,9.385656406196E-04));
#2621 = DEFINITIONAL_REPRESENTATION('',(#2622),#2626);
#2622 = CIRCLE('',#2623,41.250523233589);
#2623 = AXIS2_PLACEMENT_2D('',#2624,#2625);
#2624 = CARTESIAN_POINT('',(8.336137474703E-19,-3.955120230087E-18));
#2625 = DIRECTION('',(1.,0.));
#2626 = ( GEOMETRIC_REPRESENTATION_CONTEXT(2) 
PARAMETRIC_REPRESENTATION_CONTEXT() REPRESENTATION_CONTEXT('2D SPACE',''
  ) );
#2627 = ORIENTED_EDGE('',*,*,#2628,.F.);
#2628 = EDGE_CURVE('',#2564,#2600,#2629,.T.);
#2629 = SEAM_CURVE('',#2630,(#2634,#2641),.PCURVE_S1.);
#2630 = LINE('',#2631,#2632);
#2631 = CARTESIAN_POINT('',(1.566917643087E-02,-41.27431097581,
    3.470869868183));
#2632 = VECTOR('',#2633,1.);
#2633 = DIRECTION('',(5.46820323464E-04,-9.385655002981E-04,
    -0.999999410041));
#2634 = PCURVE('',#2584,#2635);
#2635 = DEFINITIONAL_REPRESENTATION('',(#2636),#2640);
#2636 = LINE('',#2637,#2638);
#2637 = CARTESIAN_POINT('',(6.28318530718,-0.));
#2638 = VECTOR('',#2639,1.);
#2639 = DIRECTION('',(0.,1.));
#2640 = ( GEOMETRIC_REPRESENTATION_CONTEXT(2) 
PARAMETRIC_REPRESENTATION_CONTEXT() REPRESENTATION_CONTEXT('2D SPACE',''
  ) );
#2641 = PCURVE('',#2584,#2642);
#2642 = DEFINITIONAL_REPRESENTATION('',(#2643),#2647);
#2643 = LINE('',#2644,#2645);
#2644 = CARTESIAN_POINT('',(0.,-0.));
#2645 = VECTOR('',#2646,1.);
#2646 = DIRECTION('',(0.,1.));
#2647 = ( GEOMETRIC_REPRESENTATION_CONTEXT(2) 
PARAMETRIC_REPRESENTATION_CONTEXT() REPRESENTATION_CONTEXT('2D SPACE',''
  ) );
#2648 = ORIENTED_EDGE('',*,*,#2563,.T.);
#2649 = ORIENTED_EDGE('',*,*,#2628,.T.);
#2650 = ADVANCED_FACE('',(#2651,#2682),#2616,.F.);
#2651 = FACE_BOUND('',#2652,.F.);
#2652 = EDGE_LOOP('',(#2653));
#2653 = ORIENTED_EDGE('',*,*,#2654,.T.);
#2654 = EDGE_CURVE('',#2655,#2655,#2657,.T.);
#2655 = VERTEX_POINT('',#2656);
#2656 = CARTESIAN_POINT('',(1.93167293506E-02,-41.45775097762,
    -3.199437869291));
#2657 = SURFACE_CURVE('',#2658,(#2663,#2670),.PCURVE_S1.);
#2658 = CIRCLE('',#2659,41.427702632948);
#2659 = AXIS2_PLACEMENT_3D('',#2660,#2661,#2662);
#2660 = CARTESIAN_POINT('',(1.931672935059E-02,-3.006659162208E-02,
    -3.238320487552));
#2661 = DIRECTION('',(5.46820323464E-04,-9.385655002981E-04,
    -0.999999410041));
#2662 = DIRECTION('',(0.,-0.999999559547,9.385656406196E-04));
#2663 = PCURVE('',#2616,#2664);
#2664 = DEFINITIONAL_REPRESENTATION('',(#2665),#2669);
#2665 = CIRCLE('',#2666,41.427702632948);
#2666 = AXIS2_PLACEMENT_2D('',#2667,#2668);
#2667 = CARTESIAN_POINT('',(0.,0.));
#2668 = DIRECTION('',(1.,0.));
#2669 = ( GEOMETRIC_REPRESENTATION_CONTEXT(2) 
PARAMETRIC_REPRESENTATION_CONTEXT() REPRESENTATION_CONTEXT('2D SPACE',''
  ) );
#2670 = PCURVE('',#2671,#2676);
#2671 = CONICAL_SURFACE('',#2672,41.427702632948,1.331786911284);
#2672 = AXIS2_PLACEMENT_3D('',#2673,#2674,#2675);
#2673 = CARTESIAN_POINT('',(1.931672935059E-02,-3.006659162208E-02,
    -3.238320487552));
#2674 = DIRECTION('',(-5.46820323464E-04,9.385655002981E-04,
    0.999999410041));
#2675 = DIRECTION('',(0.,-0.999999559547,9.385656406196E-04));
#2676 = DEFINITIONAL_REPRESENTATION('',(#2677),#2681);
#2677 = LINE('',#2678,#2679);
#2678 = CARTESIAN_POINT('',(-0.,-0.));
#2679 = VECTOR('',#2680,1.);
#2680 = DIRECTION('',(-1.,-0.));
#2681 = ( GEOMETRIC_REPRESENTATION_CONTEXT(2) 
PARAMETRIC_REPRESENTATION_CONTEXT() REPRESENTATION_CONTEXT('2D SPACE',''
  ) );
#2682 = FACE_BOUND('',#2683,.F.);
#2683 = EDGE_LOOP('',(#2684));
#2684 = ORIENTED_EDGE('',*,*,#2599,.F.);
#2685 = ADVANCED_FACE('',(#2686),#2671,.T.);
#2686 = FACE_BOUND('',#2687,.T.);
#2687 = EDGE_LOOP('',(#2688,#2717,#2738,#2739));
#2688 = ORIENTED_EDGE('',*,*,#2689,.F.);
#2689 = EDGE_CURVE('',#2690,#2690,#2692,.T.);
#2690 = VERTEX_POINT('',#2691);
#2691 = CARTESIAN_POINT('',(1.934033710497E-02,-41.28061217678,
    -3.242776919867));
#2692 = SURFACE_CURVE('',#2693,(#2698,#2705),.PCURVE_S1.);
#2693 = CIRCLE('',#2694,41.250523233589);
#2694 = AXIS2_PLACEMENT_3D('',#2695,#2696,#2697);
#2695 = CARTESIAN_POINT('',(1.934033710496E-02,-3.010711210539E-02,
    -3.281493243632));
#2696 = DIRECTION('',(5.46820323464E-04,-9.385655002981E-04,
    -0.999999410041));
#2697 = DIRECTION('',(0.,0.999999559547,-9.385656406196E-04));
#2698 = PCURVE('',#2671,#2699);
#2699 = DEFINITIONAL_REPRESENTATION('',(#2700),#2704);
#2700 = LINE('',#2701,#2702);
#2701 = CARTESIAN_POINT('',(3.14159265359,-4.317278154949E-02));
#2702 = VECTOR('',#2703,1.);
#2703 = DIRECTION('',(-1.,-0.));
#2704 = ( GEOMETRIC_REPRESENTATION_CONTEXT(2) 
PARAMETRIC_REPRESENTATION_CONTEXT() REPRESENTATION_CONTEXT('2D SPACE',''
  ) );
#2705 = PCURVE('',#2706,#2711);
#2706 = CYLINDRICAL_SURFACE('',#2707,41.250523233589);
#2707 = AXIS2_PLACEMENT_3D('',#2708,#2709,#2710);
#2708 = CARTESIAN_POINT('',(1.566917643086E-02,-2.380591113149E-02,
    3.432153544418));
#2709 = DIRECTION('',(5.46820323464E-04,-9.385655002981E-04,
    -0.999999410041));
#2710 = DIRECTION('',(0.,-0.999999559547,9.385656406196E-04));
#2711 = DEFINITIONAL_REPRESENTATION('',(#2712),#2716);
#2712 = LINE('',#2713,#2714);
#2713 = CARTESIAN_POINT('',(-3.14159265359,6.713650748829));
#2714 = VECTOR('',#2715,1.);
#2715 = DIRECTION('',(1.,0.));
#2716 = ( GEOMETRIC_REPRESENTATION_CONTEXT(2) 
PARAMETRIC_REPRESENTATION_CONTEXT() REPRESENTATION_CONTEXT('2D SPACE',''
  ) );
#2717 = ORIENTED_EDGE('',*,*,#2718,.F.);
#2718 = EDGE_CURVE('',#2655,#2690,#2719,.T.);
#2719 = SEAM_CURVE('',#2720,(#2724,#2731),.PCURVE_S1.);
#2720 = LINE('',#2721,#2722);
#2721 = CARTESIAN_POINT('',(1.93167293506E-02,-41.45775097762,
    -3.199437869291));
#2722 = VECTOR('',#2723,1.);
#2723 = DIRECTION('',(1.294544170628E-04,0.971350338555,-0.237652062962)
  );
#2724 = PCURVE('',#2671,#2725);
#2725 = DEFINITIONAL_REPRESENTATION('',(#2726),#2730);
#2726 = LINE('',#2727,#2728);
#2727 = CARTESIAN_POINT('',(-6.28318530718,0.));
#2728 = VECTOR('',#2729,1.);
#2729 = DIRECTION('',(-0.,-1.));
#2730 = ( GEOMETRIC_REPRESENTATION_CONTEXT(2) 
PARAMETRIC_REPRESENTATION_CONTEXT() REPRESENTATION_CONTEXT('2D SPACE',''
  ) );
#2731 = PCURVE('',#2671,#2732);
#2732 = DEFINITIONAL_REPRESENTATION('',(#2733),#2737);
#2733 = LINE('',#2734,#2735);
#2734 = CARTESIAN_POINT('',(0.,-0.));
#2735 = VECTOR('',#2736,1.);
#2736 = DIRECTION('',(-0.,-1.));
#2737 = ( GEOMETRIC_REPRESENTATION_CONTEXT(2) 
PARAMETRIC_REPRESENTATION_CONTEXT() REPRESENTATION_CONTEXT('2D SPACE',''
  ) );
#2738 = ORIENTED_EDGE('',*,*,#2654,.T.);
#2739 = ORIENTED_EDGE('',*,*,#2718,.T.);
#2740 = ADVANCED_FACE('',(#2741),#2706,.T.);
#2741 = FACE_BOUND('',#2742,.T.);
#2742 = EDGE_LOOP('',(#2743,#2744,#2767,#2794));
#2743 = ORIENTED_EDGE('',*,*,#2689,.T.);
#2744 = ORIENTED_EDGE('',*,*,#2745,.T.);
#2745 = EDGE_CURVE('',#2690,#2746,#2748,.T.);
#2746 = VERTEX_POINT('',#2747);
#2747 = CARTESIAN_POINT('',(1.942313347515E-02,-41.28075428894,
    -3.394191045839));
#2748 = SEAM_CURVE('',#2749,(#2753,#2760),.PCURVE_S1.);
#2749 = LINE('',#2750,#2751);
#2750 = CARTESIAN_POINT('',(1.566917643087E-02,-41.27431097581,
    3.470869868183));
#2751 = VECTOR('',#2752,1.);
#2752 = DIRECTION('',(5.46820323464E-04,-9.385655002981E-04,
    -0.999999410041));
#2753 = PCURVE('',#2706,#2754);
#2754 = DEFINITIONAL_REPRESENTATION('',(#2755),#2759);
#2755 = LINE('',#2756,#2757);
#2756 = CARTESIAN_POINT('',(0.,-0.));
#2757 = VECTOR('',#2758,1.);
#2758 = DIRECTION('',(0.,1.));
#2759 = ( GEOMETRIC_REPRESENTATION_CONTEXT(2) 
PARAMETRIC_REPRESENTATION_CONTEXT() REPRESENTATION_CONTEXT('2D SPACE',''
  ) );
#2760 = PCURVE('',#2706,#2761);
#2761 = DEFINITIONAL_REPRESENTATION('',(#2762),#2766);
#2762 = LINE('',#2763,#2764);
#2763 = CARTESIAN_POINT('',(6.28318530718,-0.));
#2764 = VECTOR('',#2765,1.);
#2765 = DIRECTION('',(0.,1.));
#2766 = ( GEOMETRIC_REPRESENTATION_CONTEXT(2) 
PARAMETRIC_REPRESENTATION_CONTEXT() REPRESENTATION_CONTEXT('2D SPACE',''
  ) );
#2767 = ORIENTED_EDGE('',*,*,#2768,.F.);
#2768 = EDGE_CURVE('',#2746,#2746,#2769,.T.);
#2769 = SURFACE_CURVE('',#2770,(#2775,#2782),.PCURVE_S1.);
#2770 = CIRCLE('',#2771,41.250523233589);
#2771 = AXIS2_PLACEMENT_3D('',#2772,#2773,#2774);
#2772 = CARTESIAN_POINT('',(1.942313347514E-02,-3.024922426413E-02,
    -3.432907369604));
#2773 = DIRECTION('',(5.46820323464E-04,-9.385655002981E-04,
    -0.999999410041));
#2774 = DIRECTION('',(0.,-0.999999559547,9.385656406196E-04));
#2775 = PCURVE('',#2706,#2776);
#2776 = DEFINITIONAL_REPRESENTATION('',(#2777),#2781);
#2777 = LINE('',#2778,#2779);
#2778 = CARTESIAN_POINT('',(0.,6.865064964129));
#2779 = VECTOR('',#2780,1.);
#2780 = DIRECTION('',(1.,0.));
#2781 = ( GEOMETRIC_REPRESENTATION_CONTEXT(2) 
PARAMETRIC_REPRESENTATION_CONTEXT() REPRESENTATION_CONTEXT('2D SPACE',''
  ) );
#2782 = PCURVE('',#2783,#2788);
#2783 = PLANE('',#2784);
#2784 = AXIS2_PLACEMENT_3D('',#2785,#2786,#2787);
#2785 = CARTESIAN_POINT('',(1.942313347514E-02,-3.024922426413E-02,
    -3.432907369604));
#2786 = DIRECTION('',(5.46820323464E-04,-9.385655002981E-04,
    -0.999999410041));
#2787 = DIRECTION('',(0.,-0.999999559547,9.385656406196E-04));
#2788 = DEFINITIONAL_REPRESENTATION('',(#2789),#2793);
#2789 = CIRCLE('',#2790,41.250523233589);
#2790 = AXIS2_PLACEMENT_2D('',#2791,#2792);
#2791 = CARTESIAN_POINT('',(0.,0.));
#2792 = DIRECTION('',(1.,0.));
#2793 = ( GEOMETRIC_REPRESENTATION_CONTEXT(2) 
PARAMETRIC_REPRESENTATION_CONTEXT() REPRESENTATION_CONTEXT('2D SPACE',''
  ) );
#2794 = ORIENTED_EDGE('',*,*,#2745,.F.);
#2795 = ADVANCED_FACE('',(#2796,#2799),#2783,.T.);
#2796 = FACE_BOUND('',#2797,.T.);
#2797 = EDGE_LOOP('',(#2798));
#2798 = ORIENTED_EDGE('',*,*,#2768,.T.);
#2799 = FACE_BOUND('',#2800,.T.);
#2800 = EDGE_LOOP('',(#2801));
#2801 = ORIENTED_EDGE('',*,*,#2802,.F.);
#2802 = EDGE_CURVE('',#2803,#2803,#2805,.T.);
#2803 = VERTEX_POINT('',#2804);
#2804 = CARTESIAN_POINT('',(1.942313347515E-02,-40.65935657162,
    -3.394774268643));
#2805 = SURFACE_CURVE('',#2806,(#2811,#2818),.PCURVE_S1.);
#2806 = CIRCLE('',#2807,40.629125242577);
#2807 = AXIS2_PLACEMENT_3D('',#2808,#2809,#2810);
#2808 = CARTESIAN_POINT('',(1.942313347514E-02,-3.024922426413E-02,
    -3.432907369604));
#2809 = DIRECTION('',(5.46820323464E-04,-9.385655002981E-04,
    -0.999999410041));
#2810 = DIRECTION('',(0.,-0.999999559547,9.385656406196E-04));
#2811 = PCURVE('',#2783,#2812);
#2812 = DEFINITIONAL_REPRESENTATION('',(#2813),#2817);
#2813 = CIRCLE('',#2814,40.629125242577);
#2814 = AXIS2_PLACEMENT_2D('',#2815,#2816);
#2815 = CARTESIAN_POINT('',(-4.168068737352E-19,3.712283331668E-18));
#2816 = DIRECTION('',(1.,0.));
#2817 = ( GEOMETRIC_REPRESENTATION_CONTEXT(2) 
PARAMETRIC_REPRESENTATION_CONTEXT() REPRESENTATION_CONTEXT('2D SPACE',''
  ) );
#2818 = PCURVE('',#2819,#2824);
#2819 = CONICAL_SURFACE('',#2820,41.427702632948,1.331786911284);
#2820 = AXIS2_PLACEMENT_3D('',#2821,#2822,#2823);
#2821 = CARTESIAN_POINT('',(1.931672935059E-02,-3.006659162208E-02,
    -3.238320487552));
#2822 = DIRECTION('',(-5.46820323464E-04,9.385655002981E-04,
    0.999999410041));
#2823 = DIRECTION('',(0.,-0.999999559547,9.385656406196E-04));
#2824 = DEFINITIONAL_REPRESENTATION('',(#2825),#2829);
#2825 = LINE('',#2826,#2827);
#2826 = CARTESIAN_POINT('',(-0.,-0.19458699685));
#2827 = VECTOR('',#2828,1.);
#2828 = DIRECTION('',(-1.,-0.));
#2829 = ( GEOMETRIC_REPRESENTATION_CONTEXT(2) 
PARAMETRIC_REPRESENTATION_CONTEXT() REPRESENTATION_CONTEXT('2D SPACE',''
  ) );
#2830 = ADVANCED_FACE('',(#2831),#2087,.F.);
#2831 = FACE_BOUND('',#2832,.F.);
#2832 = EDGE_LOOP('',(#2833,#2834,#2835,#2836,#2837));
#2833 = ORIENTED_EDGE('',*,*,#2067,.F.);
#2834 = ORIENTED_EDGE('',*,*,#2473,.T.);
#2835 = ORIENTED_EDGE('',*,*,#2445,.T.);
#2836 = ORIENTED_EDGE('',*,*,#2374,.F.);
#2837 = ORIENTED_EDGE('',*,*,#2150,.F.);
#2838 = ADVANCED_FACE('',(#2839,#2870),#2137,.F.);
#2839 = FACE_BOUND('',#2840,.F.);
#2840 = EDGE_LOOP('',(#2841));
#2841 = ORIENTED_EDGE('',*,*,#2842,.T.);
#2842 = EDGE_CURVE('',#2843,#2843,#2845,.T.);
#2843 = VERTEX_POINT('',#2844);
#2844 = CARTESIAN_POINT('',(2.946081597926E-02,25.939791253538,
    -21.81374202229));
#2845 = SURFACE_CURVE('',#2846,(#2851,#2858),.PCURVE_S1.);
#2846 = CIRCLE('',#2847,25.987280659075);
#2847 = AXIS2_PLACEMENT_3D('',#2848,#2849,#2850);
#2848 = CARTESIAN_POINT('',(2.946081597925E-02,-4.747795936603E-02,
    -21.78935125357));
#2849 = DIRECTION('',(-5.46820323464E-04,9.385655002981E-04,
    0.999999410041));
#2850 = DIRECTION('',(0.,0.999999559547,-9.385656406196E-04));
#2851 = PCURVE('',#2137,#2852);
#2852 = DEFINITIONAL_REPRESENTATION('',(#2853),#2857);
#2853 = CIRCLE('',#2854,25.987280659075);
#2854 = AXIS2_PLACEMENT_2D('',#2855,#2856);
#2855 = CARTESIAN_POINT('',(0.,0.));
#2856 = DIRECTION('',(1.,0.));
#2857 = ( GEOMETRIC_REPRESENTATION_CONTEXT(2) 
PARAMETRIC_REPRESENTATION_CONTEXT() REPRESENTATION_CONTEXT('2D SPACE',''
  ) );
#2858 = PCURVE('',#2859,#2864);
#2859 = CYLINDRICAL_SURFACE('',#2860,25.987280659075);
#2860 = AXIS2_PLACEMENT_3D('',#2861,#2862,#2863);
#2861 = CARTESIAN_POINT('',(2.946081597925E-02,-4.747795936603E-02,
    -21.78935125357));
#2862 = DIRECTION('',(-5.46820323464E-04,9.385655002981E-04,
    0.999999410041));
#2863 = DIRECTION('',(0.,0.999999559547,-9.385656406196E-04));
#2864 = DEFINITIONAL_REPRESENTATION('',(#2865),#2869);
#2865 = LINE('',#2866,#2867);
#2866 = CARTESIAN_POINT('',(0.,0.));
#2867 = VECTOR('',#2868,1.);
#2868 = DIRECTION('',(1.,0.));
#2869 = ( GEOMETRIC_REPRESENTATION_CONTEXT(2) 
PARAMETRIC_REPRESENTATION_CONTEXT() REPRESENTATION_CONTEXT('2D SPACE',''
  ) );
#2870 = FACE_BOUND('',#2871,.F.);
#2871 = EDGE_LOOP('',(#2872));
#2872 = ORIENTED_EDGE('',*,*,#2122,.F.);
#2873 = ADVANCED_FACE('',(#2874),#2819,.T.);
#2874 = FACE_BOUND('',#2875,.T.);
#2875 = EDGE_LOOP('',(#2876,#2899,#2926,#2927));
#2876 = ORIENTED_EDGE('',*,*,#2877,.T.);
#2877 = EDGE_CURVE('',#2803,#2878,#2880,.T.);
#2878 = VERTEX_POINT('',#2879);
#2879 = CARTESIAN_POINT('',(2.06361579485E-02,-31.55752938341,
    -5.621641262094));
#2880 = SEAM_CURVE('',#2881,(#2885,#2892),.PCURVE_S1.);
#2881 = LINE('',#2882,#2883);
#2882 = CARTESIAN_POINT('',(1.93167293506E-02,-41.45775097762,
    -3.199437869291));
#2883 = VECTOR('',#2884,1.);
#2884 = DIRECTION('',(1.294544170628E-04,0.971350338555,-0.237652062962)
  );
#2885 = PCURVE('',#2819,#2886);
#2886 = DEFINITIONAL_REPRESENTATION('',(#2887),#2891);
#2887 = LINE('',#2888,#2889);
#2888 = CARTESIAN_POINT('',(-6.28318530718,0.));
#2889 = VECTOR('',#2890,1.);
#2890 = DIRECTION('',(-0.,-1.));
#2891 = ( GEOMETRIC_REPRESENTATION_CONTEXT(2) 
PARAMETRIC_REPRESENTATION_CONTEXT() REPRESENTATION_CONTEXT('2D SPACE',''
  ) );
#2892 = PCURVE('',#2819,#2893);
#2893 = DEFINITIONAL_REPRESENTATION('',(#2894),#2898);
#2894 = LINE('',#2895,#2896);
#2895 = CARTESIAN_POINT('',(0.,-0.));
#2896 = VECTOR('',#2897,1.);
#2897 = DIRECTION('',(-0.,-1.));
#2898 = ( GEOMETRIC_REPRESENTATION_CONTEXT(2) 
PARAMETRIC_REPRESENTATION_CONTEXT() REPRESENTATION_CONTEXT('2D SPACE',''
  ) );
#2899 = ORIENTED_EDGE('',*,*,#2900,.F.);
#2900 = EDGE_CURVE('',#2878,#2878,#2901,.T.);
#2901 = SURFACE_CURVE('',#2902,(#2907,#2914),.PCURVE_S1.);
#2902 = CIRCLE('',#2903,31.525212002441);
#2903 = AXIS2_PLACEMENT_3D('',#2904,#2905,#2906);
#2904 = CARTESIAN_POINT('',(2.063615794849E-02,-3.233126634055E-02,
    -5.651229742893));
#2905 = DIRECTION('',(5.46820323464E-04,-9.385655002981E-04,
    -0.999999410041));
#2906 = DIRECTION('',(0.,-0.999999559547,9.385656406196E-04));
#2907 = PCURVE('',#2819,#2908);
#2908 = DEFINITIONAL_REPRESENTATION('',(#2909),#2913);
#2909 = LINE('',#2910,#2911);
#2910 = CARTESIAN_POINT('',(-0.,-2.412910678859));
#2911 = VECTOR('',#2912,1.);
#2912 = DIRECTION('',(-1.,-0.));
#2913 = ( GEOMETRIC_REPRESENTATION_CONTEXT(2) 
PARAMETRIC_REPRESENTATION_CONTEXT() REPRESENTATION_CONTEXT('2D SPACE',''
  ) );
#2914 = PCURVE('',#2915,#2920);
#2915 = PLANE('',#2916);
#2916 = AXIS2_PLACEMENT_3D('',#2917,#2918,#2919);
#2917 = CARTESIAN_POINT('',(2.063615794849E-02,-3.233126634055E-02,
    -5.651229742893));
#2918 = DIRECTION('',(5.46820323464E-04,-9.385655002981E-04,
    -0.999999410041));
#2919 = DIRECTION('',(0.,-0.999999559547,9.385656406196E-04));
#2920 = DEFINITIONAL_REPRESENTATION('',(#2921),#2925);
#2921 = CIRCLE('',#2922,31.525212002441);
#2922 = AXIS2_PLACEMENT_2D('',#2923,#2924);
#2923 = CARTESIAN_POINT('',(0.,0.));
#2924 = DIRECTION('',(1.,0.));
#2925 = ( GEOMETRIC_REPRESENTATION_CONTEXT(2) 
PARAMETRIC_REPRESENTATION_CONTEXT() REPRESENTATION_CONTEXT('2D SPACE',''
  ) );
#2926 = ORIENTED_EDGE('',*,*,#2877,.F.);
#2927 = ORIENTED_EDGE('',*,*,#2802,.T.);
#2928 = ADVANCED_FACE('',(#2929),#2859,.T.);
#2929 = FACE_BOUND('',#2930,.T.);
#2930 = EDGE_LOOP('',(#2931,#2959,#2980,#2981));
#2931 = ORIENTED_EDGE('',*,*,#2932,.F.);
#2932 = EDGE_CURVE('',#2933,#2933,#2935,.T.);
#2933 = VERTEX_POINT('',#2934);
#2934 = CARTESIAN_POINT('',(2.06361579485E-02,25.954937946563,
    -5.675620511613));
#2935 = SURFACE_CURVE('',#2936,(#2941,#2948),.PCURVE_S1.);
#2936 = CIRCLE('',#2937,25.987280659075);
#2937 = AXIS2_PLACEMENT_3D('',#2938,#2939,#2940);
#2938 = CARTESIAN_POINT('',(2.063615794849E-02,-3.233126634055E-02,
    -5.651229742893));
#2939 = DIRECTION('',(-5.46820323464E-04,9.385655002981E-04,
    0.999999410041));
#2940 = DIRECTION('',(0.,0.999999559547,-9.385656406196E-04));
#2941 = PCURVE('',#2859,#2942);
#2942 = DEFINITIONAL_REPRESENTATION('',(#2943),#2947);
#2943 = LINE('',#2944,#2945);
#2944 = CARTESIAN_POINT('',(0.,16.138131031519));
#2945 = VECTOR('',#2946,1.);
#2946 = DIRECTION('',(1.,0.));
#2947 = ( GEOMETRIC_REPRESENTATION_CONTEXT(2) 
PARAMETRIC_REPRESENTATION_CONTEXT() REPRESENTATION_CONTEXT('2D SPACE',''
  ) );
#2948 = PCURVE('',#2915,#2949);
#2949 = DEFINITIONAL_REPRESENTATION('',(#2950),#2958);
#2950 = ( BOUNDED_CURVE() B_SPLINE_CURVE(2,(#2951,#2952,#2953,#2954,
#2955,#2956,#2957),.UNSPECIFIED.,.T.,.F.) B_SPLINE_CURVE_WITH_KNOTS((1,2
    ,2,2,2,1),(-2.094395102393,0.,2.094395102393,4.188790204786,
6.28318530718,8.377580409573),.UNSPECIFIED.) CURVE() 
GEOMETRIC_REPRESENTATION_ITEM() RATIONAL_B_SPLINE_CURVE((1.,0.5,1.,0.5,
1.,0.5,1.)) REPRESENTATION_ITEM('') );
#2951 = CARTESIAN_POINT('',(-25.98728065907,9.713440324493E-19));
#2952 = CARTESIAN_POINT('',(-25.98728065907,45.01129045207));
#2953 = CARTESIAN_POINT('',(12.993640329538,22.505645226035));
#2954 = CARTESIAN_POINT('',(51.97456131815,6.366019359569E-15));
#2955 = CARTESIAN_POINT('',(12.993640329538,-22.50564522603));
#2956 = CARTESIAN_POINT('',(-25.98728065907,-45.01129045207));
#2957 = CARTESIAN_POINT('',(-25.98728065907,9.713440324493E-19));
#2958 = ( GEOMETRIC_REPRESENTATION_CONTEXT(2) 
PARAMETRIC_REPRESENTATION_CONTEXT() REPRESENTATION_CONTEXT('2D SPACE',''
  ) );
#2959 = ORIENTED_EDGE('',*,*,#2960,.F.);
#2960 = EDGE_CURVE('',#2843,#2933,#2961,.T.);
#2961 = SEAM_CURVE('',#2962,(#2966,#2973),.PCURVE_S1.);
#2962 = LINE('',#2963,#2964);
#2963 = CARTESIAN_POINT('',(2.946081597926E-02,25.939791253538,
    -21.81374202229));
#2964 = VECTOR('',#2965,1.);
#2965 = DIRECTION('',(-5.46820323464E-04,9.385655002981E-04,
    0.999999410041));
#2966 = PCURVE('',#2859,#2967);
#2967 = DEFINITIONAL_REPRESENTATION('',(#2968),#2972);
#2968 = LINE('',#2969,#2970);
#2969 = CARTESIAN_POINT('',(6.28318530718,-0.));
#2970 = VECTOR('',#2971,1.);
#2971 = DIRECTION('',(0.,1.));
#2972 = ( GEOMETRIC_REPRESENTATION_CONTEXT(2) 
PARAMETRIC_REPRESENTATION_CONTEXT() REPRESENTATION_CONTEXT('2D SPACE',''
  ) );
#2973 = PCURVE('',#2859,#2974);
#2974 = DEFINITIONAL_REPRESENTATION('',(#2975),#2979);
#2975 = LINE('',#2976,#2977);
#2976 = CARTESIAN_POINT('',(0.,-0.));
#2977 = VECTOR('',#2978,1.);
#2978 = DIRECTION('',(0.,1.));
#2979 = ( GEOMETRIC_REPRESENTATION_CONTEXT(2) 
PARAMETRIC_REPRESENTATION_CONTEXT() REPRESENTATION_CONTEXT('2D SPACE',''
  ) );
#2980 = ORIENTED_EDGE('',*,*,#2842,.T.);
#2981 = ORIENTED_EDGE('',*,*,#2960,.T.);
#2982 = ADVANCED_FACE('',(#2983,#2986),#2915,.T.);
#2983 = FACE_BOUND('',#2984,.T.);
#2984 = EDGE_LOOP('',(#2985));
#2985 = ORIENTED_EDGE('',*,*,#2900,.T.);
#2986 = FACE_BOUND('',#2987,.T.);
#2987 = EDGE_LOOP('',(#2988));
#2988 = ORIENTED_EDGE('',*,*,#2932,.T.);
#2989 = MANIFOLD_SOLID_BREP('',#2990);
#2990 = CLOSED_SHELL('',(#2991,#3079,#3192,#3285,#3340,#3367,#3394));
#2991 = ADVANCED_FACE('',(#2992),#3005,.T.);
#2992 = FACE_BOUND('',#2993,.T.);
#2993 = EDGE_LOOP('',(#2994,#3028,#3051,#3078));
#2994 = ORIENTED_EDGE('',*,*,#2995,.F.);
#2995 = EDGE_CURVE('',#2996,#2996,#2998,.T.);
#2996 = VERTEX_POINT('',#2997);
#2997 = CARTESIAN_POINT('',(8.431229579377E-03,26.025040441206,
    16.644135023976));
#2998 = SURFACE_CURVE('',#2999,(#3004,#3016),.PCURVE_S1.);
#2999 = CIRCLE('',#3000,26.036434567188);
#3000 = AXIS2_PLACEMENT_3D('',#3001,#3002,#3003);
#3001 = CARTESIAN_POINT('',(8.431229579371E-03,-1.1382658161E-02,
    16.668571926865));
#3002 = DIRECTION('',(-5.46820323464E-04,9.385655002981E-04,
    0.999999410041));
#3003 = DIRECTION('',(0.,0.999999559547,-9.385656406196E-04));
#3004 = PCURVE('',#3005,#3010);
#3005 = CYLINDRICAL_SURFACE('',#3006,26.036434567188);
#3006 = AXIS2_PLACEMENT_3D('',#3007,#3008,#3009);
#3007 = CARTESIAN_POINT('',(1.420152867068E-02,-2.128683220339E-02,
    6.116119065364));
#3008 = DIRECTION('',(-5.46820323464E-04,9.385655002981E-04,
    0.999999410041));
#3009 = DIRECTION('',(0.,0.999999559547,-9.385656406196E-04));
#3010 = DEFINITIONAL_REPRESENTATION('',(#3011),#3015);
#3011 = LINE('',#3012,#3013);
#3012 = CARTESIAN_POINT('',(0.,10.552459087019));
#3013 = VECTOR('',#3014,1.);
#3014 = DIRECTION('',(1.,0.));
#3015 = ( GEOMETRIC_REPRESENTATION_CONTEXT(2) 
PARAMETRIC_REPRESENTATION_CONTEXT() REPRESENTATION_CONTEXT('2D SPACE',''
  ) );
#3016 = PCURVE('',#3017,#3022);
#3017 = PLANE('',#3018);
#3018 = AXIS2_PLACEMENT_3D('',#3019,#3020,#3021);
#3019 = CARTESIAN_POINT('',(8.431229579371E-03,-1.1382658161E-02,
    16.668571926865));
#3020 = DIRECTION('',(-5.46820323464E-04,9.385655002981E-04,
    0.999999410041));
#3021 = DIRECTION('',(0.,0.999999559547,-9.385656406196E-04));
#3022 = DEFINITIONAL_REPRESENTATION('',(#3023),#3027);
#3023 = CIRCLE('',#3024,26.036434567188);
#3024 = AXIS2_PLACEMENT_2D('',#3025,#3026);
#3025 = CARTESIAN_POINT('',(0.,0.));
#3026 = DIRECTION('',(1.,0.));
#3027 = ( GEOMETRIC_REPRESENTATION_CONTEXT(2) 
PARAMETRIC_REPRESENTATION_CONTEXT() REPRESENTATION_CONTEXT('2D SPACE',''
  ) );
#3028 = ORIENTED_EDGE('',*,*,#3029,.F.);
#3029 = EDGE_CURVE('',#3030,#2996,#3032,.T.);
#3030 = VERTEX_POINT('',#3031);
#3031 = CARTESIAN_POINT('',(1.420152867068E-02,26.015136267164,
    6.091682162475));
#3032 = SEAM_CURVE('',#3033,(#3037,#3044),.PCURVE_S1.);
#3033 = LINE('',#3034,#3035);
#3034 = CARTESIAN_POINT('',(1.420152867068E-02,26.015136267164,
    6.091682162475));
#3035 = VECTOR('',#3036,1.);
#3036 = DIRECTION('',(-5.46820323464E-04,9.385655002981E-04,
    0.999999410041));
#3037 = PCURVE('',#3005,#3038);
#3038 = DEFINITIONAL_REPRESENTATION('',(#3039),#3043);
#3039 = LINE('',#3040,#3041);
#3040 = CARTESIAN_POINT('',(6.28318530718,-0.));
#3041 = VECTOR('',#3042,1.);
#3042 = DIRECTION('',(0.,1.));
#3043 = ( GEOMETRIC_REPRESENTATION_CONTEXT(2) 
PARAMETRIC_REPRESENTATION_CONTEXT() REPRESENTATION_CONTEXT('2D SPACE',''
  ) );
#3044 = PCURVE('',#3005,#3045);
#3045 = DEFINITIONAL_REPRESENTATION('',(#3046),#3050);
#3046 = LINE('',#3047,#3048);
#3047 = CARTESIAN_POINT('',(0.,-0.));
#3048 = VECTOR('',#3049,1.);
#3049 = DIRECTION('',(0.,1.));
#3050 = ( GEOMETRIC_REPRESENTATION_CONTEXT(2) 
PARAMETRIC_REPRESENTATION_CONTEXT() REPRESENTATION_CONTEXT('2D SPACE',''
  ) );
#3051 = ORIENTED_EDGE('',*,*,#3052,.T.);
#3052 = EDGE_CURVE('',#3030,#3030,#3053,.T.);
#3053 = SURFACE_CURVE('',#3054,(#3059,#3066),.PCURVE_S1.);
#3054 = CIRCLE('',#3055,26.036434567188);
#3055 = AXIS2_PLACEMENT_3D('',#3056,#3057,#3058);
#3056 = CARTESIAN_POINT('',(1.420152867068E-02,-2.128683220339E-02,
    6.116119065364));
#3057 = DIRECTION('',(-5.46820323464E-04,9.385655002981E-04,
    0.999999410041));
#3058 = DIRECTION('',(0.,0.999999559547,-9.385656406196E-04));
#3059 = PCURVE('',#3005,#3060);
#3060 = DEFINITIONAL_REPRESENTATION('',(#3061),#3065);
#3061 = LINE('',#3062,#3063);
#3062 = CARTESIAN_POINT('',(0.,0.));
#3063 = VECTOR('',#3064,1.);
#3064 = DIRECTION('',(1.,0.));
#3065 = ( GEOMETRIC_REPRESENTATION_CONTEXT(2) 
PARAMETRIC_REPRESENTATION_CONTEXT() REPRESENTATION_CONTEXT('2D SPACE',''
  ) );
#3066 = PCURVE('',#3067,#3072);
#3067 = PLANE('',#3068);
#3068 = AXIS2_PLACEMENT_3D('',#3069,#3070,#3071);
#3069 = CARTESIAN_POINT('',(1.420152867068E-02,-2.128683220339E-02,
    6.116119065364));
#3070 = DIRECTION('',(-5.46820323464E-04,9.385655002981E-04,
    0.999999410041));
#3071 = DIRECTION('',(0.,0.999999559547,-9.385656406196E-04));
#3072 = DEFINITIONAL_REPRESENTATION('',(#3073),#3077);
#3073 = CIRCLE('',#3074,26.036434567188);
#3074 = AXIS2_PLACEMENT_2D('',#3075,#3076);
#3075 = CARTESIAN_POINT('',(0.,0.));
#3076 = DIRECTION('',(1.,0.));
#3077 = ( GEOMETRIC_REPRESENTATION_CONTEXT(2) 
PARAMETRIC_REPRESENTATION_CONTEXT() REPRESENTATION_CONTEXT('2D SPACE',''
  ) );
#3078 = ORIENTED_EDGE('',*,*,#3029,.T.);
#3079 = ADVANCED_FACE('',(#3080,#3083),#3017,.T.);
#3080 = FACE_BOUND('',#3081,.T.);
#3081 = EDGE_LOOP('',(#3082));
#3082 = ORIENTED_EDGE('',*,*,#2995,.T.);
#3083 = FACE_BOUND('',#3084,.T.);
#3084 = EDGE_LOOP('',(#3085,#3116,#3142,#3168));
#3085 = ORIENTED_EDGE('',*,*,#3086,.F.);
#3086 = EDGE_CURVE('',#3087,#3089,#3091,.T.);
#3087 = VERTEX_POINT('',#3088);
#3088 = CARTESIAN_POINT('',(-4.00000000986,11.82350698264,
    16.655272208235));
#3089 = VERTEX_POINT('',#3090);
#3090 = CARTESIAN_POINT('',(3.999999993066,11.829208954854,
    16.659641421728));
#3091 = SURFACE_CURVE('',#3092,(#3097,#3104),.PCURVE_S1.);
#3092 = CIRCLE('',#3093,12.495291540968);
#3093 = AXIS2_PLACEMENT_3D('',#3094,#3095,#3096);
#3094 = CARTESIAN_POINT('',(8.431229579371E-03,-1.1382658161E-02,
    16.668571926865));
#3095 = DIRECTION('',(-5.46820323464E-04,9.385655002981E-04,
    0.999999410041));
#3096 = DIRECTION('',(0.,0.999999559547,-9.385656406196E-04));
#3097 = PCURVE('',#3017,#3098);
#3098 = DEFINITIONAL_REPRESENTATION('',(#3099),#3103);
#3099 = CIRCLE('',#3100,12.495291540968);
#3100 = AXIS2_PLACEMENT_2D('',#3101,#3102);
#3101 = CARTESIAN_POINT('',(1.200806854945E-17,1.942690735818E-18));
#3102 = DIRECTION('',(1.,0.));
#3103 = ( GEOMETRIC_REPRESENTATION_CONTEXT(2) 
PARAMETRIC_REPRESENTATION_CONTEXT() REPRESENTATION_CONTEXT('2D SPACE',''
  ) );
#3104 = PCURVE('',#3105,#3110);
#3105 = CYLINDRICAL_SURFACE('',#3106,12.495291540968);
#3106 = AXIS2_PLACEMENT_3D('',#3107,#3108,#3109);
#3107 = CARTESIAN_POINT('',(2.989983426941E-02,-4.82314928458E-02,
    -22.59220735149));
#3108 = DIRECTION('',(-5.46820323464E-04,9.385655002981E-04,
    0.999999410041));
#3109 = DIRECTION('',(0.,0.999999559547,-9.385656406196E-04));
#3110 = DEFINITIONAL_REPRESENTATION('',(#3111),#3115);
#3111 = LINE('',#3112,#3113);
#3112 = CARTESIAN_POINT('',(0.,39.260802440628));
#3113 = VECTOR('',#3114,1.);
#3114 = DIRECTION('',(1.,0.));
#3115 = ( GEOMETRIC_REPRESENTATION_CONTEXT(2) 
PARAMETRIC_REPRESENTATION_CONTEXT() REPRESENTATION_CONTEXT('2D SPACE',''
  ) );
#3116 = ORIENTED_EDGE('',*,*,#3117,.F.);
#3117 = EDGE_CURVE('',#3118,#3087,#3120,.T.);
#3118 = VERTEX_POINT('',#3119);
#3119 = CARTESIAN_POINT('',(-3.999997969017,15.799998257005,
    16.651540009627));
#3120 = SURFACE_CURVE('',#3121,(#3125,#3131),.PCURVE_S1.);
#3121 = LINE('',#3122,#3123);
#3122 = CARTESIAN_POINT('',(-4.000003095532,5.811213980342,
    16.660915140666));
#3123 = VECTOR('',#3124,1.);
#3124 = DIRECTION('',(-5.132269165174E-07,-0.999999559547,
    9.385653599766E-04));
#3125 = PCURVE('',#3017,#3126);
#3126 = DEFINITIONAL_REPRESENTATION('',(#3127),#3130);
#3127 = B_SPLINE_CURVE_WITH_KNOTS('',1,(#3128,#3129),.UNSPECIFIED.,.F.,
  .F.,(2,2),(-9.988788676252,-5.833643626252),.PIECEWISE_BEZIER_KNOTS.);
#3128 = CARTESIAN_POINT('',(15.811389936571,4.008429797882));
#3129 = CARTESIAN_POINT('',(11.656244886571,4.008431930414));
#3130 = ( GEOMETRIC_REPRESENTATION_CONTEXT(2) 
PARAMETRIC_REPRESENTATION_CONTEXT() REPRESENTATION_CONTEXT('2D SPACE',''
  ) );
#3131 = PCURVE('',#3132,#3137);
#3132 = PLANE('',#3133);
#3133 = AXIS2_PLACEMENT_3D('',#3134,#3135,#3136);
#3134 = CARTESIAN_POINT('',(-4.000000101549,11.64485503715,
    28.422785708344));
#3135 = DIRECTION('',(-1.,5.132271425696E-07,0.));
#3136 = DIRECTION('',(0.,0.,-1.));
#3137 = DEFINITIONAL_REPRESENTATION('',(#3138),#3141);
#3138 = B_SPLINE_CURVE_WITH_KNOTS('',1,(#3139,#3140),.UNSPECIFIED.,.F.,
  .F.,(2,2),(-9.988788676252,-5.833643626252),.PIECEWISE_BEZIER_KNOTS.);
#3139 = CARTESIAN_POINT('',(11.771245698717,-4.155143219856));
#3140 = CARTESIAN_POINT('',(11.767345823508,-8.881784197001E-16));
#3141 = ( GEOMETRIC_REPRESENTATION_CONTEXT(2) 
PARAMETRIC_REPRESENTATION_CONTEXT() REPRESENTATION_CONTEXT('2D SPACE',''
  ) );
#3142 = ORIENTED_EDGE('',*,*,#3143,.T.);
#3143 = EDGE_CURVE('',#3118,#3144,#3146,.T.);
#3144 = VERTEX_POINT('',#3145);
#3145 = CARTESIAN_POINT('',(4.000002030983,15.799998257005,
    16.655914574795));
#3146 = SURFACE_CURVE('',#3147,(#3151,#3157),.PCURVE_S1.);
#3147 = LINE('',#3148,#3149);
#3148 = CARTESIAN_POINT('',(6.019551123777E-04,15.799998257005,
    16.653727620262));
#3149 = VECTOR('',#3150,1.);
#3150 = DIRECTION('',(0.999999850494,-0.,5.468205643126E-04));
#3151 = PCURVE('',#3017,#3152);
#3152 = DEFINITIONAL_REPRESENTATION('',(#3153),#3156);
#3153 = B_SPLINE_CURVE_WITH_KNOTS('',1,(#3154,#3155),.UNSPECIFIED.,.F.,
  .F.,(2,2),(-4.000600522245,3.999400673807),.PIECEWISE_BEZIER_KNOTS.);
#3154 = CARTESIAN_POINT('',(15.811389936571,4.008429797882));
#3155 = CARTESIAN_POINT('',(15.811385830754,-3.991571398169));
#3156 = ( GEOMETRIC_REPRESENTATION_CONTEXT(2) 
PARAMETRIC_REPRESENTATION_CONTEXT() REPRESENTATION_CONTEXT('2D SPACE',''
  ) );
#3157 = PCURVE('',#3158,#3163);
#3158 = PLANE('',#3159);
#3159 = AXIS2_PLACEMENT_3D('',#3160,#3161,#3162);
#3160 = CARTESIAN_POINT('',(2.030983125423E-06,15.799998257005,
    3.418185833134));
#3161 = DIRECTION('',(-0.,-1.,-0.));
#3162 = DIRECTION('',(0.,0.,-1.));
#3163 = DEFINITIONAL_REPRESENTATION('',(#3164),#3167);
#3164 = B_SPLINE_CURVE_WITH_KNOTS('',1,(#3165,#3166),.UNSPECIFIED.,.F.,
  .F.,(2,2),(-4.000600522245,3.999400673807),.PIECEWISE_BEZIER_KNOTS.);
#3165 = CARTESIAN_POINT('',(-13.23335417649,-4.));
#3166 = CARTESIAN_POINT('',(-13.23772874166,4.));
#3167 = ( GEOMETRIC_REPRESENTATION_CONTEXT(2) 
PARAMETRIC_REPRESENTATION_CONTEXT() REPRESENTATION_CONTEXT('2D SPACE',''
  ) );
#3168 = ORIENTED_EDGE('',*,*,#3169,.F.);
#3169 = EDGE_CURVE('',#3089,#3144,#3170,.T.);
#3170 = SURFACE_CURVE('',#3171,(#3175,#3181),.PCURVE_S1.);
#3171 = LINE('',#3172,#3173);
#3172 = CARTESIAN_POINT('',(3.999996916512,5.834680813909,
    16.665267680668));
#3173 = VECTOR('',#3174,1.);
#3174 = DIRECTION('',(5.132269165174E-07,0.999999559547,
    -9.385653599766E-04));
#3175 = PCURVE('',#3017,#3176);
#3176 = DEFINITIONAL_REPRESENTATION('',(#3177),#3180);
#3177 = B_SPLINE_CURVE_WITH_KNOTS('',1,(#3178,#3179),.UNSPECIFIED.,.F.,
  .F.,(2,2),(5.810176782349,9.965321832349),.PIECEWISE_BEZIER_KNOTS.);
#3178 = CARTESIAN_POINT('',(11.656240780755,-3.991569265636));
#3179 = CARTESIAN_POINT('',(15.811385830754,-3.991571398169));
#3180 = ( GEOMETRIC_REPRESENTATION_CONTEXT(2) 
PARAMETRIC_REPRESENTATION_CONTEXT() REPRESENTATION_CONTEXT('2D SPACE',''
  ) );
#3181 = PCURVE('',#3182,#3187);
#3182 = PLANE('',#3183);
#3183 = AXIS2_PLACEMENT_3D('',#3184,#3185,#3186);
#3184 = CARTESIAN_POINT('',(3.999999898451,11.64485503715,
    -21.57861429165));
#3185 = DIRECTION('',(1.,-5.132271425696E-07,0.));
#3186 = DIRECTION('',(0.,0.,1.));
#3187 = DEFINITIONAL_REPRESENTATION('',(#3188),#3191);
#3188 = B_SPLINE_CURVE_WITH_KNOTS('',1,(#3189,#3190),.UNSPECIFIED.,.F.,
  .F.,(2,2),(5.810176782349,9.965321832349),.PIECEWISE_BEZIER_KNOTS.);
#3189 = CARTESIAN_POINT('',(38.238428741661,0.));
#3190 = CARTESIAN_POINT('',(38.234528866451,-4.155143219856));
#3191 = ( GEOMETRIC_REPRESENTATION_CONTEXT(2) 
PARAMETRIC_REPRESENTATION_CONTEXT() REPRESENTATION_CONTEXT('2D SPACE',''
  ) );
#3192 = ADVANCED_FACE('',(#3193,#3196),#3067,.F.);
#3193 = FACE_BOUND('',#3194,.F.);
#3194 = EDGE_LOOP('',(#3195));
#3195 = ORIENTED_EDGE('',*,*,#3052,.T.);
#3196 = FACE_BOUND('',#3197,.F.);
#3197 = EDGE_LOOP('',(#3198,#3224,#3245,#3266));
#3198 = ORIENTED_EDGE('',*,*,#3199,.F.);
#3199 = EDGE_CURVE('',#3200,#3202,#3204,.T.);
#3200 = VERTEX_POINT('',#3201);
#3201 = CARTESIAN_POINT('',(-4.000000015947,11.811646858786,6.1028180272
    ));
#3202 = VERTEX_POINT('',#3203);
#3203 = CARTESIAN_POINT('',(3.999999988981,11.821248432033,
    6.107183580661));
#3204 = SURFACE_CURVE('',#3205,(#3210,#3217),.PCURVE_S1.);
#3205 = CIRCLE('',#3206,12.495291540968);
#3206 = AXIS2_PLACEMENT_3D('',#3207,#3208,#3209);
#3207 = CARTESIAN_POINT('',(1.420152867068E-02,-2.128683220339E-02,
    6.116119065364));
#3208 = DIRECTION('',(-5.46820323464E-04,9.385655002981E-04,
    0.999999410041));
#3209 = DIRECTION('',(0.,0.999999559547,-9.385656406196E-04));
#3210 = PCURVE('',#3067,#3211);
#3211 = DEFINITIONAL_REPRESENTATION('',(#3212),#3216);
#3212 = CIRCLE('',#3213,12.495291540968);
#3213 = AXIS2_PLACEMENT_2D('',#3214,#3215);
#3214 = CARTESIAN_POINT('',(8.606118342592E-18,-7.633791841755E-19));
#3215 = DIRECTION('',(1.,0.));
#3216 = ( GEOMETRIC_REPRESENTATION_CONTEXT(2) 
PARAMETRIC_REPRESENTATION_CONTEXT() REPRESENTATION_CONTEXT('2D SPACE',''
  ) );
#3217 = PCURVE('',#3105,#3218);
#3218 = DEFINITIONAL_REPRESENTATION('',(#3219),#3223);
#3219 = LINE('',#3220,#3221);
#3220 = CARTESIAN_POINT('',(0.,28.708343353609));
#3221 = VECTOR('',#3222,1.);
#3222 = DIRECTION('',(1.,0.));
#3223 = ( GEOMETRIC_REPRESENTATION_CONTEXT(2) 
PARAMETRIC_REPRESENTATION_CONTEXT() REPRESENTATION_CONTEXT('2D SPACE',''
  ) );
#3224 = ORIENTED_EDGE('',*,*,#3225,.F.);
#3225 = EDGE_CURVE('',#3226,#3200,#3228,.T.);
#3226 = VERTEX_POINT('',#3227);
#3227 = CARTESIAN_POINT('',(-3.999997969017,15.799998257005,
    6.099074697086));
#3228 = SURFACE_CURVE('',#3229,(#3233,#3239),.PCURVE_S1.);
#3229 = LINE('',#3230,#3231);
#3230 = CARTESIAN_POINT('',(-4.000003100615,5.8013098063,6.108459123844)
  );
#3231 = VECTOR('',#3232,1.);
#3232 = DIRECTION('',(-5.132269165174E-07,-0.999999559547,
    9.385653599766E-04));
#3233 = PCURVE('',#3067,#3234);
#3234 = DEFINITIONAL_REPRESENTATION('',(#3235),#3238);
#3235 = B_SPLINE_CURVE_WITH_KNOTS('',1,(#3236,#3237),.UNSPECIFIED.,.F.,
  .F.,(2,2),(-9.998692854656,-5.843547804656),.PIECEWISE_BEZIER_KNOTS.);
#3236 = CARTESIAN_POINT('',(15.821294117937,4.014200097836));
#3237 = CARTESIAN_POINT('',(11.666149067938,4.014202230368));
#3238 = ( GEOMETRIC_REPRESENTATION_CONTEXT(2) 
PARAMETRIC_REPRESENTATION_CONTEXT() REPRESENTATION_CONTEXT('2D SPACE',''
  ) );
#3239 = PCURVE('',#3132,#3240);
#3240 = DEFINITIONAL_REPRESENTATION('',(#3241),#3244);
#3241 = B_SPLINE_CURVE_WITH_KNOTS('',1,(#3242,#3243),.UNSPECIFIED.,.F.,
  .F.,(2,2),(-9.998692854656,-5.843547804656),.PIECEWISE_BEZIER_KNOTS.);
#3242 = CARTESIAN_POINT('',(22.323711011258,-4.155143219856));
#3243 = CARTESIAN_POINT('',(22.319811136049,-8.881784197001E-16));
#3244 = ( GEOMETRIC_REPRESENTATION_CONTEXT(2) 
PARAMETRIC_REPRESENTATION_CONTEXT() REPRESENTATION_CONTEXT('2D SPACE',''
  ) );
#3245 = ORIENTED_EDGE('',*,*,#3246,.T.);
#3246 = EDGE_CURVE('',#3226,#3247,#3249,.T.);
#3247 = VERTEX_POINT('',#3248);
#3248 = CARTESIAN_POINT('',(4.000002030983,15.799998257005,
    6.103449262254));
#3249 = SURFACE_CURVE('',#3250,(#3254,#3260),.PCURVE_S1.);
#3250 = LINE('',#3251,#3252);
#3251 = CARTESIAN_POINT('',(6.372259286773E-03,15.799998257005,
    6.101265463042));
#3252 = VECTOR('',#3253,1.);
#3253 = DIRECTION('',(0.999999850494,-0.,5.468205643126E-04));
#3254 = PCURVE('',#3067,#3255);
#3255 = DEFINITIONAL_REPRESENTATION('',(#3256),#3259);
#3256 = B_SPLINE_CURVE_WITH_KNOTS('',1,(#3257,#3258),.UNSPECIFIED.,.F.,
  .F.,(2,2),(-4.006370827282,3.99363036877),.PIECEWISE_BEZIER_KNOTS.);
#3257 = CARTESIAN_POINT('',(15.821294117937,4.014200097836));
#3258 = CARTESIAN_POINT('',(15.82129001212,-3.985801098215));
#3259 = ( GEOMETRIC_REPRESENTATION_CONTEXT(2) 
PARAMETRIC_REPRESENTATION_CONTEXT() REPRESENTATION_CONTEXT('2D SPACE',''
  ) );
#3260 = PCURVE('',#3158,#3261);
#3261 = DEFINITIONAL_REPRESENTATION('',(#3262),#3265);
#3262 = B_SPLINE_CURVE_WITH_KNOTS('',1,(#3263,#3264),.UNSPECIFIED.,.F.,
  .F.,(2,2),(-4.006370827282,3.99363036877),.PIECEWISE_BEZIER_KNOTS.);
#3263 = CARTESIAN_POINT('',(-2.680888863951,-4.));
#3264 = CARTESIAN_POINT('',(-2.68526342912,4.));
#3265 = ( GEOMETRIC_REPRESENTATION_CONTEXT(2) 
PARAMETRIC_REPRESENTATION_CONTEXT() REPRESENTATION_CONTEXT('2D SPACE',''
  ) );
#3266 = ORIENTED_EDGE('',*,*,#3267,.F.);
#3267 = EDGE_CURVE('',#3202,#3247,#3268,.T.);
#3268 = SURFACE_CURVE('',#3269,(#3273,#3279),.PCURVE_S1.);
#3269 = LINE('',#3270,#3271);
#3270 = CARTESIAN_POINT('',(3.999996911429,5.824776639867,6.112811663846
    ));
#3271 = VECTOR('',#3272,1.);
#3272 = DIRECTION('',(5.132269165174E-07,0.999999559547,
    -9.385653599766E-04));
#3273 = PCURVE('',#3067,#3274);
#3274 = DEFINITIONAL_REPRESENTATION('',(#3275),#3278);
#3275 = B_SPLINE_CURVE_WITH_KNOTS('',1,(#3276,#3277),.UNSPECIFIED.,.F.,
  .F.,(2,2),(5.820080960753,9.975226010753),.PIECEWISE_BEZIER_KNOTS.);
#3276 = CARTESIAN_POINT('',(11.666144962121,-3.985798965682));
#3277 = CARTESIAN_POINT('',(15.82129001212,-3.985801098215));
#3278 = ( GEOMETRIC_REPRESENTATION_CONTEXT(2) 
PARAMETRIC_REPRESENTATION_CONTEXT() REPRESENTATION_CONTEXT('2D SPACE',''
  ) );
#3279 = PCURVE('',#3182,#3280);
#3280 = DEFINITIONAL_REPRESENTATION('',(#3281),#3284);
#3281 = B_SPLINE_CURVE_WITH_KNOTS('',1,(#3282,#3283),.UNSPECIFIED.,.F.,
  .F.,(2,2),(5.820080960753,9.975226010753),.PIECEWISE_BEZIER_KNOTS.);
#3282 = CARTESIAN_POINT('',(27.68596342912,-8.881784197001E-16));
#3283 = CARTESIAN_POINT('',(27.68206355391,-4.155143219856));
#3284 = ( GEOMETRIC_REPRESENTATION_CONTEXT(2) 
PARAMETRIC_REPRESENTATION_CONTEXT() REPRESENTATION_CONTEXT('2D SPACE',''
  ) );
#3285 = ADVANCED_FACE('',(#3286),#3105,.F.);
#3286 = FACE_BOUND('',#3287,.F.);
#3287 = EDGE_LOOP('',(#3288,#3289,#3314,#3315));
#3288 = ORIENTED_EDGE('',*,*,#3086,.F.);
#3289 = ORIENTED_EDGE('',*,*,#3290,.T.);
#3290 = EDGE_CURVE('',#3087,#3200,#3291,.T.);
#3291 = SURFACE_CURVE('',#3292,(#3297,#3307),.PCURVE_S1.);
#3292 = ELLIPSE('',#3293,2.285079759773E+04,12.495291540968);
#3293 = AXIS2_PLACEMENT_3D('',#3294,#3295,#3296);
#3294 = CARTESIAN_POINT('',(-4.000002552793,6.868715789043,
    7.347104632109E+03));
#3295 = DIRECTION('',(-1.,5.132271425696E-07,-1.033975765691E-25));
#3296 = DIRECTION('',(4.816972178156E-10,9.385653599765E-04,
    0.999999559547));
#3297 = PCURVE('',#3105,#3298);
#3298 = DEFINITIONAL_REPRESENTATION('',(#3299),#3306);
#3299 = B_SPLINE_CURVE_WITH_KNOTS('',5,(#3300,#3301,#3302,#3303,#3304,
    #3305),.UNSPECIFIED.,.F.,.F.,(6,6),(1.897365974129,1.897853581541),
  .PIECEWISE_BEZIER_KNOTS.);
#3300 = CARTESIAN_POINT('',(0.326569134107,39.260803040622));
#3301 = CARTESIAN_POINT('',(0.32666665559,37.150136610308));
#3302 = CARTESIAN_POINT('',(0.326764177072,35.039557324634));
#3303 = CARTESIAN_POINT('',(0.326861698554,32.929065225411));
#3304 = CARTESIAN_POINT('',(0.326959220037,30.818660354465));
#3305 = CARTESIAN_POINT('',(0.327056741519,28.708342753604));
#3306 = ( GEOMETRIC_REPRESENTATION_CONTEXT(2) 
PARAMETRIC_REPRESENTATION_CONTEXT() REPRESENTATION_CONTEXT('2D SPACE',''
  ) );
#3307 = PCURVE('',#3132,#3308);
#3308 = DEFINITIONAL_REPRESENTATION('',(#3309),#3313);
#3309 = ELLIPSE('',#3310,2.285079759773E+04,12.495291540968);
#3310 = AXIS2_PLACEMENT_2D('',#3311,#3312);
#3311 = CARTESIAN_POINT('',(-7.3186818464E+03,4.776139248107));
#3312 = DIRECTION('',(-0.999999559547,-9.385653599766E-04));
#3313 = ( GEOMETRIC_REPRESENTATION_CONTEXT(2) 
PARAMETRIC_REPRESENTATION_CONTEXT() REPRESENTATION_CONTEXT('2D SPACE',''
  ) );
#3314 = ORIENTED_EDGE('',*,*,#3199,.T.);
#3315 = ORIENTED_EDGE('',*,*,#3316,.T.);
#3316 = EDGE_CURVE('',#3202,#3089,#3317,.T.);
#3317 = SURFACE_CURVE('',#3318,(#3323,#3333),.PCURVE_S1.);
#3318 = ELLIPSE('',#3319,2.285079759773E+04,12.495291540968);
#3319 = AXIS2_PLACEMENT_3D('',#3320,#3321,#3322);
#3320 = CARTESIAN_POINT('',(3.999990399965,-6.862517425775,
    -7.28290798778E+03));
#3321 = DIRECTION('',(1.,-5.132271425696E-07,1.033975765691E-25));
#3322 = DIRECTION('',(4.816972178156E-10,9.385653599765E-04,
    0.999999559547));
#3323 = PCURVE('',#3105,#3324);
#3324 = DEFINITIONAL_REPRESENTATION('',(#3325),#3332);
#3325 = B_SPLINE_CURVE_WITH_KNOTS('',5,(#3326,#3327,#3328,#3329,#3330,
    #3331),.UNSPECIFIED.,.F.,.F.,(6,6),(5.037045842218,5.037533134548),
  .PIECEWISE_BEZIER_KNOTS.);
#3326 = CARTESIAN_POINT('',(5.95852793212,28.7083427536));
#3327 = CARTESIAN_POINT('',(5.958430473654,30.819007975294));
#3328 = CARTESIAN_POINT('',(5.958333015188,32.92958665659));
#3329 = CARTESIAN_POINT('',(5.958235556722,35.040078755744));
#3330 = CARTESIAN_POINT('',(5.958138098256,37.150484231036));
#3331 = CARTESIAN_POINT('',(5.95804063979,39.26080304063));
#3332 = ( GEOMETRIC_REPRESENTATION_CONTEXT(2) 
PARAMETRIC_REPRESENTATION_CONTEXT() REPRESENTATION_CONTEXT('2D SPACE',''
  ) );
#3333 = PCURVE('',#3182,#3334);
#3334 = DEFINITIONAL_REPRESENTATION('',(#3335),#3339);
#3335 = ELLIPSE('',#3336,2.285079759773E+04,12.495291540968);
#3336 = AXIS2_PLACEMENT_2D('',#3337,#3338);
#3337 = CARTESIAN_POINT('',(-7.261329373488E+03,18.507372462927));
#3338 = DIRECTION('',(0.999999559547,-9.385653599766E-04));
#3339 = ( GEOMETRIC_REPRESENTATION_CONTEXT(2) 
PARAMETRIC_REPRESENTATION_CONTEXT() REPRESENTATION_CONTEXT('2D SPACE',''
  ) );
#3340 = ADVANCED_FACE('',(#3341),#3182,.F.);
#3341 = FACE_BOUND('',#3342,.F.);
#3342 = EDGE_LOOP('',(#3343,#3344,#3365,#3366));
#3343 = ORIENTED_EDGE('',*,*,#3267,.T.);
#3344 = ORIENTED_EDGE('',*,*,#3345,.T.);
#3345 = EDGE_CURVE('',#3247,#3144,#3346,.T.);
#3346 = SURFACE_CURVE('',#3347,(#3351,#3358),.PCURVE_S1.);
#3347 = LINE('',#3348,#3349);
#3348 = CARTESIAN_POINT('',(4.000002030983,15.799998257005,
    -21.58251416686));
#3349 = VECTOR('',#3350,1.);
#3350 = DIRECTION('',(0.,0.,1.));
#3351 = PCURVE('',#3182,#3352);
#3352 = DEFINITIONAL_REPRESENTATION('',(#3353),#3357);
#3353 = LINE('',#3354,#3355);
#3354 = CARTESIAN_POINT('',(-3.899875209608E-03,-4.155143219856));
#3355 = VECTOR('',#3356,1.);
#3356 = DIRECTION('',(1.,0.));
#3357 = ( GEOMETRIC_REPRESENTATION_CONTEXT(2) 
PARAMETRIC_REPRESENTATION_CONTEXT() REPRESENTATION_CONTEXT('2D SPACE',''
  ) );
#3358 = PCURVE('',#3158,#3359);
#3359 = DEFINITIONAL_REPRESENTATION('',(#3360),#3364);
#3360 = LINE('',#3361,#3362);
#3361 = CARTESIAN_POINT('',(25.0007,4.));
#3362 = VECTOR('',#3363,1.);
#3363 = DIRECTION('',(-1.,0.));
#3364 = ( GEOMETRIC_REPRESENTATION_CONTEXT(2) 
PARAMETRIC_REPRESENTATION_CONTEXT() REPRESENTATION_CONTEXT('2D SPACE',''
  ) );
#3365 = ORIENTED_EDGE('',*,*,#3169,.F.);
#3366 = ORIENTED_EDGE('',*,*,#3316,.F.);
#3367 = ADVANCED_FACE('',(#3368),#3158,.T.);
#3368 = FACE_BOUND('',#3369,.T.);
#3369 = EDGE_LOOP('',(#3370,#3371,#3372,#3373));
#3370 = ORIENTED_EDGE('',*,*,#3246,.T.);
#3371 = ORIENTED_EDGE('',*,*,#3345,.T.);
#3372 = ORIENTED_EDGE('',*,*,#3143,.F.);
#3373 = ORIENTED_EDGE('',*,*,#3374,.T.);
#3374 = EDGE_CURVE('',#3118,#3226,#3375,.T.);
#3375 = SURFACE_CURVE('',#3376,(#3380,#3387),.PCURVE_S1.);
#3376 = LINE('',#3377,#3378);
#3377 = CARTESIAN_POINT('',(-3.999997969017,15.799998257005,
    28.418885833134));
#3378 = VECTOR('',#3379,1.);
#3379 = DIRECTION('',(0.,0.,-1.));
#3380 = PCURVE('',#3158,#3381);
#3381 = DEFINITIONAL_REPRESENTATION('',(#3382),#3386);
#3382 = LINE('',#3383,#3384);
#3383 = CARTESIAN_POINT('',(-25.0007,-4.));
#3384 = VECTOR('',#3385,1.);
#3385 = DIRECTION('',(1.,0.));
#3386 = ( GEOMETRIC_REPRESENTATION_CONTEXT(2) 
PARAMETRIC_REPRESENTATION_CONTEXT() REPRESENTATION_CONTEXT('2D SPACE',''
  ) );
#3387 = PCURVE('',#3132,#3388);
#3388 = DEFINITIONAL_REPRESENTATION('',(#3389),#3393);
#3389 = LINE('',#3390,#3391);
#3390 = CARTESIAN_POINT('',(3.899875209608E-03,-4.155143219856));
#3391 = VECTOR('',#3392,1.);
#3392 = DIRECTION('',(1.,0.));
#3393 = ( GEOMETRIC_REPRESENTATION_CONTEXT(2) 
PARAMETRIC_REPRESENTATION_CONTEXT() REPRESENTATION_CONTEXT('2D SPACE',''
  ) );
#3394 = ADVANCED_FACE('',(#3395),#3132,.F.);
#3395 = FACE_BOUND('',#3396,.F.);
#3396 = EDGE_LOOP('',(#3397,#3398,#3399,#3400));
#3397 = ORIENTED_EDGE('',*,*,#3117,.F.);
#3398 = ORIENTED_EDGE('',*,*,#3374,.T.);
#3399 = ORIENTED_EDGE('',*,*,#3225,.T.);
#3400 = ORIENTED_EDGE('',*,*,#3290,.F.);
#3401 = ( GEOMETRIC_REPRESENTATION_CONTEXT(3) 
GLOBAL_UNCERTAINTY_ASSIGNED_CONTEXT((#3405)) 
GLOBAL_UNIT_ASSIGNED_CONTEXT((#3402,#3403,#3404)) REPRESENTATION_CONTEXT
('Context #1','3D Context with UNIT and UNCERTAINTY') );
#3402 = ( LENGTH_UNIT() NAMED_UNIT(*) SI_UNIT(.MILLI.,.METRE.) );
#3403 = ( NAMED_UNIT(*) PLANE_ANGLE_UNIT() SI_UNIT($,.RADIAN.) );
#3404 = ( NAMED_UNIT(*) SI_UNIT($,.STERADIAN.) SOLID_ANGLE_UNIT() );
#3405 = UNCERTAINTY_MEASURE_WITH_UNIT(LENGTH_MEASURE(1.E-05),#3402,
  'distance_accuracy_value','confusion accuracy');
#3406 = PRODUCT_TYPE('part',$,(#7));
ENDSEC;
END-ISO-10303-21;
