ISO-10303-21;
HEADER;
FILE_DESCRIPTION(('Open CASCADE Model'),'2;1');
FILE_NAME('Open CASCADE Shape Model','2026-09-08T09:22:25',('Author'),(
    'Open CASCADE'),'Open CASCADE STEP processor 7.8','Open CASCADE 7.8'
  ,'Unknown');
FILE_SCHEMA(('CONFIG_CONTROL_DESIGN'));
ENDSEC;
DATA;
#1 = APPLICATION_PROTOCOL_DEFINITION('committee draft',
  'automotive_design',1997,#2);
#2 = APPLICATION_CONTEXT(
  'core data for automotive mechanical design processes');
#3 = SHAPE_DEFINITION_REPRESENTATION(#4,#10);
#4 = PRODUCT_DEFINITION_SHAPE('','',#5);
#5 = PRODUCT_DEFINITION('design','',#6,#9);
#6 = PRODUCT_DEFINITION_FORMATION('','',#7);
#7 = PRODUCT('Product 2','Product 2','',(#8));
#8 = MECHANICAL_CONTEXT('',#2,'mechanical');
#9 = PRODUCT_DEFINITION_CONTEXT('part definition',#2,'design');
#10 = ADVANCED_BREP_SHAPE_REPRESENTATION('',(#11,#15),#4769);
#11 = AXIS2_PLACEMENT_3D('',#12,#13,#14);
#12 = CARTESIAN_POINT('',(0.,0.,0.));
#13 = DIRECTION('',(0.,0.,1.));
#14 = DIRECTION('',(1.,0.,-0.));
#15 = BREP_WITH_VOIDS('',#16,(#117,#4434));
#16 = CLOSED_SHELL('',(#17,#109,#113));
#17 = ADVANCED_FACE('',(#18),#32,.T.);
#18 = FACE_BOUND('',#19,.T.);
#19 = EDGE_LOOP('',(#20,#50,#77,#78));
#20 = ORIENTED_EDGE('',*,*,#21,.T.);
#21 = EDGE_CURVE('',#22,#24,#26,.T.);
#22 = VERTEX_POINT('',#23);
#23 = CARTESIAN_POINT('',(118.21088400045,0.115586064118,35.497581505196
    ));
#24 = VERTEX_POINT('',#25);
#25 = CARTESIAN_POINT('',(118.19168570516,0.127190662603,39.817788453283
    ));
#26 = SEAM_CURVE('',#27,(#31,#43),.PCURVE_S1.);
#27 = LINE('',#28,#29);
#28 = CARTESIAN_POINT('',(118.27426292436,7.727604996566E-02,
    21.235374197172));
#29 = VECTOR('',#30,1.);
#30 = DIRECTION('',(-4.443777047937E-03,2.686084759559E-03,
    0.999986518806));
#31 = PCURVE('',#32,#37);
#32 = CYLINDRICAL_SURFACE('',#33,118.44566935232);
#33 = AXIS2_PLACEMENT_3D('',#34,#35,#36);
#34 = CARTESIAN_POINT('',(-0.170236931283,7.727604996569E-02,
    20.709026151459));
#35 = DIRECTION('',(-4.443777047937E-03,2.686084759559E-03,
    0.999986518806));
#36 = DIRECTION('',(0.999990126303,1.694065894509E-21,4.443793079063E-03
    ));
#37 = DEFINITIONAL_REPRESENTATION('',(#38),#42);
#38 = LINE('',#39,#40);
#39 = CARTESIAN_POINT('',(6.28318530718,-0.));
#40 = VECTOR('',#41,1.);
#41 = DIRECTION('',(0.,1.));
#42 = ( GEOMETRIC_REPRESENTATION_CONTEXT(2) 
PARAMETRIC_REPRESENTATION_CONTEXT() REPRESENTATION_CONTEXT('2D SPACE',''
  ) );
#43 = PCURVE('',#32,#44);
#44 = DEFINITIONAL_REPRESENTATION('',(#45),#49);
#45 = LINE('',#46,#47);
#46 = CARTESIAN_POINT('',(0.,-0.));
#47 = VECTOR('',#48,1.);
#48 = DIRECTION('',(0.,1.));
#49 = ( GEOMETRIC_REPRESENTATION_CONTEXT(2) 
PARAMETRIC_REPRESENTATION_CONTEXT() REPRESENTATION_CONTEXT('2D SPACE',''
  ) );
#50 = ORIENTED_EDGE('',*,*,#51,.F.);
#51 = EDGE_CURVE('',#24,#24,#52,.T.);
#52 = SURFACE_CURVE('',#53,(#58,#65),.PCURVE_S1.);
#53 = CIRCLE('',#54,118.44566935232);
#54 = AXIS2_PLACEMENT_3D('',#55,#56,#57);
#55 = CARTESIAN_POINT('',(-0.252814150489,0.127190662603,39.29144040757)
  );
#56 = DIRECTION('',(-4.443777047937E-03,2.686084759559E-03,
    0.999986518806));
#57 = DIRECTION('',(0.999990126303,3.388131789017E-21,4.443793079063E-03
    ));
#58 = PCURVE('',#32,#59);
#59 = DEFINITIONAL_REPRESENTATION('',(#60),#64);
#60 = LINE('',#61,#62);
#61 = CARTESIAN_POINT('',(0.,18.582664772616));
#62 = VECTOR('',#63,1.);
#63 = DIRECTION('',(1.,0.));
#64 = ( GEOMETRIC_REPRESENTATION_CONTEXT(2) 
PARAMETRIC_REPRESENTATION_CONTEXT() REPRESENTATION_CONTEXT('2D SPACE',''
  ) );
#65 = PCURVE('',#66,#71);
#66 = PLANE('',#67);
#67 = AXIS2_PLACEMENT_3D('',#68,#69,#70);
#68 = CARTESIAN_POINT('',(-0.252814150489,0.127190662603,39.29144040757)
  );
#69 = DIRECTION('',(-4.443777047937E-03,2.686084759559E-03,
    0.999986518806));
#70 = DIRECTION('',(0.999990126303,1.694065894509E-21,4.443793079063E-03
    ));
#71 = DEFINITIONAL_REPRESENTATION('',(#72),#76);
#72 = CIRCLE('',#73,118.44566935232);
#73 = AXIS2_PLACEMENT_2D('',#74,#75);
#74 = CARTESIAN_POINT('',(0.,0.));
#75 = DIRECTION('',(1.,0.));
#76 = ( GEOMETRIC_REPRESENTATION_CONTEXT(2) 
PARAMETRIC_REPRESENTATION_CONTEXT() REPRESENTATION_CONTEXT('2D SPACE',''
  ) );
#77 = ORIENTED_EDGE('',*,*,#21,.F.);
#78 = ORIENTED_EDGE('',*,*,#79,.T.);
#79 = EDGE_CURVE('',#22,#22,#80,.T.);
#80 = SURFACE_CURVE('',#81,(#86,#93),.PCURVE_S1.);
#81 = CIRCLE('',#82,118.44566935232);
#82 = AXIS2_PLACEMENT_3D('',#83,#84,#85);
#83 = CARTESIAN_POINT('',(-0.233615855195,0.115586064118,34.971233459483
    ));
#84 = DIRECTION('',(-4.443777047937E-03,2.686084759559E-03,
    0.999986518806));
#85 = DIRECTION('',(0.999990126303,3.388131789017E-21,4.443793079063E-03
    ));
#86 = PCURVE('',#32,#87);
#87 = DEFINITIONAL_REPRESENTATION('',(#88),#92);
#88 = LINE('',#89,#90);
#89 = CARTESIAN_POINT('',(1.694065894509E-21,14.262399582196));
#90 = VECTOR('',#91,1.);
#91 = DIRECTION('',(1.,0.));
#92 = ( GEOMETRIC_REPRESENTATION_CONTEXT(2) 
PARAMETRIC_REPRESENTATION_CONTEXT() REPRESENTATION_CONTEXT('2D SPACE',''
  ) );
#93 = PCURVE('',#94,#99);
#94 = PLANE('',#95);
#95 = AXIS2_PLACEMENT_3D('',#96,#97,#98);
#96 = CARTESIAN_POINT('',(-0.233615855195,0.115586064118,34.971233459483
    ));
#97 = DIRECTION('',(4.443777047937E-03,-2.686084759559E-03,
    -0.999986518806));
#98 = DIRECTION('',(-0.999990126303,-1.694065894509E-21,
    -4.443793079063E-03));
#99 = DEFINITIONAL_REPRESENTATION('',(#100),#108);
#100 = ( BOUNDED_CURVE() B_SPLINE_CURVE(2,(#101,#102,#103,#104,#105,#106
,#107),.UNSPECIFIED.,.T.,.F.) B_SPLINE_CURVE_WITH_KNOTS((1,2,2,2,2,1),(
    -2.094395102393,0.,2.094395102393,4.188790204786,6.28318530718,
8.377580409573),.UNSPECIFIED.) CURVE() GEOMETRIC_REPRESENTATION_ITEM() 
RATIONAL_B_SPLINE_CURVE((1.,0.5,1.,0.5,1.,0.5,1.)) REPRESENTATION_ITEM(
  '') );
#101 = CARTESIAN_POINT('',(-118.4456693523,5.207522643157E-18));
#102 = CARTESIAN_POINT('',(-118.4456693523,205.15391725472));
#103 = CARTESIAN_POINT('',(59.222834676162,102.57695862736));
#104 = CARTESIAN_POINT('',(236.89133870464,2.901602949168E-14));
#105 = CARTESIAN_POINT('',(59.222834676162,-102.5769586273));
#106 = CARTESIAN_POINT('',(-118.4456693523,-205.1539172547));
#107 = CARTESIAN_POINT('',(-118.4456693523,5.207522643157E-18));
#108 = ( GEOMETRIC_REPRESENTATION_CONTEXT(2) 
PARAMETRIC_REPRESENTATION_CONTEXT() REPRESENTATION_CONTEXT('2D SPACE',''
  ) );
#109 = ADVANCED_FACE('',(#110),#94,.T.);
#110 = FACE_BOUND('',#111,.T.);
#111 = EDGE_LOOP('',(#112));
#112 = ORIENTED_EDGE('',*,*,#79,.F.);
#113 = ADVANCED_FACE('',(#114),#66,.T.);
#114 = FACE_BOUND('',#115,.T.);
#115 = EDGE_LOOP('',(#116));
#116 = ORIENTED_EDGE('',*,*,#51,.T.);
#117 = ORIENTED_CLOSED_SHELL('',*,#118,.F.);
#118 = CLOSED_SHELL('',(#119,#431,#528,#669,#718,#797,#1436,#1508,#2166,
    #2302,#2310,#2337,#2421,#2470,#2555,#2708,#2756,#2888,#2958,#3031,
    #3093,#3165,#3223,#3248,#3275,#3312,#3367,#3402,#3411,#3446,#3473,
    #3480,#3519,#3574,#3628,#3655,#3682,#3853,#3908,#3963,#4001,#4005,
    #4031,#4036,#4075,#4110,#4165,#4220,#4330,#4334,#4369,#4424,#4430));
#119 = ADVANCED_FACE('',(#120),#135,.F.);
#120 = FACE_BOUND('',#121,.F.);
#121 = EDGE_LOOP('',(#122,#162,#212,#246,#272,#301,#341,#375,#401));
#122 = ORIENTED_EDGE('',*,*,#123,.T.);
#123 = EDGE_CURVE('',#124,#126,#128,.T.);
#124 = VERTEX_POINT('',#125);
#125 = CARTESIAN_POINT('',(52.196391608728,131.67396528199,
    10.00147022096));
#126 = VERTEX_POINT('',#127);
#127 = CARTESIAN_POINT('',(29.521562416848,-138.4555359169,
    10.626307495261));
#128 = SURFACE_CURVE('',#129,(#134,#146),.PCURVE_S1.);
#129 = CIRCLE('',#130,141.64225098925);
#130 = AXIS2_PLACEMENT_3D('',#131,#132,#133);
#131 = CARTESIAN_POINT('',(-0.123192275255,4.883944475042E-02,
    10.122531531476));
#132 = DIRECTION('',(4.443777047937E-03,-2.686084759559E-03,
    -0.999986518806));
#133 = DIRECTION('',(0.369378370639,0.929278692748,-8.546977308726E-04)
  );
#134 = PCURVE('',#135,#140);
#135 = CYLINDRICAL_SURFACE('',#136,141.64225098925);
#136 = AXIS2_PLACEMENT_3D('',#137,#138,#139);
#137 = CARTESIAN_POINT('',(-3.323551977041E-02,-5.535801198973E-03,
    -10.12050536922));
#138 = DIRECTION('',(-4.443777047937E-03,2.686084759559E-03,
    0.999986518806));
#139 = DIRECTION('',(0.999990126303,1.694065894509E-21,
    4.443793079063E-03));
#140 = DEFINITIONAL_REPRESENTATION('',(#141),#145);
#141 = LINE('',#142,#143);
#142 = CARTESIAN_POINT('',(7.47564965132,20.243309804681));
#143 = VECTOR('',#144,1.);
#144 = DIRECTION('',(-1.,-0.));
#145 = ( GEOMETRIC_REPRESENTATION_CONTEXT(2) 
PARAMETRIC_REPRESENTATION_CONTEXT() REPRESENTATION_CONTEXT('2D SPACE',''
  ) );
#146 = PCURVE('',#147,#152);
#147 = PLANE('',#148);
#148 = AXIS2_PLACEMENT_3D('',#149,#150,#151);
#149 = CARTESIAN_POINT('',(-0.123192275255,4.883944475042E-02,
    10.122531531476));
#150 = DIRECTION('',(-4.443777047937E-03,2.686084759559E-03,
    0.999986518806));
#151 = DIRECTION('',(0.999990126303,1.694065894509E-21,
    4.443793079063E-03));
#152 = DEFINITIONAL_REPRESENTATION('',(#153),#161);
#153 = ( BOUNDED_CURVE() B_SPLINE_CURVE(2,(#154,#155,#156,#157,#158,#159
,#160),.UNSPECIFIED.,.T.,.F.) B_SPLINE_CURVE_WITH_KNOTS((1,2,2,2,2,1),(
    -2.094395102393,0.,2.094395102393,4.188790204786,6.28318530718,
8.377580409573),.UNSPECIFIED.) CURVE() GEOMETRIC_REPRESENTATION_ITEM() 
RATIONAL_B_SPLINE_CURVE((1.,0.5,1.,0.5,1.,0.5,1.)) REPRESENTATION_ITEM(
  '') );
#154 = CARTESIAN_POINT('',(52.31852932484,131.62560068083));
#155 = CARTESIAN_POINT('',(280.30075728081,41.007249712927));
#156 = CARTESIAN_POINT('',(87.831849315567,-111.1219758243));
#157 = CARTESIAN_POINT('',(-104.6370586496,-263.2512013616));
#158 = CARTESIAN_POINT('',(-140.1503786404,-20.50362485646));
#159 = CARTESIAN_POINT('',(-175.6636986311,222.24395164873));
#160 = CARTESIAN_POINT('',(52.31852932484,131.62560068083));
#161 = ( GEOMETRIC_REPRESENTATION_CONTEXT(2) 
PARAMETRIC_REPRESENTATION_CONTEXT() REPRESENTATION_CONTEXT('2D SPACE',''
  ) );
#162 = ORIENTED_EDGE('',*,*,#163,.F.);
#163 = EDGE_CURVE('',#164,#126,#166,.T.);
#164 = VERTEX_POINT('',#165);
#165 = CARTESIAN_POINT('',(29.740677804936,-138.4107335414,
    10.001470220959));
#166 = SURFACE_CURVE('',#167,(#180,#191),.PCURVE_S1.);
#167 = B_SPLINE_CURVE_WITH_KNOTS('',6,(#168,#169,#170,#171,#172,#173,
    #174,#175,#176,#177,#178,#179),.UNSPECIFIED.,.F.,.F.,(7,5,7),(0.,
    0.496101268625,1.),.UNSPECIFIED.);
#168 = CARTESIAN_POINT('',(29.665617068048,-138.4983277995,
    -9.618520544494));
#169 = CARTESIAN_POINT('',(30.23490474834,-138.3702798433,
    -7.978527044597));
#170 = CARTESIAN_POINT('',(30.685291161509,-138.2646354453,
    -6.316247609057));
#171 = CARTESIAN_POINT('',(31.019403236088,-138.1831715177,
    -4.638358273652));
#172 = CARTESIAN_POINT('',(31.23902801389,-138.126975738,-2.95053072292)
  );
#173 = CARTESIAN_POINT('',(31.34508882159,-138.0965935238,
    -1.257905859186));
#174 = CARTESIAN_POINT('',(31.32992962855,-138.0874304004,2.153378845688
    ));
#175 = CARTESIAN_POINT('',(31.205112586098,-138.1094689228,
    3.871702978151));
#176 = CARTESIAN_POINT('',(30.963185422021,-138.1581672535,
    5.584098210626));
#177 = CARTESIAN_POINT('',(30.603210504334,-138.2329748477,
    7.285170539151));
#178 = CARTESIAN_POINT('',(30.123337240631,-138.3327666739,
    8.968935569394));
#179 = CARTESIAN_POINT('',(29.520837187594,-138.4556838734,
    10.628305096858));
#180 = PCURVE('',#135,#181);
#181 = DEFINITIONAL_REPRESENTATION('',(#182),#190);
#182 = B_SPLINE_CURVE_WITH_KNOTS('',6,(#183,#184,#185,#186,#187,#188,
    #189),.UNSPECIFIED.,.F.,.F.,(7,7),(0.968346285882,0.999898899203),
  .PIECEWISE_BEZIER_KNOTS.);
#183 = CARTESIAN_POINT('',(4.92481729171,19.617627600323));
#184 = CARTESIAN_POINT('',(4.924565537598,19.722130858349));
#185 = CARTESIAN_POINT('',(4.924310343336,19.826547225167));
#186 = CARTESIAN_POINT('',(4.924051705138,19.930875014057));
#187 = CARTESIAN_POINT('',(4.923789619136,20.035112522412));
#188 = CARTESIAN_POINT('',(4.923524081381,20.139258031241));
#189 = CARTESIAN_POINT('',(4.923255087842,20.243309804681));
#190 = ( GEOMETRIC_REPRESENTATION_CONTEXT(2) 
PARAMETRIC_REPRESENTATION_CONTEXT() REPRESENTATION_CONTEXT('2D SPACE',''
  ) );
#191 = PCURVE('',#192,#197);
#192 = CYLINDRICAL_SURFACE('',#193,30.227956044396);
#193 = AXIS2_PLACEMENT_3D('',#194,#195,#196);
#194 = CARTESIAN_POINT('',(1.104585278878,-137.013767468,0.297189972071)
  );
#195 = DIRECTION('',(4.635971681286E-03,-0.999985590711,
    2.706683768868E-03));
#196 = DIRECTION('',(-0.999989253747,-4.635988663262E-03,
    -1.694065894509E-21));
#197 = DEFINITIONAL_REPRESENTATION('',(#198),#211);
#198 = B_SPLINE_CURVE_WITH_KNOTS('',6,(#199,#200,#201,#202,#203,#204,
    #205,#206,#207,#208,#209,#210),.UNSPECIFIED.,.F.,.F.,(7,5,7),(0.,
    0.496101268625,1.),.UNSPECIFIED.);
#199 = CARTESIAN_POINT('',(2.807222033214,1.590108381925));
#200 = CARTESIAN_POINT('',(2.864668835089,1.469140416091));
#201 = CARTESIAN_POINT('',(2.921518247695,1.370084783788));
#202 = CARTESIAN_POINT('',(2.977931063223,1.294712480029));
#203 = CARTESIAN_POINT('',(3.034055463087,1.244104099699));
#204 = CARTESIAN_POINT('',(3.090037179286,1.218795418466));
#205 = CARTESIAN_POINT('',(3.202890681146,1.218795418466));
#206 = CARTESIAN_POINT('',(3.259751852712,1.244905935006));
#207 = CARTESIAN_POINT('',(3.316762641189,1.29711690893));
#208 = CARTESIAN_POINT('',(3.374075910438,1.374858856531));
#209 = CARTESIAN_POINT('',(3.431847010478,1.476981985394));
#210 = CARTESIAN_POINT('',(3.490244807813,1.601595629203));
#211 = ( GEOMETRIC_REPRESENTATION_CONTEXT(2) 
PARAMETRIC_REPRESENTATION_CONTEXT() REPRESENTATION_CONTEXT('2D SPACE',''
  ) );
#212 = ORIENTED_EDGE('',*,*,#213,.F.);
#213 = EDGE_CURVE('',#214,#164,#216,.T.);
#214 = VERTEX_POINT('',#215);
#215 = CARTESIAN_POINT('',(78.732089701471,-117.615842261,
    10.001470220959));
#216 = SURFACE_CURVE('',#217,(#222,#234),.PCURVE_S1.);
#217 = ELLIPSE('',#218,141.64416052163,141.64225098925);
#218 = AXIS2_PLACEMENT_3D('',#219,#220,#221);
#219 = CARTESIAN_POINT('',(-0.122654298529,4.851425942538E-02,
    10.001470220959));
#220 = DIRECTION('',(-0.,0.,-1.));
#221 = DIRECTION('',(-0.855804472782,0.517299433951,0.));
#222 = PCURVE('',#135,#223);
#223 = DEFINITIONAL_REPRESENTATION('',(#224),#233);
#224 = B_SPLINE_CURVE_WITH_KNOTS('',7,(#225,#226,#227,#228,#229,#230,
    #231,#232),.UNSPECIFIED.,.F.,.F.,(8,8),(3.578279952244,
    3.956274294898),.PIECEWISE_BEZIER_KNOTS.);
#225 = CARTESIAN_POINT('',(5.302811634289,19.455777535847));
#226 = CARTESIAN_POINT('',(5.248812442482,19.472574945627));
#227 = CARTESIAN_POINT('',(5.194813250674,19.491639608592));
#228 = CARTESIAN_POINT('',(5.140814058866,19.512891527003));
#229 = CARTESIAN_POINT('',(5.086814867059,19.536234516788));
#230 = CARTESIAN_POINT('',(5.032815675251,19.561557134978));
#231 = CARTESIAN_POINT('',(4.978816483443,19.588734031805));
#232 = CARTESIAN_POINT('',(4.924817291636,19.61762759329));
#233 = ( GEOMETRIC_REPRESENTATION_CONTEXT(2) 
PARAMETRIC_REPRESENTATION_CONTEXT() REPRESENTATION_CONTEXT('2D SPACE',''
  ) );
#234 = PCURVE('',#235,#240);
#235 = PLANE('',#236);
#236 = AXIS2_PLACEMENT_3D('',#237,#238,#239);
#237 = CARTESIAN_POINT('',(-0.122654298529,4.851425942538E-02,
    10.001470220959));
#238 = DIRECTION('',(-0.,-0.,-1.));
#239 = DIRECTION('',(-1.,0.,0.));
#240 = DEFINITIONAL_REPRESENTATION('',(#241),#245);
#241 = ELLIPSE('',#242,141.64416052163,141.64225098925);
#242 = AXIS2_PLACEMENT_2D('',#243,#244);
#243 = CARTESIAN_POINT('',(-3.691491556879E-15,3.719247132494E-15));
#244 = DIRECTION('',(0.855804472782,0.517299433951));
#245 = ( GEOMETRIC_REPRESENTATION_CONTEXT(2) 
PARAMETRIC_REPRESENTATION_CONTEXT() REPRESENTATION_CONTEXT('2D SPACE',''
  ) );
#246 = ORIENTED_EDGE('',*,*,#247,.F.);
#247 = EDGE_CURVE('',#248,#214,#250,.T.);
#248 = VERTEX_POINT('',#249);
#249 = CARTESIAN_POINT('',(78.81854683909,-117.6681021285,
    -9.454045017725));
#250 = SURFACE_CURVE('',#251,(#255,#261),.PCURVE_S1.);
#251 = LINE('',#252,#253);
#252 = CARTESIAN_POINT('',(78.81854683909,-117.6681021285,
    -9.454045017725));
#253 = VECTOR('',#254,1.);
#254 = DIRECTION('',(-4.443777047937E-03,2.686084759559E-03,
    0.999986518806));
#255 = PCURVE('',#135,#256);
#256 = DEFINITIONAL_REPRESENTATION('',(#257),#260);
#257 = B_SPLINE_CURVE_WITH_KNOTS('',1,(#258,#259),.UNSPECIFIED.,.F.,.F.,
  (2,2),(2.262129790066E-16,19.455777525791),.PIECEWISE_BEZIER_KNOTS.);
#258 = CARTESIAN_POINT('',(5.302811634289,-3.288985333059E-16));
#259 = CARTESIAN_POINT('',(5.302811634289,19.455777525791));
#260 = ( GEOMETRIC_REPRESENTATION_CONTEXT(2) 
PARAMETRIC_REPRESENTATION_CONTEXT() REPRESENTATION_CONTEXT('2D SPACE',''
  ) );
#261 = PCURVE('',#262,#267);
#262 = PLANE('',#263);
#263 = AXIS2_PLACEMENT_3D('',#264,#265,#266);
#264 = CARTESIAN_POINT('',(78.820956354876,166.2447979364,
    -9.996260182128));
#265 = DIRECTION('',(0.999990126303,0.,4.443793079063E-03));
#266 = DIRECTION('',(0.,-1.,0.));
#267 = DEFINITIONAL_REPRESENTATION('',(#268),#271);
#268 = B_SPLINE_CURVE_WITH_KNOTS('',1,(#269,#270),.UNSPECIFIED.,.F.,.F.,
  (2,2),(-2.000399999999E-03,20.245310204681),.PIECEWISE_BEZIER_KNOTS.);
#269 = CARTESIAN_POINT('',(283.91290543818,-0.540220125341));
#270 = CARTESIAN_POINT('',(283.85851944574,-20.78745768719));
#271 = ( GEOMETRIC_REPRESENTATION_CONTEXT(2) 
PARAMETRIC_REPRESENTATION_CONTEXT() REPRESENTATION_CONTEXT('2D SPACE',''
  ) );
#272 = ORIENTED_EDGE('',*,*,#273,.T.);
#273 = EDGE_CURVE('',#248,#274,#276,.T.);
#274 = VERTEX_POINT('',#275);
#275 = CARTESIAN_POINT('',(28.294987728982,138.77478728483,
    -10.36740010014));
#276 = SURFACE_CURVE('',#277,(#282,#289),.PCURVE_S1.);
#277 = CIRCLE('',#278,141.64225098925);
#278 = AXIS2_PLACEMENT_3D('',#279,#280,#281);
#279 = CARTESIAN_POINT('',(-3.323551977041E-02,-5.535801198973E-03,
    -10.12050536922));
#280 = DIRECTION('',(-4.443777047937E-03,2.686084759559E-03,
    0.999986518806));
#281 = DIRECTION('',(0.556696761087,-0.830702459934,4.705236939149E-03)
  );
#282 = PCURVE('',#135,#283);
#283 = DEFINITIONAL_REPRESENTATION('',(#284),#288);
#284 = LINE('',#285,#286);
#285 = CARTESIAN_POINT('',(5.302811634289,0.));
#286 = VECTOR('',#287,1.);
#287 = DIRECTION('',(1.,0.));
#288 = ( GEOMETRIC_REPRESENTATION_CONTEXT(2) 
PARAMETRIC_REPRESENTATION_CONTEXT() REPRESENTATION_CONTEXT('2D SPACE',''
  ) );
#289 = PCURVE('',#290,#295);
#290 = PLANE('',#291);
#291 = AXIS2_PLACEMENT_3D('',#292,#293,#294);
#292 = CARTESIAN_POINT('',(-3.323551977041E-02,-5.535801198973E-03,
    -10.12050536922));
#293 = DIRECTION('',(-4.443777047937E-03,2.686084759559E-03,
    0.999986518806));
#294 = DIRECTION('',(0.999990126303,1.694065894509E-21,
    4.443793079063E-03));
#295 = DEFINITIONAL_REPRESENTATION('',(#296),#300);
#296 = CIRCLE('',#297,141.64225098925);
#297 = AXIS2_PLACEMENT_2D('',#298,#299);
#298 = CARTESIAN_POINT('',(0.,0.));
#299 = DIRECTION('',(0.556712173532,-0.83070545673));
#300 = ( GEOMETRIC_REPRESENTATION_CONTEXT(2) 
PARAMETRIC_REPRESENTATION_CONTEXT() REPRESENTATION_CONTEXT('2D SPACE',''
  ) );
#301 = ORIENTED_EDGE('',*,*,#302,.F.);
#302 = EDGE_CURVE('',#303,#274,#305,.T.);
#303 = VERTEX_POINT('',#304);
#304 = CARTESIAN_POINT('',(28.427517275743,138.74832767801,
    -9.996260182128));
#305 = SURFACE_CURVE('',#306,(#314,#325),.PCURVE_S1.);
#306 = B_SPLINE_CURVE_WITH_KNOTS('',6,(#307,#308,#309,#310,#311,#312,
    #313),.UNSPECIFIED.,.F.,.F.,(7,7),(0.,1.),.PIECEWISE_BEZIER_KNOTS.);
#307 = CARTESIAN_POINT('',(30.125860381205,138.40625345215,
    1.862373525608E-03));
#308 = CARTESIAN_POINT('',(30.125874298686,138.40325143193,
    -1.745630856879));
#309 = CARTESIAN_POINT('',(30.004823209677,138.42667358471,
    -3.493250389147));
#310 = CARTESIAN_POINT('',(29.762695072706,138.47649994035,
    -5.23545393638));
#311 = CARTESIAN_POINT('',(29.398410499627,138.55211218538,
    -6.966603503544));
#312 = CARTESIAN_POINT('',(28.909922899476,138.65226967452,
    -8.680415477854));
#313 = CARTESIAN_POINT('',(28.294257292947,138.77493281611,
    -10.36940416396));
#314 = PCURVE('',#135,#315);
#315 = DEFINITIONAL_REPRESENTATION('',(#316),#324);
#316 = B_SPLINE_CURVE_WITH_KNOTS('',6,(#317,#318,#319,#320,#321,#322,
    #323),.UNSPECIFIED.,.F.,.F.,(7,7),(0.963227709046,0.999802243666),
  .PIECEWISE_BEZIER_KNOTS.);
#317 = CARTESIAN_POINT('',(7.651668343648,0.370474908247));
#318 = CARTESIAN_POINT('',(7.651826458242,0.308646431775));
#319 = CARTESIAN_POINT('',(7.651985787609,0.246850536275));
#320 = CARTESIAN_POINT('',(7.652146332579,0.185087581976));
#321 = CARTESIAN_POINT('',(7.652308093993,0.123357931187));
#322 = CARTESIAN_POINT('',(7.652471072702,6.166194833419E-02));
#323 = CARTESIAN_POINT('',(7.652635269567,-2.060016653788E-14));
#324 = ( GEOMETRIC_REPRESENTATION_CONTEXT(2) 
PARAMETRIC_REPRESENTATION_CONTEXT() REPRESENTATION_CONTEXT('2D SPACE',''
  ) );
#325 = PCURVE('',#326,#331);
#326 = CYLINDRICAL_SURFACE('',#327,30.299800429353);
#327 = AXIS2_PLACEMENT_3D('',#328,#329,#330);
#328 = CARTESIAN_POINT('',(-0.167623308484,136.97348870831,
    5.36025840405E-03));
#329 = DIRECTION('',(-4.635971681286E-03,0.999985590711,
    -2.706683768868E-03));
#330 = DIRECTION('',(0.999989253747,4.635988663262E-03,
    1.694065894509E-21));
#331 = DEFINITIONAL_REPRESENTATION('',(#332),#340);
#332 = B_SPLINE_CURVE_WITH_KNOTS('',6,(#333,#334,#335,#336,#337,#338,
    #339),.UNSPECIFIED.,.F.,.F.,(7,7),(0.,1.),.PIECEWISE_BEZIER_KNOTS.);
#333 = CARTESIAN_POINT('',(0.,1.292313833881));
#334 = CARTESIAN_POINT('',(5.767348068469E-02,1.294041703958));
#335 = CARTESIAN_POINT('',(0.115348739926,1.322754962079));
#336 = CARTESIAN_POINT('',(0.17318802801,1.378418693008));
#337 = CARTESIAN_POINT('',(0.231351211448,1.460404335924));
#338 = CARTESIAN_POINT('',(0.290000804596,1.567463743603));
#339 = CARTESIAN_POINT('',(0.349314016513,1.697550884278));
#340 = ( GEOMETRIC_REPRESENTATION_CONTEXT(2) 
PARAMETRIC_REPRESENTATION_CONTEXT() REPRESENTATION_CONTEXT('2D SPACE',''
  ) );
#341 = ORIENTED_EDGE('',*,*,#342,.T.);
#342 = EDGE_CURVE('',#303,#343,#345,.T.);
#343 = VERTEX_POINT('',#344);
#344 = CARTESIAN_POINT('',(78.820956354876,117.65727196577,
    -9.996260182128));
#345 = SURFACE_CURVE('',#346,(#351,#363),.PCURVE_S1.);
#346 = ELLIPSE('',#347,141.64416052163,141.64225098925);
#347 = AXIS2_PLACEMENT_3D('',#348,#349,#350);
#348 = CARTESIAN_POINT('',(-3.378764512445E-02,-5.202063596285E-03,
    -9.996260182128));
#349 = DIRECTION('',(-0.,0.,-1.));
#350 = DIRECTION('',(-0.855804472782,0.517299433951,0.));
#351 = PCURVE('',#135,#352);
#352 = DEFINITIONAL_REPRESENTATION('',(#353),#362);
#353 = B_SPLINE_CURVE_WITH_KNOTS('',7,(#354,#355,#356,#357,#358,#359,
    #360,#361),.UNSPECIFIED.,.F.,.F.,(8,8),(1.229423242845,
    1.617532606463),.PIECEWISE_BEZIER_KNOTS.);
#354 = CARTESIAN_POINT('',(7.651668343687,0.370474916893));
#355 = CARTESIAN_POINT('',(7.596224148885,0.332049405029));
#356 = CARTESIAN_POINT('',(7.540779954082,0.292740817907));
#357 = CARTESIAN_POINT('',(7.48533575928,0.252742084906));
#358 = CARTESIAN_POINT('',(7.429891564477,0.212252787641));
#359 = CARTESIAN_POINT('',(7.374447369675,0.171476742427));
#360 = CARTESIAN_POINT('',(7.319003174872,0.130619415007));
#361 = CARTESIAN_POINT('',(7.26355898007,8.988532914676E-02));
#362 = ( GEOMETRIC_REPRESENTATION_CONTEXT(2) 
PARAMETRIC_REPRESENTATION_CONTEXT() REPRESENTATION_CONTEXT('2D SPACE',''
  ) );
#363 = PCURVE('',#364,#369);
#364 = PLANE('',#365);
#365 = AXIS2_PLACEMENT_3D('',#366,#367,#368);
#366 = CARTESIAN_POINT('',(-3.378764512445E-02,-5.202063596289E-03,
    -9.996260182128));
#367 = DIRECTION('',(-0.,-0.,-1.));
#368 = DIRECTION('',(-1.,0.,0.));
#369 = DEFINITIONAL_REPRESENTATION('',(#370),#374);
#370 = ELLIPSE('',#371,141.64416052163,141.64225098925);
#371 = AXIS2_PLACEMENT_2D('',#372,#373);
#372 = CARTESIAN_POINT('',(-3.698430450783E-15,3.714910323804E-15));
#373 = DIRECTION('',(0.855804472782,0.517299433951));
#374 = ( GEOMETRIC_REPRESENTATION_CONTEXT(2) 
PARAMETRIC_REPRESENTATION_CONTEXT() REPRESENTATION_CONTEXT('2D SPACE',''
  ) );
#375 = ORIENTED_EDGE('',*,*,#376,.T.);
#376 = EDGE_CURVE('',#343,#377,#379,.T.);
#377 = VERTEX_POINT('',#378);
#378 = CARTESIAN_POINT('',(78.732089701471,117.71098828879,
    10.001470220959));
#379 = SURFACE_CURVE('',#380,(#384,#390),.PCURVE_S1.);
#380 = LINE('',#381,#382);
#381 = CARTESIAN_POINT('',(78.821355785281,117.65703052613,
    -10.08614430921));
#382 = VECTOR('',#383,1.);
#383 = DIRECTION('',(-4.443777047937E-03,2.686084759559E-03,
    0.999986518806));
#384 = PCURVE('',#135,#385);
#385 = DEFINITIONAL_REPRESENTATION('',(#386),#389);
#386 = B_SPLINE_CURVE_WITH_KNOTS('',1,(#387,#388),.UNSPECIFIED.,.F.,.F.,
  (2,2),(8.988533884607E-02,20.087885338846),.PIECEWISE_BEZIER_KNOTS.);
#387 = CARTESIAN_POINT('',(7.26355898007,8.988533884607E-02));
#388 = CARTESIAN_POINT('',(7.26355898007,20.087885338846));
#389 = ( GEOMETRIC_REPRESENTATION_CONTEXT(2) 
PARAMETRIC_REPRESENTATION_CONTEXT() REPRESENTATION_CONTEXT('2D SPACE',''
  ) );
#390 = PCURVE('',#391,#396);
#391 = PLANE('',#392);
#392 = AXIS2_PLACEMENT_3D('',#393,#394,#395);
#393 = CARTESIAN_POINT('',(78.820956354876,166.2447979364,
    -9.996260182128));
#394 = DIRECTION('',(0.999990126303,0.,4.443793079063E-03));
#395 = DIRECTION('',(0.,-1.,0.));
#396 = DEFINITIONAL_REPRESENTATION('',(#397),#400);
#397 = B_SPLINE_CURVE_WITH_KNOTS('',1,(#398,#399),.UNSPECIFIED.,.F.,.F.,
  (2,2),(-2.000400000001E-03,20.245310204681),.PIECEWISE_BEZIER_KNOTS.);
#398 = CARTESIAN_POINT('',(48.587772783511,9.188540736531E-02));
#399 = CARTESIAN_POINT('',(48.533386791073,-20.15535215449));
#400 = ( GEOMETRIC_REPRESENTATION_CONTEXT(2) 
PARAMETRIC_REPRESENTATION_CONTEXT() REPRESENTATION_CONTEXT('2D SPACE',''
  ) );
#401 = ORIENTED_EDGE('',*,*,#402,.F.);
#402 = EDGE_CURVE('',#124,#377,#403,.T.);
#403 = SURFACE_CURVE('',#404,(#409,#419),.PCURVE_S1.);
#404 = ELLIPSE('',#405,141.64416052163,141.64225098925);
#405 = AXIS2_PLACEMENT_3D('',#406,#407,#408);
#406 = CARTESIAN_POINT('',(-0.122654298529,4.851425942538E-02,
    10.001470220959));
#407 = DIRECTION('',(-0.,0.,-1.));
#408 = DIRECTION('',(-0.855804472782,0.517299433951,0.));
#409 = PCURVE('',#135,#410);
#410 = DEFINITIONAL_REPRESENTATION('',(#411),#418);
#411 = B_SPLINE_CURVE_WITH_KNOTS('',5,(#412,#413,#414,#415,#416,#417),
  .UNSPECIFIED.,.F.,.F.,(6,6),(1.405441935213,1.617532606463),
  .PIECEWISE_BEZIER_KNOTS.);
#412 = CARTESIAN_POINT('',(7.47564965132,20.243309804681));
#413 = CARTESIAN_POINT('',(7.43323151707,20.21253725827));
#414 = CARTESIAN_POINT('',(7.39081338282,20.18149242657));
#415 = CARTESIAN_POINT('',(7.34839524857,20.150290660526));
#416 = CARTESIAN_POINT('',(7.30597711432,20.119049358143));
#417 = CARTESIAN_POINT('',(7.26355898007,20.087885338912));
#418 = ( GEOMETRIC_REPRESENTATION_CONTEXT(2) 
PARAMETRIC_REPRESENTATION_CONTEXT() REPRESENTATION_CONTEXT('2D SPACE',''
  ) );
#419 = PCURVE('',#420,#425);
#420 = PLANE('',#421);
#421 = AXIS2_PLACEMENT_3D('',#422,#423,#424);
#422 = CARTESIAN_POINT('',(-0.122654298529,4.851425942538E-02,
    10.001470220959));
#423 = DIRECTION('',(-0.,-0.,-1.));
#424 = DIRECTION('',(-1.,0.,0.));
#425 = DEFINITIONAL_REPRESENTATION('',(#426),#430);
#426 = ELLIPSE('',#427,141.64416052163,141.64225098925);
#427 = AXIS2_PLACEMENT_2D('',#428,#429);
#428 = CARTESIAN_POINT('',(-3.691491556879E-15,3.719247132494E-15));
#429 = DIRECTION('',(0.855804472782,0.517299433951));
#430 = ( GEOMETRIC_REPRESENTATION_CONTEXT(2) 
PARAMETRIC_REPRESENTATION_CONTEXT() REPRESENTATION_CONTEXT('2D SPACE',''
  ) );
#431 = ADVANCED_FACE('',(#432),#147,.F.);
#432 = FACE_BOUND('',#433,.F.);
#433 = EDGE_LOOP('',(#434,#455,#456,#477,#506));
#434 = ORIENTED_EDGE('',*,*,#435,.T.);
#435 = EDGE_CURVE('',#436,#126,#438,.T.);
#436 = VERTEX_POINT('',#437);
#437 = CARTESIAN_POINT('',(29.514638503516,-136.9620381048,
    10.622265010725));
#438 = SURFACE_CURVE('',#439,(#443,#449),.PCURVE_S1.);
#439 = LINE('',#440,#441);
#440 = CARTESIAN_POINT('',(29.514138160258,-136.8541133625,
    10.621972888367));
#441 = VECTOR('',#442,1.);
#442 = DIRECTION('',(4.635971681286E-03,-0.999985590711,
    2.706683768868E-03));
#443 = PCURVE('',#147,#444);
#444 = DEFINITIONAL_REPRESENTATION('',(#445),#448);
#445 = B_SPLINE_CURVE_WITH_KNOTS('',1,(#446,#447),.UNSPECIFIED.,.F.,.F.,
  (2,2),(-2.000399999968E-03,32.065935835042),.PIECEWISE_BEZIER_KNOTS.);
#446 = CARTESIAN_POINT('',(29.639247921764,-136.9014463125));
#447 = CARTESIAN_POINT('',(29.78829820944,-168.9690361562));
#448 = ( GEOMETRIC_REPRESENTATION_CONTEXT(2) 
PARAMETRIC_REPRESENTATION_CONTEXT() REPRESENTATION_CONTEXT('2D SPACE',''
  ) );
#449 = PCURVE('',#192,#450);
#450 = DEFINITIONAL_REPRESENTATION('',(#451),#454);
#451 = B_SPLINE_CURVE_WITH_KNOTS('',1,(#452,#453),.UNSPECIFIED.,.F.,.F.,
  (2,2),(-2.000399999968E-03,32.065935835042),.PIECEWISE_BEZIER_KNOTS.);
#452 = CARTESIAN_POINT('',(3.490174507592,-2.000399999989E-03));
#453 = CARTESIAN_POINT('',(3.490174507592,32.065935835042));
#454 = ( GEOMETRIC_REPRESENTATION_CONTEXT(2) 
PARAMETRIC_REPRESENTATION_CONTEXT() REPRESENTATION_CONTEXT('2D SPACE',''
  ) );
#455 = ORIENTED_EDGE('',*,*,#123,.F.);
#456 = ORIENTED_EDGE('',*,*,#457,.T.);
#457 = EDGE_CURVE('',#124,#458,#460,.T.);
#458 = VERTEX_POINT('',#459);
#459 = CARTESIAN_POINT('',(51.429770580837,130.40569073626,
    10.001470220959));
#460 = SURFACE_CURVE('',#461,(#465,#471),.PCURVE_S1.);
#461 = LINE('',#462,#463);
#462 = CARTESIAN_POINT('',(-20.07564812542,12.109297698343,
    10.001470220959));
#463 = VECTOR('',#464,1.);
#464 = DIRECTION('',(-0.517299433951,-0.855804472782,0.));
#465 = PCURVE('',#147,#466);
#466 = DEFINITIONAL_REPRESENTATION('',(#467),#470);
#467 = B_SPLINE_CURVE_WITH_KNOTS('',1,(#468,#469),.UNSPECIFIED.,.F.,.F.,
  (2,2),(-151.4145881189,-60.13345962979),.PIECEWISE_BEZIER_KNOTS.);
#468 = CARTESIAN_POINT('',(58.373110534885,141.64225098925));
#469 = CARTESIAN_POINT('',(11.153900669794,63.523171130516));
#470 = ( GEOMETRIC_REPRESENTATION_CONTEXT(2) 
PARAMETRIC_REPRESENTATION_CONTEXT() REPRESENTATION_CONTEXT('2D SPACE',''
  ) );
#471 = PCURVE('',#420,#472);
#472 = DEFINITIONAL_REPRESENTATION('',(#473),#476);
#473 = B_SPLINE_CURVE_WITH_KNOTS('',1,(#474,#475),.UNSPECIFIED.,.F.,.F.,
  (2,2),(-151.4145881189,-60.13345962979),.PIECEWISE_BEZIER_KNOTS.);
#474 = CARTESIAN_POINT('',(-58.37368689899,141.6420651956));
#475 = CARTESIAN_POINT('',(-11.15401080111,63.523267153957));
#476 = ( GEOMETRIC_REPRESENTATION_CONTEXT(2) 
PARAMETRIC_REPRESENTATION_CONTEXT() REPRESENTATION_CONTEXT('2D SPACE',''
  ) );
#477 = ORIENTED_EDGE('',*,*,#478,.F.);
#478 = EDGE_CURVE('',#479,#458,#481,.T.);
#479 = VERTEX_POINT('',#480);
#480 = CARTESIAN_POINT('',(140.05613311501,4.883944475038E-02,
    10.745465598135));
#481 = SURFACE_CURVE('',#482,(#487,#494),.PCURVE_S1.);
#482 = CIRCLE('',#483,140.18070949214);
#483 = AXIS2_PLACEMENT_3D('',#484,#485,#486);
#484 = CARTESIAN_POINT('',(-0.123192275255,4.883944475042E-02,
    10.122531531476));
#485 = DIRECTION('',(-4.443777047937E-03,2.686084759559E-03,
    0.999986518806));
#486 = DIRECTION('',(0.999990126303,3.388131789017E-21,
    4.443793079063E-03));
#487 = PCURVE('',#147,#488);
#488 = DEFINITIONAL_REPRESENTATION('',(#489),#493);
#489 = CIRCLE('',#490,140.18070949214);
#490 = AXIS2_PLACEMENT_2D('',#491,#492);
#491 = CARTESIAN_POINT('',(2.775530156548E-17,-6.938537569836E-18));
#492 = DIRECTION('',(1.,0.));
#493 = ( GEOMETRIC_REPRESENTATION_CONTEXT(2) 
PARAMETRIC_REPRESENTATION_CONTEXT() REPRESENTATION_CONTEXT('2D SPACE',''
  ) );
#494 = PCURVE('',#495,#500);
#495 = CYLINDRICAL_SURFACE('',#496,140.18070949214);
#496 = AXIS2_PLACEMENT_3D('',#497,#498,#499);
#497 = CARTESIAN_POINT('',(-0.116156642963,4.45866875872E-02,
    8.539297861788));
#498 = DIRECTION('',(-4.443777047937E-03,2.686084759559E-03,
    0.999986518806));
#499 = DIRECTION('',(0.999990126303,1.694065894509E-21,
    4.443793079063E-03));
#500 = DEFINITIONAL_REPRESENTATION('',(#501),#505);
#501 = LINE('',#502,#503);
#502 = CARTESIAN_POINT('',(1.694065894509E-21,1.583255013855));
#503 = VECTOR('',#504,1.);
#504 = DIRECTION('',(1.,0.));
#505 = ( GEOMETRIC_REPRESENTATION_CONTEXT(2) 
PARAMETRIC_REPRESENTATION_CONTEXT() REPRESENTATION_CONTEXT('2D SPACE',''
  ) );
#506 = ORIENTED_EDGE('',*,*,#507,.F.);
#507 = EDGE_CURVE('',#436,#479,#508,.T.);
#508 = SURFACE_CURVE('',#509,(#514,#521),.PCURVE_S1.);
#509 = CIRCLE('',#510,140.18070949214);
#510 = AXIS2_PLACEMENT_3D('',#511,#512,#513);
#511 = CARTESIAN_POINT('',(-0.123192275255,4.883944475042E-02,
    10.122531531476));
#512 = DIRECTION('',(-4.443777047937E-03,2.686084759559E-03,
    0.999986518806));
#513 = DIRECTION('',(0.999990126303,3.388131789017E-21,
    4.443793079063E-03));
#514 = PCURVE('',#147,#515);
#515 = DEFINITIONAL_REPRESENTATION('',(#516),#520);
#516 = CIRCLE('',#517,140.18070949214);
#517 = AXIS2_PLACEMENT_2D('',#518,#519);
#518 = CARTESIAN_POINT('',(2.775530156548E-17,-6.938537569836E-18));
#519 = DIRECTION('',(1.,0.));
#520 = ( GEOMETRIC_REPRESENTATION_CONTEXT(2) 
PARAMETRIC_REPRESENTATION_CONTEXT() REPRESENTATION_CONTEXT('2D SPACE',''
  ) );
#521 = PCURVE('',#495,#522);
#522 = DEFINITIONAL_REPRESENTATION('',(#523),#527);
#523 = LINE('',#524,#525);
#524 = CARTESIAN_POINT('',(1.694065894509E-21,1.583255013855));
#525 = VECTOR('',#526,1.);
#526 = DIRECTION('',(1.,0.));
#527 = ( GEOMETRIC_REPRESENTATION_CONTEXT(2) 
PARAMETRIC_REPRESENTATION_CONTEXT() REPRESENTATION_CONTEXT('2D SPACE',''
  ) );
#528 = ADVANCED_FACE('',(#529,#638),#420,.T.);
#529 = FACE_BOUND('',#530,.T.);
#530 = EDGE_LOOP('',(#531,#560,#587,#615,#636,#637));
#531 = ORIENTED_EDGE('',*,*,#532,.F.);
#532 = EDGE_CURVE('',#533,#458,#535,.T.);
#533 = VERTEX_POINT('',#534);
#534 = CARTESIAN_POINT('',(28.434477447319,137.28983448966,
    10.001470220959));
#535 = SURFACE_CURVE('',#536,(#541,#548),.PCURVE_S1.);
#536 = ELLIPSE('',#537,140.18259932092,140.18070949214);
#537 = AXIS2_PLACEMENT_3D('',#538,#539,#540);
#538 = CARTESIAN_POINT('',(-0.122654298529,4.851425942538E-02,
    10.001470220959));
#539 = DIRECTION('',(-0.,0.,-1.));
#540 = DIRECTION('',(-0.855804472782,0.517299433951,0.));
#541 = PCURVE('',#420,#542);
#542 = DEFINITIONAL_REPRESENTATION('',(#543),#547);
#543 = ELLIPSE('',#544,140.18259932092,140.18070949214);
#544 = AXIS2_PLACEMENT_2D('',#545,#546);
#545 = CARTESIAN_POINT('',(-3.705369344686E-15,3.71230823859E-15));
#546 = DIRECTION('',(0.855804472782,0.517299433951));
#547 = ( GEOMETRIC_REPRESENTATION_CONTEXT(2) 
PARAMETRIC_REPRESENTATION_CONTEXT() REPRESENTATION_CONTEXT('2D SPACE',''
  ) );
#548 = PCURVE('',#495,#549);
#549 = DEFINITIONAL_REPRESENTATION('',(#550),#559);
#550 = B_SPLINE_CURVE_WITH_KNOTS('',7,(#551,#552,#553,#554,#555,#556,
    #557,#558),.UNSPECIFIED.,.F.,.F.,(8,8),(0.286118375364,
    1.768101529752),.PIECEWISE_BEZIER_KNOTS.);
#551 = CARTESIAN_POINT('',(2.311787903989,2.160500629651));
#552 = CARTESIAN_POINT('',(2.100076024791,2.117007461133));
#553 = CARTESIAN_POINT('',(1.888364145592,2.036997818825));
#554 = CARTESIAN_POINT('',(1.676652266395,1.923658776441));
#555 = CARTESIAN_POINT('',(1.464940387195,1.784172185417));
#556 = CARTESIAN_POINT('',(1.253228507998,1.629195253476));
#557 = CARTESIAN_POINT('',(1.041516628799,1.470618823152));
#558 = CARTESIAN_POINT('',(0.829804749601,1.319503598195));
#559 = ( GEOMETRIC_REPRESENTATION_CONTEXT(2) 
PARAMETRIC_REPRESENTATION_CONTEXT() REPRESENTATION_CONTEXT('2D SPACE',''
  ) );
#560 = ORIENTED_EDGE('',*,*,#561,.F.);
#561 = EDGE_CURVE('',#562,#533,#564,.T.);
#562 = VERTEX_POINT('',#563);
#563 = CARTESIAN_POINT('',(28.27242926283,166.29851425942,
    10.001470220959));
#564 = SURFACE_CURVE('',#565,(#570,#577),.PCURVE_S1.);
#565 = ELLIPSE('',#566,1.119443681521E+04,30.299800429353);
#566 = AXIS2_PLACEMENT_3D('',#567,#568,#569);
#567 = CARTESIAN_POINT('',(16.953579856233,-3.556094035725E+03,
    10.001470220959));
#568 = DIRECTION('',(-0.,0.,-1.));
#569 = DIRECTION('',(-4.635988663262E-03,0.999989253747,0.));
#570 = PCURVE('',#420,#571);
#571 = DEFINITIONAL_REPRESENTATION('',(#572),#576);
#572 = ELLIPSE('',#573,1.119443681521E+04,30.299800429353);
#573 = AXIS2_PLACEMENT_2D('',#574,#575);
#574 = CARTESIAN_POINT('',(-17.07623415476,-3.556142549984E+03));
#575 = DIRECTION('',(4.635988663262E-03,0.999989253747));
#576 = ( GEOMETRIC_REPRESENTATION_CONTEXT(2) 
PARAMETRIC_REPRESENTATION_CONTEXT() REPRESENTATION_CONTEXT('2D SPACE',''
  ) );
#577 = PCURVE('',#326,#578);
#578 = DEFINITIONAL_REPRESENTATION('',(#579),#586);
#579 = B_SPLINE_CURVE_WITH_KNOTS('',5,(#580,#581,#582,#583,#584,#585),
  .UNSPECIFIED.,.F.,.F.,(6,6),(1.231352017002,1.234590398202),
  .PIECEWISE_BEZIER_KNOTS.);
#580 = CARTESIAN_POINT('',(5.943740997387,34.200676025533));
#581 = CARTESIAN_POINT('',(5.944388673627,27.364037671594));
#582 = CARTESIAN_POINT('',(5.945036349867,20.525444875652));
#583 = CARTESIAN_POINT('',(5.945684026107,13.684903612417));
#584 = CARTESIAN_POINT('',(5.946331702347,6.842419860029));
#585 = CARTESIAN_POINT('',(5.946979378587,-2.000399999417E-03));
#586 = ( GEOMETRIC_REPRESENTATION_CONTEXT(2) 
PARAMETRIC_REPRESENTATION_CONTEXT() REPRESENTATION_CONTEXT('2D SPACE',''
  ) );
#587 = ORIENTED_EDGE('',*,*,#588,.T.);
#588 = EDGE_CURVE('',#562,#589,#591,.T.);
#589 = VERTEX_POINT('',#590);
#590 = CARTESIAN_POINT('',(78.732089701471,166.29851425942,
    10.001470220959));
#591 = SURFACE_CURVE('',#592,(#596,#603),.PCURVE_S1.);
#592 = LINE('',#593,#594);
#593 = CARTESIAN_POINT('',(-78.97739829852,166.29851425942,
    10.001470220959));
#594 = VECTOR('',#595,1.);
#595 = DIRECTION('',(1.,0.,0.));
#596 = PCURVE('',#420,#597);
#597 = DEFINITIONAL_REPRESENTATION('',(#598),#602);
#598 = LINE('',#599,#600);
#599 = CARTESIAN_POINT('',(78.854744,166.25));
#600 = VECTOR('',#601,1.);
#601 = DIRECTION('',(-1.,0.));
#602 = ( GEOMETRIC_REPRESENTATION_CONTEXT(2) 
PARAMETRIC_REPRESENTATION_CONTEXT() REPRESENTATION_CONTEXT('2D SPACE',''
  ) );
#603 = PCURVE('',#604,#609);
#604 = PLANE('',#605);
#605 = AXIS2_PLACEMENT_3D('',#606,#607,#608);
#606 = CARTESIAN_POINT('',(-78.88853164512,166.2447979364,
    -9.996260182128));
#607 = DIRECTION('',(0.,0.999996392397,-2.686111281217E-03));
#608 = DIRECTION('',(1.,0.,0.));
#609 = DEFINITIONAL_REPRESENTATION('',(#610),#614);
#610 = LINE('',#611,#612);
#611 = CARTESIAN_POINT('',(-8.886665340464E-02,-19.99780254722));
#612 = VECTOR('',#613,1.);
#613 = DIRECTION('',(1.,0.));
#614 = ( GEOMETRIC_REPRESENTATION_CONTEXT(2) 
PARAMETRIC_REPRESENTATION_CONTEXT() REPRESENTATION_CONTEXT('2D SPACE',''
  ) );
#615 = ORIENTED_EDGE('',*,*,#616,.T.);
#616 = EDGE_CURVE('',#589,#377,#617,.T.);
#617 = SURFACE_CURVE('',#618,(#622,#629),.PCURVE_S1.);
#618 = LINE('',#619,#620);
#619 = CARTESIAN_POINT('',(78.732089701471,166.29851425942,
    10.001470220959));
#620 = VECTOR('',#621,1.);
#621 = DIRECTION('',(0.,-1.,0.));
#622 = PCURVE('',#420,#623);
#623 = DEFINITIONAL_REPRESENTATION('',(#624),#628);
#624 = LINE('',#625,#626);
#625 = CARTESIAN_POINT('',(-78.854744,166.25));
#626 = VECTOR('',#627,1.);
#627 = DIRECTION('',(0.,-1.));
#628 = ( GEOMETRIC_REPRESENTATION_CONTEXT(2) 
PARAMETRIC_REPRESENTATION_CONTEXT() REPRESENTATION_CONTEXT('2D SPACE',''
  ) );
#629 = PCURVE('',#391,#630);
#630 = DEFINITIONAL_REPRESENTATION('',(#631),#635);
#631 = LINE('',#632,#633);
#632 = CARTESIAN_POINT('',(-5.371632302166E-02,-19.99792785657));
#633 = VECTOR('',#634,1.);
#634 = DIRECTION('',(1.,0.));
#635 = ( GEOMETRIC_REPRESENTATION_CONTEXT(2) 
PARAMETRIC_REPRESENTATION_CONTEXT() REPRESENTATION_CONTEXT('2D SPACE',''
  ) );
#636 = ORIENTED_EDGE('',*,*,#402,.F.);
#637 = ORIENTED_EDGE('',*,*,#457,.T.);
#638 = FACE_BOUND('',#639,.T.);
#639 = EDGE_LOOP('',(#640));
#640 = ORIENTED_EDGE('',*,*,#641,.F.);
#641 = EDGE_CURVE('',#642,#642,#644,.T.);
#642 = VERTEX_POINT('',#643);
#643 = CARTESIAN_POINT('',(58.740448960859,134.28475842892,
    10.001470220959));
#644 = SURFACE_CURVE('',#645,(#650,#657),.PCURVE_S1.);
#645 = CIRCLE('',#646,10.959612416874);
#646 = AXIS2_PLACEMENT_3D('',#647,#648,#649);
#647 = CARTESIAN_POINT('',(58.740450537587,145.24437392279,
    10.001470220959));
#648 = DIRECTION('',(1.9199091697E-04,7.493431866874E-04,-0.999999700812
    ));
#649 = DIRECTION('',(0.,-0.999999719242,-7.49343200498E-04));
#650 = PCURVE('',#420,#651);
#651 = DEFINITIONAL_REPRESENTATION('',(#652),#656);
#652 = CIRCLE('',#653,10.959612416874);
#653 = AXIS2_PLACEMENT_2D('',#654,#655);
#654 = CARTESIAN_POINT('',(-58.86310483611,145.19585966336));
#655 = DIRECTION('',(-0.,-1.));
#656 = ( GEOMETRIC_REPRESENTATION_CONTEXT(2) 
PARAMETRIC_REPRESENTATION_CONTEXT() REPRESENTATION_CONTEXT('2D SPACE',''
  ) );
#657 = PCURVE('',#658,#663);
#658 = CYLINDRICAL_SURFACE('',#659,10.959612416874);
#659 = AXIS2_PLACEMENT_3D('',#660,#661,#662);
#660 = CARTESIAN_POINT('',(58.740255978638,145.24361455654,
    11.014845715777));
#661 = DIRECTION('',(1.9199091697E-04,7.493431866874E-04,-0.999999700812
    ));
#662 = DIRECTION('',(0.,-0.999999719242,-7.49343200498E-04));
#663 = DEFINITIONAL_REPRESENTATION('',(#664),#668);
#664 = LINE('',#665,#666);
#665 = CARTESIAN_POINT('',(0.,1.013375798008));
#666 = VECTOR('',#667,1.);
#667 = DIRECTION('',(1.,0.));
#668 = ( GEOMETRIC_REPRESENTATION_CONTEXT(2) 
PARAMETRIC_REPRESENTATION_CONTEXT() REPRESENTATION_CONTEXT('2D SPACE',''
  ) );
#669 = ADVANCED_FACE('',(#670),#391,.F.);
#670 = FACE_BOUND('',#671,.F.);
#671 = EDGE_LOOP('',(#672,#695,#716,#717));
#672 = ORIENTED_EDGE('',*,*,#673,.F.);
#673 = EDGE_CURVE('',#674,#343,#676,.T.);
#674 = VERTEX_POINT('',#675);
#675 = CARTESIAN_POINT('',(78.820956354876,166.2447979364,
    -9.996260182128));
#676 = SURFACE_CURVE('',#677,(#681,#688),.PCURVE_S1.);
#677 = LINE('',#678,#679);
#678 = CARTESIAN_POINT('',(78.820956354876,166.2447979364,
    -9.996260182128));
#679 = VECTOR('',#680,1.);
#680 = DIRECTION('',(0.,-1.,0.));
#681 = PCURVE('',#391,#682);
#682 = DEFINITIONAL_REPRESENTATION('',(#683),#687);
#683 = LINE('',#684,#685);
#684 = CARTESIAN_POINT('',(0.,0.));
#685 = VECTOR('',#686,1.);
#686 = DIRECTION('',(1.,0.));
#687 = ( GEOMETRIC_REPRESENTATION_CONTEXT(2) 
PARAMETRIC_REPRESENTATION_CONTEXT() REPRESENTATION_CONTEXT('2D SPACE',''
  ) );
#688 = PCURVE('',#364,#689);
#689 = DEFINITIONAL_REPRESENTATION('',(#690),#694);
#690 = LINE('',#691,#692);
#691 = CARTESIAN_POINT('',(-78.854744,166.25));
#692 = VECTOR('',#693,1.);
#693 = DIRECTION('',(0.,-1.));
#694 = ( GEOMETRIC_REPRESENTATION_CONTEXT(2) 
PARAMETRIC_REPRESENTATION_CONTEXT() REPRESENTATION_CONTEXT('2D SPACE',''
  ) );
#695 = ORIENTED_EDGE('',*,*,#696,.T.);
#696 = EDGE_CURVE('',#674,#589,#697,.T.);
#697 = SURFACE_CURVE('',#698,(#702,#709),.PCURVE_S1.);
#698 = LINE('',#699,#700);
#699 = CARTESIAN_POINT('',(78.820956354876,166.2447979364,
    -9.996260182128));
#700 = VECTOR('',#701,1.);
#701 = DIRECTION('',(-4.443777047937E-03,2.686084759559E-03,
    0.999986518806));
#702 = PCURVE('',#391,#703);
#703 = DEFINITIONAL_REPRESENTATION('',(#704),#708);
#704 = LINE('',#705,#706);
#705 = CARTESIAN_POINT('',(0.,0.));
#706 = VECTOR('',#707,1.);
#707 = DIRECTION('',(-2.686084759559E-03,-0.999996392468));
#708 = ( GEOMETRIC_REPRESENTATION_CONTEXT(2) 
PARAMETRIC_REPRESENTATION_CONTEXT() REPRESENTATION_CONTEXT('2D SPACE',''
  ) );
#709 = PCURVE('',#604,#710);
#710 = DEFINITIONAL_REPRESENTATION('',(#711),#715);
#711 = LINE('',#712,#713);
#712 = CARTESIAN_POINT('',(157.709488,0.));
#713 = VECTOR('',#714,1.);
#714 = DIRECTION('',(-4.443777047937E-03,-0.999990126374));
#715 = ( GEOMETRIC_REPRESENTATION_CONTEXT(2) 
PARAMETRIC_REPRESENTATION_CONTEXT() REPRESENTATION_CONTEXT('2D SPACE',''
  ) );
#716 = ORIENTED_EDGE('',*,*,#616,.T.);
#717 = ORIENTED_EDGE('',*,*,#376,.F.);
#718 = ADVANCED_FACE('',(#719,#771),#364,.F.);
#719 = FACE_BOUND('',#720,.F.);
#720 = EDGE_LOOP('',(#721,#748,#769,#770));
#721 = ORIENTED_EDGE('',*,*,#722,.F.);
#722 = EDGE_CURVE('',#723,#303,#725,.T.);
#723 = VERTEX_POINT('',#724);
#724 = CARTESIAN_POINT('',(28.325946704933,166.2447979364,
    -9.996260182128));
#725 = SURFACE_CURVE('',#726,(#731,#738),.PCURVE_S1.);
#726 = ELLIPSE('',#727,1.119443681521E+04,30.299800429353);
#727 = AXIS2_PLACEMENT_3D('',#728,#729,#730);
#728 = CARTESIAN_POINT('',(-17.29826474602,3.83207686182E+03,
    -9.996260182128));
#729 = DIRECTION('',(-0.,0.,-1.));
#730 = DIRECTION('',(-4.635988663262E-03,0.999989253747,0.));
#731 = PCURVE('',#364,#732);
#732 = DEFINITIONAL_REPRESENTATION('',(#733),#737);
#733 = ELLIPSE('',#734,1.119443681521E+04,30.299800429353);
#734 = AXIS2_PLACEMENT_2D('',#735,#736);
#735 = CARTESIAN_POINT('',(17.264477100897,3.832082063884E+03));
#736 = DIRECTION('',(4.635988663262E-03,0.999989253747));
#737 = ( GEOMETRIC_REPRESENTATION_CONTEXT(2) 
PARAMETRIC_REPRESENTATION_CONTEXT() REPRESENTATION_CONTEXT('2D SPACE',''
  ) );
#738 = PCURVE('',#326,#739);
#739 = DEFINITIONAL_REPRESENTATION('',(#740),#747);
#740 = B_SPLINE_CURVE_WITH_KNOTS('',5,(#741,#742,#743,#744,#745,#746),
  .UNSPECIFIED.,.F.,.F.,(6,6),(1.903976996344,1.90719529228),
  .PIECEWISE_BEZIER_KNOTS.);
#741 = CARTESIAN_POINT('',(0.33318066955,34.024629186145));
#742 = CARTESIAN_POINT('',(0.333824328737,27.215499526652));
#743 = CARTESIAN_POINT('',(0.334467987924,20.408265862842));
#744 = CARTESIAN_POINT('',(0.335111647111,13.602934071807));
#745 = CARTESIAN_POINT('',(0.335755306298,6.79951002735));
#746 = CARTESIAN_POINT('',(0.336398965485,-2.000399999872E-03));
#747 = ( GEOMETRIC_REPRESENTATION_CONTEXT(2) 
PARAMETRIC_REPRESENTATION_CONTEXT() REPRESENTATION_CONTEXT('2D SPACE',''
  ) );
#748 = ORIENTED_EDGE('',*,*,#749,.T.);
#749 = EDGE_CURVE('',#723,#674,#750,.T.);
#750 = SURFACE_CURVE('',#751,(#755,#762),.PCURVE_S1.);
#751 = LINE('',#752,#753);
#752 = CARTESIAN_POINT('',(-78.88853164512,166.2447979364,
    -9.996260182128));
#753 = VECTOR('',#754,1.);
#754 = DIRECTION('',(1.,0.,0.));
#755 = PCURVE('',#364,#756);
#756 = DEFINITIONAL_REPRESENTATION('',(#757),#761);
#757 = LINE('',#758,#759);
#758 = CARTESIAN_POINT('',(78.854744,166.25));
#759 = VECTOR('',#760,1.);
#760 = DIRECTION('',(-1.,0.));
#761 = ( GEOMETRIC_REPRESENTATION_CONTEXT(2) 
PARAMETRIC_REPRESENTATION_CONTEXT() REPRESENTATION_CONTEXT('2D SPACE',''
  ) );
#762 = PCURVE('',#604,#763);
#763 = DEFINITIONAL_REPRESENTATION('',(#764),#768);
#764 = LINE('',#765,#766);
#765 = CARTESIAN_POINT('',(0.,0.));
#766 = VECTOR('',#767,1.);
#767 = DIRECTION('',(1.,0.));
#768 = ( GEOMETRIC_REPRESENTATION_CONTEXT(2) 
PARAMETRIC_REPRESENTATION_CONTEXT() REPRESENTATION_CONTEXT('2D SPACE',''
  ) );
#769 = ORIENTED_EDGE('',*,*,#673,.T.);
#770 = ORIENTED_EDGE('',*,*,#342,.F.);
#771 = FACE_BOUND('',#772,.F.);
#772 = EDGE_LOOP('',(#773));
#773 = ORIENTED_EDGE('',*,*,#774,.F.);
#774 = EDGE_CURVE('',#775,#775,#777,.T.);
#775 = VERTEX_POINT('',#776);
#776 = CARTESIAN_POINT('',(58.744288344605,134.29974359643,
    -9.996260182128));
#777 = SURFACE_CURVE('',#778,(#783,#790),.PCURVE_S1.);
#778 = CIRCLE('',#779,10.959612416874);
#779 = AXIS2_PLACEMENT_3D('',#780,#781,#782);
#780 = CARTESIAN_POINT('',(58.744289921333,145.2593590903,
    -9.996260182128));
#781 = DIRECTION('',(1.9199091697E-04,7.493431866874E-04,-0.999999700812
    ));
#782 = DIRECTION('',(0.,-0.999999719242,-7.49343200498E-04));
#783 = PCURVE('',#364,#784);
#784 = DEFINITIONAL_REPRESENTATION('',(#785),#789);
#785 = CIRCLE('',#786,10.959612416874);
#786 = AXIS2_PLACEMENT_2D('',#787,#788);
#787 = CARTESIAN_POINT('',(-58.77807756645,145.26456115389));
#788 = DIRECTION('',(-0.,-1.));
#789 = ( GEOMETRIC_REPRESENTATION_CONTEXT(2) 
PARAMETRIC_REPRESENTATION_CONTEXT() REPRESENTATION_CONTEXT('2D SPACE',''
  ) );
#790 = PCURVE('',#658,#791);
#791 = DEFINITIONAL_REPRESENTATION('',(#792),#796);
#792 = LINE('',#793,#794);
#793 = CARTESIAN_POINT('',(0.,21.011112184176));
#794 = VECTOR('',#795,1.);
#795 = DIRECTION('',(1.,0.));
#796 = ( GEOMETRIC_REPRESENTATION_CONTEXT(2) 
PARAMETRIC_REPRESENTATION_CONTEXT() REPRESENTATION_CONTEXT('2D SPACE',''
  ) );
#797 = ADVANCED_FACE('',(#798),#326,.F.);
#798 = FACE_BOUND('',#799,.F.);
#799 = EDGE_LOOP('',(#800,#827,#850,#877,#878,#903,#904,#905,#926,#1095,
    #1121,#1176,#1208,#1241,#1273,#1435));
#800 = ORIENTED_EDGE('',*,*,#801,.T.);
#801 = EDGE_CURVE('',#562,#802,#804,.T.);
#802 = VERTEX_POINT('',#803);
#803 = CARTESIAN_POINT('',(29.996676250679,166.27145150679,
    -7.356099256225E-02));
#804 = SURFACE_CURVE('',#805,(#810,#820),.PCURVE_S1.);
#805 = ELLIPSE('',#806,30.300126046224,30.299800429353);
#806 = AXIS2_PLACEMENT_3D('',#807,#808,#809);
#807 = CARTESIAN_POINT('',(-0.303449786765,166.2714504855,
    -7.394120187686E-02));
#808 = DIRECTION('',(1.694065894509E-21,0.999996392397,
    -2.686111281217E-03));
#809 = DIRECTION('',(-0.999990126374,-1.193647965968E-05,
    -4.443761016552E-03));
#810 = PCURVE('',#326,#811);
#811 = DEFINITIONAL_REPRESENTATION('',(#812),#819);
#812 = B_SPLINE_CURVE_WITH_KNOTS('',5,(#813,#814,#815,#816,#817,#818),
  .UNSPECIFIED.,.F.,.F.,(6,6),(2.736128437735,3.146023944728),
  .PIECEWISE_BEZIER_KNOTS.);
#813 = CARTESIAN_POINT('',(5.873289800187,29.169301581462));
#814 = CARTESIAN_POINT('',(5.955268901586,29.164759242653));
#815 = CARTESIAN_POINT('',(6.037248002984,29.161301268462));
#816 = CARTESIAN_POINT('',(6.119227104383,29.15899138616));
#817 = CARTESIAN_POINT('',(6.201206205781,29.157862382471));
#818 = CARTESIAN_POINT('',(6.28318530718,29.157913411995));
#819 = ( GEOMETRIC_REPRESENTATION_CONTEXT(2) 
PARAMETRIC_REPRESENTATION_CONTEXT() REPRESENTATION_CONTEXT('2D SPACE',''
  ) );
#820 = PCURVE('',#604,#821);
#821 = DEFINITIONAL_REPRESENTATION('',(#822),#826);
#822 = ELLIPSE('',#823,30.300126046224,30.299800429353);
#823 = AXIS2_PLACEMENT_2D('',#824,#825);
#824 = CARTESIAN_POINT('',(78.585081858359,-9.922354776172));
#825 = DIRECTION('',(-0.999990126374,4.443777047937E-03));
#826 = ( GEOMETRIC_REPRESENTATION_CONTEXT(2) 
PARAMETRIC_REPRESENTATION_CONTEXT() REPRESENTATION_CONTEXT('2D SPACE',''
  ) );
#827 = ORIENTED_EDGE('',*,*,#828,.T.);
#828 = EDGE_CURVE('',#802,#829,#831,.T.);
#829 = VERTEX_POINT('',#830);
#830 = CARTESIAN_POINT('',(29.658960923356,239.11712104541,
    -0.270734025058));
#831 = SEAM_CURVE('',#832,(#836,#843),.PCURVE_S1.);
#832 = LINE('',#833,#834);
#833 = CARTESIAN_POINT('',(30.131851511543,137.1139582396,
    5.360258404057E-03));
#834 = VECTOR('',#835,1.);
#835 = DIRECTION('',(-4.635971681286E-03,0.999985590711,
    -2.706683768868E-03));
#836 = PCURVE('',#326,#837);
#837 = DEFINITIONAL_REPRESENTATION('',(#838),#842);
#838 = LINE('',#839,#840);
#839 = CARTESIAN_POINT('',(0.,-0.));
#840 = VECTOR('',#841,1.);
#841 = DIRECTION('',(0.,1.));
#842 = ( GEOMETRIC_REPRESENTATION_CONTEXT(2) 
PARAMETRIC_REPRESENTATION_CONTEXT() REPRESENTATION_CONTEXT('2D SPACE',''
  ) );
#843 = PCURVE('',#326,#844);
#844 = DEFINITIONAL_REPRESENTATION('',(#845),#849);
#845 = LINE('',#846,#847);
#846 = CARTESIAN_POINT('',(6.28318530718,-0.));
#847 = VECTOR('',#848,1.);
#848 = DIRECTION('',(0.,1.));
#849 = ( GEOMETRIC_REPRESENTATION_CONTEXT(2) 
PARAMETRIC_REPRESENTATION_CONTEXT() REPRESENTATION_CONTEXT('2D SPACE',''
  ) );
#850 = ORIENTED_EDGE('',*,*,#851,.F.);
#851 = EDGE_CURVE('',#829,#829,#852,.T.);
#852 = SURFACE_CURVE('',#853,(#858,#865),.PCURVE_S1.);
#853 = CIRCLE('',#854,30.299800429353);
#854 = AXIS2_PLACEMENT_3D('',#855,#856,#857);
#855 = CARTESIAN_POINT('',(-0.64051389667,238.97665151412,
    -0.270734025058));
#856 = DIRECTION('',(-4.635971681286E-03,0.999985590711,
    -2.706683768868E-03));
#857 = DIRECTION('',(0.999989253747,4.635988663262E-03,
    1.694065894509E-21));
#858 = PCURVE('',#326,#859);
#859 = DEFINITIONAL_REPRESENTATION('',(#860),#864);
#860 = LINE('',#861,#862);
#861 = CARTESIAN_POINT('',(0.,102.00463262004));
#862 = VECTOR('',#863,1.);
#863 = DIRECTION('',(1.,0.));
#864 = ( GEOMETRIC_REPRESENTATION_CONTEXT(2) 
PARAMETRIC_REPRESENTATION_CONTEXT() REPRESENTATION_CONTEXT('2D SPACE',''
  ) );
#865 = PCURVE('',#866,#871);
#866 = PLANE('',#867);
#867 = AXIS2_PLACEMENT_3D('',#868,#869,#870);
#868 = CARTESIAN_POINT('',(-0.641257970298,238.97710127674,
    -0.10329457251));
#869 = DIRECTION('',(-4.635971681286E-03,0.999985590711,
    -2.706683768868E-03));
#870 = DIRECTION('',(0.999989253747,4.635988663262E-03,
    1.694065894509E-21));
#871 = DEFINITIONAL_REPRESENTATION('',(#872),#876);
#872 = CIRCLE('',#873,30.299800429353);
#873 = AXIS2_PLACEMENT_2D('',#874,#875);
#874 = CARTESIAN_POINT('',(7.419805367181E-04,0.167440065893));
#875 = DIRECTION('',(1.,-1.694059689018E-21));
#876 = ( GEOMETRIC_REPRESENTATION_CONTEXT(2) 
PARAMETRIC_REPRESENTATION_CONTEXT() REPRESENTATION_CONTEXT('2D SPACE',''
  ) );
#877 = ORIENTED_EDGE('',*,*,#828,.F.);
#878 = ORIENTED_EDGE('',*,*,#879,.T.);
#879 = EDGE_CURVE('',#802,#723,#880,.T.);
#880 = SURFACE_CURVE('',#881,(#886,#896),.PCURVE_S1.);
#881 = ELLIPSE('',#882,30.300126046224,30.299800429353);
#882 = AXIS2_PLACEMENT_3D('',#883,#884,#885);
#883 = CARTESIAN_POINT('',(-0.303449786765,166.2714504855,
    -7.394120187686E-02));
#884 = DIRECTION('',(1.694065894509E-21,0.999996392397,
    -2.686111281217E-03));
#885 = DIRECTION('',(-0.999990126374,-1.193647965968E-05,
    -4.443761016552E-03));
#886 = PCURVE('',#326,#887);
#887 = DEFINITIONAL_REPRESENTATION('',(#888),#895);
#888 = B_SPLINE_CURVE_WITH_KNOTS('',5,(#889,#890,#891,#892,#893,#894),
  .UNSPECIFIED.,.F.,.F.,(6,6),(3.146023944728,3.550442112799),
  .PIECEWISE_BEZIER_KNOTS.);
#889 = CARTESIAN_POINT('',(0.,29.157913411995));
#890 = CARTESIAN_POINT('',(8.088363361433E-02,29.157963759623));
#891 = CARTESIAN_POINT('',(0.161767267229,29.159162815187));
#892 = CARTESIAN_POINT('',(0.242650900843,29.16151001312));
#893 = CARTESIAN_POINT('',(0.323534534457,29.164972933002));
#894 = CARTESIAN_POINT('',(0.404418168072,29.169489891983));
#895 = ( GEOMETRIC_REPRESENTATION_CONTEXT(2) 
PARAMETRIC_REPRESENTATION_CONTEXT() REPRESENTATION_CONTEXT('2D SPACE',''
  ) );
#896 = PCURVE('',#604,#897);
#897 = DEFINITIONAL_REPRESENTATION('',(#898),#902);
#898 = ELLIPSE('',#899,30.300126046224,30.299800429353);
#899 = AXIS2_PLACEMENT_2D('',#900,#901);
#900 = CARTESIAN_POINT('',(78.585081858359,-9.922354776172));
#901 = DIRECTION('',(-0.999990126374,4.443777047937E-03));
#902 = ( GEOMETRIC_REPRESENTATION_CONTEXT(2) 
PARAMETRIC_REPRESENTATION_CONTEXT() REPRESENTATION_CONTEXT('2D SPACE',''
  ) );
#903 = ORIENTED_EDGE('',*,*,#722,.T.);
#904 = ORIENTED_EDGE('',*,*,#302,.T.);
#905 = ORIENTED_EDGE('',*,*,#906,.F.);
#906 = EDGE_CURVE('',#907,#274,#909,.T.);
#907 = VERTEX_POINT('',#908);
#908 = CARTESIAN_POINT('',(28.302277195681,137.20243909877,
    -10.3631441895));
#909 = SURFACE_CURVE('',#910,(#914,#920),.PCURVE_S1.);
#910 = LINE('',#911,#912);
#911 = CARTESIAN_POINT('',(28.302856811294,137.07741519866,
    -10.36280578447));
#912 = VECTOR('',#913,1.);
#913 = DIRECTION('',(-4.635971681286E-03,0.999985590711,
    -2.706683768868E-03));
#914 = PCURVE('',#326,#915);
#915 = DEFINITIONAL_REPRESENTATION('',(#916),#919);
#916 = B_SPLINE_CURVE_WITH_KNOTS('',1,(#917,#918),.UNSPECIFIED.,.F.,.F.,
  (2,2),(-2.000399999968E-03,31.908778638148),.PIECEWISE_BEZIER_KNOTS.);
#917 = CARTESIAN_POINT('',(0.349243639522,-2.00039999999E-03));
#918 = CARTESIAN_POINT('',(0.349243639522,31.908778638148));
#919 = ( GEOMETRIC_REPRESENTATION_CONTEXT(2) 
PARAMETRIC_REPRESENTATION_CONTEXT() REPRESENTATION_CONTEXT('2D SPACE',''
  ) );
#920 = PCURVE('',#290,#921);
#921 = DEFINITIONAL_REPRESENTATION('',(#922),#925);
#922 = B_SPLINE_CURVE_WITH_KNOTS('',1,(#923,#924),.UNSPECIFIED.,.F.,.F.,
  (2,2),(-2.000399999968E-03,31.908778638148),.PIECEWISE_BEZIER_KNOTS.);
#923 = CARTESIAN_POINT('',(28.334745113927,137.08144515441));
#924 = CARTESIAN_POINT('',(28.186425285649,168.99187949883));
#925 = ( GEOMETRIC_REPRESENTATION_CONTEXT(2) 
PARAMETRIC_REPRESENTATION_CONTEXT() REPRESENTATION_CONTEXT('2D SPACE',''
  ) );
#926 = ORIENTED_EDGE('',*,*,#927,.T.);
#927 = EDGE_CURVE('',#907,#928,#930,.T.);
#928 = VERTEX_POINT('',#929);
#929 = CARTESIAN_POINT('',(-28.54646583492,137.1649385713,
    -10.61567000374));
#930 = SURFACE_CURVE('',#931,(#982,#1036),.PCURVE_S1.);
#931 = B_SPLINE_CURVE_WITH_KNOTS('',7,(#932,#933,#934,#935,#936,#937,
    #938,#939,#940,#941,#942,#943,#944,#945,#946,#947,#948,#949,#950,
    #951,#952,#953,#954,#955,#956,#957,#958,#959,#960,#961,#962,#963,
    #964,#965,#966,#967,#968,#969,#970,#971,#972,#973,#974,#975,#976,
    #977,#978,#979,#980,#981),.UNSPECIFIED.,.F.,.F.,(8,6,6,6,6,6,6,6,8),
  (0.,0.213164010005,0.309683902477,0.422826209244,0.501669747191,
    0.617229286685,0.689605662568,0.785960462687,1.),.UNSPECIFIED.);
#932 = CARTESIAN_POINT('',(28.303007479865,137.20229182601,
    -10.36114012155));
#933 = CARTESIAN_POINT('',(27.6494529975,137.33409240018,-12.1548403609)
  );
#934 = CARTESIAN_POINT('',(26.85670350411,137.49080922825,
    -13.92066735407));
#935 = CARTESIAN_POINT('',(25.921257474591,137.67025807136,
    -15.65176096608));
#936 = CARTESIAN_POINT('',(24.838320353494,137.86950485248,
    -17.33938295905));
#937 = CARTESIAN_POINT('',(23.602151989908,138.08462991614,
    -18.97235624304));
#938 = CARTESIAN_POINT('',(22.206553410874,138.31034403667,
    -20.53624502289));
#939 = CARTESIAN_POINT('',(19.938789713485,138.64356125821,
    -22.68053572201));
#940 = CARTESIAN_POINT('',(19.197904751532,138.74819025821,
    -23.33099886115));
#941 = CARTESIAN_POINT('',(18.422562330647,138.85292038115,
    -23.9616449041));
#942 = CARTESIAN_POINT('',(17.61245480249,138.95700439476,
    -24.57035734146));
#943 = CARTESIAN_POINT('',(16.76735893025,139.05962370169,
    -25.15485211644));
#944 = CARTESIAN_POINT('',(15.887156336449,139.15989090571,
    -25.71266235407));
#945 = CARTESIAN_POINT('',(13.898920479189,139.37051231207,
    -26.86059401182));
#946 = CARTESIAN_POINT('',(12.776248102865,139.47979011934,
    -27.44060679316));
#947 = CARTESIAN_POINT('',(11.606126781772,139.58286183014,
    -27.97520759402));
#948 = CARTESIAN_POINT('',(10.39135982349,139.67787068199,
    -28.45881330209));
#949 = CARTESIAN_POINT('',(9.135230303172,139.76300647598,
    -28.88621162258));
#950 = CARTESIAN_POINT('',(7.841467483537,139.83658493328,
    -29.25256116785));
#951 = CARTESIAN_POINT('',(5.58931234045,139.93931599873,-29.76302605134
    ));
#952 = CARTESIAN_POINT('',(4.648838544654,139.97514288019,
    -29.94068766307));
#953 = CARTESIAN_POINT('',(3.695706611636,140.00405706826,
    -30.08461594133));
#954 = CARTESIAN_POINT('',(2.732944228487,140.02562540063,
    -30.19348104092));
#955 = CARTESIAN_POINT('',(1.763658561874,140.03955276184,
    -30.26638324726));
#956 = CARTESIAN_POINT('',(0.791002624638,140.04569294022,-30.3028545592
    ));
#957 = CARTESIAN_POINT('',(-1.60776347271,140.04164138141,
    -30.30287369319));
#958 = CARTESIAN_POINT('',(-3.031082988655,140.02251785189,
    -30.22455298771));
#959 = CARTESIAN_POINT('',(-4.4427720153,139.98681649342,-30.06839745141
    ));
#960 = CARTESIAN_POINT('',(-5.833888839911,139.93530335926,
    -29.83660604399));
#961 = CARTESIAN_POINT('',(-7.195788571144,139.86934777616,
    -29.53305297181));
#962 = CARTESIAN_POINT('',(-8.520313252696,139.79082425058,
    -29.16327645884));
#963 = CARTESIAN_POINT('',(-10.60144897177,139.64627351776,
    -28.46592392568));
#964 = CARTESIAN_POINT('',(-11.3861518526,139.58648422159,-28.1739365281
    ));
#965 = CARTESIAN_POINT('',(-12.15335227925,139.52302059432,
    -27.85981258266));
#966 = CARTESIAN_POINT('',(-12.9023869187,139.45634078872,
    -27.52486664838));
#967 = CARTESIAN_POINT('',(-13.63266400683,139.38690754441,
    -27.17043689587));
#968 = CARTESIAN_POINT('',(-14.34366325049,139.31518136546,
    -26.79788618222));
#969 = CARTESIAN_POINT('',(-15.95522803113,139.14367292917,
    -25.89034988896));
#970 = CARTESIAN_POINT('',(-16.84071205952,139.04245164123,
    -25.34235382892));
#971 = CARTESIAN_POINT('',(-17.69134984521,138.93890389145,
    -24.76728642137));
#972 = CARTESIAN_POINT('',(-18.50723129853,138.83391776301,
    -24.16762519179));
#973 = CARTESIAN_POINT('',(-19.28855391094,138.72831263829,
    -23.5456685814));
#974 = CARTESIAN_POINT('',(-20.03560245642,138.62283647201,
    -22.90355081305));
#975 = CARTESIAN_POINT('',(-22.33284499526,138.28564483332,
    -20.77650020666));
#976 = CARTESIAN_POINT('',(-23.75054617673,138.05694643406,
    -19.21915240075));
#977 = CARTESIAN_POINT('',(-25.00773534283,137.83912179955,
    -17.59053083644));
#978 = CARTESIAN_POINT('',(-26.11066851728,137.63752638153,
    -15.90544633088));
#979 = CARTESIAN_POINT('',(-27.06518395816,137.45610583476,
    -14.17533685835));
#980 = CARTESIAN_POINT('',(-27.8761749318,137.29779971193,
    -12.40910027168));
#981 = CARTESIAN_POINT('',(-28.54721247908,137.16479057716,
    -10.61367249708));
#982 = PCURVE('',#326,#983);
#983 = DEFINITIONAL_REPRESENTATION('',(#984),#1035);
#984 = B_SPLINE_CURVE_WITH_KNOTS('',7,(#985,#986,#987,#988,#989,#990,
    #991,#992,#993,#994,#995,#996,#997,#998,#999,#1000,#1001,#1002,#1003
    ,#1004,#1005,#1006,#1007,#1008,#1009,#1010,#1011,#1012,#1013,#1014,
    #1015,#1016,#1017,#1018,#1019,#1020,#1021,#1022,#1023,#1024,#1025,
    #1026,#1027,#1028,#1029,#1030,#1031,#1032,#1033,#1034),
  .UNSPECIFIED.,.F.,.F.,(8,6,6,6,6,6,6,6,8),(0.,0.213164010005,
    0.309683902477,0.422826209244,0.501669747191,0.617229286685,
    0.689605662568,0.785960462687,1.),.UNSPECIFIED.);
#985 = CARTESIAN_POINT('',(0.349173264355,0.124869621054));
#986 = CARTESIAN_POINT('',(0.412160319386,0.264553135462));
#987 = CARTESIAN_POINT('',(0.475851173162,0.429722404816));
#988 = CARTESIAN_POINT('',(0.540481156361,0.618190886482));
#989 = CARTESIAN_POINT('',(0.606282744968,0.827023121482));
#990 = CARTESIAN_POINT('',(0.673499258306,1.052295869149));
#991 = CARTESIAN_POINT('',(0.742388872863,1.288709645166));
#992 = CARTESIAN_POINT('',(0.845334444683,1.638239270395));
#993 = CARTESIAN_POINT('',(0.877831989778,1.748062082489));
#994 = CARTESIAN_POINT('',(0.910760315072,1.858092121261));
#995 = CARTESIAN_POINT('',(0.944139019198,1.967577862729));
#996 = CARTESIAN_POINT('',(0.97798916012,2.07569557404));
#997 = CARTESIAN_POINT('',(1.012333633522,2.181551743491));
#998 = CARTESIAN_POINT('',(1.08806564551,2.404494608063));
#999 = CARTESIAN_POINT('',(1.129704953234,2.520545429247));
#1000 = CARTESIAN_POINT('',(1.172063747666,2.630487299473));
#1001 = CARTESIAN_POINT('',(1.21510034352,2.73243537525));
#1002 = CARTESIAN_POINT('',(1.25878203165,2.82455015548));
#1003 = CARTESIAN_POINT('',(1.30308401377,2.905116992723));
#1004 = CARTESIAN_POINT('',(1.379280042535,3.019669172374));
#1005 = CARTESIAN_POINT('',(1.410840901925,3.060336421279));
#1006 = CARTESIAN_POINT('',(1.442614398267,3.094058453698));
#1007 = CARTESIAN_POINT('',(1.474547370315,3.120384477828));
#1008 = CARTESIAN_POINT('',(1.506588796723,3.139002542478));
#1009 = CARTESIAN_POINT('',(1.538688579493,3.149750554066));
#1010 = CARTESIAN_POINT('',(1.617856068011,3.156819717125));
#1011 = CARTESIAN_POINT('',(1.664833037288,3.144082942744));
#1012 = CARTESIAN_POINT('',(1.711598939665,3.114503985404));
#1013 = CARTESIAN_POINT('',(1.758026032441,3.068813385678));
#1014 = CARTESIAN_POINT('',(1.803980615894,3.00835085936));
#1015 = CARTESIAN_POINT('',(1.849316423509,2.93496805608));
#1016 = CARTESIAN_POINT('',(1.92177106255,2.798179979607));
#1017 = CARTESIAN_POINT('',(1.949395429527,2.741239087748));
#1018 = CARTESIAN_POINT('',(1.976739889279,2.68048286021));
#1019 = CARTESIAN_POINT('',(2.003802167306,2.616369926069));
#1020 = CARTESIAN_POINT('',(2.030578781019,2.549363896886));
#1021 = CARTESIAN_POINT('',(2.057064982776,2.479926546848));
#1022 = CARTESIAN_POINT('',(2.118121124699,2.313435336805));
#1023 = CARTESIAN_POINT('',(2.152467951953,2.214837334231));
#1024 = CARTESIAN_POINT('',(2.186319909116,2.113678083559));
#1025 = CARTESIAN_POINT('',(2.219699483999,2.010852777896));
#1026 = CARTESIAN_POINT('',(2.252627301512,1.907187924509));
#1027 = CARTESIAN_POINT('',(2.285122497406,1.803438564234));
#1028 = CARTESIAN_POINT('',(2.388465920815,1.471144482233));
#1029 = CARTESIAN_POINT('',(2.457726591785,1.244806552861));
#1030 = CARTESIAN_POINT('',(2.525285897406,1.028405186859));
#1031 = CARTESIAN_POINT('',(2.591405206505,0.827364849771));
#1032 = CARTESIAN_POINT('',(2.656331629536,0.645689164468));
#1033 = CARTESIAN_POINT('',(2.72030201537,0.486364410001));
#1034 = CARTESIAN_POINT('',(2.783556806959,0.351608447652));
#1035 = ( GEOMETRIC_REPRESENTATION_CONTEXT(2) 
PARAMETRIC_REPRESENTATION_CONTEXT() REPRESENTATION_CONTEXT('2D SPACE',''
  ) );
#1036 = PCURVE('',#1037,#1042);
#1037 = CYLINDRICAL_SURFACE('',#1038,140.10349221413);
#1038 = AXIS2_PLACEMENT_3D('',#1039,#1040,#1041);
#1039 = CARTESIAN_POINT('',(6.240318303513E-02,-6.334555611213E-02,
    -31.64215518422));
#1040 = DIRECTION('',(-4.443777047937E-03,2.686084759559E-03,
    0.999986518806));
#1041 = DIRECTION('',(0.999990126303,1.694065894509E-21,
    4.443793079063E-03));
#1042 = DEFINITIONAL_REPRESENTATION('',(#1043),#1094);
#1043 = B_SPLINE_CURVE_WITH_KNOTS('',7,(#1044,#1045,#1046,#1047,#1048,
    #1049,#1050,#1051,#1052,#1053,#1054,#1055,#1056,#1057,#1058,#1059,
    #1060,#1061,#1062,#1063,#1064,#1065,#1066,#1067,#1068,#1069,#1070,
    #1071,#1072,#1073,#1074,#1075,#1076,#1077,#1078,#1079,#1080,#1081,
    #1082,#1083,#1084,#1085,#1086,#1087,#1088,#1089,#1090,#1091,#1092,
    #1093),.UNSPECIFIED.,.F.,.F.,(8,6,6,6,6,6,6,6,8),(0.,0.213164010005,
    0.309683902477,0.422826209244,0.501669747191,0.617229286685,
    0.689605662568,0.785960462687,1.),.UNSPECIFIED.);
#1044 = CARTESIAN_POINT('',(1.367149029763,21.523940356573));
#1045 = CARTESIAN_POINT('',(1.371970303541,19.733522576368));
#1046 = CARTESIAN_POINT('',(1.377799543646,17.971663145344));
#1047 = CARTESIAN_POINT('',(1.384658015602,16.24523179894));
#1048 = CARTESIAN_POINT('',(1.39257522168,14.562980081986));
#1049 = CARTESIAN_POINT('',(1.401586486063,12.936099913184));
#1050 = CARTESIAN_POINT('',(1.411729684332,11.379040232614));
#1051 = CARTESIAN_POINT('',(1.428162939623,9.245750927063));
#1052 = CARTESIAN_POINT('',(1.433525569981,8.598869926896));
#1053 = CARTESIAN_POINT('',(1.43913110902,7.971959148643));
#1054 = CARTESIAN_POINT('',(1.444981182743,7.367134433184));
#1055 = CARTESIAN_POINT('',(1.451076858507,6.786678599688));
#1056 = CARTESIAN_POINT('',(1.457418529068,6.233056632296));
#1057 = CARTESIAN_POINT('',(1.47172750694,5.094541473852));
#1058 = CARTESIAN_POINT('',(1.479797552368,4.519818946971));
#1059 = CARTESIAN_POINT('',(1.48819882742,3.990701970786));
#1060 = CARTESIAN_POINT('',(1.496910916288,3.512756137659));
#1061 = CARTESIAN_POINT('',(1.505910359519,3.091174220495));
#1062 = CARTESIAN_POINT('',(1.515170920676,2.730776445556));
#1063 = CARTESIAN_POINT('',(1.531279029859,2.230602463418));
#1064 = CARTESIAN_POINT('',(1.538002104811,2.05721873669));
#1065 = CARTESIAN_POINT('',(1.54481252965,1.917605570517));
#1066 = CARTESIAN_POINT('',(1.551689074584,1.813078174317));
#1067 = CARTESIAN_POINT('',(1.558610038606,1.744521650256));
#1068 = CARTESIAN_POINT('',(1.565553451665,1.71238958916));
#1069 = CARTESIAN_POINT('',(1.582674694896,1.723019154326));
#1070 = CARTESIAN_POINT('',(1.592831389538,1.807612351118));
#1071 = CARTESIAN_POINT('',(1.602904524763,1.969943116676));
#1072 = CARTESIAN_POINT('',(1.612832040704,2.207774843645));
#1073 = CARTESIAN_POINT('',(1.622553717395,2.51719864005));
#1074 = CARTESIAN_POINT('',(1.632012344573,2.892645139527));
#1075 = CARTESIAN_POINT('',(1.646881141366,3.598848099156));
#1076 = CARTESIAN_POINT('',(1.652489269441,3.894158005938));
#1077 = CARTESIAN_POINT('',(1.657974263065,4.211516515577));
#1078 = CARTESIAN_POINT('',(1.663331457874,4.549607369715));
#1079 = CARTESIAN_POINT('',(1.668556640932,4.907091029075));
#1080 = CARTESIAN_POINT('',(1.673646056053,5.28260357982));
#1081 = CARTESIAN_POINT('',(1.685186823079,6.196828386786));
#1082 = CARTESIAN_POINT('',(1.691531877314,6.748480063828));
#1083 = CARTESIAN_POINT('',(1.697631115524,7.327041625418));
#1084 = CARTESIAN_POINT('',(1.703484877977,7.930038364488));
#1085 = CARTESIAN_POINT('',(1.709094187668,8.555174949336));
#1086 = CARTESIAN_POINT('',(1.714460636496,9.200320460432));
#1087 = CARTESIAN_POINT('',(1.73097219647,11.33664509999));
#1088 = CARTESIAN_POINT('',(1.741176827486,12.899657555672));
#1089 = CARTESIAN_POINT('',(1.750237331534,14.533258737155));
#1090 = CARTESIAN_POINT('',(1.758192780452,16.222680212507));
#1091 = CARTESIAN_POINT('',(1.765079817513,17.956520703934));
#1092 = CARTESIAN_POINT('',(1.770929143691,19.725912119041));
#1093 = CARTESIAN_POINT('',(1.775762915423,21.523940356573));
#1094 = ( GEOMETRIC_REPRESENTATION_CONTEXT(2) 
PARAMETRIC_REPRESENTATION_CONTEXT() REPRESENTATION_CONTEXT('2D SPACE',''
  ) );
#1095 = ORIENTED_EDGE('',*,*,#1096,.T.);
#1096 = EDGE_CURVE('',#928,#1097,#1099,.T.);
#1097 = VERTEX_POINT('',#1098);
#1098 = CARTESIAN_POINT('',(-28.55374340039,138.73471964614,
    -10.61991896592));
#1099 = SURFACE_CURVE('',#1100,(#1104,#1110),.PCURVE_S1.);
#1100 = LINE('',#1101,#1102);
#1101 = CARTESIAN_POINT('',(-28.54483509301,136.81318525503,
    -10.61471790503));
#1102 = VECTOR('',#1103,1.);
#1103 = DIRECTION('',(-4.635971681286E-03,0.999985590711,
    -2.706683768868E-03));
#1104 = PCURVE('',#326,#1105);
#1105 = DEFINITIONAL_REPRESENTATION('',(#1106),#1109);
#1106 = B_SPLINE_CURVE_WITH_KNOTS('',1,(#1107,#1108),.UNSPECIFIED.,.F.,
  .F.,(2,2),(-2.000399999996E-03,32.173012389197),
  .PIECEWISE_BEZIER_KNOTS.);
#1107 = CARTESIAN_POINT('',(2.783486431792,-2.000399999996E-03));
#1108 = CARTESIAN_POINT('',(2.783486431792,32.173012389197));
#1109 = ( GEOMETRIC_REPRESENTATION_CONTEXT(2) 
PARAMETRIC_REPRESENTATION_CONTEXT() REPRESENTATION_CONTEXT('2D SPACE',''
  ) );
#1110 = PCURVE('',#1111,#1116);
#1111 = PLANE('',#1112);
#1112 = AXIS2_PLACEMENT_3D('',#1113,#1114,#1115);
#1113 = CARTESIAN_POINT('',(-3.323551977041E-02,-5.535801198973E-03,
    -10.12050536922));
#1114 = DIRECTION('',(-4.443777047937E-03,2.686084759559E-03,
    0.999986518806));
#1115 = DIRECTION('',(0.999990126303,1.694065894509E-21,
    4.443793079063E-03));
#1116 = DEFINITIONAL_REPRESENTATION('',(#1117),#1120);
#1117 = B_SPLINE_CURVE_WITH_KNOTS('',1,(#1118,#1119),.UNSPECIFIED.,.F.,
  .F.,(2,2),(-2.000399999996E-03,32.173012389197),
  .PIECEWISE_BEZIER_KNOTS.);
#1118 = CARTESIAN_POINT('',(-28.51350493882,136.81721425756));
#1119 = CARTESIAN_POINT('',(-28.66305291337,168.99187949883));
#1120 = ( GEOMETRIC_REPRESENTATION_CONTEXT(2) 
PARAMETRIC_REPRESENTATION_CONTEXT() REPRESENTATION_CONTEXT('2D SPACE',''
  ) );
#1121 = ORIENTED_EDGE('',*,*,#1122,.T.);
#1122 = EDGE_CURVE('',#1097,#1123,#1125,.T.);
#1123 = VERTEX_POINT('',#1124);
#1124 = CARTESIAN_POINT('',(-28.77914810758,138.69044243722,
    -9.996260182128));
#1125 = SURFACE_CURVE('',#1126,(#1139,#1155),.PCURVE_S1.);
#1126 = B_SPLINE_CURVE_WITH_KNOTS('',6,(#1127,#1128,#1129,#1130,#1131,
    #1132,#1133,#1134,#1135,#1136,#1137,#1138),.UNSPECIFIED.,.F.,.F.,(7,
    5,7),(0.,0.518817823767,1.),.UNSPECIFIED.);
#1127 = CARTESIAN_POINT('',(-28.55299658859,138.73486597418,
    -10.62191646723));
#1128 = CARTESIAN_POINT('',(-29.19061235332,138.60993456827,
    -8.916665119942));
#1129 = CARTESIAN_POINT('',(-29.69813297717,138.50826283113,
    -7.184917908215));
#1130 = CARTESIAN_POINT('',(-30.07864852453,138.43194587989,
    -5.434463012199));
#1131 = CARTESIAN_POINT('',(-30.33426026448,138.38224312383,
    -3.671804868426));
#1132 = CARTESIAN_POINT('',(-30.46603645666,138.3597705905,
    -1.902761091468));
#1133 = CARTESIAN_POINT('',(-30.48119456531,138.36893305842,
    1.508279592505));
#1134 = CARTESIAN_POINT('',(-30.38190061249,138.39676048335,
    3.149889825536));
#1135 = CARTESIAN_POINT('',(-30.17603180002,138.44798680389,
    4.787189964791));
#1136 = CARTESIAN_POINT('',(-29.86276509343,138.52213047602,
    6.415535381004));
#1137 = CARTESIAN_POINT('',(-29.44050682765,138.61823193059,
    8.029824415947));
#1138 = CARTESIAN_POINT('',(-28.90691452137,138.73472972815,
    9.624094711425));
#1139 = PCURVE('',#326,#1140);
#1140 = DEFINITIONAL_REPRESENTATION('',(#1141),#1154);
#1141 = B_SPLINE_CURVE_WITH_KNOTS('',6,(#1142,#1143,#1144,#1145,#1146,
    #1147,#1148,#1149,#1150,#1151,#1152,#1153),.UNSPECIFIED.,.F.,.F.,(7,
    5,7),(0.,0.518817823767,1.),.UNSPECIFIED.);
#1142 = CARTESIAN_POINT('',(2.783416054801,1.921710349786));
#1143 = CARTESIAN_POINT('',(2.843497134984,1.795121136543));
#1144 = CARTESIAN_POINT('',(2.90289266638,1.691116423589));
#1145 = CARTESIAN_POINT('',(2.961787960331,1.611826703464));
#1146 = CARTESIAN_POINT('',(3.020352727069,1.558538714189));
#1147 = CARTESIAN_POINT('',(3.078753962487,1.531889173289));
#1148 = CARTESIAN_POINT('',(3.191331821785,1.531889173289));
#1149 = CARTESIAN_POINT('',(3.245497921531,1.554812553524));
#1150 = CARTESIAN_POINT('',(3.29979426975,1.600652080229));
#1151 = CARTESIAN_POINT('',(3.354353618884,1.66893497231));
#1152 = CARTESIAN_POINT('',(3.409310818137,1.758708094836));
#1153 = CARTESIAN_POINT('',(3.464811260875,1.868415309395));
#1154 = ( GEOMETRIC_REPRESENTATION_CONTEXT(2) 
PARAMETRIC_REPRESENTATION_CONTEXT() REPRESENTATION_CONTEXT('2D SPACE',''
  ) );
#1155 = PCURVE('',#1156,#1161);
#1156 = CYLINDRICAL_SURFACE('',#1157,141.64225098925);
#1157 = AXIS2_PLACEMENT_3D('',#1158,#1159,#1160);
#1158 = CARTESIAN_POINT('',(-3.323551977041E-02,-5.535801198973E-03,
    -10.12050536922));
#1159 = DIRECTION('',(-4.443777047937E-03,2.686084759559E-03,
    0.999986518806));
#1160 = DIRECTION('',(0.999990126303,1.694065894509E-21,
    4.443793079063E-03));
#1161 = DEFINITIONAL_REPRESENTATION('',(#1162),#1175);
#1162 = B_SPLINE_CURVE_WITH_KNOTS('',6,(#1163,#1164,#1165,#1166,#1167,
    #1168,#1169,#1170,#1171,#1172,#1173,#1174),.UNSPECIFIED.,.F.,.F.,(7,
    5,7),(0.,0.518817823767,1.),.UNSPECIFIED.);
#1163 = CARTESIAN_POINT('',(1.773546986369,-2.000400000129E-03));
#1164 = CARTESIAN_POINT('',(1.778088052848,1.705725804427));
#1165 = CARTESIAN_POINT('',(1.781695683204,3.439431879731));
#1166 = CARTESIAN_POINT('',(1.784388644222,5.191349109981));
#1167 = CARTESIAN_POINT('',(1.786179680348,6.954985866786));
#1168 = CARTESIAN_POINT('',(1.787075383196,8.724531015811));
#1169 = CARTESIAN_POINT('',(1.787075383196,12.135617685304));
#1170 = CARTESIAN_POINT('',(1.786304918115,13.776839294103));
#1171 = CARTESIAN_POINT('',(1.784764229459,15.413340123734));
#1172 = CARTESIAN_POINT('',(1.78244849263,17.040470656693));
#1173 = CARTESIAN_POINT('',(1.779348313192,18.653119644155));
#1174 = CARTESIAN_POINT('',(1.775449793203,20.245310204681));
#1175 = ( GEOMETRIC_REPRESENTATION_CONTEXT(2) 
PARAMETRIC_REPRESENTATION_CONTEXT() REPRESENTATION_CONTEXT('2D SPACE',''
  ) );
#1176 = ORIENTED_EDGE('',*,*,#1177,.T.);
#1177 = EDGE_CURVE('',#1123,#1178,#1180,.T.);
#1178 = VERTEX_POINT('',#1179);
#1179 = CARTESIAN_POINT('',(-28.93284817382,166.2447979364,
    -9.996260182128));
#1180 = SURFACE_CURVE('',#1181,(#1186,#1196),.PCURVE_S1.);
#1181 = ELLIPSE('',#1182,1.119443681521E+04,30.299800429353);
#1182 = AXIS2_PLACEMENT_3D('',#1183,#1184,#1185);
#1183 = CARTESIAN_POINT('',(-17.29826474602,3.83207686182E+03,
    -9.996260182128));
#1184 = DIRECTION('',(-0.,0.,-1.));
#1185 = DIRECTION('',(-4.635988663262E-03,0.999989253747,0.));
#1186 = PCURVE('',#326,#1187);
#1187 = DEFINITIONAL_REPRESENTATION('',(#1188),#1195);
#1188 = B_SPLINE_CURVE_WITH_KNOTS('',5,(#1189,#1190,#1191,#1192,#1193,
    #1194),.UNSPECIFIED.,.F.,.F.,(6,6),(4.3759900149,4.379233407415),
  .PIECEWISE_BEZIER_KNOTS.);
#1189 = CARTESIAN_POINT('',(2.805193688105,-2.000400002174E-03));
#1190 = CARTESIAN_POINT('',(2.805842366608,6.852548857689));
#1191 = CARTESIAN_POINT('',(2.806491045111,13.709041693995));
#1192 = CARTESIAN_POINT('',(2.807139723614,20.56747209994));
#1193 = CARTESIAN_POINT('',(2.807788402117,27.427834063308));
#1194 = CARTESIAN_POINT('',(2.80843708062,34.290121568292));
#1195 = ( GEOMETRIC_REPRESENTATION_CONTEXT(2) 
PARAMETRIC_REPRESENTATION_CONTEXT() REPRESENTATION_CONTEXT('2D SPACE',''
  ) );
#1196 = PCURVE('',#1197,#1202);
#1197 = PLANE('',#1198);
#1198 = AXIS2_PLACEMENT_3D('',#1199,#1200,#1201);
#1199 = CARTESIAN_POINT('',(-3.378764512445E-02,-5.202063596289E-03,
    -9.996260182128));
#1200 = DIRECTION('',(-0.,-0.,-1.));
#1201 = DIRECTION('',(-1.,0.,0.));
#1202 = DEFINITIONAL_REPRESENTATION('',(#1203),#1207);
#1203 = ELLIPSE('',#1204,1.119443681521E+04,30.299800429353);
#1204 = AXIS2_PLACEMENT_2D('',#1205,#1206);
#1205 = CARTESIAN_POINT('',(17.264477100897,3.832082063884E+03));
#1206 = DIRECTION('',(4.635988663262E-03,0.999989253747));
#1207 = ( GEOMETRIC_REPRESENTATION_CONTEXT(2) 
PARAMETRIC_REPRESENTATION_CONTEXT() REPRESENTATION_CONTEXT('2D SPACE',''
  ) );
#1208 = ORIENTED_EDGE('',*,*,#1209,.T.);
#1209 = EDGE_CURVE('',#1178,#1210,#1212,.T.);
#1210 = VERTEX_POINT('',#1211);
#1211 = CARTESIAN_POINT('',(-28.87932691175,166.29851425942,
    10.001470220959));
#1212 = SURFACE_CURVE('',#1213,(#1218,#1229),.PCURVE_S1.);
#1213 = ELLIPSE('',#1214,30.300126046224,30.299800429353);
#1214 = AXIS2_PLACEMENT_3D('',#1215,#1216,#1217);
#1215 = CARTESIAN_POINT('',(-0.303449786765,166.2714504855,
    -7.394120187686E-02));
#1216 = DIRECTION('',(1.694065894509E-21,0.999996392397,
    -2.686111281217E-03));
#1217 = DIRECTION('',(-0.999990126374,-1.193647965968E-05,
    -4.443761016552E-03));
#1218 = PCURVE('',#326,#1219);
#1219 = DEFINITIONAL_REPRESENTATION('',(#1220),#1228);
#1220 = B_SPLINE_CURVE_WITH_KNOTS('',6,(#1221,#1222,#1223,#1224,#1225,
    #1226,#1227),.UNSPECIFIED.,.F.,.F.,(7,7),(5.883223526826,
    6.69753720189),.PIECEWISE_BEZIER_KNOTS.);
#1221 = CARTESIAN_POINT('',(2.737199582098,29.42776923674));
#1222 = CARTESIAN_POINT('',(2.872918527942,29.435192709473));
#1223 = CARTESIAN_POINT('',(3.008637473786,29.439756305701));
#1224 = CARTESIAN_POINT('',(3.14435641963,29.44121391015));
#1225 = CARTESIAN_POINT('',(3.280075365474,29.439477354977));
#1226 = CARTESIAN_POINT('',(3.415794311318,29.43464415245));
#1227 = CARTESIAN_POINT('',(3.551513257163,29.426968766118));
#1228 = ( GEOMETRIC_REPRESENTATION_CONTEXT(2) 
PARAMETRIC_REPRESENTATION_CONTEXT() REPRESENTATION_CONTEXT('2D SPACE',''
  ) );
#1229 = PCURVE('',#1230,#1235);
#1230 = PLANE('',#1231);
#1231 = AXIS2_PLACEMENT_3D('',#1232,#1233,#1234);
#1232 = CARTESIAN_POINT('',(-78.88853164512,166.2447979364,
    -9.996260182128));
#1233 = DIRECTION('',(0.,0.999996392397,-2.686111281217E-03));
#1234 = DIRECTION('',(1.,0.,0.));
#1235 = DEFINITIONAL_REPRESENTATION('',(#1236),#1240);
#1236 = ELLIPSE('',#1237,30.300126046224,30.299800429353);
#1237 = AXIS2_PLACEMENT_2D('',#1238,#1239);
#1238 = CARTESIAN_POINT('',(78.585081858359,-9.922354776172));
#1239 = DIRECTION('',(-0.999990126374,4.443777047937E-03));
#1240 = ( GEOMETRIC_REPRESENTATION_CONTEXT(2) 
PARAMETRIC_REPRESENTATION_CONTEXT() REPRESENTATION_CONTEXT('2D SPACE',''
  ) );
#1241 = ORIENTED_EDGE('',*,*,#1242,.F.);
#1242 = EDGE_CURVE('',#1243,#1210,#1245,.T.);
#1243 = VERTEX_POINT('',#1244);
#1244 = CARTESIAN_POINT('',(-28.77233769365,137.27122694393,
    10.001470220959));
#1245 = SURFACE_CURVE('',#1246,(#1251,#1261),.PCURVE_S1.);
#1246 = ELLIPSE('',#1247,1.119443681521E+04,30.299800429353);
#1247 = AXIS2_PLACEMENT_3D('',#1248,#1249,#1250);
#1248 = CARTESIAN_POINT('',(16.953579856233,-3.556094035725E+03,
    10.001470220959));
#1249 = DIRECTION('',(-0.,0.,-1.));
#1250 = DIRECTION('',(-4.635988663262E-03,0.999989253747,0.));
#1251 = PCURVE('',#326,#1252);
#1252 = DEFINITIONAL_REPRESENTATION('',(#1253),#1260);
#1253 = B_SPLINE_CURVE_WITH_KNOTS('',5,(#1254,#1255,#1256,#1257,#1258,
    #1259),.UNSPECIFIED.,.F.,.F.,(6,6),(5.048594908978,5.051858386758),
  .PIECEWISE_BEZIER_KNOTS.);
#1254 = CARTESIAN_POINT('',(3.477798582183,-2.000400008598E-03));
#1255 = CARTESIAN_POINT('',(3.478451277739,6.895462269663));
#1256 = CARTESIAN_POINT('',(3.479103973295,13.790958300583));
#1257 = CARTESIAN_POINT('',(3.479756668851,20.684481571033));
#1258 = CARTESIAN_POINT('',(3.480409364407,27.576025962924));
#1259 = CARTESIAN_POINT('',(3.481062059963,34.46558536155));
#1260 = ( GEOMETRIC_REPRESENTATION_CONTEXT(2) 
PARAMETRIC_REPRESENTATION_CONTEXT() REPRESENTATION_CONTEXT('2D SPACE',''
  ) );
#1261 = PCURVE('',#1262,#1267);
#1262 = PLANE('',#1263);
#1263 = AXIS2_PLACEMENT_3D('',#1264,#1265,#1266);
#1264 = CARTESIAN_POINT('',(-0.122654298529,4.851425942538E-02,
    10.001470220959));
#1265 = DIRECTION('',(-0.,-0.,-1.));
#1266 = DIRECTION('',(-1.,0.,0.));
#1267 = DEFINITIONAL_REPRESENTATION('',(#1268),#1272);
#1268 = ELLIPSE('',#1269,1.119443681521E+04,30.299800429353);
#1269 = AXIS2_PLACEMENT_2D('',#1270,#1271);
#1270 = CARTESIAN_POINT('',(-17.07623415476,-3.556142549984E+03));
#1271 = DIRECTION('',(4.635988663262E-03,0.999989253747));
#1272 = ( GEOMETRIC_REPRESENTATION_CONTEXT(2) 
PARAMETRIC_REPRESENTATION_CONTEXT() REPRESENTATION_CONTEXT('2D SPACE',''
  ) );
#1273 = ORIENTED_EDGE('',*,*,#1274,.T.);
#1274 = EDGE_CURVE('',#1243,#533,#1275,.T.);
#1275 = SURFACE_CURVE('',#1276,(#1327,#1381),.PCURVE_S1.);
#1276 = B_SPLINE_CURVE_WITH_KNOTS('',7,(#1277,#1278,#1279,#1280,#1281,
    #1282,#1283,#1284,#1285,#1286,#1287,#1288,#1289,#1290,#1291,#1292,
    #1293,#1294,#1295,#1296,#1297,#1298,#1299,#1300,#1301,#1302,#1303,
    #1304,#1305,#1306,#1307,#1308,#1309,#1310,#1311,#1312,#1313,#1314,
    #1315,#1316,#1317,#1318,#1319,#1320,#1321,#1322,#1323,#1324,#1325,
    #1326),.UNSPECIFIED.,.F.,.F.,(8,6,6,6,6,6,6,6,8),(0.,0.218260688583,
    0.312457328805,0.422860008098,0.499771784608,0.612455717398,
    0.687309181106,0.781606585739,1.),.UNSPECIFIED.);
#1277 = CARTESIAN_POINT('',(-28.90134002484,137.24286672621,
    9.624125954139));
#1278 = CARTESIAN_POINT('',(-28.26825615704,137.38251125367,
    11.516550004561));
#1279 = CARTESIAN_POINT('',(-27.48297122825,137.5503260396,
    13.380676306268));
#1280 = CARTESIAN_POINT('',(-26.5416842154,137.74397896668,
    15.208994403483));
#1281 = CARTESIAN_POINT('',(-25.43895059459,137.96026613442,
    16.991839990321));
#1282 = CARTESIAN_POINT('',(-24.16811605971,138.19481979593,
    18.716694460245));
#1283 = CARTESIAN_POINT('',(-22.72192263128,138.44160769623,
    20.367164039694));
#1284 = CARTESIAN_POINT('',(-20.39057996852,138.80086585448,
    22.592418177202));
#1285 = CARTESIAN_POINT('',(-19.65359204771,138.90997751561,
    23.24556281602));
#1286 = CARTESIAN_POINT('',(-18.88205732881,139.01921705982,
    23.879047715971));
#1287 = CARTESIAN_POINT('',(-18.07564812048,139.12783105421,
    24.490763872255));
#1288 = CARTESIAN_POINT('',(-17.23411928625,139.2349928304,
    25.078433872991));
#1289 = CARTESIAN_POINT('',(-16.357328776,139.33980460958,
    25.639596404976));
#1290 = CARTESIAN_POINT('',(-14.37627056159,139.56025633222,
    26.795111958997));
#1291 = CARTESIAN_POINT('',(-13.2573163907,139.67482446965,
    27.379441529598));
#1292 = CARTESIAN_POINT('',(-12.09062836786,139.7831478857,
    27.918629695098));
#1293 = CARTESIAN_POINT('',(-10.87895229884,139.88333385017,
    28.407091545982));
#1294 = CARTESIAN_POINT('',(-9.625514784307,139.97353221262,
    28.839606347692));
#1295 = CARTESIAN_POINT('',(-8.33399093193,140.05201455817,
    29.211316848944));
#1296 = CARTESIAN_POINT('',(-6.08505235408,140.16270182918,
    29.731189635556));
#1297 = CARTESIAN_POINT('',(-5.145819313591,140.20168920421,
    29.912801659901));
#1298 = CARTESIAN_POINT('',(-4.193670991218,140.23364374468,
    30.060789592247));
#1299 = CARTESIAN_POINT('',(-3.231621291211,140.25811182285,
    30.173807174376));
#1300 = CARTESIAN_POINT('',(-2.262766656863,140.27477888326,
    30.250936452943));
#1301 = CARTESIAN_POINT('',(-1.290252611171,140.28348076968,
    30.291689350069));
#1302 = CARTESIAN_POINT('',(1.108326570937,140.2852671166,
    30.302343446537));
#1303 = CARTESIAN_POINT('',(2.531946843452,140.26920326474,
    30.230461649641));
#1304 = CARTESIAN_POINT('',(3.944557903805,140.23610613833,
    30.080795490309));
#1305 = CARTESIAN_POINT('',(5.337185712921,140.18670703301,
    29.855478873099));
#1306 = CARTESIAN_POINT('',(6.701140304201,140.12235407065,
    29.558323661533));
#1307 = CARTESIAN_POINT('',(8.028207449154,140.04491651241,
    29.194809121678));
#1308 = CARTESIAN_POINT('',(10.162859050358,139.89795921369,
    28.491282281008));
#1309 = CARTESIAN_POINT('',(10.996158613476,139.83444822518,
    28.184059017874));
#1310 = CARTESIAN_POINT('',(11.809864350612,139.76661880965,
    27.851948968457));
#1311 = CARTESIAN_POINT('',(12.603195098988,139.69502191755,
    27.496508732861));
#1312 = CARTESIAN_POINT('',(13.375459318198,139.62021427418,
    27.119321402833));
#1313 = CARTESIAN_POINT('',(14.126054904957,139.54274939605,
    26.721998024993));
#1314 = CARTESIAN_POINT('',(15.772096008661,139.36291590729,
    25.782346941013));
#1315 = CARTESIAN_POINT('',(16.654747248379,139.25928032228,
    25.229033444356));
#1316 = CARTESIAN_POINT('',(17.502413346387,139.15322855233,
    24.648894371004));
#1317 = CARTESIAN_POINT('',(18.315210353927,139.04565873673,
    24.044385894105));
#1318 = CARTESIAN_POINT('',(19.093358924578,138.93739831017,
    23.417779954848));
#1319 = CARTESIAN_POINT('',(19.837163484727,138.82920185892,
    22.77117965425));
#1320 = CARTESIAN_POINT('',(22.19095757088,138.47288739033,
    20.567212397262));
#1321 = CARTESIAN_POINT('',(23.653752968575,138.22785301881,
    18.930093961002));
#1322 = CARTESIAN_POINT('',(24.941986935814,137.99473927903,
    17.216850447778));
#1323 = CARTESIAN_POINT('',(26.062633965361,137.77961688636,
    15.443903855461));
#1324 = CARTESIAN_POINT('',(27.022118464311,137.58689632426,
    13.623821967394));
#1325 = CARTESIAN_POINT('',(27.825700172247,137.41982133839,
    11.766330053187));
#1326 = CARTESIAN_POINT('',(28.477035415716,137.28075624345,
    9.879004323579));
#1327 = PCURVE('',#326,#1328);
#1328 = DEFINITIONAL_REPRESENTATION('',(#1329),#1380);
#1329 = B_SPLINE_CURVE_WITH_KNOTS('',7,(#1330,#1331,#1332,#1333,#1334,
    #1335,#1336,#1337,#1338,#1339,#1340,#1341,#1342,#1343,#1344,#1345,
    #1346,#1347,#1348,#1349,#1350,#1351,#1352,#1353,#1354,#1355,#1356,
    #1357,#1358,#1359,#1360,#1361,#1362,#1363,#1364,#1365,#1366,#1367,
    #1368,#1369,#1370,#1371,#1372,#1373,#1374,#1375,#1376,#1377,#1378,
    #1379),.UNSPECIFIED.,.F.,.F.,(8,6,6,6,6,6,6,6,8),(0.,0.218260688583,
    0.312457328805,0.422860008098,0.499771784608,0.612455717398,
    0.687309181106,0.781606585739,1.),.UNSPECIFIED.);
#1330 = CARTESIAN_POINT('',(3.464671804635,0.376547876365));
#1331 = CARTESIAN_POINT('',(3.53054875934,0.508133239303));
#1332 = CARTESIAN_POINT('',(3.597138568588,0.667259448044));
#1333 = CARTESIAN_POINT('',(3.664712768779,0.851597125877));
#1334 = CARTESIAN_POINT('',(3.73353759426,1.057943336024));
#1335 = CARTESIAN_POINT('',(3.803891335358,1.281933429265));
#1336 = CARTESIAN_POINT('',(3.87606836852,1.517545962527));
#1337 = CARTESIAN_POINT('',(3.982495007426,1.859967846303));
#1338 = CARTESIAN_POINT('',(4.014991799554,1.96389342409));
#1339 = CARTESIAN_POINT('',(4.047919553876,2.067839937831));
#1340 = CARTESIAN_POINT('',(4.081298000366,2.171058154722));
#1341 = CARTESIAN_POINT('',(4.115148325343,2.272726446092));
#1342 = CARTESIAN_POINT('',(4.149493550787,2.371953049516));
#1343 = CARTESIAN_POINT('',(4.225222679759,2.580089850623));
#1344 = CARTESIAN_POINT('',(4.266858384412,2.687887301996));
#1345 = CARTESIAN_POINT('',(4.309214730515,2.789341012692));
#1346 = CARTESIAN_POINT('',(4.352250452688,2.882586125853));
#1347 = CARTESIAN_POINT('',(4.395933269741,2.965801606993));
#1348 = CARTESIAN_POINT('',(4.440238837169,3.037289250874));
#1349 = CARTESIAN_POINT('',(4.516436750258,3.136141780168));
#1350 = CARTESIAN_POINT('',(4.547994372307,3.170282769328));
#1351 = CARTESIAN_POINT('',(4.579766109594,3.197422160162));
#1352 = CARTESIAN_POINT('',(4.611698878226,3.217123947742));
#1353 = CARTESIAN_POINT('',(4.643741757168,3.229090420773));
#1354 = CARTESIAN_POINT('',(4.675844774486,3.233173329022));
#1355 = CARTESIAN_POINT('',(4.755006524845,3.223811067775));
#1356 = CARTESIAN_POINT('',(4.80197705343,3.201342145407));
#1357 = CARTESIAN_POINT('',(4.848740379583,3.162101769995));
#1358 = CARTESIAN_POINT('',(4.895168266052,3.106857054229));
#1359 = CARTESIAN_POINT('',(4.941126626655,3.036986069475));
#1360 = CARTESIAN_POINT('',(4.986468895737,2.954381300256));
#1361 = CARTESIAN_POINT('',(5.060629755721,2.799434159397));
#1362 = CARTESIAN_POINT('',(5.089916005401,2.732892489074));
#1363 = CARTESIAN_POINT('',(5.118887292744,2.662190651041));
#1364 = CARTESIAN_POINT('',(5.147541446786,2.587878996034));
#1365 = CARTESIAN_POINT('',(5.175874792872,2.510513162363));
#1366 = CARTESIAN_POINT('',(5.203882089446,2.430645089306));
#1367 = CARTESIAN_POINT('',(5.266419537918,2.245726530214));
#1368 = CARTESIAN_POINT('',(5.300762873282,2.139498137025));
#1369 = CARTESIAN_POINT('',(5.334611911199,2.031088392194));
#1370 = CARTESIAN_POINT('',(5.36798989051,1.921388235973));
#1371 = CARTESIAN_POINT('',(5.400918230067,1.811217918753));
#1372 = CARTESIAN_POINT('',(5.433416910158,1.701324912199));
#1373 = CARTESIAN_POINT('',(5.539820744468,1.34006889752));
#1374 = CARTESIAN_POINT('',(5.611981999478,1.092687740636));
#1375 = CARTESIAN_POINT('',(5.682329292576,0.858242352076));
#1376 = CARTESIAN_POINT('',(5.751156089376,0.642726577036));
#1377 = CARTESIAN_POINT('',(5.818739726067,0.450487035044));
#1378 = CARTESIAN_POINT('',(5.885345431298,0.284716717781));
#1379 = CARTESIAN_POINT('',(5.951243573859,0.147742448841));
#1380 = ( GEOMETRIC_REPRESENTATION_CONTEXT(2) 
PARAMETRIC_REPRESENTATION_CONTEXT() REPRESENTATION_CONTEXT('2D SPACE',''
  ) );
#1381 = PCURVE('',#495,#1382);
#1382 = DEFINITIONAL_REPRESENTATION('',(#1383),#1434);
#1383 = B_SPLINE_CURVE_WITH_KNOTS('',7,(#1384,#1385,#1386,#1387,#1388,
    #1389,#1390,#1391,#1392,#1393,#1394,#1395,#1396,#1397,#1398,#1399,
    #1400,#1401,#1402,#1403,#1404,#1405,#1406,#1407,#1408,#1409,#1410,
    #1411,#1412,#1413,#1414,#1415,#1416,#1417,#1418,#1419,#1420,#1421,
    #1422,#1423,#1424,#1425,#1426,#1427,#1428,#1429,#1430,#1431,#1432,
    #1433),.UNSPECIFIED.,.F.,.F.,(8,6,6,6,6,6,6,6,8),(0.,0.218260688583,
    0.312457328805,0.422860008098,0.499771784608,0.612455717398,
    0.687309181106,0.781606585739,1.),.UNSPECIFIED.);
#1384 = CARTESIAN_POINT('',(1.777573687625,1.581254613855));
#1385 = CARTESIAN_POINT('',(1.772897938752,3.471214965619));
#1386 = CARTESIAN_POINT('',(1.767119086636,5.332277270274));
#1387 = CARTESIAN_POINT('',(1.76021404655,7.156908018131));
#1388 = CARTESIAN_POINT('',(1.752149237865,8.935410233394));
#1389 = CARTESIAN_POINT('',(1.74288362674,10.655224175897));
#1390 = CARTESIAN_POINT('',(1.732372861375,12.2999078371));
#1391 = CARTESIAN_POINT('',(1.715482401538,14.515737006374));
#1392 = CARTESIAN_POINT('',(1.710149139446,15.165890913186));
#1393 = CARTESIAN_POINT('',(1.704572401609,15.796232171403));
#1394 = CARTESIAN_POINT('',(1.698750431823,16.404648324687));
#1395 = CARTESIAN_POINT('',(1.692682021755,16.988858682024));
#1396 = CARTESIAN_POINT('',(1.686366627437,17.546398920647));
#1397 = CARTESIAN_POINT('',(1.672113361962,18.693687667926));
#1398 = CARTESIAN_POINT('',(1.664072467245,19.273344717933));
#1399 = CARTESIAN_POINT('',(1.65569852519,19.807632078952));
#1400 = CARTESIAN_POINT('',(1.6470115717,20.290972034474));
#1401 = CARTESIAN_POINT('',(1.638034694305,20.718153288957));
#1402 = CARTESIAN_POINT('',(1.628793771469,21.084330345288));
#1403 = CARTESIAN_POINT('',(1.612715388113,21.594499657152));
#1404 = CARTESIAN_POINT('',(1.606004105691,21.772040214316));
#1405 = CARTESIAN_POINT('',(1.599203796565,21.91588084935));
#1406 = CARTESIAN_POINT('',(1.592335592605,22.024687496823));
#1407 = CARTESIAN_POINT('',(1.585421115224,22.097555130746));
#1408 = CARTESIAN_POINT('',(1.578482273971,22.134009216884));
#1409 = CARTESIAN_POINT('',(1.561371478072,22.134009216884));
#1410 = CARTESIAN_POINT('',(1.551218335711,22.05575898908));
#1411 = CARTESIAN_POINT('',(1.541144569476,21.899728617132));
#1412 = CARTESIAN_POINT('',(1.531212420859,21.668093819782));
#1413 = CARTESIAN_POINT('',(1.521482366827,21.364708646604));
#1414 = CARTESIAN_POINT('',(1.512011943984,20.995093812993));
#1415 = CARTESIAN_POINT('',(1.496771378454,20.281695801154));
#1416 = CARTESIAN_POINT('',(1.490820048296,19.970603086385));
#1417 = CARTESIAN_POINT('',(1.48500652904,19.63469939177));
#1418 = CARTESIAN_POINT('',(1.479336301624,19.275546247642));
#1419 = CARTESIAN_POINT('',(1.473814282231,18.894731292867));
#1420 = CARTESIAN_POINT('',(1.468444815637,18.49386971475));
#1421 = CARTESIAN_POINT('',(1.456664354015,17.546433610718));
#1422 = CARTESIAN_POINT('',(1.450343498395,16.988926894102));
#1423 = CARTESIAN_POINT('',(1.444269357317,16.404743938524));
#1424 = CARTESIAN_POINT('',(1.438441406222,15.796342780792));
#1425 = CARTESIAN_POINT('',(1.432858458087,15.16599657349));
#1426 = CARTESIAN_POINT('',(1.427518781145,14.515809063366));
#1427 = CARTESIAN_POINT('',(1.410611907314,12.300454691488));
#1428 = CARTESIAN_POINT('',(1.40008917077,10.656199805834));
#1429 = CARTESIAN_POINT('',(1.390810481071,8.936628601377));
#1430 = CARTESIAN_POINT('',(1.382732421812,7.15814816797));
#1431 = CARTESIAN_POINT('',(1.375814789063,5.333309417818));
#1432 = CARTESIAN_POINT('',(1.370024705974,3.471822829297));
#1433 = CARTESIAN_POINT('',(1.365339647295,1.581254613855));
#1434 = ( GEOMETRIC_REPRESENTATION_CONTEXT(2) 
PARAMETRIC_REPRESENTATION_CONTEXT() REPRESENTATION_CONTEXT('2D SPACE',''
  ) );
#1435 = ORIENTED_EDGE('',*,*,#561,.F.);
#1436 = ADVANCED_FACE('',(#1437),#290,.T.);
#1437 = FACE_BOUND('',#1438,.T.);
#1438 = EDGE_LOOP('',(#1439,#1460,#1461,#1462,#1486));
#1439 = ORIENTED_EDGE('',*,*,#1440,.F.);
#1440 = EDGE_CURVE('',#248,#1441,#1443,.T.);
#1441 = VERTEX_POINT('',#1442);
#1442 = CARTESIAN_POINT('',(78.818569004315,-115.8111656644,
    -9.459032875205));
#1443 = SURFACE_CURVE('',#1444,(#1448,#1454),.PCURVE_S1.);
#1444 = LINE('',#1445,#1446);
#1445 = CARTESIAN_POINT('',(78.820943527878,83.119335067036,
    -9.993373713131));
#1446 = VECTOR('',#1447,1.);
#1447 = DIRECTION('',(1.193640486431E-05,0.999996392468,
    -2.686058237972E-03));
#1448 = PCURVE('',#290,#1449);
#1449 = DEFINITIONAL_REPRESENTATION('',(#1450),#1453);
#1450 = B_SPLINE_CURVE_WITH_KNOTS('',1,(#1451,#1452),.UNSPECIFIED.,.F.,
  .F.,(2,2),(-224.7674217342,1.074611471999),.PIECEWISE_BEZIER_KNOTS.);
#1451 = CARTESIAN_POINT('',(78.853965412134,-141.6422509892));
#1452 = CARTESIAN_POINT('',(78.853965412134,84.199782216962));
#1453 = ( GEOMETRIC_REPRESENTATION_CONTEXT(2) 
PARAMETRIC_REPRESENTATION_CONTEXT() REPRESENTATION_CONTEXT('2D SPACE',''
  ) );
#1454 = PCURVE('',#262,#1455);
#1455 = DEFINITIONAL_REPRESENTATION('',(#1456),#1459);
#1456 = B_SPLINE_CURVE_WITH_KNOTS('',1,(#1457,#1458),.UNSPECIFIED.,.F.,
  .F.,(2,2),(-224.7674217342,1.074611471999),.PIECEWISE_BEZIER_KNOTS.);
#1457 = CARTESIAN_POINT('',(307.89207374788,-0.606630843463));
#1458 = CARTESIAN_POINT('',(82.050855274064,-3.903127820948E-18));
#1459 = ( GEOMETRIC_REPRESENTATION_CONTEXT(2) 
PARAMETRIC_REPRESENTATION_CONTEXT() REPRESENTATION_CONTEXT('2D SPACE',''
  ) );
#1460 = ORIENTED_EDGE('',*,*,#273,.T.);
#1461 = ORIENTED_EDGE('',*,*,#906,.F.);
#1462 = ORIENTED_EDGE('',*,*,#1463,.F.);
#1463 = EDGE_CURVE('',#1464,#907,#1466,.T.);
#1464 = VERTEX_POINT('',#1465);
#1465 = CARTESIAN_POINT('',(140.0688733549,-5.535801199008E-03,
    -9.49791444017));
#1466 = SURFACE_CURVE('',#1467,(#1472,#1479),.PCURVE_S1.);
#1467 = CIRCLE('',#1468,140.10349221413);
#1468 = AXIS2_PLACEMENT_3D('',#1469,#1470,#1471);
#1469 = CARTESIAN_POINT('',(-3.323551977041E-02,-5.535801198973E-03,
    -10.12050536922));
#1470 = DIRECTION('',(-4.443777047937E-03,2.686084759559E-03,
    0.999986518806));
#1471 = DIRECTION('',(0.999990126303,3.388131789017E-21,
    4.443793079063E-03));
#1472 = PCURVE('',#290,#1473);
#1473 = DEFINITIONAL_REPRESENTATION('',(#1474),#1478);
#1474 = CIRCLE('',#1475,140.10349221413);
#1475 = AXIS2_PLACEMENT_2D('',#1476,#1477);
#1476 = CARTESIAN_POINT('',(1.387765078274E-17,-1.734551567012E-18));
#1477 = DIRECTION('',(1.,0.));
#1478 = ( GEOMETRIC_REPRESENTATION_CONTEXT(2) 
PARAMETRIC_REPRESENTATION_CONTEXT() REPRESENTATION_CONTEXT('2D SPACE',''
  ) );
#1479 = PCURVE('',#1037,#1480);
#1480 = DEFINITIONAL_REPRESENTATION('',(#1481),#1485);
#1481 = LINE('',#1482,#1483);
#1482 = CARTESIAN_POINT('',(1.694065894509E-21,21.521939956447));
#1483 = VECTOR('',#1484,1.);
#1484 = DIRECTION('',(1.,0.));
#1485 = ( GEOMETRIC_REPRESENTATION_CONTEXT(2) 
PARAMETRIC_REPRESENTATION_CONTEXT() REPRESENTATION_CONTEXT('2D SPACE',''
  ) );
#1486 = ORIENTED_EDGE('',*,*,#1487,.F.);
#1487 = EDGE_CURVE('',#1441,#1464,#1488,.T.);
#1488 = SURFACE_CURVE('',#1489,(#1494,#1501),.PCURVE_S1.);
#1489 = CIRCLE('',#1490,140.10349221413);
#1490 = AXIS2_PLACEMENT_3D('',#1491,#1492,#1493);
#1491 = CARTESIAN_POINT('',(-3.323551977041E-02,-5.535801198973E-03,
    -10.12050536922));
#1492 = DIRECTION('',(-4.443777047937E-03,2.686084759559E-03,
    0.999986518806));
#1493 = DIRECTION('',(0.999990126303,3.388131789017E-21,
    4.443793079063E-03));
#1494 = PCURVE('',#290,#1495);
#1495 = DEFINITIONAL_REPRESENTATION('',(#1496),#1500);
#1496 = CIRCLE('',#1497,140.10349221413);
#1497 = AXIS2_PLACEMENT_2D('',#1498,#1499);
#1498 = CARTESIAN_POINT('',(1.387765078274E-17,-1.734551567012E-18));
#1499 = DIRECTION('',(1.,0.));
#1500 = ( GEOMETRIC_REPRESENTATION_CONTEXT(2) 
PARAMETRIC_REPRESENTATION_CONTEXT() REPRESENTATION_CONTEXT('2D SPACE',''
  ) );
#1501 = PCURVE('',#1037,#1502);
#1502 = DEFINITIONAL_REPRESENTATION('',(#1503),#1507);
#1503 = LINE('',#1504,#1505);
#1504 = CARTESIAN_POINT('',(1.694065894509E-21,21.521939956447));
#1505 = VECTOR('',#1506,1.);
#1506 = DIRECTION('',(1.,0.));
#1507 = ( GEOMETRIC_REPRESENTATION_CONTEXT(2) 
PARAMETRIC_REPRESENTATION_CONTEXT() REPRESENTATION_CONTEXT('2D SPACE',''
  ) );
#1508 = ADVANCED_FACE('',(#1509),#192,.F.);
#1509 = FACE_BOUND('',#1510,.F.);
#1510 = EDGE_LOOP('',(#1511,#1545,#1568,#1595,#1596,#1623,#1655,#1819,
    #1851,#1884,#1909,#1910,#1911,#2075,#2101,#2136));
#1511 = ORIENTED_EDGE('',*,*,#1512,.T.);
#1512 = EDGE_CURVE('',#1513,#1515,#1517,.T.);
#1513 = VERTEX_POINT('',#1514);
#1514 = CARTESIAN_POINT('',(-27.41485059649,-166.2014857405,
    10.001470220959));
#1515 = VERTEX_POINT('',#1516);
#1516 = CARTESIAN_POINT('',(-28.98826035408,-166.2273412303,
    0.375883706839));
#1517 = SURFACE_CURVE('',#1518,(#1523,#1533),.PCURVE_S1.);
#1518 = ELLIPSE('',#1519,30.228280889191,30.227956044396);
#1519 = AXIS2_PLACEMENT_3D('',#1520,#1521,#1522);
#1520 = CARTESIAN_POINT('',(1.240020526352,-166.2273402115,
    0.376263014633));
#1521 = DIRECTION('',(-1.694065894509E-21,-0.999996392397,
    2.686111281217E-03));
#1522 = DIRECTION('',(0.999990126374,1.193647965968E-05,
    4.443761016552E-03));
#1523 = PCURVE('',#192,#1524);
#1524 = DEFINITIONAL_REPRESENTATION('',(#1525),#1532);
#1525 = B_SPLINE_CURVE_WITH_KNOTS('',5,(#1526,#1527,#1528,#1529,#1530,
    #1531),.UNSPECIFIED.,.F.,.F.,(6,6),(2.742397645689,3.137161362452),
  .PIECEWISE_BEZIER_KNOTS.);
#1526 = CARTESIAN_POINT('',(5.888421590416,29.084873390329));
#1527 = CARTESIAN_POINT('',(5.967374333769,29.080572936188));
#1528 = CARTESIAN_POINT('',(6.046327077122,29.077278561397));
#1529 = CARTESIAN_POINT('',(6.125279820474,29.075046216739));
#1530 = CARTESIAN_POINT('',(6.204232563827,29.073905263562));
#1531 = CARTESIAN_POINT('',(6.28318530718,29.073856234385));
#1532 = ( GEOMETRIC_REPRESENTATION_CONTEXT(2) 
PARAMETRIC_REPRESENTATION_CONTEXT() REPRESENTATION_CONTEXT('2D SPACE',''
  ) );
#1533 = PCURVE('',#1534,#1539);
#1534 = PLANE('',#1535);
#1535 = AXIS2_PLACEMENT_3D('',#1536,#1537,#1538);
#1536 = CARTESIAN_POINT('',(78.820956354876,-166.2552020635,
    -9.996260182128));
#1537 = DIRECTION('',(0.,-0.999996392397,2.686111281217E-03));
#1538 = DIRECTION('',(-1.,0.,0.));
#1539 = DEFINITIONAL_REPRESENTATION('',(#1540),#1544);
#1540 = ELLIPSE('',#1541,30.228280889191,30.227956044396);
#1541 = AXIS2_PLACEMENT_2D('',#1542,#1543);
#1542 = CARTESIAN_POINT('',(77.580935828524,-10.37256061684));
#1543 = DIRECTION('',(-0.999990126374,-4.443777047937E-03));
#1544 = ( GEOMETRIC_REPRESENTATION_CONTEXT(2) 
PARAMETRIC_REPRESENTATION_CONTEXT() REPRESENTATION_CONTEXT('2D SPACE',''
  ) );
#1545 = ORIENTED_EDGE('',*,*,#1546,.T.);
#1546 = EDGE_CURVE('',#1515,#1547,#1549,.T.);
#1547 = VERTEX_POINT('',#1548);
#1548 = CARTESIAN_POINT('',(-28.96107927015,-172.0903391383,
    0.391753216782));
#1549 = SEAM_CURVE('',#1550,(#1554,#1561),.PCURVE_S1.);
#1550 = LINE('',#1551,#1552);
#1551 = CARTESIAN_POINT('',(-29.12304592824,-137.1539039295,
    0.297189972071));
#1552 = VECTOR('',#1553,1.);
#1553 = DIRECTION('',(4.635971681286E-03,-0.999985590711,
    2.706683768868E-03));
#1554 = PCURVE('',#192,#1555);
#1555 = DEFINITIONAL_REPRESENTATION('',(#1556),#1560);
#1556 = LINE('',#1557,#1558);
#1557 = CARTESIAN_POINT('',(0.,-0.));
#1558 = VECTOR('',#1559,1.);
#1559 = DIRECTION('',(0.,1.));
#1560 = ( GEOMETRIC_REPRESENTATION_CONTEXT(2) 
PARAMETRIC_REPRESENTATION_CONTEXT() REPRESENTATION_CONTEXT('2D SPACE',''
  ) );
#1561 = PCURVE('',#192,#1562);
#1562 = DEFINITIONAL_REPRESENTATION('',(#1563),#1567);
#1563 = LINE('',#1564,#1565);
#1564 = CARTESIAN_POINT('',(6.28318530718,-0.));
#1565 = VECTOR('',#1566,1.);
#1566 = DIRECTION('',(0.,1.));
#1567 = ( GEOMETRIC_REPRESENTATION_CONTEXT(2) 
PARAMETRIC_REPRESENTATION_CONTEXT() REPRESENTATION_CONTEXT('2D SPACE',''
  ) );
#1568 = ORIENTED_EDGE('',*,*,#1569,.F.);
#1569 = EDGE_CURVE('',#1547,#1547,#1570,.T.);
#1570 = SURFACE_CURVE('',#1571,(#1576,#1583),.PCURVE_S1.);
#1571 = CIRCLE('',#1572,30.227956044396);
#1572 = AXIS2_PLACEMENT_3D('',#1573,#1574,#1575);
#1573 = CARTESIAN_POINT('',(1.266551936975,-171.9502026767,
    0.391753216782));
#1574 = DIRECTION('',(4.635971681286E-03,-0.999985590711,
    2.706683768868E-03));
#1575 = DIRECTION('',(-0.999989253747,-4.635988663262E-03,
    -1.694065894509E-21));
#1576 = PCURVE('',#192,#1577);
#1577 = DEFINITIONAL_REPRESENTATION('',(#1578),#1582);
#1578 = LINE('',#1579,#1580);
#1579 = CARTESIAN_POINT('',(8.673617379884E-19,34.936938625181));
#1580 = VECTOR('',#1581,1.);
#1581 = DIRECTION('',(1.,0.));
#1582 = ( GEOMETRIC_REPRESENTATION_CONTEXT(2) 
PARAMETRIC_REPRESENTATION_CONTEXT() REPRESENTATION_CONTEXT('2D SPACE',''
  ) );
#1583 = PCURVE('',#1584,#1589);
#1584 = PLANE('',#1585);
#1585 = AXIS2_PLACEMENT_3D('',#1586,#1587,#1588);
#1586 = CARTESIAN_POINT('',(1.266806792255,-171.9503567265,
    0.334402939861));
#1587 = DIRECTION('',(4.635971681286E-03,-0.999985590711,
    2.706683768868E-03));
#1588 = DIRECTION('',(-0.999989253747,-4.635988663262E-03,
    -1.694065894509E-21));
#1589 = DEFINITIONAL_REPRESENTATION('',(#1590),#1594);
#1590 = CIRCLE('',#1591,30.227956044396);
#1591 = AXIS2_PLACEMENT_2D('',#1592,#1593);
#1592 = CARTESIAN_POINT('',(2.54138368245E-04,-5.735048699963E-02));
#1593 = DIRECTION('',(1.,1.694059689018E-21));
#1594 = ( GEOMETRIC_REPRESENTATION_CONTEXT(2) 
PARAMETRIC_REPRESENTATION_CONTEXT() REPRESENTATION_CONTEXT('2D SPACE',''
  ) );
#1595 = ORIENTED_EDGE('',*,*,#1546,.F.);
#1596 = ORIENTED_EDGE('',*,*,#1597,.T.);
#1597 = EDGE_CURVE('',#1515,#1598,#1600,.T.);
#1598 = VERTEX_POINT('',#1599);
#1599 = CARTESIAN_POINT('',(-27.15287815061,-166.2552020635,
    -9.996260182128));
#1600 = SURFACE_CURVE('',#1601,(#1606,#1616),.PCURVE_S1.);
#1601 = ELLIPSE('',#1602,30.228280889191,30.227956044396);
#1602 = AXIS2_PLACEMENT_3D('',#1603,#1604,#1605);
#1603 = CARTESIAN_POINT('',(1.240020526352,-166.2273402115,
    0.376263014633));
#1604 = DIRECTION('',(-1.694065894509E-21,-0.999996392397,
    2.686111281217E-03));
#1605 = DIRECTION('',(0.999990126374,1.193647965968E-05,
    4.443761016552E-03));
#1606 = PCURVE('',#192,#1607);
#1607 = DEFINITIONAL_REPRESENTATION('',(#1608),#1615);
#1608 = B_SPLINE_CURVE_WITH_KNOTS('',5,(#1609,#1610,#1611,#1612,#1613,
    #1614),.UNSPECIFIED.,.F.,.F.,(6,6),(3.137161362452,3.558836931213),
  .PIECEWISE_BEZIER_KNOTS.);
#1609 = CARTESIAN_POINT('',(0.,29.073856234385));
#1610 = CARTESIAN_POINT('',(8.433511375214E-02,29.073803862789));
#1611 = CARTESIAN_POINT('',(0.168670227504,29.074997361794));
#1612 = CARTESIAN_POINT('',(0.253005341256,29.077437662088));
#1613 = CARTESIAN_POINT('',(0.337340455009,29.08108807769));
#1614 = CARTESIAN_POINT('',(0.421675568761,29.085877488989));
#1615 = ( GEOMETRIC_REPRESENTATION_CONTEXT(2) 
PARAMETRIC_REPRESENTATION_CONTEXT() REPRESENTATION_CONTEXT('2D SPACE',''
  ) );
#1616 = PCURVE('',#1534,#1617);
#1617 = DEFINITIONAL_REPRESENTATION('',(#1618),#1622);
#1618 = ELLIPSE('',#1619,30.228280889191,30.227956044396);
#1619 = AXIS2_PLACEMENT_2D('',#1620,#1621);
#1620 = CARTESIAN_POINT('',(77.580935828524,-10.37256061684));
#1621 = DIRECTION('',(-0.999990126374,-4.443777047937E-03));
#1622 = ( GEOMETRIC_REPRESENTATION_CONTEXT(2) 
PARAMETRIC_REPRESENTATION_CONTEXT() REPRESENTATION_CONTEXT('2D SPACE',''
  ) );
#1623 = ORIENTED_EDGE('',*,*,#1624,.T.);
#1624 = EDGE_CURVE('',#1598,#1625,#1627,.T.);
#1625 = VERTEX_POINT('',#1626);
#1626 = CARTESIAN_POINT('',(-27.31491019527,-137.4271447631,
    -9.996260182128));
#1627 = SURFACE_CURVE('',#1628,(#1633,#1643),.PCURVE_S1.);
#1628 = ELLIPSE('',#1629,1.116789349095E+04,30.227956044396);
#1629 = AXIS2_PLACEMENT_3D('',#1630,#1631,#1632);
#1630 = CARTESIAN_POINT('',(-16.52589818079,3.665906230536E+03,
    -9.996260182128));
#1631 = DIRECTION('',(0.,-0.,-1.));
#1632 = DIRECTION('',(4.635988663262E-03,-0.999989253747,0.));
#1633 = PCURVE('',#192,#1634);
#1634 = DEFINITIONAL_REPRESENTATION('',(#1635),#1642);
#1635 = B_SPLINE_CURVE_WITH_KNOTS('',5,(#1636,#1637,#1638,#1639,#1640,
    #1641),.UNSPECIFIED.,.F.,.F.,(6,6),(1.220065196369,1.223317325037),
  .PIECEWISE_BEZIER_KNOTS.);
#1636 = CARTESIAN_POINT('',(0.350731130426,34.126469537108));
#1637 = CARTESIAN_POINT('',(0.350080704692,27.304821770533));
#1638 = CARTESIAN_POINT('',(0.349430278959,20.481144879411));
#1639 = CARTESIAN_POINT('',(0.348779853225,13.655444876078));
#1640 = CARTESIAN_POINT('',(0.348129427491,6.827727776455));
#1641 = CARTESIAN_POINT('',(0.347479001758,-2.000400000611E-03));
#1642 = ( GEOMETRIC_REPRESENTATION_CONTEXT(2) 
PARAMETRIC_REPRESENTATION_CONTEXT() REPRESENTATION_CONTEXT('2D SPACE',''
  ) );
#1643 = PCURVE('',#1644,#1649);
#1644 = PLANE('',#1645);
#1645 = AXIS2_PLACEMENT_3D('',#1646,#1647,#1648);
#1646 = CARTESIAN_POINT('',(-3.378764512445E-02,-5.202063596289E-03,
    -9.996260182128));
#1647 = DIRECTION('',(-0.,-0.,-1.));
#1648 = DIRECTION('',(-1.,0.,0.));
#1649 = DEFINITIONAL_REPRESENTATION('',(#1650),#1654);
#1650 = ELLIPSE('',#1651,1.116789349095E+04,30.227956044396);
#1651 = AXIS2_PLACEMENT_2D('',#1652,#1653);
#1652 = CARTESIAN_POINT('',(16.492110535673,3.665911432599E+03));
#1653 = DIRECTION('',(-4.635988663262E-03,-0.999989253747));
#1654 = ( GEOMETRIC_REPRESENTATION_CONTEXT(2) 
PARAMETRIC_REPRESENTATION_CONTEXT() REPRESENTATION_CONTEXT('2D SPACE',''
  ) );
#1655 = ORIENTED_EDGE('',*,*,#1656,.T.);
#1656 = EDGE_CURVE('',#1625,#1657,#1659,.T.);
#1657 = VERTEX_POINT('',#1658);
#1658 = CARTESIAN_POINT('',(29.525932114026,-136.9557797061,
    -9.996260182128));
#1659 = SURFACE_CURVE('',#1660,(#1711,#1765),.PCURVE_S1.);
#1660 = B_SPLINE_CURVE_WITH_KNOTS('',7,(#1661,#1662,#1663,#1664,#1665,
    #1666,#1667,#1668,#1669,#1670,#1671,#1672,#1673,#1674,#1675,#1676,
    #1677,#1678,#1679,#1680,#1681,#1682,#1683,#1684,#1685,#1686,#1687,
    #1688,#1689,#1690,#1691,#1692,#1693,#1694,#1695,#1696,#1697,#1698,
    #1699,#1700,#1701,#1702,#1703,#1704,#1705,#1706,#1707,#1708,#1709,
    #1710),.UNSPECIFIED.,.F.,.F.,(8,6,6,6,6,6,6,6,8),(0.,0.21525784751,
    0.310457634924,0.422037397914,0.499770364106,0.61365701436,
    0.689308160747,0.784609623549,1.),.UNSPECIFIED.);
#1661 = CARTESIAN_POINT('',(-27.36007905887,-137.4179436154,
    -9.870834628945));
#1662 = CARTESIAN_POINT('',(-26.70468201844,-137.5515836966,
    -11.70342971704));
#1663 = CARTESIAN_POINT('',(-25.90427623868,-137.7103112689,
    -13.50690921061));
#1664 = CARTESIAN_POINT('',(-24.95527994016,-137.8918560022,
    -15.27413003833));
#1665 = CARTESIAN_POINT('',(-23.85266734013,-138.0931296388,
    -16.99592422333));
#1666 = CARTESIAN_POINT('',(-22.59037054574,-138.3099634664,
    -18.66047372746));
#1667 = CARTESIAN_POINT('',(-21.16184168848,-138.5366701273,
    -20.25240630575));
#1668 = CARTESIAN_POINT('',(-18.85283445167,-138.8670234461,
    -22.41457282421));
#1669 = CARTESIAN_POINT('',(-18.11086795027,-138.9688108764,
    -23.05962423752));
#1670 = CARTESIAN_POINT('',(-17.33461195315,-139.0704062997,
    -23.68475774259));
#1671 = CARTESIAN_POINT('',(-16.52376559589,-139.1710564768,
    -24.28786623555));
#1672 = CARTESIAN_POINT('',(-15.67811258422,-139.2699360128,
    -24.8666754499));
#1673 = CARTESIAN_POINT('',(-14.79754178449,-139.3661496705,
    -25.41872868756));
#1674 = CARTESIAN_POINT('',(-12.80907835274,-139.5672497777,
    -26.55393979487));
#1675 = CARTESIAN_POINT('',(-11.68663409365,-139.6709329958,
    -27.12696689292));
#1676 = CARTESIAN_POINT('',(-10.51703270678,-139.7679569328,
    -27.65453739717));
#1677 = CARTESIAN_POINT('',(-9.303080900591,-139.856462504,
    -28.1311044972));
#1678 = CARTESIAN_POINT('',(-8.048061458125,-139.9346374961,
    -28.55148909335));
#1679 = CARTESIAN_POINT('',(-6.755700273132,-140.0007951172,
    -28.91087887114));
#1680 = CARTESIAN_POINT('',(-4.506666233494,-140.0901367823,
    -29.40960903641));
#1681 = CARTESIAN_POINT('',(-3.567768233318,-140.1202416784,
    -29.58247801899));
#1682 = CARTESIAN_POINT('',(-2.61635087607,-140.1432249032,
    -29.72168958294));
#1683 = CARTESIAN_POINT('',(-1.655436359648,-140.1586627836,
    -29.82592767461));
#1684 = CARTESIAN_POINT('',(-0.688124155332,-140.1662708687,
    -29.89430414048));
#1685 = CARTESIAN_POINT('',(0.282442493343,-140.1659149,-29.92636000592)
  );
#1686 = CARTESIAN_POINT('',(2.67523632372,-140.1454478834,
    -29.91578179715));
#1687 = CARTESIAN_POINT('',(4.094572381029,-140.116251574,
    -29.83148815859));
#1688 = CARTESIAN_POINT('',(5.502083151931,-140.070199101,
    -29.66969621081));
#1689 = CARTESIAN_POINT('',(6.888842968342,-140.0081017342,
    -29.43261346313));
#1690 = CARTESIAN_POINT('',(8.246230120642,-139.931382253,
    -29.12411857162));
#1691 = CARTESIAN_POINT('',(9.566117103144,-139.8419778672,
    -28.74974904902));
#1692 = CARTESIAN_POINT('',(11.687956929089,-139.6758708916,
    -28.02904768502));
#1693 = CARTESIAN_POINT('',(12.515904161402,-139.6049123689,
    -27.71520127117));
#1694 = CARTESIAN_POINT('',(13.324047671174,-139.5298363449,
    -27.37670085095));
#1695 = CARTESIAN_POINT('',(14.111626753851,-139.451198629,
    -27.01510601289));
#1696 = CARTESIAN_POINT('',(14.877970409211,-139.3695599602,
    -26.63200203836));
#1697 = CARTESIAN_POINT('',(15.622497087196,-139.2854770583,
    -26.22900135841));
#1698 = CARTESIAN_POINT('',(17.25452707867,-139.0911761897,
    -25.27706770972));
#1699 = CARTESIAN_POINT('',(18.129159524861,-138.9798157994,
    -24.71728873423));
#1700 = CARTESIAN_POINT('',(18.968634328049,-138.8663751325,
    -24.13105750827));
#1701 = CARTESIAN_POINT('',(19.773096797258,-138.7517473998,
    -23.52082333265));
#1702 = CARTESIAN_POINT('',(20.54279434532,-138.6367544476,
    -22.88885091348));
#1703 = CARTESIAN_POINT('',(21.278055839395,-138.5221448073,
    -22.23723589106));
#1704 = CARTESIAN_POINT('',(23.564083844469,-138.1519510215,
    -20.05520358419));
#1705 = CARTESIAN_POINT('',(24.975982913981,-137.9005476412,
    -18.45112233161));
#1706 = CARTESIAN_POINT('',(26.221346600595,-137.6618132962,
    -16.77572052906));
#1707 = CARTESIAN_POINT('',(27.306836383069,-137.4413476217,
    -15.04427763657));
#1708 = CARTESIAN_POINT('',(28.238590592563,-137.2432452597,
    -13.26854787337));
#1709 = CARTESIAN_POINT('',(29.021679913868,-137.0705377242,
    -11.4576655284));
#1710 = CARTESIAN_POINT('',(29.659716984394,-136.9254589995,
    -9.61877082531));
#1711 = PCURVE('',#192,#1712);
#1712 = DEFINITIONAL_REPRESENTATION('',(#1713),#1764);
#1713 = B_SPLINE_CURVE_WITH_KNOTS('',7,(#1714,#1715,#1716,#1717,#1718,
    #1719,#1720,#1721,#1722,#1723,#1724,#1725,#1726,#1727,#1728,#1729,
    #1730,#1731,#1732,#1733,#1734,#1735,#1736,#1737,#1738,#1739,#1740,
    #1741,#1742,#1743,#1744,#1745,#1746,#1747,#1748,#1749,#1750,#1751,
    #1752,#1753,#1754,#1755,#1756,#1757,#1758,#1759,#1760,#1761,#1762,
    #1763),.UNSPECIFIED.,.F.,.F.,(8,6,6,6,6,6,6,6,8),(0.,0.21525784751,
    0.310457634924,0.422037397914,0.499770364106,0.61365701436,
    0.689308160747,0.784609623549,1.),.UNSPECIFIED.);
#1714 = CARTESIAN_POINT('',(0.343092874456,0.244687318569));
#1715 = CARTESIAN_POINT('',(0.407483493612,0.37640362082));
#1716 = CARTESIAN_POINT('',(0.47258167408,0.53395811583));
#1717 = CARTESIAN_POINT('',(0.538640819976,0.715116445306));
#1718 = CARTESIAN_POINT('',(0.605910021118,0.916838510109));
#1719 = CARTESIAN_POINT('',(0.674649298989,1.135015776296));
#1720 = CARTESIAN_POINT('',(0.74513361717,1.364032931759));
#1721 = CARTESIAN_POINT('',(0.849764967001,1.699233681618));
#1722 = CARTESIAN_POINT('',(0.882261807094,1.802713430728));
#1723 = CARTESIAN_POINT('',(0.915189609114,1.906214052142));
#1724 = CARTESIAN_POINT('',(0.948568086873,2.00898941571));
#1725 = CARTESIAN_POINT('',(0.982418411271,2.11022129684));
#1726 = CARTESIAN_POINT('',(1.016763589184,2.209021635919));
#1727 = CARTESIAN_POINT('',(1.092492974375,2.416264648103));
#1728 = CARTESIAN_POINT('',(1.134128948052,2.523598988873));
#1729 = CARTESIAN_POINT('',(1.176485454109,2.624615800213));
#1730 = CARTESIAN_POINT('',(1.219521212394,2.717458025927));
#1731 = CARTESIAN_POINT('',(1.263203923893,2.800312278006));
#1732 = CARTESIAN_POINT('',(1.307509222754,2.871487541187));
#1733 = CARTESIAN_POINT('',(1.383706834381,2.969904472219));
#1734 = CARTESIAN_POINT('',(1.415264533783,3.003893737408));
#1735 = CARTESIAN_POINT('',(1.447036288051,3.030910573222));
#1736 = CARTESIAN_POINT('',(1.47896902857,3.050520864128));
#1737 = CARTESIAN_POINT('',(1.511011847983,3.062428198094));
#1738 = CARTESIAN_POINT('',(1.543114787187,3.066484988993));
#1739 = CARTESIAN_POINT('',(1.622276159921,3.057139823543));
#1740 = CARTESIAN_POINT('',(1.669246452387,3.034752092823));
#1741 = CARTESIAN_POINT('',(1.716009620193,2.995663383187));
#1742 = CARTESIAN_POINT('',(1.76243744853,2.940637598413));
#1743 = CARTESIAN_POINT('',(1.808395878464,2.871047029173));
#1744 = CARTESIAN_POINT('',(1.853738380027,2.788776190245));
#1745 = CARTESIAN_POINT('',(1.927899488116,2.63445910811));
#1746 = CARTESIAN_POINT('',(1.957185621241,2.568189430861));
#1747 = CARTESIAN_POINT('',(1.986156862567,2.497777232593));
#1748 = CARTESIAN_POINT('',(2.014811032697,2.423770567075));
#1749 = CARTESIAN_POINT('',(2.04314444906,2.346722763374));
#1750 = CARTESIAN_POINT('',(2.071151862444,2.267183473019));
#1751 = CARTESIAN_POINT('',(2.133689358879,2.083028032362));
#1752 = CARTESIAN_POINT('',(2.168032648414,1.977239162672));
#1753 = CARTESIAN_POINT('',(2.201881687133,1.869278654238));
#1754 = CARTESIAN_POINT('',(2.235259698431,1.760033749464));
#1755 = CARTESIAN_POINT('',(2.268188085288,1.650321299741));
#1756 = CARTESIAN_POINT('',(2.300686811453,1.540885678204));
#1757 = CARTESIAN_POINT('',(2.405296651525,1.187201259082));
#1758 = CARTESIAN_POINT('',(2.475765824106,0.946688766186));
#1759 = CARTESIAN_POINT('',(2.544498810485,0.718266114832));
#1760 = CARTESIAN_POINT('',(2.611769780941,0.507522385354));
#1761 = CARTESIAN_POINT('',(2.677837892467,0.318548802856));
#1762 = CARTESIAN_POINT('',(2.742951310765,0.154375621696));
#1763 = CARTESIAN_POINT('',(2.807362361409,1.723421572029E-02));
#1764 = ( GEOMETRIC_REPRESENTATION_CONTEXT(2) 
PARAMETRIC_REPRESENTATION_CONTEXT() REPRESENTATION_CONTEXT('2D SPACE',''
  ) );
#1765 = PCURVE('',#1037,#1766);
#1766 = DEFINITIONAL_REPRESENTATION('',(#1767),#1818);
#1767 = B_SPLINE_CURVE_WITH_KNOTS('',7,(#1768,#1769,#1770,#1771,#1772,
    #1773,#1774,#1775,#1776,#1777,#1778,#1779,#1780,#1781,#1782,#1783,
    #1784,#1785,#1786,#1787,#1788,#1789,#1790,#1791,#1792,#1793,#1794,
    #1795,#1796,#1797,#1798,#1799,#1800,#1801,#1802,#1803,#1804,#1805,
    #1806,#1807,#1808,#1809,#1810,#1811,#1812,#1813,#1814,#1815,#1816,
    #1817),.UNSPECIFIED.,.F.,.F.,(8,6,6,6,6,6,6,6,8),(0.,0.21525784751,
    0.310457634924,0.422037397914,0.499770364106,0.61365701436,
    0.689308160747,0.784609623549,1.),.UNSPECIFIED.);
#1768 = CARTESIAN_POINT('',(4.516093082341,21.523940356573));
#1769 = CARTESIAN_POINT('',(4.520803315906,19.688098567131));
#1770 = CARTESIAN_POINT('',(4.526564610811,17.880660206071));
#1771 = CARTESIAN_POINT('',(4.53339929962,16.108758430085));
#1772 = CARTESIAN_POINT('',(4.541339100361,14.381547054319));
#1773 = CARTESIAN_POINT('',(4.550422355521,12.710828190742));
#1774 = CARTESIAN_POINT('',(4.560690292307,11.111960056544));
#1775 = CARTESIAN_POINT('',(4.577264920238,8.938674616296));
#1776 = CARTESIAN_POINT('',(4.582588279415,8.290061355673));
#1777 = CARTESIAN_POINT('',(4.588154680421,7.661213875643));
#1778 = CARTESIAN_POINT('',(4.593965875246,7.054239937971));
#1779 = CARTESIAN_POINT('',(4.600023068466,6.471415034401));
#1780 = CARTESIAN_POINT('',(4.606326800917,5.915197740729));
#1781 = CARTESIAN_POINT('',(4.620553857493,4.770625477331));
#1782 = CARTESIAN_POINT('',(4.628580020828,4.192339710423));
#1783 = CARTESIAN_POINT('',(4.636938627862,3.659318256131));
#1784 = CARTESIAN_POINT('',(4.645609674868,3.177125316157));
#1785 = CARTESIAN_POINT('',(4.654570110193,2.750959376049));
#1786 = CARTESIAN_POINT('',(4.663794094574,2.385653773308));
#1787 = CARTESIAN_POINT('',(4.6798430684,1.876696146391));
#1788 = CARTESIAN_POINT('',(4.686542126893,1.699576376604));
#1789 = CARTESIAN_POINT('',(4.69333004418,1.556077067884));
#1790 = CARTESIAN_POINT('',(4.700185728338,1.447528824141));
#1791 = CARTESIAN_POINT('',(4.707087598399,1.374834324329));
#1792 = CARTESIAN_POINT('',(4.714013785565,1.338466865412));
#1793 = CARTESIAN_POINT('',(4.731093336587,1.338466865412));
#1794 = CARTESIAN_POINT('',(4.74122793577,1.416530578359));
#1795 = CARTESIAN_POINT('',(4.751283314008,1.572189381772));
#1796 = CARTESIAN_POINT('',(4.761197342094,1.803273280641));
#1797 = CARTESIAN_POINT('',(4.770909653566,2.105938162436));
#1798 = CARTESIAN_POINT('',(4.780362819318,2.474677502359));
#1799 = CARTESIAN_POINT('',(4.795575542288,3.186386344747));
#1800 = CARTESIAN_POINT('',(4.801515946178,3.496739915271));
#1801 = CARTESIAN_POINT('',(4.807318794681,3.831846223087));
#1802 = CARTESIAN_POINT('',(4.812978614397,4.190147588137));
#1803 = CARTESIAN_POINT('',(4.818490496017,4.570060225999));
#1804 = CARTESIAN_POINT('',(4.823850100947,4.969972816258));
#1805 = CARTESIAN_POINT('',(4.835608856705,5.915163162932));
#1806 = CARTESIAN_POINT('',(4.841918033035,6.471347043793));
#1807 = CARTESIAN_POINT('',(4.847980939036,7.054144639035));
#1808 = CARTESIAN_POINT('',(4.853798096171,7.661103635927));
#1809 = CARTESIAN_POINT('',(4.859370687737,8.289956051866));
#1810 = CARTESIAN_POINT('',(4.864700441344,8.938602802799));
#1811 = CARTESIAN_POINT('',(4.881291294078,11.111441466376));
#1812 = CARTESIAN_POINT('',(4.891570884744,12.709902220132));
#1813 = CARTESIAN_POINT('',(4.900666850476,14.380388578388));
#1814 = CARTESIAN_POINT('',(4.908619557623,16.107576643859));
#1815 = CARTESIAN_POINT('',(4.915466574696,17.879674079875));
#1816 = CARTESIAN_POINT('',(4.921238957607,19.687516044711));
#1817 = CARTESIAN_POINT('',(4.925958505111,21.523940356573));
#1818 = ( GEOMETRIC_REPRESENTATION_CONTEXT(2) 
PARAMETRIC_REPRESENTATION_CONTEXT() REPRESENTATION_CONTEXT('2D SPACE',''
  ) );
#1819 = ORIENTED_EDGE('',*,*,#1820,.T.);
#1820 = EDGE_CURVE('',#1657,#1821,#1823,.T.);
#1821 = VERTEX_POINT('',#1822);
#1822 = CARTESIAN_POINT('',(29.632917221962,-166.2552020635,
    -9.996260182128));
#1823 = SURFACE_CURVE('',#1824,(#1829,#1839),.PCURVE_S1.);
#1824 = ELLIPSE('',#1825,1.116789349095E+04,30.227956044396);
#1825 = AXIS2_PLACEMENT_3D('',#1826,#1827,#1828);
#1826 = CARTESIAN_POINT('',(-16.52589818079,3.665906230536E+03,
    -9.996260182128));
#1827 = DIRECTION('',(0.,-0.,-1.));
#1828 = DIRECTION('',(4.635988663262E-03,-0.999989253747,0.));
#1829 = PCURVE('',#192,#1830);
#1830 = DEFINITIONAL_REPRESENTATION('',(#1831),#1838);
#1831 = B_SPLINE_CURVE_WITH_KNOTS('',5,(#1832,#1833,#1834,#1835,#1836,
    #1837),.UNSPECIFIED.,.F.,.F.,(6,6),(5.059867982142,5.063145207391),
  .PIECEWISE_BEZIER_KNOTS.);
#1832 = CARTESIAN_POINT('',(2.794113651832,-2.000400003453E-03));
#1833 = CARTESIAN_POINT('',(2.793458206782,6.880432585698));
#1834 = CARTESIAN_POINT('',(2.792802761733,13.760823335972));
#1835 = CARTESIAN_POINT('',(2.792147316683,20.639165690897));
#1836 = CARTESIAN_POINT('',(2.791491871633,27.515453494271));
#1837 = CARTESIAN_POINT('',(2.790836426584,34.389680593519));
#1838 = ( GEOMETRIC_REPRESENTATION_CONTEXT(2) 
PARAMETRIC_REPRESENTATION_CONTEXT() REPRESENTATION_CONTEXT('2D SPACE',''
  ) );
#1839 = PCURVE('',#1840,#1845);
#1840 = PLANE('',#1841);
#1841 = AXIS2_PLACEMENT_3D('',#1842,#1843,#1844);
#1842 = CARTESIAN_POINT('',(-3.378764512445E-02,-5.202063596289E-03,
    -9.996260182128));
#1843 = DIRECTION('',(-0.,-0.,-1.));
#1844 = DIRECTION('',(-1.,0.,0.));
#1845 = DEFINITIONAL_REPRESENTATION('',(#1846),#1850);
#1846 = ELLIPSE('',#1847,1.116789349095E+04,30.227956044396);
#1847 = AXIS2_PLACEMENT_2D('',#1848,#1849);
#1848 = CARTESIAN_POINT('',(16.492110535673,3.665911432599E+03));
#1849 = DIRECTION('',(-4.635988663262E-03,-0.999989253747));
#1850 = ( GEOMETRIC_REPRESENTATION_CONTEXT(2) 
PARAMETRIC_REPRESENTATION_CONTEXT() REPRESENTATION_CONTEXT('2D SPACE',''
  ) );
#1851 = ORIENTED_EDGE('',*,*,#1852,.T.);
#1852 = EDGE_CURVE('',#1821,#1853,#1855,.T.);
#1853 = VERTEX_POINT('',#1854);
#1854 = CARTESIAN_POINT('',(29.894893487808,-166.2014857405,
    10.001470220959));
#1855 = SURFACE_CURVE('',#1856,(#1861,#1872),.PCURVE_S1.);
#1856 = ELLIPSE('',#1857,30.228280889191,30.227956044396);
#1857 = AXIS2_PLACEMENT_3D('',#1858,#1859,#1860);
#1858 = CARTESIAN_POINT('',(1.240020526352,-166.2273402115,
    0.376263014633));
#1859 = DIRECTION('',(-1.694065894509E-21,-0.999996392397,
    2.686111281217E-03));
#1860 = DIRECTION('',(0.999990126374,1.193647965968E-05,
    4.443761016552E-03));
#1861 = PCURVE('',#192,#1862);
#1862 = DEFINITIONAL_REPRESENTATION('',(#1863),#1871);
#1863 = B_SPLINE_CURVE_WITH_KNOTS('',6,(#1864,#1865,#1866,#1867,#1868,
    #1869,#1870),.UNSPECIFIED.,.F.,.F.,(7,7),(5.857053350701,
    6.673492636225),.PIECEWISE_BEZIER_KNOTS.);
#1864 = CARTESIAN_POINT('',(2.719891988249,29.341600116946));
#1865 = CARTESIAN_POINT('',(2.855965202503,29.349482380657));
#1866 = CARTESIAN_POINT('',(2.992038416757,29.354529341963));
#1867 = CARTESIAN_POINT('',(3.128111631011,29.35647831542));
#1868 = CARTESIAN_POINT('',(3.264184845265,29.355223989736));
#1869 = CARTESIAN_POINT('',(3.400258059519,29.350848283754));
#1870 = CARTESIAN_POINT('',(3.536331273773,29.34359299675));
#1871 = ( GEOMETRIC_REPRESENTATION_CONTEXT(2) 
PARAMETRIC_REPRESENTATION_CONTEXT() REPRESENTATION_CONTEXT('2D SPACE',''
  ) );
#1872 = PCURVE('',#1873,#1878);
#1873 = PLANE('',#1874);
#1874 = AXIS2_PLACEMENT_3D('',#1875,#1876,#1877);
#1875 = CARTESIAN_POINT('',(78.820956354876,-166.2552020635,
    -9.996260182128));
#1876 = DIRECTION('',(0.,-0.999996392397,2.686111281217E-03));
#1877 = DIRECTION('',(-1.,0.,0.));
#1878 = DEFINITIONAL_REPRESENTATION('',(#1879),#1883);
#1879 = ELLIPSE('',#1880,30.228280889191,30.227956044396);
#1880 = AXIS2_PLACEMENT_2D('',#1881,#1882);
#1881 = CARTESIAN_POINT('',(77.580935828524,-10.37256061684));
#1882 = DIRECTION('',(-0.999990126374,-4.443777047937E-03));
#1883 = ( GEOMETRIC_REPRESENTATION_CONTEXT(2) 
PARAMETRIC_REPRESENTATION_CONTEXT() REPRESENTATION_CONTEXT('2D SPACE',''
  ) );
#1884 = ORIENTED_EDGE('',*,*,#1885,.F.);
#1885 = EDGE_CURVE('',#164,#1853,#1886,.T.);
#1886 = SURFACE_CURVE('',#1887,(#1892,#1902),.PCURVE_S1.);
#1887 = ELLIPSE('',#1888,1.116789349095E+04,30.227956044396);
#1888 = AXIS2_PLACEMENT_3D('',#1889,#1890,#1891);
#1889 = CARTESIAN_POINT('',(17.725946421457,-3.72226466701E+03,
    10.001470220959));
#1890 = DIRECTION('',(0.,-0.,-1.));
#1891 = DIRECTION('',(4.635988663262E-03,-0.999989253747,0.));
#1892 = PCURVE('',#192,#1893);
#1893 = DEFINITIONAL_REPRESENTATION('',(#1894),#1901);
#1894 = B_SPLINE_CURVE_WITH_KNOTS('',5,(#1895,#1896,#1897,#1898,#1899,
    #1900),.UNSPECIFIED.,.F.,.F.,(6,6),(4.385563727083,4.388796226852),
  .PIECEWISE_BEZIER_KNOTS.);
#1895 = CARTESIAN_POINT('',(3.468417906892,-2.00040000189E-03));
#1896 = CARTESIAN_POINT('',(3.467771406938,6.835833816268));
#1897 = CARTESIAN_POINT('',(3.467124906984,13.675541184711));
#1898 = CARTESIAN_POINT('',(3.46647840703,20.517115751298));
#1899 = CARTESIAN_POINT('',(3.465831907076,27.360551558622));
#1900 = CARTESIAN_POINT('',(3.465185407123,34.205842646161));
#1901 = ( GEOMETRIC_REPRESENTATION_CONTEXT(2) 
PARAMETRIC_REPRESENTATION_CONTEXT() REPRESENTATION_CONTEXT('2D SPACE',''
  ) );
#1902 = PCURVE('',#235,#1903);
#1903 = DEFINITIONAL_REPRESENTATION('',(#1904),#1908);
#1904 = ELLIPSE('',#1905,1.116789349095E+04,30.227956044396);
#1905 = AXIS2_PLACEMENT_2D('',#1906,#1907);
#1906 = CARTESIAN_POINT('',(-17.84860071998,-3.722313181269E+03));
#1907 = DIRECTION('',(-4.635988663262E-03,-0.999989253747));
#1908 = ( GEOMETRIC_REPRESENTATION_CONTEXT(2) 
PARAMETRIC_REPRESENTATION_CONTEXT() REPRESENTATION_CONTEXT('2D SPACE',''
  ) );
#1909 = ORIENTED_EDGE('',*,*,#163,.T.);
#1910 = ORIENTED_EDGE('',*,*,#435,.F.);
#1911 = ORIENTED_EDGE('',*,*,#1912,.T.);
#1912 = EDGE_CURVE('',#436,#1913,#1915,.T.);
#1913 = VERTEX_POINT('',#1914);
#1914 = CARTESIAN_POINT('',(-27.39405816611,-137.4534136411,
    10.37069193547));
#1915 = SURFACE_CURVE('',#1916,(#1967,#2021),.PCURVE_S1.);
#1916 = B_SPLINE_CURVE_WITH_KNOTS('',7,(#1917,#1918,#1919,#1920,#1921,
    #1922,#1923,#1924,#1925,#1926,#1927,#1928,#1929,#1930,#1931,#1932,
    #1933,#1934,#1935,#1936,#1937,#1938,#1939,#1940,#1941,#1942,#1943,
    #1944,#1945,#1946,#1947,#1948,#1949,#1950,#1951,#1952,#1953,#1954,
    #1955,#1956,#1957,#1958,#1959,#1960,#1961,#1962,#1963,#1964,#1965,
    #1966),.UNSPECIFIED.,.F.,.F.,(8,6,6,6,6,6,6,6,8),(0.,0.213917078276,
    0.309714674627,0.421991771626,0.500167444583,0.578314698443,
    0.690488661433,0.786195084448,1.),.UNSPECIFIED.);
#1917 = CARTESIAN_POINT('',(29.515363566647,-136.9618885451,
    10.620267404084));
#1918 = CARTESIAN_POINT('',(28.858518238435,-137.097377859,
    12.430126724824));
#1919 = CARTESIAN_POINT('',(28.060125707589,-137.2598404041,
    14.211062702134));
#1920 = CARTESIAN_POINT('',(27.116709581189,-137.447120889,
    15.95604864973));
#1921 = CARTESIAN_POINT('',(26.02343647514,-137.6563055309,
    17.656133556412));
#1922 = CARTESIAN_POINT('',(24.774474607026,-137.8834764773,
    19.299858360135));
#1923 = CARTESIAN_POINT('',(23.363499841782,-138.1233038357,
    20.872394054865));
#1924 = CARTESIAN_POINT('',(21.077311658937,-138.4786485184,
    23.018005627722));
#1925 = CARTESIAN_POINT('',(20.336284712523,-138.5897119643,
    23.663666699549));
#1926 = CARTESIAN_POINT('',(19.560997591596,-138.701265022,
    24.289382227629));
#1927 = CARTESIAN_POINT('',(18.751140200127,-138.8125708367,
    24.893049643766));
#1928 = CARTESIAN_POINT('',(17.906485403503,-138.9228201868,
    25.472397693608));
#1929 = CARTESIAN_POINT('',(17.026909833894,-139.0311335136,
    26.024971089161));
#1930 = CARTESIAN_POINT('',(15.040604303137,-139.260128801,
    27.161252650862));
#1931 = CARTESIAN_POINT('',(13.919329659414,-139.3799062389,
    27.734821268755));
#1932 = CARTESIAN_POINT('',(12.750834875389,-139.4940655767,
    28.262922710421));
#1933 = CARTESIAN_POINT('',(11.53786935806,-139.6007341578,
    28.740014580635));
#1934 = CARTESIAN_POINT('',(10.283657355253,-139.6980749345,
    29.160909736584));
#1935 = CARTESIAN_POINT('',(8.99186750038,-139.7843650452,
    29.520775630949));
#1936 = CARTESIAN_POINT('',(6.743820184901,-139.9093963232,
    30.020087623625));
#1937 = CARTESIAN_POINT('',(5.805488408377,-139.9545818917,
    30.193134949163));
#1938 = CARTESIAN_POINT('',(4.85448149498,-139.9930484955,
    30.332519161242));
#1939 = CARTESIAN_POINT('',(3.893805828771,-140.0243275575,
    30.436910692075));
#1940 = CARTESIAN_POINT('',(2.926546792422,-140.0480855729,
    30.50540621848));
#1941 = CARTESIAN_POINT('',(1.955835549068,-140.0641356068,
    30.537530006132));
#1942 = CARTESIAN_POINT('',(1.414849274131E-02,-140.0807398563,
    30.528946066457));
#1943 = CARTESIAN_POINT('',(-0.956094308838,-140.0812934365,
    30.488268050167));
#1944 = CARTESIAN_POINT('',(-1.922759912423,-140.0740824525,
    30.411257589249));
#1945 = CARTESIAN_POINT('',(-2.882709402268,-140.0592385358,
    30.298402262075));
#1946 = CARTESIAN_POINT('',(-3.83285145376,-140.0370411191,
    30.150619193201));
#1947 = CARTESIAN_POINT('',(-4.770175823029,-140.0079064789,
    29.969253415535));
#1948 = CARTESIAN_POINT('',(-7.014683615071,-139.9213534362,
    29.450082799793));
#1949 = CARTESIAN_POINT('',(-8.303795765766,-139.8571977787,
    29.078872257409));
#1950 = CARTESIAN_POINT('',(-9.555026673007,-139.7813581636,
    28.646937287684));
#1951 = CARTESIAN_POINT('',(-10.76469316513,-139.6954944733,
    28.159131926867));
#1952 = CARTESIAN_POINT('',(-11.92955844163,-139.601389998,
    27.620673772136));
#1953 = CARTESIAN_POINT('',(-13.04686504943,-139.500872917,
    27.037144176362));
#1954 = CARTESIAN_POINT('',(-15.02515742874,-139.3060368586,
    25.883240803621));
#1955 = CARTESIAN_POINT('',(-15.90078424068,-139.2128664404,
    25.322874878045));
#1956 = CARTESIAN_POINT('',(-16.74125714138,-139.1171744967,
    24.736050216612));
#1957 = CARTESIAN_POINT('',(-17.5467089752,-139.0198425766,
    24.125227234095));
#1958 = CARTESIAN_POINT('',(-18.31737613254,-138.9216834098,
    23.492682646466));
#1959 = CARTESIAN_POINT('',(-19.05357809795,-138.8234385099,
    22.840524907808));
#1960 = CARTESIAN_POINT('',(-21.3242069004,-138.5076005352,
    20.67436498492));
#1961 = CARTESIAN_POINT('',(-22.72357760755,-138.292199266,
    19.088987618195));
#1962 = CARTESIAN_POINT('',(-23.95998234147,-138.086721056,
    17.434004046867));
#1963 = CARTESIAN_POINT('',(-25.03987540386,-137.8965869312,
    15.724256455386));
#1964 = CARTESIAN_POINT('',(-25.96922639122,-137.7257868386,
    13.97118237429));
#1965 = CARTESIAN_POINT('',(-26.7529971232,-137.577286979,
    12.183676688728));
#1966 = CARTESIAN_POINT('',(-27.39476682859,-137.4532767066,
    10.368687991499));
#1967 = PCURVE('',#192,#1968);
#1968 = DEFINITIONAL_REPRESENTATION('',(#1969),#2020);
#1969 = B_SPLINE_CURVE_WITH_KNOTS('',7,(#1970,#1971,#1972,#1973,#1974,
    #1975,#1976,#1977,#1978,#1979,#1980,#1981,#1982,#1983,#1984,#1985,
    #1986,#1987,#1988,#1989,#1990,#1991,#1992,#1993,#1994,#1995,#1996,
    #1997,#1998,#1999,#2000,#2001,#2002,#2003,#2004,#2005,#2006,#2007,
    #2008,#2009,#2010,#2011,#2012,#2013,#2014,#2015,#2016,#2017,#2018,
    #2019),.UNSPECIFIED.,.F.,.F.,(8,6,6,6,6,6,6,6,8),(0.,0.213917078276,
    0.309714674627,0.421991771626,0.500167444583,0.578314698443,
    0.690488661433,0.786195084448,1.),.UNSPECIFIED.);
#1970 = CARTESIAN_POINT('',(3.490104209142,0.10777469438));
#1971 = CARTESIAN_POINT('',(3.553794767678,0.245115656441));
#1972 = CARTESIAN_POINT('',(3.618184303091,0.408694965938));
#1973 = CARTESIAN_POINT('',(3.683515760209,0.596322226945));
#1974 = CARTESIAN_POINT('',(3.750028894037,0.805037063693));
#1975 = CARTESIAN_POINT('',(3.817974889319,1.030863628169));
#1976 = CARTESIAN_POINT('',(3.887620305431,1.268402648589));
#1977 = CARTESIAN_POINT('',(3.991361083163,1.618950999326));
#1978 = CARTESIAN_POINT('',(4.023859821798,1.728325065332));
#1979 = CARTESIAN_POINT('',(4.056788221949,1.837975920488));
#1980 = CARTESIAN_POINT('',(4.090166242554,1.947159592257));
#1981 = CARTESIAN_POINT('',(4.124015282439,2.055059669951));
#1982 = CARTESIAN_POINT('',(4.15835856051,2.16078939005));
#1983 = CARTESIAN_POINT('',(4.234081698374,2.383648476495));
#1984 = CARTESIAN_POINT('',(4.275712793456,2.499778459875));
#1985 = CARTESIAN_POINT('',(4.318064937121,2.609948447596));
#1986 = CARTESIAN_POINT('',(4.361098174939,2.71228355466));
#1987 = CARTESIAN_POINT('',(4.404781443461,2.804947667587));
#1988 = CARTESIAN_POINT('',(4.449091571581,2.886221876877));
#1989 = CARTESIAN_POINT('',(4.52528942438,3.002180949224));
#1990 = CARTESIAN_POINT('',(4.556839927541,3.043484171436));
#1991 = CARTESIAN_POINT('',(4.588607623754,3.077918648825));
#1992 = CARTESIAN_POINT('',(4.620539732489,3.105026149833));
#1993 = CARTESIAN_POINT('',(4.652585657454,3.124485033113));
#1994 = CARTESIAN_POINT('',(4.684695783242,3.136121594829));
#1995 = CARTESIAN_POINT('',(4.748933081631,3.143700764838));
#1996 = CARTESIAN_POINT('',(4.781036000353,3.139646216417));
#1997 = CARTESIAN_POINT('',(4.813078803306,3.127745458956));
#1998 = CARTESIAN_POINT('',(4.845011535295,3.108145993804));
#1999 = CARTESIAN_POINT('',(4.876783293112,3.081144063297));
#2000 = CARTESIAN_POINT('',(4.908341012766,3.047173533844));
#2001 = CARTESIAN_POINT('',(4.984538535879,2.948811033125));
#2002 = CARTESIAN_POINT('',(5.028843757597,2.877675263086));
#2003 = CARTESIAN_POINT('',(5.072526438475,2.794866958375));
#2004 = CARTESIAN_POINT('',(5.115562206689,2.702076190876));
#2005 = CARTESIAN_POINT('',(5.157918758317,2.601115353135));
#2006 = CARTESIAN_POINT('',(5.199554809256,2.493840488603));
#2007 = CARTESIAN_POINT('',(5.275284268345,2.286712678748));
#2008 = CARTESIAN_POINT('',(5.309629432456,2.187967488524));
#2009 = CARTESIAN_POINT('',(5.343479756721,2.086792166396));
#2010 = CARTESIAN_POINT('',(5.376858243606,1.984074292234));
#2011 = CARTESIAN_POINT('',(5.409786059516,1.880631650478));
#2012 = CARTESIAN_POINT('',(5.442282913543,1.777209970035));
#2013 = CARTESIAN_POINT('',(5.54604317589,1.444986865594));
#2014 = CARTESIAN_POINT('',(5.615704688758,1.21881014205));
#2015 = CARTESIAN_POINT('',(5.683658646957,1.003123438331));
#2016 = CARTESIAN_POINT('',(5.750171161513,0.803357953549));
#2017 = CARTESIAN_POINT('',(5.815493726582,0.623506859974));
#2018 = CARTESIAN_POINT('',(5.879867233437,0.466537388661));
#2019 = CARTESIAN_POINT('',(5.943536333903,0.334641076451));
#2020 = ( GEOMETRIC_REPRESENTATION_CONTEXT(2) 
PARAMETRIC_REPRESENTATION_CONTEXT() REPRESENTATION_CONTEXT('2D SPACE',''
  ) );
#2021 = PCURVE('',#495,#2022);
#2022 = DEFINITIONAL_REPRESENTATION('',(#2023),#2074);
#2023 = B_SPLINE_CURVE_WITH_KNOTS('',7,(#2024,#2025,#2026,#2027,#2028,
    #2029,#2030,#2031,#2032,#2033,#2034,#2035,#2036,#2037,#2038,#2039,
    #2040,#2041,#2042,#2043,#2044,#2045,#2046,#2047,#2048,#2049,#2050,
    #2051,#2052,#2053,#2054,#2055,#2056,#2057,#2058,#2059,#2060,#2061,
    #2062,#2063,#2064,#2065,#2066,#2067,#2068,#2069,#2070,#2071,#2072,
    #2073),.UNSPECIFIED.,.F.,.F.,(8,6,6,6,6,6,6,6,8),(0.,0.213917078276,
    0.309714674627,0.421991771626,0.500167444583,0.578314698443,
    0.690488661433,0.786195084448,1.),.UNSPECIFIED.);
#2024 = CARTESIAN_POINT('',(4.925441875659,1.581254613855));
#2025 = CARTESIAN_POINT('',(4.920706524663,3.393644473944));
#2026 = CARTESIAN_POINT('',(4.914942798656,5.177667932349));
#2027 = CARTESIAN_POINT('',(4.908129347935,6.926319635123));
#2028 = CARTESIAN_POINT('',(4.900236112779,8.63067799689));
#2029 = CARTESIAN_POINT('',(4.891226796713,10.279320548905));
#2030 = CARTESIAN_POINT('',(4.881062251808,11.857460904642));
#2031 = CARTESIAN_POINT('',(4.864618507756,14.012248376731));
#2032 = CARTESIAN_POINT('',(4.859291752238,14.660895376983));
#2033 = CARTESIAN_POINT('',(4.853722289512,15.289748031817));
#2034 = CARTESIAN_POINT('',(4.847908393154,15.896707158632));
#2035 = CARTESIAN_POINT('',(4.841848880846,16.47950471667));
#2036 = CARTESIAN_POINT('',(4.835543231999,17.035688361826));
#2037 = CARTESIAN_POINT('',(4.821313157902,18.180166203271));
#2038 = CARTESIAN_POINT('',(4.813286130527,18.75838805095));
#2039 = CARTESIAN_POINT('',(4.804927147611,19.291368261823));
#2040 = CARTESIAN_POINT('',(4.796256018588,19.773557327745));
#2041 = CARTESIAN_POINT('',(4.787295585855,20.199758782459));
#2042 = CARTESIAN_POINT('',(4.778071472657,20.565128468959));
#2043 = CARTESIAN_POINT('',(4.762025324255,21.074087706766));
#2044 = CARTESIAN_POINT('',(4.755329410208,21.251181064365));
#2045 = CARTESIAN_POINT('',(4.748544417697,21.394686135514));
#2046 = CARTESIAN_POINT('',(4.741691368856,21.503261269289));
#2047 = CARTESIAN_POINT('',(4.734791770071,21.575990339755));
#2048 = CARTESIAN_POINT('',(4.727867411373,21.612384206932));
#2049 = CARTESIAN_POINT('',(4.714015455346,21.612384206932));
#2050 = CARTESIAN_POINT('',(4.707093087641,21.576016794759));
#2051 = CARTESIAN_POINT('',(4.700195023115,21.503322387771));
#2052 = CARTESIAN_POINT('',(4.693343118257,21.39477425555));
#2053 = CARTESIAN_POINT('',(4.686558941821,21.251275022551));
#2054 = CARTESIAN_POINT('',(4.679863573669,21.074155208544));
#2055 = CARTESIAN_POINT('',(4.663823475863,20.565198172861));
#2056 = CARTESIAN_POINT('',(4.654604602822,20.19989348936));
#2057 = CARTESIAN_POINT('',(4.645649129333,19.773728245455));
#2058 = CARTESIAN_POINT('',(4.636982882729,19.291535586179));
#2059 = CARTESIAN_POINT('',(4.62862890373,18.758513864684));
#2060 = CARTESIAN_POINT('',(4.620607186256,18.180227194444));
#2061 = CARTESIAN_POINT('',(4.606388038221,17.035653814134));
#2062 = CARTESIAN_POINT('',(4.600087824183,16.47943679693));
#2063 = CARTESIAN_POINT('',(4.594034015059,15.896611957451));
#2064 = CARTESIAN_POINT('',(4.588226070944,15.289637899716));
#2065 = CARTESIAN_POINT('',(4.582662788375,14.660790176412));
#2066 = CARTESIAN_POINT('',(4.577342416623,14.012176641143));
#2067 = CARTESIAN_POINT('',(4.560915023939,11.856984456404));
#2068 = CARTESIAN_POINT('',(4.550761744239,10.278425539954));
#2069 = CARTESIAN_POINT('',(4.541764726736,8.629510518648));
#2070 = CARTESIAN_POINT('',(4.533884164412,6.925095496985));
#2071 = CARTESIAN_POINT('',(4.527082991772,5.176633661533));
#2072 = CARTESIAN_POINT('',(4.521330404693,3.39303385928));
#2073 = CARTESIAN_POINT('',(4.516604466633,1.581254613855));
#2074 = ( GEOMETRIC_REPRESENTATION_CONTEXT(2) 
PARAMETRIC_REPRESENTATION_CONTEXT() REPRESENTATION_CONTEXT('2D SPACE',''
  ) );
#2075 = ORIENTED_EDGE('',*,*,#2076,.T.);
#2076 = EDGE_CURVE('',#1913,#2077,#2079,.T.);
#2077 = VERTEX_POINT('',#2078);
#2078 = CARTESIAN_POINT('',(-27.38714556406,-138.9444715936,
    10.374727815983));
#2079 = SURFACE_CURVE('',#2080,(#2084,#2090),.PCURVE_S1.);
#2080 = LINE('',#2081,#2082);
#2081 = CARTESIAN_POINT('',(-27.39561022785,-137.1186317467,
    10.369785773693));
#2082 = VECTOR('',#2083,1.);
#2083 = DIRECTION('',(4.635971681286E-03,-0.999985590711,
    2.706683768868E-03));
#2084 = PCURVE('',#192,#2085);
#2085 = DEFINITIONAL_REPRESENTATION('',(#2086),#2089);
#2086 = B_SPLINE_CURVE_WITH_KNOTS('',1,(#2087,#2088),.UNSPECIFIED.,.F.,
  .F.,(2,2),(-2.000399999996E-03,31.801413639257),
  .PIECEWISE_BEZIER_KNOTS.);
#2087 = CARTESIAN_POINT('',(5.943466035453,-2.000400000002E-03));
#2088 = CARTESIAN_POINT('',(5.943466035453,31.801413639257));
#2089 = ( GEOMETRIC_REPRESENTATION_CONTEXT(2) 
PARAMETRIC_REPRESENTATION_CONTEXT() REPRESENTATION_CONTEXT('2D SPACE',''
  ) );
#2090 = PCURVE('',#2091,#2096);
#2091 = PLANE('',#2092);
#2092 = AXIS2_PLACEMENT_3D('',#2093,#2094,#2095);
#2093 = CARTESIAN_POINT('',(-0.123192275255,4.883944475042E-02,
    10.122531531476));
#2094 = DIRECTION('',(-4.443777047937E-03,2.686084759559E-03,
    0.999986518806));
#2095 = DIRECTION('',(0.999990126303,1.694065894509E-21,
    4.443793079063E-03));
#2096 = DEFINITIONAL_REPRESENTATION('',(#2097),#2100);
#2097 = B_SPLINE_CURVE_WITH_KNOTS('',1,(#2098,#2099),.UNSPECIFIED.,.F.,
  .F.,(2,2),(-2.000399999996E-03,31.801413639257),
  .PIECEWISE_BEZIER_KNOTS.);
#2098 = CARTESIAN_POINT('',(-27.27105922408,-137.1659656509));
#2099 = CARTESIAN_POINT('',(-27.12323842336,-168.9690361562));
#2100 = ( GEOMETRIC_REPRESENTATION_CONTEXT(2) 
PARAMETRIC_REPRESENTATION_CONTEXT() REPRESENTATION_CONTEXT('2D SPACE',''
  ) );
#2101 = ORIENTED_EDGE('',*,*,#2102,.T.);
#2102 = EDGE_CURVE('',#2077,#2103,#2105,.T.);
#2103 = VERTEX_POINT('',#2104);
#2104 = CARTESIAN_POINT('',(-27.51641809652,-138.9197276055,
    10.001470220959));
#2105 = SURFACE_CURVE('',#2106,(#2114,#2125),.PCURVE_S1.);
#2106 = B_SPLINE_CURVE_WITH_KNOTS('',6,(#2107,#2108,#2109,#2110,#2111,
    #2112,#2113),.UNSPECIFIED.,.F.,.F.,(7,7),(0.,1.),
  .PIECEWISE_BEZIER_KNOTS.);
#2107 = CARTESIAN_POINT('',(-27.38643675,-138.9446069916,10.3767317565)
  );
#2108 = CARTESIAN_POINT('',(-27.9677321895,-138.8335688846,
    8.733492309666));
#2109 = CARTESIAN_POINT('',(-28.42907959665,-138.7429932069,
    7.067673014904));
#2110 = CARTESIAN_POINT('',(-28.77319525564,-138.6746949675,
    5.386043698843));
#2111 = CARTESIAN_POINT('',(-29.00194227283,-138.6297820114,
    3.694321880546));
#2112 = CARTESIAN_POINT('',(-29.11630093956,-138.6088074439,
    1.997661420657));
#2113 = CARTESIAN_POINT('',(-29.11628712022,-138.6117882948,
    0.30113606088));
#2114 = PCURVE('',#192,#2115);
#2115 = DEFINITIONAL_REPRESENTATION('',(#2116),#2124);
#2116 = B_SPLINE_CURVE_WITH_KNOTS('',6,(#2117,#2118,#2119,#2120,#2121,
    #2122,#2123),.UNSPECIFIED.,.F.,.F.,(7,7),(0.,1.),
  .PIECEWISE_BEZIER_KNOTS.);
#2117 = CARTESIAN_POINT('',(5.943395735232,1.826010262394));
#2118 = CARTESIAN_POINT('',(6.001042920358,1.707831156697));
#2119 = CARTESIAN_POINT('',(6.058074702008,1.610609144488));
#2120 = CARTESIAN_POINT('',(6.114654837809,1.536164940052));
#2121 = CARTESIAN_POINT('',(6.170934125639,1.485613210438));
#2122 = CARTESIAN_POINT('',(6.227060863599,1.459516458256));
#2123 = CARTESIAN_POINT('',(6.28318530718,1.457905372687));
#2124 = ( GEOMETRIC_REPRESENTATION_CONTEXT(2) 
PARAMETRIC_REPRESENTATION_CONTEXT() REPRESENTATION_CONTEXT('2D SPACE',''
  ) );
#2125 = PCURVE('',#1156,#2126);
#2126 = DEFINITIONAL_REPRESENTATION('',(#2127),#2135);
#2127 = B_SPLINE_CURVE_WITH_KNOTS('',6,(#2128,#2129,#2130,#2131,#2132,
    #2133,#2134),.UNSPECIFIED.,.F.,.F.,(7,7),(0.,1.),
  .PIECEWISE_BEZIER_KNOTS.);
#2128 = CARTESIAN_POINT('',(4.518710666446,20.245310204681));
#2129 = CARTESIAN_POINT('',(4.514476008015,18.604974315775));
#2130 = CARTESIAN_POINT('',(4.511099371362,16.941470897212));
#2131 = CARTESIAN_POINT('',(4.508564502247,15.261576879649));
#2132 = CARTESIAN_POINT('',(4.506860330872,13.571015008533));
#2133 = CARTESIAN_POINT('',(4.505981058941,11.874941945537));
#2134 = CARTESIAN_POINT('',(4.505926778004,10.178431388719));
#2135 = ( GEOMETRIC_REPRESENTATION_CONTEXT(2) 
PARAMETRIC_REPRESENTATION_CONTEXT() REPRESENTATION_CONTEXT('2D SPACE',''
  ) );
#2136 = ORIENTED_EDGE('',*,*,#2137,.F.);
#2137 = EDGE_CURVE('',#1513,#2103,#2138,.T.);
#2138 = SURFACE_CURVE('',#2139,(#2144,#2154),.PCURVE_S1.);
#2139 = ELLIPSE('',#2140,1.116789349095E+04,30.227956044396);
#2140 = AXIS2_PLACEMENT_3D('',#2141,#2142,#2143);
#2141 = CARTESIAN_POINT('',(17.725946421457,-3.72226466701E+03,
    10.001470220959));
#2142 = DIRECTION('',(0.,-0.,-1.));
#2143 = DIRECTION('',(4.635988663262E-03,-0.999989253747,0.));
#2144 = PCURVE('',#192,#2145);
#2145 = DEFINITIONAL_REPRESENTATION('',(#2146),#2153);
#2146 = B_SPLINE_CURVE_WITH_KNOTS('',5,(#2147,#2148,#2149,#2150,#2151,
    #2152),.UNSPECIFIED.,.F.,.F.,(6,6),(1.894414176908,1.897621580097),
  .PIECEWISE_BEZIER_KNOTS.);
#2147 = CARTESIAN_POINT('',(5.959567457067,33.940115366635));
#2148 = CARTESIAN_POINT('',(5.958925976429,27.148027129809));
#2149 = CARTESIAN_POINT('',(5.958284495791,20.357765613532));
#2150 = CARTESIAN_POINT('',(5.957643015153,13.569336640588));
#2151 = CARTESIAN_POINT('',(5.957001534515,6.782746030582));
#2152 = CARTESIAN_POINT('',(5.956360053878,-2.000399999844E-03));
#2153 = ( GEOMETRIC_REPRESENTATION_CONTEXT(2) 
PARAMETRIC_REPRESENTATION_CONTEXT() REPRESENTATION_CONTEXT('2D SPACE',''
  ) );
#2154 = PCURVE('',#2155,#2160);
#2155 = PLANE('',#2156);
#2156 = AXIS2_PLACEMENT_3D('',#2157,#2158,#2159);
#2157 = CARTESIAN_POINT('',(-0.122654298529,4.851425942538E-02,
    10.001470220959));
#2158 = DIRECTION('',(-0.,-0.,-1.));
#2159 = DIRECTION('',(-1.,0.,0.));
#2160 = DEFINITIONAL_REPRESENTATION('',(#2161),#2165);
#2161 = ELLIPSE('',#2162,1.116789349095E+04,30.227956044396);
#2162 = AXIS2_PLACEMENT_2D('',#2163,#2164);
#2163 = CARTESIAN_POINT('',(-17.84860071998,-3.722313181269E+03));
#2164 = DIRECTION('',(-4.635988663262E-03,-0.999989253747));
#2165 = ( GEOMETRIC_REPRESENTATION_CONTEXT(2) 
PARAMETRIC_REPRESENTATION_CONTEXT() REPRESENTATION_CONTEXT('2D SPACE',''
  ) );
#2166 = ADVANCED_FACE('',(#2167),#495,.F.);
#2167 = FACE_BOUND('',#2168,.F.);
#2168 = EDGE_LOOP('',(#2169,#2197,#2219,#2220,#2221,#2244,#2271,#2272,
    #2273,#2274,#2275));
#2169 = ORIENTED_EDGE('',*,*,#2170,.F.);
#2170 = EDGE_CURVE('',#2171,#2173,#2175,.T.);
#2171 = VERTEX_POINT('',#2172);
#2172 = CARTESIAN_POINT('',(-78.9749956844,115.94787539847,
    9.460808142354));
#2173 = VERTEX_POINT('',#2174);
#2174 = CARTESIAN_POINT('',(-78.97739829852,115.94932768222,
    10.001470220959));
#2175 = SURFACE_CURVE('',#2176,(#2180,#2186),.PCURVE_S1.);
#2176 = LINE('',#2177,#2178);
#2177 = CARTESIAN_POINT('',(-78.96796005211,115.94362264131,
    7.877574472666));
#2178 = VECTOR('',#2179,1.);
#2179 = DIRECTION('',(-4.443777047937E-03,2.686084759559E-03,
    0.999986518806));
#2180 = PCURVE('',#495,#2181);
#2181 = DEFINITIONAL_REPRESENTATION('',(#2182),#2185);
#2182 = B_SPLINE_CURVE_WITH_KNOTS('',1,(#2183,#2184),.UNSPECIFIED.,.F.,
  .F.,(2,2),(-2.0004E-03,4.12372438133),.PIECEWISE_BEZIER_KNOTS.);
#2183 = CARTESIAN_POINT('',(2.168222728927,-2.0004E-03));
#2184 = CARTESIAN_POINT('',(2.168222728927,4.12372438133));
#2185 = ( GEOMETRIC_REPRESENTATION_CONTEXT(2) 
PARAMETRIC_REPRESENTATION_CONTEXT() REPRESENTATION_CONTEXT('2D SPACE',''
  ) );
#2186 = PCURVE('',#2187,#2192);
#2187 = PLANE('',#2188);
#2188 = AXIS2_PLACEMENT_3D('',#2189,#2190,#2191);
#2189 = CARTESIAN_POINT('',(-78.88853164512,-166.2552020635,
    -9.996260182128));
#2190 = DIRECTION('',(-0.999990126303,0.,-4.443793079063E-03));
#2191 = DIRECTION('',(0.,1.,0.));
#2192 = DEFINITIONAL_REPRESENTATION('',(#2193),#2196);
#2193 = B_SPLINE_CURVE_WITH_KNOTS('',1,(#2194,#2195),.UNSPECIFIED.,.F.,
  .F.,(2,2),(-2.0004E-03,4.12372438133),.PIECEWISE_BEZIER_KNOTS.);
#2194 = CARTESIAN_POINT('',(282.19881933166,-17.87201074458));
#2195 = CARTESIAN_POINT('',(282.20990137812,-21.99772064222));
#2196 = ( GEOMETRIC_REPRESENTATION_CONTEXT(2) 
PARAMETRIC_REPRESENTATION_CONTEXT() REPRESENTATION_CONTEXT('2D SPACE',''
  ) );
#2197 = ORIENTED_EDGE('',*,*,#2198,.T.);
#2198 = EDGE_CURVE('',#2171,#1913,#2199,.T.);
#2199 = SURFACE_CURVE('',#2200,(#2205,#2212),.PCURVE_S1.);
#2200 = CIRCLE('',#2201,140.18070949214);
#2201 = AXIS2_PLACEMENT_3D('',#2202,#2203,#2204);
#2202 = CARTESIAN_POINT('',(-0.123192275255,4.883944475042E-02,
    10.122531531476));
#2203 = DIRECTION('',(-4.443777047937E-03,2.686084759559E-03,
    0.999986518806));
#2204 = DIRECTION('',(0.999990126303,3.388131789017E-21,
    4.443793079063E-03));
#2205 = PCURVE('',#495,#2206);
#2206 = DEFINITIONAL_REPRESENTATION('',(#2207),#2211);
#2207 = LINE('',#2208,#2209);
#2208 = CARTESIAN_POINT('',(1.694065894509E-21,1.583255013855));
#2209 = VECTOR('',#2210,1.);
#2210 = DIRECTION('',(1.,0.));
#2211 = ( GEOMETRIC_REPRESENTATION_CONTEXT(2) 
PARAMETRIC_REPRESENTATION_CONTEXT() REPRESENTATION_CONTEXT('2D SPACE',''
  ) );
#2212 = PCURVE('',#2091,#2213);
#2213 = DEFINITIONAL_REPRESENTATION('',(#2214),#2218);
#2214 = CIRCLE('',#2215,140.18070949214);
#2215 = AXIS2_PLACEMENT_2D('',#2216,#2217);
#2216 = CARTESIAN_POINT('',(2.775530156548E-17,-6.938537569836E-18));
#2217 = DIRECTION('',(1.,0.));
#2218 = ( GEOMETRIC_REPRESENTATION_CONTEXT(2) 
PARAMETRIC_REPRESENTATION_CONTEXT() REPRESENTATION_CONTEXT('2D SPACE',''
  ) );
#2219 = ORIENTED_EDGE('',*,*,#1912,.F.);
#2220 = ORIENTED_EDGE('',*,*,#507,.T.);
#2221 = ORIENTED_EDGE('',*,*,#2222,.T.);
#2222 = EDGE_CURVE('',#479,#2223,#2225,.T.);
#2223 = VERTEX_POINT('',#2224);
#2224 = CARTESIAN_POINT('',(139.95999852222,0.106948945242,
    32.378705911542));
#2225 = SEAM_CURVE('',#2226,(#2230,#2237),.PCURVE_S1.);
#2226 = LINE('',#2227,#2228);
#2227 = CARTESIAN_POINT('',(140.0631687473,4.458668758717E-02,
    9.162231928447));
#2228 = VECTOR('',#2229,1.);
#2229 = DIRECTION('',(-4.443777047937E-03,2.686084759559E-03,
    0.999986518806));
#2230 = PCURVE('',#495,#2231);
#2231 = DEFINITIONAL_REPRESENTATION('',(#2232),#2236);
#2232 = LINE('',#2233,#2234);
#2233 = CARTESIAN_POINT('',(0.,-0.));
#2234 = VECTOR('',#2235,1.);
#2235 = DIRECTION('',(0.,1.));
#2236 = ( GEOMETRIC_REPRESENTATION_CONTEXT(2) 
PARAMETRIC_REPRESENTATION_CONTEXT() REPRESENTATION_CONTEXT('2D SPACE',''
  ) );
#2237 = PCURVE('',#495,#2238);
#2238 = DEFINITIONAL_REPRESENTATION('',(#2239),#2243);
#2239 = LINE('',#2240,#2241);
#2240 = CARTESIAN_POINT('',(6.28318530718,-0.));
#2241 = VECTOR('',#2242,1.);
#2242 = DIRECTION('',(0.,1.));
#2243 = ( GEOMETRIC_REPRESENTATION_CONTEXT(2) 
PARAMETRIC_REPRESENTATION_CONTEXT() REPRESENTATION_CONTEXT('2D SPACE',''
  ) );
#2244 = ORIENTED_EDGE('',*,*,#2245,.F.);
#2245 = EDGE_CURVE('',#2223,#2223,#2246,.T.);
#2246 = SURFACE_CURVE('',#2247,(#2252,#2259),.PCURVE_S1.);
#2247 = CIRCLE('',#2248,140.18070949214);
#2248 = AXIS2_PLACEMENT_3D('',#2249,#2250,#2251);
#2249 = CARTESIAN_POINT('',(-0.219326868041,0.106948945242,
    31.755771844882));
#2250 = DIRECTION('',(-4.443777047937E-03,2.686084759559E-03,
    0.999986518806));
#2251 = DIRECTION('',(0.999990126303,3.388131789017E-21,
    4.443793079063E-03));
#2252 = PCURVE('',#495,#2253);
#2253 = DEFINITIONAL_REPRESENTATION('',(#2254),#2258);
#2254 = LINE('',#2255,#2256);
#2255 = CARTESIAN_POINT('',(0.,23.216786973098));
#2256 = VECTOR('',#2257,1.);
#2257 = DIRECTION('',(1.,0.));
#2258 = ( GEOMETRIC_REPRESENTATION_CONTEXT(2) 
PARAMETRIC_REPRESENTATION_CONTEXT() REPRESENTATION_CONTEXT('2D SPACE',''
  ) );
#2259 = PCURVE('',#2260,#2265);
#2260 = PLANE('',#2261);
#2261 = AXIS2_PLACEMENT_3D('',#2262,#2263,#2264);
#2262 = CARTESIAN_POINT('',(-0.219326868041,0.106948945242,
    31.755771844882));
#2263 = DIRECTION('',(-4.443777047937E-03,2.686084759559E-03,
    0.999986518806));
#2264 = DIRECTION('',(0.999990126303,1.694065894509E-21,
    4.443793079063E-03));
#2265 = DEFINITIONAL_REPRESENTATION('',(#2266),#2270);
#2266 = CIRCLE('',#2267,140.18070949214);
#2267 = AXIS2_PLACEMENT_2D('',#2268,#2269);
#2268 = CARTESIAN_POINT('',(0.,0.));
#2269 = DIRECTION('',(1.,0.));
#2270 = ( GEOMETRIC_REPRESENTATION_CONTEXT(2) 
PARAMETRIC_REPRESENTATION_CONTEXT() REPRESENTATION_CONTEXT('2D SPACE',''
  ) );
#2271 = ORIENTED_EDGE('',*,*,#2222,.F.);
#2272 = ORIENTED_EDGE('',*,*,#478,.T.);
#2273 = ORIENTED_EDGE('',*,*,#532,.F.);
#2274 = ORIENTED_EDGE('',*,*,#1274,.F.);
#2275 = ORIENTED_EDGE('',*,*,#2276,.F.);
#2276 = EDGE_CURVE('',#2173,#1243,#2277,.T.);
#2277 = SURFACE_CURVE('',#2278,(#2283,#2295),.PCURVE_S1.);
#2278 = ELLIPSE('',#2279,140.18259932092,140.18070949214);
#2279 = AXIS2_PLACEMENT_3D('',#2280,#2281,#2282);
#2280 = CARTESIAN_POINT('',(-0.122654298529,4.851425942538E-02,
    10.001470220959));
#2281 = DIRECTION('',(-0.,0.,-1.));
#2282 = DIRECTION('',(-0.855804472782,0.517299433951,0.));
#2283 = PCURVE('',#495,#2284);
#2284 = DEFINITIONAL_REPRESENTATION('',(#2285),#2294);
#2285 = B_SPLINE_CURVE_WITH_KNOTS('',7,(#2286,#2287,#2288,#2289,#2290,
    #2291,#2292,#2293),.UNSPECIFIED.,.F.,.F.,(8,8),(0.286118375364,
    1.768101529752),.PIECEWISE_BEZIER_KNOTS.);
#2286 = CARTESIAN_POINT('',(2.311787903989,2.160500629651));
#2287 = CARTESIAN_POINT('',(2.100076024791,2.117007461133));
#2288 = CARTESIAN_POINT('',(1.888364145592,2.036997818825));
#2289 = CARTESIAN_POINT('',(1.676652266395,1.923658776441));
#2290 = CARTESIAN_POINT('',(1.464940387195,1.784172185417));
#2291 = CARTESIAN_POINT('',(1.253228507998,1.629195253476));
#2292 = CARTESIAN_POINT('',(1.041516628799,1.470618823152));
#2293 = CARTESIAN_POINT('',(0.829804749601,1.319503598195));
#2294 = ( GEOMETRIC_REPRESENTATION_CONTEXT(2) 
PARAMETRIC_REPRESENTATION_CONTEXT() REPRESENTATION_CONTEXT('2D SPACE',''
  ) );
#2295 = PCURVE('',#1262,#2296);
#2296 = DEFINITIONAL_REPRESENTATION('',(#2297),#2301);
#2297 = ELLIPSE('',#2298,140.18259932092,140.18070949214);
#2298 = AXIS2_PLACEMENT_2D('',#2299,#2300);
#2299 = CARTESIAN_POINT('',(-3.705369344686E-15,3.71230823859E-15));
#2300 = DIRECTION('',(0.855804472782,0.517299433951));
#2301 = ( GEOMETRIC_REPRESENTATION_CONTEXT(2) 
PARAMETRIC_REPRESENTATION_CONTEXT() REPRESENTATION_CONTEXT('2D SPACE',''
  ) );
#2302 = ADVANCED_FACE('',(#2303),#604,.F.);
#2303 = FACE_BOUND('',#2304,.F.);
#2304 = EDGE_LOOP('',(#2305,#2306,#2307,#2308,#2309));
#2305 = ORIENTED_EDGE('',*,*,#749,.F.);
#2306 = ORIENTED_EDGE('',*,*,#879,.F.);
#2307 = ORIENTED_EDGE('',*,*,#801,.F.);
#2308 = ORIENTED_EDGE('',*,*,#588,.T.);
#2309 = ORIENTED_EDGE('',*,*,#696,.F.);
#2310 = ADVANCED_FACE('',(#2311),#658,.T.);
#2311 = FACE_BOUND('',#2312,.T.);
#2312 = EDGE_LOOP('',(#2313,#2314,#2335,#2336));
#2313 = ORIENTED_EDGE('',*,*,#774,.F.);
#2314 = ORIENTED_EDGE('',*,*,#2315,.F.);
#2315 = EDGE_CURVE('',#642,#775,#2316,.T.);
#2316 = SEAM_CURVE('',#2317,(#2321,#2328),.PCURVE_S1.);
#2317 = LINE('',#2318,#2319);
#2318 = CARTESIAN_POINT('',(58.740255978638,134.28400521666,
    11.006633204733));
#2319 = VECTOR('',#2320,1.);
#2320 = DIRECTION('',(1.9199091697E-04,7.493431866874E-04,
    -0.999999700812));
#2321 = PCURVE('',#658,#2322);
#2322 = DEFINITIONAL_REPRESENTATION('',(#2323),#2327);
#2323 = LINE('',#2324,#2325);
#2324 = CARTESIAN_POINT('',(6.28318530718,-0.));
#2325 = VECTOR('',#2326,1.);
#2326 = DIRECTION('',(0.,1.));
#2327 = ( GEOMETRIC_REPRESENTATION_CONTEXT(2) 
PARAMETRIC_REPRESENTATION_CONTEXT() REPRESENTATION_CONTEXT('2D SPACE',''
  ) );
#2328 = PCURVE('',#658,#2329);
#2329 = DEFINITIONAL_REPRESENTATION('',(#2330),#2334);
#2330 = LINE('',#2331,#2332);
#2331 = CARTESIAN_POINT('',(0.,-0.));
#2332 = VECTOR('',#2333,1.);
#2333 = DIRECTION('',(0.,1.));
#2334 = ( GEOMETRIC_REPRESENTATION_CONTEXT(2) 
PARAMETRIC_REPRESENTATION_CONTEXT() REPRESENTATION_CONTEXT('2D SPACE',''
  ) );
#2335 = ORIENTED_EDGE('',*,*,#641,.T.);
#2336 = ORIENTED_EDGE('',*,*,#2315,.T.);
#2337 = ADVANCED_FACE('',(#2338,#2386),#1262,.T.);
#2338 = FACE_BOUND('',#2339,.T.);
#2339 = EDGE_LOOP('',(#2340,#2341,#2364,#2385));
#2340 = ORIENTED_EDGE('',*,*,#2276,.F.);
#2341 = ORIENTED_EDGE('',*,*,#2342,.T.);
#2342 = EDGE_CURVE('',#2173,#2343,#2345,.T.);
#2343 = VERTEX_POINT('',#2344);
#2344 = CARTESIAN_POINT('',(-78.97739829852,166.29851425942,
    10.001470220959));
#2345 = SURFACE_CURVE('',#2346,(#2350,#2357),.PCURVE_S1.);
#2346 = LINE('',#2347,#2348);
#2347 = CARTESIAN_POINT('',(-78.97739829852,-166.2014857405,
    10.001470220959));
#2348 = VECTOR('',#2349,1.);
#2349 = DIRECTION('',(0.,1.,0.));
#2350 = PCURVE('',#1262,#2351);
#2351 = DEFINITIONAL_REPRESENTATION('',(#2352),#2356);
#2352 = LINE('',#2353,#2354);
#2353 = CARTESIAN_POINT('',(78.854744,-166.25));
#2354 = VECTOR('',#2355,1.);
#2355 = DIRECTION('',(0.,1.));
#2356 = ( GEOMETRIC_REPRESENTATION_CONTEXT(2) 
PARAMETRIC_REPRESENTATION_CONTEXT() REPRESENTATION_CONTEXT('2D SPACE',''
  ) );
#2357 = PCURVE('',#2187,#2358);
#2358 = DEFINITIONAL_REPRESENTATION('',(#2359),#2363);
#2359 = LINE('',#2360,#2361);
#2360 = CARTESIAN_POINT('',(5.371632302166E-02,-19.99792785657));
#2361 = VECTOR('',#2362,1.);
#2362 = DIRECTION('',(1.,0.));
#2363 = ( GEOMETRIC_REPRESENTATION_CONTEXT(2) 
PARAMETRIC_REPRESENTATION_CONTEXT() REPRESENTATION_CONTEXT('2D SPACE',''
  ) );
#2364 = ORIENTED_EDGE('',*,*,#2365,.T.);
#2365 = EDGE_CURVE('',#2343,#1210,#2366,.T.);
#2366 = SURFACE_CURVE('',#2367,(#2371,#2378),.PCURVE_S1.);
#2367 = LINE('',#2368,#2369);
#2368 = CARTESIAN_POINT('',(-78.97739829852,166.29851425942,
    10.001470220959));
#2369 = VECTOR('',#2370,1.);
#2370 = DIRECTION('',(1.,0.,0.));
#2371 = PCURVE('',#1262,#2372);
#2372 = DEFINITIONAL_REPRESENTATION('',(#2373),#2377);
#2373 = LINE('',#2374,#2375);
#2374 = CARTESIAN_POINT('',(78.854744,166.25));
#2375 = VECTOR('',#2376,1.);
#2376 = DIRECTION('',(-1.,0.));
#2377 = ( GEOMETRIC_REPRESENTATION_CONTEXT(2) 
PARAMETRIC_REPRESENTATION_CONTEXT() REPRESENTATION_CONTEXT('2D SPACE',''
  ) );
#2378 = PCURVE('',#1230,#2379);
#2379 = DEFINITIONAL_REPRESENTATION('',(#2380),#2384);
#2380 = LINE('',#2381,#2382);
#2381 = CARTESIAN_POINT('',(-8.886665340464E-02,-19.99780254722));
#2382 = VECTOR('',#2383,1.);
#2383 = DIRECTION('',(1.,0.));
#2384 = ( GEOMETRIC_REPRESENTATION_CONTEXT(2) 
PARAMETRIC_REPRESENTATION_CONTEXT() REPRESENTATION_CONTEXT('2D SPACE',''
  ) );
#2385 = ORIENTED_EDGE('',*,*,#1242,.F.);
#2386 = FACE_BOUND('',#2387,.T.);
#2387 = EDGE_LOOP('',(#2388));
#2388 = ORIENTED_EDGE('',*,*,#2389,.T.);
#2389 = EDGE_CURVE('',#2390,#2390,#2392,.T.);
#2390 = VERTEX_POINT('',#2391);
#2391 = CARTESIAN_POINT('',(-58.74529150716,156.24213406462,
    10.001470220959));
#2392 = SURFACE_CURVE('',#2393,(#2398,#2409),.PCURVE_S1.);
#2393 = CIRCLE('',#2394,10.966824056568);
#2394 = AXIS2_PLACEMENT_3D('',#2395,#2396,#2397);
#2395 = CARTESIAN_POINT('',(-58.74525867292,145.27529115578,
    10.001470220959));
#2396 = DIRECTION('',(1.614689053761E-03,-1.854194741788E-03,
    0.999996977366));
#2397 = DIRECTION('',(-8.470329472543E-22,0.999998280975,
    1.85419715894E-03));
#2398 = PCURVE('',#1262,#2399);
#2399 = DEFINITIONAL_REPRESENTATION('',(#2400),#2408);
#2400 = ( BOUNDED_CURVE() B_SPLINE_CURVE(2,(#2401,#2402,#2403,#2404,
#2405,#2406,#2407),.UNSPECIFIED.,.T.,.F.) B_SPLINE_CURVE_WITH_KNOTS((1,2
    ,2,2,2,1),(-2.094395102393,0.,2.094395102393,4.188790204786,
6.28318530718,8.377580409573),.UNSPECIFIED.) CURVE() 
GEOMETRIC_REPRESENTATION_ITEM() RATIONAL_B_SPLINE_CURVE((1.,0.5,1.,0.5,
1.,0.5,1.)) REPRESENTATION_ITEM('') );
#2401 = CARTESIAN_POINT('',(58.622604374393,156.19360095292));
#2402 = CARTESIAN_POINT('',(77.617700838038,156.19360095292));
#2403 = CARTESIAN_POINT('',(68.120152606215,139.74336486807));
#2404 = CARTESIAN_POINT('',(58.622604374393,123.29312878321));
#2405 = CARTESIAN_POINT('',(49.125056142571,139.74336486807));
#2406 = CARTESIAN_POINT('',(39.627507910748,156.19360095292));
#2407 = CARTESIAN_POINT('',(58.622604374393,156.19360095292));
#2408 = ( GEOMETRIC_REPRESENTATION_CONTEXT(2) 
PARAMETRIC_REPRESENTATION_CONTEXT() REPRESENTATION_CONTEXT('2D SPACE',''
  ) );
#2409 = PCURVE('',#2410,#2415);
#2410 = CYLINDRICAL_SURFACE('',#2411,10.966824056568);
#2411 = AXIS2_PLACEMENT_3D('',#2412,#2413,#2414);
#2412 = CARTESIAN_POINT('',(-58.77925728153,145.31433275401,
    -11.05429018285));
#2413 = DIRECTION('',(1.614689053761E-03,-1.854194741788E-03,
    0.999996977366));
#2414 = DIRECTION('',(-8.470329472543E-22,0.999998280975,
    1.85419715894E-03));
#2415 = DEFINITIONAL_REPRESENTATION('',(#2416),#2420);
#2416 = LINE('',#2417,#2418);
#2417 = CARTESIAN_POINT('',(0.,21.055824047864));
#2418 = VECTOR('',#2419,1.);
#2419 = DIRECTION('',(1.,0.));
#2420 = ( GEOMETRIC_REPRESENTATION_CONTEXT(2) 
PARAMETRIC_REPRESENTATION_CONTEXT() REPRESENTATION_CONTEXT('2D SPACE',''
  ) );
#2421 = ADVANCED_FACE('',(#2422),#1230,.F.);
#2422 = FACE_BOUND('',#2423,.F.);
#2423 = EDGE_LOOP('',(#2424,#2447,#2468,#2469));
#2424 = ORIENTED_EDGE('',*,*,#2425,.F.);
#2425 = EDGE_CURVE('',#2426,#1178,#2428,.T.);
#2426 = VERTEX_POINT('',#2427);
#2427 = CARTESIAN_POINT('',(-78.88853164512,166.2447979364,
    -9.996260182128));
#2428 = SURFACE_CURVE('',#2429,(#2433,#2440),.PCURVE_S1.);
#2429 = LINE('',#2430,#2431);
#2430 = CARTESIAN_POINT('',(-78.88853164512,166.2447979364,
    -9.996260182128));
#2431 = VECTOR('',#2432,1.);
#2432 = DIRECTION('',(1.,0.,0.));
#2433 = PCURVE('',#1230,#2434);
#2434 = DEFINITIONAL_REPRESENTATION('',(#2435),#2439);
#2435 = LINE('',#2436,#2437);
#2436 = CARTESIAN_POINT('',(0.,0.));
#2437 = VECTOR('',#2438,1.);
#2438 = DIRECTION('',(1.,0.));
#2439 = ( GEOMETRIC_REPRESENTATION_CONTEXT(2) 
PARAMETRIC_REPRESENTATION_CONTEXT() REPRESENTATION_CONTEXT('2D SPACE',''
  ) );
#2440 = PCURVE('',#1197,#2441);
#2441 = DEFINITIONAL_REPRESENTATION('',(#2442),#2446);
#2442 = LINE('',#2443,#2444);
#2443 = CARTESIAN_POINT('',(78.854744,166.25));
#2444 = VECTOR('',#2445,1.);
#2445 = DIRECTION('',(-1.,0.));
#2446 = ( GEOMETRIC_REPRESENTATION_CONTEXT(2) 
PARAMETRIC_REPRESENTATION_CONTEXT() REPRESENTATION_CONTEXT('2D SPACE',''
  ) );
#2447 = ORIENTED_EDGE('',*,*,#2448,.T.);
#2448 = EDGE_CURVE('',#2426,#2343,#2449,.T.);
#2449 = SURFACE_CURVE('',#2450,(#2454,#2461),.PCURVE_S1.);
#2450 = LINE('',#2451,#2452);
#2451 = CARTESIAN_POINT('',(-78.88853164512,166.2447979364,
    -9.996260182128));
#2452 = VECTOR('',#2453,1.);
#2453 = DIRECTION('',(-4.443777047937E-03,2.686084759559E-03,
    0.999986518806));
#2454 = PCURVE('',#1230,#2455);
#2455 = DEFINITIONAL_REPRESENTATION('',(#2456),#2460);
#2456 = LINE('',#2457,#2458);
#2457 = CARTESIAN_POINT('',(0.,0.));
#2458 = VECTOR('',#2459,1.);
#2459 = DIRECTION('',(-4.443777047937E-03,-0.999990126374));
#2460 = ( GEOMETRIC_REPRESENTATION_CONTEXT(2) 
PARAMETRIC_REPRESENTATION_CONTEXT() REPRESENTATION_CONTEXT('2D SPACE',''
  ) );
#2461 = PCURVE('',#2187,#2462);
#2462 = DEFINITIONAL_REPRESENTATION('',(#2463),#2467);
#2463 = LINE('',#2464,#2465);
#2464 = CARTESIAN_POINT('',(332.5,0.));
#2465 = VECTOR('',#2466,1.);
#2466 = DIRECTION('',(2.686084759559E-03,-0.999996392468));
#2467 = ( GEOMETRIC_REPRESENTATION_CONTEXT(2) 
PARAMETRIC_REPRESENTATION_CONTEXT() REPRESENTATION_CONTEXT('2D SPACE',''
  ) );
#2468 = ORIENTED_EDGE('',*,*,#2365,.T.);
#2469 = ORIENTED_EDGE('',*,*,#1209,.F.);
#2470 = ADVANCED_FACE('',(#2471,#2525),#1197,.F.);
#2471 = FACE_BOUND('',#2472,.F.);
#2472 = EDGE_LOOP('',(#2473,#2496,#2497,#2498));
#2473 = ORIENTED_EDGE('',*,*,#2474,.T.);
#2474 = EDGE_CURVE('',#2475,#2426,#2477,.T.);
#2475 = VERTEX_POINT('',#2476);
#2476 = CARTESIAN_POINT('',(-78.88853164512,117.65915445686,
    -9.996260182128));
#2477 = SURFACE_CURVE('',#2478,(#2482,#2489),.PCURVE_S1.);
#2478 = LINE('',#2479,#2480);
#2479 = CARTESIAN_POINT('',(-78.88853164512,-166.2552020635,
    -9.996260182128));
#2480 = VECTOR('',#2481,1.);
#2481 = DIRECTION('',(0.,1.,0.));
#2482 = PCURVE('',#1197,#2483);
#2483 = DEFINITIONAL_REPRESENTATION('',(#2484),#2488);
#2484 = LINE('',#2485,#2486);
#2485 = CARTESIAN_POINT('',(78.854744,-166.25));
#2486 = VECTOR('',#2487,1.);
#2487 = DIRECTION('',(0.,1.));
#2488 = ( GEOMETRIC_REPRESENTATION_CONTEXT(2) 
PARAMETRIC_REPRESENTATION_CONTEXT() REPRESENTATION_CONTEXT('2D SPACE',''
  ) );
#2489 = PCURVE('',#2187,#2490);
#2490 = DEFINITIONAL_REPRESENTATION('',(#2491),#2495);
#2491 = LINE('',#2492,#2493);
#2492 = CARTESIAN_POINT('',(0.,0.));
#2493 = VECTOR('',#2494,1.);
#2494 = DIRECTION('',(1.,0.));
#2495 = ( GEOMETRIC_REPRESENTATION_CONTEXT(2) 
PARAMETRIC_REPRESENTATION_CONTEXT() REPRESENTATION_CONTEXT('2D SPACE',''
  ) );
#2496 = ORIENTED_EDGE('',*,*,#2425,.T.);
#2497 = ORIENTED_EDGE('',*,*,#1177,.F.);
#2498 = ORIENTED_EDGE('',*,*,#2499,.F.);
#2499 = EDGE_CURVE('',#2475,#1123,#2500,.T.);
#2500 = SURFACE_CURVE('',#2501,(#2506,#2513),.PCURVE_S1.);
#2501 = ELLIPSE('',#2502,141.64416052163,141.64225098925);
#2502 = AXIS2_PLACEMENT_3D('',#2503,#2504,#2505);
#2503 = CARTESIAN_POINT('',(-3.378764512445E-02,-5.202063596285E-03,
    -9.996260182128));
#2504 = DIRECTION('',(-0.,0.,-1.));
#2505 = DIRECTION('',(-0.855804472782,0.517299433951,0.));
#2506 = PCURVE('',#1197,#2507);
#2507 = DEFINITIONAL_REPRESENTATION('',(#2508),#2512);
#2508 = ELLIPSE('',#2509,141.64416052163,141.64225098925);
#2509 = AXIS2_PLACEMENT_2D('',#2510,#2511);
#2510 = CARTESIAN_POINT('',(-3.698430450783E-15,3.714910323804E-15));
#2511 = DIRECTION('',(0.855804472782,0.517299433951));
#2512 = ( GEOMETRIC_REPRESENTATION_CONTEXT(2) 
PARAMETRIC_REPRESENTATION_CONTEXT() REPRESENTATION_CONTEXT('2D SPACE',''
  ) );
#2513 = PCURVE('',#1156,#2514);
#2514 = DEFINITIONAL_REPRESENTATION('',(#2515),#2524);
#2515 = B_SPLINE_CURVE_WITH_KNOTS('',7,(#2516,#2517,#2518,#2519,#2520,
    #2521,#2522,#2523),.UNSPECIFIED.,.F.,.F.,(8,8),(0.295518622934,
    1.743301323279),.PIECEWISE_BEZIER_KNOTS.);
#2516 = CARTESIAN_POINT('',(2.302387656419,0.827853646295));
#2517 = CARTESIAN_POINT('',(2.09556155637,0.783551289504));
#2518 = CARTESIAN_POINT('',(1.88873545632,0.704134050642));
#2519 = CARTESIAN_POINT('',(1.681909356271,0.592699816218));
#2520 = CARTESIAN_POINT('',(1.475083256222,0.456013774453));
#2521 = CARTESIAN_POINT('',(1.268257156172,0.304021177164));
#2522 = CARTESIAN_POINT('',(1.061431056123,0.147860232094));
#2523 = CARTESIAN_POINT('',(0.854604956074,-2.000400000837E-03));
#2524 = ( GEOMETRIC_REPRESENTATION_CONTEXT(2) 
PARAMETRIC_REPRESENTATION_CONTEXT() REPRESENTATION_CONTEXT('2D SPACE',''
  ) );
#2525 = FACE_BOUND('',#2526,.F.);
#2526 = EDGE_LOOP('',(#2527));
#2527 = ORIENTED_EDGE('',*,*,#2528,.T.);
#2528 = EDGE_CURVE('',#2529,#2529,#2531,.T.);
#2529 = VERTEX_POINT('',#2530);
#2530 = CARTESIAN_POINT('',(-58.77758172114,156.27921386326,
    -9.996260182128));
#2531 = SURFACE_CURVE('',#2532,(#2537,#2548),.PCURVE_S1.);
#2532 = CIRCLE('',#2533,10.966824056568);
#2533 = AXIS2_PLACEMENT_3D('',#2534,#2535,#2536);
#2534 = CARTESIAN_POINT('',(-58.7775488869,145.31237095442,
    -9.996260182128));
#2535 = DIRECTION('',(1.614689053761E-03,-1.854194741788E-03,
    0.999996977366));
#2536 = DIRECTION('',(-8.470329472543E-22,0.999998280975,
    1.85419715894E-03));
#2537 = PCURVE('',#1197,#2538);
#2538 = DEFINITIONAL_REPRESENTATION('',(#2539),#2547);
#2539 = ( BOUNDED_CURVE() B_SPLINE_CURVE(2,(#2540,#2541,#2542,#2543,
#2544,#2545,#2546),.UNSPECIFIED.,.T.,.F.) B_SPLINE_CURVE_WITH_KNOTS((1,2
    ,2,2,2,1),(-2.094395102393,0.,2.094395102393,4.188790204786,
6.28318530718,8.377580409573),.UNSPECIFIED.) CURVE() 
GEOMETRIC_REPRESENTATION_ITEM() RATIONAL_B_SPLINE_CURVE((1.,0.5,1.,0.5,
1.,0.5,1.)) REPRESENTATION_ITEM('') );
#2540 = CARTESIAN_POINT('',(58.743761241781,156.28439707458));
#2541 = CARTESIAN_POINT('',(77.738857705426,156.28439707458));
#2542 = CARTESIAN_POINT('',(68.241309473603,139.83416098973));
#2543 = CARTESIAN_POINT('',(58.743761241781,123.38392490487));
#2544 = CARTESIAN_POINT('',(49.246213009959,139.83416098973));
#2545 = CARTESIAN_POINT('',(39.748664778136,156.28439707458));
#2546 = CARTESIAN_POINT('',(58.743761241781,156.28439707458));
#2547 = ( GEOMETRIC_REPRESENTATION_CONTEXT(2) 
PARAMETRIC_REPRESENTATION_CONTEXT() REPRESENTATION_CONTEXT('2D SPACE',''
  ) );
#2548 = PCURVE('',#2410,#2549);
#2549 = DEFINITIONAL_REPRESENTATION('',(#2550),#2554);
#2550 = LINE('',#2551,#2552);
#2551 = CARTESIAN_POINT('',(0.,1.058033198774));
#2552 = VECTOR('',#2553,1.);
#2553 = DIRECTION('',(1.,0.));
#2554 = ( GEOMETRIC_REPRESENTATION_CONTEXT(2) 
PARAMETRIC_REPRESENTATION_CONTEXT() REPRESENTATION_CONTEXT('2D SPACE',''
  ) );
#2555 = ADVANCED_FACE('',(#2556),#1156,.F.);
#2556 = FACE_BOUND('',#2557,.F.);
#2557 = EDGE_LOOP('',(#2558,#2559,#2583,#2602,#2603,#2604,#2628,#2655,
    #2681));
#2558 = ORIENTED_EDGE('',*,*,#2102,.F.);
#2559 = ORIENTED_EDGE('',*,*,#2560,.F.);
#2560 = EDGE_CURVE('',#2561,#2077,#2563,.T.);
#2561 = VERTEX_POINT('',#2562);
#2562 = CARTESIAN_POINT('',(-78.97497463411,117.71140577208,
    9.456071179977));
#2563 = SURFACE_CURVE('',#2564,(#2569,#2576),.PCURVE_S1.);
#2564 = CIRCLE('',#2565,141.64225098925);
#2565 = AXIS2_PLACEMENT_3D('',#2566,#2567,#2568);
#2566 = CARTESIAN_POINT('',(-0.123192275255,4.883944475042E-02,
    10.122531531476));
#2567 = DIRECTION('',(-4.443777047937E-03,2.686084759559E-03,
    0.999986518806));
#2568 = DIRECTION('',(0.999990126303,3.388131789017E-21,
    4.443793079063E-03));
#2569 = PCURVE('',#1156,#2570);
#2570 = DEFINITIONAL_REPRESENTATION('',(#2571),#2575);
#2571 = LINE('',#2572,#2573);
#2572 = CARTESIAN_POINT('',(0.,20.243309804681));
#2573 = VECTOR('',#2574,1.);
#2574 = DIRECTION('',(1.,0.));
#2575 = ( GEOMETRIC_REPRESENTATION_CONTEXT(2) 
PARAMETRIC_REPRESENTATION_CONTEXT() REPRESENTATION_CONTEXT('2D SPACE',''
  ) );
#2576 = PCURVE('',#2091,#2577);
#2577 = DEFINITIONAL_REPRESENTATION('',(#2578),#2582);
#2578 = CIRCLE('',#2579,141.64225098925);
#2579 = AXIS2_PLACEMENT_2D('',#2580,#2581);
#2580 = CARTESIAN_POINT('',(0.,0.));
#2581 = DIRECTION('',(1.,0.));
#2582 = ( GEOMETRIC_REPRESENTATION_CONTEXT(2) 
PARAMETRIC_REPRESENTATION_CONTEXT() REPRESENTATION_CONTEXT('2D SPACE',''
  ) );
#2583 = ORIENTED_EDGE('',*,*,#2584,.F.);
#2584 = EDGE_CURVE('',#2475,#2561,#2585,.T.);
#2585 = SURFACE_CURVE('',#2586,(#2590,#2596),.PCURVE_S1.);
#2586 = LINE('',#2587,#2588);
#2587 = CARTESIAN_POINT('',(-78.88501787863,117.65703052613,
    -10.78696572072));
#2588 = VECTOR('',#2589,1.);
#2589 = DIRECTION('',(-4.443777047937E-03,2.686084759559E-03,
    0.999986518806));
#2590 = PCURVE('',#1156,#2591);
#2591 = DEFINITIONAL_REPRESENTATION('',(#2592),#2595);
#2592 = B_SPLINE_CURVE_WITH_KNOTS('',1,(#2593,#2594),.UNSPECIFIED.,.F.,
  .F.,(2,2),(-2.000400000001E-03,20.245310204681),
  .PIECEWISE_BEZIER_KNOTS.);
#2593 = CARTESIAN_POINT('',(2.161218980699,-2.0004E-03));
#2594 = CARTESIAN_POINT('',(2.161218980699,20.245310204681));
#2595 = ( GEOMETRIC_REPRESENTATION_CONTEXT(2) 
PARAMETRIC_REPRESENTATION_CONTEXT() REPRESENTATION_CONTEXT('2D SPACE',''
  ) );
#2596 = PCURVE('',#2187,#2597);
#2597 = DEFINITIONAL_REPRESENTATION('',(#2598),#2601);
#2598 = B_SPLINE_CURVE_WITH_KNOTS('',1,(#2599,#2600),.UNSPECIFIED.,.F.,
  .F.,(2,2),(-2.000400000001E-03,20.245310204681),
  .PIECEWISE_BEZIER_KNOTS.);
#2599 = CARTESIAN_POINT('',(283.91222721648,0.792713738642));
#2600 = CARTESIAN_POINT('',(283.96661320892,-19.45452382321));
#2601 = ( GEOMETRIC_REPRESENTATION_CONTEXT(2) 
PARAMETRIC_REPRESENTATION_CONTEXT() REPRESENTATION_CONTEXT('2D SPACE',''
  ) );
#2602 = ORIENTED_EDGE('',*,*,#2499,.T.);
#2603 = ORIENTED_EDGE('',*,*,#1122,.F.);
#2604 = ORIENTED_EDGE('',*,*,#2605,.T.);
#2605 = EDGE_CURVE('',#1097,#2606,#2608,.T.);
#2606 = VERTEX_POINT('',#2607);
#2607 = CARTESIAN_POINT('',(-51.77442757639,-131.85909424,
    -9.996260182128));
#2608 = SURFACE_CURVE('',#2609,(#2614,#2621),.PCURVE_S1.);
#2609 = CIRCLE('',#2610,141.64225098925);
#2610 = AXIS2_PLACEMENT_3D('',#2611,#2612,#2613);
#2611 = CARTESIAN_POINT('',(-3.323551977041E-02,-5.535801198973E-03,
    -10.12050536922));
#2612 = DIRECTION('',(-4.443777047937E-03,2.686084759559E-03,
    0.999986518806));
#2613 = DIRECTION('',(0.999990126303,3.388131789017E-21,
    4.443793079063E-03));
#2614 = PCURVE('',#1156,#2615);
#2615 = DEFINITIONAL_REPRESENTATION('',(#2616),#2620);
#2616 = LINE('',#2617,#2618);
#2617 = CARTESIAN_POINT('',(0.,0.));
#2618 = VECTOR('',#2619,1.);
#2619 = DIRECTION('',(1.,0.));
#2620 = ( GEOMETRIC_REPRESENTATION_CONTEXT(2) 
PARAMETRIC_REPRESENTATION_CONTEXT() REPRESENTATION_CONTEXT('2D SPACE',''
  ) );
#2621 = PCURVE('',#1111,#2622);
#2622 = DEFINITIONAL_REPRESENTATION('',(#2623),#2627);
#2623 = CIRCLE('',#2624,141.64225098925);
#2624 = AXIS2_PLACEMENT_2D('',#2625,#2626);
#2625 = CARTESIAN_POINT('',(0.,0.));
#2626 = DIRECTION('',(1.,0.));
#2627 = ( GEOMETRIC_REPRESENTATION_CONTEXT(2) 
PARAMETRIC_REPRESENTATION_CONTEXT() REPRESENTATION_CONTEXT('2D SPACE',''
  ) );
#2628 = ORIENTED_EDGE('',*,*,#2629,.T.);
#2629 = EDGE_CURVE('',#2606,#2630,#2632,.T.);
#2630 = VERTEX_POINT('',#2631);
#2631 = CARTESIAN_POINT('',(-78.88853164512,-117.6676760929,
    -9.996260182128));
#2632 = SURFACE_CURVE('',#2633,(#2638,#2648),.PCURVE_S1.);
#2633 = ELLIPSE('',#2634,141.64416052163,141.64225098925);
#2634 = AXIS2_PLACEMENT_3D('',#2635,#2636,#2637);
#2635 = CARTESIAN_POINT('',(-3.378764512445E-02,-5.202063596285E-03,
    -9.996260182128));
#2636 = DIRECTION('',(-0.,0.,-1.));
#2637 = DIRECTION('',(-0.855804472782,0.517299433951,0.));
#2638 = PCURVE('',#1156,#2639);
#2639 = DEFINITIONAL_REPRESENTATION('',(#2640),#2647);
#2640 = B_SPLINE_CURVE_WITH_KNOTS('',5,(#2641,#2642,#2643,#2644,#2645,
    #2646),.UNSPECIFIED.,.F.,.F.,(6,6),(4.5398839839,4.900293935772),
  .PIECEWISE_BEZIER_KNOTS.);
#2641 = CARTESIAN_POINT('',(4.341207602633,-2.000400000837E-03));
#2642 = CARTESIAN_POINT('',(4.269125612258,5.022827248082E-02));
#2643 = CARTESIAN_POINT('',(4.197043621884,0.103276890858));
#2644 = CARTESIAN_POINT('',(4.124961631509,0.156580107307));
#2645 = CARTESIAN_POINT('',(4.052879641135,0.209554766441));
#2646 = CARTESIAN_POINT('',(3.980797650761,0.261637109345));
#2647 = ( GEOMETRIC_REPRESENTATION_CONTEXT(2) 
PARAMETRIC_REPRESENTATION_CONTEXT() REPRESENTATION_CONTEXT('2D SPACE',''
  ) );
#2648 = PCURVE('',#1644,#2649);
#2649 = DEFINITIONAL_REPRESENTATION('',(#2650),#2654);
#2650 = ELLIPSE('',#2651,141.64416052163,141.64225098925);
#2651 = AXIS2_PLACEMENT_2D('',#2652,#2653);
#2652 = CARTESIAN_POINT('',(-3.698430450783E-15,3.714910323804E-15));
#2653 = DIRECTION('',(0.855804472782,0.517299433951));
#2654 = ( GEOMETRIC_REPRESENTATION_CONTEXT(2) 
PARAMETRIC_REPRESENTATION_CONTEXT() REPRESENTATION_CONTEXT('2D SPACE',''
  ) );
#2655 = ORIENTED_EDGE('',*,*,#2656,.T.);
#2656 = EDGE_CURVE('',#2630,#2657,#2659,.T.);
#2657 = VERTEX_POINT('',#2658);
#2658 = CARTESIAN_POINT('',(-78.97739829852,-117.6139597699,
    10.001470220959));
#2659 = SURFACE_CURVE('',#2660,(#2664,#2670),.PCURVE_S1.);
#2660 = LINE('',#2661,#2662);
#2661 = CARTESIAN_POINT('',(-78.88782682482,-117.6681021285,
    -10.15486642923));
#2662 = VECTOR('',#2663,1.);
#2663 = DIRECTION('',(-4.443777047937E-03,2.686084759559E-03,
    0.999986518806));
#2664 = PCURVE('',#1156,#2665);
#2665 = DEFINITIONAL_REPRESENTATION('',(#2666),#2669);
#2666 = B_SPLINE_CURVE_WITH_KNOTS('',1,(#2667,#2668),.UNSPECIFIED.,.F.,
  .F.,(2,2),(-2.000399999999E-03,20.245310204681),
  .PIECEWISE_BEZIER_KNOTS.);
#2667 = CARTESIAN_POINT('',(4.12196632648,-2.000399999999E-03));
#2668 = CARTESIAN_POINT('',(4.12196632648,20.245310204681));
#2669 = ( GEOMETRIC_REPRESENTATION_CONTEXT(2) 
PARAMETRIC_REPRESENTATION_CONTEXT() REPRESENTATION_CONTEXT('2D SPACE',''
  ) );
#2670 = PCURVE('',#2671,#2676);
#2671 = PLANE('',#2672);
#2672 = AXIS2_PLACEMENT_3D('',#2673,#2674,#2675);
#2673 = CARTESIAN_POINT('',(-78.88853164512,-166.2552020635,
    -9.996260182128));
#2674 = DIRECTION('',(-0.999990126303,0.,-4.443793079063E-03));
#2675 = DIRECTION('',(0.,1.,0.));
#2676 = DEFINITIONAL_REPRESENTATION('',(#2677),#2680);
#2677 = B_SPLINE_CURVE_WITH_KNOTS('',1,(#2678,#2679),.UNSPECIFIED.,.F.,
  .F.,(2,2),(-2.000399999999E-03,20.245310204681),
  .PIECEWISE_BEZIER_KNOTS.);
#2678 = CARTESIAN_POINT('',(48.587094561817,0.160608205936));
#2679 = CARTESIAN_POINT('',(48.641480554255,-20.08662935592));
#2680 = ( GEOMETRIC_REPRESENTATION_CONTEXT(2) 
PARAMETRIC_REPRESENTATION_CONTEXT() REPRESENTATION_CONTEXT('2D SPACE',''
  ) );
#2681 = ORIENTED_EDGE('',*,*,#2682,.F.);
#2682 = EDGE_CURVE('',#2103,#2657,#2683,.T.);
#2683 = SURFACE_CURVE('',#2684,(#2689,#2701),.PCURVE_S1.);
#2684 = ELLIPSE('',#2685,141.64416052163,141.64225098925);
#2685 = AXIS2_PLACEMENT_3D('',#2686,#2687,#2688);
#2686 = CARTESIAN_POINT('',(-0.122654298529,4.851425942538E-02,
    10.001470220959));
#2687 = DIRECTION('',(-0.,0.,-1.));
#2688 = DIRECTION('',(-0.855804472782,0.517299433951,0.));
#2689 = PCURVE('',#1156,#2690);
#2690 = DEFINITIONAL_REPRESENTATION('',(#2691),#2700);
#2691 = B_SPLINE_CURVE_WITH_KNOTS('',7,(#2692,#2693,#2694,#2695,#2696,
    #2697,#2698,#2699),.UNSPECIFIED.,.F.,.F.,(8,8),(3.437111276524,
    4.880501443207),.PIECEWISE_BEZIER_KNOTS.);
#2692 = CARTESIAN_POINT('',(5.443980310009,19.418640077889));
#2693 = CARTESIAN_POINT('',(5.237781714768,19.462808022525));
#2694 = CARTESIAN_POINT('',(5.031583119529,19.541878092741));
#2695 = CARTESIAN_POINT('',(4.825384524288,19.652780543911));
#2696 = CARTESIAN_POINT('',(4.619185929049,19.788822512945));
#2697 = CARTESIAN_POINT('',(4.412987333806,19.940168268461));
#2698 = CARTESIAN_POINT('',(4.206788738566,20.095791340942));
#2699 = CARTESIAN_POINT('',(4.000590143326,20.245310204682));
#2700 = ( GEOMETRIC_REPRESENTATION_CONTEXT(2) 
PARAMETRIC_REPRESENTATION_CONTEXT() REPRESENTATION_CONTEXT('2D SPACE',''
  ) );
#2701 = PCURVE('',#2155,#2702);
#2702 = DEFINITIONAL_REPRESENTATION('',(#2703),#2707);
#2703 = ELLIPSE('',#2704,141.64416052163,141.64225098925);
#2704 = AXIS2_PLACEMENT_2D('',#2705,#2706);
#2705 = CARTESIAN_POINT('',(-3.691491556879E-15,3.719247132494E-15));
#2706 = DIRECTION('',(0.855804472782,0.517299433951));
#2707 = ( GEOMETRIC_REPRESENTATION_CONTEXT(2) 
PARAMETRIC_REPRESENTATION_CONTEXT() REPRESENTATION_CONTEXT('2D SPACE',''
  ) );
#2708 = ADVANCED_FACE('',(#2709),#1111,.T.);
#2709 = FACE_BOUND('',#2710,.T.);
#2710 = EDGE_LOOP('',(#2711,#2712,#2713,#2734));
#2711 = ORIENTED_EDGE('',*,*,#1096,.T.);
#2712 = ORIENTED_EDGE('',*,*,#2605,.T.);
#2713 = ORIENTED_EDGE('',*,*,#2714,.F.);
#2714 = EDGE_CURVE('',#2715,#2606,#2717,.T.);
#2715 = VERTEX_POINT('',#2716);
#2716 = CARTESIAN_POINT('',(-50.96669121448,-130.5227997348,
    -9.996260182127));
#2717 = SURFACE_CURVE('',#2718,(#2722,#2728),.PCURVE_S1.);
#2718 = LINE('',#2719,#2720);
#2719 = CARTESIAN_POINT('',(20.443964004599,-12.38318053168,
    -9.996260182128));
#2720 = VECTOR('',#2721,1.);
#2721 = DIRECTION('',(-0.517299433951,-0.855804472782,0.));
#2722 = PCURVE('',#1111,#2723);
#2723 = DEFINITIONAL_REPRESENTATION('',(#2724),#2727);
#2724 = B_SPLINE_CURVE_WITH_KNOTS('',1,(#2725,#2726),.UNSPECIFIED.,.F.,
  .F.,(2,2),(59.935874355424,151.04395851025),.PIECEWISE_BEZIER_KNOTS.);
#2725 = CARTESIAN_POINT('',(-10.52693828687,-63.6712637801));
#2726 = CARTESIAN_POINT('',(-57.6566332996,-141.6422509892));
#2727 = ( GEOMETRIC_REPRESENTATION_CONTEXT(2) 
PARAMETRIC_REPRESENTATION_CONTEXT() REPRESENTATION_CONTEXT('2D SPACE',''
  ) );
#2728 = PCURVE('',#1644,#2729);
#2729 = DEFINITIONAL_REPRESENTATION('',(#2730),#2733);
#2730 = B_SPLINE_CURVE_WITH_KNOTS('',1,(#2731,#2732),.UNSPECIFIED.,.F.,
  .F.,(2,2),(59.935874355424,151.04395851025),.PIECEWISE_BEZIER_KNOTS.);
#2731 = CARTESIAN_POINT('',(10.527042227702,-63.67136782157));
#2732 = CARTESIAN_POINT('',(57.657202589364,-141.6420737478));
#2733 = ( GEOMETRIC_REPRESENTATION_CONTEXT(2) 
PARAMETRIC_REPRESENTATION_CONTEXT() REPRESENTATION_CONTEXT('2D SPACE',''
  ) );
#2734 = ORIENTED_EDGE('',*,*,#2735,.F.);
#2735 = EDGE_CURVE('',#928,#2715,#2736,.T.);
#2736 = SURFACE_CURVE('',#2737,(#2742,#2749),.PCURVE_S1.);
#2737 = CIRCLE('',#2738,140.10349221413);
#2738 = AXIS2_PLACEMENT_3D('',#2739,#2740,#2741);
#2739 = CARTESIAN_POINT('',(-3.323551977041E-02,-5.535801198973E-03,
    -10.12050536922));
#2740 = DIRECTION('',(-4.443777047937E-03,2.686084759559E-03,
    0.999986518806));
#2741 = DIRECTION('',(0.999990126303,3.388131789017E-21,
    4.443793079063E-03));
#2742 = PCURVE('',#1111,#2743);
#2743 = DEFINITIONAL_REPRESENTATION('',(#2744),#2748);
#2744 = CIRCLE('',#2745,140.10349221413);
#2745 = AXIS2_PLACEMENT_2D('',#2746,#2747);
#2746 = CARTESIAN_POINT('',(1.387765078274E-17,-1.734551567012E-18));
#2747 = DIRECTION('',(1.,0.));
#2748 = ( GEOMETRIC_REPRESENTATION_CONTEXT(2) 
PARAMETRIC_REPRESENTATION_CONTEXT() REPRESENTATION_CONTEXT('2D SPACE',''
  ) );
#2749 = PCURVE('',#1037,#2750);
#2750 = DEFINITIONAL_REPRESENTATION('',(#2751),#2755);
#2751 = LINE('',#2752,#2753);
#2752 = CARTESIAN_POINT('',(1.694065894509E-21,21.521939956447));
#2753 = VECTOR('',#2754,1.);
#2754 = DIRECTION('',(1.,0.));
#2755 = ( GEOMETRIC_REPRESENTATION_CONTEXT(2) 
PARAMETRIC_REPRESENTATION_CONTEXT() REPRESENTATION_CONTEXT('2D SPACE',''
  ) );
#2756 = ADVANCED_FACE('',(#2757),#1037,.F.);
#2757 = FACE_BOUND('',#2758,.F.);
#2758 = EDGE_LOOP('',(#2759,#2782,#2809,#2810,#2811,#2832,#2858,#2859,
    #2885,#2886,#2887));
#2759 = ORIENTED_EDGE('',*,*,#2760,.F.);
#2760 = EDGE_CURVE('',#2761,#1464,#2763,.T.);
#2761 = VERTEX_POINT('',#2762);
#2762 = CARTESIAN_POINT('',(140.16451205771,-6.334555611217E-02,
    -31.01956425517));
#2763 = SEAM_CURVE('',#2764,(#2768,#2775),.PCURVE_S1.);
#2764 = LINE('',#2765,#2766);
#2765 = CARTESIAN_POINT('',(140.16451205771,-6.334555611217E-02,
    -31.01956425517));
#2766 = VECTOR('',#2767,1.);
#2767 = DIRECTION('',(-4.443777047937E-03,2.686084759559E-03,
    0.999986518806));
#2768 = PCURVE('',#1037,#2769);
#2769 = DEFINITIONAL_REPRESENTATION('',(#2770),#2774);
#2770 = LINE('',#2771,#2772);
#2771 = CARTESIAN_POINT('',(0.,-0.));
#2772 = VECTOR('',#2773,1.);
#2773 = DIRECTION('',(0.,1.));
#2774 = ( GEOMETRIC_REPRESENTATION_CONTEXT(2) 
PARAMETRIC_REPRESENTATION_CONTEXT() REPRESENTATION_CONTEXT('2D SPACE',''
  ) );
#2775 = PCURVE('',#1037,#2776);
#2776 = DEFINITIONAL_REPRESENTATION('',(#2777),#2781);
#2777 = LINE('',#2778,#2779);
#2778 = CARTESIAN_POINT('',(6.28318530718,-0.));
#2779 = VECTOR('',#2780,1.);
#2780 = DIRECTION('',(0.,1.));
#2781 = ( GEOMETRIC_REPRESENTATION_CONTEXT(2) 
PARAMETRIC_REPRESENTATION_CONTEXT() REPRESENTATION_CONTEXT('2D SPACE',''
  ) );
#2782 = ORIENTED_EDGE('',*,*,#2783,.T.);
#2783 = EDGE_CURVE('',#2761,#2761,#2784,.T.);
#2784 = SURFACE_CURVE('',#2785,(#2790,#2797),.PCURVE_S1.);
#2785 = CIRCLE('',#2786,140.10349221413);
#2786 = AXIS2_PLACEMENT_3D('',#2787,#2788,#2789);
#2787 = CARTESIAN_POINT('',(6.240318303513E-02,-6.334555611213E-02,
    -31.64215518422));
#2788 = DIRECTION('',(-4.443777047937E-03,2.686084759559E-03,
    0.999986518806));
#2789 = DIRECTION('',(0.999990126303,3.388131789017E-21,
    4.443793079063E-03));
#2790 = PCURVE('',#1037,#2791);
#2791 = DEFINITIONAL_REPRESENTATION('',(#2792),#2796);
#2792 = LINE('',#2793,#2794);
#2793 = CARTESIAN_POINT('',(0.,0.));
#2794 = VECTOR('',#2795,1.);
#2795 = DIRECTION('',(1.,0.));
#2796 = ( GEOMETRIC_REPRESENTATION_CONTEXT(2) 
PARAMETRIC_REPRESENTATION_CONTEXT() REPRESENTATION_CONTEXT('2D SPACE',''
  ) );
#2797 = PCURVE('',#2798,#2803);
#2798 = PLANE('',#2799);
#2799 = AXIS2_PLACEMENT_3D('',#2800,#2801,#2802);
#2800 = CARTESIAN_POINT('',(6.240318303513E-02,-6.334555611213E-02,
    -31.64215518422));
#2801 = DIRECTION('',(-4.443777047937E-03,2.686084759559E-03,
    0.999986518806));
#2802 = DIRECTION('',(0.999990126303,1.694065894509E-21,
    4.443793079063E-03));
#2803 = DEFINITIONAL_REPRESENTATION('',(#2804),#2808);
#2804 = CIRCLE('',#2805,140.10349221413);
#2805 = AXIS2_PLACEMENT_2D('',#2806,#2807);
#2806 = CARTESIAN_POINT('',(0.,0.));
#2807 = DIRECTION('',(1.,0.));
#2808 = ( GEOMETRIC_REPRESENTATION_CONTEXT(2) 
PARAMETRIC_REPRESENTATION_CONTEXT() REPRESENTATION_CONTEXT('2D SPACE',''
  ) );
#2809 = ORIENTED_EDGE('',*,*,#2760,.T.);
#2810 = ORIENTED_EDGE('',*,*,#1487,.F.);
#2811 = ORIENTED_EDGE('',*,*,#2812,.F.);
#2812 = EDGE_CURVE('',#2813,#1441,#2815,.T.);
#2813 = VERTEX_POINT('',#2814);
#2814 = CARTESIAN_POINT('',(78.820956354876,-115.812608722,
    -9.996260182128));
#2815 = SURFACE_CURVE('',#2816,(#2820,#2826),.PCURVE_S1.);
#2816 = LINE('',#2817,#2818);
#2817 = CARTESIAN_POINT('',(78.914207707121,-115.8689754193,
    -30.9806826902));
#2818 = VECTOR('',#2819,1.);
#2819 = DIRECTION('',(-4.443777047937E-03,2.686084759559E-03,
    0.999986518806));
#2820 = PCURVE('',#1037,#2821);
#2821 = DEFINITIONAL_REPRESENTATION('',(#2822),#2825);
#2822 = B_SPLINE_CURVE_WITH_KNOTS('',1,(#2823,#2824),.UNSPECIFIED.,.F.,
  .F.,(2,2),(18.984905406961,21.523940356447),.PIECEWISE_BEZIER_KNOTS.);
#2823 = CARTESIAN_POINT('',(5.31019041,18.984905406961));
#2824 = CARTESIAN_POINT('',(5.31019041,21.523940356447));
#2825 = ( GEOMETRIC_REPRESENTATION_CONTEXT(2) 
PARAMETRIC_REPRESENTATION_CONTEXT() REPRESENTATION_CONTEXT('2D SPACE',''
  ) );
#2826 = PCURVE('',#262,#2827);
#2827 = DEFINITIONAL_REPRESENTATION('',(#2828),#2831);
#2828 = B_SPLINE_CURVE_WITH_KNOTS('',1,(#2829,#2830),.UNSPECIFIED.,.F.,
  .F.,(2,2),(18.984905406961,21.523940356447),.PIECEWISE_BEZIER_KNOTS.);
#2829 = CARTESIAN_POINT('',(282.06277829072,1.999792785657));
#2830 = CARTESIAN_POINT('',(282.05595822764,-0.539233004178));
#2831 = ( GEOMETRIC_REPRESENTATION_CONTEXT(2) 
PARAMETRIC_REPRESENTATION_CONTEXT() REPRESENTATION_CONTEXT('2D SPACE',''
  ) );
#2832 = ORIENTED_EDGE('',*,*,#2833,.T.);
#2833 = EDGE_CURVE('',#2813,#1657,#2834,.T.);
#2834 = SURFACE_CURVE('',#2835,(#2840,#2851),.PCURVE_S1.);
#2835 = ELLIPSE('',#2836,140.10538100192,140.10349221413);
#2836 = AXIS2_PLACEMENT_3D('',#2837,#2838,#2839);
#2837 = CARTESIAN_POINT('',(-3.378764512445E-02,-5.202063596285E-03,
    -9.996260182128));
#2838 = DIRECTION('',(-0.,0.,-1.));
#2839 = DIRECTION('',(-0.855804472782,0.517299433951,0.));
#2840 = PCURVE('',#1037,#2841);
#2841 = DEFINITIONAL_REPRESENTATION('',(#2842),#2850);
#2842 = B_SPLINE_CURVE_WITH_KNOTS('',6,(#2843,#2844,#2845,#2846,#2847,
    #2848,#2849),.UNSPECIFIED.,.F.,.F.,(7,7),(3.427206665184,
    4.543551415294),.PIECEWISE_BEZIER_KNOTS.);
#2843 = CARTESIAN_POINT('',(5.453884921348,20.948159448665));
#2844 = CARTESIAN_POINT('',(5.267827462997,20.986295731253));
#2845 = CARTESIAN_POINT('',(5.081770004645,21.053427394967));
#2846 = CARTESIAN_POINT('',(4.895712546293,21.147187222085));
#2847 = CARTESIAN_POINT('',(4.709655087942,21.262155999773));
#2848 = CARTESIAN_POINT('',(4.52359762959,21.390508370943));
#2849 = CARTESIAN_POINT('',(4.337540171238,21.523940356446));
#2850 = ( GEOMETRIC_REPRESENTATION_CONTEXT(2) 
PARAMETRIC_REPRESENTATION_CONTEXT() REPRESENTATION_CONTEXT('2D SPACE',''
  ) );
#2851 = PCURVE('',#1840,#2852);
#2852 = DEFINITIONAL_REPRESENTATION('',(#2853),#2857);
#2853 = ELLIPSE('',#2854,140.10538100192,140.10349221413);
#2854 = AXIS2_PLACEMENT_2D('',#2855,#2856);
#2855 = CARTESIAN_POINT('',(-3.698430450783E-15,3.717512409018E-15));
#2856 = DIRECTION('',(0.855804472782,0.517299433951));
#2857 = ( GEOMETRIC_REPRESENTATION_CONTEXT(2) 
PARAMETRIC_REPRESENTATION_CONTEXT() REPRESENTATION_CONTEXT('2D SPACE',''
  ) );
#2858 = ORIENTED_EDGE('',*,*,#1656,.F.);
#2859 = ORIENTED_EDGE('',*,*,#2860,.T.);
#2860 = EDGE_CURVE('',#1625,#2715,#2861,.T.);
#2861 = SURFACE_CURVE('',#2862,(#2867,#2878),.PCURVE_S1.);
#2862 = ELLIPSE('',#2863,140.10538100192,140.10349221413);
#2863 = AXIS2_PLACEMENT_3D('',#2864,#2865,#2866);
#2864 = CARTESIAN_POINT('',(-3.378764512445E-02,-5.202063596285E-03,
    -9.996260182128));
#2865 = DIRECTION('',(-0.,0.,-1.));
#2866 = DIRECTION('',(-0.855804472782,0.517299433951,0.));
#2867 = PCURVE('',#1037,#2868);
#2868 = DEFINITIONAL_REPRESENTATION('',(#2869),#2877);
#2869 = B_SPLINE_CURVE_WITH_KNOTS('',6,(#2870,#2871,#2872,#2873,#2874,
    #2875,#2876),.UNSPECIFIED.,.F.,.F.,(7,7),(3.427206665184,
    4.543551415294),.PIECEWISE_BEZIER_KNOTS.);
#2870 = CARTESIAN_POINT('',(5.453884921348,20.948159448665));
#2871 = CARTESIAN_POINT('',(5.267827462997,20.986295731253));
#2872 = CARTESIAN_POINT('',(5.081770004645,21.053427394967));
#2873 = CARTESIAN_POINT('',(4.895712546293,21.147187222085));
#2874 = CARTESIAN_POINT('',(4.709655087942,21.262155999773));
#2875 = CARTESIAN_POINT('',(4.52359762959,21.390508370943));
#2876 = CARTESIAN_POINT('',(4.337540171238,21.523940356446));
#2877 = ( GEOMETRIC_REPRESENTATION_CONTEXT(2) 
PARAMETRIC_REPRESENTATION_CONTEXT() REPRESENTATION_CONTEXT('2D SPACE',''
  ) );
#2878 = PCURVE('',#1644,#2879);
#2879 = DEFINITIONAL_REPRESENTATION('',(#2880),#2884);
#2880 = ELLIPSE('',#2881,140.10538100192,140.10349221413);
#2881 = AXIS2_PLACEMENT_2D('',#2882,#2883);
#2882 = CARTESIAN_POINT('',(-3.698430450783E-15,3.717512409018E-15));
#2883 = DIRECTION('',(0.855804472782,0.517299433951));
#2884 = ( GEOMETRIC_REPRESENTATION_CONTEXT(2) 
PARAMETRIC_REPRESENTATION_CONTEXT() REPRESENTATION_CONTEXT('2D SPACE',''
  ) );
#2885 = ORIENTED_EDGE('',*,*,#2735,.F.);
#2886 = ORIENTED_EDGE('',*,*,#927,.F.);
#2887 = ORIENTED_EDGE('',*,*,#1463,.F.);
#2888 = ADVANCED_FACE('',(#2889,#2920,#2923),#866,.T.);
#2889 = FACE_BOUND('',#2890,.T.);
#2890 = EDGE_LOOP('',(#2891));
#2891 = ORIENTED_EDGE('',*,*,#2892,.T.);
#2892 = EDGE_CURVE('',#2893,#2893,#2895,.T.);
#2893 = VERTEX_POINT('',#2894);
#2894 = CARTESIAN_POINT('',(61.725586084574,239.26623636586,
    -0.10329457251));
#2895 = SURFACE_CURVE('',#2896,(#2901,#2908),.PCURVE_S1.);
#2896 = CIRCLE('',#2897,62.367514271971);
#2897 = AXIS2_PLACEMENT_3D('',#2898,#2899,#2900);
#2898 = CARTESIAN_POINT('',(-0.641257970298,238.97710127674,
    -0.10329457251));
#2899 = DIRECTION('',(-4.635971681286E-03,0.999985590711,
    -2.706683768868E-03));
#2900 = DIRECTION('',(0.999989253747,4.635988663262E-03,
    1.694065894509E-21));
#2901 = PCURVE('',#866,#2902);
#2902 = DEFINITIONAL_REPRESENTATION('',(#2903),#2907);
#2903 = CIRCLE('',#2904,62.367514271971);
#2904 = AXIS2_PLACEMENT_2D('',#2905,#2906);
#2905 = CARTESIAN_POINT('',(0.,0.));
#2906 = DIRECTION('',(1.,0.));
#2907 = ( GEOMETRIC_REPRESENTATION_CONTEXT(2) 
PARAMETRIC_REPRESENTATION_CONTEXT() REPRESENTATION_CONTEXT('2D SPACE',''
  ) );
#2908 = PCURVE('',#2909,#2914);
#2909 = CYLINDRICAL_SURFACE('',#2910,62.367514271971);
#2910 = AXIS2_PLACEMENT_3D('',#2911,#2912,#2913);
#2911 = CARTESIAN_POINT('',(-0.641257970298,238.97710127674,
    -0.10329457251));
#2912 = DIRECTION('',(-4.635971681286E-03,0.999985590711,
    -2.706683768868E-03));
#2913 = DIRECTION('',(0.999989253747,4.635988663262E-03,
    1.694065894509E-21));
#2914 = DEFINITIONAL_REPRESENTATION('',(#2915),#2919);
#2915 = LINE('',#2916,#2917);
#2916 = CARTESIAN_POINT('',(0.,0.));
#2917 = VECTOR('',#2918,1.);
#2918 = DIRECTION('',(1.,0.));
#2919 = ( GEOMETRIC_REPRESENTATION_CONTEXT(2) 
PARAMETRIC_REPRESENTATION_CONTEXT() REPRESENTATION_CONTEXT('2D SPACE',''
  ) );
#2920 = FACE_BOUND('',#2921,.T.);
#2921 = EDGE_LOOP('',(#2922));
#2922 = ORIENTED_EDGE('',*,*,#851,.F.);
#2923 = FACE_BOUND('',#2924,.T.);
#2924 = EDGE_LOOP('',(#2925));
#2925 = ORIENTED_EDGE('',*,*,#2926,.T.);
#2926 = EDGE_CURVE('',#2927,#2927,#2929,.T.);
#2927 = VERTEX_POINT('',#2928);
#2928 = CARTESIAN_POINT('',(-36.07985709072,238.69931364647,
    -42.03330756588));
#2929 = SURFACE_CURVE('',#2930,(#2935,#2946),.PCURVE_S1.);
#2930 = CIRCLE('',#2931,6.023607666676);
#2931 = AXIS2_PLACEMENT_3D('',#2932,#2933,#2934);
#2932 = CARTESIAN_POINT('',(-36.07985720795,238.71561782224,
    -36.00972196395));
#2933 = DIRECTION('',(1.321111129858E-03,-0.999995503945,
    2.691979697192E-03));
#2934 = DIRECTION('',(-4.235164736272E-22,-2.691982046397E-03,
    -0.99999637661));
#2935 = PCURVE('',#866,#2936);
#2936 = DEFINITIONAL_REPRESENTATION('',(#2937),#2945);
#2937 = ( BOUNDED_CURVE() B_SPLINE_CURVE(2,(#2938,#2939,#2940,#2941,
#2942,#2943,#2944),.UNSPECIFIED.,.T.,.F.) B_SPLINE_CURVE_WITH_KNOTS((1,2
    ,2,2,2,1),(-2.094395102393,0.,2.094395102393,4.188790204786,
6.28318530718,8.377580409573),.UNSPECIFIED.) CURVE() 
GEOMETRIC_REPRESENTATION_ITEM() RATIONAL_B_SPLINE_CURVE((1.,0.5,1.,0.5,
1.,0.5,1.)) REPRESENTATION_ITEM('') );
#2938 = CARTESIAN_POINT('',(-35.43950581443,41.930166586078));
#2939 = CARTESIAN_POINT('',(-25.0063112917,41.930296792327));
#2940 = CARTESIAN_POINT('',(-30.22279579115,32.894820189892));
#2941 = CARTESIAN_POINT('',(-35.43928029059,23.859343587457));
#2942 = CARTESIAN_POINT('',(-40.65599031388,32.894689983643));
#2943 = CARTESIAN_POINT('',(-45.87270033716,41.930036379829));
#2944 = CARTESIAN_POINT('',(-35.43950581443,41.930166586078));
#2945 = ( GEOMETRIC_REPRESENTATION_CONTEXT(2) 
PARAMETRIC_REPRESENTATION_CONTEXT() REPRESENTATION_CONTEXT('2D SPACE',''
  ) );
#2946 = PCURVE('',#2947,#2952);
#2947 = CYLINDRICAL_SURFACE('',#2948,6.023607666676);
#2948 = AXIS2_PLACEMENT_3D('',#2949,#2950,#2951);
#2949 = CARTESIAN_POINT('',(-36.10403003395,257.01288046162,
    -36.05897804495));
#2950 = DIRECTION('',(1.321111129858E-03,-0.999995503945,
    2.691979697192E-03));
#2951 = DIRECTION('',(-4.235164736272E-22,-2.691982046397E-03,
    -0.99999637661));
#2952 = DEFINITIONAL_REPRESENTATION('',(#2953),#2957);
#2953 = LINE('',#2954,#2955);
#2954 = CARTESIAN_POINT('',(0.,18.297344905239));
#2955 = VECTOR('',#2956,1.);
#2956 = DIRECTION('',(1.,0.));
#2957 = ( GEOMETRIC_REPRESENTATION_CONTEXT(2) 
PARAMETRIC_REPRESENTATION_CONTEXT() REPRESENTATION_CONTEXT('2D SPACE',''
  ) );
#2958 = ADVANCED_FACE('',(#2959),#262,.F.);
#2959 = FACE_BOUND('',#2960,.F.);
#2960 = EDGE_LOOP('',(#2961,#2962,#2985,#3008,#3029,#3030));
#2961 = ORIENTED_EDGE('',*,*,#247,.T.);
#2962 = ORIENTED_EDGE('',*,*,#2963,.T.);
#2963 = EDGE_CURVE('',#214,#2964,#2966,.T.);
#2964 = VERTEX_POINT('',#2965);
#2965 = CARTESIAN_POINT('',(78.732089701471,-166.2014857405,
    10.001470220959));
#2966 = SURFACE_CURVE('',#2967,(#2971,#2978),.PCURVE_S1.);
#2967 = LINE('',#2968,#2969);
#2968 = CARTESIAN_POINT('',(78.732089701471,166.29851425942,
    10.001470220959));
#2969 = VECTOR('',#2970,1.);
#2970 = DIRECTION('',(0.,-1.,0.));
#2971 = PCURVE('',#262,#2972);
#2972 = DEFINITIONAL_REPRESENTATION('',(#2973),#2977);
#2973 = LINE('',#2974,#2975);
#2974 = CARTESIAN_POINT('',(-5.371632302166E-02,-19.99792785657));
#2975 = VECTOR('',#2976,1.);
#2976 = DIRECTION('',(1.,0.));
#2977 = ( GEOMETRIC_REPRESENTATION_CONTEXT(2) 
PARAMETRIC_REPRESENTATION_CONTEXT() REPRESENTATION_CONTEXT('2D SPACE',''
  ) );
#2978 = PCURVE('',#235,#2979);
#2979 = DEFINITIONAL_REPRESENTATION('',(#2980),#2984);
#2980 = LINE('',#2981,#2982);
#2981 = CARTESIAN_POINT('',(-78.854744,166.25));
#2982 = VECTOR('',#2983,1.);
#2983 = DIRECTION('',(0.,-1.));
#2984 = ( GEOMETRIC_REPRESENTATION_CONTEXT(2) 
PARAMETRIC_REPRESENTATION_CONTEXT() REPRESENTATION_CONTEXT('2D SPACE',''
  ) );
#2985 = ORIENTED_EDGE('',*,*,#2986,.F.);
#2986 = EDGE_CURVE('',#2987,#2964,#2989,.T.);
#2987 = VERTEX_POINT('',#2988);
#2988 = CARTESIAN_POINT('',(78.820956354876,-166.2552020635,
    -9.996260182128));
#2989 = SURFACE_CURVE('',#2990,(#2994,#3001),.PCURVE_S1.);
#2990 = LINE('',#2991,#2992);
#2991 = CARTESIAN_POINT('',(78.820956354876,-166.2552020635,
    -9.996260182128));
#2992 = VECTOR('',#2993,1.);
#2993 = DIRECTION('',(-4.443777047937E-03,2.686084759559E-03,
    0.999986518806));
#2994 = PCURVE('',#262,#2995);
#2995 = DEFINITIONAL_REPRESENTATION('',(#2996),#3000);
#2996 = LINE('',#2997,#2998);
#2997 = CARTESIAN_POINT('',(332.5,0.));
#2998 = VECTOR('',#2999,1.);
#2999 = DIRECTION('',(-2.686084759559E-03,-0.999996392468));
#3000 = ( GEOMETRIC_REPRESENTATION_CONTEXT(2) 
PARAMETRIC_REPRESENTATION_CONTEXT() REPRESENTATION_CONTEXT('2D SPACE',''
  ) );
#3001 = PCURVE('',#1873,#3002);
#3002 = DEFINITIONAL_REPRESENTATION('',(#3003),#3007);
#3003 = LINE('',#3004,#3005);
#3004 = CARTESIAN_POINT('',(0.,-0.));
#3005 = VECTOR('',#3006,1.);
#3006 = DIRECTION('',(4.443777047937E-03,-0.999990126374));
#3007 = ( GEOMETRIC_REPRESENTATION_CONTEXT(2) 
PARAMETRIC_REPRESENTATION_CONTEXT() REPRESENTATION_CONTEXT('2D SPACE',''
  ) );
#3008 = ORIENTED_EDGE('',*,*,#3009,.F.);
#3009 = EDGE_CURVE('',#2813,#2987,#3010,.T.);
#3010 = SURFACE_CURVE('',#3011,(#3015,#3022),.PCURVE_S1.);
#3011 = LINE('',#3012,#3013);
#3012 = CARTESIAN_POINT('',(78.820956354876,166.2447979364,
    -9.996260182128));
#3013 = VECTOR('',#3014,1.);
#3014 = DIRECTION('',(0.,-1.,0.));
#3015 = PCURVE('',#262,#3016);
#3016 = DEFINITIONAL_REPRESENTATION('',(#3017),#3021);
#3017 = LINE('',#3018,#3019);
#3018 = CARTESIAN_POINT('',(0.,0.));
#3019 = VECTOR('',#3020,1.);
#3020 = DIRECTION('',(1.,0.));
#3021 = ( GEOMETRIC_REPRESENTATION_CONTEXT(2) 
PARAMETRIC_REPRESENTATION_CONTEXT() REPRESENTATION_CONTEXT('2D SPACE',''
  ) );
#3022 = PCURVE('',#1840,#3023);
#3023 = DEFINITIONAL_REPRESENTATION('',(#3024),#3028);
#3024 = LINE('',#3025,#3026);
#3025 = CARTESIAN_POINT('',(-78.854744,166.25));
#3026 = VECTOR('',#3027,1.);
#3027 = DIRECTION('',(0.,-1.));
#3028 = ( GEOMETRIC_REPRESENTATION_CONTEXT(2) 
PARAMETRIC_REPRESENTATION_CONTEXT() REPRESENTATION_CONTEXT('2D SPACE',''
  ) );
#3029 = ORIENTED_EDGE('',*,*,#2812,.T.);
#3030 = ORIENTED_EDGE('',*,*,#1440,.F.);
#3031 = ADVANCED_FACE('',(#3032,#3058),#235,.T.);
#3032 = FACE_BOUND('',#3033,.T.);
#3033 = EDGE_LOOP('',(#3034,#3035,#3036,#3057));
#3034 = ORIENTED_EDGE('',*,*,#213,.F.);
#3035 = ORIENTED_EDGE('',*,*,#2963,.T.);
#3036 = ORIENTED_EDGE('',*,*,#3037,.T.);
#3037 = EDGE_CURVE('',#2964,#1853,#3038,.T.);
#3038 = SURFACE_CURVE('',#3039,(#3043,#3050),.PCURVE_S1.);
#3039 = LINE('',#3040,#3041);
#3040 = CARTESIAN_POINT('',(78.732089701471,-166.2014857405,
    10.001470220959));
#3041 = VECTOR('',#3042,1.);
#3042 = DIRECTION('',(-1.,0.,0.));
#3043 = PCURVE('',#235,#3044);
#3044 = DEFINITIONAL_REPRESENTATION('',(#3045),#3049);
#3045 = LINE('',#3046,#3047);
#3046 = CARTESIAN_POINT('',(-78.854744,-166.25));
#3047 = VECTOR('',#3048,1.);
#3048 = DIRECTION('',(1.,0.));
#3049 = ( GEOMETRIC_REPRESENTATION_CONTEXT(2) 
PARAMETRIC_REPRESENTATION_CONTEXT() REPRESENTATION_CONTEXT('2D SPACE',''
  ) );
#3050 = PCURVE('',#1873,#3051);
#3051 = DEFINITIONAL_REPRESENTATION('',(#3052),#3056);
#3052 = LINE('',#3053,#3054);
#3053 = CARTESIAN_POINT('',(8.886665340464E-02,-19.99780254722));
#3054 = VECTOR('',#3055,1.);
#3055 = DIRECTION('',(1.,0.));
#3056 = ( GEOMETRIC_REPRESENTATION_CONTEXT(2) 
PARAMETRIC_REPRESENTATION_CONTEXT() REPRESENTATION_CONTEXT('2D SPACE',''
  ) );
#3057 = ORIENTED_EDGE('',*,*,#1885,.F.);
#3058 = FACE_BOUND('',#3059,.T.);
#3059 = EDGE_LOOP('',(#3060));
#3060 = ORIENTED_EDGE('',*,*,#3061,.T.);
#3061 = EDGE_CURVE('',#3062,#3062,#3064,.T.);
#3062 = VERTEX_POINT('',#3063);
#3063 = CARTESIAN_POINT('',(69.753707454969,-145.2753651216,
    10.001470220959));
#3064 = SURFACE_CURVE('',#3065,(#3070,#3081),.PCURVE_S1.);
#3065 = CIRCLE('',#3066,10.997766695934);
#3066 = AXIS2_PLACEMENT_3D('',#3067,#3068,#3069);
#3067 = CARTESIAN_POINT('',(58.755937763538,-145.2753624252,
    10.001470220959));
#3068 = DIRECTION('',(-7.380692153482E-04,3.321928631328E-04,
    0.999999672451));
#3069 = DIRECTION('',(0.999999727627,-5.293955920339E-23,
    7.38069256072E-04));
#3070 = PCURVE('',#235,#3071);
#3071 = DEFINITIONAL_REPRESENTATION('',(#3072),#3080);
#3072 = ( BOUNDED_CURVE() B_SPLINE_CURVE(2,(#3073,#3074,#3075,#3076,
#3077,#3078,#3079),.UNSPECIFIED.,.T.,.F.) B_SPLINE_CURVE_WITH_KNOTS((1,2
    ,2,2,2,1),(-2.094395102393,0.,2.094395102393,4.188790204786,
6.28318530718,8.377580409573),.UNSPECIFIED.) CURVE() 
GEOMETRIC_REPRESENTATION_ITEM() RATIONAL_B_SPLINE_CURVE((1.,0.5,1.,0.5,
1.,0.5,1.)) REPRESENTATION_ITEM('') );
#3073 = CARTESIAN_POINT('',(-69.876358758,-145.3238766846));
#3074 = CARTESIAN_POINT('',(-69.876358758,-126.2751859975));
#3075 = CARTESIAN_POINT('',(-53.3797087141,-135.7995313411));
#3076 = CARTESIAN_POINT('',(-36.88305867019,-145.3238766846));
#3077 = CARTESIAN_POINT('',(-53.3797087141,-154.8482220282));
#3078 = CARTESIAN_POINT('',(-69.876358758,-164.3725673718));
#3079 = CARTESIAN_POINT('',(-69.876358758,-145.3238766846));
#3080 = ( GEOMETRIC_REPRESENTATION_CONTEXT(2) 
PARAMETRIC_REPRESENTATION_CONTEXT() REPRESENTATION_CONTEXT('2D SPACE',''
  ) );
#3081 = PCURVE('',#3082,#3087);
#3082 = CYLINDRICAL_SURFACE('',#3083,10.997766695934);
#3083 = AXIS2_PLACEMENT_3D('',#3084,#3085,#3086);
#3084 = CARTESIAN_POINT('',(58.771449731961,-145.2823441081,
    -11.01547916468));
#3085 = DIRECTION('',(-7.380692153482E-04,3.321928631328E-04,
    0.999999672451));
#3086 = DIRECTION('',(0.999999727627,-5.293955920339E-23,
    7.38069256072E-04));
#3087 = DEFINITIONAL_REPRESENTATION('',(#3088),#3092);
#3088 = LINE('',#3089,#3090);
#3089 = CARTESIAN_POINT('',(0.,21.016956269735));
#3090 = VECTOR('',#3091,1.);
#3091 = DIRECTION('',(1.,0.));
#3092 = ( GEOMETRIC_REPRESENTATION_CONTEXT(2) 
PARAMETRIC_REPRESENTATION_CONTEXT() REPRESENTATION_CONTEXT('2D SPACE',''
  ) );
#3093 = ADVANCED_FACE('',(#3094),#1534,.F.);
#3094 = FACE_BOUND('',#3095,.F.);
#3095 = EDGE_LOOP('',(#3096,#3119,#3120,#3121,#3144));
#3096 = ORIENTED_EDGE('',*,*,#3097,.F.);
#3097 = EDGE_CURVE('',#1598,#3098,#3100,.T.);
#3098 = VERTEX_POINT('',#3099);
#3099 = CARTESIAN_POINT('',(-78.88853164512,-166.2552020635,
    -9.996260182128));
#3100 = SURFACE_CURVE('',#3101,(#3105,#3112),.PCURVE_S1.);
#3101 = LINE('',#3102,#3103);
#3102 = CARTESIAN_POINT('',(78.820956354876,-166.2552020635,
    -9.996260182128));
#3103 = VECTOR('',#3104,1.);
#3104 = DIRECTION('',(-1.,0.,0.));
#3105 = PCURVE('',#1534,#3106);
#3106 = DEFINITIONAL_REPRESENTATION('',(#3107),#3111);
#3107 = LINE('',#3108,#3109);
#3108 = CARTESIAN_POINT('',(0.,-0.));
#3109 = VECTOR('',#3110,1.);
#3110 = DIRECTION('',(1.,0.));
#3111 = ( GEOMETRIC_REPRESENTATION_CONTEXT(2) 
PARAMETRIC_REPRESENTATION_CONTEXT() REPRESENTATION_CONTEXT('2D SPACE',''
  ) );
#3112 = PCURVE('',#1644,#3113);
#3113 = DEFINITIONAL_REPRESENTATION('',(#3114),#3118);
#3114 = LINE('',#3115,#3116);
#3115 = CARTESIAN_POINT('',(-78.854744,-166.25));
#3116 = VECTOR('',#3117,1.);
#3117 = DIRECTION('',(1.,0.));
#3118 = ( GEOMETRIC_REPRESENTATION_CONTEXT(2) 
PARAMETRIC_REPRESENTATION_CONTEXT() REPRESENTATION_CONTEXT('2D SPACE',''
  ) );
#3119 = ORIENTED_EDGE('',*,*,#1597,.F.);
#3120 = ORIENTED_EDGE('',*,*,#1512,.F.);
#3121 = ORIENTED_EDGE('',*,*,#3122,.T.);
#3122 = EDGE_CURVE('',#1513,#3123,#3125,.T.);
#3123 = VERTEX_POINT('',#3124);
#3124 = CARTESIAN_POINT('',(-78.97739829852,-166.2014857405,
    10.001470220959));
#3125 = SURFACE_CURVE('',#3126,(#3130,#3137),.PCURVE_S1.);
#3126 = LINE('',#3127,#3128);
#3127 = CARTESIAN_POINT('',(78.732089701471,-166.2014857405,
    10.001470220959));
#3128 = VECTOR('',#3129,1.);
#3129 = DIRECTION('',(-1.,0.,0.));
#3130 = PCURVE('',#1534,#3131);
#3131 = DEFINITIONAL_REPRESENTATION('',(#3132),#3136);
#3132 = LINE('',#3133,#3134);
#3133 = CARTESIAN_POINT('',(8.886665340464E-02,-19.99780254722));
#3134 = VECTOR('',#3135,1.);
#3135 = DIRECTION('',(1.,0.));
#3136 = ( GEOMETRIC_REPRESENTATION_CONTEXT(2) 
PARAMETRIC_REPRESENTATION_CONTEXT() REPRESENTATION_CONTEXT('2D SPACE',''
  ) );
#3137 = PCURVE('',#2155,#3138);
#3138 = DEFINITIONAL_REPRESENTATION('',(#3139),#3143);
#3139 = LINE('',#3140,#3141);
#3140 = CARTESIAN_POINT('',(-78.854744,-166.25));
#3141 = VECTOR('',#3142,1.);
#3142 = DIRECTION('',(1.,0.));
#3143 = ( GEOMETRIC_REPRESENTATION_CONTEXT(2) 
PARAMETRIC_REPRESENTATION_CONTEXT() REPRESENTATION_CONTEXT('2D SPACE',''
  ) );
#3144 = ORIENTED_EDGE('',*,*,#3145,.F.);
#3145 = EDGE_CURVE('',#3098,#3123,#3146,.T.);
#3146 = SURFACE_CURVE('',#3147,(#3151,#3158),.PCURVE_S1.);
#3147 = LINE('',#3148,#3149);
#3148 = CARTESIAN_POINT('',(-78.88853164512,-166.2552020635,
    -9.996260182128));
#3149 = VECTOR('',#3150,1.);
#3150 = DIRECTION('',(-4.443777047937E-03,2.686084759559E-03,
    0.999986518806));
#3151 = PCURVE('',#1534,#3152);
#3152 = DEFINITIONAL_REPRESENTATION('',(#3153),#3157);
#3153 = LINE('',#3154,#3155);
#3154 = CARTESIAN_POINT('',(157.709488,0.));
#3155 = VECTOR('',#3156,1.);
#3156 = DIRECTION('',(4.443777047937E-03,-0.999990126374));
#3157 = ( GEOMETRIC_REPRESENTATION_CONTEXT(2) 
PARAMETRIC_REPRESENTATION_CONTEXT() REPRESENTATION_CONTEXT('2D SPACE',''
  ) );
#3158 = PCURVE('',#2671,#3159);
#3159 = DEFINITIONAL_REPRESENTATION('',(#3160),#3164);
#3160 = LINE('',#3161,#3162);
#3161 = CARTESIAN_POINT('',(0.,0.));
#3162 = VECTOR('',#3163,1.);
#3163 = DIRECTION('',(2.686084759559E-03,-0.999996392468));
#3164 = ( GEOMETRIC_REPRESENTATION_CONTEXT(2) 
PARAMETRIC_REPRESENTATION_CONTEXT() REPRESENTATION_CONTEXT('2D SPACE',''
  ) );
#3165 = ADVANCED_FACE('',(#3166,#3192),#2155,.T.);
#3166 = FACE_BOUND('',#3167,.T.);
#3167 = EDGE_LOOP('',(#3168,#3169,#3170,#3171));
#3168 = ORIENTED_EDGE('',*,*,#2682,.F.);
#3169 = ORIENTED_EDGE('',*,*,#2137,.F.);
#3170 = ORIENTED_EDGE('',*,*,#3122,.T.);
#3171 = ORIENTED_EDGE('',*,*,#3172,.T.);
#3172 = EDGE_CURVE('',#3123,#2657,#3173,.T.);
#3173 = SURFACE_CURVE('',#3174,(#3178,#3185),.PCURVE_S1.);
#3174 = LINE('',#3175,#3176);
#3175 = CARTESIAN_POINT('',(-78.97739829852,-166.2014857405,
    10.001470220959));
#3176 = VECTOR('',#3177,1.);
#3177 = DIRECTION('',(0.,1.,0.));
#3178 = PCURVE('',#2155,#3179);
#3179 = DEFINITIONAL_REPRESENTATION('',(#3180),#3184);
#3180 = LINE('',#3181,#3182);
#3181 = CARTESIAN_POINT('',(78.854744,-166.25));
#3182 = VECTOR('',#3183,1.);
#3183 = DIRECTION('',(0.,1.));
#3184 = ( GEOMETRIC_REPRESENTATION_CONTEXT(2) 
PARAMETRIC_REPRESENTATION_CONTEXT() REPRESENTATION_CONTEXT('2D SPACE',''
  ) );
#3185 = PCURVE('',#2671,#3186);
#3186 = DEFINITIONAL_REPRESENTATION('',(#3187),#3191);
#3187 = LINE('',#3188,#3189);
#3188 = CARTESIAN_POINT('',(5.371632302166E-02,-19.99792785657));
#3189 = VECTOR('',#3190,1.);
#3190 = DIRECTION('',(1.,0.));
#3191 = ( GEOMETRIC_REPRESENTATION_CONTEXT(2) 
PARAMETRIC_REPRESENTATION_CONTEXT() REPRESENTATION_CONTEXT('2D SPACE',''
  ) );
#3192 = FACE_BOUND('',#3193,.T.);
#3193 = EDGE_LOOP('',(#3194));
#3194 = ORIENTED_EDGE('',*,*,#3195,.F.);
#3195 = EDGE_CURVE('',#3196,#3196,#3198,.T.);
#3196 = VERTEX_POINT('',#3197);
#3197 = CARTESIAN_POINT('',(-69.75714379584,-145.2415313226,
    10.001470220959));
#3198 = SURFACE_CURVE('',#3199,(#3204,#3211),.PCURVE_S1.);
#3199 = CIRCLE('',#3200,10.975325201553);
#3200 = AXIS2_PLACEMENT_3D('',#3201,#3202,#3203);
#3201 = CARTESIAN_POINT('',(-58.78179951778,-145.2415633197,
    10.001470220959));
#3202 = DIRECTION('',(1.864466969267E-03,-1.56363726739E-03,
    -0.999997039396));
#3203 = DIRECTION('',(-0.999998261876,-4.235164736272E-22,
    -1.864469248546E-03));
#3204 = PCURVE('',#2155,#3205);
#3205 = DEFINITIONAL_REPRESENTATION('',(#3206),#3210);
#3206 = CIRCLE('',#3207,10.975325201553);
#3207 = AXIS2_PLACEMENT_2D('',#3208,#3209);
#3208 = CARTESIAN_POINT('',(58.659145219251,-145.2900775791));
#3209 = DIRECTION('',(1.,-4.235172097527E-22));
#3210 = ( GEOMETRIC_REPRESENTATION_CONTEXT(2) 
PARAMETRIC_REPRESENTATION_CONTEXT() REPRESENTATION_CONTEXT('2D SPACE',''
  ) );
#3211 = PCURVE('',#3212,#3217);
#3212 = CYLINDRICAL_SURFACE('',#3213,10.975325201553);
#3213 = AXIS2_PLACEMENT_3D('',#3214,#3215,#3216);
#3214 = CARTESIAN_POINT('',(-58.78376217754,-145.2399173329,
    11.054132447903));
#3215 = DIRECTION('',(1.864466969267E-03,-1.56363726739E-03,
    -0.999997039396));
#3216 = DIRECTION('',(-0.999998261876,0.,-1.864469248546E-03));
#3217 = DEFINITIONAL_REPRESENTATION('',(#3218),#3222);
#3218 = LINE('',#3219,#3220);
#3219 = CARTESIAN_POINT('',(0.,1.052665343468));
#3220 = VECTOR('',#3221,1.);
#3221 = DIRECTION('',(1.,0.));
#3222 = ( GEOMETRIC_REPRESENTATION_CONTEXT(2) 
PARAMETRIC_REPRESENTATION_CONTEXT() REPRESENTATION_CONTEXT('2D SPACE',''
  ) );
#3223 = ADVANCED_FACE('',(#3224),#2091,.F.);
#3224 = FACE_BOUND('',#3225,.F.);
#3225 = EDGE_LOOP('',(#3226,#3245,#3246,#3247));
#3226 = ORIENTED_EDGE('',*,*,#3227,.F.);
#3227 = EDGE_CURVE('',#2561,#2171,#3228,.T.);
#3228 = SURFACE_CURVE('',#3229,(#3233,#3239),.PCURVE_S1.);
#3229 = LINE('',#3230,#3231);
#3230 = CARTESIAN_POINT('',(-78.9773713229,-83.07603142348,
    9.995399875383));
#3231 = VECTOR('',#3232,1.);
#3232 = DIRECTION('',(-1.193640486431E-05,-0.999996392468,
    2.686058237972E-03));
#3233 = PCURVE('',#2091,#3234);
#3234 = DEFINITIONAL_REPRESENTATION('',(#3235),#3238);
#3235 = B_SPLINE_CURVE_WITH_KNOTS('',1,(#3236,#3237),.UNSPECIFIED.,.F.,
  .F.,(2,2),(-224.7674217342,2.259945629858),.PIECEWISE_BEZIER_KNOTS.);
#3236 = CARTESIAN_POINT('',(-78.85396541213,141.64225098925));
#3237 = CARTESIAN_POINT('',(-78.85396541213,-85.38511637482));
#3238 = ( GEOMETRIC_REPRESENTATION_CONTEXT(2) 
PARAMETRIC_REPRESENTATION_CONTEXT() REPRESENTATION_CONTEXT('2D SPACE',''
  ) );
#3239 = PCURVE('',#2187,#3240);
#3240 = DEFINITIONAL_REPRESENTATION('',(#3241),#3244);
#3241 = B_SPLINE_CURVE_WITH_KNOTS('',1,(#3242,#3243),.UNSPECIFIED.,.F.,
  .F.,(2,2),(-224.7674217342,2.259945629858),.PIECEWISE_BEZIER_KNOTS.);
#3242 = CARTESIAN_POINT('',(307.94578151862,-19.38811310509));
#3243 = CARTESIAN_POINT('',(80.919233163081,-19.99792785657));
#3244 = ( GEOMETRIC_REPRESENTATION_CONTEXT(2) 
PARAMETRIC_REPRESENTATION_CONTEXT() REPRESENTATION_CONTEXT('2D SPACE',''
  ) );
#3245 = ORIENTED_EDGE('',*,*,#2560,.T.);
#3246 = ORIENTED_EDGE('',*,*,#2076,.F.);
#3247 = ORIENTED_EDGE('',*,*,#2198,.F.);
#3248 = ADVANCED_FACE('',(#3249),#1873,.F.);
#3249 = FACE_BOUND('',#3250,.F.);
#3250 = EDGE_LOOP('',(#3251,#3272,#3273,#3274));
#3251 = ORIENTED_EDGE('',*,*,#3252,.F.);
#3252 = EDGE_CURVE('',#2987,#1821,#3253,.T.);
#3253 = SURFACE_CURVE('',#3254,(#3258,#3265),.PCURVE_S1.);
#3254 = LINE('',#3255,#3256);
#3255 = CARTESIAN_POINT('',(78.820956354876,-166.2552020635,
    -9.996260182128));
#3256 = VECTOR('',#3257,1.);
#3257 = DIRECTION('',(-1.,0.,0.));
#3258 = PCURVE('',#1873,#3259);
#3259 = DEFINITIONAL_REPRESENTATION('',(#3260),#3264);
#3260 = LINE('',#3261,#3262);
#3261 = CARTESIAN_POINT('',(0.,-0.));
#3262 = VECTOR('',#3263,1.);
#3263 = DIRECTION('',(1.,0.));
#3264 = ( GEOMETRIC_REPRESENTATION_CONTEXT(2) 
PARAMETRIC_REPRESENTATION_CONTEXT() REPRESENTATION_CONTEXT('2D SPACE',''
  ) );
#3265 = PCURVE('',#1840,#3266);
#3266 = DEFINITIONAL_REPRESENTATION('',(#3267),#3271);
#3267 = LINE('',#3268,#3269);
#3268 = CARTESIAN_POINT('',(-78.854744,-166.25));
#3269 = VECTOR('',#3270,1.);
#3270 = DIRECTION('',(1.,0.));
#3271 = ( GEOMETRIC_REPRESENTATION_CONTEXT(2) 
PARAMETRIC_REPRESENTATION_CONTEXT() REPRESENTATION_CONTEXT('2D SPACE',''
  ) );
#3272 = ORIENTED_EDGE('',*,*,#2986,.T.);
#3273 = ORIENTED_EDGE('',*,*,#3037,.T.);
#3274 = ORIENTED_EDGE('',*,*,#1852,.F.);
#3275 = ADVANCED_FACE('',(#3276,#3282),#1840,.F.);
#3276 = FACE_BOUND('',#3277,.F.);
#3277 = EDGE_LOOP('',(#3278,#3279,#3280,#3281));
#3278 = ORIENTED_EDGE('',*,*,#2833,.F.);
#3279 = ORIENTED_EDGE('',*,*,#3009,.T.);
#3280 = ORIENTED_EDGE('',*,*,#3252,.T.);
#3281 = ORIENTED_EDGE('',*,*,#1820,.F.);
#3282 = FACE_BOUND('',#3283,.F.);
#3283 = EDGE_LOOP('',(#3284));
#3284 = ORIENTED_EDGE('',*,*,#3285,.T.);
#3285 = EDGE_CURVE('',#3286,#3286,#3288,.T.);
#3286 = VERTEX_POINT('',#3287);
#3287 = CARTESIAN_POINT('',(69.768467168991,-145.2820082271,
    -9.996260182128));
#3288 = SURFACE_CURVE('',#3289,(#3294,#3305),.PCURVE_S1.);
#3289 = CIRCLE('',#3290,10.997766695934);
#3290 = AXIS2_PLACEMENT_3D('',#3291,#3292,#3293);
#3291 = CARTESIAN_POINT('',(58.77069747756,-145.2820055307,
    -9.996260182128));
#3292 = DIRECTION('',(-7.380692153482E-04,3.321928631328E-04,
    0.999999672451));
#3293 = DIRECTION('',(0.999999727627,-5.293955920339E-23,
    7.38069256072E-04));
#3294 = PCURVE('',#1840,#3295);
#3295 = DEFINITIONAL_REPRESENTATION('',(#3296),#3304);
#3296 = ( BOUNDED_CURVE() B_SPLINE_CURVE(2,(#3297,#3298,#3299,#3300,
#3301,#3302,#3303),.UNSPECIFIED.,.T.,.F.) B_SPLINE_CURVE_WITH_KNOTS((1,2
    ,2,2,2,1),(-2.094395102393,0.,2.094395102393,4.188790204786,
6.28318530718,8.377580409573),.UNSPECIFIED.) CURVE() 
GEOMETRIC_REPRESENTATION_ITEM() RATIONAL_B_SPLINE_CURVE((1.,0.5,1.,0.5,
1.,0.5,1.)) REPRESENTATION_ITEM('') );
#3297 = CARTESIAN_POINT('',(-69.80225181861,-145.2768034671));
#3298 = CARTESIAN_POINT('',(-69.80225181861,-126.2281127799));
#3299 = CARTESIAN_POINT('',(-53.30560177471,-135.7524581235));
#3300 = CARTESIAN_POINT('',(-36.80895173081,-145.2768034671));
#3301 = CARTESIAN_POINT('',(-53.30560177471,-154.8011488107));
#3302 = CARTESIAN_POINT('',(-69.80225181861,-164.3254941542));
#3303 = CARTESIAN_POINT('',(-69.80225181861,-145.2768034671));
#3304 = ( GEOMETRIC_REPRESENTATION_CONTEXT(2) 
PARAMETRIC_REPRESENTATION_CONTEXT() REPRESENTATION_CONTEXT('2D SPACE',''
  ) );
#3305 = PCURVE('',#3082,#3306);
#3306 = DEFINITIONAL_REPRESENTATION('',(#3307),#3311);
#3307 = LINE('',#3308,#3309);
#3308 = CARTESIAN_POINT('',(0.,1.019219316406));
#3309 = VECTOR('',#3310,1.);
#3310 = DIRECTION('',(1.,0.));
#3311 = ( GEOMETRIC_REPRESENTATION_CONTEXT(2) 
PARAMETRIC_REPRESENTATION_CONTEXT() REPRESENTATION_CONTEXT('2D SPACE',''
  ) );
#3312 = ADVANCED_FACE('',(#3313,#3341),#1644,.F.);
#3313 = FACE_BOUND('',#3314,.F.);
#3314 = EDGE_LOOP('',(#3315,#3316,#3317,#3318,#3339,#3340));
#3315 = ORIENTED_EDGE('',*,*,#2860,.F.);
#3316 = ORIENTED_EDGE('',*,*,#1624,.F.);
#3317 = ORIENTED_EDGE('',*,*,#3097,.T.);
#3318 = ORIENTED_EDGE('',*,*,#3319,.T.);
#3319 = EDGE_CURVE('',#3098,#2630,#3320,.T.);
#3320 = SURFACE_CURVE('',#3321,(#3325,#3332),.PCURVE_S1.);
#3321 = LINE('',#3322,#3323);
#3322 = CARTESIAN_POINT('',(-78.88853164512,-166.2552020635,
    -9.996260182128));
#3323 = VECTOR('',#3324,1.);
#3324 = DIRECTION('',(0.,1.,0.));
#3325 = PCURVE('',#1644,#3326);
#3326 = DEFINITIONAL_REPRESENTATION('',(#3327),#3331);
#3327 = LINE('',#3328,#3329);
#3328 = CARTESIAN_POINT('',(78.854744,-166.25));
#3329 = VECTOR('',#3330,1.);
#3330 = DIRECTION('',(0.,1.));
#3331 = ( GEOMETRIC_REPRESENTATION_CONTEXT(2) 
PARAMETRIC_REPRESENTATION_CONTEXT() REPRESENTATION_CONTEXT('2D SPACE',''
  ) );
#3332 = PCURVE('',#2671,#3333);
#3333 = DEFINITIONAL_REPRESENTATION('',(#3334),#3338);
#3334 = LINE('',#3335,#3336);
#3335 = CARTESIAN_POINT('',(0.,0.));
#3336 = VECTOR('',#3337,1.);
#3337 = DIRECTION('',(1.,0.));
#3338 = ( GEOMETRIC_REPRESENTATION_CONTEXT(2) 
PARAMETRIC_REPRESENTATION_CONTEXT() REPRESENTATION_CONTEXT('2D SPACE',''
  ) );
#3339 = ORIENTED_EDGE('',*,*,#2629,.F.);
#3340 = ORIENTED_EDGE('',*,*,#2714,.F.);
#3341 = FACE_BOUND('',#3342,.F.);
#3342 = EDGE_LOOP('',(#3343));
#3343 = ORIENTED_EDGE('',*,*,#3344,.F.);
#3344 = EDGE_CURVE('',#3345,#3345,#3347,.T.);
#3345 = VERTEX_POINT('',#3346);
#3346 = CARTESIAN_POINT('',(-69.71985857766,-145.2728006117,
    -9.996260182128));
#3347 = SURFACE_CURVE('',#3348,(#3353,#3360),.PCURVE_S1.);
#3348 = CIRCLE('',#3349,10.975325201553);
#3349 = AXIS2_PLACEMENT_3D('',#3350,#3351,#3352);
#3350 = CARTESIAN_POINT('',(-58.74451429959,-145.2728326088,
    -9.996260182128));
#3351 = DIRECTION('',(1.864466969267E-03,-1.56363726739E-03,
    -0.999997039396));
#3352 = DIRECTION('',(-0.999998261876,-4.235164736272E-22,
    -1.864469248546E-03));
#3353 = PCURVE('',#1644,#3354);
#3354 = DEFINITIONAL_REPRESENTATION('',(#3355),#3359);
#3355 = CIRCLE('',#3356,10.975325201553);
#3356 = AXIS2_PLACEMENT_2D('',#3357,#3358);
#3357 = CARTESIAN_POINT('',(58.710726654472,-145.2676305452));
#3358 = DIRECTION('',(1.,-4.235172097527E-22));
#3359 = ( GEOMETRIC_REPRESENTATION_CONTEXT(2) 
PARAMETRIC_REPRESENTATION_CONTEXT() REPRESENTATION_CONTEXT('2D SPACE',''
  ) );
#3360 = PCURVE('',#3212,#3361);
#3361 = DEFINITIONAL_REPRESENTATION('',(#3362),#3366);
#3362 = LINE('',#3363,#3364);
#3363 = CARTESIAN_POINT('',(0.,21.050454952085));
#3364 = VECTOR('',#3365,1.);
#3365 = DIRECTION('',(1.,0.));
#3366 = ( GEOMETRIC_REPRESENTATION_CONTEXT(2) 
PARAMETRIC_REPRESENTATION_CONTEXT() REPRESENTATION_CONTEXT('2D SPACE',''
  ) );
#3367 = ADVANCED_FACE('',(#3368,#3399),#1584,.T.);
#3368 = FACE_BOUND('',#3369,.T.);
#3369 = EDGE_LOOP('',(#3370));
#3370 = ORIENTED_EDGE('',*,*,#3371,.T.);
#3371 = EDGE_CURVE('',#3372,#3372,#3374,.T.);
#3372 = VERTEX_POINT('',#3373);
#3373 = CARTESIAN_POINT('',(-29.04779408223,-172.0908963828,
    0.334402939861));
#3374 = SURFACE_CURVE('',#3375,(#3380,#3387),.PCURVE_S1.);
#3375 = CIRCLE('',#3376,30.314926646369);
#3376 = AXIS2_PLACEMENT_3D('',#3377,#3378,#3379);
#3377 = CARTESIAN_POINT('',(1.266806792255,-171.9503567265,
    0.334402939861));
#3378 = DIRECTION('',(4.635971681286E-03,-0.999985590711,
    2.706683768868E-03));
#3379 = DIRECTION('',(-0.999989253747,-4.635988663262E-03,
    -1.694065894509E-21));
#3380 = PCURVE('',#1584,#3381);
#3381 = DEFINITIONAL_REPRESENTATION('',(#3382),#3386);
#3382 = CIRCLE('',#3383,30.314926646369);
#3383 = AXIS2_PLACEMENT_2D('',#3384,#3385);
#3384 = CARTESIAN_POINT('',(0.,0.));
#3385 = DIRECTION('',(1.,0.));
#3386 = ( GEOMETRIC_REPRESENTATION_CONTEXT(2) 
PARAMETRIC_REPRESENTATION_CONTEXT() REPRESENTATION_CONTEXT('2D SPACE',''
  ) );
#3387 = PCURVE('',#3388,#3393);
#3388 = CONICAL_SURFACE('',#3389,30.314926646369,0.786186842771);
#3389 = AXIS2_PLACEMENT_3D('',#3390,#3391,#3392);
#3390 = CARTESIAN_POINT('',(1.266806792255,-171.9503567265,
    0.334402939861));
#3391 = DIRECTION('',(-4.635971681286E-03,0.999985590711,
    -2.706683768868E-03));
#3392 = DIRECTION('',(-0.999989253747,-4.635988663262E-03,
    -1.694065894509E-21));
#3393 = DEFINITIONAL_REPRESENTATION('',(#3394),#3398);
#3394 = LINE('',#3395,#3396);
#3395 = CARTESIAN_POINT('',(-0.,-0.));
#3396 = VECTOR('',#3397,1.);
#3397 = DIRECTION('',(-1.,-0.));
#3398 = ( GEOMETRIC_REPRESENTATION_CONTEXT(2) 
PARAMETRIC_REPRESENTATION_CONTEXT() REPRESENTATION_CONTEXT('2D SPACE',''
  ) );
#3399 = FACE_BOUND('',#3400,.T.);
#3400 = EDGE_LOOP('',(#3401));
#3401 = ORIENTED_EDGE('',*,*,#1569,.F.);
#3402 = ADVANCED_FACE('',(#3403),#2187,.F.);
#3403 = FACE_BOUND('',#3404,.F.);
#3404 = EDGE_LOOP('',(#3405,#3406,#3407,#3408,#3409,#3410));
#3405 = ORIENTED_EDGE('',*,*,#2584,.T.);
#3406 = ORIENTED_EDGE('',*,*,#3227,.T.);
#3407 = ORIENTED_EDGE('',*,*,#2170,.T.);
#3408 = ORIENTED_EDGE('',*,*,#2342,.T.);
#3409 = ORIENTED_EDGE('',*,*,#2448,.F.);
#3410 = ORIENTED_EDGE('',*,*,#2474,.F.);
#3411 = ADVANCED_FACE('',(#3412,#3415),#2260,.F.);
#3412 = FACE_BOUND('',#3413,.F.);
#3413 = EDGE_LOOP('',(#3414));
#3414 = ORIENTED_EDGE('',*,*,#2245,.T.);
#3415 = FACE_BOUND('',#3416,.F.);
#3416 = EDGE_LOOP('',(#3417));
#3417 = ORIENTED_EDGE('',*,*,#3418,.F.);
#3418 = EDGE_CURVE('',#3419,#3419,#3421,.T.);
#3419 = VERTEX_POINT('',#3420);
#3420 = CARTESIAN_POINT('',(138.32229216389,0.106948945242,
    32.371428211503));
#3421 = SURFACE_CURVE('',#3422,(#3427,#3434),.PCURVE_S1.);
#3422 = CIRCLE('',#3423,138.54298696343);
#3423 = AXIS2_PLACEMENT_3D('',#3424,#3425,#3426);
#3424 = CARTESIAN_POINT('',(-0.219326868041,0.106948945242,
    31.755771844882));
#3425 = DIRECTION('',(-4.443777047937E-03,2.686084759559E-03,
    0.999986518806));
#3426 = DIRECTION('',(0.999990126303,3.388131789017E-21,
    4.443793079063E-03));
#3427 = PCURVE('',#2260,#3428);
#3428 = DEFINITIONAL_REPRESENTATION('',(#3429),#3433);
#3429 = CIRCLE('',#3430,138.54298696343);
#3430 = AXIS2_PLACEMENT_2D('',#3431,#3432);
#3431 = CARTESIAN_POINT('',(0.,0.));
#3432 = DIRECTION('',(1.,0.));
#3433 = ( GEOMETRIC_REPRESENTATION_CONTEXT(2) 
PARAMETRIC_REPRESENTATION_CONTEXT() REPRESENTATION_CONTEXT('2D SPACE',''
  ) );
#3434 = PCURVE('',#3435,#3440);
#3435 = CONICAL_SURFACE('',#3436,140.00307480064,0.785398430538);
#3436 = AXIS2_PLACEMENT_3D('',#3437,#3438,#3439);
#3437 = CARTESIAN_POINT('',(-0.212838566689,0.10302702765,30.29570447149
    ));
#3438 = DIRECTION('',(4.443777047937E-03,-2.686084759559E-03,
    -0.999986518806));
#3439 = DIRECTION('',(0.999990126303,1.694065894509E-21,
    4.443793079063E-03));
#3440 = DEFINITIONAL_REPRESENTATION('',(#3441),#3445);
#3441 = LINE('',#3442,#3443);
#3442 = CARTESIAN_POINT('',(-0.,-1.460087057108));
#3443 = VECTOR('',#3444,1.);
#3444 = DIRECTION('',(-1.,-0.));
#3445 = ( GEOMETRIC_REPRESENTATION_CONTEXT(2) 
PARAMETRIC_REPRESENTATION_CONTEXT() REPRESENTATION_CONTEXT('2D SPACE',''
  ) );
#3446 = ADVANCED_FACE('',(#3447),#2410,.T.);
#3447 = FACE_BOUND('',#3448,.T.);
#3448 = EDGE_LOOP('',(#3449,#3450,#3471,#3472));
#3449 = ORIENTED_EDGE('',*,*,#2389,.F.);
#3450 = ORIENTED_EDGE('',*,*,#3451,.F.);
#3451 = EDGE_CURVE('',#2529,#2390,#3452,.T.);
#3452 = SEAM_CURVE('',#3453,(#3457,#3464),.PCURVE_S1.);
#3453 = LINE('',#3454,#3455);
#3454 = CARTESIAN_POINT('',(-58.77925728153,156.28113795833,
    -11.03395552884));
#3455 = VECTOR('',#3456,1.);
#3456 = DIRECTION('',(1.614689053761E-03,-1.854194741788E-03,
    0.999996977366));
#3457 = PCURVE('',#2410,#3458);
#3458 = DEFINITIONAL_REPRESENTATION('',(#3459),#3463);
#3459 = LINE('',#3460,#3461);
#3460 = CARTESIAN_POINT('',(6.28318530718,-0.));
#3461 = VECTOR('',#3462,1.);
#3462 = DIRECTION('',(0.,1.));
#3463 = ( GEOMETRIC_REPRESENTATION_CONTEXT(2) 
PARAMETRIC_REPRESENTATION_CONTEXT() REPRESENTATION_CONTEXT('2D SPACE',''
  ) );
#3464 = PCURVE('',#2410,#3465);
#3465 = DEFINITIONAL_REPRESENTATION('',(#3466),#3470);
#3466 = LINE('',#3467,#3468);
#3467 = CARTESIAN_POINT('',(0.,-0.));
#3468 = VECTOR('',#3469,1.);
#3469 = DIRECTION('',(0.,1.));
#3470 = ( GEOMETRIC_REPRESENTATION_CONTEXT(2) 
PARAMETRIC_REPRESENTATION_CONTEXT() REPRESENTATION_CONTEXT('2D SPACE',''
  ) );
#3471 = ORIENTED_EDGE('',*,*,#2528,.T.);
#3472 = ORIENTED_EDGE('',*,*,#3451,.T.);
#3473 = ADVANCED_FACE('',(#3474),#2671,.F.);
#3474 = FACE_BOUND('',#3475,.F.);
#3475 = EDGE_LOOP('',(#3476,#3477,#3478,#3479));
#3476 = ORIENTED_EDGE('',*,*,#3319,.F.);
#3477 = ORIENTED_EDGE('',*,*,#3145,.T.);
#3478 = ORIENTED_EDGE('',*,*,#3172,.T.);
#3479 = ORIENTED_EDGE('',*,*,#2656,.F.);
#3480 = ADVANCED_FACE('',(#3481,#3484),#2798,.T.);
#3481 = FACE_BOUND('',#3482,.T.);
#3482 = EDGE_LOOP('',(#3483));
#3483 = ORIENTED_EDGE('',*,*,#2783,.T.);
#3484 = FACE_BOUND('',#3485,.T.);
#3485 = EDGE_LOOP('',(#3486));
#3486 = ORIENTED_EDGE('',*,*,#3487,.T.);
#3487 = EDGE_CURVE('',#3488,#3488,#3490,.T.);
#3488 = VERTEX_POINT('',#3489);
#3489 = CARTESIAN_POINT('',(-138.5936466655,-6.334555611217E-02,
    -32.25832006274));
#3490 = SURFACE_CURVE('',#3491,(#3496,#3507),.PCURVE_S1.);
#3491 = CIRCLE('',#3492,138.65741890994);
#3492 = AXIS2_PLACEMENT_3D('',#3493,#3494,#3495);
#3493 = CARTESIAN_POINT('',(6.240318303513E-02,-6.334555611213E-02,
    -31.64215518422));
#3494 = DIRECTION('',(4.443777047937E-03,-2.686084759559E-03,
    -0.999986518806));
#3495 = DIRECTION('',(-0.999990126303,-3.388131789017E-21,
    -4.443793079063E-03));
#3496 = PCURVE('',#2798,#3497);
#3497 = DEFINITIONAL_REPRESENTATION('',(#3498),#3506);
#3498 = ( BOUNDED_CURVE() B_SPLINE_CURVE(2,(#3499,#3500,#3501,#3502,
#3503,#3504,#3505),.UNSPECIFIED.,.T.,.F.) B_SPLINE_CURVE_WITH_KNOTS((1,2
    ,2,2,2,1),(-2.094395102393,0.,2.094395102393,4.188790204786,
6.28318530718,8.377580409573),.UNSPECIFIED.) CURVE() 
GEOMETRIC_REPRESENTATION_ITEM() RATIONAL_B_SPLINE_CURVE((1.,0.5,1.,0.5,
1.,0.5,1.)) REPRESENTATION_ITEM('') );
#3499 = CARTESIAN_POINT('',(-138.6574189099,-9.54296149499E-18));
#3500 = CARTESIAN_POINT('',(-138.6574189099,240.16169439838));
#3501 = CARTESIAN_POINT('',(69.328709454971,120.08084719919));
#3502 = CARTESIAN_POINT('',(277.31483781988,3.395172988772E-14));
#3503 = CARTESIAN_POINT('',(69.328709454971,-120.0808471991));
#3504 = CARTESIAN_POINT('',(-138.6574189099,-240.1616943983));
#3505 = CARTESIAN_POINT('',(-138.6574189099,-9.54296149499E-18));
#3506 = ( GEOMETRIC_REPRESENTATION_CONTEXT(2) 
PARAMETRIC_REPRESENTATION_CONTEXT() REPRESENTATION_CONTEXT('2D SPACE',''
  ) );
#3507 = PCURVE('',#3508,#3513);
#3508 = CONICAL_SURFACE('',#3509,140.00307878947,0.785398935234);
#3509 = AXIS2_PLACEMENT_3D('',#3510,#3511,#3512);
#3510 = CARTESIAN_POINT('',(5.6423379779E-02,-5.973100519786E-02,
    -30.29651552302));
#3511 = DIRECTION('',(-4.443777047937E-03,2.686084759559E-03,
    0.999986518806));
#3512 = DIRECTION('',(-0.999990126303,-1.694065894509E-21,
    -4.443793079063E-03));
#3513 = DEFINITIONAL_REPRESENTATION('',(#3514),#3518);
#3514 = LINE('',#3515,#3516);
#3515 = CARTESIAN_POINT('',(-0.,-1.345657802277));
#3516 = VECTOR('',#3517,1.);
#3517 = DIRECTION('',(-1.,-0.));
#3518 = ( GEOMETRIC_REPRESENTATION_CONTEXT(2) 
PARAMETRIC_REPRESENTATION_CONTEXT() REPRESENTATION_CONTEXT('2D SPACE',''
  ) );
#3519 = ADVANCED_FACE('',(#3520),#2909,.F.);
#3520 = FACE_BOUND('',#3521,.F.);
#3521 = EDGE_LOOP('',(#3522,#3551,#3572,#3573));
#3522 = ORIENTED_EDGE('',*,*,#3523,.F.);
#3523 = EDGE_CURVE('',#3524,#3524,#3526,.T.);
#3524 = VERTEX_POINT('',#3525);
#3525 = CARTESIAN_POINT('',(61.644621885119,256.73032769012,
    -0.150565026169));
#3526 = SURFACE_CURVE('',#3527,(#3532,#3539),.PCURVE_S1.);
#3527 = CIRCLE('',#3528,62.367514271971);
#3528 = AXIS2_PLACEMENT_3D('',#3529,#3530,#3531);
#3529 = CARTESIAN_POINT('',(-0.722222169753,256.441192601,
    -0.150565026169));
#3530 = DIRECTION('',(-4.635971681286E-03,0.999985590711,
    -2.706683768868E-03));
#3531 = DIRECTION('',(0.999989253747,4.635988663262E-03,
    1.694065894509E-21));
#3532 = PCURVE('',#2909,#3533);
#3533 = DEFINITIONAL_REPRESENTATION('',(#3534),#3538);
#3534 = LINE('',#3535,#3536);
#3535 = CARTESIAN_POINT('',(0.,17.464342973025));
#3536 = VECTOR('',#3537,1.);
#3537 = DIRECTION('',(1.,0.));
#3538 = ( GEOMETRIC_REPRESENTATION_CONTEXT(2) 
PARAMETRIC_REPRESENTATION_CONTEXT() REPRESENTATION_CONTEXT('2D SPACE',''
  ) );
#3539 = PCURVE('',#3540,#3545);
#3540 = PLANE('',#3541);
#3541 = AXIS2_PLACEMENT_3D('',#3542,#3543,#3544);
#3542 = CARTESIAN_POINT('',(-0.722222169753,256.441192601,
    -0.150565026169));
#3543 = DIRECTION('',(-4.635971681286E-03,0.999985590711,
    -2.706683768868E-03));
#3544 = DIRECTION('',(0.999989253747,4.635988663262E-03,
    1.694065894509E-21));
#3545 = DEFINITIONAL_REPRESENTATION('',(#3546),#3550);
#3546 = CIRCLE('',#3547,62.367514271971);
#3547 = AXIS2_PLACEMENT_2D('',#3548,#3549);
#3548 = CARTESIAN_POINT('',(0.,0.));
#3549 = DIRECTION('',(1.,0.));
#3550 = ( GEOMETRIC_REPRESENTATION_CONTEXT(2) 
PARAMETRIC_REPRESENTATION_CONTEXT() REPRESENTATION_CONTEXT('2D SPACE',''
  ) );
#3551 = ORIENTED_EDGE('',*,*,#3552,.F.);
#3552 = EDGE_CURVE('',#2893,#3524,#3553,.T.);
#3553 = SEAM_CURVE('',#3554,(#3558,#3565),.PCURVE_S1.);
#3554 = LINE('',#3555,#3556);
#3555 = CARTESIAN_POINT('',(61.725586084574,239.26623636586,
    -0.10329457251));
#3556 = VECTOR('',#3557,1.);
#3557 = DIRECTION('',(-4.635971681286E-03,0.999985590711,
    -2.706683768868E-03));
#3558 = PCURVE('',#2909,#3559);
#3559 = DEFINITIONAL_REPRESENTATION('',(#3560),#3564);
#3560 = LINE('',#3561,#3562);
#3561 = CARTESIAN_POINT('',(6.28318530718,-0.));
#3562 = VECTOR('',#3563,1.);
#3563 = DIRECTION('',(0.,1.));
#3564 = ( GEOMETRIC_REPRESENTATION_CONTEXT(2) 
PARAMETRIC_REPRESENTATION_CONTEXT() REPRESENTATION_CONTEXT('2D SPACE',''
  ) );
#3565 = PCURVE('',#2909,#3566);
#3566 = DEFINITIONAL_REPRESENTATION('',(#3567),#3571);
#3567 = LINE('',#3568,#3569);
#3568 = CARTESIAN_POINT('',(0.,-0.));
#3569 = VECTOR('',#3570,1.);
#3570 = DIRECTION('',(0.,1.));
#3571 = ( GEOMETRIC_REPRESENTATION_CONTEXT(2) 
PARAMETRIC_REPRESENTATION_CONTEXT() REPRESENTATION_CONTEXT('2D SPACE',''
  ) );
#3572 = ORIENTED_EDGE('',*,*,#2892,.T.);
#3573 = ORIENTED_EDGE('',*,*,#3552,.T.);
#3574 = ADVANCED_FACE('',(#3575),#2947,.T.);
#3575 = FACE_BOUND('',#3576,.T.);
#3576 = EDGE_LOOP('',(#3577,#3578,#3601,#3627));
#3577 = ORIENTED_EDGE('',*,*,#2926,.F.);
#3578 = ORIENTED_EDGE('',*,*,#3579,.F.);
#3579 = EDGE_CURVE('',#3580,#2927,#3582,.T.);
#3580 = VERTEX_POINT('',#3581);
#3581 = CARTESIAN_POINT('',(-36.10292955537,256.16367405342,
    -42.0803214809));
#3582 = SEAM_CURVE('',#3583,(#3587,#3594),.PCURVE_S1.);
#3583 = LINE('',#3584,#3585);
#3584 = CARTESIAN_POINT('',(-36.10403003395,256.99666501792,
    -42.08256388574));
#3585 = VECTOR('',#3586,1.);
#3586 = DIRECTION('',(1.321111129858E-03,-0.999995503945,
    2.691979697192E-03));
#3587 = PCURVE('',#2947,#3588);
#3588 = DEFINITIONAL_REPRESENTATION('',(#3589),#3593);
#3589 = LINE('',#3590,#3591);
#3590 = CARTESIAN_POINT('',(6.28318530718,-0.));
#3591 = VECTOR('',#3592,1.);
#3592 = DIRECTION('',(0.,1.));
#3593 = ( GEOMETRIC_REPRESENTATION_CONTEXT(2) 
PARAMETRIC_REPRESENTATION_CONTEXT() REPRESENTATION_CONTEXT('2D SPACE',''
  ) );
#3594 = PCURVE('',#2947,#3595);
#3595 = DEFINITIONAL_REPRESENTATION('',(#3596),#3600);
#3596 = LINE('',#3597,#3598);
#3597 = CARTESIAN_POINT('',(0.,-0.));
#3598 = VECTOR('',#3599,1.);
#3599 = DIRECTION('',(0.,1.));
#3600 = ( GEOMETRIC_REPRESENTATION_CONTEXT(2) 
PARAMETRIC_REPRESENTATION_CONTEXT() REPRESENTATION_CONTEXT('2D SPACE',''
  ) );
#3601 = ORIENTED_EDGE('',*,*,#3602,.T.);
#3602 = EDGE_CURVE('',#3580,#3580,#3603,.T.);
#3603 = SURFACE_CURVE('',#3604,(#3609,#3616),.PCURVE_S1.);
#3604 = CIRCLE('',#3605,6.023607666676);
#3605 = AXIS2_PLACEMENT_3D('',#3606,#3607,#3608);
#3606 = CARTESIAN_POINT('',(-36.10292967259,256.17997822919,
    -36.05673587897));
#3607 = DIRECTION('',(1.321111129858E-03,-0.999995503945,
    2.691979697192E-03));
#3608 = DIRECTION('',(-4.235164736272E-22,-2.691982046397E-03,
    -0.99999637661));
#3609 = PCURVE('',#2947,#3610);
#3610 = DEFINITIONAL_REPRESENTATION('',(#3611),#3615);
#3611 = LINE('',#3612,#3613);
#3612 = CARTESIAN_POINT('',(0.,0.832905977216));
#3613 = VECTOR('',#3614,1.);
#3614 = DIRECTION('',(1.,0.));
#3615 = ( GEOMETRIC_REPRESENTATION_CONTEXT(2) 
PARAMETRIC_REPRESENTATION_CONTEXT() REPRESENTATION_CONTEXT('2D SPACE',''
  ) );
#3616 = PCURVE('',#3540,#3617);
#3617 = DEFINITIONAL_REPRESENTATION('',(#3618),#3626);
#3618 = ( BOUNDED_CURVE() B_SPLINE_CURVE(2,(#3619,#3620,#3621,#3622,
#3623,#3624,#3625),.UNSPECIFIED.,.T.,.F.) B_SPLINE_CURVE_WITH_KNOTS((1,2
    ,2,2,2,1),(-2.094395102393,0.,2.094395102393,4.188790204786,
6.28318530718,8.377580409573),.UNSPECIFIED.) CURVE() 
GEOMETRIC_REPRESENTATION_ITEM() RATIONAL_B_SPLINE_CURVE((1.,0.5,1.,0.5,
1.,0.5,1.)) REPRESENTATION_ITEM('') );
#3619 = CARTESIAN_POINT('',(-35.38161345428,41.929910046496));
#3620 = CARTESIAN_POINT('',(-24.94841893154,41.930040252746));
#3621 = CARTESIAN_POINT('',(-30.16490343099,32.89456365031));
#3622 = CARTESIAN_POINT('',(-35.38138793044,23.859087047875));
#3623 = CARTESIAN_POINT('',(-40.59809795372,32.894433444061));
#3624 = CARTESIAN_POINT('',(-45.81480797701,41.929779840247));
#3625 = CARTESIAN_POINT('',(-35.38161345428,41.929910046496));
#3626 = ( GEOMETRIC_REPRESENTATION_CONTEXT(2) 
PARAMETRIC_REPRESENTATION_CONTEXT() REPRESENTATION_CONTEXT('2D SPACE',''
  ) );
#3627 = ORIENTED_EDGE('',*,*,#3579,.T.);
#3628 = ADVANCED_FACE('',(#3629),#3082,.T.);
#3629 = FACE_BOUND('',#3630,.T.);
#3630 = EDGE_LOOP('',(#3631,#3632,#3653,#3654));
#3631 = ORIENTED_EDGE('',*,*,#3061,.F.);
#3632 = ORIENTED_EDGE('',*,*,#3633,.F.);
#3633 = EDGE_CURVE('',#3286,#3062,#3634,.T.);
#3634 = SEAM_CURVE('',#3635,(#3639,#3646),.PCURVE_S1.);
#3635 = LINE('',#3636,#3637);
#3636 = CARTESIAN_POINT('',(69.769213432399,-145.2823441081,
    -11.0073620512));
#3637 = VECTOR('',#3638,1.);
#3638 = DIRECTION('',(-7.380692153482E-04,3.321928631328E-04,
    0.999999672451));
#3639 = PCURVE('',#3082,#3640);
#3640 = DEFINITIONAL_REPRESENTATION('',(#3641),#3645);
#3641 = LINE('',#3642,#3643);
#3642 = CARTESIAN_POINT('',(6.28318530718,-0.));
#3643 = VECTOR('',#3644,1.);
#3644 = DIRECTION('',(0.,1.));
#3645 = ( GEOMETRIC_REPRESENTATION_CONTEXT(2) 
PARAMETRIC_REPRESENTATION_CONTEXT() REPRESENTATION_CONTEXT('2D SPACE',''
  ) );
#3646 = PCURVE('',#3082,#3647);
#3647 = DEFINITIONAL_REPRESENTATION('',(#3648),#3652);
#3648 = LINE('',#3649,#3650);
#3649 = CARTESIAN_POINT('',(0.,-0.));
#3650 = VECTOR('',#3651,1.);
#3651 = DIRECTION('',(0.,1.));
#3652 = ( GEOMETRIC_REPRESENTATION_CONTEXT(2) 
PARAMETRIC_REPRESENTATION_CONTEXT() REPRESENTATION_CONTEXT('2D SPACE',''
  ) );
#3653 = ORIENTED_EDGE('',*,*,#3285,.T.);
#3654 = ORIENTED_EDGE('',*,*,#3633,.T.);
#3655 = ADVANCED_FACE('',(#3656),#3212,.T.);
#3656 = FACE_BOUND('',#3657,.T.);
#3657 = EDGE_LOOP('',(#3658,#3659,#3680,#3681));
#3658 = ORIENTED_EDGE('',*,*,#3344,.F.);
#3659 = ORIENTED_EDGE('',*,*,#3660,.F.);
#3660 = EDGE_CURVE('',#3196,#3345,#3661,.T.);
#3661 = SEAM_CURVE('',#3662,(#3666,#3673),.PCURVE_S1.);
#3662 = LINE('',#3663,#3664);
#3663 = CARTESIAN_POINT('',(-69.75906830261,-145.2399173329,
    11.033669291572));
#3664 = VECTOR('',#3665,1.);
#3665 = DIRECTION('',(1.864466969267E-03,-1.56363726739E-03,
    -0.999997039396));
#3666 = PCURVE('',#3212,#3667);
#3667 = DEFINITIONAL_REPRESENTATION('',(#3668),#3672);
#3668 = LINE('',#3669,#3670);
#3669 = CARTESIAN_POINT('',(6.28318530718,-0.));
#3670 = VECTOR('',#3671,1.);
#3671 = DIRECTION('',(0.,1.));
#3672 = ( GEOMETRIC_REPRESENTATION_CONTEXT(2) 
PARAMETRIC_REPRESENTATION_CONTEXT() REPRESENTATION_CONTEXT('2D SPACE',''
  ) );
#3673 = PCURVE('',#3212,#3674);
#3674 = DEFINITIONAL_REPRESENTATION('',(#3675),#3679);
#3675 = LINE('',#3676,#3677);
#3676 = CARTESIAN_POINT('',(0.,-0.));
#3677 = VECTOR('',#3678,1.);
#3678 = DIRECTION('',(0.,1.));
#3679 = ( GEOMETRIC_REPRESENTATION_CONTEXT(2) 
PARAMETRIC_REPRESENTATION_CONTEXT() REPRESENTATION_CONTEXT('2D SPACE',''
  ) );
#3680 = ORIENTED_EDGE('',*,*,#3195,.T.);
#3681 = ORIENTED_EDGE('',*,*,#3660,.T.);
#3682 = ADVANCED_FACE('',(#3683,#3737),#3388,.F.);
#3683 = FACE_BOUND('',#3684,.F.);
#3684 = EDGE_LOOP('',(#3685,#3708,#3735,#3736));
#3685 = ORIENTED_EDGE('',*,*,#3686,.T.);
#3686 = EDGE_CURVE('',#3372,#3687,#3689,.T.);
#3687 = VERTEX_POINT('',#3688);
#3688 = CARTESIAN_POINT('',(-25.97600430635,-175.1295275351,
    0.342666040661));
#3689 = SEAM_CURVE('',#3690,(#3694,#3701),.PCURVE_S1.);
#3690 = LINE('',#3691,#3692);
#3691 = CARTESIAN_POINT('',(-29.04779408223,-172.0908963828,
    0.334402939861));
#3692 = VECTOR('',#3693,1.);
#3693 = DIRECTION('',(0.71093217761,-0.703257976527,1.912404387562E-03)
  );
#3694 = PCURVE('',#3388,#3695);
#3695 = DEFINITIONAL_REPRESENTATION('',(#3696),#3700);
#3696 = LINE('',#3697,#3698);
#3697 = CARTESIAN_POINT('',(-6.28318530718,0.));
#3698 = VECTOR('',#3699,1.);
#3699 = DIRECTION('',(-0.,-1.));
#3700 = ( GEOMETRIC_REPRESENTATION_CONTEXT(2) 
PARAMETRIC_REPRESENTATION_CONTEXT() REPRESENTATION_CONTEXT('2D SPACE',''
  ) );
#3701 = PCURVE('',#3388,#3702);
#3702 = DEFINITIONAL_REPRESENTATION('',(#3703),#3707);
#3703 = LINE('',#3704,#3705);
#3704 = CARTESIAN_POINT('',(0.,-0.));
#3705 = VECTOR('',#3706,1.);
#3706 = DIRECTION('',(-0.,-1.));
#3707 = ( GEOMETRIC_REPRESENTATION_CONTEXT(2) 
PARAMETRIC_REPRESENTATION_CONTEXT() REPRESENTATION_CONTEXT('2D SPACE',''
  ) );
#3708 = ORIENTED_EDGE('',*,*,#3709,.F.);
#3709 = EDGE_CURVE('',#3687,#3687,#3710,.T.);
#3710 = SURFACE_CURVE('',#3711,(#3716,#3723),.PCURVE_S1.);
#3711 = CIRCLE('',#3712,27.257256940292);
#3712 = AXIS2_PLACEMENT_3D('',#3713,#3714,#3715);
#3713 = CARTESIAN_POINT('',(1.280959720553,-175.003163201,0.342666040661
    ));
#3714 = DIRECTION('',(4.635971681286E-03,-0.999985590711,
    2.706683768868E-03));
#3715 = DIRECTION('',(-0.999989253747,-4.635988663262E-03,
    -1.694065894509E-21));
#3716 = PCURVE('',#3388,#3717);
#3717 = DEFINITIONAL_REPRESENTATION('',(#3718),#3722);
#3718 = LINE('',#3719,#3720);
#3719 = CARTESIAN_POINT('',(-0.,-3.052850463861));
#3720 = VECTOR('',#3721,1.);
#3721 = DIRECTION('',(-1.,-0.));
#3722 = ( GEOMETRIC_REPRESENTATION_CONTEXT(2) 
PARAMETRIC_REPRESENTATION_CONTEXT() REPRESENTATION_CONTEXT('2D SPACE',''
  ) );
#3723 = PCURVE('',#3724,#3729);
#3724 = PLANE('',#3725);
#3725 = AXIS2_PLACEMENT_3D('',#3726,#3727,#3728);
#3726 = CARTESIAN_POINT('',(1.280959720553,-175.003163201,0.342666040661
    ));
#3727 = DIRECTION('',(4.635971681286E-03,-0.999985590711,
    2.706683768868E-03));
#3728 = DIRECTION('',(-0.999989253747,-4.635988663262E-03,
    -1.694065894509E-21));
#3729 = DEFINITIONAL_REPRESENTATION('',(#3730),#3734);
#3730 = CIRCLE('',#3731,27.257256940292);
#3731 = AXIS2_PLACEMENT_2D('',#3732,#3733);
#3732 = CARTESIAN_POINT('',(0.,0.));
#3733 = DIRECTION('',(1.,0.));
#3734 = ( GEOMETRIC_REPRESENTATION_CONTEXT(2) 
PARAMETRIC_REPRESENTATION_CONTEXT() REPRESENTATION_CONTEXT('2D SPACE',''
  ) );
#3735 = ORIENTED_EDGE('',*,*,#3686,.F.);
#3736 = ORIENTED_EDGE('',*,*,#3371,.T.);
#3737 = FACE_BOUND('',#3738,.F.);
#3738 = EDGE_LOOP('',(#3739,#3826));
#3739 = ORIENTED_EDGE('',*,*,#3740,.F.);
#3740 = EDGE_CURVE('',#3741,#3743,#3745,.T.);
#3741 = VERTEX_POINT('',#3742);
#3742 = CARTESIAN_POINT('',(25.438067235337,-171.841632356,
    18.542735449522));
#3743 = VERTEX_POINT('',#3744);
#3744 = CARTESIAN_POINT('',(-23.06483910034,-172.0670754616,
    18.32780200931));
#3745 = SURFACE_CURVE('',#3746,(#3769,#3795),.PCURVE_S1.);
#3746 = B_SPLINE_CURVE_WITH_KNOTS('',6,(#3747,#3748,#3749,#3750,#3751,
    #3752,#3753,#3754,#3755,#3756,#3757,#3758,#3759,#3760,#3761,#3762,
    #3763,#3764,#3765,#3766,#3767,#3768),.UNSPECIFIED.,.F.,.F.,(7,5,5,5,
    7),(0.,0.250978452171,0.500645724241,0.750312998644,1.),
  .UNSPECIFIED.);
#3747 = CARTESIAN_POINT('',(26.194608243089,-171.8429778409,
    17.488911504021));
#3748 = CARTESIAN_POINT('',(24.801405806486,-171.8400831436,
    19.520202741899));
#3749 = CARTESIAN_POINT('',(23.209384516936,-171.83873431,
    21.415550192932));
#3750 = CARTESIAN_POINT('',(21.435529820674,-171.8389674656,
    23.149975628833));
#3751 = CARTESIAN_POINT('',(19.500465540403,-171.8407834868,
    24.702497345413));
#3752 = CARTESIAN_POINT('',(17.427499376771,-171.8441569069,
    26.055161565789));
#3753 = CARTESIAN_POINT('',(13.070850698766,-171.8538719062,
    28.327101894779));
#3754 = CARTESIAN_POINT('',(10.787728212394,-171.8601992189,
    29.248916776966));
#3755 = CARTESIAN_POINT('',(8.420407551208,-171.8679508865,
    29.945701837193));
#3756 = CARTESIAN_POINT('',(5.996505055573,-171.877039135,
    30.408729368333));
#3757 = CARTESIAN_POINT('',(3.54457114504,-171.8873541793,30.63313004505
    ));
#3758 = CARTESIAN_POINT('',(-1.355905879226,-171.9101601042,
    30.605248650306));
#3759 = CARTESIAN_POINT('',(-3.805117543441,-171.9226540961,
    30.352962770653));
#3760 = CARTESIAN_POINT('',(-6.223574194319,-171.9361013033,
    29.862384502754));
#3761 = CARTESIAN_POINT('',(-8.582782881823,-171.9503460422,
    29.138707725262));
#3762 = CARTESIAN_POINT('',(-10.85522874277,-171.965219517,
    28.190973818482));
#3763 = CARTESIAN_POINT('',(-15.17447531357,-171.9958533229,
    25.875596351254));
#3764 = CARTESIAN_POINT('',(-17.22184753227,-172.0116179041,
    24.507603688889));
#3765 = CARTESIAN_POINT('',(-19.13062215967,-172.0276440362,
    22.943299069516));
#3766 = CARTESIAN_POINT('',(-20.87803426029,-172.0437441547,
    21.200597255825));
#3767 = CARTESIAN_POINT('',(-22.44398281877,-172.0597294821,
    19.300357694733));
#3768 = CARTESIAN_POINT('',(-23.81196585824,-172.0754100438,
    17.267314782993));
#3769 = PCURVE('',#3388,#3770);
#3770 = DEFINITIONAL_REPRESENTATION('',(#3771),#3794);
#3771 = B_SPLINE_CURVE_WITH_KNOTS('',6,(#3772,#3773,#3774,#3775,#3776,
    #3777,#3778,#3779,#3780,#3781,#3782,#3783,#3784,#3785,#3786,#3787,
    #3788,#3789,#3790,#3791,#3792,#3793),.UNSPECIFIED.,.F.,.F.,(7,5,5,5,
    7),(0.,0.250978452171,0.500645724241,0.750312998644,1.),
  .UNSPECIFIED.);
#3772 = CARTESIAN_POINT('',(-3.744326656426,-5.461907313992E-02));
#3773 = CARTESIAN_POINT('',(-3.825725784848,-5.076363353739E-02));
#3774 = CARTESIAN_POINT('',(-3.907123704568,-4.716435989987E-02));
#3775 = CARTESIAN_POINT('',(-3.988497238122,-4.386851317339E-02));
#3776 = CARTESIAN_POINT('',(-4.069860730063,-4.09157903626E-02));
#3777 = CARTESIAN_POINT('',(-4.151228688149,-3.834018370569E-02));
#3778 = CARTESIAN_POINT('',(-4.313503379095,-3.400716713819E-02));
#3779 = CARTESIAN_POINT('',(-4.39443223773,-3.224495884791E-02));
#3780 = CARTESIAN_POINT('',(-4.475343105809,-3.090765998633E-02));
#3781 = CARTESIAN_POINT('',(-4.556250415008,-3.001190336366E-02));
#3782 = CARTESIAN_POINT('',(-4.637168653909,-2.956708455457E-02));
#3783 = CARTESIAN_POINT('',(-4.798983404467,-2.957874199583E-02));
#3784 = CARTESIAN_POINT('',(-4.879901681152,-3.003521984498E-02));
#3785 = CARTESIAN_POINT('',(-4.960809065194,-3.094249644761E-02));
#3786 = CARTESIAN_POINT('',(-5.041720044427,-3.229104130826E-02));
#3787 = CARTESIAN_POINT('',(-5.122649049201,-3.40640910865E-02));
#3788 = CARTESIAN_POINT('',(-5.284505498514,-3.8406556249E-02));
#3789 = CARTESIAN_POINT('',(-5.365454716672,-4.097662706864E-02));
#3790 = CARTESIAN_POINT('',(-5.446399731221,-4.391942525187E-02));
#3791 = CARTESIAN_POINT('',(-5.527354697573,-4.720141603742E-02));
#3792 = CARTESIAN_POINT('',(-5.60833361076,-5.078347233408E-02));
#3793 = CARTESIAN_POINT('',(-5.689313886619,-5.461907313992E-02));
#3794 = ( GEOMETRIC_REPRESENTATION_CONTEXT(2) 
PARAMETRIC_REPRESENTATION_CONTEXT() REPRESENTATION_CONTEXT('2D SPACE',''
  ) );
#3795 = PCURVE('',#3796,#3801);
#3796 = CYLINDRICAL_SURFACE('',#3797,30.227956044396);
#3797 = AXIS2_PLACEMENT_3D('',#3798,#3799,#3800);
#3798 = CARTESIAN_POINT('',(1.104585278878,-137.013767468,0.297189972071
    ));
#3799 = DIRECTION('',(4.635971681286E-03,-0.999985590711,
    2.706683768868E-03));
#3800 = DIRECTION('',(-0.999989253747,-4.635988663262E-03,
    -1.694065894509E-21));
#3801 = DEFINITIONAL_REPRESENTATION('',(#3802),#3825);
#3802 = B_SPLINE_CURVE_WITH_KNOTS('',6,(#3803,#3804,#3805,#3806,#3807,
    #3808,#3809,#3810,#3811,#3812,#3813,#3814,#3815,#3816,#3817,#3818,
    #3819,#3820,#3821,#3822,#3823,#3824),.UNSPECIFIED.,.F.,.F.,(7,5,5,5,
    7),(0.,0.250978452171,0.500645724241,0.750312998644,1.),
  .UNSPECIFIED.);
#3803 = CARTESIAN_POINT('',(3.742758942806,34.991557698321));
#3804 = CARTESIAN_POINT('',(3.824245056757,34.987702258718));
#3805 = CARTESIAN_POINT('',(3.905742425777,34.984102985081));
#3806 = CARTESIAN_POINT('',(3.987226808105,34.980807138355));
#3807 = CARTESIAN_POINT('',(4.068711258918,34.977854415543));
#3808 = CARTESIAN_POINT('',(4.150208832139,34.975278808887));
#3809 = CARTESIAN_POINT('',(4.312756006869,34.970945792319));
#3810 = CARTESIAN_POINT('',(4.393827698739,34.969183584029));
#3811 = CARTESIAN_POINT('',(4.474886708846,34.967846285167));
#3812 = CARTESIAN_POINT('',(4.555945749446,34.966950528545));
#3813 = CARTESIAN_POINT('',(4.637017532204,34.966505709736));
#3814 = CARTESIAN_POINT('',(4.799139291232,34.966517367177));
#3815 = CARTESIAN_POINT('',(4.880211074414,34.966973845026));
#3816 = CARTESIAN_POINT('',(4.96127011512,34.967881121629));
#3817 = CARTESIAN_POINT('',(5.042329125037,34.969229666489));
#3818 = CARTESIAN_POINT('',(5.123400816456,34.971002716267));
#3819 = CARTESIAN_POINT('',(5.285528687279,34.97534518143));
#3820 = CARTESIAN_POINT('',(5.366606676234,34.977915252249));
#3821 = CARTESIAN_POINT('',(5.447671871865,34.980858050433));
#3822 = CARTESIAN_POINT('',(5.528736999682,34.984140041218));
#3823 = CARTESIAN_POINT('',(5.609814786449,34.987722097515));
#3824 = CARTESIAN_POINT('',(5.690881600239,34.991557698321));
#3825 = ( GEOMETRIC_REPRESENTATION_CONTEXT(2) 
PARAMETRIC_REPRESENTATION_CONTEXT() REPRESENTATION_CONTEXT('2D SPACE',''
  ) );
#3826 = ORIENTED_EDGE('',*,*,#3827,.T.);
#3827 = EDGE_CURVE('',#3741,#3743,#3828,.T.);
#3828 = SURFACE_CURVE('',#3829,(#3834,#3841),.PCURVE_S1.);
#3829 = CIRCLE('',#3830,30.262224909177);
#3830 = AXIS2_PLACEMENT_3D('',#3831,#3832,#3833);
#3831 = CARTESIAN_POINT('',(1.267050730934,-172.0029746415,0.33454536197
    ));
#3832 = DIRECTION('',(4.635971681286E-03,-0.999985590711,
    2.706683768868E-03));
#3833 = DIRECTION('',(-0.999989253747,-4.635988663262E-03,
    -1.694065894509E-21));
#3834 = PCURVE('',#3388,#3835);
#3835 = DEFINITIONAL_REPRESENTATION('',(#3836),#3840);
#3836 = LINE('',#3837,#3838);
#3837 = CARTESIAN_POINT('',(-1.694059689018E-21,-5.261867313987E-02));
#3838 = VECTOR('',#3839,1.);
#3839 = DIRECTION('',(-1.,-0.));
#3840 = ( GEOMETRIC_REPRESENTATION_CONTEXT(2) 
PARAMETRIC_REPRESENTATION_CONTEXT() REPRESENTATION_CONTEXT('2D SPACE',''
  ) );
#3841 = PCURVE('',#3842,#3847);
#3842 = PLANE('',#3843);
#3843 = AXIS2_PLACEMENT_3D('',#3844,#3845,#3846);
#3844 = CARTESIAN_POINT('',(1.266795875654,-172.0028205917,0.39189563889
    ));
#3845 = DIRECTION('',(4.635971681286E-03,-0.999985590711,
    2.706683768868E-03));
#3846 = DIRECTION('',(-0.999989253747,-4.635988663262E-03,
    -1.694065894509E-21));
#3847 = DEFINITIONAL_REPRESENTATION('',(#3848),#3852);
#3848 = CIRCLE('',#3849,30.262224909177);
#3849 = AXIS2_PLACEMENT_2D('',#3850,#3851);
#3850 = CARTESIAN_POINT('',(-2.541383682451E-04,5.735048699963E-02));
#3851 = DIRECTION('',(1.,1.694059689018E-21));
#3852 = ( GEOMETRIC_REPRESENTATION_CONTEXT(2) 
PARAMETRIC_REPRESENTATION_CONTEXT() REPRESENTATION_CONTEXT('2D SPACE',''
  ) );
#3853 = ADVANCED_FACE('',(#3854),#3435,.F.);
#3854 = FACE_BOUND('',#3855,.F.);
#3855 = EDGE_LOOP('',(#3856,#3879,#3906,#3907));
#3856 = ORIENTED_EDGE('',*,*,#3857,.T.);
#3857 = EDGE_CURVE('',#3419,#3858,#3860,.T.);
#3858 = VERTEX_POINT('',#3859);
#3859 = CARTESIAN_POINT('',(136.73923889494,0.111182387565,
    33.940467566933));
#3860 = SEAM_CURVE('',#3861,(#3865,#3872),.PCURVE_S1.);
#3861 = LINE('',#3862,#3863);
#3862 = CARTESIAN_POINT('',(139.78885388598,0.10302702765,
    30.917849166337));
#3863 = VECTOR('',#3864,1.);
#3864 = DIRECTION('',(-0.710242212368,1.899348240934E-03,0.703954822589)
  );
#3865 = PCURVE('',#3435,#3866);
#3866 = DEFINITIONAL_REPRESENTATION('',(#3867),#3871);
#3867 = LINE('',#3868,#3869);
#3868 = CARTESIAN_POINT('',(-6.28318530718,0.));
#3869 = VECTOR('',#3870,1.);
#3870 = DIRECTION('',(-0.,-1.));
#3871 = ( GEOMETRIC_REPRESENTATION_CONTEXT(2) 
PARAMETRIC_REPRESENTATION_CONTEXT() REPRESENTATION_CONTEXT('2D SPACE',''
  ) );
#3872 = PCURVE('',#3435,#3873);
#3873 = DEFINITIONAL_REPRESENTATION('',(#3874),#3878);
#3874 = LINE('',#3875,#3876);
#3875 = CARTESIAN_POINT('',(0.,-0.));
#3876 = VECTOR('',#3877,1.);
#3877 = DIRECTION('',(-0.,-1.));
#3878 = ( GEOMETRIC_REPRESENTATION_CONTEXT(2) 
PARAMETRIC_REPRESENTATION_CONTEXT() REPRESENTATION_CONTEXT('2D SPACE',''
  ) );
#3879 = ORIENTED_EDGE('',*,*,#3880,.F.);
#3880 = EDGE_CURVE('',#3858,#3858,#3881,.T.);
#3881 = SURFACE_CURVE('',#3882,(#3887,#3894),.PCURVE_S1.);
#3882 = CIRCLE('',#3883,136.9669218113);
#3883 = AXIS2_PLACEMENT_3D('',#3884,#3885,#3886);
#3884 = CARTESIAN_POINT('',(-0.226330546448,0.111182387565,
    33.331814907727));
#3885 = DIRECTION('',(-4.443777047937E-03,2.686084759559E-03,
    0.999986518806));
#3886 = DIRECTION('',(0.999990126303,3.388131789017E-21,
    4.443793079063E-03));
#3887 = PCURVE('',#3435,#3888);
#3888 = DEFINITIONAL_REPRESENTATION('',(#3889),#3893);
#3889 = LINE('',#3890,#3891);
#3890 = CARTESIAN_POINT('',(-0.,-3.036151367181));
#3891 = VECTOR('',#3892,1.);
#3892 = DIRECTION('',(-1.,-0.));
#3893 = ( GEOMETRIC_REPRESENTATION_CONTEXT(2) 
PARAMETRIC_REPRESENTATION_CONTEXT() REPRESENTATION_CONTEXT('2D SPACE',''
  ) );
#3894 = PCURVE('',#3895,#3900);
#3895 = PLANE('',#3896);
#3896 = AXIS2_PLACEMENT_3D('',#3897,#3898,#3899);
#3897 = CARTESIAN_POINT('',(-0.226330546448,0.111182387565,
    33.331814907727));
#3898 = DIRECTION('',(-4.443777047937E-03,2.686084759559E-03,
    0.999986518806));
#3899 = DIRECTION('',(0.999990126303,1.694065894509E-21,
    4.443793079063E-03));
#3900 = DEFINITIONAL_REPRESENTATION('',(#3901),#3905);
#3901 = CIRCLE('',#3902,136.9669218113);
#3902 = AXIS2_PLACEMENT_2D('',#3903,#3904);
#3903 = CARTESIAN_POINT('',(0.,0.));
#3904 = DIRECTION('',(1.,0.));
#3905 = ( GEOMETRIC_REPRESENTATION_CONTEXT(2) 
PARAMETRIC_REPRESENTATION_CONTEXT() REPRESENTATION_CONTEXT('2D SPACE',''
  ) );
#3906 = ORIENTED_EDGE('',*,*,#3857,.F.);
#3907 = ORIENTED_EDGE('',*,*,#3418,.T.);
#3908 = ADVANCED_FACE('',(#3909),#3508,.F.);
#3909 = FACE_BOUND('',#3910,.F.);
#3910 = EDGE_LOOP('',(#3911,#3934,#3961,#3962));
#3911 = ORIENTED_EDGE('',*,*,#3912,.T.);
#3912 = EDGE_CURVE('',#3488,#3913,#3915,.T.);
#3913 = VERTEX_POINT('',#3914);
#3914 = CARTESIAN_POINT('',(-136.895655006,-6.788636511299E-02,
    -33.94127862257));
#3915 = SEAM_CURVE('',#3916,(#3920,#3927),.PCURVE_S1.);
#3916 = LINE('',#3917,#3918);
#3917 = CARTESIAN_POINT('',(-139.9452730616,-5.973100519789E-02,
    -30.91866023559));
#3918 = VECTOR('',#3919,1.);
#3919 = DIRECTION('',(0.710242567653,-1.899347282338E-03,-0.703954464134
    ));
#3920 = PCURVE('',#3508,#3921);
#3921 = DEFINITIONAL_REPRESENTATION('',(#3922),#3926);
#3922 = LINE('',#3923,#3924);
#3923 = CARTESIAN_POINT('',(-6.28318530718,0.));
#3924 = VECTOR('',#3925,1.);
#3925 = DIRECTION('',(-0.,-1.));
#3926 = ( GEOMETRIC_REPRESENTATION_CONTEXT(2) 
PARAMETRIC_REPRESENTATION_CONTEXT() REPRESENTATION_CONTEXT('2D SPACE',''
  ) );
#3927 = PCURVE('',#3508,#3928);
#3928 = DEFINITIONAL_REPRESENTATION('',(#3929),#3933);
#3929 = LINE('',#3930,#3931);
#3930 = CARTESIAN_POINT('',(0.,-0.));
#3931 = VECTOR('',#3932,1.);
#3932 = DIRECTION('',(-0.,-1.));
#3933 = ( GEOMETRIC_REPRESENTATION_CONTEXT(2) 
PARAMETRIC_REPRESENTATION_CONTEXT() REPRESENTATION_CONTEXT('2D SPACE',''
  ) );
#3934 = ORIENTED_EDGE('',*,*,#3935,.F.);
#3935 = EDGE_CURVE('',#3913,#3913,#3936,.T.);
#3936 = SURFACE_CURVE('',#3937,(#3942,#3949),.PCURVE_S1.);
#3937 = CIRCLE('',#3938,136.96692273546);
#3938 = AXIS2_PLACEMENT_3D('',#3939,#3940,#3941);
#3939 = CARTESIAN_POINT('',(6.991535953854E-02,-6.788636511296E-02,
    -33.33262595926));
#3940 = DIRECTION('',(4.443777047937E-03,-2.686084759559E-03,
    -0.999986518806));
#3941 = DIRECTION('',(-0.999990126303,-3.388131789017E-21,
    -4.443793079063E-03));
#3942 = PCURVE('',#3508,#3943);
#3943 = DEFINITIONAL_REPRESENTATION('',(#3944),#3948);
#3944 = LINE('',#3945,#3946);
#3945 = CARTESIAN_POINT('',(-0.,-3.036151367181));
#3946 = VECTOR('',#3947,1.);
#3947 = DIRECTION('',(-1.,-0.));
#3948 = ( GEOMETRIC_REPRESENTATION_CONTEXT(2) 
PARAMETRIC_REPRESENTATION_CONTEXT() REPRESENTATION_CONTEXT('2D SPACE',''
  ) );
#3949 = PCURVE('',#3950,#3955);
#3950 = PLANE('',#3951);
#3951 = AXIS2_PLACEMENT_3D('',#3952,#3953,#3954);
#3952 = CARTESIAN_POINT('',(6.991535953854E-02,-6.788636511296E-02,
    -33.33262595926));
#3953 = DIRECTION('',(4.443777047937E-03,-2.686084759559E-03,
    -0.999986518806));
#3954 = DIRECTION('',(-0.999990126303,-1.694065894509E-21,
    -4.443793079063E-03));
#3955 = DEFINITIONAL_REPRESENTATION('',(#3956),#3960);
#3956 = CIRCLE('',#3957,136.96692273546);
#3957 = AXIS2_PLACEMENT_2D('',#3958,#3959);
#3958 = CARTESIAN_POINT('',(0.,0.));
#3959 = DIRECTION('',(1.,0.));
#3960 = ( GEOMETRIC_REPRESENTATION_CONTEXT(2) 
PARAMETRIC_REPRESENTATION_CONTEXT() REPRESENTATION_CONTEXT('2D SPACE',''
  ) );
#3961 = ORIENTED_EDGE('',*,*,#3912,.F.);
#3962 = ORIENTED_EDGE('',*,*,#3487,.T.);
#3963 = ADVANCED_FACE('',(#3964,#3967,#3998),#3540,.F.);
#3964 = FACE_BOUND('',#3965,.F.);
#3965 = EDGE_LOOP('',(#3966));
#3966 = ORIENTED_EDGE('',*,*,#3523,.T.);
#3967 = FACE_BOUND('',#3968,.F.);
#3968 = EDGE_LOOP('',(#3969));
#3969 = ORIENTED_EDGE('',*,*,#3970,.F.);
#3970 = EDGE_CURVE('',#3971,#3971,#3973,.T.);
#3971 = VERTEX_POINT('',#3972);
#3972 = CARTESIAN_POINT('',(34.249281228028,256.60338266195,
    -0.128093062957));
#3973 = SURFACE_CURVE('',#3974,(#3979,#3986),.PCURVE_S1.);
#3974 = CIRCLE('',#3975,34.971979077263);
#3975 = AXIS2_PLACEMENT_3D('',#3976,#3977,#3978);
#3976 = CARTESIAN_POINT('',(-0.722322031493,256.44125296341,
    -0.128093062957));
#3977 = DIRECTION('',(-4.635971681286E-03,0.999985590711,
    -2.706683768868E-03));
#3978 = DIRECTION('',(0.999989253747,4.635988663262E-03,
    1.694065894509E-21));
#3979 = PCURVE('',#3540,#3980);
#3980 = DEFINITIONAL_REPRESENTATION('',(#3981),#3985);
#3981 = CIRCLE('',#3982,34.971979077263);
#3982 = AXIS2_PLACEMENT_2D('',#3983,#3984);
#3983 = CARTESIAN_POINT('',(-9.958082800189E-05,-2.247204552849E-02));
#3984 = DIRECTION('',(1.,-1.694059689018E-21));
#3985 = ( GEOMETRIC_REPRESENTATION_CONTEXT(2) 
PARAMETRIC_REPRESENTATION_CONTEXT() REPRESENTATION_CONTEXT('2D SPACE',''
  ) );
#3986 = PCURVE('',#3987,#3992);
#3987 = CYLINDRICAL_SURFACE('',#3988,34.971979077263);
#3988 = AXIS2_PLACEMENT_3D('',#3989,#3990,#3991);
#3989 = CARTESIAN_POINT('',(-0.704822369225,252.66655127971,
    -0.117875991957));
#3990 = DIRECTION('',(-4.635971681286E-03,0.999985590711,
    -2.706683768868E-03));
#3991 = DIRECTION('',(0.999989253747,4.635988663262E-03,
    1.694065894509E-21));
#3992 = DEFINITIONAL_REPRESENTATION('',(#3993),#3997);
#3993 = LINE('',#3994,#3995);
#3994 = CARTESIAN_POINT('',(0.,3.774756075253));
#3995 = VECTOR('',#3996,1.);
#3996 = DIRECTION('',(1.,0.));
#3997 = ( GEOMETRIC_REPRESENTATION_CONTEXT(2) 
PARAMETRIC_REPRESENTATION_CONTEXT() REPRESENTATION_CONTEXT('2D SPACE',''
  ) );
#3998 = FACE_BOUND('',#3999,.F.);
#3999 = EDGE_LOOP('',(#4000));
#4000 = ORIENTED_EDGE('',*,*,#3602,.T.);
#4001 = ADVANCED_FACE('',(#4002),#3724,.F.);
#4002 = FACE_BOUND('',#4003,.F.);
#4003 = EDGE_LOOP('',(#4004));
#4004 = ORIENTED_EDGE('',*,*,#3709,.T.);
#4005 = ADVANCED_FACE('',(#4006),#3796,.F.);
#4006 = FACE_BOUND('',#4007,.F.);
#4007 = EDGE_LOOP('',(#4008,#4030));
#4008 = ORIENTED_EDGE('',*,*,#4009,.F.);
#4009 = EDGE_CURVE('',#3741,#3743,#4010,.T.);
#4010 = SURFACE_CURVE('',#4011,(#4016,#4023),.PCURVE_S1.);
#4011 = CIRCLE('',#4012,30.227956044396);
#4012 = AXIS2_PLACEMENT_3D('',#4013,#4014,#4015);
#4013 = CARTESIAN_POINT('',(1.266795875654,-172.0028205917,0.39189563889
    ));
#4014 = DIRECTION('',(4.635971681286E-03,-0.999985590711,
    2.706683768868E-03));
#4015 = DIRECTION('',(-0.999989253747,-4.635988663262E-03,
    -1.694065894509E-21));
#4016 = PCURVE('',#3796,#4017);
#4017 = DEFINITIONAL_REPRESENTATION('',(#4018),#4022);
#4018 = LINE('',#4019,#4020);
#4019 = CARTESIAN_POINT('',(0.,34.989557298321));
#4020 = VECTOR('',#4021,1.);
#4021 = DIRECTION('',(1.,0.));
#4022 = ( GEOMETRIC_REPRESENTATION_CONTEXT(2) 
PARAMETRIC_REPRESENTATION_CONTEXT() REPRESENTATION_CONTEXT('2D SPACE',''
  ) );
#4023 = PCURVE('',#3842,#4024);
#4024 = DEFINITIONAL_REPRESENTATION('',(#4025),#4029);
#4025 = CIRCLE('',#4026,30.227956044396);
#4026 = AXIS2_PLACEMENT_2D('',#4027,#4028);
#4027 = CARTESIAN_POINT('',(0.,0.));
#4028 = DIRECTION('',(1.,0.));
#4029 = ( GEOMETRIC_REPRESENTATION_CONTEXT(2) 
PARAMETRIC_REPRESENTATION_CONTEXT() REPRESENTATION_CONTEXT('2D SPACE',''
  ) );
#4030 = ORIENTED_EDGE('',*,*,#3740,.T.);
#4031 = ADVANCED_FACE('',(#4032),#3842,.F.);
#4032 = FACE_BOUND('',#4033,.F.);
#4033 = EDGE_LOOP('',(#4034,#4035));
#4034 = ORIENTED_EDGE('',*,*,#3827,.F.);
#4035 = ORIENTED_EDGE('',*,*,#4009,.T.);
#4036 = ADVANCED_FACE('',(#4037,#4040),#3895,.F.);
#4037 = FACE_BOUND('',#4038,.F.);
#4038 = EDGE_LOOP('',(#4039));
#4039 = ORIENTED_EDGE('',*,*,#3880,.T.);
#4040 = FACE_BOUND('',#4041,.F.);
#4041 = EDGE_LOOP('',(#4042));
#4042 = ORIENTED_EDGE('',*,*,#4043,.T.);
#4043 = EDGE_CURVE('',#4044,#4044,#4046,.T.);
#4044 = VERTEX_POINT('',#4045);
#4045 = CARTESIAN_POINT('',(-122.7890015644,0.111182387565,
    32.787166380811));
#4046 = SURFACE_CURVE('',#4047,(#4052,#4063),.PCURVE_S1.);
#4047 = CIRCLE('',#4048,122.56388117667);
#4048 = AXIS2_PLACEMENT_3D('',#4049,#4050,#4051);
#4049 = CARTESIAN_POINT('',(-0.226330546448,0.111182387565,
    33.331814907727));
#4050 = DIRECTION('',(4.443777047937E-03,-2.686084759559E-03,
    -0.999986518806));
#4051 = DIRECTION('',(-0.999990126303,-3.388131789017E-21,
    -4.443793079063E-03));
#4052 = PCURVE('',#3895,#4053);
#4053 = DEFINITIONAL_REPRESENTATION('',(#4054),#4062);
#4054 = ( BOUNDED_CURVE() B_SPLINE_CURVE(2,(#4055,#4056,#4057,#4058,
#4059,#4060,#4061),.UNSPECIFIED.,.T.,.F.) B_SPLINE_CURVE_WITH_KNOTS((1,2
    ,2,2,2,1),(-2.094395102393,0.,2.094395102393,4.188790204786,
6.28318530718,8.377580409573),.UNSPECIFIED.) CURVE() 
GEOMETRIC_REPRESENTATION_ITEM() RATIONAL_B_SPLINE_CURVE((1.,0.5,1.,0.5,
1.,0.5,1.)) REPRESENTATION_ITEM('') );
#4055 = CARTESIAN_POINT('',(-122.5638811766,8.669221194728E-18));
#4056 = CARTESIAN_POINT('',(-122.5638811766,212.28686937083));
#4057 = CARTESIAN_POINT('',(61.281940588337,106.14343468541));
#4058 = CARTESIAN_POINT('',(245.12776235334,3.002816217601E-14));
#4059 = CARTESIAN_POINT('',(61.281940588337,-106.1434346854));
#4060 = CARTESIAN_POINT('',(-122.5638811766,-212.2868693708));
#4061 = CARTESIAN_POINT('',(-122.5638811766,8.669221194728E-18));
#4062 = ( GEOMETRIC_REPRESENTATION_CONTEXT(2) 
PARAMETRIC_REPRESENTATION_CONTEXT() REPRESENTATION_CONTEXT('2D SPACE',''
  ) );
#4063 = PCURVE('',#4064,#4069);
#4064 = CYLINDRICAL_SURFACE('',#4065,122.56388117667);
#4065 = AXIS2_PLACEMENT_3D('',#4066,#4067,#4068);
#4066 = CARTESIAN_POINT('',(-0.233615855195,0.115586064118,
    34.971233459483));
#4067 = DIRECTION('',(4.443777047937E-03,-2.686084759559E-03,
    -0.999986518806));
#4068 = DIRECTION('',(-0.999990126303,-1.694065894509E-21,
    -4.443793079063E-03));
#4069 = DEFINITIONAL_REPRESENTATION('',(#4070),#4074);
#4070 = LINE('',#4071,#4072);
#4071 = CARTESIAN_POINT('',(0.,1.639440653373));
#4072 = VECTOR('',#4073,1.);
#4073 = DIRECTION('',(1.,0.));
#4074 = ( GEOMETRIC_REPRESENTATION_CONTEXT(2) 
PARAMETRIC_REPRESENTATION_CONTEXT() REPRESENTATION_CONTEXT('2D SPACE',''
  ) );
#4075 = ADVANCED_FACE('',(#4076,#4079),#3950,.F.);
#4076 = FACE_BOUND('',#4077,.F.);
#4077 = EDGE_LOOP('',(#4078));
#4078 = ORIENTED_EDGE('',*,*,#3935,.T.);
#4079 = FACE_BOUND('',#4080,.F.);
#4080 = EDGE_LOOP('',(#4081));
#4081 = ORIENTED_EDGE('',*,*,#4082,.F.);
#4082 = EDGE_CURVE('',#4083,#4083,#4085,.T.);
#4083 = VERTEX_POINT('',#4084);
#4084 = CARTESIAN_POINT('',(-101.2803619282,-6.788636511298E-02,
    -33.78301006699));
#4085 = SURFACE_CURVE('',#4086,(#4091,#4098),.PCURVE_S1.);
#4086 = CIRCLE('',#4087,101.35127799965);
#4087 = AXIS2_PLACEMENT_3D('',#4088,#4089,#4090);
#4088 = CARTESIAN_POINT('',(6.991535953854E-02,-6.788636511296E-02,
    -33.33262595926));
#4089 = DIRECTION('',(4.443777047937E-03,-2.686084759559E-03,
    -0.999986518806));
#4090 = DIRECTION('',(-0.999990126303,-3.388131789017E-21,
    -4.443793079063E-03));
#4091 = PCURVE('',#3950,#4092);
#4092 = DEFINITIONAL_REPRESENTATION('',(#4093),#4097);
#4093 = CIRCLE('',#4094,101.35127799965);
#4094 = AXIS2_PLACEMENT_2D('',#4095,#4096);
#4095 = CARTESIAN_POINT('',(-3.15750489155E-17,-5.207853944945E-18));
#4096 = DIRECTION('',(1.,0.));
#4097 = ( GEOMETRIC_REPRESENTATION_CONTEXT(2) 
PARAMETRIC_REPRESENTATION_CONTEXT() REPRESENTATION_CONTEXT('2D SPACE',''
  ) );
#4098 = PCURVE('',#4099,#4104);
#4099 = CYLINDRICAL_SURFACE('',#4100,101.35127799965);
#4100 = AXIS2_PLACEMENT_3D('',#4101,#4102,#4103);
#4101 = CARTESIAN_POINT('',(-6.422948637986E-02,1.319880687201E-02,
    -3.145909560423));
#4102 = DIRECTION('',(4.443777047937E-03,-2.686084759559E-03,
    -0.999986518806));
#4103 = DIRECTION('',(-0.999990126303,-1.694065894509E-21,
    -4.443793079063E-03));
#4104 = DEFINITIONAL_REPRESENTATION('',(#4105),#4109);
#4105 = LINE('',#4106,#4107);
#4106 = CARTESIAN_POINT('',(0.,30.187123357297));
#4107 = VECTOR('',#4108,1.);
#4108 = DIRECTION('',(1.,0.));
#4109 = ( GEOMETRIC_REPRESENTATION_CONTEXT(2) 
PARAMETRIC_REPRESENTATION_CONTEXT() REPRESENTATION_CONTEXT('2D SPACE',''
  ) );
#4110 = ADVANCED_FACE('',(#4111),#3987,.T.);
#4111 = FACE_BOUND('',#4112,.T.);
#4112 = EDGE_LOOP('',(#4113,#4114,#4137,#4164));
#4113 = ORIENTED_EDGE('',*,*,#3970,.F.);
#4114 = ORIENTED_EDGE('',*,*,#4115,.F.);
#4115 = EDGE_CURVE('',#4116,#3971,#4118,.T.);
#4116 = VERTEX_POINT('',#4117);
#4117 = CARTESIAN_POINT('',(34.266780890297,252.82868097825,
    -0.117875991957));
#4118 = SEAM_CURVE('',#4119,(#4123,#4130),.PCURVE_S1.);
#4119 = LINE('',#4120,#4121);
#4120 = CARTESIAN_POINT('',(34.266780890297,252.82868097825,
    -0.117875991957));
#4121 = VECTOR('',#4122,1.);
#4122 = DIRECTION('',(-4.635971681286E-03,0.999985590711,
    -2.706683768868E-03));
#4123 = PCURVE('',#3987,#4124);
#4124 = DEFINITIONAL_REPRESENTATION('',(#4125),#4129);
#4125 = LINE('',#4126,#4127);
#4126 = CARTESIAN_POINT('',(6.28318530718,-0.));
#4127 = VECTOR('',#4128,1.);
#4128 = DIRECTION('',(0.,1.));
#4129 = ( GEOMETRIC_REPRESENTATION_CONTEXT(2) 
PARAMETRIC_REPRESENTATION_CONTEXT() REPRESENTATION_CONTEXT('2D SPACE',''
  ) );
#4130 = PCURVE('',#3987,#4131);
#4131 = DEFINITIONAL_REPRESENTATION('',(#4132),#4136);
#4132 = LINE('',#4133,#4134);
#4133 = CARTESIAN_POINT('',(0.,-0.));
#4134 = VECTOR('',#4135,1.);
#4135 = DIRECTION('',(0.,1.));
#4136 = ( GEOMETRIC_REPRESENTATION_CONTEXT(2) 
PARAMETRIC_REPRESENTATION_CONTEXT() REPRESENTATION_CONTEXT('2D SPACE',''
  ) );
#4137 = ORIENTED_EDGE('',*,*,#4138,.T.);
#4138 = EDGE_CURVE('',#4116,#4116,#4139,.T.);
#4139 = SURFACE_CURVE('',#4140,(#4145,#4152),.PCURVE_S1.);
#4140 = CIRCLE('',#4141,34.971979077263);
#4141 = AXIS2_PLACEMENT_3D('',#4142,#4143,#4144);
#4142 = CARTESIAN_POINT('',(-0.704822369225,252.66655127971,
    -0.117875991957));
#4143 = DIRECTION('',(-4.635971681286E-03,0.999985590711,
    -2.706683768868E-03));
#4144 = DIRECTION('',(0.999989253747,4.635988663262E-03,
    1.694065894509E-21));
#4145 = PCURVE('',#3987,#4146);
#4146 = DEFINITIONAL_REPRESENTATION('',(#4147),#4151);
#4147 = LINE('',#4148,#4149);
#4148 = CARTESIAN_POINT('',(0.,0.));
#4149 = VECTOR('',#4150,1.);
#4150 = DIRECTION('',(1.,0.));
#4151 = ( GEOMETRIC_REPRESENTATION_CONTEXT(2) 
PARAMETRIC_REPRESENTATION_CONTEXT() REPRESENTATION_CONTEXT('2D SPACE',''
  ) );
#4152 = PCURVE('',#4153,#4158);
#4153 = PLANE('',#4154);
#4154 = AXIS2_PLACEMENT_3D('',#4155,#4156,#4157);
#4155 = CARTESIAN_POINT('',(-0.704822369225,252.66655127971,
    -0.117875991957));
#4156 = DIRECTION('',(-4.635971681286E-03,0.999985590711,
    -2.706683768868E-03));
#4157 = DIRECTION('',(0.999989253747,4.635988663262E-03,
    1.694065894509E-21));
#4158 = DEFINITIONAL_REPRESENTATION('',(#4159),#4163);
#4159 = CIRCLE('',#4160,34.971979077263);
#4160 = AXIS2_PLACEMENT_2D('',#4161,#4162);
#4161 = CARTESIAN_POINT('',(0.,0.));
#4162 = DIRECTION('',(1.,0.));
#4163 = ( GEOMETRIC_REPRESENTATION_CONTEXT(2) 
PARAMETRIC_REPRESENTATION_CONTEXT() REPRESENTATION_CONTEXT('2D SPACE',''
  ) );
#4164 = ORIENTED_EDGE('',*,*,#4115,.T.);
#4165 = ADVANCED_FACE('',(#4166),#4064,.T.);
#4166 = FACE_BOUND('',#4167,.T.);
#4167 = EDGE_LOOP('',(#4168,#4169,#4192,#4219));
#4168 = ORIENTED_EDGE('',*,*,#4043,.T.);
#4169 = ORIENTED_EDGE('',*,*,#4170,.F.);
#4170 = EDGE_CURVE('',#4171,#4044,#4173,.T.);
#4171 = VERTEX_POINT('',#4172);
#4172 = CARTESIAN_POINT('',(-122.7520663904,8.885655818938E-02,
    24.475616152454));
#4173 = SEAM_CURVE('',#4174,(#4178,#4185),.PCURVE_S1.);
#4174 = LINE('',#4175,#4176);
#4175 = CARTESIAN_POINT('',(-122.7520663904,8.885655818938E-02,
    24.475616152454));
#4176 = VECTOR('',#4177,1.);
#4177 = DIRECTION('',(-4.443777047937E-03,2.686084759559E-03,
    0.999986518806));
#4178 = PCURVE('',#4064,#4179);
#4179 = DEFINITIONAL_REPRESENTATION('',(#4180),#4184);
#4180 = LINE('',#4181,#4182);
#4181 = CARTESIAN_POINT('',(6.28318530718,9.95110293286));
#4182 = VECTOR('',#4183,1.);
#4183 = DIRECTION('',(-0.,-1.));
#4184 = ( GEOMETRIC_REPRESENTATION_CONTEXT(2) 
PARAMETRIC_REPRESENTATION_CONTEXT() REPRESENTATION_CONTEXT('2D SPACE',''
  ) );
#4185 = PCURVE('',#4064,#4186);
#4186 = DEFINITIONAL_REPRESENTATION('',(#4187),#4191);
#4187 = LINE('',#4188,#4189);
#4188 = CARTESIAN_POINT('',(0.,9.95110293286));
#4189 = VECTOR('',#4190,1.);
#4190 = DIRECTION('',(-0.,-1.));
#4191 = ( GEOMETRIC_REPRESENTATION_CONTEXT(2) 
PARAMETRIC_REPRESENTATION_CONTEXT() REPRESENTATION_CONTEXT('2D SPACE',''
  ) );
#4192 = ORIENTED_EDGE('',*,*,#4193,.F.);
#4193 = EDGE_CURVE('',#4171,#4171,#4194,.T.);
#4194 = SURFACE_CURVE('',#4195,(#4200,#4207),.PCURVE_S1.);
#4195 = CIRCLE('',#4196,122.56388117667);
#4196 = AXIS2_PLACEMENT_3D('',#4197,#4198,#4199);
#4197 = CARTESIAN_POINT('',(-0.18939537238,8.885655818941E-02,
    25.02026467937));
#4198 = DIRECTION('',(4.443777047937E-03,-2.686084759559E-03,
    -0.999986518806));
#4199 = DIRECTION('',(-0.999990126303,-3.388131789017E-21,
    -4.443793079063E-03));
#4200 = PCURVE('',#4064,#4201);
#4201 = DEFINITIONAL_REPRESENTATION('',(#4202),#4206);
#4202 = LINE('',#4203,#4204);
#4203 = CARTESIAN_POINT('',(0.,9.95110293286));
#4204 = VECTOR('',#4205,1.);
#4205 = DIRECTION('',(1.,0.));
#4206 = ( GEOMETRIC_REPRESENTATION_CONTEXT(2) 
PARAMETRIC_REPRESENTATION_CONTEXT() REPRESENTATION_CONTEXT('2D SPACE',''
  ) );
#4207 = PCURVE('',#4208,#4213);
#4208 = PLANE('',#4209);
#4209 = AXIS2_PLACEMENT_3D('',#4210,#4211,#4212);
#4210 = CARTESIAN_POINT('',(-0.18939537238,8.885655818941E-02,
    25.02026467937));
#4211 = DIRECTION('',(4.443777047937E-03,-2.686084759559E-03,
    -0.999986518806));
#4212 = DIRECTION('',(-0.999990126303,-1.694065894509E-21,
    -4.443793079063E-03));
#4213 = DEFINITIONAL_REPRESENTATION('',(#4214),#4218);
#4214 = CIRCLE('',#4215,122.56388117667);
#4215 = AXIS2_PLACEMENT_2D('',#4216,#4217);
#4216 = CARTESIAN_POINT('',(0.,0.));
#4217 = DIRECTION('',(1.,0.));
#4218 = ( GEOMETRIC_REPRESENTATION_CONTEXT(2) 
PARAMETRIC_REPRESENTATION_CONTEXT() REPRESENTATION_CONTEXT('2D SPACE',''
  ) );
#4219 = ORIENTED_EDGE('',*,*,#4170,.T.);
#4220 = ADVANCED_FACE('',(#4221),#4099,.T.);
#4221 = FACE_BOUND('',#4222,.T.);
#4222 = EDGE_LOOP('',(#4223,#4224,#4247,#4280,#4303,#4329));
#4223 = ORIENTED_EDGE('',*,*,#4082,.F.);
#4224 = ORIENTED_EDGE('',*,*,#4225,.F.);
#4225 = EDGE_CURVE('',#4226,#4083,#4228,.T.);
#4226 = VERTEX_POINT('',#4227);
#4227 = CARTESIAN_POINT('',(-101.4145067742,1.319880687199E-02,
    -3.596293668152));
#4228 = SEAM_CURVE('',#4229,(#4233,#4240),.PCURVE_S1.);
#4229 = LINE('',#4230,#4231);
#4230 = CARTESIAN_POINT('',(-101.4145067742,1.319880687199E-02,
    -3.596293668152));
#4231 = VECTOR('',#4232,1.);
#4232 = DIRECTION('',(4.443777047937E-03,-2.686084759559E-03,
    -0.999986518806));
#4233 = PCURVE('',#4099,#4234);
#4234 = DEFINITIONAL_REPRESENTATION('',(#4235),#4239);
#4235 = LINE('',#4236,#4237);
#4236 = CARTESIAN_POINT('',(0.,-0.));
#4237 = VECTOR('',#4238,1.);
#4238 = DIRECTION('',(0.,1.));
#4239 = ( GEOMETRIC_REPRESENTATION_CONTEXT(2) 
PARAMETRIC_REPRESENTATION_CONTEXT() REPRESENTATION_CONTEXT('2D SPACE',''
  ) );
#4240 = PCURVE('',#4099,#4241);
#4241 = DEFINITIONAL_REPRESENTATION('',(#4242),#4246);
#4242 = LINE('',#4243,#4244);
#4243 = CARTESIAN_POINT('',(6.28318530718,-0.));
#4244 = VECTOR('',#4245,1.);
#4245 = DIRECTION('',(0.,1.));
#4246 = ( GEOMETRIC_REPRESENTATION_CONTEXT(2) 
PARAMETRIC_REPRESENTATION_CONTEXT() REPRESENTATION_CONTEXT('2D SPACE',''
  ) );
#4247 = ORIENTED_EDGE('',*,*,#4248,.F.);
#4248 = EDGE_CURVE('',#4249,#4226,#4251,.T.);
#4249 = VERTEX_POINT('',#4250);
#4250 = CARTESIAN_POINT('',(4.042915672801,-101.2544103037,
    -2.855641028397));
#4251 = SURFACE_CURVE('',#4252,(#4257,#4264),.PCURVE_S1.);
#4252 = CIRCLE('',#4253,101.35127799965);
#4253 = AXIS2_PLACEMENT_3D('',#4254,#4255,#4256);
#4254 = CARTESIAN_POINT('',(-6.422948637986E-02,1.319880687201E-02,
    -3.145909560423));
#4255 = DIRECTION('',(-4.443777047937E-03,2.686084759559E-03,
    0.999986518806));
#4256 = DIRECTION('',(4.052386156586E-02,-0.999174466364,
    2.863984922097E-03));
#4257 = PCURVE('',#4099,#4258);
#4258 = DEFINITIONAL_REPRESENTATION('',(#4259),#4263);
#4259 = LINE('',#4260,#4261);
#4260 = CARTESIAN_POINT('',(4.671841682373,0.));
#4261 = VECTOR('',#4262,1.);
#4262 = DIRECTION('',(-1.,-0.));
#4263 = ( GEOMETRIC_REPRESENTATION_CONTEXT(2) 
PARAMETRIC_REPRESENTATION_CONTEXT() REPRESENTATION_CONTEXT('2D SPACE',''
  ) );
#4264 = PCURVE('',#4265,#4270);
#4265 = PLANE('',#4266);
#4266 = AXIS2_PLACEMENT_3D('',#4267,#4268,#4269);
#4267 = CARTESIAN_POINT('',(-6.422948637986E-02,1.319880687201E-02,
    -3.145909560423));
#4268 = DIRECTION('',(4.443777047937E-03,-2.686084759559E-03,
    -0.999986518806));
#4269 = DIRECTION('',(-0.999990126303,-1.694065894509E-21,
    -4.443793079063E-03));
#4270 = DEFINITIONAL_REPRESENTATION('',(#4271),#4279);
#4271 = ( BOUNDED_CURVE() B_SPLINE_CURVE(2,(#4272,#4273,#4274,#4275,
#4276,#4277,#4278),.UNSPECIFIED.,.T.,.F.) B_SPLINE_CURVE_WITH_KNOTS((1,2
    ,2,2,2,1),(-2.094395102393,0.,2.094395102393,4.188790204786,
6.28318530718,8.377580409573),.UNSPECIFIED.) CURVE() 
GEOMETRIC_REPRESENTATION_ITEM() RATIONAL_B_SPLINE_CURVE((1.,0.5,1.,0.5,
1.,0.5,1.)) REPRESENTATION_ITEM('') );
#4272 = CARTESIAN_POINT('',(-4.108394499767,-101.2679744381));
#4273 = CARTESIAN_POINT('',(-179.5096714061,-94.15202642697));
#4274 = CARTESIAN_POINT('',(-85.6464412033,54.191961224619));
#4275 = CARTESIAN_POINT('',(8.216788999534,202.53594887621));
#4276 = CARTESIAN_POINT('',(89.754835703076,47.076013213487));
#4277 = CARTESIAN_POINT('',(171.29288240661,-108.3839224492));
#4278 = CARTESIAN_POINT('',(-4.108394499767,-101.2679744381));
#4279 = ( GEOMETRIC_REPRESENTATION_CONTEXT(2) 
PARAMETRIC_REPRESENTATION_CONTEXT() REPRESENTATION_CONTEXT('2D SPACE',''
  ) );
#4280 = ORIENTED_EDGE('',*,*,#4281,.F.);
#4281 = EDGE_CURVE('',#4282,#4249,#4284,.T.);
#4282 = VERTEX_POINT('',#4283);
#4283 = CARTESIAN_POINT('',(-3.232256810903,-101.2882255449,
    -2.887879876914));
#4284 = SURFACE_CURVE('',#4285,(#4289,#4297),.PCURVE_S1.);
#4285 = LINE('',#4286,#4287);
#4286 = CARTESIAN_POINT('',(0.678901398424,-101.2700463528,
    -2.870548159031));
#4287 = VECTOR('',#4288,1.);
#4288 = DIRECTION('',(0.999979380093,4.647937082062E-03,
    4.43126040339E-03));
#4289 = PCURVE('',#4099,#4290);
#4290 = DEFINITIONAL_REPRESENTATION('',(#4291),#4296);
#4291 = B_SPLINE_CURVE_WITH_KNOTS('',3,(#4292,#4293,#4294,#4295),
  .UNSPECIFIED.,.F.,.F.,(4,4),(-3.911238858706,3.364083641468),
  .PIECEWISE_BEZIER_KNOTS.);
#4292 = CARTESIAN_POINT('',(4.743640337226,0.));
#4293 = CARTESIAN_POINT('',(4.719712592575,0.));
#4294 = CARTESIAN_POINT('',(4.695769427024,0.));
#4295 = CARTESIAN_POINT('',(4.671841682373,0.));
#4296 = ( GEOMETRIC_REPRESENTATION_CONTEXT(2) 
PARAMETRIC_REPRESENTATION_CONTEXT() REPRESENTATION_CONTEXT('2D SPACE',''
  ) );
#4297 = PCURVE('',#4265,#4298);
#4298 = DEFINITIONAL_REPRESENTATION('',(#4299),#4302);
#4299 = B_SPLINE_CURVE_WITH_KNOTS('',1,(#4300,#4301),.UNSPECIFIED.,.F.,
  .F.,(2,2),(-14.55854731378,16.917610637007),.PIECEWISE_BEZIER_KNOTS.);
#4300 = CARTESIAN_POINT('',(13.814042858885,-101.3512779996));
#4301 = CARTESIAN_POINT('',(-17.66177509287,-101.2049782701));
#4302 = ( GEOMETRIC_REPRESENTATION_CONTEXT(2) 
PARAMETRIC_REPRESENTATION_CONTEXT() REPRESENTATION_CONTEXT('2D SPACE',''
  ) );
#4303 = ORIENTED_EDGE('',*,*,#4304,.F.);
#4304 = EDGE_CURVE('',#4226,#4282,#4305,.T.);
#4305 = SURFACE_CURVE('',#4306,(#4311,#4318),.PCURVE_S1.);
#4306 = CIRCLE('',#4307,101.35127799965);
#4307 = AXIS2_PLACEMENT_3D('',#4308,#4309,#4310);
#4308 = CARTESIAN_POINT('',(-6.422948637986E-02,1.319880687201E-02,
    -3.145909560423));
#4309 = DIRECTION('',(-4.443777047937E-03,2.686084759559E-03,
    0.999986518806));
#4310 = DIRECTION('',(-0.999990126303,-2.449331292257E-16,
    -4.443793079063E-03));
#4311 = PCURVE('',#4099,#4312);
#4312 = DEFINITIONAL_REPRESENTATION('',(#4313),#4317);
#4313 = LINE('',#4314,#4315);
#4314 = CARTESIAN_POINT('',(6.28318530718,0.));
#4315 = VECTOR('',#4316,1.);
#4316 = DIRECTION('',(-1.,-0.));
#4317 = ( GEOMETRIC_REPRESENTATION_CONTEXT(2) 
PARAMETRIC_REPRESENTATION_CONTEXT() REPRESENTATION_CONTEXT('2D SPACE',''
  ) );
#4318 = PCURVE('',#4265,#4319);
#4319 = DEFINITIONAL_REPRESENTATION('',(#4320),#4328);
#4320 = ( BOUNDED_CURVE() B_SPLINE_CURVE(2,(#4321,#4322,#4323,#4324,
#4325,#4326,#4327),.UNSPECIFIED.,.T.,.F.) B_SPLINE_CURVE_WITH_KNOTS((1,2
    ,2,2,2,1),(-2.094395102393,0.,2.094395102393,4.188790204786,
6.28318530718,8.377580409573),.UNSPECIFIED.) CURVE() 
GEOMETRIC_REPRESENTATION_ITEM() RATIONAL_B_SPLINE_CURVE((1.,0.5,1.,0.5,
1.,0.5,1.)) REPRESENTATION_ITEM('') );
#4321 = CARTESIAN_POINT('',(101.35127799965,-2.482394228E-14));
#4322 = CARTESIAN_POINT('',(101.35127799965,-175.5455629074));
#4323 = CARTESIAN_POINT('',(-50.67563899982,-87.77278145371));
#4324 = CARTESIAN_POINT('',(-202.7025559993,2.482398092164E-14));
#4325 = CARTESIAN_POINT('',(-50.67563899982,87.772781453717));
#4326 = CARTESIAN_POINT('',(101.35127799965,175.54556290743));
#4327 = CARTESIAN_POINT('',(101.35127799965,-2.482394228E-14));
#4328 = ( GEOMETRIC_REPRESENTATION_CONTEXT(2) 
PARAMETRIC_REPRESENTATION_CONTEXT() REPRESENTATION_CONTEXT('2D SPACE',''
  ) );
#4329 = ORIENTED_EDGE('',*,*,#4225,.T.);
#4330 = ADVANCED_FACE('',(#4331),#4153,.F.);
#4331 = FACE_BOUND('',#4332,.T.);
#4332 = EDGE_LOOP('',(#4333));
#4333 = ORIENTED_EDGE('',*,*,#4138,.F.);
#4334 = ADVANCED_FACE('',(#4335,#4338),#4208,.T.);
#4335 = FACE_BOUND('',#4336,.T.);
#4336 = EDGE_LOOP('',(#4337));
#4337 = ORIENTED_EDGE('',*,*,#4193,.T.);
#4338 = FACE_BOUND('',#4339,.T.);
#4339 = EDGE_LOOP('',(#4340));
#4340 = ORIENTED_EDGE('',*,*,#4341,.F.);
#4341 = EDGE_CURVE('',#4342,#4342,#4344,.T.);
#4342 = VERTEX_POINT('',#4343);
#4343 = CARTESIAN_POINT('',(-101.4466979489,8.885655818939E-02,
    24.570293736099));
#4344 = SURFACE_CURVE('',#4345,(#4350,#4357),.PCURVE_S1.);
#4345 = CIRCLE('',#4346,101.25830237034);
#4346 = AXIS2_PLACEMENT_3D('',#4347,#4348,#4349);
#4347 = CARTESIAN_POINT('',(-0.18939537238,8.885655818941E-02,
    25.02026467937));
#4348 = DIRECTION('',(4.443777047937E-03,-2.686084759559E-03,
    -0.999986518806));
#4349 = DIRECTION('',(-0.999990126303,-3.388131789017E-21,
    -4.443793079063E-03));
#4350 = PCURVE('',#4208,#4351);
#4351 = DEFINITIONAL_REPRESENTATION('',(#4352),#4356);
#4352 = CIRCLE('',#4353,101.25830237034);
#4353 = AXIS2_PLACEMENT_2D('',#4354,#4355);
#4354 = CARTESIAN_POINT('',(2.350988701645E-38,-1.387773774325E-17));
#4355 = DIRECTION('',(1.,0.));
#4356 = ( GEOMETRIC_REPRESENTATION_CONTEXT(2) 
PARAMETRIC_REPRESENTATION_CONTEXT() REPRESENTATION_CONTEXT('2D SPACE',''
  ) );
#4357 = PCURVE('',#4358,#4363);
#4358 = CYLINDRICAL_SURFACE('',#4359,101.25830237034);
#4359 = AXIS2_PLACEMENT_3D('',#4360,#4361,#4362);
#4360 = CARTESIAN_POINT('',(-0.231380676434,0.114234988324,
    34.468249487899));
#4361 = DIRECTION('',(4.443777047937E-03,-2.686084759559E-03,
    -0.999986518806));
#4362 = DIRECTION('',(-0.999990126303,-1.694065894509E-21,
    -4.443793079063E-03));
#4363 = DEFINITIONAL_REPRESENTATION('',(#4364),#4368);
#4364 = LINE('',#4365,#4366);
#4365 = CARTESIAN_POINT('',(0.,9.44811218036));
#4366 = VECTOR('',#4367,1.);
#4367 = DIRECTION('',(1.,0.));
#4368 = ( GEOMETRIC_REPRESENTATION_CONTEXT(2) 
PARAMETRIC_REPRESENTATION_CONTEXT() REPRESENTATION_CONTEXT('2D SPACE',''
  ) );
#4369 = ADVANCED_FACE('',(#4370),#4358,.T.);
#4370 = FACE_BOUND('',#4371,.T.);
#4371 = EDGE_LOOP('',(#4372,#4373,#4396,#4423));
#4372 = ORIENTED_EDGE('',*,*,#4341,.T.);
#4373 = ORIENTED_EDGE('',*,*,#4374,.F.);
#4374 = EDGE_CURVE('',#4375,#4342,#4377,.T.);
#4375 = VERTEX_POINT('',#4376);
#4376 = CARTESIAN_POINT('',(-101.3496934444,3.022123100696E-02,
    2.741296531318));
#4377 = SEAM_CURVE('',#4378,(#4382,#4389),.PCURVE_S1.);
#4378 = LINE('',#4379,#4380);
#4379 = CARTESIAN_POINT('',(-101.3496934444,3.022123100696E-02,
    2.741296531318));
#4380 = VECTOR('',#4381,1.);
#4381 = DIRECTION('',(-4.443777047937E-03,2.686084759559E-03,
    0.999986518806));
#4382 = PCURVE('',#4358,#4383);
#4383 = DEFINITIONAL_REPRESENTATION('',(#4384),#4388);
#4384 = LINE('',#4385,#4386);
#4385 = CARTESIAN_POINT('',(6.28318530718,31.27740367005));
#4386 = VECTOR('',#4387,1.);
#4387 = DIRECTION('',(-0.,-1.));
#4388 = ( GEOMETRIC_REPRESENTATION_CONTEXT(2) 
PARAMETRIC_REPRESENTATION_CONTEXT() REPRESENTATION_CONTEXT('2D SPACE',''
  ) );
#4389 = PCURVE('',#4358,#4390);
#4390 = DEFINITIONAL_REPRESENTATION('',(#4391),#4395);
#4391 = LINE('',#4392,#4393);
#4392 = CARTESIAN_POINT('',(0.,31.27740367005));
#4393 = VECTOR('',#4394,1.);
#4394 = DIRECTION('',(-0.,-1.));
#4395 = ( GEOMETRIC_REPRESENTATION_CONTEXT(2) 
PARAMETRIC_REPRESENTATION_CONTEXT() REPRESENTATION_CONTEXT('2D SPACE',''
  ) );
#4396 = ORIENTED_EDGE('',*,*,#4397,.F.);
#4397 = EDGE_CURVE('',#4375,#4375,#4398,.T.);
#4398 = SURFACE_CURVE('',#4399,(#4404,#4411),.PCURVE_S1.);
#4399 = CIRCLE('',#4400,101.25830237034);
#4400 = AXIS2_PLACEMENT_3D('',#4401,#4402,#4403);
#4401 = CARTESIAN_POINT('',(-9.23908678858E-02,3.022123100698E-02,
    3.191267474589));
#4402 = DIRECTION('',(4.443777047937E-03,-2.686084759559E-03,
    -0.999986518806));
#4403 = DIRECTION('',(-0.999990126303,-3.388131789017E-21,
    -4.443793079063E-03));
#4404 = PCURVE('',#4358,#4405);
#4405 = DEFINITIONAL_REPRESENTATION('',(#4406),#4410);
#4406 = LINE('',#4407,#4408);
#4407 = CARTESIAN_POINT('',(0.,31.27740367005));
#4408 = VECTOR('',#4409,1.);
#4409 = DIRECTION('',(1.,0.));
#4410 = ( GEOMETRIC_REPRESENTATION_CONTEXT(2) 
PARAMETRIC_REPRESENTATION_CONTEXT() REPRESENTATION_CONTEXT('2D SPACE',''
  ) );
#4411 = PCURVE('',#4412,#4417);
#4412 = PLANE('',#4413);
#4413 = AXIS2_PLACEMENT_3D('',#4414,#4415,#4416);
#4414 = CARTESIAN_POINT('',(-9.23908678858E-02,3.022123100698E-02,
    3.191267474589));
#4415 = DIRECTION('',(4.443777047937E-03,-2.686084759559E-03,
    -0.999986518806));
#4416 = DIRECTION('',(-0.999990126303,-1.694065894509E-21,
    -4.443793079063E-03));
#4417 = DEFINITIONAL_REPRESENTATION('',(#4418),#4422);
#4418 = CIRCLE('',#4419,101.25830237034);
#4419 = AXIS2_PLACEMENT_2D('',#4420,#4421);
#4420 = CARTESIAN_POINT('',(0.,0.));
#4421 = DIRECTION('',(1.,0.));
#4422 = ( GEOMETRIC_REPRESENTATION_CONTEXT(2) 
PARAMETRIC_REPRESENTATION_CONTEXT() REPRESENTATION_CONTEXT('2D SPACE',''
  ) );
#4423 = ORIENTED_EDGE('',*,*,#4374,.T.);
#4424 = ADVANCED_FACE('',(#4425),#4265,.F.);
#4425 = FACE_BOUND('',#4426,.F.);
#4426 = EDGE_LOOP('',(#4427,#4428,#4429));
#4427 = ORIENTED_EDGE('',*,*,#4248,.F.);
#4428 = ORIENTED_EDGE('',*,*,#4281,.F.);
#4429 = ORIENTED_EDGE('',*,*,#4304,.F.);
#4430 = ADVANCED_FACE('',(#4431),#4412,.T.);
#4431 = FACE_BOUND('',#4432,.T.);
#4432 = EDGE_LOOP('',(#4433));
#4433 = ORIENTED_EDGE('',*,*,#4397,.T.);
#4434 = ORIENTED_CLOSED_SHELL('',*,#4435,.F.);
#4435 = CLOSED_SHELL('',(#4436,#4640,#4644,#4679,#4705,#4710,#4765));
#4436 = ADVANCED_FACE('',(#4437,#4524),#4450,.F.);
#4437 = FACE_BOUND('',#4438,.F.);
#4438 = EDGE_LOOP('',(#4439,#4473,#4496,#4523));
#4439 = ORIENTED_EDGE('',*,*,#4440,.T.);
#4440 = EDGE_CURVE('',#4441,#4441,#4443,.T.);
#4441 = VERTEX_POINT('',#4442);
#4442 = CARTESIAN_POINT('',(10.345146203419,258.7846795932,
    -0.131579111726));
#4443 = SURFACE_CURVE('',#4444,(#4449,#4461),.PCURVE_S1.);
#4444 = CIRCLE('',#4445,11.078225444423);
#4445 = AXIS2_PLACEMENT_3D('',#4446,#4447,#4448);
#4446 = CARTESIAN_POINT('',(-0.732960191588,258.73332106563,
    -0.131579111726));
#4447 = DIRECTION('',(-4.635971681286E-03,0.999985590711,
    -2.706683768868E-03));
#4448 = DIRECTION('',(0.999989253747,4.635988663262E-03,
    1.694065894509E-21));
#4449 = PCURVE('',#4450,#4455);
#4450 = CYLINDRICAL_SURFACE('',#4451,11.078225444423);
#4451 = AXIS2_PLACEMENT_3D('',#4452,#4453,#4454);
#4452 = CARTESIAN_POINT('',(-0.712496406901,254.31925402092,
    -0.119631455944));
#4453 = DIRECTION('',(-4.635971681286E-03,0.999985590711,
    -2.706683768868E-03));
#4454 = DIRECTION('',(0.999989253747,4.635988663262E-03,
    1.694065894509E-21));
#4455 = DEFINITIONAL_REPRESENTATION('',(#4456),#4460);
#4456 = LINE('',#4457,#4458);
#4457 = CARTESIAN_POINT('',(0.,4.414130649188));
#4458 = VECTOR('',#4459,1.);
#4459 = DIRECTION('',(1.,0.));
#4460 = ( GEOMETRIC_REPRESENTATION_CONTEXT(2) 
PARAMETRIC_REPRESENTATION_CONTEXT() REPRESENTATION_CONTEXT('2D SPACE',''
  ) );
#4461 = PCURVE('',#4462,#4467);
#4462 = PLANE('',#4463);
#4463 = AXIS2_PLACEMENT_3D('',#4464,#4465,#4466);
#4464 = CARTESIAN_POINT('',(-0.732948113575,258.73331376495,
    -0.134297036121));
#4465 = DIRECTION('',(-4.635971681286E-03,0.999985590711,
    -2.706683768868E-03));
#4466 = DIRECTION('',(0.999989253747,4.635988663262E-03,
    1.694065894509E-21));
#4467 = DEFINITIONAL_REPRESENTATION('',(#4468),#4472);
#4468 = CIRCLE('',#4469,11.078225444423);
#4469 = AXIS2_PLACEMENT_2D('',#4470,#4471);
#4470 = CARTESIAN_POINT('',(-1.204403723701E-05,-2.717934351098E-03));
#4471 = DIRECTION('',(1.,-1.694059689018E-21));
#4472 = ( GEOMETRIC_REPRESENTATION_CONTEXT(2) 
PARAMETRIC_REPRESENTATION_CONTEXT() REPRESENTATION_CONTEXT('2D SPACE',''
  ) );
#4473 = ORIENTED_EDGE('',*,*,#4474,.T.);
#4474 = EDGE_CURVE('',#4441,#4475,#4477,.T.);
#4475 = VERTEX_POINT('',#4476);
#4476 = CARTESIAN_POINT('',(10.214770119802,286.90698360062,
    -0.207698392351));
#4477 = SEAM_CURVE('',#4478,(#4482,#4489),.PCURVE_S1.);
#4478 = LINE('',#4479,#4480);
#4479 = CARTESIAN_POINT('',(10.365609988107,254.37061254849,
    -0.119631455944));
#4480 = VECTOR('',#4481,1.);
#4481 = DIRECTION('',(-4.635971681286E-03,0.999985590711,
    -2.706683768868E-03));
#4482 = PCURVE('',#4450,#4483);
#4483 = DEFINITIONAL_REPRESENTATION('',(#4484),#4488);
#4484 = LINE('',#4485,#4486);
#4485 = CARTESIAN_POINT('',(6.28318530718,-0.));
#4486 = VECTOR('',#4487,1.);
#4487 = DIRECTION('',(0.,1.));
#4488 = ( GEOMETRIC_REPRESENTATION_CONTEXT(2) 
PARAMETRIC_REPRESENTATION_CONTEXT() REPRESENTATION_CONTEXT('2D SPACE',''
  ) );
#4489 = PCURVE('',#4450,#4490);
#4490 = DEFINITIONAL_REPRESENTATION('',(#4491),#4495);
#4491 = LINE('',#4492,#4493);
#4492 = CARTESIAN_POINT('',(0.,-0.));
#4493 = VECTOR('',#4494,1.);
#4494 = DIRECTION('',(0.,1.));
#4495 = ( GEOMETRIC_REPRESENTATION_CONTEXT(2) 
PARAMETRIC_REPRESENTATION_CONTEXT() REPRESENTATION_CONTEXT('2D SPACE',''
  ) );
#4496 = ORIENTED_EDGE('',*,*,#4497,.F.);
#4497 = EDGE_CURVE('',#4475,#4475,#4498,.T.);
#4498 = SURFACE_CURVE('',#4499,(#4504,#4511),.PCURVE_S1.);
#4499 = CIRCLE('',#4500,11.078225444423);
#4500 = AXIS2_PLACEMENT_3D('',#4501,#4502,#4503);
#4501 = CARTESIAN_POINT('',(-0.863336275206,286.85562507305,
    -0.207698392351));
#4502 = DIRECTION('',(-4.635971681286E-03,0.999985590711,
    -2.706683768868E-03));
#4503 = DIRECTION('',(0.999989253747,4.635988663262E-03,
    1.694065894509E-21));
#4504 = PCURVE('',#4450,#4505);
#4505 = DEFINITIONAL_REPRESENTATION('',(#4506),#4510);
#4506 = LINE('',#4507,#4508);
#4507 = CARTESIAN_POINT('',(0.,32.53683988486));
#4508 = VECTOR('',#4509,1.);
#4509 = DIRECTION('',(1.,0.));
#4510 = ( GEOMETRIC_REPRESENTATION_CONTEXT(2) 
PARAMETRIC_REPRESENTATION_CONTEXT() REPRESENTATION_CONTEXT('2D SPACE',''
  ) );
#4511 = PCURVE('',#4512,#4517);
#4512 = PLANE('',#4513);
#4513 = AXIS2_PLACEMENT_3D('',#4514,#4515,#4516);
#4514 = CARTESIAN_POINT('',(-0.863336275206,286.85562507305,
    -0.207698392351));
#4515 = DIRECTION('',(-4.635971681286E-03,0.999985590711,
    -2.706683768868E-03));
#4516 = DIRECTION('',(0.999989253747,4.635988663262E-03,
    1.694065894509E-21));
#4517 = DEFINITIONAL_REPRESENTATION('',(#4518),#4522);
#4518 = CIRCLE('',#4519,11.078225444423);
#4519 = AXIS2_PLACEMENT_2D('',#4520,#4521);
#4520 = CARTESIAN_POINT('',(0.,0.));
#4521 = DIRECTION('',(1.,0.));
#4522 = ( GEOMETRIC_REPRESENTATION_CONTEXT(2) 
PARAMETRIC_REPRESENTATION_CONTEXT() REPRESENTATION_CONTEXT('2D SPACE',''
  ) );
#4523 = ORIENTED_EDGE('',*,*,#4474,.F.);
#4524 = FACE_BOUND('',#4525,.F.);
#4525 = EDGE_LOOP('',(#4526,#4557));
#4526 = ORIENTED_EDGE('',*,*,#4527,.F.);
#4527 = EDGE_CURVE('',#4528,#4530,#4532,.T.);
#4528 = VERTEX_POINT('',#4529);
#4529 = CARTESIAN_POINT('',(-10.63405689079,286.74950884931,
    5.012881484905));
#4530 = VERTEX_POINT('',#4531);
#4531 = CARTESIAN_POINT('',(8.861298342271,286.8401239023,5.099272261969
    ));
#4532 = SURFACE_CURVE('',#4533,(#4538,#4545),.PCURVE_S1.);
#4533 = CIRCLE('',#4534,11.078225444423);
#4534 = AXIS2_PLACEMENT_3D('',#4535,#4536,#4537);
#4535 = CARTESIAN_POINT('',(-0.862988816688,286.78067778359,
    -0.207495530816));
#4536 = DIRECTION('',(-4.635971681286E-03,0.999985590711,
    -2.706683768868E-03));
#4537 = DIRECTION('',(0.999989253747,4.635988663262E-03,
    1.694065894509E-21));
#4538 = PCURVE('',#4450,#4539);
#4539 = DEFINITIONAL_REPRESENTATION('',(#4540),#4544);
#4540 = LINE('',#4541,#4542);
#4541 = CARTESIAN_POINT('',(0.,32.461891515441));
#4542 = VECTOR('',#4543,1.);
#4543 = DIRECTION('',(1.,0.));
#4544 = ( GEOMETRIC_REPRESENTATION_CONTEXT(2) 
PARAMETRIC_REPRESENTATION_CONTEXT() REPRESENTATION_CONTEXT('2D SPACE',''
  ) );
#4545 = PCURVE('',#4546,#4551);
#4546 = PLANE('',#4547);
#4547 = AXIS2_PLACEMENT_3D('',#4548,#4549,#4550);
#4548 = CARTESIAN_POINT('',(-0.863225617185,286.78082091998,
    -0.154208135267));
#4549 = DIRECTION('',(-4.635971681286E-03,0.999985590711,
    -2.706683768868E-03));
#4550 = DIRECTION('',(0.999989253747,4.635988663262E-03,
    1.694065894509E-21));
#4551 = DEFINITIONAL_REPRESENTATION('',(#4552),#4556);
#4552 = CIRCLE('',#4553,11.078225444423);
#4553 = AXIS2_PLACEMENT_2D('',#4554,#4555);
#4554 = CARTESIAN_POINT('',(2.361343742332E-04,5.328759074494E-02));
#4555 = DIRECTION('',(1.,-1.694059689018E-21));
#4556 = ( GEOMETRIC_REPRESENTATION_CONTEXT(2) 
PARAMETRIC_REPRESENTATION_CONTEXT() REPRESENTATION_CONTEXT('2D SPACE',''
  ) );
#4557 = ORIENTED_EDGE('',*,*,#4558,.T.);
#4558 = EDGE_CURVE('',#4528,#4530,#4559,.T.);
#4559 = SURFACE_CURVE('',#4560,(#4583,#4609),.PCURVE_S1.);
#4560 = B_SPLINE_CURVE_WITH_KNOTS('',6,(#4561,#4562,#4563,#4564,#4565,
    #4566,#4567,#4568,#4569,#4570,#4571,#4572,#4573,#4574,#4575,#4576,
    #4577,#4578,#4579,#4580,#4581,#4582),.UNSPECIFIED.,.F.,.F.,(7,5,5,5,
    7),(0.,0.250775550756,0.50031067413,0.750464865176,1.),
  .UNSPECIFIED.);
#4561 = CARTESIAN_POINT('',(-10.63405689079,286.74950884931,
    5.012881484905));
#4562 = CARTESIAN_POINT('',(-10.16471405878,286.75828827011,
    5.891410831147));
#4563 = CARTESIAN_POINT('',(-9.600484166943,286.76712760785,
    6.719475895042));
#4564 = CARTESIAN_POINT('',(-8.948342375485,286.77589473197,
    7.483856169675));
#4565 = CARTESIAN_POINT('',(-8.217476220969,286.78446236743,
    8.173353017055));
#4566 = CARTESIAN_POINT('',(-7.418610763656,286.7927071182,8.77822955003
    ));
#4567 = CARTESIAN_POINT('',(-5.714818388241,286.80827770792,
    9.80094978406));
#4568 = CARTESIAN_POINT('',(-4.810094845772,286.81561100494,
    10.219908399921));
#4569 = CARTESIAN_POINT('',(-3.86301727356,286.82239548347,
    10.540090215566));
#4570 = CARTESIAN_POINT('',(-2.887016070509,286.82853237926,
    10.756663751417));
#4571 = CARTESIAN_POINT('',(-1.896082523977,286.83393565752,
    10.866805449573));
#4572 = CARTESIAN_POINT('',(8.865698580664E-02,286.84315078727,
    10.874273673697));
#4573 = CARTESIAN_POINT('',(1.082862130371,286.84696050594,
    10.771073043097));
#4574 = CARTESIAN_POINT('',(2.062836073972,286.84989720786,
    10.560801086842));
#4575 = CARTESIAN_POINT('',(3.014463520049,286.85191664803,
    10.246204207257));
#4576 = CARTESIAN_POINT('',(3.924180992829,286.85299261039,
    9.832058396507));
#4577 = CARTESIAN_POINT('',(5.632221940106,286.85325557212,
    8.821167443282));
#4578 = CARTESIAN_POINT('',(6.431156324201,286.85244729206,
    8.224675012616));
#4579 = CARTESIAN_POINT('',(7.163353618324,286.85069725035,
    7.543945111376));
#4580 = CARTESIAN_POINT('',(7.818176444775,286.84802858691,
    6.788493286504));
#4581 = CARTESIAN_POINT('',(8.386487028757,286.84448222824,
    5.969282530678));
#4582 = CARTESIAN_POINT('',(8.861298342271,286.8401239023,5.099272261969
    ));
#4583 = PCURVE('',#4450,#4584);
#4584 = DEFINITIONAL_REPRESENTATION('',(#4585),#4608);
#4585 = B_SPLINE_CURVE_WITH_KNOTS('',6,(#4586,#4587,#4588,#4589,#4590,
    #4591,#4592,#4593,#4594,#4595,#4596,#4597,#4598,#4599,#4600,#4601,
    #4602,#4603,#4604,#4605,#4606,#4607),.UNSPECIFIED.,.F.,.F.,(7,5,5,5,
    7),(0.,0.250775550756,0.50031067413,0.750464865176,1.),
  .UNSPECIFIED.);
#4586 = CARTESIAN_POINT('',(3.632277859873,32.461891515441));
#4587 = CARTESIAN_POINT('',(3.72219028743,32.466117048539));
#4588 = CARTESIAN_POINT('',(3.812120686271,32.470099194842));
#4589 = CARTESIAN_POINT('',(3.902030279595,32.473773946073));
#4590 = CARTESIAN_POINT('',(3.99194004857,32.477086933356));
#4591 = CARTESIAN_POINT('',(4.081870963655,32.479990838189));
#4592 = CARTESIAN_POINT('',(4.261252591719,32.484894290087));
#4593 = CARTESIAN_POINT('',(4.350738747235,32.48689922024));
#4594 = CARTESIAN_POINT('',(4.440204635126,32.488426345273));
#4595 = CARTESIAN_POINT('',(4.52967065161,32.489452242627));
#4596 = CARTESIAN_POINT('',(4.619157187742,32.489963384421));
#4597 = CARTESIAN_POINT('',(4.798317195191,32.48995697111));
#4598 = CARTESIAN_POINT('',(4.888025908111,32.489436859462));
#4599 = CARTESIAN_POINT('',(4.977713848743,32.488399527302));
#4600 = CARTESIAN_POINT('',(5.067401659332,32.486858734754));
#4601 = CARTESIAN_POINT('',(5.157109987323,32.484838218905));
#4602 = CARTESIAN_POINT('',(5.336268827115,32.479918909523));
#4603 = CARTESIAN_POINT('',(5.425754566722,32.477021320305));
#4604 = CARTESIAN_POINT('',(5.515219668537,32.473719378468));
#4605 = CARTESIAN_POINT('',(5.60468459683,32.470059782598));
#4606 = CARTESIAN_POINT('',(5.694169826556,32.466096147707));
#4607 = CARTESIAN_POINT('',(5.783637518621,32.461891515441));
#4608 = ( GEOMETRIC_REPRESENTATION_CONTEXT(2) 
PARAMETRIC_REPRESENTATION_CONTEXT() REPRESENTATION_CONTEXT('2D SPACE',''
  ) );
#4609 = PCURVE('',#4610,#4615);
#4610 = CONICAL_SURFACE('',#4611,11.053005897307,0.785396178219);
#4611 = AXIS2_PLACEMENT_3D('',#4612,#4613,#4614);
#4612 = CARTESIAN_POINT('',(-0.863225617185,286.78082091998,
    -0.154208135267));
#4613 = DIRECTION('',(4.635971681286E-03,-0.999985590711,
    2.706683768868E-03));
#4614 = DIRECTION('',(0.999989253747,4.635988663262E-03,
    1.694065894509E-21));
#4615 = DEFINITIONAL_REPRESENTATION('',(#4616),#4639);
#4616 = B_SPLINE_CURVE_WITH_KNOTS('',6,(#4617,#4618,#4619,#4620,#4621,
    #4622,#4623,#4624,#4625,#4626,#4627,#4628,#4629,#4630,#4631,#4632,
    #4633,#4634,#4635,#4636,#4637,#4638),.UNSPECIFIED.,.F.,.F.,(7,5,5,5,
    7),(0.,0.250775550756,0.50031067413,0.750464865176,1.),
  .UNSPECIFIED.);
#4617 = CARTESIAN_POINT('',(-3.628035659637,1.438854682131E-13));
#4618 = CARTESIAN_POINT('',(-3.718152428707,-4.225533097462E-03));
#4619 = CARTESIAN_POINT('',(-3.808328646049,-8.207679400087E-03));
#4620 = CARTESIAN_POINT('',(-3.898522549138,-1.188243063141E-02));
#4621 = CARTESIAN_POINT('',(-3.988751138509,-1.519541791472E-02));
#4622 = CARTESIAN_POINT('',(-4.079030691177,-1.809932274735E-02));
#4623 = CARTESIAN_POINT('',(-4.259156073443,-2.300277464581E-02));
#4624 = CARTESIAN_POINT('',(-4.34903725591,-2.500770479902E-02));
#4625 = CARTESIAN_POINT('',(-4.438916706058,-2.653482983184E-02));
#4626 = CARTESIAN_POINT('',(-4.528808883346,-2.756072718604E-02));
#4627 = CARTESIAN_POINT('',(-4.618727978031,-2.80718689795E-02));
#4628 = CARTESIAN_POINT('',(-4.798753940219,-2.806545566859E-02));
#4629 = CARTESIAN_POINT('',(-4.888896222454,-2.754534402004E-02));
#4630 = CARTESIAN_POINT('',(-4.979011222936,-2.650801186083E-02));
#4631 = CARTESIAN_POINT('',(-5.069113339294,-2.496721931298E-02));
#4632 = CARTESIAN_POINT('',(-5.159217242709,-2.29467034634E-02));
#4633 = CARTESIAN_POINT('',(-5.339117715637,-1.802739408147E-02));
#4634 = CARTESIAN_POINT('',(-5.428949781056,-1.512980486402E-02));
#4635 = CARTESIAN_POINT('',(-5.518731616332,-1.182786302602E-02));
#4636 = CARTESIAN_POINT('',(-5.608479068435,-8.168267156932E-03));
#4637 = CARTESIAN_POINT('',(-5.698208696017,-4.204632265595E-03));
#4638 = CARTESIAN_POINT('',(-5.787879718857,0.));
#4639 = ( GEOMETRIC_REPRESENTATION_CONTEXT(2) 
PARAMETRIC_REPRESENTATION_CONTEXT() REPRESENTATION_CONTEXT('2D SPACE',''
  ) );
#4640 = ADVANCED_FACE('',(#4641),#4462,.T.);
#4641 = FACE_BOUND('',#4642,.T.);
#4642 = EDGE_LOOP('',(#4643));
#4643 = ORIENTED_EDGE('',*,*,#4440,.T.);
#4644 = ADVANCED_FACE('',(#4645,#4648),#4512,.F.);
#4645 = FACE_BOUND('',#4646,.F.);
#4646 = EDGE_LOOP('',(#4647));
#4647 = ORIENTED_EDGE('',*,*,#4497,.T.);
#4648 = FACE_BOUND('',#4649,.F.);
#4649 = EDGE_LOOP('',(#4650));
#4650 = ORIENTED_EDGE('',*,*,#4651,.F.);
#4651 = EDGE_CURVE('',#4652,#4652,#4654,.T.);
#4652 = VERTEX_POINT('',#4653);
#4653 = CARTESIAN_POINT('',(10.114366776767,286.90666236107,
    -0.154410996802));
#4654 = SURFACE_CURVE('',#4655,(#4660,#4667),.PCURVE_S1.);
#4655 = CIRCLE('',#4656,10.97805782546);
#4656 = AXIS2_PLACEMENT_3D('',#4657,#4658,#4659);
#4657 = CARTESIAN_POINT('',(-0.863573075704,286.85576820944,
    -0.154410996802));
#4658 = DIRECTION('',(-4.635971681286E-03,0.999985590711,
    -2.706683768868E-03));
#4659 = DIRECTION('',(0.999989253747,4.635988663262E-03,
    1.694065894509E-21));
#4660 = PCURVE('',#4512,#4661);
#4661 = DEFINITIONAL_REPRESENTATION('',(#4662),#4666);
#4662 = CIRCLE('',#4663,10.97805782546);
#4663 = AXIS2_PLACEMENT_2D('',#4664,#4665);
#4664 = CARTESIAN_POINT('',(-2.361343742331E-04,-5.328759074494E-02));
#4665 = DIRECTION('',(1.,-1.694059689018E-21));
#4666 = ( GEOMETRIC_REPRESENTATION_CONTEXT(2) 
PARAMETRIC_REPRESENTATION_CONTEXT() REPRESENTATION_CONTEXT('2D SPACE',''
  ) );
#4667 = PCURVE('',#4668,#4673);
#4668 = CONICAL_SURFACE('',#4669,11.053005897307,0.785396178219);
#4669 = AXIS2_PLACEMENT_3D('',#4670,#4671,#4672);
#4670 = CARTESIAN_POINT('',(-0.863225617185,286.78082091998,
    -0.154208135267));
#4671 = DIRECTION('',(4.635971681286E-03,-0.999985590711,
    2.706683768868E-03));
#4672 = DIRECTION('',(0.999989253747,4.635988663262E-03,
    1.694065894509E-21));
#4673 = DEFINITIONAL_REPRESENTATION('',(#4674),#4678);
#4674 = LINE('',#4675,#4676);
#4675 = CARTESIAN_POINT('',(-0.,-7.49483694188E-02));
#4676 = VECTOR('',#4677,1.);
#4677 = DIRECTION('',(-1.,-0.));
#4678 = ( GEOMETRIC_REPRESENTATION_CONTEXT(2) 
PARAMETRIC_REPRESENTATION_CONTEXT() REPRESENTATION_CONTEXT('2D SPACE',''
  ) );
#4679 = ADVANCED_FACE('',(#4680),#4546,.T.);
#4680 = FACE_BOUND('',#4681,.T.);
#4681 = EDGE_LOOP('',(#4682,#4683));
#4682 = ORIENTED_EDGE('',*,*,#4527,.F.);
#4683 = ORIENTED_EDGE('',*,*,#4684,.T.);
#4684 = EDGE_CURVE('',#4528,#4530,#4685,.T.);
#4685 = SURFACE_CURVE('',#4686,(#4691,#4698),.PCURVE_S1.);
#4686 = CIRCLE('',#4687,11.053005897307);
#4687 = AXIS2_PLACEMENT_3D('',#4688,#4689,#4690);
#4688 = CARTESIAN_POINT('',(-0.863225617185,286.78082091998,
    -0.154208135267));
#4689 = DIRECTION('',(-4.635971681286E-03,0.999985590711,
    -2.706683768868E-03));
#4690 = DIRECTION('',(0.999989253747,4.635988663262E-03,
    1.694065894509E-21));
#4691 = PCURVE('',#4546,#4692);
#4692 = DEFINITIONAL_REPRESENTATION('',(#4693),#4697);
#4693 = CIRCLE('',#4694,11.053005897307);
#4694 = AXIS2_PLACEMENT_2D('',#4695,#4696);
#4695 = CARTESIAN_POINT('',(0.,0.));
#4696 = DIRECTION('',(1.,0.));
#4697 = ( GEOMETRIC_REPRESENTATION_CONTEXT(2) 
PARAMETRIC_REPRESENTATION_CONTEXT() REPRESENTATION_CONTEXT('2D SPACE',''
  ) );
#4698 = PCURVE('',#4610,#4699);
#4699 = DEFINITIONAL_REPRESENTATION('',(#4700),#4704);
#4700 = LINE('',#4701,#4702);
#4701 = CARTESIAN_POINT('',(-0.,-0.));
#4702 = VECTOR('',#4703,1.);
#4703 = DIRECTION('',(-1.,-0.));
#4704 = ( GEOMETRIC_REPRESENTATION_CONTEXT(2) 
PARAMETRIC_REPRESENTATION_CONTEXT() REPRESENTATION_CONTEXT('2D SPACE',''
  ) );
#4705 = ADVANCED_FACE('',(#4706),#4610,.F.);
#4706 = FACE_BOUND('',#4707,.F.);
#4707 = EDGE_LOOP('',(#4708,#4709));
#4708 = ORIENTED_EDGE('',*,*,#4558,.F.);
#4709 = ORIENTED_EDGE('',*,*,#4684,.T.);
#4710 = ADVANCED_FACE('',(#4711),#4668,.F.);
#4711 = FACE_BOUND('',#4712,.F.);
#4712 = EDGE_LOOP('',(#4713,#4736,#4763,#4764));
#4713 = ORIENTED_EDGE('',*,*,#4714,.T.);
#4714 = EDGE_CURVE('',#4652,#4715,#4717,.T.);
#4715 = VERTEX_POINT('',#4716);
#4716 = CARTESIAN_POINT('',(8.96602525564,288.04440585532,
    -0.157504896459));
#4717 = SEAM_CURVE('',#4718,(#4722,#4729),.PCURVE_S1.);
#4718 = LINE('',#4719,#4720);
#4719 = CARTESIAN_POINT('',(10.189661501722,286.83206253001,
    -0.154208135267));
#4720 = VECTOR('',#4721,1.);
#4721 = DIRECTION('',(-0.710375912239,0.703819863479,-1.913918246953E-03
    ));
#4722 = PCURVE('',#4668,#4723);
#4723 = DEFINITIONAL_REPRESENTATION('',(#4724),#4728);
#4724 = LINE('',#4725,#4726);
#4725 = CARTESIAN_POINT('',(-6.28318530718,0.));
#4726 = VECTOR('',#4727,1.);
#4727 = DIRECTION('',(-0.,-1.));
#4728 = ( GEOMETRIC_REPRESENTATION_CONTEXT(2) 
PARAMETRIC_REPRESENTATION_CONTEXT() REPRESENTATION_CONTEXT('2D SPACE',''
  ) );
#4729 = PCURVE('',#4668,#4730);
#4730 = DEFINITIONAL_REPRESENTATION('',(#4731),#4735);
#4731 = LINE('',#4732,#4733);
#4732 = CARTESIAN_POINT('',(0.,-0.));
#4733 = VECTOR('',#4734,1.);
#4734 = DIRECTION('',(-0.,-1.));
#4735 = ( GEOMETRIC_REPRESENTATION_CONTEXT(2) 
PARAMETRIC_REPRESENTATION_CONTEXT() REPRESENTATION_CONTEXT('2D SPACE',''
  ) );
#4736 = ORIENTED_EDGE('',*,*,#4737,.F.);
#4737 = EDGE_CURVE('',#4715,#4715,#4738,.T.);
#4738 = SURFACE_CURVE('',#4739,(#4744,#4751),.PCURVE_S1.);
#4739 = CIRCLE('',#4740,9.835003210642);
#4740 = AXIS2_PLACEMENT_3D('',#4741,#4742,#4743);
#4741 = CARTESIAN_POINT('',(-0.868872265568,287.99881089193,
    -0.157504896459));
#4742 = DIRECTION('',(-4.635971681286E-03,0.999985590711,
    -2.706683768868E-03));
#4743 = DIRECTION('',(0.999989253747,4.635988663262E-03,
    1.694065894509E-21));
#4744 = PCURVE('',#4668,#4745);
#4745 = DEFINITIONAL_REPRESENTATION('',(#4746),#4750);
#4746 = LINE('',#4747,#4748);
#4747 = CARTESIAN_POINT('',(-0.,-1.218007522581));
#4748 = VECTOR('',#4749,1.);
#4749 = DIRECTION('',(-1.,-0.));
#4750 = ( GEOMETRIC_REPRESENTATION_CONTEXT(2) 
PARAMETRIC_REPRESENTATION_CONTEXT() REPRESENTATION_CONTEXT('2D SPACE',''
  ) );
#4751 = PCURVE('',#4752,#4757);
#4752 = PLANE('',#4753);
#4753 = AXIS2_PLACEMENT_3D('',#4754,#4755,#4756);
#4754 = CARTESIAN_POINT('',(-0.868872265568,287.99881089193,
    -0.157504896459));
#4755 = DIRECTION('',(-4.635971681286E-03,0.999985590711,
    -2.706683768868E-03));
#4756 = DIRECTION('',(0.999989253747,4.635988663262E-03,
    1.694065894509E-21));
#4757 = DEFINITIONAL_REPRESENTATION('',(#4758),#4762);
#4758 = CIRCLE('',#4759,9.835003210642);
#4759 = AXIS2_PLACEMENT_2D('',#4760,#4761);
#4760 = CARTESIAN_POINT('',(0.,0.));
#4761 = DIRECTION('',(1.,0.));
#4762 = ( GEOMETRIC_REPRESENTATION_CONTEXT(2) 
PARAMETRIC_REPRESENTATION_CONTEXT() REPRESENTATION_CONTEXT('2D SPACE',''
  ) );
#4763 = ORIENTED_EDGE('',*,*,#4714,.F.);
#4764 = ORIENTED_EDGE('',*,*,#4651,.T.);
#4765 = ADVANCED_FACE('',(#4766),#4752,.F.);
#4766 = FACE_BOUND('',#4767,.F.);
#4767 = EDGE_LOOP('',(#4768));
#4768 = ORIENTED_EDGE('',*,*,#4737,.T.);
#4769 = ( GEOMETRIC_REPRESENTATION_CONTEXT(3) 
GLOBAL_UNCERTAINTY_ASSIGNED_CONTEXT((#4773)) 
GLOBAL_UNIT_ASSIGNED_CONTEXT((#4770,#4771,#4772)) REPRESENTATION_CONTEXT
('Context #1','3D Context with UNIT and UNCERTAINTY') );
#4770 = ( LENGTH_UNIT() NAMED_UNIT(*) SI_UNIT(.MILLI.,.METRE.) );
#4771 = ( NAMED_UNIT(*) PLANE_ANGLE_UNIT() SI_UNIT($,.RADIAN.) );
#4772 = ( NAMED_UNIT(*) SI_UNIT($,.STERADIAN.) SOLID_ANGLE_UNIT() );
#4773 = UNCERTAINTY_MEASURE_WITH_UNIT(LENGTH_MEASURE(2.E-03),#4770,
  'distance_accuracy_value','confusion accuracy');
#4774 = PRODUCT_TYPE('part',$,(#7));
ENDSEC;
END-ISO-10303-21;
