ISO-10303-21;
HEADER;
FILE_DESCRIPTION(('Open CASCADE Model'),'2;1');
FILE_NAME('Open CASCADE Shape Model','2026-09-07T11:26:59',('Author'),(
    'Open CASCADE'),'Open CASCADE STEP processor 7.8','Open CASCADE 7.8'
  ,'Unknown');
FILE_SCHEMA(('CONFIG_CONTROL_DESIGN'));
ENDSEC;
DATA;
#1 = APPLICATION_PROTOCOL_DEFINITION('committee draft',
  'automotive_design',1997,#2);
#2 = APPLICATION_CONTEXT(
  'core data for automotive mechanical design processes');
#3 = SHAPE_DEFINITION_REPRESENTATION(#4,#10);
#4 = PRODUCT_DEFINITION_SHAPE('','',#5);
#5 = PRODUCT_DEFINITION('design','',#6,#9);
#6 = PRODUCT_DEFINITION_FORMATION('','',#7);
#7 = PRODUCT('Product 20','Product 20','',(#8));
#8 = MECHANICAL_CONTEXT('',#2,'mechanical');
#9 = PRODUCT_DEFINITION_CONTEXT('part definition',#2,'design');
#10 = ADVANCED_BREP_SHAPE_REPRESENTATION('',(#11,#15),#7490);
#11 = AXIS2_PLACEMENT_3D('',#12,#13,#14);
#12 = CARTESIAN_POINT('',(0.,0.,0.));
#13 = DIRECTION('',(0.,0.,1.));
#14 = DIRECTION('',(1.,0.,-0.));
#15 = MANIFOLD_SOLID_BREP('',#16);
#16 = CLOSED_SHELL('',(#17,#105,#163,#217,#252,#496,#1009,#1287,#1366,
    #1629,#1701,#1750,#1776,#1828,#2036,#2071,#2148,#2197,#2247,#2274,
    #2322,#2371,#2397,#2404,#2480,#2641,#2837,#2864,#2913,#3021,#3121,
    #3170,#3217,#3264,#3312,#3338,#3345,#3370,#3465,#3572,#3695,#3721,
    #3748,#3821,#3853,#3908,#3915,#3942,#3969,#3994,#4065,#4090,#4117,
    #4144,#4151,#4178,#4234,#4239,#4246,#4360,#4387,#4394,#4429,#4464,
    #4945,#5426,#5474,#5529,#5564,#5623,#5678,#5713,#5772,#5807,#5811,
    #6059,#6094,#6411,#6467,#6546,#6602,#6637,#6693,#6732,#6787,#6826,
    #6881,#6885,#6940,#6944,#6983,#7042,#7077,#7156,#7212,#7251,#7306,
    #7341,#7396,#7431,#7486));
#17 = ADVANCED_FACE('',(#18),#32,.T.);
#18 = FACE_BOUND('',#19,.T.);
#19 = EDGE_LOOP('',(#20,#50,#77,#78));
#20 = ORIENTED_EDGE('',*,*,#21,.F.);
#21 = EDGE_CURVE('',#22,#24,#26,.T.);
#22 = VERTEX_POINT('',#23);
#23 = CARTESIAN_POINT('',(126.00312308923,-5.884988613909E-03,
    26.974557052347));
#24 = VERTEX_POINT('',#25);
#25 = CARTESIAN_POINT('',(248.88289510974,-5.674562650403E-03,
    27.11428098136));
#26 = SEAM_CURVE('',#27,(#31,#43),.PCURVE_S1.);
#27 = LINE('',#28,#29);
#28 = CARTESIAN_POINT('',(123.58147907132,-5.889135568014E-03,
    26.971803453351));
#29 = VECTOR('',#30,1.);
#30 = DIRECTION('',(0.999999353526,1.712452944955E-06,1.13707761976E-03)
  );
#31 = PCURVE('',#32,#37);
#32 = CYLINDRICAL_SURFACE('',#33,26.963724130418);
#33 = AXIS2_PLACEMENT_3D('',#34,#35,#36);
#34 = CARTESIAN_POINT('',(123.61213891857,-5.88913556802E-03,
    8.096754251637E-03));
#35 = DIRECTION('',(0.999999353526,1.712452944955E-06,1.13707761976E-03)
  );
#36 = DIRECTION('',(-1.137077619762E-03,0.,0.999999353527));
#37 = DEFINITIONAL_REPRESENTATION('',(#38),#42);
#38 = LINE('',#39,#40);
#39 = CARTESIAN_POINT('',(0.,-0.));
#40 = VECTOR('',#41,1.);
#41 = DIRECTION('',(0.,1.));
#42 = ( GEOMETRIC_REPRESENTATION_CONTEXT(2) 
PARAMETRIC_REPRESENTATION_CONTEXT() REPRESENTATION_CONTEXT('2D SPACE',''
  ) );
#43 = PCURVE('',#32,#44);
#44 = DEFINITIONAL_REPRESENTATION('',(#45),#49);
#45 = LINE('',#46,#47);
#46 = CARTESIAN_POINT('',(6.28318530718,-0.));
#47 = VECTOR('',#48,1.);
#48 = DIRECTION('',(0.,1.));
#49 = ( GEOMETRIC_REPRESENTATION_CONTEXT(2) 
PARAMETRIC_REPRESENTATION_CONTEXT() REPRESENTATION_CONTEXT('2D SPACE',''
  ) );
#50 = ORIENTED_EDGE('',*,*,#51,.T.);
#51 = EDGE_CURVE('',#22,#22,#52,.T.);
#52 = SURFACE_CURVE('',#53,(#58,#65),.PCURVE_S1.);
#53 = CIRCLE('',#54,26.963724130418);
#54 = AXIS2_PLACEMENT_3D('',#55,#56,#57);
#55 = CARTESIAN_POINT('',(126.03378293648,-5.884988613909E-03,
    1.085035324756E-02));
#56 = DIRECTION('',(0.999999353526,1.712452944955E-06,1.13707761976E-03)
  );
#57 = DIRECTION('',(-1.137077619762E-03,-1.295695711503E-20,
    0.999999353527));
#58 = PCURVE('',#32,#59);
#59 = DEFINITIONAL_REPRESENTATION('',(#60),#64);
#60 = LINE('',#61,#62);
#61 = CARTESIAN_POINT('',(0.,2.421645583442));
#62 = VECTOR('',#63,1.);
#63 = DIRECTION('',(1.,0.));
#64 = ( GEOMETRIC_REPRESENTATION_CONTEXT(2) 
PARAMETRIC_REPRESENTATION_CONTEXT() REPRESENTATION_CONTEXT('2D SPACE',''
  ) );
#65 = PCURVE('',#66,#71);
#66 = TOROIDAL_SURFACE('',#67,28.964236272977,2.000512142559);
#67 = AXIS2_PLACEMENT_3D('',#68,#69,#70);
#68 = CARTESIAN_POINT('',(126.03378293648,-5.884988613909E-03,
    1.085035324756E-02));
#69 = DIRECTION('',(-0.999999353526,-1.712452944955E-06,
    -1.13707761976E-03));
#70 = DIRECTION('',(-1.137077619762E-03,-1.295695711503E-20,
    0.999999353527));
#71 = DEFINITIONAL_REPRESENTATION('',(#72),#76);
#72 = LINE('',#73,#74);
#73 = CARTESIAN_POINT('',(-0.,3.14159265359));
#74 = VECTOR('',#75,1.);
#75 = DIRECTION('',(-1.,0.));
#76 = ( GEOMETRIC_REPRESENTATION_CONTEXT(2) 
PARAMETRIC_REPRESENTATION_CONTEXT() REPRESENTATION_CONTEXT('2D SPACE',''
  ) );
#77 = ORIENTED_EDGE('',*,*,#21,.T.);
#78 = ORIENTED_EDGE('',*,*,#79,.F.);
#79 = EDGE_CURVE('',#24,#24,#80,.T.);
#80 = SURFACE_CURVE('',#81,(#86,#93),.PCURVE_S1.);
#81 = CIRCLE('',#82,26.963724130418);
#82 = AXIS2_PLACEMENT_3D('',#83,#84,#85);
#83 = CARTESIAN_POINT('',(248.91355495699,-5.674562650403E-03,
    0.150574282261));
#84 = DIRECTION('',(0.999999353526,1.712452944955E-06,1.13707761976E-03)
  );
#85 = DIRECTION('',(-1.137077619762E-03,4.719065394615E-21,
    0.999999353527));
#86 = PCURVE('',#32,#87);
#87 = DEFINITIONAL_REPRESENTATION('',(#88),#92);
#88 = LINE('',#89,#90);
#89 = CARTESIAN_POINT('',(3.216772778839E-20,125.30149704263));
#90 = VECTOR('',#91,1.);
#91 = DIRECTION('',(1.,0.));
#92 = ( GEOMETRIC_REPRESENTATION_CONTEXT(2) 
PARAMETRIC_REPRESENTATION_CONTEXT() REPRESENTATION_CONTEXT('2D SPACE',''
  ) );
#93 = PCURVE('',#94,#99);
#94 = TOROIDAL_SURFACE('',#95,28.964235766958,2.000511636541);
#95 = AXIS2_PLACEMENT_3D('',#96,#97,#98);
#96 = CARTESIAN_POINT('',(248.91355495699,-5.674562650403E-03,
    0.150574282261));
#97 = DIRECTION('',(-0.999999353526,-1.712452944955E-06,
    -1.13707761976E-03));
#98 = DIRECTION('',(-1.137077619762E-03,4.719065394615E-21,
    0.999999353527));
#99 = DEFINITIONAL_REPRESENTATION('',(#100),#104);
#100 = LINE('',#101,#102);
#101 = CARTESIAN_POINT('',(-0.,3.14159265359));
#102 = VECTOR('',#103,1.);
#103 = DIRECTION('',(-1.,0.));
#104 = ( GEOMETRIC_REPRESENTATION_CONTEXT(2) 
PARAMETRIC_REPRESENTATION_CONTEXT() REPRESENTATION_CONTEXT('2D SPACE',''
  ) );
#105 = ADVANCED_FACE('',(#106),#94,.F.);
#106 = FACE_BOUND('',#107,.T.);
#107 = EDGE_LOOP('',(#108,#130,#131,#132));
#108 = ORIENTED_EDGE('',*,*,#109,.F.);
#109 = EDGE_CURVE('',#24,#110,#112,.T.);
#110 = VERTEX_POINT('',#111);
#111 = CARTESIAN_POINT('',(250.88113071599,-5.671136868359E-03,
    29.117066061634));
#112 = SEAM_CURVE('',#113,(#118,#124),.PCURVE_S1.);
#113 = CIRCLE('',#114,2.000511636541);
#114 = AXIS2_PLACEMENT_3D('',#115,#116,#117);
#115 = CARTESIAN_POINT('',(248.88062037273,-5.674562650403E-03,
    29.114791324624));
#116 = DIRECTION('',(1.7124518379E-06,-0.999999999999,1.947191918641E-09
    ));
#117 = DIRECTION('',(-1.137077619762E-03,3.688646505558E-20,
    0.999999353527));
#118 = PCURVE('',#94,#119);
#119 = DEFINITIONAL_REPRESENTATION('',(#120),#123);
#120 = B_SPLINE_CURVE_WITH_KNOTS('',1,(#121,#122),.UNSPECIFIED.,.F.,.F.,
  (2,2),(3.14159265359,4.712388980385),.PIECEWISE_BEZIER_KNOTS.);
#121 = CARTESIAN_POINT('',(3.216772778839E-20,3.14159265359));
#122 = CARTESIAN_POINT('',(3.216772778839E-20,4.712388980385));
#123 = ( GEOMETRIC_REPRESENTATION_CONTEXT(2) 
PARAMETRIC_REPRESENTATION_CONTEXT() REPRESENTATION_CONTEXT('2D SPACE',''
  ) );
#124 = PCURVE('',#94,#125);
#125 = DEFINITIONAL_REPRESENTATION('',(#126),#129);
#126 = B_SPLINE_CURVE_WITH_KNOTS('',1,(#127,#128),.UNSPECIFIED.,.F.,.F.,
  (2,2),(3.14159265359,4.712388980385),.PIECEWISE_BEZIER_KNOTS.);
#127 = CARTESIAN_POINT('',(-6.28318530718,3.14159265359));
#128 = CARTESIAN_POINT('',(-6.28318530718,4.712388980385));
#129 = ( GEOMETRIC_REPRESENTATION_CONTEXT(2) 
PARAMETRIC_REPRESENTATION_CONTEXT() REPRESENTATION_CONTEXT('2D SPACE',''
  ) );
#130 = ORIENTED_EDGE('',*,*,#79,.F.);
#131 = ORIENTED_EDGE('',*,*,#109,.T.);
#132 = ORIENTED_EDGE('',*,*,#133,.T.);
#133 = EDGE_CURVE('',#110,#110,#134,.T.);
#134 = SURFACE_CURVE('',#135,(#140,#147),.PCURVE_S1.);
#135 = CIRCLE('',#136,28.964235766958);
#136 = AXIS2_PLACEMENT_3D('',#137,#138,#139);
#137 = CARTESIAN_POINT('',(250.91406530025,-5.671136868359E-03,
    0.152849019271));
#138 = DIRECTION('',(0.999999353526,1.712452944955E-06,1.13707761976E-03
    ));
#139 = DIRECTION('',(-1.137077619762E-03,4.719065394615E-21,
    0.999999353527));
#140 = PCURVE('',#94,#141);
#141 = DEFINITIONAL_REPRESENTATION('',(#142),#146);
#142 = LINE('',#143,#144);
#143 = CARTESIAN_POINT('',(-0.,4.712388980385));
#144 = VECTOR('',#145,1.);
#145 = DIRECTION('',(-1.,0.));
#146 = ( GEOMETRIC_REPRESENTATION_CONTEXT(2) 
PARAMETRIC_REPRESENTATION_CONTEXT() REPRESENTATION_CONTEXT('2D SPACE',''
  ) );
#147 = PCURVE('',#148,#153);
#148 = PLANE('',#149);
#149 = AXIS2_PLACEMENT_3D('',#150,#151,#152);
#150 = CARTESIAN_POINT('',(250.91406530025,-5.671136868359E-03,
    0.152849019271));
#151 = DIRECTION('',(-0.999999353526,-1.712452944955E-06,
    -1.13707761976E-03));
#152 = DIRECTION('',(1.137077619762E-03,0.,-0.999999353527));
#153 = DEFINITIONAL_REPRESENTATION('',(#154),#162);
#154 = ( BOUNDED_CURVE() B_SPLINE_CURVE(2,(#155,#156,#157,#158,#159,#160
,#161),.UNSPECIFIED.,.T.,.F.) B_SPLINE_CURVE_WITH_KNOTS((1,2,2,2,2,1),(
    -2.094395102393,0.,2.094395102393,4.188790204786,6.28318530718,
8.377580409573),.UNSPECIFIED.) CURVE() GEOMETRIC_REPRESENTATION_ITEM() 
RATIONAL_B_SPLINE_CURVE((1.,0.5,1.,0.5,1.,0.5,1.)) REPRESENTATION_ITEM(
  '') );
#155 = CARTESIAN_POINT('',(-28.96423576695,3.469446951954E-18));
#156 = CARTESIAN_POINT('',(-28.96423576695,50.167527950776));
#157 = CARTESIAN_POINT('',(14.482117883479,25.083763975388));
#158 = CARTESIAN_POINT('',(57.928471533917,7.097661171303E-15));
#159 = CARTESIAN_POINT('',(14.482117883479,-25.08376397538));
#160 = CARTESIAN_POINT('',(-28.96423576695,-50.16752795077));
#161 = CARTESIAN_POINT('',(-28.96423576695,3.469446951954E-18));
#162 = ( GEOMETRIC_REPRESENTATION_CONTEXT(2) 
PARAMETRIC_REPRESENTATION_CONTEXT() REPRESENTATION_CONTEXT('2D SPACE',''
  ) );
#163 = ADVANCED_FACE('',(#164),#66,.F.);
#164 = FACE_BOUND('',#165,.T.);
#165 = EDGE_LOOP('',(#166,#188,#215,#216));
#166 = ORIENTED_EDGE('',*,*,#167,.F.);
#167 = EDGE_CURVE('',#168,#22,#170,.T.);
#168 = VERTEX_POINT('',#169);
#169 = CARTESIAN_POINT('',(124.00033750236,-5.888414396819E-03,
    28.972793164043));
#170 = SEAM_CURVE('',#171,(#176,#182),.PCURVE_S1.);
#171 = CIRCLE('',#172,2.000512142559);
#172 = AXIS2_PLACEMENT_3D('',#173,#174,#175);
#173 = CARTESIAN_POINT('',(126.00084835164,-5.884988613909E-03,
    28.975067901628));
#174 = DIRECTION('',(1.7124518379E-06,-0.999999999999,1.947191918591E-09
    ));
#175 = DIRECTION('',(-1.137077619762E-03,-1.295737070534E-20,
    0.999999353527));
#176 = PCURVE('',#66,#177);
#177 = DEFINITIONAL_REPRESENTATION('',(#178),#181);
#178 = B_SPLINE_CURVE_WITH_KNOTS('',1,(#179,#180),.UNSPECIFIED.,.F.,.F.,
  (2,2),(1.570796326795,3.14159265359),.PIECEWISE_BEZIER_KNOTS.);
#179 = CARTESIAN_POINT('',(0.,1.570796326795));
#180 = CARTESIAN_POINT('',(0.,3.14159265359));
#181 = ( GEOMETRIC_REPRESENTATION_CONTEXT(2) 
PARAMETRIC_REPRESENTATION_CONTEXT() REPRESENTATION_CONTEXT('2D SPACE',''
  ) );
#182 = PCURVE('',#66,#183);
#183 = DEFINITIONAL_REPRESENTATION('',(#184),#187);
#184 = B_SPLINE_CURVE_WITH_KNOTS('',1,(#185,#186),.UNSPECIFIED.,.F.,.F.,
  (2,2),(1.570796326795,3.14159265359),.PIECEWISE_BEZIER_KNOTS.);
#185 = CARTESIAN_POINT('',(-6.28318530718,1.570796326795));
#186 = CARTESIAN_POINT('',(-6.28318530718,3.14159265359));
#187 = ( GEOMETRIC_REPRESENTATION_CONTEXT(2) 
PARAMETRIC_REPRESENTATION_CONTEXT() REPRESENTATION_CONTEXT('2D SPACE',''
  ) );
#188 = ORIENTED_EDGE('',*,*,#189,.F.);
#189 = EDGE_CURVE('',#168,#168,#190,.T.);
#190 = SURFACE_CURVE('',#191,(#196,#203),.PCURVE_S1.);
#191 = CIRCLE('',#192,28.964236272977);
#192 = AXIS2_PLACEMENT_3D('',#193,#194,#195);
#193 = CARTESIAN_POINT('',(124.0332720872,-5.888414396819E-03,
    8.575615662197E-03));
#194 = DIRECTION('',(0.999999353526,1.712452944955E-06,1.13707761976E-03
    ));
#195 = DIRECTION('',(-1.137077619762E-03,-1.295695711503E-20,
    0.999999353527));
#196 = PCURVE('',#66,#197);
#197 = DEFINITIONAL_REPRESENTATION('',(#198),#202);
#198 = LINE('',#199,#200);
#199 = CARTESIAN_POINT('',(-0.,1.570796326795));
#200 = VECTOR('',#201,1.);
#201 = DIRECTION('',(-1.,0.));
#202 = ( GEOMETRIC_REPRESENTATION_CONTEXT(2) 
PARAMETRIC_REPRESENTATION_CONTEXT() REPRESENTATION_CONTEXT('2D SPACE',''
  ) );
#203 = PCURVE('',#204,#209);
#204 = PLANE('',#205);
#205 = AXIS2_PLACEMENT_3D('',#206,#207,#208);
#206 = CARTESIAN_POINT('',(124.0332720872,-5.888414396819E-03,
    8.575615662197E-03));
#207 = DIRECTION('',(0.999999353526,1.712452944955E-06,1.13707761976E-03
    ));
#208 = DIRECTION('',(-1.137077619762E-03,0.,0.999999353527));
#209 = DEFINITIONAL_REPRESENTATION('',(#210),#214);
#210 = CIRCLE('',#211,28.964236272977);
#211 = AXIS2_PLACEMENT_2D('',#212,#213);
#212 = CARTESIAN_POINT('',(0.,6.938893903907E-18));
#213 = DIRECTION('',(1.,0.));
#214 = ( GEOMETRIC_REPRESENTATION_CONTEXT(2) 
PARAMETRIC_REPRESENTATION_CONTEXT() REPRESENTATION_CONTEXT('2D SPACE',''
  ) );
#215 = ORIENTED_EDGE('',*,*,#167,.T.);
#216 = ORIENTED_EDGE('',*,*,#51,.T.);
#217 = ADVANCED_FACE('',(#218,#221),#148,.T.);
#218 = FACE_BOUND('',#219,.T.);
#219 = EDGE_LOOP('',(#220));
#220 = ORIENTED_EDGE('',*,*,#133,.T.);
#221 = FACE_BOUND('',#222,.T.);
#222 = EDGE_LOOP('',(#223));
#223 = ORIENTED_EDGE('',*,*,#224,.T.);
#224 = EDGE_CURVE('',#225,#225,#227,.T.);
#225 = VERTEX_POINT('',#226);
#226 = CARTESIAN_POINT('',(250.96222673333,-5.671136868349E-03,
    -42.20257255171));
#227 = SURFACE_CURVE('',#228,(#233,#240),.PCURVE_S1.);
#228 = CIRCLE('',#229,42.355448952641);
#229 = AXIS2_PLACEMENT_3D('',#230,#231,#232);
#230 = CARTESIAN_POINT('',(250.91406530025,-5.671136868359E-03,
    0.152849019271));
#231 = DIRECTION('',(-0.999999353526,-1.712452944955E-06,
    -1.13707761976E-03));
#232 = DIRECTION('',(1.137077619762E-03,0.,-0.999999353527));
#233 = PCURVE('',#148,#234);
#234 = DEFINITIONAL_REPRESENTATION('',(#235),#239);
#235 = CIRCLE('',#236,42.355448952641);
#236 = AXIS2_PLACEMENT_2D('',#237,#238);
#237 = CARTESIAN_POINT('',(0.,0.));
#238 = DIRECTION('',(1.,0.));
#239 = ( GEOMETRIC_REPRESENTATION_CONTEXT(2) 
PARAMETRIC_REPRESENTATION_CONTEXT() REPRESENTATION_CONTEXT('2D SPACE',''
  ) );
#240 = PCURVE('',#241,#246);
#241 = CYLINDRICAL_SURFACE('',#242,42.355448952641);
#242 = AXIS2_PLACEMENT_3D('',#243,#244,#245);
#243 = CARTESIAN_POINT('',(281.0750205014,-5.619487618412E-03,
    0.187144388592));
#244 = DIRECTION('',(-0.999999353526,-1.712452944955E-06,
    -1.13707761976E-03));
#245 = DIRECTION('',(1.137077619762E-03,0.,-0.999999353527));
#246 = DEFINITIONAL_REPRESENTATION('',(#247),#251);
#247 = LINE('',#248,#249);
#248 = CARTESIAN_POINT('',(0.,30.160974699443));
#249 = VECTOR('',#250,1.);
#250 = DIRECTION('',(1.,0.));
#251 = ( GEOMETRIC_REPRESENTATION_CONTEXT(2) 
PARAMETRIC_REPRESENTATION_CONTEXT() REPRESENTATION_CONTEXT('2D SPACE',''
  ) );
#252 = ADVANCED_FACE('',(#253,#256),#204,.T.);
#253 = FACE_BOUND('',#254,.T.);
#254 = EDGE_LOOP('',(#255));
#255 = ORIENTED_EDGE('',*,*,#189,.F.);
#256 = FACE_BOUND('',#257,.T.);
#257 = EDGE_LOOP('',(#258,#286,#315,#344,#370,#396,#422,#448,#472));
#258 = ORIENTED_EDGE('',*,*,#259,.F.);
#259 = EDGE_CURVE('',#260,#262,#264,.T.);
#260 = VERTEX_POINT('',#261);
#261 = CARTESIAN_POINT('',(124.000099,-30.86705019335,29.229020616224));
#262 = VERTEX_POINT('',#263);
#263 = CARTESIAN_POINT('',(124.000099,-19.,29.211148692201));
#264 = SURFACE_CURVE('',#265,(#269,#275),.PCURVE_S1.);
#265 = LINE('',#266,#267);
#266 = CARTESIAN_POINT('',(124.000099,-15.95896521112,29.206568856038));
#267 = VECTOR('',#268,1.);
#268 = DIRECTION('',(0.,0.999998865965,-1.506010648011E-03));
#269 = PCURVE('',#204,#270);
#270 = DEFINITIONAL_REPRESENTATION('',(#271),#274);
#271 = B_SPLINE_CURVE_WITH_KNOTS('',1,(#272,#273),.UNSPECIFIED.,.F.,.F.,
  (2,2),(-26.54691581222,-3.041038237523),.PIECEWISE_BEZIER_KNOTS.);
#272 = CARTESIAN_POINT('',(29.237991997077,42.499962503884));
#273 = CARTESIAN_POINT('',(29.202591918044,18.994111585631));
#274 = ( GEOMETRIC_REPRESENTATION_CONTEXT(2) 
PARAMETRIC_REPRESENTATION_CONTEXT() REPRESENTATION_CONTEXT('2D SPACE',''
  ) );
#275 = PCURVE('',#276,#281);
#276 = PLANE('',#277);
#277 = AXIS2_PLACEMENT_3D('',#278,#279,#280);
#278 = CARTESIAN_POINT('',(124.000099,-32.,0.));
#279 = DIRECTION('',(1.,0.,0.));
#280 = DIRECTION('',(-0.,0.,1.));
#281 = DEFINITIONAL_REPRESENTATION('',(#282),#285);
#282 = B_SPLINE_CURVE_WITH_KNOTS('',1,(#283,#284),.UNSPECIFIED.,.F.,.F.,
  (2,2),(-26.54691581222,-3.041038237523),.PIECEWISE_BEZIER_KNOTS.);
#283 = CARTESIAN_POINT('',(29.246548793923,10.505850918218));
#284 = CARTESIAN_POINT('',(29.211148692005,-13.));
#285 = ( GEOMETRIC_REPRESENTATION_CONTEXT(2) 
PARAMETRIC_REPRESENTATION_CONTEXT() REPRESENTATION_CONTEXT('2D SPACE',''
  ) );
#286 = ORIENTED_EDGE('',*,*,#287,.T.);
#287 = EDGE_CURVE('',#260,#288,#290,.T.);
#288 = VERTEX_POINT('',#289);
#289 = CARTESIAN_POINT('',(123.984946331,-5.888414396809E-03,
    42.508510644469));
#290 = SURFACE_CURVE('',#291,(#296,#303),.PCURVE_S1.);
#291 = CIRCLE('',#292,42.499962503884);
#292 = AXIS2_PLACEMENT_3D('',#293,#294,#295);
#293 = CARTESIAN_POINT('',(124.0332720872,-5.888414396819E-03,
    8.575615662197E-03));
#294 = DIRECTION('',(0.999999353526,1.712452944955E-06,1.13707761976E-03
    ));
#295 = DIRECTION('',(-1.137077619762E-03,0.,0.999999353527));
#296 = PCURVE('',#204,#297);
#297 = DEFINITIONAL_REPRESENTATION('',(#298),#302);
#298 = CIRCLE('',#299,42.499962503884);
#299 = AXIS2_PLACEMENT_2D('',#300,#301);
#300 = CARTESIAN_POINT('',(0.,0.));
#301 = DIRECTION('',(1.,0.));
#302 = ( GEOMETRIC_REPRESENTATION_CONTEXT(2) 
PARAMETRIC_REPRESENTATION_CONTEXT() REPRESENTATION_CONTEXT('2D SPACE',''
  ) );
#303 = PCURVE('',#304,#309);
#304 = CYLINDRICAL_SURFACE('',#305,42.499962503884);
#305 = AXIS2_PLACEMENT_3D('',#306,#307,#308);
#306 = CARTESIAN_POINT('',(93.979166084205,-5.939880672424E-03,
    -2.559825774826E-02));
#307 = DIRECTION('',(0.999999353526,1.712452944955E-06,1.13707761976E-03
    ));
#308 = DIRECTION('',(-1.137077619762E-03,0.,0.999999353527));
#309 = DEFINITIONAL_REPRESENTATION('',(#310),#314);
#310 = LINE('',#311,#312);
#311 = CARTESIAN_POINT('',(0.,30.054125432226));
#312 = VECTOR('',#313,1.);
#313 = DIRECTION('',(1.,0.));
#314 = ( GEOMETRIC_REPRESENTATION_CONTEXT(2) 
PARAMETRIC_REPRESENTATION_CONTEXT() REPRESENTATION_CONTEXT('2D SPACE',''
  ) );
#315 = ORIENTED_EDGE('',*,*,#316,.T.);
#316 = EDGE_CURVE('',#288,#317,#319,.T.);
#317 = VERTEX_POINT('',#318);
#318 = CARTESIAN_POINT('',(123.98495746469,-0.856377872824,42.5));
#319 = SURFACE_CURVE('',#320,(#325,#332),.PCURVE_S1.);
#320 = CIRCLE('',#321,42.499962503884);
#321 = AXIS2_PLACEMENT_3D('',#322,#323,#324);
#322 = CARTESIAN_POINT('',(124.0332720872,-5.888414396819E-03,
    8.575615662197E-03));
#323 = DIRECTION('',(0.999999353526,1.712452944955E-06,1.13707761976E-03
    ));
#324 = DIRECTION('',(-1.137077619762E-03,0.,0.999999353527));
#325 = PCURVE('',#204,#326);
#326 = DEFINITIONAL_REPRESENTATION('',(#327),#331);
#327 = CIRCLE('',#328,42.499962503884);
#328 = AXIS2_PLACEMENT_2D('',#329,#330);
#329 = CARTESIAN_POINT('',(0.,0.));
#330 = DIRECTION('',(1.,0.));
#331 = ( GEOMETRIC_REPRESENTATION_CONTEXT(2) 
PARAMETRIC_REPRESENTATION_CONTEXT() REPRESENTATION_CONTEXT('2D SPACE',''
  ) );
#332 = PCURVE('',#333,#338);
#333 = CYLINDRICAL_SURFACE('',#334,42.499962503884);
#334 = AXIS2_PLACEMENT_3D('',#335,#336,#337);
#335 = CARTESIAN_POINT('',(93.979166084205,-5.939880672424E-03,
    -2.559825774826E-02));
#336 = DIRECTION('',(0.999999353526,1.712452944955E-06,1.13707761976E-03
    ));
#337 = DIRECTION('',(-1.137077619762E-03,0.,0.999999353527));
#338 = DEFINITIONAL_REPRESENTATION('',(#339),#343);
#339 = LINE('',#340,#341);
#340 = CARTESIAN_POINT('',(0.,30.054125432226));
#341 = VECTOR('',#342,1.);
#342 = DIRECTION('',(1.,0.));
#343 = ( GEOMETRIC_REPRESENTATION_CONTEXT(2) 
PARAMETRIC_REPRESENTATION_CONTEXT() REPRESENTATION_CONTEXT('2D SPACE',''
  ) );
#344 = ORIENTED_EDGE('',*,*,#345,.F.);
#345 = EDGE_CURVE('',#346,#317,#348,.T.);
#346 = VERTEX_POINT('',#347);
#347 = CARTESIAN_POINT('',(123.98495615195,-8.978975000008E-02,42.5));
#348 = SURFACE_CURVE('',#349,(#353,#359),.PCURVE_S1.);
#349 = LINE('',#350,#351);
#350 = CARTESIAN_POINT('',(123.98497204086,-9.368233949696,42.5));
#351 = VECTOR('',#352,1.);
#352 = DIRECTION('',(1.71245405201E-06,-0.999999999999,0.));
#353 = PCURVE('',#204,#354);
#354 = DEFINITIONAL_REPRESENTATION('',(#355),#358);
#355 = B_SPLINE_CURVE_WITH_KNOTS('',1,(#356,#357),.UNSPECIFIED.,.F.,.F.,
  (2,2),(-9.278444199709,9.362396800318),.PIECEWISE_BEZIER_KNOTS.);
#356 = CARTESIAN_POINT('',(42.491451853749,8.390133560338E-02));
#357 = CARTESIAN_POINT('',(42.491451817452,18.724742335631));
#358 = ( GEOMETRIC_REPRESENTATION_CONTEXT(2) 
PARAMETRIC_REPRESENTATION_CONTEXT() REPRESENTATION_CONTEXT('2D SPACE',''
  ) );
#359 = PCURVE('',#360,#365);
#360 = PLANE('',#361);
#361 = AXIS2_PLACEMENT_3D('',#362,#363,#364);
#362 = CARTESIAN_POINT('',(94.000099,-18.73063075,42.5));
#363 = DIRECTION('',(0.,0.,1.));
#364 = DIRECTION('',(0.,1.,0.));
#365 = DEFINITIONAL_REPRESENTATION('',(#366),#369);
#366 = B_SPLINE_CURVE_WITH_KNOTS('',1,(#367,#368),.UNSPECIFIED.,.F.,.F.,
  (2,2),(-9.278444199709,9.362396800318),.PIECEWISE_BEZIER_KNOTS.);
#367 = CARTESIAN_POINT('',(18.640841,-29.98485715195));
#368 = CARTESIAN_POINT('',(0.,-29.98488907353));
#369 = ( GEOMETRIC_REPRESENTATION_CONTEXT(2) 
PARAMETRIC_REPRESENTATION_CONTEXT() REPRESENTATION_CONTEXT('2D SPACE',''
  ) );
#370 = ORIENTED_EDGE('',*,*,#371,.F.);
#371 = EDGE_CURVE('',#372,#346,#374,.T.);
#372 = VERTEX_POINT('',#373);
#373 = CARTESIAN_POINT('',(124.000099,-8.978975000008E-02,
    29.182669681913));
#374 = SURFACE_CURVE('',#375,(#379,#385),.PCURVE_S1.);
#375 = LINE('',#376,#377);
#376 = CARTESIAN_POINT('',(124.00909480702,-8.978975000008E-02,
    21.271335351892));
#377 = VECTOR('',#378,1.);
#378 = DIRECTION('',(-1.137077619762E-03,-0.,0.999999353527));
#379 = PCURVE('',#204,#380);
#380 = DEFINITIONAL_REPRESENTATION('',(#381),#384);
#381 = B_SPLINE_CURVE_WITH_KNOTS('',1,(#382,#383),.UNSPECIFIED.,.F.,.F.,
  (2,2),(7.911339444493,21.228678371875),.PIECEWISE_BEZIER_KNOTS.);
#382 = CARTESIAN_POINT('',(29.174112926368,8.390133560338E-02));
#383 = CARTESIAN_POINT('',(42.491451853749,8.390133560338E-02));
#384 = ( GEOMETRIC_REPRESENTATION_CONTEXT(2) 
PARAMETRIC_REPRESENTATION_CONTEXT() REPRESENTATION_CONTEXT('2D SPACE',''
  ) );
#385 = PCURVE('',#386,#391);
#386 = PLANE('',#387);
#387 = AXIS2_PLACEMENT_3D('',#388,#389,#390);
#388 = CARTESIAN_POINT('',(94.000099,-8.978975000008E-02,42.5));
#389 = DIRECTION('',(-0.,1.,0.));
#390 = DIRECTION('',(0.,0.,-1.));
#391 = DEFINITIONAL_REPRESENTATION('',(#392),#395);
#392 = B_SPLINE_CURVE_WITH_KNOTS('',1,(#393,#394),.UNSPECIFIED.,.F.,.F.,
  (2,2),(7.911339444493,21.228678371875),.PIECEWISE_BEZIER_KNOTS.);
#393 = CARTESIAN_POINT('',(13.317330318082,-30.));
#394 = CARTESIAN_POINT('',(0.,-29.98485715195));
#395 = ( GEOMETRIC_REPRESENTATION_CONTEXT(2) 
PARAMETRIC_REPRESENTATION_CONTEXT() REPRESENTATION_CONTEXT('2D SPACE',''
  ) );
#396 = ORIENTED_EDGE('',*,*,#397,.T.);
#397 = EDGE_CURVE('',#372,#398,#400,.T.);
#398 = VERTEX_POINT('',#399);
#399 = CARTESIAN_POINT('',(124.000099,-18.73063075,29.210743018778));
#400 = SURFACE_CURVE('',#401,(#405,#411),.PCURVE_S1.);
#401 = LINE('',#402,#403);
#402 = CARTESIAN_POINT('',(124.000099,-4.66409595371,29.189558643384));
#403 = VECTOR('',#404,1.);
#404 = DIRECTION('',(0.,-0.999998865965,1.506010648011E-03));
#405 = PCURVE('',#204,#406);
#406 = DEFINITIONAL_REPRESENTATION('',(#407),#410);
#407 = B_SPLINE_CURVE_WITH_KNOTS('',1,(#408,#409),.UNSPECIFIED.,.F.,.F.,
  (2,2),(-4.574311391138,14.066550748246),.PIECEWISE_BEZIER_KNOTS.);
#408 = CARTESIAN_POINT('',(29.174112926171,8.390133560338E-02));
#409 = CARTESIAN_POINT('',(29.202186244893,18.724742335631));
#410 = ( GEOMETRIC_REPRESENTATION_CONTEXT(2) 
PARAMETRIC_REPRESENTATION_CONTEXT() REPRESENTATION_CONTEXT('2D SPACE',''
  ) );
#411 = PCURVE('',#412,#417);
#412 = PLANE('',#413);
#413 = AXIS2_PLACEMENT_3D('',#414,#415,#416);
#414 = CARTESIAN_POINT('',(124.000099,-9.41021025,0.));
#415 = DIRECTION('',(-1.,-0.,-0.));
#416 = DIRECTION('',(0.,0.,-1.));
#417 = DEFINITIONAL_REPRESENTATION('',(#418),#421);
#418 = B_SPLINE_CURVE_WITH_KNOTS('',1,(#419,#420),.UNSPECIFIED.,.F.,.F.,
  (2,2),(-4.574311391138,14.066550748246),.PIECEWISE_BEZIER_KNOTS.);
#419 = CARTESIAN_POINT('',(-29.18266968172,-9.3204205));
#420 = CARTESIAN_POINT('',(-29.21074301859,9.3204205));
#421 = ( GEOMETRIC_REPRESENTATION_CONTEXT(2) 
PARAMETRIC_REPRESENTATION_CONTEXT() REPRESENTATION_CONTEXT('2D SPACE',''
  ) );
#422 = ORIENTED_EDGE('',*,*,#423,.F.);
#423 = EDGE_CURVE('',#424,#398,#426,.T.);
#424 = VERTEX_POINT('',#425);
#425 = CARTESIAN_POINT('',(123.98992153655,-18.73063075,38.161281391617)
  );
#426 = SURFACE_CURVE('',#427,(#431,#437),.PCURVE_S1.);
#427 = LINE('',#428,#429);
#428 = CARTESIAN_POINT('',(124.05745249616,-18.73063075,-21.22860966162)
  );
#429 = VECTOR('',#430,1.);
#430 = DIRECTION('',(1.137077619762E-03,0.,-0.999999353527));
#431 = PCURVE('',#204,#432);
#432 = DEFINITIONAL_REPRESENTATION('',(#433),#436);
#433 = B_SPLINE_CURVE_WITH_KNOTS('',1,(#434,#435),.UNSPECIFIED.,.F.,.F.,
  (2,2),(-63.72865086047,-50.4393852881),.PIECEWISE_BEZIER_KNOTS.);
#434 = CARTESIAN_POINT('',(42.491451817452,18.724742335631));
#435 = CARTESIAN_POINT('',(29.202186245078,18.724742335631));
#436 = ( GEOMETRIC_REPRESENTATION_CONTEXT(2) 
PARAMETRIC_REPRESENTATION_CONTEXT() REPRESENTATION_CONTEXT('2D SPACE',''
  ) );
#437 = PCURVE('',#438,#443);
#438 = PLANE('',#439);
#439 = AXIS2_PLACEMENT_3D('',#440,#441,#442);
#440 = CARTESIAN_POINT('',(94.000099,-18.73063075,-42.5));
#441 = DIRECTION('',(0.,-1.,0.));
#442 = DIRECTION('',(0.,0.,1.));
#443 = DEFINITIONAL_REPRESENTATION('',(#444),#447);
#444 = B_SPLINE_CURVE_WITH_KNOTS('',1,(#445,#446),.UNSPECIFIED.,.F.,.F.,
  (2,2),(-63.72865086047,-50.4393852881),.PIECEWISE_BEZIER_KNOTS.);
#445 = CARTESIAN_POINT('',(85.,-29.98488907353));
#446 = CARTESIAN_POINT('',(71.710743018777,-30.));
#447 = ( GEOMETRIC_REPRESENTATION_CONTEXT(2) 
PARAMETRIC_REPRESENTATION_CONTEXT() REPRESENTATION_CONTEXT('2D SPACE',''
  ) );
#448 = ORIENTED_EDGE('',*,*,#449,.T.);
#449 = EDGE_CURVE('',#424,#450,#452,.T.);
#450 = VERTEX_POINT('',#451);
#451 = CARTESIAN_POINT('',(123.99007366823,-19.,38.027895333429));
#452 = SURFACE_CURVE('',#453,(#458,#465),.PCURVE_S1.);
#453 = CIRCLE('',#454,42.499962503884);
#454 = AXIS2_PLACEMENT_3D('',#455,#456,#457);
#455 = CARTESIAN_POINT('',(124.0332720872,-5.888414396819E-03,
    8.575615662197E-03));
#456 = DIRECTION('',(0.999999353526,1.712452944955E-06,1.13707761976E-03
    ));
#457 = DIRECTION('',(-1.137077619762E-03,0.,0.999999353527));
#458 = PCURVE('',#204,#459);
#459 = DEFINITIONAL_REPRESENTATION('',(#460),#464);
#460 = CIRCLE('',#461,42.499962503884);
#461 = AXIS2_PLACEMENT_2D('',#462,#463);
#462 = CARTESIAN_POINT('',(0.,0.));
#463 = DIRECTION('',(1.,0.));
#464 = ( GEOMETRIC_REPRESENTATION_CONTEXT(2) 
PARAMETRIC_REPRESENTATION_CONTEXT() REPRESENTATION_CONTEXT('2D SPACE',''
  ) );
#465 = PCURVE('',#333,#466);
#466 = DEFINITIONAL_REPRESENTATION('',(#467),#471);
#467 = LINE('',#468,#469);
#468 = CARTESIAN_POINT('',(0.,30.054125432226));
#469 = VECTOR('',#470,1.);
#470 = DIRECTION('',(1.,0.));
#471 = ( GEOMETRIC_REPRESENTATION_CONTEXT(2) 
PARAMETRIC_REPRESENTATION_CONTEXT() REPRESENTATION_CONTEXT('2D SPACE',''
  ) );
#472 = ORIENTED_EDGE('',*,*,#473,.T.);
#473 = EDGE_CURVE('',#450,#262,#474,.T.);
#474 = SURFACE_CURVE('',#475,(#479,#485),.PCURVE_S1.);
#475 = LINE('',#476,#477);
#476 = CARTESIAN_POINT('',(124.0716664185,-19.,-33.72859349928));
#477 = VECTOR('',#478,1.);
#478 = DIRECTION('',(1.137077619762E-03,0.,-0.999999353527));
#479 = PCURVE('',#204,#480);
#480 = DEFINITIONAL_REPRESENTATION('',(#481),#484);
#481 = B_SPLINE_CURVE_WITH_KNOTS('',1,(#482,#483),.UNSPECIFIED.,.F.,.F.,
  (2,2),(-76.23715346599,-62.93978288035),.PIECEWISE_BEZIER_KNOTS.);
#482 = CARTESIAN_POINT('',(42.499962503884,18.994111585631));
#483 = CARTESIAN_POINT('',(29.202591918239,18.994111585631));
#484 = ( GEOMETRIC_REPRESENTATION_CONTEXT(2) 
PARAMETRIC_REPRESENTATION_CONTEXT() REPRESENTATION_CONTEXT('2D SPACE',''
  ) );
#485 = PCURVE('',#486,#491);
#486 = PLANE('',#487);
#487 = AXIS2_PLACEMENT_3D('',#488,#489,#490);
#488 = CARTESIAN_POINT('',(94.000099,-19.,-67.5));
#489 = DIRECTION('',(0.,-1.,0.));
#490 = DIRECTION('',(0.,0.,1.));
#491 = DEFINITIONAL_REPRESENTATION('',(#492),#495);
#492 = B_SPLINE_CURVE_WITH_KNOTS('',1,(#493,#494),.UNSPECIFIED.,.F.,.F.,
  (2,2),(-76.23715346599,-62.93978288035),.PIECEWISE_BEZIER_KNOTS.);
#493 = CARTESIAN_POINT('',(110.00851068145,-29.9848798575));
#494 = CARTESIAN_POINT('',(96.7111486922,-30.));
#495 = ( GEOMETRIC_REPRESENTATION_CONTEXT(2) 
PARAMETRIC_REPRESENTATION_CONTEXT() REPRESENTATION_CONTEXT('2D SPACE',''
  ) );
#496 = ADVANCED_FACE('',(#497,#751,#879),#241,.T.);
#497 = FACE_BOUND('',#498,.T.);
#498 = EDGE_LOOP('',(#499,#528,#551,#583,#613,#645,#666,#667,#668,#695,
    #725,#750));
#499 = ORIENTED_EDGE('',*,*,#500,.T.);
#500 = EDGE_CURVE('',#501,#501,#503,.T.);
#501 = VERTEX_POINT('',#502);
#502 = CARTESIAN_POINT('',(281.12318193448,-5.619487618402E-03,
    -42.16827718239));
#503 = SURFACE_CURVE('',#504,(#509,#516),.PCURVE_S1.);
#504 = CIRCLE('',#505,42.355448952641);
#505 = AXIS2_PLACEMENT_3D('',#506,#507,#508);
#506 = CARTESIAN_POINT('',(281.0750205014,-5.619487618412E-03,
    0.187144388592));
#507 = DIRECTION('',(-0.999999353526,-1.712452944955E-06,
    -1.13707761976E-03));
#508 = DIRECTION('',(1.137077619762E-03,0.,-0.999999353527));
#509 = PCURVE('',#241,#510);
#510 = DEFINITIONAL_REPRESENTATION('',(#511),#515);
#511 = LINE('',#512,#513);
#512 = CARTESIAN_POINT('',(0.,0.));
#513 = VECTOR('',#514,1.);
#514 = DIRECTION('',(1.,0.));
#515 = ( GEOMETRIC_REPRESENTATION_CONTEXT(2) 
PARAMETRIC_REPRESENTATION_CONTEXT() REPRESENTATION_CONTEXT('2D SPACE',''
  ) );
#516 = PCURVE('',#517,#522);
#517 = PLANE('',#518);
#518 = AXIS2_PLACEMENT_3D('',#519,#520,#521);
#519 = CARTESIAN_POINT('',(281.0750205014,-5.619487618412E-03,
    0.187144388592));
#520 = DIRECTION('',(-0.999999353526,-1.712452944955E-06,
    -1.13707761976E-03));
#521 = DIRECTION('',(1.137077619762E-03,0.,-0.999999353527));
#522 = DEFINITIONAL_REPRESENTATION('',(#523),#527);
#523 = CIRCLE('',#524,42.355448952641);
#524 = AXIS2_PLACEMENT_2D('',#525,#526);
#525 = CARTESIAN_POINT('',(0.,0.));
#526 = DIRECTION('',(1.,0.));
#527 = ( GEOMETRIC_REPRESENTATION_CONTEXT(2) 
PARAMETRIC_REPRESENTATION_CONTEXT() REPRESENTATION_CONTEXT('2D SPACE',''
  ) );
#528 = ORIENTED_EDGE('',*,*,#529,.T.);
#529 = EDGE_CURVE('',#501,#530,#532,.T.);
#530 = VERTEX_POINT('',#531);
#531 = CARTESIAN_POINT('',(281.000092,-5.619698404259E-03,
    -42.16841714529));
#532 = SEAM_CURVE('',#533,(#537,#544),.PCURVE_S1.);
#533 = LINE('',#534,#535);
#534 = CARTESIAN_POINT('',(281.12318193448,-5.619487618402E-03,
    -42.16827718239));
#535 = VECTOR('',#536,1.);
#536 = DIRECTION('',(-0.999999353526,-1.712452944955E-06,
    -1.13707761976E-03));
#537 = PCURVE('',#241,#538);
#538 = DEFINITIONAL_REPRESENTATION('',(#539),#543);
#539 = LINE('',#540,#541);
#540 = CARTESIAN_POINT('',(0.,-0.));
#541 = VECTOR('',#542,1.);
#542 = DIRECTION('',(0.,1.));
#543 = ( GEOMETRIC_REPRESENTATION_CONTEXT(2) 
PARAMETRIC_REPRESENTATION_CONTEXT() REPRESENTATION_CONTEXT('2D SPACE',''
  ) );
#544 = PCURVE('',#241,#545);
#545 = DEFINITIONAL_REPRESENTATION('',(#546),#550);
#546 = LINE('',#547,#548);
#547 = CARTESIAN_POINT('',(6.28318530718,-0.));
#548 = VECTOR('',#549,1.);
#549 = DIRECTION('',(0.,1.));
#550 = ( GEOMETRIC_REPRESENTATION_CONTEXT(2) 
PARAMETRIC_REPRESENTATION_CONTEXT() REPRESENTATION_CONTEXT('2D SPACE',''
  ) );
#551 = ORIENTED_EDGE('',*,*,#552,.T.);
#552 = EDGE_CURVE('',#530,#553,#555,.T.);
#553 = VERTEX_POINT('',#554);
#554 = CARTESIAN_POINT('',(281.000092,8.978974999992E-02,-42.16830968592
    ));
#555 = SURFACE_CURVE('',#556,(#561,#571),.PCURVE_S1.);
#556 = ELLIPSE('',#557,42.355476334374,42.355448952641);
#557 = AXIS2_PLACEMENT_3D('',#558,#559,#560);
#558 = CARTESIAN_POINT('',(281.000092,-5.619615930028E-03,0.187059189015
    ));
#559 = DIRECTION('',(1.,0.,0.));
#560 = DIRECTION('',(0.,-1.506010648011E-03,-0.999998865965));
#561 = PCURVE('',#241,#562);
#562 = DEFINITIONAL_REPRESENTATION('',(#563),#570);
#563 = B_SPLINE_CURVE_WITH_KNOTS('',5,(#564,#565,#566,#567,#568,#569),
  .UNSPECIFIED.,.F.,.F.,(6,6),(1.506010243704E-03,4.863449913011E-02),
  .PIECEWISE_BEZIER_KNOTS.);
#564 = CARTESIAN_POINT('',(6.28318530718,0.123090014055));
#565 = CARTESIAN_POINT('',(6.273759609402,0.123089330393));
#566 = CARTESIAN_POINT('',(6.264333911625,0.123083298173));
#567 = CARTESIAN_POINT('',(6.254908213848,0.123071917521));
#568 = CARTESIAN_POINT('',(6.24548251607,0.123055190545));
#569 = CARTESIAN_POINT('',(6.236056818293,0.123033121328));
#570 = ( GEOMETRIC_REPRESENTATION_CONTEXT(2) 
PARAMETRIC_REPRESENTATION_CONTEXT() REPRESENTATION_CONTEXT('2D SPACE',''
  ) );
#571 = PCURVE('',#572,#577);
#572 = PLANE('',#573);
#573 = AXIS2_PLACEMENT_3D('',#574,#575,#576);
#574 = CARTESIAN_POINT('',(281.000092,-9.41021025,0.));
#575 = DIRECTION('',(1.,0.,0.));
#576 = DIRECTION('',(-0.,0.,1.));
#577 = DEFINITIONAL_REPRESENTATION('',(#578),#582);
#578 = ELLIPSE('',#579,42.355476334374,42.355448952641);
#579 = AXIS2_PLACEMENT_2D('',#580,#581);
#580 = CARTESIAN_POINT('',(0.187059189015,-9.40459063407));
#581 = DIRECTION('',(-0.999998865965,1.506010648011E-03));
#582 = ( GEOMETRIC_REPRESENTATION_CONTEXT(2) 
PARAMETRIC_REPRESENTATION_CONTEXT() REPRESENTATION_CONTEXT('2D SPACE',''
  ) );
#583 = ORIENTED_EDGE('',*,*,#584,.T.);
#584 = EDGE_CURVE('',#553,#585,#587,.T.);
#585 = VERTEX_POINT('',#586);
#586 = CARTESIAN_POINT('',(251.000107,8.978974999992E-02,-42.20242190375
    ));
#587 = SURFACE_CURVE('',#588,(#592,#602),.PCURVE_S1.);
#588 = LINE('',#589,#590);
#589 = CARTESIAN_POINT('',(281.12318181229,8.978974999992E-02,
    -42.16816972357));
#590 = VECTOR('',#591,1.);
#591 = DIRECTION('',(-0.999999353531,0.,-1.137073758848E-03));
#592 = PCURVE('',#241,#593);
#593 = DEFINITIONAL_REPRESENTATION('',(#594),#601);
#594 = B_SPLINE_CURVE_WITH_KNOTS('',5,(#595,#596,#597,#598,#599,#600),
  .UNSPECIFIED.,.F.,.F.,(6,6),(-2.0002366162E-03,30.162975262871),
  .PIECEWISE_BEZIER_KNOTS.);
#595 = CARTESIAN_POINT('',(6.280932720624,-2.000400000043E-03));
#596 = CARTESIAN_POINT('',(6.280932476706,6.030994699889));
#597 = CARTESIAN_POINT('',(6.280932232788,12.063989799777));
#598 = CARTESIAN_POINT('',(6.28093198887,18.096984899666));
#599 = CARTESIAN_POINT('',(6.280931744953,24.129979999555));
#600 = CARTESIAN_POINT('',(6.280931501035,30.162975099443));
#601 = ( GEOMETRIC_REPRESENTATION_CONTEXT(2) 
PARAMETRIC_REPRESENTATION_CONTEXT() REPRESENTATION_CONTEXT('2D SPACE',''
  ) );
#602 = PCURVE('',#603,#608);
#603 = PLANE('',#604);
#604 = AXIS2_PLACEMENT_3D('',#605,#606,#607);
#605 = CARTESIAN_POINT('',(281.000092,8.978974999992E-02,-42.5));
#606 = DIRECTION('',(0.,1.,0.));
#607 = DIRECTION('',(0.,-0.,1.));
#608 = DEFINITIONAL_REPRESENTATION('',(#609),#612);
#609 = B_SPLINE_CURVE_WITH_KNOTS('',1,(#610,#611),.UNSPECIFIED.,.F.,.F.,
  (2,2),(-2.0002366162E-03,30.162975262871),.PIECEWISE_BEZIER_KNOTS.);
#610 = CARTESIAN_POINT('',(0.331832550845,0.125090047614));
#611 = CARTESIAN_POINT('',(0.297532748769,-30.03986595116));
#612 = ( GEOMETRIC_REPRESENTATION_CONTEXT(2) 
PARAMETRIC_REPRESENTATION_CONTEXT() REPRESENTATION_CONTEXT('2D SPACE',''
  ) );
#613 = ORIENTED_EDGE('',*,*,#614,.F.);
#614 = EDGE_CURVE('',#615,#585,#617,.T.);
#615 = VERTEX_POINT('',#616);
#616 = CARTESIAN_POINT('',(251.000107,-5.671072000133E-03,
    -42.20252947888));
#617 = SURFACE_CURVE('',#618,(#623,#633),.PCURVE_S1.);
#618 = ELLIPSE('',#619,42.355476334374,42.355448952641);
#619 = AXIS2_PLACEMENT_3D('',#620,#621,#622);
#620 = CARTESIAN_POINT('',(251.000107,-5.670989525902E-03,0.152946855426
    ));
#621 = DIRECTION('',(1.,0.,0.));
#622 = DIRECTION('',(0.,-1.506010648011E-03,-0.999998865965));
#623 = PCURVE('',#241,#624);
#624 = DEFINITIONAL_REPRESENTATION('',(#625),#632);
#625 = B_SPLINE_CURVE_WITH_KNOTS('',5,(#626,#627,#628,#629,#630,#631),
  .UNSPECIFIED.,.F.,.F.,(6,6),(1.506010243704E-03,4.863571339425E-02),
  .PIECEWISE_BEZIER_KNOTS.);
#626 = CARTESIAN_POINT('',(6.28318530718,30.123094408291));
#627 = CARTESIAN_POINT('',(6.273759366549,30.123093724611));
#628 = CARTESIAN_POINT('',(6.264333425919,30.123087692098));
#629 = CARTESIAN_POINT('',(6.254907485289,30.123076310877));
#630 = CARTESIAN_POINT('',(6.245481544659,30.123059583057));
#631 = CARTESIAN_POINT('',(6.236055604029,30.123037512721));
#632 = ( GEOMETRIC_REPRESENTATION_CONTEXT(2) 
PARAMETRIC_REPRESENTATION_CONTEXT() REPRESENTATION_CONTEXT('2D SPACE',''
  ) );
#633 = PCURVE('',#634,#639);
#634 = PLANE('',#635);
#635 = AXIS2_PLACEMENT_3D('',#636,#637,#638);
#636 = CARTESIAN_POINT('',(251.000107,-9.41021025,0.));
#637 = DIRECTION('',(1.,0.,0.));
#638 = DIRECTION('',(-0.,0.,1.));
#639 = DEFINITIONAL_REPRESENTATION('',(#640),#644);
#640 = ELLIPSE('',#641,42.355476334374,42.355448952641);
#641 = AXIS2_PLACEMENT_2D('',#642,#643);
#642 = CARTESIAN_POINT('',(0.152946855426,-9.404539260474));
#643 = DIRECTION('',(-0.999998865965,1.506010648011E-03));
#644 = ( GEOMETRIC_REPRESENTATION_CONTEXT(2) 
PARAMETRIC_REPRESENTATION_CONTEXT() REPRESENTATION_CONTEXT('2D SPACE',''
  ) );
#645 = ORIENTED_EDGE('',*,*,#646,.T.);
#646 = EDGE_CURVE('',#615,#225,#647,.T.);
#647 = SEAM_CURVE('',#648,(#652,#659),.PCURVE_S1.);
#648 = LINE('',#649,#650);
#649 = CARTESIAN_POINT('',(281.12318193448,-5.619487618402E-03,
    -42.16827718239));
#650 = VECTOR('',#651,1.);
#651 = DIRECTION('',(-0.999999353526,-1.712452944955E-06,
    -1.13707761976E-03));
#652 = PCURVE('',#241,#653);
#653 = DEFINITIONAL_REPRESENTATION('',(#654),#658);
#654 = LINE('',#655,#656);
#655 = CARTESIAN_POINT('',(0.,-0.));
#656 = VECTOR('',#657,1.);
#657 = DIRECTION('',(0.,1.));
#658 = ( GEOMETRIC_REPRESENTATION_CONTEXT(2) 
PARAMETRIC_REPRESENTATION_CONTEXT() REPRESENTATION_CONTEXT('2D SPACE',''
  ) );
#659 = PCURVE('',#241,#660);
#660 = DEFINITIONAL_REPRESENTATION('',(#661),#665);
#661 = LINE('',#662,#663);
#662 = CARTESIAN_POINT('',(6.28318530718,-0.));
#663 = VECTOR('',#664,1.);
#664 = DIRECTION('',(0.,1.));
#665 = ( GEOMETRIC_REPRESENTATION_CONTEXT(2) 
PARAMETRIC_REPRESENTATION_CONTEXT() REPRESENTATION_CONTEXT('2D SPACE',''
  ) );
#666 = ORIENTED_EDGE('',*,*,#224,.F.);
#667 = ORIENTED_EDGE('',*,*,#646,.F.);
#668 = ORIENTED_EDGE('',*,*,#669,.F.);
#669 = EDGE_CURVE('',#670,#615,#672,.T.);
#670 = VERTEX_POINT('',#671);
#671 = CARTESIAN_POINT('',(251.000107,-18.91021025,-37.74961653508));
#672 = SURFACE_CURVE('',#673,(#678,#688),.PCURVE_S1.);
#673 = ELLIPSE('',#674,42.355476334374,42.355448952641);
#674 = AXIS2_PLACEMENT_3D('',#675,#676,#677);
#675 = CARTESIAN_POINT('',(251.000107,-5.670989525902E-03,0.152946855426
    ));
#676 = DIRECTION('',(1.,0.,0.));
#677 = DIRECTION('',(0.,-1.506010648011E-03,-0.999998865965));
#678 = PCURVE('',#241,#679);
#679 = DEFINITIONAL_REPRESENTATION('',(#680),#687);
#680 = B_SPLINE_CURVE_WITH_KNOTS('',5,(#681,#682,#683,#684,#685,#686),
  .UNSPECIFIED.,.F.,.F.,(6,6),(5.771236842148,6.284691317423),
  .PIECEWISE_BEZIER_KNOTS.);
#681 = CARTESIAN_POINT('',(0.513454475276,30.116919754298));
#682 = CARTESIAN_POINT('',(0.410763580221,30.119342562379));
#683 = CARTESIAN_POINT('',(0.308072685165,30.121211935452));
#684 = CARTESIAN_POINT('',(0.20538179011,30.122474477466));
#685 = CARTESIAN_POINT('',(0.102690895055,30.123101856637));
#686 = CARTESIAN_POINT('',(6.10433525958E-16,30.123094408291));
#687 = ( GEOMETRIC_REPRESENTATION_CONTEXT(2) 
PARAMETRIC_REPRESENTATION_CONTEXT() REPRESENTATION_CONTEXT('2D SPACE',''
  ) );
#688 = PCURVE('',#634,#689);
#689 = DEFINITIONAL_REPRESENTATION('',(#690),#694);
#690 = ELLIPSE('',#691,42.355476334374,42.355448952641);
#691 = AXIS2_PLACEMENT_2D('',#692,#693);
#692 = CARTESIAN_POINT('',(0.152946855426,-9.404539260474));
#693 = DIRECTION('',(-0.999998865965,1.506010648011E-03));
#694 = ( GEOMETRIC_REPRESENTATION_CONTEXT(2) 
PARAMETRIC_REPRESENTATION_CONTEXT() REPRESENTATION_CONTEXT('2D SPACE',''
  ) );
#695 = ORIENTED_EDGE('',*,*,#696,.F.);
#696 = EDGE_CURVE('',#697,#670,#699,.T.);
#697 = VERTEX_POINT('',#698);
#698 = CARTESIAN_POINT('',(281.000092,-18.91021025,-37.71547857797));
#699 = SURFACE_CURVE('',#700,(#704,#714),.PCURVE_S1.);
#700 = LINE('',#701,#702);
#701 = CARTESIAN_POINT('',(281.11811860085,-18.91021025,-37.7153442716)
  );
#702 = VECTOR('',#703,1.);
#703 = DIRECTION('',(-0.999999352555,0.,-1.137931732468E-03));
#704 = PCURVE('',#241,#705);
#705 = DEFINITIONAL_REPRESENTATION('',(#706),#713);
#706 = B_SPLINE_CURVE_WITH_KNOTS('',5,(#707,#708,#709,#710,#711,#712),
  .UNSPECIFIED.,.F.,.F.,(6,6),(-2.03277322213E-03,30.162942726276),
  .PIECEWISE_BEZIER_KNOTS.);
#707 = CARTESIAN_POINT('',(0.462662158923,-2.000400000043E-03));
#708 = CARTESIAN_POINT('',(0.46266188635,6.030994699889));
#709 = CARTESIAN_POINT('',(0.462661613777,12.063989799778));
#710 = CARTESIAN_POINT('',(0.462661341203,18.096984899666));
#711 = CARTESIAN_POINT('',(0.46266106863,24.129979999555));
#712 = CARTESIAN_POINT('',(0.462660796057,30.162975099443));
#713 = ( GEOMETRIC_REPRESENTATION_CONTEXT(2) 
PARAMETRIC_REPRESENTATION_CONTEXT() REPRESENTATION_CONTEXT('2D SPACE',''
  ) );
#714 = PCURVE('',#715,#720);
#715 = PLANE('',#716);
#716 = AXIS2_PLACEMENT_3D('',#717,#718,#719);
#717 = CARTESIAN_POINT('',(281.000092,-18.91021025,42.5));
#718 = DIRECTION('',(0.,-1.,0.));
#719 = DIRECTION('',(0.,0.,-1.));
#720 = DEFINITIONAL_REPRESENTATION('',(#721),#724);
#721 = B_SPLINE_CURVE_WITH_KNOTS('',1,(#722,#723),.UNSPECIFIED.,.F.,.F.,
  (2,2),(-2.03277322213E-03,30.162942726276),.PIECEWISE_BEZIER_KNOTS.);
#722 = CARTESIAN_POINT('',(80.215341958446,0.120059372758));
#723 = CARTESIAN_POINT('',(80.249667641276,-30.04489659659));
#724 = ( GEOMETRIC_REPRESENTATION_CONTEXT(2) 
PARAMETRIC_REPRESENTATION_CONTEXT() REPRESENTATION_CONTEXT('2D SPACE',''
  ) );
#725 = ORIENTED_EDGE('',*,*,#726,.T.);
#726 = EDGE_CURVE('',#697,#530,#727,.T.);
#727 = SURFACE_CURVE('',#728,(#733,#743),.PCURVE_S1.);
#728 = ELLIPSE('',#729,42.355476334374,42.355448952641);
#729 = AXIS2_PLACEMENT_3D('',#730,#731,#732);
#730 = CARTESIAN_POINT('',(281.000092,-5.619615930028E-03,0.187059189015
    ));
#731 = DIRECTION('',(1.,0.,0.));
#732 = DIRECTION('',(0.,-1.506010648011E-03,-0.999998865965));
#733 = PCURVE('',#241,#734);
#734 = DEFINITIONAL_REPRESENTATION('',(#735),#742);
#735 = B_SPLINE_CURVE_WITH_KNOTS('',5,(#736,#737,#738,#739,#740,#741),
  .UNSPECIFIED.,.F.,.F.,(6,6),(5.771235449676,6.284691317423),
  .PIECEWISE_BEZIER_KNOTS.);
#736 = CARTESIAN_POINT('',(0.513455867747,0.116915327209));
#737 = CARTESIAN_POINT('',(0.410764694198,0.119338147865));
#738 = CARTESIAN_POINT('',(0.308073520648,0.121207530944));
#739 = CARTESIAN_POINT('',(0.205382347099,0.122470079828));
#740 = CARTESIAN_POINT('',(0.102691173549,0.123097462422));
#741 = CARTESIAN_POINT('',(6.10433525958E-16,0.123090014055));
#742 = ( GEOMETRIC_REPRESENTATION_CONTEXT(2) 
PARAMETRIC_REPRESENTATION_CONTEXT() REPRESENTATION_CONTEXT('2D SPACE',''
  ) );
#743 = PCURVE('',#572,#744);
#744 = DEFINITIONAL_REPRESENTATION('',(#745),#749);
#745 = ELLIPSE('',#746,42.355476334374,42.355448952641);
#746 = AXIS2_PLACEMENT_2D('',#747,#748);
#747 = CARTESIAN_POINT('',(0.187059189015,-9.40459063407));
#748 = DIRECTION('',(-0.999998865965,1.506010648011E-03));
#749 = ( GEOMETRIC_REPRESENTATION_CONTEXT(2) 
PARAMETRIC_REPRESENTATION_CONTEXT() REPRESENTATION_CONTEXT('2D SPACE',''
  ) );
#750 = ORIENTED_EDGE('',*,*,#529,.F.);
#751 = FACE_BOUND('',#752,.T.);
#752 = EDGE_LOOP('',(#753,#787,#819,#851));
#753 = ORIENTED_EDGE('',*,*,#754,.F.);
#754 = EDGE_CURVE('',#755,#757,#759,.T.);
#755 = VERTEX_POINT('',#756);
#756 = CARTESIAN_POINT('',(251.000107,-0.850339217438,42.5));
#757 = VERTEX_POINT('',#758);
#758 = CARTESIAN_POINT('',(251.000107,-18.91021025,38.055510172313));
#759 = SURFACE_CURVE('',#760,(#765,#775),.PCURVE_S1.);
#760 = ELLIPSE('',#761,42.355476334374,42.355448952641);
#761 = AXIS2_PLACEMENT_3D('',#762,#763,#764);
#762 = CARTESIAN_POINT('',(251.000107,-5.670989525902E-03,0.152946855426
    ));
#763 = DIRECTION('',(1.,0.,0.));
#764 = DIRECTION('',(0.,-1.506010648011E-03,-0.999998865965));
#765 = PCURVE('',#241,#766);
#766 = DEFINITIONAL_REPRESENTATION('',(#767),#774);
#767 = B_SPLINE_CURVE_WITH_KNOTS('',5,(#768,#769,#770,#771,#772,#773),
  .UNSPECIFIED.,.F.,.F.,(6,6),(3.095968964577,3.656553143004),
  .PIECEWISE_BEZIER_KNOTS.);
#768 = CARTESIAN_POINT('',(3.188722352846,30.026821541158));
#769 = CARTESIAN_POINT('',(3.076605517161,30.026575271601));
#770 = CARTESIAN_POINT('',(2.964488681475,30.027084919241));
#771 = CARTESIAN_POINT('',(2.85237184579,30.028357225393));
#772 = CARTESIAN_POINT('',(2.740255010105,30.030358024369));
#773 = CARTESIAN_POINT('',(2.62813817442,30.033017387536));
#774 = ( GEOMETRIC_REPRESENTATION_CONTEXT(2) 
PARAMETRIC_REPRESENTATION_CONTEXT() REPRESENTATION_CONTEXT('2D SPACE',''
  ) );
#775 = PCURVE('',#776,#781);
#776 = PLANE('',#777);
#777 = AXIS2_PLACEMENT_3D('',#778,#779,#780);
#778 = CARTESIAN_POINT('',(251.000107,-9.41021025,0.));
#779 = DIRECTION('',(1.,0.,0.));
#780 = DIRECTION('',(-0.,0.,1.));
#781 = DEFINITIONAL_REPRESENTATION('',(#782),#786);
#782 = ELLIPSE('',#783,42.355476334374,42.355448952641);
#783 = AXIS2_PLACEMENT_2D('',#784,#785);
#784 = CARTESIAN_POINT('',(0.152946855426,-9.404539260474));
#785 = DIRECTION('',(-0.999998865965,1.506010648011E-03));
#786 = ( GEOMETRIC_REPRESENTATION_CONTEXT(2) 
PARAMETRIC_REPRESENTATION_CONTEXT() REPRESENTATION_CONTEXT('2D SPACE',''
  ) );
#787 = ORIENTED_EDGE('',*,*,#788,.T.);
#788 = EDGE_CURVE('',#755,#789,#791,.T.);
#789 = VERTEX_POINT('',#790);
#790 = CARTESIAN_POINT('',(281.000092,-1.903357865364,42.5));
#791 = SURFACE_CURVE('',#792,(#797,#807),.PCURVE_S1.);
#792 = ELLIPSE('',#793,3.724939108516E+04,42.355448952641);
#793 = AXIS2_PLACEMENT_3D('',#794,#795,#796);
#794 = CARTESIAN_POINT('',(3.749298344426E+04,5.810419574497E-02,42.5));
#795 = DIRECTION('',(0.,0.,1.));
#796 = DIRECTION('',(-0.999999999999,-1.71245405201E-06,0.));
#797 = PCURVE('',#241,#798);
#798 = DEFINITIONAL_REPRESENTATION('',(#799),#806);
#799 = B_SPLINE_CURVE_WITH_KNOTS('',5,(#800,#801,#802,#803,#804,#805),
  .UNSPECIFIED.,.F.,.F.,(6,6),(1.975950599384E-02,4.483732460738E-02),
  .PIECEWISE_BEZIER_KNOTS.);
#800 = CARTESIAN_POINT('',(3.121833145649,30.162975099436));
#801 = CARTESIAN_POINT('',(3.116817581926,26.471614512708));
#802 = CARTESIAN_POINT('',(3.111802018203,21.609181846309));
#803 = CARTESIAN_POINT('',(3.106786454481,15.575870555418));
#804 = CARTESIAN_POINT('',(3.101770890758,8.371996851014));
#805 = CARTESIAN_POINT('',(3.096755327035,-2.000400000441E-03));
#806 = ( GEOMETRIC_REPRESENTATION_CONTEXT(2) 
PARAMETRIC_REPRESENTATION_CONTEXT() REPRESENTATION_CONTEXT('2D SPACE',''
  ) );
#807 = PCURVE('',#808,#813);
#808 = PLANE('',#809);
#809 = AXIS2_PLACEMENT_3D('',#810,#811,#812);
#810 = CARTESIAN_POINT('',(281.000092,8.978974999992E-02,42.5));
#811 = DIRECTION('',(-0.,0.,1.));
#812 = DIRECTION('',(0.,-1.,0.));
#813 = DEFINITIONAL_REPRESENTATION('',(#814),#818);
#814 = ELLIPSE('',#815,3.724939108516E+04,42.355448952641);
#815 = AXIS2_PLACEMENT_2D('',#816,#817);
#816 = CARTESIAN_POINT('',(3.168555425495E-02,3.721198335226E+04));
#817 = DIRECTION('',(1.71245405201E-06,-0.999999999999));
#818 = ( GEOMETRIC_REPRESENTATION_CONTEXT(2) 
PARAMETRIC_REPRESENTATION_CONTEXT() REPRESENTATION_CONTEXT('2D SPACE',''
  ) );
#819 = ORIENTED_EDGE('',*,*,#820,.T.);
#820 = EDGE_CURVE('',#789,#821,#823,.T.);
#821 = VERTEX_POINT('',#822);
#822 = CARTESIAN_POINT('',(281.000092,-18.91021025,38.089596882383));
#823 = SURFACE_CURVE('',#824,(#829,#839),.PCURVE_S1.);
#824 = ELLIPSE('',#825,42.355476334374,42.355448952641);
#825 = AXIS2_PLACEMENT_3D('',#826,#827,#828);
#826 = CARTESIAN_POINT('',(281.000092,-5.619615930028E-03,0.187059189015
    ));
#827 = DIRECTION('',(1.,0.,0.));
#828 = DIRECTION('',(0.,-1.506010648011E-03,-0.999998865965));
#829 = PCURVE('',#241,#830);
#830 = DEFINITIONAL_REPRESENTATION('',(#831),#838);
#831 = B_SPLINE_CURVE_WITH_KNOTS('',5,(#832,#833,#834,#835,#836,#837),
  .UNSPECIFIED.,.F.,.F.,(6,6),(3.095970178841,3.656554535475),
  .PIECEWISE_BEZIER_KNOTS.);
#832 = CARTESIAN_POINT('',(3.188721138582,2.681714425501E-02));
#833 = CARTESIAN_POINT('',(3.076604267255,2.65708811698E-02));
#834 = CARTESIAN_POINT('',(2.964487395928,2.708053580331E-02));
#835 = CARTESIAN_POINT('',(2.852370524602,2.835284930708E-02));
#836 = CARTESIAN_POINT('',(2.740253653275,3.035365577235E-02));
#837 = CARTESIAN_POINT('',(2.628136781948,3.301302632934E-02));
#838 = ( GEOMETRIC_REPRESENTATION_CONTEXT(2) 
PARAMETRIC_REPRESENTATION_CONTEXT() REPRESENTATION_CONTEXT('2D SPACE',''
  ) );
#839 = PCURVE('',#840,#845);
#840 = PLANE('',#841);
#841 = AXIS2_PLACEMENT_3D('',#842,#843,#844);
#842 = CARTESIAN_POINT('',(281.000092,-9.41021025,0.));
#843 = DIRECTION('',(1.,0.,0.));
#844 = DIRECTION('',(-0.,0.,1.));
#845 = DEFINITIONAL_REPRESENTATION('',(#846),#850);
#846 = ELLIPSE('',#847,42.355476334374,42.355448952641);
#847 = AXIS2_PLACEMENT_2D('',#848,#849);
#848 = CARTESIAN_POINT('',(0.187059189015,-9.40459063407));
#849 = DIRECTION('',(-0.999998865965,1.506010648011E-03));
#850 = ( GEOMETRIC_REPRESENTATION_CONTEXT(2) 
PARAMETRIC_REPRESENTATION_CONTEXT() REPRESENTATION_CONTEXT('2D SPACE',''
  ) );
#851 = ORIENTED_EDGE('',*,*,#852,.T.);
#852 = EDGE_CURVE('',#821,#757,#853,.T.);
#853 = SURFACE_CURVE('',#854,(#858,#868),.PCURVE_S1.);
#854 = LINE('',#855,#856);
#855 = CARTESIAN_POINT('',(281.03192240195,-18.91021025,38.089633048788)
  );
#856 = VECTOR('',#857,1.);
#857 = DIRECTION('',(-0.999999354498,0.,-1.136223507055E-03));
#858 = PCURVE('',#241,#859);
#859 = DEFINITIONAL_REPRESENTATION('',(#860),#867);
#860 = B_SPLINE_CURVE_WITH_KNOTS('',5,(#861,#862,#863,#864,#865,#866),
  .UNSPECIFIED.,.F.,.F.,(6,6),(-2.032773222148E-03,30.162942726276),
  .PIECEWISE_BEZIER_KNOTS.);
#861 = CARTESIAN_POINT('',(2.678930494667,-2.000399999986E-03));
#862 = CARTESIAN_POINT('',(2.67893076724,6.030994699889));
#863 = CARTESIAN_POINT('',(2.678931039813,12.063989799777));
#864 = CARTESIAN_POINT('',(2.678931312386,18.096984899666));
#865 = CARTESIAN_POINT('',(2.67893158496,24.129979999555));
#866 = CARTESIAN_POINT('',(2.678931857533,30.162975099443));
#867 = ( GEOMETRIC_REPRESENTATION_CONTEXT(2) 
PARAMETRIC_REPRESENTATION_CONTEXT() REPRESENTATION_CONTEXT('2D SPACE',''
  ) );
#868 = PCURVE('',#869,#874);
#869 = PLANE('',#870);
#870 = AXIS2_PLACEMENT_3D('',#871,#872,#873);
#871 = CARTESIAN_POINT('',(281.000092,-18.91021025,42.5));
#872 = DIRECTION('',(0.,-1.,0.));
#873 = DIRECTION('',(0.,0.,-1.));
#874 = DEFINITIONAL_REPRESENTATION('',(#875),#878);
#875 = B_SPLINE_CURVE_WITH_KNOTS('',1,(#876,#877),.UNSPECIFIED.,.F.,.F.,
  (2,2),(-2.032773222148E-03,30.162942726276),.PIECEWISE_BEZIER_KNOTS.);
#876 = CARTESIAN_POINT('',(4.410364641527,3.386317386079E-02));
#877 = CARTESIAN_POINT('',(4.44463879578,-30.13109285408));
#878 = ( GEOMETRIC_REPRESENTATION_CONTEXT(2) 
PARAMETRIC_REPRESENTATION_CONTEXT() REPRESENTATION_CONTEXT('2D SPACE',''
  ) );
#879 = FACE_BOUND('',#880,.T.);
#880 = EDGE_LOOP('',(#881,#913,#947,#977));
#881 = ORIENTED_EDGE('',*,*,#882,.F.);
#882 = EDGE_CURVE('',#883,#885,#887,.T.);
#883 = VERTEX_POINT('',#884);
#884 = CARTESIAN_POINT('',(281.000092,-19.,38.044679558691));
#885 = VERTEX_POINT('',#886);
#886 = CARTESIAN_POINT('',(251.000107,-19.,38.010593000869));
#887 = SURFACE_CURVE('',#888,(#892,#902),.PCURVE_S1.);
#888 = LINE('',#889,#890);
#889 = CARTESIAN_POINT('',(281.0319734764,-19.,38.044715782966));
#890 = VECTOR('',#891,1.);
#891 = DIRECTION('',(-0.999999354504,0.,-1.136218432126E-03));
#892 = PCURVE('',#241,#893);
#893 = DEFINITIONAL_REPRESENTATION('',(#894),#901);
#894 = B_SPLINE_CURVE_WITH_KNOTS('',5,(#895,#896,#897,#898,#899,#900),
  .UNSPECIFIED.,.F.,.F.,(6,6),(-2.032926982888E-03,30.162942572516),
  .PIECEWISE_BEZIER_KNOTS.);
#895 = CARTESIAN_POINT('',(2.67656012564,-2.000399999986E-03));
#896 = CARTESIAN_POINT('',(2.676560398536,6.030994699889));
#897 = CARTESIAN_POINT('',(2.676560671433,12.063989799777));
#898 = CARTESIAN_POINT('',(2.67656094433,18.096984899666));
#899 = CARTESIAN_POINT('',(2.676561217226,24.129979999555));
#900 = CARTESIAN_POINT('',(2.676561490123,30.162975099443));
#901 = ( GEOMETRIC_REPRESENTATION_CONTEXT(2) 
PARAMETRIC_REPRESENTATION_CONTEXT() REPRESENTATION_CONTEXT('2D SPACE',''
  ) );
#902 = PCURVE('',#903,#908);
#903 = PLANE('',#904);
#904 = AXIS2_PLACEMENT_3D('',#905,#906,#907);
#905 = CARTESIAN_POINT('',(281.000092,-19.,-67.5));
#906 = DIRECTION('',(0.,1.,0.));
#907 = DIRECTION('',(0.,-0.,1.));
#908 = DEFINITIONAL_REPRESENTATION('',(#909),#912);
#909 = B_SPLINE_CURVE_WITH_KNOTS('',1,(#910,#911),.UNSPECIFIED.,.F.,.F.,
  (2,2),(-2.032926982888E-03,30.162942572516),.PIECEWISE_BEZIER_KNOTS.);
#910 = CARTESIAN_POINT('',(105.54471809281,3.391440207215E-02));
#911 = CARTESIAN_POINT('',(105.51044409164,-30.13104162604));
#912 = ( GEOMETRIC_REPRESENTATION_CONTEXT(2) 
PARAMETRIC_REPRESENTATION_CONTEXT() REPRESENTATION_CONTEXT('2D SPACE',''
  ) );
#913 = ORIENTED_EDGE('',*,*,#914,.T.);
#914 = EDGE_CURVE('',#883,#915,#917,.T.);
#915 = VERTEX_POINT('',#916);
#916 = CARTESIAN_POINT('',(281.000092,-19.,-37.67056125463));
#917 = SURFACE_CURVE('',#918,(#923,#935),.PCURVE_S1.);
#918 = ELLIPSE('',#919,42.355476334374,42.355448952641);
#919 = AXIS2_PLACEMENT_3D('',#920,#921,#922);
#920 = CARTESIAN_POINT('',(281.000092,-5.619615930028E-03,0.187059189015
    ));
#921 = DIRECTION('',(1.,0.,0.));
#922 = DIRECTION('',(0.,-1.506010648011E-03,-0.999998865965));
#923 = PCURVE('',#241,#924);
#924 = DEFINITIONAL_REPRESENTATION('',(#925),#934);
#925 = B_SPLINE_CURVE_WITH_KNOTS('',7,(#926,#927,#928,#929,#930,#931,
    #932,#933),.UNSPECIFIED.,.F.,.F.,(8,8),(3.540546762278,
    5.887243222873),.PIECEWISE_BEZIER_KNOTS.);
#926 = CARTESIAN_POINT('',(2.744144555145,3.054926203009E-02));
#927 = CARTESIAN_POINT('',(2.408902203632,3.682116808826E-02));
#928 = CARTESIAN_POINT('',(2.073659852118,4.891216808793E-02));
#929 = CARTESIAN_POINT('',(1.738417500605,6.566940926881E-02));
#930 = CARTESIAN_POINT('',(1.403175149091,8.434806849016E-02));
#931 = CARTESIAN_POINT('',(1.067932797577,0.101083395324));
#932 = CARTESIAN_POINT('',(0.732690446064,0.113136921605));
#933 = CARTESIAN_POINT('',(0.39744809455,0.119363986934));
#934 = ( GEOMETRIC_REPRESENTATION_CONTEXT(2) 
PARAMETRIC_REPRESENTATION_CONTEXT() REPRESENTATION_CONTEXT('2D SPACE',''
  ) );
#935 = PCURVE('',#936,#941);
#936 = PLANE('',#937);
#937 = AXIS2_PLACEMENT_3D('',#938,#939,#940);
#938 = CARTESIAN_POINT('',(281.000092,-32.,0.));
#939 = DIRECTION('',(1.,0.,0.));
#940 = DIRECTION('',(-0.,0.,1.));
#941 = DEFINITIONAL_REPRESENTATION('',(#942),#946);
#942 = ELLIPSE('',#943,42.355476334374,42.355448952641);
#943 = AXIS2_PLACEMENT_2D('',#944,#945);
#944 = CARTESIAN_POINT('',(0.187059189015,-31.99438038407));
#945 = DIRECTION('',(-0.999998865965,1.506010648011E-03));
#946 = ( GEOMETRIC_REPRESENTATION_CONTEXT(2) 
PARAMETRIC_REPRESENTATION_CONTEXT() REPRESENTATION_CONTEXT('2D SPACE',''
  ) );
#947 = ORIENTED_EDGE('',*,*,#948,.T.);
#948 = EDGE_CURVE('',#915,#949,#951,.T.);
#949 = VERTEX_POINT('',#950);
#950 = CARTESIAN_POINT('',(251.000107,-19.,-37.70469936398));
#951 = SURFACE_CURVE('',#952,(#956,#966),.PCURVE_S1.);
#952 = LINE('',#953,#954);
#953 = CARTESIAN_POINT('',(281.1180675264,-19.,-37.67042700578));
#954 = VECTOR('',#955,1.);
#955 = DIRECTION('',(-0.99999935255,0.,-1.137936807397E-03));
#956 = PCURVE('',#241,#957);
#957 = DEFINITIONAL_REPRESENTATION('',(#958),#965);
#958 = B_SPLINE_CURVE_WITH_KNOTS('',5,(#959,#960,#961,#962,#963,#964),
  .UNSPECIFIED.,.F.,.F.,(6,6),(-2.032926982837E-03,30.162942572516),
  .PIECEWISE_BEZIER_KNOTS.);
#959 = CARTESIAN_POINT('',(0.46503252795,-2.000400000043E-03));
#960 = CARTESIAN_POINT('',(0.465032255053,6.030994699889));
#961 = CARTESIAN_POINT('',(0.465031982157,12.063989799777));
#962 = CARTESIAN_POINT('',(0.46503170926,18.096984899666));
#963 = CARTESIAN_POINT('',(0.465031436364,24.129979999555));
#964 = CARTESIAN_POINT('',(0.465031163467,30.162975099443));
#965 = ( GEOMETRIC_REPRESENTATION_CONTEXT(2) 
PARAMETRIC_REPRESENTATION_CONTEXT() REPRESENTATION_CONTEXT('2D SPACE',''
  ) );
#966 = PCURVE('',#967,#972);
#967 = PLANE('',#968);
#968 = AXIS2_PLACEMENT_3D('',#969,#970,#971);
#969 = CARTESIAN_POINT('',(281.000092,-19.,-67.5));
#970 = DIRECTION('',(0.,1.,0.));
#971 = DIRECTION('',(0.,-0.,1.));
#972 = DEFINITIONAL_REPRESENTATION('',(#973),#976);
#973 = B_SPLINE_CURVE_WITH_KNOTS('',1,(#974,#975),.UNSPECIFIED.,.F.,.F.,
  (2,2),(-2.032926982837E-03,30.162942572516),.PIECEWISE_BEZIER_KNOTS.);
#974 = CARTESIAN_POINT('',(29.829575307561,0.120008452068));
#975 = CARTESIAN_POINT('',(29.795249471646,-30.0449475171));
#976 = ( GEOMETRIC_REPRESENTATION_CONTEXT(2) 
PARAMETRIC_REPRESENTATION_CONTEXT() REPRESENTATION_CONTEXT('2D SPACE',''
  ) );
#977 = ORIENTED_EDGE('',*,*,#978,.F.);
#978 = EDGE_CURVE('',#885,#949,#979,.T.);
#979 = SURFACE_CURVE('',#980,(#985,#997),.PCURVE_S1.);
#980 = ELLIPSE('',#981,42.355476334374,42.355448952641);
#981 = AXIS2_PLACEMENT_3D('',#982,#983,#984);
#982 = CARTESIAN_POINT('',(251.000107,-5.670989525902E-03,0.152946855426
    ));
#983 = DIRECTION('',(1.,0.,0.));
#984 = DIRECTION('',(0.,-1.506010648011E-03,-0.999998865965));
#985 = PCURVE('',#241,#986);
#986 = DEFINITIONAL_REPRESENTATION('',(#987),#996);
#987 = B_SPLINE_CURVE_WITH_KNOTS('',7,(#988,#989,#990,#991,#992,#993,
    #994,#995),.UNSPECIFIED.,.F.,.F.,(8,8),(3.540545446825,
    5.887244538326),.PIECEWISE_BEZIER_KNOTS.);
#988 = CARTESIAN_POINT('',(2.744145870598,30.030553631656));
#989 = CARTESIAN_POINT('',(2.408903143241,30.036825525174));
#990 = CARTESIAN_POINT('',(2.073660415884,30.048916528909));
#991 = CARTESIAN_POINT('',(1.738417688526,30.065673789813));
#992 = CARTESIAN_POINT('',(1.403174961169,30.08435247646));
#993 = CARTESIAN_POINT('',(1.067932233812,30.101087822952));
#994 = CARTESIAN_POINT('',(0.732689506454,30.11314135289));
#995 = CARTESIAN_POINT('',(0.397446779097,30.119368405604));
#996 = ( GEOMETRIC_REPRESENTATION_CONTEXT(2) 
PARAMETRIC_REPRESENTATION_CONTEXT() REPRESENTATION_CONTEXT('2D SPACE',''
  ) );
#997 = PCURVE('',#998,#1003);
#998 = PLANE('',#999);
#999 = AXIS2_PLACEMENT_3D('',#1000,#1001,#1002);
#1000 = CARTESIAN_POINT('',(251.000107,-32.,0.));
#1001 = DIRECTION('',(1.,0.,0.));
#1002 = DIRECTION('',(-0.,0.,1.));
#1003 = DEFINITIONAL_REPRESENTATION('',(#1004),#1008);
#1004 = ELLIPSE('',#1005,42.355476334374,42.355448952641);
#1005 = AXIS2_PLACEMENT_2D('',#1006,#1007);
#1006 = CARTESIAN_POINT('',(0.152946855426,-31.99432901047));
#1007 = DIRECTION('',(-0.999998865965,1.506010648011E-03));
#1008 = ( GEOMETRIC_REPRESENTATION_CONTEXT(2) 
PARAMETRIC_REPRESENTATION_CONTEXT() REPRESENTATION_CONTEXT('2D SPACE',''
  ) );
#1009 = ADVANCED_FACE('',(#1010),#276,.T.);
#1010 = FACE_BOUND('',#1011,.T.);
#1011 = EDGE_LOOP('',(#1012,#1042,#1070,#1098,#1126,#1154,#1182,#1211,
    #1238,#1265,#1266));
#1012 = ORIENTED_EDGE('',*,*,#1013,.T.);
#1013 = EDGE_CURVE('',#1014,#1016,#1018,.T.);
#1014 = VERTEX_POINT('',#1015);
#1015 = CARTESIAN_POINT('',(124.000099,-19.,67.5));
#1016 = VERTEX_POINT('',#1017);
#1017 = CARTESIAN_POINT('',(124.000099,-45.,67.5));
#1018 = SURFACE_CURVE('',#1019,(#1023,#1030),.PCURVE_S1.);
#1019 = LINE('',#1020,#1021);
#1020 = CARTESIAN_POINT('',(124.000099,-19.,67.5));
#1021 = VECTOR('',#1022,1.);
#1022 = DIRECTION('',(0.,-1.,0.));
#1023 = PCURVE('',#276,#1024);
#1024 = DEFINITIONAL_REPRESENTATION('',(#1025),#1029);
#1025 = LINE('',#1026,#1027);
#1026 = CARTESIAN_POINT('',(67.5,-13.));
#1027 = VECTOR('',#1028,1.);
#1028 = DIRECTION('',(0.,1.));
#1029 = ( GEOMETRIC_REPRESENTATION_CONTEXT(2) 
PARAMETRIC_REPRESENTATION_CONTEXT() REPRESENTATION_CONTEXT('2D SPACE',''
  ) );
#1030 = PCURVE('',#1031,#1036);
#1031 = PLANE('',#1032);
#1032 = AXIS2_PLACEMENT_3D('',#1033,#1034,#1035);
#1033 = CARTESIAN_POINT('',(94.000099,-19.,67.5));
#1034 = DIRECTION('',(0.,0.,-1.));
#1035 = DIRECTION('',(0.,-1.,0.));
#1036 = DEFINITIONAL_REPRESENTATION('',(#1037),#1041);
#1037 = LINE('',#1038,#1039);
#1038 = CARTESIAN_POINT('',(0.,-30.));
#1039 = VECTOR('',#1040,1.);
#1040 = DIRECTION('',(1.,0.));
#1041 = ( GEOMETRIC_REPRESENTATION_CONTEXT(2) 
PARAMETRIC_REPRESENTATION_CONTEXT() REPRESENTATION_CONTEXT('2D SPACE',''
  ) );
#1042 = ORIENTED_EDGE('',*,*,#1043,.T.);
#1043 = EDGE_CURVE('',#1016,#1044,#1046,.T.);
#1044 = VERTEX_POINT('',#1045);
#1045 = CARTESIAN_POINT('',(124.00009900001,-45.,42.5));
#1046 = SURFACE_CURVE('',#1047,(#1051,#1058),.PCURVE_S1.);
#1047 = LINE('',#1048,#1049);
#1048 = CARTESIAN_POINT('',(124.000099,-45.,67.5));
#1049 = VECTOR('',#1050,1.);
#1050 = DIRECTION('',(0.,0.,-1.));
#1051 = PCURVE('',#276,#1052);
#1052 = DEFINITIONAL_REPRESENTATION('',(#1053),#1057);
#1053 = LINE('',#1054,#1055);
#1054 = CARTESIAN_POINT('',(67.5,13.));
#1055 = VECTOR('',#1056,1.);
#1056 = DIRECTION('',(-1.,0.));
#1057 = ( GEOMETRIC_REPRESENTATION_CONTEXT(2) 
PARAMETRIC_REPRESENTATION_CONTEXT() REPRESENTATION_CONTEXT('2D SPACE',''
  ) );
#1058 = PCURVE('',#1059,#1064);
#1059 = PLANE('',#1060);
#1060 = AXIS2_PLACEMENT_3D('',#1061,#1062,#1063);
#1061 = CARTESIAN_POINT('',(94.000099,-45.,67.5));
#1062 = DIRECTION('',(-0.,1.,0.));
#1063 = DIRECTION('',(0.,0.,-1.));
#1064 = DEFINITIONAL_REPRESENTATION('',(#1065),#1069);
#1065 = LINE('',#1066,#1067);
#1066 = CARTESIAN_POINT('',(0.,-30.));
#1067 = VECTOR('',#1068,1.);
#1068 = DIRECTION('',(1.,0.));
#1069 = ( GEOMETRIC_REPRESENTATION_CONTEXT(2) 
PARAMETRIC_REPRESENTATION_CONTEXT() REPRESENTATION_CONTEXT('2D SPACE',''
  ) );
#1070 = ORIENTED_EDGE('',*,*,#1071,.T.);
#1071 = EDGE_CURVE('',#1044,#1072,#1074,.T.);
#1072 = VERTEX_POINT('',#1073);
#1073 = CARTESIAN_POINT('',(124.00009900001,-45.,-42.5));
#1074 = SURFACE_CURVE('',#1075,(#1079,#1086),.PCURVE_S1.);
#1075 = LINE('',#1076,#1077);
#1076 = CARTESIAN_POINT('',(124.000099,-45.,67.5));
#1077 = VECTOR('',#1078,1.);
#1078 = DIRECTION('',(0.,0.,-1.));
#1079 = PCURVE('',#276,#1080);
#1080 = DEFINITIONAL_REPRESENTATION('',(#1081),#1085);
#1081 = LINE('',#1082,#1083);
#1082 = CARTESIAN_POINT('',(67.5,13.));
#1083 = VECTOR('',#1084,1.);
#1084 = DIRECTION('',(-1.,0.));
#1085 = ( GEOMETRIC_REPRESENTATION_CONTEXT(2) 
PARAMETRIC_REPRESENTATION_CONTEXT() REPRESENTATION_CONTEXT('2D SPACE',''
  ) );
#1086 = PCURVE('',#1087,#1092);
#1087 = PLANE('',#1088);
#1088 = AXIS2_PLACEMENT_3D('',#1089,#1090,#1091);
#1089 = CARTESIAN_POINT('',(124.00009921408,-45.125,-42.49999999975));
#1090 = DIRECTION('',(0.999999999999,1.7124518379E-06,-0.));
#1091 = DIRECTION('',(0.,0.,1.));
#1092 = DEFINITIONAL_REPRESENTATION('',(#1093),#1097);
#1093 = LINE('',#1094,#1095);
#1094 = CARTESIAN_POINT('',(109.99999999975,-0.125));
#1095 = VECTOR('',#1096,1.);
#1096 = DIRECTION('',(-1.,0.));
#1097 = ( GEOMETRIC_REPRESENTATION_CONTEXT(2) 
PARAMETRIC_REPRESENTATION_CONTEXT() REPRESENTATION_CONTEXT('2D SPACE',''
  ) );
#1098 = ORIENTED_EDGE('',*,*,#1099,.T.);
#1099 = EDGE_CURVE('',#1072,#1100,#1102,.T.);
#1100 = VERTEX_POINT('',#1101);
#1101 = CARTESIAN_POINT('',(124.000099,-45.,-67.5));
#1102 = SURFACE_CURVE('',#1103,(#1107,#1114),.PCURVE_S1.);
#1103 = LINE('',#1104,#1105);
#1104 = CARTESIAN_POINT('',(124.000099,-45.,67.5));
#1105 = VECTOR('',#1106,1.);
#1106 = DIRECTION('',(0.,0.,-1.));
#1107 = PCURVE('',#276,#1108);
#1108 = DEFINITIONAL_REPRESENTATION('',(#1109),#1113);
#1109 = LINE('',#1110,#1111);
#1110 = CARTESIAN_POINT('',(67.5,13.));
#1111 = VECTOR('',#1112,1.);
#1112 = DIRECTION('',(-1.,0.));
#1113 = ( GEOMETRIC_REPRESENTATION_CONTEXT(2) 
PARAMETRIC_REPRESENTATION_CONTEXT() REPRESENTATION_CONTEXT('2D SPACE',''
  ) );
#1114 = PCURVE('',#1115,#1120);
#1115 = PLANE('',#1116);
#1116 = AXIS2_PLACEMENT_3D('',#1117,#1118,#1119);
#1117 = CARTESIAN_POINT('',(94.000099,-45.,67.5));
#1118 = DIRECTION('',(-0.,1.,0.));
#1119 = DIRECTION('',(0.,0.,-1.));
#1120 = DEFINITIONAL_REPRESENTATION('',(#1121),#1125);
#1121 = LINE('',#1122,#1123);
#1122 = CARTESIAN_POINT('',(0.,-30.));
#1123 = VECTOR('',#1124,1.);
#1124 = DIRECTION('',(1.,0.));
#1125 = ( GEOMETRIC_REPRESENTATION_CONTEXT(2) 
PARAMETRIC_REPRESENTATION_CONTEXT() REPRESENTATION_CONTEXT('2D SPACE',''
  ) );
#1126 = ORIENTED_EDGE('',*,*,#1127,.T.);
#1127 = EDGE_CURVE('',#1100,#1128,#1130,.T.);
#1128 = VERTEX_POINT('',#1129);
#1129 = CARTESIAN_POINT('',(124.000099,-19.,-67.5));
#1130 = SURFACE_CURVE('',#1131,(#1135,#1142),.PCURVE_S1.);
#1131 = LINE('',#1132,#1133);
#1132 = CARTESIAN_POINT('',(124.000099,-45.,-67.5));
#1133 = VECTOR('',#1134,1.);
#1134 = DIRECTION('',(0.,1.,0.));
#1135 = PCURVE('',#276,#1136);
#1136 = DEFINITIONAL_REPRESENTATION('',(#1137),#1141);
#1137 = LINE('',#1138,#1139);
#1138 = CARTESIAN_POINT('',(-67.5,13.));
#1139 = VECTOR('',#1140,1.);
#1140 = DIRECTION('',(0.,-1.));
#1141 = ( GEOMETRIC_REPRESENTATION_CONTEXT(2) 
PARAMETRIC_REPRESENTATION_CONTEXT() REPRESENTATION_CONTEXT('2D SPACE',''
  ) );
#1142 = PCURVE('',#1143,#1148);
#1143 = PLANE('',#1144);
#1144 = AXIS2_PLACEMENT_3D('',#1145,#1146,#1147);
#1145 = CARTESIAN_POINT('',(94.000099,-45.,-67.5));
#1146 = DIRECTION('',(0.,0.,1.));
#1147 = DIRECTION('',(0.,1.,0.));
#1148 = DEFINITIONAL_REPRESENTATION('',(#1149),#1153);
#1149 = LINE('',#1150,#1151);
#1150 = CARTESIAN_POINT('',(0.,-30.));
#1151 = VECTOR('',#1152,1.);
#1152 = DIRECTION('',(1.,0.));
#1153 = ( GEOMETRIC_REPRESENTATION_CONTEXT(2) 
PARAMETRIC_REPRESENTATION_CONTEXT() REPRESENTATION_CONTEXT('2D SPACE',''
  ) );
#1154 = ORIENTED_EDGE('',*,*,#1155,.T.);
#1155 = EDGE_CURVE('',#1128,#1156,#1158,.T.);
#1156 = VERTEX_POINT('',#1157);
#1157 = CARTESIAN_POINT('',(124.000099,-19.,-38.01083100788));
#1158 = SURFACE_CURVE('',#1159,(#1163,#1170),.PCURVE_S1.);
#1159 = LINE('',#1160,#1161);
#1160 = CARTESIAN_POINT('',(124.000099,-19.,-67.5));
#1161 = VECTOR('',#1162,1.);
#1162 = DIRECTION('',(0.,0.,1.));
#1163 = PCURVE('',#276,#1164);
#1164 = DEFINITIONAL_REPRESENTATION('',(#1165),#1169);
#1165 = LINE('',#1166,#1167);
#1166 = CARTESIAN_POINT('',(-67.5,-13.));
#1167 = VECTOR('',#1168,1.);
#1168 = DIRECTION('',(1.,0.));
#1169 = ( GEOMETRIC_REPRESENTATION_CONTEXT(2) 
PARAMETRIC_REPRESENTATION_CONTEXT() REPRESENTATION_CONTEXT('2D SPACE',''
  ) );
#1170 = PCURVE('',#1171,#1176);
#1171 = PLANE('',#1172);
#1172 = AXIS2_PLACEMENT_3D('',#1173,#1174,#1175);
#1173 = CARTESIAN_POINT('',(94.000099,-19.,-67.5));
#1174 = DIRECTION('',(0.,-1.,0.));
#1175 = DIRECTION('',(0.,0.,1.));
#1176 = DEFINITIONAL_REPRESENTATION('',(#1177),#1181);
#1177 = LINE('',#1178,#1179);
#1178 = CARTESIAN_POINT('',(0.,-30.));
#1179 = VECTOR('',#1180,1.);
#1180 = DIRECTION('',(1.,0.));
#1181 = ( GEOMETRIC_REPRESENTATION_CONTEXT(2) 
PARAMETRIC_REPRESENTATION_CONTEXT() REPRESENTATION_CONTEXT('2D SPACE',''
  ) );
#1182 = ORIENTED_EDGE('',*,*,#1183,.F.);
#1183 = EDGE_CURVE('',#1184,#1156,#1186,.T.);
#1184 = VERTEX_POINT('',#1185);
#1185 = CARTESIAN_POINT('',(124.0000947189,-42.5,-0.696656391414));
#1186 = SURFACE_CURVE('',#1187,(#1192,#1199),.PCURVE_S1.);
#1187 = ELLIPSE('',#1188,42.499989979041,42.499962503884);
#1188 = AXIS2_PLACEMENT_3D('',#1189,#1190,#1191);
#1189 = CARTESIAN_POINT('',(124.000099,-5.888471204207E-03,
    8.537895262769E-03));
#1190 = DIRECTION('',(1.,0.,0.));
#1191 = DIRECTION('',(-0.,1.506010648011E-03,0.999998865965));
#1192 = PCURVE('',#276,#1193);
#1193 = DEFINITIONAL_REPRESENTATION('',(#1194),#1198);
#1194 = ELLIPSE('',#1195,42.499989979041,42.499962503884);
#1195 = AXIS2_PLACEMENT_2D('',#1196,#1197);
#1196 = CARTESIAN_POINT('',(8.537895262769E-03,-31.99411152879));
#1197 = DIRECTION('',(0.999998865965,-1.506010648011E-03));
#1198 = ( GEOMETRIC_REPRESENTATION_CONTEXT(2) 
PARAMETRIC_REPRESENTATION_CONTEXT() REPRESENTATION_CONTEXT('2D SPACE',''
  ) );
#1199 = PCURVE('',#304,#1200);
#1200 = DEFINITIONAL_REPRESENTATION('',(#1201),#1210);
#1201 = B_SPLINE_CURVE_WITH_KNOTS('',7,(#1202,#1203,#1204,#1205,#1206,
    #1207,#1208,#1209),.UNSPECIFIED.,.F.,.F.,(8,8),(0.755628680351,
    2.747084414678),.PIECEWISE_BEZIER_KNOTS.);
#1202 = CARTESIAN_POINT('',(0.754122670107,30.056125832226));
#1203 = CARTESIAN_POINT('',(1.03861634644,30.046697919035));
#1204 = CARTESIAN_POINT('',(1.323110022772,30.033948754438));
#1205 = CARTESIAN_POINT('',(1.607603699104,30.019124396931));
#1206 = CARTESIAN_POINT('',(1.892097375437,30.004130240839));
#1207 = CARTESIAN_POINT('',(2.176591051769,29.991119917728));
#1208 = CARTESIAN_POINT('',(2.461084728102,29.981622852337));
#1209 = CARTESIAN_POINT('',(2.745578404434,29.976338597724));
#1210 = ( GEOMETRIC_REPRESENTATION_CONTEXT(2) 
PARAMETRIC_REPRESENTATION_CONTEXT() REPRESENTATION_CONTEXT('2D SPACE',''
  ) );
#1211 = ORIENTED_EDGE('',*,*,#1212,.F.);
#1212 = EDGE_CURVE('',#1213,#1184,#1215,.T.);
#1213 = VERTEX_POINT('',#1214);
#1214 = CARTESIAN_POINT('',(124.0000947189,-42.5,0.713732006715));
#1215 = SURFACE_CURVE('',#1216,(#1221,#1228),.PCURVE_S1.);
#1216 = ELLIPSE('',#1217,42.499989978979,42.499962503884);
#1217 = AXIS2_PLACEMENT_3D('',#1218,#1219,#1220);
#1218 = CARTESIAN_POINT('',(124.00002194978,-5.888471336152E-03,
    8.537807650635E-03));
#1219 = DIRECTION('',(0.999999999999,1.7124518379E-06,
    -3.944304526105E-31));
#1220 = DIRECTION('',(-3.334472380385E-15,1.947191918967E-09,1.));
#1221 = PCURVE('',#276,#1222);
#1222 = DEFINITIONAL_REPRESENTATION('',(#1223),#1227);
#1223 = ELLIPSE('',#1224,42.499989978979,42.499962503822);
#1224 = AXIS2_PLACEMENT_2D('',#1225,#1226);
#1225 = CARTESIAN_POINT('',(8.537807650635E-03,-31.99411152866));
#1226 = DIRECTION('',(1.,-1.947191918967E-09));
#1227 = ( GEOMETRIC_REPRESENTATION_CONTEXT(2) 
PARAMETRIC_REPRESENTATION_CONTEXT() REPRESENTATION_CONTEXT('2D SPACE',''
  ) );
#1228 = PCURVE('',#304,#1229);
#1229 = DEFINITIONAL_REPRESENTATION('',(#1230),#1237);
#1230 = B_SPLINE_CURVE_WITH_KNOTS('',5,(#1231,#1232,#1233,#1234,#1235,
    #1236),.UNSPECIFIED.,.F.,.F.,(6,6),(1.458361439905,1.683231217579),
  .PIECEWISE_BEZIER_KNOTS.);
#1231 = CARTESIAN_POINT('',(1.458361439905,30.02629733695));
#1232 = CARTESIAN_POINT('',(1.50333539544,30.02413765831));
#1233 = CARTESIAN_POINT('',(1.548309350975,30.021964270957));
#1234 = CARTESIAN_POINT('',(1.593283306509,30.019786275466));
#1235 = CARTESIAN_POINT('',(1.638257262044,30.017612888113));
#1236 = CARTESIAN_POINT('',(1.683231217579,30.015453209475));
#1237 = ( GEOMETRIC_REPRESENTATION_CONTEXT(2) 
PARAMETRIC_REPRESENTATION_CONTEXT() REPRESENTATION_CONTEXT('2D SPACE',''
  ) );
#1238 = ORIENTED_EDGE('',*,*,#1239,.F.);
#1239 = EDGE_CURVE('',#260,#1213,#1240,.T.);
#1240 = SURFACE_CURVE('',#1241,(#1246,#1253),.PCURVE_S1.);
#1241 = ELLIPSE('',#1242,42.499989979041,42.499962503884);
#1242 = AXIS2_PLACEMENT_3D('',#1243,#1244,#1245);
#1243 = CARTESIAN_POINT('',(124.000099,-5.888471204207E-03,
    8.537895262769E-03));
#1244 = DIRECTION('',(1.,0.,0.));
#1245 = DIRECTION('',(-0.,1.506010648011E-03,0.999998865965));
#1246 = PCURVE('',#276,#1247);
#1247 = DEFINITIONAL_REPRESENTATION('',(#1248),#1252);
#1248 = ELLIPSE('',#1249,42.499989979041,42.499962503884);
#1249 = AXIS2_PLACEMENT_2D('',#1250,#1251);
#1250 = CARTESIAN_POINT('',(8.537895262769E-03,-31.99411152879));
#1251 = DIRECTION('',(0.999998865965,-1.506010648011E-03));
#1252 = ( GEOMETRIC_REPRESENTATION_CONTEXT(2) 
PARAMETRIC_REPRESENTATION_CONTEXT() REPRESENTATION_CONTEXT('2D SPACE',''
  ) );
#1253 = PCURVE('',#304,#1254);
#1254 = DEFINITIONAL_REPRESENTATION('',(#1255),#1264);
#1255 = B_SPLINE_CURVE_WITH_KNOTS('',7,(#1256,#1257,#1258,#1259,#1260,
    #1261,#1262,#1263),.UNSPECIFIED.,.F.,.F.,(8,8),(0.755628680351,
    2.747084414678),.PIECEWISE_BEZIER_KNOTS.);
#1256 = CARTESIAN_POINT('',(0.754122670107,30.056125832226));
#1257 = CARTESIAN_POINT('',(1.03861634644,30.046697919035));
#1258 = CARTESIAN_POINT('',(1.323110022772,30.033948754438));
#1259 = CARTESIAN_POINT('',(1.607603699104,30.019124396931));
#1260 = CARTESIAN_POINT('',(1.892097375437,30.004130240839));
#1261 = CARTESIAN_POINT('',(2.176591051769,29.991119917728));
#1262 = CARTESIAN_POINT('',(2.461084728102,29.981622852337));
#1263 = CARTESIAN_POINT('',(2.745578404434,29.976338597724));
#1264 = ( GEOMETRIC_REPRESENTATION_CONTEXT(2) 
PARAMETRIC_REPRESENTATION_CONTEXT() REPRESENTATION_CONTEXT('2D SPACE',''
  ) );
#1265 = ORIENTED_EDGE('',*,*,#259,.T.);
#1266 = ORIENTED_EDGE('',*,*,#1267,.T.);
#1267 = EDGE_CURVE('',#262,#1014,#1268,.T.);
#1268 = SURFACE_CURVE('',#1269,(#1273,#1280),.PCURVE_S1.);
#1269 = LINE('',#1270,#1271);
#1270 = CARTESIAN_POINT('',(124.000099,-19.,-67.5));
#1271 = VECTOR('',#1272,1.);
#1272 = DIRECTION('',(0.,0.,1.));
#1273 = PCURVE('',#276,#1274);
#1274 = DEFINITIONAL_REPRESENTATION('',(#1275),#1279);
#1275 = LINE('',#1276,#1277);
#1276 = CARTESIAN_POINT('',(-67.5,-13.));
#1277 = VECTOR('',#1278,1.);
#1278 = DIRECTION('',(1.,0.));
#1279 = ( GEOMETRIC_REPRESENTATION_CONTEXT(2) 
PARAMETRIC_REPRESENTATION_CONTEXT() REPRESENTATION_CONTEXT('2D SPACE',''
  ) );
#1280 = PCURVE('',#486,#1281);
#1281 = DEFINITIONAL_REPRESENTATION('',(#1282),#1286);
#1282 = LINE('',#1283,#1284);
#1283 = CARTESIAN_POINT('',(0.,-30.));
#1284 = VECTOR('',#1285,1.);
#1285 = DIRECTION('',(1.,0.));
#1286 = ( GEOMETRIC_REPRESENTATION_CONTEXT(2) 
PARAMETRIC_REPRESENTATION_CONTEXT() REPRESENTATION_CONTEXT('2D SPACE',''
  ) );
#1287 = ADVANCED_FACE('',(#1288),#486,.F.);
#1288 = FACE_BOUND('',#1289,.F.);
#1289 = EDGE_LOOP('',(#1290,#1320,#1343,#1344,#1345));
#1290 = ORIENTED_EDGE('',*,*,#1291,.F.);
#1291 = EDGE_CURVE('',#1292,#1294,#1296,.T.);
#1292 = VERTEX_POINT('',#1293);
#1293 = CARTESIAN_POINT('',(94.000099,-19.,37.993820039552));
#1294 = VERTEX_POINT('',#1295);
#1295 = CARTESIAN_POINT('',(94.000099,-19.,67.5));
#1296 = SURFACE_CURVE('',#1297,(#1301,#1308),.PCURVE_S1.);
#1297 = LINE('',#1298,#1299);
#1298 = CARTESIAN_POINT('',(94.000099,-19.,-67.5));
#1299 = VECTOR('',#1300,1.);
#1300 = DIRECTION('',(0.,0.,1.));
#1301 = PCURVE('',#486,#1302);
#1302 = DEFINITIONAL_REPRESENTATION('',(#1303),#1307);
#1303 = LINE('',#1304,#1305);
#1304 = CARTESIAN_POINT('',(0.,0.));
#1305 = VECTOR('',#1306,1.);
#1306 = DIRECTION('',(1.,0.));
#1307 = ( GEOMETRIC_REPRESENTATION_CONTEXT(2) 
PARAMETRIC_REPRESENTATION_CONTEXT() REPRESENTATION_CONTEXT('2D SPACE',''
  ) );
#1308 = PCURVE('',#1309,#1314);
#1309 = PLANE('',#1310);
#1310 = AXIS2_PLACEMENT_3D('',#1311,#1312,#1313);
#1311 = CARTESIAN_POINT('',(94.000099,-32.,0.));
#1312 = DIRECTION('',(1.,0.,0.));
#1313 = DIRECTION('',(-0.,0.,1.));
#1314 = DEFINITIONAL_REPRESENTATION('',(#1315),#1319);
#1315 = LINE('',#1316,#1317);
#1316 = CARTESIAN_POINT('',(-67.5,-13.));
#1317 = VECTOR('',#1318,1.);
#1318 = DIRECTION('',(1.,0.));
#1319 = ( GEOMETRIC_REPRESENTATION_CONTEXT(2) 
PARAMETRIC_REPRESENTATION_CONTEXT() REPRESENTATION_CONTEXT('2D SPACE',''
  ) );
#1320 = ORIENTED_EDGE('',*,*,#1321,.T.);
#1321 = EDGE_CURVE('',#1292,#450,#1322,.T.);
#1322 = SURFACE_CURVE('',#1323,(#1327,#1333),.PCURVE_S1.);
#1323 = LINE('',#1324,#1325);
#1324 = CARTESIAN_POINT('',(93.935935109494,-19.,37.993747135005));
#1325 = VECTOR('',#1326,1.);
#1326 = DIRECTION('',(0.999999354499,0.,1.136222092792E-03));
#1327 = PCURVE('',#486,#1328);
#1328 = DEFINITIONAL_REPRESENTATION('',(#1329),#1332);
#1329 = B_SPLINE_CURVE_WITH_KNOTS('',1,(#1330,#1331),.UNSPECIFIED.,.F.,
  .F.,(2,2),(-1.967873565821E-03,30.056158358716),
  .PIECEWISE_BEZIER_KNOTS.);
#1330 = CARTESIAN_POINT('',(105.49374489906,6.613176280199E-02));
#1331 = CARTESIAN_POINT('',(105.52789760615,-29.99197506694));
#1332 = ( GEOMETRIC_REPRESENTATION_CONTEXT(2) 
PARAMETRIC_REPRESENTATION_CONTEXT() REPRESENTATION_CONTEXT('2D SPACE',''
  ) );
#1333 = PCURVE('',#333,#1334);
#1334 = DEFINITIONAL_REPRESENTATION('',(#1335),#1342);
#1335 = B_SPLINE_CURVE_WITH_KNOTS('',5,(#1336,#1337,#1338,#1339,#1340,
    #1341),.UNSPECIFIED.,.F.,.F.,(6,6),(-1.967873565821E-03,
    30.056158358716),.PIECEWISE_BEZIER_KNOTS.);
#1336 = CARTESIAN_POINT('',(0.463318777903,-2.0004E-03));
#1337 = CARTESIAN_POINT('',(0.463319048677,6.009624846445));
#1338 = CARTESIAN_POINT('',(0.46331931945,12.02125009289));
#1339 = CARTESIAN_POINT('',(0.463319590224,18.032875339336));
#1340 = CARTESIAN_POINT('',(0.463319860997,24.044500585781));
#1341 = CARTESIAN_POINT('',(0.463320131771,30.056125832226));
#1342 = ( GEOMETRIC_REPRESENTATION_CONTEXT(2) 
PARAMETRIC_REPRESENTATION_CONTEXT() REPRESENTATION_CONTEXT('2D SPACE',''
  ) );
#1343 = ORIENTED_EDGE('',*,*,#473,.T.);
#1344 = ORIENTED_EDGE('',*,*,#1267,.T.);
#1345 = ORIENTED_EDGE('',*,*,#1346,.F.);
#1346 = EDGE_CURVE('',#1294,#1014,#1347,.T.);
#1347 = SURFACE_CURVE('',#1348,(#1352,#1359),.PCURVE_S1.);
#1348 = LINE('',#1349,#1350);
#1349 = CARTESIAN_POINT('',(94.000099,-19.,67.5));
#1350 = VECTOR('',#1351,1.);
#1351 = DIRECTION('',(1.,0.,0.));
#1352 = PCURVE('',#486,#1353);
#1353 = DEFINITIONAL_REPRESENTATION('',(#1354),#1358);
#1354 = LINE('',#1355,#1356);
#1355 = CARTESIAN_POINT('',(135.,0.));
#1356 = VECTOR('',#1357,1.);
#1357 = DIRECTION('',(0.,-1.));
#1358 = ( GEOMETRIC_REPRESENTATION_CONTEXT(2) 
PARAMETRIC_REPRESENTATION_CONTEXT() REPRESENTATION_CONTEXT('2D SPACE',''
  ) );
#1359 = PCURVE('',#1031,#1360);
#1360 = DEFINITIONAL_REPRESENTATION('',(#1361),#1365);
#1361 = LINE('',#1362,#1363);
#1362 = CARTESIAN_POINT('',(0.,-0.));
#1363 = VECTOR('',#1364,1.);
#1364 = DIRECTION('',(0.,-1.));
#1365 = ( GEOMETRIC_REPRESENTATION_CONTEXT(2) 
PARAMETRIC_REPRESENTATION_CONTEXT() REPRESENTATION_CONTEXT('2D SPACE',''
  ) );
#1366 = ADVANCED_FACE('',(#1367),#333,.T.);
#1367 = FACE_BOUND('',#1368,.T.);
#1368 = EDGE_LOOP('',(#1369,#1370,#1393,#1422,#1456,#1488,#1515,#1516,
    #1517,#1542,#1574,#1604));
#1369 = ORIENTED_EDGE('',*,*,#316,.F.);
#1370 = ORIENTED_EDGE('',*,*,#1371,.F.);
#1371 = EDGE_CURVE('',#1372,#288,#1374,.T.);
#1372 = VERTEX_POINT('',#1373);
#1373 = CARTESIAN_POINT('',(93.930840328001,-5.939880672413E-03,
    42.474336771059));
#1374 = SURFACE_CURVE('',#1375,(#1379,#1386),.PCURVE_S1.);
#1375 = LINE('',#1376,#1377);
#1376 = CARTESIAN_POINT('',(93.930840328001,-5.939880672413E-03,
    42.474336771059));
#1377 = VECTOR('',#1378,1.);
#1378 = DIRECTION('',(0.999999353526,1.712452944955E-06,
    1.13707761976E-03));
#1379 = PCURVE('',#333,#1380);
#1380 = DEFINITIONAL_REPRESENTATION('',(#1381),#1385);
#1381 = LINE('',#1382,#1383);
#1382 = CARTESIAN_POINT('',(0.,-0.));
#1383 = VECTOR('',#1384,1.);
#1384 = DIRECTION('',(0.,1.));
#1385 = ( GEOMETRIC_REPRESENTATION_CONTEXT(2) 
PARAMETRIC_REPRESENTATION_CONTEXT() REPRESENTATION_CONTEXT('2D SPACE',''
  ) );
#1386 = PCURVE('',#304,#1387);
#1387 = DEFINITIONAL_REPRESENTATION('',(#1388),#1392);
#1388 = LINE('',#1389,#1390);
#1389 = CARTESIAN_POINT('',(6.28318530718,-0.));
#1390 = VECTOR('',#1391,1.);
#1391 = DIRECTION('',(0.,1.));
#1392 = ( GEOMETRIC_REPRESENTATION_CONTEXT(2) 
PARAMETRIC_REPRESENTATION_CONTEXT() REPRESENTATION_CONTEXT('2D SPACE',''
  ) );
#1393 = ORIENTED_EDGE('',*,*,#1394,.T.);
#1394 = EDGE_CURVE('',#1372,#1395,#1397,.T.);
#1395 = VERTEX_POINT('',#1396);
#1396 = CARTESIAN_POINT('',(94.000099,-38.33951629599,-18.37725469129));
#1397 = SURFACE_CURVE('',#1398,(#1403,#1410),.PCURVE_S1.);
#1398 = CIRCLE('',#1399,42.499962503884);
#1399 = AXIS2_PLACEMENT_3D('',#1400,#1401,#1402);
#1400 = CARTESIAN_POINT('',(93.979166084205,-5.939880672424E-03,
    -2.559825774826E-02));
#1401 = DIRECTION('',(0.999999353526,1.712452944955E-06,
    1.13707761976E-03));
#1402 = DIRECTION('',(-1.137077619762E-03,0.,0.999999353527));
#1403 = PCURVE('',#333,#1404);
#1404 = DEFINITIONAL_REPRESENTATION('',(#1405),#1409);
#1405 = LINE('',#1406,#1407);
#1406 = CARTESIAN_POINT('',(0.,0.));
#1407 = VECTOR('',#1408,1.);
#1408 = DIRECTION('',(1.,0.));
#1409 = ( GEOMETRIC_REPRESENTATION_CONTEXT(2) 
PARAMETRIC_REPRESENTATION_CONTEXT() REPRESENTATION_CONTEXT('2D SPACE',''
  ) );
#1410 = PCURVE('',#1411,#1416);
#1411 = PLANE('',#1412);
#1412 = AXIS2_PLACEMENT_3D('',#1413,#1414,#1415);
#1413 = CARTESIAN_POINT('',(93.979166084205,-5.939880672424E-03,
    -2.559825774826E-02));
#1414 = DIRECTION('',(0.999999353526,1.712452944955E-06,
    1.13707761976E-03));
#1415 = DIRECTION('',(-1.137077619762E-03,0.,0.999999353527));
#1416 = DEFINITIONAL_REPRESENTATION('',(#1417),#1421);
#1417 = CIRCLE('',#1418,42.499962503884);
#1418 = AXIS2_PLACEMENT_2D('',#1419,#1420);
#1419 = CARTESIAN_POINT('',(0.,0.));
#1420 = DIRECTION('',(1.,0.));
#1421 = ( GEOMETRIC_REPRESENTATION_CONTEXT(2) 
PARAMETRIC_REPRESENTATION_CONTEXT() REPRESENTATION_CONTEXT('2D SPACE',''
  ) );
#1422 = ORIENTED_EDGE('',*,*,#1423,.F.);
#1423 = EDGE_CURVE('',#1424,#1395,#1426,.T.);
#1424 = VERTEX_POINT('',#1425);
#1425 = CARTESIAN_POINT('',(94.000094718902,-42.5,-0.733857688501));
#1426 = SURFACE_CURVE('',#1427,(#1432,#1444),.PCURVE_S1.);
#1427 = ELLIPSE('',#1428,42.499989979041,42.499962503884);
#1428 = AXIS2_PLACEMENT_3D('',#1429,#1430,#1431);
#1429 = CARTESIAN_POINT('',(94.000099,-5.939844825767E-03,
    -2.557445538281E-02));
#1430 = DIRECTION('',(1.,0.,0.));
#1431 = DIRECTION('',(-0.,1.506010648011E-03,0.999998865965));
#1432 = PCURVE('',#333,#1433);
#1433 = DEFINITIONAL_REPRESENTATION('',(#1434),#1443);
#1434 = B_SPLINE_CURVE_WITH_KNOTS('',7,(#1435,#1436,#1437,#1438,#1439,
    #1440,#1441,#1442),.UNSPECIFIED.,.F.,.F.,(8,8),(0.397518953101,
    2.065256130602),.PIECEWISE_BEZIER_KNOTS.);
#1435 = CARTESIAN_POINT('',(0.396012942857,6.549053132643E-02));
#1436 = CARTESIAN_POINT('',(0.634261111072,6.103327081457E-02));
#1437 = CARTESIAN_POINT('',(0.872509279286,5.362525016927E-02));
#1438 = CARTESIAN_POINT('',(1.1107574475,4.368006786964E-02));
#1439 = CARTESIAN_POINT('',(1.349005615715,3.201978871546E-02));
#1440 = CARTESIAN_POINT('',(1.587253783929,1.978729643307E-02));
#1441 = CARTESIAN_POINT('',(1.825501952144,8.134110940703E-03));
#1442 = CARTESIAN_POINT('',(2.063750120358,-2.000399999872E-03));
#1443 = ( GEOMETRIC_REPRESENTATION_CONTEXT(2) 
PARAMETRIC_REPRESENTATION_CONTEXT() REPRESENTATION_CONTEXT('2D SPACE',''
  ) );
#1444 = PCURVE('',#1445,#1450);
#1445 = PLANE('',#1446);
#1446 = AXIS2_PLACEMENT_3D('',#1447,#1448,#1449);
#1447 = CARTESIAN_POINT('',(94.000099,-32.,0.));
#1448 = DIRECTION('',(1.,0.,0.));
#1449 = DIRECTION('',(-0.,0.,1.));
#1450 = DEFINITIONAL_REPRESENTATION('',(#1451),#1455);
#1451 = ELLIPSE('',#1452,42.499989979041,42.499962503884);
#1452 = AXIS2_PLACEMENT_2D('',#1453,#1454);
#1453 = CARTESIAN_POINT('',(-2.557445538281E-02,-31.99406015517));
#1454 = DIRECTION('',(0.999998865965,-1.506010648011E-03));
#1455 = ( GEOMETRIC_REPRESENTATION_CONTEXT(2) 
PARAMETRIC_REPRESENTATION_CONTEXT() REPRESENTATION_CONTEXT('2D SPACE',''
  ) );
#1456 = ORIENTED_EDGE('',*,*,#1457,.T.);
#1457 = EDGE_CURVE('',#1424,#1458,#1460,.T.);
#1458 = VERTEX_POINT('',#1459);
#1459 = CARTESIAN_POINT('',(94.000094718902,-42.5,0.682708602511));
#1460 = SURFACE_CURVE('',#1461,(#1466,#1476),.PCURVE_S1.);
#1461 = ELLIPSE('',#1462,42.499989978979,42.499962503884);
#1462 = AXIS2_PLACEMENT_3D('',#1463,#1464,#1465);
#1463 = CARTESIAN_POINT('',(94.000021949871,-5.939844957712E-03,
    -2.557454299484E-02));
#1464 = DIRECTION('',(-0.999999999999,-1.7124518379E-06,
    3.944304526105E-31));
#1465 = DIRECTION('',(-3.334472380385E-15,1.947191918967E-09,1.));
#1466 = PCURVE('',#333,#1467);
#1467 = DEFINITIONAL_REPRESENTATION('',(#1468),#1475);
#1468 = B_SPLINE_CURVE_WITH_KNOTS('',5,(#1469,#1470,#1471,#1472,#1473,
    #1474),.UNSPECIFIED.,.F.,.F.,(6,6),(4.599943316388,4.824834640487),
  .PIECEWISE_BEZIER_KNOTS.);
#1469 = CARTESIAN_POINT('',(1.683241990792,1.543329798079E-02));
#1470 = CARTESIAN_POINT('',(1.638263725972,1.759318092656E-02));
#1471 = CARTESIAN_POINT('',(1.593285461152,1.976677652231E-02));
#1472 = CARTESIAN_POINT('',(1.548307196332,2.194498158572E-02));
#1473 = CARTESIAN_POINT('',(1.503328931512,2.411857718201E-02));
#1474 = CARTESIAN_POINT('',(1.458350666692,2.627846012872E-02));
#1475 = ( GEOMETRIC_REPRESENTATION_CONTEXT(2) 
PARAMETRIC_REPRESENTATION_CONTEXT() REPRESENTATION_CONTEXT('2D SPACE',''
  ) );
#1476 = PCURVE('',#1477,#1482);
#1477 = PLANE('',#1478);
#1478 = AXIS2_PLACEMENT_3D('',#1479,#1480,#1481);
#1479 = CARTESIAN_POINT('',(94.000099214088,-45.125,42.500000000243));
#1480 = DIRECTION('',(-0.999999999999,-1.7124518379E-06,-0.));
#1481 = DIRECTION('',(0.,0.,-1.));
#1482 = DEFINITIONAL_REPRESENTATION('',(#1483),#1487);
#1483 = ELLIPSE('',#1484,42.499989978979,42.499962503884);
#1484 = AXIS2_PLACEMENT_2D('',#1485,#1486);
#1485 = CARTESIAN_POINT('',(42.525574543238,-45.1190601551));
#1486 = DIRECTION('',(-1.,-1.94719191897E-09));
#1487 = ( GEOMETRIC_REPRESENTATION_CONTEXT(2) 
PARAMETRIC_REPRESENTATION_CONTEXT() REPRESENTATION_CONTEXT('2D SPACE',''
  ) );
#1488 = ORIENTED_EDGE('',*,*,#1489,.F.);
#1489 = EDGE_CURVE('',#1292,#1458,#1490,.T.);
#1490 = SURFACE_CURVE('',#1491,(#1496,#1508),.PCURVE_S1.);
#1491 = ELLIPSE('',#1492,42.499989979041,42.499962503884);
#1492 = AXIS2_PLACEMENT_3D('',#1493,#1494,#1495);
#1493 = CARTESIAN_POINT('',(94.000099,-5.939844825767E-03,
    -2.557445538281E-02));
#1494 = DIRECTION('',(1.,0.,0.));
#1495 = DIRECTION('',(-0.,1.506010648011E-03,0.999998865965));
#1496 = PCURVE('',#333,#1497);
#1497 = DEFINITIONAL_REPRESENTATION('',(#1498),#1507);
#1498 = B_SPLINE_CURVE_WITH_KNOTS('',7,(#1499,#1500,#1501,#1502,#1503,
    #1504,#1505,#1506),.UNSPECIFIED.,.F.,.F.,(8,8),(0.397518953101,
    2.065256130602),.PIECEWISE_BEZIER_KNOTS.);
#1499 = CARTESIAN_POINT('',(0.396012942857,6.549053132643E-02));
#1500 = CARTESIAN_POINT('',(0.634261111072,6.103327081457E-02));
#1501 = CARTESIAN_POINT('',(0.872509279286,5.362525016927E-02));
#1502 = CARTESIAN_POINT('',(1.1107574475,4.368006786964E-02));
#1503 = CARTESIAN_POINT('',(1.349005615715,3.201978871546E-02));
#1504 = CARTESIAN_POINT('',(1.587253783929,1.978729643307E-02));
#1505 = CARTESIAN_POINT('',(1.825501952144,8.134110940703E-03));
#1506 = CARTESIAN_POINT('',(2.063750120358,-2.000399999872E-03));
#1507 = ( GEOMETRIC_REPRESENTATION_CONTEXT(2) 
PARAMETRIC_REPRESENTATION_CONTEXT() REPRESENTATION_CONTEXT('2D SPACE',''
  ) );
#1508 = PCURVE('',#1309,#1509);
#1509 = DEFINITIONAL_REPRESENTATION('',(#1510),#1514);
#1510 = ELLIPSE('',#1511,42.499989979041,42.499962503884);
#1511 = AXIS2_PLACEMENT_2D('',#1512,#1513);
#1512 = CARTESIAN_POINT('',(-2.557445538281E-02,-31.99406015517));
#1513 = DIRECTION('',(0.999998865965,-1.506010648011E-03));
#1514 = ( GEOMETRIC_REPRESENTATION_CONTEXT(2) 
PARAMETRIC_REPRESENTATION_CONTEXT() REPRESENTATION_CONTEXT('2D SPACE',''
  ) );
#1515 = ORIENTED_EDGE('',*,*,#1321,.T.);
#1516 = ORIENTED_EDGE('',*,*,#449,.F.);
#1517 = ORIENTED_EDGE('',*,*,#1518,.F.);
#1518 = EDGE_CURVE('',#1519,#424,#1521,.T.);
#1519 = VERTEX_POINT('',#1520);
#1520 = CARTESIAN_POINT('',(94.000099,-18.73063075,38.127205818306));
#1521 = SURFACE_CURVE('',#1522,(#1526,#1536),.PCURVE_S1.);
#1522 = LINE('',#1523,#1524);
#1523 = CARTESIAN_POINT('',(93.935783439609,-18.73063075,38.127132740459
    ));
#1524 = VECTOR('',#1525,1.);
#1525 = DIRECTION('',(0.999999354482,0.,1.136237174224E-03));
#1526 = PCURVE('',#333,#1527);
#1527 = DEFINITIONAL_REPRESENTATION('',(#1528),#1535);
#1528 = B_SPLINE_CURVE_WITH_KNOTS('',5,(#1529,#1530,#1531,#1532,#1533,
    #1534),.UNSPECIFIED.,.F.,.F.,(6,6),(-1.968335175642E-03,
    30.056157897433),.PIECEWISE_BEZIER_KNOTS.);
#1529 = CARTESIAN_POINT('',(0.456246161119,-2.000400327674E-03));
#1530 = CARTESIAN_POINT('',(0.456246430946,6.009624846183));
#1531 = CARTESIAN_POINT('',(0.456246700773,12.021250092694));
#1532 = CARTESIAN_POINT('',(0.4562469706,18.032875339205));
#1533 = CARTESIAN_POINT('',(0.456247240426,24.044500585716));
#1534 = CARTESIAN_POINT('',(0.456247510253,30.056125832226));
#1535 = ( GEOMETRIC_REPRESENTATION_CONTEXT(2) 
PARAMETRIC_REPRESENTATION_CONTEXT() REPRESENTATION_CONTEXT('2D SPACE',''
  ) );
#1536 = PCURVE('',#438,#1537);
#1537 = DEFINITIONAL_REPRESENTATION('',(#1538),#1541);
#1538 = B_SPLINE_CURVE_WITH_KNOTS('',1,(#1539,#1540),.UNSPECIFIED.,.F.,
  .F.,(2,2),(-1.968335175642E-03,30.056157897433),
  .PIECEWISE_BEZIER_KNOTS.);
#1539 = CARTESIAN_POINT('',(80.627130503963,6.62838942963E-02));
#1540 = CARTESIAN_POINT('',(80.661283664376,-29.99182293526));
#1541 = ( GEOMETRIC_REPRESENTATION_CONTEXT(2) 
PARAMETRIC_REPRESENTATION_CONTEXT() REPRESENTATION_CONTEXT('2D SPACE',''
  ) );
#1542 = ORIENTED_EDGE('',*,*,#1543,.T.);
#1543 = EDGE_CURVE('',#1519,#1544,#1546,.T.);
#1544 = VERTEX_POINT('',#1545);
#1545 = CARTESIAN_POINT('',(94.000099,-8.978975000008E-02,
    42.474332807854));
#1546 = SURFACE_CURVE('',#1547,(#1552,#1562),.PCURVE_S1.);
#1547 = ELLIPSE('',#1548,42.499989979041,42.499962503884);
#1548 = AXIS2_PLACEMENT_3D('',#1549,#1550,#1551);
#1549 = CARTESIAN_POINT('',(94.000099,-5.939844825767E-03,
    -2.557445538281E-02));
#1550 = DIRECTION('',(-1.,0.,-0.));
#1551 = DIRECTION('',(-0.,1.506010648011E-03,0.999998865965));
#1552 = PCURVE('',#333,#1553);
#1553 = DEFINITIONAL_REPRESENTATION('',(#1554),#1561);
#1554 = B_SPLINE_CURVE_WITH_KNOTS('',5,(#1555,#1556,#1557,#1558,#1559,
    #1560),.UNSPECIFIED.,.F.,.F.,(6,6),(5.775953863336,6.281679296936),
  .PIECEWISE_BEZIER_KNOTS.);
#1555 = CARTESIAN_POINT('',(0.5057254336,6.317419561034E-02));
#1556 = CARTESIAN_POINT('',(0.40458034688,6.554854814174E-02));
#1557 = CARTESIAN_POINT('',(0.30343526016,6.738274666247E-02));
#1558 = CARTESIAN_POINT('',(0.20229017344,6.862603228498E-02));
#1559 = CARTESIAN_POINT('',(0.10114508672,6.925135551548E-02));
#1560 = CARTESIAN_POINT('',(0.,6.925871677255E-02));
#1561 = ( GEOMETRIC_REPRESENTATION_CONTEXT(2) 
PARAMETRIC_REPRESENTATION_CONTEXT() REPRESENTATION_CONTEXT('2D SPACE',''
  ) );
#1562 = PCURVE('',#1563,#1568);
#1563 = PLANE('',#1564);
#1564 = AXIS2_PLACEMENT_3D('',#1565,#1566,#1567);
#1565 = CARTESIAN_POINT('',(94.000099,-9.41021025,0.));
#1566 = DIRECTION('',(-1.,-0.,-0.));
#1567 = DIRECTION('',(0.,0.,-1.));
#1568 = DEFINITIONAL_REPRESENTATION('',(#1569),#1573);
#1569 = ELLIPSE('',#1570,42.499989979041,42.499962503884);
#1570 = AXIS2_PLACEMENT_2D('',#1571,#1572);
#1571 = CARTESIAN_POINT('',(2.557445538281E-02,-9.404270405174));
#1572 = DIRECTION('',(-0.999998865965,-1.506010648011E-03));
#1573 = ( GEOMETRIC_REPRESENTATION_CONTEXT(2) 
PARAMETRIC_REPRESENTATION_CONTEXT() REPRESENTATION_CONTEXT('2D SPACE',''
  ) );
#1574 = ORIENTED_EDGE('',*,*,#1575,.T.);
#1575 = EDGE_CURVE('',#1544,#1576,#1578,.T.);
#1576 = VERTEX_POINT('',#1577);
#1577 = CARTESIAN_POINT('',(116.57309787824,-8.978975000008E-02,42.5));
#1578 = SURFACE_CURVE('',#1579,(#1583,#1593),.PCURVE_S1.);
#1579 = LINE('',#1580,#1581);
#1580 = CARTESIAN_POINT('',(93.930840422055,-8.978975000008E-02,
    42.474254055596));
#1581 = VECTOR('',#1582,1.);
#1582 = DIRECTION('',(0.999999353531,0.,1.137074237741E-03));
#1583 = PCURVE('',#333,#1584);
#1584 = DEFINITIONAL_REPRESENTATION('',(#1585),#1592);
#1585 = B_SPLINE_CURVE_WITH_KNOTS('',5,(#1586,#1587,#1588,#1589,#1590,
    #1591),.UNSPECIFIED.,.F.,.F.,(6,6),(-2.000256738699E-03,
    30.056125975859),.PIECEWISE_BEZIER_KNOTS.);
#1586 = CARTESIAN_POINT('',(1.972941041824E-03,-2.00040032766E-03));
#1587 = CARTESIAN_POINT('',(1.973183268989E-03,6.009624846183));
#1588 = CARTESIAN_POINT('',(1.973425496154E-03,12.021250092694));
#1589 = CARTESIAN_POINT('',(1.973667723319E-03,18.032875339205));
#1590 = CARTESIAN_POINT('',(1.973909950484E-03,24.044500585716));
#1591 = CARTESIAN_POINT('',(1.974152177649E-03,30.056125832226));
#1592 = ( GEOMETRIC_REPRESENTATION_CONTEXT(2) 
PARAMETRIC_REPRESENTATION_CONTEXT() REPRESENTATION_CONTEXT('2D SPACE',''
  ) );
#1593 = PCURVE('',#1594,#1599);
#1594 = PLANE('',#1595);
#1595 = AXIS2_PLACEMENT_3D('',#1596,#1597,#1598);
#1596 = CARTESIAN_POINT('',(94.000099,-8.978975000008E-02,42.5));
#1597 = DIRECTION('',(-0.,1.,0.));
#1598 = DIRECTION('',(0.,0.,-1.));
#1599 = DEFINITIONAL_REPRESENTATION('',(#1600),#1603);
#1600 = B_SPLINE_CURVE_WITH_KNOTS('',1,(#1601,#1602),.UNSPECIFIED.,.F.,
  .F.,(2,2),(-2.000256738699E-03,30.056125975859),
  .PIECEWISE_BEZIER_KNOTS.);
#1601 = CARTESIAN_POINT('',(2.574821884483E-02,7.12588333902E-02));
#1602 = CARTESIAN_POINT('',(-8.430102129022E-03,-29.98684796755));
#1603 = ( GEOMETRIC_REPRESENTATION_CONTEXT(2) 
PARAMETRIC_REPRESENTATION_CONTEXT() REPRESENTATION_CONTEXT('2D SPACE',''
  ) );
#1604 = ORIENTED_EDGE('',*,*,#1605,.T.);
#1605 = EDGE_CURVE('',#1576,#317,#1606,.T.);
#1606 = SURFACE_CURVE('',#1607,(#1612,#1622),.PCURVE_S1.);
#1607 = ELLIPSE('',#1608,3.737648315762E+04,42.499962503884);
#1608 = AXIS2_PLACEMENT_3D('',#1609,#1610,#1611);
#1609 = CARTESIAN_POINT('',(3.749298344426E+04,5.810419574497E-02,42.5)
  );
#1610 = DIRECTION('',(0.,0.,1.));
#1611 = DIRECTION('',(0.999999999999,1.71245405201E-06,-0.));
#1612 = PCURVE('',#333,#1613);
#1613 = DEFINITIONAL_REPRESENTATION('',(#1614),#1621);
#1614 = B_SPLINE_CURVE_WITH_KNOTS('',5,(#1615,#1616,#1617,#1618,#1619,
    #1620),.UNSPECIFIED.,.F.,.F.,(6,6),(3.141592651643,3.161608196144),
  .PIECEWISE_BEZIER_KNOTS.);
#1615 = CARTESIAN_POINT('',(0.,22.569460954218));
#1616 = CARTESIAN_POINT('',(4.003108900346E-03,22.569460662875));
#1617 = CARTESIAN_POINT('',(8.006217800691E-03,23.318151999801));
#1618 = CARTESIAN_POINT('',(1.200932670104E-02,24.815534965416));
#1619 = CARTESIAN_POINT('',(1.601243560138E-02,27.061559567775));
#1620 = CARTESIAN_POINT('',(2.001554450173E-02,30.056125832223));
#1621 = ( GEOMETRIC_REPRESENTATION_CONTEXT(2) 
PARAMETRIC_REPRESENTATION_CONTEXT() REPRESENTATION_CONTEXT('2D SPACE',''
  ) );
#1622 = PCURVE('',#360,#1623);
#1623 = DEFINITIONAL_REPRESENTATION('',(#1624),#1628);
#1624 = ELLIPSE('',#1625,3.737648315762E+04,42.499962503884);
#1625 = AXIS2_PLACEMENT_2D('',#1626,#1627);
#1626 = CARTESIAN_POINT('',(18.788734945745,-3.739898334526E+04));
#1627 = DIRECTION('',(1.71245405201E-06,-0.999999999999));
#1628 = ( GEOMETRIC_REPRESENTATION_CONTEXT(2) 
PARAMETRIC_REPRESENTATION_CONTEXT() REPRESENTATION_CONTEXT('2D SPACE',''
  ) );
#1629 = ADVANCED_FACE('',(#1630),#438,.T.);
#1630 = FACE_BOUND('',#1631,.T.);
#1631 = EDGE_LOOP('',(#1632,#1655,#1656,#1657,#1680));
#1632 = ORIENTED_EDGE('',*,*,#1633,.F.);
#1633 = EDGE_CURVE('',#1519,#1634,#1636,.T.);
#1634 = VERTEX_POINT('',#1635);
#1635 = CARTESIAN_POINT('',(94.000099,-18.73063075,42.5));
#1636 = SURFACE_CURVE('',#1637,(#1641,#1648),.PCURVE_S1.);
#1637 = LINE('',#1638,#1639);
#1638 = CARTESIAN_POINT('',(94.000099,-18.73063075,-42.5));
#1639 = VECTOR('',#1640,1.);
#1640 = DIRECTION('',(0.,0.,1.));
#1641 = PCURVE('',#438,#1642);
#1642 = DEFINITIONAL_REPRESENTATION('',(#1643),#1647);
#1643 = LINE('',#1644,#1645);
#1644 = CARTESIAN_POINT('',(0.,0.));
#1645 = VECTOR('',#1646,1.);
#1646 = DIRECTION('',(1.,0.));
#1647 = ( GEOMETRIC_REPRESENTATION_CONTEXT(2) 
PARAMETRIC_REPRESENTATION_CONTEXT() REPRESENTATION_CONTEXT('2D SPACE',''
  ) );
#1648 = PCURVE('',#1563,#1649);
#1649 = DEFINITIONAL_REPRESENTATION('',(#1650),#1654);
#1650 = LINE('',#1651,#1652);
#1651 = CARTESIAN_POINT('',(42.5,9.3204205));
#1652 = VECTOR('',#1653,1.);
#1653 = DIRECTION('',(-1.,0.));
#1654 = ( GEOMETRIC_REPRESENTATION_CONTEXT(2) 
PARAMETRIC_REPRESENTATION_CONTEXT() REPRESENTATION_CONTEXT('2D SPACE',''
  ) );
#1655 = ORIENTED_EDGE('',*,*,#1518,.T.);
#1656 = ORIENTED_EDGE('',*,*,#423,.T.);
#1657 = ORIENTED_EDGE('',*,*,#1658,.T.);
#1658 = EDGE_CURVE('',#398,#1659,#1661,.T.);
#1659 = VERTEX_POINT('',#1660);
#1660 = CARTESIAN_POINT('',(124.000099,-18.73063075,42.5));
#1661 = SURFACE_CURVE('',#1662,(#1666,#1673),.PCURVE_S1.);
#1662 = LINE('',#1663,#1664);
#1663 = CARTESIAN_POINT('',(124.000099,-18.73063075,-42.5));
#1664 = VECTOR('',#1665,1.);
#1665 = DIRECTION('',(0.,0.,1.));
#1666 = PCURVE('',#438,#1667);
#1667 = DEFINITIONAL_REPRESENTATION('',(#1668),#1672);
#1668 = LINE('',#1669,#1670);
#1669 = CARTESIAN_POINT('',(0.,-30.));
#1670 = VECTOR('',#1671,1.);
#1671 = DIRECTION('',(1.,0.));
#1672 = ( GEOMETRIC_REPRESENTATION_CONTEXT(2) 
PARAMETRIC_REPRESENTATION_CONTEXT() REPRESENTATION_CONTEXT('2D SPACE',''
  ) );
#1673 = PCURVE('',#412,#1674);
#1674 = DEFINITIONAL_REPRESENTATION('',(#1675),#1679);
#1675 = LINE('',#1676,#1677);
#1676 = CARTESIAN_POINT('',(42.5,9.3204205));
#1677 = VECTOR('',#1678,1.);
#1678 = DIRECTION('',(-1.,0.));
#1679 = ( GEOMETRIC_REPRESENTATION_CONTEXT(2) 
PARAMETRIC_REPRESENTATION_CONTEXT() REPRESENTATION_CONTEXT('2D SPACE',''
  ) );
#1680 = ORIENTED_EDGE('',*,*,#1681,.F.);
#1681 = EDGE_CURVE('',#1634,#1659,#1682,.T.);
#1682 = SURFACE_CURVE('',#1683,(#1687,#1694),.PCURVE_S1.);
#1683 = LINE('',#1684,#1685);
#1684 = CARTESIAN_POINT('',(94.000099,-18.73063075,42.5));
#1685 = VECTOR('',#1686,1.);
#1686 = DIRECTION('',(1.,0.,0.));
#1687 = PCURVE('',#438,#1688);
#1688 = DEFINITIONAL_REPRESENTATION('',(#1689),#1693);
#1689 = LINE('',#1690,#1691);
#1690 = CARTESIAN_POINT('',(85.,0.));
#1691 = VECTOR('',#1692,1.);
#1692 = DIRECTION('',(0.,-1.));
#1693 = ( GEOMETRIC_REPRESENTATION_CONTEXT(2) 
PARAMETRIC_REPRESENTATION_CONTEXT() REPRESENTATION_CONTEXT('2D SPACE',''
  ) );
#1694 = PCURVE('',#360,#1695);
#1695 = DEFINITIONAL_REPRESENTATION('',(#1696),#1700);
#1696 = LINE('',#1697,#1698);
#1697 = CARTESIAN_POINT('',(0.,0.));
#1698 = VECTOR('',#1699,1.);
#1699 = DIRECTION('',(0.,-1.));
#1700 = ( GEOMETRIC_REPRESENTATION_CONTEXT(2) 
PARAMETRIC_REPRESENTATION_CONTEXT() REPRESENTATION_CONTEXT('2D SPACE',''
  ) );
#1701 = ADVANCED_FACE('',(#1702),#412,.F.);
#1702 = FACE_BOUND('',#1703,.F.);
#1703 = EDGE_LOOP('',(#1704,#1705,#1728,#1749));
#1704 = ORIENTED_EDGE('',*,*,#1658,.T.);
#1705 = ORIENTED_EDGE('',*,*,#1706,.T.);
#1706 = EDGE_CURVE('',#1659,#1707,#1709,.T.);
#1707 = VERTEX_POINT('',#1708);
#1708 = CARTESIAN_POINT('',(124.000099,-8.978975000008E-02,42.5));
#1709 = SURFACE_CURVE('',#1710,(#1714,#1721),.PCURVE_S1.);
#1710 = LINE('',#1711,#1712);
#1711 = CARTESIAN_POINT('',(124.000099,-18.73063075,42.5));
#1712 = VECTOR('',#1713,1.);
#1713 = DIRECTION('',(0.,1.,0.));
#1714 = PCURVE('',#412,#1715);
#1715 = DEFINITIONAL_REPRESENTATION('',(#1716),#1720);
#1716 = LINE('',#1717,#1718);
#1717 = CARTESIAN_POINT('',(-42.5,9.3204205));
#1718 = VECTOR('',#1719,1.);
#1719 = DIRECTION('',(0.,-1.));
#1720 = ( GEOMETRIC_REPRESENTATION_CONTEXT(2) 
PARAMETRIC_REPRESENTATION_CONTEXT() REPRESENTATION_CONTEXT('2D SPACE',''
  ) );
#1721 = PCURVE('',#360,#1722);
#1722 = DEFINITIONAL_REPRESENTATION('',(#1723),#1727);
#1723 = LINE('',#1724,#1725);
#1724 = CARTESIAN_POINT('',(0.,-30.));
#1725 = VECTOR('',#1726,1.);
#1726 = DIRECTION('',(1.,0.));
#1727 = ( GEOMETRIC_REPRESENTATION_CONTEXT(2) 
PARAMETRIC_REPRESENTATION_CONTEXT() REPRESENTATION_CONTEXT('2D SPACE',''
  ) );
#1728 = ORIENTED_EDGE('',*,*,#1729,.T.);
#1729 = EDGE_CURVE('',#1707,#372,#1730,.T.);
#1730 = SURFACE_CURVE('',#1731,(#1735,#1742),.PCURVE_S1.);
#1731 = LINE('',#1732,#1733);
#1732 = CARTESIAN_POINT('',(124.000099,-8.978975000008E-02,42.5));
#1733 = VECTOR('',#1734,1.);
#1734 = DIRECTION('',(0.,0.,-1.));
#1735 = PCURVE('',#412,#1736);
#1736 = DEFINITIONAL_REPRESENTATION('',(#1737),#1741);
#1737 = LINE('',#1738,#1739);
#1738 = CARTESIAN_POINT('',(-42.5,-9.3204205));
#1739 = VECTOR('',#1740,1.);
#1740 = DIRECTION('',(1.,0.));
#1741 = ( GEOMETRIC_REPRESENTATION_CONTEXT(2) 
PARAMETRIC_REPRESENTATION_CONTEXT() REPRESENTATION_CONTEXT('2D SPACE',''
  ) );
#1742 = PCURVE('',#386,#1743);
#1743 = DEFINITIONAL_REPRESENTATION('',(#1744),#1748);
#1744 = LINE('',#1745,#1746);
#1745 = CARTESIAN_POINT('',(0.,-30.));
#1746 = VECTOR('',#1747,1.);
#1747 = DIRECTION('',(1.,0.));
#1748 = ( GEOMETRIC_REPRESENTATION_CONTEXT(2) 
PARAMETRIC_REPRESENTATION_CONTEXT() REPRESENTATION_CONTEXT('2D SPACE',''
  ) );
#1749 = ORIENTED_EDGE('',*,*,#397,.T.);
#1750 = ADVANCED_FACE('',(#1751),#386,.T.);
#1751 = FACE_BOUND('',#1752,.T.);
#1752 = EDGE_LOOP('',(#1753,#1754,#1775));
#1753 = ORIENTED_EDGE('',*,*,#371,.T.);
#1754 = ORIENTED_EDGE('',*,*,#1755,.T.);
#1755 = EDGE_CURVE('',#346,#1707,#1756,.T.);
#1756 = SURFACE_CURVE('',#1757,(#1761,#1768),.PCURVE_S1.);
#1757 = LINE('',#1758,#1759);
#1758 = CARTESIAN_POINT('',(94.000099,-8.978975000008E-02,42.5));
#1759 = VECTOR('',#1760,1.);
#1760 = DIRECTION('',(1.,0.,0.));
#1761 = PCURVE('',#386,#1762);
#1762 = DEFINITIONAL_REPRESENTATION('',(#1763),#1767);
#1763 = LINE('',#1764,#1765);
#1764 = CARTESIAN_POINT('',(0.,0.));
#1765 = VECTOR('',#1766,1.);
#1766 = DIRECTION('',(0.,-1.));
#1767 = ( GEOMETRIC_REPRESENTATION_CONTEXT(2) 
PARAMETRIC_REPRESENTATION_CONTEXT() REPRESENTATION_CONTEXT('2D SPACE',''
  ) );
#1768 = PCURVE('',#360,#1769);
#1769 = DEFINITIONAL_REPRESENTATION('',(#1770),#1774);
#1770 = LINE('',#1771,#1772);
#1771 = CARTESIAN_POINT('',(18.640841,0.));
#1772 = VECTOR('',#1773,1.);
#1773 = DIRECTION('',(0.,-1.));
#1774 = ( GEOMETRIC_REPRESENTATION_CONTEXT(2) 
PARAMETRIC_REPRESENTATION_CONTEXT() REPRESENTATION_CONTEXT('2D SPACE',''
  ) );
#1775 = ORIENTED_EDGE('',*,*,#1729,.T.);
#1776 = ADVANCED_FACE('',(#1777),#360,.T.);
#1777 = FACE_BOUND('',#1778,.T.);
#1778 = EDGE_LOOP('',(#1779,#1802,#1803,#1804,#1805,#1806,#1807));
#1779 = ORIENTED_EDGE('',*,*,#1780,.F.);
#1780 = EDGE_CURVE('',#1634,#1781,#1783,.T.);
#1781 = VERTEX_POINT('',#1782);
#1782 = CARTESIAN_POINT('',(94.000099,-8.978975000008E-02,42.5));
#1783 = SURFACE_CURVE('',#1784,(#1788,#1795),.PCURVE_S1.);
#1784 = LINE('',#1785,#1786);
#1785 = CARTESIAN_POINT('',(94.000099,-18.73063075,42.5));
#1786 = VECTOR('',#1787,1.);
#1787 = DIRECTION('',(0.,1.,0.));
#1788 = PCURVE('',#360,#1789);
#1789 = DEFINITIONAL_REPRESENTATION('',(#1790),#1794);
#1790 = LINE('',#1791,#1792);
#1791 = CARTESIAN_POINT('',(0.,0.));
#1792 = VECTOR('',#1793,1.);
#1793 = DIRECTION('',(1.,0.));
#1794 = ( GEOMETRIC_REPRESENTATION_CONTEXT(2) 
PARAMETRIC_REPRESENTATION_CONTEXT() REPRESENTATION_CONTEXT('2D SPACE',''
  ) );
#1795 = PCURVE('',#1563,#1796);
#1796 = DEFINITIONAL_REPRESENTATION('',(#1797),#1801);
#1797 = LINE('',#1798,#1799);
#1798 = CARTESIAN_POINT('',(-42.5,9.3204205));
#1799 = VECTOR('',#1800,1.);
#1800 = DIRECTION('',(0.,-1.));
#1801 = ( GEOMETRIC_REPRESENTATION_CONTEXT(2) 
PARAMETRIC_REPRESENTATION_CONTEXT() REPRESENTATION_CONTEXT('2D SPACE',''
  ) );
#1802 = ORIENTED_EDGE('',*,*,#1681,.T.);
#1803 = ORIENTED_EDGE('',*,*,#1706,.T.);
#1804 = ORIENTED_EDGE('',*,*,#1755,.F.);
#1805 = ORIENTED_EDGE('',*,*,#345,.T.);
#1806 = ORIENTED_EDGE('',*,*,#1605,.F.);
#1807 = ORIENTED_EDGE('',*,*,#1808,.F.);
#1808 = EDGE_CURVE('',#1781,#1576,#1809,.T.);
#1809 = SURFACE_CURVE('',#1810,(#1814,#1821),.PCURVE_S1.);
#1810 = LINE('',#1811,#1812);
#1811 = CARTESIAN_POINT('',(94.000099,-8.978975000008E-02,42.5));
#1812 = VECTOR('',#1813,1.);
#1813 = DIRECTION('',(1.,0.,0.));
#1814 = PCURVE('',#360,#1815);
#1815 = DEFINITIONAL_REPRESENTATION('',(#1816),#1820);
#1816 = LINE('',#1817,#1818);
#1817 = CARTESIAN_POINT('',(18.640841,0.));
#1818 = VECTOR('',#1819,1.);
#1819 = DIRECTION('',(0.,-1.));
#1820 = ( GEOMETRIC_REPRESENTATION_CONTEXT(2) 
PARAMETRIC_REPRESENTATION_CONTEXT() REPRESENTATION_CONTEXT('2D SPACE',''
  ) );
#1821 = PCURVE('',#1594,#1822);
#1822 = DEFINITIONAL_REPRESENTATION('',(#1823),#1827);
#1823 = LINE('',#1824,#1825);
#1824 = CARTESIAN_POINT('',(0.,0.));
#1825 = VECTOR('',#1826,1.);
#1826 = DIRECTION('',(0.,-1.));
#1827 = ( GEOMETRIC_REPRESENTATION_CONTEXT(2) 
PARAMETRIC_REPRESENTATION_CONTEXT() REPRESENTATION_CONTEXT('2D SPACE',''
  ) );
#1828 = ADVANCED_FACE('',(#1829),#304,.T.);
#1829 = FACE_BOUND('',#1830,.T.);
#1830 = EDGE_LOOP('',(#1831,#1832,#1833,#1834,#1835,#1860,#1889,#1919,
    #1951,#1981,#2013,#2035));
#1831 = ORIENTED_EDGE('',*,*,#287,.F.);
#1832 = ORIENTED_EDGE('',*,*,#1239,.T.);
#1833 = ORIENTED_EDGE('',*,*,#1212,.T.);
#1834 = ORIENTED_EDGE('',*,*,#1183,.T.);
#1835 = ORIENTED_EDGE('',*,*,#1836,.F.);
#1836 = EDGE_CURVE('',#1837,#1156,#1839,.T.);
#1837 = VERTEX_POINT('',#1838);
#1838 = CARTESIAN_POINT('',(94.02242958533,-19.,-38.04494361355));
#1839 = SURFACE_CURVE('',#1840,(#1844,#1854),.PCURVE_S1.);
#1840 = LINE('',#1841,#1842);
#1841 = CARTESIAN_POINT('',(94.022397058917,-19.,-38.0449436505));
#1842 = VECTOR('',#1843,1.);
#1843 = DIRECTION('',(0.999999352554,0.,1.137933146731E-03));
#1844 = PCURVE('',#304,#1845);
#1845 = DEFINITIONAL_REPRESENTATION('',(#1846),#1853);
#1846 = B_SPLINE_CURVE_WITH_KNOTS('',5,(#1847,#1848,#1849,#1850,#1851,
    #1852),.UNSPECIFIED.,.F.,.F.,(6,6),(-1.967873565815E-03,
    30.056158358716),.PIECEWISE_BEZIER_KNOTS.);
#1847 = CARTESIAN_POINT('',(2.678273875687,-2.000400000014E-03));
#1848 = CARTESIAN_POINT('',(2.678273604913,6.009624846445));
#1849 = CARTESIAN_POINT('',(2.67827333414,12.021250092891));
#1850 = CARTESIAN_POINT('',(2.678273063366,18.032875339336));
#1851 = CARTESIAN_POINT('',(2.678272792593,24.044500585781));
#1852 = CARTESIAN_POINT('',(2.678272521819,30.056125832226));
#1853 = ( GEOMETRIC_REPRESENTATION_CONTEXT(2) 
PARAMETRIC_REPRESENTATION_CONTEXT() REPRESENTATION_CONTEXT('2D SPACE',''
  ) );
#1854 = PCURVE('',#1171,#1855);
#1855 = DEFINITIONAL_REPRESENTATION('',(#1856),#1859);
#1856 = B_SPLINE_CURVE_WITH_KNOTS('',1,(#1857,#1858),.UNSPECIFIED.,.F.,
  .F.,(2,2),(-1.967873565815E-03,30.056158358716),
  .PIECEWISE_BEZIER_KNOTS.);
#1857 = CARTESIAN_POINT('',(29.45505411019,-2.033018662536E-02));
#1858 = CARTESIAN_POINT('',(29.489258248358,-30.07843695788));
#1859 = ( GEOMETRIC_REPRESENTATION_CONTEXT(2) 
PARAMETRIC_REPRESENTATION_CONTEXT() REPRESENTATION_CONTEXT('2D SPACE',''
  ) );
#1860 = ORIENTED_EDGE('',*,*,#1861,.T.);
#1861 = EDGE_CURVE('',#1837,#1862,#1864,.T.);
#1862 = VERTEX_POINT('',#1863);
#1863 = CARTESIAN_POINT('',(94.022580793933,-18.73063075,-38.17832921953
    ));
#1864 = SURFACE_CURVE('',#1865,(#1870,#1877),.PCURVE_S1.);
#1865 = CIRCLE('',#1866,42.499962503884);
#1866 = AXIS2_PLACEMENT_3D('',#1867,#1868,#1869);
#1867 = CARTESIAN_POINT('',(93.979166084205,-5.939880672424E-03,
    -2.559825774826E-02));
#1868 = DIRECTION('',(0.999999353526,1.712452944955E-06,
    1.13707761976E-03));
#1869 = DIRECTION('',(-1.137077619762E-03,0.,0.999999353527));
#1870 = PCURVE('',#304,#1871);
#1871 = DEFINITIONAL_REPRESENTATION('',(#1872),#1876);
#1872 = LINE('',#1873,#1874);
#1873 = CARTESIAN_POINT('',(0.,0.));
#1874 = VECTOR('',#1875,1.);
#1875 = DIRECTION('',(1.,0.));
#1876 = ( GEOMETRIC_REPRESENTATION_CONTEXT(2) 
PARAMETRIC_REPRESENTATION_CONTEXT() REPRESENTATION_CONTEXT('2D SPACE',''
  ) );
#1877 = PCURVE('',#1878,#1883);
#1878 = PLANE('',#1879);
#1879 = AXIS2_PLACEMENT_3D('',#1880,#1881,#1882);
#1880 = CARTESIAN_POINT('',(93.979166084205,-5.939880672424E-03,
    -2.559825774826E-02));
#1881 = DIRECTION('',(0.999999353526,1.712452944955E-06,
    1.13707761976E-03));
#1882 = DIRECTION('',(-1.137077619762E-03,0.,0.999999353527));
#1883 = DEFINITIONAL_REPRESENTATION('',(#1884),#1888);
#1884 = CIRCLE('',#1885,42.499962503884);
#1885 = AXIS2_PLACEMENT_2D('',#1886,#1887);
#1886 = CARTESIAN_POINT('',(0.,0.));
#1887 = DIRECTION('',(1.,0.));
#1888 = ( GEOMETRIC_REPRESENTATION_CONTEXT(2) 
PARAMETRIC_REPRESENTATION_CONTEXT() REPRESENTATION_CONTEXT('2D SPACE',''
  ) );
#1889 = ORIENTED_EDGE('',*,*,#1890,.T.);
#1890 = EDGE_CURVE('',#1862,#1891,#1893,.T.);
#1891 = VERTEX_POINT('',#1892);
#1892 = CARTESIAN_POINT('',(124.000099,-18.73063075,-38.14421723803));
#1893 = SURFACE_CURVE('',#1894,(#1898,#1908),.PCURVE_S1.);
#1894 = LINE('',#1895,#1896);
#1895 = CARTESIAN_POINT('',(94.022548728802,-18.73063075,-38.17832925595
    ));
#1896 = VECTOR('',#1897,1.);
#1897 = DIRECTION('',(0.999999352571,0.,1.137918065299E-03));
#1898 = PCURVE('',#304,#1899);
#1899 = DEFINITIONAL_REPRESENTATION('',(#1900),#1907);
#1900 = B_SPLINE_CURVE_WITH_KNOTS('',5,(#1901,#1902,#1903,#1904,#1905,
    #1906),.UNSPECIFIED.,.F.,.F.,(6,6),(-1.968334848008E-03,
    30.056157898033),.PIECEWISE_BEZIER_KNOTS.);
#1901 = CARTESIAN_POINT('',(2.685346492471,-2.000400000028E-03));
#1902 = CARTESIAN_POINT('',(2.685346222644,6.009624846565));
#1903 = CARTESIAN_POINT('',(2.685345952817,12.02125009313));
#1904 = CARTESIAN_POINT('',(2.68534568299,18.032875339696));
#1905 = CARTESIAN_POINT('',(2.685345413163,24.044500586261));
#1906 = CARTESIAN_POINT('',(2.685345143337,30.056125832826));
#1907 = ( GEOMETRIC_REPRESENTATION_CONTEXT(2) 
PARAMETRIC_REPRESENTATION_CONTEXT() REPRESENTATION_CONTEXT('2D SPACE',''
  ) );
#1908 = PCURVE('',#1909,#1914);
#1909 = PLANE('',#1910);
#1910 = AXIS2_PLACEMENT_3D('',#1911,#1912,#1913);
#1911 = CARTESIAN_POINT('',(94.000099,-18.73063075,-42.5));
#1912 = DIRECTION('',(0.,-1.,0.));
#1913 = DIRECTION('',(0.,0.,1.));
#1914 = DEFINITIONAL_REPRESENTATION('',(#1915),#1918);
#1915 = B_SPLINE_CURVE_WITH_KNOTS('',1,(#1916,#1917),.UNSPECIFIED.,.F.,
  .F.,(2,2),(-1.968334848008E-03,30.056157898033),
  .PIECEWISE_BEZIER_KNOTS.);
#1916 = CARTESIAN_POINT('',(4.321668504241,-2.048139522825E-02));
#1917 = CARTESIAN_POINT('',(4.35587218909,-30.0785881676));
#1918 = ( GEOMETRIC_REPRESENTATION_CONTEXT(2) 
PARAMETRIC_REPRESENTATION_CONTEXT() REPRESENTATION_CONTEXT('2D SPACE',''
  ) );
#1919 = ORIENTED_EDGE('',*,*,#1920,.F.);
#1920 = EDGE_CURVE('',#1921,#1891,#1923,.T.);
#1921 = VERTEX_POINT('',#1922);
#1922 = CARTESIAN_POINT('',(124.000099,-8.978975000008E-02,
    -42.49136926691));
#1923 = SURFACE_CURVE('',#1924,(#1929,#1939),.PCURVE_S1.);
#1924 = ELLIPSE('',#1925,42.499989979041,42.499962503884);
#1925 = AXIS2_PLACEMENT_3D('',#1926,#1927,#1928);
#1926 = CARTESIAN_POINT('',(124.000099,-5.888471204207E-03,
    8.537895262769E-03));
#1927 = DIRECTION('',(-1.,0.,-0.));
#1928 = DIRECTION('',(-0.,1.506010648011E-03,0.999998865965));
#1929 = PCURVE('',#304,#1930);
#1930 = DEFINITIONAL_REPRESENTATION('',(#1931),#1938);
#1931 = B_SPLINE_CURVE_WITH_KNOTS('',5,(#1932,#1933,#1934,#1935,#1936,
    #1937),.UNSPECIFIED.,.F.,.F.,(6,6),(3.098187691816,3.645813454808),
  .PIECEWISE_BEZIER_KNOTS.);
#1932 = CARTESIAN_POINT('',(3.18349160512,29.972671996897));
#1933 = CARTESIAN_POINT('',(3.073966452522,29.972442331111));
#1934 = CARTESIAN_POINT('',(2.964441299923,29.972936575583));
#1935 = CARTESIAN_POINT('',(2.854916147325,29.974160724798));
#1936 = CARTESIAN_POINT('',(2.745390994726,29.976083442928));
#1937 = CARTESIAN_POINT('',(2.635865842128,29.978640574842));
#1938 = ( GEOMETRIC_REPRESENTATION_CONTEXT(2) 
PARAMETRIC_REPRESENTATION_CONTEXT() REPRESENTATION_CONTEXT('2D SPACE',''
  ) );
#1939 = PCURVE('',#1940,#1945);
#1940 = PLANE('',#1941);
#1941 = AXIS2_PLACEMENT_3D('',#1942,#1943,#1944);
#1942 = CARTESIAN_POINT('',(124.000099,-9.41021025,0.));
#1943 = DIRECTION('',(-1.,-0.,-0.));
#1944 = DIRECTION('',(0.,0.,-1.));
#1945 = DEFINITIONAL_REPRESENTATION('',(#1946),#1950);
#1946 = ELLIPSE('',#1947,42.499989979041,42.499962503884);
#1947 = AXIS2_PLACEMENT_2D('',#1948,#1949);
#1948 = CARTESIAN_POINT('',(-8.537895262769E-03,-9.404321778796));
#1949 = DIRECTION('',(-0.999998865965,-1.506010648011E-03));
#1950 = ( GEOMETRIC_REPRESENTATION_CONTEXT(2) 
PARAMETRIC_REPRESENTATION_CONTEXT() REPRESENTATION_CONTEXT('2D SPACE',''
  ) );
#1951 = ORIENTED_EDGE('',*,*,#1952,.F.);
#1952 = EDGE_CURVE('',#1953,#1921,#1955,.T.);
#1953 = VERTEX_POINT('',#1954);
#1954 = CARTESIAN_POINT('',(116.40985036568,-8.978975000008E-02,-42.5));
#1955 = SURFACE_CURVE('',#1956,(#1960,#1970),.PCURVE_S1.);
#1956 = LINE('',#1957,#1958);
#1957 = CARTESIAN_POINT('',(94.027491746355,-8.978975000008E-02,
    -42.52545057109));
#1958 = VECTOR('',#1959,1.);
#1959 = DIRECTION('',(0.999999353523,0.,1.137081001783E-03));
#1960 = PCURVE('',#304,#1961);
#1961 = DEFINITIONAL_REPRESENTATION('',(#1962),#1969);
#1962 = B_SPLINE_CURVE_WITH_KNOTS('',5,(#1963,#1964,#1965,#1966,#1967,
    #1968),.UNSPECIFIED.,.F.,.F.,(6,6),(-2.000256411068E-03,
    30.056125976459),.PIECEWISE_BEZIER_KNOTS.);
#1963 = CARTESIAN_POINT('',(3.139619712548,-2.000400000014E-03));
#1964 = CARTESIAN_POINT('',(3.139619470321,6.009624846565));
#1965 = CARTESIAN_POINT('',(3.139619228094,12.02125009313));
#1966 = CARTESIAN_POINT('',(3.139618985866,18.032875339696));
#1967 = CARTESIAN_POINT('',(3.139618743639,24.044500586261));
#1968 = CARTESIAN_POINT('',(3.139618501412,30.056125832826));
#1969 = ( GEOMETRIC_REPRESENTATION_CONTEXT(2) 
PARAMETRIC_REPRESENTATION_CONTEXT() REPRESENTATION_CONTEXT('2D SPACE',''
  ) );
#1970 = PCURVE('',#1971,#1976);
#1971 = PLANE('',#1972);
#1972 = AXIS2_PLACEMENT_3D('',#1973,#1974,#1975);
#1973 = CARTESIAN_POINT('',(94.000099,-8.978975000008E-02,42.5));
#1974 = DIRECTION('',(-0.,1.,0.));
#1975 = DIRECTION('',(0.,0.,-1.));
#1976 = DEFINITIONAL_REPRESENTATION('',(#1977),#1980);
#1977 = B_SPLINE_CURVE_WITH_KNOTS('',1,(#1978,#1979),.UNSPECIFIED.,.F.,
  .F.,(2,2),(-2.000256411068E-03,30.056125976459),
  .PIECEWISE_BEZIER_KNOTS.);
#1978 = CARTESIAN_POINT('',(85.025452845546,-2.539249123731E-02));
#1979 = CARTESIAN_POINT('',(84.991274321257,-30.08349929222));
#1980 = ( GEOMETRIC_REPRESENTATION_CONTEXT(2) 
PARAMETRIC_REPRESENTATION_CONTEXT() REPRESENTATION_CONTEXT('2D SPACE',''
  ) );
#1981 = ORIENTED_EDGE('',*,*,#1982,.T.);
#1982 = EDGE_CURVE('',#1953,#1983,#1985,.T.);
#1983 = VERTEX_POINT('',#1984);
#1984 = CARTESIAN_POINT('',(94.027465329476,-1.478922111472,-42.5));
#1985 = SURFACE_CURVE('',#1986,(#1991,#2001),.PCURVE_S1.);
#1986 = ELLIPSE('',#1987,3.737648315762E+04,42.499962503884);
#1987 = AXIS2_PLACEMENT_3D('',#1988,#1989,#1990);
#1988 = CARTESIAN_POINT('',(-3.726000049679E+04,-6.99068545049E-02,-42.5
    ));
#1989 = DIRECTION('',(0.,0.,-1.));
#1990 = DIRECTION('',(0.999999999999,1.71245405201E-06,0.));
#1991 = PCURVE('',#304,#1992);
#1992 = DEFINITIONAL_REPRESENTATION('',(#1993),#2000);
#1993 = B_SPLINE_CURVE_WITH_KNOTS('',5,(#1994,#1995,#1996,#1997,#1998,
    #1999),.UNSPECIFIED.,.F.,.F.,(6,6),(6.248518382623,6.317852231736),
  .PIECEWISE_BEZIER_KNOTS.);
#1994 = CARTESIAN_POINT('',(3.176259580094,-2.000400001748E-03));
#1995 = CARTESIAN_POINT('',(3.162392810271,17.96194738568));
#1996 = CARTESIAN_POINT('',(3.148526040448,26.947519858774));
#1997 = CARTESIAN_POINT('',(3.134659270626,26.94751985885));
#1998 = CARTESIAN_POINT('',(3.120792500803,17.961947385673));
#1999 = CARTESIAN_POINT('',(3.10692573098,-2.000400008299E-03));
#2000 = ( GEOMETRIC_REPRESENTATION_CONTEXT(2) 
PARAMETRIC_REPRESENTATION_CONTEXT() REPRESENTATION_CONTEXT('2D SPACE',''
  ) );
#2001 = PCURVE('',#2002,#2007);
#2002 = PLANE('',#2003);
#2003 = AXIS2_PLACEMENT_3D('',#2004,#2005,#2006);
#2004 = CARTESIAN_POINT('',(94.000099,-8.978975000008E-02,-42.5));
#2005 = DIRECTION('',(0.,0.,-1.));
#2006 = DIRECTION('',(0.,-1.,0.));
#2007 = DEFINITIONAL_REPRESENTATION('',(#2008),#2012);
#2008 = ELLIPSE('',#2009,3.737648315762E+04,42.499962503884);
#2009 = AXIS2_PLACEMENT_2D('',#2010,#2011);
#2010 = CARTESIAN_POINT('',(-1.988289549518E-02,3.735400059579E+04));
#2011 = DIRECTION('',(-1.71245405201E-06,-0.999999999999));
#2012 = ( GEOMETRIC_REPRESENTATION_CONTEXT(2) 
PARAMETRIC_REPRESENTATION_CONTEXT() REPRESENTATION_CONTEXT('2D SPACE',''
  ) );
#2013 = ORIENTED_EDGE('',*,*,#2014,.T.);
#2014 = EDGE_CURVE('',#1983,#1372,#2015,.T.);
#2015 = SURFACE_CURVE('',#2016,(#2021,#2028),.PCURVE_S1.);
#2016 = CIRCLE('',#2017,42.499962503884);
#2017 = AXIS2_PLACEMENT_3D('',#2018,#2019,#2020);
#2018 = CARTESIAN_POINT('',(93.979166084205,-5.939880672424E-03,
    -2.559825774826E-02));
#2019 = DIRECTION('',(0.999999353526,1.712452944955E-06,
    1.13707761976E-03));
#2020 = DIRECTION('',(-1.137077619762E-03,0.,0.999999353527));
#2021 = PCURVE('',#304,#2022);
#2022 = DEFINITIONAL_REPRESENTATION('',(#2023),#2027);
#2023 = LINE('',#2024,#2025);
#2024 = CARTESIAN_POINT('',(0.,0.));
#2025 = VECTOR('',#2026,1.);
#2026 = DIRECTION('',(1.,0.));
#2027 = ( GEOMETRIC_REPRESENTATION_CONTEXT(2) 
PARAMETRIC_REPRESENTATION_CONTEXT() REPRESENTATION_CONTEXT('2D SPACE',''
  ) );
#2028 = PCURVE('',#1411,#2029);
#2029 = DEFINITIONAL_REPRESENTATION('',(#2030),#2034);
#2030 = CIRCLE('',#2031,42.499962503884);
#2031 = AXIS2_PLACEMENT_2D('',#2032,#2033);
#2032 = CARTESIAN_POINT('',(0.,0.));
#2033 = DIRECTION('',(1.,0.));
#2034 = ( GEOMETRIC_REPRESENTATION_CONTEXT(2) 
PARAMETRIC_REPRESENTATION_CONTEXT() REPRESENTATION_CONTEXT('2D SPACE',''
  ) );
#2035 = ORIENTED_EDGE('',*,*,#1371,.T.);
#2036 = ADVANCED_FACE('',(#2037,#2040),#517,.F.);
#2037 = FACE_BOUND('',#2038,.F.);
#2038 = EDGE_LOOP('',(#2039));
#2039 = ORIENTED_EDGE('',*,*,#500,.T.);
#2040 = FACE_BOUND('',#2041,.F.);
#2041 = EDGE_LOOP('',(#2042));
#2042 = ORIENTED_EDGE('',*,*,#2043,.F.);
#2043 = EDGE_CURVE('',#2044,#2044,#2046,.T.);
#2044 = VERTEX_POINT('',#2045);
#2045 = CARTESIAN_POINT('',(281.12107784076,-5.619487618402E-03,
    -40.3178385469));
#2046 = SURFACE_CURVE('',#2047,(#2052,#2059),.PCURVE_S1.);
#2047 = CIRCLE('',#2048,40.50500912089);
#2048 = AXIS2_PLACEMENT_3D('',#2049,#2050,#2051);
#2049 = CARTESIAN_POINT('',(281.0750205014,-5.619487618412E-03,
    0.187144388592));
#2050 = DIRECTION('',(-0.999999353526,-1.712452944955E-06,
    -1.13707761976E-03));
#2051 = DIRECTION('',(1.137077619762E-03,0.,-0.999999353527));
#2052 = PCURVE('',#517,#2053);
#2053 = DEFINITIONAL_REPRESENTATION('',(#2054),#2058);
#2054 = CIRCLE('',#2055,40.50500912089);
#2055 = AXIS2_PLACEMENT_2D('',#2056,#2057);
#2056 = CARTESIAN_POINT('',(0.,-3.469446951949E-18));
#2057 = DIRECTION('',(1.,-4.135903062765E-25));
#2058 = ( GEOMETRIC_REPRESENTATION_CONTEXT(2) 
PARAMETRIC_REPRESENTATION_CONTEXT() REPRESENTATION_CONTEXT('2D SPACE',''
  ) );
#2059 = PCURVE('',#2060,#2065);
#2060 = CYLINDRICAL_SURFACE('',#2061,40.50500912089);
#2061 = AXIS2_PLACEMENT_3D('',#2062,#2063,#2064);
#2062 = CARTESIAN_POINT('',(283.35822623971,-5.615577733494E-03,
    0.189740572417));
#2063 = DIRECTION('',(-0.999999353526,-1.712452944955E-06,
    -1.13707761976E-03));
#2064 = DIRECTION('',(1.137077619762E-03,0.,-0.999999353527));
#2065 = DEFINITIONAL_REPRESENTATION('',(#2066),#2070);
#2066 = LINE('',#2067,#2068);
#2067 = CARTESIAN_POINT('',(0.,2.283207214349));
#2068 = VECTOR('',#2069,1.);
#2069 = DIRECTION('',(1.,0.));
#2070 = ( GEOMETRIC_REPRESENTATION_CONTEXT(2) 
PARAMETRIC_REPRESENTATION_CONTEXT() REPRESENTATION_CONTEXT('2D SPACE',''
  ) );
#2071 = ADVANCED_FACE('',(#2072),#572,.T.);
#2072 = FACE_BOUND('',#2073,.T.);
#2073 = EDGE_LOOP('',(#2074,#2097,#2098,#2099,#2122));
#2074 = ORIENTED_EDGE('',*,*,#2075,.T.);
#2075 = EDGE_CURVE('',#2076,#553,#2078,.T.);
#2076 = VERTEX_POINT('',#2077);
#2077 = CARTESIAN_POINT('',(281.000092,8.978974999992E-02,-42.5));
#2078 = SURFACE_CURVE('',#2079,(#2083,#2090),.PCURVE_S1.);
#2079 = LINE('',#2080,#2081);
#2080 = CARTESIAN_POINT('',(281.000092,8.978974999992E-02,-42.5));
#2081 = VECTOR('',#2082,1.);
#2082 = DIRECTION('',(0.,0.,1.));
#2083 = PCURVE('',#572,#2084);
#2084 = DEFINITIONAL_REPRESENTATION('',(#2085),#2089);
#2085 = LINE('',#2086,#2087);
#2086 = CARTESIAN_POINT('',(-42.5,-9.5));
#2087 = VECTOR('',#2088,1.);
#2088 = DIRECTION('',(1.,0.));
#2089 = ( GEOMETRIC_REPRESENTATION_CONTEXT(2) 
PARAMETRIC_REPRESENTATION_CONTEXT() REPRESENTATION_CONTEXT('2D SPACE',''
  ) );
#2090 = PCURVE('',#603,#2091);
#2091 = DEFINITIONAL_REPRESENTATION('',(#2092),#2096);
#2092 = LINE('',#2093,#2094);
#2093 = CARTESIAN_POINT('',(0.,0.));
#2094 = VECTOR('',#2095,1.);
#2095 = DIRECTION('',(1.,0.));
#2096 = ( GEOMETRIC_REPRESENTATION_CONTEXT(2) 
PARAMETRIC_REPRESENTATION_CONTEXT() REPRESENTATION_CONTEXT('2D SPACE',''
  ) );
#2097 = ORIENTED_EDGE('',*,*,#552,.F.);
#2098 = ORIENTED_EDGE('',*,*,#726,.F.);
#2099 = ORIENTED_EDGE('',*,*,#2100,.T.);
#2100 = EDGE_CURVE('',#697,#2101,#2103,.T.);
#2101 = VERTEX_POINT('',#2102);
#2102 = CARTESIAN_POINT('',(281.000092,-18.91021025,-42.5));
#2103 = SURFACE_CURVE('',#2104,(#2108,#2115),.PCURVE_S1.);
#2104 = LINE('',#2105,#2106);
#2105 = CARTESIAN_POINT('',(281.000092,-18.91021025,42.5));
#2106 = VECTOR('',#2107,1.);
#2107 = DIRECTION('',(0.,0.,-1.));
#2108 = PCURVE('',#572,#2109);
#2109 = DEFINITIONAL_REPRESENTATION('',(#2110),#2114);
#2110 = LINE('',#2111,#2112);
#2111 = CARTESIAN_POINT('',(42.5,9.5));
#2112 = VECTOR('',#2113,1.);
#2113 = DIRECTION('',(-1.,0.));
#2114 = ( GEOMETRIC_REPRESENTATION_CONTEXT(2) 
PARAMETRIC_REPRESENTATION_CONTEXT() REPRESENTATION_CONTEXT('2D SPACE',''
  ) );
#2115 = PCURVE('',#715,#2116);
#2116 = DEFINITIONAL_REPRESENTATION('',(#2117),#2121);
#2117 = LINE('',#2118,#2119);
#2118 = CARTESIAN_POINT('',(0.,0.));
#2119 = VECTOR('',#2120,1.);
#2120 = DIRECTION('',(1.,0.));
#2121 = ( GEOMETRIC_REPRESENTATION_CONTEXT(2) 
PARAMETRIC_REPRESENTATION_CONTEXT() REPRESENTATION_CONTEXT('2D SPACE',''
  ) );
#2122 = ORIENTED_EDGE('',*,*,#2123,.T.);
#2123 = EDGE_CURVE('',#2101,#2076,#2124,.T.);
#2124 = SURFACE_CURVE('',#2125,(#2129,#2136),.PCURVE_S1.);
#2125 = LINE('',#2126,#2127);
#2126 = CARTESIAN_POINT('',(281.000092,-18.91021025,-42.5));
#2127 = VECTOR('',#2128,1.);
#2128 = DIRECTION('',(0.,1.,0.));
#2129 = PCURVE('',#572,#2130);
#2130 = DEFINITIONAL_REPRESENTATION('',(#2131),#2135);
#2131 = LINE('',#2132,#2133);
#2132 = CARTESIAN_POINT('',(-42.5,9.5));
#2133 = VECTOR('',#2134,1.);
#2134 = DIRECTION('',(0.,-1.));
#2135 = ( GEOMETRIC_REPRESENTATION_CONTEXT(2) 
PARAMETRIC_REPRESENTATION_CONTEXT() REPRESENTATION_CONTEXT('2D SPACE',''
  ) );
#2136 = PCURVE('',#2137,#2142);
#2137 = PLANE('',#2138);
#2138 = AXIS2_PLACEMENT_3D('',#2139,#2140,#2141);
#2139 = CARTESIAN_POINT('',(281.000092,-18.91021025,-42.5));
#2140 = DIRECTION('',(0.,0.,-1.));
#2141 = DIRECTION('',(0.,1.,0.));
#2142 = DEFINITIONAL_REPRESENTATION('',(#2143),#2147);
#2143 = LINE('',#2144,#2145);
#2144 = CARTESIAN_POINT('',(0.,0.));
#2145 = VECTOR('',#2146,1.);
#2146 = DIRECTION('',(1.,0.));
#2147 = ( GEOMETRIC_REPRESENTATION_CONTEXT(2) 
PARAMETRIC_REPRESENTATION_CONTEXT() REPRESENTATION_CONTEXT('2D SPACE',''
  ) );
#2148 = ADVANCED_FACE('',(#2149),#715,.T.);
#2149 = FACE_BOUND('',#2150,.T.);
#2150 = EDGE_LOOP('',(#2151,#2152,#2153,#2176));
#2151 = ORIENTED_EDGE('',*,*,#2100,.F.);
#2152 = ORIENTED_EDGE('',*,*,#696,.T.);
#2153 = ORIENTED_EDGE('',*,*,#2154,.T.);
#2154 = EDGE_CURVE('',#670,#2155,#2157,.T.);
#2155 = VERTEX_POINT('',#2156);
#2156 = CARTESIAN_POINT('',(251.000107,-18.91021025,-42.5));
#2157 = SURFACE_CURVE('',#2158,(#2162,#2169),.PCURVE_S1.);
#2158 = LINE('',#2159,#2160);
#2159 = CARTESIAN_POINT('',(251.000107,-18.91021025,42.5));
#2160 = VECTOR('',#2161,1.);
#2161 = DIRECTION('',(0.,0.,-1.));
#2162 = PCURVE('',#715,#2163);
#2163 = DEFINITIONAL_REPRESENTATION('',(#2164),#2168);
#2164 = LINE('',#2165,#2166);
#2165 = CARTESIAN_POINT('',(0.,-29.999985));
#2166 = VECTOR('',#2167,1.);
#2167 = DIRECTION('',(1.,0.));
#2168 = ( GEOMETRIC_REPRESENTATION_CONTEXT(2) 
PARAMETRIC_REPRESENTATION_CONTEXT() REPRESENTATION_CONTEXT('2D SPACE',''
  ) );
#2169 = PCURVE('',#634,#2170);
#2170 = DEFINITIONAL_REPRESENTATION('',(#2171),#2175);
#2171 = LINE('',#2172,#2173);
#2172 = CARTESIAN_POINT('',(42.5,9.5));
#2173 = VECTOR('',#2174,1.);
#2174 = DIRECTION('',(-1.,0.));
#2175 = ( GEOMETRIC_REPRESENTATION_CONTEXT(2) 
PARAMETRIC_REPRESENTATION_CONTEXT() REPRESENTATION_CONTEXT('2D SPACE',''
  ) );
#2176 = ORIENTED_EDGE('',*,*,#2177,.F.);
#2177 = EDGE_CURVE('',#2101,#2155,#2178,.T.);
#2178 = SURFACE_CURVE('',#2179,(#2183,#2190),.PCURVE_S1.);
#2179 = LINE('',#2180,#2181);
#2180 = CARTESIAN_POINT('',(281.000092,-18.91021025,-42.5));
#2181 = VECTOR('',#2182,1.);
#2182 = DIRECTION('',(-1.,-0.,-0.));
#2183 = PCURVE('',#715,#2184);
#2184 = DEFINITIONAL_REPRESENTATION('',(#2185),#2189);
#2185 = LINE('',#2186,#2187);
#2186 = CARTESIAN_POINT('',(85.,0.));
#2187 = VECTOR('',#2188,1.);
#2188 = DIRECTION('',(0.,-1.));
#2189 = ( GEOMETRIC_REPRESENTATION_CONTEXT(2) 
PARAMETRIC_REPRESENTATION_CONTEXT() REPRESENTATION_CONTEXT('2D SPACE',''
  ) );
#2190 = PCURVE('',#2137,#2191);
#2191 = DEFINITIONAL_REPRESENTATION('',(#2192),#2196);
#2192 = LINE('',#2193,#2194);
#2193 = CARTESIAN_POINT('',(0.,0.));
#2194 = VECTOR('',#2195,1.);
#2195 = DIRECTION('',(0.,-1.));
#2196 = ( GEOMETRIC_REPRESENTATION_CONTEXT(2) 
PARAMETRIC_REPRESENTATION_CONTEXT() REPRESENTATION_CONTEXT('2D SPACE',''
  ) );
#2197 = ADVANCED_FACE('',(#2198),#634,.F.);
#2198 = FACE_BOUND('',#2199,.F.);
#2199 = EDGE_LOOP('',(#2200,#2223,#2224,#2225,#2226));
#2200 = ORIENTED_EDGE('',*,*,#2201,.T.);
#2201 = EDGE_CURVE('',#2202,#585,#2204,.T.);
#2202 = VERTEX_POINT('',#2203);
#2203 = CARTESIAN_POINT('',(251.000107,8.978974999992E-02,-42.5));
#2204 = SURFACE_CURVE('',#2205,(#2209,#2216),.PCURVE_S1.);
#2205 = LINE('',#2206,#2207);
#2206 = CARTESIAN_POINT('',(251.000107,8.978974999992E-02,-42.5));
#2207 = VECTOR('',#2208,1.);
#2208 = DIRECTION('',(0.,0.,1.));
#2209 = PCURVE('',#634,#2210);
#2210 = DEFINITIONAL_REPRESENTATION('',(#2211),#2215);
#2211 = LINE('',#2212,#2213);
#2212 = CARTESIAN_POINT('',(-42.5,-9.5));
#2213 = VECTOR('',#2214,1.);
#2214 = DIRECTION('',(1.,0.));
#2215 = ( GEOMETRIC_REPRESENTATION_CONTEXT(2) 
PARAMETRIC_REPRESENTATION_CONTEXT() REPRESENTATION_CONTEXT('2D SPACE',''
  ) );
#2216 = PCURVE('',#603,#2217);
#2217 = DEFINITIONAL_REPRESENTATION('',(#2218),#2222);
#2218 = LINE('',#2219,#2220);
#2219 = CARTESIAN_POINT('',(0.,-29.999985));
#2220 = VECTOR('',#2221,1.);
#2221 = DIRECTION('',(1.,0.));
#2222 = ( GEOMETRIC_REPRESENTATION_CONTEXT(2) 
PARAMETRIC_REPRESENTATION_CONTEXT() REPRESENTATION_CONTEXT('2D SPACE',''
  ) );
#2223 = ORIENTED_EDGE('',*,*,#614,.F.);
#2224 = ORIENTED_EDGE('',*,*,#669,.F.);
#2225 = ORIENTED_EDGE('',*,*,#2154,.T.);
#2226 = ORIENTED_EDGE('',*,*,#2227,.T.);
#2227 = EDGE_CURVE('',#2155,#2202,#2228,.T.);
#2228 = SURFACE_CURVE('',#2229,(#2233,#2240),.PCURVE_S1.);
#2229 = LINE('',#2230,#2231);
#2230 = CARTESIAN_POINT('',(251.000107,-18.91021025,-42.5));
#2231 = VECTOR('',#2232,1.);
#2232 = DIRECTION('',(0.,1.,0.));
#2233 = PCURVE('',#634,#2234);
#2234 = DEFINITIONAL_REPRESENTATION('',(#2235),#2239);
#2235 = LINE('',#2236,#2237);
#2236 = CARTESIAN_POINT('',(-42.5,9.5));
#2237 = VECTOR('',#2238,1.);
#2238 = DIRECTION('',(0.,-1.));
#2239 = ( GEOMETRIC_REPRESENTATION_CONTEXT(2) 
PARAMETRIC_REPRESENTATION_CONTEXT() REPRESENTATION_CONTEXT('2D SPACE',''
  ) );
#2240 = PCURVE('',#2137,#2241);
#2241 = DEFINITIONAL_REPRESENTATION('',(#2242),#2246);
#2242 = LINE('',#2243,#2244);
#2243 = CARTESIAN_POINT('',(0.,-29.999985));
#2244 = VECTOR('',#2245,1.);
#2245 = DIRECTION('',(1.,0.));
#2246 = ( GEOMETRIC_REPRESENTATION_CONTEXT(2) 
PARAMETRIC_REPRESENTATION_CONTEXT() REPRESENTATION_CONTEXT('2D SPACE',''
  ) );
#2247 = ADVANCED_FACE('',(#2248),#603,.T.);
#2248 = FACE_BOUND('',#2249,.T.);
#2249 = EDGE_LOOP('',(#2250,#2251,#2272,#2273));
#2250 = ORIENTED_EDGE('',*,*,#2075,.F.);
#2251 = ORIENTED_EDGE('',*,*,#2252,.T.);
#2252 = EDGE_CURVE('',#2076,#2202,#2253,.T.);
#2253 = SURFACE_CURVE('',#2254,(#2258,#2265),.PCURVE_S1.);
#2254 = LINE('',#2255,#2256);
#2255 = CARTESIAN_POINT('',(281.000092,8.978974999992E-02,-42.5));
#2256 = VECTOR('',#2257,1.);
#2257 = DIRECTION('',(-1.,-0.,-0.));
#2258 = PCURVE('',#603,#2259);
#2259 = DEFINITIONAL_REPRESENTATION('',(#2260),#2264);
#2260 = LINE('',#2261,#2262);
#2261 = CARTESIAN_POINT('',(0.,0.));
#2262 = VECTOR('',#2263,1.);
#2263 = DIRECTION('',(0.,-1.));
#2264 = ( GEOMETRIC_REPRESENTATION_CONTEXT(2) 
PARAMETRIC_REPRESENTATION_CONTEXT() REPRESENTATION_CONTEXT('2D SPACE',''
  ) );
#2265 = PCURVE('',#2137,#2266);
#2266 = DEFINITIONAL_REPRESENTATION('',(#2267),#2271);
#2267 = LINE('',#2268,#2269);
#2268 = CARTESIAN_POINT('',(19.,0.));
#2269 = VECTOR('',#2270,1.);
#2270 = DIRECTION('',(0.,-1.));
#2271 = ( GEOMETRIC_REPRESENTATION_CONTEXT(2) 
PARAMETRIC_REPRESENTATION_CONTEXT() REPRESENTATION_CONTEXT('2D SPACE',''
  ) );
#2272 = ORIENTED_EDGE('',*,*,#2201,.T.);
#2273 = ORIENTED_EDGE('',*,*,#584,.F.);
#2274 = ADVANCED_FACE('',(#2275),#776,.F.);
#2275 = FACE_BOUND('',#2276,.F.);
#2276 = EDGE_LOOP('',(#2277,#2278,#2301));
#2277 = ORIENTED_EDGE('',*,*,#754,.F.);
#2278 = ORIENTED_EDGE('',*,*,#2279,.T.);
#2279 = EDGE_CURVE('',#755,#2280,#2282,.T.);
#2280 = VERTEX_POINT('',#2281);
#2281 = CARTESIAN_POINT('',(251.000107,-18.91021025,42.5));
#2282 = SURFACE_CURVE('',#2283,(#2287,#2294),.PCURVE_S1.);
#2283 = LINE('',#2284,#2285);
#2284 = CARTESIAN_POINT('',(251.000107,8.978974999992E-02,42.5));
#2285 = VECTOR('',#2286,1.);
#2286 = DIRECTION('',(0.,-1.,0.));
#2287 = PCURVE('',#776,#2288);
#2288 = DEFINITIONAL_REPRESENTATION('',(#2289),#2293);
#2289 = LINE('',#2290,#2291);
#2290 = CARTESIAN_POINT('',(42.5,-9.5));
#2291 = VECTOR('',#2292,1.);
#2292 = DIRECTION('',(0.,1.));
#2293 = ( GEOMETRIC_REPRESENTATION_CONTEXT(2) 
PARAMETRIC_REPRESENTATION_CONTEXT() REPRESENTATION_CONTEXT('2D SPACE',''
  ) );
#2294 = PCURVE('',#808,#2295);
#2295 = DEFINITIONAL_REPRESENTATION('',(#2296),#2300);
#2296 = LINE('',#2297,#2298);
#2297 = CARTESIAN_POINT('',(0.,-29.999985));
#2298 = VECTOR('',#2299,1.);
#2299 = DIRECTION('',(1.,0.));
#2300 = ( GEOMETRIC_REPRESENTATION_CONTEXT(2) 
PARAMETRIC_REPRESENTATION_CONTEXT() REPRESENTATION_CONTEXT('2D SPACE',''
  ) );
#2301 = ORIENTED_EDGE('',*,*,#2302,.T.);
#2302 = EDGE_CURVE('',#2280,#757,#2303,.T.);
#2303 = SURFACE_CURVE('',#2304,(#2308,#2315),.PCURVE_S1.);
#2304 = LINE('',#2305,#2306);
#2305 = CARTESIAN_POINT('',(251.000107,-18.91021025,42.5));
#2306 = VECTOR('',#2307,1.);
#2307 = DIRECTION('',(0.,0.,-1.));
#2308 = PCURVE('',#776,#2309);
#2309 = DEFINITIONAL_REPRESENTATION('',(#2310),#2314);
#2310 = LINE('',#2311,#2312);
#2311 = CARTESIAN_POINT('',(42.5,9.5));
#2312 = VECTOR('',#2313,1.);
#2313 = DIRECTION('',(-1.,0.));
#2314 = ( GEOMETRIC_REPRESENTATION_CONTEXT(2) 
PARAMETRIC_REPRESENTATION_CONTEXT() REPRESENTATION_CONTEXT('2D SPACE',''
  ) );
#2315 = PCURVE('',#869,#2316);
#2316 = DEFINITIONAL_REPRESENTATION('',(#2317),#2321);
#2317 = LINE('',#2318,#2319);
#2318 = CARTESIAN_POINT('',(0.,-29.999985));
#2319 = VECTOR('',#2320,1.);
#2320 = DIRECTION('',(1.,0.));
#2321 = ( GEOMETRIC_REPRESENTATION_CONTEXT(2) 
PARAMETRIC_REPRESENTATION_CONTEXT() REPRESENTATION_CONTEXT('2D SPACE',''
  ) );
#2322 = ADVANCED_FACE('',(#2323),#869,.T.);
#2323 = FACE_BOUND('',#2324,.T.);
#2324 = EDGE_LOOP('',(#2325,#2348,#2369,#2370));
#2325 = ORIENTED_EDGE('',*,*,#2326,.F.);
#2326 = EDGE_CURVE('',#2327,#821,#2329,.T.);
#2327 = VERTEX_POINT('',#2328);
#2328 = CARTESIAN_POINT('',(281.000092,-18.91021025,42.5));
#2329 = SURFACE_CURVE('',#2330,(#2334,#2341),.PCURVE_S1.);
#2330 = LINE('',#2331,#2332);
#2331 = CARTESIAN_POINT('',(281.000092,-18.91021025,42.5));
#2332 = VECTOR('',#2333,1.);
#2333 = DIRECTION('',(0.,0.,-1.));
#2334 = PCURVE('',#869,#2335);
#2335 = DEFINITIONAL_REPRESENTATION('',(#2336),#2340);
#2336 = LINE('',#2337,#2338);
#2337 = CARTESIAN_POINT('',(0.,0.));
#2338 = VECTOR('',#2339,1.);
#2339 = DIRECTION('',(1.,0.));
#2340 = ( GEOMETRIC_REPRESENTATION_CONTEXT(2) 
PARAMETRIC_REPRESENTATION_CONTEXT() REPRESENTATION_CONTEXT('2D SPACE',''
  ) );
#2341 = PCURVE('',#840,#2342);
#2342 = DEFINITIONAL_REPRESENTATION('',(#2343),#2347);
#2343 = LINE('',#2344,#2345);
#2344 = CARTESIAN_POINT('',(42.5,9.5));
#2345 = VECTOR('',#2346,1.);
#2346 = DIRECTION('',(-1.,0.));
#2347 = ( GEOMETRIC_REPRESENTATION_CONTEXT(2) 
PARAMETRIC_REPRESENTATION_CONTEXT() REPRESENTATION_CONTEXT('2D SPACE',''
  ) );
#2348 = ORIENTED_EDGE('',*,*,#2349,.T.);
#2349 = EDGE_CURVE('',#2327,#2280,#2350,.T.);
#2350 = SURFACE_CURVE('',#2351,(#2355,#2362),.PCURVE_S1.);
#2351 = LINE('',#2352,#2353);
#2352 = CARTESIAN_POINT('',(281.000092,-18.91021025,42.5));
#2353 = VECTOR('',#2354,1.);
#2354 = DIRECTION('',(-1.,-0.,-0.));
#2355 = PCURVE('',#869,#2356);
#2356 = DEFINITIONAL_REPRESENTATION('',(#2357),#2361);
#2357 = LINE('',#2358,#2359);
#2358 = CARTESIAN_POINT('',(0.,0.));
#2359 = VECTOR('',#2360,1.);
#2360 = DIRECTION('',(0.,-1.));
#2361 = ( GEOMETRIC_REPRESENTATION_CONTEXT(2) 
PARAMETRIC_REPRESENTATION_CONTEXT() REPRESENTATION_CONTEXT('2D SPACE',''
  ) );
#2362 = PCURVE('',#808,#2363);
#2363 = DEFINITIONAL_REPRESENTATION('',(#2364),#2368);
#2364 = LINE('',#2365,#2366);
#2365 = CARTESIAN_POINT('',(19.,0.));
#2366 = VECTOR('',#2367,1.);
#2367 = DIRECTION('',(0.,-1.));
#2368 = ( GEOMETRIC_REPRESENTATION_CONTEXT(2) 
PARAMETRIC_REPRESENTATION_CONTEXT() REPRESENTATION_CONTEXT('2D SPACE',''
  ) );
#2369 = ORIENTED_EDGE('',*,*,#2302,.T.);
#2370 = ORIENTED_EDGE('',*,*,#852,.F.);
#2371 = ADVANCED_FACE('',(#2372),#840,.T.);
#2372 = FACE_BOUND('',#2373,.T.);
#2373 = EDGE_LOOP('',(#2374,#2375,#2396));
#2374 = ORIENTED_EDGE('',*,*,#820,.F.);
#2375 = ORIENTED_EDGE('',*,*,#2376,.T.);
#2376 = EDGE_CURVE('',#789,#2327,#2377,.T.);
#2377 = SURFACE_CURVE('',#2378,(#2382,#2389),.PCURVE_S1.);
#2378 = LINE('',#2379,#2380);
#2379 = CARTESIAN_POINT('',(281.000092,8.978974999992E-02,42.5));
#2380 = VECTOR('',#2381,1.);
#2381 = DIRECTION('',(0.,-1.,0.));
#2382 = PCURVE('',#840,#2383);
#2383 = DEFINITIONAL_REPRESENTATION('',(#2384),#2388);
#2384 = LINE('',#2385,#2386);
#2385 = CARTESIAN_POINT('',(42.5,-9.5));
#2386 = VECTOR('',#2387,1.);
#2387 = DIRECTION('',(0.,1.));
#2388 = ( GEOMETRIC_REPRESENTATION_CONTEXT(2) 
PARAMETRIC_REPRESENTATION_CONTEXT() REPRESENTATION_CONTEXT('2D SPACE',''
  ) );
#2389 = PCURVE('',#808,#2390);
#2390 = DEFINITIONAL_REPRESENTATION('',(#2391),#2395);
#2391 = LINE('',#2392,#2393);
#2392 = CARTESIAN_POINT('',(0.,0.));
#2393 = VECTOR('',#2394,1.);
#2394 = DIRECTION('',(1.,0.));
#2395 = ( GEOMETRIC_REPRESENTATION_CONTEXT(2) 
PARAMETRIC_REPRESENTATION_CONTEXT() REPRESENTATION_CONTEXT('2D SPACE',''
  ) );
#2396 = ORIENTED_EDGE('',*,*,#2326,.T.);
#2397 = ADVANCED_FACE('',(#2398),#808,.T.);
#2398 = FACE_BOUND('',#2399,.T.);
#2399 = EDGE_LOOP('',(#2400,#2401,#2402,#2403));
#2400 = ORIENTED_EDGE('',*,*,#2376,.F.);
#2401 = ORIENTED_EDGE('',*,*,#788,.F.);
#2402 = ORIENTED_EDGE('',*,*,#2279,.T.);
#2403 = ORIENTED_EDGE('',*,*,#2349,.F.);
#2404 = ADVANCED_FACE('',(#2405),#903,.T.);
#2405 = FACE_BOUND('',#2406,.T.);
#2406 = EDGE_LOOP('',(#2407,#2430,#2431,#2454));
#2407 = ORIENTED_EDGE('',*,*,#2408,.F.);
#2408 = EDGE_CURVE('',#883,#2409,#2411,.T.);
#2409 = VERTEX_POINT('',#2410);
#2410 = CARTESIAN_POINT('',(281.000092,-19.,67.5));
#2411 = SURFACE_CURVE('',#2412,(#2416,#2423),.PCURVE_S1.);
#2412 = LINE('',#2413,#2414);
#2413 = CARTESIAN_POINT('',(281.000092,-19.,-67.5));
#2414 = VECTOR('',#2415,1.);
#2415 = DIRECTION('',(0.,0.,1.));
#2416 = PCURVE('',#903,#2417);
#2417 = DEFINITIONAL_REPRESENTATION('',(#2418),#2422);
#2418 = LINE('',#2419,#2420);
#2419 = CARTESIAN_POINT('',(0.,0.));
#2420 = VECTOR('',#2421,1.);
#2421 = DIRECTION('',(1.,0.));
#2422 = ( GEOMETRIC_REPRESENTATION_CONTEXT(2) 
PARAMETRIC_REPRESENTATION_CONTEXT() REPRESENTATION_CONTEXT('2D SPACE',''
  ) );
#2423 = PCURVE('',#936,#2424);
#2424 = DEFINITIONAL_REPRESENTATION('',(#2425),#2429);
#2425 = LINE('',#2426,#2427);
#2426 = CARTESIAN_POINT('',(-67.5,-13.));
#2427 = VECTOR('',#2428,1.);
#2428 = DIRECTION('',(1.,0.));
#2429 = ( GEOMETRIC_REPRESENTATION_CONTEXT(2) 
PARAMETRIC_REPRESENTATION_CONTEXT() REPRESENTATION_CONTEXT('2D SPACE',''
  ) );
#2430 = ORIENTED_EDGE('',*,*,#882,.T.);
#2431 = ORIENTED_EDGE('',*,*,#2432,.T.);
#2432 = EDGE_CURVE('',#885,#2433,#2435,.T.);
#2433 = VERTEX_POINT('',#2434);
#2434 = CARTESIAN_POINT('',(251.000107,-19.,67.5));
#2435 = SURFACE_CURVE('',#2436,(#2440,#2447),.PCURVE_S1.);
#2436 = LINE('',#2437,#2438);
#2437 = CARTESIAN_POINT('',(251.000107,-19.,-67.5));
#2438 = VECTOR('',#2439,1.);
#2439 = DIRECTION('',(0.,0.,1.));
#2440 = PCURVE('',#903,#2441);
#2441 = DEFINITIONAL_REPRESENTATION('',(#2442),#2446);
#2442 = LINE('',#2443,#2444);
#2443 = CARTESIAN_POINT('',(0.,-29.999985));
#2444 = VECTOR('',#2445,1.);
#2445 = DIRECTION('',(1.,0.));
#2446 = ( GEOMETRIC_REPRESENTATION_CONTEXT(2) 
PARAMETRIC_REPRESENTATION_CONTEXT() REPRESENTATION_CONTEXT('2D SPACE',''
  ) );
#2447 = PCURVE('',#998,#2448);
#2448 = DEFINITIONAL_REPRESENTATION('',(#2449),#2453);
#2449 = LINE('',#2450,#2451);
#2450 = CARTESIAN_POINT('',(-67.5,-13.));
#2451 = VECTOR('',#2452,1.);
#2452 = DIRECTION('',(1.,0.));
#2453 = ( GEOMETRIC_REPRESENTATION_CONTEXT(2) 
PARAMETRIC_REPRESENTATION_CONTEXT() REPRESENTATION_CONTEXT('2D SPACE',''
  ) );
#2454 = ORIENTED_EDGE('',*,*,#2455,.F.);
#2455 = EDGE_CURVE('',#2409,#2433,#2456,.T.);
#2456 = SURFACE_CURVE('',#2457,(#2461,#2468),.PCURVE_S1.);
#2457 = LINE('',#2458,#2459);
#2458 = CARTESIAN_POINT('',(281.000092,-19.,67.5));
#2459 = VECTOR('',#2460,1.);
#2460 = DIRECTION('',(-1.,-0.,-0.));
#2461 = PCURVE('',#903,#2462);
#2462 = DEFINITIONAL_REPRESENTATION('',(#2463),#2467);
#2463 = LINE('',#2464,#2465);
#2464 = CARTESIAN_POINT('',(135.,0.));
#2465 = VECTOR('',#2466,1.);
#2466 = DIRECTION('',(0.,-1.));
#2467 = ( GEOMETRIC_REPRESENTATION_CONTEXT(2) 
PARAMETRIC_REPRESENTATION_CONTEXT() REPRESENTATION_CONTEXT('2D SPACE',''
  ) );
#2468 = PCURVE('',#2469,#2474);
#2469 = PLANE('',#2470);
#2470 = AXIS2_PLACEMENT_3D('',#2471,#2472,#2473);
#2471 = CARTESIAN_POINT('',(281.000092,-19.,67.5));
#2472 = DIRECTION('',(-0.,0.,1.));
#2473 = DIRECTION('',(0.,-1.,0.));
#2474 = DEFINITIONAL_REPRESENTATION('',(#2475),#2479);
#2475 = LINE('',#2476,#2477);
#2476 = CARTESIAN_POINT('',(0.,0.));
#2477 = VECTOR('',#2478,1.);
#2478 = DIRECTION('',(0.,-1.));
#2479 = ( GEOMETRIC_REPRESENTATION_CONTEXT(2) 
PARAMETRIC_REPRESENTATION_CONTEXT() REPRESENTATION_CONTEXT('2D SPACE',''
  ) );
#2480 = ADVANCED_FACE('',(#2481),#936,.T.);
#2481 = FACE_BOUND('',#2482,.T.);
#2482 = EDGE_LOOP('',(#2483,#2506,#2534,#2562,#2590,#2618,#2639,#2640));
#2483 = ORIENTED_EDGE('',*,*,#2484,.T.);
#2484 = EDGE_CURVE('',#2409,#2485,#2487,.T.);
#2485 = VERTEX_POINT('',#2486);
#2486 = CARTESIAN_POINT('',(281.000092,-45.,67.5));
#2487 = SURFACE_CURVE('',#2488,(#2492,#2499),.PCURVE_S1.);
#2488 = LINE('',#2489,#2490);
#2489 = CARTESIAN_POINT('',(281.000092,-19.,67.5));
#2490 = VECTOR('',#2491,1.);
#2491 = DIRECTION('',(0.,-1.,0.));
#2492 = PCURVE('',#936,#2493);
#2493 = DEFINITIONAL_REPRESENTATION('',(#2494),#2498);
#2494 = LINE('',#2495,#2496);
#2495 = CARTESIAN_POINT('',(67.5,-13.));
#2496 = VECTOR('',#2497,1.);
#2497 = DIRECTION('',(0.,1.));
#2498 = ( GEOMETRIC_REPRESENTATION_CONTEXT(2) 
PARAMETRIC_REPRESENTATION_CONTEXT() REPRESENTATION_CONTEXT('2D SPACE',''
  ) );
#2499 = PCURVE('',#2469,#2500);
#2500 = DEFINITIONAL_REPRESENTATION('',(#2501),#2505);
#2501 = LINE('',#2502,#2503);
#2502 = CARTESIAN_POINT('',(0.,0.));
#2503 = VECTOR('',#2504,1.);
#2504 = DIRECTION('',(1.,0.));
#2505 = ( GEOMETRIC_REPRESENTATION_CONTEXT(2) 
PARAMETRIC_REPRESENTATION_CONTEXT() REPRESENTATION_CONTEXT('2D SPACE',''
  ) );
#2506 = ORIENTED_EDGE('',*,*,#2507,.T.);
#2507 = EDGE_CURVE('',#2485,#2508,#2510,.T.);
#2508 = VERTEX_POINT('',#2509);
#2509 = CARTESIAN_POINT('',(281.00009200001,-45.,42.5));
#2510 = SURFACE_CURVE('',#2511,(#2515,#2522),.PCURVE_S1.);
#2511 = LINE('',#2512,#2513);
#2512 = CARTESIAN_POINT('',(281.000092,-45.,67.5));
#2513 = VECTOR('',#2514,1.);
#2514 = DIRECTION('',(0.,0.,-1.));
#2515 = PCURVE('',#936,#2516);
#2516 = DEFINITIONAL_REPRESENTATION('',(#2517),#2521);
#2517 = LINE('',#2518,#2519);
#2518 = CARTESIAN_POINT('',(67.5,13.));
#2519 = VECTOR('',#2520,1.);
#2520 = DIRECTION('',(-1.,0.));
#2521 = ( GEOMETRIC_REPRESENTATION_CONTEXT(2) 
PARAMETRIC_REPRESENTATION_CONTEXT() REPRESENTATION_CONTEXT('2D SPACE',''
  ) );
#2522 = PCURVE('',#2523,#2528);
#2523 = PLANE('',#2524);
#2524 = AXIS2_PLACEMENT_3D('',#2525,#2526,#2527);
#2525 = CARTESIAN_POINT('',(281.000092,-45.,67.5));
#2526 = DIRECTION('',(0.,-1.,0.));
#2527 = DIRECTION('',(0.,0.,-1.));
#2528 = DEFINITIONAL_REPRESENTATION('',(#2529),#2533);
#2529 = LINE('',#2530,#2531);
#2530 = CARTESIAN_POINT('',(0.,0.));
#2531 = VECTOR('',#2532,1.);
#2532 = DIRECTION('',(1.,0.));
#2533 = ( GEOMETRIC_REPRESENTATION_CONTEXT(2) 
PARAMETRIC_REPRESENTATION_CONTEXT() REPRESENTATION_CONTEXT('2D SPACE',''
  ) );
#2534 = ORIENTED_EDGE('',*,*,#2535,.T.);
#2535 = EDGE_CURVE('',#2508,#2536,#2538,.T.);
#2536 = VERTEX_POINT('',#2537);
#2537 = CARTESIAN_POINT('',(281.00009200001,-45.,-42.5));
#2538 = SURFACE_CURVE('',#2539,(#2543,#2550),.PCURVE_S1.);
#2539 = LINE('',#2540,#2541);
#2540 = CARTESIAN_POINT('',(281.000092,-45.,67.5));
#2541 = VECTOR('',#2542,1.);
#2542 = DIRECTION('',(0.,0.,-1.));
#2543 = PCURVE('',#936,#2544);
#2544 = DEFINITIONAL_REPRESENTATION('',(#2545),#2549);
#2545 = LINE('',#2546,#2547);
#2546 = CARTESIAN_POINT('',(67.5,13.));
#2547 = VECTOR('',#2548,1.);
#2548 = DIRECTION('',(-1.,0.));
#2549 = ( GEOMETRIC_REPRESENTATION_CONTEXT(2) 
PARAMETRIC_REPRESENTATION_CONTEXT() REPRESENTATION_CONTEXT('2D SPACE',''
  ) );
#2550 = PCURVE('',#2551,#2556);
#2551 = PLANE('',#2552);
#2552 = AXIS2_PLACEMENT_3D('',#2553,#2554,#2555);
#2553 = CARTESIAN_POINT('',(281.00009221408,-45.125,-42.49999999975));
#2554 = DIRECTION('',(0.999999999999,1.7124518379E-06,-0.));
#2555 = DIRECTION('',(0.,0.,1.));
#2556 = DEFINITIONAL_REPRESENTATION('',(#2557),#2561);
#2557 = LINE('',#2558,#2559);
#2558 = CARTESIAN_POINT('',(109.99999999975,-0.125));
#2559 = VECTOR('',#2560,1.);
#2560 = DIRECTION('',(-1.,0.));
#2561 = ( GEOMETRIC_REPRESENTATION_CONTEXT(2) 
PARAMETRIC_REPRESENTATION_CONTEXT() REPRESENTATION_CONTEXT('2D SPACE',''
  ) );
#2562 = ORIENTED_EDGE('',*,*,#2563,.T.);
#2563 = EDGE_CURVE('',#2536,#2564,#2566,.T.);
#2564 = VERTEX_POINT('',#2565);
#2565 = CARTESIAN_POINT('',(281.000092,-45.,-67.5));
#2566 = SURFACE_CURVE('',#2567,(#2571,#2578),.PCURVE_S1.);
#2567 = LINE('',#2568,#2569);
#2568 = CARTESIAN_POINT('',(281.000092,-45.,67.5));
#2569 = VECTOR('',#2570,1.);
#2570 = DIRECTION('',(0.,0.,-1.));
#2571 = PCURVE('',#936,#2572);
#2572 = DEFINITIONAL_REPRESENTATION('',(#2573),#2577);
#2573 = LINE('',#2574,#2575);
#2574 = CARTESIAN_POINT('',(67.5,13.));
#2575 = VECTOR('',#2576,1.);
#2576 = DIRECTION('',(-1.,0.));
#2577 = ( GEOMETRIC_REPRESENTATION_CONTEXT(2) 
PARAMETRIC_REPRESENTATION_CONTEXT() REPRESENTATION_CONTEXT('2D SPACE',''
  ) );
#2578 = PCURVE('',#2579,#2584);
#2579 = PLANE('',#2580);
#2580 = AXIS2_PLACEMENT_3D('',#2581,#2582,#2583);
#2581 = CARTESIAN_POINT('',(281.000092,-45.,67.5));
#2582 = DIRECTION('',(0.,-1.,0.));
#2583 = DIRECTION('',(0.,0.,-1.));
#2584 = DEFINITIONAL_REPRESENTATION('',(#2585),#2589);
#2585 = LINE('',#2586,#2587);
#2586 = CARTESIAN_POINT('',(0.,0.));
#2587 = VECTOR('',#2588,1.);
#2588 = DIRECTION('',(1.,0.));
#2589 = ( GEOMETRIC_REPRESENTATION_CONTEXT(2) 
PARAMETRIC_REPRESENTATION_CONTEXT() REPRESENTATION_CONTEXT('2D SPACE',''
  ) );
#2590 = ORIENTED_EDGE('',*,*,#2591,.T.);
#2591 = EDGE_CURVE('',#2564,#2592,#2594,.T.);
#2592 = VERTEX_POINT('',#2593);
#2593 = CARTESIAN_POINT('',(281.000092,-19.,-67.5));
#2594 = SURFACE_CURVE('',#2595,(#2599,#2606),.PCURVE_S1.);
#2595 = LINE('',#2596,#2597);
#2596 = CARTESIAN_POINT('',(281.000092,-45.,-67.5));
#2597 = VECTOR('',#2598,1.);
#2598 = DIRECTION('',(0.,1.,0.));
#2599 = PCURVE('',#936,#2600);
#2600 = DEFINITIONAL_REPRESENTATION('',(#2601),#2605);
#2601 = LINE('',#2602,#2603);
#2602 = CARTESIAN_POINT('',(-67.5,13.));
#2603 = VECTOR('',#2604,1.);
#2604 = DIRECTION('',(0.,-1.));
#2605 = ( GEOMETRIC_REPRESENTATION_CONTEXT(2) 
PARAMETRIC_REPRESENTATION_CONTEXT() REPRESENTATION_CONTEXT('2D SPACE',''
  ) );
#2606 = PCURVE('',#2607,#2612);
#2607 = PLANE('',#2608);
#2608 = AXIS2_PLACEMENT_3D('',#2609,#2610,#2611);
#2609 = CARTESIAN_POINT('',(281.000092,-45.,-67.5));
#2610 = DIRECTION('',(0.,0.,-1.));
#2611 = DIRECTION('',(0.,1.,0.));
#2612 = DEFINITIONAL_REPRESENTATION('',(#2613),#2617);
#2613 = LINE('',#2614,#2615);
#2614 = CARTESIAN_POINT('',(0.,0.));
#2615 = VECTOR('',#2616,1.);
#2616 = DIRECTION('',(1.,0.));
#2617 = ( GEOMETRIC_REPRESENTATION_CONTEXT(2) 
PARAMETRIC_REPRESENTATION_CONTEXT() REPRESENTATION_CONTEXT('2D SPACE',''
  ) );
#2618 = ORIENTED_EDGE('',*,*,#2619,.T.);
#2619 = EDGE_CURVE('',#2592,#915,#2620,.T.);
#2620 = SURFACE_CURVE('',#2621,(#2625,#2632),.PCURVE_S1.);
#2621 = LINE('',#2622,#2623);
#2622 = CARTESIAN_POINT('',(281.000092,-19.,-67.5));
#2623 = VECTOR('',#2624,1.);
#2624 = DIRECTION('',(0.,0.,1.));
#2625 = PCURVE('',#936,#2626);
#2626 = DEFINITIONAL_REPRESENTATION('',(#2627),#2631);
#2627 = LINE('',#2628,#2629);
#2628 = CARTESIAN_POINT('',(-67.5,-13.));
#2629 = VECTOR('',#2630,1.);
#2630 = DIRECTION('',(1.,0.));
#2631 = ( GEOMETRIC_REPRESENTATION_CONTEXT(2) 
PARAMETRIC_REPRESENTATION_CONTEXT() REPRESENTATION_CONTEXT('2D SPACE',''
  ) );
#2632 = PCURVE('',#967,#2633);
#2633 = DEFINITIONAL_REPRESENTATION('',(#2634),#2638);
#2634 = LINE('',#2635,#2636);
#2635 = CARTESIAN_POINT('',(0.,0.));
#2636 = VECTOR('',#2637,1.);
#2637 = DIRECTION('',(1.,0.));
#2638 = ( GEOMETRIC_REPRESENTATION_CONTEXT(2) 
PARAMETRIC_REPRESENTATION_CONTEXT() REPRESENTATION_CONTEXT('2D SPACE',''
  ) );
#2639 = ORIENTED_EDGE('',*,*,#914,.F.);
#2640 = ORIENTED_EDGE('',*,*,#2408,.T.);
#2641 = ADVANCED_FACE('',(#2642),#998,.F.);
#2642 = FACE_BOUND('',#2643,.F.);
#2643 = EDGE_LOOP('',(#2644,#2645,#2668,#2691,#2717,#2743,#2769,#2792,
    #2815,#2836));
#2644 = ORIENTED_EDGE('',*,*,#2432,.T.);
#2645 = ORIENTED_EDGE('',*,*,#2646,.T.);
#2646 = EDGE_CURVE('',#2433,#2647,#2649,.T.);
#2647 = VERTEX_POINT('',#2648);
#2648 = CARTESIAN_POINT('',(251.000107,-45.,67.5));
#2649 = SURFACE_CURVE('',#2650,(#2654,#2661),.PCURVE_S1.);
#2650 = LINE('',#2651,#2652);
#2651 = CARTESIAN_POINT('',(251.000107,-19.,67.5));
#2652 = VECTOR('',#2653,1.);
#2653 = DIRECTION('',(0.,-1.,0.));
#2654 = PCURVE('',#998,#2655);
#2655 = DEFINITIONAL_REPRESENTATION('',(#2656),#2660);
#2656 = LINE('',#2657,#2658);
#2657 = CARTESIAN_POINT('',(67.5,-13.));
#2658 = VECTOR('',#2659,1.);
#2659 = DIRECTION('',(0.,1.));
#2660 = ( GEOMETRIC_REPRESENTATION_CONTEXT(2) 
PARAMETRIC_REPRESENTATION_CONTEXT() REPRESENTATION_CONTEXT('2D SPACE',''
  ) );
#2661 = PCURVE('',#2469,#2662);
#2662 = DEFINITIONAL_REPRESENTATION('',(#2663),#2667);
#2663 = LINE('',#2664,#2665);
#2664 = CARTESIAN_POINT('',(0.,-29.999985));
#2665 = VECTOR('',#2666,1.);
#2666 = DIRECTION('',(1.,0.));
#2667 = ( GEOMETRIC_REPRESENTATION_CONTEXT(2) 
PARAMETRIC_REPRESENTATION_CONTEXT() REPRESENTATION_CONTEXT('2D SPACE',''
  ) );
#2668 = ORIENTED_EDGE('',*,*,#2669,.T.);
#2669 = EDGE_CURVE('',#2647,#2670,#2672,.T.);
#2670 = VERTEX_POINT('',#2671);
#2671 = CARTESIAN_POINT('',(251.00010700001,-45.,42.5));
#2672 = SURFACE_CURVE('',#2673,(#2677,#2684),.PCURVE_S1.);
#2673 = LINE('',#2674,#2675);
#2674 = CARTESIAN_POINT('',(251.000107,-45.,67.5));
#2675 = VECTOR('',#2676,1.);
#2676 = DIRECTION('',(0.,0.,-1.));
#2677 = PCURVE('',#998,#2678);
#2678 = DEFINITIONAL_REPRESENTATION('',(#2679),#2683);
#2679 = LINE('',#2680,#2681);
#2680 = CARTESIAN_POINT('',(67.5,13.));
#2681 = VECTOR('',#2682,1.);
#2682 = DIRECTION('',(-1.,0.));
#2683 = ( GEOMETRIC_REPRESENTATION_CONTEXT(2) 
PARAMETRIC_REPRESENTATION_CONTEXT() REPRESENTATION_CONTEXT('2D SPACE',''
  ) );
#2684 = PCURVE('',#2523,#2685);
#2685 = DEFINITIONAL_REPRESENTATION('',(#2686),#2690);
#2686 = LINE('',#2687,#2688);
#2687 = CARTESIAN_POINT('',(0.,-29.999985));
#2688 = VECTOR('',#2689,1.);
#2689 = DIRECTION('',(1.,0.));
#2690 = ( GEOMETRIC_REPRESENTATION_CONTEXT(2) 
PARAMETRIC_REPRESENTATION_CONTEXT() REPRESENTATION_CONTEXT('2D SPACE',''
  ) );
#2691 = ORIENTED_EDGE('',*,*,#2692,.F.);
#2692 = EDGE_CURVE('',#2693,#2670,#2695,.T.);
#2693 = VERTEX_POINT('',#2694);
#2694 = CARTESIAN_POINT('',(251.000107,-42.5,42.499999995132));
#2695 = SURFACE_CURVE('',#2696,(#2700,#2706),.PCURVE_S1.);
#2696 = LINE('',#2697,#2698);
#2697 = CARTESIAN_POINT('',(251.000107,-38.56249995862,42.499999987465)
  );
#2698 = VECTOR('',#2699,1.);
#2699 = DIRECTION('',(0.,-1.,1.947191918607E-09));
#2700 = PCURVE('',#998,#2701);
#2701 = DEFINITIONAL_REPRESENTATION('',(#2702),#2705);
#2702 = B_SPLINE_CURVE_WITH_KNOTS('',1,(#2703,#2704),.UNSPECIFIED.,.F.,
  .F.,(2,2),(3.937500041382,6.437500041378),.PIECEWISE_BEZIER_KNOTS.);
#2703 = CARTESIAN_POINT('',(42.499999995132,10.500000000004));
#2704 = CARTESIAN_POINT('',(42.5,13.));
#2705 = ( GEOMETRIC_REPRESENTATION_CONTEXT(2) 
PARAMETRIC_REPRESENTATION_CONTEXT() REPRESENTATION_CONTEXT('2D SPACE',''
  ) );
#2706 = PCURVE('',#2707,#2712);
#2707 = PLANE('',#2708);
#2708 = AXIS2_PLACEMENT_3D('',#2709,#2710,#2711);
#2709 = CARTESIAN_POINT('',(281.00009221408,-45.125,42.500000000243));
#2710 = DIRECTION('',(0.,1.947191918607E-09,1.));
#2711 = DIRECTION('',(-1.,0.,0.));
#2712 = DEFINITIONAL_REPRESENTATION('',(#2713),#2716);
#2713 = B_SPLINE_CURVE_WITH_KNOTS('',1,(#2714,#2715),.UNSPECIFIED.,.F.,
  .F.,(2,2),(3.937500041382,6.437500041378),.PIECEWISE_BEZIER_KNOTS.);
#2714 = CARTESIAN_POINT('',(29.999985214087,-2.624999999996));
#2715 = CARTESIAN_POINT('',(29.999985214087,-0.125));
#2716 = ( GEOMETRIC_REPRESENTATION_CONTEXT(2) 
PARAMETRIC_REPRESENTATION_CONTEXT() REPRESENTATION_CONTEXT('2D SPACE',''
  ) );
#2717 = ORIENTED_EDGE('',*,*,#2718,.T.);
#2718 = EDGE_CURVE('',#2693,#2719,#2721,.T.);
#2719 = VERTEX_POINT('',#2720);
#2720 = CARTESIAN_POINT('',(251.000107,-42.5,-42.50000000486));
#2721 = SURFACE_CURVE('',#2722,(#2726,#2732),.PCURVE_S1.);
#2722 = LINE('',#2723,#2724);
#2723 = CARTESIAN_POINT('',(251.000107,-42.5,-2.433989898255E-09));
#2724 = VECTOR('',#2725,1.);
#2725 = DIRECTION('',(0.,0.,-1.));
#2726 = PCURVE('',#998,#2727);
#2727 = DEFINITIONAL_REPRESENTATION('',(#2728),#2731);
#2728 = B_SPLINE_CURVE_WITH_KNOTS('',1,(#2729,#2730),.UNSPECIFIED.,.F.,
  .F.,(2,2),(-42.49999999756,42.500000002434),.PIECEWISE_BEZIER_KNOTS.);
#2729 = CARTESIAN_POINT('',(42.499999995132,10.500000000004));
#2730 = CARTESIAN_POINT('',(-42.50000000486,10.500000000004));
#2731 = ( GEOMETRIC_REPRESENTATION_CONTEXT(2) 
PARAMETRIC_REPRESENTATION_CONTEXT() REPRESENTATION_CONTEXT('2D SPACE',''
  ) );
#2732 = PCURVE('',#2733,#2738);
#2733 = PLANE('',#2734);
#2734 = AXIS2_PLACEMENT_3D('',#2735,#2736,#2737);
#2735 = CARTESIAN_POINT('',(266.0000952189,-42.5,-4.86797979651E-09));
#2736 = DIRECTION('',(-0.,-1.,-0.));
#2737 = DIRECTION('',(0.,0.,-1.));
#2738 = DEFINITIONAL_REPRESENTATION('',(#2739),#2742);
#2739 = B_SPLINE_CURVE_WITH_KNOTS('',1,(#2740,#2741),.UNSPECIFIED.,.F.,
  .F.,(2,2),(-42.49999999756,42.500000002434),.PIECEWISE_BEZIER_KNOTS.);
#2740 = CARTESIAN_POINT('',(-42.5,-14.9999882189));
#2741 = CARTESIAN_POINT('',(42.5,-14.9999882189));
#2742 = ( GEOMETRIC_REPRESENTATION_CONTEXT(2) 
PARAMETRIC_REPRESENTATION_CONTEXT() REPRESENTATION_CONTEXT('2D SPACE',''
  ) );
#2743 = ORIENTED_EDGE('',*,*,#2744,.F.);
#2744 = EDGE_CURVE('',#2745,#2719,#2747,.T.);
#2745 = VERTEX_POINT('',#2746);
#2746 = CARTESIAN_POINT('',(251.00010700001,-45.,-42.5));
#2747 = SURFACE_CURVE('',#2748,(#2752,#2758),.PCURVE_S1.);
#2748 = LINE('',#2749,#2750);
#2749 = CARTESIAN_POINT('',(251.000107,-38.56250004137,-42.50000001253)
  );
#2750 = VECTOR('',#2751,1.);
#2751 = DIRECTION('',(0.,1.,-1.947191918607E-09));
#2752 = PCURVE('',#998,#2753);
#2753 = DEFINITIONAL_REPRESENTATION('',(#2754),#2757);
#2754 = B_SPLINE_CURVE_WITH_KNOTS('',1,(#2755,#2756),.UNSPECIFIED.,.F.,
  .F.,(2,2),(-6.437499958622,-3.937499958626),.PIECEWISE_BEZIER_KNOTS.);
#2755 = CARTESIAN_POINT('',(-42.5,13.));
#2756 = CARTESIAN_POINT('',(-42.50000000486,10.500000000004));
#2757 = ( GEOMETRIC_REPRESENTATION_CONTEXT(2) 
PARAMETRIC_REPRESENTATION_CONTEXT() REPRESENTATION_CONTEXT('2D SPACE',''
  ) );
#2758 = PCURVE('',#2759,#2764);
#2759 = PLANE('',#2760);
#2760 = AXIS2_PLACEMENT_3D('',#2761,#2762,#2763);
#2761 = CARTESIAN_POINT('',(251.00010721408,-45.125,-42.49999999975));
#2762 = DIRECTION('',(0.,-1.947191918607E-09,-1.));
#2763 = DIRECTION('',(1.,0.,0.));
#2764 = DEFINITIONAL_REPRESENTATION('',(#2765),#2768);
#2765 = B_SPLINE_CURVE_WITH_KNOTS('',1,(#2766,#2767),.UNSPECIFIED.,.F.,
  .F.,(2,2),(-6.437499958622,-3.937499958626),.PIECEWISE_BEZIER_KNOTS.);
#2766 = CARTESIAN_POINT('',(-2.140867252365E-07,-0.125));
#2767 = CARTESIAN_POINT('',(-2.140867252365E-07,-2.624999999996));
#2768 = ( GEOMETRIC_REPRESENTATION_CONTEXT(2) 
PARAMETRIC_REPRESENTATION_CONTEXT() REPRESENTATION_CONTEXT('2D SPACE',''
  ) );
#2769 = ORIENTED_EDGE('',*,*,#2770,.T.);
#2770 = EDGE_CURVE('',#2745,#2771,#2773,.T.);
#2771 = VERTEX_POINT('',#2772);
#2772 = CARTESIAN_POINT('',(251.000107,-45.,-67.5));
#2773 = SURFACE_CURVE('',#2774,(#2778,#2785),.PCURVE_S1.);
#2774 = LINE('',#2775,#2776);
#2775 = CARTESIAN_POINT('',(251.000107,-45.,67.5));
#2776 = VECTOR('',#2777,1.);
#2777 = DIRECTION('',(0.,0.,-1.));
#2778 = PCURVE('',#998,#2779);
#2779 = DEFINITIONAL_REPRESENTATION('',(#2780),#2784);
#2780 = LINE('',#2781,#2782);
#2781 = CARTESIAN_POINT('',(67.5,13.));
#2782 = VECTOR('',#2783,1.);
#2783 = DIRECTION('',(-1.,0.));
#2784 = ( GEOMETRIC_REPRESENTATION_CONTEXT(2) 
PARAMETRIC_REPRESENTATION_CONTEXT() REPRESENTATION_CONTEXT('2D SPACE',''
  ) );
#2785 = PCURVE('',#2579,#2786);
#2786 = DEFINITIONAL_REPRESENTATION('',(#2787),#2791);
#2787 = LINE('',#2788,#2789);
#2788 = CARTESIAN_POINT('',(0.,-29.999985));
#2789 = VECTOR('',#2790,1.);
#2790 = DIRECTION('',(1.,0.));
#2791 = ( GEOMETRIC_REPRESENTATION_CONTEXT(2) 
PARAMETRIC_REPRESENTATION_CONTEXT() REPRESENTATION_CONTEXT('2D SPACE',''
  ) );
#2792 = ORIENTED_EDGE('',*,*,#2793,.T.);
#2793 = EDGE_CURVE('',#2771,#2794,#2796,.T.);
#2794 = VERTEX_POINT('',#2795);
#2795 = CARTESIAN_POINT('',(251.000107,-19.,-67.5));
#2796 = SURFACE_CURVE('',#2797,(#2801,#2808),.PCURVE_S1.);
#2797 = LINE('',#2798,#2799);
#2798 = CARTESIAN_POINT('',(251.000107,-45.,-67.5));
#2799 = VECTOR('',#2800,1.);
#2800 = DIRECTION('',(0.,1.,0.));
#2801 = PCURVE('',#998,#2802);
#2802 = DEFINITIONAL_REPRESENTATION('',(#2803),#2807);
#2803 = LINE('',#2804,#2805);
#2804 = CARTESIAN_POINT('',(-67.5,13.));
#2805 = VECTOR('',#2806,1.);
#2806 = DIRECTION('',(0.,-1.));
#2807 = ( GEOMETRIC_REPRESENTATION_CONTEXT(2) 
PARAMETRIC_REPRESENTATION_CONTEXT() REPRESENTATION_CONTEXT('2D SPACE',''
  ) );
#2808 = PCURVE('',#2607,#2809);
#2809 = DEFINITIONAL_REPRESENTATION('',(#2810),#2814);
#2810 = LINE('',#2811,#2812);
#2811 = CARTESIAN_POINT('',(0.,-29.999985));
#2812 = VECTOR('',#2813,1.);
#2813 = DIRECTION('',(1.,0.));
#2814 = ( GEOMETRIC_REPRESENTATION_CONTEXT(2) 
PARAMETRIC_REPRESENTATION_CONTEXT() REPRESENTATION_CONTEXT('2D SPACE',''
  ) );
#2815 = ORIENTED_EDGE('',*,*,#2816,.T.);
#2816 = EDGE_CURVE('',#2794,#949,#2817,.T.);
#2817 = SURFACE_CURVE('',#2818,(#2822,#2829),.PCURVE_S1.);
#2818 = LINE('',#2819,#2820);
#2819 = CARTESIAN_POINT('',(251.000107,-19.,-67.5));
#2820 = VECTOR('',#2821,1.);
#2821 = DIRECTION('',(0.,0.,1.));
#2822 = PCURVE('',#998,#2823);
#2823 = DEFINITIONAL_REPRESENTATION('',(#2824),#2828);
#2824 = LINE('',#2825,#2826);
#2825 = CARTESIAN_POINT('',(-67.5,-13.));
#2826 = VECTOR('',#2827,1.);
#2827 = DIRECTION('',(1.,0.));
#2828 = ( GEOMETRIC_REPRESENTATION_CONTEXT(2) 
PARAMETRIC_REPRESENTATION_CONTEXT() REPRESENTATION_CONTEXT('2D SPACE',''
  ) );
#2829 = PCURVE('',#967,#2830);
#2830 = DEFINITIONAL_REPRESENTATION('',(#2831),#2835);
#2831 = LINE('',#2832,#2833);
#2832 = CARTESIAN_POINT('',(0.,-29.999985));
#2833 = VECTOR('',#2834,1.);
#2834 = DIRECTION('',(1.,0.));
#2835 = ( GEOMETRIC_REPRESENTATION_CONTEXT(2) 
PARAMETRIC_REPRESENTATION_CONTEXT() REPRESENTATION_CONTEXT('2D SPACE',''
  ) );
#2836 = ORIENTED_EDGE('',*,*,#978,.F.);
#2837 = ADVANCED_FACE('',(#2838),#967,.T.);
#2838 = FACE_BOUND('',#2839,.T.);
#2839 = EDGE_LOOP('',(#2840,#2841,#2862,#2863));
#2840 = ORIENTED_EDGE('',*,*,#2619,.F.);
#2841 = ORIENTED_EDGE('',*,*,#2842,.T.);
#2842 = EDGE_CURVE('',#2592,#2794,#2843,.T.);
#2843 = SURFACE_CURVE('',#2844,(#2848,#2855),.PCURVE_S1.);
#2844 = LINE('',#2845,#2846);
#2845 = CARTESIAN_POINT('',(281.000092,-19.,-67.5));
#2846 = VECTOR('',#2847,1.);
#2847 = DIRECTION('',(-1.,-0.,-0.));
#2848 = PCURVE('',#967,#2849);
#2849 = DEFINITIONAL_REPRESENTATION('',(#2850),#2854);
#2850 = LINE('',#2851,#2852);
#2851 = CARTESIAN_POINT('',(0.,0.));
#2852 = VECTOR('',#2853,1.);
#2853 = DIRECTION('',(0.,-1.));
#2854 = ( GEOMETRIC_REPRESENTATION_CONTEXT(2) 
PARAMETRIC_REPRESENTATION_CONTEXT() REPRESENTATION_CONTEXT('2D SPACE',''
  ) );
#2855 = PCURVE('',#2607,#2856);
#2856 = DEFINITIONAL_REPRESENTATION('',(#2857),#2861);
#2857 = LINE('',#2858,#2859);
#2858 = CARTESIAN_POINT('',(26.,0.));
#2859 = VECTOR('',#2860,1.);
#2860 = DIRECTION('',(0.,-1.));
#2861 = ( GEOMETRIC_REPRESENTATION_CONTEXT(2) 
PARAMETRIC_REPRESENTATION_CONTEXT() REPRESENTATION_CONTEXT('2D SPACE',''
  ) );
#2862 = ORIENTED_EDGE('',*,*,#2816,.T.);
#2863 = ORIENTED_EDGE('',*,*,#948,.F.);
#2864 = ADVANCED_FACE('',(#2865),#1031,.F.);
#2865 = FACE_BOUND('',#2866,.F.);
#2866 = EDGE_LOOP('',(#2867,#2868,#2869,#2892));
#2867 = ORIENTED_EDGE('',*,*,#1346,.T.);
#2868 = ORIENTED_EDGE('',*,*,#1013,.T.);
#2869 = ORIENTED_EDGE('',*,*,#2870,.F.);
#2870 = EDGE_CURVE('',#2871,#1016,#2873,.T.);
#2871 = VERTEX_POINT('',#2872);
#2872 = CARTESIAN_POINT('',(94.000099,-45.,67.5));
#2873 = SURFACE_CURVE('',#2874,(#2878,#2885),.PCURVE_S1.);
#2874 = LINE('',#2875,#2876);
#2875 = CARTESIAN_POINT('',(94.000099,-45.,67.5));
#2876 = VECTOR('',#2877,1.);
#2877 = DIRECTION('',(1.,0.,0.));
#2878 = PCURVE('',#1031,#2879);
#2879 = DEFINITIONAL_REPRESENTATION('',(#2880),#2884);
#2880 = LINE('',#2881,#2882);
#2881 = CARTESIAN_POINT('',(26.,0.));
#2882 = VECTOR('',#2883,1.);
#2883 = DIRECTION('',(0.,-1.));
#2884 = ( GEOMETRIC_REPRESENTATION_CONTEXT(2) 
PARAMETRIC_REPRESENTATION_CONTEXT() REPRESENTATION_CONTEXT('2D SPACE',''
  ) );
#2885 = PCURVE('',#1059,#2886);
#2886 = DEFINITIONAL_REPRESENTATION('',(#2887),#2891);
#2887 = LINE('',#2888,#2889);
#2888 = CARTESIAN_POINT('',(0.,0.));
#2889 = VECTOR('',#2890,1.);
#2890 = DIRECTION('',(0.,-1.));
#2891 = ( GEOMETRIC_REPRESENTATION_CONTEXT(2) 
PARAMETRIC_REPRESENTATION_CONTEXT() REPRESENTATION_CONTEXT('2D SPACE',''
  ) );
#2892 = ORIENTED_EDGE('',*,*,#2893,.F.);
#2893 = EDGE_CURVE('',#1294,#2871,#2894,.T.);
#2894 = SURFACE_CURVE('',#2895,(#2899,#2906),.PCURVE_S1.);
#2895 = LINE('',#2896,#2897);
#2896 = CARTESIAN_POINT('',(94.000099,-19.,67.5));
#2897 = VECTOR('',#2898,1.);
#2898 = DIRECTION('',(0.,-1.,0.));
#2899 = PCURVE('',#1031,#2900);
#2900 = DEFINITIONAL_REPRESENTATION('',(#2901),#2905);
#2901 = LINE('',#2902,#2903);
#2902 = CARTESIAN_POINT('',(0.,-0.));
#2903 = VECTOR('',#2904,1.);
#2904 = DIRECTION('',(1.,0.));
#2905 = ( GEOMETRIC_REPRESENTATION_CONTEXT(2) 
PARAMETRIC_REPRESENTATION_CONTEXT() REPRESENTATION_CONTEXT('2D SPACE',''
  ) );
#2906 = PCURVE('',#1309,#2907);
#2907 = DEFINITIONAL_REPRESENTATION('',(#2908),#2912);
#2908 = LINE('',#2909,#2910);
#2909 = CARTESIAN_POINT('',(67.5,-13.));
#2910 = VECTOR('',#2911,1.);
#2911 = DIRECTION('',(0.,1.));
#2912 = ( GEOMETRIC_REPRESENTATION_CONTEXT(2) 
PARAMETRIC_REPRESENTATION_CONTEXT() REPRESENTATION_CONTEXT('2D SPACE',''
  ) );
#2913 = ADVANCED_FACE('',(#2914),#1087,.F.);
#2914 = FACE_BOUND('',#2915,.F.);
#2915 = EDGE_LOOP('',(#2916,#2944,#2945,#2973,#2999,#3000));
#2916 = ORIENTED_EDGE('',*,*,#2917,.F.);
#2917 = EDGE_CURVE('',#1044,#2918,#2920,.T.);
#2918 = VERTEX_POINT('',#2919);
#2919 = CARTESIAN_POINT('',(124.0000947189,-42.5,42.499999995132));
#2920 = SURFACE_CURVE('',#2921,(#2925,#2932),.PCURVE_S1.);
#2921 = LINE('',#2922,#2923);
#2922 = CARTESIAN_POINT('',(124.00009921408,-45.125,42.500000000243));
#2923 = VECTOR('',#2924,1.);
#2924 = DIRECTION('',(-1.7124518379E-06,0.999999999999,
    -1.947191918604E-09));
#2925 = PCURVE('',#1087,#2926);
#2926 = DEFINITIONAL_REPRESENTATION('',(#2927),#2931);
#2927 = LINE('',#2928,#2929);
#2928 = CARTESIAN_POINT('',(85.,0.));
#2929 = VECTOR('',#2930,1.);
#2930 = DIRECTION('',(-1.947191918604E-09,-1.));
#2931 = ( GEOMETRIC_REPRESENTATION_CONTEXT(2) 
PARAMETRIC_REPRESENTATION_CONTEXT() REPRESENTATION_CONTEXT('2D SPACE',''
  ) );
#2932 = PCURVE('',#2933,#2938);
#2933 = PLANE('',#2934);
#2934 = AXIS2_PLACEMENT_3D('',#2935,#2936,#2937);
#2935 = CARTESIAN_POINT('',(124.00009921408,-45.125,42.500000000243));
#2936 = DIRECTION('',(0.,1.947191918607E-09,1.));
#2937 = DIRECTION('',(-1.,0.,0.));
#2938 = DEFINITIONAL_REPRESENTATION('',(#2939),#2943);
#2939 = LINE('',#2940,#2941);
#2940 = CARTESIAN_POINT('',(0.,0.));
#2941 = VECTOR('',#2942,1.);
#2942 = DIRECTION('',(1.7124518379E-06,-0.999999999999));
#2943 = ( GEOMETRIC_REPRESENTATION_CONTEXT(2) 
PARAMETRIC_REPRESENTATION_CONTEXT() REPRESENTATION_CONTEXT('2D SPACE',''
  ) );
#2944 = ORIENTED_EDGE('',*,*,#1071,.T.);
#2945 = ORIENTED_EDGE('',*,*,#2946,.T.);
#2946 = EDGE_CURVE('',#1072,#2947,#2949,.T.);
#2947 = VERTEX_POINT('',#2948);
#2948 = CARTESIAN_POINT('',(124.0000947189,-42.5,-42.50000000486));
#2949 = SURFACE_CURVE('',#2950,(#2954,#2961),.PCURVE_S1.);
#2950 = LINE('',#2951,#2952);
#2951 = CARTESIAN_POINT('',(124.00009921408,-45.125,-42.49999999975));
#2952 = VECTOR('',#2953,1.);
#2953 = DIRECTION('',(-1.7124518379E-06,0.999999999999,
    -1.947191918604E-09));
#2954 = PCURVE('',#1087,#2955);
#2955 = DEFINITIONAL_REPRESENTATION('',(#2956),#2960);
#2956 = LINE('',#2957,#2958);
#2957 = CARTESIAN_POINT('',(0.,0.));
#2958 = VECTOR('',#2959,1.);
#2959 = DIRECTION('',(-1.947191918604E-09,-1.));
#2960 = ( GEOMETRIC_REPRESENTATION_CONTEXT(2) 
PARAMETRIC_REPRESENTATION_CONTEXT() REPRESENTATION_CONTEXT('2D SPACE',''
  ) );
#2961 = PCURVE('',#2962,#2967);
#2962 = PLANE('',#2963);
#2963 = AXIS2_PLACEMENT_3D('',#2964,#2965,#2966);
#2964 = CARTESIAN_POINT('',(94.000099214088,-45.125,-42.49999999975));
#2965 = DIRECTION('',(0.,-1.947191918607E-09,-1.));
#2966 = DIRECTION('',(1.,0.,0.));
#2967 = DEFINITIONAL_REPRESENTATION('',(#2968),#2972);
#2968 = LINE('',#2969,#2970);
#2969 = CARTESIAN_POINT('',(30.,0.));
#2970 = VECTOR('',#2971,1.);
#2971 = DIRECTION('',(-1.7124518379E-06,-0.999999999999));
#2972 = ( GEOMETRIC_REPRESENTATION_CONTEXT(2) 
PARAMETRIC_REPRESENTATION_CONTEXT() REPRESENTATION_CONTEXT('2D SPACE',''
  ) );
#2973 = ORIENTED_EDGE('',*,*,#2974,.T.);
#2974 = EDGE_CURVE('',#2947,#1184,#2975,.T.);
#2975 = SURFACE_CURVE('',#2976,(#2980,#2987),.PCURVE_S1.);
#2976 = LINE('',#2977,#2978);
#2977 = CARTESIAN_POINT('',(124.0000947189,-42.5,-42.50000000486));
#2978 = VECTOR('',#2979,1.);
#2979 = DIRECTION('',(0.,0.,1.));
#2980 = PCURVE('',#1087,#2981);
#2981 = DEFINITIONAL_REPRESENTATION('',(#2982),#2986);
#2982 = LINE('',#2983,#2984);
#2983 = CARTESIAN_POINT('',(-5.111381540246E-09,-2.625));
#2984 = VECTOR('',#2985,1.);
#2985 = DIRECTION('',(1.,0.));
#2986 = ( GEOMETRIC_REPRESENTATION_CONTEXT(2) 
PARAMETRIC_REPRESENTATION_CONTEXT() REPRESENTATION_CONTEXT('2D SPACE',''
  ) );
#2987 = PCURVE('',#2988,#2993);
#2988 = PLANE('',#2989);
#2989 = AXIS2_PLACEMENT_3D('',#2990,#2991,#2992);
#2990 = CARTESIAN_POINT('',(109.0000947189,-42.5,-4.86797979651E-09));
#2991 = DIRECTION('',(-0.,-1.,-0.));
#2992 = DIRECTION('',(0.,0.,-1.));
#2993 = DEFINITIONAL_REPRESENTATION('',(#2994),#2998);
#2994 = LINE('',#2995,#2996);
#2995 = CARTESIAN_POINT('',(42.5,15.));
#2996 = VECTOR('',#2997,1.);
#2997 = DIRECTION('',(-1.,0.));
#2998 = ( GEOMETRIC_REPRESENTATION_CONTEXT(2) 
PARAMETRIC_REPRESENTATION_CONTEXT() REPRESENTATION_CONTEXT('2D SPACE',''
  ) );
#2999 = ORIENTED_EDGE('',*,*,#1212,.F.);
#3000 = ORIENTED_EDGE('',*,*,#3001,.T.);
#3001 = EDGE_CURVE('',#1213,#2918,#3002,.T.);
#3002 = SURFACE_CURVE('',#3003,(#3007,#3014),.PCURVE_S1.);
#3003 = LINE('',#3004,#3005);
#3004 = CARTESIAN_POINT('',(124.0000947189,-42.5,-42.50000000486));
#3005 = VECTOR('',#3006,1.);
#3006 = DIRECTION('',(0.,0.,1.));
#3007 = PCURVE('',#1087,#3008);
#3008 = DEFINITIONAL_REPRESENTATION('',(#3009),#3013);
#3009 = LINE('',#3010,#3011);
#3010 = CARTESIAN_POINT('',(-5.111381540246E-09,-2.625));
#3011 = VECTOR('',#3012,1.);
#3012 = DIRECTION('',(1.,0.));
#3013 = ( GEOMETRIC_REPRESENTATION_CONTEXT(2) 
PARAMETRIC_REPRESENTATION_CONTEXT() REPRESENTATION_CONTEXT('2D SPACE',''
  ) );
#3014 = PCURVE('',#2988,#3015);
#3015 = DEFINITIONAL_REPRESENTATION('',(#3016),#3020);
#3016 = LINE('',#3017,#3018);
#3017 = CARTESIAN_POINT('',(42.5,15.));
#3018 = VECTOR('',#3019,1.);
#3019 = DIRECTION('',(-1.,0.));
#3020 = ( GEOMETRIC_REPRESENTATION_CONTEXT(2) 
PARAMETRIC_REPRESENTATION_CONTEXT() REPRESENTATION_CONTEXT('2D SPACE',''
  ) );
#3021 = ADVANCED_FACE('',(#3022),#1171,.F.);
#3022 = FACE_BOUND('',#3023,.F.);
#3023 = EDGE_LOOP('',(#3024,#3049,#3070,#3071,#3072,#3093));
#3024 = ORIENTED_EDGE('',*,*,#3025,.F.);
#3025 = EDGE_CURVE('',#3026,#3028,#3030,.T.);
#3026 = VERTEX_POINT('',#3027);
#3027 = CARTESIAN_POINT('',(94.000099,-19.,-67.5));
#3028 = VERTEX_POINT('',#3029);
#3029 = CARTESIAN_POINT('',(94.000099,-19.,-35.79803797928));
#3030 = SURFACE_CURVE('',#3031,(#3035,#3042),.PCURVE_S1.);
#3031 = LINE('',#3032,#3033);
#3032 = CARTESIAN_POINT('',(94.000099,-19.,-67.5));
#3033 = VECTOR('',#3034,1.);
#3034 = DIRECTION('',(0.,0.,1.));
#3035 = PCURVE('',#1171,#3036);
#3036 = DEFINITIONAL_REPRESENTATION('',(#3037),#3041);
#3037 = LINE('',#3038,#3039);
#3038 = CARTESIAN_POINT('',(0.,0.));
#3039 = VECTOR('',#3040,1.);
#3040 = DIRECTION('',(1.,0.));
#3041 = ( GEOMETRIC_REPRESENTATION_CONTEXT(2) 
PARAMETRIC_REPRESENTATION_CONTEXT() REPRESENTATION_CONTEXT('2D SPACE',''
  ) );
#3042 = PCURVE('',#1445,#3043);
#3043 = DEFINITIONAL_REPRESENTATION('',(#3044),#3048);
#3044 = LINE('',#3045,#3046);
#3045 = CARTESIAN_POINT('',(-67.5,-13.));
#3046 = VECTOR('',#3047,1.);
#3047 = DIRECTION('',(1.,0.));
#3048 = ( GEOMETRIC_REPRESENTATION_CONTEXT(2) 
PARAMETRIC_REPRESENTATION_CONTEXT() REPRESENTATION_CONTEXT('2D SPACE',''
  ) );
#3049 = ORIENTED_EDGE('',*,*,#3050,.T.);
#3050 = EDGE_CURVE('',#3026,#1128,#3051,.T.);
#3051 = SURFACE_CURVE('',#3052,(#3056,#3063),.PCURVE_S1.);
#3052 = LINE('',#3053,#3054);
#3053 = CARTESIAN_POINT('',(94.000099,-19.,-67.5));
#3054 = VECTOR('',#3055,1.);
#3055 = DIRECTION('',(1.,0.,0.));
#3056 = PCURVE('',#1171,#3057);
#3057 = DEFINITIONAL_REPRESENTATION('',(#3058),#3062);
#3058 = LINE('',#3059,#3060);
#3059 = CARTESIAN_POINT('',(0.,0.));
#3060 = VECTOR('',#3061,1.);
#3061 = DIRECTION('',(0.,-1.));
#3062 = ( GEOMETRIC_REPRESENTATION_CONTEXT(2) 
PARAMETRIC_REPRESENTATION_CONTEXT() REPRESENTATION_CONTEXT('2D SPACE',''
  ) );
#3063 = PCURVE('',#1143,#3064);
#3064 = DEFINITIONAL_REPRESENTATION('',(#3065),#3069);
#3065 = LINE('',#3066,#3067);
#3066 = CARTESIAN_POINT('',(26.,0.));
#3067 = VECTOR('',#3068,1.);
#3068 = DIRECTION('',(0.,-1.));
#3069 = ( GEOMETRIC_REPRESENTATION_CONTEXT(2) 
PARAMETRIC_REPRESENTATION_CONTEXT() REPRESENTATION_CONTEXT('2D SPACE',''
  ) );
#3070 = ORIENTED_EDGE('',*,*,#1155,.T.);
#3071 = ORIENTED_EDGE('',*,*,#1836,.F.);
#3072 = ORIENTED_EDGE('',*,*,#3073,.F.);
#3073 = EDGE_CURVE('',#3074,#1837,#3076,.T.);
#3074 = VERTEX_POINT('',#3075);
#3075 = CARTESIAN_POINT('',(94.019874651979,-19.,-35.79801547483));
#3076 = SURFACE_CURVE('',#3077,(#3081,#3087),.PCURVE_S1.);
#3077 = LINE('',#3078,#3079);
#3078 = CARTESIAN_POINT('',(94.017560415415,-19.,-33.76276737269));
#3079 = VECTOR('',#3080,1.);
#3080 = DIRECTION('',(1.137077619762E-03,0.,-0.999999353527));
#3081 = PCURVE('',#1171,#3082);
#3082 = DEFINITIONAL_REPRESENTATION('',(#3083),#3086);
#3083 = B_SPLINE_CURVE_WITH_KNOTS('',1,(#3084,#3085),.UNSPECIFIED.,.F.,
  .F.,(2,2),(-15.35639705828,8.762771541771),.PIECEWISE_BEZIER_KNOTS.);
#3084 = CARTESIAN_POINT('',(49.093619758095,0.));
#3085 = CARTESIAN_POINT('',(24.97446675043,-2.742536682239E-02));
#3086 = ( GEOMETRIC_REPRESENTATION_CONTEXT(2) 
PARAMETRIC_REPRESENTATION_CONTEXT() REPRESENTATION_CONTEXT('2D SPACE',''
  ) );
#3087 = PCURVE('',#1878,#3088);
#3088 = DEFINITIONAL_REPRESENTATION('',(#3089),#3092);
#3089 = B_SPLINE_CURVE_WITH_KNOTS('',1,(#3090,#3091),.UNSPECIFIED.,.F.,
  .F.,(2,2),(-15.35639705828,8.762771541771),.PIECEWISE_BEZIER_KNOTS.);
#3090 = CARTESIAN_POINT('',(-18.38079390382,18.994060119355));
#3091 = CARTESIAN_POINT('',(-42.49996250388,18.994060119355));
#3092 = ( GEOMETRIC_REPRESENTATION_CONTEXT(2) 
PARAMETRIC_REPRESENTATION_CONTEXT() REPRESENTATION_CONTEXT('2D SPACE',''
  ) );
#3093 = ORIENTED_EDGE('',*,*,#3094,.T.);
#3094 = EDGE_CURVE('',#3074,#3028,#3095,.T.);
#3095 = SURFACE_CURVE('',#3096,(#3100,#3106),.PCURVE_S1.);
#3096 = LINE('',#3097,#3098);
#3097 = CARTESIAN_POINT('',(94.402350641346,-19.,-35.79758022183));
#3098 = VECTOR('',#3099,1.);
#3099 = DIRECTION('',(-0.999999352493,0.,-1.137986873542E-03));
#3100 = PCURVE('',#1171,#3101);
#3101 = DEFINITIONAL_REPRESENTATION('',(#3102),#3105);
#3102 = B_SPLINE_CURVE_WITH_KNOTS('',1,(#3103,#3104),.UNSPECIFIED.,.F.,
  .F.,(2,2),(-2.032926435326E-03,2.725114763294),
  .PIECEWISE_BEZIER_KNOTS.);
#3103 = CARTESIAN_POINT('',(31.702422091611,-0.404284566464));
#3104 = CARTESIAN_POINT('',(31.699318633338,2.322861357417));
#3105 = ( GEOMETRIC_REPRESENTATION_CONTEXT(2) 
PARAMETRIC_REPRESENTATION_CONTEXT() REPRESENTATION_CONTEXT('2D SPACE',''
  ) );
#3106 = PCURVE('',#3107,#3112);
#3107 = CYLINDRICAL_SURFACE('',#3108,40.502367962352);
#3108 = AXIS2_PLACEMENT_3D('',#3109,#3110,#3111);
#3109 = CARTESIAN_POINT('',(94.361674600381,-5.939225644165E-03,
    -2.516331559397E-02));
#3110 = DIRECTION('',(-0.999999353526,-1.712452944955E-06,
    -1.13707761976E-03));
#3111 = DIRECTION('',(1.137077619762E-03,0.,-0.999999353527));
#3112 = DEFINITIONAL_REPRESENTATION('',(#3113),#3120);
#3113 = B_SPLINE_CURVE_WITH_KNOTS('',5,(#3114,#3115,#3116,#3117,#3118,
    #3119),.UNSPECIFIED.,.F.,.F.,(6,6),(-2.032926435326E-03,
    2.725114763294),.PIECEWISE_BEZIER_KNOTS.);
#3114 = CARTESIAN_POINT('',(0.4881148642,-2.000400000014E-03));
#3115 = CARTESIAN_POINT('',(0.48811483809,0.543429137945));
#3116 = CARTESIAN_POINT('',(0.48811481198,1.08885867589));
#3117 = CARTESIAN_POINT('',(0.48811478587,1.634288213835));
#3118 = CARTESIAN_POINT('',(0.48811475976,2.179717751779));
#3119 = CARTESIAN_POINT('',(0.488114733649,2.725147289724));
#3120 = ( GEOMETRIC_REPRESENTATION_CONTEXT(2) 
PARAMETRIC_REPRESENTATION_CONTEXT() REPRESENTATION_CONTEXT('2D SPACE',''
  ) );
#3121 = ADVANCED_FACE('',(#3122),#1143,.F.);
#3122 = FACE_BOUND('',#3123,.F.);
#3123 = EDGE_LOOP('',(#3124,#3147,#3148,#3149));
#3124 = ORIENTED_EDGE('',*,*,#3125,.T.);
#3125 = EDGE_CURVE('',#3126,#1100,#3128,.T.);
#3126 = VERTEX_POINT('',#3127);
#3127 = CARTESIAN_POINT('',(94.000099,-45.,-67.5));
#3128 = SURFACE_CURVE('',#3129,(#3133,#3140),.PCURVE_S1.);
#3129 = LINE('',#3130,#3131);
#3130 = CARTESIAN_POINT('',(94.000099,-45.,-67.5));
#3131 = VECTOR('',#3132,1.);
#3132 = DIRECTION('',(1.,0.,0.));
#3133 = PCURVE('',#1143,#3134);
#3134 = DEFINITIONAL_REPRESENTATION('',(#3135),#3139);
#3135 = LINE('',#3136,#3137);
#3136 = CARTESIAN_POINT('',(0.,0.));
#3137 = VECTOR('',#3138,1.);
#3138 = DIRECTION('',(0.,-1.));
#3139 = ( GEOMETRIC_REPRESENTATION_CONTEXT(2) 
PARAMETRIC_REPRESENTATION_CONTEXT() REPRESENTATION_CONTEXT('2D SPACE',''
  ) );
#3140 = PCURVE('',#1115,#3141);
#3141 = DEFINITIONAL_REPRESENTATION('',(#3142),#3146);
#3142 = LINE('',#3143,#3144);
#3143 = CARTESIAN_POINT('',(135.,0.));
#3144 = VECTOR('',#3145,1.);
#3145 = DIRECTION('',(0.,-1.));
#3146 = ( GEOMETRIC_REPRESENTATION_CONTEXT(2) 
PARAMETRIC_REPRESENTATION_CONTEXT() REPRESENTATION_CONTEXT('2D SPACE',''
  ) );
#3147 = ORIENTED_EDGE('',*,*,#1127,.T.);
#3148 = ORIENTED_EDGE('',*,*,#3050,.F.);
#3149 = ORIENTED_EDGE('',*,*,#3150,.F.);
#3150 = EDGE_CURVE('',#3126,#3026,#3151,.T.);
#3151 = SURFACE_CURVE('',#3152,(#3156,#3163),.PCURVE_S1.);
#3152 = LINE('',#3153,#3154);
#3153 = CARTESIAN_POINT('',(94.000099,-45.,-67.5));
#3154 = VECTOR('',#3155,1.);
#3155 = DIRECTION('',(0.,1.,0.));
#3156 = PCURVE('',#1143,#3157);
#3157 = DEFINITIONAL_REPRESENTATION('',(#3158),#3162);
#3158 = LINE('',#3159,#3160);
#3159 = CARTESIAN_POINT('',(0.,0.));
#3160 = VECTOR('',#3161,1.);
#3161 = DIRECTION('',(1.,0.));
#3162 = ( GEOMETRIC_REPRESENTATION_CONTEXT(2) 
PARAMETRIC_REPRESENTATION_CONTEXT() REPRESENTATION_CONTEXT('2D SPACE',''
  ) );
#3163 = PCURVE('',#1445,#3164);
#3164 = DEFINITIONAL_REPRESENTATION('',(#3165),#3169);
#3165 = LINE('',#3166,#3167);
#3166 = CARTESIAN_POINT('',(-67.5,13.));
#3167 = VECTOR('',#3168,1.);
#3168 = DIRECTION('',(0.,-1.));
#3169 = ( GEOMETRIC_REPRESENTATION_CONTEXT(2) 
PARAMETRIC_REPRESENTATION_CONTEXT() REPRESENTATION_CONTEXT('2D SPACE',''
  ) );
#3170 = ADVANCED_FACE('',(#3171),#1115,.F.);
#3171 = FACE_BOUND('',#3172,.F.);
#3172 = EDGE_LOOP('',(#3173,#3196,#3215,#3216));
#3173 = ORIENTED_EDGE('',*,*,#3174,.F.);
#3174 = EDGE_CURVE('',#3175,#3126,#3177,.T.);
#3175 = VERTEX_POINT('',#3176);
#3176 = CARTESIAN_POINT('',(94.000099000016,-45.,-42.5));
#3177 = SURFACE_CURVE('',#3178,(#3182,#3189),.PCURVE_S1.);
#3178 = LINE('',#3179,#3180);
#3179 = CARTESIAN_POINT('',(94.000099,-45.,67.5));
#3180 = VECTOR('',#3181,1.);
#3181 = DIRECTION('',(0.,0.,-1.));
#3182 = PCURVE('',#1115,#3183);
#3183 = DEFINITIONAL_REPRESENTATION('',(#3184),#3188);
#3184 = LINE('',#3185,#3186);
#3185 = CARTESIAN_POINT('',(0.,0.));
#3186 = VECTOR('',#3187,1.);
#3187 = DIRECTION('',(1.,0.));
#3188 = ( GEOMETRIC_REPRESENTATION_CONTEXT(2) 
PARAMETRIC_REPRESENTATION_CONTEXT() REPRESENTATION_CONTEXT('2D SPACE',''
  ) );
#3189 = PCURVE('',#1445,#3190);
#3190 = DEFINITIONAL_REPRESENTATION('',(#3191),#3195);
#3191 = LINE('',#3192,#3193);
#3192 = CARTESIAN_POINT('',(67.5,13.));
#3193 = VECTOR('',#3194,1.);
#3194 = DIRECTION('',(-1.,0.));
#3195 = ( GEOMETRIC_REPRESENTATION_CONTEXT(2) 
PARAMETRIC_REPRESENTATION_CONTEXT() REPRESENTATION_CONTEXT('2D SPACE',''
  ) );
#3196 = ORIENTED_EDGE('',*,*,#3197,.F.);
#3197 = EDGE_CURVE('',#1072,#3175,#3198,.T.);
#3198 = SURFACE_CURVE('',#3199,(#3203,#3209),.PCURVE_S1.);
#3199 = LINE('',#3200,#3201);
#3200 = CARTESIAN_POINT('',(94.000099107044,-45.,-42.5));
#3201 = VECTOR('',#3202,1.);
#3202 = DIRECTION('',(-1.,0.,0.));
#3203 = PCURVE('',#1115,#3204);
#3204 = DEFINITIONAL_REPRESENTATION('',(#3205),#3208);
#3205 = B_SPLINE_CURVE_WITH_KNOTS('',1,(#3206,#3207),.UNSPECIFIED.,.F.,
  .F.,(2,2),(-29.99999989295,1.070441442153E-07),
  .PIECEWISE_BEZIER_KNOTS.);
#3206 = CARTESIAN_POINT('',(110.,-30.));
#3207 = CARTESIAN_POINT('',(110.,0.));
#3208 = ( GEOMETRIC_REPRESENTATION_CONTEXT(2) 
PARAMETRIC_REPRESENTATION_CONTEXT() REPRESENTATION_CONTEXT('2D SPACE',''
  ) );
#3209 = PCURVE('',#2962,#3210);
#3210 = DEFINITIONAL_REPRESENTATION('',(#3211),#3214);
#3211 = B_SPLINE_CURVE_WITH_KNOTS('',1,(#3212,#3213),.UNSPECIFIED.,.F.,
  .F.,(2,2),(-29.99999989295,1.070441442153E-07),
  .PIECEWISE_BEZIER_KNOTS.);
#3212 = CARTESIAN_POINT('',(29.999999785912,-0.125));
#3213 = CARTESIAN_POINT('',(-2.140882742196E-07,-0.125));
#3214 = ( GEOMETRIC_REPRESENTATION_CONTEXT(2) 
PARAMETRIC_REPRESENTATION_CONTEXT() REPRESENTATION_CONTEXT('2D SPACE',''
  ) );
#3215 = ORIENTED_EDGE('',*,*,#1099,.T.);
#3216 = ORIENTED_EDGE('',*,*,#3125,.F.);
#3217 = ADVANCED_FACE('',(#3218),#1059,.F.);
#3218 = FACE_BOUND('',#3219,.F.);
#3219 = EDGE_LOOP('',(#3220,#3243,#3244,#3245));
#3220 = ORIENTED_EDGE('',*,*,#3221,.F.);
#3221 = EDGE_CURVE('',#2871,#3222,#3224,.T.);
#3222 = VERTEX_POINT('',#3223);
#3223 = CARTESIAN_POINT('',(94.000099000016,-45.,42.5));
#3224 = SURFACE_CURVE('',#3225,(#3229,#3236),.PCURVE_S1.);
#3225 = LINE('',#3226,#3227);
#3226 = CARTESIAN_POINT('',(94.000099,-45.,67.5));
#3227 = VECTOR('',#3228,1.);
#3228 = DIRECTION('',(0.,0.,-1.));
#3229 = PCURVE('',#1059,#3230);
#3230 = DEFINITIONAL_REPRESENTATION('',(#3231),#3235);
#3231 = LINE('',#3232,#3233);
#3232 = CARTESIAN_POINT('',(0.,0.));
#3233 = VECTOR('',#3234,1.);
#3234 = DIRECTION('',(1.,0.));
#3235 = ( GEOMETRIC_REPRESENTATION_CONTEXT(2) 
PARAMETRIC_REPRESENTATION_CONTEXT() REPRESENTATION_CONTEXT('2D SPACE',''
  ) );
#3236 = PCURVE('',#1309,#3237);
#3237 = DEFINITIONAL_REPRESENTATION('',(#3238),#3242);
#3238 = LINE('',#3239,#3240);
#3239 = CARTESIAN_POINT('',(67.5,13.));
#3240 = VECTOR('',#3241,1.);
#3241 = DIRECTION('',(-1.,0.));
#3242 = ( GEOMETRIC_REPRESENTATION_CONTEXT(2) 
PARAMETRIC_REPRESENTATION_CONTEXT() REPRESENTATION_CONTEXT('2D SPACE',''
  ) );
#3243 = ORIENTED_EDGE('',*,*,#2870,.T.);
#3244 = ORIENTED_EDGE('',*,*,#1043,.T.);
#3245 = ORIENTED_EDGE('',*,*,#3246,.F.);
#3246 = EDGE_CURVE('',#3222,#1044,#3247,.T.);
#3247 = SURFACE_CURVE('',#3248,(#3252,#3258),.PCURVE_S1.);
#3248 = LINE('',#3249,#3250);
#3249 = CARTESIAN_POINT('',(109.00009910704,-45.,42.5));
#3250 = VECTOR('',#3251,1.);
#3251 = DIRECTION('',(1.,0.,-0.));
#3252 = PCURVE('',#1059,#3253);
#3253 = DEFINITIONAL_REPRESENTATION('',(#3254),#3257);
#3254 = B_SPLINE_CURVE_WITH_KNOTS('',1,(#3255,#3256),.UNSPECIFIED.,.F.,
  .F.,(2,2),(-15.00000010704,14.999999892956),.PIECEWISE_BEZIER_KNOTS.);
#3255 = CARTESIAN_POINT('',(25.,0.));
#3256 = CARTESIAN_POINT('',(25.,-30.));
#3257 = ( GEOMETRIC_REPRESENTATION_CONTEXT(2) 
PARAMETRIC_REPRESENTATION_CONTEXT() REPRESENTATION_CONTEXT('2D SPACE',''
  ) );
#3258 = PCURVE('',#2933,#3259);
#3259 = DEFINITIONAL_REPRESENTATION('',(#3260),#3263);
#3260 = B_SPLINE_CURVE_WITH_KNOTS('',1,(#3261,#3262),.UNSPECIFIED.,.F.,
  .F.,(2,2),(-15.00000010704,14.999999892956),.PIECEWISE_BEZIER_KNOTS.);
#3261 = CARTESIAN_POINT('',(30.000000214088,-0.125));
#3262 = CARTESIAN_POINT('',(2.140882742196E-07,-0.125));
#3263 = ( GEOMETRIC_REPRESENTATION_CONTEXT(2) 
PARAMETRIC_REPRESENTATION_CONTEXT() REPRESENTATION_CONTEXT('2D SPACE',''
  ) );
#3264 = ADVANCED_FACE('',(#3265),#1309,.F.);
#3265 = FACE_BOUND('',#3266,.F.);
#3266 = EDGE_LOOP('',(#3267,#3268,#3269,#3270,#3291,#3311));
#3267 = ORIENTED_EDGE('',*,*,#1291,.T.);
#3268 = ORIENTED_EDGE('',*,*,#2893,.T.);
#3269 = ORIENTED_EDGE('',*,*,#3221,.T.);
#3270 = ORIENTED_EDGE('',*,*,#3271,.F.);
#3271 = EDGE_CURVE('',#3272,#3222,#3274,.T.);
#3272 = VERTEX_POINT('',#3273);
#3273 = CARTESIAN_POINT('',(94.000099,-42.5,42.499999995132));
#3274 = SURFACE_CURVE('',#3275,(#3279,#3285),.PCURVE_S1.);
#3275 = LINE('',#3276,#3277);
#3276 = CARTESIAN_POINT('',(94.000099,-38.56249995862,42.499999987465));
#3277 = VECTOR('',#3278,1.);
#3278 = DIRECTION('',(0.,-1.,1.947191918607E-09));
#3279 = PCURVE('',#1309,#3280);
#3280 = DEFINITIONAL_REPRESENTATION('',(#3281),#3284);
#3281 = B_SPLINE_CURVE_WITH_KNOTS('',1,(#3282,#3283),.UNSPECIFIED.,.F.,
  .F.,(2,2),(3.937500041382,6.437500041378),.PIECEWISE_BEZIER_KNOTS.);
#3282 = CARTESIAN_POINT('',(42.499999995132,10.500000000004));
#3283 = CARTESIAN_POINT('',(42.5,13.));
#3284 = ( GEOMETRIC_REPRESENTATION_CONTEXT(2) 
PARAMETRIC_REPRESENTATION_CONTEXT() REPRESENTATION_CONTEXT('2D SPACE',''
  ) );
#3285 = PCURVE('',#2933,#3286);
#3286 = DEFINITIONAL_REPRESENTATION('',(#3287),#3290);
#3287 = B_SPLINE_CURVE_WITH_KNOTS('',1,(#3288,#3289),.UNSPECIFIED.,.F.,
  .F.,(2,2),(3.937500041382,6.437500041378),.PIECEWISE_BEZIER_KNOTS.);
#3288 = CARTESIAN_POINT('',(30.000000214088,-2.624999999996));
#3289 = CARTESIAN_POINT('',(30.000000214088,-0.125));
#3290 = ( GEOMETRIC_REPRESENTATION_CONTEXT(2) 
PARAMETRIC_REPRESENTATION_CONTEXT() REPRESENTATION_CONTEXT('2D SPACE',''
  ) );
#3291 = ORIENTED_EDGE('',*,*,#3292,.T.);
#3292 = EDGE_CURVE('',#3272,#1458,#3293,.T.);
#3293 = SURFACE_CURVE('',#3294,(#3298,#3304),.PCURVE_S1.);
#3294 = LINE('',#3295,#3296);
#3295 = CARTESIAN_POINT('',(94.000099,-42.5,-2.433989898255E-09));
#3296 = VECTOR('',#3297,1.);
#3297 = DIRECTION('',(0.,0.,-1.));
#3298 = PCURVE('',#1309,#3299);
#3299 = DEFINITIONAL_REPRESENTATION('',(#3300),#3303);
#3300 = B_SPLINE_CURVE_WITH_KNOTS('',1,(#3301,#3302),.UNSPECIFIED.,.F.,
  .F.,(2,2),(-42.49999999756,42.500000002434),.PIECEWISE_BEZIER_KNOTS.);
#3301 = CARTESIAN_POINT('',(42.499999995132,10.500000000004));
#3302 = CARTESIAN_POINT('',(-42.50000000486,10.500000000004));
#3303 = ( GEOMETRIC_REPRESENTATION_CONTEXT(2) 
PARAMETRIC_REPRESENTATION_CONTEXT() REPRESENTATION_CONTEXT('2D SPACE',''
  ) );
#3304 = PCURVE('',#2988,#3305);
#3305 = DEFINITIONAL_REPRESENTATION('',(#3306),#3310);
#3306 = LINE('',#3307,#3308);
#3307 = CARTESIAN_POINT('',(-2.433989898255E-09,-14.9999957189));
#3308 = VECTOR('',#3309,1.);
#3309 = DIRECTION('',(1.,0.));
#3310 = ( GEOMETRIC_REPRESENTATION_CONTEXT(2) 
PARAMETRIC_REPRESENTATION_CONTEXT() REPRESENTATION_CONTEXT('2D SPACE',''
  ) );
#3311 = ORIENTED_EDGE('',*,*,#1489,.F.);
#3312 = ADVANCED_FACE('',(#3313),#1594,.T.);
#3313 = FACE_BOUND('',#3314,.T.);
#3314 = EDGE_LOOP('',(#3315,#3336,#3337));
#3315 = ORIENTED_EDGE('',*,*,#3316,.F.);
#3316 = EDGE_CURVE('',#1781,#1544,#3317,.T.);
#3317 = SURFACE_CURVE('',#3318,(#3322,#3329),.PCURVE_S1.);
#3318 = LINE('',#3319,#3320);
#3319 = CARTESIAN_POINT('',(94.000099,-8.978975000008E-02,42.5));
#3320 = VECTOR('',#3321,1.);
#3321 = DIRECTION('',(0.,0.,-1.));
#3322 = PCURVE('',#1594,#3323);
#3323 = DEFINITIONAL_REPRESENTATION('',(#3324),#3328);
#3324 = LINE('',#3325,#3326);
#3325 = CARTESIAN_POINT('',(0.,0.));
#3326 = VECTOR('',#3327,1.);
#3327 = DIRECTION('',(1.,0.));
#3328 = ( GEOMETRIC_REPRESENTATION_CONTEXT(2) 
PARAMETRIC_REPRESENTATION_CONTEXT() REPRESENTATION_CONTEXT('2D SPACE',''
  ) );
#3329 = PCURVE('',#1563,#3330);
#3330 = DEFINITIONAL_REPRESENTATION('',(#3331),#3335);
#3331 = LINE('',#3332,#3333);
#3332 = CARTESIAN_POINT('',(-42.5,-9.3204205));
#3333 = VECTOR('',#3334,1.);
#3334 = DIRECTION('',(1.,0.));
#3335 = ( GEOMETRIC_REPRESENTATION_CONTEXT(2) 
PARAMETRIC_REPRESENTATION_CONTEXT() REPRESENTATION_CONTEXT('2D SPACE',''
  ) );
#3336 = ORIENTED_EDGE('',*,*,#1808,.T.);
#3337 = ORIENTED_EDGE('',*,*,#1575,.F.);
#3338 = ADVANCED_FACE('',(#3339),#1563,.T.);
#3339 = FACE_BOUND('',#3340,.T.);
#3340 = EDGE_LOOP('',(#3341,#3342,#3343,#3344));
#3341 = ORIENTED_EDGE('',*,*,#1633,.T.);
#3342 = ORIENTED_EDGE('',*,*,#1780,.T.);
#3343 = ORIENTED_EDGE('',*,*,#3316,.T.);
#3344 = ORIENTED_EDGE('',*,*,#1543,.F.);
#3345 = ADVANCED_FACE('',(#3346),#1477,.F.);
#3346 = FACE_BOUND('',#3347,.F.);
#3347 = EDGE_LOOP('',(#3348,#3349));
#3348 = ORIENTED_EDGE('',*,*,#1457,.T.);
#3349 = ORIENTED_EDGE('',*,*,#3350,.T.);
#3350 = EDGE_CURVE('',#1458,#1424,#3351,.T.);
#3351 = SURFACE_CURVE('',#3352,(#3356,#3363),.PCURVE_S1.);
#3352 = LINE('',#3353,#3354);
#3353 = CARTESIAN_POINT('',(94.000094718902,-42.5,42.499999995132));
#3354 = VECTOR('',#3355,1.);
#3355 = DIRECTION('',(0.,0.,-1.));
#3356 = PCURVE('',#1477,#3357);
#3357 = DEFINITIONAL_REPRESENTATION('',(#3358),#3362);
#3358 = LINE('',#3359,#3360);
#3359 = CARTESIAN_POINT('',(5.111381540246E-09,-2.625));
#3360 = VECTOR('',#3361,1.);
#3361 = DIRECTION('',(1.,0.));
#3362 = ( GEOMETRIC_REPRESENTATION_CONTEXT(2) 
PARAMETRIC_REPRESENTATION_CONTEXT() REPRESENTATION_CONTEXT('2D SPACE',''
  ) );
#3363 = PCURVE('',#2988,#3364);
#3364 = DEFINITIONAL_REPRESENTATION('',(#3365),#3369);
#3365 = LINE('',#3366,#3367);
#3366 = CARTESIAN_POINT('',(-42.5,-15.));
#3367 = VECTOR('',#3368,1.);
#3368 = DIRECTION('',(1.,0.));
#3369 = ( GEOMETRIC_REPRESENTATION_CONTEXT(2) 
PARAMETRIC_REPRESENTATION_CONTEXT() REPRESENTATION_CONTEXT('2D SPACE',''
  ) );
#3370 = ADVANCED_FACE('',(#3371),#1445,.F.);
#3371 = FACE_BOUND('',#3372,.F.);
#3372 = EDGE_LOOP('',(#3373,#3374,#3375,#3403,#3422,#3423,#3445,#3464));
#3373 = ORIENTED_EDGE('',*,*,#3150,.T.);
#3374 = ORIENTED_EDGE('',*,*,#3025,.T.);
#3375 = ORIENTED_EDGE('',*,*,#3376,.F.);
#3376 = EDGE_CURVE('',#3377,#3028,#3379,.T.);
#3377 = VERTEX_POINT('',#3378);
#3378 = CARTESIAN_POINT('',(94.000099,-36.11043895715,-18.38061170931));
#3379 = SURFACE_CURVE('',#3380,(#3385,#3392),.PCURVE_S1.);
#3380 = ELLIPSE('',#3381,40.502394146114,40.502367962352);
#3381 = AXIS2_PLACEMENT_3D('',#3382,#3383,#3384);
#3382 = CARTESIAN_POINT('',(94.000099,-5.939844825767E-03,
    -2.557445538281E-02));
#3383 = DIRECTION('',(1.,0.,0.));
#3384 = DIRECTION('',(0.,-1.506010648011E-03,-0.999998865965));
#3385 = PCURVE('',#1445,#3386);
#3386 = DEFINITIONAL_REPRESENTATION('',(#3387),#3391);
#3387 = ELLIPSE('',#3388,40.502394146114,40.502367962352);
#3388 = AXIS2_PLACEMENT_2D('',#3389,#3390);
#3389 = CARTESIAN_POINT('',(-2.557445538281E-02,-31.99406015517));
#3390 = DIRECTION('',(-0.999998865965,1.506010648011E-03));
#3391 = ( GEOMETRIC_REPRESENTATION_CONTEXT(2) 
PARAMETRIC_REPRESENTATION_CONTEXT() REPRESENTATION_CONTEXT('2D SPACE',''
  ) );
#3392 = PCURVE('',#3107,#3393);
#3393 = DEFINITIONAL_REPRESENTATION('',(#3394),#3402);
#3394 = B_SPLINE_CURVE_WITH_KNOTS('',6,(#3395,#3396,#3397,#3398,#3399,
    #3400,#3401),.UNSPECIFIED.,.F.,.F.,(7,7),(4.5659989324,
    5.867966278548),.PIECEWISE_BEZIER_KNOTS.);
#3395 = CARTESIAN_POINT('',(1.718692385024,0.354857979759));
#3396 = CARTESIAN_POINT('',(1.501697827332,0.364744647745));
#3397 = CARTESIAN_POINT('',(1.284703269641,0.37501060326));
#3398 = CARTESIAN_POINT('',(1.067708711949,0.384820093192));
#3399 = CARTESIAN_POINT('',(0.850714154258,0.393273446534));
#3400 = CARTESIAN_POINT('',(0.633719596567,0.399685610761));
#3401 = CARTESIAN_POINT('',(0.416725038875,0.403716915734));
#3402 = ( GEOMETRIC_REPRESENTATION_CONTEXT(2) 
PARAMETRIC_REPRESENTATION_CONTEXT() REPRESENTATION_CONTEXT('2D SPACE',''
  ) );
#3403 = ORIENTED_EDGE('',*,*,#3404,.F.);
#3404 = EDGE_CURVE('',#1395,#3377,#3405,.T.);
#3405 = SURFACE_CURVE('',#3406,(#3410,#3416),.PCURVE_S1.);
#3406 = LINE('',#3407,#3408);
#3407 = CARTESIAN_POINT('',(94.000099,-16.0306776354,-18.41085207796));
#3408 = VECTOR('',#3409,1.);
#3409 = DIRECTION('',(0.,0.999998865965,-1.506010648011E-03));
#3410 = PCURVE('',#1445,#3411);
#3411 = DEFINITIONAL_REPRESENTATION('',(#3412),#3415);
#3412 = B_SPLINE_CURVE_WITH_KNOTS('',1,(#3413,#3414),.UNSPECIFIED.,.F.,
  .F.,(2,2),(-26.47525477294,-2.969325731917),.PIECEWISE_BEZIER_KNOTS.);
#3413 = CARTESIAN_POINT('',(-18.37098006236,10.505902384494));
#3414 = CARTESIAN_POINT('',(-18.40638024179,-13.));
#3415 = ( GEOMETRIC_REPRESENTATION_CONTEXT(2) 
PARAMETRIC_REPRESENTATION_CONTEXT() REPRESENTATION_CONTEXT('2D SPACE',''
  ) );
#3416 = PCURVE('',#1411,#3417);
#3417 = DEFINITIONAL_REPRESENTATION('',(#3418),#3421);
#3418 = B_SPLINE_CURVE_WITH_KNOTS('',1,(#3419,#3420),.UNSPECIFIED.,.F.,
  .F.,(2,2),(-26.47525477294,-2.969325731917),.PIECEWISE_BEZIER_KNOTS.);
#3419 = CARTESIAN_POINT('',(-18.34539374717,42.499962503884));
#3420 = CARTESIAN_POINT('',(-18.38079390371,18.994060119355));
#3421 = ( GEOMETRIC_REPRESENTATION_CONTEXT(2) 
PARAMETRIC_REPRESENTATION_CONTEXT() REPRESENTATION_CONTEXT('2D SPACE',''
  ) );
#3422 = ORIENTED_EDGE('',*,*,#1423,.F.);
#3423 = ORIENTED_EDGE('',*,*,#3424,.T.);
#3424 = EDGE_CURVE('',#1424,#3425,#3427,.T.);
#3425 = VERTEX_POINT('',#3426);
#3426 = CARTESIAN_POINT('',(94.000099,-42.5,-42.50000000486));
#3427 = SURFACE_CURVE('',#3428,(#3432,#3438),.PCURVE_S1.);
#3428 = LINE('',#3429,#3430);
#3429 = CARTESIAN_POINT('',(94.000099,-42.5,-2.433989898255E-09));
#3430 = VECTOR('',#3431,1.);
#3431 = DIRECTION('',(0.,0.,-1.));
#3432 = PCURVE('',#1445,#3433);
#3433 = DEFINITIONAL_REPRESENTATION('',(#3434),#3437);
#3434 = B_SPLINE_CURVE_WITH_KNOTS('',1,(#3435,#3436),.UNSPECIFIED.,.F.,
  .F.,(2,2),(-42.49999999756,42.500000002434),.PIECEWISE_BEZIER_KNOTS.);
#3435 = CARTESIAN_POINT('',(42.499999995132,10.500000000004));
#3436 = CARTESIAN_POINT('',(-42.50000000486,10.500000000004));
#3437 = ( GEOMETRIC_REPRESENTATION_CONTEXT(2) 
PARAMETRIC_REPRESENTATION_CONTEXT() REPRESENTATION_CONTEXT('2D SPACE',''
  ) );
#3438 = PCURVE('',#2988,#3439);
#3439 = DEFINITIONAL_REPRESENTATION('',(#3440),#3444);
#3440 = LINE('',#3441,#3442);
#3441 = CARTESIAN_POINT('',(-2.433989898255E-09,-14.9999957189));
#3442 = VECTOR('',#3443,1.);
#3443 = DIRECTION('',(1.,0.));
#3444 = ( GEOMETRIC_REPRESENTATION_CONTEXT(2) 
PARAMETRIC_REPRESENTATION_CONTEXT() REPRESENTATION_CONTEXT('2D SPACE',''
  ) );
#3445 = ORIENTED_EDGE('',*,*,#3446,.F.);
#3446 = EDGE_CURVE('',#3175,#3425,#3447,.T.);
#3447 = SURFACE_CURVE('',#3448,(#3452,#3458),.PCURVE_S1.);
#3448 = LINE('',#3449,#3450);
#3449 = CARTESIAN_POINT('',(94.000099,-38.56250004137,-42.50000001253));
#3450 = VECTOR('',#3451,1.);
#3451 = DIRECTION('',(0.,1.,-1.947191918607E-09));
#3452 = PCURVE('',#1445,#3453);
#3453 = DEFINITIONAL_REPRESENTATION('',(#3454),#3457);
#3454 = B_SPLINE_CURVE_WITH_KNOTS('',1,(#3455,#3456),.UNSPECIFIED.,.F.,
  .F.,(2,2),(-6.437499958622,-3.937499958626),.PIECEWISE_BEZIER_KNOTS.);
#3455 = CARTESIAN_POINT('',(-42.5,13.));
#3456 = CARTESIAN_POINT('',(-42.50000000486,10.500000000004));
#3457 = ( GEOMETRIC_REPRESENTATION_CONTEXT(2) 
PARAMETRIC_REPRESENTATION_CONTEXT() REPRESENTATION_CONTEXT('2D SPACE',''
  ) );
#3458 = PCURVE('',#2962,#3459);
#3459 = DEFINITIONAL_REPRESENTATION('',(#3460),#3463);
#3460 = B_SPLINE_CURVE_WITH_KNOTS('',1,(#3461,#3462),.UNSPECIFIED.,.F.,
  .F.,(2,2),(-6.437499958622,-3.937499958626),.PIECEWISE_BEZIER_KNOTS.);
#3461 = CARTESIAN_POINT('',(-2.140882742196E-07,-0.125));
#3462 = CARTESIAN_POINT('',(-2.140882742196E-07,-2.624999999996));
#3463 = ( GEOMETRIC_REPRESENTATION_CONTEXT(2) 
PARAMETRIC_REPRESENTATION_CONTEXT() REPRESENTATION_CONTEXT('2D SPACE',''
  ) );
#3464 = ORIENTED_EDGE('',*,*,#3174,.T.);
#3465 = ADVANCED_FACE('',(#3466),#1411,.F.);
#3466 = FACE_BOUND('',#3467,.F.);
#3467 = EDGE_LOOP('',(#3468,#3469,#3497,#3525,#3551,#3570,#3571));
#3468 = ORIENTED_EDGE('',*,*,#3404,.T.);
#3469 = ORIENTED_EDGE('',*,*,#3470,.T.);
#3470 = EDGE_CURVE('',#3377,#3471,#3473,.T.);
#3471 = VERTEX_POINT('',#3472);
#3472 = CARTESIAN_POINT('',(94.025220420363,-5.939880672414E-03,
    -40.52794003641));
#3473 = SURFACE_CURVE('',#3474,(#3479,#3490),.PCURVE_S1.);
#3474 = CIRCLE('',#3475,40.502367962352);
#3475 = AXIS2_PLACEMENT_3D('',#3476,#3477,#3478);
#3476 = CARTESIAN_POINT('',(93.979166084205,-5.939880672424E-03,
    -2.559825774826E-02));
#3477 = DIRECTION('',(-0.999999353526,-1.712452944955E-06,
    -1.13707761976E-03));
#3478 = DIRECTION('',(1.137077619762E-03,0.,-0.999999353527));
#3479 = PCURVE('',#1411,#3480);
#3480 = DEFINITIONAL_REPRESENTATION('',(#3481),#3489);
#3481 = ( BOUNDED_CURVE() B_SPLINE_CURVE(2,(#3482,#3483,#3484,#3485,
#3486,#3487,#3488),.UNSPECIFIED.,.T.,.F.) B_SPLINE_CURVE_WITH_KNOTS((1,2
    ,2,2,2,1),(-2.094395102393,0.,2.094395102393,4.188790204786,
6.28318530718,8.377580409573),.UNSPECIFIED.) CURVE() 
GEOMETRIC_REPRESENTATION_ITEM() RATIONAL_B_SPLINE_CURVE((1.,0.5,1.,0.5,
1.,0.5,1.)) REPRESENTATION_ITEM('') );
#3482 = CARTESIAN_POINT('',(-40.50236796235,8.673449595776E-19));
#3483 = CARTESIAN_POINT('',(-40.50236796235,70.152159137643));
#3484 = CARTESIAN_POINT('',(20.251183981176,35.076079568822));
#3485 = CARTESIAN_POINT('',(81.004735924704,9.92108645181E-15));
#3486 = CARTESIAN_POINT('',(20.251183981176,-35.07607956882));
#3487 = CARTESIAN_POINT('',(-40.50236796235,-70.15215913764));
#3488 = CARTESIAN_POINT('',(-40.50236796235,8.673449595776E-19));
#3489 = ( GEOMETRIC_REPRESENTATION_CONTEXT(2) 
PARAMETRIC_REPRESENTATION_CONTEXT() REPRESENTATION_CONTEXT('2D SPACE',''
  ) );
#3490 = PCURVE('',#3107,#3491);
#3491 = DEFINITIONAL_REPRESENTATION('',(#3492),#3496);
#3492 = LINE('',#3493,#3494);
#3493 = CARTESIAN_POINT('',(0.,0.382508763457));
#3494 = VECTOR('',#3495,1.);
#3495 = DIRECTION('',(1.,0.));
#3496 = ( GEOMETRIC_REPRESENTATION_CONTEXT(2) 
PARAMETRIC_REPRESENTATION_CONTEXT() REPRESENTATION_CONTEXT('2D SPACE',''
  ) );
#3497 = ORIENTED_EDGE('',*,*,#3498,.T.);
#3498 = EDGE_CURVE('',#3471,#3499,#3501,.T.);
#3499 = VERTEX_POINT('',#3500);
#3500 = CARTESIAN_POINT('',(94.025220465259,-8.978975000008E-02,
    -40.52785324128));
#3501 = SURFACE_CURVE('',#3502,(#3507,#3518),.PCURVE_S1.);
#3502 = CIRCLE('',#3503,40.502367962352);
#3503 = AXIS2_PLACEMENT_3D('',#3504,#3505,#3506);
#3504 = CARTESIAN_POINT('',(93.979166084205,-5.939880672424E-03,
    -2.559825774826E-02));
#3505 = DIRECTION('',(-0.999999353526,-1.712452944955E-06,
    -1.13707761976E-03));
#3506 = DIRECTION('',(1.137077619762E-03,0.,-0.999999353527));
#3507 = PCURVE('',#1411,#3508);
#3508 = DEFINITIONAL_REPRESENTATION('',(#3509),#3517);
#3509 = ( BOUNDED_CURVE() B_SPLINE_CURVE(2,(#3510,#3511,#3512,#3513,
#3514,#3515,#3516),.UNSPECIFIED.,.T.,.F.) B_SPLINE_CURVE_WITH_KNOTS((1,2
    ,2,2,2,1),(-2.094395102393,0.,2.094395102393,4.188790204786,
6.28318530718,8.377580409573),.UNSPECIFIED.) CURVE() 
GEOMETRIC_REPRESENTATION_ITEM() RATIONAL_B_SPLINE_CURVE((1.,0.5,1.,0.5,
1.,0.5,1.)) REPRESENTATION_ITEM('') );
#3510 = CARTESIAN_POINT('',(-40.50236796235,8.673449595776E-19));
#3511 = CARTESIAN_POINT('',(-40.50236796235,70.152159137643));
#3512 = CARTESIAN_POINT('',(20.251183981176,35.076079568822));
#3513 = CARTESIAN_POINT('',(81.004735924704,9.92108645181E-15));
#3514 = CARTESIAN_POINT('',(20.251183981176,-35.07607956882));
#3515 = CARTESIAN_POINT('',(-40.50236796235,-70.15215913764));
#3516 = CARTESIAN_POINT('',(-40.50236796235,8.673449595776E-19));
#3517 = ( GEOMETRIC_REPRESENTATION_CONTEXT(2) 
PARAMETRIC_REPRESENTATION_CONTEXT() REPRESENTATION_CONTEXT('2D SPACE',''
  ) );
#3518 = PCURVE('',#3107,#3519);
#3519 = DEFINITIONAL_REPRESENTATION('',(#3520),#3524);
#3520 = LINE('',#3521,#3522);
#3521 = CARTESIAN_POINT('',(0.,0.382508763457));
#3522 = VECTOR('',#3523,1.);
#3523 = DIRECTION('',(1.,0.));
#3524 = ( GEOMETRIC_REPRESENTATION_CONTEXT(2) 
PARAMETRIC_REPRESENTATION_CONTEXT() REPRESENTATION_CONTEXT('2D SPACE',''
  ) );
#3525 = ORIENTED_EDGE('',*,*,#3526,.F.);
#3526 = EDGE_CURVE('',#3527,#3499,#3529,.T.);
#3527 = VERTEX_POINT('',#3528);
#3528 = CARTESIAN_POINT('',(94.027462950651,-8.978975000008E-02,-42.5));
#3529 = SURFACE_CURVE('',#3530,(#3534,#3540),.PCURVE_S1.);
#3530 = LINE('',#3531,#3532);
#3531 = CARTESIAN_POINT('',(93.954988803934,-8.978975000008E-02,
    21.237161478481));
#3532 = VECTOR('',#3533,1.);
#3533 = DIRECTION('',(-1.137077619762E-03,-0.,0.999999353527));
#3534 = PCURVE('',#1411,#3535);
#3535 = DEFINITIONAL_REPRESENTATION('',(#3536),#3539);
#3536 = B_SPLINE_CURVE_WITH_KNOTS('',1,(#3537,#3538),.UNSPECIFIED.,.F.,
  .F.,(2,2),(-63.73720268286,-39.67204637757),.PIECEWISE_BEZIER_KNOTS.);
#3537 = CARTESIAN_POINT('',(-42.47442920098,8.384986932778E-02));
#3538 = CARTESIAN_POINT('',(-18.4092728957,8.384986932778E-02));
#3539 = ( GEOMETRIC_REPRESENTATION_CONTEXT(2) 
PARAMETRIC_REPRESENTATION_CONTEXT() REPRESENTATION_CONTEXT('2D SPACE',''
  ) );
#3540 = PCURVE('',#3541,#3546);
#3541 = PLANE('',#3542);
#3542 = AXIS2_PLACEMENT_3D('',#3543,#3544,#3545);
#3543 = CARTESIAN_POINT('',(94.000099,-8.978975000008E-02,42.5));
#3544 = DIRECTION('',(-0.,1.,0.));
#3545 = DIRECTION('',(0.,0.,-1.));
#3546 = DEFINITIONAL_REPRESENTATION('',(#3547),#3550);
#3547 = B_SPLINE_CURVE_WITH_KNOTS('',1,(#3548,#3549),.UNSPECIFIED.,.F.,
  .F.,(2,2),(-63.73720268286,-39.67204637757),.PIECEWISE_BEZIER_KNOTS.);
#3548 = CARTESIAN_POINT('',(85.,-2.736395065082E-02));
#3549 = CARTESIAN_POINT('',(60.934859252188,-6.938893903907E-18));
#3550 = ( GEOMETRIC_REPRESENTATION_CONTEXT(2) 
PARAMETRIC_REPRESENTATION_CONTEXT() REPRESENTATION_CONTEXT('2D SPACE',''
  ) );
#3551 = ORIENTED_EDGE('',*,*,#3552,.F.);
#3552 = EDGE_CURVE('',#1983,#3527,#3553,.T.);
#3553 = SURFACE_CURVE('',#3554,(#3558,#3564),.PCURVE_S1.);
#3554 = LINE('',#3555,#3556);
#3555 = CARTESIAN_POINT('',(94.027462878856,-4.786475055354E-02,-42.5));
#3556 = VECTOR('',#3557,1.);
#3557 = DIRECTION('',(-1.71245405201E-06,0.999999999999,0.));
#3558 = PCURVE('',#1411,#3559);
#3559 = DEFINITIONAL_REPRESENTATION('',(#3560),#3563);
#3560 = B_SPLINE_CURVE_WITH_KNOTS('',1,(#3561,#3562),.UNSPECIFIED.,.F.,
  .F.,(2,2),(-18.68276599947,-4.19249994466E-02),
  .PIECEWISE_BEZIER_KNOTS.);
#3561 = CARTESIAN_POINT('',(-42.47442923728,18.724690869355));
#3562 = CARTESIAN_POINT('',(-42.47442920098,8.384986932778E-02));
#3563 = ( GEOMETRIC_REPRESENTATION_CONTEXT(2) 
PARAMETRIC_REPRESENTATION_CONTEXT() REPRESENTATION_CONTEXT('2D SPACE',''
  ) );
#3564 = PCURVE('',#2002,#3565);
#3565 = DEFINITIONAL_REPRESENTATION('',(#3566),#3569);
#3566 = B_SPLINE_CURVE_WITH_KNOTS('',1,(#3567,#3568),.UNSPECIFIED.,.F.,
  .F.,(2,2),(-18.68276599947,-4.19249994466E-02),
  .PIECEWISE_BEZIER_KNOTS.);
#3567 = CARTESIAN_POINT('',(18.640841,-2.73958722345E-02));
#3568 = CARTESIAN_POINT('',(0.,-2.73639506508E-02));
#3569 = ( GEOMETRIC_REPRESENTATION_CONTEXT(2) 
PARAMETRIC_REPRESENTATION_CONTEXT() REPRESENTATION_CONTEXT('2D SPACE',''
  ) );
#3570 = ORIENTED_EDGE('',*,*,#2014,.T.);
#3571 = ORIENTED_EDGE('',*,*,#1394,.T.);
#3572 = ADVANCED_FACE('',(#3573),#2002,.T.);
#3573 = FACE_BOUND('',#3574,.T.);
#3574 = EDGE_LOOP('',(#3575,#3605,#3626,#3627,#3628,#3651,#3674));
#3575 = ORIENTED_EDGE('',*,*,#3576,.F.);
#3576 = EDGE_CURVE('',#3577,#3579,#3581,.T.);
#3577 = VERTEX_POINT('',#3578);
#3578 = CARTESIAN_POINT('',(94.000099,-8.978975000008E-02,-42.5));
#3579 = VERTEX_POINT('',#3580);
#3580 = CARTESIAN_POINT('',(94.000099,-18.73063075,-42.5));
#3581 = SURFACE_CURVE('',#3582,(#3586,#3593),.PCURVE_S1.);
#3582 = LINE('',#3583,#3584);
#3583 = CARTESIAN_POINT('',(94.000099,-8.978975000008E-02,-42.5));
#3584 = VECTOR('',#3585,1.);
#3585 = DIRECTION('',(0.,-1.,0.));
#3586 = PCURVE('',#2002,#3587);
#3587 = DEFINITIONAL_REPRESENTATION('',(#3588),#3592);
#3588 = LINE('',#3589,#3590);
#3589 = CARTESIAN_POINT('',(0.,-0.));
#3590 = VECTOR('',#3591,1.);
#3591 = DIRECTION('',(1.,0.));
#3592 = ( GEOMETRIC_REPRESENTATION_CONTEXT(2) 
PARAMETRIC_REPRESENTATION_CONTEXT() REPRESENTATION_CONTEXT('2D SPACE',''
  ) );
#3593 = PCURVE('',#3594,#3599);
#3594 = PLANE('',#3595);
#3595 = AXIS2_PLACEMENT_3D('',#3596,#3597,#3598);
#3596 = CARTESIAN_POINT('',(94.000099,-9.41021025,0.));
#3597 = DIRECTION('',(-1.,-0.,-0.));
#3598 = DIRECTION('',(0.,0.,-1.));
#3599 = DEFINITIONAL_REPRESENTATION('',(#3600),#3604);
#3600 = LINE('',#3601,#3602);
#3601 = CARTESIAN_POINT('',(42.5,-9.3204205));
#3602 = VECTOR('',#3603,1.);
#3603 = DIRECTION('',(0.,1.));
#3604 = ( GEOMETRIC_REPRESENTATION_CONTEXT(2) 
PARAMETRIC_REPRESENTATION_CONTEXT() REPRESENTATION_CONTEXT('2D SPACE',''
  ) );
#3605 = ORIENTED_EDGE('',*,*,#3606,.T.);
#3606 = EDGE_CURVE('',#3577,#3527,#3607,.T.);
#3607 = SURFACE_CURVE('',#3608,(#3612,#3619),.PCURVE_S1.);
#3608 = LINE('',#3609,#3610);
#3609 = CARTESIAN_POINT('',(94.000099,-8.978975000008E-02,-42.5));
#3610 = VECTOR('',#3611,1.);
#3611 = DIRECTION('',(1.,0.,0.));
#3612 = PCURVE('',#2002,#3613);
#3613 = DEFINITIONAL_REPRESENTATION('',(#3614),#3618);
#3614 = LINE('',#3615,#3616);
#3615 = CARTESIAN_POINT('',(0.,-0.));
#3616 = VECTOR('',#3617,1.);
#3617 = DIRECTION('',(0.,-1.));
#3618 = ( GEOMETRIC_REPRESENTATION_CONTEXT(2) 
PARAMETRIC_REPRESENTATION_CONTEXT() REPRESENTATION_CONTEXT('2D SPACE',''
  ) );
#3619 = PCURVE('',#3541,#3620);
#3620 = DEFINITIONAL_REPRESENTATION('',(#3621),#3625);
#3621 = LINE('',#3622,#3623);
#3622 = CARTESIAN_POINT('',(85.,0.));
#3623 = VECTOR('',#3624,1.);
#3624 = DIRECTION('',(0.,-1.));
#3625 = ( GEOMETRIC_REPRESENTATION_CONTEXT(2) 
PARAMETRIC_REPRESENTATION_CONTEXT() REPRESENTATION_CONTEXT('2D SPACE',''
  ) );
#3626 = ORIENTED_EDGE('',*,*,#3552,.F.);
#3627 = ORIENTED_EDGE('',*,*,#1982,.F.);
#3628 = ORIENTED_EDGE('',*,*,#3629,.T.);
#3629 = EDGE_CURVE('',#1953,#3630,#3632,.T.);
#3630 = VERTEX_POINT('',#3631);
#3631 = CARTESIAN_POINT('',(124.000099,-8.978975000008E-02,-42.5));
#3632 = SURFACE_CURVE('',#3633,(#3637,#3644),.PCURVE_S1.);
#3633 = LINE('',#3634,#3635);
#3634 = CARTESIAN_POINT('',(94.000099,-8.978975000008E-02,-42.5));
#3635 = VECTOR('',#3636,1.);
#3636 = DIRECTION('',(1.,0.,0.));
#3637 = PCURVE('',#2002,#3638);
#3638 = DEFINITIONAL_REPRESENTATION('',(#3639),#3643);
#3639 = LINE('',#3640,#3641);
#3640 = CARTESIAN_POINT('',(0.,-0.));
#3641 = VECTOR('',#3642,1.);
#3642 = DIRECTION('',(0.,-1.));
#3643 = ( GEOMETRIC_REPRESENTATION_CONTEXT(2) 
PARAMETRIC_REPRESENTATION_CONTEXT() REPRESENTATION_CONTEXT('2D SPACE',''
  ) );
#3644 = PCURVE('',#1971,#3645);
#3645 = DEFINITIONAL_REPRESENTATION('',(#3646),#3650);
#3646 = LINE('',#3647,#3648);
#3647 = CARTESIAN_POINT('',(85.,0.));
#3648 = VECTOR('',#3649,1.);
#3649 = DIRECTION('',(0.,-1.));
#3650 = ( GEOMETRIC_REPRESENTATION_CONTEXT(2) 
PARAMETRIC_REPRESENTATION_CONTEXT() REPRESENTATION_CONTEXT('2D SPACE',''
  ) );
#3651 = ORIENTED_EDGE('',*,*,#3652,.T.);
#3652 = EDGE_CURVE('',#3630,#3653,#3655,.T.);
#3653 = VERTEX_POINT('',#3654);
#3654 = CARTESIAN_POINT('',(124.000099,-18.73063075,-42.5));
#3655 = SURFACE_CURVE('',#3656,(#3660,#3667),.PCURVE_S1.);
#3656 = LINE('',#3657,#3658);
#3657 = CARTESIAN_POINT('',(124.000099,-8.978975000008E-02,-42.5));
#3658 = VECTOR('',#3659,1.);
#3659 = DIRECTION('',(0.,-1.,0.));
#3660 = PCURVE('',#2002,#3661);
#3661 = DEFINITIONAL_REPRESENTATION('',(#3662),#3666);
#3662 = LINE('',#3663,#3664);
#3663 = CARTESIAN_POINT('',(0.,-30.));
#3664 = VECTOR('',#3665,1.);
#3665 = DIRECTION('',(1.,0.));
#3666 = ( GEOMETRIC_REPRESENTATION_CONTEXT(2) 
PARAMETRIC_REPRESENTATION_CONTEXT() REPRESENTATION_CONTEXT('2D SPACE',''
  ) );
#3667 = PCURVE('',#1940,#3668);
#3668 = DEFINITIONAL_REPRESENTATION('',(#3669),#3673);
#3669 = LINE('',#3670,#3671);
#3670 = CARTESIAN_POINT('',(42.5,-9.3204205));
#3671 = VECTOR('',#3672,1.);
#3672 = DIRECTION('',(0.,1.));
#3673 = ( GEOMETRIC_REPRESENTATION_CONTEXT(2) 
PARAMETRIC_REPRESENTATION_CONTEXT() REPRESENTATION_CONTEXT('2D SPACE',''
  ) );
#3674 = ORIENTED_EDGE('',*,*,#3675,.F.);
#3675 = EDGE_CURVE('',#3579,#3653,#3676,.T.);
#3676 = SURFACE_CURVE('',#3677,(#3681,#3688),.PCURVE_S1.);
#3677 = LINE('',#3678,#3679);
#3678 = CARTESIAN_POINT('',(94.000099,-18.73063075,-42.5));
#3679 = VECTOR('',#3680,1.);
#3680 = DIRECTION('',(1.,0.,0.));
#3681 = PCURVE('',#2002,#3682);
#3682 = DEFINITIONAL_REPRESENTATION('',(#3683),#3687);
#3683 = LINE('',#3684,#3685);
#3684 = CARTESIAN_POINT('',(18.640841,0.));
#3685 = VECTOR('',#3686,1.);
#3686 = DIRECTION('',(0.,-1.));
#3687 = ( GEOMETRIC_REPRESENTATION_CONTEXT(2) 
PARAMETRIC_REPRESENTATION_CONTEXT() REPRESENTATION_CONTEXT('2D SPACE',''
  ) );
#3688 = PCURVE('',#1909,#3689);
#3689 = DEFINITIONAL_REPRESENTATION('',(#3690),#3694);
#3690 = LINE('',#3691,#3692);
#3691 = CARTESIAN_POINT('',(0.,0.));
#3692 = VECTOR('',#3693,1.);
#3693 = DIRECTION('',(0.,-1.));
#3694 = ( GEOMETRIC_REPRESENTATION_CONTEXT(2) 
PARAMETRIC_REPRESENTATION_CONTEXT() REPRESENTATION_CONTEXT('2D SPACE',''
  ) );
#3695 = ADVANCED_FACE('',(#3696),#1971,.T.);
#3696 = FACE_BOUND('',#3697,.T.);
#3697 = EDGE_LOOP('',(#3698,#3699,#3720));
#3698 = ORIENTED_EDGE('',*,*,#1952,.T.);
#3699 = ORIENTED_EDGE('',*,*,#3700,.T.);
#3700 = EDGE_CURVE('',#1921,#3630,#3701,.T.);
#3701 = SURFACE_CURVE('',#3702,(#3706,#3713),.PCURVE_S1.);
#3702 = LINE('',#3703,#3704);
#3703 = CARTESIAN_POINT('',(124.000099,-8.978975000008E-02,42.5));
#3704 = VECTOR('',#3705,1.);
#3705 = DIRECTION('',(0.,0.,-1.));
#3706 = PCURVE('',#1971,#3707);
#3707 = DEFINITIONAL_REPRESENTATION('',(#3708),#3712);
#3708 = LINE('',#3709,#3710);
#3709 = CARTESIAN_POINT('',(0.,-30.));
#3710 = VECTOR('',#3711,1.);
#3711 = DIRECTION('',(1.,0.));
#3712 = ( GEOMETRIC_REPRESENTATION_CONTEXT(2) 
PARAMETRIC_REPRESENTATION_CONTEXT() REPRESENTATION_CONTEXT('2D SPACE',''
  ) );
#3713 = PCURVE('',#1940,#3714);
#3714 = DEFINITIONAL_REPRESENTATION('',(#3715),#3719);
#3715 = LINE('',#3716,#3717);
#3716 = CARTESIAN_POINT('',(-42.5,-9.3204205));
#3717 = VECTOR('',#3718,1.);
#3718 = DIRECTION('',(1.,0.));
#3719 = ( GEOMETRIC_REPRESENTATION_CONTEXT(2) 
PARAMETRIC_REPRESENTATION_CONTEXT() REPRESENTATION_CONTEXT('2D SPACE',''
  ) );
#3720 = ORIENTED_EDGE('',*,*,#3629,.F.);
#3721 = ADVANCED_FACE('',(#3722),#1940,.F.);
#3722 = FACE_BOUND('',#3723,.F.);
#3723 = EDGE_LOOP('',(#3724,#3745,#3746,#3747));
#3724 = ORIENTED_EDGE('',*,*,#3725,.T.);
#3725 = EDGE_CURVE('',#3653,#1891,#3726,.T.);
#3726 = SURFACE_CURVE('',#3727,(#3731,#3738),.PCURVE_S1.);
#3727 = LINE('',#3728,#3729);
#3728 = CARTESIAN_POINT('',(124.000099,-18.73063075,-42.5));
#3729 = VECTOR('',#3730,1.);
#3730 = DIRECTION('',(0.,0.,1.));
#3731 = PCURVE('',#1940,#3732);
#3732 = DEFINITIONAL_REPRESENTATION('',(#3733),#3737);
#3733 = LINE('',#3734,#3735);
#3734 = CARTESIAN_POINT('',(42.5,9.3204205));
#3735 = VECTOR('',#3736,1.);
#3736 = DIRECTION('',(-1.,0.));
#3737 = ( GEOMETRIC_REPRESENTATION_CONTEXT(2) 
PARAMETRIC_REPRESENTATION_CONTEXT() REPRESENTATION_CONTEXT('2D SPACE',''
  ) );
#3738 = PCURVE('',#1909,#3739);
#3739 = DEFINITIONAL_REPRESENTATION('',(#3740),#3744);
#3740 = LINE('',#3741,#3742);
#3741 = CARTESIAN_POINT('',(0.,-30.));
#3742 = VECTOR('',#3743,1.);
#3743 = DIRECTION('',(1.,0.));
#3744 = ( GEOMETRIC_REPRESENTATION_CONTEXT(2) 
PARAMETRIC_REPRESENTATION_CONTEXT() REPRESENTATION_CONTEXT('2D SPACE',''
  ) );
#3745 = ORIENTED_EDGE('',*,*,#1920,.F.);
#3746 = ORIENTED_EDGE('',*,*,#3700,.T.);
#3747 = ORIENTED_EDGE('',*,*,#3652,.T.);
#3748 = ADVANCED_FACE('',(#3749),#1909,.T.);
#3749 = FACE_BOUND('',#3750,.T.);
#3750 = EDGE_LOOP('',(#3751,#3774,#3775,#3776,#3777,#3798));
#3751 = ORIENTED_EDGE('',*,*,#3752,.F.);
#3752 = EDGE_CURVE('',#3579,#3753,#3755,.T.);
#3753 = VERTEX_POINT('',#3754);
#3754 = CARTESIAN_POINT('',(94.000099,-18.73063075,-35.93976985723));
#3755 = SURFACE_CURVE('',#3756,(#3760,#3767),.PCURVE_S1.);
#3756 = LINE('',#3757,#3758);
#3757 = CARTESIAN_POINT('',(94.000099,-18.73063075,-42.5));
#3758 = VECTOR('',#3759,1.);
#3759 = DIRECTION('',(0.,0.,1.));
#3760 = PCURVE('',#1909,#3761);
#3761 = DEFINITIONAL_REPRESENTATION('',(#3762),#3766);
#3762 = LINE('',#3763,#3764);
#3763 = CARTESIAN_POINT('',(0.,0.));
#3764 = VECTOR('',#3765,1.);
#3765 = DIRECTION('',(1.,0.));
#3766 = ( GEOMETRIC_REPRESENTATION_CONTEXT(2) 
PARAMETRIC_REPRESENTATION_CONTEXT() REPRESENTATION_CONTEXT('2D SPACE',''
  ) );
#3767 = PCURVE('',#3594,#3768);
#3768 = DEFINITIONAL_REPRESENTATION('',(#3769),#3773);
#3769 = LINE('',#3770,#3771);
#3770 = CARTESIAN_POINT('',(42.5,9.3204205));
#3771 = VECTOR('',#3772,1.);
#3772 = DIRECTION('',(-1.,0.));
#3773 = ( GEOMETRIC_REPRESENTATION_CONTEXT(2) 
PARAMETRIC_REPRESENTATION_CONTEXT() REPRESENTATION_CONTEXT('2D SPACE',''
  ) );
#3774 = ORIENTED_EDGE('',*,*,#3675,.T.);
#3775 = ORIENTED_EDGE('',*,*,#3725,.T.);
#3776 = ORIENTED_EDGE('',*,*,#1890,.F.);
#3777 = ORIENTED_EDGE('',*,*,#3778,.F.);
#3778 = EDGE_CURVE('',#3779,#1862,#3781,.T.);
#3779 = VERTEX_POINT('',#3780);
#3780 = CARTESIAN_POINT('',(94.020035350739,-18.73063075,-35.93974717024
    ));
#3781 = SURFACE_CURVE('',#3782,(#3786,#3792),.PCURVE_S1.);
#3782 = LINE('',#3783,#3784);
#3783 = CARTESIAN_POINT('',(94.003346493075,-18.73063075,-21.26278353503
    ));
#3784 = VECTOR('',#3785,1.);
#3785 = DIRECTION('',(1.137077619762E-03,0.,-0.999999353527));
#3786 = PCURVE('',#1909,#3787);
#3787 = DEFINITIONAL_REPRESENTATION('',(#3788),#3791);
#3788 = B_SPLINE_CURVE_WITH_KNOTS('',1,(#3789,#3790),.UNSPECIFIED.,.F.,
  .F.,(2,2),(-2.855999466035,21.237230194258),.PIECEWISE_BEZIER_KNOTS.);
#3789 = CARTESIAN_POINT('',(24.093214084671,-8.673617379884E-19));
#3790 = CARTESIAN_POINT('',(-3.552713678801E-15,-2.739587223451E-02));
#3791 = ( GEOMETRIC_REPRESENTATION_CONTEXT(2) 
PARAMETRIC_REPRESENTATION_CONTEXT() REPRESENTATION_CONTEXT('2D SPACE',''
  ) );
#3792 = PCURVE('',#1878,#3793);
#3793 = DEFINITIONAL_REPRESENTATION('',(#3794),#3797);
#3794 = B_SPLINE_CURVE_WITH_KNOTS('',1,(#3795,#3796),.UNSPECIFIED.,.F.,
  .F.,(2,2),(-2.855999466035,21.237230194258),.PIECEWISE_BEZIER_KNOTS.);
#3795 = CARTESIAN_POINT('',(-18.38119957699,18.724690869355));
#3796 = CARTESIAN_POINT('',(-42.47442923728,18.724690869355));
#3797 = ( GEOMETRIC_REPRESENTATION_CONTEXT(2) 
PARAMETRIC_REPRESENTATION_CONTEXT() REPRESENTATION_CONTEXT('2D SPACE',''
  ) );
#3798 = ORIENTED_EDGE('',*,*,#3799,.T.);
#3799 = EDGE_CURVE('',#3779,#3753,#3800,.T.);
#3800 = SURFACE_CURVE('',#3801,(#3805,#3811),.PCURVE_S1.);
#3801 = LINE('',#3802,#3803);
#3802 = CARTESIAN_POINT('',(94.402511801395,-18.73063075,-35.93931192299
    ));
#3803 = VECTOR('',#3804,1.);
#3804 = DIRECTION('',(-0.999999352511,0.,-1.137970441294E-03));
#3805 = PCURVE('',#1909,#3806);
#3806 = DEFINITIONAL_REPRESENTATION('',(#3807),#3810);
#3807 = B_SPLINE_CURVE_WITH_KNOTS('',1,(#3808,#3809),.UNSPECIFIED.,.F.,
  .F.,(2,2),(-2.032465153146E-03,2.725115224576),
  .PIECEWISE_BEZIER_KNOTS.);
#3808 = CARTESIAN_POINT('',(6.560690389887,-0.404445265232));
#3809 = CARTESIAN_POINT('',(6.557586976427,2.3227006587));
#3810 = ( GEOMETRIC_REPRESENTATION_CONTEXT(2) 
PARAMETRIC_REPRESENTATION_CONTEXT() REPRESENTATION_CONTEXT('2D SPACE',''
  ) );
#3811 = PCURVE('',#3107,#3812);
#3812 = DEFINITIONAL_REPRESENTATION('',(#3813),#3820);
#3813 = B_SPLINE_CURVE_WITH_KNOTS('',5,(#3814,#3815,#3816,#3817,#3818,
    #3819),.UNSPECIFIED.,.F.,.F.,(6,6),(-2.032465153146E-03,
    2.725115224576),.PIECEWISE_BEZIER_KNOTS.);
#3814 = CARTESIAN_POINT('',(0.480599709689,-2.000400000014E-03));
#3815 = CARTESIAN_POINT('',(0.480599683682,0.543429137945));
#3816 = CARTESIAN_POINT('',(0.480599657675,1.08885867589));
#3817 = CARTESIAN_POINT('',(0.480599631668,1.634288213835));
#3818 = CARTESIAN_POINT('',(0.480599605661,2.179717751779));
#3819 = CARTESIAN_POINT('',(0.480599579654,2.725147289724));
#3820 = ( GEOMETRIC_REPRESENTATION_CONTEXT(2) 
PARAMETRIC_REPRESENTATION_CONTEXT() REPRESENTATION_CONTEXT('2D SPACE',''
  ) );
#3821 = ADVANCED_FACE('',(#3822),#1878,.F.);
#3822 = FACE_BOUND('',#3823,.F.);
#3823 = EDGE_LOOP('',(#3824,#3850,#3851,#3852));
#3824 = ORIENTED_EDGE('',*,*,#3825,.T.);
#3825 = EDGE_CURVE('',#3779,#3074,#3826,.T.);
#3826 = SURFACE_CURVE('',#3827,(#3832,#3843),.PCURVE_S1.);
#3827 = CIRCLE('',#3828,40.502367962352);
#3828 = AXIS2_PLACEMENT_3D('',#3829,#3830,#3831);
#3829 = CARTESIAN_POINT('',(93.979166084205,-5.939880672424E-03,
    -2.559825774826E-02));
#3830 = DIRECTION('',(-0.999999353526,-1.712452944955E-06,
    -1.13707761976E-03));
#3831 = DIRECTION('',(1.137077619762E-03,0.,-0.999999353527));
#3832 = PCURVE('',#1878,#3833);
#3833 = DEFINITIONAL_REPRESENTATION('',(#3834),#3842);
#3834 = ( BOUNDED_CURVE() B_SPLINE_CURVE(2,(#3835,#3836,#3837,#3838,
#3839,#3840,#3841),.UNSPECIFIED.,.T.,.F.) B_SPLINE_CURVE_WITH_KNOTS((1,2
    ,2,2,2,1),(-2.094395102393,0.,2.094395102393,4.188790204786,
6.28318530718,8.377580409573),.UNSPECIFIED.) CURVE() 
GEOMETRIC_REPRESENTATION_ITEM() RATIONAL_B_SPLINE_CURVE((1.,0.5,1.,0.5,
1.,0.5,1.)) REPRESENTATION_ITEM('') );
#3835 = CARTESIAN_POINT('',(-40.50236796235,8.673449595776E-19));
#3836 = CARTESIAN_POINT('',(-40.50236796235,70.152159137643));
#3837 = CARTESIAN_POINT('',(20.251183981176,35.076079568822));
#3838 = CARTESIAN_POINT('',(81.004735924704,9.92108645181E-15));
#3839 = CARTESIAN_POINT('',(20.251183981176,-35.07607956882));
#3840 = CARTESIAN_POINT('',(-40.50236796235,-70.15215913764));
#3841 = CARTESIAN_POINT('',(-40.50236796235,8.673449595776E-19));
#3842 = ( GEOMETRIC_REPRESENTATION_CONTEXT(2) 
PARAMETRIC_REPRESENTATION_CONTEXT() REPRESENTATION_CONTEXT('2D SPACE',''
  ) );
#3843 = PCURVE('',#3107,#3844);
#3844 = DEFINITIONAL_REPRESENTATION('',(#3845),#3849);
#3845 = LINE('',#3846,#3847);
#3846 = CARTESIAN_POINT('',(0.,0.382508763457));
#3847 = VECTOR('',#3848,1.);
#3848 = DIRECTION('',(1.,0.));
#3849 = ( GEOMETRIC_REPRESENTATION_CONTEXT(2) 
PARAMETRIC_REPRESENTATION_CONTEXT() REPRESENTATION_CONTEXT('2D SPACE',''
  ) );
#3850 = ORIENTED_EDGE('',*,*,#3073,.T.);
#3851 = ORIENTED_EDGE('',*,*,#1861,.T.);
#3852 = ORIENTED_EDGE('',*,*,#3778,.F.);
#3853 = ADVANCED_FACE('',(#3854),#2060,.T.);
#3854 = FACE_BOUND('',#3855,.T.);
#3855 = EDGE_LOOP('',(#3856,#3857,#3880,#3907));
#3856 = ORIENTED_EDGE('',*,*,#2043,.F.);
#3857 = ORIENTED_EDGE('',*,*,#3858,.F.);
#3858 = EDGE_CURVE('',#3859,#2044,#3861,.T.);
#3859 = VERTEX_POINT('',#3860);
#3860 = CARTESIAN_POINT('',(282.84597587165,-5.61653380978E-03,
    -40.31587720268));
#3861 = SEAM_CURVE('',#3862,(#3866,#3873),.PCURVE_S1.);
#3862 = LINE('',#3863,#3864);
#3863 = CARTESIAN_POINT('',(283.40428357907,-5.615577733484E-03,
    -40.31524236308));
#3864 = VECTOR('',#3865,1.);
#3865 = DIRECTION('',(-0.999999353526,-1.712452944955E-06,
    -1.13707761976E-03));
#3866 = PCURVE('',#2060,#3867);
#3867 = DEFINITIONAL_REPRESENTATION('',(#3868),#3872);
#3868 = LINE('',#3869,#3870);
#3869 = CARTESIAN_POINT('',(6.28318530718,-0.));
#3870 = VECTOR('',#3871,1.);
#3871 = DIRECTION('',(0.,1.));
#3872 = ( GEOMETRIC_REPRESENTATION_CONTEXT(2) 
PARAMETRIC_REPRESENTATION_CONTEXT() REPRESENTATION_CONTEXT('2D SPACE',''
  ) );
#3873 = PCURVE('',#2060,#3874);
#3874 = DEFINITIONAL_REPRESENTATION('',(#3875),#3879);
#3875 = LINE('',#3876,#3877);
#3876 = CARTESIAN_POINT('',(0.,-0.));
#3877 = VECTOR('',#3878,1.);
#3878 = DIRECTION('',(0.,1.));
#3879 = ( GEOMETRIC_REPRESENTATION_CONTEXT(2) 
PARAMETRIC_REPRESENTATION_CONTEXT() REPRESENTATION_CONTEXT('2D SPACE',''
  ) );
#3880 = ORIENTED_EDGE('',*,*,#3881,.T.);
#3881 = EDGE_CURVE('',#3859,#3859,#3882,.T.);
#3882 = SURFACE_CURVE('',#3883,(#3888,#3895),.PCURVE_S1.);
#3883 = CIRCLE('',#3884,40.50500912089);
#3884 = AXIS2_PLACEMENT_3D('',#3885,#3886,#3887);
#3885 = CARTESIAN_POINT('',(282.79991853229,-5.61653380979E-03,
    0.189105732807));
#3886 = DIRECTION('',(-0.999999353526,-1.712452944955E-06,
    -1.13707761976E-03));
#3887 = DIRECTION('',(1.137077619762E-03,0.,-0.999999353527));
#3888 = PCURVE('',#2060,#3889);
#3889 = DEFINITIONAL_REPRESENTATION('',(#3890),#3894);
#3890 = LINE('',#3891,#3892);
#3891 = CARTESIAN_POINT('',(0.,0.558308068355));
#3892 = VECTOR('',#3893,1.);
#3893 = DIRECTION('',(1.,0.));
#3894 = ( GEOMETRIC_REPRESENTATION_CONTEXT(2) 
PARAMETRIC_REPRESENTATION_CONTEXT() REPRESENTATION_CONTEXT('2D SPACE',''
  ) );
#3895 = PCURVE('',#3896,#3901);
#3896 = PLANE('',#3897);
#3897 = AXIS2_PLACEMENT_3D('',#3898,#3899,#3900);
#3898 = CARTESIAN_POINT('',(282.79991853229,-5.61653380979E-03,
    0.189105732807));
#3899 = DIRECTION('',(-0.999999353526,-1.712452944955E-06,
    -1.13707761976E-03));
#3900 = DIRECTION('',(1.137077619762E-03,0.,-0.999999353527));
#3901 = DEFINITIONAL_REPRESENTATION('',(#3902),#3906);
#3902 = CIRCLE('',#3903,40.50500912089);
#3903 = AXIS2_PLACEMENT_2D('',#3904,#3905);
#3904 = CARTESIAN_POINT('',(0.,-8.673617379871E-19));
#3905 = DIRECTION('',(1.,-4.135903062765E-25));
#3906 = ( GEOMETRIC_REPRESENTATION_CONTEXT(2) 
PARAMETRIC_REPRESENTATION_CONTEXT() REPRESENTATION_CONTEXT('2D SPACE',''
  ) );
#3907 = ORIENTED_EDGE('',*,*,#3858,.T.);
#3908 = ADVANCED_FACE('',(#3909),#2137,.T.);
#3909 = FACE_BOUND('',#3910,.T.);
#3910 = EDGE_LOOP('',(#3911,#3912,#3913,#3914));
#3911 = ORIENTED_EDGE('',*,*,#2177,.T.);
#3912 = ORIENTED_EDGE('',*,*,#2227,.T.);
#3913 = ORIENTED_EDGE('',*,*,#2252,.F.);
#3914 = ORIENTED_EDGE('',*,*,#2123,.F.);
#3915 = ADVANCED_FACE('',(#3916),#2469,.T.);
#3916 = FACE_BOUND('',#3917,.T.);
#3917 = EDGE_LOOP('',(#3918,#3919,#3920,#3941));
#3918 = ORIENTED_EDGE('',*,*,#2455,.T.);
#3919 = ORIENTED_EDGE('',*,*,#2646,.T.);
#3920 = ORIENTED_EDGE('',*,*,#3921,.F.);
#3921 = EDGE_CURVE('',#2485,#2647,#3922,.T.);
#3922 = SURFACE_CURVE('',#3923,(#3927,#3934),.PCURVE_S1.);
#3923 = LINE('',#3924,#3925);
#3924 = CARTESIAN_POINT('',(281.000092,-45.,67.5));
#3925 = VECTOR('',#3926,1.);
#3926 = DIRECTION('',(-1.,-0.,-0.));
#3927 = PCURVE('',#2469,#3928);
#3928 = DEFINITIONAL_REPRESENTATION('',(#3929),#3933);
#3929 = LINE('',#3930,#3931);
#3930 = CARTESIAN_POINT('',(26.,0.));
#3931 = VECTOR('',#3932,1.);
#3932 = DIRECTION('',(0.,-1.));
#3933 = ( GEOMETRIC_REPRESENTATION_CONTEXT(2) 
PARAMETRIC_REPRESENTATION_CONTEXT() REPRESENTATION_CONTEXT('2D SPACE',''
  ) );
#3934 = PCURVE('',#2523,#3935);
#3935 = DEFINITIONAL_REPRESENTATION('',(#3936),#3940);
#3936 = LINE('',#3937,#3938);
#3937 = CARTESIAN_POINT('',(0.,0.));
#3938 = VECTOR('',#3939,1.);
#3939 = DIRECTION('',(0.,-1.));
#3940 = ( GEOMETRIC_REPRESENTATION_CONTEXT(2) 
PARAMETRIC_REPRESENTATION_CONTEXT() REPRESENTATION_CONTEXT('2D SPACE',''
  ) );
#3941 = ORIENTED_EDGE('',*,*,#2484,.F.);
#3942 = ADVANCED_FACE('',(#3943),#2607,.T.);
#3943 = FACE_BOUND('',#3944,.T.);
#3944 = EDGE_LOOP('',(#3945,#3966,#3967,#3968));
#3945 = ORIENTED_EDGE('',*,*,#3946,.T.);
#3946 = EDGE_CURVE('',#2564,#2771,#3947,.T.);
#3947 = SURFACE_CURVE('',#3948,(#3952,#3959),.PCURVE_S1.);
#3948 = LINE('',#3949,#3950);
#3949 = CARTESIAN_POINT('',(281.000092,-45.,-67.5));
#3950 = VECTOR('',#3951,1.);
#3951 = DIRECTION('',(-1.,-0.,-0.));
#3952 = PCURVE('',#2607,#3953);
#3953 = DEFINITIONAL_REPRESENTATION('',(#3954),#3958);
#3954 = LINE('',#3955,#3956);
#3955 = CARTESIAN_POINT('',(0.,0.));
#3956 = VECTOR('',#3957,1.);
#3957 = DIRECTION('',(0.,-1.));
#3958 = ( GEOMETRIC_REPRESENTATION_CONTEXT(2) 
PARAMETRIC_REPRESENTATION_CONTEXT() REPRESENTATION_CONTEXT('2D SPACE',''
  ) );
#3959 = PCURVE('',#2579,#3960);
#3960 = DEFINITIONAL_REPRESENTATION('',(#3961),#3965);
#3961 = LINE('',#3962,#3963);
#3962 = CARTESIAN_POINT('',(135.,0.));
#3963 = VECTOR('',#3964,1.);
#3964 = DIRECTION('',(0.,-1.));
#3965 = ( GEOMETRIC_REPRESENTATION_CONTEXT(2) 
PARAMETRIC_REPRESENTATION_CONTEXT() REPRESENTATION_CONTEXT('2D SPACE',''
  ) );
#3966 = ORIENTED_EDGE('',*,*,#2793,.T.);
#3967 = ORIENTED_EDGE('',*,*,#2842,.F.);
#3968 = ORIENTED_EDGE('',*,*,#2591,.F.);
#3969 = ADVANCED_FACE('',(#3970),#2579,.T.);
#3970 = FACE_BOUND('',#3971,.T.);
#3971 = EDGE_LOOP('',(#3972,#3973,#3992,#3993));
#3972 = ORIENTED_EDGE('',*,*,#2563,.F.);
#3973 = ORIENTED_EDGE('',*,*,#3974,.F.);
#3974 = EDGE_CURVE('',#2745,#2536,#3975,.T.);
#3975 = SURFACE_CURVE('',#3976,(#3980,#3986),.PCURVE_S1.);
#3976 = LINE('',#3977,#3978);
#3977 = CARTESIAN_POINT('',(266.00009960704,-45.,-42.5));
#3978 = VECTOR('',#3979,1.);
#3979 = DIRECTION('',(1.,0.,0.));
#3980 = PCURVE('',#2579,#3981);
#3981 = DEFINITIONAL_REPRESENTATION('',(#3982),#3985);
#3982 = B_SPLINE_CURVE_WITH_KNOTS('',1,(#3983,#3984),.UNSPECIFIED.,.F.,
  .F.,(2,2),(-14.99999260704,14.999992392957),.PIECEWISE_BEZIER_KNOTS.);
#3983 = CARTESIAN_POINT('',(110.,-29.999985));
#3984 = CARTESIAN_POINT('',(110.,0.));
#3985 = ( GEOMETRIC_REPRESENTATION_CONTEXT(2) 
PARAMETRIC_REPRESENTATION_CONTEXT() REPRESENTATION_CONTEXT('2D SPACE',''
  ) );
#3986 = PCURVE('',#2759,#3987);
#3987 = DEFINITIONAL_REPRESENTATION('',(#3988),#3991);
#3988 = B_SPLINE_CURVE_WITH_KNOTS('',1,(#3989,#3990),.UNSPECIFIED.,.F.,
  .F.,(2,2),(-14.99999260704,14.999992392957),.PIECEWISE_BEZIER_KNOTS.);
#3989 = CARTESIAN_POINT('',(-2.140867252365E-07,-0.125));
#3990 = CARTESIAN_POINT('',(29.999984785913,-0.125));
#3991 = ( GEOMETRIC_REPRESENTATION_CONTEXT(2) 
PARAMETRIC_REPRESENTATION_CONTEXT() REPRESENTATION_CONTEXT('2D SPACE',''
  ) );
#3992 = ORIENTED_EDGE('',*,*,#2770,.T.);
#3993 = ORIENTED_EDGE('',*,*,#3946,.F.);
#3994 = ADVANCED_FACE('',(#3995),#2551,.F.);
#3995 = FACE_BOUND('',#3996,.F.);
#3996 = EDGE_LOOP('',(#3997,#3998,#4021,#4044));
#3997 = ORIENTED_EDGE('',*,*,#2535,.T.);
#3998 = ORIENTED_EDGE('',*,*,#3999,.T.);
#3999 = EDGE_CURVE('',#2536,#4000,#4002,.T.);
#4000 = VERTEX_POINT('',#4001);
#4001 = CARTESIAN_POINT('',(281.0000877189,-42.5,-42.50000000486));
#4002 = SURFACE_CURVE('',#4003,(#4007,#4014),.PCURVE_S1.);
#4003 = LINE('',#4004,#4005);
#4004 = CARTESIAN_POINT('',(281.00009221408,-45.125,-42.49999999975));
#4005 = VECTOR('',#4006,1.);
#4006 = DIRECTION('',(-1.7124518379E-06,0.999999999999,
    -1.947191918604E-09));
#4007 = PCURVE('',#2551,#4008);
#4008 = DEFINITIONAL_REPRESENTATION('',(#4009),#4013);
#4009 = LINE('',#4010,#4011);
#4010 = CARTESIAN_POINT('',(0.,0.));
#4011 = VECTOR('',#4012,1.);
#4012 = DIRECTION('',(-1.947191918604E-09,-1.));
#4013 = ( GEOMETRIC_REPRESENTATION_CONTEXT(2) 
PARAMETRIC_REPRESENTATION_CONTEXT() REPRESENTATION_CONTEXT('2D SPACE',''
  ) );
#4014 = PCURVE('',#2759,#4015);
#4015 = DEFINITIONAL_REPRESENTATION('',(#4016),#4020);
#4016 = LINE('',#4017,#4018);
#4017 = CARTESIAN_POINT('',(29.999985,0.));
#4018 = VECTOR('',#4019,1.);
#4019 = DIRECTION('',(-1.7124518379E-06,-0.999999999999));
#4020 = ( GEOMETRIC_REPRESENTATION_CONTEXT(2) 
PARAMETRIC_REPRESENTATION_CONTEXT() REPRESENTATION_CONTEXT('2D SPACE',''
  ) );
#4021 = ORIENTED_EDGE('',*,*,#4022,.T.);
#4022 = EDGE_CURVE('',#4000,#4023,#4025,.T.);
#4023 = VERTEX_POINT('',#4024);
#4024 = CARTESIAN_POINT('',(281.0000877189,-42.5,42.499999995132));
#4025 = SURFACE_CURVE('',#4026,(#4030,#4037),.PCURVE_S1.);
#4026 = LINE('',#4027,#4028);
#4027 = CARTESIAN_POINT('',(281.0000877189,-42.5,-42.50000000486));
#4028 = VECTOR('',#4029,1.);
#4029 = DIRECTION('',(0.,0.,1.));
#4030 = PCURVE('',#2551,#4031);
#4031 = DEFINITIONAL_REPRESENTATION('',(#4032),#4036);
#4032 = LINE('',#4033,#4034);
#4033 = CARTESIAN_POINT('',(-5.111381540246E-09,-2.625));
#4034 = VECTOR('',#4035,1.);
#4035 = DIRECTION('',(1.,0.));
#4036 = ( GEOMETRIC_REPRESENTATION_CONTEXT(2) 
PARAMETRIC_REPRESENTATION_CONTEXT() REPRESENTATION_CONTEXT('2D SPACE',''
  ) );
#4037 = PCURVE('',#2733,#4038);
#4038 = DEFINITIONAL_REPRESENTATION('',(#4039),#4043);
#4039 = LINE('',#4040,#4041);
#4040 = CARTESIAN_POINT('',(42.5,14.9999925));
#4041 = VECTOR('',#4042,1.);
#4042 = DIRECTION('',(-1.,0.));
#4043 = ( GEOMETRIC_REPRESENTATION_CONTEXT(2) 
PARAMETRIC_REPRESENTATION_CONTEXT() REPRESENTATION_CONTEXT('2D SPACE',''
  ) );
#4044 = ORIENTED_EDGE('',*,*,#4045,.F.);
#4045 = EDGE_CURVE('',#2508,#4023,#4046,.T.);
#4046 = SURFACE_CURVE('',#4047,(#4051,#4058),.PCURVE_S1.);
#4047 = LINE('',#4048,#4049);
#4048 = CARTESIAN_POINT('',(281.00009221408,-45.125,42.500000000243));
#4049 = VECTOR('',#4050,1.);
#4050 = DIRECTION('',(-1.7124518379E-06,0.999999999999,
    -1.947191918604E-09));
#4051 = PCURVE('',#2551,#4052);
#4052 = DEFINITIONAL_REPRESENTATION('',(#4053),#4057);
#4053 = LINE('',#4054,#4055);
#4054 = CARTESIAN_POINT('',(85.,0.));
#4055 = VECTOR('',#4056,1.);
#4056 = DIRECTION('',(-1.947191918604E-09,-1.));
#4057 = ( GEOMETRIC_REPRESENTATION_CONTEXT(2) 
PARAMETRIC_REPRESENTATION_CONTEXT() REPRESENTATION_CONTEXT('2D SPACE',''
  ) );
#4058 = PCURVE('',#2707,#4059);
#4059 = DEFINITIONAL_REPRESENTATION('',(#4060),#4064);
#4060 = LINE('',#4061,#4062);
#4061 = CARTESIAN_POINT('',(0.,0.));
#4062 = VECTOR('',#4063,1.);
#4063 = DIRECTION('',(1.7124518379E-06,-0.999999999999));
#4064 = ( GEOMETRIC_REPRESENTATION_CONTEXT(2) 
PARAMETRIC_REPRESENTATION_CONTEXT() REPRESENTATION_CONTEXT('2D SPACE',''
  ) );
#4065 = ADVANCED_FACE('',(#4066),#2523,.T.);
#4066 = FACE_BOUND('',#4067,.T.);
#4067 = EDGE_LOOP('',(#4068,#4069,#4070,#4071));
#4068 = ORIENTED_EDGE('',*,*,#2507,.F.);
#4069 = ORIENTED_EDGE('',*,*,#3921,.T.);
#4070 = ORIENTED_EDGE('',*,*,#2669,.T.);
#4071 = ORIENTED_EDGE('',*,*,#4072,.F.);
#4072 = EDGE_CURVE('',#2508,#2670,#4073,.T.);
#4073 = SURFACE_CURVE('',#4074,(#4078,#4084),.PCURVE_S1.);
#4074 = LINE('',#4075,#4076);
#4075 = CARTESIAN_POINT('',(281.00009210704,-45.,42.5));
#4076 = VECTOR('',#4077,1.);
#4077 = DIRECTION('',(-1.,0.,0.));
#4078 = PCURVE('',#2523,#4079);
#4079 = DEFINITIONAL_REPRESENTATION('',(#4080),#4083);
#4080 = B_SPLINE_CURVE_WITH_KNOTS('',1,(#4081,#4082),.UNSPECIFIED.,.F.,
  .F.,(2,2),(1.070433768291E-07,29.999985107043),
  .PIECEWISE_BEZIER_KNOTS.);
#4081 = CARTESIAN_POINT('',(25.,0.));
#4082 = CARTESIAN_POINT('',(25.,-29.999985));
#4083 = ( GEOMETRIC_REPRESENTATION_CONTEXT(2) 
PARAMETRIC_REPRESENTATION_CONTEXT() REPRESENTATION_CONTEXT('2D SPACE',''
  ) );
#4084 = PCURVE('',#2707,#4085);
#4085 = DEFINITIONAL_REPRESENTATION('',(#4086),#4089);
#4086 = B_SPLINE_CURVE_WITH_KNOTS('',1,(#4087,#4088),.UNSPECIFIED.,.F.,
  .F.,(2,2),(1.070433768291E-07,29.999985107043),
  .PIECEWISE_BEZIER_KNOTS.);
#4087 = CARTESIAN_POINT('',(2.140867536582E-07,-0.125));
#4088 = CARTESIAN_POINT('',(29.999985214087,-0.125));
#4089 = ( GEOMETRIC_REPRESENTATION_CONTEXT(2) 
PARAMETRIC_REPRESENTATION_CONTEXT() REPRESENTATION_CONTEXT('2D SPACE',''
  ) );
#4090 = ADVANCED_FACE('',(#4091),#2759,.F.);
#4091 = FACE_BOUND('',#4092,.F.);
#4092 = EDGE_LOOP('',(#4093,#4094,#4095,#4116));
#4093 = ORIENTED_EDGE('',*,*,#3974,.F.);
#4094 = ORIENTED_EDGE('',*,*,#2744,.T.);
#4095 = ORIENTED_EDGE('',*,*,#4096,.T.);
#4096 = EDGE_CURVE('',#2719,#4000,#4097,.T.);
#4097 = SURFACE_CURVE('',#4098,(#4102,#4109),.PCURVE_S1.);
#4098 = LINE('',#4099,#4100);
#4099 = CARTESIAN_POINT('',(251.0001027189,-42.5,-42.50000000486));
#4100 = VECTOR('',#4101,1.);
#4101 = DIRECTION('',(1.,0.,0.));
#4102 = PCURVE('',#2759,#4103);
#4103 = DEFINITIONAL_REPRESENTATION('',(#4104),#4108);
#4104 = LINE('',#4105,#4106);
#4105 = CARTESIAN_POINT('',(-4.495186074038E-06,-2.624999999996));
#4106 = VECTOR('',#4107,1.);
#4107 = DIRECTION('',(1.,0.));
#4108 = ( GEOMETRIC_REPRESENTATION_CONTEXT(2) 
PARAMETRIC_REPRESENTATION_CONTEXT() REPRESENTATION_CONTEXT('2D SPACE',''
  ) );
#4109 = PCURVE('',#2733,#4110);
#4110 = DEFINITIONAL_REPRESENTATION('',(#4111),#4115);
#4111 = LINE('',#4112,#4113);
#4112 = CARTESIAN_POINT('',(42.5,-14.9999925));
#4113 = VECTOR('',#4114,1.);
#4114 = DIRECTION('',(0.,1.));
#4115 = ( GEOMETRIC_REPRESENTATION_CONTEXT(2) 
PARAMETRIC_REPRESENTATION_CONTEXT() REPRESENTATION_CONTEXT('2D SPACE',''
  ) );
#4116 = ORIENTED_EDGE('',*,*,#3999,.F.);
#4117 = ADVANCED_FACE('',(#4118),#2733,.T.);
#4118 = FACE_BOUND('',#4119,.T.);
#4119 = EDGE_LOOP('',(#4120,#4121,#4122,#4123));
#4120 = ORIENTED_EDGE('',*,*,#2718,.T.);
#4121 = ORIENTED_EDGE('',*,*,#4096,.T.);
#4122 = ORIENTED_EDGE('',*,*,#4022,.T.);
#4123 = ORIENTED_EDGE('',*,*,#4124,.T.);
#4124 = EDGE_CURVE('',#4023,#2693,#4125,.T.);
#4125 = SURFACE_CURVE('',#4126,(#4130,#4137),.PCURVE_S1.);
#4126 = LINE('',#4127,#4128);
#4127 = CARTESIAN_POINT('',(281.0000877189,-42.5,42.499999995132));
#4128 = VECTOR('',#4129,1.);
#4129 = DIRECTION('',(-1.,0.,0.));
#4130 = PCURVE('',#2733,#4131);
#4131 = DEFINITIONAL_REPRESENTATION('',(#4132),#4136);
#4132 = LINE('',#4133,#4134);
#4133 = CARTESIAN_POINT('',(-42.5,14.9999925));
#4134 = VECTOR('',#4135,1.);
#4135 = DIRECTION('',(0.,-1.));
#4136 = ( GEOMETRIC_REPRESENTATION_CONTEXT(2) 
PARAMETRIC_REPRESENTATION_CONTEXT() REPRESENTATION_CONTEXT('2D SPACE',''
  ) );
#4137 = PCURVE('',#2707,#4138);
#4138 = DEFINITIONAL_REPRESENTATION('',(#4139),#4143);
#4139 = LINE('',#4140,#4141);
#4140 = CARTESIAN_POINT('',(4.495186074038E-06,-2.624999999996));
#4141 = VECTOR('',#4142,1.);
#4142 = DIRECTION('',(1.,0.));
#4143 = ( GEOMETRIC_REPRESENTATION_CONTEXT(2) 
PARAMETRIC_REPRESENTATION_CONTEXT() REPRESENTATION_CONTEXT('2D SPACE',''
  ) );
#4144 = ADVANCED_FACE('',(#4145),#2707,.F.);
#4145 = FACE_BOUND('',#4146,.F.);
#4146 = EDGE_LOOP('',(#4147,#4148,#4149,#4150));
#4147 = ORIENTED_EDGE('',*,*,#4072,.F.);
#4148 = ORIENTED_EDGE('',*,*,#4045,.T.);
#4149 = ORIENTED_EDGE('',*,*,#4124,.T.);
#4150 = ORIENTED_EDGE('',*,*,#2692,.T.);
#4151 = ADVANCED_FACE('',(#4152),#2933,.F.);
#4152 = FACE_BOUND('',#4153,.F.);
#4153 = EDGE_LOOP('',(#4154,#4155,#4156,#4177));
#4154 = ORIENTED_EDGE('',*,*,#3246,.T.);
#4155 = ORIENTED_EDGE('',*,*,#2917,.T.);
#4156 = ORIENTED_EDGE('',*,*,#4157,.T.);
#4157 = EDGE_CURVE('',#2918,#3272,#4158,.T.);
#4158 = SURFACE_CURVE('',#4159,(#4163,#4170),.PCURVE_S1.);
#4159 = LINE('',#4160,#4161);
#4160 = CARTESIAN_POINT('',(124.0000947189,-42.5,42.499999995132));
#4161 = VECTOR('',#4162,1.);
#4162 = DIRECTION('',(-1.,0.,0.));
#4163 = PCURVE('',#2933,#4164);
#4164 = DEFINITIONAL_REPRESENTATION('',(#4165),#4169);
#4165 = LINE('',#4166,#4167);
#4166 = CARTESIAN_POINT('',(4.495186074038E-06,-2.624999999996));
#4167 = VECTOR('',#4168,1.);
#4168 = DIRECTION('',(1.,0.));
#4169 = ( GEOMETRIC_REPRESENTATION_CONTEXT(2) 
PARAMETRIC_REPRESENTATION_CONTEXT() REPRESENTATION_CONTEXT('2D SPACE',''
  ) );
#4170 = PCURVE('',#2988,#4171);
#4171 = DEFINITIONAL_REPRESENTATION('',(#4172),#4176);
#4172 = LINE('',#4173,#4174);
#4173 = CARTESIAN_POINT('',(-42.5,15.));
#4174 = VECTOR('',#4175,1.);
#4175 = DIRECTION('',(0.,-1.));
#4176 = ( GEOMETRIC_REPRESENTATION_CONTEXT(2) 
PARAMETRIC_REPRESENTATION_CONTEXT() REPRESENTATION_CONTEXT('2D SPACE',''
  ) );
#4177 = ORIENTED_EDGE('',*,*,#3271,.T.);
#4178 = ADVANCED_FACE('',(#4179),#2988,.T.);
#4179 = FACE_BOUND('',#4180,.T.);
#4180 = EDGE_LOOP('',(#4181,#4182,#4183,#4184,#4205,#4206,#4232,#4233));
#4181 = ORIENTED_EDGE('',*,*,#3292,.T.);
#4182 = ORIENTED_EDGE('',*,*,#3350,.T.);
#4183 = ORIENTED_EDGE('',*,*,#3424,.T.);
#4184 = ORIENTED_EDGE('',*,*,#4185,.T.);
#4185 = EDGE_CURVE('',#3425,#2947,#4186,.T.);
#4186 = SURFACE_CURVE('',#4187,(#4191,#4198),.PCURVE_S1.);
#4187 = LINE('',#4188,#4189);
#4188 = CARTESIAN_POINT('',(94.000094718902,-42.5,-42.50000000486));
#4189 = VECTOR('',#4190,1.);
#4190 = DIRECTION('',(1.,0.,0.));
#4191 = PCURVE('',#2988,#4192);
#4192 = DEFINITIONAL_REPRESENTATION('',(#4193),#4197);
#4193 = LINE('',#4194,#4195);
#4194 = CARTESIAN_POINT('',(42.5,-15.));
#4195 = VECTOR('',#4196,1.);
#4196 = DIRECTION('',(0.,1.));
#4197 = ( GEOMETRIC_REPRESENTATION_CONTEXT(2) 
PARAMETRIC_REPRESENTATION_CONTEXT() REPRESENTATION_CONTEXT('2D SPACE',''
  ) );
#4198 = PCURVE('',#2962,#4199);
#4199 = DEFINITIONAL_REPRESENTATION('',(#4200),#4204);
#4200 = LINE('',#4201,#4202);
#4201 = CARTESIAN_POINT('',(-4.495186074038E-06,-2.624999999996));
#4202 = VECTOR('',#4203,1.);
#4203 = DIRECTION('',(1.,0.));
#4204 = ( GEOMETRIC_REPRESENTATION_CONTEXT(2) 
PARAMETRIC_REPRESENTATION_CONTEXT() REPRESENTATION_CONTEXT('2D SPACE',''
  ) );
#4205 = ORIENTED_EDGE('',*,*,#2974,.T.);
#4206 = ORIENTED_EDGE('',*,*,#4207,.T.);
#4207 = EDGE_CURVE('',#1184,#1213,#4208,.T.);
#4208 = SURFACE_CURVE('',#4209,(#4213,#4220),.PCURVE_S1.);
#4209 = LINE('',#4210,#4211);
#4210 = CARTESIAN_POINT('',(124.0000947189,-42.5,-42.50000000486));
#4211 = VECTOR('',#4212,1.);
#4212 = DIRECTION('',(0.,0.,1.));
#4213 = PCURVE('',#2988,#4214);
#4214 = DEFINITIONAL_REPRESENTATION('',(#4215),#4219);
#4215 = LINE('',#4216,#4217);
#4216 = CARTESIAN_POINT('',(42.5,15.));
#4217 = VECTOR('',#4218,1.);
#4218 = DIRECTION('',(-1.,0.));
#4219 = ( GEOMETRIC_REPRESENTATION_CONTEXT(2) 
PARAMETRIC_REPRESENTATION_CONTEXT() REPRESENTATION_CONTEXT('2D SPACE',''
  ) );
#4220 = PCURVE('',#4221,#4226);
#4221 = PLANE('',#4222);
#4222 = AXIS2_PLACEMENT_3D('',#4223,#4224,#4225);
#4223 = CARTESIAN_POINT('',(124.00009921408,-45.125,-42.49999999975));
#4224 = DIRECTION('',(0.999999999999,1.7124518379E-06,-0.));
#4225 = DIRECTION('',(0.,0.,1.));
#4226 = DEFINITIONAL_REPRESENTATION('',(#4227),#4231);
#4227 = LINE('',#4228,#4229);
#4228 = CARTESIAN_POINT('',(-5.111381540246E-09,-2.625));
#4229 = VECTOR('',#4230,1.);
#4230 = DIRECTION('',(1.,0.));
#4231 = ( GEOMETRIC_REPRESENTATION_CONTEXT(2) 
PARAMETRIC_REPRESENTATION_CONTEXT() REPRESENTATION_CONTEXT('2D SPACE',''
  ) );
#4232 = ORIENTED_EDGE('',*,*,#3001,.T.);
#4233 = ORIENTED_EDGE('',*,*,#4157,.T.);
#4234 = ADVANCED_FACE('',(#4235),#4221,.F.);
#4235 = FACE_BOUND('',#4236,.F.);
#4236 = EDGE_LOOP('',(#4237,#4238));
#4237 = ORIENTED_EDGE('',*,*,#1212,.T.);
#4238 = ORIENTED_EDGE('',*,*,#4207,.T.);
#4239 = ADVANCED_FACE('',(#4240),#2962,.F.);
#4240 = FACE_BOUND('',#4241,.F.);
#4241 = EDGE_LOOP('',(#4242,#4243,#4244,#4245));
#4242 = ORIENTED_EDGE('',*,*,#3197,.T.);
#4243 = ORIENTED_EDGE('',*,*,#3446,.T.);
#4244 = ORIENTED_EDGE('',*,*,#4185,.T.);
#4245 = ORIENTED_EDGE('',*,*,#2946,.F.);
#4246 = ADVANCED_FACE('',(#4247),#3107,.T.);
#4247 = FACE_BOUND('',#4248,.T.);
#4248 = EDGE_LOOP('',(#4249,#4282,#4303,#4304,#4329,#4354,#4355,#4356,
    #4357,#4358,#4359));
#4249 = ORIENTED_EDGE('',*,*,#4250,.F.);
#4250 = EDGE_CURVE('',#4251,#4251,#4253,.T.);
#4251 = VERTEX_POINT('',#4252);
#4252 = CARTESIAN_POINT('',(92.285503037525,-5.942859858496E-03,
    -40.52991823139));
#4253 = SURFACE_CURVE('',#4254,(#4259,#4266),.PCURVE_S1.);
#4254 = CIRCLE('',#4255,40.502367962352);
#4255 = AXIS2_PLACEMENT_3D('',#4256,#4257,#4258);
#4256 = CARTESIAN_POINT('',(92.239448701368,-5.942859858505E-03,
    -2.757645272785E-02));
#4257 = DIRECTION('',(-0.999999353526,-1.712452944955E-06,
    -1.13707761976E-03));
#4258 = DIRECTION('',(1.137077619762E-03,0.,-0.999999353527));
#4259 = PCURVE('',#3107,#4260);
#4260 = DEFINITIONAL_REPRESENTATION('',(#4261),#4265);
#4261 = LINE('',#4262,#4263);
#4262 = CARTESIAN_POINT('',(0.,2.122227270979));
#4263 = VECTOR('',#4264,1.);
#4264 = DIRECTION('',(1.,0.));
#4265 = ( GEOMETRIC_REPRESENTATION_CONTEXT(2) 
PARAMETRIC_REPRESENTATION_CONTEXT() REPRESENTATION_CONTEXT('2D SPACE',''
  ) );
#4266 = PCURVE('',#4267,#4272);
#4267 = PLANE('',#4268);
#4268 = AXIS2_PLACEMENT_3D('',#4269,#4270,#4271);
#4269 = CARTESIAN_POINT('',(92.239448701368,-5.942859858505E-03,
    -2.757645272785E-02));
#4270 = DIRECTION('',(0.999999353526,1.712452944955E-06,
    1.13707761976E-03));
#4271 = DIRECTION('',(-1.137077619762E-03,0.,0.999999353527));
#4272 = DEFINITIONAL_REPRESENTATION('',(#4273),#4281);
#4273 = ( BOUNDED_CURVE() B_SPLINE_CURVE(2,(#4274,#4275,#4276,#4277,
#4278,#4279,#4280),.UNSPECIFIED.,.T.,.F.) B_SPLINE_CURVE_WITH_KNOTS((1,2
    ,2,2,2,1),(-2.094395102393,0.,2.094395102393,4.188790204786,
6.28318530718,8.377580409573),.UNSPECIFIED.) CURVE() 
GEOMETRIC_REPRESENTATION_ITEM() RATIONAL_B_SPLINE_CURVE((1.,0.5,1.,0.5,
1.,0.5,1.)) REPRESENTATION_ITEM('') );
#4274 = CARTESIAN_POINT('',(-40.50236796235,-2.602101965348E-18));
#4275 = CARTESIAN_POINT('',(-40.50236796235,70.152159137643));
#4276 = CARTESIAN_POINT('',(20.251183981176,35.076079568822));
#4277 = CARTESIAN_POINT('',(81.004735924704,9.917617004885E-15));
#4278 = CARTESIAN_POINT('',(20.251183981176,-35.07607956882));
#4279 = CARTESIAN_POINT('',(-40.50236796235,-70.15215913764));
#4280 = CARTESIAN_POINT('',(-40.50236796235,-2.602101965348E-18));
#4281 = ( GEOMETRIC_REPRESENTATION_CONTEXT(2) 
PARAMETRIC_REPRESENTATION_CONTEXT() REPRESENTATION_CONTEXT('2D SPACE',''
  ) );
#4282 = ORIENTED_EDGE('',*,*,#4283,.F.);
#4283 = EDGE_CURVE('',#3471,#4251,#4284,.T.);
#4284 = SEAM_CURVE('',#4285,(#4289,#4296),.PCURVE_S1.);
#4285 = LINE('',#4286,#4287);
#4286 = CARTESIAN_POINT('',(94.407728936538,-5.939225644155E-03,
    -40.52750509426));
#4287 = VECTOR('',#4288,1.);
#4288 = DIRECTION('',(-0.999999353526,-1.712452944955E-06,
    -1.13707761976E-03));
#4289 = PCURVE('',#3107,#4290);
#4290 = DEFINITIONAL_REPRESENTATION('',(#4291),#4295);
#4291 = LINE('',#4292,#4293);
#4292 = CARTESIAN_POINT('',(6.28318530718,-0.));
#4293 = VECTOR('',#4294,1.);
#4294 = DIRECTION('',(0.,1.));
#4295 = ( GEOMETRIC_REPRESENTATION_CONTEXT(2) 
PARAMETRIC_REPRESENTATION_CONTEXT() REPRESENTATION_CONTEXT('2D SPACE',''
  ) );
#4296 = PCURVE('',#3107,#4297);
#4297 = DEFINITIONAL_REPRESENTATION('',(#4298),#4302);
#4298 = LINE('',#4299,#4300);
#4299 = CARTESIAN_POINT('',(0.,-0.));
#4300 = VECTOR('',#4301,1.);
#4301 = DIRECTION('',(0.,1.));
#4302 = ( GEOMETRIC_REPRESENTATION_CONTEXT(2) 
PARAMETRIC_REPRESENTATION_CONTEXT() REPRESENTATION_CONTEXT('2D SPACE',''
  ) );
#4303 = ORIENTED_EDGE('',*,*,#3498,.T.);
#4304 = ORIENTED_EDGE('',*,*,#4305,.T.);
#4305 = EDGE_CURVE('',#3499,#4306,#4308,.T.);
#4306 = VERTEX_POINT('',#4307);
#4307 = CARTESIAN_POINT('',(94.000099,-8.978975000008E-02,
    -40.52788180644));
#4308 = SURFACE_CURVE('',#4309,(#4313,#4323),.PCURVE_S1.);
#4309 = LINE('',#4310,#4311);
#4310 = CARTESIAN_POINT('',(94.407728837844,-8.978975000008E-02,
    -40.52741829787));
#4311 = VECTOR('',#4312,1.);
#4312 = DIRECTION('',(-0.999999353523,0.,-1.137081161374E-03));
#4313 = PCURVE('',#3107,#4314);
#4314 = DEFINITIONAL_REPRESENTATION('',(#4315),#4322);
#4315 = B_SPLINE_CURVE_WITH_KNOTS('',5,(#4316,#4317,#4318,#4319,#4320,
    #4321),.UNSPECIFIED.,.F.,.F.,(6,6),(0.377529736192,0.410366498201),
  .PIECEWISE_BEZIER_KNOTS.);
#4316 = CARTESIAN_POINT('',(2.070247789653E-03,0.377529879782));
#4317 = CARTESIAN_POINT('',(2.070247511983E-03,0.384097232184));
#4318 = CARTESIAN_POINT('',(2.070247234312E-03,0.390664584585));
#4319 = CARTESIAN_POINT('',(2.070246956642E-03,0.397231936987));
#4320 = CARTESIAN_POINT('',(2.070246678972E-03,0.403799289389));
#4321 = CARTESIAN_POINT('',(2.070246401301E-03,0.410366641791));
#4322 = ( GEOMETRIC_REPRESENTATION_CONTEXT(2) 
PARAMETRIC_REPRESENTATION_CONTEXT() REPRESENTATION_CONTEXT('2D SPACE',''
  ) );
#4323 = PCURVE('',#3541,#4324);
#4324 = DEFINITIONAL_REPRESENTATION('',(#4325),#4328);
#4325 = B_SPLINE_CURVE_WITH_KNOTS('',1,(#4326,#4327),.UNSPECIFIED.,.F.,
  .F.,(2,2),(0.377529736192,0.410366498201),.PIECEWISE_BEZIER_KNOTS.);
#4326 = CARTESIAN_POINT('',(83.027847579826,-3.010034571583E-02));
#4327 = CARTESIAN_POINT('',(83.027884917889,2.736395065154E-03));
#4328 = ( GEOMETRIC_REPRESENTATION_CONTEXT(2) 
PARAMETRIC_REPRESENTATION_CONTEXT() REPRESENTATION_CONTEXT('2D SPACE',''
  ) );
#4329 = ORIENTED_EDGE('',*,*,#4330,.T.);
#4330 = EDGE_CURVE('',#4306,#3753,#4331,.T.);
#4331 = SURFACE_CURVE('',#4332,(#4337,#4347),.PCURVE_S1.);
#4332 = ELLIPSE('',#4333,40.502394146114,40.502367962352);
#4333 = AXIS2_PLACEMENT_3D('',#4334,#4335,#4336);
#4334 = CARTESIAN_POINT('',(94.000099,-5.939844825767E-03,
    -2.557445538281E-02));
#4335 = DIRECTION('',(-1.,-0.,0.));
#4336 = DIRECTION('',(0.,-1.506010648011E-03,-0.999998865965));
#4337 = PCURVE('',#3107,#4338);
#4338 = DEFINITIONAL_REPRESENTATION('',(#4339),#4346);
#4339 = B_SPLINE_CURVE_WITH_KNOTS('',5,(#4340,#4341,#4342,#4343,#4344,
    #4345),.UNSPECIFIED.,.F.,.F.,(6,6),(6.281679296936,6.814929648116),
  .PIECEWISE_BEZIER_KNOTS.);
#4340 = CARTESIAN_POINT('',(-8.881784197001E-16,0.407630200061));
#4341 = CARTESIAN_POINT('',(0.106650070236,0.407637597139));
#4342 = CARTESIAN_POINT('',(0.213300140472,0.406990233798));
#4343 = CARTESIAN_POINT('',(0.319950210708,0.405687729176));
#4344 = CARTESIAN_POINT('',(0.426600280944,0.40376165959));
#4345 = CARTESIAN_POINT('',(0.53325035118,0.40127123949));
#4346 = ( GEOMETRIC_REPRESENTATION_CONTEXT(2) 
PARAMETRIC_REPRESENTATION_CONTEXT() REPRESENTATION_CONTEXT('2D SPACE',''
  ) );
#4347 = PCURVE('',#3594,#4348);
#4348 = DEFINITIONAL_REPRESENTATION('',(#4349),#4353);
#4349 = ELLIPSE('',#4350,40.502394146114,40.502367962352);
#4350 = AXIS2_PLACEMENT_2D('',#4351,#4352);
#4351 = CARTESIAN_POINT('',(2.557445538281E-02,-9.404270405174));
#4352 = DIRECTION('',(0.999998865965,1.506010648011E-03));
#4353 = ( GEOMETRIC_REPRESENTATION_CONTEXT(2) 
PARAMETRIC_REPRESENTATION_CONTEXT() REPRESENTATION_CONTEXT('2D SPACE',''
  ) );
#4354 = ORIENTED_EDGE('',*,*,#3799,.F.);
#4355 = ORIENTED_EDGE('',*,*,#3825,.T.);
#4356 = ORIENTED_EDGE('',*,*,#3094,.T.);
#4357 = ORIENTED_EDGE('',*,*,#3376,.F.);
#4358 = ORIENTED_EDGE('',*,*,#3470,.T.);
#4359 = ORIENTED_EDGE('',*,*,#4283,.T.);
#4360 = ADVANCED_FACE('',(#4361),#3541,.T.);
#4361 = FACE_BOUND('',#4362,.T.);
#4362 = EDGE_LOOP('',(#4363,#4384,#4385,#4386));
#4363 = ORIENTED_EDGE('',*,*,#4364,.F.);
#4364 = EDGE_CURVE('',#4306,#3577,#4365,.T.);
#4365 = SURFACE_CURVE('',#4366,(#4370,#4377),.PCURVE_S1.);
#4366 = LINE('',#4367,#4368);
#4367 = CARTESIAN_POINT('',(94.000099,-8.978975000008E-02,42.5));
#4368 = VECTOR('',#4369,1.);
#4369 = DIRECTION('',(0.,0.,-1.));
#4370 = PCURVE('',#3541,#4371);
#4371 = DEFINITIONAL_REPRESENTATION('',(#4372),#4376);
#4372 = LINE('',#4373,#4374);
#4373 = CARTESIAN_POINT('',(0.,0.));
#4374 = VECTOR('',#4375,1.);
#4375 = DIRECTION('',(1.,0.));
#4376 = ( GEOMETRIC_REPRESENTATION_CONTEXT(2) 
PARAMETRIC_REPRESENTATION_CONTEXT() REPRESENTATION_CONTEXT('2D SPACE',''
  ) );
#4377 = PCURVE('',#3594,#4378);
#4378 = DEFINITIONAL_REPRESENTATION('',(#4379),#4383);
#4379 = LINE('',#4380,#4381);
#4380 = CARTESIAN_POINT('',(-42.5,-9.3204205));
#4381 = VECTOR('',#4382,1.);
#4382 = DIRECTION('',(1.,0.));
#4383 = ( GEOMETRIC_REPRESENTATION_CONTEXT(2) 
PARAMETRIC_REPRESENTATION_CONTEXT() REPRESENTATION_CONTEXT('2D SPACE',''
  ) );
#4384 = ORIENTED_EDGE('',*,*,#4305,.F.);
#4385 = ORIENTED_EDGE('',*,*,#3526,.F.);
#4386 = ORIENTED_EDGE('',*,*,#3606,.F.);
#4387 = ADVANCED_FACE('',(#4388),#3594,.T.);
#4388 = FACE_BOUND('',#4389,.T.);
#4389 = EDGE_LOOP('',(#4390,#4391,#4392,#4393));
#4390 = ORIENTED_EDGE('',*,*,#3576,.T.);
#4391 = ORIENTED_EDGE('',*,*,#3752,.T.);
#4392 = ORIENTED_EDGE('',*,*,#4330,.F.);
#4393 = ORIENTED_EDGE('',*,*,#4364,.T.);
#4394 = ADVANCED_FACE('',(#4395,#4426),#3896,.T.);
#4395 = FACE_BOUND('',#4396,.T.);
#4396 = EDGE_LOOP('',(#4397));
#4397 = ORIENTED_EDGE('',*,*,#4398,.T.);
#4398 = EDGE_CURVE('',#4399,#4399,#4401,.T.);
#4399 = VERTEX_POINT('',#4400);
#4400 = CARTESIAN_POINT('',(282.84823148381,-5.61653380978E-03,
    -42.29956825676));
#4401 = SURFACE_CURVE('',#4402,(#4407,#4414),.PCURVE_S1.);
#4402 = CIRCLE('',#4403,42.48870145737);
#4403 = AXIS2_PLACEMENT_3D('',#4404,#4405,#4406);
#4404 = CARTESIAN_POINT('',(282.79991853229,-5.61653380979E-03,
    0.189105732807));
#4405 = DIRECTION('',(-0.999999353526,-1.712452944955E-06,
    -1.13707761976E-03));
#4406 = DIRECTION('',(1.137077619762E-03,0.,-0.999999353527));
#4407 = PCURVE('',#3896,#4408);
#4408 = DEFINITIONAL_REPRESENTATION('',(#4409),#4413);
#4409 = CIRCLE('',#4410,42.48870145737);
#4410 = AXIS2_PLACEMENT_2D('',#4411,#4412);
#4411 = CARTESIAN_POINT('',(0.,0.));
#4412 = DIRECTION('',(1.,0.));
#4413 = ( GEOMETRIC_REPRESENTATION_CONTEXT(2) 
PARAMETRIC_REPRESENTATION_CONTEXT() REPRESENTATION_CONTEXT('2D SPACE',''
  ) );
#4414 = PCURVE('',#4415,#4420);
#4415 = CYLINDRICAL_SURFACE('',#4416,42.48870145737);
#4416 = AXIS2_PLACEMENT_3D('',#4417,#4418,#4419);
#4417 = CARTESIAN_POINT('',(319.44730626526,-5.553776842171E-03,
    0.23077668416));
#4418 = DIRECTION('',(-0.999999353526,-1.712452944955E-06,
    -1.13707761976E-03));
#4419 = DIRECTION('',(1.137077619762E-03,0.,-0.999999353527));
#4420 = DEFINITIONAL_REPRESENTATION('',(#4421),#4425);
#4421 = LINE('',#4422,#4423);
#4422 = CARTESIAN_POINT('',(0.,36.647411424583));
#4423 = VECTOR('',#4424,1.);
#4424 = DIRECTION('',(1.,0.));
#4425 = ( GEOMETRIC_REPRESENTATION_CONTEXT(2) 
PARAMETRIC_REPRESENTATION_CONTEXT() REPRESENTATION_CONTEXT('2D SPACE',''
  ) );
#4426 = FACE_BOUND('',#4427,.T.);
#4427 = EDGE_LOOP('',(#4428));
#4428 = ORIENTED_EDGE('',*,*,#3881,.F.);
#4429 = ADVANCED_FACE('',(#4430,#4461),#4267,.T.);
#4430 = FACE_BOUND('',#4431,.T.);
#4431 = EDGE_LOOP('',(#4432));
#4432 = ORIENTED_EDGE('',*,*,#4433,.T.);
#4433 = EDGE_CURVE('',#4434,#4434,#4436,.T.);
#4434 = VERTEX_POINT('',#4435);
#4435 = CARTESIAN_POINT('',(92.191025114032,-5.942859858495E-03,
    42.558395858527));
#4436 = SURFACE_CURVE('',#4437,(#4442,#4449),.PCURVE_S1.);
#4437 = CIRCLE('',#4438,42.585999841952);
#4438 = AXIS2_PLACEMENT_3D('',#4439,#4440,#4441);
#4439 = CARTESIAN_POINT('',(92.239448701368,-5.942859858505E-03,
    -2.757645272785E-02));
#4440 = DIRECTION('',(0.999999353526,1.712452944955E-06,
    1.13707761976E-03));
#4441 = DIRECTION('',(-1.137077619762E-03,0.,0.999999353527));
#4442 = PCURVE('',#4267,#4443);
#4443 = DEFINITIONAL_REPRESENTATION('',(#4444),#4448);
#4444 = CIRCLE('',#4445,42.585999841952);
#4445 = AXIS2_PLACEMENT_2D('',#4446,#4447);
#4446 = CARTESIAN_POINT('',(0.,0.));
#4447 = DIRECTION('',(1.,0.));
#4448 = ( GEOMETRIC_REPRESENTATION_CONTEXT(2) 
PARAMETRIC_REPRESENTATION_CONTEXT() REPRESENTATION_CONTEXT('2D SPACE',''
  ) );
#4449 = PCURVE('',#4450,#4455);
#4450 = CYLINDRICAL_SURFACE('',#4451,42.585999841952);
#4451 = AXIS2_PLACEMENT_3D('',#4452,#4453,#4454);
#4452 = CARTESIAN_POINT('',(53.765312601946,-6.008745048767E-03,
    -7.132456010815E-02));
#4453 = DIRECTION('',(0.999999353526,1.712452944955E-06,
    1.13707761976E-03));
#4454 = DIRECTION('',(-1.137077619762E-03,0.,0.999999353527));
#4455 = DEFINITIONAL_REPRESENTATION('',(#4456),#4460);
#4456 = LINE('',#4457,#4458);
#4457 = CARTESIAN_POINT('',(0.,38.474160971983));
#4458 = VECTOR('',#4459,1.);
#4459 = DIRECTION('',(1.,0.));
#4460 = ( GEOMETRIC_REPRESENTATION_CONTEXT(2) 
PARAMETRIC_REPRESENTATION_CONTEXT() REPRESENTATION_CONTEXT('2D SPACE',''
  ) );
#4461 = FACE_BOUND('',#4462,.T.);
#4462 = EDGE_LOOP('',(#4463));
#4463 = ORIENTED_EDGE('',*,*,#4250,.T.);
#4464 = ADVANCED_FACE('',(#4465,#4519),#4415,.T.);
#4465 = FACE_BOUND('',#4466,.T.);
#4466 = EDGE_LOOP('',(#4467,#4490,#4491,#4492));
#4467 = ORIENTED_EDGE('',*,*,#4468,.T.);
#4468 = EDGE_CURVE('',#4469,#4399,#4471,.T.);
#4469 = VERTEX_POINT('',#4470);
#4470 = CARTESIAN_POINT('',(319.49561921678,-5.553776842161E-03,
    -42.25789730541));
#4471 = SEAM_CURVE('',#4472,(#4476,#4483),.PCURVE_S1.);
#4472 = LINE('',#4473,#4474);
#4473 = CARTESIAN_POINT('',(319.49561921678,-5.553776842161E-03,
    -42.25789730541));
#4474 = VECTOR('',#4475,1.);
#4475 = DIRECTION('',(-0.999999353526,-1.712452944955E-06,
    -1.13707761976E-03));
#4476 = PCURVE('',#4415,#4477);
#4477 = DEFINITIONAL_REPRESENTATION('',(#4478),#4482);
#4478 = LINE('',#4479,#4480);
#4479 = CARTESIAN_POINT('',(6.28318530718,-0.));
#4480 = VECTOR('',#4481,1.);
#4481 = DIRECTION('',(0.,1.));
#4482 = ( GEOMETRIC_REPRESENTATION_CONTEXT(2) 
PARAMETRIC_REPRESENTATION_CONTEXT() REPRESENTATION_CONTEXT('2D SPACE',''
  ) );
#4483 = PCURVE('',#4415,#4484);
#4484 = DEFINITIONAL_REPRESENTATION('',(#4485),#4489);
#4485 = LINE('',#4486,#4487);
#4486 = CARTESIAN_POINT('',(0.,-0.));
#4487 = VECTOR('',#4488,1.);
#4488 = DIRECTION('',(0.,1.));
#4489 = ( GEOMETRIC_REPRESENTATION_CONTEXT(2) 
PARAMETRIC_REPRESENTATION_CONTEXT() REPRESENTATION_CONTEXT('2D SPACE',''
  ) );
#4490 = ORIENTED_EDGE('',*,*,#4398,.F.);
#4491 = ORIENTED_EDGE('',*,*,#4468,.F.);
#4492 = ORIENTED_EDGE('',*,*,#4493,.T.);
#4493 = EDGE_CURVE('',#4469,#4469,#4494,.T.);
#4494 = SURFACE_CURVE('',#4495,(#4500,#4507),.PCURVE_S1.);
#4495 = CIRCLE('',#4496,42.48870145737);
#4496 = AXIS2_PLACEMENT_3D('',#4497,#4498,#4499);
#4497 = CARTESIAN_POINT('',(319.44730626526,-5.553776842171E-03,
    0.23077668416));
#4498 = DIRECTION('',(-0.999999353526,-1.712452944955E-06,
    -1.13707761976E-03));
#4499 = DIRECTION('',(1.137077619762E-03,0.,-0.999999353527));
#4500 = PCURVE('',#4415,#4501);
#4501 = DEFINITIONAL_REPRESENTATION('',(#4502),#4506);
#4502 = LINE('',#4503,#4504);
#4503 = CARTESIAN_POINT('',(0.,0.));
#4504 = VECTOR('',#4505,1.);
#4505 = DIRECTION('',(1.,0.));
#4506 = ( GEOMETRIC_REPRESENTATION_CONTEXT(2) 
PARAMETRIC_REPRESENTATION_CONTEXT() REPRESENTATION_CONTEXT('2D SPACE',''
  ) );
#4507 = PCURVE('',#4508,#4513);
#4508 = PLANE('',#4509);
#4509 = AXIS2_PLACEMENT_3D('',#4510,#4511,#4512);
#4510 = CARTESIAN_POINT('',(319.44730626526,-5.553776842171E-03,
    0.23077668416));
#4511 = DIRECTION('',(-0.999999353526,-1.712452944955E-06,
    -1.13707761976E-03));
#4512 = DIRECTION('',(1.137077619762E-03,0.,-0.999999353527));
#4513 = DEFINITIONAL_REPRESENTATION('',(#4514),#4518);
#4514 = CIRCLE('',#4515,42.48870145737);
#4515 = AXIS2_PLACEMENT_2D('',#4516,#4517);
#4516 = CARTESIAN_POINT('',(0.,0.));
#4517 = DIRECTION('',(1.,0.));
#4518 = ( GEOMETRIC_REPRESENTATION_CONTEXT(2) 
PARAMETRIC_REPRESENTATION_CONTEXT() REPRESENTATION_CONTEXT('2D SPACE',''
  ) );
#4519 = FACE_BOUND('',#4520,.T.);
#4520 = EDGE_LOOP('',(#4521));
#4521 = ORIENTED_EDGE('',*,*,#4522,.T.);
#4522 = EDGE_CURVE('',#4523,#4523,#4525,.T.);
#4523 = VERTEX_POINT('',#4524);
#4524 = CARTESIAN_POINT('',(299.00455968594,40.977331174102,
    -11.00363168379));
#4525 = SURFACE_CURVE('',#4526,(#4662,#4801),.PCURVE_S1.);
#4526 = B_SPLINE_CURVE_WITH_KNOTS('',8,(#4527,#4528,#4529,#4530,#4531,
    #4532,#4533,#4534,#4535,#4536,#4537,#4538,#4539,#4540,#4541,#4542,
    #4543,#4544,#4545,#4546,#4547,#4548,#4549,#4550,#4551,#4552,#4553,
    #4554,#4555,#4556,#4557,#4558,#4559,#4560,#4561,#4562,#4563,#4564,
    #4565,#4566,#4567,#4568,#4569,#4570,#4571,#4572,#4573,#4574,#4575,
    #4576,#4577,#4578,#4579,#4580,#4581,#4582,#4583,#4584,#4585,#4586,
    #4587,#4588,#4589,#4590,#4591,#4592,#4593,#4594,#4595,#4596,#4597,
    #4598,#4599,#4600,#4601,#4602,#4603,#4604,#4605,#4606,#4607,#4608,
    #4609,#4610,#4611,#4612,#4613,#4614,#4615,#4616,#4617,#4618,#4619,
    #4620,#4621,#4622,#4623,#4624,#4625,#4626,#4627,#4628,#4629,#4630,
    #4631,#4632,#4633,#4634,#4635,#4636,#4637,#4638,#4639,#4640,#4641,
    #4642,#4643,#4644,#4645,#4646,#4647,#4648,#4649,#4650,#4651,#4652,
    #4653,#4654,#4655,#4656,#4657,#4658,#4659,#4660,#4661),
  .UNSPECIFIED.,.T.,.F.,(9,7,7,7,7,7,7,7,7,7,7,7,7,7,7,7,7,7,7,9),(0.,
    2.291136706628E-05,4.664099852821E-05,6.9552367947E-05,
    9.246373828761E-05,1.161933726658E-04,1.399230077143E-04,
    1.636526432505E-04,1.873822791066E-04,2.094753884875E-04,
    0.108294079563,0.20770713717,0.292887631972,0.392164771597,
    0.500213379895,0.608262795151,0.707538636682,0.792718018196,
    0.892129775392,1.),.UNSPECIFIED.);
#4527 = CARTESIAN_POINT('',(299.00455968594,40.977331174106,
    -11.00363168378));
#4528 = CARTESIAN_POINT('',(299.00473063542,40.977331121231,
    -11.00363168376));
#4529 = CARTESIAN_POINT('',(299.0049015849,40.977331069186,
    -11.0036316807));
#4530 = CARTESIAN_POINT('',(299.00507253437,40.977331017972,
    -11.0036316746));
#4531 = CARTESIAN_POINT('',(299.00524348385,40.977330967589,
    -11.00363166547));
#4532 = CARTESIAN_POINT('',(299.00541443332,40.977330918036,
    -11.00363165329));
#4533 = CARTESIAN_POINT('',(299.00558538279,40.977330869315,
    -11.00363163809));
#4534 = CARTESIAN_POINT('',(299.00575633226,40.977330821424,
    -11.00363161984));
#4535 = CARTESIAN_POINT('',(299.00610433654,40.977330725623,
    -11.00363157652));
#4536 = CARTESIAN_POINT('',(299.00628139136,40.977330677773,
    -11.00363155122));
#4537 = CARTESIAN_POINT('',(299.00645844617,40.977330630815,
    -11.00363152266));
#4538 = CARTESIAN_POINT('',(299.00663550098,40.977330584747,
    -11.00363149085));
#4539 = CARTESIAN_POINT('',(299.00681255578,40.977330539571,
    -11.00363145577));
#4540 = CARTESIAN_POINT('',(299.00698961059,40.977330495286,
    -11.00363141744));
#4541 = CARTESIAN_POINT('',(299.00716666539,40.977330451892,
    -11.00363137585));
#4542 = CARTESIAN_POINT('',(299.00751466967,40.977330368352,
    -11.00363128771));
#4543 = CARTESIAN_POINT('',(299.00768561914,40.977330328145,
    -11.00363124137));
#4544 = CARTESIAN_POINT('',(299.00785656861,40.977330288769,
    -11.003631192));
#4545 = CARTESIAN_POINT('',(299.00802751807,40.977330250225,
    -11.00363113959));
#4546 = CARTESIAN_POINT('',(299.00819846754,40.97733021251,
    -11.00363108414));
#4547 = CARTESIAN_POINT('',(299.008369417,40.977330175627,
    -11.00363102566));
#4548 = CARTESIAN_POINT('',(299.00854036646,40.977330139574,
    -11.00363096414));
#4549 = CARTESIAN_POINT('',(299.00888226538,40.97733006913,
    -11.00363083503));
#4550 = CARTESIAN_POINT('',(299.00905321484,40.977330034739,
    -11.00363076743));
#4551 = CARTESIAN_POINT('',(299.0092241643,40.977330001179,
    -11.0036306968));
#4552 = CARTESIAN_POINT('',(299.00939511376,40.977329968449,
    -11.00363062313));
#4553 = CARTESIAN_POINT('',(299.00956606322,40.97732993655,
    -11.00363054643));
#4554 = CARTESIAN_POINT('',(299.00973701267,40.977329905482,
    -11.00363046669));
#4555 = CARTESIAN_POINT('',(299.00990796212,40.977329875244,
    -11.00363038391));
#4556 = CARTESIAN_POINT('',(299.01025596636,40.977329815381,
    -11.00363020921));
#4557 = CARTESIAN_POINT('',(299.01043302115,40.977329785815,
    -11.00363011707));
#4558 = CARTESIAN_POINT('',(299.01061007594,40.97732975714,
    -11.00363002168));
#4559 = CARTESIAN_POINT('',(299.01078713073,40.977329729357,
    -11.00362992303));
#4560 = CARTESIAN_POINT('',(299.01096418551,40.977329702465,
    -11.00362982112));
#4561 = CARTESIAN_POINT('',(299.01114124029,40.977329676463,
    -11.00362971595));
#4562 = CARTESIAN_POINT('',(299.01131829507,40.977329651353,
    -11.00362960752));
#4563 = CARTESIAN_POINT('',(299.01167240462,40.977329602916,
    -11.00362938415));
#4564 = CARTESIAN_POINT('',(299.01184945939,40.977329579588,
    -11.00362926921));
#4565 = CARTESIAN_POINT('',(299.01202651417,40.977329557151,
    -11.00362915101));
#4566 = CARTESIAN_POINT('',(299.01220356894,40.977329535606,
    -11.00362902956));
#4567 = CARTESIAN_POINT('',(299.01238062371,40.977329514952,
    -11.00362890484));
#4568 = CARTESIAN_POINT('',(299.01255767847,40.977329495189,
    -11.00362877687));
#4569 = CARTESIAN_POINT('',(299.01273473323,40.977329476317,
    -11.00362864564));
#4570 = CARTESIAN_POINT('',(299.01308884275,40.977329440355,
    -11.00362837667));
#4571 = CARTESIAN_POINT('',(299.01326589751,40.977329423266,
    -11.00362823892));
#4572 = CARTESIAN_POINT('',(299.01344295227,40.977329407067,
    -11.00362809792));
#4573 = CARTESIAN_POINT('',(299.01362000702,40.97732939176,
    -11.00362795366));
#4574 = CARTESIAN_POINT('',(299.01379706177,40.977329377344,
    -11.00362780614));
#4575 = CARTESIAN_POINT('',(299.01397411652,40.977329363819,
    -11.00362765537));
#4576 = CARTESIAN_POINT('',(299.01415117126,40.977329351185,
    -11.00362750133));
#4577 = CARTESIAN_POINT('',(299.01450528075,40.977329327699,
    -11.00362718675));
#4578 = CARTESIAN_POINT('',(299.01468233549,40.977329316848,
    -11.0036270262));
#4579 = CARTESIAN_POINT('',(299.01485939022,40.977329306887,
    -11.0036268624));
#4580 = CARTESIAN_POINT('',(299.01503644496,40.977329297818,
    -11.00362669534));
#4581 = CARTESIAN_POINT('',(299.01521349969,40.97732928964,
    -11.00362652501));
#4582 = CARTESIAN_POINT('',(299.01539055441,40.977329282353,
    -11.00362635144));
#4583 = CARTESIAN_POINT('',(299.01556760914,40.977329275957,
    -11.0036261746));
#4584 = CARTESIAN_POINT('',(299.01590950791,40.977329265327,
    -11.00362582683));
#4585 = CARTESIAN_POINT('',(299.01607435195,40.977329260975,
    -11.00362565633));
#4586 = CARTESIAN_POINT('',(299.016239196,40.977329257395,
    -11.00362548301));
#4587 = CARTESIAN_POINT('',(299.01640404004,40.977329254587,
    -11.00362530687));
#4588 = CARTESIAN_POINT('',(299.01656888408,40.977329252552,
    -11.0036251279));
#4589 = CARTESIAN_POINT('',(299.01673372811,40.977329251289,
    -11.0036249461));
#4590 = CARTESIAN_POINT('',(299.01689857214,40.977329250799,
    -11.00362476149));
#4591 = CARTESIAN_POINT('',(299.82351855409,40.977330632099,
    -11.00270757136));
#4592 = CARTESIAN_POINT('',(300.62931032305,40.995820168841,
    -10.93420707439));
#4593 = CARTESIAN_POINT('',(301.43109089521,41.032751814081,
    -10.79829462865));
#4594 = CARTESIAN_POINT('',(302.22537396275,41.08761167602,
    -10.59440197703));
#4595 = CARTESIAN_POINT('',(303.0083058678,41.159402527948,
    -10.32130235357));
#4596 = CARTESIAN_POINT('',(303.77537205157,41.246563368925,
    -9.977186120318));
#4597 = CARTESIAN_POINT('',(304.52102573084,41.346839308462,
    -9.559742881272));
#4598 = CARTESIAN_POINT('',(305.89788527365,41.558547287623,
    -8.612373117278));
#4599 = CARTESIAN_POINT('',(306.5359417972,41.668818042774,
    -8.092458727477));
#4600 = CARTESIAN_POINT('',(307.14578332949,41.785495593766,
    -7.504127063165));
#4601 = CARTESIAN_POINT('',(307.71948269911,41.905354778624,
    -6.845214460558));
#4602 = CARTESIAN_POINT('',(308.24759109256,42.024291579654,
    -6.114097358246));
#4603 = CARTESIAN_POINT('',(308.71894678613,42.137249068616,
    -5.309991378159));
#4604 = CARTESIAN_POINT('',(309.12035415391,42.238315085631,
    -4.433434379905));
#4605 = CARTESIAN_POINT('',(309.7064339719,42.392125826653,-2.6763416226
    ));
#4606 = CARTESIAN_POINT('',(309.91416529771,42.449784955305,
    -1.813570360578));
#4607 = CARTESIAN_POINT('',(310.0442966681,42.488858829945,
    -0.91452467138));
#4608 = CARTESIAN_POINT('',(310.08804456379,42.505510703836,
    3.245162015661E-03));
#4609 = CARTESIAN_POINT('',(310.0424968448,42.498230721089,
    0.921109923968));
#4610 = CARTESIAN_POINT('',(309.91049069764,42.468325482491,
    1.820435320782));
#4611 = CARTESIAN_POINT('',(309.70073622421,42.419439816896,
    2.683661539801));
#4612 = CARTESIAN_POINT('',(309.11023360827,42.283512286275,
    4.440822871309));
#4613 = CARTESIAN_POINT('',(308.70676921377,42.191456671159,
    5.316683549064));
#4614 = CARTESIAN_POINT('',(308.23348154214,42.086821163295,
    6.119949080688));
#4615 = CARTESIAN_POINT('',(307.70358509306,41.97551380583,
    6.850064736069));
#4616 = CARTESIAN_POINT('',(307.12827947731,41.862598059914,
    7.507800945254));
#4617 = CARTESIAN_POINT('',(306.51706846637,41.752189452607,
    8.094777858424));
#4618 = CARTESIAN_POINT('',(305.87794783374,41.647524813628,
    8.613171888711));
#4619 = CARTESIAN_POINT('',(304.49892579685,41.446041786199,
    9.557603606571));
#4620 = CARTESIAN_POINT('',(303.75206014796,41.350288556623,
    9.973523978958));
#4621 = CARTESIAN_POINT('',(302.98407289487,41.266907715697,
    10.315946041728));
#4622 = CARTESIAN_POINT('',(302.20051114314,41.198152734952,
    10.587242080916));
#4623 = CARTESIAN_POINT('',(301.405872236,41.145578012602,
    10.789276080939));
#4624 = CARTESIAN_POINT('',(300.60397788208,41.110173558339,
    10.923317606244));
#4625 = CARTESIAN_POINT('',(299.79827192569,41.092448521276,
    10.989962141914));
#4626 = CARTESIAN_POINT('',(298.18583371318,41.09244576005,
    10.988128673324));
#4627 = CARTESIAN_POINT('',(297.38027320597,41.110168290332,
    10.919651046051));
#4628 = CARTESIAN_POINT('',(296.57868218551,41.145570721171,
    10.7837834628));
#4629 = CARTESIAN_POINT('',(295.78450975973,41.198143137286,
    10.579941214742));
#4630 = CARTESIAN_POINT('',(295.00157887882,41.266894649122,
    10.306866519645));
#4631 = CARTESIAN_POINT('',(294.23438427635,41.350271071637,
    9.962705858199));
#4632 = CARTESIAN_POINT('',(293.4884689529,41.446020774108,
    9.545093982939));
#4633 = CARTESIAN_POINT('',(292.11158283317,41.64750123936,
    8.597518453046));
#4634 = CARTESIAN_POINT('',(291.47364240251,41.752163691432,
    8.077672304262));
#4635 = CARTESIAN_POINT('',(290.86376746973,41.862570207684,
    7.489306920698));
#4636 = CARTESIAN_POINT('',(290.28995874821,41.975483985794,
    6.830264078477));
#4637 = CARTESIAN_POINT('',(289.76172368344,42.086789531259,
    6.098945244653));
#4638 = CARTESIAN_POINT('',(289.29026362665,42.191423421286,
    5.294605460829));
#4639 = CARTESIAN_POINT('',(288.88879180205,42.283477657985,
    4.41782950753));
#4640 = CARTESIAN_POINT('',(288.30228630107,42.419403173392,
    2.659329820935));
#4641 = CARTESIAN_POINT('',(288.09449531921,42.468288122221,
    1.795628839689));
#4642 = CARTESIAN_POINT('',(287.96453459799,42.498192916302,
    0.896005533323));
#4643 = CARTESIAN_POINT('',(287.92107436291,42.505472740451,
    -2.196041904034E-02));
#4644 = CARTESIAN_POINT('',(287.96690932598,42.488821026507,
    -0.939628373062));
#4645 = CARTESIAN_POINT('',(288.09908508076,42.449747596227,
    -1.838375833052));
#4646 = CARTESIAN_POINT('',(288.30877813267,42.392089184653,
    -2.700672428159));
#4647 = CARTESIAN_POINT('',(288.89885286166,42.238280457574,
    -4.456427807505));
#4648 = CARTESIAN_POINT('',(289.30225296941,42.137215817276,
    -5.33206969076));
#4649 = CARTESIAN_POINT('',(289.77543647962,42.024259948285,
    -6.135101635757));
#4650 = CARTESIAN_POINT('',(290.30520659528,41.905324957433,
    -6.865015855549));
#4651 = CARTESIAN_POINT('',(290.88040336635,41.785467738707,
    -7.522622084389));
#4652 = CARTESIAN_POINT('',(291.49158166397,41.66879228124,
    -8.109565336545));
#4653 = CARTESIAN_POINT('',(292.13081929028,41.558523711755,
    -8.628027351808));
#4654 = CARTESIAN_POINT('',(293.50841508687,41.347037737723,
    -9.571294339441));
#4655 = CARTESIAN_POINT('',(294.25351996447,41.246937629158,
    -9.98639189844));
#4656 = CARTESIAN_POINT('',(295.01981534366,41.15989480481,
    -10.32839352999));
#4657 = CARTESIAN_POINT('',(295.80177343198,41.088155604422,
    -10.59960141551));
#4658 = CARTESIAN_POINT('',(296.59489625028,41.033274637673,
    -10.8018282688));
#4659 = CARTESIAN_POINT('',(297.39535075823,40.996244959596,
    -10.93631109996));
#4660 = CARTESIAN_POINT('',(298.19967748892,40.977580127705,
    -11.00363179695));
#4661 = CARTESIAN_POINT('',(299.00455968594,40.977331174106,
    -11.00363168378));
#4662 = PCURVE('',#4415,#4663);
#4663 = DEFINITIONAL_REPRESENTATION('',(#4664),#4800);
#4664 = B_SPLINE_CURVE_WITH_KNOTS('',8,(#4665,#4666,#4667,#4668,#4669,
    #4670,#4671,#4672,#4673,#4674,#4675,#4676,#4677,#4678,#4679,#4680,
    #4681,#4682,#4683,#4684,#4685,#4686,#4687,#4688,#4689,#4690,#4691,
    #4692,#4693,#4694,#4695,#4696,#4697,#4698,#4699,#4700,#4701,#4702,
    #4703,#4704,#4705,#4706,#4707,#4708,#4709,#4710,#4711,#4712,#4713,
    #4714,#4715,#4716,#4717,#4718,#4719,#4720,#4721,#4722,#4723,#4724,
    #4725,#4726,#4727,#4728,#4729,#4730,#4731,#4732,#4733,#4734,#4735,
    #4736,#4737,#4738,#4739,#4740,#4741,#4742,#4743,#4744,#4745,#4746,
    #4747,#4748,#4749,#4750,#4751,#4752,#4753,#4754,#4755,#4756,#4757,
    #4758,#4759,#4760,#4761,#4762,#4763,#4764,#4765,#4766,#4767,#4768,
    #4769,#4770,#4771,#4772,#4773,#4774,#4775,#4776,#4777,#4778,#4779,
    #4780,#4781,#4782,#4783,#4784,#4785,#4786,#4787,#4788,#4789,#4790,
    #4791,#4792,#4793,#4794,#4795,#4796,#4797,#4798,#4799),
  .UNSPECIFIED.,.F.,.F.,(9,7,7,7,7,7,7,7,7,7,7,7,7,7,7,7,7,7,7,9),(0.,
    2.291136706628E-05,4.664099852821E-05,6.9552367947E-05,
    9.246373828761E-05,1.161933726658E-04,1.399230077143E-04,
    1.636526432505E-04,1.873822791066E-04,2.094753884875E-04,
    0.108294079563,0.20770713717,0.292887631972,0.392164771597,
    0.500213379895,0.608262795151,0.707538636682,0.792718018196,
    0.892129775392,1.),.UNSPECIFIED.);
#4665 = CARTESIAN_POINT('',(4.979412957831,20.455437576666));
#4666 = CARTESIAN_POINT('',(4.979412962574,20.455266627298));
#4667 = CARTESIAN_POINT('',(4.979412967242,20.455095677928));
#4668 = CARTESIAN_POINT('',(4.979412971836,20.454924728557));
#4669 = CARTESIAN_POINT('',(4.979412976356,20.454753779183));
#4670 = CARTESIAN_POINT('',(4.979412980802,20.454582829807));
#4671 = CARTESIAN_POINT('',(4.979412985174,20.454411880429));
#4672 = CARTESIAN_POINT('',(4.979412989472,20.45424093105));
#4673 = CARTESIAN_POINT('',(4.97941299807,20.453892926943));
#4674 = CARTESIAN_POINT('',(4.979413002366,20.453715872215));
#4675 = CARTESIAN_POINT('',(4.979413006581,20.453538817486));
#4676 = CARTESIAN_POINT('',(4.979413010717,20.453361762754));
#4677 = CARTESIAN_POINT('',(4.979413014774,20.453184708021));
#4678 = CARTESIAN_POINT('',(4.979413018751,20.453007653286));
#4679 = CARTESIAN_POINT('',(4.979413022649,20.45283059855));
#4680 = CARTESIAN_POINT('',(4.979413030153,20.452482594401));
#4681 = CARTESIAN_POINT('',(4.979413033766,20.452311644989));
#4682 = CARTESIAN_POINT('',(4.979413037304,20.452140695575));
#4683 = CARTESIAN_POINT('',(4.979413040768,20.45196974616));
#4684 = CARTESIAN_POINT('',(4.979413044158,20.451798796744));
#4685 = CARTESIAN_POINT('',(4.979413047474,20.451627847326));
#4686 = CARTESIAN_POINT('',(4.979413050716,20.451456897906));
#4687 = CARTESIAN_POINT('',(4.979413057052,20.451114999058));
#4688 = CARTESIAN_POINT('',(4.979413060146,20.450944049629));
#4689 = CARTESIAN_POINT('',(4.979413063165,20.450773100199));
#4690 = CARTESIAN_POINT('',(4.979413066111,20.450602150768));
#4691 = CARTESIAN_POINT('',(4.979413068982,20.450431201335));
#4692 = CARTESIAN_POINT('',(4.979413071779,20.450260251902));
#4693 = CARTESIAN_POINT('',(4.979413074502,20.450089302467));
#4694 = CARTESIAN_POINT('',(4.979413079895,20.449741298252));
#4695 = CARTESIAN_POINT('',(4.97941308256,20.449564243471));
#4696 = CARTESIAN_POINT('',(4.979413085144,20.44938718869));
#4697 = CARTESIAN_POINT('',(4.979413087649,20.449210133908));
#4698 = CARTESIAN_POINT('',(4.979413090075,20.449033079124));
#4699 = CARTESIAN_POINT('',(4.979413092421,20.448856024339));
#4700 = CARTESIAN_POINT('',(4.979413094688,20.448678969554));
#4701 = CARTESIAN_POINT('',(4.979413099063,20.448324859976));
#4702 = CARTESIAN_POINT('',(4.979413101171,20.448147805183));
#4703 = CARTESIAN_POINT('',(4.979413103199,20.44797075039));
#4704 = CARTESIAN_POINT('',(4.979413105148,20.447793695596));
#4705 = CARTESIAN_POINT('',(4.979413107017,20.447616640801));
#4706 = CARTESIAN_POINT('',(4.979413108807,20.447439586005));
#4707 = CARTESIAN_POINT('',(4.979413110517,20.447262531209));
#4708 = CARTESIAN_POINT('',(4.979413113779,20.44690842161));
#4709 = CARTESIAN_POINT('',(4.97941311533,20.446731366809));
#4710 = CARTESIAN_POINT('',(4.979413116802,20.446554312007));
#4711 = CARTESIAN_POINT('',(4.979413118195,20.446377257204));
#4712 = CARTESIAN_POINT('',(4.979413119508,20.4462002024));
#4713 = CARTESIAN_POINT('',(4.979413120741,20.446023147596));
#4714 = CARTESIAN_POINT('',(4.979413121895,20.445846092792));
#4715 = CARTESIAN_POINT('',(4.979413124044,20.445491983179));
#4716 = CARTESIAN_POINT('',(4.979413125039,20.445314928371));
#4717 = CARTESIAN_POINT('',(4.979413125954,20.445137873563));
#4718 = CARTESIAN_POINT('',(4.97941312679,20.444960818754));
#4719 = CARTESIAN_POINT('',(4.979413127547,20.444783763945));
#4720 = CARTESIAN_POINT('',(4.979413128224,20.444606709136));
#4721 = CARTESIAN_POINT('',(4.979413128821,20.444429654326));
#4722 = CARTESIAN_POINT('',(4.979413129822,20.444087755382));
#4723 = CARTESIAN_POINT('',(4.979413130235,20.443922911248));
#4724 = CARTESIAN_POINT('',(4.97941313058,20.443758067113));
#4725 = CARTESIAN_POINT('',(4.979413130855,20.443593222978));
#4726 = CARTESIAN_POINT('',(4.979413131062,20.443428378843));
#4727 = CARTESIAN_POINT('',(4.9794131312,20.443263534708));
#4728 = CARTESIAN_POINT('',(4.979413131269,20.443098690573));
#4729 = CARTESIAN_POINT('',(4.979413131269,19.636478187163));
#4730 = CARTESIAN_POINT('',(4.977764049838,18.830609017083));
#4731 = CARTESIAN_POINT('',(4.974469974401,18.028674357011));
#4732 = CARTESIAN_POINT('',(4.96952112385,17.234159867244));
#4733 = CARTESIAN_POINT('',(4.962895712792,16.450917809933));
#4734 = CARTESIAN_POINT('',(4.954561683745,15.683460685919));
#4735 = CARTESIAN_POINT('',(4.944478097878,14.93733265161));
#4736 = CARTESIAN_POINT('',(4.921667145735,13.559396403415));
#4737 = CARTESIAN_POINT('',(4.909175872097,12.920748920502));
#4738 = CARTESIAN_POINT('',(4.895077610699,12.310238603882));
#4739 = CARTESIAN_POINT('',(4.879334548816,11.735790165118));
#4740 = CARTESIAN_POINT('',(4.861921979222,11.206850572506));
#4741 = CARTESIAN_POINT('',(4.842832578621,10.734580659312));
#4742 = CARTESIAN_POINT('',(4.822084091728,10.332176664608));
#4743 = CARTESIAN_POINT('',(4.780587250878,9.744099011266));
#4744 = CARTESIAN_POINT('',(4.760245936693,9.535386683115));
#4745 = CARTESIAN_POINT('',(4.739079503743,9.404233045214));
#4746 = CARTESIAN_POINT('',(4.717490877251,9.359441573738));
#4747 = CARTESIAN_POINT('',(4.695900508227,9.403945592287));
#4748 = CARTESIAN_POINT('',(4.674728770075,9.534929102526));
#4749 = CARTESIAN_POINT('',(4.654378349445,9.743701968859));
#4750 = CARTESIAN_POINT('',(4.61288310262,10.332206406996));
#4751 = CARTESIAN_POINT('',(4.592152710216,10.734674776738));
#4752 = CARTESIAN_POINT('',(4.573084106915,11.207048946327));
#4753 = CARTESIAN_POINT('',(4.555694769425,11.736115045277));
#4754 = CARTESIAN_POINT('',(4.539977117451,12.310672585345));
#4755 = CARTESIAN_POINT('',(4.525906051742,12.921215951909));
#4756 = CARTESIAN_POINT('',(4.513443087193,13.559746896347));
#4757 = CARTESIAN_POINT('',(4.490678986522,14.937694494602));
#4758 = CARTESIAN_POINT('',(4.480615775999,15.684086890885));
#4759 = CARTESIAN_POINT('',(4.472302015264,16.451684429813));
#4760 = CARTESIAN_POINT('',(4.465694970867,17.23493730807));
#4761 = CARTESIAN_POINT('',(4.460761061638,18.029346063192));
#4762 = CARTESIAN_POINT('',(4.457477366782,18.831087543718));
#4763 = CARTESIAN_POINT('',(4.455833477819,19.636717229581));
#4764 = CARTESIAN_POINT('',(4.455833477819,21.249156484496));
#4765 = CARTESIAN_POINT('',(4.457477389957,22.054794304961));
#4766 = CARTESIAN_POINT('',(4.460761152382,22.856539238577));
#4767 = CARTESIAN_POINT('',(4.465695101371,23.650942845367));
#4768 = CARTESIAN_POINT('',(4.472302082554,24.43418360953));
#4769 = CARTESIAN_POINT('',(4.480615672994,25.201768910634));
#4770 = CARTESIAN_POINT('',(4.490678742794,25.94815844502));
#4771 = CARTESIAN_POINT('',(4.513443087193,27.326120796524));
#4772 = CARTESIAN_POINT('',(4.525906051742,27.964651740969));
#4773 = CARTESIAN_POINT('',(4.539977117451,28.575195107527));
#4774 = CARTESIAN_POINT('',(4.555694769425,29.149752647594));
#4775 = CARTESIAN_POINT('',(4.573084106915,29.678818746549));
#4776 = CARTESIAN_POINT('',(4.592152710216,30.151192916137));
#4777 = CARTESIAN_POINT('',(4.61288310262,30.553661285877));
#4778 = CARTESIAN_POINT('',(4.654378349555,31.142165725566));
#4779 = CARTESIAN_POINT('',(4.67472876972,31.350938584431));
#4780 = CARTESIAN_POINT('',(4.695900508643,31.481922111966));
#4781 = CARTESIAN_POINT('',(4.717490877229,31.526426105006));
#4782 = CARTESIAN_POINT('',(4.739079503327,31.481634659793));
#4783 = CARTESIAN_POINT('',(4.760245937094,31.350481002984));
#4784 = CARTESIAN_POINT('',(4.780587250742,31.141768683531));
#4785 = CARTESIAN_POINT('',(4.822084091637,30.553691029546));
#4786 = CARTESIAN_POINT('',(4.842832578866,30.151287028442));
#4787 = CARTESIAN_POINT('',(4.861921978992,29.679017127222));
#4788 = CARTESIAN_POINT('',(4.879334548783,29.150077526834));
#4789 = CARTESIAN_POINT('',(4.89507761093,28.575629082191));
#4790 = CARTESIAN_POINT('',(4.909175871924,27.965118779523));
#4791 = CARTESIAN_POINT('',(4.921667145778,27.326471286851));
#4792 = CARTESIAN_POINT('',(4.944454685449,25.949949310781));
#4793 = CARTESIAN_POINT('',(4.954522438622,25.205317084425));
#4794 = CARTESIAN_POINT('',(4.962847337484,24.439411232088));
#4795 = CARTESIAN_POINT('',(4.969469897542,23.657762156549));
#4796 = CARTESIAN_POINT('',(4.974422056639,22.864869892592));
#4797 = CARTESIAN_POINT('',(4.977725662302,22.064568882943));
#4798 = CARTESIAN_POINT('',(4.979390629008,21.260319253058));
#4799 = CARTESIAN_POINT('',(4.979412957831,20.455437576666));
#4800 = ( GEOMETRIC_REPRESENTATION_CONTEXT(2) 
PARAMETRIC_REPRESENTATION_CONTEXT() REPRESENTATION_CONTEXT('2D SPACE',''
  ) );
#4801 = PCURVE('',#4802,#4807);
#4802 = CYLINDRICAL_SURFACE('',#4803,10.996367129137);
#4803 = AXIS2_PLACEMENT_3D('',#4804,#4805,#4806);
#4804 = CARTESIAN_POINT('',(299.00455666966,43.505176016051,
    -8.412465868449E-03));
#4805 = DIRECTION('',(1.195588044442E-06,-0.999999896689,
    4.545560369244E-04));
#4806 = DIRECTION('',(0.,-4.545560369247E-04,-0.999999896689));
#4807 = DEFINITIONAL_REPRESENTATION('',(#4808),#4944);
#4808 = B_SPLINE_CURVE_WITH_KNOTS('',8,(#4809,#4810,#4811,#4812,#4813,
    #4814,#4815,#4816,#4817,#4818,#4819,#4820,#4821,#4822,#4823,#4824,
    #4825,#4826,#4827,#4828,#4829,#4830,#4831,#4832,#4833,#4834,#4835,
    #4836,#4837,#4838,#4839,#4840,#4841,#4842,#4843,#4844,#4845,#4846,
    #4847,#4848,#4849,#4850,#4851,#4852,#4853,#4854,#4855,#4856,#4857,
    #4858,#4859,#4860,#4861,#4862,#4863,#4864,#4865,#4866,#4867,#4868,
    #4869,#4870,#4871,#4872,#4873,#4874,#4875,#4876,#4877,#4878,#4879,
    #4880,#4881,#4882,#4883,#4884,#4885,#4886,#4887,#4888,#4889,#4890,
    #4891,#4892,#4893,#4894,#4895,#4896,#4897,#4898,#4899,#4900,#4901,
    #4902,#4903,#4904,#4905,#4906,#4907,#4908,#4909,#4910,#4911,#4912,
    #4913,#4914,#4915,#4916,#4917,#4918,#4919,#4920,#4921,#4922,#4923,
    #4924,#4925,#4926,#4927,#4928,#4929,#4930,#4931,#4932,#4933,#4934,
    #4935,#4936,#4937,#4938,#4939,#4940,#4941,#4942,#4943),
  .UNSPECIFIED.,.F.,.F.,(9,7,7,7,7,7,7,7,7,7,7,7,7,7,7,7,7,7,7,9),(0.,
    2.291136706628E-05,4.664099852821E-05,6.9552367947E-05,
    9.246373828761E-05,1.161933726658E-04,1.399230077143E-04,
    1.636526432505E-04,1.873822791066E-04,2.094753884875E-04,
    0.108294079563,0.20770713717,0.292887631972,0.392164771597,
    0.500213379895,0.608262795151,0.707538636682,0.792718018196,
    0.892129775392,1.),.UNSPECIFIED.);
#4809 = CARTESIAN_POINT('',(0.,2.522846637521));
#4810 = CARTESIAN_POINT('',(1.554599591622E-05,2.522846690601));
#4811 = CARTESIAN_POINT('',(3.109199169995E-05,2.522846742851));
#4812 = CARTESIAN_POINT('',(4.663798735327E-05,2.522846794272));
#4813 = CARTESIAN_POINT('',(6.218398287837E-05,2.522846844864));
#4814 = CARTESIAN_POINT('',(7.772997827757E-05,2.522846894626));
#4815 = CARTESIAN_POINT('',(9.327597355334E-05,2.522846943559));
#4816 = CARTESIAN_POINT('',(1.088219687083E-04,2.522846991663));
#4817 = CARTESIAN_POINT('',(1.404691737627E-04,2.5228470879));
#4818 = CARTESIAN_POINT('',(1.565703836535E-04,2.522847135973));
#4819 = CARTESIAN_POINT('',(1.7267159342E-04,2.522847183156));
#4820 = CARTESIAN_POINT('',(1.887728030648E-04,2.522847229449));
#4821 = CARTESIAN_POINT('',(2.048740125905E-04,2.522847274853));
#4822 = CARTESIAN_POINT('',(2.209752219999E-04,2.522847319368));
#4823 = CARTESIAN_POINT('',(2.370764312958E-04,2.522847362992));
#4824 = CARTESIAN_POINT('',(2.687236362953E-04,2.522847446988));
#4825 = CARTESIAN_POINT('',(2.842696320047E-04,2.52284748742));
#4826 = CARTESIAN_POINT('',(2.998156276127E-04,2.522847527023));
#4827 = CARTESIAN_POINT('',(3.153616231225E-04,2.522847565796));
#4828 = CARTESIAN_POINT('',(3.309076185366E-04,2.52284760374));
#4829 = CARTESIAN_POINT('',(3.464536138574E-04,2.522847640854));
#4830 = CARTESIAN_POINT('',(3.619996090868E-04,2.522847677139));
#4831 = CARTESIAN_POINT('',(3.930915999881E-04,2.522847748051));
#4832 = CARTESIAN_POINT('',(4.086375956612E-04,2.522847782677));
#4833 = CARTESIAN_POINT('',(4.241835912482E-04,2.522847816474));
#4834 = CARTESIAN_POINT('',(4.397295867513E-04,2.522847849441));
#4835 = CARTESIAN_POINT('',(4.552755821729E-04,2.52284788158));
#4836 = CARTESIAN_POINT('',(4.708215775154E-04,2.522847912888));
#4837 = CARTESIAN_POINT('',(4.863675727808E-04,2.522847943368));
#4838 = CARTESIAN_POINT('',(5.180147778231E-04,2.522848003727));
#4839 = CARTESIAN_POINT('',(5.341159875946E-04,2.522848033546));
#4840 = CARTESIAN_POINT('',(5.502171972894E-04,2.522848062476));
#4841 = CARTESIAN_POINT('',(5.663184069103E-04,2.522848090516));
#4842 = CARTESIAN_POINT('',(5.824196164601E-04,2.522848117666));
#4843 = CARTESIAN_POINT('',(5.985208259415E-04,2.522848143927));
#4844 = CARTESIAN_POINT('',(6.146220353565E-04,2.522848169298));
#4845 = CARTESIAN_POINT('',(6.468244545025E-04,2.52284821826));
#4846 = CARTESIAN_POINT('',(6.629256642341E-04,2.522848241852));
#4847 = CARTESIAN_POINT('',(6.790268739048E-04,2.522848264554));
#4848 = CARTESIAN_POINT('',(6.951280835176E-04,2.522848286366));
#4849 = CARTESIAN_POINT('',(7.112292930752E-04,2.522848307289));
#4850 = CARTESIAN_POINT('',(7.273305025803E-04,2.522848327322));
#4851 = CARTESIAN_POINT('',(7.434317120355E-04,2.522848346465));
#4852 = CARTESIAN_POINT('',(7.756341311809E-04,2.522848382972));
#4853 = CARTESIAN_POINT('',(7.917353408731E-04,2.522848400336));
#4854 = CARTESIAN_POINT('',(8.078365505209E-04,2.522848416811));
#4855 = CARTESIAN_POINT('',(8.239377601263E-04,2.522848432395));
#4856 = CARTESIAN_POINT('',(8.400389696916E-04,2.52284844709));
#4857 = CARTESIAN_POINT('',(8.561401792197E-04,2.522848460895));
#4858 = CARTESIAN_POINT('',(8.722413887142E-04,2.522848473811));
#4859 = CARTESIAN_POINT('',(9.044438078606E-04,2.522848497863));
#4860 = CARTESIAN_POINT('',(9.205450175123E-04,2.522848508999));
#4861 = CARTESIAN_POINT('',(9.366462271357E-04,2.522848519245));
#4862 = CARTESIAN_POINT('',(9.527474367329E-04,2.522848528602));
#4863 = CARTESIAN_POINT('',(9.688486463063E-04,2.52284853707));
#4864 = CARTESIAN_POINT('',(9.849498558588E-04,2.522848544647));
#4865 = CARTESIAN_POINT('',(1.001051065394E-03,2.522848551335));
#4866 = CARTESIAN_POINT('',(1.03214305629E-03,2.522848562532));
#4867 = CARTESIAN_POINT('',(1.047133837651E-03,2.522848567159));
#4868 = CARTESIAN_POINT('',(1.062124619002E-03,2.522848571015));
#4869 = CARTESIAN_POINT('',(1.077115400344E-03,2.522848574099));
#4870 = CARTESIAN_POINT('',(1.09210618168E-03,2.522848576413));
#4871 = CARTESIAN_POINT('',(1.107096963011E-03,2.522848577955));
#4872 = CARTESIAN_POINT('',(1.12208774434E-03,2.522848578727));
#4873 = CARTESIAN_POINT('',(7.447545017188E-02,2.522848578727));
#4874 = CARTESIAN_POINT('',(0.147760451028,2.504391144604));
#4875 = CARTESIAN_POINT('',(0.221288883404,2.467522241601));
#4876 = CARTESIAN_POINT('',(0.295340734211,2.412756015601));
#4877 = CARTESIAN_POINT('',(0.37020038106,2.341090246237));
#4878 = CARTESIAN_POINT('',(0.446163474157,2.25408675147));
#4879 = CARTESIAN_POINT('',(0.523546827199,2.154001465133));
#4880 = CARTESIAN_POINT('',(0.675538577895,1.942725786645));
#4881 = CARTESIAN_POINT('',(0.750143933709,1.832692135963));
#4882 = CARTESIAN_POINT('',(0.826751706944,1.716282755855));
#4883 = CARTESIAN_POINT('',(0.905587411705,1.596723781989));
#4884 = CARTESIAN_POINT('',(0.986899634659,1.478119958339));
#4885 = CARTESIAN_POINT('',(1.070971512617,1.365528555822));
#4886 = CARTESIAN_POINT('',(1.158143504295,1.264861473441));
#4887 = CARTESIAN_POINT('',(1.326592364407,1.11185014614));
#4888 = CARTESIAN_POINT('',(1.407000588383,1.054583449692));
#4889 = CARTESIAN_POINT('',(1.489019964835,1.015918401318));
#4890 = CARTESIAN_POINT('',(1.571807514323,0.999683759269));
#4891 = CARTESIAN_POINT('',(1.654610022194,1.007380907776));
#4892 = CARTESIAN_POINT('',(1.736674752279,1.037694779248));
#4893 = CARTESIAN_POINT('',(1.817160717477,1.086972573702));
#4894 = CARTESIAN_POINT('',(1.98573182575,1.223698112573));
#4895 = CARTESIAN_POINT('',(2.072916981377,1.31615136356));
#4896 = CARTESIAN_POINT('',(2.157003811566,1.421151423954));
#4897 = CARTESIAN_POINT('',(2.238329427836,1.532790014861));
#4898 = CARTESIAN_POINT('',(2.31717307194,1.646004039247));
#4899 = CARTESIAN_POINT('',(2.393778809026,1.75667871829));
#4900 = CARTESIAN_POINT('',(2.468366893486,1.861578221467));
#4901 = CARTESIAN_POINT('',(2.620359896137,2.063488876477));
#4902 = CARTESIAN_POINT('',(2.697767451814,2.159430262333));
#4903 = CARTESIAN_POINT('',(2.773740865391,2.242965826465));
#4904 = CARTESIAN_POINT('',(2.848598915457,2.311843182542));
#4905 = CARTESIAN_POINT('',(2.922639547886,2.364508785174));
#4906 = CARTESIAN_POINT('',(2.996149874206,2.399973206429));
#4907 = CARTESIAN_POINT('',(3.069413098778,2.417727572044));
#4908 = CARTESIAN_POINT('',(3.216046913016,2.417727572044));
#4909 = CARTESIAN_POINT('',(3.289310874442,2.399972953555));
#4910 = CARTESIAN_POINT('',(3.362821534913,2.364507808571));
#4911 = CARTESIAN_POINT('',(3.43686174902,2.31184179066));
#4912 = CARTESIAN_POINT('',(3.511718722633,2.242965222113));
#4913 = CARTESIAN_POINT('',(3.5876909036,2.159431450656));
#4914 = CARTESIAN_POINT('',(3.665097940752,2.063491038271));
#4915 = CARTESIAN_POINT('',(3.817092570745,1.861578221468));
#4916 = CARTESIAN_POINT('',(3.891680655205,1.75667871829));
#4917 = CARTESIAN_POINT('',(3.96828639229,1.646004039247));
#4918 = CARTESIAN_POINT('',(4.047130036394,1.532790014861));
#4919 = CARTESIAN_POINT('',(4.128455652665,1.421151423954));
#4920 = CARTESIAN_POINT('',(4.212542482855,1.31615136356));
#4921 = CARTESIAN_POINT('',(4.29972763848,1.223698112573));
#4922 = CARTESIAN_POINT('',(4.468298747198,1.086972573342));
#4923 = CARTESIAN_POINT('',(4.548784710526,1.037694780636));
#4924 = CARTESIAN_POINT('',(4.630849443694,1.007380905059));
#4925 = CARTESIAN_POINT('',(4.713651949839,0.999683762738));
#4926 = CARTESIAN_POINT('',(4.796439497715,1.015918398251));
#4927 = CARTESIAN_POINT('',(4.878458877465,1.05458345144));
#4928 = CARTESIAN_POINT('',(4.958867099274,1.11185014564));
#4929 = CARTESIAN_POINT('',(5.127315959569,1.264861473108));
#4930 = CARTESIAN_POINT('',(5.214487952691,1.365528556961));
#4931 = CARTESIAN_POINT('',(5.298559828451,1.478119956997));
#4932 = CARTESIAN_POINT('',(5.379872052471,1.596723782033));
#4933 = CARTESIAN_POINT('',(5.45870775841,1.716282757193));
#4934 = CARTESIAN_POINT('',(5.535315529567,1.832692134726));
#4935 = CARTESIAN_POINT('',(5.609920886624,1.942725787045));
#4936 = CARTESIAN_POINT('',(5.76175663758,2.153784618561));
#4937 = CARTESIAN_POINT('',(5.838994356501,2.253696922522));
#4938 = CARTESIAN_POINT('',(5.914817587496,2.340585195145));
#4939 = CARTESIAN_POINT('',(5.989540018339,2.412202043839));
#4940 = CARTESIAN_POINT('',(6.063454987542,2.466992029729));
#4941 = CARTESIAN_POINT('',(6.136845289816,2.503961531012));
#4942 = CARTESIAN_POINT('',(6.20999002484,2.522596721588));
#4943 = CARTESIAN_POINT('',(6.28318530718,2.522846637521));
#4944 = ( GEOMETRIC_REPRESENTATION_CONTEXT(2) 
PARAMETRIC_REPRESENTATION_CONTEXT() REPRESENTATION_CONTEXT('2D SPACE',''
  ) );
#4945 = ADVANCED_FACE('',(#4946,#5000),#4450,.T.);
#4946 = FACE_BOUND('',#4947,.T.);
#4947 = EDGE_LOOP('',(#4948,#4971,#4972,#4973));
#4948 = ORIENTED_EDGE('',*,*,#4949,.T.);
#4949 = EDGE_CURVE('',#4950,#4434,#4952,.T.);
#4950 = VERTEX_POINT('',#4951);
#4951 = CARTESIAN_POINT('',(53.716889014611,-6.008745048756E-03,
    42.514647751146));
#4952 = SEAM_CURVE('',#4953,(#4957,#4964),.PCURVE_S1.);
#4953 = LINE('',#4954,#4955);
#4954 = CARTESIAN_POINT('',(53.716889014611,-6.008745048756E-03,
    42.514647751146));
#4955 = VECTOR('',#4956,1.);
#4956 = DIRECTION('',(0.999999353526,1.712452944955E-06,
    1.13707761976E-03));
#4957 = PCURVE('',#4450,#4958);
#4958 = DEFINITIONAL_REPRESENTATION('',(#4959),#4963);
#4959 = LINE('',#4960,#4961);
#4960 = CARTESIAN_POINT('',(6.28318530718,-0.));
#4961 = VECTOR('',#4962,1.);
#4962 = DIRECTION('',(0.,1.));
#4963 = ( GEOMETRIC_REPRESENTATION_CONTEXT(2) 
PARAMETRIC_REPRESENTATION_CONTEXT() REPRESENTATION_CONTEXT('2D SPACE',''
  ) );
#4964 = PCURVE('',#4450,#4965);
#4965 = DEFINITIONAL_REPRESENTATION('',(#4966),#4970);
#4966 = LINE('',#4967,#4968);
#4967 = CARTESIAN_POINT('',(0.,-0.));
#4968 = VECTOR('',#4969,1.);
#4969 = DIRECTION('',(0.,1.));
#4970 = ( GEOMETRIC_REPRESENTATION_CONTEXT(2) 
PARAMETRIC_REPRESENTATION_CONTEXT() REPRESENTATION_CONTEXT('2D SPACE',''
  ) );
#4971 = ORIENTED_EDGE('',*,*,#4433,.F.);
#4972 = ORIENTED_EDGE('',*,*,#4949,.F.);
#4973 = ORIENTED_EDGE('',*,*,#4974,.T.);
#4974 = EDGE_CURVE('',#4950,#4950,#4975,.T.);
#4975 = SURFACE_CURVE('',#4976,(#4981,#4988),.PCURVE_S1.);
#4976 = CIRCLE('',#4977,42.585999841952);
#4977 = AXIS2_PLACEMENT_3D('',#4978,#4979,#4980);
#4978 = CARTESIAN_POINT('',(53.765312601946,-6.008745048767E-03,
    -7.132456010815E-02));
#4979 = DIRECTION('',(0.999999353526,1.712452944955E-06,
    1.13707761976E-03));
#4980 = DIRECTION('',(-1.137077619762E-03,0.,0.999999353527));
#4981 = PCURVE('',#4450,#4982);
#4982 = DEFINITIONAL_REPRESENTATION('',(#4983),#4987);
#4983 = LINE('',#4984,#4985);
#4984 = CARTESIAN_POINT('',(0.,0.));
#4985 = VECTOR('',#4986,1.);
#4986 = DIRECTION('',(1.,0.));
#4987 = ( GEOMETRIC_REPRESENTATION_CONTEXT(2) 
PARAMETRIC_REPRESENTATION_CONTEXT() REPRESENTATION_CONTEXT('2D SPACE',''
  ) );
#4988 = PCURVE('',#4989,#4994);
#4989 = PLANE('',#4990);
#4990 = AXIS2_PLACEMENT_3D('',#4991,#4992,#4993);
#4991 = CARTESIAN_POINT('',(53.765312601946,-6.008745048767E-03,
    -7.132456010815E-02));
#4992 = DIRECTION('',(0.999999353526,1.712452944955E-06,
    1.13707761976E-03));
#4993 = DIRECTION('',(-1.137077619762E-03,0.,0.999999353527));
#4994 = DEFINITIONAL_REPRESENTATION('',(#4995),#4999);
#4995 = CIRCLE('',#4996,42.585999841952);
#4996 = AXIS2_PLACEMENT_2D('',#4997,#4998);
#4997 = CARTESIAN_POINT('',(0.,0.));
#4998 = DIRECTION('',(1.,0.));
#4999 = ( GEOMETRIC_REPRESENTATION_CONTEXT(2) 
PARAMETRIC_REPRESENTATION_CONTEXT() REPRESENTATION_CONTEXT('2D SPACE',''
  ) );
#5000 = FACE_BOUND('',#5001,.T.);
#5001 = EDGE_LOOP('',(#5002));
#5002 = ORIENTED_EDGE('',*,*,#5003,.F.);
#5003 = EDGE_CURVE('',#5004,#5004,#5006,.T.);
#5004 = VERTEX_POINT('',#5005);
#5005 = CARTESIAN_POINT('',(75.990663338868,41.12312334909,
    10.997731445454));
#5006 = SURFACE_CURVE('',#5007,(#5143,#5282),.PCURVE_S1.);
#5007 = B_SPLINE_CURVE_WITH_KNOTS('',8,(#5008,#5009,#5010,#5011,#5012,
    #5013,#5014,#5015,#5016,#5017,#5018,#5019,#5020,#5021,#5022,#5023,
    #5024,#5025,#5026,#5027,#5028,#5029,#5030,#5031,#5032,#5033,#5034,
    #5035,#5036,#5037,#5038,#5039,#5040,#5041,#5042,#5043,#5044,#5045,
    #5046,#5047,#5048,#5049,#5050,#5051,#5052,#5053,#5054,#5055,#5056,
    #5057,#5058,#5059,#5060,#5061,#5062,#5063,#5064,#5065,#5066,#5067,
    #5068,#5069,#5070,#5071,#5072,#5073,#5074,#5075,#5076,#5077,#5078,
    #5079,#5080,#5081,#5082,#5083,#5084,#5085,#5086,#5087,#5088,#5089,
    #5090,#5091,#5092,#5093,#5094,#5095,#5096,#5097,#5098,#5099,#5100,
    #5101,#5102,#5103,#5104,#5105,#5106,#5107,#5108,#5109,#5110,#5111,
    #5112,#5113,#5114,#5115,#5116,#5117,#5118,#5119,#5120,#5121,#5122,
    #5123,#5124,#5125,#5126,#5127,#5128,#5129,#5130,#5131,#5132,#5133,
    #5134,#5135,#5136,#5137,#5138,#5139,#5140,#5141,#5142),
  .UNSPECIFIED.,.T.,.F.,(9,7,7,7,7,7,7,7,7,7,7,7,7,7,7,7,7,7,7,9),(0.,
    0.108057612235,0.207383693104,0.29256278168,0.391926521901,
    0.499793579702,0.607855995545,0.707178662865,0.792356203627,
    0.891719665947,0.999791347782,0.99981507686,0.999838805938,
    0.999862535015,0.999886264092,0.999909993168,0.999932904,
    0.999956633074,0.999980362147,1.),.UNSPECIFIED.);
#5008 = CARTESIAN_POINT('',(75.990663338868,41.123123349088,
    10.997731445457));
#5009 = CARTESIAN_POINT('',(76.798758640444,41.123371525529,
    10.997731210601));
#5010 = CARTESIAN_POINT('',(77.606297191501,41.141806216642,
    10.930000309582));
#5011 = CARTESIAN_POINT('',(78.409941087978,41.178377057127,
    10.794697746228));
#5012 = CARTESIAN_POINT('',(79.206211798612,41.232565263422,
    10.591235218255));
#5013 = CARTESIAN_POINT('',(79.991259278264,41.303367994218,
    10.318358738645));
#5014 = CARTESIAN_POINT('',(80.760565783695,41.389216674096,
    9.974224804375));
#5015 = CARTESIAN_POINT('',(81.508571186133,41.487844800537,
    9.556483230426));
#5016 = CARTESIAN_POINT('',(82.889692252383,41.695647534222,
    8.608200122223));
#5017 = CARTESIAN_POINT('',(83.529735770275,41.803706057074,
    8.08776397511));
#5018 = CARTESIAN_POINT('',(84.141661850421,41.91784683313,
    7.498657549049));
#5019 = CARTESIAN_POINT('',(84.717483921015,42.034824605029,
    6.838711011092));
#5020 = CARTESIAN_POINT('',(85.247699329474,42.150513953356,
    6.106306494516));
#5021 = CARTESIAN_POINT('',(85.721099498364,42.259839137189,
    5.300674622566));
#5022 = CARTESIAN_POINT('',(86.124449456136,42.356876779107,
    4.422374268202));
#5023 = CARTESIAN_POINT('',(86.714119737003,42.502534849984,
    2.660983496301));
#5024 = CARTESIAN_POINT('',(86.923347340061,42.556127260326,
    1.795860076606));
#5025 = CARTESIAN_POINT('',(87.05469632826,42.590873385424,0.89452052033
    ));
#5026 = CARTESIAN_POINT('',(87.099411950531,42.603031433011,
    -2.542896716341E-02));
#5027 = CARTESIAN_POINT('',(87.054627736855,42.591202907804,
    -0.945309438563));
#5028 = CARTESIAN_POINT('',(86.923240106298,42.556812308652,
    -1.846448868825));
#5029 = CARTESIAN_POINT('',(86.714029932387,42.503616851334,
    -2.711260765425));
#5030 = CARTESIAN_POINT('',(86.124433846848,42.358881262207,
    -4.472155112132));
#5031 = CARTESIAN_POINT('',(85.72106983505,42.262362947545,
    -5.350282169694));
#5032 = CARTESIAN_POINT('',(85.247667168453,42.153606608909,
    -6.155693498616));
#5033 = CARTESIAN_POINT('',(84.717462839935,42.038536117226,
    -6.88785465263));
#5034 = CARTESIAN_POINT('',(84.141661376587,41.922218944876,
    -7.547556425319));
#5035 = CARTESIAN_POINT('',(83.529755995006,41.808767455017,
    -8.13643374914));
#5036 = CARTESIAN_POINT('',(82.889718808625,41.701412482631,
    -8.656668204729));
#5037 = CARTESIAN_POINT('',(81.510083632878,41.495310471668,
    -9.603539615716));
#5038 = CARTESIAN_POINT('',(80.763665920141,41.397640449362,
    -10.0204079321));
#5039 = CARTESIAN_POINT('',(79.995985086523,41.312680704757,
    -10.36400072658));
#5040 = CARTESIAN_POINT('',(79.212576842029,41.242672289413,
    -10.63664667852));
#5041 = CARTESIAN_POINT('',(78.417936312331,41.189161987534,
    -10.84017748486));
#5042 = CARTESIAN_POINT('',(77.615886433562,41.153135084775,
    -10.9758400801));
#5043 = CARTESIAN_POINT('',(76.809872444113,41.135098466984,
    -11.04421567315));
#5044 = CARTESIAN_POINT('',(75.195057675454,41.135095701688,
    -11.04605184407));
#5045 = CARTESIAN_POINT('',(74.387429495235,41.153194926006,
    -10.97926659139));
#5046 = CARTESIAN_POINT('',(73.583640300282,41.189349772307,
    -10.84494107682));
#5047 = CARTESIAN_POINT('',(72.787158294332,41.243048543968,
    -10.64248636903));
#5048 = CARTESIAN_POINT('',(72.001822630893,41.313297492812,
    -10.37064247121));
#5049 = CARTESIAN_POINT('',(71.232140720055,41.39853885773,
    -10.0275544739));
#5050 = CARTESIAN_POINT('',(70.483664029063,41.496517676215,
    -9.610855085008));
#5051 = CARTESIAN_POINT('',(69.101495373456,41.703005895278,
    -8.664555515802));
#5052 = CARTESIAN_POINT('',(68.460881831605,41.810400987996,
    -8.145076137214));
#5053 = CARTESIAN_POINT('',(67.848291447437,41.923856781535,
    -7.556898968061));
#5054 = CARTESIAN_POINT('',(67.271712572232,42.040135798531,
    -6.897836516207));
#5055 = CARTESIAN_POINT('',(66.740650465108,42.155119141367,
    -6.166251007585));
#5056 = CARTESIAN_POINT('',(66.266316995697,42.26373505534,
    -5.361350257242));
#5057 = CARTESIAN_POINT('',(65.861951506344,42.360059996689,
    -4.483666741321));
#5058 = CARTESIAN_POINT('',(65.270251172245,42.504377468803,
    -2.7231399916));
#5059 = CARTESIAN_POINT('',(65.060036674503,42.557342112536,
    -1.858319557624));
#5060 = CARTESIAN_POINT('',(64.927669252216,42.591458889849,
    -0.957171250725));
#5061 = CARTESIAN_POINT('',(64.881919549955,42.602988806091,
    -3.728732802352E-02));
#5062 = CARTESIAN_POINT('',(64.925669675764,42.59053246183,
    0.882657817792));
#5063 = CARTESIAN_POINT('',(65.056038874038,42.555513434642,
    1.783987684379));
#5064 = CARTESIAN_POINT('',(65.264262257344,42.501691675664,
    2.649101927422));
#5065 = CARTESIAN_POINT('',(65.851828447216,42.355619356655,
    4.410858994973));
#5066 = CARTESIAN_POINT('',(66.254176633426,42.258390892891,
    5.289602023491));
#5067 = CARTESIAN_POINT('',(66.72664565073,42.148928327641,
    6.095743631348));
#5068 = CARTESIAN_POINT('',(67.256002920113,42.033155295952,
    6.82872302032));
#5069 = CARTESIAN_POINT('',(67.83104717814,41.916143207872,
    7.489308143931));
#5070 = CARTESIAN_POINT('',(68.442287779835,41.802010903542,
    8.07911399981));
#5071 = CARTESIAN_POINT('',(69.081754408405,41.693996945215,
    8.60030457681));
#5072 = CARTESIAN_POINT('',(70.461761799179,41.486378083521,
    9.550133257818));
#5073 = CARTESIAN_POINT('',(71.209214006814,41.387894076756,
    9.968698806102));
#5074 = CARTESIAN_POINT('',(71.978082236522,41.302219280455,
    10.313711158499));
#5075 = CARTESIAN_POINT('',(72.762806269417,41.231615169301,
    10.587502072096));
#5076 = CARTESIAN_POINT('',(73.55886722492,41.177645623573,
    10.791899445328));
#5077 = CARTESIAN_POINT('',(74.3624134941,41.141308890211,
    10.928143349729));
#5078 = CARTESIAN_POINT('',(75.169964519681,41.123119065855,
    10.996808964153));
#5079 = CARTESIAN_POINT('',(75.978357522972,41.123121414581,
    10.997724578769));
#5080 = CARTESIAN_POINT('',(75.978534981209,41.123121415974,
    10.997724776498));
#5081 = CARTESIAN_POINT('',(75.978712439449,41.123121418243,
    10.997724970961));
#5082 = CARTESIAN_POINT('',(75.978889897692,41.12312142139,
    10.997725162158));
#5083 = CARTESIAN_POINT('',(75.979067355939,41.123121425414,
    10.997725350088));
#5084 = CARTESIAN_POINT('',(75.97924481419,41.123121430315,
    10.997725534752));
#5085 = CARTESIAN_POINT('',(75.979422272444,41.123121436093,
    10.99772571615));
#5086 = CARTESIAN_POINT('',(75.979777188958,41.123121449403,
    10.997726072412));
#5087 = CARTESIAN_POINT('',(75.979954647218,41.123121456935,
    10.997726247277));
#5088 = CARTESIAN_POINT('',(75.980132105481,41.123121465344,
    10.997726418876));
#5089 = CARTESIAN_POINT('',(75.980309563748,41.12312147463,
    10.997726587209));
#5090 = CARTESIAN_POINT('',(75.980487022018,41.123121484793,
    10.997726752275));
#5091 = CARTESIAN_POINT('',(75.980664480291,41.123121495833,
    10.997726914074));
#5092 = CARTESIAN_POINT('',(75.980841938568,41.12312150775,
    10.997727072608));
#5093 = CARTESIAN_POINT('',(75.981196855125,41.123121533339,
    10.997727383142));
#5094 = CARTESIAN_POINT('',(75.981374313405,41.123121547011,
    10.997727535143));
#5095 = CARTESIAN_POINT('',(75.981551771689,41.123121561559,
    10.997727683878));
#5096 = CARTESIAN_POINT('',(75.981729229976,41.123121576985,
    10.997727829346));
#5097 = CARTESIAN_POINT('',(75.981906688265,41.123121593287,
    10.997727971548));
#5098 = CARTESIAN_POINT('',(75.982084146558,41.123121610467,
    10.997728110483));
#5099 = CARTESIAN_POINT('',(75.982261604854,41.123121628523,
    10.997728246153));
#5100 = CARTESIAN_POINT('',(75.982616521448,41.123121666391,
    10.997728510959));
#5101 = CARTESIAN_POINT('',(75.982793979746,41.123121686202,
    10.997728640095));
#5102 = CARTESIAN_POINT('',(75.982971438047,41.123121706889,
    10.997728765966));
#5103 = CARTESIAN_POINT('',(75.983148896351,41.123121728454,
    10.99772888857));
#5104 = CARTESIAN_POINT('',(75.983326354658,41.123121750896,
    10.997729007907));
#5105 = CARTESIAN_POINT('',(75.983503812968,41.123121774215,
    10.997729123979));
#5106 = CARTESIAN_POINT('',(75.98368127128,41.123121798411,
    10.997729236784));
#5107 = CARTESIAN_POINT('',(75.984036187905,41.123121848558,
    10.997729455862));
#5108 = CARTESIAN_POINT('',(75.984213646218,41.123121874508,
    10.997729562134));
#5109 = CARTESIAN_POINT('',(75.984391104534,41.123121901335,
    10.99772966514));
#5110 = CARTESIAN_POINT('',(75.984568562852,41.123121929039,
    10.99772976488));
#5111 = CARTESIAN_POINT('',(75.984746021173,41.12312195762,
    10.997729861354));
#5112 = CARTESIAN_POINT('',(75.984923479496,41.123121987079,
    10.997729954561));
#5113 = CARTESIAN_POINT('',(75.985100937822,41.123122017414,
    10.997730044502));
#5114 = CARTESIAN_POINT('',(75.98544973522,41.123122078763,
    10.997730214862));
#5115 = CARTESIAN_POINT('',(75.985621074292,41.123122109717,
    10.997730295503));
#5116 = CARTESIAN_POINT('',(75.985792413366,41.123122141488,
    10.997730373099));
#5117 = CARTESIAN_POINT('',(75.985963752443,41.123122174077,
    10.99773044765));
#5118 = CARTESIAN_POINT('',(75.986135091522,41.123122207484,
    10.997730519156));
#5119 = CARTESIAN_POINT('',(75.986306430603,41.123122241708,
    10.997730587618));
#5120 = CARTESIAN_POINT('',(75.986477769686,41.12312227675,
    10.997730653034));
#5121 = CARTESIAN_POINT('',(75.986826567102,41.123122349749,
    10.997730780004));
#5122 = CARTESIAN_POINT('',(75.987004025435,41.123122387767,
    10.997730841337));
#5123 = CARTESIAN_POINT('',(75.987181483771,41.123122426661,
    10.997730899403));
#5124 = CARTESIAN_POINT('',(75.987358942108,41.123122466432,
    10.997730954203));
#5125 = CARTESIAN_POINT('',(75.987536400448,41.123122507081,
    10.997731005736));
#5126 = CARTESIAN_POINT('',(75.98771385879,41.123122548606,
    10.997731054004));
#5127 = CARTESIAN_POINT('',(75.987891317133,41.123122591008,
    10.997731099005));
#5128 = CARTESIAN_POINT('',(75.988246233816,41.123122677567,
    10.997731182474));
#5129 = CARTESIAN_POINT('',(75.988423692156,41.123122721724,
    10.997731220942));
#5130 = CARTESIAN_POINT('',(75.988601150497,41.123122766758,
    10.997731256144));
#5131 = CARTESIAN_POINT('',(75.98877860884,41.123122812668,
    10.99773128808));
#5132 = CARTESIAN_POINT('',(75.988956067185,41.123122859456,
    10.99773131675));
#5133 = CARTESIAN_POINT('',(75.989133525531,41.123122907121,
    10.997731342153));
#5134 = CARTESIAN_POINT('',(75.98931098388,41.123122955663,
    10.99773136429));
#5135 = CARTESIAN_POINT('',(75.989635304306,41.12312304598,
    10.997731398777));
#5136 = CARTESIAN_POINT('',(75.989782166383,41.123123087479,
    10.997731412157));
#5137 = CARTESIAN_POINT('',(75.989929028461,41.123123129579,
    10.9977314233));
#5138 = CARTESIAN_POINT('',(75.99007589054,41.123123172279,
    10.997731432205));
#5139 = CARTESIAN_POINT('',(75.99022275262,41.12312321558,
    10.997731438874));
#5140 = CARTESIAN_POINT('',(75.990369614702,41.123123259482,
    10.997731443306));
#5141 = CARTESIAN_POINT('',(75.990516476784,41.123123303985,
    10.9977314455));
#5142 = CARTESIAN_POINT('',(75.990663338868,41.123123349088,
    10.997731445457));
#5143 = PCURVE('',#4450,#5144);
#5144 = DEFINITIONAL_REPRESENTATION('',(#5145),#5281);
#5145 = B_SPLINE_CURVE_WITH_KNOTS('',8,(#5146,#5147,#5148,#5149,#5150,
    #5151,#5152,#5153,#5154,#5155,#5156,#5157,#5158,#5159,#5160,#5161,
    #5162,#5163,#5164,#5165,#5166,#5167,#5168,#5169,#5170,#5171,#5172,
    #5173,#5174,#5175,#5176,#5177,#5178,#5179,#5180,#5181,#5182,#5183,
    #5184,#5185,#5186,#5187,#5188,#5189,#5190,#5191,#5192,#5193,#5194,
    #5195,#5196,#5197,#5198,#5199,#5200,#5201,#5202,#5203,#5204,#5205,
    #5206,#5207,#5208,#5209,#5210,#5211,#5212,#5213,#5214,#5215,#5216,
    #5217,#5218,#5219,#5220,#5221,#5222,#5223,#5224,#5225,#5226,#5227,
    #5228,#5229,#5230,#5231,#5232,#5233,#5234,#5235,#5236,#5237,#5238,
    #5239,#5240,#5241,#5242,#5243,#5244,#5245,#5246,#5247,#5248,#5249,
    #5250,#5251,#5252,#5253,#5254,#5255,#5256,#5257,#5258,#5259,#5260,
    #5261,#5262,#5263,#5264,#5265,#5266,#5267,#5268,#5269,#5270,#5271,
    #5272,#5273,#5274,#5275,#5276,#5277,#5278,#5279,#5280),
  .UNSPECIFIED.,.T.,.F.,(9,7,7,7,7,7,7,7,7,7,7,7,7,7,7,7,7,7,7,9),(0.,
    0.108057612235,0.207383693104,0.29256278168,0.391926521901,
    0.499793579702,0.607855995545,0.707178662865,0.792356203627,
    0.891719665947,0.999791347782,0.99981507686,0.999838805938,
    0.999862535015,0.999886264092,0.999909993168,0.999932904,
    0.999956633074,0.999980362147,1.),.UNSPECIFIED.);
#5146 = CARTESIAN_POINT('',(4.974716158798,22.23799317636));
#5147 = CARTESIAN_POINT('',(4.974693812039,23.046087955681));
#5148 = CARTESIAN_POINT('',(4.973024700432,23.853549000962));
#5149 = CARTESIAN_POINT('',(4.969712816162,24.657038591012));
#5150 = CARTESIAN_POINT('',(4.96474808435,25.453077526986));
#5151 = CARTESIAN_POINT('',(4.958108239309,26.237814338633));
#5152 = CARTESIAN_POINT('',(4.949760580762,27.006729186744));
#5153 = CARTESIAN_POINT('',(4.939663393629,27.754259269917));
#5154 = CARTESIAN_POINT('',(4.916831532334,29.134301527661));
#5155 = CARTESIAN_POINT('',(4.904334081228,29.773753040531));
#5156 = CARTESIAN_POINT('',(4.890229632343,30.38500906081));
#5157 = CARTESIAN_POINT('',(4.874480407564,30.960080549031));
#5158 = CARTESIAN_POINT('',(4.857061964812,31.489463012047));
#5159 = CARTESIAN_POINT('',(4.83796739125,31.961946996138));
#5160 = CARTESIAN_POINT('',(4.817214909537,32.364298163651));
#5161 = CARTESIAN_POINT('',(4.775697272012,32.951965474717));
#5162 = CARTESIAN_POINT('',(4.755342363118,33.160209321812));
#5163 = CARTESIAN_POINT('',(4.734167700427,33.290533391557));
#5164 = CARTESIAN_POINT('',(4.712576557301,33.334202951774));
#5165 = CARTESIAN_POINT('',(4.690989508753,33.28837277129));
#5166 = CARTESIAN_POINT('',(4.66982684392,33.155960501305));
#5167 = CARTESIAN_POINT('',(4.649490943807,32.945767013294));
#5168 = CARTESIAN_POINT('',(4.608018084524,32.354168787509));
#5169 = CARTESIAN_POINT('',(4.587292375445,31.949806372568));
#5170 = CARTESIAN_POINT('',(4.568229735386,31.475488010576));
#5171 = CARTESIAN_POINT('',(4.550847121813,30.944451303707));
#5172 = CARTESIAN_POINT('',(4.535136500781,30.367899881293));
#5173 = CARTESIAN_POINT('',(4.521072466448,29.755325101785));
#5174 = CARTESIAN_POINT('',(4.508616462468,29.114696598375));
#5175 = CARTESIAN_POINT('',(4.485897524976,27.733985295296));
#5176 = CARTESIAN_POINT('',(4.475864269538,26.987093886212));
#5177 = CARTESIAN_POINT('',(4.467573786744,26.219022711712));
#5178 = CARTESIAN_POINT('',(4.460984387247,25.435304834176));
#5179 = CARTESIAN_POINT('',(4.456063240878,24.640433296234));
#5180 = CARTESIAN_POINT('',(4.452787908739,23.838229615374));
#5181 = CARTESIAN_POINT('',(4.451148208581,23.032138367749));
#5182 = CARTESIAN_POINT('',(4.451148208581,21.417322555153));
#5183 = CARTESIAN_POINT('',(4.452793851531,20.609770868055));
#5184 = CARTESIAN_POINT('',(4.456081067071,19.806134993181));
#5185 = CARTESIAN_POINT('',(4.461020003857,19.009883800811));
#5186 = CARTESIAN_POINT('',(4.467633149265,18.224857872982));
#5187 = CARTESIAN_POINT('',(4.475953567136,17.455566723378));
#5188 = CARTESIAN_POINT('',(4.486023475714,16.707564503591));
#5189 = CARTESIAN_POINT('',(4.508803298984,15.326473111183));
#5190 = CARTESIAN_POINT('',(4.521275623772,14.686450855757));
#5191 = CARTESIAN_POINT('',(4.535355638194,14.074529864997));
#5192 = CARTESIAN_POINT('',(4.551081614777,13.498700966821));
#5193 = CARTESIAN_POINT('',(4.568478538241,12.968471269428));
#5194 = CARTESIAN_POINT('',(4.587553921598,12.49505352729));
#5195 = CARTESIAN_POINT('',(4.60829021669,12.091686458584));
#5196 = CARTESIAN_POINT('',(4.649785109468,11.501988609708));
#5197 = CARTESIAN_POINT('',(4.670132046083,11.292757706524));
#5198 = CARTESIAN_POINT('',(4.691301696429,11.161415103804));
#5199 = CARTESIAN_POINT('',(4.7128911446,11.116711430285));
#5200 = CARTESIAN_POINT('',(4.734479927133,11.161507555516));
#5201 = CARTESIAN_POINT('',(4.755647644125,11.292901491561));
#5202 = CARTESIAN_POINT('',(4.775991558335,11.502108350133));
#5203 = CARTESIAN_POINT('',(4.817487248582,12.091677164549));
#5204 = CARTESIAN_POINT('',(4.838229182584,12.495024123183));
#5205 = CARTESIAN_POINT('',(4.857311046964,12.968409293179));
#5206 = CARTESIAN_POINT('',(4.874715210471,13.49859947655));
#5207 = CARTESIAN_POINT('',(4.890449105809,14.074394299008));
#5208 = CARTESIAN_POINT('',(4.904537595282,14.686304965144));
#5209 = CARTESIAN_POINT('',(4.917018742269,15.326363629486));
#5210 = CARTESIAN_POINT('',(4.939813138478,16.707449801519));
#5211 = CARTESIAN_POINT('',(4.949889537017,17.455377298814));
#5212 = CARTESIAN_POINT('',(4.958216392044,18.224637190579));
#5213 = CARTESIAN_POINT('',(4.964835298387,19.009671916784));
#5214 = CARTESIAN_POINT('',(4.969778854286,19.805964680912));
#5215 = CARTESIAN_POINT('',(4.973069232883,20.609665288289));
#5216 = CARTESIAN_POINT('',(4.974716419381,21.417293838794));
#5217 = CARTESIAN_POINT('',(4.974716332057,22.225687360608));
#5218 = CARTESIAN_POINT('',(4.974716331959,22.225864818955));
#5219 = CARTESIAN_POINT('',(4.97471633178,22.226042277301));
#5220 = CARTESIAN_POINT('',(4.974716331523,22.226219735648));
#5221 = CARTESIAN_POINT('',(4.974716331186,22.226397193994));
#5222 = CARTESIAN_POINT('',(4.97471633077,22.22657465234));
#5223 = CARTESIAN_POINT('',(4.974716330274,22.226752110685));
#5224 = CARTESIAN_POINT('',(4.974716329124,22.227107027375));
#5225 = CARTESIAN_POINT('',(4.97471632847,22.227284485719));
#5226 = CARTESIAN_POINT('',(4.974716327736,22.227461944063));
#5227 = CARTESIAN_POINT('',(4.974716326922,22.227639402406));
#5228 = CARTESIAN_POINT('',(4.97471632603,22.227816860749));
#5229 = CARTESIAN_POINT('',(4.974716325058,22.227994319092));
#5230 = CARTESIAN_POINT('',(4.974716324006,22.228171777434));
#5231 = CARTESIAN_POINT('',(4.974716321744,22.228526694114));
#5232 = CARTESIAN_POINT('',(4.974716320534,22.228704152453));
#5233 = CARTESIAN_POINT('',(4.974716319244,22.228881610791));
#5234 = CARTESIAN_POINT('',(4.974716317874,22.229059069128));
#5235 = CARTESIAN_POINT('',(4.974716316426,22.229236527465));
#5236 = CARTESIAN_POINT('',(4.974716314898,22.229413985802));
#5237 = CARTESIAN_POINT('',(4.97471631329,22.229591444137));
#5238 = CARTESIAN_POINT('',(4.974716309916,22.229946360803));
#5239 = CARTESIAN_POINT('',(4.97471630815,22.230123819133));
#5240 = CARTESIAN_POINT('',(4.974716306304,22.230301277463));
#5241 = CARTESIAN_POINT('',(4.974716304379,22.230478735791));
#5242 = CARTESIAN_POINT('',(4.974716302375,22.230656194119));
#5243 = CARTESIAN_POINT('',(4.974716300291,22.230833652446));
#5244 = CARTESIAN_POINT('',(4.974716298127,22.231011110772));
#5245 = CARTESIAN_POINT('',(4.974716293642,22.231366027417));
#5246 = CARTESIAN_POINT('',(4.974716291319,22.231543485736));
#5247 = CARTESIAN_POINT('',(4.974716288918,22.231720944054));
#5248 = CARTESIAN_POINT('',(4.974716286437,22.231898402371));
#5249 = CARTESIAN_POINT('',(4.974716283876,22.232075860686));
#5250 = CARTESIAN_POINT('',(4.974716281236,22.232253319001));
#5251 = CARTESIAN_POINT('',(4.974716278517,22.232430777315));
#5252 = CARTESIAN_POINT('',(4.974716273016,22.232779574681));
#5253 = CARTESIAN_POINT('',(4.97471627024,22.232950913734));
#5254 = CARTESIAN_POINT('',(4.974716267389,22.233122252786));
#5255 = CARTESIAN_POINT('',(4.974716264465,22.233293591837));
#5256 = CARTESIAN_POINT('',(4.974716261467,22.233464930886));
#5257 = CARTESIAN_POINT('',(4.974716258394,22.233636269934));
#5258 = CARTESIAN_POINT('',(4.974716255248,22.233807608981));
#5259 = CARTESIAN_POINT('',(4.974716248692,22.234156406316));
#5260 = CARTESIAN_POINT('',(4.974716245277,22.234333864604));
#5261 = CARTESIAN_POINT('',(4.974716241783,22.234511322891));
#5262 = CARTESIAN_POINT('',(4.974716238209,22.234688781176));
#5263 = CARTESIAN_POINT('',(4.974716234556,22.23486623946));
#5264 = CARTESIAN_POINT('',(4.974716230823,22.235043697742));
#5265 = CARTESIAN_POINT('',(4.974716227011,22.235221156022));
#5266 = CARTESIAN_POINT('',(4.974716219229,22.235576072571));
#5267 = CARTESIAN_POINT('',(4.974716215258,22.235753530839));
#5268 = CARTESIAN_POINT('',(4.974716211208,22.235930989106));
#5269 = CARTESIAN_POINT('',(4.974716207078,22.23610844737));
#5270 = CARTESIAN_POINT('',(4.974716202869,22.236285905633));
#5271 = CARTESIAN_POINT('',(4.97471619858,22.236463363894));
#5272 = CARTESIAN_POINT('',(4.974716194213,22.236640822153));
#5273 = CARTESIAN_POINT('',(4.974716186085,22.236965142409));
#5274 = CARTESIAN_POINT('',(4.97471618235,22.237112004406));
#5275 = CARTESIAN_POINT('',(4.974716178561,22.237258866402));
#5276 = CARTESIAN_POINT('',(4.974716174717,22.237405728396));
#5277 = CARTESIAN_POINT('',(4.974716170819,22.237552590389));
#5278 = CARTESIAN_POINT('',(4.974716166866,22.237699452381));
#5279 = CARTESIAN_POINT('',(4.974716162859,22.237846314371));
#5280 = CARTESIAN_POINT('',(4.974716158798,22.23799317636));
#5281 = ( GEOMETRIC_REPRESENTATION_CONTEXT(2) 
PARAMETRIC_REPRESENTATION_CONTEXT() REPRESENTATION_CONTEXT('2D SPACE',''
  ) );
#5282 = PCURVE('',#5283,#5288);
#5283 = CYLINDRICAL_SURFACE('',#5284,11.021425148697);
#5284 = AXIS2_PLACEMENT_3D('',#5285,#5286,#5287);
#5285 = CARTESIAN_POINT('',(75.990684521407,7.828080633808,
    7.809352071627E-03));
#5286 = DIRECTION('',(-6.364060762806E-07,0.999999552233,
    -9.463263497712E-04));
#5287 = DIRECTION('',(1.033975765691E-25,9.463263497714E-04,
    0.999999552233));
#5288 = DEFINITIONAL_REPRESENTATION('',(#5289),#5425);
#5289 = B_SPLINE_CURVE_WITH_KNOTS('',8,(#5290,#5291,#5292,#5293,#5294,
    #5295,#5296,#5297,#5298,#5299,#5300,#5301,#5302,#5303,#5304,#5305,
    #5306,#5307,#5308,#5309,#5310,#5311,#5312,#5313,#5314,#5315,#5316,
    #5317,#5318,#5319,#5320,#5321,#5322,#5323,#5324,#5325,#5326,#5327,
    #5328,#5329,#5330,#5331,#5332,#5333,#5334,#5335,#5336,#5337,#5338,
    #5339,#5340,#5341,#5342,#5343,#5344,#5345,#5346,#5347,#5348,#5349,
    #5350,#5351,#5352,#5353,#5354,#5355,#5356,#5357,#5358,#5359,#5360,
    #5361,#5362,#5363,#5364,#5365,#5366,#5367,#5368,#5369,#5370,#5371,
    #5372,#5373,#5374,#5375,#5376,#5377,#5378,#5379,#5380,#5381,#5382,
    #5383,#5384,#5385,#5386,#5387,#5388,#5389,#5390,#5391,#5392,#5393,
    #5394,#5395,#5396,#5397,#5398,#5399,#5400,#5401,#5402,#5403,#5404,
    #5405,#5406,#5407,#5408,#5409,#5410,#5411,#5412,#5413,#5414,#5415,
    #5416,#5417,#5418,#5419,#5420,#5421,#5422,#5423,#5424),
  .UNSPECIFIED.,.F.,.F.,(9,7,7,7,7,7,7,7,7,7,7,7,7,7,7,7,7,7,7,9),(0.,
    0.108057612235,0.207383693104,0.29256278168,0.391926521901,
    0.499793579702,0.607855995545,0.707178662865,0.792356203627,
    0.891719665947,0.999791347782,0.99981507686,0.999838805938,
    0.999862535015,0.999886264092,0.999909993168,0.999932904,
    0.999956633074,0.999980362147,1.),.UNSPECIFIED.);
#5290 = CARTESIAN_POINT('',(0.,33.28462775401));
#5291 = CARTESIAN_POINT('',(7.332040011446E-02,33.284875416286));
#5292 = CARTESIAN_POINT('',(0.146590249653,33.303373680758));
#5293 = CARTESIAN_POINT('',(0.220107521362,33.340072033805));
#5294 = CARTESIAN_POINT('',(0.294153318915,33.394452251036));
#5295 = CARTESIAN_POINT('',(0.369013159925,33.465512680722));
#5296 = CARTESIAN_POINT('',(0.444983857517,33.55168649558));
#5297 = CARTESIAN_POINT('',(0.522383442971,33.650709421681));
#5298 = CARTESIAN_POINT('',(0.674380143045,33.859408568658));
#5299 = CARTESIAN_POINT('',(0.748976541888,33.967959138237));
#5300 = CARTESIAN_POINT('',(0.825584003686,34.082656960684));
#5301 = CARTESIAN_POINT('',(0.904424849868,34.200258838546));
#5302 = CARTESIAN_POINT('',(0.985744931852,34.316640891331));
#5303 = CARTESIAN_POINT('',(1.06982502235,34.426728115606));
#5304 = CARTESIAN_POINT('',(1.157003508593,34.524596616148));
#5305 = CARTESIAN_POINT('',(1.325524569407,34.671921097034));
#5306 = CARTESIAN_POINT('',(1.405980925819,34.726332039314));
#5307 = CARTESIAN_POINT('',(1.488028751819,34.761931026634));
#5308 = CARTESIAN_POINT('',(1.570825921475,34.774959612761));
#5309 = CARTESIAN_POINT('',(1.653619362207,34.764001628479));
#5310 = CARTESIAN_POINT('',(1.735656002086,34.73046390033));
#5311 = CARTESIAN_POINT('',(1.816093748195,34.678086994259));
#5312 = CARTESIAN_POINT('',(1.984593604058,34.535018225882));
#5313 = CARTESIAN_POINT('',(2.071773344785,34.439331205914));
#5314 = CARTESIAN_POINT('',(2.155852454072,34.331337399215));
#5315 = CARTESIAN_POINT('',(2.23717020007,34.216960159874));
#5316 = CARTESIAN_POINT('',(2.31600826998,34.101267699221));
#5317 = CARTESIAN_POINT('',(2.392613550653,33.988373919711));
#5318 = CARTESIAN_POINT('',(2.467209586399,33.881511714291));
#5319 = CARTESIAN_POINT('',(2.61904275934,33.676306722988));
#5320 = CARTESIAN_POINT('',(2.696288276513,33.579031712913));
#5321 = CARTESIAN_POINT('',(2.772113121982,33.494397645821));
#5322 = CARTESIAN_POINT('',(2.846832644786,33.42464777244));
#5323 = CARTESIAN_POINT('',(2.920741858562,33.3713306068));
#5324 = CARTESIAN_POINT('',(2.994125286787,33.33543261169));
#5325 = CARTESIAN_POINT('',(3.06726382231,33.317461220553));
#5326 = CARTESIAN_POINT('',(3.213779884508,33.317461220553));
#5327 = CARTESIAN_POINT('',(3.287050924735,33.335497750103));
#5328 = CARTESIAN_POINT('',(3.360567562949,33.371525975977));
#5329 = CARTESIAN_POINT('',(3.434611686964,33.425033642254));
#5330 = CARTESIAN_POINT('',(3.509469551758,33.495025806392));
#5331 = CARTESIAN_POINT('',(3.585438667671,33.57994294976));
#5332 = CARTESIAN_POINT('',(3.66283773705,33.677527867097));
#5333 = CARTESIAN_POINT('',(3.814831156809,33.883121365105));
#5334 = CARTESIAN_POINT('',(3.889424686987,33.990025220401));
#5335 = CARTESIAN_POINT('',(3.966030744445,34.102924745441));
#5336 = CARTESIAN_POINT('',(4.044871443355,34.218580389145));
#5337 = CARTESIAN_POINT('',(4.126192446116,34.332871699822));
#5338 = CARTESIAN_POINT('',(4.210274373908,34.44072616824));
#5339 = CARTESIAN_POINT('',(4.297455534643,34.536220748761));
#5340 = CARTESIAN_POINT('',(4.465984447285,34.678872499963));
#5341 = CARTESIAN_POINT('',(4.546444022991,34.731018851398));
#5342 = CARTESIAN_POINT('',(4.628493835128,34.764282917286));
#5343 = CARTESIAN_POINT('',(4.711291668831,34.774942347087));
#5344 = CARTESIAN_POINT('',(4.79408441303,34.761615412228));
#5345 = CARTESIAN_POINT('',(4.876119045456,34.72574336555));
#5346 = CARTESIAN_POINT('',(4.956553575978,34.671102817753));
#5347 = CARTESIAN_POINT('',(5.125045612045,34.523362993084));
#5348 = CARTESIAN_POINT('',(5.212222670177,34.425302739117));
#5349 = CARTESIAN_POINT('',(5.296299937262,34.315077049153));
#5350 = CARTESIAN_POINT('',(5.377616766445,34.198610094708));
#5351 = CARTESIAN_POINT('',(5.456454991752,34.080972563952));
#5352 = CARTESIAN_POINT('',(5.533061683574,33.966281772906));
#5353 = CARTESIAN_POINT('',(5.607660597206,33.857774239608));
#5354 = CARTESIAN_POINT('',(5.759653442446,33.649255744725));
#5355 = CARTESIAN_POINT('',(5.837045856478,33.550375206768));
#5356 = CARTESIAN_POINT('',(5.913012949615,33.464373465237));
#5357 = CARTESIAN_POINT('',(5.987872368683,33.393509790738));
#5358 = CARTESIAN_POINT('',(6.061920696598,33.339346335938));
#5359 = CARTESIAN_POINT('',(6.135443325522,33.302880176268));
#5360 = CARTESIAN_POINT('',(6.208721312805,33.284624866045));
#5361 = CARTESIAN_POINT('',(6.282068771134,33.284625833834));
#5362 = CARTESIAN_POINT('',(6.28208487235,33.284625834926));
#5363 = CARTESIAN_POINT('',(6.282100973566,33.284625836899));
#5364 = CARTESIAN_POINT('',(6.282117074782,33.284625839752));
#5365 = CARTESIAN_POINT('',(6.282133175998,33.284625843485));
#5366 = CARTESIAN_POINT('',(6.282149277214,33.284625848098));
#5367 = CARTESIAN_POINT('',(6.28216537843,33.284625853591));
#5368 = CARTESIAN_POINT('',(6.282197580862,33.284625866338));
#5369 = CARTESIAN_POINT('',(6.282213682078,33.284625873592));
#5370 = CARTESIAN_POINT('',(6.282229783294,33.284625881726));
#5371 = CARTESIAN_POINT('',(6.28224588451,33.28462589074));
#5372 = CARTESIAN_POINT('',(6.282261985726,33.284625900634));
#5373 = CARTESIAN_POINT('',(6.282278086942,33.284625911408));
#5374 = CARTESIAN_POINT('',(6.282294188158,33.284625923062));
#5375 = CARTESIAN_POINT('',(6.282326390589,33.284625948131));
#5376 = CARTESIAN_POINT('',(6.282342491805,33.284625961546));
#5377 = CARTESIAN_POINT('',(6.282358593021,33.28462597584));
#5378 = CARTESIAN_POINT('',(6.282374694237,33.284625991015));
#5379 = CARTESIAN_POINT('',(6.282390795453,33.28462600707));
#5380 = CARTESIAN_POINT('',(6.282406896669,33.284626024006));
#5381 = CARTESIAN_POINT('',(6.282422997885,33.284626041821));
#5382 = CARTESIAN_POINT('',(6.282455200317,33.284626079212));
#5383 = CARTESIAN_POINT('',(6.282471301533,33.284626098788));
#5384 = CARTESIAN_POINT('',(6.282487402749,33.284626119243));
#5385 = CARTESIAN_POINT('',(6.282503503965,33.284626140579));
#5386 = CARTESIAN_POINT('',(6.282519605181,33.284626162795));
#5387 = CARTESIAN_POINT('',(6.282535706397,33.284626185892));
#5388 = CARTESIAN_POINT('',(6.282551807613,33.284626209868));
#5389 = CARTESIAN_POINT('',(6.282584010045,33.284626259581));
#5390 = CARTESIAN_POINT('',(6.282600111261,33.284626285318));
#5391 = CARTESIAN_POINT('',(6.282616212477,33.284626311934));
#5392 = CARTESIAN_POINT('',(6.282632313692,33.284626339431));
#5393 = CARTESIAN_POINT('',(6.282648414908,33.284626367808));
#5394 = CARTESIAN_POINT('',(6.282664516125,33.284626397066));
#5395 = CARTESIAN_POINT('',(6.282680617341,33.284626427203));
#5396 = CARTESIAN_POINT('',(6.282712264558,33.284626488168));
#5397 = CARTESIAN_POINT('',(6.28272781056,33.284626518937));
#5398 = CARTESIAN_POINT('',(6.282743356561,33.284626550526));
#5399 = CARTESIAN_POINT('',(6.282758902563,33.284626582935));
#5400 = CARTESIAN_POINT('',(6.282774448564,33.284626616165));
#5401 = CARTESIAN_POINT('',(6.282789994566,33.284626650215));
#5402 = CARTESIAN_POINT('',(6.282805540568,33.284626685086));
#5403 = CARTESIAN_POINT('',(6.282837187786,33.284626757744));
#5404 = CARTESIAN_POINT('',(6.282853289001,33.28462679559));
#5405 = CARTESIAN_POINT('',(6.282869390217,33.284626834316));
#5406 = CARTESIAN_POINT('',(6.282885491433,33.284626873923));
#5407 = CARTESIAN_POINT('',(6.282901592649,33.284626914409));
#5408 = CARTESIAN_POINT('',(6.282917693865,33.284626955776));
#5409 = CARTESIAN_POINT('',(6.282933795081,33.284626998023));
#5410 = CARTESIAN_POINT('',(6.282965997513,33.284627084277));
#5411 = CARTESIAN_POINT('',(6.282982098729,33.284627128284));
#5412 = CARTESIAN_POINT('',(6.282998199945,33.284627173172));
#5413 = CARTESIAN_POINT('',(6.283014301161,33.284627218939));
#5414 = CARTESIAN_POINT('',(6.283030402377,33.284627265587));
#5415 = CARTESIAN_POINT('',(6.283046503593,33.284627313115));
#5416 = CARTESIAN_POINT('',(6.283062604809,33.284627361523));
#5417 = CARTESIAN_POINT('',(6.283092031169,33.284627451601));
#5418 = CARTESIAN_POINT('',(6.283105356314,33.284627492994));
#5419 = CARTESIAN_POINT('',(6.283118681458,33.284627534989));
#5420 = CARTESIAN_POINT('',(6.283132006602,33.284627577588));
#5421 = CARTESIAN_POINT('',(6.283145331746,33.284627620789));
#5422 = CARTESIAN_POINT('',(6.283158656891,33.284627664594));
#5423 = CARTESIAN_POINT('',(6.283171982035,33.284627709001));
#5424 = CARTESIAN_POINT('',(6.28318530718,33.28462775401));
#5425 = ( GEOMETRIC_REPRESENTATION_CONTEXT(2) 
PARAMETRIC_REPRESENTATION_CONTEXT() REPRESENTATION_CONTEXT('2D SPACE',''
  ) );
#5426 = ADVANCED_FACE('',(#5427,#5430),#4508,.F.);
#5427 = FACE_BOUND('',#5428,.F.);
#5428 = EDGE_LOOP('',(#5429));
#5429 = ORIENTED_EDGE('',*,*,#4493,.T.);
#5430 = FACE_BOUND('',#5431,.F.);
#5431 = EDGE_LOOP('',(#5432));
#5432 = ORIENTED_EDGE('',*,*,#5433,.F.);
#5433 = EDGE_CURVE('',#5434,#5434,#5436,.T.);
#5434 = VERTEX_POINT('',#5435);
#5435 = CARTESIAN_POINT('',(319.48708324023,4.963070110483,
    -34.75844225793));
#5436 = SURFACE_CURVE('',#5437,(#5442,#5449),.PCURVE_S1.);
#5437 = ELLIPSE('',#5438,4.959821651469,4.959800934701);
#5438 = AXIS2_PLACEMENT_3D('',#5439,#5440,#5441);
#5439 = CARTESIAN_POINT('',(319.48709172252,3.26396287534E-03,
    -34.75843245463));
#5440 = DIRECTION('',(-0.999999353526,-1.712452944955E-06,
    -1.13707761976E-03));
#5441 = DIRECTION('',(9.828099594399E-04,0.501625035055,-0.865084596032)
  );
#5442 = PCURVE('',#4508,#5443);
#5443 = DEFINITIONAL_REPRESENTATION('',(#5444),#5448);
#5444 = ELLIPSE('',#5445,4.959821651469,4.959800934701);
#5445 = AXIS2_PLACEMENT_2D('',#5446,#5447);
#5446 = CARTESIAN_POINT('',(34.989231758367,-8.817739717523E-03));
#5447 = DIRECTION('',(0.865085154309,-0.501625035055));
#5448 = ( GEOMETRIC_REPRESENTATION_CONTEXT(2) 
PARAMETRIC_REPRESENTATION_CONTEXT() REPRESENTATION_CONTEXT('2D SPACE',''
  ) );
#5449 = PCURVE('',#5450,#5455);
#5450 = CYLINDRICAL_SURFACE('',#5451,4.959800934701);
#5451 = AXIS2_PLACEMENT_3D('',#5452,#5453,#5454);
#5452 = CARTESIAN_POINT('',(319.2383899766,2.902957171785E-03,
    -34.75809340414));
#5453 = DIRECTION('',(0.999998017223,1.451557914948E-03,
    -1.363278775557E-03));
#5454 = DIRECTION('',(-1.451559263831E-03,0.999998946487,0.));
#5455 = DEFINITIONAL_REPRESENTATION('',(#5456),#5473);
#5456 = B_SPLINE_CURVE_WITH_KNOTS('',8,(#5457,#5458,#5459,#5460,#5461,
    #5462,#5463,#5464,#5465,#5466,#5467,#5468,#5469,#5470,#5471,#5472),
  .UNSPECIFIED.,.F.,.F.,(9,7,9),(5.237865365495,8.379458019085,
    11.521050672675),.UNSPECIFIED.);
#5457 = CARTESIAN_POINT('',(6.28318530718,0.255893216006));
#5458 = CARTESIAN_POINT('',(5.890486225481,0.260763197118));
#5459 = CARTESIAN_POINT('',(5.497787143782,0.264365641113));
#5460 = CARTESIAN_POINT('',(5.105088062073,0.265557647927));
#5461 = CARTESIAN_POINT('',(4.712388980366,0.26360610945));
#5462 = CARTESIAN_POINT('',(4.319689898684,0.258777239529));
#5463 = CARTESIAN_POINT('',(3.926990816984,0.25251883909));
#5464 = CARTESIAN_POINT('',(3.534291735289,0.2463812432));
#5465 = CARTESIAN_POINT('',(2.748893571891,0.236641280977));
#5466 = CARTESIAN_POINT('',(2.356194490191,0.23303883698));
#5467 = CARTESIAN_POINT('',(1.963495408496,0.231846830169));
#5468 = CARTESIAN_POINT('',(1.570796326786,0.23379836864));
#5469 = CARTESIAN_POINT('',(1.178097245103,0.238627238567));
#5470 = CARTESIAN_POINT('',(0.785398163396,0.244885639003));
#5471 = CARTESIAN_POINT('',(0.392699081699,0.251023234894));
#5472 = CARTESIAN_POINT('',(1.57586366797E-14,0.255893216006));
#5473 = ( GEOMETRIC_REPRESENTATION_CONTEXT(2) 
PARAMETRIC_REPRESENTATION_CONTEXT() REPRESENTATION_CONTEXT('2D SPACE',''
  ) );
#5474 = ADVANCED_FACE('',(#5475),#4802,.F.);
#5475 = FACE_BOUND('',#5476,.F.);
#5476 = EDGE_LOOP('',(#5477,#5478,#5501,#5528));
#5477 = ORIENTED_EDGE('',*,*,#4522,.T.);
#5478 = ORIENTED_EDGE('',*,*,#5479,.T.);
#5479 = EDGE_CURVE('',#4523,#5480,#5482,.T.);
#5480 = VERTEX_POINT('',#5481);
#5481 = CARTESIAN_POINT('',(299.0046028843,4.845860825969,
    -10.98720790412));
#5482 = SEAM_CURVE('',#5483,(#5487,#5494),.PCURVE_S1.);
#5483 = LINE('',#5484,#5485);
#5484 = CARTESIAN_POINT('',(299.00455666966,43.500177550988,
    -11.00477845896));
#5485 = VECTOR('',#5486,1.);
#5486 = DIRECTION('',(1.195588044442E-06,-0.999999896689,
    4.545560369244E-04));
#5487 = PCURVE('',#4802,#5488);
#5488 = DEFINITIONAL_REPRESENTATION('',(#5489),#5493);
#5489 = LINE('',#5490,#5491);
#5490 = CARTESIAN_POINT('',(0.,-0.));
#5491 = VECTOR('',#5492,1.);
#5492 = DIRECTION('',(0.,1.));
#5493 = ( GEOMETRIC_REPRESENTATION_CONTEXT(2) 
PARAMETRIC_REPRESENTATION_CONTEXT() REPRESENTATION_CONTEXT('2D SPACE',''
  ) );
#5494 = PCURVE('',#4802,#5495);
#5495 = DEFINITIONAL_REPRESENTATION('',(#5496),#5500);
#5496 = LINE('',#5497,#5498);
#5497 = CARTESIAN_POINT('',(6.28318530718,-0.));
#5498 = VECTOR('',#5499,1.);
#5499 = DIRECTION('',(0.,1.));
#5500 = ( GEOMETRIC_REPRESENTATION_CONTEXT(2) 
PARAMETRIC_REPRESENTATION_CONTEXT() REPRESENTATION_CONTEXT('2D SPACE',''
  ) );
#5501 = ORIENTED_EDGE('',*,*,#5502,.F.);
#5502 = EDGE_CURVE('',#5480,#5480,#5503,.T.);
#5503 = SURFACE_CURVE('',#5504,(#5509,#5516),.PCURVE_S1.);
#5504 = CIRCLE('',#5505,10.996367129137);
#5505 = AXIS2_PLACEMENT_3D('',#5506,#5507,#5508);
#5506 = CARTESIAN_POINT('',(299.0046028843,4.850859291032,
    9.158088967334E-03));
#5507 = DIRECTION('',(1.195588044442E-06,-0.999999896689,
    4.545560369244E-04));
#5508 = DIRECTION('',(-1.033975765691E-25,-4.545560369247E-04,
    -0.999999896689));
#5509 = PCURVE('',#4802,#5510);
#5510 = DEFINITIONAL_REPRESENTATION('',(#5511),#5515);
#5511 = LINE('',#5512,#5513);
#5512 = CARTESIAN_POINT('',(0.,38.654320718448));
#5513 = VECTOR('',#5514,1.);
#5514 = DIRECTION('',(1.,0.));
#5515 = ( GEOMETRIC_REPRESENTATION_CONTEXT(2) 
PARAMETRIC_REPRESENTATION_CONTEXT() REPRESENTATION_CONTEXT('2D SPACE',''
  ) );
#5516 = PCURVE('',#5517,#5522);
#5517 = PLANE('',#5518);
#5518 = AXIS2_PLACEMENT_3D('',#5519,#5520,#5521);
#5519 = CARTESIAN_POINT('',(298.99544110814,4.850859275343,
    9.14767130997E-03));
#5520 = DIRECTION('',(1.195588044442E-06,-0.999999896689,
    4.545560369244E-04));
#5521 = DIRECTION('',(0.,-4.545560369247E-04,-0.999999896689));
#5522 = DEFINITIONAL_REPRESENTATION('',(#5523),#5527);
#5523 = CIRCLE('',#5524,10.996367129137);
#5524 = AXIS2_PLACEMENT_2D('',#5525,#5526);
#5525 = CARTESIAN_POINT('',(-1.04176634197E-05,9.161776160745E-03));
#5526 = DIRECTION('',(1.,-1.033975765691E-25));
#5527 = ( GEOMETRIC_REPRESENTATION_CONTEXT(2) 
PARAMETRIC_REPRESENTATION_CONTEXT() REPRESENTATION_CONTEXT('2D SPACE',''
  ) );
#5528 = ORIENTED_EDGE('',*,*,#5479,.F.);
#5529 = ADVANCED_FACE('',(#5530,#5533),#4989,.F.);
#5530 = FACE_BOUND('',#5531,.F.);
#5531 = EDGE_LOOP('',(#5532));
#5532 = ORIENTED_EDGE('',*,*,#4974,.T.);
#5533 = FACE_BOUND('',#5534,.F.);
#5534 = EDGE_LOOP('',(#5535));
#5535 = ORIENTED_EDGE('',*,*,#5536,.F.);
#5536 = EDGE_CURVE('',#5537,#5537,#5539,.T.);
#5537 = VERTEX_POINT('',#5538);
#5538 = CARTESIAN_POINT('',(53.734611544531,-6.00874504876E-03,
    26.92862428602));
#5539 = SURFACE_CURVE('',#5540,(#5545,#5552),.PCURVE_S1.);
#5540 = CIRCLE('',#5541,26.999966300876);
#5541 = AXIS2_PLACEMENT_3D('',#5542,#5543,#5544);
#5542 = CARTESIAN_POINT('',(53.765312601946,-6.008745048767E-03,
    -7.132456010815E-02));
#5543 = DIRECTION('',(0.999999353526,1.712452944955E-06,
    1.13707761976E-03));
#5544 = DIRECTION('',(-1.137077619762E-03,0.,0.999999353527));
#5545 = PCURVE('',#4989,#5546);
#5546 = DEFINITIONAL_REPRESENTATION('',(#5547),#5551);
#5547 = CIRCLE('',#5548,26.999966300876);
#5548 = AXIS2_PLACEMENT_2D('',#5549,#5550);
#5549 = CARTESIAN_POINT('',(0.,8.673617379871E-19));
#5550 = DIRECTION('',(1.,4.135903062765E-25));
#5551 = ( GEOMETRIC_REPRESENTATION_CONTEXT(2) 
PARAMETRIC_REPRESENTATION_CONTEXT() REPRESENTATION_CONTEXT('2D SPACE',''
  ) );
#5552 = PCURVE('',#5553,#5558);
#5553 = CYLINDRICAL_SURFACE('',#5554,26.999966300876);
#5554 = AXIS2_PLACEMENT_3D('',#5555,#5556,#5557);
#5555 = CARTESIAN_POINT('',(21.952214867039,-6.06322351689E-03,
    -0.107498544943));
#5556 = DIRECTION('',(0.999999353526,1.712452944955E-06,
    1.13707761976E-03));
#5557 = DIRECTION('',(-1.137077619762E-03,0.,0.999999353527));
#5558 = DEFINITIONAL_REPRESENTATION('',(#5559),#5563);
#5559 = LINE('',#5560,#5561);
#5560 = CARTESIAN_POINT('',(0.,31.813118301275));
#5561 = VECTOR('',#5562,1.);
#5562 = DIRECTION('',(1.,0.));
#5563 = ( GEOMETRIC_REPRESENTATION_CONTEXT(2) 
PARAMETRIC_REPRESENTATION_CONTEXT() REPRESENTATION_CONTEXT('2D SPACE',''
  ) );
#5564 = ADVANCED_FACE('',(#5565),#5283,.F.);
#5565 = FACE_BOUND('',#5566,.F.);
#5566 = EDGE_LOOP('',(#5567,#5590,#5591,#5592));
#5567 = ORIENTED_EDGE('',*,*,#5568,.T.);
#5568 = EDGE_CURVE('',#5569,#5004,#5571,.T.);
#5569 = VERTEX_POINT('',#5570);
#5570 = CARTESIAN_POINT('',(75.990683234096,9.86129284526,
    11.027315352648));
#5571 = SEAM_CURVE('',#5572,(#5576,#5583),.PCURVE_S1.);
#5572 = LINE('',#5573,#5574);
#5573 = CARTESIAN_POINT('',(75.990684521407,7.838510498838,
    11.02922956574));
#5574 = VECTOR('',#5575,1.);
#5575 = DIRECTION('',(-6.364060762806E-07,0.999999552233,
    -9.463263497712E-04));
#5576 = PCURVE('',#5283,#5577);
#5577 = DEFINITIONAL_REPRESENTATION('',(#5578),#5582);
#5578 = LINE('',#5579,#5580);
#5579 = CARTESIAN_POINT('',(6.28318530718,-0.));
#5580 = VECTOR('',#5581,1.);
#5581 = DIRECTION('',(0.,1.));
#5582 = ( GEOMETRIC_REPRESENTATION_CONTEXT(2) 
PARAMETRIC_REPRESENTATION_CONTEXT() REPRESENTATION_CONTEXT('2D SPACE',''
  ) );
#5583 = PCURVE('',#5283,#5584);
#5584 = DEFINITIONAL_REPRESENTATION('',(#5585),#5589);
#5585 = LINE('',#5586,#5587);
#5586 = CARTESIAN_POINT('',(0.,-0.));
#5587 = VECTOR('',#5588,1.);
#5588 = DIRECTION('',(0.,1.));
#5589 = ( GEOMETRIC_REPRESENTATION_CONTEXT(2) 
PARAMETRIC_REPRESENTATION_CONTEXT() REPRESENTATION_CONTEXT('2D SPACE',''
  ) );
#5590 = ORIENTED_EDGE('',*,*,#5003,.F.);
#5591 = ORIENTED_EDGE('',*,*,#5568,.F.);
#5592 = ORIENTED_EDGE('',*,*,#5593,.T.);
#5593 = EDGE_CURVE('',#5569,#5569,#5594,.T.);
#5594 = SURFACE_CURVE('',#5595,(#5600,#5607),.PCURVE_S1.);
#5595 = CIRCLE('',#5596,11.021425148697);
#5596 = AXIS2_PLACEMENT_3D('',#5597,#5598,#5599);
#5597 = CARTESIAN_POINT('',(75.990683234096,9.850862980229,
    5.895138980235E-03));
#5598 = DIRECTION('',(-6.364060762806E-07,0.999999552233,
    -9.463263497712E-04));
#5599 = DIRECTION('',(1.033975765691E-25,9.463263497714E-04,
    0.999999552233));
#5600 = PCURVE('',#5283,#5601);
#5601 = DEFINITIONAL_REPRESENTATION('',(#5602),#5606);
#5602 = LINE('',#5603,#5604);
#5603 = CARTESIAN_POINT('',(-1.147944249357E-41,2.022783252157));
#5604 = VECTOR('',#5605,1.);
#5605 = DIRECTION('',(1.,0.));
#5606 = ( GEOMETRIC_REPRESENTATION_CONTEXT(2) 
PARAMETRIC_REPRESENTATION_CONTEXT() REPRESENTATION_CONTEXT('2D SPACE',''
  ) );
#5607 = PCURVE('',#5608,#5613);
#5608 = PLANE('',#5609);
#5609 = AXIS2_PLACEMENT_3D('',#5610,#5611,#5612);
#5610 = CARTESIAN_POINT('',(75.990692915558,9.850862980246,
    5.895149988816E-03));
#5611 = DIRECTION('',(6.364060762806E-07,-0.999999552233,
    9.463263497712E-04));
#5612 = DIRECTION('',(-1.033975765691E-25,-9.463263497714E-04,
    -0.999999552233));
#5613 = DEFINITIONAL_REPRESENTATION('',(#5614),#5622);
#5614 = ( BOUNDED_CURVE() B_SPLINE_CURVE(2,(#5615,#5616,#5617,#5618,
#5619,#5620,#5621),.UNSPECIFIED.,.T.,.F.) B_SPLINE_CURVE_WITH_KNOTS((1,2
    ,2,2,2,1),(-2.094395102393,0.,2.094395102393,4.188790204786,
6.28318530718,8.377580409573),.UNSPECIFIED.) CURVE() 
GEOMETRIC_REPRESENTATION_ITEM() RATIONAL_B_SPLINE_CURVE((1.,0.5,1.,0.5,
1.,0.5,1.)) REPRESENTATION_ITEM('') );
#5615 = CARTESIAN_POINT('',(-11.02142513768,-9.681461875745E-06));
#5616 = CARTESIAN_POINT('',(-11.02142513768,19.089658647899));
#5617 = CARTESIAN_POINT('',(5.510712585357,9.544824483218));
#5618 = CARTESIAN_POINT('',(22.042850308403,-9.681461873046E-06));
#5619 = CARTESIAN_POINT('',(5.510712585357,-9.544843846142));
#5620 = CARTESIAN_POINT('',(-11.02142513768,-19.08967801082));
#5621 = CARTESIAN_POINT('',(-11.02142513768,-9.681461875745E-06));
#5622 = ( GEOMETRIC_REPRESENTATION_CONTEXT(2) 
PARAMETRIC_REPRESENTATION_CONTEXT() REPRESENTATION_CONTEXT('2D SPACE',''
  ) );
#5623 = ADVANCED_FACE('',(#5624),#5450,.T.);
#5624 = FACE_BOUND('',#5625,.T.);
#5625 = EDGE_LOOP('',(#5626,#5649,#5676,#5677));
#5626 = ORIENTED_EDGE('',*,*,#5627,.T.);
#5627 = EDGE_CURVE('',#5434,#5628,#5630,.T.);
#5628 = VERTEX_POINT('',#5629);
#5629 = CARTESIAN_POINT('',(326.0027359654,4.97252797652,-34.76732492661
    ));
#5630 = SEAM_CURVE('',#5631,(#5635,#5642),.PCURVE_S1.);
#5631 = LINE('',#5632,#5633);
#5632 = CARTESIAN_POINT('',(319.2311905316,4.96269866666,-34.75809340414
    ));
#5633 = VECTOR('',#5634,1.);
#5634 = DIRECTION('',(0.999998017223,1.451557914948E-03,
    -1.363278775557E-03));
#5635 = PCURVE('',#5450,#5636);
#5636 = DEFINITIONAL_REPRESENTATION('',(#5637),#5641);
#5637 = LINE('',#5638,#5639);
#5638 = CARTESIAN_POINT('',(6.28318530718,-0.));
#5639 = VECTOR('',#5640,1.);
#5640 = DIRECTION('',(0.,1.));
#5641 = ( GEOMETRIC_REPRESENTATION_CONTEXT(2) 
PARAMETRIC_REPRESENTATION_CONTEXT() REPRESENTATION_CONTEXT('2D SPACE',''
  ) );
#5642 = PCURVE('',#5450,#5643);
#5643 = DEFINITIONAL_REPRESENTATION('',(#5644),#5648);
#5644 = LINE('',#5645,#5646);
#5645 = CARTESIAN_POINT('',(0.,-0.));
#5646 = VECTOR('',#5647,1.);
#5647 = DIRECTION('',(0.,1.));
#5648 = ( GEOMETRIC_REPRESENTATION_CONTEXT(2) 
PARAMETRIC_REPRESENTATION_CONTEXT() REPRESENTATION_CONTEXT('2D SPACE',''
  ) );
#5649 = ORIENTED_EDGE('',*,*,#5650,.F.);
#5650 = EDGE_CURVE('',#5628,#5628,#5651,.T.);
#5651 = SURFACE_CURVE('',#5652,(#5657,#5664),.PCURVE_S1.);
#5652 = CIRCLE('',#5653,4.959800934701);
#5653 = AXIS2_PLACEMENT_3D('',#5654,#5655,#5656);
#5654 = CARTESIAN_POINT('',(326.00993541039,1.273226703196E-02,
    -34.76732492661));
#5655 = DIRECTION('',(0.999998017223,1.451557914948E-03,
    -1.363278775557E-03));
#5656 = DIRECTION('',(-1.451559263831E-03,0.999998946487,0.));
#5657 = PCURVE('',#5450,#5658);
#5658 = DEFINITIONAL_REPRESENTATION('',(#5659),#5663);
#5659 = LINE('',#5660,#5661);
#5660 = CARTESIAN_POINT('',(0.,6.771558860283));
#5661 = VECTOR('',#5662,1.);
#5662 = DIRECTION('',(1.,0.));
#5663 = ( GEOMETRIC_REPRESENTATION_CONTEXT(2) 
PARAMETRIC_REPRESENTATION_CONTEXT() REPRESENTATION_CONTEXT('2D SPACE',''
  ) );
#5664 = PCURVE('',#5665,#5670);
#5665 = PLANE('',#5666);
#5666 = AXIS2_PLACEMENT_3D('',#5667,#5668,#5669);
#5667 = CARTESIAN_POINT('',(326.00993541039,1.273226703196E-02,
    -34.76732492661));
#5668 = DIRECTION('',(0.999998017223,1.451557914948E-03,
    -1.363278775557E-03));
#5669 = DIRECTION('',(-1.451559263831E-03,0.999998946487,0.));
#5670 = DEFINITIONAL_REPRESENTATION('',(#5671),#5675);
#5671 = CIRCLE('',#5672,4.959800934701);
#5672 = AXIS2_PLACEMENT_2D('',#5673,#5674);
#5673 = CARTESIAN_POINT('',(0.,0.));
#5674 = DIRECTION('',(1.,0.));
#5675 = ( GEOMETRIC_REPRESENTATION_CONTEXT(2) 
PARAMETRIC_REPRESENTATION_CONTEXT() REPRESENTATION_CONTEXT('2D SPACE',''
  ) );
#5676 = ORIENTED_EDGE('',*,*,#5627,.F.);
#5677 = ORIENTED_EDGE('',*,*,#5433,.F.);
#5678 = ADVANCED_FACE('',(#5679,#5710),#5517,.T.);
#5679 = FACE_BOUND('',#5680,.T.);
#5680 = EDGE_LOOP('',(#5681));
#5681 = ORIENTED_EDGE('',*,*,#5682,.T.);
#5682 = EDGE_CURVE('',#5683,#5683,#5685,.T.);
#5683 = VERTEX_POINT('',#5684);
#5684 = CARTESIAN_POINT('',(298.99544110814,4.845071844005,
    -12.72290353914));
#5685 = SURFACE_CURVE('',#5686,(#5691,#5698),.PCURVE_S1.);
#5686 = CIRCLE('',#5687,12.73205252581);
#5687 = AXIS2_PLACEMENT_3D('',#5688,#5689,#5690);
#5688 = CARTESIAN_POINT('',(298.99544110814,4.850859275343,
    9.14767130997E-03));
#5689 = DIRECTION('',(1.195588044442E-06,-0.999999896689,
    4.545560369244E-04));
#5690 = DIRECTION('',(-1.033975765691E-25,-4.545560369247E-04,
    -0.999999896689));
#5691 = PCURVE('',#5517,#5692);
#5692 = DEFINITIONAL_REPRESENTATION('',(#5693),#5697);
#5693 = CIRCLE('',#5694,12.73205252581);
#5694 = AXIS2_PLACEMENT_2D('',#5695,#5696);
#5695 = CARTESIAN_POINT('',(0.,0.));
#5696 = DIRECTION('',(1.,0.));
#5697 = ( GEOMETRIC_REPRESENTATION_CONTEXT(2) 
PARAMETRIC_REPRESENTATION_CONTEXT() REPRESENTATION_CONTEXT('2D SPACE',''
  ) );
#5698 = PCURVE('',#5699,#5704);
#5699 = CONICAL_SURFACE('',#5700,12.73205252581,1.047197553149);
#5700 = AXIS2_PLACEMENT_3D('',#5701,#5702,#5703);
#5701 = CARTESIAN_POINT('',(298.99544110814,4.850859275343,
    9.14767130997E-03));
#5702 = DIRECTION('',(-1.195588044442E-06,0.999999896689,
    -4.545560369244E-04));
#5703 = DIRECTION('',(0.,-4.545560369247E-04,-0.999999896689));
#5704 = DEFINITIONAL_REPRESENTATION('',(#5705),#5709);
#5705 = LINE('',#5706,#5707);
#5706 = CARTESIAN_POINT('',(-0.,-0.));
#5707 = VECTOR('',#5708,1.);
#5708 = DIRECTION('',(-1.,-0.));
#5709 = ( GEOMETRIC_REPRESENTATION_CONTEXT(2) 
PARAMETRIC_REPRESENTATION_CONTEXT() REPRESENTATION_CONTEXT('2D SPACE',''
  ) );
#5710 = FACE_BOUND('',#5711,.T.);
#5711 = EDGE_LOOP('',(#5712));
#5712 = ORIENTED_EDGE('',*,*,#5502,.F.);
#5713 = ADVANCED_FACE('',(#5714),#5553,.T.);
#5714 = FACE_BOUND('',#5715,.T.);
#5715 = EDGE_LOOP('',(#5716,#5739,#5740,#5741));
#5716 = ORIENTED_EDGE('',*,*,#5717,.T.);
#5717 = EDGE_CURVE('',#5718,#5537,#5720,.T.);
#5718 = VERTEX_POINT('',#5719);
#5719 = CARTESIAN_POINT('',(21.987794982782,-6.06311001342E-03,
    26.892525668072));
#5720 = SEAM_CURVE('',#5721,(#5725,#5732),.PCURVE_S1.);
#5721 = LINE('',#5722,#5723);
#5722 = CARTESIAN_POINT('',(21.921513809624,-6.063223516883E-03,
    26.892450301184));
#5723 = VECTOR('',#5724,1.);
#5724 = DIRECTION('',(0.999999353526,1.712452944955E-06,
    1.13707761976E-03));
#5725 = PCURVE('',#5553,#5726);
#5726 = DEFINITIONAL_REPRESENTATION('',(#5727),#5731);
#5727 = LINE('',#5728,#5729);
#5728 = CARTESIAN_POINT('',(6.28318530718,-0.));
#5729 = VECTOR('',#5730,1.);
#5730 = DIRECTION('',(0.,1.));
#5731 = ( GEOMETRIC_REPRESENTATION_CONTEXT(2) 
PARAMETRIC_REPRESENTATION_CONTEXT() REPRESENTATION_CONTEXT('2D SPACE',''
  ) );
#5732 = PCURVE('',#5553,#5733);
#5733 = DEFINITIONAL_REPRESENTATION('',(#5734),#5738);
#5734 = LINE('',#5735,#5736);
#5735 = CARTESIAN_POINT('',(0.,-0.));
#5736 = VECTOR('',#5737,1.);
#5737 = DIRECTION('',(0.,1.));
#5738 = ( GEOMETRIC_REPRESENTATION_CONTEXT(2) 
PARAMETRIC_REPRESENTATION_CONTEXT() REPRESENTATION_CONTEXT('2D SPACE',''
  ) );
#5739 = ORIENTED_EDGE('',*,*,#5536,.F.);
#5740 = ORIENTED_EDGE('',*,*,#5717,.F.);
#5741 = ORIENTED_EDGE('',*,*,#5742,.T.);
#5742 = EDGE_CURVE('',#5718,#5718,#5743,.T.);
#5743 = SURFACE_CURVE('',#5744,(#5749,#5756),.PCURVE_S1.);
#5744 = CIRCLE('',#5745,26.999966300876);
#5745 = AXIS2_PLACEMENT_3D('',#5746,#5747,#5748);
#5746 = CARTESIAN_POINT('',(22.018496040198,-6.063110013426E-03,
    -0.107423178056));
#5747 = DIRECTION('',(0.999999353526,1.712452944955E-06,
    1.13707761976E-03));
#5748 = DIRECTION('',(-1.137077619762E-03,0.,0.999999353527));
#5749 = PCURVE('',#5553,#5750);
#5750 = DEFINITIONAL_REPRESENTATION('',(#5751),#5755);
#5751 = LINE('',#5752,#5753);
#5752 = CARTESIAN_POINT('',(0.,6.628121600776E-02));
#5753 = VECTOR('',#5754,1.);
#5754 = DIRECTION('',(1.,0.));
#5755 = ( GEOMETRIC_REPRESENTATION_CONTEXT(2) 
PARAMETRIC_REPRESENTATION_CONTEXT() REPRESENTATION_CONTEXT('2D SPACE',''
  ) );
#5756 = PCURVE('',#5757,#5762);
#5757 = PLANE('',#5758);
#5758 = AXIS2_PLACEMENT_3D('',#5759,#5760,#5761);
#5759 = CARTESIAN_POINT('',(22.018496040198,-6.063110013426E-03,
    -0.107423178056));
#5760 = DIRECTION('',(-0.999999353526,-1.712452944955E-06,
    -1.13707761976E-03));
#5761 = DIRECTION('',(1.137077619762E-03,0.,-0.999999353527));
#5762 = DEFINITIONAL_REPRESENTATION('',(#5763),#5771);
#5763 = ( BOUNDED_CURVE() B_SPLINE_CURVE(2,(#5764,#5765,#5766,#5767,
#5768,#5769,#5770),.UNSPECIFIED.,.T.,.F.) B_SPLINE_CURVE_WITH_KNOTS((1,2
    ,2,2,2,1),(-2.094395102393,0.,2.094395102393,4.188790204786,
6.28318530718,8.377580409573),.UNSPECIFIED.) CURVE() 
GEOMETRIC_REPRESENTATION_ITEM() RATIONAL_B_SPLINE_CURVE((1.,0.5,1.,0.5,
1.,0.5,1.)) REPRESENTATION_ITEM('') );
#5764 = CARTESIAN_POINT('',(-26.99996630087,3.463374294827E-18));
#5765 = CARTESIAN_POINT('',(-26.99996630087,46.765313435765));
#5766 = CARTESIAN_POINT('',(13.499983150438,23.382656717882));
#5767 = CARTESIAN_POINT('',(53.999932601752,6.616547802285E-15));
#5768 = CARTESIAN_POINT('',(13.499983150438,-23.38265671788));
#5769 = CARTESIAN_POINT('',(-26.99996630087,-46.76531343576));
#5770 = CARTESIAN_POINT('',(-26.99996630087,3.463374294827E-18));
#5771 = ( GEOMETRIC_REPRESENTATION_CONTEXT(2) 
PARAMETRIC_REPRESENTATION_CONTEXT() REPRESENTATION_CONTEXT('2D SPACE',''
  ) );
#5772 = ADVANCED_FACE('',(#5773,#5804),#5608,.T.);
#5773 = FACE_BOUND('',#5774,.T.);
#5774 = EDGE_LOOP('',(#5775));
#5775 = ORIENTED_EDGE('',*,*,#5776,.T.);
#5776 = EDGE_CURVE('',#5777,#5777,#5779,.T.);
#5777 = VERTEX_POINT('',#5778);
#5778 = CARTESIAN_POINT('',(75.990692915558,9.838814304978,
    -12.72615006404));
#5779 = SURFACE_CURVE('',#5780,(#5785,#5792),.PCURVE_S1.);
#5780 = CIRCLE('',#5781,12.732050915021);
#5781 = AXIS2_PLACEMENT_3D('',#5782,#5783,#5784);
#5782 = CARTESIAN_POINT('',(75.990692915558,9.850862980246,
    5.895149988816E-03));
#5783 = DIRECTION('',(6.364060762806E-07,-0.999999552233,
    9.463263497712E-04));
#5784 = DIRECTION('',(-1.033975765691E-25,-9.463263497714E-04,
    -0.999999552233));
#5785 = PCURVE('',#5608,#5786);
#5786 = DEFINITIONAL_REPRESENTATION('',(#5787),#5791);
#5787 = CIRCLE('',#5788,12.732050915021);
#5788 = AXIS2_PLACEMENT_2D('',#5789,#5790);
#5789 = CARTESIAN_POINT('',(0.,0.));
#5790 = DIRECTION('',(1.,0.));
#5791 = ( GEOMETRIC_REPRESENTATION_CONTEXT(2) 
PARAMETRIC_REPRESENTATION_CONTEXT() REPRESENTATION_CONTEXT('2D SPACE',''
  ) );
#5792 = PCURVE('',#5793,#5798);
#5793 = CONICAL_SURFACE('',#5794,12.732050915021,1.047197554544);
#5794 = AXIS2_PLACEMENT_3D('',#5795,#5796,#5797);
#5795 = CARTESIAN_POINT('',(75.990692915558,9.850862980246,
    5.895149988816E-03));
#5796 = DIRECTION('',(-6.364060762806E-07,0.999999552233,
    -9.463263497712E-04));
#5797 = DIRECTION('',(-1.033975765691E-25,-9.463263497714E-04,
    -0.999999552233));
#5798 = DEFINITIONAL_REPRESENTATION('',(#5799),#5803);
#5799 = LINE('',#5800,#5801);
#5800 = CARTESIAN_POINT('',(-0.,-0.));
#5801 = VECTOR('',#5802,1.);
#5802 = DIRECTION('',(-1.,-0.));
#5803 = ( GEOMETRIC_REPRESENTATION_CONTEXT(2) 
PARAMETRIC_REPRESENTATION_CONTEXT() REPRESENTATION_CONTEXT('2D SPACE',''
  ) );
#5804 = FACE_BOUND('',#5805,.T.);
#5805 = EDGE_LOOP('',(#5806));
#5806 = ORIENTED_EDGE('',*,*,#5593,.T.);
#5807 = ADVANCED_FACE('',(#5808),#5665,.T.);
#5808 = FACE_BOUND('',#5809,.T.);
#5809 = EDGE_LOOP('',(#5810));
#5810 = ORIENTED_EDGE('',*,*,#5650,.T.);
#5811 = ADVANCED_FACE('',(#5812),#5699,.F.);
#5812 = FACE_BOUND('',#5813,.F.);
#5813 = EDGE_LOOP('',(#5814,#5850,#5871,#5872,#5873));
#5814 = ORIENTED_EDGE('',*,*,#5815,.F.);
#5815 = EDGE_CURVE('',#5816,#5818,#5820,.T.);
#5816 = VERTEX_POINT('',#5817);
#5817 = CARTESIAN_POINT('',(298.99544230625,3.843754275625,
    -10.98674857386));
#5818 = VERTEX_POINT('',#5819);
#5819 = CARTESIAN_POINT('',(299.0046040824,3.843758691912,-10.9867523925
    ));
#5820 = SURFACE_CURVE('',#5821,(#5827,#5836),.PCURVE_S1.);
#5821 = B_SPLINE_CURVE_WITH_KNOTS('',4,(#5822,#5823,#5824,#5825,#5826),
  .UNSPECIFIED.,.F.,.F.,(5,5),(0.,1.),.PIECEWISE_BEZIER_KNOTS.);
#5822 = CARTESIAN_POINT('',(298.99544230625,3.843754275626,
    -10.98674857386));
#5823 = CARTESIAN_POINT('',(298.99773274975,3.843755379263,
    -10.98675048268));
#5824 = CARTESIAN_POINT('',(299.00002319379,3.843756483189,
    -10.98675175539));
#5825 = CARTESIAN_POINT('',(299.00231363809,3.843757587407,-10.986752392
    ));
#5826 = CARTESIAN_POINT('',(299.0046040824,3.843758691913,-10.9867523925
    ));
#5827 = PCURVE('',#5699,#5828);
#5828 = DEFINITIONAL_REPRESENTATION('',(#5829),#5835);
#5829 = B_SPLINE_CURVE_WITH_KNOTS('',4,(#5830,#5831,#5832,#5833,#5834),
  .UNSPECIFIED.,.F.,.F.,(5,5),(0.,1.),.PIECEWISE_BEZIER_KNOTS.);
#5830 = CARTESIAN_POINT('',(5.329070518201E-15,-1.002106644654));
#5831 = CARTESIAN_POINT('',(-2.082911966905E-04,-1.002105542887));
#5832 = CARTESIAN_POINT('',(-4.165823455855E-04,-1.002104441119));
#5833 = CARTESIAN_POINT('',(-6.248734466707E-04,-1.002103339353));
#5834 = CARTESIAN_POINT('',(-8.331644999524E-04,-1.002102237586));
#5835 = ( GEOMETRIC_REPRESENTATION_CONTEXT(2) 
PARAMETRIC_REPRESENTATION_CONTEXT() REPRESENTATION_CONTEXT('2D SPACE',''
  ) );
#5836 = PCURVE('',#5837,#5842);
#5837 = CYLINDRICAL_SURFACE('',#5838,10.996367129137);
#5838 = AXIS2_PLACEMENT_3D('',#5839,#5840,#5841);
#5839 = CARTESIAN_POINT('',(299.00455666966,43.505176016051,
    -8.412465868449E-03));
#5840 = DIRECTION('',(1.195588044442E-06,-0.999999896689,
    4.545560369244E-04));
#5841 = DIRECTION('',(0.,-4.545560369247E-04,-0.999999896689));
#5842 = DEFINITIONAL_REPRESENTATION('',(#5843),#5849);
#5843 = B_SPLINE_CURVE_WITH_KNOTS('',4,(#5844,#5845,#5846,#5847,#5848),
  .UNSPECIFIED.,.F.,.F.,(5,5),(0.,1.),.PIECEWISE_BEZIER_KNOTS.);
#5844 = CARTESIAN_POINT('',(6.28235214318,39.656427363102));
#5845 = CARTESIAN_POINT('',(6.282560434179,39.656426261335));
#5846 = CARTESIAN_POINT('',(6.282768725179,39.656425159568));
#5847 = CARTESIAN_POINT('',(6.282977016179,39.656424057801));
#5848 = CARTESIAN_POINT('',(6.28318530718,39.656422956034));
#5849 = ( GEOMETRIC_REPRESENTATION_CONTEXT(2) 
PARAMETRIC_REPRESENTATION_CONTEXT() REPRESENTATION_CONTEXT('2D SPACE',''
  ) );
#5850 = ORIENTED_EDGE('',*,*,#5851,.F.);
#5851 = EDGE_CURVE('',#5683,#5816,#5852,.T.);
#5852 = SEAM_CURVE('',#5853,(#5857,#5864),.PCURVE_S1.);
#5853 = LINE('',#5854,#5855);
#5854 = CARTESIAN_POINT('',(298.99544110814,4.845071844005,
    -12.72290353914));
#5855 = VECTOR('',#5856,1.);
#5856 = DIRECTION('',(5.977940204119E-07,-0.499606289578,0.866252593309)
  );
#5857 = PCURVE('',#5699,#5858);
#5858 = DEFINITIONAL_REPRESENTATION('',(#5859),#5863);
#5859 = LINE('',#5860,#5861);
#5860 = CARTESIAN_POINT('',(-6.28318530718,0.));
#5861 = VECTOR('',#5862,1.);
#5862 = DIRECTION('',(-0.,-1.));
#5863 = ( GEOMETRIC_REPRESENTATION_CONTEXT(2) 
PARAMETRIC_REPRESENTATION_CONTEXT() REPRESENTATION_CONTEXT('2D SPACE',''
  ) );
#5864 = PCURVE('',#5699,#5865);
#5865 = DEFINITIONAL_REPRESENTATION('',(#5866),#5870);
#5866 = LINE('',#5867,#5868);
#5867 = CARTESIAN_POINT('',(0.,-0.));
#5868 = VECTOR('',#5869,1.);
#5869 = DIRECTION('',(-0.,-1.));
#5870 = ( GEOMETRIC_REPRESENTATION_CONTEXT(2) 
PARAMETRIC_REPRESENTATION_CONTEXT() REPRESENTATION_CONTEXT('2D SPACE',''
  ) );
#5871 = ORIENTED_EDGE('',*,*,#5682,.T.);
#5872 = ORIENTED_EDGE('',*,*,#5851,.T.);
#5873 = ORIENTED_EDGE('',*,*,#5874,.F.);
#5874 = EDGE_CURVE('',#5818,#5816,#5875,.T.);
#5875 = SURFACE_CURVE('',#5876,(#5935,#5997),.PCURVE_S1.);
#5876 = B_SPLINE_CURVE_WITH_KNOTS('',8,(#5877,#5878,#5879,#5880,#5881,
    #5882,#5883,#5884,#5885,#5886,#5887,#5888,#5889,#5890,#5891,#5892,
    #5893,#5894,#5895,#5896,#5897,#5898,#5899,#5900,#5901,#5902,#5903,
    #5904,#5905,#5906,#5907,#5908,#5909,#5910,#5911,#5912,#5913,#5914,
    #5915,#5916,#5917,#5918,#5919,#5920,#5921,#5922,#5923,#5924,#5925,
    #5926,#5927,#5928,#5929,#5930,#5931,#5932,#5933,#5934),
  .UNSPECIFIED.,.F.,.F.,(9,7,7,7,7,7,7,7,9),(0.,0.128154288247,
    0.25078510092,0.373415916189,0.495545057413,0.626210259033,
    0.75034901594,0.874989896326,1.),.UNSPECIFIED.);
#5877 = CARTESIAN_POINT('',(299.0046040824,3.843758691913,-10.9867523925
    ));
#5878 = CARTESIAN_POINT('',(300.11101253869,3.844292227771,
    -10.98675263502));
#5879 = CARTESIAN_POINT('',(301.21819278938,3.844883985561,
    -10.85952729246));
#5880 = CARTESIAN_POINT('',(302.30785747533,3.84552528693,
    -10.60476801976));
#5881 = CARTESIAN_POINT('',(303.36300930951,3.846206478757,
    -10.22568537471));
#5882 = CARTESIAN_POINT('',(304.36753919036,3.846917328137,
    -9.727714690004));
#5883 = CARTESIAN_POINT('',(305.30636197247,3.847647003671,
    -9.11869804938));
#5884 = CARTESIAN_POINT('',(306.16537390216,3.848384148706,
    -8.408675867423));
#5885 = CARTESIAN_POINT('',(307.66583254936,3.849817631014,
    -6.84779861095));
#5886 = CARTESIAN_POINT('',(308.31599218853,3.850515247719,
    -6.003363394176));
#5887 = CARTESIAN_POINT('',(308.87139040544,3.851198978607,
    -5.089061550283));
#5888 = CARTESIAN_POINT('',(309.3236057431,3.851859042765,
    -4.117487467241));
#5889 = CARTESIAN_POINT('',(309.66610587961,3.852486205963,
    -3.102032214432));
#5890 = CARTESIAN_POINT('',(309.89438681158,3.853071840043,
    -2.056898136895));
#5891 = CARTESIAN_POINT('',(310.00586201278,3.853607907584,
    -0.997013454038));
#5892 = CARTESIAN_POINT('',(309.99583374559,3.854566713623,
    1.120394567422));
#5893 = CARTESIAN_POINT('',(309.87432431439,3.854990021754,
    2.179175876889));
#5894 = CARTESIAN_POINT('',(309.63615410776,3.855349903785,3.2221009028)
  );
#5895 = CARTESIAN_POINT('',(309.2840509386,3.855640888794,4.234266593883
    ));
#5896 = CARTESIAN_POINT('',(308.82265313536,3.855858762207,5.20151390364
    ));
#5897 = CARTESIAN_POINT('',(308.25861956882,3.856000658969,
    6.110514235904));
#5898 = CARTESIAN_POINT('',(307.60049061347,3.856064990345,
    6.948753534492));
#5899 = CARTESIAN_POINT('',(306.12171700407,3.856039264829,
    8.458191874724));
#5900 = CARTESIAN_POINT('',(305.30088035784,3.855949823356,
    9.130946086453));
#5901 = CARTESIAN_POINT('',(304.40791819444,3.855783803729,
    9.711882049581));
#5902 = CARTESIAN_POINT('',(303.45500708099,3.855543107371,
    10.192301849126));
#5903 = CARTESIAN_POINT('',(302.45516655494,3.85523087914,
    10.565343332356));
#5904 = CARTESIAN_POINT('',(301.42227638408,3.854851577171,
    10.826112820684));
#5905 = CARTESIAN_POINT('',(300.37099087234,3.854410885546,
    10.971582259766));
#5906 = CARTESIAN_POINT('',(298.18942327813,3.853387130297,
    11.033591755279));
#5907 = CARTESIAN_POINT('',(297.05718823683,3.852795533078,
    10.933464896309));
#5908 = CARTESIAN_POINT('',(295.93976029018,3.852150456235,
    10.700256058347));
#5909 = CARTESIAN_POINT('',(294.85524661324,3.851461990997,
    10.336943582326));
#5910 = CARTESIAN_POINT('',(293.82084492161,3.850740888728,
    9.848909678604));
#5911 = CARTESIAN_POINT('',(292.85269571452,3.849998592054,
    9.244167595029));
#5912 = CARTESIAN_POINT('',(291.96593277487,3.849247136506,
    8.533095327905));
#5913 = CARTESIAN_POINT('',(290.42153730917,3.847789035667,
    6.966599894463));
#5914 = CARTESIAN_POINT('',(289.75365671576,3.847081067944,
    6.119130502047));
#5915 = CARTESIAN_POINT('',(289.18212029167,3.846386496918,
    5.198983636791));
#5916 = CARTESIAN_POINT('',(288.71579366903,3.845715517824,
    4.219140058749));
#5917 = CARTESIAN_POINT('',(288.36157534407,3.845077761784,3.19342918899
    ));
#5918 = CARTESIAN_POINT('',(288.12423857567,3.844482227863,
    2.136549929773));
#5919 = CARTESIAN_POINT('',(288.00655874984,3.843937299985,
    1.063974689333));
#5920 = CARTESIAN_POINT('',(288.0099494187,3.842961477838,-1.0837973054)
  );
#5921 = CARTESIAN_POINT('',(288.13198969428,3.842530437852,
    -2.160342669494));
#5922 = CARTESIAN_POINT('',(288.37461039774,3.842164998493,
    -3.220615673964));
#5923 = CARTESIAN_POINT('',(288.73493807382,3.841870892609,
    -4.248965768356));
#5924 = CARTESIAN_POINT('',(289.20807586842,3.841652512094,
    -5.230536559338));
#5925 = CARTESIAN_POINT('',(289.78697048305,3.84151279905,
    -6.151365847089));
#5926 = CARTESIAN_POINT('',(290.46257695938,3.841453337131,
    -6.998362157238));
#5927 = CARTESIAN_POINT('',(291.98540145346,3.841493973094,
    -8.523592795332));
#5928 = CARTESIAN_POINT('',(292.83409544255,3.841594570141,
    -9.202294836445));
#5929 = CARTESIAN_POINT('',(293.75718145282,3.841775266808,
    -9.783790949851));
#5930 = CARTESIAN_POINT('',(294.74145884191,3.842033843555,
    -10.25894286772));
#5931 = CARTESIAN_POINT('',(295.7728458327,3.842366741783,
    -10.62062474288));
#5932 = CARTESIAN_POINT('',(296.83635451687,3.842768975796,
    -10.86389309084));
#5933 = CARTESIAN_POINT('',(297.91619354868,3.843234245669,
    -10.98584914597));
#5934 = CARTESIAN_POINT('',(298.99544230625,3.843754275626,
    -10.98674857386));
#5935 = PCURVE('',#5699,#5936);
#5936 = DEFINITIONAL_REPRESENTATION('',(#5937),#5996);
#5937 = B_SPLINE_CURVE_WITH_KNOTS('',8,(#5938,#5939,#5940,#5941,#5942,
    #5943,#5944,#5945,#5946,#5947,#5948,#5949,#5950,#5951,#5952,#5953,
    #5954,#5955,#5956,#5957,#5958,#5959,#5960,#5961,#5962,#5963,#5964,
    #5965,#5966,#5967,#5968,#5969,#5970,#5971,#5972,#5973,#5974,#5975,
    #5976,#5977,#5978,#5979,#5980,#5981,#5982,#5983,#5984,#5985,#5986,
    #5987,#5988,#5989,#5990,#5991,#5992,#5993,#5994,#5995),
  .UNSPECIFIED.,.F.,.F.,(9,7,7,7,7,7,7,7,9),(0.,0.128154288247,
    0.25078510092,0.373415916189,0.495545057413,0.626210259033,
    0.75034901594,0.874989896326,1.),.UNSPECIFIED.);
#5938 = CARTESIAN_POINT('',(-8.331644999526E-04,-1.002102237586));
#5939 = CARTESIAN_POINT('',(-0.101449006449,-1.001570024481));
#5940 = CARTESIAN_POINT('',(-0.20212529867,-1.001037421523));
#5941 = CARTESIAN_POINT('',(-0.302751890366,-1.000513225397));
#5942 = CARTESIAN_POINT('',(-0.403341474578,-1.000005609444));
#5943 = CARTESIAN_POINT('',(-0.503922213362,-0.999522316745));
#5944 = CARTESIAN_POINT('',(-0.604522720181,-0.999070595912));
#5945 = CARTESIAN_POINT('',(-0.705154866692,-0.998657222849));
#5946 = CARTESIAN_POINT('',(-0.90193024361,-0.997935040799));
#5947 = CARTESIAN_POINT('',(-0.998202018447,-0.997622044615));
#5948 = CARTESIAN_POINT('',(-1.094437280559,-0.997354579247));
#5949 = CARTESIAN_POINT('',(-1.190645179837,-0.997136690686));
#5950 = CARTESIAN_POINT('',(-1.28684978713,-0.996971518357));
#5951 = CARTESIAN_POINT('',(-1.383075233684,-0.996861229272));
#5952 = CARTESIAN_POINT('',(-1.479330844241,-0.996807072045));
#5953 = CARTESIAN_POINT('',(-1.671727957941,-0.996810734714));
#5954 = CARTESIAN_POINT('',(-1.767983633191,-0.996868556788));
#5955 = CARTESIAN_POINT('',(-1.864209207277,-0.996982457907));
#5956 = CARTESIAN_POINT('',(-1.96041400353,-0.997151137984));
#5957 = CARTESIAN_POINT('',(-2.056622150795,-0.997372381055));
#5958 = CARTESIAN_POINT('',(-2.152857716381,-0.997643001545));
#5959 = CARTESIAN_POINT('',(-2.249129845664,-0.997958910057));
#5960 = CARTESIAN_POINT('',(-2.44117846189,-0.998668991877));
#5961 = CARTESIAN_POINT('',(-2.537067943239,-0.999063256446));
#5962 = CARTESIAN_POINT('',(-2.632933695692,-0.999492276391));
#5963 = CARTESIAN_POINT('',(-2.72878431285,-0.999950211155));
#5964 = CARTESIAN_POINT('',(-2.824642980395,-1.000430812214));
#5965 = CARTESIAN_POINT('',(-2.920532736559,-1.000927413578));
#5966 = CARTESIAN_POINT('',(-3.0164617477,-1.001432972265));
#5967 = CARTESIAN_POINT('',(-3.214926697404,-1.002482305942));
#5968 = CARTESIAN_POINT('',(-3.31759818333,-1.003027036145));
#5969 = CARTESIAN_POINT('',(-3.420235806806,-1.003564770453));
#5970 = CARTESIAN_POINT('',(-3.522853052118,-1.00408679311));
#5971 = CARTESIAN_POINT('',(-3.625479694552,-1.004584819828));
#5972 = CARTESIAN_POINT('',(-3.728145309238,-1.005051069753));
#5973 = CARTESIAN_POINT('',(-3.830862814299,-1.005478242829));
#5974 = CARTESIAN_POINT('',(-4.031028158994,-1.0062224371));
#5975 = CARTESIAN_POINT('',(-4.128614417185,-1.006544383911));
#5976 = CARTESIAN_POINT('',(-4.226172797296,-1.006820013231));
#5977 = CARTESIAN_POINT('',(-4.323711391969,-1.007045040908));
#5978 = CARTESIAN_POINT('',(-4.421253460267,-1.007216130314));
#5979 = CARTESIAN_POINT('',(-4.518822194165,-1.007330969569));
#5980 = CARTESIAN_POINT('',(-4.61642549363,-1.007388211144));
#5981 = CARTESIAN_POINT('',(-4.811905128788,-1.007387754518));
#5982 = CARTESIAN_POINT('',(-4.909904197003,-1.007329590175));
#5983 = CARTESIAN_POINT('',(-5.007867951883,-1.007213366076));
#5984 = CARTESIAN_POINT('',(-5.105804582652,-1.00704045999));
#5985 = CARTESIAN_POINT('',(-5.203737690229,-1.00681322723));
#5986 = CARTESIAN_POINT('',(-5.301690944171,-1.006535063868));
#5987 = CARTESIAN_POINT('',(-5.399672730493,-1.006210326242));
#5988 = CARTESIAN_POINT('',(-5.595789610748,-1.00547820816));
#5989 = CARTESIAN_POINT('',(-5.694049520025,-1.005070117701));
#5990 = CARTESIAN_POINT('',(-5.792267471256,-1.004626202116));
#5991 = CARTESIAN_POINT('',(-5.890452377288,-1.004152819012));
#5992 = CARTESIAN_POINT('',(-5.988628741659,-1.003656749254));
#5993 = CARTESIAN_POINT('',(-6.086821233771,-1.003145207703));
#5994 = CARTESIAN_POINT('',(-6.185039242888,-1.00262579306));
#5995 = CARTESIAN_POINT('',(-6.28318530718,-1.002106644654));
#5996 = ( GEOMETRIC_REPRESENTATION_CONTEXT(2) 
PARAMETRIC_REPRESENTATION_CONTEXT() REPRESENTATION_CONTEXT('2D SPACE',''
  ) );
#5997 = PCURVE('',#5837,#5998);
#5998 = DEFINITIONAL_REPRESENTATION('',(#5999),#6058);
#5999 = B_SPLINE_CURVE_WITH_KNOTS('',8,(#6000,#6001,#6002,#6003,#6004,
    #6005,#6006,#6007,#6008,#6009,#6010,#6011,#6012,#6013,#6014,#6015,
    #6016,#6017,#6018,#6019,#6020,#6021,#6022,#6023,#6024,#6025,#6026,
    #6027,#6028,#6029,#6030,#6031,#6032,#6033,#6034,#6035,#6036,#6037,
    #6038,#6039,#6040,#6041,#6042,#6043,#6044,#6045,#6046,#6047,#6048,
    #6049,#6050,#6051,#6052,#6053,#6054,#6055,#6056,#6057),
  .UNSPECIFIED.,.F.,.F.,(9,7,7,7,7,7,7,7,9),(0.,0.128154288247,
    0.25078510092,0.373415916189,0.495545057413,0.626210259033,
    0.75034901594,0.874989896326,1.),.UNSPECIFIED.);
#6000 = CARTESIAN_POINT('',(0.,39.656422956034));
#6001 = CARTESIAN_POINT('',(0.100615816472,39.655890742929));
#6002 = CARTESIAN_POINT('',(0.201301722741,39.655358139971));
#6003 = CARTESIAN_POINT('',(0.301947588562,39.654833943845));
#6004 = CARTESIAN_POINT('',(0.402565860862,39.654326327892));
#6005 = CARTESIAN_POINT('',(0.503184287574,39.653843035193));
#6006 = CARTESIAN_POINT('',(0.603830886654,39.65339131436));
#6007 = CARTESIAN_POINT('',(0.704516768967,39.652977941297));
#6008 = CARTESIAN_POINT('',(0.901410274787,39.652255759247));
#6009 = CARTESIAN_POINT('',(0.997745956909,39.651942763063));
#6010 = CARTESIAN_POINT('',(1.094050413499,39.651675297696));
#6011 = CARTESIAN_POINT('',(1.190331842285,39.651457409134));
#6012 = CARTESIAN_POINT('',(1.286613302517,39.651292236805));
#6013 = CARTESIAN_POINT('',(1.382917853059,39.65118194772));
#6014 = CARTESIAN_POINT('',(1.479253691592,39.651127790493));
#6015 = CARTESIAN_POINT('',(1.671811102689,39.651131453162));
#6016 = CARTESIAN_POINT('',(1.768146942594,39.651189275236));
#6017 = CARTESIAN_POINT('',(1.864451493899,39.651303176356));
#6018 = CARTESIAN_POINT('',(1.960732954294,39.651471856431));
#6019 = CARTESIAN_POINT('',(2.057014382718,39.651693099503));
#6020 = CARTESIAN_POINT('',(2.153318838416,39.651963719993));
#6021 = CARTESIAN_POINT('',(2.249654519184,39.652279628506));
#6022 = CARTESIAN_POINT('',(2.441817625593,39.652989710325));
#6023 = CARTESIAN_POINT('',(2.537758163366,39.653383974894));
#6024 = CARTESIAN_POINT('',(2.633668036334,39.653812994839));
#6025 = CARTESIAN_POINT('',(2.729555176935,39.654270929603));
#6026 = CARTESIAN_POINT('',(2.825442247601,39.654751530662));
#6027 = CARTESIAN_POINT('',(2.921351911479,39.655248132026));
#6028 = CARTESIAN_POINT('',(3.017292100585,39.655753690713));
#6029 = CARTESIAN_POINT('',(3.215762074007,39.65680302439));
#6030 = CARTESIAN_POINT('',(3.318426143271,39.657347754593));
#6031 = CARTESIAN_POINT('',(3.421046261984,39.657885488901));
#6032 = CARTESIAN_POINT('',(3.523636133842,39.658407511558));
#6033 = CARTESIAN_POINT('',(3.626225936416,39.658905538276));
#6034 = CARTESIAN_POINT('',(3.728845847578,39.659371788201));
#6035 = CARTESIAN_POINT('',(3.831509568969,39.659798961277));
#6036 = CARTESIAN_POINT('',(4.031556356137,39.660543155548));
#6037 = CARTESIAN_POINT('',(4.129078445619,39.660865102359));
#6038 = CARTESIAN_POINT('',(4.226567127077,39.661140731679));
#6039 = CARTESIAN_POINT('',(4.324031477225,39.661365759356));
#6040 = CARTESIAN_POINT('',(4.421495804826,39.661536848763));
#6041 = CARTESIAN_POINT('',(4.518984418552,39.661651688017));
#6042 = CARTESIAN_POINT('',(4.61650639436,39.661708929592));
#6043 = CARTESIAN_POINT('',(4.811823162853,39.661708472966));
#6044 = CARTESIAN_POINT('',(4.909740585707,39.661650308623));
#6045 = CARTESIAN_POINT('',(5.007623921775,39.661534084524));
#6046 = CARTESIAN_POINT('',(5.105482550263,39.661361178438));
#6047 = CARTESIAN_POINT('',(5.203341201646,39.661133945678));
#6048 = CARTESIAN_POINT('',(5.301224606394,39.660855782316));
#6049 = CARTESIAN_POINT('',(5.399142144553,39.66053104469));
#6050 = CARTESIAN_POINT('',(5.595143330732,39.659798926608));
#6051 = CARTESIAN_POINT('',(5.693351758625,39.659390836149));
#6052 = CARTESIAN_POINT('',(5.791525602419,39.658946920563));
#6053 = CARTESIAN_POINT('',(5.889674467208,39.658473537461));
#6054 = CARTESIAN_POINT('',(5.98782339509,39.657977467701));
#6055 = CARTESIAN_POINT('',(6.085997427905,39.657465926152));
#6056 = CARTESIAN_POINT('',(6.18420617187,39.656946511508));
#6057 = CARTESIAN_POINT('',(6.28235214318,39.656427363102));
#6058 = ( GEOMETRIC_REPRESENTATION_CONTEXT(2) 
PARAMETRIC_REPRESENTATION_CONTEXT() REPRESENTATION_CONTEXT('2D SPACE',''
  ) );
#6059 = ADVANCED_FACE('',(#6060,#6091),#5757,.F.);
#6060 = FACE_BOUND('',#6061,.F.);
#6061 = EDGE_LOOP('',(#6062));
#6062 = ORIENTED_EDGE('',*,*,#6063,.T.);
#6063 = EDGE_CURVE('',#6064,#6064,#6066,.T.);
#6064 = VERTEX_POINT('',#6065);
#6065 = CARTESIAN_POINT('',(22.04922028439,-6.06311001342E-03,
    -27.12776356341));
#6066 = SURFACE_CURVE('',#6067,(#6072,#6079),.PCURVE_S1.);
#6067 = CIRCLE('',#6068,27.020357853286);
#6068 = AXIS2_PLACEMENT_3D('',#6069,#6070,#6071);
#6069 = CARTESIAN_POINT('',(22.018496040198,-6.063110013426E-03,
    -0.107423178056));
#6070 = DIRECTION('',(-0.999999353526,-1.712452944955E-06,
    -1.13707761976E-03));
#6071 = DIRECTION('',(1.137077619762E-03,0.,-0.999999353527));
#6072 = PCURVE('',#5757,#6073);
#6073 = DEFINITIONAL_REPRESENTATION('',(#6074),#6078);
#6074 = CIRCLE('',#6075,27.020357853286);
#6075 = AXIS2_PLACEMENT_2D('',#6076,#6077);
#6076 = CARTESIAN_POINT('',(0.,0.));
#6077 = DIRECTION('',(1.,0.));
#6078 = ( GEOMETRIC_REPRESENTATION_CONTEXT(2) 
PARAMETRIC_REPRESENTATION_CONTEXT() REPRESENTATION_CONTEXT('2D SPACE',''
  ) );
#6079 = PCURVE('',#6080,#6085);
#6080 = CONICAL_SURFACE('',#6081,27.020357853286,0.787082626631);
#6081 = AXIS2_PLACEMENT_3D('',#6082,#6083,#6084);
#6082 = CARTESIAN_POINT('',(22.018496040198,-6.063110013426E-03,
    -0.107423178056));
#6083 = DIRECTION('',(0.999999353526,1.712452944955E-06,
    1.13707761976E-03));
#6084 = DIRECTION('',(1.137077619762E-03,0.,-0.999999353527));
#6085 = DEFINITIONAL_REPRESENTATION('',(#6086),#6090);
#6086 = LINE('',#6087,#6088);
#6087 = CARTESIAN_POINT('',(-0.,-0.));
#6088 = VECTOR('',#6089,1.);
#6089 = DIRECTION('',(-1.,-0.));
#6090 = ( GEOMETRIC_REPRESENTATION_CONTEXT(2) 
PARAMETRIC_REPRESENTATION_CONTEXT() REPRESENTATION_CONTEXT('2D SPACE',''
  ) );
#6091 = FACE_BOUND('',#6092,.F.);
#6092 = EDGE_LOOP('',(#6093));
#6093 = ORIENTED_EDGE('',*,*,#5742,.T.);
#6094 = ADVANCED_FACE('',(#6095),#5793,.F.);
#6095 = FACE_BOUND('',#6096,.F.);
#6096 = EDGE_LOOP('',(#6097,#6250,#6271,#6272,#6273));
#6097 = ORIENTED_EDGE('',*,*,#6098,.T.);
#6098 = EDGE_CURVE('',#6099,#6101,#6103,.T.);
#6099 = VERTEX_POINT('',#6100);
#6100 = CARTESIAN_POINT('',(75.99068386263,8.8736630421,11.028249973173)
  );
#6101 = VERTEX_POINT('',#6102);
#6102 = CARTESIAN_POINT('',(75.990693544091,8.852803324752,
    -11.01459045417));
#6103 = SURFACE_CURVE('',#6104,(#6149,#6197),.PCURVE_S1.);
#6104 = B_SPLINE_CURVE_WITH_KNOTS('',8,(#6105,#6106,#6107,#6108,#6109,
    #6110,#6111,#6112,#6113,#6114,#6115,#6116,#6117,#6118,#6119,#6120,
    #6121,#6122,#6123,#6124,#6125,#6126,#6127,#6128,#6129,#6130,#6131,
    #6132,#6133,#6134,#6135,#6136,#6137,#6138,#6139,#6140,#6141,#6142,
    #6143,#6144,#6145,#6146,#6147,#6148),.UNSPECIFIED.,.F.,.F.,(9,7,7,7,
    7,7,9),(0.,2.4124680956E-02,0.262313112636,0.499497301547,
    0.737685734054,0.974869922141,1.),.UNSPECIFIED.);
#6105 = CARTESIAN_POINT('',(75.99068386263,8.8736630421,11.028249973173)
  );
#6106 = CARTESIAN_POINT('',(76.095089136049,8.873663055594,
    11.02824997316));
#6107 = CARTESIAN_POINT('',(76.199487835713,8.873661999528,
    11.02711975052));
#6108 = CARTESIAN_POINT('',(76.303868769607,8.873659873975,
    11.024859383611));
#6109 = CARTESIAN_POINT('',(76.408219907351,8.87365667919,
    11.021469144345));
#6110 = CARTESIAN_POINT('',(76.512528380198,8.873652415612,
    11.016949498182));
#6111 = CARTESIAN_POINT('',(76.616780481037,8.873647083863,
    11.011301104134));
#6112 = CARTESIAN_POINT('',(76.720961664389,8.873640684749,
    11.004524814765));
#6113 = CARTESIAN_POINT('',(77.852808861156,8.873559510755,
    10.918592201469));
#6114 = CARTESIAN_POINT('',(78.872765476758,8.873381813175,
    10.730676650118));
#6115 = CARTESIAN_POINT('',(79.870371782435,8.873100977589,
    10.433776356658));
#6116 = CARTESIAN_POINT('',(80.832137007843,8.872720203423,
    10.031274055011));
#6117 = CARTESIAN_POINT('',(81.745344753518,8.872244278947,
    9.528231331334));
#6118 = CARTESIAN_POINT('',(82.598124500188,8.871679649963,
    8.931461204277));
#6119 = CARTESIAN_POINT('',(83.37943922053,8.871034324104,8.249426991347
    ));
#6120 = CARTESIAN_POINT('',(84.776677046161,8.869605808939,
    6.739698358265));
#6121 = CARTESIAN_POINT('',(85.394013892569,8.868822465706,
    5.911841087107));
#6122 = CARTESIAN_POINT('',(85.921624941484,8.867978393627,
    5.019822800827));
#6123 = CARTESIAN_POINT('',(86.352010864216,8.867084477821,
    4.075147026243));
#6124 = CARTESIAN_POINT('',(86.679354900647,8.866152261453,
    3.090012429759));
#6125 = CARTESIAN_POINT('',(86.899619955154,8.865193949191,
    2.077316453763));
#6126 = CARTESIAN_POINT('',(87.010474966725,8.864222347192,
    1.050591915982));
#6127 = CARTESIAN_POINT('',(87.013722448098,8.862275687276,
    -1.006479252097));
#6128 = CARTESIAN_POINT('',(86.905189663525,8.861299606031,
    -2.037907126697));
#6129 = CARTESIAN_POINT('',(86.686270801698,8.860336627796,
    -3.055473736501));
#6130 = CARTESIAN_POINT('',(86.359295932808,8.85939972874,
    -4.045467247992));
#6131 = CARTESIAN_POINT('',(85.928328801962,8.858501277417,
    -4.994818142404));
#6132 = CARTESIAN_POINT('',(85.399244718309,8.857652972612,
    -5.891164903205));
#6133 = CARTESIAN_POINT('',(84.779628766727,8.856865847626,
    -6.722849479538));
#6134 = CARTESIAN_POINT('',(83.382390941078,8.855436971279,
    -8.232578112298));
#6135 = CARTESIAN_POINT('',(82.60471595608,8.854793874144,
    -8.912044267407));
#6136 = CARTESIAN_POINT('',(81.756137907656,8.854230731608,
    -9.507011266462));
#6137 = CARTESIAN_POINT('',(80.847546388186,8.85375546193,
    -10.00911323304));
#6138 = CARTESIAN_POINT('',(79.890654078397,8.853374446809,
    -10.41160810735));
#6139 = CARTESIAN_POINT('',(78.898007875271,8.853092440052,
    -10.70947417074));
#6140 = CARTESIAN_POINT('',(77.882919992085,8.852912632391,
    -10.89934153563));
#6141 = CARTESIAN_POINT('',(76.751344783423,8.852827784035,
    -10.9888477775));
#6142 = CARTESIAN_POINT('',(76.642841577997,8.852820812234,
    -10.99620018645));
#6143 = CARTESIAN_POINT('',(76.534257765821,8.852814998431,-11.002328907
    ));
#6144 = CARTESIAN_POINT('',(76.425609449427,8.852810343591,
    -11.00723292095));
#6145 = CARTESIAN_POINT('',(76.316912741397,8.85280684844,-11.0109114646
    ));
#6146 = CARTESIAN_POINT('',(76.208183764364,8.852804513461,
    -11.01336402873));
#6147 = CARTESIAN_POINT('',(76.099438651016,8.852803338898,
    -11.01459035866));
#6148 = CARTESIAN_POINT('',(75.990693544091,8.852803324752,
    -11.01459045417));
#6149 = PCURVE('',#5793,#6150);
#6150 = DEFINITIONAL_REPRESENTATION('',(#6151),#6196);
#6151 = B_SPLINE_CURVE_WITH_KNOTS('',8,(#6152,#6153,#6154,#6155,#6156,
    #6157,#6158,#6159,#6160,#6161,#6162,#6163,#6164,#6165,#6166,#6167,
    #6168,#6169,#6170,#6171,#6172,#6173,#6174,#6175,#6176,#6177,#6178,
    #6179,#6180,#6181,#6182,#6183,#6184,#6185,#6186,#6187,#6188,#6189,
    #6190,#6191,#6192,#6193,#6194,#6195),.UNSPECIFIED.,.F.,.F.,(9,7,7,7,
    7,7,9),(0.,2.4124680956E-02,0.262313112636,0.499497301547,
    0.737685734054,0.974869922141,1.),.UNSPECIFIED.);
#6152 = CARTESIAN_POINT('',(-3.141593532012,-0.987630245388));
#6153 = CARTESIAN_POINT('',(-3.132120594337,-0.987630298338));
#6154 = CARTESIAN_POINT('',(-3.122648253342,-0.987630351284));
#6155 = CARTESIAN_POINT('',(-3.113176228726,-0.98763040422));
#6156 = CARTESIAN_POINT('',(-3.103704317036,-0.987630457141));
#6157 = CARTESIAN_POINT('',(-3.094232391669,-0.987630510039));
#6158 = CARTESIAN_POINT('',(-3.084760402868,-0.987630562908));
#6159 = CARTESIAN_POINT('',(-3.075288377726,-0.98763061574));
#6160 = CARTESIAN_POINT('',(-2.972297640965,-0.987631189715));
#6161 = CARTESIAN_POINT('',(-2.878729404652,-0.987631706885));
#6162 = CARTESIAN_POINT('',(-2.785187962749,-0.987632212657));
#6163 = CARTESIAN_POINT('',(-2.69166686554,-0.987632700191));
#6164 = CARTESIAN_POINT('',(-2.598145760388,-0.987633163041));
#6165 = CARTESIAN_POINT('',(-2.504604294786,-0.987633595191));
#6166 = CARTESIAN_POINT('',(-2.411036019431,-0.987633991047));
#6167 = CARTESIAN_POINT('',(-2.224392645029,-0.987634698796));
#6168 = CARTESIAN_POINT('',(-2.131219675813,-0.987635011405));
#6169 = CARTESIAN_POINT('',(-2.038072911279,-0.987635278473));
#6170 = CARTESIAN_POINT('',(-1.944946126743,-0.987635496202));
#6171 = CARTESIAN_POINT('',(-1.851819338999,-0.987635661649));
#6172 = CARTESIAN_POINT('',(-1.758672564962,-0.987635772774));
#6173 = CARTESIAN_POINT('',(-1.665499580066,-0.987635828403));
#6174 = CARTESIAN_POINT('',(-1.478856162197,-0.987635828863));
#6175 = CARTESIAN_POINT('',(-1.385287858978,-0.987635773225));
#6176 = CARTESIAN_POINT('',(-1.29174635989,-0.987635661612));
#6177 = CARTESIAN_POINT('',(-1.198225216026,-0.987635495213));
#6178 = CARTESIAN_POINT('',(-1.104704075391,-0.987635276098));
#6179 = CARTESIAN_POINT('',(-1.011162585911,-0.987635007252));
#6180 = CARTESIAN_POINT('',(-0.917594298531,-0.987634692529));
#6181 = CARTESIAN_POINT('',(-0.73095092438,-0.987633983039));
#6182 = CARTESIAN_POINT('',(-0.637777967338,-0.987633588244));
#6183 = CARTESIAN_POINT('',(-0.544631226735,-0.987633157538));
#6184 = CARTESIAN_POINT('',(-0.45150447762,-0.987632696449));
#6185 = CARTESIAN_POINT('',(-0.358377736384,-0.987632210922));
#6186 = CARTESIAN_POINT('',(-0.265231019286,-0.987631707323));
#6187 = CARTESIAN_POINT('',(-0.172058100972,-0.987631192404));
#6188 = CARTESIAN_POINT('',(-6.906691131347E-02,-0.987630618466));
#6189 = CARTESIAN_POINT('',(-5.920020948161E-02,-0.987630563434));
#6190 = CARTESIAN_POINT('',(-4.933350759689E-02,-0.987630508361));
#6191 = CARTESIAN_POINT('',(-3.946680573398E-02,-0.987630453256));
#6192 = CARTESIAN_POINT('',(-2.960010396771E-02,-0.987630398128));
#6193 = CARTESIAN_POINT('',(-1.973340237311E-02,-0.987630342984));
#6194 = CARTESIAN_POINT('',(-9.866701025406E-03,-0.987630287832));
#6195 = CARTESIAN_POINT('',(0.,-0.987630232681));
#6196 = ( GEOMETRIC_REPRESENTATION_CONTEXT(2) 
PARAMETRIC_REPRESENTATION_CONTEXT() REPRESENTATION_CONTEXT('2D SPACE',''
  ) );
#6197 = PCURVE('',#6198,#6203);
#6198 = CYLINDRICAL_SURFACE('',#6199,11.021425148697);
#6199 = AXIS2_PLACEMENT_3D('',#6200,#6201,#6202);
#6200 = CARTESIAN_POINT('',(75.990684521407,7.828080633808,
    7.809352071627E-03));
#6201 = DIRECTION('',(-6.364060762806E-07,0.999999552233,
    -9.463263497712E-04));
#6202 = DIRECTION('',(1.033975765691E-25,9.463263497714E-04,
    0.999999552233));
#6203 = DEFINITIONAL_REPRESENTATION('',(#6204),#6249);
#6204 = B_SPLINE_CURVE_WITH_KNOTS('',8,(#6205,#6206,#6207,#6208,#6209,
    #6210,#6211,#6212,#6213,#6214,#6215,#6216,#6217,#6218,#6219,#6220,
    #6221,#6222,#6223,#6224,#6225,#6226,#6227,#6228,#6229,#6230,#6231,
    #6232,#6233,#6234,#6235,#6236,#6237,#6238,#6239,#6240,#6241,#6242,
    #6243,#6244,#6245,#6246,#6247,#6248),.UNSPECIFIED.,.F.,.F.,(9,7,7,7,
    7,7,9),(0.,2.4124680956E-02,0.262313112636,0.499497301547,
    0.737685734054,0.974869922141,1.),.UNSPECIFIED.);
#6205 = CARTESIAN_POINT('',(0.,1.035153006769));
#6206 = CARTESIAN_POINT('',(9.472937665601E-03,1.035152953819));
#6207 = CARTESIAN_POINT('',(1.894527856106E-02,1.035152900873));
#6208 = CARTESIAN_POINT('',(2.841730298737E-02,1.035152847937));
#6209 = CARTESIAN_POINT('',(3.788921439719E-02,1.035152795016));
#6210 = CARTESIAN_POINT('',(4.736113939482E-02,1.035152742118));
#6211 = CARTESIAN_POINT('',(5.68331277362E-02,1.035152689249));
#6212 = CARTESIAN_POINT('',(6.630515232895E-02,1.035152636417));
#6213 = CARTESIAN_POINT('',(0.169295882138,1.035152062442));
#6214 = CARTESIAN_POINT('',(0.262864103382,1.035151545272));
#6215 = CARTESIAN_POINT('',(0.356405521531,1.0351510395));
#6216 = CARTESIAN_POINT('',(0.449926586573,1.035150551966));
#6217 = CARTESIAN_POINT('',(0.54344765155,1.035150089116));
#6218 = CARTESIAN_POINT('',(0.63698906951,1.035149656966));
#6219 = CARTESIAN_POINT('',(0.730557290436,1.03514926111));
#6220 = CARTESIAN_POINT('',(0.917200544383,1.035148553361));
#6221 = CARTESIAN_POINT('',(1.010373447563,1.035148240752));
#6222 = CARTESIAN_POINT('',(1.103520140951,1.035147973684));
#6223 = CARTESIAN_POINT('',(1.19664685016,1.035147755955));
#6224 = CARTESIAN_POINT('',(1.289773559355,1.035147590508));
#6225 = CARTESIAN_POINT('',(1.38292025266,1.035147479383));
#6226 = CARTESIAN_POINT('',(1.476093155715,1.035147423754));
#6227 = CARTESIAN_POINT('',(1.662736409631,1.035147423294));
#6228 = CARTESIAN_POINT('',(1.756304630654,1.035147478932));
#6229 = CARTESIAN_POINT('',(1.849846048661,1.035147590545));
#6230 = CARTESIAN_POINT('',(1.943367113651,1.035147756944));
#6231 = CARTESIAN_POINT('',(2.036888178659,1.035147976059));
#6232 = CARTESIAN_POINT('',(2.130429596748,1.035148244905));
#6233 = CARTESIAN_POINT('',(2.223997817897,1.035148559628));
#6234 = CARTESIAN_POINT('',(2.410641071847,1.035149269118));
#6235 = CARTESIAN_POINT('',(2.503813974805,1.035149663913));
#6236 = CARTESIAN_POINT('',(2.596960668068,1.035150094619));
#6237 = CARTESIAN_POINT('',(2.690087377241,1.035150555708));
#6238 = CARTESIAN_POINT('',(2.783214086491,1.035151041235));
#6239 = CARTESIAN_POINT('',(2.876360779936,1.035151544834));
#6240 = CARTESIAN_POINT('',(2.96953368321,1.035152059753));
#6241 = CARTESIAN_POINT('',(3.072524865837,1.035152633691));
#6242 = CARTESIAN_POINT('',(3.082391567093,1.035152688723));
#6243 = CARTESIAN_POINT('',(3.092258268499,1.035152743796));
#6244 = CARTESIAN_POINT('',(3.102124969981,1.035152798901));
#6245 = CARTESIAN_POINT('',(3.111991671464,1.035152854029));
#6246 = CARTESIAN_POINT('',(3.121858372873,1.035152909173));
#6247 = CARTESIAN_POINT('',(3.131725074133,1.035152964325));
#6248 = CARTESIAN_POINT('',(3.141591775168,1.035153019476));
#6249 = ( GEOMETRIC_REPRESENTATION_CONTEXT(2) 
PARAMETRIC_REPRESENTATION_CONTEXT() REPRESENTATION_CONTEXT('2D SPACE',''
  ) );
#6250 = ORIENTED_EDGE('',*,*,#6251,.F.);
#6251 = EDGE_CURVE('',#5777,#6101,#6252,.T.);
#6252 = SEAM_CURVE('',#6253,(#6257,#6264),.PCURVE_S1.);
#6253 = LINE('',#6254,#6255);
#6254 = CARTESIAN_POINT('',(75.990692915558,9.838814304978,
    -12.72615006404));
#6255 = VECTOR('',#6256,1.);
#6256 = DIRECTION('',(3.182030365075E-07,-0.499180230557,0.866498180853)
  );
#6257 = PCURVE('',#5793,#6258);
#6258 = DEFINITIONAL_REPRESENTATION('',(#6259),#6263);
#6259 = LINE('',#6260,#6261);
#6260 = CARTESIAN_POINT('',(-6.28318530718,0.));
#6261 = VECTOR('',#6262,1.);
#6262 = DIRECTION('',(-0.,-1.));
#6263 = ( GEOMETRIC_REPRESENTATION_CONTEXT(2) 
PARAMETRIC_REPRESENTATION_CONTEXT() REPRESENTATION_CONTEXT('2D SPACE',''
  ) );
#6264 = PCURVE('',#5793,#6265);
#6265 = DEFINITIONAL_REPRESENTATION('',(#6266),#6270);
#6266 = LINE('',#6267,#6268);
#6267 = CARTESIAN_POINT('',(0.,-0.));
#6268 = VECTOR('',#6269,1.);
#6269 = DIRECTION('',(-0.,-1.));
#6270 = ( GEOMETRIC_REPRESENTATION_CONTEXT(2) 
PARAMETRIC_REPRESENTATION_CONTEXT() REPRESENTATION_CONTEXT('2D SPACE',''
  ) );
#6271 = ORIENTED_EDGE('',*,*,#5776,.T.);
#6272 = ORIENTED_EDGE('',*,*,#6251,.T.);
#6273 = ORIENTED_EDGE('',*,*,#6274,.T.);
#6274 = EDGE_CURVE('',#6101,#6099,#6275,.T.);
#6275 = SURFACE_CURVE('',#6276,(#6319,#6365),.PCURVE_S1.);
#6276 = B_SPLINE_CURVE_WITH_KNOTS('',6,(#6277,#6278,#6279,#6280,#6281,
    #6282,#6283,#6284,#6285,#6286,#6287,#6288,#6289,#6290,#6291,#6292,
    #6293,#6294,#6295,#6296,#6297,#6298,#6299,#6300,#6301,#6302,#6303,
    #6304,#6305,#6306,#6307,#6308,#6309,#6310,#6311,#6312,#6313,#6314,
    #6315,#6316,#6317,#6318),.UNSPECIFIED.,.F.,.F.,(7,5,5,5,5,5,5,5,7),(
    0.,0.125628101427,0.250753721894,0.375879342117,0.500502480946,
    0.62562810104,0.750251240003,0.875376860475,1.),.UNSPECIFIED.);
#6277 = CARTESIAN_POINT('',(75.990693544091,8.852803324752,
    -11.01459045417));
#6278 = CARTESIAN_POINT('',(75.265729583948,8.852803230449,
    -11.0145910909));
#6279 = CARTESIAN_POINT('',(74.540723006534,8.85285728849,
    -10.95736796042));
#6280 = CARTESIAN_POINT('',(73.821414006482,8.852965511182,
    -10.84290884216));
#6281 = CARTESIAN_POINT('',(73.11339313973,8.853127163306,
    -10.67199141849));
#6282 = CARTESIAN_POINT('',(72.422120200533,8.853340890718,
    -10.44604738446));
#6283 = CARTESIAN_POINT('',(71.086335349172,8.853867244058,
    -9.889657853877));
#6284 = CARTESIAN_POINT('',(70.441569963927,8.854179501534,
    -9.559601672066));
#6285 = CARTESIAN_POINT('',(69.8238327146,8.854539314855,-9.179296059648
    ));
#6286 = CARTESIAN_POINT('',(69.237928964486,8.854944006228,
    -8.751571346975));
#6287 = CARTESIAN_POINT('',(68.688297923267,8.855390381664,
    -8.279803285921));
#6288 = CARTESIAN_POINT('',(67.669565126411,8.856358878489,
    -7.256236044006));
#6289 = CARTESIAN_POINT('',(67.200404500138,8.856881055845,
    -6.704377713449));
#6290 = CARTESIAN_POINT('',(66.775458489504,8.85743736699,
    -6.116455630025));
#6291 = CARTESIAN_POINT('',(66.398081791717,8.858023596341,
    -5.496924934868));
#6292 = CARTESIAN_POINT('',(66.071081954699,8.858635184191,
    -4.850604336045));
#6293 = CARTESIAN_POINT('',(65.523227506188,8.859896603705,
    -3.517564704949));
#6294 = CARTESIAN_POINT('',(65.301920625953,8.860546343952,
    -2.830942214142));
#6295 = CARTESIAN_POINT('',(65.134823250276,8.86121148469,
    -2.128053149273));
#6296 = CARTESIAN_POINT('',(65.023314191778,8.861886977702,
    -1.414232242761));
#6297 = CARTESIAN_POINT('',(64.968137418629,8.862567656539,
    -0.694939073735));
#6298 = CARTESIAN_POINT('',(64.970412038648,8.863931527189,0.74628738731
    ));
#6299 = CARTESIAN_POINT('',(65.028318578167,8.864614796572,
    1.468302587575));
#6300 = CARTESIAN_POINT('',(65.14299503836,8.865292661518,2.184599067977
    ));
#6301 = CARTESIAN_POINT('',(65.313667644457,8.865959895366,
    2.889653827581));
#6302 = CARTESIAN_POINT('',(65.538918545738,8.866611393737,3.57807316946
    ));
#6303 = CARTESIAN_POINT('',(66.093079030389,8.867870486598,
    4.908503670434));
#6304 = CARTESIAN_POINT('',(66.421600348159,8.868478318784,
    5.550766060154));
#6305 = CARTESIAN_POINT('',(66.799976940572,8.869060805001,
    6.166238096988));
#6306 = CARTESIAN_POINT('',(67.225415295141,8.869613450407,
    6.750170382273));
#6307 = CARTESIAN_POINT('',(67.694584432186,8.870132100958,
    7.298173716029));
#6308 = CARTESIAN_POINT('',(68.714491044077,8.871095874623,
    8.316471472095));
#6309 = CARTESIAN_POINT('',(69.265608482201,8.871540748316,
    8.786502274956));
#6310 = CARTESIAN_POINT('',(69.852859425769,8.871943839164,
    9.212375454202));
#6311 = CARTESIAN_POINT('',(70.471794031658,8.872301965305,
    9.590729287121));
#6312 = CARTESIAN_POINT('',(71.117598026581,8.872612462067,
    9.918748625572));
#6313 = CARTESIAN_POINT('',(72.449771942667,8.873133073336,10.4687060165
    ));
#6314 = CARTESIAN_POINT('',(73.136044608804,8.873343615678,
    10.691096184209));
#6315 = CARTESIAN_POINT('',(73.838669391725,8.87350288464,
    10.859302611636));
#6316 = CARTESIAN_POINT('',(74.552313739373,8.873609566762,
    10.971938069105));
#6317 = CARTESIAN_POINT('',(75.271519251152,8.873662949149,
    11.028249973261));
#6318 = CARTESIAN_POINT('',(75.99068386263,8.8736630421,11.028249973173)
  );
#6319 = PCURVE('',#5793,#6320);
#6320 = DEFINITIONAL_REPRESENTATION('',(#6321),#6364);
#6321 = B_SPLINE_CURVE_WITH_KNOTS('',6,(#6322,#6323,#6324,#6325,#6326,
    #6327,#6328,#6329,#6330,#6331,#6332,#6333,#6334,#6335,#6336,#6337,
    #6338,#6339,#6340,#6341,#6342,#6343,#6344,#6345,#6346,#6347,#6348,
    #6349,#6350,#6351,#6352,#6353,#6354,#6355,#6356,#6357,#6358,#6359,
    #6360,#6361,#6362,#6363),.UNSPECIFIED.,.F.,.F.,(7,5,5,5,5,5,5,5,7),(
    0.,0.125628101427,0.250753721894,0.375879342117,0.500502480946,
    0.62562810104,0.750251240003,0.875376860475,1.),.UNSPECIFIED.);
#6322 = CARTESIAN_POINT('',(-6.28318530718,-0.987630232681));
#6323 = CARTESIAN_POINT('',(-6.21740761059,-0.987629865011));
#6324 = CARTESIAN_POINT('',(-6.151626092383,-0.987629497352));
#6325 = CARTESIAN_POINT('',(-6.085849044085,-0.987629132615));
#6326 = CARTESIAN_POINT('',(-6.020072000251,-0.987628773636));
#6327 = CARTESIAN_POINT('',(-5.95429049538,-0.987628423182));
#6328 = CARTESIAN_POINT('',(-5.822998240497,-0.98762774605));
#6329 = CARTESIAN_POINT('',(-5.7574799134,-0.987627419243));
#6330 = CARTESIAN_POINT('',(-5.69196596785,-0.987627106173));
#6331 = CARTESIAN_POINT('',(-5.626452026046,-0.987626809274));
#6332 = CARTESIAN_POINT('',(-5.560933710143,-0.987626530797));
#6333 = CARTESIAN_POINT('',(-5.429904586615,-0.98762601473));
#6334 = CARTESIAN_POINT('',(-5.364386277164,-0.987625777111));
#6335 = CARTESIAN_POINT('',(-5.298872348137,-0.987625561935));
#6336 = CARTESIAN_POINT('',(-5.233358421606,-0.987625370904));
#6337 = CARTESIAN_POINT('',(-5.16784011961,-0.987625205436));
#6338 = CARTESIAN_POINT('',(-5.037074115181,-0.987624928357));
#6339 = CARTESIAN_POINT('',(-4.971818984956,-0.987624816515));
#6340 = CARTESIAN_POINT('',(-4.90656814716,-0.987624732176));
#6341 = CARTESIAN_POINT('',(-4.841317310224,-0.987624676035));
#6342 = CARTESIAN_POINT('',(-4.776062182567,-0.987624648467));
#6343 = CARTESIAN_POINT('',(-4.645296186709,-0.987624650451));
#6344 = CARTESIAN_POINT('',(-4.579777890731,-0.987624680236));
#6345 = CARTESIAN_POINT('',(-4.514263971872,-0.987624738808));
#6346 = CARTESIAN_POINT('',(-4.448750052121,-0.987624825772));
#6347 = CARTESIAN_POINT('',(-4.383231753471,-0.987624940406));
#6348 = CARTESIAN_POINT('',(-4.252465748735,-0.98762522222));
#6349 = CARTESIAN_POINT('',(-4.187210614884,-0.987625389202));
#6350 = CARTESIAN_POINT('',(-4.121959770058,-0.987625581453));
#6351 = CARTESIAN_POINT('',(-4.056708922736,-0.987625797554));
#6352 = CARTESIAN_POINT('',(-3.99145378142,-0.987626035812));
#6353 = CARTESIAN_POINT('',(-3.860687751769,-0.987626553652));
#6354 = CARTESIAN_POINT('',(-3.795169435628,-0.987626833426));
#6355 = CARTESIAN_POINT('',(-3.72965549357,-0.9876271315));
#6356 = CARTESIAN_POINT('',(-3.664141547753,-0.987627445615));
#6357 = CARTESIAN_POINT('',(-3.598623220376,-0.987627773328));
#6358 = CARTESIAN_POINT('',(-3.467857153378,-0.987628449267));
#6359 = CARTESIAN_POINT('',(-3.402601986008,-0.987628797443));
#6360 = CARTESIAN_POINT('',(-3.337351105501,-0.987629153881));
#6361 = CARTESIAN_POINT('',(-3.272100220599,-0.987629515876));
#6362 = CARTESIAN_POINT('',(-3.206845040097,-0.987629880659));
#6363 = CARTESIAN_POINT('',(-3.141593532012,-0.987630245388));
#6364 = ( GEOMETRIC_REPRESENTATION_CONTEXT(2) 
PARAMETRIC_REPRESENTATION_CONTEXT() REPRESENTATION_CONTEXT('2D SPACE',''
  ) );
#6365 = PCURVE('',#6198,#6366);
#6366 = DEFINITIONAL_REPRESENTATION('',(#6367),#6410);
#6367 = B_SPLINE_CURVE_WITH_KNOTS('',6,(#6368,#6369,#6370,#6371,#6372,
    #6373,#6374,#6375,#6376,#6377,#6378,#6379,#6380,#6381,#6382,#6383,
    #6384,#6385,#6386,#6387,#6388,#6389,#6390,#6391,#6392,#6393,#6394,
    #6395,#6396,#6397,#6398,#6399,#6400,#6401,#6402,#6403,#6404,#6405,
    #6406,#6407,#6408,#6409),.UNSPECIFIED.,.F.,.F.,(7,5,5,5,5,5,5,5,7),(
    0.,0.125628101427,0.250753721894,0.375879342117,0.500502480946,
    0.62562810104,0.750251240003,0.875376860475,1.),.UNSPECIFIED.);
#6368 = CARTESIAN_POINT('',(3.141591775168,1.035153019476));
#6369 = CARTESIAN_POINT('',(3.207369471823,1.035153387146));
#6370 = CARTESIAN_POINT('',(3.273150994657,1.035153754805));
#6371 = CARTESIAN_POINT('',(3.338928052142,1.035154119542));
#6372 = CARTESIAN_POINT('',(3.404705109663,1.035154478521));
#6373 = CARTESIAN_POINT('',(3.470486632605,1.035154828975));
#6374 = CARTESIAN_POINT('',(3.601778931954,1.035155506107));
#6375 = CARTESIAN_POINT('',(3.667297285415,1.035155832914));
#6376 = CARTESIAN_POINT('',(3.732811261332,1.035156145984));
#6377 = CARTESIAN_POINT('',(3.798325237279,1.035156442882));
#6378 = CARTESIAN_POINT('',(3.863843590832,1.03515672136));
#6379 = CARTESIAN_POINT('',(3.994872796033,1.035157237427));
#6380 = CARTESIAN_POINT('',(4.06039114951,1.035157475046));
#6381 = CARTESIAN_POINT('',(4.125905125433,1.035157690222));
#6382 = CARTESIAN_POINT('',(4.191419101377,1.035157881253));
#6383 = CARTESIAN_POINT('',(4.256937454915,1.035158046721));
#6384 = CARTESIAN_POINT('',(4.387703565638,1.0351583238));
#6385 = CARTESIAN_POINT('',(4.452958750608,1.035158435642));
#6386 = CARTESIAN_POINT('',(4.51820964444,1.035158519981));
#6387 = CARTESIAN_POINT('',(4.583460538279,1.035158576122));
#6388 = CARTESIAN_POINT('',(4.64871572327,1.03515860369));
#6389 = CARTESIAN_POINT('',(4.779481833995,1.035158601705));
#6390 = CARTESIAN_POINT('',(4.845000187513,1.035158571921));
#6391 = CARTESIAN_POINT('',(4.910514163452,1.035158513349));
#6392 = CARTESIAN_POINT('',(4.976028139381,1.035158426385));
#6393 = CARTESIAN_POINT('',(5.041546492878,1.035158311751));
#6394 = CARTESIAN_POINT('',(5.172312603601,1.035158029937));
#6395 = CARTESIAN_POINT('',(5.237567788611,1.035157862955));
#6396 = CARTESIAN_POINT('',(5.302818682457,1.035157670704));
#6397 = CARTESIAN_POINT('',(5.368069576281,1.035157454603));
#6398 = CARTESIAN_POINT('',(5.433324761231,1.035157216345));
#6399 = CARTESIAN_POINT('',(5.564090871949,1.035156698505));
#6400 = CARTESIAN_POINT('',(5.629609225503,1.035156418731));
#6401 = CARTESIAN_POINT('',(5.695123201449,1.035156120657));
#6402 = CARTESIAN_POINT('',(5.760637177366,1.035155806542));
#6403 = CARTESIAN_POINT('',(5.826155530828,1.035155478829));
#6404 = CARTESIAN_POINT('',(5.956921641537,1.03515480289));
#6405 = CARTESIAN_POINT('',(6.02217682657,1.035154454714));
#6406 = CARTESIAN_POINT('',(6.08742772042,1.035154098276));
#6407 = CARTESIAN_POINT('',(6.152678614234,1.035153736281));
#6408 = CARTESIAN_POINT('',(6.21793379916,1.035153371498));
#6409 = CARTESIAN_POINT('',(6.28318530718,1.035153006769));
#6410 = ( GEOMETRIC_REPRESENTATION_CONTEXT(2) 
PARAMETRIC_REPRESENTATION_CONTEXT() REPRESENTATION_CONTEXT('2D SPACE',''
  ) );
#6411 = ADVANCED_FACE('',(#6412),#5837,.F.);
#6412 = FACE_BOUND('',#6413,.F.);
#6413 = EDGE_LOOP('',(#6414,#6415,#6438,#6465,#6466));
#6414 = ORIENTED_EDGE('',*,*,#5815,.T.);
#6415 = ORIENTED_EDGE('',*,*,#6416,.T.);
#6416 = EDGE_CURVE('',#5818,#6417,#6419,.T.);
#6417 = VERTEX_POINT('',#6418);
#6418 = CARTESIAN_POINT('',(299.00460528892,2.834616371975,
    -10.98629368072));
#6419 = SEAM_CURVE('',#6420,(#6424,#6431),.PCURVE_S1.);
#6420 = LINE('',#6421,#6422);
#6421 = CARTESIAN_POINT('',(299.00455666966,43.500177550988,
    -11.00477845896));
#6422 = VECTOR('',#6423,1.);
#6423 = DIRECTION('',(1.195588044442E-06,-0.999999896689,
    4.545560369244E-04));
#6424 = PCURVE('',#5837,#6425);
#6425 = DEFINITIONAL_REPRESENTATION('',(#6426),#6430);
#6426 = LINE('',#6427,#6428);
#6427 = CARTESIAN_POINT('',(0.,-0.));
#6428 = VECTOR('',#6429,1.);
#6429 = DIRECTION('',(0.,1.));
#6430 = ( GEOMETRIC_REPRESENTATION_CONTEXT(2) 
PARAMETRIC_REPRESENTATION_CONTEXT() REPRESENTATION_CONTEXT('2D SPACE',''
  ) );
#6431 = PCURVE('',#5837,#6432);
#6432 = DEFINITIONAL_REPRESENTATION('',(#6433),#6437);
#6433 = LINE('',#6434,#6435);
#6434 = CARTESIAN_POINT('',(6.28318530718,-0.));
#6435 = VECTOR('',#6436,1.);
#6436 = DIRECTION('',(0.,1.));
#6437 = ( GEOMETRIC_REPRESENTATION_CONTEXT(2) 
PARAMETRIC_REPRESENTATION_CONTEXT() REPRESENTATION_CONTEXT('2D SPACE',''
  ) );
#6438 = ORIENTED_EDGE('',*,*,#6439,.F.);
#6439 = EDGE_CURVE('',#6417,#6417,#6440,.T.);
#6440 = SURFACE_CURVE('',#6441,(#6446,#6453),.PCURVE_S1.);
#6441 = CIRCLE('',#6442,10.996367129137);
#6442 = AXIS2_PLACEMENT_3D('',#6443,#6444,#6445);
#6443 = CARTESIAN_POINT('',(299.00460528892,2.839614837037,
    1.007231237008E-02));
#6444 = DIRECTION('',(1.195588044442E-06,-0.999999896689,
    4.545560369244E-04));
#6445 = DIRECTION('',(-1.033975765691E-25,-4.545560369247E-04,
    -0.999999896689));
#6446 = PCURVE('',#5837,#6447);
#6447 = DEFINITIONAL_REPRESENTATION('',(#6448),#6452);
#6448 = LINE('',#6449,#6450);
#6449 = CARTESIAN_POINT('',(0.,40.665565380227));
#6450 = VECTOR('',#6451,1.);
#6451 = DIRECTION('',(1.,0.));
#6452 = ( GEOMETRIC_REPRESENTATION_CONTEXT(2) 
PARAMETRIC_REPRESENTATION_CONTEXT() REPRESENTATION_CONTEXT('2D SPACE',''
  ) );
#6453 = PCURVE('',#6454,#6459);
#6454 = PLANE('',#6455);
#6455 = AXIS2_PLACEMENT_3D('',#6456,#6457,#6458);
#6456 = CARTESIAN_POINT('',(299.00460528892,2.839614837037,
    1.007231237008E-02));
#6457 = DIRECTION('',(1.195588044442E-06,-0.999999896689,
    4.545560369244E-04));
#6458 = DIRECTION('',(0.,-4.545560369247E-04,-0.999999896689));
#6459 = DEFINITIONAL_REPRESENTATION('',(#6460),#6464);
#6460 = CIRCLE('',#6461,10.996367129137);
#6461 = AXIS2_PLACEMENT_2D('',#6462,#6463);
#6462 = CARTESIAN_POINT('',(0.,0.));
#6463 = DIRECTION('',(1.,0.));
#6464 = ( GEOMETRIC_REPRESENTATION_CONTEXT(2) 
PARAMETRIC_REPRESENTATION_CONTEXT() REPRESENTATION_CONTEXT('2D SPACE',''
  ) );
#6465 = ORIENTED_EDGE('',*,*,#6416,.F.);
#6466 = ORIENTED_EDGE('',*,*,#5874,.T.);
#6467 = ADVANCED_FACE('',(#6468),#6080,.T.);
#6468 = FACE_BOUND('',#6469,.T.);
#6469 = EDGE_LOOP('',(#6470,#6501,#6522,#6523,#6524));
#6470 = ORIENTED_EDGE('',*,*,#6471,.T.);
#6471 = EDGE_CURVE('',#6472,#6474,#6476,.T.);
#6472 = VERTEX_POINT('',#6473);
#6473 = CARTESIAN_POINT('',(21.967472025692,-6.06314481555E-03,
    26.892502559277));
#6474 = VERTEX_POINT('',#6475);
#6475 = CARTESIAN_POINT('',(22.028874140522,-6.06314481555E-03,
    -27.10739513297));
#6476 = SURFACE_CURVE('',#6477,(#6482,#6489),.PCURVE_S1.);
#6477 = CIRCLE('',#6478,26.999966300876);
#6478 = AXIS2_PLACEMENT_3D('',#6479,#6480,#6481);
#6479 = CARTESIAN_POINT('',(21.998173083107,-6.063144815556E-03,
    -0.107446286851));
#6480 = DIRECTION('',(0.999999353526,1.712452944955E-06,
    1.13707761976E-03));
#6481 = DIRECTION('',(-1.137077619762E-03,0.,0.999999353527));
#6482 = PCURVE('',#6080,#6483);
#6483 = DEFINITIONAL_REPRESENTATION('',(#6484),#6488);
#6484 = LINE('',#6485,#6486);
#6485 = CARTESIAN_POINT('',(-3.14159265359,-2.032297022859E-02));
#6486 = VECTOR('',#6487,1.);
#6487 = DIRECTION('',(1.,-0.));
#6488 = ( GEOMETRIC_REPRESENTATION_CONTEXT(2) 
PARAMETRIC_REPRESENTATION_CONTEXT() REPRESENTATION_CONTEXT('2D SPACE',''
  ) );
#6489 = PCURVE('',#6490,#6495);
#6490 = CYLINDRICAL_SURFACE('',#6491,26.999966300876);
#6491 = AXIS2_PLACEMENT_3D('',#6492,#6493,#6494);
#6492 = CARTESIAN_POINT('',(21.952214867039,-6.06322351689E-03,
    -0.107498544943));
#6493 = DIRECTION('',(0.999999353526,1.712452944955E-06,
    1.13707761976E-03));
#6494 = DIRECTION('',(-1.137077619762E-03,0.,0.999999353527));
#6495 = DEFINITIONAL_REPRESENTATION('',(#6496),#6500);
#6496 = LINE('',#6497,#6498);
#6497 = CARTESIAN_POINT('',(0.,4.595824577917E-02));
#6498 = VECTOR('',#6499,1.);
#6499 = DIRECTION('',(1.,0.));
#6500 = ( GEOMETRIC_REPRESENTATION_CONTEXT(2) 
PARAMETRIC_REPRESENTATION_CONTEXT() REPRESENTATION_CONTEXT('2D SPACE',''
  ) );
#6501 = ORIENTED_EDGE('',*,*,#6502,.F.);
#6502 = EDGE_CURVE('',#6064,#6474,#6503,.T.);
#6503 = SEAM_CURVE('',#6504,(#6508,#6515),.PCURVE_S1.);
#6504 = LINE('',#6505,#6506);
#6505 = CARTESIAN_POINT('',(22.04922028439,-6.06311001342E-03,
    -27.12776356341));
#6506 = VECTOR('',#6507,1.);
#6507 = DIRECTION('',(-0.706719615363,-1.2088456783E-06,0.707493735138)
  );
#6508 = PCURVE('',#6080,#6509);
#6509 = DEFINITIONAL_REPRESENTATION('',(#6510),#6514);
#6510 = LINE('',#6511,#6512);
#6511 = CARTESIAN_POINT('',(-6.28318530718,0.));
#6512 = VECTOR('',#6513,1.);
#6513 = DIRECTION('',(-0.,-1.));
#6514 = ( GEOMETRIC_REPRESENTATION_CONTEXT(2) 
PARAMETRIC_REPRESENTATION_CONTEXT() REPRESENTATION_CONTEXT('2D SPACE',''
  ) );
#6515 = PCURVE('',#6080,#6516);
#6516 = DEFINITIONAL_REPRESENTATION('',(#6517),#6521);
#6517 = LINE('',#6518,#6519);
#6518 = CARTESIAN_POINT('',(0.,-0.));
#6519 = VECTOR('',#6520,1.);
#6520 = DIRECTION('',(-0.,-1.));
#6521 = ( GEOMETRIC_REPRESENTATION_CONTEXT(2) 
PARAMETRIC_REPRESENTATION_CONTEXT() REPRESENTATION_CONTEXT('2D SPACE',''
  ) );
#6522 = ORIENTED_EDGE('',*,*,#6063,.T.);
#6523 = ORIENTED_EDGE('',*,*,#6502,.T.);
#6524 = ORIENTED_EDGE('',*,*,#6525,.T.);
#6525 = EDGE_CURVE('',#6474,#6472,#6526,.T.);
#6526 = SURFACE_CURVE('',#6527,(#6532,#6539),.PCURVE_S1.);
#6527 = CIRCLE('',#6528,26.999966300876);
#6528 = AXIS2_PLACEMENT_3D('',#6529,#6530,#6531);
#6529 = CARTESIAN_POINT('',(21.998173083107,-6.063144815556E-03,
    -0.107446286851));
#6530 = DIRECTION('',(0.999999353526,1.712452944955E-06,
    1.13707761976E-03));
#6531 = DIRECTION('',(-1.137077619762E-03,0.,0.999999353527));
#6532 = PCURVE('',#6080,#6533);
#6533 = DEFINITIONAL_REPRESENTATION('',(#6534),#6538);
#6534 = LINE('',#6535,#6536);
#6535 = CARTESIAN_POINT('',(-9.424777960769,-2.032297022859E-02));
#6536 = VECTOR('',#6537,1.);
#6537 = DIRECTION('',(1.,-0.));
#6538 = ( GEOMETRIC_REPRESENTATION_CONTEXT(2) 
PARAMETRIC_REPRESENTATION_CONTEXT() REPRESENTATION_CONTEXT('2D SPACE',''
  ) );
#6539 = PCURVE('',#6490,#6540);
#6540 = DEFINITIONAL_REPRESENTATION('',(#6541),#6545);
#6541 = LINE('',#6542,#6543);
#6542 = CARTESIAN_POINT('',(0.,4.595824577917E-02));
#6543 = VECTOR('',#6544,1.);
#6544 = DIRECTION('',(1.,0.));
#6545 = ( GEOMETRIC_REPRESENTATION_CONTEXT(2) 
PARAMETRIC_REPRESENTATION_CONTEXT() REPRESENTATION_CONTEXT('2D SPACE',''
  ) );
#6546 = ADVANCED_FACE('',(#6547),#6198,.F.);
#6547 = FACE_BOUND('',#6548,.F.);
#6548 = EDGE_LOOP('',(#6549,#6550,#6573,#6600,#6601));
#6549 = ORIENTED_EDGE('',*,*,#6098,.F.);
#6550 = ORIENTED_EDGE('',*,*,#6551,.F.);
#6551 = EDGE_CURVE('',#6552,#6099,#6554,.T.);
#6552 = VERTEX_POINT('',#6553);
#6553 = CARTESIAN_POINT('',(75.990684521407,7.838510498838,
    11.02922956574));
#6554 = SEAM_CURVE('',#6555,(#6559,#6566),.PCURVE_S1.);
#6555 = LINE('',#6556,#6557);
#6556 = CARTESIAN_POINT('',(75.990684521407,7.838510498838,
    11.02922956574));
#6557 = VECTOR('',#6558,1.);
#6558 = DIRECTION('',(-6.364060762806E-07,0.999999552233,
    -9.463263497712E-04));
#6559 = PCURVE('',#6198,#6560);
#6560 = DEFINITIONAL_REPRESENTATION('',(#6561),#6565);
#6561 = LINE('',#6562,#6563);
#6562 = CARTESIAN_POINT('',(6.28318530718,-0.));
#6563 = VECTOR('',#6564,1.);
#6564 = DIRECTION('',(0.,1.));
#6565 = ( GEOMETRIC_REPRESENTATION_CONTEXT(2) 
PARAMETRIC_REPRESENTATION_CONTEXT() REPRESENTATION_CONTEXT('2D SPACE',''
  ) );
#6566 = PCURVE('',#6198,#6567);
#6567 = DEFINITIONAL_REPRESENTATION('',(#6568),#6572);
#6568 = LINE('',#6569,#6570);
#6569 = CARTESIAN_POINT('',(0.,-0.));
#6570 = VECTOR('',#6571,1.);
#6571 = DIRECTION('',(0.,1.));
#6572 = ( GEOMETRIC_REPRESENTATION_CONTEXT(2) 
PARAMETRIC_REPRESENTATION_CONTEXT() REPRESENTATION_CONTEXT('2D SPACE',''
  ) );
#6573 = ORIENTED_EDGE('',*,*,#6574,.T.);
#6574 = EDGE_CURVE('',#6552,#6552,#6575,.T.);
#6575 = SURFACE_CURVE('',#6576,(#6581,#6588),.PCURVE_S1.);
#6576 = CIRCLE('',#6577,11.021425148697);
#6577 = AXIS2_PLACEMENT_3D('',#6578,#6579,#6580);
#6578 = CARTESIAN_POINT('',(75.990684521407,7.828080633808,
    7.809352071627E-03));
#6579 = DIRECTION('',(-6.364060762806E-07,0.999999552233,
    -9.463263497712E-04));
#6580 = DIRECTION('',(1.033975765691E-25,9.463263497714E-04,
    0.999999552233));
#6581 = PCURVE('',#6198,#6582);
#6582 = DEFINITIONAL_REPRESENTATION('',(#6583),#6587);
#6583 = LINE('',#6584,#6585);
#6584 = CARTESIAN_POINT('',(0.,0.));
#6585 = VECTOR('',#6586,1.);
#6586 = DIRECTION('',(1.,0.));
#6587 = ( GEOMETRIC_REPRESENTATION_CONTEXT(2) 
PARAMETRIC_REPRESENTATION_CONTEXT() REPRESENTATION_CONTEXT('2D SPACE',''
  ) );
#6588 = PCURVE('',#6589,#6594);
#6589 = PLANE('',#6590);
#6590 = AXIS2_PLACEMENT_3D('',#6591,#6592,#6593);
#6591 = CARTESIAN_POINT('',(75.990684521407,7.828080633808,
    7.809352071627E-03));
#6592 = DIRECTION('',(-6.364060762806E-07,0.999999552233,
    -9.463263497712E-04));
#6593 = DIRECTION('',(1.033975765691E-25,9.463263497714E-04,
    0.999999552233));
#6594 = DEFINITIONAL_REPRESENTATION('',(#6595),#6599);
#6595 = CIRCLE('',#6596,11.021425148697);
#6596 = AXIS2_PLACEMENT_2D('',#6597,#6598);
#6597 = CARTESIAN_POINT('',(0.,0.));
#6598 = DIRECTION('',(1.,0.));
#6599 = ( GEOMETRIC_REPRESENTATION_CONTEXT(2) 
PARAMETRIC_REPRESENTATION_CONTEXT() REPRESENTATION_CONTEXT('2D SPACE',''
  ) );
#6600 = ORIENTED_EDGE('',*,*,#6551,.T.);
#6601 = ORIENTED_EDGE('',*,*,#6274,.F.);
#6602 = ADVANCED_FACE('',(#6603,#6606),#6454,.F.);
#6603 = FACE_BOUND('',#6604,.F.);
#6604 = EDGE_LOOP('',(#6605));
#6605 = ORIENTED_EDGE('',*,*,#6439,.T.);
#6606 = FACE_BOUND('',#6607,.F.);
#6607 = EDGE_LOOP('',(#6608));
#6608 = ORIENTED_EDGE('',*,*,#6609,.F.);
#6609 = EDGE_CURVE('',#6610,#6610,#6612,.T.);
#6610 = VERTEX_POINT('',#6611);
#6611 = CARTESIAN_POINT('',(298.99544351276,2.8354108714,-9.238411719272
    ));
#6612 = SURFACE_CURVE('',#6613,(#6618,#6625),.PCURVE_S1.);
#6613 = CIRCLE('',#6614,9.24847456945);
#6614 = AXIS2_PLACEMENT_3D('',#6615,#6616,#6617);
#6615 = CARTESIAN_POINT('',(298.99544351276,2.839614821348,
    1.006189471271E-02));
#6616 = DIRECTION('',(1.195588044442E-06,-0.999999896689,
    4.545560369244E-04));
#6617 = DIRECTION('',(-1.033975765691E-25,-4.545560369247E-04,
    -0.999999896689));
#6618 = PCURVE('',#6454,#6619);
#6619 = DEFINITIONAL_REPRESENTATION('',(#6620),#6624);
#6620 = CIRCLE('',#6621,9.24847456945);
#6621 = AXIS2_PLACEMENT_2D('',#6622,#6623);
#6622 = CARTESIAN_POINT('',(1.041766341971E-05,-9.161776160745E-03));
#6623 = DIRECTION('',(1.,-1.033975765691E-25));
#6624 = ( GEOMETRIC_REPRESENTATION_CONTEXT(2) 
PARAMETRIC_REPRESENTATION_CONTEXT() REPRESENTATION_CONTEXT('2D SPACE',''
  ) );
#6625 = PCURVE('',#6626,#6631);
#6626 = CONICAL_SURFACE('',#6627,12.73205252581,1.047197553149);
#6627 = AXIS2_PLACEMENT_3D('',#6628,#6629,#6630);
#6628 = CARTESIAN_POINT('',(298.99544110814,4.850859275343,
    9.14767130997E-03));
#6629 = DIRECTION('',(-1.195588044442E-06,0.999999896689,
    -4.545560369244E-04));
#6630 = DIRECTION('',(0.,-4.545560369247E-04,-0.999999896689));
#6631 = DEFINITIONAL_REPRESENTATION('',(#6632),#6636);
#6632 = LINE('',#6633,#6634);
#6633 = CARTESIAN_POINT('',(-0.,-2.011244661779));
#6634 = VECTOR('',#6635,1.);
#6635 = DIRECTION('',(-1.,-0.));
#6636 = ( GEOMETRIC_REPRESENTATION_CONTEXT(2) 
PARAMETRIC_REPRESENTATION_CONTEXT() REPRESENTATION_CONTEXT('2D SPACE',''
  ) );
#6637 = ADVANCED_FACE('',(#6638),#6490,.T.);
#6638 = FACE_BOUND('',#6639,.T.);
#6639 = EDGE_LOOP('',(#6640,#6641,#6664,#6691,#6692));
#6640 = ORIENTED_EDGE('',*,*,#6471,.F.);
#6641 = ORIENTED_EDGE('',*,*,#6642,.F.);
#6642 = EDGE_CURVE('',#6643,#6472,#6645,.T.);
#6643 = VERTEX_POINT('',#6644);
#6644 = CARTESIAN_POINT('',(21.921513809624,-6.063223516883E-03,
    26.892450301184));
#6645 = SEAM_CURVE('',#6646,(#6650,#6657),.PCURVE_S1.);
#6646 = LINE('',#6647,#6648);
#6647 = CARTESIAN_POINT('',(21.921513809624,-6.063223516883E-03,
    26.892450301184));
#6648 = VECTOR('',#6649,1.);
#6649 = DIRECTION('',(0.999999353526,1.712452944955E-06,
    1.13707761976E-03));
#6650 = PCURVE('',#6490,#6651);
#6651 = DEFINITIONAL_REPRESENTATION('',(#6652),#6656);
#6652 = LINE('',#6653,#6654);
#6653 = CARTESIAN_POINT('',(6.28318530718,-0.));
#6654 = VECTOR('',#6655,1.);
#6655 = DIRECTION('',(0.,1.));
#6656 = ( GEOMETRIC_REPRESENTATION_CONTEXT(2) 
PARAMETRIC_REPRESENTATION_CONTEXT() REPRESENTATION_CONTEXT('2D SPACE',''
  ) );
#6657 = PCURVE('',#6490,#6658);
#6658 = DEFINITIONAL_REPRESENTATION('',(#6659),#6663);
#6659 = LINE('',#6660,#6661);
#6660 = CARTESIAN_POINT('',(0.,-0.));
#6661 = VECTOR('',#6662,1.);
#6662 = DIRECTION('',(0.,1.));
#6663 = ( GEOMETRIC_REPRESENTATION_CONTEXT(2) 
PARAMETRIC_REPRESENTATION_CONTEXT() REPRESENTATION_CONTEXT('2D SPACE',''
  ) );
#6664 = ORIENTED_EDGE('',*,*,#6665,.T.);
#6665 = EDGE_CURVE('',#6643,#6643,#6666,.T.);
#6666 = SURFACE_CURVE('',#6667,(#6672,#6679),.PCURVE_S1.);
#6667 = CIRCLE('',#6668,26.999966300876);
#6668 = AXIS2_PLACEMENT_3D('',#6669,#6670,#6671);
#6669 = CARTESIAN_POINT('',(21.952214867039,-6.06322351689E-03,
    -0.107498544943));
#6670 = DIRECTION('',(0.999999353526,1.712452944955E-06,
    1.13707761976E-03));
#6671 = DIRECTION('',(-1.137077619762E-03,0.,0.999999353527));
#6672 = PCURVE('',#6490,#6673);
#6673 = DEFINITIONAL_REPRESENTATION('',(#6674),#6678);
#6674 = LINE('',#6675,#6676);
#6675 = CARTESIAN_POINT('',(0.,0.));
#6676 = VECTOR('',#6677,1.);
#6677 = DIRECTION('',(1.,0.));
#6678 = ( GEOMETRIC_REPRESENTATION_CONTEXT(2) 
PARAMETRIC_REPRESENTATION_CONTEXT() REPRESENTATION_CONTEXT('2D SPACE',''
  ) );
#6679 = PCURVE('',#6680,#6685);
#6680 = PLANE('',#6681);
#6681 = AXIS2_PLACEMENT_3D('',#6682,#6683,#6684);
#6682 = CARTESIAN_POINT('',(21.952214867039,-6.06322351689E-03,
    -0.107498544943));
#6683 = DIRECTION('',(0.999999353526,1.712452944955E-06,
    1.13707761976E-03));
#6684 = DIRECTION('',(-1.137077619762E-03,0.,0.999999353527));
#6685 = DEFINITIONAL_REPRESENTATION('',(#6686),#6690);
#6686 = CIRCLE('',#6687,26.999966300876);
#6687 = AXIS2_PLACEMENT_2D('',#6688,#6689);
#6688 = CARTESIAN_POINT('',(0.,0.));
#6689 = DIRECTION('',(1.,0.));
#6690 = ( GEOMETRIC_REPRESENTATION_CONTEXT(2) 
PARAMETRIC_REPRESENTATION_CONTEXT() REPRESENTATION_CONTEXT('2D SPACE',''
  ) );
#6691 = ORIENTED_EDGE('',*,*,#6642,.T.);
#6692 = ORIENTED_EDGE('',*,*,#6525,.F.);
#6693 = ADVANCED_FACE('',(#6694,#6697),#6589,.T.);
#6694 = FACE_BOUND('',#6695,.T.);
#6695 = EDGE_LOOP('',(#6696));
#6696 = ORIENTED_EDGE('',*,*,#6574,.T.);
#6697 = FACE_BOUND('',#6698,.T.);
#6698 = EDGE_LOOP('',(#6699));
#6699 = ORIENTED_EDGE('',*,*,#6700,.T.);
#6700 = EDGE_CURVE('',#6701,#6701,#6703,.T.);
#6701 = VERTEX_POINT('',#6702);
#6702 = CARTESIAN_POINT('',(75.990694202869,7.819347472914,
    -9.220674027209));
#6703 = SURFACE_CURVE('',#6704,(#6709,#6720),.PCURVE_S1.);
#6704 = CIRCLE('',#6705,9.228487522501);
#6705 = AXIS2_PLACEMENT_3D('',#6706,#6707,#6708);
#6706 = CARTESIAN_POINT('',(75.990694202869,7.828080633825,
    7.809363080208E-03));
#6707 = DIRECTION('',(6.364060762806E-07,-0.999999552233,
    9.463263497712E-04));
#6708 = DIRECTION('',(-1.033975765691E-25,-9.463263497714E-04,
    -0.999999552233));
#6709 = PCURVE('',#6589,#6710);
#6710 = DEFINITIONAL_REPRESENTATION('',(#6711),#6719);
#6711 = ( BOUNDED_CURVE() B_SPLINE_CURVE(2,(#6712,#6713,#6714,#6715,
#6716,#6717,#6718),.UNSPECIFIED.,.T.,.F.) B_SPLINE_CURVE_WITH_KNOTS((1,2
    ,2,2,2,1),(-2.094395102393,0.,2.094395102393,4.188790204786,
6.28318530718,8.377580409573),.UNSPECIFIED.) CURVE() 
GEOMETRIC_REPRESENTATION_ITEM() RATIONAL_B_SPLINE_CURVE((1.,0.5,1.,0.5,
1.,0.5,1.)) REPRESENTATION_ITEM('') );
#6712 = CARTESIAN_POINT('',(-9.228487511492,9.681461875745E-06));
#6713 = CARTESIAN_POINT('',(-9.228487511492,15.984218947448));
#6714 = CARTESIAN_POINT('',(4.614243772259,7.992114314455));
#6715 = CARTESIAN_POINT('',(18.45697505601,9.681461878006E-06));
#6716 = CARTESIAN_POINT('',(4.614243772259,-7.992094951531));
#6717 = CARTESIAN_POINT('',(-9.228487511492,-15.98419958452));
#6718 = CARTESIAN_POINT('',(-9.228487511492,9.681461875745E-06));
#6719 = ( GEOMETRIC_REPRESENTATION_CONTEXT(2) 
PARAMETRIC_REPRESENTATION_CONTEXT() REPRESENTATION_CONTEXT('2D SPACE',''
  ) );
#6720 = PCURVE('',#6721,#6726);
#6721 = CONICAL_SURFACE('',#6722,12.732050915021,1.047197554544);
#6722 = AXIS2_PLACEMENT_3D('',#6723,#6724,#6725);
#6723 = CARTESIAN_POINT('',(75.990692915558,9.850862980246,
    5.895149988816E-03));
#6724 = DIRECTION('',(-6.364060762806E-07,0.999999552233,
    -9.463263497712E-04));
#6725 = DIRECTION('',(-1.033975765691E-25,-9.463263497714E-04,
    -0.999999552233));
#6726 = DEFINITIONAL_REPRESENTATION('',(#6727),#6731);
#6727 = LINE('',#6728,#6729);
#6728 = CARTESIAN_POINT('',(-0.,-2.022783252157));
#6729 = VECTOR('',#6730,1.);
#6730 = DIRECTION('',(-1.,-0.));
#6731 = ( GEOMETRIC_REPRESENTATION_CONTEXT(2) 
PARAMETRIC_REPRESENTATION_CONTEXT() REPRESENTATION_CONTEXT('2D SPACE',''
  ) );
#6732 = ADVANCED_FACE('',(#6733),#6626,.F.);
#6733 = FACE_BOUND('',#6734,.F.);
#6734 = EDGE_LOOP('',(#6735,#6758,#6785,#6786));
#6735 = ORIENTED_EDGE('',*,*,#6736,.T.);
#6736 = EDGE_CURVE('',#6610,#6737,#6739,.T.);
#6737 = VERTEX_POINT('',#6738);
#6738 = CARTESIAN_POINT('',(298.99544903946,-1.783526592526,
    -1.229772436851));
#6739 = SEAM_CURVE('',#6740,(#6744,#6751),.PCURVE_S1.);
#6740 = LINE('',#6741,#6742);
#6741 = CARTESIAN_POINT('',(298.99544110814,4.845071844005,
    -12.72290353914));
#6742 = VECTOR('',#6743,1.);
#6743 = DIRECTION('',(5.977940204119E-07,-0.499606289578,0.866252593309)
  );
#6744 = PCURVE('',#6626,#6745);
#6745 = DEFINITIONAL_REPRESENTATION('',(#6746),#6750);
#6746 = LINE('',#6747,#6748);
#6747 = CARTESIAN_POINT('',(-6.28318530718,0.));
#6748 = VECTOR('',#6749,1.);
#6749 = DIRECTION('',(-0.,-1.));
#6750 = ( GEOMETRIC_REPRESENTATION_CONTEXT(2) 
PARAMETRIC_REPRESENTATION_CONTEXT() REPRESENTATION_CONTEXT('2D SPACE',''
  ) );
#6751 = PCURVE('',#6626,#6752);
#6752 = DEFINITIONAL_REPRESENTATION('',(#6753),#6757);
#6753 = LINE('',#6754,#6755);
#6754 = CARTESIAN_POINT('',(0.,-0.));
#6755 = VECTOR('',#6756,1.);
#6756 = DIRECTION('',(-0.,-1.));
#6757 = ( GEOMETRIC_REPRESENTATION_CONTEXT(2) 
PARAMETRIC_REPRESENTATION_CONTEXT() REPRESENTATION_CONTEXT('2D SPACE',''
  ) );
#6758 = ORIENTED_EDGE('',*,*,#6759,.F.);
#6759 = EDGE_CURVE('',#6737,#6737,#6760,.T.);
#6760 = SURFACE_CURVE('',#6761,(#6766,#6773),.PCURVE_S1.);
#6761 = CIRCLE('',#6762,1.241935680314);
#6762 = AXIS2_PLACEMENT_3D('',#6763,#6764,#6765);
#6763 = CARTESIAN_POINT('',(298.99544903946,-1.782962063165,
    1.21631151588E-02));
#6764 = DIRECTION('',(1.195588044442E-06,-0.999999896689,
    4.545560369244E-04));
#6765 = DIRECTION('',(-1.033975765691E-25,-4.545560369247E-04,
    -0.999999896689));
#6766 = PCURVE('',#6626,#6767);
#6767 = DEFINITIONAL_REPRESENTATION('',(#6768),#6772);
#6768 = LINE('',#6769,#6770);
#6769 = CARTESIAN_POINT('',(-0.,-6.633822023857));
#6770 = VECTOR('',#6771,1.);
#6771 = DIRECTION('',(-1.,-0.));
#6772 = ( GEOMETRIC_REPRESENTATION_CONTEXT(2) 
PARAMETRIC_REPRESENTATION_CONTEXT() REPRESENTATION_CONTEXT('2D SPACE',''
  ) );
#6773 = PCURVE('',#6774,#6779);
#6774 = PLANE('',#6775);
#6775 = AXIS2_PLACEMENT_3D('',#6776,#6777,#6778);
#6776 = CARTESIAN_POINT('',(298.99544903946,-1.782962063165,
    1.21631151588E-02));
#6777 = DIRECTION('',(1.195588044442E-06,-0.999999896689,
    4.545560369244E-04));
#6778 = DIRECTION('',(0.,-4.545560369247E-04,-0.999999896689));
#6779 = DEFINITIONAL_REPRESENTATION('',(#6780),#6784);
#6780 = CIRCLE('',#6781,1.241935680314);
#6781 = AXIS2_PLACEMENT_2D('',#6782,#6783);
#6782 = CARTESIAN_POINT('',(0.,0.));
#6783 = DIRECTION('',(1.,0.));
#6784 = ( GEOMETRIC_REPRESENTATION_CONTEXT(2) 
PARAMETRIC_REPRESENTATION_CONTEXT() REPRESENTATION_CONTEXT('2D SPACE',''
  ) );
#6785 = ORIENTED_EDGE('',*,*,#6736,.F.);
#6786 = ORIENTED_EDGE('',*,*,#6609,.T.);
#6787 = ADVANCED_FACE('',(#6788,#6791),#6680,.F.);
#6788 = FACE_BOUND('',#6789,.F.);
#6789 = EDGE_LOOP('',(#6790));
#6790 = ORIENTED_EDGE('',*,*,#6665,.T.);
#6791 = FACE_BOUND('',#6792,.F.);
#6792 = EDGE_LOOP('',(#6793));
#6793 = ORIENTED_EDGE('',*,*,#6794,.T.);
#6794 = EDGE_CURVE('',#6795,#6795,#6797,.T.);
#6795 = VERTEX_POINT('',#6796);
#6796 = CARTESIAN_POINT('',(21.98286349001,-6.063223516883E-03,
    -27.06133408376));
#6797 = SURFACE_CURVE('',#6798,(#6803,#6814),.PCURVE_S1.);
#6798 = CIRCLE('',#6799,26.953852963754);
#6799 = AXIS2_PLACEMENT_3D('',#6800,#6801,#6802);
#6800 = CARTESIAN_POINT('',(21.952214867039,-6.06322351689E-03,
    -0.107498544943));
#6801 = DIRECTION('',(-0.999999353526,-1.712452944955E-06,
    -1.13707761976E-03));
#6802 = DIRECTION('',(1.137077619762E-03,0.,-0.999999353527));
#6803 = PCURVE('',#6680,#6804);
#6804 = DEFINITIONAL_REPRESENTATION('',(#6805),#6813);
#6805 = ( BOUNDED_CURVE() B_SPLINE_CURVE(2,(#6806,#6807,#6808,#6809,
#6810,#6811,#6812),.UNSPECIFIED.,.T.,.F.) B_SPLINE_CURVE_WITH_KNOTS((1,2
    ,2,2,2,1),(-2.094395102393,0.,2.094395102393,4.188790204786,
6.28318530718,8.377580409573),.UNSPECIFIED.) CURVE() 
GEOMETRIC_REPRESENTATION_ITEM() RATIONAL_B_SPLINE_CURVE((1.,0.5,1.,0.5,
1.,0.5,1.)) REPRESENTATION_ITEM('') );
#6806 = CARTESIAN_POINT('',(-26.95385296375,-3.463374275755E-18));
#6807 = CARTESIAN_POINT('',(-26.95385296375,46.685442792963));
#6808 = CARTESIAN_POINT('',(13.476926481877,23.342721396481));
#6809 = CARTESIAN_POINT('',(53.907705927508,6.598326610518E-15));
#6810 = CARTESIAN_POINT('',(13.476926481877,-23.34272139648));
#6811 = CARTESIAN_POINT('',(-26.95385296375,-46.68544279296));
#6812 = CARTESIAN_POINT('',(-26.95385296375,-3.463374275755E-18));
#6813 = ( GEOMETRIC_REPRESENTATION_CONTEXT(2) 
PARAMETRIC_REPRESENTATION_CONTEXT() REPRESENTATION_CONTEXT('2D SPACE',''
  ) );
#6814 = PCURVE('',#6815,#6820);
#6815 = CONICAL_SURFACE('',#6816,27.020357853286,0.787082626631);
#6816 = AXIS2_PLACEMENT_3D('',#6817,#6818,#6819);
#6817 = CARTESIAN_POINT('',(22.018496040198,-6.063110013426E-03,
    -0.107423178056));
#6818 = DIRECTION('',(0.999999353526,1.712452944955E-06,
    1.13707761976E-03));
#6819 = DIRECTION('',(1.137077619762E-03,0.,-0.999999353527));
#6820 = DEFINITIONAL_REPRESENTATION('',(#6821),#6825);
#6821 = LINE('',#6822,#6823);
#6822 = CARTESIAN_POINT('',(-0.,-6.628121600776E-02));
#6823 = VECTOR('',#6824,1.);
#6824 = DIRECTION('',(-1.,-0.));
#6825 = ( GEOMETRIC_REPRESENTATION_CONTEXT(2) 
PARAMETRIC_REPRESENTATION_CONTEXT() REPRESENTATION_CONTEXT('2D SPACE',''
  ) );
#6826 = ADVANCED_FACE('',(#6827),#6721,.F.);
#6827 = FACE_BOUND('',#6828,.F.);
#6828 = EDGE_LOOP('',(#6829,#6852,#6879,#6880));
#6829 = ORIENTED_EDGE('',*,*,#6830,.T.);
#6830 = EDGE_CURVE('',#6701,#6831,#6833,.T.);
#6831 = VERTEX_POINT('',#6832);
#6832 = CARTESIAN_POINT('',(75.990697137362,3.215869663514,
    -1.229762321846));
#6833 = SEAM_CURVE('',#6834,(#6838,#6845),.PCURVE_S1.);
#6834 = LINE('',#6835,#6836);
#6835 = CARTESIAN_POINT('',(75.990692915558,9.838814304978,
    -12.72615006404));
#6836 = VECTOR('',#6837,1.);
#6837 = DIRECTION('',(3.182030365075E-07,-0.499180230557,0.866498180853)
  );
#6838 = PCURVE('',#6721,#6839);
#6839 = DEFINITIONAL_REPRESENTATION('',(#6840),#6844);
#6840 = LINE('',#6841,#6842);
#6841 = CARTESIAN_POINT('',(-6.28318530718,0.));
#6842 = VECTOR('',#6843,1.);
#6843 = DIRECTION('',(-0.,-1.));
#6844 = ( GEOMETRIC_REPRESENTATION_CONTEXT(2) 
PARAMETRIC_REPRESENTATION_CONTEXT() REPRESENTATION_CONTEXT('2D SPACE',''
  ) );
#6845 = PCURVE('',#6721,#6846);
#6846 = DEFINITIONAL_REPRESENTATION('',(#6847),#6851);
#6847 = LINE('',#6848,#6849);
#6848 = CARTESIAN_POINT('',(0.,-0.));
#6849 = VECTOR('',#6850,1.);
#6850 = DIRECTION('',(-0.,-1.));
#6851 = ( GEOMETRIC_REPRESENTATION_CONTEXT(2) 
PARAMETRIC_REPRESENTATION_CONTEXT() REPRESENTATION_CONTEXT('2D SPACE',''
  ) );
#6852 = ORIENTED_EDGE('',*,*,#6853,.F.);
#6853 = EDGE_CURVE('',#6831,#6831,#6854,.T.);
#6854 = SURFACE_CURVE('',#6855,(#6860,#6867),.PCURVE_S1.);
#6855 = CIRCLE('',#6856,1.241935787554);
#6856 = AXIS2_PLACEMENT_3D('',#6857,#6858,#6859);
#6857 = CARTESIAN_POINT('',(75.990697137362,3.217044940074,
    1.217290961079E-02));
#6858 = DIRECTION('',(6.364060762806E-07,-0.999999552233,
    9.463263497712E-04));
#6859 = DIRECTION('',(-1.033975765691E-25,-9.463263497714E-04,
    -0.999999552233));
#6860 = PCURVE('',#6721,#6861);
#6861 = DEFINITIONAL_REPRESENTATION('',(#6862),#6866);
#6862 = LINE('',#6863,#6864);
#6863 = CARTESIAN_POINT('',(-0.,-6.633821010578));
#6864 = VECTOR('',#6865,1.);
#6865 = DIRECTION('',(-1.,-0.));
#6866 = ( GEOMETRIC_REPRESENTATION_CONTEXT(2) 
PARAMETRIC_REPRESENTATION_CONTEXT() REPRESENTATION_CONTEXT('2D SPACE',''
  ) );
#6867 = PCURVE('',#6868,#6873);
#6868 = PLANE('',#6869);
#6869 = AXIS2_PLACEMENT_3D('',#6870,#6871,#6872);
#6870 = CARTESIAN_POINT('',(75.990697137362,3.217044940074,
    1.217290961079E-02));
#6871 = DIRECTION('',(6.364060762806E-07,-0.999999552233,
    9.463263497712E-04));
#6872 = DIRECTION('',(-1.033975765691E-25,-9.463263497714E-04,
    -0.999999552233));
#6873 = DEFINITIONAL_REPRESENTATION('',(#6874),#6878);
#6874 = CIRCLE('',#6875,1.241935787554);
#6875 = AXIS2_PLACEMENT_2D('',#6876,#6877);
#6876 = CARTESIAN_POINT('',(0.,0.));
#6877 = DIRECTION('',(1.,0.));
#6878 = ( GEOMETRIC_REPRESENTATION_CONTEXT(2) 
PARAMETRIC_REPRESENTATION_CONTEXT() REPRESENTATION_CONTEXT('2D SPACE',''
  ) );
#6879 = ORIENTED_EDGE('',*,*,#6830,.F.);
#6880 = ORIENTED_EDGE('',*,*,#6700,.T.);
#6881 = ADVANCED_FACE('',(#6882),#6774,.F.);
#6882 = FACE_BOUND('',#6883,.F.);
#6883 = EDGE_LOOP('',(#6884));
#6884 = ORIENTED_EDGE('',*,*,#6759,.T.);
#6885 = ADVANCED_FACE('',(#6886),#6815,.T.);
#6886 = FACE_BOUND('',#6887,.T.);
#6887 = EDGE_LOOP('',(#6888,#6911,#6938,#6939));
#6888 = ORIENTED_EDGE('',*,*,#6889,.T.);
#6889 = EDGE_CURVE('',#6795,#6890,#6892,.T.);
#6890 = VERTEX_POINT('',#6891);
#6891 = CARTESIAN_POINT('',(20.01446855991,-6.066590461358E-03,
    -25.09078303204));
#6892 = SEAM_CURVE('',#6893,(#6897,#6904),.PCURVE_S1.);
#6893 = LINE('',#6894,#6895);
#6894 = CARTESIAN_POINT('',(22.04922028439,-6.06311001342E-03,
    -27.12776356341));
#6895 = VECTOR('',#6896,1.);
#6896 = DIRECTION('',(-0.706719615363,-1.2088456783E-06,0.707493735138)
  );
#6897 = PCURVE('',#6815,#6898);
#6898 = DEFINITIONAL_REPRESENTATION('',(#6899),#6903);
#6899 = LINE('',#6900,#6901);
#6900 = CARTESIAN_POINT('',(-6.28318530718,0.));
#6901 = VECTOR('',#6902,1.);
#6902 = DIRECTION('',(-0.,-1.));
#6903 = ( GEOMETRIC_REPRESENTATION_CONTEXT(2) 
PARAMETRIC_REPRESENTATION_CONTEXT() REPRESENTATION_CONTEXT('2D SPACE',''
  ) );
#6904 = PCURVE('',#6815,#6905);
#6905 = DEFINITIONAL_REPRESENTATION('',(#6906),#6910);
#6906 = LINE('',#6907,#6908);
#6907 = CARTESIAN_POINT('',(0.,-0.));
#6908 = VECTOR('',#6909,1.);
#6909 = DIRECTION('',(-0.,-1.));
#6910 = ( GEOMETRIC_REPRESENTATION_CONTEXT(2) 
PARAMETRIC_REPRESENTATION_CONTEXT() REPRESENTATION_CONTEXT('2D SPACE',''
  ) );
#6911 = ORIENTED_EDGE('',*,*,#6912,.F.);
#6912 = EDGE_CURVE('',#6890,#6890,#6913,.T.);
#6913 = SURFACE_CURVE('',#6914,(#6919,#6926),.PCURVE_S1.);
#6914 = CIRCLE('',#6915,24.981064968121);
#6915 = AXIS2_PLACEMENT_3D('',#6916,#6917,#6918);
#6916 = CARTESIAN_POINT('',(19.986063150017,-6.066590461364E-03,
    -0.109734213503));
#6917 = DIRECTION('',(-0.999999353526,-1.712452944955E-06,
    -1.13707761976E-03));
#6918 = DIRECTION('',(1.137077619762E-03,0.,-0.999999353527));
#6919 = PCURVE('',#6815,#6920);
#6920 = DEFINITIONAL_REPRESENTATION('',(#6921),#6925);
#6921 = LINE('',#6922,#6923);
#6922 = CARTESIAN_POINT('',(-0.,-2.032434204098));
#6923 = VECTOR('',#6924,1.);
#6924 = DIRECTION('',(-1.,-0.));
#6925 = ( GEOMETRIC_REPRESENTATION_CONTEXT(2) 
PARAMETRIC_REPRESENTATION_CONTEXT() REPRESENTATION_CONTEXT('2D SPACE',''
  ) );
#6926 = PCURVE('',#6927,#6932);
#6927 = PLANE('',#6928);
#6928 = AXIS2_PLACEMENT_3D('',#6929,#6930,#6931);
#6929 = CARTESIAN_POINT('',(19.986063150017,-6.066590461364E-03,
    -0.109734213503));
#6930 = DIRECTION('',(-0.999999353526,-1.712452944955E-06,
    -1.13707761976E-03));
#6931 = DIRECTION('',(1.137077619762E-03,0.,-0.999999353527));
#6932 = DEFINITIONAL_REPRESENTATION('',(#6933),#6937);
#6933 = CIRCLE('',#6934,24.981064968121);
#6934 = AXIS2_PLACEMENT_2D('',#6935,#6936);
#6935 = CARTESIAN_POINT('',(0.,0.));
#6936 = DIRECTION('',(1.,0.));
#6937 = ( GEOMETRIC_REPRESENTATION_CONTEXT(2) 
PARAMETRIC_REPRESENTATION_CONTEXT() REPRESENTATION_CONTEXT('2D SPACE',''
  ) );
#6938 = ORIENTED_EDGE('',*,*,#6889,.F.);
#6939 = ORIENTED_EDGE('',*,*,#6794,.T.);
#6940 = ADVANCED_FACE('',(#6941),#6868,.F.);
#6941 = FACE_BOUND('',#6942,.F.);
#6942 = EDGE_LOOP('',(#6943));
#6943 = ORIENTED_EDGE('',*,*,#6853,.T.);
#6944 = ADVANCED_FACE('',(#6945,#6948),#6927,.T.);
#6945 = FACE_BOUND('',#6946,.T.);
#6946 = EDGE_LOOP('',(#6947));
#6947 = ORIENTED_EDGE('',*,*,#6912,.T.);
#6948 = FACE_BOUND('',#6949,.T.);
#6949 = EDGE_LOOP('',(#6950));
#6950 = ORIENTED_EDGE('',*,*,#6951,.T.);
#6951 = EDGE_CURVE('',#6952,#6952,#6954,.T.);
#6952 = VERTEX_POINT('',#6953);
#6953 = CARTESIAN_POINT('',(19.971754080364,-6.066590461361E-03,
    12.474332304029));
#6954 = SURFACE_CURVE('',#6955,(#6960,#6971),.PCURVE_S1.);
#6955 = CIRCLE('',#6956,12.584074652796);
#6956 = AXIS2_PLACEMENT_3D('',#6957,#6958,#6959);
#6957 = CARTESIAN_POINT('',(19.986063150017,-6.066590461364E-03,
    -0.109734213503));
#6958 = DIRECTION('',(0.999999353526,1.712452944955E-06,
    1.13707761976E-03));
#6959 = DIRECTION('',(-1.137077619762E-03,0.,0.999999353527));
#6960 = PCURVE('',#6927,#6961);
#6961 = DEFINITIONAL_REPRESENTATION('',(#6962),#6970);
#6962 = ( BOUNDED_CURVE() B_SPLINE_CURVE(2,(#6963,#6964,#6965,#6966,
#6967,#6968,#6969),.UNSPECIFIED.,.T.,.F.) B_SPLINE_CURVE_WITH_KNOTS((1,2
    ,2,2,2,1),(-2.094395102393,0.,2.094395102393,4.188790204786,
6.28318530718,8.377580409573),.UNSPECIFIED.) CURVE() 
GEOMETRIC_REPRESENTATION_ITEM() RATIONAL_B_SPLINE_CURVE((1.,0.5,1.,0.5,
1.,0.5,1.)) REPRESENTATION_ITEM('') );
#6963 = CARTESIAN_POINT('',(-12.58407465279,8.612831996605E-19));
#6964 = CARTESIAN_POINT('',(-12.58407465279,21.796256664882));
#6965 = CARTESIAN_POINT('',(6.292037326398,10.898128332441));
#6966 = CARTESIAN_POINT('',(25.168149305592,3.083070616341E-15));
#6967 = CARTESIAN_POINT('',(6.292037326398,-10.89812833244));
#6968 = CARTESIAN_POINT('',(-12.58407465279,-21.79625666488));
#6969 = CARTESIAN_POINT('',(-12.58407465279,8.612831996605E-19));
#6970 = ( GEOMETRIC_REPRESENTATION_CONTEXT(2) 
PARAMETRIC_REPRESENTATION_CONTEXT() REPRESENTATION_CONTEXT('2D SPACE',''
  ) );
#6971 = PCURVE('',#6972,#6977);
#6972 = CYLINDRICAL_SURFACE('',#6973,12.584074652796);
#6973 = AXIS2_PLACEMENT_3D('',#6974,#6975,#6976);
#6974 = CARTESIAN_POINT('',(1.979901233648,-6.097425186299E-03,
    -0.130208630472));
#6975 = DIRECTION('',(0.999999353526,1.712452944955E-06,
    1.13707761976E-03));
#6976 = DIRECTION('',(-1.137077619762E-03,0.,0.999999353527));
#6977 = DEFINITIONAL_REPRESENTATION('',(#6978),#6982);
#6978 = LINE('',#6979,#6980);
#6979 = CARTESIAN_POINT('',(0.,18.006173556899));
#6980 = VECTOR('',#6981,1.);
#6981 = DIRECTION('',(1.,0.));
#6982 = ( GEOMETRIC_REPRESENTATION_CONTEXT(2) 
PARAMETRIC_REPRESENTATION_CONTEXT() REPRESENTATION_CONTEXT('2D SPACE',''
  ) );
#6983 = ADVANCED_FACE('',(#6984),#6972,.T.);
#6984 = FACE_BOUND('',#6985,.T.);
#6985 = EDGE_LOOP('',(#6986,#7009,#7010,#7011));
#6986 = ORIENTED_EDGE('',*,*,#6987,.T.);
#6987 = EDGE_CURVE('',#6988,#6952,#6990,.T.);
#6988 = VERTEX_POINT('',#6989);
#6989 = CARTESIAN_POINT('',(1.989270333228,-6.097384638519E-03,
    12.453884810994));
#6990 = SEAM_CURVE('',#6991,(#6995,#7002),.PCURVE_S1.);
#6991 = LINE('',#6992,#6993);
#6992 = CARTESIAN_POINT('',(1.965592163995,-6.097425186296E-03,
    12.45385788706));
#6993 = VECTOR('',#6994,1.);
#6994 = DIRECTION('',(0.999999353526,1.712452944955E-06,
    1.13707761976E-03));
#6995 = PCURVE('',#6972,#6996);
#6996 = DEFINITIONAL_REPRESENTATION('',(#6997),#7001);
#6997 = LINE('',#6998,#6999);
#6998 = CARTESIAN_POINT('',(6.28318530718,-0.));
#6999 = VECTOR('',#7000,1.);
#7000 = DIRECTION('',(0.,1.));
#7001 = ( GEOMETRIC_REPRESENTATION_CONTEXT(2) 
PARAMETRIC_REPRESENTATION_CONTEXT() REPRESENTATION_CONTEXT('2D SPACE',''
  ) );
#7002 = PCURVE('',#6972,#7003);
#7003 = DEFINITIONAL_REPRESENTATION('',(#7004),#7008);
#7004 = LINE('',#7005,#7006);
#7005 = CARTESIAN_POINT('',(0.,-0.));
#7006 = VECTOR('',#7007,1.);
#7007 = DIRECTION('',(0.,1.));
#7008 = ( GEOMETRIC_REPRESENTATION_CONTEXT(2) 
PARAMETRIC_REPRESENTATION_CONTEXT() REPRESENTATION_CONTEXT('2D SPACE',''
  ) );
#7009 = ORIENTED_EDGE('',*,*,#6951,.F.);
#7010 = ORIENTED_EDGE('',*,*,#6987,.F.);
#7011 = ORIENTED_EDGE('',*,*,#7012,.T.);
#7012 = EDGE_CURVE('',#6988,#6988,#7013,.T.);
#7013 = SURFACE_CURVE('',#7014,(#7019,#7026),.PCURVE_S1.);
#7014 = CIRCLE('',#7015,12.584074652796);
#7015 = AXIS2_PLACEMENT_3D('',#7016,#7017,#7018);
#7016 = CARTESIAN_POINT('',(2.003579402881,-6.097384638523E-03,
    -0.130181706538));
#7017 = DIRECTION('',(0.999999353526,1.712452944955E-06,
    1.13707761976E-03));
#7018 = DIRECTION('',(-1.137077619762E-03,0.,0.999999353527));
#7019 = PCURVE('',#6972,#7020);
#7020 = DEFINITIONAL_REPRESENTATION('',(#7021),#7025);
#7021 = LINE('',#7022,#7023);
#7022 = CARTESIAN_POINT('',(0.,2.367818454068E-02));
#7023 = VECTOR('',#7024,1.);
#7024 = DIRECTION('',(1.,0.));
#7025 = ( GEOMETRIC_REPRESENTATION_CONTEXT(2) 
PARAMETRIC_REPRESENTATION_CONTEXT() REPRESENTATION_CONTEXT('2D SPACE',''
  ) );
#7026 = PCURVE('',#7027,#7032);
#7027 = PLANE('',#7028);
#7028 = AXIS2_PLACEMENT_3D('',#7029,#7030,#7031);
#7029 = CARTESIAN_POINT('',(2.003579402881,-6.097384638523E-03,
    -0.130181706538));
#7030 = DIRECTION('',(-0.999999353526,-1.712452944955E-06,
    -1.13707761976E-03));
#7031 = DIRECTION('',(1.137077619762E-03,0.,-0.999999353527));
#7032 = DEFINITIONAL_REPRESENTATION('',(#7033),#7041);
#7033 = ( BOUNDED_CURVE() B_SPLINE_CURVE(2,(#7034,#7035,#7036,#7037,
#7038,#7039,#7040),.UNSPECIFIED.,.T.,.F.) B_SPLINE_CURVE_WITH_KNOTS((1,2
    ,2,2,2,1),(-2.094395102393,0.,2.094395102393,4.188790204786,
6.28318530718,8.377580409573),.UNSPECIFIED.) CURVE() 
GEOMETRIC_REPRESENTATION_ITEM() RATIONAL_B_SPLINE_CURVE((1.,0.5,1.,0.5,
1.,0.5,1.)) REPRESENTATION_ITEM('') );
#7034 = CARTESIAN_POINT('',(-12.58407465279,7.657400803218E-22));
#7035 = CARTESIAN_POINT('',(-12.58407465279,21.796256664882));
#7036 = CARTESIAN_POINT('',(6.292037326398,10.898128332441));
#7037 = CARTESIAN_POINT('',(25.168149305592,3.082210098882E-15));
#7038 = CARTESIAN_POINT('',(6.292037326398,-10.89812833244));
#7039 = CARTESIAN_POINT('',(-12.58407465279,-21.79625666488));
#7040 = CARTESIAN_POINT('',(-12.58407465279,7.657400803218E-22));
#7041 = ( GEOMETRIC_REPRESENTATION_CONTEXT(2) 
PARAMETRIC_REPRESENTATION_CONTEXT() REPRESENTATION_CONTEXT('2D SPACE',''
  ) );
#7042 = ADVANCED_FACE('',(#7043,#7074),#7027,.F.);
#7043 = FACE_BOUND('',#7044,.F.);
#7044 = EDGE_LOOP('',(#7045));
#7045 = ORIENTED_EDGE('',*,*,#7046,.T.);
#7046 = EDGE_CURVE('',#7047,#7047,#7049,.T.);
#7047 = VERTEX_POINT('',#7048);
#7048 = CARTESIAN_POINT('',(2.017910634212,-6.097384638519E-03,
    -12.73373824197));
#7049 = SURFACE_CURVE('',#7050,(#7055,#7062),.PCURVE_S1.);
#7050 = CIRCLE('',#7051,12.603564683301);
#7051 = AXIS2_PLACEMENT_3D('',#7052,#7053,#7054);
#7052 = CARTESIAN_POINT('',(2.003579402881,-6.097384638523E-03,
    -0.130181706538));
#7053 = DIRECTION('',(-0.999999353526,-1.712452944955E-06,
    -1.13707761976E-03));
#7054 = DIRECTION('',(1.137077619762E-03,0.,-0.999999353527));
#7055 = PCURVE('',#7027,#7056);
#7056 = DEFINITIONAL_REPRESENTATION('',(#7057),#7061);
#7057 = CIRCLE('',#7058,12.603564683301);
#7058 = AXIS2_PLACEMENT_2D('',#7059,#7060);
#7059 = CARTESIAN_POINT('',(0.,0.));
#7060 = DIRECTION('',(1.,0.));
#7061 = ( GEOMETRIC_REPRESENTATION_CONTEXT(2) 
PARAMETRIC_REPRESENTATION_CONTEXT() REPRESENTATION_CONTEXT('2D SPACE',''
  ) );
#7062 = PCURVE('',#7063,#7068);
#7063 = CONICAL_SURFACE('',#7064,12.603564683301,0.785504930132);
#7064 = AXIS2_PLACEMENT_3D('',#7065,#7066,#7067);
#7065 = CARTESIAN_POINT('',(2.003579402881,-6.097384638523E-03,
    -0.130181706538));
#7066 = DIRECTION('',(0.999999353526,1.712452944955E-06,
    1.13707761976E-03));
#7067 = DIRECTION('',(1.137077619762E-03,0.,-0.999999353527));
#7068 = DEFINITIONAL_REPRESENTATION('',(#7069),#7073);
#7069 = LINE('',#7070,#7071);
#7070 = CARTESIAN_POINT('',(-0.,-0.));
#7071 = VECTOR('',#7072,1.);
#7072 = DIRECTION('',(-1.,-0.));
#7073 = ( GEOMETRIC_REPRESENTATION_CONTEXT(2) 
PARAMETRIC_REPRESENTATION_CONTEXT() REPRESENTATION_CONTEXT('2D SPACE',''
  ) );
#7074 = FACE_BOUND('',#7075,.F.);
#7075 = EDGE_LOOP('',(#7076));
#7076 = ORIENTED_EDGE('',*,*,#7012,.T.);
#7077 = ADVANCED_FACE('',(#7078),#7063,.T.);
#7078 = FACE_BOUND('',#7079,.T.);
#7079 = EDGE_LOOP('',(#7080,#7111,#7132,#7133,#7134));
#7080 = ORIENTED_EDGE('',*,*,#7081,.T.);
#7081 = EDGE_CURVE('',#7082,#7084,#7086,.T.);
#7082 = VERTEX_POINT('',#7083);
#7083 = CARTESIAN_POINT('',(1.96978447665,-6.097418007153E-03,
    12.453862654048));
#7084 = VERTEX_POINT('',#7085);
#7085 = CARTESIAN_POINT('',(1.998402615956,-6.097418007153E-03,
    -12.71427038101));
#7086 = SURFACE_CURVE('',#7087,(#7092,#7099),.PCURVE_S1.);
#7087 = CIRCLE('',#7088,12.584074652796);
#7088 = AXIS2_PLACEMENT_3D('',#7089,#7090,#7091);
#7089 = CARTESIAN_POINT('',(1.984093546303,-6.097418007157E-03,
    -0.130203863484));
#7090 = DIRECTION('',(0.999999353526,1.712452944955E-06,
    1.13707761976E-03));
#7091 = DIRECTION('',(-1.137077619762E-03,0.,0.999999353527));
#7092 = PCURVE('',#7063,#7093);
#7093 = DEFINITIONAL_REPRESENTATION('',(#7094),#7098);
#7094 = LINE('',#7095,#7096);
#7095 = CARTESIAN_POINT('',(-3.14159265359,-1.948586917577E-02));
#7096 = VECTOR('',#7097,1.);
#7097 = DIRECTION('',(1.,-0.));
#7098 = ( GEOMETRIC_REPRESENTATION_CONTEXT(2) 
PARAMETRIC_REPRESENTATION_CONTEXT() REPRESENTATION_CONTEXT('2D SPACE',''
  ) );
#7099 = PCURVE('',#7100,#7105);
#7100 = CYLINDRICAL_SURFACE('',#7101,12.584074652796);
#7101 = AXIS2_PLACEMENT_3D('',#7102,#7103,#7104);
#7102 = CARTESIAN_POINT('',(1.979901233648,-6.097425186299E-03,
    -0.130208630472));
#7103 = DIRECTION('',(0.999999353526,1.712452944955E-06,
    1.13707761976E-03));
#7104 = DIRECTION('',(-1.137077619762E-03,0.,0.999999353527));
#7105 = DEFINITIONAL_REPRESENTATION('',(#7106),#7110);
#7106 = LINE('',#7107,#7108);
#7107 = CARTESIAN_POINT('',(0.,4.192315364917E-03));
#7108 = VECTOR('',#7109,1.);
#7109 = DIRECTION('',(1.,0.));
#7110 = ( GEOMETRIC_REPRESENTATION_CONTEXT(2) 
PARAMETRIC_REPRESENTATION_CONTEXT() REPRESENTATION_CONTEXT('2D SPACE',''
  ) );
#7111 = ORIENTED_EDGE('',*,*,#7112,.F.);
#7112 = EDGE_CURVE('',#7047,#7084,#7113,.T.);
#7113 = SEAM_CURVE('',#7114,(#7118,#7125),.PCURVE_S1.);
#7114 = LINE('',#7115,#7116);
#7115 = CARTESIAN_POINT('',(2.017910634212,-6.097384638519E-03,
    -12.73373824197));
#7116 = VECTOR('',#7117,1.);
#7117 = DIRECTION('',(-0.707834945732,-1.210757800652E-06,0.706377866017
    ));
#7118 = PCURVE('',#7063,#7119);
#7119 = DEFINITIONAL_REPRESENTATION('',(#7120),#7124);
#7120 = LINE('',#7121,#7122);
#7121 = CARTESIAN_POINT('',(-6.28318530718,0.));
#7122 = VECTOR('',#7123,1.);
#7123 = DIRECTION('',(-0.,-1.));
#7124 = ( GEOMETRIC_REPRESENTATION_CONTEXT(2) 
PARAMETRIC_REPRESENTATION_CONTEXT() REPRESENTATION_CONTEXT('2D SPACE',''
  ) );
#7125 = PCURVE('',#7063,#7126);
#7126 = DEFINITIONAL_REPRESENTATION('',(#7127),#7131);
#7127 = LINE('',#7128,#7129);
#7128 = CARTESIAN_POINT('',(0.,-0.));
#7129 = VECTOR('',#7130,1.);
#7130 = DIRECTION('',(-0.,-1.));
#7131 = ( GEOMETRIC_REPRESENTATION_CONTEXT(2) 
PARAMETRIC_REPRESENTATION_CONTEXT() REPRESENTATION_CONTEXT('2D SPACE',''
  ) );
#7132 = ORIENTED_EDGE('',*,*,#7046,.T.);
#7133 = ORIENTED_EDGE('',*,*,#7112,.T.);
#7134 = ORIENTED_EDGE('',*,*,#7135,.T.);
#7135 = EDGE_CURVE('',#7084,#7082,#7136,.T.);
#7136 = SURFACE_CURVE('',#7137,(#7142,#7149),.PCURVE_S1.);
#7137 = CIRCLE('',#7138,12.584074652796);
#7138 = AXIS2_PLACEMENT_3D('',#7139,#7140,#7141);
#7139 = CARTESIAN_POINT('',(1.984093546303,-6.097418007157E-03,
    -0.130203863484));
#7140 = DIRECTION('',(0.999999353526,1.712452944955E-06,
    1.13707761976E-03));
#7141 = DIRECTION('',(-1.137077619762E-03,0.,0.999999353527));
#7142 = PCURVE('',#7063,#7143);
#7143 = DEFINITIONAL_REPRESENTATION('',(#7144),#7148);
#7144 = LINE('',#7145,#7146);
#7145 = CARTESIAN_POINT('',(-9.424777960769,-1.948586917577E-02));
#7146 = VECTOR('',#7147,1.);
#7147 = DIRECTION('',(1.,-0.));
#7148 = ( GEOMETRIC_REPRESENTATION_CONTEXT(2) 
PARAMETRIC_REPRESENTATION_CONTEXT() REPRESENTATION_CONTEXT('2D SPACE',''
  ) );
#7149 = PCURVE('',#7100,#7150);
#7150 = DEFINITIONAL_REPRESENTATION('',(#7151),#7155);
#7151 = LINE('',#7152,#7153);
#7152 = CARTESIAN_POINT('',(0.,4.192315364917E-03));
#7153 = VECTOR('',#7154,1.);
#7154 = DIRECTION('',(1.,0.));
#7155 = ( GEOMETRIC_REPRESENTATION_CONTEXT(2) 
PARAMETRIC_REPRESENTATION_CONTEXT() REPRESENTATION_CONTEXT('2D SPACE',''
  ) );
#7156 = ADVANCED_FACE('',(#7157),#7100,.T.);
#7157 = FACE_BOUND('',#7158,.T.);
#7158 = EDGE_LOOP('',(#7159,#7160,#7183,#7210,#7211));
#7159 = ORIENTED_EDGE('',*,*,#7081,.F.);
#7160 = ORIENTED_EDGE('',*,*,#7161,.F.);
#7161 = EDGE_CURVE('',#7162,#7082,#7164,.T.);
#7162 = VERTEX_POINT('',#7163);
#7163 = CARTESIAN_POINT('',(1.965592163995,-6.097425186296E-03,
    12.45385788706));
#7164 = SEAM_CURVE('',#7165,(#7169,#7176),.PCURVE_S1.);
#7165 = LINE('',#7166,#7167);
#7166 = CARTESIAN_POINT('',(1.965592163995,-6.097425186296E-03,
    12.45385788706));
#7167 = VECTOR('',#7168,1.);
#7168 = DIRECTION('',(0.999999353526,1.712452944955E-06,
    1.13707761976E-03));
#7169 = PCURVE('',#7100,#7170);
#7170 = DEFINITIONAL_REPRESENTATION('',(#7171),#7175);
#7171 = LINE('',#7172,#7173);
#7172 = CARTESIAN_POINT('',(6.28318530718,-0.));
#7173 = VECTOR('',#7174,1.);
#7174 = DIRECTION('',(0.,1.));
#7175 = ( GEOMETRIC_REPRESENTATION_CONTEXT(2) 
PARAMETRIC_REPRESENTATION_CONTEXT() REPRESENTATION_CONTEXT('2D SPACE',''
  ) );
#7176 = PCURVE('',#7100,#7177);
#7177 = DEFINITIONAL_REPRESENTATION('',(#7178),#7182);
#7178 = LINE('',#7179,#7180);
#7179 = CARTESIAN_POINT('',(0.,-0.));
#7180 = VECTOR('',#7181,1.);
#7181 = DIRECTION('',(0.,1.));
#7182 = ( GEOMETRIC_REPRESENTATION_CONTEXT(2) 
PARAMETRIC_REPRESENTATION_CONTEXT() REPRESENTATION_CONTEXT('2D SPACE',''
  ) );
#7183 = ORIENTED_EDGE('',*,*,#7184,.T.);
#7184 = EDGE_CURVE('',#7162,#7162,#7185,.T.);
#7185 = SURFACE_CURVE('',#7186,(#7191,#7198),.PCURVE_S1.);
#7186 = CIRCLE('',#7187,12.584074652796);
#7187 = AXIS2_PLACEMENT_3D('',#7188,#7189,#7190);
#7188 = CARTESIAN_POINT('',(1.979901233648,-6.097425186299E-03,
    -0.130208630472));
#7189 = DIRECTION('',(0.999999353526,1.712452944955E-06,
    1.13707761976E-03));
#7190 = DIRECTION('',(-1.137077619762E-03,0.,0.999999353527));
#7191 = PCURVE('',#7100,#7192);
#7192 = DEFINITIONAL_REPRESENTATION('',(#7193),#7197);
#7193 = LINE('',#7194,#7195);
#7194 = CARTESIAN_POINT('',(0.,0.));
#7195 = VECTOR('',#7196,1.);
#7196 = DIRECTION('',(1.,0.));
#7197 = ( GEOMETRIC_REPRESENTATION_CONTEXT(2) 
PARAMETRIC_REPRESENTATION_CONTEXT() REPRESENTATION_CONTEXT('2D SPACE',''
  ) );
#7198 = PCURVE('',#7199,#7204);
#7199 = PLANE('',#7200);
#7200 = AXIS2_PLACEMENT_3D('',#7201,#7202,#7203);
#7201 = CARTESIAN_POINT('',(1.979901233648,-6.097425186299E-03,
    -0.130208630472));
#7202 = DIRECTION('',(0.999999353526,1.712452944955E-06,
    1.13707761976E-03));
#7203 = DIRECTION('',(-1.137077619762E-03,0.,0.999999353527));
#7204 = DEFINITIONAL_REPRESENTATION('',(#7205),#7209);
#7205 = CIRCLE('',#7206,12.584074652796);
#7206 = AXIS2_PLACEMENT_2D('',#7207,#7208);
#7207 = CARTESIAN_POINT('',(0.,0.));
#7208 = DIRECTION('',(1.,0.));
#7209 = ( GEOMETRIC_REPRESENTATION_CONTEXT(2) 
PARAMETRIC_REPRESENTATION_CONTEXT() REPRESENTATION_CONTEXT('2D SPACE',''
  ) );
#7210 = ORIENTED_EDGE('',*,*,#7161,.T.);
#7211 = ORIENTED_EDGE('',*,*,#7135,.F.);
#7212 = ADVANCED_FACE('',(#7213,#7216),#7199,.F.);
#7213 = FACE_BOUND('',#7214,.F.);
#7214 = EDGE_LOOP('',(#7215));
#7215 = ORIENTED_EDGE('',*,*,#7184,.T.);
#7216 = FACE_BOUND('',#7217,.F.);
#7217 = EDGE_LOOP('',(#7218));
#7218 = ORIENTED_EDGE('',*,*,#7219,.T.);
#7219 = EDGE_CURVE('',#7220,#7220,#7222,.T.);
#7220 = VERTEX_POINT('',#7221);
#7221 = CARTESIAN_POINT('',(1.994205535295,-6.097425186296E-03,
    -12.71008194005));
#7222 = SURFACE_CURVE('',#7223,(#7228,#7239),.PCURVE_S1.);
#7223 = CIRCLE('',#7224,12.579881442136);
#7224 = AXIS2_PLACEMENT_3D('',#7225,#7226,#7227);
#7225 = CARTESIAN_POINT('',(1.979901233648,-6.097425186299E-03,
    -0.130208630472));
#7226 = DIRECTION('',(-0.999999353526,-1.712452944955E-06,
    -1.13707761976E-03));
#7227 = DIRECTION('',(1.137077619762E-03,0.,-0.999999353527));
#7228 = PCURVE('',#7199,#7229);
#7229 = DEFINITIONAL_REPRESENTATION('',(#7230),#7238);
#7230 = ( BOUNDED_CURVE() B_SPLINE_CURVE(2,(#7231,#7232,#7233,#7234,
#7235,#7236,#7237),.UNSPECIFIED.,.T.,.F.) B_SPLINE_CURVE_WITH_KNOTS((1,2
    ,2,2,2,1),(-2.094395102393,0.,2.094395102393,4.188790204786,
6.28318530718,8.377580409573),.UNSPECIFIED.) CURVE() 
GEOMETRIC_REPRESENTATION_ITEM() RATIONAL_B_SPLINE_CURVE((1.,0.5,1.,0.5,
1.,0.5,1.)) REPRESENTATION_ITEM('') );
#7231 = CARTESIAN_POINT('',(-12.57988144213,-3.854976542508E-22));
#7232 = CARTESIAN_POINT('',(-12.57988144213,21.788993810972));
#7233 = CARTESIAN_POINT('',(6.289940721068,10.894496905486));
#7234 = CARTESIAN_POINT('',(25.159762884272,3.081181938464E-15));
#7235 = CARTESIAN_POINT('',(6.289940721068,-10.89449690548));
#7236 = CARTESIAN_POINT('',(-12.57988144213,-21.78899381097));
#7237 = CARTESIAN_POINT('',(-12.57988144213,-3.854976542508E-22));
#7238 = ( GEOMETRIC_REPRESENTATION_CONTEXT(2) 
PARAMETRIC_REPRESENTATION_CONTEXT() REPRESENTATION_CONTEXT('2D SPACE',''
  ) );
#7239 = PCURVE('',#7240,#7245);
#7240 = CONICAL_SURFACE('',#7241,12.603564683301,0.785504930132);
#7241 = AXIS2_PLACEMENT_3D('',#7242,#7243,#7244);
#7242 = CARTESIAN_POINT('',(2.003579402881,-6.097384638523E-03,
    -0.130181706538));
#7243 = DIRECTION('',(0.999999353526,1.712452944955E-06,
    1.13707761976E-03));
#7244 = DIRECTION('',(1.137077619762E-03,0.,-0.999999353527));
#7245 = DEFINITIONAL_REPRESENTATION('',(#7246),#7250);
#7246 = LINE('',#7247,#7248);
#7247 = CARTESIAN_POINT('',(-0.,-2.367818454068E-02));
#7248 = VECTOR('',#7249,1.);
#7249 = DIRECTION('',(-1.,-0.));
#7250 = ( GEOMETRIC_REPRESENTATION_CONTEXT(2) 
PARAMETRIC_REPRESENTATION_CONTEXT() REPRESENTATION_CONTEXT('2D SPACE',''
  ) );
#7251 = ADVANCED_FACE('',(#7252),#7240,.T.);
#7252 = FACE_BOUND('',#7253,.T.);
#7253 = EDGE_LOOP('',(#7254,#7277,#7304,#7305));
#7254 = ORIENTED_EDGE('',*,*,#7255,.T.);
#7255 = EDGE_CURVE('',#7220,#7256,#7258,.T.);
#7256 = VERTEX_POINT('',#7257);
#7257 = CARTESIAN_POINT('',(1.183951731017E-02,-6.100816040526E-03,
    -10.73179662666));
#7258 = SEAM_CURVE('',#7259,(#7263,#7270),.PCURVE_S1.);
#7259 = LINE('',#7260,#7261);
#7260 = CARTESIAN_POINT('',(2.017910634212,-6.097384638519E-03,
    -12.73373824197));
#7261 = VECTOR('',#7262,1.);
#7262 = DIRECTION('',(-0.707834945732,-1.210757800652E-06,0.706377866017
    ));
#7263 = PCURVE('',#7240,#7264);
#7264 = DEFINITIONAL_REPRESENTATION('',(#7265),#7269);
#7265 = LINE('',#7266,#7267);
#7266 = CARTESIAN_POINT('',(-6.28318530718,0.));
#7267 = VECTOR('',#7268,1.);
#7268 = DIRECTION('',(-0.,-1.));
#7269 = ( GEOMETRIC_REPRESENTATION_CONTEXT(2) 
PARAMETRIC_REPRESENTATION_CONTEXT() REPRESENTATION_CONTEXT('2D SPACE',''
  ) );
#7270 = PCURVE('',#7240,#7271);
#7271 = DEFINITIONAL_REPRESENTATION('',(#7272),#7276);
#7272 = LINE('',#7273,#7274);
#7273 = CARTESIAN_POINT('',(0.,-0.));
#7274 = VECTOR('',#7275,1.);
#7275 = DIRECTION('',(-0.,-1.));
#7276 = ( GEOMETRIC_REPRESENTATION_CONTEXT(2) 
PARAMETRIC_REPRESENTATION_CONTEXT() REPRESENTATION_CONTEXT('2D SPACE',''
  ) );
#7277 = ORIENTED_EDGE('',*,*,#7278,.F.);
#7278 = EDGE_CURVE('',#7256,#7256,#7279,.T.);
#7279 = SURFACE_CURVE('',#7280,(#7285,#7292),.PCURVE_S1.);
#7280 = CIRCLE('',#7281,10.599343303618);
#7281 = AXIS2_PLACEMENT_3D('',#7282,#7283,#7284);
#7282 = CARTESIAN_POINT('',(-2.12758744552E-04,-6.100816040529E-03,
    -0.132460175233));
#7283 = DIRECTION('',(-0.999999353526,-1.712452944955E-06,
    -1.13707761976E-03));
#7284 = DIRECTION('',(1.137077619762E-03,0.,-0.999999353527));
#7285 = PCURVE('',#7240,#7286);
#7286 = DEFINITIONAL_REPRESENTATION('',(#7287),#7291);
#7287 = LINE('',#7288,#7289);
#7288 = CARTESIAN_POINT('',(-0.,-2.003793457027));
#7289 = VECTOR('',#7290,1.);
#7290 = DIRECTION('',(-1.,-0.));
#7291 = ( GEOMETRIC_REPRESENTATION_CONTEXT(2) 
PARAMETRIC_REPRESENTATION_CONTEXT() REPRESENTATION_CONTEXT('2D SPACE',''
  ) );
#7292 = PCURVE('',#7293,#7298);
#7293 = PLANE('',#7294);
#7294 = AXIS2_PLACEMENT_3D('',#7295,#7296,#7297);
#7295 = CARTESIAN_POINT('',(-2.12758744552E-04,-6.100816040529E-03,
    -0.132460175233));
#7296 = DIRECTION('',(-0.999999353526,-1.712452944955E-06,
    -1.13707761976E-03));
#7297 = DIRECTION('',(1.137077619762E-03,0.,-0.999999353527));
#7298 = DEFINITIONAL_REPRESENTATION('',(#7299),#7303);
#7299 = CIRCLE('',#7300,10.599343303618);
#7300 = AXIS2_PLACEMENT_2D('',#7301,#7302);
#7301 = CARTESIAN_POINT('',(0.,0.));
#7302 = DIRECTION('',(1.,0.));
#7303 = ( GEOMETRIC_REPRESENTATION_CONTEXT(2) 
PARAMETRIC_REPRESENTATION_CONTEXT() REPRESENTATION_CONTEXT('2D SPACE',''
  ) );
#7304 = ORIENTED_EDGE('',*,*,#7255,.F.);
#7305 = ORIENTED_EDGE('',*,*,#7219,.T.);
#7306 = ADVANCED_FACE('',(#7307,#7310),#7293,.T.);
#7307 = FACE_BOUND('',#7308,.T.);
#7308 = EDGE_LOOP('',(#7309));
#7309 = ORIENTED_EDGE('',*,*,#7278,.T.);
#7310 = FACE_BOUND('',#7311,.T.);
#7311 = EDGE_LOOP('',(#7312));
#7312 = ORIENTED_EDGE('',*,*,#7313,.F.);
#7313 = EDGE_CURVE('',#7314,#7314,#7316,.T.);
#7314 = VERTEX_POINT('',#7315);
#7315 = CARTESIAN_POINT('',(9.990566051892E-03,-6.100816040527E-03,
    -9.105742229984));
#7316 = SURFACE_CURVE('',#7317,(#7322,#7329),.PCURVE_S1.);
#7317 = CIRCLE('',#7318,8.973287855739);
#7318 = AXIS2_PLACEMENT_3D('',#7319,#7320,#7321);
#7319 = CARTESIAN_POINT('',(-2.12758744552E-04,-6.100816040529E-03,
    -0.132460175233));
#7320 = DIRECTION('',(-0.999999353526,-1.712452944955E-06,
    -1.13707761976E-03));
#7321 = DIRECTION('',(1.137077619762E-03,0.,-0.999999353527));
#7322 = PCURVE('',#7293,#7323);
#7323 = DEFINITIONAL_REPRESENTATION('',(#7324),#7328);
#7324 = CIRCLE('',#7325,8.973287855739);
#7325 = AXIS2_PLACEMENT_2D('',#7326,#7327);
#7326 = CARTESIAN_POINT('',(2.77555576724E-17,-8.673617920326E-19));
#7327 = DIRECTION('',(1.,-4.135903062765E-25));
#7328 = ( GEOMETRIC_REPRESENTATION_CONTEXT(2) 
PARAMETRIC_REPRESENTATION_CONTEXT() REPRESENTATION_CONTEXT('2D SPACE',''
  ) );
#7329 = PCURVE('',#7330,#7335);
#7330 = CYLINDRICAL_SURFACE('',#7331,8.973287855739);
#7331 = AXIS2_PLACEMENT_3D('',#7332,#7333,#7334);
#7332 = CARTESIAN_POINT('',(2.576395848414E-02,-6.100771556594E-03,
    -0.13243063767));
#7333 = DIRECTION('',(-0.999999353526,-1.712452944955E-06,
    -1.13707761976E-03));
#7334 = DIRECTION('',(1.137077619762E-03,0.,-0.999999353527));
#7335 = DEFINITIONAL_REPRESENTATION('',(#7336),#7340);
#7336 = LINE('',#7337,#7338);
#7337 = CARTESIAN_POINT('',(0.,2.597673402198E-02));
#7338 = VECTOR('',#7339,1.);
#7339 = DIRECTION('',(1.,0.));
#7340 = ( GEOMETRIC_REPRESENTATION_CONTEXT(2) 
PARAMETRIC_REPRESENTATION_CONTEXT() REPRESENTATION_CONTEXT('2D SPACE',''
  ) );
#7341 = ADVANCED_FACE('',(#7342),#7330,.T.);
#7342 = FACE_BOUND('',#7343,.T.);
#7343 = EDGE_LOOP('',(#7344,#7345,#7368,#7395));
#7344 = ORIENTED_EDGE('',*,*,#7313,.T.);
#7345 = ORIENTED_EDGE('',*,*,#7346,.T.);
#7346 = EDGE_CURVE('',#7314,#7347,#7349,.T.);
#7347 = VERTEX_POINT('',#7348);
#7348 = CARTESIAN_POINT('',(-27.98614643108,-6.148758138768E-03,
    -9.137576031383));
#7349 = SEAM_CURVE('',#7350,(#7354,#7361),.PCURVE_S1.);
#7350 = LINE('',#7351,#7352);
#7351 = CARTESIAN_POINT('',(3.596728328058E-02,-6.100771556592E-03,
    -9.105712692421));
#7352 = VECTOR('',#7353,1.);
#7353 = DIRECTION('',(-0.999999353526,-1.712452944955E-06,
    -1.13707761976E-03));
#7354 = PCURVE('',#7330,#7355);
#7355 = DEFINITIONAL_REPRESENTATION('',(#7356),#7360);
#7356 = LINE('',#7357,#7358);
#7357 = CARTESIAN_POINT('',(0.,-0.));
#7358 = VECTOR('',#7359,1.);
#7359 = DIRECTION('',(0.,1.));
#7360 = ( GEOMETRIC_REPRESENTATION_CONTEXT(2) 
PARAMETRIC_REPRESENTATION_CONTEXT() REPRESENTATION_CONTEXT('2D SPACE',''
  ) );
#7361 = PCURVE('',#7330,#7362);
#7362 = DEFINITIONAL_REPRESENTATION('',(#7363),#7367);
#7363 = LINE('',#7364,#7365);
#7364 = CARTESIAN_POINT('',(6.28318530718,-0.));
#7365 = VECTOR('',#7366,1.);
#7366 = DIRECTION('',(0.,1.));
#7367 = ( GEOMETRIC_REPRESENTATION_CONTEXT(2) 
PARAMETRIC_REPRESENTATION_CONTEXT() REPRESENTATION_CONTEXT('2D SPACE',''
  ) );
#7368 = ORIENTED_EDGE('',*,*,#7369,.F.);
#7369 = EDGE_CURVE('',#7347,#7347,#7370,.T.);
#7370 = SURFACE_CURVE('',#7371,(#7376,#7383),.PCURVE_S1.);
#7371 = CIRCLE('',#7372,8.973287855739);
#7372 = AXIS2_PLACEMENT_3D('',#7373,#7374,#7375);
#7373 = CARTESIAN_POINT('',(-27.99634975588,-6.148758138771E-03,
    -0.164293976632));
#7374 = DIRECTION('',(-0.999999353526,-1.712452944955E-06,
    -1.13707761976E-03));
#7375 = DIRECTION('',(1.137077619762E-03,0.,-0.999999353527));
#7376 = PCURVE('',#7330,#7377);
#7377 = DEFINITIONAL_REPRESENTATION('',(#7378),#7382);
#7378 = LINE('',#7379,#7380);
#7379 = CARTESIAN_POINT('',(0.,28.022131829956));
#7380 = VECTOR('',#7381,1.);
#7381 = DIRECTION('',(1.,0.));
#7382 = ( GEOMETRIC_REPRESENTATION_CONTEXT(2) 
PARAMETRIC_REPRESENTATION_CONTEXT() REPRESENTATION_CONTEXT('2D SPACE',''
  ) );
#7383 = PCURVE('',#7384,#7389);
#7384 = PLANE('',#7385);
#7385 = AXIS2_PLACEMENT_3D('',#7386,#7387,#7388);
#7386 = CARTESIAN_POINT('',(-27.99634975588,-6.148758138771E-03,
    -0.164293976632));
#7387 = DIRECTION('',(-0.999999353526,-1.712452944955E-06,
    -1.13707761976E-03));
#7388 = DIRECTION('',(1.137077619762E-03,0.,-0.999999353527));
#7389 = DEFINITIONAL_REPRESENTATION('',(#7390),#7394);
#7390 = CIRCLE('',#7391,8.973287855739);
#7391 = AXIS2_PLACEMENT_2D('',#7392,#7393);
#7392 = CARTESIAN_POINT('',(0.,-8.673617379871E-19));
#7393 = DIRECTION('',(1.,-4.135903062765E-25));
#7394 = ( GEOMETRIC_REPRESENTATION_CONTEXT(2) 
PARAMETRIC_REPRESENTATION_CONTEXT() REPRESENTATION_CONTEXT('2D SPACE',''
  ) );
#7395 = ORIENTED_EDGE('',*,*,#7346,.F.);
#7396 = ADVANCED_FACE('',(#7397,#7428),#7384,.F.);
#7397 = FACE_BOUND('',#7398,.F.);
#7398 = EDGE_LOOP('',(#7399));
#7399 = ORIENTED_EDGE('',*,*,#7400,.T.);
#7400 = EDGE_CURVE('',#7401,#7401,#7403,.T.);
#7401 = VERTEX_POINT('',#7402);
#7402 = CARTESIAN_POINT('',(-27.98611186562,-6.148758138768E-03,
    -9.167974511781));
#7403 = SURFACE_CURVE('',#7404,(#7409,#7416),.PCURVE_S1.);
#7404 = CIRCLE('',#7405,9.003686355789);
#7405 = AXIS2_PLACEMENT_3D('',#7406,#7407,#7408);
#7406 = CARTESIAN_POINT('',(-27.99634975588,-6.148758138771E-03,
    -0.164293976632));
#7407 = DIRECTION('',(-0.999999353526,-1.712452944955E-06,
    -1.13707761976E-03));
#7408 = DIRECTION('',(1.137077619762E-03,0.,-0.999999353527));
#7409 = PCURVE('',#7384,#7410);
#7410 = DEFINITIONAL_REPRESENTATION('',(#7411),#7415);
#7411 = CIRCLE('',#7412,9.003686355789);
#7412 = AXIS2_PLACEMENT_2D('',#7413,#7414);
#7413 = CARTESIAN_POINT('',(0.,0.));
#7414 = DIRECTION('',(1.,0.));
#7415 = ( GEOMETRIC_REPRESENTATION_CONTEXT(2) 
PARAMETRIC_REPRESENTATION_CONTEXT() REPRESENTATION_CONTEXT('2D SPACE',''
  ) );
#7416 = PCURVE('',#7417,#7422);
#7417 = CONICAL_SURFACE('',#7418,9.003686355789,0.785573890867);
#7418 = AXIS2_PLACEMENT_3D('',#7419,#7420,#7421);
#7419 = CARTESIAN_POINT('',(-27.99634975588,-6.148758138771E-03,
    -0.164293976632));
#7420 = DIRECTION('',(0.999999353526,1.712452944955E-06,
    1.13707761976E-03));
#7421 = DIRECTION('',(1.137077619762E-03,0.,-0.999999353527));
#7422 = DEFINITIONAL_REPRESENTATION('',(#7423),#7427);
#7423 = LINE('',#7424,#7425);
#7424 = CARTESIAN_POINT('',(-0.,-0.));
#7425 = VECTOR('',#7426,1.);
#7426 = DIRECTION('',(-1.,-0.));
#7427 = ( GEOMETRIC_REPRESENTATION_CONTEXT(2) 
PARAMETRIC_REPRESENTATION_CONTEXT() REPRESENTATION_CONTEXT('2D SPACE',''
  ) );
#7428 = FACE_BOUND('',#7429,.F.);
#7429 = EDGE_LOOP('',(#7430));
#7430 = ORIENTED_EDGE('',*,*,#7369,.F.);
#7431 = ADVANCED_FACE('',(#7432),#7417,.T.);
#7432 = FACE_BOUND('',#7433,.T.);
#7433 = EDGE_LOOP('',(#7434,#7435,#7458,#7485));
#7434 = ORIENTED_EDGE('',*,*,#7400,.T.);
#7435 = ORIENTED_EDGE('',*,*,#7436,.T.);
#7436 = EDGE_CURVE('',#7401,#7437,#7439,.T.);
#7437 = VERTEX_POINT('',#7438);
#7438 = CARTESIAN_POINT('',(-29.99243456611,-6.152189970574E-03,
    -7.165505665816));
#7439 = SEAM_CURVE('',#7440,(#7444,#7451),.PCURVE_S1.);
#7440 = LINE('',#7441,#7442);
#7441 = CARTESIAN_POINT('',(-27.98611186562,-6.148758138768E-03,
    -9.167974511781));
#7442 = VECTOR('',#7443,1.);
#7443 = DIRECTION('',(-0.707786231712,-1.210674285194E-06,0.706426677156
    ));
#7444 = PCURVE('',#7417,#7445);
#7445 = DEFINITIONAL_REPRESENTATION('',(#7446),#7450);
#7446 = LINE('',#7447,#7448);
#7447 = CARTESIAN_POINT('',(-6.28318530718,0.));
#7448 = VECTOR('',#7449,1.);
#7449 = DIRECTION('',(-0.,-1.));
#7450 = ( GEOMETRIC_REPRESENTATION_CONTEXT(2) 
PARAMETRIC_REPRESENTATION_CONTEXT() REPRESENTATION_CONTEXT('2D SPACE',''
  ) );
#7451 = PCURVE('',#7417,#7452);
#7452 = DEFINITIONAL_REPRESENTATION('',(#7453),#7457);
#7453 = LINE('',#7454,#7455);
#7454 = CARTESIAN_POINT('',(0.,-0.));
#7455 = VECTOR('',#7456,1.);
#7456 = DIRECTION('',(-0.,-1.));
#7457 = ( GEOMETRIC_REPRESENTATION_CONTEXT(2) 
PARAMETRIC_REPRESENTATION_CONTEXT() REPRESENTATION_CONTEXT('2D SPACE',''
  ) );
#7458 = ORIENTED_EDGE('',*,*,#7459,.F.);
#7459 = EDGE_CURVE('',#7437,#7437,#7460,.T.);
#7460 = SURFACE_CURVE('',#7461,(#7466,#7473),.PCURVE_S1.);
#7461 = CIRCLE('',#7462,6.998937459725);
#7462 = AXIS2_PLACEMENT_3D('',#7463,#7464,#7465);
#7463 = CARTESIAN_POINT('',(-30.00039290126,-6.152189970575E-03,
    -0.166572730715));
#7464 = DIRECTION('',(-0.999999353526,-1.712452944955E-06,
    -1.13707761976E-03));
#7465 = DIRECTION('',(1.137077619762E-03,0.,-0.999999353527));
#7466 = PCURVE('',#7417,#7467);
#7467 = DEFINITIONAL_REPRESENTATION('',(#7468),#7472);
#7468 = LINE('',#7469,#7470);
#7469 = CARTESIAN_POINT('',(-0.,-2.004044440946));
#7470 = VECTOR('',#7471,1.);
#7471 = DIRECTION('',(-1.,-0.));
#7472 = ( GEOMETRIC_REPRESENTATION_CONTEXT(2) 
PARAMETRIC_REPRESENTATION_CONTEXT() REPRESENTATION_CONTEXT('2D SPACE',''
  ) );
#7473 = PCURVE('',#7474,#7479);
#7474 = PLANE('',#7475);
#7475 = AXIS2_PLACEMENT_3D('',#7476,#7477,#7478);
#7476 = CARTESIAN_POINT('',(-30.00039290126,-6.152189970575E-03,
    -0.166572730715));
#7477 = DIRECTION('',(-0.999999353526,-1.712452944955E-06,
    -1.13707761976E-03));
#7478 = DIRECTION('',(1.137077619762E-03,0.,-0.999999353527));
#7479 = DEFINITIONAL_REPRESENTATION('',(#7480),#7484);
#7480 = CIRCLE('',#7481,6.998937459725);
#7481 = AXIS2_PLACEMENT_2D('',#7482,#7483);
#7482 = CARTESIAN_POINT('',(0.,0.));
#7483 = DIRECTION('',(1.,0.));
#7484 = ( GEOMETRIC_REPRESENTATION_CONTEXT(2) 
PARAMETRIC_REPRESENTATION_CONTEXT() REPRESENTATION_CONTEXT('2D SPACE',''
  ) );
#7485 = ORIENTED_EDGE('',*,*,#7436,.F.);
#7486 = ADVANCED_FACE('',(#7487),#7474,.T.);
#7487 = FACE_BOUND('',#7488,.T.);
#7488 = EDGE_LOOP('',(#7489));
#7489 = ORIENTED_EDGE('',*,*,#7459,.T.);
#7490 = ( GEOMETRIC_REPRESENTATION_CONTEXT(3) 
GLOBAL_UNCERTAINTY_ASSIGNED_CONTEXT((#7494)) 
GLOBAL_UNIT_ASSIGNED_CONTEXT((#7491,#7492,#7493)) REPRESENTATION_CONTEXT
('Context #1','3D Context with UNIT and UNCERTAINTY') );
#7491 = ( LENGTH_UNIT() NAMED_UNIT(*) SI_UNIT(.MILLI.,.METRE.) );
#7492 = ( NAMED_UNIT(*) PLANE_ANGLE_UNIT() SI_UNIT($,.RADIAN.) );
#7493 = ( NAMED_UNIT(*) SI_UNIT($,.STERADIAN.) SOLID_ANGLE_UNIT() );
#7494 = UNCERTAINTY_MEASURE_WITH_UNIT(LENGTH_MEASURE(5.E-05),#7491,
  'distance_accuracy_value','confusion accuracy');
#7495 = PRODUCT_TYPE('part',$,(#7));
ENDSEC;
END-ISO-10303-21;
