ISO-10303-21;
HEADER;
FILE_DESCRIPTION(('Open CASCADE Model'),'2;1');
FILE_NAME('Open CASCADE Shape Model','2026-09-07T11:28:13',('Author'),(
    'Open CASCADE'),'Open CASCADE STEP processor 7.8','Open CASCADE 7.8'
  ,'Unknown');
FILE_SCHEMA(('CONFIG_CONTROL_DESIGN'));
ENDSEC;
DATA;
#1 = APPLICATION_PROTOCOL_DEFINITION('committee draft',
  'automotive_design',1997,#2);
#2 = APPLICATION_CONTEXT(
  'core data for automotive mechanical design processes');
#3 = SHAPE_DEFINITION_REPRESENTATION(#4,#10);
#4 = PRODUCT_DEFINITION_SHAPE('','',#5);
#5 = PRODUCT_DEFINITION('design','',#6,#9);
#6 = PRODUCT_DEFINITION_FORMATION('','',#7);
#7 = PRODUCT('Product 21','Product 21','',(#8));
#8 = MECHANICAL_CONTEXT('',#2,'mechanical');
#9 = PRODUCT_DEFINITION_CONTEXT('part definition',#2,'design');
#10 = ADVANCED_BREP_SHAPE_REPRESENTATION('',(#11,#15),#2589);
#11 = AXIS2_PLACEMENT_3D('',#12,#13,#14);
#12 = CARTESIAN_POINT('',(0.,0.,0.));
#13 = DIRECTION('',(0.,0.,1.));
#14 = DIRECTION('',(1.,0.,-0.));
#15 = MANIFOLD_SOLID_BREP('',#16);
#16 = CLOSED_SHELL('',(#17,#375,#451,#505,#559,#608,#657,#711,#765,#792,
    #868,#1088,#1137,#1349,#1360,#1459,#1618,#1646,#1786,#1893,#1898,
    #1922,#2055,#2133,#2140,#2145,#2149,#2310,#2359,#2478,#2503,#2530,
    #2557,#2582));
#17 = ADVANCED_FACE('',(#18,#269),#32,.F.);
#18 = FACE_BOUND('',#19,.F.);
#19 = EDGE_LOOP('',(#20,#55,#88,#116,#149,#177,#210,#238));
#20 = ORIENTED_EDGE('',*,*,#21,.T.);
#21 = EDGE_CURVE('',#22,#24,#26,.T.);
#22 = VERTEX_POINT('',#23);
#23 = CARTESIAN_POINT('',(-115.1666666666,73.,-27.01031220109));
#24 = VERTEX_POINT('',#25);
#25 = CARTESIAN_POINT('',(-115.1666666666,73.,26.977894897559));
#26 = SURFACE_CURVE('',#27,(#31,#43),.PCURVE_S1.);
#27 = LINE('',#28,#29);
#28 = CARTESIAN_POINT('',(-115.1666666666,73.,-50.));
#29 = VECTOR('',#30,1.);
#30 = DIRECTION('',(0.,0.,1.));
#31 = PCURVE('',#32,#37);
#32 = PLANE('',#33);
#33 = AXIS2_PLACEMENT_3D('',#34,#35,#36);
#34 = CARTESIAN_POINT('',(-0.166666666667,73.,0.));
#35 = DIRECTION('',(0.,1.,0.));
#36 = DIRECTION('',(0.,-0.,1.));
#37 = DEFINITIONAL_REPRESENTATION('',(#38),#42);
#38 = LINE('',#39,#40);
#39 = CARTESIAN_POINT('',(-50.,-115.));
#40 = VECTOR('',#41,1.);
#41 = DIRECTION('',(1.,0.));
#42 = ( GEOMETRIC_REPRESENTATION_CONTEXT(2) 
PARAMETRIC_REPRESENTATION_CONTEXT() REPRESENTATION_CONTEXT('2D SPACE',''
  ) );
#43 = PCURVE('',#44,#49);
#44 = PLANE('',#45);
#45 = AXIS2_PLACEMENT_3D('',#46,#47,#48);
#46 = CARTESIAN_POINT('',(-115.1666666666,73.,-50.));
#47 = DIRECTION('',(1.,0.,0.));
#48 = DIRECTION('',(0.,0.,1.));
#49 = DEFINITIONAL_REPRESENTATION('',(#50),#54);
#50 = LINE('',#51,#52);
#51 = CARTESIAN_POINT('',(0.,0.));
#52 = VECTOR('',#53,1.);
#53 = DIRECTION('',(1.,0.));
#54 = ( GEOMETRIC_REPRESENTATION_CONTEXT(2) 
PARAMETRIC_REPRESENTATION_CONTEXT() REPRESENTATION_CONTEXT('2D SPACE',''
  ) );
#55 = ORIENTED_EDGE('',*,*,#56,.F.);
#56 = EDGE_CURVE('',#57,#24,#59,.T.);
#57 = VERTEX_POINT('',#58);
#58 = CARTESIAN_POINT('',(-92.14456156422,73.,50.));
#59 = SURFACE_CURVE('',#60,(#65,#76),.PCURVE_S1.);
#60 = CIRCLE('',#61,23.022105102441);
#61 = AXIS2_PLACEMENT_3D('',#62,#63,#64);
#62 = CARTESIAN_POINT('',(-92.14456156422,73.,26.977894897559));
#63 = DIRECTION('',(-0.,-1.,0.));
#64 = DIRECTION('',(0.,-0.,1.));
#65 = PCURVE('',#32,#66);
#66 = DEFINITIONAL_REPRESENTATION('',(#67),#75);
#67 = ( BOUNDED_CURVE() B_SPLINE_CURVE(2,(#68,#69,#70,#71,#72,#73,#74),
.UNSPECIFIED.,.T.,.F.) B_SPLINE_CURVE_WITH_KNOTS((1,2,2,2,2,1),(
    -2.094395102393,0.,2.094395102393,4.188790204786,6.28318530718,
8.377580409573),.UNSPECIFIED.) CURVE() GEOMETRIC_REPRESENTATION_ITEM() 
RATIONAL_B_SPLINE_CURVE((1.,0.5,1.,0.5,1.,0.5,1.)) REPRESENTATION_ITEM(
  '') );
#68 = CARTESIAN_POINT('',(50.,-91.97789489755));
#69 = CARTESIAN_POINT('',(50.,-131.8533506321));
#70 = CARTESIAN_POINT('',(15.466842346338,-111.9156227648));
#71 = CARTESIAN_POINT('',(-19.06631530732,-91.97789489755));
#72 = CARTESIAN_POINT('',(15.466842346338,-72.04016703024));
#73 = CARTESIAN_POINT('',(50.,-52.10243916294));
#74 = CARTESIAN_POINT('',(50.,-91.97789489755));
#75 = ( GEOMETRIC_REPRESENTATION_CONTEXT(2) 
PARAMETRIC_REPRESENTATION_CONTEXT() REPRESENTATION_CONTEXT('2D SPACE',''
  ) );
#76 = PCURVE('',#77,#82);
#77 = CYLINDRICAL_SURFACE('',#78,23.022105102441);
#78 = AXIS2_PLACEMENT_3D('',#79,#80,#81);
#79 = CARTESIAN_POINT('',(-92.14456156422,73.,26.977894897559));
#80 = DIRECTION('',(0.,1.,0.));
#81 = DIRECTION('',(0.,-0.,1.));
#82 = DEFINITIONAL_REPRESENTATION('',(#83),#87);
#83 = LINE('',#84,#85);
#84 = CARTESIAN_POINT('',(-0.,0.));
#85 = VECTOR('',#86,1.);
#86 = DIRECTION('',(-1.,0.));
#87 = ( GEOMETRIC_REPRESENTATION_CONTEXT(2) 
PARAMETRIC_REPRESENTATION_CONTEXT() REPRESENTATION_CONTEXT('2D SPACE',''
  ) );
#88 = ORIENTED_EDGE('',*,*,#89,.T.);
#89 = EDGE_CURVE('',#57,#90,#92,.T.);
#90 = VERTEX_POINT('',#91);
#91 = CARTESIAN_POINT('',(91.819828069632,73.,50.));
#92 = SURFACE_CURVE('',#93,(#97,#104),.PCURVE_S1.);
#93 = LINE('',#94,#95);
#94 = CARTESIAN_POINT('',(-115.1666666666,73.,50.));
#95 = VECTOR('',#96,1.);
#96 = DIRECTION('',(1.,0.,0.));
#97 = PCURVE('',#32,#98);
#98 = DEFINITIONAL_REPRESENTATION('',(#99),#103);
#99 = LINE('',#100,#101);
#100 = CARTESIAN_POINT('',(50.,-115.));
#101 = VECTOR('',#102,1.);
#102 = DIRECTION('',(0.,1.));
#103 = ( GEOMETRIC_REPRESENTATION_CONTEXT(2) 
PARAMETRIC_REPRESENTATION_CONTEXT() REPRESENTATION_CONTEXT('2D SPACE',''
  ) );
#104 = PCURVE('',#105,#110);
#105 = PLANE('',#106);
#106 = AXIS2_PLACEMENT_3D('',#107,#108,#109);
#107 = CARTESIAN_POINT('',(-115.1666666666,73.,50.));
#108 = DIRECTION('',(0.,0.,-1.));
#109 = DIRECTION('',(1.,0.,0.));
#110 = DEFINITIONAL_REPRESENTATION('',(#111),#115);
#111 = LINE('',#112,#113);
#112 = CARTESIAN_POINT('',(0.,0.));
#113 = VECTOR('',#114,1.);
#114 = DIRECTION('',(1.,0.));
#115 = ( GEOMETRIC_REPRESENTATION_CONTEXT(2) 
PARAMETRIC_REPRESENTATION_CONTEXT() REPRESENTATION_CONTEXT('2D SPACE',''
  ) );
#116 = ORIENTED_EDGE('',*,*,#117,.F.);
#117 = EDGE_CURVE('',#118,#90,#120,.T.);
#118 = VERTEX_POINT('',#119);
#119 = CARTESIAN_POINT('',(114.83333333333,73.,26.986494736299));
#120 = SURFACE_CURVE('',#121,(#126,#137),.PCURVE_S1.);
#121 = CIRCLE('',#122,23.013505263701);
#122 = AXIS2_PLACEMENT_3D('',#123,#124,#125);
#123 = CARTESIAN_POINT('',(91.819828069632,73.,26.986494736299));
#124 = DIRECTION('',(-0.,-1.,0.));
#125 = DIRECTION('',(0.,-0.,1.));
#126 = PCURVE('',#32,#127);
#127 = DEFINITIONAL_REPRESENTATION('',(#128),#136);
#128 = ( BOUNDED_CURVE() B_SPLINE_CURVE(2,(#129,#130,#131,#132,#133,#134
,#135),.UNSPECIFIED.,.T.,.F.) B_SPLINE_CURVE_WITH_KNOTS((1,2,2,2,2,1),(
    -2.094395102393,0.,2.094395102393,4.188790204786,6.28318530718,
8.377580409573),.UNSPECIFIED.) CURVE() GEOMETRIC_REPRESENTATION_ITEM() 
RATIONAL_B_SPLINE_CURVE((1.,0.5,1.,0.5,1.,0.5,1.)) REPRESENTATION_ITEM(
  '') );
#129 = CARTESIAN_POINT('',(50.,91.986494736299));
#130 = CARTESIAN_POINT('',(50.,52.125934359315));
#131 = CARTESIAN_POINT('',(15.479742104449,72.056214547807));
#132 = CARTESIAN_POINT('',(-19.0405157911,91.986494736299));
#133 = CARTESIAN_POINT('',(15.479742104449,111.91677492479));
#134 = CARTESIAN_POINT('',(50.,131.84705511328));
#135 = CARTESIAN_POINT('',(50.,91.986494736299));
#136 = ( GEOMETRIC_REPRESENTATION_CONTEXT(2) 
PARAMETRIC_REPRESENTATION_CONTEXT() REPRESENTATION_CONTEXT('2D SPACE',''
  ) );
#137 = PCURVE('',#138,#143);
#138 = CYLINDRICAL_SURFACE('',#139,23.013505263701);
#139 = AXIS2_PLACEMENT_3D('',#140,#141,#142);
#140 = CARTESIAN_POINT('',(91.819828069632,73.,26.986494736299));
#141 = DIRECTION('',(0.,1.,0.));
#142 = DIRECTION('',(1.,0.,-0.));
#143 = DEFINITIONAL_REPRESENTATION('',(#144),#148);
#144 = LINE('',#145,#146);
#145 = CARTESIAN_POINT('',(4.712388980385,-0.));
#146 = VECTOR('',#147,1.);
#147 = DIRECTION('',(-1.,0.));
#148 = ( GEOMETRIC_REPRESENTATION_CONTEXT(2) 
PARAMETRIC_REPRESENTATION_CONTEXT() REPRESENTATION_CONTEXT('2D SPACE',''
  ) );
#149 = ORIENTED_EDGE('',*,*,#150,.T.);
#150 = EDGE_CURVE('',#118,#151,#153,.T.);
#151 = VERTEX_POINT('',#152);
#152 = CARTESIAN_POINT('',(114.83333333333,73.,-26.99915663325));
#153 = SURFACE_CURVE('',#154,(#158,#165),.PCURVE_S1.);
#154 = LINE('',#155,#156);
#155 = CARTESIAN_POINT('',(114.83333333333,73.,50.));
#156 = VECTOR('',#157,1.);
#157 = DIRECTION('',(0.,0.,-1.));
#158 = PCURVE('',#32,#159);
#159 = DEFINITIONAL_REPRESENTATION('',(#160),#164);
#160 = LINE('',#161,#162);
#161 = CARTESIAN_POINT('',(50.,115.));
#162 = VECTOR('',#163,1.);
#163 = DIRECTION('',(-1.,0.));
#164 = ( GEOMETRIC_REPRESENTATION_CONTEXT(2) 
PARAMETRIC_REPRESENTATION_CONTEXT() REPRESENTATION_CONTEXT('2D SPACE',''
  ) );
#165 = PCURVE('',#166,#171);
#166 = PLANE('',#167);
#167 = AXIS2_PLACEMENT_3D('',#168,#169,#170);
#168 = CARTESIAN_POINT('',(114.83333333333,73.,50.));
#169 = DIRECTION('',(-1.,0.,0.));
#170 = DIRECTION('',(0.,0.,-1.));
#171 = DEFINITIONAL_REPRESENTATION('',(#172),#176);
#172 = LINE('',#173,#174);
#173 = CARTESIAN_POINT('',(0.,-0.));
#174 = VECTOR('',#175,1.);
#175 = DIRECTION('',(1.,0.));
#176 = ( GEOMETRIC_REPRESENTATION_CONTEXT(2) 
PARAMETRIC_REPRESENTATION_CONTEXT() REPRESENTATION_CONTEXT('2D SPACE',''
  ) );
#177 = ORIENTED_EDGE('',*,*,#178,.F.);
#178 = EDGE_CURVE('',#179,#151,#181,.T.);
#179 = VERTEX_POINT('',#180);
#180 = CARTESIAN_POINT('',(91.832489966584,73.,-50.));
#181 = SURFACE_CURVE('',#182,(#187,#198),.PCURVE_S1.);
#182 = CIRCLE('',#183,23.000843366749);
#183 = AXIS2_PLACEMENT_3D('',#184,#185,#186);
#184 = CARTESIAN_POINT('',(91.832489966584,73.,-26.99915663325));
#185 = DIRECTION('',(-0.,-1.,0.));
#186 = DIRECTION('',(0.,-0.,1.));
#187 = PCURVE('',#32,#188);
#188 = DEFINITIONAL_REPRESENTATION('',(#189),#197);
#189 = ( BOUNDED_CURVE() B_SPLINE_CURVE(2,(#190,#191,#192,#193,#194,#195
,#196),.UNSPECIFIED.,.T.,.F.) B_SPLINE_CURVE_WITH_KNOTS((1,2,2,2,2,1),(
    -2.094395102393,0.,2.094395102393,4.188790204786,6.28318530718,
8.377580409573),.UNSPECIFIED.) CURVE() GEOMETRIC_REPRESENTATION_ITEM() 
RATIONAL_B_SPLINE_CURVE((1.,0.5,1.,0.5,1.,0.5,1.)) REPRESENTATION_ITEM(
  '') );
#190 = CARTESIAN_POINT('',(-3.998313266501,91.999156633251));
#191 = CARTESIAN_POINT('',(-3.998313266501,52.160527305107));
#192 = CARTESIAN_POINT('',(-38.49957831662,72.079841969179));
#193 = CARTESIAN_POINT('',(-73.00084336674,91.999156633251));
#194 = CARTESIAN_POINT('',(-38.49957831662,111.91847129732));
#195 = CARTESIAN_POINT('',(-3.998313266501,131.83778596139));
#196 = CARTESIAN_POINT('',(-3.998313266501,91.999156633251));
#197 = ( GEOMETRIC_REPRESENTATION_CONTEXT(2) 
PARAMETRIC_REPRESENTATION_CONTEXT() REPRESENTATION_CONTEXT('2D SPACE',''
  ) );
#198 = PCURVE('',#199,#204);
#199 = CYLINDRICAL_SURFACE('',#200,23.000843366749);
#200 = AXIS2_PLACEMENT_3D('',#201,#202,#203);
#201 = CARTESIAN_POINT('',(91.832489966584,73.,-26.99915663325));
#202 = DIRECTION('',(0.,1.,0.));
#203 = DIRECTION('',(0.,0.,-1.));
#204 = DEFINITIONAL_REPRESENTATION('',(#205),#209);
#205 = LINE('',#206,#207);
#206 = CARTESIAN_POINT('',(3.14159265359,-0.));
#207 = VECTOR('',#208,1.);
#208 = DIRECTION('',(-1.,0.));
#209 = ( GEOMETRIC_REPRESENTATION_CONTEXT(2) 
PARAMETRIC_REPRESENTATION_CONTEXT() REPRESENTATION_CONTEXT('2D SPACE',''
  ) );
#210 = ORIENTED_EDGE('',*,*,#211,.T.);
#211 = EDGE_CURVE('',#179,#212,#214,.T.);
#212 = VERTEX_POINT('',#213);
#213 = CARTESIAN_POINT('',(-92.17697886775,73.,-50.));
#214 = SURFACE_CURVE('',#215,(#219,#226),.PCURVE_S1.);
#215 = LINE('',#216,#217);
#216 = CARTESIAN_POINT('',(114.83333333333,73.,-50.));
#217 = VECTOR('',#218,1.);
#218 = DIRECTION('',(-1.,0.,0.));
#219 = PCURVE('',#32,#220);
#220 = DEFINITIONAL_REPRESENTATION('',(#221),#225);
#221 = LINE('',#222,#223);
#222 = CARTESIAN_POINT('',(-50.,115.));
#223 = VECTOR('',#224,1.);
#224 = DIRECTION('',(0.,-1.));
#225 = ( GEOMETRIC_REPRESENTATION_CONTEXT(2) 
PARAMETRIC_REPRESENTATION_CONTEXT() REPRESENTATION_CONTEXT('2D SPACE',''
  ) );
#226 = PCURVE('',#227,#232);
#227 = PLANE('',#228);
#228 = AXIS2_PLACEMENT_3D('',#229,#230,#231);
#229 = CARTESIAN_POINT('',(114.83333333333,73.,-50.));
#230 = DIRECTION('',(0.,-0.,1.));
#231 = DIRECTION('',(-1.,0.,0.));
#232 = DEFINITIONAL_REPRESENTATION('',(#233),#237);
#233 = LINE('',#234,#235);
#234 = CARTESIAN_POINT('',(0.,0.));
#235 = VECTOR('',#236,1.);
#236 = DIRECTION('',(1.,0.));
#237 = ( GEOMETRIC_REPRESENTATION_CONTEXT(2) 
PARAMETRIC_REPRESENTATION_CONTEXT() REPRESENTATION_CONTEXT('2D SPACE',''
  ) );
#238 = ORIENTED_EDGE('',*,*,#239,.F.);
#239 = EDGE_CURVE('',#22,#212,#240,.T.);
#240 = SURFACE_CURVE('',#241,(#246,#257),.PCURVE_S1.);
#241 = CIRCLE('',#242,22.989687798907);
#242 = AXIS2_PLACEMENT_3D('',#243,#244,#245);
#243 = CARTESIAN_POINT('',(-92.17697886775,73.,-27.01031220109));
#244 = DIRECTION('',(-0.,-1.,0.));
#245 = DIRECTION('',(0.,-0.,1.));
#246 = PCURVE('',#32,#247);
#247 = DEFINITIONAL_REPRESENTATION('',(#248),#256);
#248 = ( BOUNDED_CURVE() B_SPLINE_CURVE(2,(#249,#250,#251,#252,#253,#254
,#255),.UNSPECIFIED.,.T.,.F.) B_SPLINE_CURVE_WITH_KNOTS((1,2,2,2,2,1),(
    -2.094395102393,0.,2.094395102393,4.188790204786,6.28318530718,
8.377580409573),.UNSPECIFIED.) CURVE() GEOMETRIC_REPRESENTATION_ITEM() 
RATIONAL_B_SPLINE_CURVE((1.,0.5,1.,0.5,1.,0.5,1.)) REPRESENTATION_ITEM(
  '') );
#249 = CARTESIAN_POINT('',(-4.020624402185,-92.01031220109));
#250 = CARTESIAN_POINT('',(-4.020624402185,-131.8296195189));
#251 = CARTESIAN_POINT('',(-38.50515610054,-111.91996586));
#252 = CARTESIAN_POINT('',(-72.9896877989,-92.01031220109));
#253 = CARTESIAN_POINT('',(-38.50515610054,-72.10065854216));
#254 = CARTESIAN_POINT('',(-4.020624402186,-52.19100488323));
#255 = CARTESIAN_POINT('',(-4.020624402185,-92.01031220109));
#256 = ( GEOMETRIC_REPRESENTATION_CONTEXT(2) 
PARAMETRIC_REPRESENTATION_CONTEXT() REPRESENTATION_CONTEXT('2D SPACE',''
  ) );
#257 = PCURVE('',#258,#263);
#258 = CYLINDRICAL_SURFACE('',#259,22.989687798907);
#259 = AXIS2_PLACEMENT_3D('',#260,#261,#262);
#260 = CARTESIAN_POINT('',(-92.17697886775,73.,-27.01031220109));
#261 = DIRECTION('',(0.,1.,0.));
#262 = DIRECTION('',(-1.,0.,0.));
#263 = DEFINITIONAL_REPRESENTATION('',(#264),#268);
#264 = LINE('',#265,#266);
#265 = CARTESIAN_POINT('',(1.570796326795,-0.));
#266 = VECTOR('',#267,1.);
#267 = DIRECTION('',(-1.,0.));
#268 = ( GEOMETRIC_REPRESENTATION_CONTEXT(2) 
PARAMETRIC_REPRESENTATION_CONTEXT() REPRESENTATION_CONTEXT('2D SPACE',''
  ) );
#269 = FACE_BOUND('',#270,.F.);
#270 = EDGE_LOOP('',(#271,#299,#325,#351));
#271 = ORIENTED_EDGE('',*,*,#272,.F.);
#272 = EDGE_CURVE('',#273,#275,#277,.T.);
#273 = VERTEX_POINT('',#274);
#274 = CARTESIAN_POINT('',(89.,73.,-26.));
#275 = VERTEX_POINT('',#276);
#276 = CARTESIAN_POINT('',(-89.,73.,-26.));
#277 = SURFACE_CURVE('',#278,(#282,#288),.PCURVE_S1.);
#278 = LINE('',#279,#280);
#279 = CARTESIAN_POINT('',(-8.333333333333E-02,73.,-26.));
#280 = VECTOR('',#281,1.);
#281 = DIRECTION('',(-1.,0.,0.));
#282 = PCURVE('',#32,#283);
#283 = DEFINITIONAL_REPRESENTATION('',(#284),#287);
#284 = B_SPLINE_CURVE_WITH_KNOTS('',1,(#285,#286),.UNSPECIFIED.,.F.,.F.,
  (2,2),(-89.08333333333,88.916666666667),.PIECEWISE_BEZIER_KNOTS.);
#285 = CARTESIAN_POINT('',(-26.,89.166666666667));
#286 = CARTESIAN_POINT('',(-26.,-88.83333333333));
#287 = ( GEOMETRIC_REPRESENTATION_CONTEXT(2) 
PARAMETRIC_REPRESENTATION_CONTEXT() REPRESENTATION_CONTEXT('2D SPACE',''
  ) );
#288 = PCURVE('',#289,#294);
#289 = PLANE('',#290);
#290 = AXIS2_PLACEMENT_3D('',#291,#292,#293);
#291 = CARTESIAN_POINT('',(-1.898896447262E-15,42.340000154993,-26.));
#292 = DIRECTION('',(0.,0.,1.));
#293 = DIRECTION('',(1.,0.,-0.));
#294 = DEFINITIONAL_REPRESENTATION('',(#295),#298);
#295 = B_SPLINE_CURVE_WITH_KNOTS('',1,(#296,#297),.UNSPECIFIED.,.F.,.F.,
  (2,2),(-89.08333333333,88.916666666667),.PIECEWISE_BEZIER_KNOTS.);
#296 = CARTESIAN_POINT('',(89.,30.659999845007));
#297 = CARTESIAN_POINT('',(-89.,30.659999845007));
#298 = ( GEOMETRIC_REPRESENTATION_CONTEXT(2) 
PARAMETRIC_REPRESENTATION_CONTEXT() REPRESENTATION_CONTEXT('2D SPACE',''
  ) );
#299 = ORIENTED_EDGE('',*,*,#300,.T.);
#300 = EDGE_CURVE('',#273,#301,#303,.T.);
#301 = VERTEX_POINT('',#302);
#302 = CARTESIAN_POINT('',(89.,73.,26.));
#303 = SURFACE_CURVE('',#304,(#308,#314),.PCURVE_S1.);
#304 = LINE('',#305,#306);
#305 = CARTESIAN_POINT('',(89.,73.,13.));
#306 = VECTOR('',#307,1.);
#307 = DIRECTION('',(-0.,0.,1.));
#308 = PCURVE('',#32,#309);
#309 = DEFINITIONAL_REPRESENTATION('',(#310),#313);
#310 = B_SPLINE_CURVE_WITH_KNOTS('',1,(#311,#312),.UNSPECIFIED.,.F.,.F.,
  (2,2),(-39.,13.),.PIECEWISE_BEZIER_KNOTS.);
#311 = CARTESIAN_POINT('',(-26.,89.166666666667));
#312 = CARTESIAN_POINT('',(26.,89.166666666667));
#313 = ( GEOMETRIC_REPRESENTATION_CONTEXT(2) 
PARAMETRIC_REPRESENTATION_CONTEXT() REPRESENTATION_CONTEXT('2D SPACE',''
  ) );
#314 = PCURVE('',#315,#320);
#315 = PLANE('',#316);
#316 = AXIS2_PLACEMENT_3D('',#317,#318,#319);
#317 = CARTESIAN_POINT('',(89.,11.600097659993,26.));
#318 = DIRECTION('',(1.,-0.,0.));
#319 = DIRECTION('',(0.,1.,0.));
#320 = DEFINITIONAL_REPRESENTATION('',(#321),#324);
#321 = B_SPLINE_CURVE_WITH_KNOTS('',1,(#322,#323),.UNSPECIFIED.,.F.,.F.,
  (2,2),(-39.,13.),.PIECEWISE_BEZIER_KNOTS.);
#322 = CARTESIAN_POINT('',(61.399902340007,-52.));
#323 = CARTESIAN_POINT('',(61.399902340007,0.));
#324 = ( GEOMETRIC_REPRESENTATION_CONTEXT(2) 
PARAMETRIC_REPRESENTATION_CONTEXT() REPRESENTATION_CONTEXT('2D SPACE',''
  ) );
#325 = ORIENTED_EDGE('',*,*,#326,.T.);
#326 = EDGE_CURVE('',#301,#327,#329,.T.);
#327 = VERTEX_POINT('',#328);
#328 = CARTESIAN_POINT('',(-89.,73.,26.));
#329 = SURFACE_CURVE('',#330,(#334,#340),.PCURVE_S1.);
#330 = LINE('',#331,#332);
#331 = CARTESIAN_POINT('',(-8.333333333333E-02,73.,26.));
#332 = VECTOR('',#333,1.);
#333 = DIRECTION('',(-1.,0.,0.));
#334 = PCURVE('',#32,#335);
#335 = DEFINITIONAL_REPRESENTATION('',(#336),#339);
#336 = B_SPLINE_CURVE_WITH_KNOTS('',1,(#337,#338),.UNSPECIFIED.,.F.,.F.,
  (2,2),(-89.08333333333,88.916666666667),.PIECEWISE_BEZIER_KNOTS.);
#337 = CARTESIAN_POINT('',(26.,89.166666666667));
#338 = CARTESIAN_POINT('',(26.,-88.83333333333));
#339 = ( GEOMETRIC_REPRESENTATION_CONTEXT(2) 
PARAMETRIC_REPRESENTATION_CONTEXT() REPRESENTATION_CONTEXT('2D SPACE',''
  ) );
#340 = PCURVE('',#341,#346);
#341 = PLANE('',#342);
#342 = AXIS2_PLACEMENT_3D('',#343,#344,#345);
#343 = CARTESIAN_POINT('',(-1.898896447262E-15,42.340000154993,26.));
#344 = DIRECTION('',(0.,0.,1.));
#345 = DIRECTION('',(1.,0.,-0.));
#346 = DEFINITIONAL_REPRESENTATION('',(#347),#350);
#347 = B_SPLINE_CURVE_WITH_KNOTS('',1,(#348,#349),.UNSPECIFIED.,.F.,.F.,
  (2,2),(-89.08333333333,88.916666666667),.PIECEWISE_BEZIER_KNOTS.);
#348 = CARTESIAN_POINT('',(89.,30.659999845007));
#349 = CARTESIAN_POINT('',(-89.,30.659999845007));
#350 = ( GEOMETRIC_REPRESENTATION_CONTEXT(2) 
PARAMETRIC_REPRESENTATION_CONTEXT() REPRESENTATION_CONTEXT('2D SPACE',''
  ) );
#351 = ORIENTED_EDGE('',*,*,#352,.T.);
#352 = EDGE_CURVE('',#327,#275,#353,.T.);
#353 = SURFACE_CURVE('',#354,(#358,#364),.PCURVE_S1.);
#354 = LINE('',#355,#356);
#355 = CARTESIAN_POINT('',(-89.,73.,13.));
#356 = VECTOR('',#357,1.);
#357 = DIRECTION('',(0.,0.,-1.));
#358 = PCURVE('',#32,#359);
#359 = DEFINITIONAL_REPRESENTATION('',(#360),#363);
#360 = B_SPLINE_CURVE_WITH_KNOTS('',1,(#361,#362),.UNSPECIFIED.,.F.,.F.,
  (2,2),(-13.,39.),.PIECEWISE_BEZIER_KNOTS.);
#361 = CARTESIAN_POINT('',(26.,-88.83333333333));
#362 = CARTESIAN_POINT('',(-26.,-88.83333333333));
#363 = ( GEOMETRIC_REPRESENTATION_CONTEXT(2) 
PARAMETRIC_REPRESENTATION_CONTEXT() REPRESENTATION_CONTEXT('2D SPACE',''
  ) );
#364 = PCURVE('',#365,#370);
#365 = PLANE('',#366);
#366 = AXIS2_PLACEMENT_3D('',#367,#368,#369);
#367 = CARTESIAN_POINT('',(-89.,73.079902649993,26.));
#368 = DIRECTION('',(-1.,-0.,-0.));
#369 = DIRECTION('',(0.,-1.,0.));
#370 = DEFINITIONAL_REPRESENTATION('',(#371),#374);
#371 = B_SPLINE_CURVE_WITH_KNOTS('',1,(#372,#373),.UNSPECIFIED.,.F.,.F.,
  (2,2),(-13.,39.),.PIECEWISE_BEZIER_KNOTS.);
#372 = CARTESIAN_POINT('',(7.990264999259E-02,0.));
#373 = CARTESIAN_POINT('',(7.990264999259E-02,-52.));
#374 = ( GEOMETRIC_REPRESENTATION_CONTEXT(2) 
PARAMETRIC_REPRESENTATION_CONTEXT() REPRESENTATION_CONTEXT('2D SPACE',''
  ) );
#375 = ADVANCED_FACE('',(#376),#44,.F.);
#376 = FACE_BOUND('',#377,.F.);
#377 = EDGE_LOOP('',(#378,#408,#429,#430));
#378 = ORIENTED_EDGE('',*,*,#379,.T.);
#379 = EDGE_CURVE('',#380,#382,#384,.T.);
#380 = VERTEX_POINT('',#381);
#381 = CARTESIAN_POINT('',(-115.1666666666,80.,-27.01031220109));
#382 = VERTEX_POINT('',#383);
#383 = CARTESIAN_POINT('',(-115.1666666666,80.,26.977894897559));
#384 = SURFACE_CURVE('',#385,(#389,#396),.PCURVE_S1.);
#385 = LINE('',#386,#387);
#386 = CARTESIAN_POINT('',(-115.1666666666,80.,-50.));
#387 = VECTOR('',#388,1.);
#388 = DIRECTION('',(0.,0.,1.));
#389 = PCURVE('',#44,#390);
#390 = DEFINITIONAL_REPRESENTATION('',(#391),#395);
#391 = LINE('',#392,#393);
#392 = CARTESIAN_POINT('',(0.,-7.));
#393 = VECTOR('',#394,1.);
#394 = DIRECTION('',(1.,0.));
#395 = ( GEOMETRIC_REPRESENTATION_CONTEXT(2) 
PARAMETRIC_REPRESENTATION_CONTEXT() REPRESENTATION_CONTEXT('2D SPACE',''
  ) );
#396 = PCURVE('',#397,#402);
#397 = PLANE('',#398);
#398 = AXIS2_PLACEMENT_3D('',#399,#400,#401);
#399 = CARTESIAN_POINT('',(-0.166666666667,80.,0.));
#400 = DIRECTION('',(0.,1.,0.));
#401 = DIRECTION('',(0.,-0.,1.));
#402 = DEFINITIONAL_REPRESENTATION('',(#403),#407);
#403 = LINE('',#404,#405);
#404 = CARTESIAN_POINT('',(-50.,-115.));
#405 = VECTOR('',#406,1.);
#406 = DIRECTION('',(1.,0.));
#407 = ( GEOMETRIC_REPRESENTATION_CONTEXT(2) 
PARAMETRIC_REPRESENTATION_CONTEXT() REPRESENTATION_CONTEXT('2D SPACE',''
  ) );
#408 = ORIENTED_EDGE('',*,*,#409,.F.);
#409 = EDGE_CURVE('',#24,#382,#410,.T.);
#410 = SURFACE_CURVE('',#411,(#415,#422),.PCURVE_S1.);
#411 = LINE('',#412,#413);
#412 = CARTESIAN_POINT('',(-115.1666666666,73.,26.977894897559));
#413 = VECTOR('',#414,1.);
#414 = DIRECTION('',(0.,1.,0.));
#415 = PCURVE('',#44,#416);
#416 = DEFINITIONAL_REPRESENTATION('',(#417),#421);
#417 = LINE('',#418,#419);
#418 = CARTESIAN_POINT('',(76.977894897559,0.));
#419 = VECTOR('',#420,1.);
#420 = DIRECTION('',(0.,-1.));
#421 = ( GEOMETRIC_REPRESENTATION_CONTEXT(2) 
PARAMETRIC_REPRESENTATION_CONTEXT() REPRESENTATION_CONTEXT('2D SPACE',''
  ) );
#422 = PCURVE('',#77,#423);
#423 = DEFINITIONAL_REPRESENTATION('',(#424),#428);
#424 = LINE('',#425,#426);
#425 = CARTESIAN_POINT('',(-1.570796326795,0.));
#426 = VECTOR('',#427,1.);
#427 = DIRECTION('',(-0.,1.));
#428 = ( GEOMETRIC_REPRESENTATION_CONTEXT(2) 
PARAMETRIC_REPRESENTATION_CONTEXT() REPRESENTATION_CONTEXT('2D SPACE',''
  ) );
#429 = ORIENTED_EDGE('',*,*,#21,.F.);
#430 = ORIENTED_EDGE('',*,*,#431,.T.);
#431 = EDGE_CURVE('',#22,#380,#432,.T.);
#432 = SURFACE_CURVE('',#433,(#437,#444),.PCURVE_S1.);
#433 = LINE('',#434,#435);
#434 = CARTESIAN_POINT('',(-115.1666666666,73.,-27.01031220109));
#435 = VECTOR('',#436,1.);
#436 = DIRECTION('',(0.,1.,0.));
#437 = PCURVE('',#44,#438);
#438 = DEFINITIONAL_REPRESENTATION('',(#439),#443);
#439 = LINE('',#440,#441);
#440 = CARTESIAN_POINT('',(22.989687798907,0.));
#441 = VECTOR('',#442,1.);
#442 = DIRECTION('',(0.,-1.));
#443 = ( GEOMETRIC_REPRESENTATION_CONTEXT(2) 
PARAMETRIC_REPRESENTATION_CONTEXT() REPRESENTATION_CONTEXT('2D SPACE',''
  ) );
#444 = PCURVE('',#258,#445);
#445 = DEFINITIONAL_REPRESENTATION('',(#446),#450);
#446 = LINE('',#447,#448);
#447 = CARTESIAN_POINT('',(-0.,0.));
#448 = VECTOR('',#449,1.);
#449 = DIRECTION('',(-0.,1.));
#450 = ( GEOMETRIC_REPRESENTATION_CONTEXT(2) 
PARAMETRIC_REPRESENTATION_CONTEXT() REPRESENTATION_CONTEXT('2D SPACE',''
  ) );
#451 = ADVANCED_FACE('',(#452),#258,.T.);
#452 = FACE_BOUND('',#453,.F.);
#453 = EDGE_LOOP('',(#454,#455,#478,#504));
#454 = ORIENTED_EDGE('',*,*,#239,.T.);
#455 = ORIENTED_EDGE('',*,*,#456,.T.);
#456 = EDGE_CURVE('',#212,#457,#459,.T.);
#457 = VERTEX_POINT('',#458);
#458 = CARTESIAN_POINT('',(-92.17697886775,80.,-50.));
#459 = SURFACE_CURVE('',#460,(#464,#471),.PCURVE_S1.);
#460 = LINE('',#461,#462);
#461 = CARTESIAN_POINT('',(-92.17697886775,73.,-50.));
#462 = VECTOR('',#463,1.);
#463 = DIRECTION('',(0.,1.,0.));
#464 = PCURVE('',#258,#465);
#465 = DEFINITIONAL_REPRESENTATION('',(#466),#470);
#466 = LINE('',#467,#468);
#467 = CARTESIAN_POINT('',(-1.570796326795,0.));
#468 = VECTOR('',#469,1.);
#469 = DIRECTION('',(-0.,1.));
#470 = ( GEOMETRIC_REPRESENTATION_CONTEXT(2) 
PARAMETRIC_REPRESENTATION_CONTEXT() REPRESENTATION_CONTEXT('2D SPACE',''
  ) );
#471 = PCURVE('',#227,#472);
#472 = DEFINITIONAL_REPRESENTATION('',(#473),#477);
#473 = LINE('',#474,#475);
#474 = CARTESIAN_POINT('',(207.01031220109,0.));
#475 = VECTOR('',#476,1.);
#476 = DIRECTION('',(0.,-1.));
#477 = ( GEOMETRIC_REPRESENTATION_CONTEXT(2) 
PARAMETRIC_REPRESENTATION_CONTEXT() REPRESENTATION_CONTEXT('2D SPACE',''
  ) );
#478 = ORIENTED_EDGE('',*,*,#479,.F.);
#479 = EDGE_CURVE('',#380,#457,#480,.T.);
#480 = SURFACE_CURVE('',#481,(#486,#493),.PCURVE_S1.);
#481 = CIRCLE('',#482,22.989687798907);
#482 = AXIS2_PLACEMENT_3D('',#483,#484,#485);
#483 = CARTESIAN_POINT('',(-92.17697886775,80.,-27.01031220109));
#484 = DIRECTION('',(-0.,-1.,0.));
#485 = DIRECTION('',(0.,-0.,1.));
#486 = PCURVE('',#258,#487);
#487 = DEFINITIONAL_REPRESENTATION('',(#488),#492);
#488 = LINE('',#489,#490);
#489 = CARTESIAN_POINT('',(1.570796326795,7.));
#490 = VECTOR('',#491,1.);
#491 = DIRECTION('',(-1.,0.));
#492 = ( GEOMETRIC_REPRESENTATION_CONTEXT(2) 
PARAMETRIC_REPRESENTATION_CONTEXT() REPRESENTATION_CONTEXT('2D SPACE',''
  ) );
#493 = PCURVE('',#397,#494);
#494 = DEFINITIONAL_REPRESENTATION('',(#495),#503);
#495 = ( BOUNDED_CURVE() B_SPLINE_CURVE(2,(#496,#497,#498,#499,#500,#501
,#502),.UNSPECIFIED.,.T.,.F.) B_SPLINE_CURVE_WITH_KNOTS((1,2,2,2,2,1),(
    -2.094395102393,0.,2.094395102393,4.188790204786,6.28318530718,
8.377580409573),.UNSPECIFIED.) CURVE() GEOMETRIC_REPRESENTATION_ITEM() 
RATIONAL_B_SPLINE_CURVE((1.,0.5,1.,0.5,1.,0.5,1.)) REPRESENTATION_ITEM(
  '') );
#496 = CARTESIAN_POINT('',(-4.020624402185,-92.01031220109));
#497 = CARTESIAN_POINT('',(-4.020624402185,-131.8296195189));
#498 = CARTESIAN_POINT('',(-38.50515610054,-111.91996586));
#499 = CARTESIAN_POINT('',(-72.9896877989,-92.01031220109));
#500 = CARTESIAN_POINT('',(-38.50515610054,-72.10065854216));
#501 = CARTESIAN_POINT('',(-4.020624402186,-52.19100488323));
#502 = CARTESIAN_POINT('',(-4.020624402185,-92.01031220109));
#503 = ( GEOMETRIC_REPRESENTATION_CONTEXT(2) 
PARAMETRIC_REPRESENTATION_CONTEXT() REPRESENTATION_CONTEXT('2D SPACE',''
  ) );
#504 = ORIENTED_EDGE('',*,*,#431,.F.);
#505 = ADVANCED_FACE('',(#506),#77,.T.);
#506 = FACE_BOUND('',#507,.F.);
#507 = EDGE_LOOP('',(#508,#509,#510,#538));
#508 = ORIENTED_EDGE('',*,*,#56,.T.);
#509 = ORIENTED_EDGE('',*,*,#409,.T.);
#510 = ORIENTED_EDGE('',*,*,#511,.F.);
#511 = EDGE_CURVE('',#512,#382,#514,.T.);
#512 = VERTEX_POINT('',#513);
#513 = CARTESIAN_POINT('',(-92.14456156422,80.,50.));
#514 = SURFACE_CURVE('',#515,(#520,#527),.PCURVE_S1.);
#515 = CIRCLE('',#516,23.022105102441);
#516 = AXIS2_PLACEMENT_3D('',#517,#518,#519);
#517 = CARTESIAN_POINT('',(-92.14456156422,80.,26.977894897559));
#518 = DIRECTION('',(-0.,-1.,0.));
#519 = DIRECTION('',(0.,-0.,1.));
#520 = PCURVE('',#77,#521);
#521 = DEFINITIONAL_REPRESENTATION('',(#522),#526);
#522 = LINE('',#523,#524);
#523 = CARTESIAN_POINT('',(-0.,7.));
#524 = VECTOR('',#525,1.);
#525 = DIRECTION('',(-1.,0.));
#526 = ( GEOMETRIC_REPRESENTATION_CONTEXT(2) 
PARAMETRIC_REPRESENTATION_CONTEXT() REPRESENTATION_CONTEXT('2D SPACE',''
  ) );
#527 = PCURVE('',#397,#528);
#528 = DEFINITIONAL_REPRESENTATION('',(#529),#537);
#529 = ( BOUNDED_CURVE() B_SPLINE_CURVE(2,(#530,#531,#532,#533,#534,#535
,#536),.UNSPECIFIED.,.T.,.F.) B_SPLINE_CURVE_WITH_KNOTS((1,2,2,2,2,1),(
    -2.094395102393,0.,2.094395102393,4.188790204786,6.28318530718,
8.377580409573),.UNSPECIFIED.) CURVE() GEOMETRIC_REPRESENTATION_ITEM() 
RATIONAL_B_SPLINE_CURVE((1.,0.5,1.,0.5,1.,0.5,1.)) REPRESENTATION_ITEM(
  '') );
#530 = CARTESIAN_POINT('',(50.,-91.97789489755));
#531 = CARTESIAN_POINT('',(50.,-131.8533506321));
#532 = CARTESIAN_POINT('',(15.466842346338,-111.9156227648));
#533 = CARTESIAN_POINT('',(-19.06631530732,-91.97789489755));
#534 = CARTESIAN_POINT('',(15.466842346338,-72.04016703024));
#535 = CARTESIAN_POINT('',(50.,-52.10243916294));
#536 = CARTESIAN_POINT('',(50.,-91.97789489755));
#537 = ( GEOMETRIC_REPRESENTATION_CONTEXT(2) 
PARAMETRIC_REPRESENTATION_CONTEXT() REPRESENTATION_CONTEXT('2D SPACE',''
  ) );
#538 = ORIENTED_EDGE('',*,*,#539,.F.);
#539 = EDGE_CURVE('',#57,#512,#540,.T.);
#540 = SURFACE_CURVE('',#541,(#545,#552),.PCURVE_S1.);
#541 = LINE('',#542,#543);
#542 = CARTESIAN_POINT('',(-92.14456156422,73.,50.));
#543 = VECTOR('',#544,1.);
#544 = DIRECTION('',(0.,1.,0.));
#545 = PCURVE('',#77,#546);
#546 = DEFINITIONAL_REPRESENTATION('',(#547),#551);
#547 = LINE('',#548,#549);
#548 = CARTESIAN_POINT('',(-0.,0.));
#549 = VECTOR('',#550,1.);
#550 = DIRECTION('',(-0.,1.));
#551 = ( GEOMETRIC_REPRESENTATION_CONTEXT(2) 
PARAMETRIC_REPRESENTATION_CONTEXT() REPRESENTATION_CONTEXT('2D SPACE',''
  ) );
#552 = PCURVE('',#105,#553);
#553 = DEFINITIONAL_REPRESENTATION('',(#554),#558);
#554 = LINE('',#555,#556);
#555 = CARTESIAN_POINT('',(23.022105102441,0.));
#556 = VECTOR('',#557,1.);
#557 = DIRECTION('',(0.,-1.));
#558 = ( GEOMETRIC_REPRESENTATION_CONTEXT(2) 
PARAMETRIC_REPRESENTATION_CONTEXT() REPRESENTATION_CONTEXT('2D SPACE',''
  ) );
#559 = ADVANCED_FACE('',(#560),#227,.F.);
#560 = FACE_BOUND('',#561,.F.);
#561 = EDGE_LOOP('',(#562,#585,#586,#587));
#562 = ORIENTED_EDGE('',*,*,#563,.T.);
#563 = EDGE_CURVE('',#564,#457,#566,.T.);
#564 = VERTEX_POINT('',#565);
#565 = CARTESIAN_POINT('',(91.832489966584,80.,-50.));
#566 = SURFACE_CURVE('',#567,(#571,#578),.PCURVE_S1.);
#567 = LINE('',#568,#569);
#568 = CARTESIAN_POINT('',(114.83333333333,80.,-50.));
#569 = VECTOR('',#570,1.);
#570 = DIRECTION('',(-1.,0.,0.));
#571 = PCURVE('',#227,#572);
#572 = DEFINITIONAL_REPRESENTATION('',(#573),#577);
#573 = LINE('',#574,#575);
#574 = CARTESIAN_POINT('',(0.,-7.));
#575 = VECTOR('',#576,1.);
#576 = DIRECTION('',(1.,0.));
#577 = ( GEOMETRIC_REPRESENTATION_CONTEXT(2) 
PARAMETRIC_REPRESENTATION_CONTEXT() REPRESENTATION_CONTEXT('2D SPACE',''
  ) );
#578 = PCURVE('',#397,#579);
#579 = DEFINITIONAL_REPRESENTATION('',(#580),#584);
#580 = LINE('',#581,#582);
#581 = CARTESIAN_POINT('',(-50.,115.));
#582 = VECTOR('',#583,1.);
#583 = DIRECTION('',(0.,-1.));
#584 = ( GEOMETRIC_REPRESENTATION_CONTEXT(2) 
PARAMETRIC_REPRESENTATION_CONTEXT() REPRESENTATION_CONTEXT('2D SPACE',''
  ) );
#585 = ORIENTED_EDGE('',*,*,#456,.F.);
#586 = ORIENTED_EDGE('',*,*,#211,.F.);
#587 = ORIENTED_EDGE('',*,*,#588,.T.);
#588 = EDGE_CURVE('',#179,#564,#589,.T.);
#589 = SURFACE_CURVE('',#590,(#594,#601),.PCURVE_S1.);
#590 = LINE('',#591,#592);
#591 = CARTESIAN_POINT('',(91.832489966584,73.,-50.));
#592 = VECTOR('',#593,1.);
#593 = DIRECTION('',(0.,1.,0.));
#594 = PCURVE('',#227,#595);
#595 = DEFINITIONAL_REPRESENTATION('',(#596),#600);
#596 = LINE('',#597,#598);
#597 = CARTESIAN_POINT('',(23.000843366749,0.));
#598 = VECTOR('',#599,1.);
#599 = DIRECTION('',(0.,-1.));
#600 = ( GEOMETRIC_REPRESENTATION_CONTEXT(2) 
PARAMETRIC_REPRESENTATION_CONTEXT() REPRESENTATION_CONTEXT('2D SPACE',''
  ) );
#601 = PCURVE('',#199,#602);
#602 = DEFINITIONAL_REPRESENTATION('',(#603),#607);
#603 = LINE('',#604,#605);
#604 = CARTESIAN_POINT('',(-0.,0.));
#605 = VECTOR('',#606,1.);
#606 = DIRECTION('',(-0.,1.));
#607 = ( GEOMETRIC_REPRESENTATION_CONTEXT(2) 
PARAMETRIC_REPRESENTATION_CONTEXT() REPRESENTATION_CONTEXT('2D SPACE',''
  ) );
#608 = ADVANCED_FACE('',(#609),#105,.F.);
#609 = FACE_BOUND('',#610,.F.);
#610 = EDGE_LOOP('',(#611,#634,#655,#656));
#611 = ORIENTED_EDGE('',*,*,#612,.T.);
#612 = EDGE_CURVE('',#512,#613,#615,.T.);
#613 = VERTEX_POINT('',#614);
#614 = CARTESIAN_POINT('',(91.819828069632,80.,50.));
#615 = SURFACE_CURVE('',#616,(#620,#627),.PCURVE_S1.);
#616 = LINE('',#617,#618);
#617 = CARTESIAN_POINT('',(-115.1666666666,80.,50.));
#618 = VECTOR('',#619,1.);
#619 = DIRECTION('',(1.,0.,0.));
#620 = PCURVE('',#105,#621);
#621 = DEFINITIONAL_REPRESENTATION('',(#622),#626);
#622 = LINE('',#623,#624);
#623 = CARTESIAN_POINT('',(0.,-7.));
#624 = VECTOR('',#625,1.);
#625 = DIRECTION('',(1.,0.));
#626 = ( GEOMETRIC_REPRESENTATION_CONTEXT(2) 
PARAMETRIC_REPRESENTATION_CONTEXT() REPRESENTATION_CONTEXT('2D SPACE',''
  ) );
#627 = PCURVE('',#397,#628);
#628 = DEFINITIONAL_REPRESENTATION('',(#629),#633);
#629 = LINE('',#630,#631);
#630 = CARTESIAN_POINT('',(50.,-115.));
#631 = VECTOR('',#632,1.);
#632 = DIRECTION('',(0.,1.));
#633 = ( GEOMETRIC_REPRESENTATION_CONTEXT(2) 
PARAMETRIC_REPRESENTATION_CONTEXT() REPRESENTATION_CONTEXT('2D SPACE',''
  ) );
#634 = ORIENTED_EDGE('',*,*,#635,.F.);
#635 = EDGE_CURVE('',#90,#613,#636,.T.);
#636 = SURFACE_CURVE('',#637,(#641,#648),.PCURVE_S1.);
#637 = LINE('',#638,#639);
#638 = CARTESIAN_POINT('',(91.819828069632,73.,50.));
#639 = VECTOR('',#640,1.);
#640 = DIRECTION('',(0.,1.,0.));
#641 = PCURVE('',#105,#642);
#642 = DEFINITIONAL_REPRESENTATION('',(#643),#647);
#643 = LINE('',#644,#645);
#644 = CARTESIAN_POINT('',(206.98649473629,0.));
#645 = VECTOR('',#646,1.);
#646 = DIRECTION('',(0.,-1.));
#647 = ( GEOMETRIC_REPRESENTATION_CONTEXT(2) 
PARAMETRIC_REPRESENTATION_CONTEXT() REPRESENTATION_CONTEXT('2D SPACE',''
  ) );
#648 = PCURVE('',#138,#649);
#649 = DEFINITIONAL_REPRESENTATION('',(#650),#654);
#650 = LINE('',#651,#652);
#651 = CARTESIAN_POINT('',(-1.570796326795,0.));
#652 = VECTOR('',#653,1.);
#653 = DIRECTION('',(-0.,1.));
#654 = ( GEOMETRIC_REPRESENTATION_CONTEXT(2) 
PARAMETRIC_REPRESENTATION_CONTEXT() REPRESENTATION_CONTEXT('2D SPACE',''
  ) );
#655 = ORIENTED_EDGE('',*,*,#89,.F.);
#656 = ORIENTED_EDGE('',*,*,#539,.T.);
#657 = ADVANCED_FACE('',(#658),#199,.T.);
#658 = FACE_BOUND('',#659,.F.);
#659 = EDGE_LOOP('',(#660,#661,#684,#710));
#660 = ORIENTED_EDGE('',*,*,#178,.T.);
#661 = ORIENTED_EDGE('',*,*,#662,.T.);
#662 = EDGE_CURVE('',#151,#663,#665,.T.);
#663 = VERTEX_POINT('',#664);
#664 = CARTESIAN_POINT('',(114.83333333333,80.,-26.99915663325));
#665 = SURFACE_CURVE('',#666,(#670,#677),.PCURVE_S1.);
#666 = LINE('',#667,#668);
#667 = CARTESIAN_POINT('',(114.83333333333,73.,-26.99915663325));
#668 = VECTOR('',#669,1.);
#669 = DIRECTION('',(0.,1.,0.));
#670 = PCURVE('',#199,#671);
#671 = DEFINITIONAL_REPRESENTATION('',(#672),#676);
#672 = LINE('',#673,#674);
#673 = CARTESIAN_POINT('',(-1.570796326795,0.));
#674 = VECTOR('',#675,1.);
#675 = DIRECTION('',(-0.,1.));
#676 = ( GEOMETRIC_REPRESENTATION_CONTEXT(2) 
PARAMETRIC_REPRESENTATION_CONTEXT() REPRESENTATION_CONTEXT('2D SPACE',''
  ) );
#677 = PCURVE('',#166,#678);
#678 = DEFINITIONAL_REPRESENTATION('',(#679),#683);
#679 = LINE('',#680,#681);
#680 = CARTESIAN_POINT('',(76.999156633251,0.));
#681 = VECTOR('',#682,1.);
#682 = DIRECTION('',(0.,-1.));
#683 = ( GEOMETRIC_REPRESENTATION_CONTEXT(2) 
PARAMETRIC_REPRESENTATION_CONTEXT() REPRESENTATION_CONTEXT('2D SPACE',''
  ) );
#684 = ORIENTED_EDGE('',*,*,#685,.F.);
#685 = EDGE_CURVE('',#564,#663,#686,.T.);
#686 = SURFACE_CURVE('',#687,(#692,#699),.PCURVE_S1.);
#687 = CIRCLE('',#688,23.000843366749);
#688 = AXIS2_PLACEMENT_3D('',#689,#690,#691);
#689 = CARTESIAN_POINT('',(91.832489966584,80.,-26.99915663325));
#690 = DIRECTION('',(-0.,-1.,0.));
#691 = DIRECTION('',(0.,-0.,1.));
#692 = PCURVE('',#199,#693);
#693 = DEFINITIONAL_REPRESENTATION('',(#694),#698);
#694 = LINE('',#695,#696);
#695 = CARTESIAN_POINT('',(3.14159265359,7.));
#696 = VECTOR('',#697,1.);
#697 = DIRECTION('',(-1.,0.));
#698 = ( GEOMETRIC_REPRESENTATION_CONTEXT(2) 
PARAMETRIC_REPRESENTATION_CONTEXT() REPRESENTATION_CONTEXT('2D SPACE',''
  ) );
#699 = PCURVE('',#397,#700);
#700 = DEFINITIONAL_REPRESENTATION('',(#701),#709);
#701 = ( BOUNDED_CURVE() B_SPLINE_CURVE(2,(#702,#703,#704,#705,#706,#707
,#708),.UNSPECIFIED.,.T.,.F.) B_SPLINE_CURVE_WITH_KNOTS((1,2,2,2,2,1),(
    -2.094395102393,0.,2.094395102393,4.188790204786,6.28318530718,
8.377580409573),.UNSPECIFIED.) CURVE() GEOMETRIC_REPRESENTATION_ITEM() 
RATIONAL_B_SPLINE_CURVE((1.,0.5,1.,0.5,1.,0.5,1.)) REPRESENTATION_ITEM(
  '') );
#702 = CARTESIAN_POINT('',(-3.998313266501,91.999156633251));
#703 = CARTESIAN_POINT('',(-3.998313266501,52.160527305107));
#704 = CARTESIAN_POINT('',(-38.49957831662,72.079841969179));
#705 = CARTESIAN_POINT('',(-73.00084336674,91.999156633251));
#706 = CARTESIAN_POINT('',(-38.49957831662,111.91847129732));
#707 = CARTESIAN_POINT('',(-3.998313266501,131.83778596139));
#708 = CARTESIAN_POINT('',(-3.998313266501,91.999156633251));
#709 = ( GEOMETRIC_REPRESENTATION_CONTEXT(2) 
PARAMETRIC_REPRESENTATION_CONTEXT() REPRESENTATION_CONTEXT('2D SPACE',''
  ) );
#710 = ORIENTED_EDGE('',*,*,#588,.F.);
#711 = ADVANCED_FACE('',(#712),#138,.T.);
#712 = FACE_BOUND('',#713,.F.);
#713 = EDGE_LOOP('',(#714,#715,#716,#744));
#714 = ORIENTED_EDGE('',*,*,#117,.T.);
#715 = ORIENTED_EDGE('',*,*,#635,.T.);
#716 = ORIENTED_EDGE('',*,*,#717,.F.);
#717 = EDGE_CURVE('',#718,#613,#720,.T.);
#718 = VERTEX_POINT('',#719);
#719 = CARTESIAN_POINT('',(114.83333333333,80.,26.986494736299));
#720 = SURFACE_CURVE('',#721,(#726,#733),.PCURVE_S1.);
#721 = CIRCLE('',#722,23.013505263701);
#722 = AXIS2_PLACEMENT_3D('',#723,#724,#725);
#723 = CARTESIAN_POINT('',(91.819828069632,80.,26.986494736299));
#724 = DIRECTION('',(-0.,-1.,0.));
#725 = DIRECTION('',(0.,-0.,1.));
#726 = PCURVE('',#138,#727);
#727 = DEFINITIONAL_REPRESENTATION('',(#728),#732);
#728 = LINE('',#729,#730);
#729 = CARTESIAN_POINT('',(4.712388980385,7.));
#730 = VECTOR('',#731,1.);
#731 = DIRECTION('',(-1.,0.));
#732 = ( GEOMETRIC_REPRESENTATION_CONTEXT(2) 
PARAMETRIC_REPRESENTATION_CONTEXT() REPRESENTATION_CONTEXT('2D SPACE',''
  ) );
#733 = PCURVE('',#397,#734);
#734 = DEFINITIONAL_REPRESENTATION('',(#735),#743);
#735 = ( BOUNDED_CURVE() B_SPLINE_CURVE(2,(#736,#737,#738,#739,#740,#741
,#742),.UNSPECIFIED.,.T.,.F.) B_SPLINE_CURVE_WITH_KNOTS((1,2,2,2,2,1),(
    -2.094395102393,0.,2.094395102393,4.188790204786,6.28318530718,
8.377580409573),.UNSPECIFIED.) CURVE() GEOMETRIC_REPRESENTATION_ITEM() 
RATIONAL_B_SPLINE_CURVE((1.,0.5,1.,0.5,1.,0.5,1.)) REPRESENTATION_ITEM(
  '') );
#736 = CARTESIAN_POINT('',(50.,91.986494736299));
#737 = CARTESIAN_POINT('',(50.,52.125934359315));
#738 = CARTESIAN_POINT('',(15.479742104449,72.056214547807));
#739 = CARTESIAN_POINT('',(-19.0405157911,91.986494736299));
#740 = CARTESIAN_POINT('',(15.479742104449,111.91677492479));
#741 = CARTESIAN_POINT('',(50.,131.84705511328));
#742 = CARTESIAN_POINT('',(50.,91.986494736299));
#743 = ( GEOMETRIC_REPRESENTATION_CONTEXT(2) 
PARAMETRIC_REPRESENTATION_CONTEXT() REPRESENTATION_CONTEXT('2D SPACE',''
  ) );
#744 = ORIENTED_EDGE('',*,*,#745,.F.);
#745 = EDGE_CURVE('',#118,#718,#746,.T.);
#746 = SURFACE_CURVE('',#747,(#751,#758),.PCURVE_S1.);
#747 = LINE('',#748,#749);
#748 = CARTESIAN_POINT('',(114.83333333333,73.,26.986494736299));
#749 = VECTOR('',#750,1.);
#750 = DIRECTION('',(0.,1.,0.));
#751 = PCURVE('',#138,#752);
#752 = DEFINITIONAL_REPRESENTATION('',(#753),#757);
#753 = LINE('',#754,#755);
#754 = CARTESIAN_POINT('',(-0.,0.));
#755 = VECTOR('',#756,1.);
#756 = DIRECTION('',(-0.,1.));
#757 = ( GEOMETRIC_REPRESENTATION_CONTEXT(2) 
PARAMETRIC_REPRESENTATION_CONTEXT() REPRESENTATION_CONTEXT('2D SPACE',''
  ) );
#758 = PCURVE('',#166,#759);
#759 = DEFINITIONAL_REPRESENTATION('',(#760),#764);
#760 = LINE('',#761,#762);
#761 = CARTESIAN_POINT('',(23.013505263701,0.));
#762 = VECTOR('',#763,1.);
#763 = DIRECTION('',(0.,-1.));
#764 = ( GEOMETRIC_REPRESENTATION_CONTEXT(2) 
PARAMETRIC_REPRESENTATION_CONTEXT() REPRESENTATION_CONTEXT('2D SPACE',''
  ) );
#765 = ADVANCED_FACE('',(#766),#166,.F.);
#766 = FACE_BOUND('',#767,.F.);
#767 = EDGE_LOOP('',(#768,#789,#790,#791));
#768 = ORIENTED_EDGE('',*,*,#769,.T.);
#769 = EDGE_CURVE('',#718,#663,#770,.T.);
#770 = SURFACE_CURVE('',#771,(#775,#782),.PCURVE_S1.);
#771 = LINE('',#772,#773);
#772 = CARTESIAN_POINT('',(114.83333333333,80.,50.));
#773 = VECTOR('',#774,1.);
#774 = DIRECTION('',(0.,0.,-1.));
#775 = PCURVE('',#166,#776);
#776 = DEFINITIONAL_REPRESENTATION('',(#777),#781);
#777 = LINE('',#778,#779);
#778 = CARTESIAN_POINT('',(0.,-7.));
#779 = VECTOR('',#780,1.);
#780 = DIRECTION('',(1.,0.));
#781 = ( GEOMETRIC_REPRESENTATION_CONTEXT(2) 
PARAMETRIC_REPRESENTATION_CONTEXT() REPRESENTATION_CONTEXT('2D SPACE',''
  ) );
#782 = PCURVE('',#397,#783);
#783 = DEFINITIONAL_REPRESENTATION('',(#784),#788);
#784 = LINE('',#785,#786);
#785 = CARTESIAN_POINT('',(50.,115.));
#786 = VECTOR('',#787,1.);
#787 = DIRECTION('',(-1.,0.));
#788 = ( GEOMETRIC_REPRESENTATION_CONTEXT(2) 
PARAMETRIC_REPRESENTATION_CONTEXT() REPRESENTATION_CONTEXT('2D SPACE',''
  ) );
#789 = ORIENTED_EDGE('',*,*,#662,.F.);
#790 = ORIENTED_EDGE('',*,*,#150,.F.);
#791 = ORIENTED_EDGE('',*,*,#745,.T.);
#792 = ADVANCED_FACE('',(#793),#289,.F.);
#793 = FACE_BOUND('',#794,.F.);
#794 = EDGE_LOOP('',(#795,#825,#846,#847));
#795 = ORIENTED_EDGE('',*,*,#796,.T.);
#796 = EDGE_CURVE('',#797,#799,#801,.T.);
#797 = VERTEX_POINT('',#798);
#798 = CARTESIAN_POINT('',(-89.,11.600097659993,-26.));
#799 = VERTEX_POINT('',#800);
#800 = CARTESIAN_POINT('',(89.,11.600097659993,-26.));
#801 = SURFACE_CURVE('',#802,(#806,#813),.PCURVE_S1.);
#802 = LINE('',#803,#804);
#803 = CARTESIAN_POINT('',(-89.,11.600097659993,-26.));
#804 = VECTOR('',#805,1.);
#805 = DIRECTION('',(1.,0.,0.));
#806 = PCURVE('',#289,#807);
#807 = DEFINITIONAL_REPRESENTATION('',(#808),#812);
#808 = LINE('',#809,#810);
#809 = CARTESIAN_POINT('',(-89.,-30.739902495));
#810 = VECTOR('',#811,1.);
#811 = DIRECTION('',(1.,0.));
#812 = ( GEOMETRIC_REPRESENTATION_CONTEXT(2) 
PARAMETRIC_REPRESENTATION_CONTEXT() REPRESENTATION_CONTEXT('2D SPACE',''
  ) );
#813 = PCURVE('',#814,#819);
#814 = PLANE('',#815);
#815 = AXIS2_PLACEMENT_3D('',#816,#817,#818);
#816 = CARTESIAN_POINT('',(-89.,11.600097659993,26.));
#817 = DIRECTION('',(0.,-1.,0.));
#818 = DIRECTION('',(1.,0.,0.));
#819 = DEFINITIONAL_REPRESENTATION('',(#820),#824);
#820 = LINE('',#821,#822);
#821 = CARTESIAN_POINT('',(0.,-52.));
#822 = VECTOR('',#823,1.);
#823 = DIRECTION('',(1.,0.));
#824 = ( GEOMETRIC_REPRESENTATION_CONTEXT(2) 
PARAMETRIC_REPRESENTATION_CONTEXT() REPRESENTATION_CONTEXT('2D SPACE',''
  ) );
#825 = ORIENTED_EDGE('',*,*,#826,.T.);
#826 = EDGE_CURVE('',#799,#273,#827,.T.);
#827 = SURFACE_CURVE('',#828,(#832,#839),.PCURVE_S1.);
#828 = LINE('',#829,#830);
#829 = CARTESIAN_POINT('',(89.,11.600097659993,-26.));
#830 = VECTOR('',#831,1.);
#831 = DIRECTION('',(0.,1.,0.));
#832 = PCURVE('',#289,#833);
#833 = DEFINITIONAL_REPRESENTATION('',(#834),#838);
#834 = LINE('',#835,#836);
#835 = CARTESIAN_POINT('',(89.,-30.739902495));
#836 = VECTOR('',#837,1.);
#837 = DIRECTION('',(0.,1.));
#838 = ( GEOMETRIC_REPRESENTATION_CONTEXT(2) 
PARAMETRIC_REPRESENTATION_CONTEXT() REPRESENTATION_CONTEXT('2D SPACE',''
  ) );
#839 = PCURVE('',#315,#840);
#840 = DEFINITIONAL_REPRESENTATION('',(#841),#845);
#841 = LINE('',#842,#843);
#842 = CARTESIAN_POINT('',(0.,-52.));
#843 = VECTOR('',#844,1.);
#844 = DIRECTION('',(1.,0.));
#845 = ( GEOMETRIC_REPRESENTATION_CONTEXT(2) 
PARAMETRIC_REPRESENTATION_CONTEXT() REPRESENTATION_CONTEXT('2D SPACE',''
  ) );
#846 = ORIENTED_EDGE('',*,*,#272,.T.);
#847 = ORIENTED_EDGE('',*,*,#848,.T.);
#848 = EDGE_CURVE('',#275,#797,#849,.T.);
#849 = SURFACE_CURVE('',#850,(#854,#861),.PCURVE_S1.);
#850 = LINE('',#851,#852);
#851 = CARTESIAN_POINT('',(-89.,73.079902649993,-26.));
#852 = VECTOR('',#853,1.);
#853 = DIRECTION('',(0.,-1.,0.));
#854 = PCURVE('',#289,#855);
#855 = DEFINITIONAL_REPRESENTATION('',(#856),#860);
#856 = LINE('',#857,#858);
#857 = CARTESIAN_POINT('',(-89.,30.739902495));
#858 = VECTOR('',#859,1.);
#859 = DIRECTION('',(0.,-1.));
#860 = ( GEOMETRIC_REPRESENTATION_CONTEXT(2) 
PARAMETRIC_REPRESENTATION_CONTEXT() REPRESENTATION_CONTEXT('2D SPACE',''
  ) );
#861 = PCURVE('',#365,#862);
#862 = DEFINITIONAL_REPRESENTATION('',(#863),#867);
#863 = LINE('',#864,#865);
#864 = CARTESIAN_POINT('',(0.,-52.));
#865 = VECTOR('',#866,1.);
#866 = DIRECTION('',(1.,0.));
#867 = ( GEOMETRIC_REPRESENTATION_CONTEXT(2) 
PARAMETRIC_REPRESENTATION_CONTEXT() REPRESENTATION_CONTEXT('2D SPACE',''
  ) );
#868 = ADVANCED_FACE('',(#869),#365,.T.);
#869 = FACE_BOUND('',#870,.T.);
#870 = EDGE_LOOP('',(#871,#894,#895,#896,#919,#945,#985,#1006,#1039,
    #1067));
#871 = ORIENTED_EDGE('',*,*,#872,.F.);
#872 = EDGE_CURVE('',#327,#873,#875,.T.);
#873 = VERTEX_POINT('',#874);
#874 = CARTESIAN_POINT('',(-89.,11.600097659993,26.));
#875 = SURFACE_CURVE('',#876,(#880,#887),.PCURVE_S1.);
#876 = LINE('',#877,#878);
#877 = CARTESIAN_POINT('',(-89.,73.079902649993,26.));
#878 = VECTOR('',#879,1.);
#879 = DIRECTION('',(0.,-1.,0.));
#880 = PCURVE('',#365,#881);
#881 = DEFINITIONAL_REPRESENTATION('',(#882),#886);
#882 = LINE('',#883,#884);
#883 = CARTESIAN_POINT('',(0.,0.));
#884 = VECTOR('',#885,1.);
#885 = DIRECTION('',(1.,0.));
#886 = ( GEOMETRIC_REPRESENTATION_CONTEXT(2) 
PARAMETRIC_REPRESENTATION_CONTEXT() REPRESENTATION_CONTEXT('2D SPACE',''
  ) );
#887 = PCURVE('',#341,#888);
#888 = DEFINITIONAL_REPRESENTATION('',(#889),#893);
#889 = LINE('',#890,#891);
#890 = CARTESIAN_POINT('',(-89.,30.739902495));
#891 = VECTOR('',#892,1.);
#892 = DIRECTION('',(0.,-1.));
#893 = ( GEOMETRIC_REPRESENTATION_CONTEXT(2) 
PARAMETRIC_REPRESENTATION_CONTEXT() REPRESENTATION_CONTEXT('2D SPACE',''
  ) );
#894 = ORIENTED_EDGE('',*,*,#352,.T.);
#895 = ORIENTED_EDGE('',*,*,#848,.T.);
#896 = ORIENTED_EDGE('',*,*,#897,.F.);
#897 = EDGE_CURVE('',#898,#797,#900,.T.);
#898 = VERTEX_POINT('',#899);
#899 = CARTESIAN_POINT('',(-89.05572133671,11.475359886664,
    -3.890272433238));
#900 = SURFACE_CURVE('',#901,(#905,#912),.PCURVE_S1.);
#901 = LINE('',#902,#903);
#902 = CARTESIAN_POINT('',(-89.,11.600097659993,26.));
#903 = VECTOR('',#904,1.);
#904 = DIRECTION('',(0.,0.,-1.));
#905 = PCURVE('',#365,#906);
#906 = DEFINITIONAL_REPRESENTATION('',(#907),#911);
#907 = LINE('',#908,#909);
#908 = CARTESIAN_POINT('',(61.47980499,0.));
#909 = VECTOR('',#910,1.);
#910 = DIRECTION('',(0.,-1.));
#911 = ( GEOMETRIC_REPRESENTATION_CONTEXT(2) 
PARAMETRIC_REPRESENTATION_CONTEXT() REPRESENTATION_CONTEXT('2D SPACE',''
  ) );
#912 = PCURVE('',#814,#913);
#913 = DEFINITIONAL_REPRESENTATION('',(#914),#918);
#914 = LINE('',#915,#916);
#915 = CARTESIAN_POINT('',(0.,0.));
#916 = VECTOR('',#917,1.);
#917 = DIRECTION('',(0.,-1.));
#918 = ( GEOMETRIC_REPRESENTATION_CONTEXT(2) 
PARAMETRIC_REPRESENTATION_CONTEXT() REPRESENTATION_CONTEXT('2D SPACE',''
  ) );
#919 = ORIENTED_EDGE('',*,*,#920,.F.);
#920 = EDGE_CURVE('',#921,#898,#923,.T.);
#921 = VERTEX_POINT('',#922);
#922 = CARTESIAN_POINT('',(-89.,21.815992026277,-3.516388275545));
#923 = SURFACE_CURVE('',#924,(#928,#934),.PCURVE_S1.);
#924 = LINE('',#925,#926);
#925 = CARTESIAN_POINT('',(-89.,50.480098005483,-3.516388278241));
#926 = VECTOR('',#927,1.);
#927 = DIRECTION('',(0.,-1.,0.));
#928 = PCURVE('',#365,#929);
#929 = DEFINITIONAL_REPRESENTATION('',(#930),#933);
#930 = B_SPLINE_CURVE_WITH_KNOTS('',1,(#931,#932),.UNSPECIFIED.,.F.,.F.,
  (2,2),(5.599793286516,38.880000345491),.PIECEWISE_BEZIER_KNOTS.);
#931 = CARTESIAN_POINT('',(28.199597931026,-29.51638827824));
#932 = CARTESIAN_POINT('',(61.47980499,-29.51638827824));
#933 = ( GEOMETRIC_REPRESENTATION_CONTEXT(2) 
PARAMETRIC_REPRESENTATION_CONTEXT() REPRESENTATION_CONTEXT('2D SPACE',''
  ) );
#934 = PCURVE('',#935,#940);
#935 = PLANE('',#936);
#936 = AXIS2_PLACEMENT_3D('',#937,#938,#939);
#937 = CARTESIAN_POINT('',(-88.99675342537,27.880293360974,
    0.145071952422));
#938 = DIRECTION('',(0.999999606892,0.,-8.866881368923E-04));
#939 = DIRECTION('',(8.866881368923E-04,0.,0.999999606892));
#940 = DEFINITIONAL_REPRESENTATION('',(#941),#944);
#941 = B_SPLINE_CURVE_WITH_KNOTS('',1,(#942,#943),.UNSPECIFIED.,.F.,.F.,
  (2,2),(5.599793286516,38.880000345491),.PIECEWISE_BEZIER_KNOTS.);
#942 = CARTESIAN_POINT('',(-3.661461670013,-17.00001135799));
#943 = CARTESIAN_POINT('',(-3.661461670013,16.280195700981));
#944 = ( GEOMETRIC_REPRESENTATION_CONTEXT(2) 
PARAMETRIC_REPRESENTATION_CONTEXT() REPRESENTATION_CONTEXT('2D SPACE',''
  ) );
#945 = ORIENTED_EDGE('',*,*,#946,.F.);
#946 = EDGE_CURVE('',#947,#921,#949,.T.);
#947 = VERTEX_POINT('',#948);
#948 = CARTESIAN_POINT('',(-89.,33.944559529843,-3.516388275545));
#949 = SURFACE_CURVE('',#950,(#955,#962),.PCURVE_S1.);
#950 = ELLIPSE('',#951,7.08391688384,7.083914099096);
#951 = AXIS2_PLACEMENT_3D('',#952,#953,#954);
#952 = CARTESIAN_POINT('',(-89.,27.88027577806,0.145074831123));
#953 = DIRECTION('',(-1.,-0.,-0.));
#954 = DIRECTION('',(0.,0.,-1.));
#955 = PCURVE('',#365,#956);
#956 = DEFINITIONAL_REPRESENTATION('',(#957),#961);
#957 = ELLIPSE('',#958,7.08391688384,7.083914099096);
#958 = AXIS2_PLACEMENT_2D('',#959,#960);
#959 = CARTESIAN_POINT('',(45.199626871932,-25.85492516887));
#960 = DIRECTION('',(0.,-1.));
#961 = ( GEOMETRIC_REPRESENTATION_CONTEXT(2) 
PARAMETRIC_REPRESENTATION_CONTEXT() REPRESENTATION_CONTEXT('2D SPACE',''
  ) );
#962 = PCURVE('',#963,#968);
#963 = CYLINDRICAL_SURFACE('',#964,7.083914099096);
#964 = AXIS2_PLACEMENT_3D('',#965,#966,#967);
#965 = CARTESIAN_POINT('',(-92.01772534272,27.88027577806,0.147750613436
    ));
#966 = DIRECTION('',(0.999999606892,0.,-8.866881368923E-04));
#967 = DIRECTION('',(8.866881368923E-04,0.,0.999999606892));
#968 = DEFINITIONAL_REPRESENTATION('',(#969),#984);
#969 = B_SPLINE_CURVE_WITH_KNOTS('',7,(#970,#971,#972,#973,#974,#975,
    #976,#977,#978,#979,#980,#981,#982,#983),.UNSPECIFIED.,.F.,.F.,(8,6,
    8),(3.14159265359,6.28318530718,9.424777960769),.UNSPECIFIED.);
#970 = CARTESIAN_POINT('',(6.28318530718,3.011445303949));
#971 = CARTESIAN_POINT('',(5.834386356667,3.011445303949));
#972 = CARTESIAN_POINT('',(5.385587406154,3.01292158104));
#973 = CARTESIAN_POINT('',(4.936788455641,3.015871428509));
#974 = CARTESIAN_POINT('',(4.487989505128,3.019581629516));
#975 = CARTESIAN_POINT('',(4.039190554616,3.022531476986));
#976 = CARTESIAN_POINT('',(3.590391604103,3.024007754076));
#977 = CARTESIAN_POINT('',(2.692793703077,3.024007754076));
#978 = CARTESIAN_POINT('',(2.243994752564,3.022531476986));
#979 = CARTESIAN_POINT('',(1.795195802052,3.019581629517));
#980 = CARTESIAN_POINT('',(1.346396851539,3.015871428508));
#981 = CARTESIAN_POINT('',(0.897597901026,3.012921581039));
#982 = CARTESIAN_POINT('',(0.448798950513,3.011445303949));
#983 = CARTESIAN_POINT('',(8.881784197001E-16,3.011445303949));
#984 = ( GEOMETRIC_REPRESENTATION_CONTEXT(2) 
PARAMETRIC_REPRESENTATION_CONTEXT() REPRESENTATION_CONTEXT('2D SPACE',''
  ) );
#985 = ORIENTED_EDGE('',*,*,#986,.F.);
#986 = EDGE_CURVE('',#987,#947,#989,.T.);
#987 = VERTEX_POINT('',#988);
#988 = CARTESIAN_POINT('',(-89.,44.481319974136,-3.516388278241));
#989 = SURFACE_CURVE('',#990,(#994,#1000),.PCURVE_S1.);
#990 = LINE('',#991,#992);
#991 = CARTESIAN_POINT('',(-89.,50.480098005483,-3.516388278241));
#992 = VECTOR('',#993,1.);
#993 = DIRECTION('',(0.,-1.,0.));
#994 = PCURVE('',#365,#995);
#995 = DEFINITIONAL_REPRESENTATION('',(#996),#999);
#996 = B_SPLINE_CURVE_WITH_KNOTS('',1,(#997,#998),.UNSPECIFIED.,.F.,.F.,
  (2,2),(5.599793286516,38.880000345491),.PIECEWISE_BEZIER_KNOTS.);
#997 = CARTESIAN_POINT('',(28.199597931026,-29.51638827824));
#998 = CARTESIAN_POINT('',(61.47980499,-29.51638827824));
#999 = ( GEOMETRIC_REPRESENTATION_CONTEXT(2) 
PARAMETRIC_REPRESENTATION_CONTEXT() REPRESENTATION_CONTEXT('2D SPACE',''
  ) );
#1000 = PCURVE('',#935,#1001);
#1001 = DEFINITIONAL_REPRESENTATION('',(#1002),#1005);
#1002 = B_SPLINE_CURVE_WITH_KNOTS('',1,(#1003,#1004),.UNSPECIFIED.,.F.,
  .F.,(2,2),(5.599793286516,38.880000345491),.PIECEWISE_BEZIER_KNOTS.);
#1003 = CARTESIAN_POINT('',(-3.661461670013,-17.00001135799));
#1004 = CARTESIAN_POINT('',(-3.661461670013,16.280195700981));
#1005 = ( GEOMETRIC_REPRESENTATION_CONTEXT(2) 
PARAMETRIC_REPRESENTATION_CONTEXT() REPRESENTATION_CONTEXT('2D SPACE',''
  ) );
#1006 = ORIENTED_EDGE('',*,*,#1007,.F.);
#1007 = EDGE_CURVE('',#1008,#987,#1010,.T.);
#1008 = VERTEX_POINT('',#1009);
#1009 = CARTESIAN_POINT('',(-89.,27.880293360974,17.145092871959));
#1010 = SURFACE_CURVE('',#1011,(#1016,#1023),.PCURVE_S1.);
#1011 = ELLIPSE('',#1012,17.000018040836,17.000011357993);
#1012 = AXIS2_PLACEMENT_3D('',#1013,#1014,#1015);
#1013 = CARTESIAN_POINT('',(-89.,27.880293360974,0.145074831123));
#1014 = DIRECTION('',(-1.,-0.,-0.));
#1015 = DIRECTION('',(0.,0.,-1.));
#1016 = PCURVE('',#365,#1017);
#1017 = DEFINITIONAL_REPRESENTATION('',(#1018),#1022);
#1018 = ELLIPSE('',#1019,17.000018040836,17.000011357993);
#1019 = AXIS2_PLACEMENT_2D('',#1020,#1021);
#1020 = CARTESIAN_POINT('',(45.199609289019,-25.85492516887));
#1021 = DIRECTION('',(0.,-1.));
#1022 = ( GEOMETRIC_REPRESENTATION_CONTEXT(2) 
PARAMETRIC_REPRESENTATION_CONTEXT() REPRESENTATION_CONTEXT('2D SPACE',''
  ) );
#1023 = PCURVE('',#1024,#1029);
#1024 = CYLINDRICAL_SURFACE('',#1025,17.000011357993);
#1025 = AXIS2_PLACEMENT_3D('',#1026,#1027,#1028);
#1026 = CARTESIAN_POINT('',(-90.9997527475,27.880293360974,
    0.146847988857));
#1027 = DIRECTION('',(0.999999606892,0.,-8.866881368923E-04));
#1028 = DIRECTION('',(8.866881368923E-04,0.,0.999999606892));
#1029 = DEFINITIONAL_REPRESENTATION('',(#1030),#1038);
#1030 = B_SPLINE_CURVE_WITH_KNOTS('',6,(#1031,#1032,#1033,#1034,#1035,
    #1036,#1037),.UNSPECIFIED.,.F.,.F.,(7,7),(3.14159265359,
    5.067919535895),.PIECEWISE_BEZIER_KNOTS.);
#1031 = CARTESIAN_POINT('',(6.28318530718,1.984679819304));
#1032 = CARTESIAN_POINT('',(5.962130826795,1.984679819304));
#1033 = CARTESIAN_POINT('',(5.641076346411,1.986543043925));
#1034 = CARTESIAN_POINT('',(5.320021866027,1.990278417349));
#1035 = CARTESIAN_POINT('',(4.998967385643,1.99527926713));
#1036 = CARTESIAN_POINT('',(4.677912905259,2.000463677917));
#1037 = CARTESIAN_POINT('',(4.356858424875,2.00500050953));
#1038 = ( GEOMETRIC_REPRESENTATION_CONTEXT(2) 
PARAMETRIC_REPRESENTATION_CONTEXT() REPRESENTATION_CONTEXT('2D SPACE',''
  ) );
#1039 = ORIENTED_EDGE('',*,*,#1040,.F.);
#1040 = EDGE_CURVE('',#1041,#1008,#1043,.T.);
#1041 = VERTEX_POINT('',#1042);
#1042 = CARTESIAN_POINT('',(-89.,11.600097659993,5.03952402832));
#1043 = SURFACE_CURVE('',#1044,(#1049,#1056),.PCURVE_S1.);
#1044 = ELLIPSE('',#1045,17.000018040836,17.000011357993);
#1045 = AXIS2_PLACEMENT_3D('',#1046,#1047,#1048);
#1046 = CARTESIAN_POINT('',(-89.,27.880293360974,0.145074831123));
#1047 = DIRECTION('',(-1.,-0.,-0.));
#1048 = DIRECTION('',(0.,0.,-1.));
#1049 = PCURVE('',#365,#1050);
#1050 = DEFINITIONAL_REPRESENTATION('',(#1051),#1055);
#1051 = ELLIPSE('',#1052,17.000018040836,17.000011357993);
#1052 = AXIS2_PLACEMENT_2D('',#1053,#1054);
#1053 = CARTESIAN_POINT('',(45.199609289019,-25.85492516887));
#1054 = DIRECTION('',(0.,-1.));
#1055 = ( GEOMETRIC_REPRESENTATION_CONTEXT(2) 
PARAMETRIC_REPRESENTATION_CONTEXT() REPRESENTATION_CONTEXT('2D SPACE',''
  ) );
#1056 = PCURVE('',#1024,#1057);
#1057 = DEFINITIONAL_REPRESENTATION('',(#1058),#1066);
#1058 = B_SPLINE_CURVE_WITH_KNOTS('',6,(#1059,#1060,#1061,#1062,#1063,
    #1064,#1065),.UNSPECIFIED.,.F.,.F.,(7,7),(1.215265771285,
    3.14159265359),.PIECEWISE_BEZIER_KNOTS.);
#1059 = CARTESIAN_POINT('',(1.926326882305,2.00500050953));
#1060 = CARTESIAN_POINT('',(1.605272401921,2.000463677917));
#1061 = CARTESIAN_POINT('',(1.284217921537,1.99527926713));
#1062 = CARTESIAN_POINT('',(0.963163441152,1.990278417349));
#1063 = CARTESIAN_POINT('',(0.642108960768,1.986543043925));
#1064 = CARTESIAN_POINT('',(0.321054480384,1.984679819304));
#1065 = CARTESIAN_POINT('',(2.089830179513E-16,1.984679819304));
#1066 = ( GEOMETRIC_REPRESENTATION_CONTEXT(2) 
PARAMETRIC_REPRESENTATION_CONTEXT() REPRESENTATION_CONTEXT('2D SPACE',''
  ) );
#1067 = ORIENTED_EDGE('',*,*,#1068,.F.);
#1068 = EDGE_CURVE('',#873,#1041,#1069,.T.);
#1069 = SURFACE_CURVE('',#1070,(#1074,#1081),.PCURVE_S1.);
#1070 = LINE('',#1071,#1072);
#1071 = CARTESIAN_POINT('',(-89.,11.600097659993,26.));
#1072 = VECTOR('',#1073,1.);
#1073 = DIRECTION('',(0.,0.,-1.));
#1074 = PCURVE('',#365,#1075);
#1075 = DEFINITIONAL_REPRESENTATION('',(#1076),#1080);
#1076 = LINE('',#1077,#1078);
#1077 = CARTESIAN_POINT('',(61.47980499,0.));
#1078 = VECTOR('',#1079,1.);
#1079 = DIRECTION('',(0.,-1.));
#1080 = ( GEOMETRIC_REPRESENTATION_CONTEXT(2) 
PARAMETRIC_REPRESENTATION_CONTEXT() REPRESENTATION_CONTEXT('2D SPACE',''
  ) );
#1081 = PCURVE('',#814,#1082);
#1082 = DEFINITIONAL_REPRESENTATION('',(#1083),#1087);
#1083 = LINE('',#1084,#1085);
#1084 = CARTESIAN_POINT('',(0.,0.));
#1085 = VECTOR('',#1086,1.);
#1086 = DIRECTION('',(0.,-1.));
#1087 = ( GEOMETRIC_REPRESENTATION_CONTEXT(2) 
PARAMETRIC_REPRESENTATION_CONTEXT() REPRESENTATION_CONTEXT('2D SPACE',''
  ) );
#1088 = ADVANCED_FACE('',(#1089),#341,.T.);
#1089 = FACE_BOUND('',#1090,.T.);
#1090 = EDGE_LOOP('',(#1091,#1114,#1135,#1136));
#1091 = ORIENTED_EDGE('',*,*,#1092,.T.);
#1092 = EDGE_CURVE('',#873,#1093,#1095,.T.);
#1093 = VERTEX_POINT('',#1094);
#1094 = CARTESIAN_POINT('',(89.,11.600097659993,26.));
#1095 = SURFACE_CURVE('',#1096,(#1100,#1107),.PCURVE_S1.);
#1096 = LINE('',#1097,#1098);
#1097 = CARTESIAN_POINT('',(-89.,11.600097659993,26.));
#1098 = VECTOR('',#1099,1.);
#1099 = DIRECTION('',(1.,0.,0.));
#1100 = PCURVE('',#341,#1101);
#1101 = DEFINITIONAL_REPRESENTATION('',(#1102),#1106);
#1102 = LINE('',#1103,#1104);
#1103 = CARTESIAN_POINT('',(-89.,-30.739902495));
#1104 = VECTOR('',#1105,1.);
#1105 = DIRECTION('',(1.,0.));
#1106 = ( GEOMETRIC_REPRESENTATION_CONTEXT(2) 
PARAMETRIC_REPRESENTATION_CONTEXT() REPRESENTATION_CONTEXT('2D SPACE',''
  ) );
#1107 = PCURVE('',#814,#1108);
#1108 = DEFINITIONAL_REPRESENTATION('',(#1109),#1113);
#1109 = LINE('',#1110,#1111);
#1110 = CARTESIAN_POINT('',(0.,0.));
#1111 = VECTOR('',#1112,1.);
#1112 = DIRECTION('',(1.,0.));
#1113 = ( GEOMETRIC_REPRESENTATION_CONTEXT(2) 
PARAMETRIC_REPRESENTATION_CONTEXT() REPRESENTATION_CONTEXT('2D SPACE',''
  ) );
#1114 = ORIENTED_EDGE('',*,*,#1115,.T.);
#1115 = EDGE_CURVE('',#1093,#301,#1116,.T.);
#1116 = SURFACE_CURVE('',#1117,(#1121,#1128),.PCURVE_S1.);
#1117 = LINE('',#1118,#1119);
#1118 = CARTESIAN_POINT('',(89.,11.600097659993,26.));
#1119 = VECTOR('',#1120,1.);
#1120 = DIRECTION('',(0.,1.,0.));
#1121 = PCURVE('',#341,#1122);
#1122 = DEFINITIONAL_REPRESENTATION('',(#1123),#1127);
#1123 = LINE('',#1124,#1125);
#1124 = CARTESIAN_POINT('',(89.,-30.739902495));
#1125 = VECTOR('',#1126,1.);
#1126 = DIRECTION('',(0.,1.));
#1127 = ( GEOMETRIC_REPRESENTATION_CONTEXT(2) 
PARAMETRIC_REPRESENTATION_CONTEXT() REPRESENTATION_CONTEXT('2D SPACE',''
  ) );
#1128 = PCURVE('',#315,#1129);
#1129 = DEFINITIONAL_REPRESENTATION('',(#1130),#1134);
#1130 = LINE('',#1131,#1132);
#1131 = CARTESIAN_POINT('',(0.,0.));
#1132 = VECTOR('',#1133,1.);
#1133 = DIRECTION('',(1.,0.));
#1134 = ( GEOMETRIC_REPRESENTATION_CONTEXT(2) 
PARAMETRIC_REPRESENTATION_CONTEXT() REPRESENTATION_CONTEXT('2D SPACE',''
  ) );
#1135 = ORIENTED_EDGE('',*,*,#326,.T.);
#1136 = ORIENTED_EDGE('',*,*,#872,.T.);
#1137 = ADVANCED_FACE('',(#1138),#315,.T.);
#1138 = FACE_BOUND('',#1139,.T.);
#1139 = EDGE_LOOP('',(#1140,#1141,#1164,#1196,#1226,#1261,#1296,#1326,
    #1347,#1348));
#1140 = ORIENTED_EDGE('',*,*,#1115,.F.);
#1141 = ORIENTED_EDGE('',*,*,#1142,.T.);
#1142 = EDGE_CURVE('',#1093,#1143,#1145,.T.);
#1143 = VERTEX_POINT('',#1144);
#1144 = CARTESIAN_POINT('',(89.,11.600097659993,9.000144660199));
#1145 = SURFACE_CURVE('',#1146,(#1150,#1157),.PCURVE_S1.);
#1146 = LINE('',#1147,#1148);
#1147 = CARTESIAN_POINT('',(89.,11.600097659993,26.));
#1148 = VECTOR('',#1149,1.);
#1149 = DIRECTION('',(0.,0.,-1.));
#1150 = PCURVE('',#315,#1151);
#1151 = DEFINITIONAL_REPRESENTATION('',(#1152),#1156);
#1152 = LINE('',#1153,#1154);
#1153 = CARTESIAN_POINT('',(0.,0.));
#1154 = VECTOR('',#1155,1.);
#1155 = DIRECTION('',(0.,-1.));
#1156 = ( GEOMETRIC_REPRESENTATION_CONTEXT(2) 
PARAMETRIC_REPRESENTATION_CONTEXT() REPRESENTATION_CONTEXT('2D SPACE',''
  ) );
#1157 = PCURVE('',#814,#1158);
#1158 = DEFINITIONAL_REPRESENTATION('',(#1159),#1163);
#1159 = LINE('',#1160,#1161);
#1160 = CARTESIAN_POINT('',(178.,0.));
#1161 = VECTOR('',#1162,1.);
#1162 = DIRECTION('',(0.,-1.));
#1163 = ( GEOMETRIC_REPRESENTATION_CONTEXT(2) 
PARAMETRIC_REPRESENTATION_CONTEXT() REPRESENTATION_CONTEXT('2D SPACE',''
  ) );
#1164 = ORIENTED_EDGE('',*,*,#1165,.F.);
#1165 = EDGE_CURVE('',#1166,#1143,#1168,.T.);
#1166 = VERTEX_POINT('',#1167);
#1167 = CARTESIAN_POINT('',(89.,11.989129550839,9.008556621346));
#1168 = SURFACE_CURVE('',#1169,(#1174,#1181),.PCURVE_S1.);
#1169 = ELLIPSE('',#1170,9.000078904209,9.000077270905);
#1170 = AXIS2_PLACEMENT_3D('',#1171,#1172,#1173);
#1171 = CARTESIAN_POINT('',(89.,11.989129550839,8.47771713729E-03));
#1172 = DIRECTION('',(1.,-0.,0.));
#1173 = DIRECTION('',(0.,0.,1.));
#1174 = PCURVE('',#315,#1175);
#1175 = DEFINITIONAL_REPRESENTATION('',(#1176),#1180);
#1176 = ELLIPSE('',#1177,9.000078904209,9.000077270905);
#1177 = AXIS2_PLACEMENT_2D('',#1178,#1179);
#1178 = CARTESIAN_POINT('',(0.389031890846,-25.99152228286));
#1179 = DIRECTION('',(0.,1.));
#1180 = ( GEOMETRIC_REPRESENTATION_CONTEXT(2) 
PARAMETRIC_REPRESENTATION_CONTEXT() REPRESENTATION_CONTEXT('2D SPACE',''
  ) );
#1181 = PCURVE('',#1182,#1187);
#1182 = CYLINDRICAL_SURFACE('',#1183,9.000077270905);
#1183 = AXIS2_PLACEMENT_3D('',#1184,#1185,#1186);
#1184 = CARTESIAN_POINT('',(88.990250111152,11.989129550839,
    8.471843258008E-03));
#1185 = DIRECTION('',(0.999999818523,0.,6.024559158358E-04));
#1186 = DIRECTION('',(-6.024559158358E-04,0.,0.999999818523));
#1187 = DEFINITIONAL_REPRESENTATION('',(#1188),#1195);
#1188 = B_SPLINE_CURVE_WITH_KNOTS('',5,(#1189,#1190,#1191,#1192,#1193,
    #1194),.UNSPECIFIED.,.F.,.F.,(6,6),(0.,0.811674428594),
  .PIECEWISE_BEZIER_KNOTS.);
#1189 = CARTESIAN_POINT('',(0.,1.517204139648E-02));
#1190 = CARTESIAN_POINT('',(0.162334885719,1.517204139648E-02));
#1191 = CARTESIAN_POINT('',(0.324669771438,1.499347534188E-02));
#1192 = CARTESIAN_POINT('',(0.487004657156,1.463605360672E-02));
#1193 = CARTESIAN_POINT('',(0.649339542875,1.412040998671E-02));
#1194 = CARTESIAN_POINT('',(0.811674428594,1.348187403866E-02));
#1195 = ( GEOMETRIC_REPRESENTATION_CONTEXT(2) 
PARAMETRIC_REPRESENTATION_CONTEXT() REPRESENTATION_CONTEXT('2D SPACE',''
  ) );
#1196 = ORIENTED_EDGE('',*,*,#1197,.F.);
#1197 = EDGE_CURVE('',#1198,#1166,#1200,.T.);
#1198 = VERTEX_POINT('',#1199);
#1199 = CARTESIAN_POINT('',(89.,20.906056015893,1.229057022143));
#1200 = SURFACE_CURVE('',#1201,(#1206,#1213),.PCURVE_S1.);
#1201 = ELLIPSE('',#1202,9.000078904209,9.000077270905);
#1202 = AXIS2_PLACEMENT_3D('',#1203,#1204,#1205);
#1203 = CARTESIAN_POINT('',(89.,11.989129550839,8.47771713729E-03));
#1204 = DIRECTION('',(1.,-0.,0.));
#1205 = DIRECTION('',(0.,0.,1.));
#1206 = PCURVE('',#315,#1207);
#1207 = DEFINITIONAL_REPRESENTATION('',(#1208),#1212);
#1208 = ELLIPSE('',#1209,9.000078904209,9.000077270905);
#1209 = AXIS2_PLACEMENT_2D('',#1210,#1211);
#1210 = CARTESIAN_POINT('',(0.389031890846,-25.99152228286));
#1211 = DIRECTION('',(0.,1.));
#1212 = ( GEOMETRIC_REPRESENTATION_CONTEXT(2) 
PARAMETRIC_REPRESENTATION_CONTEXT() REPRESENTATION_CONTEXT('2D SPACE',''
  ) );
#1213 = PCURVE('',#1182,#1214);
#1214 = DEFINITIONAL_REPRESENTATION('',(#1215),#1225);
#1215 = B_SPLINE_CURVE_WITH_KNOTS('',8,(#1216,#1217,#1218,#1219,#1220,
    #1221,#1222,#1223,#1224),.UNSPECIFIED.,.F.,.F.,(9,9),(2.329918224996
    ,6.28318530718),.PIECEWISE_BEZIER_KNOTS.);
#1216 = CARTESIAN_POINT('',(2.329918224996,6.01790719665E-03));
#1217 = CARTESIAN_POINT('',(2.824076610269,4.074160529824E-03));
#1218 = CARTESIAN_POINT('',(3.318234995538,3.172994856424E-03));
#1219 = CARTESIAN_POINT('',(3.812393380813,4.028257878836E-03));
#1220 = CARTESIAN_POINT('',(4.306551766065,6.859309405144E-03));
#1221 = CARTESIAN_POINT('',(4.800710151356,1.063977590768E-02));
#1222 = CARTESIAN_POINT('',(5.294868536632,1.365764541305E-02));
#1223 = CARTESIAN_POINT('',(5.789026921907,1.517204139648E-02));
#1224 = CARTESIAN_POINT('',(6.28318530718,1.517204139648E-02));
#1225 = ( GEOMETRIC_REPRESENTATION_CONTEXT(2) 
PARAMETRIC_REPRESENTATION_CONTEXT() REPRESENTATION_CONTEXT('2D SPACE',''
  ) );
#1226 = ORIENTED_EDGE('',*,*,#1227,.F.);
#1227 = EDGE_CURVE('',#1228,#1198,#1230,.T.);
#1228 = VERTEX_POINT('',#1229);
#1229 = CARTESIAN_POINT('',(89.,27.88027577806,7.071161164551));
#1230 = SURFACE_CURVE('',#1231,(#1236,#1243),.PCURVE_S1.);
#1231 = ELLIPSE('',#1232,7.08391688384,7.083914099096);
#1232 = AXIS2_PLACEMENT_3D('',#1233,#1234,#1235);
#1233 = CARTESIAN_POINT('',(89.,27.88027577806,-1.275571928876E-02));
#1234 = DIRECTION('',(1.,-0.,0.));
#1235 = DIRECTION('',(0.,0.,-1.));
#1236 = PCURVE('',#315,#1237);
#1237 = DEFINITIONAL_REPRESENTATION('',(#1238),#1242);
#1238 = ELLIPSE('',#1239,7.08391688384,7.083914099096);
#1239 = AXIS2_PLACEMENT_2D('',#1240,#1241);
#1240 = CARTESIAN_POINT('',(16.280178118068,-26.01275571928));
#1241 = DIRECTION('',(0.,-1.));
#1242 = ( GEOMETRIC_REPRESENTATION_CONTEXT(2) 
PARAMETRIC_REPRESENTATION_CONTEXT() REPRESENTATION_CONTEXT('2D SPACE',''
  ) );
#1243 = PCURVE('',#963,#1244);
#1244 = DEFINITIONAL_REPRESENTATION('',(#1245),#1260);
#1245 = B_SPLINE_CURVE_WITH_KNOTS('',7,(#1246,#1247,#1248,#1249,#1250,
    #1251,#1252,#1253,#1254,#1255,#1256,#1257,#1258,#1259),
  .UNSPECIFIED.,.F.,.F.,(8,6,8),(3.14159265359,6.28318530718,
    9.424777960769),.UNSPECIFIED.);
#1246 = CARTESIAN_POINT('',(0.,181.0115152772));
#1247 = CARTESIAN_POINT('',(0.448798950513,181.0115152772));
#1248 = CARTESIAN_POINT('',(0.897597901026,181.0129915543));
#1249 = CARTESIAN_POINT('',(1.346396851538,181.01594140176));
#1250 = CARTESIAN_POINT('',(1.795195802052,181.01965160277));
#1251 = CARTESIAN_POINT('',(2.243994752564,181.02260145021));
#1252 = CARTESIAN_POINT('',(2.692793703077,181.02407772732));
#1253 = CARTESIAN_POINT('',(3.590391604103,181.02407772732));
#1254 = CARTESIAN_POINT('',(4.039190554615,181.02260145024));
#1255 = CARTESIAN_POINT('',(4.487989505129,181.01965160273));
#1256 = CARTESIAN_POINT('',(4.93678845564,181.01594140179));
#1257 = CARTESIAN_POINT('',(5.385587406154,181.0129915543));
#1258 = CARTESIAN_POINT('',(5.834386356667,181.0115152772));
#1259 = CARTESIAN_POINT('',(6.28318530718,181.0115152772));
#1260 = ( GEOMETRIC_REPRESENTATION_CONTEXT(2) 
PARAMETRIC_REPRESENTATION_CONTEXT() REPRESENTATION_CONTEXT('2D SPACE',''
  ) );
#1261 = ORIENTED_EDGE('',*,*,#1262,.F.);
#1262 = EDGE_CURVE('',#1263,#1228,#1265,.T.);
#1263 = VERTEX_POINT('',#1264);
#1264 = CARTESIAN_POINT('',(89.,20.902762355395,-1.235926425356));
#1265 = SURFACE_CURVE('',#1266,(#1271,#1278),.PCURVE_S1.);
#1266 = ELLIPSE('',#1267,7.08391688384,7.083914099096);
#1267 = AXIS2_PLACEMENT_3D('',#1268,#1269,#1270);
#1268 = CARTESIAN_POINT('',(89.,27.88027577806,-1.275571928876E-02));
#1269 = DIRECTION('',(1.,-0.,0.));
#1270 = DIRECTION('',(0.,0.,-1.));
#1271 = PCURVE('',#315,#1272);
#1272 = DEFINITIONAL_REPRESENTATION('',(#1273),#1277);
#1273 = ELLIPSE('',#1274,7.08391688384,7.083914099096);
#1274 = AXIS2_PLACEMENT_2D('',#1275,#1276);
#1275 = CARTESIAN_POINT('',(16.280178118068,-26.01275571928));
#1276 = DIRECTION('',(0.,-1.));
#1277 = ( GEOMETRIC_REPRESENTATION_CONTEXT(2) 
PARAMETRIC_REPRESENTATION_CONTEXT() REPRESENTATION_CONTEXT('2D SPACE',''
  ) );
#1278 = PCURVE('',#963,#1279);
#1279 = DEFINITIONAL_REPRESENTATION('',(#1280),#1295);
#1280 = B_SPLINE_CURVE_WITH_KNOTS('',7,(#1281,#1282,#1283,#1284,#1285,
    #1286,#1287,#1288,#1289,#1290,#1291,#1292,#1293,#1294),
  .UNSPECIFIED.,.F.,.F.,(8,6,8),(3.14159265359,6.28318530718,
    9.424777960769),.UNSPECIFIED.);
#1281 = CARTESIAN_POINT('',(0.,181.0115152772));
#1282 = CARTESIAN_POINT('',(0.448798950513,181.0115152772));
#1283 = CARTESIAN_POINT('',(0.897597901026,181.0129915543));
#1284 = CARTESIAN_POINT('',(1.346396851538,181.01594140176));
#1285 = CARTESIAN_POINT('',(1.795195802052,181.01965160277));
#1286 = CARTESIAN_POINT('',(2.243994752564,181.02260145021));
#1287 = CARTESIAN_POINT('',(2.692793703077,181.02407772732));
#1288 = CARTESIAN_POINT('',(3.590391604103,181.02407772732));
#1289 = CARTESIAN_POINT('',(4.039190554615,181.02260145024));
#1290 = CARTESIAN_POINT('',(4.487989505129,181.01965160273));
#1291 = CARTESIAN_POINT('',(4.93678845564,181.01594140179));
#1292 = CARTESIAN_POINT('',(5.385587406154,181.0129915543));
#1293 = CARTESIAN_POINT('',(5.834386356667,181.0115152772));
#1294 = CARTESIAN_POINT('',(6.28318530718,181.0115152772));
#1295 = ( GEOMETRIC_REPRESENTATION_CONTEXT(2) 
PARAMETRIC_REPRESENTATION_CONTEXT() REPRESENTATION_CONTEXT('2D SPACE',''
  ) );
#1296 = ORIENTED_EDGE('',*,*,#1297,.F.);
#1297 = EDGE_CURVE('',#1298,#1263,#1300,.T.);
#1298 = VERTEX_POINT('',#1299);
#1299 = CARTESIAN_POINT('',(88.997799071862,11.600097659993,
    -8.983190551887));
#1300 = SURFACE_CURVE('',#1301,(#1306,#1313),.PCURVE_S1.);
#1301 = ELLIPSE('',#1302,9.000078904209,9.000077270905);
#1302 = AXIS2_PLACEMENT_3D('',#1303,#1304,#1305);
#1303 = CARTESIAN_POINT('',(89.,11.989129550839,8.47771713729E-03));
#1304 = DIRECTION('',(1.,-0.,0.));
#1305 = DIRECTION('',(0.,0.,1.));
#1306 = PCURVE('',#315,#1307);
#1307 = DEFINITIONAL_REPRESENTATION('',(#1308),#1312);
#1308 = ELLIPSE('',#1309,9.000078904209,9.000077270905);
#1309 = AXIS2_PLACEMENT_2D('',#1310,#1311);
#1310 = CARTESIAN_POINT('',(0.389031890846,-25.99152228286));
#1311 = DIRECTION('',(0.,1.));
#1312 = ( GEOMETRIC_REPRESENTATION_CONTEXT(2) 
PARAMETRIC_REPRESENTATION_CONTEXT() REPRESENTATION_CONTEXT('2D SPACE',''
  ) );
#1313 = PCURVE('',#1182,#1314);
#1314 = DEFINITIONAL_REPRESENTATION('',(#1315),#1325);
#1315 = B_SPLINE_CURVE_WITH_KNOTS('',8,(#1316,#1317,#1318,#1319,#1320,
    #1321,#1322,#1323,#1324),.UNSPECIFIED.,.F.,.F.,(9,9),(2.329918224996
    ,6.28318530718),.PIECEWISE_BEZIER_KNOTS.);
#1316 = CARTESIAN_POINT('',(2.329918224996,6.01790719665E-03));
#1317 = CARTESIAN_POINT('',(2.824076610269,4.074160529824E-03));
#1318 = CARTESIAN_POINT('',(3.318234995538,3.172994856424E-03));
#1319 = CARTESIAN_POINT('',(3.812393380813,4.028257878836E-03));
#1320 = CARTESIAN_POINT('',(4.306551766065,6.859309405144E-03));
#1321 = CARTESIAN_POINT('',(4.800710151356,1.063977590768E-02));
#1322 = CARTESIAN_POINT('',(5.294868536632,1.365764541305E-02));
#1323 = CARTESIAN_POINT('',(5.789026921907,1.517204139648E-02));
#1324 = CARTESIAN_POINT('',(6.28318530718,1.517204139648E-02));
#1325 = ( GEOMETRIC_REPRESENTATION_CONTEXT(2) 
PARAMETRIC_REPRESENTATION_CONTEXT() REPRESENTATION_CONTEXT('2D SPACE',''
  ) );
#1326 = ORIENTED_EDGE('',*,*,#1327,.T.);
#1327 = EDGE_CURVE('',#1298,#799,#1328,.T.);
#1328 = SURFACE_CURVE('',#1329,(#1333,#1340),.PCURVE_S1.);
#1329 = LINE('',#1330,#1331);
#1330 = CARTESIAN_POINT('',(89.,11.600097659993,26.));
#1331 = VECTOR('',#1332,1.);
#1332 = DIRECTION('',(0.,0.,-1.));
#1333 = PCURVE('',#315,#1334);
#1334 = DEFINITIONAL_REPRESENTATION('',(#1335),#1339);
#1335 = LINE('',#1336,#1337);
#1336 = CARTESIAN_POINT('',(0.,0.));
#1337 = VECTOR('',#1338,1.);
#1338 = DIRECTION('',(0.,-1.));
#1339 = ( GEOMETRIC_REPRESENTATION_CONTEXT(2) 
PARAMETRIC_REPRESENTATION_CONTEXT() REPRESENTATION_CONTEXT('2D SPACE',''
  ) );
#1340 = PCURVE('',#814,#1341);
#1341 = DEFINITIONAL_REPRESENTATION('',(#1342),#1346);
#1342 = LINE('',#1343,#1344);
#1343 = CARTESIAN_POINT('',(178.,0.));
#1344 = VECTOR('',#1345,1.);
#1345 = DIRECTION('',(0.,-1.));
#1346 = ( GEOMETRIC_REPRESENTATION_CONTEXT(2) 
PARAMETRIC_REPRESENTATION_CONTEXT() REPRESENTATION_CONTEXT('2D SPACE',''
  ) );
#1347 = ORIENTED_EDGE('',*,*,#826,.T.);
#1348 = ORIENTED_EDGE('',*,*,#300,.T.);
#1349 = ADVANCED_FACE('',(#1350),#397,.T.);
#1350 = FACE_BOUND('',#1351,.T.);
#1351 = EDGE_LOOP('',(#1352,#1353,#1354,#1355,#1356,#1357,#1358,#1359));
#1352 = ORIENTED_EDGE('',*,*,#379,.T.);
#1353 = ORIENTED_EDGE('',*,*,#511,.F.);
#1354 = ORIENTED_EDGE('',*,*,#612,.T.);
#1355 = ORIENTED_EDGE('',*,*,#717,.F.);
#1356 = ORIENTED_EDGE('',*,*,#769,.T.);
#1357 = ORIENTED_EDGE('',*,*,#685,.F.);
#1358 = ORIENTED_EDGE('',*,*,#563,.T.);
#1359 = ORIENTED_EDGE('',*,*,#479,.F.);
#1360 = ADVANCED_FACE('',(#1361),#814,.T.);
#1361 = FACE_BOUND('',#1362,.T.);
#1362 = EDGE_LOOP('',(#1363,#1364,#1365,#1386,#1410,#1411,#1412,#1413,
    #1439,#1458));
#1363 = ORIENTED_EDGE('',*,*,#1092,.F.);
#1364 = ORIENTED_EDGE('',*,*,#1068,.T.);
#1365 = ORIENTED_EDGE('',*,*,#1366,.T.);
#1366 = EDGE_CURVE('',#1041,#1367,#1369,.T.);
#1367 = VERTEX_POINT('',#1368);
#1368 = CARTESIAN_POINT('',(-88.99241357704,11.600097659993,
    5.039517301527));
#1369 = SURFACE_CURVE('',#1370,(#1374,#1380),.PCURVE_S1.);
#1370 = LINE('',#1371,#1372);
#1371 = CARTESIAN_POINT('',(-90.99541289917,11.600097659993,
    5.041293337962));
#1372 = VECTOR('',#1373,1.);
#1373 = DIRECTION('',(0.999999606892,0.,-8.866881368923E-04));
#1374 = PCURVE('',#814,#1375);
#1375 = DEFINITIONAL_REPRESENTATION('',(#1376),#1379);
#1376 = B_SPLINE_CURVE_WITH_KNOTS('',1,(#1377,#1378),.UNSPECIFIED.,.F.,
  .F.,(2,2),(-2.000400000001E-03,2.005000509528),
  .PIECEWISE_BEZIER_KNOTS.);
#1377 = CARTESIAN_POINT('',(-1.997413298388,-20.9587048883));
#1378 = CARTESIAN_POINT('',(9.586822171485E-03,-20.9604844722));
#1379 = ( GEOMETRIC_REPRESENTATION_CONTEXT(2) 
PARAMETRIC_REPRESENTATION_CONTEXT() REPRESENTATION_CONTEXT('2D SPACE',''
  ) );
#1380 = PCURVE('',#1024,#1381);
#1381 = DEFINITIONAL_REPRESENTATION('',(#1382),#1385);
#1382 = B_SPLINE_CURVE_WITH_KNOTS('',1,(#1383,#1384),.UNSPECIFIED.,.F.,
  .F.,(2,2),(-2.000400000001E-03,2.005000509528),
  .PIECEWISE_BEZIER_KNOTS.);
#1383 = CARTESIAN_POINT('',(1.278754212759,-2.000400000006E-03));
#1384 = CARTESIAN_POINT('',(1.278754212759,2.005000509528));
#1385 = ( GEOMETRIC_REPRESENTATION_CONTEXT(2) 
PARAMETRIC_REPRESENTATION_CONTEXT() REPRESENTATION_CONTEXT('2D SPACE',''
  ) );
#1386 = ORIENTED_EDGE('',*,*,#1387,.F.);
#1387 = EDGE_CURVE('',#898,#1367,#1388,.T.);
#1388 = SURFACE_CURVE('',#1389,(#1393,#1399),.PCURVE_S1.);
#1389 = LINE('',#1390,#1391);
#1390 = CARTESIAN_POINT('',(-88.98529080216,11.600097659993,
    13.072524373085));
#1391 = VECTOR('',#1392,1.);
#1392 = DIRECTION('',(8.866881368923E-04,0.,0.999999606892));
#1393 = PCURVE('',#814,#1394);
#1394 = DEFINITIONAL_REPRESENTATION('',(#1395),#1398);
#1395 = B_SPLINE_CURVE_WITH_KNOTS('',1,(#1396,#1397),.UNSPECIFIED.,.F.,
  .F.,(2,2),(-16.58891916987,4.072553855443),.PIECEWISE_BEZIER_KNOTS.);
#1396 = CARTESIAN_POINT('',(-3.469446951954E-18,-29.51638827555));
#1397 = CARTESIAN_POINT('',(1.832028302227E-02,-8.854923372425));
#1398 = ( GEOMETRIC_REPRESENTATION_CONTEXT(2) 
PARAMETRIC_REPRESENTATION_CONTEXT() REPRESENTATION_CONTEXT('2D SPACE',''
  ) );
#1399 = PCURVE('',#1400,#1405);
#1400 = PLANE('',#1401);
#1401 = AXIS2_PLACEMENT_3D('',#1402,#1403,#1404);
#1402 = CARTESIAN_POINT('',(-88.99675342537,27.880293360974,
    0.145071952422));
#1403 = DIRECTION('',(0.999999606892,0.,-8.866881368923E-04));
#1404 = DIRECTION('',(8.866881368923E-04,0.,0.999999606892));
#1405 = DEFINITIONAL_REPRESENTATION('',(#1406),#1409);
#1406 = B_SPLINE_CURVE_WITH_KNOTS('',1,(#1407,#1408),.UNSPECIFIED.,.F.,
  .F.,(2,2),(-16.58891916987,4.072553855443),.PIECEWISE_BEZIER_KNOTS.);
#1407 = CARTESIAN_POINT('',(-3.661461667323,16.280195700981));
#1408 = CARTESIAN_POINT('',(17.000011357993,16.280195700981));
#1409 = ( GEOMETRIC_REPRESENTATION_CONTEXT(2) 
PARAMETRIC_REPRESENTATION_CONTEXT() REPRESENTATION_CONTEXT('2D SPACE',''
  ) );
#1410 = ORIENTED_EDGE('',*,*,#897,.T.);
#1411 = ORIENTED_EDGE('',*,*,#796,.T.);
#1412 = ORIENTED_EDGE('',*,*,#1327,.F.);
#1413 = ORIENTED_EDGE('',*,*,#1414,.T.);
#1414 = EDGE_CURVE('',#1298,#1415,#1417,.T.);
#1415 = VERTEX_POINT('',#1416);
#1416 = CARTESIAN_POINT('',(88.984833029192,11.600097659993,
    9.000135522766));
#1417 = SURFACE_CURVE('',#1418,(#1422,#1428),.PCURVE_S1.);
#1418 = LINE('',#1419,#1420);
#1419 = CARTESIAN_POINT('',(88.982388436563,11.600097659993,
    13.057846834616));
#1420 = VECTOR('',#1421,1.);
#1421 = DIRECTION('',(-6.024559158358E-04,0.,0.999999818523));
#1422 = PCURVE('',#814,#1423);
#1423 = DEFINITIONAL_REPRESENTATION('',(#1424),#1427);
#1424 = B_SPLINE_CURVE_WITH_KNOTS('',1,(#1425,#1426),.UNSPECIFIED.,.F.,
  .F.,(2,2),(-22.04945463042,-4.049300088609),.PIECEWISE_BEZIER_KNOTS.);
#1425 = CARTESIAN_POINT('',(177.99567226094,-34.99160379434));
#1426 = CARTESIAN_POINT('',(177.98482796135,-16.99145251914));
#1427 = ( GEOMETRIC_REPRESENTATION_CONTEXT(2) 
PARAMETRIC_REPRESENTATION_CONTEXT() REPRESENTATION_CONTEXT('2D SPACE',''
  ) );
#1428 = PCURVE('',#1429,#1434);
#1429 = PLANE('',#1430);
#1430 = AXIS2_PLACEMENT_3D('',#1431,#1432,#1433);
#1431 = CARTESIAN_POINT('',(88.990250111152,11.989129550839,
    8.471843258008E-03));
#1432 = DIRECTION('',(0.999999818523,0.,6.024559158358E-04));
#1433 = DIRECTION('',(-6.024559158358E-04,0.,0.999999818523));
#1434 = DEFINITIONAL_REPRESENTATION('',(#1435),#1438);
#1435 = B_SPLINE_CURVE_WITH_KNOTS('',1,(#1436,#1437),.UNSPECIFIED.,.F.,
  .F.,(2,2),(-22.04945463042,-4.049300088609),.PIECEWISE_BEZIER_KNOTS.);
#1436 = CARTESIAN_POINT('',(-9.000077270905,0.389031890846));
#1437 = CARTESIAN_POINT('',(9.000077270905,0.389031890846));
#1438 = ( GEOMETRIC_REPRESENTATION_CONTEXT(2) 
PARAMETRIC_REPRESENTATION_CONTEXT() REPRESENTATION_CONTEXT('2D SPACE',''
  ) );
#1439 = ORIENTED_EDGE('',*,*,#1440,.T.);
#1440 = EDGE_CURVE('',#1415,#1143,#1441,.T.);
#1441 = SURFACE_CURVE('',#1442,(#1446,#1452),.PCURVE_S1.);
#1442 = LINE('',#1443,#1444);
#1443 = CARTESIAN_POINT('',(88.984833029192,11.600097659993,
    9.000135522766));
#1444 = VECTOR('',#1445,1.);
#1445 = DIRECTION('',(0.999999818523,0.,6.024559158358E-04));
#1446 = PCURVE('',#814,#1447);
#1447 = DEFINITIONAL_REPRESENTATION('',(#1448),#1451);
#1448 = B_SPLINE_CURVE_WITH_KNOTS('',1,(#1449,#1450),.UNSPECIFIED.,.F.,
  .F.,(2,2),(-2.000399999995E-03,2.018783446313),
  .PIECEWISE_BEZIER_KNOTS.);
#1449 = CARTESIAN_POINT('',(177.98283262955,-16.99986568238));
#1450 = CARTESIAN_POINT('',(180.00361610914,-16.9986482492));
#1451 = ( GEOMETRIC_REPRESENTATION_CONTEXT(2) 
PARAMETRIC_REPRESENTATION_CONTEXT() REPRESENTATION_CONTEXT('2D SPACE',''
  ) );
#1452 = PCURVE('',#1182,#1453);
#1453 = DEFINITIONAL_REPRESENTATION('',(#1454),#1457);
#1454 = B_SPLINE_CURVE_WITH_KNOTS('',1,(#1455,#1456),.UNSPECIFIED.,.F.,
  .F.,(2,2),(-2.000399999995E-03,2.018783446313),
  .PIECEWISE_BEZIER_KNOTS.);
#1455 = CARTESIAN_POINT('',(4.32388664995E-02,-2.0004E-03));
#1456 = CARTESIAN_POINT('',(4.32388664995E-02,2.018783446313));
#1457 = ( GEOMETRIC_REPRESENTATION_CONTEXT(2) 
PARAMETRIC_REPRESENTATION_CONTEXT() REPRESENTATION_CONTEXT('2D SPACE',''
  ) );
#1458 = ORIENTED_EDGE('',*,*,#1142,.F.);
#1459 = ADVANCED_FACE('',(#1460),#1024,.T.);
#1460 = FACE_BOUND('',#1461,.T.);
#1461 = EDGE_LOOP('',(#1462,#1486,#1487,#1488,#1511,#1538,#1539,#1540,
    #1562,#1594));
#1462 = ORIENTED_EDGE('',*,*,#1463,.F.);
#1463 = EDGE_CURVE('',#1367,#1464,#1466,.T.);
#1464 = VERTEX_POINT('',#1465);
#1465 = CARTESIAN_POINT('',(-88.99300950726,11.412991,4.367432087139));
#1466 = SURFACE_CURVE('',#1467,(#1472,#1479),.PCURVE_S1.);
#1467 = CIRCLE('',#1468,17.000011357993);
#1468 = AXIS2_PLACEMENT_3D('',#1469,#1470,#1471);
#1469 = CARTESIAN_POINT('',(-88.99675342537,27.880293360974,
    0.145071952422));
#1470 = DIRECTION('',(0.999999606892,0.,-8.866881368923E-04));
#1471 = DIRECTION('',(8.866881368923E-04,0.,0.999999606892));
#1472 = PCURVE('',#1024,#1473);
#1473 = DEFINITIONAL_REPRESENTATION('',(#1474),#1478);
#1474 = LINE('',#1475,#1476);
#1475 = CARTESIAN_POINT('',(0.,2.003000109528));
#1476 = VECTOR('',#1477,1.);
#1477 = DIRECTION('',(1.,0.));
#1478 = ( GEOMETRIC_REPRESENTATION_CONTEXT(2) 
PARAMETRIC_REPRESENTATION_CONTEXT() REPRESENTATION_CONTEXT('2D SPACE',''
  ) );
#1479 = PCURVE('',#1400,#1480);
#1480 = DEFINITIONAL_REPRESENTATION('',(#1481),#1485);
#1481 = CIRCLE('',#1482,17.000011357993);
#1482 = AXIS2_PLACEMENT_2D('',#1483,#1484);
#1483 = CARTESIAN_POINT('',(0.,0.));
#1484 = DIRECTION('',(1.,0.));
#1485 = ( GEOMETRIC_REPRESENTATION_CONTEXT(2) 
PARAMETRIC_REPRESENTATION_CONTEXT() REPRESENTATION_CONTEXT('2D SPACE',''
  ) );
#1486 = ORIENTED_EDGE('',*,*,#1366,.F.);
#1487 = ORIENTED_EDGE('',*,*,#1040,.T.);
#1488 = ORIENTED_EDGE('',*,*,#1489,.F.);
#1489 = EDGE_CURVE('',#1490,#1008,#1492,.T.);
#1490 = VERTEX_POINT('',#1491);
#1491 = CARTESIAN_POINT('',(-90.98467903911,27.880293360974,
    17.14685266401));
#1492 = SEAM_CURVE('',#1493,(#1497,#1504),.PCURVE_S1.);
#1493 = LINE('',#1494,#1495);
#1494 = CARTESIAN_POINT('',(-90.98467903911,27.880293360974,
    17.14685266401));
#1495 = VECTOR('',#1496,1.);
#1496 = DIRECTION('',(0.999999606892,0.,-8.866881368923E-04));
#1497 = PCURVE('',#1024,#1498);
#1498 = DEFINITIONAL_REPRESENTATION('',(#1499),#1503);
#1499 = LINE('',#1500,#1501);
#1500 = CARTESIAN_POINT('',(6.28318530718,-0.));
#1501 = VECTOR('',#1502,1.);
#1502 = DIRECTION('',(0.,1.));
#1503 = ( GEOMETRIC_REPRESENTATION_CONTEXT(2) 
PARAMETRIC_REPRESENTATION_CONTEXT() REPRESENTATION_CONTEXT('2D SPACE',''
  ) );
#1504 = PCURVE('',#1024,#1505);
#1505 = DEFINITIONAL_REPRESENTATION('',(#1506),#1510);
#1506 = LINE('',#1507,#1508);
#1507 = CARTESIAN_POINT('',(0.,-0.));
#1508 = VECTOR('',#1509,1.);
#1509 = DIRECTION('',(0.,1.));
#1510 = ( GEOMETRIC_REPRESENTATION_CONTEXT(2) 
PARAMETRIC_REPRESENTATION_CONTEXT() REPRESENTATION_CONTEXT('2D SPACE',''
  ) );
#1511 = ORIENTED_EDGE('',*,*,#1512,.T.);
#1512 = EDGE_CURVE('',#1490,#1490,#1513,.T.);
#1513 = SURFACE_CURVE('',#1514,(#1519,#1526),.PCURVE_S1.);
#1514 = CIRCLE('',#1515,17.000011357993);
#1515 = AXIS2_PLACEMENT_3D('',#1516,#1517,#1518);
#1516 = CARTESIAN_POINT('',(-90.9997527475,27.880293360974,
    0.146847988857));
#1517 = DIRECTION('',(0.999999606892,0.,-8.866881368923E-04));
#1518 = DIRECTION('',(8.866881368923E-04,0.,0.999999606892));
#1519 = PCURVE('',#1024,#1520);
#1520 = DEFINITIONAL_REPRESENTATION('',(#1521),#1525);
#1521 = LINE('',#1522,#1523);
#1522 = CARTESIAN_POINT('',(0.,0.));
#1523 = VECTOR('',#1524,1.);
#1524 = DIRECTION('',(1.,0.));
#1525 = ( GEOMETRIC_REPRESENTATION_CONTEXT(2) 
PARAMETRIC_REPRESENTATION_CONTEXT() REPRESENTATION_CONTEXT('2D SPACE',''
  ) );
#1526 = PCURVE('',#1527,#1532);
#1527 = PLANE('',#1528);
#1528 = AXIS2_PLACEMENT_3D('',#1529,#1530,#1531);
#1529 = CARTESIAN_POINT('',(-90.9997527475,27.880293360974,
    0.146847988857));
#1530 = DIRECTION('',(0.999999606892,0.,-8.866881368923E-04));
#1531 = DIRECTION('',(8.866881368923E-04,0.,0.999999606892));
#1532 = DEFINITIONAL_REPRESENTATION('',(#1533),#1537);
#1533 = CIRCLE('',#1534,17.000011357993);
#1534 = AXIS2_PLACEMENT_2D('',#1535,#1536);
#1535 = CARTESIAN_POINT('',(0.,0.));
#1536 = DIRECTION('',(1.,0.));
#1537 = ( GEOMETRIC_REPRESENTATION_CONTEXT(2) 
PARAMETRIC_REPRESENTATION_CONTEXT() REPRESENTATION_CONTEXT('2D SPACE',''
  ) );
#1538 = ORIENTED_EDGE('',*,*,#1489,.T.);
#1539 = ORIENTED_EDGE('',*,*,#1007,.T.);
#1540 = ORIENTED_EDGE('',*,*,#1541,.F.);
#1541 = EDGE_CURVE('',#898,#987,#1542,.T.);
#1542 = SURFACE_CURVE('',#1543,(#1548,#1555),.PCURVE_S1.);
#1543 = CIRCLE('',#1544,17.000011357993);
#1544 = AXIS2_PLACEMENT_3D('',#1545,#1546,#1547);
#1545 = CARTESIAN_POINT('',(-88.99675342537,27.880293360974,
    0.145071952422));
#1546 = DIRECTION('',(0.999999606892,0.,-8.866881368923E-04));
#1547 = DIRECTION('',(8.866881368923E-04,0.,0.999999606892));
#1548 = PCURVE('',#1024,#1549);
#1549 = DEFINITIONAL_REPRESENTATION('',(#1550),#1554);
#1550 = LINE('',#1551,#1552);
#1551 = CARTESIAN_POINT('',(0.,2.003000109528));
#1552 = VECTOR('',#1553,1.);
#1553 = DIRECTION('',(1.,0.));
#1554 = ( GEOMETRIC_REPRESENTATION_CONTEXT(2) 
PARAMETRIC_REPRESENTATION_CONTEXT() REPRESENTATION_CONTEXT('2D SPACE',''
  ) );
#1555 = PCURVE('',#935,#1556);
#1556 = DEFINITIONAL_REPRESENTATION('',(#1557),#1561);
#1557 = CIRCLE('',#1558,17.000011357993);
#1558 = AXIS2_PLACEMENT_2D('',#1559,#1560);
#1559 = CARTESIAN_POINT('',(0.,0.));
#1560 = DIRECTION('',(1.,0.));
#1561 = ( GEOMETRIC_REPRESENTATION_CONTEXT(2) 
PARAMETRIC_REPRESENTATION_CONTEXT() REPRESENTATION_CONTEXT('2D SPACE',''
  ) );
#1562 = ORIENTED_EDGE('',*,*,#1563,.T.);
#1563 = EDGE_CURVE('',#898,#1564,#1566,.T.);
#1564 = VERTEX_POINT('',#1565);
#1565 = CARTESIAN_POINT('',(-89.16666666666,11.412991,4.367586066942));
#1566 = SURFACE_CURVE('',#1567,(#1572,#1582),.PCURVE_S1.);
#1567 = ELLIPSE('',#1568,17.000018040836,17.000011357993);
#1568 = AXIS2_PLACEMENT_3D('',#1569,#1570,#1571);
#1569 = CARTESIAN_POINT('',(-89.16666666666,27.880293360974,
    0.145222612537));
#1570 = DIRECTION('',(-1.,0.,0.));
#1571 = DIRECTION('',(0.,0.,-1.));
#1572 = PCURVE('',#1024,#1573);
#1573 = DEFINITIONAL_REPRESENTATION('',(#1574),#1581);
#1574 = B_SPLINE_CURVE_WITH_KNOTS('',5,(#1575,#1576,#1577,#1578,#1579,
    #1580),.UNSPECIFIED.,.F.,.F.,(6,6),(1.128937512956,2.012655140634),
  .PIECEWISE_BEZIER_KNOTS.);
#1575 = CARTESIAN_POINT('',(2.012655140634,1.839532630595));
#1576 = CARTESIAN_POINT('',(1.835911615098,1.837124321539));
#1577 = CARTESIAN_POINT('',(1.659168089563,1.834464327512));
#1578 = CARTESIAN_POINT('',(1.482424564027,1.831709275373));
#1579 = CARTESIAN_POINT('',(1.305681038491,1.829049281346));
#1580 = CARTESIAN_POINT('',(1.128937512956,1.82664097229));
#1581 = ( GEOMETRIC_REPRESENTATION_CONTEXT(2) 
PARAMETRIC_REPRESENTATION_CONTEXT() REPRESENTATION_CONTEXT('2D SPACE',''
  ) );
#1582 = PCURVE('',#1583,#1588);
#1583 = PLANE('',#1584);
#1584 = AXIS2_PLACEMENT_3D('',#1585,#1586,#1587);
#1585 = CARTESIAN_POINT('',(-89.16666666666,11.412991,-52.));
#1586 = DIRECTION('',(-1.,0.,0.));
#1587 = DIRECTION('',(0.,0.,1.));
#1588 = DEFINITIONAL_REPRESENTATION('',(#1589),#1593);
#1589 = ELLIPSE('',#1590,17.000018040836,17.000011357993);
#1590 = AXIS2_PLACEMENT_2D('',#1591,#1592);
#1591 = CARTESIAN_POINT('',(52.145222612537,16.467302360974));
#1592 = DIRECTION('',(-1.,0.));
#1593 = ( GEOMETRIC_REPRESENTATION_CONTEXT(2) 
PARAMETRIC_REPRESENTATION_CONTEXT() REPRESENTATION_CONTEXT('2D SPACE',''
  ) );
#1594 = ORIENTED_EDGE('',*,*,#1595,.T.);
#1595 = EDGE_CURVE('',#1564,#1464,#1596,.T.);
#1596 = SURFACE_CURVE('',#1597,(#1601,#1607),.PCURVE_S1.);
#1597 = LINE('',#1598,#1599);
#1598 = CARTESIAN_POINT('',(-90.99600882939,11.412991,4.369208123574));
#1599 = VECTOR('',#1600,1.);
#1600 = DIRECTION('',(0.999999606892,0.,-8.866881368923E-04));
#1601 = PCURVE('',#1024,#1602);
#1602 = DEFINITIONAL_REPRESENTATION('',(#1603),#1606);
#1603 = B_SPLINE_CURVE_WITH_KNOTS('',1,(#1604,#1605),.UNSPECIFIED.,.F.,
  .F.,(2,2),(-2.000400000001E-03,2.005000509528),
  .PIECEWISE_BEZIER_KNOTS.);
#1604 = CARTESIAN_POINT('',(1.319794974981,-2.000400000003E-03));
#1605 = CARTESIAN_POINT('',(1.319794974981,2.005000509528));
#1606 = ( GEOMETRIC_REPRESENTATION_CONTEXT(2) 
PARAMETRIC_REPRESENTATION_CONTEXT() REPRESENTATION_CONTEXT('2D SPACE',''
  ) );
#1607 = PCURVE('',#1608,#1613);
#1608 = PLANE('',#1609);
#1609 = AXIS2_PLACEMENT_3D('',#1610,#1611,#1612);
#1610 = CARTESIAN_POINT('',(-0.166666666667,11.412991,0.));
#1611 = DIRECTION('',(0.,1.,0.));
#1612 = DIRECTION('',(0.,-0.,1.));
#1613 = DEFINITIONAL_REPRESENTATION('',(#1614),#1617);
#1614 = B_SPLINE_CURVE_WITH_KNOTS('',1,(#1615,#1616),.UNSPECIFIED.,.F.,
  .F.,(2,2),(-2.000400000001E-03,2.005000509528),
  .PIECEWISE_BEZIER_KNOTS.);
#1615 = CARTESIAN_POINT('',(4.369209897305,-90.83134256194));
#1616 = CARTESIAN_POINT('',(4.367430313408,-88.82434244138));
#1617 = ( GEOMETRIC_REPRESENTATION_CONTEXT(2) 
PARAMETRIC_REPRESENTATION_CONTEXT() REPRESENTATION_CONTEXT('2D SPACE',''
  ) );
#1618 = ADVANCED_FACE('',(#1619),#935,.T.);
#1619 = FACE_BOUND('',#1620,.T.);
#1620 = EDGE_LOOP('',(#1621,#1622,#1623,#1624));
#1621 = ORIENTED_EDGE('',*,*,#920,.T.);
#1622 = ORIENTED_EDGE('',*,*,#1541,.T.);
#1623 = ORIENTED_EDGE('',*,*,#986,.T.);
#1624 = ORIENTED_EDGE('',*,*,#1625,.F.);
#1625 = EDGE_CURVE('',#921,#947,#1626,.T.);
#1626 = SURFACE_CURVE('',#1627,(#1632,#1639),.PCURVE_S1.);
#1627 = CIRCLE('',#1628,7.083914099096);
#1628 = AXIS2_PLACEMENT_3D('',#1629,#1630,#1631);
#1629 = CARTESIAN_POINT('',(-88.99675342537,27.88027577806,
    0.145071952422));
#1630 = DIRECTION('',(0.999999606892,0.,-8.866881368923E-04));
#1631 = DIRECTION('',(8.866881368923E-04,0.,0.999999606892));
#1632 = PCURVE('',#935,#1633);
#1633 = DEFINITIONAL_REPRESENTATION('',(#1634),#1638);
#1634 = CIRCLE('',#1635,7.083914099096);
#1635 = AXIS2_PLACEMENT_2D('',#1636,#1637);
#1636 = CARTESIAN_POINT('',(2.775556470469E-17,1.758291330844E-05));
#1637 = DIRECTION('',(1.,0.));
#1638 = ( GEOMETRIC_REPRESENTATION_CONTEXT(2) 
PARAMETRIC_REPRESENTATION_CONTEXT() REPRESENTATION_CONTEXT('2D SPACE',''
  ) );
#1639 = PCURVE('',#963,#1640);
#1640 = DEFINITIONAL_REPRESENTATION('',(#1641),#1645);
#1641 = LINE('',#1642,#1643);
#1642 = CARTESIAN_POINT('',(0.,3.020973104913));
#1643 = VECTOR('',#1644,1.);
#1644 = DIRECTION('',(1.,0.));
#1645 = ( GEOMETRIC_REPRESENTATION_CONTEXT(2) 
PARAMETRIC_REPRESENTATION_CONTEXT() REPRESENTATION_CONTEXT('2D SPACE',''
  ) );
#1646 = ADVANCED_FACE('',(#1647,#1782),#963,.F.);
#1647 = FACE_BOUND('',#1648,.F.);
#1648 = EDGE_LOOP('',(#1649,#1650,#1679,#1708,#1735,#1736,#1759,#1781));
#1649 = ORIENTED_EDGE('',*,*,#1262,.F.);
#1650 = ORIENTED_EDGE('',*,*,#1651,.F.);
#1651 = EDGE_CURVE('',#1652,#1263,#1654,.T.);
#1652 = VERTEX_POINT('',#1653);
#1653 = CARTESIAN_POINT('',(90.017426900118,20.902644600956,
    -1.236156651283));
#1654 = SURFACE_CURVE('',#1655,(#1661,#1670),.PCURVE_S1.);
#1655 = B_SPLINE_CURVE_WITH_KNOTS('',4,(#1656,#1657,#1658,#1659,#1660),
  .UNSPECIFIED.,.F.,.F.,(5,5),(0.,1.),.PIECEWISE_BEZIER_KNOTS.);
#1656 = CARTESIAN_POINT('',(90.017427500122,20.902644600887,
    -1.236156651418));
#1657 = CARTESIAN_POINT('',(89.76082042637,20.90267430192,
    -1.236098644992));
#1658 = CARTESIAN_POINT('',(89.504213352624,20.90270400163,
    -1.236040598703));
#1659 = CARTESIAN_POINT('',(89.247606278885,20.90273370001,
    -1.235982512551));
#1660 = CARTESIAN_POINT('',(88.990999205153,20.902763397054,
    -1.235924386536));
#1661 = PCURVE('',#963,#1662);
#1662 = DEFINITIONAL_REPRESENTATION('',(#1663),#1669);
#1663 = B_SPLINE_CURVE_WITH_KNOTS('',4,(#1664,#1665,#1666,#1667,#1668),
  .UNSPECIFIED.,.F.,.F.,(5,5),(0.,1.),.PIECEWISE_BEZIER_KNOTS.);
#1664 = CARTESIAN_POINT('',(1.744238453075,182.03630837751));
#1665 = CARTESIAN_POINT('',(1.744262748432,181.7797013532));
#1666 = CARTESIAN_POINT('',(1.744287038215,181.52309432888));
#1667 = CARTESIAN_POINT('',(1.744311322422,181.26648730449));
#1668 = CARTESIAN_POINT('',(1.744335601054,181.00988028009));
#1669 = ( GEOMETRIC_REPRESENTATION_CONTEXT(2) 
PARAMETRIC_REPRESENTATION_CONTEXT() REPRESENTATION_CONTEXT('2D SPACE',''
  ) );
#1670 = PCURVE('',#1182,#1671);
#1671 = DEFINITIONAL_REPRESENTATION('',(#1672),#1678);
#1672 = B_SPLINE_CURVE_WITH_KNOTS('',4,(#1673,#1674,#1675,#1676,#1677),
  .UNSPECIFIED.,.F.,.F.,(5,5),(0.,1.),.PIECEWISE_BEZIER_KNOTS.);
#1673 = CARTESIAN_POINT('',(4.573584087846,1.026427368766));
#1674 = CARTESIAN_POINT('',(4.573607939364,0.769820376528));
#1675 = CARTESIAN_POINT('',(4.573631795248,0.513213384306));
#1676 = CARTESIAN_POINT('',(4.573655655498,0.256606392146));
#1677 = CARTESIAN_POINT('',(4.573679520115,-6.E-07));
#1678 = ( GEOMETRIC_REPRESENTATION_CONTEXT(2) 
PARAMETRIC_REPRESENTATION_CONTEXT() REPRESENTATION_CONTEXT('2D SPACE',''
  ) );
#1679 = ORIENTED_EDGE('',*,*,#1680,.F.);
#1680 = EDGE_CURVE('',#1681,#1652,#1683,.T.);
#1681 = VERTEX_POINT('',#1682);
#1682 = CARTESIAN_POINT('',(90.019612559998,20.906173510406,
    1.228812631218));
#1683 = SURFACE_CURVE('',#1684,(#1689,#1696),.PCURVE_S1.);
#1684 = CIRCLE('',#1685,7.083914099096);
#1685 = AXIS2_PLACEMENT_3D('',#1686,#1687,#1688);
#1686 = CARTESIAN_POINT('',(90.018510874868,27.88027577806,
    -1.365882115382E-02));
#1687 = DIRECTION('',(0.999999606892,0.,-8.866881368923E-04));
#1688 = DIRECTION('',(8.866881368923E-04,0.,0.999999606892));
#1689 = PCURVE('',#963,#1690);
#1690 = DEFINITIONAL_REPRESENTATION('',(#1691),#1695);
#1691 = LINE('',#1692,#1693);
#1692 = CARTESIAN_POINT('',(0.,182.03630777751));
#1693 = VECTOR('',#1694,1.);
#1694 = DIRECTION('',(1.,0.));
#1695 = ( GEOMETRIC_REPRESENTATION_CONTEXT(2) 
PARAMETRIC_REPRESENTATION_CONTEXT() REPRESENTATION_CONTEXT('2D SPACE',''
  ) );
#1696 = PCURVE('',#1697,#1702);
#1697 = PLANE('',#1698);
#1698 = AXIS2_PLACEMENT_3D('',#1699,#1700,#1701);
#1699 = CARTESIAN_POINT('',(90.018510874868,27.88027577806,
    -1.365882115382E-02));
#1700 = DIRECTION('',(0.999999606892,0.,-8.866881368923E-04));
#1701 = DIRECTION('',(8.866881368923E-04,0.,0.999999606892));
#1702 = DEFINITIONAL_REPRESENTATION('',(#1703),#1707);
#1703 = CIRCLE('',#1704,7.083914099096);
#1704 = AXIS2_PLACEMENT_2D('',#1705,#1706);
#1705 = CARTESIAN_POINT('',(0.,0.));
#1706 = DIRECTION('',(1.,0.));
#1707 = ( GEOMETRIC_REPRESENTATION_CONTEXT(2) 
PARAMETRIC_REPRESENTATION_CONTEXT() REPRESENTATION_CONTEXT('2D SPACE',''
  ) );
#1708 = ORIENTED_EDGE('',*,*,#1709,.T.);
#1709 = EDGE_CURVE('',#1681,#1198,#1710,.T.);
#1710 = SURFACE_CURVE('',#1711,(#1717,#1726),.PCURVE_S1.);
#1711 = B_SPLINE_CURVE_WITH_KNOTS('',4,(#1712,#1713,#1714,#1715,#1716),
  .UNSPECIFIED.,.F.,.F.,(5,5),(0.,1.),.PIECEWISE_BEZIER_KNOTS.);
#1712 = CARTESIAN_POINT('',(90.019613159999,20.906173510475,
    1.228812631074));
#1713 = CARTESIAN_POINT('',(89.762088410195,20.906143837233,
    1.22887441677));
#1714 = CARTESIAN_POINT('',(89.504563660384,20.906114162313,
    1.22893616233));
#1715 = CARTESIAN_POINT('',(89.247038910566,20.90608448572,
    1.228997867754));
#1716 = CARTESIAN_POINT('',(88.989514160741,20.906054807461,
    1.229059533043));
#1717 = PCURVE('',#963,#1718);
#1718 = DEFINITIONAL_REPRESENTATION('',(#1719),#1725);
#1719 = B_SPLINE_CURVE_WITH_KNOTS('',4,(#1720,#1721,#1722,#1723,#1724),
  .UNSPECIFIED.,.F.,.F.,(5,5),(0.,1.),.PIECEWISE_BEZIER_KNOTS.);
#1720 = CARTESIAN_POINT('',(1.394490955269,182.03630837751));
#1721 = CARTESIAN_POINT('',(1.394514837693,181.77878367416));
#1722 = CARTESIAN_POINT('',(1.394538725737,181.52125897084));
#1723 = CARTESIAN_POINT('',(1.3945626194,181.26373426754));
#1724 = CARTESIAN_POINT('',(1.394586518682,181.00620956427));
#1725 = ( GEOMETRIC_REPRESENTATION_CONTEXT(2) 
PARAMETRIC_REPRESENTATION_CONTEXT() REPRESENTATION_CONTEXT('2D SPACE',''
  ) );
#1726 = PCURVE('',#1182,#1727);
#1727 = DEFINITIONAL_REPRESENTATION('',(#1728),#1734);
#1728 = B_SPLINE_CURVE_WITH_KNOTS('',4,(#1729,#1730,#1731,#1732,#1733),
  .UNSPECIFIED.,.F.,.F.,(5,5),(0.,1.),.PIECEWISE_BEZIER_KNOTS.);
#1729 = CARTESIAN_POINT('',(4.848330624503,1.03009806357));
#1730 = CARTESIAN_POINT('',(4.848354952407,0.772573397724));
#1731 = CARTESIAN_POINT('',(4.848379275919,0.515048731841));
#1732 = CARTESIAN_POINT('',(4.848403595037,0.25752406594));
#1733 = CARTESIAN_POINT('',(4.848427909762,-6.E-07));
#1734 = ( GEOMETRIC_REPRESENTATION_CONTEXT(2) 
PARAMETRIC_REPRESENTATION_CONTEXT() REPRESENTATION_CONTEXT('2D SPACE',''
  ) );
#1735 = ORIENTED_EDGE('',*,*,#1227,.F.);
#1736 = ORIENTED_EDGE('',*,*,#1737,.F.);
#1737 = EDGE_CURVE('',#1738,#1228,#1740,.T.);
#1738 = VERTEX_POINT('',#1739);
#1739 = CARTESIAN_POINT('',(-90.99347152491,27.88027577806,7.23075930321
    ));
#1740 = SEAM_CURVE('',#1741,(#1745,#1752),.PCURVE_S1.);
#1741 = LINE('',#1742,#1743);
#1742 = CARTESIAN_POINT('',(-90.99347152491,27.88027577806,7.23075930321
    ));
#1743 = VECTOR('',#1744,1.);
#1744 = DIRECTION('',(0.999999606892,0.,-8.866881368923E-04));
#1745 = PCURVE('',#963,#1746);
#1746 = DEFINITIONAL_REPRESENTATION('',(#1747),#1751);
#1747 = LINE('',#1748,#1749);
#1748 = CARTESIAN_POINT('',(0.,1.017972995385));
#1749 = VECTOR('',#1750,1.);
#1750 = DIRECTION('',(0.,1.));
#1751 = ( GEOMETRIC_REPRESENTATION_CONTEXT(2) 
PARAMETRIC_REPRESENTATION_CONTEXT() REPRESENTATION_CONTEXT('2D SPACE',''
  ) );
#1752 = PCURVE('',#963,#1753);
#1753 = DEFINITIONAL_REPRESENTATION('',(#1754),#1758);
#1754 = LINE('',#1755,#1756);
#1755 = CARTESIAN_POINT('',(6.28318530718,1.017972995385));
#1756 = VECTOR('',#1757,1.);
#1757 = DIRECTION('',(0.,1.));
#1758 = ( GEOMETRIC_REPRESENTATION_CONTEXT(2) 
PARAMETRIC_REPRESENTATION_CONTEXT() REPRESENTATION_CONTEXT('2D SPACE',''
  ) );
#1759 = ORIENTED_EDGE('',*,*,#1760,.T.);
#1760 = EDGE_CURVE('',#1738,#1738,#1761,.T.);
#1761 = SURFACE_CURVE('',#1762,(#1767,#1774),.PCURVE_S1.);
#1762 = CIRCLE('',#1763,7.083914099096);
#1763 = AXIS2_PLACEMENT_3D('',#1764,#1765,#1766);
#1764 = CARTESIAN_POINT('',(-90.9997527475,27.88027577806,0.146847988857
    ));
#1765 = DIRECTION('',(0.999999606892,0.,-8.866881368923E-04));
#1766 = DIRECTION('',(8.866881368923E-04,0.,0.999999606892));
#1767 = PCURVE('',#963,#1768);
#1768 = DEFINITIONAL_REPRESENTATION('',(#1769),#1773);
#1769 = LINE('',#1770,#1771);
#1770 = CARTESIAN_POINT('',(0.,1.017972995385));
#1771 = VECTOR('',#1772,1.);
#1772 = DIRECTION('',(1.,0.));
#1773 = ( GEOMETRIC_REPRESENTATION_CONTEXT(2) 
PARAMETRIC_REPRESENTATION_CONTEXT() REPRESENTATION_CONTEXT('2D SPACE',''
  ) );
#1774 = PCURVE('',#1527,#1775);
#1775 = DEFINITIONAL_REPRESENTATION('',(#1776),#1780);
#1776 = CIRCLE('',#1777,7.083914099096);
#1777 = AXIS2_PLACEMENT_2D('',#1778,#1779);
#1778 = CARTESIAN_POINT('',(2.775556470469E-17,1.758291330844E-05));
#1779 = DIRECTION('',(1.,0.));
#1780 = ( GEOMETRIC_REPRESENTATION_CONTEXT(2) 
PARAMETRIC_REPRESENTATION_CONTEXT() REPRESENTATION_CONTEXT('2D SPACE',''
  ) );
#1781 = ORIENTED_EDGE('',*,*,#1737,.T.);
#1782 = FACE_BOUND('',#1783,.F.);
#1783 = EDGE_LOOP('',(#1784,#1785));
#1784 = ORIENTED_EDGE('',*,*,#946,.F.);
#1785 = ORIENTED_EDGE('',*,*,#1625,.F.);
#1786 = ADVANCED_FACE('',(#1787),#1182,.T.);
#1787 = FACE_BOUND('',#1788,.T.);
#1788 = EDGE_LOOP('',(#1789,#1790,#1813,#1840,#1841,#1842,#1843,#1865,
    #1866,#1867,#1892));
#1789 = ORIENTED_EDGE('',*,*,#1197,.T.);
#1790 = ORIENTED_EDGE('',*,*,#1791,.T.);
#1791 = EDGE_CURVE('',#1166,#1792,#1794,.T.);
#1792 = VERTEX_POINT('',#1793);
#1793 = CARTESIAN_POINT('',(91.001610641671,11.989129550839,
    9.009762503737));
#1794 = SEAM_CURVE('',#1795,(#1799,#1806),.PCURVE_S1.);
#1795 = LINE('',#1796,#1797);
#1796 = CARTESIAN_POINT('',(88.984827961357,11.989129550839,
    9.00854748086));
#1797 = VECTOR('',#1798,1.);
#1798 = DIRECTION('',(0.999999818523,2.407412430484E-35,
    6.024559158358E-04));
#1799 = PCURVE('',#1182,#1800);
#1800 = DEFINITIONAL_REPRESENTATION('',(#1801),#1805);
#1801 = LINE('',#1802,#1803);
#1802 = CARTESIAN_POINT('',(0.,-0.));
#1803 = VECTOR('',#1804,1.);
#1804 = DIRECTION('',(0.,1.));
#1805 = ( GEOMETRIC_REPRESENTATION_CONTEXT(2) 
PARAMETRIC_REPRESENTATION_CONTEXT() REPRESENTATION_CONTEXT('2D SPACE',''
  ) );
#1806 = PCURVE('',#1182,#1807);
#1807 = DEFINITIONAL_REPRESENTATION('',(#1808),#1812);
#1808 = LINE('',#1809,#1810);
#1809 = CARTESIAN_POINT('',(6.28318530718,-0.));
#1810 = VECTOR('',#1811,1.);
#1811 = DIRECTION('',(0.,1.));
#1812 = ( GEOMETRIC_REPRESENTATION_CONTEXT(2) 
PARAMETRIC_REPRESENTATION_CONTEXT() REPRESENTATION_CONTEXT('2D SPACE',''
  ) );
#1813 = ORIENTED_EDGE('',*,*,#1814,.F.);
#1814 = EDGE_CURVE('',#1792,#1792,#1815,.T.);
#1815 = SURFACE_CURVE('',#1816,(#1821,#1828),.PCURVE_S1.);
#1816 = CIRCLE('',#1817,9.000077270905);
#1817 = AXIS2_PLACEMENT_3D('',#1818,#1819,#1820);
#1818 = CARTESIAN_POINT('',(91.007032791466,11.989129550839,
    9.686866135217E-03));
#1819 = DIRECTION('',(0.999999818523,0.,6.024559158358E-04));
#1820 = DIRECTION('',(-6.024559158358E-04,0.,0.999999818523));
#1821 = PCURVE('',#1182,#1822);
#1822 = DEFINITIONAL_REPRESENTATION('',(#1823),#1827);
#1823 = LINE('',#1824,#1825);
#1824 = CARTESIAN_POINT('',(0.,2.016783046313));
#1825 = VECTOR('',#1826,1.);
#1826 = DIRECTION('',(1.,0.));
#1827 = ( GEOMETRIC_REPRESENTATION_CONTEXT(2) 
PARAMETRIC_REPRESENTATION_CONTEXT() REPRESENTATION_CONTEXT('2D SPACE',''
  ) );
#1828 = PCURVE('',#1829,#1834);
#1829 = PLANE('',#1830);
#1830 = AXIS2_PLACEMENT_3D('',#1831,#1832,#1833);
#1831 = CARTESIAN_POINT('',(91.007032791466,11.989129550839,
    9.686866135217E-03));
#1832 = DIRECTION('',(0.999999818523,0.,6.024559158358E-04));
#1833 = DIRECTION('',(-6.024559158358E-04,0.,0.999999818523));
#1834 = DEFINITIONAL_REPRESENTATION('',(#1835),#1839);
#1835 = CIRCLE('',#1836,9.000077270905);
#1836 = AXIS2_PLACEMENT_2D('',#1837,#1838);
#1837 = CARTESIAN_POINT('',(0.,0.));
#1838 = DIRECTION('',(1.,0.));
#1839 = ( GEOMETRIC_REPRESENTATION_CONTEXT(2) 
PARAMETRIC_REPRESENTATION_CONTEXT() REPRESENTATION_CONTEXT('2D SPACE',''
  ) );
#1840 = ORIENTED_EDGE('',*,*,#1791,.F.);
#1841 = ORIENTED_EDGE('',*,*,#1165,.T.);
#1842 = ORIENTED_EDGE('',*,*,#1440,.F.);
#1843 = ORIENTED_EDGE('',*,*,#1844,.T.);
#1844 = EDGE_CURVE('',#1415,#1298,#1845,.T.);
#1845 = SURFACE_CURVE('',#1846,(#1851,#1858),.PCURVE_S1.);
#1846 = CIRCLE('',#1847,9.000077270905);
#1847 = AXIS2_PLACEMENT_3D('',#1848,#1849,#1850);
#1848 = CARTESIAN_POINT('',(88.990250111152,11.989129550839,
    8.471843258008E-03));
#1849 = DIRECTION('',(0.999999818523,0.,6.024559158358E-04));
#1850 = DIRECTION('',(-6.024559158358E-04,0.,0.999999818523));
#1851 = PCURVE('',#1182,#1852);
#1852 = DEFINITIONAL_REPRESENTATION('',(#1853),#1857);
#1853 = LINE('',#1854,#1855);
#1854 = CARTESIAN_POINT('',(0.,0.));
#1855 = VECTOR('',#1856,1.);
#1856 = DIRECTION('',(1.,0.));
#1857 = ( GEOMETRIC_REPRESENTATION_CONTEXT(2) 
PARAMETRIC_REPRESENTATION_CONTEXT() REPRESENTATION_CONTEXT('2D SPACE',''
  ) );
#1858 = PCURVE('',#1429,#1859);
#1859 = DEFINITIONAL_REPRESENTATION('',(#1860),#1864);
#1860 = CIRCLE('',#1861,9.000077270905);
#1861 = AXIS2_PLACEMENT_2D('',#1862,#1863);
#1862 = CARTESIAN_POINT('',(0.,0.));
#1863 = DIRECTION('',(1.,0.));
#1864 = ( GEOMETRIC_REPRESENTATION_CONTEXT(2) 
PARAMETRIC_REPRESENTATION_CONTEXT() REPRESENTATION_CONTEXT('2D SPACE',''
  ) );
#1865 = ORIENTED_EDGE('',*,*,#1297,.T.);
#1866 = ORIENTED_EDGE('',*,*,#1651,.F.);
#1867 = ORIENTED_EDGE('',*,*,#1868,.T.);
#1868 = EDGE_CURVE('',#1652,#1681,#1869,.T.);
#1869 = SURFACE_CURVE('',#1870,(#1875,#1885),.PCURVE_S1.);
#1870 = ELLIPSE('',#1871,9.000087249977,9.000077270905);
#1871 = AXIS2_PLACEMENT_3D('',#1872,#1873,#1874);
#1872 = CARTESIAN_POINT('',(90.018531047171,11.989129550839,
    9.091337303478E-03));
#1873 = DIRECTION('',(0.999999606892,0.,-8.866881368923E-04));
#1874 = DIRECTION('',(8.866881368923E-04,0.,0.999999606892));
#1875 = PCURVE('',#1182,#1876);
#1876 = DEFINITIONAL_REPRESENTATION('',(#1877),#1884);
#1877 = B_SPLINE_CURVE_WITH_KNOTS('',5,(#1878,#1879,#1880,#1881,#1882,
    #1883),.UNSPECIFIED.,.F.,.F.,(6,6),(4.105022767419,5.31975519335),
  .PIECEWISE_BEZIER_KNOTS.);
#1878 = CARTESIAN_POINT('',(4.105022767419,1.020632270163));
#1879 = CARTESIAN_POINT('',(4.347969252606,1.023306006263));
#1880 = CARTESIAN_POINT('',(4.590915737792,1.026543977165));
#1881 = CARTESIAN_POINT('',(4.833862222978,1.030018268092));
#1882 = CARTESIAN_POINT('',(5.076808708164,1.033256238995));
#1883 = CARTESIAN_POINT('',(5.31975519335,1.035929975094));
#1884 = ( GEOMETRIC_REPRESENTATION_CONTEXT(2) 
PARAMETRIC_REPRESENTATION_CONTEXT() REPRESENTATION_CONTEXT('2D SPACE',''
  ) );
#1885 = PCURVE('',#1697,#1886);
#1886 = DEFINITIONAL_REPRESENTATION('',(#1887),#1891);
#1887 = ELLIPSE('',#1888,9.000087249977,9.000077270905);
#1888 = AXIS2_PLACEMENT_2D('',#1889,#1890);
#1889 = CARTESIAN_POINT('',(2.275016740057E-02,15.891146227222));
#1890 = DIRECTION('',(1.,0.));
#1891 = ( GEOMETRIC_REPRESENTATION_CONTEXT(2) 
PARAMETRIC_REPRESENTATION_CONTEXT() REPRESENTATION_CONTEXT('2D SPACE',''
  ) );
#1892 = ORIENTED_EDGE('',*,*,#1709,.T.);
#1893 = ADVANCED_FACE('',(#1894),#1429,.F.);
#1894 = FACE_BOUND('',#1895,.F.);
#1895 = EDGE_LOOP('',(#1896,#1897));
#1896 = ORIENTED_EDGE('',*,*,#1414,.T.);
#1897 = ORIENTED_EDGE('',*,*,#1844,.T.);
#1898 = ADVANCED_FACE('',(#1899),#1400,.T.);
#1899 = FACE_BOUND('',#1900,.T.);
#1900 = EDGE_LOOP('',(#1901,#1902,#1903));
#1901 = ORIENTED_EDGE('',*,*,#1387,.T.);
#1902 = ORIENTED_EDGE('',*,*,#1463,.T.);
#1903 = ORIENTED_EDGE('',*,*,#1904,.T.);
#1904 = EDGE_CURVE('',#1464,#898,#1905,.T.);
#1905 = SURFACE_CURVE('',#1906,(#1910,#1916),.PCURVE_S1.);
#1906 = LINE('',#1907,#1908);
#1907 = CARTESIAN_POINT('',(-88.99678282232,11.412991,0.111918309823));
#1908 = VECTOR('',#1909,1.);
#1909 = DIRECTION('',(-8.866881368923E-04,0.,-0.999999606892));
#1910 = PCURVE('',#1400,#1911);
#1911 = DEFINITIONAL_REPRESENTATION('',(#1912),#1915);
#1912 = B_SPLINE_CURVE_WITH_KNOTS('',1,(#1913,#1914),.UNSPECIFIED.,.F.,
  .F.,(2,2),(-17.03316501362,16.966857702361),.PIECEWISE_BEZIER_KNOTS.);
#1913 = CARTESIAN_POINT('',(17.000011357993,16.467302360974));
#1914 = CARTESIAN_POINT('',(-17.00001135799,16.467302360974));
#1915 = ( GEOMETRIC_REPRESENTATION_CONTEXT(2) 
PARAMETRIC_REPRESENTATION_CONTEXT() REPRESENTATION_CONTEXT('2D SPACE',''
  ) );
#1916 = PCURVE('',#1608,#1917);
#1917 = DEFINITIONAL_REPRESENTATION('',(#1918),#1921);
#1918 = B_SPLINE_CURVE_WITH_KNOTS('',1,(#1919,#1920),.UNSPECIFIED.,.F.,
  .F.,(2,2),(-17.03316501362,16.966857702361),.PIECEWISE_BEZIER_KNOTS.);
#1919 = CARTESIAN_POINT('',(17.145076627575,-88.81501305031));
#1920 = CARTESIAN_POINT('',(-16.85493272273,-88.8451604671));
#1921 = ( GEOMETRIC_REPRESENTATION_CONTEXT(2) 
PARAMETRIC_REPRESENTATION_CONTEXT() REPRESENTATION_CONTEXT('2D SPACE',''
  ) );
#1922 = ADVANCED_FACE('',(#1923),#1608,.T.);
#1923 = FACE_BOUND('',#1924,.T.);
#1924 = EDGE_LOOP('',(#1925,#1948,#1976,#2004,#2032,#2053,#2054));
#1925 = ORIENTED_EDGE('',*,*,#1926,.T.);
#1926 = EDGE_CURVE('',#1564,#1927,#1929,.T.);
#1927 = VERTEX_POINT('',#1928);
#1928 = CARTESIAN_POINT('',(-89.16666666666,11.412991,52.));
#1929 = SURFACE_CURVE('',#1930,(#1934,#1941),.PCURVE_S1.);
#1930 = LINE('',#1931,#1932);
#1931 = CARTESIAN_POINT('',(-89.16666666666,11.412991,-52.));
#1932 = VECTOR('',#1933,1.);
#1933 = DIRECTION('',(0.,0.,1.));
#1934 = PCURVE('',#1608,#1935);
#1935 = DEFINITIONAL_REPRESENTATION('',(#1936),#1940);
#1936 = LINE('',#1937,#1938);
#1937 = CARTESIAN_POINT('',(-52.,-89.));
#1938 = VECTOR('',#1939,1.);
#1939 = DIRECTION('',(1.,0.));
#1940 = ( GEOMETRIC_REPRESENTATION_CONTEXT(2) 
PARAMETRIC_REPRESENTATION_CONTEXT() REPRESENTATION_CONTEXT('2D SPACE',''
  ) );
#1941 = PCURVE('',#1583,#1942);
#1942 = DEFINITIONAL_REPRESENTATION('',(#1943),#1947);
#1943 = LINE('',#1944,#1945);
#1944 = CARTESIAN_POINT('',(0.,0.));
#1945 = VECTOR('',#1946,1.);
#1946 = DIRECTION('',(1.,0.));
#1947 = ( GEOMETRIC_REPRESENTATION_CONTEXT(2) 
PARAMETRIC_REPRESENTATION_CONTEXT() REPRESENTATION_CONTEXT('2D SPACE',''
  ) );
#1948 = ORIENTED_EDGE('',*,*,#1949,.T.);
#1949 = EDGE_CURVE('',#1927,#1950,#1952,.T.);
#1950 = VERTEX_POINT('',#1951);
#1951 = CARTESIAN_POINT('',(88.833333333333,11.412991,52.));
#1952 = SURFACE_CURVE('',#1953,(#1957,#1964),.PCURVE_S1.);
#1953 = LINE('',#1954,#1955);
#1954 = CARTESIAN_POINT('',(-89.16666666666,11.412991,52.));
#1955 = VECTOR('',#1956,1.);
#1956 = DIRECTION('',(1.,0.,0.));
#1957 = PCURVE('',#1608,#1958);
#1958 = DEFINITIONAL_REPRESENTATION('',(#1959),#1963);
#1959 = LINE('',#1960,#1961);
#1960 = CARTESIAN_POINT('',(52.,-89.));
#1961 = VECTOR('',#1962,1.);
#1962 = DIRECTION('',(0.,1.));
#1963 = ( GEOMETRIC_REPRESENTATION_CONTEXT(2) 
PARAMETRIC_REPRESENTATION_CONTEXT() REPRESENTATION_CONTEXT('2D SPACE',''
  ) );
#1964 = PCURVE('',#1965,#1970);
#1965 = PLANE('',#1966);
#1966 = AXIS2_PLACEMENT_3D('',#1967,#1968,#1969);
#1967 = CARTESIAN_POINT('',(-89.16666666666,11.412991,52.));
#1968 = DIRECTION('',(0.,0.,1.));
#1969 = DIRECTION('',(1.,0.,-0.));
#1970 = DEFINITIONAL_REPRESENTATION('',(#1971),#1975);
#1971 = LINE('',#1972,#1973);
#1972 = CARTESIAN_POINT('',(0.,0.));
#1973 = VECTOR('',#1974,1.);
#1974 = DIRECTION('',(1.,0.));
#1975 = ( GEOMETRIC_REPRESENTATION_CONTEXT(2) 
PARAMETRIC_REPRESENTATION_CONTEXT() REPRESENTATION_CONTEXT('2D SPACE',''
  ) );
#1976 = ORIENTED_EDGE('',*,*,#1977,.T.);
#1977 = EDGE_CURVE('',#1950,#1978,#1980,.T.);
#1978 = VERTEX_POINT('',#1979);
#1979 = CARTESIAN_POINT('',(88.833333333333,11.412991,-52.));
#1980 = SURFACE_CURVE('',#1981,(#1985,#1992),.PCURVE_S1.);
#1981 = LINE('',#1982,#1983);
#1982 = CARTESIAN_POINT('',(88.833333333333,11.412991,52.));
#1983 = VECTOR('',#1984,1.);
#1984 = DIRECTION('',(0.,0.,-1.));
#1985 = PCURVE('',#1608,#1986);
#1986 = DEFINITIONAL_REPRESENTATION('',(#1987),#1991);
#1987 = LINE('',#1988,#1989);
#1988 = CARTESIAN_POINT('',(52.,89.));
#1989 = VECTOR('',#1990,1.);
#1990 = DIRECTION('',(-1.,0.));
#1991 = ( GEOMETRIC_REPRESENTATION_CONTEXT(2) 
PARAMETRIC_REPRESENTATION_CONTEXT() REPRESENTATION_CONTEXT('2D SPACE',''
  ) );
#1992 = PCURVE('',#1993,#1998);
#1993 = PLANE('',#1994);
#1994 = AXIS2_PLACEMENT_3D('',#1995,#1996,#1997);
#1995 = CARTESIAN_POINT('',(88.833333333333,11.412991,52.));
#1996 = DIRECTION('',(1.,-0.,0.));
#1997 = DIRECTION('',(0.,0.,-1.));
#1998 = DEFINITIONAL_REPRESENTATION('',(#1999),#2003);
#1999 = LINE('',#2000,#2001);
#2000 = CARTESIAN_POINT('',(0.,0.));
#2001 = VECTOR('',#2002,1.);
#2002 = DIRECTION('',(1.,0.));
#2003 = ( GEOMETRIC_REPRESENTATION_CONTEXT(2) 
PARAMETRIC_REPRESENTATION_CONTEXT() REPRESENTATION_CONTEXT('2D SPACE',''
  ) );
#2004 = ORIENTED_EDGE('',*,*,#2005,.T.);
#2005 = EDGE_CURVE('',#1978,#2006,#2008,.T.);
#2006 = VERTEX_POINT('',#2007);
#2007 = CARTESIAN_POINT('',(-89.16666666666,11.412991,-52.));
#2008 = SURFACE_CURVE('',#2009,(#2013,#2020),.PCURVE_S1.);
#2009 = LINE('',#2010,#2011);
#2010 = CARTESIAN_POINT('',(88.833333333333,11.412991,-52.));
#2011 = VECTOR('',#2012,1.);
#2012 = DIRECTION('',(-1.,0.,0.));
#2013 = PCURVE('',#1608,#2014);
#2014 = DEFINITIONAL_REPRESENTATION('',(#2015),#2019);
#2015 = LINE('',#2016,#2017);
#2016 = CARTESIAN_POINT('',(-52.,89.));
#2017 = VECTOR('',#2018,1.);
#2018 = DIRECTION('',(0.,-1.));
#2019 = ( GEOMETRIC_REPRESENTATION_CONTEXT(2) 
PARAMETRIC_REPRESENTATION_CONTEXT() REPRESENTATION_CONTEXT('2D SPACE',''
  ) );
#2020 = PCURVE('',#2021,#2026);
#2021 = PLANE('',#2022);
#2022 = AXIS2_PLACEMENT_3D('',#2023,#2024,#2025);
#2023 = CARTESIAN_POINT('',(88.833333333333,11.412991,-52.));
#2024 = DIRECTION('',(0.,0.,-1.));
#2025 = DIRECTION('',(-1.,0.,0.));
#2026 = DEFINITIONAL_REPRESENTATION('',(#2027),#2031);
#2027 = LINE('',#2028,#2029);
#2028 = CARTESIAN_POINT('',(0.,0.));
#2029 = VECTOR('',#2030,1.);
#2030 = DIRECTION('',(1.,0.));
#2031 = ( GEOMETRIC_REPRESENTATION_CONTEXT(2) 
PARAMETRIC_REPRESENTATION_CONTEXT() REPRESENTATION_CONTEXT('2D SPACE',''
  ) );
#2032 = ORIENTED_EDGE('',*,*,#2033,.T.);
#2033 = EDGE_CURVE('',#2006,#898,#2034,.T.);
#2034 = SURFACE_CURVE('',#2035,(#2039,#2046),.PCURVE_S1.);
#2035 = LINE('',#2036,#2037);
#2036 = CARTESIAN_POINT('',(-89.16666666666,11.412991,-52.));
#2037 = VECTOR('',#2038,1.);
#2038 = DIRECTION('',(0.,0.,1.));
#2039 = PCURVE('',#1608,#2040);
#2040 = DEFINITIONAL_REPRESENTATION('',(#2041),#2045);
#2041 = LINE('',#2042,#2043);
#2042 = CARTESIAN_POINT('',(-52.,-89.));
#2043 = VECTOR('',#2044,1.);
#2044 = DIRECTION('',(1.,0.));
#2045 = ( GEOMETRIC_REPRESENTATION_CONTEXT(2) 
PARAMETRIC_REPRESENTATION_CONTEXT() REPRESENTATION_CONTEXT('2D SPACE',''
  ) );
#2046 = PCURVE('',#1583,#2047);
#2047 = DEFINITIONAL_REPRESENTATION('',(#2048),#2052);
#2048 = LINE('',#2049,#2050);
#2049 = CARTESIAN_POINT('',(0.,0.));
#2050 = VECTOR('',#2051,1.);
#2051 = DIRECTION('',(1.,0.));
#2052 = ( GEOMETRIC_REPRESENTATION_CONTEXT(2) 
PARAMETRIC_REPRESENTATION_CONTEXT() REPRESENTATION_CONTEXT('2D SPACE',''
  ) );
#2053 = ORIENTED_EDGE('',*,*,#1904,.F.);
#2054 = ORIENTED_EDGE('',*,*,#1595,.F.);
#2055 = ADVANCED_FACE('',(#2056),#1583,.T.);
#2056 = FACE_BOUND('',#2057,.T.);
#2057 = EDGE_LOOP('',(#2058,#2059,#2082,#2110,#2131,#2132));
#2058 = ORIENTED_EDGE('',*,*,#2033,.F.);
#2059 = ORIENTED_EDGE('',*,*,#2060,.T.);
#2060 = EDGE_CURVE('',#2006,#2061,#2063,.T.);
#2061 = VERTEX_POINT('',#2062);
#2062 = CARTESIAN_POINT('',(-89.16666666666,0.412991,-52.));
#2063 = SURFACE_CURVE('',#2064,(#2068,#2075),.PCURVE_S1.);
#2064 = LINE('',#2065,#2066);
#2065 = CARTESIAN_POINT('',(-89.16666666666,11.412991,-52.));
#2066 = VECTOR('',#2067,1.);
#2067 = DIRECTION('',(-0.,-1.,-0.));
#2068 = PCURVE('',#1583,#2069);
#2069 = DEFINITIONAL_REPRESENTATION('',(#2070),#2074);
#2070 = LINE('',#2071,#2072);
#2071 = CARTESIAN_POINT('',(0.,0.));
#2072 = VECTOR('',#2073,1.);
#2073 = DIRECTION('',(0.,-1.));
#2074 = ( GEOMETRIC_REPRESENTATION_CONTEXT(2) 
PARAMETRIC_REPRESENTATION_CONTEXT() REPRESENTATION_CONTEXT('2D SPACE',''
  ) );
#2075 = PCURVE('',#2021,#2076);
#2076 = DEFINITIONAL_REPRESENTATION('',(#2077),#2081);
#2077 = LINE('',#2078,#2079);
#2078 = CARTESIAN_POINT('',(178.,0.));
#2079 = VECTOR('',#2080,1.);
#2080 = DIRECTION('',(0.,-1.));
#2081 = ( GEOMETRIC_REPRESENTATION_CONTEXT(2) 
PARAMETRIC_REPRESENTATION_CONTEXT() REPRESENTATION_CONTEXT('2D SPACE',''
  ) );
#2082 = ORIENTED_EDGE('',*,*,#2083,.T.);
#2083 = EDGE_CURVE('',#2061,#2084,#2086,.T.);
#2084 = VERTEX_POINT('',#2085);
#2085 = CARTESIAN_POINT('',(-89.16666666666,0.412991,52.));
#2086 = SURFACE_CURVE('',#2087,(#2091,#2098),.PCURVE_S1.);
#2087 = LINE('',#2088,#2089);
#2088 = CARTESIAN_POINT('',(-89.16666666666,0.412991,-52.));
#2089 = VECTOR('',#2090,1.);
#2090 = DIRECTION('',(0.,0.,1.));
#2091 = PCURVE('',#1583,#2092);
#2092 = DEFINITIONAL_REPRESENTATION('',(#2093),#2097);
#2093 = LINE('',#2094,#2095);
#2094 = CARTESIAN_POINT('',(0.,-11.));
#2095 = VECTOR('',#2096,1.);
#2096 = DIRECTION('',(1.,0.));
#2097 = ( GEOMETRIC_REPRESENTATION_CONTEXT(2) 
PARAMETRIC_REPRESENTATION_CONTEXT() REPRESENTATION_CONTEXT('2D SPACE',''
  ) );
#2098 = PCURVE('',#2099,#2104);
#2099 = PLANE('',#2100);
#2100 = AXIS2_PLACEMENT_3D('',#2101,#2102,#2103);
#2101 = CARTESIAN_POINT('',(-0.166666666667,0.412991,0.));
#2102 = DIRECTION('',(0.,1.,0.));
#2103 = DIRECTION('',(0.,-0.,1.));
#2104 = DEFINITIONAL_REPRESENTATION('',(#2105),#2109);
#2105 = LINE('',#2106,#2107);
#2106 = CARTESIAN_POINT('',(-52.,-89.));
#2107 = VECTOR('',#2108,1.);
#2108 = DIRECTION('',(1.,0.));
#2109 = ( GEOMETRIC_REPRESENTATION_CONTEXT(2) 
PARAMETRIC_REPRESENTATION_CONTEXT() REPRESENTATION_CONTEXT('2D SPACE',''
  ) );
#2110 = ORIENTED_EDGE('',*,*,#2111,.F.);
#2111 = EDGE_CURVE('',#1927,#2084,#2112,.T.);
#2112 = SURFACE_CURVE('',#2113,(#2117,#2124),.PCURVE_S1.);
#2113 = LINE('',#2114,#2115);
#2114 = CARTESIAN_POINT('',(-89.16666666666,11.412991,52.));
#2115 = VECTOR('',#2116,1.);
#2116 = DIRECTION('',(-0.,-1.,-0.));
#2117 = PCURVE('',#1583,#2118);
#2118 = DEFINITIONAL_REPRESENTATION('',(#2119),#2123);
#2119 = LINE('',#2120,#2121);
#2120 = CARTESIAN_POINT('',(104.,0.));
#2121 = VECTOR('',#2122,1.);
#2122 = DIRECTION('',(0.,-1.));
#2123 = ( GEOMETRIC_REPRESENTATION_CONTEXT(2) 
PARAMETRIC_REPRESENTATION_CONTEXT() REPRESENTATION_CONTEXT('2D SPACE',''
  ) );
#2124 = PCURVE('',#1965,#2125);
#2125 = DEFINITIONAL_REPRESENTATION('',(#2126),#2130);
#2126 = LINE('',#2127,#2128);
#2127 = CARTESIAN_POINT('',(0.,0.));
#2128 = VECTOR('',#2129,1.);
#2129 = DIRECTION('',(0.,-1.));
#2130 = ( GEOMETRIC_REPRESENTATION_CONTEXT(2) 
PARAMETRIC_REPRESENTATION_CONTEXT() REPRESENTATION_CONTEXT('2D SPACE',''
  ) );
#2131 = ORIENTED_EDGE('',*,*,#1926,.F.);
#2132 = ORIENTED_EDGE('',*,*,#1563,.F.);
#2133 = ADVANCED_FACE('',(#2134,#2137),#1527,.F.);
#2134 = FACE_BOUND('',#2135,.F.);
#2135 = EDGE_LOOP('',(#2136));
#2136 = ORIENTED_EDGE('',*,*,#1512,.T.);
#2137 = FACE_BOUND('',#2138,.F.);
#2138 = EDGE_LOOP('',(#2139));
#2139 = ORIENTED_EDGE('',*,*,#1760,.F.);
#2140 = ADVANCED_FACE('',(#2141),#1697,.F.);
#2141 = FACE_BOUND('',#2142,.F.);
#2142 = EDGE_LOOP('',(#2143,#2144));
#2143 = ORIENTED_EDGE('',*,*,#1868,.T.);
#2144 = ORIENTED_EDGE('',*,*,#1680,.T.);
#2145 = ADVANCED_FACE('',(#2146),#1829,.T.);
#2146 = FACE_BOUND('',#2147,.T.);
#2147 = EDGE_LOOP('',(#2148));
#2148 = ORIENTED_EDGE('',*,*,#1814,.T.);
#2149 = ADVANCED_FACE('',(#2150),#2021,.T.);
#2150 = FACE_BOUND('',#2151,.T.);
#2151 = EDGE_LOOP('',(#2152,#2153,#2176,#2204,#2232,#2260,#2288,#2309));
#2152 = ORIENTED_EDGE('',*,*,#2005,.F.);
#2153 = ORIENTED_EDGE('',*,*,#2154,.T.);
#2154 = EDGE_CURVE('',#1978,#2155,#2157,.T.);
#2155 = VERTEX_POINT('',#2156);
#2156 = CARTESIAN_POINT('',(88.833333333333,0.412991,-52.));
#2157 = SURFACE_CURVE('',#2158,(#2162,#2169),.PCURVE_S1.);
#2158 = LINE('',#2159,#2160);
#2159 = CARTESIAN_POINT('',(88.833333333333,11.412991,-52.));
#2160 = VECTOR('',#2161,1.);
#2161 = DIRECTION('',(-0.,-1.,-0.));
#2162 = PCURVE('',#2021,#2163);
#2163 = DEFINITIONAL_REPRESENTATION('',(#2164),#2168);
#2164 = LINE('',#2165,#2166);
#2165 = CARTESIAN_POINT('',(0.,0.));
#2166 = VECTOR('',#2167,1.);
#2167 = DIRECTION('',(0.,-1.));
#2168 = ( GEOMETRIC_REPRESENTATION_CONTEXT(2) 
PARAMETRIC_REPRESENTATION_CONTEXT() REPRESENTATION_CONTEXT('2D SPACE',''
  ) );
#2169 = PCURVE('',#1993,#2170);
#2170 = DEFINITIONAL_REPRESENTATION('',(#2171),#2175);
#2171 = LINE('',#2172,#2173);
#2172 = CARTESIAN_POINT('',(104.,0.));
#2173 = VECTOR('',#2174,1.);
#2174 = DIRECTION('',(0.,-1.));
#2175 = ( GEOMETRIC_REPRESENTATION_CONTEXT(2) 
PARAMETRIC_REPRESENTATION_CONTEXT() REPRESENTATION_CONTEXT('2D SPACE',''
  ) );
#2176 = ORIENTED_EDGE('',*,*,#2177,.T.);
#2177 = EDGE_CURVE('',#2155,#2178,#2180,.T.);
#2178 = VERTEX_POINT('',#2179);
#2179 = CARTESIAN_POINT('',(42.333333333333,0.412991,-52.));
#2180 = SURFACE_CURVE('',#2181,(#2185,#2192),.PCURVE_S1.);
#2181 = LINE('',#2182,#2183);
#2182 = CARTESIAN_POINT('',(88.833333333333,0.412991,-52.));
#2183 = VECTOR('',#2184,1.);
#2184 = DIRECTION('',(-1.,0.,0.));
#2185 = PCURVE('',#2021,#2186);
#2186 = DEFINITIONAL_REPRESENTATION('',(#2187),#2191);
#2187 = LINE('',#2188,#2189);
#2188 = CARTESIAN_POINT('',(0.,-11.));
#2189 = VECTOR('',#2190,1.);
#2190 = DIRECTION('',(1.,0.));
#2191 = ( GEOMETRIC_REPRESENTATION_CONTEXT(2) 
PARAMETRIC_REPRESENTATION_CONTEXT() REPRESENTATION_CONTEXT('2D SPACE',''
  ) );
#2192 = PCURVE('',#2193,#2198);
#2193 = PLANE('',#2194);
#2194 = AXIS2_PLACEMENT_3D('',#2195,#2196,#2197);
#2195 = CARTESIAN_POINT('',(-0.166666666667,0.412991,0.));
#2196 = DIRECTION('',(0.,1.,0.));
#2197 = DIRECTION('',(0.,-0.,1.));
#2198 = DEFINITIONAL_REPRESENTATION('',(#2199),#2203);
#2199 = LINE('',#2200,#2201);
#2200 = CARTESIAN_POINT('',(-52.,89.));
#2201 = VECTOR('',#2202,1.);
#2202 = DIRECTION('',(0.,-1.));
#2203 = ( GEOMETRIC_REPRESENTATION_CONTEXT(2) 
PARAMETRIC_REPRESENTATION_CONTEXT() REPRESENTATION_CONTEXT('2D SPACE',''
  ) );
#2204 = ORIENTED_EDGE('',*,*,#2205,.T.);
#2205 = EDGE_CURVE('',#2178,#2206,#2208,.T.);
#2206 = VERTEX_POINT('',#2207);
#2207 = CARTESIAN_POINT('',(42.333333333333,3.,-52.));
#2208 = SURFACE_CURVE('',#2209,(#2213,#2220),.PCURVE_S1.);
#2209 = LINE('',#2210,#2211);
#2210 = CARTESIAN_POINT('',(42.333333333333,-0.15,-52.));
#2211 = VECTOR('',#2212,1.);
#2212 = DIRECTION('',(0.,1.,0.));
#2213 = PCURVE('',#2021,#2214);
#2214 = DEFINITIONAL_REPRESENTATION('',(#2215),#2219);
#2215 = LINE('',#2216,#2217);
#2216 = CARTESIAN_POINT('',(46.5,-11.562991));
#2217 = VECTOR('',#2218,1.);
#2218 = DIRECTION('',(0.,1.));
#2219 = ( GEOMETRIC_REPRESENTATION_CONTEXT(2) 
PARAMETRIC_REPRESENTATION_CONTEXT() REPRESENTATION_CONTEXT('2D SPACE',''
  ) );
#2220 = PCURVE('',#2221,#2226);
#2221 = PLANE('',#2222);
#2222 = AXIS2_PLACEMENT_3D('',#2223,#2224,#2225);
#2223 = CARTESIAN_POINT('',(42.333333333333,-0.15,-52.));
#2224 = DIRECTION('',(1.,0.,0.));
#2225 = DIRECTION('',(0.,0.,1.));
#2226 = DEFINITIONAL_REPRESENTATION('',(#2227),#2231);
#2227 = LINE('',#2228,#2229);
#2228 = CARTESIAN_POINT('',(0.,0.));
#2229 = VECTOR('',#2230,1.);
#2230 = DIRECTION('',(0.,-1.));
#2231 = ( GEOMETRIC_REPRESENTATION_CONTEXT(2) 
PARAMETRIC_REPRESENTATION_CONTEXT() REPRESENTATION_CONTEXT('2D SPACE',''
  ) );
#2232 = ORIENTED_EDGE('',*,*,#2233,.F.);
#2233 = EDGE_CURVE('',#2234,#2206,#2236,.T.);
#2234 = VERTEX_POINT('',#2235);
#2235 = CARTESIAN_POINT('',(-42.66666666666,3.,-52.));
#2236 = SURFACE_CURVE('',#2237,(#2241,#2248),.PCURVE_S1.);
#2237 = LINE('',#2238,#2239);
#2238 = CARTESIAN_POINT('',(-42.66666666666,3.,-52.));
#2239 = VECTOR('',#2240,1.);
#2240 = DIRECTION('',(1.,0.,0.));
#2241 = PCURVE('',#2021,#2242);
#2242 = DEFINITIONAL_REPRESENTATION('',(#2243),#2247);
#2243 = LINE('',#2244,#2245);
#2244 = CARTESIAN_POINT('',(131.5,-8.412991));
#2245 = VECTOR('',#2246,1.);
#2246 = DIRECTION('',(-1.,0.));
#2247 = ( GEOMETRIC_REPRESENTATION_CONTEXT(2) 
PARAMETRIC_REPRESENTATION_CONTEXT() REPRESENTATION_CONTEXT('2D SPACE',''
  ) );
#2248 = PCURVE('',#2249,#2254);
#2249 = PLANE('',#2250);
#2250 = AXIS2_PLACEMENT_3D('',#2251,#2252,#2253);
#2251 = CARTESIAN_POINT('',(-0.166666666667,3.,0.));
#2252 = DIRECTION('',(-0.,-1.,-0.));
#2253 = DIRECTION('',(0.,0.,-1.));
#2254 = DEFINITIONAL_REPRESENTATION('',(#2255),#2259);
#2255 = LINE('',#2256,#2257);
#2256 = CARTESIAN_POINT('',(52.,-42.5));
#2257 = VECTOR('',#2258,1.);
#2258 = DIRECTION('',(0.,1.));
#2259 = ( GEOMETRIC_REPRESENTATION_CONTEXT(2) 
PARAMETRIC_REPRESENTATION_CONTEXT() REPRESENTATION_CONTEXT('2D SPACE',''
  ) );
#2260 = ORIENTED_EDGE('',*,*,#2261,.F.);
#2261 = EDGE_CURVE('',#2262,#2234,#2264,.T.);
#2262 = VERTEX_POINT('',#2263);
#2263 = CARTESIAN_POINT('',(-42.66666666666,0.412991,-52.));
#2264 = SURFACE_CURVE('',#2265,(#2269,#2276),.PCURVE_S1.);
#2265 = LINE('',#2266,#2267);
#2266 = CARTESIAN_POINT('',(-42.66666666666,-0.15,-52.));
#2267 = VECTOR('',#2268,1.);
#2268 = DIRECTION('',(0.,1.,0.));
#2269 = PCURVE('',#2021,#2270);
#2270 = DEFINITIONAL_REPRESENTATION('',(#2271),#2275);
#2271 = LINE('',#2272,#2273);
#2272 = CARTESIAN_POINT('',(131.5,-11.562991));
#2273 = VECTOR('',#2274,1.);
#2274 = DIRECTION('',(0.,1.));
#2275 = ( GEOMETRIC_REPRESENTATION_CONTEXT(2) 
PARAMETRIC_REPRESENTATION_CONTEXT() REPRESENTATION_CONTEXT('2D SPACE',''
  ) );
#2276 = PCURVE('',#2277,#2282);
#2277 = PLANE('',#2278);
#2278 = AXIS2_PLACEMENT_3D('',#2279,#2280,#2281);
#2279 = CARTESIAN_POINT('',(-42.66666666666,-0.15,52.));
#2280 = DIRECTION('',(-1.,0.,0.));
#2281 = DIRECTION('',(0.,0.,-1.));
#2282 = DEFINITIONAL_REPRESENTATION('',(#2283),#2287);
#2283 = LINE('',#2284,#2285);
#2284 = CARTESIAN_POINT('',(104.,0.));
#2285 = VECTOR('',#2286,1.);
#2286 = DIRECTION('',(0.,-1.));
#2287 = ( GEOMETRIC_REPRESENTATION_CONTEXT(2) 
PARAMETRIC_REPRESENTATION_CONTEXT() REPRESENTATION_CONTEXT('2D SPACE',''
  ) );
#2288 = ORIENTED_EDGE('',*,*,#2289,.T.);
#2289 = EDGE_CURVE('',#2262,#2061,#2290,.T.);
#2290 = SURFACE_CURVE('',#2291,(#2295,#2302),.PCURVE_S1.);
#2291 = LINE('',#2292,#2293);
#2292 = CARTESIAN_POINT('',(88.833333333333,0.412991,-52.));
#2293 = VECTOR('',#2294,1.);
#2294 = DIRECTION('',(-1.,0.,0.));
#2295 = PCURVE('',#2021,#2296);
#2296 = DEFINITIONAL_REPRESENTATION('',(#2297),#2301);
#2297 = LINE('',#2298,#2299);
#2298 = CARTESIAN_POINT('',(0.,-11.));
#2299 = VECTOR('',#2300,1.);
#2300 = DIRECTION('',(1.,0.));
#2301 = ( GEOMETRIC_REPRESENTATION_CONTEXT(2) 
PARAMETRIC_REPRESENTATION_CONTEXT() REPRESENTATION_CONTEXT('2D SPACE',''
  ) );
#2302 = PCURVE('',#2099,#2303);
#2303 = DEFINITIONAL_REPRESENTATION('',(#2304),#2308);
#2304 = LINE('',#2305,#2306);
#2305 = CARTESIAN_POINT('',(-52.,89.));
#2306 = VECTOR('',#2307,1.);
#2307 = DIRECTION('',(0.,-1.));
#2308 = ( GEOMETRIC_REPRESENTATION_CONTEXT(2) 
PARAMETRIC_REPRESENTATION_CONTEXT() REPRESENTATION_CONTEXT('2D SPACE',''
  ) );
#2309 = ORIENTED_EDGE('',*,*,#2060,.F.);
#2310 = ADVANCED_FACE('',(#2311),#1993,.T.);
#2311 = FACE_BOUND('',#2312,.T.);
#2312 = EDGE_LOOP('',(#2313,#2336,#2357,#2358));
#2313 = ORIENTED_EDGE('',*,*,#2314,.T.);
#2314 = EDGE_CURVE('',#1950,#2315,#2317,.T.);
#2315 = VERTEX_POINT('',#2316);
#2316 = CARTESIAN_POINT('',(88.833333333333,0.412991,52.));
#2317 = SURFACE_CURVE('',#2318,(#2322,#2329),.PCURVE_S1.);
#2318 = LINE('',#2319,#2320);
#2319 = CARTESIAN_POINT('',(88.833333333333,11.412991,52.));
#2320 = VECTOR('',#2321,1.);
#2321 = DIRECTION('',(-0.,-1.,-0.));
#2322 = PCURVE('',#1993,#2323);
#2323 = DEFINITIONAL_REPRESENTATION('',(#2324),#2328);
#2324 = LINE('',#2325,#2326);
#2325 = CARTESIAN_POINT('',(0.,0.));
#2326 = VECTOR('',#2327,1.);
#2327 = DIRECTION('',(0.,-1.));
#2328 = ( GEOMETRIC_REPRESENTATION_CONTEXT(2) 
PARAMETRIC_REPRESENTATION_CONTEXT() REPRESENTATION_CONTEXT('2D SPACE',''
  ) );
#2329 = PCURVE('',#1965,#2330);
#2330 = DEFINITIONAL_REPRESENTATION('',(#2331),#2335);
#2331 = LINE('',#2332,#2333);
#2332 = CARTESIAN_POINT('',(178.,0.));
#2333 = VECTOR('',#2334,1.);
#2334 = DIRECTION('',(0.,-1.));
#2335 = ( GEOMETRIC_REPRESENTATION_CONTEXT(2) 
PARAMETRIC_REPRESENTATION_CONTEXT() REPRESENTATION_CONTEXT('2D SPACE',''
  ) );
#2336 = ORIENTED_EDGE('',*,*,#2337,.T.);
#2337 = EDGE_CURVE('',#2315,#2155,#2338,.T.);
#2338 = SURFACE_CURVE('',#2339,(#2343,#2350),.PCURVE_S1.);
#2339 = LINE('',#2340,#2341);
#2340 = CARTESIAN_POINT('',(88.833333333333,0.412991,52.));
#2341 = VECTOR('',#2342,1.);
#2342 = DIRECTION('',(0.,0.,-1.));
#2343 = PCURVE('',#1993,#2344);
#2344 = DEFINITIONAL_REPRESENTATION('',(#2345),#2349);
#2345 = LINE('',#2346,#2347);
#2346 = CARTESIAN_POINT('',(0.,-11.));
#2347 = VECTOR('',#2348,1.);
#2348 = DIRECTION('',(1.,0.));
#2349 = ( GEOMETRIC_REPRESENTATION_CONTEXT(2) 
PARAMETRIC_REPRESENTATION_CONTEXT() REPRESENTATION_CONTEXT('2D SPACE',''
  ) );
#2350 = PCURVE('',#2193,#2351);
#2351 = DEFINITIONAL_REPRESENTATION('',(#2352),#2356);
#2352 = LINE('',#2353,#2354);
#2353 = CARTESIAN_POINT('',(52.,89.));
#2354 = VECTOR('',#2355,1.);
#2355 = DIRECTION('',(-1.,0.));
#2356 = ( GEOMETRIC_REPRESENTATION_CONTEXT(2) 
PARAMETRIC_REPRESENTATION_CONTEXT() REPRESENTATION_CONTEXT('2D SPACE',''
  ) );
#2357 = ORIENTED_EDGE('',*,*,#2154,.F.);
#2358 = ORIENTED_EDGE('',*,*,#1977,.F.);
#2359 = ADVANCED_FACE('',(#2360),#1965,.T.);
#2360 = FACE_BOUND('',#2361,.T.);
#2361 = EDGE_LOOP('',(#2362,#2363,#2364,#2387,#2410,#2433,#2456,#2477));
#2362 = ORIENTED_EDGE('',*,*,#1949,.F.);
#2363 = ORIENTED_EDGE('',*,*,#2111,.T.);
#2364 = ORIENTED_EDGE('',*,*,#2365,.T.);
#2365 = EDGE_CURVE('',#2084,#2366,#2368,.T.);
#2366 = VERTEX_POINT('',#2367);
#2367 = CARTESIAN_POINT('',(-42.66666666666,0.412991,52.));
#2368 = SURFACE_CURVE('',#2369,(#2373,#2380),.PCURVE_S1.);
#2369 = LINE('',#2370,#2371);
#2370 = CARTESIAN_POINT('',(-89.16666666666,0.412991,52.));
#2371 = VECTOR('',#2372,1.);
#2372 = DIRECTION('',(1.,0.,0.));
#2373 = PCURVE('',#1965,#2374);
#2374 = DEFINITIONAL_REPRESENTATION('',(#2375),#2379);
#2375 = LINE('',#2376,#2377);
#2376 = CARTESIAN_POINT('',(0.,-11.));
#2377 = VECTOR('',#2378,1.);
#2378 = DIRECTION('',(1.,0.));
#2379 = ( GEOMETRIC_REPRESENTATION_CONTEXT(2) 
PARAMETRIC_REPRESENTATION_CONTEXT() REPRESENTATION_CONTEXT('2D SPACE',''
  ) );
#2380 = PCURVE('',#2099,#2381);
#2381 = DEFINITIONAL_REPRESENTATION('',(#2382),#2386);
#2382 = LINE('',#2383,#2384);
#2383 = CARTESIAN_POINT('',(52.,-89.));
#2384 = VECTOR('',#2385,1.);
#2385 = DIRECTION('',(0.,1.));
#2386 = ( GEOMETRIC_REPRESENTATION_CONTEXT(2) 
PARAMETRIC_REPRESENTATION_CONTEXT() REPRESENTATION_CONTEXT('2D SPACE',''
  ) );
#2387 = ORIENTED_EDGE('',*,*,#2388,.T.);
#2388 = EDGE_CURVE('',#2366,#2389,#2391,.T.);
#2389 = VERTEX_POINT('',#2390);
#2390 = CARTESIAN_POINT('',(-42.66666666666,3.,52.));
#2391 = SURFACE_CURVE('',#2392,(#2396,#2403),.PCURVE_S1.);
#2392 = LINE('',#2393,#2394);
#2393 = CARTESIAN_POINT('',(-42.66666666666,-0.15,52.));
#2394 = VECTOR('',#2395,1.);
#2395 = DIRECTION('',(0.,1.,0.));
#2396 = PCURVE('',#1965,#2397);
#2397 = DEFINITIONAL_REPRESENTATION('',(#2398),#2402);
#2398 = LINE('',#2399,#2400);
#2399 = CARTESIAN_POINT('',(46.5,-11.562991));
#2400 = VECTOR('',#2401,1.);
#2401 = DIRECTION('',(0.,1.));
#2402 = ( GEOMETRIC_REPRESENTATION_CONTEXT(2) 
PARAMETRIC_REPRESENTATION_CONTEXT() REPRESENTATION_CONTEXT('2D SPACE',''
  ) );
#2403 = PCURVE('',#2277,#2404);
#2404 = DEFINITIONAL_REPRESENTATION('',(#2405),#2409);
#2405 = LINE('',#2406,#2407);
#2406 = CARTESIAN_POINT('',(0.,-0.));
#2407 = VECTOR('',#2408,1.);
#2408 = DIRECTION('',(0.,-1.));
#2409 = ( GEOMETRIC_REPRESENTATION_CONTEXT(2) 
PARAMETRIC_REPRESENTATION_CONTEXT() REPRESENTATION_CONTEXT('2D SPACE',''
  ) );
#2410 = ORIENTED_EDGE('',*,*,#2411,.F.);
#2411 = EDGE_CURVE('',#2412,#2389,#2414,.T.);
#2412 = VERTEX_POINT('',#2413);
#2413 = CARTESIAN_POINT('',(42.333333333333,3.,52.));
#2414 = SURFACE_CURVE('',#2415,(#2419,#2426),.PCURVE_S1.);
#2415 = LINE('',#2416,#2417);
#2416 = CARTESIAN_POINT('',(42.333333333333,3.,52.));
#2417 = VECTOR('',#2418,1.);
#2418 = DIRECTION('',(-1.,0.,0.));
#2419 = PCURVE('',#1965,#2420);
#2420 = DEFINITIONAL_REPRESENTATION('',(#2421),#2425);
#2421 = LINE('',#2422,#2423);
#2422 = CARTESIAN_POINT('',(131.5,-8.412991));
#2423 = VECTOR('',#2424,1.);
#2424 = DIRECTION('',(-1.,0.));
#2425 = ( GEOMETRIC_REPRESENTATION_CONTEXT(2) 
PARAMETRIC_REPRESENTATION_CONTEXT() REPRESENTATION_CONTEXT('2D SPACE',''
  ) );
#2426 = PCURVE('',#2249,#2427);
#2427 = DEFINITIONAL_REPRESENTATION('',(#2428),#2432);
#2428 = LINE('',#2429,#2430);
#2429 = CARTESIAN_POINT('',(-52.,42.5));
#2430 = VECTOR('',#2431,1.);
#2431 = DIRECTION('',(0.,-1.));
#2432 = ( GEOMETRIC_REPRESENTATION_CONTEXT(2) 
PARAMETRIC_REPRESENTATION_CONTEXT() REPRESENTATION_CONTEXT('2D SPACE',''
  ) );
#2433 = ORIENTED_EDGE('',*,*,#2434,.F.);
#2434 = EDGE_CURVE('',#2435,#2412,#2437,.T.);
#2435 = VERTEX_POINT('',#2436);
#2436 = CARTESIAN_POINT('',(42.333333333333,0.412991,52.));
#2437 = SURFACE_CURVE('',#2438,(#2442,#2449),.PCURVE_S1.);
#2438 = LINE('',#2439,#2440);
#2439 = CARTESIAN_POINT('',(42.333333333333,-0.15,52.));
#2440 = VECTOR('',#2441,1.);
#2441 = DIRECTION('',(0.,1.,0.));
#2442 = PCURVE('',#1965,#2443);
#2443 = DEFINITIONAL_REPRESENTATION('',(#2444),#2448);
#2444 = LINE('',#2445,#2446);
#2445 = CARTESIAN_POINT('',(131.5,-11.562991));
#2446 = VECTOR('',#2447,1.);
#2447 = DIRECTION('',(0.,1.));
#2448 = ( GEOMETRIC_REPRESENTATION_CONTEXT(2) 
PARAMETRIC_REPRESENTATION_CONTEXT() REPRESENTATION_CONTEXT('2D SPACE',''
  ) );
#2449 = PCURVE('',#2221,#2450);
#2450 = DEFINITIONAL_REPRESENTATION('',(#2451),#2455);
#2451 = LINE('',#2452,#2453);
#2452 = CARTESIAN_POINT('',(104.,0.));
#2453 = VECTOR('',#2454,1.);
#2454 = DIRECTION('',(0.,-1.));
#2455 = ( GEOMETRIC_REPRESENTATION_CONTEXT(2) 
PARAMETRIC_REPRESENTATION_CONTEXT() REPRESENTATION_CONTEXT('2D SPACE',''
  ) );
#2456 = ORIENTED_EDGE('',*,*,#2457,.T.);
#2457 = EDGE_CURVE('',#2435,#2315,#2458,.T.);
#2458 = SURFACE_CURVE('',#2459,(#2463,#2470),.PCURVE_S1.);
#2459 = LINE('',#2460,#2461);
#2460 = CARTESIAN_POINT('',(-89.16666666666,0.412991,52.));
#2461 = VECTOR('',#2462,1.);
#2462 = DIRECTION('',(1.,0.,0.));
#2463 = PCURVE('',#1965,#2464);
#2464 = DEFINITIONAL_REPRESENTATION('',(#2465),#2469);
#2465 = LINE('',#2466,#2467);
#2466 = CARTESIAN_POINT('',(0.,-11.));
#2467 = VECTOR('',#2468,1.);
#2468 = DIRECTION('',(1.,0.));
#2469 = ( GEOMETRIC_REPRESENTATION_CONTEXT(2) 
PARAMETRIC_REPRESENTATION_CONTEXT() REPRESENTATION_CONTEXT('2D SPACE',''
  ) );
#2470 = PCURVE('',#2193,#2471);
#2471 = DEFINITIONAL_REPRESENTATION('',(#2472),#2476);
#2472 = LINE('',#2473,#2474);
#2473 = CARTESIAN_POINT('',(52.,-89.));
#2474 = VECTOR('',#2475,1.);
#2475 = DIRECTION('',(0.,1.));
#2476 = ( GEOMETRIC_REPRESENTATION_CONTEXT(2) 
PARAMETRIC_REPRESENTATION_CONTEXT() REPRESENTATION_CONTEXT('2D SPACE',''
  ) );
#2477 = ORIENTED_EDGE('',*,*,#2314,.F.);
#2478 = ADVANCED_FACE('',(#2479),#2099,.F.);
#2479 = FACE_BOUND('',#2480,.F.);
#2480 = EDGE_LOOP('',(#2481,#2482,#2483,#2502));
#2481 = ORIENTED_EDGE('',*,*,#2083,.T.);
#2482 = ORIENTED_EDGE('',*,*,#2365,.T.);
#2483 = ORIENTED_EDGE('',*,*,#2484,.F.);
#2484 = EDGE_CURVE('',#2262,#2366,#2485,.T.);
#2485 = SURFACE_CURVE('',#2486,(#2490,#2496),.PCURVE_S1.);
#2486 = LINE('',#2487,#2488);
#2487 = CARTESIAN_POINT('',(-42.66666666666,0.412991,26.));
#2488 = VECTOR('',#2489,1.);
#2489 = DIRECTION('',(0.,-0.,1.));
#2490 = PCURVE('',#2099,#2491);
#2491 = DEFINITIONAL_REPRESENTATION('',(#2492),#2495);
#2492 = B_SPLINE_CURVE_WITH_KNOTS('',1,(#2493,#2494),.UNSPECIFIED.,.F.,
  .F.,(2,2),(-78.,26.),.PIECEWISE_BEZIER_KNOTS.);
#2493 = CARTESIAN_POINT('',(-52.,-42.5));
#2494 = CARTESIAN_POINT('',(52.,-42.5));
#2495 = ( GEOMETRIC_REPRESENTATION_CONTEXT(2) 
PARAMETRIC_REPRESENTATION_CONTEXT() REPRESENTATION_CONTEXT('2D SPACE',''
  ) );
#2496 = PCURVE('',#2277,#2497);
#2497 = DEFINITIONAL_REPRESENTATION('',(#2498),#2501);
#2498 = B_SPLINE_CURVE_WITH_KNOTS('',1,(#2499,#2500),.UNSPECIFIED.,.F.,
  .F.,(2,2),(-78.,26.),.PIECEWISE_BEZIER_KNOTS.);
#2499 = CARTESIAN_POINT('',(104.,-0.562991));
#2500 = CARTESIAN_POINT('',(0.,-0.562991));
#2501 = ( GEOMETRIC_REPRESENTATION_CONTEXT(2) 
PARAMETRIC_REPRESENTATION_CONTEXT() REPRESENTATION_CONTEXT('2D SPACE',''
  ) );
#2502 = ORIENTED_EDGE('',*,*,#2289,.T.);
#2503 = ADVANCED_FACE('',(#2504),#2277,.F.);
#2504 = FACE_BOUND('',#2505,.F.);
#2505 = EDGE_LOOP('',(#2506,#2507,#2508,#2529));
#2506 = ORIENTED_EDGE('',*,*,#2484,.T.);
#2507 = ORIENTED_EDGE('',*,*,#2388,.T.);
#2508 = ORIENTED_EDGE('',*,*,#2509,.T.);
#2509 = EDGE_CURVE('',#2389,#2234,#2510,.T.);
#2510 = SURFACE_CURVE('',#2511,(#2515,#2522),.PCURVE_S1.);
#2511 = LINE('',#2512,#2513);
#2512 = CARTESIAN_POINT('',(-42.66666666666,3.,52.));
#2513 = VECTOR('',#2514,1.);
#2514 = DIRECTION('',(0.,0.,-1.));
#2515 = PCURVE('',#2277,#2516);
#2516 = DEFINITIONAL_REPRESENTATION('',(#2517),#2521);
#2517 = LINE('',#2518,#2519);
#2518 = CARTESIAN_POINT('',(0.,-3.15));
#2519 = VECTOR('',#2520,1.);
#2520 = DIRECTION('',(1.,0.));
#2521 = ( GEOMETRIC_REPRESENTATION_CONTEXT(2) 
PARAMETRIC_REPRESENTATION_CONTEXT() REPRESENTATION_CONTEXT('2D SPACE',''
  ) );
#2522 = PCURVE('',#2249,#2523);
#2523 = DEFINITIONAL_REPRESENTATION('',(#2524),#2528);
#2524 = LINE('',#2525,#2526);
#2525 = CARTESIAN_POINT('',(-52.,-42.5));
#2526 = VECTOR('',#2527,1.);
#2527 = DIRECTION('',(1.,0.));
#2528 = ( GEOMETRIC_REPRESENTATION_CONTEXT(2) 
PARAMETRIC_REPRESENTATION_CONTEXT() REPRESENTATION_CONTEXT('2D SPACE',''
  ) );
#2529 = ORIENTED_EDGE('',*,*,#2261,.F.);
#2530 = ADVANCED_FACE('',(#2531),#2249,.T.);
#2531 = FACE_BOUND('',#2532,.T.);
#2532 = EDGE_LOOP('',(#2533,#2534,#2535,#2556));
#2533 = ORIENTED_EDGE('',*,*,#2509,.T.);
#2534 = ORIENTED_EDGE('',*,*,#2233,.T.);
#2535 = ORIENTED_EDGE('',*,*,#2536,.T.);
#2536 = EDGE_CURVE('',#2206,#2412,#2537,.T.);
#2537 = SURFACE_CURVE('',#2538,(#2542,#2549),.PCURVE_S1.);
#2538 = LINE('',#2539,#2540);
#2539 = CARTESIAN_POINT('',(42.333333333333,3.,-52.));
#2540 = VECTOR('',#2541,1.);
#2541 = DIRECTION('',(0.,0.,1.));
#2542 = PCURVE('',#2249,#2543);
#2543 = DEFINITIONAL_REPRESENTATION('',(#2544),#2548);
#2544 = LINE('',#2545,#2546);
#2545 = CARTESIAN_POINT('',(52.,42.5));
#2546 = VECTOR('',#2547,1.);
#2547 = DIRECTION('',(-1.,0.));
#2548 = ( GEOMETRIC_REPRESENTATION_CONTEXT(2) 
PARAMETRIC_REPRESENTATION_CONTEXT() REPRESENTATION_CONTEXT('2D SPACE',''
  ) );
#2549 = PCURVE('',#2221,#2550);
#2550 = DEFINITIONAL_REPRESENTATION('',(#2551),#2555);
#2551 = LINE('',#2552,#2553);
#2552 = CARTESIAN_POINT('',(0.,-3.15));
#2553 = VECTOR('',#2554,1.);
#2554 = DIRECTION('',(1.,0.));
#2555 = ( GEOMETRIC_REPRESENTATION_CONTEXT(2) 
PARAMETRIC_REPRESENTATION_CONTEXT() REPRESENTATION_CONTEXT('2D SPACE',''
  ) );
#2556 = ORIENTED_EDGE('',*,*,#2411,.T.);
#2557 = ADVANCED_FACE('',(#2558),#2221,.F.);
#2558 = FACE_BOUND('',#2559,.F.);
#2559 = EDGE_LOOP('',(#2560,#2579,#2580,#2581));
#2560 = ORIENTED_EDGE('',*,*,#2561,.T.);
#2561 = EDGE_CURVE('',#2435,#2178,#2562,.T.);
#2562 = SURFACE_CURVE('',#2563,(#2567,#2573),.PCURVE_S1.);
#2563 = LINE('',#2564,#2565);
#2564 = CARTESIAN_POINT('',(42.333333333333,0.412991,-26.));
#2565 = VECTOR('',#2566,1.);
#2566 = DIRECTION('',(0.,0.,-1.));
#2567 = PCURVE('',#2221,#2568);
#2568 = DEFINITIONAL_REPRESENTATION('',(#2569),#2572);
#2569 = B_SPLINE_CURVE_WITH_KNOTS('',1,(#2570,#2571),.UNSPECIFIED.,.F.,
  .F.,(2,2),(-78.,26.),.PIECEWISE_BEZIER_KNOTS.);
#2570 = CARTESIAN_POINT('',(104.,-0.562991));
#2571 = CARTESIAN_POINT('',(0.,-0.562991));
#2572 = ( GEOMETRIC_REPRESENTATION_CONTEXT(2) 
PARAMETRIC_REPRESENTATION_CONTEXT() REPRESENTATION_CONTEXT('2D SPACE',''
  ) );
#2573 = PCURVE('',#2193,#2574);
#2574 = DEFINITIONAL_REPRESENTATION('',(#2575),#2578);
#2575 = B_SPLINE_CURVE_WITH_KNOTS('',1,(#2576,#2577),.UNSPECIFIED.,.F.,
  .F.,(2,2),(-78.,26.),.PIECEWISE_BEZIER_KNOTS.);
#2576 = CARTESIAN_POINT('',(52.,42.5));
#2577 = CARTESIAN_POINT('',(-52.,42.5));
#2578 = ( GEOMETRIC_REPRESENTATION_CONTEXT(2) 
PARAMETRIC_REPRESENTATION_CONTEXT() REPRESENTATION_CONTEXT('2D SPACE',''
  ) );
#2579 = ORIENTED_EDGE('',*,*,#2205,.T.);
#2580 = ORIENTED_EDGE('',*,*,#2536,.T.);
#2581 = ORIENTED_EDGE('',*,*,#2434,.F.);
#2582 = ADVANCED_FACE('',(#2583),#2193,.F.);
#2583 = FACE_BOUND('',#2584,.F.);
#2584 = EDGE_LOOP('',(#2585,#2586,#2587,#2588));
#2585 = ORIENTED_EDGE('',*,*,#2561,.F.);
#2586 = ORIENTED_EDGE('',*,*,#2457,.T.);
#2587 = ORIENTED_EDGE('',*,*,#2337,.T.);
#2588 = ORIENTED_EDGE('',*,*,#2177,.T.);
#2589 = ( GEOMETRIC_REPRESENTATION_CONTEXT(3) 
GLOBAL_UNCERTAINTY_ASSIGNED_CONTEXT((#2593)) 
GLOBAL_UNIT_ASSIGNED_CONTEXT((#2590,#2591,#2592)) REPRESENTATION_CONTEXT
('Context #1','3D Context with UNIT and UNCERTAINTY') );
#2590 = ( LENGTH_UNIT() NAMED_UNIT(*) SI_UNIT(.MILLI.,.METRE.) );
#2591 = ( NAMED_UNIT(*) PLANE_ANGLE_UNIT() SI_UNIT($,.RADIAN.) );
#2592 = ( NAMED_UNIT(*) SI_UNIT($,.STERADIAN.) SOLID_ANGLE_UNIT() );
#2593 = UNCERTAINTY_MEASURE_WITH_UNIT(LENGTH_MEASURE(1.E-02),#2590,
  'distance_accuracy_value','confusion accuracy');
#2594 = PRODUCT_TYPE('part',$,(#7));
ENDSEC;
END-ISO-10303-21;
