ISO-10303-21;
HEADER;
FILE_DESCRIPTION(('Open CASCADE Model'),'2;1');
FILE_NAME('Open CASCADE Shape Model','2026-09-07T11:35:23',('Author'),(
    'Open CASCADE'),'Open CASCADE STEP processor 7.8','Open CASCADE 7.8'
  ,'Unknown');
FILE_SCHEMA(('CONFIG_CONTROL_DESIGN'));
ENDSEC;
DATA;
#1 = APPLICATION_PROTOCOL_DEFINITION('committee draft',
  'automotive_design',1997,#2);
#2 = APPLICATION_CONTEXT(
  'core data for automotive mechanical design processes');
#3 = SHAPE_DEFINITION_REPRESENTATION(#4,#10);
#4 = PRODUCT_DEFINITION_SHAPE('','',#5);
#5 = PRODUCT_DEFINITION('design','',#6,#9);
#6 = PRODUCT_DEFINITION_FORMATION('','',#7);
#7 = PRODUCT('Product 26','Product 26','',(#8));
#8 = MECHANICAL_CONTEXT('',#2,'mechanical');
#9 = PRODUCT_DEFINITION_CONTEXT('part definition',#2,'design');
#10 = ADVANCED_BREP_SHAPE_REPRESENTATION('',(#11,#15),#2066);
#11 = AXIS2_PLACEMENT_3D('',#12,#13,#14);
#12 = CARTESIAN_POINT('',(0.,0.,0.));
#13 = DIRECTION('',(0.,0.,1.));
#14 = DIRECTION('',(1.,0.,-0.));
#15 = MANIFOLD_SOLID_BREP('',#16);
#16 = CLOSED_SHELL('',(#17,#290,#578,#746,#832,#881,#908,#1206,#1255,
    #1339,#1430,#1544,#1605,#1666,#1721,#1748,#1775,#1827,#1854,#1861,
    #1910,#1959,#1986,#1993,#2021,#2046,#2052,#2062));
#17 = ADVANCED_FACE('',(#18),#32,.T.);
#18 = FACE_BOUND('',#19,.T.);
#19 = EDGE_LOOP('',(#20,#55,#83,#109,#135,#163,#191,#217,#243,#269));
#20 = ORIENTED_EDGE('',*,*,#21,.F.);
#21 = EDGE_CURVE('',#22,#24,#26,.T.);
#22 = VERTEX_POINT('',#23);
#23 = CARTESIAN_POINT('',(-28.20046320792,28.199544524976,
    -1.086796031252E-06));
#24 = VERTEX_POINT('',#25);
#25 = CARTESIAN_POINT('',(28.199538792074,28.199544524976,
    -1.086796031252E-06));
#26 = SURFACE_CURVE('',#27,(#31,#43),.PCURVE_S1.);
#27 = LINE('',#28,#29);
#28 = CARTESIAN_POINT('',(-28.20046320792,28.199544524976,
    -1.086796031252E-06));
#29 = VECTOR('',#30,1.);
#30 = DIRECTION('',(1.,0.,0.));
#31 = PCURVE('',#32,#37);
#32 = PLANE('',#33);
#33 = AXIS2_PLACEMENT_3D('',#34,#35,#36);
#34 = CARTESIAN_POINT('',(-28.20046320792,28.199544524976,
    -1.086796031252E-06));
#35 = DIRECTION('',(-0.,0.999999540018,9.591476190049E-04));
#36 = DIRECTION('',(1.,0.,0.));
#37 = DEFINITIONAL_REPRESENTATION('',(#38),#42);
#38 = LINE('',#39,#40);
#39 = CARTESIAN_POINT('',(0.,0.));
#40 = VECTOR('',#41,1.);
#41 = DIRECTION('',(1.,0.));
#42 = ( GEOMETRIC_REPRESENTATION_CONTEXT(2) 
PARAMETRIC_REPRESENTATION_CONTEXT() REPRESENTATION_CONTEXT('2D SPACE',''
  ) );
#43 = PCURVE('',#44,#49);
#44 = PLANE('',#45);
#45 = AXIS2_PLACEMENT_3D('',#46,#47,#48);
#46 = CARTESIAN_POINT('',(-4.622079257669E-04,-4.564750237732E-04,
    -1.086796031252E-06));
#47 = DIRECTION('',(-0.,-0.,-1.));
#48 = DIRECTION('',(-1.,0.,0.));
#49 = DEFINITIONAL_REPRESENTATION('',(#50),#54);
#50 = LINE('',#51,#52);
#51 = CARTESIAN_POINT('',(28.200001,28.200001));
#52 = VECTOR('',#53,1.);
#53 = DIRECTION('',(-1.,0.));
#54 = ( GEOMETRIC_REPRESENTATION_CONTEXT(2) 
PARAMETRIC_REPRESENTATION_CONTEXT() REPRESENTATION_CONTEXT('2D SPACE',''
  ) );
#55 = ORIENTED_EDGE('',*,*,#56,.T.);
#56 = EDGE_CURVE('',#22,#57,#59,.T.);
#57 = VERTEX_POINT('',#58);
#58 = CARTESIAN_POINT('',(-28.20748350808,28.19474879371,4.999989494099)
  );
#59 = SURFACE_CURVE('',#60,(#64,#71),.PCURVE_S1.);
#60 = LINE('',#61,#62);
#61 = CARTESIAN_POINT('',(-28.20046320792,28.199544524976,
    -1.086796031252E-06));
#62 = VECTOR('',#63,1.);
#63 = DIRECTION('',(-1.404060647332E-03,-9.591466735792E-04,
    0.999998554325));
#64 = PCURVE('',#32,#65);
#65 = DEFINITIONAL_REPRESENTATION('',(#66),#70);
#66 = LINE('',#67,#68);
#67 = CARTESIAN_POINT('',(0.,0.));
#68 = VECTOR('',#69,1.);
#69 = DIRECTION('',(-1.404060647332E-03,-0.999999014306));
#70 = ( GEOMETRIC_REPRESENTATION_CONTEXT(2) 
PARAMETRIC_REPRESENTATION_CONTEXT() REPRESENTATION_CONTEXT('2D SPACE',''
  ) );
#71 = PCURVE('',#72,#77);
#72 = PLANE('',#73);
#73 = AXIS2_PLACEMENT_3D('',#74,#75,#76);
#74 = CARTESIAN_POINT('',(-28.20046320792,-28.20045747502,
    -1.086796031252E-06));
#75 = DIRECTION('',(-0.999999014305,0.,-1.404061293174E-03));
#76 = DIRECTION('',(0.,1.,0.));
#77 = DEFINITIONAL_REPRESENTATION('',(#78),#82);
#78 = LINE('',#79,#80);
#79 = CARTESIAN_POINT('',(56.400002,0.));
#80 = VECTOR('',#81,1.);
#81 = DIRECTION('',(-9.591466735792E-04,-0.999999540019));
#82 = ( GEOMETRIC_REPRESENTATION_CONTEXT(2) 
PARAMETRIC_REPRESENTATION_CONTEXT() REPRESENTATION_CONTEXT('2D SPACE',''
  ) );
#83 = ORIENTED_EDGE('',*,*,#84,.F.);
#84 = EDGE_CURVE('',#85,#57,#87,.T.);
#85 = VERTEX_POINT('',#86);
#86 = CARTESIAN_POINT('',(-18.65770340579,28.194735932994,5.013397971581
    ));
#87 = SURFACE_CURVE('',#88,(#92,#98),.PCURVE_S1.);
#88 = LINE('',#89,#90);
#89 = CARTESIAN_POINT('',(-28.44229969743,28.194749109937,4.999659797755
    ));
#90 = VECTOR('',#91,1.);
#91 = DIRECTION('',(-0.999999014306,1.346701426827E-06,
    -1.404060001489E-03));
#92 = PCURVE('',#32,#93);
#93 = DEFINITIONAL_REPRESENTATION('',(#94),#97);
#94 = B_SPLINE_CURVE_WITH_KNOTS('',1,(#95,#96),.UNSPECIFIED.,.F.,.F.,(2,
    2),(-9.784605936268,-0.16531534718),.PIECEWISE_BEZIER_KNOTS.);
#95 = CARTESIAN_POINT('',(9.542759802134,-5.013401364452));
#96 = CARTESIAN_POINT('',(-7.652130527958E-02,-4.999895297081));
#97 = ( GEOMETRIC_REPRESENTATION_CONTEXT(2) 
PARAMETRIC_REPRESENTATION_CONTEXT() REPRESENTATION_CONTEXT('2D SPACE',''
  ) );
#98 = PCURVE('',#99,#104);
#99 = PLANE('',#100);
#100 = AXIS2_PLACEMENT_3D('',#101,#102,#103);
#101 = CARTESIAN_POINT('',(-28.67711587971,28.200001642537,
    4.999330101421));
#102 = DIRECTION('',(1.40406000149E-03,0.,-0.999999014307));
#103 = DIRECTION('',(0.,-1.,0.));
#104 = DEFINITIONAL_REPRESENTATION('',(#105),#108);
#105 = B_SPLINE_CURVE_WITH_KNOTS('',1,(#106,#107),.UNSPECIFIED.,.F.,.F.,
  (2,2),(-9.784605936268,-0.16531534718),.PIECEWISE_BEZIER_KNOTS.);
#106 = CARTESIAN_POINT('',(5.265709542672E-03,-10.01942234999));
#107 = CARTESIAN_POINT('',(5.252755230311E-03,-0.400131760912));
#108 = ( GEOMETRIC_REPRESENTATION_CONTEXT(2) 
PARAMETRIC_REPRESENTATION_CONTEXT() REPRESENTATION_CONTEXT('2D SPACE',''
  ) );
#109 = ORIENTED_EDGE('',*,*,#110,.T.);
#110 = EDGE_CURVE('',#85,#111,#113,.T.);
#111 = VERTEX_POINT('',#112);
#112 = CARTESIAN_POINT('',(-18.65770340579,28.147271031266,
    54.499920123897));
#113 = SURFACE_CURVE('',#114,(#118,#124),.PCURVE_S1.);
#114 = LINE('',#115,#116);
#115 = CARTESIAN_POINT('',(-18.65770340579,28.185268590431,
    14.883972658219));
#116 = VECTOR('',#117,1.);
#117 = DIRECTION('',(0.,-9.591476190049E-04,0.999999540018));
#118 = PCURVE('',#32,#119);
#119 = DEFINITIONAL_REPRESENTATION('',(#120),#123);
#120 = B_SPLINE_CURVE_WITH_KNOTS('',1,(#121,#122),.UNSPECIFIED.,.F.,.F.,
  (2,2),(-9.870579226929,39.615965688316),.PIECEWISE_BEZIER_KNOTS.);
#121 = CARTESIAN_POINT('',(9.542759802134,-5.013401364452));
#122 = CARTESIAN_POINT('',(9.542759802134,-54.49994627969));
#123 = ( GEOMETRIC_REPRESENTATION_CONTEXT(2) 
PARAMETRIC_REPRESENTATION_CONTEXT() REPRESENTATION_CONTEXT('2D SPACE',''
  ) );
#124 = PCURVE('',#125,#130);
#125 = PLANE('',#126);
#126 = AXIS2_PLACEMENT_3D('',#127,#128,#129);
#127 = CARTESIAN_POINT('',(-18.65770340579,23.428834649367,
    29.763397971581));
#128 = DIRECTION('',(-1.,-0.,-0.));
#129 = DIRECTION('',(0.,0.,-1.));
#130 = DEFINITIONAL_REPRESENTATION('',(#131),#134);
#131 = B_SPLINE_CURVE_WITH_KNOTS('',1,(#132,#133),.UNSPECIFIED.,.F.,.F.,
  (2,2),(-9.870579226929,39.615965688316),.PIECEWISE_BEZIER_KNOTS.);
#132 = CARTESIAN_POINT('',(24.75,-4.765901283628));
#133 = CARTESIAN_POINT('',(-24.73652215231,-4.718436381899));
#134 = ( GEOMETRIC_REPRESENTATION_CONTEXT(2) 
PARAMETRIC_REPRESENTATION_CONTEXT() REPRESENTATION_CONTEXT('2D SPACE',''
  ) );
#135 = ORIENTED_EDGE('',*,*,#136,.T.);
#136 = EDGE_CURVE('',#111,#137,#139,.T.);
#137 = VERTEX_POINT('',#138);
#138 = CARTESIAN_POINT('',(28.123017486795,28.147271031266,
    54.499920123897));
#139 = SURFACE_CURVE('',#140,(#144,#151),.PCURVE_S1.);
#140 = LINE('',#141,#142);
#141 = CARTESIAN_POINT('',(-28.2769845132,28.147271031266,
    54.499920123897));
#142 = VECTOR('',#143,1.);
#143 = DIRECTION('',(1.,0.,0.));
#144 = PCURVE('',#32,#145);
#145 = DEFINITIONAL_REPRESENTATION('',(#146),#150);
#146 = LINE('',#147,#148);
#147 = CARTESIAN_POINT('',(-7.652130527958E-02,-54.49994627969));
#148 = VECTOR('',#149,1.);
#149 = DIRECTION('',(1.,0.));
#150 = ( GEOMETRIC_REPRESENTATION_CONTEXT(2) 
PARAMETRIC_REPRESENTATION_CONTEXT() REPRESENTATION_CONTEXT('2D SPACE',''
  ) );
#151 = PCURVE('',#152,#157);
#152 = PLANE('',#153);
#153 = AXIS2_PLACEMENT_3D('',#154,#155,#156);
#154 = CARTESIAN_POINT('',(-7.698351320535E-02,-5.272996873384E-02,
    54.499920123897));
#155 = DIRECTION('',(-0.,-0.,-1.));
#156 = DIRECTION('',(-1.,0.,0.));
#157 = DEFINITIONAL_REPRESENTATION('',(#158),#162);
#158 = LINE('',#159,#160);
#159 = CARTESIAN_POINT('',(28.200001,28.200001));
#160 = VECTOR('',#161,1.);
#161 = DIRECTION('',(-1.,0.));
#162 = ( GEOMETRIC_REPRESENTATION_CONTEXT(2) 
PARAMETRIC_REPRESENTATION_CONTEXT() REPRESENTATION_CONTEXT('2D SPACE',''
  ) );
#163 = ORIENTED_EDGE('',*,*,#164,.F.);
#164 = EDGE_CURVE('',#165,#137,#167,.T.);
#165 = VERTEX_POINT('',#166);
#166 = CARTESIAN_POINT('',(28.123017526408,28.147271058327,
    54.499891910477));
#167 = SURFACE_CURVE('',#168,(#172,#179),.PCURVE_S1.);
#168 = LINE('',#169,#170);
#169 = CARTESIAN_POINT('',(28.199538792074,28.199544524976,
    -1.086796031252E-06));
#170 = VECTOR('',#171,1.);
#171 = DIRECTION('',(-1.404060647332E-03,-9.591466735792E-04,
    0.999998554325));
#172 = PCURVE('',#32,#173);
#173 = DEFINITIONAL_REPRESENTATION('',(#174),#178);
#174 = LINE('',#175,#176);
#175 = CARTESIAN_POINT('',(56.400002,0.));
#176 = VECTOR('',#177,1.);
#177 = DIRECTION('',(-1.404060647332E-03,-0.999999014306));
#178 = ( GEOMETRIC_REPRESENTATION_CONTEXT(2) 
PARAMETRIC_REPRESENTATION_CONTEXT() REPRESENTATION_CONTEXT('2D SPACE',''
  ) );
#179 = PCURVE('',#180,#185);
#180 = PLANE('',#181);
#181 = AXIS2_PLACEMENT_3D('',#182,#183,#184);
#182 = CARTESIAN_POINT('',(28.199538792074,28.199544524976,
    -1.086796031252E-06));
#183 = DIRECTION('',(0.999999014305,0.,1.404061293174E-03));
#184 = DIRECTION('',(0.,-1.,0.));
#185 = DEFINITIONAL_REPRESENTATION('',(#186),#190);
#186 = LINE('',#187,#188);
#187 = CARTESIAN_POINT('',(0.,0.));
#188 = VECTOR('',#189,1.);
#189 = DIRECTION('',(9.591466735792E-04,-0.999999540019));
#190 = ( GEOMETRIC_REPRESENTATION_CONTEXT(2) 
PARAMETRIC_REPRESENTATION_CONTEXT() REPRESENTATION_CONTEXT('2D SPACE',''
  ) );
#191 = ORIENTED_EDGE('',*,*,#192,.T.);
#192 = EDGE_CURVE('',#165,#193,#195,.T.);
#193 = VERTEX_POINT('',#194);
#194 = CARTESIAN_POINT('',(18.657703405791,28.147283805292,
    54.486602028419));
#195 = SURFACE_CURVE('',#196,(#200,#206),.PCURVE_S1.);
#196 = LINE('',#197,#198);
#197 = CARTESIAN_POINT('',(0.200127685962,28.14730866216,54.460686459082
    ));
#198 = VECTOR('',#199,1.);
#199 = DIRECTION('',(-0.999999014306,1.346701426827E-06,
    -1.404060001489E-03));
#200 = PCURVE('',#32,#201);
#201 = DEFINITIONAL_REPRESENTATION('',(#202),#205);
#202 = B_SPLINE_CURVE_WITH_KNOTS('',1,(#203,#204),.UNSPECIFIED.,.F.,.F.,
  (2,2),(-27.94301153298,-18.45759391336),.PIECEWISE_BEZIER_KNOTS.);
#203 = CARTESIAN_POINT('',(56.343574883628,-54.49994627969));
#204 = CARTESIAN_POINT('',(46.858166613717,-54.48662817809));
#205 = ( GEOMETRIC_REPRESENTATION_CONTEXT(2) 
PARAMETRIC_REPRESENTATION_CONTEXT() REPRESENTATION_CONTEXT('2D SPACE',''
  ) );
#206 = PCURVE('',#207,#212);
#207 = PLANE('',#208);
#208 = AXIS2_PLACEMENT_3D('',#209,#210,#211);
#209 = CARTESIAN_POINT('',(28.67711587971,18.657693357473,
    54.500669898579));
#210 = DIRECTION('',(1.40406000149E-03,0.,-0.999999014307));
#211 = DIRECTION('',(0.,1.,0.));
#212 = DEFINITIONAL_REPRESENTATION('',(#213),#216);
#213 = B_SPLINE_CURVE_WITH_KNOTS('',1,(#214,#215),.UNSPECIFIED.,.F.,.F.,
  (2,2),(-27.94301153298,-18.45759391336),.PIECEWISE_BEZIER_KNOTS.);
#214 = CARTESIAN_POINT('',(9.489577673793,-0.534004730373));
#215 = CARTESIAN_POINT('',(9.489590447818,-10.01942234999));
#216 = ( GEOMETRIC_REPRESENTATION_CONTEXT(2) 
PARAMETRIC_REPRESENTATION_CONTEXT() REPRESENTATION_CONTEXT('2D SPACE',''
  ) );
#217 = ORIENTED_EDGE('',*,*,#218,.F.);
#218 = EDGE_CURVE('',#219,#193,#221,.T.);
#219 = VERTEX_POINT('',#220);
#220 = CARTESIAN_POINT('',(18.657703405791,28.194761634271,
    4.986602028419));
#221 = SURFACE_CURVE('',#222,(#226,#232),.PCURVE_S1.);
#222 = LINE('',#223,#224);
#223 = CARTESIAN_POINT('',(18.657703405791,28.185281441069,
    14.870574686638));
#224 = VECTOR('',#225,1.);
#225 = DIRECTION('',(0.,-9.591476190049E-04,0.999999540018));
#226 = PCURVE('',#32,#227);
#227 = DEFINITIONAL_REPRESENTATION('',(#228),#231);
#228 = B_SPLINE_CURVE_WITH_KNOTS('',1,(#229,#230),.UNSPECIFIED.,.F.,.F.,
  (2,2),(-9.883977204672,39.616045564456),.PIECEWISE_BEZIER_KNOTS.);
#229 = CARTESIAN_POINT('',(46.858166613717,-4.986605408965));
#230 = CARTESIAN_POINT('',(46.858166613717,-54.48662817809));
#231 = ( GEOMETRIC_REPRESENTATION_CONTEXT(2) 
PARAMETRIC_REPRESENTATION_CONTEXT() REPRESENTATION_CONTEXT('2D SPACE',''
  ) );
#232 = PCURVE('',#233,#238);
#233 = PLANE('',#234);
#234 = AXIS2_PLACEMENT_3D('',#235,#236,#237);
#235 = CARTESIAN_POINT('',(18.657703405791,23.428860350644,
    29.736602028419));
#236 = DIRECTION('',(-1.,-0.,-0.));
#237 = DIRECTION('',(0.,0.,-1.));
#238 = DEFINITIONAL_REPRESENTATION('',(#239),#242);
#239 = B_SPLINE_CURVE_WITH_KNOTS('',1,(#240,#241),.UNSPECIFIED.,.F.,.F.,
  (2,2),(-9.883977204672,39.616045564456),.PIECEWISE_BEZIER_KNOTS.);
#240 = CARTESIAN_POINT('',(24.75,-4.765901283628));
#241 = CARTESIAN_POINT('',(-24.75,-4.718423454648));
#242 = ( GEOMETRIC_REPRESENTATION_CONTEXT(2) 
PARAMETRIC_REPRESENTATION_CONTEXT() REPRESENTATION_CONTEXT('2D SPACE',''
  ) );
#243 = ORIENTED_EDGE('',*,*,#244,.T.);
#244 = EDGE_CURVE('',#219,#245,#247,.T.);
#245 = VERTEX_POINT('',#246);
#246 = CARTESIAN_POINT('',(28.192518491913,28.19474879371,4.999989494099
    ));
#247 = SURFACE_CURVE('',#248,(#252,#258),.PCURVE_S1.);
#248 = LINE('',#249,#250);
#249 = CARTESIAN_POINT('',(0.234871775371,28.194786444349,4.960735241916
    ));
#250 = VECTOR('',#251,1.);
#251 = DIRECTION('',(0.999999014306,-1.346701426827E-06,
    1.404060001489E-03));
#252 = PCURVE('',#32,#253);
#253 = DEFINITIONAL_REPRESENTATION('',(#254),#257);
#254 = B_SPLINE_CURVE_WITH_KNOTS('',1,(#255,#256),.UNSPECIFIED.,.F.,.F.,
  (2,2),(18.422849789706,27.964694581325),.PIECEWISE_BEZIER_KNOTS.);
#255 = CARTESIAN_POINT('',(46.858166613717,-4.986605408965));
#256 = CARTESIAN_POINT('',(56.400002,-5.00000273774));
#257 = ( GEOMETRIC_REPRESENTATION_CONTEXT(2) 
PARAMETRIC_REPRESENTATION_CONTEXT() REPRESENTATION_CONTEXT('2D SPACE',''
  ) );
#258 = PCURVE('',#259,#264);
#259 = PLANE('',#260);
#260 = AXIS2_PLACEMENT_3D('',#261,#262,#263);
#261 = CARTESIAN_POINT('',(28.67711587971,28.200000357473,5.000669898579
    ));
#262 = DIRECTION('',(-1.40406000149E-03,0.,0.999999014307));
#263 = DIRECTION('',(0.,-1.,0.));
#264 = DEFINITIONAL_REPRESENTATION('',(#265),#268);
#265 = B_SPLINE_CURVE_WITH_KNOTS('',1,(#266,#267),.UNSPECIFIED.,.F.,.F.,
  (2,2),(18.422849789706,27.964694581325),.PIECEWISE_BEZIER_KNOTS.);
#266 = CARTESIAN_POINT('',(5.238723201923E-03,-10.01942234999));
#267 = CARTESIAN_POINT('',(5.251573217918E-03,-0.477577558381));
#268 = ( GEOMETRIC_REPRESENTATION_CONTEXT(2) 
PARAMETRIC_REPRESENTATION_CONTEXT() REPRESENTATION_CONTEXT('2D SPACE',''
  ) );
#269 = ORIENTED_EDGE('',*,*,#270,.F.);
#270 = EDGE_CURVE('',#24,#245,#271,.T.);
#271 = SURFACE_CURVE('',#272,(#276,#283),.PCURVE_S1.);
#272 = LINE('',#273,#274);
#273 = CARTESIAN_POINT('',(28.199538792074,28.199544524976,
    -1.086796031252E-06));
#274 = VECTOR('',#275,1.);
#275 = DIRECTION('',(-1.404060647332E-03,-9.591466735792E-04,
    0.999998554325));
#276 = PCURVE('',#32,#277);
#277 = DEFINITIONAL_REPRESENTATION('',(#278),#282);
#278 = LINE('',#279,#280);
#279 = CARTESIAN_POINT('',(56.400002,0.));
#280 = VECTOR('',#281,1.);
#281 = DIRECTION('',(-1.404060647332E-03,-0.999999014306));
#282 = ( GEOMETRIC_REPRESENTATION_CONTEXT(2) 
PARAMETRIC_REPRESENTATION_CONTEXT() REPRESENTATION_CONTEXT('2D SPACE',''
  ) );
#283 = PCURVE('',#180,#284);
#284 = DEFINITIONAL_REPRESENTATION('',(#285),#289);
#285 = LINE('',#286,#287);
#286 = CARTESIAN_POINT('',(0.,0.));
#287 = VECTOR('',#288,1.);
#288 = DIRECTION('',(9.591466735792E-04,-0.999999540019));
#289 = ( GEOMETRIC_REPRESENTATION_CONTEXT(2) 
PARAMETRIC_REPRESENTATION_CONTEXT() REPRESENTATION_CONTEXT('2D SPACE',''
  ) );
#290 = ADVANCED_FACE('',(#291,#366,#408,#450,#494,#536),#44,.T.);
#291 = FACE_BOUND('',#292,.T.);
#292 = EDGE_LOOP('',(#293,#294,#317,#345));
#293 = ORIENTED_EDGE('',*,*,#21,.T.);
#294 = ORIENTED_EDGE('',*,*,#295,.T.);
#295 = EDGE_CURVE('',#24,#296,#298,.T.);
#296 = VERTEX_POINT('',#297);
#297 = CARTESIAN_POINT('',(28.199538792074,-28.20045747502,
    -1.086796031252E-06));
#298 = SURFACE_CURVE('',#299,(#303,#310),.PCURVE_S1.);
#299 = LINE('',#300,#301);
#300 = CARTESIAN_POINT('',(28.199538792074,28.199544524976,
    -1.086796031252E-06));
#301 = VECTOR('',#302,1.);
#302 = DIRECTION('',(0.,-1.,0.));
#303 = PCURVE('',#44,#304);
#304 = DEFINITIONAL_REPRESENTATION('',(#305),#309);
#305 = LINE('',#306,#307);
#306 = CARTESIAN_POINT('',(-28.200001,28.200001));
#307 = VECTOR('',#308,1.);
#308 = DIRECTION('',(0.,-1.));
#309 = ( GEOMETRIC_REPRESENTATION_CONTEXT(2) 
PARAMETRIC_REPRESENTATION_CONTEXT() REPRESENTATION_CONTEXT('2D SPACE',''
  ) );
#310 = PCURVE('',#180,#311);
#311 = DEFINITIONAL_REPRESENTATION('',(#312),#316);
#312 = LINE('',#313,#314);
#313 = CARTESIAN_POINT('',(0.,0.));
#314 = VECTOR('',#315,1.);
#315 = DIRECTION('',(1.,0.));
#316 = ( GEOMETRIC_REPRESENTATION_CONTEXT(2) 
PARAMETRIC_REPRESENTATION_CONTEXT() REPRESENTATION_CONTEXT('2D SPACE',''
  ) );
#317 = ORIENTED_EDGE('',*,*,#318,.T.);
#318 = EDGE_CURVE('',#296,#319,#321,.T.);
#319 = VERTEX_POINT('',#320);
#320 = CARTESIAN_POINT('',(-28.20046320792,-28.20045747502,
    -1.086796031252E-06));
#321 = SURFACE_CURVE('',#322,(#326,#333),.PCURVE_S1.);
#322 = LINE('',#323,#324);
#323 = CARTESIAN_POINT('',(28.199538792074,-28.20045747502,
    -1.086796031252E-06));
#324 = VECTOR('',#325,1.);
#325 = DIRECTION('',(-1.,0.,0.));
#326 = PCURVE('',#44,#327);
#327 = DEFINITIONAL_REPRESENTATION('',(#328),#332);
#328 = LINE('',#329,#330);
#329 = CARTESIAN_POINT('',(-28.200001,-28.200001));
#330 = VECTOR('',#331,1.);
#331 = DIRECTION('',(1.,0.));
#332 = ( GEOMETRIC_REPRESENTATION_CONTEXT(2) 
PARAMETRIC_REPRESENTATION_CONTEXT() REPRESENTATION_CONTEXT('2D SPACE',''
  ) );
#333 = PCURVE('',#334,#339);
#334 = PLANE('',#335);
#335 = AXIS2_PLACEMENT_3D('',#336,#337,#338);
#336 = CARTESIAN_POINT('',(28.199538792074,-28.20045747502,
    -1.086796031252E-06));
#337 = DIRECTION('',(-0.,-0.999999540018,-9.591476190049E-04));
#338 = DIRECTION('',(-1.,0.,0.));
#339 = DEFINITIONAL_REPRESENTATION('',(#340),#344);
#340 = LINE('',#341,#342);
#341 = CARTESIAN_POINT('',(0.,0.));
#342 = VECTOR('',#343,1.);
#343 = DIRECTION('',(1.,0.));
#344 = ( GEOMETRIC_REPRESENTATION_CONTEXT(2) 
PARAMETRIC_REPRESENTATION_CONTEXT() REPRESENTATION_CONTEXT('2D SPACE',''
  ) );
#345 = ORIENTED_EDGE('',*,*,#346,.T.);
#346 = EDGE_CURVE('',#319,#22,#347,.T.);
#347 = SURFACE_CURVE('',#348,(#352,#359),.PCURVE_S1.);
#348 = LINE('',#349,#350);
#349 = CARTESIAN_POINT('',(-28.20046320792,-28.20045747502,
    -1.086796031252E-06));
#350 = VECTOR('',#351,1.);
#351 = DIRECTION('',(0.,1.,0.));
#352 = PCURVE('',#44,#353);
#353 = DEFINITIONAL_REPRESENTATION('',(#354),#358);
#354 = LINE('',#355,#356);
#355 = CARTESIAN_POINT('',(28.200001,-28.200001));
#356 = VECTOR('',#357,1.);
#357 = DIRECTION('',(0.,1.));
#358 = ( GEOMETRIC_REPRESENTATION_CONTEXT(2) 
PARAMETRIC_REPRESENTATION_CONTEXT() REPRESENTATION_CONTEXT('2D SPACE',''
  ) );
#359 = PCURVE('',#72,#360);
#360 = DEFINITIONAL_REPRESENTATION('',(#361),#365);
#361 = LINE('',#362,#363);
#362 = CARTESIAN_POINT('',(0.,0.));
#363 = VECTOR('',#364,1.);
#364 = DIRECTION('',(1.,0.));
#365 = ( GEOMETRIC_REPRESENTATION_CONTEXT(2) 
PARAMETRIC_REPRESENTATION_CONTEXT() REPRESENTATION_CONTEXT('2D SPACE',''
  ) );
#366 = FACE_BOUND('',#367,.T.);
#367 = EDGE_LOOP('',(#368));
#368 = ORIENTED_EDGE('',*,*,#369,.F.);
#369 = EDGE_CURVE('',#370,#370,#372,.T.);
#370 = VERTEX_POINT('',#371);
#371 = CARTESIAN_POINT('',(21.315642017834,-23.57344850053,
    -1.086796030947E-06));
#372 = SURFACE_CURVE('',#373,(#378,#385),.PCURVE_S1.);
#373 = ELLIPSE('',#374,2.251325566,2.251319706388);
#374 = AXIS2_PLACEMENT_3D('',#375,#376,#377);
#375 = CARTESIAN_POINT('',(23.566965748762,-23.57344306534,
    -1.086796030947E-06));
#376 = DIRECTION('',(0.,-0.,-1.));
#377 = DIRECTION('',(0.828750094509,0.559618871064,-0.));
#378 = PCURVE('',#44,#379);
#379 = DEFINITIONAL_REPRESENTATION('',(#380),#384);
#380 = ELLIPSE('',#381,2.251325566,2.251319706388);
#381 = AXIS2_PLACEMENT_2D('',#382,#383);
#382 = CARTESIAN_POINT('',(-23.56742795668,-23.57298659032));
#383 = DIRECTION('',(-0.828750094509,0.559618871064));
#384 = ( GEOMETRIC_REPRESENTATION_CONTEXT(2) 
PARAMETRIC_REPRESENTATION_CONTEXT() REPRESENTATION_CONTEXT('2D SPACE',''
  ) );
#385 = PCURVE('',#386,#391);
#386 = CYLINDRICAL_SURFACE('',#387,2.251319706388);
#387 = AXIS2_PLACEMENT_3D('',#388,#389,#390);
#388 = CARTESIAN_POINT('',(23.556865057972,-23.58026362224,
    5.341906657383));
#389 = DIRECTION('',(1.890834695026E-03,1.276798379161E-03,
    -0.999997397262));
#390 = DIRECTION('',(-0.999998212368,0.,-1.890836236261E-03));
#391 = DEFINITIONAL_REPRESENTATION('',(#392),#407);
#392 = B_SPLINE_CURVE_WITH_KNOTS('',7,(#393,#394,#395,#396,#397,#398,
    #399,#400,#401,#402,#403,#404,#405,#406),.UNSPECIFIED.,.F.,.F.,(8,6,
    8),(3.735517291003,6.877109944593,10.018702598183),.UNSPECIFIED.);
#393 = CARTESIAN_POINT('',(-1.7763568394E-15,5.337664759844));
#394 = CARTESIAN_POINT('',(0.448798950513,5.33895482511));
#395 = CARTESIAN_POINT('',(0.897597901026,5.341244447897));
#396 = CARTESIAN_POINT('',(1.346396851538,5.344114969127));
#397 = CARTESIAN_POINT('',(1.795195802052,5.346629432447));
#398 = CARTESIAN_POINT('',(2.243994752564,5.347757230026));
#399 = CARTESIAN_POINT('',(2.692793703077,5.347468601029));
#400 = CARTESIAN_POINT('',(3.590391604103,5.344888470498));
#401 = CARTESIAN_POINT('',(4.039190554617,5.34259884771));
#402 = CARTESIAN_POINT('',(4.487989505127,5.339728326482));
#403 = CARTESIAN_POINT('',(4.936788455644,5.337213863162));
#404 = CARTESIAN_POINT('',(5.385587406153,5.336086065582));
#405 = CARTESIAN_POINT('',(5.834386356667,5.336374694578));
#406 = CARTESIAN_POINT('',(6.28318530718,5.337664759844));
#407 = ( GEOMETRIC_REPRESENTATION_CONTEXT(2) 
PARAMETRIC_REPRESENTATION_CONTEXT() REPRESENTATION_CONTEXT('2D SPACE',''
  ) );
#408 = FACE_BOUND('',#409,.T.);
#409 = EDGE_LOOP('',(#410));
#410 = ORIENTED_EDGE('',*,*,#411,.F.);
#411 = EDGE_CURVE('',#412,#412,#414,.T.);
#412 = VERTEX_POINT('',#413);
#413 = CARTESIAN_POINT('',(-21.31995374466,-23.57700659625,
    -1.086796031224E-06));
#414 = SURFACE_CURVE('',#415,(#420,#427),.PCURVE_S1.);
#415 = ELLIPSE('',#416,2.243124543453,2.24312238868);
#416 = AXIS2_PLACEMENT_3D('',#417,#418,#419);
#417 = CARTESIAN_POINT('',(-23.56307735598,-23.57700446115,
    -1.08679603128E-06));
#418 = DIRECTION('',(-0.,0.,-1.));
#419 = DIRECTION('',(-0.75326651649,0.657715405882,0.));
#420 = PCURVE('',#44,#421);
#421 = DEFINITIONAL_REPRESENTATION('',(#422),#426);
#422 = ELLIPSE('',#423,2.243124543453,2.24312238868);
#423 = AXIS2_PLACEMENT_2D('',#424,#425);
#424 = CARTESIAN_POINT('',(23.562615148061,-23.57654798613));
#425 = DIRECTION('',(0.75326651649,0.657715405882));
#426 = ( GEOMETRIC_REPRESENTATION_CONTEXT(2) 
PARAMETRIC_REPRESENTATION_CONTEXT() REPRESENTATION_CONTEXT('2D SPACE',''
  ) );
#427 = PCURVE('',#428,#433);
#428 = CYLINDRICAL_SURFACE('',#429,2.24312238868);
#429 = AXIS2_PLACEMENT_3D('',#430,#431,#432);
#430 = CARTESIAN_POINT('',(-23.56272318347,-23.57731370724,
    -0.339217445344));
#431 = DIRECTION('',(-1.044089316597E-03,9.11647622202E-04,
    0.999999039388));
#432 = DIRECTION('',(0.999999454938,-1.058791184068E-22,
    1.044089750469E-03));
#433 = DEFINITIONAL_REPRESENTATION('',(#434),#449);
#434 = B_SPLINE_CURVE_WITH_KNOTS('',7,(#435,#436,#437,#438,#439,#440,
    #441,#442,#443,#444,#445,#446,#447,#448),.UNSPECIFIED.,.F.,.F.,(8,6,
    8),(2.423811315927,5.565403969516,8.706996623106),.UNSPECIFIED.);
#435 = CARTESIAN_POINT('',(6.28318530718,0.336874661059));
#436 = CARTESIAN_POINT('',(5.834386356667,0.335956895012));
#437 = CARTESIAN_POINT('',(5.385587406154,0.335590243277));
#438 = CARTESIAN_POINT('',(4.936788455642,0.336070230112));
#439 = CARTESIAN_POINT('',(4.487989505128,0.337453619068));
#440 = CARTESIAN_POINT('',(4.039190554616,0.339173397903));
#441 = CARTESIAN_POINT('',(3.590391604103,0.340640941702));
#442 = CARTESIAN_POINT('',(2.692793703077,0.342476473796));
#443 = CARTESIAN_POINT('',(2.243994752563,0.342843125531));
#444 = CARTESIAN_POINT('',(1.795195802053,0.342363138695));
#445 = CARTESIAN_POINT('',(1.346396851538,0.34097974974));
#446 = CARTESIAN_POINT('',(0.897597901026,0.339259970904));
#447 = CARTESIAN_POINT('',(0.448798950513,0.337792427106));
#448 = CARTESIAN_POINT('',(1.59872115546E-14,0.336874661059));
#449 = ( GEOMETRIC_REPRESENTATION_CONTEXT(2) 
PARAMETRIC_REPRESENTATION_CONTEXT() REPRESENTATION_CONTEXT('2D SPACE',''
  ) );
#450 = FACE_BOUND('',#451,.T.);
#451 = EDGE_LOOP('',(#452));
#452 = ORIENTED_EDGE('',*,*,#453,.F.);
#453 = EDGE_CURVE('',#454,#454,#456,.T.);
#454 = VERTEX_POINT('',#455);
#455 = CARTESIAN_POINT('',(-19.00055658843,-4.820624763091E-04,
    -1.086796031252E-06));
#456 = SURFACE_CURVE('',#457,(#462,#469),.PCURVE_S1.);
#457 = ELLIPSE('',#458,19.0001031202,19.000075652219);
#458 = AXIS2_PLACEMENT_3D('',#459,#460,#461);
#459 = CARTESIAN_POINT('',(-4.622079257679E-04,-4.564750237742E-04,
    -1.086796031252E-06));
#460 = DIRECTION('',(0.,-0.,-1.));
#461 = DIRECTION('',(0.825725384464,0.564072326437,-0.));
#462 = PCURVE('',#44,#463);
#463 = DEFINITIONAL_REPRESENTATION('',(#464),#468);
#464 = ELLIPSE('',#465,19.0001031202,19.000075652219);
#465 = AXIS2_PLACEMENT_2D('',#466,#467);
#466 = CARTESIAN_POINT('',(1.007874339543E-15,-1.007820129434E-15));
#467 = DIRECTION('',(-0.825725384464,0.564072326437));
#468 = ( GEOMETRIC_REPRESENTATION_CONTEXT(2) 
PARAMETRIC_REPRESENTATION_CONTEXT() REPRESENTATION_CONTEXT('2D SPACE',''
  ) );
#469 = PCURVE('',#470,#475);
#470 = CYLINDRICAL_SURFACE('',#471,19.000075652219);
#471 = AXIS2_PLACEMENT_3D('',#472,#473,#474);
#472 = CARTESIAN_POINT('',(-6.024956291664E-04,-5.523088357356E-04,
    9.99144694548E-02));
#473 = DIRECTION('',(1.404060647332E-03,9.591466735792E-04,
    -0.999998554325));
#474 = DIRECTION('',(-0.999999014305,0.,-1.404061293174E-03));
#475 = DEFINITIONAL_REPRESENTATION('',(#476),#493);
#476 = B_SPLINE_CURVE_WITH_KNOTS('',8,(#477,#478,#479,#480,#481,#482,
    #483,#484,#485,#486,#487,#488,#489,#490,#491,#492),.UNSPECIFIED.,.F.
  ,.F.,(9,7,9),(3.740901337148,6.882493990738,10.024086644328),
  .UNSPECIFIED.);
#477 = CARTESIAN_POINT('',(-8.881784197001E-16,7.323839133912E-02));
#478 = CARTESIAN_POINT('',(0.392699081699,8.039488746649E-02));
#479 = CARTESIAN_POINT('',(0.7853981634,9.225393322012E-02));
#480 = CARTESIAN_POINT('',(1.178097245069,0.107125897098));
#481 = CARTESIAN_POINT('',(1.570796326833,0.121817118456));
#482 = CARTESIAN_POINT('',(1.963495408477,0.132280066475));
#483 = CARTESIAN_POINT('',(2.356194490191,0.136203566807));
#484 = CARTESIAN_POINT('',(2.748893571891,0.133749506181));
#485 = CARTESIAN_POINT('',(3.534291735289,0.119436513927));
#486 = CARTESIAN_POINT('',(3.926990816972,0.107577468173));
#487 = CARTESIAN_POINT('',(4.319689898683,9.270550429562E-02));
#488 = CARTESIAN_POINT('',(4.712388980396,7.801428293612E-02));
#489 = CARTESIAN_POINT('',(5.105088062072,6.755133491868E-02));
#490 = CARTESIAN_POINT('',(5.497787143772,6.362783458603E-02));
#491 = CARTESIAN_POINT('',(5.890486225481,6.608189521175E-02));
#492 = CARTESIAN_POINT('',(6.28318530718,7.323839133912E-02));
#493 = ( GEOMETRIC_REPRESENTATION_CONTEXT(2) 
PARAMETRIC_REPRESENTATION_CONTEXT() REPRESENTATION_CONTEXT('2D SPACE',''
  ) );
#494 = FACE_BOUND('',#495,.T.);
#495 = EDGE_LOOP('',(#496));
#496 = ORIENTED_EDGE('',*,*,#497,.F.);
#497 = EDGE_CURVE('',#498,#498,#500,.T.);
#498 = VERTEX_POINT('',#499);
#499 = CARTESIAN_POINT('',(23.566843026174,25.824115866096,
    -1.086796031224E-06));
#500 = SURFACE_CURVE('',#501,(#506,#513),.PCURVE_S1.);
#501 = ELLIPSE('',#502,2.249992304923,2.249990860663);
#502 = AXIS2_PLACEMENT_3D('',#503,#504,#505);
#503 = CARTESIAN_POINT('',(23.566841586066,23.574124228589,
    -1.08679603128E-06));
#504 = DIRECTION('',(-0.,0.,-1.));
#505 = DIRECTION('',(-0.679791156041,-0.733405743207,0.));
#506 = PCURVE('',#44,#507);
#507 = DEFINITIONAL_REPRESENTATION('',(#508),#512);
#508 = ELLIPSE('',#509,2.249992304923,2.249990860663);
#509 = AXIS2_PLACEMENT_2D('',#510,#511);
#510 = CARTESIAN_POINT('',(-23.56730379399,23.574580703612));
#511 = DIRECTION('',(0.679791156041,-0.733405743207));
#512 = ( GEOMETRIC_REPRESENTATION_CONTEXT(2) 
PARAMETRIC_REPRESENTATION_CONTEXT() REPRESENTATION_CONTEXT('2D SPACE',''
  ) );
#513 = PCURVE('',#514,#519);
#514 = CYLINDRICAL_SURFACE('',#515,2.249990860663);
#515 = AXIS2_PLACEMENT_3D('',#516,#517,#518);
#516 = CARTESIAN_POINT('',(23.567102753992,23.574405994621,
    -0.33907701113));
#517 = DIRECTION('',(-7.702338608646E-04,-8.309815921415E-04,
    0.999999358104));
#518 = DIRECTION('',(0.,0.999999654735,8.309818386357E-04));
#519 = DEFINITIONAL_REPRESENTATION('',(#520),#535);
#520 = B_SPLINE_CURVE_WITH_KNOTS('',7,(#521,#522,#523,#524,#525,#526,
    #527,#528,#529,#530,#531,#532,#533,#534),.UNSPECIFIED.,.F.,.F.,(8,6,
    8),(2.394115135649,5.535707789238,8.677300442828),.UNSPECIFIED.);
#521 = CARTESIAN_POINT('',(6.28318530718,0.337206439243));
#522 = CARTESIAN_POINT('',(5.834386356667,0.336428661838));
#523 = CARTESIAN_POINT('',(5.385587406154,0.336090887242));
#524 = CARTESIAN_POINT('',(4.936788455641,0.336443612417));
#525 = CARTESIAN_POINT('',(4.487989505128,0.337548010513));
#526 = CARTESIAN_POINT('',(4.039190554616,0.338951419801));
#527 = CARTESIAN_POINT('',(3.590391604103,0.340168067323));
#528 = CARTESIAN_POINT('',(2.692793703077,0.341723622134));
#529 = CARTESIAN_POINT('',(2.243994752564,0.34206139673));
#530 = CARTESIAN_POINT('',(1.795195802051,0.341708671555));
#531 = CARTESIAN_POINT('',(1.346396851539,0.340604273459));
#532 = CARTESIAN_POINT('',(0.897597901026,0.339200864171));
#533 = CARTESIAN_POINT('',(0.448798950513,0.337984216649));
#534 = CARTESIAN_POINT('',(1.59872115546E-14,0.337206439243));
#535 = ( GEOMETRIC_REPRESENTATION_CONTEXT(2) 
PARAMETRIC_REPRESENTATION_CONTEXT() REPRESENTATION_CONTEXT('2D SPACE',''
  ) );
#536 = FACE_BOUND('',#537,.T.);
#537 = EDGE_LOOP('',(#538));
#538 = ORIENTED_EDGE('',*,*,#539,.F.);
#539 = EDGE_CURVE('',#540,#540,#542,.T.);
#540 = VERTEX_POINT('',#541);
#541 = CARTESIAN_POINT('',(-23.55671174765,21.309325508524,
    -1.086796030947E-06));
#542 = SURFACE_CURVE('',#543,(#548,#555),.PCURVE_S1.);
#543 = ELLIPSE('',#544,2.247704416225,2.247694415995);
#544 = AXIS2_PLACEMENT_3D('',#545,#546,#547);
#545 = CARTESIAN_POINT('',(-23.55672153407,23.557025953054,
    -1.086796030947E-06));
#546 = DIRECTION('',(0.,-0.,-1.));
#547 = DIRECTION('',(0.630207055279,-0.776427116655,0.));
#548 = PCURVE('',#44,#549);
#549 = DEFINITIONAL_REPRESENTATION('',(#550),#554);
#550 = ELLIPSE('',#551,2.247704416225,2.247694415995);
#551 = AXIS2_PLACEMENT_2D('',#552,#553);
#552 = CARTESIAN_POINT('',(23.556259326147,23.557482428078));
#553 = DIRECTION('',(-0.630207055279,-0.776427116655));
#554 = ( GEOMETRIC_REPRESENTATION_CONTEXT(2) 
PARAMETRIC_REPRESENTATION_CONTEXT() REPRESENTATION_CONTEXT('2D SPACE',''
  ) );
#555 = PCURVE('',#556,#561);
#556 = CYLINDRICAL_SURFACE('',#557,2.247694415995);
#557 = AXIS2_PLACEMENT_3D('',#558,#559,#560);
#558 = CARTESIAN_POINT('',(-23.56676661193,23.569401680641,
    5.343405307327));
#559 = DIRECTION('',(1.879893166869E-03,-2.316064250541E-03,
    -0.999995550914));
#560 = DIRECTION('',(0.,-0.99999731791,2.316068343035E-03));
#561 = DEFINITIONAL_REPRESENTATION('',(#562),#577);
#562 = B_SPLINE_CURVE_WITH_KNOTS('',7,(#563,#564,#565,#566,#567,#568,
    #569,#570,#571,#572,#573,#574,#575,#576),.UNSPECIFIED.,.F.,.F.,(8,6,
    8),(0.681817682757,3.823410336347,6.965002989937),.UNSPECIFIED.);
#563 = CARTESIAN_POINT('',(1.580603507985E-15,5.348636004545));
#564 = CARTESIAN_POINT('',(0.448798950513,5.346739634721));
#565 = CARTESIAN_POINT('',(0.897597901026,5.343621117244));
#566 = CARTESIAN_POINT('',(1.346396851539,5.339895419281));
#567 = CARTESIAN_POINT('',(1.795195802051,5.336820429663));
#568 = CARTESIAN_POINT('',(2.243994752564,5.335656500185));
#569 = CARTESIAN_POINT('',(2.692793703077,5.336327960635));
#570 = CARTESIAN_POINT('',(3.590391604103,5.340120700284));
#571 = CARTESIAN_POINT('',(4.039190554615,5.34323921776));
#572 = CARTESIAN_POINT('',(4.487989505131,5.346964915729));
#573 = CARTESIAN_POINT('',(4.936788455641,5.350039905339));
#574 = CARTESIAN_POINT('',(5.385587406154,5.351203834822));
#575 = CARTESIAN_POINT('',(5.834386356667,5.35053237437));
#576 = CARTESIAN_POINT('',(6.28318530718,5.348636004545));
#577 = ( GEOMETRIC_REPRESENTATION_CONTEXT(2) 
PARAMETRIC_REPRESENTATION_CONTEXT() REPRESENTATION_CONTEXT('2D SPACE',''
  ) );
#578 = ADVANCED_FACE('',(#579),#180,.T.);
#579 = FACE_BOUND('',#580,.T.);
#580 = EDGE_LOOP('',(#581,#582,#583,#604,#630,#649,#650,#673,#699,#725)
  );
#581 = ORIENTED_EDGE('',*,*,#295,.F.);
#582 = ORIENTED_EDGE('',*,*,#270,.T.);
#583 = ORIENTED_EDGE('',*,*,#584,.T.);
#584 = EDGE_CURVE('',#245,#585,#587,.T.);
#585 = VERTEX_POINT('',#586);
#586 = CARTESIAN_POINT('',(28.192518491913,18.657694010082,
    4.999989494099));
#587 = SURFACE_CURVE('',#588,(#592,#598),.PCURVE_S1.);
#588 = LINE('',#589,#590);
#589 = CARTESIAN_POINT('',(28.192518491913,28.199772441225,
    4.999989494099));
#590 = VECTOR('',#591,1.);
#591 = DIRECTION('',(0.,-1.,0.));
#592 = PCURVE('',#180,#593);
#593 = DEFINITIONAL_REPRESENTATION('',(#594),#597);
#594 = B_SPLINE_CURVE_WITH_KNOTS('',1,(#595,#596),.UNSPECIFIED.,.F.,.F.,
  (2,2),(2.279162484982E-04,9.542079083752),.PIECEWISE_BEZIER_KNOTS.);
#595 = CARTESIAN_POINT('',(0.,-4.999995509364));
#596 = CARTESIAN_POINT('',(9.541851167503,-4.999995509364));
#597 = ( GEOMETRIC_REPRESENTATION_CONTEXT(2) 
PARAMETRIC_REPRESENTATION_CONTEXT() REPRESENTATION_CONTEXT('2D SPACE',''
  ) );
#598 = PCURVE('',#259,#599);
#599 = DEFINITIONAL_REPRESENTATION('',(#600),#603);
#600 = B_SPLINE_CURVE_WITH_KNOTS('',1,(#601,#602),.UNSPECIFIED.,.F.,.F.,
  (2,2),(2.279162484982E-04,9.542079083752),.PIECEWISE_BEZIER_KNOTS.);
#601 = CARTESIAN_POINT('',(4.558324969963E-04,-0.484597865462));
#602 = CARTESIAN_POINT('',(9.542307,-0.484597865462));
#603 = ( GEOMETRIC_REPRESENTATION_CONTEXT(2) 
PARAMETRIC_REPRESENTATION_CONTEXT() REPRESENTATION_CONTEXT('2D SPACE',''
  ) );
#604 = ORIENTED_EDGE('',*,*,#605,.T.);
#605 = EDGE_CURVE('',#585,#606,#608,.T.);
#606 = VERTEX_POINT('',#607);
#607 = CARTESIAN_POINT('',(28.123017526408,18.657694103679,
    54.499891910477));
#608 = SURFACE_CURVE('',#609,(#613,#619),.PCURVE_S1.);
#609 = LINE('',#610,#611);
#610 = CARTESIAN_POINT('',(28.196028641982,18.657694005355,2.49999421236
    ));
#611 = VECTOR('',#612,1.);
#612 = DIRECTION('',(-1.404061293174E-03,1.890853210671E-09,
    0.999999014305));
#613 = PCURVE('',#180,#614);
#614 = DEFINITIONAL_REPRESENTATION('',(#615),#618);
#615 = B_SPLINE_CURVE_WITH_KNOTS('',1,(#616,#617),.UNSPECIFIED.,.F.,.F.,
  (2,2),(2.486610267098,51.99997716763),.PIECEWISE_BEZIER_KNOTS.);
#616 = CARTESIAN_POINT('',(9.54185051492,-4.986608030488));
#617 = CARTESIAN_POINT('',(9.541850421297,-54.49997493102));
#618 = ( GEOMETRIC_REPRESENTATION_CONTEXT(2) 
PARAMETRIC_REPRESENTATION_CONTEXT() REPRESENTATION_CONTEXT('2D SPACE',''
  ) );
#619 = PCURVE('',#620,#625);
#620 = PLANE('',#621);
#621 = AXIS2_PLACEMENT_3D('',#622,#623,#624);
#622 = CARTESIAN_POINT('',(28.67711587971,18.657693357473,5.000669898579
    ));
#623 = DIRECTION('',(1.346702754262E-06,0.999999999999,-0.));
#624 = DIRECTION('',(0.,0.,1.));
#625 = DEFINITIONAL_REPRESENTATION('',(#626),#629);
#626 = B_SPLINE_CURVE_WITH_KNOTS('',1,(#627,#628),.UNSPECIFIED.,.F.,.F.,
  (2,2),(2.486610267098,51.99997716763),.PIECEWISE_BEZIER_KNOTS.);
#627 = CARTESIAN_POINT('',(-1.406787015966E-02,-0.484578590956));
#628 = CARTESIAN_POINT('',(49.499250225317,-0.554098392916));
#629 = ( GEOMETRIC_REPRESENTATION_CONTEXT(2) 
PARAMETRIC_REPRESENTATION_CONTEXT() REPRESENTATION_CONTEXT('2D SPACE',''
  ) );
#630 = ORIENTED_EDGE('',*,*,#631,.T.);
#631 = EDGE_CURVE('',#606,#165,#632,.T.);
#632 = SURFACE_CURVE('',#633,(#637,#643),.PCURVE_S1.);
#633 = LINE('',#634,#635);
#634 = CARTESIAN_POINT('',(28.123017526408,23.428618941225,
    54.499891910477));
#635 = VECTOR('',#636,1.);
#636 = DIRECTION('',(-0.,1.,0.));
#637 = PCURVE('',#180,#638);
#638 = DEFINITIONAL_REPRESENTATION('',(#639),#642);
#639 = B_SPLINE_CURVE_WITH_KNOTS('',1,(#640,#641),.UNSPECIFIED.,.F.,.F.,
  (2,2),(-4.770925583752,4.770925583752),.PIECEWISE_BEZIER_KNOTS.);
#640 = CARTESIAN_POINT('',(9.541851167503,-54.49994671757));
#641 = CARTESIAN_POINT('',(0.,-54.49994671757));
#642 = ( GEOMETRIC_REPRESENTATION_CONTEXT(2) 
PARAMETRIC_REPRESENTATION_CONTEXT() REPRESENTATION_CONTEXT('2D SPACE',''
  ) );
#643 = PCURVE('',#207,#644);
#644 = DEFINITIONAL_REPRESENTATION('',(#645),#648);
#645 = B_SPLINE_CURVE_WITH_KNOTS('',1,(#646,#647),.UNSPECIFIED.,.F.,.F.,
  (2,2),(-4.770925583752,4.770925583752),.PIECEWISE_BEZIER_KNOTS.);
#646 = CARTESIAN_POINT('',(0.,-0.554098899474));
#647 = CARTESIAN_POINT('',(9.541851167503,-0.554098899474));
#648 = ( GEOMETRIC_REPRESENTATION_CONTEXT(2) 
PARAMETRIC_REPRESENTATION_CONTEXT() REPRESENTATION_CONTEXT('2D SPACE',''
  ) );
#649 = ORIENTED_EDGE('',*,*,#164,.T.);
#650 = ORIENTED_EDGE('',*,*,#651,.T.);
#651 = EDGE_CURVE('',#137,#652,#654,.T.);
#652 = VERTEX_POINT('',#653);
#653 = CARTESIAN_POINT('',(28.123017486795,-18.65769838928,
    54.499920123897));
#654 = SURFACE_CURVE('',#655,(#659,#666),.PCURVE_S1.);
#655 = LINE('',#656,#657);
#656 = CARTESIAN_POINT('',(28.123017486795,28.147271031266,
    54.499920123897));
#657 = VECTOR('',#658,1.);
#658 = DIRECTION('',(0.,-1.,0.));
#659 = PCURVE('',#180,#660);
#660 = DEFINITIONAL_REPRESENTATION('',(#661),#665);
#661 = LINE('',#662,#663);
#662 = CARTESIAN_POINT('',(5.227349371007E-02,-54.49997493102));
#663 = VECTOR('',#664,1.);
#664 = DIRECTION('',(1.,0.));
#665 = ( GEOMETRIC_REPRESENTATION_CONTEXT(2) 
PARAMETRIC_REPRESENTATION_CONTEXT() REPRESENTATION_CONTEXT('2D SPACE',''
  ) );
#666 = PCURVE('',#152,#667);
#667 = DEFINITIONAL_REPRESENTATION('',(#668),#672);
#668 = LINE('',#669,#670);
#669 = CARTESIAN_POINT('',(-28.200001,28.200001));
#670 = VECTOR('',#671,1.);
#671 = DIRECTION('',(0.,-1.));
#672 = ( GEOMETRIC_REPRESENTATION_CONTEXT(2) 
PARAMETRIC_REPRESENTATION_CONTEXT() REPRESENTATION_CONTEXT('2D SPACE',''
  ) );
#673 = ORIENTED_EDGE('',*,*,#674,.F.);
#674 = EDGE_CURVE('',#675,#652,#677,.T.);
#675 = VERTEX_POINT('',#676);
#676 = CARTESIAN_POINT('',(28.192505626531,-18.65769838928,
    5.009152462996));
#677 = SURFACE_CURVE('',#678,(#682,#688),.PCURVE_S1.);
#678 = LINE('',#679,#680);
#679 = CARTESIAN_POINT('',(28.178642272404,-18.65769838928,
    14.882895531892));
#680 = VECTOR('',#681,1.);
#681 = DIRECTION('',(-1.404061293174E-03,0.,0.999999014305));
#682 = PCURVE('',#180,#683);
#683 = DEFINITIONAL_REPRESENTATION('',(#684),#687);
#684 = B_SPLINE_CURVE_WITH_KNOTS('',1,(#685,#686),.UNSPECIFIED.,.F.,.F.,
  (2,2),(-9.8737528014,39.617063642328),.PIECEWISE_BEZIER_KNOTS.);
#685 = CARTESIAN_POINT('',(46.857242914259,-5.009158487292));
#686 = CARTESIAN_POINT('',(46.857242914259,-54.49997493102));
#687 = ( GEOMETRIC_REPRESENTATION_CONTEXT(2) 
PARAMETRIC_REPRESENTATION_CONTEXT() REPRESENTATION_CONTEXT('2D SPACE',''
  ) );
#688 = PCURVE('',#689,#694);
#689 = PLANE('',#690);
#690 = AXIS2_PLACEMENT_3D('',#691,#692,#693);
#691 = CARTESIAN_POINT('',(23.428834649373,-18.65769838928,
    29.759152462996));
#692 = DIRECTION('',(0.,1.,0.));
#693 = DIRECTION('',(0.,-0.,1.));
#694 = DEFINITIONAL_REPRESENTATION('',(#695),#698);
#695 = B_SPLINE_CURVE_WITH_KNOTS('',1,(#696,#697),.UNSPECIFIED.,.F.,.F.,
  (2,2),(-9.8737528014,39.617063642328),.PIECEWISE_BEZIER_KNOTS.);
#696 = CARTESIAN_POINT('',(-24.75,4.763670977157));
#697 = CARTESIAN_POINT('',(24.740767660901,4.694182837421));
#698 = ( GEOMETRIC_REPRESENTATION_CONTEXT(2) 
PARAMETRIC_REPRESENTATION_CONTEXT() REPRESENTATION_CONTEXT('2D SPACE',''
  ) );
#699 = ORIENTED_EDGE('',*,*,#700,.T.);
#700 = EDGE_CURVE('',#675,#701,#703,.T.);
#701 = VERTEX_POINT('',#702);
#702 = CARTESIAN_POINT('',(28.192518484236,-28.20525321153,
    4.999994962361));
#703 = SURFACE_CURVE('',#704,(#708,#714),.PCURVE_S1.);
#704 = LINE('',#705,#706);
#705 = CARTESIAN_POINT('',(28.192480825021,-0.241209619013,
    5.026816567653));
#706 = VECTOR('',#707,1.);
#707 = DIRECTION('',(1.346700718849E-06,-0.999999540019,
    -9.591457281536E-04));
#708 = PCURVE('',#180,#709);
#709 = DEFINITIONAL_REPRESENTATION('',(#710),#713);
#710 = B_SPLINE_CURVE_WITH_KNOTS('',1,(#711,#712),.UNSPECIFIED.,.F.,.F.,
  (2,2),(18.416497241514,28.011534234502),.PIECEWISE_BEZIER_KNOTS.);
#711 = CARTESIAN_POINT('',(46.857242914259,-5.009158487292));
#712 = CARTESIAN_POINT('',(56.45227549371,-4.999955439477));
#713 = ( GEOMETRIC_REPRESENTATION_CONTEXT(2) 
PARAMETRIC_REPRESENTATION_CONTEXT() REPRESENTATION_CONTEXT('2D SPACE',''
  ) );
#714 = PCURVE('',#715,#720);
#715 = PLANE('',#716);
#716 = AXIS2_PLACEMENT_3D('',#717,#718,#719);
#717 = CARTESIAN_POINT('',(28.200001642537,-28.67711613053,4.99954237685
    ));
#718 = DIRECTION('',(0.,-9.591457281544E-04,0.99999954002));
#719 = DIRECTION('',(-1.,0.,0.));
#720 = DEFINITIONAL_REPRESENTATION('',(#721),#724);
#721 = B_SPLINE_CURVE_WITH_KNOTS('',1,(#722,#723),.UNSPECIFIED.,.F.,.F.,
  (2,2),(18.416497241514,28.011534234502),.PIECEWISE_BEZIER_KNOTS.);
#722 = CARTESIAN_POINT('',(7.496016005876E-03,-10.01942234999));
#723 = CARTESIAN_POINT('',(7.48309436266E-03,-0.424385357011));
#724 = ( GEOMETRIC_REPRESENTATION_CONTEXT(2) 
PARAMETRIC_REPRESENTATION_CONTEXT() REPRESENTATION_CONTEXT('2D SPACE',''
  ) );
#725 = ORIENTED_EDGE('',*,*,#726,.F.);
#726 = EDGE_CURVE('',#296,#701,#727,.T.);
#727 = SURFACE_CURVE('',#728,(#732,#739),.PCURVE_S1.);
#728 = LINE('',#729,#730);
#729 = CARTESIAN_POINT('',(28.199538792074,-28.20045747502,
    -1.086796031252E-06));
#730 = VECTOR('',#731,1.);
#731 = DIRECTION('',(-1.404060647332E-03,-9.591466735792E-04,
    0.999998554325));
#732 = PCURVE('',#180,#733);
#733 = DEFINITIONAL_REPRESENTATION('',(#734),#738);
#734 = LINE('',#735,#736);
#735 = CARTESIAN_POINT('',(56.400002,0.));
#736 = VECTOR('',#737,1.);
#737 = DIRECTION('',(9.591466735792E-04,-0.999999540019));
#738 = ( GEOMETRIC_REPRESENTATION_CONTEXT(2) 
PARAMETRIC_REPRESENTATION_CONTEXT() REPRESENTATION_CONTEXT('2D SPACE',''
  ) );
#739 = PCURVE('',#334,#740);
#740 = DEFINITIONAL_REPRESENTATION('',(#741),#745);
#741 = LINE('',#742,#743);
#742 = CARTESIAN_POINT('',(0.,0.));
#743 = VECTOR('',#744,1.);
#744 = DIRECTION('',(1.404060647332E-03,-0.999999014306));
#745 = ( GEOMETRIC_REPRESENTATION_CONTEXT(2) 
PARAMETRIC_REPRESENTATION_CONTEXT() REPRESENTATION_CONTEXT('2D SPACE',''
  ) );
#746 = ADVANCED_FACE('',(#747,#795),#259,.T.);
#747 = FACE_BOUND('',#748,.T.);
#748 = EDGE_LOOP('',(#749,#750,#773,#794));
#749 = ORIENTED_EDGE('',*,*,#244,.F.);
#750 = ORIENTED_EDGE('',*,*,#751,.T.);
#751 = EDGE_CURVE('',#219,#752,#754,.T.);
#752 = VERTEX_POINT('',#753);
#753 = CARTESIAN_POINT('',(18.657703405791,18.657706850644,
    4.986602028419));
#754 = SURFACE_CURVE('',#755,(#759,#766),.PCURVE_S1.);
#755 = LINE('',#756,#757);
#756 = CARTESIAN_POINT('',(18.657703405791,28.200013850644,
    4.986602028419));
#757 = VECTOR('',#758,1.);
#758 = DIRECTION('',(0.,-1.,0.));
#759 = PCURVE('',#259,#760);
#760 = DEFINITIONAL_REPRESENTATION('',(#761),#765);
#761 = LINE('',#762,#763);
#762 = CARTESIAN_POINT('',(-1.34931703748E-05,-10.01942234999));
#763 = VECTOR('',#764,1.);
#764 = DIRECTION('',(1.,0.));
#765 = ( GEOMETRIC_REPRESENTATION_CONTEXT(2) 
PARAMETRIC_REPRESENTATION_CONTEXT() REPRESENTATION_CONTEXT('2D SPACE',''
  ) );
#766 = PCURVE('',#233,#767);
#767 = DEFINITIONAL_REPRESENTATION('',(#768),#772);
#768 = LINE('',#769,#770);
#769 = CARTESIAN_POINT('',(24.75,-4.7711535));
#770 = VECTOR('',#771,1.);
#771 = DIRECTION('',(0.,1.));
#772 = ( GEOMETRIC_REPRESENTATION_CONTEXT(2) 
PARAMETRIC_REPRESENTATION_CONTEXT() REPRESENTATION_CONTEXT('2D SPACE',''
  ) );
#773 = ORIENTED_EDGE('',*,*,#774,.F.);
#774 = EDGE_CURVE('',#585,#752,#775,.T.);
#775 = SURFACE_CURVE('',#776,(#780,#787),.PCURVE_S1.);
#776 = LINE('',#777,#778);
#777 = CARTESIAN_POINT('',(28.67711587971,18.657693357473,5.000669898579
    ));
#778 = VECTOR('',#779,1.);
#779 = DIRECTION('',(-0.999999014306,1.346701426827E-06,
    -1.404060001489E-03));
#780 = PCURVE('',#259,#781);
#781 = DEFINITIONAL_REPRESENTATION('',(#782),#786);
#782 = LINE('',#783,#784);
#783 = CARTESIAN_POINT('',(9.542307,0.));
#784 = VECTOR('',#785,1.);
#785 = DIRECTION('',(-1.346701426827E-06,-0.999999999999));
#786 = ( GEOMETRIC_REPRESENTATION_CONTEXT(2) 
PARAMETRIC_REPRESENTATION_CONTEXT() REPRESENTATION_CONTEXT('2D SPACE',''
  ) );
#787 = PCURVE('',#620,#788);
#788 = DEFINITIONAL_REPRESENTATION('',(#789),#793);
#789 = LINE('',#790,#791);
#790 = CARTESIAN_POINT('',(0.,0.));
#791 = VECTOR('',#792,1.);
#792 = DIRECTION('',(-1.404060001489E-03,-0.999999014307));
#793 = ( GEOMETRIC_REPRESENTATION_CONTEXT(2) 
PARAMETRIC_REPRESENTATION_CONTEXT() REPRESENTATION_CONTEXT('2D SPACE',''
  ) );
#794 = ORIENTED_EDGE('',*,*,#584,.F.);
#795 = FACE_BOUND('',#796,.T.);
#796 = EDGE_LOOP('',(#797));
#797 = ORIENTED_EDGE('',*,*,#798,.F.);
#798 = EDGE_CURVE('',#799,#799,#801,.T.);
#799 = VERTEX_POINT('',#800);
#800 = CARTESIAN_POINT('',(23.562996868278,25.81996636479,4.993489361554
    ));
#801 = SURFACE_CURVE('',#802,(#807,#814),.PCURVE_S1.);
#802 = ELLIPSE('',#803,2.249992089458,2.249990860663);
#803 = AXIS2_PLACEMENT_3D('',#804,#805,#806);
#804 = CARTESIAN_POINT('',(23.562995428171,23.569974727284,
    4.993489359532));
#805 = DIRECTION('',(-1.40406000149E-03,-1.084202172486E-19,
    0.999999014307));
#806 = DIRECTION('',(0.60646459599,-0.795110035615,8.515135208802E-04));
#807 = PCURVE('',#259,#808);
#808 = DEFINITIONAL_REPRESENTATION('',(#809),#813);
#809 = ELLIPSE('',#810,2.249992089458,2.249990860663);
#810 = AXIS2_PLACEMENT_2D('',#811,#812);
#811 = CARTESIAN_POINT('',(4.63002563019,-5.114125492496));
#812 = DIRECTION('',(0.795110035615,0.606465193778));
#813 = ( GEOMETRIC_REPRESENTATION_CONTEXT(2) 
PARAMETRIC_REPRESENTATION_CONTEXT() REPRESENTATION_CONTEXT('2D SPACE',''
  ) );
#814 = PCURVE('',#514,#815);
#815 = DEFINITIONAL_REPRESENTATION('',(#816),#831);
#816 = B_SPLINE_CURVE_WITH_KNOTS('',7,(#817,#818,#819,#820,#821,#822,
    #823,#824,#825,#826,#827,#828,#829,#830),.UNSPECIFIED.,.F.,.F.,(8,6,
    8),(2.489984418966,5.631577072555,8.773169726145),.UNSPECIFIED.);
#817 = CARTESIAN_POINT('',(0.,5.330700092895));
#818 = CARTESIAN_POINT('',(0.448798950513,5.330060058391));
#819 = CARTESIAN_POINT('',(0.897597901026,5.329859925921));
#820 = CARTESIAN_POINT('',(1.346396851539,5.330305687227));
#821 = CARTESIAN_POINT('',(1.795195802052,5.33141008413));
#822 = CARTESIAN_POINT('',(2.243994752564,5.332720455386));
#823 = CARTESIAN_POINT('',(2.692793703077,5.333799459831));
#824 = CARTESIAN_POINT('',(3.590391604103,5.33507952884));
#825 = CARTESIAN_POINT('',(4.039190554615,5.33527966131));
#826 = CARTESIAN_POINT('',(4.487989505129,5.334833900003));
#827 = CARTESIAN_POINT('',(4.93678845564,5.333729503104));
#828 = CARTESIAN_POINT('',(5.385587406154,5.332419131844));
#829 = CARTESIAN_POINT('',(5.834386356667,5.3313401274));
#830 = CARTESIAN_POINT('',(6.28318530718,5.330700092895));
#831 = ( GEOMETRIC_REPRESENTATION_CONTEXT(2) 
PARAMETRIC_REPRESENTATION_CONTEXT() REPRESENTATION_CONTEXT('2D SPACE',''
  ) );
#832 = ADVANCED_FACE('',(#833),#233,.F.);
#833 = FACE_BOUND('',#834,.F.);
#834 = EDGE_LOOP('',(#835,#836,#859,#880));
#835 = ORIENTED_EDGE('',*,*,#751,.T.);
#836 = ORIENTED_EDGE('',*,*,#837,.T.);
#837 = EDGE_CURVE('',#752,#838,#840,.T.);
#838 = VERTEX_POINT('',#839);
#839 = CARTESIAN_POINT('',(18.657703405791,18.657706850644,
    54.486602028419));
#840 = SURFACE_CURVE('',#841,(#845,#852),.PCURVE_S1.);
#841 = LINE('',#842,#843);
#842 = CARTESIAN_POINT('',(18.657703405791,18.657706850644,
    4.986602028419));
#843 = VECTOR('',#844,1.);
#844 = DIRECTION('',(0.,0.,1.));
#845 = PCURVE('',#233,#846);
#846 = DEFINITIONAL_REPRESENTATION('',(#847),#851);
#847 = LINE('',#848,#849);
#848 = CARTESIAN_POINT('',(24.75,4.7711535));
#849 = VECTOR('',#850,1.);
#850 = DIRECTION('',(-1.,0.));
#851 = ( GEOMETRIC_REPRESENTATION_CONTEXT(2) 
PARAMETRIC_REPRESENTATION_CONTEXT() REPRESENTATION_CONTEXT('2D SPACE',''
  ) );
#852 = PCURVE('',#620,#853);
#853 = DEFINITIONAL_REPRESENTATION('',(#854),#858);
#854 = LINE('',#855,#856);
#855 = CARTESIAN_POINT('',(-1.406787015966E-02,-10.01941247392));
#856 = VECTOR('',#857,1.);
#857 = DIRECTION('',(1.,0.));
#858 = ( GEOMETRIC_REPRESENTATION_CONTEXT(2) 
PARAMETRIC_REPRESENTATION_CONTEXT() REPRESENTATION_CONTEXT('2D SPACE',''
  ) );
#859 = ORIENTED_EDGE('',*,*,#860,.T.);
#860 = EDGE_CURVE('',#838,#193,#861,.T.);
#861 = SURFACE_CURVE('',#862,(#866,#873),.PCURVE_S1.);
#862 = LINE('',#863,#864);
#863 = CARTESIAN_POINT('',(18.657703405791,18.657706850644,
    54.486602028419));
#864 = VECTOR('',#865,1.);
#865 = DIRECTION('',(0.,1.,0.));
#866 = PCURVE('',#233,#867);
#867 = DEFINITIONAL_REPRESENTATION('',(#868),#872);
#868 = LINE('',#869,#870);
#869 = CARTESIAN_POINT('',(-24.75,4.7711535));
#870 = VECTOR('',#871,1.);
#871 = DIRECTION('',(0.,-1.));
#872 = ( GEOMETRIC_REPRESENTATION_CONTEXT(2) 
PARAMETRIC_REPRESENTATION_CONTEXT() REPRESENTATION_CONTEXT('2D SPACE',''
  ) );
#873 = PCURVE('',#207,#874);
#874 = DEFINITIONAL_REPRESENTATION('',(#875),#879);
#875 = LINE('',#876,#877);
#876 = CARTESIAN_POINT('',(1.34931703748E-05,-10.01942234999));
#877 = VECTOR('',#878,1.);
#878 = DIRECTION('',(1.,0.));
#879 = ( GEOMETRIC_REPRESENTATION_CONTEXT(2) 
PARAMETRIC_REPRESENTATION_CONTEXT() REPRESENTATION_CONTEXT('2D SPACE',''
  ) );
#880 = ORIENTED_EDGE('',*,*,#218,.F.);
#881 = ADVANCED_FACE('',(#882),#207,.T.);
#882 = FACE_BOUND('',#883,.T.);
#883 = EDGE_LOOP('',(#884,#885,#906,#907));
#884 = ORIENTED_EDGE('',*,*,#631,.F.);
#885 = ORIENTED_EDGE('',*,*,#886,.T.);
#886 = EDGE_CURVE('',#606,#838,#887,.T.);
#887 = SURFACE_CURVE('',#888,(#892,#899),.PCURVE_S1.);
#888 = LINE('',#889,#890);
#889 = CARTESIAN_POINT('',(28.67711587971,18.657693357473,
    54.500669898579));
#890 = VECTOR('',#891,1.);
#891 = DIRECTION('',(-0.999999014306,1.346701426827E-06,
    -1.404060001489E-03));
#892 = PCURVE('',#207,#893);
#893 = DEFINITIONAL_REPRESENTATION('',(#894),#898);
#894 = LINE('',#895,#896);
#895 = CARTESIAN_POINT('',(0.,0.));
#896 = VECTOR('',#897,1.);
#897 = DIRECTION('',(1.346701426827E-06,-0.999999999999));
#898 = ( GEOMETRIC_REPRESENTATION_CONTEXT(2) 
PARAMETRIC_REPRESENTATION_CONTEXT() REPRESENTATION_CONTEXT('2D SPACE',''
  ) );
#899 = PCURVE('',#620,#900);
#900 = DEFINITIONAL_REPRESENTATION('',(#901),#905);
#901 = LINE('',#902,#903);
#902 = CARTESIAN_POINT('',(49.5,0.));
#903 = VECTOR('',#904,1.);
#904 = DIRECTION('',(-1.404060001489E-03,-0.999999014307));
#905 = ( GEOMETRIC_REPRESENTATION_CONTEXT(2) 
PARAMETRIC_REPRESENTATION_CONTEXT() REPRESENTATION_CONTEXT('2D SPACE',''
  ) );
#906 = ORIENTED_EDGE('',*,*,#860,.T.);
#907 = ORIENTED_EDGE('',*,*,#192,.F.);
#908 = ADVANCED_FACE('',(#909),#152,.F.);
#909 = FACE_BOUND('',#910,.F.);
#910 = EDGE_LOOP('',(#911,#939,#962,#985,#1013,#1039,#1065,#1084,#1085,
    #1086,#1107,#1133,#1156,#1182));
#911 = ORIENTED_EDGE('',*,*,#912,.F.);
#912 = EDGE_CURVE('',#913,#915,#917,.T.);
#913 = VERTEX_POINT('',#914);
#914 = CARTESIAN_POINT('',(-28.20000092899,-28.25273096873,
    54.499920123897));
#915 = VERTEX_POINT('',#916);
#916 = CARTESIAN_POINT('',(-28.20001385063,-18.65769838928,
    54.499920123897));
#917 = SURFACE_CURVE('',#918,(#922,#928),.PCURVE_S1.);
#918 = LINE('',#919,#920);
#919 = CARTESIAN_POINT('',(-28.20001963169,-14.36494198631,
    54.499920123897));
#920 = VECTOR('',#921,1.);
#921 = DIRECTION('',(-1.346701338305E-06,0.999999999999,0.));
#922 = PCURVE('',#152,#923);
#923 = DEFINITIONAL_REPRESENTATION('',(#924),#927);
#924 = B_SPLINE_CURVE_WITH_KNOTS('',1,(#925,#926),.UNSPECIFIED.,.F.,.F.,
  (2,2),(-13.88778898243,-4.292756402973),.PIECEWISE_BEZIER_KNOTS.);
#925 = CARTESIAN_POINT('',(28.123017415788,-28.200001));
#926 = CARTESIAN_POINT('',(28.123030337431,-18.60496842054));
#927 = ( GEOMETRIC_REPRESENTATION_CONTEXT(2) 
PARAMETRIC_REPRESENTATION_CONTEXT() REPRESENTATION_CONTEXT('2D SPACE',''
  ) );
#928 = PCURVE('',#929,#934);
#929 = PLANE('',#930);
#930 = AXIS2_PLACEMENT_3D('',#931,#932,#933);
#931 = CARTESIAN_POINT('',(-28.20000035747,-28.67711613053,
    54.49954237685));
#932 = DIRECTION('',(-0.999999999999,-1.346701338305E-06,-0.));
#933 = DIRECTION('',(0.,0.,-1.));
#934 = DEFINITIONAL_REPRESENTATION('',(#935),#938);
#935 = B_SPLINE_CURVE_WITH_KNOTS('',1,(#936,#937),.UNSPECIFIED.,.F.,.F.,
  (2,2),(-13.88778898243,-4.292756402973),.PIECEWISE_BEZIER_KNOTS.);
#936 = CARTESIAN_POINT('',(-3.777470462865E-04,-0.424385161802));
#937 = CARTESIAN_POINT('',(-3.777470462865E-04,-10.01941774126));
#938 = ( GEOMETRIC_REPRESENTATION_CONTEXT(2) 
PARAMETRIC_REPRESENTATION_CONTEXT() REPRESENTATION_CONTEXT('2D SPACE',''
  ) );
#939 = ORIENTED_EDGE('',*,*,#940,.T.);
#940 = EDGE_CURVE('',#913,#941,#943,.T.);
#941 = VERTEX_POINT('',#942);
#942 = CARTESIAN_POINT('',(-28.2769845132,-28.25273096873,
    54.499920123897));
#943 = SURFACE_CURVE('',#944,(#948,#955),.PCURVE_S1.);
#944 = LINE('',#945,#946);
#945 = CARTESIAN_POINT('',(28.123017486795,-28.25273096873,
    54.499920123897));
#946 = VECTOR('',#947,1.);
#947 = DIRECTION('',(-1.,0.,0.));
#948 = PCURVE('',#152,#949);
#949 = DEFINITIONAL_REPRESENTATION('',(#950),#954);
#950 = LINE('',#951,#952);
#951 = CARTESIAN_POINT('',(-28.200001,-28.200001));
#952 = VECTOR('',#953,1.);
#953 = DIRECTION('',(1.,0.));
#954 = ( GEOMETRIC_REPRESENTATION_CONTEXT(2) 
PARAMETRIC_REPRESENTATION_CONTEXT() REPRESENTATION_CONTEXT('2D SPACE',''
  ) );
#955 = PCURVE('',#334,#956);
#956 = DEFINITIONAL_REPRESENTATION('',(#957),#961);
#957 = LINE('',#958,#959);
#958 = CARTESIAN_POINT('',(7.652130527958E-02,-54.49994627969));
#959 = VECTOR('',#960,1.);
#960 = DIRECTION('',(1.,0.));
#961 = ( GEOMETRIC_REPRESENTATION_CONTEXT(2) 
PARAMETRIC_REPRESENTATION_CONTEXT() REPRESENTATION_CONTEXT('2D SPACE',''
  ) );
#962 = ORIENTED_EDGE('',*,*,#963,.T.);
#963 = EDGE_CURVE('',#941,#964,#966,.T.);
#964 = VERTEX_POINT('',#965);
#965 = CARTESIAN_POINT('',(-28.2769845132,28.147271031266,
    54.499920123897));
#966 = SURFACE_CURVE('',#967,(#971,#978),.PCURVE_S1.);
#967 = LINE('',#968,#969);
#968 = CARTESIAN_POINT('',(-28.2769845132,-28.25273096873,
    54.499920123897));
#969 = VECTOR('',#970,1.);
#970 = DIRECTION('',(0.,1.,0.));
#971 = PCURVE('',#152,#972);
#972 = DEFINITIONAL_REPRESENTATION('',(#973),#977);
#973 = LINE('',#974,#975);
#974 = CARTESIAN_POINT('',(28.200001,-28.200001));
#975 = VECTOR('',#976,1.);
#976 = DIRECTION('',(0.,1.));
#977 = ( GEOMETRIC_REPRESENTATION_CONTEXT(2) 
PARAMETRIC_REPRESENTATION_CONTEXT() REPRESENTATION_CONTEXT('2D SPACE',''
  ) );
#978 = PCURVE('',#72,#979);
#979 = DEFINITIONAL_REPRESENTATION('',(#980),#984);
#980 = LINE('',#981,#982);
#981 = CARTESIAN_POINT('',(-5.227349371007E-02,-54.49997493102));
#982 = VECTOR('',#983,1.);
#983 = DIRECTION('',(1.,0.));
#984 = ( GEOMETRIC_REPRESENTATION_CONTEXT(2) 
PARAMETRIC_REPRESENTATION_CONTEXT() REPRESENTATION_CONTEXT('2D SPACE',''
  ) );
#985 = ORIENTED_EDGE('',*,*,#986,.T.);
#986 = EDGE_CURVE('',#964,#987,#989,.T.);
#987 = VERTEX_POINT('',#988);
#988 = CARTESIAN_POINT('',(-28.2568903243,28.147271031266,
    54.499920123897));
#989 = SURFACE_CURVE('',#990,(#994,#1001),.PCURVE_S1.);
#990 = LINE('',#991,#992);
#991 = CARTESIAN_POINT('',(-28.2769845132,28.147271031266,
    54.499920123897));
#992 = VECTOR('',#993,1.);
#993 = DIRECTION('',(1.,0.,0.));
#994 = PCURVE('',#152,#995);
#995 = DEFINITIONAL_REPRESENTATION('',(#996),#1000);
#996 = LINE('',#997,#998);
#997 = CARTESIAN_POINT('',(28.200001,28.200001));
#998 = VECTOR('',#999,1.);
#999 = DIRECTION('',(-1.,0.));
#1000 = ( GEOMETRIC_REPRESENTATION_CONTEXT(2) 
PARAMETRIC_REPRESENTATION_CONTEXT() REPRESENTATION_CONTEXT('2D SPACE',''
  ) );
#1001 = PCURVE('',#1002,#1007);
#1002 = PLANE('',#1003);
#1003 = AXIS2_PLACEMENT_3D('',#1004,#1005,#1006);
#1004 = CARTESIAN_POINT('',(-28.20046320792,28.199544524976,
    -1.086796031252E-06));
#1005 = DIRECTION('',(-0.,0.999999540018,9.591476190049E-04));
#1006 = DIRECTION('',(1.,0.,0.));
#1007 = DEFINITIONAL_REPRESENTATION('',(#1008),#1012);
#1008 = LINE('',#1009,#1010);
#1009 = CARTESIAN_POINT('',(-7.652130527958E-02,-54.49994627969));
#1010 = VECTOR('',#1011,1.);
#1011 = DIRECTION('',(1.,0.));
#1012 = ( GEOMETRIC_REPRESENTATION_CONTEXT(2) 
PARAMETRIC_REPRESENTATION_CONTEXT() REPRESENTATION_CONTEXT('2D SPACE',''
  ) );
#1013 = ORIENTED_EDGE('',*,*,#1014,.F.);
#1014 = EDGE_CURVE('',#1015,#987,#1017,.T.);
#1015 = VERTEX_POINT('',#1016);
#1016 = CARTESIAN_POINT('',(-28.2568903243,18.657694076618,
    54.499920123897));
#1017 = SURFACE_CURVE('',#1018,(#1022,#1028),.PCURVE_S1.);
#1018 = LINE('',#1019,#1020);
#1019 = CARTESIAN_POINT('',(-28.25689032444,9.302482336902,
    54.499920123897));
#1020 = VECTOR('',#1021,1.);
#1021 = DIRECTION('',(0.,1.,-0.));
#1022 = PCURVE('',#152,#1023);
#1023 = DEFINITIONAL_REPRESENTATION('',(#1024),#1027);
#1024 = B_SPLINE_CURVE_WITH_KNOTS('',1,(#1025,#1026),.UNSPECIFIED.,.F.,
  .F.,(2,2),(9.355198812465,18.844788694365),.PIECEWISE_BEZIER_KNOTS.);
#1025 = CARTESIAN_POINT('',(28.179906811237,18.710411118101));
#1026 = CARTESIAN_POINT('',(28.179906811237,28.200001));
#1027 = ( GEOMETRIC_REPRESENTATION_CONTEXT(2) 
PARAMETRIC_REPRESENTATION_CONTEXT() REPRESENTATION_CONTEXT('2D SPACE',''
  ) );
#1028 = PCURVE('',#1029,#1034);
#1029 = PLANE('',#1030);
#1030 = AXIS2_PLACEMENT_3D('',#1031,#1032,#1033);
#1031 = CARTESIAN_POINT('',(-28.67711587971,18.657694642537,
    54.499330101421));
#1032 = DIRECTION('',(-1.40406000149E-03,0.,0.999999014307));
#1033 = DIRECTION('',(0.,1.,0.));
#1034 = DEFINITIONAL_REPRESENTATION('',(#1035),#1038);
#1035 = B_SPLINE_CURVE_WITH_KNOTS('',1,(#1036,#1037),.UNSPECIFIED.,.F.,
  .F.,(2,2),(9.355198812465,18.844788694365),.PIECEWISE_BEZIER_KNOTS.);
#1036 = CARTESIAN_POINT('',(-1.34931703748E-05,-0.420225969482));
#1037 = CARTESIAN_POINT('',(9.489576388729,-0.420225969482));
#1038 = ( GEOMETRIC_REPRESENTATION_CONTEXT(2) 
PARAMETRIC_REPRESENTATION_CONTEXT() REPRESENTATION_CONTEXT('2D SPACE',''
  ) );
#1039 = ORIENTED_EDGE('',*,*,#1040,.F.);
#1040 = EDGE_CURVE('',#1041,#1015,#1043,.T.);
#1041 = VERTEX_POINT('',#1042);
#1042 = CARTESIAN_POINT('',(-18.65770340579,18.657681149367,
    54.499920123897));
#1043 = SURFACE_CURVE('',#1044,(#1048,#1054),.PCURVE_S1.);
#1044 = LINE('',#1045,#1046);
#1045 = CARTESIAN_POINT('',(-14.37703709779,18.657675384582,
    54.499920123897));
#1046 = VECTOR('',#1047,1.);
#1047 = DIRECTION('',(-0.999999999999,1.346702754262E-06,0.));
#1048 = PCURVE('',#152,#1049);
#1049 = DEFINITIONAL_REPRESENTATION('',(#1050),#1053);
#1050 = B_SPLINE_CURVE_WITH_KNOTS('',1,(#1051,#1052),.UNSPECIFIED.,.F.,
  .F.,(2,2),(4.280666308002,13.899947415424),.PIECEWISE_BEZIER_KNOTS.);
#1051 = CARTESIAN_POINT('',(18.580719892586,18.710411118101));
#1052 = CARTESIAN_POINT('',(28.200001,18.710424072413));
#1053 = ( GEOMETRIC_REPRESENTATION_CONTEXT(2) 
PARAMETRIC_REPRESENTATION_CONTEXT() REPRESENTATION_CONTEXT('2D SPACE',''
  ) );
#1054 = PCURVE('',#1055,#1060);
#1055 = PLANE('',#1056);
#1056 = AXIS2_PLACEMENT_3D('',#1057,#1058,#1059);
#1057 = CARTESIAN_POINT('',(-28.67711587971,18.657694642537,
    4.999330101421));
#1058 = DIRECTION('',(-1.346702754262E-06,-0.999999999999,0.));
#1059 = DIRECTION('',(0.,0.,1.));
#1060 = DEFINITIONAL_REPRESENTATION('',(#1061),#1064);
#1061 = B_SPLINE_CURVE_WITH_KNOTS('',1,(#1062,#1063),.UNSPECIFIED.,.F.,
  .F.,(2,2),(4.280666308002,13.899947415424),.PIECEWISE_BEZIER_KNOTS.);
#1062 = CARTESIAN_POINT('',(49.500590022476,-10.01941247392));
#1063 = CARTESIAN_POINT('',(49.500590022476,-0.400131366505));
#1064 = ( GEOMETRIC_REPRESENTATION_CONTEXT(2) 
PARAMETRIC_REPRESENTATION_CONTEXT() REPRESENTATION_CONTEXT('2D SPACE',''
  ) );
#1065 = ORIENTED_EDGE('',*,*,#1066,.T.);
#1066 = EDGE_CURVE('',#1041,#111,#1067,.T.);
#1067 = SURFACE_CURVE('',#1068,(#1072,#1078),.PCURVE_S1.);
#1068 = LINE('',#1069,#1070);
#1069 = CARTESIAN_POINT('',(-18.65770340579,11.688052340316,
    54.499920123897));
#1070 = VECTOR('',#1071,1.);
#1071 = DIRECTION('',(0.,1.,0.));
#1072 = PCURVE('',#152,#1073);
#1073 = DEFINITIONAL_REPRESENTATION('',(#1074),#1077);
#1074 = B_SPLINE_CURVE_WITH_KNOTS('',1,(#1075,#1076),.UNSPECIFIED.,.F.,
  .F.,(2,2),(6.96962880905,16.45921869095),.PIECEWISE_BEZIER_KNOTS.);
#1075 = CARTESIAN_POINT('',(18.580719892586,18.710411118101));
#1076 = CARTESIAN_POINT('',(18.580719892586,28.200001));
#1077 = ( GEOMETRIC_REPRESENTATION_CONTEXT(2) 
PARAMETRIC_REPRESENTATION_CONTEXT() REPRESENTATION_CONTEXT('2D SPACE',''
  ) );
#1078 = PCURVE('',#125,#1079);
#1079 = DEFINITIONAL_REPRESENTATION('',(#1080),#1083);
#1080 = B_SPLINE_CURVE_WITH_KNOTS('',1,(#1081,#1082),.UNSPECIFIED.,.F.,
  .F.,(2,2),(6.96962880905,16.45921869095),.PIECEWISE_BEZIER_KNOTS.);
#1081 = CARTESIAN_POINT('',(-24.73652215231,4.7711535));
#1082 = CARTESIAN_POINT('',(-24.73652215231,-4.718436381899));
#1083 = ( GEOMETRIC_REPRESENTATION_CONTEXT(2) 
PARAMETRIC_REPRESENTATION_CONTEXT() REPRESENTATION_CONTEXT('2D SPACE',''
  ) );
#1084 = ORIENTED_EDGE('',*,*,#136,.T.);
#1085 = ORIENTED_EDGE('',*,*,#651,.T.);
#1086 = ORIENTED_EDGE('',*,*,#1087,.F.);
#1087 = EDGE_CURVE('',#1088,#652,#1090,.T.);
#1088 = VERTEX_POINT('',#1089);
#1089 = CARTESIAN_POINT('',(18.657681149373,-18.65769838928,
    54.499920123897));
#1090 = SURFACE_CURVE('',#1091,(#1095,#1101),.PCURVE_S1.);
#1091 = LINE('',#1092,#1093);
#1092 = CARTESIAN_POINT('',(11.675925568084,-18.65769838928,
    54.499920123897));
#1093 = VECTOR('',#1094,1.);
#1094 = DIRECTION('',(1.,0.,0.));
#1095 = PCURVE('',#152,#1096);
#1096 = DEFINITIONAL_REPRESENTATION('',(#1097),#1100);
#1097 = B_SPLINE_CURVE_WITH_KNOTS('',1,(#1098,#1099),.UNSPECIFIED.,.F.,
  .F.,(2,2),(6.981755581289,16.447091918711),.PIECEWISE_BEZIER_KNOTS.);
#1098 = CARTESIAN_POINT('',(-18.73466466257,-18.60496842054));
#1099 = CARTESIAN_POINT('',(-28.200001,-18.60496842054));
#1100 = ( GEOMETRIC_REPRESENTATION_CONTEXT(2) 
PARAMETRIC_REPRESENTATION_CONTEXT() REPRESENTATION_CONTEXT('2D SPACE',''
  ) );
#1101 = PCURVE('',#689,#1102);
#1102 = DEFINITIONAL_REPRESENTATION('',(#1103),#1106);
#1103 = B_SPLINE_CURVE_WITH_KNOTS('',1,(#1104,#1105),.UNSPECIFIED.,.F.,
  .F.,(2,2),(6.981755581289,16.447091918711),.PIECEWISE_BEZIER_KNOTS.);
#1104 = CARTESIAN_POINT('',(24.740767660901,-4.7711535));
#1105 = CARTESIAN_POINT('',(24.740767660901,4.694182837421));
#1106 = ( GEOMETRIC_REPRESENTATION_CONTEXT(2) 
PARAMETRIC_REPRESENTATION_CONTEXT() REPRESENTATION_CONTEXT('2D SPACE',''
  ) );
#1107 = ORIENTED_EDGE('',*,*,#1108,.T.);
#1108 = EDGE_CURVE('',#1088,#1109,#1111,.T.);
#1109 = VERTEX_POINT('',#1110);
#1110 = CARTESIAN_POINT('',(18.657694071017,-28.25273096873,
    54.499920123897));
#1111 = SURFACE_CURVE('',#1112,(#1116,#1122),.PCURVE_S1.);
#1112 = LINE('',#1113,#1114);
#1113 = CARTESIAN_POINT('',(18.65767536827,-14.36491043465,
    54.499920123896));
#1114 = VECTOR('',#1115,1.);
#1115 = DIRECTION('',(1.346701338305E-06,-0.999999999999,0.));
#1116 = PCURVE('',#152,#1117);
#1117 = DEFINITIONAL_REPRESENTATION('',(#1118),#1121);
#1118 = B_SPLINE_CURVE_WITH_KNOTS('',1,(#1119,#1120),.UNSPECIFIED.,.F.,
  .F.,(2,2),(4.292787954634,13.887820534094),.PIECEWISE_BEZIER_KNOTS.);
#1119 = CARTESIAN_POINT('',(-18.73466466257,-18.60496842054));
#1120 = CARTESIAN_POINT('',(-18.73467758422,-28.200001));
#1121 = ( GEOMETRIC_REPRESENTATION_CONTEXT(2) 
PARAMETRIC_REPRESENTATION_CONTEXT() REPRESENTATION_CONTEXT('2D SPACE',''
  ) );
#1122 = PCURVE('',#1123,#1128);
#1123 = PLANE('',#1124);
#1124 = AXIS2_PLACEMENT_3D('',#1125,#1126,#1127);
#1125 = CARTESIAN_POINT('',(18.657694642537,-28.67711613053,
    4.99954237685));
#1126 = DIRECTION('',(0.999999999999,1.346701338305E-06,-0.));
#1127 = DIRECTION('',(0.,0.,1.));
#1128 = DEFINITIONAL_REPRESENTATION('',(#1129),#1132);
#1129 = B_SPLINE_CURVE_WITH_KNOTS('',1,(#1130,#1131),.UNSPECIFIED.,.F.,
  .F.,(2,2),(4.292787954634,13.887820534094),.PIECEWISE_BEZIER_KNOTS.);
#1130 = CARTESIAN_POINT('',(49.500377747046,-10.01941774126));
#1131 = CARTESIAN_POINT('',(49.500377747046,-0.424385161802));
#1132 = ( GEOMETRIC_REPRESENTATION_CONTEXT(2) 
PARAMETRIC_REPRESENTATION_CONTEXT() REPRESENTATION_CONTEXT('2D SPACE',''
  ) );
#1133 = ORIENTED_EDGE('',*,*,#1134,.T.);
#1134 = EDGE_CURVE('',#1109,#1135,#1137,.T.);
#1135 = VERTEX_POINT('',#1136);
#1136 = CARTESIAN_POINT('',(-18.65769392899,-28.25273096873,
    54.499920123897));
#1137 = SURFACE_CURVE('',#1138,(#1142,#1149),.PCURVE_S1.);
#1138 = LINE('',#1139,#1140);
#1139 = CARTESIAN_POINT('',(28.123017486795,-28.25273096873,
    54.499920123897));
#1140 = VECTOR('',#1141,1.);
#1141 = DIRECTION('',(-1.,0.,0.));
#1142 = PCURVE('',#152,#1143);
#1143 = DEFINITIONAL_REPRESENTATION('',(#1144),#1148);
#1144 = LINE('',#1145,#1146);
#1145 = CARTESIAN_POINT('',(-28.200001,-28.200001));
#1146 = VECTOR('',#1147,1.);
#1147 = DIRECTION('',(1.,0.));
#1148 = ( GEOMETRIC_REPRESENTATION_CONTEXT(2) 
PARAMETRIC_REPRESENTATION_CONTEXT() REPRESENTATION_CONTEXT('2D SPACE',''
  ) );
#1149 = PCURVE('',#334,#1150);
#1150 = DEFINITIONAL_REPRESENTATION('',(#1151),#1155);
#1151 = LINE('',#1152,#1153);
#1152 = CARTESIAN_POINT('',(7.652130527958E-02,-54.49994627969));
#1153 = VECTOR('',#1154,1.);
#1154 = DIRECTION('',(1.,0.));
#1155 = ( GEOMETRIC_REPRESENTATION_CONTEXT(2) 
PARAMETRIC_REPRESENTATION_CONTEXT() REPRESENTATION_CONTEXT('2D SPACE',''
  ) );
#1156 = ORIENTED_EDGE('',*,*,#1157,.F.);
#1157 = EDGE_CURVE('',#1158,#1135,#1160,.T.);
#1158 = VERTEX_POINT('',#1159);
#1159 = CARTESIAN_POINT('',(-18.65770685063,-18.65769838928,
    54.499920123897));
#1160 = SURFACE_CURVE('',#1161,(#1165,#1171),.PCURVE_S1.);
#1161 = LINE('',#1162,#1163);
#1162 = CARTESIAN_POINT('',(-18.6577126317,-14.36493556099,
    54.499920123896));
#1163 = VECTOR('',#1164,1.);
#1164 = DIRECTION('',(1.346701338305E-06,-0.999999999999,0.));
#1165 = PCURVE('',#152,#1166);
#1166 = DEFINITIONAL_REPRESENTATION('',(#1167),#1170);
#1167 = B_SPLINE_CURVE_WITH_KNOTS('',1,(#1168,#1169),.UNSPECIFIED.,.F.,
  .F.,(2,2),(4.292762828292,13.887795407752),.PIECEWISE_BEZIER_KNOTS.);
#1168 = CARTESIAN_POINT('',(18.580723337431,-18.60496842054));
#1169 = CARTESIAN_POINT('',(18.580710415788,-28.200001));
#1170 = ( GEOMETRIC_REPRESENTATION_CONTEXT(2) 
PARAMETRIC_REPRESENTATION_CONTEXT() REPRESENTATION_CONTEXT('2D SPACE',''
  ) );
#1171 = PCURVE('',#1172,#1177);
#1172 = PLANE('',#1173);
#1173 = AXIS2_PLACEMENT_3D('',#1174,#1175,#1176);
#1174 = CARTESIAN_POINT('',(-18.65769335747,-28.67711613053,
    4.99954237685));
#1175 = DIRECTION('',(0.999999999999,1.346701338305E-06,-0.));
#1176 = DIRECTION('',(0.,0.,1.));
#1177 = DEFINITIONAL_REPRESENTATION('',(#1178),#1181);
#1178 = B_SPLINE_CURVE_WITH_KNOTS('',1,(#1179,#1180),.UNSPECIFIED.,.F.,
  .F.,(2,2),(4.292762828292,13.887795407752),.PIECEWISE_BEZIER_KNOTS.);
#1179 = CARTESIAN_POINT('',(49.500377747046,-10.01941774126));
#1180 = CARTESIAN_POINT('',(49.500377747046,-0.424385161802));
#1181 = ( GEOMETRIC_REPRESENTATION_CONTEXT(2) 
PARAMETRIC_REPRESENTATION_CONTEXT() REPRESENTATION_CONTEXT('2D SPACE',''
  ) );
#1182 = ORIENTED_EDGE('',*,*,#1183,.T.);
#1183 = EDGE_CURVE('',#1158,#915,#1184,.T.);
#1184 = SURFACE_CURVE('',#1185,(#1189,#1195),.PCURVE_S1.);
#1185 = LINE('',#1186,#1187);
#1186 = CARTESIAN_POINT('',(-11.75292193192,-18.65769838928,
    54.499920123897));
#1187 = VECTOR('',#1188,1.);
#1188 = DIRECTION('',(-1.,0.,0.));
#1189 = PCURVE('',#152,#1190);
#1190 = DEFINITIONAL_REPRESENTATION('',(#1191),#1194);
#1191 = B_SPLINE_CURVE_WITH_KNOTS('',1,(#1192,#1193),.UNSPECIFIED.,.F.,
  .F.,(2,2),(6.904784918716,16.447091918716),.PIECEWISE_BEZIER_KNOTS.);
#1192 = CARTESIAN_POINT('',(18.580723337431,-18.60496842054));
#1193 = CARTESIAN_POINT('',(28.123030337431,-18.60496842054));
#1194 = ( GEOMETRIC_REPRESENTATION_CONTEXT(2) 
PARAMETRIC_REPRESENTATION_CONTEXT() REPRESENTATION_CONTEXT('2D SPACE',''
  ) );
#1195 = PCURVE('',#1196,#1201);
#1196 = PLANE('',#1197);
#1197 = AXIS2_PLACEMENT_3D('',#1198,#1199,#1200);
#1198 = CARTESIAN_POINT('',(-23.42886035063,-18.65769838928,
    29.759152462996));
#1199 = DIRECTION('',(-0.,-1.,-0.));
#1200 = DIRECTION('',(0.,0.,-1.));
#1201 = DEFINITIONAL_REPRESENTATION('',(#1202),#1205);
#1202 = B_SPLINE_CURVE_WITH_KNOTS('',1,(#1203,#1204),.UNSPECIFIED.,.F.,
  .F.,(2,2),(6.904784918716,16.447091918716),.PIECEWISE_BEZIER_KNOTS.);
#1203 = CARTESIAN_POINT('',(-24.7407676609,4.7711535));
#1204 = CARTESIAN_POINT('',(-24.7407676609,-4.7711535));
#1205 = ( GEOMETRIC_REPRESENTATION_CONTEXT(2) 
PARAMETRIC_REPRESENTATION_CONTEXT() REPRESENTATION_CONTEXT('2D SPACE',''
  ) );
#1206 = ADVANCED_FACE('',(#1207),#125,.T.);
#1207 = FACE_BOUND('',#1208,.T.);
#1208 = EDGE_LOOP('',(#1209,#1232,#1253,#1254));
#1209 = ORIENTED_EDGE('',*,*,#1210,.T.);
#1210 = EDGE_CURVE('',#85,#1211,#1213,.T.);
#1211 = VERTEX_POINT('',#1212);
#1212 = CARTESIAN_POINT('',(-18.65770340579,18.657681149367,
    5.013397971581));
#1213 = SURFACE_CURVE('',#1214,(#1218,#1225),.PCURVE_S1.);
#1214 = LINE('',#1215,#1216);
#1215 = CARTESIAN_POINT('',(-18.65770340579,28.199988149367,
    5.013397971581));
#1216 = VECTOR('',#1217,1.);
#1217 = DIRECTION('',(0.,-1.,0.));
#1218 = PCURVE('',#125,#1219);
#1219 = DEFINITIONAL_REPRESENTATION('',(#1220),#1224);
#1220 = LINE('',#1221,#1222);
#1221 = CARTESIAN_POINT('',(24.75,-4.7711535));
#1222 = VECTOR('',#1223,1.);
#1223 = DIRECTION('',(0.,1.));
#1224 = ( GEOMETRIC_REPRESENTATION_CONTEXT(2) 
PARAMETRIC_REPRESENTATION_CONTEXT() REPRESENTATION_CONTEXT('2D SPACE',''
  ) );
#1225 = PCURVE('',#99,#1226);
#1226 = DEFINITIONAL_REPRESENTATION('',(#1227),#1231);
#1227 = LINE('',#1228,#1229);
#1228 = CARTESIAN_POINT('',(1.34931703748E-05,-10.01942234999));
#1229 = VECTOR('',#1230,1.);
#1230 = DIRECTION('',(1.,0.));
#1231 = ( GEOMETRIC_REPRESENTATION_CONTEXT(2) 
PARAMETRIC_REPRESENTATION_CONTEXT() REPRESENTATION_CONTEXT('2D SPACE',''
  ) );
#1232 = ORIENTED_EDGE('',*,*,#1233,.T.);
#1233 = EDGE_CURVE('',#1211,#1041,#1234,.T.);
#1234 = SURFACE_CURVE('',#1235,(#1239,#1246),.PCURVE_S1.);
#1235 = LINE('',#1236,#1237);
#1236 = CARTESIAN_POINT('',(-18.65770340579,18.657681149367,
    5.013397971581));
#1237 = VECTOR('',#1238,1.);
#1238 = DIRECTION('',(0.,0.,1.));
#1239 = PCURVE('',#125,#1240);
#1240 = DEFINITIONAL_REPRESENTATION('',(#1241),#1245);
#1241 = LINE('',#1242,#1243);
#1242 = CARTESIAN_POINT('',(24.75,4.7711535));
#1243 = VECTOR('',#1244,1.);
#1244 = DIRECTION('',(-1.,0.));
#1245 = ( GEOMETRIC_REPRESENTATION_CONTEXT(2) 
PARAMETRIC_REPRESENTATION_CONTEXT() REPRESENTATION_CONTEXT('2D SPACE',''
  ) );
#1246 = PCURVE('',#1055,#1247);
#1247 = DEFINITIONAL_REPRESENTATION('',(#1248),#1252);
#1248 = LINE('',#1249,#1250);
#1249 = CARTESIAN_POINT('',(1.406787015966E-02,-10.01941247392));
#1250 = VECTOR('',#1251,1.);
#1251 = DIRECTION('',(1.,0.));
#1252 = ( GEOMETRIC_REPRESENTATION_CONTEXT(2) 
PARAMETRIC_REPRESENTATION_CONTEXT() REPRESENTATION_CONTEXT('2D SPACE',''
  ) );
#1253 = ORIENTED_EDGE('',*,*,#1066,.T.);
#1254 = ORIENTED_EDGE('',*,*,#110,.F.);
#1255 = ADVANCED_FACE('',(#1256,#1302),#99,.F.);
#1256 = FACE_BOUND('',#1257,.F.);
#1257 = EDGE_LOOP('',(#1258,#1259,#1260,#1283));
#1258 = ORIENTED_EDGE('',*,*,#84,.F.);
#1259 = ORIENTED_EDGE('',*,*,#1210,.T.);
#1260 = ORIENTED_EDGE('',*,*,#1261,.F.);
#1261 = EDGE_CURVE('',#1262,#1211,#1264,.T.);
#1262 = VERTEX_POINT('',#1263);
#1263 = CARTESIAN_POINT('',(-28.20748350808,18.657694010082,
    4.999989494099));
#1264 = SURFACE_CURVE('',#1265,(#1269,#1276),.PCURVE_S1.);
#1265 = LINE('',#1266,#1267);
#1266 = CARTESIAN_POINT('',(-28.67711587971,18.657694642537,
    4.999330101421));
#1267 = VECTOR('',#1268,1.);
#1268 = DIRECTION('',(0.999999014306,-1.346701426827E-06,
    1.404060001489E-03));
#1269 = PCURVE('',#99,#1270);
#1270 = DEFINITIONAL_REPRESENTATION('',(#1271),#1275);
#1271 = LINE('',#1272,#1273);
#1272 = CARTESIAN_POINT('',(9.542307,0.));
#1273 = VECTOR('',#1274,1.);
#1274 = DIRECTION('',(1.346701426827E-06,-0.999999999999));
#1275 = ( GEOMETRIC_REPRESENTATION_CONTEXT(2) 
PARAMETRIC_REPRESENTATION_CONTEXT() REPRESENTATION_CONTEXT('2D SPACE',''
  ) );
#1276 = PCURVE('',#1055,#1277);
#1277 = DEFINITIONAL_REPRESENTATION('',(#1278),#1282);
#1278 = LINE('',#1279,#1280);
#1279 = CARTESIAN_POINT('',(0.,0.));
#1280 = VECTOR('',#1281,1.);
#1281 = DIRECTION('',(1.404060001489E-03,-0.999999014307));
#1282 = ( GEOMETRIC_REPRESENTATION_CONTEXT(2) 
PARAMETRIC_REPRESENTATION_CONTEXT() REPRESENTATION_CONTEXT('2D SPACE',''
  ) );
#1283 = ORIENTED_EDGE('',*,*,#1284,.F.);
#1284 = EDGE_CURVE('',#57,#1262,#1285,.T.);
#1285 = SURFACE_CURVE('',#1286,(#1290,#1296),.PCURVE_S1.);
#1286 = LINE('',#1287,#1288);
#1287 = CARTESIAN_POINT('',(-28.20748350808,-2.279162433538E-04,
    4.999989494099));
#1288 = VECTOR('',#1289,1.);
#1289 = DIRECTION('',(0.,-1.,-0.));
#1290 = PCURVE('',#99,#1291);
#1291 = DEFINITIONAL_REPRESENTATION('',(#1292),#1295);
#1292 = B_SPLINE_CURVE_WITH_KNOTS('',1,(#1293,#1294),.UNSPECIFIED.,.F.,
  .F.,(2,2),(-28.19977244122,-18.65790906561),.PIECEWISE_BEZIER_KNOTS.);
#1293 = CARTESIAN_POINT('',(4.571175608419E-04,-0.469632834538));
#1294 = CARTESIAN_POINT('',(9.54232049317,-0.469632834538));
#1295 = ( GEOMETRIC_REPRESENTATION_CONTEXT(2) 
PARAMETRIC_REPRESENTATION_CONTEXT() REPRESENTATION_CONTEXT('2D SPACE',''
  ) );
#1296 = PCURVE('',#72,#1297);
#1297 = DEFINITIONAL_REPRESENTATION('',(#1298),#1301);
#1298 = B_SPLINE_CURVE_WITH_KNOTS('',1,(#1299,#1300),.UNSPECIFIED.,.F.,
  .F.,(2,2),(-28.19977244122,-18.65790906561),.PIECEWISE_BEZIER_KNOTS.);
#1299 = CARTESIAN_POINT('',(56.400002,-4.999995509364));
#1300 = CARTESIAN_POINT('',(46.85813862439,-4.999995509364));
#1301 = ( GEOMETRIC_REPRESENTATION_CONTEXT(2) 
PARAMETRIC_REPRESENTATION_CONTEXT() REPRESENTATION_CONTEXT('2D SPACE',''
  ) );
#1302 = FACE_BOUND('',#1303,.F.);
#1303 = EDGE_LOOP('',(#1304));
#1304 = ORIENTED_EDGE('',*,*,#1305,.F.);
#1305 = EDGE_CURVE('',#1306,#1306,#1308,.T.);
#1306 = VERTEX_POINT('',#1307);
#1307 = CARTESIAN_POINT('',(-23.56612348845,21.320920952773,
    5.006506248479));
#1308 = SURFACE_CURVE('',#1309,(#1314,#1321),.PCURVE_S1.);
#1309 = ELLIPSE('',#1310,2.247700698974,2.247694415995);
#1310 = AXIS2_PLACEMENT_3D('',#1311,#1312,#1313);
#1311 = CARTESIAN_POINT('',(-23.56613327485,23.568621397271,
    5.006506234738));
#1312 = DIRECTION('',(1.40406000149E-03,0.,-0.999999014307));
#1313 = DIRECTION('',(0.201247295236,-0.979540426076,2.825635561699E-04)
  );
#1314 = PCURVE('',#99,#1315);
#1315 = DEFINITIONAL_REPRESENTATION('',(#1316),#1320);
#1316 = ELLIPSE('',#1317,2.247700698974,2.247694415995);
#1317 = AXIS2_PLACEMENT_2D('',#1318,#1319);
#1318 = CARTESIAN_POINT('',(4.631380245266,-5.110987642724));
#1319 = DIRECTION('',(0.979540426076,-0.201247493604));
#1320 = ( GEOMETRIC_REPRESENTATION_CONTEXT(2) 
PARAMETRIC_REPRESENTATION_CONTEXT() REPRESENTATION_CONTEXT('2D SPACE',''
  ) );
#1321 = PCURVE('',#556,#1322);
#1322 = DEFINITIONAL_REPRESENTATION('',(#1323),#1338);
#1323 = B_SPLINE_CURVE_WITH_KNOTS('',7,(#1324,#1325,#1326,#1327,#1328,
    #1329,#1330,#1331,#1332,#1333,#1334,#1335,#1336,#1337),
  .UNSPECIFIED.,.F.,.F.,(8,6,8),(0.202627501522,3.344220155111,
    6.485812808701),.UNSPECIFIED.);
#1324 = CARTESIAN_POINT('',(0.,0.34210639479));
#1325 = CARTESIAN_POINT('',(0.448798950513,0.34162639506));
#1326 = CARTESIAN_POINT('',(0.897597901026,0.339923219562));
#1327 = CARTESIAN_POINT('',(1.346396851538,0.337154201223));
#1328 = CARTESIAN_POINT('',(1.795195802052,0.334079219723));
#1329 = CARTESIAN_POINT('',(2.243994752564,0.331958623526));
#1330 = CARTESIAN_POINT('',(2.692793703077,0.331214748456));
#1331 = CARTESIAN_POINT('',(3.590391604103,0.332174747917));
#1332 = CARTESIAN_POINT('',(4.039190554615,0.333877923414));
#1333 = CARTESIAN_POINT('',(4.48798950513,0.336646941753));
#1334 = CARTESIAN_POINT('',(4.93678845564,0.339721923254));
#1335 = CARTESIAN_POINT('',(5.385587406154,0.341842519451));
#1336 = CARTESIAN_POINT('',(5.834386356667,0.342586394521));
#1337 = CARTESIAN_POINT('',(6.28318530718,0.34210639479));
#1338 = ( GEOMETRIC_REPRESENTATION_CONTEXT(2) 
PARAMETRIC_REPRESENTATION_CONTEXT() REPRESENTATION_CONTEXT('2D SPACE',''
  ) );
#1339 = ADVANCED_FACE('',(#1340),#72,.T.);
#1340 = FACE_BOUND('',#1341,.T.);
#1341 = EDGE_LOOP('',(#1342,#1343,#1364,#1365,#1388,#1409,#1428,#1429));
#1342 = ORIENTED_EDGE('',*,*,#346,.F.);
#1343 = ORIENTED_EDGE('',*,*,#1344,.T.);
#1344 = EDGE_CURVE('',#319,#941,#1345,.T.);
#1345 = SURFACE_CURVE('',#1346,(#1350,#1357),.PCURVE_S1.);
#1346 = LINE('',#1347,#1348);
#1347 = CARTESIAN_POINT('',(-28.20046320792,-28.20045747502,
    -1.086796031252E-06));
#1348 = VECTOR('',#1349,1.);
#1349 = DIRECTION('',(-1.404060647332E-03,-9.591466735792E-04,
    0.999998554325));
#1350 = PCURVE('',#72,#1351);
#1351 = DEFINITIONAL_REPRESENTATION('',(#1352),#1356);
#1352 = LINE('',#1353,#1354);
#1353 = CARTESIAN_POINT('',(0.,0.));
#1354 = VECTOR('',#1355,1.);
#1355 = DIRECTION('',(-9.591466735792E-04,-0.999999540019));
#1356 = ( GEOMETRIC_REPRESENTATION_CONTEXT(2) 
PARAMETRIC_REPRESENTATION_CONTEXT() REPRESENTATION_CONTEXT('2D SPACE',''
  ) );
#1357 = PCURVE('',#334,#1358);
#1358 = DEFINITIONAL_REPRESENTATION('',(#1359),#1363);
#1359 = LINE('',#1360,#1361);
#1360 = CARTESIAN_POINT('',(56.400002,0.));
#1361 = VECTOR('',#1362,1.);
#1362 = DIRECTION('',(1.404060647332E-03,-0.999999014306));
#1363 = ( GEOMETRIC_REPRESENTATION_CONTEXT(2) 
PARAMETRIC_REPRESENTATION_CONTEXT() REPRESENTATION_CONTEXT('2D SPACE',''
  ) );
#1364 = ORIENTED_EDGE('',*,*,#963,.T.);
#1365 = ORIENTED_EDGE('',*,*,#1366,.F.);
#1366 = EDGE_CURVE('',#1367,#964,#1369,.T.);
#1367 = VERTEX_POINT('',#1368);
#1368 = CARTESIAN_POINT('',(-28.27698447359,28.147271058327,
    54.499891910477));
#1369 = SURFACE_CURVE('',#1370,(#1374,#1381),.PCURVE_S1.);
#1370 = LINE('',#1371,#1372);
#1371 = CARTESIAN_POINT('',(-28.20046320792,28.199544524976,
    -1.086796031252E-06));
#1372 = VECTOR('',#1373,1.);
#1373 = DIRECTION('',(-1.404060647332E-03,-9.591466735792E-04,
    0.999998554325));
#1374 = PCURVE('',#72,#1375);
#1375 = DEFINITIONAL_REPRESENTATION('',(#1376),#1380);
#1376 = LINE('',#1377,#1378);
#1377 = CARTESIAN_POINT('',(56.400002,0.));
#1378 = VECTOR('',#1379,1.);
#1379 = DIRECTION('',(-9.591466735792E-04,-0.999999540019));
#1380 = ( GEOMETRIC_REPRESENTATION_CONTEXT(2) 
PARAMETRIC_REPRESENTATION_CONTEXT() REPRESENTATION_CONTEXT('2D SPACE',''
  ) );
#1381 = PCURVE('',#1002,#1382);
#1382 = DEFINITIONAL_REPRESENTATION('',(#1383),#1387);
#1383 = LINE('',#1384,#1385);
#1384 = CARTESIAN_POINT('',(0.,0.));
#1385 = VECTOR('',#1386,1.);
#1386 = DIRECTION('',(-1.404060647332E-03,-0.999999014306));
#1387 = ( GEOMETRIC_REPRESENTATION_CONTEXT(2) 
PARAMETRIC_REPRESENTATION_CONTEXT() REPRESENTATION_CONTEXT('2D SPACE',''
  ) );
#1388 = ORIENTED_EDGE('',*,*,#1389,.F.);
#1389 = EDGE_CURVE('',#1390,#1367,#1392,.T.);
#1390 = VERTEX_POINT('',#1391);
#1391 = CARTESIAN_POINT('',(-28.27698447359,18.657694103679,
    54.499891910477));
#1392 = SURFACE_CURVE('',#1393,(#1397,#1403),.PCURVE_S1.);
#1393 = LINE('',#1394,#1395);
#1394 = CARTESIAN_POINT('',(-28.27698447359,-4.771381416243,
    54.499891910477));
#1395 = VECTOR('',#1396,1.);
#1396 = DIRECTION('',(0.,1.,0.));
#1397 = PCURVE('',#72,#1398);
#1398 = DEFINITIONAL_REPRESENTATION('',(#1399),#1402);
#1399 = B_SPLINE_CURVE_WITH_KNOTS('',1,(#1400,#1401),.UNSPECIFIED.,.F.,
  .F.,(2,2),(23.42906256561,32.97092594122),.PIECEWISE_BEZIER_KNOTS.);
#1400 = CARTESIAN_POINT('',(46.85813862439,-54.49994671757));
#1401 = CARTESIAN_POINT('',(56.400002,-54.49994671757));
#1402 = ( GEOMETRIC_REPRESENTATION_CONTEXT(2) 
PARAMETRIC_REPRESENTATION_CONTEXT() REPRESENTATION_CONTEXT('2D SPACE',''
  ) );
#1403 = PCURVE('',#1029,#1404);
#1404 = DEFINITIONAL_REPRESENTATION('',(#1405),#1408);
#1405 = B_SPLINE_CURVE_WITH_KNOTS('',1,(#1406,#1407),.UNSPECIFIED.,.F.,
  .F.,(2,2),(23.42906256561,32.97092594122),.PIECEWISE_BEZIER_KNOTS.);
#1406 = CARTESIAN_POINT('',(-1.34931703748E-05,-0.400131800525));
#1407 = CARTESIAN_POINT('',(9.541849882439,-0.400131800525));
#1408 = ( GEOMETRIC_REPRESENTATION_CONTEXT(2) 
PARAMETRIC_REPRESENTATION_CONTEXT() REPRESENTATION_CONTEXT('2D SPACE',''
  ) );
#1409 = ORIENTED_EDGE('',*,*,#1410,.F.);
#1410 = EDGE_CURVE('',#1262,#1390,#1411,.T.);
#1411 = SURFACE_CURVE('',#1412,(#1416,#1422),.PCURVE_S1.);
#1412 = LINE('',#1413,#1414);
#1413 = CARTESIAN_POINT('',(-28.20397335794,18.657694005355,
    2.499994159654));
#1414 = VECTOR('',#1415,1.);
#1415 = DIRECTION('',(-1.404061293174E-03,1.890853210671E-09,
    0.999999014305));
#1416 = PCURVE('',#72,#1417);
#1417 = DEFINITIONAL_REPRESENTATION('',(#1418),#1421);
#1418 = B_SPLINE_CURVE_WITH_KNOTS('',1,(#1419,#1420),.UNSPECIFIED.,.F.,
  .F.,(2,2),(2.499338405351,51.999977220336),.PIECEWISE_BEZIER_KNOTS.);
#1419 = CARTESIAN_POINT('',(46.858151485104,-4.999336116035));
#1420 = CARTESIAN_POINT('',(46.858151578703,-54.49997493102));
#1421 = ( GEOMETRIC_REPRESENTATION_CONTEXT(2) 
PARAMETRIC_REPRESENTATION_CONTEXT() REPRESENTATION_CONTEXT('2D SPACE',''
  ) );
#1422 = PCURVE('',#1055,#1423);
#1423 = DEFINITIONAL_REPRESENTATION('',(#1424),#1427);
#1424 = B_SPLINE_CURVE_WITH_KNOTS('',1,(#1425,#1426),.UNSPECIFIED.,.F.,
  .F.,(2,2),(2.499338405351,51.999977220336),.PIECEWISE_BEZIER_KNOTS.);
#1425 = CARTESIAN_POINT('',(4.440892098501E-16,-0.469633297453));
#1426 = CARTESIAN_POINT('',(49.500590022476,-0.400131366505));
#1427 = ( GEOMETRIC_REPRESENTATION_CONTEXT(2) 
PARAMETRIC_REPRESENTATION_CONTEXT() REPRESENTATION_CONTEXT('2D SPACE',''
  ) );
#1428 = ORIENTED_EDGE('',*,*,#1284,.F.);
#1429 = ORIENTED_EDGE('',*,*,#56,.F.);
#1430 = ADVANCED_FACE('',(#1431),#334,.T.);
#1431 = FACE_BOUND('',#1432,.T.);
#1432 = EDGE_LOOP('',(#1433,#1434,#1435,#1456,#1475,#1476,#1497,#1523,
    #1542,#1543));
#1433 = ORIENTED_EDGE('',*,*,#318,.F.);
#1434 = ORIENTED_EDGE('',*,*,#726,.T.);
#1435 = ORIENTED_EDGE('',*,*,#1436,.T.);
#1436 = EDGE_CURVE('',#701,#1437,#1439,.T.);
#1437 = VERTEX_POINT('',#1438);
#1438 = CARTESIAN_POINT('',(18.657694007078,-28.20525321153,
    4.999994962361));
#1439 = SURFACE_CURVE('',#1440,(#1444,#1450),.PCURVE_S1.);
#1440 = LINE('',#1441,#1442);
#1441 = CARTESIAN_POINT('',(28.199770217305,-28.20525321153,
    4.999994962361));
#1442 = VECTOR('',#1443,1.);
#1443 = DIRECTION('',(-1.,0.,0.));
#1444 = PCURVE('',#334,#1445);
#1445 = DEFINITIONAL_REPRESENTATION('',(#1446),#1449);
#1446 = B_SPLINE_CURVE_WITH_KNOTS('',1,(#1447,#1448),.UNSPECIFIED.,.F.,
  .F.,(2,2),(2.314252312487E-04,9.542089067932),
  .PIECEWISE_BEZIER_KNOTS.);
#1447 = CARTESIAN_POINT('',(0.,-4.999998349068));
#1448 = CARTESIAN_POINT('',(9.541857642701,-4.999998349068));
#1449 = ( GEOMETRIC_REPRESENTATION_CONTEXT(2) 
PARAMETRIC_REPRESENTATION_CONTEXT() REPRESENTATION_CONTEXT('2D SPACE',''
  ) );
#1450 = PCURVE('',#715,#1451);
#1451 = DEFINITIONAL_REPRESENTATION('',(#1452),#1455);
#1452 = B_SPLINE_CURVE_WITH_KNOTS('',1,(#1453,#1454),.UNSPECIFIED.,.F.,
  .F.,(2,2),(2.314252312487E-04,9.542089067932),
  .PIECEWISE_BEZIER_KNOTS.);
#1453 = CARTESIAN_POINT('',(4.628504624975E-04,-0.471863136048));
#1454 = CARTESIAN_POINT('',(9.542320493163,-0.471863136048));
#1455 = ( GEOMETRIC_REPRESENTATION_CONTEXT(2) 
PARAMETRIC_REPRESENTATION_CONTEXT() REPRESENTATION_CONTEXT('2D SPACE',''
  ) );
#1456 = ORIENTED_EDGE('',*,*,#1457,.T.);
#1457 = EDGE_CURVE('',#1437,#1109,#1458,.T.);
#1458 = SURFACE_CURVE('',#1459,(#1463,#1469),.PCURVE_S1.);
#1459 = LINE('',#1460,#1461);
#1460 = CARTESIAN_POINT('',(18.657694003849,-28.20285534328,
    2.499996944391));
#1461 = VECTOR('',#1462,1.);
#1462 = DIRECTION('',(1.291685382147E-09,-9.591476190049E-04,
    0.999999540018));
#1463 = PCURVE('',#334,#1464);
#1464 = DEFINITIONAL_REPRESENTATION('',(#1465),#1468);
#1465 = B_SPLINE_CURVE_WITH_KNOTS('',1,(#1466,#1467),.UNSPECIFIED.,.F.,
  .F.,(2,2),(2.499546582206,51.999947098554),.PIECEWISE_BEZIER_KNOTS.);
#1466 = CARTESIAN_POINT('',(9.541844784997,-4.999545763348));
#1467 = CARTESIAN_POINT('',(9.541844721058,-54.49994627969));
#1468 = ( GEOMETRIC_REPRESENTATION_CONTEXT(2) 
PARAMETRIC_REPRESENTATION_CONTEXT() REPRESENTATION_CONTEXT('2D SPACE',''
  ) );
#1469 = PCURVE('',#1123,#1470);
#1470 = DEFINITIONAL_REPRESENTATION('',(#1471),#1474);
#1471 = B_SPLINE_CURVE_WITH_KNOTS('',1,(#1472,#1473),.UNSPECIFIED.,.F.,
  .F.,(2,2),(2.499546582206,51.999947098554),.PIECEWISE_BEZIER_KNOTS.);
#1472 = CARTESIAN_POINT('',(0.,-0.471863353098));
#1473 = CARTESIAN_POINT('',(49.500377747046,-0.424385161802));
#1474 = ( GEOMETRIC_REPRESENTATION_CONTEXT(2) 
PARAMETRIC_REPRESENTATION_CONTEXT() REPRESENTATION_CONTEXT('2D SPACE',''
  ) );
#1475 = ORIENTED_EDGE('',*,*,#1134,.T.);
#1476 = ORIENTED_EDGE('',*,*,#1477,.F.);
#1477 = EDGE_CURVE('',#1478,#1135,#1480,.T.);
#1478 = VERTEX_POINT('',#1479);
#1479 = CARTESIAN_POINT('',(-18.65769399293,-28.20525321153,
    4.999994962361));
#1480 = SURFACE_CURVE('',#1481,(#1485,#1491),.PCURVE_S1.);
#1481 = LINE('',#1482,#1483);
#1482 = CARTESIAN_POINT('',(-18.65769399616,-28.2028553433,
    2.499996968491));
#1483 = VECTOR('',#1484,1.);
#1484 = DIRECTION('',(1.291685382147E-09,-9.591476190049E-04,
    0.999999540018));
#1485 = PCURVE('',#334,#1486);
#1486 = DEFINITIONAL_REPRESENTATION('',(#1487),#1490);
#1487 = B_SPLINE_CURVE_WITH_KNOTS('',1,(#1488,#1489),.UNSPECIFIED.,.F.,
  .F.,(2,2),(2.499546558106,51.999947074455),.PIECEWISE_BEZIER_KNOTS.);
#1488 = CARTESIAN_POINT('',(46.857232785007,-4.999545763348));
#1489 = CARTESIAN_POINT('',(46.857232721068,-54.49994627969));
#1490 = ( GEOMETRIC_REPRESENTATION_CONTEXT(2) 
PARAMETRIC_REPRESENTATION_CONTEXT() REPRESENTATION_CONTEXT('2D SPACE',''
  ) );
#1491 = PCURVE('',#1172,#1492);
#1492 = DEFINITIONAL_REPRESENTATION('',(#1493),#1496);
#1493 = B_SPLINE_CURVE_WITH_KNOTS('',1,(#1494,#1495),.UNSPECIFIED.,.F.,
  .F.,(2,2),(2.499546558106,51.999947074455),.PIECEWISE_BEZIER_KNOTS.);
#1494 = CARTESIAN_POINT('',(0.,-0.471863353098));
#1495 = CARTESIAN_POINT('',(49.500377747046,-0.424385161802));
#1496 = ( GEOMETRIC_REPRESENTATION_CONTEXT(2) 
PARAMETRIC_REPRESENTATION_CONTEXT() REPRESENTATION_CONTEXT('2D SPACE',''
  ) );
#1497 = ORIENTED_EDGE('',*,*,#1498,.F.);
#1498 = EDGE_CURVE('',#1499,#1478,#1501,.T.);
#1499 = VERTEX_POINT('',#1500);
#1500 = CARTESIAN_POINT('',(-28.20000099293,-28.20525321153,
    4.999994962361));
#1501 = SURFACE_CURVE('',#1502,(#1506,#1512),.PCURVE_S1.);
#1502 = LINE('',#1503,#1504);
#1503 = CARTESIAN_POINT('',(-2.307826996635E-04,-28.20525321153,
    4.999994962361));
#1504 = VECTOR('',#1505,1.);
#1505 = DIRECTION('',(1.,-0.,0.));
#1506 = PCURVE('',#334,#1507);
#1507 = DEFINITIONAL_REPRESENTATION('',(#1508),#1511);
#1508 = B_SPLINE_CURVE_WITH_KNOTS('',1,(#1509,#1510),.UNSPECIFIED.,.F.,
  .F.,(2,2),(-28.19978306793,-18.65746257477),.PIECEWISE_BEZIER_KNOTS.);
#1509 = CARTESIAN_POINT('',(56.399552642711,-4.999998349068));
#1510 = CARTESIAN_POINT('',(46.857232149548,-4.999998349068));
#1511 = ( GEOMETRIC_REPRESENTATION_CONTEXT(2) 
PARAMETRIC_REPRESENTATION_CONTEXT() REPRESENTATION_CONTEXT('2D SPACE',''
  ) );
#1512 = PCURVE('',#1513,#1518);
#1513 = PLANE('',#1514);
#1514 = AXIS2_PLACEMENT_3D('',#1515,#1516,#1517);
#1515 = CARTESIAN_POINT('',(-28.20000035747,-28.67711613053,
    4.99954237685));
#1516 = DIRECTION('',(0.,9.591457281544E-04,-0.99999954002));
#1517 = DIRECTION('',(1.,0.,0.));
#1518 = DEFINITIONAL_REPRESENTATION('',(#1519),#1522);
#1519 = B_SPLINE_CURVE_WITH_KNOTS('',1,(#1520,#1521),.UNSPECIFIED.,.F.,
  .F.,(2,2),(-28.19978306793,-18.65746257477),.PIECEWISE_BEZIER_KNOTS.);
#1520 = CARTESIAN_POINT('',(-1.349316328003E-05,-0.471863136048));
#1521 = CARTESIAN_POINT('',(9.542307,-0.471863136048));
#1522 = ( GEOMETRIC_REPRESENTATION_CONTEXT(2) 
PARAMETRIC_REPRESENTATION_CONTEXT() REPRESENTATION_CONTEXT('2D SPACE',''
  ) );
#1523 = ORIENTED_EDGE('',*,*,#1524,.F.);
#1524 = EDGE_CURVE('',#913,#1499,#1525,.T.);
#1525 = SURFACE_CURVE('',#1526,(#1530,#1536),.PCURVE_S1.);
#1526 = LINE('',#1527,#1528);
#1527 = CARTESIAN_POINT('',(-28.20000096419,-28.22659423596,
    27.249974205541));
#1528 = VECTOR('',#1529,1.);
#1529 = DIRECTION('',(-1.291685382147E-09,9.591476190049E-04,
    -0.999999540018));
#1530 = PCURVE('',#334,#1531);
#1531 = DEFINITIONAL_REPRESENTATION('',(#1532),#1535);
#1532 = B_SPLINE_CURVE_WITH_KNOTS('',1,(#1533,#1534),.UNSPECIFIED.,.F.,
  .F.,(2,2),(-27.24995845285,22.250442063498),.PIECEWISE_BEZIER_KNOTS.);
#1533 = CARTESIAN_POINT('',(56.399539721068,-54.49994627969));
#1534 = CARTESIAN_POINT('',(56.399539785007,-4.999545763348));
#1535 = ( GEOMETRIC_REPRESENTATION_CONTEXT(2) 
PARAMETRIC_REPRESENTATION_CONTEXT() REPRESENTATION_CONTEXT('2D SPACE',''
  ) );
#1536 = PCURVE('',#929,#1537);
#1537 = DEFINITIONAL_REPRESENTATION('',(#1538),#1541);
#1538 = B_SPLINE_CURVE_WITH_KNOTS('',1,(#1539,#1540),.UNSPECIFIED.,.F.,
  .F.,(2,2),(-27.24995845285,22.250442063498),.PIECEWISE_BEZIER_KNOTS.);
#1539 = CARTESIAN_POINT('',(-3.777470462936E-04,-0.424385161802));
#1540 = CARTESIAN_POINT('',(49.5,-0.471863353098));
#1541 = ( GEOMETRIC_REPRESENTATION_CONTEXT(2) 
PARAMETRIC_REPRESENTATION_CONTEXT() REPRESENTATION_CONTEXT('2D SPACE',''
  ) );
#1542 = ORIENTED_EDGE('',*,*,#940,.T.);
#1543 = ORIENTED_EDGE('',*,*,#1344,.F.);
#1544 = ADVANCED_FACE('',(#1545),#386,.F.);
#1545 = FACE_BOUND('',#1546,.F.);
#1546 = EDGE_LOOP('',(#1547,#1570,#1571,#1572));
#1547 = ORIENTED_EDGE('',*,*,#1548,.T.);
#1548 = EDGE_CURVE('',#1549,#370,#1551,.T.);
#1549 = VERTEX_POINT('',#1550);
#1550 = CARTESIAN_POINT('',(21.306179438609,-23.57983816846,
    5.004431411482));
#1551 = SEAM_CURVE('',#1552,(#1556,#1563),.PCURVE_S1.);
#1552 = LINE('',#1553,#1554);
#1553 = CARTESIAN_POINT('',(21.305549376116,-23.58026362224,
    5.337649780503));
#1554 = VECTOR('',#1555,1.);
#1555 = DIRECTION('',(1.890834695026E-03,1.276798379161E-03,
    -0.999997397262));
#1556 = PCURVE('',#386,#1557);
#1557 = DEFINITIONAL_REPRESENTATION('',(#1558),#1562);
#1558 = LINE('',#1559,#1560);
#1559 = CARTESIAN_POINT('',(6.28318530718,-0.));
#1560 = VECTOR('',#1561,1.);
#1561 = DIRECTION('',(0.,1.));
#1562 = ( GEOMETRIC_REPRESENTATION_CONTEXT(2) 
PARAMETRIC_REPRESENTATION_CONTEXT() REPRESENTATION_CONTEXT('2D SPACE',''
  ) );
#1563 = PCURVE('',#386,#1564);
#1564 = DEFINITIONAL_REPRESENTATION('',(#1565),#1569);
#1565 = LINE('',#1566,#1567);
#1566 = CARTESIAN_POINT('',(0.,-0.));
#1567 = VECTOR('',#1568,1.);
#1568 = DIRECTION('',(0.,1.));
#1569 = ( GEOMETRIC_REPRESENTATION_CONTEXT(2) 
PARAMETRIC_REPRESENTATION_CONTEXT() REPRESENTATION_CONTEXT('2D SPACE',''
  ) );
#1570 = ORIENTED_EDGE('',*,*,#369,.F.);
#1571 = ORIENTED_EDGE('',*,*,#1548,.F.);
#1572 = ORIENTED_EDGE('',*,*,#1573,.F.);
#1573 = EDGE_CURVE('',#1549,#1549,#1574,.T.);
#1574 = SURFACE_CURVE('',#1575,(#1580,#1598),.PCURVE_S1.);
#1575 = ELLIPSE('',#1576,2.251323844506,2.251319706388);
#1576 = AXIS2_PLACEMENT_3D('',#1577,#1578,#1579);
#1577 = CARTESIAN_POINT('',(23.557503169527,-23.57983273328,
    5.004431416695));
#1578 = DIRECTION('',(0.,-9.591457281544E-04,0.99999954002));
#1579 = DIRECTION('',(0.986180349132,0.165675265913,1.589067966554E-04)
  );
#1580 = PCURVE('',#386,#1581);
#1581 = DEFINITIONAL_REPRESENTATION('',(#1582),#1597);
#1582 = B_SPLINE_CURVE_WITH_KNOTS('',7,(#1583,#1584,#1585,#1586,#1587,
    #1588,#1589,#1590,#1591,#1592,#1593,#1594,#1595,#1596),
  .UNSPECIFIED.,.F.,.F.,(8,6,8),(2.975151989619,6.116744643209,
    9.258337296799),.UNSPECIFIED.);
#1583 = CARTESIAN_POINT('',(6.28318530718,0.333219236304));
#1584 = CARTESIAN_POINT('',(5.834386356667,0.332898284787));
#1585 = CARTESIAN_POINT('',(5.385587406154,0.333578062643));
#1586 = CARTESIAN_POINT('',(4.936788455642,0.335360436073));
#1587 = CARTESIAN_POINT('',(4.487989505128,0.33787489631));
#1588 = CARTESIAN_POINT('',(4.039190554616,0.340090836797));
#1589 = CARTESIAN_POINT('',(3.590391604103,0.34141205028));
#1590 = CARTESIAN_POINT('',(2.692793703077,0.342053953315));
#1591 = CARTESIAN_POINT('',(2.243994752564,0.341374175459));
#1592 = CARTESIAN_POINT('',(1.795195802051,0.339591802029));
#1593 = CARTESIAN_POINT('',(1.346396851537,0.337077341791));
#1594 = CARTESIAN_POINT('',(0.897597901026,0.334861401305));
#1595 = CARTESIAN_POINT('',(0.448798950513,0.333540187821));
#1596 = CARTESIAN_POINT('',(1.59872115546E-14,0.333219236304));
#1597 = ( GEOMETRIC_REPRESENTATION_CONTEXT(2) 
PARAMETRIC_REPRESENTATION_CONTEXT() REPRESENTATION_CONTEXT('2D SPACE',''
  ) );
#1598 = PCURVE('',#715,#1599);
#1599 = DEFINITIONAL_REPRESENTATION('',(#1600),#1604);
#1600 = ELLIPSE('',#1601,2.251323844506,2.251319706388);
#1601 = AXIS2_PLACEMENT_2D('',#1602,#1603);
#1602 = CARTESIAN_POINT('',(4.64249847301,-5.097285741902));
#1603 = DIRECTION('',(-0.986180349132,-0.165675342121));
#1604 = ( GEOMETRIC_REPRESENTATION_CONTEXT(2) 
PARAMETRIC_REPRESENTATION_CONTEXT() REPRESENTATION_CONTEXT('2D SPACE',''
  ) );
#1605 = ADVANCED_FACE('',(#1606),#428,.F.);
#1606 = FACE_BOUND('',#1607,.F.);
#1607 = EDGE_LOOP('',(#1608,#1609,#1632,#1665));
#1608 = ORIENTED_EDGE('',*,*,#411,.F.);
#1609 = ORIENTED_EDGE('',*,*,#1610,.T.);
#1610 = EDGE_CURVE('',#412,#1611,#1613,.T.);
#1611 = VERTEX_POINT('',#1612);
#1612 = CARTESIAN_POINT('',(-21.32517883159,-23.57244430642,
    5.004438503276));
#1613 = SEAM_CURVE('',#1614,(#1618,#1625),.PCURVE_S1.);
#1614 = LINE('',#1615,#1616);
#1615 = CARTESIAN_POINT('',(-21.31960201743,-23.57731370724,
    -0.336875424249));
#1616 = VECTOR('',#1617,1.);
#1617 = DIRECTION('',(-1.044089316597E-03,9.11647622202E-04,
    0.999999039388));
#1618 = PCURVE('',#428,#1619);
#1619 = DEFINITIONAL_REPRESENTATION('',(#1620),#1624);
#1620 = LINE('',#1621,#1622);
#1621 = CARTESIAN_POINT('',(0.,-0.));
#1622 = VECTOR('',#1623,1.);
#1623 = DIRECTION('',(0.,1.));
#1624 = ( GEOMETRIC_REPRESENTATION_CONTEXT(2) 
PARAMETRIC_REPRESENTATION_CONTEXT() REPRESENTATION_CONTEXT('2D SPACE',''
  ) );
#1625 = PCURVE('',#428,#1626);
#1626 = DEFINITIONAL_REPRESENTATION('',(#1627),#1631);
#1627 = LINE('',#1628,#1629);
#1628 = CARTESIAN_POINT('',(6.28318530718,-0.));
#1629 = VECTOR('',#1630,1.);
#1630 = DIRECTION('',(0.,1.));
#1631 = ( GEOMETRIC_REPRESENTATION_CONTEXT(2) 
PARAMETRIC_REPRESENTATION_CONTEXT() REPRESENTATION_CONTEXT('2D SPACE',''
  ) );
#1632 = ORIENTED_EDGE('',*,*,#1633,.T.);
#1633 = EDGE_CURVE('',#1611,#1611,#1634,.T.);
#1634 = SURFACE_CURVE('',#1635,(#1640,#1658),.PCURVE_S1.);
#1635 = ELLIPSE('',#1636,2.243127536647,2.24312238868);
#1636 = AXIS2_PLACEMENT_3D('',#1637,#1638,#1639);
#1637 = CARTESIAN_POINT('',(-23.56830244292,-23.57244217132,
    5.004438505324));
#1638 = DIRECTION('',(0.,9.591457281544E-04,-0.99999954002));
#1639 = DIRECTION('',(-0.487339941992,0.873211932734,8.375378803064E-04)
  );
#1640 = PCURVE('',#428,#1641);
#1641 = DEFINITIONAL_REPRESENTATION('',(#1642),#1657);
#1642 = B_SPLINE_CURVE_WITH_KNOTS('',7,(#1643,#1644,#1645,#1646,#1647,
    #1648,#1649,#1650,#1651,#1652,#1653,#1654,#1655,#1656),
  .UNSPECIFIED.,.F.,.F.,(8,6,8),(2.079837166233,5.221429819823,
    8.363022473413),.UNSPECIFIED.);
#1643 = CARTESIAN_POINT('',(6.28318530718,5.341319058462));
#1644 = CARTESIAN_POINT('',(5.834386356667,5.339435707268));
#1645 = CARTESIAN_POINT('',(5.385587406154,5.338104173966));
#1646 = CARTESIAN_POINT('',(4.936788455641,5.337931966828));
#1647 = CARTESIAN_POINT('',(4.487989505128,5.33931535699));
#1648 = CARTESIAN_POINT('',(4.039190554616,5.341687331727));
#1649 = CARTESIAN_POINT('',(3.590391604103,5.344119758053));
#1650 = CARTESIAN_POINT('',(2.692793703077,5.347886460442));
#1651 = CARTESIAN_POINT('',(2.243994752564,5.349217993743));
#1652 = CARTESIAN_POINT('',(1.795195802052,5.349390200881));
#1653 = CARTESIAN_POINT('',(1.346396851537,5.348006810723));
#1654 = CARTESIAN_POINT('',(0.897597901026,5.345634835982));
#1655 = CARTESIAN_POINT('',(0.448798950513,5.343202409657));
#1656 = CARTESIAN_POINT('',(1.59872115546E-14,5.341319058462));
#1657 = ( GEOMETRIC_REPRESENTATION_CONTEXT(2) 
PARAMETRIC_REPRESENTATION_CONTEXT() REPRESENTATION_CONTEXT('2D SPACE',''
  ) );
#1658 = PCURVE('',#1513,#1659);
#1659 = DEFINITIONAL_REPRESENTATION('',(#1660),#1664);
#1660 = ELLIPSE('',#1661,2.243127536647,2.24312238868);
#1661 = AXIS2_PLACEMENT_2D('',#1662,#1663);
#1662 = CARTESIAN_POINT('',(4.631697914554,-5.104676307267));
#1663 = DIRECTION('',(-0.487339941992,-0.873212334395));
#1664 = ( GEOMETRIC_REPRESENTATION_CONTEXT(2) 
PARAMETRIC_REPRESENTATION_CONTEXT() REPRESENTATION_CONTEXT('2D SPACE',''
  ) );
#1665 = ORIENTED_EDGE('',*,*,#1610,.F.);
#1666 = ADVANCED_FACE('',(#1667),#470,.T.);
#1667 = FACE_BOUND('',#1668,.T.);
#1668 = EDGE_LOOP('',(#1669,#1692,#1719,#1720));
#1669 = ORIENTED_EDGE('',*,*,#1670,.T.);
#1670 = EDGE_CURVE('',#454,#1671,#1673,.T.);
#1671 = VERTEX_POINT('',#1672);
#1672 = CARTESIAN_POINT('',(-18.99897899691,5.956271954542E-04,
    -1.123591611019));
#1673 = SEAM_CURVE('',#1674,(#1678,#1685),.PCURVE_S1.);
#1674 = LINE('',#1675,#1676);
#1675 = CARTESIAN_POINT('',(-19.00065941957,-5.523088357403E-04,
    7.323719866415E-02));
#1676 = VECTOR('',#1677,1.);
#1677 = DIRECTION('',(1.404060647332E-03,9.591466735792E-04,
    -0.999998554325));
#1678 = PCURVE('',#470,#1679);
#1679 = DEFINITIONAL_REPRESENTATION('',(#1680),#1684);
#1680 = LINE('',#1681,#1682);
#1681 = CARTESIAN_POINT('',(6.28318530718,-0.));
#1682 = VECTOR('',#1683,1.);
#1683 = DIRECTION('',(0.,1.));
#1684 = ( GEOMETRIC_REPRESENTATION_CONTEXT(2) 
PARAMETRIC_REPRESENTATION_CONTEXT() REPRESENTATION_CONTEXT('2D SPACE',''
  ) );
#1685 = PCURVE('',#470,#1686);
#1686 = DEFINITIONAL_REPRESENTATION('',(#1687),#1691);
#1687 = LINE('',#1688,#1689);
#1688 = CARTESIAN_POINT('',(0.,-0.));
#1689 = VECTOR('',#1690,1.);
#1690 = DIRECTION('',(0.,1.));
#1691 = ( GEOMETRIC_REPRESENTATION_CONTEXT(2) 
PARAMETRIC_REPRESENTATION_CONTEXT() REPRESENTATION_CONTEXT('2D SPACE',''
  ) );
#1692 = ORIENTED_EDGE('',*,*,#1693,.F.);
#1693 = EDGE_CURVE('',#1671,#1671,#1694,.T.);
#1694 = SURFACE_CURVE('',#1695,(#1700,#1707),.PCURVE_S1.);
#1695 = CIRCLE('',#1696,19.000075652219);
#1696 = AXIS2_PLACEMENT_3D('',#1697,#1698,#1699);
#1697 = CARTESIAN_POINT('',(1.077927033449E-03,5.956271954588E-04,
    -1.096914340229));
#1698 = DIRECTION('',(1.404060647332E-03,9.591466735792E-04,
    -0.999998554325));
#1699 = DIRECTION('',(-0.999999014305,0.,-1.404061293174E-03));
#1700 = PCURVE('',#470,#1701);
#1701 = DEFINITIONAL_REPRESENTATION('',(#1702),#1706);
#1702 = LINE('',#1703,#1704);
#1703 = CARTESIAN_POINT('',(0.,1.196830539912));
#1704 = VECTOR('',#1705,1.);
#1705 = DIRECTION('',(1.,0.));
#1706 = ( GEOMETRIC_REPRESENTATION_CONTEXT(2) 
PARAMETRIC_REPRESENTATION_CONTEXT() REPRESENTATION_CONTEXT('2D SPACE',''
  ) );
#1707 = PCURVE('',#1708,#1713);
#1708 = PLANE('',#1709);
#1709 = AXIS2_PLACEMENT_3D('',#1710,#1711,#1712);
#1710 = CARTESIAN_POINT('',(1.077927033449E-03,5.956271954588E-04,
    -1.096914340229));
#1711 = DIRECTION('',(1.404060647332E-03,9.591466735792E-04,
    -0.999998554325));
#1712 = DIRECTION('',(-0.999999014305,0.,-1.404061293174E-03));
#1713 = DEFINITIONAL_REPRESENTATION('',(#1714),#1718);
#1714 = CIRCLE('',#1715,19.000075652219);
#1715 = AXIS2_PLACEMENT_2D('',#1716,#1717);
#1716 = CARTESIAN_POINT('',(0.,0.));
#1717 = DIRECTION('',(1.,0.));
#1718 = ( GEOMETRIC_REPRESENTATION_CONTEXT(2) 
PARAMETRIC_REPRESENTATION_CONTEXT() REPRESENTATION_CONTEXT('2D SPACE',''
  ) );
#1719 = ORIENTED_EDGE('',*,*,#1670,.F.);
#1720 = ORIENTED_EDGE('',*,*,#453,.T.);
#1721 = ADVANCED_FACE('',(#1722),#514,.F.);
#1722 = FACE_BOUND('',#1723,.F.);
#1723 = EDGE_LOOP('',(#1724,#1725,#1746,#1747));
#1724 = ORIENTED_EDGE('',*,*,#497,.F.);
#1725 = ORIENTED_EDGE('',*,*,#1726,.T.);
#1726 = EDGE_CURVE('',#498,#799,#1727,.T.);
#1727 = SEAM_CURVE('',#1728,(#1732,#1739),.PCURVE_S1.);
#1728 = LINE('',#1729,#1730);
#1729 = CARTESIAN_POINT('',(23.567102753992,25.82439607844,
    -0.337207309588));
#1730 = VECTOR('',#1731,1.);
#1731 = DIRECTION('',(-7.702338608646E-04,-8.309815921415E-04,
    0.999999358104));
#1732 = PCURVE('',#514,#1733);
#1733 = DEFINITIONAL_REPRESENTATION('',(#1734),#1738);
#1734 = LINE('',#1735,#1736);
#1735 = CARTESIAN_POINT('',(0.,-0.));
#1736 = VECTOR('',#1737,1.);
#1737 = DIRECTION('',(0.,1.));
#1738 = ( GEOMETRIC_REPRESENTATION_CONTEXT(2) 
PARAMETRIC_REPRESENTATION_CONTEXT() REPRESENTATION_CONTEXT('2D SPACE',''
  ) );
#1739 = PCURVE('',#514,#1740);
#1740 = DEFINITIONAL_REPRESENTATION('',(#1741),#1745);
#1741 = LINE('',#1742,#1743);
#1742 = CARTESIAN_POINT('',(6.28318530718,-0.));
#1743 = VECTOR('',#1744,1.);
#1744 = DIRECTION('',(0.,1.));
#1745 = ( GEOMETRIC_REPRESENTATION_CONTEXT(2) 
PARAMETRIC_REPRESENTATION_CONTEXT() REPRESENTATION_CONTEXT('2D SPACE',''
  ) );
#1746 = ORIENTED_EDGE('',*,*,#798,.F.);
#1747 = ORIENTED_EDGE('',*,*,#1726,.F.);
#1748 = ADVANCED_FACE('',(#1749),#556,.F.);
#1749 = FACE_BOUND('',#1750,.F.);
#1750 = EDGE_LOOP('',(#1751,#1772,#1773,#1774));
#1751 = ORIENTED_EDGE('',*,*,#1752,.T.);
#1752 = EDGE_CURVE('',#1306,#540,#1753,.T.);
#1753 = SEAM_CURVE('',#1754,(#1758,#1765),.PCURVE_S1.);
#1754 = LINE('',#1755,#1756);
#1755 = CARTESIAN_POINT('',(-23.56676661193,21.321713293164,
    5.348611121209));
#1756 = VECTOR('',#1757,1.);
#1757 = DIRECTION('',(1.879893166869E-03,-2.316064250541E-03,
    -0.999995550914));
#1758 = PCURVE('',#556,#1759);
#1759 = DEFINITIONAL_REPRESENTATION('',(#1760),#1764);
#1760 = LINE('',#1761,#1762);
#1761 = CARTESIAN_POINT('',(6.28318530718,-0.));
#1762 = VECTOR('',#1763,1.);
#1763 = DIRECTION('',(0.,1.));
#1764 = ( GEOMETRIC_REPRESENTATION_CONTEXT(2) 
PARAMETRIC_REPRESENTATION_CONTEXT() REPRESENTATION_CONTEXT('2D SPACE',''
  ) );
#1765 = PCURVE('',#556,#1766);
#1766 = DEFINITIONAL_REPRESENTATION('',(#1767),#1771);
#1767 = LINE('',#1768,#1769);
#1768 = CARTESIAN_POINT('',(0.,-0.));
#1769 = VECTOR('',#1770,1.);
#1770 = DIRECTION('',(0.,1.));
#1771 = ( GEOMETRIC_REPRESENTATION_CONTEXT(2) 
PARAMETRIC_REPRESENTATION_CONTEXT() REPRESENTATION_CONTEXT('2D SPACE',''
  ) );
#1772 = ORIENTED_EDGE('',*,*,#539,.F.);
#1773 = ORIENTED_EDGE('',*,*,#1752,.F.);
#1774 = ORIENTED_EDGE('',*,*,#1305,.T.);
#1775 = ADVANCED_FACE('',(#1776,#1824),#715,.T.);
#1776 = FACE_BOUND('',#1777,.T.);
#1777 = EDGE_LOOP('',(#1778,#1779,#1802,#1823));
#1778 = ORIENTED_EDGE('',*,*,#700,.F.);
#1779 = ORIENTED_EDGE('',*,*,#1780,.T.);
#1780 = EDGE_CURVE('',#675,#1781,#1783,.T.);
#1781 = VERTEX_POINT('',#1782);
#1782 = CARTESIAN_POINT('',(18.657681149373,-18.65769838928,
    5.009152462996));
#1783 = SURFACE_CURVE('',#1784,(#1788,#1795),.PCURVE_S1.);
#1784 = LINE('',#1785,#1786);
#1785 = CARTESIAN_POINT('',(28.199988149373,-18.65769838928,
    5.009152462996));
#1786 = VECTOR('',#1787,1.);
#1787 = DIRECTION('',(-1.,0.,0.));
#1788 = PCURVE('',#715,#1789);
#1789 = DEFINITIONAL_REPRESENTATION('',(#1790),#1794);
#1790 = LINE('',#1791,#1792);
#1791 = CARTESIAN_POINT('',(1.349316328092E-05,-10.01942234999));
#1792 = VECTOR('',#1793,1.);
#1793 = DIRECTION('',(1.,0.));
#1794 = ( GEOMETRIC_REPRESENTATION_CONTEXT(2) 
PARAMETRIC_REPRESENTATION_CONTEXT() REPRESENTATION_CONTEXT('2D SPACE',''
  ) );
#1795 = PCURVE('',#689,#1796);
#1796 = DEFINITIONAL_REPRESENTATION('',(#1797),#1801);
#1797 = LINE('',#1798,#1799);
#1798 = CARTESIAN_POINT('',(-24.75,4.7711535));
#1799 = VECTOR('',#1800,1.);
#1800 = DIRECTION('',(0.,-1.));
#1801 = ( GEOMETRIC_REPRESENTATION_CONTEXT(2) 
PARAMETRIC_REPRESENTATION_CONTEXT() REPRESENTATION_CONTEXT('2D SPACE',''
  ) );
#1802 = ORIENTED_EDGE('',*,*,#1803,.F.);
#1803 = EDGE_CURVE('',#1437,#1781,#1804,.T.);
#1804 = SURFACE_CURVE('',#1805,(#1809,#1816),.PCURVE_S1.);
#1805 = LINE('',#1806,#1807);
#1806 = CARTESIAN_POINT('',(18.657694642537,-28.67711613053,
    4.99954237685));
#1807 = VECTOR('',#1808,1.);
#1808 = DIRECTION('',(-1.346700718849E-06,0.999999540019,
    9.591457281536E-04));
#1809 = PCURVE('',#715,#1810);
#1810 = DEFINITIONAL_REPRESENTATION('',(#1811),#1815);
#1811 = LINE('',#1812,#1813);
#1812 = CARTESIAN_POINT('',(9.542307,0.));
#1813 = VECTOR('',#1814,1.);
#1814 = DIRECTION('',(1.346700718849E-06,-0.999999999999));
#1815 = ( GEOMETRIC_REPRESENTATION_CONTEXT(2) 
PARAMETRIC_REPRESENTATION_CONTEXT() REPRESENTATION_CONTEXT('2D SPACE',''
  ) );
#1816 = PCURVE('',#1123,#1817);
#1817 = DEFINITIONAL_REPRESENTATION('',(#1818),#1822);
#1818 = LINE('',#1819,#1820);
#1819 = CARTESIAN_POINT('',(0.,0.));
#1820 = VECTOR('',#1821,1.);
#1821 = DIRECTION('',(9.591457281536E-04,-0.99999954002));
#1822 = ( GEOMETRIC_REPRESENTATION_CONTEXT(2) 
PARAMETRIC_REPRESENTATION_CONTEXT() REPRESENTATION_CONTEXT('2D SPACE',''
  ) );
#1823 = ORIENTED_EDGE('',*,*,#1436,.F.);
#1824 = FACE_BOUND('',#1825,.T.);
#1825 = EDGE_LOOP('',(#1826));
#1826 = ORIENTED_EDGE('',*,*,#1573,.F.);
#1827 = ADVANCED_FACE('',(#1828),#689,.F.);
#1828 = FACE_BOUND('',#1829,.F.);
#1829 = EDGE_LOOP('',(#1830,#1831,#1852,#1853));
#1830 = ORIENTED_EDGE('',*,*,#1780,.T.);
#1831 = ORIENTED_EDGE('',*,*,#1832,.T.);
#1832 = EDGE_CURVE('',#1781,#1088,#1833,.T.);
#1833 = SURFACE_CURVE('',#1834,(#1838,#1845),.PCURVE_S1.);
#1834 = LINE('',#1835,#1836);
#1835 = CARTESIAN_POINT('',(18.657681149373,-18.65769838928,
    5.009152462996));
#1836 = VECTOR('',#1837,1.);
#1837 = DIRECTION('',(0.,0.,1.));
#1838 = PCURVE('',#689,#1839);
#1839 = DEFINITIONAL_REPRESENTATION('',(#1840),#1844);
#1840 = LINE('',#1841,#1842);
#1841 = CARTESIAN_POINT('',(-24.75,-4.7711535));
#1842 = VECTOR('',#1843,1.);
#1843 = DIRECTION('',(1.,0.));
#1844 = ( GEOMETRIC_REPRESENTATION_CONTEXT(2) 
PARAMETRIC_REPRESENTATION_CONTEXT() REPRESENTATION_CONTEXT('2D SPACE',''
  ) );
#1845 = PCURVE('',#1123,#1846);
#1846 = DEFINITIONAL_REPRESENTATION('',(#1847),#1851);
#1847 = LINE('',#1848,#1849);
#1848 = CARTESIAN_POINT('',(9.610086145567E-03,-10.01941774126));
#1849 = VECTOR('',#1850,1.);
#1850 = DIRECTION('',(1.,0.));
#1851 = ( GEOMETRIC_REPRESENTATION_CONTEXT(2) 
PARAMETRIC_REPRESENTATION_CONTEXT() REPRESENTATION_CONTEXT('2D SPACE',''
  ) );
#1852 = ORIENTED_EDGE('',*,*,#1087,.T.);
#1853 = ORIENTED_EDGE('',*,*,#674,.F.);
#1854 = ADVANCED_FACE('',(#1855),#620,.T.);
#1855 = FACE_BOUND('',#1856,.T.);
#1856 = EDGE_LOOP('',(#1857,#1858,#1859,#1860));
#1857 = ORIENTED_EDGE('',*,*,#605,.F.);
#1858 = ORIENTED_EDGE('',*,*,#774,.T.);
#1859 = ORIENTED_EDGE('',*,*,#837,.T.);
#1860 = ORIENTED_EDGE('',*,*,#886,.F.);
#1861 = ADVANCED_FACE('',(#1862),#929,.F.);
#1862 = FACE_BOUND('',#1863,.F.);
#1863 = EDGE_LOOP('',(#1864,#1865,#1888,#1909));
#1864 = ORIENTED_EDGE('',*,*,#912,.T.);
#1865 = ORIENTED_EDGE('',*,*,#1866,.T.);
#1866 = EDGE_CURVE('',#915,#1867,#1869,.T.);
#1867 = VERTEX_POINT('',#1868);
#1868 = CARTESIAN_POINT('',(-28.20001385063,-18.65769838928,
    5.009152462996));
#1869 = SURFACE_CURVE('',#1870,(#1874,#1881),.PCURVE_S1.);
#1870 = LINE('',#1871,#1872);
#1871 = CARTESIAN_POINT('',(-28.20001385063,-18.65769838928,
    54.509152462996));
#1872 = VECTOR('',#1873,1.);
#1873 = DIRECTION('',(0.,0.,-1.));
#1874 = PCURVE('',#929,#1875);
#1875 = DEFINITIONAL_REPRESENTATION('',(#1876),#1880);
#1876 = LINE('',#1877,#1878);
#1877 = CARTESIAN_POINT('',(-9.610086145567E-03,-10.01941774126));
#1878 = VECTOR('',#1879,1.);
#1879 = DIRECTION('',(1.,0.));
#1880 = ( GEOMETRIC_REPRESENTATION_CONTEXT(2) 
PARAMETRIC_REPRESENTATION_CONTEXT() REPRESENTATION_CONTEXT('2D SPACE',''
  ) );
#1881 = PCURVE('',#1196,#1882);
#1882 = DEFINITIONAL_REPRESENTATION('',(#1883),#1887);
#1883 = LINE('',#1884,#1885);
#1884 = CARTESIAN_POINT('',(-24.75,-4.7711535));
#1885 = VECTOR('',#1886,1.);
#1886 = DIRECTION('',(1.,0.));
#1887 = ( GEOMETRIC_REPRESENTATION_CONTEXT(2) 
PARAMETRIC_REPRESENTATION_CONTEXT() REPRESENTATION_CONTEXT('2D SPACE',''
  ) );
#1888 = ORIENTED_EDGE('',*,*,#1889,.F.);
#1889 = EDGE_CURVE('',#1499,#1867,#1890,.T.);
#1890 = SURFACE_CURVE('',#1891,(#1895,#1902),.PCURVE_S1.);
#1891 = LINE('',#1892,#1893);
#1892 = CARTESIAN_POINT('',(-28.20000035747,-28.67711613053,
    4.99954237685));
#1893 = VECTOR('',#1894,1.);
#1894 = DIRECTION('',(-1.346700718849E-06,0.999999540019,
    9.591457281536E-04));
#1895 = PCURVE('',#929,#1896);
#1896 = DEFINITIONAL_REPRESENTATION('',(#1897),#1901);
#1897 = LINE('',#1898,#1899);
#1898 = CARTESIAN_POINT('',(49.5,0.));
#1899 = VECTOR('',#1900,1.);
#1900 = DIRECTION('',(-9.591457281536E-04,-0.99999954002));
#1901 = ( GEOMETRIC_REPRESENTATION_CONTEXT(2) 
PARAMETRIC_REPRESENTATION_CONTEXT() REPRESENTATION_CONTEXT('2D SPACE',''
  ) );
#1902 = PCURVE('',#1513,#1903);
#1903 = DEFINITIONAL_REPRESENTATION('',(#1904),#1908);
#1904 = LINE('',#1905,#1906);
#1905 = CARTESIAN_POINT('',(0.,0.));
#1906 = VECTOR('',#1907,1.);
#1907 = DIRECTION('',(-1.346700718849E-06,-0.999999999999));
#1908 = ( GEOMETRIC_REPRESENTATION_CONTEXT(2) 
PARAMETRIC_REPRESENTATION_CONTEXT() REPRESENTATION_CONTEXT('2D SPACE',''
  ) );
#1909 = ORIENTED_EDGE('',*,*,#1524,.F.);
#1910 = ADVANCED_FACE('',(#1911),#1196,.T.);
#1911 = FACE_BOUND('',#1912,.T.);
#1912 = EDGE_LOOP('',(#1913,#1936,#1957,#1958));
#1913 = ORIENTED_EDGE('',*,*,#1914,.T.);
#1914 = EDGE_CURVE('',#1867,#1915,#1917,.T.);
#1915 = VERTEX_POINT('',#1916);
#1916 = CARTESIAN_POINT('',(-18.65770685063,-18.65769838928,
    5.009152462996));
#1917 = SURFACE_CURVE('',#1918,(#1922,#1929),.PCURVE_S1.);
#1918 = LINE('',#1919,#1920);
#1919 = CARTESIAN_POINT('',(-28.20001385063,-18.65769838928,
    5.009152462996));
#1920 = VECTOR('',#1921,1.);
#1921 = DIRECTION('',(1.,0.,0.));
#1922 = PCURVE('',#1196,#1923);
#1923 = DEFINITIONAL_REPRESENTATION('',(#1924),#1928);
#1924 = LINE('',#1925,#1926);
#1925 = CARTESIAN_POINT('',(24.75,-4.7711535));
#1926 = VECTOR('',#1927,1.);
#1927 = DIRECTION('',(0.,1.));
#1928 = ( GEOMETRIC_REPRESENTATION_CONTEXT(2) 
PARAMETRIC_REPRESENTATION_CONTEXT() REPRESENTATION_CONTEXT('2D SPACE',''
  ) );
#1929 = PCURVE('',#1513,#1930);
#1930 = DEFINITIONAL_REPRESENTATION('',(#1931),#1935);
#1931 = LINE('',#1932,#1933);
#1932 = CARTESIAN_POINT('',(-1.349316328092E-05,-10.01942234999));
#1933 = VECTOR('',#1934,1.);
#1934 = DIRECTION('',(1.,0.));
#1935 = ( GEOMETRIC_REPRESENTATION_CONTEXT(2) 
PARAMETRIC_REPRESENTATION_CONTEXT() REPRESENTATION_CONTEXT('2D SPACE',''
  ) );
#1936 = ORIENTED_EDGE('',*,*,#1937,.T.);
#1937 = EDGE_CURVE('',#1915,#1158,#1938,.T.);
#1938 = SURFACE_CURVE('',#1939,(#1943,#1950),.PCURVE_S1.);
#1939 = LINE('',#1940,#1941);
#1940 = CARTESIAN_POINT('',(-18.65770685063,-18.65769838928,
    5.009152462996));
#1941 = VECTOR('',#1942,1.);
#1942 = DIRECTION('',(0.,0.,1.));
#1943 = PCURVE('',#1196,#1944);
#1944 = DEFINITIONAL_REPRESENTATION('',(#1945),#1949);
#1945 = LINE('',#1946,#1947);
#1946 = CARTESIAN_POINT('',(24.75,4.7711535));
#1947 = VECTOR('',#1948,1.);
#1948 = DIRECTION('',(-1.,0.));
#1949 = ( GEOMETRIC_REPRESENTATION_CONTEXT(2) 
PARAMETRIC_REPRESENTATION_CONTEXT() REPRESENTATION_CONTEXT('2D SPACE',''
  ) );
#1950 = PCURVE('',#1172,#1951);
#1951 = DEFINITIONAL_REPRESENTATION('',(#1952),#1956);
#1952 = LINE('',#1953,#1954);
#1953 = CARTESIAN_POINT('',(9.610086145567E-03,-10.01941774126));
#1954 = VECTOR('',#1955,1.);
#1955 = DIRECTION('',(1.,0.));
#1956 = ( GEOMETRIC_REPRESENTATION_CONTEXT(2) 
PARAMETRIC_REPRESENTATION_CONTEXT() REPRESENTATION_CONTEXT('2D SPACE',''
  ) );
#1957 = ORIENTED_EDGE('',*,*,#1183,.T.);
#1958 = ORIENTED_EDGE('',*,*,#1866,.T.);
#1959 = ADVANCED_FACE('',(#1960),#1172,.F.);
#1960 = FACE_BOUND('',#1961,.F.);
#1961 = EDGE_LOOP('',(#1962,#1963,#1984,#1985));
#1962 = ORIENTED_EDGE('',*,*,#1477,.F.);
#1963 = ORIENTED_EDGE('',*,*,#1964,.T.);
#1964 = EDGE_CURVE('',#1478,#1915,#1965,.T.);
#1965 = SURFACE_CURVE('',#1966,(#1970,#1977),.PCURVE_S1.);
#1966 = LINE('',#1967,#1968);
#1967 = CARTESIAN_POINT('',(-18.65769335747,-28.67711613053,
    4.99954237685));
#1968 = VECTOR('',#1969,1.);
#1969 = DIRECTION('',(-1.346700718849E-06,0.999999540019,
    9.591457281536E-04));
#1970 = PCURVE('',#1172,#1971);
#1971 = DEFINITIONAL_REPRESENTATION('',(#1972),#1976);
#1972 = LINE('',#1973,#1974);
#1973 = CARTESIAN_POINT('',(0.,0.));
#1974 = VECTOR('',#1975,1.);
#1975 = DIRECTION('',(9.591457281536E-04,-0.99999954002));
#1976 = ( GEOMETRIC_REPRESENTATION_CONTEXT(2) 
PARAMETRIC_REPRESENTATION_CONTEXT() REPRESENTATION_CONTEXT('2D SPACE',''
  ) );
#1977 = PCURVE('',#1513,#1978);
#1978 = DEFINITIONAL_REPRESENTATION('',(#1979),#1983);
#1979 = LINE('',#1980,#1981);
#1980 = CARTESIAN_POINT('',(9.542307,0.));
#1981 = VECTOR('',#1982,1.);
#1982 = DIRECTION('',(-1.346700718849E-06,-0.999999999999));
#1983 = ( GEOMETRIC_REPRESENTATION_CONTEXT(2) 
PARAMETRIC_REPRESENTATION_CONTEXT() REPRESENTATION_CONTEXT('2D SPACE',''
  ) );
#1984 = ORIENTED_EDGE('',*,*,#1937,.T.);
#1985 = ORIENTED_EDGE('',*,*,#1157,.T.);
#1986 = ADVANCED_FACE('',(#1987),#1123,.T.);
#1987 = FACE_BOUND('',#1988,.T.);
#1988 = EDGE_LOOP('',(#1989,#1990,#1991,#1992));
#1989 = ORIENTED_EDGE('',*,*,#1457,.F.);
#1990 = ORIENTED_EDGE('',*,*,#1803,.T.);
#1991 = ORIENTED_EDGE('',*,*,#1832,.T.);
#1992 = ORIENTED_EDGE('',*,*,#1108,.T.);
#1993 = ADVANCED_FACE('',(#1994),#1055,.F.);
#1994 = FACE_BOUND('',#1995,.F.);
#1995 = EDGE_LOOP('',(#1996,#1997,#1998,#1999,#2000));
#1996 = ORIENTED_EDGE('',*,*,#1410,.F.);
#1997 = ORIENTED_EDGE('',*,*,#1261,.T.);
#1998 = ORIENTED_EDGE('',*,*,#1233,.T.);
#1999 = ORIENTED_EDGE('',*,*,#1040,.T.);
#2000 = ORIENTED_EDGE('',*,*,#2001,.F.);
#2001 = EDGE_CURVE('',#1390,#1015,#2002,.T.);
#2002 = SURFACE_CURVE('',#2003,(#2007,#2014),.PCURVE_S1.);
#2003 = LINE('',#2004,#2005);
#2004 = CARTESIAN_POINT('',(-28.67711587971,18.657694642537,
    54.499330101421));
#2005 = VECTOR('',#2006,1.);
#2006 = DIRECTION('',(0.999999014306,-1.346701426827E-06,
    1.404060001489E-03));
#2007 = PCURVE('',#1055,#2008);
#2008 = DEFINITIONAL_REPRESENTATION('',(#2009),#2013);
#2009 = LINE('',#2010,#2011);
#2010 = CARTESIAN_POINT('',(49.5,0.));
#2011 = VECTOR('',#2012,1.);
#2012 = DIRECTION('',(1.404060001489E-03,-0.999999014307));
#2013 = ( GEOMETRIC_REPRESENTATION_CONTEXT(2) 
PARAMETRIC_REPRESENTATION_CONTEXT() REPRESENTATION_CONTEXT('2D SPACE',''
  ) );
#2014 = PCURVE('',#1029,#2015);
#2015 = DEFINITIONAL_REPRESENTATION('',(#2016),#2020);
#2016 = LINE('',#2017,#2018);
#2017 = CARTESIAN_POINT('',(0.,0.));
#2018 = VECTOR('',#2019,1.);
#2019 = DIRECTION('',(-1.346701426827E-06,-0.999999999999));
#2020 = ( GEOMETRIC_REPRESENTATION_CONTEXT(2) 
PARAMETRIC_REPRESENTATION_CONTEXT() REPRESENTATION_CONTEXT('2D SPACE',''
  ) );
#2021 = ADVANCED_FACE('',(#2022),#1029,.F.);
#2022 = FACE_BOUND('',#2023,.F.);
#2023 = EDGE_LOOP('',(#2024,#2025,#2026,#2027));
#2024 = ORIENTED_EDGE('',*,*,#1389,.F.);
#2025 = ORIENTED_EDGE('',*,*,#2001,.T.);
#2026 = ORIENTED_EDGE('',*,*,#1014,.T.);
#2027 = ORIENTED_EDGE('',*,*,#2028,.F.);
#2028 = EDGE_CURVE('',#1367,#987,#2029,.T.);
#2029 = SURFACE_CURVE('',#2030,(#2034,#2040),.PCURVE_S1.);
#2030 = LINE('',#2031,#2032);
#2031 = CARTESIAN_POINT('',(-28.47704378684,28.147271327747,
    54.499611014921));
#2032 = VECTOR('',#2033,1.);
#2033 = DIRECTION('',(0.999999014306,-1.346701426827E-06,
    1.404060001489E-03));
#2034 = PCURVE('',#1029,#2035);
#2035 = DEFINITIONAL_REPRESENTATION('',(#2036),#2039);
#2036 = B_SPLINE_CURVE_WITH_KNOTS('',1,(#2037,#2038),.UNSPECIFIED.,.F.,
  .F.,(2,2),(0.200059470836,0.220153679553),.PIECEWISE_BEZIER_KNOTS.);
#2037 = CARTESIAN_POINT('',(9.48957641579,-0.400131760912));
#2038 = CARTESIAN_POINT('',(9.489576388729,-0.420225969629));
#2039 = ( GEOMETRIC_REPRESENTATION_CONTEXT(2) 
PARAMETRIC_REPRESENTATION_CONTEXT() REPRESENTATION_CONTEXT('2D SPACE',''
  ) );
#2040 = PCURVE('',#1002,#2041);
#2041 = DEFINITIONAL_REPRESENTATION('',(#2042),#2045);
#2042 = B_SPLINE_CURVE_WITH_KNOTS('',1,(#2043,#2044),.UNSPECIFIED.,.F.,
  .F.,(2,2),(0.200059470836,0.220153679553),.PIECEWISE_BEZIER_KNOTS.);
#2043 = CARTESIAN_POINT('',(-7.652130527958E-02,-54.4999180662));
#2044 = CARTESIAN_POINT('',(-5.642711636917E-02,-54.49994627969));
#2045 = ( GEOMETRIC_REPRESENTATION_CONTEXT(2) 
PARAMETRIC_REPRESENTATION_CONTEXT() REPRESENTATION_CONTEXT('2D SPACE',''
  ) );
#2046 = ADVANCED_FACE('',(#2047),#1002,.T.);
#2047 = FACE_BOUND('',#2048,.T.);
#2048 = EDGE_LOOP('',(#2049,#2050,#2051));
#2049 = ORIENTED_EDGE('',*,*,#2028,.F.);
#2050 = ORIENTED_EDGE('',*,*,#1366,.T.);
#2051 = ORIENTED_EDGE('',*,*,#986,.T.);
#2052 = ADVANCED_FACE('',(#2053,#2059),#1513,.F.);
#2053 = FACE_BOUND('',#2054,.F.);
#2054 = EDGE_LOOP('',(#2055,#2056,#2057,#2058));
#2055 = ORIENTED_EDGE('',*,*,#1498,.F.);
#2056 = ORIENTED_EDGE('',*,*,#1889,.T.);
#2057 = ORIENTED_EDGE('',*,*,#1914,.T.);
#2058 = ORIENTED_EDGE('',*,*,#1964,.F.);
#2059 = FACE_BOUND('',#2060,.F.);
#2060 = EDGE_LOOP('',(#2061));
#2061 = ORIENTED_EDGE('',*,*,#1633,.F.);
#2062 = ADVANCED_FACE('',(#2063),#1708,.T.);
#2063 = FACE_BOUND('',#2064,.T.);
#2064 = EDGE_LOOP('',(#2065));
#2065 = ORIENTED_EDGE('',*,*,#1693,.T.);
#2066 = ( GEOMETRIC_REPRESENTATION_CONTEXT(3) 
GLOBAL_UNCERTAINTY_ASSIGNED_CONTEXT((#2070)) 
GLOBAL_UNIT_ASSIGNED_CONTEXT((#2067,#2068,#2069)) REPRESENTATION_CONTEXT
('Context #1','3D Context with UNIT and UNCERTAINTY') );
#2067 = ( LENGTH_UNIT() NAMED_UNIT(*) SI_UNIT(.MILLI.,.METRE.) );
#2068 = ( NAMED_UNIT(*) PLANE_ANGLE_UNIT() SI_UNIT($,.RADIAN.) );
#2069 = ( NAMED_UNIT(*) SI_UNIT($,.STERADIAN.) SOLID_ANGLE_UNIT() );
#2070 = UNCERTAINTY_MEASURE_WITH_UNIT(LENGTH_MEASURE(1.E-07),#2067,
  'distance_accuracy_value','confusion accuracy');
#2071 = PRODUCT_TYPE('part',$,(#7));
ENDSEC;
END-ISO-10303-21;
