6.71799994 9.25300026 328.01998901 0.035192 -0.374080 -0.926728
7.01800013 9.25300026 328.03698730 0.040117 -0.350699 -0.935629
7.31799984 8.95300007 328.15301514 0.021677 -0.348105 -0.937205
7.61800003 8.95300007 328.16198730 0.026762 -0.335166 -0.941779
7.31799984 8.65299988 328.25601196 0.001268 -0.368984 -0.929435
7.61800003 8.65299988 328.26800537 0.014044 -0.358773 -0.933319
7.31799984 9.25300026 328.05398560 0.037129 -0.329039 -0.943586
14.81799984 24.05800056 336.61801147 0.570894 0.757439 -0.316806
7.61800003 9.25300026 328.05700684 0.034132 -0.312248 -0.949387
7.31799984 9.55300045 327.94699097 0.052674 -0.317330 -0.946851
7.61800003 9.55300045 327.96301270 0.044366 -0.302957 -0.951971
14.81799984 23.95899963 336.31799316 0.567084 0.751265 -0.337665
14.51799965 24.18400002 336.31799316 0.574206 0.745659 -0.338054
7.91800022 9.25300026 328.06399536 0.036686 -0.309936 -0.950049
8.21800041 9.25300026 328.08801270 0.041973 -0.309073 -0.950112
7.91800022 9.55300045 327.97799683 0.039209 -0.302292 -0.952409
8.21800041 9.55300045 327.99301147 0.039051 -0.298550 -0.953595
7.91800022 8.95300007 328.15899658 0.031833 -0.329786 -0.943519
8.21800041 8.95300007 328.17498779 0.039782 -0.329803 -0.943211
7.91800022 8.65299988 328.26800537 0.026943 -0.352823 -0.935302
8.21800041 8.65299988 328.27999878 0.032079 -0.345171 -0.937992
8.51799965 9.25300026 328.08499146 0.044620 -0.309787 -0.949758
8.81799984 9.25300026 328.09899902 0.047123 -0.304391 -0.951381
8.51799965 9.55300045 327.99398804 0.049418 -0.295240 -0.954144
8.81799984 9.55300045 328.00900269 0.057360 -0.291899 -0.954728
8.81799984 9.85299969 327.92800903 0.064559 -0.269631 -0.960797
6.71799994 9.55300045 327.88800049 0.070452 -0.362892 -0.929164
7.01800013 9.55300045 327.91198730 0.064200 -0.336721 -0.939413
8.51799965 9.85299969 327.91400146 0.051633 -0.280835 -0.958366
8.51799965 10.15299988 327.81298828 0.066652 -0.255289 -0.964565
8.81799984 10.15299988 327.83401489 0.076711 -0.242709 -0.967062
9.11800003 9.85299969 327.93499756 0.080072 -0.260551 -0.962134
9.41800022 9.85299969 327.96600342 0.090396 -0.250818 -0.963804
9.11800003 10.15299988 327.86300659 0.089573 -0.235917 -0.967636
9.41800022 10.15299988 327.90701294 0.099803 -0.226135 -0.968970
14.81799984 23.65299988 335.71798706 0.559893 0.739451 -0.373806
9.71800041 9.85299969 327.99301147 0.095448 -0.240530 -0.965937
10.01799965 9.85299969 328.02600098 0.105515 -0.230098 -0.967430
9.71800041 10.15299988 327.94000244 0.110309 -0.216815 -0.969960
10.01799965 10.15299988 327.96398926 0.112598 -0.213809 -0.970365
9.71800041 10.45300007 327.88598633 0.117321 -0.200581 -0.972627
10.01799965 10.45300007 327.90399170 0.125145 -0.198462 -0.972086
9.71800041 10.75300026 327.80899048 0.121934 -0.189816 -0.974219
10.01799965 10.75300026 327.84500122 0.134538 -0.179803 -0.974459
14.21800041 24.23900032 336.01800537 0.548407 0.750195 -0.369402
14.21800041 24.10300064 335.71798706 0.546131 0.748281 -0.376586
14.51799965 24.02199936 336.01800537 0.565688 0.741752 -0.360280
14.81799984 23.80400085 336.01800537 0.563613 0.745528 -0.355709
14.51799965 23.88299942 335.71798706 0.559893 0.739451 -0.373806
14.51799965 23.71400070 335.41799927 0.558963 0.735995 -0.381931
14.21800041 23.95700073 335.41799927 0.556961 0.739893 -0.377296
13.91800022 24.15999985 335.41799927 0.544104 0.755249 -0.365443
13.91800022 24.00900078 335.11801147 0.561855 0.732213 -0.384944
14.21800041 23.81100082 335.11801147 0.558483 0.726522 -0.400328
16.61800003 23.60499954 339.31799316 0.610950 0.782549 -0.119823
17.20999908 23.05299950 339.31799316 0.786907 0.608794 -0.100736
17.21800041 23.05299950 339.52398682 0.779699 0.619387 -0.091815
16.91799927 23.40900040 339.31799316 0.677664 0.727862 -0.104824
17.21800041 23.05999947 339.61801147 0.776929 0.622418 -0.094747
16.91799927 23.40399933 339.61801147 0.677275 0.729936 -0.092156
16.61800003 23.64500046 339.91799927 0.613694 0.784890 -0.085598
15.11800003 23.72299957 336.31799316 0.557844 0.755111 -0.344408
13.31799984 25.75300026 341.05801392 0.596677 0.800766 0.052440
13.31799984 25.81399918 340.81799316 0.599793 0.799256 0.037926
13.61800003 25.68000031 340.81799316 0.538324 0.842416 0.023286
13.31799984 25.90299988 340.51800537 0.629553 0.776026 0.038027
13.61800003 25.63800049 340.51800537 0.540540 0.841291 0.006774
16.31800079 20.05299950 332.70300293 0.592335 0.534958 -0.602461
16.58799934 19.45299911 332.41799927 0.665505 0.487814 -0.564925
16.31800079 19.45299911 332.18301392 0.558559 0.528184 -0.639558
15.11800003 23.82299995 336.61801147 0.553246 0.768130 -0.322326
16.31800079 18.55299950 331.58099365 0.546909 0.418030 -0.725356
16.31800079 18.50300026 331.51800537 0.545600 0.417029 -0.726917
13.41899967 25.75300026 339.61801147 0.664548 0.744925 -0.058848
13.61800003 25.61000061 339.61801147 0.577120 0.813669 -0.069824
13.38700008 25.75300026 339.31799316 0.675791 0.733675 -0.070907
13.61800003 25.55900002 339.31799316 0.588902 0.803048 -0.091157
13.01799965 16.15299988 328.80398560 0.366770 0.229414 -0.901582
12.71800041 16.15299988 328.66400146 0.368314 0.216912 -0.904043
13.38300037 25.75300026 339.01800537 0.714450 0.697200 -0.058939
13.01799965 15.85299969 328.72500610 0.358957 0.209031 -0.909646
13.61800003 25.53599930 339.01800537 0.590636 0.800640 -0.100627
12.71800041 15.85299969 328.60000610 0.356045 0.195896 -0.913705
13.61800003 25.48999977 338.71798706 0.582359 0.801670 -0.134846
12.41800022 15.55300045 328.43600464 0.333366 0.168775 -0.927568
12.11800003 15.55300045 328.32901001 0.323228 0.152674 -0.933924
12.41800022 15.25300026 328.39700317 0.324061 0.153067 -0.933571
12.11800003 15.25300026 328.29501343 0.309568 0.145920 -0.939614
11.81799984 14.95300007 328.14700317 0.292096 0.124041 -0.948311
11.51799965 14.95300007 328.06900024 0.286382 0.112177 -0.951526
11.81799984 14.65299988 328.10400391 0.281910 0.108830 -0.953249
11.51799965 14.65299988 328.03799438 0.276945 0.100116 -0.955656
10.91800022 14.95300007 327.86801147 0.289299 0.084325 -0.953518
10.91800022 14.65299988 327.85400391 0.277536 0.072901 -0.957945
11.21800041 14.95300007 327.97100830 0.283213 0.097885 -0.954049
11.21800041 14.65299988 327.93899536 0.273870 0.086147 -0.957901
9.41800022 13.75300026 327.43798828 0.217012 -0.020160 -0.975961
9.11800003 13.75300026 327.38101196 0.200587 -0.019941 -0.979473
9.41800022 13.45300007 327.45999146 0.212616 -0.054673 -0.975605
9.11800003 13.45300007 327.37600708 0.207911 -0.059577 -0.976332
9.41800022 13.15299988 327.47698975 0.201714 -0.072128 -0.976785
9.11800003 13.15299988 327.40200806 0.204999 -0.074880 -0.975894
9.41800022 12.85299969 327.49301147 0.199733 -0.079648 -0.976608
9.11800003 12.85299969 327.47601318 0.200612 -0.084922 -0.975983
8.51799965 13.15299988 327.29598999 0.224647 -0.091616 -0.970124
8.51799965 12.85299969 327.31698608 0.221620 -0.124261 -0.967184
8.81799984 13.15299988 327.33200073 0.212997 -0.090929 -0.972812
8.81799984 12.85299969 327.42498779 0.197558 -0.098158 -0.975365
8.81799984 12.55300045 327.41500854 0.182878 -0.113210 -0.976596
8.51799965 12.55300045 327.35299683 0.205191 -0.131271 -0.969879
8.81799984 12.25300026 327.42199707 0.169785 -0.122691 -0.977814
8.51799965 12.25300026 327.39700317 0.178494 -0.143048 -0.973487
8.21800041 12.55300045 327.28201294 0.264007 -0.171943 -0.949071
7.91800022 12.25300026 327.26300049 0.304509 -0.238746 -0.922103
8.21800041 12.25300026 327.35299683 0.225439 -0.185421 -0.956450
7.61800003 11.95300007 327.23599243 0.325310 -0.322312 -0.888982
5.81799984 8.65299988 328.32598877 -0.022607 -0.440171 -0.897629
5.51800013 8.65299988 328.33700562 0.039556 -0.478764 -0.877052
5.51800013 8.81599998 328.21798706 0.077378 -0.505070 -0.859603
5.81799984 8.95300007 328.16198730 0.025476 -0.457230 -0.888984
2.81800008 5.70900011 330.61801147 -0.095249 -0.754666 -0.649159
1.91799998 1.25000000 343.21798706 -0.484846 -0.859166 0.163580
2.21799994 1.11300004 343.21798706 -0.400653 -0.898214 0.180800
1.91799998 1.20899999 342.91799927 -0.493826 -0.858004 0.141301
2.21799994 1.05200005 342.91799927 -0.427238 -0.890439 0.156798
3.41799998 5.65299988 330.55801392 -0.162943 -0.680704 -0.714207
2.51799989 0.87500000 342.61801147 -0.358029 -0.919644 0.161464
3.41799998 5.35300016 330.84600830 -0.199477 -0.678839 -0.706673
3.11800003 5.64699984 330.61801147 -0.146537 -0.705490 -0.693405
2.51799989 0.98199999 343.21798706 -0.318005 -0.922642 0.218183
2.51799989 0.98500001 342.91799927 -0.322091 -0.926891 0.192692
4.01800013 5.65299988 330.40701294 -0.178985 -0.631801 -0.754183
3.71799994 5.65299988 330.48300171 -0.168962 -0.653015 -0.738257
16.91799927 21.25300026 334.51599121 0.533514 0.647958 -0.543612
16.61800003 21.27400017 334.21798706 0.576235 0.620170 -0.532299
16.31800079 21.51499939 334.21798706 0.575027 0.622244 -0.531184
16.31800079 21.29700089 333.91799927 0.572045 0.615919 -0.541671
16.91799927 21.47200012 334.81799316 0.657559 0.593979 -0.463471
15.71800041 22.80699921 335.41799927 0.549404 0.727589 -0.410816
16.01799965 22.58699989 335.41799927 0.552271 0.723722 -0.413791
15.71800041 22.63599968 335.11801147 0.542496 0.711715 -0.446273
13.91800022 24.48500061 336.01800537 0.532908 0.754545 -0.382977
13.91800022 24.32799911 335.71798706 0.529261 0.760507 -0.376182
0.71799999 2.42000008 344.41799927 -0.555364 -0.794933 0.244236
1.01800001 2.20700002 344.41799927 -0.561446 -0.791623 0.241064
1.01800001 2.09200001 344.11801147 -0.554047 -0.800976 0.226866
0.71799999 2.28600001 344.11801147 -0.555784 -0.795534 0.241307
1.61800003 1.75800002 344.41799927 -0.539001 -0.812341 0.222664
1.31799996 1.98699999 344.41799927 -0.564551 -0.793465 0.227367
1.31799996 1.87500000 344.11801147 -0.555949 -0.802353 0.217143
1.61800003 1.68299997 344.11801147 -0.531546 -0.820927 0.208659
13.01799965 19.75300026 330.21200562 0.452420 0.426475 -0.783221
12.71800041 19.75300026 330.04400635 0.488259 0.390932 -0.780241
13.01799965 19.45299911 330.05801392 0.448235 0.415871 -0.791288
12.71800041 19.45299911 329.89099121 0.462863 0.391901 -0.795092
15.11800003 13.99600029 332.11801147 -0.457439 0.651809 -0.604892
9.11800003 10.45300007 327.79501343 0.099052 -0.214403 -0.971710
9.41800022 10.45300007 327.83599854 0.104125 -0.209504 -0.972248
9.11800003 10.75300026 327.74200439 0.106510 -0.201743 -0.973630
9.41800022 10.75300026 327.77398682 0.111518 -0.199228 -0.973587
2.81800008 0.73199999 339.61801147 -0.355809 -0.930475 -0.087274
2.51799989 0.85200000 339.61801147 -0.439044 -0.890793 -0.117172
2.81800008 0.75199997 339.31799316 -0.388893 -0.911162 -0.136183
3.11800003 0.69300002 339.61801147 -0.350143 -0.932374 -0.089884
3.11800003 0.70300001 339.31799316 -0.315978 -0.942600 -0.107992
3.29999995 0.55299997 339.31799316 -0.316068 -0.942869 -0.105356
3.41799998 0.55299997 339.11999512 -0.527995 -0.828847 -0.185024
3.41799998 0.60100001 339.01800537 -0.519629 -0.838255 -0.165269
3.11800003 0.73400003 339.01800537 -0.329479 -0.930047 -0.162654
3.41799998 0.71200001 338.71798706 -0.344493 -0.916265 -0.204409
3.11800003 0.80900002 338.71798706 -0.345598 -0.921124 -0.179147
14.21800041 21.67799950 332.41799927 0.510287 0.594493 -0.621439
14.51799965 21.25300026 332.26998901 0.507304 0.574720 -0.642136
14.51799965 21.43899918 332.41799927 0.513842 0.594709 -0.618295
14.81799984 21.25300026 332.51000977 0.525360 0.582794 -0.619958
14.81799984 20.95299911 332.24200439 0.523137 0.550051 -0.650978
15.71800041 22.02899933 334.21798706 0.532838 0.670670 -0.516029
16.01799965 21.99600029 334.51800537 0.549014 0.673256 -0.495288
15.71800041 22.20599937 334.51800537 0.530618 0.691310 -0.490445
16.01799965 22.23100090 334.81799316 0.546018 0.696298 -0.465868
16.61800003 21.48200035 334.51800537 0.602344 0.615842 -0.507859
16.31800079 21.75000000 334.51800537 0.556169 0.667067 -0.495679
16.61800003 21.71999931 334.81799316 0.590104 0.663658 -0.459713
16.31800079 21.99099922 334.81799316 0.561194 0.678459 -0.474083
9.11800003 12.25300026 327.48199463 0.169687 -0.101324 -0.980276
9.41800022 12.25300026 327.55499268 0.170287 -0.083332 -0.981865
9.11800003 12.55300045 327.47698975 0.186166 -0.097398 -0.977679
9.41800022 12.55300045 327.52600098 0.186098 -0.081494 -0.979146
9.71800041 12.55300045 327.59100342 0.184508 -0.068738 -0.980424
9.71800041 12.25300026 327.62500000 0.180141 -0.078585 -0.980497
10.01799965 12.25300026 327.67098999 0.190444 -0.073994 -0.978905
10.01799965 12.55300045 327.63198853 0.191544 -0.063848 -0.979405
10.31799984 12.25300026 327.70700073 0.182146 -0.071170 -0.980693
10.61800003 12.25300026 327.77398682 0.183669 -0.066025 -0.980768
10.31799984 12.55300045 327.68701172 0.187971 -0.056272 -0.980561
10.61800003 12.55300045 327.74798584 0.191332 -0.046348 -0.980430
10.31799984 12.85299969 327.67999268 0.201894 -0.044202 -0.978409
10.61800003 12.85299969 327.76199341 0.208347 -0.034526 -0.977445
10.31799984 13.15299988 327.67700195 0.213906 -0.032265 -0.976321
10.61800003 13.15299988 327.75601196 0.219767 -0.022571 -0.975291
10.91800022 12.25300026 327.82400513 0.188387 -0.058796 -0.980333
11.21800041 12.25300026 327.86999512 0.200024 -0.049108 -0.978560
10.91800022 12.55300045 327.81100464 0.201932 -0.029522 -0.978955
11.21800041 12.55300045 327.86801147 0.211504 -0.020087 -0.977171
5.81799984 8.35299969 328.46701050 -0.047292 -0.441842 -0.895845
5.51800013 8.35299969 328.48001099 -0.009287 -0.465672 -0.884909
-0.48199999 8.24800014 350.71798706 -0.260568 -0.535178 0.803548
-0.18200000 8.95300007 351.29501343 -0.260374 -0.588604 0.765343
-0.18200000 8.65299988 351.04699707 -0.275998 -0.547265 0.790143
0.11800000 8.65299988 351.19100952 -0.364964 -0.493585 0.789415
0.41800001 8.95300007 351.54199219 -0.366230 -0.462186 0.807626
0.11800000 8.95300007 351.39401245 -0.342706 -0.532563 0.773905
0.41800001 8.65299988 351.39199829 -0.403327 -0.474598 0.782358
15.41800022 23.49799919 336.31799316 0.542618 0.762904 -0.351487
14.25599957 25.15299988 342.61801147 0.503348 0.854385 0.129101
13.91800022 25.29500008 342.61801147 0.472938 0.868751 0.146975
14.21800041 25.18300056 342.31799316 0.501580 0.858004 0.110664
13.91800022 25.35099983 342.31799316 0.473430 0.874354 0.106628
14.21800041 25.21199989 342.01800537 0.499488 0.861722 0.089144
13.91800022 25.40299988 342.01800537 0.490527 0.865886 0.098105
14.21800041 25.22500038 341.71798706 0.510685 0.856769 0.071749
1.01800001 8.95300007 351.85198975 -0.424452 -0.379940 0.821879
0.71799999 8.95300007 351.69100952 -0.405024 -0.395494 0.824342
0.71799999 8.65299988 351.50500488 -0.410716 -0.436487 0.800494
1.01800001 9.20800018 351.91799927 -0.423800 -0.339353 0.839781
1.15600002 8.95300007 351.91799927 -0.402193 -0.376957 0.834353
1.31799996 8.65299988 351.83200073 -0.426810 -0.401233 0.810460
1.61800003 9.05399990 352.21798706 -0.399375 -0.343432 0.850032
1.61800003 8.95300007 352.17098999 -0.401683 -0.351668 0.845565
1.31799996 8.95300007 352.00201416 -0.428170 -0.358652 0.829481
1.61800003 8.65299988 352.01199341 -0.421392 -0.389589 0.818932
5.81799984 8.05300045 328.57501221 -0.053067 -0.450389 -0.891254
15.41800022 23.61100006 336.61801147 0.541175 0.772419 -0.332413
5.51800013 8.05300045 328.61999512 -0.042092 -0.465725 -0.883928
2.21799994 1.90900004 345.91799927 -0.153876 -0.913373 0.376925
4.91800022 1.64400005 334.51800537 -0.206192 -0.876686 -0.434634
4.91800022 1.52999997 334.81799316 -0.234640 -0.832741 -0.501485
4.91800022 1.45299995 334.99398804 -0.212592 -0.848860 -0.483986
4.61800003 1.74699998 334.51800537 -0.289638 -0.841034 -0.456915
4.31799984 1.87500000 334.51800537 -0.331160 -0.816015 -0.473764
4.31799984 1.68299997 334.81799316 -0.334476 -0.816376 -0.470803
4.61800003 1.62199998 334.81799316 -0.298201 -0.829029 -0.473062
2.51799989 1.90300000 345.91799927 0.476858 -0.841784 0.252995
2.51799989 1.93499994 345.61801147 0.376247 -0.885904 0.271317
4.31799984 2.04900002 334.21798706 -0.344295 -0.795883 -0.498027
4.61800003 1.90600002 334.21798706 -0.307065 -0.814115 -0.492878
4.31799984 2.25200009 333.91799927 -0.342738 -0.780414 -0.522958
4.61800003 2.12599993 333.91799927 -0.316958 -0.788413 -0.527202
2.51799989 4.45699978 332.11801147 -0.296729 -0.720170 -0.627142
5.21799994 8.35299969 328.44299316 0.051298 -0.506050 -0.860978
5.81799984 2.89299989 337.21798706 -0.306876 -0.917746 -0.252128
6.41800022 2.72900009 337.21798706 -0.496135 -0.818545 -0.289543
6.11800003 2.88000011 337.21798706 -0.329971 -0.884442 -0.329971
6.41800022 2.74699998 336.91799927 -0.554045 -0.831762 -0.034715
6.11800003 2.93600011 336.91799927 -0.349958 -0.930970 -0.104042
6.11800003 2.70900011 337.51800537 -0.376247 -0.885904 -0.271317
6.11800003 2.51300001 337.81799316 -0.406693 -0.885851 -0.223311
6.41800022 2.59500003 337.51800537 -0.414377 -0.858021 -0.303465
14.81799984 23.50000000 335.41799927 0.562489 0.729760 -0.388659
14.51799965 23.55699921 335.11801147 0.553590 0.722146 -0.414780
14.81799984 23.32999992 335.11801147 0.555230 0.714341 -0.425953
13.31799984 12.55300045 328.41101074 0.450386 0.090635 -0.888222
13.31799984 12.25300026 328.31201172 0.358693 0.134337 -0.923739
13.01799965 12.55300045 328.33300781 0.339042 0.064143 -0.938582
12.71800041 12.55300045 328.26000977 0.246711 0.030383 -0.968613
13.01799965 12.25300026 328.34100342 0.301346 0.047046 -0.952354
12.71800041 12.25300026 328.22198486 0.222274 0.008232 -0.974949
13.01799965 13.15299988 328.33099365 0.359020 0.027023 -0.932938
12.71800041 13.15299988 328.26901245 0.267070 0.043477 -0.962696
13.01799965 12.85299969 328.31900024 0.350857 0.048259 -0.935185
12.71800041 12.85299969 328.23400879 0.253618 0.045775 -0.966221
14.51799965 23.38699913 334.81799316 0.547401 0.707129 -0.447571
14.81799984 23.16200066 334.81799316 0.550650 0.700373 -0.454161
14.51799965 23.18799973 334.51800537 0.541966 0.695384 -0.471927
14.21800041 23.63400078 334.81799316 0.554149 0.703919 -0.444317
14.21800041 23.39900017 334.51800537 0.542364 0.692557 -0.475611
10.31799984 16.15299988 327.82800293 0.298469 0.124474 -0.946268
10.61800003 15.85299969 327.86898804 0.306053 0.116273 -0.944887
10.31799984 15.85299969 327.77301025 0.278130 0.119952 -0.953024
10.61800003 16.15299988 327.92800903 0.314536 0.125544 -0.940907
10.31799984 16.45299911 327.85800171 0.285079 0.135178 -0.948924
6.11800003 3.03999996 332.11801147 -0.206267 -0.708750 -0.674631
6.11800003 2.95300007 332.21499634 -0.206267 -0.708750 -0.674631
6.41800022 2.99600005 332.11801147 -0.126787 -0.750279 -0.648850
6.41800022 3.22000003 331.81799316 -0.193103 -0.709074 -0.678178
5.51800013 2.94000006 332.41799927 -0.272968 -0.697586 -0.662467
5.81799984 2.86999989 332.41799927 -0.258851 -0.697150 -0.668565
5.81799984 2.65300012 332.65100098 -0.265669 -0.714285 -0.647470
13.61800003 23.02799988 333.31799316 0.558559 0.639558 -0.528184
13.31099987 23.05299950 333.01800537 0.645970 0.548146 -0.531280
1.61800003 2.64700007 335.41799927 -0.411901 -0.822212 -0.392817
2.21799994 2.35700011 335.41799927 -0.407707 -0.813815 -0.414102
1.91799998 2.50500011 335.41799927 -0.401880 -0.821232 -0.405056
2.21799994 2.52200007 335.11801147 -0.392526 -0.809084 -0.437386
1.61800003 2.38700008 336.01800537 -0.437851 -0.833330 -0.337412
1.31799996 2.54900002 336.01800537 -0.431621 -0.836559 -0.337449
1.61800003 2.52399993 335.71798706 -0.423987 -0.830636 -0.360941
2.21799994 2.07299995 336.01800537 -0.432491 -0.831955 -0.347566
1.91799998 2.21700001 336.01800537 -0.432962 -0.832862 -0.344796
2.21799994 2.20000005 335.71798706 -0.423853 -0.823894 -0.376229
1.91799998 2.33999991 335.71798706 -0.418440 -0.828985 -0.371069
1.91799998 2.13899994 336.31799316 -0.440608 -0.835745 -0.327712
2.51799989 2.06699991 335.71798706 -0.420814 -0.820984 -0.385878
2.81800008 1.75899994 336.01800537 -0.427530 -0.831397 -0.354961
2.51799989 1.92700005 336.01800537 -0.429456 -0.832169 -0.350801
2.81800008 1.89699996 335.71798706 -0.419341 -0.817955 -0.393830
2.21799994 1.82700002 336.61801147 -0.434808 -0.843122 -0.316366
1.91799998 1.99600005 336.61801147 -0.438479 -0.841068 -0.316766
2.21799994 1.95599997 336.31799316 -0.433247 -0.839905 -0.326890
2.81800008 1.54200006 336.61801147 -0.442151 -0.838994 -0.317162
2.51799989 1.70299995 336.61801147 -0.441428 -0.840741 -0.313523
2.51799989 1.80599999 336.31799316 -0.433940 -0.838114 -0.330546
2.81800008 1.63900006 336.31799316 -0.434627 -0.836304 -0.334208
3.11800003 1.46500003 336.31799316 -0.430942 -0.838378 -0.333784
3.41799998 1.20400000 336.61801147 -0.412823 -0.855022 -0.313869
3.11800003 1.37899995 336.61801147 -0.433668 -0.844020 -0.315536
3.41799998 1.31599998 336.31799316 -0.412773 -0.845795 -0.338007
2.81800008 1.30700004 337.21798706 -0.436985 -0.850808 -0.291838
2.81800008 1.43299997 336.91799927 -0.442468 -0.843018 -0.305846
3.41799998 0.99900001 337.21798706 -0.391688 -0.880922 -0.265627
3.11800003 1.13900006 337.21798706 -0.416941 -0.862899 -0.285597
3.11800003 1.26900005 336.91799927 -0.430780 -0.850751 -0.301083
3.41799998 1.09300005 336.91799927 -0.401346 -0.868312 -0.291472
3.71799994 0.98000002 336.91799927 -0.366900 -0.888048 -0.277047
3.95799994 0.85299999 336.91799927 -0.348487 -0.897169 -0.271375
3.71799994 0.76599997 337.81799316 -0.289117 -0.941344 -0.174018
3.71799994 0.84799999 337.51800537 -0.334938 -0.919297 -0.206664
3.71799994 0.84200001 337.21798706 -0.373423 -0.895921 -0.240585
2.21799994 4.32800007 332.41799927 -0.314862 -0.728220 -0.608734
1.31799996 3.27900004 334.51800537 -0.368585 -0.808973 -0.457939
-0.18200000 7.45300007 350.22299194 -0.383355 -0.526910 0.758554
-0.48199999 7.75299978 350.36401367 -0.242609 -0.583826 0.774783
-0.18200000 7.75299978 350.49700928 -0.362371 -0.541119 0.758866
13.04899979 22.45299911 332.11801147 0.696788 0.476222 -0.536376
13.07499981 22.75300026 332.41799927 0.727936 0.459313 -0.509058
13.01799965 21.85300064 331.63900757 0.606632 0.489002 -0.626797
13.00399971 22.15299988 331.81799316 0.663940 0.463253 -0.587010
8.81799984 6.55299997 329.14300537 -0.027886 -0.431570 -0.901649
8.51799965 6.55299997 329.14099121 -0.050169 -0.440674 -0.896264
8.81799984 6.25299978 329.28100586 -0.033712 -0.462533 -0.885961
8.51799965 6.25299978 329.30700684 -0.056315 -0.465630 -0.883186
8.21800041 6.55299997 329.16198730 -0.067354 -0.452236 -0.889351
7.91800022 6.55299997 329.20401001 -0.067759 -0.463251 -0.883633
8.21800041 6.25299978 329.35501099 -0.073621 -0.465341 -0.882064
7.91800022 6.25299978 329.37399292 -0.085284 -0.468366 -0.879409
7.31799984 6.25299978 329.42001343 -0.085972 -0.486236 -0.869588
7.61800003 6.55299997 329.23699951 -0.076558 -0.471878 -0.878334
7.31799984 6.55299997 329.25698853 -0.073790 -0.471977 -0.878517
7.61800003 6.25299978 329.40399170 -0.082602 -0.471812 -0.877822
7.61800003 5.95300007 329.54998779 -0.098273 -0.502760 -0.858822
7.31799984 5.95300007 329.57501221 -0.104985 -0.516298 -0.849950
7.61800003 5.65299988 329.71398926 -0.105121 -0.528486 -0.842409
7.01800013 6.25299978 329.45901489 -0.092268 -0.503926 -0.858804
6.71799994 6.25299978 329.48498535 -0.098995 -0.520802 -0.847918
7.01800013 6.55299997 329.26800537 -0.082677 -0.480645 -0.873009
6.71799994 6.55299997 329.30200195 -0.089082 -0.490660 -0.866786
7.01800013 5.95300007 329.62200928 -0.111622 -0.532019 -0.839343
6.71799994 5.95300007 329.67800903 -0.118220 -0.544394 -0.830457
7.01800013 5.65299988 329.83700562 -0.130754 -0.542116 -0.830069
6.71799994 5.65299988 329.87701416 -0.133862 -0.548689 -0.825240
6.41800022 5.95300007 329.70800781 -0.124473 -0.552075 -0.824451
6.11800003 5.95300007 329.76000977 -0.127763 -0.556576 -0.820914
6.41800022 5.65299988 329.94400024 -0.134076 -0.555458 -0.820664
6.11800003 5.65299988 329.98699951 -0.134606 -0.563568 -0.815029
1.61800003 1.42200005 342.91799927 -0.531706 -0.836374 0.133293
5.21799994 5.05299997 330.62200928 -0.185182 -0.625945 -0.757562
4.91800022 5.05299997 330.70498657 -0.185752 -0.634012 -0.750683
5.21799994 5.35300016 330.36300659 -0.171638 -0.618199 -0.767053
4.91800022 5.35300016 330.42599487 -0.178844 -0.625190 -0.759705
4.31799984 5.65299988 330.32501221 -0.185106 -0.622628 -0.760310
4.61800003 5.05299997 330.75698853 -0.192554 -0.636199 -0.747110
4.31799984 5.05299997 330.82299805 -0.205851 -0.642317 -0.738278
4.61800003 5.35300016 330.51199341 -0.182295 -0.629608 -0.755223
4.31799984 5.35300016 330.57901001 -0.192487 -0.632896 -0.749928
4.01800013 5.35300016 330.66799927 -0.206261 -0.640493 -0.739747
3.71799994 5.35300016 330.74099731 -0.209926 -0.654660 -0.726190
4.01800013 5.05299997 330.91699219 -0.219806 -0.656299 -0.721773
3.71799994 4.75299978 331.30801392 -0.247812 -0.680299 -0.689770
4.01800013 4.75299978 331.19699097 -0.237291 -0.671016 -0.702446
3.71799994 5.05299997 331.01098633 -0.226876 -0.671241 -0.705664
13.61800003 25.18799973 337.51800537 0.553575 0.805060 -0.213149
13.61800003 25.27899933 337.81799316 0.536052 0.817059 -0.212283
8.51799965 8.95300007 328.20599365 0.042312 -0.324394 -0.944975
8.81799984 8.95300007 328.20098877 0.044728 -0.318211 -0.946964
8.51799965 8.65299988 328.31698608 0.031959 -0.333653 -0.942154
8.81799984 8.65299988 328.32998657 0.031683 -0.320628 -0.946675
14.51799965 24.38299942 336.91799927 0.578289 0.768411 -0.274093
14.51799965 24.50900078 337.21798706 0.569212 0.782471 -0.252461
14.81799984 24.28700066 337.21798706 0.569418 0.777627 -0.266570
1.31799996 1.61899996 342.91799927 -0.543270 -0.830280 0.124469
1.31799996 1.67200005 343.21798706 -0.546168 -0.822972 0.156261
1.61800003 1.49500000 343.21798706 -0.526609 -0.835158 0.158725
9.11800003 9.25300026 328.14700317 0.052158 -0.298955 -0.952841
9.41800022 9.25300026 328.14801025 0.062425 -0.284098 -0.956761
9.11800003 9.55300045 328.02398682 0.070376 -0.285344 -0.955838
9.41800022 9.55300045 328.06600952 0.077959 -0.269662 -0.959794
14.81799984 24.18000031 336.91799927 0.572521 0.769176 -0.283881
13.28699970 22.15299988 332.11801147 0.569768 0.542717 -0.617108
4.31799984 2.45199990 333.61801147 -0.333946 -0.763075 -0.553350
4.61800003 2.32800007 333.61801147 -0.308885 -0.769811 -0.558553
4.61800003 2.56100011 333.31799316 -0.299426 -0.754170 -0.584442
13.61800003 21.85300064 332.11499023 0.521303 0.565167 -0.639398
13.31799984 21.85300064 331.87701416 0.552085 0.538579 -0.636502
13.31799984 22.41799927 332.41799927 0.582888 0.562613 -0.586267
13.61800003 22.15299988 332.37799072 0.538358 0.582236 -0.609239
13.91800022 22.15299988 332.63101196 0.517440 0.605085 -0.605085
14.21800041 21.85300064 332.60501099 0.518484 0.599550 -0.609683
13.91800022 21.87899971 332.41799927 0.507737 0.592079 -0.625816
14.21800041 22.24900055 333.01800537 0.535752 0.620255 -0.572934
14.81799984 21.74099922 333.01800537 0.531184 0.622244 -0.575027
14.51799965 21.71500015 332.71798706 0.517434 0.608449 -0.601707
14.81799984 21.44700050 332.71798706 0.525540 0.599892 -0.603272
15.03699970 21.25300026 332.71798706 0.532481 0.586575 -0.610241
14.51799965 21.99300003 333.01800537 0.527643 0.625417 -0.574844
14.81799984 22.24500084 333.61801147 0.537080 0.644833 -0.543815
14.51799965 22.28499985 333.31799316 0.538726 0.633299 -0.555614
14.81799984 22.01199913 333.31799316 0.530749 0.635214 -0.561078
2.21799994 0.98000002 342.31799316 -0.448784 -0.887720 0.102700
1.91799998 1.17100000 342.31799316 -0.508496 -0.857822 0.074654
2.21799994 1.01300001 342.61801147 -0.448886 -0.884947 0.123978
1.91799998 1.20400000 342.61801147 -0.502647 -0.857794 0.107403
1.91799998 1.12600005 341.71798706 -0.528635 -0.847759 0.043012
2.21799994 0.93699998 341.71798706 -0.473294 -0.879754 0.045011
1.91799998 1.12100005 342.01800537 -0.521355 -0.851221 0.060103
2.21799994 0.95999998 342.01800537 -0.472104 -0.879138 0.065070
5.21799994 8.05300045 328.63000488 -0.012070 -0.492198 -0.870399
4.91800022 8.05300045 328.61199951 0.045862 -0.535051 -0.843574
1.01800001 1.65100002 341.11801147 -0.532730 -0.846100 0.017712
0.71799999 1.85899997 341.11801147 -0.535582 -0.843988 0.028913
1.01800001 1.65799999 341.41799927 -0.538288 -0.841510 0.045901
0.71799999 1.86000001 341.41799927 -0.537498 -0.841848 0.048863
1.01800001 1.66400003 340.51800537 -0.518898 -0.853759 -0.042896
0.71799999 1.83599997 340.51800537 -0.507785 -0.860908 -0.031480
1.01800001 1.63699996 340.81799316 -0.524395 -0.851291 -0.017707
0.71799999 1.85000002 340.81799316 -0.521609 -0.853175 -0.004043
0.11800000 2.22199988 339.91799927 -0.512656 -0.856290 -0.062860
0.41800001 2.05900002 339.91799927 -0.503958 -0.860518 -0.074400
0.11800000 2.21199989 340.21798706 -0.522985 -0.851402 -0.040017
-0.48199999 2.61599994 339.91799927 -0.463641 -0.885379 -0.033793
-0.18200000 2.42199993 339.91799927 -0.508178 -0.859887 -0.048464
-0.48199999 2.62599993 340.21798706 -0.487890 -0.872855 -0.009357
-0.18200000 2.40899992 340.21798706 -0.522688 -0.851940 -0.031553
-1.08200002 2.83999991 339.31799316 0.032160 -0.999030 0.030085
-0.78200001 2.78200006 339.31799316 -0.273446 -0.961390 -0.030933
-1.08200002 2.85700011 339.61801147 -0.054726 -0.998497 -0.003098
-0.78200001 2.78800011 339.61801147 -0.329021 -0.943871 -0.029218
-1.38199997 3.04999995 341.41799927 -0.193473 -0.972422 0.130246
-1.38199997 3.03800011 341.11801147 -0.129200 -0.984091 0.121955
-1.08200002 2.97399998 341.41799927 -0.363802 -0.927629 0.084574
-0.78200001 2.83699989 341.41799927 -0.469861 -0.880124 0.067915
-1.08200002 2.97600007 341.11801147 -0.335805 -0.938936 0.075062
-0.78200001 2.82399988 341.11801147 -0.458089 -0.887632 0.047576
-1.08200002 3.02800012 342.01800537 -0.434530 -0.890430 0.135345
-0.78200001 2.85599995 342.01800537 -0.484851 -0.868751 0.100951
-1.08200002 2.99200010 341.71798706 -0.399457 -0.910872 0.103665
-0.78200001 2.84500003 341.71798706 -0.473984 -0.876661 0.082493
-0.18200000 2.52800012 342.01800537 -0.537121 -0.840403 0.072277
-0.18200000 2.48499990 341.71798706 -0.532436 -0.844312 0.060408
-0.48199999 2.64599991 341.71798706 -0.517083 -0.853397 0.065862
-0.48199999 2.69000006 342.01800537 -0.522988 -0.847896 0.086927
-0.48199999 2.74699998 342.61801147 -0.538621 -0.830804 0.140189
-0.48199999 2.69600010 342.31799316 -0.531844 -0.839068 0.114484
-0.18200000 2.53099990 342.61801147 -0.551164 -0.824541 0.127870
-0.18200000 2.51900005 342.31799316 -0.542949 -0.833866 0.099373
4.91800022 7.75299978 328.82699585 -0.009486 -0.527170 -0.849707
5.21799994 7.45300007 328.94699097 -0.077566 -0.506294 -0.858866
0.41800001 2.15100002 342.61801147 -0.543036 -0.832656 0.108607
0.11800000 2.33599997 342.61801147 -0.553166 -0.824640 0.118223
0.41800001 2.12599993 342.31799316 -0.543594 -0.835971 0.075223
0.11800000 2.32599998 342.31799316 -0.543933 -0.835173 0.081376
4.91800022 7.45300007 329.00399780 -0.048692 -0.524484 -0.850027
1.01800001 2.00399995 343.81799316 -0.546578 -0.809915 0.212813
1.01800001 1.92100000 343.51800537 -0.543260 -0.818672 0.186131
5.21799994 7.75299978 328.79998779 -0.048204 -0.497193 -0.866300
1.31799996 1.76400006 343.81799316 -0.545923 -0.812004 0.206442
1.61800003 1.59700000 343.81799316 -0.525360 -0.828162 0.195307
1.61800003 1.54600000 343.51800537 -0.523770 -0.832929 0.178592
1.31799996 1.73699999 343.51800537 -0.548109 -0.816879 0.179683
1.91799998 1.54499996 344.41799927 -0.474302 -0.850106 0.228817
1.91799998 1.47599995 344.11801147 -0.467149 -0.857691 0.214798
2.21799994 1.27600002 343.81799316 -0.371566 -0.901958 0.220025
1.91799998 1.40699995 343.81799316 -0.470582 -0.858999 0.201678
2.21799994 1.18299997 343.51800537 -0.368816 -0.906855 0.203934
1.91799998 1.32700002 343.51800537 -0.470638 -0.862589 0.185583
2.21799994 1.38699996 344.41799927 -0.350053 -0.907814 0.230948
2.21799994 1.33500004 344.11801147 -0.360028 -0.905172 0.225929
11.76299953 19.15299988 329.11801147 0.632520 0.175277 -0.754451
12.41800022 18.25300026 329.19900513 0.412421 0.316653 -0.854190
12.11800003 18.55299950 329.17300415 0.448281 0.299371 -0.842272
12.41800022 18.55299950 329.30700684 0.432549 0.323241 -0.841675
14.81799984 24.74500084 339.01800537 0.558817 0.816732 -0.143780
14.81799984 24.66300011 338.71798706 0.557639 0.816383 -0.150191
14.51799965 17.05299950 329.76400757 0.426578 0.329699 -0.842217
14.81799984 17.05299950 329.90200806 0.428604 0.340685 -0.836799
14.51799965 17.35300064 329.87298584 0.421888 0.343470 -0.839070
14.81799984 17.35300064 330.01901245 0.429456 0.350801 -0.832169
15.11800003 17.05299950 330.04501343 0.432491 0.347566 -0.831955
15.41800022 17.05299950 330.22900391 0.452336 0.372418 -0.810368
15.11800003 17.35300064 330.18899536 0.453457 0.357992 -0.816222
13.91800022 13.45300007 328.76400757 0.484526 -0.144048 -0.862835
13.91800022 13.75300026 328.75100708 0.377862 -0.057011 -0.924105
1.01800001 2.26200008 344.71798706 -0.560504 -0.786590 0.259057
0.71799999 2.49799991 344.71798706 -0.557425 -0.786676 0.265366
1.01800001 2.34999990 345.01800537 -0.561022 -0.779109 0.279721
0.71799999 2.57699990 345.01800537 -0.559226 -0.777847 0.286742
15.11800003 16.15299988 329.72198486 0.336277 0.348450 -0.874929
15.41800022 16.75300026 330.05599976 0.381234 0.387510 -0.839343
15.32400036 16.75300026 330.01800537 0.406604 0.359507 -0.839897
15.11800003 16.75300026 329.93499756 0.413206 0.335243 -0.846683
15.11800003 16.45299911 329.84698486 0.389272 0.321572 -0.863168
12.41800022 17.35300064 328.89898682 0.382387 0.271420 -0.883239
12.11800003 17.35300064 328.77899170 0.381989 0.265145 -0.885315
12.41800022 17.05299950 328.80899048 0.377713 0.261264 -0.888298
12.11800003 17.05299950 328.68399048 0.375299 0.253660 -0.891520
12.41800022 12.55300045 328.17498779 0.243919 0.015620 -0.969670
12.11800003 12.55300045 328.09201050 0.242796 0.013156 -0.969988
12.41800022 12.25300026 328.16699219 0.228306 -0.008281 -0.973554
12.11800003 12.25300026 328.10198975 0.240535 -0.015557 -0.970516
5.81799984 7.15299988 329.07598877 -0.097786 -0.480425 -0.871567
5.51800013 7.15299988 329.10198975 -0.101133 -0.497119 -0.861768
3.71799994 6.50400019 329.71798706 0.012549 -0.692971 -0.720857
3.71799994 6.25299978 329.95999146 -0.064718 -0.668753 -0.740662
4.01800013 6.25299978 329.94000244 -0.110654 -0.629992 -0.768678
4.61800003 7.75299978 328.82000732 0.023415 -0.560573 -0.827774
3.11800003 5.95300007 330.29699707 -0.064907 -0.725520 -0.685133
3.41799998 6.22599983 330.01800537 -0.023844 -0.705502 -0.708307
3.41799998 5.95300007 330.28799438 -0.101733 -0.688540 -0.718027
4.61800003 7.45300007 329.01998901 -0.009520 -0.548067 -0.836380
3.71799994 5.95300007 330.23699951 -0.126611 -0.656888 -0.743282
4.01800013 5.95300007 330.16000366 -0.148841 -0.629943 -0.762246
16.61800003 23.05800056 337.21798706 0.590610 0.750667 -0.296105
16.31800079 23.21999931 337.21798706 0.556889 0.773901 -0.301582
16.31800079 23.13400078 336.91799927 0.558989 0.761965 -0.327017
1.01800001 2.47700000 345.31799316 -0.562334 -0.772611 0.294707
1.01800001 2.59800005 345.61801147 -0.561786 -0.761388 0.323550
10.01799965 7.75299978 328.69900513 0.093208 -0.360673 -0.928023
9.71800041 7.75299978 328.64700317 0.073125 -0.354987 -0.932007
9.71800041 7.45300007 328.76800537 0.076533 -0.371921 -0.925104
9.41800022 7.75299978 328.62200928 0.040117 -0.350699 -0.935629
9.11800003 7.75299978 328.61999512 0.016524 -0.349543 -0.936775
9.41800022 7.45300007 328.73199463 0.040575 -0.370408 -0.927983
9.11800003 7.45300007 328.74099731 0.003817 -0.367656 -0.929954
9.41800022 7.15299988 328.87799072 0.040882 -0.391679 -0.919193
9.11800003 7.15299988 328.87298584 0.003859 -0.392363 -0.919802
9.41800022 6.85300016 328.98901367 0.036100 -0.429186 -0.902494
9.11800003 6.85300016 328.99099731 0.006524 -0.421447 -0.906829
8.81799984 7.15299988 328.87399292 -0.009060 -0.397337 -0.917628
8.51799965 7.15299988 328.87500000 -0.019602 -0.406424 -0.913474
8.81799984 6.85300016 328.99600220 -0.017081 -0.424406 -0.905311
8.51799965 6.85300016 329.00698853 -0.038819 -0.432361 -0.900864
8.21800041 7.15299988 328.88299561 -0.030492 -0.417602 -0.908118
7.91800022 7.15299988 328.89801025 -0.052675 -0.430857 -0.900882
8.21800041 6.85300016 329.01501465 -0.055779 -0.439429 -0.896544
7.91800022 6.85300016 329.06500244 -0.064459 -0.451214 -0.890085
3.11800003 6.25299978 351.67001343 -0.475956 -0.430160 0.767091
3.11800003 5.72599983 351.31799316 -0.481088 -0.517710 0.707482
3.11800003 5.95300007 351.47601318 -0.484976 -0.508309 0.711632
6.71799994 3.85299993 331.18499756 -0.195968 -0.637283 -0.745297
7.01800013 4.08799982 330.91799927 -0.188412 -0.605064 -0.773562
7.01800013 3.85299993 331.11199951 -0.178702 -0.636913 -0.749938
6.71799994 4.15299988 330.93899536 -0.208779 -0.604685 -0.768614
2.81800008 6.25299978 351.48400879 -0.496069 -0.443330 0.746575
2.51799989 6.55299997 351.42999268 -0.490645 -0.438134 0.753197
2.81800008 6.55299997 351.63598633 -0.481664 -0.426150 0.765765
3.11800003 1.88399994 335.41799927 -0.398000 -0.810385 -0.429968
3.41799998 1.74899995 335.41799927 -0.377563 -0.814071 -0.441287
3.41799998 1.91199994 335.11801147 -0.369948 -0.805557 -0.462835
4.91800022 1.75300002 334.30999756 -0.246323 -0.846065 -0.472756
4.91800022 1.79999995 334.21798706 -0.267449 -0.833265 -0.483881
4.91800022 2.02300000 333.91799927 -0.289562 -0.792734 -0.536401
7.31799984 4.15299988 330.79400635 -0.145191 -0.597228 -0.788821
7.61800003 4.33300018 330.61801147 -0.088433 -0.610330 -0.787196
1.01800001 6.25299978 350.21798706 -0.481387 -0.521363 0.704590
0.71799999 6.55299997 350.21600342 -0.481088 -0.517710 0.707482
1.01800001 6.55299997 350.38500977 -0.481088 -0.517710 0.707482
0.71799999 6.25299978 350.01400757 -0.487518 -0.541128 0.685206
2.81800008 4.60599995 331.81799316 -0.275633 -0.715372 -0.642082
2.51799989 4.71199989 331.81799316 -0.282656 -0.717019 -0.637173
2.81800008 4.86399984 331.51800537 -0.258715 -0.709482 -0.655517
2.51799989 5.00099993 331.51800537 -0.272184 -0.711499 -0.647831
2.51799989 1.39900005 344.71798706 -0.140032 -0.950884 0.276063
2.21799994 4.85099983 331.81799316 -0.301036 -0.716369 -0.629439
1.91799998 4.45599985 332.41799927 -0.313862 -0.735565 -0.600362
2.21799994 4.58500004 332.11801147 -0.307402 -0.719417 -0.622851
1.91799998 4.71000004 332.11801147 -0.296540 -0.726123 -0.620330
0.11800000 6.25299978 349.55801392 -0.505944 -0.566455 0.650499
0.41800001 6.25299978 349.79800415 -0.488561 -0.559075 0.669883
0.11800000 6.55299997 349.83599854 -0.497603 -0.544515 0.675199
0.41800001 6.55299997 350.03799438 -0.479655 -0.533136 0.696920
1.31799996 4.24800014 333.01800537 -0.305637 -0.756891 -0.577670
1.61800003 4.12900019 333.01800537 -0.316407 -0.753273 -0.576599
1.61800003 4.34399986 332.71798706 -0.295076 -0.757628 -0.582177
-0.18200000 6.55299997 349.59899902 -0.482303 -0.583132 0.653713
-0.48199999 6.25299978 349.05499268 -0.463907 -0.617985 0.634732
-0.18200000 6.25299978 349.34298706 -0.499424 -0.586865 0.637312
-0.48199999 6.55299997 349.33300781 -0.438468 -0.615189 0.655201
-1.08200002 6.49900007 348.91799927 -0.079330 -0.786087 0.613004
-0.78200001 6.37200022 348.91799927 -0.384854 -0.668952 0.635917
-1.08200002 6.67700005 349.21798706 0.015152 -0.808584 0.588186
-0.78200001 6.59800005 349.21798706 -0.297822 -0.700285 0.648770
-0.78200001 6.85300016 349.46099854 -0.216979 -0.710256 0.669669
15.41800022 23.76000023 336.91799927 0.546132 0.781781 -0.300930
13.01799965 20.95299911 330.96899414 0.524619 0.477986 -0.704488
15.11800003 23.95899963 336.91799927 0.557391 0.776536 -0.293781
13.31799984 20.65299988 330.93200684 0.493940 0.487287 -0.720121
13.61800003 20.65299988 331.16900635 0.484976 0.508309 -0.711632
13.31799984 20.95299911 331.16198730 0.505577 0.505577 -0.699131
13.61800003 20.95299911 331.37298584 0.490176 0.526981 -0.694276
14.21800041 20.05299950 331.12899780 0.490989 0.494317 -0.717343
13.91800022 20.35300064 331.13800049 0.486841 0.500133 -0.716138
14.21800041 20.35300064 331.34799194 0.498564 0.508569 -0.701991
13.61800003 20.35300064 330.94799805 0.476524 0.496448 -0.725578
-0.48199999 4.00699997 346.21798706 -0.551259 -0.732269 0.399869
-0.48199999 3.87400007 345.91799927 -0.548122 -0.744464 0.381231
13.91800022 20.05299950 330.91699219 0.481264 0.481264 -0.732646
14.51799965 20.05299950 331.34899902 0.499075 0.502413 -0.706049
0.11800000 3.90300012 346.81799316 -0.538384 -0.717294 0.442303
14.51799965 19.45299911 330.92800903 0.470026 0.470026 -0.747095
14.81799984 19.45299911 331.13198853 0.479871 0.493155 -0.725618
14.51799965 19.75300026 331.14700317 0.490240 0.486916 -0.722896
14.81799984 19.75300026 331.34698486 0.494219 0.500875 -0.710544
1.01800001 3.84800005 347.71798706 -0.557819 -0.671728 0.487463
1.31799996 3.79099989 348.01800537 -0.550051 -0.650978 0.523137
1.61800003 3.51699996 348.01800537 -0.544130 -0.655314 0.523914
1.31799996 3.57599998 347.71798706 -0.564925 -0.665505 0.487814
1.61800003 3.32399988 347.71798706 -0.552266 -0.673127 0.491836
14.81799984 19.15299988 330.93701172 0.465575 0.472155 -0.748539
1.91799998 3.55299997 348.30899048 -0.518489 -0.669506 0.531913
1.91799998 3.30100012 348.01800537 -0.507076 -0.684468 0.523811
0.41800001 2.42100000 343.81799316 -0.553063 -0.802634 0.223382
0.11800000 2.63299990 343.81799316 -0.552073 -0.804274 0.219907
0.11800000 2.54999995 343.51800537 -0.557500 -0.804939 0.203144
0.41800001 2.33200002 343.51800537 -0.554363 -0.807873 0.200059
15.11800003 19.45299911 331.32901001 0.473381 0.513244 -0.715885
0.11800000 2.79999995 344.41799927 -0.544573 -0.795673 0.265224
0.11800000 2.72099996 344.11801147 -0.542866 -0.805792 0.236634
0.41800001 2.57299995 344.41799927 -0.550187 -0.796446 0.250935
0.41800001 2.49200010 344.11801147 -0.551293 -0.799764 0.237600
15.11800003 18.85300064 330.92401123 0.468697 0.458830 -0.754849
15.41800022 18.85300064 331.10299683 0.476603 0.463409 -0.747062
15.11800003 19.15299988 331.11499023 0.470914 0.487437 -0.735286
15.41800022 19.15299988 331.32800293 0.471666 0.494836 -0.729841
2.81800008 3.55299997 348.86199951 0.309103 -0.757543 0.574964
2.51799989 3.25300002 348.52801514 -0.177383 -0.798981 0.574599
1.91799998 3.80900002 348.61801147 -0.520427 -0.634955 0.570954
2.21799994 3.54900002 348.61801147 -0.434006 -0.683435 0.586989
2.21799994 3.30699992 348.31799316 -0.414242 -0.717909 0.559474
15.71800041 18.85300064 331.31100464 0.498430 0.462000 -0.733569
16.01799965 18.85300064 331.50399780 0.519173 0.452825 -0.724851
15.71800041 19.15299988 331.49798584 0.483582 0.493552 -0.722880
15.71800041 18.25300026 330.94900513 0.518287 0.381810 -0.765245
16.01799965 18.25300026 331.18301392 0.542496 0.369809 -0.754281
15.71800041 18.55299950 331.14300537 0.505928 0.417513 -0.754798
16.01799965 18.55299950 331.35299683 0.540835 0.409325 -0.734813
1.31799996 2.15199995 345.01800537 -0.567706 -0.776445 0.273574
1.31799996 2.05500007 344.71798706 -0.565916 -0.787293 0.244762
1.61800003 1.92799997 345.01800537 -0.546786 -0.789452 0.278908
1.61800003 1.80999994 344.71798706 -0.546126 -0.801296 0.244278
2.21799994 1.57099998 345.01800537 -0.226642 -0.902183 0.367014
1.91799998 1.70099998 345.01800537 -0.445825 -0.836899 0.317552
2.21799994 1.46700001 344.71798706 -0.354408 -0.901460 0.248526
15.71800041 18.17300034 330.91799927 0.513969 0.377776 -0.770144
1.91799998 1.62899995 344.71798706 -0.482673 -0.841230 0.243635
2.21799994 1.79900002 345.61801147 -0.131555 -0.920884 0.366969
1.91799998 1.94700003 345.61801147 -0.425767 -0.834251 0.350354
1.91799998 1.82200003 345.31799316 -0.425892 -0.843983 0.326049
2.21799994 1.65100002 345.31799316 -0.194061 -0.909931 0.366560
15.41800022 23.87500000 337.21798706 0.543591 0.787653 -0.290021
15.11800003 24.06599998 337.21798706 0.549027 0.786358 -0.283215
11.81799984 12.55300045 328.00900269 0.241136 0.003564 -0.970485
11.51799965 12.55300045 327.93200684 0.230547 -0.008276 -0.973026
11.81799984 12.25300026 328.01501465 0.228633 -0.025138 -0.973188
11.51799965 12.25300026 327.93200684 0.216673 -0.034716 -0.975627
12.41800022 13.15299988 328.19699097 0.256506 0.035592 -0.965887
12.11800003 13.15299988 328.11401367 0.252453 0.030490 -0.967129
12.41800022 12.85299969 328.17898560 0.249009 0.027938 -0.968098
12.11800003 12.85299969 328.10400391 0.246728 0.027954 -0.968681
11.81799984 13.15299988 328.03799438 0.254770 0.025599 -0.966663
11.51799965 13.15299988 327.95800781 0.247307 0.020508 -0.968720
11.81799984 12.85299969 328.02600098 0.247307 0.020508 -0.968720
11.51799965 12.85299969 327.95700073 0.236647 0.008324 -0.971560
11.21800041 13.15299988 327.88101196 0.236101 0.008305 -0.971693
10.91800022 13.15299988 327.80300903 0.227781 -0.008262 -0.973677
11.21800041 12.85299969 327.86999512 0.223492 0.001170 -0.974705
10.91800022 12.85299969 327.81399536 0.212802 -0.012933 -0.977010
10.61800003 13.75300026 327.71200562 0.241134 0.005939 -0.970474
10.31799984 13.75300026 327.64999390 0.238894 -0.005943 -0.971027
10.61800003 13.45300007 327.73498535 0.228306 -0.008281 -0.973554
10.31799984 13.45300007 327.65798950 0.222553 -0.020232 -0.974711
0.11800000 2.89199996 344.71798706 -0.546316 -0.787012 0.286618
10.01799965 13.75300026 327.57901001 0.233189 -0.020329 -0.972219
9.71800041 13.75300026 327.51501465 0.225324 -0.022652 -0.974020
10.01799965 13.45300007 327.58200073 0.225603 -0.034987 -0.973591
9.71800041 13.45300007 327.53500366 0.219123 -0.047214 -0.974554
0.41800001 2.71399999 344.71798706 -0.553029 -0.786215 0.275727
0.41800001 2.81299996 345.01800537 -0.560952 -0.773891 0.293983
0.11800000 3.04200006 345.01800537 -0.550838 -0.774366 0.311343
8.21800041 4.75299978 333.71499634 0.061429 -0.790010 -0.610008
8.21800041 4.55900002 333.91799927 -0.104310 -0.642023 -0.759556
15.41800022 18.55299950 330.94699097 0.485375 0.426542 -0.763199
15.11800003 18.55299950 330.74798584 0.464772 0.428895 -0.774620
15.41800022 18.25300026 330.78298950 0.495666 0.391658 -0.775190
15.11800003 18.25300026 330.60598755 0.467183 0.396055 -0.790494
14.51799965 18.25300026 330.27700806 0.427356 0.398546 -0.811497
14.81799984 18.55299950 330.57199097 0.444961 0.425545 -0.787986
14.51799965 18.55299950 330.41000366 0.430040 0.423597 -0.797265
14.81799984 18.25300026 330.41500854 0.441698 0.403150 -0.801482
14.81799984 17.95299911 330.27398682 0.444379 0.374297 -0.813898
14.51799965 17.95299911 330.12399292 0.429549 0.372487 -0.822642
14.81799984 17.65299988 330.15499878 0.441839 0.359489 -0.821916
14.51799965 17.65299988 330.00100708 0.423831 0.354506 -0.833482
14.21800041 17.95299911 329.98999023 0.422019 0.365118 -0.829813
13.91800022 17.95299911 329.83499146 0.427684 0.361401 -0.828539
14.21800041 17.65299988 329.84201050 0.419495 0.350364 -0.837418
13.61800003 16.75300026 329.21701050 0.377990 0.284622 -0.880973
13.61800003 16.45299911 329.12701416 0.368924 0.256321 -0.893418
13.01799965 17.35300064 329.16000366 0.394106 0.290634 -0.871902
12.71800041 17.35300064 329.01599121 0.384478 0.281951 -0.879022
13.01799965 17.05299950 329.06799316 0.384105 0.275651 -0.881181
12.71800041 17.05299950 328.92898560 0.381684 0.267927 -0.884609
13.31799984 16.75300026 329.09500122 0.376247 0.271317 -0.885904
13.31799984 16.45299911 329.02099609 0.372037 0.250495 -0.893779
0.41800001 2.93199992 345.31799316 -0.565947 -0.761544 0.315840
0.11800000 3.15100002 345.31799316 -0.555583 -0.761712 0.333350
13.01799965 16.75300026 328.95401001 0.374855 0.264340 -0.888599
12.71800041 16.75300026 328.84100342 0.373451 0.257399 -0.891224
13.01799965 16.45299911 328.88101196 0.371327 0.247058 -0.895030
12.71800041 16.45299911 328.75399780 0.372438 0.239950 -0.896501
0.41800001 3.06399989 345.61801147 -0.572031 -0.747044 0.338682
12.11800003 16.45299911 328.50201416 0.355836 0.222216 -0.907745
12.41800022 16.75300026 328.72100830 0.371327 0.247058 -0.895030
12.11800003 16.75300026 328.57299805 0.367088 0.243251 -0.897817
12.41800022 16.45299911 328.63299561 0.360497 0.232061 -0.903432
12.11800003 16.15299988 328.45098877 0.343280 0.195143 -0.918737
12.41800022 15.85299969 328.49499512 0.343650 0.185260 -0.920643
12.11800003 15.85299969 328.38900757 0.334231 0.169213 -0.927177
12.41800022 16.15299988 328.55200195 0.354787 0.205403 -0.912105
11.81799984 16.15299988 328.33700562 0.337059 0.181927 -0.923739
11.81799984 15.85299969 328.28698730 0.327227 0.156020 -0.931976
11.51799965 16.15299988 328.21398926 0.326151 0.162382 -0.931267
11.51799965 15.85299969 328.18200684 0.317874 0.143248 -0.937249
11.21800041 16.15299988 328.11300659 0.325122 0.146785 -0.934211
10.91800022 16.15299988 328.01998901 0.323840 0.138008 -0.935992
11.21800041 15.85299969 328.07800293 0.313363 0.134298 -0.940089
10.91800022 15.85299969 327.98999023 0.314536 0.125544 -0.940907
11.81799984 15.55300045 328.22900391 0.314611 0.143005 -0.938386
11.51799965 15.55300045 328.13299561 0.308657 0.130741 -0.942145
11.81799984 15.25300026 328.18399048 0.301096 0.136371 -0.943793
11.51799965 15.25300026 328.09100342 0.297061 0.121222 -0.947132
10.91800022 15.25300026 327.91198730 0.301236 0.098658 -0.948432
11.21800041 15.55300045 328.04400635 0.306632 0.121849 -0.943997
10.91800022 15.55300045 327.94198608 0.307790 0.113256 -0.944689
11.21800041 15.25300026 328.01300049 0.300763 0.109971 -0.947337
10.61800003 15.55300045 327.84399414 0.300096 0.107083 -0.947880
10.31799984 15.55300045 327.73498535 0.280111 0.097713 -0.954982
10.61800003 15.25300026 327.80599976 0.290604 0.089918 -0.952609
10.31799984 15.25300026 327.70401001 0.276306 0.083534 -0.957433
10.61800003 14.95300007 327.78201294 0.283633 0.073154 -0.956138
10.31799984 14.95300007 327.69900513 0.269586 0.067080 -0.960637
10.61800003 14.65299988 327.76998901 0.274984 0.064627 -0.959274
10.31799984 14.65299988 327.68701172 0.260628 0.053622 -0.963949
10.01799965 14.95300007 327.61999512 0.243473 0.066175 -0.967648
9.71800041 14.95300007 327.54901123 0.194942 0.084597 -0.977160
10.01799965 14.65299988 327.58599854 0.248324 0.050653 -0.967352
9.71800041 14.65299988 327.51000977 0.213569 0.059799 -0.975096
10.01799965 14.35299969 327.57699585 0.242671 0.035364 -0.969464
9.71800041 14.35299969 327.49200439 0.226862 0.030008 -0.973465
10.01799965 14.05300045 327.58999634 0.238890 0.008320 -0.971011
9.71800041 14.05300045 327.50100708 0.227265 0.003533 -0.973826
9.41800022 14.95300007 327.48400879 0.156997 0.085090 -0.983927
9.41800022 14.65299988 327.46899414 0.156659 0.082515 -0.984200
9.41800022 14.35299969 327.44000244 0.196384 0.044038 -0.979538
9.11800003 14.35299969 327.39300537 0.151955 0.069499 -0.985941
9.41800022 14.05300045 327.42999268 0.208650 0.005828 -0.977973
9.11800003 14.05300045 327.37701416 0.168613 0.038374 -0.984935
8.81799984 13.75300026 327.31100464 0.183230 -0.012676 -0.982988
8.81799984 13.45300007 327.31399536 0.217345 -0.067537 -0.973756
8.51799965 13.45300007 327.26199341 0.169741 -0.012531 -0.985409
7.61800003 7.15299988 328.89199829 -0.064301 -0.439160 -0.896105
7.31799984 7.15299988 328.91500854 -0.067273 -0.448944 -0.891024
7.61800003 6.85300016 329.08099365 -0.067680 -0.459947 -0.885363
7.31799984 6.85300016 329.11700439 -0.067672 -0.465419 -0.882500
8.81799984 5.95300007 329.41799927 -0.039504 -0.480863 -0.875906
8.51799965 5.65299988 329.64401245 -0.051681 -0.532175 -0.845055
8.81799984 5.95300007 329.41799927 -0.039504 -0.480863 -0.875906
8.51799965 5.95300007 329.47000122 -0.059510 -0.488538 -0.870511
10.91800022 11.05300045 327.94299316 0.166312 -0.114571 -0.979395
11.21800041 11.05300045 327.99899292 0.180034 -0.112987 -0.977150
10.91800022 11.35299969 327.92001343 0.173628 -0.107132 -0.978967
11.21800041 11.35299969 327.97198486 0.175638 -0.104400 -0.978903
11.51799965 11.05300045 328.05899048 0.201383 -0.125390 -0.971454
11.81799984 11.05300045 328.11801147 0.226144 -0.130517 -0.965310
11.51799965 11.35299969 328.02200317 0.195544 -0.103377 -0.975231
11.81799984 11.35299969 328.07598877 0.216283 -0.110039 -0.970110
12.11800003 11.05300045 328.19400024 0.262596 -0.150626 -0.953077
12.11800003 11.35299969 328.13198853 0.235194 -0.114384 -0.965194
12.41800022 11.05300045 328.27899170 0.299554 -0.178076 -0.937313
12.41800022 11.35299969 328.22198486 0.249941 -0.132168 -0.959198
2.70600009 8.65299988 352.51800537 -0.389142 -0.265939 0.881955
1.91799998 9.25300026 352.41900635 -0.397875 -0.329757 0.856128
1.91799998 9.55300045 352.49499512 -0.083106 -0.212107 0.973706
1.91799998 8.65299988 352.11898804 -0.397911 -0.372747 0.838288
1.91799998 8.95300007 352.19900513 -0.383310 -0.349169 0.855076
2.09999990 8.65299988 352.21798706 -0.391418 -0.360230 0.846774
2.21799994 8.65299988 352.28698730 -0.391255 -0.353844 0.849538
1.91799998 8.97200012 352.21798706 -0.383310 -0.349169 0.855076
1.31799996 9.25300026 352.13800049 -0.451170 -0.296129 0.841875
1.61800003 9.25300026 352.31500244 -0.396570 -0.322502 0.859491
1.31799996 9.55300045 352.22601318 -0.541808 -0.143203 0.828213
0.11800000 3.27099991 345.61801147 -0.559309 -0.750608 0.351797
0.41800001 9.25300026 351.72799683 -0.286725 -0.463409 0.838476
16.66500092 20.05299950 333.01800537 0.690281 0.466316 -0.553228
16.31800079 20.35300064 332.98999023 0.580450 0.553374 -0.597373
16.01799965 20.95299911 333.31600952 0.545344 0.602749 -0.582489
15.71800041 20.95299911 333.05899048 0.534970 0.595724 -0.599099
16.01799965 20.67700005 333.01800537 0.535997 0.586722 -0.607012
15.71800041 20.65800095 332.71798706 0.528835 0.579522 -0.620071
15.41800022 21.25300026 333.03799438 0.536046 0.600304 -0.593540
15.11800003 21.46599960 333.01800537 0.538358 0.609239 -0.582236
14.21800041 22.78700066 333.61801147 0.539354 0.660331 -0.522552
13.91800022 23.01700020 333.61801147 0.553221 0.664201 -0.502775
13.91800022 22.79599953 333.31799316 0.543815 0.644833 -0.537080
14.21800041 22.47999954 333.31799316 0.541974 0.636524 -0.548727
13.61800003 23.24699974 333.61801147 0.586288 0.653484 -0.478774
4.01800013 6.55299997 329.69799805 -0.046784 -0.636550 -0.769815
4.01800013 6.84999990 329.41799927 0.064796 -0.658038 -0.750192
4.31799984 6.85300016 329.43499756 -0.020835 -0.601424 -0.798658
4.61800003 7.15299988 329.20498657 -0.040354 -0.555211 -0.830730
4.31799984 7.15299988 329.20999146 0.020799 -0.592077 -0.805613
4.61800003 6.85300016 329.40301514 -0.078480 -0.557919 -0.826176
-0.18200000 3.37299991 345.31799316 -0.548395 -0.761929 0.344567
-0.48199999 3.57800007 345.31799316 -0.543337 -0.760671 0.355196
-0.18200000 3.49399996 345.61801147 -0.547671 -0.755688 0.359155
-0.48199999 3.71700001 345.61801147 -0.545441 -0.753849 0.366341
8.81799984 7.75299978 328.62899780 0.003786 -0.354576 -0.935020
8.51799965 7.75299978 328.63000488 -0.001264 -0.362873 -0.931838
8.81799984 7.45300007 328.74798584 -0.003824 -0.375998 -0.926612
8.51799965 7.45300007 328.74899292 -0.016829 -0.384469 -0.922984
-0.48199999 3.31200004 344.71798706 -0.546132 -0.781781 0.300930
-0.48199999 3.43899989 345.01800537 -0.546843 -0.771354 0.325540
-0.18200000 3.25500011 345.01800537 -0.546618 -0.774242 0.318994
16.61800003 20.92900085 333.91799927 0.579178 0.602818 -0.548784
-1.38199997 3.16499996 342.01800537 -0.333512 -0.924546 0.184346
-1.38199997 3.07800007 341.71798706 -0.251137 -0.955385 0.155466
16.91799927 20.68199921 333.91799927 0.679374 0.494853 -0.541822
16.91799927 20.82399940 334.21798706 0.549448 0.620454 -0.559592
17.21800041 20.72100067 334.21798706 0.652711 0.468140 -0.595662
3.41799998 1.45500004 336.01800537 -0.399966 -0.839145 -0.368596
3.11800003 1.59700000 336.01800537 -0.421396 -0.831745 -0.361422
3.11800003 1.76300001 335.71798706 -0.411939 -0.819106 -0.399215
3.41799998 1.61099994 335.71798706 -0.388085 -0.825274 -0.410261
4.01800013 1.50300002 335.41799927 -0.350089 -0.818987 -0.454641
3.71799994 1.62699997 335.41799927 -0.364132 -0.818899 -0.443636
3.71799994 1.77300000 335.11801147 -0.362517 -0.809674 -0.461530
4.01800013 1.66900003 335.11801147 -0.344653 -0.811603 -0.471714
4.31799984 1.39600003 335.41799927 -0.326278 -0.821212 -0.468138
4.61399984 1.15300000 335.41799927 -0.303897 -0.817215 -0.489699
4.61800003 1.15300000 335.41400146 -0.303897 -0.817215 -0.489699
4.61800003 1.45299995 335.13400269 -0.284427 -0.831521 -0.477153
4.61800003 1.46099997 335.11801147 -0.284111 -0.833703 -0.473519
4.31799984 1.54700005 335.11801147 -0.320151 -0.821670 -0.471553
17.11700058 23.05299950 338.71798706 0.768907 0.626131 -0.129391
16.91799927 23.26499939 338.71798706 0.678020 0.720301 -0.146476
17.16699982 23.05299950 339.01800537 0.787865 0.605937 -0.110037
16.91799927 23.35899925 339.01800537 0.685415 0.718125 -0.120431
1.01800001 5.95300007 349.97799683 -0.491415 -0.545085 0.679260
0.71799999 6.02500010 349.81799316 -0.494753 -0.558484 0.665820
1.01800001 5.65299988 349.73699951 -0.503699 -0.574453 0.645206
1.31799996 5.65299988 349.96600342 -0.502582 -0.549647 0.667308
3.11800003 5.65299988 351.25201416 -0.475410 -0.525453 0.705609
3.11800003 5.37599993 351.01800537 -0.486634 -0.543491 0.683963
3.11800003 5.35300016 351.00201416 -0.486857 -0.547087 0.680931
3.11800003 5.05299997 350.80700684 -0.438927 -0.595806 0.672576
1.61800003 1.30799997 340.51800537 -0.524631 -0.849202 -0.060158
1.61800003 1.26199996 340.81799316 -0.522389 -0.852462 -0.020459
1.31799996 1.50300002 340.51800537 -0.520202 -0.852127 -0.057180
1.31799996 1.47200000 340.81799316 -0.521176 -0.853205 -0.020412
13.31299973 23.35300064 333.31799316 0.656555 0.565880 -0.498713
-0.78200001 3.79600000 345.31799316 -0.537483 -0.761569 0.362111
14.81799984 24.69400024 343.21798706 0.463791 0.863457 0.198342
14.51799965 24.81999969 343.21798706 0.471915 0.854875 0.215603
14.81799984 24.72999954 342.91799927 0.474707 0.866157 0.156288
14.51799965 24.89399910 342.91799927 0.489083 0.855526 0.169923
14.81799984 24.78899956 342.61801147 0.500163 0.857627 0.119635
14.81799984 24.79199982 342.31799316 0.515212 0.852027 0.092767
14.51799965 24.99699974 342.61801147 0.502233 0.854525 0.132473
14.51799965 24.98399925 342.31799316 0.506176 0.856054 0.104677
14.81799984 24.83600044 342.01800537 0.517392 0.851925 0.080798
14.51799965 25.05200005 342.01800537 0.507404 0.857044 0.089542
14.81799984 24.93199921 341.71798706 0.515128 0.853843 0.074799
14.51799965 25.08799934 341.71798706 0.513995 0.854781 0.071819
9.41800022 5.65299988 332.70700073 -0.255012 -0.644657 -0.720685
-1.08200002 4.00000000 345.31799316 -0.527952 -0.761875 0.375252
-0.78200001 3.94300008 345.61801147 -0.542507 -0.751038 0.376334
-1.08200002 4.17100000 345.61801147 -0.531208 -0.753498 0.387373
10.01799965 7.75299978 331.55599976 -0.019335 -0.375096 -0.926784
10.01799965 7.45300007 331.69500732 0.009359 -0.482667 -0.875754
9.71800041 7.45300007 331.72299194 -0.006745 -0.524763 -0.851222
-1.08200002 3.86100006 345.01800537 -0.529509 -0.777365 0.339594
13.91800022 18.85300064 330.26998901 0.448235 0.415871 -0.791288
13.61800003 19.15299988 330.23498535 0.461436 0.412864 -0.785251
13.31799984 19.15299988 330.06201172 0.456588 0.404959 -0.792171
13.61800003 18.85300064 330.09100342 0.452866 0.404517 -0.794530
13.31799984 18.85300064 329.90399170 0.447408 0.392885 -0.803410
11.21800041 18.25300026 328.53799438 0.556687 0.153723 -0.816375
0.11800000 2.67400002 337.51800537 -0.429909 -0.873300 -0.229185
12.11800003 10.75300026 328.23699951 0.292150 -0.189690 -0.937372
12.05500031 10.75300026 328.21798706 0.277895 -0.182069 -0.943200
11.81799984 10.45300007 328.23599243 0.274807 -0.200236 -0.940418
11.81799984 10.75300026 328.14801025 0.245940 -0.160858 -0.955844
11.51799965 10.75300026 328.07800293 0.210373 -0.145841 -0.966682
11.51799965 10.45300007 328.11599731 0.226668 -0.173646 -0.958368
2.81800008 2.01999998 335.41799927 -0.408183 -0.808362 -0.424190
11.21800041 10.75300026 328.03201294 0.182682 -0.134807 -0.973886
10.91800022 10.75300026 327.97399902 0.157789 -0.137910 -0.977795
11.21800041 10.45300007 328.07699585 0.186162 -0.160484 -0.969324
10.91800022 10.45300007 328.02801514 0.158613 -0.166226 -0.973248
4.01800013 1.84700000 334.81799316 -0.343898 -0.816163 -0.464341
3.71799994 1.96700001 334.81799316 -0.363523 -0.799110 -0.478826
4.01800013 2.02200007 334.51800537 -0.356839 -0.798488 -0.484853
10.31799984 10.75300026 327.90200806 0.141608 -0.164165 -0.976216
10.61800003 11.35299969 327.86700439 0.176771 -0.112491 -0.977803
10.31799984 11.35299969 327.80801392 0.172609 -0.122937 -0.977288
10.61800003 11.05300045 327.89300537 0.168087 -0.128244 -0.977395
10.31799984 11.05300045 327.84698486 0.159166 -0.146633 -0.976302
10.61800003 10.75300026 327.93600464 0.150715 -0.145732 -0.977777
10.61800003 10.45300007 327.97698975 0.134058 -0.171645 -0.975995
10.31799984 10.45300007 327.94299316 0.129219 -0.181910 -0.974788
10.01799965 11.35299969 327.72900391 0.168442 -0.131011 -0.976966
9.71800041 11.35299969 327.69900513 0.150659 -0.148169 -0.977419
10.01799965 11.05300045 327.77801514 0.151965 -0.156988 -0.975839
9.71800041 11.05300045 327.74600220 0.136852 -0.172007 -0.975543
9.41800022 11.35299969 327.65600586 0.130218 -0.159982 -0.978493
9.11800003 11.35299969 327.62200928 0.117704 -0.174697 -0.977562
9.41800022 11.05300045 327.71200562 0.116122 -0.188542 -0.975176
9.11800003 11.05300045 327.68200684 0.105892 -0.193097 -0.975449
8.81799984 11.95300007 327.48498535 0.147000 -0.137117 -0.979587
8.51799965 11.95300007 327.45498657 0.156004 -0.171223 -0.972803
8.81799984 11.65299988 327.53201294 0.117235 -0.169066 -0.978607
8.51799965 11.65299988 327.49301147 0.124469 -0.187332 -0.974379
8.81799984 11.05300045 327.64898682 0.103377 -0.195544 -0.975231
8.51799965 11.05300045 327.62200928 0.103578 -0.198420 -0.974629
8.81799984 11.35299969 327.58300781 0.107932 -0.187330 -0.976349
8.51799965 11.35299969 327.54800415 0.111356 -0.193934 -0.974674
8.21800041 11.35299969 327.51998901 0.129267 -0.211179 -0.968862
7.91800022 11.35299969 327.49700928 0.148390 -0.237687 -0.959940
8.21800041 11.05300045 327.60101318 0.107071 -0.212882 -0.971194
7.91800022 11.05300045 327.55200195 0.122591 -0.236149 -0.963953
8.21800041 11.95300007 327.41799927 0.179518 -0.200484 -0.963109
7.91800022 11.95300007 327.33801270 0.238923 -0.252895 -0.937529
8.21800041 11.65299988 327.46600342 0.151347 -0.208264 -0.966292
7.91800022 11.65299988 327.44198608 0.183794 -0.237457 -0.953852
7.61800003 11.35299969 327.44400024 0.194626 -0.280206 -0.940003
7.31799984 11.35299969 327.38400269 0.274849 -0.349133 -0.895860
7.61800003 11.05300045 327.50201416 0.148456 -0.271500 -0.950920
7.31799984 11.05300045 327.48001099 0.200287 -0.303931 -0.931403
7.61800003 11.65299988 327.35400391 0.260158 -0.288904 -0.921332
0.71799999 2.21199989 343.81799316 -0.553441 -0.803184 0.220452
0.71799999 2.13199997 343.51800537 -0.551255 -0.812456 0.189826
2.51799989 1.28900003 344.41799927 -0.165518 -0.951394 0.259716
2.81800008 1.21700001 344.11801147 0.008590 -0.955982 0.293299
2.51799989 1.26199996 344.11801147 -0.188422 -0.950242 0.248066
3.11800003 0.66200000 340.21798706 -0.116109 -0.988683 0.094998
3.11800003 0.56199998 340.51800537 0.430960 -0.875341 0.219208
0.11800000 2.22099996 340.51800537 -0.530341 -0.847731 -0.009495
0.11800000 2.20300007 340.81799316 -0.529978 -0.847692 0.023281
0.41800001 2.03900003 340.51800537 -0.517983 -0.855148 -0.020393
0.41800001 2.02999997 340.81799316 -0.529135 -0.848511 0.006766
-0.48199999 2.59500003 340.51800537 -0.506098 -0.862391 0.012146
-0.18200000 2.43400002 340.51800537 -0.533028 -0.846097 -0.001349
-0.48199999 2.60899997 340.81799316 -0.513922 -0.857446 0.025901
-0.18200000 2.41100001 340.81799316 -0.529978 -0.847692 0.023281
-1.08200002 2.89499998 340.51800537 -0.271469 -0.959701 0.072647
-0.78200001 2.75500011 340.51800537 -0.427163 -0.903562 0.033268
-1.08200002 2.93099999 340.81799316 -0.305152 -0.949217 0.076613
-0.78200001 2.79200006 340.81799316 -0.447457 -0.893569 0.036280
-1.08200002 2.85400009 339.91799927 -0.164779 -0.985166 0.047914
-0.78200001 2.79299998 339.91799927 -0.371603 -0.928370 -0.006385
-1.08200002 2.88299990 340.21798706 -0.219719 -0.973392 0.065056
-0.78200001 2.78699994 340.21798706 -0.403293 -0.914914 0.016967
6.71799994 3.48099995 331.51800537 -0.199926 -0.683470 -0.702067
6.71799994 3.25300002 331.76699829 -0.143108 -0.733618 -0.664323
5.51800013 3.25300002 332.13598633 -0.251834 -0.695314 -0.673140
13.01799965 11.95300007 328.29800415 0.144859 0.016844 -0.989309
12.71800041 11.95300007 328.22500610 0.201933 -0.012840 -0.979315
12.71800041 11.65299988 328.27099609 0.204850 -0.090631 -0.974588
10.84000015 8.65299988 328.51800537 0.269344 -0.364582 -0.891366
10.61800003 8.95300007 328.33999634 0.166211 -0.303575 -0.938198
10.31799984 8.95300007 328.29699707 0.131644 -0.280574 -0.950762
10.61800003 8.65299988 328.42999268 0.200478 -0.336973 -0.919923
10.31799984 8.65299988 328.40100098 0.136494 -0.306774 -0.941944
15.11800003 24.14900017 344.71798706 0.436469 0.865386 0.246174
15.41800022 23.98900032 344.71798706 0.455466 0.857970 0.237568
15.41800022 23.89800072 345.01800537 0.441974 0.851609 0.281816
15.11800003 24.05500031 345.01800537 0.434326 0.854839 0.283923
10.01799965 8.95300007 328.27499390 0.086511 -0.277611 -0.956790
9.71800041 8.95300007 328.26699829 0.065233 -0.287792 -0.955469
10.01799965 8.65299988 328.36099243 0.095649 -0.297430 -0.949940
9.71800041 8.65299988 328.33499146 0.057509 -0.300327 -0.952101
4.31799984 3.19600010 332.71798706 -0.290275 -0.720074 -0.630265
4.61800003 3.06699991 332.71798706 -0.283231 -0.718479 -0.635270
4.31799984 2.93600011 333.01800537 -0.310482 -0.731966 -0.606486
4.61800003 2.80500007 333.01800537 -0.289783 -0.734865 -0.613188
12.41800022 11.95300007 328.15798950 0.238028 -0.040282 -0.970423
9.41800022 8.95300007 328.24200439 0.049538 -0.295955 -0.953916
12.11800003 11.95300007 328.09600830 0.227628 -0.047473 -0.972590
9.11800003 8.95300007 328.23098755 0.044512 -0.309039 -0.950007
9.41800022 8.65299988 328.31100464 0.041836 -0.302991 -0.952075
9.11800003 8.65299988 328.31399536 0.031607 -0.312274 -0.949466
12.41800022 11.65299988 328.20199585 0.238933 -0.087230 -0.967110
12.11800003 11.65299988 328.11499023 0.223705 -0.083733 -0.971054
3.71799994 3.19099998 333.01800537 -0.327896 -0.738170 -0.589567
4.01800013 3.05200005 333.01800537 -0.317371 -0.736236 -0.597689
3.11800003 3.23799992 333.31799316 -0.333779 -0.756244 -0.562749
3.41799998 3.09599996 333.31799316 -0.337665 -0.751265 -0.567084
3.41799998 2.86199999 333.61801147 -0.344077 -0.767309 -0.541155
3.11800003 3.01300001 333.61801147 -0.340378 -0.769480 -0.540410
11.81799984 11.95300007 328.03100586 0.218252 -0.057306 -0.974208
11.51799965 11.95300007 327.96200562 0.200378 -0.064364 -0.977602
11.81799984 11.65299988 328.04998779 0.217842 -0.085892 -0.972197
11.51799965 11.65299988 327.98599243 0.195796 -0.089894 -0.976516
10.01799965 6.55299997 332.08300781 -0.182121 -0.249573 -0.951076
9.71800041 6.55299997 332.13400269 -0.159885 -0.296538 -0.941542
9.71800041 6.67799997 332.11801147 -0.079786 -0.315220 -0.945659
10.01799965 6.25299978 332.19198608 -0.070264 -0.447761 -0.891388
8.51799965 5.56300020 329.71798706 -0.078294 -0.548060 -0.832767
2.81800008 3.14199996 333.61801147 -0.346665 -0.769112 -0.536927
2.81800008 2.91700006 333.91799927 -0.351778 -0.785477 -0.509194
2.51799989 3.07999992 333.91799927 -0.355482 -0.783348 -0.509900
2.51799989 2.89700007 334.21798706 -0.364256 -0.794303 -0.486210
2.81800008 2.74900007 334.21798706 -0.364613 -0.791869 -0.489899
3.71799994 0.70800000 338.11801147 -0.208850 -0.970837 -0.117716
2.21799994 3.22499990 333.91799927 -0.359459 -0.785007 -0.504532
1.91799998 3.16599989 334.21798706 -0.364455 -0.797948 -0.480053
2.21799994 3.02900004 334.21798706 -0.364824 -0.795541 -0.483753
1.91799998 3.35400009 333.91799927 -0.355744 -0.787144 -0.503836
2.21799994 2.84899998 334.51800537 -0.374073 -0.801126 -0.467190
1.91799998 2.97300005 334.51800537 -0.370351 -0.803228 -0.466546
1.91799998 2.81500006 334.81799316 -0.378881 -0.807320 -0.452419
2.21799994 2.69499993 334.81799316 -0.379861 -0.806203 -0.453589
11.21800041 11.95300007 327.90899658 0.188482 -0.079041 -0.978891
10.91800022 11.95300007 327.84698486 0.181754 -0.086608 -0.979523
10.91800022 11.65299988 327.87399292 0.178106 -0.099494 -0.978968
1.91799998 2.65799999 335.11801147 -0.387855 -0.815613 -0.429354
1.61800003 3.13700008 334.51800537 -0.376423 -0.802502 -0.462921
1.61800003 2.94899988 334.81799316 -0.385441 -0.807667 -0.446216
1.31799996 3.10400009 334.81799316 -0.384537 -0.812156 -0.438787
1.31799996 2.93000007 335.11801147 -0.405593 -0.819139 -0.405593
1.61800003 2.79200006 335.11801147 -0.397553 -0.815862 -0.419906
1.31799996 2.79600000 335.41799927 -0.419639 -0.825025 -0.378466
11.21800041 11.65299988 327.93701172 0.180136 -0.094357 -0.979106
0.71799999 3.23699999 335.11801147 -0.297877 -0.878511 -0.373481
1.01800001 3.09100008 335.11801147 -0.372228 -0.840262 -0.394216
1.01800001 2.95199990 335.41799927 -0.400427 -0.840113 -0.365881
0.71799999 3.10599995 335.41799927 -0.342929 -0.873326 -0.345977
1.31799996 2.67300010 335.71798706 -0.427050 -0.830463 -0.357714
1.01800001 2.83299994 335.71798706 -0.415345 -0.838526 -0.352651
0.71799999 2.99200010 335.71798706 -0.374187 -0.863863 -0.337230
0.71799999 2.85999990 336.01800537 -0.393814 -0.857124 -0.332039
1.01800001 2.72900009 336.01800537 -0.420122 -0.841806 -0.338909
0.71799999 2.71900010 336.31799316 -0.412421 -0.854190 -0.316653
0.11800000 3.17199993 335.71798706 -0.099228 -0.960062 -0.261601
0.41800001 3.10999990 335.71798706 -0.284530 -0.903714 -0.319912
0.11800000 3.11199999 336.01800537 -0.173528 -0.944156 -0.280104
0.41800001 2.99300003 336.01800537 -0.322625 -0.889846 -0.322625
10.61800003 11.95300007 327.80599976 0.181321 -0.086401 -0.979621
10.31799984 11.95300007 327.73400879 0.181716 -0.089028 -0.979313
10.61800003 11.65299988 327.85400391 0.183693 -0.102326 -0.977643
10.31799984 11.65299988 327.77301025 0.178445 -0.104606 -0.978374
13.27200031 22.75300026 332.71798706 0.619308 0.555184 -0.555184
-1.38199997 3.31900001 342.61801147 -0.431687 -0.876724 0.212135
-1.38199997 3.24200010 342.31799316 -0.385434 -0.900315 0.202171
13.61800003 24.65999985 336.01800537 0.486306 0.772560 -0.408237
13.61800003 24.51799965 335.71798706 0.480221 0.787433 -0.386441
10.01799965 11.95300007 327.68399048 0.181716 -0.089028 -0.979313
9.71800041 11.95300007 327.64599609 0.171728 -0.096217 -0.980434
10.01799965 11.65299988 327.69900513 0.173628 -0.107132 -0.978967
9.71800041 11.65299988 327.64498901 0.163868 -0.117049 -0.979514
13.61800003 24.37400055 335.41799927 0.521579 0.773488 -0.360100
-1.38199997 3.74399996 344.11801147 -0.518180 -0.813838 0.262980
-1.38199997 3.82999992 344.41799927 -0.535178 -0.798844 0.274651
-1.08200002 3.53099990 344.11801147 -0.542748 -0.799262 0.258079
-0.78200001 3.32999992 344.11801147 -0.550187 -0.796446 0.250935
-0.78200001 3.42700005 344.41799927 -0.549469 -0.788779 0.275522
-1.08200002 3.64299989 344.41799927 -0.542333 -0.793850 0.275096
15.71800041 23.67000008 337.21798706 0.536751 0.790084 -0.296084
9.41800022 11.95300007 327.57299805 0.159672 -0.108480 -0.981192
9.11800003 11.95300007 327.51998901 0.153097 -0.118803 -0.981044
9.41800022 11.65299988 327.59899902 0.149154 -0.131896 -0.979978
9.11800003 11.65299988 327.56399536 0.134318 -0.149105 -0.979656
-0.18200000 3.98300004 346.51800537 -0.547459 -0.722778 0.421758
-0.48199999 4.18499994 346.51800537 -0.547999 -0.720180 0.425486
-0.48199999 4.38299990 346.81799316 -0.551530 -0.694827 0.461552
-0.18200000 4.15899992 346.81799316 -0.547869 -0.704402 0.451284
-0.18200000 4.36000013 347.11801147 -0.549566 -0.686540 0.476068
3.11800003 1.04700005 341.11801147 0.689415 -0.676736 0.258332
10.31799984 8.05300045 328.60101318 0.139600 -0.346928 -0.927444
10.31799984 8.28299999 328.51800537 0.144919 -0.340904 -0.928861
10.31799984 7.75299978 328.72601318 0.081827 -0.366210 -0.926927
7.01800013 11.05300045 327.37298584 0.286382 -0.364350 -0.886135
15.41800022 17.95299911 330.64300537 0.498530 0.366234 -0.785710
15.58699989 17.65299988 330.61801147 0.531820 0.339015 -0.776039
15.11800003 17.95299911 330.44699097 0.470255 0.370747 -0.800879
15.41800022 17.65299988 330.48800659 0.503133 0.352032 -0.789259
3.11800003 6.85300016 351.92300415 -0.418929 -0.368341 0.829954
3.11800003 7.15299988 352.10000610 -0.412231 -0.377483 0.829200
2.81200004 7.15299988 351.91799927 -0.421538 -0.415126 0.806211
2.81800008 7.15299988 351.92199707 -0.422098 -0.412468 0.807282
13.91800022 25.15299988 343.39401245 0.488923 0.842288 0.226946
13.91800022 25.23500061 343.21798706 0.490316 0.842494 0.223147
13.91800022 25.30999947 342.91799927 0.489521 0.852570 0.183012
14.21800041 25.13400078 342.91799927 0.493293 0.850967 0.180327
15.11800003 24.67499924 342.01800537 0.509557 0.857683 0.068783
15.29899979 24.55299950 342.01800537 0.500748 0.862632 0.071535
15.41800022 24.48100090 342.01800537 0.500748 0.862632 0.071535
15.11800003 24.70400047 341.71798706 0.519048 0.853020 0.054270
15.41800022 24.46299934 341.71798706 0.510294 0.858788 0.045636
0.11800000 7.45300007 350.38598633 -0.439576 -0.505430 0.742505
0.41800001 7.45300007 350.58999634 -0.474997 -0.481617 0.736494
0.11800000 7.75299978 350.65499878 -0.418881 -0.510870 0.750700
0.11800000 6.85300016 350.03799438 -0.487519 -0.507486 0.710481
-0.48199999 6.85300016 349.55700684 -0.379900 -0.613431 0.692371
-0.18200000 6.85300016 349.85400391 -0.451514 -0.551481 0.701430
-0.48199999 7.15299988 349.85598755 -0.321643 -0.615810 0.719253
-0.18200000 7.15299988 350.05801392 -0.409831 -0.548087 0.729136
-0.48199999 7.45300007 350.07400513 -0.281521 -0.599623 0.749132
-0.78200001 7.18499994 349.81799316 -0.058823 -0.707316 0.704446
3.11800003 0.85299999 340.92300415 0.609840 -0.759571 0.226156
2.81800008 5.19299984 350.71798706 -0.466030 -0.566251 0.679835
2.81800008 5.35300016 350.83300781 -0.457392 -0.543881 0.703552
14.21800041 25.26000023 341.41799927 0.509320 0.859044 0.051348
13.91800022 25.42499924 341.41799927 0.494074 0.867743 0.053974
14.21800041 25.28300095 341.11801147 0.515126 0.856721 0.025961
9.71800041 5.65299988 332.62200928 -0.205759 -0.541071 -0.815417
13.91800022 25.45000076 341.11801147 0.495791 0.867973 0.028525
14.81799984 24.91699982 341.41799927 0.526740 0.848094 0.057285
14.51799965 25.10300064 341.41799927 0.519048 0.853020 0.054270
14.81799984 24.93300056 341.11801147 0.523574 0.851663 0.023240
14.51799965 25.10000038 341.11801147 0.519190 0.854415 0.020441
15.11800003 24.71500015 340.81799316 0.546843 0.837225 -0.004071
15.41800022 24.52499962 340.81799316 0.548600 0.835896 -0.017785
15.11800003 24.73100090 340.51800537 0.552001 0.832868 -0.040322
15.41800022 24.53400040 340.51800537 0.557653 0.828792 -0.046122
2.51799989 5.05499983 350.41799927 -0.470311 -0.580775 0.664461
2.81800008 5.05299997 350.59500122 -0.467561 -0.578167 0.668663
-0.48199999 5.95300007 348.78201294 -0.492552 -0.627038 0.603503
-0.48199999 5.76499987 348.61801147 -0.499570 -0.630771 0.593766
2.51799989 5.35300016 350.64300537 -0.479950 -0.553531 0.680626
-0.18200000 5.80100012 348.91799927 -0.510374 -0.611438 0.604700
0.41800001 5.65299988 349.23400879 -0.506838 -0.607869 0.611237
0.11800000 5.88500023 349.21798706 -0.504295 -0.602118 0.618984
0.11800000 5.65299988 348.98400879 -0.507876 -0.612488 0.605739
9.11800003 5.35300016 333.02700806 -0.123198 -0.621925 -0.773325
9.14500046 5.35300016 333.01800537 -0.161414 -0.592856 -0.788966
9.11800003 5.05299997 333.10198975 -0.639712 -0.079783 -0.764463
9.41800022 5.35300016 332.91699219 -0.284811 -0.409702 -0.866618
0.71799999 5.65299988 349.47900391 -0.513842 -0.594709 0.618295
1.01800001 5.35300016 349.47299194 -0.520888 -0.591689 0.615289
0.71799999 5.37799978 349.21798706 -0.521999 -0.596329 0.609843
1.01800001 5.05299997 349.11999512 -0.514960 -0.609510 0.602756
1.61800003 5.35300016 349.91000366 -0.512517 -0.552846 0.657030
1.31799996 5.35300016 349.70800781 -0.516965 -0.574218 0.634839
1.61800003 5.05299997 349.66400146 -0.518319 -0.585852 0.622995
1.31799996 5.17399979 349.51800537 -0.521927 -0.589491 0.616516
8.63599968 4.75299978 333.61801147 -0.403878 -0.518337 -0.753796
8.51799965 4.45300007 333.83898926 -0.617058 -0.188333 -0.764049
8.81799984 4.75299978 333.48498535 -0.642121 -0.233927 -0.730040
8.81799984 5.01399994 333.31799316 -0.286938 -0.562779 -0.775208
1.61800003 4.61199999 349.21798706 -0.517229 -0.625055 0.584620
1.31799996 4.75299978 349.10400391 -0.520888 -0.615289 0.591689
1.61800003 4.45300007 349.02899170 -0.520782 -0.621904 0.584826
1.31799996 4.58900023 348.91799927 -0.514819 -0.622846 0.589088
8.58500004 5.05299997 333.31799316 0.023855 -0.745103 -0.666523
6.11800003 2.53800011 338.11801147 -0.425721 -0.870998 -0.245203
2.51799989 5.65299988 350.83599854 -0.488674 -0.508687 0.708827
2.81800008 5.65299988 351.04098511 -0.477896 -0.511199 0.714347
2.51799989 5.95300007 351.05398560 -0.493940 -0.487287 0.720121
2.81800008 5.95300007 351.23999023 -0.498010 -0.491348 0.714537
2.21799994 5.95300007 350.83898926 -0.501325 -0.488001 0.714513
2.51799989 6.25299978 351.24798584 -0.500459 -0.457515 0.734997
5.51800013 2.24900007 333.31799316 -0.319877 -0.763525 -0.560990
5.51800013 2.05299997 333.55300903 -0.295843 -0.792607 -0.533151
5.21799994 2.34400010 333.31799316 -0.298184 -0.763798 -0.572450
4.91800022 2.44499993 333.31799316 -0.291453 -0.759690 -0.581314
4.91800022 2.21099997 333.61801147 -0.290360 -0.775879 -0.560092
5.38100004 2.05299997 333.61801147 -0.293651 -0.785715 -0.544445
5.21799994 2.11999989 333.61801147 -0.289951 -0.781125 -0.552967
5.21799994 2.05299997 333.72198486 -0.271969 -0.797041 -0.539221
1.91799998 6.25299978 350.84298706 -0.496060 -0.482788 0.721693
2.21799994 6.25299978 351.00201416 -0.498102 -0.468315 0.729777
1.91799998 6.55299997 351.05200195 -0.480445 -0.473841 0.738003
2.21799994 6.55299997 351.20098877 -0.490100 -0.453796 0.744225
5.21799994 2.58200002 333.01800537 -0.293166 -0.738521 -0.607157
5.21799994 2.83500004 332.71798706 -0.290355 -0.717066 -0.633649
4.91800022 2.68000007 333.01800537 -0.293286 -0.735619 -0.610612
2.81800008 4.54899979 350.11801147 -0.416700 -0.662404 0.622560
2.81800008 4.90500021 350.41799927 -0.442709 -0.599745 0.666569
0.41800001 2.18099999 339.01800537 -0.487486 -0.863587 -0.128743
0.11800000 2.32699990 339.01800537 -0.490724 -0.861300 -0.131728
0.11800000 2.37199998 338.71798706 -0.490587 -0.860348 -0.138296
0.41800001 2.24200010 338.71798706 -0.483708 -0.864283 -0.137995
0.11800000 2.45700002 338.41799927 -0.481854 -0.862651 -0.153783
0.41800001 2.28800011 338.41799927 -0.481364 -0.861156 -0.163399
0.11800000 2.51799989 338.11801147 -0.470377 -0.862110 -0.188447
0.41800001 2.31100011 338.11801147 -0.474835 -0.858872 -0.192018
-0.18200000 3.81100011 346.21798706 -0.550033 -0.737209 0.392412
-0.18200000 3.67100000 345.91799927 -0.549748 -0.745504 0.376830
0.71799999 2.07699990 338.71798706 -0.472938 -0.868751 -0.146975
0.71799999 2.12400007 338.41799927 -0.465877 -0.868559 -0.169009
0.71799999 2.15799999 338.11801147 -0.462599 -0.864213 -0.197832
1.01800001 1.83599997 339.01800537 -0.490587 -0.860348 -0.138296
0.71799999 2.00300002 339.01800537 -0.480458 -0.867134 -0.131296
1.01800001 1.88199997 338.71798706 -0.487776 -0.859833 -0.150874
1.01800001 1.96200001 338.41799927 -0.476112 -0.862308 -0.172462
1.01800001 2.00900006 338.11801147 -0.466401 -0.862767 -0.195203
0.11800000 3.60200000 346.21798706 -0.550033 -0.737209 0.392412
0.41800001 3.36800003 346.21798706 -0.562489 -0.729760 0.388659
0.11800000 3.42700005 345.91799927 -0.554038 -0.743620 0.374261
1.61800003 1.48899996 339.01800537 -0.492436 -0.857745 -0.147585
0.41800001 3.67300010 346.81799316 -0.545424 -0.717837 0.432692
1.31799996 8.05300045 351.48599243 -0.464028 -0.405822 0.787392
1.31799996 1.67999995 339.01800537 -0.492436 -0.857745 -0.147585
1.61800003 1.55799997 338.71798706 -0.489569 -0.857113 -0.160249
1.31799996 1.74600005 338.71798706 -0.488565 -0.858289 -0.156986
1.31799996 8.24499989 351.61801147 -0.449727 -0.401369 0.797903
1.61800003 8.05300045 351.69400024 -0.457307 -0.380287 0.803898
1.31799996 8.35299969 351.68899536 -0.451713 -0.397057 0.798937
0.11800000 3.73499990 346.51800537 -0.545600 -0.726917 0.417029
1.61800003 8.35299969 351.86099243 -0.434474 -0.380364 0.816429
0.41800001 3.51399994 346.51800537 -0.556634 -0.721807 0.411282
1.31799996 1.79999995 338.41799927 -0.485044 -0.855873 -0.179481
1.61800003 1.60599995 338.41799927 -0.486016 -0.854616 -0.182813
1.31799996 1.85899997 338.11801147 -0.478876 -0.854171 -0.202659
1.61800003 1.65199995 338.11801147 -0.477192 -0.853526 -0.209242
1.91799998 1.49000001 338.11801147 -0.482597 -0.848704 -0.216336
1.91799998 6.85300016 351.21398926 -0.469592 -0.466297 0.749700
2.21799994 1.17700005 339.01800537 -0.496740 -0.853449 -0.157719
1.91799998 1.33800006 339.01800537 -0.497128 -0.854943 -0.148112
2.21799994 1.21700001 338.71798706 -0.486583 -0.856326 -0.173040
1.91799998 1.38800001 338.71798706 -0.493038 -0.855090 -0.160421
1.31799996 3.31399989 347.41799927 -0.572524 -0.679350 0.459020
1.61800003 3.09200001 347.41799927 -0.554247 -0.697386 0.454383
1.31799996 3.18300009 347.11801147 -0.573673 -0.696722 0.430671
1.61800003 2.92600012 347.11801147 -0.550839 -0.716256 0.428431
2.21799994 1.27999997 338.41799927 -0.472252 -0.859588 -0.195158
2.21799994 2.67199993 347.41799927 -0.266644 -0.843089 0.467013
1.91799998 1.43099999 338.41799927 -0.485673 -0.853290 -0.189786
1.91799998 2.84299994 347.41799927 -0.481617 -0.736494 0.474997
2.21799994 1.32599998 338.11801147 -0.469840 -0.853569 -0.225100
1.91799998 2.68600011 347.11801147 -0.456779 -0.781889 0.424268
2.51799989 0.98199999 339.01800537 -0.454467 -0.875324 -0.165128
2.81800008 0.87000000 338.71798706 -0.407384 -0.894505 -0.184120
2.51799989 1.04200006 338.71798706 -0.448637 -0.875209 -0.180926
2.81800008 0.93099999 338.41799927 -0.402921 -0.892288 -0.203658
2.51799989 1.08599997 338.41799927 -0.445866 -0.872476 -0.199973
2.51799989 1.17100000 338.11801147 -0.442190 -0.867892 -0.226342
2.81800008 1.02999997 338.11801147 -0.405013 -0.885687 -0.226985
2.21799994 3.08699989 348.01800537 -0.436838 -0.736855 0.515963
1.91799998 3.06399989 347.71798706 -0.497195 -0.713366 0.493869
2.21799994 2.84899998 347.71798706 -0.392010 -0.772634 0.499365
2.51799989 3.00699997 348.01800537 -0.282338 -0.822055 0.494481
2.51799989 2.95300007 347.96798706 -0.268296 -0.826601 0.494720
2.51799989 2.75399995 347.71798706 -0.017103 -0.903820 0.427571
2.51799989 0.78299999 340.51800537 -0.322186 -0.946656 -0.006220
2.81800008 0.66900003 340.51800537 -0.001028 -0.998513 0.054502
2.51799989 0.75500000 340.81799316 -0.280998 -0.959356 0.025995
2.81800008 0.62900001 340.81799316 0.103879 -0.991987 0.071916
2.51799989 0.73900002 341.11801147 -0.248992 -0.967759 0.038023
2.81800008 0.67900002 341.11801147 0.224659 -0.968446 0.107887
2.51799989 0.74100000 341.41799927 -0.196938 -0.979973 0.029482
2.81800008 0.67600000 341.41799927 0.382214 -0.921336 0.071078
15.71800041 23.93499947 338.11801147 0.541542 0.811545 -0.219378
16.01799965 23.75699997 338.11801147 0.543876 0.808881 -0.223405
16.01799965 23.82500076 338.41799927 0.545388 0.817326 -0.185825
15.71800041 24.02300072 338.41799927 0.549159 0.816968 -0.176032
16.61800003 23.34399986 338.11801147 0.600891 0.770808 -0.211625
16.31800079 23.56500053 338.11801147 0.552073 0.804274 -0.219907
16.31800079 23.64399910 338.41799927 0.553364 0.811095 -0.189508
16.61800003 23.41200066 338.41799927 0.599172 0.779077 -0.184478
3.00099993 0.85299999 341.11801147 0.534276 -0.827604 0.172106
1.91799998 1.09000003 341.11801147 -0.525521 -0.850780 0.001344
2.21799994 0.91399997 341.11801147 -0.439250 -0.898286 0.011872
1.91799998 1.13900006 341.41799927 -0.529116 -0.847960 0.031610
2.21799994 0.90200001 341.41799927 -0.459349 -0.887715 0.030982
14.21800041 18.55299950 330.26098633 0.429563 0.413475 -0.802816
13.91800022 18.55299950 330.09899902 0.441130 0.399423 -0.803658
14.21800041 18.25300026 330.11300659 0.425106 0.390078 -0.816777
13.91800022 18.25300026 329.94699097 0.434474 0.380364 -0.816429
13.01799965 17.95299911 329.37899780 0.418120 0.327968 -0.847120
12.71800041 17.95299911 329.22500610 0.406196 0.316616 -0.857181
13.01799965 17.65299988 329.25900269 0.405515 0.313002 -0.858829
12.71800041 17.65299988 329.11700439 0.395132 0.300544 -0.868069
12.11800003 18.25300026 329.05801392 0.420235 0.297089 -0.857403
12.41800022 17.95299911 329.07101440 0.399813 0.301774 -0.865495
12.11800003 17.95299911 328.95999146 0.410426 0.288366 -0.865099
12.41800022 17.65299988 328.97000122 0.393062 0.289864 -0.872629
12.11800003 17.65299988 328.85501099 0.393450 0.269837 -0.878855
11.81799984 18.55299950 329.01501465 0.498446 0.254624 -0.828685
11.51799965 18.55299950 328.83401489 0.550216 0.179386 -0.815526
11.81799984 18.25300026 328.90798950 0.457281 0.255405 -0.851858
11.51799965 18.25300026 328.73599243 0.491573 0.223719 -0.841609
11.81799984 17.95299911 328.82501221 0.426085 0.262323 -0.865817
11.51799965 17.95299911 328.66500854 0.460335 0.224885 -0.858789
11.81799984 17.65299988 328.72198486 0.405070 0.246630 -0.880393
11.51799965 17.65299988 328.58599854 0.429078 0.225752 -0.874602
11.21800041 17.95299911 328.52301025 0.505481 0.167506 -0.846422
11.21800041 17.65299988 328.44100952 0.450982 0.180686 -0.874053
10.91800022 17.65299988 328.26000977 0.478415 0.124991 -0.869193
1.61800003 1.29400003 341.11801147 -0.525959 -0.850457 0.009465
1.61800003 1.30900002 341.41799927 -0.527133 -0.849193 0.031655
1.61800003 1.33200002 341.71798706 -0.532993 -0.844717 0.048707
1.61800003 1.32599998 342.01800537 -0.526740 -0.848094 0.057285
1.31799996 1.48899996 341.11801147 -0.521995 -0.852818 0.014914
1.31799996 1.48500001 341.41799927 -0.527133 -0.849193 0.031655
1.31799996 1.51499999 341.71798706 -0.528635 -0.847759 0.043012
1.31799996 1.54700005 342.01800537 -0.531263 -0.845255 0.057472
9.71800041 15.25300026 327.57299805 0.176015 0.107086 -0.978545
10.01799965 15.25300026 327.63699341 0.237821 0.084307 -0.967643
10.01799965 15.55300045 327.65798950 0.242065 0.106304 -0.964419
16.31800079 19.15299988 331.95599365 0.551924 0.488176 -0.676065
16.31800079 18.85300064 331.72900391 0.540620 0.450794 -0.710292
13.01799965 15.25300026 328.59600830 0.336353 0.178732 -0.924620
12.71800041 15.55300045 328.54299927 0.343110 0.179321 -0.922019
13.01799965 15.55300045 328.66799927 0.345264 0.188972 -0.919284
13.01799965 14.95300007 328.55599976 0.325310 0.161963 -0.931634
12.71800041 15.25300026 328.49499512 0.332660 0.165634 -0.928387
16.01799965 19.15299988 331.69699097 0.508687 0.488674 -0.708827
13.31799984 15.25300026 328.71701050 0.338985 0.194313 -0.920506
13.31799984 15.55300045 328.78201294 0.352063 0.208364 -0.912489
13.61800003 15.25300026 328.81799316 0.341970 0.204609 -0.917165
13.61800003 15.55300045 328.88299561 0.352364 0.221859 -0.909186
13.31799984 14.65299988 328.59698486 0.319938 0.152417 -0.935098
13.61800003 14.65299988 328.69900513 0.323363 0.149985 -0.934313
13.31799984 14.95300007 328.64498901 0.328078 0.174510 -0.928392
13.61800003 14.95300007 328.75000000 0.331698 0.187727 -0.924519
13.91800022 15.25300026 328.92800903 0.357656 0.218648 -0.907896
14.21800041 15.25300026 329.04901123 0.350053 0.230948 -0.907814
13.91800022 15.55300045 329.01800537 0.364236 0.229659 -0.902546
14.21800041 15.55300045 329.14498901 0.365411 0.239205 -0.899586
1.01800001 1.67900002 341.71798706 -0.539479 -0.840584 0.048790
13.31799984 20.35300064 330.73901367 0.474239 0.484153 -0.735318
13.61800003 20.05299950 330.72601318 0.472590 0.469297 -0.745935
0.71799999 1.87199998 341.71798706 -0.541941 -0.838818 0.051813
13.31799984 20.05299950 330.56100464 0.467073 0.453962 -0.758789
13.91800022 14.65299988 328.80899048 0.335737 0.150598 -0.929839
14.21800041 14.65299988 328.91500854 0.361422 0.189996 -0.912839
13.91800022 14.95300007 328.86099243 0.350836 0.199046 -0.915038
14.21800041 14.95300007 328.96798706 0.331455 0.222405 -0.916883
1.01800001 1.72500002 342.01800537 -0.540067 -0.839008 0.066275
0.71799999 1.91900003 342.01800537 -0.545426 -0.835756 0.063422
13.01799965 20.65299988 330.74099731 0.511509 0.458537 -0.726707
12.71800041 20.65299988 330.54501343 0.552271 0.413791 -0.723722
12.58800030 20.95299911 330.61801147 0.601083 0.402378 -0.690500
12.43700027 20.65299988 330.31799316 0.635428 0.344667 -0.690967
14.51799965 15.25300026 329.24798584 0.341068 0.250312 -0.906100
14.51799965 15.55300045 329.26300049 0.357781 0.265738 -0.895196
14.81799984 15.55300045 329.33898926 0.304442 0.316322 -0.898474
14.81799984 15.72000027 329.41799927 0.337243 0.310263 -0.888822
3.71799994 4.55299997 331.51800537 -0.261858 -0.687178 -0.677656
3.41799998 4.65399981 331.51800537 -0.258301 -0.695670 -0.670316
3.11800003 4.77299976 331.51800537 -0.254751 -0.700961 -0.666150
3.11800003 4.50299978 331.81799316 -0.272852 -0.706861 -0.652610
3.41799998 5.05299997 331.12298584 -0.230898 -0.683271 -0.692695
3.11800003 5.36499977 330.91799927 -0.199511 -0.697515 -0.688236
3.11800003 5.05299997 331.22299194 -0.233846 -0.698400 -0.676427
0.11800000 2.29500008 341.71798706 -0.536889 -0.841267 0.063412
0.41800001 2.09200001 341.71798706 -0.545521 -0.835902 0.060613
0.11800000 2.30500007 342.01800537 -0.540067 -0.839008 0.066275
0.41800001 2.08200002 342.01800537 -0.548786 -0.833759 0.060663
2.81800008 5.45400000 330.91799927 -0.179454 -0.728552 -0.661065
2.51799989 5.25500011 331.21798706 -0.236955 -0.726556 -0.644956
2.81800008 5.14799976 331.21798706 -0.227291 -0.713223 -0.663062
6.71799994 9.85299969 327.78601074 0.104528 -0.359740 -0.927179
7.01800013 9.85299969 327.84298706 0.097417 -0.332284 -0.938135
6.71799994 10.15299988 327.68099976 0.143130 -0.354352 -0.924093
7.01800013 10.15299988 327.75000000 0.120019 -0.319600 -0.939921
6.71799994 10.45300007 327.55499268 0.237173 -0.372700 -0.897131
7.01800013 10.75300026 327.54800415 0.221275 -0.351437 -0.909686
7.01800013 10.45300007 327.63101196 0.160327 -0.338777 -0.927106
-0.78200001 2.89299989 342.31799316 -0.505660 -0.852481 0.132608
-1.08200002 3.07599998 342.31799316 -0.462777 -0.871538 0.162045
-1.08200002 3.13899994 342.61801147 -0.491060 -0.853049 0.176544
-0.78200001 2.95799994 342.61801147 -0.522105 -0.838623 0.155300
7.31799984 10.75300026 327.56399536 0.148076 -0.302944 -0.941434
7.31799984 10.45300007 327.66400146 0.110812 -0.311074 -0.943903
7.61800003 10.45300007 327.67498779 0.084470 -0.292396 -0.952560
7.61800003 10.75300026 327.61801147 0.105863 -0.275766 -0.955378
-1.08200002 3.21099997 342.91799927 -0.506500 -0.840159 0.193883
-0.78200001 3.02099991 342.91799927 -0.527256 -0.830691 0.178756
-0.78200001 3.06800008 343.21798706 -0.531046 -0.824559 0.195171
-1.38199997 3.36999989 342.91799927 -0.459453 -0.860155 0.221441
-1.38199997 3.43600011 343.21798706 -0.449990 -0.859072 0.243934
4.61800003 4.45300007 331.27499390 -0.223813 -0.662048 -0.715262
4.31799984 4.63000011 331.21798706 -0.223879 -0.668505 -0.709210
4.61800003 4.75299978 331.01098633 -0.206483 -0.653605 -0.728125
15.71800041 17.65299988 330.71499634 0.568692 0.312380 -0.760926
15.71800041 17.95299911 330.84698486 0.534743 0.353803 -0.767381
10.01799965 7.15299988 331.88400269 -0.066684 -0.425963 -0.902280
9.71800041 7.15299988 331.90899658 -0.076482 -0.463064 -0.883019
10.01799965 6.85300016 332.04400635 -0.121485 -0.348074 -0.929562
9.71800041 6.85300016 332.09201050 -0.057175 -0.384269 -0.921449
13.91800022 25.46800041 340.21798706 0.525903 0.849958 -0.031582
13.61800003 25.65699959 340.21798706 0.543477 0.839173 -0.020534
13.31799984 25.87299919 339.91799927 0.682852 0.730331 -0.018154
13.61800003 25.63199997 339.91799927 0.581957 0.811342 -0.055222
15.71800041 24.25600052 342.61801147 0.512833 0.850869 0.114123
15.71800041 24.31999969 342.31799316 0.511703 0.855657 0.077531
15.11800003 24.65200043 342.61801147 0.488917 0.864565 0.116136
15.41800022 24.44899940 342.61801147 0.491453 0.864673 0.103989
15.11800003 24.66300011 342.31799316 0.497231 0.862718 0.092080
15.30599976 24.55299950 342.31799316 0.492803 0.865582 0.088959
15.41800022 24.48100090 342.31799316 0.484087 0.871357 0.079980
15.41800022 24.35899925 343.21798706 0.496529 0.848423 0.183403
15.11800003 24.54000092 343.21798706 0.485044 0.855873 0.179481
15.11800003 24.59499931 342.91799927 0.487776 0.859833 0.150874
15.41800022 24.41900063 342.91799927 0.494856 0.856874 0.144515
14.81799984 24.55500031 343.81799316 0.446134 0.869887 0.210384
14.51799965 24.69700050 343.81799316 0.449623 0.864660 0.224060
14.81799984 24.64500046 343.51800537 0.441439 0.872474 0.209572
14.51799965 24.76399994 343.51800537 0.462090 0.856003 0.231802
2.51799989 3.06200004 348.31799316 -0.118867 -0.814457 0.567918
8.21800041 10.15299988 327.80200195 0.056441 -0.267153 -0.962000
7.91800022 10.15299988 327.78900146 0.051633 -0.280835 -0.958366
8.21800041 9.85299969 327.89801025 0.043925 -0.284882 -0.957556
7.91800022 9.85299969 327.89498901 0.041597 -0.296222 -0.954213
13.92800045 25.45299911 341.71798706 0.498433 0.863482 0.077222
13.91800022 25.45299911 341.75000000 0.497302 0.863587 0.083118
15.71800041 23.54999924 336.91799927 0.539238 0.784202 -0.307000
17.21800041 21.74300003 335.71798706 0.720825 0.555876 -0.414021
16.94300079 21.85300064 335.41799927 0.635499 0.642171 -0.428670
16.91799927 22.21899986 336.01800537 0.626635 0.685845 -0.370060
17.21800041 21.94499969 336.01800537 0.721561 0.601029 -0.343678
16.91799927 22.07299995 335.71798706 0.622046 0.665175 -0.413039
17.16399956 21.85300064 335.71798706 0.691799 0.592260 -0.413089
16.61800003 22.30699921 335.71798706 0.576398 0.711827 -0.401332
16.61800003 22.46100044 336.01800537 0.578416 0.722610 -0.378510
16.31800079 22.66699982 336.01800537 0.560241 0.731106 -0.389376
16.31800079 22.51799965 335.71798706 0.557877 0.729026 -0.396603
15.71800041 23.41699982 336.61801147 0.540410 0.769480 -0.340378
16.01799965 23.21699905 336.61801147 0.548510 0.758853 -0.351111
16.01799965 23.08799934 336.31799316 0.552018 0.747423 -0.369641
15.71800041 23.30200005 336.31799316 0.541812 0.756584 -0.366089
14.51799965 24.30599976 336.61801147 0.574134 0.759648 -0.305458
14.21800041 24.74699974 337.21798706 0.565939 0.792315 -0.227926
14.21800041 24.67200089 336.91799927 0.571544 0.776230 -0.266091
13.91800022 24.82699966 336.91799927 0.548940 0.796041 -0.254921
13.91800022 24.77099991 336.61801147 0.545007 0.778354 -0.311661
14.21800041 24.54100037 336.61801147 0.565697 0.764412 -0.309291
13.91800022 24.62800026 336.31799316 0.538988 0.765590 -0.351232
14.21800041 24.39100075 336.31799316 0.560685 0.754582 -0.340936
13.61800003 24.81399918 336.31799316 0.506233 0.785866 -0.355166
13.91800022 24.96299934 337.21798706 0.546578 0.809915 -0.212813
13.61800003 25.01300049 336.61801147 0.515521 0.797867 -0.312485
13.61800003 25.14500046 337.21798706 0.604712 0.773113 -0.191365
13.61800003 25.05100060 336.91799927 0.576853 0.780081 -0.242310
15.71800041 24.28700066 339.91799927 0.542060 0.834049 -0.102630
15.71800041 24.32600021 340.21798706 0.547799 0.833730 -0.069360
15.71800041 24.33200073 340.51800537 0.547156 0.835428 -0.051777
15.71800041 24.30599976 340.81799316 0.545150 0.837737 -0.031743
16.01799965 24.17200089 341.11801147 0.554928 0.831707 -0.017813
16.01799965 24.18700027 341.41799927 0.564387 0.825500 -0.004080
16.01799965 24.19799995 341.71798706 0.569445 0.821608 0.026325
16.28199959 23.95299911 342.01800537 0.640554 0.766097 0.052785
16.01799965 24.17200089 342.01800537 0.573049 0.818038 0.049279
16.01799965 24.14100075 342.31799316 0.571964 0.817296 0.069891
16.01799965 24.11800003 342.61801147 0.567918 0.814457 0.118867
16.01799965 23.35400009 336.91799927 0.546057 0.773448 -0.321870
2.21799994 3.85299993 348.97100830 -0.442887 -0.660152 0.606672
1.91799998 4.15299988 349.01400757 -0.510096 -0.631307 0.584169
1.91799998 4.33799982 349.21798706 -0.510096 -0.631307 0.584169
2.21799994 4.17000008 349.21798706 -0.456359 -0.656956 0.600120
1.31799996 4.15299988 348.43798828 -0.524283 -0.649033 0.551256
1.52199996 4.15299988 348.61801147 -0.516853 -0.638070 0.570727
1.31799996 4.32499981 348.61801147 -0.517846 -0.639296 0.568450
1.61800003 3.77900004 348.31799316 -0.541437 -0.646014 0.538064
1.91799998 8.05300045 351.89498901 -0.444275 -0.367840 0.816893
2.21799994 8.35299969 352.16699219 -0.411457 -0.330719 0.849310
1.91799998 8.35299969 352.03799438 -0.423831 -0.354506 0.833482
2.21799994 8.05300045 352.00201416 -0.433798 -0.354925 0.828159
2.21799994 7.75299978 351.92401123 -0.440522 -0.389262 0.808959
1.91799998 7.75299978 351.76199341 -0.460328 -0.398951 0.793055
2.21799994 7.45300007 351.76800537 -0.455620 -0.423191 0.783147
1.01800001 4.27899981 348.31799316 -0.516485 -0.664532 0.540038
1.91799998 7.45300007 351.55801392 -0.460395 -0.431112 0.776002
2.21799994 7.15299988 351.61300659 -0.466123 -0.446496 0.763787
1.91799998 7.15299988 351.37200928 -0.457949 -0.461232 0.759966
2.21799994 6.85300016 351.38699341 -0.480515 -0.444435 0.756031
2.51799989 7.15299988 351.76901245 -0.449721 -0.433486 0.780923
2.81800008 6.85300016 351.76599121 -0.460328 -0.398951 0.793055
2.51799989 6.85300016 351.57501221 -0.477950 -0.425751 0.768309
0.71799999 4.08699989 347.71798706 -0.532654 -0.692951 0.485900
1.01800001 4.04899979 348.01800537 -0.538261 -0.672407 0.508078
0.71799999 4.29899979 348.01800537 -0.525012 -0.682683 0.508238
0.41800001 4.29500008 347.71798706 -0.534247 -0.688324 0.490703
0.11800000 4.53200006 347.71798706 -0.548100 -0.672135 0.497816
0.41800001 4.51499987 348.01800537 -0.540038 -0.664532 0.516485
0.11800000 4.76300001 348.01800537 -0.550281 -0.647885 0.526722
-1.38199997 4.88100004 346.51800537 -0.475798 -0.763566 0.436557
-1.38199997 5.04400015 346.81799316 -0.428458 -0.777088 0.461040
16.01799965 23.45000076 337.21798706 0.541183 0.785589 -0.299952
-0.18200000 2.90700006 337.21798706 -0.294369 -0.938387 -0.181044
-0.48199999 2.94300008 337.21798706 -0.103292 -0.989976 -0.096328
-0.18200000 2.93000007 336.91799927 -0.223684 -0.959590 -0.170741
-0.18200000 2.97700000 336.61801147 -0.150455 -0.968315 -0.199321
-0.18200000 3.03200006 336.31799316 -0.015264 -0.978048 -0.207821
7.01800013 3.55299997 331.31900024 -0.182566 -0.676569 -0.713389
3.11800003 1.06900001 337.51800537 -0.400205 -0.879852 -0.256311
3.41799998 0.94999999 337.51800537 -0.367014 -0.902183 -0.226642
5.21799994 4.75299978 330.89199829 -0.195450 -0.632518 -0.749480
3.11800003 0.99800003 337.81799316 -0.376542 -0.898133 -0.227097
3.41799998 0.86100000 337.81799316 -0.336283 -0.920877 -0.197229
13.31799984 25.81299973 341.41799927 0.587273 0.805527 0.078973
13.61800003 25.66399956 341.41799927 0.526566 0.848897 0.045849
13.88899994 25.45299911 341.41799927 0.495187 0.866923 0.056870
13.61800003 25.66099930 341.11801147 0.532735 0.845457 0.037361
9.71800041 7.15299988 328.86700439 0.068409 -0.382285 -0.921509
8.81799984 10.75300026 327.72799683 0.098675 -0.208592 -0.973012
8.51799965 10.75300026 327.68499756 0.088625 -0.215945 -0.972375
8.81799984 10.45300007 327.77301025 0.088743 -0.221233 -0.971175
8.51799965 10.45300007 327.73901367 0.078968 -0.234398 -0.968928
8.21800041 10.75300026 327.65899658 0.091787 -0.227582 -0.969423
8.21800041 10.45300007 327.70999146 0.074252 -0.250444 -0.965279
7.91800022 10.45300007 327.69799805 0.072215 -0.264788 -0.961599
7.91800022 10.75300026 327.61099243 0.090289 -0.245433 -0.965200
2.81800008 2.57299995 334.51800537 -0.370572 -0.797291 -0.476449
2.51799989 2.54399991 334.81799316 -0.383864 -0.798244 -0.464170
2.81800008 2.39400005 334.81799316 -0.385070 -0.791085 -0.475295
2.81800008 2.21199989 335.11801147 -0.397497 -0.796604 -0.455432
2.51799989 2.37199998 335.11801147 -0.396611 -0.801250 -0.447994
2.51799989 2.20300007 335.41799927 -0.408736 -0.809458 -0.421559
2.51799989 2.72399998 334.51800537 -0.374471 -0.798764 -0.470901
3.11800003 2.79800010 333.91799927 -0.352975 -0.781702 -0.514150
3.41799998 2.68300009 333.91799927 -0.353276 -0.779143 -0.517815
-0.18200000 2.42799997 341.41799927 -0.536533 -0.841923 0.057436
-0.48199999 2.61899996 341.41799927 -0.519315 -0.852461 0.060190
-0.18200000 2.40499997 341.11801147 -0.530921 -0.845851 0.051559
-0.48199999 2.61299992 341.11801147 -0.515585 -0.855623 0.045615
0.41800001 2.09599996 341.41799927 -0.540670 -0.839645 0.051692
0.11800000 2.26099992 341.41799927 -0.536533 -0.841923 0.057436
0.41800001 2.05900002 341.11801147 -0.538789 -0.841944 0.028938
0.11800000 2.21900010 341.11801147 -0.533926 -0.844574 0.040218
2.51799989 1.34200001 337.51800537 -0.441974 -0.851609 -0.281816
2.81800008 1.19599998 337.51800537 -0.429175 -0.859877 -0.276444
2.81800008 1.11500001 337.81799316 -0.419358 -0.873287 -0.248008
2.51799989 0.80500001 339.91799927 -0.417076 -0.902503 -0.107408
2.81800008 0.73500001 339.91799927 -0.330983 -0.940202 -0.080438
2.51799989 0.79600000 340.21798706 -0.389579 -0.918004 -0.074141
2.81800008 0.68500000 340.21798706 -0.164939 -0.986224 -0.012513
2.51799989 1.27100003 337.81799316 -0.446106 -0.857194 -0.257310
1.91799998 1.11899996 340.51800537 -0.522313 -0.851022 -0.054321
2.21799994 0.93000001 340.51800537 -0.477547 -0.876194 -0.065057
1.91799998 1.11699998 340.81799316 -0.521511 -0.852760 -0.028745
2.21799994 0.90899998 340.81799316 -0.454020 -0.890628 -0.025447
2.21799994 1.00000000 339.91799927 -0.486816 -0.866560 -0.109926
1.91799998 1.19599998 339.91799927 -0.518403 -0.848687 -0.104829
2.21799994 0.96499997 340.21798706 -0.480610 -0.872427 -0.088793
1.91799998 1.15499997 340.21798706 -0.518397 -0.850740 -0.086636
1.61800003 1.35800004 339.91799927 -0.518557 -0.848939 -0.101988
1.61800003 1.32500005 340.21798706 -0.522988 -0.847896 -0.086927
1.31799996 1.55700004 339.91799927 -0.506258 -0.857073 -0.095547
1.31799996 1.53600001 340.21798706 -0.514066 -0.853944 -0.080721
11.81799984 18.85300064 329.10998535 0.540473 0.253882 -0.802143
15.71800041 22.45599937 334.81799316 0.535141 0.705185 -0.465122
16.01799965 22.41799927 335.11801147 0.546115 0.708787 -0.446519
16.61800003 21.93000031 335.11801147 0.590593 0.667554 -0.453401
16.31800079 22.20000076 335.11801147 0.557835 0.694380 -0.454594
16.61800003 22.11100006 335.41799927 0.586295 0.692593 -0.420206
16.31800079 22.34199905 335.41799927 0.560029 0.715318 -0.417957
16.61800003 22.60799980 336.31799316 0.587051 0.724411 -0.361388
16.31800079 22.82500076 336.31799316 0.563483 0.736611 -0.374022
16.31800079 22.99600029 336.61801147 0.560672 0.749188 -0.352654
16.61800003 22.75600052 336.61801147 0.591244 0.728060 -0.346928
16.91799927 22.53199959 336.61801147 0.627170 0.702104 -0.337206
13.61800003 25.45499992 338.41799927 0.586929 0.792127 -0.167478
-0.48199999 2.91100001 337.51800537 -0.144482 -0.979264 -0.142012
-0.18200000 2.81399989 337.51800537 -0.329688 -0.923974 -0.193851
-0.48199999 2.86500001 337.81799316 -0.209227 -0.965561 -0.154646
-0.18200000 2.74499989 337.81799316 -0.373466 -0.906989 -0.194664
14.21800041 24.98299980 338.11801147 0.551255 0.812456 -0.189826
13.91800022 25.20999908 338.11801147 0.547778 0.814839 -0.189674
14.21800041 25.02000046 338.41799927 0.553113 0.816928 -0.163386
13.91800022 25.23999977 338.41799927 0.553915 0.815110 -0.169627
13.61800003 25.41099930 338.11801147 0.577828 0.794323 -0.187527
13.91800022 24.98299980 337.51800537 0.536817 0.813685 -0.223033
13.91800022 25.07900047 337.81799316 0.544425 0.811270 -0.213169
14.21800041 24.90900040 337.81799316 0.549424 0.809597 -0.206608
15.11800003 24.28300095 337.81799316 0.552253 0.798045 -0.241125
15.11800003 24.18099976 337.51800537 0.550786 0.792441 -0.262055
15.41800022 23.95700073 337.51800537 0.546776 0.794313 -0.264771
15.41800022 24.07299995 337.81799316 0.548717 0.800536 -0.240938
14.14200020 14.35299969 328.81799316 0.358234 0.084527 -0.929798
13.91800022 14.35299969 328.75201416 0.353289 0.092688 -0.930911
13.91800022 14.05300045 328.73400879 0.366091 0.029753 -0.930103
16.01799965 20.03700066 332.41799927 0.530611 0.557562 -0.638417
16.30400085 19.75300026 332.41799927 0.593255 0.529028 -0.606777
16.01799965 19.75300026 332.15100098 0.519356 0.546248 -0.657178
15.71800041 19.75300026 331.95700073 0.491188 0.541481 -0.682299
16.01799965 19.45299911 331.92300415 0.508502 0.528640 -0.679680
15.71800041 19.45299911 331.73400879 0.481675 0.525009 -0.701679
15.41800022 20.35300064 332.24899292 0.498938 0.549336 -0.670291
2.51799989 7.45300007 351.92800903 -0.435908 -0.413389 0.799433
2.51799989 7.75299978 352.11099243 -0.418440 -0.371069 0.828985
15.41800022 19.75300026 331.76699829 0.475114 0.535129 -0.698501
15.11800003 19.75300026 331.57901001 0.484777 0.518095 -0.704676
15.41800022 19.45299911 331.55099487 0.467999 0.524625 -0.711158
2.81800008 7.75299978 352.22799683 -0.395539 -0.358018 0.845797
2.51799989 8.05300045 352.20001221 -0.407791 -0.345294 0.845268
2.81800008 8.05300045 352.34500122 -0.392047 -0.342460 0.853827
2.51799989 8.35299969 352.27099609 -0.414688 -0.309860 0.855582
2.81800008 8.35299969 352.43798828 -0.386910 -0.328334 0.861683
15.11800003 20.35300064 331.98498535 0.503954 0.530743 -0.681427
15.41800022 20.05299950 331.99499512 0.483841 0.540764 -0.688093
15.11800003 20.05299950 331.79800415 0.492431 0.522478 -0.696081
14.81799984 20.35300064 331.79598999 0.506508 0.516538 -0.690389
14.51799965 20.35300064 331.54699707 0.510737 0.510737 -0.691589
14.81799984 20.05299950 331.58300781 0.503407 0.510097 -0.697411
11.21800041 8.95300007 331.31698608 0.030632 -0.051758 -0.998190
10.91800022 8.95300007 331.26098633 0.053975 0.032808 -0.998003
11.21800041 8.65299988 331.29800415 0.017196 -0.173106 -0.984753
10.91800022 8.65299988 331.31298828 0.019532 -0.173490 -0.984642
14.51799965 20.95299911 332.03900146 0.509651 0.546656 -0.664397
14.81799984 20.65299988 332.02700806 0.515784 0.529225 -0.673712
14.51799965 20.65299988 331.80200195 0.504583 0.524699 -0.685629
14.21800041 20.95299911 331.79400635 0.500555 0.534037 -0.681358
13.91800022 20.95299911 331.56900024 0.493488 0.536982 -0.684192
14.21800041 20.65299988 331.55700684 0.504305 0.521059 -0.688603
13.91800022 20.65299988 331.36401367 0.489606 0.519684 -0.700153
13.91800022 21.55299950 332.07199097 0.500086 0.574173 -0.648259
14.21800041 21.25300026 332.04199219 0.503288 0.563884 -0.654779
13.91800022 21.25300026 331.82299805 0.494569 0.554923 -0.668926
13.61800003 21.55299950 331.86401367 0.505464 0.555843 -0.659958
13.31799984 21.55299950 331.64199829 0.530484 0.533852 -0.658474
13.61800003 21.25300026 331.59100342 0.497380 0.540922 -0.678245
13.31799984 21.25300026 331.39401245 0.521346 0.521346 -0.675571
13.01799965 21.55299950 331.39898682 0.592613 0.485171 -0.642977
12.84099960 21.55299950 331.21798706 0.625804 0.442235 -0.642493
13.01799965 21.25300026 331.13900757 0.544515 0.497603 -0.675199
12.77299976 21.25300026 330.91799927 0.607872 0.434670 -0.664495
16.91799927 21.64800072 335.11801147 0.619033 0.649067 -0.442166
17.16300011 21.55299950 335.41799927 0.730769 0.542716 -0.414048
1.91799998 1.70700002 337.51800537 -0.459388 -0.846564 -0.268872
2.21799994 1.53400004 337.51800537 -0.447295 -0.850014 -0.278214
1.91799998 1.58000004 337.81799316 -0.474256 -0.846340 -0.242465
2.21799994 1.44400001 337.81799316 -0.458857 -0.852163 -0.251533
2.21799994 1.71099997 336.91799927 -0.439966 -0.844175 -0.306266
1.91799998 1.88600004 336.91799927 -0.446547 -0.841749 -0.303403
2.21799994 1.62699997 337.21798706 -0.443119 -0.847639 -0.291810
1.91799998 1.79200006 337.21798706 -0.452893 -0.845503 -0.282865
2.51799989 1.59899998 336.91799927 -0.446124 -0.840952 -0.306225
15.71800041 23.76300049 337.51800537 0.541445 0.795689 -0.271507
2.51799989 1.45700002 337.21798706 -0.443877 -0.845996 -0.295403
5.51800013 2.35299993 333.11898804 -0.309778 -0.746356 -0.589059
5.51800013 2.42199993 333.01800537 -0.307310 -0.738508 -0.600139
5.69299984 2.35299993 333.01800537 -0.321785 -0.732505 -0.599910
5.81799984 2.35299993 332.95498657 -0.282676 -0.736235 -0.614860
5.81799984 2.56500006 332.71798706 -0.279713 -0.717664 -0.637746
5.51800013 2.71499991 332.71798706 -0.286828 -0.716270 -0.636150
15.71800041 23.88199997 337.81799316 0.539547 0.803878 -0.250337
16.90900040 23.35300064 340.81799316 0.713510 0.696072 0.079925
16.91799927 23.26399994 341.11801147 0.682222 0.726047 0.086191
16.01799965 23.66500092 337.81799316 0.544455 0.800302 -0.251167
0.71799999 5.05299997 348.85699463 -0.524474 -0.602049 0.602049
0.41800001 4.76800013 348.31799316 -0.537715 -0.632110 0.557942
0.11800000 5.02099991 348.31799316 -0.537960 -0.625652 0.564942
-0.18200000 5.56400013 348.61801147 -0.518319 -0.622995 0.585852
0.06200000 5.35300016 348.61801147 -0.517229 -0.625055 0.584620
-0.18200000 5.35300016 348.38000488 -0.527319 -0.635142 0.564383
-0.48199999 5.52500010 348.31799316 -0.512853 -0.650735 0.559934
0.41800001 5.35300016 348.91299438 -0.518484 -0.609683 0.599550
0.41800001 5.05299997 348.62100220 -0.531426 -0.609031 0.588786
-0.48199999 5.24399996 348.01800537 -0.525936 -0.660361 0.536018
-0.18200000 5.00600004 348.01800537 -0.544798 -0.645999 0.534678
-0.18200000 4.78499985 347.71798706 -0.555843 -0.659958 0.505464
-0.48199999 5.04400015 347.71798706 -0.536163 -0.670624 0.512633
-0.48199999 4.83699989 347.41799927 -0.545423 -0.676324 0.495076
-0.18200000 4.55900002 347.41799927 -0.554251 -0.674813 0.487272
-0.48199999 4.60699987 347.11801147 -0.546353 -0.686701 0.479521
-0.78200001 4.83699989 347.11801147 -0.522478 -0.696081 0.492431
-0.78200001 4.40399981 346.51800537 -0.541015 -0.719699 0.435128
-1.08200002 4.83500004 346.81799316 -0.498102 -0.729777 0.468315
-0.78200001 4.63800001 346.81799316 -0.528278 -0.708260 0.468285
-1.08200002 4.66300011 346.51800537 -0.524562 -0.729753 0.438514
-0.78200001 4.24100018 346.21798706 -0.544465 -0.731984 0.409582
-1.08200002 4.32999992 345.91799927 -0.536020 -0.742560 0.401605
-0.78200001 4.10500002 345.91799927 -0.545083 -0.741509 0.391216
-1.08200002 4.48699999 346.21798706 -0.534133 -0.737925 0.412515
-1.38199997 4.68200016 346.21798706 -0.489083 -0.760614 0.426925
-1.38199997 4.54899979 345.91799927 -0.483399 -0.761969 0.430963
-1.38199997 4.35900021 345.61801147 -0.493130 -0.769804 0.405246
-1.38199997 4.20400000 345.31799316 -0.522591 -0.760281 0.385838
-1.38199997 4.06799984 345.01800537 -0.520036 -0.780859 0.346154
-1.38199997 3.94300008 344.71798706 -0.546132 -0.781781 0.300930
3.41799998 2.29500008 334.51800537 -0.365542 -0.790666 -0.491147
3.11800003 2.44099998 334.51800537 -0.371322 -0.792474 -0.483843
3.11800003 2.23799992 334.81799316 -0.382113 -0.788411 -0.482076
3.41799998 2.11100006 334.81799316 -0.364824 -0.795541 -0.483753
3.11800003 2.07900000 335.11801147 -0.386749 -0.800780 -0.457359
3.71799994 2.15499997 334.51800537 -0.369265 -0.788518 -0.491816
11.51799965 8.35299969 331.39401245 -0.043728 -0.183185 -0.982106
11.51799965 8.05300045 331.44601440 -0.024563 -0.190656 -0.981350
3.71799994 2.53999996 333.91799927 -0.364124 -0.775179 -0.516247
4.01800013 2.40100002 333.91799927 -0.363515 -0.773883 -0.518615
3.71799994 2.32399988 334.21798706 -0.365307 -0.786940 -0.497269
4.01800013 2.20400000 334.21798706 -0.369361 -0.782271 -0.501621
3.11800003 2.62700009 334.21798706 -0.362171 -0.790339 -0.494163
3.41799998 2.49900007 334.21798706 -0.358796 -0.789995 -0.497166
4.01800013 2.59299994 333.61801147 -0.350869 -0.761563 -0.544897
4.01800013 2.81200004 333.31799316 -0.334375 -0.747901 -0.573444
3.71799994 2.97600007 333.31799316 -0.341349 -0.749027 -0.567837
3.71799994 2.74600005 333.61801147 -0.354065 -0.764717 -0.538373
4.31799984 2.65899992 333.31799316 -0.327394 -0.746717 -0.578988
11.51799965 8.65299988 331.33499146 -0.012298 -0.144228 -0.989468
11.81799984 8.65299988 331.35000610 -0.005616 -0.158382 -0.987362
11.51799965 8.95300007 331.29000854 0.009478 -0.072666 -0.997311
11.81799984 8.95300007 331.29699707 -0.037793 -0.072347 -0.996663
12.11800003 8.95300007 331.25900269 -0.033468 -0.076654 -0.996496
4.91800022 3.24000001 332.41799927 -0.283487 -0.706315 -0.648656
4.91800022 2.95300007 332.69000244 -0.286244 -0.714810 -0.638052
5.21799994 3.09699988 332.41799927 -0.279413 -0.700928 -0.656222
-1.38199997 5.62300014 347.71798706 -0.321870 -0.773448 0.546057
11.21800041 7.75299978 331.52499390 -0.121172 -0.251464 -0.960252
10.91800022 7.75299978 331.55801392 -0.050390 -0.332059 -0.941912
10.91800022 7.45300007 331.63000488 -0.196885 -0.245767 -0.949123
0.11800000 3.26600003 335.41799927 -0.104536 -0.961474 -0.254242
0.41800001 3.29200006 335.11801147 -0.140811 -0.936461 -0.321268
2.51799989 2.52999997 346.81799316 0.413284 -0.858831 0.302665
0.41800001 3.41000009 334.81799316 -0.053226 -0.941197 -0.333638
1.01800001 3.25999999 334.81799316 -0.339792 -0.837736 -0.427480
0.71799999 3.38700008 334.81799316 -0.246572 -0.883177 -0.398999
1.01800001 3.40700006 334.51800537 -0.310222 -0.837132 -0.450524
0.71799999 3.50699997 334.51800537 -0.179299 -0.884833 -0.430026
10.61800003 7.15299988 331.85800171 -0.140687 -0.323716 -0.935636
10.61800003 7.21500015 331.81799316 -0.151768 -0.307638 -0.939322
10.31799984 7.15299988 331.89599609 -0.105323 -0.376154 -0.920552
10.61800003 6.85300016 331.90100098 -0.248414 -0.209985 -0.945620
10.31799984 6.85300016 331.96301270 -0.154029 -0.298516 -0.941893
1.61800003 3.32500005 334.21798706 -0.371138 -0.798508 -0.473964
1.31799996 3.45799994 334.21798706 -0.351276 -0.812226 -0.465719
1.31799996 3.63100004 333.91799927 -0.321853 -0.810182 -0.489914
1.61800003 3.47700000 333.91799927 -0.351372 -0.794197 -0.495771
10.31799984 6.55299997 332.05899048 -0.229609 -0.189327 -0.954691
14.51799965 24.86599922 338.41799927 0.550754 0.817877 -0.166577
1.91799998 3.98699999 333.01800537 -0.330699 -0.750122 -0.572674
1.91799998 4.22200012 332.71798706 -0.321180 -0.744041 -0.585872
2.21799994 4.08300018 332.71798706 -0.324233 -0.740412 -0.588781
14.81799984 24.63199997 338.41799927 0.553915 0.815110 -0.169627
14.81799984 24.57099915 338.11801147 0.552997 0.808930 -0.199566
14.51799965 24.77799988 338.11801147 0.545010 0.815237 -0.195839
14.51799965 24.69400024 337.81799316 0.553063 0.802634 -0.223382
14.81799984 24.47599983 337.81799316 0.559915 0.795668 -0.231101
14.51799965 24.58499908 337.51800537 0.556740 0.793784 -0.244841
14.81799984 24.38500023 337.51800537 0.564303 0.786273 -0.251670
14.21800041 24.81500053 337.51800537 0.551903 0.802346 -0.227254
2.51799989 4.19099998 332.41799927 -0.304170 -0.729043 -0.613169
2.81800008 4.07000017 332.41799927 -0.297130 -0.727567 -0.618352
2.81800008 4.33900023 332.11801147 -0.290355 -0.717066 -0.633649
3.11800003 3.95400000 332.41799927 -0.304483 -0.720126 -0.623465
3.11800003 4.22200012 332.11801147 -0.289837 -0.712582 -0.638922
3.41799998 4.10400009 332.11801147 -0.290619 -0.704871 -0.647068
3.41799998 4.37900019 331.81799316 -0.272325 -0.702312 -0.657721
7.31799984 5.35300016 329.99099731 -0.124167 -0.541951 -0.831187
7.61800003 5.35300016 329.93399048 -0.111914 -0.542127 -0.832811
7.31799984 5.05299997 330.17800903 -0.124271 -0.545329 -0.828959
7.61800003 5.05299997 330.12701416 -0.105749 -0.551924 -0.827162
3.71799994 4.23999977 331.81799316 -0.272416 -0.692989 -0.667500
4.01800013 4.15299988 331.79199219 -0.258887 -0.690895 -0.675012
4.01800013 4.44399977 331.51800537 -0.251864 -0.685894 -0.682726
4.61800003 3.91199994 331.81799316 -0.261863 -0.684018 -0.680843
4.61800003 4.15299988 331.58300781 -0.248332 -0.675400 -0.694381
4.31799984 4.15299988 331.69799805 -0.254822 -0.688495 -0.678999
4.31799984 4.33599997 331.51800537 -0.241332 -0.676677 -0.695605
5.21799994 4.15299988 331.39199829 -0.233455 -0.643961 -0.728569
4.91800022 4.15299988 331.50100708 -0.244714 -0.661516 -0.708880
4.91800022 4.75299978 330.95901489 -0.199454 -0.641653 -0.740607
7.31799984 5.65299988 329.76400757 -0.123953 -0.535186 -0.835590
5.21799994 4.45300007 331.11499023 -0.209574 -0.634932 -0.743600
4.91800022 4.45300007 331.17599487 -0.216247 -0.648741 -0.729639
5.51800013 4.15299988 331.26901245 -0.226266 -0.631984 -0.741215
5.81799984 3.85299993 331.44400024 -0.227057 -0.646720 -0.728147
5.81799984 4.15299988 331.20098877 -0.223054 -0.622366 -0.750271
5.81799984 4.45300007 330.95498657 -0.205238 -0.615715 -0.760771
5.51800013 4.45300007 331.04199219 -0.209260 -0.621578 -0.754885
5.81799984 4.75299978 330.70199585 -0.195422 -0.613963 -0.764761
5.51800013 4.75299978 330.78698730 -0.192262 -0.622930 -0.758283
7.91800022 5.65299988 329.68399048 -0.086927 -0.522988 -0.847896
8.21800041 5.65299988 329.66101074 -0.086717 -0.521726 -0.848694
7.91800022 5.95300007 329.52499390 -0.086156 -0.492925 -0.865796
8.21800041 5.95300007 329.50201416 -0.082970 -0.485162 -0.870479
6.11800003 4.75299978 330.64801025 -0.198558 -0.604908 -0.771143
6.41800022 4.45300007 330.79800415 -0.204946 -0.605592 -0.768932
6.11800003 4.45300007 330.88900757 -0.205532 -0.610415 -0.764951
6.41800022 4.75299978 330.57199097 -0.190943 -0.591158 -0.783628
7.61800003 4.75299978 330.30899048 -0.096749 -0.561724 -0.821648
0.71799999 3.10999990 346.21798706 -0.563838 -0.728222 0.389590
1.01800001 2.87800002 346.21798706 -0.564798 -0.731782 0.381443
0.71799999 2.96700001 345.91799927 -0.565021 -0.740878 0.363112
1.01800001 2.71600008 345.91799927 -0.564262 -0.746387 0.352867
13.73799992 24.85300064 344.71798706 0.447295 0.850014 0.278214
13.31799984 25.11100006 344.41799927 0.441728 0.844707 0.302235
13.31799984 25.27899933 344.11801147 0.450944 0.831183 0.325245
13.61800003 25.06999969 344.11801147 0.483032 0.834889 0.263893
13.61800003 25.17700005 343.81799316 0.488752 0.830102 0.268426
13.31799984 25.38999939 343.81799316 0.557425 0.786676 0.265366
13.61800003 25.27000046 343.51800537 0.509560 0.826687 0.238615
13.80500031 25.15299988 343.51800537 0.491655 0.837804 0.237403
13.01799965 25.99099922 341.71798706 0.741572 0.666109 0.079817
13.61800003 25.56100082 342.01800537 0.498806 0.856551 0.132336
13.82299995 25.45299911 342.01800537 0.491453 0.864673 0.103989
13.31799984 25.72599983 342.01800537 0.573053 0.812189 0.109361
13.31799984 25.78000069 341.71798706 0.566109 0.819634 0.087869
13.30099964 25.75300026 341.11801147 0.607985 0.791096 0.067236
1.31799996 2.22000003 336.91799927 -0.447932 -0.844716 -0.292938
1.31799996 2.09500003 337.21798706 -0.454553 -0.845931 -0.278895
1.61800003 2.04600000 336.91799927 -0.454818 -0.839784 -0.296486
1.61800003 1.91799998 337.21798706 -0.459379 -0.842968 -0.279958
13.61800003 24.83399963 345.01800537 0.465344 0.846220 0.259549
14.21800041 24.25399971 345.61801147 0.416446 0.843811 0.338460
13.91800022 24.42600060 345.61801147 0.484069 0.811014 0.328532
14.21800041 24.36499977 345.31799316 0.424083 0.846613 0.321558
13.91800022 24.52199936 345.31799316 0.485578 0.818726 0.306433
13.91800022 24.63899994 345.01800537 0.469057 0.833707 0.291408
14.21800041 24.49200058 345.01800537 0.432644 0.848231 0.305487
14.21800041 24.60600090 344.71798706 0.439629 0.856280 0.271130
13.91800022 24.73900032 344.71798706 0.433160 0.858667 0.273977
14.21800041 24.69899940 344.41799927 0.441464 0.866354 0.233539
13.91800022 24.83600044 344.41799927 0.450321 0.859704 0.241081
14.21800041 24.77099991 344.11801147 0.449475 0.861115 0.237601
15.11800003 24.34900093 343.81799316 0.473341 0.855019 0.211876
15.41800022 24.27599907 343.51800537 0.492084 0.847228 0.200144
15.11800003 24.44799995 343.51800537 0.478583 0.853647 0.205535
10.91800022 8.95300007 328.38699341 0.229435 -0.336216 -0.913410
10.91800022 8.71100044 328.51800537 0.284189 -0.374408 -0.882641
11.18599987 8.95300007 328.51800537 0.342561 -0.414515 -0.843107
11.21800041 8.97700024 328.51800537 0.350364 -0.419495 -0.837418
1.61800003 2.28399992 336.31799316 -0.446096 -0.834277 -0.324006
1.31799996 2.43000007 336.31799316 -0.439194 -0.839314 -0.320408
1.31799996 2.33299994 336.61801147 -0.444366 -0.840397 -0.310277
1.61800003 2.16100001 336.61801147 -0.448769 -0.836556 -0.314295
1.91799998 1.22899997 339.61801147 -0.513583 -0.848213 -0.129487
2.21799994 1.05400002 339.61801147 -0.493103 -0.860399 -0.128698
1.91799998 1.26699996 339.31799316 -0.504134 -0.851914 -0.141742
2.21799994 1.09800005 339.31799316 -0.492646 -0.858111 -0.144724
2.51799989 0.92299998 339.31799316 -0.448776 -0.881679 -0.145744
14.51799965 14.95300007 329.07800293 0.289869 0.249887 -0.923868
15.11800003 24.72800064 340.21798706 0.555647 0.828497 -0.069634
15.41800022 24.53499985 340.21798706 0.560002 0.825042 -0.075522
15.11800003 24.69499969 339.91799927 0.562090 0.820622 -0.103122
15.41800022 24.43600082 339.91799927 0.559927 0.821711 -0.106168
15.11800003 24.64200020 339.61801147 0.567808 0.812629 -0.131259
15.41800022 24.42000008 339.61801147 0.555676 0.820985 -0.131181
15.41800022 24.37400055 339.31799316 0.550916 0.822681 -0.140314
15.11800003 24.55200005 339.31799316 0.563341 0.814701 -0.137509
17.21800041 22.75300026 337.99301147 0.749938 0.636913 -0.178702
16.91799927 23.02099991 337.81799316 0.656560 0.719239 -0.227210
17.15500069 22.75300026 337.81799316 0.719247 0.663323 -0.206609
16.91799927 22.92600060 337.51800537 0.648384 0.714967 -0.261573
17.09600067 22.75300026 337.51800537 0.695073 0.676159 -0.244300
16.91799927 22.79400063 337.21798706 0.643731 0.707944 -0.290562
17.21800041 22.50600052 337.21798706 0.709301 0.648732 -0.275751
17.28700066 22.45299911 337.21798706 0.724152 0.635026 -0.268971
16.91799927 22.65999985 336.91799927 0.636110 0.704091 -0.315627
17.12299919 22.45299911 336.91799927 0.668475 0.674949 -0.312386
16.61800003 22.90900040 336.91799927 0.590344 0.735908 -0.331563
16.01799965 23.54800034 337.51800537 0.541445 0.795689 -0.271507
7.01800013 4.15299988 330.85998535 -0.181099 -0.598083 -0.780704
7.31799984 4.75299978 330.36499023 -0.130966 -0.557708 -0.819640
7.61800003 4.45300007 330.53399658 -0.094301 -0.593373 -0.799385
7.61800003 4.74200010 330.31799316 -0.096749 -0.561724 -0.821648
7.31799984 4.45300007 330.57101440 -0.141329 -0.584654 -0.798878
6.71799994 4.45300007 330.70300293 -0.191160 -0.597950 -0.778405
7.01800013 4.75299978 330.40399170 -0.160173 -0.564349 -0.809848
6.71799994 4.75299978 330.48599243 -0.177502 -0.578020 -0.796484
7.01800013 4.45300007 330.61099243 -0.174165 -0.589132 -0.789044
7.01800013 5.35300016 330.04000854 -0.140084 -0.544116 -0.827233
6.71799994 5.35300016 330.07699585 -0.140655 -0.552257 -0.821723
7.01800013 5.05299997 330.22198486 -0.140200 -0.547518 -0.824966
6.71799994 5.05299997 330.25399780 -0.159933 -0.557522 -0.814611
6.11800003 5.05299997 330.38400269 -0.174582 -0.590543 -0.787896
6.41800022 5.35300016 330.12399292 -0.147148 -0.563323 -0.813028
6.11800003 5.35300016 330.19100952 -0.151101 -0.575979 -0.803378
6.41800022 5.05299997 330.31600952 -0.170257 -0.571040 -0.803072
5.81799984 5.05299997 330.46701050 -0.181387 -0.608179 -0.772798
5.51800013 5.05299997 330.53799438 -0.181725 -0.621529 -0.762022
5.81799984 5.35300016 330.23699951 -0.151583 -0.592826 -0.790936
5.51800013 5.35300016 330.29998779 -0.164800 -0.609307 -0.775619
5.81799984 5.65299988 330.02999878 -0.137900 -0.576807 -0.805157
5.51800013 5.65299988 330.06799316 -0.141504 -0.591338 -0.793912
5.81799984 5.95300007 329.80499268 -0.124968 -0.560152 -0.818910
5.51800013 5.95300007 329.86099243 -0.134381 -0.565582 -0.813670
5.21799994 5.65299988 330.10299683 -0.155142 -0.604001 -0.781737
4.91800022 5.65299988 330.17999268 -0.168528 -0.611864 -0.772801
5.21799994 5.95300007 329.89401245 -0.150738 -0.574597 -0.804435
4.91800022 5.95300007 329.96099854 -0.161010 -0.579334 -0.799029
4.61800003 5.95300007 330.03399658 -0.171226 -0.589441 -0.789456
4.31799984 5.95300007 330.10299683 -0.165187 -0.610739 -0.774410
4.61800003 5.65299988 330.26599121 -0.181562 -0.614870 -0.767444
5.21799994 6.55299997 329.51300049 -0.130094 -0.530609 -0.837573
4.91800022 6.55299997 329.57800293 -0.127661 -0.544392 -0.829060
5.21799994 6.25299978 329.68301392 -0.136971 -0.546410 -0.826242
4.91800022 6.25299978 329.73001099 -0.150440 -0.555584 -0.817737
4.61800003 6.55299997 329.61401367 -0.109205 -0.566411 -0.816855
4.31799984 6.55299997 329.66900635 -0.082163 -0.598202 -0.797122
4.61800003 6.25299978 329.79098511 -0.144301 -0.575718 -0.804815
4.31799984 6.25299978 329.86999512 -0.132101 -0.601134 -0.788154
2.51799989 1.07200003 343.51800537 -0.207026 -0.951235 0.228675
2.51799989 1.15100002 343.81799316 -0.186620 -0.954581 0.232268
2.51799989 1.15300000 343.82400513 -0.186620 -0.954581 0.232268
1.01800001 2.57699990 336.31799316 -0.428175 -0.845451 -0.319185
0.71799999 2.61700010 336.61801147 -0.427820 -0.857174 -0.286747
13.01799965 26.05299950 341.48199463 0.743373 0.665427 0.067842
13.03499985 26.05299950 341.41799927 0.781160 0.618841 0.082609
13.06299973 26.05299950 341.11801147 0.805483 0.577040 0.134989
1.01800001 2.47099996 336.61801147 -0.438485 -0.847530 -0.299037
17.21800041 22.94300079 338.71798706 0.809731 0.574601 -0.119035
14.51799965 23.72500038 346.51800537 0.295229 0.876602 0.380012
2.51799989 8.65299988 352.42401123 -0.434386 -0.373922 0.819446
14.81799984 24.36599922 344.41799927 0.448306 0.861894 0.236983
14.51799965 24.53199959 344.41799927 0.433477 0.871454 0.229488
14.51799965 24.59300041 344.11801147 0.434515 0.873509 0.219497
14.81799984 24.43899918 344.11801147 0.447011 0.868606 0.213788
14.81799984 24.23200035 345.01800537 0.417303 0.863649 0.282788
14.51799965 24.34499931 345.01800537 0.411146 0.863560 0.291929
14.81799984 24.32299995 344.71798706 0.428901 0.865379 0.259159
14.51799965 24.44899940 344.71798706 0.425913 0.862513 0.273256
15.11800003 24.30299950 344.11801147 0.463597 0.859679 0.214545
15.41800022 24.18899918 343.81799316 0.481185 0.852941 0.202367
15.71800041 23.94199944 344.41799927 0.495318 0.844601 0.203246
15.71800041 23.95800018 344.11801147 0.504706 0.848083 0.161328
15.41800022 24.07500076 344.41799927 0.469793 0.857034 0.211632
15.11800003 24.24900055 344.41799927 0.452946 0.865531 0.213767
15.41800022 24.12999916 344.11801147 0.473185 0.858302 0.198529
15.71800041 24.00900078 343.81799316 0.517193 0.839134 0.168423
16.01799965 23.85899925 343.81799316 0.561289 0.814389 0.147394
16.28400040 23.65299988 343.81799316 0.662540 0.744083 0.085912
15.71800041 24.08300018 343.51800537 0.522323 0.832406 0.185146
16.01799965 23.91500092 343.51800537 0.572017 0.797773 0.190672
16.31299973 23.65299988 343.51800537 0.662176 0.726703 0.182828
16.01799965 24.01799965 343.21798706 0.566128 0.802900 0.186686
15.71800041 24.15399933 343.21798706 0.522323 0.832406 0.185146
16.01799965 24.06999969 342.91799927 0.571429 0.805400 0.157480
15.71800041 24.22200012 342.91799927 0.513034 0.844214 0.155241
9.41800022 6.63100004 329.11801147 0.056315 -0.465630 -0.883186
9.11800003 6.55299997 329.13500977 -0.003911 -0.428867 -0.903359
9.11800003 6.25299978 329.31399536 0.022661 -0.451891 -0.891785
5.51800013 2.87199998 338.41799927 -0.164459 -0.967329 -0.192948
5.81799984 2.76200008 338.11801147 -0.381568 -0.907474 -0.175778
6.00000000 2.65300012 338.11801147 -0.461681 -0.865466 -0.194470
5.51800013 2.85400009 338.11801147 -0.253920 -0.952535 -0.167936
15.41800022 20.95299911 332.76901245 0.531383 0.585365 -0.612356
15.41800022 20.65299988 332.50601196 0.520309 0.567457 -0.638178
15.11800003 20.88100052 332.41799927 0.527319 0.564383 -0.635142
15.11800003 20.65299988 332.23001099 0.515749 0.545989 -0.660226
10.91800022 17.05299950 328.17401123 0.391376 0.157974 -0.906570
11.21800041 17.05299950 328.28399658 0.383646 0.198338 -0.901930
10.91800022 17.35300064 328.23300171 0.424992 0.169707 -0.889147
11.21800041 17.35300064 328.38000488 0.413621 0.191464 -0.890089
11.51799965 17.05299950 328.42401123 0.382810 0.224406 -0.896158
11.51799965 17.35300064 328.50799561 0.402255 0.230072 -0.886148
11.81799984 17.05299950 328.56100464 0.373423 0.240585 -0.895921
11.81799984 17.35300064 328.61999512 0.388771 0.251733 -0.886278
13.31799984 15.85299969 328.85101318 0.361844 0.222338 -0.905337
13.61800003 15.85299969 328.97399902 0.357953 0.232305 -0.904380
13.31799984 16.15299988 328.93499756 0.367489 0.232792 -0.900422
13.61800003 16.15299988 329.04098511 0.365411 0.239205 -0.899586
14.21800041 15.85299969 329.20800781 0.380216 0.244108 -0.892103
13.91800022 16.15299988 329.17498779 0.371327 0.247058 -0.895030
14.21800041 16.15299988 329.30099487 0.386671 0.258278 -0.885312
13.91800022 15.85299969 329.10299683 0.371246 0.230378 -0.899501
1.31799996 2.03299999 337.51800537 -0.461729 -0.848292 -0.259243
1.61800003 1.84200001 337.51800537 -0.464137 -0.847089 -0.258875
1.31799996 1.94500005 337.81799316 -0.468369 -0.853372 -0.228880
1.61800003 1.75800002 337.81799316 -0.473380 -0.847822 -0.238973
0.71799999 2.32100010 337.51800537 -0.460530 -0.849149 -0.258570
1.01800001 2.19600010 337.51800537 -0.457281 -0.851858 -0.255405
0.71799999 2.23099995 337.81799316 -0.463590 -0.856207 -0.228020
1.01800001 2.07399988 337.81799316 -0.464792 -0.855398 -0.228611
0.41800001 2.50300002 337.51800537 -0.465206 -0.849572 -0.248618
0.11800000 2.58299994 337.81799316 -0.453827 -0.864219 -0.217178
0.41800001 2.39700007 337.81799316 -0.470731 -0.852159 -0.228554
4.91800022 6.85300016 329.38699341 -0.102206 -0.534064 -0.839243
5.21799994 6.85300016 329.33801270 -0.117486 -0.520711 -0.845611
4.91800022 7.15299988 329.18200684 -0.081096 -0.530681 -0.843683
5.21799994 7.15299988 329.13699341 -0.092677 -0.511862 -0.854054
-0.48199999 2.74399996 338.71798706 -0.365556 -0.924159 -0.110899
-0.48199999 2.74300003 339.01800537 -0.403407 -0.910076 -0.095000
-0.18200000 2.56800008 338.71798706 -0.453107 -0.881916 -0.130072
-0.18200000 2.52399993 339.01800537 -0.463144 -0.879548 -0.109058
-0.78200001 2.81699991 338.71798706 -0.143856 -0.988580 -0.044883
-0.78200001 2.83899999 339.01800537 -0.223797 -0.973818 -0.039920
16.93199921 20.35300064 333.61801147 0.735959 0.423135 -0.528508
16.96699905 20.05299950 333.61801147 0.813021 0.236038 -0.532243
16.91799927 20.65299988 333.88000488 0.681060 0.490296 -0.543844
16.67600060 20.35300064 333.31799316 0.666075 0.501653 -0.551986
16.80800056 20.05299950 333.31799316 0.827142 0.309197 -0.469289
7.91800022 4.75299978 330.28201294 -0.058062 -0.573540 -0.817117
16.31800079 20.97699928 333.61801147 0.569241 0.599646 -0.562485
16.61800003 20.76199913 333.61801147 0.597483 0.567016 -0.567016
16.31800079 20.72400093 333.31799316 0.569436 0.579575 -0.582954
15.71800041 21.25000000 333.31799316 0.534897 0.609142 -0.585518
15.71800041 21.52300072 333.61801147 0.538064 0.622400 -0.568425
16.01799965 21.25300026 333.59100342 0.541671 0.615919 -0.572045
16.01799965 21.80299950 334.21798706 0.543624 0.661437 -0.516695
15.71800041 21.77199936 333.91799927 0.533852 0.658474 -0.530484
16.01799965 21.54599953 333.91799927 0.552426 0.630137 -0.545668
15.41800022 21.75000000 333.61801147 0.524450 0.645867 -0.554804
15.11800003 21.78000069 333.31799316 0.532007 0.629964 -0.565786
15.41800022 21.51499939 333.31799316 0.535899 0.613664 -0.579853
15.11800003 22.01700020 333.61801147 0.534854 0.642838 -0.548352
15.41800022 22.26399994 334.21798706 0.534661 0.675449 -0.507844
15.11800003 22.25799942 333.91799927 0.543624 0.661437 -0.516695
15.41800022 22.03700066 333.91799927 0.532429 0.663437 -0.525710
15.11800003 22.49500084 334.21798706 0.541822 0.679374 -0.494853
7.91800022 5.35300016 329.88500977 -0.090294 -0.537462 -0.838440
8.21800041 5.35300016 329.85699463 -0.060471 -0.544238 -0.836749
14.51799965 22.51799965 333.61801147 0.543612 0.647958 -0.533514
7.91800022 5.05299997 330.10501099 -0.072517 -0.558805 -0.826122
8.21800041 5.13399982 330.01800537 -0.031818 -0.554739 -0.831416
14.51799965 22.96800041 334.21798706 0.539519 0.689850 -0.482728
14.81799984 22.74799919 334.21798706 0.547436 0.678017 -0.490516
14.51799965 22.77499962 333.91799927 0.541853 0.669347 -0.508301
14.81799984 22.52599907 333.91799927 0.540038 0.664532 -0.516485
14.21800041 22.98500061 333.91799927 0.533708 0.684284 -0.496901
13.91800022 23.42799950 334.21798706 0.554593 0.671878 -0.490924
14.21800041 23.19700050 334.21798706 0.529025 0.695910 -0.485635
13.91800022 23.20599937 333.91799927 0.550439 0.687630 -0.473478
13.61800003 23.43899918 333.91799927 0.605062 0.641936 -0.470976
13.61800003 24.12400055 334.81799316 0.603991 0.690039 -0.398800
13.82800007 23.95299911 334.81799316 0.561632 0.707424 -0.429093
13.61800003 23.94599915 334.51800537 0.602750 0.659519 -0.449141
13.90699959 23.65299988 334.51800537 0.561194 0.678459 -0.474083
13.61800003 23.65500069 334.21798706 0.586951 0.647496 -0.486042
13.41199970 23.65299988 333.91799927 0.690835 0.567650 -0.447794
0.41800001 3.22700000 335.41799927 -0.230421 -0.920253 -0.316292
2.51799989 2.65300012 347.55499268 0.203716 -0.905885 0.371312
0.41800001 2.60299993 337.21798706 -0.441691 -0.860615 -0.253479
0.11800000 2.76600003 337.21798706 -0.397663 -0.888460 -0.229137
0.41800001 2.69899988 336.91799927 -0.420462 -0.872571 -0.248660
0.11800000 2.83999991 336.91799927 -0.357953 -0.904380 -0.232305
-0.78200001 3.66199994 345.01800537 -0.541936 -0.770289 0.336097
-1.08200002 3.72499990 344.71798706 -0.536155 -0.787527 0.303874
-0.78200001 3.54299998 344.71798706 -0.545607 -0.781029 0.303822
0.71799999 2.45000005 337.21798706 -0.454139 -0.848240 -0.272483
1.01800001 2.26600003 337.21798706 -0.454942 -0.846655 -0.276050
1.01800001 2.37100005 336.91799927 -0.449252 -0.847558 -0.282519
0.71799999 2.52999997 336.91799927 -0.442460 -0.855830 -0.267925
-0.18200000 3.08100009 344.71798706 -0.547520 -0.782399 0.296772
0.71799999 2.81200004 345.61801147 -0.566930 -0.754291 0.331113
0.71799999 2.69300008 345.31799316 -0.563484 -0.767807 0.304888
1.31799996 2.41899991 345.61801147 -0.554033 -0.766011 0.325996
1.61800003 2.17899990 345.61801147 -0.513409 -0.791706 0.331077
1.61800003 2.06100011 345.31799316 -0.540586 -0.782973 0.307767
1.31799996 2.28099990 345.31799316 -0.559085 -0.772525 0.301046
17.21800041 23.16200066 339.91799927 0.745272 0.660349 -0.092244
16.91799927 23.42099953 339.91799927 0.679775 0.731294 -0.055813
17.21800041 23.18000031 340.21798706 0.686096 0.727510 -0.001380
16.91799927 23.45000076 340.21798706 0.688842 0.724878 0.006930
-1.38199997 5.40100002 347.41799927 -0.351778 -0.785477 0.509194
-1.38199997 5.23400021 347.11801147 -0.425344 -0.770834 0.474234
-0.78200001 5.05900002 347.41799927 -0.508908 -0.699123 0.502234
-1.08200002 5.26100016 347.41799927 -0.437580 -0.738107 0.513538
-1.08200002 5.05800009 347.11801147 -0.471666 -0.729841 0.494836
17.21800041 23.19899940 340.51800537 0.720061 0.684429 0.114319
16.91799927 23.47999954 340.51800537 0.686992 0.724282 0.058803
0.41800001 2.03600001 340.21798706 -0.511371 -0.857829 -0.051276
0.71799999 1.86699998 340.21798706 -0.498391 -0.864895 -0.059696
1.01800001 1.73099995 340.21798706 -0.510685 -0.856769 -0.071749
0.71799999 1.89100003 339.91799927 -0.493971 -0.865505 -0.083032
1.01800001 1.74300003 339.91799927 -0.501804 -0.860032 -0.092400
3.71799994 1.45899999 335.71798706 -0.360951 -0.833814 -0.417695
4.31799984 1.05999994 336.01800537 -0.405367 -0.843603 -0.352153
4.31799984 1.23199999 335.71798706 -0.374766 -0.827015 -0.419042
4.53399992 1.15300000 335.71798706 -0.314891 -0.861725 -0.397837
4.01800013 1.15300000 336.07901001 -0.375795 -0.849827 -0.369558
4.01800013 1.16999996 336.01800537 -0.371138 -0.852531 -0.368032
3.71799994 1.30400002 336.01800537 -0.370641 -0.846062 -0.383152
4.01800013 1.30100000 335.71798706 -0.360941 -0.830636 -0.423987
16.31800079 23.48900032 337.81799316 0.551555 0.795302 -0.251559
16.61800003 23.22599983 337.81799316 0.597226 0.763384 -0.246101
16.31800079 23.36599922 337.51800537 0.551722 0.785689 -0.279813
16.61800003 23.16699982 337.51800537 0.593441 0.758022 -0.270609
15.41800022 24.21699905 338.41799927 0.545705 0.819310 -0.175889
15.41800022 24.15200043 338.11801147 0.550435 0.808021 -0.210055
15.41800022 24.31500053 339.01800537 0.548903 0.825562 -0.130971
15.11800003 24.49500084 339.01800537 0.563568 0.815029 -0.134606
15.41800022 24.27400017 338.71798706 0.549962 0.822719 -0.143791
15.11800003 24.50000000 338.71798706 0.555423 0.819063 -0.143669
15.11800003 24.45299911 338.41799927 0.553915 0.815110 -0.169627
15.11800003 24.37800026 338.11801147 0.552567 0.806657 -0.209700
1.61800003 1.45000005 339.31799316 -0.498612 -0.856218 -0.135192
1.61800003 1.39900005 339.61801147 -0.509272 -0.852635 -0.116859
5.21799994 2.80699992 338.41799927 0.053429 -0.936958 -0.345332
4.91800022 2.79800010 338.41799927 0.205813 -0.924027 -0.322203
5.21799994 2.93199992 338.11801147 -0.060978 -0.966930 -0.247644
5.21799994 2.75399995 338.71798706 0.119316 -0.899781 -0.419711
1.61800003 7.45300007 351.41101074 -0.462575 -0.439691 0.769868
1.31799996 7.75299978 351.43200684 -0.466256 -0.420768 0.778177
1.61800003 7.75299978 351.57299805 -0.465211 -0.406857 0.786159
1.01800001 9.25300026 351.92898560 -0.430713 -0.318759 0.844322
1.01800001 9.55300045 352.03399658 -0.461610 -0.248325 0.851617
1.30599999 9.55300045 352.21798706 -0.547518 -0.140200 0.824966
5.51800013 6.25299978 329.64498901 -0.127553 -0.541000 -0.831293
5.81799984 6.25299978 329.60000610 -0.121390 -0.545525 -0.829257
5.51800013 6.55299997 329.45700073 -0.130177 -0.525095 -0.841029
5.81799984 6.55299997 329.43600464 -0.123388 -0.518228 -0.846295
5.51800013 6.85300016 329.27099609 -0.119998 -0.510353 -0.851552
5.81799984 6.85300016 329.23098755 -0.113502 -0.501419 -0.857728
6.11800003 6.55299997 329.37899780 -0.110725 -0.510486 -0.852727
6.41800022 6.55299997 329.30899048 -0.098414 -0.500627 -0.860051
6.11800003 6.25299978 329.56201172 -0.114879 -0.545310 -0.830325
6.41800022 6.25299978 329.51599121 -0.108590 -0.534263 -0.838315
0.41800001 3.20099998 345.91799927 -0.567076 -0.737035 0.367701
2.21799994 2.51500010 347.11801147 -0.191196 -0.891764 0.410124
6.11800003 6.85300016 329.18200684 -0.100920 -0.490388 -0.865641
6.41800022 6.85300016 329.15200806 -0.085574 -0.478373 -0.873977
6.11800003 7.15299988 329.03601074 -0.088276 -0.469405 -0.878559
6.41800022 7.15299988 329.02801514 -0.082316 -0.461807 -0.883153
6.71799994 6.85300016 329.13800049 -0.070846 -0.470919 -0.879327
7.01800013 6.85300016 329.12500000 -0.067837 -0.466555 -0.881887
6.71799994 7.15299988 329.00299072 -0.070434 -0.454370 -0.888024
7.01800013 7.15299988 328.97000122 -0.064539 -0.449025 -0.891185
6.71799994 7.75299978 328.69198608 -0.050231 -0.443932 -0.894652
7.01800013 7.75299978 328.66598511 -0.049859 -0.429870 -0.901513
6.71799994 7.45300007 328.82901001 -0.055984 -0.449241 -0.891655
7.01800013 7.45300007 328.82901001 -0.058491 -0.439361 -0.896405
7.31799984 7.45300007 328.79901123 -0.055503 -0.431844 -0.900239
7.61800003 7.45300007 328.77398682 -0.046989 -0.420212 -0.906208
7.31799984 7.75299978 328.65899658 -0.044036 -0.415009 -0.908751
7.61800003 7.75299978 328.62799072 -0.032876 -0.398462 -0.916595
13.61800003 22.51099968 332.71798706 0.549933 0.597312 -0.583775
13.61800003 22.76000023 333.01800537 0.558781 0.612802 -0.558781
13.91800022 22.52700043 333.01800537 0.532299 0.620170 -0.576235
14.81799984 22.94899940 334.51800537 0.546432 0.693485 -0.469564
15.11800003 22.68700027 334.51800537 0.549174 0.689388 -0.472390
15.41800022 22.45999908 334.51800537 0.539140 0.692704 -0.479050
15.41800022 22.66900063 334.81799316 0.544321 0.700792 -0.461091
15.11800003 22.88999939 334.81799316 0.550650 0.700373 -0.454161
13.91800022 25.43600082 339.91799927 0.531263 0.845255 -0.057472
14.21800041 25.29000092 339.91799927 0.522664 0.849506 -0.071849
14.21800041 25.29199982 340.21798706 0.522145 0.851775 -0.042935
15.41800022 22.85799980 335.11801147 0.548758 0.711230 -0.439338
15.41800022 23.05100060 335.41799927 0.551857 0.729769 -0.403597
15.11800003 23.10499954 335.11801147 0.551358 0.713620 -0.432146
15.11800003 23.27899933 335.41799927 0.554875 0.729405 -0.400103
15.71800041 23.12599945 336.01800537 0.549748 0.745504 -0.376830
15.41800022 23.20999908 335.71798706 0.549406 0.739647 -0.388684
15.11800003 23.41099930 335.71798706 0.552388 0.739250 -0.385197
15.41800022 23.35000038 336.01800537 0.548407 0.750195 -0.369402
15.11800003 23.53700066 336.01800537 0.554899 0.750171 -0.359626
16.01799965 22.73900032 335.71798706 0.554268 0.731897 -0.396376
15.71800041 22.99200058 335.71798706 0.552317 0.735877 -0.391703
16.01799965 22.91099930 336.01800537 0.554660 0.737911 -0.384499
7.91800022 7.45300007 328.75698853 -0.038418 -0.406699 -0.912754
8.21800041 7.45300007 328.74600220 -0.022149 -0.394766 -0.918515
7.91800022 7.75299978 328.62298584 -0.016765 -0.380437 -0.924655
8.21800041 7.75299978 328.61599731 -0.003822 -0.370729 -0.928733
7.31799984 8.05300045 328.53500366 -0.024939 -0.402965 -0.914875
7.91800022 8.05300045 328.51901245 -0.001273 -0.372926 -0.927860
8.21800041 8.05300045 328.51300049 0.008895 -0.357091 -0.934027
7.91800022 8.35299969 328.38900757 0.016622 -0.361841 -0.932092
8.21800041 8.35299969 328.40701294 0.024284 -0.348918 -0.936839
8.81799984 8.05300045 328.52398682 0.006273 -0.334978 -0.942205
8.51799965 8.05300045 328.51599121 0.011369 -0.344863 -0.938584
8.51799965 8.35299969 328.41900635 0.024194 -0.337448 -0.941033
8.81799984 8.35299969 328.42599487 0.018879 -0.325971 -0.945191
9.71800041 9.25300026 328.16299438 0.075498 -0.275120 -0.958441
10.01799965 9.25300026 328.19299316 0.088446 -0.265339 -0.960090
9.71800041 9.55300045 328.07699585 0.085441 -0.256324 -0.962807
10.01799965 9.55300045 328.11499023 0.098754 -0.250091 -0.963173
10.31799984 9.25300026 328.20700073 0.110909 -0.270095 -0.956424
10.31799984 9.55300045 328.13198853 0.103896 -0.247556 -0.963287
10.61800003 9.55300045 328.18499756 0.132658 -0.256121 -0.957499
10.61800003 9.25300026 328.25601196 0.146103 -0.274781 -0.950342
10.91800022 9.25300026 328.28100586 0.204570 -0.314615 -0.926914
11.21800041 9.25300026 328.29800415 0.299565 -0.359779 -0.883640
10.91800022 9.55300045 328.23001099 0.175342 -0.267771 -0.947393
11.21800041 9.55300045 328.24200439 0.237672 -0.291753 -0.926494
10.31799984 9.85299969 328.07199097 0.113028 -0.219707 -0.968996
10.61800003 9.85299969 328.11099243 0.124092 -0.216202 -0.968431
10.31799984 10.15299988 328.01501465 0.117321 -0.200581 -0.972627
10.61800003 10.15299988 328.04199219 0.130503 -0.196388 -0.971803
10.91800022 9.85299969 328.13598633 0.140706 -0.212995 -0.966869
11.21800041 9.85299969 328.18399048 0.201584 -0.234053 -0.951096
10.91800022 10.15299988 328.05999756 0.149934 -0.190941 -0.970083
11.21800041 10.15299988 328.10900879 0.180318 -0.182912 -0.966452
11.51799965 10.15299988 328.19699097 0.235134 -0.205232 -0.950048
11.51799965 9.85299969 328.27398682 0.241098 -0.187222 -0.952271
11.81799984 10.15299988 328.27099609 0.307308 -0.235841 -0.921923
16.86000061 23.35300064 341.11801147 0.778496 0.621342 0.088763
16.87999916 23.35300064 341.41799927 0.847485 0.529505 0.037328
14.81799984 16.15299988 329.60101318 0.384332 0.313897 -0.868192
14.51799965 16.15299988 329.43701172 0.404240 0.271007 -0.873582
14.81799984 15.85299969 329.49200439 0.362395 0.290217 -0.885688
14.51799965 15.85299969 329.33898926 0.384543 0.264841 -0.884300
15.10799980 16.15299988 329.71798706 0.336633 0.345772 -0.875854
14.81799984 16.75300026 329.80700684 0.424083 0.321558 -0.846613
14.51799965 16.75300026 329.63699341 0.422391 0.307896 -0.852517
14.81799984 16.45299911 329.68099976 0.410731 0.303049 -0.859920
14.51799965 16.45299911 329.52899170 0.419508 0.293502 -0.858993
14.21800041 16.75300026 329.46398926 0.414377 0.303465 -0.858021
13.91800022 16.75300026 329.32998657 0.394801 0.294195 -0.870391
14.21800041 16.45299911 329.36801147 0.408974 0.281264 -0.868119
13.91800022 16.45299911 329.24600220 0.382697 0.268638 -0.883955
13.31799984 13.15299988 328.46301270 0.407685 0.038511 -0.912310
13.31799984 12.85299969 328.42401123 0.413312 0.057891 -0.908747
14.21800041 17.35300064 329.72198486 0.420780 0.342568 -0.839995
13.91800022 17.35300064 329.57101440 0.413863 0.338899 -0.844905
14.21800041 17.05299950 329.61199951 0.418545 0.325189 -0.847981
13.91800022 17.05299950 329.45901489 0.402543 0.316173 -0.859066
13.91800022 17.65299988 329.68499756 0.420780 0.342568 -0.839995
13.61800003 17.35300064 329.42700195 0.397225 0.326126 -0.857820
13.31799984 17.35300064 329.29800415 0.393907 0.308075 -0.865983
13.61800003 17.05299950 329.32101440 0.386645 0.307176 -0.869568
13.31799984 17.05299950 329.18099976 0.382938 0.292123 -0.876369
13.56900024 12.85299969 328.81799316 0.468658 0.073706 -0.880299
13.61800003 13.15299988 328.67898560 0.513737 -0.054297 -0.856228
13.55099964 12.85299969 328.51800537 0.466466 0.070593 -0.881718
13.61800003 17.95299911 329.68099976 0.419495 0.350364 -0.837418
13.31799984 17.95299911 329.50698853 0.413863 0.338899 -0.844905
13.61800003 17.65299988 329.54998779 0.413206 0.335243 -0.846683
13.31799984 17.65299988 329.40499878 0.404545 0.327046 -0.854040
13.61800003 13.75300026 328.61300659 0.398582 -0.003870 -0.917125
13.61800003 13.45300007 328.63400269 0.466718 -0.053378 -0.882794
13.61800003 18.55299950 329.92999268 0.446216 0.385441 -0.807667
13.31799984 18.55299950 329.77398682 0.439417 0.366446 -0.820140
13.61800003 18.25300026 329.79699707 0.432012 0.365549 -0.824463
13.31799984 18.25300026 329.64401245 0.426885 0.351274 -0.833292
13.01799965 18.55299950 329.62100220 0.433798 0.354925 -0.828159
12.71800041 18.55299950 329.45300293 0.418393 0.349444 -0.838353
13.01799965 18.25300026 329.49798584 0.426811 0.336133 -0.839551
13.31799984 13.75300026 328.47698975 0.353243 0.059093 -0.933664
12.71800041 18.25300026 329.36199951 0.415124 0.331166 -0.847350
13.31799984 13.45300007 328.47000122 0.396984 0.019524 -0.917618
13.01799965 19.15299988 329.88500977 0.444851 0.399884 -0.801374
12.71800041 19.15299988 329.71798706 0.446765 0.382713 -0.808661
13.01799965 18.85300064 329.74301147 0.438716 0.378093 -0.815214
12.71800041 18.85300064 329.57400513 0.429433 0.366048 -0.825588
12.41800022 19.15299988 329.57901001 0.482057 0.342054 -0.806610
12.11800003 19.15299988 329.43200684 0.538274 0.282554 -0.793993
12.41800022 18.85300064 329.41799927 0.446382 0.339124 -0.828093
12.11800003 18.85300064 329.29000854 0.482406 0.291941 -0.825866
12.41800022 19.75300026 329.86700439 0.550508 0.337408 -0.763608
12.09500027 20.05299950 329.71798706 0.693114 0.255358 -0.674081
12.11800003 19.75300026 329.61401367 0.653623 0.251637 -0.713762
12.41800022 19.45299911 329.70800781 0.512857 0.352087 -0.782951
12.11800003 19.45299911 329.53100586 0.594353 0.274195 -0.756017
11.92500019 19.75300026 329.41799927 0.744936 0.159304 -0.647837
0.71799999 8.35299969 351.37399292 -0.433641 -0.443386 0.784452
1.01800001 8.05300045 351.32998657 -0.453571 -0.427560 0.781963
13.01799965 13.75300026 328.36801147 0.326543 0.061146 -0.943202
12.71800041 13.75300026 328.30300903 0.284746 0.065121 -0.956389
13.01799965 13.45300007 328.36099243 0.347617 0.037475 -0.936887
12.71800041 13.45300007 328.29000854 0.275482 0.054090 -0.959783
6.41800022 8.05300045 328.54800415 -0.049981 -0.430916 -0.901007
6.11800003 8.05300045 328.55398560 -0.064220 -0.435876 -0.897713
6.41800022 8.35299969 328.38800049 -0.041272 -0.414052 -0.909317
6.11800003 8.35299969 328.41799927 -0.047056 -0.428883 -0.902134
7.01800013 8.65299988 328.26699829 -0.001276 -0.379080 -0.925363
6.71799994 8.65299988 328.27999878 -0.011616 -0.391087 -0.920280
7.01800013 8.95300007 328.15701294 0.016661 -0.362705 -0.931755
6.71799994 8.95300007 328.15701294 0.006397 -0.379970 -0.924977
6.41800022 8.65299988 328.27999878 -0.024913 -0.405161 -0.913906
6.11800003 8.65299988 328.30398560 -0.035921 -0.421738 -0.906006
6.41800022 8.95300007 328.12600708 -0.003880 -0.404815 -0.914390
6.11800003 8.95300007 328.15301514 -0.014454 -0.424423 -0.905349
5.81799984 9.25300026 327.99499512 0.053499 -0.473257 -0.879298
6.41800022 9.25300026 328.00799561 0.022262 -0.402024 -0.915358
6.11800003 9.25300026 328.00900269 0.017144 -0.428590 -0.903336
6.41800022 9.55300045 327.89599609 0.065951 -0.394361 -0.916586
6.11800003 9.55300045 327.88000488 0.047050 -0.423447 -0.904698
6.41800022 9.85299969 327.74499512 0.118630 -0.400549 -0.908563
6.41800022 10.15299988 327.61599731 0.194814 -0.420388 -0.886184
12.41800022 13.75300026 328.20599365 0.271875 0.051368 -0.960961
12.11800003 13.75300026 328.13598633 0.264156 0.040926 -0.963611
12.41800022 13.45300007 328.21301270 0.261790 0.045906 -0.964032
12.11800003 13.45300007 328.12298584 0.261725 0.033176 -0.964572
11.81799984 14.35299969 328.06500244 0.273256 0.083388 -0.958320
11.51799965 14.35299969 328.00299072 0.268448 0.072519 -0.960561
11.81799984 14.05300045 328.05099487 0.270131 0.056539 -0.961162
11.51799965 14.05300045 327.97198486 0.264219 0.053846 -0.962959
11.81799984 13.75300026 328.05499268 0.265267 0.033313 -0.963599
11.51799965 13.75300026 327.96301270 0.261745 0.030721 -0.964648
11.81799984 13.45300007 328.04000854 0.259932 0.025627 -0.965287
11.51799965 13.45300007 327.96099854 0.256473 0.020664 -0.966331
11.21800041 13.75300026 327.89801025 0.254171 0.025539 -0.966822
10.91800022 13.75300026 327.80200195 0.249582 0.018086 -0.968185
11.21800041 13.45300007 327.86401367 0.247303 0.008363 -0.968902
10.91800022 13.45300007 327.79998779 0.240582 -0.003555 -0.970622
11.21800041 14.35299969 327.91198730 0.267793 0.072342 -0.960757
10.91800022 14.35299969 327.82699585 0.266027 0.061779 -0.961984
11.21800041 14.05300045 327.89099121 0.260069 0.048530 -0.964370
10.91800022 14.05300045 327.80499268 0.255349 0.043175 -0.965885
13.91800022 24.91600037 344.11801147 0.462456 0.850126 0.251833
14.21800041 24.79800034 343.81799316 0.457169 0.855103 0.244532
15.71800041 24.36000061 342.01800537 0.513485 0.856730 0.048442
15.71800041 24.37599945 341.71798706 0.517419 0.855044 0.034312
4.01800013 1.09099996 336.31799316 -0.339875 -0.873310 -0.349019
3.71799994 1.19400001 336.31799316 -0.381692 -0.857647 -0.344604
3.71799994 1.10599995 336.61801147 -0.376432 -0.873262 -0.309375
4.01800013 0.94400001 336.61801147 -0.404741 -0.845425 -0.348484
13.31799984 25.45299911 343.62500000 0.557554 0.798491 0.227037
13.31799984 25.48500061 343.51800537 0.574394 0.796839 0.187402
13.01799965 25.73600006 343.21798706 0.587354 0.803058 0.100564
13.06099987 25.75300026 342.91799927 0.602308 0.791896 0.100628
13.31799984 25.53100014 343.21798706 0.540408 0.824833 0.166164
13.31799984 25.57099915 342.91799927 0.526861 0.836779 0.149056
13.61800003 25.35300064 343.21798706 0.496581 0.843734 0.203764
13.61800003 25.41099930 342.91799927 0.477882 0.863128 0.163215
13.31799984 25.60400009 342.61801147 0.523641 0.840466 0.139344
13.61800003 25.54999924 342.31799316 0.479063 0.866945 0.137495
13.31799984 25.67399979 342.31799316 0.523641 0.840466 0.139344
13.61800003 25.44899940 342.61801147 0.477639 0.866720 0.143727
-0.78200001 7.45300007 350.05300903 0.117219 -0.678090 0.725571
10.61800003 14.35299969 327.76098633 0.265367 0.046097 -0.963045
10.31799984 14.35299969 327.67800903 0.254211 0.035614 -0.966493
10.61800003 14.05300045 327.73001099 0.252472 0.028052 -0.967198
10.31799984 14.05300045 327.66101074 0.249592 0.015675 -0.968224
10.61800003 17.05299950 328.04699707 0.398782 0.112548 -0.910113
11.81799984 9.25300026 331.27398682 -0.101928 0.142699 -0.984504
12.11800003 9.25300026 331.28799438 -0.094569 0.078618 -0.992409
-0.48199999 2.81699991 338.11801147 -0.261285 -0.957169 -0.124734
-0.18200000 2.68400002 338.11801147 -0.413489 -0.892265 -0.181355
-0.48199999 2.77500010 338.41799927 -0.328598 -0.937114 -0.117646
-0.18200000 2.60400009 338.41799927 -0.440945 -0.886199 -0.142194
-0.78200001 2.85299993 338.11801147 0.074162 -0.995106 -0.065307
-0.78200001 2.81900001 338.41799927 0.039483 -0.997737 -0.054422
13.61800003 14.35299969 328.65301514 0.337753 0.106305 -0.935212
13.31799984 14.35299969 328.54901123 0.322835 0.120219 -0.938789
13.61800003 14.05300045 328.62100220 0.361147 0.051217 -0.931101
13.31799984 14.05300045 328.52600098 0.334225 0.077942 -0.939265
10.61800003 16.45299911 327.96398926 0.328124 0.132066 -0.935357
10.61800003 16.75300026 327.99301147 0.343610 0.139376 -0.928712
13.91800022 25.47400093 340.81799316 0.506079 0.862359 0.014845
13.91800022 25.47400093 340.51800537 0.513295 0.858186 0.006736
14.81799984 24.93199921 340.81799316 0.527922 0.849266 -0.006751
14.51799965 25.14100075 340.81799316 0.519635 0.854361 0.006749
14.81799984 24.92499924 340.51800537 0.536374 0.843658 -0.023321
14.51799965 25.12400055 340.51800537 0.527585 0.849317 -0.017723
14.21800041 25.30699921 340.81799316 0.516830 0.855958 0.014922
14.21800041 25.30100060 340.51800537 0.518815 0.854757 -0.014901
10.91800022 16.45299911 328.06298828 0.335737 0.150598 -0.929839
11.21800041 16.45299911 328.17199707 0.343423 0.169609 -0.923739
10.91800022 16.75300026 328.10699463 0.362455 0.152539 -0.919433
11.21800041 16.75300026 328.23800659 0.354770 0.186646 -0.916134
13.61800003 24.23299980 335.11801147 0.594760 0.725118 -0.347079
14.21800041 23.65299988 346.93499756 0.430159 0.820636 0.376191
14.21800041 23.70800018 346.81799316 0.423345 0.822907 0.378949
14.21800041 23.84600067 346.51800537 0.375391 0.840311 0.391098
13.91800022 24.25300026 346.01800537 0.494840 0.788198 0.365892
13.91800022 24.30400085 345.91799927 0.503133 0.789259 0.352032
14.21800041 23.95299911 346.29199219 0.377551 0.841264 0.386950
14.21800041 23.98699951 346.21798706 0.384838 0.840361 0.381697
13.91800022 24.14100075 346.21798706 0.530389 0.772208 0.349831
14.21800041 24.11199951 345.91799927 0.399373 0.841033 0.364917
14.81799984 23.80900002 346.21798706 0.414537 0.821133 0.392301
14.51799965 23.87599945 346.21798706 0.356484 0.851514 0.384504
14.51799965 24.01799965 345.91799927 0.378329 0.851629 0.362760
14.81799984 23.93000031 345.91799927 0.398775 0.842901 0.361243
14.81799984 24.00099945 345.61801147 0.400224 0.857623 0.322961
14.81799984 24.08300018 345.31799316 0.410025 0.861513 0.299457
14.51799965 24.22699928 345.31799316 0.397167 0.863340 0.311293
1.01800001 7.75299978 351.22698975 -0.472079 -0.436142 0.766108
1.01800001 7.45599985 351.01800537 -0.481001 -0.448168 0.753514
0.71799999 7.75299978 350.99301147 -0.477286 -0.447763 0.756113
0.71799999 7.45300007 350.78698730 -0.494727 -0.461635 0.736300
1.31799996 7.45300007 351.22601318 -0.470038 -0.440558 0.764835
1.01800001 7.15299988 350.89099121 -0.489451 -0.479496 0.728369
1.61800003 7.15299988 351.20300293 -0.454392 -0.470796 0.756227
1.31799996 7.15299988 351.05999756 -0.473320 -0.466723 0.747086
1.61800003 6.85300016 351.00900269 -0.467548 -0.480765 0.741798
1.31799996 6.85300016 350.83999634 -0.482432 -0.482432 0.731108
1.61800003 6.55299997 350.83999634 -0.471666 -0.494836 0.729841
1.31799996 6.55299997 350.63598633 -0.484643 -0.504628 0.714473
1.61800003 6.25299978 350.62899780 -0.495042 -0.498376 0.711727
1.31799996 6.25299978 350.41299438 -0.492684 -0.512725 0.703118
5.51800013 2.71900010 338.71798706 -0.160166 -0.940462 -0.299798
1.91799998 5.95300007 350.63101196 -0.509761 -0.499732 0.700294
2.21799994 5.65299988 350.66299438 -0.509556 -0.509556 0.693330
1.91799998 5.65299988 350.41799927 -0.518624 -0.518624 0.679749
1.61800003 5.95300007 350.38299561 -0.505898 -0.509237 0.696236
1.31799996 5.95300007 350.17098999 -0.496379 -0.526462 0.690251
1.61800003 5.65299988 350.15399170 -0.511708 -0.538552 0.669415
2.21799994 5.35300016 350.42300415 -0.504884 -0.545140 0.669264
1.91799998 5.35300016 350.19000244 -0.515942 -0.549553 0.657111
2.21799994 5.05299997 350.11700439 -0.500205 -0.577678 0.645045
1.91799998 5.05299997 349.92700195 -0.513492 -0.577468 0.634710
2.21799994 4.75299978 349.90399170 -0.481894 -0.616220 0.622937
1.91799998 4.61999989 349.51800537 -0.504318 -0.615639 0.605519
2.21799994 4.39099979 349.51800537 -0.471029 -0.638655 0.608483
2.51799989 4.75299978 350.07101440 -0.453112 -0.627000 0.633688
2.81800008 4.45300007 350.02398682 -0.387347 -0.684038 0.618106
2.51799989 4.45699978 349.81799316 -0.431272 -0.654401 0.621098
2.81800008 3.85299993 349.27999878 -0.064308 -0.787410 0.613065
2.51799989 3.85299993 349.16299438 -0.333548 -0.704518 0.626419
2.81800008 4.27899981 349.81799316 -0.354642 -0.694575 0.625935
2.81800008 4.15299988 349.64099121 -0.350767 -0.722743 0.595488
2.51799989 4.22499990 349.51800537 -0.390936 -0.684551 0.615271
2.81800008 4.07900000 349.51800537 -0.184857 -0.768453 0.612624
16.31800079 23.79899979 339.31799316 0.552075 0.824451 -0.124473
16.31800079 23.85499954 339.61801147 0.555375 0.823588 -0.115157
16.61800003 23.65399933 339.61801147 0.613850 0.781665 -0.110405
16.31800079 23.89200020 339.91799927 0.562899 0.820473 -0.099846
16.31800079 23.93400002 340.21798706 0.568594 0.819402 -0.072677
16.61800003 23.73699951 340.21798706 0.618990 0.784615 -0.035090
16.01799965 24.09900093 339.91799927 0.538548 0.835977 -0.105399
16.01799965 24.08900070 340.21798706 0.541471 0.837078 -0.078165
0.41800001 7.75299978 350.82199097 -0.456351 -0.479416 0.749602
16.31800079 23.93899918 340.51800537 0.589608 0.807053 -0.032059
16.61800003 23.76399994 340.51800537 0.647583 0.761780 0.018104
16.31800079 23.95000076 340.81799316 0.609379 0.792878 -0.001369
16.69599915 23.65299988 340.81799316 0.696144 0.716157 0.050031
16.01799965 24.12100029 340.51800537 0.539551 0.840695 -0.046008
16.01799965 24.12999916 340.81799316 0.554785 0.831486 -0.029054
16.64900017 23.65299988 341.11801147 0.713137 0.698788 0.055960
16.31800079 24.00099945 341.11801147 0.634881 0.772599 0.004132
16.61800003 23.69000053 341.41799927 0.742478 0.668937 0.035356
16.31800079 23.97200012 341.41799927 0.649520 0.760313 0.006925
16.31800079 23.95199966 341.71798706 0.652985 0.756901 0.026681
16.61800003 23.68899918 341.71798706 0.727608 0.685223 0.032495
16.88699913 23.35300064 341.71798706 0.806312 0.591296 0.015161
16.88500023 23.35300064 342.01800537 0.792144 0.610295 0.006888
16.61800003 23.60600090 342.01800537 0.732941 0.678860 0.044119
16.57500076 23.65299988 342.31799316 0.720945 0.689032 0.073980
16.31800079 23.95100021 342.31799316 0.651281 0.755255 0.073648
16.59900093 23.65299988 342.61801147 0.733934 0.668431 0.120586
16.31800079 23.90299988 342.61801147 0.655381 0.747104 0.110956
16.85899925 23.35300064 342.31799316 0.769784 0.635036 0.064507
16.31800079 23.84000015 342.91799927 0.653686 0.741246 0.152476
16.42099953 23.65299988 343.21798706 0.694117 0.697182 0.179275
16.31800079 23.65299988 343.50201416 0.663896 0.725226 0.182456
16.61800003 23.54299927 342.91799927 0.742569 0.648032 0.169251
0.41800001 5.97800016 349.51800537 -0.500409 -0.584653 0.638569
2.81800008 0.79200000 339.01800537 -0.397201 -0.904024 -0.158026
11.51799965 16.45299911 328.27801514 0.344547 0.185743 -0.920210
11.81799984 16.45299911 328.38598633 0.354066 0.202119 -0.913118
11.51799965 16.75300026 328.35198975 0.359901 0.209581 -0.909147
11.81799984 16.75300026 328.46099854 0.367014 0.226642 -0.902183
0.71799999 4.47399998 348.31799316 -0.524283 -0.649033 0.551256
1.01800001 4.50299978 348.61801147 -0.511006 -0.635807 0.578466
0.71799999 4.75299978 348.62701416 -0.521874 -0.619831 0.586053
1.01800001 4.75299978 348.85800171 -0.511355 -0.619365 0.595738
15.41800022 17.35300064 330.37701416 0.491229 0.372045 -0.787576
15.41800022 17.24099922 330.31799316 0.477740 0.378009 -0.793016
8.21800041 12.85299969 327.24398804 0.258067 -0.156445 -0.953376
14.51799965 24.87400055 338.71798706 0.556532 0.817732 -0.146925
14.51799965 24.93300056 339.01800537 0.557886 0.816745 -0.147282
14.21800041 25.06699944 338.71798706 0.553131 0.820057 -0.146809
13.91800022 25.28599930 338.71798706 0.566715 0.812341 -0.137610
14.21800041 25.13199997 339.01800537 0.543135 0.827282 -0.143553
13.91800022 25.35300064 339.01800537 0.564371 0.816506 -0.121670
13.91800022 25.40399933 339.31799316 0.548850 0.828370 -0.112099
14.21800041 25.20000076 339.31799316 0.535316 0.834506 -0.130529
13.91800022 25.43199921 339.61801147 0.541657 0.836067 -0.087180
14.21800041 25.24300003 339.61801147 0.528643 0.842660 -0.102272
15.71800041 24.31100082 341.11801147 0.531527 0.846909 -0.014953
15.71800041 24.33699989 341.41799927 0.522792 0.852408 0.009456
15.11800003 24.72599983 341.11801147 0.545455 0.838005 0.015038
15.41800022 24.59399986 341.11801147 0.539318 0.842093 0.004055
15.41800022 24.54400063 341.41799927 0.525174 0.850864 0.014927
15.11800003 24.73699951 341.41799927 0.533520 0.845085 0.034465
16.75200081 19.75300026 333.01800537 0.840536 0.322803 -0.435083
16.59000015 19.75300026 332.71798706 0.682177 0.487748 -0.544736
16.01799965 20.35300064 332.65899658 0.532299 0.576235 -0.620170
15.71800041 20.35300064 332.47198486 0.521428 0.568677 -0.636176
15.71800041 20.05299950 332.20498657 0.501456 0.548415 -0.669166
5.81799984 2.68099999 337.81799316 -0.353544 -0.914633 -0.196095
5.51800013 2.93499994 337.81799316 -0.170514 -0.973824 -0.150305
5.81799984 2.82100010 337.51800537 -0.339665 -0.912037 -0.229816
5.51800013 2.92600012 337.51800537 -0.207396 -0.960362 -0.186260
0.41800001 7.15299988 350.45199585 -0.475393 -0.485332 0.733795
0.11800000 7.15299988 350.24200439 -0.455246 -0.504909 0.733360
0.41800001 6.85300016 350.21200562 -0.479496 -0.489451 0.728369
0.71799999 7.15299988 350.63598633 -0.491968 -0.478716 0.727185
1.01800001 6.85300016 350.66500854 -0.489063 -0.485748 0.724477
0.71799999 6.85300016 350.42599487 -0.492758 -0.486122 0.721717
2.81800008 3.78999996 349.21798706 0.001372 -0.783405 0.621510
2.81800008 3.62100005 348.91799927 0.224903 -0.777079 0.587850
2.51799989 3.58699989 348.91799927 -0.304879 -0.704931 0.640407
10.01799965 15.85299969 327.69699097 0.234612 0.114101 -0.965370
2.51799989 0.76800001 341.71798706 -0.186703 -0.981085 0.051135
2.81800008 0.68900001 341.71798706 0.446267 -0.888310 0.108399
2.51799989 0.78299999 342.01800537 -0.332776 -0.936352 0.111823
0.41800001 2.77600002 336.61801147 -0.390577 -0.879174 -0.272951
0.11800000 2.90499997 336.61801147 -0.309326 -0.919346 -0.243145
0.11800000 2.99799991 336.31799316 -0.240289 -0.934458 -0.262772
0.41800001 2.86700010 336.31799316 -0.356829 -0.883793 -0.302627
12.11800003 14.65299988 328.19799805 0.293240 0.118092 -0.948717
12.41800022 14.65299988 328.28500366 0.308765 0.128090 -0.942474
12.11800003 14.95300007 328.23999023 0.302887 0.133270 -0.943662
12.41800022 14.95300007 328.34698486 0.316102 0.146419 -0.937358
16.01799965 23.88299942 338.71798706 0.541454 0.824860 -0.162585
15.71800041 24.11199951 338.71798706 0.543135 0.827282 -0.143553
16.01799965 23.93000031 339.01800537 0.536066 0.831420 -0.146200
15.71800041 24.14800072 339.01800537 0.537302 0.831715 -0.139846
15.71800041 24.15099907 339.31799316 0.533011 0.835491 -0.133620
16.01799965 23.98800087 339.31799316 0.540796 0.830979 -0.130436
15.71800041 24.19599915 339.61801147 0.534209 0.835708 -0.127332
16.01799965 24.05599976 339.61801147 0.535378 0.835889 -0.121080
16.31800079 23.69400024 338.71798706 0.550476 0.817465 -0.169493
16.31800079 23.72999954 339.01800537 0.549725 0.822365 -0.146692
16.61800003 23.48299980 338.71798706 0.594787 0.785481 -0.171020
16.61800003 23.53100014 339.01800537 0.603715 0.785575 -0.135650
16.91799927 23.15399933 338.11801147 0.667619 0.717187 -0.199821
16.91799927 23.19300079 338.41799927 0.666477 0.721888 -0.186244
17.21800041 22.81100082 338.11801147 0.781313 0.599259 -0.174468
17.21800041 22.86899948 338.41799927 0.793869 0.590543 -0.145019
7.31799984 9.85299969 327.87100220 0.074217 -0.313793 -0.946587
7.61800003 9.85299969 327.87899780 0.052285 -0.299682 -0.952605
7.31799984 10.15299988 327.76599121 0.090310 -0.302343 -0.948911
7.61800003 10.15299988 327.76501465 0.060047 -0.292567 -0.954358
14.21800041 24.85300064 343.62500000 0.468291 0.849635 0.242535
14.29599953 24.85300064 343.51800537 0.467080 0.850481 0.241908
14.51799965 19.15299988 330.75900269 0.446277 0.456085 -0.769950
14.81799984 18.85300064 330.76199341 0.451687 0.448426 -0.771293
14.51799965 18.85300064 330.58999634 0.436898 0.440147 -0.784468
14.21800041 19.15299988 330.59799194 0.450224 0.437222 -0.778547
13.91800022 19.15299988 330.43701172 0.456244 0.420524 -0.784220
14.21800041 18.85300064 330.44198608 0.439138 0.429415 -0.789152
14.21800041 19.75300026 330.91400146 0.477044 0.467140 -0.744453
13.91800022 19.75300026 330.75000000 0.474516 0.454813 -0.753644
14.21800041 19.45299911 330.75201416 0.469359 0.443192 -0.763730
13.91800022 19.45299911 330.59698486 0.467323 0.428244 -0.773444
13.31799984 19.45299911 330.22100830 0.459433 0.417224 -0.784121
13.61800003 19.75300026 330.55599976 0.466307 0.440129 -0.767362
13.31799984 19.75300026 330.35699463 0.461560 0.432202 -0.774702
13.61800003 19.45299911 330.38900757 0.463164 0.417660 -0.781690
13.01799965 20.35300064 330.54199219 0.492601 0.453061 -0.743021
12.71800041 20.35300064 330.36099243 0.527399 0.415676 -0.740988
13.01799965 20.05299950 330.38299561 0.474764 0.429082 -0.768432
12.71800041 20.05299950 330.20498657 0.507307 0.402910 -0.761776
12.29500008 20.35300064 330.01800537 0.638537 0.333079 -0.693779
12.41800022 20.05299950 330.01400757 0.577821 0.349948 -0.737332
14.81799984 24.90999985 340.21798706 0.551599 0.832311 -0.054739
14.51799965 25.09900093 340.21798706 0.531877 0.845726 -0.043050
14.81799984 24.88999939 339.91799927 0.558566 0.824137 -0.093816
14.51799965 25.09099960 339.91799927 0.536151 0.840491 -0.078218
14.81799984 24.82699966 339.31799316 0.562444 0.814728 -0.140982
15.11699963 24.55299950 339.31799316 0.564701 0.813703 -0.137840
14.81799984 24.86300087 339.61801147 0.563307 0.816280 -0.127957
14.51799965 25.04800034 339.61801147 0.546629 0.829419 -0.115157
14.51799965 25.01399994 339.31799316 0.557930 0.818396 -0.137633
12.11800003 14.05300045 328.14099121 0.277368 0.062060 -0.958757
12.11800003 14.35299969 328.15701294 0.282580 0.095062 -0.954522
12.41800022 14.05300045 328.22198486 0.285991 0.073101 -0.955440
12.41800022 14.35299969 328.25500488 0.296282 0.104028 -0.949418
12.71800041 14.65299988 328.38699341 0.315807 0.134184 -0.939287
13.01799965 14.65299988 328.50799561 0.319380 0.146668 -0.936208
15.11800003 23.73200035 345.91799927 0.533074 0.746304 0.398575
15.21500015 23.65299988 345.91799927 0.573421 0.712231 0.404865
15.41800022 23.66799927 345.61801147 0.584888 0.722509 0.368627
15.11800003 23.85600090 345.61801147 0.473250 0.822291 0.316024
12.71800041 14.95300007 328.45700073 0.324061 0.153067 -0.933571
15.11800003 23.99399948 345.31799316 0.462887 0.833820 0.300799
15.41800022 23.79999924 345.31799316 0.512389 0.801104 0.309337
-1.38199997 3.64400005 343.81799316 -0.477885 -0.836685 0.267554
-1.38199997 3.53900003 343.51800537 -0.468961 -0.844129 0.259850
-1.08200002 3.27399993 343.21798706 -0.518770 -0.829119 0.208421
-1.08200002 3.46000004 343.81799316 -0.535062 -0.808022 0.246594
-1.08200002 3.35299993 343.51800537 -0.527748 -0.817009 0.232332
-0.78200001 3.22099996 343.81799316 -0.542866 -0.805792 0.236634
-0.78200001 3.13499999 343.51800537 -0.533520 -0.817860 0.215548
-1.08200002 6.21099997 348.61801147 -0.209344 -0.752088 0.624931
-0.78200001 5.95300007 348.49499512 -0.453787 -0.654727 0.604492
-0.78200001 5.76999998 348.31799316 -0.467698 -0.665505 0.581689
-1.08200002 5.94600010 348.31799316 -0.325066 -0.722908 0.609701
-1.08200002 5.70100021 348.01800537 -0.382754 -0.724441 0.573310
-0.48199999 3.00399995 343.81799316 -0.543876 -0.808881 0.223405
-0.18200000 2.82900000 343.81799316 -0.547575 -0.808325 0.216269
-0.18200000 2.77200007 343.51800537 -0.549424 -0.809597 0.206608
-0.48199999 2.94700003 343.51800537 -0.544570 -0.813041 0.205930
-0.18200000 2.67799997 343.21798706 -0.552319 -0.812590 0.186124
-0.48199999 2.90000010 343.21798706 -0.544297 -0.817204 0.189519
-0.48199999 2.84400010 342.91799927 -0.543860 -0.822532 0.166304
-0.78200001 5.51000023 348.01800537 -0.477161 -0.684767 0.550828
-1.08200002 5.47700024 347.71798706 -0.416514 -0.732603 0.538340
-0.78200001 5.31899977 347.71798706 -0.493577 -0.694354 0.523693
-0.18200000 2.60200000 342.91799927 -0.554102 -0.816965 0.159809
11.21800041 8.35299969 331.34500122 0.001162 -0.212622 -0.977134
10.91800022 8.35299969 331.36801147 0.020341 -0.230926 -0.972759
11.21800041 8.05300045 331.46499634 -0.030240 -0.235873 -0.971313
10.91800022 8.05300045 331.50799561 -0.003653 -0.286117 -0.958188
0.11800000 2.47099996 343.21798706 -0.555778 -0.810194 0.186269
0.41800001 2.25000000 343.21798706 -0.548109 -0.816879 0.179683
0.11800000 2.39499998 342.91799927 -0.554102 -0.816965 0.159809
0.41800001 2.20300007 342.91799927 -0.545328 -0.824678 0.150077
0.11800000 4.29899979 347.41799927 -0.543491 -0.683963 0.486634
0.41800001 4.08699989 347.41799927 -0.532280 -0.695802 0.482222
0.41800001 3.90400004 347.11801147 -0.537079 -0.706683 0.460591
0.11800000 4.09999990 347.11801147 -0.539194 -0.699450 0.469083
0.71799999 3.87599993 347.41799927 -0.547228 -0.687800 0.476941
1.08899999 3.55299997 347.41799927 -0.569395 -0.679600 0.462529
0.71799999 3.66899991 347.11801147 -0.544707 -0.704621 0.454756
1.01800001 3.42799997 347.11801147 -0.564922 -0.694904 0.444939
0.71799999 3.47399998 346.81799316 -0.555756 -0.711699 0.429674
0.71799999 3.31200004 346.51800537 -0.557200 -0.719234 0.415006
0.71799999 2.06200004 343.21798706 -0.547309 -0.820213 0.166442
1.01800001 3.22700000 346.81799316 -0.567735 -0.706773 0.422077
1.01800001 3.04999995 346.51800537 -0.562499 -0.717557 0.410740
1.31799996 2.65400004 346.21798706 -0.556297 -0.742273 0.373584
1.31799996 3.00600004 346.81799316 -0.569655 -0.711656 0.411143
1.61800003 2.74399996 346.81799316 -0.533557 -0.740413 0.408787
1.31799996 2.81599998 346.51800537 -0.561339 -0.722662 0.403308
1.61800003 2.59500003 346.51800537 -0.533074 -0.746304 0.398575
1.61800003 2.42799997 346.21798706 -0.534574 -0.758802 0.372089
1.31799996 2.50900006 345.91799927 -0.552006 -0.759211 0.344802
1.61800003 2.27999997 345.91799927 -0.533891 -0.772610 0.343561
1.01800001 1.86500001 343.21798706 -0.540383 -0.826205 0.159286
1.01800001 1.83299994 342.91799927 -0.536207 -0.832957 0.136623
0.71799999 2.01600003 342.91799927 -0.540711 -0.829483 0.139966
2.25099993 2.35299993 346.81799316 -0.054983 -0.913257 0.403657
1.91799998 2.52399993 346.81799316 -0.419363 -0.801771 0.425790
2.18099999 2.35299993 346.81799316 -0.165544 -0.896817 0.410261
1.91799998 2.35899997 346.51800537 -0.409241 -0.807248 0.425290
2.21799994 2.19400001 346.51800537 -0.100615 -0.874360 0.474733
12.71800041 14.05300045 328.32000732 0.296167 0.087415 -0.951128
2.21799994 2.06599998 346.21798706 -0.084358 -0.897510 0.432851
1.91799998 2.23799992 346.21798706 -0.407674 -0.823280 0.394984
1.91799998 2.08200002 345.91799927 -0.431231 -0.829291 0.355410
13.01799965 14.05300045 328.42599487 0.318874 0.091296 -0.943390
12.71800041 14.35299969 328.34799194 0.305375 0.113349 -0.945462
13.01799965 14.35299969 328.44699097 0.316269 0.122470 -0.940731
10.61800003 7.75299978 331.55899048 -0.014146 -0.374234 -0.927226
10.31799984 7.75299978 331.55200195 0.016949 -0.405475 -0.913949
10.31799984 7.82999992 331.51800537 0.030166 -0.392157 -0.919404
10.61800003 7.45300007 331.68399048 -0.092832 -0.356527 -0.929662
10.31799984 7.45300007 331.68798828 -0.036013 -0.428153 -0.902989
10.61800003 8.05300045 331.46899414 0.021379 -0.320679 -0.946947
2.51799989 0.81099999 342.31799316 -0.325691 -0.936191 0.132184
-0.18200000 8.05300045 350.69699097 -0.364720 -0.523576 0.769965
-0.48199999 8.05300045 350.51098633 -0.230359 -0.555026 0.799300
0.41800001 8.35299969 351.19601440 -0.420338 -0.462534 0.780627
0.11800000 8.35299969 351.02301025 -0.393675 -0.487638 0.779249
0.11800000 8.34399986 351.01800537 -0.393675 -0.487638 0.779249
0.38200000 8.05300045 351.01800537 -0.429888 -0.482194 0.763338
0.11800000 8.05300045 350.81298828 -0.410041 -0.504792 0.759639
0.71799999 8.05300045 351.18099976 -0.451687 -0.448426 0.771293
3.11800003 7.75299978 352.37298584 -0.366197 -0.353836 0.860639
3.11800003 7.48899984 352.21798706 -0.401136 -0.375967 0.835307
3.11800003 7.45300007 352.20098877 -0.395931 -0.383312 0.834452
3.11800003 8.05300045 352.47500610 -0.418771 -0.390110 0.820027
10.61800003 8.35299969 328.48400879 0.210288 -0.339036 -0.916970
10.31799984 8.35299969 328.49301147 0.141751 -0.334422 -0.931702
10.01799965 8.35299969 328.45401001 0.094074 -0.321971 -0.942064
9.71800041 8.35299969 328.43499756 0.058079 -0.318790 -0.946044
10.01799965 8.05300045 328.57501221 0.089378 -0.342838 -0.935133
9.71800041 8.05300045 328.53500366 0.072443 -0.335870 -0.939118
9.41800022 8.05300045 328.52099609 0.037155 -0.334399 -0.941699
9.41800022 8.35299969 328.42599487 0.039434 -0.316745 -0.947691
9.11800003 8.35299969 328.42401123 0.018805 -0.314667 -0.949016
9.11800003 8.05300045 328.51699829 0.013855 -0.331272 -0.943433
16.56500053 19.15299988 332.11801147 0.508513 0.545435 -0.666270
7.61800003 8.35299969 328.38198853 0.001273 -0.372926 -0.927860
7.31799984 8.35299969 328.39001465 -0.009010 -0.384874 -0.922925
7.61800003 8.05300045 328.51699829 -0.016875 -0.390728 -0.920352
1.01800001 3.58200002 334.21798706 -0.289638 -0.841034 -0.456915
0.71799999 3.65799999 334.21798706 -0.142011 -0.887929 -0.437510
1.01800001 3.76600003 333.91799927 -0.274998 -0.831207 -0.483188
1.01800001 3.91000009 333.61801147 -0.218149 -0.831408 -0.511049
15.11800003 17.65299988 330.30700684 0.474461 0.359440 -0.803548
1.61800003 3.66400003 333.61801147 -0.341879 -0.781667 -0.521646
1.31799996 3.78800011 333.61801147 -0.306507 -0.795648 -0.522492
1.61800003 3.90499997 333.31799316 -0.329446 -0.766565 -0.551220
1.31799996 4.00899982 333.31799316 -0.311118 -0.776997 -0.547249
2.21799994 3.41100001 333.61801147 -0.350429 -0.773528 -0.528066
1.91799998 3.54999995 333.61801147 -0.349273 -0.777413 -0.523104
2.21799994 3.63400006 333.31799316 -0.340495 -0.760062 -0.553506
1.91799998 3.77500010 333.31799316 -0.337408 -0.763608 -0.550508
2.21799994 3.83100009 333.01800537 -0.330699 -0.750122 -0.572674
2.51799989 3.28500009 333.61801147 -0.347265 -0.770443 -0.534626
2.81800008 3.35400009 333.31799316 -0.334385 -0.757616 -0.560539
2.51799989 3.48799992 333.31799316 -0.337032 -0.759532 -0.556345
2.51799989 3.95300007 332.71798706 -0.317226 -0.739121 -0.594195
2.81800008 3.60700011 333.01800537 -0.323728 -0.748922 -0.578200
2.51799989 3.70700002 333.01800537 -0.327214 -0.749529 -0.575445
2.81800008 3.82399988 332.71798706 -0.310956 -0.736305 -0.600967
7.01800013 8.35299969 328.38699341 -0.014285 -0.396072 -0.918108
6.71799994 8.35299969 328.39599609 -0.027666 -0.407083 -0.912972
3.41799998 3.31299996 333.01800537 -0.331237 -0.741648 -0.583301
3.11800003 3.46700001 333.01800537 -0.328184 -0.745285 -0.580384
3.41799998 3.57200003 332.71798706 -0.317642 -0.730414 -0.604648
3.11800003 3.70199990 332.71798706 -0.317510 -0.733334 -0.601173
3.41799998 3.80900002 332.41799927 -0.307494 -0.716413 -0.626258
4.01800013 3.30599999 332.71798706 -0.300157 -0.723907 -0.621180
3.71799994 3.42899990 332.71798706 -0.310605 -0.729036 -0.609944
10.01799965 12.85299969 327.61898804 0.195829 -0.054063 -0.979147
4.01800013 3.85400009 332.11801147 -0.272361 -0.699219 -0.660993
10.01799965 13.15299988 327.61599731 0.213496 -0.047042 -0.975811
3.71799994 3.95900011 332.11801147 -0.286523 -0.699499 -0.654680
9.71800041 13.15299988 327.54501343 0.210705 -0.062115 -0.975574
9.71800041 12.85299969 327.55200195 0.192847 -0.069134 -0.978790
4.01800013 3.56699991 332.41799927 -0.283371 -0.712429 -0.641986
3.71799994 3.67600012 332.41799927 -0.300426 -0.714918 -0.631377
4.61800003 3.33599997 332.41799927 -0.282846 -0.707914 -0.647190
4.31799984 3.44499993 332.41799927 -0.272802 -0.709922 -0.649300
4.61800003 3.64100003 332.11801147 -0.272416 -0.692989 -0.667500
4.31799984 3.73600006 332.11801147 -0.262336 -0.701154 -0.662996
5.21799994 3.38000011 332.11801147 -0.268889 -0.692111 -0.669836
4.91800022 3.51300001 332.11801147 -0.276578 -0.689048 -0.669863
5.21799994 3.85299993 331.64099121 -0.251280 -0.671659 -0.696945
4.91800022 3.85299993 331.74398804 -0.262429 -0.679135 -0.685497
5.21799994 3.65199995 331.81799316 -0.258903 -0.681407 -0.684583
5.51800013 3.55800009 331.81799316 -0.255358 -0.674081 -0.693114
5.81799984 3.25300002 332.03399658 -0.237329 -0.696270 -0.677409
5.81799984 3.47099996 331.81799316 -0.230876 -0.676921 -0.698909
5.51800013 3.85299993 331.53500366 -0.237693 -0.659560 -0.713080
6.11800003 3.25300002 331.92800903 -0.210195 -0.692865 -0.689751
6.11800003 3.64599991 331.51800537 -0.220342 -0.661025 -0.717283
6.41800022 3.85299993 331.27398682 -0.213030 -0.635981 -0.741719
6.11800003 3.85299993 331.33898926 -0.219895 -0.634734 -0.740783
6.41800022 4.15299988 331.03698730 -0.208882 -0.608080 -0.765902
6.11800003 4.15299988 331.10501099 -0.211941 -0.611069 -0.762676
6.41800022 3.55299997 331.51501465 -0.210109 -0.670794 -0.711259
17.17799950 22.15299988 336.31799316 0.708003 0.637041 -0.304812
16.91799927 22.36199951 336.31799316 0.631313 0.696565 -0.340942
17.25000000 22.15299988 336.61801147 0.691803 0.653101 -0.308006
7.01800013 8.05300045 328.51800537 -0.027775 -0.416631 -0.908651
6.71799994 8.05300045 328.54000854 -0.033306 -0.424983 -0.904588
6.41800022 7.45300007 328.86099243 -0.061874 -0.457869 -0.886864
6.11800003 7.45300007 328.87100220 -0.073441 -0.464203 -0.882679
6.41800022 7.75299978 328.69500732 -0.061801 -0.454580 -0.888559
6.11800003 7.75299978 328.72198486 -0.070518 -0.457677 -0.886318
5.81799984 7.45300007 328.92098999 -0.082508 -0.468476 -0.879615
5.51800013 7.45300007 328.92700195 -0.085972 -0.486236 -0.869588
5.81799984 7.75299978 328.75601196 -0.070593 -0.466466 -0.881718
5.51800013 7.75299978 328.79998779 -0.065215 -0.478707 -0.875549
-0.18200000 2.44300008 339.61801147 -0.503958 -0.860518 -0.074400
-0.48199999 2.61999989 339.61801147 -0.451292 -0.890239 -0.061727
-0.18200000 2.49200010 339.31799316 -0.486094 -0.868733 -0.094951
-0.48199999 2.63199997 339.31799316 -0.430904 -0.898979 -0.078471
6.71799994 3.19600010 331.81799316 -0.139704 -0.746591 -0.650450
0.41800001 2.11299992 339.61801147 -0.494963 -0.863703 -0.095022
0.11800000 2.28900003 339.61801147 -0.504079 -0.859899 -0.080483
0.41800001 2.15100002 339.31799316 -0.492473 -0.862905 -0.113427
0.11800000 2.31500006 339.31799316 -0.499263 -0.858963 -0.113665
1.31799996 1.59899998 339.61801147 -0.502647 -0.857794 -0.107403
1.31799996 1.63399994 339.31799316 -0.493284 -0.860716 -0.125853
1.01800001 1.75399995 339.61801147 -0.497119 -0.861768 -0.101133
0.71799999 1.92299998 339.61801147 -0.484851 -0.868751 -0.100951
1.01800001 1.79700005 339.31799316 -0.491184 -0.862812 -0.119555
0.71799999 1.96599996 339.31799316 -0.483166 -0.867404 -0.118999
-0.18200000 3.00300002 344.41799927 -0.545014 -0.793176 0.271722
-0.48199999 3.20600009 344.41799927 -0.547265 -0.790143 0.275998
-0.48199999 3.12299991 344.11801147 -0.548717 -0.800536 0.240938
-0.18200000 2.91700006 344.11801147 -0.544221 -0.804703 0.237225
1.01800001 1.76300001 342.61801147 -0.537628 -0.836148 0.108685
0.71799999 1.95700002 342.61801147 -0.537628 -0.836148 0.108685
0.71799999 1.92299998 342.31799316 -0.540497 -0.837128 0.084141
1.01800001 1.73300004 342.31799316 -0.538473 -0.838418 0.084270
1.31799996 1.56700003 342.61801147 -0.544255 -0.832985 0.099612
1.31799996 1.53100002 342.31799316 -0.539335 -0.838175 0.081114
1.61800003 1.38600004 342.61801147 -0.537411 -0.837093 0.102295
1.61800003 1.33200002 342.31799316 -0.531567 -0.843420 0.077963
3.41799998 0.75300002 338.41799927 -0.322014 -0.923484 -0.208529
3.11800003 0.83999997 338.41799927 -0.350836 -0.915038 -0.199046
3.41799998 0.76499999 338.11801147 -0.308075 -0.929851 -0.201163
3.11800003 0.88700002 338.11801147 -0.349541 -0.913410 -0.208574
16.91799927 19.75300026 333.29199219 0.961272 0.048751 -0.271256
