67.54199982 11.65299988 385.51800537 -0.963217 -0.228096 0.142071
67.45700073 11.95300007 385.51800537 -0.966652 -0.217529 0.135151
67.56800079 11.65299988 385.81799316 -0.973463 -0.217829 0.070148
67.49700165 11.95300007 385.81799316 -0.972367 -0.211493 0.098864
67.57800293 11.65299988 386.11801147 -0.979313 -0.181716 0.089028
67.52400208 11.95300007 386.11801147 -0.974592 -0.195917 0.108565
67.62699890 11.65299988 386.41799927 -0.984007 -0.138508 0.112011
67.57399750 11.95300007 386.41799927 -0.973868 -0.180627 0.137680
53.21799850 25.15099907 370.21798706 0.110045 -0.490199 -0.864636
49.61800003 -12.32600021 399.01800537 -0.193526 0.876036 -0.441711
24.62599945 15.25300026 379.21798706 0.871120 -0.449658 0.197375
24.71199989 15.25300026 378.91799927 0.863489 -0.452018 0.223756
50.51800156 -12.00000000 399.31799316 -0.203992 0.887877 -0.412386
31.61800003 -10.17300034 394.21798706 0.598911 0.772240 -0.212018
31.31800079 -10.20899963 393.91799927 0.595277 0.625631 -0.504214
31.40999985 -10.24699974 393.91799927 0.444724 0.735696 -0.510854
31.61800003 -10.31099987 393.91799927 0.403965 0.825356 -0.394460
32.46099854 -11.14700031 393.61801147 0.545818 0.786295 -0.289521
32.21799850 -11.08800030 393.31799316 0.546316 0.787012 -0.286618
32.30699921 -11.14700031 393.31799316 0.555255 0.788052 -0.265830
23.81299973 14.35299969 381.61801147 0.928290 -0.337182 0.156796
23.72299957 14.05300045 381.61801147 0.939626 -0.315920 0.131520
23.85499954 14.35299969 381.31799316 0.919852 -0.370438 0.129029
23.73999977 14.05300045 381.31799316 0.935732 -0.333515 0.114772
23.75099945 14.35299969 382.21798706 0.955088 -0.291232 0.054685
23.66099930 14.05300045 382.21798706 0.942600 -0.327237 0.066490
23.74500084 14.35299969 381.91799927 0.945949 -0.298369 0.127108
23.67000008 14.05300045 381.91799927 0.945566 -0.310780 0.096540
23.67600060 14.35299969 382.81799316 0.930594 -0.335014 0.147516
23.56399918 14.05300045 382.81799316 0.925031 -0.350874 0.145620
23.73200035 14.35299969 382.51800537 0.945305 -0.308915 0.104739
23.62199974 14.05300045 382.51800537 0.929090 -0.342731 0.139019
22.58499908 12.25300026 387.61801147 0.989264 -0.115356 0.089721
22.66399956 12.55300045 387.31799316 0.973457 -0.210108 0.090757
22.61100006 12.25300026 387.31799316 0.977984 -0.189722 0.086905
67.84999847 11.05300045 387.91799927 -0.987389 -0.147701 0.056987
67.80599976 11.35299969 387.91799927 -0.979436 -0.185692 0.078889
67.86499786 11.05300045 388.21798706 -0.988111 -0.140826 0.061684
67.81700134 11.35299969 388.21798706 -0.980873 -0.187117 0.053632
45.71799850 27.48299980 376.51800537 -0.049537 -0.909065 0.413698
46.01800156 27.45700073 376.51800537 -0.035961 -0.907021 0.419547
45.71799850 27.62199974 376.81799316 -0.040982 -0.918783 0.392631
46.01800156 27.57500076 376.81799316 -0.033001 -0.914778 0.402608
46.31800079 27.45299911 376.51800537 -0.041372 -0.908854 0.415057
46.61800003 27.41399956 376.51800537 -0.104244 -0.904835 0.412805
46.31800079 27.60400009 376.81799316 -0.049525 -0.911527 0.408246
46.61800003 27.56699944 376.81799316 -0.124266 -0.908960 0.397932
45.71799850 27.73600006 377.11801147 -0.035429 -0.922459 0.384467
46.01800156 27.72999954 377.11801147 -0.032682 -0.924238 0.380415
46.01800156 27.84199905 377.41799927 -0.040396 -0.931708 0.360955
46.31800079 27.71800041 377.11801147 -0.051470 -0.925138 0.376126
46.61800003 27.68099976 377.11801147 -0.114237 -0.920776 0.372990
46.31800079 27.83600044 377.41799927 -0.043188 -0.927881 0.370367
46.61800003 27.79899979 377.41799927 -0.088966 -0.912932 0.398296
46.31800079 27.95400047 377.71798706 -0.019550 -0.916251 0.400127
46.61800003 27.95100021 377.71798706 -0.069198 -0.907719 0.413833
46.31800079 28.09900093 378.01800537 -0.011768 -0.908775 0.417121
46.61800003 28.08200073 378.01800537 -0.049471 -0.910529 0.410474
46.91799927 27.91500092 377.71798706 -0.075164 -0.903340 0.422288
47.21799850 27.87800026 377.71798706 -0.083917 -0.903829 0.419586
46.91799927 28.05599976 378.01800537 -0.078074 -0.902646 0.423244
47.21799850 28.04299927 378.01800537 -0.092808 -0.898989 0.428024
65.84300232 -0.34700000 395.11801147 -0.908397 0.409669 -0.083578
46.91799927 28.20199966 378.31799316 -0.052181 -0.913831 0.402728
47.21799850 28.17200089 378.31799316 -0.100565 -0.910594 0.400882
46.91799927 28.32699966 378.61801147 -0.065481 -0.923412 0.378184
47.21799850 28.31200027 378.61801147 -0.111068 -0.922827 0.368856
47.51800156 28.13100052 378.31799316 -0.145177 -0.909116 0.390426
47.81800079 28.07299995 378.31799316 -0.158205 -0.905044 0.394799
47.51800156 28.25399971 378.61801147 -0.132692 -0.914873 0.381314
47.81800079 28.21100044 378.61801147 -0.139140 -0.909330 0.392122
65.88200378 -0.34700000 394.81799316 -0.901826 0.407597 -0.143440
66.06700134 -0.04700000 394.51800537 -0.913941 0.374334 -0.156797
65.94000244 -0.34700000 394.51800537 -0.899805 0.397185 -0.180539
47.51800156 27.85400009 377.71798706 -0.098245 -0.906341 0.410967
47.51800156 28.00300026 378.01800537 -0.115777 -0.905292 0.408707
47.81800079 27.95599937 378.01800537 -0.151408 -0.909861 0.386302
47.51800156 28.50099945 379.21798706 -0.083232 -0.912822 0.399786
47.81800079 28.46400070 379.21798706 -0.095156 -0.906047 0.412341
66.00299835 -0.34700000 394.21798706 -0.909468 0.386135 -0.154171
47.51800156 28.37100029 378.91799927 -0.113890 -0.923473 0.366370
66.03900146 -0.34700000 393.91799927 -0.913897 0.383697 -0.132550
47.81800079 28.34499931 378.91799927 -0.112548 -0.910113 0.398782
34.91799927 -10.69699955 397.81799316 0.417813 0.808412 -0.414611
35.21799850 -10.87100029 397.81799316 0.459213 0.804823 -0.376011
34.91799927 -10.84099960 397.51800537 0.401852 0.842794 -0.358070
35.21799850 -11.01599979 397.51800537 0.475295 0.791085 -0.385070
59.11600113 22.75300026 377.71798706 -0.658880 -0.687877 0.304470
58.91799927 22.96400070 377.71798706 -0.618804 -0.713005 0.329704
59.21799850 22.77199936 378.01800537 -0.648770 -0.700285 0.297822
35.81800079 -11.05200005 398.11801147 0.407942 0.833209 -0.373290
35.51800156 -10.90400028 398.11801147 0.433625 0.830983 -0.348477
66.12400055 -0.04700000 394.21798706 -0.918060 0.365822 -0.152776
66.17099762 -0.04700000 393.91799927 -0.916721 0.373686 -0.141357
58.91799927 23.06100082 378.01800537 -0.613416 -0.737692 0.282012
35.51800156 26.76199913 380.11801147 0.393754 -0.839277 0.374929
35.81800079 26.90800095 380.11801147 0.397099 -0.827421 0.397099
35.51800156 26.91300011 380.41799927 0.420229 -0.823015 0.382171
66.08300018 -0.34700000 393.61801147 -0.913897 0.383697 -0.132550
35.81800079 27.07900047 380.41799927 0.419923 -0.812702 0.403956
59.21799850 22.91600037 378.31799316 -0.627887 -0.711821 0.314751
59.21799850 23.05299950 378.61801147 -0.616128 -0.713668 0.333262
35.51800156 -11.03800011 397.81799316 0.432484 0.815496 -0.384608
35.21799850 26.76899910 380.41799927 0.444050 -0.826470 0.346074
49.01800156 28.68600082 380.11801147 -0.169604 -0.907880 0.383390
48.71799850 28.75600052 380.11801147 -0.121166 -0.912229 0.391353
48.71799850 28.87299919 380.41799927 -0.113540 -0.926106 0.359772
59.51800156 22.51099968 378.01800537 -0.648770 -0.700285 0.297822
49.01800156 28.82200050 380.41799927 -0.165822 -0.914149 0.369911
35.81800079 -11.19099998 397.81799316 0.399066 0.834411 -0.380138
35.81800079 -11.32600021 397.51800537 0.387746 0.848680 -0.359716
35.51800156 -11.18500042 397.51800537 0.415620 0.820094 -0.393327
59.51800156 22.65800095 378.31799316 -0.620377 -0.705048 0.343568
59.81800079 22.55800056 378.61801147 -0.656816 -0.656816 0.370385
66.44999695 0.55299997 393.61801147 -0.932410 0.324617 -0.158855
59.51800156 22.78300095 378.61801147 -0.596784 -0.726874 0.339858
66.34500122 0.25299999 393.61801147 -0.921907 0.352205 -0.161369
66.49800110 0.55299997 393.31799316 -0.941197 0.319980 -0.108445
66.39299774 0.25299999 393.31799316 -0.924159 0.365556 -0.110899
48.71799850 28.97599983 380.71798706 -0.094362 -0.914902 0.392492
49.01800156 28.94599915 380.71798706 -0.134046 -0.904456 0.404959
66.20999908 -0.04700000 393.61801147 -0.909484 0.390585 -0.142415
66.26000214 -0.04700000 393.31799316 -0.910868 0.397898 -0.109526
66.12000275 -0.34700000 393.31799316 -0.918594 0.375473 -0.123310
36.11800003 -11.32699966 397.81799316 0.391667 0.838387 -0.379083
36.41799927 -11.47099972 397.81799316 0.354908 0.857049 -0.373506
36.41799927 -11.59799957 397.51800537 0.363273 0.857943 -0.363273
36.11800003 -11.47000027 397.51800537 0.392666 0.852071 -0.346105
36.41799927 -11.72500038 397.21798706 0.393707 0.851217 -0.347023
36.11800003 -11.57499981 397.21798706 0.406507 0.848837 -0.337977
36.11800003 -11.70699978 396.91799927 0.351705 0.842530 -0.407978
60.07199860 22.45299911 378.91799927 -0.695557 -0.660379 0.283020
59.81800079 22.70599937 378.91799927 -0.631280 -0.708778 0.314833
35.21799850 26.12800026 378.91799927 0.387966 -0.866407 0.314360
59.51800156 22.93700027 378.91799927 -0.600841 -0.727163 0.332001
34.91799927 26.08900070 379.21798706 0.416761 -0.850564 0.320704
66.52200317 0.55299997 393.01800537 -0.933345 0.340014 -0.115144
35.21799850 26.23299980 379.21798706 0.425201 -0.845730 0.322405
59.81800079 22.82500076 379.21798706 -0.627054 -0.725979 0.282414
66.41000366 0.25299999 393.01800537 -0.930608 0.350841 -0.104304
66.55899811 0.55299997 392.71798706 -0.920631 0.352792 -0.167260
66.44300079 0.25299999 392.71798706 -0.925754 0.343851 -0.157309
36.41799927 -11.82299995 396.91799927 0.402543 0.859066 -0.316173
34.91799927 25.98699951 378.91799927 0.486983 -0.803122 0.343283
59.51800156 23.06299973 379.21798706 -0.613000 -0.722984 0.318631
66.29000092 -0.04700000 393.01800537 -0.917074 0.377128 -0.129420
66.15599823 -0.34700000 393.01800537 -0.913533 0.374167 -0.159551
66.35299683 -0.04700000 392.71798706 -0.925266 0.346453 -0.154443
66.23100281 -0.34700000 392.71798706 -0.917412 0.362173 -0.164881
36.71799850 -12.15499973 396.61801147 0.507180 0.753384 -0.418547
36.71799850 -12.29300022 396.31799316 0.457162 0.813972 -0.358403
37.01800156 -12.01399994 397.21798706 0.379590 0.845095 -0.376466
36.71799850 -11.87199974 397.21798706 0.414537 0.821133 -0.392301
36.71799850 -12.02099991 396.91799927 0.450948 0.821199 -0.349682
37.01800156 -12.12500000 396.91799927 0.378448 0.809591 -0.448708
60.17399979 22.45299911 379.21798706 -0.700138 -0.655278 0.283580
37.01800156 -12.37899971 396.61801147 0.399033 0.809283 -0.431084
37.01800156 -12.43400002 396.31799316 0.321653 0.899739 -0.294972
34.91799927 25.70899963 378.31799316 0.443832 -0.832772 0.330913
35.21799850 25.85600090 378.31799316 0.432484 -0.815496 0.384608
34.91799927 25.83799934 378.61801147 0.494840 -0.788198 0.365892
35.21799850 26.02400017 378.61801147 0.409015 -0.832242 0.374272
34.61800003 25.53400040 378.31799316 0.473250 -0.822291 0.316024
34.31800079 25.48100090 378.61801147 0.450224 -0.832994 0.321589
34.61800003 25.64699936 378.61801147 0.476914 -0.820039 0.316368
66.38999939 -0.04700000 392.41799927 -0.928712 0.343610 -0.139376
66.27999878 -0.34700000 392.41799927 -0.923181 0.356778 -0.142989
66.43099976 -0.04700000 392.11801147 -0.934833 0.336865 -0.112288
66.32499695 -0.34700000 392.11801147 -0.929443 0.342861 -0.136318
60.41799927 22.48100090 379.81799316 -0.669324 -0.679001 0.301599
60.11800003 22.79400063 379.81799316 -0.666883 -0.679801 0.305184
66.62100220 0.55299997 392.41799927 -0.925452 0.354458 -0.133784
66.51599884 0.25299999 392.41799927 -0.929605 0.340167 -0.141851
66.65499878 0.55299997 392.11801147 -0.936432 0.341366 -0.081025
66.54199982 0.25299999 392.11801147 -0.931586 0.349176 -0.101113
60.01800156 22.75300026 379.51800537 -0.686283 -0.663782 0.297336
59.81800079 22.94000053 379.51800537 -0.634489 -0.708755 0.308365
37.31800079 -12.64400005 396.01800537 0.256321 0.893418 -0.368924
68.08300018 10.45300007 390.31799316 -0.993592 -0.082143 0.077642
37.61800003 -12.72700024 396.01800537 0.296897 0.872419 -0.388249
37.61800003 -12.86699963 395.71798706 0.286737 0.872347 -0.395970
68.03299713 10.75300026 390.31799316 -0.982763 -0.184051 -0.017363
37.31800079 -12.77700043 395.71798706 0.251105 0.876610 -0.410488
37.61800003 -12.49899960 396.61801147 0.244717 0.904133 -0.350223
37.31800079 -12.43799973 396.61801147 0.215663 0.907523 -0.360404
37.61800003 -12.59799957 396.31799316 0.277141 0.896633 -0.345315
37.31800079 -12.52799988 396.31799316 0.237703 0.917678 -0.318378
34.91799927 25.47400093 377.71798706 0.433868 -0.818468 0.376654
35.21799850 25.60300064 377.71798706 0.380992 -0.850624 0.362331
34.91799927 25.60099983 378.01800537 0.433489 -0.837244 0.333333
35.21799850 25.72599983 378.01800537 0.401852 -0.842794 0.358070
37.91799927 -12.59500027 396.61801147 0.368097 0.864027 -0.343455
38.21799850 -12.74499989 396.61801147 0.278766 0.901197 -0.331865
66.68599701 0.55299997 391.81799316 -0.937517 0.329543 -0.111641
38.21799850 -12.85299969 396.31799316 0.296674 0.893005 -0.338418
37.91799927 -12.71500015 396.31799316 0.372516 0.857869 -0.353967
66.56900024 0.25299999 391.81799316 -0.931113 0.344907 -0.118604
66.61499786 0.25299999 391.51800537 -0.933747 0.327703 -0.143970
66.73300171 0.55299997 391.51800537 -0.942774 0.307982 -0.127765
38.21799850 -12.92800045 396.01800537 0.347646 0.878982 -0.326392
37.91799927 -12.84799957 396.01800537 0.311283 0.885728 -0.344366
66.67600250 0.25299999 391.21798706 -0.938789 0.322835 -0.120219
66.70200348 0.25299999 390.91799927 -0.946890 0.306850 -0.096138
38.21799850 -13.06099987 395.71798706 0.332101 0.826319 -0.454869
37.91799927 -12.95699978 395.71798706 0.295434 0.849179 -0.437737
66.75599670 0.55299997 391.21798706 -0.949012 0.293331 -0.115474
66.79900360 0.55299997 390.91799927 -0.951894 0.289365 -0.100820
38.81800079 -13.21500015 396.01800537 0.340732 0.847940 -0.406078
38.51800156 -13.10000038 396.01800537 0.372516 0.857869 -0.353967
38.51800156 -13.18000031 395.71798706 0.363820 0.847872 -0.385680
38.81800079 -13.36400032 395.71798706 0.366923 0.856153 -0.363826
38.81800079 -13.44699955 395.41799927 0.342888 0.883655 -0.318720
38.51800156 -13.32900047 395.41799927 0.292968 0.884912 -0.362078
38.51800156 -13.45199966 395.11801147 0.250400 0.840299 -0.480829
38.81800079 -13.57299995 395.11801147 0.285984 0.861010 -0.420565
66.81900024 0.55299997 390.61801147 -0.951241 0.286296 -0.114782
66.72899628 0.25299999 390.61801147 -0.947398 0.292638 -0.129616
66.85299683 0.55299997 390.31799316 -0.950532 0.278627 -0.137314
66.79299927 0.25299999 390.31799316 -0.950280 0.272083 -0.151455
39.41799927 -13.64099979 395.41799927 0.233394 0.911833 -0.337770
39.11800003 -13.56999969 395.41799927 0.271661 0.906026 -0.324525
39.41799927 -13.74899960 395.11801147 0.255488 0.885992 -0.386968
39.11800003 -13.65400028 395.11801147 0.250601 0.891190 -0.378126
67.07299805 1.15300000 390.01800537 -0.958573 0.271488 -0.086207
66.99700165 0.85299999 390.01800537 -0.950007 0.290170 -0.115273
67.11399841 1.15300000 389.71798706 -0.964931 0.243463 -0.098150
67.04000092 0.85299999 389.71798706 -0.954880 0.276378 -0.108717
39.11800003 -13.81499958 394.81799316 0.231243 0.859981 -0.454928
39.41799927 -13.89599991 394.81799316 0.244204 0.876437 -0.414997
39.41799927 -14.01900005 394.51800537 0.177367 0.915216 -0.361830
39.11800003 -13.97200012 394.51800537 0.159171 0.868871 -0.468752
66.90599823 0.55299997 390.01800537 -0.954511 0.268003 -0.130701
66.82800293 0.25299999 390.01800537 -0.953794 0.273078 -0.125326
66.94200134 0.55299997 389.71798706 -0.954049 0.285043 -0.092411
66.86900330 0.25299999 389.71798706 -0.955544 0.284220 -0.078450
40.01800156 -14.19799995 394.51800537 0.234489 0.895188 -0.379017
40.01800156 -14.06200027 394.81799316 0.186160 0.916590 -0.353846
39.71799850 -13.99699974 394.81799316 0.270901 0.887539 -0.372676
39.71799850 -14.10700035 394.51800537 0.271401 0.905160 -0.327149
66.96600342 0.55299997 389.41799927 -0.952059 0.299365 -0.062957
66.87000275 0.25299999 389.41799927 -0.955469 0.287792 -0.065233
66.99199677 0.55299997 389.11801147 -0.946312 0.311062 -0.087937
66.88999939 0.25299999 389.11801147 -0.954522 0.282580 -0.095062
40.31800079 -14.11999989 394.81799316 0.155913 0.917219 -0.366607
67.14800262 1.15300000 389.41799927 -0.971513 0.224577 -0.075686
67.06900024 0.85299999 389.41799927 -0.955822 0.282490 -0.081264
67.16999817 1.15300000 389.11801147 -0.970748 0.219768 -0.096698
67.08699799 0.85299999 389.11801147 -0.951164 0.294377 -0.092892
40.61800003 -14.20400047 394.81799316 0.230479 0.896961 -0.377281
40.61800003 -14.27700043 394.51800537 0.178469 0.909478 -0.375499
40.31800079 -14.26399994 394.51800537 0.177793 0.897636 -0.403286
67.21700287 1.15300000 388.81799316 -0.969412 0.221761 -0.105178
67.12300110 0.85299999 388.81799316 -0.954686 0.278178 -0.105786
67.22100067 1.15300000 388.51800537 -0.970668 0.222262 -0.091667
67.15399933 0.85299999 388.51800537 -0.961097 0.256722 -0.101915
40.31800079 -14.42399979 394.21798706 0.183302 0.881316 -0.435526
40.61800003 -14.45800018 394.21798706 0.124619 0.905936 -0.404661
40.61800003 -14.59300041 393.91799927 0.166331 0.911266 -0.376733
40.31800079 -14.54300022 393.91799927 0.197417 0.921753 -0.333763
41.21799850 -14.57999992 394.21798706 0.189333 0.900414 -0.391673
40.91799927 -14.47099972 394.21798706 0.216232 0.889934 -0.401574
41.21799850 -14.73200035 393.91799927 0.179010 0.906506 -0.382365
40.91799927 -14.66300011 393.91799927 0.225752 0.874602 -0.429078
67.24700165 1.15300000 388.21798706 -0.969748 0.225143 -0.094333
67.19499969 0.85299999 388.21798706 -0.967852 0.235969 -0.087069
67.27600098 1.15300000 387.91799927 -0.971673 0.227832 -0.062808
67.21399689 0.85299999 387.91799927 -0.969270 0.237043 -0.065776
41.21799850 -14.85400009 393.61801147 0.165822 0.914149 -0.369911
40.91799927 -14.77499962 393.61801147 0.223737 0.913715 -0.339215
41.21799850 -14.97999954 393.31799316 0.196426 0.897741 -0.394307
40.91799927 -14.88399982 393.31799316 0.275381 0.918418 -0.284032
67.30000305 1.15300000 387.61801147 -0.970285 0.233610 -0.063038
67.21900177 0.85299999 387.61801147 -0.967155 0.243978 -0.071317
67.24400330 0.85299999 387.31799316 -0.968578 0.234921 -0.081657
67.32599640 1.15300000 387.31799316 -0.973162 0.218314 -0.072771
41.81800079 -14.92599964 393.61801147 0.120634 0.916541 -0.381314
67.28399658 0.85299999 387.01800537 -0.967988 0.233478 -0.092129
41.51800156 -14.87800026 393.61801147 0.105480 0.919179 -0.379452
67.31400299 0.85299999 386.71798706 -0.974724 0.215928 -0.057337
41.81800079 -15.03999996 393.31799316 0.110164 0.902229 -0.416950
41.51800156 -15.01500034 393.31799316 0.089836 0.899746 -0.427068
41.81800079 -15.19600010 393.01800537 0.111038 0.892521 -0.437124
41.51800156 -15.16899967 393.01800537 0.096279 0.894419 -0.436744
41.81800079 -15.33699989 392.71798706 0.117486 0.845611 -0.520711
41.51800156 -15.30200005 392.71798706 0.080319 0.863786 -0.497417
67.48400116 1.75300002 387.01800537 -0.975028 0.211643 -0.067286
67.39499664 1.45299995 387.01800537 -0.971692 0.224618 -0.073218
67.51000214 1.75300002 386.71798706 -0.978748 0.194782 -0.064121
67.43399811 1.45299995 386.71798706 -0.968150 0.239219 -0.073895
67.33899689 1.15300000 387.01800537 -0.974764 0.206319 -0.085246
67.37200165 1.15300000 386.71798706 -0.976470 0.204093 -0.069661
67.31800079 0.85299999 386.41799927 -0.972188 0.221684 -0.075546
42.41799927 -15.39599991 392.71798706 0.033754 0.887065 -0.460409
42.11800003 -15.38599968 392.71798706 0.068342 0.866127 -0.495129
42.41799927 -15.26500034 393.01800537 0.128306 0.922975 -0.362844
42.11800003 -15.23200035 393.01800537 0.128202 0.903047 -0.409964
43.01800156 -15.46700001 392.71798706 0.078577 0.894674 -0.439755
42.71799850 -15.42300034 392.71798706 0.072728 0.898814 -0.432254
67.36599731 1.15300000 386.41799927 -0.971728 0.222713 -0.078385
43.01800156 -15.31000042 393.01800537 0.024523 0.930581 -0.365263
42.71799850 -15.29500008 393.01800537 0.094688 0.937541 -0.334741
67.42700195 1.15300000 386.11801147 -0.967858 0.225706 -0.110940
67.34700012 0.85299999 386.11801147 -0.966404 0.229121 -0.116480
53.51800156 -11.85200024 397.21798706 -0.340345 0.863954 -0.371146
67.52799988 1.75300002 386.41799927 -0.981928 0.172289 -0.078313
67.46299744 1.45299995 386.41799927 -0.971866 0.222176 -0.078196
67.54000092 1.75300002 386.11801147 -0.981664 0.170252 -0.085730
67.49299622 1.45299995 386.11801147 -0.973141 0.206652 -0.101447
53.81800079 -11.85999966 396.91799927 -0.372680 0.849835 -0.372680
53.51800156 -11.96500015 396.91799927 -0.326917 0.877355 -0.351246
67.46499634 1.15300000 385.81799316 -0.972881 0.225826 -0.050048
67.37999725 0.85299999 385.81799316 -0.972097 0.227355 -0.057761
67.44400024 1.15300000 385.51800537 -0.975500 0.219280 -0.017779
67.38600159 0.85299999 385.51800537 -0.979808 0.197380 -0.031912
27.53300095 -7.84700012 390.31799316 0.758394 0.537534 -0.368641
67.57199860 1.75300002 385.81799316 -0.981673 0.180551 -0.060981
67.50900269 1.45299995 385.81799316 -0.979467 0.194937 -0.051425
67.58000183 1.75300002 385.51800537 -0.983845 0.175811 -0.033765
67.52999878 1.45299995 385.51800537 -0.977601 0.210073 -0.012909
43.01800156 -15.60400009 392.41799927 0.093280 0.895211 -0.435771
42.71799850 -15.56099987 392.41799927 0.047686 0.884236 -0.464599
43.01800156 -15.74800014 392.11801147 0.087542 0.893481 -0.440487
42.71799850 -15.73200035 392.11801147 -0.045266 0.873778 -0.484213
43.61800003 -15.64099979 392.41799927 0.011956 0.888714 -0.458306
43.31800079 -15.63599968 392.41799927 0.044810 0.889418 -0.454893
43.61800003 -15.80000019 392.11801147 0.033751 0.884268 -0.465759
43.31800079 -15.80200005 392.11801147 0.081408 0.898251 -0.431878
27.79000092 -8.14700031 390.31799316 0.744998 0.597601 -0.296397
27.71800041 -8.06700039 390.31799316 0.716685 0.612676 -0.333153
27.66699982 -8.14700031 390.01800537 0.733316 0.586978 -0.343081
27.41799927 -7.88500023 390.01800537 0.748239 0.605263 -0.271654
67.58899689 1.75300002 385.21798706 -0.986475 0.158810 -0.040572
67.53600311 1.45299995 385.21798706 -0.974462 0.216411 -0.059910
67.61000061 1.75300002 384.91799927 -0.987575 0.147382 -0.054543
67.56600189 1.45299995 384.91799927 -0.978231 0.191738 -0.079382
67.61399841 1.75300002 384.61801147 -0.989393 0.141991 -0.030670
67.57800293 1.45299995 384.61801147 -0.986716 0.154574 -0.049975
67.62200165 1.75300002 384.31799316 -0.988541 0.148678 -0.026104
67.58300018 1.45299995 384.31799316 -0.990713 0.128531 -0.044360
28.01399994 -8.44699955 390.31799316 0.759690 0.581314 -0.291453
67.70400238 2.35299993 384.61801147 -0.990460 0.128794 -0.049010
67.66699982 2.05299997 384.61801147 -0.989514 0.140058 -0.035299
67.71299744 2.35299993 384.31799316 -0.990532 0.136740 -0.012229
67.67299652 2.05299997 384.31799316 -0.990766 0.133523 -0.023563
28.31699944 -8.74699974 390.61801147 0.768336 0.556602 -0.315996
28.08399963 -8.44699955 390.61801147 0.771872 0.583227 -0.253099
27.72900009 -8.44699955 389.71798706 0.767876 0.573920 -0.284575
67.64499664 1.75300002 384.01800537 -0.989507 0.141682 -0.028336
67.58499908 1.45299995 384.01800537 -0.993349 0.109879 -0.034407
67.62699890 1.75300002 383.71798706 -0.987592 0.145405 -0.059325
67.61399841 1.45299995 383.71798706 -0.993511 0.107677 -0.036632
28.09799957 -8.74699974 390.01800537 0.760963 0.586212 -0.278014
28.01799965 -8.65799999 390.01800537 0.715258 0.614700 -0.332490
27.85600090 -8.44699955 390.01800537 0.758418 0.544047 -0.358909
67.70700073 2.35299993 384.01800537 -0.989432 0.140046 -0.037573
67.67600250 2.05299997 384.01800537 -0.988922 0.146129 -0.026054
67.73899841 2.35299993 383.71798706 -0.987224 0.130922 -0.090820
67.69000244 2.05299997 383.71798706 -0.982764 0.168782 -0.075413
53.81800079 -11.72599983 397.21798706 -0.375795 0.849827 -0.369558
28.01799965 -8.78999996 389.71798706 0.732970 0.638799 -0.233860
44.81800079 -16.75900078 390.31799316 0.058770 0.675141 -0.735344
44.51800156 -16.62899971 390.31799316 0.518945 0.663377 -0.539099
44.81800079 -16.45999908 390.61801147 0.164225 0.800030 -0.577046
44.51800156 -16.42499924 390.61801147 0.155765 0.874905 -0.458561
44.81800079 -16.54700089 390.52200317 0.111045 0.846540 -0.520615
45.41799927 -16.64299965 390.31799316 0.006930 0.688842 -0.724878
45.11800003 -16.68000031 390.31799316 -0.136770 0.710904 -0.689862
67.78500366 2.35299993 383.41799927 -0.987751 0.130369 -0.085738
67.73100281 2.05299997 383.41799927 -0.978567 0.182944 -0.094542
67.78700256 2.35299993 383.11801147 -0.991271 0.127144 -0.034880
67.74600220 2.05299997 383.11801147 -0.984913 0.165522 -0.050478
45.41799927 -16.42799950 390.61801147 -0.093401 0.890796 -0.444701
45.11800003 -16.51799965 390.61801147 -0.017484 0.875542 -0.482826
67.79299927 2.35299993 382.81799316 -0.988281 0.152643 0.001114
67.75000000 2.05299997 382.81799316 -0.991097 0.133100 0.003300
67.78099823 2.35299993 382.51800537 -0.985822 0.164880 -0.031131
67.73500061 2.05299997 382.51800537 -0.991672 0.127707 -0.016657
67.81099701 2.95300007 382.21798706 -0.999003 -0.044059 0.007172
67.86599731 2.65300012 382.21798706 -0.999843 0.016980 -0.004994
67.79399872 2.95300007 381.91799927 -0.999365 -0.035510 -0.003044
67.85600281 2.65300012 381.91799927 -0.999995 0.002944 -0.000981
67.80699921 2.35299993 382.21798706 -0.987196 0.148021 -0.059442
67.75599670 2.05299997 382.21798706 -0.990369 0.109784 -0.084360
67.80699921 2.35299993 381.91799927 -0.991423 0.130653 0.003294
67.80799866 2.05299997 381.91799927 -0.994784 0.097614 -0.029613
43.91799927 -13.70699978 396.91799927 0.016921 0.917661 -0.397002
44.21799850 -13.69799995 396.91799927 -0.014289 0.915795 -0.401391
67.81199646 2.35299993 381.61801147 -0.994798 0.100890 0.014103
67.76699829 2.05299997 381.61801147 -0.995457 0.095162 0.003208
67.83799744 2.35299993 381.31799316 -0.994881 0.093442 -0.038476
67.77500153 2.05299997 381.31799316 -0.995025 0.061010 -0.078759
67.82800293 2.95300007 381.61801147 -0.999411 -0.013271 -0.031646
67.84500122 2.65300012 381.61801147 -0.998711 0.019746 -0.046766
67.87000275 2.95300007 381.31799316 -0.999179 0.007159 -0.039885
67.83300018 2.65300012 381.31799316 -0.998115 0.051864 -0.032812
67.82399750 2.35299993 381.01800537 -0.994704 0.018481 -0.101101
67.81800079 2.05299997 381.01800537 -0.975919 -0.044634 -0.213520
67.85199738 2.35299993 380.71798706 -0.984459 -0.092106 -0.149523
67.91600037 2.05299997 380.71798706 -0.888272 -0.232819 -0.395941
43.91799927 -13.57900047 397.21798706 0.019701 0.910190 -0.413723
44.21799850 -13.56900024 397.21798706 -0.003885 0.913002 -0.407937
40.01800156 25.15699959 372.61801147 0.152694 -0.920364 0.360021
39.71799850 25.12100029 372.61801147 0.173507 -0.921138 0.348424
40.01800156 25.05900002 372.31799316 0.118982 -0.928606 0.351475
39.71799850 25.02099991 372.31799316 0.223149 -0.914190 0.338322
40.61800003 25.31699944 372.61801147 0.230358 -0.862714 0.450177
40.31800079 25.22400093 372.61801147 0.217109 -0.887637 0.406157
40.61800003 25.14699936 372.31799316 0.230446 -0.881641 0.411829
40.31800079 25.10400009 372.31799316 0.156393 -0.914405 0.373370
67.87100220 2.95300007 381.01800537 -0.999342 0.013297 -0.033755
67.84999847 2.65300012 381.01800537 -0.998152 0.055745 -0.024191
67.87300110 2.95300007 380.71798706 -0.993465 -0.005429 -0.114004
67.86000061 2.65300012 380.71798706 -0.985169 0.033651 -0.168256
40.31800079 25.36499977 372.91799927 0.275305 -0.868505 0.412197
40.61800003 25.65900040 373.21798706 0.277163 -0.855991 0.436417
40.31800079 25.49500084 373.21798706 0.305846 -0.843018 0.442468
40.61800003 25.49200058 372.91799927 0.245753 -0.850213 0.465557
53.51800156 23.68099976 371.71798706 -0.331740 -0.935642 -0.120510
40.61800003 25.87199974 373.81799316 0.216679 -0.903071 0.370826
40.31800079 25.80599976 373.81799316 0.183809 -0.913344 0.363343
40.61800003 25.76799965 373.51800537 0.227224 -0.910342 0.345901
40.31800079 25.66500092 373.51800537 0.253160 -0.865594 0.432039
53.51800156 23.73699951 372.01800537 -0.402149 -0.858225 0.318945
41.21799850 26.00399971 373.81799316 0.119635 -0.896558 0.426463
40.91799927 25.95199966 373.81799316 0.173330 -0.903894 0.391067
41.21799850 25.85400009 373.51800537 0.063900 -0.901392 0.428263
40.91799927 25.81800079 373.51800537 0.124044 -0.912909 0.388857
53.51800156 23.90800095 372.31799316 -0.365934 -0.868135 0.335312
53.81800079 23.73600006 372.31799316 -0.466621 -0.817773 0.336916
53.81800079 23.82399940 372.61801147 -0.464141 -0.818979 0.337413
53.51800156 23.99699974 372.61801147 -0.363489 -0.866545 0.342017
55.31800079 23.73500061 374.11801147 -0.484551 -0.782736 0.390558
55.31800079 23.89999962 374.41799927 -0.464052 -0.790667 0.399376
55.61800003 23.71800041 374.41799927 -0.453451 -0.778506 0.433948
40.61800003 26.13699913 374.41799927 0.191180 -0.907026 0.375172
40.31800079 26.05800056 374.41799927 0.260969 -0.887294 0.380269
59.21799850 25.20999908 383.41799927 -0.620586 -0.768560 0.155524
58.91799927 25.36199951 383.11801147 -0.608282 -0.733470 0.303339
59.21799850 25.11899948 383.11801147 -0.610888 -0.732745 0.299832
59.51800156 24.95899963 383.41799927 -0.639484 -0.746831 0.182491
59.51800156 24.85700035 383.11801147 -0.633855 -0.708047 0.311283
41.21799850 26.23299980 374.41799927 0.177829 -0.914753 0.362772
40.91799927 26.18199921 374.41799927 0.165566 -0.915565 0.366509
41.21799850 26.13800049 374.11801147 0.159963 -0.913064 0.375135
40.91799927 26.06900024 374.11801147 0.174617 -0.915673 0.362010
67.68299866 2.95300007 387.01800537 -0.989531 0.136448 -0.047011
67.64099884 2.65300012 387.01800537 -0.986380 0.158794 -0.042886
67.71900177 2.95300007 386.71798706 -0.988358 0.140201 -0.059093
67.66500092 2.65300012 386.71798706 -0.987575 0.147382 -0.054543
41.81800079 26.59300041 375.01800537 0.076982 -0.919737 0.384912
41.51800156 26.55299950 375.01800537 0.129614 -0.915661 0.380480
41.81800079 26.45400047 374.71798706 0.076304 -0.927696 0.365456
41.51800156 26.43799973 374.71798706 0.141842 -0.911442 0.386204
41.21799850 26.50699997 375.01800537 0.169532 -0.910346 0.377530
40.91799927 26.44000053 375.01800537 0.188204 -0.906539 0.377844
41.21799850 26.36300087 374.71798706 0.179544 -0.903464 0.389251
40.91799927 26.31900024 374.71798706 0.169857 -0.906378 0.386817
67.75700378 3.55299997 387.61801147 -0.988261 0.150906 -0.023827
67.72100067 3.25300002 387.61801147 -0.992274 0.121389 -0.025614
67.76799774 3.55299997 387.31799316 -0.986801 0.156176 -0.042804
43.31800079 -13.67700005 396.91799927 0.079398 0.924521 -0.372769
43.61800003 -13.68599987 396.91799927 0.051745 0.922115 -0.383441
41.81800079 26.85300064 375.61801147 0.122391 -0.898939 0.420630
41.51800156 26.80900002 375.61801147 0.128555 -0.899887 0.416745
43.31800079 -13.55399990 397.21798706 0.072254 0.906581 -0.415800
41.81800079 26.70599937 375.31799316 0.095026 -0.907563 0.409023
41.51800156 26.67200089 375.31799316 0.132745 -0.912450 0.387058
43.61800003 -13.55399990 397.21798706 0.041326 0.907846 -0.417262
67.71399689 3.25300002 387.31799316 -0.989717 0.141066 -0.023699
42.41799927 27.18099976 376.21798706 0.116253 -0.900611 0.418791
42.11800003 27.16399956 376.21798706 0.094497 -0.913466 0.395790
42.41799927 27.02300072 375.91799927 0.087980 -0.921764 0.377639
42.11800003 27.03100014 375.91799927 0.088869 -0.911935 0.400595
67.69499969 2.95300007 387.61801147 -0.989399 0.143277 -0.023691
67.62799835 2.65300012 387.61801147 -0.980816 0.190484 -0.041410
67.68800354 2.95300007 387.31799316 -0.989559 0.143916 -0.007809
67.63800049 2.65300012 387.31799316 -0.985194 0.169384 -0.026502
44.51800156 29.04199982 380.11801147 0.032556 -0.925905 0.376352
67.79900360 3.55299997 387.01800537 -0.988255 0.149666 -0.030847
67.73600006 3.25300002 387.01800537 -0.988197 0.146442 -0.044970
67.79199982 3.55299997 386.71798706 -0.992658 0.120950 -0.001090
67.74199677 3.25300002 386.71798706 -0.989186 0.143902 -0.028327
67.80000305 3.55299997 385.81799316 -0.995410 0.080471 -0.051810
67.78199768 3.25300002 385.81799316 -0.992434 0.111776 -0.050807
67.82700348 3.55299997 385.51800537 -0.994163 0.072853 -0.079578
67.80799866 3.25300002 385.51800537 -0.987554 0.119167 -0.102649
67.88300323 4.15299988 385.21798706 -0.997746 0.066097 -0.011541
67.86199951 3.85299993 385.21798706 -0.998070 0.053978 -0.030694
67.88999939 4.15299988 384.91799927 -0.998025 0.055974 -0.028515
67.87000275 3.85299993 384.91799927 -0.999139 0.034026 -0.023715
67.87300110 3.55299997 384.61801147 -0.995999 0.083633 -0.031498
67.82900238 3.25300002 384.61801147 -0.990032 0.140800 -0.003326
67.89199829 3.55299997 384.31799316 -0.994948 0.097201 -0.025119
67.83999634 3.25300002 384.31799316 -0.985194 0.169384 -0.026502
67.88300323 4.15299988 384.61801147 -0.998107 0.043488 -0.043488
67.90000153 3.85299993 384.61801147 -0.998373 0.034717 -0.045237
67.90799713 4.15299988 384.31799316 -0.998710 0.044781 -0.023952
67.89800262 3.85299993 384.31799316 -0.998957 0.030145 -0.034303
67.90100098 3.85299993 384.01800537 -0.998880 0.046388 0.009278
67.91699982 4.15299988 383.71798706 -0.999034 0.040292 0.017563
67.88700104 3.85299993 383.71798706 -0.998085 0.059822 0.015743
67.92299652 4.15299988 384.01800537 -0.998507 0.054614 -0.001030
67.91300201 4.15299988 383.41799927 -0.999642 0.023295 0.013167
67.90100098 3.85299993 383.41799927 -0.997558 0.069839 -0.001042
67.91500092 4.15299988 383.11801147 -0.999912 0.002979 0.012908
67.90100098 3.85299993 383.11801147 -0.997820 0.060442 0.026510
43.31800079 -13.92399979 396.31799316 0.049917 0.902556 -0.427669
43.61800003 -13.95100021 396.31799316 0.063309 0.911923 -0.405449
67.87699890 4.15299988 382.81799316 -0.999948 -0.008902 0.004945
67.90599823 3.85299993 382.81799316 -0.998831 0.048248 0.003080
67.88999939 4.15299988 382.51800537 -0.999736 0.009043 -0.021100
67.91500092 3.85299993 382.51800537 -0.998496 0.049244 -0.024098
43.31800079 -13.78499985 396.61801147 0.077445 0.911682 -0.403531
43.61800003 -13.81900024 396.61801147 0.066044 0.915175 -0.397609
67.91200256 4.45300007 382.81799316 -0.999707 0.023155 0.007047
67.90499878 4.75299978 382.51800537 -0.998513 0.054502 0.001028
67.89900208 4.45300007 382.51800537 -0.998948 0.036307 -0.028008
67.92400360 4.75299978 382.81799316 -0.998050 0.059820 -0.017841
67.91500092 4.75299978 381.91799927 -0.997220 0.003146 0.074451
67.92299652 4.75299978 382.21798706 -0.999632 0.027126 -0.001005
67.91999817 4.45300007 382.21798706 -0.999339 0.007131 -0.035654
67.92500305 4.45300007 381.91799927 -0.998944 -0.021784 0.040456
42.71799850 -13.57100010 396.91799927 0.108895 0.916647 -0.384578
43.01800156 -13.63700008 396.91799927 0.117128 0.919110 -0.376188
67.88400269 4.75299978 381.61801147 -0.998613 -0.003092 0.052559
67.88099670 4.45300007 381.61801147 -0.997986 -0.039241 0.049846
67.88099670 4.75299978 381.31799316 -0.999372 0.033618 -0.011206
67.88400269 4.45300007 381.31799316 -0.998919 -0.046199 0.005133
67.89900208 4.75299978 381.01800537 -0.999162 0.027898 -0.029965
67.85800171 4.45300007 381.01800537 -0.999388 -0.021481 -0.027619
67.91200256 4.75299978 380.71798706 -0.999385 0.021525 -0.027675
67.90100098 4.45300007 380.71798706 -0.999411 -0.013271 -0.031646
67.91000366 4.75299978 380.41799927 -0.999863 -0.014983 0.006992
67.90599823 4.45300007 380.41799927 -0.999987 -0.004916 -0.000983
67.90699768 4.75299978 380.11801147 -0.999568 -0.029251 -0.003026
67.90100098 4.45300007 380.11801147 -0.997792 -0.045888 -0.048022
67.85600281 5.35300016 379.81799316 -0.995293 -0.080461 -0.054008
67.88600159 5.05299997 379.81799316 -0.993766 -0.099488 -0.050303
67.87899780 5.35300016 379.51800537 -0.998543 -0.032550 -0.043050
25.31800079 15.54800034 375.91799927 0.705574 -0.687207 -0.172950
25.32399940 15.55300045 375.91799927 0.704459 -0.689178 -0.169620
25.61800003 15.81900024 375.91799927 0.754189 -0.643674 0.129930
25.39500046 15.55300045 376.21798706 0.825971 -0.563099 -0.026287
25.06599998 15.25300026 375.91799927 0.718095 -0.576776 -0.389447
25.22900009 15.25300026 376.21798706 0.817782 -0.545692 -0.182905
58.91799927 -12.44200039 387.91799927 -0.565243 0.784451 -0.255221
58.91799927 -12.38399982 388.21798706 -0.615578 0.739648 -0.272000
67.51000214 3.85299993 392.71798706 -0.975530 0.209305 -0.067320
67.48600006 3.85299993 393.01800537 -0.988664 0.129565 -0.075871
58.01800156 21.48500061 372.91799927 -0.547760 -0.802243 0.237414
57.71799850 21.67300034 372.91799927 -0.566634 -0.783242 0.255848
57.71799850 21.81100082 373.21798706 -0.557099 -0.757332 0.340719
58.01800156 21.58699989 373.21798706 -0.558398 -0.761160 0.329890
58.31800079 21.27199936 372.91799927 -0.579956 -0.791128 0.194339
58.31800079 21.36199951 373.21798706 -0.587107 -0.758943 0.281621
58.01800156 21.73699951 373.51800537 -0.554112 -0.760895 0.337637
58.01800156 21.85300064 373.81799316 -0.555583 -0.761712 0.333350
67.23400116 2.65300012 392.71798706 -0.967430 0.230098 -0.105515
67.28600311 2.95300007 392.71798706 -0.968409 0.227189 -0.102806
67.18000031 2.65300012 393.01800537 -0.965662 0.232118 -0.116700
67.24800110 2.95300007 393.01800537 -0.961976 0.255585 -0.096326
66.99400330 2.05299997 393.31799316 -0.955176 0.277561 -0.102945
67.07199860 2.35299993 393.31799316 -0.962954 0.257549 -0.079929
66.96800232 2.05299997 393.61801147 -0.954508 0.284404 -0.089607
66.79699707 1.45299995 393.31799316 -0.935453 0.336115 -0.109339
66.90100098 1.75300002 393.31799316 -0.940658 0.322473 -0.105707
66.74600220 1.45299995 393.61801147 -0.933256 0.338254 -0.120902
66.87000275 1.75300002 393.61801147 -0.935453 0.336115 -0.109339
66.93800354 2.05299997 393.91799927 -0.938135 0.332284 -0.097417
66.70999908 1.45299995 393.91799927 -0.933308 0.334789 -0.129816
66.50499725 0.85299999 393.91799927 -0.929721 0.353213 -0.104205
66.61100006 1.15300000 393.91799927 -0.937680 0.321607 -0.131628
65.04699707 -1.84700000 395.41799927 -0.862589 0.470638 -0.185583
65.10700226 -1.84700000 395.11801147 -0.864718 0.462870 -0.194971
64.92800140 -2.14700007 395.11801147 -0.863875 0.476671 -0.162802
64.69400024 -2.44700003 395.41799927 -0.853985 0.465672 -0.232078
64.52100372 -2.74699998 395.41799927 -0.836911 0.489862 -0.244163
64.77600098 -2.44700003 395.11801147 -0.868566 0.455811 -0.194499
64.61199951 -2.74699998 395.11801147 -0.841033 0.491236 -0.226607
64.82900238 -2.44700003 394.81799316 -0.872645 0.461817 -0.158795
64.67800140 -2.74699998 394.81799316 -0.874898 0.454246 -0.167969
64.88700104 -2.44700003 394.51800537 -0.847052 0.496237 -0.190399
64.71900177 -2.74699998 394.51800537 -0.887378 0.429937 -0.166474
64.50900269 -3.04699993 394.81799316 -0.828381 0.512953 -0.225087
64.58599854 -3.04699993 394.51800537 -0.856998 0.474116 -0.201911
64.40200043 -3.34699988 394.51800537 -0.828260 0.508635 -0.235109
64.66300201 -3.04699993 394.21798706 -0.874053 0.450982 -0.180686
64.47399902 -3.34699988 394.21798706 -0.850460 0.491743 -0.186832
64.71399689 -3.04699993 393.91799927 -0.860796 0.469932 -0.195432
64.53099823 -3.34699988 393.91799927 -0.849764 0.500991 -0.164041
64.37400055 -3.64700007 393.91799927 -0.852811 0.501739 -0.144817
65.93099976 17.35300064 386.41799927 -0.906933 -0.384197 0.172817
66.05899811 17.05299950 386.41799927 -0.919929 -0.366023 0.140564
65.87500000 17.35300064 386.11801147 -0.896499 -0.414541 0.156349
66.02200317 17.05299950 386.11801147 -0.915661 -0.380480 0.129614
27.42099953 18.55299950 376.21798706 0.786270 -0.571408 0.235102
27.23900032 18.25300026 376.21798706 0.827810 -0.520988 0.208092
27.53899956 18.55299950 375.91799927 0.754457 -0.599453 0.267302
27.31900024 18.25300026 375.91799927 0.799300 -0.555026 0.230359
27.05100060 18.25300026 376.81799316 0.795095 -0.559511 0.234034
27.26399994 18.55299950 376.81799316 0.782837 -0.577401 0.231894
27.35899925 18.55299950 376.51800537 0.798401 -0.565470 0.206879
27.15500069 18.25300026 376.51800537 0.799262 -0.542748 0.258079
27.51199913 18.85300064 376.81799316 0.765066 -0.603015 0.225936
27.57699966 18.85300064 376.51800537 0.780320 -0.593288 0.197763
60.47299957 -9.64700031 391.21798706 -0.688657 0.656401 -0.308041
27.20000076 18.55299950 377.11801147 0.785788 -0.575005 0.227832
60.20800018 -9.94699955 391.21798706 -0.689288 0.666898 -0.283072
27.56299973 19.15299988 377.41799927 0.754375 -0.613809 0.232716
27.32299995 18.85300064 377.41799927 0.771751 -0.594730 0.225159
27.65600014 19.15299988 377.11801147 0.756260 -0.612805 0.229217
27.39900017 18.85300064 377.11801147 0.768675 -0.597165 0.229199
60.33499908 -9.94699955 390.91799927 -0.675790 0.672564 -0.301605
63.83100128 -4.84700012 393.01800537 -0.833080 0.507158 -0.220835
63.92200089 -4.84700012 392.71798706 -0.827856 0.516839 -0.218017
63.74499893 -5.14699984 392.71798706 -0.812195 0.547051 -0.202668
64.00199890 -4.84700012 392.41799927 -0.816059 0.533282 -0.222841
63.79299927 -5.14699984 392.41799927 -0.805621 0.558909 -0.196456
64.07499695 -4.84700012 392.11801147 -0.846281 0.510712 -0.151595
63.88700104 -5.14699984 392.11801147 -0.806262 0.560284 -0.189798
61.91799927 20.05299950 372.25500488 0.589144 -0.144676 -0.794971
27.60099983 19.45299911 378.01800537 0.784496 -0.572385 0.238624
27.70499992 19.45299911 377.71798706 0.763397 -0.589539 0.263949
64.11699677 -4.84700012 391.81799316 -0.854246 0.495492 -0.157322
63.93099976 -5.14699984 391.81799316 -0.835648 0.522839 -0.168321
64.19400024 -4.84700012 391.51800537 -0.826338 0.517797 -0.221477
63.99499893 -5.14699984 391.51800537 -0.845712 0.497213 -0.193778
27.38199997 19.15299988 378.01800537 0.772244 -0.591274 0.232453
27.14699936 18.85300064 378.01800537 0.771516 -0.586853 0.245696
27.46899986 19.15299988 377.71798706 0.768989 -0.594290 0.235532
27.23999977 18.85300064 377.71798706 0.770860 -0.597145 0.221797
27.17099953 19.15299988 378.61801147 0.757242 -0.595992 0.267169
27.28300095 19.15299988 378.31799316 0.748835 -0.606351 0.267554
27.72400093 19.75300026 378.31799316 0.779716 -0.584399 0.224769
50.81800079 27.17900085 377.71798706 -0.231691 -0.877435 0.420033
50.21799850 27.21500015 377.41799927 -0.264764 -0.869940 0.416058
50.21799850 27.09300041 377.11801147 -0.242987 -0.896843 0.369635
49.91799927 27.15900040 377.11801147 -0.246928 -0.881457 0.402567
27.64200020 19.75300026 378.61801147 0.769551 -0.594724 0.232582
27.41600037 19.45299911 378.61801147 0.753878 -0.598341 0.271396
27.52499962 19.45299911 378.31799316 0.781886 -0.575880 0.238780
27.70899963 20.05299950 379.21798706 0.761179 -0.594130 0.260030
49.91799927 27.31800079 377.41799927 -0.249307 -0.885265 0.392622
49.91799927 27.57200050 378.01800537 -0.247280 -0.879718 0.406139
50.21799850 27.49200058 378.01800537 -0.205111 -0.880946 0.426455
50.21799850 27.36000061 377.71798706 -0.229406 -0.889502 0.395170
49.91799927 27.42499924 377.71798706 -0.245853 -0.886561 0.391875
49.61800003 27.77899933 378.31799316 -0.182727 -0.905004 0.384159
49.31800079 27.83399963 378.31799316 -0.180011 -0.902934 0.390263
50.21799850 27.77700043 378.61801147 -0.207247 -0.905798 0.369566
49.91799927 27.83600044 378.61801147 -0.205802 -0.897648 0.389710
50.21799850 27.63500023 378.31799316 -0.194006 -0.891263 0.409893
49.91799927 27.71199989 378.31799316 -0.213117 -0.892150 0.398308
27.82799911 20.95299911 381.01800537 0.727481 -0.642635 0.240399
27.91900063 20.95299911 380.71798706 0.740738 -0.638246 0.209643
49.61800003 27.65200043 378.01800537 -0.191679 -0.906514 0.376153
49.31800079 27.70499992 378.01800537 -0.157102 -0.910058 0.383555
49.31800079 27.58300018 377.71798706 -0.147142 -0.917887 0.368556
49.61800003 27.53700066 377.71798706 -0.236303 -0.884279 0.402756
48.41799927 28.41900063 379.21798706 -0.166903 -0.886761 0.431044
48.11800003 28.44599915 379.21798706 -0.113488 -0.900900 0.418926
28.09900093 21.55299950 381.61801147 0.729043 -0.613169 0.304170
48.41799927 28.25000000 378.91799927 -0.128202 -0.903047 0.409964
48.11800003 28.29400063 378.91799927 -0.119618 -0.899245 0.420773
27.84799957 21.25300026 381.61801147 0.739905 -0.608863 0.286054
28.23500061 21.55299950 381.31799316 0.748367 -0.602189 0.278056
27.97999954 21.25300026 381.31799316 0.723840 -0.624332 0.293709
27.90500069 21.55299950 382.21798706 0.764987 -0.599161 0.236223
27.98600006 21.55299950 381.91799927 0.750057 -0.614826 0.243729
27.74099922 21.25300026 381.91799927 0.774066 -0.594123 0.218724
24.62500000 14.35299969 376.81799316 0.890285 -0.452618 -0.050291
24.47800064 14.05300045 376.81799316 0.882292 -0.466610 0.061939
28.14299965 21.85300064 382.21798706 0.770820 -0.593297 0.232024
24.71800041 14.61499977 376.51800537 0.781532 -0.608190 -0.138972
28.23399925 21.85300064 381.91799927 0.738465 -0.610869 0.285497
24.96400070 14.95300007 376.81799316 0.858978 -0.490217 0.147797
24.77899933 14.65299988 376.81799316 0.871091 -0.491076 0.006690
24.99799919 14.95300007 376.51800537 0.793684 -0.604916 0.064353
24.73500061 14.65299988 376.51800537 0.777416 -0.618097 -0.116539
24.71699905 14.65299988 377.41799927 0.919163 -0.381050 0.099701
24.82999992 14.95300007 377.41799927 0.906472 -0.397377 0.142829
28.17200089 22.15299988 382.81799316 0.741084 -0.614132 0.271361
24.89500046 14.95300007 377.11801147 0.875414 -0.445799 0.186853
24.73500061 14.65299988 377.11801147 0.894181 -0.433755 0.110895
27.94300079 21.85300064 382.81799316 0.776717 -0.586818 0.228812
28.29100037 22.15299988 382.51800537 0.723386 -0.644585 0.247433
28.03100014 21.85300064 382.51800537 0.751474 -0.605925 0.261038
48.41799927 28.64299965 379.81799316 -0.142623 -0.907987 0.393979
48.11800003 28.71199989 379.81799316 -0.154569 -0.908977 0.387130
48.41799927 28.53300095 379.51800537 -0.137269 -0.922059 0.361891
48.11800003 28.57500076 379.51800537 -0.127337 -0.908152 0.398803
48.41799927 28.89500046 380.41799927 -0.125003 -0.927223 0.353032
48.11800003 28.93499947 380.41799927 -0.187917 -0.908027 0.374400
48.41799927 28.78199959 380.11801147 -0.126549 -0.916436 0.379646
48.11800003 28.83300018 380.11801147 -0.168753 -0.914671 0.367286
47.81800079 28.76199913 379.81799316 -0.091810 -0.911247 0.401497
47.51800156 28.76499939 379.81799316 -0.069276 -0.908737 0.411580
47.81800079 28.62100029 379.51800537 -0.083597 -0.905861 0.415243
47.51800156 28.63100052 379.51800537 -0.066586 -0.906381 0.417180
47.21799850 28.94599915 380.11801147 -0.069291 -0.906214 0.417103
46.91799927 28.94599915 380.11801147 -0.072254 -0.906581 0.415800
47.81800079 29.01000023 380.41799927 -0.133325 -0.908011 0.397167
47.51800156 29.04000092 380.41799927 -0.089215 -0.909998 0.404901
47.81800079 28.88100052 380.11801147 -0.117303 -0.917722 0.379509
47.51800156 28.90399933 380.11801147 -0.077638 -0.911222 0.404533
47.21799850 29.07099915 380.41799927 -0.077745 -0.909747 0.407818
46.91799927 29.08799934 380.41799927 -0.063637 -0.908521 0.412964
47.21799850 29.35499954 381.01800537 -0.099417 -0.889154 0.446678
46.91799927 29.38400078 381.01800537 -0.058706 -0.894246 0.443710
47.21799850 29.20800018 380.71798706 -0.090060 -0.899217 0.428133
46.91799927 29.23100090 380.71798706 -0.066848 -0.901772 0.427011
58.31800079 24.31500053 379.81799316 -0.591244 -0.728060 0.346928
58.61800003 24.06699944 379.81799316 -0.564840 -0.735111 0.374923
58.31800079 24.16799927 379.51800537 -0.610340 -0.723666 0.322169
58.61800003 23.91600037 379.51800537 -0.579766 -0.744491 0.331064
58.01800156 24.15900040 378.91799927 -0.560539 -0.757616 0.334385
58.31800079 24.05699921 379.21798706 -0.600220 -0.744272 0.292907
58.61800003 23.81100082 379.21798706 -0.602262 -0.742843 0.292345
58.61800003 23.68799973 378.91799927 -0.606585 -0.737825 0.296090
58.31800079 23.93400002 378.91799927 -0.581764 -0.754851 0.302902
58.31800079 23.82399940 378.61801147 -0.570649 -0.748471 0.337863
58.31800079 23.66799927 378.31799316 -0.562099 -0.744577 0.360069
59.84999847 21.55299950 376.51800537 -0.674301 -0.651444 0.347763
60.71799850 20.12700081 375.31799316 -0.641730 -0.718165 0.269113
60.11800003 20.54999924 375.01800537 -0.661745 -0.674752 0.326808
60.41799927 20.28499985 375.01800537 -0.618287 -0.733318 0.282783
60.11800003 20.42099953 374.71798706 -0.649312 -0.712814 0.265122
60.41799927 20.15999985 374.71798706 -0.631377 -0.714918 0.300426
60.71799850 20.06100082 375.01800537 -0.614827 -0.724560 0.311448
61.03900146 19.75300026 375.01800537 -0.733164 -0.576407 0.360867
61.20100021 19.45299911 375.01800537 -0.737692 -0.613416 0.282012
60.82300186 19.75300026 374.71798706 -0.657729 -0.634535 0.405903
61.10800171 19.45299911 374.71798706 -0.684049 -0.634837 0.359249
63.72900009 -5.44700003 391.81799316 -0.820750 0.526201 -0.222446
63.83100128 -5.44700003 391.51800537 -0.834952 0.497907 -0.234399
63.55899811 -5.74700022 391.81799316 -0.808881 0.543876 -0.223405
63.65299988 -5.74700022 391.51800537 -0.793950 0.560892 -0.234612
63.34000015 -6.04699993 391.81799316 -0.803127 0.557429 -0.210379
63.12699890 -6.34700012 391.81799316 -0.771267 0.589792 -0.239359
63.40100098 -6.04699993 391.51800537 -0.803355 0.558523 -0.206577
63.23099899 -6.34700012 391.51800537 -0.800887 0.561999 -0.206730
55.31800079 -10.37899971 398.71798706 -0.436962 0.818311 -0.373404
55.61800003 -10.21500015 398.71798706 -0.459124 0.807866 -0.369539
55.31800079 -10.24300003 399.01800537 -0.444379 0.813898 -0.374297
55.91799927 -10.03800011 398.71798706 -0.478374 0.790847 -0.381733
63.49000168 -6.04699993 391.21798706 -0.786627 0.572516 -0.231178
63.29800034 -6.34700012 391.21798706 -0.798217 0.560450 -0.220783
63.58300018 -6.04699993 390.91799927 -0.809583 0.554405 -0.192902
63.38700104 -6.34700012 390.91799927 -0.799333 0.559071 -0.220240
26.00900078 -3.94700003 393.91799927 0.863128 0.477882 -0.163215
31.31800079 -9.04699993 396.22299194 0.667842 0.658045 -0.347800
31.31800079 -9.23799992 395.71798706 0.648144 0.680796 -0.341214
31.42499924 -9.34700012 395.71798706 0.512867 0.766858 -0.385871
30.71800041 -9.10499954 394.81799316 0.600702 0.730233 -0.325448
30.96899986 -9.34700012 394.81799316 0.649530 0.704058 -0.287076
30.71800041 -9.27299976 394.51800537 0.596206 0.720347 -0.354456
30.80900002 -9.34700012 394.51800537 0.580659 0.727868 -0.364752
31.01799965 -9.50599957 394.51800537 0.609944 0.729036 -0.310605
26.06299973 -3.94700003 394.21798706 0.851473 0.480743 -0.209477
25.93400002 -3.64700007 394.21798706 0.858999 0.470582 -0.201678
31.01799965 -9.64299965 394.21798706 0.617671 0.705677 -0.347134
30.71800041 -9.43900013 394.21798706 0.591244 0.728060 -0.346928
31.31599998 -9.94699955 394.21798706 0.619479 0.669303 -0.410218
30.71800041 -9.54100037 393.91799927 0.569844 0.775051 -0.273083
30.85899925 -9.64700031 393.91799927 0.623672 0.717142 -0.311030
31.13299942 -9.94699955 393.91799927 0.702525 0.610820 -0.365182
31.00300026 -9.94699955 393.61801147 0.708047 0.633855 -0.311283
63.15399933 -6.64699984 390.91799927 -0.775772 0.585341 -0.235697
63.63899994 -6.04699993 390.61801147 -0.818938 0.539375 -0.195998
63.45399857 -6.34700012 390.61801147 -0.816095 0.542544 -0.199085
63.54100037 -6.34700012 390.31799316 -0.813685 0.536817 -0.223033
55.01800156 -10.53499985 398.71798706 -0.417024 0.826120 -0.378969
63.41500092 -6.64699984 390.01800537 -0.789659 0.565377 -0.238300
63.19599915 -6.94700003 390.01800537 -0.797443 0.551837 -0.244052
63.51800156 -6.64699984 389.71798706 -0.798614 0.542307 -0.260995
63.28099823 -6.94700003 389.71798706 -0.785947 0.560046 -0.261982
63.02399826 -6.94700003 390.61801147 -0.808053 0.555441 -0.196307
63.09099960 -6.94700003 390.31799316 -0.788268 0.567491 -0.237880
63.24700165 -6.64699984 390.61801147 -0.788277 0.579299 -0.207441
63.32300186 -6.64699984 390.31799316 -0.784598 0.576407 -0.228388
62.54899979 -7.84700012 390.01800537 -0.755674 0.607996 -0.243512
62.64300156 -7.84700012 389.71798706 -0.774054 0.590275 -0.228946
63.00600052 -7.24700022 390.01800537 -0.799309 0.539651 -0.264351
62.79499817 -7.54699993 390.01800537 -0.777208 0.576233 -0.252789
63.08499908 -7.24700022 389.71798706 -0.803009 0.545176 -0.240747
62.88100052 -7.54699993 389.71798706 -0.782308 0.584802 -0.214479
62.96400070 -7.54699993 389.41799927 -0.766112 0.593776 -0.245971
63.06399918 -7.54699993 389.11801147 -0.768675 0.597165 -0.229199
62.91899872 -7.84700012 388.81799316 -0.781128 0.582352 -0.225176
62.67300034 -8.14700031 388.81799316 -0.747590 0.604738 -0.274592
62.98600006 -7.84700012 388.51800537 -0.802086 0.563752 -0.197084
62.79800034 -8.14700031 388.51800537 -0.794856 0.566432 -0.217621
62.22900009 -8.44699955 389.41799927 -0.747844 0.622943 -0.229505
62.71699905 -7.84700012 389.41799927 -0.779371 0.587240 -0.218472
62.52299881 -8.14700031 389.41799927 -0.756281 0.616517 -0.218964
62.82300186 -7.84700012 389.11801147 -0.755093 0.607528 -0.246465
62.58700180 -8.14700031 389.11801147 -0.763613 0.608722 -0.215299
54.71799850 -10.68099976 398.71798706 -0.402193 0.834353 -0.376957
62.01300049 -8.74699974 389.41799927 -0.765040 0.592238 -0.252919
62.32799911 -8.44699955 389.11801147 -0.752118 0.617644 -0.229857
62.10900116 -8.74699974 389.11801147 -0.784871 0.573499 -0.234684
62.56600189 -8.44699955 388.51800537 -0.747731 0.601054 -0.282193
62.42699814 -8.44699955 388.81799316 -0.744111 0.607080 -0.278842
62.19699860 -8.74699974 388.81799316 -0.765849 0.589720 -0.256331
62.31100082 -8.74699974 388.51800537 -0.742101 0.604852 -0.288861
54.41799927 -11.09500027 398.11801147 -0.407215 0.838014 -0.363192
54.11800003 -11.09700012 398.41799927 -0.381692 0.857647 -0.344604
54.41799927 -10.96100044 398.41799927 -0.405989 0.841760 -0.355828
62.42300034 -8.74699974 388.21798706 -0.759446 0.591385 -0.271118
54.71799850 -10.92899990 398.11801147 -0.436657 0.830752 -0.345227
55.01800156 -10.76700020 398.11801147 -0.434170 0.835424 -0.336991
54.71799850 -10.82400036 398.41799927 -0.425578 0.837021 -0.343917
55.01800156 -10.65600014 398.41799927 -0.423134 0.841585 -0.335697
62.18000031 -9.04699993 388.21798706 -0.717066 0.633649 -0.290355
62.31399918 -9.04699993 387.91799927 -0.737010 0.612310 -0.286171
62.02099991 -9.34700012 387.91799927 -0.691803 0.653101 -0.308006
62.41099930 -9.04699993 387.61801147 -0.773103 0.588807 -0.235835
62.15999985 -9.34700012 387.61801147 -0.720313 0.640808 -0.265546
62.49800110 -9.04699993 387.31799316 -0.762434 0.577795 -0.291285
54.11800003 -10.97900009 398.71798706 -0.405897 0.832325 -0.377468
54.41799927 -10.82499981 398.71798706 -0.404514 0.823305 -0.398168
61.91799927 -9.60700035 387.61801147 -0.698024 0.653094 -0.293651
62.21799850 -9.37899971 387.31799316 -0.743951 0.610706 -0.271249
62.00000000 -9.64700031 387.31799316 -0.713178 0.642977 -0.279208
54.11800003 -10.82400036 399.01800537 -0.380142 0.800384 -0.463549
54.41799927 -10.67500019 399.01800537 -0.407457 0.800420 -0.439667
61.57899857 -9.94699955 387.61801147 -0.759220 0.595064 -0.263596
61.71099854 -9.94699955 387.31799316 -0.719253 0.615810 -0.321643
62.21799850 -9.52200031 387.01800537 -0.733395 0.604447 -0.311088
62.12699890 -9.64700031 387.01800537 -0.721634 0.584180 -0.371453
61.91799927 -9.86400032 387.01800537 -0.656814 0.630209 -0.414042
62.21799850 -9.64700031 386.87701416 -0.727249 0.552445 -0.407325
62.30300140 -9.64700031 386.71798706 -0.740739 0.645655 -0.185568
61.84999847 -9.94699955 387.01800537 -0.722019 0.608443 -0.329371
61.61800003 -10.25300026 387.01800537 -0.682199 0.666071 -0.301587
61.31800079 -10.50300026 387.01800537 -0.695697 0.707614 -0.123646
61.76900101 -10.24699974 386.71798706 -0.674150 0.677368 -0.294438
61.61800003 -10.36900043 386.71798706 -0.615795 0.750549 -0.239737
28.31800079 19.97699928 377.11801147 0.694841 -0.652924 0.301474
28.03700066 19.75300026 377.41799927 0.758047 -0.608000 0.236010
27.80999947 19.45299911 377.41799927 0.763970 -0.597685 0.243153
28.12299919 19.75300026 377.11801147 0.737490 -0.626945 0.251094
27.89399910 19.45299911 377.11801147 0.772240 -0.598911 0.212018
28.28400040 20.05299950 377.41799927 0.744597 -0.629083 0.223223
27.82200050 19.75300026 378.01800537 0.755092 -0.599958 0.264361
27.93099976 19.75300026 377.71798706 0.747439 -0.607790 0.268189
28.38100052 20.35300064 378.01800537 0.732429 -0.638327 0.236824
28.45599937 20.35300064 377.71798706 0.741146 -0.639026 0.205788
28.08300018 20.05299950 378.01800537 0.705125 -0.657374 0.265815
28.19400024 20.05299950 377.71798706 0.726556 -0.644956 0.236955
54.11800003 -11.21700001 398.11801147 -0.366361 0.857934 -0.360178
28.15600014 20.35300064 378.61801147 0.720824 -0.631320 0.286092
27.88699913 20.05299950 378.61801147 0.746919 -0.625291 0.226103
28.28300095 20.35300064 378.31799316 0.718165 -0.641730 0.269113
27.96800041 20.05299950 378.31799316 0.714953 -0.654979 0.244631
27.91300011 20.35300064 379.21798706 0.763384 -0.597226 0.246101
28.03100014 20.35300064 378.91799927 0.744883 -0.604520 0.282322
27.79999924 20.05299950 378.91799927 0.763114 -0.600149 0.239746
28.75200081 21.55299950 379.81799316 0.710769 -0.646880 0.276322
28.50099945 21.25300026 379.81799316 0.744356 -0.614766 0.260762
28.86300087 21.55299950 379.51800537 0.682103 -0.675713 0.279550
28.58699989 21.25300026 379.51800537 0.736807 -0.633120 0.237224
28.25900078 21.25300026 380.41799927 0.716270 -0.636150 0.286828
28.54899979 21.55299950 380.41799927 0.725070 -0.646429 0.237496
28.62999916 21.55299950 380.11801147 0.747204 -0.611348 0.260652
28.38299942 21.25300026 380.11801147 0.731721 -0.623318 0.275790
53.51800156 -11.47799969 398.11801147 -0.356817 0.868306 -0.344566
67.86900330 5.35300016 391.21798706 -0.986472 0.147323 -0.071893
28.32399940 21.55299950 381.01800537 0.757730 -0.614586 0.219384
53.81800079 -11.35000038 398.11801147 -0.370424 0.857090 -0.358025
53.51800156 -11.35799980 398.41799927 -0.375988 0.858739 -0.348137
53.81800079 -11.22999954 398.41799927 -0.370545 0.865631 -0.336720
67.81600189 5.05299997 391.21798706 -0.990261 0.127368 -0.056226
28.31800079 21.44499969 380.71798706 0.739793 -0.623066 0.253959
28.85799980 22.15299988 381.01800537 0.728777 -0.626716 0.275883
28.57200050 21.85300064 381.01800537 0.711058 -0.633664 0.304739
28.71999931 21.85300064 380.71798706 0.698024 -0.653094 0.293651
28.91799927 22.35099983 381.31799316 0.707084 -0.649624 0.279322
28.63400078 22.15299988 381.61801147 0.709301 -0.648732 0.275751
28.35400009 21.85300064 381.61801147 0.721613 -0.628811 0.289605
28.72699928 22.15299988 381.31799316 0.705838 -0.658254 0.261715
28.46199989 21.85300064 381.31799316 0.741247 -0.621131 0.254458
28.61800003 22.38400078 382.21798706 0.695446 -0.682943 0.223480
28.34300041 22.15299988 382.21798706 0.697496 -0.672190 0.248315
28.50399971 22.15299988 381.91799927 0.694841 -0.652924 0.301474
28.77099991 22.45299911 381.91799927 0.706243 -0.652039 0.275801
67.89600372 5.35300016 390.91799927 -0.986896 0.156191 -0.040494
28.94899940 22.75300026 382.21798706 0.730422 -0.639315 0.240332
29.06599998 22.75300026 381.91799927 0.696373 -0.654558 0.294310
29.29299927 23.35300064 382.81799316 0.699115 -0.670708 0.247768
28.99900055 23.05299950 382.81799316 0.703398 -0.668779 0.240760
29.09799957 23.05299950 382.51800537 0.707106 -0.659649 0.254685
67.83000183 5.05299997 390.91799927 -0.990518 0.130780 -0.042077
49.01800156 -16.11100006 390.61801147 -0.190700 0.892359 -0.409059
48.71799850 -16.15500069 390.61801147 -0.116230 0.903235 -0.413107
53.51800156 -11.71199989 397.51800537 -0.351259 0.866643 -0.354327
53.81800079 -11.59500027 397.51800537 -0.350147 0.870015 -0.347089
53.51800156 -11.60200024 397.81799316 -0.351080 0.869269 -0.348014
53.81800079 -11.47900009 397.81799316 -0.359471 0.862421 -0.356385
33.71799850 24.77700043 377.71798706 0.515759 -0.790405 0.330533
53.21799850 -11.72900009 397.81799316 -0.347459 0.870944 -0.347459
49.01800156 -16.25099945 390.31799316 -0.198412 0.883301 -0.424749
48.71799850 -16.30599976 390.31799316 -0.154995 0.882165 -0.444704
64.08300018 -3.34699988 395.71798706 -0.833071 0.511375 -0.210923
64.26000214 -3.04699993 395.71798706 -0.840318 0.502380 -0.203668
64.01599884 -3.34699988 396.01800537 -0.820622 0.534394 -0.202491
64.19100189 -3.04699993 396.01800537 -0.841245 0.509528 -0.180800
63.88700104 -3.64700007 395.71798706 -0.803443 0.550536 -0.226691
63.79899979 -3.64700007 396.01800537 -0.811487 0.545576 -0.209367
32.21799850 -9.59799957 396.61801147 0.586257 0.701856 -0.404600
31.91799927 -9.46899986 396.31799316 0.486363 0.775903 -0.401778
32.21799850 -9.69499969 396.31799316 0.533074 0.746304 -0.398575
32.81800079 -10.22799969 396.01800537 0.448209 0.828794 -0.334977
32.51800156 -10.08100033 396.01800537 0.422391 0.852517 -0.307896
32.51800156 -10.07999992 395.71798706 0.448776 0.881679 -0.145744
32.76300049 -10.24699974 395.71798706 0.514908 0.830840 -0.211128
31.91799927 -10.40400028 394.21798706 0.565377 0.789659 -0.238300
32.13000107 -10.54699993 394.21798706 0.668929 0.694352 -0.265347
31.96500015 -10.54699993 393.91799927 0.697228 0.675194 -0.240803
32.21799850 -10.84700012 393.96099854 0.613500 0.711139 -0.343365
32.21799850 -10.86800003 393.91799927 0.716395 0.633056 -0.293289
52.91799927 -11.96800041 397.51800537 -0.369558 0.849827 -0.375795
53.21799850 -11.83199978 397.51800537 -0.355439 0.863209 -0.358516
52.91799927 -11.83899975 397.81799316 -0.330675 0.873164 -0.358104
49.61800003 -15.97399998 390.61801147 -0.232545 0.887226 -0.398437
49.31800079 -16.03300095 390.61801147 -0.202171 0.900315 -0.385434
49.61800003 -16.09600067 390.31799316 -0.164651 0.900571 -0.402322
49.31800079 -16.16900063 390.31799316 -0.238696 0.888068 -0.392885
49.61800003 -16.20899963 390.01800537 -0.104154 0.781889 -0.614656
49.31800079 -16.30500031 390.01800537 -0.266474 0.818123 -0.509574
49.61800003 -16.54700089 389.72000122 -0.140843 0.863933 -0.483512
49.31800079 -16.54400063 389.71798706 -0.055922 0.732718 -0.678231
50.21799850 -15.95899963 390.31799316 -0.185395 0.886099 -0.424802
49.91799927 -16.02799988 390.31799316 -0.179060 0.886566 -0.426542
52.31800079 -12.21399975 397.51800537 -0.307135 0.879042 -0.364628
52.61800003 -12.10999966 397.51800537 -0.351373 0.855989 -0.379236
52.31800079 -12.06599998 397.81799316 -0.313897 0.868192 -0.384332
52.61800003 -11.94900036 397.81799316 -0.348753 0.854056 -0.385953
50.21799850 -15.83600044 390.61801147 -0.194278 0.889588 -0.413388
49.91799927 -15.87699986 390.61801147 -0.217417 0.885937 -0.409690
50.81800079 -15.63799953 390.61801147 -0.272521 0.866281 -0.418677
50.51800156 -15.74699974 390.61801147 -0.284301 0.855976 -0.431830
50.81800079 -15.79199982 390.31799316 -0.272629 0.878137 -0.393128
50.51800156 -15.90100002 390.31799316 -0.270620 0.875359 -0.400639
46.31800079 27.31200027 376.21798706 -0.051910 -0.917078 0.395315
46.61800003 27.28899956 376.21798706 -0.071254 -0.920929 0.383160
46.31800079 27.17200089 375.91799927 -0.040238 -0.933257 0.356948
46.61800003 27.17600060 375.91799927 -0.059093 -0.933664 0.353243
45.11800003 26.43199921 374.11801147 0.009108 -0.912103 0.409861
45.41799927 26.45299911 374.11801147 -0.006492 -0.910169 0.414185
45.11800003 26.58600044 374.41799927 -0.009223 -0.894653 0.446667
45.41799927 26.59900093 374.41799927 -0.017060 -0.906787 0.421243
44.51800156 26.44899940 374.11801147 -0.033140 -0.908042 0.417567
44.81800079 26.44599915 374.11801147 -0.006499 -0.911147 0.412031
44.51800156 26.59300041 374.41799927 -0.011828 -0.902870 0.429750
44.81800079 26.58799934 374.41799927 -0.009267 -0.890920 0.454065
44.51800156 26.21699905 373.51800537 0.024710 -0.922062 0.386252
44.81800079 26.21800041 373.51800537 -0.024570 -0.927212 0.373730
44.51800156 26.30999947 373.81799316 -0.011563 -0.926363 0.376455
44.81800079 26.32200050 373.81799316 -0.019252 -0.930501 0.365783
43.91799927 26.19599915 373.51800537 0.011691 -0.915826 0.401405
44.21799850 26.20100021 373.51800537 0.022088 -0.921190 0.388485
43.91799927 26.30800056 373.81799316 0.059886 -0.922245 0.381940
44.21799850 26.33399963 373.81799316 0.009035 -0.920305 0.391097
57.71799850 -11.26799965 393.01800537 -0.567700 0.752082 -0.334798
57.71799850 -11.38599968 392.71798706 -0.573636 0.756813 -0.313330
43.91799927 26.06500053 373.21798706 -0.001313 -0.894164 0.447738
43.91799927 25.88500023 372.91799927 0.006573 -0.895195 0.445626
44.21799850 25.89399910 372.91799927 0.044540 -0.897552 0.438653
44.21799850 26.04299927 373.21798706 0.047350 -0.894234 0.445088
58.01800156 -11.02700043 393.01800537 -0.568692 0.760926 -0.312380
58.01800156 -11.14599991 392.71798706 -0.582028 0.751986 -0.309453
43.91799927 25.64999962 372.31799316 0.033045 -0.913367 0.405794
44.21799850 25.65600014 372.31799316 0.030052 -0.921145 0.388057
43.91799927 25.76300049 372.61801147 0.021964 -0.926370 0.375974
44.21799850 25.77099991 372.61801147 0.043543 -0.922319 0.383970
58.61800003 -10.55599976 393.01800537 -0.583662 0.747667 -0.316753
58.31800079 -10.79899979 393.01800537 -0.589059 0.746356 -0.309778
58.61800003 -10.68799973 392.71798706 -0.580135 0.750479 -0.316583
58.31800079 -10.93500042 392.71798706 -0.578232 0.757629 -0.302731
43.31800079 25.59300041 372.31799316 0.075840 -0.932700 0.352590
43.61800003 25.64200020 372.31799316 0.032695 -0.922002 0.385802
43.31800079 25.71100044 372.61801147 0.052675 -0.900882 0.430857
43.61800003 25.73600006 372.61801147 0.054908 -0.914683 0.400425
43.31800079 25.75300026 372.69299316 0.033789 -0.882559 0.468986
58.31800079 -10.55900002 393.61801147 -0.590895 0.747826 -0.302653
58.31800079 -10.68200016 393.31799316 -0.594390 0.744990 -0.302803
63.68700027 -3.94700003 395.71798706 -0.811487 0.545576 -0.209367
63.61100006 -3.94700003 396.01800537 -0.810494 0.542893 -0.219925
52.61800003 -12.34300041 396.91799927 -0.349256 0.852186 -0.389615
52.31800079 -12.31400013 397.21798706 -0.313124 0.881890 -0.352453
52.61800003 -12.21500015 397.21798706 -0.338575 0.879080 -0.335538
59.21799850 -9.82900047 393.61801147 -0.610888 0.732745 -0.299832
59.21799850 -9.94200039 393.31799316 -0.606287 0.740662 -0.289546
52.31800079 -12.45699978 396.91799927 -0.302203 0.863656 -0.403449
47.81800079 25.86199951 373.21798706 -0.055568 -0.901290 0.429638
47.51800156 25.86100006 373.21798706 -0.069087 -0.911684 0.405042
47.51800156 25.76700020 372.91799927 -0.091158 -0.918386 0.385042
47.81800079 25.72200012 372.91799927 -0.125627 -0.899148 0.419226
47.81800079 25.60099983 372.61801147 -0.172261 -0.893154 0.415454
47.51800156 25.62700081 372.61801147 -0.138882 -0.913257 0.382979
47.51800156 25.49500084 372.31799316 -0.139741 -0.904787 0.402284
47.21799850 25.40500069 372.01800537 -0.208092 -0.827810 0.520988
46.91799927 25.42700005 372.01800537 -0.129256 -0.890586 0.436061
47.21799850 25.21500015 371.71798706 -0.161631 -0.902561 0.399072
46.91799927 25.26700020 371.71798706 -0.207342 -0.886716 0.413213
46.61800003 25.38999939 371.71798706 -0.188772 -0.903512 0.384749
46.31800079 25.37299919 371.71798706 0.021209 -0.951905 0.305658
62.61700058 -5.44700003 395.71798706 -0.736609 0.629351 -0.247639
51.71799850 -12.64200020 396.91799927 -0.306501 0.883268 -0.354817
52.01800156 -12.54699993 396.91799927 -0.275237 0.882865 -0.380519
51.71799850 -12.53299999 397.21798706 -0.308739 0.884049 -0.350909
52.01800156 -12.42500019 397.21798706 -0.305686 0.883929 -0.353873
51.71799850 -12.41300011 397.51800537 -0.286829 0.884513 -0.367921
62.33800125 -5.74700022 395.71798706 -0.735713 0.624960 -0.261059
62.23699951 -5.74700022 396.01800537 -0.741736 0.632427 -0.223302
62.50500107 -5.44700003 396.01800537 -0.741736 0.632427 -0.223302
62.52500153 -5.74700022 395.11801147 -0.752023 0.606978 -0.256981
62.77799988 -5.44700003 395.11801147 -0.740044 0.626916 -0.243539
62.69699860 -5.44700003 395.41799927 -0.742135 0.636779 -0.209161
62.43999863 -5.74700022 395.41799927 -0.755350 0.615182 -0.225826
21.99900055 6.25299978 381.91799927 0.998081 -0.057845 -0.022086
22.02700043 6.55299997 381.91799927 0.996181 -0.084896 -0.020418
62.09600067 -6.04699993 395.71798706 -0.748835 0.606351 -0.267554
22.02199936 6.25299978 382.21798706 0.997641 -0.054533 -0.041702
22.03599930 6.55299997 382.21798706 0.996033 -0.085436 -0.024874
61.99300003 -6.04699993 396.01800537 -0.743326 0.609623 -0.275365
62.07400131 -6.34700012 395.11801147 -0.742942 0.616214 -0.261376
22.05900002 6.85300016 381.91799927 0.994219 -0.107103 -0.007573
22.08699989 7.15299988 381.91799927 0.996207 -0.086487 0.009610
22.07399940 6.85300016 382.21798706 0.996092 -0.086850 -0.016083
22.08799934 7.15299988 382.21798706 0.996744 -0.079782 -0.011701
62.29899979 -6.04699993 395.11801147 -0.773139 0.581814 -0.252485
61.95899963 -6.34700012 395.41799927 -0.740898 0.617150 -0.264946
62.21500015 -6.04699993 395.41799927 -0.757075 0.599022 -0.260788
67.85900116 2.95300007 382.81799316 -0.999354 0.005083 0.035582
67.83000183 2.65300012 382.81799316 -0.993725 0.108947 0.025311
67.82199860 2.95300007 382.51800537 -0.999564 -0.027344 0.011140
67.84600067 2.65300012 382.51800537 -0.998128 0.061152 -0.001036
51.11800003 -12.85299969 396.91799927 -0.251544 0.901733 -0.351573
51.41799927 -12.76200008 396.91799927 -0.308242 0.885632 -0.347336
51.11800003 -12.73700047 397.21798706 -0.253942 0.892510 -0.372745
61.55099869 -6.94700003 395.11801147 -0.714967 0.648384 -0.261573
61.81399918 -6.64699984 395.11801147 -0.731655 0.633680 -0.251259
51.41799927 -12.64400005 397.21798706 -0.300503 0.880368 -0.366946
61.71500015 -6.64699984 395.41799927 -0.725420 0.636528 -0.261913
61.31800079 -7.05399990 395.41799927 -0.711888 0.634754 -0.300504
22.17799950 8.05300045 382.51800537 0.990897 -0.132939 0.021226
22.23399925 8.35299969 382.51800537 0.989147 -0.142611 0.035367
22.17600060 8.05300045 382.81799316 0.992573 -0.118931 0.025565
22.20999908 8.35299969 382.81799316 0.991220 -0.123761 0.046552
61.01800156 -7.54199982 395.11801147 -0.680734 0.667860 -0.300939
61.27700043 -7.24700022 395.11801147 -0.709606 0.635588 -0.304117
60.85699844 -7.54699993 395.41799927 -0.680675 0.661273 -0.315277
61.12799835 -7.24700022 395.41799927 -0.696392 0.647919 -0.308610
61.22299957 -7.54699993 394.51800537 -0.727246 0.638904 -0.250829
67.88999939 5.35300016 390.61801147 -0.988253 0.152126 -0.014649
67.83799744 5.05299997 390.61801147 -0.991595 0.126325 -0.027948
22.41399956 11.35299969 387.91799927 0.980778 -0.173793 0.088720
67.89700317 5.35300016 390.31799316 -0.989384 0.140362 -0.037658
67.84999847 5.05299997 390.31799316 -0.992205 0.119691 -0.034677
22.31800079 9.25300026 382.81799316 0.987103 -0.157065 0.030954
22.36000061 9.55300045 383.11801147 0.986475 -0.158810 0.040572
22.35000038 9.55300045 383.41799927 0.987713 -0.150981 0.040338
60.71799850 -8.06999969 394.51800537 -0.679907 0.663758 -0.311692
22.31699944 9.25300026 383.11801147 0.989137 -0.144226 0.028391
61.01800156 -7.76800013 394.51800537 -0.692430 0.663645 -0.283049
22.30500031 9.25300026 383.41799927 0.988927 -0.142908 0.040014
60.80199814 -7.84700012 394.81799316 -0.668389 0.690722 -0.275970
61.01800156 -7.65199995 394.81799316 -0.678999 0.688495 -0.254822
22.41200066 9.85299969 383.11801147 0.985868 -0.159839 0.050168
22.46100044 10.15299988 383.11801147 0.979339 -0.193464 0.058880
22.39200020 9.85299969 383.41799927 0.987642 -0.149362 0.047472
22.44300079 10.15299988 383.41799927 0.981760 -0.180128 0.060838
60.51800156 -8.14700031 394.81799316 -0.680626 0.674220 -0.286664
60.41799927 -8.12100029 395.11801147 -0.673971 0.683576 -0.280154
60.68600082 -7.84700012 395.11801147 -0.677187 0.680389 -0.280160
60.41799927 -7.99100018 395.41799927 -0.684644 0.668610 -0.290212
60.57099915 -7.84700012 395.41799927 -0.679001 0.669324 -0.301599
53.81800079 27.57500076 381.01800537 -0.360442 -0.866594 0.345104
53.51800156 27.68799973 381.01800537 -0.346473 -0.882068 0.319239
53.51800156 27.59300041 380.71798706 -0.363869 -0.867451 0.339304
53.81800079 27.45700073 380.71798706 -0.401610 -0.836293 0.373261
52.01800156 26.96800041 378.01800537 -0.352634 -0.841619 0.409055
51.71799850 27.08200073 378.01800537 -0.294678 -0.865711 0.404609
52.01800156 26.80999947 377.71798706 -0.306721 -0.871331 0.383020
51.71799850 26.93300056 377.71798706 -0.325192 -0.844878 0.424773
22.48200035 10.45300007 383.71798706 0.977920 -0.198014 0.066814
22.54000092 10.75300026 383.71798706 0.977490 -0.196474 0.076881
22.47400093 10.45300007 384.01800537 0.983012 -0.182211 0.022051
22.52099991 10.75300026 384.01800537 0.981175 -0.189639 0.036514
50.81800079 26.79000092 376.81799316 -0.282277 -0.880039 0.381904
50.51800156 26.89399910 376.81799316 -0.236912 -0.896144 0.375233
50.81800079 26.68600082 376.51800537 -0.262011 -0.906061 0.332271
50.51800156 26.76499939 376.51800537 -0.240288 -0.907270 0.345141
60.11800003 -8.64700031 394.51800537 -0.661245 0.693267 -0.286593
60.34600067 -8.44699955 394.51800537 -0.666618 0.692196 -0.276559
22.60899925 11.05300045 383.71798706 0.975280 -0.207847 0.075022
60.11800003 -8.53199959 394.81799316 -0.639513 0.713241 -0.286899
22.67799950 11.35299969 383.71798706 0.970843 -0.231271 0.063074
22.58300018 11.05300045 384.01800537 0.975296 -0.216330 0.044716
22.65299988 11.35299969 384.01800537 0.971952 -0.229199 0.052704
49.61800003 26.85600090 376.21798706 -0.232881 -0.885539 0.401978
49.31800079 26.93300056 376.21798706 -0.176042 -0.905971 0.385002
49.61800003 26.72900009 375.91799927 -0.253871 -0.878784 0.404090
49.31800079 26.80999947 375.91799927 -0.206168 -0.893394 0.399176
22.54199982 11.65299988 386.71798706 0.987696 -0.156189 0.007866
22.59300041 11.95300007 386.71798706 0.981506 -0.188796 0.031661
22.54299927 11.65299988 387.01800537 0.983828 -0.161381 0.077702
22.57900047 11.95300007 387.01800537 0.981285 -0.176992 0.075854
49.61800003 26.59900093 375.61801147 -0.210987 -0.900696 0.379777
49.61800003 26.47100067 375.31799316 -0.166833 -0.908316 0.383574
49.31800079 26.51300049 375.31799316 -0.168777 -0.895819 0.411124
49.31800079 26.65900040 375.61801147 -0.205111 -0.880946 0.426455
60.11800003 -8.40600014 395.11801147 -0.655334 0.703169 -0.275846
60.11800003 -8.29500008 395.41799927 -0.655278 0.700138 -0.283580
49.01800156 26.58499908 375.31799316 -0.195601 -0.880940 0.430911
48.71799850 26.64299965 375.31799316 -0.174537 -0.898651 0.402446
49.01800156 26.73399925 375.61801147 -0.172054 -0.892078 0.417845
48.71799850 26.77400017 375.61801147 -0.142872 -0.903911 0.403153
49.01800156 26.43499947 375.01800537 -0.178546 -0.892731 0.413705
48.71799850 26.50399971 375.01800537 -0.192777 -0.878531 0.437058
48.71799850 26.35899925 374.71798706 -0.145336 -0.910114 0.388033
49.01800156 26.30500031 374.71798706 -0.145761 -0.925929 0.348438
22.66399956 12.25300026 386.71798706 0.976423 -0.210696 0.046955
22.72200012 12.55300045 386.71798706 0.976073 -0.208375 0.062147
22.63500023 12.25300026 387.01800537 0.977049 -0.195410 0.084800
22.69700050 12.55300045 387.01800537 0.974139 -0.209186 0.085407
22.74699974 11.65299988 383.71798706 0.965536 -0.253562 0.058707
22.83099937 11.95300007 383.71798706 0.965747 -0.246171 0.082057
22.74099922 11.65299988 384.01800537 0.969270 -0.237043 0.065776
22.59799957 11.65299988 386.11801147 0.981063 -0.162089 0.106028
22.80900002 11.95300007 384.01800537 0.970508 -0.226077 0.083686
22.63299942 11.95300007 386.11801147 0.981653 -0.172665 0.080899
22.54800034 11.65299988 386.41799927 0.983663 -0.167710 0.065419
22.58799934 11.95300007 386.41799927 0.981011 -0.183266 0.063484
59.51800156 -9.22399998 394.51800537 -0.628811 0.721613 -0.289605
59.70299911 -9.04699993 394.51800537 -0.633910 0.714151 -0.296894
59.51800156 -9.09000015 394.81799316 -0.636243 0.701001 -0.322169
59.81800079 -8.80500031 394.81799316 -0.646274 0.701070 -0.301380
59.21799850 -9.34399986 394.81799316 -0.601942 0.745642 -0.285803
58.91799927 -9.71000004 394.51800537 -0.599910 0.732505 -0.321785
59.21799850 -9.45300007 394.51800537 -0.601391 0.744959 -0.288731
58.91799927 -9.57499981 394.81799316 -0.593562 0.752693 -0.284846
23.12000084 13.45300007 384.91799927 0.954019 -0.286855 0.086965
23.20800018 13.75300026 384.91799927 0.943164 -0.315275 0.105092
23.08099937 13.45300007 385.21798706 0.960062 -0.261601 0.099228
23.17099953 13.75300026 385.21798706 0.950441 -0.287651 0.117977
58.91799927 -9.94499969 393.91799927 -0.612617 0.734180 -0.292712
59.21799850 -9.70600033 393.91799927 -0.619471 0.728319 -0.292928
58.91799927 -9.84899998 394.21798706 -0.602782 0.737806 -0.303802
59.21799850 -9.57600021 394.21798706 -0.622851 0.719417 -0.307402
23.53100014 14.95300007 385.51800537 0.932064 -0.333566 0.141388
23.42799950 14.65299988 385.51800537 0.939322 -0.307638 0.151768
23.37800026 14.65299988 385.81799316 0.945281 -0.292619 0.144287
23.46899986 14.95300007 385.81799316 0.930421 -0.328629 0.162234
58.61800003 -9.93400002 394.51800537 -0.584070 0.739390 -0.334910
58.61800003 -9.81299973 394.81799316 -0.578232 0.757629 -0.302731
67.25299835 13.75300026 387.01800537 -0.962652 -0.248717 0.106961
58.31800079 -10.43799973 393.91799927 -0.574964 0.757543 -0.309103
58.61800003 -10.21899986 393.91799927 -0.599301 0.740692 -0.303667
58.31800079 -10.30900002 394.21798706 -0.561198 0.760593 -0.326428
58.61800003 -10.07699966 394.21798706 -0.592909 0.738309 -0.321496
22.76300049 12.25300026 384.91799927 0.972501 -0.221192 0.072907
22.84600067 12.55300045 384.91799927 0.955216 -0.286693 0.073280
22.74699974 12.25300026 385.21798706 0.972852 -0.218799 0.075405
22.82999992 12.55300045 385.21798706 0.960991 -0.268977 0.064403
58.31800079 -10.18900013 394.51800537 -0.576838 0.748111 -0.328006
58.31800079 -10.04399967 394.81799316 -0.586049 0.741037 -0.327735
58.01800156 -10.52900028 394.21798706 -0.561978 0.758429 -0.330102
22.84000015 12.25300026 384.31799316 0.965242 -0.228101 0.127582
22.91799927 12.55300045 384.31799316 0.948995 -0.288825 0.126444
22.77400017 12.25300026 384.61801147 0.970524 -0.215812 0.107275
22.88100052 12.55300045 384.61801147 0.950265 -0.289441 0.114983
57.71799850 -10.85599995 393.91799927 -0.537559 0.775047 -0.332163
58.01800156 -10.67000008 393.91799927 -0.547412 0.772156 -0.322668
57.71799850 -10.74100018 394.21798706 -0.521259 0.792251 -0.317219
57.41799927 -11.09300041 393.91799927 -0.557844 0.755111 -0.344408
57.41799927 -10.93999958 394.21798706 -0.542618 0.762904 -0.351487
57.11800003 -11.29699993 393.91799927 -0.515646 0.785517 -0.342158
57.11800003 -11.16100025 394.21798706 -0.529493 0.769141 -0.357853
34.61800003 25.41300011 378.01800537 0.475484 -0.816695 0.326994
34.31800079 25.24699974 378.01800537 0.439904 -0.837539 0.324057
57.11800003 -11.52900028 393.31799316 -0.510692 0.789251 -0.340995
57.41799927 -11.32900047 393.31799316 -0.536030 0.774266 -0.336427
57.11800003 -11.42599964 393.61801147 -0.519153 0.795399 -0.312762
57.41799927 -11.21399975 393.61801147 -0.551648 0.772308 -0.314999
34.61800003 25.29800034 377.71798706 0.461530 -0.809674 0.362517
34.31800079 25.12700081 377.71798706 0.447987 -0.814667 0.368274
34.31800079 25.36700058 378.31799316 0.450944 -0.831183 0.325245
23.14100075 12.85299969 383.11801147 0.953822 -0.293188 0.065295
23.21400070 13.15299988 383.11801147 0.956240 -0.281853 0.078507
23.10700035 12.85299969 383.41799927 0.956735 -0.279423 0.081123
23.19099998 13.15299988 383.41799927 0.959667 -0.265932 0.091213
34.01800156 25.10300064 378.01800537 0.453070 -0.825629 0.336250
33.71799850 24.92700005 378.01800537 0.515078 -0.784651 0.344990
34.01800156 24.95499992 377.71798706 0.460868 -0.811701 0.358807
67.20800018 13.75300026 386.71798706 -0.960749 -0.232630 0.151144
23.17300034 12.85299969 382.51800537 0.939870 -0.311476 0.140096
23.28899956 13.15299988 382.51800537 0.933394 -0.328544 0.144339
23.14299965 12.85299969 382.81799316 0.948115 -0.305547 0.087861
23.24099922 13.15299988 382.81799316 0.948669 -0.299510 0.101596
34.01800156 25.32099915 378.61801147 0.465921 -0.826735 0.315320
33.71799850 25.14900017 378.61801147 0.496525 -0.811779 0.307373
34.01800156 25.20800018 378.31799316 0.455371 -0.834065 0.311405
33.71799850 25.03199959 378.31799316 0.506325 -0.809173 0.298117
33.71799850 25.37899971 379.21798706 0.503258 -0.786240 0.358551
34.01800156 25.44199944 378.91799927 0.476098 -0.807297 0.348714
33.71799850 25.25300026 378.91799927 0.482825 -0.812096 0.327688
23.27700043 12.85299969 381.91799927 0.942624 -0.310622 0.122366
23.37000084 13.15299988 381.91799927 0.940534 -0.318893 0.117062
23.22400093 12.85299969 382.21798706 0.937830 -0.319869 0.134754
23.34099960 13.15299988 382.21798706 0.936330 -0.323013 0.137655
67.27400208 13.45300007 386.71798706 -0.970329 -0.187929 0.152133
23.46599960 13.45300007 381.91799927 0.943424 -0.315362 0.102459
23.44300079 13.45300007 382.21798706 0.941038 -0.316372 0.119817
66.85199738 -1.84700000 384.01800537 -0.948893 0.296942 -0.106899
66.75000000 -2.14700007 384.01800537 -0.948893 0.296942 -0.106899
66.88400269 -1.84700000 383.71798706 -0.949391 0.301663 -0.087495
66.77500153 -2.14700007 383.71798706 -0.957875 0.268309 -0.102398
23.55500031 13.45300007 381.31799316 0.942869 -0.316068 0.105356
23.63599968 13.75300026 381.31799316 0.943423 -0.317128 0.096863
23.60600090 13.75300026 381.61801147 0.942624 -0.310622 0.122366
23.51799965 13.45300007 381.61801147 0.942441 -0.312360 0.119313
23.60199928 13.45300007 380.71798706 0.936028 -0.327406 0.129060
23.73800087 13.75300026 380.71798706 0.920499 -0.363465 0.143436
23.56900024 13.45300007 381.01800537 0.937442 -0.327768 0.117349
23.68000031 13.75300026 381.01800537 0.934507 -0.331511 0.129603
68.02899933 8.35299969 387.61801147 -0.997261 -0.071157 0.020179
68.05799866 8.05300045 387.61801147 -0.998711 -0.046766 0.019746
68.02600098 8.35299969 387.31799316 -0.995448 -0.071655 0.062836
68.05300140 8.05300045 387.31799316 -0.996352 -0.026987 0.080960
58.91799927 25.20999908 382.81799316 -0.600284 -0.723920 0.339998
59.21799850 24.96800041 382.81799316 -0.612194 -0.710145 0.347726
58.91799927 25.08499908 382.51800537 -0.607019 -0.723567 0.328600
58.61800003 25.46899986 382.81799316 -0.599311 -0.698371 0.391286
58.31800079 25.72500038 382.81799316 -0.569018 -0.726441 0.385358
58.31800079 25.54199982 382.51800537 -0.568426 -0.732237 0.375128
58.61800003 25.33300018 382.51800537 -0.572031 -0.747044 0.338682
57.11800003 25.77400017 381.01800537 -0.528784 -0.771345 0.354140
57.41799927 25.56699944 381.01800537 -0.563353 -0.757056 0.330909
57.11800003 25.61400032 380.71798706 -0.517133 -0.758570 0.396414
56.81800079 25.95800018 381.01800537 -0.497474 -0.779429 0.380802
56.81800079 25.81500053 380.71798706 -0.501807 -0.774633 0.384881
56.51800156 26.00799942 380.71798706 -0.502438 -0.772356 0.388617
67.87899780 3.55299997 381.01800537 -0.996866 0.075860 -0.022437
67.86399841 3.25300002 381.01800537 -0.999807 0.005004 -0.019015
67.87300110 3.55299997 380.71798706 -0.999060 0.036235 -0.023812
67.86699677 3.25300002 380.71798706 -0.997310 -0.033208 -0.065345
56.51800156 25.86000061 380.41799927 -0.490102 -0.781252 0.386582
56.81800079 25.66600037 380.41799927 -0.507239 -0.776254 0.374352
56.81800079 25.53700066 380.11801147 -0.502427 -0.799098 0.330166
56.51800156 25.70800018 380.11801147 -0.493802 -0.797435 0.346780
56.21799850 26.03899956 380.41799927 -0.470298 -0.787063 0.399188
56.21799850 25.89999962 380.11801147 -0.484006 -0.803483 0.346632
56.21799850 25.78400040 379.81799316 -0.498027 -0.795883 0.344295
55.91799927 25.95899963 379.81799316 -0.454626 -0.829023 0.325632
55.91799927 25.83300018 379.51800537 -0.481165 -0.800877 0.356478
56.21799850 25.63199997 379.51800537 -0.500156 -0.789635 0.355416
67.91799927 3.13899994 380.41799927 -0.928738 -0.130325 -0.347076
67.94799805 2.95300007 380.41799927 -0.930924 -0.078801 -0.356609
65.81900024 -3.94700003 386.11801147 -0.899329 0.411895 -0.146800
65.92199707 -3.64700007 386.11801147 -0.929283 0.344535 -0.133147
65.74700165 -3.94700003 386.41799927 -0.874906 0.435225 -0.212413
65.87000275 -3.64700007 386.41799927 -0.917020 0.351169 -0.189091
55.61800003 25.87299919 379.21798706 -0.451618 -0.819250 0.353371
55.31800079 26.03100014 379.21798706 -0.433147 -0.830067 0.351243
55.31800079 25.90399933 378.91799927 -0.441898 -0.812007 0.381276
55.61800003 25.73999977 378.91799927 -0.467169 -0.787236 0.402509
54.71799850 25.81399918 378.01800537 -0.412486 -0.817008 0.402930
55.01800156 25.66200066 378.01800537 -0.423345 -0.822907 0.378949
55.01800156 25.50799942 377.71798706 -0.395451 -0.833441 0.385998
54.71799850 25.64500046 377.71798706 -0.408741 -0.822253 0.396018
54.41799927 25.95700073 378.01800537 -0.429398 -0.812503 0.394280
54.41799927 25.79299927 377.71798706 -0.452419 -0.807320 0.378881
54.11800003 25.98999977 377.71798706 -0.418929 -0.829954 0.368341
54.11800003 26.11300087 378.01800537 -0.386555 -0.852284 0.352402
54.11800003 25.86100006 377.41799927 -0.419538 -0.827993 0.372043
54.41799927 25.68499947 377.41799927 -0.453767 -0.823737 0.339930
54.41799927 25.56599998 377.11801147 -0.436226 -0.839617 0.323651
54.11800003 25.70899963 377.11801147 -0.399224 -0.843851 0.358519
53.81800079 25.97900009 377.41799927 -0.354496 -0.856055 0.376169
53.81800079 25.83699989 377.11801147 -0.374801 -0.850690 0.368580
53.51800156 25.98200035 377.11801147 -0.353836 -0.860639 0.366197
53.51800156 26.10099983 377.41799927 -0.361264 -0.854319 0.373668
53.21799850 26.24099922 377.41799927 -0.364860 -0.844033 0.393047
52.91799927 26.34300041 377.41799927 -0.381697 -0.840361 0.384838
53.21799850 26.09300041 377.11801147 -0.363820 -0.847872 0.385680
52.91799927 26.22999954 377.11801147 -0.390524 -0.842215 0.371704
53.21799850 25.95899963 376.81799316 -0.351785 -0.856992 0.376580
53.21799850 25.82399940 376.51800537 -0.372788 -0.835233 0.404246
52.91799927 25.97100067 376.51800537 -0.359096 -0.853437 0.377751
52.91799927 26.09600067 376.81799316 -0.373334 -0.845078 0.382706
51.41799927 25.96400070 375.31799316 -0.248125 -0.902942 0.350899
51.11800003 26.04800034 375.31799316 -0.300967 -0.878704 0.370538
51.41799927 26.07299995 375.61801147 -0.278848 -0.867021 0.412939
51.11800003 26.19400024 375.61801147 -0.325192 -0.844878 0.424773
50.51800156 26.39200020 375.61801147 -0.211253 -0.884900 0.415120
50.81800079 26.31200027 375.61801147 -0.290319 -0.855597 0.428566
50.81800079 26.16399956 375.31799316 -0.294261 -0.867536 0.400988
50.51800156 26.24799919 375.31799316 -0.249673 -0.883572 0.396187
50.21799850 26.44099998 375.61801147 -0.190592 -0.909967 0.368286
49.91799927 26.52799988 375.61801147 -0.213430 -0.918181 0.333754
49.91799927 26.41200066 375.31799316 -0.208698 -0.911076 0.355507
50.21799850 26.34300041 375.31799316 -0.233770 -0.898324 0.371974
50.51800156 26.12199974 375.01800537 -0.246572 -0.883177 0.398999
50.21799850 26.05200005 374.71798706 -0.238696 -0.888068 0.392885
22.10499954 1.15300000 382.21798706 0.894842 -0.215289 -0.391036
50.21799850 26.20800018 375.01800537 -0.254589 -0.875243 0.411259
49.91799927 26.28700066 375.01800537 -0.206408 -0.894435 0.396713
49.91799927 26.14999962 374.71798706 -0.218024 -0.882479 0.416768
49.31800079 26.38800049 375.01800537 -0.129476 -0.914688 0.382860
49.61800003 26.35199928 375.01800537 -0.160926 -0.907165 0.388785
49.61800003 26.21199989 374.71798706 -0.185116 -0.890596 0.415417
49.31800079 26.26499939 374.71798706 -0.156154 -0.915820 0.369986
49.61800003 25.92000008 374.11801147 -0.210987 -0.900696 0.379777
49.31800079 26.00300026 374.11801147 -0.256678 -0.878110 0.403781
49.61800003 26.06200027 374.41799927 -0.198659 -0.884402 0.422335
49.31800079 26.14399910 374.41799927 -0.235198 -0.891978 0.386080
49.01800156 26.21800041 374.41799927 -0.155897 -0.934005 0.321452
48.71799850 26.25300026 374.41799927 -0.106133 -0.936392 0.334522
49.01800156 26.11400032 374.11801147 -0.199195 -0.880885 0.429376
48.71799850 26.14699936 374.11801147 -0.106096 -0.913529 0.392694
48.11800003 26.10899925 373.81799316 -0.146226 -0.923313 0.355120
48.11800003 26.35700035 374.41799927 -0.179744 -0.904472 0.386809
48.41799927 26.27199936 374.41799927 -0.159963 -0.913064 0.375135
48.41799927 26.16200066 374.11801147 -0.153876 -0.913373 0.376925
48.11800003 26.21500015 374.11801147 -0.159551 -0.913533 0.374167
31.61800003 24.91799927 381.61801147 0.559615 -0.764860 0.319093
31.31800079 24.70800018 381.61801147 0.581294 -0.765027 0.277184
31.61800003 24.80800056 381.31799316 0.541402 -0.780960 0.311426
31.31800079 24.60300064 381.31799316 0.570734 -0.767868 0.290931
31.01799965 24.45999908 381.61801147 0.577379 -0.770366 0.270498
30.71800041 24.26000023 381.61801147 0.593356 -0.726658 0.346260
31.01799965 24.35899925 381.31799316 0.609944 -0.729036 0.310605
67.97000122 5.95300007 390.01800537 -0.995149 0.097901 -0.009683
31.01799965 24.69700050 382.21798706 0.609118 -0.731263 0.306970
30.71800041 24.44599915 382.21798706 0.582850 -0.776613 0.239078
31.01799965 24.57299995 381.91799927 0.592674 -0.754745 0.281242
30.71800041 24.36100006 381.91799927 0.543519 -0.802042 0.247621
67.94699860 5.65299988 390.01800537 -0.995121 0.094825 -0.027249
67.96399689 5.95300007 389.71798706 -0.996838 0.079282 0.005285
67.96399689 5.65299988 389.71798706 -0.997913 0.063875 -0.009424
30.73600006 24.55299950 382.51800537 0.652612 -0.709775 0.265173
25.94599915 -5.14699984 391.21798706 0.838906 0.503343 -0.207081
26.77899933 -6.04699993 391.81799316 0.842982 0.499154 -0.200566
26.92099953 -6.34700012 391.81799316 0.821578 0.492947 -0.286379
26.71599960 -6.04699993 391.51800537 0.797711 0.511108 -0.320040
26.84700012 -6.34700012 391.51800537 0.856646 0.441303 -0.267225
61.31800079 18.92900085 374.11801147 -0.607312 -0.714772 0.346803
61.58300018 18.85300064 374.41799927 -0.726041 -0.623465 0.290096
61.66999817 18.55299950 374.11801147 -0.734484 -0.644420 0.212736
61.77600098 18.55299950 374.41799927 -0.770366 -0.577379 0.270498
61.61800003 18.90399933 374.71798706 -0.740607 -0.627393 0.240579
61.38899994 19.15299988 374.71798706 -0.698176 -0.672960 0.244283
61.79499817 18.85300064 375.01800537 -0.765408 -0.600167 0.232272
61.61800003 19.02599907 375.01800537 -0.759488 -0.606024 0.236459
61.88100052 18.55299950 374.71798706 -0.741406 -0.603693 0.293039
62.15399933 18.25300026 374.71798706 -0.729764 -0.617492 0.293509
62.26300049 18.25300026 375.01800537 -0.735147 -0.631250 0.247148
62.00000000 18.55299950 375.01800537 -0.754921 -0.614252 0.229758
48.41799927 -16.84700012 389.65100098 -0.101102 0.766323 -0.634451
62.35699844 18.25300026 375.31799316 -0.739225 -0.608304 0.288984
62.08599854 18.55299950 375.31799316 -0.705483 -0.651092 0.279953
62.49000168 18.25300026 375.61801147 -0.774218 -0.575539 0.263329
62.26100159 18.55299950 375.61801147 -0.702704 -0.644815 0.300699
68.04699707 6.55299997 389.41799927 -0.996748 0.077988 -0.020298
62.33100128 18.55299950 375.91799927 -0.745524 -0.616279 0.253762
62.45700073 18.55299950 376.21798706 -0.764943 -0.584397 0.270818
62.57600021 18.25300026 375.91799927 -0.786498 -0.568459 0.241401
62.65700150 18.25300026 376.21798706 -0.781490 -0.564497 0.265738
63.02799988 17.65299988 375.91799927 -0.756167 -0.590606 0.281772
62.78200150 17.95299911 375.91799927 -0.771255 -0.582761 0.256038
62.88999939 17.95299911 376.21798706 -0.746419 -0.596176 0.295691
63.12900162 17.65299988 376.21798706 -0.766436 -0.579191 0.277694
63.02600098 17.95299911 376.51800537 -0.752323 -0.571894 0.327027
63.24399948 17.65299988 376.51800537 -0.798175 -0.541003 0.265013
63.32400131 17.65299988 376.81799316 -0.825772 -0.507811 0.245416
63.13999939 17.95299911 376.81799316 -0.803792 -0.531161 0.267931
63.42699814 17.65299988 377.11801147 -0.838653 -0.478571 0.260059
63.24399948 17.95299911 377.11801147 -0.797009 -0.536056 0.278246
63.50400162 17.65299988 377.41799927 -0.849635 -0.468291 0.242535
63.35599899 17.95299911 377.41799927 -0.813685 -0.536817 0.223033
68.00099945 6.25299978 389.41799927 -0.992056 0.124975 -0.014378
68.04399872 6.55299997 389.11801147 -0.997993 0.060069 0.020023
68.00700378 6.25299978 389.11801147 -0.992626 0.120085 -0.016525
63.59299850 17.35300064 377.11801147 -0.820079 -0.521588 0.235407
63.67699814 17.35300064 377.41799927 -0.823702 -0.515776 0.235563
63.60800171 17.65299988 377.71798706 -0.843170 -0.487671 0.226365
63.42499924 17.95299911 377.71798706 -0.810054 -0.554727 0.189975
63.67499924 17.65299988 378.01800537 -0.834363 -0.509129 0.211250
63.47999954 17.95299911 378.01800537 -0.809795 -0.550538 0.202830
64.34799957 17.05299950 378.91799927 -0.846726 -0.483194 0.222663
64.39099884 17.05299950 379.21798706 -0.848884 -0.496799 0.180518
64.64499664 16.45299911 378.91799927 -0.854390 -0.450885 0.258304
64.49400330 16.75300026 378.91799927 -0.861659 -0.446730 0.240780
64.74199677 16.45299911 379.21798706 -0.865200 -0.443885 0.233228
64.57900238 16.75300026 379.21798706 -0.844418 -0.485350 0.226700
64.80999756 16.45299911 379.51800537 -0.881312 -0.437002 0.179770
64.65000153 16.75300026 379.51800537 -0.857034 -0.469793 0.211632
64.86100006 16.45299911 379.81799316 -0.886761 -0.431044 0.166903
64.71199799 16.75300026 379.81799316 -0.884364 -0.428295 0.185643
64.46800232 17.05299950 379.51800537 -0.821856 -0.512306 0.249188
64.57499695 17.05299950 379.81799316 -0.848667 -0.475193 0.232283
64.38400269 17.35300064 379.81799316 -0.805566 -0.530266 0.264351
65.37899780 16.15299988 381.31799316 -0.872374 -0.436933 0.219212
52.91799927 -14.16699982 392.41799927 -0.364342 0.845962 -0.389362
65.45500183 16.15299988 381.61801147 -0.883267 -0.420252 0.207914
65.23200226 16.45299911 381.31799316 -0.878524 -0.428151 0.211853
65.09200287 16.75300026 381.31799316 -0.891785 -0.411705 0.187668
65.30500031 16.45299911 381.61801147 -0.872220 -0.435362 0.222917
65.15200043 16.75300026 381.61801147 -0.878524 -0.428151 0.211853
53.21799850 -14.17000008 392.11801147 -0.399149 0.831430 -0.386528
22.23200035 9.55300045 387.01800537 0.992816 -0.118166 -0.018774
52.91799927 -14.30399990 392.11801147 -0.321918 0.871161 -0.370739
22.18700027 9.25300026 387.01800537 0.993148 -0.112327 -0.032252
65.53299713 15.85299969 381.31799316 -0.887327 -0.415064 0.200932
65.58200073 15.85299969 381.61801147 -0.898280 -0.396172 0.190105
22.23200035 9.55300045 386.71798706 0.991388 -0.129891 0.016653
22.17799950 9.25300026 386.71798706 0.992886 -0.117912 0.016530
65.65499878 15.85299969 381.91799927 -0.898778 -0.398010 0.183808
65.52799988 16.15299988 381.91799927 -0.894979 -0.407600 0.181317
65.71399689 15.85299969 382.21798706 -0.911197 -0.378367 0.162967
65.57399750 16.15299988 382.21798706 -0.900817 -0.396359 0.177281
65.90399933 15.25300026 381.91799927 -0.905813 -0.399914 0.139899
65.79000092 15.55300045 381.91799927 -0.910731 -0.385472 0.148259
65.94100189 15.25300026 382.21798706 -0.896438 -0.408522 0.171781
65.81999969 15.55300045 382.21798706 -0.915365 -0.370941 0.156557
65.75700378 15.85299969 382.51800537 -0.908982 -0.376476 0.178934
65.64800262 16.15299988 382.51800537 -0.908426 -0.380769 0.172558
65.82800293 15.85299969 382.81799316 -0.905004 -0.384159 0.182727
65.68699646 16.15299988 382.81799316 -0.905971 -0.385002 0.176042
66.01399994 15.25300026 382.51800537 -0.907926 -0.381758 0.173006
65.88899994 15.55300045 382.51800537 -0.911905 -0.365048 0.187535
66.06400299 15.25300026 382.81799316 -0.915496 -0.368173 0.162222
65.95400238 15.55300045 382.81799316 -0.915228 -0.360113 0.180768
50.81800079 -13.57499981 395.41799927 -0.267824 0.887260 -0.375552
50.51800156 -13.66199970 395.41799927 -0.266161 0.893646 -0.361324
50.81800079 -13.70199966 395.11801147 -0.247539 0.890846 -0.380944
50.51800156 -13.79300022 395.11801147 -0.277169 0.885442 -0.373054
66.18599701 15.25300026 383.41799927 -0.909012 -0.373625 0.184665
66.09899902 15.25300026 383.11801147 -0.908921 -0.367314 0.197341
66.01000214 15.55300045 383.11801147 -0.919722 -0.344364 0.188479
66.07299805 15.55300045 383.41799927 -0.920617 -0.341863 0.188663
51.11800003 -13.61900043 395.11801147 -0.266331 0.880247 -0.392725
66.24299622 15.25300026 383.71798706 -0.913876 -0.380431 0.141784
66.11799622 15.55300045 383.71798706 -0.922394 -0.349583 0.164262
66.29499817 15.25300026 384.01800537 -0.919209 -0.358956 0.161882
66.16300201 15.55300045 384.01800537 -0.922019 -0.343110 0.179321
51.41799927 -13.40499973 395.41799927 -0.266704 0.889509 -0.371001
51.11800003 -13.48900032 395.41799927 -0.254814 0.886632 -0.385946
51.41799927 -13.52400017 395.11801147 -0.262055 0.884997 -0.384847
66.46900177 14.65299988 383.71798706 -0.946171 -0.293917 0.135551
66.36299896 14.95300007 383.71798706 -0.924498 -0.353444 0.142764
66.51399994 14.65299988 384.01800537 -0.941032 -0.305530 0.145296
66.41200256 14.95300007 384.01800537 -0.930969 -0.335149 0.144817
52.01800156 -13.20100021 395.41799927 -0.317871 0.884314 -0.341975
51.71799850 -13.30099964 395.41799927 -0.296350 0.886041 -0.356522
52.01800156 -13.32600021 395.11801147 -0.324235 0.865140 -0.382628
51.71799850 -13.43500042 395.11801147 -0.297332 0.870650 -0.391869
51.71799850 -13.57900047 394.81799316 -0.281951 0.879022 -0.384478
52.01800156 -13.59700012 394.51800537 -0.316184 0.881987 -0.349467
51.71799850 -13.69400024 394.51800537 -0.285480 0.889322 -0.357223
52.01800156 -13.46399975 394.81799316 -0.325660 0.859679 -0.393570
22.16500092 8.95300007 387.01800537 0.996733 -0.076177 -0.026823
66.34999847 15.25300026 384.31799316 -0.918868 -0.347949 0.186046
66.24199677 15.55300045 384.31799316 -0.924026 -0.331521 0.190448
66.40499878 15.25300026 384.61801147 -0.922019 -0.343110 0.179321
66.30200195 15.55300045 384.61801147 -0.928398 -0.326269 0.177838
22.14599991 8.65299988 387.01800537 0.997028 -0.076856 -0.005264
66.55500031 14.65299988 384.31799316 -0.936992 -0.302211 0.175255
66.44999695 14.95300007 384.31799316 -0.927598 -0.331585 0.172088
66.62300110 14.65299988 384.61801147 -0.935989 -0.298130 0.187198
66.52799988 14.95300007 384.61801147 -0.925787 -0.328323 0.187412
52.61800003 -13.22599983 394.81799316 -0.326379 0.868812 -0.372348
52.31800079 -13.34599972 394.81799316 -0.339306 0.853687 -0.395082
22.16099930 8.95300007 386.71798706 0.997145 -0.074918 0.009497
52.61800003 -13.36400032 394.51800537 -0.337230 0.863863 -0.374187
52.31800079 -13.48700047 394.51800537 -0.335686 0.869106 -0.363277
22.14299965 8.65299988 386.71798706 0.997710 -0.067624 0.001040
53.21799850 -13.00399971 394.81799316 -0.364239 0.857123 -0.364239
52.91799927 -13.10900021 394.81799316 -0.319922 0.877891 -0.356311
53.21799850 -13.14599991 394.51800537 -0.367898 0.855323 -0.364793
52.91799927 -13.25300026 394.51800537 -0.323266 0.868681 -0.375356
66.67600250 14.65299988 384.91799927 -0.948998 -0.277854 0.148994
66.58200073 14.95300007 384.91799927 -0.933658 -0.319519 0.161834
66.70800018 14.65299988 385.21798706 -0.953456 -0.262701 0.148019
66.63999939 14.95300007 385.21798706 -0.938255 -0.306341 0.160726
54.71799850 -12.42599964 394.51800537 -0.420914 0.830793 -0.364162
55.01800156 -12.41399956 394.21798706 -0.438787 0.812156 -0.384537
54.71799850 -12.57199955 394.21798706 -0.437386 0.809084 -0.392526
55.01800156 -12.55300045 393.91799927 -0.444050 0.826470 -0.346074
54.71799850 -12.71100044 393.91799927 -0.447922 0.821454 -0.352956
53.51800156 23.80900002 371.41799927 -0.190121 -0.807634 -0.558195
66.76300049 14.65299988 385.51800537 -0.956874 -0.245522 0.155276
52.91799927 23.90399933 371.71798706 -0.352136 -0.908597 0.224613
53.21799850 23.79599953 371.71798706 -0.352517 -0.932508 -0.078485
66.82099915 14.65299988 385.81799316 -0.947372 -0.262328 0.183494
66.73500061 14.95300007 385.81799316 -0.934012 -0.318695 0.161417
53.21799850 23.87199974 372.01800537 -0.319327 -0.905004 0.281066
52.91799927 23.98399925 372.01800537 -0.358820 -0.887292 0.289759
52.31800079 24.12500000 371.71798706 -0.299100 -0.931001 0.209229
52.79299927 23.95299911 371.71798706 -0.372303 -0.900828 0.223382
52.61800003 24.02899933 371.71798706 -0.337648 -0.915242 0.219831
52.31800079 24.19400024 372.01800537 -0.326328 -0.902202 0.282030
52.61800003 24.09399986 372.01800537 -0.309190 -0.907056 0.285745
66.69200134 14.95300007 385.51800537 -0.939687 -0.302287 0.160034
52.91799927 24.11700058 372.31799316 -0.354347 -0.847624 0.394933
53.21799850 23.95999908 372.31799316 -0.318389 -0.882737 0.345550
53.21799850 24.11400032 372.61801147 -0.401880 -0.821232 0.405056
52.61800003 24.20899963 372.31799316 -0.240131 -0.909589 0.339095
52.31800079 24.29400063 372.31799316 -0.331856 -0.887452 0.319843
52.31800079 24.43000031 372.61801147 -0.337829 -0.831216 0.441534
52.61800003 24.29899979 372.61801147 -0.246572 -0.883177 0.398999
52.91799927 24.27899933 372.61801147 -0.298193 -0.867055 0.399120
52.61800003 24.47299957 372.91799927 -0.348911 -0.828861 0.437323
52.31800079 24.62599945 372.91799927 -0.360902 -0.793984 0.489223
52.31800079 24.79000092 373.21798706 -0.336146 -0.853531 0.398108
52.61800003 24.63699913 373.21798706 -0.407457 -0.800420 0.439667
50.81800079 25.80400085 374.41799927 -0.225691 -0.904220 0.362561
37.31800079 27.79999924 380.71798706 0.338014 -0.880656 0.331951
50.51800156 25.87899971 374.41799927 -0.220364 -0.900429 0.375057
50.81800079 25.67399979 374.11801147 -0.247976 -0.876183 0.413294
52.01800156 24.75399971 372.91799927 -0.315781 -0.827942 0.463459
50.51800156 25.73600006 374.11801147 -0.182101 -0.887198 0.423932
51.71799850 24.86000061 372.91799927 -0.307176 -0.869568 0.386645
51.71799850 24.96299934 373.21798706 -0.282552 -0.909144 0.305976
52.01800156 24.86100006 373.21798706 -0.251602 -0.911874 0.324319
51.71799850 25.05500031 373.51800537 -0.329487 -0.868926 0.369332
52.01800156 24.95800018 373.51800537 -0.222924 -0.904811 0.362798
56.21799850 -11.73600006 394.21798706 -0.493088 0.799472 -0.343087
52.01800156 25.10400009 373.81799316 -0.218007 -0.861504 0.458567
51.71799850 25.19700050 373.81799316 -0.292729 -0.859796 0.418403
51.11800003 25.27099991 373.51800537 -0.294437 -0.892279 0.342264
51.41799927 25.20100021 373.51800537 -0.327597 -0.873083 0.361118
51.11800003 25.38299942 373.81799316 -0.329349 -0.855072 0.400477
51.41799927 25.29999924 373.81799316 -0.269124 -0.879538 0.392409
50.21799850 26.56599998 375.91799927 -0.170799 -0.902794 0.394703
66.92800140 14.05300045 385.51800537 -0.944167 -0.304873 0.124904
66.84799957 14.35299969 385.51800537 -0.951860 -0.268336 0.148186
66.97499847 14.05300045 385.81799316 -0.948571 -0.271213 0.163268
49.91799927 26.61800003 375.91799927 -0.226066 -0.888009 0.400417
66.88300323 14.35299969 385.81799316 -0.952019 -0.241718 0.187703
66.88999939 14.65299988 386.11801147 -0.941789 -0.291148 0.168128
66.78299713 14.95300007 386.11801147 -0.933978 -0.329559 0.138114
66.92099762 14.65299988 386.41799927 -0.939201 -0.323816 0.114209
66.81300354 14.95300007 386.41799927 -0.939626 -0.315920 0.131520
67.02799988 14.05300045 386.11801147 -0.953379 -0.245384 0.175658
66.97699738 14.35299969 386.11801147 -0.952996 -0.240601 0.184147
67.08200073 14.05300045 386.41799927 -0.963250 -0.222890 0.149897
67.02500153 14.35299969 386.41799927 -0.958652 -0.250482 0.135077
58.01800156 -10.78800011 393.61801147 -0.551015 0.769493 -0.322898
57.71799850 -10.99100018 393.61801147 -0.548391 0.767104 -0.332894
58.01800156 -10.91899967 393.31799316 -0.558553 0.769811 -0.308885
57.71799850 -11.11999989 393.31799316 -0.548391 0.767104 -0.332894
67.12699890 14.05300045 386.71798706 -0.963714 -0.229579 0.136191
67.06300354 14.35299969 386.71798706 -0.956630 -0.261856 0.127638
67.16400146 14.05300045 387.01800537 -0.967599 -0.233995 0.094863
67.10199738 14.35299969 387.01800537 -0.958281 -0.265829 0.105035
58.91799927 -10.07499981 393.61801147 -0.614057 0.732700 -0.293401
58.91799927 -10.19999981 393.31799316 -0.610888 0.732745 -0.299832
58.61800003 -10.31599998 393.61801147 -0.594986 0.751309 -0.285529
58.61800003 -10.43900013 393.31799316 -0.594965 0.745711 -0.299888
53.21799850 -14.03199959 392.41799927 -0.393887 0.830485 -0.393887
22.12500000 8.35299969 387.01800537 0.998507 -0.054614 0.001030
67.25800323 13.75300026 387.31799316 -0.967201 -0.234511 0.097607
67.29900360 13.75300026 387.61801147 -0.970104 -0.218811 0.104979
22.10799980 8.05300045 387.01800537 0.999091 -0.042013 -0.007173
22.12500000 8.35299969 386.71798706 0.998260 -0.058965 -0.001034
22.11000061 8.05300045 386.71798706 0.998488 -0.054726 0.005163
67.26799774 14.05300045 387.91799927 -0.958464 -0.264000 0.107941
67.18000031 14.35299969 387.91799927 -0.963541 -0.247621 0.101358
67.30200195 14.05300045 388.21798706 -0.956457 -0.266338 0.119393
67.20600128 14.35299969 388.21798706 -0.964047 -0.234218 0.125520
67.39900208 13.45300007 387.91799927 -0.966037 -0.227681 0.122202
67.33799744 13.75300026 387.91799927 -0.971123 -0.208912 0.115218
67.44200134 13.45300007 388.21798706 -0.970506 -0.218332 0.102225
67.38999939 13.75300026 388.21798706 -0.971776 -0.205981 0.114996
67.34899902 14.05300045 388.51800537 -0.957018 -0.254765 0.138603
42.41799927 -14.90600014 393.91799927 0.089703 0.903935 -0.418156
42.11800003 -14.83500004 393.91799927 0.129857 0.911795 -0.389572
43.01800156 -15.06400013 393.61801147 0.028022 0.898043 -0.439014
42.71799850 -15.05799961 393.61801147 0.070350 0.889714 -0.451065
43.01800156 -15.23499966 393.31799316 -0.008964 0.925856 -0.377770
42.71799850 -15.23799992 393.31799316 0.091158 0.918386 -0.385042
42.41799927 -15.02499962 393.61801147 0.131688 0.896328 -0.423384
42.11800003 -14.96000004 393.61801147 0.163141 0.912172 -0.375934
42.41799927 -15.17000008 393.31799316 0.177281 0.900817 -0.396359
42.11800003 -15.09000015 393.31799316 0.148530 0.906740 -0.394665
43.01800156 -14.82600021 394.21798706 0.150986 0.929464 -0.336602
42.71799850 -14.75100040 394.21798706 0.113890 0.923473 -0.366370
43.01800156 -14.94299984 393.91799927 0.113948 0.921193 -0.372047
42.71799850 -14.88000011 393.91799927 0.080782 0.905032 -0.417602
43.61800003 -14.92899990 394.21798706 0.106401 0.936060 -0.335365
43.31800079 -14.87800026 394.21798706 0.144339 0.933394 -0.328544
43.61800003 -15.01599979 393.91799927 0.114666 0.952912 -0.280733
43.31800079 -14.97000027 393.91799927 0.104647 0.947118 -0.303343
44.21799850 -14.93299961 394.21798706 -0.006516 0.908283 -0.418305
43.91799927 -14.94400024 394.21798706 0.021826 0.933388 -0.358205
44.21799850 -15.07100010 393.91799927 0.045365 0.937111 -0.346070
43.91799927 -15.04699993 393.91799927 0.068522 0.950261 -0.303825
44.21799850 -14.80900002 394.51800537 -0.019805 0.901778 -0.431745
43.91799927 -14.81299973 394.51800537 0.001308 0.898831 -0.438294
49.91799927 -13.55900002 396.01800537 -0.224214 0.883491 -0.411306
50.21799850 -13.63199997 395.71798706 -0.225409 0.891324 -0.393361
49.91799927 -13.70100021 395.71798706 -0.211622 0.897571 -0.386758
53.21799850 -11.96800041 397.21798706 -0.351809 0.864927 -0.357954
52.91799927 -12.08699989 397.21798706 -0.363489 0.866545 -0.342017
53.21799850 -12.08899975 396.91799927 -0.355989 0.861462 -0.362153
52.91799927 -12.20899963 396.91799927 -0.361135 0.857115 -0.367335
40.01800156 26.08600044 374.71798706 0.246979 -0.878645 0.408637
39.71799850 26.17399979 375.01800537 0.243178 -0.881706 0.404302
40.01800156 26.23800087 375.01800537 0.205869 -0.895018 0.395677
39.71799850 26.29599953 375.31799316 0.242869 -0.899351 0.363568
40.01800156 26.37000084 375.31799316 0.193757 -0.911376 0.363115
39.71799850 26.39800072 375.61801147 0.218577 -0.896312 0.385810
40.01800156 26.47999954 375.61801147 0.214235 -0.902119 0.374547
40.31800079 26.42200089 375.31799316 0.213425 -0.890497 0.401827
40.61800003 26.49500084 375.31799316 0.226051 -0.869773 0.438629
40.31800079 26.57600021 375.61801147 0.266783 -0.875712 0.402436
40.61800003 26.68499947 375.61801147 0.251802 -0.873015 0.417660
40.91799927 26.73800087 375.61801147 0.144037 -0.897025 0.417851
41.21799850 26.75600052 375.61801147 0.122701 -0.898397 0.421696
40.31800079 26.67399979 375.91799927 0.267824 -0.887260 0.375552
40.61800003 26.78800011 375.91799927 0.258961 -0.895265 0.362545
40.31800079 26.82600021 376.21798706 0.241082 -0.875981 0.417776
40.61800003 26.90800095 376.21798706 0.223971 -0.900275 0.373285
40.91799927 26.86599922 375.91799927 0.156631 -0.912973 0.376760
41.21799850 26.90999985 375.91799927 0.109212 -0.913790 0.391229
40.91799927 26.98800087 376.21798706 0.169493 -0.925909 0.337586
41.21799850 27.02400017 376.21798706 0.149651 -0.918887 0.365037
40.91799927 27.06399918 376.51800537 0.173889 -0.917514 0.357675
41.21799850 27.15500069 376.51800537 0.184381 -0.910473 0.370192
40.91799927 27.19700050 376.81799316 0.176762 -0.903927 0.389450
41.51800156 26.93600082 375.91799927 0.142669 -0.905451 0.399755
41.81800079 26.99399948 375.91799927 0.136815 -0.904110 0.404804
41.51800156 27.06200027 376.21798706 0.132889 -0.913435 0.384678
41.81800079 27.12599945 376.21798706 0.123496 -0.917197 0.378812
41.51800156 27.34000015 376.81799316 0.148478 -0.909249 0.388870
41.81800079 27.36400032 376.81799316 0.089360 -0.905970 0.413804
41.51800156 27.21100044 376.51800537 0.141996 -0.912429 0.383811
41.81800079 27.23299980 376.51800537 0.099805 -0.920118 0.378711
63.83700180 16.45299911 375.91799927 -0.842359 -0.485918 0.233058
63.92499924 16.45299911 376.21798706 -0.835651 -0.492191 0.243795
63.72100067 16.75300026 376.21798706 -0.819931 -0.524571 0.229212
63.63000107 16.75300026 375.91799927 -0.793850 -0.542333 0.275096
42.11800003 27.25799942 376.51800537 0.129420 -0.917074 0.377128
42.41799927 27.33499908 376.51800537 0.160982 -0.904633 0.394619
63.99200058 16.45299911 376.51800537 -0.834952 -0.497907 0.234399
42.11800003 27.38699913 376.81799316 0.150588 -0.893490 0.423081
63.80400085 16.75300026 376.51800537 -0.810129 -0.527128 0.256567
42.41799927 27.45800018 376.81799316 0.174826 -0.894356 0.411780
64.07900238 16.45299911 376.81799316 -0.866070 -0.457631 0.201238
63.91999817 16.75300026 376.81799316 -0.822132 -0.505090 0.262647
63.61299896 17.05299950 376.51800537 -0.827644 -0.515556 0.221827
63.43700027 17.35300064 376.51800537 -0.829357 -0.515875 0.214568
63.71500015 17.05299950 376.81799316 -0.794969 -0.547227 0.261854
63.50500107 17.35300064 376.81799316 -0.823702 -0.515776 0.235563
42.11800003 27.54800034 377.11801147 0.137358 -0.902028 0.409240
42.41799927 27.59799957 377.11801147 0.151853 -0.906863 0.393116
42.11800003 27.67600060 377.41799927 0.138467 -0.916118 0.376238
42.41799927 27.72299957 377.41799927 0.132294 -0.917700 0.374600
42.71799850 27.64299965 377.11801147 0.114627 -0.915638 0.385314
43.01800156 27.66699982 377.11801147 0.088841 -0.914376 0.394999
42.71799850 27.75900078 377.41799927 0.108138 -0.921227 0.373693
43.01800156 27.79599953 377.41799927 0.105166 -0.921908 0.372861
42.71799850 27.87999916 377.71798706 0.110386 -0.928063 0.355689
43.01800156 27.91200066 377.71798706 0.115878 -0.928387 0.353087
42.71799850 27.98900032 378.01800537 0.114627 -0.915638 0.385314
43.01800156 28.02899933 378.01800537 0.108620 -0.917086 0.383609
68.00900269 6.55299997 388.21798706 -0.999999 -0.000979 0.000979
43.31800079 27.94400024 377.71798706 0.076000 -0.929334 0.361334
43.61800003 27.96899986 377.71798706 0.019444 -0.921632 0.387578
43.31800079 28.06299973 378.01800537 0.082908 -0.914710 0.395514
43.61800003 28.08200073 378.01800537 0.063223 -0.913365 0.402203
43.31800079 28.19300079 378.31799316 0.089461 -0.906999 0.411521
43.61800003 28.22999954 378.31799316 0.090177 -0.897612 0.431464
43.31800079 28.32999992 378.61801147 0.099406 -0.921893 0.374476
43.61800003 28.36800003 378.61801147 0.115086 -0.913753 0.389628
43.91799927 28.25000000 378.31799316 0.058778 -0.892607 0.446987
44.21799850 28.27499962 378.31799316 0.052939 -0.894526 0.443870
43.91799927 28.41500092 378.61801147 0.071485 -0.915814 0.395189
44.21799850 28.41500092 378.61801147 0.032728 -0.922931 0.383573
29.81800079 20.65200043 375.01800537 0.655908 -0.703784 0.272896
29.51799965 20.31299973 375.01800537 0.684018 -0.680843 0.261863
29.68199921 20.35300064 374.71798706 0.678338 -0.668671 0.304527
29.51799965 20.19799995 374.71798706 0.651973 -0.703234 0.283536
44.51800156 28.52400017 378.91799927 0.024451 -0.933000 0.359044
44.81800079 28.53899956 378.91799927 0.003849 -0.922424 0.386161
44.51800156 28.64399910 379.21798706 0.054390 -0.921985 0.383387
44.81800079 28.67099953 379.21798706 0.022179 -0.917155 0.397912
67.99600220 6.25299978 388.21798706 -0.998906 0.046198 -0.007186
29.81800079 20.88199997 375.61801147 0.654574 -0.711632 0.255173
29.58200073 20.65299988 375.61801147 0.677187 -0.680389 0.280160
29.70999908 20.65299988 375.31799316 0.701551 -0.656805 0.276465
29.21800041 20.29199982 375.61801147 0.658493 -0.674752 0.333311
28.96299934 20.05299950 375.61801147 0.648123 -0.677509 0.347733
29.15600014 20.05299950 375.31799316 0.681366 -0.661945 0.312360
29.51799965 20.42799950 375.31799316 0.694908 -0.656391 0.293691
29.34099960 20.65299988 376.21798706 0.707106 -0.659649 0.254685
29.06399918 20.35300064 376.21798706 0.694841 -0.652924 0.301474
29.21800041 20.41600037 375.91799927 0.675012 -0.690895 0.258887
28.83699989 20.65299988 377.41799927 0.701125 -0.649784 0.293606
68.02100372 6.55299997 387.91799927 -0.999964 0.006924 -0.004945
45.11800003 28.79599953 379.51800537 -0.011568 -0.924190 0.381758
45.41799927 28.78899956 379.51800537 -0.016805 -0.924280 0.381346
45.11800003 28.91099930 379.81799316 -0.006439 -0.920717 0.390178
45.41799927 28.91399956 379.81799316 -0.009014 -0.920699 0.390170
44.51800156 28.79100037 379.51800537 0.066154 -0.911308 0.406376
44.81800079 28.79800034 379.51800537 0.009048 -0.918974 0.394215
44.51800156 28.91799927 379.81799316 0.057498 -0.915956 0.397137
44.81800079 28.92700005 379.81799316 -0.006412 -0.924606 0.380871
45.11800003 28.54199982 378.91799927 -0.017057 -0.909243 0.415916
45.41799927 28.52599907 378.91799927 -0.022356 -0.908692 0.416868
45.11800003 28.66600037 379.21798706 -0.011660 -0.918546 0.395143
45.41799927 28.67099953 379.21798706 -0.024872 -0.917638 0.396639
22.09499931 6.55299997 387.61801147 0.998502 0.049141 -0.024048
22.11899948 6.25299978 387.61801147 0.997328 0.052717 -0.050566
22.09399986 6.55299997 387.31799316 0.999409 0.029665 -0.017390
22.10499954 6.25299978 387.31799316 0.998927 0.025933 -0.038380
68.01200104 6.25299978 387.91799927 -0.999807 0.018977 -0.004994
24.78700066 14.95300007 377.71798706 0.902739 -0.396289 0.167386
64.16300201 -3.34699988 395.41799927 -0.837480 0.500056 -0.220389
64.23799896 -3.34699988 395.11801147 -0.841806 0.497225 -0.210074
59.81800079 -9.33800030 393.61801147 -0.621705 0.730383 -0.282884
45.41799927 29.06200027 380.11801147 0.011664 -0.916244 0.400452
45.11800003 29.16200066 380.41799927 0.027673 -0.910559 0.412453
45.41799927 29.17600060 380.41799927 0.009156 -0.903860 0.427731
45.11800003 29.03100014 380.11801147 0.006406 -0.923701 0.383061
45.71799850 29.18300056 380.41799927 -0.027811 -0.907181 0.419820
46.01800156 29.17200089 380.41799927 -0.046875 -0.906687 0.419192
45.71799850 29.03499985 380.11801147 -0.022351 -0.911127 0.411519
46.01800156 29.03400040 380.11801147 -0.044143 -0.908284 0.416018
46.31800079 29.14999962 380.41799927 -0.080765 -0.907580 0.412039
46.61800003 29.12100029 380.41799927 -0.089703 -0.903935 0.418156
45.71799850 29.31900024 380.71798706 -0.033133 -0.910501 0.412177
46.01800156 29.30900002 380.71798706 -0.057418 -0.917352 0.393914
45.71799850 29.44799995 381.01800537 -0.056816 -0.928878 0.366002
46.01800156 29.42900085 381.01800537 -0.073606 -0.924753 0.373381
46.31800079 29.28599930 380.71798706 -0.074351 -0.915197 0.396090
46.61800003 29.25000000 380.71798706 -0.066497 -0.907886 0.413909
46.31800079 29.39999962 381.01800537 -0.051818 -0.920772 0.386644
46.61800003 29.39500046 381.01800537 -0.025072 -0.909174 0.415660
67.26899719 2.05299997 390.61801147 -0.967251 0.250130 -0.043126
67.30899811 2.05299997 390.31799316 -0.964317 0.254034 -0.074567
67.32800293 2.35299993 390.61801147 -0.979017 0.195803 -0.056459
67.34100342 2.35299993 390.31799316 -0.973141 0.206652 -0.101447
66.67600250 -2.14700007 384.61801147 -0.938481 0.322729 -0.122880
66.78600311 -1.84700000 384.61801147 -0.947132 0.297061 -0.121222
66.80100250 -1.84700000 384.31799316 -0.949933 0.295622 -0.101169
66.73000336 -2.14700007 384.31799316 -0.942008 0.311307 -0.125332
68.06099701 8.35299969 388.21798706 -0.999393 -0.009169 0.033619
68.05500031 8.05300045 388.21798706 -0.999830 -0.013037 0.013037
68.02200317 8.35299969 387.91799927 -0.998560 -0.034650 0.040950
68.05400085 8.05300045 387.91799927 -0.998854 -0.046482 0.011362
22.13299942 5.95300007 387.61801147 0.996506 0.053365 -0.064256
22.15500069 5.65299988 387.61801147 0.995084 0.065451 -0.074326
22.10799980 5.95300007 387.31799316 0.997070 0.035494 -0.067762
22.12800026 5.65299988 387.31799316 0.994124 0.059267 -0.090578
63.44400024 -5.44700003 393.01800537 -0.795008 0.571364 -0.203730
63.21599960 -5.74700022 393.01800537 -0.776143 0.594066 -0.211395
63.51399994 -5.44700003 392.71798706 -0.796775 0.566493 -0.210324
63.29899979 -5.74700022 392.71798706 -0.778424 0.581868 -0.235555
29.81800079 20.31299973 374.11801147 0.703133 -0.708861 0.055850
66.02600098 -1.84700000 390.01800537 -0.904015 0.382080 -0.191761
65.89399719 -2.14700007 390.01800537 -0.909012 0.373625 -0.184665
66.11100006 -1.84700000 389.71798706 -0.908000 0.378929 -0.178740
65.96700287 -2.14700007 389.71798706 -0.907926 0.381758 -0.173006
29.51799965 20.07099915 374.41799927 0.673896 -0.705167 0.220462
29.81800079 20.34900093 374.41799927 0.675060 -0.709201 0.203294
22.17900085 5.35300016 387.61801147 0.996455 0.048899 -0.068459
22.18799973 5.05299997 387.61801147 0.995424 0.060629 -0.073858
22.14599991 5.35300016 387.31799316 0.993965 0.054785 -0.095036
22.15999985 5.05299997 387.31799316 0.993650 0.066243 -0.090944
68.03900146 6.55299997 388.81799316 -0.999305 0.019474 0.031773
22.47800064 2.95300007 388.21798706 0.985448 0.139754 -0.096753
22.51099968 2.65300012 388.21798706 0.987433 0.130950 -0.088480
22.45000076 2.95300007 387.91799927 0.985371 0.146555 -0.086980
22.48699951 2.65300012 387.91799927 0.989527 0.113056 -0.089745
22.37100029 1.75300002 385.21798706 0.986467 0.144965 -0.076607
22.41799927 1.45299995 385.21798706 0.981649 0.166237 -0.093433
22.36100006 1.75300002 384.91799927 0.988051 0.128059 -0.085764
22.39399910 1.45299995 384.91799927 0.984707 0.144775 -0.096915
68.01599884 6.25299978 388.81799316 -0.995026 0.099610 0.001071
22.29400063 1.15300000 383.41799927 0.983029 0.127273 -0.132121
22.25699997 1.15300000 383.11801147 0.991390 0.119513 -0.053496
22.28499985 0.85299999 383.11801147 0.993624 0.099698 -0.052650
22.32600021 0.85299999 383.41799927 0.982032 0.118038 -0.147244
68.02899933 6.55299997 388.51800537 -0.999367 -0.003038 0.035439
68.01699829 6.25299978 388.51800537 -0.997461 0.068900 0.018020
67.95800018 6.25299978 392.11801147 -0.991385 0.130938 -0.003301
68.07499695 7.15299988 390.61801147 -0.998340 0.057137 0.007272
68.05799866 6.85300016 390.61801147 -0.998124 0.061152 -0.003109
68.05899811 7.15299988 390.31799316 -0.997190 0.063467 0.039802
68.04299927 6.85300016 390.31799316 -0.997747 0.054306 0.039399
68.05000305 7.15299988 390.01800537 -0.997300 0.072819 -0.009498
68.02799988 6.85300016 390.01800537 -0.998503 0.054614 -0.003091
68.07099915 7.15299988 389.71798706 -0.996830 0.070048 -0.037718
68.03600311 6.85300016 389.71798706 -0.997432 0.054757 -0.046167
68.08799744 7.75299978 389.41799927 -0.999920 0.008955 0.008955
68.08699799 7.45300007 389.41799927 -0.999444 0.029606 0.015313
68.08899689 7.75299978 389.11801147 -0.998755 0.017631 0.046671
68.06099701 7.45300007 389.11801147 -0.997891 0.041446 0.049948
68.07399750 7.15299988 389.41799927 -0.998854 0.046482 0.011362
68.06099701 6.85300016 389.41799927 -0.998978 0.044239 -0.009259
68.05799866 7.15299988 389.11801147 -0.997335 0.039722 0.061193
68.05500031 6.85300016 389.11801147 -0.998556 0.021912 0.049041
68.06600189 7.75299978 388.81799316 -0.998690 0.015556 0.048742
68.05699921 7.45300007 388.81799316 -0.998655 0.034509 0.038691
68.04699707 7.75299978 388.51800537 -0.999768 0.013089 0.017116
68.04699707 7.45300007 388.51800537 -0.999476 0.029546 0.013245
68.06199646 7.75299978 388.21798706 -0.999802 0.013037 -0.015042
68.03800201 7.45300007 388.21798706 -0.999298 0.037461 -0.001012
68.06500244 7.75299978 387.91799927 -0.999802 0.013037 -0.015042
68.05200195 7.45300007 387.91799927 -0.998467 0.053099 -0.015617
33.71799850 -10.24100018 397.51800537 -0.063877 0.994023 -0.088532
33.74900055 -10.24699974 397.51800537 -0.008856 0.937483 -0.347919
34.01800156 -10.30500031 397.51800537 0.413551 0.871033 -0.265097
34.01800156 -10.47599983 397.21798706 0.348714 0.807297 -0.476098
34.11000061 -10.54699993 397.21798706 0.376802 0.777862 -0.502942
34.61800003 -11.14700031 396.33300781 0.463185 0.715529 -0.522951
34.61800003 -10.83899975 397.21798706 0.399828 0.841992 -0.362198
34.31800079 -10.68900013 397.21798706 0.485406 0.799397 -0.354042
34.61800003 -10.93299961 396.91799927 0.490161 0.849913 -0.193366
34.91799927 -10.95199966 397.21798706 0.461153 0.819299 -0.340714
34.91799927 -11.08800030 396.91799927 0.512293 0.805482 -0.297918
35.21799850 -11.17899990 397.21798706 0.492528 0.783201 -0.379489
35.21799850 -11.31599998 396.91799927 0.511882 0.795730 -0.323714
22.27099991 1.15300000 382.81799316 0.992925 0.098276 -0.066647
22.28599930 0.85299999 382.81799316 0.990740 0.070192 -0.116219
35.21799850 -11.43000031 396.61801147 0.527234 0.767329 -0.365008
22.21199989 1.15300000 382.51800537 0.963408 -0.010907 -0.267815
34.91799927 -11.17300034 396.61801147 0.544169 0.763775 -0.347170
35.02000046 -11.44699955 396.31799316 0.519173 0.724851 -0.452825
35.21799850 -11.58899975 396.31799316 0.486306 0.772560 -0.408237
67.65200043 8.95300007 382.21798706 -0.980260 -0.163172 0.111644
67.71099854 8.65299988 382.21798706 -0.985908 -0.136767 0.096331
67.61599731 8.95300007 381.91799927 -0.983890 -0.167344 0.062902
67.69200134 8.65299988 381.91799927 -0.986951 -0.152286 0.052312
35.51800156 -11.59399986 396.61801147 0.420468 0.810559 -0.407678
35.51800156 -11.73700047 396.31799316 0.401309 0.826411 -0.394964
35.53499985 -11.74699974 396.31799316 0.409680 0.839765 -0.356311
35.81800079 -11.78600025 396.61801147 0.377112 0.816280 -0.437577
35.81800079 -11.88099957 396.31799316 0.349971 0.903482 -0.247469
36.41799927 -11.91399956 396.61801147 0.438185 0.814228 -0.380823
36.11800003 -11.84500027 396.61801147 0.231932 0.905850 -0.354463
36.11800003 -11.96700001 396.31799316 0.327439 0.875708 -0.354852
36.41799927 -12.11699963 396.31799316 0.473696 0.773215 -0.421606
36.41799927 -12.28400040 396.01800537 0.512112 0.792895 -0.330240
36.11800003 -12.06999969 396.01800537 0.470668 0.848420 -0.242188
36.41799927 -12.34700012 395.83999634 0.547265 0.790143 -0.275998
36.11800003 -12.13399982 395.71798706 0.581294 0.765027 -0.277184
36.35900116 -12.34700012 395.71798706 0.598078 0.759039 -0.257221
37.01800156 -12.55599976 396.01800537 0.293748 0.884258 -0.363043
36.71799850 -12.43900013 396.01800537 0.399635 0.832442 -0.383839
36.71799850 -12.58199978 395.71798706 0.385390 0.838420 -0.385390
37.01800156 -12.67399979 395.71798706 0.289159 0.861357 -0.417674
37.31800079 -12.90499973 395.41799927 0.210018 0.905251 -0.369342
66.11799622 -4.24700022 383.62701416 -0.843493 0.102024 -0.527363
66.27300262 -4.24700022 383.41799927 -0.800267 -0.037841 -0.598448
67.84400177 4.45300007 388.51800537 -0.994047 0.108025 -0.014185
67.87899780 4.75299978 388.51800537 -0.991376 0.130936 0.005502
67.83499908 4.45300007 388.81799316 -0.991372 0.128532 -0.025706
67.89299774 4.75299978 388.81799316 -0.989041 0.147635 0.001110
46.61800003 -16.84700012 390.07800293 0.049935 0.703366 -0.709072
46.31800079 -16.82699966 390.01800537 0.080829 0.846575 -0.526096
46.38299942 -16.84700012 390.01800537 0.145896 0.841481 -0.520215
61.31399918 23.35300064 383.71798706 -0.696392 -0.647919 0.308610
65.40599823 13.75300026 375.61801147 -0.435245 -0.595335 -0.675380
65.51799774 13.45300007 375.86999512 -0.642509 -0.517717 -0.564935
65.51799774 13.68000031 375.61801147 -0.438546 -0.681997 -0.585284
22.15099907 1.75300002 382.81799316 0.986772 0.158114 -0.035778
22.21299934 1.45299995 382.81799316 0.987804 0.149037 -0.045058
22.15099907 1.75300002 382.51800537 0.974431 0.162615 -0.155052
22.19599915 1.45299995 382.51800537 0.972422 0.130246 -0.193473
22.20199966 1.75300002 383.41799927 0.983661 0.138799 -0.114660
22.24900055 1.45299995 383.41799927 0.980579 0.155862 -0.119044
22.16500092 1.75300002 383.11801147 0.986306 0.143269 -0.081699
22.21899986 1.45299995 383.11801147 0.984183 0.166590 -0.060256
22.98299980 0.55299997 388.21798706 0.963363 0.241163 -0.117357
23.03800011 0.25299999 388.21798706 0.961440 0.249741 -0.115166
22.92200089 0.55299997 387.91799927 0.957502 0.237715 -0.163346
23.00799942 0.25299999 387.91799927 0.952716 0.260560 -0.156336
68.03700256 7.15299988 388.21798706 -0.997987 0.063348 0.003115
68.00399780 6.85300016 388.21798706 -0.999584 0.027344 0.009115
68.02400208 7.15299988 387.91799927 -0.997711 0.066234 -0.013667
68.01499939 6.85300016 387.91799927 -0.999295 0.037537 -0.001015
68.04100037 7.15299988 387.61801147 -0.997978 0.063479 0.003122
68.00800323 6.85300016 387.61801147 -0.998261 0.057371 0.013560
68.04699707 7.15299988 387.31799316 -0.998844 0.048051 0.001022
68.00399780 6.85300016 387.31799316 -0.997586 0.068472 -0.011588
66.04799652 12.55300045 376.21798706 -0.720750 -0.600354 -0.346546
68.06900024 7.75299978 387.61801147 -0.999478 0.013218 0.029486
68.05500031 7.45300007 387.61801147 -0.999471 0.027508 0.017320
68.02799988 7.75299978 387.31799316 -0.997174 -0.007371 0.074762
68.03600311 7.45300007 387.31799316 -0.998751 -0.011385 0.048644
68.11299896 8.95300007 390.61801147 -0.997440 -0.037417 0.060937
68.11699677 8.65299988 390.61801147 -0.998866 -0.028064 0.038458
68.07599640 8.95300007 390.31799316 -0.997321 -0.033137 0.065205
68.09799957 8.65299988 390.31799316 -0.996984 -0.044286 0.063729
68.06400299 8.95300007 390.01800537 -0.999855 -0.013011 0.011009
68.08300018 8.65299988 390.01800537 -0.998713 -0.040700 0.030264
68.07800293 8.95300007 389.71798706 -0.999731 0.013088 -0.019129
68.07299805 8.65299988 389.71798706 -0.999856 -0.016913 0.000995
68.02200317 9.55300045 388.21798706 -0.997462 -0.009480 0.070570
68.02300262 9.25300026 388.21798706 -0.998656 0.021914 0.046959
67.99900055 9.55300045 387.91799927 -0.998223 -0.015679 0.057489
68.00000000 9.25300026 387.91799927 -0.997858 -0.001038 0.065416
22.31299973 8.65299988 381.01800537 0.985424 -0.160910 0.055203
22.36899948 8.95300007 381.01800537 0.986216 -0.159142 0.045303
22.36700058 8.95300007 380.71798706 0.984985 -0.171252 0.021837
22.33699989 8.65299988 380.71798706 0.988760 -0.146778 0.028445
67.98500061 9.55300045 387.61801147 -0.995600 -0.018377 0.091885
67.98100281 9.25300026 387.61801147 -0.996438 -0.024723 0.080618
67.92900085 9.55300045 387.31799316 -0.993423 -0.043483 0.105921
67.96099854 9.25300026 387.31799316 -0.995895 -0.055875 0.071214
52.01800156 -15.24499989 390.61801147 -0.315337 0.859871 -0.401478
51.41799927 -15.21700001 391.21798706 -0.275739 0.878448 -0.390254
51.11800003 -15.29599953 391.21798706 -0.247325 0.876878 -0.412208
51.41799927 -15.33699989 390.91799927 -0.292820 0.887468 -0.355888
66.71800232 11.95300007 379.81799316 -0.946724 -0.280360 0.158465
66.68000031 11.95300007 379.51800537 -0.952861 -0.276211 0.125550
66.78600311 11.65299988 379.81799316 -0.950011 -0.260814 0.171624
66.76000214 11.65299988 379.51800537 -0.952475 -0.278741 0.122857
52.01800156 -15.02000046 391.21798706 -0.309375 0.873262 -0.376432
51.71799850 -15.10599995 391.21798706 -0.286829 0.884513 -0.367921
52.01800156 -15.13099957 390.91799927 -0.296674 0.893005 -0.338418
51.71799850 -15.22500038 390.91799927 -0.310551 0.880146 -0.359027
66.09600067 12.55300045 377.41799927 -0.900921 -0.408474 0.146595
66.04599762 12.55300045 377.11801147 -0.907171 -0.398030 0.136427
65.74199677 13.15299988 376.81799316 -0.904703 -0.399092 0.149127
65.87500000 12.85299969 376.81799316 -0.910330 -0.389739 0.139293
65.69799805 13.15299988 376.51800537 -0.907600 -0.404459 0.112581
65.82199860 12.85299969 376.51800537 -0.910608 -0.399341 0.106399
65.99500275 12.55300045 376.81799316 -0.906139 -0.403197 0.127843
65.96299744 12.55300045 376.51800537 -0.880464 -0.473266 -0.028315
66.10500336 12.25300026 376.51800537 -0.918004 -0.389579 -0.074141
52.31800079 -14.76500034 391.51800537 -0.313624 0.880268 -0.356046
52.61800003 -14.74800014 391.21798706 -0.350729 0.860598 -0.369269
52.31800079 -14.89299965 391.21798706 -0.357511 0.847723 -0.391857
52.61800003 -14.91600037 390.91799927 -0.340953 0.869967 -0.356243
52.31800079 -15.02299976 390.91799927 -0.341036 0.880632 -0.328911
40.01800156 28.80999947 381.01800537 0.259368 -0.893708 0.366079
53.21799850 -14.50399971 391.21798706 -0.343844 0.872600 -0.346901
52.91799927 -14.64000034 391.21798706 -0.347089 0.862323 -0.368685
53.21799850 -14.68299961 390.91799927 -0.370664 0.819280 -0.437480
39.71799850 28.72200012 381.01800537 0.262825 -0.892416 0.366766
52.61800003 -14.53699970 391.81799316 -0.326981 0.864275 -0.382246
52.31800079 -14.63799953 391.81799316 -0.290799 0.881437 -0.372162
52.61800003 -14.66699982 391.51800537 -0.332420 0.885953 -0.323395
40.01800156 28.68000031 380.71798706 0.256678 -0.878110 0.403781
39.71799850 28.60300064 380.71798706 0.237274 -0.894565 0.378753
53.51800156 -14.15600014 391.81799316 -0.404919 0.842670 -0.354891
53.51800156 -14.27600002 391.51800537 -0.414740 0.831058 -0.370585
53.21799850 -14.31099987 391.81799316 -0.388179 0.849628 -0.357000
52.91799927 -14.42399979 391.81799316 -0.313124 0.881890 -0.352453
53.21799850 -14.42800045 391.51800537 -0.348867 0.883493 -0.312621
52.91799927 -14.53199959 391.51800537 -0.355099 0.880947 -0.312789
53.81800079 -14.02900028 391.81799316 -0.390822 0.848598 -0.356567
53.81800079 -14.12699986 391.51800537 -0.387580 0.851431 -0.353336
54.11800003 -13.61400032 392.41799927 -0.357510 0.874759 -0.327084
54.41799927 -13.60499954 392.11801147 -0.381613 0.865910 -0.323375
54.11800003 -13.73600006 392.11801147 -0.389362 0.845962 -0.364342
55.01800156 -13.17700005 392.41799927 -0.442216 0.829352 -0.341498
54.71799850 -13.33300018 392.41799927 -0.437983 0.826949 -0.352600
55.01800156 -13.30900002 392.11801147 -0.457292 0.811017 -0.364878
54.71799850 -13.48299980 392.11801147 -0.412545 0.848441 -0.331593
26.93600082 18.55299950 378.01800537 0.765343 -0.588604 0.260374
26.67700005 18.25300026 378.01800537 0.772667 -0.580681 0.256507
27.00699997 18.55299950 377.71798706 0.788277 -0.579299 0.207441
26.78800011 18.25300026 377.71798706 0.775604 -0.581311 0.246000
22.66500092 11.65299988 384.91799927 0.975077 -0.209734 0.072364
22.72999954 11.95300007 384.91799927 0.981285 -0.176992 0.075854
68.00399780 7.75299978 387.01800537 -0.998806 -0.023905 0.042613
22.61899948 11.65299988 385.21798706 0.980164 -0.184914 0.071307
22.68000031 11.95300007 385.21798706 0.978038 -0.191700 0.081808
68.03900146 7.45300007 387.01800537 -0.998944 -0.036382 0.028066
68.00599670 7.75299978 386.71798706 -0.998919 -0.046199 0.005133
68.02999878 7.45300007 386.71798706 -0.999414 -0.033483 0.007102
22.70899963 11.65299988 384.31799316 0.967430 -0.230098 0.105515
22.78000069 11.95300007 384.31799316 0.972875 -0.193061 0.127445
22.67499924 11.65299988 384.61801147 0.970155 -0.226578 0.086375
22.73600006 11.95300007 384.61801147 0.979207 -0.179705 0.094131
22.70700073 2.95300007 390.61801147 0.978436 0.187360 -0.086945
22.75300026 2.65300012 390.61801147 0.973706 0.212107 -0.083106
22.67099953 2.95300007 390.31799316 0.981369 0.173040 -0.083495
22.73100090 2.65300012 390.31799316 0.972879 0.209100 -0.098916
22.69400024 2.35299993 389.41799927 0.972198 0.201014 -0.120102
22.74600029 2.05299997 389.41799927 0.972553 0.202563 -0.114492
22.65500069 2.35299993 389.11801147 0.972965 0.202126 -0.111734
22.71299934 2.05299997 389.11801147 0.971959 0.208007 -0.109676
22.61000061 2.35299993 388.81799316 0.976651 0.193849 -0.092603
22.68400002 2.05299997 388.81799316 0.971453 0.212938 -0.104579
22.58600044 2.35299993 388.51800537 0.979495 0.165912 -0.114295
22.65099907 2.05299997 388.51800537 0.968538 0.211108 -0.131783
23.01399994 12.25300026 382.51800537 0.958253 -0.257539 0.124194
23.08699989 12.55300045 382.51800537 0.958438 -0.251114 0.135417
22.98399925 12.25300026 382.81799316 0.967101 -0.240830 0.081958
23.04999924 12.55300045 382.81799316 0.960847 -0.265983 0.077631
22.54000092 1.75300002 387.01800537 0.978125 0.185316 -0.094499
22.60899925 1.45299995 387.01800537 0.973162 0.212530 -0.088243
22.53800011 1.75300002 386.71798706 0.979337 0.186135 -0.079077
22.58900070 1.45299995 386.71798706 0.978225 0.187320 -0.089375
63.66999817 -7.24700022 387.61801147 -0.779603 0.565409 -0.269317
63.43799973 -7.54699993 387.61801147 -0.797905 0.544949 -0.257641
63.54800034 -7.54699993 387.31799316 -0.796119 0.545865 -0.261202
63.76800156 -7.24700022 387.31799316 -0.804274 0.552073 -0.219907
23.06399918 12.25300026 381.91799927 0.950519 -0.300369 0.079318
23.16300011 12.55300045 381.91799927 0.945844 -0.308226 0.101860
23.07099915 12.25300026 382.21798706 0.956808 -0.273930 0.097369
23.13699913 12.55300045 382.21798706 0.952475 -0.278741 0.122857
63.84000015 -7.24700022 387.01800537 -0.802243 0.547760 -0.237414
63.93999863 -7.24700022 386.71798706 -0.832139 0.512670 -0.211458
63.72600174 -7.54699993 386.71798706 -0.796364 0.541905 -0.268596
23.33300018 12.85299969 381.31799316 0.948675 -0.301313 0.096052
23.43700027 13.15299988 381.31799316 0.939831 -0.328343 0.094382
23.31299973 12.85299969 381.61801147 0.946304 -0.303932 0.110159
23.40299988 13.15299988 381.61801147 0.939801 -0.323098 0.111275
23.13500023 12.25300026 381.31799316 0.939801 -0.323098 0.111275
23.25000000 12.55300045 381.31799316 0.943164 -0.315275 0.105092
23.09300041 12.25300026 381.61801147 0.942238 -0.314973 0.113926
64.57499695 -6.64699984 385.21798706 -0.864359 0.426863 -0.265840
64.42900085 -6.94700003 385.21798706 -0.869826 0.400638 -0.287911
64.69100189 -6.64699984 384.91799927 -0.891825 0.351053 -0.285324
64.61799622 -6.85300016 384.91799927 -0.873310 0.349019 -0.339875
64.57399750 -6.94700003 384.91799927 -0.857934 0.366361 -0.360178
23.22100067 12.55300045 381.61801147 0.937517 -0.329543 0.111641
23.41900063 12.85299969 380.71798706 0.933559 -0.338364 0.118224
23.51099968 13.15299988 380.71798706 0.945054 -0.299782 0.130399
23.36899948 12.85299969 381.01800537 0.941770 -0.319267 0.105532
23.47699928 13.15299988 381.01800537 0.942302 -0.316774 0.108264
23.14900017 0.55299997 389.41799927 0.953249 0.281910 -0.108830
23.23699951 0.25299999 389.41799927 0.953554 0.273767 -0.125642
23.59399986 13.15299988 380.11801147 0.927022 -0.354651 0.121869
23.56200027 13.15299988 380.41799927 0.938481 -0.322729 0.122880
23.10000038 0.55299997 389.11801147 0.951546 0.264393 -0.157025
23.70700073 13.45300007 380.11801147 0.920892 -0.357424 0.155584
23.82399940 13.75300026 380.11801147 0.905456 -0.386003 0.176499
23.64599991 13.45300007 380.41799927 0.929605 -0.340167 0.141851
23.76399994 13.75300026 380.41799927 0.913373 -0.376925 0.153876
23.18899918 0.25299999 389.11801147 0.948300 0.271909 -0.163687
64.76599884 -6.64699984 384.61801147 -0.815237 0.545010 -0.195839
23.03700066 0.55299997 388.81799316 0.952948 0.248653 -0.173385
23.13400078 0.25299999 388.81799316 0.946701 0.270292 -0.175214
22.99799919 0.55299997 388.51800537 0.963363 0.241163 -0.117357
23.07299995 0.25299999 388.51800537 0.957723 0.258100 -0.127085
67.99900055 8.35299969 387.01800537 -0.996213 -0.066706 0.055770
68.00499725 8.05300045 387.01800537 -0.998580 -0.007244 0.052775
68.00000000 8.35299969 386.71798706 -0.997599 -0.064807 0.024435
68.00499725 8.05300045 386.71798706 -0.999904 -0.012908 -0.004965
67.89199829 5.65299988 379.21798706 -0.991222 -0.109115 -0.074657
67.83999634 5.95300007 379.21798706 -0.984560 -0.171279 -0.036120
23.90099907 -2.44700003 388.21798706 0.930764 0.330539 -0.156280
24.05699921 -2.74699998 388.21798706 0.880057 0.446574 -0.161465
67.87200165 5.65299988 379.51800537 -0.991222 -0.102223 -0.083846
67.81999969 5.95300007 379.51800537 -0.992440 -0.115504 -0.041492
23.86800003 -2.44700003 387.91799927 0.920802 0.326920 -0.212712
67.83200073 5.65299988 379.81799316 -0.997940 -0.060193 -0.022176
67.80500031 5.95300007 379.81799316 -0.997883 -0.064007 0.011542
23.99600029 -2.74699998 387.91799927 0.880853 0.424882 -0.208740
64.45800018 -5.14699984 389.71798706 -0.828949 0.505982 -0.238381
64.63899994 -4.84700012 389.71798706 -0.844473 0.493994 -0.206964
64.37000275 -5.14699984 390.01800537 -0.834884 0.514820 -0.194756
64.55599976 -4.84700012 390.01800537 -0.836592 0.511000 -0.197466
25.51099968 -5.74700022 388.21798706 0.869101 0.457500 -0.188034
56.81800079 -11.71399975 393.31799316 -0.511187 0.782100 -0.356380
56.81800079 -11.60999966 393.61801147 -0.493662 0.812255 -0.310707
56.51800156 -11.66600037 393.91799927 -0.498234 0.800676 -0.332687
56.81800079 -11.48200035 393.91799927 -0.494348 0.798316 -0.343964
56.51800156 -11.53899956 394.21798706 -0.504650 0.793022 -0.341240
56.81800079 -11.35000038 394.21798706 -0.497303 0.797924 -0.340597
25.47999954 -5.74700022 387.91799927 0.803046 0.500910 -0.322809
56.51800156 -11.93400002 393.31799316 -0.517923 0.776078 -0.359803
56.51800156 -11.78899956 393.61801147 -0.510692 0.789251 -0.340995
47.21799850 -16.14399910 391.21798706 -0.109712 0.906858 -0.406906
46.91799927 -16.16900063 391.21798706 -0.022438 0.906763 -0.421044
47.21799850 -16.27700043 390.91799927 -0.155897 0.934005 -0.321452
46.91799927 -16.30699921 390.91799927 -0.076759 0.922451 -0.378407
67.93499756 8.35299969 385.81799316 -0.996671 -0.055431 0.059779
67.95999908 8.05300045 385.81799316 -0.995785 -0.044914 0.079970
67.93000031 8.35299969 385.51800537 -0.998196 -0.045517 0.039166
26.95100021 -4.84700012 395.11801147 0.783547 0.537791 -0.311184
26.63500023 -4.54699993 394.81799316 0.789503 0.581013 -0.197759
26.58900070 -4.54699993 394.51800537 0.809682 0.545422 -0.216632
26.82699966 -4.84700012 394.81799316 0.798942 0.546645 -0.250740
27.04500008 -5.14699984 394.81799316 0.760784 0.589963 -0.270466
26.76199913 -4.84700012 394.51800537 0.835998 0.517808 -0.181608
26.95199966 -5.14699984 394.51800537 0.784014 0.583774 -0.211021
26.68799973 -4.84700012 394.21798706 0.802143 0.540473 -0.253882
26.88400078 -5.14699984 394.21798706 0.798904 0.565826 -0.203943
26.57799911 -4.84700012 393.91799927 0.803345 0.546398 -0.236824
26.79700089 -5.14699984 393.91799927 0.778363 0.566800 -0.269980
67.93699646 8.05300045 385.51800537 -0.998556 -0.021912 0.049041
26.52000046 -4.84700012 393.61801147 0.823067 0.522655 -0.222243
26.69599915 -5.14699984 393.61801147 0.813838 0.521292 -0.256756
26.59799957 -5.14699984 393.31799316 0.814052 0.514056 -0.270309
26.89500046 -5.44700003 393.61801147 0.769189 0.561300 -0.305437
26.78400040 -5.44700003 393.31799316 0.796673 0.554410 -0.240710
27.01099968 -5.74700022 393.31799316 0.772933 0.584795 -0.246147
26.70899963 -5.44700003 393.01800537 0.779995 0.569694 -0.258952
26.93499947 -5.74700022 393.01800537 0.783242 0.566634 -0.255848
26.59700012 -5.44700003 392.71798706 0.778363 0.566800 -0.269980
26.82600021 -5.74700022 392.71798706 0.784311 0.557066 -0.273010
26.94000053 -6.04699993 392.41799927 0.799872 0.559448 -0.217306
26.86199951 -6.04699993 392.11801147 0.799933 0.548304 -0.243863
27.06699944 -6.34700012 392.11801147 0.819206 0.500886 -0.279310
26.71500015 -5.74700022 392.41799927 0.778674 0.578934 -0.241873
26.63299942 -5.74700022 392.11801147 0.791573 0.577220 -0.200573
58.61800003 24.23200035 380.11801147 -0.576436 -0.738813 0.349109
35.81800079 -11.43400002 397.21798706 0.357193 0.869220 -0.341863
35.51800156 -11.31900024 397.21798706 0.376466 0.845095 -0.379590
35.81800079 -11.55200005 396.91799927 0.370664 0.819280 -0.437480
35.51800156 -11.46700001 396.91799927 0.357613 0.856104 -0.373094
62.03499985 18.25300026 374.41799927 -0.744881 -0.622564 0.239930
61.93899918 18.25300026 374.11801147 -0.734438 -0.662050 0.149301
22.20100021 5.95300007 388.81799316 0.996364 0.066424 -0.053357
22.20899963 5.65299988 388.81799316 0.995218 0.060887 -0.076385
22.18799973 5.95300007 388.51800537 0.996657 0.053256 -0.061951
22.18400002 5.65299988 388.51800537 0.996445 0.042379 -0.072805
22.23600006 5.35300016 388.81799316 0.992991 0.068911 -0.096023
22.25499916 5.05299997 388.81799316 0.994673 0.054336 -0.087602
22.20800018 5.35300016 388.51800537 0.994937 0.067660 -0.074315
22.21599960 5.05299997 388.51800537 0.993956 0.081987 -0.073002
44.21799850 25.37299919 371.71798706 0.086102 -0.939170 0.332485
43.91799927 25.34799957 371.71798706 0.021396 -0.947708 0.318420
44.21799850 25.51399994 372.01800537 0.075350 -0.902835 0.423333
43.91799927 25.45599937 372.01800537 0.044757 -0.891076 0.451641
22.07799911 2.95300007 383.41799927 0.991757 0.088284 -0.092870
22.12599945 2.65300012 383.41799927 0.991522 0.085970 -0.097433
22.06500053 2.95300007 383.11801147 0.992954 0.084916 -0.082652
22.10099983 2.65300012 383.11801147 0.990745 0.088810 -0.102650
54.71799850 23.97299957 373.81799316 -0.464846 -0.817050 0.341098
55.01800156 23.77899933 373.81799316 -0.486877 -0.792180 0.367970
54.71799850 23.83499908 373.51800537 -0.495044 -0.777463 0.387920
55.01800156 23.63299942 373.51800537 -0.470766 -0.805888 0.359059
55.61800003 23.41900063 373.81799316 -0.484996 -0.813592 0.320698
55.31800079 23.61300087 373.81799316 -0.481712 -0.801787 0.353682
55.31800079 23.47100067 373.51800537 -0.464141 -0.818979 0.337413
55.61800003 23.30800056 373.51800537 -0.509768 -0.786362 0.348958
55.61800003 23.03300095 372.91799927 -0.460063 -0.827485 0.321887
55.61800003 23.17000008 373.21798706 -0.489899 -0.791869 0.364613
55.31800079 23.35099983 373.21798706 -0.496172 -0.783855 0.373341
55.31800079 23.15999985 372.91799927 -0.508993 -0.796200 0.327096
56.21799850 22.87000084 373.21798706 -0.457963 -0.798624 0.390474
55.91799927 22.98100090 373.21798706 -0.412823 -0.855022 0.313869
55.91799927 22.85499954 372.91799927 -0.454115 -0.814220 0.361698
56.21799850 22.66900063 372.91799927 -0.457925 -0.801771 0.384015
56.21799850 22.55100060 372.61801147 -0.428566 -0.855597 0.290319
55.91799927 22.74399948 372.61801147 -0.464940 -0.824283 0.323094
56.21799850 22.46699905 372.31799316 -0.351978 -0.899827 0.257725
56.24100113 22.45299911 372.31799316 -0.330285 -0.905714 0.265696
55.91799927 22.63899994 372.31799316 -0.402098 -0.872476 0.277675
62.51200104 20.95299911 381.61801147 -0.773931 -0.579271 0.255884
62.42699814 20.95299911 381.31799316 -0.764176 -0.586976 0.267383
22.31599998 5.35300016 390.61801147 0.988939 0.128992 -0.073212
22.29700089 5.35300016 390.31799316 0.993063 0.102575 -0.057487
22.39599991 4.75299978 390.61801147 0.988121 0.116596 -0.100108
22.43199921 4.45300007 390.61801147 0.985708 0.145899 -0.084218
22.35700035 4.75299978 390.31799316 0.990128 0.110014 -0.086853
22.41200066 4.45300007 390.31799316 0.983425 0.152870 -0.097500
22.45999908 4.45300007 390.91799927 0.989640 0.096749 -0.106075
49.01800156 -15.55500031 391.81799316 -0.139088 0.911802 -0.386357
48.71799850 -15.61600018 391.81799316 -0.185507 0.904525 -0.383956
49.01800156 -15.67599964 391.51800537 -0.145121 0.911587 -0.384642
48.71799850 -15.73700047 391.51800537 -0.150794 0.911811 -0.381918
24.03800011 -4.24700022 385.21798706 0.915283 0.327196 -0.234947
24.14999962 -4.54699993 385.21798706 0.873818 0.459520 -0.159009
55.91799927 -12.29699993 393.31799316 -0.456273 0.822554 -0.339442
56.21799850 -12.11699963 393.31799316 -0.489413 0.801872 -0.342748
55.91799927 -12.17800045 393.61801147 -0.459523 0.815694 -0.351400
56.21799850 -11.98999977 393.61801147 -0.496590 0.789080 -0.361595
59.81800079 -9.20199966 393.91799927 -0.629477 0.707150 -0.322020
59.98899841 -9.04699993 393.91799927 -0.650307 0.689228 -0.319477
59.51800156 -9.32699966 394.21798706 -0.614057 0.732700 -0.293401
59.81800079 -9.06400013 394.21798706 -0.643760 0.701844 -0.304939
56.21799850 -12.25000000 393.01800537 -0.481341 0.808590 -0.338369
55.61800003 -12.31900024 393.61801147 -0.456966 0.820641 -0.343120
55.31800079 -12.63000011 393.31799316 -0.446582 0.825308 -0.345588
55.61800003 -12.46399975 393.31799316 -0.465719 0.812226 -0.351276
55.31800079 -12.50500011 393.61801147 -0.464141 0.818979 -0.337413
68.00399780 8.35299969 386.41799927 -0.995875 -0.077615 0.047006
67.99800110 8.05300045 386.41799927 -0.998961 -0.030083 0.034232
54.11800003 -13.51700020 392.71798706 -0.353569 0.870912 -0.341324
54.41799927 -13.37600040 392.71798706 -0.417070 0.835713 -0.357263
67.96499634 8.35299969 386.11801147 -0.994937 -0.074315 0.067660
54.11800003 -13.38000011 393.01800537 -0.384281 0.842282 -0.378007
54.41799927 -13.22799969 393.01800537 -0.413396 0.825207 -0.384886
66.51499939 16.15299988 387.01800537 -0.934661 -0.322534 0.149601
66.62000275 15.85299969 387.01800537 -0.929623 -0.329328 0.165359
66.46399689 16.15299988 386.71798706 -0.934561 -0.304114 0.184690
66.56099701 15.85299969 386.71798706 -0.929223 -0.327387 0.171356
67.98300171 8.05300045 386.11801147 -0.995468 -0.047298 0.082497
53.81800079 -13.49600029 393.01800537 -0.330675 0.873164 -0.358104
66.40599823 16.15299988 386.41799927 -0.934244 -0.306787 0.181851
66.49500275 15.85299969 386.41799927 -0.925867 -0.339345 0.166181
66.33799744 16.15299988 386.11801147 -0.935098 -0.319938 0.152417
66.44599915 15.85299969 386.11801147 -0.922934 -0.354975 0.148950
54.41799927 -13.48700047 392.41799927 -0.391833 0.856457 -0.336078
53.51800156 -13.74800014 392.71798706 -0.396950 0.848384 -0.350250
53.81800079 -13.61999989 392.71798706 -0.343290 0.874245 -0.343290
53.51800156 -13.61900043 393.01800537 -0.400427 0.840113 -0.365881
53.51800156 -14.01799965 392.11801147 -0.392788 0.834477 -0.386478
53.81800079 -13.88500023 392.11801147 -0.400259 0.827412 -0.393931
53.51800156 -13.88099957 392.41799927 -0.399149 0.831430 -0.386528
53.81800079 -13.73700047 392.41799927 -0.382140 0.846947 -0.369662
52.01800156 -14.72999954 391.81799316 -0.296014 0.875898 -0.381023
65.94799805 16.75300026 385.21798706 -0.916590 -0.353846 0.186160
51.71799850 -14.97799969 391.51800537 -0.279258 0.877020 -0.390961
52.01800156 -14.87100029 391.51800537 -0.319340 0.859287 -0.399561
66.05599976 16.45299911 385.21798706 -0.914741 -0.358190 0.186944
65.87999725 16.75300026 384.91799927 -0.917509 -0.351356 0.186347
65.99600220 16.45299911 384.91799927 -0.912804 -0.370516 0.171772
51.71799850 -14.84899998 391.81799316 -0.295041 0.866779 -0.402051
51.11800003 -15.14500046 391.51800537 -0.240367 0.882342 -0.404593
51.41799927 -15.07199955 391.51800537 -0.259793 0.878490 -0.400952
51.11800003 -15.01900005 391.81799316 -0.257001 0.892817 -0.369903
51.41799927 -14.93400002 391.81799316 -0.259727 0.881271 -0.394846
50.51800156 -15.31799984 391.51800537 -0.245565 0.885524 -0.394393
50.81800079 -15.23499966 391.51800537 -0.246572 0.883177 -0.398999
50.51800156 -15.18799973 391.81799316 -0.258825 0.897753 -0.356439
50.81800079 -15.10700035 391.81799316 -0.251685 0.899297 -0.357658
65.42500305 17.35300064 384.01800537 -0.884957 -0.424134 0.192254
65.35800171 17.35300064 383.71798706 -0.881543 -0.428262 0.198678
65.48999786 17.05299950 383.71798706 -0.910950 -0.370386 0.181618
65.55400085 17.05299950 384.01800537 -0.903217 -0.373795 0.210896
49.91799927 -15.34300041 391.81799316 -0.230804 0.910151 -0.344028
50.21799850 -15.27400017 391.81799316 -0.239732 0.910980 -0.335624
50.51800156 -16.20999908 389.71798706 -0.221913 0.852931 -0.472508
50.81800079 -16.12899971 389.71798706 -0.271931 0.790643 -0.548577
50.51800156 -16.04199982 390.01800537 -0.266260 0.841874 -0.469418
65.28399658 17.35300064 383.41799927 -0.882098 -0.430041 0.192271
65.43099976 17.05299950 383.41799927 -0.897606 -0.404859 0.174334
65.22200012 17.35300064 383.11801147 -0.879026 -0.437305 0.189940
65.37300110 17.05299950 383.11801147 -0.886328 -0.430834 0.169722
51.11800003 -16.02199936 389.71798706 -0.281847 0.795155 -0.536927
49.91799927 -15.47200012 391.51800537 -0.236640 0.882563 -0.406306
50.21799850 -15.40100002 391.51800537 -0.225077 0.892953 -0.389840
50.81800079 -15.90600014 390.01800537 -0.301485 0.829474 -0.470191
49.91799927 -15.74800014 390.91799927 -0.198857 0.901388 -0.384650
50.21799850 -15.68900013 390.91799927 -0.238584 0.874809 -0.421649
49.91799927 -15.63399982 391.21798706 -0.227973 0.877621 -0.421675
50.21799850 -15.53299999 391.21798706 -0.252487 0.869343 -0.424844
49.31800079 -15.91399956 390.91799927 -0.193962 0.893975 -0.403966
49.61800003 -15.83399963 390.91799927 -0.243178 0.881706 -0.404302
49.31800079 -15.76900005 391.21798706 -0.184891 0.889515 -0.417825
49.61800003 -15.69900036 391.21798706 -0.219921 0.887065 -0.405895
64.66699982 17.95299911 382.21798706 -0.840349 -0.493876 0.223384
64.84300232 17.65299988 382.21798706 -0.842494 -0.490316 0.223147
64.57499695 17.95299911 381.91799927 -0.853372 -0.468369 0.228880
64.75000000 17.65299988 381.91799927 -0.832514 -0.497046 0.244676
49.31800079 -15.63399982 391.51800537 -0.182727 0.905004 -0.384159
49.61800003 -15.54599953 391.51800537 -0.235621 0.887655 -0.395666
49.31800079 -15.52499962 391.81799316 -0.200371 0.890698 -0.408054
49.61800003 -15.43400002 391.81799316 -0.233871 0.895771 -0.378018
64.34100342 18.25300026 381.61801147 -0.840887 -0.478091 0.253650
64.49700165 17.95299911 381.61801147 -0.861649 -0.460046 0.214288
64.66400146 17.65299988 381.61801147 -0.844495 -0.489716 0.216809
64.42800140 17.95299911 381.31799316 -0.846051 -0.485836 0.219459
64.60099792 17.65299988 381.31799316 -0.852121 -0.482418 0.202886
64.00499725 18.55299950 381.01800537 -0.836272 -0.492557 0.240908
64.17500305 18.25300026 381.01800537 -0.834952 -0.497907 0.234399
63.92499924 18.55299950 380.71798706 -0.829104 -0.510336 0.228349
64.06700134 18.25300026 380.71798706 -0.838185 -0.497435 0.223617
48.71799850 -15.86299992 391.21798706 -0.129416 0.891688 -0.433756
49.01800156 -15.82400036 391.21798706 -0.147603 0.892786 -0.425614
48.71799850 -16.02799988 390.91799927 -0.132211 0.891356 -0.433594
49.01800156 -15.97200012 390.91799927 -0.166232 0.891869 -0.420638
63.71799850 18.55299950 380.11801147 -0.790812 -0.544571 0.279389
48.41799927 -15.90999985 391.21798706 -0.171042 0.878600 -0.445878
63.22800064 19.15299988 379.81799316 -0.811046 -0.531910 0.243469
63.40200043 18.85300064 379.81799316 -0.801779 -0.536082 0.264134
63.13100052 19.15299988 379.51800537 -0.796821 -0.543216 0.264563
63.30500031 18.85300064 379.51800537 -0.809874 -0.538373 0.232935
56.51800156 -10.43599987 396.91799927 -0.500394 0.802219 -0.325653
56.81800079 -10.23099995 396.91799927 -0.521981 0.794871 -0.309381
56.51800156 -10.30799961 397.21798706 -0.485406 0.799397 -0.354042
56.81800079 -10.11499977 397.21798706 -0.522958 0.780414 -0.342738
48.11800003 -16.11899948 390.91799927 -0.174065 0.918439 -0.355205
48.41799927 -16.05800056 390.91799927 -0.142829 0.906472 -0.397377
48.11800003 -15.99600029 391.21798706 -0.224861 0.877107 -0.424407
63.02700043 19.15299988 379.21798706 -0.795534 -0.555784 0.241307
62.94300079 19.15299988 378.91799927 -0.792773 -0.555098 0.251749
62.61000061 19.45299911 378.61801147 -0.769176 -0.572521 0.283881
48.11800003 -16.37999916 390.31799316 -0.080483 0.859899 -0.504079
48.41799927 -16.38100052 390.31799316 -0.137495 0.866945 -0.479063
48.11800003 -16.21699905 390.61801147 -0.121722 0.905219 -0.407139
48.41799927 -16.18300056 390.61801147 -0.129587 0.887170 -0.442873
47.51800156 -16.42900085 390.31799316 -0.121684 0.822468 -0.555643
47.81800079 -16.40999985 390.31799316 -0.071782 0.851533 -0.519365
47.51800156 -16.28300095 390.61801147 -0.099906 0.941784 -0.321032
47.81800079 -16.27099991 390.61801147 -0.110558 0.926777 -0.358973
43.91799927 -14.09899998 396.01800537 0.071151 0.922279 -0.379920
44.21799850 -14.13700008 396.01800537 0.021933 0.927629 -0.372858
47.51800156 -16.21800041 390.91799927 -0.124689 0.945225 -0.301667
47.81800079 -16.18300056 390.91799927 -0.143489 0.936097 -0.321143
47.51800156 -16.10700035 391.21798706 -0.133473 0.909021 -0.394799
43.91799927 -14.21599960 395.71798706 0.030531 0.906640 -0.420798
47.81800079 -16.05200005 391.21798706 -0.157335 0.908575 -0.386959
44.21799850 -14.23499966 395.71798706 0.022202 0.918106 -0.395713
66.79199982 10.75300026 376.81799316 -0.749649 -0.644064 -0.152343
66.71800232 10.84500027 376.81799316 -0.787400 -0.612423 -0.070278
47.21799850 -16.49900055 390.31799316 -0.146157 0.748865 -0.646405
46.91799927 -16.43199921 390.61801147 -0.154399 0.907977 -0.389538
47.21799850 -16.32500076 390.61801147 -0.210018 0.905251 -0.369342
61.40200043 20.35300064 377.41799927 -0.715372 -0.642082 0.275633
61.68600082 20.05299950 377.41799927 -0.718383 -0.638740 0.275566
61.31800079 20.32099915 377.11801147 -0.691803 -0.672719 0.262408
61.57899857 20.05299950 377.11801147 -0.719209 -0.636284 0.279072
46.91799927 -16.57399940 390.31799316 -0.107295 0.768703 -0.630542
60.71799850 20.68199921 376.51800537 -0.686750 -0.670742 0.280143
46.31800079 -16.47299957 390.61801147 -0.039286 0.884617 -0.464661
46.61800003 -16.51700020 390.61801147 -0.061796 0.885746 -0.460039
46.31800079 -16.64500046 390.31799316 -0.009439 0.856263 -0.516454
46.61800003 -16.58399963 390.31799316 -0.054560 0.840788 -0.538608
46.01800156 -16.83799934 390.01800537 -0.025136 0.906235 0.422027
46.01800156 -16.69499969 390.31799316 0.045528 0.859511 -0.509085
59.21799850 21.70000076 375.61801147 -0.612194 -0.710145 0.347726
59.21799850 21.57099915 375.31799316 -0.608863 -0.739905 0.286054
58.91799927 21.78499985 375.31799316 -0.612566 -0.728327 0.307087
45.71799850 -16.54700089 390.44601440 0.072729 0.817129 -0.571848
45.71799850 -16.41799927 390.61801147 0.082114 0.883765 -0.460671
46.01800156 -16.48299980 390.61801147 0.014630 0.889764 -0.456187
58.31800079 21.88400078 374.41799927 -0.598872 -0.725463 0.339199
58.61800003 21.79000092 374.71798706 -0.594075 -0.715181 0.368228
58.31800079 22.17900085 375.01800537 -0.597601 -0.744998 0.296397
58.61800003 21.95999908 375.01800537 -0.602596 -0.731839 0.318261
58.31800079 22.03599930 374.71798706 -0.608747 -0.709933 0.354150
22.66399956 2.65300012 389.71798706 0.973478 0.190162 -0.127194
22.62199974 2.95300007 389.71798706 0.976272 0.166254 -0.138753
22.69799995 2.65300012 390.01800537 0.975189 0.193045 -0.108354
22.64999962 2.95300007 390.01800537 0.981559 0.168233 -0.090773
22.27099991 10.15299988 387.61801147 0.994568 -0.101531 0.022926
22.23699951 9.85299969 387.61801147 0.994733 -0.095838 0.036352
22.29500008 10.15299988 387.31799316 0.992360 -0.107742 0.060109
22.25600052 9.85299969 387.31799316 0.994540 -0.096032 0.040841
22.58200073 2.65300012 389.11801147 0.978268 0.178876 -0.104858
22.55699921 2.95300007 389.11801147 0.980469 0.174170 -0.091348
22.62500000 2.65300012 389.41799927 0.976873 0.179983 -0.115437
22.56200027 2.95300007 389.41799927 0.978329 0.166971 -0.122446
22.26399994 9.55300045 385.81799316 0.991372 -0.128532 0.025706
22.22699928 9.25300026 385.81799316 0.992314 -0.119435 0.032370
22.27300072 9.55300045 385.51800537 0.991323 -0.131221 0.007719
22.23399925 9.25300026 385.51800537 0.993384 -0.113310 0.018702
22.46699905 3.25300002 388.51800537 0.989470 0.138411 -0.042324
22.41900063 3.55299997 388.51800537 0.990143 0.134968 -0.037428
22.45199966 3.25300002 388.81799316 0.985243 0.162840 -0.052718
22.41600037 3.55299997 388.81799316 0.988811 0.146448 -0.028381
22.54400063 2.65300012 388.51800537 0.986370 0.142935 -0.081508
22.49300003 2.95300007 388.51800537 0.987196 0.148021 -0.059442
22.56299973 2.65300012 388.81799316 0.983059 0.158013 -0.092878
22.51300049 2.95300007 388.81799316 0.985677 0.154639 -0.067286
22.13800049 7.75299978 383.41799927 0.994980 -0.098739 0.016276
22.09600067 7.45300007 383.41799927 0.996132 -0.087863 -0.001059
22.13899994 7.75299978 383.11801147 0.993778 -0.108952 0.023111
22.09799957 7.45300007 383.11801147 0.993865 -0.109946 0.011974
22.38800049 3.25300002 387.91799927 0.982118 0.159033 -0.100761
22.34499931 3.55299997 387.91799927 0.982827 0.144213 -0.115128
22.43000031 3.25300002 388.21798706 0.983858 0.143304 -0.107177
22.39599991 3.55299997 388.21798706 0.982062 0.142734 -0.123215
22.36100006 3.25300002 387.31799316 0.984538 0.155955 -0.079763
22.37299919 3.25300002 387.61801147 0.983973 0.164985 -0.067656
22.31999969 3.55299997 387.61801147 0.986891 0.152636 -0.052432
22.30500031 3.55299997 387.31799316 0.986790 0.148662 -0.064381
22.21599960 3.85299993 386.71798706 0.992483 0.100950 -0.069190
22.18499947 4.15299988 386.71798706 0.995239 0.076217 -0.060753
22.24600029 3.85299993 387.01800537 0.989826 0.112559 -0.087030
22.21100044 4.15299988 387.01800537 0.993295 0.089272 -0.073452
54.11800003 -14.81900024 389.71798706 -0.439027 0.785713 -0.435787
22.32799911 3.25300002 387.01800537 0.984923 0.137961 -0.104371
22.29199982 3.25300002 386.71798706 0.986747 0.127054 -0.100931
22.25099945 3.55299997 386.71798706 0.988351 0.120759 -0.092621
22.27799988 3.55299997 387.01800537 0.985908 0.136767 -0.096331
22.18799973 3.85299993 386.11801147 0.994860 0.091646 -0.043063
22.17399979 4.15299988 386.11801147 0.994269 0.085924 -0.063606
22.19599915 3.85299993 386.41799927 0.995301 0.088886 -0.038407
22.18300056 4.15299988 386.41799927 0.996733 0.070192 -0.039956
22.06800079 4.45300007 384.91799927 0.997156 0.033274 -0.067622
22.06399918 4.75299978 384.91799927 0.997658 0.022264 -0.064673
22.09000015 4.45300007 385.21798706 0.997218 0.052712 -0.052712
22.08799934 4.75299978 385.21798706 0.998614 0.030388 -0.042962
22.05900002 4.45300007 384.31799316 0.998636 0.040868 -0.032484
22.04400063 4.75299978 384.31799316 0.998393 0.039008 -0.041116
22.04700089 4.45300007 384.61801147 0.998892 0.034301 -0.032222
22.04899979 4.75299978 384.61801147 0.998887 0.034373 -0.032289
67.86000061 8.95300007 385.21798706 -0.995297 -0.069593 0.067384
28.31800079 19.15299988 375.04501343 0.749645 -0.636202 0.182429
28.32200050 19.15299988 375.01800537 0.718076 -0.668660 0.193031
28.61800003 19.30500031 374.71798706 0.635986 -0.733346 0.240261
28.44899940 19.15299988 374.71798706 0.518339 -0.847534 0.114063
67.89800262 8.65299988 385.21798706 -0.993295 -0.106145 0.045810
67.84799957 8.95300007 384.91799927 -0.995403 -0.088699 0.036137
67.87400055 8.65299988 384.91799927 -0.994301 -0.096437 0.045447
63.34299850 -7.84700012 387.31799316 -0.787585 0.550836 -0.276207
63.26900101 -7.84700012 387.61801147 -0.798811 0.549669 -0.244470
63.11700058 -8.14700031 387.31799316 -0.780749 0.567104 -0.262344
63.02600098 -8.14700031 387.61801147 -0.797373 0.562943 -0.217465
21.95700073 5.05299997 381.91799927 0.996348 -0.066569 -0.053473
21.98200035 5.35300016 381.91799927 0.998043 -0.051860 -0.034926
21.96899986 5.05299997 382.21798706 0.998203 -0.039083 -0.045421
21.98500061 5.35300016 382.21798706 0.998660 -0.036600 -0.036600
21.98299980 5.65299988 381.91799927 0.999324 -0.021568 -0.029785
21.97999954 5.95300007 381.91799927 0.998614 -0.042962 -0.030388
22.00099945 5.65299988 382.21798706 0.999004 -0.025935 -0.036309
22.01199913 5.95300007 382.21798706 0.998549 -0.032482 -0.042960
21.94899940 5.05299997 381.31799316 0.997364 -0.072364 0.005244
21.96100044 5.35300016 381.31799316 0.997002 -0.077017 -0.007385
21.94000053 5.05299997 381.61801147 0.995518 -0.088321 -0.033802
21.97800064 5.35300016 381.61801147 0.998662 -0.046861 -0.021869
67.90799713 8.95300007 385.81799316 -0.996938 -0.042124 0.065886
67.86699677 8.95300007 385.51800537 -0.995934 -0.062589 0.064785
67.91100311 8.65299988 385.51800537 -0.994984 -0.089251 0.045176
22.28899956 0.25299999 382.81799316 0.930596 0.098597 -0.352519
67.92700195 8.65299988 385.81799316 -0.995266 -0.071960 0.065318
54.41799927 -14.65200043 389.71798706 -0.412287 0.838683 -0.355852
54.11800003 -14.64000034 390.01800537 -0.378448 0.809591 -0.448708
54.41799927 -14.51799965 390.01800537 -0.376983 0.831256 -0.408530
66.57299805 11.05300045 376.81799316 -0.893085 -0.449840 -0.006596
66.48899841 11.35299969 376.81799316 -0.943049 -0.326490 0.063737
66.62400055 11.05300045 377.11801147 -0.925095 -0.379559 -0.011580
66.48999786 11.35299969 377.11801147 -0.942107 -0.329672 0.061243
66.60199738 11.05300045 377.41799927 -0.939118 -0.335870 0.072443
66.51699829 11.35299969 377.41799927 -0.940101 -0.326702 0.097344
26.45499992 19.45299911 381.91799927 0.812315 -0.543073 0.212640
26.55200005 18.55299950 379.21798706 0.846783 -0.500304 0.180707
26.62299919 18.55299950 378.91799927 0.809942 -0.542523 0.222849
28.61800003 -7.32399988 394.21798706 0.712429 0.641986 -0.283371
28.80900002 -7.54699993 394.21798706 0.738200 0.617548 -0.271467
28.36000061 -7.24700022 393.91799927 0.721467 0.570271 -0.392780
28.67000008 -7.54699993 393.91799927 0.665607 0.625770 -0.406668
66.28600311 12.25300026 377.71798706 -0.929624 -0.322922 0.177537
66.15799713 12.55300045 377.71798706 -0.890594 -0.416967 0.181606
66.32700348 12.25300026 378.01800537 -0.931634 -0.325310 0.161963
28.43199921 -7.54699993 393.61801147 0.680035 0.647419 -0.344094
28.36899948 -7.54699993 393.31799316 0.762217 0.613793 -0.205628
66.20700073 12.55300045 378.01800537 -0.911902 -0.369613 0.178385
26.48800087 18.25300026 378.61801147 0.825244 -0.527366 0.202132
26.40200043 17.35300064 376.81799316 0.790342 -0.555587 0.258231
26.21100044 17.05299950 376.81799316 0.817446 -0.523845 0.239516
26.51700020 17.35300064 376.51800537 0.796307 -0.553207 0.244658
26.31500053 17.05299950 376.51800537 0.804448 -0.528458 0.271286
66.37500000 12.25300026 378.31799316 -0.929157 -0.334719 0.156943
66.26799774 12.55300045 378.31799316 -0.922010 -0.347689 0.170325
66.42700195 12.25300026 378.61801147 -0.922358 -0.337586 0.187862
66.30899811 12.55300045 378.61801147 -0.928001 -0.333522 0.166063
64.14499664 -3.64700007 394.81799316 -0.826893 0.518146 -0.218569
63.92300034 -3.94700003 394.81799316 -0.805639 0.549930 -0.220280
64.21299744 -3.64700007 394.51800537 -0.826750 0.506519 -0.244792
64.02600098 -3.94700003 394.51800537 -0.796041 0.548940 -0.254921
59.81800079 20.59600067 374.41799927 -0.646462 -0.698050 0.307916
59.81800079 20.45000076 374.11801147 -0.619885 -0.716995 0.318844
59.51800156 20.58099937 373.81799316 -0.627736 -0.720853 0.293800
59.81800079 20.33699989 373.81799316 -0.624590 -0.720927 0.300253
59.64099884 20.35300064 373.51800537 -0.662066 -0.703346 0.258793
59.81800079 20.19899940 373.51800537 -0.657007 -0.695560 0.290754
59.99200058 20.05299950 373.51800537 -0.652924 -0.694841 0.301474
66.64399719 -2.14700007 384.91799927 -0.938638 0.333236 -0.088952
66.62100220 -2.14700007 385.21798706 -0.937541 0.334741 -0.094688
64.31400299 -3.64700007 394.21798706 -0.837246 0.507192 -0.204391
64.12400055 -3.94700003 394.21798706 -0.819402 0.532535 -0.212099
64.17099762 -3.94700003 393.91799927 -0.835548 0.526855 -0.155830
64.22799683 -3.94700003 393.61801147 -0.844720 0.509208 -0.164787
64.29399872 -3.94700003 393.31799316 -0.838906 0.503343 -0.207081
64.40899658 -3.64700007 393.61801147 -0.838683 0.515768 -0.174913
64.49299622 -3.64700007 393.31799316 -0.808971 0.536736 -0.239752
64.60099792 -3.64700007 393.01800537 -0.835539 0.517524 -0.184509
64.36900330 -3.94700003 393.01800537 -0.819979 0.528771 -0.219172
64.61799622 -3.64700007 392.71798706 -0.861722 0.485539 -0.147266
64.44300079 -3.94700003 392.71798706 -0.841437 0.504260 -0.194178
66.16899872 -1.84700000 389.11801147 -0.914355 0.385504 -0.123862
66.13999939 -1.84700000 389.41799927 -0.919760 0.373696 -0.119969
64.68599701 -3.64700007 392.41799927 -0.849467 0.476973 -0.225616
64.52899933 -3.94700003 392.41799927 -0.850932 0.480437 -0.212356
64.79399872 -3.64700007 392.11801147 -0.853499 0.472823 -0.219039
64.60399628 -3.94700003 392.11801147 -0.836568 0.505585 -0.211040
42.41799927 26.65200043 375.01800537 0.181898 -0.909489 0.373822
42.11800003 26.59199905 375.01800537 0.123679 -0.915784 0.382156
42.41799927 26.55299950 374.71798706 0.173889 -0.917514 0.357675
42.11800003 26.47900009 374.71798706 0.122179 -0.926636 0.355554
27.71800041 18.51899910 375.01800537 0.702295 -0.699300 0.133271
27.51700020 18.25300026 375.01800537 0.766546 -0.635138 0.094906
27.97299957 19.45299911 376.81799316 0.735716 -0.631739 0.244188
28.09399986 19.45299911 376.51800537 0.688657 -0.675934 0.262421
60.90800095 -8.14700031 393.91799927 -0.700566 0.662440 -0.265294
61.18199921 -7.84700012 393.91799927 -0.729866 0.631706 -0.261232
60.79399872 -8.14700031 394.21798706 -0.674325 0.674325 -0.300952
61.07099915 -7.84700012 394.21798706 -0.720546 0.637834 -0.271994
28.53800011 20.35300064 377.41799927 0.702588 -0.647924 0.294219
28.70800018 20.35300064 377.11801147 0.708843 -0.638119 0.300575
65.38800049 -3.04699993 390.61801147 -0.902994 0.387409 -0.185784
65.26899719 -3.34699988 390.61801147 -0.884454 0.423893 -0.195079
65.45500183 -3.04699993 390.31799316 -0.904451 0.388441 -0.176303
65.31900024 -3.34699988 390.31799316 -0.895144 0.419644 -0.150384
28.62700081 20.65299988 378.01800537 0.727773 -0.632640 0.264789
28.72200012 20.65299988 377.71798706 0.722202 -0.643187 0.254430
28.91799927 21.08799934 378.31799316 0.720546 -0.637834 0.271994
28.66900063 20.95299911 378.61801147 0.714398 -0.654471 0.247595
28.39699936 20.65299988 378.61801147 0.728222 -0.622590 0.286487
28.50499916 20.65299988 378.31799316 0.726630 -0.627617 0.279473
29.38599968 22.45299911 380.41799927 0.675790 -0.672564 0.301605
29.43600082 22.75300026 381.01800537 0.675923 -0.669471 0.308118
29.21800041 22.53000069 381.01800537 0.653159 -0.710370 0.262217
65.37300110 -3.34699988 390.01800537 -0.882062 0.446083 -0.151582
65.42299652 -3.34699988 389.71798706 -0.881679 0.448776 -0.145744
65.98600006 -2.74699998 387.91799927 -0.900027 0.403362 -0.165077
66.11499786 -2.44700003 387.91799927 -0.901674 0.409080 -0.140135
65.91999817 -2.74699998 388.21798706 -0.900447 0.412646 -0.137549
66.07299805 -2.44700003 388.21798706 -0.897231 0.419466 -0.137926
53.51800156 -15.09099960 389.71798706 -0.322405 0.845730 -0.425201
65.47299957 -3.34699988 389.41799927 -0.891695 0.427956 -0.147423
65.61699677 -3.04699993 389.41799927 -0.898939 0.420630 -0.122391
65.63999939 -3.04699993 389.11801147 -0.905582 0.408837 -0.113023
65.52200317 -3.34699988 389.11801147 -0.908625 0.391429 -0.145550
53.81800079 -14.95899963 389.71798706 -0.371879 0.809195 -0.454873
65.79100037 14.65299988 380.11801147 -0.910427 -0.374714 0.175247
65.66400146 14.95300007 380.11801147 -0.904024 -0.397201 0.158026
65.84700012 14.65299988 380.41799927 -0.900361 -0.394540 0.183541
65.70200348 14.95300007 380.41799927 -0.901769 -0.397123 0.170605
65.68800354 -3.04699993 388.81799316 -0.906814 0.387003 -0.167082
65.56300354 -3.34699988 388.81799316 -0.912393 0.366956 -0.181336
65.76000214 -3.04699993 388.51800537 -0.915365 0.370941 -0.156557
65.64099884 -3.34699988 388.51800537 -0.916895 0.364786 -0.161971
53.51800156 -14.93900013 390.01800537 -0.373232 0.847971 -0.376355
53.81800079 -14.79500008 390.01800537 -0.422415 0.791421 -0.441836
58.91799927 -9.20499992 395.71798706 -0.588591 0.743398 -0.317678
59.21799850 -8.97000027 395.71798706 -0.615746 0.734097 -0.286282
58.91799927 -9.09300041 396.01800537 -0.579564 0.763755 -0.284225
59.21799850 -8.85900021 396.01800537 -0.626876 0.717120 -0.304575
66.11299896 -2.74699998 387.01800537 -0.917505 0.368403 -0.149882
65.57499695 15.25300026 380.41799927 -0.903512 -0.384749 0.188772
66.35099792 -2.44700003 386.41799927 -0.923966 0.349797 -0.154691
66.22399902 -2.74699998 386.41799927 -0.910346 0.377530 -0.169532
66.40100098 -2.44700003 386.11801147 -0.933907 0.337508 -0.117924
66.28700256 -2.74699998 386.11801147 -0.919025 0.374520 -0.122997
66.42299652 -2.44700003 385.81799316 -0.933678 0.343561 -0.101047
66.30999756 -2.74699998 385.81799316 -0.921980 0.377727 -0.085293
66.46499634 -2.44700003 385.51800537 -0.925055 0.355365 -0.134126
66.33599854 -2.74699998 385.51800537 -0.915570 0.383680 -0.120506
65.81199646 15.25300026 381.31799316 -0.891752 -0.402679 0.206465
65.66000366 15.55300045 381.31799316 -0.890089 -0.413621 0.191464
65.87100220 15.25300026 381.61801147 -0.907165 -0.388785 0.160926
57.71799850 -9.61499977 396.91799927 -0.523043 0.785365 -0.331101
58.01800156 -9.40799999 396.91799927 -0.567837 0.749027 -0.341349
65.72399902 15.55300045 381.61801147 -0.897003 -0.407467 0.171338
57.71799850 -9.47999954 397.21798706 -0.538598 0.781526 -0.314848
57.71799850 -9.37600040 397.51800537 -0.538649 0.791388 -0.289070
57.11800003 -9.77600002 397.51800537 -0.539238 0.784202 -0.307000
57.41799927 -9.57499981 397.51800537 -0.528924 0.792592 -0.303377
57.11800003 -9.64999962 397.81799316 -0.538130 0.775871 -0.329303
57.41799927 -9.45300007 397.81799316 -0.513185 0.799171 -0.312995
56.51800156 -9.93400002 398.11801147 -0.489413 0.801872 -0.342748
56.81800079 -9.73400021 398.11801147 -0.529663 0.774370 -0.346132
56.81800079 -9.60400009 398.41799927 -0.532395 0.781806 -0.324553
65.57700348 -2.74699998 390.31799316 -0.906424 0.385194 -0.173266
65.71800232 -2.44700003 390.31799316 -0.899068 0.410227 -0.152942
65.52500153 -2.74699998 390.61801147 -0.891657 0.416107 -0.178331
65.66300201 -2.44700003 390.61801147 -0.891106 0.429051 -0.147800
66.88700104 -1.84700000 383.41799927 -0.947171 0.311381 -0.076868
66.80999756 -2.14700007 383.41799927 -0.965948 0.232187 -0.114169
66.92800140 -1.84700000 383.11801147 -0.946171 0.293917 -0.135551
66.82900238 -2.14700007 383.11801147 -0.967775 0.199740 -0.153349
66.98600006 -1.84700000 382.81799316 -0.940017 0.186347 -0.285732
66.89600372 -2.14700007 382.81799316 -0.885470 0.185875 -0.425904
67.10700226 -1.84700000 382.51800537 -0.920341 -0.024804 -0.390329
67.12200165 -2.14700007 382.51800537 -0.798915 -0.112874 -0.590757
65.38200378 16.45299911 381.91799927 -0.883210 -0.427644 0.192513
66.86000061 -2.44700003 382.81799316 -0.897455 0.215214 -0.385042
65.23500061 16.75300026 381.91799927 -0.876035 -0.429837 0.218637
65.43199921 16.45299911 382.21798706 -0.889504 -0.416270 0.188417
65.30000305 16.75300026 382.21798706 -0.890112 -0.415191 0.187929
52.31800079 28.46299934 381.61801147 -0.304043 -0.869349 0.389603
52.31800079 28.31299973 381.31799316 -0.301828 -0.862585 0.406013
52.61800003 28.21800041 381.31799316 -0.303237 -0.870092 0.388570
52.61800003 28.34600067 381.61801147 -0.322893 -0.867680 0.377984
52.91799927 27.79999924 380.71798706 -0.292478 -0.898220 0.328110
53.21799850 27.71800041 380.71798706 -0.321766 -0.890468 0.321766
53.21799850 27.80900002 381.01800537 -0.323718 -0.886836 0.329740
58.61800003 -12.60900021 388.21798706 -0.585296 0.770457 -0.252635
58.31800079 -12.82299995 388.21798706 -0.586818 0.776717 -0.228812
58.65599823 -12.64700031 387.91799927 -0.597870 0.773986 -0.208559
58.61800003 -12.67300034 387.91799927 -0.595098 0.774400 -0.214854
54.71799850 26.72500038 380.11801147 -0.410826 -0.823238 0.391792
54.71799850 26.87000084 380.41799927 -0.415224 -0.832027 0.367860
55.01800156 26.72500038 380.41799927 -0.406749 -0.837054 0.365917
55.01800156 26.31699944 379.51800537 -0.392230 -0.836442 0.382779
54.71799850 26.45299911 379.51800537 -0.402851 -0.829398 0.387053
54.71799850 26.58699989 379.81799316 -0.402193 -0.834353 0.376957
55.01800156 26.44599915 379.81799316 -0.401021 -0.838213 0.369569
54.41799927 26.60000038 379.51800537 -0.443121 -0.817948 0.366885
55.31800079 26.16300011 379.51800537 -0.446046 -0.820661 0.357154
55.31800079 26.29899979 379.81799316 -0.451056 -0.814451 0.364989
55.61800003 26.10899925 379.81799316 -0.466237 -0.813131 0.348485
55.61800003 25.99699974 379.51800537 -0.445690 -0.829960 0.335449
57.11800003 24.51899910 378.31799316 -0.515904 -0.766533 0.382453
57.41799927 24.32299995 378.31799316 -0.528187 -0.778634 0.338746
57.41799927 24.45499992 378.61801147 -0.544778 -0.764629 0.344325
57.11800003 24.68400002 378.61801147 -0.534743 -0.767381 0.353803
67.38099670 2.65300012 390.91799927 -0.971673 0.227832 -0.062808
67.45300293 2.95300007 390.91799927 -0.974021 0.213569 -0.075305
67.36499786 2.65300012 391.21798706 -0.968200 0.237341 -0.079114
67.43199921 2.95300007 391.21798706 -0.976415 0.206010 -0.064607
67.41500092 2.65300012 390.31799316 -0.962722 0.246158 -0.112124
67.50599670 2.95300007 390.31799316 -0.968409 0.227189 -0.102806
67.39700317 2.65300012 390.61801147 -0.969580 0.238381 -0.055581
67.47399902 2.95300007 390.61801147 -0.970454 0.229877 -0.073312
67.32299805 2.35299993 390.91799927 -0.972806 0.220700 -0.070279
33.41799927 26.09300041 381.31799316 0.495977 -0.806557 0.321672
33.41799927 26.19499969 381.61801147 0.491380 -0.798692 0.347327
22.54599953 0.25299999 384.31799316 0.972194 0.205535 -0.112225
22.47299957 0.55299997 384.31799316 0.975189 0.193045 -0.108354
22.58200073 0.25299999 384.61801147 0.964982 0.226067 -0.133056
22.51399994 0.55299997 384.61801147 0.972284 0.193950 -0.130567
67.25700378 2.05299997 390.91799927 -0.962363 0.253118 -0.098935
67.20999908 2.05299997 391.21798706 -0.957587 0.267082 -0.108136
67.28800201 2.35299993 391.21798706 -0.968498 0.229148 -0.097483
67.63099670 11.35299969 385.81799316 -0.979553 -0.191573 0.061448
67.68499756 11.05300045 385.81799316 -0.986047 -0.143576 0.084247
22.41699982 0.85299999 384.31799316 0.978268 0.178876 -0.104858
22.36700058 1.15300000 384.31799316 0.982682 0.160364 -0.092842
22.46800041 0.85299999 384.61801147 0.975573 0.174075 -0.134000
22.40800095 1.15300000 384.61801147 0.976760 0.173397 -0.125993
67.61199951 11.35299969 385.51800537 -0.972708 -0.188470 0.135344
67.65100098 11.05300045 385.51800537 -0.982149 -0.135427 0.130547
67.60700226 10.75300026 384.61801147 -0.979436 -0.185692 0.078889
67.66899872 10.45300007 384.61801147 -0.990034 -0.123322 0.068000
67.07700348 1.45299995 390.91799927 -0.952229 0.279444 -0.123167
67.16000366 1.75300002 390.91799927 -0.955928 0.266923 -0.122285
67.03600311 1.45299995 391.21798706 -0.955902 0.277016 -0.097541
67.11000061 1.75300002 391.21798706 -0.952052 0.285747 -0.109295
22.61899948 0.25299999 384.91799927 0.963757 0.227608 -0.139166
22.55599976 0.55299997 384.91799927 0.972571 0.196032 -0.125207
22.66600037 0.25299999 385.21798706 0.966676 0.226625 -0.119074
22.59600067 0.55299997 385.21798706 0.972260 0.195969 -0.127696
22.50200081 0.85299999 384.91799927 0.976031 0.185733 -0.113434
22.44700050 1.15300000 384.91799927 0.975967 0.187734 -0.110651
22.53499985 0.85299999 385.21798706 0.973627 0.187672 -0.129733
22.46999931 1.15300000 385.21798706 0.974273 0.194353 -0.114104
22.28100014 4.75299978 388.81799316 0.991666 0.108410 -0.069611
22.31299973 4.45300007 388.81799316 0.990258 0.129363 -0.051516
22.25200081 4.75299978 388.51800537 0.991535 0.110933 -0.067475
22.29899979 4.45300007 388.51800537 0.990321 0.116712 -0.075112
67.00399780 1.45299995 391.51800537 -0.957457 0.270783 -0.099762
67.09300232 1.75300002 391.51800537 -0.955212 0.281250 -0.092022
66.97399902 1.45299995 391.81799316 -0.954016 0.281363 -0.103384
67.06300354 1.75300002 391.81799316 -0.955011 0.273796 -0.113973
64.88300323 18.85300064 384.91799927 -0.869268 -0.448799 0.207252
64.73100281 19.15299988 384.91799927 -0.872358 -0.439907 0.213243
64.78399658 19.15299988 385.21798706 -0.880839 -0.435290 0.186134
22.58200073 0.85299999 385.51800537 0.973787 0.190222 -0.124715
22.52400017 1.15300000 385.51800537 0.969785 0.214802 -0.115662
67.57599640 10.75300026 384.31799316 -0.980248 -0.174131 0.093763
22.61800003 0.85299999 385.81799316 0.978567 0.182944 -0.094542
22.54999924 1.15300000 385.81799316 0.970363 0.220251 -0.099428
67.62799835 10.45300007 384.31799316 -0.985237 -0.137670 0.101756
22.89100075 2.35299993 391.21798706 0.961918 0.238201 -0.134070
22.85000038 2.35299993 390.91799927 0.965282 0.241002 -0.100736
22.69599915 0.25299999 385.51800537 0.970506 0.218332 -0.102225
22.63699913 0.55299997 385.51800537 0.973991 0.194297 -0.116578
22.72999954 0.25299999 385.81799316 0.971985 0.211955 -0.101588
22.66500092 0.55299997 385.81799316 0.975719 0.194648 -0.100423
64.71099854 19.45299911 385.51800537 -0.868401 -0.460090 0.184924
64.54000092 19.75300026 385.51800537 -0.848074 -0.490832 0.199635
22.84000015 2.35299993 390.61801147 0.967263 0.240244 -0.081758
22.91200066 2.05299997 390.61801147 0.971535 0.222669 -0.080858
22.80699921 2.35299993 390.31799316 0.964679 0.242130 -0.103770
64.77500153 19.45299911 385.81799316 -0.840786 -0.518657 0.155154
22.87800026 2.05299997 390.31799316 0.970173 0.211789 -0.117943
64.59500122 19.75300026 385.81799316 -0.862199 -0.460339 0.211426
22.76899910 2.35299993 390.01800537 0.965717 0.223056 -0.132802
22.84300041 2.05299997 390.01800537 0.967563 0.210004 -0.140432
22.72200012 2.35299993 389.71798706 0.969059 0.208661 -0.131853
22.78499985 2.05299997 389.71798706 0.969415 0.203616 -0.137024
66.81800079 0.85299999 391.51800537 -0.945744 0.304607 -0.113064
66.92099762 1.15300000 391.51800537 -0.948357 0.297602 -0.109782
66.78199768 0.85299999 391.81799316 -0.946304 0.303932 -0.110159
66.87899780 1.15300000 391.81799316 -0.948932 0.298762 -0.101342
67.32099915 13.45300007 387.01800537 -0.971311 -0.201880 0.125699
22.63699913 0.85299999 386.11801147 0.977418 0.192540 -0.087072
22.58600044 1.15300000 386.11801147 0.973963 0.207729 -0.090804
22.65900040 0.85299999 386.41799927 0.974463 0.191883 -0.116635
22.60000038 1.15300000 386.41799927 0.974463 0.191883 -0.116635
65.86000061 -3.94700003 385.51800537 -0.900002 0.409351 -0.149763
65.98699951 -3.64700007 385.51800537 -0.927568 0.333366 -0.168775
65.83200073 -3.94700003 385.81799316 -0.909677 0.406277 -0.086180
65.94699860 -3.64700007 385.81799316 -0.935353 0.342918 -0.086730
22.70700073 0.85299999 386.71798706 0.965633 0.216457 -0.143873
22.65600014 1.15300000 386.71798706 0.971454 0.201383 -0.125390
22.75399971 0.85299999 387.01800537 0.968589 0.215667 -0.123785
22.67600060 1.15300000 387.01800537 0.968996 0.219707 -0.113028
22.83200073 0.55299997 387.01800537 0.971993 0.203499 -0.117549
22.87599945 0.25299999 387.01800537 0.969564 0.221217 -0.104920
22.77000046 0.55299997 386.71798706 0.964715 0.222027 -0.141526
22.85300064 0.25299999 386.71798706 0.966344 0.213449 -0.143593
22.79400063 0.85299999 387.31799316 0.972735 0.217406 -0.080751
22.71800041 1.15300000 387.31799316 0.969818 0.221275 -0.102419
22.80299950 0.85299999 387.61801147 0.972604 0.211545 -0.096384
22.74699974 1.15300000 387.61801147 0.971175 0.221233 -0.088743
22.73299980 0.55299997 386.41799927 0.965730 0.227609 -0.124735
22.80500031 0.25299999 386.41799927 0.965969 0.218539 -0.138365
22.69400024 0.55299997 386.11801147 0.972879 0.209100 -0.098916
22.76799965 0.25299999 386.11801147 0.971447 0.210417 -0.109618
22.74099922 -0.04700000 385.21798706 0.967267 0.230666 -0.105775
22.79999924 -0.34700000 385.21798706 0.971948 0.214456 -0.096568
22.70299911 -0.04700000 384.91799927 0.963529 0.230155 -0.136532
22.77599907 -0.34700000 384.91799927 0.968652 0.218234 -0.118689
22.64900017 -0.04700000 384.61801147 0.962642 0.230565 -0.141986
22.72200012 -0.34700000 384.61801147 0.960159 0.233125 -0.154100
22.61100006 -0.04700000 384.31799316 0.968538 0.211108 -0.131783
22.67799950 -0.34700000 384.31799316 0.962871 0.226020 -0.147631
65.59400177 -4.54699993 385.51800537 -0.916242 0.390730 -0.088493
65.70500183 -4.24700022 385.51800537 -0.909109 0.404202 -0.100706
22.84499931 0.85299999 387.91799927 0.961134 0.227464 -0.156464
22.77499962 1.15300000 387.91799927 0.965194 0.232623 -0.119525
65.57199860 -4.54699993 385.81799316 -0.905649 0.401415 -0.136622
22.90399933 0.85299999 388.21798706 0.961275 0.247778 -0.120646
22.81699944 1.15300000 388.21798706 0.962572 0.244196 -0.117576
65.70300293 -4.24700022 385.81799316 -0.906189 0.413904 -0.086631
22.70400047 1.45299995 387.91799927 0.970603 0.220305 -0.096934
22.64900017 1.75300002 387.91799927 0.975980 0.206434 -0.069626
22.73500061 1.45299995 388.21798706 0.969271 0.219769 -0.110520
22.66799927 1.75300002 388.21798706 0.971712 0.210475 -0.107128
32.21799850 24.40900040 379.21798706 0.530986 -0.773077 0.346997
32.21799850 24.25399971 378.91799927 0.557999 -0.769047 0.311776
32.81800079 24.79800034 379.21798706 0.544017 -0.771894 0.328978
32.51800156 24.59000015 379.21798706 0.527202 -0.788413 0.316958
32.81800079 24.70000076 378.91799927 0.540974 -0.775343 0.325869
32.51800156 24.48399925 378.91799927 0.536015 -0.779222 0.324809
23.87700081 13.45300007 378.91799927 0.915120 -0.384656 0.120812
24.01099968 13.75300026 378.91799927 0.908676 -0.394649 0.136231
23.85199928 13.45300007 379.21798706 0.917790 -0.382756 0.105635
23.97699928 13.75300026 379.21798706 0.916541 -0.381314 0.120634
33.11800003 25.38100052 380.11801147 0.530389 -0.772208 0.349831
32.81800079 25.80400085 381.61801147 0.527990 -0.786402 0.320622
32.51800156 25.60000038 381.61801147 0.548608 -0.775728 0.311891
32.81800079 25.67600060 381.31799316 0.541175 -0.772419 0.332413
32.51800156 25.45499992 381.31799316 0.560539 -0.757616 0.334385
33.11800003 26.00200081 381.61801147 0.522812 -0.800802 0.292206
33.11800003 25.88500023 381.31799316 0.530310 -0.780245 0.331644
22.77400017 1.45299995 388.51800537 0.969534 0.217287 -0.113091
22.71400070 1.75300002 388.51800537 0.968571 0.209109 -0.134702
22.80200005 1.45299995 388.81799316 0.970216 0.214335 -0.112875
22.75399971 1.75300002 388.81799316 0.973760 0.201252 -0.106251
22.92099953 0.85299999 388.51800537 0.961976 0.255585 -0.096326
22.97200012 0.85299999 388.81799316 0.953355 0.260006 -0.153337
22.84700012 1.15300000 388.51800537 0.960257 0.259773 -0.102100
22.87500000 1.15300000 388.81799316 0.953360 0.269169 -0.136573
65.70300293 -1.54700005 392.71798706 -0.888976 0.414465 -0.194784
65.86299896 -1.24699998 392.71798706 -0.877370 0.433506 -0.205657
65.64399719 -1.54700005 393.01800537 -0.900904 0.404050 -0.158479
65.79100037 -1.24699998 393.01800537 -0.892121 0.423793 -0.156588
22.84199905 1.45299995 389.11801147 0.966769 0.224681 -0.121970
22.77899933 1.75300002 389.11801147 0.972098 0.207498 -0.109408
22.88299942 1.45299995 389.41799927 0.967581 0.225641 -0.113458
22.81200027 1.75300002 389.41799927 0.967892 0.218639 -0.124023
65.64299774 -4.24700022 386.11801147 -0.866146 0.459072 -0.197594
65.56900024 -4.24700022 386.41799927 -0.876778 0.449367 -0.171257
22.85300064 1.75300002 389.71798706 0.970383 0.202748 -0.131340
22.89599991 1.75300002 390.01800537 0.969224 0.201015 -0.142119
22.34499931 -0.04700000 382.81799316 0.903886 0.125110 -0.409068
22.92499924 1.45299995 389.71798706 0.968996 0.219707 -0.113028
22.94400024 1.45299995 390.01800537 0.963978 0.217841 -0.152619
65.49099731 -4.54699993 386.11801147 -0.882993 0.414042 -0.221119
65.43299866 -4.54699993 386.41799927 -0.897062 0.420897 -0.134630
23.00900078 1.45299995 390.31799316 0.961730 0.228983 -0.150475
22.93799973 1.75300002 390.31799316 0.970069 0.200660 -0.136755
23.05200005 1.45299995 390.61801147 0.964509 0.244002 -0.100922
22.97500038 1.75300002 390.61801147 0.969211 0.226191 -0.097300
65.59200287 -1.54700005 393.31799316 -0.888049 0.427364 -0.169497
65.76000214 -1.24699998 393.31799316 -0.888033 0.433222 -0.154002
65.54299927 -1.54700005 393.61801147 -0.888094 0.425878 -0.172967
65.69200134 -1.24699998 393.61801147 -0.882832 0.437780 -0.170167
23.07999992 1.45299995 390.91799927 0.960616 0.252794 -0.115378
22.99500084 1.75300002 390.91799927 0.967530 0.232055 -0.100177
23.11499977 1.45299995 391.21798706 0.953019 0.271723 -0.133873
23.03700066 1.75300002 391.21798706 0.964986 0.230617 -0.124971
67.42600250 1.75300002 387.61801147 -0.975400 0.207349 -0.074842
67.36399841 1.45299995 387.61801147 -0.974976 0.208307 -0.077653
67.46099854 1.75300002 387.31799316 -0.971830 0.224078 -0.073042
67.39199829 1.45299995 387.31799316 -0.972806 0.220700 -0.070279
65.58899689 -1.84700000 392.71798706 -0.894805 0.411986 -0.172022
22.93000031 2.05299997 390.91799927 0.968889 0.228643 -0.094741
65.53099823 -1.84700000 393.01800537 -0.889991 0.418048 -0.182077
22.97500038 2.05299997 391.21798706 0.965207 0.223535 -0.135672
65.30200195 -2.14700007 393.31799316 -0.874210 0.455409 -0.168399
65.45800018 -1.84700000 393.31799316 -0.884833 0.430026 -0.179299
65.24700165 -2.14700007 393.61801147 -0.885650 0.433403 -0.166693
65.40599823 -1.84700000 393.61801147 -0.880839 0.435290 -0.186134
23.01499939 2.05299997 391.51800537 0.965469 0.230118 -0.122130
22.94300079 2.35299993 391.51800537 0.964888 0.237689 -0.111778
23.03800011 2.05299997 391.81799316 0.963405 0.227525 -0.141715
22.96800041 2.35299993 391.81799316 0.964507 0.224576 -0.138899
55.91799927 25.54400063 378.91799927 -0.467183 -0.790494 0.396055
23.78700066 -3.64700007 385.21798706 0.925830 0.342124 -0.160589
23.93600082 -3.94700003 385.21798706 0.912501 0.377733 -0.157035
23.76300049 -3.64700007 384.91799927 0.916067 0.351895 -0.192331
23.84900093 -3.94700003 384.91799927 0.891196 0.184636 -0.414341
23.15500069 1.45299995 391.51800537 0.949033 0.280549 -0.143630
23.06900024 1.75300002 391.51800537 0.961454 0.241342 -0.131760
23.21199989 1.45299995 391.81799316 0.943568 0.287291 -0.164750
23.12500000 1.75300002 391.81799316 0.953448 0.267285 -0.139626
23.02700043 2.35299993 392.11801147 0.945078 0.232486 -0.229735
23.26499939 1.45299995 392.11801147 0.944848 0.297876 -0.136134
23.16699982 1.75300002 392.11801147 0.945305 0.308915 -0.104739
23.29999924 1.45299995 392.41799927 0.955320 0.284920 -0.078643
64.98600006 -2.74699998 393.31799316 -0.871485 0.455650 -0.181375
65.15299988 -2.44700003 393.31799316 -0.882062 0.446083 -0.151582
64.93299866 -2.74699998 393.61801147 -0.865024 0.475690 -0.159539
65.11100006 -2.44700003 393.61801147 -0.880112 0.453740 -0.139723
55.91799927 25.69799995 379.21798706 -0.486210 -0.794303 0.364256
67.83699799 3.25300002 381.31799316 -0.998813 0.034442 -0.034442
67.87000275 3.55299997 381.31799316 -0.996039 0.088608 -0.007473
67.84100342 3.25300002 381.61801147 -0.996210 0.077133 -0.040196
67.88300323 3.55299997 381.61801147 -0.993649 0.112098 0.009795
67.92299652 4.15299988 381.61801147 -0.999189 -0.013350 0.037996
67.89800262 3.85299993 381.31799316 -0.997827 0.065688 0.005213
67.90599823 4.15299988 381.31799316 -0.998854 -0.044509 0.017596
67.90399933 3.85299993 381.61801147 -0.997713 0.064539 0.020102
56.21799850 25.51899910 379.21798706 -0.490832 -0.797802 0.350137
67.83200073 3.25300002 381.91799927 -0.993778 0.108952 -0.023111
67.87799835 3.55299997 381.91799927 -0.993384 0.113310 -0.018702
67.83000183 3.25300002 382.21798706 -0.994175 0.107332 0.009757
67.87100220 3.55299997 382.21798706 -0.991695 0.128492 -0.005491
67.91999817 4.15299988 381.91799927 -0.999875 0.008990 0.012985
67.91899872 4.15299988 382.21798706 -0.999476 0.013245 -0.029546
67.91200256 3.85299993 381.91799927 -0.997196 0.073121 -0.015896
67.89299774 3.85299993 382.21798706 -0.998042 0.059946 -0.017879
67.82599640 3.25300002 382.51800537 -0.998073 0.057966 0.022133
67.87200165 3.55299997 382.51800537 -0.992653 0.120949 0.003269
67.83799744 3.25300002 382.81799316 -0.998858 0.021782 0.042527
67.85500336 3.55299997 382.81799316 -0.993465 0.114004 0.005429
67.85199738 3.25300002 383.11801147 -0.999720 0.005024 0.023109
67.86799622 3.55299997 383.11801147 -0.996247 0.082931 0.024772
67.87000275 3.25300002 383.41799927 -0.998450 0.045145 -0.032547
67.87300110 3.55299997 383.41799927 -0.997818 0.065825 -0.005224
67.84700012 3.25300002 383.71798706 -0.993691 0.107456 -0.032126
67.87799835 3.55299997 383.71798706 -0.997844 0.065552 0.003122
67.85500336 3.25300002 384.01800537 -0.987454 0.157223 -0.014704
67.89299774 3.55299997 384.01800537 -0.996780 0.079615 0.009554
65.09600067 -5.14699984 386.71798706 -0.860738 0.481131 -0.166262
65.25299835 -4.84700012 386.71798706 -0.890796 0.444701 -0.093401
67.77799988 2.65300012 383.71798706 -0.987798 0.121267 -0.097720
65.01999664 -5.14699984 387.01800537 -0.841437 0.504260 -0.194178
67.81099701 2.95300007 383.71798706 -0.989418 0.130460 -0.063498
67.76100159 2.65300012 384.01800537 -0.991841 0.118749 -0.046369
67.78700256 2.95300007 384.01800537 -0.989873 0.137514 -0.035231
65.22899628 -4.84700012 387.01800537 -0.854291 0.488803 -0.176801
67.75299835 2.65300012 384.31799316 -0.992212 0.124164 -0.009889
64.30599976 -3.34699988 394.81799316 -0.831579 0.508102 -0.224297
67.77799988 2.95300007 384.31799316 -0.989449 0.143284 -0.021436
67.74900055 2.65300012 384.61801147 -0.989449 0.143284 -0.021436
67.78399658 2.95300007 384.61801147 -0.986605 0.163122 -0.001125
67.71800232 2.65300012 384.91799927 -0.986024 0.166413 -0.007924
67.80100250 2.95300007 384.91799927 -0.986102 0.166045 0.005648
67.74400330 2.65300012 385.21798706 -0.986201 0.163794 -0.024054
67.79199982 2.95300007 385.21798706 -0.984607 0.169357 -0.043215
67.72100067 2.65300012 385.51800537 -0.991348 0.125187 -0.039473
67.75900269 2.95300007 385.51800537 -0.989988 0.123604 -0.068156
67.73600006 2.65300012 385.81799316 -0.994057 0.100846 -0.041003
67.72799683 2.95300007 385.81799316 -0.991807 0.120732 -0.041748
67.63999939 2.05299997 385.51800537 -0.985100 0.170873 -0.019496
67.68199921 2.35299993 385.51800537 -0.985757 0.167522 -0.014815
67.62000275 2.05299997 385.81799316 -0.981518 0.184406 -0.051158
67.68499756 2.35299993 385.81799316 -0.986317 0.159158 -0.042984
67.51699829 2.05299997 387.31799316 -0.974663 0.208768 -0.080295
67.58599854 2.35299993 387.31799316 -0.981090 0.185224 -0.056165
67.50199890 2.05299997 387.61801147 -0.972367 0.221724 -0.073082
67.56300354 2.35299993 387.61801147 -0.975848 0.212141 -0.052126
63.85599899 -3.94700003 395.11801147 -0.807525 0.546041 -0.223031
64.06099701 -3.64700007 395.11801147 -0.820734 0.530344 -0.212443
63.75999832 -3.94700003 395.41799927 -0.797605 0.556000 -0.233861
63.98099899 -3.64700007 395.41799927 -0.807458 0.541907 -0.233128
67.47499847 2.05299997 387.91799927 -0.968200 0.237341 -0.079114
67.55100250 2.35299993 387.91799927 -0.971461 0.226468 -0.070539
67.44499969 2.05299997 388.21798706 -0.964182 0.252132 -0.082355
67.52600098 2.35299993 388.21798706 -0.968150 0.239219 -0.073895
67.42199707 2.05299997 388.51800537 -0.960642 0.257292 -0.104727
67.50900269 2.35299993 388.51800537 -0.964931 0.243463 -0.098150
67.38500214 2.05299997 388.81799316 -0.961164 0.260503 -0.091112
67.46099854 2.35299993 388.81799316 -0.965700 0.240471 -0.097970
67.34300232 1.75300002 388.51800537 -0.973985 0.198798 -0.108776
67.35700226 1.45299995 387.91799927 -0.976011 0.202568 -0.079800
67.40100098 1.75300002 387.91799927 -0.975895 0.203055 -0.079991
67.32700348 1.45299995 388.21798706 -0.974982 0.201934 -0.092914
67.37100220 1.75300002 388.21798706 -0.976181 0.196223 -0.092558
37.91799927 25.36599922 374.41799927 0.303207 -0.891698 0.336067
38.21799850 25.37199974 374.11801147 0.294972 -0.899739 0.321653
37.91799927 25.26700020 374.11801147 0.354487 -0.882447 0.309234
38.81800079 25.65500069 374.41799927 0.269636 -0.892331 0.361997
38.51800156 25.57999992 374.41799927 0.280581 -0.906378 0.315837
38.81800079 25.54299927 374.11801147 0.219831 -0.915242 0.337648
38.51800156 25.47800064 374.11801147 0.271530 -0.894715 0.354622
38.21799850 25.46500015 374.41799927 0.301458 -0.898434 0.319278
38.21799850 25.70700073 375.01800537 0.271391 -0.871786 0.407844
37.91799927 25.63199997 375.01800537 0.293335 -0.873926 0.387567
38.21799850 25.57399940 374.71798706 0.271530 -0.894715 0.354622
37.91799927 25.50099945 374.71798706 0.290799 -0.881437 0.372162
67.22100067 1.45299995 389.11801147 -0.980497 0.180141 -0.078585
67.28800201 1.75300002 389.11801147 -0.973016 0.222088 -0.062577
67.20500183 1.45299995 389.41799927 -0.974317 0.216379 -0.062346
67.27799988 1.75300002 389.41799927 -0.969711 0.240899 -0.040354
67.36599731 2.05299997 389.11801147 -0.964828 0.258856 -0.045826
67.44899750 2.35299993 389.11801147 -0.968855 0.241286 -0.055681
67.34300232 2.05299997 389.41799927 -0.964888 0.261145 -0.028199
67.43800354 2.35299993 389.41799927 -0.970010 0.242201 -0.020485
39.11800003 26.63500023 376.51800537 0.287712 -0.881213 0.375080
39.71799850 27.21299934 377.41799927 0.213475 -0.887761 0.407810
40.01800156 27.14599991 377.11801147 0.196426 -0.897741 0.394307
39.71799850 27.07500076 377.11801147 0.217109 -0.887637 0.406157
40.01800156 27.27499962 377.41799927 0.171047 -0.901231 0.398152
45.41799927 25.28700066 371.41799927 -0.001201 -0.964763 0.263117
45.11800003 25.29000092 371.41799927 -0.046416 -0.959679 0.277241
45.41799927 25.21400070 371.11801147 0.040324 -0.987367 0.153232
45.11800003 25.24200058 371.11801147 -0.044376 -0.996831 0.066022
67.18399811 1.45299995 389.71798706 -0.968933 0.230578 -0.089459
67.26699829 1.75300002 389.71798706 -0.968119 0.242340 -0.063381
67.17099762 1.45299995 390.01800537 -0.970748 0.219768 -0.096698
67.22000122 1.75300002 390.01800537 -0.963002 0.253824 -0.090560
67.15000153 1.45299995 390.31799316 -0.970384 0.231752 -0.068162
67.17199707 1.75300002 390.31799316 -0.967057 0.245820 -0.066134
67.12000275 1.45299995 390.61801147 -0.961541 0.256154 -0.099115
67.19599915 1.75300002 390.61801147 -0.962429 0.261791 -0.072087
53.51800156 -14.82199955 390.31799316 -0.448621 0.812627 -0.371989
57.11800003 25.45800018 380.41799927 -0.522184 -0.774385 0.357284
56.21799850 25.37999916 378.91799927 -0.478961 -0.791817 0.378976
64.32199860 -6.34700012 387.31799316 -0.848158 0.486599 -0.209403
64.47499847 -6.04699993 387.31799316 -0.860874 0.461236 -0.214843
64.40499878 -6.04699993 387.61801147 -0.858748 0.484611 -0.166447
58.01800156 24.96699905 380.71798706 -0.560990 -0.763525 0.319877
57.71799850 25.18300056 380.71798706 -0.562055 -0.753186 0.341768
58.01800156 25.08300018 381.01800537 -0.570081 -0.759572 0.313143
57.71799850 25.31299973 381.01800537 -0.587453 -0.739576 0.328521
64.23799896 -6.34700012 387.61801147 -0.852247 0.493562 -0.173414
58.91799927 24.55200005 381.31799316 -0.556832 -0.765443 0.322545
59.26499939 24.25300026 381.31799316 -0.649408 -0.662561 0.373204
59.43099976 24.25300026 381.61801147 -0.654054 -0.673626 0.344153
59.21799850 24.46500015 381.61801147 -0.608912 -0.725203 0.321415
58.91799927 24.65200043 381.61801147 -0.545817 -0.776308 0.315325
59.51800156 24.31500053 381.91799927 -0.643977 -0.705002 0.297096
59.71599960 24.25300026 382.21798706 -0.634661 -0.705718 0.314908
59.51800156 24.42399979 382.21798706 -0.614057 -0.732700 0.293401
59.81800079 24.02400017 381.91799927 -0.655478 -0.684610 0.318837
63.95100021 -6.94700003 387.31799316 -0.830658 0.513637 -0.214904
64.13200378 -6.64699984 387.31799316 -0.834563 0.506211 -0.217382
63.87699890 -6.94700003 387.61801147 -0.810630 0.535788 -0.236241
64.06199646 -6.64699984 387.61801147 -0.838192 0.514311 -0.181433
60.41799927 23.72699928 382.51800537 -0.666464 -0.663205 0.340565
60.11800003 23.99900055 382.51800537 -0.652625 -0.678665 0.336891
60.65000153 23.65299988 382.81799316 -0.682294 -0.669451 0.293788
60.41799927 23.89299965 382.81799316 -0.665999 -0.675721 0.315985
60.11800003 24.17000008 382.81799316 -0.636606 -0.695219 0.333770
61.01800156 23.38699913 383.11801147 -0.677161 -0.683535 0.272458
61.17800140 23.35300064 383.41799927 -0.676577 -0.679776 0.283107
61.01800156 23.51600075 383.41799927 -0.669230 -0.685279 0.287271
61.35900116 23.05299950 383.11801147 -0.717825 -0.634692 0.286171
61.45100021 23.05299950 383.41799927 -0.740064 -0.619625 0.261479
64.19699860 -6.34700012 387.91799927 -0.839527 0.519707 -0.158429
64.12100220 -6.34700012 388.21798706 -0.805022 0.545437 -0.233317
63.77099991 -6.94700003 387.91799927 -0.788844 0.560782 -0.251493
63.99399948 -6.64699984 387.91799927 -0.800710 0.556948 -0.220619
63.90399933 -6.64699984 388.21798706 -0.800009 0.564443 -0.203444
61.91799927 23.06500053 384.61801147 -0.791404 -0.594671 0.141588
62.27299881 22.45299911 384.31799316 -0.731966 -0.606486 0.310482
62.05099869 22.75300026 384.31799316 -0.789659 -0.565377 0.238300
62.42699814 22.45299911 384.61801147 -0.754545 -0.532908 0.382977
63.68899918 -6.94700003 388.21798706 -0.800504 0.564792 -0.200509
63.34799957 -7.54699993 387.91799927 -0.820927 0.531546 -0.208659
63.56600189 -7.24700022 387.91799927 -0.792566 0.563017 -0.234203
63.30500031 -7.54699993 388.21798706 -0.813549 0.544910 -0.203006
63.48899841 -7.24700022 388.21798706 -0.814392 0.542419 -0.206272
63.20999908 -7.54699993 388.51800537 -0.794769 0.570327 -0.207531
63.39799881 -7.24700022 388.51800537 -0.823419 0.537405 -0.182146
63.13000107 -7.54699993 388.81799316 -0.784286 0.592402 -0.184269
63.36800003 -7.24700022 388.81799316 -0.815389 0.559930 -0.147037
63.61199951 -6.94700003 388.51800537 -0.792972 0.575173 -0.200927
63.55300140 -6.94700003 388.81799316 -0.826572 0.546628 -0.134079
56.81800079 24.99500084 378.91799927 -0.505377 -0.790955 0.344940
63.30099869 -7.24700022 389.11801147 -0.786627 0.572516 -0.231178
63.19300079 -7.24700022 389.41799927 -0.781723 0.557471 -0.279525
56.51800156 25.19099998 378.91799927 -0.495904 -0.791200 0.357886
56.81800079 25.12500000 379.21798706 -0.499454 -0.791738 0.351705
56.51800156 25.32099915 379.21798706 -0.509047 -0.788461 0.345253
53.81800079 -14.60400009 390.31799316 -0.448708 0.809591 -0.378448
53.51800156 -14.68700027 390.61801147 -0.449249 0.810567 -0.375707
53.81800079 -14.52099991 390.61801147 -0.414455 0.849089 -0.327528
25.69300079 -5.74700022 389.11801147 0.809329 0.513885 -0.284444
25.48999977 -5.44700003 389.11801147 0.838057 0.493064 -0.233557
25.79500008 -5.74700022 389.41799927 0.815545 0.517288 -0.259421
25.62000084 -5.44700003 389.41799927 0.812197 0.511731 -0.280122
25.53199959 -4.54699993 390.91799927 0.878493 0.431099 -0.205920
25.41300011 -4.24700022 390.91799927 0.867326 0.456722 -0.197863
25.60199928 -4.54699993 391.21798706 0.869292 0.454638 -0.193999
25.43600082 -4.24700022 391.21798706 0.871016 0.455404 -0.184225
25.87500000 -4.54699993 392.11801147 0.847210 0.476080 -0.235759
25.70000076 -4.24700022 392.11801147 0.827714 0.499723 -0.255276
25.78700066 -4.24700022 392.41799927 0.839080 0.486268 -0.243901
25.71199989 -3.94700003 392.71798706 0.837480 0.500056 -0.220389
25.51499939 -3.64700007 392.71798706 0.824607 0.521690 -0.218773
25.77499962 -3.94700003 393.01800537 0.846609 0.486157 -0.216574
25.57999992 -3.64700007 393.01800537 0.820979 0.527445 -0.218622
62.41299820 -8.14700031 389.71798706 -0.740930 0.624520 -0.246977
62.30799866 -8.14700031 390.01800537 -0.745524 0.616279 -0.253762
61.92200089 -8.74699974 389.71798706 -0.730467 0.632226 -0.258278
62.15299988 -8.44699955 389.71798706 -0.759571 0.609840 -0.226156
62.06000137 -8.44699955 390.01800537 -0.744119 0.617729 -0.254359
61.79999924 -8.74699974 390.01800537 -0.725420 0.636528 -0.261913
61.95800018 -8.44699955 390.31799316 -0.727321 0.628647 -0.275331
56.51800156 25.44799995 379.51800537 -0.492786 -0.794557 0.354742
56.81800079 25.26300049 379.51800537 -0.506809 -0.786761 0.352353
61.68999863 -8.74699974 390.31799316 -0.725259 0.625996 -0.286581
61.56600189 -8.74699974 390.61801147 -0.743143 0.613212 -0.267785
61.82500076 -8.44699955 390.61801147 -0.714810 0.638052 -0.286244
56.81800079 25.41099930 379.81799316 -0.516247 -0.775179 0.364124
37.61800003 28.06200027 381.01800537 0.352824 -0.853305 0.383909
37.31800079 27.91900063 381.01800537 0.351259 -0.858805 0.372922
59.21799850 20.73900032 373.51800537 -0.618287 -0.733318 0.282783
58.91799927 20.98200035 373.51800537 -0.615946 -0.736907 0.278529
59.21799850 20.84900093 373.81799316 -0.626876 -0.717120 0.304575
58.91799927 21.10199928 373.81799316 -0.612366 -0.722236 0.321532
22.02700043 2.05299997 381.91799927 0.983952 0.092508 0.152579
58.91799927 21.25200081 374.11801147 -0.615642 -0.722289 0.315093
22.01799965 2.50399995 381.91799927 0.997537 0.062946 0.030940
22.02400017 2.05299997 382.21798706 0.992966 0.030022 -0.114530
22.02700043 2.35299993 382.21798706 0.997083 0.020262 -0.073582
59.21799850 20.99699974 374.11801147 -0.614183 -0.711931 0.340489
27.22900009 20.05299950 380.71798706 0.774919 -0.587816 0.232320
59.21799850 21.11300087 374.41799927 -0.569287 -0.735669 0.367019
27.45299911 20.35300064 380.71798706 0.799022 -0.561933 0.213996
27.12199974 20.05299950 381.01800537 0.770366 -0.577379 0.270498
27.34799957 20.35300064 381.01800537 0.773050 -0.573859 0.270330
59.04399872 21.25300026 374.41799927 -0.594760 -0.725118 0.347079
27.14800072 19.75300026 380.11801147 0.785788 -0.575005 0.227832
22.14800072 2.65300012 383.71798706 0.994038 0.096844 -0.050092
22.12199974 2.95300007 383.71798706 0.995276 0.067533 -0.069747
22.14599991 2.65300012 384.01800537 0.994288 0.083883 -0.065988
22.12400055 2.95300007 384.01800537 0.996534 0.059901 -0.057723
27.37400055 20.05299950 380.11801147 0.777849 -0.581438 0.238499
27.59300041 20.35300064 380.11801147 0.760008 -0.592522 0.267030
27.29599953 20.05299950 380.41799927 0.791970 -0.582197 0.183932
27.51600075 20.35300064 380.41799927 0.800704 -0.565831 0.196744
59.51800156 20.71199989 374.11801147 -0.635415 -0.687685 0.351193
59.51800156 20.89200020 374.41799927 -0.628523 -0.712542 0.311838
27.58300018 20.05299950 379.51800537 0.747731 -0.601054 0.282193
27.48399925 20.05299950 379.81799316 0.763397 -0.589539 0.263949
27.71100044 20.35300064 379.81799316 0.742672 -0.609086 0.278303
67.31700134 11.35299969 383.11801147 -0.965769 -0.230190 0.119596
27.14100075 19.45299911 379.51800537 0.784598 -0.576407 0.228388
27.33900070 19.75300026 379.51800537 0.771872 -0.583227 0.253099
27.25000000 19.75300026 379.81799316 0.778761 -0.571092 0.259587
27.82500076 20.35300064 379.51800537 0.744588 -0.611229 0.268306
37.61800003 27.92600060 380.71798706 0.376169 -0.856055 0.354496
22.27799988 5.05299997 389.11801147 0.998662 0.046861 -0.021869
22.27199936 5.35300016 389.11801147 0.997469 0.062942 -0.033071
22.25900078 5.05299997 389.41799927 0.998149 0.053755 -0.028458
22.26099968 5.35300016 389.41799927 0.997778 0.065960 -0.009423
60.71799850 -9.57699966 390.91799927 -0.685073 0.649273 -0.330332
60.94800186 -9.04699993 391.51800537 -0.703126 0.665205 -0.251229
60.71799850 -9.17599964 391.81799316 -0.679785 0.698537 -0.223469
67.36599731 11.35299969 383.41799927 -0.963274 -0.237253 0.125757
67.44400024 11.05300045 383.41799927 -0.968589 -0.215667 0.123785
67.39700317 11.05300045 383.11801147 -0.969119 -0.213232 0.123853
52.91799927 -15.07900047 390.31799316 -0.291055 0.870117 -0.397724
67.30999756 2.95300007 392.41799927 -0.972454 0.213466 -0.093625
67.25900269 2.65300012 392.41799927 -0.967599 0.233995 -0.094863
67.29100037 2.65300012 392.11801147 -0.964509 0.244002 -0.100922
67.34500122 2.95300007 392.11801147 -0.968709 0.224720 -0.105377
67.39099884 2.95300007 391.81799316 -0.969423 0.227582 -0.091787
67.42099762 2.95300007 391.51800537 -0.973392 0.219719 -0.065056
67.33499908 2.65300012 391.51800537 -0.963405 0.253260 -0.087814
67.30599976 2.65300012 391.81799316 -0.962589 0.254389 -0.093319
53.21799850 -14.96000004 390.31799316 -0.341487 0.868266 -0.359863
52.91799927 -14.90600014 390.61801147 -0.282369 0.877308 -0.388069
67.01999664 1.15300000 390.61801147 -0.943225 0.305438 -0.130518
66.92299652 0.85299999 390.61801147 -0.945056 0.303434 -0.121641
67.06600189 1.15300000 390.31799316 -0.950175 0.297503 -0.093052
62.32400131 18.85300064 376.51800537 -0.744209 -0.603973 0.285254
66.95800018 0.85299999 390.31799316 -0.945744 0.304607 -0.113064
62.08399963 19.15299988 376.51800537 -0.732700 -0.614057 0.293401
62.18299866 19.15299988 376.81799316 -0.753462 -0.604981 0.257472
53.21799850 -14.82800007 390.61801147 -0.324714 0.863339 -0.386271
67.19000244 11.95300007 383.41799927 -0.965622 -0.238535 0.103323
66.58999634 -1.24699998 387.61801147 -0.933801 0.335733 -0.123691
66.45600128 -1.54700005 387.61801147 -0.942869 0.316068 -0.105356
66.65799713 -1.24699998 387.31799316 -0.930865 0.341363 -0.130239
66.52600098 -1.54700005 387.31799316 -0.933747 0.327703 -0.143970
59.81800079 -9.94099998 392.11801147 -0.625285 0.712534 -0.318298
59.81800079 -9.80399990 392.41799927 -0.628687 0.709495 -0.318384
67.29199982 11.65299988 383.41799927 -0.959426 -0.251931 0.126618
67.17400360 11.95300007 383.11801147 -0.968556 -0.231090 0.092183
67.24099731 11.65299988 383.11801147 -0.964595 -0.247821 0.090232
56.51800156 25.59199905 379.81799316 -0.487849 -0.798153 0.353491
66.05599976 -3.64700007 385.21798706 -0.920684 0.348253 -0.176241
65.96199799 -3.94700003 385.21798706 -0.886099 0.424802 -0.185395
66.08100128 -3.64700007 384.91799927 -0.921426 0.370498 -0.117072
65.96299744 -3.94700003 384.91799927 -0.929674 0.359831 -0.078922
66.14199829 -3.64700007 384.31799316 -0.914957 0.370776 -0.159307
66.12300110 -3.94700003 384.31799316 -0.936208 0.319380 -0.146668
65.97100067 -4.24700022 384.01800537 -0.928812 0.332813 -0.162925
65.90699768 -4.54699993 384.01800537 -0.886555 0.344688 -0.308563
66.05999756 -4.24700022 383.71798706 -0.887378 0.166474 -0.429937
66.01399994 -4.54699993 383.71798706 -0.843089 0.266644 -0.467013
66.11000061 -3.64700007 384.61801147 -0.921981 0.358471 -0.146457
66.01200104 -3.94700003 384.61801147 -0.925815 0.330146 -0.184039
65.87899780 -4.24700022 384.61801147 -0.886184 0.420388 -0.194814
65.73500061 -4.54699993 384.61801147 -0.910346 0.385309 -0.151019
65.97499847 -4.24700022 384.31799316 -0.886700 0.416146 -0.201456
65.80500031 -4.54699993 384.31799316 -0.905522 0.381500 -0.185711
44.21799850 25.29100037 371.41799927 0.022305 -0.997365 0.069040
43.91799927 25.27400017 371.41799927 0.119264 -0.990006 0.075264
43.91799927 25.35700035 371.11801147 0.110220 -0.987236 -0.114960
43.61800003 25.29800034 371.41799927 0.038535 -0.984403 0.171657
43.31800079 25.31399918 371.41799927 0.033405 -0.961313 0.273424
43.61800003 25.18799973 371.11801147 0.233701 -0.962220 0.139698
43.31800079 25.21100044 371.11801147 0.017770 -0.974990 0.221535
59.51800156 -10.19400024 392.11801147 -0.619202 0.725351 -0.300755
59.51800156 -10.06700039 392.41799927 -0.615361 0.716027 -0.329600
46.61800003 26.24600029 373.81799316 -0.133085 -0.911980 0.388047
46.31800079 26.31200027 373.81799316 -0.071078 -0.921336 0.382214
46.61800003 26.12899971 373.51800537 -0.140882 -0.897943 0.416953
46.31800079 26.20700073 373.51800537 -0.084358 -0.897510 0.432851
46.61800003 26.51199913 374.41799927 -0.037832 -0.927542 0.371799
46.31800079 26.51600075 374.41799927 -0.040396 -0.931708 0.360955
46.61800003 26.40500069 374.11801147 -0.085206 -0.921035 0.380045
46.31800079 26.41099930 374.11801147 -0.064542 -0.933889 0.351690
46.01800156 26.53300095 374.41799927 -0.085041 -0.924647 0.371209
45.71799850 26.57699966 374.41799927 -0.074247 -0.916608 0.392832
46.01800156 26.42900085 374.11801147 -0.045572 -0.933579 0.355463
45.71799850 26.44799995 374.11801147 -0.046242 -0.920873 0.387110
54.41799927 -14.76599979 389.41799927 -0.482055 0.780701 -0.397654
54.11800003 -14.99800014 389.41799927 -0.470533 0.762362 -0.444301
54.41799927 -14.93700027 389.11801147 -0.497182 0.756438 -0.424984
54.11800003 -15.17099953 389.11801147 -0.543860 0.822532 -0.166304
54.71799850 -14.77600002 389.11801147 -0.419867 0.799516 -0.429519
44.21799850 27.20000076 375.91799927 0.043788 -0.916885 0.396742
43.91799927 27.18000031 375.91799927 0.071762 -0.913951 0.399430
59.21799850 -10.46899986 392.11801147 -0.634754 0.711888 -0.300504
59.21799850 -10.31799984 392.41799927 -0.629654 0.713393 -0.307580
57.71799850 -12.52700043 390.01800537 -0.544897 0.761563 -0.350869
58.01800156 -12.44400024 389.71798706 -0.542618 0.762904 -0.351487
57.71799850 -12.64200020 389.71798706 -0.524362 0.788934 -0.320355
59.21799850 -11.07999992 390.61801147 -0.622851 0.719417 -0.307402
58.91799927 -10.47500038 392.71798706 -0.606074 0.728905 -0.318391
59.16199875 -10.24699974 392.71798706 -0.636110 0.704091 -0.315627
58.91799927 -10.32499981 393.01800537 -0.610340 0.723666 -0.322169
59.81800079 -10.57999992 390.61801147 -0.647309 0.701920 -0.297152
59.21799850 -10.05700016 393.01800537 -0.620050 0.728999 -0.289997
59.51800156 -10.84399986 390.61801147 -0.602189 0.748367 -0.278056
59.81800079 -10.69099998 390.31799316 -0.615578 0.739648 -0.272000
59.51800156 -10.92500019 390.31799316 -0.617726 0.732652 -0.285718
60.11800003 -10.27099991 390.61801147 -0.658660 0.684553 -0.312337
60.31499863 -10.24699974 390.31799316 -0.670138 0.686131 -0.283089
60.11800003 -10.43999958 390.31799316 -0.672682 0.679104 -0.293797
60.47600174 -9.94699955 390.61801147 -0.657991 0.683858 -0.315254
60.62599945 -9.94699955 390.31799316 -0.668975 0.691327 -0.273018
61.88000107 -8.14700031 391.21798706 -0.716784 0.650327 -0.251586
47.51800156 -15.96199989 391.51800537 -0.114244 0.889977 -0.441462
52.91799927 -15.29599953 389.71798706 -0.356325 0.836658 -0.415975
46.31800079 -16.27799988 390.91799927 -0.068143 0.874736 -0.479784
46.61800003 -16.30299950 390.91799927 0.001322 0.884429 -0.466672
46.31800079 -16.15399933 391.21798706 -0.061274 0.897328 -0.437090
46.61800003 -16.14999962 391.21798706 0.038814 0.903438 -0.426958
53.21799850 -15.19699955 389.71798706 -0.310764 0.867997 -0.387307
52.91799927 -15.19099998 390.01800537 -0.327439 0.875708 -0.354852
53.21799850 -15.05599976 390.01800537 -0.351259 0.866643 -0.354327
57.11800003 25.07900047 379.51800537 -0.538054 -0.780737 0.317723
57.41799927 24.96199989 379.81799316 -0.544169 -0.763775 0.347170
57.11800003 25.18400002 379.81799316 -0.546241 -0.760200 0.351734
28.61800003 19.24500084 374.41799927 0.421332 -0.904023 0.072267
28.31800079 19.15299988 374.53799438 -0.171095 -0.898609 -0.404015
28.31800079 19.22100067 374.41799927 -0.231023 -0.789199 -0.569029
66.82399750 1.15300000 392.41799927 -0.954880 0.276378 -0.108717
66.74500275 0.85299999 392.41799927 -0.937968 0.325252 -0.120114
66.85099792 1.15300000 392.11801147 -0.954738 0.283701 -0.089385
66.75599670 0.85299999 392.11801147 -0.947008 0.310430 -0.082519
25.98500061 -5.74700022 390.01800537 0.778363 0.566800 -0.269980
25.89599991 -6.04699993 389.11801147 0.795095 0.525302 -0.303120
25.99699974 -6.04699993 389.41799927 0.816191 0.514589 -0.262736
26.15999985 -6.34700012 389.41799927 0.798878 0.570627 -0.190209
26.08499908 -6.34700012 389.11801147 0.820443 0.505966 -0.266216
67.15799713 13.75300026 386.41799927 -0.959940 -0.237687 0.148390
42.11800003 25.45299911 372.30499268 0.044201 -0.906797 0.419243
38.81800079 25.91500092 375.01800537 0.260573 -0.888925 0.376714
38.51800156 25.81599998 375.01800537 0.291472 -0.868312 0.401346
38.81800079 25.77499962 374.71798706 0.301428 -0.877020 0.374135
38.51800156 25.67799950 374.71798706 0.288989 -0.887928 0.357867
67.21600342 13.45300007 386.41799927 -0.971803 -0.196388 0.130503
67.11499786 13.75300026 386.11801147 -0.958140 -0.253664 0.132746
67.19000244 13.45300007 386.11801147 -0.969253 -0.217224 0.115599
28.15099907 -6.94700003 393.91799927 0.729201 0.596028 -0.336179
27.88899994 -6.64699984 393.91799927 0.738360 0.624523 -0.254552
27.71800041 -6.37400007 394.21798706 0.717169 0.630531 -0.296815
28.01799965 -6.64699984 394.21798706 0.663939 0.667202 -0.337679
46.01800156 25.76600075 372.61801147 -0.049602 -0.907586 0.416926
45.71799850 25.77700043 372.61801147 -0.028090 -0.894875 0.445431
46.01800156 25.60300064 372.31799316 -0.006573 -0.895195 0.445626
45.71799850 25.63500023 372.31799316 -0.084469 -0.893161 0.441734
46.01800156 25.45299911 372.08300781 0.022380 -0.909687 0.414691
45.71799850 25.48200035 372.01800537 -0.105273 -0.922845 0.370505
45.41799927 25.40099907 371.71798706 -0.051294 -0.929862 0.364316
45.11800003 25.41699982 371.71798706 -0.021985 -0.927268 0.373752
45.41799927 25.52799988 372.01800537 -0.082791 -0.916130 0.392239
45.11800003 25.55699921 372.01800537 -0.019597 -0.915831 0.401085
27.67200089 -6.34700012 393.91799927 0.812189 0.559975 -0.163639
44.81800079 25.41799927 371.71798706 0.011531 -0.928856 0.370261
44.51800156 25.40500069 371.71798706 0.042843 -0.936055 0.349236
44.81800079 25.53100014 372.01800537 0.035724 -0.914262 0.403545
44.51800156 25.53400040 372.01800537 0.038459 -0.913736 0.404484
27.47599983 -6.04699993 393.91799927 0.814067 0.551270 -0.182750
27.48699951 -6.04699993 394.21798706 0.817774 0.537569 -0.205586
27.88500023 -6.34700012 394.51800537 0.698486 0.623239 -0.351697
28.01000023 -6.34700012 394.81799316 0.719702 0.640264 -0.268498
27.76899910 -6.04699993 394.81799316 0.769844 0.591827 -0.238917
27.64299965 -6.04699993 394.51800537 0.739885 0.563489 -0.367493
57.11800003 -10.76700020 395.11801147 -0.518403 0.792758 -0.320612
57.41799927 -10.57400036 395.11801147 -0.525142 0.786915 -0.324024
57.11800003 -10.65400028 395.41799927 -0.524362 0.788934 -0.320355
23.33300018 0.85299999 391.51800537 0.954617 0.266128 -0.133726
23.25200081 1.15300000 391.51800537 0.949033 0.280549 -0.143630
23.38500023 0.85299999 391.81799316 0.946938 0.267643 -0.177975
23.29899979 1.15300000 391.81799316 0.947876 0.271788 -0.166318
63.51900101 16.75300026 375.61801147 -0.774523 -0.565449 0.283517
63.41999817 16.75300026 375.31799316 -0.798179 -0.556401 0.230929
24.25600052 -0.64700001 393.61801147 0.883942 0.458081 -0.093858
24.22299957 -0.64700001 393.31799316 0.903674 0.410506 -0.121891
24.33200073 -0.94700003 393.31799316 0.917961 0.357849 -0.171145
63.63399887 16.45299911 375.31799316 -0.792405 -0.558887 0.244416
24.37800026 -1.24699998 393.01800537 0.897002 0.387774 -0.212178
24.51899910 -1.54700005 393.01800537 0.874523 0.426050 -0.231711
24.31100082 -1.24699998 392.71798706 0.912172 0.375934 -0.163141
24.45400047 -1.54700005 392.71798706 0.892705 0.415245 -0.175069
24.11599922 -0.64700001 392.71798706 0.918278 0.361405 -0.161718
24.17499924 -0.64700001 393.01800537 0.917412 0.362173 -0.164881
24.26499939 -0.94700003 393.01800537 0.924733 0.326127 -0.196241
24.20499992 -0.94700003 392.71798706 0.930443 0.324056 -0.171068
24.15500069 -1.54700005 391.21798706 0.910925 0.365805 -0.190792
24.26799965 -1.84700000 391.21798706 0.902483 0.385541 -0.192048
24.40399933 -2.14700007 391.21798706 0.893786 0.394792 -0.212806
24.21899986 -1.84700000 390.91799927 0.907534 0.377064 -0.184948
24.35099983 -2.14700007 390.91799927 0.908921 0.367314 -0.197341
56.51800156 -11.18099976 395.11801147 -0.503916 0.795068 -0.337544
24.14900017 -1.84700000 390.61801147 0.912898 0.382828 -0.141632
63.75699997 16.15299988 375.01800537 -0.832817 -0.546133 0.090305
24.27499962 -2.14700007 390.61801147 0.920364 0.360021 -0.152694
24.11800003 -1.84700000 390.31799316 0.903021 0.404020 -0.146014
24.25699997 -2.14700007 390.31799316 0.924622 0.359652 -0.125396
24.38400078 -2.44700003 390.61801147 0.916153 0.359359 -0.177549
24.52400017 -2.74699998 390.61801147 0.878485 0.435551 -0.196367
24.35300064 -2.44700003 390.31799316 0.928352 0.343476 -0.142081
24.45599937 -2.74699998 390.31799316 0.895379 0.410923 -0.171578
24.06699944 -1.84700000 390.01800537 0.876035 0.429837 -0.218637
23.97999954 -1.84700000 389.71798706 0.903512 0.384749 -0.188772
24.10799980 -2.14700007 389.71798706 0.907896 0.357656 -0.218648
24.19599915 -2.14700007 390.01800537 0.905365 0.372286 -0.204250
63.93099976 15.85299969 375.01800537 -0.726264 -0.686778 0.029615
24.29999924 -2.44700003 390.01800537 0.921586 0.345771 -0.176414
63.71799850 16.23600006 374.71798706 -0.754306 -0.655980 -0.026689
24.41300011 -2.74699998 390.01800537 0.919268 0.365189 -0.146915
24.24099922 -2.44700003 389.71798706 0.895989 0.381053 -0.228043
24.37000084 -2.74699998 389.71798706 0.905522 0.381500 -0.185711
63.78099823 16.15299988 374.71798706 -0.745330 -0.660733 -0.088973
24.10400009 -2.44700003 389.11801147 0.908982 0.376476 -0.178934
24.15399933 -2.44700003 389.41799927 0.898023 0.384032 -0.214649
24.29000092 -2.74699998 389.41799927 0.887382 0.401470 -0.226660
24.21899986 -2.74699998 389.11801147 0.902483 0.385541 -0.192048
24.04299927 -2.44700003 388.81799316 0.912804 0.370516 -0.171772
23.96500015 -2.44700003 388.51800537 0.923045 0.353299 -0.152212
24.10899925 -2.74699998 388.51800537 0.880403 0.442391 -0.170824
22.58699989 2.05299997 387.91799927 0.977089 0.199331 -0.074596
22.52300072 2.35299993 387.91799927 0.985518 0.154614 -0.069635
22.58600044 2.05299997 388.21798706 0.974016 0.201305 -0.103778
22.54899979 2.35299993 388.21798706 0.983030 0.153561 -0.100359
24.15999985 -2.74699998 388.81799316 0.898120 0.411101 -0.156132
22.54199982 2.05299997 387.31799316 0.981737 0.165842 -0.093211
22.48200035 2.35299993 387.31799316 0.985156 0.153299 -0.077244
22.56800079 2.05299997 387.61801147 0.978295 0.189308 -0.084273
22.48800087 2.35299993 387.61801147 0.983659 0.165732 -0.070346
22.44300079 2.65300012 387.31799316 0.988806 0.131299 -0.070878
22.39500046 2.95300007 387.31799316 0.986221 0.145276 -0.079134
22.46199989 2.65300012 387.61801147 0.989507 0.121803 -0.077722
22.42499924 2.95300007 387.61801147 0.986699 0.147005 -0.069386
22.36800003 2.65300012 386.71798706 0.981370 0.142989 -0.128324
22.32500076 2.95300007 386.71798706 0.983012 0.134543 -0.124846
22.42099953 2.65300012 387.01800537 0.982315 0.149351 -0.112924
22.36800003 2.95300007 387.01800537 0.983634 0.136717 -0.117359
22.78400040 10.15299988 378.61801147 0.952613 -0.286963 -0.100896
22.69000053 9.85299969 378.61801147 0.963541 -0.247621 -0.101358
22.71500015 10.15299988 378.31799316 0.859300 -0.438044 -0.264048
22.46699905 2.05299997 386.71798706 0.979744 0.179355 -0.089068
22.42099953 2.35299993 386.71798706 0.980290 0.155816 -0.121463
22.49799919 2.05299997 387.01800537 0.982290 0.161091 -0.095685
22.45800018 2.35299993 387.01800537 0.981956 0.149666 -0.115596
22.31999969 2.65300012 386.11801147 0.988470 0.142201 -0.052025
22.33300018 2.65300012 386.41799927 0.984973 0.155647 -0.074853
22.27300072 2.95300007 386.11801147 0.992236 0.117990 -0.039330
22.30100060 2.95300007 386.41799927 0.989124 0.124660 -0.078058
22.28700066 2.65300012 385.51800537 0.991821 0.108427 -0.067339
22.24900055 2.95300007 385.51800537 0.991534 0.114977 -0.060334
22.30699921 2.65300012 385.81799316 0.987966 0.140806 -0.064003
22.27000046 2.95300007 385.81799316 0.992292 0.114018 -0.048542
22.21800041 3.25300002 385.51800537 0.992182 0.103661 -0.069487
22.18899918 3.55299997 385.51800537 0.992959 0.096239 -0.069066
22.23999977 3.25300002 385.81799316 0.994614 0.092032 -0.047679
22.21500015 3.55299997 385.81799316 0.994276 0.096650 -0.045548
62.82300186 17.35300064 374.11801147 -0.672648 -0.724042 -0.152669
62.81800079 17.36400032 374.11801147 -0.678020 -0.720301 -0.146476
63.04000092 17.05299950 374.41799927 -0.756149 -0.648336 -0.088873
22.13599968 3.25300002 384.31799316 0.993712 0.086654 -0.070899
22.10300064 3.55299997 384.31799316 0.994790 0.087613 -0.052124
22.15500069 3.25300002 384.61801147 0.993394 0.104155 -0.048158
22.12500000 3.55299997 384.61801147 0.995093 0.082832 -0.054117
62.75799942 17.35300064 374.41799927 -0.792650 -0.609410 0.018046
57.41799927 24.84399986 379.51800537 -0.548860 -0.772885 0.318435
22.10700035 3.25300002 383.71798706 0.994314 0.065841 -0.083696
22.07299995 3.55299997 383.71798706 0.992954 0.082652 -0.084916
22.12599945 3.25300002 384.01800537 0.995151 0.080628 -0.056329
22.08799934 3.55299997 384.01800537 0.994250 0.094637 -0.050102
22.04500008 3.85299993 383.71798706 0.994762 0.070022 -0.074468
22.01700020 4.15299988 383.71798706 0.997131 0.044197 -0.061445
22.07600021 3.85299993 384.01800537 0.995424 0.073858 -0.060629
22.05200005 4.15299988 384.01800537 0.996719 0.046636 -0.066159
24.28899956 -3.04699993 388.81799316 0.910113 0.398782 -0.112548
24.42099953 -3.34699988 388.81799316 0.910731 0.385472 -0.148259
24.29000092 -3.04699993 388.51800537 0.887170 0.442873 -0.129587
24.40399933 -3.34699988 388.51800537 0.922062 0.367998 -0.119909
24.20999908 -3.04699993 388.21798706 0.880324 0.433548 -0.192525
24.36899948 -3.34699988 388.21798706 0.901690 0.377282 -0.211220
24.15900040 -3.04699993 387.91799927 0.884709 0.399978 -0.239392
24.26600075 -3.34699988 387.91799927 0.887982 0.380564 -0.258186
24.04800034 -3.04699993 387.61801147 0.879063 0.405836 -0.250091
23.95299911 -3.04699993 387.31799316 0.885538 0.416984 -0.204808
67.15399933 11.95300007 382.81799316 -0.966376 -0.235546 0.103131
24.16600037 -3.34699988 387.61801147 0.898882 0.378553 -0.220701
24.13299942 -3.34699988 387.31799316 0.885591 0.423034 -0.191756
24.31500053 -3.64700007 387.61801147 0.899304 0.387906 -0.201944
24.44599915 -3.94700003 387.61801147 0.906415 0.371529 -0.200944
24.24799919 -3.64700007 387.31799316 0.898214 0.400653 -0.180800
24.38899994 -3.94700003 387.31799316 0.905798 0.369566 -0.207247
22.04199982 3.25300002 383.11801147 0.997641 0.041702 -0.054533
22.01700020 3.55299997 383.11801147 0.999025 0.034164 -0.027952
22.06500053 3.25300002 383.41799927 0.992515 0.071625 -0.098910
22.04400063 3.55299997 383.41799927 0.994497 0.065853 -0.081480
24.19000053 -3.64700007 387.01800537 0.905993 0.383360 -0.179476
24.31900024 -3.94700003 387.01800537 0.913279 0.358737 -0.192946
24.13100052 -3.64700007 386.71798706 0.892919 0.406402 -0.193733
24.26399994 -3.94700003 386.71798706 0.921429 0.361044 -0.143581
24.33399963 -4.24700022 386.41799927 0.909731 0.381775 -0.163212
24.46199989 -4.54699993 386.41799927 0.908480 0.392971 -0.142258
24.25000000 -4.24700022 386.11801147 0.878120 0.418933 -0.231084
24.41600037 -4.54699993 386.11801147 0.889996 0.404543 -0.210363
21.95400047 4.45300007 381.91799927 0.998083 0.026404 -0.055977
21.94300079 4.75299978 381.91799927 0.997670 -0.015803 -0.066371
21.95700073 4.45300007 382.21798706 0.999559 0.005043 -0.029250
21.97100067 4.75299978 382.21798706 0.998609 -0.024000 -0.046957
67.23100281 11.65299988 382.81799316 -0.966872 -0.242661 0.079211
21.93199921 4.45300007 381.31799316 0.997475 -0.039642 -0.058927
27.13199997 20.65299988 382.51800537 0.803009 -0.545176 0.240747
21.91099930 4.75299978 381.31799316 0.999671 -0.025168 -0.005034
21.92799950 4.45300007 381.61801147 0.997568 0.045976 -0.052391
21.90900040 4.75299978 381.61801147 0.999273 -0.017459 -0.033891
27.34600067 20.95299911 382.51800537 0.795706 -0.563947 0.220944
67.11199951 11.95300007 382.51800537 -0.959764 -0.244851 0.137483
49.01800156 -16.79100037 389.41799927 -0.781426 0.469506 0.411020
67.19499969 11.65299988 382.51800537 -0.958988 -0.250570 0.132500
48.71799850 -16.84700012 389.64001465 -0.282322 0.744883 -0.604520
48.97399902 -16.84700012 389.41799927 -0.809287 0.495708 0.315163
24.83699989 -5.44700003 386.41799927 0.868658 0.432071 -0.242381
25.01799965 -5.73899984 386.41799927 0.770877 0.525231 -0.360389
25.02400017 -5.74700022 386.41799927 0.769561 0.526542 -0.361289
24.76499939 -5.44700003 386.11801147 0.848647 0.409531 -0.334787
25.01399994 -5.44700003 387.01800537 0.827856 0.516839 -0.218017
25.22900009 -5.74700022 387.01800537 0.858563 0.497822 -0.122652
24.93199921 -5.44700003 386.71798706 0.824163 0.505631 -0.255135
25.16500092 -5.74700022 386.71798706 0.798544 0.545385 -0.254721
29.32200050 22.75300026 381.31799316 0.711499 -0.647831 0.272184
28.91799927 22.46599960 381.61801147 0.692430 -0.663645 0.283049
29.20599937 22.75300026 381.61801147 0.698823 -0.650629 0.297201
55.61800003 -11.05399990 396.61801147 -0.473764 0.816015 -0.331160
28.95499992 22.15299988 380.71798706 0.708843 -0.638119 0.300575
29.21800041 22.41399956 380.71798706 0.655400 -0.694047 0.297909
67.68199921 4.75299978 392.71798706 -0.969836 0.163138 -0.181122
67.80799866 5.35300016 392.41799927 -0.971080 0.228853 0.068037
67.80000305 5.35300016 392.11801147 -0.992808 0.119312 -0.009851
67.77600098 5.05299997 392.11801147 -0.990609 0.133805 -0.028110
31.80100060 21.85300064 373.81799316 0.569720 -0.753709 0.327630
28.35099983 20.95299911 379.51800537 0.748380 -0.627021 0.216268
55.31800079 -11.36299992 396.31799316 -0.441189 0.823869 -0.355798
55.61800003 -11.21100044 396.31799316 -0.459124 0.807866 -0.369539
55.31800079 -11.23999977 396.61801147 -0.462229 0.821915 -0.332868
28.08900070 20.65299988 379.51800537 0.730040 -0.642121 0.233927
27.96999931 20.65299988 379.81799316 0.715372 -0.642082 0.275633
28.25000000 20.95299911 379.81799316 0.723530 -0.634480 0.271920
31.31800079 21.69899940 374.41799927 0.589880 -0.723869 0.357849
31.61800003 21.79800034 374.11801147 0.631895 -0.721480 0.283153
31.34799957 21.55299950 374.11801147 0.620629 -0.740648 0.257411
31.31800079 21.53000069 374.11801147 0.617751 -0.746646 0.246786
28.61800003 20.99900055 378.91799927 0.698024 -0.653094 0.293651
28.42700005 20.95299911 379.21798706 0.720974 -0.641746 0.261452
31.61800003 21.90999985 374.41799927 0.609717 -0.731982 0.304054
28.27000046 20.65299988 378.91799927 0.736235 -0.614860 0.282676
28.16500092 20.65299988 379.21798706 0.742149 -0.629654 0.229675
31.31800079 21.82600021 374.71798706 0.565639 -0.750403 0.341976
31.01799965 21.75200081 375.01800537 0.609701 -0.722908 0.325066
30.81800079 21.55299950 375.01800537 0.608912 -0.725203 0.321415
31.01799965 21.60099983 374.71798706 0.609449 -0.707483 0.357826
30.71800041 21.32999992 374.71798706 0.583032 -0.755546 0.298704
26.86800003 20.05299950 381.91799927 0.822382 -0.548751 0.150200
27.07299995 20.35300064 381.91799927 0.801582 -0.572127 0.173601
27.03000069 20.35300064 382.21798706 0.854385 -0.503348 0.129101
30.11800003 21.69199944 376.81799316 0.587107 -0.758943 0.281621
30.41799927 21.80400085 376.51800537 0.617444 -0.723844 0.307916
30.11800003 21.56500053 376.51800537 0.636208 -0.710298 0.301192
29.92600060 21.55299950 376.81799316 0.744288 -0.597031 0.299316
29.81900024 21.25300026 376.51800537 0.668639 -0.648925 0.363069
27.80599976 19.15299988 376.51800537 0.743982 -0.624944 0.236508
54.71799850 -11.44299984 396.91799927 -0.408602 0.840687 -0.355374
55.01800156 -11.29199982 396.91799927 -0.427480 0.837736 -0.339792
27.73699951 19.15299988 376.81799316 0.777195 -0.599375 0.191616
54.71799850 -11.30200005 397.21798706 -0.418315 0.831894 -0.364644
29.16099930 21.25300026 378.01800537 0.717410 -0.651187 0.247546
26.76799965 -7.24700022 389.41799927 0.791397 0.557256 -0.251311
27.00000000 -7.54699993 389.41799927 0.798942 0.546645 -0.250740
26.68799973 -7.24700022 389.11801147 0.787585 0.550836 -0.276207
26.91799927 -7.54699993 389.11801147 0.811558 0.553680 -0.186582
26.57799911 -6.94700003 389.41799927 0.798942 0.546645 -0.250740
29.51799965 21.68899918 378.31799316 0.651973 -0.703234 0.283536
26.98999977 -7.24700022 390.01800537 0.771107 0.574768 -0.273925
26.87800026 -7.24700022 389.71798706 0.779603 0.565409 -0.269317
27.10700035 -7.54699993 389.71798706 0.787390 0.554788 -0.268750
26.59000015 -6.64699984 390.01800537 0.801028 0.541826 -0.254518
26.75699997 -6.94700003 390.01800537 0.807027 0.533353 -0.253459
26.68700027 -6.94700003 389.71798706 0.806660 0.528932 -0.263686
27.20499992 -7.54699993 390.01800537 0.783014 0.544775 -0.300182
27.09199905 -7.24700022 390.31799316 0.769978 0.584175 -0.256659
27.19000053 -7.24700022 390.61801147 0.732745 0.610888 -0.299832
27.67399979 18.85300064 376.21798706 0.746800 -0.607271 0.271131
27.44099998 -7.24700022 391.21798706 0.805986 0.531608 -0.260347
27.57600021 -7.54699993 391.21798706 0.778447 0.574829 -0.252173
27.41799927 -7.24700022 391.12100220 0.809362 0.532843 -0.247003
27.35400009 -7.24700022 390.91799927 0.676577 0.679776 -0.283107
27.62400055 -7.24700022 391.81799316 0.797066 0.550615 -0.248011
29.21800041 21.54199982 378.61801147 0.678915 -0.678915 0.279553
28.94400024 21.25300026 378.61801147 0.707673 -0.660178 0.251723
27.54800034 -7.24700022 391.51800537 0.823486 0.511395 -0.245655
27.68300056 -7.54699993 391.51800537 0.758943 0.587107 -0.281621
29.21800041 21.43199921 378.31799316 0.679465 -0.682648 0.268922
29.06200027 21.25300026 378.31799316 0.723084 -0.640808 0.257905
27.79999924 -7.54699993 391.81799316 0.737825 0.606585 -0.296090
27.85000038 -7.24700022 392.41799927 0.779162 0.553824 -0.293574
28.05100060 -7.54699993 392.41799927 0.746243 0.585068 -0.317516
27.73500061 -7.24700022 392.11801147 0.794527 0.528099 -0.299732
27.92300034 -7.54699993 392.11801147 0.751309 0.594986 -0.285529
28.04800034 -7.24700022 393.01800537 0.777991 0.573670 -0.256187
28.29700089 -7.54699993 393.01800537 0.724525 0.645943 -0.240461
27.96199989 -7.24700022 392.71798706 0.769145 0.575669 -0.277527
28.18899918 -7.54699993 392.71798706 0.733447 0.611474 -0.296910
29.21800041 21.79400063 379.21798706 0.671610 -0.684433 0.283711
28.99699974 21.55299950 379.21798706 0.690905 -0.658695 0.297943
29.21800041 21.66799927 378.91799927 0.673971 -0.683576 0.280154
28.69799995 21.25300026 379.21798706 0.692567 -0.650593 0.311575
28.84900093 21.25300026 378.91799927 0.693900 -0.661850 0.283650
28.01799965 18.83900070 375.31799316 0.690708 -0.687575 0.223971
67.78099823 7.15299988 381.61801147 -0.995963 -0.088983 0.011793
67.83100128 6.85300016 381.61801147 -0.994996 -0.091254 0.040679
67.81400299 7.15299988 381.31799316 -0.997678 -0.067905 0.005223
67.81099701 6.85300016 381.31799316 -0.997774 -0.052178 0.041530
27.11800003 17.76899910 375.31799316 0.760410 -0.644538 0.079662
27.26199913 17.95299911 375.31799316 0.804200 -0.586849 0.094186
27.41799927 18.18099976 375.31799316 0.793490 -0.594747 0.129035
27.18499947 17.95299911 375.61801147 0.772386 -0.603474 0.198087
27.61000061 20.95299911 381.61801147 0.762071 -0.598658 0.246691
27.37100029 20.65299988 381.61801147 0.777054 -0.591673 0.214733
27.71699905 20.95299911 381.31799316 0.733836 -0.622407 0.272204
27.46800041 20.65299988 381.31799316 0.760372 -0.596648 0.256606
27.67700005 21.25300026 382.21798706 0.765271 -0.596254 0.242571
55.01800156 -11.16199970 397.21798706 -0.409680 0.839765 -0.356311
26.67200089 19.75300026 381.91799927 0.808053 -0.555441 0.196307
27.00799942 20.05299950 381.31799316 0.781074 -0.571327 0.252010
26.93000031 20.05299950 381.61801147 0.809150 -0.557144 0.186727
54.11800003 -11.70300007 396.91799927 -0.399966 0.839145 -0.368596
54.41799927 -11.57299995 396.91799927 -0.379236 0.855989 -0.351373
54.11800003 -11.59099960 397.21798706 -0.379857 0.862751 -0.333720
54.41799927 -11.45300007 397.21798706 -0.399800 0.850937 -0.340686
32.21799850 -9.37600040 396.91799927 0.498010 0.714537 -0.491348
32.21799850 -9.17899990 397.21798706 0.338161 0.790110 -0.511248
31.91799927 -9.18700027 396.91799927 0.482650 0.778415 -0.401396
51.41799927 25.61700058 374.41799927 -0.306259 -0.857216 0.413988
26.61000061 19.45299911 381.31799316 0.823837 -0.524260 0.215512
51.11800003 25.72299957 374.41799927 -0.283536 -0.874866 0.392704
26.79999924 19.75300026 381.31799316 0.810732 -0.539975 0.226143
51.41799927 25.46599960 374.11801147 -0.285752 -0.847987 0.446390
51.11800003 25.55800056 374.11801147 -0.310594 -0.835014 0.454185
32.51800156 -9.32900047 397.21798706 0.408446 0.696178 -0.590346
26.54400063 19.45299911 381.61801147 0.817441 -0.540394 0.199413
51.41799927 25.83600044 375.01800537 -0.259717 -0.905340 0.336017
51.11800003 25.93499947 375.01800537 -0.273498 -0.900325 0.338546
26.73900032 19.75300026 381.61801147 0.827552 -0.533178 0.175723
51.11800003 25.83300018 374.71798706 -0.259783 -0.912869 0.314933
51.41799927 25.74300003 374.71798706 -0.280443 -0.897714 0.339796
50.81800079 26.03100014 375.01800537 -0.280675 -0.884051 0.373733
50.81800079 25.90900040 374.71798706 -0.243110 -0.909843 0.336278
50.51800156 25.98699951 374.71798706 -0.225568 -0.906640 0.356544
32.51800156 -9.84000015 396.61801147 0.525866 0.779953 -0.339320
32.51800156 -9.89700031 396.31799316 0.438782 0.822122 -0.362748
32.51800156 -9.59200001 396.91799927 0.548727 0.636524 -0.541974
32.56299973 -9.64700031 396.91799927 0.562639 0.626844 -0.538984
32.81800079 -9.89200020 396.91799927 0.704922 0.701979 -0.101544
54.71799850 -11.16899967 397.51800537 -0.423134 0.841585 -0.335697
32.81800079 -9.95100021 396.61801147 0.520006 0.829280 -0.204667
32.81800079 -10.03899956 396.31799316 0.374403 0.841231 -0.390068
54.11800003 -11.47900009 397.51800537 -0.373797 0.862964 -0.339955
54.41799927 -11.34000015 397.51800537 -0.420122 0.841806 -0.338909
54.11800003 -11.34899998 397.81799316 -0.370577 0.854344 -0.364375
54.41799927 -11.22399998 397.81799316 -0.410391 0.844189 -0.344854
55.31800079 -10.62500000 398.11801147 -0.431414 0.842582 -0.322393
55.61800003 -10.82900047 397.21798706 -0.482400 0.799726 -0.357392
55.31800079 -11.00399971 397.21798706 -0.453457 0.816222 -0.357992
55.61800003 -10.96899986 396.91799927 -0.484237 0.815475 -0.317041
55.31800079 -11.13500023 396.91799927 -0.455661 0.831465 -0.317867
55.61800003 -10.57400036 397.81799316 -0.463459 0.827942 -0.315781
55.31800079 -10.74800014 397.81799316 -0.449590 0.825037 -0.342319
55.61800003 -10.69400024 397.51800537 -0.475920 0.810178 -0.342217
55.31800079 -10.86999989 397.51800537 -0.463224 0.813427 -0.351795
56.21799850 -10.22999954 397.81799316 -0.492047 0.811641 -0.314847
55.91799927 -10.41499996 397.81799316 -0.477494 0.825047 -0.302152
56.21799850 -10.33199978 397.51800537 -0.476216 0.814789 -0.330662
55.91799927 -10.51599979 397.51800537 -0.477446 0.813721 -0.331516
49.01800156 27.24399948 376.81799316 -0.174034 -0.901813 0.395532
49.01800156 27.09600067 376.51800537 -0.181146 -0.911434 0.369423
55.91799927 -10.64900017 397.21798706 -0.476626 0.808191 -0.345912
56.21799850 -10.59799957 396.91799927 -0.457835 0.825992 -0.328823
55.91799927 -10.77099991 396.91799927 -0.493075 0.806995 -0.325017
56.21799850 -10.47399998 397.21798706 -0.463374 0.810506 -0.358279
48.71799850 27.16699982 376.51800537 -0.191761 -0.904015 0.382080
48.41799927 27.24099922 376.51800537 -0.152942 -0.899068 0.410227
26.78800011 19.45299911 380.71798706 0.826579 -0.531480 0.185190
26.98900032 19.75300026 380.71798706 0.783196 -0.582376 0.217812
26.69499969 19.45299911 381.01800537 0.816566 -0.519069 0.252562
26.90699959 19.75300026 381.01800537 0.790342 -0.555587 0.258231
59.81800079 -10.32999992 391.21798706 -0.627054 0.725979 -0.282414
59.81800079 -10.45499992 390.91799927 -0.644815 0.702704 -0.300699
60.11800003 -10.16499996 390.91799927 -0.676845 0.686401 -0.265960
59.81800079 24.69700050 383.41799927 -0.625996 -0.725259 0.286581
52.91799927 -14.78699970 390.91799927 -0.312175 0.859635 -0.404444
59.81800079 24.58200073 383.11801147 -0.638825 -0.700282 0.318604
67.50099945 2.65300012 389.71798706 -0.975188 0.216306 -0.047128
67.56400299 2.95300007 389.71798706 -0.980816 0.191924 -0.034146
67.46900177 2.65300012 390.01800537 -0.963274 0.237253 -0.125757
67.54299927 2.95300007 390.01800537 -0.972891 0.206598 -0.103925
60.11800003 24.44099998 383.41799927 -0.631931 -0.674830 0.381139
60.30799866 24.25300026 383.41799927 -0.663904 -0.663904 0.344186
60.11800003 24.28899956 383.11801147 -0.653904 -0.689425 0.311614
60.60100174 23.95299911 383.41799927 -0.685495 -0.659689 0.308070
60.47100067 23.95299911 383.11801147 -0.686750 -0.670742 0.280143
61.01800156 -10.38799953 388.21798706 -0.722442 0.639877 -0.261984
61.25600052 -10.24699974 387.91799927 -0.737692 0.613416 -0.282012
61.01800156 -10.52999973 387.91799927 -0.709640 0.688457 -0.149796
60.99100113 -10.54699993 387.61801147 -0.688176 0.672209 -0.273035
61.37300110 -10.24699974 387.61801147 -0.725816 0.630104 -0.275970
61.48500061 -10.24699974 387.31799316 -0.719209 0.636284 -0.279072
61.31800079 -10.44200039 387.31799316 -0.616769 0.746117 -0.250809
26.61100006 19.15299988 380.71798706 0.822740 -0.534856 0.192427
26.52000046 19.15299988 381.01800537 0.806318 -0.535992 0.250129
63.05099869 18.55299950 378.01800537 -0.803345 -0.546398 0.236824
62.94800186 18.55299950 377.71798706 -0.793465 -0.564551 0.227367
62.64099884 18.85300064 377.41799927 -0.764943 -0.584397 0.270818
62.55400085 18.85300064 377.11801147 -0.714967 -0.648384 0.261573
26.93099976 19.45299911 380.11801147 0.774191 -0.583380 0.245552
26.83799934 19.45299911 380.41799927 0.797773 -0.572017 0.190672
27.07999992 19.75300026 380.41799927 0.777867 -0.593027 0.207945
62.86399841 18.55299950 377.41799927 -0.790832 -0.583601 0.184375
62.84799957 18.55299950 377.11801147 -0.768735 -0.609157 0.194869
63.02899933 18.25300026 377.11801147 -0.802605 -0.557066 0.213312
63.12500000 18.25300026 377.41799927 -0.765404 -0.607685 0.211839
26.70199966 19.15299988 380.11801147 0.794286 -0.562039 0.230699
26.64800072 19.15299988 380.41799927 0.839064 -0.529705 0.124036
52.91799927 -11.71500015 398.11801147 -0.329980 0.877412 -0.348227
53.21799850 -11.59000015 398.11801147 -0.345977 0.873326 -0.342929
52.91799927 -11.60400009 398.41799927 -0.333574 0.875821 -0.348805
53.21799850 -11.49499989 398.41799927 -0.342929 0.873326 -0.345977
63.34500122 17.35300064 376.21798706 -0.802453 -0.533405 0.267484
63.54800034 17.05299950 376.21798706 -0.817233 -0.516392 0.255870
63.25799942 17.35300064 375.91799927 -0.800802 -0.522812 0.292206
63.42300034 17.05299950 375.91799927 -0.797346 -0.518354 0.309110
49.01800156 -16.58699989 389.71798706 -0.288105 0.801342 -0.524257
26.49699974 18.85300064 380.11801147 0.826579 -0.531480 0.185190
26.45999908 18.85300064 380.41799927 0.828255 -0.540811 0.146686
26.67799950 18.85300064 379.51800537 0.820654 -0.543589 0.176177
26.90299988 19.15299988 379.51800537 0.770367 -0.603634 0.205328
26.59900093 18.85300064 379.81799316 0.799672 -0.544026 0.254087
26.81100082 19.15299988 379.81799316 0.779849 -0.572726 0.252627
52.91799927 -11.46399975 398.71798706 -0.326496 0.866056 -0.378612
53.21799850 -11.36499977 398.71798706 -0.337230 0.863863 -0.374187
52.91799927 -11.34200001 399.01800537 -0.337230 0.863863 -0.374187
53.21799850 -11.22799969 399.01800537 -0.328611 0.869674 -0.368350
55.04499817 -14.74699974 388.81799316 -0.479146 0.745886 -0.462680
52.31800079 -11.68900013 398.71798706 -0.286659 0.895622 -0.340129
52.61800003 -11.59099960 398.71798706 -0.327084 0.874759 -0.357510
23.17600060 11.65299988 378.91799927 0.928068 -0.364550 0.076115
23.31599998 11.95300007 378.91799927 0.957218 -0.276988 0.083740
23.20599937 11.65299988 379.21798706 0.949006 -0.312089 0.044584
23.29500008 11.95300007 379.21798706 0.956007 -0.285394 0.067829
49.01800156 -16.40500069 390.01800537 -0.170106 0.853488 -0.492567
57.41799927 25.12500000 380.11801147 -0.541812 -0.756584 0.366089
23.37899971 12.25300026 378.91799927 0.955176 -0.277561 0.102945
23.50000000 12.55300045 378.91799927 0.921482 -0.375419 0.099657
23.36599922 12.25300026 379.21798706 0.951375 -0.295434 0.087199
23.46599960 12.55300045 379.21798706 0.930834 -0.354922 0.087056
23.16099930 11.65299988 379.51800537 0.954016 -0.281363 0.103384
48.71799850 -16.43400002 390.01800537 -0.185797 0.860614 -0.474155
23.24500084 11.95300007 379.51800537 0.955865 -0.275153 0.103020
23.13500023 11.65299988 379.81799316 0.953322 -0.278217 0.117352
23.21999931 11.95300007 379.81799316 0.953565 -0.283846 0.100720
57.11800003 25.33799934 380.11801147 -0.534626 -0.770443 0.347265
23.33600044 12.25300026 379.51800537 0.949173 -0.300637 0.093211
23.45100021 12.55300045 379.51800537 0.940064 -0.328424 0.091746
23.31599998 12.25300026 379.81799316 0.943423 -0.317128 0.096863
23.41300011 12.55300045 379.81799316 0.942821 -0.314274 0.110999
38.51800156 24.78199959 372.61801147 0.309563 -0.883389 0.351845
38.81800079 24.81599998 372.31799316 0.228493 -0.918283 0.323339
38.51800156 24.69700050 372.31799316 0.337498 -0.896525 0.286947
38.81800079 24.92000008 372.61801147 0.266581 -0.892078 0.364873
27.52199936 -5.44700003 395.41799927 0.770229 0.552451 -0.318660
27.71699905 -5.74700022 395.41799927 0.771883 0.561804 -0.297613
23.55100060 12.85299969 379.51800537 0.923704 -0.362048 0.125271
23.68000031 13.15299988 379.51800537 0.906318 -0.398893 0.139542
27.38400078 -5.44700003 395.11801147 0.768201 0.582066 -0.266583
23.62000084 13.15299988 379.81799316 0.910597 -0.387039 0.144964
27.60000038 -5.74700022 395.11801147 0.786627 0.572516 -0.231178
54.97200012 23.05299950 372.01800537 -0.360366 -0.894243 0.265455
54.71799850 23.12800026 372.01800537 -0.360442 -0.866594 0.345104
27.29199982 -5.44700003 394.81799316 0.752847 0.604487 -0.260419
55.01800156 23.04100037 372.01800537 -0.375759 -0.911747 0.165901
27.55500031 -5.74700022 394.81799316 0.762304 0.595698 -0.253054
52.31800079 -11.58399963 399.01800537 -0.320904 0.884370 -0.338983
27.20700073 -5.44700003 394.51800537 0.771681 0.590842 -0.235402
27.41200066 -5.74700022 394.51800537 0.771866 0.557725 -0.305231
23.51199913 12.85299969 379.81799316 0.934651 -0.333318 0.123804
57.41799927 25.26000023 380.41799927 -0.541998 -0.762033 0.354321
54.11800003 23.55299950 372.31799316 -0.426347 -0.848044 0.314722
54.41799927 23.42099953 372.31799316 -0.405434 -0.849704 0.337085
54.41799927 23.52499962 372.61801147 -0.354908 -0.857049 0.373506
23.82500076 13.45300007 379.51800537 0.914337 -0.379457 0.141421
23.92799950 13.75300026 379.51800537 0.920285 -0.366165 0.137834
23.76700020 13.45300007 379.81799316 0.912501 -0.377733 0.157035
23.88899994 13.75300026 379.81799316 0.915653 -0.372731 0.150499
54.11800003 23.65399933 372.61801147 -0.420292 -0.832714 0.360475
53.51800156 24.10700035 372.91799927 -0.386261 -0.846020 0.367495
53.81800079 23.98100090 372.91799927 -0.408184 -0.824309 0.392301
53.51800156 24.24399948 373.21798706 -0.400554 -0.837236 0.372280
53.81800079 24.11599922 373.21798706 -0.354347 -0.847624 0.394933
23.97500038 14.05300045 380.11801147 0.908316 -0.383574 0.166833
24.07200050 14.35299969 380.11801147 0.913941 -0.374334 0.156797
23.90200043 14.05300045 380.41799927 0.911197 -0.378367 0.162967
24.03400040 14.35299969 380.41799927 0.911362 -0.373929 0.172036
53.21799850 24.46299934 373.51800537 -0.377483 -0.829200 0.412231
52.91799927 24.66500092 373.51800537 -0.413037 -0.788820 0.455151
52.91799927 24.80400085 373.81799316 -0.339442 -0.864732 0.370160
53.21799850 24.68099976 373.81799316 -0.398951 -0.793055 0.460328
66.99700165 12.55300045 382.81799316 -0.954838 -0.268094 0.128104
67.06800079 12.25300026 382.81799316 -0.963664 -0.238658 0.119974
66.95899963 12.55300045 382.51800537 -0.955747 -0.262336 0.133145
67.04000092 12.25300026 382.51800537 -0.958438 -0.251114 0.135417
24.74699974 -1.54700005 393.91799927 0.880661 0.417311 -0.224249
24.68600082 -1.54700005 393.61801147 0.881444 0.431157 -0.192770
24.45800018 -1.24699998 393.31799316 0.878393 0.414506 -0.237929
24.61499977 -1.54700005 393.31799316 0.871637 0.426033 -0.242372
24.84000015 16.45299911 381.31799316 0.901674 -0.409080 0.140135
24.96899986 16.75300026 381.31799316 0.887378 -0.429937 0.166474
24.79100037 16.45299911 381.61801147 0.892213 -0.422324 0.159993
24.91300011 16.75300026 381.61801147 0.898271 -0.414258 0.146627
24.66699982 -1.84700000 393.01800537 0.885124 0.397190 -0.242479
24.59300041 -1.84700000 392.71798706 0.896605 0.404124 -0.181059
24.79100037 -2.14700007 393.01800537 0.880525 0.400511 -0.253507
24.71800041 -2.14700007 392.71798706 0.897736 0.398833 -0.187089
54.71799850 27.56299973 381.91799927 -0.374801 -0.850690 0.368580
55.01800156 27.41900063 381.91799927 -0.433868 -0.818468 0.376654
24.53899956 -1.84700000 392.41799927 0.899318 0.407481 -0.158703
24.67399979 -2.14700007 392.41799927 0.900364 0.405092 -0.158888
24.48100090 -1.84700000 392.11801147 0.895819 0.411124 -0.168777
24.62000084 -2.14700007 392.11801147 0.899405 0.405951 -0.162094
54.41799927 27.57200050 381.61801147 -0.363489 -0.866545 0.342017
54.11800003 27.68600082 381.61801147 -0.354852 -0.875708 0.327439
54.11800003 27.57999992 381.31799316 -0.358907 -0.864150 0.352746
54.41799927 27.44599915 381.31799316 -0.392308 -0.833457 0.389157
24.54700089 -2.44700003 391.21798706 0.865876 0.433694 -0.249336
24.71100044 -2.74699998 391.21798706 0.881447 0.410149 -0.234158
24.45499992 -2.44700003 390.91799927 0.891757 0.390604 -0.228467
24.60000038 -2.74699998 390.91799927 0.864160 0.432839 -0.256666
53.21799850 26.76700020 378.61801147 -0.315137 -0.849163 0.423805
52.91799927 26.87800026 378.61801147 -0.324797 -0.860482 0.392527
52.91799927 26.73999977 378.31799316 -0.333720 -0.862751 0.379857
24.67900085 -3.04699993 390.61801147 0.878860 0.441631 -0.180467
24.62199974 -3.04699993 390.31799316 0.864718 0.462870 -0.194971
25.12599945 17.05299950 381.31799316 0.871935 -0.457288 0.174975
25.27599907 17.35300064 381.31799316 0.859973 -0.482352 0.166684
25.06800079 17.05299950 381.61801147 0.875324 -0.454467 0.165128
24.54500008 -3.04699993 390.01800537 0.877240 0.442294 -0.186616
24.70700073 -3.34699988 390.01800537 0.885000 0.416731 -0.207629
25.22999954 17.35300064 381.61801147 0.854291 -0.488803 0.176801
24.48800087 -3.04699993 389.71798706 0.899048 0.404212 -0.168302
24.63999939 -3.34699988 389.71798706 0.889011 0.416040 -0.191232
24.43300056 -3.04699993 389.41799927 0.890497 0.401827 -0.213425
24.57200050 -3.34699988 389.41799927 0.885000 0.416731 -0.207629
24.35499954 -3.04699993 389.11801147 0.891657 0.401026 -0.210061
24.48699951 -3.34699988 389.11801147 0.880491 0.415663 -0.227944
65.40399933 18.55299950 386.41799927 -0.869292 -0.454638 0.193999
65.33499908 18.55299950 386.11801147 -0.866143 -0.450274 0.216910
65.49099731 18.25300026 386.11801147 -0.881410 -0.422188 0.211835
24.70299911 -3.64700007 389.41799927 0.880179 0.436416 -0.186616
24.64299965 -3.64700007 389.11801147 0.869590 0.437048 -0.229788
25.01700020 17.05299950 381.91799927 0.891688 -0.433756 0.129416
25.16099930 17.35300064 381.91799927 0.869569 -0.470470 0.150026
24.97200012 17.05299950 382.21798706 0.865260 -0.464539 0.188487
25.12599945 17.35300064 382.21798706 0.862710 -0.477650 0.166075
24.55699921 -3.64700007 388.81799316 0.887637 0.406157 -0.217109
24.70000076 -3.94700003 388.81799316 0.862513 0.425913 -0.273256
24.49699974 -3.64700007 388.51800537 0.928481 0.341781 -0.145291
24.61100006 -3.94700003 388.51800537 0.899458 0.378796 -0.217918
67.00099945 13.75300026 385.21798706 -0.945509 -0.300905 0.124374
67.09500122 13.45300007 385.21798706 -0.961866 -0.233615 0.142257
66.93699646 13.75300026 384.91799927 -0.950007 -0.277365 0.143372
67.04399872 13.45300007 384.91799927 -0.957891 -0.217158 0.187848
65.43099976 17.95299911 385.21798706 -0.886062 -0.411333 0.213775
65.33499908 17.95299911 384.91799927 -0.877116 -0.397042 0.270230
65.47899628 17.65299988 384.91799927 -0.862708 -0.433636 0.260182
24.45199966 -3.64700007 388.21798706 0.928005 0.328931 -0.174963
24.55999947 -3.94700003 388.21798706 0.920566 0.355577 -0.161626
24.40200043 -3.64700007 387.91799927 0.907156 0.355605 -0.224975
24.50499916 -3.94700003 387.91799927 0.917030 0.360312 -0.170972
24.66200066 -4.24700022 388.21798706 0.878847 0.443080 -0.176939
24.63500023 -4.24700022 387.91799927 0.899614 0.409175 -0.152549
24.57699966 -4.24700022 387.61801147 0.895553 0.395913 -0.203070
24.71500015 -4.54699993 387.61801147 0.856168 0.466589 -0.221970
24.49900055 -4.24700022 387.31799316 0.898023 0.384032 -0.214649
24.63100052 -4.54699993 387.31799316 0.869212 0.441338 -0.222913
24.41600037 -4.24700022 387.01800537 0.899693 0.383500 -0.208519
24.57399940 -4.54699993 387.01800537 0.882653 0.425854 -0.198928
55.31800079 26.69599915 380.71798706 -0.415345 -0.838526 0.352651
24.36100006 -4.24700022 386.71798706 0.920710 0.365229 -0.137482
24.50399971 -4.54699993 386.71798706 0.889841 0.428335 -0.157200
55.31800079 26.84300041 381.01800537 -0.433076 -0.813416 0.388330
55.61800003 26.67000008 381.01800537 -0.437480 -0.819280 0.370664
24.71400070 -4.84700012 387.01800537 0.877691 0.424689 -0.222030
24.64599991 -4.84700012 386.71798706 0.893776 0.412846 -0.175279
24.60300064 -4.84700012 386.41799927 0.908086 0.360628 -0.212901
24.51799965 -4.84700012 386.11801147 0.936607 0.277772 -0.213563
24.57999992 -5.14699984 386.11801147 0.873278 0.352054 -0.336814
24.72599983 -5.14699984 386.41799927 0.882977 0.391268 -0.259346
55.61800003 26.55800056 380.71798706 -0.428604 -0.836799 0.340685
57.71799850 24.91699982 380.11801147 -0.541812 -0.756584 0.366089
67.53900146 7.75299978 378.61801147 -0.975427 -0.217161 -0.037193
67.60099792 7.45300007 378.61801147 -0.967368 -0.232626 -0.100423
67.60199738 7.75299978 378.31799316 -0.907272 -0.258594 -0.331644
65.84200287 16.15299988 383.41799927 -0.889800 -0.399893 0.219868
65.95300293 15.85299969 383.41799927 -0.920617 -0.341863 0.188663
65.75499725 16.15299988 383.11801147 -0.886433 -0.406960 0.220498
65.89499664 15.85299969 383.11801147 -0.903401 -0.378471 0.201561
47.21799850 -12.70600033 399.01800537 -0.094190 0.918690 -0.383584
46.91799927 -12.72000027 399.01800537 -0.085081 0.922384 -0.376787
47.21799850 -12.85299969 398.71798706 -0.084040 0.899641 -0.428466
46.91799927 -12.86999989 398.71798706 -0.057498 0.915956 -0.397137
21.94599915 4.15299988 381.61801147 0.997014 0.015961 -0.075548
21.98500061 3.85299993 381.61801147 0.993736 0.005418 -0.111619
21.93000031 4.15299988 381.31799316 0.975864 -0.069792 -0.206927
21.89200020 3.85299993 381.31799316 0.933570 -0.072832 -0.350916
66.09799957 14.95300007 382.21798706 -0.912092 -0.377564 0.159793
66.04399872 14.95300007 381.91799927 -0.920566 -0.355577 0.161626
47.51800156 -12.95199966 398.41799927 -0.116871 0.894133 -0.432282
47.81800079 -13.06099987 398.11801147 -0.160642 0.884254 -0.438509
47.51800156 -13.10999966 398.11801147 -0.107138 0.903018 -0.416028
66.20400238 14.65299988 382.21798706 -0.927148 -0.331424 0.174802
66.14499664 14.65299988 381.91799927 -0.931030 -0.304726 0.200810
47.81800079 -12.90999985 398.41799927 -0.150203 0.894067 -0.422000
57.71799850 25.03700066 380.41799927 -0.540410 -0.769480 0.340378
66.90499878 12.55300045 382.21798706 -0.949054 -0.275966 0.152118
48.11800003 -12.98999977 398.11801147 -0.183061 0.883087 -0.432025
66.99400330 12.25300026 382.21798706 -0.957305 -0.252200 0.141285
66.86799622 12.55300045 381.91799927 -0.951548 -0.270917 0.145468
48.41799927 -13.07800007 397.81799316 -0.169934 0.887434 -0.428466
48.11800003 -13.14700031 397.81799316 -0.186134 0.880839 -0.435290
48.41799927 -13.22799969 397.51800537 -0.187089 0.897736 -0.398833
48.11800003 -13.29300022 397.51800537 -0.158026 0.904024 -0.397201
66.94699860 12.25300026 381.91799927 -0.957525 -0.251564 0.140929
49.01800156 -13.23200035 397.21798706 -0.183541 0.900361 -0.394540
48.71799850 -13.28899956 397.21798706 -0.176499 0.905456 -0.386003
49.01800156 -13.36299992 396.91799927 -0.187089 0.897736 -0.398833
48.71799850 -13.42399979 396.91799927 -0.145972 0.905594 -0.398235
49.01800156 -12.96700001 397.81799316 -0.179544 0.903464 -0.389251
48.71799850 -13.03600025 397.81799316 -0.178297 0.894384 -0.410228
49.01800156 -13.08800030 397.51800537 -0.193684 0.895605 -0.400474
48.71799850 -13.16300011 397.51800537 -0.183064 0.900907 -0.393516
49.61800003 -13.11999989 397.21798706 -0.176235 0.906967 -0.382560
49.31800079 -13.17800045 397.21798706 -0.167819 0.902207 -0.397315
49.61800003 -13.24100018 396.91799927 -0.187827 0.910461 -0.368486
49.31800079 -13.29100037 396.91799927 -0.182253 0.905523 -0.383161
66.72699738 11.65299988 379.21798706 -0.955378 -0.275766 0.105863
66.62400055 11.95300007 379.21798706 -0.951333 -0.288163 0.109213
66.59999847 11.95300007 378.91799927 -0.943430 -0.282619 0.173395
66.69100189 11.65299988 378.91799927 -0.942536 -0.288643 0.168261
66.61900330 11.35299969 378.01800537 -0.935098 -0.319938 0.152417
66.71700287 11.05300045 378.01800537 -0.933600 -0.321313 0.158588
66.55899811 11.35299969 377.71798706 -0.940046 -0.299665 0.162832
66.65899658 11.05300045 377.71798706 -0.934009 -0.314104 0.170197
49.61800003 -13.36999989 396.61801147 -0.183000 0.903474 -0.387615
49.31800079 -13.42599964 396.61801147 -0.209757 0.893301 -0.397512
49.61800003 -13.48999977 396.31799316 -0.197560 0.891217 -0.408292
66.83899689 10.45300007 377.41799927 -0.917294 -0.386877 -0.094327
66.73200226 10.75300026 377.11801147 -0.878660 -0.465506 -0.106118
66.91600037 10.45300007 377.11801147 -0.829527 -0.491514 -0.265139
67.07399750 13.75300026 385.81799316 -0.950505 -0.281286 0.131978
67.15599823 13.45300007 385.81799316 -0.967488 -0.221689 0.121737
67.03399658 13.75300026 385.51800537 -0.946784 -0.301431 0.112870
67.11900330 13.45300007 385.51800537 -0.966376 -0.235546 0.103131
50.21799850 -13.21899986 396.61801147 -0.214001 0.901132 -0.377049
49.91799927 -13.29699993 396.61801147 -0.214649 0.898023 -0.384032
50.21799850 -13.34899998 396.31799316 -0.232819 0.888272 -0.395941
49.91799927 -13.43500042 396.31799316 -0.212178 0.897002 -0.387774
50.21799850 -13.48600006 396.01800537 -0.227031 0.882899 -0.411030
50.51800156 -13.55599976 395.71798706 -0.269041 0.882274 -0.386277
58.31800079 21.49900055 373.51800537 -0.601605 -0.724845 0.335666
50.81800079 -13.32600021 396.01800537 -0.235688 0.903226 -0.358655
50.51800156 -13.40900040 396.01800537 -0.249376 0.882523 -0.398703
50.81800079 -13.43900013 395.71798706 -0.281529 0.880718 -0.380892
58.73699951 21.25300026 373.81799316 -0.616596 -0.716935 0.325291
58.31800079 21.63999939 373.81799316 -0.600702 -0.730233 0.325448
58.61800003 21.51199913 374.11801147 -0.608747 -0.709933 0.354150
58.31800079 21.76700020 374.11801147 -0.581735 -0.746104 0.323903
58.61800003 21.66200066 374.41799927 -0.614700 -0.715258 0.332490
52.31800079 -13.59500027 394.21798706 -0.323849 0.877282 -0.354258
52.61800003 -13.62100029 393.91799927 -0.337085 0.849704 -0.405434
52.31800079 -13.72799969 393.91799927 -0.306812 0.868538 -0.389239
52.61800003 -13.48600006 394.21798706 -0.341324 0.870912 -0.353569
53.21799850 -13.25399971 394.21798706 -0.357768 0.867550 -0.345484
52.91799927 -13.37300014 394.21798706 -0.336087 0.877476 -0.342170
53.21799850 -13.37100029 393.91799927 -0.334794 0.869853 -0.362311
52.91799927 -13.48400021 393.91799927 -0.352909 0.850402 -0.390221
67.18900299 2.05299997 391.51800537 -0.959463 0.266589 -0.091439
67.25399780 2.35299993 391.51800537 -0.963970 0.247073 -0.098573
67.14499664 2.05299997 391.81799316 -0.958191 0.263925 -0.110511
67.22599792 2.35299993 391.81799316 -0.959450 0.264720 -0.096849
67.10199738 2.05299997 392.11801147 -0.956424 0.270095 -0.110909
67.20099640 2.35299993 392.11801147 -0.953102 0.286323 -0.098056
67.06600189 2.05299997 392.41799927 -0.953517 0.281989 -0.106238
67.16500092 2.35299993 392.41799927 -0.947653 0.304461 -0.096215
66.94400024 1.45299995 392.11801147 -0.953755 0.281286 -0.105973
67.02700043 1.75300002 392.11801147 -0.957342 0.263236 -0.119177
66.89800262 1.45299995 392.41799927 -0.954780 0.274483 -0.114258
66.99400330 1.75300002 392.41799927 -0.958567 0.261427 -0.113155
54.71799850 -13.56299973 391.81799316 -0.405122 0.857997 -0.315780
54.71799850 -13.70300007 391.51800537 -0.439927 0.821091 -0.363694
55.01800156 -13.43599987 391.81799316 -0.423389 0.848329 -0.317930
55.01800156 -13.54500008 391.51800537 -0.407350 0.844353 -0.348042
66.34600067 14.05300045 381.91799927 -0.927914 -0.324279 0.183898
66.24099731 14.35299969 381.91799927 -0.923715 -0.324932 0.202905
66.41100311 14.05300045 382.21798706 -0.932871 -0.305379 0.191036
66.30899811 14.35299969 382.21798706 -0.928273 -0.321595 0.186778
55.91799927 -13.06400013 391.51800537 -0.474320 0.806504 -0.352946
55.61800003 -13.10299969 391.81799316 -0.456496 0.815966 -0.354699
55.31800079 -13.27499962 391.81799316 -0.456496 0.815966 -0.354699
55.61800003 -13.23299980 391.51800537 -0.458476 0.809922 -0.365823
55.31800079 -13.39900017 391.51800537 -0.433798 0.828159 -0.354925
55.61800003 -13.37899971 391.21798706 -0.460654 0.818412 -0.343511
55.31800079 -13.53499985 391.21798706 -0.418393 0.838353 -0.349444
55.61800003 -13.48799992 390.91799927 -0.468618 0.822054 -0.323457
56.21799850 -13.01099968 391.21798706 -0.495771 0.794197 -0.351372
55.91799927 -13.20100021 391.21798706 -0.479609 0.807846 -0.342578
56.21799850 -13.14099979 390.91799927 -0.484807 0.809072 -0.332212
55.91799927 -13.30900002 390.91799927 -0.472296 0.819805 -0.323815
66.25299835 14.65299988 382.51800537 -0.923556 -0.350700 0.155090
66.13999939 14.95300007 382.51800537 -0.921286 -0.362678 0.140347
66.30599976 14.65299988 382.81799316 -0.921907 -0.352205 0.161369
66.18299866 14.95300007 382.81799316 -0.911524 -0.380155 0.156867
56.81800079 -13.10900021 390.01800537 -0.488658 0.811267 -0.321028
56.51800156 -13.28899956 390.01800537 -0.504816 0.790077 -0.347762
56.81800079 -13.25500011 389.71798706 -0.501672 0.801082 -0.326485
56.51800156 -13.45499992 389.71798706 -0.522379 0.779550 -0.345574
65.90899658 -1.54700005 391.51800537 -0.912172 0.375934 -0.163141
66.02899933 -1.24699998 391.51800537 -0.913260 0.378531 -0.150568
65.84200287 -1.54700005 391.81799316 -0.916110 0.379511 -0.129284
65.97399902 -1.24699998 391.81799316 -0.905649 0.401415 -0.136622
57.11800003 -13.05900002 389.71798706 -0.521469 0.784611 -0.335345
57.41799927 -12.73099995 390.01800537 -0.535232 0.781279 -0.321139
57.11800003 -12.93799973 390.01800537 -0.517619 0.794744 -0.316942
57.41799927 -12.84099960 389.71798706 -0.539630 0.776619 -0.325059
65.64700317 -2.14700007 391.51800537 -0.905994 0.401568 -0.133856
65.76599884 -1.84700000 391.51800537 -0.910459 0.383724 -0.154339
65.62400055 -2.14700007 391.81799316 -0.902717 0.409814 -0.130971
65.73899841 -1.84700000 391.81799316 -0.921338 0.368812 -0.122937
27.43000031 20.95299911 382.21798706 0.776848 -0.579901 0.245403
27.22100067 20.65299988 382.21798706 0.802605 -0.557066 0.213312
27.52799988 20.95299911 381.91799927 0.780203 -0.588628 0.211659
27.30599976 20.65299988 381.91799927 0.784520 -0.584152 0.208075
27.14999962 20.35300064 381.61801147 0.783108 -0.586177 0.207700
27.23900032 20.35300064 381.31799316 0.769352 -0.583701 0.259597
65.76499939 -2.14700007 390.91799927 -0.896386 0.410064 -0.168342
65.88800049 -1.84700000 390.91799927 -0.910942 0.382737 -0.153942
65.70099640 -2.14700007 391.21798706 -0.902794 0.394703 -0.170799
65.82800293 -1.84700000 391.21798706 -0.902348 0.394508 -0.173584
65.51799774 -2.44700003 391.51800537 -0.890770 0.434696 -0.132547
65.61699677 -2.44700003 390.91799927 -0.882138 0.440342 -0.167127
65.55899811 -2.44700003 391.21798706 -0.888423 0.433412 -0.151190
58.31800079 -12.37800026 389.41799927 -0.587458 0.756213 -0.288157
58.31800079 -12.43700027 389.11801147 -0.578780 0.776413 -0.249393
65.37000275 -2.74699998 391.51800537 -0.885580 0.439190 -0.151197
58.01800156 -12.57600021 389.41799927 -0.534294 0.800658 -0.271064
65.31400299 -2.74699998 391.81799316 -0.869310 0.463338 -0.172097
57.71799850 -12.77099991 389.41799927 -0.541661 0.778139 -0.317966
65.45899963 -2.44700003 391.81799316 -0.882685 0.447822 -0.142554
58.01800156 -12.65400028 389.11801147 -0.565064 0.777160 -0.276992
57.71799850 -12.89900017 389.11801147 -0.593150 0.744251 -0.307024
58.31800079 -12.57699966 388.81799316 -0.567837 0.749027 -0.341349
58.61800003 -12.46599960 388.51800537 -0.585637 0.729191 -0.353992
58.31800079 -12.71700001 388.51800537 -0.571402 0.746221 -0.341546
58.01800156 -12.76399994 388.81799316 -0.560672 0.749188 -0.352654
65.45700073 -2.74699998 390.91799927 -0.885292 0.430249 -0.176475
65.40699768 -2.74699998 391.21798706 -0.892859 0.428629 -0.138130
65.19899750 -3.34699988 390.91799927 -0.879026 0.437305 -0.189940
65.32499695 -3.04699993 390.91799927 -0.903464 0.389251 -0.179544
65.13300323 -3.34699988 391.21798706 -0.869956 0.452022 -0.197111
65.26999664 -3.04699993 391.21798706 -0.894539 0.416299 -0.162774
65.05599976 -3.34699988 391.51800537 -0.856234 0.471004 -0.212177
65.21299744 -3.04699993 391.51800537 -0.872887 0.451899 -0.183998
64.98500061 -3.34699988 391.81799316 -0.871596 0.461433 -0.165530
65.14600372 -3.04699993 391.81799316 -0.865291 0.465926 -0.184891
58.91799927 -12.52799988 387.61801147 -0.310895 0.915334 -0.255946
59.21799850 -12.42300034 387.61801147 -0.420338 0.780627 -0.462534
58.25899887 -12.94699955 387.91799927 -0.647070 0.733967 -0.206380
63.79100037 -5.74700022 390.91799927 -0.821145 0.544928 -0.169633
63.98199844 -5.44700003 390.91799927 -0.825365 0.519107 -0.222037
63.72900009 -5.74700022 391.21798706 -0.807376 0.554022 -0.202989
63.91299820 -5.44700003 391.21798706 -0.852941 0.481185 -0.202367
58.01800156 24.67700005 380.11801147 -0.568562 -0.741248 0.356776
58.01800156 24.84000015 380.41799927 -0.563535 -0.748674 0.349164
44.81800079 -12.99899960 398.71798706 0.016949 0.913949 -0.405475
44.51800156 -12.96500015 398.71798706 0.063291 0.914351 -0.399945
62.94100189 -6.94700003 390.91799927 -0.797266 0.554822 -0.237781
62.86500168 -6.94700003 391.21798706 -0.777079 0.587850 -0.224903
63.05899811 -6.64699984 391.21798706 -0.791573 0.577220 -0.200573
66.82800293 12.85299969 382.21798706 -0.938202 -0.308169 0.157508
66.76100159 12.85299969 381.91799927 -0.942774 -0.307982 0.127765
62.69699860 -7.54699993 390.31799316 -0.777011 0.583926 -0.235127
62.88199997 -7.24700022 390.31799316 -0.813124 0.536447 -0.225953
62.59299850 -7.54699993 390.61801147 -0.746800 0.607271 -0.271131
62.83800125 -7.24700022 390.61801147 -0.794850 0.562438 -0.227764
62.71699905 -7.24700022 390.91799927 -0.756671 0.594867 -0.271259
62.60699844 -7.24700022 391.21798706 -0.756781 0.602592 -0.253309
62.20199966 -8.14700031 390.31799316 -0.744356 0.614766 -0.260762
62.45299911 -7.84700012 390.31799316 -0.746973 0.614318 -0.254255
62.09899902 -8.14700031 390.61801147 -0.731327 0.629798 -0.261755
62.34600067 -7.84700012 390.61801147 -0.750339 0.611911 -0.250113
66.71099854 13.15299988 382.21798706 -0.931612 -0.328071 0.156422
66.66200256 13.15299988 381.91799927 -0.936171 -0.329218 0.123287
61.38299942 -9.34700012 389.71798706 -0.724525 0.645943 -0.240461
61.63499832 -9.04699993 389.71798706 -0.721878 0.646057 -0.247997
61.54800034 -9.04699993 390.01800537 -0.736609 0.629351 -0.247639
61.28099823 -9.34700012 390.01800537 -0.720201 0.654301 -0.230653
50.21799850 -16.12100029 390.01800537 -0.255384 0.821872 -0.509220
49.91799927 -16.22400093 390.01800537 -0.162305 0.829395 -0.534565
61.09299850 -9.64700031 389.71798706 -0.723084 0.640808 -0.257905
60.72000122 -9.94699955 390.01800537 -0.691335 0.688214 -0.220041
61.01800156 -9.63000011 390.01800537 -0.711742 0.664814 -0.226819
50.21799850 -16.33600044 389.71798706 -0.295459 0.864943 -0.405681
49.91799927 -16.44499969 389.71798706 -0.303890 0.853051 -0.424212
67.11199951 2.35299993 393.01800537 -0.958068 0.266491 -0.105297
67.02999878 2.05299997 393.01800537 -0.954019 0.286855 -0.086965
67.13999939 2.35299993 392.71798706 -0.953800 0.286789 -0.089540
67.03600311 2.05299997 392.71798706 -0.953957 0.288646 -0.081546
59.81800079 -10.92700005 389.71798706 -0.620171 0.743258 -0.250909
59.51800156 -11.06999969 390.01800537 -0.630472 0.711095 -0.311205
59.81800079 -10.81599998 390.01800537 -0.627937 0.723806 -0.286007
65.76200104 -4.24700022 385.21798706 -0.864149 0.456786 -0.211170
65.63600159 -4.54699993 385.21798706 -0.903167 0.396478 -0.164603
65.83999634 -4.24700022 384.91799927 -0.889489 0.435464 -0.138492
65.70200348 -4.54699993 384.91799927 -0.897736 0.398833 -0.187089
22.55299950 3.85299993 390.91799927 0.980768 0.183669 -0.066025
59.51800156 -11.19699955 389.71798706 -0.649300 0.709922 -0.272802
57.11800003 -13.29199982 389.11801147 -0.448034 0.838307 -0.310657
57.41799927 -13.14500046 389.11801147 -0.526929 0.791190 -0.310427
57.11800003 -13.18000031 389.41799927 -0.475228 0.819413 -0.320502
57.41799927 -12.98299980 389.41799927 -0.541119 0.758866 -0.362371
57.11800003 21.98100090 372.31799316 -0.543012 -0.828498 0.136857
57.40200043 21.85300064 372.61801147 -0.588049 -0.805527 0.072970
57.11800003 22.04100037 372.61801147 -0.534500 -0.816300 0.219007
56.21799850 -14.14700031 388.57598877 -0.693124 0.716374 -0.079920
56.90700150 22.15299988 372.61801147 -0.520359 -0.798728 0.302093
56.81800079 22.24799919 372.61801147 -0.490073 -0.773371 0.402153
57.11800003 22.14200020 372.91799927 -0.586239 -0.755561 0.292321
56.21799850 -14.08100033 388.81799316 -0.632193 0.718619 -0.289688
57.41799927 21.90500069 372.91799927 -0.581141 -0.770130 0.263010
57.41799927 22.03300095 373.21798706 -0.562573 -0.759232 0.327227
57.11800003 22.23399925 373.21798706 -0.573056 -0.756048 0.316224
56.81800079 22.40200043 372.91799927 -0.532026 -0.789304 0.306510
56.72000122 22.45299911 372.91799927 -0.509211 -0.793348 0.333621
56.51800156 22.54299927 372.91799927 -0.390254 -0.878448 0.275739
56.51800156 22.65800095 373.21798706 -0.483080 -0.797644 0.361106
56.81800079 22.47299957 373.21798706 -0.524795 -0.794327 0.305998
56.21799850 22.97599983 373.51800537 -0.409315 -0.863088 0.295872
55.91799927 -14.44699955 388.58300781 -0.591687 0.792411 -0.148296
55.91799927 -14.36499977 388.81799316 -0.553546 0.751589 -0.358750
55.61800003 23.87599945 374.71798706 -0.451796 -0.809401 0.375166
55.31800079 24.03499985 374.71798706 -0.427684 -0.828539 0.361401
55.31800079 24.17200089 375.01800537 -0.409113 -0.829283 0.380680
55.61800003 24.01399994 375.01800537 -0.465895 -0.805309 0.366632
48.41799927 29.15399933 381.01800537 -0.183541 -0.879526 0.439029
48.11800003 29.23800087 381.01800537 -0.172289 -0.890401 0.421311
48.11800003 29.07999992 380.71798706 -0.193733 -0.892919 0.406402
48.41799927 29.00000000 380.71798706 -0.149169 -0.902117 0.404887
47.21799850 28.79199982 379.81799316 -0.083348 -0.911363 0.403077
46.91799927 28.81299973 379.81799316 -0.096996 -0.919410 0.381152
47.21799850 28.66200066 379.51800537 -0.094630 -0.912015 0.399092
46.91799927 28.70800018 379.51800537 -0.120683 -0.914140 0.387018
47.21799850 28.40800095 378.91799927 -0.107317 -0.927815 0.357270
46.91799927 28.44499969 378.91799927 -0.087807 -0.925355 0.368791
47.21799850 28.52400017 379.21798706 -0.106364 -0.913071 0.393684
46.91799927 28.55999947 379.21798706 -0.124619 -0.905936 0.404661
46.61800003 28.60799980 379.21798706 -0.100959 -0.908629 0.405218
46.31800079 28.62500000 379.21798706 -0.022232 -0.916739 0.398867
46.61800003 28.47200012 378.91799927 -0.094091 -0.917726 0.385909
46.31800079 28.51799965 378.91799927 -0.054524 -0.921586 0.384327
46.61800003 28.33699989 378.61801147 -0.066317 -0.910849 0.407378
46.31800079 28.37100029 378.61801147 -0.063566 -0.907504 0.415207
46.61800003 28.21299934 378.31799316 -0.052124 -0.912845 0.404966
46.31800079 28.21699905 378.31799316 -0.044201 -0.906797 0.419243
46.01800156 28.39299965 378.61801147 -0.019802 -0.904312 0.426413
45.71799850 28.38699913 378.61801147 -0.006500 -0.908738 0.417317
46.01800156 28.24300003 378.31799316 -0.022498 -0.901233 0.432751
45.71799850 28.24099922 378.31799316 -0.022413 -0.905753 0.423212
46.01800156 28.08499908 378.01800537 -0.030379 -0.910037 0.413413
45.71799850 28.10199928 378.01800537 -0.068727 -0.915009 0.397537
46.01800156 27.94099998 377.71798706 -0.032682 -0.924238 0.380415
45.71799850 27.98500061 377.71798706 -0.076871 -0.921102 0.381657
45.41799927 28.13299942 378.01800537 -0.027142 -0.929289 0.368355
45.11800003 28.12000084 378.01800537 -0.014113 -0.927586 0.373344
45.41799927 28.02400017 377.71798706 -0.037979 -0.925898 0.375860
45.11800003 28.01499939 377.71798706 -0.016765 -0.924655 0.380437
45.71799850 27.86599922 377.41799927 -0.054524 -0.921586 0.384327
45.41799927 27.73299980 377.11801147 -0.022118 -0.919860 0.391623
45.11800003 27.75699997 377.11801147 -0.024946 -0.912495 0.408325
45.41799927 27.86300087 377.41799927 -0.041107 -0.913640 0.404441
45.11800003 27.89399910 377.41799927 -0.019675 -0.911622 0.410558
44.81800079 27.19899940 375.91799927 -0.009060 -0.917628 0.397337
44.51800156 27.20700073 375.91799927 0.011632 -0.918949 0.394205
44.21799850 27.34199905 376.21798706 0.046803 -0.910647 0.410526
43.91799927 27.32299995 376.21798706 0.060722 -0.908131 0.414259
53.81800079 -15.34700012 389.05599976 -0.311307 0.942008 -0.125332
44.81800079 27.34700012 376.21798706 -0.003915 -0.904368 0.426736
44.51800156 27.34700012 376.21798706 0.014401 -0.907290 0.420260
37.31800079 -11.58699989 398.41799927 0.126662 0.639269 -0.758480
37.61800003 -11.74699974 398.34698486 0.307133 0.897659 -0.316035
37.31800079 -11.74600029 398.11801147 0.355374 0.840687 -0.408602
58.31800079 24.45599937 380.11801147 -0.568462 -0.749852 0.338486
67.95300293 5.35300016 388.21798706 -0.996003 0.088795 -0.009628
67.91799927 5.05299997 388.21798706 -0.994296 0.104143 -0.023021
67.95800018 5.35300016 387.91799927 -0.996959 0.077341 -0.009535
67.91999817 5.05299997 387.91799927 -0.993541 0.112579 -0.014209
43.01800156 -14.57800007 394.81799316 0.088587 0.917215 -0.388419
42.71799850 -14.55000019 394.81799316 0.124686 0.927607 -0.352134
43.01800156 -14.72000027 394.51800537 0.148950 0.922934 -0.354975
42.71799850 -14.67300034 394.51800537 0.137191 0.924306 -0.356142
43.61800003 -14.63799953 394.81799316 0.058778 0.892607 -0.446987
43.31800079 -14.63599968 394.81799316 0.101784 0.899328 -0.425264
43.61800003 -14.82400036 394.51800537 0.066598 0.903824 -0.422691
43.31800079 -14.74899960 394.51800537 0.136231 0.908676 -0.394649
67.86699677 4.15299988 387.01800537 -0.994321 0.106419 -0.001075
67.83100128 3.85299993 387.01800537 -0.992808 0.119312 -0.009851
67.84799957 4.15299988 386.71798706 -0.992621 0.121211 -0.003276
67.81999969 3.85299993 386.71798706 -0.993480 0.112821 0.016430
67.86499786 4.15299988 386.41799927 -0.990669 0.133813 -0.025863
67.81500244 3.85299993 386.41799927 -0.992660 0.120089 -0.014323
67.87200165 4.15299988 386.11801147 -0.992580 0.121473 -0.005472
67.82599640 3.85299993 386.11801147 -0.990609 0.133805 -0.028110
58.61800003 24.36100006 380.41799927 -0.587718 -0.730984 0.346770
58.31800079 24.59499931 380.41799927 -0.569269 -0.738908 0.360483
67.86799622 3.55299997 385.21798706 -0.997539 0.054645 -0.043930
67.83499908 3.25300002 385.21798706 -0.992115 0.109983 -0.060094
67.85500336 3.55299997 384.91799927 -0.997564 0.066787 -0.020142
67.84799957 3.25300002 384.91799927 -0.992612 0.121210 0.005460
67.68599701 2.35299993 385.21798706 -0.989676 0.143286 -0.003332
67.63600159 2.05299997 385.21798706 -0.988312 0.150913 -0.021559
67.68499756 2.35299993 384.91799927 -0.989071 0.144216 -0.030660
67.64700317 2.05299997 384.91799927 -0.988876 0.143232 -0.040105
27.03499985 19.45299911 379.81799316 0.774218 -0.575539 0.263329
67.65000153 1.75300002 383.41799927 -0.985410 0.141794 -0.094132
67.63400269 1.45299995 383.41799927 -0.989618 0.123847 -0.072919
67.69699860 1.75300002 383.11801147 -0.987488 0.141739 -0.069112
67.65799713 1.45299995 383.11801147 -0.985902 0.145928 -0.081862
27.30500031 19.45299911 378.91799927 0.753149 -0.608494 0.250002
27.54899979 19.75300026 378.91799927 0.753357 -0.612396 0.239633
27.21500015 19.45299911 379.21798706 0.768675 -0.597165 0.229199
27.45800018 19.75300026 379.21798706 0.745183 -0.612284 0.264216
22.04500008 5.35300016 385.21798706 0.998197 0.051649 -0.030568
22.07399940 5.05299997 385.21798706 0.997950 0.052076 -0.037197
22.03599930 5.35300016 384.91799927 0.998887 0.034373 -0.032289
22.05100060 5.05299997 384.91799927 0.997218 0.052712 -0.052712
67.42600250 -0.04700000 382.21798706 -0.966935 0.129695 -0.219583
67.38200378 -0.34700000 382.21798706 -0.948579 0.123728 -0.291359
67.52700043 -0.04700000 381.91799927 -0.918970 0.019497 -0.393844
67.49199677 -0.34700000 381.91799927 -0.857295 0.039906 -0.513276
67.61799622 -0.04700000 381.75900269 -0.879172 -0.031157 -0.475485
67.61799622 -0.34700000 381.74499512 -0.756892 -0.035237 -0.652590
41.81800079 25.40699959 372.31799316 0.074744 -0.911871 0.403615
41.51800156 25.38599968 372.31799316 0.119726 -0.923403 0.364682
43.01800156 26.61300087 374.71798706 0.074035 -0.919384 0.386330
42.71799850 26.61599922 374.71798706 0.122997 -0.919025 0.374520
43.01800156 26.75200081 375.01800537 0.068042 -0.924566 0.374896
42.71799850 26.71400070 375.01800537 0.117249 -0.920061 0.373818
43.31800079 26.64599991 374.71798706 0.082399 -0.922593 0.376872
43.61800003 26.78400040 375.01800537 0.098042 -0.933409 0.345160
43.31800079 26.76899910 375.01800537 0.079083 -0.926214 0.368609
43.61800003 26.69400024 374.71798706 0.120274 -0.919334 0.374646
22.16500092 4.75299978 387.01800537 0.995992 0.077454 -0.044727
22.18799973 4.45300007 387.01800537 0.995752 0.071360 -0.058186
22.15699959 4.75299978 386.71798706 0.995733 0.077946 -0.049402
22.17399979 4.45300007 386.71798706 0.996146 0.071075 -0.051393
22.24900055 4.15299988 387.61801147 0.993590 0.093184 -0.063994
22.27700043 3.85299993 387.61801147 0.991496 0.115237 -0.060471
22.23500061 4.15299988 387.31799316 0.993599 0.097456 -0.057129
22.26899910 3.85299993 387.31799316 0.991496 0.115237 -0.060471
22.21100044 4.75299978 387.61801147 0.994581 0.074621 -0.072394
22.22200012 4.45300007 387.61801147 0.994393 0.074775 -0.074775
22.18099976 4.75299978 387.31799316 0.994744 0.072406 -0.072406
22.20599937 4.45300007 387.31799316 0.994917 0.076532 -0.065440
22.24200058 4.75299978 388.21798706 0.992858 0.109068 -0.048350
22.27300072 4.45300007 388.21798706 0.992740 0.098482 -0.069050
22.23299980 4.75299978 387.91799927 0.994800 0.083177 -0.058779
22.25000000 4.45300007 387.91799927 0.994388 0.077006 -0.072542
23.10499954 13.75300026 385.81799316 0.953008 -0.282616 0.109103
23.02099991 13.45300007 385.81799316 0.959734 -0.249400 0.129270
23.13999939 13.75300026 385.51800537 0.953008 -0.282616 0.109103
23.04899979 13.45300007 385.51800537 0.961146 -0.258622 0.096501
22.88299942 11.65299988 382.21798706 0.965822 -0.234100 0.111293
22.90200043 11.65299988 381.91799927 0.969809 -0.229000 0.083842
22.96299934 11.95300007 382.21798706 0.956573 -0.277548 0.089074
22.98200035 11.95300007 381.91799927 0.960637 -0.269586 0.067080
22.90900040 11.35299969 381.01800537 0.957803 -0.266417 0.107867
22.84199905 11.05300045 381.01800537 0.967118 -0.232566 0.102939
22.85700035 11.05300045 380.71798706 0.966898 -0.240779 0.084462
22.88299942 11.05300045 380.41799927 0.964975 -0.245376 0.092811
22.91500092 11.05300045 380.11801147 0.956363 -0.276398 0.094728
22.97500038 11.35299969 380.41799927 0.951660 -0.291912 0.095559
22.98999977 11.35299969 380.11801147 0.949893 -0.293795 0.106715
35.81800079 24.52300072 374.41799927 0.370096 -0.833110 0.411043
35.51800156 24.39800072 374.41799927 0.390636 -0.839318 0.378085
35.81800079 24.37700081 374.11801147 0.381680 -0.825125 0.416522
35.51800156 24.25499916 374.11801147 0.371112 -0.817083 0.441193
22.29999924 4.15299988 388.21798706 0.989039 0.111194 -0.097148
22.27499962 4.15299988 387.91799927 0.989986 0.100972 -0.098650
22.29899979 3.85299993 387.91799927 0.985181 0.130480 -0.111327
22.35300064 3.85299993 388.21798706 0.984007 0.138508 -0.112011
38.21799850 27.77400017 379.81799316 0.284945 -0.881974 0.375404
37.91799927 27.66500092 379.81799316 0.310764 -0.867997 0.387307
22.35700035 4.15299988 388.81799316 0.992995 0.108837 -0.046003
22.37800026 3.85299993 388.81799316 0.992205 0.119691 -0.034677
22.33099937 4.15299988 388.51800537 0.990357 0.120775 -0.067864
22.37199974 3.85299993 388.51800537 0.989272 0.134744 -0.056431
38.21799850 27.64900017 379.51800537 0.292900 -0.875664 0.383957
37.91799927 27.54400063 379.51800537 0.327463 -0.862474 0.385884
22.47699928 3.55299997 389.41799927 0.980620 0.162825 -0.108958
22.51000023 3.25300002 389.41799927 0.976596 0.182878 -0.113210
22.43000031 3.55299997 389.11801147 0.985696 0.141493 -0.091554
22.48800087 3.25300002 389.11801147 0.981470 0.168633 -0.090989
22.38500023 4.15299988 389.41799927 0.989041 0.135342 -0.058995
22.42399979 3.85299993 389.41799927 0.985908 0.141524 -0.089196
22.36199951 4.15299988 389.11801147 0.991572 0.116990 -0.055655
22.39200020 3.85299993 389.11801147 0.989730 0.121546 -0.075243
22.42499924 4.15299988 390.01800537 0.979730 0.167989 -0.109131
22.47299957 3.85299993 390.01800537 0.980227 0.165207 -0.108914
22.39800072 4.15299988 389.71798706 0.984877 0.159614 -0.067393
22.44899940 3.85299993 389.71798706 0.983828 0.161381 -0.077702
22.52899933 3.55299997 390.01800537 0.977679 0.186166 -0.097398
22.60499954 3.25300002 390.01800537 0.977308 0.193003 -0.087282
22.49799919 3.55299997 389.71798706 0.977468 0.181653 -0.107509
22.56500053 3.25300002 389.71798706 0.975664 0.179101 -0.126498
22.59199905 3.55299997 390.61801147 0.981788 0.174246 -0.075707
22.64800072 3.25300002 390.61801147 0.979289 0.184150 -0.084148
22.56200027 3.55299997 390.31799316 0.978349 0.185358 -0.092065
22.61400032 3.25300002 390.31799316 0.978225 0.187320 -0.089375
22.76000023 2.95300007 391.21798706 0.970638 0.213869 -0.110098
22.82799911 2.65300012 391.21798706 0.968120 0.216133 -0.126610
22.72599983 2.95300007 390.91799927 0.975808 0.199119 -0.090284
22.78700066 2.65300012 390.91799927 0.973249 0.208643 -0.096200
22.63800049 3.55299997 391.21798706 0.978726 0.178062 -0.101925
22.68600082 3.25300002 391.21798706 0.975231 0.195544 -0.103377
22.61199951 3.55299997 390.91799927 0.981464 0.178994 -0.068474
22.66500092 3.25300002 390.91799927 0.978804 0.190897 -0.074170
22.76199913 3.25300002 391.81799316 0.981136 0.152730 -0.118518
22.67300034 3.55299997 391.51800537 0.985130 0.132867 -0.108927
22.72500038 3.25300002 391.51800537 0.971759 0.201447 -0.122895
22.89800072 2.65300012 391.81799316 0.965588 0.191554 -0.175917
22.79800034 2.95300007 391.51800537 0.967949 0.221209 -0.118916
22.86000061 2.65300012 391.51800537 0.967581 0.225641 -0.113458
39.41799927 24.59099960 371.41799927 0.475514 -0.878400 0.047963
39.31800079 24.55299950 371.41799927 0.502880 -0.862278 0.059900
63.56900024 20.35300064 383.41799927 -0.789452 -0.546786 0.278908
63.45800018 20.35300064 383.11801147 -0.795858 -0.537401 0.278944
63.65499878 20.05299950 383.11801147 -0.798844 -0.535178 0.274651
27.15299988 -6.04699993 393.01800537 0.773891 0.560952 -0.293983
27.36499977 -6.34700012 393.01800537 0.773824 0.568104 -0.280096
27.22299957 -6.34700012 392.71798706 0.763139 0.578328 -0.288368
26.48600006 17.05299950 375.61801147 0.827627 -0.561264 -0.004077
26.42700005 17.05299950 375.31799316 0.712432 -0.694805 -0.098418
26.40099907 17.05299950 376.21798706 0.829380 -0.533493 0.165876
26.45400047 17.05299950 375.91799927 0.805815 -0.572592 0.150997
26.27000046 19.15299988 381.91799927 0.825365 -0.519107 0.222037
26.07600021 18.85300064 381.91799927 0.798493 -0.561560 0.216932
26.34900093 19.15299988 381.61801147 0.819935 -0.538035 0.195511
26.15200043 18.85300064 381.61801147 0.814513 -0.551572 0.179827
26.41300011 19.15299988 381.31799316 0.806681 -0.544471 0.229819
26.20400047 18.85300064 381.31799316 0.805804 -0.555041 0.206420
26.30699921 18.85300064 381.01800537 0.787891 -0.566345 0.241828
26.38599968 18.85300064 380.71798706 0.790926 -0.571995 0.217389
26.36599922 18.25300026 379.21798706 0.813875 -0.542074 0.209195
26.44899940 18.25300026 378.91799927 0.835539 -0.517524 0.184509
39.41799927 24.61800003 371.71798706 0.288218 -0.900129 0.326648
25.93400002 17.35300064 378.61801147 0.832768 -0.519539 0.191251
26.01000023 17.35300064 378.31799316 0.815076 -0.543892 0.199579
26.08200073 17.35300064 378.01800537 0.808076 -0.546413 0.220104
26.17700005 17.35300064 377.71798706 0.807898 -0.538081 0.240353
25.96100044 17.05299950 377.71798706 0.810430 -0.531506 0.246383
26.25699997 17.35300064 377.41799927 0.821445 -0.531882 0.205742
26.06200027 17.05299950 377.41799927 0.813685 -0.536817 0.223033
26.32399940 17.35300064 377.11801147 0.813041 -0.544570 0.205930
26.13299942 17.05299950 377.11801147 0.824734 -0.527040 0.205044
58.61800003 24.52400017 380.71798706 -0.582790 -0.735387 0.345778
58.31800079 24.73399925 380.71798706 -0.568136 -0.758051 0.320281
58.61800003 24.63699913 381.01800537 -0.556351 -0.773153 0.304479
22.39900017 8.95300007 379.81799316 0.982506 -0.180460 0.046000
22.34799957 8.65299988 379.81799316 0.987802 -0.155016 0.014710
22.42099953 8.95300007 379.51800537 0.964127 -0.258851 0.058773
22.35499954 8.65299988 379.51800537 0.969727 -0.237811 -0.055448
22.37199974 8.95300007 380.41799927 0.985955 -0.164518 0.028762
22.32399940 8.65299988 380.41799927 0.992058 -0.123590 0.023382
22.37700081 8.95300007 380.11801147 0.984856 -0.170523 0.031321
22.35600090 8.65299988 380.11801147 0.991081 -0.125726 0.044174
67.35600281 12.85299969 386.41799927 -0.966953 -0.233139 0.103193
51.71799850 -14.69999981 392.11801147 -0.282369 0.877308 -0.388069
52.01800156 -14.61699963 392.11801147 -0.273120 0.890998 -0.362668
51.71799850 -14.56999969 392.41799927 -0.273249 0.888433 -0.368812
52.01800156 -14.49400043 392.41799927 -0.268233 0.885617 -0.379122
53.81800079 -14.28100014 391.21798706 -0.393340 0.832492 -0.390181
58.91799927 24.40999985 381.01800537 -0.602501 -0.713531 0.357582
53.51800156 -14.42000008 391.21798706 -0.347877 0.876528 -0.332686
53.81800079 -14.40200043 390.91799927 -0.374727 0.870284 -0.319665
53.51800156 -14.51799965 390.91799927 -0.378548 0.840345 -0.387972
22.17099953 8.95300007 389.11801147 0.999162 -0.039885 -0.009204
67.31999969 12.85299969 386.11801147 -0.968019 -0.225150 0.110667
22.15500069 6.55299997 388.81799316 0.998566 0.040865 -0.034578
22.16799927 6.25299978 388.81799316 0.996922 0.069903 -0.035489
22.15299988 6.55299997 388.51800537 0.999102 0.029963 -0.029963
22.15900040 6.25299978 388.51800537 0.997199 0.057014 -0.048408
22.13999939 6.55299997 388.21798706 0.997202 0.039716 -0.063331
22.13699913 6.25299978 388.21798706 0.996948 0.055206 -0.055206
22.11100006 6.55299997 387.91799927 0.997377 0.041870 -0.059048
22.13299942 6.25299978 387.91799927 0.997080 0.057130 -0.050662
22.16099930 5.95300007 388.21798706 0.997860 0.052183 -0.039403
22.16900063 5.65299988 388.21798706 0.998466 0.043137 -0.034720
22.15500069 5.95300007 387.91799927 0.997738 0.058565 -0.033009
22.17099953 5.65299988 387.91799927 0.997963 0.058082 -0.026401
22.18400002 5.35300016 388.21798706 0.998141 0.053868 -0.028518
22.21199989 5.05299997 388.21798706 0.996383 0.078975 -0.031374
22.19099998 5.35300016 387.91799927 0.998152 0.055745 -0.024191
22.19499969 5.05299997 387.91799927 0.996830 0.072203 -0.033407
22.93199921 -0.34700000 386.41799927 0.952768 0.269752 -0.139527
24.04199982 -3.64700007 386.41799927 0.869789 0.422037 -0.255642
23.96899986 -3.64700007 386.11801147 0.907377 0.384385 -0.170044
24.10899925 -3.94700003 386.11801147 0.877154 0.427408 -0.218916
24.22200012 -3.94700003 386.41799927 0.875510 0.420544 -0.237959
22.19599915 2.05299997 383.71798706 0.992284 0.105707 -0.064788
22.17099953 2.35299993 383.71798706 0.994301 0.096437 -0.045447
22.21800041 2.05299997 384.01800537 0.989921 0.116938 -0.079888
22.17600060 2.35299993 384.01800537 0.992255 0.101390 -0.071770
61.91799927 19.88899994 372.31799316 -0.069979 -0.344613 -0.936133
22.07699966 3.85299993 384.31799316 0.996175 0.075121 -0.044637
22.06299973 4.15299988 384.31799316 0.997611 0.062816 -0.028747
22.10499954 3.85299993 384.61801147 0.995347 0.078261 -0.056216
22.06500053 4.15299988 384.61801147 0.996507 0.070636 -0.044555
23.49600029 -3.04699993 384.91799927 0.927914 0.324279 -0.183898
65.85700226 14.95300007 381.01800537 -0.895188 -0.379017 0.234489
23.76199913 -3.34699988 385.51800537 0.924050 0.316533 -0.214334
23.64500046 -3.04699993 385.51800537 0.916970 0.339036 -0.210288
65.98500061 14.65299988 381.01800537 -0.913336 -0.366189 0.178108
23.82299995 -3.34699988 385.81799316 0.931915 0.313424 -0.182483
23.71199989 -3.04699993 385.81799316 0.917958 0.350441 -0.185862
63.88499832 17.05299950 377.41799927 -0.829927 -0.521539 0.198034
63.80899811 17.05299950 377.11801147 -0.803443 -0.550536 0.226691
63.25299835 18.25300026 378.01800537 -0.784072 -0.579935 0.221149
63.18000031 18.25300026 377.71798706 -0.777874 -0.600598 0.184917
65.76599884 14.95300007 380.71798706 -0.890118 -0.394132 0.228803
23.86800003 -3.34699988 386.11801147 0.932048 0.322685 -0.164805
23.77899933 -3.04699993 386.11801147 0.927719 0.342521 -0.148380
23.91500092 -3.34699988 386.41799927 0.912014 0.345438 -0.221138
23.81299973 -3.04699993 386.41799927 0.922463 0.345043 -0.173226
65.91000366 14.65299988 380.71798706 -0.889934 -0.401574 0.216232
45.41799927 25.76899910 372.61801147 -0.038562 -0.910870 0.410889
45.11800003 25.78899956 372.61801147 -0.043908 -0.914079 0.403153
45.41799927 25.65200043 372.31799316 -0.077204 -0.916961 0.391435
45.11800003 25.70100021 372.31799316 -0.030082 -0.922078 0.385834
45.41799927 25.92700005 372.91799927 0.001300 -0.903843 0.427862
45.11800003 25.93499947 372.91799927 -0.046935 -0.905185 0.422419
51.41799927 -14.67000008 392.41799927 -0.310551 0.880146 -0.359027
23.85300064 -2.74699998 387.31799316 0.925486 0.335647 -0.175547
23.76799965 -2.44700003 387.31799316 0.928691 0.337327 -0.154088
23.91399956 -2.74699998 387.61801147 0.902725 0.366048 -0.226046
23.79700089 -2.44700003 387.61801147 0.928273 0.321595 -0.186778
51.11800003 24.44099998 371.71798706 -0.253202 -0.879465 0.403026
51.41799927 24.36800003 371.71798706 -0.235739 -0.912587 0.334085
51.41799927 24.50300026 372.01800537 -0.289550 -0.859456 0.421302
51.11800003 24.59799957 372.01800537 -0.256328 -0.866056 0.429236
23.87999916 -2.14700007 388.51800537 0.936097 0.321143 -0.143489
23.76000023 -1.84700000 388.51800537 0.916386 0.386064 -0.105790
23.90600014 -2.14700007 388.81799316 0.922881 0.344149 -0.172777
23.80599976 -1.84700000 388.81799316 0.916964 0.363112 -0.165308
51.71799850 24.27899933 371.71798706 -0.226359 -0.932148 0.282597
51.71799850 24.39599991 372.01800537 -0.280115 -0.888279 0.364000
52.01800156 24.32799911 372.01800537 -0.291895 -0.907954 0.300695
56.51800156 26.15200043 381.01800537 -0.510920 -0.773679 0.374675
56.21799850 26.35899925 381.01800537 -0.477446 -0.813721 0.331516
55.91799927 26.51099968 381.01800537 -0.455574 -0.824446 0.335769
51.11800003 24.74099922 372.31799316 -0.204835 -0.882706 0.422933
55.91799927 26.39399910 380.71798706 -0.462276 -0.794085 0.394626
51.41799927 24.66300011 372.31799316 -0.309891 -0.842468 0.440699
56.21799850 26.21400070 380.71798706 -0.488102 -0.768883 0.413009
51.41799927 24.83200073 372.61801147 -0.272521 -0.866281 0.418677
56.21799850 26.58200073 381.61801147 -0.510692 -0.789251 0.340995
56.21799850 26.45199966 381.31799316 -0.481817 -0.816719 0.317525
51.71799850 24.53400040 372.31799316 -0.354347 -0.847624 0.394933
52.01800156 24.41200066 372.31799316 -0.320375 -0.885921 0.335416
52.01800156 24.53000069 372.61801147 -0.337413 -0.818979 0.464141
51.71799850 24.67600060 372.61801147 -0.373112 -0.802272 0.465990
55.91799927 26.79100037 381.61801147 -0.491419 -0.806308 0.329203
55.91799927 26.65900040 381.31799316 -0.484420 -0.793418 0.368545
23.96999931 -2.14700007 389.11801147 0.917933 0.348672 -0.189279
23.87100029 -1.84700000 389.11801147 0.919835 0.335134 -0.203932
22.03599930 5.65299988 384.91799927 0.999904 0.004975 -0.012934
24.03300095 -2.14700007 389.41799927 0.916566 0.352087 -0.189585
23.94099998 -1.84700000 389.41799927 0.920223 0.346321 -0.182348
22.03599930 5.95300007 384.91799927 0.999916 -0.010944 -0.006965
22.03400040 5.65299988 385.21798706 0.999668 0.023248 -0.011119
22.03000069 5.95300007 385.21798706 0.999917 -0.012857 -0.000989
58.91799927 24.25200081 380.71798706 -0.618368 -0.706473 0.344263
52.91799927 24.39500046 372.91799927 -0.250471 -0.903745 0.347144
53.21799850 24.26799965 372.91799927 -0.412816 -0.827214 0.381183
52.91799927 24.46999931 373.21798706 -0.356535 -0.859696 0.365795
53.21799850 24.40299988 373.21798706 -0.332233 -0.895390 0.296477
52.61800003 24.78899956 373.51800537 -0.365881 -0.840113 0.400427
22.04299927 6.25299978 384.91799927 0.999775 -0.021016 -0.003002
22.04100037 6.55299997 384.91799927 0.999736 -0.022971 -0.000999
22.04400063 6.25299978 385.21798706 0.999775 -0.021016 -0.003002
22.04400063 6.55299997 385.21798706 0.999795 -0.019015 -0.007006
59.21799850 23.99600029 380.71798706 -0.614003 -0.726812 0.307807
22.04500008 6.25299978 385.51800537 0.999326 -0.021524 -0.029724
22.04999924 6.55299997 385.51800537 0.999669 -0.011096 -0.023201
22.05699921 6.25299978 385.81799316 0.999769 -0.017081 -0.013062
34.03300095 23.05299950 373.21798706 0.533937 -0.777656 0.331907
34.01800156 23.05299950 373.24099731 0.534696 -0.775551 0.335590
34.01800156 22.92399979 372.91799927 0.520377 -0.825583 0.218222
22.05999947 6.55299997 385.81799316 0.999767 -0.021016 -0.005004
34.01800156 22.88299942 372.61801147 0.320705 -0.947139 0.008735
34.31800079 23.01199913 372.61801147 0.438720 -0.851270 0.287862
59.21799850 24.12999916 381.01800537 -0.636647 -0.692007 0.340305
23.97299957 -1.54700005 390.31799316 0.909938 0.375689 -0.175702
23.85199928 -1.24699998 390.31799316 0.923235 0.335079 -0.188040
24.03800011 -1.54700005 390.61801147 0.914265 0.365422 -0.174890
23.93099976 -1.24699998 390.61801147 0.918379 0.347763 -0.188786
22.05800056 6.85300016 385.51800537 0.999447 -0.029545 -0.015282
22.06900024 7.15299988 385.51800537 0.998260 -0.058965 -0.001034
22.05999947 6.85300016 385.81799316 0.999690 -0.023202 -0.009079
22.06900024 7.15299988 385.81799316 0.998482 -0.054839 -0.005173
23.90999985 -3.04699993 387.01800537 0.921426 0.370498 -0.117072
24.05900002 -3.34699988 387.01800537 0.900002 0.409351 -0.149763
23.88999939 -3.04699993 386.71798706 0.913344 0.363343 -0.183809
24.01099968 -3.34699988 386.71798706 0.902930 0.381173 -0.198558
54.41799927 27.68300056 381.91799927 -0.346901 -0.872600 0.343844
54.11800003 27.80100060 381.91799927 -0.368958 -0.868046 0.332215
23.62199974 15.55300045 386.11801147 0.941268 -0.250912 0.225960
23.53100014 15.25300026 386.11801147 0.931882 -0.311559 0.185817
23.65299988 14.95300007 384.61801147 0.932461 -0.346805 0.101208
23.53300095 14.65299988 384.61801147 0.943108 -0.320525 0.088375
23.68400002 14.95300007 384.31799316 0.929066 -0.347199 0.127627
23.55699921 14.65299988 384.31799316 0.939261 -0.325592 0.108531
23.51000023 14.35299969 384.01800537 0.937442 -0.327768 0.117349
23.39599991 14.05300045 384.01800537 0.943714 -0.316336 0.096621
23.43199921 14.05300045 383.71798706 0.939613 -0.319496 0.122675
23.54000092 14.35299969 383.71798706 0.928387 -0.353087 0.115878
51.11800003 -14.89500046 392.11801147 -0.282279 0.891642 -0.353968
23.46899986 14.05300045 383.41799927 0.938496 -0.319170 0.131743
23.51799965 14.05300045 383.11801147 0.933825 -0.332239 0.132622
23.57999992 14.35299969 383.41799927 0.927083 -0.351272 0.130866
23.63400078 14.35299969 383.11801147 0.925929 -0.348438 0.145761
23.38500023 13.75300026 383.41799927 0.943903 -0.311074 0.110812
23.28000069 13.45300007 383.41799927 0.947653 -0.304461 0.096215
23.41399956 13.75300026 383.11801147 0.937442 -0.327768 0.117349
23.29700089 13.45300007 383.11801147 0.943952 -0.316416 0.093998
23.45100021 13.75300026 382.81799316 0.926160 -0.350252 0.139824
23.34399986 13.45300007 382.81799316 0.938336 -0.320903 0.128632
23.49600029 13.75300026 382.51800537 0.926443 -0.345854 0.148620
23.38500023 13.45300007 382.51800537 0.933924 -0.323228 0.152674
23.54599953 13.75300026 382.21798706 0.934023 -0.342699 0.100794
23.56299973 13.75300026 381.91799927 0.939287 -0.327347 0.102881
51.41799927 -14.79599953 392.11801147 -0.291685 0.878077 -0.379342
51.11800003 -14.79199982 392.41799927 -0.283626 0.886893 -0.364661
22.73900032 12.85299969 387.31799316 0.970344 -0.224698 0.089126
22.80299950 13.15299988 387.31799316 0.980949 -0.179780 0.073601
25.61800003 16.45299911 377.71798706 0.855873 -0.485044 0.179481
25.78400040 16.75300026 377.71798706 0.848158 -0.486599 0.209403
25.55500031 16.45299911 378.01800537 0.835847 -0.503944 0.217716
25.71899986 16.75300026 378.01800537 0.862261 -0.466127 0.198067
23.27400017 12.55300045 381.01800537 0.945744 -0.304607 0.113064
23.18400002 12.25300026 381.01800537 0.947065 -0.301520 0.110247
23.29000092 12.55300045 380.71798706 0.944755 -0.309603 0.107630
23.22400093 12.25300026 380.71798706 0.952810 -0.284401 0.106159
23.33099937 12.55300045 380.41799927 0.944787 -0.311395 0.102032
23.24500084 12.25300026 380.41799927 0.951082 -0.288886 0.109487
23.38699913 12.55300045 380.11801147 0.943117 -0.313483 0.110720
23.27499962 12.25300026 380.11801147 0.947540 -0.299013 0.112961
67.28600311 13.15299988 386.41799927 -0.971776 -0.205981 0.114996
21.76600075 3.25300002 381.31799316 0.663219 -0.334054 -0.669737
21.88400078 3.55299997 381.31799316 0.896126 -0.187359 -0.402313
21.96400070 3.25300002 381.61801147 0.921788 -0.209433 -0.326259
21.99900055 3.55299997 381.61801147 0.987326 -0.033332 -0.155168
36.41799927 -11.24800014 398.41799927 0.368066 0.907896 -0.200632
36.41799927 -11.33699989 398.11801147 0.371359 0.869560 -0.325512
36.11800003 -11.19799995 398.11801147 0.407543 0.853827 -0.323865
40.01800156 -13.78899956 395.41799927 0.216541 0.888261 -0.405094
39.71799850 -13.71599960 395.41799927 0.235066 0.903763 -0.357709
39.71799850 -13.83800030 395.11801147 0.293123 0.857884 -0.422036
40.01800156 -13.96899986 395.11801147 0.222044 0.874765 -0.430677
36.71799850 26.78800011 378.91799927 0.364920 -0.852514 0.374237
37.01800156 26.92499924 378.91799927 0.393887 -0.830485 0.393887
36.71799850 26.94599915 379.21798706 0.391276 -0.825323 0.407117
37.01800156 27.08699989 379.21798706 0.360230 -0.846774 0.391418
37.31800079 27.07600021 378.91799927 0.326379 -0.868812 0.372348
37.61800003 27.16799927 378.91799927 0.297752 -0.881164 0.367278
37.31800079 27.18499947 379.21798706 0.308084 -0.875688 0.371826
37.61800003 27.30400085 379.21798706 0.302231 -0.876318 0.375131
37.31800079 26.79800034 378.31799316 0.368021 -0.844099 0.389946
37.61800003 26.92900085 378.31799316 0.333720 -0.862751 0.379857
37.31800079 26.94400024 378.61801147 0.354908 -0.857049 0.373506
37.61800003 27.03899956 378.61801147 0.305686 -0.883929 0.353873
25.87800026 17.05299950 378.01800537 0.835045 -0.510726 0.204594
40.31800079 27.71299934 378.31799316 0.204877 -0.902331 0.379241
40.61800003 27.78400040 378.31799316 0.207052 -0.888413 0.409698
40.31800079 27.84099960 378.61801147 0.238344 -0.889720 0.389345
40.61800003 27.93000031 378.61801147 0.222994 -0.887544 0.403161
41.21799850 27.88599968 378.31799316 0.197032 -0.910375 0.363862
40.91799927 27.99399948 378.61801147 0.166253 -0.889090 0.426474
41.21799850 28.03400040 378.61801147 0.176939 -0.878847 0.443080
40.91799927 27.84300041 378.31799316 0.183064 -0.900907 0.393516
65.98799896 14.95300007 381.61801147 -0.927987 -0.330726 0.171643
66.06500244 14.65299988 381.61801147 -0.934712 -0.306941 0.179165
41.51800156 27.97599983 378.31799316 0.167425 -0.921542 0.350327
41.81800079 28.01899910 378.31799316 0.125657 -0.921022 0.368685
41.51800156 28.09700012 378.61801147 0.147205 -0.896092 0.418748
41.81800079 28.13500023 378.61801147 0.127337 -0.908152 0.398803
59.81800079 23.72699928 381.31799316 -0.637865 -0.705688 0.308436
59.51800156 23.98299980 381.31799316 -0.644803 -0.683981 0.341174
25.80800056 17.05299950 378.31799316 0.844144 -0.502288 0.187421
25.75300026 17.05299950 378.61801147 0.850614 -0.497305 0.170717
59.81800079 23.87400055 381.61801147 -0.640214 -0.682786 0.352036
65.92900085 14.95300007 381.31799316 -0.923739 -0.337059 0.181927
38.51800156 24.58900070 372.01800537 0.436744 -0.868986 0.232630
66.01699829 14.65299988 381.31799316 -0.931815 -0.331710 0.147274
43.91799927 28.52499962 378.91799927 0.069256 -0.942141 0.327985
44.21799850 28.52799988 378.91799927 0.024044 -0.945328 0.325233
43.91799927 28.61000061 379.21798706 0.048360 -0.931916 0.359435
44.21799850 28.62299919 379.21798706 0.048478 -0.931571 0.360312
43.91799927 28.73100090 379.51800537 0.027918 -0.902681 0.429405
44.21799850 28.75200081 379.51800537 0.055353 -0.905894 0.419871
25.46800041 16.45299911 378.31799316 0.833585 -0.517034 0.194453
43.91799927 28.90200043 379.81799316 0.022327 -0.910140 0.413700
44.21799850 28.89299965 379.81799316 0.052195 -0.911403 0.408191
25.64500046 16.75300026 378.31799316 0.854772 -0.480529 0.196104
25.41200066 16.45299911 378.61801147 0.850131 -0.502417 0.157650
25.58399963 16.75300026 378.61801147 0.854291 -0.488803 0.176801
67.24900055 13.15299988 386.11801147 -0.970377 -0.216342 0.107539
43.61800003 27.83099937 377.41799927 -0.003871 -0.914813 0.403860
43.31800079 27.84399986 377.41799927 0.062870 -0.918979 0.389262
43.61800003 27.69599915 377.11801147 -0.006475 -0.912990 0.407932
43.31800079 27.69799995 377.11801147 0.041217 -0.910773 0.410845
23.91600037 -3.64700007 385.81799316 0.920608 0.331533 -0.206319
24.06900024 -3.94700003 385.81799316 0.864118 0.440382 -0.243648
23.85700035 -3.64700007 385.51800537 0.942911 0.292534 -0.159193
23.92300034 -3.94700003 385.51800537 0.882242 0.412110 -0.227627
35.21799850 24.98900032 376.21798706 0.442690 -0.830240 0.338713
25.68700027 17.05299950 378.91799927 0.840942 -0.503963 0.197072
25.87599945 17.35300064 378.91799927 0.847822 -0.493687 0.193574
25.61199951 17.05299950 379.21798706 0.849150 -0.492717 0.190198
25.80400085 17.35300064 379.21798706 0.847822 -0.493687 0.193574
67.76200104 1.45299995 381.31799316 -0.947332 -0.042075 -0.317477
67.75900269 1.75300002 381.31799316 -0.984631 0.036037 -0.170886
67.67600250 1.45299995 381.61801147 -0.989311 0.094609 -0.110962
67.76100159 1.75300002 381.61801147 -0.991868 0.125511 -0.021104
67.73699951 0.85299999 381.31799316 -0.936505 0.056164 -0.346128
67.78500366 1.15300000 381.31799316 -0.955242 0.039015 -0.293243
67.66000366 0.85299999 381.61801147 -0.970295 0.094387 -0.222753
67.67099762 1.15300000 381.61801147 -0.983869 0.053023 -0.170852
67.62999725 0.85299999 381.91799927 -0.987680 0.123903 -0.095582
67.65499878 1.15300000 381.91799927 -0.995137 0.085045 -0.049702
67.60199738 0.85299999 382.21798706 -0.985043 0.155284 -0.074678
67.62899780 1.15300000 382.21798706 -0.991706 0.114733 -0.057935
67.68599701 1.45299995 381.91799927 -0.986263 0.160716 -0.038156
67.76300049 1.75300002 381.91799927 -0.987570 0.155693 -0.021592
67.68499756 1.45299995 382.21798706 -0.985101 0.159268 -0.064887
67.72399902 1.75300002 382.21798706 -0.985024 0.148885 -0.086949
67.58699799 0.85299999 382.51800537 -0.982314 0.180859 -0.048466
67.62300110 1.15300000 382.51800537 -0.989614 0.141374 -0.026013
67.56999969 0.85299999 382.81799316 -0.977065 0.201268 -0.069529
67.62200165 1.15300000 382.81799316 -0.986045 0.161437 -0.040650
67.65499878 1.45299995 382.51800537 -0.988670 0.149594 -0.012372
67.70899963 1.75300002 382.51800537 -0.992424 0.122263 -0.012116
67.67800140 1.45299995 382.81799316 -0.987570 0.155693 -0.021592
67.71499634 1.75300002 382.81799316 -0.991141 0.132811 0.001098
67.53800201 0.85299999 383.11801147 -0.978007 0.201390 -0.054267
67.59300232 1.15300000 383.11801147 -0.981710 0.178602 -0.065927
67.53299713 0.85299999 383.41799927 -0.977036 0.210640 -0.032131
67.58100128 1.15300000 383.41799927 -0.984774 0.168985 -0.040789
67.52600098 0.85299999 383.71798706 -0.973365 0.224810 -0.044962
67.57599640 1.15300000 383.71798706 -0.989658 0.137800 -0.039860
67.52200317 0.85299999 384.01800537 -0.971313 0.235873 -0.030240
67.56999969 1.15300000 384.01800537 -0.991534 0.122955 -0.041737
25.54999924 17.05299950 379.51800537 0.847228 -0.492084 0.200144
25.73600006 17.35300064 379.51800537 0.842313 -0.502985 0.193687
25.47500038 17.05299950 379.81799316 0.841712 -0.501413 0.200264
25.65900040 17.35300064 379.81799316 0.841648 -0.495890 0.213824
67.36799622 0.25299999 383.71798706 -0.983491 0.165703 -0.072719
67.43299866 0.55299997 383.71798706 -0.972770 0.224485 -0.057655
67.38099670 0.25299999 384.01800537 -0.984141 0.172020 -0.043298
67.40699768 0.55299997 384.01800537 -0.967722 0.250168 -0.030508
67.50900269 0.85299999 384.31799316 -0.969208 0.235753 -0.071100
67.55000305 1.15300000 384.31799316 -0.987966 0.140806 -0.064003
67.45700073 0.85299999 384.61801147 -0.970110 0.216283 -0.110039
67.52700043 1.15300000 384.61801147 -0.978453 0.184914 -0.091845
67.34100342 0.25299999 384.31799316 -0.978774 0.184513 -0.089202
67.41899872 0.55299997 384.31799316 -0.964988 0.247270 -0.087496
67.38300323 0.55299997 384.61801147 -0.965622 0.238535 -0.103323
67.30699921 0.25299999 384.61801147 -0.972454 0.213466 -0.093625
67.36399841 0.55299997 384.91799927 -0.974979 0.215445 -0.054774
67.35700226 0.55299997 385.21798706 -0.976583 0.207448 -0.057018
67.41999817 0.85299999 384.91799927 -0.976842 0.195368 -0.087240
67.48899841 1.15300000 384.91799927 -0.972318 0.213985 -0.093853
67.40499878 0.85299999 385.21798706 -0.982179 0.177819 -0.060864
67.44599915 1.15300000 385.21798706 -0.971673 0.227832 -0.062808
67.29299927 0.25299999 384.91799927 -0.973543 0.222977 -0.049957
67.28199768 0.25299999 385.21798706 -0.967743 0.241623 -0.071360
67.33000183 0.55299997 385.51800537 -0.973333 0.218352 -0.070317
67.25399780 0.25299999 385.51800537 -0.965972 0.244342 -0.084823
67.22899628 0.25299999 385.81799316 -0.964557 0.251569 -0.079642
67.30400085 0.55299997 385.81799316 -0.968928 0.234398 -0.078968
67.19499969 0.25299999 386.11801147 -0.963101 0.248169 -0.104154
67.27999878 0.55299997 386.11801147 -0.964755 0.244064 -0.098392
67.16400146 0.25299999 386.41799927 -0.964493 0.253416 -0.074386
67.24800110 0.55299997 386.41799927 -0.966296 0.248762 -0.066253
67.15899658 0.25299999 386.71798706 -0.963943 0.257638 -0.066609
67.22799683 0.55299997 386.71798706 -0.966930 0.247644 -0.060978
67.13300323 0.25299999 387.01800537 -0.962401 0.255017 -0.093549
67.20099640 0.55299997 387.01800537 -0.965527 0.241063 -0.098211
67.09999847 0.25299999 387.31799316 -0.961151 0.262365 -0.085749
67.17299652 0.55299997 387.31799316 -0.967089 0.237019 -0.092526
67.07299805 0.25299999 387.61801147 -0.960504 0.261021 -0.096436
67.15299988 0.55299997 387.61801147 -0.962175 0.258704 -0.085385
66.92099762 -0.34700000 387.31799316 -0.954049 0.285043 -0.092411
67.01100159 -0.04700000 387.31799316 -0.954984 0.281948 -0.092250
66.89499664 -0.34700000 387.61801147 -0.948432 0.301236 -0.098658
66.98500061 -0.04700000 387.61801147 -0.956808 0.273930 -0.097369
66.86499786 -0.34700000 387.91799927 -0.941724 0.317480 -0.111185
66.96099854 -0.04700000 387.91799927 -0.954251 0.286146 -0.086750
66.82900238 -0.34700000 388.21798706 -0.937114 0.328598 -0.117646
66.92800140 -0.04700000 388.21798706 -0.951392 0.290011 -0.103669
22.02099991 6.25299978 382.51800537 0.999075 -0.040128 0.015434
22.04500008 6.55299997 382.51800537 0.996222 -0.084899 0.018269
22.00499916 6.25299978 382.81799316 0.998858 -0.042527 0.021782
22.03000069 6.55299997 382.81799316 0.996038 -0.087032 0.018266
67.02200317 0.25299999 387.91799927 -0.959318 0.272083 -0.075366
67.12200165 0.55299997 387.91799927 -0.961812 0.267799 -0.056577
67.03199768 0.25299999 388.21798706 -0.954738 0.283701 -0.089385
67.11000061 0.55299997 388.21798706 -0.956240 0.281853 -0.078507
22.06500053 6.85300016 382.51800537 0.996802 -0.077825 0.018124
22.09099960 7.15299988 382.51800537 0.996884 -0.077665 0.013831
22.06299973 6.85300016 382.81799316 0.997027 -0.075388 0.015927
22.07099915 7.15299988 382.81799316 0.996674 -0.078318 0.022530
22.12199974 7.45300007 382.51800537 0.994629 -0.102818 0.011905
22.14100075 7.75299978 382.51800537 0.993960 -0.109477 0.007587
22.11199951 7.45300007 382.81799316 0.994639 -0.101316 0.020699
22.14500046 7.75299978 382.81799316 0.994183 -0.106090 0.018593
66.79100037 -0.34700000 388.51800537 -0.938944 0.326414 -0.108805
66.88300323 -0.04700000 388.51800537 -0.947398 0.292638 -0.129616
66.76499939 -0.34700000 388.81799316 -0.947083 0.308689 -0.088009
66.84899902 -0.04700000 388.81799316 -0.955405 0.271288 -0.116641
66.98000336 0.25299999 388.51800537 -0.947318 0.286211 -0.143777
67.07399750 0.55299997 388.51800537 -0.949659 0.279942 -0.140641
66.92800140 0.25299999 388.81799316 -0.950701 0.283216 -0.126317
67.01899719 0.55299997 388.81799316 -0.946268 0.298469 -0.124474
42.41799927 26.42300034 374.41799927 0.133665 -0.907516 0.398181
42.11800003 26.37700081 374.41799927 0.110729 -0.925476 0.362262
42.41799927 26.27400017 374.11801147 0.089461 -0.906999 0.411521
42.11800003 26.26799965 374.11801147 0.079781 -0.918162 0.388089
66.73000336 -0.34700000 389.11801147 -0.950678 0.295038 -0.095723
66.81600189 -0.04700000 389.11801147 -0.957587 0.267082 -0.108136
66.77999878 -0.04700000 389.41799927 -0.950854 0.297873 -0.084549
66.69000244 -0.34700000 389.41799927 -0.947435 0.297156 -0.118596
66.76200104 -0.04700000 389.71798706 -0.943824 0.319873 -0.082930
66.73500061 -0.04700000 390.01800537 -0.936631 0.332875 -0.109161
66.64700317 -0.34700000 389.71798706 -0.942302 0.316774 -0.108264
66.61799622 -0.34700000 390.01800537 -0.934602 0.338506 -0.109239
26.25399971 -6.94700003 388.51800537 0.853585 0.442883 -0.274312
26.09399986 -6.64699984 388.51800537 0.826257 0.513536 -0.231475
26.37100029 -6.94700003 388.81799316 0.811287 0.499375 -0.304036
26.17300034 -6.64699984 388.81799316 0.787328 0.532838 -0.310159
66.58200073 -0.34700000 390.31799316 -0.933628 0.330403 -0.138468
66.69100189 -0.04700000 390.31799316 -0.934661 0.322534 -0.149601
66.53099823 -0.34700000 390.61801147 -0.932734 0.326526 -0.152930
66.63500214 -0.04700000 390.61801147 -0.933479 0.325824 -0.149852
57.11800003 -11.82999992 392.71798706 -0.515521 0.797867 -0.312485
40.91799927 28.63899994 380.11801147 0.182101 -0.887198 0.423932
41.21799850 28.69499969 380.11801147 0.162800 -0.891798 0.422128
40.91799927 28.77899933 380.41799927 0.167386 -0.902739 0.396289
57.41799927 -11.47999954 393.01800537 -0.535454 0.765165 -0.357508
41.21799850 28.81800079 380.41799927 0.166651 -0.907320 0.386003
57.11800003 -11.68500042 393.01800537 -0.508544 0.771752 -0.381814
57.41799927 -11.61299992 392.71798706 -0.556602 0.768336 -0.315996
41.51800156 28.25099945 378.91799927 0.134079 -0.901856 0.410704
41.81800079 28.29299927 378.91799927 0.113179 -0.904038 0.412197
41.51800156 28.37100029 379.21798706 0.167526 -0.919282 0.356169
41.81800079 28.42799950 379.21798706 0.117775 -0.915872 0.383807
42.41799927 28.48600006 379.21798706 0.101649 -0.900919 0.421914
42.11800003 28.07200050 378.31799316 0.109054 -0.915227 0.387901
42.41799927 28.09700012 378.31799316 0.083025 -0.913275 0.398792
66.37100220 -0.94700003 390.31799316 -0.916879 0.378681 -0.126227
42.11800003 28.19000053 378.61801147 0.099701 -0.919163 0.381050
42.41799927 28.21899986 378.61801147 0.082154 -0.925245 0.370367
66.47299957 -0.64700001 390.31799316 -0.934507 0.331511 -0.129603
66.31999969 -0.94700003 390.61801147 -0.912172 0.375934 -0.163141
66.43499756 -0.64700001 390.61801147 -0.928365 0.335436 -0.160063
42.11800003 28.31299973 378.91799927 0.089238 -0.907485 0.410496
42.41799927 28.32600021 378.91799927 0.097591 -0.911310 0.399987
42.11800003 28.44199944 379.21798706 0.080655 -0.909078 0.408744
42.71799850 28.11800003 378.31799316 0.115583 -0.909345 0.399666
43.01800156 28.17799950 378.31799316 0.115583 -0.909345 0.399666
42.71799850 28.24799919 378.61801147 0.122749 -0.922687 0.365489
43.01800156 28.29299927 378.61801147 0.114237 -0.920776 0.372990
66.48400116 -0.34700000 390.91799927 -0.928352 0.343476 -0.142081
66.58999634 -0.04700000 390.91799927 -0.936060 0.335365 -0.106401
66.44499969 -0.34700000 391.21798706 -0.920073 0.364399 -0.143805
66.56800079 -0.04700000 391.21798706 -0.928022 0.347836 -0.133360
66.25299835 -0.94700003 390.91799927 -0.908513 0.376282 -0.181703
66.37699890 -0.64700001 390.91799927 -0.917514 0.357675 -0.173889
66.18499756 -0.94700003 391.21798706 -0.916219 0.370147 -0.153407
66.31500244 -0.64700001 391.21798706 -0.917505 0.368403 -0.149882
38.21799850 25.26399994 373.81799316 0.247869 -0.902009 0.353470
37.91799927 25.17799950 373.81799316 0.298004 -0.919926 0.254815
38.21799850 25.15299988 373.57598877 0.249735 -0.880802 0.402268
66.39099884 -0.34700000 391.51800537 -0.923095 0.364561 -0.122437
66.51100159 -0.04700000 391.51800537 -0.929357 0.338325 -0.147758
66.37000275 -0.34700000 391.81799316 -0.931586 0.349176 -0.101113
66.46600342 -0.04700000 391.81799316 -0.935732 0.333515 -0.114772
39.71799850 26.70299911 376.21798706 0.219868 -0.889800 0.399893
40.01800156 26.75799942 376.21798706 0.187929 -0.890112 0.415191
66.16100311 -0.94700003 391.51800537 -0.915638 0.385314 -0.114627
66.26599884 -0.64700001 391.51800537 -0.921228 0.375315 -0.102359
66.12400055 -0.94700003 391.81799316 -0.910113 0.398782 -0.112548
66.25299835 -0.64700001 391.81799316 -0.921908 0.372861 -0.105166
40.31800079 26.97500038 376.51800537 0.224406 -0.896158 0.382810
40.61800003 27.03199959 376.51800537 0.171145 -0.917961 0.357849
40.31800079 27.09099960 376.81799316 0.215663 -0.907523 0.360404
40.61800003 27.15999985 376.81799316 0.172482 -0.910879 0.374900
41.21799850 27.26600075 376.81799316 0.201253 -0.904917 0.374997
40.91799927 27.33600044 377.11801147 0.160273 -0.909159 0.384372
41.21799850 27.39399910 377.11801147 0.194156 -0.907499 0.372491
40.91799927 27.45800018 377.41799927 0.165566 -0.915565 0.366509
41.21799850 27.51399994 377.41799927 0.165048 -0.918346 0.359721
41.51800156 27.46400070 377.11801147 0.159473 -0.915911 0.368340
41.81800079 27.51199913 377.11801147 0.121342 -0.910759 0.394709
41.51800156 27.56800079 377.41799927 0.179725 -0.918439 0.352375
41.81800079 27.62899971 377.41799927 0.161718 -0.918278 0.361405
41.51800156 27.87500000 378.01800537 0.178085 -0.893319 0.412635
41.81800079 27.89900017 378.01800537 0.103110 -0.914246 0.391820
41.51800156 27.67700005 377.71798706 0.183769 -0.874740 0.448396
41.81800079 27.75200081 377.71798706 0.143472 -0.899189 0.413371
42.11800003 27.92900085 378.01800537 0.112548 -0.910113 0.398782
42.41799927 27.95299911 378.01800537 0.094227 -0.916322 0.389198
31.91799927 -9.34700012 396.56100464 0.611464 0.712559 -0.344050
31.91799927 -9.31999969 396.61801147 0.586978 0.733316 -0.343081
66.21499634 -0.64700001 392.11801147 -0.918313 0.372063 -0.135169
50.21799850 25.15600014 372.61801147 -0.271391 -0.871786 0.407844
49.91799927 25.21599960 372.61801147 -0.239231 -0.868154 0.434829
66.15499878 -0.64700001 392.41799927 -0.921642 0.362818 -0.137621
50.21799850 24.98900032 372.31799316 -0.237003 -0.864984 0.442304
49.91799927 25.05100060 372.31799316 -0.230379 -0.865804 0.444195
44.81800079 29.05500031 380.11801147 -0.001268 -0.929435 0.368984
44.51800156 29.14699936 380.41799927 0.019444 -0.921632 0.387578
44.81800079 29.15999985 380.41799927 0.022209 -0.915781 0.401063
66.07399750 -0.94700003 392.11801147 -0.911590 0.395439 -0.112388
66.04499817 -0.94700003 392.41799927 -0.916436 0.379646 -0.126549
26.30299950 16.75300026 375.61801147 0.849506 -0.522664 0.071849
26.22200012 16.75300026 376.21798706 0.797636 -0.581328 0.160729
25.96400070 16.45299911 376.21798706 0.798850 -0.583833 0.144838
26.23200035 16.75300026 375.91799927 0.776757 -0.621112 0.104253
26.21800041 16.73500061 375.91799927 0.774168 -0.624329 0.104300
25.97400093 16.45299911 375.91799927 0.809727 -0.585192 0.043504
66.00700378 -0.94700003 392.71798706 -0.908012 0.377262 -0.182176
66.11000061 -0.64700001 392.71798706 -0.920231 0.350900 -0.173336
65.92900085 -0.94700003 393.01800537 -0.908870 0.380955 -0.169789
66.05699921 -0.64700001 393.01800537 -0.919342 0.351638 -0.176525
31.61800003 -9.00199986 396.91799927 0.594618 0.730716 -0.335384
31.36599922 -9.04699993 396.31799316 0.651591 0.668004 -0.359442
31.61800003 -9.11699963 396.61801147 0.571270 0.749286 -0.334994
65.59500122 15.55300045 381.01800537 -0.892257 -0.399977 0.209512
31.31800079 -8.86200047 396.61801147 0.667015 0.676706 -0.311705
65.88099670 -0.94700003 393.31799316 -0.907617 0.393818 -0.145388
66.00299835 -0.64700001 393.31799316 -0.920461 0.367907 -0.131891
65.83200073 -0.94700003 393.61801147 -0.902472 0.400624 -0.158253
65.96700287 -0.64700001 393.61801147 -0.915502 0.378780 -0.135578
65.73200226 15.25300026 381.01800537 -0.890345 -0.389618 0.235549
58.91799927 -11.34799957 390.61801147 -0.622625 0.722374 -0.300855
59.21799850 -11.20499992 390.31799316 -0.632213 0.712647 -0.304041
58.91799927 -11.45400047 390.31799316 -0.590661 0.763922 -0.259891
58.61800003 -11.59500027 390.61801147 -0.547680 0.792488 -0.268347
58.61800003 -11.67599964 390.31799316 -0.569498 0.772550 -0.280783
65.52799988 15.55300045 380.71798706 -0.897571 -0.386758 0.211622
60.50199890 -10.84700012 388.21798706 -0.693895 0.687658 -0.213626
60.24100113 -11.14700031 388.21798706 -0.710370 0.653159 -0.262217
60.34299850 -11.14700031 387.91799927 -0.724464 0.628509 -0.283069
60.41799927 -11.21500015 387.61801147 -0.675721 0.665999 -0.315985
60.21400070 -11.44699955 387.61801147 -0.686825 0.680480 -0.255378
60.31299973 -11.44699955 387.31799316 -0.684412 0.684412 -0.251320
60.11800003 -11.59799957 387.31799316 -0.645892 0.733048 -0.213222
60.83200073 -10.84700012 387.61801147 -0.717825 0.634692 -0.286171
60.90299988 -10.84700012 387.31799316 -0.616241 0.691833 -0.376318
60.71799850 -11.08199978 387.31799316 -0.511241 0.849155 -0.132544
65.78299713 -0.94700003 393.91799927 -0.900243 0.411011 -0.143641
65.91300201 -0.64700001 393.91799927 -0.908841 0.393127 -0.139497
65.73200226 -0.94700003 394.21798706 -0.901308 0.404232 -0.155693
65.87000275 -0.64700001 394.21798706 -0.899048 0.404212 -0.168302
55.01800156 24.07200050 374.41799927 -0.459677 -0.812785 0.357880
54.71799850 24.24799919 374.41799927 -0.427050 -0.830463 0.357714
54.71799850 24.10099983 374.11801147 -0.415340 -0.829100 0.374280
55.01800156 23.92099953 374.11801147 -0.479000 -0.788657 0.385458
65.63200378 -1.24699998 393.91799927 -0.884839 0.441700 -0.148193
55.01800156 24.30500031 375.01800537 -0.428238 -0.816677 0.386847
65.60199738 -1.24699998 394.21798706 -0.879512 0.452031 -0.148752
54.71799850 24.47699928 375.01800537 -0.419538 -0.827993 0.372043
54.71799850 24.35400009 374.71798706 -0.438753 -0.838470 0.323209
54.41799927 24.38699913 374.41799927 -0.378468 -0.848828 0.369124
54.11800003 24.50399971 374.41799927 -0.386555 -0.852284 0.352402
54.11800003 24.37400055 374.11801147 -0.405412 -0.831331 0.380172
54.41799927 24.62400055 375.01800537 -0.404246 -0.835233 0.372788
54.11800003 24.76300049 375.01800537 -0.410913 -0.835995 0.363681
54.11800003 24.63500023 374.71798706 -0.415830 -0.830078 0.371559
54.41799927 24.48900032 374.71798706 -0.392666 -0.852071 0.346105
54.41799927 24.76099968 375.31799316 -0.407348 -0.835142 0.369601
53.81800079 24.79899979 374.71798706 -0.432012 -0.824463 0.365549
54.41799927 24.88800049 375.61801147 -0.410441 -0.835035 0.366409
54.11800003 25.03599930 375.61801147 -0.418440 -0.828985 0.371069
54.11800003 24.90200043 375.31799316 -0.404246 -0.835233 0.372788
53.81800079 24.91399956 375.01800537 -0.408426 -0.843454 0.348961
53.51800156 25.05500031 375.01800537 -0.395082 -0.853687 0.339306
53.51800156 24.94499969 374.71798706 -0.395710 -0.851939 0.342948
52.01800156 28.55100060 381.61801147 -0.264744 -0.886967 0.378419
51.71799850 28.64299965 381.61801147 -0.287081 -0.873393 0.393407
51.71799850 28.50900078 381.31799316 -0.266581 -0.892078 0.364873
53.81800079 25.19700050 375.61801147 -0.394891 -0.835407 0.382305
53.51800156 25.31500053 375.61801147 -0.329611 -0.866187 0.375603
53.51800156 25.17700005 375.31799316 -0.356936 -0.860664 0.363117
53.81800079 25.04599953 375.31799316 -0.394891 -0.835407 0.382305
53.21799850 25.42799950 375.61801147 -0.361587 -0.863192 0.352355
53.21799850 25.28800011 375.31799316 -0.391833 -0.856457 0.336078
52.91799927 25.54899979 375.61801147 -0.391424 -0.855563 0.338821
52.91799927 25.45899963 375.31799316 -0.368958 -0.868046 0.332215
52.91799927 25.82600021 376.21798706 -0.396006 -0.831455 0.389695
53.21799850 25.67499924 376.21798706 -0.370724 -0.843124 0.389495
53.21799850 25.55100060 375.91799927 -0.351809 -0.864927 0.357954
52.91799927 25.67900085 375.91799927 -0.415224 -0.832027 0.367860
50.81800079 28.64999962 381.01800537 -0.250981 -0.889571 0.381669
50.51800156 28.72599983 381.01800537 -0.264043 -0.887602 0.377417
50.81800079 28.53800011 380.71798706 -0.269344 -0.891366 0.364582
50.51800156 28.60600090 380.71798706 -0.261582 -0.897063 0.356165
50.21799850 28.83099937 381.01800537 -0.249715 -0.896906 0.364968
49.91799927 28.91200066 381.01800537 -0.242765 -0.886168 0.394680
49.91799927 28.76199913 380.71798706 -0.200894 -0.890092 0.409120
50.21799850 28.71199989 380.71798706 -0.238829 -0.901102 0.361906
52.61800003 25.95000076 376.21798706 -0.337174 -0.874212 0.349380
52.61800003 25.83900070 375.91799927 -0.376169 -0.856055 0.354496
52.31800079 25.95899963 375.91799927 -0.284566 -0.892434 0.350120
65.67299652 -0.94700003 394.51800537 -0.904451 0.388441 -0.176303
65.80200195 -0.64700001 394.51800537 -0.895559 0.404961 -0.184337
65.61699677 -0.94700003 394.81799316 -0.906378 0.386817 -0.169857
65.74299622 -0.64700001 394.81799316 -0.904940 0.400780 -0.143034
50.51800156 28.48699951 380.41799927 -0.252483 -0.896241 0.364698
23.27599907 -2.74699998 384.31799316 0.937808 0.154704 -0.310777
52.01800156 26.02599907 375.91799927 -0.273549 -0.889409 0.366227
23.16600037 -2.44700003 384.31799316 0.917237 0.281671 -0.281671
23.33799934 -2.74699998 384.61801147 0.926060 0.269685 -0.263977
52.31800079 26.06299973 376.21798706 -0.295562 -0.886685 0.355574
65.54100037 -1.24699998 394.51800537 -0.890130 0.429966 -0.150991
23.20899963 -2.44700003 384.61801147 0.926209 0.302117 -0.225524
50.21799850 28.44899940 380.11801147 -0.213172 -0.889441 0.404292
65.65000153 15.25300026 380.71798706 -0.901805 -0.369784 0.223624
50.21799850 28.58699989 380.41799927 -0.234929 -0.890957 0.388593
49.91799927 28.64699936 380.41799927 -0.163389 -0.910714 0.379346
49.91799927 28.50300026 380.11801147 -0.180847 -0.895554 0.406544
52.01800156 26.15699959 376.21798706 -0.323415 -0.855735 0.403882
51.71799850 26.28300095 376.21798706 -0.304987 -0.862853 0.403073
51.71799850 26.14200020 375.91799927 -0.302249 -0.860718 0.409647
52.31800079 26.35899925 376.81799316 -0.303486 -0.854997 0.420566
52.61800003 26.23500061 376.81799316 -0.368788 -0.824628 0.428933
52.61800003 26.07399940 376.51800537 -0.332039 -0.857124 0.393814
52.31800079 26.19199944 376.51800537 -0.329699 -0.842217 0.426578
27.64399910 20.65299988 380.71798706 0.772102 -0.602578 0.201887
27.56599998 20.65299988 381.01800537 0.765271 -0.596254 0.242571
52.01800156 26.44199944 376.81799316 -0.249715 -0.896906 0.364968
51.71799850 26.52700043 376.81799316 -0.262695 -0.894943 0.360649
51.71799850 26.41600037 376.51800537 -0.262413 -0.893983 0.363227
52.01800156 26.31699944 376.51800537 -0.313041 -0.855851 0.411734
51.41799927 26.62100029 376.81799316 -0.255921 -0.894983 0.365390
51.41799927 26.49300003 376.51800537 -0.267633 -0.897533 0.350437
51.11800003 26.58399963 376.51800537 -0.278766 -0.901197 0.331865
51.11800003 26.69499969 376.81799316 -0.265874 -0.892683 0.363906
23.41099930 -2.74699998 384.91799927 0.930758 0.301830 -0.206367
51.11800003 26.98800087 377.41799927 -0.247630 -0.877960 0.409715
51.41799927 26.89100075 377.41799927 -0.290319 -0.855597 0.428566
23.31399918 -2.44700003 384.91799927 0.928378 0.298155 -0.221850
51.41799927 26.74200058 377.11801147 -0.266401 -0.877468 0.398849
51.11800003 26.83900070 377.11801147 -0.282806 -0.860648 0.423445
23.47500038 -2.74699998 385.21798706 0.931207 0.318754 -0.176776
23.38299942 -2.44700003 385.21798706 0.940412 0.301642 -0.156963
65.39099884 -1.54700005 394.51800537 -0.882047 0.454560 -0.123971
65.33699799 -1.54700005 394.81799316 -0.878600 0.445878 -0.171042
65.48799896 -1.24699998 394.81799316 -0.890594 0.416967 -0.181606
31.09700012 -8.74699974 396.31799316 0.631366 0.683843 -0.365700
49.61800003 27.90800095 378.61801147 -0.174034 -0.901813 0.395532
49.31800079 27.95400047 378.61801147 -0.175970 -0.908461 0.379122
31.01799965 -8.54699993 396.61801147 0.651845 0.684356 -0.326735
49.61800003 28.16300011 379.21798706 -0.168302 -0.899048 0.404212
49.31800079 28.22500038 379.21798706 -0.165118 -0.897378 0.409205
49.61800003 28.04700089 378.91799927 -0.166897 -0.905810 0.389427
49.31800079 28.08699989 378.91799927 -0.166651 -0.907320 0.386003
49.01800156 28.27499962 379.21798706 -0.172734 -0.889798 0.422400
48.71799850 28.32999992 379.21798706 -0.189202 -0.881475 0.432671
48.71799850 28.20599937 378.91799927 -0.147142 -0.917887 0.368556
49.01800156 28.13999939 378.91799927 -0.190887 -0.908505 0.371726
65.41999817 -1.24699998 395.11801147 -0.887310 0.419535 -0.191495
49.01800156 28.43499947 379.51800537 -0.173428 -0.884630 0.432842
49.01800156 28.57099915 379.81799316 -0.148696 -0.907751 0.392273
48.71799850 28.60099983 379.81799316 -0.133279 -0.910509 0.391421
48.71799850 28.47900009 379.51800537 -0.158434 -0.903501 0.398226
47.81800079 29.27000046 381.01800537 -0.119618 -0.899245 0.420773
47.51800156 29.31699944 381.01800537 -0.128053 -0.902002 0.412304
47.81800079 29.15699959 380.71798706 -0.128053 -0.902002 0.412304
47.51800156 29.16600037 380.71798706 -0.098133 -0.905309 0.413263
28.98900032 20.95299911 377.71798706 0.714967 -0.648384 0.261573
29.21800041 21.20100021 377.71798706 0.691803 -0.672719 0.262408
28.91799927 20.96999931 378.01800537 0.728147 -0.646720 0.227057
29.95700073 21.25300026 376.21798706 0.730383 -0.621705 0.282884
30.11800003 20.59900093 373.81799316 0.666256 -0.745136 0.029580
23.50600052 -2.74699998 385.51800537 0.912803 0.359676 -0.193451
30.11800003 20.62199974 374.11801147 0.684462 -0.727331 0.050013
30.37500000 20.95299911 374.41799927 0.699529 -0.677620 0.226916
30.12999916 20.65299988 374.41799927 0.723357 -0.664997 0.185831
30.41799927 20.87700081 374.11801147 0.593646 -0.780790 0.194814
23.41300011 -2.44700003 385.51800537 0.932816 0.324758 -0.156160
23.47500038 -2.44700003 385.81799316 0.925382 0.320705 -0.202030
29.51799965 20.70199966 375.91799927 0.657721 -0.702312 0.272325
30.41799927 21.20000076 375.01800537 0.640524 -0.714000 0.282725
30.11800003 20.87100029 375.01800537 0.642931 -0.704162 0.301323
30.29000092 20.95299911 374.71798706 0.763173 -0.611468 0.208983
30.11800003 20.77499962 374.71798706 0.675367 -0.688080 0.265379
29.80900002 20.95299911 375.91799927 0.755722 -0.622814 0.202453
30.11800003 21.15699959 375.61801147 0.647827 -0.686794 0.329596
30.11800003 21.03000069 375.31799316 0.669254 -0.672495 0.315991
29.51799965 20.85300064 376.21798706 0.675900 -0.675900 0.293800
29.81800079 21.07600021 376.21798706 0.707304 -0.636413 0.307734
30.71800041 21.69799995 375.61801147 0.641730 -0.718165 0.269113
30.71800041 21.59300041 375.31799316 0.641986 -0.712429 0.283371
30.41799927 21.44799995 375.61801147 0.632193 -0.718619 0.289688
30.41799927 21.32900047 375.31799316 0.656148 -0.697859 0.287165
31.01799965 21.98399925 375.61801147 0.646880 -0.710769 0.276322
31.00099945 21.85300064 375.31799316 0.629439 -0.716369 0.301036
22.83499908 10.45300007 378.61801147 0.952058 -0.297599 -0.070857
22.84799957 10.45300007 378.31799316 0.934259 -0.339362 -0.109515
23.68400002 15.55300045 385.81799316 0.949263 -0.268710 0.163387
23.60199928 15.25300026 385.81799316 0.933630 -0.316742 0.167362
23.72500038 15.55300045 385.51800537 0.942524 -0.290532 0.165044
22.98100090 10.75300026 378.61801147 0.942205 -0.334978 -0.006273
23.64299965 15.25300026 385.51800537 0.935042 -0.322665 0.146916
23.78899956 15.55300045 385.21798706 0.929223 -0.327387 0.171356
23.67499924 15.25300026 385.21798706 0.936097 -0.321143 0.143489
23.83499908 15.55300045 384.91799927 0.920461 -0.367907 0.131891
23.71400070 15.25300026 384.91799927 0.933801 -0.335733 0.123691
22.93600082 10.75300026 378.31799316 0.934184 -0.355326 -0.032302
22.91799927 10.69900036 378.31799316 0.938708 -0.328079 -0.105789
23.57500076 14.95300007 385.21798706 0.936687 -0.326688 0.126066
23.62599945 14.95300007 384.91799927 0.937517 -0.329543 0.111641
23.47200012 14.65299988 385.21798706 0.937011 -0.322310 0.134636
23.50300026 14.65299988 384.91799927 0.941834 -0.313049 0.122264
23.37299919 14.35299969 385.21798706 0.940272 -0.315228 0.128526
23.27199936 14.05300045 385.21798706 0.942008 -0.311307 0.125332
23.41399956 14.35299969 384.91799927 0.944457 -0.304102 0.124588
23.30500031 14.05300045 384.91799927 0.935517 -0.329943 0.126274
30.71800041 21.07799911 374.11801147 0.551231 -0.784991 0.282723
30.71800041 21.21500015 374.41799927 0.560990 -0.763525 0.319877
23.46699905 14.35299969 384.61801147 0.951169 -0.292567 0.098397
23.35300064 14.05300045 384.61801147 0.939531 -0.325686 0.105881
23.46899986 14.35299969 384.31799316 0.948650 -0.303096 0.090535
31.07600021 21.25300026 373.51800537 0.646613 -0.762130 0.032401
23.38400078 14.05300045 384.31799316 0.941374 -0.329546 0.072211
31.06399918 21.25300026 373.81799316 0.644981 -0.754702 0.120100
31.31800079 21.47599983 373.51800537 0.597829 -0.798539 0.070249
31.61800003 21.63699913 373.51800537 0.456651 -0.857168 0.238187
31.31800079 21.50000000 373.81799316 0.652703 -0.754010 0.073809
31.38299942 21.55299950 373.81799316 0.621864 -0.776965 0.098035
31.61800003 21.71899986 373.81799316 0.574822 -0.790573 0.211128
22.85099983 10.45300007 379.21798706 0.962381 -0.244805 0.117869
22.86400032 10.45300007 378.91799927 0.963234 -0.268442 0.010932
23.24099922 13.75300026 384.61801147 0.941197 -0.319980 0.108445
23.12999916 13.45300007 384.61801147 0.951660 -0.291912 0.095559
23.27799988 13.75300026 384.31799316 0.943177 -0.317046 0.099491
23.17799950 13.45300007 384.31799316 0.949574 -0.288192 0.123511
23.29500008 13.75300026 384.01800537 0.949940 -0.297430 0.095649
23.22200012 13.45300007 384.01800537 0.954016 -0.281363 0.103384
23.34099960 13.75300026 383.71798706 0.949714 -0.290080 0.117886
23.24699974 13.45300007 383.71798706 0.952052 -0.285747 0.109295
23.04400063 13.15299988 384.61801147 0.958582 -0.267782 0.097022
22.97100067 12.85299969 384.61801147 0.954250 -0.280662 0.103127
23.09199905 13.15299988 384.31799316 0.954276 -0.266032 0.136325
23.01099968 12.85299969 384.31799316 0.952861 -0.276211 0.125550
23.13299942 13.15299988 384.01800537 0.956918 -0.269499 0.108060
23.04700089 12.85299969 384.01800537 0.954605 -0.276299 0.111305
23.15600014 13.15299988 383.71798706 0.957264 -0.273319 0.094561
23.07999992 12.85299969 383.71798706 0.956125 -0.276329 0.097299
22.94400024 10.75300026 379.21798706 0.951603 -0.288245 0.106611
22.95400047 10.75300026 378.91799927 0.951769 -0.304617 0.036655
23.01399994 12.55300045 383.41799927 0.958522 -0.273314 0.080839
22.94499969 12.25300026 383.41799927 0.965531 -0.248640 0.076990
23.02700043 12.55300045 383.11801147 0.961672 -0.267760 0.059083
22.96199989 12.25300026 383.11801147 0.968389 -0.240539 0.066055
22.86899948 12.25300026 384.01800537 0.966207 -0.236127 0.103385
22.90600014 12.25300026 383.71798706 0.963358 -0.249475 0.098511
22.95100021 12.55300045 384.01800537 0.954372 -0.276991 0.111584
22.99300003 12.55300045 383.71798706 0.956288 -0.272666 0.105674
30.41799927 -8.18400002 396.31799316 0.580640 0.724573 -0.371282
30.41799927 -8.14700031 396.38400269 0.593395 0.717632 -0.364537
30.41799927 -8.03400040 396.61801147 0.584888 0.722509 -0.368627
30.11800003 -7.77600002 396.61801147 0.625979 0.688412 -0.366387
50.51800156 -15.07100010 392.11801147 -0.261582 0.897063 -0.356165
50.81800079 -14.99699974 392.11801147 -0.261582 0.897063 -0.356165
22.85400009 11.95300007 383.41799927 0.959857 -0.267837 0.083299
22.77099991 11.65299988 383.41799927 0.962700 -0.260018 0.074834
22.88500023 11.95300007 383.11801147 0.959412 -0.273210 0.069891
22.79400063 11.65299988 383.11801147 0.959902 -0.270807 0.072469
23.53700066 -2.14700007 386.71798706 0.932276 0.335400 -0.135529
23.59000015 -2.14700007 387.01800537 0.919309 0.347043 -0.185562
50.51800156 -14.95400047 392.41799927 -0.242987 0.896843 -0.369635
50.81800079 -14.87399960 392.41799927 -0.257794 0.889612 -0.377005
23.41799927 -1.84700000 386.71798706 0.937011 0.322310 -0.134636
23.46400070 -1.84700000 387.01800537 0.931205 0.327928 -0.159121
22.73200035 11.35299969 382.81799316 0.969750 -0.232790 0.073447
22.66300011 11.05300045 382.81799316 0.978905 -0.190444 0.073994
22.76600075 11.35299969 382.51800537 0.963516 -0.243130 0.111917
22.69700050 11.05300045 382.51800537 0.973249 -0.208643 0.096200
22.57200050 10.75300026 383.41799927 0.974342 -0.209230 0.082949
22.50900078 10.45300007 383.41799927 0.974473 -0.210664 0.077613
22.60000038 10.75300026 383.11801147 0.977382 -0.202259 0.061768
22.52599907 10.45300007 383.11801147 0.972885 -0.222620 0.062727
22.68799973 11.35299969 383.41799927 0.972501 -0.221192 0.072907
22.63699913 11.05300045 383.41799927 0.976494 -0.200212 0.079839
22.71699905 11.35299969 383.11801147 0.971956 -0.227322 0.060210
22.65800095 11.05300045 383.11801147 0.979950 -0.188776 0.063727
22.61800003 10.75300026 382.81799316 0.978493 -0.189346 0.081847
22.55100060 10.45300007 382.81799316 0.970008 -0.227130 0.086585
22.64699936 10.75300026 382.51800537 0.979389 -0.183711 0.083948
22.59199905 10.45300007 382.51800537 0.972197 -0.217842 0.085892
23.61899948 -3.34699988 384.91799927 0.911795 0.389572 -0.129857
23.66200066 -3.34699988 385.21798706 0.917386 0.346695 -0.195462
23.58499908 -3.04699993 385.21798706 0.921753 0.333763 -0.197417
23.60099983 -2.74699998 385.81799316 0.912105 0.354787 -0.205403
22.47299957 10.15299988 382.81799316 0.975089 -0.205866 0.082593
22.42799950 9.85299969 382.81799316 0.983189 -0.170419 0.065546
22.50900078 10.15299988 382.51800537 0.972812 -0.212997 0.090929
22.44899940 9.85299969 382.51800537 0.980563 -0.173755 0.091130
22.37599945 9.55300045 382.81799316 0.983105 -0.177783 0.043563
22.39399910 9.55300045 382.51800537 0.978521 -0.191317 0.076771
22.32699966 9.25300026 382.51800537 0.981797 -0.178182 0.065772
22.53700066 10.15299988 382.21798706 0.973560 -0.221097 0.057412
22.47699928 9.85299969 382.21798706 0.979650 -0.191122 0.061303
22.55699921 10.15299988 381.91799927 0.975811 -0.213496 0.047042
22.47900009 9.85299969 381.91799927 0.977255 -0.208815 0.036990
23.64399910 -2.74699998 386.11801147 0.921907 0.352205 -0.161369
23.54700089 -2.44700003 386.11801147 0.926671 0.327639 -0.184209
23.69599915 -2.74699998 386.41799927 0.918601 0.363233 -0.155671
23.59399986 -2.44700003 386.41799927 0.936644 0.316786 -0.149479
22.42900085 9.55300045 382.21798706 0.979572 -0.193037 0.056352
22.35799980 9.25300026 382.21798706 0.981760 -0.180128 0.060838
22.42900085 9.55300045 381.91799927 0.982022 -0.186104 0.031603
22.36700058 9.25300026 381.91799927 0.984091 -0.173938 0.036188
23.75600052 -2.74699998 386.71798706 0.920566 0.355577 -0.161626
23.63100052 -2.44700003 386.71798706 0.930392 0.331392 -0.156683
23.81500053 -2.74699998 387.01800537 0.927819 0.339784 -0.153943
23.69199944 -2.44700003 387.01800537 0.925428 0.332817 -0.181154
22.30900002 8.65299988 381.61801147 0.989261 -0.145182 0.016882
22.30299950 8.65299988 381.31799316 0.986526 -0.162714 0.017068
22.33799934 8.95300007 381.61801147 0.989873 -0.137514 0.035231
22.34799957 8.95300007 381.31799316 0.987247 -0.155155 0.035628
22.30699921 8.95300007 382.21798706 0.991733 -0.116741 0.053270
22.28199959 8.65299988 382.21798706 0.992563 -0.115258 0.039165
22.29000092 8.65299988 381.91799927 0.990897 -0.126280 0.046644
22.32500076 8.95300007 381.91799927 0.990416 -0.129085 0.049121
22.23299980 8.35299969 382.21798706 0.988772 -0.145172 0.035436
22.18700027 8.05300045 382.21798706 0.989296 -0.140350 0.039937
22.24600029 8.35299969 381.91799927 0.987619 -0.150966 0.042639
22.21100044 8.05300045 381.91799927 0.989196 -0.142289 0.035288
23.65299988 -2.14700007 387.31799316 0.922867 0.346953 -0.167155
23.52799988 -1.84700000 387.31799316 0.928392 0.328078 -0.174510
23.68700027 -2.14700007 387.61801147 0.922439 0.340441 -0.182228
23.58900070 -1.84700000 387.61801147 0.930040 0.326696 -0.168214
22.26000023 8.35299969 381.61801147 0.988281 -0.152643 0.001114
22.20899963 8.05300045 381.61801147 0.990673 -0.136148 -0.005534
22.24200058 8.35299969 381.31799316 0.986960 -0.160930 0.003376
22.20400047 8.05300045 381.31799316 0.991164 -0.132081 0.012209
23.78599930 -2.14700007 387.91799927 0.910980 0.335624 -0.239732
23.65200043 -1.84700000 387.91799927 0.903071 0.370826 -0.216679
23.85300064 -2.14700007 388.21798706 0.943552 0.299175 -0.142142
23.72500038 -1.84700000 388.21798706 0.909737 0.387873 -0.148097
22.16399956 7.75299978 381.61801147 0.989358 -0.145461 0.003331
22.12899971 7.45300007 381.61801147 0.992808 -0.119312 0.009851
22.16799927 7.75299978 381.31799316 0.989830 -0.141723 0.012275
22.12199974 7.45300007 381.31799316 0.991741 -0.128214 -0.003288
22.18400002 7.75299978 381.01800537 0.989577 -0.132481 0.056449
22.12199974 7.45300007 381.01800537 0.989561 -0.130479 0.061198
22.19499969 7.75299978 380.71798706 0.990606 -0.122537 0.060696
22.17000008 7.45300007 380.71798706 0.988966 -0.131320 0.068565
22.10499954 7.15299988 381.61801147 0.995400 -0.094028 0.018373
22.05699921 6.85300016 381.61801147 0.994368 -0.103922 0.020784
22.09199905 7.15299988 381.31799316 0.995888 -0.090535 -0.003195
22.07500076 6.85300016 381.31799316 0.995619 -0.091688 0.018338
30.00499916 -7.84700012 396.31799316 0.646840 0.673041 -0.358628
22.08799934 7.15299988 381.01800537 0.993528 -0.103935 0.045821
22.07600021 6.85300016 381.01800537 0.995977 -0.085431 0.027035
22.12899971 7.15299988 380.71798706 0.988844 -0.139615 0.051923
22.07399940 6.85300016 380.71798706 0.994809 -0.099154 0.022882
22.05400085 6.55299997 381.01800537 0.993746 -0.111620 -0.003251
22.01000023 6.25299978 381.01800537 0.989296 -0.140350 -0.039937
22.05500031 6.55299997 380.71798706 0.993746 -0.111620 -0.003251
21.99799919 6.25299978 380.71798706 0.984525 -0.173875 -0.021878
29.71199989 -7.54699993 396.31799316 0.683216 0.644082 -0.344054
29.87299919 -7.54699993 396.61801147 0.650132 0.646824 -0.398682
50.81800079 -14.72999954 392.71798706 -0.244007 0.894693 -0.374145
23.62599945 -1.54700005 388.51800537 0.918734 0.378788 -0.111570
50.51800156 -14.69699955 393.01800537 -0.233932 0.908120 -0.347265
23.66500092 -1.54700005 388.81799316 0.902980 0.385753 -0.189265
23.55200005 -1.24699998 388.81799316 0.935523 0.308156 -0.172733
50.81800079 -14.62899971 393.01800537 -0.247134 0.914829 -0.319395
29.44199944 -7.24700022 396.31799316 0.693317 0.631326 -0.347474
22.84600067 10.75300026 379.81799316 0.951640 -0.293716 0.090073
22.77199936 10.45300007 379.81799316 0.968699 -0.236238 0.076246
22.88299942 10.75300026 379.51800537 0.948730 -0.289556 0.126764
22.79000092 10.45300007 379.51800537 0.960921 -0.241864 0.134660
22.27300072 9.25300026 384.01800537 0.989259 -0.136727 0.051703
22.28899956 9.25300026 383.71798706 0.988632 -0.143530 0.044781
23.75200081 -1.54700005 389.11801147 0.899682 0.373039 -0.226749
23.62899971 -1.24699998 389.11801147 0.921373 0.321409 -0.218558
23.81999969 -1.54700005 389.41799927 0.917522 0.353111 -0.182937
23.70100021 -1.24699998 389.41799927 0.923974 0.329688 -0.193851
22.32500076 9.55300045 384.01800537 0.986792 -0.150646 0.059558
22.34199905 9.55300045 383.71798706 0.987699 -0.149021 0.047363
50.51800156 -14.82699966 392.71798706 -0.258278 0.885312 -0.386671
22.12700081 7.75299978 384.61801147 0.996164 -0.085078 0.020462
23.86199951 -1.54700005 389.71798706 0.935303 0.332582 -0.120816
22.10700035 7.45300007 384.61801147 0.995979 -0.087215 0.020458
23.77000046 -1.24699998 389.71798706 0.935828 0.319250 -0.149349
22.12500000 7.75299978 384.31799316 0.996874 -0.078950 -0.003158
22.10199928 7.45300007 384.31799316 0.996111 -0.088048 0.003182
23.89599991 -1.54700005 390.01800537 0.903474 0.387615 -0.183000
23.80599976 -1.24699998 390.01800537 0.934930 0.324419 -0.143730
53.51800156 27.95499992 381.61801147 -0.389695 -0.831455 0.396006
53.51800156 27.81299973 381.31799316 -0.347615 -0.860541 0.372335
53.81800079 27.69700050 381.31799316 -0.344395 -0.870936 0.350517
53.81800079 27.82099915 381.61801147 -0.376580 -0.856992 0.351785
23.99699974 -0.94700003 391.51800537 0.916134 0.354770 -0.186646
23.86899948 -0.64700001 391.51800537 0.913780 0.358934 -0.190192
24.04299927 -0.94700003 391.81799316 0.917412 0.362173 -0.164881
23.91799927 -0.64700001 391.81799316 0.921542 0.350327 -0.167425
60.41799927 23.44799995 381.91799927 -0.644410 -0.693106 0.323017
65.30500031 16.15299988 381.01800537 -0.876671 -0.439075 0.196623
31.91799927 23.79000092 378.31799316 0.553602 -0.773767 0.307911
65.45400238 15.85299969 381.01800537 -0.883236 -0.423186 0.202009
60.66799927 23.35300064 382.21798706 -0.676593 -0.670134 0.305193
32.21799850 24.02199936 378.31799316 0.567118 -0.745866 0.349371
31.91799927 23.92300034 378.61801147 0.576838 -0.748111 0.328006
32.21799850 24.16699982 378.61801147 0.564868 -0.766492 0.305637
65.24299622 16.15299988 380.71798706 -0.872989 -0.446129 0.197127
65.39700317 15.85299969 380.71798706 -0.888465 -0.414227 0.197599
60.41799927 23.58499908 382.21798706 -0.650307 -0.689228 0.319477
65.16999817 16.15299988 380.41799927 -0.865239 -0.446915 0.227219
65.32599640 15.85299969 380.41799927 -0.878893 -0.420858 0.224556
65.08999634 16.15299988 380.11801147 -0.860179 -0.456452 0.227473
29.85000038 20.35300064 373.81799316 0.676192 -0.733863 -0.064880
30.17099953 20.65299988 373.81799316 0.656174 -0.752963 0.049818
65.23400116 15.85299969 380.11801147 -0.871082 -0.437782 0.222626
30.41799927 20.85499954 373.81799316 0.542639 -0.836034 0.081182
30.63800049 20.95299911 373.81799316 0.536952 -0.827115 0.166021
24.47699928 16.45299911 383.11801147 0.903686 -0.363518 0.226287
65.03399658 16.75300026 381.01800537 -0.885937 -0.409690 0.217417
24.60700035 16.45299911 382.51800537 0.894455 -0.417795 0.159365
24.54599953 16.45299911 382.81799316 0.888397 -0.417122 0.191730
24.68300056 16.75300026 382.81799316 0.888397 -0.417122 0.191730
24.74300003 16.75300026 382.51800537 0.891061 -0.417185 0.178794
65.15499878 16.45299911 381.01800537 -0.888405 -0.412631 0.201176
64.93399811 16.75300026 380.71798706 -0.862245 -0.436445 0.257001
65.08899689 16.45299911 380.71798706 -0.872933 -0.434228 0.222337
68.00199890 7.15299988 385.81799316 -0.999131 0.001016 0.041673
68.01499939 6.85300016 385.81799316 -0.999471 -0.017320 0.027508
67.97599792 7.15299988 385.51800537 -0.998393 -0.001030 0.056668
67.97599792 6.85300016 385.51800537 -0.997711 -0.013667 0.066234
67.90499878 8.35299969 384.91799927 -0.998043 -0.034926 0.051860
67.90200043 8.05300045 384.91799927 -0.998575 -0.015619 0.051022
67.93199921 8.35299969 385.21798706 -0.997651 -0.041613 0.054417
67.91999817 8.05300045 385.21798706 -0.998957 -0.011317 0.044238
23.97900009 13.45300007 378.31799316 0.918904 -0.372828 0.128896
24.09399986 13.75300026 378.31799316 0.903674 -0.410506 0.121891
23.94400024 13.45300007 378.61801147 0.912195 -0.382079 0.148038
24.05900002 13.75300026 378.61801147 0.906318 -0.398893 0.139542
67.68699646 9.55300045 383.41799927 -0.987526 -0.128603 0.090848
67.73100281 9.25300026 383.41799927 -0.991491 -0.099722 0.083675
67.65899658 9.55300045 383.11801147 -0.983689 -0.146045 0.105007
67.70800018 9.25300026 383.11801147 -0.990130 -0.107951 0.089379
23.20299911 0.55299997 390.01800537 0.950626 0.291385 -0.106797
23.29400063 0.25299999 390.01800537 0.949418 0.296282 -0.104028
23.17099953 0.55299997 389.71798706 0.951640 0.293716 -0.090073
23.27599907 0.25299999 389.71798706 0.953802 0.283140 -0.100469
60.21300125 23.65299988 381.91799927 -0.656932 -0.682885 0.319545
62.52500153 20.65299988 381.01800537 -0.770436 -0.574267 0.276851
62.30599976 20.95299911 381.01800537 -0.756904 -0.587995 0.285233
62.19400024 20.95299911 380.71798706 -0.750622 -0.594441 0.288455
62.42300034 20.65299988 380.71798706 -0.758669 -0.593947 0.267672
62.06700134 21.25300026 381.01800537 -0.744746 -0.608182 0.274714
61.94499969 21.25300026 380.71798706 -0.734181 -0.605659 0.306846
61.82500076 21.55299950 381.01800537 -0.743143 -0.613212 0.267785
61.70399857 21.55299950 380.71798706 -0.722236 -0.612366 0.321532
26.96899986 18.25300026 377.11801147 0.788682 -0.563791 0.245194
60.11800003 23.87299919 382.21798706 -0.643977 -0.705002 0.297096
26.87500000 18.25300026 377.41799927 0.796473 -0.557376 0.234440
27.08399963 18.55299950 377.41799927 0.773367 -0.585884 0.242165
58.61800003 25.19499969 382.21798706 -0.564322 -0.743213 0.359409
58.31800079 25.39900017 382.21798706 -0.552018 -0.747423 0.369641
58.31800079 25.25499916 381.91799927 -0.536781 -0.763819 0.358395
58.61800003 25.04100037 381.91799927 -0.572855 -0.732797 0.367214
57.71799850 25.87199974 382.21798706 -0.560672 -0.749188 0.352654
58.01800156 25.64599991 382.21798706 -0.584205 -0.724938 0.364924
58.01800156 25.46999931 381.91799927 -0.573310 -0.724441 0.382754
57.71799850 25.73200035 381.91799927 -0.566794 -0.727797 0.386077
58.01800156 25.94000053 382.81799316 -0.520801 -0.755895 0.396723
58.01800156 25.78100014 382.51800537 -0.564169 -0.737508 0.371207
57.71799850 26.00900078 382.51800537 -0.562167 -0.750096 0.348317
57.71799850 26.13899994 382.81799316 -0.520158 -0.785839 0.334502
57.11800003 26.50300026 382.81799316 -0.546645 -0.798942 0.250740
57.41799927 26.33699989 382.81799316 -0.494934 -0.815462 0.300103
57.11800003 26.39699936 382.51800537 -0.513975 -0.797218 0.316659
57.41799927 26.24200058 382.51800537 -0.505334 -0.798651 0.326793
27.46899986 18.25300026 375.31799316 0.802269 -0.583603 0.125585
27.69099998 18.55299950 375.31799316 0.715617 -0.685612 0.133522
27.40500069 18.25300026 375.61801147 0.785701 -0.582741 0.207573
27.63699913 18.55299950 375.61801147 0.759802 -0.618013 0.201895
49.91799927 -14.99199963 392.71798706 -0.216172 0.892629 -0.395580
50.21799850 -14.90999985 392.71798706 -0.237990 0.891354 -0.385810
49.91799927 -14.85099983 393.01800537 -0.210662 0.888315 -0.408065
50.21799850 -14.78100014 393.01800537 -0.215289 0.894842 -0.391036
65.01200104 16.45299911 380.41799927 -0.855735 -0.457507 0.241673
49.01800156 29.09700012 381.01800537 -0.100706 -0.909109 0.404202
48.71799850 29.11300087 381.01800537 -0.084573 -0.894252 0.439501
64.85399628 16.75300026 380.41799927 -0.863596 -0.443141 0.240476
64.77899933 16.75300026 380.11801147 -0.885591 -0.423034 0.191756
64.91500092 16.45299911 380.11801147 -0.866740 -0.447591 0.220053
50.51800156 24.51600075 371.41799927 -0.252031 -0.910515 0.327785
50.21799850 24.57799911 371.41799927 -0.213117 -0.892150 0.398308
49.91799927 24.65999985 371.41799927 -0.279587 -0.878053 0.388399
27.18000031 -6.94700003 391.21798706 0.705483 0.651092 -0.279953
60.83599854 23.05299950 381.91799927 -0.712573 -0.635364 0.297576
45.41799927 29.33399963 380.71798706 -0.014527 -0.896697 0.442406
45.11800003 29.32799911 380.71798706 0.050473 -0.888043 0.456981
60.94100189 23.05299950 382.21798706 -0.710769 -0.646880 0.276322
44.81800079 29.29999924 380.71798706 0.061427 -0.894099 0.443637
44.51800156 29.28700066 380.71798706 0.011725 -0.910660 0.412989
24.93400002 16.45299911 380.71798706 0.884630 -0.432842 0.173428
25.09199905 16.75300026 380.71798706 0.844619 -0.486755 0.222907
24.88500023 16.45299911 381.01800537 0.891819 -0.426522 0.150791
25.02899933 16.75300026 381.01800537 0.873352 -0.453556 0.177606
22.01799965 6.61700010 379.81799316 0.975911 -0.217001 0.022530
59.21799850 23.75900078 380.11801147 -0.632213 -0.712647 0.304041
58.91799927 24.00099945 380.11801147 -0.576224 -0.747316 0.330885
59.43500137 23.65299988 380.41799927 -0.639513 -0.713241 0.286899
64.55699921 17.35300064 380.41799927 -0.865547 -0.457354 0.204096
59.21799850 23.88100052 380.41799927 -0.632829 -0.713341 0.301117
58.91799927 24.11800003 380.41799927 -0.596649 -0.741389 0.307170
64.69200134 17.05299950 380.41799927 -0.875454 -0.435498 0.209574
59.81800079 23.20999908 380.11801147 -0.659448 -0.682131 0.315952
59.51800156 23.48299980 380.11801147 -0.625189 -0.721620 0.297327
59.81800079 23.36199951 380.41799927 -0.631280 -0.708778 0.314833
59.81800079 23.47599983 380.71798706 -0.628592 -0.718621 0.297416
59.81800079 23.61100006 381.01800537 -0.639782 -0.710335 0.293434
64.46900177 17.35300064 380.11801147 -0.829625 -0.503316 0.241653
64.64099884 17.05299950 380.11801147 -0.879693 -0.436175 0.189450
59.51800156 23.73800087 380.71798706 -0.627629 -0.705475 0.329222
59.51800156 23.87000084 381.01800537 -0.623741 -0.723155 0.296638
60.11800003 23.21400070 380.71798706 -0.655590 -0.691027 0.304439
60.41400146 23.05299950 381.01800537 -0.674220 -0.680626 0.286664
60.11800003 23.33399963 381.01800537 -0.659176 -0.703651 0.265259
60.58100128 22.75300026 380.71798706 -0.674836 -0.681248 0.283720
60.41799927 22.91399956 380.71798706 -0.667860 -0.680734 0.300939
55.31800079 -14.56200027 388.81799316 -0.378995 0.880296 -0.285379
55.61800003 -14.50899982 388.81799316 -0.300597 0.913408 -0.274458
60.53799820 23.05299950 381.31799316 -0.663619 -0.682995 0.305168
60.11800003 23.44000053 381.31799316 -0.652091 -0.697174 0.297869
60.68899918 23.05299950 381.61801147 -0.672975 -0.659939 0.334043
60.41799927 23.30599976 381.61801147 -0.648518 -0.687527 0.326697
55.31800079 -14.46599960 389.11801147 -0.389362 0.845962 -0.364342
60.11800003 23.59099960 381.61801147 -0.650031 -0.679356 0.340492
55.61800003 -14.32299995 389.11801147 -0.423074 0.769375 -0.478613
55.31800079 -14.34099960 389.41799927 -0.470884 0.784807 -0.402922
55.01800156 -14.63599968 389.11801147 -0.430159 0.820636 -0.376191
54.71799850 -14.60400009 389.41799927 -0.388917 0.844996 -0.367050
55.01800156 -14.48799992 389.41799927 -0.398615 0.845689 -0.354846
61.12200165 22.45299911 381.31799316 -0.712814 -0.649312 0.265122
60.83700180 22.75300026 381.31799316 -0.686975 -0.667759 0.286640
60.95100021 22.75300026 381.61801147 -0.698806 -0.643935 0.311477
55.31800079 -14.16499996 389.71798706 -0.496886 0.770580 -0.399138
61.10400009 22.75300026 381.91799927 -0.717604 -0.613932 0.328834
61.22600174 22.75300026 382.21798706 -0.720824 -0.631320 0.286092
61.34899902 22.45299911 381.91799927 -0.732175 -0.627352 0.265235
61.46400070 22.45299911 382.21798706 -0.716369 -0.629439 0.301036
61.61800003 22.15600014 381.91799927 -0.694736 -0.659438 0.287200
61.61800003 22.28199959 382.21798706 -0.704162 -0.642931 0.301323
61.60300064 22.45299911 382.51800537 -0.699010 -0.630575 0.337284
61.34400177 22.75300026 382.51800537 -0.714841 -0.627704 0.308204
61.76300049 22.45299911 382.81799316 -0.713373 -0.636425 0.293365
61.46900177 22.75300026 382.81799316 -0.707885 -0.630131 0.319115
61.88100052 22.15299988 382.51800537 -0.715672 -0.628826 0.303959
62.12400055 21.85300064 382.51800537 -0.751187 -0.609453 0.253545
62.23500061 21.85300064 382.81799316 -0.753658 -0.601978 0.263859
62.00999832 22.15299988 382.81799316 -0.756259 -0.601534 0.257349
51.11800003 -14.65799999 392.71798706 -0.279809 0.887308 -0.366594
51.41799927 -14.55900002 392.71798706 -0.307473 0.880009 -0.362000
51.11800003 -14.52799988 393.01800537 -0.306655 0.880690 -0.361037
51.41799927 -14.42800045 393.01800537 -0.296961 0.881838 -0.366302
30.41799927 24.31399918 382.51800537 0.611849 -0.747816 0.257704
30.11800003 24.17200089 382.81799316 0.562949 -0.765033 0.312750
29.81800079 23.75399971 382.51800537 0.664509 -0.690128 0.286619
30.02499962 23.95299911 382.51800537 0.658827 -0.694093 0.290141
62.34600067 21.85300064 383.11801147 -0.729764 -0.617492 0.293509
62.09199905 22.15299988 383.11801147 -0.741492 -0.618174 0.260866
62.46900177 21.85300064 383.41799927 -0.753083 -0.618994 0.222963
62.21900177 22.15299988 383.41799927 -0.739217 -0.622082 0.258014
42.41799927 -15.97500038 391.51800537 0.123269 0.848383 -0.514831
30.28400040 23.95299911 381.91799927 0.694908 -0.656391 0.293691
30.15099907 23.95299911 382.21798706 0.679104 -0.672682 0.293797
30.41799927 24.23800087 382.21798706 0.643701 -0.722780 0.251471
29.99200058 23.65299988 381.91799927 0.652924 -0.694841 0.301474
43.01800156 -16.01700020 391.51800537 0.003876 0.913431 -0.406974
42.71799850 -15.96500015 391.51800537 0.061874 0.886864 -0.457869
43.01800156 -15.87300014 391.81799316 0.085167 0.923321 -0.374466
42.71799850 -15.89299965 391.81799316 -0.003806 0.932355 -0.361525
58.61800003 -8.57100010 397.81799316 -0.562382 0.764263 -0.315639
30.11800003 23.53800011 381.31799316 0.644589 -0.705672 0.294164
58.61800003 -8.69699955 397.51800537 -0.572242 0.758181 -0.312569
59.21799850 -8.07199955 397.81799316 -0.633643 0.701707 -0.325735
29.59399986 23.05299950 381.31799316 0.677231 -0.660990 0.323187
29.81800079 23.27099991 381.31799316 0.644815 -0.702704 0.300699
29.51799965 23.12400055 381.61801147 0.684577 -0.665248 0.297992
29.81800079 23.38100052 381.61801147 0.635942 -0.722009 0.272546
58.91799927 -8.36499977 397.81799316 -0.603021 0.723300 -0.336456
59.21799850 -8.22900009 397.51800537 -0.635305 0.706433 -0.311994
58.91799927 -8.48600006 397.51800537 -0.582177 0.757628 -0.295076
62.81299973 21.25300026 383.11801147 -0.765843 -0.571596 0.294555
62.60699844 21.55299950 383.11801147 -0.757628 -0.582177 0.295076
43.61800003 -16.03700066 391.51800537 0.139132 0.944206 -0.298526
43.31800079 -16.03100014 391.51800537 -0.003761 0.941423 -0.337207
62.92599869 21.25300026 383.41799927 -0.768063 -0.585116 0.260227
62.70500183 21.55299950 383.41799927 -0.768567 -0.593252 0.239492
29.87599945 23.05299950 380.71798706 0.679104 -0.672682 0.293797
43.61800003 -15.93299961 391.81799316 0.080208 0.914913 -0.395601
43.31800079 -15.92300034 391.81799316 0.068141 0.923247 -0.378117
29.73999977 23.05299950 381.01800537 0.662730 -0.678934 0.315972
43.91799927 -15.99499989 391.81799316 0.041640 0.901306 -0.431176
44.21799850 -16.09900093 391.51800537 -0.038249 0.919289 -0.391720
43.91799927 -16.14699936 391.51800537 0.097574 0.936976 -0.335493
43.91799927 -15.62800026 392.41799927 0.084040 0.899641 -0.428466
44.21799850 -15.68599987 392.41799927 0.130234 0.908836 -0.396303
44.21799850 -15.81299973 392.11801147 0.069291 0.906214 -0.417103
43.91799927 -15.80599976 392.11801147 0.033595 0.890946 -0.452864
44.21799850 -15.94299984 391.81799316 -0.050047 0.896795 -0.439606
32.21799850 25.02599907 380.71798706 0.576563 -0.767163 0.281134
31.91799927 24.88500023 381.01800537 0.569865 -0.769873 0.287314
32.21799850 25.12100029 381.01800537 0.571240 -0.773786 0.273752
63.01599884 21.25300026 383.71798706 -0.784038 -0.575996 0.231330
62.79899979 21.55299950 383.71798706 -0.756781 -0.602592 0.253309
63.10300064 21.25300026 384.01800537 -0.792773 -0.555098 0.251749
62.90200043 21.55299950 384.01800537 -0.773572 -0.575059 0.266260
62.53300095 21.85300064 383.71798706 -0.742578 -0.626403 0.237060
30.11800003 23.29000092 380.71798706 0.655334 -0.703169 0.275846
62.65399933 21.85300064 384.01800537 -0.731255 -0.612326 0.300538
30.41799927 23.54999924 380.71798706 0.627937 -0.723806 0.286007
30.11800003 23.41099930 381.01800537 0.630531 -0.717169 0.296815
44.81800079 -15.73299980 392.41799927 -0.052252 0.912397 -0.405957
31.91799927 24.79199982 380.71798706 0.572521 -0.769176 0.283881
44.51800156 -15.75399971 392.41799927 0.038033 0.924605 -0.379023
44.81800079 -15.83100033 392.11801147 -0.050433 0.942718 -0.329757
44.51800156 -15.85700035 392.11801147 0.040275 0.934120 -0.354680
45.41799927 -15.93099976 391.81799316 -0.027592 0.915778 -0.400735
45.11800003 -15.91499996 391.81799316 -0.009072 0.916268 -0.400462
29.51799965 22.68199921 380.71798706 0.681431 -0.658770 0.318864
25.76399994 -6.04699993 388.81799316 0.823801 0.504209 -0.259086
25.69099998 -6.04699993 388.51800537 0.871485 0.455650 -0.181375
25.88299942 -6.34700012 388.51800537 0.815855 0.546426 -0.189206
25.31800079 -5.14699984 388.81799316 0.873627 0.443488 -0.200237
25.45400047 -5.44700003 388.81799316 0.875659 0.463075 -0.137047
25.60899925 -5.74700022 388.81799316 0.882320 0.447637 -0.145374
25.36899948 -5.44700003 388.51800537 0.825096 0.510480 -0.242131
25.60000038 -5.74700022 388.51800537 0.871705 0.452815 -0.187321
45.41799927 -15.69999981 392.41799927 -0.052540 0.903965 -0.424365
45.11800003 -15.71300030 392.41799927 -0.038520 0.909873 -0.413095
45.41799927 -15.82499981 392.11801147 -0.045572 0.933579 -0.355463
45.11800003 -15.84399986 392.11801147 -0.034673 0.938740 -0.342878
29.84600067 22.75300026 380.11801147 0.677430 -0.677430 0.286667
29.71899986 22.75300026 380.41799927 0.678901 -0.675691 0.287289
63.21300125 21.25300026 384.31799316 -0.802438 -0.536523 0.261222
63.29000092 21.25300026 384.61801147 -0.795858 -0.537401 0.278944
46.01800156 -15.40900040 393.01800537 -0.014383 0.908744 -0.417107
45.71799850 -15.41399956 393.01800537 -0.019597 0.915831 -0.401085
46.01800156 -15.54399967 392.71798706 -0.003870 0.917125 -0.398582
45.71799850 -15.52999973 392.71798706 -0.035578 0.918427 -0.393988
30.11800003 23.03899956 380.11801147 0.674165 -0.670932 0.308790
63.00299835 21.55299950 384.31799316 -0.777168 -0.561904 0.283326
63.11700058 21.55299950 384.61801147 -0.793850 -0.545477 0.268808
46.01800156 -15.66100025 392.41799927 -0.016646 0.930887 -0.364928
45.71799850 -15.66699982 392.41799927 -0.049255 0.917201 -0.395368
46.01800156 -15.77099991 392.11801147 -0.030093 0.919808 -0.391213
45.71799850 -15.80200005 392.11801147 -0.046289 0.921813 -0.384860
30.71800041 20.99799919 373.81799316 0.501332 -0.836569 0.220952
49.31800079 -14.34599972 394.51800537 -0.223971 0.900275 -0.373285
49.61800003 -14.26500034 394.51800537 -0.213011 0.905661 -0.366612
49.31800079 -14.21399975 394.81799316 -0.214235 0.902119 -0.374547
29.51799965 22.44599915 380.11801147 0.683111 -0.667038 0.297354
63.64799881 20.65299988 384.31799316 -0.795095 -0.559511 0.234034
46.61800003 -15.62600040 392.41799927 -0.084527 0.929798 -0.358234
63.41299820 20.95299911 384.31799316 -0.776588 -0.575774 0.255725
46.31800079 -15.66699982 392.41799927 -0.032254 0.935364 -0.352213
46.61800003 -15.76599979 392.11801147 -0.063566 0.907504 -0.415207
46.31800079 -15.75300026 392.11801147 -0.030331 0.913880 -0.404850
63.71400070 20.65299988 384.61801147 -0.815222 -0.539913 0.209541
63.52199936 20.95299911 384.61801147 -0.792773 -0.555098 0.251749
46.61800003 -15.37399960 393.01800537 -0.072642 0.897746 -0.434482
46.31800079 -15.38799953 393.01800537 -0.061197 0.898919 -0.433820
46.61800003 -15.52000046 392.71798706 -0.094497 0.913466 -0.395790
46.31800079 -15.54899979 392.71798706 -0.046549 0.916351 -0.397662
32.51800156 25.24099922 380.71798706 0.555667 -0.780467 0.286541
32.51800156 25.33600044 381.01800537 0.563676 -0.778410 0.276312
29.81800079 22.48900032 379.51800537 0.667673 -0.683761 0.294420
30.10099983 22.75300026 379.51800537 0.659675 -0.691776 0.293724
29.81800079 22.60499954 379.81799316 0.659503 -0.697828 0.279450
29.97299957 22.75300026 379.81799316 0.672467 -0.682097 0.287283
29.51799965 22.32699966 379.81799316 0.698679 -0.653707 0.290715
47.21799850 -15.43700027 392.71798706 -0.099554 0.920536 -0.377761
46.91799927 -15.48299980 392.71798706 -0.099805 0.920118 -0.378711
32.21799850 24.89599991 380.41799927 0.569259 -0.761685 0.309484
47.21799850 -15.32199955 393.01800537 -0.094190 0.918690 -0.383584
46.91799927 -15.34500027 393.01800537 -0.074846 0.910405 -0.406892
29.21800041 21.90699959 379.51800537 0.662440 -0.700566 0.265294
29.50300026 22.15299988 379.51800537 0.666600 -0.695237 0.268867
32.81800079 25.45599937 380.71798706 0.548882 -0.781163 0.297510
29.37100029 22.15299988 379.81799316 0.662467 -0.697586 0.272968
32.81800079 25.55500031 381.01800537 0.552103 -0.783068 0.286334
47.81800079 -15.39400005 392.71798706 -0.122937 0.921338 -0.368812
47.51800156 -15.40999985 392.71798706 -0.073822 0.922099 -0.379846
29.51799965 21.93600082 378.91799927 0.655540 -0.697213 0.290105
29.81800079 22.23100090 378.91799927 0.674220 -0.680626 0.286664
29.60899925 22.15299988 379.21798706 0.676314 -0.682709 0.276601
29.81800079 22.36000061 379.21798706 0.664414 -0.686937 0.294401
63.59899902 20.95299911 384.91799927 -0.825280 -0.514840 0.232062
63.68799973 20.95299911 385.21798706 -0.802664 -0.521968 0.288581
47.81800079 -15.26900005 393.01800537 -0.117649 0.914896 -0.386166
47.51800156 -15.28499985 393.01800537 -0.091158 0.918386 -0.385042
32.51800156 24.99300003 380.11801147 0.537255 -0.782766 0.314063
32.81800079 25.18400002 380.11801147 0.512649 -0.793728 0.327393
32.51800156 25.12000084 380.41799927 0.541751 -0.773241 0.329552
32.81800079 25.32399940 380.41799927 0.530389 -0.772208 0.349831
48.41799927 -15.18000031 393.01800537 -0.171952 0.913763 -0.368063
48.11800003 -15.22000027 393.01800537 -0.148259 0.910731 -0.385472
48.41799927 -15.27999973 392.71798706 -0.163837 0.922811 -0.348680
48.11800003 -15.32499981 392.71798706 -0.164362 0.920144 -0.355415
48.71799850 -14.20400047 395.11801147 -0.109054 0.915227 -0.387901
49.01800156 -14.16100025 395.11801147 -0.178740 0.908000 -0.378929
48.41799927 -14.88599968 393.61801147 -0.168302 0.899048 -0.404212
48.11800003 -14.93299961 393.61801147 -0.152293 0.903797 -0.399948
48.41799927 -15.03199959 393.31799316 -0.160423 0.888829 -0.429240
48.11800003 -15.08199978 393.31799316 -0.132547 0.890770 -0.434696
49.01800156 -15.03600025 393.01800537 -0.171507 0.914230 -0.367109
48.71799850 -15.11299992 393.01800537 -0.206598 0.908744 -0.362631
49.01800156 -15.14599991 392.71798706 -0.157102 0.910058 -0.383555
48.71799850 -15.20400047 392.71798706 -0.197132 0.907957 -0.369802
49.01800156 -14.77900028 393.61801147 -0.163698 0.906746 -0.388606
48.71799850 -14.82900047 393.61801147 -0.155732 0.898671 -0.410046
49.01800156 -14.91499996 393.31799316 -0.170357 0.903323 -0.393683
48.71799850 -14.97500038 393.31799316 -0.181355 0.892265 -0.413489
63.80199814 20.65299988 384.91799927 -0.801296 -0.546126 0.244278
63.90000153 20.65299988 385.21798706 -0.798352 -0.533809 0.278715
47.51800156 -14.10799980 395.71798706 -0.118828 0.904490 -0.409607
47.81800079 -14.05799961 395.71798706 -0.125627 0.899148 -0.419226
47.51800156 -13.96500015 396.01800537 -0.129476 0.914688 -0.382860
47.81800079 -13.93400002 396.01800537 -0.123862 0.914355 -0.385504
49.61800003 -14.78999996 393.31799316 -0.207568 0.904299 -0.373041
49.31800079 -14.85499954 393.31799316 -0.181703 0.908513 -0.376282
33.11800003 25.65999985 380.71798706 0.509962 -0.806782 0.298399
49.61800003 -14.67099953 393.61801147 -0.211541 0.900145 -0.380774
33.41799927 25.83300018 380.71798706 0.499375 -0.811287 0.304036
49.31800079 -14.72900009 393.61801147 -0.178469 0.909478 -0.375499
33.11800003 25.75600052 381.01800537 0.517548 -0.799272 0.305464
33.41799927 25.94799995 381.01800537 0.509955 -0.791310 0.337306
67.16899872 -0.34700000 384.91799927 -0.975203 0.201980 -0.090457
67.22399902 -0.04700000 384.91799927 -0.974830 0.214047 -0.062379
67.13500214 -0.34700000 385.21798706 -0.969576 0.212772 -0.121038
67.21299744 -0.04700000 385.21798706 -0.967201 0.234511 -0.097607
47.21799850 -14.14400005 395.71798706 -0.068800 0.915987 -0.395264
50.21799850 -14.24300003 394.21798706 -0.209451 0.894926 -0.394002
49.91799927 -14.31999969 394.21798706 -0.206168 0.893394 -0.399176
50.21799850 -14.39400005 393.91799927 -0.224837 0.879992 -0.418405
46.91799927 -14.03800011 396.01800537 -0.077093 0.918357 -0.388172
49.91799927 -14.47099972 393.91799927 -0.200652 0.889022 -0.411557
47.21799850 -14.02600002 396.01800537 -0.099952 0.918738 -0.382009
47.21799850 -12.60200024 399.31799316 -0.099241 0.946096 -0.308308
46.91799927 -12.62300014 399.31799316 -0.088952 0.938638 -0.333236
67.05999756 -0.94700003 384.31799316 -0.966231 0.247526 -0.071619
50.21799850 -14.52000046 393.61801147 -0.198929 0.898811 -0.390598
49.91799927 -14.60000038 393.61801147 -0.207342 0.903317 -0.375536
50.21799850 -14.65200043 393.31799316 -0.187338 0.910950 -0.367526
67.13600159 -0.64700001 384.31799316 -0.972003 0.224118 -0.070579
49.91799927 -14.70300007 393.31799316 -0.214890 0.899028 -0.381539
67.04799652 -0.94700003 384.61801147 -0.957702 0.270852 -0.097196
67.14299774 -0.64700001 384.61801147 -0.967806 0.242886 -0.066015
50.81800079 -14.38799953 393.61801147 -0.264399 0.871761 -0.412462
46.91799927 -13.91899967 396.31799316 -0.074351 0.915197 -0.396090
50.51800156 -14.46000004 393.61801147 -0.207914 0.883267 -0.420252
47.21799850 -13.89400005 396.31799316 -0.109370 0.912337 -0.394562
50.81800079 -14.52799988 393.31799316 -0.280553 0.886669 -0.367570
50.51800156 -14.60299969 393.31799316 -0.196517 0.910865 -0.362912
46.91799927 -13.78600025 396.61801147 -0.077313 0.915550 -0.394704
47.21799850 -13.74600029 396.61801147 -0.111943 0.913511 -0.391110
63.81499863 20.95299911 385.51800537 -0.808214 -0.484294 0.335036
64.18099976 20.35300064 385.51800537 -0.826601 -0.494720 0.268296
46.31800079 -13.96000004 396.31799316 -0.071181 0.919979 -0.385451
46.61800003 -13.94200039 396.31799316 -0.068210 0.924178 -0.375823
46.31800079 -13.84099960 396.61801147 -0.071283 0.918606 -0.388693
46.61800003 -13.81200027 396.61801147 -0.068631 0.916420 -0.394289
47.81800079 -12.40200043 399.61801147 -0.097325 0.875929 -0.472522
47.81800079 -12.54100037 399.31799316 -0.096031 0.926499 -0.363837
47.51800156 -12.56099987 399.31799316 -0.093539 0.923186 -0.372799
47.81800079 -12.63500023 399.01800537 -0.090623 0.923814 -0.371960
47.51800156 -12.65400028 399.01800537 -0.114459 0.917051 -0.381990
47.81800079 -12.77299976 398.71798706 -0.104101 0.906368 -0.409462
47.51800156 -12.81200027 398.71798706 -0.116718 0.895778 -0.428905
53.51800156 -12.98799992 394.51800537 -0.381692 0.857647 -0.344604
53.81800079 -12.47799969 395.41799927 -0.413996 0.835862 -0.360475
53.51800156 -12.63099957 395.41799927 -0.413996 0.835862 -0.360475
53.81800079 -12.59000015 395.11801147 -0.431282 0.819595 -0.377173
53.51800156 -12.75599957 395.11801147 -0.378329 0.851629 -0.362760
67.08899689 -0.34700000 385.51800537 -0.965700 0.240471 -0.097970
67.16300201 -0.04700000 385.51800537 -0.963804 0.250818 -0.090396
67.07299805 -0.34700000 385.81799316 -0.968699 0.239999 -0.063419
67.16000366 -0.04700000 385.81799316 -0.967324 0.244021 -0.068826
53.81800079 -12.75399971 394.81799316 -0.399149 0.831430 -0.386528
53.51800156 -12.87800026 394.81799316 -0.351080 0.869269 -0.348014
53.81800079 -12.87199974 394.51800537 -0.347459 0.870944 -0.347459
64.35199738 20.05299950 385.51800537 -0.827667 -0.496600 0.261450
64.45400238 20.05299950 385.81799316 -0.867355 -0.383961 0.316653
45.71799850 -13.47000027 397.51800537 -0.014285 0.918108 -0.396072
46.01800156 -13.47099972 397.51800537 -0.048978 0.922634 -0.382555
45.71799850 -13.33899975 397.81799316 -0.011738 0.911639 -0.410824
46.01800156 -13.33199978 397.81799316 -0.035828 0.908962 -0.415336
54.41799927 -12.44499969 394.81799316 -0.390636 0.839318 -0.378085
54.11800003 -12.59300041 394.81799316 -0.420468 0.810559 -0.407678
54.41799927 -12.57900047 394.51800537 -0.427918 0.809358 -0.402275
54.11800003 -12.74300003 394.51800537 -0.405024 0.824342 -0.395494
48.41799927 -12.57699966 399.01800537 -0.168577 0.913716 -0.369736
48.11800003 -12.61600018 399.01800537 -0.119605 0.922474 -0.367065
48.41799927 -12.69099998 398.71798706 -0.170873 0.919327 -0.354456
48.11800003 -12.73700047 398.71798706 -0.129225 0.918471 -0.373780
54.11800003 -12.44099998 395.11801147 -0.403520 0.840013 -0.362697
48.41799927 -12.79699993 398.41799927 -0.166402 0.908813 -0.382583
48.11800003 -12.85599995 398.41799927 -0.155023 0.905961 -0.393958
48.41799927 -12.93900013 398.11801147 -0.156778 0.893205 -0.421432
54.41799927 -12.18099976 395.41799927 -0.371974 0.867940 -0.329113
54.11800003 -12.32999992 395.41799927 -0.409055 0.841619 -0.352634
49.01800156 -12.46100044 399.01800537 -0.155913 0.917219 -0.366607
48.71799850 -12.50699997 399.01800537 -0.161626 0.920566 -0.355577
54.41799927 -12.30399990 395.11801147 -0.377900 0.850665 -0.365459
49.01800156 -12.57400036 398.71798706 -0.138321 0.915152 -0.378635
48.71799850 -12.62699986 398.71798706 -0.167526 0.919282 -0.356169
33.71799850 26.02000046 380.71798706 0.483473 -0.817337 0.313391
55.01800156 -11.92199993 395.41799927 -0.426578 0.842217 -0.329699
54.71799850 -12.05900002 395.41799927 -0.379692 0.870699 -0.312598
55.01800156 -12.04300022 395.11801147 -0.421107 0.846875 -0.324765
54.71799850 -12.18000031 395.11801147 -0.383487 0.852366 -0.355541
34.01800156 26.19099998 380.71798706 0.484294 -0.808214 0.335036
55.31800079 -11.76599979 395.41799927 -0.451618 0.819250 -0.353371
67.38700104 12.85299969 386.71798706 -0.962450 -0.231145 0.142343
55.31800079 -11.88199997 395.11801147 -0.446124 0.840952 -0.306225
33.71799850 26.13699913 381.01800537 0.480392 -0.813336 0.328188
34.01800156 26.31800079 381.01800537 0.501672 -0.801082 0.326485
67.43699646 12.85299969 387.01800537 -0.961894 -0.231640 0.145266
67.36799622 13.15299988 387.01800537 -0.970749 -0.190068 0.146697
67.31199646 13.15299988 386.71798706 -0.969364 -0.198483 0.144700
49.01800156 -12.70100021 398.41799927 -0.129857 0.911795 -0.389572
48.71799850 -12.74199963 398.41799927 -0.154339 0.910459 -0.383724
49.01800156 -12.83500004 398.11801147 -0.148530 0.906740 -0.394665
48.71799850 -12.88300037 398.11801147 -0.153366 0.895828 -0.417098
43.91799927 -12.95899963 398.71798706 0.024630 0.926848 -0.374628
55.61800003 -11.34099960 396.01800537 -0.464341 0.816163 -0.343898
55.31800079 -11.50100040 396.01800537 -0.449888 0.815521 -0.364043
55.61800003 -11.46399975 395.71798706 -0.476943 0.812863 -0.334335
55.31800079 -11.63199997 395.71798706 -0.462026 0.814500 -0.350886
55.61800003 -11.58199978 395.41799927 -0.479382 0.800038 -0.360739
55.61800003 -11.73200035 395.11801147 -0.471732 0.825922 -0.308741
67.47799683 12.85299969 387.31799316 -0.974143 -0.203310 0.098537
67.41300201 13.15299988 387.31799316 -0.972602 -0.205090 0.109465
67.50900269 12.85299969 387.61801147 -0.981369 -0.170620 0.088335
67.45300293 13.15299988 387.61801147 -0.971794 -0.216371 0.093803
49.61800003 -12.61400032 398.41799927 -0.176700 0.920253 -0.349159
49.31800079 -12.66499996 398.41799927 -0.156316 0.916771 -0.367554
49.61800003 -12.69999981 398.11801147 -0.218167 0.911679 -0.348201
49.31800079 -12.79100037 398.11801147 -0.175163 0.912840 -0.368838
44.21799850 -12.93000031 398.71798706 0.027336 0.922924 -0.384009
56.21799850 -11.22700024 395.41799927 -0.471519 0.814443 -0.338160
55.91799927 -11.40100002 395.41799927 -0.487151 0.800206 -0.349791
56.21799850 -11.35299969 395.11801147 -0.484807 0.809072 -0.332212
55.91799927 -11.54699993 395.11801147 -0.494569 0.803079 -0.332363
43.91799927 -12.82299995 399.01800537 0.024640 0.924666 -0.379982
44.21799850 -12.81299973 399.01800537 0.019417 0.922941 -0.384451
55.91799927 -11.16199970 396.01800537 -0.472541 0.817070 -0.330305
55.91799927 -11.27400017 395.71798706 -0.479650 0.815246 -0.324515
34.31800079 26.37999916 380.71798706 0.480478 -0.802926 0.352776
34.61800003 26.55100060 380.71798706 0.444050 -0.826470 0.346074
34.31800079 26.50900078 381.01800537 0.485018 -0.806243 0.338718
49.61800003 -12.97799969 397.51800537 -0.162549 0.896178 -0.412846
49.31800079 -13.03199959 397.51800537 -0.171781 0.896438 -0.408522
56.21799850 -10.99300003 396.01800537 -0.487694 0.801098 -0.346982
56.21799850 -11.10900021 395.71798706 -0.478901 0.817135 -0.320848
49.61800003 -12.84099960 397.81799316 -0.195914 0.898303 -0.393280
49.31800079 -12.89799976 397.81799316 -0.172482 0.910879 -0.374900
56.81800079 -10.84200001 395.41799927 -0.520730 0.791446 -0.320082
34.61800003 26.67600060 381.01800537 0.443563 -0.825563 0.348852
56.51800156 -11.04699993 395.41799927 -0.514162 0.789664 -0.334766
56.81800079 -10.96700001 395.11801147 -0.535448 0.773425 -0.339278
50.21799850 -12.69400024 397.81799316 -0.170049 0.923326 -0.344315
49.91799927 -12.74600029 397.81799316 -0.214034 0.887134 -0.408879
50.21799850 -12.83600044 397.51800537 -0.222626 0.871082 -0.437782
49.91799927 -12.92500019 397.51800537 -0.220328 0.864825 -0.451148
56.81800079 -10.62199974 396.01800537 -0.514723 0.799801 -0.308834
56.51800156 -10.80300045 396.01800537 -0.493075 0.806995 -0.325017
56.81800079 -10.72299957 395.71798706 -0.513920 0.801715 -0.305189
56.51800156 -10.92000008 395.71798706 -0.514758 0.795245 -0.320329
57.41799927 -10.19299984 396.01800537 -0.545447 0.788922 -0.283000
57.11800003 -10.41300011 396.01800537 -0.550838 0.774366 -0.311343
57.41799927 -10.31000042 395.71798706 -0.562949 0.765033 -0.312750
57.11800003 -10.52999973 395.71798706 -0.544191 0.780379 -0.308002
50.21799850 -12.99600029 397.21798706 -0.243471 0.882767 -0.401801
49.91799927 -13.06400013 397.21798706 -0.184381 0.910473 -0.370192
50.21799850 -13.10400009 396.91799927 -0.198073 0.919118 -0.340572
49.91799927 -13.16199970 396.91799927 -0.209581 0.909147 -0.359901
57.41799927 -9.96199989 396.61801147 -0.541119 0.758866 -0.362371
57.11800003 -10.15900040 396.61801147 -0.506841 0.794637 -0.334163
57.41799927 -10.09500027 396.31799316 -0.525604 0.792376 -0.309646
57.11800003 -10.28999996 396.31799316 -0.520714 0.786678 -0.331655
57.71799850 -9.99699974 396.01800537 -0.546776 0.794313 -0.264771
57.71799850 -10.09000015 395.71798706 -0.554338 0.779885 -0.290670
50.51800156 -13.03800011 396.91799927 -0.267114 0.887895 -0.374557
58.01800156 -9.78100014 396.01800537 -0.561804 0.771883 -0.297613
50.81800079 -12.80799961 397.21798706 -0.242608 0.898387 -0.366118
58.01800156 -9.88000011 395.71798706 -0.549469 0.788779 -0.275522
50.51800156 -12.89599991 397.21798706 -0.266720 0.878519 -0.396313
50.81800079 -12.93099976 396.91799927 -0.271011 0.884902 -0.378816
50.81800079 -13.06099987 396.61801147 -0.278753 0.881461 -0.381213
50.51800156 -13.15200043 396.61801147 -0.229659 0.902546 -0.364236
50.81800079 -13.19999981 396.31799316 -0.253141 0.882248 -0.396937
34.61800003 26.79500008 381.31799316 0.460063 -0.827485 0.321887
50.51800156 -13.27499962 396.31799316 -0.224406 0.896158 -0.382810
34.31800079 26.73200035 381.61801147 0.476914 -0.820039 0.316368
58.01800156 -9.53600025 396.61801147 -0.554144 0.774524 -0.305019
34.61800003 26.91500092 381.61801147 0.479047 -0.821447 0.309417
57.71799850 -9.73600006 396.61801147 -0.547045 0.763282 -0.343719
58.01800156 -9.64299965 396.31799316 -0.565550 0.755678 -0.330307
57.71799850 -9.88799953 396.31799316 -0.564123 0.754858 -0.334595
58.61800003 -9.31499958 396.01800537 -0.584717 0.751322 -0.305975
34.31800079 26.63400078 381.31799316 0.476914 -0.820039 0.316368
58.31800079 -9.42199993 396.31799316 -0.572814 0.758938 -0.309672
34.91799927 26.69199944 380.71798706 0.460451 -0.821216 0.337031
57.41799927 -11.72000027 392.41799927 -0.547227 0.794969 -0.261854
35.21799850 26.88400078 380.71798706 0.456966 -0.820641 0.343120
34.91799927 26.84000015 381.01800537 0.462703 -0.812514 0.354580
35.21799850 27.00799942 381.01800537 0.446582 -0.825308 0.345588
58.61800003 -9.06299973 396.61801147 -0.572146 0.743951 -0.345232
58.31800079 -9.30599976 396.61801147 -0.583923 0.742440 -0.328356
58.61800003 -9.20100021 396.31799316 -0.569259 0.761685 -0.309484
51.41799927 -12.87500000 396.61801147 -0.286382 0.886135 -0.364350
58.91799927 -8.83100033 396.61801147 -0.601605 0.724845 -0.335666
58.91799927 -8.98299980 396.31799316 -0.595263 0.731508 -0.332504
51.11800003 -12.97099972 396.61801147 -0.273549 0.889409 -0.366227
51.41799927 -12.99699974 396.31799316 -0.267869 0.873222 -0.407100
51.11800003 -13.09799957 396.31799316 -0.282400 0.865518 -0.413678
59.21799850 -8.57699966 396.61801147 -0.592106 0.740535 -0.317833
59.21799850 -8.70300007 396.31799316 -0.617373 0.714597 -0.328941
59.21799850 -8.34599972 397.21798706 -0.613416 0.737692 -0.282012
58.91799927 -8.59300041 397.21798706 -0.593947 0.758669 -0.267672
59.21799850 -8.44400024 396.91799927 -0.587458 0.756213 -0.288157
58.91799927 -8.69400024 396.91799927 -0.604556 0.739258 -0.296665
59.51800156 -8.35400009 396.61801147 -0.585548 0.749180 -0.309618
59.81800079 -8.23099995 396.31799316 -0.653509 0.704639 -0.276423
59.51800156 -8.47200012 396.31799316 -0.591494 0.754116 -0.285384
34.91799927 26.96199989 381.31799316 0.463430 -0.820887 0.333733
35.21799850 27.13500023 381.31799316 0.449380 -0.827805 0.335852
34.91799927 27.08200073 381.61801147 0.464940 -0.824283 0.323094
59.51800156 -8.23099995 396.91799927 -0.623448 0.710893 -0.325489
59.76499939 -8.14700031 396.61801147 -0.641473 0.705781 -0.300640
51.41799927 -13.15799999 396.01800537 -0.271431 0.868881 -0.413970
51.11800003 -13.25300026 396.01800537 -0.257892 0.886971 -0.383112
51.41799927 -13.28199959 395.71798706 -0.257991 0.900758 -0.349394
51.11800003 -13.35499954 395.71798706 -0.235311 0.904705 -0.355159
59.81800079 -7.81899977 397.21798706 -0.643124 0.701151 -0.307862
59.51800156 -8.07999992 397.21798706 -0.623448 0.710893 -0.325489
59.93700027 -7.84700012 396.91799927 -0.666883 0.679801 -0.305184
60.10200119 -7.54699993 397.21798706 -0.663916 0.698943 -0.265885
52.01800156 -12.96500015 396.01800537 -0.284509 0.883632 -0.371818
51.71799850 -13.06400013 396.01800537 -0.277726 0.869601 -0.408242
52.01800156 -13.08800030 395.71798706 -0.322987 0.877979 -0.353315
51.71799850 -13.19600010 395.71798706 -0.288833 0.890444 -0.351688
25.24699974 -6.04699993 386.41799927 0.796442 0.527267 -0.296093
54.41799927 -12.74499989 394.21798706 -0.428238 0.816677 -0.386847
54.11800003 -12.88300037 394.21798706 -0.361681 0.855307 -0.370995
54.41799927 -12.86699963 393.91799927 -0.416439 0.837592 -0.353580
54.11800003 -13.01500034 393.91799927 -0.361587 0.863192 -0.352355
60.41799927 -7.25000000 397.21798706 -0.663794 0.707942 -0.241236
60.41799927 -7.36499977 396.91799927 -0.660089 0.698448 -0.276502
60.22700119 -7.54699993 396.91799927 -0.670996 0.683808 -0.286655
54.41799927 -12.99300003 393.61801147 -0.401478 0.859871 -0.315337
54.11800003 -13.11400032 393.61801147 -0.372348 0.868812 -0.326379
54.41799927 -13.09700012 393.31799316 -0.406716 0.846157 -0.344384
54.11800003 -13.24100018 393.31799316 -0.401610 0.836293 -0.373261
61.29499817 -6.34700012 397.21798706 -0.667860 0.680734 -0.300939
61.70999908 -6.04699993 396.91799927 -0.746462 0.624399 -0.230042
55.01800156 -12.66300011 393.61801147 -0.455574 0.824446 -0.335769
54.71799850 -12.84300041 393.61801147 -0.447510 0.830642 -0.331315
55.01800156 -12.79100037 393.31799316 -0.450272 0.823128 -0.345998
54.71799850 -12.94400024 393.31799316 -0.426137 0.841347 -0.332480
35.81800079 27.29400063 381.01800537 0.405204 -0.852325 0.330684
54.71799850 -13.07900047 393.01800537 -0.422141 0.826891 -0.371548
55.01800156 -13.05200005 392.71798706 -0.452939 0.815290 -0.360762
54.71799850 -13.22000027 392.71798706 -0.438140 0.824083 -0.359054
61.85800171 -5.74700022 397.21798706 -0.638073 0.671048 -0.377568
55.01800156 -12.92700005 393.01800537 -0.447922 0.821454 -0.352956
35.51800156 27.03499985 380.71798706 0.444050 -0.826470 0.346074
35.81800079 27.20700073 380.71798706 0.416761 -0.850564 0.320704
35.51800156 27.16399956 381.01800537 0.420566 -0.842695 0.336140
55.61800003 -12.59000015 393.01800537 -0.459523 0.815694 -0.351400
55.31800079 -12.75399971 393.01800537 -0.452587 0.824750 -0.339046
55.61800003 -12.71800041 392.71798706 -0.443373 0.828365 -0.342391
55.31800079 -12.86999989 392.71798706 -0.460868 0.811701 -0.358807
35.51800156 27.28800011 381.31799316 0.396758 -0.851085 0.343857
55.31800079 -13.02499962 392.41799927 -0.456496 0.815966 -0.354699
55.61800003 -12.97399998 392.11801147 -0.469934 0.810835 -0.348866
55.31800079 -13.13599968 392.11801147 -0.453962 0.820928 -0.346403
55.61800003 -12.84700012 392.41799927 -0.470623 0.808833 -0.352568
56.21799850 -12.48499966 392.41799927 -0.507452 0.804652 -0.308265
55.91799927 -12.67099953 392.41799927 -0.482574 0.814838 -0.321188
56.21799850 -12.60599995 392.11801147 -0.496037 0.799082 -0.339729
55.91799927 -12.78699970 392.11801147 -0.492086 0.796635 -0.351032
56.51800156 -12.41100025 392.11801147 -0.492908 0.791542 -0.361252
56.21799850 -12.73600006 391.81799316 -0.491816 0.788518 -0.369265
55.91799927 -12.93700027 391.81799316 -0.487451 0.793114 -0.365186
56.21799850 -12.88199997 391.51800537 -0.495211 0.793299 -0.354180
36.41799927 27.71199989 381.31799316 0.453678 -0.843873 0.286452
44.21799850 29.02300072 380.11801147 0.019417 -0.922941 0.384451
43.91799927 29.01600075 380.11801147 0.035492 -0.918838 0.393036
44.21799850 29.16399956 380.41799927 0.014285 -0.918108 0.396072
43.91799927 29.15099907 380.41799927 0.035733 -0.911858 0.408947
43.61800003 29.00399971 380.11801147 0.071283 -0.918606 0.388693
43.31800079 28.98299980 380.11801147 0.074219 -0.918966 0.387288
56.81800079 -12.39000034 391.81799316 -0.500520 0.779126 -0.377415
56.51800156 -12.55900002 391.81799316 -0.470255 0.800879 -0.370747
56.81800079 -12.52299976 391.51800537 -0.492047 0.811641 -0.314847
56.51800156 -12.69699955 391.51800537 -0.495835 0.801945 -0.333214
42.71799850 29.03100014 380.41799927 0.146014 -0.903021 0.404020
43.01800156 28.94599915 380.11801147 0.096466 -0.922545 0.373638
42.71799850 28.90299988 380.11801147 0.146915 -0.919268 0.365189
61.12699890 -8.74699974 391.81799316 -0.742135 0.636779 -0.209161
61.21400070 -8.74699974 391.51800537 -0.718846 0.642677 -0.265005
56.81800079 -12.60400009 391.21798706 -0.494569 0.803079 -0.332363
56.51800156 -12.82100010 391.21798706 -0.517223 0.778252 -0.356095
56.81800079 -12.76799965 390.91799927 -0.516516 0.780406 -0.352389
57.11800003 -12.44900036 391.21798706 -0.486494 0.809767 -0.328027
57.41799927 -12.38599968 390.91799927 -0.544573 0.795673 -0.265224
57.11800003 -12.57800007 390.91799927 -0.505891 0.804034 -0.312416
57.41799927 -12.26399994 391.21798706 -0.552681 0.748321 -0.366824
25.98800087 -3.64700007 394.51800537 0.818325 0.565415 -0.103199
26.15999985 -3.94700003 394.51800537 0.830852 0.510707 -0.221052
57.41799927 -12.46199989 390.61801147 -0.558850 0.780490 -0.280217
57.11800003 -12.67899990 390.61801147 -0.544191 0.780379 -0.308002
57.41799927 -12.59399986 390.31799316 -0.547782 0.761078 -0.347413
57.11800003 -12.80599976 390.31799316 -0.535271 0.776384 -0.332736
61.05899811 23.05299950 382.51800537 -0.702642 -0.638031 0.314977
26.35799980 -4.24700022 394.51800537 0.799337 0.570955 -0.187273
57.71799850 -12.36999989 390.31799316 -0.572842 0.736045 -0.360679
58.01800156 -12.01000023 390.61801147 -0.602719 0.749025 -0.275120
57.71799850 -12.24300003 390.61801147 -0.588771 0.767757 -0.252779
58.01800156 -12.11699963 390.31799316 -0.567899 0.740384 -0.359615
60.80099869 23.35300064 382.51800537 -0.686064 -0.653626 0.319514
26.67900085 17.35300064 375.91799927 0.812341 -0.566715 0.137610
26.59099960 17.35300064 376.21798706 0.800887 -0.561999 0.206730
26.86499977 17.65299988 375.91799927 0.794266 -0.592359 0.135099
27.11599922 17.95299911 375.91799927 0.787896 -0.590543 0.174582
26.81399918 17.65299988 376.21798706 0.785701 -0.582741 0.207573
61.21200180 23.05299950 382.81799316 -0.706895 -0.612207 0.354264
27.05599976 17.95299911 376.21798706 0.790835 -0.575851 0.207306
26.72800064 17.65299988 376.51800537 0.789199 -0.569029 0.231023
26.94599915 17.95299911 376.51800537 0.783358 -0.563578 0.262166
26.63699913 17.65299988 376.81799316 0.778447 -0.574829 0.252173
26.85099983 17.95299911 376.81799316 0.796673 -0.554410 0.240710
26.27000046 -4.24700022 394.21798706 0.802405 0.544766 -0.243670
60.94800186 23.35300064 382.81799316 -0.698679 -0.653707 0.290715
26.47500038 -4.54699993 394.21798706 0.788763 0.552607 -0.269219
26.18199921 -4.24700022 393.91799927 0.837839 0.519371 -0.168163
26.37899971 -4.54699993 393.91799927 0.812840 0.543424 -0.209716
25.93300056 -4.24700022 393.01800537 0.851056 0.464351 -0.245116
26.54100037 17.65299988 377.11801147 0.785440 -0.573915 0.231744
26.76000023 17.95299911 377.11801147 0.791242 -0.560268 0.245020
26.10400009 -4.54699993 393.01800537 0.816404 0.510447 -0.270053
26.66799927 17.95299911 377.41799927 0.788075 -0.563357 0.248127
26.01099968 -4.54699993 392.71798706 0.854340 0.475968 -0.208705
26.45499992 17.65299988 377.41799927 0.801779 -0.551513 0.230183
26.30999947 -4.84700012 393.01800537 0.808133 0.519402 -0.277747
26.48600006 -5.14699984 393.01800537 0.801454 0.527479 -0.281847
26.20599937 -4.84700012 392.71798706 0.814500 0.518602 -0.260079
26.38800049 -5.14699984 392.71798706 0.813838 0.521292 -0.256756
26.56399918 17.95299911 377.71798706 0.795302 -0.551555 0.251559
26.36599922 17.65299988 377.71798706 0.815230 -0.531672 0.229621
26.28000069 17.65299988 378.01800537 0.814464 -0.534252 0.226326
26.48399925 17.95299911 378.01800537 0.812851 -0.535217 0.229819
26.11300087 -4.84700012 392.41799927 0.839452 0.495140 -0.223956
26.30100060 -5.14699984 392.41799927 0.820936 0.523251 -0.228634
26.02700043 -4.84700012 392.11801147 0.850693 0.474629 -0.225942
37.61800003 28.19599915 381.31799316 0.267562 -0.854669 0.444917
26.22500038 -5.14699984 392.11801147 0.816511 0.522133 -0.246348
26.50000000 -5.44700003 392.41799927 0.798179 0.556401 -0.230929
26.42000008 -5.44700003 392.11801147 0.794286 0.562039 -0.230699
43.91799927 29.28000069 380.71798706 0.022351 -0.911127 0.411519
44.21799850 29.29199982 380.71798706 0.011679 -0.914870 0.403581
26.20800018 17.65299988 378.31799316 0.823921 -0.529555 0.201807
26.39399910 17.95299911 378.31799316 0.824800 -0.518752 0.224946
26.13100052 17.65299988 378.61801147 0.816059 -0.533282 0.222841
26.32500076 17.95299911 378.61801147 0.834884 -0.514820 0.194756
26.45000076 -6.04699993 390.91799927 0.837277 0.498706 -0.224189
58.01800156 -11.28499985 392.41799927 -0.578988 0.746717 -0.327394
26.04299927 17.65299988 378.91799927 0.826338 -0.517797 0.221477
26.24099922 17.95299911 378.91799927 0.807250 -0.544855 0.226894
25.95899963 17.65299988 379.21798706 0.844356 -0.498185 0.197167
26.15800095 17.95299911 379.21798706 0.811487 -0.545576 0.209367
26.36800003 -6.04699993 390.61801147 0.850238 0.483055 -0.209174
26.30800056 -6.04699993 390.31799316 0.837480 0.500056 -0.220389
57.71799850 -11.50500011 392.41799927 -0.560952 0.773891 -0.293983
26.45499992 -6.34700012 390.31799316 0.833601 0.511700 -0.208021
58.01800156 -11.40699959 392.11801147 -0.546673 0.784357 -0.293143
40.31800079 25.92300034 374.11801147 0.226749 -0.899682 0.373039
40.61800003 26.01199913 374.11801147 0.225077 -0.892953 0.389840
39.71799850 25.52700043 373.51800537 0.199980 -0.875469 0.439957
40.01800156 25.60199928 373.51800537 0.215603 -0.854875 0.471915
39.71799850 25.66300011 373.81799316 0.251141 -0.873730 0.416563
40.01800156 25.77199936 373.81799316 0.204524 -0.887253 0.413463
39.71799850 25.24300003 372.91799927 0.163456 -0.908247 0.385188
40.01800156 25.28800011 372.91799927 0.183859 -0.896132 0.403911
39.71799850 25.37199974 373.21798706 0.176002 -0.888740 0.423279
57.71799850 -11.61400032 392.11801147 -0.550353 0.786895 -0.279119
40.01800156 25.42700005 373.21798706 0.193273 -0.874891 0.444085
39.11800003 24.85300064 372.33200073 0.144249 -0.917310 0.371126
39.41799927 24.90800095 372.31799316 0.258961 -0.895265 0.362545
39.11800003 24.97699928 372.61801147 0.183271 -0.901927 0.391075
39.41799927 25.04100037 372.61801147 0.228043 -0.895989 0.381053
58.31800079 -11.18599987 392.11801147 -0.566930 0.754291 -0.331113
67.91400146 5.95300007 392.11801147 -0.983578 0.180189 0.010329
67.84799957 5.65299988 392.11801147 -0.981523 0.187350 0.038884
48.71799850 -14.45600033 394.51800537 -0.138527 0.913721 -0.382000
68.03600311 6.55299997 390.61801147 -0.997300 0.072819 -0.009498
68.00000000 6.25299978 390.61801147 -0.994893 0.100462 -0.009722
68.03199768 6.55299997 390.31799316 -0.997743 0.062558 0.024387
68.01200104 6.25299978 390.31799316 -0.994785 0.101947 0.003219
49.01800156 -14.40699959 394.51800537 -0.165901 0.911747 -0.375759
48.71799850 -14.32900047 394.81799316 -0.127295 0.910652 -0.393077
49.01800156 -14.28499985 394.81799316 -0.169350 0.909365 -0.379969
22.24799919 3.25300002 386.11801147 0.994521 0.098020 -0.036345
22.21999931 3.55299997 386.11801147 0.994324 0.102179 -0.029665
22.25600052 3.25300002 386.41799927 0.991666 0.108410 -0.069611
22.23200035 3.55299997 386.41799927 0.992560 0.107273 -0.057589
67.39800262 9.55300045 380.41799927 -0.976067 -0.180753 0.120918
67.45099640 9.25300026 380.41799927 -0.972696 -0.186423 0.138232
67.36699677 9.55300045 380.11801147 -0.972499 -0.207048 0.106661
67.41500092 9.25300026 380.11801147 -0.979732 -0.176913 0.093947
22.04000092 5.65299988 385.51800537 0.998725 0.032419 -0.038694
22.03100014 5.95300007 385.51800537 0.999413 -0.013244 -0.031582
22.04999924 5.65299988 385.81799316 0.997340 0.052605 -0.050457
22.05599976 5.95300007 385.81799316 0.999641 0.009078 -0.025218
26.08900070 17.95299911 379.51800537 0.825884 -0.528869 0.195484
26.01899910 17.95299911 379.81799316 0.828604 -0.514253 0.221266
25.31800079 -6.03499985 386.71798706 0.875783 0.467180 -0.121438
25.51799965 -6.04699993 387.61801147 0.868225 0.427317 -0.252163
25.61800003 -6.23199987 387.61801147 0.823240 0.528030 -0.208473
25.39599991 -6.04699993 387.31799316 0.852238 0.492305 -0.176992
25.56999969 -6.34700012 387.31799316 0.910028 0.324698 -0.257720
25.61400032 -6.04699993 388.21798706 0.870124 0.434311 -0.232935
25.82699966 -6.34700012 388.21798706 0.812315 0.543073 -0.212640
25.53899956 -6.04699993 387.91799927 0.912122 0.389712 -0.127110
25.72699928 -6.34700012 387.91799927 0.828481 0.522534 -0.201440
25.96599960 -6.34700012 388.81799316 0.797041 0.539221 -0.271969
26.46699905 -6.64699984 389.71798706 0.754036 0.577183 -0.313512
26.21500015 -6.04699993 390.01800537 0.813897 0.499043 -0.297537
26.36800003 -6.34700012 390.01800537 0.806019 0.509480 -0.301271
26.28899956 18.25300026 379.51800537 0.807250 -0.544855 0.226894
26.10099983 -6.04699993 389.71798706 0.825487 0.492805 -0.275162
26.22800064 -6.34700012 389.71798706 0.818737 0.499383 -0.283349
26.49399948 18.55299950 379.51800537 0.819194 -0.531328 0.215900
26.19599915 18.25300026 379.81799316 0.826321 -0.521967 0.211526
26.39399910 18.55299950 379.81799316 0.809707 -0.534128 0.243067
26.72299957 -6.64699984 390.61801147 0.802353 0.555949 -0.217143
26.95000076 -6.94700003 390.61801147 0.769844 0.591827 -0.238917
26.67399979 -6.64699984 390.31799316 0.814577 0.543559 -0.202502
26.87199974 -6.94700003 390.31799316 0.788848 0.567909 -0.234943
26.52000046 -6.34700012 390.61801147 0.829904 0.512003 -0.221613
26.90500069 -6.64699984 391.21798706 0.778410 0.563676 -0.276312
26.82399940 -6.64699984 390.91799927 0.796446 0.550187 -0.250935
27.05200005 -6.94700003 390.91799927 0.721480 0.631895 -0.283153
27.02099991 -6.64699984 391.51800537 0.759446 0.591385 -0.271118
27.12800026 -6.64699984 391.81799316 0.764176 0.586976 -0.267383
27.38500023 -6.94700003 391.81799316 0.742678 0.630104 -0.226712
27.30599976 -6.94700003 391.51800537 0.728713 0.637031 -0.251335
28.32399940 -6.94700003 394.21798706 0.754504 0.571106 -0.323359
59.87599945 -11.74699974 387.61801147 -0.706752 0.662481 -0.248233
25.90200043 17.65299988 379.51800537 0.851786 -0.492044 0.179871
25.83799934 17.65299988 379.81799316 0.837144 -0.494328 0.234156
59.79299927 -12.04699993 387.31799316 -0.788518 0.491816 -0.369265
59.81800079 -12.01299953 387.31799316 -0.797739 0.529193 -0.289081
59.51800156 -12.26099968 387.61801147 -0.683963 0.543491 -0.486634
59.65299988 -12.04699993 387.61801147 -0.753157 0.510309 -0.415139
26.13199997 18.25300026 380.11801147 0.818938 -0.539375 0.195998
26.31999969 18.55299950 380.11801147 0.834322 -0.523876 0.171640
26.06100082 18.25300026 380.41799927 0.801813 -0.555575 0.220075
26.26099968 18.55299950 380.41799927 0.813549 -0.544910 0.203006
59.77299881 -11.74699974 387.91799927 -0.685381 0.662804 -0.301568
60.08200073 -11.44699955 387.91799927 -0.691027 0.655590 -0.304439
59.94900131 -11.44699955 388.21798706 -0.649522 0.691635 -0.315852
25.73999977 17.65299988 380.11801147 0.855684 -0.470701 0.215049
25.91399956 17.95299911 380.11801147 0.813610 -0.532629 0.233122
25.67799950 17.65299988 380.41799927 0.864545 -0.467121 0.185365
25.84700012 17.95299911 380.41799927 0.832768 -0.519539 0.191251
59.51800156 -11.99300003 387.91799927 -0.613805 0.683293 -0.395416
59.51800156 -11.86200047 388.21798706 -0.632033 0.690827 -0.351130
59.21799850 -12.20400047 387.91799927 -0.550532 0.731304 -0.402628
59.21799850 -12.09300041 388.21798706 -0.619243 0.716252 -0.321748
62.72399902 20.95299911 382.21798706 -0.778122 -0.570623 0.262518
62.94100189 20.65299988 382.21798706 -0.789163 -0.556964 0.258870
62.61700058 20.95299911 381.91799927 -0.774318 -0.572459 0.269671
62.83599854 20.65299988 381.91799927 -0.776588 -0.575774 0.255725
25.61300087 17.65299988 380.71798706 0.847309 -0.487845 0.209939
25.78599930 17.95299911 380.71798706 0.844448 -0.499469 0.193488
25.53700066 17.65299988 381.01800537 0.838215 -0.501716 0.213722
63.05599976 20.35300064 381.91799927 -0.791409 -0.564403 0.234779
58.91799927 -12.23700047 388.51800537 -0.617039 0.698875 -0.361713
25.70899963 17.95299911 381.01800537 0.840318 -0.502380 0.203668
59.21799850 -11.94099998 388.51800537 -0.618388 0.703232 -0.350800
58.91799927 -12.06999969 388.81799316 -0.635305 0.706433 -0.311994
63.13899994 20.35300064 382.21798706 -0.779849 -0.572726 0.252627
63.39300156 20.05299950 382.21798706 -0.764218 -0.594741 0.249509
63.27799988 20.05299950 381.91799927 -0.761432 -0.590466 0.267530
59.29999924 -11.74699974 388.81799316 -0.622509 0.716290 -0.315297
25.89599991 18.25300026 381.01800537 0.832825 -0.514258 0.204793
33.11800003 22.57399940 373.21798706 0.238101 -0.925314 0.295131
32.21799850 22.88500023 375.61801147 0.617444 -0.723844 0.307916
31.91799927 22.60400009 375.61801147 0.570591 -0.762387 0.305274
32.21799850 22.75499916 375.31799316 0.620255 -0.731869 0.282224
31.91799927 22.50699997 375.31799316 0.542748 -0.799262 0.258079
63.20299911 19.75300026 381.01800537 -0.798183 -0.537872 0.271288
63.39699936 19.45299911 381.01800537 -0.807723 -0.530700 0.256790
63.31399918 19.45299911 380.71798706 -0.799309 -0.539651 0.264351
25.96699905 18.25300026 380.71798706 0.820197 -0.529997 0.215359
26.16699982 18.55299950 380.71798706 0.798179 -0.556401 0.230929
26.08699989 18.55299950 381.01800537 0.805892 -0.547020 0.226513
58.91799927 -11.97200012 389.11801147 -0.651280 0.714665 -0.255124
58.61800003 -12.21399975 389.11801147 -0.608970 0.753738 -0.247050
25.45899963 17.65299988 381.31799316 0.845153 -0.506498 0.170813
58.61800003 -12.10099983 389.41799927 -0.607917 0.730467 -0.311215
25.63999939 17.95299911 381.31799316 0.840412 -0.512009 0.177636
25.42099953 17.65299988 381.61801147 0.848093 -0.500539 0.173777
25.58499908 17.95299911 381.61801147 0.847822 -0.493687 0.193574
59.21799850 -11.66800022 389.11801147 -0.652241 0.700318 -0.290063
59.03200150 -11.74699974 389.41799927 -0.655900 0.706721 -0.265219
59.21799850 -11.57699966 389.41799927 -0.637939 0.729298 -0.247300
25.82699966 18.25300026 381.31799316 0.844698 -0.505031 0.177282
25.77300072 18.25300026 381.61801147 0.838940 -0.499116 0.216941
27.95000076 22.15299988 383.41799927 0.855022 -0.412823 0.313869
27.79400063 21.85300064 383.41799927 0.869829 -0.471944 0.143761
28.07200050 22.15299988 383.11801147 0.795851 -0.530040 0.292709
27.85600090 21.85300064 383.11801147 0.795987 -0.561055 0.227204
26.00200081 18.55299950 381.31799316 0.825043 -0.531358 0.192258
25.93799973 18.55299950 381.61801147 0.824422 -0.529877 0.198894
64.39499664 16.75300026 378.61801147 -0.863690 -0.435640 0.253491
64.55000305 16.45299911 378.61801147 -0.851325 -0.460052 0.252188
64.31900024 16.75300026 378.31799316 -0.860315 -0.460937 0.217706
64.47200012 16.45299911 378.31799316 -0.868103 -0.451175 0.206975
58.31800079 -12.21700001 389.71798706 -0.589169 0.726261 -0.354154
58.61800003 -11.95899963 389.71798706 -0.589880 0.723869 -0.357849
58.36399841 -12.04699993 390.01800537 -0.596051 0.707708 -0.379305
58.61800003 -11.80500031 390.01800537 -0.603881 0.708619 -0.364947
64.55599976 16.15299988 378.01800537 -0.869956 -0.452022 0.197111
64.71399689 15.85299969 378.01800537 -0.842799 -0.503276 0.190794
64.48999786 16.15299988 377.71798706 -0.859376 -0.454609 0.234101
64.65899658 15.85299969 377.71798706 -0.840831 -0.502687 0.200773
59.21799850 -7.95100021 398.11801147 -0.607663 0.724334 -0.325707
48.41799927 25.80900002 373.21798706 -0.140297 -0.902716 0.406718
48.11800003 25.84600067 373.21798706 -0.118186 -0.878562 0.462776
48.41799927 25.62599945 372.91799927 -0.064460 -0.892841 0.445735
48.11800003 25.65800095 372.91799927 -0.149472 -0.872159 0.465829
49.61800003 25.30699921 372.61801147 -0.186376 -0.879049 0.438791
49.31800079 25.34799957 372.61801147 -0.129912 -0.883684 0.449694
49.31800079 25.18499947 372.31799316 -0.116704 -0.898476 0.423226
49.61800003 25.14800072 372.31799316 -0.202820 -0.877900 0.433769
49.61800003 25.00600052 372.01800537 -0.204651 -0.901335 0.381725
49.31800079 25.06299973 372.01800537 -0.144749 -0.912061 0.383656
49.61800003 24.87599945 371.71798706 -0.218728 -0.919229 0.327377
49.31800079 24.93199921 371.71798706 -0.195240 -0.928441 0.316035
58.31800079 -8.68099976 398.11801147 -0.573861 0.753896 -0.319883
58.61800003 -8.44799995 398.11801147 -0.565947 0.761544 -0.315840
65.03299713 14.35299969 375.61801147 -0.798811 -0.549669 -0.244470
65.19400024 14.05300045 375.61801147 -0.789733 -0.490567 -0.368328
65.21800232 14.37699986 375.31799316 -0.556835 -0.594070 -0.580530
25.66699982 18.25300026 381.91799927 0.839321 -0.478952 0.257186
25.84799957 18.55299950 381.91799927 0.802405 -0.544766 0.243670
58.31800079 -11.90600014 390.31799316 -0.575029 0.734669 -0.360004
58.31800079 -11.76000023 390.61801147 -0.556533 0.778511 -0.290158
25.33699989 17.65299988 381.91799927 0.855130 -0.491810 0.163937
58.01800156 -12.29800034 390.01800537 -0.559607 0.733561 -0.385653
25.50600052 17.95299911 381.91799927 0.847208 -0.467267 0.252784
57.71799850 -12.16499996 390.91799927 -0.605723 0.739973 -0.292473
58.01800156 -11.89700031 390.91799927 -0.605409 0.737090 -0.300296
57.71799850 -12.00599957 391.21798706 -0.594789 0.716040 -0.365394
58.01800156 -11.76700020 391.21798706 -0.560185 0.765640 -0.316208
57.71799850 -11.85700035 391.51800537 -0.561301 0.755411 -0.338075
57.11800003 -12.31499958 391.51800537 -0.536156 0.762928 -0.361217
57.41799927 -12.09000015 391.51800537 -0.570637 0.730873 -0.374429
57.11800003 -12.17599964 391.81799316 -0.548407 0.750195 -0.369402
57.41799927 -11.94900036 391.81799316 -0.556347 0.754231 -0.348731
57.11800003 -12.02099991 392.11801147 -0.538898 0.773761 -0.332991
57.41799927 -11.81299973 392.11801147 -0.537587 0.788144 -0.299717
57.11800003 -11.91600037 392.41799927 -0.521767 0.811464 -0.263220
56.81800079 -12.22900009 392.11801147 -0.508900 0.780313 -0.363500
56.51800156 -12.28899956 392.41799927 -0.507452 0.804652 -0.308265
56.81800079 -12.10999966 392.41799927 -0.507138 0.807313 -0.301755
22.34099960 2.35299993 385.81799316 0.988702 0.124901 -0.082878
22.36899948 2.05299997 385.81799316 0.985307 0.137346 -0.101517
22.32299995 2.35299993 385.51800537 0.992255 0.101390 -0.071770
22.35700035 2.05299997 385.51800537 0.987273 0.135323 -0.083548
22.37899971 2.35299993 386.41799927 0.983626 0.163738 -0.075296
22.44099998 2.05299997 386.41799927 0.979523 0.181754 -0.086608
22.38299942 2.35299993 386.11801147 0.986642 0.144990 -0.074263
22.41399956 2.05299997 386.11801147 0.980485 0.165250 -0.106495
22.51099968 1.75300002 386.41799927 0.978012 0.178829 -0.107298
22.54899979 1.45299995 386.41799927 0.977562 0.174697 -0.117704
22.46999931 1.75300002 386.11801147 0.977506 0.167679 -0.127933
22.51199913 1.45299995 386.11801147 0.977307 0.177579 -0.115489
22.42600060 1.75300002 385.81799316 0.982251 0.156626 -0.103203
22.46999931 1.45299995 385.81799316 0.974977 0.195493 -0.105840
22.40299988 1.75300002 385.51800537 0.984639 0.153962 -0.082352
22.44599915 1.45299995 385.51800537 0.977086 0.186523 -0.102526
56.51800156 -12.18000031 392.71798706 -0.501450 0.808331 -0.308463
56.81800079 -12.00199986 392.71798706 -0.490488 0.815377 -0.307541
56.51800156 -12.06299973 393.01800537 -0.498973 0.798675 -0.336368
56.81800079 -11.86999989 393.01800537 -0.499201 0.783536 -0.369958
48.11800003 -14.55300045 394.51800537 -0.139342 0.907832 -0.395505
48.41799927 -14.50899982 394.51800537 -0.160273 0.909159 -0.384372
55.91799927 -12.55700016 392.71798706 -0.471012 0.813566 -0.340968
56.21799850 -12.37899971 392.71798706 -0.496736 0.804617 -0.325338
55.91799927 -12.40999985 393.01800537 -0.462026 0.814500 -0.350886
43.31800079 28.71400070 379.51800537 0.075164 -0.903340 0.422288
48.11800003 -14.42599964 394.81799316 -0.148530 0.906740 -0.394665
43.61800003 28.74099922 379.51800537 0.052540 -0.903965 0.424365
48.41799927 -14.36600018 394.81799316 -0.134046 0.904456 -0.404959
64.26100159 15.55300045 375.61801147 -0.818607 -0.526796 0.228841
64.17900085 15.55300045 375.31799316 -0.833244 -0.519836 0.188346
55.61800003 -12.20600033 393.91799927 -0.465033 0.814205 -0.347584
55.31800079 -12.25000000 394.21798706 -0.449751 0.818452 -0.357576
55.61800003 -12.07699966 394.21798706 -0.468722 0.811923 -0.347967
55.91799927 -12.02799988 393.91799927 -0.474320 0.806504 -0.352946
56.21799850 -11.85299969 393.91799927 -0.494569 0.803079 -0.332363
55.91799927 -11.91600037 394.21798706 -0.462540 0.815405 -0.348097
43.31800079 28.84300041 379.81799316 0.083348 -0.911363 0.403077
43.61800003 28.87999916 379.81799316 0.055072 -0.909353 0.412365
57.71799850 24.37599945 378.91799927 -0.541155 -0.767309 0.344077
57.71799850 24.51600075 379.21798706 -0.538988 -0.765590 0.351232
58.01800156 24.29599953 379.21798706 -0.579766 -0.744491 0.331064
55.31800079 -12.38500023 393.91799927 -0.471714 0.811603 -0.344653
28.72699928 22.75300026 382.81799316 0.688941 -0.643337 0.333884
28.43899918 22.45299911 382.81799316 0.697149 -0.645389 0.312180
28.87000084 22.75300026 382.51800537 0.739648 -0.615578 0.272000
28.61800003 22.47400093 382.51800537 0.694712 -0.662771 0.279482
58.61800003 -10.81099987 392.41799927 -0.578386 0.743639 -0.335367
55.31800079 -12.12800026 394.51800537 -0.451618 0.819250 -0.353371
55.61800003 -11.93799973 394.51800537 -0.471434 0.803835 -0.362765
55.31800079 -11.98999977 394.81799316 -0.466397 0.820542 -0.330430
55.61800003 -11.81499958 394.81799316 -0.470633 0.830252 -0.298641
58.31800079 -11.03899956 392.41799927 -0.571270 0.749286 -0.334994
58.61800003 -10.97299957 392.11801147 -0.572031 0.747044 -0.338682
59.51800156 20.38899994 373.21798706 -0.659817 -0.716238 0.227253
59.81800079 20.07399940 373.21798706 -0.675713 -0.682103 0.279550
59.83800125 20.05299950 373.21798706 -0.670080 -0.682935 0.290850
28.57799911 22.75300026 383.11801147 0.718621 -0.628592 0.297416
26.02400017 16.75300026 376.81799316 0.819402 -0.532535 0.212099
26.11000061 16.75300026 376.51800537 0.782471 -0.569212 0.252461
25.94000053 16.75300026 377.11801147 0.831369 -0.515236 0.208222
25.86899948 16.75300026 377.41799927 0.827807 -0.512598 0.227991
25.68099976 16.45299911 377.41799927 0.840209 -0.496833 0.217269
39.41799927 25.30800056 373.21798706 0.182077 -0.889991 0.418048
39.11800003 25.24200058 373.21798706 0.192770 -0.881444 0.431157
25.76399994 16.45299911 377.11801147 0.844659 -0.491081 0.213053
39.41799927 25.17799950 372.91799927 0.202772 -0.897159 0.392416
39.11800003 25.11199951 372.91799927 0.190105 -0.898280 0.396172
40.01800156 24.84900093 371.41799927 0.254212 -0.944021 -0.210240
39.71799850 24.75099945 371.41799927 0.385802 -0.922002 0.032695
67.70099640 12.55300045 389.11801147 -0.987015 -0.086084 0.135611
67.73400116 12.25300026 389.11801147 -0.978503 -0.169475 0.117519
31.01799965 24.22999954 381.01800537 0.645389 -0.697149 0.312180
30.71800041 23.93099976 381.01800537 0.638825 -0.700282 0.318604
31.01799965 24.08900070 380.71798706 0.643760 -0.701844 0.304939
30.71800041 23.81200027 380.71798706 0.638052 -0.714810 0.286244
30.41799927 23.67499924 381.01800537 0.627887 -0.711821 0.314751
23.81100082 14.95300007 383.41799927 0.922934 -0.354975 0.148950
23.69799995 14.65299988 383.41799927 0.927083 -0.351272 0.130866
23.85700035 14.95300007 383.11801147 0.916721 -0.373686 0.141357
23.73800087 14.65299988 383.11801147 0.927083 -0.346793 0.142309
30.40399933 23.95299911 381.61801147 0.676706 -0.667015 0.311705
30.11800003 23.65399933 381.61801147 0.667499 -0.689909 0.280126
30.41799927 23.82500076 381.31799316 0.637018 -0.698613 0.325803
23.28400040 14.35299969 385.81799316 0.948270 -0.295754 0.115384
23.19300079 14.05300045 385.81799316 0.949634 -0.294532 0.106982
23.32699966 14.35299969 385.51800537 0.940851 -0.310007 0.136728
23.21999931 14.05300045 385.51800537 0.946547 -0.297715 0.124159
63.03300095 17.35300064 375.31799316 -0.792006 -0.546374 0.272400
63.27199936 16.75300026 374.41799927 -0.787618 -0.615975 0.015226
29.81800079 23.63699913 382.21798706 0.668671 -0.678338 0.304527
29.51799965 23.32399940 382.21798706 0.668975 -0.691327 0.273018
29.81800079 23.49600029 381.91799927 0.657969 -0.696391 0.286561
29.51799965 23.23600006 381.91799927 0.647892 -0.720405 0.247492
29.21800041 23.05599976 382.21798706 0.679926 -0.686266 0.258340
29.32999992 23.05299950 381.91799927 0.689852 -0.670733 0.272436
58.91799927 -10.58500004 392.41799927 -0.595612 0.737654 -0.317982
29.51799965 23.59199905 382.81799316 0.683229 -0.680044 0.265966
29.51799965 23.45999908 382.51800537 0.694908 -0.656391 0.293691
67.88999939 3.85299993 380.41799927 -0.997991 -0.001038 -0.063348
67.91400146 4.15299988 380.11801147 -0.992850 -0.043753 -0.111065
67.90599823 3.85299993 380.11801147 -0.964679 -0.103770 -0.242130
67.91899872 4.15299988 380.41799927 -0.999960 -0.000987 -0.008884
46.01800156 25.28499985 371.41799927 -0.044620 -0.949758 0.309787
45.71799850 25.28400040 371.41799927 -0.076930 -0.947937 0.309025
46.01800156 25.15299988 371.22799683 -0.068078 -0.982952 0.170792
46.23699951 25.15299988 371.11801147 0.035738 -0.964939 -0.260028
45.71799850 25.26600075 371.11801147 -0.151829 -0.970939 -0.185002
45.89500046 25.15299988 371.11801147 -0.378981 -0.922679 -0.070975
46.01800156 25.41500092 372.01800537 0.019517 -0.919910 0.391645
46.01800156 25.36700058 371.71798706 0.006062 -0.961369 0.275196
45.71799850 25.39699936 371.71798706 -0.079123 -0.950769 0.299629
46.61800003 25.22999954 371.41799927 -0.166931 -0.936742 0.307649
46.31800079 25.30500031 371.41799927 0.021729 -0.936894 0.348939
46.61800003 25.17700005 371.11801147 0.075886 -0.981700 0.174658
46.31800079 25.17799950 371.11801147 0.016972 -0.912546 -0.408622
58.91799927 -10.72599983 392.11801147 -0.608912 0.725203 -0.321415
22.14999962 7.75299978 382.21798706 0.991334 -0.128817 0.025763
22.11000061 7.45300007 382.21798706 0.994258 -0.106875 0.005398
22.16799927 7.75299978 381.91799927 0.989393 -0.141991 0.030670
22.10899925 7.45300007 381.91799927 0.993369 -0.111602 0.027624
22.02300072 6.55299997 381.61801147 0.995618 -0.090116 0.024972
22.01600075 6.25299978 381.61801147 0.997130 -0.071605 0.024581
22.04400063 6.55299997 381.31799316 0.995401 -0.092469 0.025021
22.01300049 6.25299978 381.31799316 0.996404 -0.084188 0.009591
21.99099922 5.95300007 381.61801147 0.998446 -0.054951 0.009331
21.97400093 5.65299988 381.61801147 0.999669 -0.023201 -0.011096
21.99200058 5.95300007 381.31799316 0.998599 -0.052667 0.005163
21.97299957 5.65299988 381.31799316 0.999367 -0.035439 0.003038
21.98500061 5.95300007 381.01800537 0.998102 -0.041367 -0.045609
21.99600029 5.65299988 381.01800537 0.999264 -0.007130 -0.037689
21.92200089 5.95300007 380.71798706 0.994547 -0.077019 -0.070321
21.97599983 5.65299988 380.71798706 0.994675 -0.009720 -0.102600
61.74700165 -7.84700012 392.41799927 -0.727321 0.628647 -0.275331
61.47700119 -8.14700031 392.41799927 -0.702312 0.657721 -0.272325
61.85200119 -7.84700012 392.11801147 -0.742667 0.619677 -0.253863
61.61800003 -8.10799980 392.11801147 -0.713191 0.653099 -0.254598
68.00599670 6.55299997 391.81799316 -0.992692 0.118415 -0.023240
67.95600128 6.25299978 391.81799316 -0.986095 0.165299 0.017100
67.99800110 6.55299997 391.51800537 -0.990982 0.132651 -0.018950
67.95300293 6.25299978 391.51800537 -0.988950 0.144530 -0.033003
67.89700317 5.95300007 391.81799316 -0.988283 0.152130 -0.012396
67.85700226 5.65299988 391.81799316 -0.989015 0.142921 -0.037731
67.90799713 5.95300007 391.51800537 -0.990085 0.127642 -0.058646
67.88300323 5.65299988 391.51800537 -0.989276 0.122061 -0.080212
67.90499878 5.65299988 391.21798706 -0.988563 0.120785 -0.090296
67.94300079 5.95300007 391.21798706 -0.989468 0.115380 -0.087409
67.97299957 5.95300007 390.91799927 -0.992600 0.113280 -0.043742
67.92800140 5.65299988 390.91799927 -0.991748 0.122702 -0.037148
67.67299652 3.55299997 389.41799927 -0.978748 0.194782 -0.064121
67.61399841 3.25300002 389.41799927 -0.982961 0.179681 -0.038755
67.69499969 3.55299997 389.11801147 -0.977182 0.204639 -0.056911
67.63300323 3.25300002 389.11801147 -0.978451 0.198579 -0.056565
67.70700073 3.55299997 388.81799316 -0.981204 0.191083 -0.026963
67.65499878 3.25300002 388.81799316 -0.981085 0.186703 -0.051135
67.70800018 3.55299997 388.51800537 -0.982373 0.186846 -0.005731
67.66300201 3.25300002 388.51800537 -0.987513 0.154478 -0.030896
67.58799744 2.95300007 388.81799316 -0.980403 0.180569 -0.078772
67.53600311 2.65300012 388.81799316 -0.977459 0.188589 -0.094911
67.61399841 2.95300007 388.51800537 -0.986590 0.150973 -0.062028
67.57599640 2.65300012 388.51800537 -0.977569 0.188136 -0.094683
67.70600128 3.55299997 388.21798706 -0.983419 0.170047 -0.063024
67.66100311 3.25300002 388.21798706 -0.988362 0.131859 -0.075848
67.74400330 3.55299997 387.91799927 -0.983905 0.161003 -0.077520
67.71199799 3.25300002 387.91799927 -0.989268 0.113293 -0.092269
67.63899994 2.95300007 388.21798706 -0.987708 0.135061 -0.078688
67.59200287 2.65300012 388.21798706 -0.980250 0.182513 -0.076148
67.66600037 2.95300007 387.91799927 -0.986833 0.138275 -0.083910
67.62000275 2.65300012 387.91799927 -0.978226 0.195645 -0.069266
46.91799927 27.26499939 376.21798706 -0.073348 -0.929519 0.361406
47.21799850 27.26300049 376.21798706 -0.068042 -0.924566 0.374896
46.91799927 27.37899971 376.51800537 -0.079781 -0.918162 0.388089
47.21799850 27.35400009 376.51800537 -0.046045 -0.924837 0.377565
46.91799927 27.51499939 376.81799316 -0.089215 -0.909998 0.404901
47.21799850 27.49799919 376.81799316 -0.046500 -0.915380 0.399897
47.51800156 27.35099983 376.51800537 -0.088587 -0.917215 0.388419
47.81800079 27.31399918 376.51800537 -0.119618 -0.899245 0.420773
47.51800156 27.48299980 376.81799316 -0.074455 -0.913770 0.399351
47.81800079 27.45100021 376.81799316 -0.097454 -0.912770 0.396678
48.11800003 -14.27499962 395.11801147 -0.167819 0.902207 -0.397315
48.11800003 27.26600075 376.51800537 -0.107850 -0.895015 0.432801
48.11800003 27.43799973 376.81799316 -0.121891 -0.903674 0.410506
48.41799927 27.38199997 376.81799316 -0.193962 -0.893975 0.403966
48.11800003 27.54199982 377.11801147 -0.119726 -0.923403 0.364682
48.41799927 27.49900055 377.11801147 -0.183707 -0.915688 0.357446
48.11800003 27.67900085 377.41799927 -0.140925 -0.919499 0.366962
48.41799927 27.60700035 377.41799927 -0.180482 -0.916620 0.356700
48.71799850 27.42200089 377.11801147 -0.179010 -0.906506 0.382365
49.01800156 27.37800026 377.11801147 -0.162322 -0.897800 0.409397
49.01800156 27.51300049 377.41799927 -0.141632 -0.912898 0.382828
48.71799850 27.55400085 377.41799927 -0.156073 -0.918161 0.364171
67.31300354 -0.34700000 382.51800537 -0.980434 0.171728 -0.096217
49.91799927 27.97900009 378.91799927 -0.213475 -0.887761 0.407810
50.21799850 27.89500046 378.91799927 -0.243178 -0.881706 0.404302
49.91799927 28.10300064 379.21798706 -0.193121 -0.898811 0.393502
48.41799927 -14.23099995 395.11801147 -0.123909 0.911918 -0.391220
50.21799850 28.04700089 379.21798706 -0.226066 -0.888009 0.400417
50.51800156 27.95299911 379.21798706 -0.237959 -0.875510 0.420544
50.81800079 27.88299942 379.21798706 -0.232319 -0.873818 0.427166
50.51800156 27.80800056 378.91799927 -0.234226 -0.894185 0.381538
50.81800079 27.73299980 378.91799927 -0.283948 -0.873103 0.396313
48.11800003 -14.16399956 395.41799927 -0.145550 0.908625 -0.391429
52.91799927 28.35600090 381.91799927 -0.352355 -0.863192 0.361587
53.21799850 28.23100090 381.91799927 -0.368032 -0.852531 0.371138
22.70599937 10.15299988 379.81799316 0.970010 -0.229047 0.081356
22.62800026 9.85299969 379.81799316 0.957635 -0.276364 0.080981
22.73200035 10.15299988 379.51800537 0.963790 -0.243199 0.109375
22.65500069 9.85299969 379.51800537 0.956021 -0.272590 0.108253
22.51799965 9.55300045 380.41799927 0.974886 -0.218655 0.042281
22.44300079 9.25300026 380.41799927 0.975002 -0.220778 0.025061
22.51199913 9.55300045 380.11801147 0.968889 -0.243753 0.042871
22.44899940 9.25300026 380.11801147 0.973657 -0.226348 0.027545
22.67399979 10.15299988 380.41799927 0.966872 -0.242661 0.079211
22.57299995 9.85299969 380.41799927 0.967057 -0.245820 0.066134
22.68799973 10.15299988 380.11801147 0.967648 -0.243473 0.066175
22.59499931 9.85299969 380.11801147 0.961812 -0.267799 0.056577
22.60799980 10.15299988 381.01800537 0.977529 -0.203702 0.054240
22.55500031 9.85299969 381.01800537 0.976642 -0.210224 0.044447
22.62199974 10.15299988 380.71798706 0.971054 -0.223705 0.083733
22.55599976 9.85299969 380.71798706 0.973262 -0.220245 0.065212
22.48200035 9.55300045 381.01800537 0.975695 -0.214000 0.047153
22.41900063 9.25300026 381.01800537 0.979538 -0.196384 0.044038
22.49600029 9.55300045 380.71798706 0.976135 -0.213041 0.042127
22.42700005 9.25300026 380.71798706 0.976849 -0.211114 0.034589
22.43199921 9.55300045 381.61801147 0.979553 -0.191573 0.061448
22.38999939 9.25300026 381.61801147 0.983781 -0.172779 0.048190
22.46500015 9.55300045 381.31799316 0.976186 -0.204546 0.072265
22.39699936 9.25300026 381.31799316 0.982263 -0.177403 0.060722
54.41799927 24.21699905 374.11801147 -0.384922 -0.837402 0.388064
53.81800079 24.24699974 373.51800537 -0.343455 -0.864027 0.368097
54.41799927 24.10600090 373.81799316 -0.383614 -0.874882 0.295671
54.11800003 24.24699974 373.81799316 -0.390163 -0.858976 0.331562
54.41799927 24.02700043 373.51800537 -0.412231 -0.829200 0.377483
54.11800003 24.14999962 373.51800537 -0.345484 -0.867550 0.357768
54.11800003 23.97999954 373.21798706 -0.370589 -0.815933 0.443753
54.41799927 23.85199928 373.21798706 -0.403721 -0.802617 0.439107
54.41799927 23.69000053 372.91799927 -0.372487 -0.822642 0.429549
54.11800003 23.81699944 372.91799927 -0.395231 -0.808064 0.436835
54.71799850 23.68499947 373.21798706 -0.447460 -0.813708 0.371025
55.01800156 23.52499962 373.21798706 -0.446863 -0.839231 0.309846
55.01800156 23.42499924 372.91799927 -0.483469 -0.802590 0.349438
54.71799850 23.55800056 372.91799927 -0.376466 -0.845095 0.379590
54.71799850 23.41300011 372.61801147 -0.354347 -0.847624 0.394933
55.01800156 23.29999924 372.61801147 -0.458537 -0.799624 0.387745
55.01800156 23.09199905 372.31799316 -0.392597 -0.843066 0.367570
54.71799850 23.25300026 372.31799316 -0.415099 -0.819064 0.396014
55.61800003 22.90800095 372.61801147 -0.496472 -0.792106 0.355082
55.61800003 22.75499916 372.31799316 -0.478895 -0.809825 0.338886
55.31800079 22.97100067 372.31799316 -0.475849 -0.824491 0.306239
55.31800079 23.11199951 372.61801147 -0.471075 -0.820837 0.322978
48.41799927 -14.09500027 395.41799927 -0.114290 0.918448 -0.378670
53.81800079 -11.11900043 398.71798706 -0.370756 0.863045 -0.343064
53.51800156 -11.11600018 399.01800537 -0.313285 0.879315 -0.358688
53.51800156 -11.23700047 398.71798706 -0.351640 0.867582 -0.351640
68.11900330 8.95300007 390.91799927 -0.999688 -0.021227 -0.013140
52.61800003 -11.71300030 398.41799927 -0.300989 0.890987 -0.339923
68.09200287 9.55300045 389.41799927 -0.997136 -0.073428 0.018091
68.09200287 9.25300026 389.41799927 -0.999855 -0.010987 -0.012985
68.07900238 9.55300045 389.11801147 -0.995025 -0.078759 0.061010
68.08799744 9.25300026 389.11801147 -0.998650 -0.017666 0.048841
68.05799866 9.55300045 388.81799316 -0.997914 -0.054200 0.035070
68.05200195 9.25300026 388.81799316 -0.995616 0.007502 0.093238
68.05400085 9.55300045 388.51800537 -0.998743 -0.026090 0.042788
68.03099823 9.25300026 388.51800537 -0.997624 0.017947 0.066508
27.41799927 18.15399933 375.01800537 0.732567 -0.677876 0.061887
27.25000000 17.95299911 375.01800537 0.735593 -0.677411 -0.004156
27.11800003 17.76399994 375.01800537 0.650495 -0.756757 -0.064619
52.31800079 -11.95899963 398.11801147 -0.336335 0.864642 -0.373194
52.61800003 -11.81999969 398.11801147 -0.334794 0.869853 -0.362311
52.31800079 -11.80700016 398.41799927 -0.319298 0.869284 -0.377352
26.70100021 17.35300064 375.61801147 0.800717 -0.592964 0.085121
26.74799919 17.35300064 375.31799316 0.755605 -0.653916 0.038133
26.51799965 17.09900093 375.31799316 0.709927 -0.701287 -0.064801
51.71799850 -12.15100002 398.11801147 -0.316183 0.869122 -0.380336
52.01800156 -12.05300045 398.11801147 -0.290217 0.885688 -0.362395
51.71799850 -12.02299976 398.41799927 -0.293426 0.883288 -0.365654
52.01800156 -11.92399979 398.41799927 -0.310764 0.867997 -0.387307
67.87999725 10.15299988 387.01800537 -0.991678 -0.099741 0.081398
67.90000153 9.85299969 387.01800537 -0.997176 -0.046255 0.059164
67.86499786 10.15299988 386.71798706 -0.991666 -0.108410 0.069611
67.89700317 9.85299969 386.71798706 -0.996756 -0.063992 0.048807
67.83799744 10.15299988 386.41799927 -0.990491 -0.112109 0.079748
67.86599731 9.85299969 386.41799927 -0.993551 -0.086640 0.073138
67.81999969 10.15299988 386.11801147 -0.991049 -0.109096 0.076941
67.83799744 9.85299969 386.11801147 -0.992991 -0.096023 0.068911
26.92499924 17.65299988 375.61801147 0.760357 -0.626266 0.172185
51.11800003 -12.34200001 398.11801147 -0.266589 0.902867 -0.337286
51.41799927 -12.27400017 398.11801147 -0.283180 0.888494 -0.361091
47.51800156 -14.38300037 395.11801147 -0.091158 0.918386 -0.385042
51.11800003 -12.23099995 398.41799927 -0.280553 0.886669 -0.367570
51.41799927 -12.12800026 398.41799927 -0.317024 0.868371 -0.381348
59.81800079 -9.57299995 393.01800537 -0.635563 0.715609 -0.289765
52.01800156 -12.31900024 397.51800537 -0.302627 0.883793 -0.356829
51.71799850 -12.28199959 397.81799316 -0.297877 0.878511 -0.373481
52.01800156 -12.17599964 397.81799316 -0.307628 0.867785 -0.390274
47.81800079 -14.35099983 395.11801147 -0.141632 0.912898 -0.382828
47.51800156 -14.26399994 395.41799927 -0.101259 0.903008 -0.417520
65.06199646 -4.84700012 387.61801147 -0.868517 0.467212 -0.165502
64.92299652 -5.14699984 387.61801147 -0.871079 0.466805 -0.152693
65.14299774 -4.84700012 387.31799316 -0.842362 0.493275 -0.217041
64.96499634 -5.14699984 387.31799316 -0.862710 0.477650 -0.166075
59.51800156 -9.82600021 393.01800537 -0.605263 0.748239 -0.271654
47.81800079 -14.20699978 395.41799927 -0.146425 0.899872 -0.410842
65.48100281 -4.24700022 387.01800537 -0.910149 0.381950 -0.160447
65.37100220 -4.54699993 387.01800537 -0.906318 0.398893 -0.139542
65.40399933 -4.54699993 386.71798706 -0.904835 0.412805 -0.104244
65.53800201 -4.24700022 386.71798706 -0.907516 0.398181 -0.133665
59.81800079 -9.67800045 392.71798706 -0.624352 0.732382 -0.271664
59.51800156 -9.91699982 392.71798706 -0.606585 0.737825 -0.296090
58.91799927 22.22500038 376.21798706 -0.586827 -0.738787 0.331403
59.21799850 21.97800064 376.21798706 -0.603548 -0.726523 0.328472
59.21799850 21.86199951 375.91799927 -0.631784 -0.699997 0.332945
58.91799927 22.11499977 375.91799927 -0.591294 -0.742742 0.314175
58.61800003 22.45199966 376.21798706 -0.594804 -0.721913 0.353623
58.61800003 22.33200073 375.91799927 -0.570081 -0.759572 0.313143
57.11800003 24.12199974 377.41799927 -0.533140 -0.766490 0.358127
57.41799927 23.90900040 377.41799927 -0.538988 -0.765590 0.351232
57.11800003 23.98200035 377.11801147 -0.539630 -0.776619 0.325059
57.41799927 23.78599930 377.11801147 -0.532838 -0.787328 0.310159
56.81800079 24.19799995 377.11801147 -0.509752 -0.794190 0.330779
56.21799850 24.70499992 377.41799927 -0.504532 -0.785007 0.359459
55.91799927 24.74900055 377.11801147 -0.498888 -0.790841 0.354515
56.21799850 24.54700089 377.11801147 -0.504532 -0.785007 0.359459
56.81800079 24.32299995 377.41799927 -0.491638 -0.803485 0.335714
56.51800156 24.50000000 377.41799927 -0.497303 -0.797924 0.340597
56.51800156 24.37199974 377.11801147 -0.471519 -0.814443 0.338160
55.91799927 24.87199974 377.41799927 -0.471714 -0.811603 0.344653
56.21799850 24.83600044 377.71798706 -0.508481 -0.787584 0.348077
56.21799850 24.96199989 378.01800537 -0.497940 -0.784779 0.369023
55.91799927 25.13899994 378.01800537 -0.472750 -0.799668 0.370187
55.91799927 25.01700020 377.71798706 -0.468276 -0.807098 0.359598
55.61800003 25.45299911 378.31799316 -0.461512 -0.823792 0.329202
55.61800003 25.33099937 378.01800537 -0.478826 -0.799110 0.363523
55.61800003 25.18400002 377.71798706 -0.476449 -0.797291 0.370572
55.31800079 25.36400032 377.71798706 -0.440047 -0.818138 0.370148
55.31800079 25.50099945 378.01800537 -0.441839 -0.821916 0.359489
55.61800003 25.56900024 378.61801147 -0.467190 -0.801126 0.374073
55.31800079 25.74699974 378.61801147 -0.455418 -0.799798 0.391048
55.31800079 25.61899948 378.31799316 -0.454869 -0.826319 0.332101
24.88899994 17.05299950 382.51800537 0.880605 -0.408158 0.240709
55.01800156 25.92000008 378.61801147 -0.451093 -0.804262 0.386881
55.01800156 25.77799988 378.31799316 -0.447922 -0.821454 0.352956
54.71799850 25.94700050 378.31799316 -0.433868 -0.818468 0.376654
24.64999962 16.45299911 382.21798706 0.877718 -0.442535 0.183777
54.71799850 26.08600044 378.61801147 -0.408426 -0.843454 0.348961
54.41799927 26.21699905 378.61801147 -0.386555 -0.852284 0.352402
54.11800003 26.35000038 378.61801147 -0.404469 -0.826386 0.391780
54.41799927 26.10000038 378.31799316 -0.392454 -0.845888 0.361183
54.11800003 26.22200012 378.31799316 -0.376831 -0.862866 0.336841
54.41799927 26.46800041 379.21798706 -0.444886 -0.821693 0.356225
54.11800003 26.63899994 379.21798706 -0.432637 -0.822485 0.369247
54.41799927 26.35700035 378.91799927 -0.426885 -0.833292 0.351274
54.11800003 26.50000000 378.91799927 -0.431282 -0.819595 0.377173
23.89800072 14.35299969 381.01800537 0.898771 -0.399614 0.180331
23.78300095 14.05300045 381.01800537 0.925009 -0.342855 0.163731
23.96800041 14.35299969 380.71798706 0.902913 -0.391884 0.176563
23.84300041 14.05300045 380.71798706 0.915179 -0.364653 0.171685
53.81800079 26.77099991 379.21798706 -0.393707 -0.851217 0.347023
53.51800156 26.91500092 379.21798706 -0.360259 -0.877087 0.317697
53.81800079 26.65999985 378.91799927 -0.415830 -0.830078 0.371559
53.51800156 26.81699944 378.91799927 -0.368032 -0.852531 0.371138
23.45599937 12.85299969 380.41799927 0.932994 -0.340876 0.115436
23.46400070 12.85299969 380.11801147 0.936068 -0.337092 0.100725
53.21799850 27.58300018 380.41799927 -0.340732 -0.847940 0.406078
52.91799927 27.69700050 380.41799927 -0.297288 -0.882809 0.363687
52.91799927 27.55299950 380.11801147 -0.344341 -0.849166 0.400432
53.21799850 27.42499924 380.11801147 -0.375748 -0.826012 0.420140
23.04800034 11.35299969 379.81799316 0.951522 -0.281883 0.123076
22.95299911 11.05300045 379.81799316 0.949561 -0.292682 0.112570
23.08300018 11.35299969 379.51800537 0.953102 -0.286323 0.098056
22.98900032 11.05300045 379.51800537 0.949561 -0.292682 0.112570
52.31800079 27.63400078 379.81799316 -0.261362 -0.885644 0.383829
52.61800003 27.53800011 379.81799316 -0.309375 -0.873262 0.376432
52.61800003 27.41699982 379.51800537 -0.301774 -0.865495 0.399813
52.31800079 27.50699997 379.51800537 -0.261752 -0.883975 0.387394
52.01800156 28.02199936 380.41799927 -0.344566 -0.868306 0.356817
51.71799850 28.14699936 380.41799927 -0.237538 -0.895562 0.376224
52.01800156 27.89800072 380.11801147 -0.355410 -0.829291 0.431231
51.71799850 28.02899933 380.11801147 -0.258082 -0.873858 0.412026
52.01800156 28.28000069 381.01800537 -0.324797 -0.860482 0.392527
51.71799850 28.40299988 381.01800537 -0.283753 -0.884290 0.370831
51.71799850 28.26399994 380.71798706 -0.286660 -0.875148 0.389797
52.01800156 28.14999962 380.71798706 -0.332721 -0.866301 0.372586
51.41799927 28.35700035 380.71798706 -0.241047 -0.878850 0.411727
51.11800003 28.42700005 380.71798706 -0.272140 -0.882577 0.383402
51.41799927 28.47900009 381.01800537 -0.232428 -0.901936 0.363990
51.11800003 28.54999924 381.01800537 -0.268728 -0.881247 0.388830
25.96599960 -4.54699993 392.41799927 0.864905 0.455606 -0.210625
51.11800003 28.83300018 381.61801147 -0.231178 -0.893789 0.384315
51.41799927 28.74900055 381.61801147 -0.276875 -0.876016 0.394888
51.41799927 28.60700035 381.31799316 -0.274143 -0.873927 0.401370
51.11800003 28.70199966 381.31799316 -0.264728 -0.872846 0.409950
50.81800079 28.90399933 381.61801147 -0.195575 -0.927221 0.319392
50.81800079 28.78899956 381.31799316 -0.231178 -0.893789 0.384315
50.51800156 28.86000061 381.31799316 -0.226101 -0.914485 0.335551
25.86499977 -4.24700022 392.71798706 0.870461 0.452284 -0.194260
42.71799850 27.07699966 375.91799927 0.111781 -0.914948 0.387783
43.01800156 27.11599922 375.91799927 0.054908 -0.914683 0.400425
42.71799850 27.23399925 376.21798706 0.114386 -0.891084 0.439187
42.71799850 25.21800041 371.41799927 0.240094 -0.945285 0.220887
43.01800156 25.27300072 371.41799927 0.151010 -0.952831 0.263265
64.89199829 14.65299988 375.31799316 -0.612207 -0.706895 -0.354264
64.55699921 14.95300007 375.31799316 -0.750192 -0.658038 -0.064796
64.79499817 14.65299988 375.61801147 -0.810373 -0.579251 -0.088115
64.60399628 14.95300007 375.61801147 -0.844165 -0.514160 0.151743
43.01800156 27.25600052 376.21798706 0.066856 -0.899144 0.432517
42.71799850 26.84499931 375.31799316 0.109681 -0.909383 0.401239
43.01800156 26.86899948 375.31799316 0.062664 -0.923961 0.377318
42.71799850 26.97800064 375.61801147 0.107754 -0.926142 0.361455
43.01800156 26.99099922 375.61801147 0.062388 -0.927853 0.367690
64.48500061 -6.64699984 385.81799316 -0.873808 0.466512 -0.137209
64.32800293 -6.94700003 385.81799316 -0.872887 0.451899 -0.183998
64.51599884 -6.64699984 385.51800537 -0.879482 0.457675 -0.130559
64.37400055 -6.94700003 385.51800537 -0.894067 0.422000 -0.150203
43.31800079 27.26899910 376.21798706 0.061191 -0.901545 0.428336
43.61800003 27.28899956 376.21798706 0.066684 -0.902280 0.425963
64.82700348 14.65299988 375.91799927 -0.832950 -0.528975 0.162418
64.66400146 14.95300007 375.91799927 -0.872476 -0.445866 0.199973
64.91300201 14.65299988 376.21798706 -0.831860 -0.499731 0.241408
64.75000000 14.95300007 376.21798706 -0.864118 -0.440382 0.243648
64.36900330 15.25300026 375.31799316 -0.856437 -0.512744 -0.060076
64.31800079 15.34700012 375.31799316 -0.839993 -0.538890 -0.063316
64.42800140 15.25300026 375.61801147 -0.843070 -0.494944 0.210389
43.31800079 27.12700081 375.91799927 0.054849 -0.913700 0.402670
64.52899933 15.25300026 375.91799927 -0.846644 -0.470018 0.249553
64.34400177 15.55300045 375.91799927 -0.825143 -0.507424 0.248314
43.61800003 27.15399933 375.91799927 0.083232 -0.912822 0.399786
64.61799622 15.25300026 376.21798706 -0.862965 -0.459151 0.210881
64.43599701 15.55300045 376.21798706 -0.834363 -0.509129 0.211250
43.31800079 27.42200089 376.51800537 0.049853 -0.904090 0.424424
43.61800003 27.44199944 376.51800537 0.049525 -0.911527 0.408246
64.67900085 15.25300026 376.51800537 -0.849530 -0.485660 0.205992
64.48699951 15.55300045 376.51800537 -0.846268 -0.498774 0.187228
64.74900055 15.25300026 376.81799316 -0.843747 -0.488005 0.223479
64.56800079 15.55300045 376.81799316 -0.833153 -0.494348 0.247944
43.31800079 27.55599976 376.81799316 0.049525 -0.911527 0.408246
43.61800003 27.55800056 376.81799316 0.022179 -0.917155 0.397912
64.32499695 15.85299969 376.51800537 -0.862943 -0.463515 0.201204
64.39600372 15.85299969 376.81799316 -0.847179 -0.479105 0.229666
64.17800140 16.15299988 376.51800537 -0.857540 -0.465694 0.218529
64.23899841 16.15299988 376.81799316 -0.869596 -0.460548 0.178039
64.30100250 16.15299988 377.11801147 -0.837386 -0.495720 0.230319
64.49900055 15.85299969 377.11801147 -0.828054 -0.501150 0.251346
64.57299805 15.85299969 377.41799927 -0.828949 -0.505982 0.238381
64.39099884 16.15299988 377.41799927 -0.831063 -0.487495 0.267735
43.91799927 27.44700050 376.51800537 0.057418 -0.917352 0.393914
44.21799850 27.46400070 376.51800537 0.069012 -0.910682 0.407303
43.91799927 27.57500076 376.81799316 0.038049 -0.922370 0.384430
44.21799850 27.59399986 376.81799316 0.076568 -0.922851 0.377469
64.12999725 16.45299911 377.11801147 -0.874047 -0.449552 0.184243
64.00299835 16.75300026 377.11801147 -0.867687 -0.462668 0.181815
64.21800232 16.45299911 377.41799927 -0.827096 -0.484420 0.285044
64.04499817 16.75300026 377.41799927 -0.856894 -0.468355 0.215353
30.11800003 -8.10400009 396.01800537 0.625935 0.694575 -0.354642
30.41799927 -8.54699993 395.71798706 0.607356 0.705581 -0.365068
30.11800003 -8.25899982 395.71798706 0.609542 0.725953 -0.318514
30.41799927 -8.34000015 396.01800537 0.562144 0.704753 -0.432801
64.14800262 16.75300026 377.71798706 -0.812743 -0.516349 0.269874
64.24299622 16.75300026 378.01800537 -0.822802 -0.514058 0.242364
64.34300232 16.45299911 377.71798706 -0.834350 -0.478320 0.273989
64.41500092 16.45299911 378.01800537 -0.872338 -0.448758 0.194017
43.91799927 27.69499969 377.11801147 0.024675 -0.923371 0.383115
44.21799850 27.71199989 377.11801147 0.078922 -0.929674 0.359831
43.91799927 27.81699944 377.41799927 -0.009048 -0.918974 0.394215
44.21799850 27.82600021 377.41799927 0.051692 -0.921175 0.385701
63.96099854 17.05299950 377.71798706 -0.828521 -0.509977 0.231251
63.76200104 17.35300064 377.71798706 -0.829221 -0.507342 0.234512
64.03500366 17.05299950 378.01800537 -0.813184 -0.520873 0.259659
63.85900116 17.35300064 378.01800537 -0.821180 -0.514977 0.245890
64.15100098 17.05299950 378.31799316 -0.819334 -0.504085 0.273111
63.95700073 17.35300064 378.31799316 -0.798986 -0.531081 0.282088
64.24500275 17.05299950 378.61801147 -0.838741 -0.481699 0.253931
64.06500244 17.35300064 378.61801147 -0.813184 -0.520873 0.259659
37.61800003 24.48900032 372.61801147 0.355963 -0.853379 0.380834
37.31800079 24.35000038 372.61801147 0.272253 -0.894121 0.355565
63.74700165 17.65299988 378.31799316 -0.809567 -0.537132 0.236833
63.85300064 17.65299988 378.61801147 -0.779225 -0.557043 0.287250
37.61800003 24.35899925 372.31799316 0.294690 -0.898879 0.324307
37.31800079 24.27499962 372.31799316 0.227593 -0.928749 0.292620
36.71799850 24.22599983 372.61801147 0.439904 -0.837539 0.324057
37.01800156 24.21800041 372.31799316 0.274820 -0.884529 0.376938
37.01800156 24.32399940 372.61801147 0.224097 -0.931623 0.286111
37.01800156 24.25300026 372.41598511 0.250936 -0.912362 0.323461
31.61800003 24.67700005 381.01800537 0.538096 -0.788890 0.296826
31.31800079 24.48399925 381.01800537 0.571146 -0.763128 0.302371
31.61800003 24.57399940 380.71798706 0.550557 -0.777163 0.304801
31.31800079 24.36300087 380.71798706 0.593076 -0.735285 0.328050
63.56100082 17.95299911 378.31799316 -0.825583 -0.520377 0.218222
63.63299942 17.95299911 378.61801147 -0.811464 -0.521767 0.263220
63.96699905 17.65299988 378.91799927 -0.814650 -0.531293 0.232537
63.75000000 17.95299911 378.91799927 -0.793850 -0.542333 0.275096
64.02600098 17.65299988 379.21798706 -0.833327 -0.521017 0.184683
63.84400177 17.95299911 379.21798706 -0.826054 -0.524841 0.205372
45.11800003 28.24699974 378.31799316 -0.030217 -0.915709 0.400705
45.41799927 28.24799919 378.31799316 -0.016972 -0.912546 0.408622
45.11800003 28.39399910 378.61801147 -0.033183 -0.906564 0.420762
45.41799927 28.38299942 378.61801147 -0.017144 -0.903336 0.428590
62.99399948 19.75300026 380.41799927 -0.790612 -0.551699 0.265633
27.79100037 18.85300064 375.91799927 0.741884 -0.611618 0.274831
28.03100014 19.15299988 375.91799927 0.727321 -0.628647 0.275331
27.91300011 19.15299988 376.21798706 0.723530 -0.634480 0.271920
60.11800003 -9.41300011 392.71798706 -0.652039 0.706243 -0.275801
62.89899826 19.75300026 380.11801147 -0.796041 -0.548940 0.254921
63.09400177 19.45299911 380.11801147 -0.795696 -0.552783 0.247585
45.71799850 28.52000046 378.91799927 -0.030176 -0.917090 0.397537
46.01800156 28.51000023 378.91799927 -0.024675 -0.923371 0.383115
45.71799850 28.65299988 379.21798706 -0.051838 -0.918458 0.392106
46.01800156 28.62000084 379.21798706 -0.019444 -0.921632 0.387578
28.28599930 19.15299988 375.31799316 0.774961 -0.591704 0.222083
27.89999962 18.85300064 375.61801147 0.728999 -0.620050 0.289997
28.14800072 19.15299988 375.61801147 0.720927 -0.624590 0.300253
45.71799850 28.78000069 379.51800537 -0.051910 -0.917078 0.395315
46.01800156 28.75399971 379.51800537 -0.032956 -0.916173 0.399425
45.71799850 28.90699959 379.81799316 -0.038469 -0.911321 0.409895
46.01800156 28.89999962 379.81799316 -0.032832 -0.917969 0.395291
46.31800079 28.77199936 379.51800537 -0.030135 -0.918456 0.394373
46.61800003 28.75799942 379.51800537 -0.096853 -0.920782 0.377862
46.31800079 28.87599945 379.81799316 -0.051670 -0.923443 0.380241
46.61800003 28.84900093 379.81799316 -0.098807 -0.927164 0.361391
63.51100159 18.85300064 380.11801147 -0.793176 -0.545014 0.271722
63.31100082 19.15299988 380.11801147 -0.801028 -0.541826 0.254518
63.61199951 18.85300064 380.41799927 -0.791071 -0.552966 0.261602
63.40800095 19.15299988 380.41799927 -0.799309 -0.539651 0.264351
62.37400055 21.55299950 382.51800537 -0.762908 -0.596169 0.250108
62.47800064 21.55299950 382.81799316 -0.758943 -0.587107 0.281621
28.30299950 19.45299911 375.91799927 0.690306 -0.680829 0.244846
28.20100021 19.45299911 376.21798706 0.691252 -0.678598 0.248345
36.71799850 -11.45499992 398.11801147 0.408479 0.858576 -0.309827
37.01800156 -11.62199974 398.11801147 0.385756 0.856720 -0.342378
37.01800156 -11.53800011 398.41799927 0.334430 0.882229 -0.331403
36.71799850 -11.35900021 398.41799927 0.419218 0.870219 -0.258795
62.28400040 22.15299988 383.71798706 -0.767787 -0.599590 0.225820
28.61800003 19.74699974 375.91799927 0.738562 -0.646049 0.192735
62.39799881 22.15299988 384.01800537 -0.734902 -0.606254 0.303931
67.69699860 6.55299997 378.91799927 -0.951608 0.148563 0.269020
67.78700256 6.25299978 379.21798706 -0.986216 -0.159142 0.045303
67.74299622 6.55299997 379.21798706 -0.994837 -0.089635 0.047584
44.21799850 -16.24399948 391.21798706 -0.018953 0.943866 -0.329785
43.91799927 -16.19199944 391.21798706 0.086377 0.936862 -0.338865
43.91799927 -16.24699974 391.08200073 0.117775 0.915872 -0.383807
44.21799850 -16.31900024 390.91799927 -0.011497 0.931294 -0.364086
43.91799927 -16.32299995 390.91799927 0.028444 0.876347 -0.480840
28.50600052 19.75300026 376.21798706 0.694464 -0.665727 0.272996
67.79299927 6.25299978 379.51800537 -0.993746 -0.111620 0.003251
67.75499725 6.55299997 379.51800537 -0.989372 -0.138398 0.044608
67.80699921 6.25299978 379.81799316 -0.994741 -0.085390 0.056557
67.76499939 6.55299997 379.81799316 -0.989903 -0.127915 0.061077
44.81800079 -16.17600060 391.21798706 0.014072 0.930052 -0.367159
44.51800156 -16.22599983 391.21798706 -0.050751 0.938240 -0.342243
44.81800079 -16.29199982 390.91799927 0.075151 0.905911 -0.416746
44.51800156 -16.31500053 390.91799927 -0.018966 0.942001 -0.335074
46.31800079 29.01000023 380.11801147 -0.077763 -0.907236 0.413372
46.61800003 28.98200035 380.11801147 -0.095394 -0.905551 0.413374
45.11800003 -16.20800018 391.21798706 0.138321 0.915152 -0.378635
45.41799927 -16.34099960 391.21798706 0.025416 0.889544 -0.456142
45.41799927 -16.38299942 390.91799927 -0.036775 0.949802 -0.310683
45.11800003 -16.35400009 390.91799927 0.115989 0.929278 -0.350697
45.41799927 -16.10899925 391.51800537 0.001332 0.872392 -0.488806
45.11800003 -16.08200073 391.51800537 0.038765 0.904955 -0.423738
46.01800156 -16.19799995 391.21798706 -0.114099 0.891663 -0.438084
45.71799850 -16.22500038 391.21798706 -0.120104 0.891596 -0.436614
46.01800156 -16.35000038 390.91799927 -0.054983 0.913257 -0.403657
45.71799850 -16.36800003 390.91799927 -0.062957 0.952059 -0.299365
46.01800156 -16.04400063 391.51800537 -0.077763 0.907236 -0.413372
45.71799850 -16.06599998 391.51800537 -0.082316 0.883153 -0.461807
46.01800156 -15.93200016 391.81799316 -0.065951 0.916586 -0.394361
45.71799850 -15.91699982 391.81799316 -0.060722 0.908131 -0.414259
67.82299805 6.25299978 380.11801147 -0.995795 -0.064776 0.064776
67.79799652 6.55299997 380.11801147 -0.990741 -0.122554 0.058414
67.83300018 6.25299978 380.41799927 -0.998613 -0.052559 0.003092
67.81800079 6.55299997 380.41799927 -0.994411 -0.101963 0.027409
67.83599854 5.65299988 380.11801147 -0.996948 -0.055206 0.055206
67.84799957 5.95300007 380.11801147 -0.998339 -0.032681 0.047440
67.85399628 5.65299988 380.41799927 -0.997887 -0.058325 0.028632
67.84400177 5.95300007 380.41799927 -0.999371 -0.035439 -0.001013
28.82999992 20.05299950 375.91799927 0.706734 -0.672411 0.219977
46.61800003 -16.01700020 391.51800537 0.014231 0.919853 -0.392005
46.31800079 -15.99100018 391.51800537 -0.048928 0.921697 -0.384812
28.77700043 20.05299950 376.21798706 0.724551 -0.638937 0.258429
46.61800003 -15.91199970 391.81799316 -0.006465 0.916701 -0.399521
46.31800079 -15.90900040 391.81799316 -0.027413 0.920278 -0.390303
28.31800079 19.67700005 376.51800537 0.695237 -0.666600 0.268867
47.21799850 -16.00499916 391.51800537 -0.108671 0.887714 -0.447385
46.91799927 -16.02700043 391.51800537 -0.046875 0.906687 -0.419192
28.31800079 19.82200050 376.81799316 0.698741 -0.647102 0.304993
47.21799850 -15.83600044 391.81799316 -0.102316 0.890013 -0.444306
46.91799927 -15.88399982 391.81799316 -0.078370 0.900566 -0.427597
28.64500046 20.05299950 376.51800537 0.731721 -0.623318 0.275790
28.55200005 20.05299950 376.81799316 0.705483 -0.651092 0.279953
28.79199982 20.35300064 376.81799316 0.733995 -0.629815 0.254136
47.81800079 -15.52000046 392.41799927 -0.130189 0.911322 -0.390567
47.51800156 -15.53199959 392.41799927 -0.077012 0.917391 -0.390465
47.81800079 -15.63599968 392.11801147 -0.121891 0.903674 -0.410506
47.51800156 -15.67399979 392.11801147 -0.083348 0.911363 -0.403077
47.81800079 -15.77499962 391.81799316 -0.143073 0.902354 -0.406555
47.51800156 -15.80000019 391.81799316 -0.093048 0.895762 -0.434687
47.81800079 -15.92800045 391.51800537 -0.156376 0.893785 -0.420351
48.41799927 -15.67300034 391.81799316 -0.158068 0.921828 -0.353904
48.11800003 -15.73299980 391.81799316 -0.175247 0.910427 -0.374714
48.41799927 -15.76700020 391.51800537 -0.149569 0.921179 -0.359246
48.11800003 -15.82499981 391.51800537 -0.227031 0.882899 -0.411030
48.41799927 -15.40400028 392.41799927 -0.151853 0.906863 -0.393116
48.11800003 -15.43999958 392.41799927 -0.157797 0.905558 -0.393783
48.41799927 -15.55099964 392.11801147 -0.168810 0.893104 -0.416974
48.11800003 -15.59300041 392.11801147 -0.152549 0.899614 -0.409175
48.71799850 -15.34899998 392.41799927 -0.170357 0.903323 -0.393683
49.01800156 -15.41899967 392.11801147 -0.158253 0.902472 -0.400624
48.71799850 -15.47399998 392.11801147 -0.190431 0.894006 -0.405573
49.01800156 -15.30000019 392.41799927 -0.154797 0.907477 -0.390542
49.31800079 -15.35099983 392.11801147 -0.180800 0.898214 -0.400653
49.61800003 -15.19200039 392.41799927 -0.195626 0.899880 -0.389803
49.31800079 -15.24899960 392.41799927 -0.148038 0.912195 -0.382079
49.61800003 -15.31599998 392.11801147 -0.172777 0.922881 -0.344149
67.92299652 5.65299988 382.21798706 -0.998461 -0.053210 0.015650
67.91500092 5.65299988 381.91799927 -0.998151 -0.049749 0.034930
67.90499878 5.95300007 381.91799927 -0.999225 -0.027842 0.027842
67.90699768 5.95300007 382.21798706 -0.999721 -0.023063 0.005014
28.91799927 20.36000061 376.51800537 0.676482 -0.663504 0.319585
62.39599991 21.25300026 381.91799927 -0.776476 -0.564566 0.279911
62.18700027 21.55299950 381.91799927 -0.756904 -0.587995 0.285233
62.50099945 21.25300026 382.21798706 -0.778761 -0.571092 0.259587
62.28599930 21.55299950 382.21798706 -0.771267 -0.589792 0.239359
67.92600250 5.35300016 381.91799927 -0.998720 0.013482 0.048743
52.91799927 -13.64799976 393.61801147 -0.361693 0.843950 -0.396140
67.93800354 5.05299997 382.21798706 -0.999063 0.036161 0.023763
53.21799850 -13.64200020 393.31799316 -0.401021 0.838213 -0.369569
52.91799927 -13.76599979 393.31799316 -0.336277 0.874929 -0.348450
67.94000244 5.35300016 382.21798706 -0.999238 -0.015373 0.035870
67.91100311 5.05299997 381.91799927 -0.997237 0.031063 0.067482
53.21799850 -13.51000023 393.61801147 -0.373779 0.846086 -0.380035
67.92800140 5.65299988 382.51800537 -0.998081 -0.057845 -0.022086
60.41799927 -8.99699974 393.01800537 -0.677187 0.680389 -0.280160
67.90100098 5.95300007 382.51800537 -0.999619 -0.025268 -0.011118
67.91400146 5.65299988 382.81799316 -0.998919 -0.046199 0.005133
67.89499664 5.95300007 382.81799316 -0.999388 -0.027619 0.021481
53.81800079 -12.98700047 394.21798706 -0.332721 0.866301 -0.372586
53.51800156 -13.11200047 394.21798706 -0.386385 0.843165 -0.373871
53.81800079 -13.13000011 393.91799927 -0.357483 0.858887 -0.366768
53.51800156 -13.26000023 393.91799927 -0.361681 0.855307 -0.370995
60.11800003 -9.28499985 393.01800537 -0.657856 0.693242 -0.294347
53.81800079 -13.24899960 393.61801147 -0.385095 0.849703 -0.360149
53.51800156 -13.38500023 393.61801147 -0.354327 0.866643 -0.351259
53.81800079 -13.38599968 393.31799316 -0.357954 0.864927 -0.351809
53.51800156 -13.48700047 393.31799316 -0.364457 0.865778 -0.342928
29.24300003 20.65299988 376.51800537 0.676482 -0.663504 0.319585
29.50399971 20.95299911 376.51800537 0.685314 -0.656152 0.315925
29.07099915 20.65299988 376.81799316 0.679129 -0.666223 0.308108
29.35799980 20.95299911 376.81799316 0.699611 -0.648145 0.300752
67.94400024 5.05299997 382.51800537 -0.999505 0.031329 -0.003032
67.94400024 5.35300016 382.51800537 -0.999319 -0.035726 -0.009187
67.94699860 5.05299997 382.81799316 -0.998927 0.038380 -0.025933
67.92299652 5.35300016 382.81799316 -0.999769 -0.017081 -0.013062
60.41799927 -9.13399982 392.71798706 -0.673364 0.682961 -0.283101
67.92299652 5.05299997 383.11801147 -0.999291 0.037537 0.003044
67.92600250 5.35300016 383.11801147 -0.999707 -0.007047 0.023155
67.93800354 5.05299997 383.41799927 -0.998757 0.021871 0.044783
67.94999695 5.35300016 383.41799927 -0.999964 0.004945 0.006924
29.51799965 21.11899948 376.81799316 0.674325 -0.674325 0.300952
67.94400024 5.05299997 383.71798706 -0.999768 -0.013089 0.017116
67.92800140 5.35300016 383.71798706 -0.999880 -0.010966 -0.010966
67.94400024 5.05299997 384.01800537 -0.999371 -0.035439 0.001013
67.92700195 5.35300016 384.01800537 -0.999844 -0.004984 0.016947
28.94599915 20.65299988 377.11801147 0.705999 -0.655001 0.269331
29.21800041 20.91900063 377.11801147 0.681831 -0.678638 0.273052
55.91799927 -11.77000046 394.51800537 -0.461530 0.809674 -0.362517
29.12199974 20.95299911 377.41799927 0.701125 -0.649784 0.293606
56.21799850 -11.46700001 394.81799316 -0.484996 0.813592 -0.320698
55.91799927 -11.64099979 394.81799316 -0.478730 0.824044 -0.302934
56.21799850 -11.60200024 394.51800537 -0.484165 0.800549 -0.353137
56.51800156 -11.29599953 394.81799316 -0.484237 0.815475 -0.317041
56.81800079 -11.23099995 394.51800537 -0.516302 0.791237 -0.327684
56.51800156 -11.41100025 394.51800537 -0.490902 0.805461 -0.332034
67.94100189 5.05299997 384.31799316 -0.999984 -0.004926 0.002956
67.94300079 5.35300016 384.31799316 -0.998978 0.023859 0.038382
67.93599701 5.05299997 384.61801147 -0.998948 0.028008 0.036307
67.96499634 5.35300016 384.61801147 -0.998901 0.019708 0.042528
29.38199997 21.25300026 377.41799927 0.662804 -0.685381 0.301568
25.37299919 15.85299969 377.11801147 0.824406 -0.513135 0.238847
25.59499931 16.15299988 377.11801147 0.817851 -0.529378 0.225561
56.81800079 -11.10799980 394.81799316 -0.533170 0.779741 -0.328228
25.50399971 16.15299988 377.41799927 0.829109 -0.524045 0.194818
57.41799927 -10.69099998 394.81799316 -0.515533 0.793251 -0.324004
57.11800003 -10.89599991 394.81799316 -0.536015 0.779222 -0.324809
57.41799927 -10.81000042 394.51800537 -0.514758 0.795245 -0.320329
57.11800003 -11.01399994 394.51800537 -0.546136 0.768457 -0.333481
25.51700020 15.85299969 376.51800537 0.849940 -0.506441 0.145327
25.72500038 16.15299988 376.51800537 0.845746 -0.513331 0.145615
25.46299934 15.85299969 376.81799316 0.849417 -0.489875 0.196250
25.66399956 16.15299988 376.81799316 0.835148 -0.520281 0.178425
30.41799927 -9.82699966 392.71798706 0.720445 0.691912 -0.047079
57.71799850 -10.63300037 394.51800537 -0.535232 0.781279 -0.321139
25.88400078 16.45299911 376.51800537 0.828495 -0.531855 0.175287
25.83699989 16.45299911 376.81799316 0.848884 -0.496799 0.180518
67.97699738 5.05299997 384.91799927 -0.998676 0.050605 0.009295
67.97100067 5.35300016 384.91799927 -0.999777 0.019091 0.009043
67.95999908 5.05299997 385.21798706 -0.997954 0.058205 -0.026457
67.96700287 5.35300016 385.21798706 -0.999816 0.018940 0.002990
22.29000092 4.75299978 389.41799927 0.993893 0.103276 -0.038867
22.28300095 4.75299978 389.11801147 0.994140 0.106085 -0.020780
22.33799934 4.45300007 389.41799927 0.989259 0.136727 -0.051703
22.33200073 4.45300007 389.11801147 0.989919 0.137205 -0.035152
30.22900009 -9.64700031 392.71798706 0.659036 0.726946 -0.192926
30.11800003 -9.54399967 392.71798706 0.611423 0.739135 -0.282563
58.01800156 -9.99400043 395.41799927 -0.553506 0.760062 -0.340495
57.71799850 -10.21800041 395.41799927 -0.554189 0.752462 -0.355916
58.01800156 -10.15299988 395.11801147 -0.566473 0.745017 -0.352219
57.71799850 -10.37100029 395.11801147 -0.544169 0.763775 -0.347170
61.94800186 22.45299911 383.41799927 -0.724358 -0.632022 0.275415
58.01800156 -10.27799988 394.81799316 -0.563187 0.762147 -0.319300
57.71799850 -10.49800014 394.81799316 -0.544589 0.772706 -0.326111
58.01800156 -10.39500046 394.51800537 -0.563187 0.762147 -0.319300
67.94599915 4.75299978 384.91799927 -0.996878 0.078950 0.001053
29.53700066 21.25300026 377.11801147 0.694934 -0.649788 0.307964
67.92900085 4.75299978 385.21798706 -0.994639 0.101316 -0.020699
29.81800079 21.55900002 377.11801147 0.671016 -0.702446 0.237291
29.81800079 21.65200043 377.41799927 0.623030 -0.745439 0.236971
61.84400177 22.45299911 383.11801147 -0.748376 -0.623387 0.226544
25.91799927 16.35700035 375.91799927 0.840965 -0.537712 0.060370
61.59600067 22.75300026 383.11801147 -0.742667 -0.619677 0.253863
61.68999863 22.75300026 383.41799927 -0.744967 -0.615270 0.257812
67.89499664 4.45300007 384.91799927 -0.996168 0.086670 -0.011770
67.91200256 4.45300007 385.21798706 -0.996275 0.084721 -0.016086
30.30699921 -9.64700031 393.01800537 0.712692 0.678973 -0.176257
58.61800003 -9.57100010 395.41799927 -0.560411 0.762737 -0.322758
58.31800079 -9.78499985 395.41799927 -0.544462 0.777575 -0.314543
58.61800003 -9.70400047 395.11801147 -0.564031 0.768552 -0.301988
58.31800079 -9.91600037 395.11801147 -0.563353 0.757056 -0.330909
58.91799927 -9.35599995 395.41799927 -0.594487 0.733795 -0.328831
58.91799927 -9.47900009 395.11801147 -0.592374 0.752044 -0.289002
61.80199814 22.75300026 383.71798706 -0.725263 -0.612193 0.314981
59.21799850 -9.09000015 395.41799927 -0.626876 0.717120 -0.304575
59.21799850 -9.22099972 395.11801147 -0.631103 0.711806 -0.308288
62.06700134 22.45299911 383.71798706 -0.745528 -0.605642 0.278182
59.51800156 -8.82699966 395.41799927 -0.634692 0.717825 -0.286171
59.51800156 -8.93900013 395.11801147 -0.639774 0.704235 -0.307801
62.17399979 22.45299911 384.01800537 -0.774318 -0.572459 0.269671
61.95199966 22.75300026 384.01800537 -0.747767 -0.586957 0.310364
67.92500305 4.75299978 385.51800537 -0.995430 0.080294 -0.051696
67.90100098 4.45300007 385.51800537 -0.997429 0.061067 -0.037497
67.88500214 4.45300007 385.81799316 -0.997514 0.070277 0.005245
67.89399719 4.75299978 385.81799316 -0.998216 0.057610 -0.015712
61.56000137 23.05299950 383.71798706 -0.737082 -0.602192 0.306716
61.70199966 23.05299950 384.01800537 -0.718903 -0.608552 0.335921
61.44800186 23.35300064 384.01800537 -0.729036 -0.609944 0.310605
59.81800079 -8.56000042 395.41799927 -0.634511 0.714829 -0.293963
59.81800079 -8.68000031 395.11801147 -0.637021 0.714041 -0.290430
67.95400238 5.05299997 385.51800537 -0.995589 0.088327 -0.031623
67.96700287 5.35300016 385.51800537 -0.998824 0.046577 -0.013456
67.93000031 5.05299997 385.81799316 -0.996438 0.080618 -0.024723
67.97299957 5.35300016 385.81799316 -0.995271 0.094426 -0.022792
61.31299973 23.65299988 384.31799316 -0.700056 -0.635086 0.326476
60.59400177 -7.54699993 396.01800537 -0.686266 0.679926 -0.258340
61.84400177 23.05299950 384.31799316 -0.744588 -0.611229 0.268306
61.56800079 23.35300064 384.31799316 -0.722689 -0.636920 0.268427
67.93299866 4.75299978 386.11801147 -0.999326 0.029724 0.021524
61.66999817 23.35300064 384.61801147 -0.748757 -0.620577 0.232912
67.92099762 4.75299978 386.41799927 -0.999658 0.015192 -0.021269
67.90599823 4.45300007 386.11801147 -0.997038 0.073578 0.022393
67.91000366 4.45300007 386.41799927 -0.994381 0.100209 -0.034137
60.89099884 -7.24700022 396.01800537 -0.689415 0.676736 -0.258332
61.01599884 -7.24700022 395.71798706 -0.686975 0.667759 -0.286640
60.71799850 -7.54099989 395.71798706 -0.679001 0.669324 -0.301599
30.11800003 -9.31599998 393.31799316 0.621803 0.703405 -0.344358
61.76200104 -6.04699993 396.61801147 -0.744469 0.636126 -0.202756
61.54100037 -6.34700012 396.61801147 -0.739701 0.629766 -0.237144
29.51799965 21.49200058 377.71798706 0.658337 -0.717760 0.226743
61.87400055 -6.04699993 396.31799316 -0.712345 0.645413 -0.275695
61.64599991 -6.34700012 396.31799316 -0.741804 0.622107 -0.250418
61.74399948 -6.34700012 396.01800537 -0.725816 0.630104 -0.275970
61.86000061 -6.34700012 395.71798706 -0.741719 0.614658 -0.268417
29.81800079 21.75099945 377.71798706 0.639342 -0.721838 0.264938
29.51799965 21.57299995 378.01800537 0.632645 -0.736255 0.240185
30.11800003 22.04000092 377.71798706 0.670071 -0.666826 0.326112
67.88999939 4.45300007 386.71798706 -0.996175 0.083105 -0.026982
67.91300201 4.75299978 386.71798706 -0.999156 0.031965 -0.025778
67.88500214 4.45300007 387.01800537 -0.997340 0.072515 -0.007357
67.89600372 4.75299978 387.01800537 -0.998605 0.052558 -0.005153
30.41799927 22.31999969 377.71798706 0.627736 -0.720853 0.293800
30.41799927 22.44499969 378.01800537 0.645644 -0.700387 0.304306
29.81800079 21.85700035 378.01800537 0.681831 -0.678638 0.273052
30.07600021 22.15299988 378.01800537 0.685276 -0.672497 0.279542
67.88300323 4.45300007 387.31799316 -0.998380 0.053317 -0.019863
67.89499664 4.75299978 387.31799316 -0.997384 0.072214 -0.003140
67.87799835 4.45300007 387.61801147 -0.997261 0.071157 -0.020179
67.88200378 4.75299978 387.61801147 -0.995963 0.088983 -0.011793
67.81500244 3.85299993 387.31799316 -0.989470 0.138411 -0.042324
67.85900116 4.15299988 387.31799316 -0.993988 0.106538 -0.025262
67.80899811 3.85299993 387.61801147 -0.987456 0.154828 -0.030966
67.85199738 4.15299988 387.61801147 -0.993691 0.107456 -0.032126
64.91799927 16.98800087 373.51800537 -0.684433 -0.671610 -0.283711
23.66399956 0.55299997 392.71798706 0.905340 0.259717 -0.336017
24.03100014 -0.34700000 393.01800537 0.917300 0.336296 -0.213226
23.86499977 -0.04700000 392.71798706 0.932399 0.288298 -0.217982
23.95599937 -0.34700000 392.71798706 0.911524 0.380155 -0.156867
23.82500076 -0.04700000 392.41799927 0.928182 0.346172 -0.136538
23.94099998 -0.34700000 392.41799927 0.922738 0.351453 -0.158224
23.76600075 -0.04700000 392.11801147 0.915607 0.352816 -0.192835
23.88100052 -0.34700000 392.11801147 0.920444 0.337164 -0.197746
67.85800171 4.45300007 387.91799927 -0.996423 0.080791 -0.024776
67.90200043 4.75299978 387.91799927 -0.993988 0.106538 -0.025262
67.84500122 4.45300007 388.21798706 -0.994717 0.097607 -0.031805
23.57799911 0.55299997 392.41799927 0.911905 0.365048 -0.187535
67.88800049 4.75299978 388.21798706 -0.993456 0.111364 -0.025360
23.70499992 0.25299999 392.41799927 0.923326 0.344315 -0.170049
23.54299927 0.55299997 392.11801147 0.926293 0.339501 -0.163463
23.65399933 0.25299999 392.11801147 0.915205 0.357257 -0.186457
67.79900360 3.85299993 387.91799927 -0.983315 0.173944 -0.053248
67.84100342 4.15299988 387.91799927 -0.993394 0.106156 -0.043580
67.77999878 3.85299993 388.21798706 -0.981807 0.183571 -0.048557
67.83300018 4.15299988 388.21798706 -0.993211 0.110357 -0.036786
67.21399689 13.15299988 385.81799316 -0.969936 -0.214273 0.115378
23.58399963 0.25299999 391.81799316 0.916265 0.344493 -0.204409
23.69400024 -0.04700000 391.81799316 0.912713 0.356775 -0.199163
23.81299973 -0.34700000 391.81799316 0.920643 0.343650 -0.185260
23.63599968 -0.04700000 391.51800537 0.924182 0.340783 -0.172495
23.76099968 -0.34700000 391.51800537 0.921122 0.343829 -0.182526
67.76699829 3.85299993 388.51800537 -0.982379 0.186293 -0.015042
67.81999969 4.15299988 388.51800537 -0.993586 0.111132 -0.020906
67.77500153 3.85299993 388.81799316 -0.985063 0.169759 -0.028871
67.81099701 4.15299988 388.81799316 -0.993247 0.112087 -0.029964
30.41799927 22.58099937 378.31799316 0.647190 -0.707914 0.282846
30.41799927 22.68400002 378.61801147 0.642644 -0.715997 0.272685
23.58799934 -0.04700000 391.21798706 0.932449 0.320053 -0.167647
23.67799950 -0.34700000 391.21798706 0.921048 0.340972 -0.188171
23.53000069 -0.04700000 390.91799927 0.941542 0.296538 -0.159885
23.61899948 -0.34700000 390.91799927 0.928812 0.332813 -0.162925
67.75900269 3.85299993 389.11801147 -0.984723 0.165885 -0.052942
67.79000092 4.15299988 389.11801147 -0.993160 0.106370 -0.048146
67.74500275 3.85299993 389.41799927 -0.982952 0.170792 -0.068078
67.77899933 4.15299988 389.41799927 -0.990633 0.124543 -0.055987
23.47699928 -0.04700000 390.61801147 0.942258 0.295904 -0.156816
23.42499924 -0.04700000 390.31799316 0.942116 0.302290 -0.145045
62.56600189 20.35300064 380.41799927 -0.757242 -0.595992 0.267169
23.58499908 -0.34700000 390.61801147 0.930047 0.329479 -0.162654
23.52499962 -0.34700000 390.31799316 0.935828 0.319250 -0.149349
23.39200020 -0.04700000 390.01800537 0.951415 0.284498 -0.117769
23.48699951 -0.34700000 390.01800537 0.942785 0.301637 -0.142026
23.35099983 -0.04700000 389.71798706 0.954089 0.276909 -0.114176
23.43499947 -0.34700000 389.71798706 0.947804 0.290090 -0.132345
30.71800041 22.83900070 378.31799316 0.623318 -0.731721 0.275790
62.77500153 20.05299950 380.41799927 -0.788075 -0.563357 0.248127
30.71800041 22.97200012 378.61801147 0.632727 -0.707165 0.315554
67.70999908 3.85299993 389.71798706 -0.979971 0.182912 -0.078737
67.76100159 4.15299988 389.71798706 -0.988729 0.137613 -0.058977
67.69899750 3.85299993 390.01800537 -0.977709 0.199903 -0.064211
67.73600006 4.15299988 390.01800537 -0.983840 0.174307 -0.040945
23.31299973 -0.04700000 389.41799927 0.955740 0.264971 -0.127871
23.40600014 -0.34700000 389.41799927 0.952992 0.274366 -0.128568
62.69100189 20.05299950 380.11801147 -0.772387 -0.573367 0.273257
23.27199936 -0.04700000 389.11801147 0.948017 0.281043 -0.149262
23.36199951 -0.34700000 389.11801147 0.948945 0.282408 -0.140535
30.71800041 22.56299973 377.71798706 0.623000 -0.707585 0.333459
23.49399948 -0.64700001 389.41799927 0.939322 0.307638 -0.151768
23.43499947 -0.64700001 389.11801147 0.950019 0.272778 -0.151842
31.01799965 22.83300018 377.71798706 0.593852 -0.733011 0.331716
30.71800041 22.73900032 378.01800537 0.624886 -0.709286 0.326239
31.01799965 22.97400093 378.01800537 0.569259 -0.761685 0.309484
67.28700256 12.85299969 385.81799316 -0.964717 -0.233129 0.122361
67.60900116 3.25300002 389.71798706 -0.987642 0.149362 -0.047472
67.64800262 3.55299997 389.71798706 -0.981440 0.180949 -0.063512
67.59700012 3.25300002 390.01800537 -0.986508 0.140592 -0.083883
67.61799622 3.55299997 390.01800537 -0.982897 0.166817 -0.078008
45.71799850 -14.01000023 396.31799316 -0.047464 0.890965 -0.451585
64.64499664 18.55299950 383.41799927 -0.841033 -0.491236 0.226607
64.80899811 18.25300026 383.41799927 -0.854207 -0.474560 0.212422
64.57800293 18.55299950 383.11801147 -0.842530 -0.494627 0.213279
64.74500275 18.25300026 383.11801147 -0.853569 -0.469840 0.225100
23.40699959 -0.64700001 388.81799316 0.953619 0.257410 -0.156047
23.47699928 -0.94700003 388.81799316 0.948841 0.268591 -0.166013
23.34199905 -0.64700001 388.51800537 0.950709 0.260265 -0.168565
23.42799950 -0.94700003 388.51800537 0.951914 0.271022 -0.142854
67.66300201 3.85299993 390.31799316 -0.978451 0.198579 -0.056565
67.73799896 4.15299988 390.31799316 -0.979467 0.194937 -0.051425
67.64600372 3.85299993 390.61801147 -0.978710 0.203751 -0.024733
46.01800156 -13.98200035 396.31799316 -0.075151 0.905911 -0.416746
67.70800018 4.15299988 390.61801147 -0.977215 0.210166 -0.029685
23.21599960 -0.04700000 388.81799316 0.941478 0.291899 -0.168562
23.32399940 -0.34700000 388.81799316 0.946003 0.282853 -0.158344
23.15900040 -0.04700000 388.51800537 0.943956 0.289299 -0.158911
23.26700020 -0.34700000 388.51800537 0.944606 0.282155 -0.167657
60.66199875 -8.74699974 393.01800537 -0.702765 0.661519 -0.261752
45.71799850 -13.85099983 396.61801147 -0.014327 0.913018 -0.407667
23.29100037 -0.64700001 388.21798706 0.953448 0.267285 -0.139626
23.38800049 -0.94700003 388.21798706 0.946512 0.294023 -0.132914
23.24600029 -0.64700001 387.91799927 0.955175 0.271969 -0.116933
23.34499931 -0.94700003 387.91799927 0.943847 0.304770 -0.127547
67.55999756 3.25300002 390.31799316 -0.983905 0.161003 -0.077520
67.60199738 3.55299997 390.31799316 -0.983508 0.167684 -0.067787
67.54599762 3.25300002 390.61801147 -0.979553 0.191573 -0.061448
67.59700012 3.55299997 390.61801147 -0.981611 0.187366 -0.036531
23.12800026 -0.04700000 388.21798706 0.951665 0.283784 -0.117473
23.20700073 -0.34700000 388.21798706 0.953360 0.269169 -0.136573
23.08600044 -0.04700000 387.91799927 0.951271 0.282595 -0.123387
23.18000031 -0.34700000 387.91799927 0.957913 0.260061 -0.121536
61.12400055 20.95299911 378.01800537 -0.712582 -0.638922 0.289837
60.71799850 21.24699974 377.71798706 -0.677385 -0.667684 0.308784
61.00699997 20.95299911 377.71798706 -0.701783 -0.650394 0.290670
61.26499939 20.65299988 377.71798706 -0.731869 -0.620255 0.282224
23.04299927 -0.04700000 387.61801147 0.946031 0.280959 -0.161517
23.14500046 -0.34700000 387.61801147 0.951908 0.266427 -0.151288
22.98600006 -0.04700000 387.31799316 0.950663 0.272193 -0.148834
23.07500076 -0.34700000 387.31799316 0.950019 0.272778 -0.151842
23.20800018 -0.64700001 387.61801147 0.950532 0.278627 -0.137314
23.31100082 -0.94700003 387.61801147 0.944769 0.304202 -0.121949
23.16600037 -0.64700001 387.31799316 0.942785 0.301637 -0.142026
23.27199936 -0.94700003 387.31799316 0.944719 0.299676 -0.133040
58.61800003 22.20700073 375.61801147 -0.559209 -0.753716 0.345251
58.31800079 22.42499924 375.61801147 -0.591869 -0.731323 0.338906
58.31800079 22.27199936 375.31799316 -0.602192 -0.737082 0.306716
58.61800003 22.06999969 375.31799316 -0.590693 -0.741988 0.317075
46.01800156 -13.84700012 396.61801147 -0.041039 0.917409 -0.395823
57.71799850 22.60400009 375.01800537 -0.546788 -0.745917 0.380303
57.71799850 22.47200012 374.71798706 -0.517063 -0.789202 0.331369
22.95400047 -0.04700000 387.01800537 0.964116 0.240707 -0.111987
23.02700043 -0.34700000 387.01800537 0.954276 0.268680 -0.131031
22.92200089 -0.04700000 386.71798706 0.965620 0.218460 -0.140900
22.97999954 -0.34700000 386.71798706 0.952539 0.265856 -0.148291
67.51300049 3.25300002 390.91799927 -0.975925 0.198640 -0.090066
23.37400055 11.95300007 378.61801147 0.960065 -0.255931 0.113025
67.58799744 3.55299997 390.91799927 -0.973103 0.220209 -0.067662
67.47899628 3.25300002 391.21798706 -0.978623 0.192814 -0.071547
67.54199982 3.55299997 391.21798706 -0.967620 0.239709 -0.079066
23.24600029 11.65299988 378.61801147 0.931125 -0.306641 0.197427
23.12500000 -0.64700001 387.01800537 0.938116 0.312705 -0.148842
23.23900032 -0.94700003 387.01800537 0.946031 0.280959 -0.161517
23.07799911 -0.64700001 386.71798706 0.937477 0.311577 -0.155102
23.17099953 -0.94700003 386.71798706 0.950233 0.258172 -0.174367
23.37899971 11.95300007 378.31799316 0.952431 -0.272313 0.136821
67.65499878 3.85299993 390.91799927 -0.975627 0.216673 -0.034716
67.71600342 4.15299988 390.91799927 -0.980379 0.196541 -0.015119
67.64399719 3.85299993 391.21798706 -0.970155 0.226578 -0.086375
67.70200348 4.15299988 391.21798706 -0.979212 0.182151 -0.089242
23.29299927 11.65299988 378.31799316 0.949921 -0.279231 0.140284
23.03499985 -0.64700001 386.41799927 0.942774 0.307982 -0.127765
23.12400055 -0.94700003 386.41799927 0.961173 0.243880 -0.129113
23.00200081 -0.64700001 386.11801147 0.945888 0.294665 -0.135896
23.09300041 -0.94700003 386.11801147 0.957018 0.254765 -0.138603
31.01799965 23.08600044 378.31799316 0.584255 -0.748426 0.313856
31.01799965 23.21500015 378.61801147 0.600415 -0.714936 0.358286
22.90800095 -0.64700001 385.51800537 0.963714 0.229579 -0.136191
22.93400002 -0.64700001 385.81799316 0.952522 0.270436 -0.139881
23.03000069 -0.94700003 385.81799316 0.953868 0.252849 -0.161877
22.97599983 -0.94700003 385.51800537 0.952233 0.268442 -0.145573
67.47100067 3.25300002 391.51800537 -0.981068 0.188621 -0.043893
67.52899933 3.55299997 391.51800537 -0.970640 0.236234 -0.045288
67.46099854 3.25300002 391.81799316 -0.973503 0.212062 -0.085569
67.52100372 3.55299997 391.81799316 -0.972674 0.221231 -0.070448
22.85199928 -0.64700001 385.21798706 0.972362 0.207555 -0.106922
22.84900093 -0.64700001 384.91799927 0.972499 0.207048 -0.106661
22.89500046 -0.94700003 384.91799927 0.968431 0.216202 -0.124092
22.92499924 -0.94700003 385.21798706 0.964312 0.231694 -0.128143
67.17299652 13.15299988 385.51800537 -0.971491 -0.218804 0.091273
66.11799622 15.47399998 374.11801147 -0.785194 -0.142083 0.602730
22.86199951 -1.24699998 384.31799316 0.954533 0.213461 -0.208091
22.79999924 -0.64700001 384.61801147 0.966256 0.206221 -0.154342
22.86000061 -0.94700003 384.61801147 0.971015 0.182464 -0.154393
22.74900055 -0.64700001 384.31799316 0.965411 0.199336 -0.168068
22.80400085 -0.94700003 384.31799316 0.966849 0.172605 -0.188179
67.42099762 3.25300002 392.11801147 -0.964748 0.239586 -0.108903
67.49900055 3.55299997 392.11801147 -0.969818 0.221275 -0.102419
67.39099884 3.25300002 392.41799927 -0.961744 0.261136 -0.082799
67.47100067 3.55299997 392.41799927 -0.971373 0.225120 -0.075869
22.70000076 -0.64700001 384.01800537 0.968657 0.184445 -0.166387
22.73800087 -0.94700003 384.01800537 0.971607 0.154082 -0.179550
22.65600014 -0.64700001 383.71798706 0.965169 0.188866 -0.181051
22.68799973 -0.94700003 383.71798706 0.972207 0.080707 -0.219771
22.79000092 -1.24699998 384.01800537 0.961495 0.180692 -0.207071
22.86899948 -1.54700005 384.01800537 0.956804 0.180151 -0.228192
22.73999977 -1.24699998 383.71798706 0.945752 0.085262 -0.313502
22.77499962 -1.54700005 383.71798706 0.912450 0.132745 -0.387058
22.61800003 -1.24699998 383.47198486 0.817077 -0.140875 -0.559053
22.61800003 -1.05999994 383.41799927 0.893947 -0.138298 -0.426300
22.57299995 -1.24699998 383.41799927 0.781739 -0.198123 -0.591296
67.36499786 3.25300002 392.71798706 -0.957847 0.275686 -0.080782
67.45999908 3.55299997 392.71798706 -0.970628 0.229918 -0.070840
67.34100342 3.25300002 393.01800537 -0.955394 0.283128 -0.084033
67.43000031 3.55299997 393.01800537 -0.972207 0.219771 -0.080707
62.43999863 20.35300064 380.11801147 -0.752447 -0.600373 0.270881
31.31800079 23.31699944 378.31799316 0.604518 -0.718578 0.343809
67.25399780 12.85299969 385.51800537 -0.970442 -0.222210 0.094157
31.61800003 23.58399963 378.31799316 0.588591 -0.743398 0.317678
31.31800079 23.47100067 378.61801147 0.585662 -0.725959 0.360533
67.33399963 3.25300002 393.31799316 -0.954282 0.284337 -0.092182
67.40000153 3.55299997 393.31799316 -0.980714 0.162435 -0.108697
67.14800262 2.65300012 393.31799316 -0.972719 0.219326 -0.075587
67.22100067 2.95300007 393.31799316 -0.960274 0.270196 -0.069769
67.14399719 2.65300012 393.61801147 -0.978450 0.204682 -0.027212
67.19000244 2.95300007 393.61801147 -0.971050 0.213404 -0.107333
31.31800079 23.61800003 378.91799927 0.557179 -0.771110 0.308125
30.71800041 23.11100006 378.91799927 0.653904 -0.689425 0.311614
31.01799965 23.39200020 378.91799927 0.610045 -0.714159 0.343252
30.83900070 23.35300064 379.21798706 0.633564 -0.725661 0.268352
31.01799965 23.50799942 379.21798706 0.595698 -0.762304 0.253054
31.61800003 23.82900047 378.91799927 0.564868 -0.766492 0.305637
31.31800079 23.70599937 379.21798706 0.573859 -0.773050 0.270330
31.61800003 23.94799995 379.21798706 0.586127 -0.749921 0.306713
61.01800156 -8.36999989 393.01800537 -0.677642 0.693438 -0.244836
31.61800003 23.69700050 378.61801147 0.558989 -0.761965 0.327017
61.04800034 -8.44699955 392.71798706 -0.691327 0.668975 -0.273018
60.77600098 -8.74699974 392.71798706 -0.704639 0.653509 -0.276423
62.57600021 20.05299950 379.81799316 -0.765843 -0.571596 0.294555
62.77799988 21.85300064 384.31799316 -0.757628 -0.585367 0.288696
62.54600143 22.15299988 384.31799316 -0.725870 -0.606238 0.324944
62.88999939 21.85300064 384.61801147 -0.768465 -0.575160 0.280450
62.66199875 22.15299988 384.61801147 -0.757628 -0.585367 0.288696
61.25299835 -8.14700031 393.01800537 -0.686627 0.683470 -0.247817
67.60099792 8.05300045 380.11801147 -0.980497 -0.180141 0.078585
67.54000092 8.35299969 380.11801147 -0.988281 -0.123095 0.090270
67.62100220 8.05300045 380.41799927 -0.982827 -0.144213 0.115128
67.60099792 8.35299969 380.41799927 -0.985998 -0.098719 0.134400
62.34899902 20.35300064 379.81799316 -0.768411 -0.578289 0.274093
44.81800079 -15.47000027 393.01800537 -0.019654 0.910639 -0.412736
44.51800156 -15.45600033 393.01800537 0.075649 0.895412 -0.438765
44.81800079 -15.58699989 392.71798706 -0.035637 0.914695 -0.402571
44.51800156 -15.59799957 392.71798706 0.046751 0.909645 -0.412747
50.51800156 -15.59700012 390.91799927 -0.258115 0.870951 -0.418117
50.81800079 -15.51700020 390.91799927 -0.244476 0.890486 -0.383753
50.51800156 -15.45499992 391.21798706 -0.233827 0.883181 -0.406591
50.81800079 -15.37500000 391.21798706 -0.233871 0.880366 -0.412625
62.22600174 20.35300064 379.51800537 -0.770573 -0.570383 0.284397
62.45199966 20.05299950 379.51800537 -0.768575 -0.571260 0.288017
60.83300018 -8.44699955 393.31799316 -0.688971 0.673059 -0.268905
32.21799850 -9.94699955 395.90701294 0.367120 0.864805 -0.342543
32.21799850 -9.91899967 396.01800537 0.425680 0.814692 -0.393794
45.41799927 -15.43299961 393.01800537 -0.057418 0.917352 -0.393914
45.11800003 -15.47900009 393.01800537 -0.049323 0.915805 -0.398582
45.41799927 -15.55000019 392.71798706 -0.065670 0.920727 -0.384641
45.11800003 -15.54800034 392.71798706 -0.054545 0.919284 -0.389798
32.21799850 -9.98799992 395.71798706 0.421101 0.895018 -0.147028
21.96599960 5.35300016 381.01800537 0.980842 -0.169363 -0.096257
21.91600037 5.05299997 381.01800537 0.976528 -0.133788 -0.168798
21.95999908 5.35300016 380.71798706 0.900459 -0.309025 -0.306067
21.77000046 5.05299997 380.71798706 0.903901 -0.274845 -0.327756
47.81800079 -16.54700089 390.12600708 -0.149332 0.731575 -0.665205
46.31800079 -13.70499992 396.91799927 -0.066407 0.909375 -0.410642
46.91799927 -17.14699936 389.80300903 -0.536163 0.512633 -0.670624
47.21799850 -16.84700012 389.99499512 -0.052840 0.675492 -0.735472
46.91799927 -16.84700012 390.07101440 -0.095210 0.669398 -0.736778
46.61800003 -13.67599964 396.91799927 -0.063722 0.907025 -0.416228
46.31800079 -13.55000019 397.21798706 -0.071561 0.916789 -0.392909
62.12500000 20.65299988 379.81799316 -0.760008 -0.592522 0.267030
28.91799927 -6.86800003 396.01800537 0.689961 0.647752 -0.323064
46.61800003 -13.55200005 397.21798706 -0.074559 0.912327 -0.402617
67.75099945 7.45300007 380.71798706 -0.990221 -0.119011 0.072793
67.70600128 7.75299978 380.71798706 -0.984084 -0.161032 0.075148
62.00500107 20.65299988 379.51800537 -0.738552 -0.603978 0.299586
46.61800003 -15.06999969 393.61801147 -0.071783 0.911510 -0.404965
46.31800079 -15.11999989 393.61801147 -0.097420 0.915198 -0.391052
46.61800003 -15.21700001 393.31799316 -0.066848 0.901772 -0.427011
46.31800079 -15.25100040 393.31799316 -0.083820 0.902783 -0.421849
67.77400208 7.45300007 381.01800537 -0.990913 -0.122293 0.056003
67.71800232 7.75299978 381.01800537 -0.989089 -0.137022 0.054118
61.52700043 -7.84700012 393.01800537 -0.734581 0.630318 -0.251179
61.61800003 -7.84700012 392.71798706 -0.724358 0.632022 -0.275415
64.06400299 -5.44700003 390.61801147 -0.813725 0.546032 -0.199249
63.85200119 -5.74700022 390.61801147 -0.804939 0.557500 -0.203144
64.12000275 -5.44700003 390.31799316 -0.831211 0.529766 -0.168630
63.93299866 -5.74700022 390.31799316 -0.817441 0.540394 -0.199413
47.21799850 -15.06099987 393.61801147 -0.069462 0.905726 -0.418132
46.91799927 -15.06400013 393.61801147 -0.038571 0.908409 -0.416299
47.21799850 -15.20400047 393.31799316 -0.083578 0.908397 -0.409669
46.91799927 -15.21500015 393.31799316 -0.036054 0.904019 -0.425970
48.11800003 -12.35599995 399.61801147 -0.129583 0.889997 -0.437166
48.41799927 -12.44900036 399.31799316 -0.167819 0.902207 -0.397315
48.11800003 -12.49600029 399.31799316 -0.133133 0.909507 -0.393793
61.27399826 -7.84700012 393.61801147 -0.724358 0.632022 -0.275415
49.01800156 -12.36400032 399.31799316 -0.166992 0.921965 -0.349420
48.71799850 -12.38399982 399.31799316 -0.131279 0.924482 -0.357909
61.02099991 -8.14700031 393.61801147 -0.697466 0.665691 -0.265323
67.66300201 8.05300045 380.71798706 -0.990369 -0.109784 0.084360
61.13700104 -8.14700031 393.31799316 -0.693588 0.668076 -0.269463
31.36400032 -8.74699974 396.91799927 0.670206 0.613662 -0.417424
47.81800079 -14.97399998 393.61801147 -0.115086 0.913753 -0.389628
47.51800156 -15.01299953 393.61801147 -0.106966 0.907131 -0.407028
47.81800079 -15.12399960 393.31799316 -0.110738 0.898522 -0.424730
47.51800156 -15.16100025 393.31799316 -0.110292 0.903276 -0.414642
50.63100052 26.05299950 369.91799927 -0.055848 -0.442698 -0.894930
67.65200043 8.35299969 380.71798706 -0.990255 -0.100763 0.096130
67.68599701 8.05300045 381.01800537 -0.992873 -0.106821 0.052848
67.64900208 8.35299969 381.01800537 -0.993007 -0.110582 0.041329
48.11800003 -14.83199978 393.91799927 -0.170108 0.904859 -0.390247
22.24099922 5.95300007 390.01800537 0.997021 0.061571 -0.046448
22.25200081 5.65299988 390.01800537 0.995386 0.084690 -0.045095
22.22699928 5.95300007 389.71798706 0.997945 0.056207 -0.030755
22.23800087 5.65299988 389.71798706 0.996756 0.072197 -0.035560
22.36199951 5.05299997 390.61801147 0.986310 0.132063 -0.098750
22.32900047 5.05299997 390.31799316 0.992588 0.102994 -0.064513
22.23699951 5.95300007 390.31799316 0.996398 0.078805 -0.031306
22.27899933 5.65299988 390.31799316 0.994598 0.098028 -0.034145
64.48999786 15.25300026 375.01800537 -0.839905 -0.433247 -0.326890
64.01799774 15.77000046 375.01800537 -0.802073 -0.594076 -0.061260
22.38400078 9.85299969 383.71798706 0.989374 -0.136743 0.049411
22.42099953 10.15299988 383.71798706 0.982619 -0.177038 0.055844
22.36400032 9.85299969 384.01800537 0.987298 -0.151625 0.047455
22.40399933 10.15299988 384.01800537 0.983095 -0.180759 0.029155
48.41799927 -14.62500000 394.21798706 -0.163141 0.912172 -0.375934
48.11800003 -14.68999958 394.21798706 -0.148957 0.903675 -0.401476
48.41799927 -14.74300003 393.91799927 -0.176042 0.905971 -0.385002
45.71799850 -13.72799969 396.91799927 -0.011644 0.919884 -0.392018
46.01800156 -13.74100018 396.91799927 -0.041217 0.910773 -0.410845
45.71799850 -13.59599972 397.21798706 -0.006458 0.915752 -0.401691
46.01800156 -13.58399963 397.21798706 -0.046500 0.915380 -0.399897
57.71799850 22.90800095 375.61801147 -0.567548 -0.757267 0.323165
58.01800156 22.67300034 375.61801147 -0.593980 -0.742072 0.310672
57.71799850 22.79599953 375.31799316 -0.562894 -0.747822 0.352012
49.01800156 -14.53600025 394.21798706 -0.157335 0.908575 -0.386959
58.01800156 22.56100082 375.31799316 -0.593076 -0.735285 0.328050
48.71799850 -14.56900024 394.21798706 -0.135578 0.915502 -0.378780
49.01800156 -14.66800022 393.91799927 -0.148038 0.912195 -0.382079
57.11800003 23.06500053 375.01800537 -0.529493 -0.769141 0.357853
49.31800079 -12.39599991 399.01800537 -0.202772 0.897159 -0.392416
48.71799850 -14.70499992 393.91799927 -0.135983 0.912625 -0.385518
49.61800003 -12.48900032 398.71798706 -0.169041 0.891437 -0.420435
49.31800079 -12.54100037 398.71798706 -0.145762 0.907118 -0.394830
62.07899857 20.95299911 380.41799927 -0.739798 -0.612521 0.278419
62.30899811 20.65299988 380.41799927 -0.751849 -0.599254 0.274989
61.96900177 20.95299911 380.11801147 -0.725754 -0.640372 0.251405
62.21300125 20.65299988 380.11801147 -0.766700 -0.594231 0.243023
64.78299713 -3.04699993 393.61801147 -0.862589 0.470638 -0.185583
64.60399628 -3.34699988 393.61801147 -0.832825 0.514258 -0.204793
64.84300232 -3.04699993 393.31799316 -0.869788 0.454898 -0.191146
64.67600250 -3.34699988 393.31799316 -0.848860 0.483986 -0.212592
64.74700165 -3.34699988 393.01800537 -0.865818 0.473197 -0.162616
64.79900360 -3.34699988 392.71798706 -0.853391 0.497934 -0.154227
64.91899872 -3.04699993 393.01800537 -0.868614 0.457243 -0.190888
64.97699738 -3.04699993 392.71798706 -0.866600 0.470691 -0.165695
49.61800003 -14.38000011 394.21798706 -0.215606 0.893224 -0.394544
49.31800079 -14.46800041 394.21798706 -0.222281 0.893541 -0.390096
49.61800003 -14.52600002 393.91799927 -0.207629 0.885000 -0.416731
49.31800079 -14.60200024 393.91799927 -0.203070 0.895553 -0.395913
67.39499664 2.35299993 390.01800537 -0.968652 0.218234 -0.118689
67.31900024 2.05299997 390.01800537 -0.954342 0.272481 -0.122419
67.43399811 2.35299993 389.71798706 -0.967943 0.246003 -0.050684
67.34999847 2.05299997 389.71798706 -0.961290 0.267236 -0.067126
67.55799866 2.95300007 389.41799927 -0.981749 0.189379 -0.017428
67.49800110 2.65300012 389.41799927 -0.979868 0.199236 -0.012816
67.56500244 2.95300007 389.11801147 -0.978780 0.196238 -0.058992
67.50900269 2.65300012 389.11801147 -0.979026 0.197723 -0.049131
68.00399780 6.55299997 387.61801147 -0.999568 0.003026 0.029251
68.00499725 6.25299978 387.61801147 -0.999156 0.015435 0.038073
67.98500061 6.55299997 387.31799316 -0.999731 0.013088 -0.019129
68.00499725 6.25299978 387.31799316 -0.999720 0.023109 0.005024
22.94199944 12.85299969 384.91799927 0.957218 -0.276988 0.083740
23.03800011 13.15299988 384.91799927 0.959195 -0.270214 0.083241
50.21799850 -12.49899960 398.41799927 -0.208285 0.898685 -0.385983
49.91799927 -12.56000042 398.41799927 -0.164525 0.921061 -0.352956
52.01800156 -14.22299957 393.01800537 -0.292019 0.879082 -0.376749
51.71799850 -14.33300018 393.01800537 -0.292820 0.887468 -0.355888
22.99699974 13.15299988 385.21798706 0.959230 -0.268379 0.088604
50.21799850 -12.61800003 398.11801147 -0.185171 0.934208 -0.304905
52.01800156 -14.35000038 392.71798706 -0.272140 0.882577 -0.383402
51.71799850 -14.44299984 392.71798706 -0.290351 0.883088 -0.368580
49.91799927 -12.65600014 398.11801147 -0.179630 0.931568 -0.316093
61.41400146 -7.84700012 393.31799316 -0.714151 0.633910 -0.296894
49.91799927 24.90800095 372.01800537 -0.241687 -0.891128 0.384030
49.91799927 24.81399918 371.71798706 -0.263110 -0.893385 0.364192
50.21799850 24.71500015 371.71798706 -0.243119 -0.884477 0.398238
50.21799850 24.82699966 372.01800537 -0.211306 -0.899143 0.383265
52.61800003 -14.27799988 392.41799927 -0.319414 0.879525 -0.352718
50.51800156 24.90900040 372.31799316 -0.251358 -0.887934 0.385218
50.51800156 25.02899933 372.61801147 -0.279587 -0.878053 0.388399
52.31800079 -14.39799976 392.41799927 -0.309725 0.880826 -0.358072
50.81800079 24.93400002 372.61801147 -0.224556 -0.878893 0.420858
51.11800003 25.03899956 372.91799927 -0.238584 -0.874809 0.421649
51.41799927 24.93499947 372.91799927 -0.251283 -0.900798 0.354147
51.41799927 25.05599976 373.21798706 -0.329487 -0.868926 0.369332
51.11800003 25.17600060 373.21798706 -0.247439 -0.893449 0.374863
52.61800003 -14.39000034 392.11801147 -0.310696 0.877528 -0.365258
52.31800079 -14.50699997 392.11801147 -0.318194 0.875415 -0.363868
52.61800003 -14.16300011 392.71798706 -0.350182 0.851332 -0.390648
52.31800079 -14.26900005 392.71798706 -0.285379 0.880296 -0.378995
49.61800003 24.76799965 371.41799927 -0.299191 -0.894596 0.331938
60.71799850 19.50499916 373.21798706 -0.499636 -0.835783 -0.227663
52.61800003 -14.00899982 393.01800537 -0.358018 0.845797 -0.395539
52.31800079 -14.13099957 393.01800537 -0.304987 0.862853 -0.403073
51.41799927 -13.65999985 394.81799316 -0.271826 0.881557 -0.385963
51.11800003 -13.76000023 394.81799316 -0.251358 0.887934 -0.385218
51.41799927 -13.78999996 394.51800537 -0.277478 0.886430 -0.370471
51.11800003 -13.87899971 394.51800537 -0.243363 0.895281 -0.373157
53.21799850 -12.75500011 395.41799927 -0.362081 0.872356 -0.328470
52.91799927 -12.89099979 395.41799927 -0.359281 0.869918 -0.337877
53.21799850 -12.86699963 395.11801147 -0.369849 0.858854 -0.354374
50.81800079 -12.56700039 397.81799316 -0.258551 0.896804 -0.359017
50.51800156 -12.63399982 397.81799316 -0.212870 0.918629 -0.332878
50.81800079 -12.68500042 397.51800537 -0.240955 0.894341 -0.376954
50.51800156 -12.77200031 397.51800537 -0.222281 0.893541 -0.390096
62.99100113 21.85300064 384.91799927 -0.775051 -0.569844 0.273083
62.77600098 22.15299988 384.91799927 -0.773227 -0.563646 0.290556
67.98100281 11.05300045 390.01800537 -0.989363 -0.145462 0.001110
67.97100067 11.05300045 389.71798706 -0.990230 -0.131345 0.046827
67.91000366 11.35299969 389.41799927 -0.991134 -0.104754 0.081731
67.89199829 11.35299969 389.11801147 -0.988890 -0.124925 0.080559
67.95200348 11.05300045 389.41799927 -0.992957 -0.104818 0.055227
67.93800354 11.05300045 389.11801147 -0.991192 -0.117754 0.060592
67.83399963 11.95300007 389.41799927 -0.975089 -0.205866 0.082593
67.88800049 11.65299988 389.41799927 -0.988400 -0.125455 0.085591
67.80500031 11.95300007 389.11801147 -0.975239 -0.199509 0.095417
67.85700226 11.65299988 389.11801147 -0.985908 -0.141524 0.089196
61.99000168 -5.74700022 396.91799927 -0.709247 0.671836 -0.213553
67.86799622 11.35299969 388.81799316 -0.981660 -0.156920 0.108262
67.90799713 11.05300045 388.81799316 -0.986557 -0.142962 0.079161
67.82399750 11.35299969 388.51800537 -0.981664 -0.170252 0.085730
67.89600372 11.05300045 388.51800537 -0.986370 -0.142935 0.081508
67.77400208 11.95300007 388.81799316 -0.979836 -0.170460 0.104238
67.82599640 11.65299988 388.81799316 -0.982009 -0.145167 0.120769
67.73899841 11.95300007 388.51800537 -0.982788 -0.153523 0.102752
67.76999664 11.65299988 388.51800537 -0.979730 -0.167989 0.109131
23.89500046 14.95300007 382.81799316 0.917636 -0.377850 0.123182
23.79299927 14.65299988 382.81799316 0.931916 -0.336258 0.135876
23.94000053 14.95300007 382.51800537 0.916766 -0.391352 0.079895
23.81900024 14.65299988 382.51800537 0.940303 -0.329304 0.085963
62.21799850 -5.67700005 396.31799316 -0.717629 0.654817 -0.237116
62.42800140 -5.44700003 396.31799316 -0.735002 0.641371 -0.220033
67.51899719 12.55300045 387.01800537 -0.967994 -0.227688 0.105576
67.59100342 12.25300026 387.01800537 -0.980768 -0.183669 0.066025
62.32400131 -5.44700003 396.61801147 -0.747723 0.619184 -0.239836
67.46499634 12.55300045 386.71798706 -0.957579 -0.249631 0.143967
67.55300140 12.25300026 386.71798706 -0.967730 -0.219181 0.124331
61.59500122 21.25300026 379.81799316 -0.719214 -0.646502 0.254491
67.41600037 12.55300045 386.41799927 -0.962058 -0.247312 0.115240
67.50399780 12.25300026 386.41799927 -0.963989 -0.231616 0.130688
67.40100098 12.55300045 386.11801147 -0.965014 -0.239652 0.106369
67.46800232 12.25300026 386.11801147 -0.967298 -0.228124 0.110876
54.41799927 26.73500061 379.81799316 -0.440670 -0.816115 0.373854
54.11800003 26.90200043 379.81799316 -0.400623 -0.846453 0.350740
54.11800003 26.78100014 379.51800537 -0.421531 -0.828852 0.367853
61.48600006 21.25300026 379.51800537 -0.700318 -0.652241 0.290063
67.15799713 13.15299988 385.21798706 -0.967563 -0.210004 0.140432
67.23400116 12.85299969 385.21798706 -0.962511 -0.235744 0.134152
67.07900238 13.15299988 384.91799927 -0.956317 -0.223364 0.188588
67.16200256 12.85299969 384.91799927 -0.950472 -0.264842 0.162669
61.91799927 -5.87699986 396.61801147 -0.717645 0.668258 -0.196002
67.21399689 12.55300045 384.61801147 -0.964986 -0.230617 0.124971
67.27999878 12.25300026 384.61801147 -0.969690 -0.207700 0.128697
67.17099762 12.55300045 384.31799316 -0.969334 -0.210725 0.126435
67.23200226 12.25300026 384.31799316 -0.967688 -0.214613 0.132366
67.01499939 13.15299988 384.61801147 -0.963460 -0.236662 0.125444
67.13999939 12.85299969 384.61801147 -0.953951 -0.279493 0.108910
67.01499939 13.15299988 384.31799316 -0.959230 -0.268379 0.088604
67.09999847 12.85299969 384.31799316 -0.961346 -0.261721 0.085538
50.51800156 -12.42800045 398.41799927 -0.248939 0.886939 -0.389061
50.81800079 -12.43200016 398.11801147 -0.287896 0.893521 -0.344580
50.51800156 -12.54399967 398.11801147 -0.256295 0.906550 -0.335380
51.41799927 -12.37300014 397.81799316 -0.272824 0.890031 -0.365256
51.11800003 -12.47399998 397.81799316 -0.275651 0.881181 -0.384105
51.41799927 -12.51099968 397.51800537 -0.285478 0.877580 -0.385169
51.11800003 -12.59899998 397.51800537 -0.261661 0.886657 -0.381278
67.00000000 13.15299988 384.01800537 -0.951469 -0.278122 0.131742
67.07299805 12.85299969 384.01800537 -0.963664 -0.238658 0.119974
66.94300079 13.15299988 383.71798706 -0.944424 -0.277450 0.176311
67.02200317 12.85299969 383.71798706 -0.952728 -0.258617 0.159458
52.01800156 -12.68500042 396.61801147 -0.253202 0.879465 -0.403026
51.71799850 -12.76700020 396.61801147 -0.286321 0.874111 -0.392365
52.01800156 -12.82800007 396.31799316 -0.254273 0.874157 -0.413758
51.71799850 -12.91699982 396.31799316 -0.264399 0.871761 -0.412462
52.61800003 -12.48700047 396.61801147 -0.351668 0.845565 -0.401683
52.31800079 -12.60000038 396.61801147 -0.291472 0.868312 -0.401346
52.61800003 -12.61999989 396.31799316 -0.340205 0.852843 -0.396129
52.31800079 -12.73799992 396.31799316 -0.295091 0.863867 -0.408234
53.21799850 -12.22200012 396.61801147 -0.350182 0.851332 -0.390648
52.91799927 -12.34300041 396.61801147 -0.373261 0.836293 -0.401610
53.21799850 -12.35799980 396.31799316 -0.363380 0.846848 -0.388334
52.91799927 -12.50000000 396.31799316 -0.375967 0.835307 -0.401136
66.86900330 13.15299988 383.41799927 -0.952229 -0.279444 0.123167
66.96399689 12.85299969 383.41799927 -0.951665 -0.283784 0.117473
66.85900116 13.15299988 383.11801147 -0.953339 -0.287432 0.092343
66.94599915 12.85299969 383.11801147 -0.953068 -0.289951 0.087115
66.82800293 13.15299988 382.81799316 -0.940343 -0.306190 0.148332
66.91200256 12.85299969 382.81799316 -0.949528 -0.284458 0.132213
66.76599884 13.15299988 382.51800537 -0.930421 -0.328629 0.162234
66.86699677 12.85299969 382.51800537 -0.944012 -0.292033 0.153487
66.68399811 13.75300026 383.41799927 -0.939932 -0.308777 0.145547
66.64900208 13.75300026 383.11801147 -0.938660 -0.321014 0.125967
66.79799652 13.45300007 383.41799927 -0.942289 -0.306886 0.133840
66.76699829 13.45300007 383.11801147 -0.941530 -0.320946 0.102543
66.61000061 13.75300026 382.81799316 -0.938494 -0.312831 0.146170
66.71600342 13.45300007 382.81799316 -0.933124 -0.326662 0.150237
66.56300354 13.75300026 382.51800537 -0.937775 -0.301575 0.172132
66.65599823 13.45300007 382.51800537 -0.928398 -0.326269 0.177838
35.81800079 -11.94900036 396.01800537 0.440945 0.886199 -0.142194
66.49800110 13.75300026 382.21798706 -0.935966 -0.308302 0.170050
66.60099792 13.45300007 382.21798706 -0.932048 -0.325455 0.159265
66.45200348 13.75300026 381.91799927 -0.930700 -0.333282 0.150737
66.56199646 13.45300007 381.91799927 -0.931007 -0.343146 0.124408
54.41799927 -11.96899986 396.01800537 -0.396280 0.841115 -0.368086
54.11800003 -12.10999966 396.01800537 -0.374359 0.869430 -0.322407
54.41799927 -12.09099960 395.71798706 -0.359779 0.883640 -0.299565
54.11800003 -12.19600010 395.71798706 -0.374785 0.875511 -0.304987
36.41799927 -12.89500046 394.81799316 0.443629 0.842116 -0.306649
36.52600098 -12.94699955 394.81799316 0.419897 0.844477 -0.332484
59.51800156 -10.55799961 391.21798706 -0.608113 0.727477 -0.317767
36.41799927 -12.78400040 395.11801147 0.381234 0.839343 -0.387510
59.51800156 -10.72000027 390.91799927 -0.600702 0.730233 -0.325448
66.40000153 13.75300026 381.61801147 -0.930336 -0.339428 0.138795
66.52799988 13.45300007 381.61801147 -0.926906 -0.349489 0.136757
66.35500336 13.75300026 381.31799316 -0.927600 -0.344221 0.145154
66.46900177 13.45300007 381.31799316 -0.921601 -0.358323 0.149185
36.71799850 -12.64700031 395.58898926 0.406648 0.814891 -0.413027
37.01800156 -12.85799980 395.41799927 0.243334 0.866026 -0.436792
36.71799850 -12.72000027 395.41799927 0.295768 0.843946 -0.447523
37.01800156 -12.94699955 395.24899292 0.206708 0.892802 -0.400221
36.71799850 -12.90699959 395.11801147 0.350354 0.834251 -0.425767
36.84299850 -12.94699955 395.11801147 0.354481 0.830273 -0.430104
66.17099762 14.35299969 381.61801147 -0.924461 -0.347196 0.157563
66.29000092 14.05300045 381.61801147 -0.930473 -0.337727 0.141983
66.14099884 14.35299969 381.31799316 -0.926322 -0.355433 0.124882
66.26799774 14.05300045 381.31799316 -0.932094 -0.338072 0.130028
66.30899811 13.75300026 381.01800537 -0.924860 -0.353582 0.140046
66.43000031 13.45300007 381.01800537 -0.930842 -0.336863 0.141620
66.27200317 13.75300026 380.71798706 -0.917166 -0.372729 0.140995
66.40000153 13.45300007 380.71798706 -0.933924 -0.323228 0.152674
36.71799850 -13.03999996 394.81799316 0.389087 0.836459 -0.385937
37.31800079 -13.10099983 394.81799316 0.470686 0.834186 -0.287382
37.50899887 -13.24699974 394.81799316 0.577795 0.762434 -0.291285
53.21799850 -13.78199959 393.01800537 -0.371934 0.859614 -0.350327
66.19899750 14.05300045 381.01800537 -0.929935 -0.334000 0.153834
66.14499664 14.05300045 380.71798706 -0.922811 -0.348680 0.163837
38.21799850 -13.81700039 394.21798706 0.566934 0.823503 0.020691
38.26800156 -13.84700012 394.21798706 0.568832 0.822259 -0.017905
66.09999847 14.35299969 381.01800537 -0.919712 -0.356336 0.164788
66.04699707 14.35299969 380.71798706 -0.910424 -0.365603 0.193555
61.21699905 -9.64700031 389.41799927 -0.715838 0.646000 -0.265066
61.01800156 -9.87600040 389.41799927 -0.694093 0.658827 -0.290141
61.04800034 -9.94699955 389.11801147 -0.726052 0.637471 -0.257836
60.91500092 -10.24699974 388.81799316 -0.714097 0.630276 -0.304660
60.71799850 -10.45699978 388.81799316 -0.649788 0.694934 -0.307964
52.91799927 -13.87899971 393.01800537 -0.337347 0.871607 -0.355665
61.01800156 -10.28400040 388.51800537 -0.704014 0.652929 -0.279371
61.15800095 -9.94699955 388.81799316 -0.723844 0.617444 -0.307916
61.30400085 -9.94699955 388.51800537 -0.708068 0.640633 -0.297035
53.21799850 -13.88700008 392.71798706 -0.370577 0.854344 -0.364375
61.31800079 -9.76500034 388.81799316 -0.682294 0.669451 -0.293788
61.58900070 -9.64700031 388.51800537 -0.730075 0.628278 -0.268808
52.91799927 -14.01500034 392.71798706 -0.377468 0.832325 -0.405897
61.61800003 -9.70600033 388.21798706 -0.754268 0.624700 -0.202064
61.40900040 -9.94699955 388.21798706 -0.727481 0.642635 -0.240399
61.74499893 -9.64700031 387.91799927 -0.727517 0.635587 -0.258356
61.50099945 -9.94699955 387.91799927 -0.758127 0.611794 -0.225726
61.89500046 -9.34700012 388.21798706 -0.729864 0.638434 -0.244339
65.97200012 14.35299969 380.41799927 -0.909497 -0.370960 0.187628
66.09999847 14.05300045 380.41799927 -0.911266 -0.376733 0.166331
65.90200043 14.35299969 380.11801147 -0.903486 -0.383078 0.192262
66.03900146 14.05300045 380.11801147 -0.891672 -0.414562 0.181825
62.82500076 -8.44699955 387.61801147 -0.796835 0.562563 -0.220401
62.61600113 -8.74699974 387.61801147 -0.798394 0.553450 -0.237193
62.91699982 -8.44699955 387.31799316 -0.801378 0.520026 -0.295577
62.70399857 -8.74699974 387.31799316 -0.768692 0.550441 -0.325771
63.02299881 -8.44699955 387.01800537 -0.835354 0.490751 -0.247683
62.88100052 -8.74699974 387.01800537 -0.797816 0.504806 -0.329637
63.09099960 -8.44699955 386.71798706 -0.818228 0.518159 -0.249026
62.94699860 -8.74699974 386.71798706 -0.874840 0.442601 -0.196876
63.46699905 -7.84700012 387.01800537 -0.811218 0.536177 -0.233322
63.14599991 -5.44700003 393.91799927 -0.780081 0.576853 -0.242310
63.23799896 -8.14700031 387.01800537 -0.779059 0.575281 -0.249236
63.52899933 -7.84700012 386.71798706 -0.807027 0.533353 -0.253459
63.31000137 -8.14700031 386.71798706 -0.781687 0.571775 -0.249075
63.63700104 -7.84700012 386.41799927 -0.782403 0.554795 -0.282929
63.42900085 -8.14700031 386.41799927 -0.795987 0.561055 -0.227204
63.48699951 -8.14700031 386.11801147 -0.762543 0.614656 -0.201804
63.77600098 -7.84700012 386.11801147 -0.779259 0.579369 -0.238931
65.83999634 14.35299969 379.81799316 -0.909903 -0.377346 0.172298
65.97699738 14.05300045 379.81799316 -0.889991 -0.418048 0.182077
65.79399872 14.35299969 379.51800537 -0.910714 -0.379346 0.163389
65.91999817 14.05300045 379.51800537 -0.902934 -0.390263 0.180011
65.60900116 14.95300007 379.81799316 -0.911334 -0.382902 0.151183
65.72399902 14.65299988 379.81799316 -0.917915 -0.359552 0.167791
65.55999756 14.95300007 379.51800537 -0.878722 -0.419220 0.228259
65.67400360 14.65299988 379.51800537 -0.919712 -0.356336 0.164788
65.73300171 14.35299969 379.21798706 -0.903317 -0.375536 0.207342
65.86799622 14.05300045 379.21798706 -0.907026 -0.375172 0.191180
65.64099884 14.35299969 378.91799927 -0.896744 -0.383061 0.221618
65.79299927 14.05300045 378.91799927 -0.889441 -0.404292 0.213172
65.61699677 14.65299988 379.21798706 -0.889315 -0.392127 0.235276
65.54199982 14.65299988 378.91799927 -0.889480 -0.407249 0.207300
65.44699860 14.95300007 379.21798706 -0.858356 -0.443662 0.257659
65.36799622 14.95300007 378.91799927 -0.884348 -0.426775 0.189189
52.91799927 -13.01299953 395.11801147 -0.345416 0.874953 -0.339330
65.04799652 15.55300045 378.61801147 -0.861549 -0.443645 0.246806
65.19000244 15.25300026 378.61801147 -0.883834 -0.405524 0.233213
64.96299744 15.55300045 378.31799316 -0.877293 -0.436427 0.199721
65.09700012 15.25300026 378.31799316 -0.876035 -0.429837 0.218637
65.31999969 14.95300007 378.61801147 -0.888740 -0.423279 0.176002
65.48000336 14.65299988 378.61801147 -0.897442 -0.407666 0.168540
65.25399780 14.95300007 378.31799316 -0.872397 -0.444373 0.203609
65.41899872 14.65299988 378.31799316 -0.877216 -0.440819 0.190186
65.19699860 14.95300007 378.01800537 -0.879231 -0.450479 0.154988
65.33599854 14.65299988 378.01800537 -0.869650 -0.466249 0.162237
65.14299774 14.95300007 377.71798706 -0.874898 -0.454246 0.167969
65.30300140 14.65299988 377.71798706 -0.872638 -0.456118 0.174528
64.85099792 15.55300045 377.71798706 -0.853455 -0.481475 0.199490
64.92199707 15.55300045 378.01800537 -0.866204 -0.469132 0.172064
65.03399658 15.25300026 378.01800537 -0.893205 -0.421432 0.156778
64.99199677 15.25300026 377.71798706 -0.889372 -0.420669 0.179039
67.62500000 8.65299988 381.31799316 -0.990052 -0.118991 0.075091
64.91999817 15.25300026 377.41799927 -0.863278 -0.447458 0.233522
64.76899719 15.55300045 377.41799927 -0.836574 -0.485306 0.254208
64.66799927 15.55300045 377.11801147 -0.838082 -0.481320 0.256807
64.82700348 15.25300026 377.11801147 -0.846932 -0.471535 0.245686
67.60199738 8.95300007 381.31799316 -0.983294 -0.162081 0.082842
64.09400177 16.15299988 376.21798706 -0.837743 -0.472295 0.274086
64.24299622 15.85299969 376.21798706 -0.844241 -0.477844 0.242738
63.96200180 16.15299988 375.91799927 -0.857342 -0.441661 0.264385
64.15499878 15.85299969 375.91799927 -0.812197 -0.511731 0.280122
63.74399948 16.45299911 375.61801147 -0.799309 -0.539651 0.264351
63.91799927 16.15299988 375.61801147 -0.884841 -0.428526 0.182818
64.03900146 15.85299969 375.61801147 -0.843212 -0.496273 0.206655
63.84199905 16.15299988 375.31799316 -0.835198 -0.499287 0.230557
63.99800110 15.85299969 375.31799316 -0.859320 -0.494145 0.131869
65.63600159 16.15299988 373.81799316 -0.714159 -0.343252 0.610045
54.71799850 -11.83199978 396.01800537 -0.413898 0.826211 -0.382182
55.01800156 -11.79699993 395.71798706 -0.447255 0.823392 -0.349270
54.71799850 -11.96199989 395.71798706 -0.407794 0.851251 -0.330267
66.93199921 11.65299988 380.71798706 -0.962702 -0.235154 0.133817
66.85299683 11.95300007 380.71798706 -0.951665 -0.283784 0.117473
66.98100281 11.65299988 381.01800537 -0.954596 -0.258896 0.147372
66.89199829 11.95300007 381.01800537 -0.950267 -0.276660 0.143008
66.86499786 11.65299988 380.11801147 -0.957245 -0.247586 0.149611
66.78099823 11.95300007 380.11801147 -0.945905 -0.278207 0.166924
66.90000153 11.65299988 380.41799927 -0.967118 -0.232566 0.102939
66.83399963 11.95300007 380.41799927 -0.949152 -0.290719 0.120801
55.01800156 -11.67199993 396.01800537 -0.443753 0.815933 -0.370589
67.67099762 8.65299988 381.61801147 -0.986535 -0.146981 0.071727
60.41799927 19.65600014 373.51800537 -0.685317 -0.720688 0.104640
60.38800049 19.75300026 373.81799316 -0.685925 -0.689064 0.233874
60.11800003 20.05299950 373.81799316 -0.686700 -0.673954 0.272450
67.61799622 8.95300007 381.61801147 -0.984352 -0.164651 0.062781
60.41799927 19.62400055 373.21798706 -0.434883 -0.898395 0.061347
60.11800003 19.79599953 373.21798706 -0.572992 -0.764521 0.295274
39.11800003 -12.32199955 398.11801147 0.230909 0.836471 -0.496989
66.71900177 12.25300026 380.41799927 -0.940539 -0.310799 0.137077
39.11800003 -12.19900036 398.41799927 0.199743 0.896655 -0.395111
39.41799927 -12.26599979 398.41799927 0.253919 0.875945 -0.410177
67.02600098 11.65299988 381.31799316 -0.953019 -0.271723 0.133873
66.93299866 11.95300007 381.31799316 -0.951489 -0.275466 0.137068
67.05899811 11.65299988 381.61801147 -0.959620 -0.253902 0.121092
66.98000336 11.95300007 381.61801147 -0.956718 -0.257324 0.135920
39.41799927 -12.41800022 398.11801147 0.226365 0.843170 -0.487671
57.41799927 24.05999947 377.71798706 -0.549940 -0.754342 0.358515
67.09200287 11.65299988 381.91799927 -0.958896 -0.252479 0.129510
57.41799927 24.20299911 378.01800537 -0.538898 -0.773761 0.332991
67.02899933 11.95300007 381.91799927 -0.959464 -0.242819 0.143066
67.13800049 11.65299988 382.21798706 -0.955621 -0.248541 0.158163
67.06500244 11.95300007 382.21798706 -0.959940 -0.237687 0.148390
57.11800003 24.26600075 377.71798706 -0.500978 -0.795483 0.340921
57.11800003 24.37899971 378.01800537 -0.487967 -0.805860 0.335378
56.81800079 24.43700027 377.71798706 -0.485748 -0.811690 0.324359
56.51800156 24.62199974 377.71798706 -0.520906 -0.783764 0.338188
56.51800156 24.75900078 378.01800537 -0.516978 -0.769795 0.374364
56.81800079 24.56399918 378.01800537 -0.497940 -0.784779 0.369023
67.23500061 11.05300045 381.91799927 -0.970460 -0.211852 0.115440
67.16699982 11.35299969 381.91799927 -0.963176 -0.239178 0.122821
67.28399658 11.05300045 382.21798706 -0.965983 -0.203570 0.159485
67.22899628 11.35299969 382.21798706 -0.958871 -0.228807 0.167968
38.51800156 -12.16100025 398.11801147 0.289159 0.861357 -0.417674
38.81800079 -12.25399971 398.11801147 0.261512 0.854885 -0.448088
67.33499908 11.05300045 382.51800537 -0.972763 -0.200090 0.117034
67.35099792 11.05300045 382.81799316 -0.974467 -0.208726 0.082749
67.27799988 11.35299969 382.51800537 -0.968196 -0.218707 0.121504
67.29599762 11.35299969 382.81799316 -0.971186 -0.225076 0.078342
38.81800079 -12.11699963 398.41799927 0.253507 0.880525 -0.400511
38.51800156 -12.03600025 398.41799927 0.323896 0.850809 -0.413781
38.51800156 -12.30799961 397.81799316 0.303890 0.853051 -0.424212
37.91799927 -11.95499992 398.11801147 0.263694 0.858149 -0.440506
38.21799850 -12.03299999 398.11801147 0.303774 0.839663 -0.450209
67.56600189 11.05300045 384.91799927 -0.980662 -0.175768 0.086066
67.52200317 11.35299969 384.91799927 -0.975365 -0.197558 0.098158
67.60500336 11.05300045 385.21798706 -0.981588 -0.149982 0.118278
67.54399872 11.35299969 385.21798706 -0.969606 -0.193409 0.149860
37.91799927 -11.78999996 398.41799927 0.267106 0.876773 -0.399905
38.21799850 -11.89099979 398.41799927 0.307176 0.869568 -0.386645
37.91799927 -12.23099995 397.51800537 0.324259 0.885303 -0.333308
37.91799927 -12.13000011 397.81799316 0.320704 0.850564 -0.416761
38.21799850 -12.22399998 397.81799316 0.289936 0.857536 -0.424933
63.42499924 21.25300026 384.91799927 -0.806235 -0.512772 0.295041
67.88400269 10.45300007 387.31799316 -0.989001 -0.113530 0.094804
67.84899902 10.75300026 387.31799316 -0.989762 -0.114873 0.084704
67.87799835 10.45300007 387.61801147 -0.993320 -0.110122 0.034483
67.87999725 10.75300026 387.61801147 -0.994408 -0.094230 0.047670
63.21799850 21.55299950 384.91799927 -0.787087 -0.568884 0.238464
67.88500214 10.45300007 387.91799927 -0.995500 -0.094759 0.001065
67.88099670 10.75300026 387.91799927 -0.997385 -0.063072 0.035277
67.89600372 10.45300007 388.21798706 -0.998261 -0.047536 0.034860
67.89099884 10.75300026 388.21798706 -0.996115 -0.049097 0.073099
37.61800003 -12.11699963 397.51800537 0.324008 0.874670 -0.360516
67.91999817 10.45300007 388.51800537 -0.995618 -0.024972 0.090116
67.93099976 10.75300026 388.51800537 -0.994124 -0.059267 0.090578
37.31800079 -12.03100014 397.51800537 0.360739 0.844848 -0.395095
67.96099854 10.45300007 388.81799316 -0.992966 -0.030022 0.114530
67.94699860 10.75300026 388.81799316 -0.992924 -0.078121 0.089442
37.31800079 -11.86400032 397.81799316 0.366361 0.857934 -0.360178
37.61800003 -11.97900009 397.81799316 0.326981 0.864275 -0.382246
68.00399780 10.45300007 389.11801147 -0.994373 -0.070309 0.079237
37.61800003 -11.89000034 398.11801147 0.303049 0.859920 -0.410731
67.96600342 10.75300026 389.11801147 -0.992893 -0.098497 0.066797
68.01200104 10.45300007 389.41799927 -0.995081 -0.089260 0.042977
67.97299957 10.75300026 389.41799927 -0.994184 -0.098643 0.043225
63.50899887 21.25300026 385.21798706 -0.806330 -0.520263 0.281351
68.01799774 9.85299969 389.11801147 -0.990006 -0.119264 0.075264
68.01000214 10.15299988 389.11801147 -0.994433 -0.061247 0.085746
68.05400085 9.85299969 389.41799927 -0.995513 -0.086519 0.038331
68.03399658 10.15299988 389.41799927 -0.997328 -0.050566 0.052717
68.02400208 10.45300007 389.71798706 -0.994620 -0.083535 0.061259
67.98999786 10.75300026 389.71798706 -0.992991 -0.100542 0.062133
68.04900360 10.45300007 390.01800537 -0.994003 -0.077324 0.077324
68.02100372 10.75300026 390.01800537 -0.990673 -0.118238 0.067729
68.05999756 9.85299969 389.71798706 -0.998739 -0.050193 0.001024
68.04499817 10.15299988 389.71798706 -0.997986 -0.049846 0.039241
68.06199646 9.85299969 390.01800537 -0.999778 -0.009025 0.019053
68.05799866 10.15299988 390.01800537 -0.998348 -0.015648 0.055290
36.71799850 -11.72200012 397.51800537 0.390636 0.839318 -0.378085
68.06300354 9.85299969 390.31799316 -0.999604 0.027234 -0.007061
68.08200073 10.15299988 390.31799316 -0.998543 0.032550 0.043050
68.05400085 9.85299969 390.61801147 -0.999050 0.011294 -0.042098
36.71799850 -11.57600021 397.81799316 0.401021 0.838213 -0.369569
37.01800156 -11.85200024 397.51800537 0.399635 0.832442 -0.383839
37.01800156 -11.75800037 397.81799316 0.393087 0.852983 -0.343369
38.81800079 -12.45499992 397.81799316 0.317867 0.831465 -0.455661
38.81800079 -12.56299973 397.51800537 0.324503 0.892758 -0.312540
38.51800156 -12.44200039 397.51800537 0.317841 0.874443 -0.366506
39.41799927 -12.59500027 397.81799316 0.192452 0.854844 -0.481875
39.11800003 -12.55700016 397.81799316 0.232618 0.849891 -0.472837
39.41799927 -12.77999973 397.51800537 0.242126 0.886805 -0.393640
39.11800003 -12.68000031 397.51800537 0.288706 0.898689 -0.330161
67.70200348 8.05300045 381.31799316 -0.991716 -0.099515 0.081213
67.67199707 8.35299969 381.31799316 -0.989004 -0.115598 0.092245
67.73799896 8.05300045 381.61801147 -0.996236 -0.072948 0.046818
48.11800003 25.99500084 373.51800537 -0.114961 -0.912764 0.391976
48.41799927 25.93300056 373.51800537 -0.204250 -0.905365 0.372286
67.70999908 8.35299969 381.61801147 -0.990945 -0.104734 0.084017
48.41799927 26.04999924 373.81799316 -0.172745 -0.909411 0.378326
35.21799850 23.47599983 372.61801147 0.388303 -0.895295 0.218329
34.91799927 23.32399940 372.61801147 0.414309 -0.869593 0.268618
34.61800003 23.19099998 372.61801147 0.459305 -0.873409 0.161850
34.39300156 23.05299950 372.61801147 0.469657 -0.845994 0.252421
35.81800079 24.21100044 373.81799316 0.413969 -0.823180 0.388592
35.51800156 24.06999969 373.81799316 0.383870 -0.829349 0.405986
35.81800079 24.10499954 373.51800537 0.442502 -0.809922 0.384992
35.51800156 23.95000076 373.51800537 0.348726 -0.864903 0.361016
50.51800156 26.54400063 375.91799927 -0.169604 -0.907880 0.383390
50.81800079 26.46800041 375.91799927 -0.284358 -0.871321 0.399926
50.51800156 26.64299965 376.21798706 -0.216343 -0.904573 0.367347
50.81800079 26.57699966 376.21798706 -0.254323 -0.911203 0.324080
51.71799850 26.65500069 377.11801147 -0.268329 -0.882937 0.385255
51.71799850 26.78700066 377.41799927 -0.286737 -0.872347 0.395970
60.41799927 -7.16200018 397.51800537 -0.717925 0.675246 -0.169193
52.01800156 26.70100021 377.41799927 -0.246022 -0.897170 0.366823
60.62099838 -6.94700003 397.51800537 -0.726630 0.627617 -0.279473
52.01800156 26.55999947 377.11801147 -0.237990 -0.891354 0.385810
56.21799850 -10.71000004 396.61801147 -0.455574 0.824446 -0.335769
55.91799927 -10.88700008 396.61801147 -0.484294 0.808214 -0.335036
56.21799850 -10.84399986 396.31799316 -0.473964 0.798508 -0.371138
60.71799850 -7.08500004 396.91799927 -0.648384 0.714967 -0.261573
60.99499893 -6.64699984 397.21798706 -0.698806 0.643935 -0.311477
60.74100113 -6.94700003 397.21798706 -0.693267 0.661245 -0.286593
61.14599991 -6.64699984 396.91799927 -0.679691 0.660225 -0.319568
61.31800079 -6.46000004 396.91799927 -0.696503 0.651463 -0.300799
55.91799927 -11.03299999 396.31799316 -0.474037 0.795418 -0.377623
61.27700043 -6.64699984 396.61801147 -0.714285 0.647470 -0.265669
61.01800156 -6.92500019 396.61801147 -0.675012 0.690895 -0.258887
61.09500122 -6.94700003 396.31799316 -0.703100 0.674913 -0.223927
23.46500015 0.85299999 392.41799927 0.936812 0.297510 -0.184041
23.35700035 1.15300000 392.11801147 0.954038 0.266706 -0.136670
23.43199921 0.85299999 392.11801147 0.945539 0.294556 -0.138536
61.36999893 -6.64699984 396.31799316 -0.720275 0.657778 -0.220301
61.18199921 -6.94700003 396.01800537 -0.705273 0.664250 -0.247713
61.30300140 -6.94700003 395.71798706 -0.690759 0.665116 -0.283676
24.04800034 -0.64700001 392.41799927 0.921486 0.352044 -0.164100
23.97900009 -0.64700001 392.11801147 0.919180 0.342384 -0.194633
24.09600067 -0.94700003 392.11801147 0.914741 0.358190 -0.186944
24.16500092 -0.94700003 392.41799927 0.924611 0.338135 -0.175381
24.27599907 -1.24699998 392.41799927 0.914496 0.371735 -0.159719
24.39999962 -1.54700005 392.41799927 0.900364 0.405092 -0.158888
24.21400070 -1.24699998 392.11801147 0.912381 0.368653 -0.177921
24.34399986 -1.54700005 392.11801147 0.900785 0.397954 -0.173836
61.45800018 -6.64699984 396.01800537 -0.702765 0.661519 -0.261752
61.59600067 -6.64699984 395.71798706 -0.699611 0.648145 -0.300752
24.10199928 -1.24699998 391.51800537 0.915099 0.352620 -0.195583
24.15800095 -1.24699998 391.81799316 0.916579 0.361248 -0.171416
24.28599930 -1.54700005 391.81799316 0.900903 0.391886 -0.186543
61.91699982 -6.64699984 394.81799316 -0.727246 0.638904 -0.250829
61.65000153 -6.94700003 394.81799316 -0.722780 0.643701 -0.251471
61.76200104 -6.94700003 394.51800537 -0.726350 0.641268 -0.247369
67.60900116 8.65299988 380.71798706 -0.987213 -0.121776 0.102859
62.41199875 -6.04699993 394.81799316 -0.757526 0.589187 -0.281094
62.18299866 -6.34700012 394.81799316 -0.744967 0.615270 -0.257812
62.28099823 -6.34700012 394.51800537 -0.750210 0.618649 -0.233364
61.55500031 21.55299950 380.41799927 -0.724334 -0.607663 0.325707
62.01399994 -6.64699984 394.51800537 -0.733346 0.635986 -0.240261
67.56999969 8.95300007 380.71798706 -0.977086 -0.186523 0.102526
61.81000137 21.25300026 380.41799927 -0.713265 -0.625926 0.315389
62.11600113 -6.64699984 394.21798706 -0.731655 0.633680 -0.251259
62.24100113 -6.64699984 393.91799927 -0.723840 0.624332 -0.293709
61.94800186 -6.94700003 393.91799927 -0.723009 0.630438 -0.282500
67.61799622 8.65299988 381.01800537 -0.992933 -0.112808 0.036858
67.59500122 8.95300007 381.01800537 -0.983029 -0.176259 0.050867
61.43099976 21.55299950 380.11801147 -0.735447 -0.617393 0.279183
61.67599869 21.25300026 380.11801147 -0.720100 -0.644133 0.257970
62.98500061 -6.04699993 393.01800537 -0.767244 0.599166 -0.228772
62.75699997 -6.34700012 393.01800537 -0.748096 0.615801 -0.247266
63.06499863 -6.04699993 392.71798706 -0.769646 0.587815 -0.249234
62.83800125 -6.34700012 392.71798706 -0.754591 0.606508 -0.250480
62.70299911 -6.64699984 392.41799927 -0.748096 0.615801 -0.247266
62.77999878 -6.64699984 392.11801147 -0.747844 0.622943 -0.229505
62.54199982 -6.94700003 392.11801147 -0.764987 0.599161 -0.236223
62.95500183 -6.34700012 392.41799927 -0.753462 0.604981 -0.257472
63.05199814 -6.34700012 392.11801147 -0.762721 0.607381 -0.222137
63.17599869 -6.04699993 392.41799927 -0.778447 0.574829 -0.252173
63.25999832 -6.04699993 392.11801147 -0.798160 0.564402 -0.210690
24.21599960 -1.54700005 391.51800537 0.905365 0.372286 -0.204250
24.42600060 -1.84700000 391.81799316 0.891760 0.405611 -0.200609
24.55999947 -2.14700007 391.81799316 0.887253 0.413463 -0.204524
24.34799957 -1.84700000 391.51800537 0.891324 0.393361 -0.225409
24.47800064 -2.14700007 391.51800537 0.883374 0.408282 -0.230123
24.70400047 -2.44700003 391.81799316 0.898303 0.393280 -0.195914
24.62599945 -2.44700003 391.51800537 0.882608 0.418389 -0.214369
24.82299995 -2.74699998 391.81799316 0.875341 0.430960 -0.219208
24.75099945 -2.74699998 391.51800537 0.902483 0.385541 -0.192048
24.99900055 -3.04699993 391.81799316 0.869590 0.437048 -0.229788
25.12100029 -3.34699988 391.81799316 0.888315 0.408065 -0.210662
24.89800072 -3.04699993 391.51800537 0.867276 0.432884 -0.245854
25.04500008 -3.34699988 391.51800537 0.875510 0.420544 -0.237959
25.27199936 -3.64700007 391.81799316 0.851947 0.469254 -0.232349
25.18899918 -3.64700007 391.51800537 0.864074 0.449318 -0.226913
25.44400024 -3.94700003 391.81799316 0.858789 0.460335 -0.224885
25.36199951 -3.94700003 391.51800537 0.847563 0.471887 -0.242815
25.59700012 -4.24700022 391.81799316 0.842910 0.471354 -0.259475
25.78800011 -4.54699993 391.81799316 0.815181 0.501046 -0.290575
25.52300072 -4.24700022 391.51800537 0.868478 0.442489 -0.223494
25.66200066 -4.54699993 391.51800537 0.844549 0.473622 -0.249839
25.85199928 -4.84700012 391.51800537 0.814073 0.506639 -0.283906
63.72600174 -6.04699993 390.31799316 -0.812341 0.539001 -0.222664
63.61100006 -6.34700012 390.01800537 -0.826129 0.520721 -0.215313
63.68099976 -6.34700012 389.71798706 -0.818902 0.515490 -0.252327
25.96699905 -4.84700012 391.81799316 0.843361 0.479078 -0.243365
26.12800026 -5.14699984 391.81799316 0.838449 0.485902 -0.246783
26.04299927 -5.14699984 391.51800537 0.836495 0.482179 -0.260346
26.30800056 -5.44700003 391.81799316 0.771540 0.579049 -0.263491
26.20299911 -5.44700003 391.51800537 0.789240 0.553880 -0.265172
26.48100090 -5.74700022 391.51800537 0.733334 0.601173 -0.317510
26.56900024 -5.74700022 391.81799316 0.775715 0.596822 -0.205109
64.18000031 -5.44700003 390.01800537 -0.830067 0.517464 -0.207896
64.00399780 -5.74700022 390.01800537 -0.829895 0.516210 -0.211661
64.27799988 -5.44700003 389.71798706 -0.823818 0.520064 -0.225515
64.08799744 -5.74700022 389.71798706 -0.835289 0.503608 -0.220614
63.80899811 -6.04699993 390.01800537 -0.809140 0.545056 -0.219558
63.89799881 -6.04699993 389.71798706 -0.803878 0.539547 -0.250337
64.14499664 -5.74700022 389.41799927 -0.842969 0.514077 -0.158520
64.20200348 -5.74700022 389.11801147 -0.822255 0.529355 -0.208996
64.35500336 -5.44700003 389.41799927 -0.816731 0.543982 -0.192439
64.41600037 -5.44700003 389.11801147 -0.810946 0.552295 -0.193227
63.99100113 -6.04699993 389.41799927 -0.850460 0.491743 -0.186832
63.79299927 -6.34700012 389.41799927 -0.819190 0.511411 -0.259591
64.02500153 -6.04699993 389.11801147 -0.860857 0.471316 -0.191797
63.87599945 -6.34700012 389.11801147 -0.854616 0.486016 -0.182813
64.29199982 -5.74700022 388.81799316 -0.828260 0.508635 -0.235109
64.48999786 -5.44700003 388.81799316 -0.834630 0.518824 -0.184972
64.55000305 -5.44700003 388.51800537 -0.863128 0.477882 -0.163215
64.37699890 -5.74700022 388.51800537 -0.849891 0.472837 -0.232618
56.51800156 -10.55799961 396.61801147 -0.488693 0.803876 -0.339061
64.32199860 -6.04699993 388.21798706 -0.853657 0.474254 -0.215296
64.36199951 -6.04699993 387.91799927 -0.867796 0.476636 -0.140528
56.51800156 -10.68200016 396.31799316 -0.467328 0.815843 -0.340595
64.59500122 -5.44700003 388.21798706 -0.874740 0.448396 -0.183769
64.45600128 -5.74700022 388.21798706 -0.877293 0.436427 -0.199721
64.67400360 -5.44700003 387.91799927 -0.862318 0.461796 -0.207733
64.54000092 -5.74700022 387.91799927 -0.872653 0.454721 -0.178062
64.74800110 -5.44700003 387.61801147 -0.854712 0.491570 -0.166809
64.58000183 -5.74700022 387.61801147 -0.870277 0.469281 -0.149647
64.79199982 -5.44700003 387.31799316 -0.861105 0.477079 -0.175766
64.62400055 -5.74700022 387.31799316 -0.866725 0.454993 -0.204374
64.86199951 -5.44700003 387.01800537 -0.875387 0.444336 -0.190430
64.72100067 -5.74700022 387.01800537 -0.873068 0.438765 -0.212690
64.78399658 -5.74700022 386.71798706 -0.872397 0.444373 -0.203609
64.92900085 -5.44700003 386.71798706 -0.869994 0.447638 -0.206716
53.81800079 23.58900070 372.01800537 -0.418124 -0.879399 0.227662
53.81800079 23.58399963 371.71798706 -0.286592 -0.920261 -0.266429
64.85900116 -5.74700022 386.41799927 -0.863278 0.447458 -0.233522
39.41799927 -13.39799976 396.01800537 0.199449 0.898250 -0.391620
39.11800003 -13.31000042 396.01800537 0.272521 0.866281 -0.418677
39.41799927 -13.52000046 395.71798706 0.190887 0.908505 -0.371726
39.11800003 -13.46100044 395.71798706 0.262413 0.893983 -0.363227
65.28399658 -4.84700012 386.41799927 -0.891429 0.426336 -0.153596
65.14299774 -5.14699984 386.41799927 -0.884841 0.428526 -0.182818
65.35099792 -4.84700012 386.11801147 -0.884140 0.410229 -0.223627
65.22599792 -5.14699984 386.11801147 -0.884977 0.419665 -0.201734
40.31800079 27.19199944 377.11801147 0.215214 -0.897455 0.385042
39.41799927 -13.11999989 396.61801147 0.280363 0.859473 -0.427438
39.11800003 -13.02900028 396.61801147 0.291114 0.867246 -0.403902
39.11800003 -13.16600037 396.31799316 0.299892 0.856616 -0.419849
39.41799927 -13.26799965 396.31799316 0.253141 0.882248 -0.396937
40.01800156 -13.49600029 396.01800537 0.230071 0.864644 -0.446607
39.71799850 -13.44499969 396.01800537 0.164122 0.906238 -0.389611
65.00000000 -5.44700003 386.41799927 -0.880187 0.423024 -0.215223
65.08100128 -5.44700003 386.11801147 -0.895559 0.404961 -0.184337
64.95099640 -5.74700022 386.11801147 -0.870461 0.452284 -0.194260
39.71799850 -13.22000027 396.61801147 0.266720 0.878519 -0.396313
40.01800156 -13.31799984 396.61801147 0.159551 0.913533 -0.374167
40.01800156 -13.38099957 396.31799316 0.162546 0.941128 -0.296407
39.71799850 -13.32699966 396.31799316 0.194176 0.922690 -0.333075
65.66600037 13.15299988 376.21798706 -0.880946 -0.473125 0.009329
65.79900360 12.85299969 376.21798706 -0.832950 -0.528975 -0.162418
65.51799774 13.40100002 375.91799927 -0.801998 -0.532050 -0.271518
65.70700073 13.15299988 375.91799927 -0.783057 -0.419900 -0.458810
40.61800003 -13.39599991 396.61801147 0.203706 0.889564 -0.408877
40.31800079 -13.35299969 396.61801147 0.146220 0.901455 -0.407429
40.61800003 -13.54300022 396.31799316 0.188156 0.891187 -0.412776
40.31800079 -13.43099976 396.31799316 0.245853 0.886561 -0.391875
41.21799850 -13.63099957 396.31799316 0.132038 0.893031 -0.430188
40.91799927 -13.58899975 396.31799316 0.156163 0.895431 -0.416913
65.12000275 -5.44700003 385.81799316 -0.884589 0.434305 -0.169946
65.00099945 -5.74700022 385.81799316 -0.878735 0.454518 -0.145734
65.19100189 -5.44700003 385.51800537 -0.895828 0.417098 -0.153366
65.05000305 -5.74700022 385.51800537 -0.878912 0.448899 -0.161255
41.21799850 -13.50500011 396.61801147 0.124583 0.908473 -0.398944
40.91799927 -13.44099998 396.61801147 0.139293 0.910330 -0.389739
65.44699860 -4.84700012 385.81799316 -0.894539 0.416299 -0.162774
65.29399872 -5.14699984 385.81799316 -0.879960 0.442169 -0.173657
65.45800018 -4.84700012 385.51800537 -0.906047 0.412341 -0.095156
65.32099915 -5.14699984 385.51800537 -0.907842 0.403021 -0.115746
65.26000214 -5.44700003 385.21798706 -0.890596 0.415417 -0.185116
41.81800079 -13.58699989 396.61801147 0.179010 0.906506 -0.382365
65.09500122 -5.74700022 385.21798706 -0.873776 0.455183 -0.171243
41.81800079 -13.70400047 396.31799316 0.171817 0.893737 -0.414382
65.32499695 -5.44700003 384.91799927 -0.911197 0.378367 -0.162967
41.51800156 -13.67899990 396.31799316 0.122391 0.898939 -0.420630
65.15899658 -5.74700022 384.91799927 -0.867443 0.449398 -0.213502
65.49700165 -4.84700012 385.21798706 -0.901674 0.409080 -0.140135
65.36799622 -5.14699984 385.21798706 -0.914080 0.371566 -0.162472
65.41300201 -5.14699984 384.91799927 -0.903474 0.387615 -0.183000
65.55200195 -4.84700012 384.91799927 -0.899366 0.392477 -0.192618
45.41799927 -12.71300030 399.31799316 -0.086377 0.936862 -0.338865
65.50700378 -5.14699984 384.61801147 -0.904386 0.374777 -0.204029
65.64499664 -4.84700012 384.61801147 -0.909478 0.375499 -0.178469
65.67199707 -4.84700012 384.31799316 -0.916797 0.344693 -0.201667
65.56199646 -5.14699984 384.31799316 -0.916144 0.324618 -0.235168
65.75199890 -4.84700012 384.01800537 -0.889648 0.363335 -0.276613
65.66100311 -5.14699984 384.01800537 -0.884315 0.255868 -0.390535
56.81800079 -10.33699989 396.61801147 -0.524549 0.781208 -0.338470
56.81800079 -10.49400043 396.31799316 -0.523821 0.775255 -0.352975
50.21799850 -12.35099983 398.71798706 -0.229486 0.868447 -0.439473
49.91799927 -12.43400002 398.71798706 -0.193024 0.879660 -0.434673
50.21799850 -12.20800018 399.01800537 -0.204238 0.888950 -0.409945
49.91799927 -12.27200031 399.01800537 -0.180467 0.878860 -0.441631
50.81800079 -12.34399986 398.41799927 -0.274399 0.886174 -0.373363
50.81800079 -12.06599998 399.01800537 -0.223259 0.888599 -0.400683
50.51800156 -12.13399982 399.01800537 -0.215289 0.894842 -0.391036
50.81800079 -12.19099998 398.71798706 -0.232819 0.888272 -0.395941
50.51800156 -12.26500034 398.71798706 -0.232021 0.872697 -0.429612
51.41799927 -11.88899994 399.01800537 -0.297288 0.882809 -0.363687
51.11800003 -11.98299980 399.01800537 -0.263523 0.891809 -0.367741
51.41799927 -11.99899960 398.71798706 -0.306172 0.882319 -0.357452
51.11800003 -12.11900043 398.71798706 -0.280243 0.885689 -0.370161
51.71799850 -11.78100014 399.01800537 -0.318389 0.882737 -0.345550
52.01800156 -11.78699970 398.71798706 -0.320927 0.874564 -0.363515
51.71799850 -11.90699959 398.71798706 -0.309725 0.880826 -0.358072
52.01800156 -11.67199993 399.01800537 -0.294437 0.892279 -0.342264
45.71799850 -12.68200016 399.31799316 -0.067331 0.933388 -0.352496
46.01800156 -12.67000008 399.31799316 0.032302 0.934184 -0.355326
46.01800156 -12.56000042 399.61801147 -0.009048 0.918974 -0.394215
45.11800003 -12.84899998 399.01800537 0.006548 0.902381 -0.430890
45.41799927 -12.82999992 399.01800537 -0.068110 0.925489 -0.372600
25.22400093 -5.74700022 387.31799316 0.884027 0.463324 -0.061868
25.08200073 -5.44700003 387.31799316 0.890783 0.423014 -0.166029
25.27099991 -5.74700022 387.61801147 0.778139 0.541661 -0.317966
25.13199997 -5.44700003 387.61801147 0.904703 0.399092 -0.149127
45.71799850 -12.94400024 398.71798706 -0.049270 0.914831 -0.400821
46.01800156 -12.93099976 398.71798706 -0.049323 0.915805 -0.398582
45.71799850 -12.80399990 399.01800537 -0.049117 0.919947 -0.388953
46.01800156 -12.79899979 399.01800537 -0.016765 0.924655 -0.380437
59.21799850 -11.34000015 390.01800537 -0.603619 0.735610 -0.307443
58.91799927 -11.54599953 390.01800537 -0.580536 0.742245 -0.334738
46.31800079 -12.91800022 398.71798706 -0.062419 0.925655 -0.373184
46.61800003 -12.89400005 398.71798706 -0.068508 0.920151 -0.385523
46.31800079 -12.77600002 399.01800537 -0.037777 0.928799 -0.368654
46.61800003 -12.77600002 399.01800537 -0.093208 0.928023 -0.360673
46.31800079 -13.18000031 398.11801147 -0.063900 0.901392 -0.428263
46.61800003 -13.16499996 398.11801147 -0.058044 0.905756 -0.419806
46.31800079 -13.03199959 398.41799927 -0.060394 0.913961 -0.401284
46.61800003 -12.99100018 398.41799927 -0.057877 0.911222 -0.407829
46.91799927 -13.14299965 398.11801147 -0.033133 0.910501 -0.412177
47.21799850 -13.13399982 398.11801147 -0.063291 0.914351 -0.399945
46.91799927 -13.00199986 398.41799927 -0.035914 0.908499 -0.416340
47.21799850 -12.99100018 398.41799927 -0.069735 0.901092 -0.427984
46.91799927 -13.37699986 397.51800537 -0.065951 0.916586 -0.394361
47.21799850 -13.37899971 397.51800537 -0.051765 0.919824 -0.388901
46.91799927 -13.26099968 397.81799316 -0.059886 0.922245 -0.381940
47.21799850 -13.25100040 397.81799316 -0.046090 0.925754 -0.375306
45.11800003 -13.72200012 396.91799927 0.024744 0.920739 -0.389393
45.41799927 -13.73099995 396.91799927 0.001283 0.920203 -0.391439
45.11800003 -13.59300041 397.21798706 0.016927 0.915337 -0.402332
45.41799927 -13.60900021 397.21798706 0.006456 0.918054 -0.396403
59.21799850 -11.47299957 389.71798706 -0.618601 0.724647 -0.303677
58.91799927 -11.72799969 389.71798706 -0.599529 0.726259 -0.336321
47.51800156 -13.35999966 397.51800537 -0.085330 0.919670 -0.383309
47.81800079 -13.31900024 397.51800537 -0.094599 0.914455 -0.393476
47.51800156 -13.22000027 397.81799316 -0.094190 0.918690 -0.383584
47.81800079 -13.20199966 397.81799316 -0.118461 0.910058 -0.397192
47.51800156 -13.47200012 397.21798706 -0.102309 0.923510 -0.369677
47.81800079 -13.44600010 397.21798706 -0.101271 0.930345 -0.352424
67.55300140 9.85299969 382.51800537 -0.984280 -0.158678 0.077549
67.50399780 10.15299988 382.51800537 -0.979179 -0.190026 0.071411
48.11800003 -13.50899982 396.91799927 -0.146310 0.921057 -0.360898
48.41799927 -13.46599960 396.91799927 -0.156797 0.913941 -0.374334
48.11800003 -13.42399979 397.21798706 -0.143130 0.924093 -0.354352
48.41799927 -13.34599972 397.21798706 -0.177829 0.914753 -0.362772
67.57800293 9.85299969 382.81799316 -0.981649 -0.166237 0.093433
67.52200317 10.15299988 382.81799316 -0.978083 -0.181309 0.102372
48.11800003 -13.76799965 396.31799316 -0.132889 0.913435 -0.384678
48.41799927 -13.72399998 396.31799316 -0.120990 0.913682 -0.388002
48.11800003 -13.64900017 396.61801147 -0.139497 0.908841 -0.393127
48.41799927 -13.58699989 396.61801147 -0.130378 0.909843 -0.393938
45.11800003 -13.46599960 397.51800537 0.019571 0.917205 -0.397934
45.41799927 -13.46700001 397.51800537 0.006465 0.916701 -0.399521
45.11800003 -13.33399963 397.81799316 0.008989 0.923305 -0.383961
45.41799927 -13.33899975 397.81799316 -0.006432 0.919790 -0.392358
59.51800156 -11.30300045 389.41799927 -0.642977 0.713178 -0.279208
59.81800079 -11.18200016 389.11801147 -0.639481 0.701001 -0.315693
59.51800156 -11.41399956 389.11801147 -0.613416 0.737692 -0.282012
49.31800079 28.50600052 379.81799316 -0.201176 -0.888405 0.412631
49.31800079 28.64299965 380.11801147 -0.177367 -0.915216 0.361830
49.61800003 28.57900047 380.11801147 -0.199222 -0.897224 0.394081
58.61800003 -8.82199955 397.21798706 -0.588330 0.754146 -0.291773
49.31800079 28.74300003 380.41799927 -0.180800 -0.898214 0.400653
49.61800003 28.68600082 380.41799927 -0.179744 -0.904472 0.386809
58.31800079 -9.05500031 397.21798706 -0.573034 0.769866 -0.280961
58.61800003 -8.93599987 396.91799927 -0.581764 0.754851 -0.302902
58.31800079 -9.15499973 396.91799927 -0.580939 0.748302 -0.320241
56.09000015 22.45299911 372.01800537 -0.541843 -0.818077 0.192757
55.91799927 22.58699989 372.01800537 -0.365654 -0.883288 0.293426
47.81800079 -16.84700012 389.86199951 -0.337478 0.640719 -0.689629
47.51800156 -16.84700012 390.02899170 -0.114063 0.847534 -0.518339
59.81800079 -11.29500008 388.81799316 -0.619471 0.728319 -0.292928
59.51800156 -11.54500008 388.81799316 -0.624222 0.708532 -0.329135
59.81800079 -11.42000008 388.51800537 -0.631697 0.703149 -0.326404
59.51800156 -11.68900013 388.51800537 -0.609430 0.701420 -0.369601
49.01800156 -13.51299953 396.61801147 -0.207052 0.888413 -0.409698
60.11800003 -11.14900017 388.51800537 -0.654398 0.683626 -0.323139
48.71799850 -13.68799973 396.31799316 -0.121208 0.909754 -0.397060
49.01800156 -13.64700031 396.31799316 -0.184337 0.895559 -0.404961
48.71799850 -13.55799961 396.61801147 -0.127698 0.905111 -0.405546
49.31800079 -13.83500004 395.71798706 -0.200418 0.906929 -0.370558
49.61800003 -13.76200008 395.71798706 -0.200003 0.910805 -0.361156
49.31800079 -13.71700001 396.01800537 -0.206168 0.893394 -0.399176
49.61800003 -13.65100002 396.01800537 -0.218024 0.882479 -0.416768
63.03799820 -5.74700022 393.61801147 -0.756448 0.598526 -0.263730
48.71799850 -13.94699955 395.71798706 -0.129857 0.911795 -0.389572
49.01800156 -13.89900017 395.71798706 -0.170297 0.905867 -0.387820
48.71799850 -13.81400013 396.01800537 -0.133325 0.908011 -0.397167
49.01800156 -13.77099991 396.01800537 -0.150956 0.912791 -0.379507
49.31800079 -13.55500031 396.31799316 -0.225450 0.876417 -0.425518
59.98199844 -11.14700031 388.81799316 -0.666831 0.686113 -0.290835
63.57500076 -5.14699984 393.31799316 -0.798811 0.549669 -0.244470
63.46200180 -5.14699984 393.61801147 -0.789460 0.549943 -0.272608
63.67699814 -4.84700012 393.61801147 -0.799309 0.539651 -0.264351
24.84600067 -5.14699984 387.01800537 0.869620 0.426521 -0.248678
24.78800011 -5.14699984 386.71798706 0.892357 0.404555 -0.200087
63.13499832 -5.74700022 393.31799316 -0.761679 0.602149 -0.239295
63.36100006 -5.44700003 393.31799316 -0.785306 0.569854 -0.241993
63.26300049 -5.44700003 393.61801147 -0.781708 0.560619 -0.273203
59.51800156 -7.82399988 397.81799316 -0.621069 0.717859 -0.314567
59.81800079 -7.69600010 397.51800537 -0.650593 0.692567 -0.311575
59.51800156 -7.95599985 397.51800537 -0.624484 0.714848 -0.314662
22.12599945 1.45299995 382.21798706 0.949684 0.095888 -0.298172
22.04500008 1.75300002 382.21798706 0.978727 0.166618 -0.119718
24.20499992 -4.54699993 385.51800537 0.878855 0.398114 -0.262905
24.12000084 -4.24700022 385.51800537 0.898519 0.373772 -0.230126
24.11800003 -4.24300003 385.51800537 0.898519 0.373772 -0.230126
24.32900047 -4.54699993 385.81799316 0.867350 0.420763 -0.265825
24.19300079 -4.24700022 385.81799316 0.903750 0.372815 -0.210343
24.45000076 -5.14699984 385.51800537 0.923009 0.261877 -0.281911
24.38299942 -4.84700012 385.51800537 0.893385 0.364192 -0.263110
24.51199913 -5.14699984 385.81799316 0.951235 0.228675 -0.207026
24.46199989 -4.84700012 385.81799316 0.933103 0.282036 -0.223103
28.86800003 19.45299911 374.41799927 0.651449 -0.753466 0.088900
24.60099983 -5.44700003 385.81799316 0.852163 0.251533 -0.458857
30.41799927 22.92799950 379.21798706 0.674836 -0.681248 0.283720
30.11800003 22.64200020 379.21798706 0.657693 -0.699299 0.280039
30.41799927 22.80999947 378.91799927 0.665116 -0.690759 0.283676
30.11800003 22.53000069 378.91799927 0.659176 -0.703651 0.265259
31.61800003 25.06599998 381.91799927 0.575668 -0.763837 0.291821
31.31800079 24.91500092 382.21798706 0.562334 -0.772611 0.294707
31.31800079 24.81900024 381.91799927 0.590954 -0.753426 0.288309
51.41799927 24.29199982 371.41799927 -0.129425 -0.979930 0.151612
51.11800003 24.32399940 371.41799927 -0.172767 -0.945457 0.276155
24.05299950 15.85299969 384.01800537 0.920201 -0.353707 0.167694
24.11000061 15.85299969 383.71798706 0.910634 -0.380965 0.160034
24.29100037 16.15299988 383.41799927 0.906238 -0.389611 0.164122
24.15900040 15.85299969 383.41799927 0.905296 -0.390436 0.167330
24.35000038 16.15299988 383.11801147 0.900785 -0.397954 0.173836
24.21599960 15.85299969 383.11801147 0.911397 -0.372261 0.175433
24.39699936 16.15299988 382.81799316 0.899786 -0.398785 0.177078
24.28100014 15.85299969 382.81799316 0.911524 -0.380155 0.156867
24.46199989 16.15299988 382.51800537 0.900364 -0.405092 0.158888
24.33099937 15.85299969 382.51800537 0.906740 -0.394665 0.148530
59.12599945 20.65299988 372.91799927 -0.655829 -0.747203 0.107586
58.91799927 20.81200027 372.91799927 -0.591447 -0.790101 0.161030
59.17399979 20.65299988 373.21798706 -0.613401 -0.761729 0.208587
24.51199913 16.15299988 382.21798706 0.903392 -0.404186 0.143238
44.81800079 -15.95800018 391.81799316 -0.024594 0.928107 -0.371502
44.51800156 -15.95699978 391.81799316 0.014265 0.919454 -0.392940
24.38100052 15.85299969 382.21798706 0.902766 -0.402335 0.152120
24.55900002 16.15299988 381.91799927 0.879156 -0.434424 0.195859
44.81800079 -16.09499931 391.51800537 -0.027488 0.917575 -0.396612
44.51800156 -16.07500076 391.51800537 -0.030217 0.915709 -0.400705
61.03900146 22.15299988 380.41799927 -0.682131 -0.659448 0.315952
24.43199921 15.85299969 381.91799927 0.899651 -0.401604 0.171294
28.09000015 21.25300026 381.01800537 0.752148 -0.621339 0.219571
28.14200020 21.25300026 380.71798706 0.754428 -0.617542 0.222440
28.01799965 20.95299911 380.41799927 0.726497 -0.631114 0.271840
27.72500038 20.65299988 380.41799927 0.735147 -0.631250 0.247148
28.13199997 20.95299911 380.11801147 0.723658 -0.631004 0.279559
27.85899925 20.65299988 380.11801147 0.708733 -0.644739 0.286373
24.63100052 16.15299988 381.61801147 0.876561 -0.443437 0.187098
24.49900055 15.85299969 381.61801147 0.894384 -0.410228 0.178297
24.70000076 16.15299988 381.31799316 0.886698 -0.436861 0.151388
24.54899979 15.85299969 381.31799316 0.894067 -0.422000 0.150203
61.31000137 21.85300064 380.41799927 -0.721672 -0.622020 0.303777
26.97800064 19.15299988 379.21798706 0.759032 -0.609408 0.229112
26.71899986 18.85300064 379.21798706 0.789767 -0.573393 0.217920
27.06800079 19.15299988 378.91799927 0.774191 -0.583380 0.245552
26.85499954 18.85300064 378.91799927 0.762204 -0.587895 0.270970
26.71400070 18.55299950 378.61801147 0.771516 -0.586853 0.245696
60.71799850 22.34700012 380.11801147 -0.689961 -0.647752 0.323064
26.80999947 18.55299950 378.31799316 0.763397 -0.589539 0.263949
60.88899994 22.15299988 380.11801147 -0.695510 -0.643630 0.319383
26.59099960 18.25300026 378.31799316 0.794550 -0.554155 0.248199
67.61299896 9.85299969 383.11801147 -0.980579 -0.157921 0.116298
24.59799957 15.85299969 381.01800537 0.891923 -0.429550 0.141281
24.64900017 15.85299969 380.71798706 0.885374 -0.436166 0.160845
24.73200035 16.15299988 381.01800537 0.890972 -0.430470 0.144443
24.79299927 16.15299988 380.71798706 0.886371 -0.429359 0.173199
44.81800079 25.80800056 372.61801147 0.019623 -0.914443 0.404239
44.51800156 25.77899933 372.61801147 0.057735 -0.911677 0.406831
44.81800079 25.67099953 372.31799316 0.035393 -0.921526 0.386700
44.51800156 25.66399956 372.31799316 0.035541 -0.917471 0.396211
43.31800079 25.99699974 373.21798706 0.066064 -0.912758 0.403123
43.61800003 25.90200043 372.91799927 0.058849 -0.890953 0.450266
43.31800079 25.88500023 372.91799927 0.030651 -0.899534 0.435774
43.61800003 26.05699921 373.21798706 0.049985 -0.898384 0.436358
61.18600082 21.85300064 380.11801147 -0.712573 -0.635364 0.297576
43.01800156 26.00399971 373.21798706 0.073714 -0.923434 0.376611
42.71799850 25.94799995 373.21798706 0.134421 -0.901327 0.411752
43.01800156 25.88899994 372.91799927 0.108534 -0.886592 0.449639
42.71799850 25.79100037 372.91799927 0.202835 -0.894515 0.398373
25.35000038 16.15299988 378.01800537 0.815982 -0.529077 0.232917
42.11800003 26.00099945 373.51800537 0.202772 -0.897159 0.392416
67.55999756 10.15299988 383.11801147 -0.976437 -0.171283 0.131275
25.44599915 16.15299988 377.71798706 0.828983 -0.522850 0.198532
42.41799927 26.15299988 373.81799316 0.096273 -0.926115 0.364751
42.11800003 26.11899948 373.81799316 0.143073 -0.902354 0.406555
42.41799927 26.05999947 373.51800537 0.116715 -0.924106 0.363875
41.81800079 26.05500031 373.81799316 0.161255 -0.878912 0.448899
24.70800018 15.85299969 380.41799927 0.875532 -0.441457 0.196367
24.85700035 16.15299988 380.41799927 0.883239 -0.429169 0.188952
24.92200089 16.15299988 380.11801147 0.875387 -0.444336 0.190430
41.81800079 26.34399986 374.41799927 0.098597 -0.930596 0.352519
41.51800156 26.30699921 374.41799927 0.155184 -0.921316 0.356503
24.77199936 15.85299969 380.11801147 0.888481 -0.427573 0.166681
41.81800079 26.23699951 374.11801147 0.135155 -0.894865 0.425381
41.51800156 26.18600082 374.11801147 0.130605 -0.905810 0.403051
67.65000153 9.85299969 383.41799927 -0.983231 -0.150802 0.102546
39.41799927 26.61400032 376.21798706 0.253549 -0.894093 0.369203
39.11800003 26.52700043 376.21798706 0.287896 -0.893521 0.344580
39.41799927 26.48399925 375.91799927 0.220541 -0.883644 0.412959
39.11800003 26.40399933 375.91799927 0.259346 -0.882977 0.391268
38.81800079 26.68099976 376.81799316 0.271771 -0.869970 0.411452
67.60399628 10.15299988 383.41799927 -0.979069 -0.173210 0.106875
38.51800156 26.58600044 376.81799316 0.282788 -0.863649 0.417303
38.81800079 26.52199936 376.51800537 0.284622 -0.880973 0.377990
38.51800156 26.44599915 376.51800537 0.258963 -0.884664 0.387695
24.98800087 16.15299988 379.81799316 0.863611 -0.460891 0.204343
24.82399940 15.85299969 379.81799316 0.870049 -0.460787 0.175187
25.06399918 16.15299988 379.51800537 0.870994 -0.453982 0.187803
24.89900017 15.85299969 379.51800537 0.854038 -0.483107 0.192944
24.71899986 15.55300045 379.51800537 0.871170 -0.461208 0.168377
25.12100029 16.15299988 379.21798706 0.864545 -0.467121 0.185365
24.95599937 15.85299969 379.21798706 0.861852 -0.473203 0.182457
25.18499947 16.15299988 378.91799927 0.865440 -0.471658 0.168974
25.02300072 15.85299969 378.91799927 0.866703 -0.460760 0.191119
24.78899956 15.55300045 379.21798706 0.856895 -0.472718 0.205595
24.86400032 15.55300045 378.91799927 0.866193 -0.454714 0.207230
25.23100090 16.15299988 378.61801147 0.874275 -0.463871 0.143063
25.08499908 15.85299969 378.61801147 0.883512 -0.435206 0.173209
25.27499962 16.15299988 378.31799316 0.856277 -0.492029 0.157155
25.13999939 15.85299969 378.31799316 0.904038 -0.412197 0.113179
24.93600082 15.55300045 378.61801147 0.868401 -0.460090 0.184924
24.78000069 15.25300026 378.61801147 0.878855 -0.453182 0.149130
25.00600052 15.55300045 378.31799316 0.874399 -0.462576 0.146458
24.81999969 15.25300026 378.31799316 0.859449 -0.487558 0.153735
25.16500092 15.85299969 378.01800537 0.870761 -0.459609 0.174740
25.24900055 15.85299969 377.71798706 0.841648 -0.495890 0.213824
25.02899933 15.55300045 378.01800537 0.891663 -0.438084 0.114099
24.87299919 15.25300026 378.01800537 0.876119 -0.460432 0.142893
25.08399963 15.55300045 377.71798706 0.860641 -0.475500 0.182201
24.92000008 15.25300026 377.71798706 0.890430 -0.434530 0.135345
25.30900002 15.85299969 377.41799927 0.849764 -0.500991 0.164041
25.15800095 15.55300045 377.41799927 0.855091 -0.487565 0.176353
24.95999908 15.25300026 377.41799927 0.865291 -0.465926 0.184891
25.20100021 15.55300045 377.11801147 0.847387 -0.480540 0.225869
25.03800011 15.25300026 377.11801147 0.861548 -0.462988 0.208270
25.12100029 15.25300026 376.81799316 0.835081 -0.502270 0.224419
25.20100021 15.25300026 376.51800537 0.827824 -0.545511 0.130864
25.32299995 15.55300045 376.81799316 0.838145 -0.484433 0.250675
25.38400078 15.55300045 376.51800537 0.876746 -0.466172 0.118325
65.30799866 18.85300064 386.71798706 -0.873081 -0.456350 0.171681
65.24600220 18.85300064 386.41799927 -0.869101 -0.457500 0.188034
65.02400208 19.15299988 386.11801147 -0.851432 -0.494811 0.173853
65.17800140 18.85300064 386.11801147 -0.872868 -0.450465 0.187571
63.75999832 20.35300064 384.01800537 -0.813610 -0.532629 0.233122
63.94900131 20.05299950 384.01800537 -0.837386 -0.495720 0.230319
63.85900116 20.05299950 383.71798706 -0.831860 -0.499731 0.241408
63.68099976 20.35300064 383.71798706 -0.795403 -0.548500 0.257842
63.31499863 20.95299911 384.01800537 -0.787293 -0.565916 0.244762
63.54700089 20.65299988 384.01800537 -0.770457 -0.585296 0.252635
63.24000168 20.95299911 383.71798706 -0.800653 -0.560918 0.210536
63.44300079 20.65299988 383.71798706 -0.780890 -0.574322 0.245691
63.16400146 20.95299911 383.41799927 -0.786888 -0.564745 0.248738
63.35900116 20.65299988 383.41799927 -0.802774 -0.540898 0.250964
63.25500107 20.65299988 383.11801147 -0.797009 -0.536056 0.278246
63.05099869 20.95299911 383.11801147 -0.765161 -0.574268 0.291111
63.15399933 20.65299988 382.81799316 -0.786295 -0.545818 0.289521
67.43800354 10.45300007 382.51800537 -0.979212 -0.182151 0.089242
62.92699814 20.95299911 382.81799316 -0.756927 -0.584826 0.291616
62.81900024 20.95299911 382.51800537 -0.774710 -0.576711 0.259284
63.04299927 20.65299988 382.51800537 -0.786215 -0.553029 0.275727
62.68999863 21.25300026 382.81799316 -0.772550 -0.566325 0.287128
62.59799957 21.25300026 382.51800537 -0.779059 -0.575281 0.249236
62.04000092 21.85300064 382.21798706 -0.742915 -0.623546 0.243450
61.92699814 21.85300064 381.91799927 -0.691803 -0.653101 0.308006
62.06399918 21.55299950 381.61801147 -0.720685 -0.613797 0.322284
62.27899933 21.25300026 381.61801147 -0.767741 -0.577784 0.277020
62.17499924 21.25300026 381.31799316 -0.739905 -0.608863 0.286054
61.91400146 21.55299950 381.31799316 -0.729586 -0.624219 0.279382
61.31800079 22.37599945 381.61801147 -0.710335 -0.639782 0.293434
61.51800156 22.15299988 381.61801147 -0.710769 -0.646880 0.276322
61.77299881 21.85300064 381.61801147 -0.706461 -0.642091 0.297711
61.37699890 22.15299988 381.31799316 -0.708552 -0.647773 0.279902
61.67200089 21.85300064 381.31799316 -0.724551 -0.638937 0.258429
67.39600372 10.75300026 382.51800537 -0.976608 -0.187380 0.105479
61.56600189 21.85300064 381.01800537 -0.710643 -0.650230 0.268677
61.43899918 21.85300064 380.71798706 -0.710357 -0.633039 0.307660
67.46199799 10.45300007 382.81799316 -0.980515 -0.169728 0.098906
61.01900101 22.45299911 381.01800537 -0.693054 -0.664243 0.280103
60.71799850 22.73999977 381.01800537 -0.673314 -0.679742 0.290859
60.88399887 22.45299911 380.71798706 -0.684644 -0.668610 0.290212
61.28200150 22.15299988 381.01800537 -0.718571 -0.645603 0.258559
61.16600037 22.15299988 380.71798706 -0.705672 -0.644589 0.294164
66.51200104 14.35299969 383.41799927 -0.945049 -0.288803 0.153215
66.59999847 14.05300045 383.41799927 -0.944012 -0.292033 0.153487
66.46600342 14.35299969 383.11801147 -0.942200 -0.297751 0.153634
66.55300140 14.05300045 383.11801147 -0.949528 -0.284458 0.132213
66.33000183 14.95300007 383.41799927 -0.912381 -0.368653 0.177921
66.42700195 14.65299988 383.41799927 -0.939315 -0.304901 0.157236
66.25099945 14.95300007 383.11801147 -0.905492 -0.376927 0.194962
66.36699677 14.65299988 383.11801147 -0.926671 -0.327639 0.184209
66.42400360 14.35299969 382.81799316 -0.936644 -0.316786 0.149479
66.51399994 14.05300045 382.81799316 -0.945539 -0.294556 0.138536
66.37400055 14.35299969 382.51800537 -0.930472 -0.326847 0.165510
66.47000122 14.05300045 382.51800537 -0.939967 -0.295026 0.171527
67.43000031 10.75300026 382.81799316 -0.978623 -0.178491 0.102171
66.96800232 10.15299988 378.01800537 -0.963173 -0.250091 0.098754
67.04000092 9.85299969 378.01800537 -0.970524 -0.215812 0.107275
66.93099976 10.15299988 377.71798706 -0.954777 -0.296738 0.018624
67.02799988 9.85299969 377.71798706 -0.975196 -0.218971 -0.032307
67.07399750 9.55300045 378.01800537 -0.968046 -0.204408 0.145271
67.16500092 9.25300026 378.01800537 -0.952912 -0.280733 0.114666
67.06099701 9.55300045 377.71798706 -0.991272 -0.130460 0.018956
67.10700226 9.25300026 377.71798706 -0.929668 -0.368020 0.016670
29.81800079 -9.12399960 393.01800537 0.672682 0.679104 -0.293797
30.05400085 -9.34700012 393.01800537 0.668966 0.700596 -0.248293
29.51799965 -8.98200035 392.71798706 0.656645 0.672939 -0.340543
29.81800079 -9.32999992 392.71798706 0.645384 0.661890 -0.381288
29.83900070 -9.34700012 392.71798706 0.777413 0.523104 -0.349273
29.81800079 -8.97299957 393.61801147 0.687527 0.648518 -0.326697
29.81800079 -9.04699993 393.45300293 0.656805 0.701551 -0.276465
29.81800079 -9.09799957 393.31799316 0.603474 0.772386 -0.198087
29.81800079 -8.79500008 393.91799927 0.710516 0.605980 -0.357708
30.11800003 -8.97299957 394.21798706 0.621069 0.717859 -0.314567
30.41799927 -9.14700031 394.21798706 0.570649 0.748471 -0.337863
30.41799927 -9.31200027 393.91799927 0.544465 0.731984 -0.409582
30.45700073 -9.34700012 393.91799927 0.550033 0.737209 -0.392412
30.11800003 -9.09599972 393.91799927 0.601083 0.690500 -0.402378
23.09900093 11.35299969 379.21798706 0.964145 -0.262949 0.035801
23.01799965 11.05300045 379.21798706 0.963764 -0.258264 0.066771
23.08200073 11.35299969 378.91799927 0.962133 -0.267190 0.053940
23.04400063 11.05300045 378.91799927 0.972760 -0.225797 0.052483
65.12100220 -2.74699998 392.71798706 -0.886576 0.425030 -0.182573
65.26499939 -2.44700003 392.71798706 -0.878157 0.445654 -0.173878
65.06099701 -2.74699998 393.01800537 -0.884364 0.428295 -0.185643
65.20099640 -2.44700003 393.01800537 -0.878600 0.445878 -0.171042
39.41799927 -12.10799980 398.71798706 0.245853 0.886561 -0.391875
39.11800003 -12.07299995 398.71798706 0.201484 0.883882 -0.422087
67.51100159 10.45300007 383.11801147 -0.977395 -0.168087 0.128244
67.44899750 10.75300026 383.11801147 -0.974459 -0.179803 0.134538
67.55000305 10.45300007 383.41799927 -0.979865 -0.165559 0.111599
67.49700165 10.75300026 383.41799927 -0.977307 -0.177579 0.115489
40.01800156 -12.32999992 398.71798706 0.280319 0.905535 -0.318478
39.71799850 -12.23999977 398.71798706 0.324008 0.874670 -0.360516
40.01800156 -12.43200016 398.41799927 0.264340 0.888599 -0.374855
39.71799850 -12.35200024 398.41799927 0.248195 0.890231 -0.381952
40.01800156 -12.58300018 398.11801147 0.209757 0.893301 -0.397512
39.71799850 -12.50100040 398.11801147 0.223756 0.863489 -0.452018
22.00099945 5.65299988 382.51800537 0.999444 -0.029606 -0.015313
22.01600075 5.95300007 382.51800537 0.999807 -0.019015 0.005004
22.01099968 5.65299988 382.81799316 0.999855 -0.012985 -0.010987
22.00900078 5.95300007 382.81799316 0.999972 -0.002961 0.006910
52.01800156 -15.83500004 389.41799927 -0.203943 0.939247 -0.276086
22.06200027 6.85300016 386.11801147 0.999948 -0.004955 0.008919
22.07299995 7.15299988 386.11801147 0.998690 -0.048742 0.015556
22.05200005 6.85300016 386.41799927 0.999847 -0.009008 -0.015013
22.05200005 7.15299988 386.41799927 0.999036 -0.043880 -0.001020
50.81800079 25.52799988 373.81799316 -0.284358 -0.871321 0.399926
50.51800156 25.60199928 373.81799316 -0.149763 -0.900002 0.409351
50.51800156 25.45499992 373.51800537 -0.159963 -0.913064 0.375135
40.61800003 -12.61400032 398.41799927 0.157459 0.926638 -0.341393
40.31800079 -12.52900028 398.41799927 0.242485 0.900868 -0.360053
40.61800003 -12.68999958 398.11801147 0.155428 0.919967 -0.359865
40.31800079 -12.65400028 398.11801147 0.205612 0.913032 -0.352272
40.61800003 -12.84300041 397.81799316 0.132199 0.894120 -0.427870
40.31800079 -12.78199959 397.81799316 0.193773 0.874196 -0.445234
40.31800079 -12.93799973 397.51800537 0.166651 0.907320 -0.386003
67.98500061 4.15299988 379.81799316 -0.825562 -0.130971 -0.548903
67.91799927 3.85299993 380.07800293 -0.955388 -0.125189 -0.267509
68.01300049 3.85299993 379.81799316 -0.780500 -0.184815 -0.597212
68.21800232 4.15299988 379.58599854 -0.593573 -0.125820 -0.794884
52.01800156 -15.85200024 389.11801147 -0.180128 0.981760 -0.060838
51.78099823 -15.94699955 389.11801147 -0.413374 0.905551 -0.095394
60.71799850 22.50099945 380.41799927 -0.661149 -0.683780 0.308752
40.91799927 -12.86999989 397.81799316 0.169477 0.890841 -0.421520
67.05999756 -0.34700000 386.11801147 -0.966107 0.239940 -0.095214
67.12400055 -0.04700000 386.11801147 -0.967118 0.232566 -0.102939
67.02500153 -0.34700000 386.41799927 -0.967475 0.236494 -0.089792
67.08399963 -0.04700000 386.41799927 -0.968928 0.234398 -0.078968
41.21799850 -12.96399975 397.81799316 0.241383 0.877075 -0.415299
41.21799850 -13.07800007 397.51800537 0.221368 0.895734 -0.385561
40.91799927 -13.02000046 397.51800537 0.168342 0.896386 -0.410064
66.89099884 -0.94700003 386.11801147 -0.955216 0.286693 -0.073280
66.97599792 -0.64700001 386.11801147 -0.958925 0.272698 -0.078097
33.71799850 22.95400047 373.51800537 0.503258 -0.786240 0.358551
66.85399628 -0.94700003 386.41799927 -0.953565 0.287501 -0.089763
66.94599915 -0.64700001 386.41799927 -0.959667 0.265932 -0.091213
34.01800156 23.34900093 373.81799316 0.491555 -0.810829 0.317693
33.71799850 23.14299965 373.81799316 0.518287 -0.765245 0.381810
34.01800156 23.18000031 373.51800537 0.509784 -0.763861 0.395774
33.41799927 23.19499969 374.41799927 0.462256 -0.828927 0.314961
33.41799927 23.08300018 374.11801147 0.488693 -0.803876 0.339061
34.01800156 23.52700043 374.41799927 0.492477 -0.786349 0.372991
41.81800079 -13.11499977 397.81799316 0.131487 0.900614 -0.414254
33.71799850 23.35099983 374.41799927 0.453767 -0.823737 0.339930
34.01800156 23.39999962 374.11801147 0.471887 -0.847563 0.242815
33.71799850 23.24600029 374.11801147 0.466627 -0.842393 0.269504
41.51800156 -13.06200027 397.81799316 0.244204 0.876437 -0.414997
34.61800003 24.17900085 375.01800537 0.394933 -0.847624 0.354347
34.31800079 24.02599907 375.01800537 0.443636 -0.818899 0.364132
34.61800003 24.00600052 374.71798706 0.441189 -0.823869 0.355798
34.31800079 23.85700035 374.71798706 0.453036 -0.805219 0.382599
41.51800156 -13.17300034 397.51800537 0.241844 0.901420 -0.359102
66.83999634 -0.94700003 386.71798706 -0.947191 0.290722 -0.135313
66.91999817 -0.64700001 386.71798706 -0.955786 0.268774 -0.119309
41.81800079 -13.27499962 397.51800537 0.148950 0.922934 -0.354975
66.77999878 -0.94700003 387.01800537 -0.946286 0.292097 -0.138645
34.01800156 24.06399918 375.61801147 0.503836 -0.787144 0.355744
66.86299896 -0.64700001 387.01800537 -0.950967 0.274189 -0.143113
33.71799850 23.86100006 375.61801147 0.477476 -0.803245 0.356111
34.01800156 23.94199944 375.31799316 0.517038 -0.806202 0.287593
33.71799850 23.73500061 375.31799316 0.478766 -0.828093 0.291626
34.31800079 24.24300003 375.61801147 0.421787 -0.845131 0.328403
34.31800079 24.12700081 375.31799316 0.464092 -0.832866 0.301582
34.61800003 24.36499977 375.61801147 0.424461 -0.837958 0.343015
34.61800003 24.27700043 375.31799316 0.396181 -0.867314 0.301342
66.73100281 -1.24699998 386.71798706 -0.941516 0.301122 -0.151242
34.01800156 24.29999924 376.21798706 0.447293 -0.840038 0.307027
34.61800003 24.63500023 376.21798706 0.459523 -0.815694 0.351400
34.31800079 24.47900009 376.21798706 0.468722 -0.811923 0.347967
34.61800003 24.53100014 375.91799927 0.447987 -0.814667 0.368274
34.31800079 24.35600090 375.91799927 0.434170 -0.835424 0.336991
66.63600159 -1.54700005 386.71798706 -0.935166 0.310801 -0.169905
66.56999969 -1.54700005 387.01800537 -0.932281 0.329122 -0.150101
43.31800079 -12.88199997 398.71798706 0.063734 0.904479 -0.421729
66.67299652 -1.24699998 387.01800537 -0.934313 0.323363 -0.149985
34.31800079 24.73299980 376.81799316 0.471075 -0.820837 0.322978
43.61800003 -12.91100025 398.71798706 0.088619 0.914822 -0.394014
34.61800003 24.77599907 376.51800537 0.444993 -0.831807 0.331779
34.31800079 24.62299919 376.51800537 0.473983 -0.813222 0.337654
43.31800079 -12.74600029 399.01800537 0.087807 0.925355 -0.368791
41.21799850 -13.22700024 397.21798706 0.159993 0.892213 -0.422324
40.91799927 -13.17399979 397.21798706 0.177836 0.894962 -0.409167
62.73699951 20.65299988 381.61801147 -0.767270 -0.587663 0.256807
62.63899994 20.65299988 381.31799316 -0.771648 -0.575974 0.269840
41.21799850 -13.36499977 396.91799927 0.127698 0.905111 -0.405546
43.61800003 -12.79800034 399.01800537 0.105589 0.920133 -0.377104
40.91799927 -13.34000015 396.91799927 0.202282 0.881476 -0.426711
66.17099762 -2.74699998 386.71798706 -0.915653 0.372731 -0.150499
66.29299927 -2.44700003 386.71798706 -0.915653 0.372731 -0.150499
66.25099945 -2.44700003 387.01800537 -0.910731 0.385472 -0.148259
35.51800156 26.01399994 378.31799316 0.387153 -0.850492 0.356056
66.19300079 -2.44700003 387.31799316 -0.910652 0.393077 -0.127295
66.16000366 -2.44700003 387.61801147 -0.909048 0.399536 -0.118329
35.81800079 26.28199959 378.61801147 0.425099 -0.829655 0.361888
35.51800156 26.12999916 378.61801147 0.369442 -0.857910 0.357076
35.81800079 26.13699913 378.31799316 0.411660 -0.840538 0.352181
66.06700134 -2.74699998 387.31799316 -0.918118 0.370322 -0.141141
66.03099823 -2.74699998 387.61801147 -0.914873 0.381314 -0.132692
35.81800079 26.51799965 379.21798706 0.372922 -0.858805 0.351259
35.51800156 26.39699936 379.21798706 0.411660 -0.840538 0.352181
35.81800079 26.40299988 378.91799927 0.396129 -0.852843 0.340205
35.51800156 26.26399994 378.91799927 0.405989 -0.841760 0.355828
29.81800079 -9.52700043 392.41799927 0.825355 0.480805 -0.296000
29.81800079 -9.64700031 392.20901489 0.631737 0.618332 -0.467519
29.79599953 -9.64700031 392.11801147 0.755722 0.622814 -0.202453
29.51799965 -9.12500000 392.41799927 0.663904 0.663904 -0.344186
29.72299957 -9.34700012 392.41799927 0.769239 0.547621 -0.329215
29.51799965 -9.29300022 392.11801147 0.700287 0.615006 -0.362444
29.21800041 -8.86100006 392.41799927 0.678165 0.665217 -0.312377
29.28100014 -9.04699993 392.11801147 0.685381 0.662804 -0.301568
53.51800156 26.65399933 378.61801147 -0.358194 -0.831579 0.424468
53.51800156 26.50200081 378.31799316 -0.368542 -0.842157 0.393634
53.81800079 26.36000061 378.31799316 -0.397444 -0.837302 0.375451
53.81800079 26.51799965 378.61801147 -0.410376 -0.815962 0.407183
41.81800079 -13.33300018 397.21798706 0.170873 0.919327 -0.354456
65.06500244 -4.54699993 388.51800537 -0.876335 0.449140 -0.174097
41.51800156 -13.27200031 397.21798706 0.184957 0.921961 -0.340264
65.20600128 -4.24700022 388.51800537 -0.877453 0.448216 -0.170819
64.98699951 -4.54699993 388.81799316 -0.856998 0.474116 -0.201911
65.14700317 -4.24700022 388.81799316 -0.882420 0.436105 -0.176484
41.81800079 -13.47099972 396.91799927 0.182525 0.904002 -0.386608
41.51800156 -13.40299988 396.91799927 0.148744 0.905216 -0.398069
65.09899902 -4.24700022 389.11801147 -0.880780 0.444030 -0.164509
65.04900360 -4.24700022 389.41799927 -0.869956 0.452022 -0.197111
64.61900330 -5.14699984 389.11801147 -0.855873 0.485044 -0.179481
64.76499939 -4.84700012 389.11801147 -0.877453 0.448216 -0.170819
64.54699707 -5.14699984 389.41799927 -0.841068 0.499809 -0.206870
64.69599915 -4.84700012 389.41799927 -0.867687 0.462668 -0.181815
41.51800156 -13.53299999 396.61801147 0.133279 0.910509 -0.391421
64.91400146 -4.54699993 389.11801147 -0.858748 0.484611 -0.166447
64.86599731 -4.54699993 389.41799927 -0.862308 0.476112 -0.172462
42.41799927 -13.44699955 397.21798706 0.091681 0.912707 -0.398197
42.11800003 -13.39500046 397.21798706 0.093773 0.922783 -0.373734
42.41799927 -13.53899956 396.91799927 0.079980 0.917736 -0.389055
42.11800003 -13.52700043 396.91799927 0.148530 0.906740 -0.394665
38.21799850 24.84399986 372.91799927 0.291244 -0.879767 0.375749
37.91799927 24.73200035 372.91799927 0.338909 -0.841806 0.420122
38.24800110 24.85300064 372.91799927 0.285932 -0.887737 0.360784
62.76599884 -6.94700003 391.51800537 -0.750273 0.604343 -0.268068
62.99700165 -6.64699984 391.51800537 -0.768823 0.590318 -0.245836
62.65100098 -6.94700003 391.81799316 -0.758022 0.593441 -0.270609
62.87400055 -6.64699984 391.81799316 -0.750034 0.607922 -0.260538
62.27299881 -7.54699993 391.51800537 -0.769978 0.584175 -0.256659
62.51200104 -7.24700022 391.51800537 -0.752847 0.604487 -0.260419
62.20100021 -7.54699993 391.81799316 -0.767538 0.591742 -0.246428
62.41400146 -7.24700022 391.81799316 -0.772933 0.584795 -0.246147
62.08100128 -7.54699993 392.11801147 -0.757381 0.603070 -0.250361
62.31600189 -7.24700022 392.11801147 -0.778804 0.582937 -0.231620
61.98699951 -7.54699993 392.41799927 -0.744666 0.618718 -0.250321
62.24700165 -7.24700022 392.41799927 -0.769946 0.595736 -0.228651
63.33100128 -8.44699955 385.81799316 -0.838250 0.469482 -0.277351
63.20800018 -8.74699974 385.81799316 -0.834441 0.353577 -0.422720
63.44900131 -8.44699955 385.51800537 -0.831165 0.373788 -0.411640
63.37200165 -8.74699974 385.51800537 -0.839008 0.066275 -0.540067
62.04499817 -7.84700012 391.51800537 -0.738925 0.625487 -0.250510
61.95199966 -7.84700012 391.81799316 -0.743796 0.621141 -0.246884
61.31800079 -8.18299961 392.71798706 -0.693456 0.671240 -0.261831
60.56100082 -8.74699974 393.31799316 -0.685279 0.669230 -0.287271
60.40999985 -8.74699974 393.61801147 -0.678901 0.675691 -0.287289
60.70100021 -8.44699955 393.61801147 -0.676736 0.689415 -0.258332
60.71799850 -8.34300041 393.91799927 -0.645086 0.723947 -0.244470
60.27899933 -8.74699974 393.91799927 -0.686283 0.663782 -0.297336
60.14899826 -8.74699974 394.21798706 -0.664607 0.683917 -0.300924
60.41799927 -8.48200035 394.21798706 -0.625487 0.738925 -0.250510
42.41799927 -13.70100021 396.61801147 0.101530 0.899859 -0.424199
42.11800003 -13.66899967 396.61801147 0.161631 0.902561 -0.399072
42.41799927 -13.83399963 396.31799316 0.131305 0.902194 -0.410858
42.11800003 -13.78499985 396.31799316 0.170799 0.902794 -0.394703
58.31800079 -9.67599964 395.71798706 -0.562779 0.775208 -0.286938
58.61800003 -9.44099998 395.71798706 -0.582341 0.746880 -0.321013
58.31800079 -9.56499958 396.01800537 -0.578801 0.749701 -0.320840
44.21799850 26.61000061 374.41799927 0.003890 -0.911599 0.411062
43.91799927 26.60000038 374.41799927 0.086298 -0.908186 0.409574
44.21799850 26.47599983 374.11801147 -0.003915 -0.904368 0.426736
43.91799927 26.45400047 374.11801147 0.077745 -0.909747 0.407818
43.61800003 26.55200005 374.41799927 0.107115 -0.905605 0.410374
43.31800079 26.51899910 374.41799927 0.068606 -0.918779 0.388766
43.61800003 26.39900017 374.11801147 0.082673 -0.917534 0.388969
43.31800079 26.39399910 374.11801147 0.079551 -0.920908 0.381577
43.61800003 26.31299973 373.81799316 0.051168 -0.930216 0.363427
43.31800079 26.30100060 373.81799316 0.085041 -0.924647 0.371209
43.61800003 26.18400002 373.51800537 0.054924 -0.912266 0.405898
43.31800079 26.16399956 373.51800537 0.111943 -0.913511 0.391110
43.01800156 26.50200081 374.41799927 0.085790 -0.916459 0.390823
42.71799850 26.45800018 374.41799927 0.130753 -0.906834 0.400694
43.01800156 26.39699936 374.11801147 0.156163 -0.895431 0.416913
42.71799850 26.31699944 374.11801147 0.128904 -0.896659 0.423540
47.21799850 25.65099907 372.61801147 -0.070626 -0.928799 0.363791
46.91799927 25.68099976 372.61801147 -0.086061 -0.911152 0.402983
47.21799850 25.59199905 372.31799316 -0.106667 -0.910134 0.400348
46.91799927 25.56100082 372.31799316 -0.091290 -0.916990 0.388324
43.01800156 26.21100044 373.81799316 0.144469 -0.915904 0.374497
42.71799850 26.16799927 373.81799316 0.104304 -0.930608 0.350841
43.01800156 26.12100029 373.51800537 0.131956 -0.918138 0.373645
42.71799850 26.08799934 373.51800537 0.100886 -0.934881 0.340323
60.41799927 22.78499985 380.41799927 -0.647752 -0.689961 0.323064
63.51900101 -4.84700012 394.21798706 -0.817441 0.540394 -0.199413
63.29999924 -5.14699984 394.21798706 -0.785701 0.582741 -0.207573
57.41799927 -9.80500031 396.91799927 -0.543433 0.765967 -0.343476
63.57699966 -4.84700012 393.91799927 -0.805639 0.549930 -0.220280
57.11800003 -9.90100002 397.21798706 -0.548976 0.767923 -0.330030
60.11800003 22.90900040 380.11801147 -0.655361 -0.687725 0.312308
43.01800156 -13.74699974 396.61801147 0.101376 0.904052 -0.415225
57.41799927 -9.68299961 397.21798706 -0.537255 0.782766 -0.314063
60.41799927 22.63100052 380.11801147 -0.651893 -0.681155 0.333262
63.36299896 -5.14699984 393.91799927 -0.794319 0.566049 -0.220558
42.71799850 -13.74600029 396.61801147 0.107710 0.896649 -0.429440
65.93900299 13.45300007 378.31799316 -0.920121 -0.341678 0.191397
65.82199860 13.75300026 378.31799316 -0.905810 -0.389427 0.166897
43.01800156 -13.92099953 396.31799316 0.075649 0.895412 -0.438765
65.98699951 13.45300007 378.61801147 -0.920057 -0.358190 0.158727
65.85800171 13.75300026 378.61801147 -0.910942 -0.382737 0.153942
42.71799850 -13.86600018 396.31799316 0.102316 0.890013 -0.444306
57.11800003 -10.03100014 396.91799927 -0.539658 0.771631 -0.336682
56.81800079 -9.87399960 397.81799316 -0.524101 0.791728 -0.313824
56.51800156 -10.16600037 397.51800537 -0.489413 0.801872 -0.342748
56.81800079 -9.97200012 397.51800537 -0.514758 0.795245 -0.320329
56.51800156 -10.04800034 397.81799316 -0.487130 0.815037 -0.313718
43.61800003 -12.67599964 399.31799316 0.081907 0.927836 -0.363884
55.91799927 -10.29500008 398.11801147 -0.488658 0.811267 -0.321028
56.21799850 -10.10000038 398.11801147 -0.493075 0.806995 -0.325017
55.91799927 -10.17700005 398.41799927 -0.494348 0.798316 -0.343964
56.21799850 -9.98299980 398.41799927 -0.482766 0.804610 -0.345744
43.01800156 -14.17599964 395.71798706 0.083256 0.910357 -0.405362
43.01800156 -14.06599998 396.01800537 0.082791 0.916130 -0.392239
42.71799850 -14.02099991 396.01800537 0.115291 0.909825 -0.398656
55.61800003 -10.46199989 398.11801147 -0.454185 0.835014 -0.310594
55.31800079 -10.51599979 398.41799927 -0.430490 0.837498 -0.336565
55.61800003 -10.35499954 398.41799927 -0.459958 0.820337 -0.339831
42.71799850 -14.12800026 395.71798706 0.109405 0.909861 -0.400228
43.31800079 -12.64200020 399.31799316 0.044656 0.947992 -0.315147
48.41799927 25.49500084 372.61801147 -0.084784 -0.890929 0.446159
48.11800003 25.51499939 372.61801147 -0.155948 -0.897060 0.413477
48.41799927 25.34099960 372.31799316 -0.140135 -0.901674 0.409080
48.11800003 25.39599991 372.31799316 -0.139088 -0.911802 0.386357
48.71799850 25.15800095 372.01800537 -0.177088 -0.916608 0.358426
49.01800156 25.10600090 372.01800537 -0.168577 -0.913716 0.369736
49.01800156 24.98999977 371.71798706 -0.171527 -0.939967 0.295026
48.71799850 25.05400085 371.71798706 -0.164750 -0.943568 0.287291
49.31800079 24.86100006 371.41799927 -0.256502 -0.934901 0.245289
49.01800156 24.93199921 371.41799927 -0.175387 -0.961334 0.212311
48.71799850 24.97100067 371.41799927 -0.191276 -0.961655 0.196552
48.71799850 24.90600014 371.11801147 -0.318084 -0.932028 0.173627
68.08799744 7.45300007 389.71798706 -0.999235 0.035944 -0.015404
68.07800293 7.75299978 389.71798706 -0.999956 0.008884 -0.002961
68.07499695 7.45300007 390.01800537 -0.998212 0.059331 0.007286
68.09500122 7.75299978 390.01800537 -0.999211 0.023668 0.031901
43.61800003 -14.06299973 396.01800537 0.049135 0.917622 -0.394405
43.31800079 -14.07499981 396.01800537 0.032921 0.915207 -0.401638
67.24199677 11.95300007 383.71798706 -0.958674 -0.263344 0.107673
67.26899719 11.95300007 384.01800537 -0.958281 -0.265829 0.105035
43.61800003 -14.21199989 395.71798706 0.041644 0.898698 -0.436587
43.31800079 -14.19799995 395.71798706 0.038571 0.908409 -0.416299
58.61800003 21.23999977 373.51800537 -0.619471 -0.728319 0.292928
58.61800003 21.12700081 373.21798706 -0.618174 -0.741492 0.260866
58.82099915 20.95299911 373.21798706 -0.617644 -0.752118 0.229857
58.61800003 21.02799988 372.91799927 -0.584397 -0.764943 0.270818
22.61499977 9.55300045 379.21798706 0.970506 -0.218332 0.102225
22.55400085 9.25300026 379.21798706 0.963896 -0.245145 0.103962
22.62299919 9.55300045 378.91799927 0.979705 -0.199678 0.017516
22.61800003 9.52400017 378.91799927 0.980788 -0.194296 0.017452
22.57699966 9.25300026 378.91799927 0.967531 -0.246528 0.055748
22.78300095 10.15299988 379.21798706 0.961474 -0.254242 0.104536
22.67399979 9.85299969 379.21798706 0.955902 -0.277016 0.097541
22.80800056 10.15299988 378.91799927 0.965534 -0.260274 0.001199
22.69899940 9.85299969 378.91799927 0.959503 -0.281633 0.006096
50.81800079 25.24399948 373.21798706 -0.240780 -0.861659 0.446730
50.51800156 25.32699966 373.21798706 -0.237277 -0.859942 0.451885
50.81800079 25.09399986 372.91799927 -0.182818 -0.884841 0.428526
50.51800156 25.14299965 372.91799927 -0.271431 -0.868881 0.413970
43.61800003 -14.39500046 395.41799927 0.070091 0.894688 -0.441159
43.31800079 -14.33899975 395.41799927 0.072456 0.900917 -0.427901
43.61800003 -14.51000023 395.11801147 0.049458 0.912969 -0.405021
43.31800079 -14.46000004 395.11801147 0.086061 0.911152 -0.402983
64.26200104 -5.14699984 390.61801147 -0.843089 0.500443 -0.196871
52.01800156 -15.58800030 390.01800537 -0.329699 0.842217 -0.426578
51.71799850 -15.64500046 390.01800537 -0.205111 0.880946 -0.426455
52.15700150 -15.64700031 389.71798706 -0.451445 0.822106 -0.346900
67.87799835 4.15299988 385.81799316 -0.995437 0.094032 -0.016212
67.83799744 3.85299993 385.81799316 -0.992440 0.115504 -0.041492
67.87500000 4.15299988 385.51800537 -0.996566 0.076659 -0.031311
67.85800171 3.85299993 385.51800537 -0.995488 0.078099 -0.053899
52.01800156 -15.72200012 389.71798706 -0.366197 0.860639 -0.353836
44.21799850 -14.35999966 395.41799927 0.014490 0.902351 -0.430757
43.91799927 -14.37899971 395.41799927 -0.003929 0.899854 -0.436174
44.21799850 -14.51399994 395.11801147 0.017016 0.909696 -0.414926
43.91799927 -14.51399994 395.11801147 -0.006482 0.913953 -0.405769
42.71799850 -12.82400036 398.71798706 0.125003 0.927223 -0.353032
51.71799850 -15.81200027 389.71798706 -0.260503 0.857679 -0.443312
44.81800079 -14.38700008 395.41799927 0.006492 0.910169 -0.414185
43.01800156 -12.86100006 398.71798706 0.095523 0.904010 -0.416703
44.51800156 -14.39099979 395.41799927 0.009110 0.909704 -0.415158
44.81800079 -14.49699974 395.11801147 -0.016758 0.926827 -0.375114
44.51800156 -14.51399994 395.11801147 -0.011679 0.914870 -0.403581
32.81800079 25.92099953 381.91799927 0.534202 -0.795787 0.285223
31.91799927 25.27199936 381.91799927 0.545547 -0.767628 0.336340
44.21799850 -14.65400028 394.81799316 -0.014454 0.905349 -0.424423
43.91799927 -14.63799953 394.81799316 0.001315 0.892578 -0.450890
60.12699890 23.05299950 380.41799927 -0.656645 -0.676198 0.334026
48.11800003 27.00200081 375.91799927 -0.110591 -0.900123 0.421364
48.41799927 26.95800018 375.91799927 -0.116704 -0.898476 0.423226
48.11800003 27.12299919 376.21798706 -0.113179 -0.904038 0.412197
48.41799927 27.10099983 376.21798706 -0.127518 -0.906640 0.402173
48.71799850 26.91699982 375.91799927 -0.143472 -0.899189 0.413371
49.01800156 26.85899925 375.91799927 -0.154339 -0.910459 0.383724
48.71799850 27.05400085 376.21798706 -0.182525 -0.904002 0.386608
49.01800156 26.97999954 376.21798706 -0.172218 -0.912329 0.371479
48.11800003 26.71400070 375.31799316 -0.107754 -0.926142 0.361455
48.41799927 26.70299911 375.31799316 -0.110449 -0.925867 0.361347
48.11800003 26.85300064 375.61801147 -0.110141 -0.904828 0.411285
48.41799927 26.80200005 375.61801147 -0.112738 -0.906082 0.407806
67.57299805 10.45300007 383.71798706 -0.985941 -0.151955 0.069499
67.53099823 10.75300026 383.71798706 -0.983565 -0.161731 0.080267
44.81800079 -14.62199974 394.81799316 -0.001290 0.914819 -0.403862
44.51800156 -14.65799999 394.81799316 -0.044085 0.909756 -0.412797
67.58399963 10.45300007 384.01800537 -0.986370 -0.142935 0.081508
44.81800079 -14.77099991 394.51800537 -0.014509 0.898255 -0.439235
44.51800156 -14.76200008 394.51800537 -0.038864 0.901906 -0.430181
45.41799927 -14.65100002 394.81799316 -0.006492 0.910169 -0.414185
45.11800003 -14.61999989 394.81799316 0.043861 0.913096 -0.405378
67.55599976 10.75300026 384.01800537 -0.983271 -0.159677 0.087642
44.81800079 -14.92599964 394.21798706 -0.027921 0.900111 -0.434765
44.51800156 -14.93500042 394.21798706 -0.022634 0.896054 -0.443367
28.48900032 19.45299911 375.31799316 0.756699 -0.620524 0.205810
28.61800003 19.61599922 375.31799316 0.718317 -0.648854 0.251016
28.41500092 19.45299911 375.61801147 0.736388 -0.636327 0.229828
44.81800079 -15.06999969 393.91799927 -0.051818 0.920772 -0.386644
28.65500069 19.75300026 375.61801147 0.723251 -0.654519 0.220256
44.51800156 -15.09399986 393.91799927 0.008973 0.926750 -0.375571
28.91799927 19.83799934 375.31799316 0.600284 -0.723920 0.339998
28.91799927 19.59700012 374.71798706 0.638740 -0.718383 0.275566
29.07099915 19.75300026 374.71798706 0.688080 -0.675367 0.265379
28.96500015 19.75300026 375.01800537 0.660993 -0.699219 0.272361
28.61800003 19.48299980 375.01800537 0.665314 -0.675027 0.318898
29.23800087 20.05299950 375.01800537 0.687410 -0.687410 0.234380
29.22299957 19.75300026 374.11801147 0.640839 -0.764686 0.067684
29.21800041 19.75300026 374.17898560 0.650495 -0.756757 0.064619
28.91799927 19.48900032 374.41799927 0.658910 -0.746570 0.092043
29.21800041 19.77400017 374.41799927 0.684846 -0.706296 0.179255
29.51799965 20.00900078 374.11801147 0.681045 -0.725173 0.101495
61.75299835 -9.04699993 389.41799927 -0.707304 0.636413 -0.307734
61.47299957 -9.34700012 389.41799927 -0.705672 0.644589 -0.294164
61.89599991 -9.04699993 389.11801147 -0.755093 0.607528 -0.246465
61.61800003 -9.37199974 389.11801147 -0.692196 0.666618 -0.276559
61.33000183 -9.64700031 389.11801147 -0.687603 0.668370 -0.283696
62.51800156 -9.54800034 386.11801147 -0.756210 0.527550 -0.387088
68.06199646 7.15299988 391.81799316 -0.993586 0.111132 -0.020906
68.02700043 6.85300016 391.81799316 -0.995457 0.093830 -0.016178
68.06500244 7.15299988 391.51800537 -0.997364 0.072364 -0.005244
68.04599762 6.85300016 391.51800537 -0.995414 0.095363 -0.007500
68.05400085 7.15299988 391.21798706 -0.998267 0.058843 0.001032
68.04699707 6.85300016 391.21798706 -0.996207 0.086487 -0.009610
68.06199646 7.15299988 390.91799927 -0.998073 0.057966 -0.022133
68.04699707 6.85300016 390.91799927 -0.996830 0.072203 -0.033407
32.51800156 -10.54699993 394.89498901 0.570236 0.644249 -0.509680
32.20199966 -10.54699993 394.51800537 0.607663 0.724334 -0.325707
32.46900177 -10.54699993 394.81799316 0.577914 0.628460 -0.520628
32.21799850 -10.27000046 394.81799316 0.578551 0.665752 -0.471225
31.91799927 -10.09500027 394.81799316 0.428803 0.788027 -0.441748
31.91799927 -9.88700008 395.41799927 0.530026 0.814355 -0.236426
31.91799927 -10.00100040 395.11801147 0.467405 0.823073 -0.322619
32.21799850 -10.14000034 395.11801147 0.497852 0.787863 -0.362513
32.21799850 -10.02099991 395.41799927 0.392622 0.885265 -0.249307
31.61800003 -9.77299976 395.11801147 0.558581 0.752870 -0.348101
31.31800079 -9.59399986 395.11801147 0.606486 0.731966 -0.310482
31.31800079 -9.43000031 395.41799927 0.585083 0.707044 -0.397197
31.61800003 -9.63099957 395.41799927 0.568582 0.746769 -0.345037
31.47400093 -9.94699955 394.51800537 0.665116 0.690759 -0.283676
31.31800079 -9.78100014 394.51800537 0.661149 0.683780 -0.308752
31.31800079 -9.68299961 394.81799316 0.586325 0.773949 -0.239221
31.61800003 -9.94400024 394.81799316 0.576414 0.729906 -0.367402
68.00599670 6.55299997 391.21798706 -0.992236 0.117990 -0.039330
67.96900177 6.25299978 391.21798706 -0.991222 0.109115 -0.074657
68.01899719 6.55299997 390.91799927 -0.994389 0.098443 -0.038714
68.00399780 6.25299978 390.91799927 -0.993910 0.101283 -0.043407
31.01799965 -9.27799988 395.11801147 0.669451 0.682294 -0.293788
30.71800041 -8.99699974 395.11801147 0.555364 0.794933 -0.244236
31.01799965 -9.14799976 395.41799927 0.612366 0.722236 -0.321532
30.71800041 -8.92199993 395.41799927 0.608858 0.748025 -0.264102
45.41799927 -15.15100002 393.61801147 -0.052462 0.908004 -0.415664
45.11800003 -15.16699982 393.61801147 -0.063378 0.912917 -0.403194
45.41799927 -15.28899956 393.31799316 -0.067189 0.895402 -0.440159
30.71800041 -8.78600025 395.71798706 0.576148 0.720596 -0.385740
31.01799965 -9.00899982 395.71798706 0.581735 0.746104 -0.323903
31.19899940 -9.04699993 396.01800537 0.641895 0.690646 -0.333135
31.01799965 -8.86800003 396.01800537 0.616063 0.685432 -0.388136
45.11800003 -15.29699993 393.31799316 -0.047234 0.897441 -0.438599
67.95999908 5.95300007 390.61801147 -0.992580 0.121473 -0.005472
67.93599701 5.65299988 390.61801147 -0.992658 0.120950 -0.001090
67.97100067 5.95300007 390.31799316 -0.993810 0.110181 -0.014182
67.93199921 5.65299988 390.31799316 -0.993698 0.109185 -0.025366
45.41799927 -14.89799976 394.21798706 -0.026845 0.939567 -0.341312
45.11800003 -14.91699982 394.21798706 -0.038142 0.921977 -0.385363
45.41799927 -15.00300026 393.91799927 -0.051596 0.924756 -0.377046
45.11800003 -15.02999973 393.91799927 -0.065765 0.919362 -0.387877
46.01800156 -14.88899994 394.21798706 -0.057151 0.923716 -0.378790
45.71799850 -14.89299965 394.21798706 -0.008882 0.935193 -0.354028
46.01800156 -15.02600002 393.91799927 -0.016758 0.926827 -0.375114
45.71799850 -14.99699974 393.91799927 0.001273 0.925729 -0.378186
46.01800156 -15.14000034 393.61801147 -0.019576 0.914870 -0.403274
45.71799850 -15.12399960 393.61801147 0.001292 0.911072 -0.412244
46.01800156 -15.27900028 393.31799316 -0.025044 0.908175 -0.417840
45.71799850 -15.27000046 393.31799316 -0.022413 0.905753 -0.423212
22.30800056 8.65299988 379.21798706 0.900092 -0.412483 -0.140329
22.44499969 8.95300007 379.21798706 0.937202 -0.346778 0.037385
22.46899986 8.95300007 378.91799927 0.926054 -0.373857 0.051521
58.01800156 -13.17800045 387.91799927 -0.691776 0.659675 -0.293724
58.01800156 -13.05300045 388.21798706 -0.640264 0.719702 -0.268498
47.21799850 -15.56599998 392.41799927 -0.094463 0.915883 -0.390174
46.91799927 -15.59099960 392.41799927 -0.108620 0.917086 -0.383609
67.46600342 11.05300045 383.71798706 -0.972604 -0.211545 0.096384
47.21799850 -15.69600010 392.11801147 -0.098512 0.903258 -0.417636
46.91799927 -15.72900009 392.11801147 -0.101784 0.899328 -0.425264
67.39399719 11.35299969 383.71798706 -0.968409 -0.227189 0.102806
67.50000000 11.05300045 384.01800537 -0.974859 -0.202423 0.093139
67.43099976 11.35299969 384.01800537 -0.970215 -0.220790 0.099671
58.31800079 21.23200035 372.61801147 -0.556773 -0.818085 -0.144019
58.55799866 20.95299911 372.61801147 -0.597421 -0.755888 -0.267809
67.99700165 3.55299997 380.11801147 -0.850665 -0.255047 -0.459695
67.91799927 3.55299997 380.28601074 -0.927432 -0.154340 -0.340661
67.87999725 3.55299997 380.41799927 -0.983659 -0.070346 -0.165732
67.91999817 4.15299988 381.01800537 -0.999342 -0.033755 -0.013297
67.90599823 3.85299993 380.71798706 -0.997970 0.063479 0.005203
67.90599823 4.15299988 380.71798706 -0.999626 -0.017217 -0.021269
67.90000153 3.85299993 381.01800537 -0.998099 0.061405 -0.005204
28.14200020 -7.24700022 393.31799316 0.789659 0.565377 -0.238300
28.25399971 -7.24700022 393.61801147 0.788779 0.549469 -0.275522
27.72100067 -6.94700003 392.71798706 0.751655 0.602906 -0.267431
27.83799934 -6.94700003 393.01800537 0.747590 0.604738 -0.274592
28.40800095 -6.94700003 394.51800537 0.763970 0.597685 -0.243153
28.51600075 -6.94700003 394.81799316 0.776848 0.579901 -0.245403
28.16399956 -6.64699984 394.51800537 0.708740 0.641241 -0.294103
28.28700066 -6.64699984 394.81799316 0.738834 0.618078 -0.268522
28.37700081 -6.64699984 395.11801147 0.754803 0.610433 -0.240093
28.76499939 -6.94700003 395.41799927 0.710201 0.626077 -0.321936
28.49300003 -6.64699984 395.41799927 0.714151 0.633910 -0.296894
28.12599945 -6.34700012 395.11801147 0.722475 0.646922 -0.243973
27.83600044 -6.04699993 395.11801147 0.736030 0.628857 -0.250597
28.20800018 -6.34700012 395.41799927 0.722780 0.643701 -0.251471
27.95800018 -6.04699993 395.41799927 0.737082 0.602192 -0.306716
28.33399963 -6.34700012 395.71798706 0.720852 0.617643 -0.314466
28.47100067 -6.34700012 396.01800537 0.730713 0.584245 -0.353151
28.01799965 -5.94899988 395.71798706 0.736490 0.577161 -0.352800
28.86000061 -6.94700003 395.71798706 0.715997 0.642644 -0.272685
28.60300064 -6.64699984 395.71798706 0.724990 0.632574 -0.272469
28.71500015 -6.64699984 396.01800537 0.716935 0.616596 -0.325291
24.04199982 13.45300007 377.71798706 0.898266 -0.426083 0.107568
24.00099945 13.45300007 378.01800537 0.925423 -0.360572 0.116535
23.81100082 12.85299969 377.71798706 0.909733 -0.414943 -0.014399
23.94300079 13.15299988 377.71798706 0.930829 -0.363219 0.040358
23.80999947 12.85299969 378.01800537 0.914496 -0.388765 0.112064
23.90900040 13.15299988 378.01800537 0.932417 -0.343379 0.112650
23.73900032 12.85299969 377.11801147 0.968169 -0.094919 -0.231601
23.75499916 13.15299988 377.11801147 0.831211 -0.529766 -0.168630
23.79299927 12.85299969 377.41799927 0.907496 -0.379916 -0.179205
23.93400002 13.15299988 377.41799927 0.894419 -0.436744 -0.096279
24.10799980 13.45300007 377.11801147 0.745738 -0.661425 -0.079952
24.07099915 13.45300007 377.41799927 0.865628 -0.491608 0.094922
27.62599945 21.55299950 383.11801147 0.770668 -0.604536 0.201512
22.86100006 12.85299969 385.81799316 0.953951 -0.279493 0.108910
22.89299965 12.85299969 385.51800537 0.955437 -0.281316 0.089451
22.94099998 13.15299988 385.81799316 0.962572 -0.244196 0.117576
22.99300003 13.15299988 385.51800537 0.961359 -0.259861 0.090887
22.87500000 13.15299988 386.41799927 0.970010 -0.229047 0.081356
22.80699921 12.85299969 386.41799927 0.969676 -0.234659 0.068287
22.90500069 13.15299988 386.11801147 0.965873 -0.238597 0.100798
22.83699989 12.85299969 386.11801147 0.962175 -0.258704 0.085385
23.04000092 13.75300026 386.41799927 0.955662 -0.280621 0.089230
22.95400047 13.45300007 386.41799927 0.961227 -0.265385 0.074917
23.05999947 13.75300026 386.11801147 0.953517 -0.281989 0.106238
22.97500038 13.45300007 386.11801147 0.960642 -0.257292 0.104727
22.82399940 13.15299988 387.01800537 0.969208 -0.235753 0.071100
22.76799965 12.85299969 387.01800537 0.973835 -0.211596 0.082906
22.84700012 13.15299988 386.71798706 0.970496 -0.227986 0.078487
22.78800011 12.85299969 386.71798706 0.974555 -0.214525 0.064970
22.93000031 13.45300007 386.71798706 0.959035 -0.273828 0.072596
67.35299683 12.55300045 385.81799316 -0.964538 -0.233710 0.122665
37.31800079 24.15699959 372.01800537 0.317162 -0.838994 0.442151
25.64599991 15.85299969 375.91799927 0.772203 -0.610756 0.175155
25.79899979 16.15299988 375.91799927 0.869446 -0.483656 0.100703
25.57699966 15.85299969 376.21798706 0.839545 -0.518586 0.161965
25.76600075 16.15299988 376.21798706 0.850086 -0.508885 0.135606
63.03900146 17.05299950 374.71798706 -0.804193 -0.585266 0.103626
62.83900070 17.35300064 374.71798706 -0.814464 -0.534252 0.226326
63.11800003 17.05299950 375.01800537 -0.797443 -0.551837 0.244052
62.92399979 17.35300064 375.01800537 -0.815806 -0.524778 0.243039
62.64500046 17.65299988 374.71798706 -0.791752 -0.565537 0.230863
62.74599838 17.65299988 375.01800537 -0.801534 -0.554433 0.223935
62.81700134 17.65299988 375.31799316 -0.789659 -0.565377 0.238300
62.58700180 17.95299911 375.31799316 -0.774783 -0.583826 0.242609
62.91299820 17.65299988 375.61801147 -0.774218 -0.575539 0.263329
62.69100189 17.95299911 375.61801147 -0.788844 -0.560782 0.251493
62.07300186 18.85300064 375.91799927 -0.709606 -0.635588 0.304117
62.20399857 18.85300064 376.21798706 -0.731263 -0.609118 0.306970
61.95800018 19.15299988 376.21798706 -0.725374 -0.616005 0.307198
40.91799927 25.35199928 372.61801147 0.208477 -0.879744 0.427304
41.21799850 25.33099937 372.31799316 0.221276 -0.920795 0.321207
40.91799927 25.24500084 372.31799316 0.273120 -0.890998 0.362668
41.21799850 25.46999931 372.61801147 0.232134 -0.891572 0.388861
67.43900299 12.25300026 385.81799316 -0.967730 -0.219181 0.124331
37.31800079 24.51399994 372.91799927 0.308577 -0.861253 0.403761
37.61800003 24.60199928 372.91799927 0.325263 -0.858633 0.396174
37.31800079 24.66600037 373.21798706 0.348000 -0.829845 0.436180
37.61800003 24.77400017 373.21798706 0.346095 -0.802239 0.486447
37.91799927 24.47100067 372.31799316 0.329810 -0.853171 0.404134
38.21799850 24.58900070 372.31799316 0.327463 -0.862474 0.385884
37.91799927 24.62599945 372.61801147 0.338924 -0.866480 0.366529
38.21799850 24.71599960 372.61801147 0.268778 -0.895433 0.354906
37.54499817 24.25300026 372.01800537 0.310057 -0.891227 0.331027
37.61800003 24.28300095 372.01800537 0.262835 -0.920640 0.288687
37.93899918 24.25300026 371.71798706 0.239207 -0.935846 0.258791
37.91799927 24.25300026 371.74499512 0.260629 -0.927156 0.269174
38.21799850 24.35300064 371.71798706 0.363335 -0.889648 0.276613
37.91799927 24.32900047 372.01800537 0.280581 -0.906378 0.315837
38.21799850 24.44400024 372.01800537 0.374792 -0.862175 0.340860
38.43799973 24.55299950 372.01800537 0.418889 -0.869534 0.261616
64.61799622 14.99899960 375.01800537 -0.797905 -0.544949 -0.257641
42.71799850 -12.94600010 398.41799927 0.168226 0.917470 -0.360485
65.61499786 18.25300026 386.71798706 -0.897714 -0.410915 0.158926
65.47100067 18.55299950 386.71798706 -0.874740 -0.448396 0.183769
23.15299988 -2.74699998 384.01800537 0.828330 0.205183 -0.521316
23.21800041 -2.74699998 384.13800049 0.894006 0.190431 -0.405573
23.01799965 -2.44700003 384.01800537 0.878784 0.253871 -0.404090
64.96600342 19.15299988 385.81799316 -0.845719 -0.480003 0.233144
65.11599731 18.85300064 385.81799316 -0.878524 -0.428151 0.211853
65.02999878 18.85300064 385.51800537 -0.856693 -0.448889 0.254117
55.01800156 -14.76500034 388.81799316 -0.472590 0.745935 -0.469297
54.71799850 -14.94099998 388.81799316 -0.445754 0.717514 -0.535236
55.01800156 -15.01299953 388.51800537 -0.433546 0.692677 -0.576400
54.71799850 -15.04699993 388.69100952 -0.441910 0.662032 -0.605334
64.48699951 19.45299911 384.61801147 -0.839554 -0.492152 0.230077
64.39700317 19.45299911 384.31799316 -0.829625 -0.503316 0.241653
64.31900024 19.45299911 384.01800537 -0.824155 -0.508718 0.248947
64.11599731 19.75300026 384.01800537 -0.826964 -0.510907 0.234741
64.03199768 19.75300026 383.71798706 -0.836701 -0.498363 0.227083
64.22000122 19.45299911 383.71798706 -0.831192 -0.502403 0.238142
63.76399994 20.05299950 383.41799927 -0.808133 -0.519402 0.277747
63.95600128 19.75300026 383.41799927 -0.821671 -0.520648 0.231911
64.14099884 19.45299911 383.41799927 -0.843240 -0.492016 0.216487
63.86100006 19.75300026 383.11801147 -0.794250 -0.549866 0.258484
64.07299805 19.45299911 383.11801147 -0.838651 -0.493414 0.230667
63.67900085 19.75300026 382.51800537 -0.802634 -0.553063 0.223382
63.35300064 20.35300064 382.81799316 -0.789460 -0.549943 0.272608
63.56100082 20.05299950 382.81799316 -0.802405 -0.544766 0.243670
63.23899841 20.35300064 382.51800537 -0.775716 -0.570333 0.270158
63.47800064 20.05299950 382.51800537 -0.790591 -0.566927 0.231430
61.08000183 21.55299950 379.21798706 -0.715838 -0.646000 0.265066
60.71799850 21.79500008 378.91799927 -0.664607 -0.683917 0.300924
60.97200012 21.55299950 378.91799927 -0.688549 -0.659524 0.301543
61.24300003 21.25300026 378.91799927 -0.714918 -0.631377 0.300426
60.79299927 21.85300064 379.21798706 -0.680675 -0.661273 0.315277
60.41799927 22.22200012 379.21798706 -0.663567 -0.673301 0.326105
60.33800125 22.15299988 378.91799927 -0.662963 -0.682319 0.308092
58.91799927 22.79199982 377.41799927 -0.605283 -0.706984 0.365795
59.21799850 22.50900078 377.41799927 -0.622322 -0.706815 0.336346
58.91799927 22.63100052 377.11801147 -0.603548 -0.726523 0.328472
58.61800003 23.00699997 377.41799927 -0.559893 -0.742716 0.367277
58.61800003 22.87100029 377.11801147 -0.584701 -0.740189 0.332032
67.71499634 4.75299978 392.41799927 -0.988448 0.133889 -0.071019
23.15800095 11.95300007 380.41799927 0.954956 -0.283766 0.086814
23.07699966 11.65299988 380.41799927 0.947921 -0.303703 0.095975
23.18300056 11.95300007 380.11801147 0.954504 -0.280737 0.100543
23.09300041 11.65299988 380.11801147 0.951648 -0.290088 0.101072
22.92300034 11.35299969 380.71798706 0.955605 -0.275079 0.105599
23.07699966 11.95300007 381.01800537 0.947123 -0.293380 0.129945
22.98600006 11.65299988 381.01800537 0.951526 -0.286382 0.112177
23.12199974 11.95300007 380.71798706 0.948579 -0.291359 0.123728
23.03899956 11.65299988 380.71798706 0.948995 -0.288825 0.126444
67.67800140 4.45300007 392.41799927 -0.981396 0.184383 -0.053531
56.21799850 24.19700050 376.21798706 -0.485406 -0.799397 0.354042
56.21799850 24.04400063 375.91799927 -0.499201 -0.783536 0.369958
55.91799927 24.24099922 375.91799927 -0.470092 -0.807920 0.355357
67.72599792 4.75299978 392.11801147 -0.988571 0.147088 -0.033066
67.67800140 4.45300007 392.11801147 -0.980910 0.190502 -0.039047
23.00799942 11.95300007 381.61801147 0.959610 -0.262181 0.102031
22.94000053 11.65299988 381.61801147 0.968805 -0.238149 0.068577
23.04199982 11.95300007 381.31799316 0.953951 -0.279493 0.108910
22.95999908 11.65299988 381.31799316 0.961986 -0.259340 0.085595
22.48800087 10.75300026 384.61801147 0.983973 -0.164985 0.067656
22.45700073 10.45300007 384.61801147 0.983033 -0.170392 0.067919
22.51600075 10.75300026 384.31799316 0.984642 -0.167823 0.048117
22.46899986 10.45300007 384.31799316 0.984006 -0.173923 0.038520
22.31599998 9.85299969 385.81799316 0.991496 -0.123230 0.041831
22.30699921 9.85299969 385.51800537 0.989830 -0.141723 0.012275
22.34799957 10.15299988 385.81799316 0.990823 -0.129925 0.037283
22.35799980 10.15299988 385.51800537 0.990801 -0.134553 0.014456
67.68199921 12.85299969 389.11801147 -0.957803 -0.107867 0.266417
67.44999695 13.75300026 388.81799316 -0.964477 -0.194461 0.178800
67.50499725 13.45300007 388.81799316 -0.972391 -0.198525 0.122655
67.41000366 13.75300026 388.51800537 -0.973862 -0.194772 0.116863
67.45899963 13.45300007 388.51800537 -0.973517 -0.206201 0.098726
22.22299957 9.55300045 387.61801147 0.996979 -0.067902 0.037724
22.20899963 9.25300026 387.61801147 0.996391 -0.076979 0.035779
22.24500084 9.55300045 387.31799316 0.996207 -0.086487 0.009610
22.20700073 9.25300026 387.31799316 0.995688 -0.089926 -0.022752
67.57299805 13.15299988 388.81799316 -0.966661 -0.200579 0.159169
67.62899780 12.85299969 388.81799316 -0.984269 -0.138545 0.109631
67.54499817 13.15299988 388.51800537 -0.968578 -0.234921 0.081657
67.61900330 12.85299969 388.51800537 -0.984584 -0.162320 0.065165
67.51499939 13.15299988 388.21798706 -0.963972 -0.242598 0.109105
67.59600067 12.85299969 388.21798706 -0.979514 -0.163868 0.117049
67.48500061 13.15299988 387.91799927 -0.965194 -0.232623 0.119525
67.53600311 12.85299969 387.91799927 -0.979318 -0.159309 0.124730
64.27799988 17.35300064 379.51800537 -0.826338 -0.517797 0.221477
67.62599945 12.55300045 388.21798706 -0.983386 -0.134263 0.122167
67.67299652 12.25300026 388.21798706 -0.983767 -0.145699 0.104759
67.57499695 12.55300045 387.91799927 -0.980967 -0.143287 0.131041
67.62699890 12.25300026 387.91799927 -0.982524 -0.158316 0.097890
64.22100067 17.35300064 379.21798706 -0.834698 -0.520000 0.181326
64.13999939 17.35300064 378.91799927 -0.825583 -0.520377 0.218222
67.68800354 11.95300007 388.21798706 -0.985139 -0.150920 0.081996
67.76200104 11.65299988 388.21798706 -0.981696 -0.182060 0.055927
67.68800354 11.95300007 387.91799927 -0.982351 -0.167542 0.083168
67.73699951 11.65299988 387.91799927 -0.979076 -0.188518 0.076623
67.54599762 12.55300045 387.61801147 -0.984973 -0.155647 0.074853
67.60199738 12.25300026 387.61801147 -0.982456 -0.171540 0.073174
67.54399872 12.55300045 387.31799316 -0.979792 -0.191150 0.058908
67.58000183 12.25300026 387.31799316 -0.985885 -0.161792 0.043067
67.65899658 11.95300007 387.61801147 -0.981078 -0.173417 0.086102
67.70800018 11.65299988 387.61801147 -0.979070 -0.177679 0.099255
67.62999725 11.95300007 387.31799316 -0.985980 -0.159857 0.047840
67.68299866 11.65299988 387.31799316 -0.983973 -0.164985 0.067656
67.75900269 11.35299969 387.61801147 -0.977002 -0.190965 0.094867
67.83200073 11.05300045 387.61801147 -0.982151 -0.167508 0.085562
67.73699951 11.35299969 387.31799316 -0.979718 -0.185287 0.076295
67.79599762 11.05300045 387.31799316 -0.978671 -0.182506 0.094315
67.61699677 11.95300007 387.01800537 -0.986688 -0.158101 0.038083
67.67299652 11.65299988 387.01800537 -0.988358 -0.140201 0.059093
67.61699677 11.95300007 386.71798706 -0.981334 -0.166596 0.096066
67.65499878 11.65299988 386.71798706 -0.988834 -0.126953 0.078035
67.70999908 11.35299969 387.01800537 -0.982897 -0.166817 0.078008
67.77600098 11.05300045 387.01800537 -0.979494 -0.175304 0.099298
67.67199707 11.35299969 386.71798706 -0.984459 -0.149523 0.092106
67.74600220 11.05300045 386.71798706 -0.980661 -0.171768 0.093802
67.81199646 10.75300026 387.01800537 -0.986681 -0.129420 0.098549
67.84899902 10.45300007 387.01800537 -0.988406 -0.116352 0.097548
67.78199768 10.75300026 386.71798706 -0.986949 -0.131199 0.093376
67.81999969 10.45300007 386.71798706 -0.989124 -0.124660 0.078058
67.38899994 12.25300026 385.51800537 -0.967959 -0.216669 0.126924
67.65799713 11.35299969 386.41799927 -0.983096 -0.162049 0.085226
67.70700073 11.05300045 386.41799927 -0.982403 -0.177428 0.058349
67.63800049 11.35299969 386.11801147 -0.982896 -0.174711 0.058237
67.70300293 11.05300045 386.11801147 -0.984913 -0.165522 0.050478
67.76200104 10.75300026 386.41799927 -0.989067 -0.133032 0.063624
67.79799652 10.45300007 386.41799927 -0.990050 -0.125629 0.063391
67.75099945 10.75300026 386.11801147 -0.989761 -0.127897 0.063372
67.77899933 10.45300007 386.11801147 -0.989730 -0.121546 0.075243
48.71799850 27.97599983 378.31799316 -0.148193 -0.884839 0.441700
49.01800156 27.90900040 378.31799316 -0.198143 -0.885041 0.421238
48.71799850 28.10700035 378.61801147 -0.133994 -0.924143 0.357777
49.01800156 28.03400040 378.61801147 -0.216343 -0.904573 0.367347
67.71800232 10.75300026 385.81799316 -0.987930 -0.111863 0.107153
67.74900055 10.45300007 385.81799316 -0.985763 -0.130240 0.106343
67.67400360 10.75300026 385.51800537 -0.986299 -0.120164 0.113026
67.71399689 10.45300007 385.51800537 -0.984838 -0.140348 0.101963
67.79499817 10.15299988 385.81799316 -0.989199 -0.117679 0.087385
67.81900024 9.85299969 385.81799316 -0.990783 -0.122277 0.058281
67.76599884 10.15299988 385.51800537 -0.988051 -0.128059 0.085764
67.80000305 9.85299969 385.51800537 -0.987483 -0.139396 0.073798
50.21799850 25.63199997 373.81799316 -0.153783 -0.892519 0.423982
49.91799927 25.68199921 373.81799316 -0.252497 -0.866351 0.430908
50.21799850 25.50300026 373.51800537 -0.177088 -0.916608 0.358426
49.91799927 25.57500076 373.51800537 -0.215195 -0.911329 0.350956
67.73200226 10.15299988 385.21798706 -0.986577 -0.133833 0.093565
67.77600098 9.85299969 385.21798706 -0.980260 -0.163172 0.111644
67.68699646 10.15299988 384.91799927 -0.990281 -0.125076 0.060817
67.75000000 9.85299969 384.91799927 -0.984778 -0.157992 0.072463
67.82800293 9.55300045 385.21798706 -0.986444 -0.127322 0.103523
67.84700012 9.25300026 385.21798706 -0.994947 -0.049692 0.087237
67.79100037 9.55300045 384.91799927 -0.990232 -0.123060 0.065555
67.82399750 9.25300026 384.91799927 -0.994863 -0.085401 0.054346
67.77600098 9.55300045 384.61801147 -0.990155 -0.121032 0.070314
67.81800079 9.25300026 384.61801147 -0.991496 -0.115237 0.060471
67.74299622 9.55300045 384.31799316 -0.988563 -0.120785 0.090296
67.77999878 9.25300026 384.31799316 -0.987585 -0.133012 0.083574
67.84200287 8.95300007 384.61801147 -0.993241 -0.110113 0.036704
67.87799835 8.65299988 384.61801147 -0.995898 -0.087587 0.022708
67.83000183 8.95300007 384.31799316 -0.990110 -0.121309 0.070475
67.86799622 8.65299988 384.31799316 -0.994137 -0.094627 0.052323
67.80300140 8.95300007 384.01800537 -0.989527 -0.113056 0.089745
67.84100342 8.65299988 384.01800537 -0.989940 -0.101204 0.098878
67.77500153 8.95300007 383.71798706 -0.992235 -0.090203 0.085636
67.79199982 8.65299988 383.71798706 -0.989656 -0.103745 0.099082
67.87100220 8.35299969 384.01800537 -0.994023 -0.063877 0.088532
67.87699890 8.05300045 384.01800537 -0.997557 -0.046074 0.052503
67.83599854 8.35299969 383.71798706 -0.992028 -0.092468 0.085618
67.85199738 8.05300045 383.71798706 -0.994373 -0.070309 0.079237
67.85700226 7.75299978 383.41799927 -0.995448 -0.071655 0.062836
67.89199829 7.45300007 383.41799927 -0.992991 -0.100542 0.062133
67.81800079 7.75299978 383.11801147 -0.997236 -0.061319 0.041955
67.86799622 7.45300007 383.11801147 -0.992161 -0.112000 0.055434
67.83000183 7.75299978 382.81799316 -0.996368 -0.080787 0.026929
67.85900116 7.45300007 382.81799316 -0.994040 -0.109010 0.001079
67.82900238 7.75299978 382.51800537 -0.992700 -0.085284 0.085284
67.85600281 7.45300007 382.51800537 -0.991668 -0.114992 0.058066
67.88700104 7.15299988 382.81799316 -0.998081 -0.057845 0.022086
67.88600159 6.85300016 382.81799316 -0.999542 -0.021397 0.021397
67.89399719 7.15299988 382.51800537 -0.997446 -0.052610 0.048315
67.88700104 6.85300016 382.51800537 -0.999432 -0.019397 0.027563
67.87000275 7.15299988 382.21798706 -0.990266 -0.072627 0.118740
67.85700226 6.85300016 382.21798706 -0.994076 -0.056900 0.092602
67.80400085 7.15299988 381.91799927 -0.991553 -0.090558 0.092851
67.83899689 6.85300016 381.91799927 -0.992193 -0.096827 0.078601
67.86399841 6.55299997 381.61801147 -0.991904 -0.110465 0.062635
67.88999939 6.25299978 381.61801147 -0.996657 -0.053256 0.061951
67.82199860 6.55299997 381.31799316 -0.992235 -0.085636 0.090203
67.87899780 6.25299978 381.31799316 -0.994547 -0.077019 0.070321
67.88999939 6.55299997 382.21798706 -0.995916 -0.079630 0.042542
67.90399933 6.25299978 382.21798706 -0.999643 -0.023248 0.013140
67.87699890 6.55299997 381.91799927 -0.994496 -0.098235 0.036424
67.91100311 6.25299978 381.91799927 -0.998713 -0.030264 0.040700
67.87500000 5.95300007 381.61801147 -0.998743 -0.026090 0.042788
67.87999725 5.95300007 381.31799316 -0.996521 -0.064116 0.053249
67.89399719 5.65299988 381.31799316 -0.998801 -0.038536 0.030204
67.91899872 5.65299988 381.61801147 -0.998283 -0.045425 0.036973
67.87699890 5.95300007 381.01800537 -0.994665 -0.063489 0.081311
67.89099884 5.65299988 381.01800537 -0.997331 -0.048310 0.054751
67.83899689 5.95300007 380.71798706 -0.997237 -0.067482 0.031063
67.84799957 5.65299988 380.71798706 -0.997469 -0.062942 0.033071
67.88300323 5.35300016 381.01800537 -0.999021 -0.034234 0.028010
67.91000366 5.05299997 381.01800537 -0.999876 -0.004975 -0.014924
67.89499664 5.35300016 380.71798706 -0.997865 -0.062169 0.020021
67.89499664 5.05299997 380.71798706 -0.999604 -0.027234 -0.007061
67.89499664 5.35300016 380.41799927 -0.996126 -0.079299 0.038020
67.90000153 5.05299997 380.41799927 -0.998043 -0.051860 0.034926
67.84700012 5.35300016 380.11801147 -0.995813 -0.081982 0.040445
67.88600159 5.05299997 380.11801147 -0.996907 -0.073885 0.026770
25.13999939 -2.44700003 393.91799927 0.848910 0.498047 -0.176918
25.30900002 -2.74699998 393.91799927 0.849263 0.475526 -0.229407
24.88699913 -1.84700000 393.91799927 0.887840 0.391125 -0.242408
24.80400085 -1.84700000 393.61801147 0.898778 0.398010 -0.183808
24.93700027 -2.14700007 393.61801147 0.878577 0.432644 -0.202294
24.75399971 -1.84700000 393.31799316 0.889219 0.399632 -0.222673
24.90099907 -2.14700007 393.31799316 0.882993 0.414042 -0.221119
25.10000038 -2.44700003 393.61801147 0.877282 0.458152 -0.143082
46.91799927 25.18199921 371.41799927 -0.145920 -0.967204 0.207904
47.11600113 25.15299988 371.41799927 -0.135327 -0.957803 0.253575
25.25000000 -2.74699998 393.61801147 0.874053 0.450982 -0.180686
47.21799850 25.13899994 371.41799927 -0.133032 -0.989067 0.063624
25.04199982 -2.44700003 393.31799316 0.876610 0.418076 -0.238258
25.18099976 -2.74699998 393.31799316 0.868370 0.422819 -0.259147
25.21599960 -3.04699993 393.01800537 0.856545 0.456319 -0.241046
25.17099953 -3.04699993 392.71798706 0.878249 0.450048 -0.161668
24.93000031 -2.44700003 393.01800537 0.876878 0.412208 -0.247325
25.06599998 -2.74699998 393.01800537 0.876824 0.419740 -0.234517
24.86499977 -2.44700003 392.71798706 0.880324 0.433548 -0.192525
25.01899910 -2.74699998 392.71798706 0.879985 0.440725 -0.177168
24.80100060 -2.44700003 392.41799927 0.892799 0.421240 -0.159582
24.95100021 -2.74699998 392.41799927 0.880403 0.442391 -0.170824
24.75499916 -2.44700003 392.11801147 0.896386 0.410064 -0.168342
24.90099907 -2.74699998 392.11801147 0.876335 0.449140 -0.174097
25.10199928 -3.04699993 392.41799927 0.875414 0.445799 -0.186853
25.26600075 -3.34699988 392.41799927 0.861566 0.468728 -0.194931
25.05200005 -3.04699993 392.11801147 0.892213 0.422324 -0.159993
25.19000053 -3.34699988 392.11801147 0.868103 0.451175 -0.206975
25.12000084 -3.64700007 391.21798706 0.864905 0.455606 -0.210625
25.27199936 -3.94700003 391.21798706 0.861102 0.475755 -0.179334
25.04000092 -3.64700007 390.91799927 0.860205 0.468251 -0.201961
25.21899986 -3.94700003 390.91799927 0.840922 0.498492 -0.210609
24.81900024 -3.04699993 391.21798706 0.896533 0.390497 -0.209142
24.96100044 -3.34699988 391.21798706 0.868249 0.437886 -0.233238
24.74699974 -3.04699993 390.91799927 0.888126 0.403425 -0.220184
24.88199997 -3.34699988 390.91799927 0.878531 0.437058 -0.192777
24.82600021 -3.34699988 390.61801147 0.880780 0.444030 -0.164509
24.77899933 -3.34699988 390.31799316 0.880324 0.433548 -0.192525
24.98999977 -3.64700007 390.61801147 0.875670 0.456048 -0.158815
25.13800049 -3.94700003 390.61801147 0.864545 0.467121 -0.185365
24.93000031 -3.64700007 390.31799316 0.868154 0.434829 -0.239231
25.08499908 -3.94700003 390.31799316 0.856178 0.451661 -0.250923
24.82999992 -3.64700007 390.01800537 0.890412 0.398846 -0.219292
24.95599937 -3.94700003 390.01800537 0.858806 0.448403 -0.247762
24.76199913 -3.64700007 389.71798706 0.894177 0.414586 -0.169013
24.91900063 -3.94700003 389.71798706 0.889665 0.437003 -0.132382
24.87800026 -3.94700003 389.41799927 0.868415 0.461484 -0.181350
24.80100060 -3.94700003 389.11801147 0.858275 0.451164 -0.244570
25.13800049 -4.24700022 390.01800537 0.847089 0.464137 -0.258875
25.29599953 -4.54699993 390.01800537 0.860492 0.449150 -0.240454
25.06800079 -4.24700022 389.71798706 0.880403 0.442391 -0.170824
25.21800041 -4.54699993 389.71798706 0.864887 0.459983 -0.200963
25.02599907 -4.24700022 389.41799927 0.898195 0.402242 -0.177332
25.13999939 -4.54699993 389.41799927 0.869041 0.439774 -0.226641
24.95100021 -4.24700022 389.11801147 0.880393 0.405070 -0.246630
25.07200050 -4.54699993 389.11801147 0.893541 0.390096 -0.222281
25.14100075 -4.84700012 388.81799316 0.860765 0.456763 -0.224613
25.06500053 -4.84700012 388.51800537 0.865392 0.451444 -0.217473
25.22500038 -5.14699984 388.51800537 0.868249 0.437886 -0.233238
24.85300064 -4.24700022 388.81799316 0.860600 0.429536 -0.273619
24.98999977 -4.54699993 388.81799316 0.879694 0.413710 -0.234485
24.75099945 -4.24700022 388.51800537 0.856828 0.452003 -0.248069
24.91799927 -4.54699993 388.51800537 0.873509 0.434515 -0.219497
24.85400009 -4.54699993 388.21798706 0.869788 0.454898 -0.191146
24.79500008 -4.54699993 387.91799927 0.870834 0.463957 -0.162458
39.71799850 24.74799919 371.71798706 0.364269 -0.898137 0.246287
66.35500336 0.55299997 394.21798706 -0.912707 0.398197 -0.091681
66.23500061 0.25299999 394.21798706 -0.923739 0.358693 -0.134337
66.38300323 0.55299997 393.91799927 -0.925798 0.350115 -0.142537
66.27999878 0.25299999 393.91799927 -0.924251 0.351632 -0.148714
24.98399925 -4.84700012 388.21798706 0.876131 0.420842 -0.235132
25.15699959 -5.14699984 388.21798706 0.856183 0.444116 -0.264028
24.92600060 -4.84700012 387.91799927 0.918734 0.378788 -0.111570
25.02799988 -5.14699984 387.91799927 0.887310 0.419535 -0.191495
24.89599991 -4.84700012 387.61801147 0.875414 0.445799 -0.186853
25.04400063 -5.14699984 387.61801147 0.915953 0.377813 -0.135232
24.81599998 -4.84700012 387.31799316 0.851699 0.454137 -0.261473
24.95400047 -5.14699984 387.31799316 0.874965 0.408116 -0.260532
48.11800003 28.02700043 378.31799316 -0.139899 -0.905813 0.399914
48.41799927 27.99799919 378.31799316 -0.077658 -0.908734 0.410088
48.41799927 28.11300087 378.61801147 -0.099701 -0.919163 0.381050
48.11800003 28.16099930 378.61801147 -0.133665 -0.907516 0.398181
48.11800003 27.88299942 378.01800537 -0.148478 -0.909249 0.388870
48.71799850 27.66600037 377.71798706 -0.141141 -0.918118 0.370322
49.01800156 27.62700081 377.71798706 -0.137903 -0.917964 0.371922
48.71799850 27.79500008 378.01800537 -0.151390 -0.883830 0.442636
49.01800156 27.75799942 378.01800537 -0.146800 -0.899329 0.411895
48.11800003 27.77799988 377.71798706 -0.158567 -0.919129 0.360635
48.41799927 27.71999931 377.71798706 -0.167425 -0.921542 0.350327
48.41799927 27.84799957 378.01800537 -0.125308 -0.899687 0.418164
49.31800079 27.30900002 377.11801147 -0.188417 -0.889504 0.416270
49.61800003 27.26399994 377.11801147 -0.215514 -0.878404 0.426568
49.31800079 27.45899963 377.41799927 -0.167627 -0.901177 0.399727
49.61800003 27.38400078 377.41799927 -0.216487 -0.890983 0.399102
49.91799927 26.77799988 376.21798706 -0.214335 -0.885425 0.412410
50.21799850 26.73399925 376.21798706 -0.183596 -0.897741 0.400442
67.81800079 5.35300016 391.81799316 -0.990139 0.129348 -0.053799
67.77899933 5.05299997 391.81799316 -0.991431 0.113208 -0.065181
66.42199707 15.55300045 385.21798706 -0.926295 -0.332121 0.177972
66.52200317 15.25300026 385.21798706 -0.921549 -0.342935 0.182052
66.34500122 15.55300045 384.91799927 -0.928392 -0.328078 0.174510
66.46299744 15.25300026 384.91799927 -0.919790 -0.348983 0.179437
67.83999634 5.35300016 391.51800537 -0.987803 0.137097 -0.073822
67.79900360 5.05299997 391.51800537 -0.990629 0.114170 -0.074960
66.71299744 14.35299969 384.61801147 -0.932879 -0.320201 0.164952
66.65699768 14.35299969 384.31799316 -0.927987 -0.330726 0.171643
66.83300018 14.05300045 384.61801147 -0.942785 -0.301637 0.142026
66.77500153 14.05300045 384.31799316 -0.932830 -0.321999 0.161691
66.60099792 14.35299969 384.01800537 -0.933600 -0.321313 0.158588
66.55200195 14.35299969 383.71798706 -0.941495 -0.298390 0.156689
66.65899658 14.05300045 383.71798706 -0.934712 -0.306941 0.179165
66.72299957 14.05300045 384.01800537 -0.931279 -0.321563 0.171222
23.93899918 15.55300045 384.01800537 0.928387 -0.353087 0.115878
23.83300018 15.25300026 384.01800537 0.937190 -0.330376 0.111923
23.97500038 15.55300045 383.71798706 0.921828 -0.353904 0.158068
24.11800003 13.46300030 377.11801147 0.819163 0.563084 0.109125
23.86300087 15.25300026 383.71798706 0.932549 -0.330993 0.144209
24.28700066 13.75300026 377.11801147 0.860492 -0.508658 0.028638
24.41799927 13.97700024 377.11801147 0.865355 -0.500853 -0.017550
24.27599907 13.75300026 377.41799927 0.831485 -0.542146 0.121289
67.74299622 4.75299978 391.81799316 -0.987336 0.146056 -0.061928
24.11800003 13.50699997 376.81799316 0.745926 -0.661919 -0.073868
24.30800056 13.75300026 376.81799316 0.832674 -0.553762 0.001354
24.41799927 13.94699955 376.81799316 0.874530 -0.483113 0.042426
67.69599915 4.45300007 391.81799316 -0.977360 0.194981 -0.082162
67.78299713 4.75299978 391.51800537 -0.988599 0.127222 -0.080535
67.71299744 4.45300007 391.51800537 -0.979070 0.177679 -0.099255
63.64799881 -5.14699984 393.01800537 -0.812315 0.543073 -0.212640
41.21799850 28.31599998 379.21798706 0.173057 -0.921564 0.347521
40.91799927 28.25900078 379.21798706 0.216231 -0.907010 0.361353
41.21799850 28.20599937 378.91799927 0.175309 -0.891036 0.418714
40.91799927 28.13800049 378.91799927 0.212867 -0.891104 0.400777
61.13600159 19.15299988 373.21798706 -0.617158 -0.566432 -0.546142
61.01800156 19.27300072 373.21798706 -0.578802 -0.612551 -0.538303
67.79199982 4.75299978 391.21798706 -0.991828 0.112475 -0.060214
55.01800156 -10.90600014 397.81799316 -0.435714 0.822312 -0.366000
54.71799850 -11.06000042 397.81799316 -0.431829 0.833823 -0.343893
55.01800156 -11.03999996 397.51800537 -0.423189 0.835365 -0.350822
67.75499725 4.45300007 391.21798706 -0.983953 0.163001 -0.072577
67.80000305 4.75299978 390.91799927 -0.994277 0.098652 -0.041013
40.01800156 28.31800079 379.81799316 0.233871 -0.895771 0.378018
39.71799850 28.22299957 379.81799316 0.278488 -0.892054 0.355928
40.01800156 28.18199921 379.51800537 0.196998 -0.894515 0.401291
39.71799850 28.11300087 379.51800537 0.242869 -0.899351 0.363568
40.01800156 28.43300056 380.11801147 0.234551 -0.907609 0.348184
39.71799850 28.33300018 380.11801147 0.257503 -0.888610 0.379557
40.01800156 28.53199959 380.41799927 0.223726 -0.899289 0.375800
39.71799850 28.47200012 380.41799927 0.220605 -0.901412 0.372545
67.77400208 4.45300007 390.91799927 -0.986550 0.160012 -0.033384
40.61800003 28.70899963 380.41799927 0.220847 -0.881905 0.416497
40.31800079 28.62500000 380.41799927 0.251105 -0.876610 0.410488
40.61800003 28.56699944 380.11801147 0.210363 -0.889996 0.404543
40.31800079 28.49600029 380.11801147 0.212678 -0.907136 0.363144
40.61800003 28.95000076 381.01800537 0.146539 -0.935386 0.321838
40.31800079 28.89500046 381.01800537 0.211665 -0.911454 0.352774
40.61800003 28.85000038 380.71798706 0.187535 -0.911905 0.365048
40.31800079 28.77700043 380.71798706 0.249673 -0.883572 0.396187
23.95299911 14.95300007 382.21798706 0.901451 -0.419377 0.107282
23.82200050 14.65299988 382.21798706 0.934752 -0.349378 0.064602
24.00799942 14.95300007 381.91799927 0.881961 -0.432909 0.186371
23.86300087 14.65299988 381.91799927 0.905422 -0.387629 0.173074
60.71799850 -10.58399963 388.51800537 -0.656906 0.710725 -0.251682
60.71799850 -10.63599968 388.21798706 -0.655302 0.718160 -0.234149
60.71799850 -10.77999973 387.91799927 -0.669013 0.665757 -0.330437
61.28499985 -10.54699993 387.01800537 -0.710446 0.660037 -0.244167
63.13000107 17.35300064 375.61801147 -0.797648 -0.533339 0.281615
63.29800034 17.05299950 375.61801147 -0.813964 -0.510876 0.276529
63.23199844 17.05299950 375.31799316 -0.816511 -0.522133 0.246348
24.07900047 14.95300007 381.61801147 0.891036 -0.418714 0.175309
23.93799973 14.65299988 381.61801147 0.898195 -0.402242 0.177332
23.98500061 14.65299988 381.31799316 0.898400 -0.412778 0.149971
64.77999878 -2.74699998 394.21798706 -0.867443 0.449398 -0.213502
42.11800003 27.79999924 377.71798706 0.120812 -0.915120 0.384656
42.41799927 27.84399986 377.71798706 0.113890 -0.923473 0.366370
41.81800079 25.31800079 372.01800537 0.013748 -0.948594 0.316198
41.51800156 25.28899956 372.01800537 0.095975 -0.947921 0.303703
42.11800003 25.29700089 372.01800537 0.048997 -0.920354 0.388005
42.41799927 25.21100044 371.71798706 0.130937 -0.953594 0.271133
42.11800003 25.18700027 371.71798706 -0.033370 -0.962786 0.268196
42.41799927 25.15299988 371.52600098 0.129425 -0.979930 0.151612
64.87400055 -2.74699998 393.91799927 -0.845288 0.484106 -0.226118
68.51799774 9.25300026 376.78399658 0.201700 -0.287944 -0.936165
68.51799774 9.55300045 376.70401001 -0.404786 -0.333445 -0.851447
40.91799927 26.56800079 375.31799316 0.166457 -0.890184 0.424104
41.21799850 26.62700081 375.31799316 0.146014 -0.903021 0.404020
67.51300049 8.65299988 377.71798706 -0.707106 -0.564691 -0.425588
40.31800079 26.19099998 374.71798706 0.243363 -0.895281 0.373157
40.61800003 26.25799942 374.71798706 0.193144 -0.914214 0.356243
67.37000275 8.65299988 378.01800537 -0.884359 -0.417819 -0.208171
40.31800079 26.28899956 375.01800537 0.196208 -0.912294 0.359475
67.29799652 8.95300007 377.71798706 -0.822255 -0.554544 -0.127972
67.24199677 8.95300007 378.01800537 -0.931656 -0.363231 0.008921
40.61800003 26.37199974 375.01800537 0.212901 -0.908086 0.360628
67.45899963 8.65299988 379.51800537 -0.989779 -0.112819 0.087231
67.45300293 8.95300007 379.51800537 -0.980227 -0.165207 0.108914
67.49900055 8.65299988 379.81799316 -0.992182 -0.103661 0.069487
67.45800018 8.95300007 379.81799316 -0.981549 -0.176607 0.073286
55.01800156 -14.18400002 390.01800537 -0.431382 0.826420 -0.361855
54.71799850 -14.35400009 390.01800537 -0.432182 0.801705 -0.412902
55.01800156 -14.36499977 389.71798706 -0.448235 0.791288 -0.415871
54.71799850 -14.51700020 389.71798706 -0.401240 0.844633 -0.354403
28.91799927 -8.81000042 391.81799316 0.580443 0.761732 -0.287836
29.16600037 -9.04699993 391.81799316 0.698823 0.650629 -0.297201
29.21800041 -9.12199974 391.81799316 0.705048 0.620377 -0.343568
29.40900040 -9.34700012 391.81799316 0.738949 0.590189 -0.325008
28.91799927 -8.94299984 391.51800537 0.730594 0.508600 -0.455586
56.21799850 -13.49199963 390.01800537 -0.523821 0.775255 -0.352975
55.91799927 -13.57800007 390.31799316 -0.517223 0.778252 -0.356095
56.21799850 -13.27099991 390.61801147 -0.486245 0.812520 -0.321523
55.91799927 -13.43799973 390.61801147 -0.475920 0.810178 -0.342217
56.21799850 -13.37399960 390.31799316 -0.510288 0.804138 -0.304909
56.51800156 -13.07499981 390.61801147 -0.503023 0.804520 -0.315778
56.81800079 -13.00599957 390.31799316 -0.503812 0.807047 -0.307973
56.51800156 -13.19099998 390.31799316 -0.503849 0.814634 -0.287241
56.81800079 -12.89000034 390.61801147 -0.521259 0.792251 -0.317219
58.61800003 -11.34300041 391.21798706 -0.604648 0.730414 -0.317642
58.31800079 -11.56299973 391.21798706 -0.542236 0.788851 -0.289298
58.61800003 -11.47099972 390.91799927 -0.582849 0.749836 -0.313101
58.31800079 -11.66800022 390.91799927 -0.537791 0.793282 -0.285455
58.31800079 -11.31999969 391.81799316 -0.560990 0.763525 -0.319877
58.61800003 -11.19299984 391.51800537 -0.608113 0.727477 -0.317767
58.31800079 -11.45899963 391.51800537 -0.555583 0.761712 -0.333350
58.91799927 -11.20300007 390.91799927 -0.632078 0.706440 -0.318464
58.61800003 -11.08100033 391.81799316 -0.584488 0.759675 -0.285077
59.21799850 -10.82400036 391.21798706 -0.613169 0.729043 -0.304170
58.91799927 -11.08199978 391.21798706 -0.622020 0.721672 -0.303777
59.21799850 -10.93299961 390.91799927 -0.599543 0.737775 -0.310219
59.21799850 -10.57299995 391.81799316 -0.637882 0.711793 -0.294036
58.91799927 -10.85200024 391.81799316 -0.617726 0.732652 -0.285718
59.21799850 -10.70300007 391.51800537 -0.625996 0.725259 -0.286581
58.91799927 -10.95600033 391.51800537 -0.605407 0.742782 -0.285931
59.81800079 -10.06799984 391.81799316 -0.616829 0.723123 -0.310830
59.51800156 -10.30099964 391.81799316 -0.611377 0.727522 -0.311334
59.81800079 -10.22200012 391.51800537 -0.630472 0.711095 -0.311205
59.51800156 -10.44900036 391.51800537 -0.600139 0.738508 -0.307310
60.11800003 -9.52799988 392.41799927 -0.650394 0.701783 -0.290670
60.11800003 -9.66300011 392.11801147 -0.653708 0.682906 -0.326043
60.29199982 -9.64700031 391.81799316 -0.692701 0.670407 -0.265933
60.11800003 -9.81099987 391.81799316 -0.669863 0.689048 -0.276578
60.36500168 -9.64700031 391.51800537 -0.716101 0.656294 -0.237651
60.11800003 -9.91800022 391.51800537 -0.699219 0.660993 -0.272361
60.54700089 -9.34700012 391.81799316 -0.687410 0.687410 -0.234380
60.65000153 -9.34700012 391.51800537 -0.692188 0.676349 -0.251849
41.81800079 29.06399918 380.71798706 0.151190 -0.888423 0.433412
40.91799927 28.89699936 380.71798706 0.157970 -0.924054 0.348093
41.21799850 28.95100021 380.71798706 0.173613 -0.918880 0.354284
40.91799927 28.98900032 381.01800537 0.151242 -0.941516 0.301122
41.21799850 29.04599953 381.01800537 0.197771 -0.947938 0.249601
60.61800003 -9.04699993 392.41799927 -0.679742 0.673314 -0.290859
60.41799927 -9.24600029 392.41799927 -0.660089 0.698448 -0.276502
60.43600082 -9.34700012 392.11801147 -0.669451 0.682294 -0.293788
60.71799850 -9.09000015 392.11801147 -0.661519 0.702765 -0.261752
61.18000031 -8.44699955 392.41799927 -0.691776 0.659675 -0.293724
60.90100098 -8.74699974 392.41799927 -0.694023 0.648726 -0.312229
61.29499817 -8.44699955 392.11801147 -0.708330 0.661003 -0.247679
61.04600143 -8.74699974 392.11801147 -0.728777 0.626716 -0.275883
41.51800156 29.01399994 380.71798706 0.173889 -0.917514 0.357675
42.11800003 28.58399963 379.51800537 0.105746 -0.918752 0.380410
42.41799927 28.61300087 379.51800537 0.103221 -0.915229 0.389488
42.11800003 28.70999908 379.81799316 0.105480 -0.919179 0.379452
42.41799927 28.73600006 379.81799316 0.126169 -0.919229 0.372960
65.41999817 -1.54700005 394.21798706 -0.870533 0.470754 -0.143399
65.47299957 -1.54700005 393.91799927 -0.876778 0.449367 -0.171257
42.71799850 28.65399933 379.51800537 0.113202 -0.901426 0.417871
43.01800156 28.68099976 379.51800537 0.078074 -0.902646 0.423244
42.71799850 28.81200027 379.81799316 0.142464 -0.906974 0.396360
43.01800156 28.83399963 379.81799316 0.086035 -0.913605 0.397398
42.71799850 28.51799965 379.21798706 0.107552 -0.900927 0.420432
43.01800156 28.54599953 379.21798706 0.098266 -0.903768 0.416591
24.02799988 -1.24699998 391.21798706 0.919685 0.342572 -0.191897
23.98100090 -1.24699998 390.91799927 0.921105 0.350160 -0.170158
24.08799934 -1.54700005 390.91799927 0.919327 0.354456 -0.170873
42.71799850 28.37000084 378.91799927 0.112548 -0.910113 0.398782
43.01800156 28.41300011 378.91799927 0.109094 -0.912800 0.393567
43.61800003 28.47900009 378.91799927 0.103878 -0.932203 0.346709
43.31800079 28.58300018 379.21798706 0.086180 -0.909677 0.406277
43.61800003 28.58900070 379.21798706 0.068240 -0.921912 0.381342
43.31800079 28.43799973 378.91799927 0.093773 -0.922783 0.373734
52.61800003 -12.89400005 395.71798706 -0.306009 0.894142 -0.326907
52.31800079 -12.87899971 396.01800537 -0.276176 0.891228 -0.359776
52.61800003 -12.76799965 396.01800537 -0.342876 0.854862 -0.389420
66.14800262 0.25299999 394.81799316 -0.882828 0.462963 -0.079246
66.32299805 0.55299997 394.51800537 -0.895234 0.440077 -0.069919
66.18299866 0.25299999 394.51800537 -0.912122 0.389712 -0.127110
24.00799942 14.05300045 379.81799316 0.915904 -0.374497 0.144469
24.04899979 14.05300045 379.51800537 0.916355 -0.373537 0.144099
58.61800003 24.74500084 381.31799316 -0.562128 -0.767121 0.309091
43.91799927 27.96800041 377.71798706 -0.003891 -0.909201 0.416339
44.21799850 27.93899918 377.71798706 0.047050 -0.904698 0.423447
43.91799927 28.10400009 378.01800537 0.022553 -0.898144 0.439122
44.21799850 28.11100006 378.01800537 0.053385 -0.885638 0.461298
44.51800156 27.86599922 377.41799927 0.093816 -0.920487 0.379344
44.81800079 27.89900017 377.41799927 0.043727 -0.918266 0.393543
24.12400055 14.35299969 379.81799316 0.911211 -0.384483 0.147878
44.51800156 27.98399925 377.71798706 0.089116 -0.908984 0.407192
44.81800079 28.01199913 377.71798706 0.016829 -0.922984 0.384469
24.17900085 14.35299969 379.51800537 0.910330 -0.389739 0.139293
44.51800156 28.14500046 378.01800537 0.058916 -0.886482 0.458998
44.81800079 28.14200020 378.01800537 -0.025039 -0.910622 0.412481
44.51800156 27.73100090 377.11801147 0.068141 -0.923247 0.378117
44.81800079 27.75000000 377.11801147 0.011676 -0.917193 0.398272
44.51800156 27.48800087 376.51800537 0.025012 -0.909630 0.414665
44.81800079 27.48800087 376.51800537 -0.017057 -0.909243 0.415916
44.51800156 27.64500046 376.81799316 0.043499 -0.921382 0.386216
44.81800079 27.61599922 376.81799316 -0.009050 -0.916683 0.399513
45.11800003 27.47699928 376.51800537 0.001291 -0.912475 0.409130
45.41799927 27.48800087 376.51800537 -0.003891 -0.909201 0.416339
39.11800003 28.18000031 380.11801147 0.246214 -0.884879 0.395435
45.11800003 27.61400032 376.81799316 -0.006458 -0.915752 0.401691
39.41799927 28.25200081 380.11801147 0.256311 -0.879852 0.400205
45.41799927 27.62199974 376.81799316 -0.003861 -0.917533 0.397641
39.11800003 28.30200005 380.41799927 0.272140 -0.882577 0.383402
39.41799927 28.40699959 380.41799927 0.255568 -0.883280 0.393067
67.91500092 5.35300016 390.01800537 -0.990258 0.129363 -0.051516
39.11800003 27.91399956 379.51800537 0.284622 -0.880973 0.377990
67.87000275 5.05299997 390.01800537 -0.991217 0.125456 -0.041819
39.41799927 28.02400017 379.51800537 0.285784 -0.890269 0.354611
39.11800003 28.03100014 379.81799316 0.264340 -0.888599 0.374855
39.41799927 28.11199951 379.81799316 0.271530 -0.894715 0.354622
45.11800003 27.35600090 376.21798706 0.006524 -0.906829 0.421447
45.41799927 27.34199905 376.21798706 -0.006500 -0.908738 0.417317
45.71799850 27.33600044 376.21798706 -0.035733 -0.911858 0.408947
46.01800156 27.32200050 376.21798706 -0.044085 -0.909756 0.412797
38.51800156 27.86100006 379.81799316 0.261264 -0.888298 0.377713
38.81800079 27.94700050 379.81799316 0.254432 -0.888280 0.382392
67.88700104 5.05299997 389.71798706 -0.989885 0.133892 -0.046919
38.51800156 27.73800087 379.51800537 0.266704 -0.889509 0.371001
38.81800079 27.82699966 379.51800537 0.252878 -0.894686 0.368226
45.11800003 27.20000076 375.91799927 0.011632 -0.918949 0.394205
45.41799927 27.21899986 375.91799927 -0.001283 -0.920203 0.391439
38.51800156 27.49300003 378.91799927 0.307176 -0.869568 0.386645
45.71799850 27.20299911 375.91799927 -0.027247 -0.927684 0.372371
46.01800156 27.20000076 375.91799927 -0.032494 -0.929325 0.367831
38.81800079 27.58699989 378.91799927 0.257794 -0.889612 0.377005
38.51800156 27.60899925 379.21798706 0.287592 -0.883857 0.368901
38.81800079 27.70599937 379.21798706 0.252353 -0.898732 0.358607
24.10400009 14.05300045 379.21798706 0.913721 -0.382000 0.138527
38.21799850 26.76600075 377.41799927 0.324327 -0.862311 0.388885
37.91799927 26.51000023 377.11801147 0.319178 -0.872014 0.371102
38.21799850 26.61499977 377.11801147 0.328884 -0.856952 0.396823
37.91799927 26.62800026 377.41799927 0.342378 -0.856720 0.385756
37.31800079 26.27700043 377.11801147 0.332686 -0.876528 0.347877
37.61800003 26.39500046 377.11801147 0.327439 -0.875708 0.354852
37.31800079 26.39900017 377.41799927 0.324872 -0.873952 0.361477
37.61800003 26.52000046 377.41799927 0.339304 -0.867451 0.363869
37.61800003 26.14399910 376.51800537 0.343432 -0.850032 0.399375
37.31800079 26.16099930 376.81799316 0.347615 -0.860541 0.372335
37.61800003 26.28599930 376.81799316 0.323849 -0.877282 0.354258
37.91799927 26.26700020 376.51800537 0.301342 -0.867314 0.396181
38.21799850 26.37199974 376.51800537 0.273749 -0.875695 0.397768
37.91799927 26.37299919 376.81799316 0.301976 -0.887901 0.347048
38.21799850 26.48299980 376.81799316 0.295118 -0.879299 0.373816
46.31800079 26.76399994 375.01800537 -0.058413 -0.900640 0.430623
46.61800003 26.76499939 375.01800537 -0.038613 -0.909414 0.414096
37.31800079 26.02199936 376.51800537 0.325512 -0.869560 0.371359
37.31800079 25.76099968 375.91799927 0.346558 -0.864085 0.365041
37.61800003 25.88699913 375.91799927 0.328035 -0.881309 0.340128
37.31800079 25.90500069 376.21798706 0.315231 -0.872597 0.373100
37.61800003 26.00699997 376.21798706 0.321783 -0.873846 0.364484
46.91799927 26.75200081 375.01800537 -0.071961 -0.911050 0.405967
47.21799850 26.71299934 375.01800537 -0.112581 -0.907600 0.404459
43.91799927 26.71999931 374.71798706 0.082154 -0.925245 0.370367
37.31800079 25.50900078 375.31799316 0.332075 -0.870740 0.362681
44.21799850 26.72999954 374.71798706 0.001276 -0.925363 0.379080
37.61800003 25.63100052 375.31799316 0.370724 -0.843124 0.389495
43.91799927 26.85099983 375.01800537 0.072327 -0.940253 0.332705
67.92099762 5.35300016 389.71798706 -0.993148 0.112327 -0.032252
37.31800079 25.64599991 375.61801147 0.364920 -0.852514 0.374237
44.21799850 26.84900093 375.01800537 0.032107 -0.938820 0.342907
46.31800079 26.63400078 374.71798706 -0.046420 -0.919112 0.391253
46.61800003 26.63699913 374.71798706 -0.022118 -0.919860 0.391623
37.61800003 25.78899956 375.61801147 0.354885 -0.864936 0.354885
37.01800156 24.88100052 374.11801147 0.357954 -0.864927 0.351809
36.71799850 24.89999962 374.41799927 0.320250 -0.865747 0.384606
37.01800156 25.01300049 374.41799927 0.380172 -0.831331 0.405412
29.29700089 -7.24700022 396.01800537 0.684356 0.651845 -0.326735
29.21800041 -7.30800009 395.71798706 0.645413 0.712345 -0.275695
29.44799995 -7.54699993 395.71798706 0.707135 0.646203 -0.287023
29.51799965 -7.48699999 396.01800537 0.695694 0.647270 -0.311529
44.51800156 26.73999977 374.71798706 -0.001275 -0.924466 0.381263
44.81800079 26.75900078 374.71798706 0.001280 -0.920595 0.390517
44.51800156 26.84099960 375.01800537 0.024284 -0.936839 0.348918
44.81800079 26.84199905 375.01800537 -0.003778 -0.938121 0.346286
64.95899963 -2.44700003 394.21798706 -0.837386 0.495720 -0.230319
38.21799850 -12.35400009 397.51800537 0.314265 0.875995 -0.365883
44.51800156 26.97500038 375.31799316 0.019362 -0.925517 0.378210
44.81800079 26.97500038 375.31799316 -0.016765 -0.924655 0.380437
44.51800156 27.09700012 375.61801147 0.021890 -0.930982 0.364409
44.81800079 27.09399986 375.61801147 -0.024428 -0.932136 0.361283
65.06500244 -2.44700003 393.91799927 -0.857034 0.469793 -0.211632
45.41799927 26.94599915 375.31799316 -0.001276 -0.925363 0.379080
45.11800003 26.95700073 375.31799316 -0.011580 -0.925095 0.379559
45.11800003 27.07699966 375.61801147 -0.001276 -0.925363 0.379080
45.41799927 27.10000038 375.61801147 0.003855 -0.918872 0.394537
25.76499939 -4.84700012 391.21798706 0.839554 0.504938 -0.200468
25.69300079 -4.84700012 390.91799927 0.837191 0.491295 -0.240291
25.89500046 -5.14699984 390.91799927 0.826687 0.509560 -0.238615
45.11800003 26.74300003 374.71798706 -0.011612 -0.922518 0.385780
45.41799927 26.72500038 374.71798706 -0.027479 -0.919877 0.391242
25.60300064 -4.84700012 390.61801147 0.852377 0.454499 -0.258621
25.77300072 -5.14699984 390.61801147 0.809906 0.511105 -0.287792
45.11800003 26.84700012 375.01800537 -0.034620 -0.939865 0.339787
45.41799927 26.84000015 375.01800537 -0.029578 -0.934912 0.353646
25.51700020 -4.84700012 390.31799316 0.877216 0.440819 -0.190186
25.66300011 -5.14699984 390.31799316 0.848704 0.482597 -0.216336
25.87500000 -5.44700003 390.31799316 0.791071 0.552966 -0.261602
26.12400055 -5.44700003 391.21798706 0.829280 0.520006 -0.204667
26.32999992 -5.74700022 391.21798706 0.793519 0.552489 -0.255115
26.06299973 -5.44700003 390.91799927 0.827096 0.519410 -0.214771
26.26499939 -5.74700022 390.91799927 0.818595 0.535059 -0.208841
25.96199989 -5.44700003 390.61801147 0.805986 0.531608 -0.260347
26.17300034 -5.74700022 390.61801147 0.803443 0.550536 -0.226691
26.09300041 -5.74700022 390.31799316 0.785306 0.569854 -0.241993
24.14699936 13.75300026 378.01800537 0.878600 -0.445878 0.171042
24.22299957 13.75300026 377.71798706 0.849715 -0.495543 0.180062
45.71799850 26.94799995 375.31799316 -0.022292 -0.913963 0.405186
46.01800156 26.95599937 375.31799316 -0.047056 -0.902134 0.428883
45.71799850 27.09000015 375.61801147 -0.011632 -0.918949 0.394205
46.01800156 27.08600044 375.61801147 -0.024606 -0.925946 0.376854
45.71799850 26.70299911 374.71798706 -0.082791 -0.916130 0.392239
46.01800156 26.67099953 374.71798706 -0.103370 -0.913793 0.392807
45.71799850 26.84000015 375.01800537 -0.043543 -0.922319 0.383970
46.01800156 26.79899979 375.01800537 -0.077971 -0.904192 0.419950
46.31800079 26.93899918 375.31799316 -0.050231 -0.891936 0.449362
46.61800003 26.90900040 375.31799316 -0.061502 -0.892460 0.446914
46.31800079 27.08099937 375.61801147 -0.046223 -0.923142 0.381671
46.61800003 27.06699944 375.61801147 -0.065881 -0.915611 0.396630
66.95700073 10.15299988 377.41799927 -0.917522 -0.353111 -0.182937
67.01799774 9.97500038 377.41799927 -0.945644 -0.302766 -0.118706
67.07099915 9.85299969 377.41799927 -0.958773 -0.256977 -0.121314
46.91799927 26.87400055 375.31799316 -0.081207 -0.898782 0.430810
47.21799850 26.87299919 375.31799316 -0.110292 -0.903276 0.414642
46.91799927 27.03499985 375.61801147 -0.086155 -0.912153 0.400691
47.21799850 26.98999977 375.61801147 -0.112548 -0.910113 0.398782
46.91799927 27.15200043 375.91799927 -0.082072 -0.924320 0.372688
47.21799850 27.12000084 375.91799927 -0.097836 -0.910843 0.400991
47.51800156 26.81500053 375.31799316 -0.139497 -0.908841 0.393127
47.81800079 26.76099968 375.31799316 -0.132550 -0.913897 0.383697
47.51800156 26.94499969 375.61801147 -0.148744 -0.905216 0.398069
47.81800079 26.88400078 375.61801147 -0.134606 -0.899738 0.415155
47.51800156 27.07999992 375.91799927 -0.137946 -0.894518 0.425216
47.81800079 27.04000092 375.91799927 -0.140905 -0.895242 0.422714
47.51800156 27.23500061 376.21798706 -0.106248 -0.912076 0.396015
47.81800079 27.17399979 376.21798706 -0.137165 -0.903593 0.405839
67.97899628 7.15299988 385.21798706 -0.998885 0.009258 0.046292
67.95300293 6.85300016 385.21798706 -0.998779 -0.028120 0.040618
67.93699646 7.15299988 384.91799927 -0.995694 -0.003195 0.092647
67.95700073 6.85300016 384.91799927 -0.997068 -0.050772 0.057253
67.74900055 8.95300007 383.41799927 -0.994363 -0.077178 0.072704
67.77700043 8.65299988 383.41799927 -0.991262 -0.108867 0.074488
67.71700287 8.95300007 383.11801147 -0.992605 -0.096425 0.073736
67.75700378 8.65299988 383.11801147 -0.991870 -0.114490 0.055545
67.70700073 8.95300007 382.81799316 -0.991429 -0.119244 0.053376
67.74800110 8.65299988 382.81799316 -0.992469 -0.117485 0.034686
67.69999695 8.95300007 382.51800537 -0.987191 -0.140019 0.076481
67.73699951 8.65299988 382.51800537 -0.989831 -0.119243 0.077566
67.62899780 9.55300045 382.81799316 -0.983208 -0.155624 0.095305
67.66999817 9.25300026 382.81799316 -0.988939 -0.128992 0.073212
67.60199738 9.55300045 382.51800537 -0.985069 -0.151274 0.082188
67.64900208 9.25300026 382.51800537 -0.985975 -0.141193 0.088987
67.57099915 9.55300045 382.21798706 -0.983598 -0.141204 0.112239
67.62100220 9.25300026 382.21798706 -0.981764 -0.142691 0.125617
67.53399658 9.55300045 381.91799927 -0.983881 -0.154593 0.089880
67.57099915 9.25300026 381.91799927 -0.987488 -0.141739 0.069112
67.40000153 10.15299988 381.61801147 -0.974400 -0.193879 0.113826
67.46099854 9.85299969 381.61801147 -0.978894 -0.182547 0.091886
67.37599945 10.15299988 381.31799316 -0.971701 -0.203438 0.120041
67.42800140 9.85299969 381.31799316 -0.972738 -0.204589 0.109198
65.31999969 15.55300045 379.81799316 -0.876036 -0.441711 0.193526
65.47699738 15.25300026 379.81799316 -0.885292 -0.430249 0.176475
65.25800323 15.55300045 379.51800537 -0.877273 -0.431957 0.209299
65.40200043 15.25300026 379.51800537 -0.870022 -0.431254 0.238918
65.01200104 16.15299988 379.81799316 -0.868566 -0.455811 0.194499
65.17199707 15.85299969 379.81799316 -0.872989 -0.446129 0.197127
64.95099640 16.15299988 379.51800537 -0.881968 -0.434402 0.182829
65.09999847 15.85299969 379.51800537 -0.872989 -0.446129 0.197127
33.41799927 22.93400002 373.81799316 0.459840 -0.802717 0.379728
33.11800003 22.80599976 373.81799316 0.514414 -0.802485 0.302317
33.41799927 22.79999924 373.51800537 0.397326 -0.840195 0.369058
33.30799866 22.75300026 373.51800537 0.385884 -0.862474 0.327463
33.11800003 22.67000008 373.51800537 0.452721 -0.831815 0.321134
32.81800079 22.45499992 373.21798706 0.369767 -0.927706 0.051320
32.81499863 22.45299911 373.21798706 0.369815 -0.927828 0.048695
31.61800003 22.66399956 376.21798706 0.570894 -0.757439 0.316806
31.61800003 22.55599976 375.91799927 0.508246 -0.802743 0.311914
61.31499863 21.55299950 379.81799316 -0.712582 -0.638922 0.289837
61.18099976 21.55299950 379.51800537 -0.710335 -0.639782 0.293434
60.71799850 22.20199966 379.81799316 -0.691581 -0.666026 0.279507
61.06600189 21.85300064 379.81799316 -0.708068 -0.640633 0.297035
60.71799850 22.09499931 379.51800537 -0.685469 -0.666205 0.293773
60.93399811 21.85300064 379.51800537 -0.716935 -0.616596 0.325291
60.41799927 22.36499977 379.51800537 -0.654768 -0.693379 0.300839
57.41799927 25.40999985 380.71798706 -0.546800 -0.749197 0.373783
57.41799927 25.79000092 381.61801147 -0.577821 -0.737332 0.349948
57.11800003 26.03199959 381.61801147 -0.555516 -0.775176 0.300838
57.11800003 25.91099930 381.31799316 -0.559932 -0.756795 0.337250
57.41799927 25.65999985 381.31799316 -0.580062 -0.759035 0.295624
56.51800156 26.39999962 381.61801147 -0.465671 -0.822423 0.326759
56.81800079 26.24399948 381.61801147 -0.513596 -0.804370 0.298676
56.81800079 26.11199951 381.31799316 -0.508900 -0.780313 0.363500
56.51800156 26.29500008 381.31799316 -0.473033 -0.817920 0.327484
65.26300049 -1.84700000 394.21798706 -0.885962 0.439380 -0.148381
22.91300011 12.85299969 385.21798706 0.953565 -0.292118 0.073351
54.71799850 25.51000023 377.41799927 -0.424461 -0.837958 0.343015
22.92499924 11.95300007 382.51800537 0.952912 -0.280733 0.114666
22.90399933 11.95300007 382.81799316 0.959521 -0.271418 0.075182
22.81299973 11.65299988 382.81799316 0.961407 -0.265435 0.072391
22.84300041 11.65299988 382.51800537 0.959702 -0.258431 0.110385
65.12200165 -2.14700007 394.21798706 -0.880189 0.437898 -0.183068
22.80999947 11.35299969 382.21798706 0.964429 -0.238210 0.114598
22.72400093 11.05300045 382.21798706 0.965282 -0.241002 0.100736
22.85700035 11.35299969 381.91799927 0.964595 -0.247821 0.090232
22.76099968 11.05300045 381.91799927 0.961346 -0.261721 0.085538
22.86300087 11.35299969 381.61801147 0.965824 -0.254164 0.050833
22.78000069 11.05300045 381.61801147 0.965105 -0.258267 0.043251
22.86800003 11.35299969 381.31799316 0.963382 -0.255125 0.082503
22.78700066 11.05300045 381.31799316 0.965762 -0.244288 0.087336
22.70599937 10.75300026 381.61801147 0.971136 -0.232041 0.055248
22.62700081 10.45300007 381.61801147 0.977709 -0.199903 0.064211
22.71999931 10.75300026 381.31799316 0.964182 -0.252132 0.082355
22.65099907 10.45300007 381.31799316 0.974040 -0.216862 0.064936
65.33100128 -1.84700000 393.91799927 -0.883210 0.427644 -0.192513
22.76099968 10.75300026 381.01800537 0.962363 -0.253118 0.098935
22.66200066 10.45300007 381.01800537 0.968699 -0.236238 0.076246
22.78800011 10.75300026 380.71798706 0.961772 -0.259283 0.088131
22.70000076 10.45300007 380.71798706 0.964330 -0.244604 0.101171
22.81100082 10.75300026 380.41799927 0.963329 -0.256972 0.077218
22.73500061 10.45300007 380.41799927 0.967101 -0.240830 0.081958
22.83399963 10.75300026 380.11801147 0.960182 -0.269055 0.075233
22.74099922 10.45300007 380.11801147 0.971823 -0.229169 0.055148
65.19400024 -2.14700007 393.91799927 -0.896605 0.404124 -0.181059
33.71799850 26.24699974 381.31799316 0.477387 -0.820853 0.313531
34.01800156 26.43899918 381.31799316 0.512112 -0.792895 0.330240
33.71799850 26.37100029 381.61801147 0.492223 -0.793649 0.357543
34.01800156 26.56699944 381.61801147 0.487233 -0.807824 0.331700
41.21799850 25.25699997 372.01800537 0.200970 -0.938322 0.281358
41.21799850 25.15800095 371.71798706 0.193200 -0.944077 0.267192
41.20000076 25.15299988 371.71798706 0.200016 -0.942146 0.268988
40.91799927 25.07200050 371.71798706 0.268149 -0.929301 0.253962
40.91799927 24.99600029 371.41799927 0.287818 -0.928673 0.233940
34.01800156 26.07200050 380.41799927 0.468832 -0.826337 0.312032
33.71799850 25.79100037 380.11801147 0.479155 -0.814406 0.327344
34.01800156 25.96100044 380.11801147 0.474695 -0.811267 0.341336
33.71799850 25.90900040 380.41799927 0.486357 -0.816891 0.310072
33.41799927 25.60000038 380.11801147 0.528759 -0.779478 0.335899
33.11800003 25.53000069 380.41799927 0.520760 -0.778721 0.349860
33.41799927 25.71500015 380.41799927 0.500142 -0.804990 0.319138
67.95800018 5.95300007 389.41799927 -0.997329 0.072667 -0.007372
67.95099640 5.65299988 389.41799927 -0.998609 0.046957 -0.024000
67.97399902 5.95300007 389.11801147 -0.996247 0.082931 -0.024772
67.96499634 5.65299988 389.11801147 -0.998888 0.044510 -0.015527
33.11800003 24.89800072 378.91799927 0.508993 -0.796200 0.327096
33.41799927 25.07299995 378.91799927 0.493626 -0.800345 0.340266
33.11800003 25.02099991 379.21798706 0.526023 -0.776970 0.345856
33.41799927 25.21699905 379.21798706 0.480619 -0.810549 0.334688
58.31800079 24.85700035 381.01800537 -0.575531 -0.758290 0.306202
48.71799850 27.29000092 376.81799316 -0.199743 -0.896655 0.395111
33.41799927 24.94799995 378.61801147 0.508228 -0.798189 0.323418
49.31800079 27.05699921 376.51800537 -0.155338 -0.922232 0.354059
49.61800003 27.00399971 376.51800537 -0.207659 -0.901791 0.379014
49.31800079 27.16500092 376.81799316 -0.181059 -0.896605 0.404124
49.61800003 27.10499954 376.81799316 -0.204877 -0.902331 0.379241
54.11800003 25.59399986 376.81799316 -0.387153 -0.850492 0.356056
54.11800003 25.46299934 376.51800537 -0.372246 -0.848845 0.375361
33.11800003 24.63400078 378.31799316 0.547621 -0.769239 0.329215
33.41799927 24.83300018 378.31799316 0.528528 -0.787204 0.317756
33.11800003 24.76300049 378.61801147 0.523690 -0.778284 0.346441
33.11800003 24.41699982 377.71798706 0.530213 -0.800826 0.278480
33.41799927 24.56999969 377.71798706 0.493225 -0.826190 0.272285
33.11800003 24.51499939 378.01800537 0.530881 -0.793944 0.296342
33.41799927 24.70100021 378.01800537 0.530251 -0.775231 0.343294
50.81800079 26.94099998 377.11801147 -0.255568 -0.883280 0.393067
50.51800156 27.01000023 377.11801147 -0.215195 -0.911329 0.350956
50.51800156 27.11499977 377.41799927 -0.255568 -0.883280 0.393067
50.81800079 27.05400085 377.41799927 -0.190493 -0.912361 0.362366
50.51800156 27.28100014 377.71798706 -0.260182 -0.862708 0.433636
50.51800156 27.41799927 378.01800537 -0.249331 -0.868882 0.427641
50.81800079 27.33499908 378.01800537 -0.254273 -0.874157 0.413758
33.11800003 23.82500076 376.51800537 0.548860 -0.772885 0.318435
33.41799927 24.07399940 376.51800537 0.552580 -0.765235 0.330259
33.11800003 23.98600006 376.81799316 0.551087 -0.744049 0.377748
33.41799927 24.21599960 376.81799316 0.510482 -0.784241 0.352667
32.81800079 23.78700066 376.81799316 0.529571 -0.766015 0.364384
51.11800003 27.12500000 377.71798706 -0.211220 -0.901690 0.377282
51.41799927 27.04599953 377.71798706 -0.270230 -0.877116 0.397042
51.11800003 27.24699974 378.01800537 -0.250035 -0.881860 0.399757
51.41799927 27.15500069 378.01800537 -0.233871 -0.895771 0.378018
32.51800156 23.26899910 375.91799927 0.595992 -0.757242 0.267169
32.81800079 23.45999908 375.91799927 0.479956 -0.841839 0.246878
32.51800156 23.37700081 376.21798706 0.556034 -0.790978 0.255306
32.81800079 23.55599976 376.21798706 0.503323 -0.825450 0.255533
51.11800003 27.38800049 378.31799316 -0.258186 -0.887982 0.380564
51.41799927 27.29100037 378.31799316 -0.241687 -0.891128 0.384030
51.11800003 27.50300026 378.61801147 -0.262695 -0.894943 0.360649
51.41799927 27.41699982 378.61801147 -0.238450 -0.902600 0.358407
33.11800003 23.63199997 375.91799927 0.512772 -0.806235 0.295041
51.71799850 27.34000015 378.61801147 -0.267910 -0.898461 0.347839
32.81800079 23.21999931 375.31799316 0.512845 -0.755341 0.407982
51.71799850 27.22900009 378.31799316 -0.272547 -0.880885 0.386987
52.01800156 27.10499954 378.31799316 -0.362858 -0.848746 0.384661
32.81800079 23.39999962 375.61801147 0.493582 -0.807824 0.322177
52.01800156 27.23399925 378.61801147 -0.350147 -0.870015 0.347089
32.41199875 23.05299950 375.61801147 0.606238 -0.725870 0.324944
67.90100098 5.05299997 389.41799927 -0.990281 0.125076 -0.060817
32.81800079 23.07500076 375.01800537 0.481857 -0.809456 0.335551
67.31500244 12.55300045 385.51800537 -0.968865 -0.224169 0.105119
32.81800079 22.93700027 374.71798706 0.497474 -0.779429 0.380802
32.51800156 22.90800095 375.01800537 0.550761 -0.782493 0.290459
22.59399986 -0.64700001 383.41799927 0.968711 0.201441 -0.144986
22.63599968 -0.94700003 383.41799927 0.985816 -0.021805 -0.166407
22.61800003 -0.94700003 383.36199951 0.893448 -0.019973 -0.448721
47.51800156 26.67200089 375.01800537 -0.109370 -0.912337 0.394562
32.81800079 22.64200020 374.11801147 0.574267 -0.770436 0.276851
32.51800156 22.57500076 374.41799927 0.521474 -0.756872 0.393966
32.81800079 22.75699997 374.41799927 0.544494 -0.747248 0.380982
47.51800156 26.54899979 374.71798706 -0.091120 -0.920719 0.379439
47.81800079 26.52899933 374.71798706 -0.108574 -0.919439 0.377946
52.61800003 26.87100029 378.31799316 -0.328884 -0.856952 0.396823
52.31800079 26.96899986 378.31799316 -0.338239 -0.860270 0.381484
47.81800079 26.65200043 375.01800537 -0.119969 -0.919760 0.373696
52.31800079 27.10199928 378.61801147 -0.349112 -0.865860 0.358340
52.61800003 26.99600029 378.61801147 -0.314120 -0.878626 0.359645
26.94899940 18.85300064 378.61801147 0.774783 -0.583826 0.242609
27.03899956 18.85300064 378.31799316 0.763527 -0.586477 0.270317
32.81800079 22.47100067 373.51800537 0.508956 -0.844304 0.167674
32.81800079 22.54500008 373.81799316 0.561446 -0.791623 0.241064
53.51800156 25.55699921 376.21798706 -0.337342 -0.861070 0.380473
22.02199936 5.05299997 384.31799316 0.999680 0.003014 -0.025118
22.03100014 5.35300016 384.31799316 0.999936 -0.006951 -0.008937
22.03800011 5.05299997 384.61801147 0.998883 0.036380 -0.030143
22.02499962 5.35300016 384.61801147 0.999691 0.009061 -0.023155
32.51800156 22.43700027 374.11801147 0.456445 -0.853354 0.251884
32.21799850 22.08799934 373.51800537 0.565831 -0.800704 0.196744
31.91799927 21.93700027 373.81799316 0.614318 -0.746973 0.254255
32.15399933 22.15299988 373.81799316 0.561198 -0.760593 0.326428
32.51800156 22.27099991 373.51800537 0.529420 -0.829374 0.178473
32.51800156 22.36800003 373.81799316 0.467013 -0.843089 0.266644
52.31800079 27.36000061 379.21798706 -0.306224 -0.860197 0.407785
52.31800079 27.22200012 378.91799927 -0.346693 -0.861339 0.371347
52.61800003 27.10700035 378.91799927 -0.296014 -0.875898 0.381023
52.61800003 27.25099945 379.21798706 -0.290319 -0.855597 0.428566
53.21799850 26.92000008 378.91799927 -0.301428 -0.877020 0.374135
52.91799927 27.01199913 378.91799927 -0.303237 -0.870092 0.388570
52.91799927 27.16799927 379.21798706 -0.326182 -0.854875 0.403476
53.21799850 27.03400040 379.21798706 -0.350147 -0.870015 0.347089
52.91799927 27.30800056 379.51800537 -0.355541 -0.852366 0.383487
52.91799927 27.42000008 379.81799316 -0.355439 -0.863209 0.358516
53.21799850 27.28599930 379.81799316 -0.401021 -0.838213 0.369569
53.21799850 27.14800072 379.51800537 -0.398775 -0.842901 0.361243
53.81800079 26.90699959 379.51800537 -0.359471 -0.862421 0.356385
53.51800156 27.01899910 379.51800537 -0.346338 -0.874237 0.340235
53.51800156 27.14599991 379.81799316 -0.369849 -0.858854 0.354374
53.81800079 27.03100014 379.81799316 -0.348450 -0.874929 0.336277
53.51800156 27.27000046 380.11801147 -0.394819 -0.813615 0.426788
53.51800156 27.46199989 380.41799927 -0.380889 -0.817556 0.431886
53.81800079 27.30900002 380.41799927 -0.396255 -0.806949 0.437966
53.81800079 27.13299942 380.11801147 -0.360230 -0.846774 0.391418
54.41799927 26.88299942 380.11801147 -0.413313 -0.828209 0.378474
54.11800003 27.01700020 380.11801147 -0.370577 -0.854344 0.364375
54.11800003 27.16600037 380.41799927 -0.388588 -0.826344 0.407621
54.41799927 27.01700020 380.41799927 -0.409113 -0.829283 0.380680
54.41799927 27.15699959 380.71798706 -0.419042 -0.827015 0.374766
54.11800003 27.30400085 380.71798706 -0.412816 -0.827214 0.381183
54.11800003 27.44199944 381.01800537 -0.398586 -0.833408 0.382832
54.41799927 27.28800011 381.01800537 -0.408770 -0.819131 0.402408
55.01800156 26.84300041 380.71798706 -0.416430 -0.828109 0.375262
54.71799850 26.99799919 380.71798706 -0.419639 -0.825025 0.378466
54.71799850 27.13599968 381.01800537 -0.412486 -0.817008 0.402930
55.01800156 26.99600029 381.01800537 -0.411901 -0.822212 0.392817
54.71799850 27.30299950 381.31799316 -0.419371 -0.814824 0.400237
54.71799850 27.43400002 381.61801147 -0.411521 -0.834079 0.367373
55.01800156 27.27000046 381.61801147 -0.444379 -0.813898 0.374297
55.01800156 27.13999939 381.31799316 -0.432484 -0.815496 0.384608
55.61800003 26.81699944 381.31799316 -0.437577 -0.816280 0.377112
55.31800079 26.97500038 381.31799316 -0.433767 -0.821456 0.370211
55.31800079 27.11000061 381.61801147 -0.439417 -0.820140 0.366446
55.61800003 26.95400047 381.61801147 -0.447922 -0.821454 0.352956
55.31800079 27.24600029 381.91799927 -0.454235 -0.811247 0.368169
55.61800003 27.08300018 381.91799927 -0.462703 -0.812514 0.354580
55.61800003 27.20700073 382.21798706 -0.438999 -0.832367 0.338297
34.91799927 24.68700027 375.91799927 0.448621 -0.812627 0.371989
35.21799850 24.84600067 375.91799927 0.442502 -0.809922 0.384992
34.91799927 24.82999992 376.21798706 0.461343 -0.816466 0.347196
66.95600128 1.15300000 391.21798706 -0.949684 0.298172 -0.095888
66.84899902 0.85299999 391.21798706 -0.951413 0.293646 -0.092662
66.96399689 1.15300000 390.91799927 -0.945940 0.302861 -0.116074
66.88300323 0.85299999 390.91799927 -0.948893 0.296942 -0.106899
42.11800003 26.74399948 375.31799316 0.132374 -0.892454 0.431281
42.41799927 26.80100060 375.31799316 0.159582 -0.892799 0.421240
42.11800003 26.88400078 375.61801147 0.106817 -0.908641 0.403686
42.41799927 26.94199944 375.61801147 0.123182 -0.917636 0.377850
52.31800079 25.82399940 375.61801147 -0.299125 -0.876116 0.378081
52.61800003 25.71999931 375.61801147 -0.384281 -0.842282 0.378007
52.61800003 25.57099915 375.31799316 -0.349256 -0.852186 0.389615
52.31800079 25.68400002 375.31799316 -0.329349 -0.855072 0.400477
52.31800079 28.58699989 381.91799927 -0.290628 -0.892751 0.344283
52.61800003 28.47500038 381.91799927 -0.335164 -0.870814 0.359651
52.31800079 25.54100037 375.01800537 -0.332920 -0.856301 0.394858
67.94000244 5.35300016 389.41799927 -0.995194 0.089073 -0.040687
51.71799850 25.76799965 375.01800537 -0.258409 -0.899265 0.352913
52.01800156 25.67200089 375.01800537 -0.332512 -0.855252 0.397468
52.01800156 25.51600075 374.71798706 -0.329810 -0.853171 0.404134
51.71799850 25.64399910 374.71798706 -0.321648 -0.860294 0.395520
67.95200348 5.35300016 389.11801147 -0.997802 0.062429 -0.022220
67.92900085 5.05299997 389.11801147 -0.993241 0.110113 -0.036704
22.05999947 7.15299988 379.81799316 0.985708 -0.084218 -0.145899
22.06200027 6.85300016 379.81799316 0.993893 -0.103276 -0.038867
22.06100082 6.55299997 380.41799927 0.953111 -0.260668 -0.153728
21.95800018 6.55299997 380.11801147 0.302861 -0.945940 -0.116074
67.91200256 5.05299997 388.51800537 -0.995021 0.099609 0.003213
67.54000092 8.65299988 380.11801147 -0.986178 -0.125210 0.108515
67.45500183 8.95300007 380.11801147 -0.978671 -0.182506 0.094315
67.55799866 8.65299988 380.41799927 -0.977631 -0.135748 0.160655
67.51699829 8.95300007 380.41799927 -0.971749 -0.189269 0.140999
33.11800003 22.88800049 374.11801147 0.551941 -0.777808 0.300625
33.11800003 23.02300072 374.41799927 0.542520 -0.771119 0.333239
67.94300079 11.95300007 375.61801147 -0.949360 -0.230189 -0.213844
26.11899948 -6.94700003 387.91799927 0.835081 0.502270 -0.224419
56.81800079 24.07799911 376.81799316 -0.513455 -0.796412 0.319519
56.51800156 24.25000000 376.81799316 -0.477667 -0.818182 0.320021
56.81800079 23.95499992 376.51800537 -0.526608 -0.766417 0.367816
56.51800156 24.13199997 376.51800537 -0.490161 -0.807417 0.328360
66.36599731 11.65299988 376.81799316 -0.930924 -0.364942 0.014085
66.25299835 11.95300007 376.81799316 -0.933326 -0.354111 0.059238
63.31999969 -4.24700022 396.31799316 -0.789456 0.589441 -0.171226
63.39699936 -4.24700022 396.01800537 -0.795130 0.567510 -0.213778
63.18399811 -4.54699993 396.01800537 -0.799872 0.559448 -0.217306
63.47999954 -4.24700022 395.71798706 -0.813130 0.540555 -0.215916
63.28799820 -4.54699993 395.71798706 -0.797182 0.547575 -0.254287
66.13899994 12.25300026 376.81799316 -0.921435 -0.377012 0.093913
67.93900299 5.35300016 388.81799316 -0.997883 0.064007 0.011542
63.11600113 -5.14699984 394.81799316 -0.783909 0.571957 -0.241562
67.93199921 5.05299997 388.81799316 -0.994578 0.103037 0.014100
62.89699936 -5.44700003 394.81799316 -0.758022 0.593441 -0.270609
62.65100098 -5.74700022 394.81799316 -0.739973 0.605723 -0.292473
62.99800110 -5.44700003 394.51800537 -0.787087 0.568884 -0.238464
62.76800156 -5.74700022 394.51800537 -0.752447 0.600373 -0.270881
67.94799805 5.35300016 388.51800537 -0.996959 0.077341 -0.009535
62.52000046 -6.04699993 394.51800537 -0.742324 0.615701 -0.264324
66.37400055 11.65299988 377.11801147 -0.931824 -0.356559 0.067600
66.25800323 11.95300007 377.11801147 -0.939854 -0.326616 0.099984
22.26600075 8.05300045 380.11801147 0.985757 -0.165256 0.031202
22.30400085 8.35299969 380.11801147 0.989931 -0.133589 0.046813
22.24399948 8.05300045 380.41799927 0.987229 -0.156721 0.028599
22.29400063 8.35299969 380.41799927 0.988051 -0.149982 0.035492
63.07500076 -5.44700003 394.21798706 -0.795715 0.572731 -0.197020
62.86700058 -5.74700022 394.21798706 -0.788097 0.583039 -0.197407
66.42700195 11.65299988 377.41799927 -0.932619 -0.335524 0.132840
62.92200089 -5.74700022 393.91799927 -0.781465 0.583391 -0.221286
66.29599762 11.95300007 377.41799927 -0.942200 -0.297751 0.153634
62.35699844 -6.34700012 394.21798706 -0.743258 0.620171 -0.250909
62.46400070 -6.34700012 393.91799927 -0.766941 0.591282 -0.249373
66.17900085 12.25300026 377.11801147 -0.930235 -0.347306 0.118493
66.22599792 12.25300026 377.41799927 -0.932449 -0.320053 0.167647
22.32299995 8.35299969 379.81799316 0.990714 -0.135850 -0.005522
22.27199936 8.05300045 379.51800537 0.988258 -0.144482 -0.049702
62.63499832 -6.04699993 394.21798706 -0.745922 0.623947 -0.233003
22.28800011 8.35299969 379.51800537 0.986414 -0.136507 -0.091401
22.27499962 8.05300045 379.81799316 0.986039 -0.166415 -0.005660
62.69900131 -6.04699993 393.91799927 -0.776476 0.598117 -0.198347
62.79299927 -6.04699993 393.61801147 -0.762246 0.602597 -0.236343
62.55599976 -6.34700012 393.61801147 -0.788365 0.571526 -0.227681
62.87699890 -6.04699993 393.31799316 -0.751784 0.609938 -0.250595
62.64099884 -6.34700012 393.31799316 -0.769551 0.594724 -0.232582
62.36100006 -6.64699984 393.61801147 -0.761222 0.601130 -0.243277
62.08300018 -6.94700003 393.61801147 -0.722200 0.632921 -0.278995
62.43399811 -6.64699984 393.31799316 -0.787829 0.586681 -0.187433
62.18199921 -6.94700003 393.31799316 -0.752148 0.621339 -0.219571
62.58100128 -6.64699984 392.71798706 -0.748364 0.612871 -0.253656
62.49000168 -6.64699984 393.01800537 -0.767772 0.603360 -0.215597
62.26399994 -6.94700003 393.01800537 -0.774961 0.591704 -0.222083
62.35800171 -6.94700003 392.71798706 -0.782471 0.569212 -0.252461
61.69300079 -8.14700031 391.81799316 -0.732798 0.635092 -0.244266
61.78400040 -8.14700031 391.51800537 -0.740740 0.631117 -0.230209
61.31800079 -8.52200031 391.81799316 -0.697925 0.679105 -0.227414
61.61800003 -8.34500027 391.51800537 -0.701266 0.669748 -0.244261
61.62699890 -8.44699955 391.21798706 -0.729298 0.637939 -0.247300
61.34799957 -8.74699974 391.21798706 -0.696503 0.651463 -0.300799
61.71500015 -8.44699955 390.91799927 -0.735716 0.631739 -0.244188
61.47200012 -8.74699974 390.91799927 -0.732175 0.627352 -0.265235
61.01800156 -9.09799957 391.21798706 -0.688657 0.656401 -0.308041
60.77000046 -9.34700012 391.21798706 -0.676482 0.663504 -0.319585
61.20299911 -9.04699993 390.91799927 -0.698679 0.653707 -0.290715
60.92699814 -9.34700012 390.91799927 -0.708740 0.641241 -0.294103
66.45800018 11.65299988 377.71798706 -0.933654 -0.314917 0.170638
61.33200073 -9.04699993 390.61801147 -0.714151 0.633910 -0.296894
61.43600082 -9.04699993 390.31799316 -0.745803 0.612794 -0.261269
66.36199951 11.95300007 377.71798706 -0.939967 -0.295026 0.171527
66.52100372 11.65299988 378.01800537 -0.940412 -0.301642 0.156963
61.20399857 -9.34700012 390.31799316 -0.689277 0.663570 -0.290814
66.42800140 11.95300007 378.01800537 -0.947358 -0.281647 0.152278
61.01800156 -9.34799957 390.61801147 -0.694773 0.646187 -0.315806
60.77700043 -9.64700031 390.61801147 -0.700387 0.645644 -0.304306
61.01800156 -9.52999973 390.31799316 -0.755519 0.579071 -0.306378
60.71799850 -10.04199982 389.71798706 -0.667486 0.702201 -0.247743
60.40100098 -10.24699974 390.01800537 -0.692828 0.692828 -0.199944
60.11999893 -10.54699993 390.01800537 -0.678062 0.690706 -0.251310
60.48799896 -10.24699974 389.71798706 -0.678382 0.694122 -0.240818
60.22299957 -10.54699993 389.71798706 -0.696945 0.671659 -0.251280
60.79299927 -10.24699974 389.11801147 -0.680675 0.661273 -0.315277
60.61399841 -10.24699974 389.41799927 -0.660342 0.686174 -0.305146
60.33499908 -10.54699993 389.41799927 -0.699677 0.664772 -0.261784
60.11800003 -10.77099991 389.41799927 -0.662481 0.706752 -0.248233
60.41799927 -10.57600021 389.11801147 -0.645977 0.712968 -0.272746
60.13999939 -10.84700012 389.11801147 -0.689977 0.677287 -0.255371
60.41799927 -10.69699955 388.81799316 -0.642587 0.691391 -0.330241
60.24599838 -10.84700012 388.81799316 -0.663504 0.676482 -0.319585
60.44900131 -10.84700012 388.51800537 -0.659194 0.700693 -0.272935
41.81800079 -14.10900021 395.41799927 0.139709 0.877144 -0.459456
41.51800156 -14.11299992 395.41799927 0.098776 0.900110 -0.424318
65.18299866 -1.84700000 394.81799316 -0.854291 0.488803 -0.176801
64.99299622 -2.14700007 394.81799316 -0.840831 0.502687 -0.200773
65.23200226 -1.84700000 394.51800537 -0.882240 0.453274 -0.127260
65.07599640 -2.14700007 394.51800537 -0.850967 0.493293 -0.180327
58.01800156 25.32900047 381.61801147 -0.558989 -0.761965 0.327017
58.01800156 25.20800018 381.31799316 -0.570310 -0.756665 0.319695
57.71799850 25.44300079 381.31799316 -0.582177 -0.757628 0.295076
58.61800003 24.88699913 381.61801147 -0.582095 -0.732103 0.353823
66.54399872 11.65299988 378.31799316 -0.944620 -0.293251 0.147301
66.47399902 11.95300007 378.31799316 -0.946072 -0.285581 0.152942
58.31800079 25.12199974 381.61801147 -0.554251 -0.757854 0.344185
66.60900116 11.65299988 378.61801147 -0.937990 -0.282092 0.201494
66.52999878 11.95300007 378.61801147 -0.937669 -0.274474 0.213170
58.31800079 24.98500061 381.31799316 -0.576224 -0.747316 0.330885
66.66100311 11.35299969 378.31799316 -0.944167 -0.304873 0.124904
66.70899963 11.35299969 378.61801147 -0.947169 -0.272362 0.169379
66.76200104 11.05300045 378.31799316 -0.943037 -0.311670 0.116375
66.77700043 11.05300045 378.61801147 -0.954605 -0.276299 0.111305
26.21800041 -7.24700022 387.61801147 0.850770 0.483358 -0.206293
26.21800041 -7.24700022 387.61801147 0.850770 0.483358 -0.206293
28.47599983 -8.14700031 392.11801147 0.721167 0.638384 -0.269045
28.30900002 -7.84700012 392.41799927 0.691635 0.649522 -0.315852
28.18899918 -7.84700012 392.11801147 0.716238 0.659817 -0.227253
28.61800003 -7.86199999 393.01800537 0.668034 0.708710 -0.226850
28.45899963 -7.84700012 392.71798706 0.687725 0.655361 -0.312308
28.61800003 -8.03800011 392.71798706 0.642587 0.691391 -0.330241
66.81999969 11.05300045 378.91799927 -0.960835 -0.239228 0.139877
28.91799927 -7.95699978 393.61801147 0.640372 0.725754 -0.251405
29.12500000 -8.14700031 393.61801147 0.689288 0.666898 -0.283072
28.91799927 -8.05799961 393.31799316 0.671452 0.711770 -0.206243
28.61800003 -7.70699978 393.61801147 0.672975 0.659939 -0.334043
67.97899628 5.95300007 388.81799316 -0.996452 0.083834 -0.007428
28.62500000 -7.84700012 393.31799316 0.679225 0.715694 -0.162589
66.77600098 11.35299969 378.91799927 -0.957853 -0.232489 0.168720
29.61599922 -8.14700031 394.81799316 0.736914 0.636781 -0.226863
29.53199959 -8.14700031 394.51800537 0.667860 0.680734 -0.300939
29.21800041 -7.55700016 395.11801147 0.668277 0.668277 -0.326821
29.40999985 -7.84700012 395.11801147 0.728220 0.608734 -0.314862
66.86499786 11.05300045 379.21798706 -0.958637 -0.245906 0.143335
29.57299995 -7.84700012 395.41799927 0.708891 0.617632 -0.340594
29.81800079 -8.09399986 395.41799927 0.674380 0.654786 -0.341272
29.86700058 -8.14700031 395.41799927 0.656152 0.685314 -0.315925
66.82099915 11.35299969 379.21798706 -0.967134 -0.226133 0.116260
29.71699905 -8.14700031 395.11801147 0.727605 0.615172 -0.303570
67.95999908 5.65299988 388.81799316 -0.998739 0.050193 0.001024
67.97799683 5.95300007 388.51800537 -0.997490 0.070423 -0.007358
67.96499634 5.65299988 388.51800537 -0.997680 0.062687 -0.026562
22.11400032 5.35300016 387.01800537 0.997443 0.054640 -0.046069
22.13500023 5.05299997 387.01800537 0.996236 0.072948 -0.046818
22.11199951 5.35300016 386.71798706 0.998854 0.044509 -0.017596
22.13400078 5.05299997 386.71798706 0.997374 0.063206 -0.035353
66.91400146 11.05300045 379.51800537 -0.954509 -0.254269 0.155757
66.82800293 11.35299969 379.51800537 -0.955260 -0.261007 0.139116
66.98699951 11.05300045 379.81799316 -0.955482 -0.255767 0.147099
66.90000153 11.35299969 379.81799316 -0.948828 -0.266646 0.169192
52.01800156 24.22299957 371.71798706 -0.239485 -0.928180 0.284831
57.71799850 25.55699921 381.61801147 -0.576436 -0.738813 0.349109
67.01300049 11.05300045 380.11801147 -0.963287 -0.247556 0.103896
66.94699860 11.35299969 380.11801147 -0.957040 -0.263153 0.121757
67.04599762 11.05300045 380.41799927 -0.954276 -0.268680 0.131031
66.95400238 11.35299969 380.41799927 -0.963184 -0.245618 0.109307
67.16899872 10.45300007 380.11801147 -0.954671 -0.261572 0.142072
67.08499908 10.75300026 380.11801147 -0.959946 -0.251383 0.123738
67.21900177 10.45300007 380.41799927 -0.960645 -0.244409 0.132007
67.12999725 10.75300026 380.41799927 -0.953741 -0.260111 0.150731
67.99600220 5.95300007 388.21798706 -0.997883 0.064007 -0.011542
67.97799683 5.65299988 388.21798706 -0.997713 0.064539 -0.020102
68.00299835 5.95300007 387.91799927 -0.998393 0.056668 -0.001030
56.51800156 23.48100090 375.01800537 -0.498866 -0.806104 0.318324
56.81800079 23.28899956 375.01800537 -0.531818 -0.767822 0.357239
56.81800079 23.11599922 374.71798706 -0.536156 -0.762928 0.361217
56.51800156 23.34199905 374.71798706 -0.524415 -0.776135 0.350148
56.51800156 23.21800041 374.41799927 -0.542507 -0.751038 0.376334
56.81800079 22.98600006 374.41799927 -0.523821 -0.775255 0.352975
56.81800079 22.87000084 374.11801147 -0.499506 -0.799529 0.333536
56.51800156 23.04199982 374.11801147 -0.503675 -0.767738 0.396094
67.96600342 5.65299988 387.91799927 -0.997696 0.067764 -0.003128
57.11800003 22.78499985 374.41799927 -0.541998 -0.762033 0.354321
57.41799927 22.56800079 374.41799927 -0.546843 -0.771354 0.325540
57.41799927 22.45400047 374.11801147 -0.542454 -0.776077 0.321632
57.11800003 22.65099907 374.11801147 -0.544462 -0.777575 0.314543
22.91799927 -1.24699998 384.61801147 0.957421 0.232384 -0.171300
23.01000023 -1.54700005 384.61801147 0.942626 0.265587 -0.202286
22.92600060 -1.54700005 384.31799316 0.940783 0.236928 -0.242470
67.26100159 10.45300007 380.71798706 -0.973706 -0.212107 0.083106
67.19400024 10.75300026 380.71798706 -0.961768 -0.247238 0.117794
67.26399994 10.45300007 381.01800537 -0.977624 -0.192581 0.084637
67.20999908 10.75300026 381.01800537 -0.970344 -0.224698 0.089126
67.09700012 11.05300045 380.71798706 -0.950663 -0.272193 0.148834
67.00000000 11.35299969 380.71798706 -0.956389 -0.250704 0.149892
67.13999939 11.05300045 381.01800537 -0.958561 -0.257622 0.121618
67.06300354 11.35299969 381.01800537 -0.957798 -0.249001 0.143604
22.27799988 8.95300007 382.81799316 0.992576 -0.117233 0.032379
22.25000000 8.65299988 382.81799316 0.992579 -0.111538 0.048446
22.28899956 8.95300007 382.51800537 0.992161 -0.112000 0.055434
22.26899910 8.65299988 382.51800537 0.992995 -0.108837 0.046003
67.34500122 10.45300007 381.61801147 -0.973235 -0.202182 0.109253
67.30000305 10.45300007 381.31799316 -0.973185 -0.193122 0.124961
67.24800110 10.75300026 381.31799316 -0.970462 -0.207320 0.123375
67.28299713 10.75300026 381.61801147 -0.969271 -0.219769 0.110520
62.19200134 -9.94699955 386.11801147 -0.800676 0.498234 -0.332687
62.21799850 -9.91300011 386.11801147 -0.781208 0.524549 -0.338470
62.44200134 -9.64700031 386.11801147 -0.725923 0.554730 -0.406583
62.06999969 -9.94699955 386.41799927 -0.801489 0.492366 -0.339398
62.21799850 -9.70899963 386.41799927 -0.726703 0.652010 -0.216299
62.27199936 -9.64700031 386.41799927 -0.773931 0.579271 -0.255884
22.26700020 8.95300007 383.41799927 0.989611 -0.138112 0.039950
22.21699905 8.65299988 383.41799927 0.991309 -0.125468 0.039562
61.91799927 -10.20899963 386.41799927 -0.716027 0.615361 -0.329600
22.27700043 8.95300007 383.11801147 0.990501 -0.134095 0.030425
22.23100090 8.65299988 383.11801147 0.992280 -0.119700 0.032442
40.01800156 24.95999908 372.01800537 0.118390 -0.948451 0.293980
39.71799850 24.90800095 372.01800537 0.318426 -0.862980 0.392264
40.01800156 24.86100006 371.71798706 0.207435 -0.964115 0.165687
40.61800003 25.03599930 372.01800537 0.193155 -0.952269 0.236379
40.31800079 24.95199966 372.01800537 0.157891 -0.948696 0.273948
40.61800003 24.99799919 371.71798706 0.230829 -0.956675 0.177458
40.31800079 24.93000031 371.71798706 0.148169 -0.977419 0.150659
22.19599915 8.35299969 383.41799927 0.994003 -0.103057 0.036569
22.15699959 8.05300045 383.41799927 0.995499 -0.088513 0.033875
22.19700050 8.35299969 383.11801147 0.993511 -0.107677 0.036632
22.17000008 8.05300045 383.11801147 0.994809 -0.099154 0.022882
67.38099670 10.45300007 381.91799927 -0.971348 -0.206427 0.117777
67.41600037 10.45300007 382.21798706 -0.972553 -0.202563 0.114492
67.34799957 10.75300026 382.21798706 -0.969879 -0.205191 0.131271
67.30899811 10.75300026 381.91799927 -0.969271 -0.219769 0.110520
22.24099922 8.95300007 384.01800537 0.992355 -0.117737 0.037003
22.20000076 8.65299988 384.01800537 0.993586 -0.111132 0.020906
22.24900055 8.95300007 383.71798706 0.990561 -0.130486 0.041983
22.21299934 8.65299988 383.71798706 0.992171 -0.119957 0.034754
67.49500275 9.85299969 381.91799927 -0.979767 -0.165958 0.111868
67.43800354 10.15299988 381.91799927 -0.974806 -0.186932 0.121694
67.53299713 9.85299969 382.21798706 -0.982457 -0.153850 0.105393
67.48400116 10.15299988 382.21798706 -0.977227 -0.188545 0.097353
22.17399979 8.35299969 384.01800537 0.996039 -0.088608 0.007473
22.15099907 8.05300045 384.01800537 0.997224 -0.074451 -0.001049
22.17000008 8.35299969 383.71798706 0.994970 -0.096990 0.025065
22.14800072 8.05300045 383.71798706 0.996376 -0.082584 0.020378
57.41799927 26.09900093 382.21798706 -0.515255 -0.768819 0.378721
57.11800003 26.26700020 382.21798706 -0.503946 -0.784095 0.362262
57.11800003 26.12100029 381.91799927 -0.525683 -0.787726 0.321162
66.05500031 17.35300064 387.01800537 -0.912233 -0.357710 0.199686
65.98799896 17.35300064 386.71798706 -0.914250 -0.357998 0.189696
66.09999847 17.05299950 386.71798706 -0.917933 -0.348672 0.189279
65.80599976 17.95299911 387.01800537 -0.908370 -0.389707 0.151631
65.93800354 17.65299988 387.01800537 -0.908513 -0.374600 0.185147
65.74500275 17.95299911 386.71798706 -0.899366 -0.392477 0.192618
65.88200378 17.65299988 386.71798706 -0.905492 -0.376927 0.194962
65.55599976 18.25300026 386.41799927 -0.895077 -0.404743 0.187139
65.67199707 17.95299911 386.41799927 -0.904454 -0.377700 0.198256
65.80599976 17.65299988 386.41799927 -0.903977 -0.380394 0.195259
65.61699677 17.95299911 386.11801147 -0.909012 -0.373625 0.184665
65.73200226 17.65299988 386.11801147 -0.899235 -0.399821 0.177538
65.55100250 17.95299911 385.81799316 -0.890628 -0.406432 0.203949
65.68299866 17.65299988 385.81799316 -0.898431 -0.406810 0.165311
65.62599945 17.65299988 385.51800537 -0.886686 -0.420626 0.191993
22.17600060 8.35299969 384.61801147 0.997083 -0.073582 0.020262
22.15399933 8.05300045 384.61801147 0.996748 -0.077988 0.020298
22.17099953 8.35299969 384.31799316 0.996669 -0.081382 -0.005285
22.14999962 8.05300045 384.31799316 0.996874 -0.078950 -0.003158
47.81800079 26.39699936 374.41799927 -0.126737 -0.915014 0.382997
47.51800156 26.43600082 374.41799927 -0.088200 -0.921355 0.378583
47.81800079 26.27300072 374.11801147 -0.126972 -0.911127 0.392078
47.51800156 26.31699944 374.11801147 -0.089215 -0.909998 0.404901
47.21799850 26.46199989 374.41799927 -0.094190 -0.918690 0.383584
46.91799927 26.48800087 374.41799927 -0.093954 -0.919115 0.382624
46.91799927 26.36800003 374.11801147 -0.092295 -0.907797 0.409129
47.21799850 26.32799911 374.11801147 -0.071961 -0.911050 0.405967
44.21799850 27.07500076 375.61801147 0.059800 -0.923573 0.378731
43.91799927 27.05999947 375.61801147 0.065670 -0.920727 0.384641
44.21799850 26.94899940 375.31799316 0.040335 -0.932921 0.357815
43.91799927 26.92399979 375.31799316 0.078485 -0.932508 0.352517
43.61800003 27.03000069 375.61801147 0.073897 -0.923038 0.377545
43.31800079 27.00099945 375.61801147 0.059772 -0.925806 0.373244
43.61800003 26.90900040 375.31799316 0.089938 -0.930253 0.355725
43.31800079 26.89100075 375.31799316 0.056900 -0.927610 0.369191
43.01800156 27.54299927 376.81799316 0.069369 -0.907239 0.414855
42.71799850 27.52099991 376.81799316 0.104101 -0.906368 0.409462
43.01800156 27.38999939 376.51800537 0.058413 -0.900640 0.430623
42.71799850 27.37299919 376.51800537 0.107568 -0.898266 0.426083
40.61800003 27.41200066 377.41799927 0.171952 -0.913763 0.368063
40.31800079 27.34099960 377.41799927 0.198338 -0.901930 0.383646
40.61800003 27.28499985 377.11801147 0.185507 -0.904525 0.383956
41.21799850 27.80699921 378.01800537 0.204808 -0.885538 0.416984
40.91799927 27.71599960 378.01800537 0.203365 -0.893929 0.399415
41.21799850 27.62999916 377.71798706 0.162549 -0.896178 0.412846
40.91799927 27.59199905 377.71798706 0.175702 -0.909938 0.375689
40.61800003 27.64100075 378.01800537 0.196137 -0.899327 0.390822
40.31800079 27.59399986 378.01800537 0.171952 -0.913763 0.368063
40.61800003 27.51399994 377.71798706 0.174708 -0.913313 0.367882
40.31800079 27.47400093 377.71798706 0.191679 -0.906514 0.376153
40.01800156 27.52799988 378.01800537 0.189996 -0.912839 0.361422
39.71799850 27.46899986 378.01800537 0.215195 -0.911329 0.350956
40.01800156 27.39699936 377.71798706 0.185711 -0.905522 0.381500
39.71799850 27.35600090 377.71798706 0.204565 -0.903857 0.375761
39.41799927 28.63400078 381.01800537 0.258551 -0.896804 0.359017
39.11800003 28.54899979 381.01800537 0.227696 -0.897564 0.377535
39.41799927 28.51399994 380.71798706 0.251283 -0.900798 0.354147
39.11800003 28.42799950 380.71798706 0.256600 -0.894392 0.366360
65.48100281 17.95299911 385.51800537 -0.889504 -0.416270 0.188417
65.25499725 18.55299950 385.81799316 -0.872941 -0.437217 0.216370
65.40699768 18.25300026 385.81799316 -0.875341 -0.430960 0.219208
65.17500305 18.55299950 385.51800537 -0.863458 -0.455005 0.217742
65.34100342 18.25300026 385.51800537 -0.877719 -0.443988 0.180233
67.68699646 9.85299969 383.71798706 -0.988895 -0.139297 0.051805
67.61900330 10.15299988 383.71798706 -0.982976 -0.174303 0.058101
67.68900299 9.85299969 384.01800537 -0.989091 -0.135033 0.058861
67.63600159 10.15299988 384.01800537 -0.983188 -0.168444 0.070484
65.09799957 18.55299950 385.21798706 -0.855560 -0.473640 0.209003
65.28600311 18.25300026 385.21798706 -0.862199 -0.460339 0.211426
65.04000092 18.55299950 384.91799927 -0.861007 -0.462698 0.211134
65.20600128 18.25300026 384.91799927 -0.867636 -0.437577 0.236081
64.89099884 18.55299950 384.31799316 -0.874859 -0.438172 0.206461
64.95300293 18.55299950 384.61801147 -0.864066 -0.452320 0.220900
65.11599731 18.25300026 384.61801147 -0.871454 -0.433477 0.229488
65.04199982 18.25300026 384.31799316 -0.871762 -0.442587 0.210117
64.64199829 19.15299988 384.61801147 -0.862890 -0.454705 0.220600
64.79799652 18.85300064 384.61801147 -0.871150 -0.445255 0.206991
64.57399750 19.15299988 384.31799316 -0.848034 -0.477873 0.229075
64.74400330 18.85300064 384.31799316 -0.866081 -0.453234 0.210911
64.95999908 18.25300026 384.01800537 -0.864074 -0.449318 0.226913
64.80899811 18.55299950 384.01800537 -0.867103 -0.440314 0.232931
64.73000336 18.55299950 383.71798706 -0.856593 -0.459376 0.234994
64.88700104 18.25300026 383.71798706 -0.862965 -0.459151 0.210881
22.47299957 -0.34700000 383.11801147 0.959535 0.203055 -0.195092
22.44799995 -0.04700000 383.11801147 0.967959 0.126924 -0.216669
22.50099945 -0.34700000 383.41799927 0.970411 0.185388 -0.154703
22.48500061 -0.04700000 383.41799927 0.980367 0.153374 -0.123926
64.48999786 19.15299988 384.01800537 -0.841199 -0.479591 0.249755
64.65499878 18.85300064 384.01800537 -0.852258 -0.461957 0.245462
64.38999939 19.15299988 383.71798706 -0.843089 -0.467013 0.266644
64.56500244 18.85300064 383.71798706 -0.830494 -0.482773 0.277866
64.31300354 19.15299988 383.41799927 -0.861543 -0.455580 0.224031
64.22299957 19.15299988 383.11801147 -0.850481 -0.467080 0.241908
64.44799805 18.85300064 383.41799927 -0.846529 -0.481777 0.226450
64.39499664 18.85300064 383.11801147 -0.847464 -0.484913 0.216020
64.13600159 19.15299988 382.81799316 -0.861543 -0.455580 0.224031
64.30599976 18.85300064 382.81799316 -0.838057 -0.493064 0.233557
64.07199860 19.15299988 382.51800537 -0.852777 -0.468043 0.231749
64.23000336 18.85300064 382.51800537 -0.848014 -0.485227 0.213137
63.76300049 19.75300026 382.81799316 -0.794157 -0.557931 0.240889
63.98300171 19.45299911 382.81799316 -0.822393 -0.518031 0.235189
63.89599991 19.45299911 382.51800537 -0.811046 -0.531910 0.243469
63.97900009 19.15299988 382.21798706 -0.834889 -0.483032 0.263893
64.14299774 18.85300064 382.21798706 -0.832741 -0.501485 0.234640
63.87599945 19.15299988 381.91799927 -0.835651 -0.492191 0.243795
64.06099701 18.85300064 381.91799927 -0.821856 -0.512306 0.249188
63.80199814 19.45299911 382.21798706 -0.813184 -0.520873 0.259659
63.59999847 19.75300026 382.21798706 -0.807458 -0.541907 0.233128
63.51399994 19.75300026 381.91799927 -0.789894 -0.554339 0.262251
63.69900131 19.45299911 381.91799927 -0.823796 -0.512755 0.241749
22.57799911 -0.34700000 383.71798706 0.961866 0.214479 -0.169741
22.49600029 -0.04700000 383.71798706 0.970064 0.172997 -0.170434
22.62999916 -0.34700000 384.01800537 0.958710 0.231413 -0.165295
22.56599998 -0.04700000 384.01800537 0.969014 0.191744 -0.155711
63.40100098 19.75300026 381.61801147 -0.774507 -0.568606 0.277175
63.61399841 19.45299911 381.61801147 -0.796446 -0.550187 0.250935
63.29600143 19.75300026 381.31799316 -0.804594 -0.536915 0.253673
63.50600052 19.45299911 381.31799316 -0.773891 -0.560952 0.293983
63.17499924 20.05299950 381.61801147 -0.798491 -0.557554 0.227037
62.97499847 20.35300064 381.61801147 -0.780579 -0.581943 0.228121
62.87300110 20.35300064 381.31799316 -0.751947 -0.596153 0.281384
63.11500168 20.05299950 381.31799316 -0.793931 -0.553724 0.251125
63.09600067 19.75300026 380.71798706 -0.780490 -0.558850 0.280217
62.75199890 20.35300064 381.01800537 -0.762295 -0.584796 0.277342
62.98899841 20.05299950 381.01800537 -0.761787 -0.576531 0.295452
62.65800095 20.35300064 380.71798706 -0.775003 -0.580861 0.248940
62.87900162 20.05299950 380.71798706 -0.774318 -0.572459 0.269671
22.39500046 0.25299999 383.11801147 0.959745 0.194597 -0.202539
22.32500076 0.55299997 383.11801147 0.985454 0.106310 -0.132588
22.40800095 0.25299999 383.41799927 0.977023 0.177528 -0.117938
22.35600090 0.55299997 383.41799927 0.977383 0.155634 -0.143183
61.87799835 20.95299911 379.81799316 -0.719846 -0.636848 0.276127
61.73799896 20.95299911 379.51800537 -0.718621 -0.628592 0.297416
61.62400055 20.95299911 379.21798706 -0.720170 -0.627142 0.296729
61.87799835 20.65299988 379.21798706 -0.725363 -0.622883 0.293027
61.49800110 20.95299911 378.91799927 -0.719401 -0.629676 0.293208
61.75199890 20.65299988 378.91799927 -0.723806 -0.627937 0.286007
61.34799957 21.25300026 379.21798706 -0.708552 -0.647773 0.279902
61.36199951 20.95299911 378.61801147 -0.703476 -0.642304 0.304249
61.64599991 20.65299988 378.61801147 -0.719283 -0.632776 0.286752
61.52399826 20.65299988 378.31799316 -0.711888 -0.634754 0.300504
61.01800156 21.20599937 378.31799316 -0.705672 -0.644589 0.294164
61.24700165 20.95299911 378.31799316 -0.711000 -0.640382 0.290499
60.82699966 21.55299950 378.61801147 -0.671907 -0.675130 0.304533
61.09400177 21.25300026 378.61801147 -0.708047 -0.633855 0.311283
22.46899986 0.25299999 383.71798706 0.973356 0.168344 -0.155686
67.74700165 9.25300026 383.71798706 -0.991012 -0.118005 0.063012
22.42200089 0.55299997 383.71798706 0.976326 0.156663 -0.149144
60.41799927 21.83499908 378.31799316 -0.664509 -0.690128 0.286619
60.69900131 21.55299950 378.31799316 -0.685495 -0.659689 0.308070
67.71199799 9.55300045 383.71798706 -0.991227 -0.119769 0.055892
22.51199913 0.25299999 384.01800537 0.976016 0.173708 -0.131219
67.76699829 9.25300026 384.01800537 -0.988868 -0.133318 0.066079
22.45800018 0.55299997 384.01800537 0.978453 0.184914 -0.091845
67.71199799 9.55300045 384.01800537 -0.992434 -0.111776 0.050807
59.81800079 22.21400070 378.01800537 -0.638052 -0.714810 0.286244
59.51800156 22.40200043 377.71798706 -0.647102 -0.698741 0.304993
59.81800079 22.13500023 377.71798706 -0.633168 -0.728382 0.261836
60.11700058 21.85300064 377.71798706 -0.666026 -0.691581 0.279507
34.31800079 -10.45199966 397.81799316 0.532847 0.841412 -0.089998
59.51800156 22.25000000 377.41799927 -0.607791 -0.721245 0.332259
59.81800079 22.02400017 377.41799927 -0.618448 -0.718562 0.318105
59.81800079 21.86800003 377.11801147 -0.628687 -0.709495 0.318384
59.51800156 22.10600090 377.11801147 -0.608113 -0.727477 0.317767
59.51800156 22.00799942 376.81799316 -0.601285 -0.750417 0.274465
59.69599915 21.85300064 376.81799316 -0.642091 -0.706461 0.297711
59.51800156 21.89500046 376.51800537 -0.629880 -0.698239 0.340168
59.21799850 22.38599968 377.11801147 -0.624484 -0.714848 0.314662
34.31800079 -10.52900028 397.51800537 0.557725 0.771866 -0.305231
53.21799850 -15.49600029 389.11801147 -0.320408 0.839314 -0.439194
55.61800003 26.25799942 380.11801147 -0.485775 -0.785955 0.382487
52.91799927 -15.52299976 389.41799927 -0.395037 0.775444 -0.492577
55.31800079 26.42900085 380.11801147 -0.431952 -0.814493 0.387322
55.31800079 26.57999992 380.41799927 -0.415934 -0.827123 0.377978
55.61800003 26.41799927 380.41799927 -0.468937 -0.783724 0.407277
55.01800156 26.57999992 380.11801147 -0.403411 -0.827388 0.390755
67.71499634 9.85299969 384.31799316 -0.987164 -0.131228 0.091032
52.31800079 -15.87399960 389.11801147 0.251842 0.783683 -0.567818
38.81800079 28.48100090 381.01800537 0.266161 -0.893646 0.361324
52.61800003 -15.63199997 389.41799927 -0.326759 0.822423 -0.465671
55.91799927 26.07399940 380.11801147 -0.466924 -0.811140 0.352185
67.66699982 10.15299988 384.31799316 -0.984430 -0.143037 0.102169
55.91799927 26.20700073 380.41799927 -0.480579 -0.770556 0.418674
67.73899841 9.85299969 384.61801147 -0.987389 -0.147701 0.056987
67.68699646 10.15299988 384.61801147 -0.990094 -0.129641 0.053922
67.91899872 4.45300007 379.81799316 -0.987878 -0.109764 -0.109764
67.91799927 4.72800016 379.81799316 -0.998339 -0.047440 -0.032681
59.21799850 22.24600029 376.81799316 -0.621180 -0.723907 0.300157
58.91799927 22.38699913 376.51800537 -0.592618 -0.729001 0.342582
59.21799850 22.12299919 376.51800537 -0.597991 -0.730878 0.328976
58.91799927 22.51000023 376.81799316 -0.600362 -0.735565 0.313862
58.31800079 22.98800087 376.81799316 -0.582523 -0.743886 0.327568
58.61800003 22.74699974 376.81799316 -0.588781 -0.740412 0.324233
58.31800079 22.84799957 376.51800537 -0.585068 -0.746243 0.317516
58.61800003 22.60799980 376.51800537 -0.588998 -0.735030 0.335875
58.31800079 22.73500061 376.21798706 -0.600354 -0.720750 0.346546
58.31800079 22.56999969 375.91799927 -0.595488 -0.722743 0.350767
58.01800156 22.95999908 376.21798706 -0.565550 -0.755678 0.330307
58.01800156 22.81100082 375.91799927 -0.574322 -0.737020 0.356308
57.71799850 23.04199982 375.91799927 -0.560685 -0.754582 0.340936
57.71799850 23.17499924 376.21798706 -0.537791 -0.783547 0.311184
57.41799927 23.36499977 376.21798706 -0.522824 -0.788233 0.324567
57.11800003 23.57099915 376.21798706 -0.530255 -0.763762 0.368098
57.11800003 23.43700027 375.91799927 -0.506297 -0.793785 0.336999
57.41799927 23.26000023 375.91799927 -0.513455 -0.796412 0.319519
57.41799927 22.99200058 375.31799316 -0.535448 -0.773425 0.339278
57.41799927 23.13299942 375.61801147 -0.536030 -0.774266 0.336427
57.11800003 23.31500053 375.61801147 -0.493662 -0.812255 0.310707
57.11800003 23.20499992 375.31799316 -0.528771 -0.784370 0.324291
67.36799622 13.45300007 387.61801147 -0.964077 -0.244540 0.103706
67.35600281 13.45300007 387.31799316 -0.968889 -0.228643 0.094741
68.00000000 5.95300007 387.61801147 -0.998023 0.061787 0.011520
22.37599945 0.85299999 383.71798706 0.982439 0.142435 -0.120522
22.33699989 1.15300000 383.71798706 0.985696 0.134684 -0.101311
22.39599991 0.85299999 384.01800537 0.983508 0.167684 -0.067787
22.34199905 1.15300000 384.01800537 0.987924 0.143127 -0.059345
67.96700287 5.65299988 387.61801147 -0.997762 0.064406 0.017949
67.97799683 5.95300007 387.31799316 -0.999075 0.042012 -0.009222
67.97699738 5.65299988 387.31799316 -0.998393 0.056668 0.001030
56.81800079 26.62999916 382.51800537 -0.528412 -0.791825 0.306257
29.08300018 -7.54699993 394.81799316 0.637331 0.734418 -0.233323
28.91799927 -7.42100000 394.81799316 0.619073 0.758017 -0.205328
38.51800156 28.37100029 381.01800537 0.326392 -0.878982 0.347646
38.81800079 28.34199905 380.71798706 0.258186 -0.887982 0.380564
38.51800156 28.26600075 380.71798706 0.288528 -0.889504 0.354307
29.23399925 -7.84700012 394.51800537 0.714841 0.627704 -0.308204
29.31200027 -7.84700012 394.81799316 0.729158 0.647967 -0.220153
23.62500000 12.55300045 377.41799927 0.879156 -0.434424 -0.195859
22.28800011 1.45299995 383.71798706 0.983881 0.154593 -0.089880
22.23500061 1.75300002 383.71798706 0.986245 0.140892 -0.086430
22.31399918 1.45299995 384.01800537 0.986728 0.149007 -0.064530
22.25499916 1.75300002 384.01800537 0.986062 0.147614 -0.076759
30.71800041 24.07500076 381.31799316 0.634154 -0.686591 0.355585
56.81800079 26.48500061 382.21798706 -0.528176 -0.770459 0.356963
22.32699966 1.45299995 384.31799316 0.986197 0.136477 -0.093754
22.34499931 1.45299995 384.61801147 0.983306 0.134583 -0.122459
22.32900047 1.75300002 384.61801147 0.986234 0.120447 -0.113292
38.81800079 28.20999908 380.41799927 0.250601 -0.891190 0.378126
22.28400040 1.75300002 384.31799316 0.987252 0.128875 -0.093405
38.51800156 28.13400078 380.41799927 0.271317 -0.885904 0.376247
38.81800079 28.08699989 380.11801147 0.256618 -0.880906 0.397683
38.51800156 27.99699974 380.11801147 0.267106 -0.876773 0.399905
67.88800049 9.25300026 385.51800537 -0.996873 -0.046542 0.063860
67.86599731 9.55300045 385.51800537 -0.990237 -0.125361 0.060955
67.88800049 9.25300026 385.81799316 -0.996817 -0.053034 0.059528
67.85500336 9.55300045 385.81799316 -0.989776 -0.133877 0.049203
56.51800156 26.53499985 381.91799927 -0.481165 -0.800877 0.356478
22.12400055 8.35299969 386.41799927 0.997913 -0.063875 0.009424
22.10799980 8.05300045 386.41799927 0.998676 -0.050605 0.009295
22.13199997 8.35299969 386.11801147 0.996210 -0.077133 0.040196
22.10799980 8.05300045 386.11801147 0.997690 -0.062554 0.026506
38.21799850 28.25799942 381.01800537 0.304155 -0.897627 0.318991
37.91799927 28.16699982 381.01800537 0.289900 -0.884721 0.365004
38.21799850 28.14500046 380.71798706 0.292682 -0.895875 0.334282
37.91799927 28.06500053 380.71798706 0.322472 -0.879606 0.349723
22.24699974 2.05299997 384.31799316 0.985220 0.128091 -0.113725
22.21500015 2.35299993 384.31799316 0.987280 0.117055 -0.107596
22.28499985 2.05299997 384.61801147 0.984997 0.135572 -0.106778
56.81800079 26.34900093 381.91799927 -0.524360 -0.784134 0.331934
22.24200058 2.35299993 384.61801147 0.988444 0.114006 -0.099902
67.92400360 9.25300026 386.11801147 -0.995200 -0.078423 0.058541
67.93299866 9.25300026 386.41799927 -0.996175 -0.075121 0.044637
67.88099670 9.55300045 386.11801147 -0.990155 -0.121032 0.070314
67.88899994 9.55300045 386.41799927 -0.992560 -0.107273 0.057589
67.94000244 8.65299988 386.11801147 -0.995218 -0.076385 0.060887
67.92299652 8.95300007 386.11801147 -0.998268 -0.034787 0.047436
67.94100189 8.65299988 386.41799927 -0.995003 -0.085223 0.052019
67.93399811 8.95300007 386.41799927 -0.998687 -0.028176 0.042786
22.32600021 2.05299997 385.21798706 0.987250 0.139694 -0.076304
22.09600067 7.75299978 386.41799927 0.999238 -0.035870 0.015373
22.08099937 7.45300007 386.41799927 0.998978 -0.044239 0.009259
22.10300064 7.75299978 386.11801147 0.999159 -0.039966 0.009223
22.09900093 7.45300007 386.11801147 0.998131 -0.059574 0.013587
22.31200027 2.05299997 384.91799927 0.986935 0.144344 -0.071585
22.27000046 2.35299993 384.91799927 0.990851 0.107275 -0.081898
22.28800011 2.35299993 385.21798706 0.991574 0.104316 -0.076804
67.94000244 9.25300026 386.71798706 -0.995518 -0.088321 0.033802
22.18300056 2.65300012 384.31799316 0.990665 0.086698 -0.105193
22.16399956 2.95300007 384.31799316 0.994288 0.065988 -0.083883
67.95200348 9.25300026 387.01800537 -0.995881 -0.085796 0.029323
22.20800018 2.65300012 384.61801147 0.991715 0.097452 -0.083694
22.18600082 2.95300007 384.61801147 0.992636 0.100965 -0.066932
67.90899658 9.55300045 386.71798706 -0.995403 -0.088699 0.036137
67.90100098 9.55300045 387.01800537 -0.996831 -0.066022 0.044376
40.61800003 24.90900040 371.41799927 0.137659 -0.987147 -0.081184
40.31800079 24.91200066 371.41799927 0.098670 -0.980609 -0.169323
40.31800079 25.04400063 371.11801147 0.107204 -0.773927 -0.624135
67.96600342 8.65299988 386.71798706 -0.995934 -0.081634 0.038096
67.95800018 8.95300007 386.71798706 -0.997959 -0.037119 0.051966
67.98300171 8.65299988 387.01800537 -0.996742 -0.072353 0.035637
67.96499634 8.95300007 387.01800537 -0.998237 -0.049543 0.032677
22.24600029 2.65300012 384.91799927 0.991244 0.097858 -0.088648
22.19899940 2.95300007 384.91799927 0.989468 0.115380 -0.087409
22.27199936 2.65300012 385.21798706 0.990829 0.109325 -0.079404
22.23600006 2.95300007 385.21798706 0.988942 0.124637 -0.080373
67.99199677 8.65299988 387.31799316 -0.996104 -0.077293 0.042457
67.97100067 8.95300007 387.31799316 -0.997774 -0.052178 0.041530
68.01300049 8.65299988 387.61801147 -0.997039 -0.065751 0.039882
22.16099930 3.25300002 384.91799927 0.991138 0.111403 -0.072354
67.98000336 8.95300007 387.61801147 -0.996521 -0.053249 0.064116
22.13199997 3.55299997 384.91799927 0.994497 0.081480 -0.065853
22.20100021 3.25300002 385.21798706 0.989833 0.110498 -0.089562
22.16200066 3.55299997 385.21798706 0.992695 0.083009 -0.087557
64.37899780 -2.74699998 396.01800537 -0.843545 0.517863 -0.142302
64.43699646 -2.74699998 395.71798706 -0.839554 0.504938 -0.200468
37.91799927 27.80299950 380.11801147 0.298670 -0.877818 0.374475
65.37100220 -2.14700007 393.01800537 -0.864565 0.468491 -0.181780
65.42400360 -2.14700007 392.71798706 -0.866639 0.469368 -0.169208
49.31800079 29.17700005 381.31799316 -0.203070 -0.895553 0.395913
49.61800003 29.10199928 381.31799316 -0.198338 -0.901930 0.383646
38.21799850 -11.80000019 398.71798706 0.149318 0.964721 -0.216835
66.07499695 -1.24699998 391.21798706 -0.920791 0.359094 -0.152301
65.97499847 -1.54700005 391.21798706 -0.910288 0.379168 -0.166152
66.01499939 -1.54700005 390.91799927 -0.916489 0.371929 -0.147368
66.12699890 -1.24699998 390.91799927 -0.916895 0.364786 -0.161971
37.31800079 24.83699989 373.51800537 0.350517 -0.870936 0.344395
37.84299850 25.15299988 373.81799316 0.316035 -0.928441 0.195240
37.61800003 25.06999969 373.81799316 0.412437 -0.907905 0.074865
37.31800079 24.90399933 373.81799316 0.434005 -0.869512 0.235774
22.12100029 3.85299993 384.91799927 0.994050 0.088335 -0.063735
66.05400085 -1.54700005 390.61801147 -0.915152 0.378635 -0.138321
22.09099960 4.15299988 384.91799927 0.993650 0.090944 -0.066243
66.09400177 -1.54700005 390.31799316 -0.914337 0.379457 -0.141421
66.18000031 -1.24699998 390.61801147 -0.906863 0.393116 -0.151853
22.14200020 3.85299993 385.21798706 0.993168 0.084741 -0.080222
66.23400116 -1.24699998 390.31799316 -0.907171 0.398030 -0.136427
22.10499954 4.15299988 385.21798706 0.993386 0.093588 -0.066526
68.03199768 8.65299988 387.91799927 -0.996232 -0.057959 0.064520
68.00700378 8.95300007 387.91799927 -0.995895 -0.055875 0.071214
68.05799866 8.65299988 388.21798706 -0.997374 -0.063206 0.035353
68.01999664 8.95300007 388.21798706 -0.998380 -0.049342 0.028345
66.51499939 -0.64700001 390.01800537 -0.935468 0.339560 -0.097976
66.40200043 -0.94700003 390.01800537 -0.922577 0.372029 -0.102206
66.54799652 -0.64700001 389.71798706 -0.933133 0.336473 -0.126688
66.41999817 -0.94700003 389.71798706 -0.916916 0.375419 -0.135374
66.26599884 -1.24699998 390.01800537 -0.919974 0.372140 -0.123124
66.15499878 -1.54700005 390.01800537 -0.919282 0.356169 -0.167526
66.30799866 -1.24699998 389.71798706 -0.924498 0.353444 -0.142764
66.21399689 -1.54700005 389.71798706 -0.927905 0.338052 -0.157201
66.36000061 -1.24699998 389.41799927 -0.927819 0.339784 -0.153943
66.25299835 -1.54700005 389.41799927 -0.931229 0.340494 -0.129907
66.40899658 -1.24699998 389.11801147 -0.934674 0.328842 -0.135084
66.30599976 -1.54700005 389.11801147 -0.921848 0.360119 -0.143213
23.45199966 -3.04699993 384.61801147 0.910028 0.257720 -0.324698
23.26399994 -3.04699993 384.31799316 0.803309 0.082206 -0.589862
23.34099960 -3.34699988 384.31799316 0.782201 0.310650 -0.540053
23.57299995 -3.34699988 384.61801147 0.843124 0.370724 -0.389495
49.31800079 28.89200020 380.71798706 -0.166681 -0.888481 0.427573
49.61800003 28.84900093 380.71798706 -0.189450 -0.879693 0.436175
66.60600281 -0.64700001 389.41799927 -0.932549 0.330993 -0.144209
22.16600037 3.85299993 385.51800537 0.992449 0.101177 -0.069346
66.48500061 -0.94700003 389.41799927 -0.918449 0.365978 -0.150037
66.63800049 -0.64700001 389.11801147 -0.938638 0.333236 -0.088952
66.52400208 -0.94700003 389.11801147 -0.934023 0.342699 -0.100794
49.31800079 29.04700089 381.01800537 -0.178331 -0.891657 0.416107
22.13400078 4.15299988 385.51800537 0.993424 0.103924 -0.048051
49.61800003 28.98200035 381.01800537 -0.186603 -0.898297 0.397797
66.64399719 -0.64700001 388.81799316 -0.939381 0.332559 -0.083471
66.54000092 -0.94700003 388.81799316 -0.943390 0.318874 -0.091296
66.67800140 -0.64700001 388.51800537 -0.937190 0.330376 -0.111923
66.58300018 -0.94700003 388.51800537 -0.947065 0.301520 -0.110247
22.17600060 3.85299993 385.81799316 0.994137 0.094627 -0.052323
22.14299965 4.15299988 385.81799316 0.993320 0.100119 -0.057372
38.21799850 28.03899956 380.41799927 0.280989 -0.885040 0.371146
37.91799927 27.93499947 380.41799927 0.332721 -0.866301 0.372586
38.21799850 27.90200043 380.11801147 0.282369 -0.877308 0.388069
55.31800079 22.87999916 372.01800537 -0.555784 -0.795534 0.241307
55.61800003 22.61899948 372.01800537 -0.474324 -0.832011 0.287705
49.91799927 29.04599953 381.31799316 -0.248662 -0.899009 0.360486
50.21799850 28.93700027 381.31799316 -0.273976 -0.887801 0.369792
67.03900146 -0.04700000 387.01800537 -0.955605 0.275079 -0.105599
66.95700073 -0.34700000 387.01800537 -0.955558 0.269449 -0.119609
67.07399750 -0.04700000 386.71798706 -0.963953 0.254605 -0.077268
66.99700165 -0.34700000 386.71798706 -0.962484 0.250580 -0.104087
50.51800156 28.37400055 380.11801147 -0.238344 -0.889720 0.389345
50.81800079 28.28300095 380.11801147 -0.301769 -0.878012 0.371525
50.81800079 28.40600014 380.41799927 -0.295118 -0.879299 0.373816
68.05200195 8.65299988 388.51800537 -0.998652 -0.044872 0.026088
68.00700378 8.95300007 388.51800537 -0.998450 -0.032547 0.045145
68.05300140 8.65299988 388.81799316 -0.998730 -0.003079 0.050296
22.10099983 4.45300007 385.51800537 0.997390 0.065210 -0.031001
68.07599640 8.95300007 388.81799316 -0.996311 0.003176 0.085761
22.08200073 4.75299978 385.51800537 0.999346 0.031709 -0.017389
22.10400009 4.45300007 385.81799316 0.994050 0.092808 -0.057026
22.09300041 4.75299978 385.81799316 0.997801 0.047920 -0.045790
51.11800003 27.94700050 379.51800537 -0.285478 -0.877580 0.385169
67.25499725 -0.04700000 384.61801147 -0.974764 0.206319 -0.085246
67.18299866 -0.34700000 384.61801147 -0.975576 0.207387 -0.072401
67.29399872 -0.04700000 384.31799316 -0.970929 0.215342 -0.104523
67.20800018 -0.34700000 384.31799316 -0.970683 0.228029 -0.076010
51.11800003 28.05800056 379.81799316 -0.312540 -0.892758 0.324503
51.41799927 27.94400024 379.81799316 -0.271375 -0.897169 0.348487
67.23699951 -0.34700000 384.01800537 -0.965972 0.244342 -0.084823
67.27500153 -0.34700000 383.71798706 -0.969359 0.235185 -0.070929
50.51800156 28.09399986 379.51800537 -0.223259 -0.888599 0.400683
50.81800079 28.02199936 379.51800537 -0.229740 -0.887834 0.398710
68.05000305 8.05300045 388.51800537 -0.999984 0.004926 0.002956
68.06600189 8.35299969 388.51800537 -0.999995 -0.002938 -0.000979
50.51800156 28.22900009 379.81799316 -0.219608 -0.888748 0.402368
68.06199646 8.05300045 388.81799316 -0.999296 -0.011251 0.035799
50.81800079 28.16099930 379.81799316 -0.267114 -0.887895 0.374557
68.05699921 8.35299969 388.81799316 -0.999731 -0.013088 0.019129
63.07600021 -7.84700012 388.21798706 -0.779487 0.576414 -0.245249
62.84500122 -8.14700031 388.21798706 -0.792566 0.563017 -0.234203
62.97299957 -8.14700031 387.91799927 -0.793950 0.560892 -0.234612
67.31900024 -0.04700000 384.01800537 -0.976897 0.201233 -0.071956
51.41799927 28.03899956 380.11801147 -0.227443 -0.896566 0.380050
67.33300018 -0.04700000 383.71798706 -0.977709 0.199903 -0.064211
51.11800003 28.15800095 380.11801147 -0.327956 -0.874041 0.358464
51.11800003 28.28599930 380.41799927 -0.294195 -0.870391 0.394801
51.41799927 28.19899940 380.41799927 -0.232006 -0.875636 0.423598
67.28700256 -0.34700000 383.41799927 -0.974465 0.217764 -0.054745
67.28900146 -0.34700000 383.11801147 -0.978916 0.196265 -0.056592
67.35299683 -0.04700000 383.41799927 -0.980672 0.189462 -0.048855
67.36499786 -0.04700000 383.11801147 -0.979457 0.198266 -0.036804
67.46900177 0.55299997 383.41799927 -0.975188 0.216306 -0.047128
67.41600037 0.25299999 383.41799927 -0.983458 0.171602 -0.057990
67.46199799 0.55299997 383.11801147 -0.977931 0.204683 -0.041894
67.41300201 0.25299999 383.11801147 -0.982528 0.183421 -0.031544
67.36900330 -0.04700000 382.81799316 -0.980010 0.195528 -0.036736
67.32199860 -0.34700000 382.81799316 -0.982544 0.181953 -0.038738
67.38500214 -0.04700000 382.51800537 -0.981151 0.175422 -0.081057
67.49199677 0.55299997 382.81799316 -0.972732 0.222585 -0.065177
67.43399811 0.25299999 382.81799316 -0.980555 0.189439 -0.051232
67.51100159 0.55299997 382.51800537 -0.971820 0.227867 -0.060354
67.43699646 0.25299999 382.51800537 -0.977671 0.196511 -0.074454
68.06199646 8.65299988 389.11801147 -0.999094 0.032095 0.027954
68.09400177 8.95300007 389.11801147 -0.998957 0.030145 0.034303
68.06099701 8.65299988 389.41799927 -0.999793 0.017082 0.011053
67.54100037 0.55299997 382.21798706 -0.971594 0.212418 -0.104324
67.46700287 0.25299999 382.21798706 -0.975341 0.154796 -0.157313
68.08999634 8.95300007 389.41799927 -0.999206 0.039724 -0.003056
67.57299805 0.55299997 381.91799927 -0.976887 0.143476 -0.158448
67.52400208 0.25299999 381.91799927 -0.961971 0.041067 -0.270049
68.08000183 8.05300045 389.11801147 -0.998662 -0.021869 0.046861
68.05899811 8.35299969 389.11801147 -0.998730 -0.032352 0.038613
68.09300232 8.05300045 389.41799927 -0.999892 -0.012960 0.006978
68.08699799 8.35299969 389.41799927 -0.999303 -0.031838 0.019514
60.74900055 23.65299988 383.11801147 -0.691223 -0.672155 0.265366
61.00199890 23.65299988 383.71798706 -0.686174 -0.660342 0.305146
60.73699951 23.95299911 383.71798706 -0.705183 -0.623753 0.337120
61.01800156 23.79199982 384.01800537 -0.703628 -0.605218 0.372316
62.65000153 -8.44699955 388.21798706 -0.793466 0.568523 -0.217240
62.73799896 -8.44699955 387.91799927 -0.784297 0.568263 -0.248909
62.52399826 -8.74699974 387.91799927 -0.788844 0.560782 -0.251493
56.51800156 26.67200089 382.21798706 -0.476351 -0.800334 0.364080
22.11199951 7.75299978 388.21798706 0.998957 -0.044238 -0.011317
22.10700035 7.45300007 388.21798706 0.999367 0.003038 -0.035439
22.12400055 7.75299978 387.91799927 0.997514 -0.070277 -0.005245
22.09799957 7.45300007 387.91799927 0.999085 -0.025829 -0.034095
37.61800003 27.81399918 380.41799927 0.336883 -0.883751 0.324797
37.31800079 27.69899940 380.41799927 0.388334 -0.846848 0.363380
42.71799850 -12.70600033 399.01800537 0.061955 0.931960 -0.357229
37.61800003 27.71199989 380.11801147 0.359716 -0.848680 0.387746
43.01800156 -12.73400021 399.01800537 0.061727 0.936419 -0.345411
37.31800079 27.53700066 380.11801147 0.398586 -0.833408 0.382832
68.08000183 8.05300045 389.71798706 -0.999976 0.000985 0.006896
68.08399963 8.35299969 389.71798706 -0.999507 -0.027453 0.015252
68.09200287 8.05300045 390.01800537 -0.998503 0.003091 0.054614
68.09300232 8.35299969 390.01800537 -0.998789 -0.015557 0.046672
22.12299919 7.15299988 388.21798706 0.998023 0.011520 -0.061787
22.13400078 6.85300016 388.21798706 0.997304 0.024480 -0.069183
22.10000038 7.15299988 387.91799927 0.998124 0.013616 -0.059699
22.08900070 6.85300016 387.91799927 0.997192 0.022397 -0.071457
68.11100006 8.05300045 390.31799316 -0.999369 0.011229 0.033687
68.11399841 8.35299969 390.31799316 -0.998902 -0.007201 0.046293
68.10900116 8.05300045 390.61801147 -0.999658 0.021269 -0.015192
68.12699890 8.35299969 390.61801147 -0.999928 0.010923 0.004965
55.91799927 27.03700066 382.21798706 -0.473309 -0.800615 0.367416
68.07700348 7.45300007 390.31799316 -0.996991 0.071904 0.028976
56.21799850 26.85199928 382.21798706 -0.485406 -0.799397 0.354042
68.11399841 7.75299978 390.31799316 -0.998927 0.038380 0.025933
68.09200287 7.45300007 390.61801147 -0.997687 0.067905 -0.003134
68.10600281 7.75299978 390.61801147 -0.999342 0.033755 -0.013297
68.09400177 8.05300045 390.91799927 -0.999030 0.030085 -0.032160
68.11799622 8.35299969 390.91799927 -0.999076 0.019630 -0.038227
67.98000336 5.95300007 387.01800537 -0.998446 0.054951 -0.009331
56.21799850 26.70499992 381.91799927 -0.493802 -0.797435 0.346780
55.91799927 26.89699936 381.91799927 -0.490666 -0.800729 0.343626
22.13999939 7.15299988 388.81799316 0.999628 0.019282 -0.019282
68.00000000 5.65299988 387.01800537 -0.998619 0.052451 -0.003085
68.08300018 7.45300007 390.91799927 -0.997624 0.066508 -0.017947
22.14200020 6.85300016 388.81799316 0.999085 0.034095 -0.025829
68.09999847 7.75299978 390.91799927 -0.999577 0.017287 -0.023388
27.58399963 -6.64699984 393.01800537 0.761477 0.598191 -0.249639
27.47699928 -6.64699984 392.71798706 0.743326 0.609623 -0.275365
22.13599968 7.15299988 388.51800537 0.999394 0.023575 -0.025625
68.08300018 7.45300007 391.21798706 -0.998375 0.056902 -0.003104
27.14900017 -6.34700012 392.41799927 0.806209 0.539026 -0.243882
27.36899948 -6.64699984 392.41799927 0.733447 0.611474 -0.296910
27.62700081 -6.94700003 392.41799927 0.751849 0.599254 -0.274989
27.20499992 -6.64699984 392.11801147 0.742137 0.597877 -0.302946
27.41799927 -6.84999990 392.11801147 0.793939 0.517095 -0.319803
22.13400078 6.85300016 388.51800537 0.999385 0.027675 -0.021525
67.97899628 5.95300007 386.71798706 -0.998940 0.046011 0.001022
67.96900177 5.65299988 386.71798706 -0.998734 0.050296 0.001026
37.01800156 27.54500008 380.41799927 0.368021 -0.844099 0.389946
36.71799850 27.42900085 380.41799927 0.340953 -0.869967 0.356243
37.01800156 27.42099953 380.11801147 0.317672 -0.886772 0.335739
36.71799850 27.33300018 380.11801147 0.324466 -0.882849 0.339557
27.71800041 -7.71899986 391.21798706 0.768844 0.582553 -0.263649
27.89200020 -7.84700012 391.21798706 0.719702 0.640264 -0.268498
28.09700012 -8.14700031 391.21798706 0.720987 0.538668 -0.435907
27.99300003 -8.14700031 390.91799927 0.802647 0.529339 -0.274879
28.11899948 -7.84700012 391.81799316 0.682397 0.698012 -0.217055
22.57900047 10.15299988 381.61801147 0.975028 -0.211643 0.067286
22.49900055 9.85299969 381.61801147 0.972972 -0.220738 0.067824
22.59900093 10.15299988 381.31799316 0.978748 -0.194782 0.064121
22.52799988 9.85299969 381.31799316 0.973030 -0.218839 0.072946
56.51800156 26.79800034 382.51800537 -0.452367 -0.827501 0.332576
68.08100128 7.45300007 391.51800537 -0.997954 0.056089 -0.030690
57.11800003 -9.39599991 398.41799927 -0.518730 0.782111 -0.345285
57.11800003 -9.52400017 398.11801147 -0.522280 0.787412 -0.327423
37.01800156 27.30699921 379.81799316 0.344052 -0.880591 0.325864
57.41799927 -9.34000015 398.11801147 -0.515078 0.784651 -0.344990
57.71799850 -8.98900032 398.41799927 -0.539786 0.760240 -0.361479
58.01800156 -8.90400028 398.11801147 -0.565550 0.755678 -0.330307
57.71799850 -9.12899971 398.11801147 -0.551388 0.758361 -0.347649
68.01000214 6.55299997 387.01800537 -0.997762 0.017949 -0.064406
58.01800156 -9.03899956 397.81799316 -0.573283 0.750920 -0.327821
57.71799850 -9.26399994 397.81799316 -0.542210 0.778927 -0.315089
22.20700073 8.95300007 385.21798706 0.993805 -0.108715 0.023061
58.01800156 -9.16300011 397.51800537 -0.565893 0.769934 -0.294902
22.17099953 8.65299988 385.21798706 0.995428 -0.095364 0.005358
22.22299957 8.95300007 384.91799927 0.994833 -0.095636 0.034077
22.18000031 8.65299988 384.91799927 0.993680 -0.101487 0.047955
67.84200287 1.75300002 381.01800537 -0.933073 -0.103975 -0.344332
68.00900269 6.25299978 387.01800537 -0.997674 0.052284 -0.043748
58.01800156 -9.26700020 397.21798706 -0.563186 0.770592 -0.298345
68.03700256 6.55299997 386.71798706 -0.999690 0.023202 0.009079
58.31800079 -8.80300045 397.81799316 -0.580939 0.748302 -0.320241
58.31800079 -8.93400002 397.51800537 -0.582849 0.749836 -0.313101
22.17700005 6.55299997 389.41799927 0.998713 0.040700 -0.030264
68.02999878 6.25299978 386.71798706 -0.997987 0.063348 -0.003115
22.20100021 6.25299978 389.41799927 0.996907 0.073885 -0.026770
22.17099953 6.55299997 389.11801147 0.997995 0.041450 -0.047827
22.17900085 6.25299978 389.11801147 0.995992 0.077454 -0.044727
59.46500015 -8.74699974 395.71798706 -0.641401 0.711780 -0.286311
32.51800156 22.98699951 375.31799316 0.573861 -0.753896 0.319883
59.81800079 -8.33300018 396.01800537 -0.654002 0.717039 -0.241114
59.51800156 -8.58100033 396.01800537 -0.625112 0.727432 -0.282979
59.81800079 -8.43299961 395.71798706 -0.624219 0.729586 -0.279382
60.01100159 -8.14700031 396.01800537 -0.667500 0.692989 -0.272416
60.41799927 -7.72800016 396.01800537 -0.688971 0.673059 -0.268905
60.42300034 -7.84700012 395.71798706 -0.692426 0.660295 -0.290787
60.14300156 -8.14700031 395.71798706 -0.670080 0.682935 -0.290850
22.14200020 7.15299988 389.41799927 0.998208 0.055631 -0.022042
22.17300034 6.85300016 389.41799927 0.998024 0.057963 -0.024239
22.13999939 7.15299988 389.11801147 0.999063 0.036161 -0.023763
22.15699959 6.85300016 389.11801147 0.998522 0.045054 -0.030385
61.38499832 -7.24700022 394.81799316 -0.719790 0.647020 -0.251531
61.48799896 -7.24700022 394.51800537 -0.720965 0.648395 -0.244528
61.31399918 -7.54699993 394.21798706 -0.729866 0.631706 -0.261232
61.59000015 -7.24700022 394.21798706 -0.714967 0.648384 -0.261573
61.70800018 -7.24700022 393.91799927 -0.721379 0.635387 -0.275493
61.43899918 -7.54699993 393.91799927 -0.721838 0.639342 -0.264938
61.85900116 -6.94700003 394.21798706 -0.737156 0.630276 -0.243623
61.83800125 -7.24700022 393.61801147 -0.714041 0.637021 -0.290430
61.54000092 -7.54699993 393.61801147 -0.707914 0.647190 -0.282846
61.66500092 -7.54699993 393.31799316 -0.721167 0.638384 -0.269045
22.57999992 11.05300045 384.31799316 0.976583 -0.203607 0.069495
22.64699936 11.35299969 384.31799316 0.970703 -0.224201 0.086424
22.54500008 11.05300045 384.61801147 0.978597 -0.188895 0.081651
22.59799957 11.35299969 384.61801147 0.973503 -0.212062 0.085569
61.94400024 -7.24700022 393.31799316 -0.735716 0.631739 -0.244188
36.11800003 27.22200012 380.41799927 0.353967 -0.857869 0.372516
36.41799927 27.22500038 380.11801147 0.357613 -0.856104 0.373094
66.71499634 15.85299969 387.61801147 -0.925227 -0.363823 0.107648
66.55300140 16.15299988 387.31799316 -0.932203 -0.346709 0.103878
66.67199707 15.85299969 387.31799316 -0.926553 -0.349356 0.139466
36.11800003 27.04800034 380.11801147 0.416201 -0.805085 0.422629
66.36199951 16.75300026 387.31799316 -0.943662 -0.302887 0.133270
66.44899750 16.45299911 387.31799316 -0.946101 -0.300244 0.121432
63.58200073 -5.44700003 392.41799927 -0.817782 0.545692 -0.182905
63.39799881 -5.74700022 392.41799927 -0.802634 0.553063 -0.223382
63.65499878 -5.44700003 392.11801147 -0.811270 0.544425 -0.213169
63.47200012 -5.74700022 392.11801147 -0.813130 0.540555 -0.215916
36.41799927 27.06699944 379.81799316 0.393754 -0.839277 0.374929
36.11800003 26.91300011 379.81799316 0.404832 -0.833292 0.376478
67.69499969 12.25300026 388.51800537 -0.985490 -0.148596 0.082025
36.41799927 26.94000053 379.51800537 0.426452 -0.822783 0.375722
67.64700317 12.55300045 388.51800537 -0.990430 -0.127096 0.053815
67.70899963 12.25300026 388.81799316 -0.981576 -0.170656 0.085933
67.65599823 12.55300045 388.81799316 -0.989715 -0.115137 0.084899
36.11800003 26.76399994 379.51800537 0.394216 -0.840262 0.372228
66.17400360 17.05299950 387.01800537 -0.905993 -0.383360 0.179476
66.30899811 16.75300026 387.01800537 -0.902119 -0.374547 0.214235
66.42500305 16.45299911 387.01800537 -0.935098 -0.319938 0.152417
66.21900177 16.75300026 386.71798706 -0.893786 -0.394792 0.212806
66.35900116 16.45299911 386.71798706 -0.913231 -0.356977 0.196409
67.98600006 5.95300007 386.41799927 -0.998806 0.042613 -0.023905
67.99400330 5.65299988 386.41799927 -0.997052 0.065610 -0.039796
66.15499878 16.75300026 386.41799927 -0.915760 -0.376091 0.141209
66.30500031 16.45299911 386.41799927 -0.920144 -0.355415 0.164362
66.13600159 16.75300026 386.11801147 -0.925055 -0.355365 0.134126
66.24800110 16.45299911 386.11801147 -0.928104 -0.341642 0.147999
64.27600098 -4.84700012 391.21798706 -0.833080 0.507158 -0.220835
64.05799866 -5.14699984 391.21798706 -0.824406 0.513135 -0.238847
64.18000031 -5.14699984 390.91799927 -0.818902 0.515490 -0.252327
66.19400024 16.45299911 385.81799316 -0.926688 -0.329458 0.180851
66.12899780 16.45299911 385.51800537 -0.918149 -0.341272 0.201336
22.23299980 8.05300045 380.71798706 0.989060 -0.138997 0.049396
22.29199982 8.35299969 380.71798706 0.987214 -0.153567 0.042722
22.21800041 8.05300045 381.01800537 0.989446 -0.132464 0.058745
22.25499916 8.35299969 381.01800537 0.984425 -0.164268 0.062634
66.08799744 16.75300026 385.81799316 -0.917435 -0.348483 0.192021
66.00599670 16.75300026 385.51800537 -0.911329 -0.350956 0.215195
64.33899689 -4.84700012 390.91799927 -0.850780 0.479036 -0.216095
68.01100159 5.95300007 386.11801147 -0.999641 0.025218 0.009078
64.41799927 -4.84700012 390.61801147 -0.846769 0.487533 -0.212824
64.50299835 -4.84700012 390.31799316 -0.843667 0.502004 -0.190312
67.68299866 12.85299969 375.31799316 -0.840278 0.269814 0.470248
64.32199860 -5.14699984 390.31799316 -0.839134 0.517193 -0.168423
65.82700348 17.35300064 385.81799316 -0.895185 -0.413717 0.165775
65.97399902 17.05299950 385.81799316 -0.896129 -0.394880 0.202540
65.77400208 17.35300064 385.51800537 -0.899880 -0.394330 0.186332
65.88400269 17.05299950 385.51800537 -0.904299 -0.373041 0.207568
68.00399780 5.65299988 386.11801147 -0.997440 0.070569 -0.011586
22.17000008 7.45300007 380.11801147 0.983159 -0.166454 -0.075443
22.20199966 7.75299978 380.11801147 0.984055 -0.176507 -0.021919
65.55699921 17.65299988 385.21798706 -0.888405 -0.412631 0.201176
22.18099976 7.45300007 380.41799927 0.992394 -0.123096 0.001089
22.20800018 7.75299978 380.41799927 0.992142 -0.123323 0.021109
64.75900269 -4.24700022 390.61801147 -0.858999 0.470582 -0.201678
64.59400177 -4.54699993 390.61801147 -0.850932 0.480437 -0.212356
64.83300018 -4.24700022 390.31799316 -0.856895 0.472718 -0.205595
64.67600250 -4.54699993 390.31799316 -0.853455 0.481475 -0.199490
65.69799805 17.35300064 385.21798706 -0.892327 -0.407462 0.194238
65.82800293 17.05299950 385.21798706 -0.910461 -0.368486 0.187827
65.63600159 17.35300064 384.91799927 -0.877288 -0.428995 0.215240
65.77500153 17.05299950 384.91799927 -0.906514 -0.376153 0.191679
22.20000076 7.75299978 379.51800537 0.960293 -0.272020 -0.061995
22.11300087 7.45300007 379.81799316 0.964730 -0.235708 -0.117210
22.20700073 7.75299978 379.81799316 0.971262 -0.234610 -0.040115
65.49299622 17.35300064 384.31799316 -0.881312 -0.437002 0.179770
65.55400085 17.35300064 384.61801147 -0.863309 -0.450488 0.227504
65.70099640 17.05299950 384.61801147 -0.887382 -0.401470 0.226660
65.61900330 17.05299950 384.31799316 -0.889934 -0.401574 0.216232
65.24600220 17.95299911 384.61801147 -0.894842 -0.391036 0.215289
65.37300110 17.65299988 384.61801147 -0.865993 -0.448755 0.220625
65.18499756 17.95299911 384.31799316 -0.888905 -0.418909 0.185371
65.32800293 17.65299988 384.31799316 -0.882563 -0.440555 0.164299
65.12300110 17.95299911 384.01800537 -0.871150 -0.445255 0.206991
65.26899719 17.65299988 384.01800537 -0.879526 -0.439029 0.183541
65.04299927 17.95299911 383.71798706 -0.866146 -0.459072 0.197594
65.20500183 17.65299988 383.71798706 -0.873692 -0.444977 0.196618
65.53199768 -3.04699993 390.01800537 -0.900241 0.398987 -0.174287
65.56900024 -3.04699993 389.71798706 -0.896093 0.414354 -0.159146
24.66099930 14.65299988 377.71798706 0.883133 -0.415679 0.217455
24.58799934 14.65299988 378.01800537 0.880940 -0.430911 0.195601
24.71699905 14.95300007 378.01800537 0.884454 -0.423893 0.195079
64.98600006 17.95299911 383.41799927 -0.858302 -0.473185 0.198529
65.14399719 17.65299988 383.41799927 -0.877240 -0.442294 0.186616
65.07399750 17.65299988 383.11801147 -0.866081 -0.453234 0.210911
64.90799713 17.95299911 383.11801147 -0.848620 -0.478203 0.226198
64.99800110 17.65299988 382.81799316 -0.850106 -0.474302 0.228817
35.81800079 26.78800011 379.81799316 0.377900 -0.850665 0.365459
35.81800079 26.65600014 379.51800537 0.360178 -0.857934 0.366361
66.45899963 -1.24699998 388.81799316 -0.941530 0.320946 -0.102543
66.35900116 -1.54700005 388.81799316 -0.924506 0.362954 -0.116419
66.48200226 -1.24699998 388.51800537 -0.943903 0.311074 -0.110812
66.36900330 -1.54700005 388.51800537 -0.931771 0.344143 -0.115621
64.81600189 17.95299911 382.81799316 -0.839080 -0.486268 0.243901
64.73300171 17.95299911 382.51800537 -0.841099 -0.495567 0.216716
64.91699982 17.65299988 382.51800537 -0.846609 -0.486157 0.216574
64.49199677 18.55299950 382.81799316 -0.841839 -0.479956 0.246878
64.65000153 18.25300026 382.81799316 -0.846549 -0.466903 0.255649
64.40399933 18.55299950 382.51800537 -0.856234 -0.471004 0.212177
64.55899811 18.25300026 382.51800537 -0.852746 -0.471055 0.225682
66.51699829 -1.24699998 388.21798706 -0.941381 0.311993 -0.128309
66.42500305 -1.54700005 388.21798706 -0.936208 0.319380 -0.146668
66.55799866 -1.24699998 387.91799927 -0.937814 0.333118 -0.097661
66.46900177 -1.54700005 387.91799927 -0.946082 0.310083 -0.093685
35.51800156 26.64100075 379.81799316 0.409055 -0.841619 0.352634
35.51800156 26.52499962 379.51800537 0.415345 -0.838526 0.352651
66.71199799 -0.64700001 388.21798706 -0.938883 0.324635 -0.114498
66.62500000 -0.94700003 388.21798706 -0.944887 0.306053 -0.116273
66.65399933 -0.94700003 387.91799927 -0.939942 0.315117 -0.131186
64.34100342 18.55299950 382.21798706 -0.848809 -0.488253 0.202813
64.48899841 18.25300026 382.21798706 -0.866146 -0.459072 0.197594
24.38800049 14.05300045 377.71798706 0.867932 -0.425635 0.255987
64.43000031 18.25300026 381.91799927 -0.867308 -0.447884 0.217201
64.26200104 18.55299950 381.91799927 -0.824476 -0.510097 0.245031
66.70999908 -0.94700003 387.61801147 -0.942723 0.304322 -0.136607
24.48999977 14.35299969 377.71798706 0.877468 -0.398849 0.266401
24.29599953 14.05300045 378.01800537 0.887327 -0.415064 0.200932
24.42000008 14.35299969 378.01800537 0.890596 -0.415417 0.185116
66.75199890 -0.64700001 387.91799927 -0.940907 0.314536 -0.125544
66.80300140 -0.64700001 387.61801147 -0.945462 0.305375 -0.113349
66.83200073 -0.64700001 387.31799316 -0.951648 0.290088 -0.101072
66.73500061 -0.94700003 387.31799316 -0.945744 0.304607 -0.113064
64.16000366 18.55299950 381.61801147 -0.824810 -0.506028 0.252240
64.07900238 18.55299950 381.31799316 -0.847309 -0.487845 0.209939
64.24400330 18.25300026 381.31799316 -0.838876 -0.494800 0.226847
63.81200027 19.15299988 381.61801147 -0.844356 -0.498185 0.197167
63.97299957 18.85300064 381.61801147 -0.842530 -0.494627 0.213279
63.74100113 19.15299988 381.31799316 -0.797126 -0.531944 0.285703
63.90499878 18.85300064 381.31799316 -0.843170 -0.487671 0.226365
43.61800003 29.27799988 380.71798706 0.047050 -0.904698 0.423447
43.31800079 29.24799919 380.71798706 0.089836 -0.899746 0.427068
43.01800156 29.21800041 380.71798706 0.113202 -0.901426 0.417871
42.71799850 29.17300034 380.71798706 0.099788 -0.886849 0.451155
63.80300140 18.85300064 381.01800537 -0.799490 -0.532470 0.278015
42.11800003 29.11700058 380.71798706 0.118056 -0.883284 0.453732
43.01800156 29.08399963 380.41799927 0.115909 -0.906323 0.406379
63.59600067 19.15299988 381.01800537 -0.783758 -0.545292 0.297288
63.50099945 19.15299988 380.71798706 -0.809362 -0.532843 0.247003
63.70600128 18.85300064 380.71798706 -0.788844 -0.560782 0.251493
63.19800186 19.45299911 380.41799927 -0.785689 -0.551722 0.279813
42.41799927 28.98299980 380.41799927 0.101649 -0.900919 0.421914
42.11800003 28.95999908 380.41799927 0.098776 -0.900110 0.424318
42.41799927 28.85700035 380.11801147 0.128504 -0.921634 0.366166
42.11800003 28.82500076 380.11801147 0.097420 -0.915198 0.391052
41.81800079 28.92600060 380.41799927 0.130789 -0.904272 0.406430
41.51800156 28.86800003 380.41799927 0.163698 -0.906746 0.388606
41.81800079 28.79999924 380.11801147 0.123729 -0.913372 0.387870
41.51800156 28.76199913 380.11801147 0.168577 -0.894754 0.413518
41.81800079 28.65600014 379.81799316 0.142415 -0.909484 0.390585
41.51800156 28.59099960 379.81799316 0.178297 -0.894384 0.410228
41.81800079 28.54500008 379.51800537 0.146915 -0.919268 0.365189
41.51800156 28.48500061 379.51800537 0.179147 -0.921124 0.345598
41.21799850 28.41799927 379.51800537 0.166992 -0.921965 0.349420
40.91799927 28.37000084 379.51800537 0.173889 -0.917514 0.357675
41.21799850 28.54400063 379.81799316 0.158662 -0.901941 0.401657
40.91799927 28.49300003 379.81799316 0.170851 -0.900198 0.400567
67.60900116 2.35299993 387.01800537 -0.982691 0.180062 -0.043544
67.54699707 2.05299997 387.01800537 -0.980782 0.187555 -0.053758
67.60600281 2.35299993 386.71798706 -0.981862 0.185057 -0.041255
67.54799652 2.05299997 386.71798706 -0.983281 0.177390 -0.041117
40.61800003 28.43600082 379.81799316 0.175970 -0.908461 0.379122
40.31800079 28.38500023 379.81799316 0.192334 -0.900934 0.389007
40.61800003 28.30699921 379.51800537 0.209512 -0.892257 0.399977
40.31800079 28.23299980 379.51800537 0.191495 -0.887310 0.419535
21.94499969 5.95300007 380.41799927 0.992554 -0.103226 -0.064658
21.90600014 5.65299988 380.41799927 0.928359 -0.228192 -0.293390
67.63300323 2.35299993 386.41799927 -0.979337 0.186135 -0.079077
67.55400085 2.05299997 386.41799927 -0.981012 0.177379 -0.078433
67.66300201 2.35299993 386.11801147 -0.978349 0.185358 -0.092065
67.60399628 2.05299997 386.11801147 -0.978774 0.184513 -0.089202
40.61800003 28.16799927 379.21798706 0.237901 -0.893974 0.379754
40.31800079 28.09799957 379.21798706 0.199222 -0.897224 0.394081
40.61800003 28.05400085 378.91799927 0.233770 -0.898324 0.371974
40.31800079 27.96899986 378.91799927 0.235198 -0.891978 0.386080
67.78600311 3.55299997 386.41799927 -0.995421 0.092269 -0.024967
67.76799774 3.25300002 386.41799927 -0.993180 0.113790 -0.025409
67.78800201 3.55299997 386.11801147 -0.996463 0.078810 -0.029149
67.78500366 3.25300002 386.11801147 -0.993263 0.113547 -0.023150
40.01800156 28.03499985 379.21798706 0.191232 -0.889011 0.416040
39.71799850 27.97699928 379.21798706 0.232628 -0.871980 0.430737
40.01800156 27.89299965 378.91799927 0.221119 -0.882993 0.414042
40.01800156 27.76199913 378.61801147 0.227347 -0.899122 0.374023
39.71799850 27.68899918 378.61801147 0.205943 -0.911620 0.355719
40.01800156 27.64299965 378.31799316 0.202323 -0.914043 0.351555
39.71799850 27.58300018 378.31799316 0.221499 -0.910609 0.348898
67.71499634 2.95300007 386.41799927 -0.989579 0.136139 -0.046905
67.68399811 2.65300012 386.41799927 -0.988348 0.142183 -0.054330
67.72699738 2.95300007 386.11801147 -0.991979 0.118496 -0.044013
67.69899750 2.65300012 386.11801147 -0.992554 0.103226 -0.064658
62.78900146 19.75300026 379.81799316 -0.773891 -0.560952 0.293983
63.00899887 19.45299911 379.81799316 -0.782610 -0.566176 0.258779
62.66799927 19.75300026 379.51800537 -0.771107 -0.574768 0.273925
62.90000153 19.45299911 379.51800537 -0.768201 -0.582066 0.266583
39.71799850 27.81100082 378.91799927 0.230766 -0.879890 0.415380
39.41799927 27.87899971 379.21798706 0.275305 -0.868505 0.412197
31.01799965 21.42600060 374.41799927 0.592004 -0.722474 0.357160
39.11800003 27.77700043 379.21798706 0.257399 -0.891224 0.373451
39.41799927 27.74699974 378.91799927 0.230734 -0.897952 0.374759
39.11800003 27.66600037 378.91799927 0.239579 -0.898053 0.368922
31.01799965 21.29800034 374.11801147 0.579974 -0.769612 0.267073
62.57600021 19.75300026 379.21798706 -0.766700 -0.594231 0.243023
62.80799866 19.45299911 379.21798706 -0.778496 -0.585814 0.225313
62.72700119 19.45299911 378.91799927 -0.764544 -0.591142 0.256950
62.12900162 20.35300064 379.21798706 -0.762605 -0.592085 0.260517
62.34700012 20.05299950 379.21798706 -0.779059 -0.575281 0.249236
62.02299881 20.35300064 378.91799927 -0.734097 -0.615746 0.286282
62.26300049 20.05299950 378.91799927 -0.767430 -0.584633 0.263164
39.41799927 27.62000084 378.61801147 0.244007 -0.894693 0.374145
39.11800003 27.53100014 378.61801147 0.248939 -0.886939 0.389061
39.41799927 27.49099922 378.31799316 0.269208 -0.893891 0.358449
39.11800003 27.39999962 378.31799316 0.246405 -0.895616 0.370345
62.47499847 19.75300026 378.91799927 -0.770245 -0.588272 0.246290
38.81800079 27.44899940 378.61801147 0.261661 -0.886657 0.381278
38.51800156 27.34300041 378.61801147 0.308084 -0.875688 0.371826
31.91799927 22.91399956 376.21798706 0.584183 -0.733890 0.346605
38.81800079 27.34000015 378.31799316 0.260864 -0.889920 0.374154
32.21799850 23.00200081 375.91799927 0.621697 -0.718585 0.311656
38.51800156 27.22800064 378.31799316 0.307473 -0.880009 0.362000
62.38700104 19.75300026 378.61801147 -0.756167 -0.590606 0.281772
62.25600052 19.75300026 378.31799316 -0.742855 -0.598455 0.300030
62.50299835 19.45299911 378.31799316 -0.765866 -0.574798 0.288195
38.81800079 27.19700050 378.01800537 0.266290 -0.891106 0.367451
38.51800156 27.10899925 378.01800537 0.307611 -0.877374 0.368225
31.91799927 22.73800087 375.91799927 0.582790 -0.735387 0.345778
38.81800079 27.07299995 377.71798706 0.279587 -0.878053 0.388399
38.51800156 26.97999954 377.71798706 0.283753 -0.884290 0.370831
24.24099922 14.05300045 378.31799316 0.901143 -0.410126 0.140493
62.13700104 20.05299950 378.61801147 -0.743560 -0.595811 0.303526
62.02199936 20.05299950 378.31799316 -0.752693 -0.593562 0.284846
24.37700081 14.35299969 378.31799316 0.894455 -0.417795 0.159365
61.90299988 20.35300064 378.61801147 -0.734180 -0.612617 0.292712
61.77600098 20.35300064 378.31799316 -0.729764 -0.617492 0.293509
24.20000076 14.05300045 378.61801147 0.903911 -0.403153 0.142872
24.32200050 14.35299969 378.61801147 0.903894 -0.391067 0.173330
38.21799850 27.24799919 378.61801147 0.293748 -0.884258 0.363043
37.91799927 27.15299988 378.61801147 0.291879 -0.890604 0.348757
38.21799850 27.11700058 378.31799316 0.288037 -0.882206 0.372487
37.91799927 27.04299927 378.31799316 0.283314 -0.885920 0.367259
61.91799927 20.05400085 378.01800537 -0.746800 -0.607271 0.271131
38.21799850 26.98399925 378.01800537 0.289446 -0.886334 0.361432
37.91799927 26.89999962 378.01800537 0.301886 -0.875317 0.377737
38.21799850 26.88800049 377.71798706 0.287423 -0.895032 0.341036
37.91799927 26.77400017 377.71798706 0.344604 -0.857647 0.381692
24.53199959 14.65299988 378.31799316 0.884661 -0.438711 0.157820
61.38499832 20.65299988 378.01800537 -0.714841 -0.627704 0.308204
24.64800072 14.95300007 378.31799316 0.890237 -0.432972 0.141466
61.65200043 20.35300064 378.01800537 -0.714151 -0.633910 0.296894
24.46100044 14.65299988 378.61801147 0.887025 -0.426762 0.176240
61.61800003 20.25600052 377.71798706 -0.705670 -0.648065 0.286429
61.80799866 20.05299950 377.71798706 -0.724464 -0.628509 0.283069
37.61800003 26.78800011 378.01800537 0.338737 -0.858443 0.385139
37.31800079 26.67000008 378.01800537 0.352307 -0.855158 0.380243
24.63299942 14.95300007 378.61801147 0.874939 -0.452858 0.171470
37.61800003 26.65200043 377.71798706 0.343369 -0.852983 0.393087
37.31800079 26.52400017 377.71798706 0.337839 -0.859254 0.384119
37.01800156 26.54800034 378.01800537 0.339442 -0.864732 0.370160
36.71799850 26.42300034 378.01800537 0.347615 -0.860541 0.372335
37.01800156 26.42000008 377.71798706 0.332589 -0.869024 0.366308
36.71799850 26.29199982 377.71798706 0.360178 -0.857934 0.366361
37.01800156 26.29599953 377.41799927 0.331557 -0.872437 0.359059
36.71799850 26.17700005 377.41799927 0.364072 -0.864862 0.345638
37.01800156 26.16699982 377.11801147 0.328106 -0.871388 0.364732
36.71799850 26.05800056 377.11801147 0.354885 -0.864936 0.354885
60.86999893 20.95299911 377.41799927 -0.682174 -0.656249 0.322453
61.15399933 20.65299988 377.41799927 -0.707885 -0.630131 0.319115
60.71799850 20.97100067 377.11801147 -0.677477 -0.664542 0.315293
60.99399948 20.65299988 377.11801147 -0.697963 -0.649606 0.301430
32.51800156 24.24200058 378.31799316 0.506097 -0.788868 0.348644
36.41799927 26.30999947 378.01800537 0.360669 -0.847805 0.388773
36.11800003 26.16300011 378.01800537 0.393178 -0.841181 0.371248
36.41799927 26.15999985 377.71798706 0.371138 -0.852531 0.368032
36.11800003 26.04400063 377.71798706 0.358025 -0.857090 0.370424
60.11800003 21.41799927 376.81799316 -0.701435 -0.629826 0.333629
60.29800034 21.25300026 376.81799316 -0.671037 -0.671037 0.315307
60.11800003 21.27099991 376.51800537 -0.671719 -0.671719 0.312390
36.41799927 26.03700066 377.41799927 0.386555 -0.852284 0.352402
36.11800003 25.89399910 377.41799927 0.378468 -0.848828 0.369124
36.41799927 25.92300034 377.11801147 0.394323 -0.849430 0.350682
36.11800003 25.78400040 377.11801147 0.385095 -0.849703 0.360149
35.81800079 26.03700066 378.01800537 0.383262 -0.863495 0.327851
35.51800156 25.88699913 378.01800537 0.438782 -0.822122 0.362748
35.81800079 25.91799927 377.71798706 0.407052 -0.828359 0.384878
35.51800156 25.73900032 377.71798706 0.430055 -0.823611 0.369752
60.59400177 20.95299911 376.81799316 -0.665217 -0.678165 0.312377
60.45800018 20.95299911 376.51800537 -0.676535 -0.676535 0.290862
32.81800079 24.53899956 378.61801147 0.526542 -0.769561 0.361289
32.51800156 24.37400055 378.61801147 0.502517 -0.803711 0.318631
35.81800079 25.76799965 377.41799927 0.402913 -0.841884 0.359016
35.51800156 25.62000084 377.41799927 0.413206 -0.846683 0.335243
35.81800079 25.64999962 377.11801147 0.381084 -0.859368 0.340970
35.51800156 25.51099968 377.11801147 0.437851 -0.833330 0.337412
32.81800079 24.39800072 378.31799316 0.514998 -0.792428 0.326856
60.71799850 19.44499969 373.81799316 -0.690778 -0.702977 0.169263
60.98699951 19.15299988 373.81799316 -0.713765 -0.683457 0.153058
61.25600052 18.85300064 373.81799316 -0.669268 -0.688436 0.279527
60.71799850 19.39699936 373.51800537 -0.674072 -0.734956 -0.073931
60.97200012 19.15299988 373.51800537 -0.688142 -0.709315 -0.152752
35.21799850 25.46599960 377.41799927 0.423247 -0.825887 0.372521
34.91799927 25.31200027 377.41799927 0.434812 -0.807049 0.399513
35.21799850 25.33300018 377.11801147 0.454641 -0.818987 0.350089
34.91799927 25.16900063 377.11801147 0.451445 -0.822106 0.346900
34.61800003 24.89100075 376.81799316 0.451994 -0.833608 0.317490
34.31800079 24.84099960 377.11801147 0.423987 -0.830636 0.360941
34.61800003 25.14999962 377.41799927 0.441694 -0.804686 0.396721
34.31800079 24.98999977 377.41799927 0.423938 -0.820884 0.382656
34.61800003 24.99300003 377.11801147 0.454641 -0.818987 0.350089
59.51800156 21.71500015 376.21798706 -0.636036 -0.675480 0.373075
59.68399811 21.55299950 376.21798706 -0.656870 -0.666698 0.352187
59.52899933 21.55299950 375.91799927 -0.655478 -0.684610 0.318837
59.81800079 21.27799988 375.91799927 -0.644815 -0.702704 0.300699
34.91799927 26.59099960 380.41799927 0.462712 -0.822775 0.330058
35.21799850 26.63199997 380.11801147 0.423853 -0.823894 0.376229
34.91799927 26.46800041 380.11801147 0.456639 -0.813040 0.361174
34.01800156 24.84799957 377.41799927 0.442992 -0.820884 0.360427
33.71799850 24.67000008 377.41799927 0.474745 -0.818580 0.323331
34.01800156 24.68600082 377.11801147 0.444837 -0.804561 0.393448
33.71799850 24.53300095 377.11801147 0.449148 -0.800096 0.397633
22.07900047 5.05299997 385.51800537 0.998603 0.047055 -0.024050
22.05800056 5.35300016 385.51800537 0.997537 0.062946 -0.030940
22.08499908 5.05299997 385.81799316 0.998544 0.026195 -0.047151
33.41799927 24.50600052 377.41799927 0.497488 -0.802657 0.329010
33.11800003 24.28499985 377.41799927 0.538988 -0.765590 0.351232
33.41799927 24.33600044 377.11801147 0.503553 -0.778808 0.374022
22.07399940 5.35300016 385.81799316 0.997187 0.057136 -0.048512
58.91799927 21.96500015 375.61801147 -0.606617 -0.701966 0.373176
33.11800003 24.14699936 377.11801147 0.537534 -0.758394 0.368641
65.78800201 -2.44700003 390.01800537 -0.896137 0.397797 -0.196713
65.62999725 -2.74699998 390.01800537 -0.894558 0.402915 -0.193457
65.84500122 -2.44700003 389.71798706 -0.910288 0.379168 -0.166152
65.70999908 -2.74699998 389.71798706 -0.901941 0.401657 -0.158662
35.21799850 26.48100090 379.81799316 0.440670 -0.816115 0.373854
66.02300262 -2.14700007 389.41799927 -0.916983 0.380347 -0.120328
66.05000305 -2.14700007 389.11801147 -0.922774 0.367184 -0.116894
34.91799927 26.32500076 379.81799316 0.423987 -0.830636 0.360941
65.88999939 -2.44700003 389.41799927 -0.909843 0.393938 -0.130378
65.76200104 -2.74699998 389.41799927 -0.897326 0.424011 -0.122555
65.94000244 -2.44700003 389.11801147 -0.910608 0.399341 -0.106399
65.78700256 -2.74699998 389.11801147 -0.895824 0.430388 -0.110751
22.14200020 4.45300007 386.11801147 0.993015 0.093980 -0.071334
22.10600090 4.75299978 386.11801147 0.995952 0.062452 -0.064644
22.15800095 4.45300007 386.41799927 0.995210 0.082842 -0.051914
22.12899971 4.75299978 386.41799927 0.995266 0.071960 -0.065318
35.21799850 26.35000038 379.51800537 0.446582 -0.825308 0.345588
34.91799927 26.19700050 379.51800537 0.393814 -0.857124 0.332039
66.08699799 -2.14700007 388.81799316 -0.923045 0.353299 -0.152212
65.97799683 -2.44700003 388.81799316 -0.901198 0.405753 -0.152335
65.82299805 -2.74699998 388.81799316 -0.892405 0.425432 -0.150405
66.03500366 -2.44700003 388.51800537 -0.899068 0.410227 -0.152942
65.88200378 -2.74699998 388.51800537 -0.895390 0.421276 -0.144233
24.15099907 14.05300045 378.91799927 0.911802 -0.386357 0.139088
22.09700012 5.05299997 386.11801147 0.998267 0.024194 -0.053648
24.26600075 14.35299969 378.91799927 0.914405 -0.373370 0.156393
22.10000038 5.35300016 386.11801147 0.997285 0.044014 -0.059043
22.11100006 5.05299997 386.41799927 0.997737 0.039483 -0.054422
22.11000061 5.35300016 386.41799927 0.998089 0.039245 -0.047730
66.21499634 -1.84700000 388.81799316 -0.917359 0.374460 -0.135028
24.22400093 14.35299969 379.21798706 0.916110 -0.379511 0.129284
66.26000214 -1.84700000 388.51800537 -0.922520 0.355889 -0.149334
66.16200256 -2.14700007 388.51800537 -0.918346 0.359721 -0.165048
66.31700134 -1.84700000 388.21798706 -0.931612 0.328071 -0.156422
66.21099854 -2.14700007 388.21798706 -0.919134 0.366817 -0.143658
66.36699677 -1.84700000 387.91799927 -0.945566 0.310780 -0.096540
66.25499725 -2.14700007 387.91799927 -0.919974 0.372140 -0.123124
66.39199829 -1.84700000 387.61801147 -0.947409 0.304383 -0.098826
66.29100037 -2.14700007 387.61801147 -0.923508 0.368035 -0.108085
66.42700195 -1.84700000 387.31799316 -0.944606 0.295949 -0.141894
66.32800293 -2.14700007 387.31799316 -0.926901 0.352909 -0.127706
24.38299942 14.65299988 378.91799927 0.889991 -0.418048 0.182077
22.06900024 5.65299988 386.11801147 0.996817 0.059528 -0.053034
24.54899979 14.95300007 378.91799927 0.856794 -0.463908 0.225154
22.05100060 5.95300007 386.11801147 0.998883 0.036380 -0.030143
22.09600067 5.65299988 386.41799927 0.996793 0.068037 -0.042118
24.34600067 14.65299988 379.21798706 0.917086 -0.383609 0.108620
22.06900024 5.95300007 386.41799927 0.996906 0.061698 -0.048709
24.47699928 14.95300007 379.21798706 0.891106 -0.429051 0.147800
66.47000122 -1.84700000 387.01800537 -0.934005 0.321452 -0.155897
66.37100220 -2.14700007 387.01800537 -0.922934 0.354975 -0.148950
66.53099823 -1.84700000 386.71798706 -0.928365 0.335436 -0.160063
66.41500092 -2.14700007 386.71798706 -0.924251 0.351632 -0.148714
66.57700348 -1.84700000 386.41799927 -0.933672 0.341851 -0.106744
66.45600128 -2.14700007 386.41799927 -0.930865 0.341363 -0.130239
66.59899902 -1.84700000 386.11801147 -0.935426 0.341250 -0.092338
66.49199677 -2.14700007 386.11801147 -0.938143 0.330558 -0.103049
22.10499954 5.65299988 386.71798706 0.998348 0.055290 -0.015648
66.68900299 -1.54700005 386.41799927 -0.945564 0.308999 -0.102116
66.69899750 -1.54700005 386.11801147 -0.950519 0.300369 -0.079318
22.07900047 5.95300007 386.71798706 0.998178 0.047633 -0.037048
22.09900093 5.65299988 387.01800537 0.997446 0.052610 -0.048315
22.08900070 5.95300007 387.01800537 0.998067 0.037123 -0.049850
66.77200317 -1.24699998 386.41799927 -0.950429 0.296764 -0.092820
66.79399872 -1.24699998 386.11801147 -0.958649 0.274447 -0.075313
66.63400269 -1.84700000 385.81799316 -0.932064 0.333566 -0.141388
66.52500153 -2.14700007 385.81799316 -0.935835 0.330055 -0.123601
66.69100189 -1.84700000 385.51800537 -0.936858 0.324977 -0.129175
66.57599640 -2.14700007 385.51800537 -0.932064 0.333566 -0.141388
51.41799927 -16.14100075 389.11801147 -0.018285 0.964208 0.264517
22.04100037 6.25299978 386.11801147 0.999948 -0.004955 -0.008919
51.11800003 -16.23299980 389.41799927 -0.186361 0.960885 -0.204865
22.05800056 6.55299997 386.11801147 0.999912 -0.012908 0.002979
51.41799927 -16.22400093 389.41799927 -0.417680 0.821066 -0.389093
22.05200005 6.25299978 386.41799927 0.999437 0.003038 -0.033416
22.06800079 6.55299997 386.41799927 0.999642 -0.013167 -0.023295
22.79800034 -0.04700000 385.81799316 0.972230 0.212009 -0.099105
22.86599922 -0.34700000 385.81799316 0.963516 0.243130 -0.111917
22.76600075 -0.04700000 385.51800537 0.970215 0.220790 -0.099671
22.83399963 -0.34700000 385.51800537 0.971304 0.210933 -0.109887
51.70899963 -15.94699955 389.41799927 -0.435085 0.853258 -0.287494
51.41799927 -15.94699955 389.66500854 -0.319514 0.686064 -0.653626
65.51699829 15.25300026 380.11801147 -0.902766 -0.402335 0.152120
65.38899994 15.55300045 380.11801147 -0.886184 -0.420388 0.194814
65.44799805 15.55300045 380.41799927 -0.902331 -0.379241 0.204877
66.81199646 -1.24699998 385.81799316 -0.956679 0.265672 -0.119094
66.74299622 -1.54700005 385.81799316 -0.947304 0.288894 -0.138400
66.86699677 -1.24699998 385.51800537 -0.960745 0.254733 -0.109910
66.79599762 -1.54700005 385.51800537 -0.955920 0.270691 -0.113769
50.51800156 -16.34099960 389.41799927 -0.016670 0.929668 -0.368020
50.81800079 -16.34000015 389.41799927 -0.151890 0.842030 -0.517605
22.06599998 6.25299978 386.71798706 0.998716 0.005143 -0.050399
22.06599998 6.55299997 386.71798706 0.998366 0.005173 -0.056902
66.71900177 -1.84700000 385.21798706 -0.946708 0.312087 -0.079654
24.31900024 14.65299988 379.51800537 0.908676 -0.394649 0.136231
66.73999786 -1.84700000 384.91799927 -0.947916 0.301909 -0.101515
24.44199944 14.95300007 379.51800537 0.903158 -0.411548 0.122200
24.26600075 14.65299988 379.81799316 0.902561 -0.399072 0.161631
24.38899994 14.95300007 379.81799316 0.900571 -0.402322 0.164651
22.09499931 6.25299978 387.01800537 0.998530 0.011430 -0.052992
22.09499931 6.55299997 387.01800537 0.998751 0.011385 -0.048644
66.87500000 -1.24699998 385.21798706 -0.961961 0.264192 -0.069524
66.80899811 -1.54700005 385.21798706 -0.961290 0.267236 -0.067126
66.91000366 -1.24699998 384.91799927 -0.954879 0.271884 -0.119524
66.82800293 -1.54700005 384.91799927 -0.956679 0.265672 -0.119094
34.61800003 26.18499947 379.81799316 0.424773 -0.844878 0.325192
34.61800003 26.07799911 379.51800537 0.462703 -0.812514 0.354580
66.96099854 -1.24699998 384.61801147 -0.956630 0.261856 -0.127638
66.87799835 -1.54700005 384.61801147 -0.947994 0.291998 -0.126666
67.00800323 -1.24699998 384.31799316 -0.960503 0.264746 -0.085691
66.90899658 -1.54700005 384.31799316 -0.953565 0.287501 -0.089763
67.16699982 -0.64700001 384.01800537 -0.963695 0.256396 -0.074519
67.10299683 -0.94700003 384.01800537 -0.973505 0.215923 -0.075265
67.19000244 -0.64700001 383.71798706 -0.957962 0.284258 -0.038819
67.07900238 -0.94700003 383.71798706 -0.971925 0.233021 -0.032599
67.01499939 -1.24699998 384.01800537 -0.970362 0.226627 -0.083889
66.92800140 -1.54700005 384.01800537 -0.949012 0.293331 -0.115474
67.07299805 -1.24699998 383.71798706 -0.979888 0.194073 -0.046435
66.98200226 -1.54700005 383.71798706 -0.958441 0.275120 -0.075498
67.05200195 -1.24699998 383.41799927 -0.979634 0.177337 -0.094172
66.99700165 -1.54700005 383.41799927 -0.956226 0.284698 -0.067664
67.10900116 -1.24699998 383.11801147 -0.976910 0.177959 -0.118225
67.02799988 -1.54700005 383.11801147 -0.961078 0.248398 -0.120948
67.21299744 -0.64700001 383.41799927 -0.957008 0.276927 -0.086298
67.08100128 -0.94700003 383.41799927 -0.969521 0.223736 -0.099859
67.24600220 -0.64700001 383.11801147 -0.962793 0.252557 -0.096151
67.17199707 -0.94700003 383.11801147 -0.963636 0.245079 -0.106500
22.06999969 6.85300016 386.71798706 0.998817 0.005143 -0.048346
22.08399963 7.15299988 386.71798706 0.998927 -0.025933 -0.038380
22.08300018 6.85300016 387.01800537 0.999680 0.003014 -0.025118
22.08300018 7.15299988 387.01800537 0.999875 -0.008990 -0.012985
67.10700226 -1.24699998 382.81799316 -0.977778 0.196043 -0.074277
67.06900024 -1.54700005 382.81799316 -0.974129 0.173094 -0.145298
67.12300110 -1.24699998 382.51800537 -0.976801 0.184934 -0.107982
67.10500336 -1.54700005 382.51800537 -0.981810 0.026851 -0.187957
34.31800079 26.00900078 379.81799316 0.495904 -0.791200 0.357886
22.49699974 11.65299988 387.61801147 0.983705 -0.173179 0.048302
22.54899979 11.95300007 387.31799316 0.984280 -0.158678 0.077549
22.50099945 11.65299988 387.31799316 0.982549 -0.173110 0.068050
34.31800079 25.85700035 379.51800537 0.494840 -0.788198 0.365892
68.01200104 6.55299997 386.41799927 -0.998124 0.003109 0.061152
67.26699829 -0.64700001 382.81799316 -0.978683 0.198138 -0.054038
67.17099762 -0.94700003 382.81799316 -0.969101 0.241968 -0.047902
67.27300262 -0.64700001 382.51800537 -0.975463 0.154417 -0.156928
67.21900177 -0.94700003 382.51800537 -0.958110 0.187370 -0.216605
22.09099960 6.85300016 387.31799316 0.999776 0.020974 -0.002996
22.08200073 7.15299988 387.31799316 0.999995 0.002938 -0.000979
22.09000015 6.85300016 387.61801147 0.999630 0.019243 -0.019243
22.43700027 11.35299969 387.61801147 0.981777 -0.185486 0.041350
22.38400078 11.05300045 387.61801147 0.988017 -0.153137 0.019284
68.00700378 6.25299978 386.41799927 -0.999016 0.042270 0.013403
22.43799973 11.35299969 387.31799316 0.979718 -0.185287 0.076295
22.39299965 11.05300045 387.31799316 0.982196 -0.171914 0.075738
22.08200073 7.15299988 387.61801147 0.999889 -0.000991 -0.014865
22.48999977 11.35299969 387.01800537 0.978212 -0.199020 0.059103
22.42399979 11.05300045 387.01800537 0.981609 -0.182486 0.056058
22.49600029 11.35299969 386.71798706 0.977614 -0.210402 -0.001162
22.40399933 11.05300045 386.71798706 0.981867 -0.189483 -0.005742
67.32599640 -0.64700001 382.21798706 -0.926923 0.048647 -0.372084
67.34300232 -0.94700003 382.21798706 -0.849682 0.012196 -0.527155
67.50399780 -0.64700001 381.91799927 -0.766618 -0.123074 -0.630198
22.30100060 10.45300007 387.61801147 0.995963 -0.088983 0.011793
22.31100082 10.45300007 387.31799316 0.992740 -0.098482 0.069050
22.33300018 10.75300026 387.61801147 0.989721 -0.142972 0.003325
22.33799934 10.75300026 387.31799316 0.988395 -0.134198 0.071183
68.00399780 6.55299997 386.11801147 -0.999952 0.006924 0.006924
22.37999916 10.75300026 387.01800537 0.991400 -0.123218 0.044087
22.34399986 10.45300007 387.01800537 0.993910 -0.101283 0.043407
22.37299919 10.75300026 386.71798706 0.993536 -0.113516 -0.001081
22.34399986 10.45300007 386.71798706 0.993695 -0.111859 0.007602
22.08300018 7.45300007 386.71798706 0.999444 -0.029606 -0.015313
22.09099960 7.75299978 386.71798706 0.999127 -0.041758 0.001018
22.08699989 7.45300007 387.01800537 0.999690 -0.021184 -0.013114
22.08699989 7.75299978 387.01800537 0.998948 -0.042355 -0.017562
22.08900070 7.45300007 387.31799316 0.999271 -0.035798 -0.013296
22.10899925 7.75299978 387.31799316 0.997815 -0.058445 -0.030816
22.30699921 10.15299988 387.01800537 0.992774 -0.116732 0.027793
22.26700020 9.85299969 387.01800537 0.994010 -0.109244 0.003245
22.30599976 10.15299988 386.71798706 0.991164 -0.132081 0.012209
22.26300049 9.85299969 386.71798706 0.992395 -0.122260 0.014319
22.08300018 7.45300007 387.61801147 0.998609 -0.046957 -0.024000
68.00599670 6.25299978 386.11801147 -0.999892 0.012934 -0.006964
22.11499977 7.75299978 387.61801147 0.996991 -0.071904 -0.028976
22.31599998 10.15299988 386.41799927 0.990098 -0.135272 0.037512
22.27099991 9.85299969 386.41799927 0.993074 -0.112319 0.034474
22.31299973 10.15299988 386.11801147 0.989561 -0.130479 0.061198
22.29199982 9.85299969 386.11801147 0.991695 -0.117004 0.053390
24.20499992 14.65299988 380.11801147 0.905961 -0.393958 0.155023
24.34000015 14.95300007 380.11801147 0.906863 -0.393116 0.151853
24.15200043 14.65299988 380.41799927 0.906238 -0.389611 0.164122
24.28599930 14.95300007 380.41799927 0.902561 -0.399072 0.161631
22.24399948 9.55300045 386.41799927 0.990799 -0.124277 0.053588
22.20199966 9.25300026 386.41799927 0.991220 -0.123761 0.046552
22.25699997 9.55300045 386.11801147 0.990748 -0.126551 0.049024
22.21999931 9.25300026 386.11801147 0.991472 -0.124919 0.037138
51.71799850 -15.98099995 389.11801147 -0.432930 0.895282 -0.105080
22.16900063 8.95300007 386.41799927 0.995407 -0.086700 0.040606
22.14399910 8.65299988 386.41799927 0.997249 -0.071308 0.020222
22.17900085 8.95300007 386.11801147 0.994399 -0.096447 0.043235
22.15600014 8.65299988 386.11801147 0.996392 -0.070782 0.046825
66.46199799 -3.34699988 383.41799927 -0.905239 0.289971 -0.310578
22.19199944 8.95300007 385.81799316 0.994621 -0.097814 0.034070
22.17399979 8.65299988 385.81799316 0.996672 -0.068325 0.044465
22.20700073 8.95300007 385.51800537 0.995356 -0.095769 0.009685
22.17499924 8.65299988 385.51800537 0.997066 -0.076536 0.001048
22.11599922 8.05300045 387.31799316 0.997687 -0.045883 -0.050151
22.11400032 8.35299969 387.31799316 0.997792 -0.050049 -0.043660
22.13999939 8.05300045 387.61801147 0.997446 -0.048315 -0.052610
22.15500069 8.35299969 387.61801147 0.998035 -0.035000 -0.051970
66.36000061 -3.64700007 383.41799927 -0.911049 0.290078 -0.292993
66.27100372 -3.94700003 383.41799927 -0.696056 0.101539 -0.710772
22.14399910 8.35299969 385.21798706 0.997844 -0.065552 0.003122
22.13199997 8.05300045 385.21798706 0.997050 -0.076696 0.003152
22.15600014 8.35299969 384.91799927 0.996288 -0.070775 0.048998
22.14299965 8.05300045 384.91799927 0.996461 -0.072647 0.042287
58.91799927 23.56599998 379.21798706 -0.591294 -0.742742 0.314175
59.21799850 23.32399940 379.21798706 -0.609214 -0.719684 0.333037
58.91799927 23.44700050 378.91799927 -0.603838 -0.732657 0.313996
59.21799850 23.19400024 378.91799927 -0.613797 -0.720685 0.322284
24.46500015 15.25300026 380.11801147 0.880279 -0.432030 0.196109
22.15600014 8.35299969 385.81799316 0.995898 -0.079803 0.042635
22.11800003 8.05300045 385.81799316 0.996222 -0.079134 0.035773
22.16600037 8.35299969 385.51800537 0.997066 -0.076536 -0.001048
22.13299942 8.05300045 385.51800537 0.996504 -0.083482 0.003170
24.63699913 15.55300045 380.11801147 0.871150 -0.445255 0.206991
24.42600060 15.25300026 380.41799927 0.908370 -0.389707 0.151631
24.54299927 15.55300045 380.41799927 0.877893 -0.439682 0.189695
22.10199928 7.75299978 385.81799316 0.998893 -0.044418 0.015495
22.08300018 7.45300007 385.81799316 0.998393 -0.056668 0.001030
22.10799980 7.75299978 385.51800537 0.997957 -0.061913 0.015741
22.09799957 7.45300007 385.51800537 0.998086 -0.061405 0.007285
58.91799927 23.30699921 378.61801147 -0.614584 -0.718366 0.325940
58.91799927 23.17099953 378.31799316 -0.614827 -0.724560 0.311448
58.61800003 23.56500053 378.61801147 -0.606873 -0.726629 0.322047
58.61800003 23.43700027 378.31799316 -0.595375 -0.728402 0.339056
58.01800156 23.63500023 377.71798706 -0.570043 -0.742193 0.352420
58.31800079 23.51199913 378.01800537 -0.576345 -0.741943 0.342560
58.61800003 23.29100037 378.01800537 -0.576838 -0.748111 0.328006
58.31800079 23.38299942 377.71798706 -0.569959 -0.745331 0.345873
58.61800003 23.16300011 377.71798706 -0.554112 -0.760895 0.337637
22.10600090 7.75299978 385.21798706 0.997236 -0.074296 0.001046
22.09199905 7.45300007 385.21798706 0.997645 -0.068188 -0.007343
22.11199951 7.75299978 384.91799927 0.996194 -0.081300 0.031436
22.08399963 7.45300007 384.91799927 0.996688 -0.078151 0.022482
58.31800079 23.24799919 377.41799927 -0.564123 -0.754858 0.334595
58.31800079 23.11400032 377.11801147 -0.586667 -0.741819 0.324849
57.71799850 23.69599915 377.41799927 -0.554251 -0.757854 0.344185
58.01800156 23.45400047 377.41799927 -0.571402 -0.746221 0.341546
22.06800079 7.15299988 385.21798706 0.998187 -0.059453 -0.009387
22.04899979 6.85300016 385.21798706 0.999264 -0.037689 -0.007130
24.57999992 15.25300026 379.51800537 0.899245 -0.420773 0.119618
22.06500053 7.15299988 384.91799927 0.997701 -0.066373 0.013696
57.71799850 23.57999992 377.11801147 -0.569259 -0.761685 0.309484
22.05800056 6.85300016 384.91799927 0.999162 -0.039885 0.009204
58.01800156 23.34799957 377.11801147 -0.573056 -0.756048 0.316224
24.54800034 15.25300026 379.81799316 0.882563 -0.440555 0.164299
24.22200012 14.95300007 380.71798706 0.902140 -0.398886 0.164415
24.67799950 15.55300045 379.81799316 0.901274 -0.414783 0.125138
24.17799950 14.95300007 381.01800537 0.903675 -0.401476 0.148957
24.10099983 14.65299988 380.71798706 0.911044 -0.381136 0.157272
22.07200050 7.15299988 384.61801147 0.997711 -0.066234 0.013667
22.05599976 6.85300016 384.61801147 0.999195 -0.039804 0.005103
22.06999969 7.15299988 384.31799316 0.997586 -0.068472 0.011588
22.05999947 6.85300016 384.31799316 0.999080 -0.038149 0.019590
24.05400085 14.65299988 381.01800537 0.890401 -0.421311 0.172289
22.14500046 8.05300045 387.91799927 0.997645 -0.068188 0.007343
22.16600037 8.35299969 387.91799927 0.999206 -0.039724 0.003056
22.12999916 8.05300045 388.21798706 0.997618 -0.068330 0.009461
22.15399933 8.35299969 388.21798706 0.999369 -0.033687 0.011229
57.71799850 23.44099998 376.81799316 -0.562798 -0.742241 0.363780
58.01800156 23.21599960 376.81799316 -0.564265 -0.751814 0.341146
58.01800156 23.07999992 376.51800537 -0.560411 -0.762737 0.322758
57.71799850 23.28700066 376.51800537 -0.540551 -0.766453 0.346921
24.36400032 15.25300026 380.71798706 0.900904 -0.404050 0.158479
24.49900055 15.55300045 380.71798706 0.897719 -0.415320 0.147003
24.30800056 15.25300026 381.01800537 0.900981 -0.411594 0.137198
57.41799927 23.67099953 376.81799316 -0.544897 -0.761563 0.350869
57.11800003 23.86800003 376.81799316 -0.535779 -0.782078 0.318269
24.45400047 15.55300045 381.01800537 0.894311 -0.423621 0.144060
57.11800003 23.73399925 376.51800537 -0.538506 -0.748016 0.387921
57.41799927 23.50900078 376.51800537 -0.547436 -0.743533 0.384022
22.04800034 6.55299997 384.61801147 0.999095 -0.041927 -0.007158
22.03300095 6.25299978 384.61801147 0.999525 -0.025472 -0.017321
22.04500008 6.55299997 384.31799316 0.998165 -0.059452 0.011473
22.02400017 6.25299978 384.31799316 0.999127 -0.041758 -0.001018
56.81800079 23.64200020 375.91799927 -0.532519 -0.765598 0.360948
56.51800156 24.00799942 376.21798706 -0.515255 -0.768819 0.378721
56.81800079 23.77499962 376.21798706 -0.542146 -0.745246 0.388183
56.51800156 23.85600090 375.91799927 -0.530255 -0.763762 0.368098
22.03000069 5.95300007 384.61801147 0.999731 -0.003002 -0.023017
22.03100014 5.65299988 384.61801147 0.999885 0.002979 -0.014894
22.02099991 5.95300007 384.31799316 0.999940 0.000989 -0.010880
22.02899933 5.65299988 384.31799316 0.999913 0.012883 0.002973
56.81800079 23.49600029 375.61801147 -0.512649 -0.793728 0.327393
56.81800079 23.39500046 375.31799316 -0.505793 -0.815846 0.280300
56.51800156 23.57900047 375.31799316 -0.504680 -0.812834 0.290859
22.02499962 5.95300007 384.01800537 0.999999 0.000979 -0.000979
22.02400017 5.65299988 384.01800537 0.999875 0.012985 -0.008990
22.02199936 5.95300007 383.71798706 0.999815 -0.002996 -0.018978
22.02400017 5.65299988 383.71798706 0.999494 0.005063 -0.031392
56.51800156 23.70299911 375.61801147 -0.527234 -0.767329 0.365008
55.91799927 24.10600090 375.61801147 -0.489787 -0.794901 0.358107
56.21799850 23.91600037 375.61801147 -0.513932 -0.773329 0.371263
55.91799927 23.96100044 375.31799316 -0.502889 -0.781015 0.370295
56.21799850 23.76000023 375.31799316 -0.503370 -0.794206 0.340374
22.04199982 5.35300016 384.01800537 0.999802 -0.015042 -0.013037
22.01099968 5.05299997 384.01800537 0.999536 -0.013219 -0.027454
22.02000046 5.35300016 383.71798706 0.999690 -0.009079 -0.023202
22.01600075 5.05299997 383.71798706 0.999855 -0.013011 -0.011009
56.21799850 23.53000069 374.71798706 -0.476790 -0.805281 0.352410
56.21799850 23.65999985 375.01800537 -0.482388 -0.821788 0.303260
55.91799927 23.82699966 375.01800537 -0.482825 -0.812096 0.327688
55.91799927 23.71800041 374.71798706 -0.458579 -0.806908 0.372296
22.01199913 4.75299978 384.01800537 0.998373 0.034717 -0.045237
22.03700066 4.45300007 384.01800537 0.997225 0.035423 -0.065480
22.01199913 4.75299978 383.71798706 0.999876 0.014953 -0.004984
22.01700020 4.45300007 383.71798706 0.999368 0.019475 -0.029725
24.13699913 14.95300007 381.31799316 0.896817 -0.410261 0.165544
22.02099991 4.75299978 383.41799927 0.999794 0.011031 -0.017048
22.01499939 4.45300007 383.41799927 0.999976 0.000983 -0.006883
22.00699997 4.75299978 383.11801147 0.999339 0.007131 -0.035654
22.01399994 4.45300007 383.11801147 0.999437 -0.003038 -0.033416
22.15900040 8.65299988 387.91799927 0.999395 -0.033550 0.009150
22.16300011 8.95300007 387.91799927 0.998085 -0.059822 0.015743
22.16600037 8.65299988 388.21798706 0.999816 -0.018940 0.002990
22.17600060 8.95300007 388.21798706 0.998255 -0.058964 -0.003103
22.01000023 4.15299988 383.41799927 0.999525 0.025472 -0.017321
22.02899933 3.85299993 383.41799927 0.997457 0.052498 -0.048212
22.01399994 4.15299988 383.11801147 0.999277 0.029783 -0.023621
22.01899910 3.85299993 383.11801147 0.998987 0.042269 -0.015464
21.99500084 4.15299988 382.81799316 0.997512 0.041786 -0.056786
24.26899910 15.25300026 381.31799316 0.900002 -0.409351 0.149763
22.02599907 3.85299993 382.81799316 0.998472 0.043047 -0.034647
24.40600014 15.55300045 381.31799316 0.894311 -0.423621 0.144060
21.97400093 4.15299988 382.51800537 0.996549 0.057598 -0.059771
22.00300026 3.85299993 382.51800537 0.996065 0.055762 -0.068883
24.20599937 15.25300026 381.61801147 0.899405 -0.405951 0.162094
24.35300064 15.55300045 381.61801147 0.893536 -0.417176 0.166004
25.41200066 17.05299950 380.11801147 0.857971 -0.485839 0.166869
25.59300041 17.35300064 380.11801147 0.858088 -0.476052 0.192510
25.35799980 17.05299950 380.41799927 0.862850 -0.462081 0.204871
25.52000046 17.35300064 380.41799927 0.854340 -0.475968 0.208705
25.26899910 17.05299950 380.71798706 0.849043 -0.471013 0.239317
25.19599915 17.05299950 381.01800537 0.861656 -0.464428 0.204587
22.03300095 3.55299997 382.81799316 0.999028 0.003068 -0.043970
22.02899933 3.25300002 382.81799316 0.997680 0.026562 -0.062687
22.01000023 3.55299997 382.51800537 0.995395 -0.031617 -0.090490
21.98399925 3.25300002 382.51800537 0.996207 0.009610 -0.086487
25.43300056 17.35300064 380.71798706 0.843605 -0.483585 0.233402
25.35199928 17.35300064 381.01800537 0.847294 -0.483518 0.219781
22.02700043 2.95300007 382.81799316 0.992461 0.090017 -0.083180
22.06399918 2.65300012 382.81799316 0.994581 0.074621 -0.072394
22.01700020 2.95300007 382.51800537 0.991971 0.094964 -0.083522
22.05500031 2.65300012 382.51800537 0.995125 0.069736 -0.069736
22.07999992 2.35299993 382.81799316 0.995934 0.064785 -0.062589
22.11499977 2.05299997 382.81799316 0.991361 0.123495 -0.044186
22.06299973 2.35299993 382.51800537 0.992957 0.055227 -0.104818
22.09700012 2.05299997 382.51800537 0.985842 0.096558 -0.137088
22.00099945 2.95300007 382.21798706 0.992276 0.116010 -0.043926
22.01700020 2.65300012 382.21798706 0.995603 0.069461 -0.062845
21.96400070 2.95300007 381.91799927 0.988845 0.019168 -0.147707
22.04299927 2.65300012 381.91799927 0.982251 0.103203 -0.156626
22.19199944 9.25300026 387.91799927 0.997753 -0.062426 0.024335
22.20899963 9.55300045 387.91799927 0.997949 -0.062043 0.015774
22.19400024 9.25300026 388.21798706 0.997628 -0.068187 -0.009441
22.21299934 9.55300045 388.21798706 0.997858 -0.065416 0.001038
22.19499969 9.25300026 388.51800537 0.997678 -0.067905 0.005223
22.21199989 9.55300045 388.51800537 0.998255 -0.058964 -0.003103
22.21500015 9.55300045 388.81799316 0.997987 -0.063348 -0.003115
50.81800079 24.54400063 371.71798706 -0.272629 -0.878137 0.393128
50.51800156 24.62700081 371.71798706 -0.249376 -0.882523 0.398703
50.51800156 24.78499985 372.01800537 -0.239326 -0.887439 0.393922
50.81800079 24.68000031 372.01800537 -0.253507 -0.880525 0.400511
50.81800079 24.80299950 372.31799316 -0.244476 -0.890486 0.383753
24.16300011 15.25300026 381.91799927 0.892518 -0.418052 0.169246
24.29700089 15.55300045 381.91799927 0.896178 -0.412846 0.162549
24.23699951 15.55300045 382.21798706 0.901586 -0.405927 0.149552
51.11800003 24.88199997 372.61801147 -0.184379 -0.892859 0.410861
34.01800156 25.81900024 379.81799316 0.449089 -0.820421 0.353876
33.71799850 25.67600060 379.81799316 0.482580 -0.807486 0.339240
52.31800079 24.91600037 373.51800537 -0.264043 -0.887602 0.377417
52.31800079 25.04800034 373.81799316 -0.259147 -0.868370 0.422819
34.01800156 25.70499992 379.51800537 0.424916 -0.838856 0.340246
52.61800003 24.93300056 373.81799316 -0.364375 -0.854344 0.370577
33.71799850 25.53899956 379.51800537 0.515637 -0.774263 0.366926
24.73600006 16.45299911 381.91799927 0.865547 -0.457354 0.204096
24.87700081 16.75300026 381.91799927 0.890115 -0.425582 0.163019
24.80400085 16.75300026 382.21798706 0.867993 -0.449683 0.210649
22.22999954 9.85299969 388.51800537 0.998267 -0.058843 -0.001032
59.51800156 -9.44999981 393.91799927 -0.606254 0.734902 -0.303931
59.51800156 -9.56700039 393.61801147 -0.610036 0.734925 -0.296212
59.81800079 -9.44200039 393.31799316 -0.632193 0.718619 -0.289688
59.51800156 -9.69900036 393.31799316 -0.612566 0.728327 -0.307087
52.31800079 24.05999947 371.41799927 -0.305077 -0.926582 0.219939
64.95800018 -4.84700012 388.21798706 -0.858338 0.483092 -0.172850
65.01399994 -4.84700012 387.91799927 -0.868867 0.463102 -0.174949
65.35800171 -4.24700022 387.61801147 -0.886695 0.432499 -0.163453
65.23000336 -4.54699993 387.61801147 -0.884630 0.432842 -0.173428
65.43399811 -4.24700022 387.31799316 -0.902934 0.390263 -0.180011
65.30500031 -4.54699993 387.31799316 -0.883133 0.415679 -0.217455
65.26599884 -4.24700022 388.21798706 -0.879264 0.444735 -0.170603
65.10600281 -4.54699993 388.21798706 -0.873352 0.453556 -0.177606
65.31600189 -4.24700022 387.91799927 -0.887694 0.435934 -0.148189
65.18900299 -4.54699993 387.91799927 -0.873776 0.455183 -0.171243
65.51599884 -3.94700003 387.61801147 -0.898826 0.419076 -0.128404
24.10300064 15.25300026 382.21798706 0.900275 -0.414098 0.134264
66.99800110 -0.64700001 385.81799316 -0.963064 0.259432 -0.072135
66.90000153 -0.94700003 385.81799316 -0.955449 0.279485 -0.094895
67.02799988 -0.64700001 385.51800537 -0.961375 0.252312 -0.109982
66.94599915 -0.94700003 385.51800537 -0.953008 0.282616 -0.109103
67.06400299 -0.64700001 385.21798706 -0.961243 0.250364 -0.115453
66.97799683 -0.94700003 385.21798706 -0.951660 0.291912 -0.095559
67.11100006 -0.64700001 384.91799927 -0.963636 0.245079 -0.106500
67.00099945 -0.94700003 384.91799927 -0.945509 0.300905 -0.124374
33.41799927 25.45899963 379.81799316 0.541279 -0.764253 0.350619
67.85199738 2.95300007 383.41799927 -0.993471 0.091134 -0.068632
67.79499817 2.65300012 383.41799927 -0.987937 0.125695 -0.090453
67.87599945 2.95300007 383.11801147 -0.998360 0.057020 -0.005184
67.83100128 2.65300012 383.11801147 -0.992181 0.121651 -0.027902
24.19400024 15.55300045 382.51800537 0.908473 -0.398944 0.124583
24.15600014 15.55300045 382.81799316 0.916721 -0.373686 0.141357
24.06699944 15.25300026 382.51800537 0.909387 -0.402788 0.103811
24.03499985 15.25300026 382.81799316 0.912909 -0.388857 0.124044
33.11800003 25.26099968 379.81799316 0.502517 -0.803711 0.318631
33.41799927 25.31800079 379.51800537 0.503175 -0.797093 0.333853
33.11800003 25.14900017 379.51800537 0.498866 -0.806104 0.318324
46.61800003 25.48500061 372.01800537 -0.086922 -0.932069 0.351699
46.31800079 25.49500084 372.01800537 0.048766 -0.926552 0.372993
46.61800003 25.74500084 372.61801147 -0.066227 -0.912306 0.404118
46.31800079 25.72999954 372.61801147 -0.041107 -0.913640 0.404441
46.61800003 25.59499931 372.31799316 -0.108735 -0.918051 0.381260
46.31800079 25.65699959 372.31799316 0.022413 -0.905753 0.423212
46.61800003 25.96899986 373.21798706 -0.086180 -0.909677 0.406277
46.31800079 26.01600075 373.21798706 -0.072362 -0.902478 0.424615
46.61800003 25.87100029 372.91799927 -0.049323 -0.915805 0.398582
46.31800079 25.86199951 372.91799927 -0.065951 -0.916586 0.394361
47.21799850 25.91300011 373.21798706 -0.134337 -0.923739 0.358693
46.91799927 25.95400047 373.21798706 -0.113540 -0.926106 0.359772
47.21799850 25.79800034 372.91799927 -0.129857 -0.911795 0.389572
46.91799927 25.87599945 372.91799927 -0.136815 -0.904110 0.404804
47.21799850 26.03700066 373.51800537 -0.095906 -0.899289 0.426710
47.81800079 26.02899933 373.51800537 -0.055362 -0.903339 0.425339
47.51800156 26.02099991 373.51800537 -0.058413 -0.900640 0.430623
47.21799850 26.18899918 373.81799316 -0.075554 -0.897030 0.435465
46.91799927 26.21599960 373.81799316 -0.113506 -0.898239 0.424597
46.91799927 26.08099937 373.51800537 -0.104101 -0.906368 0.409462
23.99099922 15.25300026 383.11801147 0.913839 -0.375955 0.153480
24.10899925 15.55300045 383.11801147 0.918880 -0.354284 0.173613
23.93600082 15.25300026 383.41799927 0.919790 -0.348983 0.179437
47.81800079 26.12999916 373.81799316 -0.099993 -0.916370 0.387643
47.51800156 26.17700005 373.81799316 -0.060952 -0.906152 0.418537
24.03599930 15.55300045 383.41799927 0.916134 -0.354770 0.186646
67.25000000 14.35299969 388.51800537 -0.961308 -0.234115 0.145177
67.20200348 14.65299988 388.51800537 -0.958659 -0.214069 0.187477
67.08100128 14.95300007 388.21798706 -0.949659 -0.279942 0.140641
67.15799713 14.65299988 388.21798706 -0.969879 -0.205191 0.131271
67.04299927 14.95300007 387.91799927 -0.955175 -0.271969 0.116933
67.12000275 14.65299988 387.91799927 -0.969936 -0.214273 0.115378
67.00800323 14.95300007 387.61801147 -0.954671 -0.261572 0.142072
67.08000183 14.65299988 387.61801147 -0.962442 -0.237688 0.131183
66.94999695 14.95300007 387.31799316 -0.949628 -0.272666 0.154466
67.02799988 14.65299988 387.31799316 -0.955024 -0.270041 0.122506
66.82800293 15.55300045 387.61801147 -0.939870 -0.311476 0.140096
66.91400146 15.25300026 387.61801147 -0.949399 -0.286284 0.129161
66.78099823 15.55300045 387.31799316 -0.938929 -0.307509 0.154438
66.86900330 15.25300026 387.31799316 -0.948300 -0.271909 0.163687
66.89800262 14.95300007 387.01800537 -0.952082 -0.274869 0.134115
67.00099945 14.65299988 387.01800537 -0.943228 -0.309937 0.119413
66.84799957 14.95300007 386.71798706 -0.944206 -0.298526 0.139132
66.95800018 14.65299988 386.71798706 -0.936353 -0.327520 0.126387
66.66000366 15.55300045 386.71798706 -0.930040 -0.326696 0.168214
66.72899628 15.55300045 387.01800537 -0.933658 -0.319519 0.161834
66.81199646 15.25300026 387.01800537 -0.947309 -0.277030 0.160813
66.78700256 15.25300026 386.71798706 -0.946742 -0.284968 0.149912
32.81800079 25.07699966 379.81799316 0.519153 -0.795399 0.312762
32.51800156 24.87000084 379.81799316 0.536791 -0.777145 0.328484
32.81800079 24.94899940 379.51800537 0.535353 -0.768255 0.350971
66.62999725 15.55300045 386.41799927 -0.926293 -0.339501 0.163463
66.70899963 15.25300026 386.41799927 -0.943144 -0.301752 0.139374
66.57599640 15.55300045 386.11801147 -0.933628 -0.330403 0.138468
66.66799927 15.25300026 386.11801147 -0.939188 -0.312154 0.143127
66.52500153 15.55300045 385.81799316 -0.933394 -0.328544 0.144339
66.62000275 15.25300026 385.81799316 -0.933860 -0.325957 0.147162
62.81800079 -9.00599957 386.71798706 -0.483851 0.860343 -0.160303
66.48000336 15.55300045 385.51800537 -0.929244 -0.330181 0.165787
62.51800156 -9.20499992 387.01800537 -0.752148 0.621339 -0.219571
66.57299805 15.25300026 385.51800537 -0.931163 -0.330680 0.153580
62.63899994 -9.04699993 387.01800537 -0.738813 0.576436 -0.349109
32.51800156 24.73600006 379.51800537 0.532519 -0.765598 0.360948
66.29599762 16.15299988 385.81799316 -0.927496 -0.337903 0.159913
66.41999817 15.85299969 385.81799316 -0.919700 -0.364251 0.146538
66.23500061 16.15299988 385.51800537 -0.914682 -0.355313 0.192640
66.35900116 15.85299969 385.51800537 -0.914730 -0.364474 0.174437
62.42800140 -9.34700012 386.71798706 -0.607029 0.767668 -0.205432
66.17800140 16.15299988 385.21798706 -0.912329 -0.371479 0.172218
66.29799652 15.85299969 385.21798706 -0.917065 -0.358605 0.174342
66.12699890 16.15299988 384.91799927 -0.909159 -0.384372 0.160273
66.25800323 15.85299969 384.91799927 -0.921486 -0.352044 0.164100
66.19899750 15.85299969 384.61801147 -0.926307 -0.336712 0.169055
66.12899780 15.85299969 384.31799316 -0.926547 -0.324783 0.189808
66.07599640 16.15299988 384.61801147 -0.907377 -0.384385 0.170044
66.03199768 16.15299988 384.31799316 -0.910832 -0.376553 0.169094
65.82299805 16.75300026 384.61801147 -0.912361 -0.362366 0.190493
65.94200134 16.45299911 384.61801147 -0.905810 -0.389427 0.166897
65.75900269 16.75300026 384.31799316 -0.893301 -0.397512 0.209757
65.88300323 16.45299911 384.31799316 -0.899204 -0.401405 0.174086
65.97000122 16.15299988 384.01800537 -0.911879 -0.371295 0.174978
66.07599640 15.85299969 384.01800537 -0.931068 -0.314078 0.185655
65.91600037 16.15299988 383.71798706 -0.903977 -0.380394 0.195259
66.01200104 15.85299969 383.71798706 -0.930003 -0.322085 0.177077
65.68099976 16.75300026 384.01800537 -0.880661 -0.417311 0.224249
65.82900238 16.45299911 384.01800537 -0.888292 -0.421538 0.182326
65.59200287 16.75300026 383.71798706 -0.891217 -0.408292 0.197560
65.76300049 16.45299911 383.71798706 -0.866193 -0.454714 0.207230
65.55599976 16.75300026 383.41799927 -0.913260 -0.378531 0.150568
65.69499969 16.45299911 383.41799927 -0.882055 -0.428511 0.195849
65.62400055 16.45299911 383.11801147 -0.908012 -0.377262 0.182176
65.51200104 16.75300026 383.11801147 -0.913373 -0.376925 0.153876
65.57199860 16.45299911 382.81799316 -0.920487 -0.357267 0.158318
65.46299744 16.75300026 382.81799316 -0.892288 -0.402921 0.203658
65.36799622 16.75300026 382.51800537 -0.873469 -0.422452 0.242046
65.51699829 16.45299911 382.51800537 -0.888599 -0.400683 0.223259
65.15499878 17.35300064 382.81799316 -0.867900 -0.445192 0.220348
65.31300354 17.05299950 382.81799316 -0.869212 -0.441338 0.222913
65.07700348 17.35300064 382.51800537 -0.870610 -0.444978 0.209839
65.22200012 17.05299950 382.51800537 -0.877154 -0.427408 0.218916
68.01200104 6.55299997 385.81799316 -0.999708 -0.007033 0.023109
23.22599983 14.35299969 386.41799927 0.955902 -0.277016 0.097541
23.12199974 14.05300045 386.41799927 0.949933 -0.295622 0.101169
23.25499916 14.35299969 386.11801147 0.953675 -0.279412 0.111503
23.16799927 14.05300045 386.11801147 0.949675 -0.296362 0.101422
67.99500275 6.25299978 385.81799316 -0.999632 -0.001005 0.027126
67.98999786 6.55299997 385.51800537 -0.998443 -0.026192 0.049241
23.09700012 14.05300045 386.71798706 0.942434 -0.331334 0.045123
32.21799850 24.66600037 379.81799316 0.550220 -0.771592 0.319224
67.99400330 6.25299978 385.51800537 -0.999626 -0.003020 0.027180
31.91799927 24.44599915 379.81799316 0.587458 -0.756213 0.288157
32.21799850 24.53000069 379.51800537 0.523800 -0.783297 0.334783
31.91799927 24.33399963 379.51800537 0.583662 -0.747667 0.316753
64.85800171 19.15299988 385.51800537 -0.850481 -0.467080 0.241908
64.94300079 18.85300064 385.21798706 -0.864797 -0.458536 0.204624
31.91799927 24.67099953 380.41799927 0.571984 -0.761043 0.306019
67.68399811 7.15299988 378.61801147 -0.952305 -0.305084 0.006176
32.21799850 24.78300095 380.11801147 0.562648 -0.769855 0.301248
36.11800003 24.12800026 373.21798706 0.464636 -0.788423 0.403116
31.91799927 24.55200005 380.11801147 0.589193 -0.752059 0.295395
36.41799927 24.13800049 372.91799927 0.469410 -0.809932 0.351660
36.11800003 23.96699905 372.91799927 0.434845 -0.833585 0.340655
67.74199677 6.85300016 378.91799927 -0.998197 -0.030568 0.051649
67.67900085 7.15299988 378.91799927 -0.984604 -0.172392 -0.028925
67.69499969 6.85300016 379.21798706 -0.994694 -0.102601 0.007560
67.66200256 7.15299988 379.21798706 -0.994271 -0.105634 -0.016335
30.41799927 23.32500076 380.11801147 0.634754 -0.711888 0.300504
30.11800003 23.17700005 380.41799927 0.669230 -0.685279 0.287271
30.41799927 23.44000053 380.41799927 0.627738 -0.729448 0.271755
30.41799927 23.06100082 379.51800537 0.662157 -0.684712 0.304496
30.41799927 23.19400024 379.81799316 0.652091 -0.697174 0.297869
30.71800041 23.34900093 379.51800537 0.638937 -0.724551 0.258429
31.01799965 23.59000015 379.51800537 0.592266 -0.770415 0.235969
30.71800041 23.45100021 379.81799316 0.600158 -0.749799 0.278588
67.64299774 7.45300007 378.91799927 -0.983931 -0.168910 0.057878
67.56700134 7.75299978 378.91799927 -0.975189 -0.193045 0.108354
31.01799965 23.66799927 379.81799316 0.619471 -0.728319 0.292928
67.65599823 7.45300007 379.21798706 -0.993148 -0.112327 0.032252
67.61100006 7.75299978 379.21798706 -0.982435 -0.167146 0.082972
33.41799927 23.95999908 376.21798706 0.542535 -0.784369 0.300701
33.11800003 23.74699974 376.21798706 0.533849 -0.803122 0.264576
33.41799927 23.83900070 375.91799927 0.494569 -0.803079 0.332363
32.21799850 23.74200058 377.71798706 0.523800 -0.783297 0.334783
31.91799927 23.69199944 378.01800537 0.545817 -0.776308 0.315325
32.21799850 23.88100052 378.01800537 0.542689 -0.768138 0.339784
31.91799927 23.56500053 377.71798706 0.561301 -0.755411 0.338075
33.71799850 24.15699959 376.21798706 0.484720 -0.816287 0.314200
34.01800156 24.21400070 375.91799927 0.462229 -0.821915 0.332868
33.71799850 24.01199913 375.91799927 0.499865 -0.781342 0.373685
67.70899963 6.85300016 379.51800537 -0.990305 -0.127080 0.056098
67.66699982 7.15299988 379.51800537 -0.995130 -0.080806 0.056453
67.73300171 6.85300016 379.81799316 -0.989570 -0.124131 0.073087
67.70400238 7.15299988 379.81799316 -0.993487 -0.089087 0.071044
34.01800156 24.52899933 376.81799316 0.469239 -0.812818 0.345169
33.71799850 24.38599968 376.81799316 0.453962 -0.820928 0.346403
34.01800156 24.43099976 376.51800537 0.476216 -0.814789 0.330662
33.71799850 24.26000023 376.51800537 0.465908 -0.819682 0.333243
22.76799965 12.55300045 385.81799316 0.964417 -0.248430 0.090454
22.70700073 12.25300026 385.81799316 0.976908 -0.199294 0.077028
22.80200005 12.55300045 385.51800537 0.963382 -0.255125 0.082503
67.74700165 6.85300016 380.11801147 -0.990824 -0.118256 0.065443
67.72100067 7.15299988 380.11801147 -0.994767 -0.072246 0.072246
22.73600006 12.25300026 385.51800537 0.972674 -0.221231 0.070448
67.76200104 6.85300016 380.41799927 -0.992115 -0.109983 0.060094
67.74199677 7.15299988 380.41799927 -0.995200 -0.058541 0.078423
22.22699928 6.25299978 390.01800537 0.998025 0.028515 -0.055974
22.18700027 6.55299997 389.71798706 0.996452 0.007428 -0.083834
22.19899940 6.25299978 389.71798706 0.996997 0.063592 -0.044191
22.72900009 12.55300045 386.41799927 0.974432 -0.219642 0.047326
22.67900085 12.25300026 386.41799927 0.977931 -0.204683 0.041894
22.74099922 12.55300045 386.11801147 0.969985 -0.234134 0.065657
22.68300056 12.25300026 386.11801147 0.977651 -0.198452 0.069397
25.39699936 -3.34699988 393.01800537 0.836701 0.498363 -0.227083
25.32299995 -3.34699988 392.71798706 0.851285 0.490495 -0.186358
25.43099976 -3.64700007 392.41799927 0.847464 0.484913 -0.216020
25.60799980 -3.94700003 392.41799927 0.827714 0.499723 -0.255276
25.36000061 -3.64700007 392.11801147 0.854146 0.470158 -0.222229
25.51799965 -3.94700003 392.11801147 0.847210 0.476080 -0.235759
31.61800003 24.19000053 379.81799316 0.590954 -0.753426 0.288309
31.31800079 23.97800064 379.81799316 0.621069 -0.717859 0.314567
31.61800003 24.06800079 379.51800537 0.594998 -0.736895 0.320880
25.44700050 -4.54699993 390.61801147 0.878212 0.411428 -0.243865
25.37800026 -4.54699993 390.31799316 0.883813 0.417561 -0.210994
25.32999992 -4.84700012 389.41799927 0.870269 0.426839 -0.245847
25.41799927 -5.14699984 389.41799927 0.872349 0.417341 -0.254624
25.34900093 -5.14699984 389.11801147 0.902913 0.391884 -0.176563
25.21199989 -4.84700012 389.11801147 0.866555 0.443039 -0.229780
31.31800079 23.83200073 379.51800537 0.612326 -0.731255 0.300538
25.28199959 -5.44700003 388.21798706 0.838651 0.493414 -0.230667
25.20299911 -5.44700003 387.91799927 0.807425 0.518947 -0.280639
31.61800003 24.44400024 380.41799927 0.567084 -0.751265 0.337665
67.97799683 6.55299997 385.21798706 -0.998085 -0.059822 0.015743
31.61800003 24.30100060 380.11801147 0.585548 -0.749180 0.309618
34.61800003 25.92300034 379.21798706 0.506622 -0.775309 0.377134
68.00099945 6.25299978 385.21798706 -0.999856 -0.016913 0.000995
34.31800079 25.72400093 379.21798706 0.446185 -0.817742 0.363617
34.61800003 25.75799942 378.91799927 0.508211 -0.782483 0.359781
67.97499847 6.55299997 384.91799927 -0.996107 -0.081470 0.033674
67.77999878 6.85300016 380.71798706 -0.996672 -0.068325 0.044465
67.77400208 7.15299988 380.71798706 -0.996733 -0.039956 0.070192
67.79399872 6.85300016 381.01800537 -0.998642 -0.032417 0.040782
67.80200195 7.15299988 381.01800537 -0.997557 -0.046074 0.052503
34.31800079 25.59799957 378.91799927 0.431829 -0.833823 0.343893
65.00800323 17.35300064 382.21798706 -0.864905 -0.455606 0.210625
65.16000366 17.05299950 382.21798706 -0.880885 -0.429376 0.199195
64.93299866 17.35300064 381.91799927 -0.852159 -0.470731 0.228554
65.08599854 17.05299950 381.91799927 -0.873509 -0.434515 0.219497
68.00000000 6.25299978 384.91799927 -0.999494 -0.023481 0.021440
65.01200104 17.05299950 381.61801147 -0.876085 -0.437301 0.203086
64.94799805 17.05299950 381.31799316 -0.864773 -0.464278 0.191348
64.85099792 17.35300064 381.61801147 -0.838876 -0.494800 0.226847
64.76399994 17.35300064 381.31799316 -0.840318 -0.502380 0.203668
64.69400024 17.35300064 381.01800537 -0.840209 -0.496833 0.217269
64.88700104 17.05299950 381.01800537 -0.848667 -0.475193 0.232283
64.62300110 17.35300064 380.71798706 -0.858367 -0.468881 0.208225
64.78700256 17.05299950 380.71798706 -0.849818 -0.460892 0.255711
67.81700134 6.25299978 380.71798706 -0.997827 -0.065688 0.005213
67.81999969 6.55299997 380.71798706 -0.997208 -0.074607 0.003152
67.82099915 6.25299978 381.01800537 -0.994800 -0.083177 0.058779
67.80500031 6.55299997 381.01800537 -0.995971 -0.073410 0.051497
64.27799988 17.95299911 380.71798706 -0.826129 -0.520721 0.215313
64.35500336 17.95299911 381.01800537 -0.846714 -0.491786 0.203031
64.51799774 17.65299988 381.01800537 -0.850238 -0.483055 0.209174
64.45200348 17.65299988 380.71798706 -0.854099 -0.484437 0.189303
64.38899994 17.65299988 380.41799927 -0.834349 -0.497548 0.237292
64.20500183 17.95299911 380.41799927 -0.820794 -0.518964 0.238692
64.10199738 17.95299911 380.11801147 -0.822055 -0.494481 0.282338
64.27500153 17.65299988 380.11801147 -0.813497 -0.509415 0.280570
63.83200073 18.55299950 380.41799927 -0.798175 -0.541003 0.265013
64.01200104 18.25300026 380.41799927 -0.836701 -0.498363 0.227083
63.92200089 18.25300026 380.11801147 -0.812778 -0.508965 0.283454
63.99300003 17.95299911 379.81799316 -0.822060 -0.501938 0.268840
64.17299652 17.65299988 379.81799316 -0.816855 -0.515007 0.259838
63.90100098 17.95299911 379.51800537 -0.836724 -0.506876 0.207290
64.09700012 17.65299988 379.51800537 -0.829280 -0.520006 0.204667
31.31800079 24.21999931 380.41799927 0.588230 -0.737313 0.332196
31.31800079 24.09000015 380.11801147 0.592563 -0.743513 0.309931
63.81100082 18.25300026 379.81799316 -0.820208 -0.510111 0.258932
63.73300171 18.25300026 379.51800537 -0.821748 -0.524878 0.221887
63.61899948 18.55299950 379.81799316 -0.797182 -0.547575 0.254287
63.52299881 18.55299950 379.51800537 -0.799333 -0.559071 0.220240
63.46200180 18.55299950 379.21798706 -0.798493 -0.561560 0.216932
63.64599991 18.25300026 379.21798706 -0.819179 -0.527164 0.225928
63.36399841 18.55299950 378.91799927 -0.780991 -0.563260 0.269797
63.56100082 18.25300026 378.91799927 -0.816823 -0.511876 0.266051
63.22200012 18.85300064 379.21798706 -0.795095 -0.559511 0.234034
63.14199829 18.85300064 378.91799927 -0.797812 -0.548008 0.251365
63.24200058 18.55299950 378.61801147 -0.778550 -0.559732 0.283830
63.46200180 18.25300026 378.61801147 -0.807991 -0.526679 0.264121
63.13600159 18.55299950 378.31799316 -0.791071 -0.552966 0.261602
63.36399841 18.25300026 378.31799316 -0.782140 -0.564966 0.262812
62.83200073 19.15299988 378.61801147 -0.769855 -0.562648 0.301248
63.04100037 18.85300064 378.61801147 -0.794509 -0.539637 0.278472
62.70299911 19.15299988 378.31799316 -0.776230 -0.571544 0.266091
62.93600082 18.85300064 378.31799316 -0.790978 -0.556034 0.255306
62.61700058 19.15299988 378.01800537 -0.754457 -0.599453 0.267302
62.85800171 18.85300064 378.01800537 -0.793139 -0.563424 0.231267
62.51800156 19.12299919 377.71798706 -0.735447 -0.617393 0.279183
62.76699829 18.85300064 377.71798706 -0.761546 -0.587388 0.273903
22.64999962 11.95300007 385.81799316 0.984263 -0.168562 0.053044
22.60700035 11.65299988 385.81799316 0.986233 -0.157564 0.050187
22.66200066 11.95300007 385.51800537 0.980536 -0.191353 0.043976
22.61100006 11.65299988 385.51800537 0.987860 -0.152243 0.030906
62.14199829 19.75300026 378.01800537 -0.762295 -0.584796 0.277342
62.38199997 19.45299911 378.01800537 -0.747129 -0.593544 0.299172
62.04299927 19.75300026 377.71798706 -0.771648 -0.575974 0.269840
62.25999832 19.45299911 377.71798706 -0.762204 -0.587895 0.270970
62.40599823 19.15299988 377.41799927 -0.750339 -0.611911 0.250113
62.29000092 19.15299988 377.11801147 -0.733836 -0.622407 0.272204
22.23200035 6.25299978 390.31799316 0.998762 -0.044690 0.021825
61.93500137 19.75300026 377.41799927 -0.757526 -0.589187 0.281094
62.15700150 19.45299911 377.41799927 -0.758791 -0.590874 0.274052
62.04700089 19.45299911 377.11801147 -0.764711 -0.588118 0.263313
61.95500183 19.45299911 376.81799316 -0.740662 -0.606287 0.289546
61.82400131 19.75300026 377.11801147 -0.747731 -0.601054 0.282193
61.69499969 19.75300026 376.81799316 -0.728813 -0.602766 0.324815
67.91000366 6.25299978 382.51800537 -0.999948 -0.008902 -0.004945
61.55899811 19.75300026 376.51800537 -0.729576 -0.603396 0.321919
61.80699921 19.45299911 376.51800537 -0.718680 -0.625429 0.303871
67.90499878 6.55299997 382.51800537 -0.998645 -0.048943 0.017703
67.90599823 6.25299978 382.81799316 -0.999776 0.002996 0.020974
67.89199829 6.55299997 382.81799316 -0.999225 -0.027842 0.027842
61.45999908 20.05299950 376.81799316 -0.722374 -0.622625 0.300855
61.32500076 20.05299950 376.51800537 -0.719032 -0.611907 0.329489
61.01800156 20.50799942 376.81799316 -0.685276 -0.672497 0.279542
61.18199921 20.35300064 376.81799316 -0.687603 -0.668370 0.283696
61.04499817 20.35300064 376.51800537 -0.686283 -0.663782 0.297336
60.71799850 20.56999969 376.21798706 -0.692196 -0.666618 0.276559
60.91699982 20.35300064 376.21798706 -0.704871 -0.647068 0.290619
61.18999863 20.05299950 376.21798706 -0.726630 -0.627617 0.279473
60.79700089 20.35300064 375.91799927 -0.696503 -0.651463 0.300799
61.01800156 20.11199951 375.91799927 -0.702592 -0.651378 0.286478
22.56399918 11.35299969 385.81799316 0.974108 -0.214967 0.070018
22.47200012 11.05300045 385.81799316 0.976777 -0.197813 0.082320
22.57200050 11.35299969 385.51800537 0.981611 -0.187366 0.036531
22.50699997 11.05300045 385.51800537 0.978510 -0.201915 0.041817
60.11800003 21.14200020 376.21798706 -0.636425 -0.713373 0.293365
60.33700180 20.95299911 376.21798706 -0.653809 -0.701766 0.282944
60.11800003 21.02499962 375.91799927 -0.629654 -0.713393 0.307580
60.41799927 20.75099945 375.91799927 -0.665217 -0.678165 0.312377
60.41799927 20.59499931 375.61801147 -0.656191 -0.659480 0.366743
60.65900040 20.35300064 375.61801147 -0.668512 -0.655436 0.351418
60.48099899 20.35300064 375.31799316 -0.654054 -0.673626 0.344153
22.43799973 10.75300026 385.81799316 0.986997 -0.148342 0.061906
22.38899994 10.45300007 385.81799316 0.987531 -0.149345 0.049782
67.94300079 5.65299988 383.11801147 -0.998366 -0.034790 0.045332
22.44499969 10.75300026 385.51800537 0.984141 -0.172020 0.043298
67.93699646 5.65299988 383.41799927 -0.999775 -0.021016 0.003002
22.38500023 10.45300007 385.51800537 0.988036 -0.151567 0.028490
67.92700195 5.95300007 383.41799927 -0.999414 0.007102 0.033483
22.57799911 11.35299969 385.21798706 0.981201 -0.186726 0.048763
22.51300049 11.05300045 385.21798706 0.981087 -0.190078 0.036599
22.58300018 11.35299969 384.91799927 0.977633 -0.201811 0.059214
22.53100014 11.05300045 384.91799927 0.982610 -0.180479 0.043645
67.91300201 5.95300007 383.11801147 -0.998858 -0.021782 0.042527
60.17599869 20.65299988 375.31799316 -0.654751 -0.671079 0.347785
67.92099762 6.25299978 383.11801147 -0.998605 0.005153 0.052558
67.92700195 6.25299978 383.41799927 -0.997680 0.026562 0.062687
67.93299866 6.55299997 383.41799927 -0.997752 -0.028689 0.060566
59.81800079 21.15299988 375.61801147 -0.644734 -0.696442 0.315096
60.04100037 20.95299911 375.61801147 -0.637370 -0.689533 0.343952
59.81800079 21.00699997 375.31799316 -0.667038 -0.683111 0.297354
59.51800156 21.44400024 375.61801147 -0.642931 -0.704162 0.301323
59.56999969 21.25300026 375.31799316 -0.661850 -0.693900 0.283650
59.81800079 20.89599991 375.01800537 -0.680107 -0.650750 0.337607
59.56399918 20.95299911 374.71798706 -0.661773 -0.671529 0.333325
59.81800079 20.71699905 374.71798706 -0.674165 -0.670932 0.308790
67.91799927 6.55299997 383.11801147 -0.997922 -0.009405 0.063742
58.91799927 21.70499992 375.01800537 -0.594998 -0.736895 0.320880
59.21799850 21.46800041 375.01800537 -0.606238 -0.725870 0.324944
59.46500015 21.25300026 375.01800537 -0.655158 -0.681169 0.326766
59.27799988 21.25300026 374.71798706 -0.615730 -0.668839 0.416572
58.91799927 21.53000069 374.71798706 -0.596689 -0.705177 0.382998
67.93399811 5.65299988 383.71798706 -0.999999 -0.000979 -0.000979
43.01800156 25.34000015 371.71798706 0.150978 -0.942590 0.297875
43.01800156 25.46299934 372.01800537 0.154108 -0.911924 0.380322
42.71799850 25.45299911 372.15701294 0.220328 -0.864825 0.451148
67.92500305 5.95300007 383.71798706 -0.998393 0.041116 0.039008
67.93599701 5.65299988 384.01800537 -0.999034 0.021696 0.038226
42.71799850 25.75300026 372.80398560 0.248267 -0.900518 0.356975
42.71799850 25.68000031 372.61801147 0.108461 -0.918482 0.380298
43.01800156 25.58099937 372.31799316 0.099554 -0.920536 0.377761
42.71799850 25.54299927 372.31799316 0.180800 -0.898214 0.400653
67.94999695 5.95300007 384.01800537 -0.997537 0.062946 0.030940
42.41799927 25.59900093 372.61801147 0.138882 -0.913257 0.382979
42.11800003 25.59399986 372.61801147 0.097036 -0.917054 0.386776
42.41799927 25.47100067 372.31799316 0.117617 -0.888502 0.443543
42.11800003 25.45999908 372.31799316 0.046875 -0.906687 0.419192
41.81800079 25.56699944 372.61801147 0.098958 -0.925870 0.364654
41.51800156 25.53899956 372.61801147 0.144028 -0.918700 0.367760
42.41799927 25.92700005 373.21798706 0.135866 -0.885274 0.444782
42.11800003 25.85899925 373.21798706 0.203340 -0.871243 0.446753
42.41799927 25.75900078 372.91799927 0.147227 -0.893365 0.424527
42.11800003 25.68099976 372.91799927 0.143670 -0.897580 0.416784
41.81800079 25.78899956 373.21798706 0.169013 -0.894177 0.414586
41.51800156 25.72299957 373.21798706 0.136427 -0.907171 0.398030
41.81800079 25.66399956 372.91799927 0.130325 -0.928738 0.347076
41.51800156 25.62199974 372.91799927 0.158997 -0.933244 0.322142
41.51800156 26.02499962 373.81799316 0.099665 -0.888566 0.447792
41.81800079 25.92000008 373.51800537 0.184636 -0.891196 0.414341
41.51800156 25.86599922 373.51800537 0.111180 -0.890844 0.440496
41.21799850 25.68400002 373.21798706 0.075065 -0.904878 0.419001
40.91799927 25.71800041 373.21798706 0.081102 -0.900369 0.427503
41.21799850 25.55699921 372.91799927 0.119422 -0.923807 0.363757
40.91799927 25.52499962 372.91799927 0.143761 -0.869829 0.471944
40.01800156 25.96400070 374.41799927 0.238700 -0.903544 0.355853
39.71799850 25.87800026 374.41799927 0.199474 -0.923804 0.326797
40.01800156 25.86499977 374.11801147 0.174780 -0.939959 0.293135
39.71799850 25.81699944 374.11801147 0.240925 -0.906753 0.346055
38.81800079 26.04000092 375.31799316 0.231867 -0.890545 0.391367
38.51800156 25.95100021 375.31799316 0.281421 -0.883392 0.374727
38.81800079 26.18300056 375.61801147 0.253871 -0.878784 0.404090
38.51800156 26.07900047 375.61801147 0.305907 -0.872063 0.382003
38.81800079 26.41900063 376.21798706 0.308058 -0.888110 0.341118
38.51800156 26.29800034 376.21798706 0.300503 -0.880368 0.366946
38.81800079 26.31200027 375.91799927 0.288065 -0.891062 0.350753
38.51800156 26.20999908 375.91799927 0.313596 -0.889774 0.331602
43.31800079 25.50300026 372.01800537 0.049048 -0.921298 0.385752
43.61800003 25.49900055 372.01800537 -0.011738 -0.911639 0.410824
43.31800079 25.38299942 371.71798706 0.034022 -0.951359 0.306199
43.61800003 25.34099960 371.71798706 -0.065625 -0.950922 0.302391
30.71800041 23.58099937 380.11801147 0.596649 -0.741389 0.307170
34.61800003 26.41399956 380.41799927 0.466237 -0.813131 0.348485
34.31800079 26.24600029 380.41799927 0.468866 -0.819331 0.329942
34.61800003 26.29400063 380.11801147 0.446806 -0.832469 0.327657
34.31800079 26.13899994 380.11801147 0.466666 -0.824914 0.318967
22.46100044 10.75300026 385.21798706 0.981696 -0.182060 0.055927
22.40399933 10.45300007 385.21798706 0.985868 -0.159839 0.050168
22.47800064 10.75300026 384.91799927 0.984640 -0.163910 0.060140
22.43000031 10.45300007 384.91799927 0.984062 -0.168933 0.055523
67.95099640 5.65299988 384.31799316 -0.997679 0.030878 0.060691
67.96199799 5.95300007 384.31799316 -0.998308 0.041113 0.041113
67.97699738 5.65299988 384.61801147 -0.998642 0.032417 0.040782
67.98000336 5.95300007 384.61801147 -0.998575 0.038769 0.036674
51.41799927 27.83499908 379.51800537 -0.350740 -0.846453 0.400623
67.96800232 6.55299997 384.61801147 -0.996802 -0.077825 0.018124
48.41799927 26.58099937 375.01800537 -0.169497 -0.888049 0.427364
67.98000336 6.25299978 384.61801147 -0.999584 -0.009115 0.027344
48.11800003 26.60499954 375.01800537 -0.104849 -0.924575 0.366290
67.97699738 6.55299997 384.31799316 -0.997329 -0.072667 -0.007372
48.41799927 26.40500069 374.71798706 -0.196109 -0.880279 0.432030
48.11800003 26.48200035 374.71798706 -0.158888 -0.900364 0.405092
31.01799965 23.96800041 380.41799927 0.631280 -0.708778 0.314833
67.98000336 6.25299978 384.31799316 -0.999757 0.011053 0.019091
30.71800041 23.69300079 380.41799927 0.622883 -0.725363 0.293027
22.31100082 9.85299969 385.21798706 0.989309 -0.144859 0.016844
53.21799850 26.62100029 378.31799316 -0.344095 -0.859467 0.378042
31.01799965 23.81500053 380.11801147 0.629477 -0.707150 0.322020
22.36300087 10.15299988 385.21798706 0.987105 -0.155495 0.038010
52.91799927 26.50799942 377.71798706 -0.359096 -0.853437 0.377751
53.21799850 26.38899994 377.71798706 -0.363820 -0.847872 0.385680
22.37000084 10.15299988 384.91799927 0.981487 -0.185879 0.046174
52.91799927 26.63100052 378.01800537 -0.323932 -0.884410 0.335986
53.21799850 26.50099945 378.01800537 -0.364072 -0.864862 0.345638
53.51800156 26.23600006 377.71798706 -0.384376 -0.839351 0.384376
22.31800079 9.85299969 384.91799927 0.986983 -0.160143 0.014765
53.81800079 26.11000061 377.71798706 -0.354496 -0.856055 0.376169
53.81800079 26.24500084 378.01800537 -0.372516 -0.857869 0.353967
53.51800156 26.37199974 378.01800537 -0.381421 -0.851580 0.359625
67.96299744 5.65299988 384.91799927 -0.999443 0.033348 0.001011
67.99500275 5.95300007 384.91799927 -0.999134 0.040048 0.011295
67.96800232 5.65299988 385.21798706 -0.999217 0.037919 0.011273
67.98899841 5.95300007 385.21798706 -0.999217 0.037919 0.011273
64.31800079 -7.24700022 385.17098999 -0.850564 0.416761 -0.320704
64.43599701 -7.24700022 384.91799927 -0.831389 0.402285 -0.383354
64.31800079 -7.48199987 384.91799927 -0.830452 0.387544 -0.400199
55.31800079 24.84099960 376.51800537 -0.439904 -0.837539 0.324057
55.61800003 24.65800095 376.51800537 -0.485406 -0.799397 0.354042
55.61800003 24.79800034 376.81799316 -0.467737 -0.806167 0.362376
55.61800003 24.39999962 375.91799927 -0.470803 -0.816376 0.334476
55.31800079 24.58699989 375.91799927 -0.438782 -0.822122 0.362748
55.61800003 24.52599907 376.21798706 -0.485736 -0.804251 0.342404
55.31800079 24.72400093 376.21798706 -0.463374 -0.810506 0.358279
22.38500023 10.15299988 384.61801147 0.977382 -0.202259 0.061768
22.31900024 9.85299969 384.61801147 0.983029 -0.176259 0.050867
55.91799927 24.36400032 376.21798706 -0.448209 -0.828794 0.334977
22.41600037 10.15299988 384.31799316 0.978409 -0.201894 0.044202
22.34700012 9.85299969 384.31799316 0.983496 -0.169650 0.062877
22.27499962 9.55300045 385.21798706 0.992816 -0.118166 0.018774
22.23399925 9.25300026 385.21798706 0.994296 -0.104143 0.023021
22.27899933 9.55300045 384.91799927 0.992565 -0.121472 0.007660
22.25300026 9.25300026 384.91799927 0.995509 -0.093632 0.013991
67.95700073 5.35300016 386.11801147 -0.993437 0.114251 -0.005441
67.94899750 5.35300016 386.41799927 -0.991465 0.128255 -0.023420
57.41799927 22.71500015 374.71798706 -0.575702 -0.735528 0.357163
57.11800003 22.93799973 374.71798706 -0.519222 -0.774790 0.360706
57.41799927 22.86400032 375.01800537 -0.557846 -0.746505 0.362681
67.91100311 5.05299997 386.11801147 -0.997340 0.072515 -0.007357
67.91500092 5.05299997 386.41799927 -0.998581 0.050916 -0.015587
22.27199936 9.55300045 384.61801147 0.991493 -0.126597 0.030249
22.24200058 9.25300026 384.61801147 0.995437 -0.094032 0.016212
22.29899979 9.55300045 384.31799316 0.987651 -0.139419 0.071467
22.26000023 9.25300026 384.31799316 0.992565 -0.109532 0.053072
67.90899658 5.05299997 386.71798706 -0.997596 0.068328 -0.011563
67.91400146 7.15299988 384.61801147 -0.996348 -0.053473 0.066569
67.95200348 5.35300016 386.71798706 -0.992565 0.121472 0.007660
67.91799927 5.05299997 387.01800537 -0.996990 0.077179 -0.007401
67.95200348 5.35300016 387.01800537 -0.994233 0.107105 0.005409
67.91000366 7.15299988 384.31799316 -0.997220 -0.074451 -0.003146
67.92500305 5.05299997 387.31799316 -0.994675 0.102600 0.009720
67.93900299 5.35300016 387.31799316 -0.995717 0.092452 -0.001063
67.93499756 5.05299997 387.61801147 -0.994848 0.100676 0.011908
67.96600342 5.35300016 387.61801147 -0.997389 0.072214 0.001047
22.22800064 8.95300007 384.61801147 0.995265 -0.096177 0.014048
22.20499992 8.65299988 384.61801147 0.995154 -0.096585 0.018449
22.22699928 8.95300007 384.31799316 0.995090 -0.096790 0.020663
22.19599915 8.65299988 384.31799316 0.995252 -0.097280 0.003207
47.81800079 25.44499969 372.31799316 -0.145807 -0.904570 0.400616
47.81800079 25.32299995 372.01800537 -0.156631 -0.912973 0.376760
47.81800079 25.19799995 371.71798706 -0.171512 -0.930068 0.324896
48.06200027 25.15299988 371.71798706 -0.141155 -0.933270 0.330276
48.41799927 25.20700073 372.01800537 -0.153170 -0.917617 0.366766
48.11800003 25.27199936 372.01800537 -0.153407 -0.916219 0.370147
48.41799927 25.11499977 371.71798706 -0.151379 -0.939642 0.306850
48.11800003 25.14699936 371.71798706 -0.138238 -0.934818 0.327118
48.41799927 25.02099991 371.41799927 -0.177721 -0.966439 0.185504
48.11800003 25.05900002 371.41799927 -0.158504 -0.977234 0.141031
48.41799927 25.01399994 371.11801147 -0.320597 -0.940328 -0.114020
67.92299652 6.85300016 384.61801147 -0.995898 -0.087587 0.022708
23.62899971 12.85299969 378.91799927 0.911590 -0.395439 0.112388
23.75099945 13.15299988 378.91799927 0.908259 -0.400415 0.121380
23.58600044 12.85299969 379.21798706 0.918738 -0.382009 0.099952
23.73699951 13.15299988 379.21798706 0.911597 -0.398565 0.100676
67.94100189 6.85300016 384.31799316 -0.994785 -0.101947 -0.003219
67.82599640 4.45300007 389.11801147 -0.989010 0.139313 -0.049508
67.88200378 4.75299978 389.11801147 -0.985868 0.159839 -0.050168
67.80999756 4.45300007 389.41799927 -0.989010 0.139313 -0.049508
67.85800171 4.75299978 389.41799927 -0.986706 0.152969 -0.054882
23.42600060 12.25300026 378.31799316 0.917435 -0.348483 0.192021
23.40500069 12.25300026 378.61801147 0.949158 -0.297024 0.104289
23.44000053 11.95300007 377.71798706 0.913969 -0.403104 0.046563
23.31800079 11.65299988 378.01800537 0.962216 -0.271957 -0.013415
23.42499924 11.95300007 378.01800537 0.935218 -0.339470 0.100633
23.51799965 12.12699986 377.71798706 0.911871 -0.403615 0.074744
23.25499916 11.35299969 378.01800537 0.886120 -0.458908 -0.064771
67.96600342 6.55299997 384.01800537 -0.997261 -0.071157 0.020179
60.11800003 -11.69299984 387.01800537 -0.680299 0.689770 -0.247812
60.43199921 -11.44699955 387.01800537 -0.687207 0.705574 -0.172950
67.97699738 6.25299978 384.01800537 -0.998801 0.038536 0.030204
67.80300140 4.45300007 389.71798706 -0.988690 0.141570 -0.049492
60.71799850 -11.11499977 387.01800537 -0.651254 0.747070 -0.133245
61.01800156 -10.94499969 387.01800537 -0.531208 0.753498 -0.387373
61.01800156 -10.84700012 387.15100098 -0.673256 0.495288 -0.549014
67.84500122 4.75299978 389.71798706 -0.989006 0.140959 -0.044694
67.79000092 4.45300007 390.01800537 -0.988699 0.148361 -0.021518
33.71799850 26.51799965 381.91799927 0.460459 -0.800590 0.383449
67.82900238 4.75299978 390.01800537 -0.992678 0.116982 -0.030081
67.96199799 6.55299997 383.71798706 -0.997896 -0.043665 0.047925
22.12800026 7.75299978 384.01800537 0.996891 -0.078785 -0.001050
22.10400009 7.45300007 384.01800537 0.996897 -0.077501 0.013802
22.12599945 7.75299978 383.71798706 0.996286 -0.085942 0.005305
22.10199928 7.45300007 383.71798706 0.996696 -0.081212 -0.001055
67.97799683 6.25299978 383.71798706 -0.997747 0.032939 0.058441
67.55699921 3.85299993 392.11801147 -0.979337 0.186135 -0.079077
67.60199738 4.15299988 392.11801147 -0.977859 0.199934 -0.061798
67.52799988 3.85299993 392.41799927 -0.979147 0.195829 -0.054063
67.60199738 4.15299988 392.41799927 -0.969759 0.242742 -0.025361
67.60800171 3.85299993 391.51800537 -0.973505 0.215923 -0.075265
67.66000366 4.15299988 391.51800537 -0.980434 0.171728 -0.096217
67.59799957 3.85299993 391.81799316 -0.979718 0.185287 -0.076295
67.62899780 4.15299988 391.81799316 -0.981012 0.177379 -0.078433
64.42199707 -3.04699993 395.11801147 -0.824800 0.518752 -0.224946
64.34200287 -3.04699993 395.41799927 -0.836002 0.500992 -0.223848
22.07900047 7.15299988 384.01800537 0.997957 -0.061913 0.015741
22.07200050 6.85300016 384.01800537 0.998645 -0.048943 0.017703
22.09199905 7.15299988 383.71798706 0.998254 -0.057491 -0.013589
22.06599998 6.85300016 383.71798706 0.998380 -0.053317 -0.019863
23.54199982 12.55300045 378.61801147 0.902113 -0.413877 0.122059
23.58900070 12.55300045 378.31799316 0.882706 -0.422933 0.204835
22.05900002 6.55299997 384.01800537 0.997655 -0.068046 0.007328
22.02499962 6.25299978 384.01800537 0.998835 -0.048149 0.003073
22.04899979 6.55299997 383.71798706 0.996975 -0.073731 -0.024577
22.02599907 6.25299978 383.71798706 0.998502 -0.049141 -0.024048
22.65699959 10.75300026 382.21798706 0.977446 -0.200346 0.066782
22.60499954 10.45300007 382.21798706 0.977182 -0.204639 0.056911
22.67799950 10.75300026 381.91799927 0.972305 -0.223618 0.067950
22.61800003 10.45300007 381.91799927 0.977964 -0.199461 0.061652
22.07399940 7.15299988 383.41799927 0.998031 -0.061658 -0.011496
22.05900002 6.85300016 383.41799927 0.997461 -0.068900 -0.018020
22.07999992 7.15299988 383.11801147 0.997628 -0.068187 0.009441
22.06100082 6.85300016 383.11801147 0.997678 -0.067905 -0.005223
60.11800003 -9.16499996 393.31799316 -0.662066 0.703346 -0.258793
45.11800003 -14.02700043 396.31799316 0.050169 0.896264 -0.440674
45.41799927 -14.01099968 396.31799316 0.006604 0.891483 -0.453006
60.11800003 -9.06400013 393.61801147 -0.679518 0.679518 -0.276604
45.11800003 -13.85599995 396.61801147 0.025108 0.905221 -0.424199
45.41799927 -13.85700035 396.61801147 -0.009179 0.900850 -0.434034
27.25200081 -5.74700022 393.91799927 0.778447 0.574829 -0.252173
27.31900024 -5.74700022 394.21798706 0.819935 0.538035 -0.195511
31.91799927 25.01600075 381.31799316 0.557999 -0.769047 0.311776
32.21799850 25.23200035 381.31799316 0.564566 -0.760797 0.320082
31.91799927 25.13899994 381.61801147 0.563511 -0.754039 0.337461
32.21799850 25.37899971 381.61801147 0.569887 -0.750700 0.334183
42.71799850 -14.44799995 395.11801147 0.099406 0.921893 -0.374476
43.01800156 -14.47099972 395.11801147 0.069087 0.911684 -0.405042
42.71799850 -14.29899979 395.41799927 0.099910 0.885116 -0.454519
22.53499985 9.55300045 379.81799316 0.961944 -0.261190 0.080268
22.44899940 9.25300026 379.81799316 0.972501 -0.221192 0.072907
43.01800156 -14.32400036 395.41799927 0.061274 0.897328 -0.437090
22.55999947 9.55300045 379.51800537 0.960772 -0.248319 0.123509
22.48999977 9.25300026 379.51800537 0.963176 -0.239178 0.122821
31.91799927 24.04800034 378.91799927 0.565697 -0.764412 0.309291
31.91799927 24.18400002 379.21798706 0.572881 -0.741661 0.348922
42.11800003 -14.30900002 395.11801147 0.190592 0.909967 -0.368286
42.41799927 -14.41300011 395.11801147 0.190381 0.896678 -0.399654
53.51800156 -12.24400043 396.31799316 -0.351890 0.854147 -0.382893
53.81800079 -12.11499977 396.31799316 -0.354374 0.858854 -0.369849
42.11800003 -14.19099998 395.41799927 0.190186 0.877216 -0.440819
42.41799927 -14.25000000 395.41799927 0.167340 0.880355 -0.443815
58.01800156 -11.64999962 391.51800537 -0.533937 0.777656 -0.331907
53.51800156 -12.08800030 396.61801147 -0.341968 0.855694 -0.388389
57.71799850 -11.73200035 391.81799316 -0.554812 0.763872 -0.329671
53.81800079 -11.98999977 396.61801147 -0.339827 0.865712 -0.367505
58.01800156 -11.49899960 391.81799316 -0.532395 0.781806 -0.324553
42.11800003 -14.58500004 394.51800537 0.130938 0.905304 -0.404078
42.41799927 -14.62100029 394.51800537 0.110729 0.925476 -0.362262
42.11800003 -14.45699978 394.81799316 0.184096 0.911917 -0.366765
42.41799927 -14.49499989 394.81799316 0.162137 0.917835 -0.362340
31.31800079 23.05500031 377.71798706 0.572814 -0.758938 0.309672
31.61800003 23.29999924 377.71798706 0.613797 -0.720685 0.322284
31.31800079 23.17799950 378.01800537 0.582341 -0.746880 0.321013
31.61800003 23.43899918 378.01800537 0.618804 -0.713005 0.329704
41.51800156 -14.22599983 395.11801147 0.090351 0.926436 -0.365450
41.81800079 -14.28600025 395.11801147 0.164788 0.919712 -0.356336
31.31800079 22.82699966 377.11801147 0.571146 -0.763128 0.302371
31.61800003 23.03199959 377.11801147 0.554421 -0.771716 0.311562
31.31800079 22.94599915 377.41799927 0.571984 -0.761043 0.306019
31.01799965 22.59000015 377.11801147 0.609944 -0.729036 0.310605
31.01799965 22.70700073 377.41799927 0.614057 -0.732700 0.293401
56.51800156 -12.96100044 390.91799927 -0.496573 0.799945 -0.336903
22.04100037 6.55299997 383.41799927 0.996674 -0.078318 -0.022530
22.01300049 6.25299978 383.41799927 0.998522 -0.045054 -0.030385
22.03199959 6.55299997 383.11801147 0.996039 -0.088608 -0.007473
22.00600052 6.25299978 383.11801147 0.999020 -0.042183 -0.013375
55.31800079 -13.65799999 390.91799927 -0.431621 0.836559 -0.337449
54.11800003 -14.48400021 390.31799316 -0.354908 0.857049 -0.373506
54.41799927 -14.36999989 390.31799316 -0.383824 0.841281 -0.380691
54.11800003 -14.36400032 390.61801147 -0.384982 0.866594 -0.317495
54.41799927 -14.23799992 390.61801147 -0.388621 0.864797 -0.317963
22.01300049 5.95300007 383.41799927 0.999680 0.003014 -0.025118
22.01199913 5.65299988 383.41799927 0.999780 -0.000999 -0.020974
22.00499916 5.95300007 383.11801147 0.999952 0.006937 -0.006937
22.01399994 5.65299988 383.11801147 0.999984 -0.002956 -0.004926
22.00799942 5.35300016 383.41799927 0.999642 -0.013167 -0.023295
22.01499939 5.05299997 383.41799927 0.999780 0.000999 -0.020974
22.00900078 5.35300016 383.11801147 0.999769 -0.017081 -0.013062
21.99500084 5.05299997 383.11801147 0.999681 0.003008 -0.025067
49.01800156 25.93899918 373.81799316 -0.165924 -0.867795 0.468404
48.71799850 25.97900009 373.81799316 -0.174761 -0.873804 0.453790
49.01800156 25.76399994 373.51800537 -0.161863 -0.900992 0.402510
48.71799850 25.82099915 373.51800537 -0.225335 -0.893975 0.387340
22.00399971 5.35300016 382.81799316 0.999624 -0.021312 -0.017252
21.99699974 5.05299997 382.81799316 0.999591 -0.013193 -0.025370
21.99300003 5.35300016 382.51800537 0.999034 -0.030023 -0.032093
21.99399948 5.05299997 382.51800537 0.998991 -0.019669 -0.040374
67.90399933 7.15299988 384.01800537 -0.996990 -0.077179 -0.007401
67.91699982 7.15299988 383.71798706 -0.997804 -0.065824 -0.007314
21.99699974 4.75299978 382.81799316 0.999003 -0.007172 -0.044059
21.99200058 4.45300007 382.81799316 0.997858 0.001038 -0.065416
21.97699928 4.75299978 382.51800537 0.998496 -0.024098 -0.049244
21.96699905 4.45300007 382.51800537 0.998417 -0.011428 -0.055064
62.78799820 -4.84700012 396.61801147 -0.776308 0.545817 -0.315325
62.88499832 -4.84700012 396.31799316 -0.810129 0.527128 -0.256567
62.67499924 -5.14699984 396.31799316 -0.774424 0.591294 -0.225033
62.97700119 -4.84700012 396.01800537 -0.781430 0.579470 -0.231477
62.73899841 -5.14699984 396.01800537 -0.766112 0.593776 -0.245971
63.06299973 -4.84700012 395.71798706 -0.785474 0.558804 -0.266022
62.86199951 -5.14699984 395.71798706 -0.762605 0.592085 -0.260517
62.96400070 -5.14699984 395.41799927 -0.765066 0.603015 -0.225936
63.02899933 -5.14699984 395.11801147 -0.778784 0.590642 -0.211274
21.95700073 4.15299988 382.21798706 0.998516 0.045148 -0.030449
21.99099922 3.85299993 382.21798706 0.998373 0.034717 -0.045237
63.18000031 -4.84700012 395.41799927 -0.798491 0.557554 -0.227037
63.24399948 -4.84700012 395.11801147 -0.803446 0.554577 -0.216608
63.55599976 -4.24700022 395.41799927 -0.811545 0.541542 -0.219378
63.37099838 -4.54699993 395.41799927 -0.827527 0.523848 -0.201947
63.65299988 -4.24700022 395.11801147 -0.798544 0.545385 -0.254721
63.43899918 -4.54699993 395.11801147 -0.805595 0.538615 -0.246801
21.96899986 4.15299988 381.91799927 0.997963 0.058082 -0.026401
21.96699905 3.85299993 381.91799927 0.998945 0.045917 -0.001020
63.34400177 -4.84700012 394.81799316 -0.788844 0.560782 -0.251493
63.43199921 -4.84700012 394.51800537 -0.802346 0.551903 -0.227254
33.11800003 -11.66100025 393.31799316 0.520730 0.791446 -0.320082
63.20500183 -5.14699984 394.51800537 -0.784038 0.575996 -0.231330
63.74200058 -4.24700022 394.81799316 -0.825244 0.527366 -0.202132
63.80899811 -4.24700022 394.51800537 -0.803009 0.545176 -0.240747
63.54700089 -4.54699993 394.81799316 -0.810630 0.535788 -0.236241
63.61199951 -4.54699993 394.51800537 -0.827633 0.519748 -0.211862
63.70000076 -4.54699993 394.21798706 -0.812078 0.537790 -0.226519
63.91600037 -4.24700022 394.21798706 -0.793950 0.560892 -0.234612
63.98799896 -4.24700022 393.91799927 -0.821880 0.537325 -0.189199
63.77899933 -4.54699993 393.91799927 -0.803145 0.549357 -0.230575
67.23999786 9.25300026 378.31799316 -0.964894 -0.221472 0.141172
67.15899658 9.55300045 378.31799316 -0.962299 -0.228497 0.147544
67.24500275 9.25300026 378.61801147 -0.972960 -0.197613 0.119575
67.19100189 9.55300045 378.61801147 -0.965469 -0.230118 0.122130
63.77099991 -4.84700012 393.31799316 -0.832305 0.513937 -0.207697
64.05400085 -4.24700022 393.61801147 -0.842002 0.505801 -0.187612
63.87200165 -4.54699993 393.61801147 -0.825365 0.519107 -0.222037
64.12599945 -4.24700022 393.31799316 -0.843212 0.496273 -0.206655
63.94100189 -4.54699993 393.31799316 -0.839554 0.504938 -0.200468
64.20200348 -4.24700022 393.01800537 -0.846609 0.486157 -0.216574
64.02200317 -4.54699993 393.01800537 -0.829104 0.510336 -0.228349
64.27899933 -4.24700022 392.71798706 -0.850693 0.474629 -0.225942
22.82699966 -1.84700000 383.71798706 0.940812 0.154299 -0.301770
64.10500336 -4.54699993 392.71798706 -0.831459 0.503775 -0.234279
64.19599915 -4.54699993 392.41799927 -0.845972 0.494360 -0.199848
64.24199677 -4.54699993 392.11801147 -0.868304 0.480797 -0.121993
64.27100372 -4.54699993 391.81799316 -0.835795 0.513525 -0.194266
64.35800171 -4.24700022 392.41799927 -0.855576 0.479302 -0.195603
64.41699982 -4.24700022 392.11801147 -0.839134 0.517193 -0.168423
64.83499908 -3.64700007 391.81799316 -0.880301 0.455229 -0.133553
64.66799927 -3.94700003 391.81799316 -0.851834 0.497518 -0.163871
64.87999725 -3.64700007 391.51800537 -0.858142 0.477406 -0.188880
64.72200012 -3.94700003 391.51800537 -0.864217 0.478171 -0.156466
64.48699951 -4.24700022 391.81799316 -0.821613 0.533061 -0.201986
64.55699921 -4.24700022 391.51800537 -0.851857 0.496300 -0.167409
64.37100220 -4.54699993 391.51800537 -0.830634 0.509394 -0.224868
27.63199997 -5.44700003 395.71798706 0.752082 0.567700 -0.334798
21.98299980 3.55299997 382.21798706 0.998304 -0.030571 -0.049546
21.95000076 3.25300002 382.21798706 0.998195 0.009368 -0.059330
21.97100067 3.55299997 381.91799927 0.999344 -0.033686 0.013270
64.78399658 -3.94700003 391.21798706 -0.843789 0.492337 -0.213598
64.86399841 -3.94700003 390.91799927 -0.854038 0.483107 -0.192944
21.96999931 3.25300002 381.91799927 0.995776 -0.069166 -0.060383
64.96600342 -3.64700007 391.21798706 -0.845911 0.488782 -0.213369
65.02999878 -3.64700007 390.91799927 -0.856642 0.482511 -0.182612
64.60399628 -4.24700022 391.21798706 -0.852221 0.483774 -0.199201
64.43800354 -4.54699993 391.21798706 -0.850157 0.487303 -0.199420
64.69200134 -4.24700022 390.91799927 -0.849547 0.481360 -0.215782
64.52799988 -4.54699993 390.91799927 -0.842494 0.490316 -0.223147
27.41799927 -5.14699984 395.71798706 0.755546 0.583032 -0.298704
43.61800003 -15.34899998 393.01800537 0.085941 0.912611 -0.399694
43.61800003 -15.46899986 392.71798706 0.052540 0.903965 -0.424365
43.31800079 -15.49100018 392.71798706 0.039104 0.891303 -0.451719
43.31800079 -15.31200027 393.01800537 0.019490 0.921240 -0.388506
43.61800003 -15.08500004 393.61801147 0.106475 0.934017 -0.340990
43.31800079 -15.06200027 393.61801147 0.046157 0.924455 -0.378486
43.61800003 -15.23200035 393.31799316 0.109370 0.912337 -0.394562
43.31800079 -15.20100021 393.31799316 0.030052 0.921145 -0.388057
65.09600067 -3.64700007 390.61801147 -0.847464 0.484913 -0.216020
64.92199707 -3.94700003 390.61801147 -0.850238 0.483055 -0.209174
65.17700195 -3.64700007 390.31799316 -0.874905 0.458561 -0.155765
65.01399994 -3.94700003 390.31799316 -0.852727 0.484061 -0.196322
64.95600128 -4.24700022 389.71798706 -0.873692 0.444977 -0.196618
44.21799850 -15.15799999 393.61801147 0.077440 0.943713 -0.321571
43.91799927 -15.13700008 393.61801147 0.082860 0.943027 -0.322234
44.21799850 -15.26200008 393.31799316 0.079865 0.919124 -0.385788
43.91799927 -15.25599957 393.31799316 0.068409 0.921509 -0.382285
67.94200134 6.85300016 384.01800537 -0.995265 -0.096177 0.014048
65.20400238 -3.64700007 390.01800537 -0.875310 0.462890 -0.139877
65.05599976 -3.94700003 390.01800537 -0.881916 0.453107 -0.130072
65.26599884 -3.64700007 389.71798706 -0.866639 0.469368 -0.169208
65.10199738 -3.94700003 389.71798706 -0.881968 0.434402 -0.182829
44.81800079 -15.18400002 393.61801147 -0.048647 0.926923 -0.372084
44.51800156 -15.18400002 393.61801147 0.039969 0.939905 -0.339088
44.81800079 -15.31299973 393.31799316 -0.003920 0.900351 -0.435148
67.92299652 6.85300016 383.71798706 -0.997940 -0.063743 0.007315
44.51800156 -15.30900002 393.31799316 0.085820 0.914054 -0.396408
58.01800156 21.45400047 372.31799316 -0.366048 -0.902725 -0.226046
57.91500092 21.55299950 372.31799316 -0.531672 -0.815230 -0.229621
57.71799850 21.69799995 372.31799316 -0.495574 -0.824921 -0.271867
58.01800156 21.40099907 372.61801147 -0.512118 -0.858906 -0.004032
57.71799850 21.60000038 372.61801147 -0.593491 -0.803949 -0.037882
65.32499695 -3.64700007 389.41799927 -0.875623 0.451699 -0.171032
58.31800079 21.46299934 372.31799316 -0.066218 -0.536791 -0.841113
65.16400146 -3.94700003 389.41799927 -0.888905 0.420448 -0.181855
65.38200378 -3.64700007 389.11801147 -0.884198 0.431138 -0.179763
65.23100281 -3.94700003 389.11801147 -0.884833 0.430026 -0.179299
65.45600128 -3.64700007 388.81799316 -0.891764 0.410124 -0.191196
65.29699707 -3.94700003 388.81799316 -0.871120 0.449658 -0.197375
65.51200104 -3.64700007 388.51800537 -0.905558 0.393783 -0.157797
65.37000275 -3.94700003 388.51800537 -0.876335 0.449140 -0.174097
46.61800003 -14.84300041 394.21798706 -0.065858 0.917982 -0.391117
46.31800079 -14.87600040 394.21798706 -0.077530 0.912680 -0.401253
46.61800003 -14.96500015 393.91799927 -0.082031 0.926548 -0.367123
46.31800079 -14.98400021 393.91799927 -0.090714 0.924742 -0.369626
65.41600037 -3.94700003 388.21798706 -0.885998 0.435050 -0.160434
65.49299622 -3.94700003 387.91799927 -0.886698 0.436861 -0.151388
65.78800201 -3.04699993 388.21798706 -0.918555 0.369374 -0.140780
65.68399811 -3.34699988 388.21798706 -0.917166 0.372729 -0.140995
65.85099792 -3.04699993 387.91799927 -0.912329 0.371479 -0.172218
47.21799850 -14.78800011 394.21798706 -0.068534 0.917816 -0.391046
46.91799927 -14.82199955 394.21798706 -0.082554 0.918922 -0.385704
65.73000336 -3.34699988 387.91799927 -0.912283 0.373142 -0.168836
47.21799850 -14.91300011 393.91799927 -0.068508 0.920151 -0.385523
46.91799927 -14.93400002 393.91799927 -0.059947 0.923181 -0.379663
65.55200195 -3.64700007 388.21798706 -0.907477 0.390542 -0.154797
65.60600281 -3.64700007 387.91799927 -0.905558 0.393783 -0.157797
47.51800156 -14.77299976 394.21798706 -0.092168 0.909297 -0.405813
47.81800079 -14.86600018 393.91799927 -0.119969 0.919760 -0.373696
47.51800156 -14.90100002 393.91799927 -0.099993 0.916370 -0.387643
65.65699768 -3.64700007 387.61801147 -0.912909 0.388857 -0.124044
65.70500183 -3.64700007 387.31799316 -0.906834 0.400694 -0.130753
65.55699921 -3.94700003 387.31799316 -0.904110 0.404804 -0.136815
65.91000366 -3.04699993 387.61801147 -0.914531 0.381171 -0.135434
65.79100037 -3.34699988 387.61801147 -0.913509 0.380278 -0.144534
65.95400238 -3.04699993 387.31799316 -0.917523 0.372875 -0.138257
65.81099701 -3.34699988 387.31799316 -0.912625 0.385518 -0.135983
52.31800079 -12.97099972 395.71798706 -0.287729 0.901550 -0.323141
52.61800003 -12.99100018 395.41799927 -0.290628 0.892751 -0.344283
52.31800079 -13.09099960 395.41799927 -0.308739 0.884049 -0.350909
52.61800003 -13.11900043 395.11801147 -0.300188 0.891602 -0.339018
52.31800079 -13.20800018 395.11801147 -0.313776 0.877665 -0.362283
65.74600220 -3.64700007 387.01800537 -0.905648 0.392210 -0.161163
65.60500336 -3.94700003 387.01800537 -0.902876 0.400803 -0.155472
65.79799652 -3.64700007 386.71798706 -0.908012 0.377262 -0.182176
65.67199707 -3.94700003 386.71798706 -0.891672 0.414562 -0.181825
66.01499939 -3.04699993 387.01800537 -0.917887 0.368556 -0.147142
65.87500000 -3.34699988 387.01800537 -0.910346 0.385309 -0.151019
67.82399750 4.75299978 390.61801147 -0.994656 0.093836 -0.043054
66.04399872 -3.04699993 386.71798706 -0.915653 0.372731 -0.150499
67.77600098 4.45300007 390.61801147 -0.985950 0.161422 -0.042968
65.92500305 -3.34699988 386.71798706 -0.912501 0.377733 -0.157035
67.83100128 4.75299978 390.31799316 -0.993903 0.106765 -0.027517
67.80000305 4.45300007 390.31799316 -0.986017 0.164528 -0.026463
53.21799850 -12.49899960 396.01800537 -0.400199 0.830452 -0.387544
52.91799927 -12.63799953 396.01800537 -0.364860 0.844033 -0.393047
53.21799850 -12.64999962 395.71798706 -0.394216 0.840262 -0.372228
52.91799927 -12.76900005 395.71798706 -0.361587 0.863192 -0.352355
53.51800156 -12.35999966 396.01800537 -0.373797 0.862964 -0.339955
53.51800156 -12.47799969 395.71798706 -0.420229 0.823015 -0.382171
66.10099792 -3.04699993 386.41799927 -0.909239 0.382763 -0.163635
65.97299957 -3.34699988 386.41799927 -0.915638 0.363708 -0.171240
66.02300262 -3.34699988 386.11801147 -0.923897 0.360444 -0.128434
53.81800079 -12.23900032 396.01800537 -0.373457 0.873432 -0.312484
53.81800079 -12.33600044 395.71798706 -0.392666 0.852071 -0.346105
66.15699768 -3.04699993 386.11801147 -0.913435 0.384678 -0.132889
66.06600189 -3.34699988 385.81799316 -0.929295 0.357421 -0.093064
66.08300018 -3.34699988 385.51800537 -0.930336 0.339428 -0.138795
68.00900269 5.95300007 385.81799316 -0.999527 0.017286 0.025420
67.96600342 5.65299988 385.81799316 -0.998023 0.061787 0.011520
67.98899841 5.95300007 385.51800537 -0.999412 0.033551 0.007117
67.99400330 5.65299988 385.51800537 -0.998927 0.044328 0.013401
55.01800156 -11.40400028 396.61801147 -0.448209 0.828794 -0.334977
54.71799850 -11.56499958 396.61801147 -0.411475 0.843289 -0.345764
55.01800156 -11.53100014 396.31799316 -0.441839 0.821916 -0.359489
54.71799850 -11.68099976 396.31799316 -0.411043 0.833110 -0.370096
66.18199921 -3.04699993 385.81799316 -0.917534 0.388969 -0.082673
66.21099854 -3.04699993 385.51800537 -0.919760 0.373696 -0.119969
66.51399994 -2.44700003 385.21798706 -0.924575 0.366290 -0.104849
66.38400269 -2.74699998 385.21798706 -0.919334 0.374646 -0.120274
66.52999878 -2.44700003 384.91799927 -0.928318 0.361386 -0.087324
66.40899658 -2.74699998 384.91799927 -0.929333 0.352412 -0.110214
66.25299835 -3.04699993 385.21798706 -0.925412 0.341970 -0.163308
66.15299988 -3.34699988 385.21798706 -0.925887 0.334776 -0.175092
66.31099701 -3.04699993 384.91799927 -0.940812 0.301770 -0.154299
66.22799683 -3.34699988 384.91799927 -0.925551 0.348296 -0.148477
66.56199646 -2.44700003 384.61801147 -0.924708 0.355232 -0.136840
66.44799805 -2.74699998 384.61801147 -0.933747 0.327703 -0.143970
66.61699677 -2.44700003 384.31799316 -0.927639 0.348726 -0.133701
66.50000000 -2.74699998 384.31799316 -0.932780 0.332842 -0.138342
66.35700226 -3.04699993 384.61801147 -0.949923 0.270063 -0.157201
66.28099823 -3.34699988 384.61801147 -0.909737 0.387873 -0.148097
66.41000366 -3.04699993 384.31799316 -0.956722 0.252744 -0.144236
66.33699799 -3.34699988 384.31799316 -0.903894 0.391067 -0.173330
66.43599701 -3.04699993 384.01800537 -0.960921 0.241864 -0.134660
66.38999939 -3.34699988 384.01800537 -0.924622 0.359652 -0.125396
66.50700378 -3.04699993 383.71798706 -0.953220 0.255351 -0.161767
66.66400146 -2.44700003 384.01800537 -0.935468 0.339560 -0.097976
66.53299713 -2.74699998 384.01800537 -0.937514 0.324263 -0.126178
66.69400024 -2.44700003 383.71798706 -0.941810 0.303064 -0.145417
66.56900024 -2.74699998 383.71798706 -0.933699 0.297276 -0.199580
66.65299988 -2.74699998 383.41799927 -0.941727 0.239235 -0.236469
66.76200104 -2.44700003 383.41799927 -0.952995 0.250647 -0.170226
66.80999756 -2.44700003 383.11801147 -0.964805 0.199750 -0.171028
66.71900177 -2.74699998 383.11801147 -0.897725 0.391391 -0.202243
66.79799652 14.35299969 385.21798706 -0.950555 -0.285034 0.123294
66.89399719 14.05300045 385.21798706 -0.946702 -0.295928 0.127209
66.76399994 14.35299969 384.91799927 -0.943997 -0.306632 0.121849
66.86499786 14.05300045 384.91799927 -0.945949 -0.298369 0.127108
66.90699768 13.75300026 384.61801147 -0.955562 -0.258439 0.141810
66.97699738 13.45300007 384.61801147 -0.968176 -0.214153 0.129518
66.86499786 13.75300026 384.31799316 -0.955750 -0.253188 0.149792
66.93699646 13.45300007 384.31799316 -0.966626 -0.235607 0.100611
66.81800079 13.75300026 384.01800537 -0.947427 -0.269725 0.172136
66.89399719 13.45300007 384.01800537 -0.949704 -0.275374 0.149105
66.75199890 13.75300026 383.71798706 -0.940815 -0.285137 0.183204
66.83799744 13.45300007 383.71798706 -0.937861 -0.292302 0.187018
67.15000153 11.35299969 381.61801147 -0.965622 -0.238535 0.103323
67.21499634 11.05300045 381.61801147 -0.968566 -0.226632 0.102554
67.10299683 11.35299969 381.31799316 -0.960558 -0.246330 0.129030
67.16999817 11.05300045 381.31799316 -0.965557 -0.228176 0.125045
32.81800079 24.29400063 378.01800537 0.534202 -0.795787 0.285223
67.30699921 9.55300045 379.51800537 -0.968327 -0.231035 0.094686
67.34100342 9.55300045 379.81799316 -0.971569 -0.214927 0.099294
67.39600372 9.25300026 379.81799316 -0.979650 -0.191122 0.061303
67.36499786 9.25300026 379.51800537 -0.975231 -0.195544 0.103377
67.28800201 9.55300045 379.21798706 -0.969534 -0.217287 0.113091
67.24800110 9.55300045 378.91799927 -0.967886 -0.212087 0.134964
67.28600311 9.25300026 378.91799927 -0.972945 -0.183455 0.140438
32.51800156 24.10099983 378.01800537 0.542689 -0.768138 0.339784
32.81800079 24.19400024 377.71798706 0.559085 -0.772525 0.301046
32.51800156 23.96500015 377.71798706 0.568932 -0.755890 0.323953
67.32900238 9.25300026 379.21798706 -0.972825 -0.198098 0.119868
32.81800079 24.07699966 377.41799927 0.562055 -0.753186 0.341768
32.51800156 23.84199905 377.41799927 0.564123 -0.754858 0.334595
32.81800079 23.91699982 377.11801147 0.549065 -0.751094 0.366586
32.51800156 23.70599937 377.11801147 0.547782 -0.761078 0.347413
67.38800049 8.95300007 379.21798706 -0.977922 -0.167325 0.125184
67.43699646 8.65299988 379.21798706 -0.986444 -0.127322 0.103523
67.36900330 8.95300007 378.91799927 -0.975083 -0.184002 0.123919
67.39199829 8.65299988 378.91799927 -0.979365 -0.168347 0.111822
67.30999756 8.95300007 378.61801147 -0.976890 -0.197339 0.082122
67.28399658 8.95300007 378.31799316 -0.965341 -0.248591 0.079499
67.37100220 8.65299988 378.61801147 -0.978180 -0.197575 0.064242
67.37100220 8.65299988 378.31799316 -0.962777 -0.269675 0.018304
67.43099976 8.35299969 378.61801147 -0.978721 -0.204631 0.015201
67.48100281 8.05300045 378.61801147 -0.978622 -0.205100 -0.015236
67.44200134 8.35299969 378.31799316 -0.969580 -0.238381 -0.055581
67.51799774 8.05300045 378.31799316 -0.959282 -0.256416 -0.118446
32.21799850 23.36199951 376.81799316 0.557999 -0.769047 0.311776
31.91799927 23.13699913 376.81799316 0.560092 -0.775879 0.290360
32.21799850 23.23800087 376.51800537 0.568104 -0.773824 0.280096
65.29299927 -5.74700022 384.31799316 -0.838107 0.540303 -0.075160
65.45999908 -5.44700003 384.31799316 -0.886593 0.399487 -0.233158
65.24500275 -5.74700022 384.61801147 -0.911220 0.358442 -0.202973
65.33699799 -5.44700003 384.61801147 -0.886915 0.404220 -0.223580
32.21799850 23.62199974 377.41799927 0.532397 -0.776882 0.336166
31.91799927 23.42000008 377.41799927 0.575702 -0.735528 0.357163
32.21799850 23.49300003 377.11801147 0.548510 -0.758853 0.351111
31.91799927 23.25600052 377.11801147 0.575702 -0.741115 0.345421
31.91799927 23.03400040 376.51800537 0.562334 -0.772611 0.294707
31.61800003 23.17000008 377.41799927 0.584701 -0.740189 0.332032
31.61800003 22.92499924 376.81799316 0.562648 -0.769855 0.301248
31.31800079 22.70100021 376.81799316 0.589756 -0.732727 0.339557
31.61800003 22.79599953 376.51800537 0.590189 -0.738949 0.325008
31.31800079 22.55100060 376.51800537 0.590473 -0.744929 0.310521
67.89499664 7.15299988 383.11801147 -0.995463 -0.065041 0.069451
67.91300201 6.85300016 383.11801147 -0.997096 -0.020219 0.073425
31.01799965 22.44099998 376.81799316 0.605084 -0.721882 0.335797
30.71800041 22.18899918 376.81799316 0.600967 -0.736305 0.310956
31.01799965 22.31900024 376.51800537 0.589710 -0.758199 0.278165
30.71800041 22.10000038 376.51800537 0.625429 -0.718680 0.303871
34.61800003 -11.16199970 396.31799316 0.409696 0.762263 -0.501102
31.01799965 22.20599937 376.21798706 0.621705 -0.730383 0.282884
30.71800041 21.92700005 376.21798706 0.629654 -0.713393 0.307580
31.01799965 22.09900093 375.91799927 0.647470 -0.714285 0.265669
32.75500107 -10.54699993 395.11801147 0.513206 0.690405 -0.509863
32.51800156 -10.40600014 395.11801147 0.509056 0.706002 -0.492365
30.71800041 21.81900024 375.91799927 0.635270 -0.718479 0.283231
32.51800156 -10.17199993 395.41799927 0.574577 0.719456 -0.390185
31.61800003 -10.15100002 394.51800537 0.584915 0.731551 -0.350297
30.41799927 21.69899940 376.21798706 0.590954 -0.753426 0.288309
30.11800003 21.47100067 376.21798706 0.726919 -0.635064 0.261311
30.41799927 21.55900002 375.91799927 0.601173 -0.733334 0.317510
30.11800003 21.31699944 375.91799927 0.747095 -0.589643 0.306871
64.03600311 -6.34700012 388.51800537 -0.826109 0.516510 -0.225303
64.21399689 -6.04699993 388.51800537 -0.834317 0.485786 -0.260628
63.94800186 -6.34700012 388.81799316 -0.833415 0.498821 -0.237899
64.12599945 -6.04699993 388.81799316 -0.835916 0.484924 -0.257087
32.21799850 25.49300003 381.91799927 0.556034 -0.790978 0.255306
44.21799850 -12.68999958 399.31799316 0.025044 0.908175 -0.417840
43.91799927 -12.69499969 399.31799316 0.022026 0.923808 -0.382221
44.81800079 -12.82499981 399.01800537 0.027851 0.903171 -0.428376
44.51800156 -12.83100033 399.01800537 0.017228 0.897191 -0.441307
67.46299744 9.55300045 381.01800537 -0.981740 -0.172256 0.080707
67.50000000 9.25300026 381.01800537 -0.976010 -0.204509 0.074701
67.43399811 9.55300045 380.71798706 -0.979306 -0.177721 0.096827
67.48999786 9.25300026 380.71798706 -0.972248 -0.209504 0.104125
45.41799927 -12.95400047 398.71798706 -0.049338 0.913412 -0.404035
45.11800003 -12.96800041 398.71798706 -0.024913 0.913906 -0.405161
67.29199982 10.15299988 380.41799927 -0.972132 -0.203000 0.117261
67.26599884 10.15299988 380.11801147 -0.969491 -0.195947 0.147281
67.30500031 9.85299969 380.11801147 -0.972895 -0.191037 0.130310
67.33100128 9.85299969 380.41799927 -0.978268 -0.178876 0.104858
67.19499969 10.15299988 379.81799316 -0.970663 -0.204819 0.125945
67.24400330 9.85299969 379.81799316 -0.971560 -0.203939 0.120337
67.17700195 10.15299988 379.51800537 -0.969274 -0.212705 0.123547
67.22899628 9.85299969 379.51800537 -0.965108 -0.241597 0.100985
46.01800156 -13.05099964 398.41799927 -0.046485 0.917739 -0.394455
45.71799850 -13.07699966 398.41799927 -0.043727 0.918266 -0.393543
46.01800156 -13.18700027 398.11801147 -0.046865 0.909183 -0.413752
45.71799850 -13.20199966 398.11801147 -0.035675 0.915665 -0.400356
67.92600250 7.15299988 383.41799927 -0.997310 -0.065345 0.033208
66.95400238 10.75300026 379.21798706 -0.945457 -0.276155 0.172767
67.93800354 6.85300016 383.41799927 -0.998301 -0.041200 0.041200
67.03800201 10.45300007 379.21798706 -0.951076 -0.249573 0.182121
66.90499878 10.75300026 378.91799927 -0.954838 -0.268094 0.128104
66.98699951 10.45300007 378.91799927 -0.961978 -0.236252 0.137052
67.11399841 10.15299988 379.21798706 -0.958543 -0.239305 0.154689
67.18900299 9.85299969 379.21798706 -0.957505 -0.258750 0.127405
67.06700134 10.15299988 378.91799927 -0.954361 -0.264142 0.139371
67.15799713 9.85299969 378.91799927 -0.949659 -0.279942 0.140641
67.01399994 10.15299988 378.61801147 -0.959073 -0.257058 0.118742
67.11900330 9.85299969 378.61801147 -0.952082 -0.274869 0.134115
66.99600220 10.15299988 378.31799316 -0.964568 -0.245920 0.095565
67.06500244 9.85299969 378.31799316 -0.962767 -0.237768 0.128629
66.89299774 10.75300026 378.61801147 -0.960258 -0.267236 0.080554
66.94300079 10.45300007 378.61801147 -0.971175 -0.221233 0.088743
66.86900330 10.75300026 378.31799316 -0.957457 -0.270783 0.099762
66.92900085 10.45300007 378.31799316 -0.972678 -0.213515 0.091150
60.78499985 19.45299911 374.11801147 -0.698777 -0.667086 0.258278
60.51100159 19.75300026 374.11801147 -0.675721 -0.665999 0.315985
60.66899872 19.75300026 374.41799927 -0.695781 -0.620472 0.361806
66.81999969 10.75300026 378.01800537 -0.948346 -0.278451 0.152004
66.89099884 10.45300007 378.01800537 -0.962702 -0.235154 0.133817
66.76899719 10.75300026 377.71798706 -0.938818 -0.312031 0.145796
66.84600067 10.45300007 377.71798706 -0.951413 -0.293646 0.092662
66.70999908 10.75300026 377.41799927 -0.937611 -0.346647 0.026862
46.61800003 -13.28600025 397.81799316 -0.082791 0.916130 -0.392239
46.31800079 -13.31099987 397.81799316 -0.055206 0.908886 -0.413375
46.61800003 -13.42899990 397.51800537 -0.079865 0.919124 -0.385788
46.31800079 -13.44999981 397.51800537 -0.060119 0.920496 -0.386100
60.11800003 20.18700027 374.11801147 -0.663504 -0.676482 0.319585
60.39899826 20.05299950 374.41799927 -0.689228 -0.650307 0.319477
60.11800003 20.33799934 374.41799927 -0.647068 -0.704871 0.290619
47.21799850 -13.63599968 396.91799927 -0.097036 0.917054 -0.386776
46.91799927 -13.66699982 396.91799927 -0.077122 0.915987 -0.393726
47.21799850 -13.50500011 397.21798706 -0.068800 0.915987 -0.395264
46.91799927 -13.51399994 397.21798706 -0.068992 0.913134 -0.401779
47.81800079 -13.55399990 396.91799927 -0.101897 0.925228 -0.365472
47.51800156 -13.59000015 396.91799927 -0.102463 0.922170 -0.372966
47.81800079 -13.68500042 396.61801147 -0.115253 0.912300 -0.392970
47.51800156 -13.71700001 396.61801147 -0.112104 0.912058 -0.394441
47.81800079 -13.81599998 396.31799316 -0.117249 0.920061 -0.373818
47.51800156 -13.84700012 396.31799316 -0.117991 0.912005 -0.392842
62.45899963 -6.94700003 392.41799927 -0.773949 0.586325 -0.239221
57.71799850 23.83600044 377.71798706 -0.544033 -0.766813 0.340626
58.01800156 23.74799919 378.01800537 -0.557406 -0.766233 0.319665
57.71799850 23.96299934 378.01800537 -0.570500 -0.751508 0.331310
48.41799927 -13.85999966 396.01800537 -0.112548 0.910113 -0.398782
48.11800003 -13.88300037 396.01800537 -0.114961 0.912764 -0.391976
58.01800156 23.87000084 378.31799316 -0.542709 -0.759792 0.358026
48.41799927 -13.99899960 395.71798706 -0.112423 0.909103 -0.401115
57.71799850 24.10199928 378.31799316 -0.566383 -0.748145 0.345672
48.11800003 -14.02299976 395.71798706 -0.124266 0.908960 -0.397932
57.71799850 24.23999977 378.61801147 -0.548395 -0.761929 0.344567
58.01800156 24.02599907 378.61801147 -0.544897 -0.761563 0.350869
49.01800156 -14.02999973 395.41799927 -0.179544 0.903464 -0.389251
48.71799850 -14.08899975 395.41799927 -0.120506 0.915570 -0.383680
49.61800003 -13.88899994 395.41799927 -0.197739 0.904979 -0.376714
49.31800079 -13.95699978 395.41799927 -0.214649 0.898023 -0.384032
49.61800003 -14.01200008 395.11801147 -0.204959 0.899782 -0.385206
49.31800079 -14.09200001 395.11801147 -0.221951 0.895152 -0.386576
49.61800003 -14.14299965 394.81799316 -0.207342 0.903317 -0.375536
26.92799950 17.65299988 375.01800537 0.643792 -0.744719 -0.175858
50.21799850 -13.76000023 395.41799927 -0.244108 0.892103 -0.380216
49.91799927 -13.82499981 395.41799927 -0.191761 0.904015 -0.382080
50.21799850 -13.88799953 395.11801147 -0.240213 0.897482 -0.369898
49.91799927 -13.95499992 395.11801147 -0.197739 0.904979 -0.376714
49.91799927 -14.20100021 394.51800537 -0.223036 0.902349 -0.368811
50.21799850 -14.00399971 394.81799316 -0.234932 0.906166 -0.351668
49.91799927 -14.07900047 394.81799316 -0.209691 0.906733 -0.365875
50.21799850 -14.11299992 394.51800537 -0.224067 0.897732 -0.379303
50.81800079 -13.82499981 394.81799316 -0.237173 0.897131 -0.372700
50.51800156 -13.91600037 394.81799316 -0.266581 0.892078 -0.364873
50.81800079 -13.95400047 394.51800537 -0.249376 0.882523 -0.398703
50.51800156 -14.03899956 394.51800537 -0.243471 0.882767 -0.401801
50.51800156 -14.19600010 394.21798706 -0.209209 0.893891 -0.396472
50.81800079 -14.23600006 393.91799927 -0.253507 0.880525 -0.400511
50.51800156 -14.30900002 393.91799927 -0.214034 0.887134 -0.408879
50.81800079 -14.10599995 394.21798706 -0.265097 0.871033 -0.413551
51.41799927 -13.91499996 394.21798706 -0.269516 0.877810 -0.395993
51.11800003 -14.00899982 394.21798706 -0.266783 0.875712 -0.402436
53.81800079 27.93899918 381.91799927 -0.415803 -0.839450 0.349902
51.41799927 -14.05599976 393.91799927 -0.260174 0.890538 -0.373164
53.51800156 28.09799957 381.91799927 -0.406144 -0.838947 0.362237
51.11800003 -14.14599991 393.91799927 -0.282369 0.877308 -0.388069
33.11800003 -11.78299999 393.01800537 0.503654 0.818632 -0.275996
51.41799927 -14.16600037 393.61801147 -0.291244 0.879767 -0.375749
51.11800003 -14.28600025 393.61801147 -0.306812 0.868538 -0.389239
51.41799927 -14.30300045 393.31799316 -0.295118 0.879299 -0.373816
51.11800003 -14.40400028 393.31799316 -0.318194 0.875415 -0.363868
28.61800003 -6.97499990 395.11801147 0.736236 0.597689 -0.317371
28.85700035 -7.24700022 395.11801147 0.666076 0.672558 -0.322504
29.02499962 -7.24700022 395.41799927 0.669013 0.665757 -0.330437
29.21800041 -7.40100002 395.41799927 0.624590 0.720927 -0.300253
29.37599945 -7.54699993 395.41799927 0.710298 0.636208 -0.301192
52.91799927 28.23600006 381.61801147 -0.349798 -0.861397 0.368289
53.21799850 28.10400009 381.61801147 -0.394964 -0.826411 0.401309
53.21799850 27.93199921 381.31799316 -0.378466 -0.825025 0.419639
52.91799927 28.09900093 381.31799316 -0.394280 -0.812503 0.429398
52.31800079 28.17399979 381.01800537 -0.293841 -0.869342 0.397370
52.61800003 28.08300018 381.01800537 -0.348038 -0.833085 0.429929
52.61800003 27.91399956 380.71798706 -0.360230 -0.846774 0.391418
52.31800079 28.03300095 380.71798706 -0.321186 -0.862132 0.391878
51.71799850 -14.21000004 393.31799316 -0.297877 0.878511 -0.373481
52.91799927 27.91600037 381.01800537 -0.381680 -0.828292 0.410187
52.61800003 27.78599930 380.41799927 -0.310212 -0.879187 0.361662
52.61800003 27.67399979 380.11801147 -0.291573 -0.880762 0.373153
52.31800079 27.75799942 380.11801147 -0.318945 -0.858225 0.402149
52.01800156 -13.96800041 393.61801147 -0.329487 0.868926 -0.369332
51.71799850 -14.08399963 393.61801147 -0.295089 0.888263 -0.352010
52.01800156 -14.09500027 393.31799316 -0.312959 0.871705 -0.377077
52.31800079 27.91500092 380.41799927 -0.348244 -0.855907 0.382295
33.11800003 -11.74699974 393.09298706 0.488905 0.819034 -0.300260
54.41799927 -13.72099972 391.81799316 -0.418440 0.828985 -0.371069
54.11800003 -13.86900043 391.81799316 -0.413898 0.826211 -0.382182
54.41799927 -13.87100029 391.51800537 -0.419665 0.834614 -0.356793
54.11800003 -14.00599957 391.51800537 -0.392047 0.853827 -0.342460
52.01800156 27.72400093 379.81799316 -0.309106 -0.846548 0.433370
51.71799850 27.84499931 379.81799316 -0.328514 -0.831503 0.447974
52.01800156 27.58300018 379.51800537 -0.263640 -0.889225 0.373862
51.71799850 27.67700005 379.51800537 -0.350250 -0.848384 0.396950
51.71799850 27.56800079 379.21798706 -0.308058 -0.888110 0.341118
52.01800156 27.46400070 379.21798706 -0.296350 -0.886041 0.356522
52.01800156 27.34799957 378.91799927 -0.332686 -0.876528 0.347877
51.71799850 27.45800018 378.91799927 -0.291879 -0.890604 0.348757
56.21799850 22.37999916 372.01800537 -0.432884 -0.867276 0.245854
51.41799927 27.68400002 379.21798706 -0.313002 -0.858829 0.405515
51.11800003 27.78700066 379.21798706 -0.296486 -0.839784 0.454818
51.11800003 27.61100006 378.91799927 -0.284764 -0.869519 0.403542
51.41799927 27.55100060 378.91799927 -0.250495 -0.893779 0.372037
54.11800003 -14.27999973 390.91799927 -0.386517 0.860808 -0.331080
50.81800079 27.61199951 378.61801147 -0.317841 -0.874443 0.366506
50.51800156 27.70700073 378.61801147 -0.227962 -0.907492 0.352833
50.51800156 27.59199905 378.31799316 -0.252163 -0.868225 0.427317
50.81800079 27.46699905 378.31799316 -0.287964 -0.866940 0.406807
54.41799927 -13.97700024 391.21798706 -0.409604 0.830278 -0.377974
54.11800003 -14.13000011 391.21798706 -0.400805 0.825373 -0.397637
54.41799927 -14.13799953 390.91799927 -0.403060 0.839054 -0.365420
55.01800156 -13.66899967 391.21798706 -0.413373 0.837749 -0.356790
54.71799850 -13.82499981 391.21798706 -0.441193 0.817083 -0.371112
55.01800156 -13.80599976 390.91799927 -0.455418 0.799798 -0.391048
54.71799850 -13.99100018 390.91799927 -0.427356 0.811497 -0.398546
50.21799850 26.95400047 376.81799316 -0.236912 -0.896144 0.375233
49.91799927 27.04599953 376.81799316 -0.225929 -0.905172 0.360028
50.21799850 26.84099960 376.51800537 -0.209581 -0.909147 0.359901
49.91799927 26.92099953 376.51800537 -0.220263 -0.902932 0.369050
54.71799850 -14.21800041 390.31799316 -0.399163 0.852687 -0.337037
32.81800079 -11.58300018 393.01800537 0.548935 0.807258 -0.216806
55.01800156 -13.97000027 390.61801147 -0.460459 0.800590 -0.383449
54.71799850 -14.10599995 390.61801147 -0.383262 0.863495 -0.327851
55.01800156 -14.10000038 390.31799316 -0.408087 0.857753 -0.312610
32.51800156 -11.29599953 393.31799316 0.537872 0.798183 -0.271288
55.61800003 -13.60799980 390.61801147 -0.462285 0.804600 -0.372707
55.31800079 -13.76799965 390.61801147 -0.454248 0.800953 -0.390043
55.61800003 -13.77900028 390.31799316 -0.460339 0.810770 -0.361581
55.31800079 -13.92800045 390.31799316 -0.462540 0.815405 -0.348097
32.51800156 -11.18500042 393.61801147 0.546316 0.787012 -0.286618
55.61800003 -13.86699963 390.01800537 -0.470637 0.840974 -0.266951
55.31800079 -14.04399967 390.01800537 -0.463653 0.832078 -0.304419
55.61800003 -13.96500015 389.71798706 -0.511352 0.794906 -0.326564
55.61800003 -14.11999989 389.41799927 -0.508282 0.726826 -0.461924
55.91799927 -13.70400047 390.01800537 -0.497767 0.814956 -0.296776
56.21799850 -13.63700008 389.71798706 -0.475484 0.816695 -0.326994
55.91799927 -13.78800011 389.71798706 -0.454553 0.845931 -0.278895
60.71799850 -7.32399988 396.31799316 -0.680044 0.683229 -0.265966
60.71799850 -7.18599987 396.61801147 -0.662440 0.700566 -0.265294
60.48400116 -7.54699993 396.31799316 -0.677161 0.683535 -0.272458
60.35900116 -7.54699993 396.61801147 -0.675691 0.678901 -0.287289
56.21799850 -13.74899960 389.41799927 -0.465033 0.814205 -0.347584
55.91799927 -13.89700031 389.41799927 -0.487442 0.753319 -0.441488
56.21799850 -13.91199970 389.11801147 -0.538154 0.723610 -0.432179
55.91799927 -14.14700031 389.12500000 -0.512891 0.693322 -0.506209
56.81800079 -13.33300018 389.41799927 -0.517504 0.806928 -0.284706
56.81800079 -13.45800018 389.11801147 -0.523300 0.793698 -0.310163
56.51800156 -13.57600021 389.41799927 -0.538933 0.786938 -0.300467
56.51800156 -13.68099976 389.11801147 -0.563511 0.754039 -0.337461
67.29900360 1.75300002 388.81799316 -0.971846 0.212473 -0.101836
67.25900269 1.45299995 388.81799316 -0.979494 0.175304 -0.099298
67.29799652 1.45299995 388.51800537 -0.979528 0.179316 -0.091488
56.81800079 -13.57400036 388.81799316 -0.546248 0.657178 -0.519356
56.51800156 -13.83800030 388.81799316 -0.513912 0.608269 -0.604899
56.81800079 -13.84700012 388.60699463 -0.537145 0.483598 -0.691093
56.93899918 -13.84700012 388.51800537 -0.484294 -0.335036 -0.808214
57.41799927 -13.22799969 388.81799316 -0.499582 0.788730 -0.358221
57.11800003 -13.40999985 388.81799316 -0.457939 0.808973 -0.368585
57.41799927 -13.39500046 388.51800537 -0.460734 0.661781 -0.591414
57.11800003 -13.54699993 388.54000854 -0.480859 0.735334 -0.477554
59.82099915 -7.54699993 397.81799316 -0.639978 0.692088 -0.333831
67.52200317 9.55300045 381.61801147 -0.983368 -0.164094 0.077855
67.57800293 9.25300026 381.61801147 -0.986409 -0.157220 0.047748
67.49299622 9.55300045 381.31799316 -0.977641 -0.179214 0.110000
67.53700256 9.25300026 381.31799316 -0.979086 -0.184112 0.086569
67.32199860 10.15299988 381.01800537 -0.974976 -0.208307 0.077653
67.39700317 9.85299969 381.01800537 -0.974090 -0.207227 0.090584
67.38700104 9.85299969 380.71798706 -0.975658 -0.201052 0.087575
67.31099701 10.15299988 380.71798706 -0.976315 -0.202123 0.077174
65.18299866 15.55300045 379.21798706 -0.889991 -0.418048 0.182077
65.31800079 15.25300026 379.21798706 -0.894132 -0.389072 0.221698
65.13500214 15.55300045 378.91799927 -0.875554 -0.437036 0.205925
65.25700378 15.25300026 378.91799927 -0.909982 -0.372850 0.181425
64.88300323 16.15299988 379.21798706 -0.874214 -0.433384 0.218926
64.80000305 16.15299988 378.91799927 -0.863827 -0.444728 0.236686
65.03700256 15.85299969 379.21798706 -0.872338 -0.448758 0.194017
64.95800018 15.85299969 378.91799927 -0.852159 -0.470731 0.228554
54.41799927 23.33600044 371.71798706 -0.417862 -0.849704 -0.321551
54.41799927 23.29899979 372.01800537 -0.468186 -0.874806 0.124563
54.31999969 23.35300064 372.01800537 -0.450765 -0.885987 0.108805
54.11800003 23.44899940 372.01800537 -0.413477 -0.897060 0.155948
55.91799927 23.06500053 373.51800537 -0.468276 -0.807098 0.359598
55.91799927 23.24799919 373.81799316 -0.457359 -0.800780 0.386749
57.41799927 25.94000053 381.91799927 -0.530194 -0.766917 0.361570
56.21799850 23.08300018 373.81799316 -0.447408 -0.803410 0.392885
55.61800003 23.53700066 374.11801147 -0.482055 -0.780701 0.397654
56.21799850 23.25000000 374.11801147 -0.440706 -0.792625 0.421335
55.91799927 23.35899925 374.11801147 -0.402408 -0.819131 0.408770
55.91799927 23.55500031 374.41799927 -0.425545 -0.787986 0.444961
50.21799850 25.95199966 374.41799927 -0.191761 -0.904015 0.382080
56.21799850 23.41699982 374.41799927 -0.436835 -0.808064 0.395231
49.91799927 26.01300049 374.41799927 -0.190967 -0.890694 0.412547
50.21799850 25.80599976 374.11801147 -0.174949 -0.868867 0.463102
49.91799927 25.85400009 374.11801147 -0.206727 -0.873014 0.441712
39.11800003 26.10300064 375.31799316 0.236926 -0.883628 0.403817
39.41799927 26.19400024 375.31799316 0.272547 -0.880885 0.386987
39.11800003 26.25699997 375.61801147 0.234836 -0.875024 0.423302
39.41799927 26.33300018 375.61801147 0.227308 -0.883974 0.408560
39.41799927 26.07699966 375.01800537 0.271011 -0.884902 0.378816
45.41799927 26.06100082 373.21798706 0.011691 -0.915826 0.401405
45.11800003 26.05800056 373.21798706 -0.035675 -0.915665 0.400356
46.01800156 26.02899933 373.21798706 -0.060962 -0.903596 0.424026
46.01800156 25.92099953 372.91799927 -0.086864 -0.903110 0.420532
45.71799850 25.93700027 372.91799927 -0.019802 -0.904312 0.426413
45.71799850 26.06800079 373.21798706 -0.041039 -0.917409 0.395823
46.01800156 26.32600021 373.81799316 -0.008939 -0.928352 0.371596
45.71799850 26.30100060 373.81799316 -0.032786 -0.919328 0.392124
46.01800156 26.16200066 373.51800537 -0.017038 -0.908249 0.418083
45.71799850 26.19899940 373.51800537 -0.035637 -0.914695 0.402571
39.11800003 25.88500023 374.71798706 0.253053 -0.905432 0.340817
39.41799927 25.94700050 374.71798706 0.209031 -0.909646 0.358957
47.21799850 26.58200073 374.71798706 -0.108620 -0.917086 0.383609
39.11800003 25.97500038 375.01800537 0.227594 -0.908926 0.349364
46.91799927 26.63199997 374.71798706 -0.079895 -0.916766 0.391352
39.71799850 26.01799965 374.71798706 0.220810 -0.884722 0.410499
39.11800003 25.60600090 374.11801147 0.273549 -0.889409 0.366227
39.41799927 25.71100044 374.11801147 0.231932 -0.905850 0.354463
39.11800003 25.76899910 374.41799927 0.289864 -0.872629 0.393062
39.41799927 25.84499931 374.41799927 0.207894 -0.916166 0.342666
39.41799927 25.45400047 373.51800537 0.191756 -0.885591 0.423034
39.11800003 25.51899910 373.81799316 0.239099 -0.911473 0.334738
39.41799927 25.60300064 373.81799316 0.233407 -0.899866 0.368460
38.51800156 25.20499992 373.51800537 0.291886 -0.866487 0.404972
38.81800079 25.33699989 373.51800537 0.275651 -0.881181 0.384105
38.51800156 25.33499908 373.81799316 0.269344 -0.891366 0.364582
38.81800079 25.41799927 373.81799316 0.248401 -0.910803 0.329749
39.11800003 25.40600014 373.51800537 0.198929 -0.898811 0.390598
38.51800156 24.93000031 372.91799927 0.291114 -0.867246 0.403902
38.81800079 25.04599953 372.91799927 0.262055 -0.884997 0.384847
38.51800156 25.06200027 373.21798706 0.297404 -0.867811 0.398064
38.81800079 25.17900085 373.21798706 0.268618 -0.869593 0.414309
64.82399750 -4.84700012 388.81799316 -0.863312 0.468061 -0.188710
64.66400146 -5.14699984 388.81799316 -0.867274 0.473721 -0.153048
64.89800262 -4.84700012 388.51800537 -0.849209 0.494004 -0.186557
64.71800232 -5.14699984 388.51800537 -0.858681 0.488788 -0.154122
64.76599884 -5.14699984 388.21798706 -0.841524 0.505514 -0.190505
64.85199738 -5.14699984 387.91799927 -0.846060 0.490141 -0.209630
64.20899963 -6.64699984 387.01800537 -0.837246 0.507192 -0.204391
64.03900146 -6.94700003 387.01800537 -0.840382 0.498172 -0.213502
64.29399872 -6.64699984 386.71798706 -0.834162 0.518533 -0.187874
64.09100342 -6.94700003 386.71798706 -0.860593 0.486549 -0.150494
64.36299896 -6.64699984 386.41799927 -0.825534 0.524511 -0.208284
64.42700195 -6.64699984 386.11801147 -0.849150 0.492717 -0.190198
64.12799835 -6.94700003 386.41799927 -0.832347 0.509755 -0.217597
64.23500061 -6.94700003 386.11801147 -0.835566 0.483424 -0.261018
63.99100113 -7.24700022 386.41799927 -0.868637 0.444036 -0.219776
63.82199860 -7.54699993 386.41799927 -0.824493 0.494072 -0.275870
64.09300232 -7.24700022 386.11801147 -0.853210 0.453316 -0.257947
63.93199921 -7.54699993 386.11801147 -0.862276 0.457381 -0.217444
64.18800354 -7.24700022 385.81799316 -0.852377 0.454499 -0.258621
63.97499847 -7.54699993 385.81799316 -0.819917 0.501321 -0.276429
64.23100281 -7.24700022 385.51800537 -0.915179 0.364653 -0.171685
64.13400269 -7.54699993 385.51800537 -0.850460 0.186832 -0.491743
63.56700134 -8.14700031 385.81799316 -0.757170 0.617814 -0.212132
63.82099915 -7.84700012 385.81799316 -0.786114 0.534175 -0.310938
64.29699707 -7.24700022 385.21798706 -0.878743 0.387370 -0.278846
67.93800354 4.75299978 384.61801147 -0.998255 0.058964 0.003103
67.92400360 4.45300007 384.61801147 -0.996352 0.080960 -0.026987
67.94499969 4.75299978 384.31799316 -0.999538 0.023435 -0.019359
67.92800140 4.45300007 384.31799316 -0.996663 0.072347 -0.037793
67.96199799 4.75299978 384.01800537 -0.999691 0.023155 -0.009061
67.92700195 4.45300007 384.01800537 -0.998023 0.061787 -0.011520
67.95400238 4.75299978 383.71798706 -0.998472 0.034647 0.043047
67.93099976 4.45300007 383.71798706 -0.998102 0.041367 0.045609
67.91300201 4.75299978 383.41799927 -0.997190 0.039802 0.063467
67.90499878 4.45300007 383.41799927 -0.998557 0.009332 0.052883
67.89600372 4.75299978 383.11801147 -0.998467 0.053099 -0.015617
67.89600372 4.45300007 383.11801147 -0.999847 0.015013 0.009008
67.91200256 5.35300016 381.61801147 -0.999085 0.025829 0.034095
67.88200378 5.05299997 381.61801147 -0.998472 0.034647 0.043047
67.90499878 5.35300016 381.31799316 -0.999769 0.013062 0.017081
67.88999939 5.05299997 381.31799316 -0.999794 0.019053 -0.007020
31.01799965 24.85799980 382.51800537 0.623866 -0.686417 0.373661
22.14500046 8.65299988 387.31799316 0.995916 -0.079630 -0.042542
22.17799950 8.95300007 387.31799316 0.995736 -0.083978 -0.038172
22.16200066 8.65299988 387.61801147 0.998025 -0.055974 -0.028515
22.19499969 8.95300007 387.61801147 0.996794 -0.079447 0.009534
37.61800003 -13.01599979 395.41799927 0.371025 0.813708 -0.447460
37.61800003 -13.20400047 395.11801147 0.473412 0.790097 -0.389394
37.31800079 -13.00800037 395.11801147 0.356656 0.878740 -0.317196
63.62200165 -7.54699993 387.01800537 -0.818414 0.529743 -0.222645
37.91799927 -13.17199993 395.41799927 0.339320 0.779953 -0.525866
38.21799850 -13.27600002 395.41799927 0.226198 0.848620 -0.478203
38.21799850 -13.38500023 395.11801147 0.150026 0.869569 -0.470470
37.91799927 -13.36400032 395.11801147 0.252240 0.824810 -0.506028
37.91799927 -13.53600025 394.81799316 0.238295 0.914187 -0.327837
37.95600128 -13.54699993 394.81799316 0.237929 0.906467 -0.348866
63.06800079 -8.74699974 386.11801147 -0.815884 0.521732 -0.249255
63.02500153 -8.74699974 386.41799927 -0.843667 0.502004 -0.190312
38.21799850 -13.61699963 394.81799316 0.188880 0.858142 -0.477406
38.21799850 -13.71899986 394.51800537 0.403191 0.868762 -0.287559
62.64799881 -9.34700012 386.11801147 -0.768552 0.564031 -0.301988
62.88700104 -9.04699993 386.11801147 -0.776077 0.542454 -0.321632
62.53300095 -9.34700012 386.41799927 -0.697150 0.668565 -0.258851
62.84700012 -9.04699993 386.41799927 -0.766543 0.629607 -0.126517
38.81800079 -13.73499966 394.81799316 0.205830 0.854872 -0.476264
38.51800156 -13.66699982 394.81799316 0.226607 0.841033 -0.491236
38.51800156 -13.84500027 394.51800537 0.303347 0.838483 -0.452688
38.81800079 -13.90299988 394.51800537 0.194373 0.839271 -0.507782
38.81800079 -14.11200047 394.21798706 0.228409 0.926403 -0.299343
38.51800156 -14.02700043 394.21798706 0.432641 0.872767 -0.226051
38.81800079 -14.09599972 393.91799927 0.440150 0.890207 -0.117468
38.51800156 -14.00100040 393.91799927 0.464296 0.882855 0.070684
22.61199951 1.75300002 387.61801147 0.978894 0.182547 -0.091886
22.68099976 1.45299995 387.61801147 0.971569 0.214927 -0.099294
22.57900047 1.75300002 387.31799316 0.976873 0.179983 -0.115437
22.64800072 1.45299995 387.31799316 0.968558 0.220185 -0.115820
36.41799927 24.27899933 373.21798706 0.414613 -0.833954 0.364165
37.01800156 24.52899933 373.21798706 0.365225 -0.861438 0.352897
36.71799850 24.42099953 373.21798706 0.341711 -0.886643 0.311605
37.01800156 24.40600014 372.91799927 0.281075 -0.893788 0.349485
36.71799850 24.30500031 372.91799927 0.378081 -0.876116 0.299125
37.01800156 24.77000046 373.81799316 0.400501 -0.863917 0.305363
36.71799850 24.63299942 373.81799316 0.360030 -0.860672 0.360030
37.01800156 24.65999985 373.51800537 0.435081 -0.824281 0.362304
36.71799850 24.49699974 373.51800537 0.348805 -0.875821 0.333574
36.71799850 24.76300049 374.11801147 0.334214 -0.860947 0.383499
39.41799927 -14.10000038 394.21798706 0.111914 0.832811 -0.542127
39.55099869 -14.14700031 394.21798706 0.288354 0.798883 -0.527862
39.41799927 -14.14700031 394.14599609 0.181294 0.775451 -0.604821
39.11800003 -14.14700031 394.20599365 0.113253 0.926494 -0.358863
37.61800003 25.26899910 374.41799927 0.318330 -0.872743 0.370116
37.31800079 25.18700027 374.41799927 0.331562 -0.858976 0.390163
37.61800003 25.09300041 374.11801147 0.355665 -0.871607 0.337347
37.31800079 25.01300049 374.11801147 0.367707 -0.863111 0.346167
23.07500076 11.05300045 378.31799316 0.863912 -0.491413 -0.110317
39.41799927 -14.39000034 393.91799927 0.453930 0.703342 -0.547044
23.21800041 11.24400043 378.31799316 0.860334 -0.507941 0.042673
39.11800003 -14.29699993 393.91799927 0.427682 0.871870 -0.238601
23.28100014 11.35299969 378.31799316 0.904169 -0.370085 0.213343
23.06500053 11.05300045 378.61801147 0.948167 -0.301989 0.098905
23.11400032 11.35299969 378.61801147 0.942070 -0.273682 0.193915
40.01800156 -14.31799984 394.21798706 0.302790 0.871853 -0.384954
39.71799850 -14.21599960 394.21798706 0.290021 0.787653 -0.543591
38.21799850 25.96999931 375.61801147 0.289297 -0.888878 0.355251
37.91799927 25.88199997 375.61801147 0.278766 -0.901197 0.331865
40.01800156 -14.46399975 393.91799927 0.145757 0.843623 -0.516774
38.21799850 25.85700035 375.31799316 0.271730 -0.884250 0.379822
37.91799927 25.77199936 375.31799316 0.300109 -0.869858 0.391512
39.11800003 -14.30099964 393.61801147 0.725985 0.668150 0.162852
37.91799927 25.99699974 375.91799927 0.302952 -0.884740 0.354197
38.21799850 26.20000076 376.21798706 0.282700 -0.878334 0.385500
37.91799927 26.11899948 376.21798706 0.296014 -0.875898 0.381023
38.21799850 26.09499931 375.91799927 0.302466 -0.886330 0.350619
22.96400070 1.15300000 389.41799927 0.956125 0.276329 -0.097299
23.05599976 0.85299999 389.41799927 0.951640 0.293716 -0.090073
22.92399979 1.15300000 389.11801147 0.950168 0.281186 -0.134596
23.03300095 0.85299999 389.11801147 0.949704 0.275374 -0.149105
38.81800079 26.93199921 377.41799927 0.275237 -0.882865 0.380519
38.51800156 26.85199928 377.41799927 0.246674 -0.896593 0.367795
38.81800079 26.80500031 377.11801147 0.267824 -0.887260 0.375552
38.51800156 26.73399925 377.11801147 0.273352 -0.877444 0.394170
40.61800003 -14.70699978 393.61801147 0.185134 0.922844 -0.337764
23.02700043 1.15300000 390.01800537 0.955750 0.253188 -0.149792
23.11499977 0.85299999 390.01800537 0.953360 0.269169 -0.136573
22.97699928 1.15300000 389.71798706 0.959450 0.264720 -0.096849
23.07900047 0.85299999 389.71798706 0.951413 0.293646 -0.092662
23.12100029 1.15300000 390.61801147 0.963049 0.243663 -0.114741
23.19099998 0.85299999 390.61801147 0.952431 0.272313 -0.136821
23.09099960 1.15300000 390.31799316 0.957466 0.246960 -0.149233
23.16200066 0.85299999 390.31799316 0.954905 0.260910 -0.141713
23.29899979 0.55299997 390.61801147 0.942258 0.295904 -0.156816
23.38699913 0.25299999 390.61801147 0.941789 0.291148 -0.168128
23.23100090 0.55299997 390.31799316 0.947304 0.288894 -0.138400
23.33699989 0.25299999 390.31799316 0.944240 0.295835 -0.144540
23.20999908 1.15300000 391.21798706 0.950627 0.276765 -0.140388
23.29800034 0.85299999 391.21798706 0.950168 0.281186 -0.134596
23.14999962 1.15300000 390.91799927 0.956146 0.257882 -0.138859
23.24500084 0.85299999 390.91799927 0.945726 0.288182 -0.150180
23.38699913 0.55299997 391.21798706 0.947132 0.297061 -0.121222
23.48999977 0.25299999 391.21798706 0.939149 0.318471 -0.128743
23.34499931 0.55299997 390.91799927 0.939715 0.305031 -0.154567
23.43899918 0.25299999 390.91799927 0.941851 0.295777 -0.159474
49.91799927 -12.12600040 399.31799316 -0.178108 0.913336 -0.366189
50.21799850 -12.07400036 399.31799316 -0.191090 0.909472 -0.369249
49.91799927 -12.01799965 399.61801147 -0.248065 0.928471 -0.276415
23.46400070 0.55299997 391.81799316 0.930527 0.312041 -0.191703
23.41099930 0.55299997 391.51800537 0.944087 0.300330 -0.136024
23.51399994 0.25299999 391.51800537 0.930473 0.337727 -0.141983
41.51800156 -15.34700012 392.64401245 0.084069 0.839264 -0.537186
22.07600021 6.85300016 380.11801147 0.984332 -0.160683 -0.072605
22.12199974 7.15299988 380.11801147 0.986620 -0.142630 -0.078977
22.06699944 6.85300016 380.41799927 0.984137 -0.168541 -0.055395
22.13100052 7.15299988 380.41799927 0.986112 -0.166046 -0.003389
42.41799927 -15.57299995 392.41799927 -0.040183 0.846612 -0.530691
42.11800003 -15.59000015 392.41799927 0.006820 0.822468 -0.568771
54.11800003 -11.85200024 396.61801147 -0.409604 0.830278 -0.377974
54.41799927 -11.82499981 396.31799316 -0.412721 0.830186 -0.374770
54.11800003 -11.98600006 396.31799316 -0.400427 0.840113 -0.365881
54.41799927 -11.70400047 396.61801147 -0.398775 0.842901 -0.361243
42.11800003 -14.01799965 395.71798706 0.219292 0.890412 -0.398846
42.41799927 -14.10400009 395.71798706 0.161863 0.900992 -0.402510
42.11800003 -13.91600037 396.01800537 0.181146 0.911434 -0.369423
42.41799927 -13.99699974 396.01800537 0.164841 0.901606 -0.399917
41.51800156 -13.95800018 395.71798706 0.092295 0.907797 -0.409129
41.81800079 -13.96800041 395.71798706 0.088330 0.919991 -0.381857
41.81800079 -13.86600018 396.01800537 0.130046 0.910324 -0.392936
41.51800156 -13.82699966 396.01800537 0.104265 0.902236 -0.418448
43.01800156 -16.17300034 391.21798706 -0.101664 0.898260 -0.427544
42.71799850 -16.20299911 391.21798706 -0.161030 0.790101 -0.591447
43.01800156 -16.30299950 390.91799927 -0.001282 0.919277 -0.393609
43.31800079 -16.11499977 391.21798706 -0.001291 0.912475 -0.409130
43.31800079 -16.24699974 390.98901367 -0.031387 0.866553 -0.498097
43.61800003 -16.30100060 390.91799927 0.043332 0.828896 -0.557722
43.31800079 -16.28899956 390.91799927 -0.004008 0.867000 -0.498291
24.46800041 14.05300045 377.11801147 0.884306 -0.466754 0.011968
24.59199905 14.35299969 377.11801147 0.913367 -0.405794 0.033045
24.50099945 14.05300045 377.41799927 0.871270 -0.477701 0.112652
24.59799957 14.35299969 377.41799927 0.918380 -0.377019 0.120149
40.91799927 -13.85000038 395.71798706 0.196426 0.897741 -0.394307
41.21799850 -13.92199993 395.71798706 0.152762 0.898012 -0.412600
40.91799927 -13.74199963 396.01800537 0.171338 0.897003 -0.407467
41.21799850 -13.77799988 396.01800537 0.140523 0.898493 -0.415890
43.61800003 -16.55400085 390.61801147 -0.085924 0.761667 -0.642247
43.68399811 -16.54700089 390.61801147 -0.082684 0.776068 -0.625206
40.31800079 -13.73299980 395.71798706 0.177088 0.916608 -0.358426
40.61800003 -13.79500008 395.71798706 0.192946 0.913279 -0.358737
40.31800079 -13.61200047 396.01800537 0.249981 0.862055 -0.440875
40.61800003 -13.66199970 396.01800537 0.179278 0.904994 -0.385806
43.91799927 -16.52499962 390.61801147 -0.104108 0.772748 -0.626117
49.31800079 -12.27499962 399.31799316 -0.283725 0.920307 -0.269323
49.61800003 -12.17800045 399.31799316 -0.234167 0.909034 -0.344706
49.61800003 -12.09799957 399.61801147 -0.321143 0.936097 -0.143489
55.61800003 24.15099907 375.31799316 -0.464696 -0.806430 0.365688
55.01800156 24.17499924 374.71798706 -0.440154 -0.834883 0.330507
45.11800003 -13.22500038 398.11801147 -0.001264 0.931838 -0.362873
45.41799927 -13.20899963 398.11801147 -0.024665 0.925575 -0.377759
45.11800003 -13.10599995 398.41799927 -0.027247 0.927684 -0.372371
45.41799927 -13.09399986 398.41799927 -0.038249 0.919289 -0.391720
44.51800156 -13.21100044 398.11801147 0.024675 0.923371 -0.383115
44.81800079 -13.21000004 398.11801147 0.011470 0.931632 -0.363222
44.51800156 -13.09500027 398.41799927 0.062419 0.925655 -0.373184
44.81800079 -13.10200024 398.41799927 0.014106 0.929705 -0.368035
66.87200165 1.45299995 392.71798706 -0.949312 0.288921 -0.123823
66.95300293 1.75300002 392.71798706 -0.955437 0.281316 -0.089451
66.83000183 1.45299995 393.01800537 -0.942140 0.313151 -0.119616
66.92700195 1.75300002 393.01800537 -0.950907 0.296099 -0.090004
67.78199768 7.75299978 382.21798706 -0.989268 -0.092269 0.113293
66.58300018 0.85299999 393.31799316 -0.945744 0.304607 -0.113064
66.68000031 1.15300000 393.31799316 -0.940534 0.318893 -0.117062
66.55400085 0.85299999 393.61801147 -0.937483 0.319751 -0.137425
66.65100098 1.15300000 393.61801147 -0.939613 0.319496 -0.122675
67.81900024 7.45300007 382.21798706 -0.983225 -0.117599 0.139422
66.78199768 1.15300000 392.71798706 -0.947080 0.282368 -0.152668
66.72200012 1.15300000 393.01800537 -0.938116 0.312705 -0.148842
67.74099731 7.75299978 381.91799927 -0.995925 -0.066981 0.060392
67.77799988 7.45300007 381.91799927 -0.990745 -0.098265 0.093641
66.69200134 0.85299999 392.71798706 -0.931683 0.323520 -0.165231
66.62400055 0.85299999 393.01800537 -0.938386 0.314611 -0.143005
61.70899963 -9.34700012 388.81799316 -0.756798 0.613240 -0.226259
61.81800079 -9.34700012 388.51800537 -0.759488 0.606024 -0.236459
64.84500122 14.95300007 376.51800537 -0.844840 -0.475127 0.245966
65.01499939 14.65299988 376.51800537 -0.833376 -0.487038 0.261300
65.11100006 14.65299988 376.81799316 -0.857034 -0.469793 0.211632
64.92700195 14.95300007 376.81799316 -0.836701 -0.498363 0.227083
65.28700256 14.05300045 376.51800537 -0.900145 -0.380774 0.211541
65.18800354 14.35299969 376.51800537 -0.887024 -0.396709 0.236243
65.35199738 14.05300045 376.81799316 -0.911615 -0.378540 0.160206
65.24900055 14.35299969 376.81799316 -0.916579 -0.361248 0.171416
65.16799927 14.65299988 377.11801147 -0.885292 -0.430249 0.176475
65.00299835 14.95300007 377.11801147 -0.848860 -0.483986 0.212592
65.23200226 14.65299988 377.41799927 -0.879697 -0.430239 0.202552
65.07800293 14.95300007 377.41799927 -0.868719 -0.452922 0.200474
65.40399933 14.05300045 377.11801147 -0.907026 -0.375172 0.191180
65.29299927 14.35299969 377.11801147 -0.908970 -0.369045 0.193856
65.48799896 14.05300045 377.41799927 -0.907540 -0.342330 0.243273
65.37500000 14.35299969 377.41799927 -0.885636 -0.389799 0.252399
65.47299957 14.35299969 377.71798706 -0.889588 -0.413388 0.194278
65.50700378 14.35299969 378.01800537 -0.904110 -0.404804 0.136815
65.57499695 14.05300045 377.71798706 -0.922690 -0.333075 0.194176
65.62699890 14.05300045 378.01800537 -0.916669 -0.369195 0.153012
22.86199951 0.55299997 387.61801147 0.966208 0.227117 -0.121899
22.85000038 0.55299997 387.31799316 0.974967 0.206362 -0.082792
22.90399933 0.25299999 387.31799316 0.966207 0.236127 -0.103385
22.95100021 0.25299999 387.61801147 0.955482 0.255767 -0.147099
65.65499878 14.05300045 378.31799316 -0.892799 -0.421240 0.159582
65.53900146 14.35299969 378.31799316 -0.922975 -0.362844 0.128306
65.72699738 14.05300045 378.61801147 -0.894177 -0.414586 0.169013
65.58300018 14.35299969 378.61801147 -0.914265 -0.365422 0.174890
36.41799927 24.53300095 373.81799316 0.345638 -0.864862 0.364072
36.11800003 24.38199997 373.81799316 0.426959 -0.823761 0.372994
61.96500015 -9.04699993 388.81799316 -0.760474 0.607443 -0.229548
36.41799927 24.40500069 373.51800537 0.367505 -0.865712 0.339827
36.11800003 24.26099968 373.51800537 0.428144 -0.835901 0.343456
22.85799980 -0.04700000 386.41799927 0.968187 0.201866 -0.147864
22.82500076 -0.04700000 386.11801147 0.972098 0.207498 -0.109408
22.88899994 -0.34700000 386.11801147 0.957913 0.260061 -0.121536
29.73200035 -7.84700012 395.71798706 0.681169 0.655158 -0.326766
66.02999878 13.45300007 378.91799927 -0.916364 -0.367390 0.159062
29.86100006 -7.84700012 396.01800537 0.679129 0.666223 -0.308108
65.91899872 13.75300026 378.91799927 -0.913819 -0.363532 0.181053
62.06800079 -9.04699993 388.51800537 -0.740648 0.620629 -0.257411
66.08799744 13.45300007 379.21798706 -0.918787 -0.345078 0.191710
65.97100067 13.75300026 379.21798706 -0.912640 -0.354995 0.202649
36.41799927 24.80500031 374.41799927 0.361264 -0.854319 0.373668
36.11800003 24.64699936 374.41799927 0.363380 -0.846848 0.388334
36.41799927 24.64699936 374.11801147 0.351373 -0.855989 0.379236
36.11800003 24.52199936 374.11801147 0.383152 -0.846062 0.370641
67.75199890 7.75299978 381.61801147 -0.996734 -0.078154 0.020342
65.81300354 -1.54700005 392.11801147 -0.913529 0.392694 -0.106096
51.71799850 25.49500084 374.41799927 -0.334327 -0.850591 0.405858
65.94200134 -1.24699998 392.11801147 -0.907563 0.409023 -0.095026
36.11800003 24.77300072 374.71798706 0.349019 -0.873310 0.339875
65.77899933 -1.54700005 392.41799927 -0.902496 0.405057 -0.146389
65.92800140 -1.24699998 392.41799927 -0.903674 0.410506 -0.121891
67.76599884 7.45300007 381.61801147 -0.995879 -0.090534 -0.005326
51.71799850 25.35600090 374.11801147 -0.278848 -0.867021 0.412939
52.01800156 25.28300095 374.11801147 -0.219548 -0.891455 0.396366
66.05799866 13.75300026 379.51800537 -0.906733 -0.365875 0.209691
52.01800156 25.38199997 374.41799927 -0.275443 -0.891840 0.358820
67.74199677 7.75299978 381.31799316 -0.993656 -0.103715 0.043493
36.41799927 25.04899979 375.01800537 0.374085 -0.855274 0.358563
36.11800003 24.89800072 375.01800537 0.385095 -0.849703 0.360149
67.77500153 7.45300007 381.31799316 -0.994785 -0.101947 0.003219
36.41799927 24.90999985 374.71798706 0.374085 -0.855274 0.358563
66.16600037 13.45300007 379.51800537 -0.917162 -0.328686 0.225343
66.23799896 13.45300007 379.81799316 -0.932202 -0.308870 0.188677
66.12699890 13.75300026 379.81799316 -0.901945 -0.386548 0.192550
67.28700256 12.55300045 385.21798706 -0.966508 -0.227187 0.119369
66.29100037 13.45300007 380.11801147 -0.938818 -0.312031 0.145796
66.18399811 13.75300026 380.11801147 -0.912973 -0.376760 0.156631
66.34300232 13.45300007 380.41799927 -0.940741 -0.303596 0.151118
66.21900177 13.75300026 380.41799927 -0.912399 -0.379343 0.153712
66.48400116 12.85299969 380.11801147 -0.941124 -0.303720 0.148455
66.37100220 13.15299988 380.11801147 -0.941810 -0.303064 0.145417
66.52899933 12.85299969 380.41799927 -0.936461 -0.321268 0.140811
66.41899872 13.15299988 380.41799927 -0.949033 -0.280549 0.143630
65.57299805 -2.14700007 392.11801147 -0.885941 0.427645 -0.179523
65.69400024 -1.84700000 392.11801147 -0.915904 0.374497 -0.144469
65.63899994 -1.84700000 392.41799927 -0.896605 0.404124 -0.181059
66.55599976 12.85299969 380.71798706 -0.933273 -0.317563 0.167795
66.46399689 13.15299988 380.71798706 -0.946724 -0.280360 0.158465
66.62300110 12.85299969 381.01800537 -0.932385 -0.313583 0.179787
66.53800201 13.15299988 381.01800537 -0.941465 -0.293781 0.165337
65.48899841 -2.14700007 392.41799927 -0.862835 0.457678 -0.214583
66.73300171 12.85299969 381.61801147 -0.942474 -0.308765 0.128090
66.68299866 12.85299969 381.31799316 -0.939687 -0.302287 0.160034
66.58399963 13.15299988 381.31799316 -0.934012 -0.318695 0.161417
66.63999939 13.15299988 381.61801147 -0.938011 -0.321720 0.128960
65.24400330 -2.74699998 392.11801147 -0.864213 0.462599 -0.197832
65.41899872 -2.44700003 392.11801147 -0.860884 0.465626 -0.205115
65.18499756 -2.74699998 392.41799927 -0.887025 0.426762 -0.176240
65.32099915 -2.44700003 392.41799927 -0.867366 0.452344 -0.207511
64.93499756 -3.34699988 392.11801147 -0.874053 0.450982 -0.180686
65.08999634 -3.04699993 392.11801147 -0.877096 0.452366 -0.161455
65.03600311 -3.04699993 392.41799927 -0.864565 0.468491 -0.181780
23.80200005 -0.64700001 391.21798706 0.907957 0.369802 -0.197132
23.92099953 -0.94700003 391.21798706 0.917509 0.351356 -0.186347
23.74900055 -0.64700001 390.91799927 0.917412 0.362173 -0.164881
23.87000084 -0.94700003 390.91799927 0.919282 0.356169 -0.167526
67.12200165 12.25300026 383.11801147 -0.969672 -0.223188 0.099615
67.03900146 12.55300045 383.11801147 -0.956510 -0.271987 0.105411
67.14299774 12.25300026 383.41799927 -0.972511 -0.215422 0.088410
67.06999969 12.55300045 383.41799927 -0.961164 -0.260503 0.091112
23.69000053 -0.64700001 390.61801147 0.919763 0.353538 -0.170431
23.80400085 -0.94700003 390.61801147 0.917020 0.351169 -0.189091
23.63299942 -0.64700001 390.31799316 0.928290 0.337182 -0.156796
23.74500084 -0.94700003 390.31799316 0.922010 0.347689 -0.170325
37.01800156 25.79700089 376.21798706 0.341162 -0.849010 0.403474
23.58600044 -0.64700001 390.01800537 0.928861 0.340904 -0.144919
23.70199966 -0.94700003 390.01800537 0.926160 0.350252 -0.139824
23.52700043 -0.64700001 389.71798706 0.933747 0.327703 -0.143970
23.66099930 -0.94700003 389.71798706 0.926156 0.344001 -0.154591
36.71799850 25.64800072 376.21798706 0.371069 -0.832143 0.412124
37.01800156 25.64999962 375.91799927 0.362760 -0.851629 0.378329
36.71799850 25.51499939 375.91799927 0.358146 -0.854278 0.376751
23.59799957 -0.94700003 389.41799927 0.925412 0.331007 -0.184519
64.84700012 -3.34699988 392.41799927 -0.850770 0.483358 -0.206293
23.53300095 -0.94700003 389.11801147 0.940017 0.285732 -0.186347
67.15599823 12.25300026 383.71798706 -0.970929 -0.215342 0.104523
67.09899902 12.55300045 383.71798706 -0.965018 -0.233202 0.119822
67.19400024 12.25300026 384.01800537 -0.968840 -0.220249 0.113307
67.13400269 12.55300045 384.01800537 -0.970249 -0.209818 0.120804
37.01800156 26.03800011 376.81799316 0.325014 -0.871283 0.367739
36.71799850 25.93000031 376.81799316 0.357954 -0.864927 0.351809
37.01800156 25.92099953 376.51800537 0.305196 -0.885520 0.350299
36.71799850 25.81999969 376.51800537 0.372246 -0.848845 0.375361
23.51300049 -1.24699998 388.51800537 0.943523 0.309154 -0.119111
25.88800049 -5.74700022 389.71798706 0.801420 0.543098 -0.250541
25.69899940 -5.44700003 389.71798706 0.839356 0.487713 -0.240035
23.48600006 -1.24699998 388.21798706 0.941841 0.309443 -0.131074
23.43700027 -1.24699998 387.91799927 0.944429 0.300439 -0.133379
25.77400017 -5.44700003 390.01800537 0.833080 0.507158 -0.220835
23.59099960 -1.54700005 388.21798706 0.922212 0.360261 -0.140488
23.53499985 -1.54700005 387.91799927 0.930047 0.329479 -0.162654
25.52099991 -5.14699984 389.71798706 0.840278 0.470248 -0.269814
25.37999916 -4.84700012 389.71798706 0.883164 0.418652 -0.211545
25.63599968 -5.14699984 390.01800537 0.864134 0.461170 -0.201482
25.45599937 -4.84700012 390.01800537 0.859578 0.459144 -0.224303
23.40500069 -1.24699998 387.61801147 0.951236 0.276165 -0.137416
23.49300003 -1.54700005 387.61801147 0.940814 0.297171 -0.162965
23.35799980 -1.24699998 387.31799316 0.956389 0.250704 -0.149892
23.42499924 -1.54700005 387.31799316 0.946938 0.267643 -0.177975
25.24099922 -4.24700022 390.31799316 0.867706 0.440620 -0.230085
25.30999947 -4.24700022 390.61801147 0.860555 0.452207 -0.234422
23.30800056 -1.24699998 387.01800537 0.955844 0.245940 -0.160858
23.37800026 -1.54700005 387.01800537 0.949529 0.268023 -0.162969
23.23800087 -1.24699998 386.71798706 0.951608 0.251698 -0.176323
23.34499931 -1.54700005 386.71798706 0.945677 0.285462 -0.155584
67.25099945 12.55300045 384.91799927 -0.964234 -0.229087 0.133310
30.11800003 22.89699936 379.81799316 0.671747 -0.678190 0.298017
23.38800049 -1.84700000 386.41799927 0.933571 0.324061 -0.153067
23.50200081 -2.14700007 386.41799927 0.934328 0.329682 -0.135430
23.32900047 -1.84700000 386.11801147 0.936657 0.304862 -0.172433
23.44700050 -2.14700007 386.11801147 0.927728 0.319567 -0.192866
23.18300056 -1.24699998 386.41799927 0.956389 0.250704 -0.149892
23.28499985 -1.54700005 386.41799927 0.942960 0.295270 -0.153758
23.14999962 -1.24699998 386.11801147 0.959218 0.252564 -0.126936
23.22999954 -1.54700005 386.11801147 0.948197 0.287535 -0.135075
23.11700058 -1.24699998 385.81799316 0.954013 0.257517 -0.153443
23.20700073 -1.54700005 385.81799316 0.951222 0.273493 -0.142750
23.05500031 -1.24699998 385.51800537 0.947358 0.281647 -0.152278
23.14999962 -1.54700005 385.51800537 0.953981 0.259451 -0.150349
23.27700043 -1.84700000 385.81799316 0.945677 0.285462 -0.155584
23.35700035 -2.14700007 385.81799316 0.933889 0.307585 -0.182324
23.23500061 -1.84700000 385.51800537 0.954360 0.259554 -0.147746
23.32399940 -2.14700007 385.51800537 0.942483 0.302408 -0.142390
23.03100014 -1.24699998 385.21798706 0.950267 0.276660 -0.143008
23.10700035 -1.54700005 385.21798706 0.950920 0.271500 -0.148456
22.95599937 -1.24699998 384.91799927 0.953401 0.264612 -0.144938
23.06100082 -1.54700005 384.91799927 0.948663 0.280439 -0.146258
23.18000031 -1.84700000 385.21798706 0.952444 0.263158 -0.153620
23.27400017 -2.14700007 385.21798706 0.944361 0.289423 -0.156261
23.14200020 -1.84700000 384.91799927 0.956614 0.250069 -0.149512
23.21800041 -2.14700007 384.91799927 0.950504 0.247429 -0.187938
48.71799850 25.29999924 372.31799316 -0.160012 -0.889434 0.428139
49.01800156 25.22100067 372.31799316 -0.164087 -0.884328 0.437081
48.71799850 25.44400024 372.61801147 -0.134907 -0.860216 0.491760
49.01800156 25.39500046 372.61801147 -0.176160 -0.857114 0.484070
22.92200089 -1.84700000 384.01800537 0.942655 0.187982 -0.275799
49.31800079 25.48900032 372.91799927 -0.188118 -0.909000 0.371929
22.97800064 -2.14700007 384.01800537 0.920892 0.155584 -0.357424
22.91799927 -2.14700007 383.84899902 0.940720 0.145669 -0.306312
49.31800079 25.60499954 373.21798706 -0.197087 -0.923046 0.330368
49.61800003 25.52099991 373.21798706 -0.215195 -0.911329 0.350956
32.51800156 23.45700073 376.51800537 0.532037 -0.806637 0.257437
48.71799850 25.65399933 372.91799927 -0.125308 -0.899687 0.418164
32.81800079 23.64100075 376.51800537 0.517038 -0.806202 0.287593
49.01800156 25.58699989 372.91799927 -0.215223 -0.880187 0.423024
23.11499977 -1.84700000 384.61801147 0.943484 0.243791 -0.224508
23.15699959 -2.14700007 384.61801147 0.944172 0.235698 -0.230185
32.51800156 23.56100082 376.81799316 0.537559 -0.775047 0.332163
22.98399925 -1.84700000 384.31799316 0.938860 0.215590 -0.268444
48.71799850 25.74300003 373.21798706 -0.184346 -0.924546 0.333512
23.08499908 -2.14700007 384.31799316 0.936194 0.193360 -0.293517
49.01800156 25.65900040 373.21798706 -0.206367 -0.930758 0.301830
49.61800003 25.43799973 372.91799927 -0.179725 -0.918439 0.352375
49.91799927 25.47299957 373.21798706 -0.195240 -0.928441 0.316035
49.91799927 25.36400032 372.91799927 -0.242049 -0.889493 0.387575
50.21799850 25.27000046 372.91799927 -0.281614 -0.869197 0.406437
50.21799850 25.41099930 373.21798706 -0.225334 -0.905696 0.359080
32.21799850 23.12899971 376.21798706 0.586239 -0.755561 0.292321
50.81800079 25.42200089 373.51800537 -0.297404 -0.867811 0.398064
33.11800003 23.39399910 375.31799316 0.459433 -0.784121 0.417224
33.41799927 23.59700012 375.31799316 0.491229 -0.787576 0.372045
33.11800003 23.52400017 375.61801147 0.467309 -0.829903 0.304767
33.41799927 23.72100067 375.61801147 0.465671 -0.822423 0.326759
33.11800003 23.12999916 374.71798706 0.493353 -0.814899 0.304208
33.41799927 23.31800079 374.71798706 0.482388 -0.821788 0.303260
33.11800003 23.22999954 375.01800537 0.464341 -0.816163 0.343898
33.41799927 23.40500069 375.01800537 0.518270 -0.768470 0.375299
33.71799850 23.49300003 374.71798706 0.497852 -0.787863 0.362513
33.71799850 23.64800072 375.01800537 0.522956 -0.769053 0.367526
34.01800156 23.67499924 374.71798706 0.492541 -0.772135 0.401510
34.01800156 23.85799980 375.01800537 0.502422 -0.791355 0.348324
66.06300354 15.55300045 374.11801147 -0.778767 -0.158164 0.607047
48.41799927 -16.53499985 390.01800537 -0.209367 0.811487 -0.545576
48.16600037 -16.84700012 389.71798706 -0.209161 0.742135 -0.636779
48.11800003 -16.84700012 389.73400879 -0.223376 0.738858 -0.635761
48.11800003 -16.60099983 390.01800537 -0.171638 0.767053 -0.618199
21.82500076 4.15299988 381.01800537 0.866239 -0.265485 -0.423259
38.21799850 27.50399971 379.21798706 0.306812 -0.868538 0.389239
37.91799927 27.40299988 379.21798706 0.309940 -0.868749 0.386280
38.21799850 27.37500000 378.91799927 0.313897 -0.868192 0.384332
43.91799927 -15.51799965 392.71798706 0.092547 0.904749 -0.415770
44.21799850 -15.57800007 392.71798706 0.131332 0.899557 -0.416592
43.91799927 -15.39900017 393.01800537 0.086513 0.907704 -0.410595
44.21799850 -15.38000011 393.01800537 0.120859 0.882984 -0.453578
37.91799927 27.26499939 378.91799927 0.297877 -0.878511 0.373481
22.15200043 2.35299993 383.41799927 0.992182 0.069487 -0.103661
22.17900085 2.05299997 383.41799927 0.988460 0.097322 -0.116082
22.10000038 2.35299993 383.11801147 0.991467 0.072044 -0.108638
22.12700081 2.05299997 383.11801147 0.989425 0.101390 -0.103721
42.11800003 -14.71599960 394.21798706 0.127876 0.903565 -0.408923
42.41799927 -14.74100018 394.21798706 0.085206 0.921035 -0.380045
41.51800156 -14.75599957 393.91799927 0.128896 0.918904 -0.372828
41.81800079 -14.80399990 393.91799927 0.110449 0.925867 -0.361347
41.51800156 -14.66199970 394.21798706 0.112708 0.908619 -0.402130
41.81800079 -14.68599987 394.21798706 0.115454 0.908331 -0.402002
41.51800156 -14.49100018 394.51800537 0.085196 0.884082 -0.459499
41.81800079 -14.52499962 394.51800537 0.149673 0.873337 -0.463552
41.51800156 -14.29800034 394.81799316 0.074431 0.916175 -0.393806
41.81800079 -14.35700035 394.81799316 0.190700 0.892359 -0.409059
41.21799850 -14.47700024 394.51800537 0.145972 0.905594 -0.398235
40.91799927 -14.39900017 394.51800537 0.230195 0.910647 -0.343121
40.91799927 -14.28899956 394.81799316 0.213904 0.903637 -0.371059
41.21799850 -14.33600044 394.81799316 0.092191 0.906772 -0.411419
40.91799927 -14.14400005 395.11801147 0.202009 0.883236 -0.423186
40.91799927 -13.99899960 395.41799927 0.221729 0.879477 -0.421137
41.21799850 -14.06000042 395.41799927 0.149763 0.900002 -0.409351
41.21799850 -14.18299961 395.11801147 0.105635 0.917790 -0.382756
40.31800079 -13.99600029 395.11801147 0.149127 0.904703 -0.399092
40.61800003 -14.05300045 395.11801147 0.227662 0.879399 -0.418124
40.61800003 -13.91100025 395.41799927 0.213172 0.889441 -0.404292
40.31800079 -13.84000015 395.41799927 0.165544 0.896817 -0.410261
39.71799850 -13.59200001 395.71798706 0.210959 0.886617 -0.411591
40.01800156 -13.67399979 395.71798706 0.234158 0.881447 -0.410149
43.91799927 -13.18000031 398.11801147 0.070872 0.924006 -0.375753
44.21799850 -13.19999981 398.11801147 0.054602 0.920235 -0.387538
43.91799927 -13.05799961 398.41799927 0.040693 0.925427 -0.376734
44.21799850 -13.06000042 398.41799927 0.038033 0.924605 -0.379023
38.51800156 -12.95800018 396.31799316 0.330684 0.852325 -0.405204
38.81800079 -13.04599953 396.31799316 0.306674 0.855298 -0.417632
37.31800079 -12.26799965 396.91799927 0.300518 0.839272 -0.453113
37.31800079 -12.13500023 397.21798706 0.339875 0.873310 -0.349019
37.61800003 -12.24800014 397.21798706 0.299888 0.884595 -0.357153
37.91799927 -12.33800030 397.21798706 0.336087 0.877476 -0.342170
37.61800003 -12.35999966 396.91799927 0.265627 0.880922 -0.391688
43.91799927 -13.42599964 397.51800537 0.052195 0.911403 -0.408191
44.21799850 -13.43000031 397.51800537 0.019381 0.926419 -0.375994
43.91799927 -13.29699993 397.81799316 0.068310 0.922851 -0.379052
44.21799850 -13.33699989 397.81799316 0.048504 0.929449 -0.365749
67.67800140 7.75299978 380.41799927 -0.982827 -0.164807 0.083005
43.31800079 -13.13899994 398.11801147 0.055371 0.946452 -0.318060
43.61800003 -13.15299988 398.11801147 0.056251 0.935330 -0.349277
43.31800079 -13.03699970 398.41799927 0.051692 0.921175 -0.385701
67.73999786 7.45300007 380.41799927 -0.991898 -0.099533 0.078940
43.61800003 -13.04500008 398.41799927 0.070838 0.926236 -0.370227
43.31800079 -13.40100002 397.51800537 0.075931 0.890460 -0.448682
43.61800003 -13.41800022 397.51800537 0.047290 0.898502 -0.436415
43.31800079 -13.25199986 397.81799316 0.077204 0.916961 -0.391435
43.61800003 -13.26099968 397.81799316 0.057418 0.917352 -0.393914
67.67099762 7.75299978 380.11801147 -0.984877 -0.159614 0.067393
67.69400024 7.45300007 380.11801147 -0.992146 -0.099101 0.076319
42.71799850 -13.31700039 397.51800537 0.105483 0.887460 -0.448652
43.01800156 -13.35799980 397.51800537 0.120865 0.885870 -0.447912
42.71799850 -13.17399979 397.81799316 0.117821 0.913459 -0.389502
43.01800156 -13.20499992 397.81799316 0.126787 0.912590 -0.388722
42.71799850 -13.05300045 398.11801147 0.161369 0.921907 -0.352205
43.01800156 -13.11499977 398.11801147 0.131743 0.938496 -0.319170
43.01800156 -13.03299999 398.41799927 0.139342 0.907832 -0.395505
42.11800003 -13.25800037 397.51800537 0.079980 0.917736 -0.389055
42.41799927 -13.27600002 397.51800537 0.086763 0.902061 -0.422798
42.11800003 -13.13799953 397.81799316 0.041272 0.909317 -0.414052
42.41799927 -13.15699959 397.81799316 0.074536 0.914756 -0.397072
40.61800003 -13.00100040 397.51800537 0.135983 0.912625 -0.385518
40.31800079 -13.15600014 396.91799927 0.109201 0.880700 -0.460914
40.61800003 -13.21899986 396.91799927 0.234667 0.855398 -0.461764
40.31800079 -13.03199959 397.21798706 0.137482 0.920710 -0.365229
40.61800003 -13.09300041 397.21798706 0.190792 0.910925 -0.365805
39.71799850 -13.06700039 396.91799927 0.265485 0.866239 -0.423259
40.01800156 -13.16600037 396.91799927 0.161850 0.873409 -0.459305
40.01800156 -12.99300003 397.21798706 0.147593 0.915074 -0.375307
39.71799850 -12.94099998 397.21798706 0.201667 0.916797 -0.344693
67.63999939 7.75299978 379.81799316 -0.989750 -0.132197 0.054028
39.11800003 -12.88899994 396.91799927 0.292019 0.879082 -0.376749
39.11800003 -12.75599957 397.21798706 0.331856 0.887452 -0.319843
39.41799927 -12.87300014 397.21798706 0.257280 0.911381 -0.321236
67.67700195 7.45300007 379.81799316 -0.993356 -0.086820 0.075545
39.41799927 -12.96500015 396.91799927 0.254333 0.890909 -0.376294
38.51800156 -12.68500042 396.91799927 0.210841 0.916513 -0.339927
38.81800079 -12.77999973 396.91799927 0.319178 0.872014 -0.371102
38.51800156 -12.56900024 397.21798706 0.255383 0.899006 -0.355764
38.81800079 -12.64299965 397.21798706 0.293956 0.902548 -0.314636
67.62500000 7.75299978 379.51800537 -0.989259 -0.136727 0.051703
38.51800156 -12.77499962 396.61801147 0.276544 0.874967 -0.397437
38.81800079 -12.91600037 396.61801147 0.333445 0.851447 -0.404786
37.91799927 -12.46500015 396.91799927 0.362760 0.851629 -0.378329
38.21799850 -12.62600040 396.91799927 0.326874 0.867059 -0.375981
38.21799850 -12.47799969 397.21798706 0.340970 0.859368 -0.381084
67.65699768 7.45300007 379.51800537 -0.994925 -0.087429 0.049802
57.41799927 21.84000015 372.61801147 -0.559927 -0.821711 0.106168
62.48600006 -7.54699993 390.91799927 -0.767270 0.587663 -0.256807
62.38999939 -7.54699993 391.21798706 -0.775477 0.574136 -0.262687
66.12699890 -3.94700003 383.71798706 -0.927255 0.245659 -0.282578
66.24500275 -3.64700007 383.71798706 -0.878214 0.421960 -0.225145
66.41799927 -3.36999989 383.71798706 -0.919712 0.356336 -0.164788
66.12400055 -3.94700003 384.01800537 -0.943968 0.314656 -0.099575
66.21900177 -3.64700007 384.01800537 -0.910608 0.399341 -0.106399
61.98899841 -8.14700031 390.91799927 -0.712287 0.655430 -0.251117
65.93299866 -1.84700000 390.61801147 -0.918594 0.375473 -0.123310
62.25799942 -7.84700012 390.91799927 -0.755822 0.611856 -0.233163
65.81900024 -2.14700007 390.61801147 -0.905994 0.401568 -0.133856
62.17200089 -7.84700012 391.21798706 -0.737383 0.620036 -0.267995
65.97499847 -1.84700000 390.31799316 -0.915502 0.378780 -0.135578
65.84200287 -2.14700007 390.31799316 -0.909737 0.387873 -0.148097
51.11800003 26.34000015 375.91799927 -0.319834 -0.854434 0.409449
51.41799927 26.24300003 375.91799927 -0.289936 -0.857536 0.424933
51.11800003 26.48200035 376.21798706 -0.306011 -0.884868 0.351234
51.41799927 26.37599945 376.21798706 -0.281529 -0.880718 0.380892
51.71799850 25.88199997 375.31799316 -0.241071 -0.904380 0.352109
52.01800156 25.80100060 375.31799316 -0.285932 -0.887737 0.360784
51.71799850 26.00300026 375.61801147 -0.259772 -0.892132 0.369619
52.01800156 25.90900040 375.61801147 -0.254706 -0.899570 0.354822
52.91799927 24.90600014 374.11801147 -0.337347 -0.871607 0.355665
52.91799927 25.04299927 374.41799927 -0.380138 -0.834411 0.399066
53.21799850 24.95100021 374.41799927 -0.323266 -0.868681 0.375356
55.01800156 24.46800041 375.31799316 -0.401713 -0.833358 0.379658
54.71799850 24.60799980 375.31799316 -0.415975 -0.836658 0.356325
54.71799850 24.73600006 375.61801147 -0.425845 -0.824777 0.372020
55.01800156 24.57600021 375.61801147 -0.385095 -0.849703 0.360149
53.21799850 24.82500076 374.11801147 -0.328611 -0.869674 0.368350
55.31800079 24.31599998 375.31799316 -0.430514 -0.811414 0.395304
53.81800079 24.52700043 374.11801147 -0.420737 -0.824010 0.379457
53.51800156 24.69700050 374.11801147 -0.422492 -0.817880 0.390606
55.31800079 24.46599960 375.61801147 -0.431231 -0.829291 0.355410
55.61800003 24.27700043 375.61801147 -0.469410 -0.809932 0.351660
53.51800156 24.81500053 374.41799927 -0.410299 -0.837890 0.359994
53.81800079 24.64599991 374.41799927 -0.436218 -0.823263 0.363251
53.51800156 24.37299919 373.51800537 -0.345484 -0.867550 0.357768
53.51800156 24.51499939 373.81799316 -0.379428 -0.808487 0.449871
53.81800079 24.38699913 373.81799316 -0.381234 -0.839343 0.387510
55.91799927 24.47999954 376.51800537 -0.470302 -0.815508 0.337288
56.21799850 24.31999969 376.51800537 -0.472494 -0.824117 0.312380
56.21799850 24.42099953 376.81799316 -0.485748 -0.811690 0.324359
55.91799927 24.62000084 376.81799316 -0.498888 -0.790841 0.354515
49.91799927 -16.52099991 389.41799927 -0.473257 0.843899 -0.252710
50.21799850 -16.35000038 389.41799927 -0.279827 0.932288 -0.229205
34.01800156 25.58699989 379.21798706 0.454766 -0.812197 0.365409
34.91799927 24.92799950 376.51800537 0.457116 -0.827836 0.325165
35.21799850 25.10400009 376.51800537 0.445690 -0.829960 0.335449
34.91799927 25.06999969 376.81799316 0.460526 -0.828318 0.319068
35.21799850 25.21800041 376.81799316 0.437759 -0.842803 0.313130
35.51800156 25.01700020 375.91799927 0.409604 -0.830278 0.377974
35.81800079 25.15099907 375.91799927 0.383719 -0.844182 0.374322
35.51800156 25.13599968 376.21798706 0.411475 -0.843289 0.345764
35.81800079 25.28199959 376.21798706 0.392597 -0.843066 0.367570
36.41799927 25.53599930 376.21798706 0.341968 -0.855694 0.388389
36.11800003 25.27599907 375.91799927 0.351259 -0.858805 0.372922
36.41799927 25.39200020 375.91799927 0.341876 -0.858558 0.382097
36.11800003 25.41900063 376.21798706 0.358146 -0.854278 0.376751
36.11800003 25.03400040 375.31799316 0.401060 -0.847376 0.348002
36.41799927 25.16200066 375.31799316 0.350896 -0.876480 0.329629
36.11800003 25.15399933 375.61801147 0.372922 -0.858805 0.351259
36.41799927 25.26899910 375.61801147 0.342170 -0.877476 0.336087
37.01800156 25.52000046 375.61801147 0.357954 -0.864927 0.351809
36.71799850 25.28000069 375.31799316 0.357193 -0.869220 0.341863
37.01800156 25.41600037 375.31799316 0.338247 -0.870871 0.356613
36.71799850 25.38899994 375.61801147 0.366909 -0.867378 0.336205
36.71799850 25.04400063 374.71798706 0.345109 -0.855808 0.385346
37.01800156 25.15999985 374.71798706 0.346338 -0.874237 0.340235
36.71799850 25.16099930 375.01800537 0.331610 -0.879751 0.340695
37.01800156 25.27000046 375.01800537 0.328106 -0.871388 0.364732
37.61800003 25.51099968 375.01800537 0.351809 -0.864927 0.357954
37.31800079 25.26000023 374.71798706 0.323076 -0.894786 0.308188
37.61800003 25.38800049 374.71798706 0.341863 -0.869220 0.357193
37.31800079 25.38199997 375.01800537 0.339442 -0.864732 0.370160
68.09500122 9.25300026 390.61801147 -0.995395 -0.095566 -0.007516
68.06600189 9.55300045 390.31799316 -0.999303 -0.031838 0.019514
68.08200073 9.25300026 390.31799316 -0.998144 -0.024242 0.055862
68.06199646 9.55300045 390.01800537 -0.999672 -0.025117 -0.005023
68.06099701 9.25300026 390.01800537 -0.999936 -0.008937 -0.006951
68.07299805 9.55300045 389.71798706 -0.998957 -0.034303 -0.030145
68.08599854 9.25300026 389.71798706 -0.998835 -0.003073 -0.048149
35.51800156 23.58399963 372.61801147 0.378553 -0.898882 0.220701
35.51800156 23.55500031 372.31799316 0.237019 -0.967089 0.092526
36.41799927 24.00600052 372.61801147 0.494510 -0.795377 0.350478
36.32899857 23.95299911 372.61801147 0.458154 -0.819604 0.344012
36.11800003 23.85199928 372.61801147 0.351080 -0.869269 0.348014
35.81800079 23.76300049 372.61801147 0.390961 -0.877020 0.279258
35.81800079 23.66300011 372.31799316 0.189332 -0.929828 0.315553
35.79199982 23.65299988 372.31799316 0.215333 -0.930293 0.296962
35.81800079 23.91099930 373.21798706 0.391418 -0.846774 0.360230
35.51800156 23.84700012 373.21798706 0.330675 -0.873164 0.358104
35.81800079 23.85400009 372.91799927 0.368580 -0.883088 0.290351
35.51800156 23.66699982 372.91799927 0.401852 -0.842794 0.358070
35.21799850 23.71999931 373.21798706 0.354496 -0.856055 0.376169
34.31800079 23.57500076 374.11801147 0.466380 -0.827550 0.312490
34.61800003 23.91699982 374.41799927 0.479084 -0.806962 0.345386
34.31800079 23.73600006 374.41799927 0.493167 -0.780982 0.383215
34.61800003 23.74900055 374.11801147 0.481451 -0.782966 0.393915
67.96800232 10.15299988 388.81799316 -0.990987 -0.102437 0.086323
68.01699829 9.85299969 388.81799316 -0.985683 -0.160188 0.052617
67.91999817 10.15299988 388.51800537 -0.985897 -0.154304 0.064784
68.03700256 9.85299969 388.51800537 -0.983705 -0.173179 0.048302
67.92700195 10.15299988 388.21798706 -0.982528 -0.183421 0.031544
68.00399780 9.85299969 388.21798706 -0.986896 -0.156191 0.040494
67.94200134 10.15299988 387.91799927 -0.984683 -0.174169 0.007969
67.99400330 9.85299969 387.91799927 -0.994704 -0.101101 0.018481
67.51899719 8.35299969 379.81799316 -0.984354 -0.158306 0.077368
67.91100311 10.15299988 387.31799316 -0.988525 -0.111400 0.102019
67.95600128 10.15299988 387.61801147 -0.988312 -0.144153 0.049589
67.97899628 9.85299969 387.61801147 -0.994502 -0.056797 0.087979
67.93599701 9.85299969 387.31799316 -0.990487 -0.037355 0.132442
67.59799957 8.05300045 379.81799316 -0.976583 -0.207448 0.057018
67.49500275 8.35299969 379.51800537 -0.979626 -0.187691 0.071444
67.58699799 8.05300045 379.51800537 -0.978007 -0.201390 0.054267
67.64499664 10.75300026 385.21798706 -0.985293 -0.144160 0.091738
67.69699860 10.45300007 385.21798706 -0.987850 -0.128033 0.088096
67.63300323 10.75300026 384.91799927 -0.980949 -0.179780 0.073601
67.67299652 10.45300007 384.91799927 -0.990606 -0.122537 0.060696
66.82800293 12.55300045 381.61801147 -0.952184 -0.273004 0.137168
66.89199829 12.25300026 381.61801147 -0.957840 -0.247057 0.146649
66.77899933 12.55300045 381.31799316 -0.951265 -0.266998 0.154295
66.85399628 12.25300026 381.31799316 -0.958423 -0.246527 0.143698
66.67700195 12.55300045 380.71798706 -0.942590 -0.297875 0.150978
66.73500061 12.55300045 381.01800537 -0.942099 -0.288509 0.170918
66.80100250 12.25300026 381.01800537 -0.954596 -0.258896 0.147372
66.75800323 12.25300026 380.71798706 -0.948537 -0.287638 0.132447
66.62200165 12.55300045 380.41799927 -0.942723 -0.304322 0.136607
66.57399750 12.55300045 380.11801147 -0.941824 -0.300351 0.150855
66.66999817 12.25300026 380.11801147 -0.931634 -0.325310 0.161963
66.51000214 12.55300045 379.81799316 -0.940462 -0.299798 0.160166
66.63300323 12.25300026 379.81799316 -0.933174 -0.323923 0.155759
66.47100067 12.55300045 379.51800537 -0.937612 -0.317997 0.140574
66.57199860 12.25300026 379.51800537 -0.939942 -0.315117 0.131186
66.33699799 13.15299988 379.81799316 -0.933210 -0.312924 0.176628
66.43699646 12.85299969 379.81799316 -0.937079 -0.306856 0.166500
66.25900269 13.15299988 379.51800537 -0.921145 -0.331726 0.203592
66.37899780 12.85299969 379.51800537 -0.932048 -0.322685 0.164805
66.43900299 12.55300045 379.21798706 -0.930687 -0.339557 0.136098
66.54799652 12.25300026 379.21798706 -0.938157 -0.323549 0.123192
66.37000275 12.55300045 378.91799927 -0.917933 -0.348672 0.189279
66.51399994 12.25300026 378.91799927 -0.917386 -0.346695 0.195462
66.20300293 13.15299988 379.21798706 -0.918880 -0.354284 0.173613
66.32499695 12.85299969 379.21798706 -0.927905 -0.338052 0.157201
66.16100311 13.15299988 378.91799927 -0.919644 -0.358029 0.161464
66.27300262 12.85299969 378.91799927 -0.925895 -0.332985 0.178435
66.10399628 13.15299988 378.61801147 -0.921061 -0.352956 0.164525
66.03700256 13.15299988 378.31799316 -0.918509 -0.338548 0.204272
23.33499908 14.65299988 386.11801147 0.955968 -0.264305 0.127550
23.42200089 14.95300007 386.11801147 0.937099 -0.305006 0.169754
66.20600128 12.85299969 378.61801147 -0.927598 -0.331585 0.172088
66.16699982 12.85299969 378.31799316 -0.911706 -0.357504 0.202442
23.29599953 14.65299988 386.41799927 0.961109 -0.234705 0.145543
65.96399689 13.15299988 378.01800537 -0.915900 -0.327416 0.232220
66.07599640 12.85299969 378.01800537 -0.902659 -0.373564 0.213673
65.88899994 13.15299988 377.71798706 -0.924151 -0.336183 0.181454
65.99600220 12.85299969 377.71798706 -0.898839 -0.395142 0.189610
65.75499725 13.75300026 378.01800537 -0.909856 -0.363655 0.199795
65.85800171 13.45300007 378.01800537 -0.915283 -0.327196 0.234947
65.66799927 13.75300026 377.71798706 -0.915429 -0.348121 0.201996
65.77999878 13.45300007 377.71798706 -0.920617 -0.341863 0.188663
65.85299683 13.15299988 377.41799927 -0.923313 -0.355120 0.146226
65.95600128 12.85299969 377.41799927 -0.919657 -0.372012 0.125848
65.79299927 13.15299988 377.11801147 -0.910288 -0.379168 0.166152
65.92199707 12.85299969 377.11801147 -0.913643 -0.378690 0.147816
65.61699677 13.75300026 377.41799927 -0.905536 -0.364831 0.216573
65.73699951 13.45300007 377.41799927 -0.915673 -0.362010 0.174617
65.53399658 13.75300026 377.11801147 -0.905009 -0.379613 0.191972
65.66400146 13.45300007 377.11801147 -0.910950 -0.370386 0.181618
65.50399780 13.75300026 376.81799316 -0.910731 -0.385472 0.148259
65.44100189 13.75300026 376.51800537 -0.890628 -0.406432 0.203949
65.60199738 13.45300007 376.81799316 -0.912195 -0.382079 0.148038
65.55999756 13.45300007 376.51800537 -0.902140 -0.398886 0.164415
65.09799957 14.35299969 376.21798706 -0.880661 -0.417311 0.224249
65.21199799 14.05300045 376.21798706 -0.892802 -0.400221 0.206708
65.04499817 14.35299969 375.91799927 -0.875149 -0.476205 0.085689
65.13200378 14.05300045 375.91799927 -0.893808 -0.447572 0.028057
65.36199951 13.75300026 376.21798706 -0.890130 -0.429966 0.150991
65.48999786 13.45300007 376.21798706 -0.883942 -0.458081 0.093858
65.32800293 13.75300026 375.91799927 -0.848939 -0.518557 -0.101988
65.48500061 13.45300007 375.91799927 -0.813893 -0.533877 -0.229244
23.79899979 15.25300026 384.31799316 0.933907 -0.337508 0.117924
23.90800095 15.55300045 384.31799316 0.924559 -0.367923 0.099108
23.75000000 15.25300026 384.61801147 0.933979 -0.339260 0.112186
23.87500000 15.55300045 384.61801147 0.923875 -0.365444 0.113602
23.66500092 14.65299988 383.71798706 0.928606 -0.351475 0.118982
23.77000046 14.95300007 383.71798706 0.931916 -0.336258 0.135876
23.61800003 14.65299988 384.01800537 0.929443 -0.342861 0.136318
23.73100090 14.95300007 384.01800537 0.931397 -0.338815 0.133057
59.81800079 -11.01799965 389.41799927 -0.632213 0.712647 -0.304041
63.52099991 16.45299911 374.71798706 -0.760429 -0.644111 0.082877
63.41799927 16.58099937 374.71798706 -0.769815 -0.636550 0.046784
63.27700043 16.75300026 374.71798706 -0.777317 -0.624449 0.076434
63.55699921 16.45299911 375.01800537 -0.799524 -0.586712 0.128574
63.33000183 16.75300026 375.01800537 -0.793865 -0.577495 0.190467
64.78800201 15.85299969 378.31799316 -0.849381 -0.479953 0.219537
64.63700104 16.15299988 378.31799316 -0.858001 -0.458509 0.231524
64.88200378 15.85299969 378.61801147 -0.851939 -0.466213 0.238422
64.72399902 16.15299988 378.61801147 -0.853089 -0.460759 0.244826
46.91799927 27.63599968 377.11801147 -0.079781 -0.918162 0.388089
47.21799850 27.63100052 377.11801147 -0.060290 -0.917750 0.392556
46.91799927 27.78100014 377.41799927 -0.080433 -0.912027 0.402165
47.21799850 27.76199913 377.41799927 -0.077230 -0.914568 0.396990
47.51800156 27.60199928 377.11801147 -0.088238 -0.919034 0.384175
47.81800079 27.57200050 377.11801147 -0.079319 -0.923591 0.375083
47.51800156 27.72599983 377.41799927 -0.085667 -0.917863 0.387542
47.81800079 27.69700050 377.41799927 -0.093954 -0.919115 0.382624
47.81800079 27.83300018 377.71798706 -0.123182 -0.917636 0.377850
67.36199951 12.25300026 385.21798706 -0.971490 -0.205921 0.117488
67.49099731 8.35299969 379.21798706 -0.975124 -0.197509 0.100618
67.55500031 8.05300045 379.21798706 -0.975837 -0.196652 0.095234
67.45600128 8.35299969 378.91799927 -0.976349 -0.187330 0.107932
67.50900269 8.05300045 378.91799927 -0.976536 -0.184884 0.110434
26.63100052 -6.34700012 390.91799927 0.810397 0.523088 -0.263886
26.72900009 -6.34700012 391.21798706 0.809742 0.492818 -0.318509
26.52000046 -6.04699993 391.21798706 0.779953 0.525866 -0.339320
59.51800156 -7.69500017 398.11801147 -0.636208 0.710298 -0.301192
27.01099968 -6.04699993 392.71798706 0.796364 0.541905 -0.268596
60.11800003 -7.78800011 396.61801147 -0.681248 0.674836 -0.283720
60.11800003 -7.91499996 396.31799316 -0.688436 0.669268 -0.279527
27.03700066 -5.44700003 393.91799927 0.766436 0.579191 -0.277694
27.11199951 -5.44700003 394.21798706 0.784520 0.584152 -0.208075
67.32199860 12.25300026 384.91799927 -0.973046 -0.200148 0.114550
27.16699982 -5.14699984 395.11801147 0.771110 0.557179 -0.308125
27.28599930 -5.14699984 395.41799927 0.768130 0.553246 -0.322326
62.03400040 -7.24700022 393.01800537 -0.745250 0.619203 -0.247366
62.14500046 -7.24700022 392.71798706 -0.754283 0.602478 -0.260916
25.07699966 16.45299911 380.11801147 0.853541 -0.482826 0.195821
25.25399971 16.75300026 380.11801147 0.866549 -0.474921 0.153436
24.99900055 16.45299911 380.41799927 0.854875 -0.471915 0.215603
25.19700050 16.75300026 380.41799927 0.836701 -0.498363 0.227083
63.61899948 -6.64699984 389.41799927 -0.806878 0.524862 -0.271048
63.38999939 -6.94700003 389.41799927 -0.779795 0.558352 -0.283130
63.70999908 -6.64699984 389.11801147 -0.834630 0.518824 -0.184972
63.50299835 -6.94700003 389.11801147 -0.805895 0.551078 -0.216440
63.75299835 -6.64699984 388.81799316 -0.818672 0.543260 -0.186131
63.84899902 -6.64699984 388.51800537 -0.802265 0.559898 -0.207086
61.33700180 19.45299911 375.31799316 -0.718079 -0.583337 0.379580
61.51900101 19.45299911 375.61801147 -0.750588 -0.583433 0.310200
64.57599640 -6.04699993 387.01800537 -0.856234 0.471004 -0.212177
64.38700104 -6.34700012 387.01800537 -0.847966 0.489501 -0.203331
64.62200165 -6.04699993 386.71798706 -0.861382 0.472945 -0.185323
58.61800003 -12.31700039 388.81799316 -0.596576 0.732382 -0.328198
64.44499969 -6.34700012 386.71798706 -0.856130 0.480922 -0.189093
64.69599915 -6.04699993 386.41799927 -0.852985 0.476889 -0.212118
64.52799988 -6.34700012 386.41799927 -0.852298 0.479512 -0.208941
64.77500153 -6.04699993 386.11801147 -0.851754 0.490766 -0.183478
64.59500122 -6.34700012 386.11801147 -0.851285 0.490495 -0.186358
64.81500244 -6.04699993 385.81799316 -0.855481 0.502288 -0.125934
64.65499878 -6.34700012 385.81799316 -0.867404 0.483166 -0.118999
64.86799622 -6.04699993 385.51800537 -0.836064 0.524211 -0.161867
64.68199921 -6.34700012 385.51800537 -0.862368 0.489687 -0.128561
61.11899948 19.75300026 375.31799316 -0.758419 -0.597590 0.260165
61.24499893 19.75300026 375.61801147 -0.689558 -0.673633 0.265950
61.01800156 19.97500038 375.61801147 -0.677368 -0.674150 0.294438
64.73200226 -6.34700012 385.21798706 -0.846769 0.487533 -0.212824
64.81400299 -6.34700012 384.91799927 -0.832253 0.477573 -0.281566
64.94000244 -6.04699993 385.21798706 -0.839023 0.511819 -0.184615
65.00299835 -6.04699993 384.91799927 -0.850665 0.459695 -0.255047
25.20999908 16.45299911 379.51800537 0.863506 -0.459439 0.208020
68.51799774 9.19600010 376.81799316 0.180896 -0.296890 -0.937621
25.14299965 16.45299911 379.81799316 0.869823 -0.456325 0.187551
65.09999847 -6.04699993 384.61801147 -0.883374 0.408282 -0.230123
64.96800232 -6.34700012 384.61801147 -0.832866 0.464092 -0.301582
25.29700089 16.75300026 379.81799316 0.859400 -0.476455 0.185535
25.38199997 16.75300026 379.51800537 0.846726 -0.483194 0.222663
61.62099838 19.45299911 375.91799927 -0.765849 -0.596705 0.239622
61.35100174 19.75300026 375.91799927 -0.750243 -0.625979 0.212802
34.91799927 23.58600044 373.21798706 0.434442 -0.826231 0.358612
61.70700073 19.45299911 376.21798706 -0.734478 -0.623433 0.268092
61.41600037 19.75300026 376.21798706 -0.732534 -0.631276 0.254725
35.21799850 23.58600044 372.91799927 0.337174 -0.874212 0.349380
34.91799927 23.44000053 372.91799927 0.460199 -0.813708 0.355101
34.61800003 23.39999962 373.21798706 0.478961 -0.791817 0.378976
34.31800079 23.22400093 373.21798706 0.463901 -0.811429 0.355498
34.61800003 23.24399948 372.91799927 0.459041 -0.831913 0.311772
34.31800079 23.11400032 372.91799927 0.469077 -0.837527 0.280208
25.28800011 16.45299911 379.21798706 0.852941 -0.481185 0.202367
34.61800003 23.62800026 373.81799316 0.419077 -0.864061 0.278877
34.31800079 23.51899910 373.81799316 0.432024 -0.859468 0.273259
34.61800003 23.53300095 373.51800537 0.444528 -0.830937 0.334574
34.31800079 23.36100006 373.51800537 0.462863 -0.795092 0.391901
25.35499954 16.45299911 378.91799927 0.857545 -0.485598 0.169738
25.51899910 16.75300026 378.91799927 0.861382 -0.472945 0.185323
25.45700073 16.75300026 379.21798706 0.862063 -0.468998 0.192066
42.41799927 -12.69400024 399.01800537 0.085824 0.941421 -0.326130
42.41799927 -12.79399967 398.71798706 0.111275 0.939801 -0.323098
42.11800003 -12.73400021 398.71798706 0.163456 0.908247 -0.385188
44.81800079 -13.33100033 397.81799316 0.016718 0.927190 -0.374219
44.51800156 -13.33800030 397.81799316 0.016670 0.929668 -0.368020
44.81800079 -13.45800018 397.51800537 0.027259 0.925513 -0.377734
44.51800156 -13.44600010 397.51800537 0.019252 0.930501 -0.365783
44.81800079 -13.58600044 397.21798706 0.038355 0.916542 -0.398094
44.51800156 -13.55700016 397.21798706 0.038366 0.914172 -0.403506
44.81800079 -13.72799969 396.91799927 0.041051 0.915050 -0.401245
44.51800156 -13.70100021 396.91799927 0.030217 0.915709 -0.400705
45.71799850 -14.16899967 396.01800537 -0.035528 0.919785 -0.390810
46.01800156 -14.26200008 395.71798706 -0.071459 0.918184 -0.389655
45.71799850 -14.25800037 395.71798706 -0.027063 0.931736 -0.362127
46.01800156 -14.12100029 396.01800537 -0.089091 0.911473 -0.401596
46.61800003 -14.21399975 395.71798706 -0.094895 0.909063 -0.405709
46.31800079 -14.22299957 395.71798706 -0.080983 0.904535 -0.418639
46.61800003 -14.05799961 396.01800537 -0.074431 0.916175 -0.393806
46.31800079 -14.07699966 396.01800537 -0.074949 0.908923 -0.410174
46.91799927 -14.15799999 395.71798706 -0.088587 0.917215 -0.388419
46.61800003 -14.34000015 395.41799927 -0.102662 0.918483 -0.381903
46.31800079 -14.35999966 395.41799927 -0.076229 0.926786 -0.367772
46.61800003 -14.44600010 395.11801147 -0.086298 0.908186 -0.409574
46.31800079 -14.47299957 395.11801147 -0.051596 0.924756 -0.377046
47.21799850 -14.52900028 394.81799316 -0.082997 0.915692 -0.393217
46.91799927 -14.56900024 394.81799316 -0.088966 0.912932 -0.398296
47.21799850 -14.65699959 394.51800537 -0.088869 0.911935 -0.400595
46.91799927 -14.68799973 394.51800537 -0.096996 0.919410 -0.381152
47.21799850 -14.26700020 395.41799927 -0.052124 0.912845 -0.404966
46.91799927 -14.27499962 395.41799927 -0.094091 0.917726 -0.385909
47.21799850 -14.40499973 395.11801147 -0.063291 0.914351 -0.399945
46.91799927 -14.42300034 395.11801147 -0.098379 0.904808 -0.414300
35.21799850 23.94700050 373.81799316 0.385937 -0.836459 0.389087
34.91799927 23.78800011 373.81799316 0.450272 -0.823128 0.345998
47.81800079 -14.46700001 394.81799316 -0.132745 0.912450 -0.387058
47.51800156 -14.49600029 394.81799316 -0.099657 0.921482 -0.375419
47.81800079 -14.58100033 394.51800537 -0.118797 0.907052 -0.403911
47.51800156 -14.63599968 394.51800537 -0.100818 0.910121 -0.401890
35.21799850 23.83499908 373.51800537 0.383312 -0.868943 0.313064
34.91799927 23.69599915 373.51800537 0.426054 -0.856721 0.290701
47.81800079 -14.72799969 394.21798706 -0.119154 0.901368 -0.416339
49.61800003 -14.91100025 393.01800537 -0.197280 0.892875 -0.404790
49.31800079 -14.98099995 393.01800537 -0.167082 0.906814 -0.387003
49.61800003 -15.06599998 392.71798706 -0.203658 0.892288 -0.402921
49.31800079 -15.11800003 392.71798706 -0.142623 0.907987 -0.393979
50.21799850 -15.03999996 392.41799927 -0.244382 0.893104 -0.377681
49.91799927 -15.10599995 392.41799927 -0.232207 0.888895 -0.394900
50.21799850 -15.17599964 392.11801147 -0.259649 0.894676 -0.363508
49.91799927 -15.25699997 392.11801147 -0.225568 0.906640 -0.356544
68.00299835 6.25299978 389.71798706 -0.993423 0.114249 -0.007617
68.03199768 6.55299997 389.71798706 -0.997321 0.065205 -0.033137
68.00299835 6.25299978 390.01800537 -0.995149 0.097901 0.009683
68.01899719 6.55299997 390.01800537 -0.998778 0.048545 0.009296
52.61800003 -14.99300003 390.61801147 -0.311177 0.875849 -0.368859
52.31800079 -15.13500023 390.61801147 -0.355021 0.854221 -0.379826
52.61800003 -15.15100002 390.31799316 -0.318346 0.849441 -0.420838
52.31800079 -15.28699970 390.31799316 -0.342099 0.845095 -0.410832
34.91799927 24.09000015 374.41799927 0.461509 -0.830715 0.311323
35.21799850 24.10899925 374.11801147 0.398053 -0.813690 0.423630
52.61800003 -15.30700016 390.01800537 -0.339442 0.864732 -0.370160
34.91799927 23.95800018 374.11801147 0.460876 -0.787532 0.409129
53.21799850 -15.32999992 389.41799927 -0.349270 0.823392 -0.447255
53.21799850 -15.34700012 389.38198853 -0.361280 0.816462 -0.450407
34.91799927 24.17600060 374.71798706 0.454185 -0.835014 0.310594
59.21799850 24.82099915 382.51800537 -0.627910 -0.699671 0.340865
59.51800156 24.69499969 382.81799316 -0.621102 -0.702612 0.347230
59.81800079 24.44499969 382.81799316 -0.626727 -0.710938 0.319031
59.51800156 24.55400085 382.51800537 -0.609214 -0.719684 0.333037
59.81800079 24.30599976 382.51800537 -0.636647 -0.692007 0.340305
58.91799927 24.94499969 382.21798706 -0.615649 -0.707098 0.347834
59.21799850 24.66900063 382.21798706 -0.615642 -0.722289 0.315093
59.21799850 24.56699944 381.91799927 -0.588291 -0.759546 0.277496
57.71799850 -13.20899963 388.51800537 -0.556948 0.760355 -0.334169
58.91799927 24.79500008 381.91799927 -0.592618 -0.729001 0.342582
58.01800156 -12.95499992 388.51800537 -0.588486 0.725419 -0.357004
57.71799850 -13.00699997 388.81799316 -0.579278 0.729401 -0.363884
35.21799850 24.25699997 374.41799927 0.438314 -0.834210 0.334627
57.71799850 24.76600075 379.81799316 -0.538898 -0.773761 0.332991
58.01800156 24.55100060 379.81799316 -0.565947 -0.761544 0.315840
57.71799850 24.65099907 379.51800537 -0.536570 -0.780029 0.321942
58.01800156 24.43300056 379.51800537 -0.586049 -0.741037 0.327735
57.41799927 24.71800041 379.21798706 -0.540551 -0.766453 0.346921
57.41799927 24.57699966 378.91799927 -0.544786 -0.769771 0.332657
57.11800003 24.79800034 378.91799927 -0.536030 -0.774266 0.336427
57.11800003 24.94400024 379.21798706 -0.534024 -0.769576 0.350101
56.81800079 24.72100067 378.31799316 -0.503023 -0.766744 0.398837
35.21799850 24.46199989 375.01800537 0.472955 -0.824922 0.309542
67.04699707 10.75300026 379.81799316 -0.958561 -0.257622 0.121618
34.91799927 24.28700066 375.01800537 0.419223 -0.846239 0.328833
56.81800079 24.87100029 378.61801147 -0.501858 -0.790467 0.351141
56.51800156 25.05800056 378.61801147 -0.490666 -0.800729 0.343626
56.51800156 24.91799927 378.31799316 -0.504863 -0.771093 0.387981
67.12999725 10.45300007 379.81799316 -0.959574 -0.256494 0.115878
44.81800079 25.31200027 371.41799927 -0.037213 -0.975933 0.214873
67.02600098 10.75300026 379.51800537 -0.950472 -0.264842 0.162669
44.51800156 25.30200005 371.41799927 0.035424 -0.988441 0.147409
44.51800156 25.31200027 371.11801147 -0.093139 -0.974859 -0.202423
56.21799850 25.22299957 378.61801147 -0.469410 -0.809932 0.351660
55.91799927 25.40399933 378.61801147 -0.463374 -0.810506 0.358279
55.91799927 25.28100014 378.31799316 -0.471012 -0.813566 0.340968
56.21799850 25.11800003 378.31799316 -0.475681 -0.802412 0.360365
67.09899902 10.45300007 379.51800537 -0.958996 -0.245997 0.140758
35.21799850 24.35600090 374.71798706 0.475072 -0.826280 0.302603
55.31800079 25.23200035 377.41799927 -0.457307 -0.803898 0.380287
55.61800003 25.04100037 377.41799927 -0.463224 -0.813427 0.351795
55.61800003 24.94199944 377.11801147 -0.453070 -0.825629 0.336250
55.31800079 25.07999992 377.11801147 -0.432511 -0.825414 0.362802
55.01800156 25.38199997 377.41799927 -0.402458 -0.840934 0.361743
55.01800156 25.24099922 377.11801147 -0.428764 -0.817681 0.384135
54.71799850 25.40099907 377.11801147 -0.444721 -0.824554 0.349763
55.31800079 24.95299911 376.81799316 -0.415803 -0.839450 0.349902
61.76800156 -7.54699993 393.01800537 -0.731655 0.633680 -0.251259
61.88299942 -7.54699993 392.71798706 -0.727955 0.629196 -0.272386
35.21799850 24.70800018 375.61801147 0.447987 -0.814667 0.368274
34.91799927 24.53800011 375.61801147 0.448087 -0.811660 0.374735
35.21799850 24.57399940 375.31799316 0.454158 -0.828171 0.328440
54.71799850 25.25699997 376.81799316 -0.459008 -0.814780 0.354183
55.01800156 25.10700035 376.81799316 -0.430104 -0.830273 0.354481
34.91799927 24.42300034 375.31799316 0.439456 -0.836686 0.326855
55.01800156 24.97699928 376.51800537 -0.425201 -0.845730 0.322405
54.71799850 25.14399910 376.51800537 -0.445218 -0.829081 0.338240
54.41799927 25.44899940 376.81799316 -0.449751 -0.818452 0.357576
54.41799927 25.31200027 376.51800537 -0.452939 -0.815290 0.360762
55.01800156 24.87700081 376.21798706 -0.413373 -0.837749 0.356790
54.71799850 25.02599907 376.21798706 -0.414613 -0.833954 0.364165
54.71799850 24.87599945 375.91799927 -0.405024 -0.824342 0.395494
54.41799927 25.17000008 376.21798706 -0.422530 -0.814766 0.397019
54.11800003 25.33699989 376.21798706 -0.393395 -0.829448 0.396555
54.11800003 25.16399956 375.91799927 -0.423630 -0.813690 0.398053
54.41799927 25.01899910 375.91799927 -0.400199 -0.830452 0.387544
53.81800079 25.44000053 376.21798706 -0.322775 -0.870422 0.371727
53.81800079 25.32299995 375.91799927 -0.360723 -0.856137 0.370012
53.51800156 25.43300056 375.91799927 -0.333218 -0.874888 0.351477
53.21799850 25.19899940 375.01800537 -0.383892 -0.861831 0.331473
52.91799927 25.34700012 375.01800537 -0.359471 -0.862421 0.356385
52.91799927 25.18899918 374.71798706 -0.373779 -0.846086 0.380035
53.21799850 25.07999992 374.71798706 -0.348726 -0.864903 0.361016
35.81800079 24.78100014 375.01800537 0.364628 -0.879042 0.307135
35.51800156 24.63800049 375.01800537 0.450404 -0.843541 0.292531
52.61800003 25.42700005 375.01800537 -0.297421 -0.880184 0.369889
52.61800003 25.31100082 374.71798706 -0.305709 -0.893267 0.329569
52.31800079 25.41900063 374.71798706 -0.292351 -0.889045 0.352320
35.81800079 24.68899918 374.71798706 0.355830 -0.864159 0.355830
52.61800003 25.22999954 374.41799927 -0.391857 -0.847723 0.357511
52.31800079 25.30599976 374.41799927 -0.244757 -0.923206 0.296285
35.51800156 24.53599930 374.71798706 0.444050 -0.826470 0.346074
52.31800079 25.21899986 374.11801147 -0.282426 -0.862545 0.419823
52.61800003 25.06200027 374.11801147 -0.417830 -0.811647 0.408225
64.89600372 -4.24700022 390.01800537 -0.870761 0.459609 -0.174740
64.74199677 -4.54699993 390.01800537 -0.852941 0.481185 -0.202367
64.81600189 -4.54699993 389.71798706 -0.868867 0.463102 -0.174949
55.01800156 24.72599983 375.91799927 -0.405056 -0.821232 0.401880
64.20400238 19.75300026 384.31799316 -0.818541 -0.514112 0.256279
64.30500031 19.75300026 384.61801147 -0.832292 -0.505484 0.227544
35.51800156 24.74500084 375.31799316 0.433247 -0.839905 0.326890
57.41799927 -10.43900013 395.41799927 -0.549906 0.762773 -0.340265
64.57599640 19.45299911 384.91799927 -0.839317 -0.490748 0.233908
64.37300110 19.75300026 384.91799927 -0.819424 -0.528414 0.222087
64.64700317 19.45299911 385.21798706 -0.866703 -0.460760 0.191119
64.46700287 19.75300026 385.21798706 -0.820187 -0.525839 0.225360
64.02100372 20.05299950 384.31799316 -0.828949 -0.505982 0.238381
63.84400177 20.35300064 384.31799316 -0.826850 -0.522301 0.208616
64.12699890 20.05299950 384.61801147 -0.820794 -0.518964 0.238692
63.91899872 20.35300064 384.61801147 -0.807458 -0.541907 0.233128
35.81800079 25.00300026 375.61801147 0.396864 -0.839219 0.371766
60.41500092 21.25300026 377.11801147 -0.675027 -0.665314 0.318898
64.18900299 20.05299950 384.91799927 -0.838776 -0.507482 0.197271
35.51800156 24.87000084 375.61801147 0.417832 -0.830934 0.367377
60.14599991 21.55299950 377.11801147 -0.671839 -0.655492 0.344910
64.00499725 20.35300064 384.91799927 -0.816831 -0.530710 0.226128
60.56800079 21.25300026 377.41799927 -0.673259 -0.666770 0.319595
60.28799820 21.55299950 377.41799927 -0.693261 -0.651246 0.308655
60.11800003 21.73699951 377.41799927 -0.672704 -0.672704 0.308121
35.81800079 24.88699913 375.31799316 0.394450 -0.855415 0.335669
64.26399994 20.05299950 385.21798706 -0.826964 -0.510907 0.234741
64.08799744 20.35300064 385.21798706 -0.829004 -0.502939 0.244549
60.84199905 21.25300026 378.01800537 -0.691702 -0.656231 0.301511
60.41500092 21.55299950 377.71798706 -0.674949 -0.668475 0.312386
53.51800156 25.85499954 376.81799316 -0.348753 -0.854056 0.385953
53.81800079 25.72800064 376.81799316 -0.364375 -0.854344 0.370577
60.41799927 21.69300079 378.01800537 -0.671803 -0.668566 0.318904
53.81800079 25.58200073 376.51800537 -0.340686 -0.850937 0.399800
53.51800156 25.69799995 376.51800537 -0.342116 -0.842012 0.417100
36.41799927 25.78499985 376.81799316 0.405367 -0.843603 0.352153
36.11800003 25.63899994 376.81799316 0.368097 -0.864027 0.343455
36.41799927 25.67399979 376.51800537 0.388334 -0.846848 0.363380
60.11800003 21.97100067 378.01800537 -0.634511 -0.714829 0.293963
36.11800003 25.53800011 376.51800537 0.363489 -0.866545 0.342017
52.61800003 26.51000023 377.41799927 -0.373094 -0.856104 0.357613
52.31800079 26.62800026 377.41799927 -0.278931 -0.890490 0.359478
52.61800003 26.39200020 377.11801147 -0.383719 -0.844182 0.374322
52.31800079 26.49399948 377.11801147 -0.264443 -0.885960 0.380978
60.11800003 22.11300087 378.31799316 -0.634310 -0.702446 0.322833
60.41799927 21.94199944 378.61801147 -0.643215 -0.719447 0.262050
60.22299957 22.15299988 378.61801147 -0.685469 -0.666205 0.293773
52.61800003 26.61899948 377.71798706 -0.321521 -0.892782 0.315539
59.81800079 22.36800003 378.31799316 -0.618705 -0.681400 0.391021
55.01800156 -12.26700020 394.51800537 -0.429456 0.832169 -0.350801
54.71799850 -12.31799984 394.81799316 -0.407978 0.842530 -0.351705
55.01800156 -12.15100002 394.81799316 -0.434170 0.835424 -0.336991
52.61800003 26.71599960 378.01800537 -0.316184 -0.881987 0.349467
52.31800079 26.83399963 378.01800537 -0.327364 -0.865287 0.379620
52.31800079 26.73100090 377.71798706 -0.289200 -0.905769 0.309752
36.71799850 26.55599976 378.31799316 0.338247 -0.870871 0.356613
37.01800156 26.80599976 378.61801147 0.385816 -0.845045 0.370195
36.71799850 26.66900063 378.61801147 0.344395 -0.870936 0.350517
37.01800156 26.66500092 378.31799316 0.355989 -0.861462 0.362153
25.01199913 14.95300007 376.21798706 0.792601 -0.570981 -0.213925
25.01799965 14.95800018 376.21798706 0.793120 -0.571354 -0.210985
59.51800156 23.21199989 379.51800537 -0.627930 -0.696432 0.347400
59.81800079 23.07900047 379.81799316 -0.656401 -0.688657 0.308041
59.51800156 23.36599922 379.81799316 -0.628687 -0.709495 0.318384
59.21799850 23.47599983 379.51800537 -0.586321 -0.732495 0.345946
59.21799850 23.60799980 379.81799316 -0.597530 -0.724526 0.343539
37.61800003 27.55100060 379.81799316 0.363820 -0.847872 0.385680
37.31800079 27.43000031 379.81799316 0.340695 -0.879751 0.331610
39.11800003 27.17900085 377.71798706 0.283626 -0.886893 0.364661
39.41799927 27.37999916 378.01800537 0.286659 -0.895622 0.340129
39.11800003 27.26899910 378.01800537 0.264885 -0.898241 0.350713
39.41799927 27.27199936 377.71798706 0.269208 -0.893891 0.358449
37.61800003 27.41500092 379.51800537 0.321281 -0.875529 0.360870
37.31800079 27.32399940 379.51800537 0.311092 -0.888190 0.338143
58.91799927 23.69099998 379.51800537 -0.572146 -0.743951 0.345232
58.91799927 23.86499977 379.81799316 -0.564840 -0.735111 0.374923
45.71799850 -14.79500008 394.51800537 -0.041107 0.913640 -0.404441
46.01800156 -14.75899982 394.51800537 -0.055206 0.908886 -0.413375
49.61800003 28.43199921 379.81799316 -0.197560 -0.891217 0.408292
45.11800003 -14.78999996 394.51800537 0.009167 0.904870 -0.425590
49.61800003 28.30400085 379.51800537 -0.167819 -0.902207 0.397315
45.41799927 -14.78899956 394.51800537 -0.009120 0.910685 -0.413000
49.31800079 28.36300087 379.51800537 -0.191495 -0.887310 0.419535
50.21799850 28.29999924 379.81799316 -0.223311 -0.885851 0.406693
49.91799927 28.37400055 379.81799316 -0.183000 -0.903474 0.387615
50.21799850 28.16799927 379.51800537 -0.222610 -0.891912 0.393621
49.91799927 28.25499916 379.51800537 -0.203949 -0.890628 0.406432
63.15700150 -7.84700012 387.91799927 -0.808325 0.547575 -0.216269
52.31800079 -13.98999977 393.31799316 -0.317024 0.868371 -0.381348
52.61800003 -13.87899971 393.31799316 -0.327439 0.875708 -0.354852
52.31800079 -13.86299992 393.61801147 -0.302231 0.876318 -0.375131
52.61800003 -13.76599979 393.61801147 -0.315231 0.872597 -0.373100
22.23699951 9.85299969 387.91799927 0.994040 -0.109010 -0.001079
22.28300095 10.15299988 387.91799927 0.994066 -0.108776 0.001077
22.23200035 9.85299969 388.21798706 0.994381 -0.105185 0.011928
22.34000015 10.75300026 387.91799927 0.993974 -0.109478 0.005420
22.30100060 10.45300007 387.91799927 0.995318 -0.094430 -0.020623
22.44199944 11.05300045 386.11801147 0.976404 -0.189822 0.102975
22.52099991 11.35299969 386.11801147 0.968815 -0.226690 0.100048
22.41699982 11.05300045 386.41799927 0.980340 -0.189859 0.053734
22.48999977 11.35299969 386.41799927 0.971535 -0.228379 0.062958
22.37599945 10.45300007 386.11801147 0.988395 -0.134198 0.071183
22.40800095 10.75300026 386.11801147 0.989640 -0.117454 0.082567
22.35300064 10.45300007 386.41799927 0.991534 -0.122955 0.041737
22.37700081 10.75300026 386.41799927 0.992798 -0.105040 0.057603
22.16799927 8.95300007 388.81799316 0.999028 -0.043970 0.003068
22.15399933 8.65299988 388.81799316 0.999299 -0.035726 0.011228
22.17300034 8.95300007 388.51800537 0.997778 -0.065960 0.009423
22.14999962 8.65299988 388.51800537 0.999379 -0.031710 0.015344
22.14599991 8.35299969 388.81799316 0.999917 -0.012883 -0.000991
22.14599991 8.05300045 388.81799316 0.999513 -0.031203 -0.001007
22.15900040 8.35299969 388.51800537 0.999507 -0.031266 0.003026
22.13899994 8.05300045 388.51800537 0.998467 -0.053099 -0.015617
22.13400078 7.75299978 388.81799316 0.999668 -0.019205 -0.017183
22.12999916 7.45300007 388.81799316 0.999772 0.015102 -0.015102
22.11899948 7.75299978 388.51800537 0.999081 -0.025883 -0.034165
22.12999916 7.45300007 388.51800537 0.999235 0.019512 -0.033890
22.14699936 8.05300045 389.41799927 0.999794 -0.017048 -0.011031
22.14599991 8.05300045 389.11801147 0.999681 -0.025067 -0.003008
22.13999939 7.45300007 389.41799927 0.999777 0.019091 -0.009043
22.13400078 7.75299978 389.11801147 0.999815 -0.017014 -0.009007
22.13800049 7.45300007 389.11801147 0.999916 0.006951 -0.010923
67.52500153 11.05300045 384.31799316 -0.978493 -0.189346 0.081847
67.46299744 11.35299969 384.31799316 -0.973503 -0.212062 0.085569
67.53600311 11.05300045 384.61801147 -0.979086 -0.184112 0.086569
67.49500275 11.35299969 384.61801147 -0.975089 -0.205866 0.082593
21.86300087 2.95300007 381.61801147 0.825256 -0.159679 -0.541714
61.91299820 18.25300026 373.81799316 -0.722208 -0.691356 -0.021035
61.31800079 18.81100082 373.81799316 -0.662048 -0.715262 0.223813
61.61800003 18.56200027 373.81799316 -0.679463 -0.726627 0.101698
62.77999878 18.25300026 376.51800537 -0.734147 -0.577876 0.356493
62.54999924 18.55299950 376.51800537 -0.753273 -0.576599 0.316407
62.94400024 18.25300026 376.81799316 -0.771592 -0.550220 0.319224
62.71300125 18.55299950 376.81799316 -0.711758 -0.610776 0.346921
62.51800156 18.77000046 376.81799316 -0.717859 -0.624295 0.308115
61.81800079 19.15299988 375.91799927 -0.743046 -0.581163 0.331862
61.67399979 19.15299988 375.61801147 -0.793850 -0.542333 0.275096
61.60800171 19.15299988 375.31799316 -0.750648 -0.608420 0.257591
61.82699966 18.85300064 375.31799316 -0.765047 -0.614797 0.191645
45.11800003 26.18600082 373.51800537 -0.019490 -0.921240 0.388506
45.41799927 26.20199966 373.51800537 0.001282 -0.921514 0.388343
45.11800003 26.31999969 373.81799316 -0.003827 -0.927499 0.373806
45.41799927 26.32399940 373.81799316 0.006406 -0.923701 0.383061
44.51800156 26.08399963 373.21798706 0.061032 -0.904632 0.421800
44.81800079 26.08600044 373.21798706 -0.032921 -0.915207 0.401638
44.51800156 25.94099998 372.91799927 0.072456 -0.900917 0.427901
44.81800079 25.95800018 372.91799927 -0.011800 -0.903354 0.428733
29.21800041 -7.84700012 394.49600220 0.710893 0.623448 -0.325489
29.05299950 -7.84700012 394.21798706 0.693832 0.618379 -0.369059
29.21800041 -8.02400017 394.21798706 0.659939 0.672975 -0.334043
29.24600029 -8.14700031 393.91799927 0.707712 0.650200 -0.276375
28.91799927 -7.84899998 393.91799927 0.675130 0.671907 -0.304533
28.61800003 -7.22499990 394.51800537 0.750339 0.611911 -0.250113
28.63400078 -7.24700022 394.51800537 0.747511 0.615319 -0.250219
22.22500038 5.95300007 389.41799927 0.997249 0.071308 -0.020222
22.23900032 5.65299988 389.41799927 0.997174 0.074762 -0.007371
22.21500015 5.95300007 389.11801147 0.996115 0.073099 -0.049097
22.23200035 5.65299988 389.11801147 0.996522 0.070483 -0.044459
27.96400070 -6.94700003 393.31799316 0.766112 0.593776 -0.245971
28.02400017 -6.94700003 393.61801147 0.767757 0.588771 -0.252779
27.78199959 -6.64699984 393.61801147 0.764218 0.594741 -0.249509
61.91799927 18.86000061 375.61801147 -0.695694 -0.647270 0.311529
22.29500008 5.35300016 390.01800537 0.993655 0.095436 -0.059507
22.26799965 5.35300016 389.71798706 0.995025 0.078759 -0.061010
22.29199982 5.05299997 389.71798706 0.993983 0.072840 -0.081805
22.32200050 5.05299997 390.01800537 0.994452 0.090001 -0.054445
22.34099960 4.75299978 390.01800537 0.991821 0.103862 -0.074187
22.37000084 4.45300007 390.01800537 0.985164 0.146524 -0.089344
22.32399940 4.75299978 389.71798706 0.991449 0.102010 -0.081379
22.34799957 4.45300007 389.71798706 0.988083 0.138822 -0.066494
56.81800079 22.60799980 373.51800537 -0.507514 -0.784632 0.356065
56.51800156 22.78700066 373.51800537 -0.490670 -0.808255 0.325525
56.81800079 22.75200081 373.81799316 -0.495835 -0.801945 0.333214
56.51800156 22.89500046 373.81799316 -0.465908 -0.819682 0.333243
57.11800003 22.53700066 373.81799316 -0.540406 -0.774529 0.328734
27.67200089 -6.64699984 393.31799316 0.743143 0.613212 -0.267785
57.11800003 22.40600014 373.51800537 -0.544789 -0.752947 0.369155
57.41799927 22.18400002 373.51800537 -0.565712 -0.738523 0.366816
57.41799927 22.32299995 373.81799316 -0.565639 -0.750403 0.341976
57.71799850 21.93700027 373.51800537 -0.563511 -0.754039 0.337461
57.71799850 22.08200073 373.81799316 -0.580707 -0.733611 0.352979
58.01800156 21.99399948 374.11801147 -0.580659 -0.727868 0.364752
57.71799850 22.22800064 374.11801147 -0.561437 -0.743701 0.362900
57.71799850 22.36700058 374.41799927 -0.521509 -0.789440 0.323750
58.01800156 22.17000008 374.41799927 -0.587038 -0.721125 0.367921
58.01800156 22.30699921 374.71798706 -0.560539 -0.757616 0.334385
58.01800156 22.44400024 375.01800537 -0.557999 -0.769047 0.311776
27.45000076 -6.34700012 393.31799316 0.781030 0.560133 -0.276122
27.24300003 -6.04699993 393.31799316 0.773572 0.575059 -0.266260
27.57699966 -6.34700012 393.61801147 0.786295 0.545818 -0.289521
27.36599922 -6.04699993 393.61801147 0.763777 0.568429 -0.305831
67.33100128 11.65299988 383.71798706 -0.958356 -0.262081 0.113438
27.12000084 -5.74700022 393.61801147 0.752636 0.579321 -0.312930
67.36299896 11.65299988 384.01800537 -0.962116 -0.253053 0.101478
27.41799927 -8.44699955 388.86099243 0.658458 0.677968 -0.326790
27.11800003 -8.18000031 388.81799316 0.665056 0.611718 -0.428370
27.39599991 -8.44699955 388.81799316 0.646684 0.685778 -0.333930
27.44400024 -8.14700031 389.41799927 0.801110 0.393330 -0.451126
27.41799927 -8.14700031 389.36300659 0.793752 0.421933 -0.438099
27.11800003 -7.88600016 389.11801147 0.799726 0.482400 -0.357392
27.27700043 -8.14700031 389.11801147 0.728263 0.530096 -0.434316
27.63299942 -8.44699955 389.41799927 0.818525 0.510996 -0.262487
27.53700066 -8.44699955 389.11801147 0.725259 0.625996 -0.286581
28.31800079 -8.74699974 390.61898804 0.766964 0.558811 -0.315432
28.21100044 -8.44699955 390.91799927 0.740535 0.592106 -0.317833
28.31800079 -8.14700031 391.47100830 0.786923 0.379727 -0.486374
28.34199905 -8.44699955 391.21798706 0.726629 0.606873 -0.322047
28.61800003 -8.74699974 391.27899170 0.712362 0.608035 -0.350476
28.59000015 -8.74699974 391.21798706 0.716186 0.605251 -0.347489
28.40900040 -8.14700031 391.81799316 0.768089 0.615992 -0.174911
28.34799957 -8.14700031 391.51800537 0.830983 0.348477 -0.433625
28.60000038 -8.44699955 391.81799316 0.713265 0.625926 -0.315389
28.47100067 -8.44699955 391.51800537 0.783315 0.534441 -0.317474
28.73800087 -8.74699974 391.51800537 0.701729 0.636904 -0.319263
28.61800003 -8.14799976 392.41799927 0.699611 0.648145 -0.300752
28.87999916 -8.44699955 392.41799927 0.713174 0.608728 -0.347611
28.73600006 -8.44699955 392.11801147 0.712239 0.618139 -0.332595
28.99600029 -8.74699974 392.11801147 0.702605 0.641228 -0.308500
28.91799927 -8.13099957 393.01800537 0.676724 0.673509 -0.297373
29.20299911 -8.44699955 393.01800537 0.776198 0.590282 -0.221549
29.39200020 -8.74699974 393.01800537 0.641730 0.718165 -0.269113
29.02899933 -8.44699955 392.71798706 0.694939 0.612795 -0.376220
29.25699997 -8.74699974 392.71798706 0.678276 0.648857 -0.344858
29.46100044 -8.44699955 393.91799927 0.708102 0.616944 -0.343470
29.36000061 -8.44699955 393.61801147 0.729036 0.609944 -0.310605
29.21800041 -8.47599983 393.31799316 0.770820 0.593297 -0.232024
29.50799942 -8.74699974 393.31799316 0.676159 0.695073 -0.244300
29.61000061 -8.74699974 393.61801147 0.706461 0.642091 -0.297711
62.51200104 17.95299911 375.01800537 -0.758922 -0.605573 0.239413
29.51799965 -8.31400013 394.21798706 0.698843 0.596412 -0.394855
29.91200066 -8.74699974 394.21798706 0.724334 0.607663 -0.325707
30.41799927 -8.91300011 394.81799316 0.527990 0.786402 -0.320622
30.41799927 -9.04500008 394.51800537 0.531639 0.778987 -0.332475
30.11800003 -8.84099960 394.51800537 0.652050 0.690882 -0.312272
29.81800079 -8.43200016 394.81799316 0.709922 0.649300 -0.272802
29.83600044 -8.44699955 394.81799316 0.745009 0.644455 -0.172160
29.81800079 -8.42599964 394.51800537 0.765053 0.606766 -0.215705
29.84499931 -8.44699955 394.51800537 0.707216 0.672870 -0.217005
30.11800003 -8.70199966 394.81799316 0.568527 0.707758 -0.419351
62.40100098 17.95299911 374.71798706 -0.727321 -0.628647 0.275331
30.19799995 -8.44699955 395.41799927 0.661516 0.708880 -0.244714
30.11800003 -8.44699955 395.17898560 0.642962 0.694787 -0.322291
30.11800003 -8.47099972 395.11801147 0.649408 0.662561 -0.373204
26.41500092 -4.84700012 393.31799316 0.803782 0.520649 -0.287852
26.20700073 -4.54699993 393.31799316 0.809906 0.511105 -0.287792
26.03400040 -4.24700022 393.31799316 0.826108 0.485670 -0.285780
26.31599998 -4.54699993 393.61801147 0.821748 0.524878 -0.221887
26.14699936 -4.24700022 393.61801147 0.839489 0.499443 -0.214047
25.95299911 -3.94700003 393.61801147 0.832292 0.505484 -0.227544
25.85899925 -3.94700003 393.31799316 0.835322 0.487656 -0.253827
25.68099976 -3.64700007 393.31799316 0.816566 0.519069 -0.252562
25.76899910 -3.64700007 393.61801147 0.826687 0.509560 -0.238615
62.25600052 17.95299911 374.41799927 -0.720201 -0.654301 0.230653
62.20999908 17.95299911 374.11801147 -0.675341 -0.737119 0.023869
62.58000183 17.65299988 374.41799927 -0.764283 -0.639561 0.082664
62.51800156 17.70700073 374.11801147 -0.671464 -0.740973 0.009731
35.51800156 25.37800026 376.81799316 0.442216 -0.829352 0.341498
35.81800079 25.40800095 376.51800537 0.398001 -0.847508 0.351177
32.21799850 22.37299919 374.41799927 0.495574 -0.824921 0.271867
35.51800156 25.26300049 376.51800537 0.426811 -0.839551 0.336133
31.91799927 22.17799950 374.41799927 0.598078 -0.759039 0.257221
32.21799850 22.35000038 374.11801147 0.484106 -0.845288 0.226118
31.91799927 22.10000038 374.11801147 0.641100 -0.714642 0.279782
67.38800049 11.65299988 384.31799316 -0.962032 -0.251133 0.106892
35.81800079 25.53700066 376.81799316 0.378042 -0.859467 0.344095
31.91799927 22.41699982 375.01800537 0.541863 -0.791467 0.282780
31.91799927 22.31299973 374.71798706 0.552451 -0.770229 0.318660
32.21799850 22.63199997 375.01800537 0.614302 -0.735567 0.285611
32.48199844 22.75300026 374.71798706 0.560865 -0.728631 0.393099
32.21799850 22.51099968 374.71798706 0.566383 -0.748145 0.345672
31.61800003 22.20100021 375.01800537 0.574832 -0.746472 0.335184
31.31800079 21.95299911 375.01800537 0.577088 -0.739648 0.346253
31.61800003 22.07200050 374.71798706 0.600284 -0.723920 0.339998
67.41899872 11.65299988 384.61801147 -0.964568 -0.245920 0.095565
31.61800003 22.42600060 375.61801147 0.488105 -0.820832 0.296629
31.31800079 22.24699974 375.61801147 0.576924 -0.764464 0.287667
31.61800003 22.33799934 375.31799316 0.516401 -0.803817 0.295312
31.31800079 22.12700081 375.31799316 0.589103 -0.731916 0.342426
67.34700012 11.95300007 384.61801147 -0.968295 -0.222670 0.113243
25.84700012 -3.64700007 393.91799927 0.840922 0.498492 -0.210609
31.31800079 22.45199966 376.21798706 0.577179 -0.775338 0.256349
31.31800079 22.36499977 375.91799927 0.574267 -0.770436 0.276851
25.47999954 -3.34699988 393.31799316 0.835354 0.490751 -0.247683
36.11800003 26.64999962 379.21798706 0.383892 -0.861831 0.331473
25.32900047 -3.04699993 393.31799316 0.858664 0.445289 -0.253800
36.11800003 26.54700089 378.91799927 0.389272 -0.863168 0.321572
30.41799927 21.93000031 376.81799316 0.629654 -0.713393 0.307580
25.57600021 -3.34699988 393.61801147 0.823486 0.511395 -0.245655
25.40500069 -3.04699993 393.61801147 0.859679 0.463597 -0.214545
36.41799927 26.55900002 378.61801147 0.351080 -0.869269 0.348014
36.11800003 26.43400002 378.61801147 0.387769 -0.857418 0.338333
36.41799927 26.43199921 378.31799316 0.346023 -0.865827 0.361402
30.71800041 22.44199944 377.41799927 0.618287 -0.733318 0.282783
36.11800003 26.31500053 378.31799316 0.411640 -0.831165 0.373788
30.71800041 22.33399963 377.11801147 0.602192 -0.737082 0.306716
30.41799927 22.19899940 377.41799927 0.651092 -0.705483 0.279953
30.11800003 21.86899948 377.41799927 0.644739 -0.708733 0.286373
30.41799927 22.10199928 377.11801147 0.661149 -0.683780 0.308752
30.19400024 21.85300064 377.11801147 0.651280 -0.714665 0.255124
25.66799927 -3.34699988 393.91799927 0.832992 0.502852 -0.230792
25.47699928 -3.04699993 393.91799927 0.833129 0.491254 -0.254097
30.11800003 22.43099976 378.61801147 0.668929 -0.694352 0.265347
25.73399925 -3.34699988 394.21798706 0.841803 0.492948 -0.219931
25.58300018 -3.04699993 394.21798706 0.850344 0.458113 -0.258934
36.41799927 26.79899979 379.21798706 0.407820 -0.836111 0.366881
36.41799927 26.68099976 378.91799927 0.356613 -0.870871 0.338247
29.81800079 22.10700035 378.61801147 0.685276 -0.672497 0.279542
29.55599976 21.85300064 378.61801147 0.657969 -0.696391 0.286561
29.98299980 22.15299988 378.31799316 0.722202 -0.643187 0.254430
29.68799973 21.85300064 378.31799316 0.668370 -0.687603 0.283696
36.71799850 27.17600060 379.81799316 0.348726 -0.864903 0.361016
37.01800156 27.21899986 379.51800537 0.350896 -0.876480 0.329629
36.71799850 27.07999992 379.51800537 0.384735 -0.857541 0.341471
28.91799927 21.72699928 379.81799316 0.701902 -0.640587 0.311419
36.41799927 27.29400063 380.41799927 0.312236 -0.891889 0.327175
29.11199951 22.15299988 380.41799927 0.641389 -0.699550 0.315040
28.91799927 21.98999977 380.41799927 0.732538 -0.641947 0.226478
29.25699997 22.15299988 380.11801147 0.666898 -0.689288 0.283072
28.91799927 21.90500069 380.11801147 0.673509 -0.676724 0.297373
36.41799927 27.59300041 381.01800537 0.396864 -0.839219 0.371766
36.11800003 27.44899940 381.01800537 0.426054 -0.856721 0.290701
36.41799927 27.44700050 380.71798706 0.343857 -0.851085 0.396758
36.11800003 27.34000015 380.71798706 0.345416 -0.874953 0.339330
25.41200066 -2.74699998 394.21798706 0.815638 0.476713 -0.327839
37.01800156 27.81699944 381.01800537 0.271007 -0.873582 0.404240
36.71799850 27.73200035 381.01800537 0.327597 -0.873083 0.361118
37.01800156 27.68899918 380.71798706 0.338333 -0.857418 0.387769
36.71799850 27.56299973 380.71798706 0.345778 -0.840192 0.417749
27.71800041 21.55299950 382.81799316 0.771387 -0.597553 0.218844
27.47900009 21.25300026 382.81799316 0.777079 -0.587850 0.224903
27.55900002 21.25300026 382.51800537 0.768567 -0.593252 0.239492
27.79700089 21.55299950 382.51800537 0.766112 -0.593776 0.245971
67.30400085 11.95300007 384.31799316 -0.961768 -0.247238 0.117794
52.01800156 28.42200089 381.31799316 -0.293335 -0.873926 0.387567
54.71799850 26.18899918 378.91799927 -0.399823 -0.856764 0.325725
55.01800156 26.06299973 378.91799927 -0.412113 -0.841462 0.349434
54.71799850 26.29800034 379.21798706 -0.410299 -0.837890 0.359994
55.01800156 26.18000031 379.21798706 -0.383487 -0.852366 0.355541
62.51800156 19.73999977 372.31799316 0.341331 0.758694 -0.554866
21.95299911 4.75299978 381.01800537 0.965510 -0.023133 -0.259336
21.89900017 4.45300007 381.01800537 0.889011 -0.191232 -0.416040
21.77799988 4.75299978 380.71798706 0.798205 -0.100688 -0.593911
49.31800079 25.72699928 373.51800537 -0.159335 -0.897156 0.411974
49.61800003 25.66699982 373.51800537 -0.252839 -0.881197 0.399456
49.31800079 25.88999939 373.81799316 -0.178297 -0.894384 0.410228
49.61800003 25.81800079 373.81799316 -0.267910 -0.870330 0.413218
67.14399719 14.35299969 387.61801147 -0.958427 -0.259493 0.118662
44.51800156 28.30299950 378.31799316 0.011813 -0.904368 0.426589
44.81800079 28.27799988 378.31799316 -0.057891 -0.908747 0.413312
44.51800156 28.42600060 378.61801147 0.001276 -0.925363 0.379080
44.81800079 28.40500069 378.61801147 -0.035541 -0.917471 0.396211
23.73800087 12.85299969 378.31799316 0.902461 -0.388419 0.186268
23.85899925 13.15299988 378.31799316 0.919535 -0.360795 0.155830
23.66699982 12.85299969 378.61801147 0.906469 -0.392945 0.154625
23.80200005 13.15299988 378.61801147 0.908666 -0.385365 0.160687
23.57699966 12.25300026 377.71798706 0.930690 -0.362589 -0.048433
23.67399979 12.55300045 377.71798706 0.916542 -0.398094 -0.038355
23.54100037 12.25300026 378.01800537 0.924864 -0.347347 0.154842
23.66300011 12.55300045 378.01800537 0.907335 -0.396518 0.139699
67.25199890 14.05300045 387.61801147 -0.963835 -0.240637 0.114528
67.12100220 14.35299969 387.31799316 -0.957314 -0.267006 0.110710
67.75000000 0.55299997 381.31799316 -0.899552 -0.140688 -0.413538
67.61799622 0.55299997 381.60800171 -0.951748 0.028917 -0.305515
67.63600159 0.25299999 381.61801147 -0.870277 -0.149647 -0.469281
67.61399841 0.55299997 381.61801147 -0.953997 0.033937 -0.297888
40.01800156 26.61000061 375.91799927 0.196484 -0.895096 0.400246
39.71799850 26.55299950 375.91799927 0.208477 -0.879744 0.427304
40.01800156 27.00399971 376.81799316 0.209362 -0.908198 0.362413
39.71799850 26.94199944 376.81799316 0.220945 -0.899874 0.376045
40.01800156 26.89399910 376.51800537 0.214001 -0.901132 0.377049
39.71799850 26.82500076 376.51800537 0.236805 -0.898682 0.369180
39.41799927 26.85600090 376.81799316 0.252104 -0.884603 0.392328
39.11800003 26.77499962 376.81799316 0.269906 -0.876063 0.399581
39.41799927 26.72599983 376.51800537 0.270482 -0.889155 0.369111
39.41799927 27.13400078 377.41799927 0.260532 -0.874965 0.408116
39.11800003 27.03000069 377.41799927 0.286660 -0.875148 0.389797
39.41799927 26.99600029 377.11801147 0.249014 -0.884225 0.395143
39.11800003 26.91799927 377.11801147 0.275237 -0.882865 0.380519
67.19499969 14.05300045 387.31799316 -0.966693 -0.237545 0.095272
51.11800003 -15.82900047 390.01800537 -0.295056 0.851182 -0.434087
51.41799927 -15.69600010 390.01800537 -0.272890 0.864407 -0.422294
51.11800003 -15.71500015 390.31799316 -0.294195 0.870391 -0.394801
51.41799927 -15.60200024 390.31799316 -0.287911 0.869826 -0.400638
51.11800003 -15.54399967 390.61801147 -0.281215 0.871007 -0.402822
51.41799927 -15.44200039 390.61801147 -0.288149 0.879534 -0.378668
59.40999985 20.35300064 372.91799927 -0.764176 -0.586976 0.267383
59.21799850 20.57799911 372.91799927 -0.701680 -0.701680 0.123651
59.21799850 20.61899948 373.21798706 -0.490748 -0.839317 0.233908
68.03700256 7.15299988 388.81799316 -0.997792 0.050049 0.043660
68.01699829 6.85300016 388.81799316 -0.998893 0.015495 0.044418
68.04599762 7.15299988 388.51800537 -0.997762 0.064406 0.017949
68.00299835 6.85300016 388.51800537 -0.999446 0.023528 0.023528
22.48500061 4.15299988 390.61801147 0.983897 0.165371 -0.067814
22.53800011 3.85299993 390.61801147 0.982448 0.175480 -0.063268
22.46500015 4.15299988 390.31799316 0.980180 0.170094 -0.101567
22.51700020 3.85299993 390.31799316 0.980679 0.167314 -0.101365
68.03399658 7.15299988 387.01800537 -0.999876 0.014953 -0.004984
68.03099823 6.85300016 387.01800537 -0.998485 0.040947 -0.036748
68.02300262 7.15299988 386.71798706 -0.999775 0.003002 0.021016
68.04299927 6.85300016 386.71798706 -0.999830 0.013037 0.013037
68.02700043 7.15299988 386.41799927 -0.998536 0.011406 0.052882
68.01399994 6.85300016 386.41799927 -0.998116 -0.003116 0.061279
67.99700165 7.15299988 386.11801147 -0.999482 0.007089 0.031392
67.98999786 6.85300016 386.11801147 -0.999917 -0.000991 0.012883
68.01499939 7.75299978 386.41799927 -0.998662 -0.046861 0.021869
68.02400208 7.45300007 386.41799927 -0.999593 -0.013166 0.025319
68.00199890 7.75299978 386.11801147 -0.996756 -0.048807 0.063992
68.01499939 7.45300007 386.11801147 -0.998208 -0.022042 0.055631
67.97100067 7.75299978 385.81799316 -0.995130 -0.056453 0.080806
67.99199677 7.45300007 385.81799316 -0.997156 -0.033274 0.067622
67.94000244 7.75299978 385.51800537 -0.996048 -0.069033 0.055884
67.97499847 7.45300007 385.51800537 -0.996719 -0.066159 0.046636
67.92600250 7.75299978 385.21798706 -0.995916 -0.079630 0.042542
67.97599792 7.45300007 385.21798706 -0.997176 -0.059164 0.046255
67.92099762 7.75299978 384.91799927 -0.995772 -0.062717 0.067118
67.95099640 7.45300007 384.91799927 -0.995407 -0.040606 0.086700
67.90699768 7.75299978 384.01800537 -0.999538 -0.027398 0.013192
67.89800262 7.45300007 384.01800537 -0.999438 -0.031583 -0.011207
67.87899780 7.75299978 383.71798706 -0.997164 -0.059291 0.046355
67.89600372 7.45300007 383.71798706 -0.998173 -0.057728 0.017843
67.90799713 7.75299978 384.61801147 -0.997304 -0.024480 0.069183
67.90200043 7.45300007 384.61801147 -0.996802 -0.024626 0.076018
67.88899994 7.75299978 384.31799316 -0.999900 -0.008954 0.010944
67.87200165 7.45300007 384.31799316 -0.999876 -0.012960 0.008972
67.88800049 8.35299969 384.61801147 -0.999186 -0.034028 0.021654
67.89199829 8.05300045 384.61801147 -0.999114 -0.021653 0.036088
67.88600159 8.35299969 384.31799316 -0.998490 -0.038848 0.038848
67.88800049 8.05300045 384.31799316 -0.999343 -0.031774 0.017424
39.71799850 -12.82800007 397.51800537 0.143840 0.898642 -0.414429
40.01800156 -12.88599968 397.51800537 0.182829 0.881968 -0.434402
39.71799850 -12.66800022 397.81799316 0.152533 0.875977 -0.457600
40.01800156 -12.68700027 397.81799316 0.187335 0.874724 -0.446950
67.80799866 8.35299969 383.41799927 -0.992410 -0.109765 0.055448
67.84799957 8.05300045 383.41799927 -0.995287 -0.065174 0.071802
67.79399872 8.35299969 383.11801147 -0.991496 -0.123230 0.041831
67.82700348 8.05300045 383.11801147 -0.996733 -0.070192 0.039956
38.51800156 -11.86800003 398.71798706 0.252473 0.882909 -0.395890
38.81800079 -11.97200012 398.71798706 0.293502 0.858993 -0.419508
67.77799988 8.35299969 382.81799316 -0.992599 -0.109287 0.052954
67.83200073 8.05300045 382.81799316 -0.996406 -0.076813 0.035702
67.76699829 8.35299969 382.51800537 -0.991491 -0.099722 0.083675
67.77999878 8.05300045 382.51800537 -0.992002 -0.090390 0.088102
67.73100281 8.35299969 382.21798706 -0.994163 -0.079578 0.072853
67.76599884 8.05300045 382.21798706 -0.992605 -0.073736 0.096425
67.72200012 8.35299969 381.91799927 -0.994506 -0.092022 0.049892
67.73799896 8.05300045 381.91799927 -0.997131 -0.061445 0.044197
40.61800003 -12.49100018 398.71798706 0.137693 0.919345 -0.368572
40.31800079 -12.42599964 398.71798706 0.245436 0.910581 -0.332572
41.21799850 -12.59099960 398.71798706 0.179282 0.887666 -0.424155
40.91799927 -12.51500034 398.71798706 0.151684 0.905849 -0.395512
41.51800156 -12.63700008 398.71798706 0.139023 0.887170 -0.440002
41.81800079 -12.68599987 398.71798706 0.142011 0.887929 -0.437510
41.21799850 -12.72799969 398.41799927 0.203295 0.909782 -0.361894
40.91799927 -12.64900017 398.41799927 0.176126 0.922902 -0.342390
41.21799850 -12.82100010 398.11801147 0.207349 0.916625 -0.341768
40.91799927 -12.75100040 398.11801147 0.182348 0.920223 -0.346321
43.61800003 29.12800026 380.41799927 0.055058 -0.911815 0.406893
41.81800079 -12.83699989 398.41799927 0.145388 0.907617 -0.393818
41.51800156 -12.79599953 398.41799927 0.172218 0.912329 -0.371479
41.51800156 -12.87199974 398.11801147 0.230123 0.883374 -0.408282
41.81800079 -12.97500038 398.11801147 0.140297 0.902716 -0.406718
43.31800079 29.10600090 380.41799927 0.080655 -0.909078 0.408744
42.41799927 -12.86800003 398.41799927 0.111068 0.922827 -0.368856
42.11800003 -12.86900043 398.41799927 0.091552 0.914150 -0.394902
42.41799927 -13.01500034 398.11801147 0.083025 0.913275 -0.398792
42.11800003 -13.00100040 398.11801147 0.058044 0.905756 -0.419806
67.43900299 11.65299988 384.91799927 -0.967252 -0.236439 0.092300
43.01800156 -13.51799965 397.21798706 0.137165 0.903593 -0.405839
42.71799850 -13.47099972 397.21798706 0.127518 0.906640 -0.402173
61.01800156 19.35799980 374.41799927 -0.662761 -0.662761 0.348563
61.27000046 19.15299988 374.41799927 -0.638804 -0.687818 0.344726
61.08200073 19.15299988 374.11801147 -0.667673 -0.683761 0.294420
44.21799850 -13.82699966 396.61801147 0.001304 0.903365 -0.428870
43.91799927 -13.83199978 396.61801147 0.030492 0.908118 -0.417602
44.21799850 -13.99300003 396.31799316 0.014490 0.902351 -0.430757
43.91799927 -13.97799969 396.31799316 0.063566 0.907504 -0.415207
67.37100220 11.95300007 384.91799927 -0.972332 -0.205032 0.111950
67.48400116 11.65299988 385.21798706 -0.959940 -0.237687 0.148390
64.46800232 17.65299988 373.21798706 -0.837402 -0.384922 0.388064
44.81800079 -13.83699989 396.61801147 0.041534 0.904372 -0.424720
44.51800156 -13.83399963 396.61801147 0.014436 0.906825 -0.421260
44.81800079 -13.98400021 396.31799316 0.038721 0.903928 -0.425928
44.51800156 -13.98700047 396.31799316 -0.006557 0.898308 -0.439318
44.81800079 -14.12399960 396.01800537 0.032494 0.929325 -0.367831
44.51800156 -14.11699963 396.01800537 -0.008977 0.924588 -0.380863
44.81800079 -14.24100018 395.71798706 0.011707 0.914445 -0.404541
44.51800156 -14.23099995 395.71798706 0.009023 0.921622 -0.387984
45.11800003 -14.13199997 396.01800537 0.045777 0.929919 -0.364905
67.40499878 11.95300007 385.21798706 -0.968072 -0.209556 0.137561
45.41799927 -14.39999962 395.41799927 -0.009086 0.912538 -0.408890
45.11800003 -14.39099979 395.41799927 0.030418 0.908582 -0.416599
45.41799927 -14.53499985 395.11801147 -0.016718 0.927190 -0.374219
45.11800003 -14.51900005 395.11801147 0.040476 0.928345 -0.369510
45.41799927 -14.17800045 396.01800537 0.019242 0.932576 -0.360459
45.41799927 -14.24800014 395.71798706 0.019213 0.933766 -0.357367
45.11800003 -14.23999977 395.71798706 0.037996 0.923684 -0.381265
46.01800156 -14.61100006 394.81799316 -0.060625 0.912075 -0.405516
45.71799850 -14.61999989 394.81799316 -0.057955 0.909757 -0.411076
46.01800156 -14.39299965 395.41799927 -0.040535 0.927081 -0.372663
45.71799850 -14.37500000 395.41799927 -0.019444 0.921632 -0.387578
46.01800156 -14.49199963 395.11801147 -0.029753 0.930103 -0.366091
45.71799850 -14.50100040 395.11801147 -0.045956 0.928308 -0.368960
46.61800003 -14.60999966 394.81799316 -0.057418 0.917352 -0.393914
46.31800079 -14.60700035 394.81799316 -0.049135 0.917622 -0.394405
46.61800003 -14.71199989 394.51800537 -0.060119 0.920496 -0.386100
46.31800079 -14.71399975 394.51800537 -0.046549 0.916351 -0.397662
46.61800003 -12.65799999 399.31799316 -0.124588 0.944457 -0.304102
46.31800079 -12.70199966 399.31799316 -0.019099 0.938389 -0.345052
53.51800156 -15.34700012 389.24899292 -0.246514 0.840599 -0.482311
53.81800079 -15.33399963 389.11801147 -0.328789 0.907457 -0.261570
53.51800156 -15.23200035 389.41799927 -0.274086 0.837743 -0.472295
53.81800079 -15.13599968 389.41799927 -0.345544 0.810515 -0.472933
63.27199936 -8.44699955 386.11801147 -0.822740 0.534856 -0.192427
63.22000122 -8.44699955 386.41799927 -0.802568 0.548963 -0.233503
51.11800003 -15.43799973 390.91799927 -0.266998 0.890490 -0.368427
52.01800156 -13.71000004 394.21798706 -0.317196 0.878740 -0.356656
51.71799850 -13.81999969 394.21798706 -0.310764 0.867997 -0.387307
52.01800156 -13.83300018 393.91799927 -0.334214 0.860947 -0.383499
51.71799850 -13.97099972 393.91799927 -0.317963 0.864797 -0.388621
51.71799850 -15.35599995 390.61801147 -0.286660 0.875148 -0.389797
52.01800156 -15.40799999 390.31799316 -0.323610 0.836384 -0.442424
51.71799850 -15.49199963 390.31799316 -0.253818 0.861767 -0.439243
52.31800079 -15.41499996 390.01800537 -0.378007 0.842282 -0.384281
52.61800003 -15.42000008 389.71798706 -0.337413 0.818979 -0.464141
52.31800079 -15.55900002 389.71798706 -0.401661 0.792031 -0.459733
