Model_ID,Valid,Pred_Type,SR_Pred,n_verts_pred,n_faces_pred,CD,HD,Fitting_RMS,F-Score@0.01,F-Score@0.05,F-Score@0.1,F-Score@0.5,F-Score@1.0,F-Score@2.0,NC,Solid_Watertight_Ratio,Num_Solids,Valid_Topo
0000,True,.stp,True,406,808,1.216555066945679,13.233077401031467,0.2924178766022704,0.00029999531257324106,0.01388198032563551,0.08392135342920971,0.6970806036392307,0.7554335095121627,0.8107743792592648,,1.0,1,True
0001,True,.stp,True,468,932,0.7239092815855763,6.180568617930249,0.776826891155694,0.0,0.0001499953126464798,0.0017905382034898334,0.394449462363293,0.8680541232424088,0.964774493007014,0.41316290527668026,1.0,1,True
0002,True,.stp,False,6335,12668,0.3292986243439923,7.60492164449123,0.14575049526209258,0.0012749953125172334,0.11593585913220472,0.4308354543073299,0.9227233503875143,0.933067780782411,0.9496166050753654,0.9996918360057017,1.0,1,True
0003,True,.stp,True,8,12,2.344581177160821,10.375252242129697,1.102954881995188,2.499531337874149e-05,0.0008749953125251116,0.007914110588005613,0.2203007568493288,0.4141637290979368,0.699707324980885,0.9620753671336166,1.0,1,True
0004,True,.stp,False,1777,3540,1.6819489662878448,24.281381318158534,0.8793336224602833,2.499531337874149e-05,0.001249995312517578,0.00940935475803779,0.35090120230739935,0.6642473919482129,0.7875416880181421,0.9567011731600857,1.0,5,True
0005,True,.stp,True,7895,15786,0.733885390539817,9.510823009890919,0.6419692435524478,2.499531337874149e-05,0.0025499953125086164,0.0176549462118788,0.47814151697817503,0.8685360412102874,0.941803518888498,,1.0,1,True
