34.14400101 -48.64699936 321.61801147 0.993295 0.089272 0.073452
34.18899918 -48.94699860 321.61801147 0.992054 0.101603 0.074204
34.15399933 -48.64699936 321.31799316 0.996055 0.088420 0.007457
34.19499969 -48.94699860 321.31799316 0.997301 0.071160 -0.018056
34.14699936 -48.64699936 321.01800537 0.998563 0.052774 0.009313
34.17800140 -48.94699860 321.01800537 0.999098 0.027896 -0.032029
34.17399979 -48.64699936 320.71798706 0.999004 0.025935 -0.036309
34.15900040 -48.94699860 320.71798706 0.998711 0.005153 -0.050502
34.13499832 -48.04700089 321.01800537 0.999794 0.007020 -0.019053
34.14599991 -48.34700012 321.01800537 0.999030 0.038305 0.021741
34.13000107 -48.04700089 320.71798706 0.999432 0.027563 -0.019397
34.16199875 -48.34700012 320.71798706 0.999368 0.029725 -0.019475
34.15999985 -46.84700012 321.61801147 0.998762 0.044690 -0.021825
34.16199875 -47.14699936 321.61801147 0.999681 -0.003008 0.025067
34.14799881 -46.84700012 321.31799316 0.997261 0.071157 -0.020179
34.15800095 -47.14699936 321.31799316 0.999928 -0.004955 0.010901
27.71800041 -53.77000046 321.01800537 -0.158019 -0.879977 -0.447962
28.01799965 -53.76800156 321.01800537 -0.086846 -0.849952 -0.519653
30.11800003 -51.39199829 325.51800537 0.341605 -0.879064 0.332496
24.71800041 -46.84700012 318.06799316 -0.149313 -0.456637 -0.877034
25.01799965 -46.96599960 318.01800537 -0.541003 -0.265013 -0.798175
24.71800041 -47.14699936 318.17999268 -0.223478 -0.448456 -0.865416
24.94700050 -47.14699936 318.01800537 -0.070062 -0.273878 -0.959209
28.01799965 -52.00699997 326.11801147 -0.254713 -0.964897 0.063992
28.61800003 -52.10200119 326.11801147 -0.001018 -0.999040 0.043791
28.31800079 -52.03599930 326.11801147 -0.123761 -0.991220 0.046552
22.61800003 -49.24700165 318.90100098 -0.357256 -0.423357 -0.832549
31.91799927 -50.76599884 324.01800537 0.552116 -0.756124 0.351347
31.91799927 -50.94599915 323.71798706 0.525841 -0.771773 0.357572
32.21799850 -50.52999878 324.01800537 0.560737 -0.746024 0.359197
32.21799850 -50.71200180 323.71798706 0.532908 -0.754545 0.382977
32.81800079 -50.16899872 324.01800537 0.464572 -0.809410 0.359205
32.51800156 -50.34400177 324.01800537 0.480835 -0.781964 0.396648
32.81800079 -50.33599854 323.71798706 0.497474 -0.779429 0.380802
32.51800156 -50.52299881 323.71798706 0.476381 -0.778794 0.408094
25.01799965 -50.48099899 325.51800537 -0.498543 -0.820486 0.279747
32.51800156 -50.77199936 323.11801147 0.504532 -0.785007 0.359459
24.11800003 -50.10400009 325.21798706 -0.520649 -0.803782 0.287852
24.71800041 -50.41400146 325.21798706 -0.467827 -0.799003 0.377798
25.01799965 -50.58000183 325.21798706 -0.478703 -0.802107 0.357026
24.71800041 -50.57400131 324.91799927 -0.480053 -0.797948 0.364455
24.41799927 -50.28099823 325.21798706 -0.473033 -0.817920 0.327484
24.41799927 -50.38899994 324.91799927 -0.483325 -0.812936 0.324857
24.11800003 -50.19300079 324.91799927 -0.505891 -0.804034 0.312416
24.71800041 -50.69699860 324.61801147 -0.514162 -0.789664 0.334766
24.11800003 -50.31800079 324.61801147 -0.474461 -0.803548 0.359440
24.41799927 -50.50299835 324.61801147 -0.507033 -0.791739 0.340688
24.41799927 -50.63399887 324.31799316 -0.499201 -0.783536 0.369958
24.11800003 -50.45000076 324.31799316 -0.477740 -0.793016 0.378009
32.81800079 -50.49100113 323.41799927 0.475794 -0.799397 0.366858
32.51800156 -50.63700104 323.41799927 0.502562 -0.788364 0.354844
32.81800079 -50.60200119 323.11801147 0.483843 -0.792474 0.371322
33.11800003 -50.25299835 323.41799927 0.507895 -0.774013 0.378082
33.41799927 -50.22499847 323.11801147 0.513564 -0.780810 0.355792
33.11800003 -50.45999908 323.11801147 0.506233 -0.785866 0.355166
32.81800079 -50.74000168 322.81799316 0.489413 -0.809352 0.324691
33.41799927 -50.36399841 322.81799316 0.539139 -0.792108 0.286171
33.11800003 -50.54000092 322.81799316 0.516030 -0.798655 0.309618
33.41799927 -50.45800018 322.51800537 0.532050 -0.801998 0.271518
33.11800003 -50.65499878 322.51800537 0.536927 -0.795155 0.281847
33.41799927 -50.55300140 322.21798706 0.529747 -0.800122 0.281379
33.11800003 -50.74599838 322.21798706 0.555289 -0.783099 0.280017
33.41799927 -50.65299988 321.91799927 0.522379 -0.779550 0.345574
33.71799850 -50.25899887 322.51800537 0.631739 -0.735716 0.244188
34.14500046 -49.84700012 322.21798706 0.957148 -0.278793 0.078371
33.94599915 -50.14699936 322.21798706 0.781690 -0.595791 0.184375
34.12300110 -49.84700012 321.91799927 0.954332 -0.249595 0.164172
34.02199936 -50.14699936 321.91799927 0.815982 -0.529077 0.232917
33.71799850 -50.34999847 322.21798706 0.605573 -0.758922 0.239413
33.71799850 -50.47600174 321.91799927 0.584701 -0.740189 0.332032
22.25300026 -47.14699936 324.01800537 -0.997618 -0.009461 -0.068330
22.29199982 -46.84700012 323.71798706 -0.999319 0.009187 -0.035726
22.27899933 -47.14699936 323.71798706 -0.999658 0.007047 -0.025168
22.29100037 -46.84700012 323.41799927 -0.999768 -0.013089 0.017116
22.28199959 -47.14699936 323.41799927 -0.999952 0.006924 0.006924
22.27700043 -46.84700012 323.11801147 -0.999414 -0.007102 0.033483
22.28400040 -47.14699936 323.11801147 -0.999367 -0.003038 0.035439
22.28000069 -47.44699860 324.01800537 -0.995457 -0.016178 -0.093830
22.27400017 -47.74700165 324.01800537 -0.996922 -0.035489 -0.069903
22.28599930 -47.44699860 323.71798706 -0.999667 -0.017218 -0.019244
22.28899956 -47.74700165 323.71798706 -0.999852 -0.016947 -0.002991
22.27799988 -47.44699860 323.41799927 -0.999956 0.002967 0.008902
22.28300095 -47.74700165 323.41799927 -0.999443 -0.001011 0.033348
22.28499985 -47.44699860 323.11801147 -0.999461 0.009151 0.031519
22.26799965 -47.74700165 323.11801147 -0.999238 0.015373 0.035870
22.28599930 -48.04700089 323.41799927 -0.999016 -0.005123 0.044059
22.28800011 -48.34700012 323.41799927 -0.998756 -0.011361 0.048543
22.26399994 -48.04700089 323.11801147 -0.998730 -0.003079 0.050296
22.26899910 -48.34700012 323.11801147 -0.998750 -0.017668 0.046768
22.27199936 -49.24700165 322.81799316 -0.995098 -0.072109 0.067671
22.27499962 -49.24700165 322.51800537 -0.998075 -0.037044 0.049745
22.28100014 -49.54700089 322.51800537 -0.988362 -0.131859 0.075848
22.32500076 -49.54700089 322.81799316 -0.981740 -0.172256 0.080707
22.37500000 -49.84700012 322.81799316 -0.909982 -0.371158 0.184863
22.35700035 -49.84700012 322.51800537 -0.919722 -0.344364 0.188479
22.43499947 -50.14699936 322.51800537 -0.858807 -0.473464 0.195659
22.31699944 -49.84700012 322.21798706 -0.972571 -0.188935 0.135678
22.26399994 -49.84700012 321.91799927 -0.985220 -0.128091 0.113725
22.37000084 -50.14699936 322.21798706 -0.890412 -0.398846 0.219292
22.32099915 -50.14699936 321.91799927 -0.901032 -0.367738 0.230020
22.91799927 -51.30699921 320.11801147 -0.527033 -0.709915 -0.467180
22.63400078 -51.04700089 320.11801147 -0.711118 -0.637277 -0.296968
22.60600090 -51.04700089 320.41799927 -0.735593 -0.677411 0.004156
22.39500046 -50.74700165 320.11801147 -0.843341 -0.504806 -0.184247
22.41500092 -50.74700165 320.41799927 -0.870399 -0.492198 -0.012070
22.28499985 -50.44699860 320.11801147 -0.969295 -0.238919 -0.058182
22.27400017 -50.44699860 320.41799927 -0.971313 -0.237800 0.001183
22.21299934 -48.94699860 320.11801147 -0.998750 -0.046768 0.017668
22.20000076 -48.64699936 320.11801147 -0.998472 -0.043047 0.034647
22.21400070 -48.94699860 320.41799927 -0.999153 -0.032031 0.025831
22.20899963 -48.64699936 320.41799927 -0.999190 -0.021610 0.033958
22.22100067 -48.94699860 320.71798706 -0.999432 -0.027563 0.019397
22.21800041 -48.64699936 320.71798706 -0.999445 -0.001009 0.033281
22.22599983 -48.94699860 321.01800537 -0.999801 -0.013063 0.015072
22.22699928 -48.64699936 321.01800537 -0.999545 0.007075 0.029309
23.81800079 -51.39199829 321.91799927 -0.482057 -0.806610 0.342054
24.41799927 -51.61399841 322.21798706 -0.462835 -0.805557 0.369948
24.11800003 -51.42399979 322.21798706 -0.477014 -0.798236 0.367799
24.11800003 -51.54000092 321.91799927 -0.452587 -0.824750 0.339046
24.41799927 -51.69200134 321.91799927 -0.492897 -0.802353 0.336574
24.41799927 -51.83800125 321.61801147 -0.472033 -0.780233 0.410393
24.11800003 -51.65999985 321.61801147 -0.432182 -0.801705 0.412902
24.11800003 -51.86800003 321.31799316 -0.446216 -0.807667 0.385441
24.41799927 -52.01599884 321.31799316 -0.463477 -0.803468 0.373669
25.01799965 -52.23300171 321.61801147 -0.467827 -0.799003 0.377798
24.71800041 -52.05899811 321.61801147 -0.493776 -0.781948 0.380451
24.71800041 -52.19200134 321.31799316 -0.496760 -0.797052 0.343419
25.01799965 -52.35200119 321.31799316 -0.483469 -0.802590 0.349438
25.01799965 -52.49700165 321.01800537 -0.495720 -0.837386 0.230319
24.71800041 -52.29899979 321.01800537 -0.484057 -0.837496 0.253554
25.01799965 -52.51599884 320.71798706 -0.452807 -0.890746 0.039198
24.71800041 -52.37699890 320.71798706 -0.480458 -0.867134 0.131296
25.61800003 -52.83000183 321.01800537 -0.476112 -0.862308 0.172462
25.31800079 -52.68099976 321.01800537 -0.495318 -0.844601 0.203246
25.31800079 -52.69100189 320.71798706 -0.401604 -0.899651 -0.171294
25.61800003 -52.85400009 320.71798706 -0.444195 -0.865804 -0.230379
22.18400002 -48.34700012 320.11801147 -0.998711 -0.005153 0.050502
22.18199921 -48.04700089 320.11801147 -0.998927 0.013401 0.044328
22.20599937 -48.34700012 320.41799927 -0.998698 -0.007215 0.050502
22.21400070 -48.04700089 320.41799927 -0.998734 -0.001026 0.050296
22.21899986 -48.34700012 320.71798706 -0.999339 0.007131 0.035654
22.21899986 -48.04700089 320.71798706 -0.999162 -0.009204 0.039885
22.23500061 -48.34700012 321.01800537 -0.999632 -0.001005 0.027126
22.23299980 -48.04700089 321.01800537 -0.999560 -0.015253 0.025421
22.17799950 -47.14699936 320.11801147 -0.999322 -0.009168 0.035654
22.17200089 -46.84700012 320.11801147 -0.999034 -0.032093 0.030023
22.21400070 -47.14699936 320.41799927 -0.998783 -0.009277 0.048445
22.19799995 -46.84700012 320.41799927 -0.997914 -0.035070 0.054200
22.18099976 -45.94699860 320.71798706 -0.998316 -0.009369 0.057255
22.18099976 -45.64699936 320.71798706 -0.998124 -0.003109 0.061152
22.19799995 -45.94699860 321.01800537 -0.998919 -0.005133 0.046199
22.20100021 -45.64699936 321.01800537 -0.998730 -0.003079 0.050296
26.81800079 -52.75000000 323.11801147 -0.565947 -0.761544 0.315840
22.91799927 -48.34700012 318.50698853 -0.038418 -0.406699 -0.912754
23.21800041 -48.34700012 318.46200562 -0.060871 -0.415276 -0.907656
22.91799927 -48.04700089 318.33801270 -0.014474 -0.432900 -0.901326
23.21800041 -48.04700089 318.31900024 -0.063465 -0.406447 -0.911467
23.51799965 -48.34700012 318.43399048 -0.003834 -0.382161 -0.924088
23.81800079 -48.34700012 318.44198608 0.181618 -0.370386 -0.910950
23.81800079 -48.04700089 318.35800171 0.329113 -0.371974 -0.867940
22.91799927 -48.64699936 318.61700439 -0.051910 -0.395315 -0.917078
23.21800041 -48.64699936 318.58099365 -0.049723 -0.417943 -0.907111
22.91799927 -48.94699860 318.75900269 -0.055218 -0.418846 -0.906377
23.21800041 -48.94699860 318.71798706 -0.024906 -0.399800 -0.916264
23.51799965 -48.64699936 318.59399414 -0.011872 -0.439250 -0.898286
23.81800079 -48.64699936 318.55398560 -0.044807 -0.460291 -0.886637
23.51799965 -48.94699860 318.75500488 -0.011753 -0.413971 -0.910214
23.81800079 -48.94699860 318.74200439 0.001302 -0.425734 -0.904847
29.21800041 -43.54700089 316.24499512 -0.011568 -0.381758 -0.924190
28.91799927 -43.54700089 316.24600220 0.008964 -0.377770 -0.925856
29.21800041 -43.24700165 316.13500977 0.023661 -0.295141 -0.955161
28.91799927 -43.24700165 316.13699341 -0.003766 -0.340228 -0.940335
29.51799965 -43.54700089 316.21899414 -0.027286 -0.375505 -0.926419
29.81800079 -43.24700165 316.14001465 0.003401 -0.171197 -0.985231
29.51799965 -43.24700165 316.12799072 0.050020 -0.228141 -0.972342
29.81800079 -43.54700089 316.21301270 -0.008900 -0.362371 -0.931992
29.81800079 -43.84700012 316.35900879 -0.024846 -0.398842 -0.916683
29.51799965 -43.84700012 316.38400269 -0.052323 -0.409189 -0.910948
29.81800079 -44.14699936 316.47100830 -0.041207 -0.405423 -0.913200
29.51799965 -44.14699936 316.50000000 -0.043920 -0.408585 -0.911663
22.19799995 -48.64699936 319.21798706 -0.982103 -0.125660 -0.140300
22.22800064 -48.94699860 319.21798706 -0.974143 -0.103526 -0.200816
22.27000046 -48.64699936 318.91799927 -0.823853 -0.286082 -0.489309
22.33300018 -49.84700012 319.51800537 -0.850856 -0.262156 -0.455323
22.42300034 -50.14699936 319.51800537 -0.683917 -0.300924 -0.664607
22.35700035 -48.94699860 318.91799927 -0.748025 -0.264102 -0.608858
22.39599991 -49.54700089 319.21798706 -0.654054 -0.344153 -0.673626
22.61800003 -49.54700089 319.05300903 -0.392308 -0.389157 -0.833457
22.22699928 -49.24700165 319.81799316 -0.998829 -0.046481 -0.013428
22.22999954 -49.54700089 319.81799316 -0.993672 -0.088902 -0.068646
22.21400070 -49.24700165 319.51800537 -0.983035 -0.129698 -0.129698
22.25900078 -49.54700089 319.51800537 -0.912523 -0.263424 -0.312906
22.25099945 -49.84700012 319.81799316 -0.977080 -0.130692 -0.168033
22.28899956 -50.14699936 319.81799316 -0.890957 -0.234929 -0.388593
22.27799988 -49.24700165 319.21798706 -0.839882 -0.273774 -0.468664
22.24600029 -49.84700012 320.41799927 -0.999642 -0.023295 0.013167
22.25200081 -50.14699936 320.41799927 -0.997098 -0.075233 0.011656
22.23500061 -49.84700012 320.11801147 -0.998606 -0.048941 -0.019785
22.24300003 -50.14699936 320.11801147 -0.993520 -0.095423 -0.061744
22.22999954 -49.24700165 320.41799927 -0.999139 -0.034026 0.023715
22.23699951 -49.54700089 320.41799927 -0.999668 -0.017183 0.019205
22.21599960 -49.24700165 320.11801147 -0.999482 -0.031392 0.007089
22.22999954 -49.54700089 320.11801147 -0.999439 -0.033348 0.003032
22.23399925 -49.24700165 321.01800537 -0.999680 -0.025118 0.003014
22.24399948 -49.54700089 321.01800537 -0.999972 -0.006896 -0.002956
22.23800087 -49.24700165 320.71798706 -0.999342 -0.033755 0.013297
22.24200058 -49.54700089 320.71798706 -0.999863 -0.014983 0.006992
22.24699974 -49.24700165 321.61801147 -0.999900 0.010966 0.008972
22.23399925 -49.54700089 321.61801147 -0.999807 -0.004994 0.018977
22.23399925 -49.24700165 321.31799316 -0.999876 -0.004984 0.014953
22.23999977 -49.54700089 321.31799316 -0.999976 -0.000985 -0.006896
22.27099991 -48.64699936 322.81799316 -0.999340 -0.025677 0.025677
22.27300072 -48.94699860 322.81799316 -0.999478 -0.013218 0.029486
22.26399994 -48.64699936 322.51800537 -0.999658 -0.015192 0.021269
22.26600075 -48.94699860 322.51800537 -0.999591 -0.013193 0.025370
22.29199982 -48.64699936 323.41799927 -0.998957 -0.030145 0.034303
22.29500008 -48.94699860 323.41799927 -0.999438 -0.011207 0.031583
22.27599907 -48.64699936 323.11801147 -0.998620 -0.030325 0.042873
22.29700089 -48.94699860 323.11801147 -0.999134 -0.011295 0.040048
22.31399918 -48.64699936 324.01800537 -0.999139 -0.034026 0.023715
22.31200027 -48.94699860 324.01800537 -0.994527 -0.068088 0.079250
22.30299950 -48.64699936 323.71798706 -0.999310 -0.015374 0.033823
22.31100082 -48.94699860 323.71798706 -0.999369 -0.011229 0.033687
28.61800003 -52.92300034 324.01800537 0.302146 -0.885392 0.353255
28.31800079 -52.95500183 324.01800537 -0.071078 -0.921336 0.382214
28.61800003 -53.04800034 323.71798706 0.304967 -0.897048 0.319843
28.31800079 -53.07400131 323.71798706 -0.042674 -0.937532 0.345271
22.30900002 -48.64699936 324.61801147 -0.990315 -0.138622 0.007763
22.30299950 -48.64699936 324.31799316 -0.995578 -0.093436 0.009666
22.38500023 -48.94699860 324.61801147 -0.930230 -0.273264 0.244946
22.34199905 -48.94699860 324.31799316 -0.972909 -0.181390 0.143336
22.25900078 -48.34700012 324.61801147 -0.995752 -0.058186 -0.071360
22.28499985 -48.04700089 324.31799316 -0.992275 -0.087721 -0.087721
22.30200005 -48.34700012 324.31799316 -0.997792 -0.050049 -0.043660
28.91799927 -52.64199829 324.31799316 0.502637 -0.796240 0.336687
29.21800041 -52.56800079 324.01800537 0.533151 -0.792607 0.295843
28.91799927 -52.75500107 324.01800537 0.494440 -0.810376 0.314356
29.21800041 -52.66799927 323.71798706 0.559573 -0.788418 0.255491
28.91799927 -52.85900116 323.71798706 0.490490 -0.819573 0.296175
29.21800041 -52.27299881 324.61801147 0.556948 -0.760355 0.334169
28.91799927 -52.52999878 324.61801147 0.509752 -0.794190 0.330779
29.21800041 -52.43700027 324.31799316 0.550441 -0.768692 0.325771
29.81800079 -52.11999893 324.01800537 0.660307 -0.750413 0.029566
29.51799965 -52.34600067 324.01800537 0.573859 -0.773050 0.270330
29.70700073 -52.24700165 323.71798706 0.750960 -0.654720 -0.086032
29.51799965 -52.46200180 323.71798706 0.696072 -0.713510 0.079925
23.81800079 -49.24700165 318.83898926 0.024268 -0.343590 -0.938806
23.51799965 -49.24700165 318.84799194 -0.006361 -0.367651 -0.929942
30.00900078 -51.94699860 323.71798706 0.531105 -0.723031 -0.441761
29.51799965 -52.10400009 324.61801147 0.498888 -0.790841 0.354515
29.81800079 -52.04199982 324.31799316 0.509140 -0.808634 0.294765
29.51799965 -52.19300079 324.31799316 0.519945 -0.793433 0.316419
23.21800041 -49.24700165 318.85900879 -0.046307 -0.390301 -0.919522
22.91799927 -49.24700165 318.86898804 -0.078061 -0.417693 -0.905229
23.81800079 -49.54700089 318.97000122 0.011470 -0.363222 -0.931632
23.51799965 -49.54700089 318.97100830 -0.035541 -0.396211 -0.917471
23.21800041 -49.54700089 318.98498535 -0.066064 -0.403123 -0.912758
22.91799927 -49.54700089 319.03500366 -0.180003 -0.440494 -0.879525
30.71800041 -51.47499847 324.31799316 0.515521 -0.797867 0.312485
31.01799965 -50.86899948 325.21798706 0.512178 -0.812906 0.277234
30.71800041 -51.04700089 325.43899536 0.664068 -0.711165 0.230775
30.79899979 -51.04700089 325.21798706 0.631657 -0.727122 0.268892
31.01799965 -50.98500061 324.91799927 0.502685 -0.811545 0.297829
30.71800041 -51.16899872 324.91799927 0.528339 -0.799606 0.285461
31.01799965 -51.13499832 324.61801147 0.506809 -0.786761 0.352353
30.71800041 -51.30300140 324.61801147 0.503553 -0.778808 0.374022
31.01799965 -51.25600052 324.31799316 0.510692 -0.789251 0.340995
27.41799927 -53.55300140 321.91799927 -0.409055 -0.841619 0.352634
27.11800003 -53.33200073 321.91799927 -0.514150 -0.781702 0.352975
27.11800003 -53.19800186 322.21798706 -0.525683 -0.787726 0.321162
27.41799927 -53.42699814 322.21798706 -0.413525 -0.834911 0.363210
26.81800079 -53.16199875 321.91799927 -0.468457 -0.796860 0.381527
27.41799927 -53.28599930 322.51800537 -0.389087 -0.836459 0.385937
26.51799965 -52.98400116 321.91799927 -0.467737 -0.806167 0.362376
26.51799965 -52.86100006 322.21798706 -0.481857 -0.809456 0.335551
26.81800079 -52.98699951 322.21798706 -0.478414 -0.816304 0.323679
27.11800003 -53.10599899 322.51800537 -0.492047 -0.811641 0.314847
27.11800003 -52.96300125 322.81799316 -0.420421 -0.848599 0.321133
27.41799927 -53.11600113 322.81799316 -0.360030 -0.860672 0.360030
26.81800079 -52.91999817 322.51800537 -0.475520 -0.834871 0.277258
26.51799965 -52.73899841 322.51800537 -0.502240 -0.806435 0.312117
26.81800079 -52.83800125 322.81799316 -0.530881 -0.793944 0.296342
31.61800003 -50.53200150 325.21798706 0.540944 -0.809104 0.229631
31.31800079 -50.72200012 325.21798706 0.451702 -0.836196 0.311034
31.84000015 -50.44699860 324.91799927 0.485227 -0.848014 0.213137
31.61800003 -50.62099838 324.91799927 0.541324 -0.809673 0.226709
31.31800079 -50.82600021 324.91799927 0.518534 -0.809916 0.274150
26.51799965 -51.94699860 322.83898926 -0.531882 -0.205742 0.821445
26.51799965 -51.64699936 322.87200928 -0.456665 -0.617251 0.640670
26.24600029 -52.54700089 322.51800537 -0.555614 -0.633299 0.538726
26.21800041 -52.24700165 322.65100098 -0.508767 -0.197770 0.837880
26.47599983 -52.54700089 322.81799316 -0.723237 -0.527947 0.445196
26.40999985 -52.24700165 322.81799316 -0.708077 -0.035333 0.705251
31.61800003 -50.68899918 324.61801147 0.517260 -0.786299 0.337900
26.77199936 -51.94699860 323.11801147 -0.861028 -0.095353 0.499538
26.77099991 -51.64699936 323.11801147 -0.880377 -0.448166 0.155190
26.51799965 -51.47499847 323.11801147 -0.497409 -0.817508 0.290286
26.77099991 -51.94699860 323.41799927 -0.835745 -0.440608 -0.327712
26.68499947 -51.64699936 323.41799927 -0.680320 -0.590497 -0.434140
26.51799965 -51.52500153 323.41799927 -0.523009 -0.805717 -0.277996
26.51799965 -51.64699936 323.57699585 -0.619586 -0.619586 -0.481900
25.91799927 -51.94699860 322.61898804 -0.464137 -0.258875 0.847089
26.21800041 -51.94699860 322.70098877 -0.427986 -0.235768 0.872491
25.91799927 -51.56600189 322.81799316 -0.385653 -0.733561 0.559607
26.21800041 -51.64699936 322.84100342 -0.276593 -0.673095 0.685886
31.31800079 -50.90399933 324.61801147 0.534441 -0.783315 0.317474
31.61800003 -50.84400177 324.31799316 0.511971 -0.776839 0.366616
25.91799927 -51.49700165 323.11801147 -0.158924 -0.979418 0.124429
26.21800041 -51.48600006 323.11801147 -0.051352 -0.980463 0.189883
31.31800079 -51.05599976 324.31799316 0.531107 -0.770025 0.353534
25.91799927 -51.50199890 323.41799927 -0.148916 -0.985226 -0.084584
26.21800041 -51.49900055 323.41799927 -0.109198 -0.972738 -0.204589
25.31800079 -51.40200043 323.11801147 -0.172020 -0.984141 0.043298
25.61800003 -51.45800018 323.11801147 -0.235142 -0.971025 0.042642
25.31800079 -51.36399841 323.41799927 -0.243340 -0.958889 0.146004
25.61800003 -51.43999863 323.41799927 -0.261145 -0.964888 0.028199
25.01799965 -51.35599899 323.11801147 -0.160426 -0.973924 0.160426
24.71800041 -51.05199814 323.71798706 -0.448533 -0.852672 0.267895
25.01799965 -51.20600128 323.71798706 -0.395327 -0.892058 0.218973
25.01799965 -51.15999985 324.01800537 -0.457169 -0.855103 0.244532
24.71800041 -50.96099854 324.01800537 -0.475849 -0.824491 0.306239
34.07099915 -46.24700165 319.21798706 0.999134 0.011295 -0.040048
34.10400009 -46.54700089 319.21798706 0.998711 0.050502 0.005153
34.08200073 -46.24700165 318.91799927 0.997762 0.064406 0.017949
34.10100174 -46.54700089 318.91799927 0.998536 0.052882 0.011406
34.08499908 -44.74700165 319.81799316 0.998391 0.043134 -0.036822
34.02399826 -44.74700165 319.51800537 0.994739 0.074633 -0.070178
23.51799965 -49.76300049 325.21798706 -0.477844 -0.844241 0.242738
23.81800079 -49.88399887 325.21798706 -0.497560 -0.830294 0.251091
23.51799965 -49.81900024 324.91799927 -0.502685 -0.811545 0.297829
23.81800079 -50.00799942 324.91799927 -0.492556 -0.816730 0.300569
25.31800079 -50.67499924 325.51800537 -0.526613 -0.803281 0.278240
28.01799965 -41.74700165 316.22698975 -0.218438 0.599543 -0.769956
27.71800041 -41.74700165 316.27600098 -0.253790 0.600583 -0.758216
26.21800041 -51.18500137 325.81799316 -0.511431 -0.850454 0.123149
25.91799927 -51.04199982 325.51800537 -0.514112 -0.818541 0.256279
26.21800041 -51.22900009 325.51800537 -0.494800 -0.838876 0.226847
28.01799965 -41.76100159 316.21798706 -0.218438 0.599543 -0.769956
28.01799965 -42.04700089 316.04800415 -0.090302 0.359860 -0.928626
27.71800041 -42.04700089 316.09899902 -0.190192 0.358934 -0.913780
28.01799965 -42.34700012 315.98699951 -0.084218 0.072989 -0.993771
27.71800041 -42.34700012 316.04000854 -0.186357 0.140719 -0.972353
28.01799965 -42.64699936 316.00601196 -0.054640 -0.046069 -0.997443
27.71800041 -42.64699936 316.01901245 -0.118544 -0.003263 -0.992943
28.01799965 -42.94699860 316.04901123 -0.039827 -0.223271 -0.973943
27.71800041 -42.94699860 316.03298950 -0.057201 -0.215415 -0.974846
27.11800003 -42.04700089 316.35501099 -0.528956 0.586414 -0.613453
27.41799927 -42.04700089 316.19900513 -0.317187 0.478147 -0.819004
27.41799927 -42.34700012 316.12200928 -0.232866 0.255176 -0.938434
27.11800003 -42.34700012 316.14801025 -0.293841 0.397370 -0.869342
27.41799927 -42.64699936 316.06399536 -0.121567 0.072940 -0.989900
27.11800003 -42.64699936 316.08999634 -0.173752 0.153460 -0.972759
27.41799927 -42.94699860 316.07101440 -0.074136 -0.193239 -0.978347
27.11800003 -42.94699860 316.07400513 -0.089539 -0.112795 -0.989576
24.11800003 -49.54700089 318.97299194 0.008822 -0.344056 -0.938908
32.21799850 -50.14699936 319.04299927 -0.001282 -0.388343 -0.921514
33.41799927 -50.44699860 319.25100708 0.252487 -0.509621 -0.822519
33.41799927 -50.74700165 319.46899414 0.337032 -0.556345 -0.759532
33.11800003 -50.74700165 319.36801147 0.207896 -0.517464 -0.830067
33.11800003 -50.44699860 319.17999268 0.104464 -0.499423 -0.860037
33.41799927 -49.84700012 318.92599487 0.134234 -0.408354 -0.902900
33.11800003 -49.84700012 318.93798828 0.046176 -0.383924 -0.922209
33.41799927 -50.14699936 319.05099487 0.211384 -0.466245 -0.859030
33.11800003 -50.14699936 319.04800415 0.055497 -0.426379 -0.902841
22.23699951 -47.44699860 321.61801147 -0.999123 0.003055 0.041757
22.22800064 -47.74700165 321.61801147 -0.999507 -0.003026 0.031266
22.22200012 -47.44699860 321.31799316 -0.999593 -0.013166 0.025319
22.22599983 -47.74700165 321.31799316 -0.999830 -0.013037 0.013037
22.24399948 -48.04700089 322.21798706 -0.999642 -0.013167 0.023295
22.25200081 -48.34700012 322.21798706 -0.999279 -0.005083 0.037613
22.24399948 -48.04700089 321.91799927 -0.999795 -0.007006 0.019015
22.23299980 -48.34700012 321.91799927 -0.999916 -0.006965 0.010944
22.24900055 -48.64699936 322.21798706 -0.999046 -0.011318 0.042184
22.26000023 -48.94699860 322.21798706 -0.999016 -0.013403 0.042270
22.23999977 -48.64699936 321.91799927 -0.999731 -0.019129 0.013088
22.24500084 -48.94699860 321.91799927 -0.999892 -0.006964 0.012934
29.81800079 -51.39400101 325.81799316 0.492878 -0.814115 0.307065
29.51799965 -51.66799927 325.81799316 0.575531 -0.758290 0.306202
29.81800079 -51.54000092 325.51800537 0.504085 -0.819334 0.273111
29.51799965 -51.76599884 325.51800537 0.572944 -0.774973 0.266742
33.71799850 -50.95000076 319.81799316 0.579627 -0.656911 -0.482183
34.05199814 -50.44699860 319.81799316 0.872257 -0.309020 -0.379044
33.88100052 -50.74700165 319.81799316 0.741252 -0.524300 -0.419112
33.71799850 -50.74700165 319.62899780 0.632167 -0.551250 -0.544507
33.71799850 -50.44699860 319.39999390 0.579996 -0.462994 -0.670255
33.93000031 -49.84700012 319.21798706 0.848149 -0.246040 -0.469156
33.71799850 -49.84700012 319.00900269 0.502637 -0.336687 -0.796240
33.71799850 -50.14699936 319.19000244 0.618388 -0.402864 -0.674756
34.06800079 -49.24700165 319.21798706 0.984880 -0.091922 -0.146837
34.00099945 -49.54700089 319.21798706 0.891978 -0.235198 -0.386080
33.93299866 -49.24700165 318.91799927 0.823818 -0.225515 -0.520064
33.71799850 -49.24700165 318.72601318 0.430583 -0.351721 -0.831198
33.71799850 -49.54700089 318.85800171 0.478374 -0.381733 -0.790847
33.41799927 -49.24700165 318.68301392 0.069474 -0.423653 -0.903157
33.11800003 -49.24700165 318.67098999 0.066135 -0.400862 -0.913748
33.41799927 -49.54700089 318.81799316 0.091810 -0.401497 -0.911247
33.11800003 -49.54700089 318.80499268 0.060290 -0.392556 -0.917750
32.81800079 -48.64699936 318.37701416 0.025006 -0.409306 -0.912055
32.51800156 -48.64699936 318.38101196 -0.034863 -0.349919 -0.936131
32.81800079 -48.94699860 318.51800537 0.016994 -0.411772 -0.911128
32.51800156 -48.94699860 318.52600098 -0.011815 -0.431890 -0.901849
33.41799927 -48.64699936 318.40701294 0.142669 -0.399755 -0.905451
33.11800003 -48.64699936 318.39599609 0.057337 -0.390695 -0.918733
33.41799927 -48.94699860 318.55599976 0.061041 -0.427288 -0.902053
33.11800003 -48.94699860 318.52499390 0.055072 -0.412365 -0.909353
31.31800079 -46.24700165 317.42800903 -0.040809 -0.383079 -0.922813
31.31800079 -46.21799850 317.41799927 -0.040809 -0.383079 -0.922813
31.61800003 -46.54700089 317.56500244 -0.074640 -0.400341 -0.913321
31.31800079 -46.54700089 317.53500366 -0.016686 -0.365800 -0.930544
31.61800003 -46.24700165 317.39898682 -0.111943 -0.391110 -0.913511
31.01799965 -46.22600174 317.41799927 0.006244 -0.325946 -0.945368
31.31800079 -45.64699936 317.12701416 -0.080236 -0.494085 -0.865704
31.61800003 -45.94699860 317.27200317 -0.095132 -0.406726 -0.908584
31.31800079 -45.94699860 317.32598877 -0.097999 -0.409938 -0.906833
31.01799965 -45.64699936 317.21701050 -0.098711 -0.510720 -0.854062
30.71800041 -45.64699936 317.21798706 -0.129612 -0.516993 -0.846120
31.01799965 -45.94699860 317.32501221 -0.083025 -0.398792 -0.913275
31.01799965 -45.04700089 316.82800293 -0.058270 -0.429571 -0.901151
30.71800041 -45.04700089 316.88299561 -0.111869 -0.457386 -0.882204
31.01799965 -45.34700012 316.96798706 -0.092112 -0.491739 -0.865857
30.71800041 -45.34700012 317.02600098 -0.117147 -0.510528 -0.851844
30.41799927 -45.04700089 316.91598511 -0.091915 -0.485027 -0.869655
30.11800003 -45.04700089 316.94400024 -0.135529 -0.499856 -0.855439
30.41799927 -45.34700012 317.07800293 -0.100703 -0.483656 -0.869446
31.01799965 -44.44699860 316.56201172 -0.024700 -0.380895 -0.924288
30.71800041 -44.44699860 316.57598877 -0.035429 -0.384467 -0.922459
31.01799965 -44.74700165 316.70098877 -0.038814 -0.426958 -0.903438
30.71800041 -44.74700165 316.71200562 -0.078771 -0.440842 -0.894122
30.41799927 -44.44699860 316.60501099 -0.052323 -0.409189 -0.910948
30.11800003 -44.44699860 316.61599731 -0.070434 -0.454370 -0.888024
30.41799927 -44.74700165 316.73001099 -0.073621 -0.465341 -0.882064
30.11800003 -44.74700165 316.76300049 -0.097436 -0.475881 -0.874096
22.18700027 -44.14699936 322.51800537 -0.999540 -0.019320 -0.023387
22.17099953 -43.84700012 322.51800537 -0.999036 -0.001020 -0.043880
22.18600082 -43.54700089 322.51800537 -0.997835 0.003128 -0.065688
22.36199951 -42.94699860 321.91799927 -0.835322 0.487656 -0.253827
22.27400017 -42.94699860 322.21798706 -0.933331 0.287719 -0.214736
28.01799965 -53.66799927 322.21798706 -0.393707 -0.851217 0.347023
27.71800041 -53.50199890 322.21798706 -0.267927 -0.884609 0.381684
28.01799965 -53.67800140 321.91799927 -0.361861 -0.896530 0.255519
27.71800041 -53.64899826 321.91799927 -0.294187 -0.900302 0.320797
28.61800003 -53.84400177 321.61801147 0.300984 -0.943442 0.139019
28.31800079 -53.91299820 321.61801147 -0.029142 -0.982678 0.183014
28.61800003 -53.84799957 321.31799316 0.249535 -0.957212 -0.146552
28.31800079 -53.89500046 321.31799316 0.036325 -0.983127 -0.179283
28.61800003 -53.13299942 323.41799927 0.312526 -0.899068 0.306601
29.21800041 -52.79199982 323.41799927 0.549194 -0.778423 0.304046
28.91799927 -52.97100067 323.41799927 0.469057 -0.833707 0.291408
29.21800041 -52.91600037 323.11801147 0.497269 -0.786940 0.365307
28.91799927 -53.08200073 323.11801147 0.447163 -0.846361 0.289341
29.43799973 -52.54700089 323.41799927 0.731582 -0.644229 0.223062
29.21800041 -53.01300049 322.81799316 0.471304 -0.806809 0.356274
29.21800041 -53.13100052 322.51800537 0.469239 -0.812818 0.345169
29.51799965 -52.68600082 323.11801147 0.554804 -0.645867 0.524450
29.81800079 -52.72900009 322.81799316 0.490567 -0.789733 0.368328
29.51799965 -52.90299988 322.81799316 0.429929 -0.833085 0.348038
29.81800079 -52.82400131 322.51800537 0.471908 -0.833237 0.288129
29.51799965 -52.97700119 322.51800537 0.449499 -0.834785 0.317939
30.11800003 -52.60900116 322.51800537 0.496481 -0.807376 0.318826
29.81800079 -52.94300079 322.21798706 0.469934 -0.810835 0.348866
29.51799965 -53.07400131 322.21798706 0.463374 -0.810506 0.358279
29.81800079 -53.06399918 321.91799927 0.489787 -0.794901 0.358107
30.41799927 -52.58100128 322.21798706 0.513455 -0.796412 0.319519
30.11800003 -52.78400040 322.21798706 0.492319 -0.808922 0.321353
30.41799927 -52.68799973 321.91799927 0.534746 -0.801335 0.268157
30.11800003 -52.86800003 321.91799927 0.524257 -0.801342 0.288105
30.41799927 -52.76699829 321.61801147 0.531910 -0.811046 0.243469
30.11800003 -52.98600006 321.61801147 0.535062 -0.808022 0.246594
30.41799927 -52.86199951 321.31799316 0.504694 -0.829908 0.237774
30.11800003 -53.06600189 321.31799316 0.513109 -0.845381 0.148493
30.71800041 -52.58200073 321.61801147 0.504676 -0.821457 0.265537
30.71800041 -52.66400146 321.31799316 0.494481 -0.822055 0.282338
31.01799965 -52.38899994 321.61801147 0.496954 -0.816760 0.293156
31.01799965 -52.52799988 321.31799316 0.480805 -0.825355 0.296000
31.61800003 -52.00000000 321.61801147 0.540346 -0.787542 0.296319
31.31800079 -52.21900177 321.61801147 0.530027 -0.787878 0.313560
31.61800003 -52.11999893 321.31799316 0.541402 -0.780960 0.311426
31.31800079 -52.33700180 321.31799316 0.505099 -0.805942 0.308760
31.61800003 -52.26399994 321.01800537 0.530213 -0.800826 0.278480
31.31800079 -52.44200134 321.01800537 0.504694 -0.829908 0.237774
31.61800003 -52.31900024 320.71798706 0.501540 -0.846813 0.177102
31.31800079 -52.50699997 320.71798706 0.446108 -0.893572 0.050170
31.91799927 -52.03699875 321.01800537 0.536401 -0.792734 0.289562
31.91799927 -52.15999985 320.71798706 0.531328 -0.819194 0.215900
31.61800003 -52.37099838 320.41799927 0.404743 -0.895077 -0.187139
31.31800079 -52.52600098 320.41799927 0.374660 -0.853478 -0.362223
23.21800041 -51.38800049 321.01800537 -0.537678 -0.807292 0.243272
23.21800041 -51.45899963 320.71798706 -0.514258 -0.832825 0.204793
22.91799927 -50.95600128 321.61801147 -0.529663 -0.774370 0.346132
23.21800041 -51.14500046 321.61801147 -0.495572 -0.782907 0.376118
23.21800041 -51.26599884 321.31799316 -0.515759 -0.790405 0.330533
22.91799927 -51.07199860 321.31799316 -0.562334 -0.772611 0.294707
26.81800079 -52.03900146 323.41799927 -0.922584 -0.262571 -0.282658
26.89800072 -52.24700165 323.41799927 -0.931312 -0.280380 0.232476
26.85600090 -52.54700089 323.41799927 -0.790221 -0.418542 0.447630
26.81800079 -52.54700089 323.37298584 -0.790221 -0.418542 0.447630
26.66600037 -52.54700089 323.11801147 -0.776109 -0.405138 0.483237
28.01799965 -52.57899857 324.61801147 -0.307954 -0.878351 0.365600
28.01799965 -52.74700165 324.31799316 -0.289528 -0.862456 0.415143
27.71800041 -52.62099838 324.31799316 -0.356726 -0.822849 0.442341
34.03300095 -42.94699860 321.91799927 0.747332 0.001381 -0.664449
34.16400146 -46.24700165 320.41799927 0.995167 0.097903 -0.007531
34.13600159 -46.54700089 320.41799927 0.997860 -0.052183 -0.039403
34.10499954 -46.24700165 320.11801147 0.992831 0.057474 -0.104805
34.11800003 -46.54700089 320.11801147 0.994428 -0.054565 -0.090200
34.09500122 -46.84700012 320.41799927 0.995584 -0.060639 -0.071664
34.09000015 -47.14699936 320.41799927 0.996024 0.040276 -0.079464
34.05899811 -46.84700012 320.11801147 0.998796 -0.030267 -0.038616
34.06200027 -47.14699936 320.11801147 0.999295 0.037537 -0.001015
34.15800095 -46.84700012 321.01800537 0.997997 0.061786 -0.013614
34.16400146 -47.14699936 321.01800537 0.998417 0.011428 -0.055064
34.12400055 -46.84700012 320.71798706 0.997835 -0.003128 -0.065688
34.11899948 -47.14699936 320.71798706 0.995084 0.011885 -0.098320
34.15599823 -47.44699860 321.01800537 0.997462 -0.009480 -0.070570
34.14400101 -47.74700165 321.01800537 0.998152 -0.024191 -0.055745
34.12900162 -47.44699860 320.71798706 0.997329 0.007372 -0.072667
34.11299896 -47.74700165 320.71798706 0.999445 -0.001009 -0.033281
34.13700104 -47.44699860 321.61801147 0.998749 -0.026036 0.042699
34.12500000 -47.74700165 321.61801147 0.998560 -0.034650 0.040950
34.16400146 -47.44699860 321.31799316 0.999388 -0.027619 0.021481
34.16699982 -47.74700165 321.31799316 0.998485 -0.040947 0.036748
34.10699844 -48.04700089 321.61801147 0.999004 -0.025935 0.036309
34.12599945 -48.34700012 321.61801147 0.998513 0.001028 0.054502
34.14199829 -48.04700089 321.31799316 0.999080 -0.019590 0.038149
34.13000107 -48.34700012 321.31799316 0.999021 0.034234 0.028010
34.13199997 -48.04700089 322.21798706 0.998023 0.011520 -0.061787
34.14199829 -48.34700012 322.21798706 0.996210 -0.031368 -0.081125
34.13100052 -48.04700089 321.91799927 0.999730 0.003008 -0.023063
34.11500168 -48.34700012 321.91799927 0.999815 -0.002996 -0.018978
34.13700104 -48.64699936 322.21798706 0.998248 0.003110 -0.059086
34.14799881 -48.94699860 322.21798706 0.998323 0.057136 -0.009350
34.08300018 -48.64699936 321.91799927 0.998181 0.057607 0.017806
34.14799881 -48.94699860 321.91799927 0.995003 0.085223 0.052019
33.96400070 -50.74700165 320.11801147 0.829594 -0.524352 -0.191910
34.05799866 -50.44699860 320.11801147 0.948354 -0.264562 -0.175018
34.02700043 -50.74700165 320.41799927 0.837078 -0.541471 -0.078165
34.11399841 -50.44699860 320.41799927 0.968933 -0.230578 -0.089459
33.71799850 -51.06800079 320.11801147 0.655793 -0.727109 -0.203094
33.71799850 -51.07400131 320.41799927 0.640135 -0.767314 0.038154
33.71799850 -50.98300171 320.71798706 0.574136 -0.775477 0.262687
34.01800156 -50.79399872 320.71798706 0.788776 -0.579666 0.204498
33.71799850 -50.80899811 321.01800537 0.589096 -0.717088 0.372492
34.05599976 -50.74700165 320.71798706 0.788776 -0.579666 0.204498
34.10599899 -50.44699860 320.71798706 0.976076 -0.194226 0.097731
34.05599976 -50.44699860 321.01800537 0.866646 -0.420422 0.268645
33.41799927 -51.18199921 320.71798706 0.539397 -0.779485 0.318517
33.11800003 -51.24499893 321.01800537 0.514998 -0.792428 0.326856
33.41799927 -51.06800079 321.01800537 0.532946 -0.782614 0.321688
33.11800003 -51.13399887 321.31799316 0.512673 -0.798373 0.315857
33.41799927 -50.93099976 321.31799316 0.543936 -0.784980 0.296548
33.11800003 -51.01900101 321.61801147 0.531639 -0.778987 0.332475
33.41799927 -50.81399918 321.61801147 0.525290 -0.779100 0.342161
32.81800079 -51.32899857 321.31799316 0.522045 -0.790252 0.320890
32.81800079 -51.20299911 321.61801147 0.522782 -0.792912 0.313033
32.51800156 -51.51800156 321.31799316 0.534981 -0.784106 0.314601
32.51800156 -51.39400101 321.61801147 0.528412 -0.791825 0.306257
32.51800156 -51.30199814 321.91799927 0.517095 -0.793939 0.319803
32.81800079 -51.09500122 321.91799927 0.534981 -0.784106 0.314601
32.51800156 -51.16699982 322.21798706 0.495835 -0.801945 0.333214
32.81800079 -50.98199844 322.21798706 0.534981 -0.784106 0.314601
31.91799927 -51.70700073 321.91799927 0.524896 -0.789737 0.317490
32.21799850 -51.47800064 321.91799927 0.538598 -0.781526 0.314848
31.91799927 -51.58599854 322.21798706 0.530872 -0.781072 0.328788
32.21799850 -51.34999847 322.21798706 0.540406 -0.774529 0.328734
32.21799850 -51.22900009 322.51800537 0.529317 -0.785180 0.321428
31.91799927 -51.29899979 322.81799316 0.449323 -0.807502 0.382164
32.21799850 -51.13000107 322.81799316 0.518565 -0.785072 0.338753
31.91799927 -51.46300125 322.51800537 0.497269 -0.786940 0.365307
31.61800003 -51.62400055 322.51800537 0.318826 -0.807376 0.496481
31.31800079 -51.47100067 322.81799316 0.043666 -0.919632 0.390347
31.61800003 -51.44499969 322.81799316 0.255987 -0.867932 0.425635
31.31800079 -51.36199951 323.11801147 0.167060 -0.967393 0.190371
31.31800079 -51.36800003 323.41799927 0.302190 -0.946508 0.113155
30.71800041 -51.48300171 323.11801147 0.221772 -0.975092 -0.003520
31.01799965 -51.41099930 323.11801147 0.165879 -0.981956 0.090810
30.71800041 -51.50199890 323.41799927 0.336865 -0.934833 -0.112288
31.01799965 -51.41799927 323.41799927 0.268825 -0.963188 -0.001205
30.71800041 -51.54199982 323.71798706 0.440077 -0.895234 -0.069919
31.01799965 -51.41899872 323.71798706 0.375314 -0.922704 0.088070
30.71800041 -51.54600143 324.01800537 0.513371 -0.846843 0.138947
31.01799965 -51.36399841 324.01800537 0.478203 -0.848620 0.226198
22.61800003 -46.54700089 317.74200439 -0.384518 -0.335102 -0.860147
22.41900063 -46.24700165 317.71798706 -0.594741 -0.249509 -0.764218
30.11800003 -51.76699829 323.71798706 0.403908 -0.828408 -0.388069
30.41799927 -51.71699905 323.71798706 0.420145 -0.871914 -0.251485
30.11800003 -51.92499924 324.01800537 0.504957 -0.861070 -0.059816
30.41799927 -51.74800110 324.01800537 0.497905 -0.866925 0.023064
22.61800003 -46.24700165 317.60800171 -0.331639 -0.292972 -0.896763
30.11800003 -51.86100006 324.31799316 0.514261 -0.806776 0.290943
30.41799927 -51.65299988 324.31799316 0.526770 -0.795692 0.298978
30.11800003 -51.72399902 324.61801147 0.515801 -0.782539 0.348688
30.41799927 -51.51800156 324.61801147 0.530194 -0.766917 0.361570
22.61800003 -45.94699860 317.53698730 -0.402107 -0.200323 -0.893409
22.61800003 -45.64699936 317.46499634 -0.471243 -0.156108 -0.868079
29.81800079 -51.90499878 324.61801147 0.476098 -0.807297 0.348714
22.91799927 -45.64699936 317.38000488 -0.219387 -0.252502 -0.942397
23.21800041 -45.64699936 317.33200073 -0.124006 -0.336588 -0.933451
22.91799927 -45.94699860 317.44500732 -0.158465 -0.280360 -0.946724
23.21800041 -45.94699860 317.43798828 -0.050784 -0.347672 -0.936240
22.91799927 -45.34700012 317.29901123 -0.300310 -0.215716 -0.929129
23.21800041 -45.34700012 317.23001099 -0.228409 -0.299343 -0.926403
22.91799927 -45.04700089 317.24798584 -0.404202 -0.100706 -0.909109
23.21800041 -45.04700089 317.12799072 -0.310792 -0.198288 -0.929564
23.51799965 -45.34700012 317.15499878 -0.125784 -0.366295 -0.921958
23.81800079 -45.34700012 317.14498901 -0.043419 -0.377610 -0.924946
22.28599930 -48.04700089 324.01800537 -0.997202 -0.063331 -0.039716
22.30999947 -48.34700012 324.01800537 -0.999680 -0.025118 -0.003014
22.30200005 -48.04700089 323.71798706 -0.999707 -0.023155 0.007047
22.29100037 -48.34700012 323.71798706 -0.999538 -0.019359 0.023435
23.51799965 -45.04700089 317.04501343 -0.186347 -0.285732 -0.940017
23.81800079 -45.04700089 317.01599121 -0.074887 -0.327139 -0.942004
23.81800079 -50.14699936 319.23400879 -0.016990 -0.406444 -0.913518
23.51799965 -50.14699936 319.21798706 -0.043861 -0.405378 -0.913096
23.81800079 -49.84700012 319.09500122 -0.009023 -0.387984 -0.921622
23.51799965 -49.84700012 319.10000610 -0.030166 -0.392157 -0.919404
23.51799965 -44.74700165 316.98800659 -0.273271 -0.108524 -0.955796
23.81800079 -44.74700165 316.91900635 -0.165396 -0.228907 -0.959294
23.51799965 -44.44699860 316.98800659 -0.336993 0.138924 -0.931201
23.81800079 -44.44699860 316.88000488 -0.348726 0.133701 -0.927639
24.11800003 -51.99599838 320.41799927 -0.474543 -0.861865 -0.178878
24.41799927 -52.23500061 320.41799927 -0.512598 -0.827807 -0.227991
24.11800003 -45.04700089 317.02600098 -0.032302 -0.355326 -0.934184
24.41799927 -45.04700089 317.00799561 -0.054155 -0.373804 -0.925925
24.11800003 -45.34700012 317.12500000 -0.037979 -0.375860 -0.925898
24.41799927 -45.34700012 317.11898804 -0.040396 -0.360955 -0.931708
22.28100014 -46.54700089 323.71798706 -0.999632 -0.027126 -0.001005
22.24900055 -49.84700012 321.01800537 -0.999195 -0.039804 0.005103
22.27199936 -50.14699936 321.01800537 -0.991130 -0.129376 0.030375
22.23399925 -49.84700012 320.71798706 -0.999346 -0.031709 0.017389
22.25600052 -50.14699936 320.71798706 -0.994883 -0.091445 0.042968
22.23399925 -49.84700012 321.61801147 -0.995704 -0.082154 0.042720
22.27099991 -50.14699936 321.61801147 -0.969424 -0.219229 0.110248
22.23500061 -49.84700012 321.31799316 -0.998611 -0.050918 -0.013509
22.26799965 -50.14699936 321.31799316 -0.986960 -0.160930 0.003376
22.61800003 -50.85699844 321.31799316 -0.679465 -0.682648 0.268922
25.01799965 -50.74700165 319.46899414 -0.006524 -0.421447 -0.906829
24.71800041 -50.74700165 319.49301147 -0.035578 -0.393988 -0.918427
22.91799927 -49.84199905 324.01800537 -0.521476 -0.776563 0.353570
23.21800041 -50.03300095 324.01800537 -0.527467 -0.772650 0.353258
22.91799927 -49.98199844 323.71798706 -0.536156 -0.762928 0.361217
23.21800041 -50.20100021 323.71798706 -0.514150 -0.781702 0.352975
23.81800079 -50.41699982 324.01800537 -0.461153 -0.819299 0.340714
23.51799965 -50.24800110 324.01800537 -0.500978 -0.795483 0.340921
23.51799965 -50.37300110 323.71798706 -0.470623 -0.808833 0.352568
23.81800079 -50.54000092 323.71798706 -0.474489 -0.814090 0.334840
23.51799965 -49.94900131 324.61801147 -0.507239 -0.776254 0.374352
23.51799965 -50.13000107 324.31799316 -0.508900 -0.780313 0.363500
23.81800079 -50.14699936 324.61801147 -0.471589 -0.793492 0.384675
23.81800079 -50.30799866 324.31799316 -0.462921 -0.802502 0.376423
22.21699905 -47.14699936 321.31799316 -0.999034 -0.021696 0.038226
22.21599960 -46.84700012 321.31799316 -0.999591 -0.013193 0.025370
22.23299980 -47.14699936 321.61801147 -0.998905 -0.019668 0.042441
22.22200012 -46.84700012 321.61801147 -0.998927 -0.025933 0.038380
25.01799965 -50.77500153 324.91799927 -0.461072 -0.798442 0.387172
25.01799965 -50.89500046 324.61801147 -0.462186 -0.807626 0.366230
25.01799965 -51.02700043 324.31799316 -0.470623 -0.808833 0.352568
24.71800041 -50.84299850 324.31799316 -0.494255 -0.787266 0.368679
25.31800079 -51.04600143 324.61801147 -0.436962 -0.818311 0.373404
25.61800003 -51.22200012 324.61801147 -0.492786 -0.794557 0.354742
25.31800079 -51.19499969 324.31799316 -0.446046 -0.820661 0.357154
22.21299934 -47.14699936 320.71798706 -0.999900 -0.010966 0.008972
22.20299911 -46.84700012 320.71798706 -0.999411 -0.029605 0.017354
22.20800018 -47.14699936 321.01800537 -0.999738 -0.015132 0.017150
22.20000076 -46.84700012 321.01800537 -0.999778 -0.009025 0.019053
25.61800003 -50.97999954 325.21798706 -0.518354 -0.797346 0.309110
25.31800079 -50.77399826 325.21798706 -0.491419 -0.806308 0.329203
25.31800079 -50.90299988 324.91799927 -0.462285 -0.804600 0.372707
25.61800003 -51.07699966 324.91799927 -0.517818 -0.787147 0.335059
22.20999908 -47.74700165 320.71798706 -0.999085 -0.025829 0.034095
22.20700073 -47.44699860 320.71798706 -0.999807 -0.005004 0.019015
22.22800064 -47.74700165 321.01800537 -0.999538 -0.019359 0.023435
22.21699905 -47.44699860 321.01800537 -0.999702 -0.015132 0.019167
22.19000053 -47.74700165 320.11801147 -0.999482 -0.007089 0.031392
22.18400002 -47.44699860 320.11801147 -0.999393 -0.009169 0.033619
22.20599937 -47.74700165 320.41799927 -0.998893 -0.015495 0.044418
22.19700050 -47.44699860 320.41799927 -0.999040 -0.001018 0.043791
22.19199944 -47.74700165 319.51800537 -0.999260 -0.021567 0.031837
22.17099953 -47.44699860 319.51800537 -0.998774 -0.028179 0.040702
22.19099998 -47.74700165 319.81799316 -0.999976 -0.004936 0.004936
22.18600082 -47.44699860 319.81799316 -0.999562 -0.027399 0.011163
22.18499947 -48.34700012 319.51800537 -0.999916 -0.006951 -0.010923
22.18499947 -48.04700089 319.51800537 -0.999880 0.010966 0.010966
22.17300034 -48.34700012 319.81799316 -0.999952 -0.006937 0.006937
22.18400002 -48.04700089 319.81799316 -0.999852 0.016947 -0.002991
31.91799927 -51.64699936 319.75100708 0.001340 -0.507781 -0.861485
32.21799850 -51.64699936 319.72000122 0.145780 -0.641732 -0.752946
31.91799927 -51.94699860 319.92700195 0.176274 -0.682102 -0.709693
34.10400009 -48.94699860 320.11801147 0.997818 -0.005224 -0.065825
34.09799957 -48.64699936 320.11801147 0.998940 -0.001022 -0.046011
34.14500046 -48.94699860 320.41799927 0.995694 -0.003195 -0.092647
34.13299942 -48.64699936 320.41799927 0.994694 0.007560 -0.102601
34.09500122 -47.74700165 318.91799927 0.994581 -0.072394 -0.074621
34.08499908 -47.44699860 318.91799927 0.996241 0.007458 -0.086305
34.09799957 -47.74700165 319.21798706 0.998854 -0.044509 0.017596
34.13800049 -47.44699860 319.21798706 0.999889 -0.014865 -0.000991
34.07899857 -47.14699936 318.91799927 0.997130 -0.024581 -0.071605
34.13299942 -46.84700012 318.91799927 0.998708 -0.030327 -0.040785
34.11800003 -47.14699936 319.21798706 0.999736 -0.022971 0.000999
34.10599899 -46.84700012 319.21798706 0.999960 0.000985 0.008867
28.31800079 -53.83499908 322.21798706 -0.017038 -0.908249 0.418083
28.61800003 -53.76800156 321.91799927 0.369050 -0.902932 0.220263
28.31800079 -53.85300064 321.91799927 -0.030807 -0.962404 0.269868
33.81200027 -46.24700165 317.71798706 0.754947 -0.219480 -0.617967
33.94699860 -46.54700089 318.01800537 0.904052 -0.101376 -0.415225
33.96599960 -46.24700165 318.01800537 0.922576 -0.107976 -0.370397
33.89500046 -45.94699860 317.71798706 0.887778 -0.138671 -0.438885
33.93899918 -45.64699936 317.71798706 0.909772 -0.091938 -0.404800
34.01200104 -45.94699860 318.01800537 0.957901 -0.086147 -0.273870
34.02999878 -45.64699936 318.01800537 0.981201 -0.048763 -0.186726
33.71799850 -45.94699860 317.46899414 0.675597 -0.219998 -0.703682
33.75699997 -45.64699936 317.41799927 0.708479 -0.146530 -0.690352
33.80300140 -45.34700012 317.41799927 0.759528 -0.061739 -0.647538
33.97100067 -45.34700012 317.71798706 0.940223 0.024174 -0.339702
33.92100143 -45.04700089 317.71798706 0.951209 0.076356 -0.298951
34.00899887 -45.34700012 318.01800537 0.983333 0.017292 -0.180989
33.99399948 -45.04700089 318.01800537 0.979731 0.034273 -0.197364
34.01800156 -45.04700089 318.11999512 0.985642 0.026452 -0.166766
22.61800003 -42.82899857 321.61801147 -0.696948 0.638463 -0.326542
22.61800003 -42.92900085 321.31799316 -0.687043 0.702413 -0.185978
27.71800041 -40.92200089 318.01800537 -0.427921 0.796095 -0.427921
28.01799965 -41.00500107 317.71798706 -0.270420 0.857094 -0.438478
27.71800041 -41.14199829 317.71798706 -0.412461 0.820144 -0.396536
27.41799927 -41.13600159 318.01800537 -0.480053 0.797948 -0.364455
27.71800041 -41.22499847 317.41799927 -0.485306 0.836574 -0.254208
27.71800041 -41.27799988 317.11801147 -0.554674 0.777179 -0.297203
27.41799927 -41.40700150 317.41799927 -0.495708 0.809287 -0.315163
27.11800003 -41.59299850 317.41799927 -0.472750 0.799668 -0.370187
27.41799927 -41.55300140 317.11801147 -0.492372 0.827868 -0.268708
27.11800003 -41.72100067 317.11801147 -0.535326 0.789487 -0.300227
26.81800079 -41.77299881 317.41799927 -0.483753 0.795541 -0.364824
26.51799965 -41.91199875 317.41799927 -0.467071 0.808208 -0.358672
26.81800079 -41.91099930 317.11801147 -0.536782 0.772128 -0.340123
26.51799965 -42.08700180 317.11801147 -0.475803 0.781096 -0.404351
26.81800079 -52.24700165 320.06799316 0.019185 -0.354281 -0.934942
26.51799965 -52.24700165 320.07501221 -0.016646 -0.364928 -0.930887
29.21800041 -53.58000183 321.01800537 0.400952 -0.878490 -0.259793
28.91799927 -53.66400146 321.01800537 0.238601 -0.871870 -0.427682
29.21800041 -53.41099930 320.71798706 0.191616 -0.777195 -0.599375
28.91799927 -53.47999954 320.71798706 0.110911 -0.723143 -0.681736
28.61800003 -52.54700089 320.14898682 -0.019128 -0.348123 -0.937254
28.31800079 -52.54700089 320.17898560 -0.024594 -0.371502 -0.928107
34.06100082 -49.84700012 319.81799316 0.975836 -0.059547 -0.210236
34.06399918 -50.14699936 319.81799316 0.972501 -0.072907 -0.221192
34.00000000 -49.84700012 319.51800537 0.932814 -0.202786 -0.297885
33.95000076 -50.14699936 319.51800537 0.871870 -0.238601 -0.427682
34.08599854 -49.24700165 319.81799316 0.996021 -0.018305 -0.087219
34.07699966 -49.54700089 319.81799316 0.988305 -0.037792 -0.147730
34.06299973 -49.24700165 319.51800537 0.995347 -0.056216 -0.078261
34.04199982 -49.54700089 319.51800537 0.984475 -0.124114 -0.124114
34.11399841 -48.64699936 319.81799316 0.999382 -0.015312 -0.031645
34.09400177 -48.94699860 319.81799316 0.998600 -0.019826 -0.049043
34.08800125 -48.64699936 319.51800537 0.997658 -0.022264 -0.064673
34.07799911 -48.94699860 319.51800537 0.997905 -0.043572 -0.047823
34.10400009 -48.04700089 319.81799316 0.998705 0.019787 -0.046863
34.11199951 -48.34700012 319.81799316 0.999426 0.005073 -0.033483
34.07799911 -48.04700089 319.51800537 0.999206 0.003056 -0.039724
34.08499908 -48.34700012 319.51800537 0.997621 0.028686 -0.062683
34.09799957 -47.44699860 319.81799316 0.999936 0.002967 -0.010880
34.08100128 -47.74700165 319.81799316 0.998940 -0.001022 -0.046011
34.08700180 -47.44699860 319.51800537 0.998560 -0.034650 0.040950
34.07600021 -47.74700165 319.51800537 0.998982 -0.044148 0.009240
34.09700012 -46.84700012 319.81799316 0.999445 0.001009 0.033281
34.10100174 -47.14699936 319.81799316 0.999189 0.013350 0.037996
34.11100006 -46.84700012 319.51800537 0.998304 0.039004 0.043221
34.09799957 -47.14699936 319.51800537 0.999279 0.005083 0.037613
34.08100128 -46.24700165 319.81799316 0.999669 0.011096 0.023201
34.05300140 -46.54700089 319.81799316 0.999830 -0.013037 0.013037
34.10499954 -46.24700165 319.51800537 0.998197 -0.030568 0.051649
34.08900070 -46.54700089 319.51800537 0.999098 0.032029 0.027896
34.11199951 -45.64699936 319.81799316 0.994296 -0.023021 0.104143
34.06299973 -45.94699860 319.81799316 0.998463 -0.007258 0.054952
34.11100006 -45.64699936 319.51800537 0.999445 -0.033281 0.001009
34.12400055 -45.94699860 319.51800537 0.998502 -0.049141 0.024048
25.61800003 -51.48199844 324.01800537 -0.464300 -0.878904 0.109331
25.61800003 -51.42399979 323.71798706 -0.381411 -0.922077 -0.065576
25.31800079 -41.34299850 320.71798706 -0.543519 0.802042 -0.247621
25.01799965 -41.67100143 320.41799927 -0.538598 0.781526 -0.314848
24.11800003 -42.36199951 320.11801147 -0.554812 0.763872 -0.329671
24.11800003 -42.56299973 319.81799316 -0.541890 0.765117 -0.347780
24.41799927 -42.47000122 319.51800537 -0.453451 0.778506 -0.433948
24.11800003 -42.65900040 319.51800537 -0.510482 0.784241 -0.352667
23.81800079 -42.75199890 319.81799316 -0.488442 0.818257 -0.303116
23.51799965 -42.90900040 319.81799316 -0.499633 0.804172 -0.321986
23.81800079 -42.83700180 319.51800537 -0.483473 0.817337 -0.313391
34.07199860 -43.54700089 321.61801147 0.954780 0.114258 -0.274483
34.08900070 -44.14699936 321.91799927 0.990609 -0.028110 -0.133805
34.11800003 -43.84700012 321.91799927 0.986302 -0.074238 -0.147297
34.12900162 -44.14699936 322.21798706 0.988615 -0.001115 -0.150466
34.13600159 -43.84700012 322.21798706 0.988144 -0.088122 -0.125721
23.51799965 -51.59000015 321.01800537 -0.528123 -0.817590 0.229418
23.81800079 -51.78400040 321.01800537 -0.518028 -0.832168 0.197848
23.51799965 -51.64500046 320.71798706 -0.509338 -0.845944 0.157969
23.81800079 -51.82199860 320.71798706 -0.494963 -0.863703 0.095022
32.21799850 -50.34000015 324.61801147 0.534696 -0.775551 0.335590
31.91799927 -50.51499939 324.61801147 0.525914 -0.784875 0.327697
32.21799850 -50.41799927 324.31799316 0.551119 -0.794674 0.254483
31.91799927 -50.70399857 324.31799316 0.535232 -0.781279 0.321139
24.88800049 -41.44699860 321.31799316 -0.393173 0.858813 -0.328415
24.71800041 -41.52799988 321.31799316 -0.393173 0.858813 -0.328415
22.13199997 -45.64699936 318.61801147 -0.999616 -0.027235 -0.005043
22.13899994 -45.94699860 318.61801147 -0.999731 -0.003002 -0.023017
22.13599968 -45.64699936 318.31799316 -0.998297 -0.043312 -0.039087
22.13899994 -45.94699860 318.31799316 -0.996830 -0.033407 -0.072203
22.20800018 -46.24700165 318.01800537 -0.927439 -0.101842 -0.359841
22.26799965 -46.54700089 318.01800537 -0.788097 -0.197407 -0.583039
22.61800003 -48.64699936 318.60000610 -0.296282 -0.412952 -0.861213
22.61800003 -48.94699860 318.76400757 -0.335164 -0.359651 -0.870814
22.20599937 -48.34700012 318.91799927 -0.979925 -0.096406 -0.174507
22.18899918 -48.04700089 318.91799927 -0.988822 -0.087765 -0.120531
22.17700005 -48.34700012 319.21798706 -0.996657 -0.053256 -0.061951
22.18000031 -48.04700089 319.21798706 -0.999892 -0.012960 -0.006978
22.20999908 -48.94699860 319.51800537 -0.995076 -0.087055 -0.047385
22.18300056 -48.64699936 319.51800537 -0.997713 -0.064539 -0.020102
22.21299934 -48.94699860 319.81799316 -0.998530 -0.052992 0.011430
22.18000031 -48.64699936 319.81799316 -0.998536 -0.052882 0.011406
23.81800079 -42.21099854 321.01800537 -0.506129 0.769771 -0.388954
23.81800079 -42.31100082 320.71798706 -0.523821 0.775255 -0.352975
23.51799965 -42.13000107 321.61801147 -0.472494 0.824117 -0.312380
23.51799965 -42.24700165 321.31799316 -0.452939 0.815290 -0.360762
22.24500084 -47.14699936 322.51800537 -0.999707 -0.007047 0.023155
22.24900055 -46.84700012 322.51800537 -0.999291 0.003044 0.037537
22.25900078 -47.14699936 322.81799316 -0.998316 -0.009369 0.057255
22.25900078 -46.84700012 322.81799316 -0.999213 -0.001016 0.039643
23.51799965 -42.40299988 321.01800537 -0.523876 0.747221 -0.408919
23.51799965 -42.57199860 320.71798706 -0.526607 0.777832 -0.343019
27.11800003 -43.54700089 316.31100464 -0.032416 -0.366944 -0.929678
27.41799927 -43.24700165 316.16900635 -0.053836 -0.361097 -0.930973
27.11800003 -43.24700165 316.18798828 -0.039719 -0.326720 -0.944286
27.11800003 -44.14699936 316.55499268 -0.074455 -0.399351 -0.913770
27.28599930 -44.14699936 316.51800537 -0.054832 -0.397197 -0.916094
27.41799927 -43.84700012 316.38400269 -0.056816 -0.366002 -0.928878
27.11800003 -43.84700012 316.41699219 -0.065576 -0.381411 -0.922077
26.81800079 -43.54700089 316.30099487 0.022017 -0.376876 -0.926002
26.51799965 -43.54700089 316.26300049 -0.037979 -0.375860 -0.925898
26.81800079 -43.24700165 316.16799927 -0.020862 -0.276120 -0.960897
26.51799965 -43.24700165 316.18399048 -0.097164 -0.185718 -0.977787
26.81800079 -43.84700012 316.43099976 -0.001283 -0.391439 -0.920203
26.51799965 -43.84700012 316.42401123 -0.017038 -0.418083 -0.908249
26.21800041 -43.84700012 316.44699097 -0.075361 -0.428871 -0.900217
25.91799927 -43.84700012 316.46398926 -0.036008 -0.422757 -0.905527
26.81800079 -44.14699936 316.56201172 -0.027413 -0.390303 -0.920278
26.51799965 -44.14699936 316.55300903 -0.016781 -0.378228 -0.925561
26.21800041 -44.14699936 316.57699585 -0.073606 -0.373381 -0.924753
25.91799927 -44.14699936 316.60900879 -0.054545 -0.389798 -0.919284
25.01799965 -45.04700089 316.99798584 -0.014166 -0.377341 -0.925966
24.71800041 -45.04700089 316.98599243 -0.032541 -0.370970 -0.928075
25.01799965 -45.34700012 317.08801270 0.040414 -0.561622 -0.826406
24.71800041 -45.34700012 317.11199951 -0.034968 -0.356155 -0.933773
25.10099983 -45.64699936 317.41799927 0.750624 -0.372870 -0.545464
25.01799965 -45.94699860 317.48999023 -0.182176 -0.377262 -0.908012
24.94899940 -45.94699860 317.41799927 0.047350 -0.445088 -0.894234
24.41799927 -46.24700165 317.55801392 0.184855 -0.524507 -0.831096
24.11800003 -46.24700165 317.54299927 0.085479 -0.475036 -0.875805
24.11800003 -46.54700089 317.67300415 0.177729 -0.506305 -0.843841
24.11800003 -45.94699860 317.42199707 -0.041539 -0.430135 -0.901809
24.41799927 -45.64699936 317.24200439 -0.033140 -0.417567 -0.908042
24.11800003 -45.64699936 317.25201416 -0.066935 -0.430295 -0.900203
24.41799927 -45.94699860 317.38000488 0.009245 -0.452996 -0.891465
24.41799927 -46.54700089 317.85198975 0.249480 -0.525302 -0.813521
24.41799927 -46.45000076 317.71798706 0.250110 -0.526629 -0.812469
23.81800079 -46.24700165 317.53100586 -0.027063 -0.362127 -0.931736
23.51799965 -46.24700165 317.55999756 -0.003780 -0.351535 -0.936167
23.81800079 -46.54700089 317.65798950 0.014436 -0.421260 -0.906825
23.51799965 -46.54700089 317.68301392 -0.016852 -0.387596 -0.921675
23.51799965 -46.84700012 317.79699707 0.006467 -0.404810 -0.914378
23.81800079 -47.14699936 317.93399048 0.074431 -0.393806 -0.916175
23.51799965 -47.14699936 317.95098877 0.014417 -0.418100 -0.908287
23.21800041 -46.84700012 317.79901123 0.019444 -0.387578 -0.921632
23.21800041 -47.14699936 317.91900635 -0.011740 -0.416132 -0.909229
24.86899948 -47.44699860 318.01800537 -0.059800 -0.378731 -0.923573
23.81800079 -50.95000076 322.81799316 -0.477014 -0.798236 0.367799
23.51799965 -50.76300049 322.81799316 -0.467190 -0.801126 0.374073
23.51799965 -50.91600037 322.51800537 -0.469695 -0.792510 0.388992
23.81800079 -51.06600189 322.51800537 -0.467183 -0.790494 0.396055
25.31800079 -51.30300140 324.01800537 -0.434402 -0.881968 0.182829
25.31800079 -51.31499863 323.71798706 -0.352578 -0.931717 0.087139
26.51799965 -51.50099945 325.21798706 -0.467328 -0.815843 0.340595
26.81800079 -51.70100021 325.21798706 -0.516311 -0.795913 0.316141
26.51799965 -51.62699890 324.91799927 -0.481857 -0.809456 0.335551
26.81800079 -51.82400131 324.91799927 -0.509752 -0.794190 0.330779
27.11800003 -51.89300156 325.21798706 -0.511885 -0.800315 0.312202
27.41799927 -51.97600174 325.51800537 -0.447131 -0.795796 0.408390
27.41799927 -51.76599884 325.81799316 -0.363523 -0.799110 0.478826
27.11800003 -51.65499878 325.81799316 -0.458476 -0.809922 0.365823
27.11800003 -51.78900146 325.51800537 -0.478174 -0.811783 0.335198
27.71800041 -51.89799881 325.81799316 -0.380172 -0.831331 0.405412
22.20299911 -45.04700089 321.01800537 -0.998730 -0.032352 0.038613
22.20100021 -45.34700012 321.01800537 -0.999020 -0.013375 0.042183
22.17799950 -45.04700089 320.71798706 -0.997820 -0.026510 0.060442
22.17700005 -45.34700012 320.71798706 -0.997696 -0.003128 0.067764
22.19099998 -44.44699860 321.61801147 -0.999668 -0.017183 0.019205
22.18700027 -44.74700165 321.61801147 -0.999021 -0.028010 0.034234
22.18400002 -44.44699860 321.31799316 -0.999507 -0.015252 0.027453
22.18600082 -44.74700165 321.31799316 -0.999305 -0.031773 0.019474
22.20199966 -45.04700089 321.61801147 -0.998809 -0.032354 0.036529
22.21400070 -45.34700012 321.61801147 -0.999617 -0.011141 0.025320
22.19099998 -45.04700089 321.31799316 -0.999220 -0.037842 0.011250
22.20499992 -45.34700012 321.31799316 -0.999769 -0.017081 0.013062
22.21100044 -45.64699936 321.61801147 -0.999917 0.000989 0.012857
22.20800018 -45.94699860 321.61801147 -0.999916 -0.006965 0.010944
22.21500015 -45.64699936 321.31799316 -0.999816 0.002990 0.018940
22.20899963 -45.94699860 321.31799316 -0.999816 -0.002990 0.018940
22.24300003 -45.64699936 322.21798706 -0.999120 -0.003062 0.041843
22.23100090 -45.94699860 322.21798706 -0.999020 0.005113 0.043969
22.21400070 -45.64699936 321.91799927 -0.999298 -0.001012 0.037461
22.21899986 -45.94699860 321.91799927 -0.999298 -0.001012 0.037461
22.21599960 -46.24700165 321.61801147 -0.999715 -0.011074 0.021142
22.20999908 -46.54700089 321.61801147 -0.999639 -0.009097 0.025269
22.21299934 -46.24700165 321.31799316 -0.999855 -0.010987 0.012985
22.21400070 -46.54700089 321.31799316 -0.999776 -0.002996 0.020974
22.22800064 -46.24700165 322.21798706 -0.999238 -0.015373 0.035870
22.22900009 -46.54700089 322.21798706 -0.999312 -0.015343 0.033754
22.22500038 -46.24700165 321.91799927 -0.999544 -0.007089 0.029369
22.23100090 -46.54700089 321.91799927 -0.999409 -0.017390 0.029665
22.24600029 -46.84700012 322.21798706 -0.999705 -0.017184 0.017184
22.24799919 -47.14699936 322.21798706 -0.999948 -0.008919 0.004955
22.23399925 -46.84700012 321.91799927 -0.998887 -0.034373 0.032289
22.25099945 -47.14699936 321.91799927 -0.999409 -0.017390 0.029665
22.25099945 -47.44699860 322.21798706 -0.999936 0.010901 -0.002973
22.24099922 -47.74700165 322.21798706 -0.999976 0.000983 0.006883
22.24699974 -47.44699860 321.91799927 -0.999668 0.011119 0.023248
22.24300003 -47.74700165 321.91799927 -0.999807 0.005004 0.019015
22.27000046 -47.44699860 322.81799316 -0.998287 0.011475 0.057373
22.25699997 -47.74700165 322.81799316 -0.999109 0.013349 0.040046
22.24699974 -47.44699860 322.51800537 -0.999658 0.007047 0.025168
22.24200058 -47.74700165 322.51800537 -0.999658 0.007047 0.025168
22.25600052 -48.04700089 322.81799316 -0.999714 -0.011097 0.021185
22.25499916 -48.34700012 322.81799316 -0.999731 -0.019129 0.013088
22.25699997 -48.04700089 322.51800537 -0.999705 -0.017184 0.017184
22.26399994 -48.34700012 322.51800537 -0.999660 -0.015162 0.021226
25.01799965 -42.64699936 318.85299683 -0.359901 0.909147 -0.209581
24.71800041 -42.70700073 318.61801147 -0.335400 0.932276 -0.135529
25.01799965 -42.63399887 318.31799316 -0.448726 0.884631 -0.126783
24.71800041 -42.78200150 318.31799316 -0.498446 0.828685 -0.254624
24.41799927 -42.88899994 318.61801147 -0.453756 0.847525 -0.275330
22.91799927 -44.18099976 317.71798706 -0.534699 0.735417 -0.416243
22.61800003 -44.26300049 318.01800537 -0.579898 0.739085 -0.342741
22.40399933 -44.44699860 318.01800537 -0.750096 0.562167 -0.348317
22.66399956 -44.44699860 317.71798706 -0.606043 0.632904 -0.481813
22.38800049 -44.74700165 317.71798706 -0.747640 0.384454 -0.541507
22.22500038 -47.74700165 324.31799316 -0.992890 -0.048242 -0.108825
22.91799927 -46.54700089 317.67599487 -0.106364 -0.393684 -0.913071
22.91799927 -46.24700165 317.56201172 -0.183420 -0.323436 -0.928303
23.21800041 -46.24700165 317.53900146 0.003807 -0.366788 -0.930297
24.11800003 -46.84700012 317.85299683 0.263357 -0.436898 -0.860095
24.41799927 -46.84700012 317.99600220 0.289389 -0.486487 -0.824369
24.41799927 -47.14699936 318.10501099 0.009245 -0.452996 -0.891465
24.41799927 -47.74700165 318.21899414 -0.378442 -0.341370 -0.860377
24.11800003 -47.18999863 318.01800537 0.391026 -0.498112 -0.773940
24.11800003 -47.44699860 318.10000610 0.344688 -0.308563 -0.886555
23.51799965 -47.74700165 318.18200684 0.019471 -0.390709 -0.920308
23.81800079 -47.74700165 318.19900513 0.235621 -0.395666 -0.887655
23.51799965 -47.44699860 318.05899048 0.006458 -0.401691 -0.915752
23.81800079 -47.44699860 318.08898926 0.197839 -0.411797 -0.889541
24.41799927 -47.66500092 318.31799316 -0.385346 -0.345109 -0.855808
24.24799919 -47.44699860 318.31799316 0.335475 -0.299691 -0.893108
24.41799927 -47.26900101 318.31799316 0.352195 -0.355271 -0.865876
24.41799927 -47.44699860 318.41000366 0.354852 -0.327439 -0.875708
31.01799965 -52.66099930 320.41799927 0.397633 -0.800096 -0.449148
30.71800041 -52.77199936 320.41799927 0.285044 -0.827096 -0.484420
31.01799965 -52.54700089 320.25100708 0.314999 -0.772308 -0.551648
30.71800041 -52.54700089 320.17999268 0.109304 -0.561092 -0.820505
34.11100006 -49.84700012 321.01800537 0.996965 -0.075705 -0.018127
34.09500122 -50.14699936 321.01800537 0.994881 -0.093442 0.038476
34.13399887 -49.84700012 320.71798706 0.998195 0.009368 0.059330
34.15499878 -50.14699936 320.71798706 0.990929 -0.074809 0.111638
33.92699814 -50.44699860 321.61801147 0.755431 -0.604030 0.253913
33.71799850 -50.61000061 321.61801147 0.551802 -0.767374 0.326576
34.06600189 -50.44699860 321.31799316 0.816506 -0.564371 0.121670
33.71799850 -50.73099899 321.31799316 0.621574 -0.746828 0.236417
34.13399887 -48.04700089 320.41799927 0.998710 0.023952 -0.044781
34.12599945 -48.34700012 320.41799927 0.996222 0.018269 -0.084899
34.10800171 -48.04700089 320.11801147 0.998611 0.013509 -0.050918
34.10599899 -48.34700012 320.11801147 0.999374 -0.001010 -0.035367
34.11399841 -47.44699860 320.41799927 0.997910 0.045698 -0.045698
34.12900162 -47.74700165 320.41799927 0.999593 0.013166 -0.025319
34.10699844 -47.44699860 320.11801147 0.998879 0.036455 -0.030206
34.11000061 -47.74700165 320.11801147 0.998467 0.015617 -0.053099
26.81800079 -53.41699982 321.01800537 -0.423932 -0.887198 -0.182101
26.51799965 -53.29299927 321.01800537 -0.401405 -0.915826 0.011691
26.81800079 -53.37099838 320.71798706 -0.280383 -0.809821 -0.515340
26.51799965 -53.25000000 320.71798706 -0.348324 -0.791355 -0.502422
25.01799965 -43.84700012 316.49899292 -0.306028 -0.041904 -0.951100
28.01799965 -53.85499954 321.61801147 -0.248915 -0.944777 0.213159
28.01799965 -53.87500000 321.31799316 -0.151444 -0.982567 -0.107828
27.71800041 -53.80699921 321.31799316 -0.234487 -0.972119 -0.001178
27.71800041 -53.74000168 321.61801147 -0.245659 -0.927255 0.282578
23.81800079 -43.79899979 317.41799927 -0.506047 0.758252 -0.411061
23.51799965 -43.95899963 317.41799927 -0.484290 0.768015 -0.419066
23.81800079 -43.95399857 317.11801147 -0.520687 0.551018 -0.652123
23.51799965 -44.14699936 317.13800049 -0.441724 0.598411 -0.668420
23.81800079 -43.49499893 318.01800537 -0.540406 0.774529 -0.328734
23.21800041 -43.87699890 318.01800537 -0.498973 0.798675 -0.336368
22.91799927 -44.06000137 318.01800537 -0.527467 0.772650 -0.353258
23.21800041 -44.00199890 317.71798706 -0.476449 0.797291 -0.370572
23.51799965 -43.70100021 318.01800537 -0.501858 0.790467 -0.351141
23.81800079 -43.63199997 317.71798706 -0.534534 0.761995 -0.365563
23.51799965 -43.83599854 317.71798706 -0.493131 0.784159 -0.376719
23.21800041 -43.61299896 318.61801147 -0.546960 0.757954 -0.355443
22.91799927 -43.83499908 318.61801147 -0.522958 0.780414 -0.342738
23.21800041 -43.75699997 318.31799316 -0.516513 0.788362 -0.334214
22.91799927 -43.96099854 318.31799316 -0.514758 0.795245 -0.320329
22.61800003 -43.75299835 319.21798706 -0.641100 0.714642 -0.279782
22.61800003 -43.89500046 318.91799927 -0.608304 0.739225 -0.288984
22.91799927 -43.68899918 318.91799927 -0.533140 0.766490 -0.358127
31.78100014 -44.14699936 316.51800537 0.120235 -0.142095 -0.982524
31.66099930 -43.84700012 316.51800537 0.237821 -0.084307 -0.967643
31.91799927 -45.34700012 316.98599243 0.001289 -0.406019 -0.913864
32.21799850 -45.34700012 316.97900391 -0.041051 -0.401245 -0.915050
31.91799927 -45.04700089 316.85598755 0.009132 -0.416143 -0.909253
32.21799850 -45.04700089 316.83801270 0.006412 -0.380871 -0.924606
32.21799850 -45.64699936 317.10800171 -0.054367 -0.377918 -0.924241
31.91799927 -45.94699860 317.23199463 -0.057068 -0.375586 -0.925029
32.21799850 -45.94699860 317.22000122 -0.037589 -0.353856 -0.934544
31.91799927 -45.64699936 317.13000488 -0.016990 -0.406444 -0.913518
32.51800156 -45.94699860 317.19900513 -0.021870 -0.366639 -0.930106
32.81800079 -45.94699860 317.20700073 0.016524 -0.349543 -0.936775
31.91799927 -46.24700165 317.33599854 -0.109681 -0.401239 -0.909383
32.21799850 -46.24700165 317.33999634 -0.032786 -0.392124 -0.919328
31.91799927 -46.54700089 317.49499512 -0.087542 -0.440487 -0.893481
32.21799850 -46.54700089 317.45700073 -0.050353 -0.450453 -0.891379
32.51800156 -46.24700165 317.33599854 -0.009014 -0.390170 -0.920699
32.81800079 -46.24700165 317.32501221 -0.001290 -0.403862 -0.914819
32.51800156 -46.54700089 317.46499634 -0.019777 -0.423236 -0.905804
32.81800079 -46.54700089 317.46899414 0.003910 -0.423596 -0.905843
32.51800156 -47.74700165 317.97900391 -0.052600 -0.422152 -0.904998
32.81800079 -47.74700165 317.98400879 0.003886 -0.413214 -0.910626
32.51800156 -47.44699860 317.86300659 -0.062846 -0.383760 -0.921292
32.81800079 -47.44699860 317.85000610 0.006423 -0.389255 -0.921108
32.51800156 -48.34700012 318.23199463 -0.075957 -0.355798 -0.931471
32.81800079 -48.34700012 318.26000977 0.027375 -0.387154 -0.921609
32.51800156 -48.04700089 318.13000488 -0.073004 -0.442159 -0.893961
32.81800079 -48.04700089 318.13598633 0.019680 -0.415896 -0.909199
32.21799850 -50.20800018 325.21798706 0.537582 -0.842807 -0.026123
31.91799927 -50.35200119 325.21798706 0.500582 -0.852898 0.148266
31.91799927 -50.40000153 324.91799927 0.485227 -0.848014 0.213137
22.31500053 -45.94699860 317.71798706 -0.727278 -0.149689 -0.669821
22.25300026 -45.64699936 317.71798706 -0.747738 -0.098425 -0.656658
22.17200089 -45.94699860 318.01800537 -0.944167 -0.124904 -0.304873
22.14699936 -45.64699936 318.01800537 -0.971866 -0.078196 -0.222176
22.22900009 -45.34700012 317.71798706 -0.779803 -0.040894 -0.624688
22.25499916 -45.04700089 317.71798706 -0.790652 0.135498 -0.597084
22.13999939 -45.34700012 318.01800537 -0.980491 -0.001149 -0.196558
22.15099907 -45.04700089 318.01800537 -0.953983 0.186503 -0.234806
22.11400032 -45.34700012 318.31799316 -0.999356 -0.005073 -0.035510
22.12899971 -45.04700089 318.31799316 -0.988664 0.129565 -0.075871
22.11599922 -45.34700012 318.61801147 -0.999964 -0.006924 -0.004945
22.12599945 -45.04700089 318.61801147 -0.996926 0.071899 -0.031120
22.12800026 -45.34700012 318.91799927 -0.999995 0.000979 -0.002938
22.12000084 -45.04700089 318.91799927 -0.999507 0.027453 -0.015252
22.12599945 -45.34700012 319.21798706 -0.999855 0.011009 0.013011
22.12599945 -45.04700089 319.21798706 -0.999916 0.006965 0.010944
26.51799965 -42.64699936 316.26400757 -0.362348 0.428804 -0.827545
26.81800079 -42.64699936 316.17001343 -0.342568 0.300682 -0.890077
26.81800079 -42.94699860 316.12500000 -0.146420 -0.010059 -0.989171
26.51799965 -42.94699860 316.16400146 -0.149627 0.071868 -0.986127
22.17900085 -44.14699936 321.31799316 -0.999612 0.023341 0.015223
22.18899918 -43.84700012 321.31799316 -0.991844 0.120462 -0.041655
22.18000031 -44.14699936 321.61801147 -0.999756 0.011075 0.019129
26.51799965 -42.42499924 316.51800537 -0.438846 0.717057 -0.541519
22.19000053 -43.84700012 321.61801147 -0.997524 0.070130 -0.005234
26.21800041 -42.46300125 316.81799316 -0.471589 0.793492 -0.384675
25.91799927 -42.60400009 316.81799316 -0.480835 0.781964 -0.396648
26.21800041 -42.58200073 316.51800537 -0.428881 0.710387 -0.558043
25.91799927 -42.75999832 316.51800537 -0.439564 0.640126 -0.630097
26.21800041 -42.94699860 316.24301147 -0.305489 0.323371 -0.895605
25.91799927 -42.94699860 316.35101318 -0.308959 0.401186 -0.862319
22.18700027 -44.14699936 321.91799927 -0.999772 0.015102 0.015102
22.20899963 -43.84700012 321.91799927 -0.999507 0.031266 0.003026
22.18899918 -44.14699936 322.21798706 -0.999885 -0.002979 -0.014894
22.20599937 -43.84700012 322.21798706 -0.999238 0.015373 -0.035870
25.61800003 -43.84700012 316.46099854 -0.024939 -0.402965 -0.914875
25.31800079 -43.84700012 316.44799805 -0.136371 -0.301096 -0.943793
22.61800003 -47.44699860 318.07598877 -0.388773 -0.360669 -0.847805
22.61800003 -47.74700165 318.18600464 -0.286694 -0.361745 -0.887100
34.29999924 -47.44699860 324.01800537 0.954738 -0.089385 -0.283701
34.28900146 -47.74700165 324.01800537 0.970179 -0.035301 -0.239806
34.22700119 -47.44699860 323.71798706 0.972248 -0.104125 -0.209504
34.18700027 -47.74700165 323.71798706 0.980288 -0.015153 -0.196990
34.26200104 -46.84700012 323.41799927 0.926130 -0.045978 -0.374393
34.21300125 -47.14699936 323.41799927 0.952522 -0.139881 -0.270436
34.14599991 -46.84700012 323.11801147 0.978282 -0.012857 -0.206877
34.14799881 -47.14699936 323.11801147 0.986987 -0.057098 -0.150320
34.25600052 -46.54700089 323.41799927 0.904569 -0.106992 -0.412684
34.18999863 -46.24700165 323.11801147 0.946096 -0.099241 -0.308308
34.16500092 -46.54700089 323.11801147 0.957873 -0.062167 -0.280384
34.17900085 -45.64699936 322.81799316 0.983020 -0.072861 -0.168415
34.16600037 -45.94699860 322.81799316 0.990553 -0.065425 -0.120519
34.14699936 -45.64699936 322.51800537 0.994753 -0.005377 -0.102164
34.12500000 -45.94699860 322.51800537 0.996601 -0.048906 -0.066295
34.12200165 -45.04700089 322.21798706 0.998267 -0.001032 -0.058843
34.10400009 -45.34700012 322.21798706 0.999217 0.011273 -0.037919
34.11500168 -45.04700089 321.91799927 0.998762 0.021825 -0.044690
34.10400009 -45.34700012 321.91799927 0.999220 0.025780 -0.029904
34.04800034 -44.44699860 321.61801147 0.986991 0.024017 -0.158971
34.07799911 -44.74700165 321.61801147 0.989315 0.068429 -0.128739
33.99399948 -44.44699860 321.31799316 0.998091 0.055859 0.026349
33.99499893 -44.74700165 321.31799316 0.999326 0.021524 0.029724
34.07500076 -43.84700012 321.61801147 0.974246 -0.042359 -0.221474
34.03400040 -44.14699936 321.61801147 0.988171 0.003357 -0.153318
33.93799973 -43.84700012 321.31799316 0.996270 -0.005316 -0.086124
33.99800110 -44.14699936 321.31799316 0.995753 0.091304 -0.011816
31.61800003 -52.24700165 320.09399414 0.226186 -0.744076 -0.628642
31.31800079 -52.24700165 320.02398682 0.159035 -0.652800 -0.740648
24.11800003 -51.94599915 320.11801147 -0.343678 -0.721561 -0.601029
24.41799927 -51.94699860 319.98999023 -0.290430 -0.637021 -0.714041
24.11800003 -51.64699936 319.90600586 -0.180707 -0.500304 -0.846783
24.41799927 -51.64699936 319.86700439 -0.111030 -0.431471 -0.895268
24.71800041 -51.34700012 319.72698975 -0.011596 -0.382667 -0.923813
33.11800003 -44.74700165 316.88800049 0.285973 -0.205064 -0.936039
25.01799965 -51.34700012 319.71499634 -0.014106 -0.368035 -0.929705
33.41799927 -44.74700165 317.00100708 0.347763 -0.188786 -0.918379
24.71800041 -51.04700089 319.61801147 -0.032446 -0.364697 -0.930561
25.01799965 -51.04700089 319.61401367 0.003818 -0.372924 -0.927854
24.71800041 -51.94699860 319.96499634 -0.014231 -0.392005 -0.919853
25.01799965 -51.94699860 319.97100830 -0.024872 -0.396639 -0.917638
24.71800041 -51.64699936 319.86700439 -0.019417 -0.384451 -0.922941
25.01799965 -51.64699936 319.86801147 -0.009026 -0.393281 -0.919374
31.31800079 -44.74700165 316.69900513 0.017012 -0.409598 -0.912108
31.61800003 -44.74700165 316.69000244 0.030371 -0.408033 -0.912462
31.31800079 -44.44699860 316.55899048 0.037532 -0.350734 -0.935723
31.61800003 -44.44699860 316.58499146 0.058873 -0.341465 -0.938049
31.31800079 -45.34700012 316.97299194 -0.044967 -0.464657 -0.884348
31.61800003 -45.34700012 316.96301270 0.019680 -0.415896 -0.909199
31.31800079 -45.04700089 316.83499146 0.003886 -0.413214 -0.910626
31.61800003 -45.04700089 316.85198975 0.019727 -0.416891 -0.908743
31.61800003 -45.64699936 317.10699463 -0.039104 -0.451719 -0.891303
33.41799927 -49.82300186 324.01800537 0.530872 -0.781072 0.328788
33.11800003 -49.99300003 324.01800537 0.488485 -0.806717 0.332552
33.41799927 -49.96200180 323.71798706 0.461153 -0.819299 0.340714
33.11800003 -50.11100006 323.71798706 0.487694 -0.801098 0.346982
34.01800156 -49.18299866 324.01800537 0.765404 -0.607685 0.211839
33.72700119 -49.54700089 324.01800537 0.668658 -0.605293 0.431876
34.13499832 -49.24700165 323.71798706 0.936199 -0.274860 0.219051
33.92499924 -49.54700089 323.71798706 0.730873 -0.570637 0.374429
33.71799850 -49.78400040 323.71798706 0.567076 -0.737035 0.367701
34.09199905 -46.24700165 321.01800537 0.997865 0.062169 0.020021
34.11700058 -46.54700089 321.01800537 0.995916 0.087399 0.022659
34.10400009 -46.24700165 320.71798706 0.993731 0.093197 0.061757
34.12599945 -46.54700089 320.71798706 0.999847 0.009008 0.015013
31.91799927 -51.90399933 321.31799316 0.524101 -0.791728 0.313824
32.21799850 -51.72299957 321.31799316 0.514758 -0.795245 0.320329
31.91799927 -51.80799866 321.61801147 0.521676 -0.797578 0.302858
32.21799850 -51.62599945 321.61801147 0.532310 -0.794516 0.292218
31.61800003 -51.88299942 321.91799927 0.516311 -0.795913 0.316141
31.31800079 -51.94699860 322.23999023 0.395650 -0.673764 0.624101
31.61800003 -51.77099991 322.21798706 0.417120 -0.797199 0.436446
31.31800079 -51.64699936 322.45999146 0.026306 -0.823797 0.566274
31.01799965 -51.57500076 322.51800537 0.049472 -0.795786 0.603554
30.71800041 -51.51699829 322.81799316 0.154393 -0.971015 0.182464
31.01799965 -51.46500015 322.81799316 0.091145 -0.944470 0.315704
28.91799927 -52.38899994 324.91799927 0.512714 -0.785947 0.345560
29.21800041 -52.14799881 324.91799927 0.535634 -0.786763 0.306758
28.91799927 -52.25600052 325.21798706 0.451699 -0.812420 0.368702
29.21800041 -52.05099869 325.21798706 0.521491 -0.801931 0.291468
28.31800079 -52.42800140 325.21798706 -0.080124 -0.864499 0.496208
28.61800003 -52.39199829 325.21798706 0.243092 -0.845472 0.475482
28.31800079 -52.58700180 324.91799927 -0.109526 -0.910868 0.397898
28.61800003 -52.56100082 324.91799927 0.261220 -0.874256 0.409194
27.71800041 -52.37500000 324.91799927 -0.409852 -0.855276 0.317055
28.01799965 -52.48799896 324.91799927 -0.291102 -0.891220 0.347830
27.71800041 -52.26399994 325.21798706 -0.374085 -0.855274 0.358563
28.01799965 -52.35800171 325.21798706 -0.215807 -0.873648 0.436080
28.31800079 -52.22999954 325.51800537 -0.071161 -0.872073 0.484175
28.61800003 -52.22000122 325.51800537 0.166253 -0.889090 0.426474
28.31800079 -52.08000183 325.81799316 -0.112818 -0.960900 0.252869
28.61800003 -52.08100128 325.81799316 0.147647 -0.969337 0.196435
27.71800041 -52.16799927 325.51800537 -0.325165 -0.827836 0.457116
28.01799965 -52.16199875 325.51800537 -0.193286 -0.846565 0.495952
28.01799965 -52.02600098 325.81799316 -0.213580 -0.915955 0.339720
22.27599907 -46.24700165 323.41799927 -0.998739 -0.034439 0.036527
22.28100014 -46.54700089 323.41799927 -0.998814 -0.032287 0.036453
22.25000000 -46.24700165 323.11801147 -0.998944 -0.042442 0.017598
22.25900078 -46.54700089 323.11801147 -0.999156 -0.025778 0.031965
22.26099968 -49.24700165 322.21798706 -0.998503 -0.003091 0.054614
22.25799942 -49.54700089 322.21798706 -0.991543 -0.088265 0.095142
22.24300003 -49.24700165 321.91799927 -0.999560 0.015253 0.025421
22.23600006 -49.54700089 321.91799927 -0.997082 -0.035418 0.067617
30.11800003 -51.34700012 325.67700195 0.345416 -0.874953 0.339330
30.11800003 -51.30699921 325.81799316 0.345416 -0.874953 0.339330
28.91799927 -52.05099869 326.11801147 0.227832 -0.971673 -0.062808
22.91799927 -47.74700165 318.20700073 0.003845 -0.388341 -0.921508
23.21800041 -47.74700165 318.21099854 -0.040710 -0.382151 -0.923203
22.91799927 -47.44699860 318.08499146 -0.009038 -0.396395 -0.918036
23.21800041 -47.44699860 318.07901001 -0.024846 -0.398842 -0.916683
25.91799927 -42.04700089 319.38198853 -0.417495 0.496082 -0.761315
26.21800041 -42.08800125 319.21798706 -0.475125 0.291306 -0.830300
25.91799927 -42.13899994 319.21798706 -0.369752 0.430055 -0.823611
25.61800003 -42.04700089 319.45498657 -0.272461 0.680355 -0.680355
25.61800003 -42.22200012 319.21798706 -0.201895 0.759802 -0.618013
25.31800079 -42.31499863 319.21798706 -0.260965 0.738611 -0.621572
25.61800003 -41.74700165 319.68399048 -0.406829 0.645945 -0.645945
25.31800079 -41.79700089 319.81799316 -0.378685 0.719665 -0.581962
25.31800079 -42.05899811 319.51800537 -0.304041 0.712647 -0.632213
25.01799965 -41.97299957 319.81799316 -0.423862 0.764261 -0.486051
24.71800041 -42.12400055 319.81799316 -0.439646 0.786820 -0.433157
25.01799965 -42.17300034 319.51800537 -0.317516 0.746243 -0.585068
24.71800041 -42.33399963 319.51800537 -0.329215 0.769239 -0.547621
24.41799927 -42.28900146 319.81799316 -0.485163 0.780479 -0.394296
24.71800041 -41.87200165 320.41799927 -0.531462 0.796404 -0.288598
25.01799965 -41.79700089 320.11801147 -0.490714 0.782227 -0.383825
24.71800041 -42.01100159 320.11801147 -0.493088 0.799472 -0.343087
24.41799927 -42.07400131 320.41799927 -0.511315 0.814664 -0.273640
24.11800003 -42.26100159 320.41799927 -0.521173 0.796809 -0.305734
24.41799927 -42.18299866 320.11801147 -0.494929 0.811178 -0.311505
24.41799927 -41.98300171 320.71798706 -0.534202 0.795787 -0.285223
24.11800003 -42.17900085 320.71798706 -0.495091 0.803925 -0.329530
22.35499954 -43.24700165 321.31799316 -0.862566 0.483095 -0.150329
22.28199959 -43.24700165 321.61801147 -0.874196 0.445234 -0.193773
22.20899963 -43.54700089 321.61801147 -0.984128 0.165011 -0.065292
22.25000000 -43.54700089 321.31799316 -0.962533 0.246770 -0.112403
23.21800041 -50.44699860 319.39999390 -0.137801 -0.485928 -0.863067
22.91799927 -50.44699860 319.45401001 -0.234876 -0.505061 -0.830510
26.21800041 -52.24700165 320.07699585 -0.017034 -0.412755 -0.910683
25.91799927 -52.24700165 320.08099365 -0.035967 -0.424944 -0.904505
25.91799927 -52.86899948 320.41799927 -0.193149 -0.693792 -0.693792
26.21800041 -52.84700012 320.37200928 -0.092110 -0.644768 -0.758808
26.21800041 -52.54700089 320.23300171 -0.030947 -0.456125 -0.889377
25.91799927 -52.54700089 320.24301147 -0.076814 -0.481835 -0.872889
26.81800079 -52.54700089 320.20001221 -0.003886 -0.413214 -0.910626
26.51799965 -52.54700089 320.21798706 -0.033393 -0.436784 -0.898947
26.81800079 -53.14699936 320.53698730 -0.165712 -0.658287 -0.734301
26.81800079 -52.84700012 320.34698486 -0.033751 -0.465759 -0.884268
26.51799965 -52.84700012 320.37600708 -0.109696 -0.577731 -0.808823
27.41799927 -53.44699860 320.66101074 -0.095313 -0.696518 -0.711181
28.31800079 -53.77799988 321.01800537 0.060265 -0.845116 -0.531176
28.61800003 -53.74200058 321.01800537 0.169599 -0.862743 -0.476352
28.61800003 -53.44699860 320.67498779 0.067798 -0.693845 -0.716925
28.31800079 -53.44699860 320.64001465 -0.001377 -0.648407 -0.761293
28.01799965 -53.44699860 320.65701294 -0.043891 -0.641376 -0.765970
27.71800041 -53.44699860 320.67199707 -0.047023 -0.668303 -0.742401
28.61800003 -53.14699936 320.44900513 0.034546 -0.534766 -0.844294
28.31800079 -53.14699936 320.45300293 -0.012153 -0.514458 -0.857430
28.61800003 -52.84700012 320.28799438 0.001305 -0.437266 -0.899331
28.31800079 -52.84700012 320.29199219 -0.038770 -0.429143 -0.902404
29.51799965 -42.64699936 316.09500122 0.187350 0.038884 -0.981523
28.01799965 -53.14699936 320.46701050 -0.048253 -0.500453 -0.864418
27.71800041 -53.14699936 320.48999023 -0.028554 -0.499009 -0.866127
29.81800079 -42.94699860 316.13101196 0.015587 -0.050916 -0.998581
28.01799965 -52.84700012 320.31100464 -0.030724 -0.436821 -0.899023
27.71800041 -52.84700012 320.32400513 -0.030947 -0.456125 -0.889377
29.51799965 -42.94699860 316.11401367 0.102650 -0.088810 -0.990745
27.41799927 -53.14699936 320.51098633 -0.031449 -0.504557 -0.862806
27.11800003 -53.14699936 320.50601196 -0.074830 -0.523809 -0.848543
27.41799927 -52.84700012 320.32101440 -0.036451 -0.460366 -0.886981
27.11800003 -52.84700012 320.34298706 -0.028320 -0.467948 -0.883302
28.01799965 -52.24700165 320.04000854 0.040652 -0.378984 -0.924510
28.01799965 -52.54700089 320.18301392 0.001278 -0.382163 -0.924094
27.71800041 -52.54700089 320.17199707 -0.032866 -0.393072 -0.918920
27.41799927 -52.24700165 320.08599854 -0.071783 -0.404965 -0.911510
27.11800003 -52.24700165 320.10800171 -0.040825 -0.388499 -0.920544
27.41799927 -52.54700089 320.19198608 -0.054234 -0.376994 -0.924627
27.11800003 -52.54700089 320.21099854 -0.008989 -0.383961 -0.923305
27.71800041 -41.44400024 316.81799316 -0.521688 0.806815 -0.277294
27.71800041 -41.44699860 316.81100464 -0.521688 0.806815 -0.277294
27.71800041 -41.56299973 316.51800537 -0.233908 0.839317 -0.490748
22.11800003 -45.64699936 319.21798706 -0.999690 -0.021184 0.013114
22.13899994 -45.94699860 319.21798706 -0.999394 -0.025625 0.023575
22.12100029 -45.64699936 318.91799927 -0.999776 -0.020974 -0.002996
22.12999916 -45.94699860 318.91799927 -0.999917 -0.012883 0.000991
30.41799927 -51.60200119 323.41799927 0.252291 -0.947797 -0.195014
30.11800003 -51.61899948 323.41799927 0.331289 -0.888934 -0.316298
30.41799927 -51.56800079 323.11801147 0.180062 -0.982691 -0.043544
30.11800003 -51.61299896 323.11801147 0.253416 -0.964493 -0.074386
34.01800156 -49.89400101 322.81799316 0.812019 -0.572071 0.115585
33.71799850 -50.13800049 322.81799316 0.621931 -0.749746 0.226015
34.06600189 -49.84700012 322.51800537 0.852247 -0.493562 0.173414
34.14699936 -49.24700165 322.21798706 0.998927 0.013401 0.044328
34.15299988 -49.54700089 322.21798706 0.994914 -0.074480 0.067810
34.17699814 -49.24700165 321.91799927 0.994414 0.038629 0.098227
34.16799927 -49.54700089 321.91799927 0.992717 -0.046094 0.111301
34.04000092 -44.14699936 320.11801147 0.992221 0.018847 -0.123058
34.08100128 -44.14699936 320.41799927 0.984289 0.017228 -0.175725
34.06100082 -43.84700012 320.41799927 0.988112 -0.056895 -0.142818
34.06600189 -44.74700165 320.11801147 0.999802 -0.013037 0.015042
34.03799820 -44.44699860 320.11801147 0.999025 0.034164 -0.027952
34.07400131 -44.74700165 320.41799927 0.991217 -0.041819 -0.125456
34.07699966 -44.44699860 320.41799927 0.991947 0.018841 -0.125240
34.03599930 -45.34700012 320.11801147 0.994184 0.043225 0.098643
34.04700089 -45.04700089 320.11801147 0.998124 -0.013616 0.059699
34.04899979 -45.04700089 320.41799927 0.996549 -0.057598 -0.059771
34.11000061 -44.74700165 320.71798706 0.992865 -0.116481 -0.025515
34.16199875 -44.44699860 320.71798706 0.997950 0.052076 0.037197
34.06800079 -44.74700165 321.01800537 0.982383 -0.003439 0.186848
34.12400055 -44.44699860 321.01800537 0.976248 0.042028 0.212541
34.03400040 -45.34700012 321.01800537 0.994509 -0.005387 -0.104515
34.05400085 -45.04700089 321.01800537 0.996659 0.033474 0.074506
25.61800003 -50.86700058 325.51800537 -0.514723 -0.799801 0.308834
34.06200027 -45.94699860 320.71798706 0.987158 0.144034 0.069089
34.06399918 -45.94699860 321.01800537 0.996269 0.075129 -0.042464
34.02399826 -45.64699936 321.01800537 0.994772 0.040760 -0.093639
34.09299850 -45.94699860 321.31799316 0.995194 0.040687 -0.089073
34.09000015 -45.64699936 321.31799316 0.993865 0.011974 -0.109946
34.09999847 -45.94699860 321.61801147 0.996794 0.009534 -0.079447
34.11199951 -45.64699936 321.61801147 0.998575 0.015619 -0.051022
34.08599854 -46.54700089 321.31799316 0.994772 0.093639 -0.040760
34.07799911 -46.24700165 321.31799316 0.996671 0.055431 -0.059779
34.15299988 -46.54700089 321.61801147 0.996534 0.057723 -0.059901
34.12900162 -46.24700165 321.61801147 0.995324 0.027254 -0.092664
34.14699936 -46.54700089 321.91799927 0.999211 0.031901 0.023668
34.13600159 -46.24700165 321.91799927 0.998835 0.048149 0.003073
34.14500046 -46.54700089 322.21798706 0.999482 0.031392 0.007089
34.11500168 -46.24700165 322.21798706 0.999235 0.033890 0.019512
34.14500046 -47.14699936 321.91799927 0.999831 -0.007006 0.017014
34.13800049 -46.84700012 321.91799927 0.999632 0.001005 0.027126
34.13999939 -47.14699936 322.21798706 0.999892 0.012960 -0.006978
34.13999939 -46.84700012 322.21798706 0.999913 -0.012883 -0.002973
34.12699890 -47.74700165 321.91799927 0.999368 -0.029725 -0.019475
34.14099884 -47.44699860 321.91799927 0.999277 -0.037689 0.005093
34.12599945 -47.74700165 322.21798706 0.999109 -0.013349 -0.040046
34.14699936 -47.44699860 322.21798706 0.999794 -0.007020 -0.019053
34.13700104 -47.14699936 322.51800537 0.999444 0.025522 -0.021439
34.14400101 -46.84700012 322.51800537 0.999956 0.008884 0.002961
34.15900040 -47.14699936 322.81799316 0.999527 0.029368 -0.009114
34.14099884 -46.84700012 322.81799316 0.999885 0.002979 -0.014894
34.15499878 -47.74700165 322.51800537 0.999371 -0.019435 -0.029664
34.15700150 -47.44699860 322.51800537 0.999494 -0.005063 -0.031392
34.14599991 -47.74700165 322.81799316 0.999913 -0.012883 0.002973
34.16600037 -47.44699860 322.81799316 0.999964 0.004936 -0.006910
34.17100143 -48.34700012 322.51800537 0.998676 0.009295 -0.050605
34.15900040 -48.04700089 322.51800537 0.998297 0.039087 -0.043312
34.18600082 -48.34700012 322.81799316 0.999831 0.017014 -0.007006
34.14500046 -48.04700089 322.81799316 0.999372 0.033618 0.011206
34.15599823 -48.34700012 323.11801147 0.999941 -0.000987 -0.010858
34.15499878 -48.04700089 323.11801147 0.999396 0.023527 -0.025573
34.15900040 -48.34700012 323.41799927 0.995776 -0.060383 -0.069166
34.20399857 -48.04700089 323.41799927 0.994879 0.020659 -0.098944
34.20899963 -48.94699860 323.11801147 0.998599 0.052667 -0.005163
34.17599869 -48.64699936 323.11801147 0.999156 0.031965 0.025778
34.17200089 -48.94699860 323.41799927 0.995613 0.040525 0.084337
34.15599823 -48.64699936 323.41799927 0.999976 0.006883 -0.000983
25.61800003 -45.90800095 317.41799927 -0.034526 -0.208347 -0.977445
34.16699982 -48.94699860 323.71798706 0.992410 -0.109765 0.055448
34.15499878 -48.64699936 323.71798706 0.992588 -0.064513 -0.102994
34.17499924 -48.94699860 324.01800537 0.951999 -0.302040 -0.049703
34.24700165 -48.64699936 324.01800537 0.977887 -0.099885 -0.183739
33.71799850 -49.35300064 324.31799316 0.653936 -0.695711 0.297244
34.01800156 -49.14099884 324.31799316 0.635311 -0.766755 0.092011
33.71799850 -49.30400085 324.61801147 0.595329 -0.800910 0.064244
34.26499939 -48.94699860 324.31799316 0.893982 -0.444950 -0.053067
34.29700089 -48.64699936 324.31799316 0.986489 -0.160377 -0.033460
34.15499878 -48.94699860 324.61801147 0.750057 -0.614826 0.243729
33.39699936 -49.54700089 324.61801147 0.626297 -0.757988 0.182223
33.41799927 -49.51200104 324.61801147 0.607334 -0.779135 0.155224
33.71799850 -49.34299850 324.91799927 0.541061 -0.840894 -0.012266
33.35800171 -49.54700089 324.91799927 0.592964 -0.800717 0.085121
33.41799927 -49.51200104 324.91799927 0.592964 -0.800717 0.085121
33.11800003 -49.69400024 324.91799927 0.541224 -0.804858 0.243473
34.09600067 -45.34700012 321.31799316 0.995313 0.011862 -0.095973
34.08200073 -45.04700089 321.31799316 0.997206 0.052825 -0.052825
34.10699844 -45.34700012 321.61801147 0.998472 0.034647 -0.043047
34.06700134 -45.04700089 321.61801147 0.993801 0.079729 -0.077483
34.14199829 -45.94699860 321.91799927 0.999884 0.014924 -0.002985
34.12500000 -45.64699936 321.91799927 0.999639 0.025269 -0.009097
34.11800003 -45.94699860 322.21798706 0.999855 -0.012985 0.010987
34.11500168 -45.64699936 322.21798706 0.999542 0.021397 -0.021397
34.15299988 -46.54700089 322.51800537 0.999075 0.042012 0.009222
34.11299896 -46.24700165 322.51800537 0.999843 0.004994 -0.016980
34.12099838 -46.54700089 322.81799316 0.998724 0.003086 -0.050399
34.12300110 -46.24700165 322.81799316 0.995847 -0.024869 -0.087583
34.15299988 -47.74700165 323.11801147 0.998844 -0.001022 -0.048051
34.15900040 -47.44699860 323.11801147 0.998373 -0.034717 -0.045237
34.15999985 -47.74700165 323.41799927 0.994765 0.016272 -0.100887
34.17900085 -47.44699860 323.41799927 0.993543 -0.050292 -0.101701
34.22100067 -48.34700012 323.71798706 0.986180 -0.086632 -0.141222
34.23500061 -48.04700089 323.71798706 0.986600 -0.003375 -0.163121
34.25000000 -48.34700012 324.01800537 0.977096 -0.089721 -0.192961
34.27799988 -48.04700089 324.01800537 0.979868 -0.012816 -0.199236
27.11800003 -52.13100052 324.61801147 -0.470255 -0.800879 0.370747
27.41799927 -52.30500031 324.61801147 -0.473630 -0.808520 0.349242
27.41799927 -52.46400070 324.31799316 -0.416163 -0.785367 0.458265
27.11800003 -52.27000046 324.31799316 -0.473766 -0.762288 0.440979
25.00399971 -47.44699860 318.31799316 -0.876989 -0.476474 -0.062149
28.01799965 -53.24100113 322.81799316 -0.240585 -0.895921 0.373423
27.71800041 -53.22499847 322.81799316 -0.240076 -0.881274 0.407086
28.01799965 -53.44699860 322.54000854 -0.271302 -0.829408 0.488343
27.71800041 -53.36800003 322.51800537 -0.253650 -0.840887 0.478091
25.61800003 -51.35599899 324.31799316 -0.481128 -0.811407 0.331867
26.21800041 -51.57799911 324.61801147 -0.476626 -0.808191 0.345912
25.91799927 -51.43000031 324.61801147 -0.502427 -0.799098 0.330166
25.91799927 -51.53200150 324.31799316 -0.473250 -0.822291 0.316024
26.21800041 -51.72000122 324.31799316 -0.499367 -0.806913 0.315473
26.21800041 -51.79399872 324.01800537 -0.510812 -0.840368 -0.181256
25.91799927 -51.64799881 324.01800537 -0.448783 -0.893617 -0.006580
26.21800041 -51.60499954 323.71798706 -0.307027 -0.840038 -0.447293
25.91799927 -51.56399918 323.71798706 -0.290982 -0.921681 -0.256580
26.51799965 -51.75999832 324.61801147 -0.487451 -0.793114 0.365186
26.51799965 -51.93000031 324.31799316 -0.531069 -0.778152 0.335328
26.81800079 -51.95100021 324.61801147 -0.484495 -0.790322 0.375041
26.81800079 -52.11999893 324.31799316 -0.484495 -0.790322 0.375041
26.56200027 -51.94699860 323.71798706 -0.697046 -0.570613 -0.434198
26.81800079 -52.24399948 324.01800537 -0.623124 -0.771840 0.126409
26.51799965 -52.02700043 324.01800537 -0.584343 -0.808981 0.063979
26.86400032 -52.24700165 323.71798706 -0.842523 -0.538618 -0.006784
27.11800003 -52.52199936 324.01800537 -0.591232 -0.715702 0.371772
27.41799927 -52.66899872 324.01800537 -0.350822 -0.835365 0.423189
27.41799927 -52.79700089 323.71798706 -0.351373 -0.855989 0.379236
27.11800003 -52.65399933 323.71798706 -0.669006 -0.662495 0.336945
27.11800003 -52.81399918 323.41799927 -0.460451 -0.821216 0.337031
27.41799927 -52.89099884 323.41799927 -0.349723 -0.879606 0.322472
27.41799927 -52.98899841 323.11801147 -0.359114 -0.892569 0.272688
27.11800003 -52.90000153 323.11801147 -0.435516 -0.831725 0.344325
28.01799965 -53.13700104 323.41799927 -0.230818 -0.918973 0.319705
27.71800041 -53.05199814 323.41799927 -0.318711 -0.899803 0.297958
27.71800041 -53.12400055 323.11801147 -0.288904 -0.921332 0.260158
25.91799927 -53.00699997 320.71798706 -0.366360 -0.894392 -0.256600
26.21800041 -53.14400101 320.71798706 -0.281097 -0.855581 -0.434702
25.91799927 -52.99200058 321.01800537 -0.472778 -0.872268 0.125020
26.21800041 -53.13899994 321.01800537 -0.442446 -0.894481 0.064381
25.31800079 -52.55199814 321.31799316 -0.471304 -0.806809 0.356274
25.61800003 -52.72999954 321.31799316 -0.462703 -0.812514 0.354580
25.61800003 -52.57699966 321.61801147 -0.467183 -0.790494 0.396055
25.31800079 -52.40000153 321.61801147 -0.471540 -0.796629 0.378197
26.51799965 -40.78400040 320.11801147 -0.539815 0.768632 -0.343226
27.11800003 -40.66299820 319.51800537 -0.538328 0.798859 -0.268379
27.11800003 -40.58399963 319.81799316 -0.545708 0.800683 -0.247201
27.41799927 -40.44699860 319.51800537 -0.590842 0.771681 -0.235402
27.16600037 -40.54700089 319.81799316 -0.545708 0.800683 -0.247201
27.41799927 -40.34600067 319.81799316 -0.588854 0.775298 -0.228394
30.71800041 -51.01900101 325.51800537 0.680796 -0.648144 0.341214
30.94099998 -50.74700165 325.51800537 0.523300 -0.793698 0.310163
31.31800079 -50.63399887 325.51800537 0.420421 -0.848599 0.321133
34.19200134 -49.84700012 321.61801147 0.978891 -0.188482 0.079041
34.12400055 -50.14699936 321.61801147 0.949399 -0.286284 0.129161
34.15000153 -49.84700012 321.31799316 0.984634 -0.145117 -0.097144
34.11000061 -50.14699936 321.31799316 0.974177 -0.225537 0.010627
34.17800140 -49.24700165 321.01800537 0.996734 -0.020342 -0.078154
34.16299820 -49.54700089 321.01800537 0.995120 -0.071950 -0.067522
34.15200043 -49.24700165 320.71798706 0.997458 -0.033142 -0.063076
34.13399887 -49.54700089 320.71798706 0.999382 -0.031645 -0.015312
34.16500092 -49.84700012 320.41799927 0.998652 0.044872 -0.026088
34.18600082 -50.14699936 320.41799927 0.995076 -0.087055 -0.047385
34.13399887 -49.84700012 320.11801147 0.988208 0.023881 -0.151245
34.11899948 -50.14699936 320.11801147 0.984533 -0.075001 -0.158335
34.13499832 -49.24700165 320.41799927 0.998223 -0.015679 -0.057489
34.12400055 -49.54700089 320.41799927 0.999469 0.017355 -0.027565
34.11399841 -49.24700165 320.11801147 0.996595 -0.009572 -0.081897
34.12300110 -49.54700089 320.11801147 0.993783 0.014213 -0.110420
34.09199905 -48.64699936 319.21798706 0.998560 -0.040950 -0.034650
34.04800034 -48.94699860 319.21798706 0.988833 -0.101809 -0.108830
34.06800079 -48.64699936 318.91799927 0.980561 -0.056272 -0.187971
34.03400040 -48.94699860 318.91799927 0.873068 -0.212690 -0.438765
33.71799850 -47.74700165 318.02899170 0.485019 -0.243274 -0.839985
33.71799850 -47.44699860 317.96301270 0.608420 -0.257591 -0.750648
33.93099976 -46.84700012 318.01800537 0.890796 -0.093401 -0.444701
33.90000153 -47.14699936 318.01800537 0.775876 -0.178345 -0.605153
33.71799850 -47.14699936 317.83099365 0.515917 -0.298191 -0.803064
33.71799850 -46.84700012 317.70901489 0.621361 -0.201981 -0.757043
33.41799927 -46.54700089 317.50799561 0.335475 -0.299691 -0.893108
33.11800003 -46.54700089 317.46798706 0.052335 -0.414651 -0.908474
33.41799927 -46.24700165 317.36999512 0.398521 -0.333393 -0.854418
33.11800003 -46.24700165 317.32598877 0.066044 -0.397609 -0.915175
33.71799850 -46.54700089 317.62701416 0.702174 -0.149495 -0.696134
33.41799927 -45.64699936 317.19000244 0.446134 -0.210384 -0.869887
33.11800003 -45.64699936 317.13000488 0.132112 -0.286910 -0.948804
33.41799927 -45.94699860 317.25500488 0.379847 -0.254721 -0.889288
33.11800003 -45.94699860 317.20199585 0.099491 -0.317046 -0.943177
33.41799927 -45.04700089 317.04501343 0.324279 -0.183898 -0.927914
33.11800003 -45.04700089 316.95401001 0.259158 -0.217582 -0.941008
33.41799927 -45.34700012 317.10000610 0.441207 -0.247137 -0.862705
33.11800003 -45.34700012 317.02600098 0.223170 -0.253665 -0.941195
33.53099823 -45.04700089 317.11801147 0.450274 -0.216910 -0.866143
32.81800079 -45.04700089 316.88800049 0.163086 -0.265520 -0.950212
32.51800156 -45.04700089 316.84799194 0.102712 -0.324143 -0.940416
32.81800079 -45.34700012 316.99398804 0.114687 -0.327870 -0.937736
32.51800156 -45.34700012 316.95001221 0.027247 -0.372371 -0.927684
32.81800079 -44.74700165 316.81799316 0.189495 -0.257658 -0.947473
32.51800156 -44.44699860 316.66900635 0.167050 -0.275700 -0.946617
32.81800079 -44.74700165 316.81799316 0.189495 -0.257658 -0.947473
32.51800156 -44.74700165 316.76098633 0.133147 -0.297227 -0.945478
32.21799850 -44.44699860 316.62899780 0.094327 -0.272643 -0.957480
31.91799927 -44.44699860 316.59298706 0.055010 -0.305753 -0.950520
32.21799850 -44.74700165 316.70800781 0.064301 -0.339877 -0.938269
31.91799927 -44.74700165 316.70599365 0.024700 -0.380895 -0.924288
28.91799927 -42.94699860 316.03201294 0.017356 -0.186286 -0.982342
29.21800041 -42.94699860 316.01400757 0.078373 -0.129841 -0.988433
28.91799927 -42.64699936 316.02801514 0.034232 -0.030083 -0.998961
29.21800041 -42.64699936 316.04299927 0.125784 0.003281 -0.992052
31.31800079 -43.54700089 316.33801270 0.221740 -0.246531 -0.943427
31.31800079 -44.14699936 316.44000244 0.111950 -0.205032 -0.972332
31.61800003 -44.14699936 316.47601318 0.131041 -0.143287 -0.980967
31.31800079 -43.84700012 316.42498779 0.156708 -0.174545 -0.972099
31.61800003 -43.84700012 316.50201416 0.237821 -0.084307 -0.967643
28.01799965 -53.17599869 323.11801147 -0.230931 -0.936322 0.264521
28.31800079 -53.15999985 323.41799927 -0.041735 -0.952311 0.302261
28.61800003 -53.20700073 323.11801147 0.313618 -0.896263 0.313618
28.31800079 -53.29700089 323.11801147 -0.065233 -0.955469 0.287792
28.61800003 -53.64199829 322.21798706 0.385095 -0.849703 0.360149
28.61800003 -53.33300018 322.81799316 0.308959 -0.862319 0.401186
28.31800079 -53.38499832 322.81799316 -0.079633 -0.921853 0.379269
28.61800003 -53.48699951 322.51800537 0.337544 -0.795068 0.503916
28.91799927 -53.16699982 322.81799316 0.444886 -0.821693 0.356225
28.91799927 -53.36000061 322.51800537 0.442258 -0.785696 0.432538
29.21800041 -53.31100082 322.21798706 0.525602 -0.763181 0.375895
28.91799927 -53.54399872 322.21798706 0.419639 -0.825025 0.378466
29.21800041 -53.47299957 321.91799927 0.477387 -0.820853 0.313531
28.91799927 -53.62699890 321.91799927 0.423491 -0.854681 0.300293
29.51799965 -53.24800110 321.91799927 0.501167 -0.776890 0.381147
29.21800041 -53.58200073 321.61801147 0.497788 -0.847585 0.183868
28.91799927 -53.69800186 321.61801147 0.410064 -0.896386 0.168342
29.21800041 -53.58800125 321.31799316 0.459347 -0.887892 -0.025445
29.81800079 -53.20299911 321.61801147 0.521964 -0.820669 0.232497
29.51799965 -53.42100143 321.61801147 0.528869 -0.825884 0.195484
29.81800079 -53.23799896 321.31799316 0.512590 -0.857094 0.051398
29.51799965 -53.38100052 321.31799316 0.517259 -0.855828 0.001344
29.81800079 -53.22600174 321.01800537 0.425578 -0.904845 0.011785
29.51799965 -53.40499878 321.01800537 0.439529 -0.891697 -0.108127
29.81800079 -53.25000000 320.71798706 0.357452 -0.882319 -0.306172
29.51799965 -53.33200073 320.71798706 0.289980 -0.838927 -0.460557
31.01799965 -52.59299850 321.01800537 0.479105 -0.847179 0.229666
30.71800041 -52.80099869 321.01800537 0.483986 -0.848860 0.212592
31.01799965 -52.67399979 320.71798706 0.470922 -0.882150 -0.006633
30.71800041 -52.83399963 320.71798706 0.452968 -0.891237 -0.022715
30.41799927 -52.95800018 321.01800537 0.473584 -0.863073 0.175565
30.11800003 -53.08599854 321.01800537 0.447665 -0.888314 0.102444
30.41799927 -52.99499893 320.71798706 0.356977 -0.913231 -0.196409
30.11800003 -53.12699890 320.71798706 0.358449 -0.893891 -0.269208
31.61800003 -49.84700012 318.89999390 0.018378 -0.273218 -0.961777
33.11800003 -47.74700165 317.97698975 0.041372 -0.415057 -0.908854
33.41799927 -47.74700165 318.01599121 0.079280 -0.369527 -0.925832
33.11800003 -47.44699860 317.86999512 0.041262 -0.408631 -0.911766
33.41799927 -47.44699860 317.88101196 0.120274 -0.374646 -0.919334
33.11800003 -48.34700012 318.26901245 0.048997 -0.388005 -0.920354
33.41799927 -48.34700012 318.30499268 0.035733 -0.408947 -0.911858
33.11800003 -48.04700089 318.13198853 0.047171 -0.429926 -0.901631
33.41799927 -48.04700089 318.15499878 0.122879 -0.430783 -0.894051
33.71799850 -48.34700012 318.29598999 0.500430 -0.343746 -0.794612
33.71799850 -48.04700089 318.14099121 0.488841 -0.401142 -0.774674
34.31800079 -43.24700165 322.23901367 0.814067 0.009610 -0.580692
34.13100052 -43.54700089 321.91799927 0.960305 -0.085902 -0.265398
34.03400040 -43.24700165 321.91799927 0.898939 0.122391 -0.420630
34.18199921 -43.54700089 322.21798706 0.934773 -0.158319 -0.318016
34.30199814 -43.24700165 322.21798706 0.814067 0.009610 -0.580692
27.41799927 -51.94699860 319.90399170 -0.009448 -0.519624 -0.854343
22.51600075 -49.24700165 324.61801147 -0.752729 -0.582603 0.306549
22.41600037 -49.24700165 324.31799316 -0.906217 -0.366837 0.210242
22.61800003 -49.53300095 324.31799316 -0.631784 -0.699997 0.332945
22.91799927 -49.53200150 324.61801147 -0.525290 -0.779100 0.342161
23.21800041 -49.74300003 324.61801147 -0.511248 -0.790110 0.338161
22.91799927 -49.70000076 324.31799316 -0.506622 -0.775309 0.377134
23.21800041 -49.90399933 324.31799316 -0.528610 -0.759573 0.378973
29.81800079 -44.74700165 316.83401489 -0.064460 -0.445735 -0.892841
29.51799965 -44.74700165 316.88299561 -0.033268 -0.427163 -0.903562
29.51799965 -44.66500092 316.81799316 -0.033268 -0.427163 -0.903562
29.81800079 -44.44699860 316.64001465 -0.089235 -0.502829 -0.859767
29.51799965 -44.44699860 316.64001465 -0.078081 -0.529529 -0.844691
29.51799965 -45.04700089 316.89199829 -0.064530 -0.149007 -0.986728
28.91799927 -44.74700165 316.83300781 0.045314 -0.487474 -0.871961
28.91799927 -44.16699982 316.51800537 0.011648 -0.397326 -0.917604
23.81800079 -50.65599823 323.41799927 -0.480317 -0.805847 0.346275
23.51799965 -50.49300003 323.41799927 -0.461850 -0.817363 0.344403
23.51799965 -50.61999893 323.11801147 -0.465346 -0.804362 0.369399
28.61800003 -44.74700165 316.82998657 -0.003979 -0.476151 -0.879354
24.41799927 -50.81600189 324.01800537 -0.488693 -0.803876 0.339061
24.41799927 -50.90999985 323.71798706 -0.475849 -0.824491 0.306239
23.81800079 -50.80400085 323.11801147 -0.477670 -0.796117 0.371521
24.11800003 -50.59199905 324.01800537 -0.487151 -0.800206 0.349791
24.11800003 -50.72499847 323.71798706 -0.503812 -0.807047 0.307973
24.41799927 -51.00500107 323.41799927 -0.435783 -0.838765 0.326447
24.11800003 -50.84600067 323.41799927 -0.478377 -0.808949 0.341698
24.11800003 -50.98600006 323.11801147 -0.470303 -0.790304 0.392728
24.41799927 -51.14599991 323.11801147 -0.410187 -0.828292 0.381680
25.01799965 -51.30899811 323.41799927 -0.306298 -0.924592 0.226518
22.61800003 -44.02399826 318.61801147 -0.543654 0.779609 -0.310887
24.71800041 -51.18500137 323.41799927 -0.395970 -0.872347 0.286737
22.43300056 -44.14699936 318.61801147 -0.722657 0.650548 -0.233570
22.61800003 -44.12500000 318.31799316 -0.563762 0.762926 -0.316413
24.71800041 -51.25099945 323.11801147 -0.290207 -0.903031 0.316724
26.93199921 -41.14699936 318.61801147 -0.582306 0.710974 -0.394253
27.11800003 -41.21500015 318.31799316 -0.553025 0.736819 -0.388922
27.41799927 -41.00699997 318.31799316 -0.480718 0.795837 -0.368175
27.11800003 -41.00199890 318.61801147 -0.514067 0.758861 -0.399830
27.41799927 -40.83599854 318.61801147 -0.439383 0.810062 -0.388255
27.71800041 -51.94699860 319.91900635 -0.045069 -0.471173 -0.880889
27.71800041 -40.81900024 318.31799316 -0.475400 0.809293 -0.345023
27.71800041 -40.71400070 318.61801147 -0.410909 0.813823 -0.410909
25.31800079 -51.04700089 319.62500000 0.079435 -0.378327 -0.922257
25.61800003 -51.64699936 319.81298828 -0.059447 -0.485254 -0.872350
25.31800079 -51.94699860 319.99301147 -0.032965 -0.404816 -0.913804
25.61800003 -51.94699860 319.98901367 -0.035820 -0.409936 -0.911411
25.31800079 -51.64699936 319.82998657 -0.033348 -0.428192 -0.903072
25.91799927 -51.94699860 319.95098877 -0.003861 -0.397641 -0.917533
26.21800041 -51.94699860 319.98001099 0.011386 -0.347910 -0.937459
34.06399918 -44.74700165 318.31799316 0.992015 -0.043914 -0.118231
34.08200073 -44.74700165 318.61801147 0.999494 -0.031392 -0.005063
34.06299973 -45.34700012 318.31799316 0.994652 0.009741 -0.102820
34.05799866 -45.04700089 318.31799316 0.992808 -0.009851 -0.119312
34.07199860 -45.34700012 318.61801147 0.999876 -0.014953 -0.004984
34.07400131 -45.04700089 318.61801147 0.999365 -0.003044 -0.035510
34.04499817 -45.94699860 318.31799316 0.992008 -0.005481 -0.126056
34.03799820 -45.64699936 318.31799316 0.996003 -0.009628 -0.088795
34.06900024 -45.94699860 318.61801147 0.998550 0.049143 -0.021958
34.07199860 -45.64699936 318.61801147 0.999626 -0.017217 -0.021269
34.04499817 -46.54700089 318.31799316 0.967531 -0.055748 -0.246528
34.06999969 -46.24700165 318.31799316 0.982219 -0.019714 -0.186703
34.09999847 -46.54700089 318.61801147 0.993095 -0.009833 -0.116899
34.09600067 -46.24700165 318.61801147 0.998097 0.039162 -0.047629
25.61800003 -52.75799942 320.41799927 -0.309854 -0.756173 -0.576361
25.31800079 -52.61899948 320.41799927 -0.364426 -0.772582 -0.519914
25.61800003 -52.24700165 320.08999634 -0.041592 -0.433360 -0.900261
25.31800079 -52.24700165 320.09600830 -0.111547 -0.537456 -0.835882
25.61800003 -52.54700089 320.28399658 -0.251682 -0.656906 -0.710725
34.00799942 -47.14699936 318.31799316 0.925815 -0.116240 -0.359659
33.99300003 -46.84700012 318.31799316 0.964052 -0.071831 -0.255820
34.05199814 -47.14699936 318.61801147 0.985228 -0.040712 -0.166337
34.10400009 -46.84700012 318.61801147 0.987196 -0.059442 -0.148021
25.01799965 -52.52799988 320.41799927 -0.294659 -0.850038 -0.436590
24.71800041 -52.40999985 320.41799927 -0.455409 -0.874210 -0.168399
24.71800041 -52.20199966 320.11801147 -0.185968 -0.683930 -0.705447
23.81800079 -51.86199951 320.41799927 -0.458253 -0.888284 -0.030909
23.51799965 -51.69699860 320.41799927 -0.481358 -0.876523 0.001326
23.81800079 -51.78099823 320.11801147 -0.369872 -0.744633 -0.555623
23.51799965 -51.65999985 320.11801147 -0.358395 -0.763819 -0.536781
33.99499893 -47.74700165 318.31799316 0.855024 -0.107776 -0.507266
33.99499893 -47.44699860 318.31799316 0.893563 -0.093399 -0.439114
34.07099915 -47.74700165 318.61801147 0.980865 -0.058684 -0.185634
34.07600021 -47.44699860 318.61801147 0.989468 0.012298 -0.144228
33.94100189 -48.04700089 318.31799316 0.697828 -0.279450 -0.659503
33.99000168 -48.34700012 318.61801147 0.870607 -0.200225 -0.449393
34.01699829 -48.04700089 318.61801147 0.902980 -0.189265 -0.385753
34.08499908 -48.34700012 318.91799927 0.985430 -0.050265 -0.162485
34.09099960 -48.04700089 318.91799927 0.994169 -0.070453 -0.081636
34.06399918 -48.34700012 319.21798706 0.999956 0.008902 -0.002967
34.06200027 -48.04700089 319.21798706 0.999667 -0.019244 0.017218
22.91799927 -42.91299820 320.71798706 -0.492047 0.811641 -0.314847
23.21800041 -42.76300049 320.71798706 -0.486494 0.809767 -0.328027
22.91799927 -42.81299973 321.01800537 -0.503287 0.801766 -0.322294
23.21800041 -42.62699890 321.01800537 -0.517177 0.761898 -0.389922
22.91799927 -42.67599869 321.31799316 -0.582705 0.763709 -0.277857
22.95899963 -42.64699936 321.31799316 -0.582705 0.763709 -0.277857
23.21800041 -42.42200089 321.31799316 -0.529261 0.760507 -0.376182
23.31699944 -42.34700012 321.31799316 -0.529261 0.760507 -0.376182
27.71800041 -52.47999954 324.61801147 -0.403656 -0.837154 0.369102
26.21800041 -43.24700165 316.22198486 -0.192847 -0.069134 -0.978790
25.91799927 -43.24700165 316.29199219 -0.264562 0.175018 -0.948354
26.21800041 -43.54700089 316.30300903 -0.106133 -0.334522 -0.936392
25.91799927 -43.54700089 316.31799316 -0.113025 -0.255931 -0.960065
25.61800003 -44.14699936 316.60900879 -0.011783 -0.420274 -0.907321
25.31800079 -44.14699936 316.60699463 -0.006490 -0.408898 -0.912557
25.61800003 -43.24700165 316.38800049 -0.285929 0.226772 -0.931031
25.61800003 -43.54700089 316.33099365 -0.176187 -0.086271 -0.980569
25.31800079 -43.54700089 316.38500977 -0.234610 0.040115 -0.971262
25.31800079 -43.24700165 316.54501343 -0.451687 0.448426 -0.771293
25.01799965 -43.22200012 316.81799316 -0.572313 0.656230 -0.491753
25.01799965 -43.54700089 316.55099487 -0.431621 0.337449 -0.836559
24.71800041 -43.54700089 316.78201294 -0.508301 0.541853 -0.669347
25.01799965 -42.95399857 317.41799927 -0.543654 0.779609 -0.310887
24.71800041 -43.16799927 317.41799927 -0.500851 0.787511 -0.359131
25.01799965 -43.08599854 317.11801147 -0.570383 0.770573 -0.284397
24.71800041 -43.31399918 317.11801147 -0.522460 0.740015 -0.423572
24.41799927 -43.30300140 317.41799927 -0.483324 0.783986 -0.389569
24.41799927 -43.52799988 317.11801147 -0.500509 0.713350 -0.490532
24.41799927 -43.07500076 318.01800537 -0.491555 0.810829 -0.317693
24.11800003 -43.27899933 318.01800537 -0.543936 0.784980 -0.296548
24.41799927 -43.19599915 317.71798706 -0.469352 0.820182 -0.327124
24.11800003 -43.38000107 317.71798706 -0.556345 0.759532 -0.337032
24.11800003 -43.06700134 318.61801147 -0.471434 0.803835 -0.362765
24.41799927 -42.98500061 318.31799316 -0.513179 0.815784 -0.266728
24.11800003 -43.17300034 318.31799316 -0.504603 0.805151 -0.311620
32.51800156 -50.21599960 324.61801147 0.501046 -0.815181 0.290575
32.51800156 -50.19499969 324.31799316 0.502852 -0.832992 0.230792
23.81800079 -43.20299911 318.61801147 -0.462921 0.802502 -0.376423
23.51799965 -43.38000107 318.61801147 -0.508974 0.777196 -0.370016
23.81800079 -43.37200165 318.31799316 -0.489899 0.791869 -0.364613
23.51799965 -43.54499817 318.31799316 -0.507895 0.774013 -0.378082
23.81800079 -42.97200012 319.21798706 -0.480392 0.813336 -0.328188
23.51799965 -43.14400101 319.21798706 -0.513185 0.799171 -0.312995
23.81800079 -43.07899857 318.91799927 -0.460451 0.821216 -0.337031
23.51799965 -43.25999832 318.91799927 -0.514998 0.792428 -0.326856
23.51799965 -43.02899933 319.51800537 -0.506653 0.806541 -0.304623
23.21800041 -43.33800125 319.21798706 -0.537255 0.782766 -0.314063
22.91799927 -43.53699875 319.21798706 -0.556046 0.775916 -0.297939
23.21800041 -43.47000122 318.91799927 -0.543433 0.765967 -0.343476
22.60199928 -43.54700089 319.81799316 -0.639608 0.697902 -0.322233
23.21800041 -43.11399841 319.81799316 -0.531359 0.786666 -0.314347
22.91799927 -43.30099869 319.81799316 -0.520036 0.780859 -0.346154
23.21800041 -43.23600006 319.51800537 -0.526119 0.793152 -0.306770
22.91799927 -43.43700027 319.51800537 -0.557391 0.776536 -0.293781
23.21800041 -42.97200012 320.11801147 -0.503175 0.797093 -0.333853
22.91799927 -43.21200180 320.11801147 -0.510920 0.773679 -0.374675
22.61800003 -43.22700119 320.41799927 -0.626945 0.737490 -0.251094
22.32200050 -43.54700089 320.41799927 -0.840012 0.515901 -0.168002
22.61800003 -43.33700180 320.11801147 -0.576224 0.747316 -0.330885
22.39200020 -43.54700089 320.11801147 -0.792566 0.563017 -0.234203
22.61800003 -49.25299835 324.91799927 -0.695697 -0.707614 0.123646
30.11800003 -43.24700165 316.13101196 0.038447 -0.171264 -0.984475
30.41799927 -43.24700165 316.18200684 0.113434 -0.185733 -0.976031
30.11800003 -43.54700089 316.23001099 0.031708 -0.318351 -0.947442
30.41799927 -43.54700089 316.24301147 0.075101 -0.266034 -0.961034
30.71800041 -43.54700089 316.25500488 0.059768 -0.215897 -0.974585
31.01799965 -43.54700089 316.29501343 0.105429 -0.189773 -0.976151
30.71800041 -43.24700165 316.24600220 0.109736 -0.112095 -0.987620
30.11800003 -44.14699936 316.47299194 -0.027636 -0.409277 -0.911991
30.41799927 -44.14699936 316.46600342 -0.027364 -0.381787 -0.923845
30.11800003 -43.84700012 316.35299683 0.006379 -0.373801 -0.927487
30.41799927 -43.84700012 316.34500122 0.006320 -0.350147 -0.936674
30.71800041 -44.14699936 316.45999146 -0.016597 -0.358759 -0.933283
31.01799965 -44.14699936 316.46798706 0.018654 -0.299710 -0.953848
30.71800041 -43.84700012 316.35400391 0.034242 -0.318324 -0.947363
31.01799965 -43.84700012 316.35501099 0.071959 -0.258801 -0.963246
31.91799927 -48.34700012 318.25000000 0.221654 -0.324616 -0.919507
31.91799927 -48.04700089 318.11099243 0.201723 -0.464710 -0.862179
32.21799850 -48.04700089 318.18200684 -0.003948 -0.448789 -0.893629
32.21799850 -48.32099915 318.31799316 -0.008977 -0.380863 -0.924588
32.21799850 -48.34700012 318.32998657 -0.008977 -0.380863 -0.924588
31.91799927 -48.94699860 318.52801514 -0.047909 -0.472249 -0.880162
32.21799850 -48.94699860 318.48001099 -0.022688 -0.449766 -0.892858
32.21799850 -48.64699936 318.37600708 -0.024570 -0.373730 -0.927212
32.51800156 -49.54700089 318.76800537 -0.016781 -0.378228 -0.925561
32.81800079 -49.54700089 318.76599121 0.038407 -0.401287 -0.915147
32.51800156 -49.24700165 318.65399170 -0.001276 -0.379080 -0.925363
32.81800079 -49.24700165 318.64199829 0.027450 -0.393455 -0.918934
32.51800156 -50.14699936 319.03698730 -0.001289 -0.400751 -0.916186
32.81800079 -50.14699936 319.03799438 0.024812 -0.395688 -0.918050
32.51800156 -49.84700012 318.91598511 0.006540 -0.427740 -0.903878
32.81800079 -49.84700012 318.89999390 0.035589 -0.399389 -0.916090
32.51800156 -50.44699860 319.16598511 0.011857 -0.436081 -0.899829
32.81800079 -50.44699860 319.17999268 0.028157 -0.451857 -0.891646
32.51800156 -50.74700165 319.33401489 0.019730 -0.422227 -0.906275
32.81800079 -50.74700165 319.33499146 0.085495 -0.469520 -0.878773
33.11800003 -51.04700089 319.57400513 0.261202 -0.545865 -0.796119
33.41799927 -51.04700089 319.69500732 0.435769 -0.656157 -0.616087
33.11800003 -51.33599854 319.81799316 0.361048 -0.730264 -0.579964
32.51800156 -51.67499924 319.81799316 0.312229 -0.694023 -0.648726
29.81800079 -51.74900055 323.11801147 0.532019 -0.839343 -0.111622
29.81800079 -51.73300171 323.41799927 0.499705 -0.796654 -0.340055
29.81800079 -51.94699860 323.55300903 0.683424 -0.637534 -0.355643
26.81800079 -51.50899887 325.81799316 -0.482279 -0.848145 0.219218
26.51799965 -51.36100006 325.81799316 -0.475818 -0.869199 0.134502
26.81800079 -51.56000137 325.51800537 -0.493861 -0.828262 0.264734
26.51799965 -51.40599823 325.51800537 -0.479105 -0.847179 0.229666
24.11800003 -51.98099899 320.71798706 -0.515191 -0.850998 0.101890
24.41799927 -52.20700073 320.71798706 -0.529583 -0.840078 0.117524
24.11800003 -51.98600006 321.01800537 -0.496833 -0.840209 0.217269
24.41799927 -52.10699844 321.01800537 -0.486261 -0.842954 0.230174
23.81800079 -51.66600037 321.31799316 -0.489431 -0.786644 0.376362
23.51799965 -51.48799896 321.31799316 -0.514347 -0.786743 0.341296
23.81800079 -51.52199936 321.61801147 -0.477722 -0.782169 0.399991
23.51799965 -51.31700134 321.61801147 -0.507239 -0.776254 0.374352
23.51799965 -51.16799927 321.91799927 -0.505528 -0.787982 0.351462
23.51799965 -51.06499863 322.21798706 -0.490567 -0.789733 0.368328
23.81800079 -51.24599838 322.21798706 -0.474670 -0.793262 0.381345
22.91799927 -50.80699921 321.91799927 -0.527467 -0.772650 0.353258
23.21800041 -50.98899841 321.91799927 -0.496590 -0.789080 0.361595
23.21800041 -50.87200165 322.21798706 -0.509047 -0.788461 0.345253
22.91799927 -50.65700150 322.21798706 -0.524530 -0.773077 0.356680
22.61800003 -50.59799957 321.91799927 -0.660294 -0.676518 0.326091
22.45299911 -50.44699860 321.91799927 -0.814464 -0.534252 0.226326
22.61800003 -50.46699905 322.21798706 -0.662947 -0.688630 0.293751
22.91799927 -50.52700043 322.51800537 -0.528066 -0.773528 0.350429
23.21800041 -50.73199844 322.51800537 -0.505901 -0.780672 0.366900
23.21800041 -50.59099960 322.81799316 -0.495572 -0.782907 0.376118
22.91799927 -50.39400101 322.81799316 -0.523821 -0.775255 0.352975
22.61800003 -50.30799866 322.51800537 -0.686267 -0.657202 0.311646
22.61800003 -50.19599915 322.81799316 -0.686401 -0.676845 0.265960
30.41799927 -52.87200165 320.41799927 0.198556 -0.758822 -0.620294
30.11800003 -52.84700012 320.34399414 0.182566 -0.676569 -0.713389
22.61800003 -50.14699936 319.38198853 -0.533557 -0.408787 -0.740413
22.61800003 -49.84700012 319.23901367 -0.511187 -0.356380 -0.782100
22.91799927 -49.84700012 319.14300537 -0.159556 -0.415421 -0.895526
23.21800041 -49.84700012 319.12899780 -0.088238 -0.384175 -0.919034
22.91799927 -50.14699936 319.28201294 -0.246492 -0.440056 -0.863477
23.21800041 -50.14699936 319.24200439 -0.095906 -0.426710 -0.899289
24.11800003 -51.34700012 319.75500488 -0.027703 -0.410262 -0.911547
24.41799927 -51.34700012 319.73300171 -0.035627 -0.397170 -0.917053
24.11800003 -51.04700089 319.62200928 -0.011552 -0.378658 -0.925465
24.41799927 -51.04700089 319.62200928 -0.021922 -0.367519 -0.929758
27.11800003 -41.31999969 318.01800537 -0.539139 0.792108 -0.286171
27.41799927 -41.29499817 317.71798706 -0.467827 0.799003 -0.377798
27.11800003 -41.42200089 317.71798706 -0.491380 0.798692 -0.347327
26.64399910 -41.44699860 318.61801147 -0.631366 0.683843 -0.365700
26.81800079 -41.44699860 318.32901001 -0.607019 0.723567 -0.328600
26.82600021 -41.44699860 318.31799316 -0.607019 0.723567 -0.328600
26.81800079 -41.45299911 318.31799316 -0.607019 0.723567 -0.328600
26.81800079 -41.53400040 318.01800537 -0.600565 0.768164 -0.221914
26.51799965 -41.74700165 318.17999268 -0.652047 0.737561 -0.175610
26.81800079 -41.63800049 317.71798706 -0.554658 0.792146 -0.254674
26.47500038 -41.74700165 318.31799316 -0.664034 0.733298 -0.146057
26.21800041 -42.04700089 318.53201294 -0.601712 0.784777 0.148552
26.21800041 -41.94900131 318.31799316 -0.535196 0.838138 0.105308
26.51799965 -41.79800034 318.01800537 -0.565286 0.806474 -0.173354
26.51799965 -41.83200073 317.71798706 -0.515556 0.827644 -0.221827
26.21800041 -41.95100021 318.01800537 -0.550063 0.834146 -0.040384
26.02799988 -42.04700089 318.01800537 -0.512110 0.858893 -0.006721
25.91799927 -42.10300064 318.01800537 -0.542789 0.823903 -0.162986
26.21800041 -41.98500061 317.71798706 -0.509042 0.830059 -0.227769
25.91799927 -42.25099945 317.71798706 -0.549194 0.778423 -0.304046
25.61800003 -42.31499863 318.01800537 -0.564040 0.783999 -0.259238
25.31800079 -42.54700089 318.01800537 -0.532946 0.804889 -0.261003
25.61800003 -42.44300079 317.71798706 -0.533170 0.779741 -0.328228
25.31800079 -42.64500046 317.71798706 -0.520730 0.791446 -0.320082
25.01799965 -42.70700073 318.01800537 -0.489699 0.817215 -0.303897
24.71800041 -42.89799881 318.01800537 -0.482082 0.814007 -0.324022
25.01799965 -42.85100174 317.71798706 -0.514998 0.792428 -0.326856
24.71800041 -43.06700134 317.71798706 -0.481857 0.809456 -0.335551
23.21800041 -44.17900085 317.41799927 -0.504237 0.717247 -0.480938
22.91799927 -44.41600037 317.41799927 -0.560899 0.510368 -0.651856
22.91799927 -44.74700165 317.23800659 -0.489555 0.135100 -0.861443
22.64399910 -44.74700165 317.41799927 -0.603548 0.328472 -0.726523
22.23299980 -48.94699860 321.31799316 -0.999445 0.001009 0.033281
22.23800087 -48.64699936 321.31799316 -0.999575 0.001005 0.029133
22.25099945 -48.94699860 321.61801147 -0.999913 0.002973 0.012883
22.25000000 -48.64699936 321.61801147 -0.999928 -0.010923 0.004965
34.07099915 -44.74700165 318.91799927 0.996398 0.031306 0.078805
34.01800156 -44.74700165 319.19299316 0.995301 0.088886 0.038407
34.01800156 -44.74700165 319.35598755 0.997461 0.068900 -0.018020
34.05599976 -45.04700089 318.91799927 0.997199 0.057014 0.048408
34.09500122 -45.34700012 319.21798706 0.996175 0.044637 -0.075121
34.05799866 -45.04700089 319.21798706 0.990982 0.132651 0.018950
34.01800156 -44.77899933 319.21798706 0.995301 0.088886 0.038407
22.23800087 -48.34700012 321.31799316 -0.999815 -0.009007 0.017014
22.22999954 -48.04700089 321.31799316 -0.999852 -0.016947 0.002991
22.23800087 -48.34700012 321.61801147 -0.999936 -0.008919 0.006937
22.23699951 -48.04700089 321.61801147 -0.999864 -0.006978 0.014953
34.06200027 -45.94699860 318.91799927 0.998089 0.047730 0.039245
34.04999924 -45.64699936 318.91799927 0.999538 -0.027398 -0.013192
34.05500031 -45.94699860 320.11801147 0.997208 0.074607 0.003152
34.08200073 -45.64699936 320.11801147 0.997533 -0.003140 0.070131
34.08599854 -45.94699860 320.41799927 0.992514 0.118924 0.027786
34.06499863 -45.64699936 320.41799927 0.997135 0.065615 0.037648
34.01800156 -45.64699936 320.57501221 0.998200 0.055748 0.022089
34.13700104 -48.94699860 322.51800537 0.998817 0.005143 -0.048346
34.14500046 -48.64699936 322.51800537 0.998125 -0.019984 -0.057847
34.17699814 -48.94699860 322.81799316 0.994411 0.027409 -0.101963
34.16999817 -48.64699936 322.81799316 0.998817 0.005143 -0.048346
34.13499832 -49.54700089 322.51800537 0.989608 -0.130181 0.061058
34.14300156 -49.24700165 322.51800537 0.999585 -0.019321 -0.021354
34.13899994 -49.54700089 322.81799316 0.966118 -0.258031 0.006001
34.17200089 -49.24700165 322.81799316 0.994408 -0.061383 -0.085936
34.13800049 -49.54700089 323.11801147 0.952723 -0.303533 -0.013628
34.22399902 -49.24700165 323.11801147 0.996852 -0.077663 -0.015958
34.14099884 -49.54700089 323.41799927 0.814845 -0.523053 0.249886
34.20199966 -49.24700165 323.41799927 0.963025 -0.190503 0.190503
32.51800156 -49.96900177 324.91799927 0.571957 -0.783909 0.241562
32.81800079 -49.80899811 324.91799927 0.482673 -0.841230 0.243635
32.51800156 -50.04199982 325.21798706 0.466539 -0.859571 -0.208517
22.13500023 -44.74700165 319.51800537 -0.997949 0.060067 0.022130
22.17900085 -44.44699860 319.51800537 -0.982321 0.185278 -0.026801
22.13800049 -44.74700165 319.81799316 -0.999268 0.035871 0.013324
22.17300034 -44.44699860 319.81799316 -0.993349 0.109879 -0.034407
22.13299942 -44.74700165 318.91799927 -0.994633 0.094042 -0.043149
22.17200089 -44.44699860 318.91799927 -0.937333 0.325970 -0.123084
22.12500000 -44.74700165 319.21798706 -0.997349 0.071012 0.015898
22.16399956 -44.44699860 319.21798706 -0.969610 0.242098 -0.035281
22.25600052 -46.24700165 322.81799316 -0.999372 -0.033618 0.011206
22.27400017 -46.54700089 322.81799316 -0.999667 -0.017218 0.019244
22.24799919 -46.24700165 322.51800537 -0.998550 -0.026140 0.047052
22.25300026 -46.54700089 322.51800537 -0.998756 -0.011361 0.048543
22.23999977 -45.64699936 322.81799316 -0.999960 -0.008867 -0.000985
22.24099922 -45.94699860 322.81799316 -0.999948 -0.008902 0.004945
22.25200081 -45.64699936 322.51800537 -0.999889 -0.000991 0.014865
22.23699951 -45.94699860 322.51800537 -0.999820 0.000997 0.018940
22.12599945 -46.24700165 318.61801147 -0.999630 -0.019243 -0.019243
22.13400078 -46.54700089 318.61801147 -0.998439 -0.051336 -0.022001
22.14200020 -46.24700165 318.31799316 -0.988539 -0.061422 -0.137909
22.15800095 -46.54700089 318.31799316 -0.977483 -0.071820 -0.198418
22.13999939 -46.84700012 318.61801147 -0.997512 -0.056786 -0.041786
22.17099953 -47.14699936 318.61801147 -0.987966 -0.064003 -0.140806
22.18099976 -46.84700012 318.31799316 -0.966894 -0.089738 -0.238880
22.21199989 -47.14699936 318.31799316 -0.831565 -0.251475 -0.495237
22.31800079 -47.14699936 318.11199951 -0.737762 -0.257506 -0.624017
22.61800003 -46.84700012 317.85998535 -0.446055 -0.223778 -0.866578
22.61800003 -47.14699936 317.96398926 -0.443255 -0.440008 -0.780973
22.28599930 -46.84700012 318.01800537 -0.713468 -0.169582 -0.679857
25.01799965 -46.53400040 317.71798706 -0.269190 -0.463007 -0.844489
25.02700043 -46.54700089 317.71798706 -0.269190 -0.463007 -0.844489
24.71800041 -46.54700089 317.88198853 -0.040319 -0.543616 -0.838365
24.71800041 -46.33300018 317.71798706 -0.014845 -0.506079 -0.862359
25.31800079 -46.24700165 317.53298950 -0.074763 -0.409160 -0.909395
25.01799965 -46.24700165 317.69198608 -0.249660 -0.437283 -0.863975
24.71800041 -41.78799820 320.71798706 -0.531161 0.803792 -0.267931
25.01799965 -41.50400162 321.01800537 -0.538096 0.788890 -0.296826
24.71800041 -41.63999939 321.01800537 -0.506166 0.801298 -0.318932
25.01799965 -41.56999969 320.71798706 -0.544118 0.795008 -0.268139
32.51800156 -51.34700012 319.57400513 0.115882 -0.482128 -0.868403
32.81800079 -51.34700012 319.68099976 0.347785 -0.654751 -0.671079
32.21799850 -51.92399979 320.71798706 0.525522 -0.818335 0.232709
32.21799850 -51.84299850 321.01800537 0.511885 -0.800315 0.312202
31.31800079 -52.09400177 321.91799927 0.537587 -0.788144 0.299717
30.71800041 -52.49499893 321.91799927 0.523538 -0.807967 0.270364
31.01799965 -52.29299927 321.91799927 0.523648 -0.798920 0.295838
30.71800041 -52.36600113 322.21798706 0.522327 -0.800060 0.295091
30.92700005 -52.24700165 322.21798706 0.533643 -0.785332 0.313814
31.01799965 -52.19300079 322.21798706 0.533643 -0.785332 0.313814
28.31800079 -52.83100128 324.31799316 -0.098379 -0.904808 0.414300
28.61800003 -52.80099869 324.31799316 0.276312 -0.888679 0.365926
28.31800079 -52.68999863 324.61801147 -0.120506 -0.915570 0.383680
28.61800003 -52.68500137 324.61801147 0.273976 -0.887801 0.369792
32.81800079 -49.99200058 324.61801147 0.441308 -0.833930 0.331373
32.81800079 -50.04899979 324.31799316 0.477297 -0.850044 0.222739
33.11800003 -49.82699966 324.61801147 0.527009 -0.800739 0.284742
33.41799927 -49.68999863 324.31799316 0.629654 -0.713393 0.307580
33.11800003 -49.93000031 324.31799316 0.523407 -0.803186 0.284494
33.71799850 -50.03699875 323.11801147 0.551015 -0.769493 0.322898
33.97100067 -49.84700012 323.11801147 0.743583 -0.642394 0.185512
33.71799850 -49.90100098 323.41799927 0.556435 -0.751106 0.355275
33.41799927 -50.06800079 323.41799927 0.462703 -0.812514 0.354580
32.51800156 -51.03099823 322.51800537 0.502240 -0.806435 0.312117
32.81800079 -50.86600113 322.51800537 0.528099 -0.794527 0.299732
32.51800156 -50.93700027 322.81799316 0.512112 -0.792895 0.330240
22.18300056 -45.04700089 323.11801147 -0.991138 -0.072354 -0.111403
22.22999954 -45.34700012 323.11801147 -0.995326 -0.056339 -0.078433
22.19000053 -44.44699860 322.81799316 -0.998443 -0.049241 -0.026192
22.21299934 -44.74700165 322.81799316 -0.997837 -0.037193 -0.054196
22.20499992 -44.44699860 322.51800537 -0.999213 -0.039643 -0.001016
22.21299934 -44.74700165 322.51800537 -0.999134 -0.040048 0.011295
22.22999954 -45.04700089 322.81799316 -0.997959 -0.051966 -0.037119
22.24500084 -45.34700012 322.81799316 -0.997896 -0.058202 -0.028572
22.22200012 -45.04700089 322.51800537 -0.998892 -0.040538 0.023907
22.23600006 -45.34700012 322.51800537 -0.998991 -0.040374 0.019669
22.20999908 -45.04700089 322.21798706 -0.999413 -0.031582 0.013244
22.22599983 -45.34700012 322.21798706 -0.999165 -0.027841 0.029903
22.22599983 -45.04700089 321.91799927 -0.999211 -0.031901 0.023668
22.21800041 -45.34700012 321.91799927 -0.999411 -0.017354 0.029605
22.19799995 -46.54700089 320.71798706 -0.998948 -0.021739 0.040372
22.19099998 -46.24700165 320.71798706 -0.998200 -0.022089 0.055748
22.20999908 -46.54700089 321.01800537 -0.999545 -0.007075 0.029309
22.20199966 -46.24700165 321.01800537 -0.999160 -0.019551 0.036015
23.21800041 -51.48799896 320.11801147 -0.418366 -0.809483 -0.411955
22.91799927 -51.37200165 320.41799927 -0.607086 -0.794096 0.029308
23.21800041 -51.54100037 320.41799927 -0.512398 -0.857680 0.042815
22.91799927 -51.26200104 320.71798706 -0.595397 -0.776939 0.204619
22.91799927 -51.18999863 321.01800537 -0.564745 -0.786888 0.248738
22.61800003 -51.04199982 320.71798706 -0.714428 -0.687469 0.130305
22.61800003 -50.92200089 321.01800537 -0.718266 -0.658802 0.223773
28.91799927 -42.34700012 316.01599121 0.078810 -0.029149 -0.996463
26.81800079 -42.34700012 316.27999878 -0.404117 0.482019 -0.777398
25.31800079 -42.48099899 318.31799316 -0.524143 0.834746 -0.168741
25.01799965 -42.48600006 319.21798706 -0.273010 0.784311 -0.557066
24.71800041 -42.52899933 319.21798706 -0.246348 0.816511 -0.522133
25.01799965 -42.66899872 318.91799927 -0.293882 0.881645 -0.369236
24.71800041 -42.72499847 318.91799927 -0.189585 0.916566 -0.352087
23.81800079 -42.48899841 320.41799927 -0.551383 0.775133 -0.308455
23.51799965 -42.70800018 320.41799927 -0.481599 0.823581 -0.299627
23.81800079 -42.61399841 320.11801147 -0.533937 0.777656 -0.331907
23.51799965 -42.79899979 320.11801147 -0.480619 0.810549 -0.334688
23.21800041 -42.83800125 320.41799927 -0.456343 0.836368 -0.303709
23.04199982 -42.94699860 320.41799927 -0.495091 0.803925 -0.329530
22.16699982 -46.54700089 320.11801147 -0.999831 -0.017014 0.007006
22.18000031 -46.24700165 320.11801147 -0.999976 -0.004926 -0.004926
22.17499924 -46.54700089 320.41799927 -0.998995 -0.019629 0.040290
22.16799927 -46.24700165 320.41799927 -0.999476 -0.013245 0.029546
22.15399933 -46.54700089 319.51800537 -0.998642 -0.032417 0.040782
22.14399910 -46.24700165 319.51800537 -0.998800 -0.007215 0.048445
22.17200089 -46.54700089 319.81799316 -0.999505 -0.015283 0.027509
22.17300034 -46.24700165 319.81799316 -0.999291 -0.003044 0.037537
22.16799927 -47.14699936 319.51800537 -0.999198 0.005093 0.039723
22.17099953 -46.84700012 319.51800537 -0.999273 -0.017459 0.033891
22.17799950 -47.14699936 319.81799316 -0.999875 -0.008990 0.012985
22.18199921 -46.84700012 319.81799316 -0.999768 -0.017116 0.013089
33.41799927 -47.14699936 317.72500610 0.229069 -0.391634 -0.891151
33.11800003 -47.14699936 317.73999023 0.035442 -0.389866 -0.920189
32.21799850 -50.44699860 319.16699219 0.036054 -0.425970 -0.904019
31.91799927 -50.74700165 319.28900146 0.025006 -0.409306 -0.912055
32.21799850 -50.74700165 319.32000732 0.036054 -0.425970 -0.904019
32.51800156 -51.04700089 319.45098877 0.080674 -0.414308 -0.906554
32.81800079 -51.04700089 319.45599365 0.193778 -0.497213 -0.845712
31.91799927 -51.34700012 319.59399414 0.011928 -0.451947 -0.891965
32.21799850 -51.34700012 319.54901123 0.022791 -0.467889 -0.883493
31.91799927 -51.04700089 319.43701172 0.024778 -0.392539 -0.919402
32.21799850 -51.04700089 319.44601440 0.019544 -0.394787 -0.918565
31.31800079 -51.34700012 319.57000732 -0.027847 -0.423012 -0.905696
31.61800003 -51.34700012 319.54299927 -0.052937 -0.438424 -0.897208
31.31800079 -51.04700089 319.54299927 -0.088375 -0.320525 -0.943108
31.61800003 -51.04700089 319.41500854 -0.068800 -0.395264 -0.915987
31.31800079 -51.64699936 319.77200317 -0.004004 -0.495129 -0.868810
31.61800003 -51.64699936 319.73498535 0.020263 -0.490353 -0.871288
31.31800079 -51.94699860 319.88800049 0.022768 -0.459377 -0.887950
31.61800003 -51.94699860 319.89999390 0.083032 -0.493971 -0.865505
31.01799965 -51.64699936 319.73400879 0.020263 -0.490353 -0.871288
30.71800041 -51.94699860 319.90399170 0.042459 -0.491704 -0.869727
31.01799965 -51.94699860 319.89801025 -0.022526 -0.435935 -0.899696
31.01799965 -51.34700012 319.55200195 0.164415 -0.398886 -0.902140
30.41799927 -51.94699860 319.84500122 0.117261 -0.513924 -0.849784
30.11800003 -52.24700165 319.99099731 0.044967 -0.464657 -0.884348
30.41799927 -52.24700165 320.05099487 0.078869 -0.444159 -0.892470
30.71800041 -52.24700165 320.06298828 0.073441 -0.464203 -0.882679
31.01799965 -52.24700165 320.04998779 0.094001 -0.577022 -0.811301
30.11800003 -52.54700089 320.15200806 0.098514 -0.503992 -0.858072
30.41799927 -52.54700089 320.15600586 0.104928 -0.521766 -0.846611
29.51799965 -52.54700089 320.14599609 -0.001310 -0.441440 -0.897290
29.81800079 -52.54700089 320.14898682 0.039641 -0.485261 -0.873470
28.91799927 -52.54700089 320.16500854 0.011755 -0.419278 -0.907782
29.21800041 -52.54700089 320.15399170 -0.017103 -0.427571 -0.903820
29.51799965 -52.84700012 320.29501343 -0.001333 -0.491969 -0.870612
29.81800079 -52.84700012 320.29901123 0.028621 -0.500186 -0.865445
29.51799965 -53.14699936 320.49600220 0.073809 -0.652703 -0.754010
29.81800079 -53.03400040 320.41799927 0.172304 -0.654144 -0.736483
28.91799927 -52.84700012 320.29800415 0.025445 -0.459347 -0.887892
29.21800041 -52.84700012 320.29699707 0.006647 -0.477257 -0.878738
28.91799927 -53.14699936 320.46200562 0.051977 -0.563316 -0.824605
29.21800041 -53.14699936 320.48400879 0.064135 -0.597167 -0.799549
23.81800079 -45.94699860 317.44799805 -0.038562 -0.410889 -0.910870
23.51799965 -45.94699860 317.44500732 -0.024606 -0.376854 -0.925946
23.81800079 -45.64699936 317.28399658 -0.044542 -0.444068 -0.894885
23.51799965 -45.64699936 317.28698730 -0.063395 -0.408698 -0.910465
31.91799927 -51.16699982 323.11801147 0.459028 -0.824988 0.329680
32.21799850 -51.00600052 323.11801147 0.511187 -0.782100 0.356380
31.91799927 -51.05699921 323.41799927 0.503015 -0.808924 0.304332
32.21799850 -50.85300064 323.41799927 0.534504 -0.778481 0.329049
30.11800003 -51.59600067 322.81799316 0.271969 -0.955175 -0.116933
30.41799927 -51.53200150 322.81799316 0.171252 -0.984985 -0.021837
30.29700089 -52.54700089 322.51800537 0.512645 -0.774628 0.370333
34.23199844 -49.54700089 321.61801147 0.997388 -0.058922 0.041781
34.19400024 -49.24700165 321.31799316 0.997807 0.015805 -0.064273
34.19699860 -49.54700089 321.31799316 0.988013 -0.092810 -0.123355
34.20199966 -43.84700012 322.51800537 0.984521 -0.104583 -0.140646
34.15000153 -44.14699936 322.51800537 0.980288 0.015153 -0.196990
22.61800003 -45.04700089 317.38800049 -0.597735 0.029260 -0.801160
22.61800003 -45.34700012 317.41198730 -0.527515 -0.099179 -0.843737
24.71800041 -48.04700089 318.29901123 -0.428656 -0.632142 -0.645485
22.20400047 -45.64699936 323.41799927 -0.995410 -0.051810 -0.080471
22.24699974 -45.94699860 323.41799927 -0.997856 -0.062300 -0.020063
22.24699974 -45.64699936 323.11801147 -0.999274 -0.023670 -0.029844
22.24799919 -45.94699860 323.11801147 -0.998711 -0.050502 -0.005153
31.61800003 -50.74700165 319.30999756 -0.135689 -0.435635 -0.889837
32.21799850 -49.84700012 318.91101074 -0.049723 -0.417943 -0.907111
32.21799850 -49.24700165 318.68499756 -0.052053 -0.401745 -0.914271
32.21799850 -49.11500168 318.61801147 -0.049471 -0.410474 -0.910529
31.91799927 -49.24700165 318.69900513 -0.118964 -0.407276 -0.905524
32.21799850 -49.54700089 318.73498535 -0.056984 -0.372386 -0.926327
31.91799927 -49.54700089 318.82000732 -0.047888 -0.335213 -0.940925
33.92100143 -48.64699936 318.61801147 0.707942 -0.241236 -0.663794
33.71799850 -48.64699936 318.42800903 0.388885 -0.324327 -0.862311
33.71799850 -48.94699860 318.55700684 0.424190 -0.408183 -0.808362
34.06900024 -45.04700089 319.81799316 0.996990 0.077179 0.007401
34.12099838 -45.34700012 319.81799316 0.994744 0.072406 0.072406
34.05799866 -45.04700089 319.51800537 0.990606 0.122537 -0.060696
34.12599945 -45.34700012 319.51800537 0.996038 0.087032 -0.018266
34.01800156 -44.14699936 321.07199097 0.979337 0.079077 0.186135
34.02099991 -44.14699936 321.01800537 0.960258 0.080554 0.267236
34.16199875 -43.84700012 320.71798706 0.985342 -0.164418 0.045477
34.09700012 -44.14699936 320.71798706 0.998004 0.045702 0.043576
32.21799850 -47.44699860 317.89700317 -0.084656 -0.361469 -0.928533
31.91799927 -47.44699860 317.91000366 0.016613 -0.356531 -0.934136
32.21799850 -47.74700165 317.99600220 -0.035479 -0.387636 -0.921129
31.61800003 -46.84700012 317.64300537 0.006388 -0.376883 -0.926239
31.61800003 -47.14699936 317.76000977 0.113253 -0.358863 -0.926494
31.61800003 -47.04600143 317.71798706 0.111923 -0.330376 -0.937190
32.21799850 -46.84700012 317.63699341 -0.084469 -0.441734 -0.893161
31.91799927 -46.84700012 317.67800903 -0.038511 -0.407685 -0.912310
32.21799850 -47.14699936 317.77099609 -0.093954 -0.382624 -0.919115
31.91799927 -47.14699936 317.79901123 0.009001 -0.387064 -0.922009
32.51800156 -47.14699936 317.73400879 -0.077012 -0.390465 -0.917391
33.41799927 -46.84700012 317.61999512 0.173889 -0.357675 -0.917514
33.11800003 -46.84700012 317.62100220 0.040634 -0.373569 -0.926712
34.09199905 -44.74700165 321.91799927 0.995707 0.013994 -0.091497
34.09700012 -44.44699860 321.91799927 0.993294 0.012047 -0.114990
34.10499954 -44.74700165 322.21798706 0.992612 -0.048338 -0.111289
32.81800079 -46.84700012 317.60000610 0.011648 -0.397326 -0.917604
32.51800156 -46.84700012 317.60598755 -0.046813 -0.415968 -0.908174
34.13299942 -44.44699860 322.21798706 0.990532 -0.012229 -0.136740
32.81800079 -47.14699936 317.70599365 0.014226 -0.386688 -0.922101
22.19400024 -44.44699860 322.21798706 -0.999369 -0.033687 0.011229
22.20800018 -44.74700165 322.21798706 -0.999241 -0.037842 0.009205
22.19199944 -44.44699860 321.91799927 -0.999540 -0.023387 0.019320
22.20400047 -44.74700165 321.91799927 -0.999273 -0.033891 0.017459
34.15000153 -44.74700165 322.51800537 0.979971 -0.078737 -0.182912
34.22399902 -44.44699860 322.51800537 0.983624 -0.019649 -0.179156
34.22600174 -44.74700165 322.81799316 0.962442 -0.131183 -0.237688
22.30299950 -49.24700165 323.71798706 -0.973706 -0.212107 0.083106
22.32500076 -49.24700165 324.01800537 -0.933913 -0.309454 0.179012
22.49300003 -49.54700089 324.01800537 -0.706243 -0.652039 0.275801
22.43199921 -49.54700089 323.71798706 -0.876195 -0.471362 0.100501
26.21800041 -41.02700043 320.11801147 -0.556347 0.754231 -0.348731
25.91799927 -41.10300064 320.41799927 -0.510692 0.789251 -0.340995
26.28899956 -40.84700012 320.41799927 -0.564566 0.760797 -0.320082
25.91799927 -41.22100067 320.11801147 -0.509581 0.778123 -0.367222
25.31800079 -41.61800003 320.11801147 -0.462397 0.766304 -0.446058
25.61800003 -41.41500092 320.11801147 -0.498046 0.747891 -0.438872
25.31800079 -41.46900177 320.41799927 -0.520158 0.785839 -0.334502
25.61800003 -41.27799988 320.41799927 -0.503133 0.789259 -0.352032
26.21800041 -41.38100052 319.51800537 -0.661550 0.533616 -0.526883
25.91799927 -41.38999939 319.81799316 -0.526798 0.687346 -0.500040
26.21800041 -41.16299820 319.81799316 -0.575802 0.714390 -0.397617
26.51799965 -41.04600143 319.51800537 -0.596784 0.726874 -0.339858
26.81800079 -40.86000061 319.51800537 -0.505966 0.820443 -0.266216
26.51799965 -40.93799973 319.81799316 -0.541175 0.772419 -0.332413
26.81800079 -40.75000000 319.81799316 -0.482574 0.814838 -0.321188
26.75099945 -41.14699936 318.91799927 -0.618388 0.703232 -0.350800
26.81800079 -40.95600128 319.21798706 -0.555233 0.769645 -0.315219
26.51799965 -41.41799927 318.91799927 -0.791817 0.478961 -0.378976
26.51799965 -41.23899841 319.21798706 -0.651465 0.664593 -0.365936
27.17099953 -40.84700012 318.91799927 -0.525290 0.779100 -0.342161
27.11800003 -40.84700012 319.00201416 -0.525142 0.786915 -0.324024
27.41799927 -40.68099976 318.91799927 -0.433147 0.830067 -0.351243
27.11800003 -40.76499939 319.21798706 -0.529547 0.795111 -0.295598
26.93899918 -42.04700089 316.51800537 -0.604776 0.624991 -0.493591
26.51799965 -42.24200058 316.81799316 -0.525924 0.768658 -0.364101
26.81800079 -42.06700134 316.81799316 -0.591111 0.733626 -0.335233
26.84499931 -42.04700089 316.81799316 -0.580384 0.745285 -0.328184
27.11800003 -41.87699890 316.51800537 -0.548770 0.698890 -0.458699
27.41799927 -41.67499924 316.51800537 -0.392355 0.770057 -0.503061
27.11800003 -41.70299911 316.81799316 -0.571927 0.788918 -0.224741
27.41799927 -41.63299942 316.81799316 -0.477885 0.836685 -0.267554
28.31800079 -42.34700012 315.97799683 -0.029904 0.025780 -0.999220
28.61800003 -42.34700012 315.98800659 0.046355 -0.059291 -0.997164
26.81800079 -51.94699860 319.99200439 0.049458 -0.405021 -0.912969
26.81800079 -51.66999817 319.81799316 -0.080121 -0.397891 -0.913927
26.21800041 -51.49000168 324.91799927 -0.450763 -0.824026 0.343212
25.91799927 -51.29800034 324.91799927 -0.504050 -0.799801 0.325963
25.91799927 -51.17699814 325.21798706 -0.504570 -0.800628 0.323116
26.21800041 -51.34099960 325.21798706 -0.462939 -0.820018 0.336539
23.21800041 -50.44900131 323.11801147 -0.495904 -0.791200 0.357886
22.91799927 -50.24300003 323.11801147 -0.522184 -0.774385 0.357284
23.21800041 -50.33300018 323.41799927 -0.509211 -0.793348 0.333621
28.31800079 -52.24700165 320.08801270 -0.013928 -0.345672 -0.938252
22.91799927 -50.10900116 323.41799927 -0.536782 -0.772128 0.340123
22.61800003 -50.05500031 323.11801147 -0.628826 -0.715672 0.303959
22.41399956 -49.84700012 323.11801147 -0.874237 -0.446701 0.190180
22.61800003 -49.90700150 323.41799927 -0.703169 -0.655334 0.275846
29.10899925 -51.94699860 325.81799316 0.449340 -0.882889 0.136381
28.91799927 -52.08800125 325.51800537 0.378356 -0.868534 0.320148
29.21800041 -51.98099899 325.51800537 0.512807 -0.819562 0.255629
28.91799927 -52.06600189 325.81799316 0.316269 -0.940731 0.122470
28.91799927 -53.76599884 321.31799316 0.360512 -0.929881 -0.073167
24.11800003 -42.91299820 318.91799927 -0.454458 0.821825 -0.343615
24.41799927 -42.73099899 318.91799927 -0.395082 0.853687 -0.339306
24.11800003 -42.79600143 319.21798706 -0.474695 0.811267 -0.341336
24.41799927 -42.63700104 319.21798706 -0.364630 0.828704 -0.424612
32.51800156 -45.64699936 317.09100342 -0.006352 -0.364584 -0.931149
32.81800079 -45.64699936 317.09600830 0.061288 -0.335126 -0.940178
26.21800041 -45.02399826 317.11801147 -0.034295 -0.508938 -0.860120
26.21800041 -45.14300156 317.11801147 -0.164706 -0.453307 -0.876005
26.21800041 -44.77399826 316.81799316 0.012277 -0.552453 -0.833454
25.91799927 -45.04700089 317.05801392 0.001335 -0.503455 -0.864020
26.21800041 -45.34700012 317.07299805 0.204408 0.145271 -0.968046
25.91799927 -44.74700165 316.81799316 0.009439 -0.516454 -0.856263
26.21800041 -44.44699860 316.67898560 -0.078313 -0.343782 -0.935778
25.91799927 -44.44699860 316.71301270 -0.064602 -0.349378 -0.934752
25.61800003 -45.04700089 317.01400757 0.042774 -0.509147 -0.859616
25.31800079 -45.04700089 316.96301270 0.006397 -0.379970 -0.924977
25.61800003 -44.74700165 316.84100342 0.009155 -0.422438 -0.906345
25.31800079 -44.74700165 316.85501099 0.003854 -0.389260 -0.921120
25.61800003 -44.44699860 316.73999023 -0.037646 -0.356984 -0.933352
25.31800079 -44.44699860 316.75299072 -0.001275 -0.381263 -0.924466
25.01799965 -44.74700165 316.86599731 0.014246 -0.389812 -0.920784
24.71800041 -44.74700165 316.84500122 -0.041107 -0.404441 -0.913640
25.01799965 -44.44699860 316.72198486 0.040939 -0.394864 -0.917827
24.71800041 -44.44699860 316.70999146 -0.071181 -0.385451 -0.919979
24.71800041 -43.84700012 316.60198975 -0.306190 0.148332 -0.940343
25.01799965 -44.14699936 316.60299683 -0.045225 -0.339837 -0.939396
24.71800041 -44.14699936 316.58099365 -0.202643 -0.192047 -0.960236
24.41799927 -44.74700165 316.89001465 -0.091026 -0.381764 -0.919766
24.11800003 -44.74700165 316.89498901 -0.080048 -0.321505 -0.943518
24.41799927 -44.44699860 316.76699829 -0.182324 -0.307585 -0.933889
24.11800003 -44.44699860 316.79598999 -0.223217 -0.167743 -0.960227
24.11800003 -43.84700012 316.95199585 -0.471125 0.628725 -0.618665
24.41799927 -43.84700012 316.75000000 -0.450230 0.466602 -0.761298
24.41799927 -44.14699936 316.67098999 -0.353451 0.016588 -0.935306
24.11800003 -44.14699936 316.79299927 -0.407884 0.288727 -0.866180
24.11800003 -43.57600021 317.41799927 -0.566534 0.702767 -0.430300
24.11800003 -43.74300003 317.11801147 -0.516894 0.658325 -0.547201
23.81800079 -44.14699936 316.93301392 -0.381234 0.387510 -0.839343
24.11800003 -50.44699860 319.35101318 -0.006517 -0.423590 -0.905831
24.41799927 -50.74700165 319.50601196 -0.003866 -0.400748 -0.916180
24.11800003 -50.74700165 319.50399780 0.006473 -0.402643 -0.915334
28.01799965 -43.54700089 316.29598999 -0.040335 -0.357815 -0.932921
27.71800041 -43.54700089 316.27099609 -0.008843 -0.344872 -0.938608
28.01799965 -43.24700165 316.14498901 -0.048695 -0.369815 -0.927828
27.71800041 -43.24700165 316.16699219 -0.021838 -0.363537 -0.931324
24.11800003 -50.14699936 319.21798706 -0.030258 -0.403876 -0.914313
24.41799927 -49.84700012 319.07699585 -0.040693 -0.376734 -0.925427
24.11800003 -49.84700012 319.07998657 -0.032820 -0.389901 -0.920272
32.21799850 -52.02399826 320.41799927 0.536237 -0.842658 0.048749
31.91799927 -52.22000122 320.41799927 0.506050 -0.854951 -0.113897
32.21799850 -51.99100113 320.11801147 0.445610 -0.809765 -0.381723
31.91799927 -52.14699936 320.11801147 0.358455 -0.792458 -0.493478
32.81800079 -51.43099976 321.01800537 0.529317 -0.785180 0.321428
32.51800156 -51.67200089 321.01800537 0.509032 -0.800814 0.315568
32.81800079 -51.58800125 320.71798706 0.517038 -0.806202 0.287593
32.51800156 -51.76300049 320.71798706 0.507400 -0.820840 0.262234
32.81800079 -51.66799927 320.41799927 0.514095 -0.853028 0.089717
32.51800156 -51.82300186 320.41799927 0.502857 -0.860633 0.080288
32.81800079 -51.63800049 320.11801147 0.478766 -0.828093 -0.291626
32.51800156 -51.81100082 320.11801147 0.443373 -0.828365 -0.342391
24.26499939 -48.04700089 318.61801147 -0.117615 -0.449204 -0.885654
24.29400063 -48.34700012 318.61801147 0.240831 0.163658 -0.956670
33.11800003 -51.49700165 320.41799927 0.531989 -0.838065 0.120973
33.11800003 -51.45999908 320.11801147 0.467841 -0.834653 -0.290652
33.11800003 -51.36800003 320.71798706 0.513185 -0.799171 0.312995
33.41799927 -51.28099823 320.41799927 0.553194 -0.821678 0.137192
33.41799927 -51.29999924 320.11801147 0.545829 -0.805600 -0.230392
23.51799965 -48.04700089 318.31201172 0.003843 -0.383066 -0.923713
27.41799927 -52.07500076 325.21798706 -0.501046 -0.815181 0.290575
27.41799927 -52.18299866 324.91799927 -0.487610 -0.815840 0.310871
27.11800003 -52.01900101 324.91799927 -0.489914 -0.810182 0.321853
28.31800079 -42.94699860 316.00698853 -0.020160 -0.217012 -0.975961
28.61800003 -42.94699860 316.03201294 0.027100 -0.201479 -0.979118
28.31800079 -42.64699936 316.01000977 -0.013775 -0.075231 -0.997071
28.61800003 -42.64699936 315.99700928 0.045883 -0.050151 -0.997687
28.31800079 -43.24700165 316.13101196 -0.045572 -0.355463 -0.933579
28.61800003 -43.24700165 316.13299561 0.021579 -0.338910 -0.940571
28.31800079 -43.54700089 316.23800659 -0.032541 -0.370970 -0.928075
28.61800003 -43.54700089 316.23800659 0.006379 -0.373801 -0.927487
28.31800079 -44.14699936 316.51000977 0.014251 -0.395130 -0.918515
28.61800003 -44.14699936 316.50698853 -0.003880 -0.404815 -0.914390
28.31800079 -43.84700012 316.37500000 -0.022026 -0.382221 -0.923808
28.61800003 -43.84700012 316.38000488 0.001289 -0.406019 -0.913864
28.91799927 -44.14699936 316.50500488 0.011648 -0.397326 -0.917604
29.21800041 -44.14699936 316.51501465 0.006432 -0.392358 -0.919790
28.91799927 -43.84700012 316.37100220 0.011707 -0.404541 -0.914445
29.21800041 -43.84700012 316.38699341 -0.009086 -0.408890 -0.912538
22.20100021 -43.24700165 322.21798706 -0.981066 0.170989 -0.090952
22.18899918 -43.54700089 322.21798706 -0.997078 0.031125 -0.069763
22.25099945 -43.24700165 321.91799927 -0.973647 0.205700 -0.098487
22.21400070 -43.54700089 321.91799927 -0.996392 0.070782 -0.046825
22.30200005 -43.84700012 319.81799316 -0.832184 0.492517 -0.254750
22.21100044 -44.14699936 319.81799316 -0.953019 0.271723 -0.133873
22.24300003 -44.14699936 319.51800537 -0.940817 0.328560 -0.083130
22.61800003 -43.68799973 319.51800537 -0.623433 0.734478 -0.268092
22.43700027 -43.84700012 319.51800537 -0.781913 0.587592 -0.208202
22.28100014 -44.14699936 319.21798706 -0.831973 0.538508 -0.133527
22.31599998 -44.14699936 318.91799927 -0.772801 0.611864 -0.168528
22.20800018 -44.44699860 318.61801147 -0.924093 0.354352 -0.143130
22.16099930 -44.74700165 318.61801147 -0.982524 0.158316 -0.097890
22.28199959 -44.44699860 318.31799316 -0.814884 0.519974 -0.256107
22.19300079 -44.74700165 318.31799316 -0.950727 0.262223 -0.165402
22.25099945 -44.74700165 318.01800537 -0.912383 0.315769 -0.260473
27.11800003 -53.58000183 321.31799316 -0.481997 -0.867595 0.122298
27.41799927 -53.74300003 321.31799316 -0.358938 -0.930035 0.078726
27.11800003 -53.49599838 321.61801147 -0.499043 -0.813897 0.297537
27.41799927 -53.63899994 321.61801147 -0.386540 -0.874641 0.292558
27.11800003 -53.46900177 320.71798706 -0.185752 -0.750683 -0.634012
27.11800003 -53.56000137 321.01800537 -0.379550 -0.898318 -0.221282
27.41799927 -53.69400024 321.01800537 -0.228128 -0.893379 -0.387082
26.51799965 -53.25600052 321.31799316 -0.444805 -0.860765 0.247451
26.81800079 -53.38299942 321.31799316 -0.467788 -0.866220 0.175605
26.81800079 -53.28699875 321.61801147 -0.474489 -0.814090 0.334840
26.51799965 -53.12400055 321.61801147 -0.460994 -0.808734 0.365286
25.91799927 -52.91500092 321.31799316 -0.471811 -0.818964 0.326639
26.21800041 -53.10100174 321.31799316 -0.476356 -0.829328 0.292061
26.21800041 -52.92599869 321.61801147 -0.480840 -0.785210 0.390177
25.91799927 -52.74499893 321.61801147 -0.467169 -0.787236 0.402509
25.91799927 -52.60599899 321.91799927 -0.486777 -0.795229 0.361468
26.21800041 -52.78599930 321.91799927 -0.505377 -0.790955 0.344940
26.21800041 -52.68199921 322.21798706 -0.510503 -0.792160 0.334468
23.21800041 -44.74700165 317.07800293 -0.452516 0.056052 -0.889993
23.21800041 -44.44699860 317.11700439 -0.485535 0.360546 -0.796406
25.91799927 -52.47000122 322.21798706 -0.505928 -0.754798 0.417513
25.91799927 -52.24700165 322.45599365 -0.427989 -0.490302 0.759230
25.31800079 -52.25099945 321.91799927 -0.455620 -0.783147 0.423191
25.61800003 -52.43700027 321.91799927 -0.467257 -0.798030 0.380550
25.61800003 -52.28099823 322.21798706 -0.434477 -0.735142 0.520381
25.31800079 -52.11500168 322.21798706 -0.412658 -0.744757 0.524453
25.31800079 -51.94699860 322.39401245 -0.167329 -0.571331 0.803481
25.61800003 -51.64699936 322.45199585 -0.201568 -0.516803 0.832037
25.01799965 -52.09199905 321.91799927 -0.458560 -0.796447 0.394201
25.61800003 -51.94699860 322.56500244 -0.339353 -0.423800 0.839781
25.31800079 -51.64699936 322.54598999 -0.023809 -0.645634 0.763276
25.87199974 -51.64699936 322.51800537 -0.354891 -0.404919 0.842670
25.61800003 -51.50600052 322.51800537 -0.201568 -0.516803 0.832037
25.31800079 -51.36399841 322.81799316 -0.008960 -0.927997 0.372479
25.61800003 -51.45299911 322.81799316 -0.197839 -0.889541 0.411797
24.71800041 -51.90200043 321.91799927 -0.487451 -0.793114 0.365186
24.71800041 -51.76399994 322.21798706 -0.419363 -0.801771 0.425790
25.01799965 -51.92399979 322.21798706 -0.359851 -0.747384 0.558502
25.01799965 -51.69100189 322.51800537 -0.162852 -0.725985 0.668150
24.71800041 -51.58300018 322.51800537 -0.261648 -0.797477 0.543663
24.71800041 -51.40800095 322.81799316 -0.229075 -0.848034 0.477873
25.01799965 -51.37400055 322.81799316 -0.094637 -0.874333 0.476010
24.41799927 -51.47100067 322.51800537 -0.422581 -0.801779 0.422581
24.11800003 -51.25799942 322.51800537 -0.497474 -0.779429 0.380802
24.11800003 -51.12599945 322.81799316 -0.491882 -0.785399 0.375766
24.41799927 -51.32699966 322.81799316 -0.397019 -0.814766 0.422530
22.61800003 -49.77000046 323.71798706 -0.650783 -0.711247 0.265723
27.71800041 -52.77000046 324.01800537 -0.334787 -0.848647 0.409531
28.01799965 -52.89099884 324.01800537 -0.278014 -0.882130 0.380203
28.01799965 -52.99700165 323.71798706 -0.232792 -0.900422 0.367489
27.71800041 -52.90399933 323.71798706 -0.324513 -0.872986 0.364125
25.31800079 -42.87799835 317.11801147 -0.543936 0.784980 -0.296548
25.61800003 -42.63499832 317.11801147 -0.502563 0.815686 -0.286508
25.31800079 -42.77399826 317.41799927 -0.545818 0.786295 -0.289521
25.61800003 -42.56700134 317.41799927 -0.522327 0.800060 -0.295091
25.91799927 -42.48600006 317.11801147 -0.506930 0.783729 -0.358874
25.91799927 -42.38399887 317.41799927 -0.527267 0.796442 -0.296093
25.66600037 -42.94699860 316.51800537 -0.431674 0.598344 -0.675012
25.31800079 -42.92100143 316.81799316 -0.530606 0.725658 -0.438039
25.61800003 -42.82500076 316.81799316 -0.475884 0.792064 -0.382320
26.21800041 -42.28900146 317.11801147 -0.516930 0.772964 -0.367846
26.21800041 -42.12300110 317.41799927 -0.550508 0.763608 -0.337408
24.11800003 -49.24700165 318.88800049 0.080896 -0.338173 -0.937601
24.71800041 -48.55899811 318.61801147 -0.000978 -0.000978 -0.999999
24.41799927 -48.51699829 318.61801147 -0.000978 -0.000978 -0.999999
34.13800049 -45.34700012 322.51800537 0.991779 -0.014374 -0.127151
34.12900162 -45.04700089 322.51800537 0.986833 -0.035696 -0.157755
34.17599869 -45.34700012 322.81799316 0.977058 -0.039465 -0.209284
34.21500015 -45.04700089 322.81799316 0.963251 -0.038332 -0.265852
34.30199814 -45.34700012 323.11801147 0.954736 -0.100293 -0.280038
34.36999893 -45.94699860 323.41799927 0.865709 -0.036926 -0.499184
34.19300079 -45.94699860 323.11801147 0.942023 -0.042410 -0.332857
34.21900177 -45.64699936 323.11801147 0.946163 -0.068978 -0.316255
24.73200035 -48.04700089 318.31799316 -0.428656 -0.632142 -0.645485
24.87999916 -48.34700012 318.61801147 0.177383 -0.574599 -0.798981
34.36399841 -46.24700165 323.41799927 0.888578 -0.105615 -0.446401
34.31800079 -46.84700012 323.54800415 0.926130 -0.045978 -0.374393
34.41199875 -46.84700012 323.71798706 0.869012 -0.062569 -0.490818
34.31800079 -47.39799881 324.01800537 0.954738 -0.089385 -0.283701
34.31800079 -47.44699860 324.04400635 0.954738 -0.089385 -0.283701
22.61800003 -48.34700012 318.49700928 -0.276176 -0.359776 -0.891228
22.61800003 -48.04700089 318.33898926 -0.293104 -0.415870 -0.860896
22.31800079 -48.34700012 318.62600708 -0.713678 -0.268623 -0.646920
34.31900024 -48.34700012 324.31799316 0.976143 -0.067194 -0.206468
34.34899902 -48.04700089 324.31799316 0.969359 -0.070929 -0.235185
22.23999977 -48.04700089 318.61801147 -0.796041 -0.254921 -0.548940
22.24699974 -47.44699860 318.31799316 -0.781074 -0.252010 -0.571327
22.18799973 -47.74700165 318.61801147 -0.979355 -0.074028 -0.188104
22.19300079 -47.44699860 318.61801147 -0.984600 -0.087122 -0.151569
22.31800079 -47.74700165 318.39999390 -0.766252 -0.270163 -0.582983
22.18099976 -47.74700165 318.91799927 -0.990461 -0.058397 -0.124809
22.15999985 -47.44699860 318.91799927 -0.998801 -0.030204 -0.038536
22.17300034 -47.74700165 319.21798706 -0.999159 -0.039966 0.009223
22.15200043 -47.44699860 319.21798706 -0.999276 -0.033822 0.017423
29.81800079 -51.63600159 325.21798706 0.496583 -0.819283 0.286671
29.51799965 -51.86100006 325.21798706 0.544949 -0.797905 0.257641
30.04400063 -51.64699936 324.91799927 0.517223 -0.778252 0.356095
29.81800079 -51.77799988 324.91799927 0.496760 -0.797052 0.343419
29.51799965 -51.94400024 324.91799927 0.511352 -0.794906 0.326564
22.15999985 -47.14699936 318.91799927 -0.999701 -0.019206 -0.015162
22.16500092 -46.84700012 318.91799927 -0.999344 -0.033686 0.013270
22.15800095 -47.14699936 319.21798706 -0.999855 0.010987 0.012985
22.16500092 -46.84700012 319.21798706 -0.999756 -0.019129 0.011075
23.21800041 -49.64699936 324.91799927 -0.535062 -0.808022 0.246594
22.91799927 -49.45299911 324.91799927 -0.551442 -0.806427 0.213511
22.35099983 -50.44699860 321.61801147 -0.858346 -0.487328 0.160480
22.61800003 -50.71400070 321.61801147 -0.663437 -0.704605 0.251758
22.33399963 -50.44699860 321.31799316 -0.896857 -0.426605 0.116859
22.29299927 -50.44699860 320.71798706 -0.969821 -0.239084 0.047817
22.32699966 -50.44699860 321.01800537 -0.934156 -0.346132 0.086867
22.42900085 -50.74700165 321.01800537 -0.847486 -0.509667 0.148347
22.37800026 -50.74700165 320.71798706 -0.868170 -0.490705 0.074095
22.14900017 -46.54700089 318.91799927 -0.998620 -0.042873 0.030325
22.34399986 -50.44699860 319.81799316 -0.840818 -0.358561 -0.405534
22.61800003 -50.44699860 319.56298828 -0.521590 -0.452044 -0.723602
22.61800003 -50.74700165 319.77099609 -0.517082 -0.550768 -0.655195
22.12599945 -46.24700165 318.91799927 -0.999769 -0.013062 0.017081
22.14699936 -46.54700089 319.21798706 -0.998685 -0.048843 0.015588
22.14200020 -46.24700165 319.21798706 -0.999577 -0.017287 0.023388
22.91799927 -51.04700089 319.84899902 -0.350085 -0.597588 -0.721339
23.21800041 -51.04700089 319.75601196 -0.282554 -0.538274 -0.793993
23.81800079 -50.44699860 319.35598755 -0.019852 -0.432775 -0.901283
23.51799965 -50.44699860 319.36700439 -0.055848 -0.448149 -0.892212
23.81800079 -50.74700165 319.50500488 -0.035828 -0.415336 -0.908962
23.51799965 -51.34700012 319.83898926 -0.258952 -0.569694 -0.779995
23.81800079 -51.04700089 319.61801147 -0.069369 -0.414855 -0.907239
23.51799965 -51.04700089 319.65399170 -0.157417 -0.437589 -0.885288
23.81800079 -51.34700012 319.76199341 -0.149709 -0.543994 -0.825626
23.21800041 -50.74700165 319.56600952 -0.196750 -0.491124 -0.848579
22.91799927 -50.74700165 319.65899658 -0.252327 -0.515490 -0.818902
23.51799965 -50.74700165 319.52600098 -0.120865 -0.447912 -0.885870
22.14900017 -45.94699860 319.51800537 -0.997824 -0.030751 0.058321
22.12700081 -45.64699936 319.51800537 -0.998070 -0.030694 0.053978
22.17099953 -45.94699860 319.81799316 -0.998208 -0.022042 0.055631
22.15900040 -45.64699936 319.81799316 -0.998091 -0.026349 0.055859
22.36100006 -49.54700089 323.11801147 -0.942218 -0.291281 0.165469
22.37999916 -49.54700089 323.41799927 -0.903760 -0.393873 0.167575
22.28599930 -49.24700165 323.11801147 -0.991828 -0.112475 0.060214
22.30299950 -49.24700165 323.41799927 -0.986987 -0.150320 0.057098
22.16900063 -45.94699860 320.11801147 -0.999852 -0.016947 -0.002991
22.17000008 -45.64699936 320.11801147 -0.999844 -0.016947 0.004984
22.16500092 -45.94699860 320.41799927 -0.999730 -0.013115 0.019167
22.16300011 -45.64699936 320.41799927 -0.999794 -0.007020 0.019053
22.12700081 -45.34700012 319.51800537 -0.998936 0.003067 0.046010
22.13999939 -45.04700089 319.51800537 -0.999507 -0.003026 0.031266
22.15099907 -45.34700012 319.81799316 -0.998347 -0.007257 0.057019
22.14299965 -45.04700089 319.81799316 -0.998923 -0.005123 0.046104
22.16399956 -45.34700012 320.11801147 -0.999738 -0.015132 0.017150
22.16099930 -45.04700089 320.11801147 -0.999642 -0.013167 0.023295
22.16099930 -45.34700012 320.41799927 -0.999691 -0.009061 0.023155
22.15999985 -45.04700089 320.41799927 -0.999738 -0.017150 0.015132
31.61800003 -51.24700165 323.41799927 0.423858 -0.878948 0.218622
31.61800003 -51.29600143 323.11801147 0.345315 -0.896633 0.277141
22.15999985 -44.74700165 320.11801147 -0.999827 0.015012 0.011009
22.15800095 -44.44699860 320.11801147 -0.997559 0.068470 -0.013694
22.15299988 -44.74700165 320.41799927 -0.999880 -0.010966 0.010966
22.15999985 -44.44699860 320.41799927 -0.999371 0.035439 -0.001013
29.52799988 -52.24700165 323.41799927 0.885638 -0.461298 0.053385
22.17799950 -44.14699936 320.11801147 -0.983508 0.167684 -0.067787
22.27499962 -43.84700012 320.11801147 -0.900315 0.385434 -0.202171
22.18400002 -44.14699936 320.41799927 -0.991663 0.122692 -0.039396
22.21899986 -43.84700012 320.41799927 -0.964077 0.244540 -0.103706
22.15900040 -44.74700165 320.71798706 -0.998708 -0.030327 0.040785
22.16099930 -44.44699860 320.71798706 -0.999795 0.019015 0.007006
22.17900085 -44.74700165 321.01800537 -0.998813 -0.034442 0.034442
22.16399956 -44.44699860 321.01800537 -0.999507 -0.003026 0.031266
22.17300034 -44.14699936 320.71798706 -0.996839 0.077828 -0.015992
22.20499992 -43.84700012 320.71798706 -0.979922 0.195510 -0.039102
22.16699982 -44.14699936 321.01800537 -0.998800 0.048445 0.007215
22.20299911 -43.84700012 321.01800537 -0.986848 0.160491 -0.019350
22.61800003 -43.13199997 320.71798706 -0.641228 0.702605 -0.308500
22.40299988 -43.24700165 321.01800537 -0.836126 0.530477 -0.139599
22.61800003 -42.95000076 321.01800537 -0.653824 0.719677 -0.233621
22.27499962 -43.54700089 320.71798706 -0.868171 0.479438 -0.128138
22.28400040 -43.54700089 321.01800537 -0.955461 0.292539 -0.038922
30.41799927 -51.36800003 324.91799927 0.541890 -0.765117 0.347780
30.11800003 -51.59500122 324.91799927 0.517223 -0.778252 0.356095
31.61800003 -50.98199844 324.01800537 0.505377 -0.790955 0.344940
31.31800079 -51.20700073 324.01800537 0.489152 -0.812088 0.318187
31.61800003 -51.13899994 323.71798706 0.497247 -0.805445 0.322496
31.31800079 -51.29800034 323.71798706 0.414506 -0.878393 0.237929
33.11800003 -50.87500000 321.91799927 0.543239 -0.773996 0.325303
26.26899910 -41.44699860 319.21798706 -0.723237 0.527947 -0.445196
26.21800041 -41.74700165 319.26599121 -0.731740 0.324679 -0.599283
26.23100090 -41.74700165 319.21798706 -0.731740 0.324679 -0.599283
25.91799927 -41.74700165 319.45599365 -0.558300 0.422452 -0.714027
25.27000046 -42.34700012 319.21798706 -0.260374 0.765343 -0.588604
27.71800041 -44.14699936 316.51000977 -0.022088 -0.388485 -0.921190
28.01799965 -44.14699936 316.49700928 -0.009026 -0.393281 -0.919374
27.71800041 -43.84700012 316.38598633 -0.011403 -0.350962 -0.936320
28.01799965 -43.84700012 316.37298584 -0.021922 -0.367519 -0.929758
