88.01799774 -43.24700165 336.15200806 -0.224152 -0.088909 0.970490
87.71800232 -43.24700165 336.09201050 -0.242309 -0.157567 0.957319
88.01799774 -43.54700089 336.13900757 -0.278109 -0.078178 0.957363
87.71800232 -43.54700089 336.02099609 -0.999999 -0.000978 -0.000978
84.11799622 -42.64699936 335.07598877 -0.248102 -0.106697 0.962840
84.41799927 -42.94699860 335.09799194 -0.171146 -0.112045 0.978854
84.11799622 -42.94699860 335.05700684 -0.155291 -0.092693 0.983510
84.41799927 -43.24700165 335.07998657 -0.267681 0.046066 0.962406
84.11799622 -43.24700165 335.01901245 -0.139754 -0.032950 0.989638
84.11799622 -43.54700089 335.03698730 -0.180183 0.137342 0.973997
86.51799774 -31.49600029 343.51800537 -0.502732 -0.740087 0.446690
84.41799927 -42.64699936 335.14898682 -0.262873 -0.186599 0.946614
86.78399658 -31.54700089 343.81799316 -0.648440 -0.745176 0.155686
86.51799774 -31.31500053 343.81799316 -0.340817 -0.905432 0.253053
83.81800079 -43.24700165 334.89700317 -0.130746 0.165612 0.977486
83.51799774 -43.24700165 334.85699463 -0.052076 0.037197 0.997950
83.81800079 -43.54700089 335.01501465 -0.097208 0.183341 0.978231
83.51799774 -43.54700089 334.97698975 0.000978 0.999999 0.000978
97.53900146 -40.54700089 341.71798706 -0.995952 -0.064644 0.062452
97.42700195 -40.24700165 341.71798706 -0.814824 -0.419371 0.400237
86.81800079 -31.78700066 343.51800537 -0.405822 -0.787392 0.464028
97.54199982 -40.54700089 342.01800537 -0.945258 0.314210 -0.088084
97.62000275 -40.24700165 342.01800537 -0.951967 0.246407 0.181776
76.01799774 -46.47499847 341.41799927 0.999999 -0.000978 -0.000978
75.71800232 -46.28400040 341.41799927 0.999999 0.000978 0.000978
76.01799774 -46.51499939 341.11801147 0.541808 0.828213 0.143203
75.71800232 -46.32699966 341.11801147 0.549733 0.828226 0.108786
76.61799622 -46.81800079 341.41799927 0.336283 0.920877 0.197229
76.31800079 -46.73799896 341.41799927 0.367690 0.927853 -0.062388
76.61799622 -46.79700089 341.11801147 0.296249 0.952869 0.065406
76.31800079 -46.70399857 341.11801147 0.294532 0.949634 0.106982
76.31800079 -46.67399979 342.01800537 0.514477 0.839567 -0.174475
76.61799622 -46.96099854 342.01800537 0.344143 0.931771 0.115621
76.31800079 -46.66400146 341.71798706 0.999999 0.000978 0.000978
76.61799622 -46.92399979 341.71798706 0.999999 -0.000978 -0.000978
74.51799774 -44.65100098 339.61801147 -0.222861 -0.740272 0.634296
74.51799774 -44.39400101 339.31799316 0.000978 0.000978 0.999999
74.81800079 -44.74700165 339.61099243 0.230295 0.665818 0.709684
74.81800079 -44.45500183 339.31799316 0.226015 0.749746 0.621931
82.91799927 -30.93000031 338.41799927 -0.558242 -0.774540 0.297411
76.61799622 -44.65299988 338.71798706 0.220497 0.699022 0.680257
76.31800079 -44.55799866 338.71798706 0.000978 0.000978 0.999999
82.61799622 -45.31499863 336.91799927 0.268563 0.716698 0.643598
82.31800079 -45.34700012 337.09100342 0.286593 0.693267 0.661245
82.31800079 -45.18700027 336.91799927 0.999999 0.000978 0.000978
75.71800232 -44.29499817 338.71798706 0.300030 0.742855 0.598455
75.71800232 -44.44699860 338.90200806 0.268726 0.707592 0.653529
76.01799774 -44.42200089 338.71798706 0.318391 0.728905 0.606074
76.01799774 -44.67200089 339.01800537 0.306846 0.734181 0.605659
90.11799622 -43.54700089 336.73300171 -0.302413 -0.087713 0.949133
90.41799927 -43.54700089 336.81500244 -0.275028 -0.062103 0.959428
90.11799622 -43.24700165 336.76800537 -0.291673 -0.084261 0.952799
90.41799927 -43.24700165 336.86401367 -0.251133 -0.106892 0.962032
90.71800232 -43.54700089 336.90399170 -0.295276 -0.046889 0.954261
93.41799927 -43.54700089 338.82598877 -0.175067 -0.607406 0.774861
93.11799622 -43.24700165 338.82598877 -0.594493 -0.073058 0.800775
93.41799927 -43.30199814 339.01800537 -0.076384 -0.606745 0.791218
93.41799927 -43.24700165 339.05801392 -0.069759 -0.338267 0.938461
92.51799774 -34.70999908 346.51800537 -0.535713 -0.714836 0.449468
92.81800079 -34.90100098 346.51800537 -0.506408 -0.818044 0.272681
91.96800232 -34.54700089 345.61801147 -0.667842 -0.658045 0.347800
91.91799927 -34.79399872 345.01800537 -0.999999 -0.000978 -0.000978
92.21800232 -35.03300095 345.01800537 -0.999999 -0.000978 -0.000978
91.91799927 -34.93399811 344.71798706 -0.999999 -0.000978 -0.000978
91.61799622 -34.69800186 344.71798706 -0.458476 -0.809922 0.365823
90.71800232 -35.08700180 342.01800537 -0.491419 -0.806308 0.329203
89.81800079 -34.67399979 341.41799927 -0.536082 -0.801779 0.264134
89.81800079 -34.80899811 341.11801147 -0.521646 -0.781667 0.341879
89.51799774 -34.60499954 341.11801147 -0.488399 -0.799053 0.350687
89.51799774 -34.74800110 340.81799316 -0.522045 -0.790252 0.320890
89.81800079 -34.93500137 340.81799316 -0.530026 -0.814355 0.236426
89.81800079 -34.98199844 340.51800537 -0.586932 -0.799824 0.125666
90.04299927 -35.14699936 340.51800537 -0.754278 -0.491349 0.435477
89.51799774 -34.84899902 340.51800537 -0.999999 -0.000978 -0.000978
88.91799927 -34.80799866 339.61801147 -0.499608 -0.823342 0.269259
89.21800232 -34.99900055 339.61801147 -0.494328 -0.837144 0.234156
89.46900177 -35.14699936 339.61801147 -0.496833 -0.840209 0.217269
89.21800232 -35.08300018 339.31799316 -0.557471 -0.781723 0.279525
88.91799927 -34.88499832 339.31799316 -0.546328 -0.757077 0.358274
88.01799774 -34.61700058 338.41799927 -0.415099 -0.819064 0.396014
88.01799774 -34.76599884 338.11801147 -0.429175 -0.859877 0.276444
94.31800079 -41.46500015 353.11801147 -0.808133 0.519402 -0.277747
88.31800079 -35.00299835 337.81799316 -0.999999 -0.000978 -0.000978
89.21800232 -35.32199860 338.71798706 -0.999999 0.000978 0.000978
89.21800232 -35.21200180 339.01800537 -0.462712 -0.822775 0.330058
92.59899902 -45.04700089 351.01800537 0.000978 0.999999 0.000978
92.65899658 -45.04700089 350.71798706 0.000978 0.999999 0.000978
92.43199921 -45.04700089 351.61801147 0.000978 0.999999 0.000978
92.26200104 -45.34700012 351.61801147 -0.000978 0.999999 -0.000978
92.35299683 -45.34700012 351.31799316 0.000978 0.999999 0.000978
93.18699646 -45.04700089 348.61801147 0.000978 0.999999 0.000978
93.27999878 -45.04700089 348.31799316 0.000978 0.999999 0.000978
90.11799622 -35.49800110 339.91799927 -0.999999 -0.000978 -0.000978
90.49900055 -35.74700165 339.91799927 -0.504503 -0.816889 0.279585
90.41799927 -35.69699860 339.91799927 -0.504503 -0.816889 0.279585
90.41799927 -35.49700165 340.21798706 -0.223221 -0.811293 0.540349
90.11799622 -35.41500092 340.21798706 -0.158654 -0.982204 0.100521
93.58999634 -44.44699860 348.61801147 -0.000978 0.999999 -0.000978
93.37799835 -44.74700165 348.61801147 -0.000978 0.999999 -0.000978
93.62200165 -44.44699860 348.31799316 0.000978 0.999999 0.000978
93.46299744 -44.74700165 348.31799316 -0.000978 0.999999 -0.000978
90.11799622 -35.43700027 340.51800537 -0.968033 -0.250166 -0.018128
93.71099854 -44.44699860 348.01800537 -0.000978 0.999999 -0.000978
93.54599762 -44.74700165 348.01800537 -0.000978 0.999999 -0.000978
90.41799927 -35.44699860 340.63500977 -0.358688 -0.879315 0.313285
93.62400055 -44.74700165 347.71798706 -0.000978 0.999999 -0.000978
90.41799927 -35.39099884 340.81799316 -0.546800 -0.749197 0.373783
93.79599762 -44.44699860 347.71798706 0.000978 0.999999 0.000978
94.22299957 -43.84700012 347.41799927 0.000978 0.999999 0.000978
94.03900146 -44.14699936 347.41799927 -0.000978 0.999999 -0.000978
90.11799622 -35.13499832 340.81799316 -0.500606 -0.826077 0.258827
94.29399872 -43.84700012 347.11801147 0.000978 0.999999 0.000978
94.12500000 -44.14699936 347.11801147 0.000978 0.999999 0.000978
93.68599701 -44.74700165 347.41799927 -0.000978 0.999999 -0.000978
93.87000275 -44.44699860 347.41799927 -0.000978 0.999999 -0.000978
93.92600250 -44.44699860 347.11801147 0.000978 0.999999 0.000978
93.75599670 -44.74700165 347.11801147 -0.000978 0.999999 -0.000978
90.71800232 -35.26100159 341.71798706 -0.538373 -0.764717 0.354065
91.01799774 -35.44699860 341.71798706 -0.551231 -0.784991 0.282723
91.01799774 -35.35900116 342.01800537 -0.551335 -0.749750 0.365930
93.98799896 -44.44699860 346.81799316 0.000978 0.999999 0.000978
93.84799957 -44.74700165 346.81799316 -0.000978 0.999999 -0.000978
94.10099792 -44.44699860 346.51800537 -0.000978 0.999999 -0.000978
93.87100220 -44.74700165 346.51800537 -0.000978 0.999999 -0.000978
94.21900177 -44.14699936 346.81799316 -0.000978 0.999999 -0.000978
94.28700256 -44.14699936 346.51800537 -0.000978 0.999999 -0.000978
94.37699890 -43.84700012 346.81799316 0.000978 0.999999 0.000978
94.42500305 -43.84700012 346.51800537 0.000978 0.999999 0.000978
91.91799927 -35.62200165 342.91799927 -0.565420 -0.796517 0.214151
91.91799927 -35.54100037 343.21798706 -0.987713 -0.150981 0.040338
94.50700378 -43.84700012 346.21798706 -0.822055 0.494481 -0.282338
94.33499908 -44.14699936 346.21798706 0.000978 0.999999 0.000978
94.62999725 -43.84700012 345.91799927 -0.824810 0.506028 -0.252240
94.41899872 -44.14699936 345.91799927 -0.000978 0.999999 -0.000978
94.69100189 -43.84700012 345.61801147 0.000978 0.999999 0.000978
94.48899841 -44.14699936 345.61801147 -0.000978 0.999999 -0.000978
94.73500061 -43.84700012 345.31799316 0.000978 0.999999 0.000978
94.55599976 -44.14699936 345.31799316 0.000978 0.999999 0.000978
93.11799622 -35.57099915 345.31799316 -0.999999 -0.000978 -0.000978
93.41799927 -35.72399902 345.31799316 -0.418366 -0.809483 0.411955
93.11799622 -35.47900009 345.61801147 -0.208277 -0.935151 0.286556
93.41799927 -35.54600143 345.61801147 -0.212038 -0.952144 0.220141
95.09200287 -43.84700012 343.81799316 0.000978 0.999999 0.000978
94.93399811 -44.14699936 343.81799316 -0.000978 0.999999 -0.000978
95.17299652 -43.84700012 343.51800537 -0.000978 0.999999 -0.000978
94.98899841 -44.14699936 343.51800537 0.000978 0.999999 0.000978
95.94499969 -42.94699860 342.61801147 0.000978 0.999999 0.000978
96.03700256 -42.94699860 342.31799316 0.000978 0.999999 0.000978
95.78099823 -43.24700165 342.61801147 -0.000978 0.999999 -0.000978
95.58999634 -43.54700089 342.61801147 -0.000978 0.999999 -0.000978
95.86499786 -43.24700165 342.31799316 -0.000978 0.999999 -0.000978
95.63400269 -43.54700089 342.31799316 0.000978 0.999999 0.000978
96.11599731 -42.94699860 342.01800537 0.000978 0.999999 0.000978
95.93499756 -43.24700165 342.01800537 0.000978 0.999999 0.000978
95.72200012 -43.54700089 342.01800537 0.000978 0.999999 0.000978
96.01599884 -43.24700165 341.71798706 -0.000978 0.999999 -0.000978
95.81900024 -43.54700089 341.71798706 -0.000978 0.999999 -0.000978
96.27300262 -42.64699936 342.01800537 0.000978 0.999999 0.000978
96.33999634 -42.64699936 341.71798706 0.000978 0.999999 0.000978
96.19799805 -42.94699860 341.71798706 -0.000978 0.999999 -0.000978
96.58499908 -42.94699860 340.21798706 0.000978 0.999999 0.000978
96.63899994 -42.94699860 339.91799927 0.000978 0.999999 0.000978
96.73999786 -42.64699936 340.21798706 0.000978 0.999999 0.000978
96.79900360 -42.64699936 339.91799927 0.000978 0.999999 0.000978
96.88200378 -42.64699936 339.61801147 -0.000978 0.999999 -0.000978
96.93099976 -42.64699936 339.31799316 -0.000978 0.999999 -0.000978
96.74700165 -42.94699860 339.31799316 0.000978 0.999999 0.000978
97.19799805 -42.04700089 339.61801147 0.000978 0.999999 0.000978
97.04799652 -42.34700012 339.61801147 0.000978 0.999999 0.000978
97.18000031 -42.04700089 339.31799316 -0.945428 0.274215 0.175989
97.06900024 -42.34700012 339.31799316 -0.895011 0.434241 0.101928
97.08699799 -42.04700089 339.01800537 -0.917965 0.276112 0.284786
97.01799774 -42.27500153 339.01800537 -0.933250 0.279273 0.225945
96.99700165 -42.34700012 339.01800537 -0.933250 0.279273 0.225945
96.71800232 -42.34700012 338.73199463 -0.348577 0.061823 0.935239
82.01799774 -46.44400024 338.41799927 0.000978 0.000978 0.999999
81.71800232 -46.32899857 338.41799927 0.000978 0.000978 0.999999
82.01799774 -46.18899918 338.11801147 -0.000978 -0.000978 0.999999
81.71800232 -46.06499863 338.11801147 0.366594 0.887308 -0.279809
80.21800232 -44.14400101 336.61801147 0.294908 0.578658 0.760385
79.91799927 -43.99100113 336.61801147 0.417680 0.821066 -0.389093
80.21800232 -43.84500122 336.31799316 -0.000978 -0.000978 0.999999
79.91799927 -43.70600128 336.31799316 0.000978 0.000978 0.999999
79.31800079 -43.74399948 336.61801147 0.312722 0.821877 0.476154
79.61799622 -43.84700012 336.59899902 0.269331 0.655001 0.705999
79.61799622 -43.57300186 336.31799316 -0.000978 -0.000978 0.999999
77.51799774 -41.44699860 334.88500977 0.283696 0.668370 0.687603
77.81800079 -41.50600052 334.81799316 0.283711 0.684433 0.671610
77.81800079 -41.19900131 334.51800537 0.302653 0.590895 0.747826
77.51799774 -41.14699936 334.59799194 0.268563 0.716698 0.643598
77.21800232 -41.14699936 334.71301270 0.213377 0.724237 0.655707
77.21800232 -40.97000122 334.51800537 0.999999 -0.000978 -0.000978
76.91799927 -41.14699936 334.81100464 -0.000978 0.999999 -0.000978
87.11799622 -53.17100143 345.31799316 0.516930 0.772964 -0.367846
87.41799927 -53.36999893 345.31799316 0.485163 0.780479 -0.394296
87.41799927 -53.18899918 345.61801147 0.494414 0.779716 -0.384184
86.81800079 -52.62400055 345.91799927 0.500520 0.779126 -0.377415
86.81800079 -52.54800034 346.21798706 0.543216 0.796821 -0.264563
85.61799622 -51.58900070 346.51800537 0.430427 0.740466 -0.516182
85.61799622 -51.64699936 347.08401489 0.183624 0.948045 -0.259794
90.11799622 -33.91799927 344.41799927 -0.325794 -0.943635 0.058409
90.11799622 -33.93700027 344.11801147 -0.999999 -0.000978 -0.000978
90.41799927 -34.02199936 344.41799927 -0.315255 -0.907641 0.277131
90.41799927 -34.11399841 344.11801147 -0.999999 0.000978 0.000978
89.86699677 -33.64699936 344.41799927 -0.782789 -0.601798 0.158368
89.81800079 -33.60100174 344.11801147 -0.874319 0.437902 0.209302
89.51799774 -33.41899872 344.11801147 -0.449990 -0.859072 0.243934
89.21800232 -33.96400070 342.31799316 -0.999999 0.000978 0.000978
73.01799774 -42.92900085 345.61801147 0.611229 0.744588 -0.268306
88.61799622 -33.95100021 341.71798706 0.015102 0.017115 0.999739
88.91799927 -33.85400009 342.01800537 -0.500142 -0.804990 0.319138
88.61799622 -33.58000183 342.01800537 -0.402758 -0.876414 0.263980
88.31800079 -33.36199951 342.01800537 -0.999999 -0.000978 -0.000978
88.31800079 -33.47299957 341.71798706 -0.549395 -0.783720 0.289739
88.56600189 -33.64699936 341.71798706 -0.738980 -0.426271 0.521730
88.61799622 -33.94699860 341.72698975 0.015102 0.017115 0.999739
94.44499969 -41.44699860 352.81799316 -0.758938 0.572814 -0.309672
94.31800079 -41.62099838 352.81799316 -0.000978 -0.000978 -0.999999
94.61799622 -41.38800049 352.51800537 -0.818473 0.567302 -0.090941
94.57700348 -41.44699860 352.51800537 -0.818473 0.567302 -0.090941
83.51799774 -32.38399887 336.01800537 -0.391216 -0.741509 0.545083
83.81800079 -32.56999969 336.01800537 -0.451495 -0.753587 0.477764
83.81800079 -32.74700165 335.82800293 -0.999999 0.000978 0.000978
83.51799774 -32.74700165 335.62399292 -0.502649 -0.154775 0.850523
83.21800232 -32.25500107 336.01800537 -0.377417 -0.877608 0.295568
83.21800232 -32.35599899 335.71798706 -0.435639 -0.723856 0.535024
82.91799927 -32.19900131 335.71798706 -0.344625 -0.561431 0.752349
82.91799927 -31.88800049 336.01800537 -0.207611 -0.944563 0.254358
73.01799774 -43.00000000 345.31799316 0.999999 -0.000978 -0.000978
94.17199707 -42.04700089 352.21798706 0.000978 0.999999 0.000978
93.99800110 -42.34700012 352.21798706 -0.000978 0.999999 -0.000978
94.23400116 -42.04700089 351.91799927 -0.886698 0.436861 -0.151388
94.07800293 -42.34700012 351.91799927 0.000978 0.999999 0.000978
93.82299805 -42.64699936 352.21798706 -0.831408 0.511049 -0.218149
93.89499664 -42.64699936 351.91799927 -0.000978 0.999999 -0.000978
93.62899780 -42.94699860 352.21798706 0.000978 0.999999 0.000978
93.66100311 -42.94699860 351.91799927 -0.000978 0.999999 -0.000978
93.43499756 -43.24700165 352.21798706 0.000978 0.999999 0.000978
93.25700378 -43.54700089 352.21798706 -0.747743 0.644606 -0.159256
93.47899628 -43.24700165 351.91799927 -0.000978 0.999999 -0.000978
93.32099915 -43.54700089 351.91799927 0.000978 0.999999 0.000978
93.71800232 -43.16099930 351.31799316 -0.000978 -0.000978 -0.999999
93.56900024 -43.24700165 351.61801147 -0.000978 0.999999 -0.000978
93.40499878 -43.54700089 351.61801147 -0.816889 0.504503 -0.279585
93.67199707 -43.24700165 351.31799316 -0.844302 0.450811 -0.289696
93.52400208 -43.54700089 351.31799316 -0.819871 0.517245 -0.245498
93.20200348 -43.84700012 351.61801147 -0.000978 0.999999 -0.000978
93.29599762 -43.84700012 351.31799316 0.000978 0.999999 0.000978
93.58300018 -43.54700089 351.01800537 -0.000978 0.999999 -0.000978
93.60600281 -43.54700089 350.71798706 -0.933860 0.325957 -0.147162
93.35600281 -43.84700012 351.01800537 -0.000978 0.999999 -0.000978
93.13999939 -44.14699936 351.01800537 0.000978 0.999999 0.000978
93.41600037 -43.84700012 350.71798706 0.000978 0.999999 0.000978
93.20700073 -44.14699936 350.71798706 -0.000978 0.999999 -0.000978
93.18399811 -44.44699860 350.11801147 -0.000978 0.999999 -0.000978
93.02799988 -45.04700089 349.21798706 -0.000978 0.999999 -0.000978
92.85399628 -45.34700012 349.21798706 -0.000978 0.999999 -0.000978
93.10800171 -45.04700089 348.91799927 -0.000978 0.999999 -0.000978
92.93399811 -45.34700012 348.91799927 -0.000978 0.999999 -0.000978
92.88700104 -45.04700089 349.81799316 0.000978 0.999999 0.000978
92.67299652 -45.34700012 349.81799316 0.000978 0.999999 0.000978
92.95899963 -45.04700089 349.51800537 -0.000978 0.999999 -0.000978
92.76200104 -45.34700012 349.51800537 0.000978 0.999999 0.000978
92.57199860 -45.64699936 349.51800537 0.000978 0.999999 0.000978
92.49400330 -45.94699860 349.21798706 -0.000978 0.999999 -0.000978
92.68399811 -45.64699936 349.21798706 -0.000978 0.999999 -0.000978
92.77100372 -45.64699936 348.91799927 0.000978 0.999999 0.000978
92.57599640 -45.94699860 348.91799927 -0.000978 0.999999 -0.000978
92.52799988 -46.24700165 348.31799316 0.000978 0.999999 0.000978
92.47399902 -46.24700165 348.61801147 -0.000978 0.999999 -0.000978
92.26699829 -46.54700089 348.61801147 0.000978 0.999999 0.000978
92.34100342 -46.54700089 348.31799316 -0.000978 0.999999 -0.000978
92.08699799 -46.84700012 348.61801147 -0.000978 0.999999 -0.000978
91.91999817 -47.14699936 348.61801147 -0.000978 0.999999 -0.000978
92.14499664 -46.84700012 348.31799316 0.000978 0.999999 0.000978
91.95099640 -47.14699936 348.31799316 -0.000978 0.999999 -0.000978
92.42299652 -46.54700089 348.01800537 0.000978 0.999999 0.000978
92.50399780 -46.54700089 347.71798706 -0.000978 0.999999 -0.000978
76.61799622 -46.05699921 344.11801147 0.548768 0.742066 -0.384957
82.31800079 -29.85899925 340.51800537 -0.212059 -0.825352 0.523283
82.61799622 -29.93600082 340.51800537 -0.388179 -0.849628 0.357000
82.61799622 -29.80599976 340.81799316 -0.427471 -0.847170 0.315551
92.22899628 -46.84700012 348.01800537 -0.000978 0.999999 -0.000978
92.04399872 -47.14699936 348.01800537 0.000978 0.999999 0.000978
92.28700256 -46.84700012 347.71798706 0.000978 0.999999 0.000978
92.11900330 -47.14699936 347.71798706 -0.000978 0.999999 -0.000978
91.61199951 -48.04700089 347.41799927 -0.000978 0.999999 -0.000978
91.41999817 -48.34700012 347.41799927 0.000978 0.999999 0.000978
91.70500183 -48.04700089 347.11801147 0.000978 0.999999 0.000978
91.51000214 -48.34700012 347.11801147 -0.000978 0.999999 -0.000978
91.92500305 -47.44699860 347.71798706 0.000978 0.999999 0.000978
75.11799622 -42.92699814 337.51800537 0.073428 0.997136 0.018091
91.77899933 -47.74700165 347.41799927 0.000978 0.999999 0.000978
91.86699677 -47.74700165 347.11801147 -0.000978 0.999999 -0.000978
91.97100067 -47.44699860 347.41799927 0.000978 0.999999 0.000978
92.02600098 -47.44699860 347.11801147 0.000978 0.999999 0.000978
91.78299713 -48.04700089 346.81799316 -0.000978 0.999999 -0.000978
91.59500122 -48.34700012 346.81799316 -0.000978 0.999999 -0.000978
91.80500031 -48.04700089 346.51800537 0.000978 0.999999 0.000978
91.66699982 -48.34700012 346.51800537 0.000978 0.999999 0.000978
91.88999939 -48.04700089 346.21798706 -0.813964 0.510876 -0.276529
91.74299622 -48.34700012 346.21798706 0.000978 0.999999 0.000978
91.82199860 -48.34700012 345.91799927 -0.000978 0.999999 -0.000978
74.21800232 -45.05199814 342.31799316 0.577386 0.759718 -0.299089
73.91799927 -44.83100128 342.31799316 0.555399 0.764679 -0.326800
74.21800232 -44.94499969 342.61801147 0.999999 0.000978 0.000978
91.60600281 -48.64699936 346.21798706 -0.839452 0.495140 -0.223956
91.32900238 -48.94699860 346.21798706 0.000978 0.999999 0.000978
91.63099670 -48.64699936 345.91799927 -0.000978 0.999999 -0.000978
91.41600037 -48.94699860 345.91799927 0.000978 0.999999 0.000978
91.15399933 -49.24700165 346.21798706 0.000978 0.999999 0.000978
90.99199677 -49.54700089 346.21798706 0.000978 0.999999 0.000978
91.21499634 -49.24700165 345.91799927 -0.846220 0.465344 -0.259549
91.08699799 -49.54700089 345.91799927 -0.000978 0.999999 -0.000978
91.33799744 -49.24700165 345.61801147 -0.862708 0.433636 -0.260182
91.39600372 -49.24700165 345.31799316 0.000978 0.999999 0.000978
73.31800079 -43.14899826 345.61801147 0.518928 0.766192 -0.379029
73.61799622 -43.33599854 345.61801147 0.508900 0.780313 -0.363500
73.61799622 -43.46900177 345.31799316 0.498973 0.798675 -0.336368
73.31800079 -43.28300095 345.31799316 0.568459 0.786498 -0.241401
83.51799774 -42.34700012 334.90798950 -0.322963 0.016337 0.946270
83.81800079 -42.34700012 335.01998901 -0.337516 -0.034650 0.940682
83.51799774 -42.04700089 334.89801025 -0.308263 -0.076741 0.948201
83.81800079 -42.04700089 335.01599121 -0.318983 -0.044837 0.946699
73.31800079 -43.33200073 345.01800537 0.999999 0.000978 0.000978
73.31800079 -43.43600082 344.71798706 0.576838 0.748111 -0.328006
93.41799927 -42.94699860 339.14599609 -0.173213 -0.276867 0.945168
93.11799622 -42.94699860 339.09100342 -0.000978 -0.999999 -0.000978
93.13300323 -42.94699860 338.71798706 -0.640651 -0.731502 0.233391
92.76999664 -42.94699860 339.01800537 -0.729764 -0.617492 -0.293509
92.59400177 -42.64699936 338.71798706 -0.106833 -0.050605 0.992988
92.81800079 -42.94699860 338.89898682 -0.729764 -0.617492 -0.293509
92.81800079 -42.86100006 338.71798706 -0.622590 0.286487 0.728222
96.35399628 -39.34700012 349.81799316 -0.000978 0.999999 -0.000978
96.68599701 -39.04700089 349.51800537 -0.000978 0.999999 -0.000978
96.41799927 -39.34700012 349.64801025 0.000978 0.999999 0.000978
96.47200012 -39.34700012 349.51800537 -0.000978 0.999999 -0.000978
78.71800232 -39.34700012 333.67800903 -0.300177 -0.033911 0.953281
79.01799774 -39.34700012 333.78399658 -0.338266 -0.061384 0.939047
78.71800232 -39.04700089 333.73300171 -0.297061 -0.121222 0.947132
79.01799774 -39.04700089 333.82000732 -0.275339 -0.038622 0.960571
73.61799622 -44.61600113 342.31799316 0.544589 0.772706 -0.326111
73.31800079 -44.40900040 342.31799316 0.459742 0.823112 -0.333352
73.61799622 -44.50199890 342.61801147 0.549469 0.788779 -0.275522
73.31800079 -44.28900146 342.61801147 0.495732 0.813631 -0.303734
78.71800232 -38.74700165 333.75399780 -0.042147 -0.135552 0.989873
79.01799774 -38.74700165 333.80801392 -0.253348 -0.118229 0.960123
78.71800232 -38.44699860 333.81399536 -0.089958 -0.239465 0.966729
79.01799774 -38.44699860 333.89300537 -0.296214 -0.190523 0.935926
73.01799774 -44.13700104 342.61801147 0.426310 0.799533 -0.423093
86.21800232 -30.94700050 344.48001099 -0.999999 0.000978 0.000978
85.91799927 -30.65299988 344.41799927 -0.472933 -0.810515 0.345544
85.91799927 -30.81299973 344.11801147 -0.561909 -0.735561 0.378429
85.31800079 -30.43899918 343.81799316 -0.557639 -0.816383 0.150191
85.61799622 -30.72400093 343.81799316 -0.999999 0.000978 0.000978
85.31800079 -30.57600021 343.51800537 -0.362331 -0.850624 0.380992
85.61799622 -30.86700058 343.51800537 -0.566746 -0.767901 0.298540
96.26799774 -39.34700012 350.11801147 -0.921886 0.282444 -0.265239
84.11799622 -30.21299934 342.61801147 -0.999999 -0.000978 -0.000978
84.11799622 -30.28300095 342.31799316 -0.999999 -0.000978 -0.000978
81.11799622 -48.31200027 340.81799316 0.322477 0.678984 0.659538
81.11799622 -48.07400131 340.51800537 0.273574 0.567706 0.776445
81.41799927 -48.64699936 341.06100464 0.285384 0.754116 0.591494
81.41799927 -48.45700073 340.81799316 0.357163 0.735528 0.575702
85.91799927 -31.16900063 343.21798706 -0.570300 -0.765192 0.298728
73.61799622 -43.58900070 345.01800537 0.462712 0.822775 -0.330058
73.61799622 -43.70899963 344.71798706 0.515521 0.797867 -0.312485
86.21800232 -31.41399956 343.21798706 -0.999999 -0.000978 -0.000978
84.71800232 -36.34700012 335.65899658 -0.250261 -0.087655 0.964202
84.71800232 -36.04700089 335.70199585 -0.289885 -0.089695 0.952849
87.71800232 -53.39500046 345.61801147 0.595992 0.757242 -0.267169
88.01799774 -53.63100052 345.61801147 0.999999 -0.000978 -0.000978
88.01799774 -53.72000122 345.31799316 0.330026 0.905004 -0.268421
87.71800232 -53.54299927 345.31799316 0.467257 0.798030 -0.380550
88.01799774 -53.85800171 345.01800537 -0.296931 0.954860 -0.008625
88.01799774 -53.86100006 344.71798706 0.226973 0.971148 0.073177
87.71800232 -53.75400162 344.71798706 0.383656 0.912061 -0.144749
86.21800232 -31.54199982 342.91799927 -0.552103 -0.783068 0.286334
85.91799927 -31.30500031 342.91799927 -0.531712 -0.770902 0.350704
91.92299652 -45.34700012 353.11801147 -0.000978 0.999999 -0.000978
92.11499786 -45.04700089 353.11801147 -0.847758 0.456958 -0.269251
91.98999786 -45.04700089 353.41799927 -0.830933 0.497943 -0.248201
90.41799927 -49.84700012 338.49301147 0.319115 0.707885 0.630131
90.41799927 -50.04700089 338.71798706 0.227057 0.728147 0.646720
90.71800232 -50.14099884 338.71798706 0.277787 0.753992 0.595257
73.91799927 -43.75799942 345.01800537 0.504050 0.799801 -0.325963
74.21800232 -43.96500015 345.01800537 0.573444 0.747901 -0.334375
74.21800232 -44.13100052 344.71798706 0.540184 0.749078 -0.383515
73.91799927 -43.90100098 344.71798706 0.541155 0.767309 -0.344077
88.09700012 -50.74700165 352.81799316 0.606189 0.780675 -0.151923
87.71800232 -50.52700043 352.81799316 0.352994 0.872551 -0.337712
87.71800232 -50.64300156 352.51800537 0.343582 0.861266 -0.374396
81.71800232 -48.20199966 348.01800537 0.521272 0.768105 -0.371873
81.71800232 -47.26599884 350.41799927 0.999999 0.000978 0.000978
82.01799774 -47.50299835 350.41799927 0.999999 0.000978 0.000978
81.71800232 -47.35599899 350.11801147 0.999999 0.000978 0.000978
82.01799774 -47.60699844 350.11801147 0.999999 -0.000978 -0.000978
81.41799927 -47.26699829 349.81799316 0.545547 0.767628 -0.336340
81.41799927 -47.35400009 349.51800537 0.999999 0.000978 0.000978
82.01799774 -47.70899963 349.81799316 0.999999 0.000978 0.000978
81.71800232 -47.48099899 349.81799316 0.564313 0.765740 -0.308534
81.71800232 -47.59899902 349.51800537 0.493075 0.806995 -0.325017
82.01799774 -47.78400040 349.51800537 0.999999 -0.000978 -0.000978
82.31800079 -47.90800095 349.81799316 0.999999 0.000978 0.000978
82.61799622 -48.14799881 349.81799316 0.999999 0.000978 0.000978
82.31800079 -47.98699951 349.51800537 0.566176 0.782610 -0.258779
82.61799622 -48.24900055 349.51800537 0.999999 0.000978 0.000978
82.31800079 -48.10699844 349.21798706 0.548608 0.775728 -0.311891
82.31800079 -48.22800064 348.91799927 0.604030 0.755431 -0.253913
82.61799622 -48.35599899 349.21798706 0.999999 -0.000978 -0.000978
82.61799622 -48.45399857 348.91799927 0.574206 0.745659 -0.338054
82.91799927 -48.58000183 349.21798706 0.560952 0.773891 -0.293983
83.21800232 -48.79000092 349.21798706 0.999999 0.000978 0.000978
83.21800232 -48.89199829 348.91799927 0.565032 0.771946 -0.291270
82.91799927 -48.68700027 348.91799927 0.999999 0.000978 0.000978
83.81800079 -49.60599899 348.31799316 0.297784 0.919248 -0.257504
85.91799927 -49.61899948 347.71798706 0.012419 0.608529 -0.793434
85.91799927 -49.84700012 347.55200195 0.443306 0.505930 -0.739942
85.91799927 -50.05899811 347.41799927 0.433626 0.482715 -0.760890
85.91799927 -51.60900116 346.81799316 0.999999 0.000978 0.000978
86.21800232 -51.89099884 346.81799316 0.999999 -0.000978 -0.000978
85.91799927 -51.73400116 346.51800537 0.430514 0.811414 -0.395304
85.96800232 -51.64699936 347.41799927 0.421439 0.906811 0.009133
86.21800232 -51.80799866 347.41799927 0.537606 0.833509 -0.127443
85.91799927 -51.64699936 347.29598999 0.543876 0.808881 -0.223405
86.21800232 -51.85400009 347.11801147 0.999999 0.000978 0.000978
85.91799927 -51.69599915 347.11801147 -0.015681 0.998341 0.055405
87.11799622 -52.74200058 346.21798706 0.999999 -0.000978 -0.000978
87.41799927 -52.96300125 346.21798706 0.999999 0.000978 0.000978
87.11799622 -52.80199814 345.91799927 0.582692 0.738509 -0.339227
87.41799927 -53.07600021 345.91799927 0.000000 0.000000 0.000000
88.01799774 -53.41299820 346.21798706 0.292972 0.896763 -0.331639
87.71800232 -53.21599960 346.21798706 0.528528 0.787204 -0.317756
87.71800232 -53.33200073 345.91799927 0.586398 0.776160 -0.231759
88.01799774 -53.54000092 345.91799927 0.311779 0.908988 -0.276649
82.91799927 -29.09600067 343.21798706 -0.573056 -0.756048 0.316224
90.01899719 -50.14699936 348.61801147 0.000978 0.999999 0.000978
90.11699677 -50.14699936 348.31799316 -0.000978 0.999999 -0.000978
90.19999695 -49.84700012 348.61801147 0.000978 0.999999 0.000978
90.30100250 -49.84700012 348.31799316 -0.000978 0.999999 -0.000978
78.11799622 -45.19800186 338.71798706 -0.000978 -0.000978 0.999999
78.41799927 -45.33700180 338.71798706 0.000978 0.000978 0.999999
78.71800232 -44.90200043 338.11801147 0.029613 0.097614 0.994784
79.01799774 -45.04700089 338.12298584 0.073853 0.187658 0.979454
78.71800232 -45.17900085 338.41799927 0.000978 0.000978 0.999999
90.64800262 -49.84700012 346.81799316 -0.000978 0.999999 -0.000978
79.01799774 -45.29199982 338.41799927 0.000978 0.000978 0.999999
90.41600037 -50.14699936 346.81799316 -0.785589 0.541183 -0.299952
90.57099915 -50.14699936 346.51800537 -0.799171 0.513185 -0.312995
90.73999786 -49.84700012 346.51800537 -0.000978 0.999999 -0.000978
91.01999664 -49.24700165 346.81799316 0.000978 0.999999 0.000978
92.01799774 -50.44699860 339.91799927 -0.000978 0.999999 -0.000978
90.81600189 -49.54700089 346.81799316 -0.822857 0.511005 -0.248555
91.11499786 -49.24700165 346.51800537 -0.000978 0.999999 -0.000978
73.91799927 -44.02600098 344.41799927 0.518047 0.800042 -0.302590
90.93900299 -49.54700089 346.51800537 -0.821496 0.516325 -0.241979
79.31800079 -44.87799835 337.81799316 0.000978 0.000978 0.999999
79.61799622 -44.99100113 337.81799316 0.271920 0.723530 0.634480
90.80899811 -49.84700012 346.21798706 -0.000978 0.999999 -0.000978
90.91400146 -49.84700012 345.91799927 0.000978 0.999999 0.000978
90.73600006 -50.14699936 345.91799927 -0.000978 0.999999 -0.000978
93.11799622 -48.64699936 337.24398804 -0.209123 0.008178 0.977855
82.61799622 -48.62699890 348.61801147 0.512864 0.790865 -0.333921
79.91799927 -44.83599854 337.51800537 0.234047 0.724132 0.648734
79.91799927 -45.04700089 337.75299072 0.272685 0.715997 0.642644
80.21800232 -44.95100021 337.51800537 0.000978 0.000978 0.999999
80.21800232 -45.34700012 337.94799805 0.251758 0.704605 0.663437
82.31800079 -48.47800064 348.31799316 0.548122 0.744464 -0.381231
80.51799774 -45.05599976 337.51800537 0.000978 0.000978 0.999999
80.81800079 -45.20199966 337.51800537 -0.000978 -0.000978 0.999999
82.61799622 -48.70600128 348.31799316 0.999999 0.000978 0.000978
80.51799774 -45.34199905 337.81799316 0.280160 0.680389 0.677187
91.83399963 -48.64699936 345.01800537 0.000978 0.999999 0.000978
91.65399933 -48.94699860 345.01800537 -0.000978 0.999999 -0.000978
91.74099731 -48.94699860 344.71798706 0.000978 0.999999 0.000978
73.91799927 -44.12699890 344.11801147 0.565639 0.750403 -0.341976
81.11799622 -44.19400024 336.31799316 0.265852 0.702042 0.660651
81.41799927 -44.31000137 336.31799316 0.202847 0.710738 0.673576
81.11799622 -44.46099854 336.61801147 0.000978 0.000978 0.999999
81.41799927 -44.56999969 336.61801147 -0.000978 -0.000978 0.999999
84.71800232 -44.14699936 335.24200439 -0.170509 0.170509 0.970491
85.01799774 -44.14699936 335.28298950 -0.171291 0.153527 0.973185
84.71800232 -43.84700012 335.17098999 -0.174170 0.091348 0.980469
85.01799774 -43.84700012 335.24099731 -0.289572 -0.036353 0.956466
91.83000183 -48.94699860 344.41799927 -0.000978 0.999999 -0.000978
91.88800049 -48.94699860 344.11801147 0.000978 0.999999 0.000978
92.02200317 -48.64699936 344.41799927 -0.000978 0.999999 -0.000978
92.08200073 -48.64699936 344.11801147 -0.000978 0.999999 -0.000978
92.50800323 -48.64699936 342.61801147 -0.000978 0.999999 -0.000978
92.26899719 -48.94699860 342.61801147 0.000978 0.999999 0.000978
92.33499908 -48.94699860 342.31799316 -0.000978 0.999999 -0.000978
92.52899933 -48.64699936 342.31799316 0.000978 0.999999 0.000978
92.40799713 -48.94699860 342.01800537 0.000978 0.999999 0.000978
92.45099640 -48.94699860 341.71798706 -0.000978 0.999999 -0.000978
92.98600006 -48.04700089 342.01800537 -0.000978 0.999999 -0.000978
92.78500366 -48.34700012 342.01800537 0.000978 0.999999 0.000978
93.04799652 -48.04700089 341.71798706 0.000978 0.999999 0.000978
92.85500336 -48.34700012 341.71798706 -0.000978 0.999999 -0.000978
92.59500122 -48.64699936 342.01800537 -0.000978 0.999999 -0.000978
92.64499664 -48.64699936 341.71798706 0.000978 0.999999 0.000978
93.09100342 -48.04700089 341.41799927 -0.000978 0.999999 -0.000978
92.91100311 -48.34700012 341.41799927 0.000978 0.999999 0.000978
93.00199890 -48.34700012 341.11801147 -0.000978 0.999999 -0.000978
93.16500092 -48.04700089 341.11801147 -0.000978 0.999999 -0.000978
93.07099915 -48.34700012 340.81799316 -0.000978 0.999999 -0.000978
93.10600281 -48.34700012 340.51800537 0.000978 0.999999 0.000978
87.71800232 -51.26200104 351.01800537 0.431138 0.845156 -0.315961
89.82199860 -49.24700165 351.61801147 0.000978 0.999999 0.000978
89.70200348 -49.54700089 351.61801147 0.000978 0.999999 0.000978
89.93499756 -49.24700165 351.31799316 -0.000978 0.999999 -0.000978
89.75900269 -49.54700089 351.31799316 0.000978 0.999999 0.000978
81.71800232 -45.34700012 337.35400391 0.999999 -0.000978 -0.000978
81.71800232 -45.18799973 337.21798706 0.287076 0.704058 0.649530
81.71800232 -44.91799927 336.91799927 -0.000978 -0.000978 0.999999
82.01799774 -45.06499863 336.91799927 0.321748 0.716252 0.619243
95.36199951 -42.94699860 345.01800537 0.000978 0.999999 0.000978
95.44000244 -42.94699860 344.71798706 -0.000978 0.999999 -0.000978
77.51799774 -40.84000015 334.21798706 0.279559 0.723658 0.631004
77.81800079 -40.95600128 334.21798706 0.000978 0.000978 0.999999
77.81800079 -40.71200180 333.91799927 0.156513 0.553013 0.818340
78.41799927 -40.84700012 333.88900757 0.177109 0.255524 0.950442
74.21800232 -44.27099991 344.41799927 0.530881 0.793944 -0.296342
74.21800232 -44.35599899 344.11801147 0.616624 0.731941 -0.289893
95.55599976 -42.64699936 345.01800537 -0.000978 0.999999 -0.000978
95.61199951 -42.64699936 344.71798706 0.000978 0.999999 0.000978
74.81800079 -44.40700150 345.01800537 0.564265 0.751814 -0.341146
74.51799774 -44.20399857 345.01800537 0.534024 0.769576 -0.350101
74.51799774 -44.33300018 344.71798706 0.522280 0.787412 -0.327423
74.81800079 -44.57500076 344.71798706 0.594195 0.739121 -0.317226
95.69699860 -42.64699936 344.41799927 0.000978 0.999999 0.000978
95.52500153 -42.94699860 344.41799927 0.000978 0.999999 0.000978
95.78900146 -42.64699936 344.11801147 -0.000978 0.999999 -0.000978
95.62100220 -42.94699860 344.11801147 -0.000978 0.999999 -0.000978
86.21800232 -31.63299942 342.61801147 -0.999999 0.000978 0.000978
74.54000092 -45.64699936 340.81799316 0.541524 0.817595 -0.195677
74.81800079 -45.83100128 340.81799316 0.480963 0.868605 0.119164
74.81800079 -45.68000031 340.51800537 -0.014596 0.893001 0.449818
79.91799927 -48.95500183 342.01800537 0.247871 0.968733 0.010777
96.02400208 -42.34700012 343.81799316 -0.000978 0.999999 -0.000978
96.09999847 -42.34700012 343.51800537 0.000978 0.999999 0.000978
75.41799927 -45.82899857 340.51800537 0.265669 0.714285 0.647470
75.11799622 -45.67499924 340.51800537 0.199513 0.737734 0.644937
96.05500031 -42.04700089 344.41799927 -0.000978 0.999999 -0.000978
95.88300323 -42.34700012 344.41799927 -0.000978 0.999999 -0.000978
86.21800232 -31.69799995 342.31799316 -0.528528 -0.787204 0.317756
95.96700287 -42.34700012 344.11801147 0.000978 0.999999 0.000978
91.61799622 -50.22700119 338.41799927 -0.000978 -0.000978 0.999999
96.15200043 -42.04700089 344.11801147 0.000978 0.999999 0.000978
92.21800232 -39.64699936 337.63800049 -0.318104 -0.052803 0.946584
91.91799927 -39.64699936 337.54000854 -0.312608 -0.057890 0.948116
92.21800232 -39.94699860 337.63000488 -0.290361 -0.078720 0.953674
91.91799927 -39.94699860 337.54400635 -0.299287 -0.087564 0.950137
86.81800079 -52.79600143 343.21798706 0.310672 0.742072 0.593980
86.51799774 -52.65499878 343.21798706 0.372397 0.785097 0.494917
91.61799622 -38.44699860 337.51300049 -0.346916 -0.089743 0.933593
91.31800079 -38.44699860 337.42898560 -0.224647 -0.091616 0.970124
91.31800079 -38.74700165 337.43099976 -0.261790 -0.045906 0.964032
91.61799622 -38.74700165 337.52301025 -0.255785 -0.008406 0.966697
91.01799774 -38.44699860 337.37399292 -0.230551 -0.005912 0.973042
90.71800232 -38.44699860 337.28698730 -0.289468 0.013550 0.957092
91.01799774 -38.74700165 337.35998535 -0.245622 -0.079355 0.966112
90.71800232 -38.74700165 337.27899170 -0.293501 -0.076285 0.952910
90.41799927 -37.84700012 337.21701050 -0.247073 -0.098573 0.963970
90.11799622 -37.84700012 337.14700317 -0.192961 -0.089721 0.977096
90.41799927 -38.14699936 337.20901489 -0.229464 -0.040065 0.972492
90.11799622 -38.14699936 337.12799072 -0.171978 -0.060489 0.983242
87.11799622 -36.94699860 336.29400635 -0.287743 -0.067779 0.955306
74.81800079 -44.66500092 344.41799927 0.575160 0.768465 -0.280450
86.81800079 -36.04700089 336.29699707 -0.192709 -0.122175 0.973620
86.51799774 -36.04700089 336.23699951 -0.257600 -0.077407 0.963146
74.51799774 -44.45299911 344.41799927 0.514150 0.781702 -0.352975
86.81800079 -36.34700012 336.25799561 -0.268979 -0.091376 0.958802
86.51799774 -36.34700012 336.18798828 -0.268977 -0.102653 0.957661
74.51799774 -44.60400009 344.11801147 0.544462 0.777575 -0.314543
85.01799774 -34.24700165 335.92300415 -0.308152 -0.049867 0.950029
84.71800232 -34.24700165 335.83599854 -0.271957 -0.013415 0.962216
85.01799774 -34.54700089 335.91000366 -0.260066 -0.061562 0.963626
84.71800232 -34.54700089 335.84600830 -0.271226 -0.128336 0.953922
84.11799622 -34.24700165 335.67401123 -0.302794 -0.076673 0.949967
84.11799622 -34.54700089 335.61499023 -0.291148 -0.168128 0.941789
84.41799927 -34.24700165 335.75299072 -0.261145 -0.028199 0.964888
84.41799927 -34.54700089 335.74099731 -0.404906 -0.161676 0.899951
83.21800232 -33.04700089 335.52700806 -0.288905 0.033768 0.956762
83.21800232 -33.34700012 335.49499512 -0.125184 -0.167325 0.977922
82.91799927 -33.04700089 335.39801025 -0.999999 -0.000978 -0.000978
82.91799927 -33.34700012 335.37100220 -0.999999 0.000978 0.000978
96.20099640 -42.04700089 343.81799316 0.000978 0.999999 0.000978
96.26100159 -42.04700089 343.51800537 0.000978 0.999999 0.000978
82.61799622 -32.44699860 335.33599854 -0.269608 -0.080499 0.959600
82.31800079 -32.44699860 335.25201416 -0.239253 -0.120273 0.963479
82.61799622 -32.74700165 335.31100464 -0.259340 -0.085595 0.961986
82.31800079 -32.74700165 335.22900391 -0.263022 -0.074968 0.961873
82.61799622 -33.04700089 335.28298950 -0.250818 -0.090396 0.963804
82.31800079 -33.04700089 335.20498657 -0.255750 -0.082705 0.963199
82.61799622 -33.34700012 335.25500488 -0.259968 -0.077356 0.962514
82.31800079 -33.34700012 335.17700195 -0.270041 -0.122506 0.955024
84.11799622 -29.65399933 343.81799316 -0.496238 -0.769576 0.401872
91.66200256 -45.94699860 352.51800537 -0.000978 0.999999 -0.000978
91.85500336 -45.64699936 352.51800537 -0.000978 0.999999 -0.000978
91.58499908 -45.94699860 352.81799316 0.000978 0.999999 0.000978
91.77500153 -45.64699936 352.81799316 0.000978 0.999999 0.000978
74.81800079 -44.79299927 344.11801147 0.518403 0.792758 -0.320612
94.14700317 -41.74700165 353.11801147 -0.756518 0.624012 -0.195678
91.47299957 -46.24700165 352.51800537 -0.000978 0.999999 -0.000978
91.40699768 -46.24700165 352.81799316 -0.833844 0.522463 -0.178146
91.26000214 -46.54700089 352.51800537 0.000978 0.999999 0.000978
91.22299957 -46.54700089 352.81799316 -0.000978 0.999999 -0.000978
90.66200256 -47.74700165 351.91799927 -0.833376 0.487038 -0.261300
90.39199829 -48.34700012 351.91799927 -0.873068 0.438765 -0.212690
90.51200104 -48.04700089 351.91799927 -0.878855 0.393450 -0.269837
96.62400055 -41.44699860 343.81799316 -0.000978 0.999999 -0.000978
90.27600098 -48.34700012 352.21798706 -0.845288 0.484106 -0.226118
90.41799927 -48.09899902 352.21798706 -0.853811 0.487253 -0.183279
90.41799927 -48.04700089 352.35400391 -0.858651 0.479006 -0.182408
96.41999817 -41.74700165 343.81799316 -0.000978 0.999999 -0.000978
96.67400360 -41.44699860 343.51800537 0.000978 0.999999 0.000978
96.47699738 -41.74700165 343.51800537 0.000978 0.999999 0.000978
90.19599915 -48.34700012 352.51800537 0.000978 0.999999 0.000978
90.38300323 -48.04700089 352.51800537 -0.763173 0.611468 -0.208983
90.29399872 -48.04700089 352.81799316 -0.875387 0.444336 -0.190430
90.41799927 -47.83100128 352.81799316 0.000978 0.000978 -0.999999
90.14499664 -48.64699936 351.91799927 0.000978 0.999999 0.000978
89.90299988 -48.94699860 351.91799927 -0.000978 0.999999 -0.000978
89.87100220 -48.94699860 352.21798706 0.000978 0.999999 0.000978
90.08599854 -48.64699936 352.21798706 -0.000978 0.999999 -0.000978
83.51799774 -49.81499863 341.41799927 0.000978 0.000978 0.999999
83.81800079 -49.93799973 341.41799927 -0.000978 -0.000978 0.999999
83.81800079 -49.67200089 341.11801147 -0.140925 -0.366962 0.919499
89.61900330 -49.54700089 351.91799927 -0.000978 0.999999 -0.000978
83.21800232 -49.70399857 341.41799927 0.284397 0.770573 0.570383
89.75599670 -49.24700165 351.91799927 0.000978 0.999999 0.000978
89.55000305 -49.54700089 352.21798706 0.000978 0.999999 0.000978
89.68699646 -49.24700165 352.21798706 -0.000978 0.999999 -0.000978
89.20800018 -50.14699936 351.91799927 0.000978 0.999999 0.000978
89.42600250 -49.84700012 351.91799927 -0.000978 0.999999 -0.000978
89.15100098 -50.14699936 352.21798706 -0.000978 0.999999 -0.000978
89.33999634 -49.84700012 352.21798706 -0.000978 0.999999 -0.000978
79.01799774 -41.14699936 333.98901367 -0.000978 0.999999 -0.000978
78.71800232 -41.14699936 334.04299927 0.130026 0.685999 0.715890
89.02300262 -50.44699860 351.91799927 -0.000978 0.999999 -0.000978
88.97599792 -50.44699860 352.21798706 -0.833576 0.503205 -0.227895
89.38400269 -50.14699936 351.31799316 -0.000978 0.999999 -0.000978
89.29699707 -50.14699936 351.61801147 -0.000978 0.999999 -0.000978
89.48000336 -49.84700012 351.61801147 -0.000978 0.999999 -0.000978
88.99800110 -50.74700165 351.31799316 -0.000978 0.999999 -0.000978
89.17700195 -50.44699860 351.31799316 -0.000978 0.999999 -0.000978
92.28099823 -47.44699860 346.21798706 0.000978 0.999999 0.000978
88.92199707 -50.74700165 351.61801147 -0.000978 0.999999 -0.000978
92.11900330 -47.74700165 346.21798706 -0.805550 0.527127 -0.270602
92.37000275 -47.44699860 345.91799927 -0.000978 0.999999 -0.000978
89.11000061 -50.44699860 351.61801147 0.000978 0.999999 0.000978
92.19200134 -47.74700165 345.91799927 0.000978 0.999999 0.000978
88.82900238 -50.74700165 351.91799927 0.000978 0.999999 0.000978
88.79100037 -50.74700165 352.21798706 -0.789409 0.605554 -0.100683
93.67099762 -45.94699860 344.41799927 -0.000978 0.999999 -0.000978
88.61499786 -51.34700012 351.31799316 -0.829004 0.502939 -0.244549
88.79699707 -51.04700089 351.31799316 0.000978 0.999999 0.000978
88.72200012 -51.04700089 351.61801147 -0.000978 0.999999 -0.000978
88.31800079 -51.28699875 351.91799927 0.406716 0.846157 -0.344384
88.63700104 -51.04700089 351.91799927 -0.733494 0.646653 -0.209348
88.31800079 -51.16500092 352.21798706 -0.045547 0.862632 -0.503777
88.61799622 -50.97200012 352.21798706 -0.776476 0.598117 -0.198347
73.01799774 -42.78300095 345.91799927 0.507033 0.791739 -0.340688
73.01799774 -42.67100143 346.21798706 0.499201 0.783536 -0.369958
88.61799622 -51.67699814 350.41799927 -0.382828 0.912898 -0.141632
88.31800079 -51.77500153 350.41799927 -0.042233 0.878721 -0.475463
88.72200012 -51.64699936 350.11801147 -0.937873 0.157914 -0.308962
88.31800079 -51.87200165 350.11801147 0.110436 0.946025 -0.304697
89.79799652 -51.04700089 347.41799927 0.000978 0.999999 0.000978
89.59300232 -51.34700012 347.41799927 0.000978 0.999999 0.000978
89.84500122 -51.04700089 347.11801147 -0.000978 0.999999 -0.000978
89.64600372 -51.34700012 347.11801147 0.000978 0.999999 0.000978
90.08499908 -50.74700165 346.81799316 0.000978 0.999999 0.000978
94.22499847 -41.74700165 352.81799316 -0.787370 0.581702 -0.204133
90.65100098 -50.14699936 346.21798706 0.000978 0.999999 0.000978
73.61799622 -44.26800156 343.21798706 0.517063 0.789202 -0.331369
73.61799622 -44.40599823 342.91799927 0.539238 0.784202 -0.307000
73.31800079 -44.18600082 342.91799927 0.999999 -0.000978 -0.000978
73.91799927 -44.70600128 342.61801147 0.586325 0.773949 -0.239221
95.31300354 -45.34700012 339.31799316 0.000978 0.999999 0.000978
95.48100281 -45.04700089 339.31799316 -0.000978 0.999999 -0.000978
95.23699951 -45.34700012 339.61801147 -0.000978 0.999999 -0.000978
95.41999817 -45.04700089 339.61801147 0.000978 0.999999 0.000978
94.94000244 -45.94699860 339.31799316 -0.000978 0.999999 -0.000978
95.11199951 -45.64699936 339.31799316 0.000978 0.999999 0.000978
95.03099823 -45.64699936 339.61801147 0.000978 0.999999 0.000978
94.97000122 -45.64699936 339.91799927 0.000978 0.999999 0.000978
95.14600372 -45.34700012 339.91799927 0.000978 0.999999 0.000978
95.33799744 -45.04700089 339.91799927 0.000978 0.999999 0.000978
95.07299805 -45.34700012 340.21798706 0.000978 0.999999 0.000978
95.27500153 -45.04700089 340.21798706 -0.000978 0.999999 -0.000978
94.61299896 -45.94699860 340.51800537 0.000978 0.999999 0.000978
94.83599854 -45.64699936 340.51800537 -0.000978 0.999999 -0.000978
94.56900024 -45.94699860 340.81799316 -0.000978 0.999999 -0.000978
94.75299835 -45.64699936 340.81799316 0.000978 0.999999 0.000978
94.90799713 -45.34700012 340.81799316 -0.000978 0.999999 -0.000978
94.49800110 -45.94699860 341.11801147 -0.000978 0.999999 -0.000978
94.67800140 -45.64699936 341.11801147 -0.000978 0.999999 -0.000978
94.40000153 -45.94699860 341.41799927 0.000978 0.999999 0.000978
94.58699799 -45.64699936 341.41799927 -0.000978 0.999999 -0.000978
75.11799622 -44.91299820 344.41799927 0.576462 0.772302 -0.266910
94.34500122 -45.94699860 341.71798706 -0.000978 0.999999 -0.000978
75.41799927 -45.12300110 344.41799927 0.999999 -0.000978 -0.000978
84.11799622 -29.93199921 343.21798706 -0.484388 -0.771432 0.412627
94.91799927 -39.31100082 339.01800537 -0.479814 -0.819617 0.313059
94.52700043 -45.64699936 341.71798706 -0.000978 0.999999 -0.000978
94.46900177 -45.64699936 342.01800537 -0.000978 0.999999 -0.000978
94.31800079 -38.79899979 339.31799316 -0.481451 -0.782966 0.393915
94.61799622 -38.96599960 339.31799316 -0.518287 -0.765245 0.381810
94.61799622 -38.86600113 339.61801147 -0.600220 -0.744272 0.292907
94.26699829 -45.94699860 342.01800537 0.000978 0.999999 0.000978
75.11799622 -44.99599838 344.11801147 0.999999 0.000978 0.000978
94.36799622 -45.64699936 342.31799316 0.000978 0.999999 0.000978
75.41799927 -45.21200180 344.11801147 0.999999 0.000978 0.000978
84.41799927 -30.12700081 343.21798706 -0.505928 -0.754798 0.417513
94.19599915 -45.94699860 342.31799316 0.000978 0.999999 0.000978
94.12599945 -45.94699860 342.61801147 -0.000978 0.999999 -0.000978
94.29199982 -45.64699936 342.61801147 -0.000978 0.999999 -0.000978
93.83100128 -46.54700089 342.31799316 -0.000978 0.999999 -0.000978
94.02700043 -46.24700165 342.31799316 0.000978 0.999999 0.000978
93.73999786 -46.54700089 342.61801147 0.000978 0.999999 0.000978
93.94400024 -46.24700165 342.61801147 -0.811045 0.520382 -0.267223
84.41799927 -30.32500076 342.91799927 -0.513564 -0.780810 0.355792
84.11799622 -30.10199928 342.91799927 -0.592618 -0.729001 0.342582
93.33300018 -46.54700089 344.11801147 0.000978 0.999999 0.000978
93.51899719 -46.24700165 344.11801147 -0.000978 0.999999 -0.000978
93.30400085 -46.54700089 344.41799927 -0.000978 0.999999 -0.000978
93.47699738 -46.24700165 344.41799927 -0.000978 0.999999 -0.000978
93.22699738 -46.54700089 344.71798706 -0.000978 0.999999 -0.000978
93.42800140 -46.24700165 344.71798706 -0.823245 0.519702 -0.228424
93.12400055 -46.54700089 345.01800537 -0.000978 0.999999 -0.000978
93.31099701 -46.24700165 345.01800537 -0.806318 0.535992 -0.250129
94.01799774 -41.90299988 353.11801147 -0.739798 0.612521 -0.278419
93.24199677 -46.24700165 345.31799316 -0.000978 0.999999 -0.000978
93.16500092 -46.24700165 345.61801147 -0.000978 0.999999 -0.000978
93.05599976 -46.54700089 345.31799316 -0.000978 0.999999 -0.000978
92.99700165 -46.54700089 345.61801147 -0.000978 0.999999 -0.000978
92.69999695 -47.14699936 345.31799316 -0.000978 0.999999 -0.000978
92.84899902 -46.84700012 345.31799316 0.000978 0.999999 0.000978
92.61699677 -47.14699936 345.61801147 -0.000978 0.999999 -0.000978
92.81700134 -46.84700012 345.61801147 -0.000978 0.999999 -0.000978
92.91400146 -46.54700089 345.91799927 0.000978 0.999999 0.000978
93.10399628 -46.24700165 345.91799927 0.000978 0.999999 0.000978
92.85099792 -46.54700089 346.21798706 0.000978 0.999999 0.000978
93.02400208 -46.24700165 346.21798706 0.000978 0.999999 0.000978
92.73100281 -46.84700012 345.91799927 0.000978 0.999999 0.000978
92.67299652 -46.84700012 346.21798706 0.000978 0.999999 0.000978
92.64099884 -46.84700012 346.51800537 -0.897741 0.400442 -0.183596
92.55000305 -46.84700012 346.81799316 0.000978 0.999999 0.000978
92.75399780 -46.54700089 346.51800537 -0.896384 0.378277 -0.231088
92.95899963 -46.24700165 346.51800537 0.000978 0.999999 0.000978
92.69599915 -46.54700089 346.81799316 0.000978 0.999999 0.000978
92.91500092 -46.24700165 346.81799316 -0.000978 0.999999 -0.000978
92.26999664 -47.14699936 347.11801147 0.000978 0.999999 0.000978
92.47299957 -46.84700012 347.11801147 -0.000978 0.999999 -0.000978
92.15699768 -47.14699936 347.41799927 -0.000978 0.999999 -0.000978
92.36100006 -46.84700012 347.41799927 0.000978 0.999999 0.000978
92.39600372 -47.14699936 346.51800537 -0.000978 0.999999 -0.000978
92.35500336 -47.14699936 346.81799316 0.000978 0.999999 0.000978
91.58599854 -47.74700165 348.31799316 -0.000978 0.999999 -0.000978
91.77799988 -47.44699860 348.31799316 0.000978 0.999999 0.000978
91.52600098 -47.74700165 348.61801147 -0.000978 0.999999 -0.000978
91.70200348 -47.44699860 348.61801147 -0.000978 0.999999 -0.000978
91.81199646 -47.14699936 348.91799927 0.000978 0.999999 0.000978
91.72100067 -47.14699936 349.21798706 0.000978 0.999999 0.000978
91.91200256 -46.84700012 349.21798706 0.000978 0.999999 0.000978
92.00800323 -46.84700012 348.91799927 -0.000978 0.999999 -0.000978
91.42900085 -47.74700165 348.91799927 0.000978 0.999999 0.000978
91.60299683 -47.44699860 348.91799927 0.000978 0.999999 0.000978
91.36299896 -47.74700165 349.21798706 0.000978 0.999999 0.000978
91.55699921 -47.44699860 349.21798706 -0.000978 0.999999 -0.000978
91.47000122 -47.44699860 349.51800537 0.000978 0.999999 0.000978
91.41000366 -47.44699860 349.81799316 -0.000978 0.999999 -0.000978
91.66600037 -47.14699936 349.51800537 -0.000978 0.999999 -0.000978
91.84700012 -46.84700012 349.51800537 0.000978 0.999999 0.000978
91.62599945 -47.14699936 349.81799316 0.000978 0.999999 0.000978
91.79199982 -46.84700012 349.81799316 -0.000978 0.999999 -0.000978
91.32599640 -47.44699860 350.11801147 0.000978 0.999999 0.000978
91.12400055 -47.74700165 350.11801147 0.000978 0.999999 0.000978
91.04100037 -47.74700165 350.41799927 0.000978 0.999999 0.000978
91.23500061 -47.44699860 350.41799927 0.000978 0.999999 0.000978
90.98899841 -47.74700165 350.71798706 0.000978 0.999999 0.000978
91.19999695 -47.44699860 350.71798706 -0.000978 0.999999 -0.000978
90.94999695 -47.74700165 351.01800537 -0.000978 0.999999 -0.000978
91.15000153 -47.44699860 351.01800537 0.000978 0.999999 0.000978
90.81800079 -48.04700089 350.71798706 -0.000978 0.999999 -0.000978
90.76399994 -48.04700089 351.01800537 -0.000978 0.999999 -0.000978
81.41799927 -48.04700089 340.39199829 0.230653 0.720201 0.654301
81.41799927 -47.89400101 340.21798706 0.236752 0.735342 0.634997
81.11799622 -47.80199814 340.21798706 0.000978 0.000978 0.999999
75.41799927 -45.31399918 343.81799316 0.999999 -0.000978 -0.000978
75.11799622 -45.09299850 343.81799316 0.534814 0.788731 -0.303114
75.11799622 -45.22700119 343.51800537 0.490670 0.808255 -0.325525
89.51799774 -52.24700165 341.47500610 0.168294 0.768695 0.617078
89.81800079 -52.26499939 341.41799927 0.064206 -0.803287 0.592121
89.81800079 -52.00500107 341.11801147 0.000978 0.000978 0.999999
88.91799927 -51.95000076 341.41799927 0.260074 0.581620 0.770765
89.81800079 -52.46099854 341.71798706 -0.165166 0.834759 0.525259
89.51799774 -52.54700089 341.81399536 0.107538 0.767496 0.631969
89.21800232 -52.60200119 342.01800537 -0.000978 -0.000978 0.999999
88.91799927 -52.50699997 342.01800537 0.223879 0.709210 0.668505
88.91799927 -52.24700165 341.72601318 0.243777 0.731332 0.636966
89.21800232 -52.34000015 341.71798706 0.223271 0.657322 0.719776
75.41799927 -45.40700150 343.51800537 0.510641 0.809170 -0.290673
95.77200317 -44.74700165 338.41799927 -0.768629 0.468358 0.435719
95.81800079 -44.44699860 338.41400146 0.144864 -0.014599 0.989344
95.51799774 -44.44699860 338.21899414 -0.313529 -0.049909 0.948266
95.51799774 -44.74700165 338.25201416 -0.439816 0.173881 0.881094
94.91799927 -44.44699860 338.10998535 -0.203000 -0.117261 0.972132
94.91799927 -44.74700165 338.04699707 -0.279963 -0.128703 0.951344
95.21800232 -44.44699860 338.15399170 -0.177907 -0.120678 0.976620
95.21800232 -44.74700165 338.14001465 -0.323187 -0.074582 0.943392
94.61799622 -44.44699860 337.99600220 -0.269752 -0.139527 0.952768
94.31800079 -44.44699860 337.91900635 -0.099653 -0.265310 0.958999
94.61799622 -44.74700165 337.96398926 -0.283243 -0.111980 0.952488
94.31800079 -44.74700165 337.86801147 -0.174113 -0.156321 0.972239
94.01799774 -45.04700089 337.80200195 -0.189581 -0.161208 0.968541
93.71800232 -45.04700089 337.70700073 -0.270015 -0.187777 0.944368
94.01799774 -45.34700012 337.75900269 -0.206891 -0.072228 0.975694
93.71800232 -45.34700012 337.67199707 -0.273778 -0.056774 0.960116
94.01799774 -44.44699860 337.93399048 -0.095269 -0.157977 0.982836
93.71800232 -44.44699860 337.86199951 -0.146368 -0.277964 0.949375
94.01799774 -44.74700165 337.85800171 -0.123785 -0.215667 0.968589
93.71800232 -44.74700165 337.79199219 -0.221314 -0.243308 0.944363
92.51799774 -44.44699860 337.48901367 -0.318016 -0.158319 0.934773
92.81800079 -44.74700165 337.51300049 -0.240738 -0.131430 0.961650
92.51799774 -44.74700165 337.43798828 -0.277660 -0.194776 0.940727
92.81800079 -45.04700089 337.47198486 -0.288803 -0.153215 0.945049
92.51799774 -45.04700089 337.36499023 -0.302846 -0.178389 0.936195
92.81800079 -45.34700012 337.41598511 -0.264957 -0.160050 0.950885
92.51799774 -45.34700012 337.32299805 -0.284498 -0.117769 0.951415
92.21800232 -45.04700089 337.23400879 -0.262344 -0.201909 0.943615
91.91799927 -45.04700089 337.17700195 -0.262762 -0.104846 0.959147
92.21800232 -45.34700012 337.20800781 -0.236535 -0.022813 0.971355
91.91799927 -45.34700012 337.14801025 -0.263615 -0.077684 0.961495
91.61799622 -45.04700089 337.07000732 -0.339747 -0.077996 0.937277
91.31800079 -45.04700089 336.95999146 -0.259283 -0.088131 0.961772
91.61799622 -45.34700012 337.04400635 -0.320599 -0.085757 0.943325
91.31800079 -45.34700012 336.94400024 -0.209230 -0.082949 0.974342
91.01799774 -45.04700089 336.90899658 -0.178550 0.050845 0.982616
90.71800232 -45.04700089 336.85101318 -0.253040 0.043202 0.966491
91.01799774 -45.34700012 336.91699219 -0.192212 -0.102926 0.975941
90.71800232 -45.34700012 336.82699585 -0.300996 -0.153903 0.941124
82.91799927 -29.23500061 342.91799927 -0.512598 -0.827807 0.227991
86.43399811 -51.04700089 348.61801147 0.900758 0.257991 -0.349394
83.21800232 -29.38400078 342.91799927 -0.492805 -0.825487 0.275162
83.21800232 -29.31699944 343.21798706 -0.499608 -0.823342 0.269259
90.41799927 -45.64699936 336.69299316 -0.248169 -0.104154 0.963101
90.41799927 -45.94699860 336.66101074 -0.256897 -0.088189 0.962407
90.11799622 -45.64699936 336.59799194 -0.263596 -0.066845 0.962314
90.11799622 -45.94699860 336.57901001 -0.286209 -0.084179 0.954462
90.41799927 -45.04700089 336.75299072 -0.325590 -0.071917 0.942772
90.11799622 -45.04700089 336.64401245 -0.336569 -0.077873 0.938433
90.41799927 -45.34700012 336.72601318 -0.325154 -0.094228 0.940955
90.11799622 -45.34700012 336.61999512 -0.316978 -0.071744 0.945716
89.81800079 -45.64699936 336.52899170 -0.273210 -0.069891 0.959412
89.51799774 -45.64699936 336.42700195 -0.356329 -0.045683 0.933243
89.81800079 -45.94699860 336.48098755 -0.293876 -0.104109 0.950157
89.51799774 -45.94699860 336.39401245 -0.305523 -0.063167 0.950087
89.81800079 -45.04700089 336.53799438 -0.335949 -0.061438 0.939874
89.51799774 -45.04700089 336.42898560 -0.295500 -0.084615 0.951588
89.81800079 -45.34700012 336.52398682 -0.310212 -0.013704 0.950569
89.51799774 -45.34700012 336.42401123 -0.295548 -0.003679 0.955321
88.91799927 -45.04700089 336.29901123 -0.231790 -0.065695 0.970545
88.91799927 -45.34700012 336.26901245 -0.225453 -0.147261 0.963060
89.21800232 -45.64699936 336.30099487 -0.318359 -0.079917 0.944596
88.91799927 -45.64699936 336.20800781 -0.289614 -0.189843 0.938128
89.21800232 -45.94699860 336.28799438 -0.332892 -0.039844 0.942123
83.21800232 -29.18799973 343.51800537 -0.528099 -0.794527 0.299732
83.81800079 -29.58200073 343.51800537 -0.999999 -0.000978 -0.000978
83.51799774 -29.37899971 343.51800537 -0.999999 -0.000978 -0.000978
83.81800079 -29.48600006 343.81799316 -0.451261 -0.835380 0.313853
83.51799774 -29.33200073 343.81799316 -0.645208 -0.754968 0.117176
84.11799622 -29.78100014 343.51800537 -0.528176 -0.770459 0.356963
84.41799927 -29.99399948 343.51800537 -0.527437 -0.780734 0.335059
84.41799927 -29.87000084 343.81799316 -0.548532 -0.785650 0.286122
85.31800079 -50.44699860 346.85900879 -0.194076 0.510013 -0.837986
85.31800079 -51.34700012 346.55300903 0.541556 0.698191 -0.468238
83.81800079 -29.82099915 342.91799927 -0.561390 -0.746893 0.356361
97.64900208 -39.94699860 342.61801147 -0.999591 -0.025370 -0.013193
97.31800079 -39.65100098 342.61801147 -0.593517 -0.792843 0.138338
97.31800079 -39.70299911 342.31799316 -0.583388 -0.788570 0.194463
97.60399628 -39.94699860 342.31799316 -0.961308 -0.234115 0.145177
97.42299652 -39.94699860 342.01800537 -0.740425 -0.493067 0.456788
97.01799774 -39.42599869 342.61801147 -0.999999 -0.000978 -0.000978
97.01799774 -39.51300049 342.31799316 -0.537791 -0.793282 0.285455
97.01799774 -39.64099884 342.01800537 -0.541840 -0.753370 0.372617
96.71800232 -39.43899918 342.01800537 -0.548860 -0.772885 0.318435
96.71800232 -39.54600143 341.71798706 -0.557725 -0.771866 0.305231
97.01799774 -39.81000137 341.71798706 -0.509480 -0.806019 0.301271
97.23500061 -39.94699860 341.71798706 -0.675733 -0.592309 0.438810
97.01799774 -39.92200089 341.41799927 -0.510288 -0.804138 0.304909
96.71800232 -39.67599869 341.41799927 -0.538846 -0.778688 0.321389
96.71800232 -39.79499817 341.11801147 -0.598267 -0.722159 0.347223
96.41799927 -39.46500015 341.41799927 -0.547520 -0.782399 0.296772
96.41799927 -39.56499863 341.11801147 -0.282052 -0.910458 0.302512
96.11799622 -39.25699997 341.41799927 -0.573499 -0.784871 0.234684
96.11799622 -39.31299973 341.11801147 -0.541224 -0.804858 0.243473
93.71800232 -39.34700012 338.11700439 -0.260481 -0.246401 0.933508
93.71800232 -38.74700165 338.39599609 -0.376981 -0.460398 0.803691
93.11799622 -38.30199814 338.41799927 -0.524530 -0.773077 0.356680
93.41799927 -38.48300171 338.41799927 -0.582602 -0.623130 0.521808
93.41799927 -38.74700165 338.25601196 -0.371025 -0.447460 0.813708
93.11799622 -38.74700165 338.12200928 -0.442001 -0.335040 0.832095
93.41799927 -39.04700089 338.10699463 -0.352718 -0.319414 0.879525
93.11799622 -39.04700089 337.98498535 -0.430817 -0.263361 0.863156
93.41799927 -39.34700012 338.04098511 -0.278207 -0.166924 0.945905
93.11799622 -39.34700012 337.94198608 -0.309332 -0.133729 0.941504
92.81800079 -38.44699860 338.04199219 -0.412952 -0.296282 0.861213
92.51799774 -38.44699860 337.89801025 -0.382358 -0.303144 0.872872
92.81800079 -38.74700165 337.93899536 -0.445380 -0.320361 0.836065
92.51799774 -38.74700165 337.80398560 -0.999999 -0.000978 -0.000978
92.81800079 -39.04700089 337.81298828 -0.251671 -0.158460 0.954752
92.51799774 -39.04700089 337.73400879 -0.219111 -0.126854 0.967419
92.81800079 -39.34700012 337.76300049 -0.226057 -0.010652 0.974056
92.51799774 -39.34700012 337.72601318 -0.162361 0.012489 0.986652
92.21800232 -39.04700089 337.67700195 -0.227891 -0.034967 0.973059
91.91799927 -39.04700089 337.59399414 -0.271320 -0.013384 0.962396
92.21800232 -39.34700012 337.66400146 -0.234172 -0.063189 0.970140
91.91799927 -39.34700012 337.58099365 -0.292396 -0.084470 0.952560
91.61799622 -39.04700089 337.50799561 -0.304202 -0.121949 0.944769
91.31800079 -39.04700089 337.40100098 -0.289457 -0.129389 0.948406
91.61799622 -39.34700012 337.44601440 -0.357373 -0.104630 0.928082
91.31800079 -39.34700012 337.35000610 -0.288646 -0.081546 0.953957
91.01799774 -39.04700089 337.32501221 -0.256967 -0.150452 0.954637
90.71800232 -39.04700089 337.23901367 -0.302356 -0.172578 0.937442
91.01799774 -39.34700012 337.26501465 -0.287447 -0.149796 0.946010
90.71800232 -39.34700012 337.16900635 -0.251996 -0.093379 0.963213
90.41799927 -39.04700089 337.13101196 -0.293876 -0.104109 0.950157
90.11799622 -39.04700089 337.05398560 -0.226632 -0.102554 0.968566
90.41799927 -39.34700012 337.10900879 -0.234079 -0.037598 0.971490
90.11799622 -39.34700012 337.02499390 -0.250700 -0.045694 0.966986
89.81800079 -39.04700089 336.99099731 -0.230903 -0.078632 0.969794
89.81800079 -39.34700012 336.95401001 -0.233894 -0.047758 0.971088
89.51799774 -39.64699936 336.87701416 -0.286693 -0.073280 0.955216
89.51799774 -39.94699860 336.83499146 -0.312360 -0.119313 0.942441
89.51799774 -39.04700089 336.86599731 -0.278677 -0.064897 0.958190
89.51799774 -39.34700012 336.88101196 -0.243910 0.018023 0.969630
89.81800079 -39.64699936 336.96099854 -0.240166 -0.052960 0.969286
89.81800079 -39.94699860 336.92098999 -0.261572 -0.142072 0.954671
89.21800232 -39.04700089 336.80300903 -0.221624 -0.057549 0.973432
88.91799927 -39.04700089 336.72900391 -0.286889 -0.028565 0.957538
89.21800232 -39.34700012 336.80300903 -0.274052 -0.035962 0.961042
88.91799927 -39.34700012 336.70999146 -0.294833 -0.081826 0.952039
89.21800232 -39.64699936 336.78100586 -0.313738 -0.125226 0.941215
88.91799927 -39.64699936 336.67800903 -0.300763 -0.109971 0.947337
89.21800232 -39.94699860 336.72299194 -0.306106 -0.133500 0.942591
88.91799927 -39.94699860 336.64099121 -0.236662 -0.125444 0.963460
88.61799622 -39.04700089 336.62399292 -0.306498 -0.055144 0.950273
88.31800079 -39.04700089 336.53601074 -0.265993 -0.088664 0.959889
88.61799622 -39.34700012 336.61700439 -0.315016 -0.052717 0.947621
88.31800079 -39.34700012 336.50299072 -0.243745 -0.084616 0.966141
83.81800079 -29.67200089 343.21798706 -0.586544 -0.752758 0.298866
88.61799622 -39.64699936 336.58999634 -0.308561 -0.065844 0.948923
88.31800079 -39.64699936 336.48300171 -0.293646 -0.092662 0.951413
88.61799622 -39.94699860 336.57598877 -0.251686 -0.109709 0.961571
88.31800079 -39.94699860 336.44500732 -0.313825 -0.028988 0.949038
88.01799774 -39.64699936 336.40499878 -0.222247 -0.107948 0.968996
87.71800232 -39.64699936 336.34500122 -0.223132 -0.130268 0.966045
88.01799774 -39.94699860 336.36599731 -0.232832 -0.070970 0.969924
87.71800232 -39.94699860 336.30099487 -0.220729 -0.116106 0.968400
83.51799774 -29.45899963 343.21798706 -0.489683 -0.821353 0.292558
87.41799927 -39.64699936 336.26599121 -0.275566 -0.134455 0.951833
87.11799622 -39.64699936 336.17098999 -0.314876 -0.116571 0.941947
87.41799927 -39.94699860 336.22900391 -0.229121 -0.116480 0.966404
87.11799622 -39.94699860 336.11199951 -0.364561 -0.122437 0.923095
85.91799927 -31.44199944 342.61801147 -0.511587 -0.803017 0.305685
82.31800079 -41.74700165 334.63198853 -0.234648 -0.130936 0.963222
82.61799622 -41.74700165 334.67999268 -0.224659 -0.107887 0.968446
82.31800079 -41.44699860 334.65200806 -0.267822 -0.008483 0.963431
82.61799622 -41.44699860 334.72698975 -0.256516 -0.058811 0.964749
90.41799927 -52.14099884 341.41799927 -0.330793 0.939241 0.091666
90.11799622 -52.24100113 341.41799927 0.000978 0.000978 0.999999
90.41799927 -52.10300064 341.11801147 -0.202973 0.911220 0.358442
90.11799622 -52.06800079 341.11801147 0.000978 0.000978 0.999999
85.61799622 -39.64699936 335.72900391 -0.273319 -0.094561 0.957264
85.61799622 -40.24700165 335.68099976 -0.209230 0.082949 0.974342
85.31800079 -40.24700165 335.60400391 -0.295545 0.006132 0.955309
85.61799622 -40.54700089 335.71499634 -0.260877 0.003607 0.965365
85.31800079 -40.54700089 335.60400391 -0.350971 -0.008869 0.936344
85.31800079 -39.64699936 335.63598633 -0.307229 -0.084978 0.947834
85.61799622 -39.94699860 335.66400146 -0.242661 -0.079211 0.966872
85.31800079 -39.94699860 335.60000610 -0.248919 -0.050775 0.967192
85.01799774 -39.64699936 335.53399658 -0.331946 -0.069538 0.940732
84.71800232 -39.64699936 335.42401123 -0.307922 -0.087791 0.947352
85.01799774 -39.94699860 335.51098633 -0.286482 -0.059843 0.956215
84.71800232 -39.94699860 335.42001343 -0.220209 -0.067662 0.973103
85.01799774 -40.24700165 335.49600220 -0.346110 -0.042778 0.937218
85.01799774 -40.54700089 335.48300171 -0.280333 -0.025934 0.959553
83.51799774 -29.59099960 342.91799927 -0.555583 -0.761712 0.333350
84.71800232 -40.24700165 335.38299561 -0.250740 -0.033024 0.967491
84.71800232 -40.54700089 335.39898682 -0.272321 0.003631 0.962200
84.41799927 -39.64699936 335.33898926 -0.217296 -0.008222 0.976071
84.11799622 -39.64699936 335.29098511 -0.205143 0.029645 0.978283
84.41799927 -39.94699860 335.37701416 -0.178983 0.005700 0.983836
84.11799622 -39.94699860 335.31201172 -0.278277 -0.041180 0.959618
82.91799927 -41.74700165 334.77099609 -0.264219 -0.053846 0.962959
82.91799927 -41.44699860 334.81100464 -0.265241 -0.102215 0.958749
83.21800232 -41.74700165 334.84399414 -0.294448 -0.109593 0.949363
83.21800232 -41.44699860 334.89300537 -0.289365 -0.100820 0.951894
84.41799927 -40.24700165 335.34201050 -0.192212 -0.102926 0.975941
84.11799622 -40.24700165 335.26501465 -0.247487 -0.152198 0.956862
84.41799927 -40.54700089 335.31399536 -0.290524 -0.031172 0.956360
84.11799622 -40.54700089 335.21701050 -0.312368 -0.068695 0.947474
83.81800079 -39.64699936 335.21301270 -0.250168 -0.030508 0.967722
83.81800079 -39.94699860 335.20401001 -0.340323 -0.100886 0.934881
82.91799927 -42.34700012 334.72799683 -0.259224 -0.132902 0.956630
83.21800232 -42.34700012 334.81500244 -0.286532 0.013527 0.957975
82.91799927 -42.04700089 334.77700806 -0.212622 -0.070055 0.974620
83.21800232 -42.04700089 334.82400513 -0.197282 -0.046630 0.979237
82.61799622 -40.24700165 334.80801392 -0.301731 -0.084903 0.949605
82.31800079 -40.24700165 334.70800781 -0.294448 -0.109593 0.949363
82.61799622 -40.54700089 334.78698730 -0.303132 -0.065786 0.950675
82.31800079 -40.54700089 334.67700195 -0.344966 -0.148238 0.926836
81.71800232 -40.54700089 334.51400757 -0.211666 -0.049590 0.976083
82.01799774 -40.24700165 334.62200928 -0.295928 -0.127209 0.946702
81.71800232 -40.24700165 334.52099609 -0.285829 -0.057166 0.956574
82.01799774 -40.54700089 334.56399536 -0.261198 -0.127318 0.956852
83.51799774 -41.74700165 334.95599365 -0.318562 -0.146292 0.936545
83.81800079 -41.74700165 335.04800415 -0.289365 -0.100820 0.951894
83.51799774 -41.44699860 334.99200439 -0.296764 -0.092820 0.950429
83.81800079 -41.44699860 335.07998657 -0.254389 -0.093319 0.962589
80.81800079 -40.84700012 334.24600220 -0.264032 -0.030701 0.964025
80.51799774 -40.84700012 334.14999390 -0.279111 0.056833 0.958576
80.81800079 -41.14699936 334.21499634 -0.177372 -0.043462 0.983184
80.51799774 -41.14699936 334.17898560 -0.160377 0.033460 0.986489
80.21800232 -40.24700165 334.06201172 -0.239124 -0.103578 0.965449
79.91799927 -40.24700165 334.01998901 -0.217854 -0.099482 0.970898
80.21800232 -40.54700089 334.05398560 -0.271957 0.013415 0.962216
79.91799927 -40.54700089 333.97500610 -0.255566 -0.129749 0.958045
80.21800232 -40.84700012 334.07101440 -0.291937 -0.003664 0.956430
79.91799927 -40.84700012 333.93899536 -0.146778 -0.028445 0.988760
80.21800232 -41.14699936 334.05200195 -0.426130 0.141093 0.893591
79.91799927 -41.14699936 333.95800781 -0.205259 0.128765 0.970200
79.61799622 -40.84700012 333.91299438 0.039399 0.054306 0.997747
84.41799927 -48.43199921 352.21798706 0.592146 0.804132 -0.052290
84.70899963 -48.64699936 352.21798706 0.587182 0.744836 -0.316917
84.55300140 -48.64699936 351.91799927 0.634704 0.693443 -0.341011
79.61799622 -40.24700165 333.92700195 -0.208834 -0.051907 0.976572
79.31800079 -40.54700089 333.95001221 0.136144 0.112048 0.984332
79.31800079 -40.84700012 333.96200562 0.154828 0.030966 0.987456
79.61799622 -41.14699936 333.92599487 0.018878 0.127702 0.991633
79.31800079 -41.14699936 333.96899414 0.104292 -0.003226 0.994541
85.01799774 -48.90900040 352.21798706 0.383405 0.887649 -0.255106
84.71800232 -48.80099869 351.91799927 0.549065 0.751094 -0.366586
85.01799774 -48.99499893 351.91799927 0.999999 -0.000978 -0.000978
82.61799622 -30.73399925 338.41799927 -0.112470 -0.933633 0.340119
85.61799622 -49.24700165 352.42498779 0.434019 0.866525 -0.246498
85.31800079 -49.03900146 352.21798706 0.370995 0.855307 -0.361681
85.61799622 -49.30599976 352.21798706 0.258053 0.946196 -0.195247
85.31800079 -49.16600037 351.91799927 0.479609 0.807846 -0.342578
85.61799622 -49.35200119 351.91799927 0.531715 0.792017 -0.299982
85.61799622 -49.52999878 351.61801147 0.454451 0.773707 -0.441420
85.31800079 -49.29299927 351.61801147 0.999999 -0.000978 -0.000978
85.31800079 -49.52099991 351.31799316 0.592543 0.710724 -0.379162
85.61799622 -49.69400024 351.31799316 0.460910 0.790824 -0.402690
85.91799927 -49.70100021 351.61801147 0.481431 0.779691 -0.400382
86.21800232 -49.89899826 351.61801147 0.620256 0.720141 -0.310933
86.43399811 -50.14699936 351.61801147 0.697174 0.652091 -0.297869
86.21800232 -50.06700134 351.31799316 0.583923 0.742440 -0.328356
85.91799927 -49.87099838 351.31799316 0.485163 0.780479 -0.394296
85.91799927 -50.00299835 351.01800537 0.496583 0.819283 -0.286671
85.91799927 -50.07899857 350.71798706 0.999999 -0.000978 -0.000978
85.91799927 -31.53300095 342.31799316 -0.484794 -0.820541 0.302800
87.71800232 -51.77199936 349.81799316 0.499040 0.742795 -0.446336
84.71800232 -41.74700165 335.31298828 -0.266417 -0.107867 0.957803
85.01799774 -41.74700165 335.40798950 -0.242709 -0.076711 0.967062
84.71800232 -41.44699860 335.36099243 -0.293856 -0.068010 0.953427
85.01799774 -41.44699860 335.44699097 -0.221721 -0.091444 0.970813
88.82099915 -51.64699936 349.81799316 -0.748785 0.627863 -0.212388
88.61799622 -51.87799835 349.81799316 -0.485411 0.663451 -0.569393
88.89099884 -51.64699936 349.51800537 0.000978 0.999999 0.000978
88.01799774 -52.01800156 349.81799316 0.003456 0.980397 -0.197001
88.01799774 -52.07799911 349.51800537 0.152742 0.969075 -0.193815
87.71800232 -51.95500183 349.51800537 0.465189 0.821571 -0.329575
85.01799774 -34.84700012 335.88500977 -0.301122 -0.151242 0.941516
84.71800232 -34.84700012 335.75601196 -0.403362 -0.165077 0.900027
85.01799774 -35.14699936 335.81298828 -0.247238 -0.117794 0.961768
84.71800232 -35.14699936 335.73599243 -0.275163 -0.089137 0.957256
84.41799927 -34.84700012 335.64599609 -0.299157 -0.157092 0.941184
84.11799622 -34.84700012 335.56698608 -0.250646 -0.101544 0.962738
84.41799927 -35.14699936 335.64099121 -0.294182 -0.033800 0.955152
84.11799622 -35.14699936 335.55200195 -0.242098 -0.035281 0.969610
84.41799927 -35.44699860 335.62500000 -0.249198 -0.079693 0.965168
84.11799622 -35.44699860 335.54501343 -0.291736 -0.081686 0.953004
84.41799927 -35.74700165 335.59100342 -0.331350 -0.034542 0.942876
84.11799622 -35.74700165 335.50100708 -0.250580 -0.061087 0.966167
92.57599640 -42.04700089 338.41799927 -0.943802 0.327441 -0.044943
92.81800079 -41.81999969 338.11801147 -0.529261 0.757250 0.382696
92.58999634 -42.04700089 338.11801147 -0.768024 0.619570 0.162088
88.91799927 -35.08499908 339.01800537 -0.483469 -0.802590 0.349438
88.91799927 -35.14300156 338.71798706 -0.999999 0.000978 0.000978
83.21800232 -36.04700089 335.25900269 -0.296222 -0.041597 0.954213
82.91799927 -36.04700089 335.16500854 -0.294457 -0.021121 0.955431
83.21800232 -36.34700012 335.23199463 -0.286382 -0.126541 0.949723
82.91799927 -36.34700012 335.15399170 -0.276857 -0.072723 0.958155
88.61799622 -34.63600159 339.61801147 -0.563380 -0.799785 0.207238
88.61799622 -34.65999985 339.31799316 -0.558635 -0.790226 0.251933
88.61799622 -34.82500076 339.01800537 -0.541890 -0.765117 0.347780
88.31800079 -34.59400177 339.01800537 -0.608858 -0.748025 0.264102
88.31800079 -34.68000031 338.71798706 -0.999999 -0.000978 -0.000978
88.61799622 -34.93299866 338.71798706 -0.999999 -0.000978 -0.000978
88.31800079 -34.32799911 339.61801147 -0.540586 -0.782973 0.307767
88.31800079 -34.46900177 339.31799316 -0.481165 -0.800877 0.356478
96.71800232 -40.13700104 340.21798706 -0.999999 -0.000978 -0.000978
97.01799774 -40.32799911 340.21798706 -0.775451 -0.604821 0.181294
97.18900299 -40.54700089 340.21798706 -0.690440 -0.594407 0.412277
97.01799774 -40.49900055 339.91799927 -0.754231 -0.609970 0.243047
96.71800232 -40.25000000 339.91799927 -0.594965 -0.745711 0.299888
82.31800079 -30.69899940 338.41799927 -0.114894 -0.983248 0.141501
80.81800079 -37.24700165 334.47299194 -0.191997 -0.063999 0.979306
80.51799774 -37.24700165 334.42300415 -0.200661 -0.156645 0.967056
80.81800079 -37.54700089 334.44799805 -0.296249 -0.065406 0.952869
80.51799774 -37.54700089 334.35598755 -0.292738 -0.126987 0.947723
73.01799774 -43.06999969 345.01800537 0.999999 0.000978 0.000978
73.01799774 -43.22399902 344.71798706 0.564885 0.752641 -0.338284
80.21800232 -37.24700165 334.30801392 -0.233995 -0.094863 0.967599
79.91799927 -37.24700165 334.22500610 -0.315978 -0.107992 0.942600
80.21800232 -37.54700089 334.26300049 -0.301236 -0.098658 0.948432
79.91799927 -37.54700089 334.16598511 -0.297430 -0.095649 0.949940
73.91799927 -43.54000092 345.61801147 0.523538 0.807967 -0.270364
74.21800232 -43.72299957 345.61801147 0.522782 0.792912 -0.313033
73.91799927 -43.65800095 345.31799316 0.525101 0.799479 -0.291723
74.21800232 -43.86299896 345.31799316 0.528528 0.787204 -0.317756
74.21800232 -43.62599945 345.91799927 0.999999 -0.000978 -0.000978
82.91799927 -28.80699921 343.81799316 -0.691179 -0.611999 0.384355
83.30200195 -29.14699936 343.81799316 -0.625261 -0.730267 0.275242
74.51799774 -43.70100021 346.21798706 0.547249 0.776997 -0.311118
74.81800079 -43.94900131 346.21798706 0.999999 0.000978 0.000978
74.81800079 -44.08399963 345.91799927 0.569959 0.745331 -0.345873
74.51799774 -43.85699844 345.91799927 0.571402 0.746221 -0.341546
82.91799927 -28.98399925 343.51800537 -0.577450 -0.765161 0.284748
82.70099640 -28.54700089 343.81799316 -0.647425 -0.630782 0.427733
82.31800079 -28.48699951 343.51800537 -0.397431 -0.717354 0.572234
82.42600250 -28.54700089 343.51800537 -0.397431 -0.717354 0.572234
75.41799927 -44.36700058 346.21798706 0.518615 0.773883 -0.363515
75.11799622 -44.18899918 346.21798706 0.462863 0.795092 -0.391901
75.11799622 -44.34199905 345.91799927 0.512649 0.793728 -0.327393
75.41799927 -44.51599884 345.91799927 0.488442 0.818257 -0.303116
75.41799927 -44.12900162 346.81799316 0.563646 0.773227 -0.290556
75.11799622 -43.90200043 346.81799316 0.551100 0.779798 -0.296990
75.11799622 -44.04700089 346.51800537 0.496172 0.783855 -0.373341
87.71800232 -34.92900085 337.21798706 -0.546673 -0.784357 0.293143
75.41799927 -44.23500061 346.51800537 0.534175 0.786114 -0.310938
75.70700073 -44.44699860 346.51800537 0.573056 0.756048 -0.316224
75.41799927 -46.05599976 340.81799316 0.321409 0.921373 0.218558
75.11799622 -45.95100021 340.81799316 0.329619 0.941953 -0.063839
86.51799774 -35.44699860 336.30700684 -0.243734 -0.112195 0.963331
86.51799774 -35.74700165 336.23599243 -0.276991 -0.111584 0.954372
76.01799774 -44.37200165 347.41799927 0.542454 0.776077 -0.321632
86.21800232 -34.84700012 336.27801514 -0.224619 -0.221896 0.948846
85.91799927 -34.84700012 336.13800049 -0.155203 -0.113653 0.981323
86.21800232 -35.14699936 336.22799683 -0.223154 -0.116040 0.967852
85.91799927 -35.14699936 336.10998535 -0.283633 -0.073154 0.956138
75.71800232 -44.20399857 347.11801147 0.597421 0.755888 -0.267809
75.97000122 -44.44699860 347.11801147 0.655430 0.712287 -0.251117
86.21800232 -35.44699860 336.20599365 -0.337848 -0.103643 0.935477
85.91799927 -35.44699860 336.09201050 -0.230578 -0.089459 0.968933
86.21800232 -35.74700165 336.16101074 -0.288163 -0.109213 0.951333
85.91799927 -35.74700165 336.05499268 -0.250482 -0.135077 0.958652
75.71800232 -44.34099960 346.81799316 0.533729 0.780558 -0.325366
76.01799774 -44.58300018 346.81799316 0.574136 0.775477 -0.262687
76.01799774 -44.68600082 346.51800537 0.576046 0.766475 -0.284056
76.91799927 -44.74399948 348.01800537 0.999999 -0.000978 -0.000978
83.81800079 -34.84700012 335.48999023 -0.184791 -0.056033 0.981179
83.51799774 -34.84700012 335.45401001 -0.175463 -0.048282 0.983301
83.81800079 -35.14699936 335.49200439 -0.240292 -0.079259 0.967459
83.51799774 -35.14699936 335.40301514 -0.230650 -0.139432 0.962995
77.21800232 -44.96599960 348.01800537 0.575786 0.755418 -0.312753
76.91799927 -44.84199905 347.71798706 0.555667 0.780467 -0.286541
77.21800232 -45.09899902 347.71798706 0.544191 0.780379 -0.308002
82.31800079 -35.44699860 335.02899170 -0.301909 -0.101515 0.947916
82.61799622 -35.74700165 335.08499146 -0.270248 -0.094393 0.958152
82.31800079 -35.74700165 334.99798584 -0.262658 -0.116302 0.957854
89.21800232 -42.04700089 336.60299683 -0.241063 -0.098211 0.965527
88.91799927 -42.04700089 336.50201416 -0.289885 -0.089695 0.952849
89.21800232 -42.34700012 336.56298828 -0.258341 -0.144406 0.955200
88.91799927 -42.34700012 336.47500610 -0.256396 -0.074519 0.963695
77.51799774 -45.22100067 348.01800537 0.504217 0.812087 -0.293734
77.51799774 -45.29899979 347.71798706 0.999999 -0.000978 -0.000978
85.91799927 -41.74700165 335.64700317 -0.317185 -0.140215 0.937941
85.91799927 -41.44699860 335.68499756 -0.286382 -0.112177 0.951526
77.51799774 -44.92699814 348.61801147 0.554702 0.741239 -0.377983
77.81800079 -45.16799927 348.61801147 0.372949 0.820487 -0.433255
77.81800079 -45.28699875 348.31799316 0.485253 0.821317 -0.299946
77.51799774 -45.08300018 348.31799316 0.544789 0.752947 -0.369155
86.21800232 -41.74700165 335.73901367 -0.305753 -0.055010 0.950520
88.01799774 -42.64699936 336.25201416 -0.223209 -0.081053 0.971395
86.21800232 -41.44699860 335.75500488 -0.258356 -0.112950 0.959424
87.71800232 -42.64699936 336.17098999 -0.330519 -0.053142 0.942302
88.01799774 -42.94699860 336.19400024 -0.283579 -0.158750 0.945717
87.71800232 -42.94699860 336.11898804 -0.270633 -0.125416 0.954478
87.41799927 -43.24700165 336.00000000 -0.318242 -0.186459 0.929492
87.11799622 -43.24700165 335.88800049 -0.265383 -0.061629 0.962171
87.41799927 -43.54700089 335.90399170 -0.250288 -0.118012 0.960952
87.11799622 -43.54700089 335.86801147 -0.209301 -0.054442 0.976335
79.61799622 -46.19200134 349.21798706 0.533362 0.788102 -0.307280
79.31800079 -45.97900009 349.21798706 0.559237 0.782932 -0.272530
79.31800079 -46.04600143 348.91799927 0.491555 0.810829 -0.317693
79.61799622 -46.27700043 348.91799927 0.633643 0.701707 -0.325735
78.71800232 -45.49800110 349.21798706 0.509168 0.766192 -0.392043
79.01799774 -45.76499939 349.21798706 0.544606 0.735465 -0.403107
79.01799774 -45.91699982 348.91799927 0.472206 0.791307 -0.388401
78.71800232 -45.68999863 348.91799927 0.562129 0.741358 -0.366606
79.61799622 -45.94200134 349.81799316 0.530607 0.798273 -0.284985
79.31800079 -45.73899841 349.81799316 0.516513 0.788362 -0.334214
79.31800079 -45.83800125 349.51800537 0.509812 0.798865 -0.319228
79.61799622 -46.04299927 349.51800537 0.537354 0.777960 -0.325620
79.91799927 -46.13800049 349.81799316 0.524479 0.797017 -0.299476
80.21800232 -46.38899994 349.81799316 0.573636 0.756813 -0.313330
80.21800232 -46.52000046 349.51800537 0.529223 0.789862 -0.309905
79.91799927 -46.25199890 349.51800537 0.553013 0.771013 -0.315779
80.21800232 -46.20800018 350.41799927 0.578658 0.760385 -0.294908
79.91799927 -46.02600098 350.11801147 0.999999 0.000978 0.000978
80.21800232 -46.27099991 350.11801147 0.524382 0.815189 -0.245949
80.81800079 -46.57199860 350.41799927 0.999999 0.000978 0.000978
80.81800079 -46.67800140 350.11801147 0.999999 -0.000978 -0.000978
80.51799774 -46.39699936 350.41799927 0.498543 0.820486 -0.279747
80.51799774 -46.48099899 350.11801147 0.538096 0.788890 -0.296826
81.11799622 -46.79999924 350.41799927 0.538262 0.803493 -0.254309
81.41799927 -46.96699905 350.41799927 0.499383 0.818737 -0.283349
81.41799927 -47.09400177 350.11801147 0.469705 0.789298 -0.395456
81.11799622 -46.93199921 350.11801147 0.448421 0.822370 -0.350181
75.71800232 -45.53400040 343.81799316 0.999999 -0.000978 -0.000978
76.01799774 -45.74499893 343.81799316 0.551100 0.779798 -0.296990
75.71800232 -45.60599899 343.51800537 0.566634 0.783242 -0.255848
76.01799774 -45.86100006 343.51800537 0.570300 0.765192 -0.298728
86.51799774 -41.74700165 335.83898926 -0.269446 -0.006041 0.962997
86.81800079 -41.74700165 335.90600586 -0.234394 0.010708 0.972083
86.51799774 -41.44699860 335.84600830 -0.258760 -0.082854 0.962382
86.81800079 -41.44699860 335.91598511 -0.280648 -0.117266 0.952620
82.61799622 -30.84499931 338.11801147 -0.306525 -0.892662 0.330449
82.31800079 -30.74200058 338.11801147 -0.283482 -0.938947 0.194980
95.18199921 -40.84700012 351.01800537 -0.859934 0.483621 -0.163167
94.99400330 -41.14699936 351.01800537 -0.000978 0.999999 -0.000978
95.22599792 -40.84700012 350.71798706 0.000978 0.999999 0.000978
95.04299927 -41.14699936 350.71798706 -0.825389 0.511834 -0.238241
95.33100128 -40.54700089 351.01800537 -0.787511 0.500851 -0.359131
95.50099945 -40.54700089 350.71798706 -0.777179 0.554674 -0.297203
88.01799774 -40.84700012 336.34399414 -0.258100 -0.127085 0.957723
83.51799774 -51.21500015 343.51800537 0.561933 0.799022 -0.213996
83.51799774 -51.11399841 343.81799316 0.999999 0.000978 0.000978
83.81800079 -51.31299973 343.81799316 0.999999 0.000978 0.000978
87.71800232 -41.14699936 336.21600342 -0.236738 -0.122897 0.963769
88.01799774 -41.14699936 336.28201294 -0.239207 -0.157268 0.958148
87.71800232 -40.84700012 336.24899292 -0.292886 -0.051984 0.954733
83.21800232 -50.93700027 343.51800537 0.524935 0.839602 -0.139689
83.21800232 -50.86399841 343.81799316 0.378313 0.881725 -0.281851
82.31800079 -30.23800087 339.31799316 -0.194931 -0.861566 0.468728
88.31800079 -41.14699936 336.36499023 -0.278831 -0.120254 0.952781
82.61799622 -30.28800011 339.31799316 -0.417287 -0.813790 0.404497
88.61799622 -41.14699936 336.45700073 -0.305844 -0.079389 0.948766
82.31800079 -30.04899979 339.61801147 -0.257631 -0.855212 0.449710
82.80699921 -30.34700012 339.61801147 -0.716814 -0.677244 0.165887
82.61799622 -30.15999985 339.61801147 -0.477014 -0.798236 0.367799
88.31800079 -40.84700012 336.41000366 -0.267184 -0.142233 0.953091
88.61799622 -40.84700012 336.51098633 -0.307538 -0.098993 0.946372
82.31800079 -50.12699890 344.11801147 0.535353 0.768255 -0.350971
82.31800079 -49.99599838 344.41799927 0.522884 0.772185 -0.361001
82.31800079 -30.53000069 338.71798706 -0.258934 -0.850344 0.458113
82.61799622 -30.62599945 338.71798706 -0.288496 -0.900995 0.324003
82.31800079 -30.37500000 339.01800537 -0.335243 -0.846683 0.413206
82.61799622 -30.50000000 339.01800537 -0.444221 -0.776166 0.447475
82.01799774 -49.67699814 344.71798706 0.517923 0.776078 -0.359803
81.71800232 -49.44800186 344.71798706 0.520906 0.783764 -0.338188
81.71800232 -49.31900024 345.01800537 0.544573 0.795673 -0.265224
82.01799774 -49.53699875 345.01800537 0.562648 0.769855 -0.301248
83.81800079 -29.95700073 342.61801147 -0.999999 0.000978 0.000978
81.41799927 -48.98199844 345.31799316 0.562648 0.769855 -0.301248
80.81800079 -49.41299820 342.91799927 0.999999 0.000978 0.000978
80.51799774 -49.18099976 342.91799927 0.369191 0.927610 -0.056900
80.81800079 -49.37200165 343.21798706 0.999999 0.000978 0.000978
80.51799774 -49.18799973 343.21798706 0.999999 -0.000978 -0.000978
83.81800079 -30.04500008 342.31799316 -0.999999 -0.000978 -0.000978
83.21800232 -31.31800079 338.11801147 -0.521491 -0.801931 0.291468
82.91799927 -31.07399940 338.11801147 -0.554612 -0.766811 0.323121
80.21800232 -49.07899857 342.91799927 0.429371 0.902610 0.030574
80.21800232 -49.03300095 343.21798706 0.510480 0.825096 -0.242131
79.91799927 -48.86899948 342.91799927 0.999999 -0.000978 -0.000978
79.91799927 -48.76300049 343.21798706 0.999999 -0.000978 -0.000978
83.21800232 -31.17300034 338.41799927 -0.501896 -0.798254 0.333004
83.51799774 -29.88899994 342.31799316 -0.442260 -0.799284 0.406879
79.91799927 -48.66099930 343.51800537 0.999999 -0.000978 -0.000978
80.21800232 -48.90299988 343.51800537 0.999999 0.000978 0.000978
80.21800232 -48.69599915 343.81799316 0.548703 0.738702 -0.391463
79.91799927 -48.50899887 343.81799316 0.522782 0.792912 -0.313033
83.51799774 -31.27199936 338.71798706 -0.999999 0.000978 0.000978
83.81800079 -31.46500015 338.71798706 -0.556584 -0.783632 0.275927
83.81800079 -31.37999916 339.01800537 -0.560606 -0.776591 0.287450
83.51799774 -31.18199921 339.01800537 -0.539501 -0.789475 0.292691
79.61799622 -48.35100174 343.51800537 0.486399 0.828276 -0.278164
79.31800079 -48.21400070 343.51800537 0.475295 0.791085 -0.385070
79.61799622 -48.30400085 343.81799316 0.594451 0.776646 -0.208444
79.31800079 -48.03099823 343.81799316 0.539763 0.784965 -0.304114
83.51799774 -31.48699951 338.11801147 -0.999999 -0.000978 -0.000978
83.51799774 -31.37400055 338.41799927 -0.999999 -0.000978 -0.000978
79.31800079 -47.06200027 346.51800537 0.520026 0.801378 -0.295577
79.31800079 -46.92200089 346.81799316 0.511288 0.779029 -0.362902
79.61799622 -47.11299896 346.81799316 0.520036 0.780859 -0.346154
78.71800232 -47.81000137 343.51800537 0.477014 0.798236 -0.367799
79.01799774 -47.99200058 343.51800537 0.531359 0.786666 -0.314347
79.01799774 -47.87599945 343.81799316 0.510015 0.815712 -0.272944
79.61799622 -47.24399948 346.51800537 0.531069 0.778152 -0.335328
79.01799774 -46.85499954 346.51800537 0.541696 0.786334 -0.297059
78.71800232 -46.65100098 346.51800537 0.541936 0.770289 -0.336097
79.01799774 -46.72000122 346.81799316 0.511108 0.797711 -0.320040
90.71800232 -41.14699936 337.08599854 -0.269002 -0.077768 0.959995
91.01799774 -41.14699936 337.17898560 -0.297938 -0.081965 0.951060
90.71800232 -40.84700012 337.10400391 -0.261256 -0.053751 0.963772
91.01799774 -40.84700012 337.19000244 -0.261476 0.008435 0.965173
85.67099762 -49.24700165 352.51800537 0.432884 0.867276 -0.245854
78.71800232 -46.48400116 346.81799316 0.587958 0.751368 -0.299586
83.81800079 -31.73699951 338.11801147 -0.566204 -0.767167 0.301444
83.81800079 -31.59000015 338.41799927 -0.562055 -0.753186 0.341768
87.11799622 -31.94099998 343.51800537 -0.505891 -0.804034 0.312416
87.41799927 -32.06000137 343.81799316 -0.999999 0.000978 0.000978
87.11799622 -31.83699989 343.81799316 -0.999999 -0.000978 -0.000978
87.41799927 -32.16299820 343.51800537 -0.528708 -0.797007 0.291973
87.11799622 -32.06999969 343.21798706 -0.319278 -0.898434 0.301458
87.11799622 -32.17100143 342.91799927 -0.605741 -0.722666 0.332914
87.41799927 -32.43000031 342.91799927 -0.523632 -0.766804 0.371243
87.41799927 -32.27899933 343.21798706 -0.556345 -0.759532 0.337032
90.71800232 -35.46200180 341.11801147 -0.499375 -0.811287 0.304036
91.01799774 -35.65499878 341.11801147 0.267119 -0.931383 0.247332
91.01799774 -35.57500076 341.41799927 -0.501727 -0.817456 0.282905
90.71800232 -35.36299896 341.41799927 -0.999999 0.000978 0.000978
90.71800232 -35.62900162 340.51800537 -0.480797 -0.868304 0.121993
90.97599792 -35.74700165 340.81799316 -0.507702 -0.797363 0.326266
90.71800232 -35.58700180 340.81799316 -0.524101 -0.843498 0.117596
77.51799774 -46.43000031 344.71798706 0.546057 0.773448 -0.321870
77.51799774 -46.32699966 345.01800537 0.999999 -0.000978 -0.000978
91.18399811 -36.04700089 340.51800537 0.000978 0.000978 0.999999
91.01799774 -35.91099930 340.51800537 -0.599108 -0.734756 0.318125
91.01799774 -35.77999878 340.81799316 -0.511248 -0.790110 0.338161
91.31800079 -36.17499924 340.51800537 -0.529317 -0.785180 0.321428
91.61799622 -36.34700012 340.51800537 -0.497477 -0.795003 0.347114
91.61799622 -36.22800064 340.81799316 -0.517038 -0.806202 0.287593
91.31800079 -36.04399872 340.81799316 -0.565675 -0.720699 0.400755
79.01799774 -46.61299896 347.11801147 0.496481 0.807376 -0.318826
91.32800293 -36.34700012 339.91799927 -0.555657 -0.819409 0.140766
91.40399933 -36.34700012 340.21798706 -0.568972 -0.809633 0.144100
78.71800232 -46.41299820 347.11801147 0.549027 0.786358 -0.283215
78.71800232 -46.26800156 347.41799927 0.557406 0.766233 -0.319665
91.61799622 -36.54399872 339.91799927 -0.560092 -0.775879 0.290360
91.61799622 -36.49700165 340.21798706 -0.570019 -0.811577 0.128144
91.91799927 -36.76800156 339.91799927 -0.598298 -0.736987 0.314469
91.91799927 -36.66699982 340.21798706 -0.499851 -0.812061 0.301172
92.21800232 -36.86700058 340.21798706 -0.607388 -0.708893 0.358539
79.01799774 -46.48300171 347.41799927 0.516030 0.798655 -0.309618
92.21800232 -37.06000137 339.91799927 -0.467951 -0.732518 0.494408
91.94699860 -36.94699860 339.61801147 -0.653345 -0.676155 0.340521
92.21800232 -37.30300140 339.31799316 -0.999999 0.000978 0.000978
91.91799927 -37.06999969 339.31799316 -0.582177 -0.757628 0.295076
92.21800232 -37.27199936 339.61801147 -0.556602 -0.768336 0.315996
92.51799774 -37.51699829 339.31799316 -0.499633 -0.804172 0.321986
92.51799774 -37.41799927 339.61801147 -0.462703 -0.812514 0.354580
92.51799774 -37.25799942 339.91799927 -0.503590 -0.775626 0.380527
92.81800079 -37.44800186 339.91799927 -0.543281 -0.768976 0.336931
92.81800079 -37.34899902 340.21798706 -0.566839 -0.773251 0.284213
92.51799774 -37.12500000 340.21798706 -0.551383 -0.775133 0.308455
78.41799927 -46.19499969 347.11801147 0.596176 0.746419 -0.295691
78.41799927 -46.04600143 347.41799927 0.558581 0.752870 -0.348101
84.11799622 -31.93700027 338.11801147 -0.999999 -0.000978 -0.000978
76.91799927 -46.01599884 344.71798706 0.558352 0.779795 -0.283130
77.21800232 -46.23099899 344.71798706 0.540861 0.780180 -0.314306
92.81800079 -37.67200089 339.31799316 -0.467132 -0.825738 0.316140
92.81800079 -37.61000061 339.61801147 -0.483171 -0.819974 0.306900
77.21800232 -46.13299942 345.01800537 0.999999 0.000978 0.000978
84.41799927 -32.04000092 338.41799927 -0.529544 -0.782318 0.327966
84.11799622 -31.82999992 338.41799927 -0.560749 -0.768434 0.308332
78.11799622 -45.92900085 347.11801147 0.568932 0.755890 -0.323953
78.11799622 -45.82400131 347.41799927 0.999999 -0.000978 -0.000978
77.21800232 -46.04600143 345.31799316 0.490023 0.826038 -0.278457
76.91799927 -45.89599991 345.01800537 0.589044 0.762757 -0.266886
76.91799927 -45.80699921 345.31799316 0.999999 -0.000978 -0.000978
76.91799927 -45.71699905 345.61801147 0.535058 0.793906 -0.288837
77.21800232 -45.93099976 345.61801147 0.530380 0.793195 -0.299229
84.41799927 -32.14799881 338.11801147 -0.534491 -0.791427 0.296587
84.11799622 -32.03400040 337.81799316 -0.562648 -0.769855 0.301248
77.81800079 -45.52700043 347.71798706 0.553246 0.768130 -0.322326
77.81800079 -45.38700104 348.01800537 0.489413 0.809352 -0.324691
92.21800232 -41.14699936 337.52398682 -0.327985 -0.069256 0.942141
92.21800232 -40.84700012 337.54501343 -0.280384 -0.062167 0.957873
76.31800079 -45.35800171 345.31799316 0.530266 0.805566 -0.264351
76.61799622 -45.55899811 345.31799316 0.601684 0.776218 -0.188313
76.61799622 -45.52899933 345.61801147 0.999999 0.000978 0.000978
76.31800079 -45.30099869 345.61801147 0.593297 0.770820 -0.232024
84.41799927 -32.40000153 337.51800537 -0.552202 -0.773083 0.312114
84.41799927 -32.26399994 337.81799316 -0.587778 -0.745593 0.314019
91.91799927 -41.14699936 337.42199707 -0.275695 -0.120040 0.953721
91.91799927 -40.84700012 337.46701050 -0.288721 -0.097982 0.952386
76.31800079 -45.17900085 345.91799927 0.565032 0.771946 -0.291270
84.71800232 -32.60499954 337.51800537 -0.999999 0.000978 0.000978
76.61799622 -45.25999832 346.21798706 0.463071 0.778284 -0.424075
84.71800232 -32.50400162 337.81799316 -0.562749 -0.756244 0.333779
85.01799774 -32.70500183 337.81799316 -0.516736 -0.801178 0.301824
76.01799774 -44.96400070 345.91799927 0.582523 0.743886 -0.327568
76.28099823 -45.04700089 346.21798706 0.609542 0.725953 -0.318514
76.01799774 -44.80400085 346.21798706 0.591869 0.731323 -0.338906
92.51799774 -41.14699936 337.63000488 -0.369746 0.021901 0.928875
92.81800079 -41.14699936 337.74600220 -0.226668 0.173646 0.958368
75.71800232 -44.69699860 345.91799927 0.999999 0.000978 0.000978
92.51799774 -40.84700012 337.64199829 -0.282288 -0.008554 0.959291
75.71800232 -44.59099960 346.21798706 0.560749 0.768434 -0.308332
88.01799774 -45.04700089 336.01199341 -0.260028 0.035738 0.964939
92.81800079 -40.84700012 337.72198486 -0.265877 0.035862 0.963340
87.71800232 -45.04700089 335.94799805 -0.265367 -0.046097 0.963045
93.05400085 -41.14699936 337.81799316 -0.294304 0.095485 0.950930
88.01799774 -44.44699860 336.07199097 -0.239652 -0.106369 0.965014
87.71800232 -44.44699860 335.97900391 -0.245920 -0.095565 0.964568
88.01799774 -44.74700165 336.01199341 -0.267119 -0.096782 0.958791
87.71800232 -44.74700165 335.95001221 -0.181682 -0.051061 0.982031
87.41799927 -44.44699860 335.91900635 -0.262365 -0.085749 0.961151
87.11799622 -44.44699860 335.81600952 -0.289705 -0.075967 0.954096
87.41799927 -44.74700165 335.90100098 -0.238732 -0.117430 0.963959
87.11799622 -44.74700165 335.80099487 -0.344386 -0.095142 0.933995
86.81800079 -43.84700012 335.76998901 -0.294665 0.013562 0.955504
86.81800079 -44.14699936 335.78399658 -0.275482 -0.054090 0.959783
86.51799774 -43.54700089 335.70599365 -0.259572 -0.116090 0.958721
86.81800079 -43.24700165 335.83599854 -0.232187 -0.114169 0.965948
86.51799774 -43.24700165 335.74398804 -0.277635 -0.100366 0.955429
86.81800079 -43.54700089 335.77600098 -0.260350 -0.104917 0.959797
86.21800232 -42.64699936 335.71099854 -0.264638 0.033234 0.963775
85.91799927 -42.64699936 335.62100220 -0.298318 -0.013616 0.954369
75.41799927 -43.29800034 348.91799927 0.574693 0.760387 -0.302554
86.21800232 -42.94699860 335.69799805 -0.284220 -0.078450 0.955544
85.91799927 -42.94699860 335.59100342 -0.321720 -0.128960 0.938011
75.11799622 -43.08100128 348.91799927 0.549153 0.764949 -0.336578
75.41799927 -43.19200134 349.21798706 0.475973 0.817536 -0.324168
85.01799774 -32.80699921 337.51800537 -0.999999 -0.000978 -0.000978
86.21800232 -42.04700089 335.72100830 -0.999999 0.000978 0.000978
93.11799622 -40.84700012 337.80801392 -0.268938 0.048784 0.961921
93.11799622 -41.14699936 337.83898926 -0.184237 0.036378 0.982208
93.41799927 -41.14699936 337.85998535 -0.069330 -0.103427 0.992218
93.41799927 -40.84700012 337.89099121 -0.309154 -0.119111 0.943523
75.11799622 -42.94499969 349.21798706 0.532563 0.773905 -0.342706
85.91799927 -42.04700089 335.59600830 -0.323187 -0.074582 0.943392
86.21800232 -42.34700012 335.67800903 -0.329014 -0.016388 0.944183
85.91799927 -42.34700012 335.60000610 -0.258294 0.040783 0.965205
85.31800079 -33.04700089 337.51800537 -0.999999 -0.000978 -0.000978
85.61799622 -33.26499939 337.51800537 -0.999999 -0.000978 -0.000978
85.61799622 -33.17399979 337.81799316 -0.999999 -0.000978 -0.000978
85.31800079 -32.94300079 337.81799316 -0.601355 -0.739265 0.303083
85.61799622 -42.04700089 335.51199341 -0.216201 -0.029862 0.975892
85.31800079 -42.04700089 335.46398926 -0.184454 -0.022042 0.982594
85.61799622 -42.34700012 335.51699829 -0.241636 0.020437 0.970152
85.31800079 -42.34700012 335.45001221 -0.270820 -0.085995 0.958781
90.11799622 -52.36899948 341.71798706 -0.501727 0.817456 0.282905
90.41799927 -52.16099930 341.71798706 -0.799168 0.599727 0.040731
90.11799622 -52.50999832 342.01800537 -0.619302 0.763041 0.185026
90.30999756 -52.24700165 342.01800537 -0.726201 0.687470 -0.004150
90.07399750 -52.54700089 342.31799316 -0.626940 0.776144 -0.067428
90.00800323 -52.54700089 342.61801147 -0.735394 0.645598 -0.205910
84.71800232 -31.53800011 340.21798706 -0.662696 -0.737493 0.130146
84.71800232 -31.52400017 339.91799927 -0.339875 -0.939503 -0.042646
89.51799774 -52.84400177 342.31799316 0.000978 0.000978 0.999999
89.81800079 -52.73500061 342.31799316 -0.465829 0.872159 0.149472
89.51799774 -53.02199936 342.61801147 -0.304209 0.942371 0.139260
89.81800079 -52.75000000 342.61801147 -0.730270 0.682245 0.035313
85.61799622 -41.44699860 335.57400513 -0.297024 -0.104289 0.949158
85.31800079 -41.44699860 335.49700928 -0.205191 -0.131271 0.969879
85.61799622 -41.74700165 335.53601074 -0.292567 -0.098397 0.951169
85.31800079 -41.74700165 335.46301270 -0.209301 -0.054442 0.976335
89.51799774 -53.06600189 342.91799927 -0.746398 0.663623 0.049950
89.70099640 -52.84700012 342.91799927 -0.765978 0.640455 -0.055630
89.51799774 -53.06700134 343.21798706 -0.806665 0.591008 0.001365
89.67900085 -52.84700012 343.21798706 -0.828828 0.543228 -0.133967
74.81800079 -42.67300034 349.51800537 0.546737 0.816319 -0.186284
74.51799774 -42.42499924 349.51800537 0.282052 0.910458 -0.302512
93.71800232 -41.14699936 338.02499390 -0.098703 0.069206 0.992707
94.01799774 -41.14699936 338.05499268 -0.186519 -0.034019 0.981862
93.71800232 -40.84700012 338.00399780 -0.304588 0.039179 0.951678
74.88200378 -42.64699936 349.81799316 0.491743 0.850460 -0.186832
74.81800079 -42.60400009 349.81799316 0.546737 0.816319 -0.186284
94.01799774 -40.84700012 338.08300781 -0.194655 -0.031853 0.980354
83.51799774 -39.64699936 335.08499146 -0.274483 -0.023386 0.961307
83.51799774 -39.94699860 335.09399414 -0.335857 -0.021546 0.941667
74.58899689 -42.34700012 349.81799316 0.705475 0.627629 -0.329222
83.51799774 -39.34700012 335.10800171 -0.341164 -0.094991 0.935192
83.81800079 -39.04700089 335.22799683 -0.291899 -0.057360 0.954728
83.51799774 -39.04700089 335.14599609 -0.289104 -0.070670 0.954686
83.81800079 -39.34700012 335.22299194 -0.234253 -0.025227 0.971848
83.81800079 -38.44699860 335.29598999 -0.280631 -0.036170 0.959134
83.51799774 -38.44699860 335.18499756 -0.334155 -0.080567 0.939068
83.81800079 -38.74700165 335.25900269 -0.325686 -0.105881 0.939531
83.51799774 -38.74700165 335.15301514 -0.314092 -0.060750 0.947447
83.21800232 -38.44699860 335.08200073 -0.306237 -0.090688 0.947626
82.91799927 -38.44699860 334.99200439 -0.282430 -0.083826 0.955618
83.21800232 -38.74700165 335.06100464 -0.297317 -0.054870 0.953201
82.91799927 -38.74700165 334.96499634 -0.291017 -0.081485 0.953242
85.31800079 -33.30500031 336.91799927 -0.550651 -0.734749 0.396140
85.31800079 -33.09799957 337.21798706 -0.591496 -0.739773 0.320730
83.21800232 -37.84700012 335.14801025 -0.221771 -0.088959 0.971032
83.21800232 -38.14699936 335.11898804 -0.296282 -0.104028 0.949418
85.91799927 -33.29800034 337.81799316 -0.446185 -0.817742 0.363617
82.91799927 -37.84700012 335.07699585 -0.293646 -0.092662 0.951413
82.91799927 -38.14699936 335.01699829 -0.322427 -0.131964 0.937351
82.61799622 -37.84700012 334.95098877 -0.240707 -0.111987 0.964116
82.31800079 -37.84700012 334.87500000 -0.265932 -0.091213 0.959667
82.61799622 -38.14699936 334.91400146 -0.277536 -0.072901 0.957945
82.31800079 -38.14699936 334.84298706 -0.248102 -0.106697 0.962840
82.91799927 -37.24700165 335.09298706 -0.305995 -0.044439 0.950996
82.91799927 -37.54700089 335.07501221 -0.301087 -0.026236 0.953236
82.61799622 -37.24700165 334.99499512 -0.276364 -0.080981 0.957635
82.31800079 -37.24700165 334.92001343 -0.267098 -0.040997 0.962797
82.61799622 -37.54700089 334.98400879 -0.279945 -0.070306 0.957438
82.31800079 -37.54700089 334.89999390 -0.271469 -0.072647 0.959701
85.86799622 -33.64699936 336.91799927 -0.494129 -0.817274 0.296478
85.61799622 -33.49700165 336.91799927 -0.493802 -0.797435 0.346780
85.61799622 -33.36299896 337.21798706 -0.518354 -0.797346 0.309110
85.91799927 -33.67900085 336.91799927 -0.515092 -0.804930 0.294563
86.21800232 -33.80699921 337.21798706 -0.494510 -0.795377 0.350478
82.61799622 -36.64699936 335.04000854 -0.272381 -0.038556 0.961417
82.31800079 -36.64699936 334.95001221 -0.276398 -0.094728 0.956363
82.61799622 -36.94699860 335.03500366 -0.282939 -0.072975 0.956358
82.31800079 -36.94699860 334.92498779 -0.325898 -0.047661 0.944203
85.91799927 -33.56900024 337.21798706 -0.515092 -0.804930 0.294563
82.01799774 -36.64699936 334.86700439 -0.264713 -0.142333 0.953765
82.01799774 -36.94699860 334.82800293 -0.272020 -0.061995 0.960293
81.71800232 -36.64699936 334.78298950 -0.275654 -0.064785 0.959071
81.71800232 -36.94699860 334.75500488 -0.274228 -0.048835 0.960424
86.21800232 -33.67499924 337.51800537 -0.563483 -0.736611 0.374022
85.91799927 -33.45500183 337.51800537 -0.530389 -0.772208 0.349831
86.38300323 -33.64699936 337.81799316 -0.643535 -0.669869 0.370321
86.21800232 -33.50099945 337.81799316 -0.552388 -0.739250 0.385197
73.61799622 -42.49000168 347.71798706 0.524479 0.797017 -0.299476
73.61799622 -42.37900162 348.01800537 0.510586 0.796895 -0.322894
82.01799774 -36.04700089 334.89199829 -0.232788 -0.005908 0.972510
82.01799774 -36.34700012 334.91699219 -0.299268 -0.039145 0.953366
81.71800232 -36.04700089 334.81298828 -0.248887 -0.053244 0.967068
81.71800232 -36.34700012 334.79598999 -0.283189 -0.049086 0.957807
82.01799774 -35.44699860 334.94198608 -0.301909 -0.101515 0.947916
81.71800232 -35.44699860 334.83898926 -0.235029 -0.100364 0.966793
82.01799774 -35.74700165 334.92001343 -0.269608 -0.080499 0.959600
81.71800232 -35.74700165 334.82901001 -0.284229 -0.041320 0.957865
73.31800079 -42.30099869 347.71798706 0.568908 0.766512 -0.297999
73.31800079 -42.13800049 348.01800537 0.472206 0.791307 -0.388401
81.41799927 -36.04700089 334.73800659 -0.275518 -0.051581 0.959911
81.11799622 -36.04700089 334.64099121 -0.346495 -0.013961 0.937948
81.41799927 -36.34700012 334.70901489 -0.286043 -0.070549 0.955616
81.11799622 -36.34700012 334.61599731 -0.313852 -0.071626 0.946766
81.41799927 -35.44699860 334.79699707 -0.220258 -0.083374 0.971872
81.11799622 -35.44699860 334.70401001 -0.368685 -0.125657 0.921022
81.41799927 -35.74700165 334.74200439 -0.228084 -0.094510 0.969044
81.11799622 -35.74700165 334.62500000 -0.232566 -0.102939 0.967118
80.81800079 -35.44699860 334.57901001 -0.063478 0.083523 0.994482
80.51799774 -35.44699860 334.54800415 -0.076025 -0.091911 0.992861
80.81800079 -35.74700165 334.58599854 -0.154262 -0.087295 0.984166
80.51799774 -35.74700165 334.53201294 -0.250761 -0.167621 0.953427
94.91799927 -40.54700089 338.35000610 -0.294271 -0.054778 0.954151
94.91799927 -40.24700165 338.36199951 -0.346793 -0.142309 0.927083
81.41799927 -34.84700012 334.79199219 -0.295826 -0.026212 0.954882
81.11799622 -34.84700012 334.65701294 -0.415968 -0.046813 0.908174
95.21800232 -40.54700089 338.45199585 -0.329624 -0.178137 0.927154
81.41799927 -35.14699936 334.79299927 -0.293988 0.008611 0.955770
95.21800232 -40.24700165 338.51699829 -0.999999 -0.000978 -0.000978
81.11799622 -35.14699936 334.70599365 -0.329483 0.074823 0.941192
73.02400208 -42.04700089 347.71798706 0.922542 -0.368743 0.113776
73.01799774 -41.97000122 348.01800537 0.531613 0.783850 -0.320884
73.01799774 -41.64500046 348.61801147 0.999999 0.000978 0.000978
87.11799622 -35.14699936 336.55599976 -0.422690 -0.314308 0.850025
87.41799927 -35.14699936 336.70001221 -0.374668 -0.480797 0.792753
87.11799622 -34.84700012 336.67800903 -0.584887 -0.444914 0.678202
95.81800079 -40.24700165 338.84698486 -0.457693 -0.467536 0.756259
95.81800079 -39.98400116 339.01800537 -0.558419 -0.622527 0.548296
87.41799927 -34.87400055 336.91799927 -0.999999 -0.000978 -0.000978
87.11799622 -34.59500122 336.91799927 -0.532280 -0.695802 0.482222
95.51799774 -40.54700089 338.59698486 -0.261987 -0.256323 0.930409
87.41799927 -34.74499893 337.21798706 -0.526128 -0.737239 0.423871
95.81800079 -40.54700089 338.67001343 -0.282597 -0.226359 0.932148
95.51799774 -40.24700165 338.66299438 -0.456760 -0.336643 0.823433
95.51799774 -41.14699936 338.44198608 -0.210417 -0.109618 0.971447
95.81800079 -41.14699936 338.52700806 -0.291764 -0.171223 0.941040
95.51799774 -40.84700012 338.49700928 -0.318378 -0.237703 0.917678
95.81800079 -40.84700012 338.60900879 -0.282036 -0.223103 0.933103
96.11799622 -40.54700089 338.77801514 -0.322228 -0.298470 0.898379
96.41799927 -40.54700089 338.99499512 -0.529577 -0.430591 0.730849
96.11799622 -40.26100159 339.01800537 -0.477831 -0.652197 0.588486
96.41799927 -40.84700012 338.81900024 -0.423938 -0.382656 0.820884
87.71800232 -35.14699936 336.83599854 -0.381234 -0.387510 0.839343
87.11799622 -35.74700165 336.42001343 -0.294576 -0.068177 0.953193
87.41799927 -35.74700165 336.51998901 -0.294629 -0.121318 0.947879
87.11799622 -35.44699860 336.45599365 -0.366095 -0.206923 0.907280
87.41799927 -35.44699860 336.57199097 -0.361037 -0.268921 0.892936
87.71800232 -35.74700165 336.60699463 -0.305688 -0.223223 0.925595
88.01799774 -35.74700165 336.76400757 -0.445421 -0.403613 0.799185
87.71800232 -35.44699860 336.69699097 -0.417443 -0.324333 0.848852
88.01799774 -35.44699860 336.86700439 -0.470686 -0.287382 0.834186
88.01799774 -35.16400146 337.21798706 -0.590954 -0.753426 0.288309
87.71800232 -36.34700012 336.54199219 -0.214739 -0.022542 0.976411
88.01799774 -36.34700012 336.60598755 -0.217180 0.034797 0.975511
87.71800232 -36.04700089 336.55300903 -0.119665 -0.107817 0.986943
88.01799774 -36.04700089 336.56698608 -0.046630 0.128518 0.990610
80.81800079 -46.76599884 349.81799316 0.458308 0.826843 -0.326013
80.51799774 -46.62099838 349.81799316 0.508746 0.803533 -0.309051
80.51799774 -46.71099854 349.51800537 0.527009 0.800739 -0.284742
80.81800079 -46.91400146 349.51800537 0.520641 0.767175 -0.374667
88.31800079 -36.34700012 336.67498779 -0.262658 -0.116302 0.957854
88.61799622 -36.34700012 336.76998901 -0.446401 -0.105615 0.888578
88.31800079 -36.04700089 336.74899292 -0.439417 -0.366446 0.820140
88.61799622 -36.04700089 336.88000488 -0.429456 -0.350801 0.832169
88.31800079 -36.94699860 336.64001465 -0.267070 -0.043477 0.962696
88.61799622 -36.94699860 336.77600098 -0.195838 -0.087450 0.976729
88.31800079 -36.64699936 336.67700195 -0.243614 -0.055648 0.968274
88.61799622 -36.64699936 336.80899048 -0.198335 0.010439 0.980079
88.91799927 -36.94699860 336.83999634 -0.238716 0.030294 0.970617
88.91799927 -36.64699936 336.84500122 -0.168998 -0.093618 0.981160
89.21800232 -36.94699860 336.95800781 -0.216379 -0.062346 0.974317
89.21800232 -36.64699936 336.97500610 -0.999999 0.000978 0.000978
89.21800232 -37.54700089 336.92498779 -0.234569 -0.095095 0.967437
89.21800232 -37.24700165 336.93701172 -0.226335 -0.052608 0.972628
88.91799927 -37.54700089 336.83999634 -0.271488 -0.086207 0.958573
88.91799927 -37.24700165 336.86401367 -0.291258 0.001219 0.956644
89.51799774 -37.54700089 336.98599243 -0.279042 -0.020897 0.960052
89.81800079 -37.54700089 337.09899902 -0.311741 0.008694 0.950127
89.51799774 -37.24700165 337.00399780 -0.253562 -0.058707 0.965536
89.81800079 -37.24700165 337.09399414 -0.292827 -0.028660 0.955736
89.51799774 -38.14699936 336.99600220 -0.404800 -0.091938 0.909772
89.81800079 -38.14699936 337.10501099 -0.216411 -0.059910 0.974462
89.51799774 -37.84700012 336.99099731 -0.346482 0.016499 0.937912
89.81800079 -37.84700012 337.09899902 -0.253532 0.010814 0.967267
97.61000061 -39.34700012 344.41799927 -0.989656 0.126167 0.068292
97.47699738 -39.04700089 344.41799927 -0.864895 -0.498391 0.059696
97.31800079 -38.77099991 344.41799927 -0.863786 -0.497417 0.080319
89.51799774 -38.74700165 336.92199707 -0.262762 -0.104846 0.959147
89.81800079 -38.74700165 337.00201416 -0.267595 -0.113565 0.956816
89.51799774 -38.44699860 336.93099976 -0.999999 -0.000978 -0.000978
89.81800079 -38.44699860 337.06201172 -0.172642 -0.167527 0.970633
97.31800079 -38.72299957 344.71798706 -0.999999 0.000978 0.000978
97.44499969 -38.74700165 345.01800537 0.000978 0.000978 0.999999
97.31800079 -38.62300110 345.01800537 -0.680103 -0.695809 0.230889
90.11799622 -38.74700165 337.08898926 -0.275163 -0.089137 0.957256
90.41799927 -38.74700165 337.17498779 -0.301313 -0.096052 0.948675
90.11799622 -38.44699860 337.10998535 -0.211174 -0.064695 0.975305
90.41799927 -38.44699860 337.19198608 -0.282159 -0.054407 0.957824
91.61799622 -50.74900055 339.01800537 0.000978 0.000978 0.999999
90.11799622 -39.94699860 337.00000000 -0.254555 -0.079786 0.963762
90.41799927 -39.94699860 337.11898804 -0.357376 -0.070412 0.931303
90.11799622 -39.64699936 337.02499390 -0.238028 -0.040282 0.970423
90.41799927 -39.64699936 337.10800171 -0.252440 0.015702 0.967485
90.71800232 -39.94699860 337.21099854 -0.241968 -0.047902 0.969101
90.71800232 -39.64699936 337.18099976 -0.200790 0.069364 0.977176
91.01799774 -39.94699860 337.26800537 -0.228141 -0.050020 0.972342
91.01799774 -39.64699936 337.23098755 -0.241134 0.005939 0.970474
90.71800232 -40.54700089 337.11999512 -0.236765 -0.078922 0.968356
91.01799774 -40.54700089 337.17401123 -0.216021 -0.017707 0.976228
90.71800232 -40.24700165 337.15200806 -0.222976 -0.147347 0.963624
91.01799774 -40.24700165 337.20098877 -0.202798 -0.151130 0.967488
91.31800079 -40.54700089 337.25201416 -0.348362 -0.107084 0.931223
91.61799622 -40.54700089 337.40701294 -0.293188 -0.065295 0.953822
91.31800079 -40.24700165 337.33499146 -0.294636 -0.150712 0.943650
91.61799622 -40.24700165 337.40399170 -0.241286 -0.055681 0.968855
90.41799927 -50.28499985 339.01800537 -0.000978 -0.000978 0.999999
90.11799622 -50.17900085 339.01800537 0.267809 0.755888 0.597421
89.81800079 -50.65000153 339.61801147 0.311656 0.718585 0.621697
91.31800079 -41.14699936 337.27398682 -0.273633 -0.043731 0.960840
91.61799622 -41.14699936 337.35000610 -0.239999 -0.063419 0.968699
91.31800079 -40.84700012 337.26599121 -0.277003 0.036023 0.960194
91.61799622 -40.84700012 337.36300659 -0.318080 -0.091068 0.943680
91.31800079 -41.74700165 337.20401001 -0.237811 -0.055448 0.969727
91.61799622 -41.74700165 337.27499390 -0.259340 -0.085595 0.961986
91.31800079 -41.44699860 337.23901367 -0.292033 -0.109678 0.950099
91.61799622 -41.44699860 337.32299805 -0.245341 -0.120723 0.961891
91.91799927 -41.74700165 337.36599731 -0.300050 -0.065676 0.951660
92.21800232 -41.74700165 337.50100708 -0.999999 -0.000978 -0.000978
91.91799927 -41.44699860 337.39199829 -0.283701 -0.089385 0.954738
92.21800232 -41.44699860 337.50100708 -0.362411 -0.035072 0.931358
92.14199829 -42.34700012 337.51800537 -0.542248 0.175742 0.821634
92.29799652 -42.34700012 337.81799316 -0.926147 0.190304 0.325632
92.45500183 -42.04700089 337.81799316 -0.826344 0.407621 0.388588
91.91799927 -42.34700012 337.36999512 -0.424199 0.101530 0.899859
91.91799927 -42.04700089 337.35000610 -0.296239 0.006146 0.955094
92.21800232 -42.04700089 337.50399780 0.143913 0.010040 0.989539
92.40399933 -42.34700012 338.11801147 0.000978 0.999999 0.000978
92.47200012 -42.34700012 338.41799927 -0.924325 0.319467 0.208719
92.26699829 -42.94699860 338.11801147 -0.963772 0.053751 0.261256
92.29000092 -42.64699936 338.11801147 -0.971324 0.101782 0.214872
92.39399719 -42.94699860 338.41799927 -0.914250 -0.189696 0.357998
92.36799622 -42.64699936 338.41799927 -0.915570 0.120506 0.383680
92.19000244 -42.94699860 337.81799316 -0.988483 -0.007836 0.151127
92.23600006 -42.64699936 337.81799316 -0.972099 0.174545 0.156708
77.21800232 -46.54700089 340.52600098 0.254458 0.621131 0.741247
76.91799927 -46.54700089 340.64801025 0.999999 -0.000978 -0.000978
76.91799927 -46.38800049 340.51800537 0.198556 0.620294 0.758822
92.51799774 -42.94699860 338.67700195 -0.489914 -0.321853 0.810182
92.51799774 -43.54700089 338.26400757 -0.507733 -0.422289 0.750919
92.81800079 -43.54700089 338.50100708 -0.373788 -0.411640 0.831165
92.81800079 -43.24700165 338.68301392 -0.345285 -0.518730 0.782111
92.30000305 -43.54700089 338.11801147 -0.816376 -0.470803 0.334476
92.25599670 -43.24700165 338.11801147 -0.992161 -0.055434 0.112000
92.49299622 -43.24700165 338.41799927 -0.863996 -0.285960 0.414412
83.51799774 -29.72100067 342.61801147 -0.545464 -0.750624 0.372870
92.99800110 -45.34700012 348.61801147 0.000978 0.999999 0.000978
93.07499695 -45.34700012 348.31799316 0.000978 0.999999 0.000978
92.81800079 -44.04499817 338.11801147 -0.379029 -0.766192 0.518928
92.54900360 -43.84700012 338.11801147 -0.703078 -0.563460 0.433814
92.81800079 -43.84700012 338.38699341 -0.461927 -0.541972 0.702062
93.11799622 -43.54700089 338.65701294 -0.426013 -0.448691 0.785614
93.11799622 -44.12900162 338.11801147 0.000978 0.000978 0.999999
93.41799927 -44.12099838 338.11801147 0.000978 0.000978 0.999999
93.41799927 -43.96099854 338.41799927 -0.090154 -0.837148 0.539495
93.11799622 -43.84700012 338.48199463 -0.150781 -0.565803 0.810637
80.77899933 -46.24700165 351.31799316 0.606512 0.698557 -0.379686
97.19200134 -41.44699860 339.01800537 -0.686316 -0.092192 0.721437
97.01799774 -41.44699860 338.91598511 -0.376308 -0.114409 0.919404
81.04900360 -46.54700089 351.31799316 0.475377 0.863920 -0.166308
96.71800232 -41.44699860 338.82598877 -0.299927 -0.044293 0.952933
97.01799774 -41.74700165 338.92401123 -0.295826 0.026212 0.954882
96.71800232 -41.74700165 338.83099365 -0.296049 0.016103 0.955037
76.91799927 -46.63299942 343.21798706 0.999999 -0.000978 -0.000978
77.21800232 -46.85200119 343.21798706 0.563260 0.780991 -0.269797
76.91799927 -46.73600006 342.91799927 0.571260 0.768575 -0.288017
77.21800232 -46.97100067 342.91799927 0.527340 0.775690 -0.346722
79.01799774 -40.24700165 333.80999756 -0.266427 0.151288 0.951908
78.71800232 -40.24700165 333.66598511 -0.015929 -0.073276 0.997185
78.71800232 -40.54700089 333.81600952 -0.007428 0.083834 0.996452
78.41799927 -40.24700165 333.66101074 -0.017164 0.170495 0.985209
78.41799927 -40.54700089 333.81399536 -0.053997 0.272495 0.960641
78.11799622 -40.54700089 333.78298950 0.000978 0.999999 0.000978
93.11799622 -44.74700165 337.62701416 -0.282578 -0.245659 0.927255
93.41799927 -44.74700165 337.71798706 -0.255350 -0.255350 0.932520
93.11799622 -44.44699860 337.78100586 -0.266018 -0.459766 0.847260
93.41799927 -44.44699860 337.84100342 -0.000978 -0.999999 -0.000978
94.01799774 -44.14699936 338.11199951 -0.056422 -0.932937 -0.355592
77.21800232 -47.11899948 342.61801147 0.519951 0.788725 -0.327969
76.91799927 -46.85800171 342.61801147 0.581852 0.760392 -0.288535
76.91799927 -46.96300125 342.31799316 0.999999 -0.000978 -0.000978
85.31800079 -31.00399971 342.61801147 -0.557710 -0.758163 0.337859
82.91799927 -30.18199921 340.21798706 -0.505300 -0.779744 0.369692
82.91799927 -30.40999985 339.91799927 -0.769190 -0.622249 0.145441
83.21800232 -30.54100037 339.91799927 -0.411939 -0.819106 0.399215
83.21800232 -30.42399979 340.21798706 -0.498229 -0.815712 0.293908
83.51799774 -30.77700043 339.91799927 -0.999999 -0.000978 -0.000978
83.81800079 -30.85300064 340.21798706 -0.541998 -0.762033 0.354321
83.51799774 -30.61300087 340.21798706 -0.558811 -0.766964 0.315432
83.81800079 -30.73699951 340.51800537 -0.535634 -0.786763 0.306758
83.51799774 -30.53199959 340.51800537 -0.999999 -0.000978 -0.000978
83.51799774 -30.44700050 340.81799316 -0.527595 -0.793769 0.302614
83.81800079 -30.62000084 340.81799316 -0.463430 -0.820887 0.333733
84.11799622 -30.86400032 340.81799316 -0.542210 -0.778927 0.315089
77.21800232 -47.22000122 342.31799316 0.999999 -0.000978 -0.000978
84.41799927 -30.69300079 341.71798706 -0.557406 -0.766233 0.319665
84.11799622 -30.43400002 341.71798706 -0.514230 -0.794430 0.323185
84.11799622 -30.34900093 342.01800537 -0.999999 -0.000978 -0.000978
84.41799927 -30.58200073 342.01800537 -0.999999 0.000978 0.000978
84.71800232 -30.92099953 341.71798706 -0.565893 -0.769934 0.294902
84.71800232 -30.81500053 342.01800537 -0.544017 -0.771894 0.328978
84.71800232 -30.66500092 342.31799316 -0.480478 -0.802926 0.352776
85.01799774 -30.84600067 342.31799316 -0.557909 -0.777258 0.290875
85.01799774 -30.78199959 342.61801147 -0.585884 -0.773367 0.242165
84.71800232 -30.55200005 342.61801147 -0.999999 0.000978 0.000978
85.31800079 -30.86899948 342.91799927 -0.549748 -0.748767 0.370305
85.31800079 -30.70800018 343.21798706 -0.506622 -0.775309 0.377134
85.61799622 -31.09900093 342.91799927 -0.546125 -0.751533 0.370061
85.61799622 -30.95800018 343.21798706 -0.518354 -0.797346 0.309110
86.21800232 -31.29199982 343.51800537 -0.557961 -0.782410 0.276610
85.91799927 -31.06999969 343.51800537 -0.999999 0.000978 0.000978
85.91799927 -30.96299934 343.81799316 -0.999999 -0.000978 -0.000978
86.21800232 -31.20199966 343.81799316 -0.340528 -0.900703 0.269769
86.81800079 -31.51399994 344.11801147 -0.650506 -0.704848 0.282898
86.55999756 -31.24699974 344.11801147 -0.267119 -0.931383 0.247332
86.81800079 -31.33900070 344.41799927 -0.420553 -0.757650 0.499100
86.51799774 -31.15500069 344.41799927 0.300656 -0.899005 0.318428
86.81800079 -31.24699974 344.50900269 -0.999999 -0.000978 -0.000978
77.51799774 -47.06600189 343.21798706 0.999999 -0.000978 -0.000978
77.51799774 -47.14199829 342.91799927 0.529223 0.789862 -0.309905
94.98799896 -42.94699860 346.51800537 0.000978 0.999999 0.000978
95.16799927 -42.64699936 346.51800537 0.000978 0.999999 0.000978
94.95600128 -42.94699860 346.81799316 -0.000978 0.999999 -0.000978
95.10900116 -42.64699936 346.81799316 0.000978 0.999999 0.000978
85.61799622 -31.25200081 342.61801147 -0.545264 -0.775522 0.318204
82.01799774 -49.24700165 341.45800781 0.294267 0.699488 0.651247
81.71800232 -49.24700165 341.58200073 0.261863 0.680843 0.684018
81.71800232 -49.08900070 341.41799927 0.216568 0.702677 0.677749
83.51799774 -49.54700089 341.12200928 0.248466 0.570377 0.782901
94.47899628 -43.54700089 347.11801147 0.000978 0.999999 0.000978
94.64399719 -43.24700165 347.11801147 0.000978 0.999999 0.000978
94.41699982 -43.54700089 347.41799927 0.000978 0.999999 0.000978
94.66200256 -43.24700165 347.41799927 0.000978 0.999999 0.000978
77.81800079 -47.31000137 343.21798706 0.999999 -0.000978 -0.000978
77.81800079 -47.46099854 342.91799927 0.575160 0.768465 -0.280450
85.31800079 -31.13500023 342.31799316 -0.542520 -0.771119 0.333239
84.42900085 -31.24699974 340.21798706 -0.478961 -0.791817 0.378976
84.11799622 -31.08099937 340.21798706 -0.515759 -0.790405 0.330533
84.11799622 -31.23100090 339.91799927 -0.517815 -0.779143 0.353276
84.41799927 -31.41600037 339.91799927 -0.404514 -0.823305 0.398168
93.90699768 -43.54700089 349.51800537 -0.000978 0.999999 -0.000978
94.10500336 -43.24700165 349.51800537 -0.000978 0.999999 -0.000978
93.83100128 -43.54700089 349.81799316 0.000000 0.000000 0.000000
94.05100250 -43.24700165 349.81799316 0.000978 0.999999 0.000978
97.50299835 -38.44699860 346.81799316 -0.967488 0.121737 0.221689
97.47000122 -38.74700165 346.81799316 -0.965807 0.127657 -0.225656
97.64299774 -38.44699860 346.51800537 -0.997472 0.068755 0.017982
97.52999878 -38.74700165 346.51800537 -0.904693 0.420376 -0.069382
93.75499725 -43.84700012 349.51800537 -0.000978 0.999999 -0.000978
97.31800079 -38.25199890 346.21798706 -0.724674 -0.649546 0.230080
97.49299622 -38.44699860 346.21798706 0.000978 0.000978 0.999999
97.51499939 -38.74700165 346.21798706 -0.996032 -0.071067 0.053574
97.35399628 -38.44699860 345.91799927 -0.836517 -0.474696 0.273685
97.49800110 -38.74700165 345.91799927 -0.992957 0.055227 -0.104818
97.31800079 -38.48199844 345.61801147 -0.382902 -0.911334 0.151183
97.57800293 -38.74700165 345.61801147 -0.964573 -0.053657 -0.258301
97.40000153 -39.04700089 346.21798706 -0.907896 0.368066 -0.200632
97.51399994 -39.04700089 345.91799927 -0.964075 -0.051135 -0.260662
97.59500122 -39.04700089 345.61801147 -0.984699 0.005692 -0.174172
97.47399902 -39.34700012 345.61801147 -0.826818 0.476710 -0.298530
97.61799622 -39.04700089 345.36199951 0.000978 0.999999 0.000978
97.62200165 -39.04700089 345.31799316 -0.956333 0.288538 -0.046620
97.51100159 -39.34700012 345.31799316 -0.934313 0.323363 -0.149985
97.61799622 -38.99300003 345.01800537 -0.900261 -0.433360 0.041592
97.61799622 -39.15399933 345.01800537 -0.990532 0.136740 0.012229
97.57099915 -39.34700012 345.01800537 -0.971110 0.144199 -0.190138
97.61799622 -39.04700089 344.95901489 -0.911811 0.150794 0.381918
97.49800110 -39.04700089 344.71798706 -0.000978 -0.999999 -0.000978
93.75499725 -43.54700089 350.11801147 0.000978 0.999999 0.000978
97.63099670 -39.34700012 344.71798706 -0.963474 0.260025 -0.064064
93.96199799 -43.24700165 350.11801147 -0.804930 0.515092 -0.294563
97.34999847 -39.64699936 345.31799316 -0.829527 0.484020 -0.278584
93.83200073 -43.24700165 350.41799927 -0.820039 0.476914 -0.316368
97.19899750 -40.24700165 344.41799927 -0.000978 0.999999 -0.000978
97.00800323 -40.54700089 344.41799927 -0.000978 0.999999 -0.000978
97.26300049 -40.24700165 344.11801147 -0.851858 0.457281 -0.255405
97.10099792 -40.54700089 344.11801147 0.000978 0.999999 0.000978
93.67700195 -43.54700089 350.41799927 0.000978 0.999999 0.000978
93.38200378 -44.14699936 350.11801147 -0.645666 0.753028 -0.126747
93.41799927 -44.09500122 350.11801147 -0.832795 0.545129 -0.096368
93.57900238 -43.84700012 350.11801147 -0.807292 0.537678 -0.243272
93.29499817 -44.14699936 350.41799927 0.000978 0.999999 0.000978
93.49500275 -43.84700012 350.41799927 0.000978 0.999999 0.000978
95.77700043 -43.84700012 341.41799927 -0.946369 0.322195 -0.024007
95.52300262 -44.14699936 341.41799927 -0.000978 0.999999 -0.000978
95.78500366 -43.84700012 341.11801147 0.000978 0.999999 0.000978
95.62899780 -44.14699936 341.11801147 0.000978 0.999999 0.000978
93.05799866 -44.14699936 351.31799316 0.000978 0.999999 0.000978
93.00299835 -44.14699936 351.61801147 -0.000978 0.999999 -0.000978
93.12999725 -43.84700012 351.91799927 -0.826964 0.510907 -0.234741
93.11799622 -43.70800018 352.21798706 -0.719298 0.619081 -0.315198
92.94699860 -44.14699936 351.91799927 0.000978 0.999999 0.000978
92.86900330 -44.14699936 352.21798706 0.000978 0.999999 0.000978
92.81800079 -44.14699936 352.45901489 -0.000978 0.999999 -0.000978
85.61799622 -31.34499931 342.31799316 -0.530213 -0.800826 0.278480
92.80500031 -44.14699936 352.51800537 0.000978 0.999999 0.000978
92.71700287 -44.14699936 352.81799316 0.000978 0.999999 0.000978
79.91799927 -46.54700089 339.39300537 0.283072 0.689288 0.666898
79.91799927 -46.18899918 339.01800537 0.303677 0.724647 0.618601
80.21800232 -46.54700089 339.27398682 0.265950 0.689558 0.673633
80.21800232 -46.29600143 339.01800537 0.265933 0.692701 0.670407
80.21800232 -46.02899933 338.71798706 0.254491 0.719214 0.646502
82.91799927 -29.26099968 342.61801147 -0.606766 -0.765053 0.215705
83.21800232 -29.51600075 342.61801147 -0.554144 -0.774524 0.305019
82.91799927 -29.40399933 342.31799316 -0.528610 -0.759573 0.378973
83.21800232 -29.62100029 342.31799316 -0.999999 0.000978 0.000978
78.71800232 -47.94900131 341.41799927 0.000978 0.000978 0.999999
79.01799774 -48.06200027 341.41799927 -0.000978 -0.000978 0.999999
79.01799774 -47.79399872 341.11801147 0.000978 0.000978 0.999999
80.21800232 -48.51300049 341.41799927 0.000978 0.000978 0.999999
79.91799927 -48.64699936 341.68499756 0.220497 0.699022 0.680257
79.91799927 -48.39599991 341.41799927 0.265219 0.706721 0.655900
81.71800232 -48.34700012 340.54901123 0.251257 0.700043 0.668438
82.01799774 -48.94200134 341.11801147 0.000978 0.000978 0.999999
81.71800232 -48.84099960 341.11801147 0.174475 0.514477 0.839567
81.71800232 -48.60400009 340.81799316 0.271920 0.723530 0.634480
82.01799774 -48.68099976 340.81799316 -0.000978 -0.000978 0.999999
83.51799774 -49.23799896 340.81799316 0.230898 0.683271 0.692695
92.51799774 -48.64699936 337.10800171 -0.206037 -0.051811 0.977172
92.81800079 -48.64699936 337.17999268 -0.221620 -0.124261 0.967184
92.98699951 -48.64699936 337.21798706 0.000978 0.999999 0.000978
77.51799774 -47.29999924 342.61801147 0.532563 0.773905 -0.342706
77.81800079 -47.52700043 342.61801147 0.999999 -0.000978 -0.000978
77.51799774 -47.40399933 342.31799316 0.999999 -0.000978 -0.000978
77.81800079 -47.53300095 342.31799316 0.999999 0.000978 0.000978
86.81800079 -53.23799896 343.81799316 0.479650 0.815246 0.324515
86.81800079 -53.25899887 344.11801147 0.999999 0.000978 0.000978
86.81800079 -53.19300079 344.41799927 0.999999 -0.000978 -0.000978
94.54199982 -46.54700089 339.31799316 -0.000978 0.999999 -0.000978
94.75099945 -46.24700165 339.31799316 0.000978 0.999999 0.000978
94.50199890 -46.54700089 339.61801147 -0.000978 0.999999 -0.000978
94.68099976 -46.24700165 339.61801147 -0.000978 0.999999 -0.000978
94.85900116 -45.94699860 339.61801147 -0.000978 0.999999 -0.000978
84.71800232 -45.26900101 336.01800537 0.306067 0.900459 0.309025
84.71800232 -45.04700089 335.77200317 0.206529 0.725181 0.656855
85.01799774 -45.34700012 335.94799805 0.329374 0.634410 0.699311
83.81800079 -50.49000168 345.91799927 0.541183 0.785589 -0.299952
83.51799774 -50.27299881 345.91799927 0.567592 0.765849 -0.302183
83.81800079 -50.38600159 346.21798706 0.999999 0.000978 0.000978
83.51799774 -50.11600113 346.21798706 0.530881 0.793944 -0.296342
93.00499725 -47.74700165 342.61801147 -0.000978 0.999999 -0.000978
93.06199646 -47.74700165 342.31799316 -0.823486 0.511395 -0.245655
81.11799622 -47.73099899 348.01800537 0.552103 0.783068 -0.286334
80.51799774 -47.48899841 347.71798706 0.490567 0.789733 -0.368328
80.81800079 -47.64400101 347.71798706 0.500394 0.802219 -0.325653
80.81800079 -47.53400040 348.01800537 0.999999 0.000978 0.000978
80.51799774 -47.30699921 348.01800537 0.549323 0.736257 -0.395184
80.21800232 -46.96400070 348.31799316 0.511587 0.803017 -0.305685
79.91799927 -46.78599930 348.31799316 0.999999 0.000978 0.000978
80.21800232 -46.85599899 348.61801147 0.999999 0.000978 0.000978
79.91799927 -46.70600128 348.61801147 0.489946 0.802746 -0.339930
79.61799622 -46.55599976 348.31799316 0.999999 0.000978 0.000978
77.21800232 -44.20899963 350.11801147 0.646615 0.751149 -0.132907
77.14600372 -44.14699936 350.11801147 0.703968 0.701004 -0.114117
76.91799927 -43.91099930 350.11801147 0.652843 0.688482 -0.315892
76.82199860 -43.84700012 350.11801147 0.000978 0.000978 -0.999999
76.61799622 -43.66500092 350.11801147 0.584647 0.658356 -0.474083
92.33200073 -47.74700165 345.31799316 -0.000978 0.999999 -0.000978
92.51399994 -47.44699860 345.31799316 -0.000978 0.999999 -0.000978
92.24400330 -47.74700165 345.61801147 -0.000978 0.999999 -0.000978
92.42199707 -47.44699860 345.61801147 0.000978 0.999999 0.000978
92.00700378 -48.04700089 345.91799927 -0.818736 0.506837 -0.269793
81.41799927 -49.57400131 342.01800537 0.263859 0.753658 0.601978
82.01799774 -49.49399948 341.71798706 0.283020 0.695557 0.660379
85.61799622 -50.74700165 341.54501343 0.304527 0.678338 0.668671
85.31800079 -50.74700165 341.68399048 0.297231 0.724602 0.621776
85.31800079 -50.53300095 341.41799927 0.236010 0.758047 0.608000
87.12899780 -34.24700165 338.41799927 -0.745048 -0.640588 0.185878
87.41799927 -34.35100174 338.41799927 -0.201014 -0.972198 0.120102
87.11799622 -34.14899826 338.11801147 -0.997670 -0.066371 0.015803
87.41799927 -34.35800171 338.11801147 -0.999999 0.000978 0.000978
87.11799622 -34.21599960 337.81799316 -0.999999 -0.000978 -0.000978
87.41799927 -34.43999863 337.81799316 -0.999999 -0.000978 -0.000978
87.41799927 -34.52999878 337.51800537 -0.629338 -0.691454 0.354718
87.11799622 -34.30300140 337.51800537 -0.551220 -0.766565 0.329446
73.03800201 -42.34700012 347.11801147 0.594085 0.724296 -0.349941
73.01799774 -42.15399933 347.41799927 0.506622 0.775309 -0.377134
91.61799622 -38.14699936 337.58099365 -0.316568 -0.250074 0.915012
91.31800079 -37.84700012 337.54699707 -0.367741 -0.263523 0.891809
91.61799622 -37.84700012 337.67700195 -0.999999 -0.000978 -0.000978
94.31800079 -38.51300049 339.91799927 -0.999999 -0.000978 -0.000978
94.61799622 -38.73099899 339.91799927 -0.547671 -0.755688 0.359155
94.61799622 -38.58000183 340.21798706 -0.498186 -0.792932 0.350812
94.31800079 -38.42499924 340.21798706 -0.500886 -0.819206 0.279310
78.11799622 -47.71099854 342.61801147 0.999999 0.000978 0.000978
96.71800232 -39.29899979 342.31799316 -0.555667 -0.780467 0.286541
96.71800232 -39.22100067 342.61801147 -0.571092 -0.778761 0.259587
97.01799774 -39.34700012 342.90200806 -0.999999 0.000978 0.000978
96.71800232 -39.09899902 342.91799927 -0.491380 -0.798692 0.347327
97.01799774 -39.34199905 342.91799927 -0.999999 0.000978 0.000978
97.19100189 -39.34700012 343.21798706 0.000978 0.000978 0.999999
97.01799774 -39.20299911 343.21798706 -0.597991 -0.730878 0.328976
96.71800232 -38.95899963 343.21798706 -0.547621 -0.769239 0.329215
96.98999786 -39.04700089 343.51800537 -0.551335 -0.749750 0.365930
96.71800232 -38.84400177 343.51800537 -0.568429 -0.763777 0.305831
97.31099701 -39.34700012 343.81799316 -0.000978 -0.999999 -0.000978
97.18900299 -39.04700089 343.81799316 -0.617644 -0.752118 0.229857
97.01799774 -38.90599823 343.81799316 -0.518337 -0.753796 0.403878
78.41799927 -47.91799927 342.61801147 0.999999 -0.000978 -0.000978
78.41799927 -47.99200058 342.31799316 0.999999 0.000978 0.000978
78.11799622 -47.77099991 342.31799316 0.999999 -0.000978 -0.000978
83.81800079 -44.65599823 335.71798706 0.189213 0.721471 0.666092
83.51799774 -44.52000046 335.71798706 0.000978 0.000978 0.999999
84.11799622 -44.74700165 335.73098755 0.208671 0.771309 0.601281
84.11799622 -44.73500061 335.71798706 0.208671 0.771309 0.601281
84.14499664 -44.74700165 335.71798706 0.318537 0.703369 0.635457
78.41799927 -47.26800156 340.81799316 0.232390 0.603590 0.762676
81.71800232 -44.65299988 336.61801147 0.243178 0.881706 -0.404302
81.71800232 -44.39599991 336.31799316 0.000978 0.000978 0.999999
82.01799774 -44.74700165 336.59399414 0.276198 0.716836 0.640203
82.01799774 -44.50000000 336.31799316 0.268971 0.724152 0.635026
82.01799774 -44.23600006 336.01800537 0.000978 0.000978 0.999999
78.41799927 -47.97200012 342.01800537 0.999999 0.000978 0.000978
78.11799622 -47.75500107 342.01800537 0.999999 -0.000978 -0.000978
78.41799927 -48.03200150 341.71798706 0.466834 0.867398 -0.172301
78.11799622 -47.79000092 341.71798706 0.999999 0.000978 0.000978
93.41799927 -40.24700165 337.93701172 -0.293504 -0.031224 0.955448
93.11799622 -40.24700165 337.84298706 -0.256267 -0.087972 0.962595
93.41799927 -40.54700089 337.93600464 -0.256396 -0.074519 0.963695
93.11799622 -40.54700089 337.81399536 -0.309573 -0.055235 0.949270
89.21800232 -40.24700165 336.69699097 -0.316001 -0.079984 0.945381
89.21800232 -40.54700089 336.67300415 -0.248762 -0.066253 0.966296
88.91799927 -40.24700165 336.60000610 -0.281022 -0.064851 0.957508
88.91799927 -40.54700089 336.60101318 -0.247877 0.008382 0.968755
86.21800232 -45.04700089 335.62701416 -0.125283 0.231192 0.964808
85.91799927 -45.04700089 335.59698486 -0.097300 0.226191 0.969211
86.21800232 -40.84700012 335.83801270 -0.273205 -0.020827 0.961730
85.91799927 -40.84700012 335.74499512 -0.248640 -0.076990 0.965531
86.21800232 -41.14699936 335.80999756 -0.274272 -0.131173 0.952664
85.91799927 -41.14699936 335.71798706 -0.297430 -0.095649 0.949940
85.61799622 -40.84700012 335.68301392 -0.233838 -0.180389 0.955395
85.31800079 -40.84700012 335.59899902 -0.318796 -0.093919 0.943159
85.61799622 -41.14699936 335.60198975 -0.242354 -0.172728 0.954688
85.31800079 -41.14699936 335.54400635 -0.222186 -0.164339 0.961055
85.01799774 -40.84700012 335.48001099 -0.287551 -0.031120 0.957260
85.01799774 -41.14699936 335.46398926 -0.299682 -0.052285 0.952605
84.71800232 -40.84700012 335.38598633 -0.252847 -0.071703 0.964845
84.71800232 -41.14699936 335.35501099 -0.299268 -0.039145 0.953366
80.51799774 -42.94699860 335.22000122 0.287271 0.669230 0.685279
80.51799774 -42.56900024 334.81799316 0.307862 0.701151 0.643124
80.81800079 -42.64699936 334.76000977 0.286282 0.734097 0.615746
81.71800232 -40.84700012 334.48999023 -0.194751 -0.066530 0.978594
81.71800232 -41.14699936 334.47399902 -0.290546 -0.028680 0.956431
80.81800079 -41.44699860 334.22000122 -0.248441 -0.025450 0.968313
80.51799774 -41.74700165 334.31201172 0.111781 0.387783 0.914948
80.51799774 -41.44699860 334.17098999 -0.092079 0.020582 0.995539
80.81800079 -41.74700165 334.20001221 0.022042 0.184454 0.982594
80.21800232 -41.74700165 334.27200317 -0.109589 0.345002 0.932182
79.91799927 -41.74700165 334.24398804 -0.083692 0.412971 0.906890
79.91799927 -41.68999863 334.21798706 -0.086035 0.397398 0.913605
80.21800232 -41.44699860 334.16500854 -0.089601 0.343695 0.934797
79.91799927 -41.44699860 334.11300659 -0.145121 0.384642 0.911587
86.61100006 -30.94700050 345.01800537 0.066674 -0.904861 0.420454
86.81800079 -30.94700050 344.98001099 0.077301 -0.861551 0.501752
96.83200073 -42.34700012 340.51800537 0.000978 0.999999 0.000978
97.04499817 -42.04700089 340.51800537 0.000978 0.999999 0.000978
96.75700378 -42.34700012 340.81799316 0.000978 0.999999 0.000978
96.97299957 -42.04700089 340.81799316 -0.000978 0.999999 -0.000978
78.71800232 -48.12500000 342.01800537 0.999999 -0.000978 -0.000978
78.71800232 -48.19400024 341.71798706 0.485227 0.848014 -0.213137
86.51799774 -51.94699860 342.41198730 0.254547 0.649807 0.716210
87.41799927 -51.94699860 342.09100342 0.326793 0.798651 0.505334
87.11799622 -51.77799988 342.01800537 0.443223 0.873104 0.203082
87.41799927 -51.62099838 341.71798706 0.000978 0.000978 0.999999
87.11799622 -51.50799942 341.71798706 0.000978 0.000978 0.999999
95.28099823 -44.14699936 342.31799316 -0.000978 0.999999 -0.000978
95.45600128 -43.84700012 342.31799316 0.000978 0.999999 0.000978
95.20099640 -44.14699936 342.61801147 0.000978 0.999999 0.000978
83.21800232 -50.82899857 342.61801147 0.219939 0.926582 0.305077
95.39199829 -43.84700012 342.61801147 -0.000978 0.999999 -0.000978
83.81800079 -50.72100067 342.31799316 0.247585 0.795696 0.552783
83.51799774 -50.64699936 342.31799316 0.192884 0.729873 0.655806
84.11799622 -50.06299973 341.41799927 0.000978 0.000978 0.999999
84.11799622 -49.78699875 341.11801147 0.283371 0.712429 0.641986
94.63500214 -44.74700165 343.51800537 -0.000978 0.999999 -0.000978
94.83899689 -44.44699860 343.51800537 0.000978 0.999999 0.000978
94.59799957 -44.74700165 343.81799316 -0.000978 0.999999 -0.000978
94.79100037 -44.44699860 343.81799316 -0.000978 0.999999 -0.000978
94.10399628 -45.34700012 344.11801147 0.000978 0.999999 0.000978
94.29399872 -45.04700089 344.11801147 0.000978 0.999999 0.000978
94.04599762 -45.34700012 344.41799927 0.000978 0.999999 0.000978
94.23999786 -45.04700089 344.41799927 -0.000978 0.999999 -0.000978
93.78199768 -45.64699936 344.71798706 0.000978 0.999999 0.000978
93.72100067 -45.94699860 344.11801147 0.000978 0.999999 0.000978
93.91999817 -45.64699936 344.11801147 0.000978 0.999999 0.000978
93.85299683 -45.64699936 344.41799927 0.000978 0.999999 0.000978
93.60399628 -45.94699860 344.71798706 -0.000978 0.999999 -0.000978
93.52200317 -45.94699860 345.01800537 0.000978 0.999999 0.000978
93.71499634 -45.64699936 345.01800537 -0.000978 0.999999 -0.000978
92.51499939 -47.14699936 345.91799927 0.000978 0.999999 0.000978
92.44699860 -47.14699936 346.21798706 -0.000978 0.999999 -0.000978
82.31800079 -30.82399940 337.81799316 -0.362331 -0.850624 0.380992
91.99099731 -47.74700165 346.51800537 -0.808738 0.532432 -0.249917
92.19699860 -47.44699860 346.51800537 0.000978 0.999999 0.000978
91.93499756 -47.74700165 346.81799316 -0.000978 0.999999 -0.000978
92.12400055 -47.44699860 346.81799316 0.000978 0.999999 0.000978
91.38099670 -48.34700012 347.71798706 0.000978 0.999999 0.000978
91.58499908 -48.04700089 347.71798706 -0.000978 0.999999 -0.000978
91.48200226 -48.04700089 348.01800537 -0.825922 0.471732 -0.308741
73.01799774 -44.28400040 342.31799316 0.406078 0.847940 -0.340732
73.01799774 -44.37799835 342.01800537 0.414377 0.858021 -0.303465
73.01799774 -44.49599838 341.71798706 0.530887 0.764672 -0.365289
89.07700348 -51.64699936 348.61801147 0.000978 0.999999 0.000978
89.16400146 -51.64699936 348.31799316 0.000978 0.999999 0.000978
89.00700378 -51.94699860 348.31799316 -0.000978 0.999999 -0.000978
89.47100067 -51.34700012 348.01800537 -0.000978 0.999999 -0.000978
91.30999756 -48.34700012 348.01800537 -0.813838 0.518180 -0.262980
89.45400238 -51.04700089 348.61801147 -0.820208 0.513212 -0.252730
89.26999664 -51.34700012 348.61801147 -0.000978 0.999999 -0.000978
89.37500000 -51.34700012 348.31799316 0.000978 0.999999 0.000978
89.56800079 -51.04700089 348.31799316 -0.816566 0.519069 -0.252562
90.97299957 -48.94699860 347.71798706 -0.000978 0.999999 -0.000978
91.16899872 -48.64699936 347.71798706 -0.000978 0.999999 -0.000978
90.88600159 -48.94699860 348.01800537 -0.000978 0.999999 -0.000978
91.10199738 -48.64699936 348.01800537 -0.000978 0.999999 -0.000978
89.83799744 -50.44699860 348.61801147 -0.000978 0.999999 -0.000978
89.64399719 -50.74700165 348.61801147 0.000978 0.999999 0.000978
89.92700195 -50.44699860 348.31799316 0.000978 0.999999 0.000978
89.75499725 -50.74700165 348.31799316 -0.000978 0.999999 -0.000978
90.50800323 -49.54700089 348.31799316 -0.852837 0.475476 -0.215851
90.63400269 -49.24700165 348.31799316 0.000978 0.999999 0.000978
90.39399719 -49.54700089 348.61801147 -0.824163 0.505631 -0.255135
90.56600189 -49.24700165 348.61801147 0.000978 0.999999 0.000978
90.32399750 -49.54700089 348.91799927 0.000978 0.999999 0.000978
90.49500275 -49.24700165 348.91799927 -0.000978 0.999999 -0.000978
90.24800110 -49.54700089 349.21798706 0.000978 0.999999 0.000978
90.43000031 -49.24700165 349.21798706 -0.000978 0.999999 -0.000978
90.14800262 -49.84700012 348.91799927 -0.000978 0.999999 -0.000978
92.31800079 -46.24700165 349.21798706 0.000978 0.999999 0.000978
92.11000061 -46.54700089 349.21798706 -0.000978 0.999999 -0.000978
92.39700317 -46.24700165 348.91799927 -0.000978 0.999999 -0.000978
92.18599701 -46.54700089 348.91799927 -0.000978 0.999999 -0.000978
89.95500183 -50.14699936 348.91799927 0.000978 0.999999 0.000978
89.89199829 -50.14699936 349.21798706 -0.000978 0.999999 -0.000978
90.05500031 -49.84700012 349.21798706 0.000978 0.999999 0.000978
93.37599945 -44.44699860 349.21798706 -0.000978 0.999999 -0.000978
93.18699646 -44.74700165 349.21798706 -0.000978 0.999999 -0.000978
93.48200226 -44.44699860 348.91799927 0.000978 0.999999 0.000978
93.28299713 -44.74700165 348.91799927 0.000978 0.999999 0.000978
93.04499817 -44.74700165 349.81799316 -0.000978 0.999999 -0.000978
93.22299957 -44.44699860 349.81799316 0.000978 0.999999 0.000978
93.31099701 -44.44699860 349.51800537 -0.000978 0.999999 -0.000978
93.12799835 -44.74700165 349.51800537 0.000978 0.999999 0.000978
89.25800323 -50.74700165 350.11801147 0.000978 0.999999 0.000978
89.48999786 -50.44699860 350.11801147 -0.000978 0.999999 -0.000978
89.19699860 -50.74700165 350.41799927 0.000978 0.999999 0.000978
89.40699768 -50.44699860 350.41799927 0.000978 0.999999 0.000978
93.67600250 -43.84700012 349.81799316 -0.000978 0.999999 -0.000978
93.41799927 -44.14599991 349.81799316 -0.818415 0.566372 -0.097051
93.41799927 -44.14699936 349.81799316 -0.818415 0.566372 -0.097051
93.53600311 -44.14699936 349.51800537 -0.776588 0.575774 -0.255725
88.92700195 -51.34700012 350.11801147 -0.000978 0.999999 -0.000978
89.09100342 -51.04700089 350.11801147 -0.000978 0.999999 -0.000978
89.00399780 -51.04700089 350.41799927 -0.000978 0.999999 -0.000978
91.18599701 -49.54700089 345.61801147 0.000978 0.999999 0.000978
91.23899841 -49.54700089 345.31799316 -0.000978 0.999999 -0.000978
94.20300293 -42.94699860 349.81799316 0.000978 0.999999 0.000978
94.26899719 -42.94699860 349.51800537 0.000978 0.999999 0.000978
88.85900116 -51.34700012 350.41799927 -0.000978 0.999999 -0.000978
88.80100250 -51.34700012 350.71798706 -0.809081 0.549074 -0.209535
88.70300293 -51.34700012 351.01800537 0.000978 0.999999 0.000978
97.11499786 -42.04700089 340.21798706 0.000978 0.999999 0.000978
88.90200043 -51.04700089 351.01800537 -0.000978 0.999999 -0.000978
96.91799927 -42.34700012 340.21798706 0.000978 0.999999 0.000978
97.14199829 -42.04700089 339.91799927 0.000978 0.999999 0.000978
96.99600220 -42.34700012 339.91799927 0.000978 0.999999 0.000978
88.61799622 -51.59799957 350.71798706 -0.798088 0.582469 -0.154227
94.81199646 -41.74700165 350.41799927 -0.000978 0.999999 -0.000978
94.86399841 -41.74700165 350.11801147 -0.000978 0.999999 -0.000978
94.61799622 -42.94699860 338.29800415 0.229148 -0.097483 0.968498
94.61799622 -42.64699936 338.32299805 0.238004 0.042719 0.970324
95.10199738 -41.44699860 349.81799316 0.000978 0.999999 0.000978
94.92600250 -41.74700165 349.81799316 -0.000978 0.999999 -0.000978
95.21399689 -41.44699860 349.51800537 0.000978 0.999999 0.000978
95.02300262 -41.74700165 349.51800537 -0.000978 0.999999 -0.000978
95.30100250 -41.14699936 349.81799316 0.000978 0.999999 0.000978
95.41300201 -41.14699936 349.51800537 -0.000978 0.999999 -0.000978
94.97200012 -41.44699860 350.41799927 -0.831565 0.495237 -0.251475
95.03700256 -41.44699860 350.11801147 -0.000978 0.999999 -0.000978
91.29100037 -49.54700089 345.01800537 -0.000978 0.999999 -0.000978
95.33300018 -40.84700012 350.41799927 -0.000978 0.999999 -0.000978
95.16699982 -41.14699936 350.41799927 -0.824340 0.498330 -0.268570
95.41000366 -40.84700012 350.11801147 -0.806815 0.521688 -0.277294
95.23699951 -41.14699936 350.11801147 0.000978 0.999999 0.000978
91.47799683 -49.24700165 345.01800537 -0.000978 0.999999 -0.000978
91.54799652 -49.24700165 344.71798706 0.000978 0.999999 0.000978
91.34899902 -49.54700089 344.71798706 -0.000978 0.999999 -0.000978
95.76200104 -40.24700165 350.41799927 -0.000978 0.999999 -0.000978
95.55999756 -40.54700089 350.41799927 -0.000978 0.999999 -0.000978
95.82700348 -40.24700165 350.11801147 0.000978 0.999999 0.000978
95.62500000 -40.54700089 350.11801147 0.000978 0.999999 0.000978
88.01799774 -51.35599899 351.31799316 0.539071 0.770791 -0.339534
96.17600250 -39.64699936 350.11801147 -0.918596 0.340379 -0.200809
96.08300018 -39.64699936 350.41799927 -0.830570 0.493393 -0.258296
95.90499878 -39.94699860 350.41799927 0.000978 0.999999 0.000978
95.96600342 -39.94699860 350.11801147 -0.000978 0.999999 -0.000978
91.33100128 -49.84700012 344.11801147 0.000978 0.999999 0.000978
91.63400269 -49.24700165 344.41799927 -0.000978 0.999999 -0.000978
91.42800140 -49.54700089 344.41799927 0.000978 0.999999 0.000978
91.70999908 -49.24700165 344.11801147 -0.000978 0.999999 -0.000978
91.52500153 -49.54700089 344.11801147 -0.000978 0.999999 -0.000978
76.61799622 -44.89799881 339.01800537 -0.000978 -0.000978 0.999999
76.31800079 -44.79700089 339.01800537 0.000978 0.000978 0.999999
86.27899933 -50.44699860 349.81799316 0.677287 0.689977 -0.255371
86.21800232 -50.38700104 349.81799316 0.689050 0.701327 -0.182621
82.86699677 -30.34700012 339.91799927 -0.767476 -0.622726 0.152289
82.61799622 -30.07299995 339.91799927 -0.999999 -0.000978 -0.000978
82.31800079 -29.92399979 339.91799927 -0.415803 -0.839450 0.349902
82.61799622 -30.05400085 340.21798706 -0.469656 -0.860291 0.198299
83.21800232 -30.84700012 339.31799316 -0.533937 -0.777656 0.331907
82.91799927 -30.55699921 339.31799316 -0.999999 0.000978 0.000978
83.21800232 -30.71500015 339.61801147 -0.526249 -0.757603 0.386133
82.91799927 -30.47999954 339.61801147 -0.764788 -0.626010 0.152354
85.31800079 -32.68700027 338.41799927 -0.999999 -0.000978 -0.000978
85.61799622 -33.07500076 338.11801147 -0.365934 -0.868135 0.335312
85.31800079 -32.80099869 338.11801147 -0.577404 -0.751108 0.320065
85.61799622 -32.94300079 338.41799927 -0.547412 -0.772156 0.322668
86.51799774 -33.90999985 337.51800537 -0.559122 -0.787783 0.258418
86.81800079 -34.10100174 337.51800537 -0.525583 -0.800211 0.288834
86.81800079 -34.01699829 337.81799316 -0.569753 -0.764459 0.301634
86.81800079 -34.43000031 336.91799927 -0.419923 -0.812702 0.403956
86.51799774 -34.24700165 337.00500488 -0.409523 -0.691381 0.595217
86.51799774 -33.99300003 337.21798706 -0.612195 -0.662238 0.432039
86.81800079 -34.23300171 337.21798706 -0.346403 -0.820928 0.453962
87.11799622 -34.47200012 337.21798706 -0.999999 -0.000978 -0.000978
81.71800232 -49.88999939 342.31799316 0.370585 0.831058 0.414740
82.01799774 -50.05500031 342.31799316 0.302614 0.793769 0.527595
81.71800232 -50.06000137 342.61801147 0.609272 0.771134 0.184767
88.31800079 -35.74700165 336.93701172 -0.440294 -0.476303 0.761102
88.61799622 -35.74700165 337.20199585 -0.226002 -0.394396 0.890716
88.61799622 -35.71099854 337.21798706 -0.226002 -0.394396 0.890716
93.20600128 -42.94699860 353.71798706 -0.874399 0.462576 -0.146458
93.13700104 -43.24700165 353.41799927 0.000978 0.999999 0.000978
93.19499969 -43.24700165 353.11801147 0.000978 0.999999 0.000978
93.31099701 -42.94699860 353.11801147 -0.819179 0.309747 -0.482703
93.27400208 -43.24700165 352.81799316 -0.815686 0.502563 -0.286508
93.39700317 -43.24700165 352.51800537 -0.807258 0.548935 -0.216806
93.41799927 -42.94699860 352.91598511 0.000978 0.999999 0.000978
93.49099731 -42.94699860 352.81799316 -0.000978 0.999999 -0.000978
93.57099915 -42.94699860 352.51800537 0.000978 0.999999 0.000978
94.10600281 -42.34700012 351.61801147 -0.859899 0.504079 -0.080483
93.93000031 -42.64699936 351.61801147 0.000978 0.999999 0.000978
93.73300171 -42.94699860 351.61801147 -0.000978 0.999999 -0.000978
94.00599670 -42.64699936 351.31799316 0.000978 0.999999 0.000978
93.83100128 -42.94699860 351.31799316 -0.882899 0.411030 -0.227031
94.26300049 -42.34700012 351.01800537 -0.821872 0.509220 -0.255384
94.10600281 -42.64699936 351.01800537 -0.000978 0.999999 -0.000978
93.88700104 -42.94699860 351.01800537 -0.000978 0.999999 -0.000978
94.17299652 -42.64699936 350.71798706 0.000978 0.999999 0.000978
93.95400238 -42.94699860 350.71798706 -0.000978 0.999999 -0.000978
94.23100281 -42.64699936 350.41799927 0.000978 0.999999 0.000978
94.02500153 -42.94699860 350.41799927 -0.806318 0.535992 -0.250129
94.31099701 -42.64699936 350.11801147 0.000978 0.999999 0.000978
94.13999939 -42.94699860 350.11801147 -0.837535 0.487154 -0.247419
94.58399963 -42.04700089 350.41799927 0.000978 0.999999 0.000978
94.42600250 -42.34700012 350.41799927 -0.000978 0.999999 -0.000978
94.66100311 -42.04700089 350.11801147 -0.000978 0.999999 -0.000978
94.48799896 -42.34700012 350.11801147 -0.000978 0.999999 -0.000978
94.37100220 -42.64699936 349.81799316 0.000978 0.999999 0.000978
94.43900299 -42.64699936 349.51800537 0.000978 0.999999 0.000978
94.71900177 -42.04700089 349.81799316 0.000978 0.999999 0.000978
94.54499817 -42.34700012 349.81799316 0.000978 0.999999 0.000978
94.80799866 -42.04700089 349.51800537 -0.794627 0.535544 -0.285939
94.61900330 -42.34700012 349.51800537 -0.000978 0.999999 -0.000978
94.71099854 -42.34700012 349.21798706 0.000978 0.999999 0.000978
80.81800079 -49.32500076 343.51800537 0.401866 0.860702 -0.312563
94.79000092 -42.34700012 348.91799927 0.000978 0.999999 0.000978
80.51799774 -49.14799881 343.51800537 0.589193 0.752059 -0.295395
85.61799622 -34.24700165 336.10198975 -0.233021 0.032599 0.971925
94.93499756 -42.04700089 349.21798706 -0.811971 0.533581 -0.236632
85.31800079 -34.24700165 336.02999878 -0.285593 -0.140785 0.947954
85.61799622 -34.54700089 336.11199951 -0.276474 -0.010962 0.960959
94.98100281 -42.04700089 348.91799927 -0.000978 0.999999 -0.000978
85.31800079 -34.54700089 336.00799561 -0.317755 -0.102373 0.942630
85.61799622 -34.84700012 336.09500122 -0.198556 -0.142191 0.969720
85.61799622 -35.14699936 336.02398682 -0.214081 -0.132038 0.967851
80.51799774 -48.95600128 343.81799316 0.472751 0.767198 -0.433491
85.31800079 -34.84700012 335.96499634 -0.220144 -0.190792 0.956627
85.31800079 -35.14699936 335.88900757 -0.347694 -0.083926 0.933844
80.81800079 -49.15599823 343.81799316 0.535353 0.768255 -0.350971
94.85900116 -42.34700012 348.61801147 -0.000978 0.999999 -0.000978
95.07800293 -42.04700089 348.61801147 -0.000978 0.999999 -0.000978
95.13099670 -42.04700089 348.31799316 0.000978 0.999999 0.000978
94.92900085 -42.34700012 348.31799316 0.000978 0.999999 0.000978
95.19799805 -42.04700089 348.01800537 -0.000978 0.999999 -0.000978
95.02999878 -42.34700012 348.01800537 -0.000978 0.999999 -0.000978
95.26000214 -42.04700089 347.71798706 0.000978 0.999999 0.000978
95.08200073 -42.34700012 347.71798706 0.000978 0.999999 0.000978
95.41300201 -41.74700165 348.01800537 -0.000978 0.999999 -0.000978
95.45600128 -41.74700165 347.71798706 -0.000978 0.999999 -0.000978
95.72699738 -41.44699860 347.41799927 -0.000978 0.999999 -0.000978
95.52600098 -41.74700165 347.41799927 -0.000978 0.999999 -0.000978
95.77300262 -41.44699860 347.11801147 0.000978 0.999999 0.000978
95.60600281 -41.74700165 347.11801147 -0.000978 0.999999 -0.000978
78.41799927 -38.44699860 333.83801270 0.078585 -0.180141 0.980497
78.41799927 -38.74700165 333.78298950 0.094357 -0.180136 0.979106
95.98000336 -41.74700165 345.61801147 0.000978 0.999999 0.000978
96.04399872 -41.74700165 345.31799316 0.000978 0.999999 0.000978
97.31800079 -40.21300125 341.41799927 -0.573433 -0.811019 0.115860
97.50599670 -40.54700089 341.41799927 -0.993640 -0.027570 0.109179
79.91799927 -48.42599869 344.11801147 0.480387 0.831738 -0.278282
80.21800232 -48.58700180 344.11801147 0.999999 0.000978 0.000978
80.21800232 -48.52500153 344.41799927 0.999999 0.000978 0.000978
79.61799622 -41.44699860 334.06900024 -0.131864 0.426785 0.894688
79.91799927 -48.30799866 344.41799927 0.552103 0.783068 -0.286334
97.53600311 -39.94699860 343.51800537 -0.983419 -0.063024 -0.170047
97.49900055 -39.64699936 343.51800537 -0.991118 -0.121756 0.053482
97.45700073 -39.94699860 343.81799316 -0.939796 0.290332 -0.180254
86.21800232 -52.51300049 343.21798706 0.320410 0.745477 0.584467
85.91799927 -52.39699936 343.21798706 0.295238 0.754853 0.585689
85.91799927 -52.15999985 342.91799927 0.264102 0.748025 0.608858
86.21800232 -52.28699875 342.91799927 0.267431 0.751655 0.602906
86.81800079 -52.24100113 342.61801147 0.000978 0.000978 0.999999
86.51799774 -52.17599869 342.61801147 0.143077 0.661166 0.736470
86.81800079 -51.96500015 342.31799316 0.251229 0.703126 0.665205
86.81800079 -52.47700119 342.91799927 0.300976 0.866261 0.398755
86.51799774 -52.37300110 342.91799927 0.000978 0.000978 0.999999
87.41799927 -52.47600174 342.61801147 0.274853 0.754654 0.595779
87.11799622 -52.54700089 342.84399414 0.322504 0.672558 0.666076
87.11799622 -52.32400131 342.61801147 0.192732 0.698460 0.689209
87.41799927 -52.24700165 342.36099243 0.287123 0.700966 0.652845
87.11799622 -52.07199860 342.31799316 0.188225 0.525524 0.829696
79.31800079 -47.72299957 344.71798706 0.574608 0.776114 -0.259754
79.31800079 -47.68600082 345.01800537 0.627393 0.740607 -0.240579
82.01799774 -49.75199890 342.01800537 -0.000978 -0.000978 0.999999
81.71800232 -49.64199829 342.01800537 -0.000978 -0.000978 0.999999
82.61799622 -49.54700089 341.50698853 0.304249 0.703476 0.642304
82.31800079 -49.34600067 341.41799927 0.324849 0.741819 0.586667
82.61799622 -49.15299988 341.11801147 0.303339 0.733470 0.608282
82.31800079 -49.05500031 341.11801147 -0.000978 -0.000978 0.999999
83.21800232 -49.41099930 341.11801147 0.052109 0.147063 0.987754
82.91799927 -49.54700089 341.35598755 0.280039 0.699299 0.657693
82.91799927 -49.30199814 341.11801147 0.279322 0.649624 0.707084
83.21800232 -49.13600159 340.81799316 0.000978 0.000978 0.999999
82.91799927 -49.02799988 340.81799316 -0.000978 -0.000978 0.999999
73.24199677 -40.24700165 350.11801147 0.000978 0.000978 -0.999999
73.04699707 -40.54700089 350.11801147 0.000978 0.000978 -0.999999
73.01799774 -40.57199860 350.11801147 -0.754572 0.509049 -0.414114
97.01799774 -40.09799957 340.81799316 -0.519371 -0.837839 0.168163
97.25900269 -40.24700165 340.81799316 -0.524040 -0.847838 0.080949
96.71800232 -39.96500015 340.81799316 -0.430672 -0.821614 0.373461
78.41799927 -46.90100098 345.31799316 0.534814 0.788731 -0.303114
97.01799774 -40.23799896 340.51800537 -0.497311 -0.809907 0.311017
78.11799622 -46.61899948 345.31799316 0.573861 0.753896 -0.319883
96.71800232 -40.06700134 340.51800537 -0.999999 -0.000978 -0.000978
78.41799927 -46.75999832 345.61801147 0.502685 0.811545 -0.297829
96.41799927 -40.01599884 339.91799927 -0.561390 -0.746893 0.356361
95.81800079 -39.49000168 340.21798706 -0.999999 -0.000978 -0.000978
95.81800079 -39.57799911 339.91799927 -0.536976 -0.785547 0.307526
95.51799774 -39.39099884 339.91799927 -0.548034 -0.783133 0.293873
94.31800079 -38.92399979 339.01800537 -0.999999 -0.000978 -0.000978
94.61799622 -39.16500092 339.01800537 -0.476524 -0.786669 0.392527
94.31800079 -38.96099854 338.71798706 -0.579411 -0.808853 0.100199
94.61799622 -39.26300049 338.71798706 -0.999999 0.000978 0.000978
94.61799622 -39.64699936 338.40701294 -0.459875 -0.427375 0.778374
94.31800079 -39.64699936 338.28799438 -0.362720 -0.296497 0.883472
94.61799622 -39.94699860 338.29699707 -0.345397 -0.204945 0.915805
94.31800079 -39.94699860 338.21398926 -0.292619 -0.144287 0.945281
94.61799622 -39.34700012 338.62200928 -0.508754 -0.532261 0.676660
94.31800079 -39.34700012 338.41400146 -0.534504 -0.329049 0.778481
90.70200348 -48.34700012 350.41799927 0.000978 0.999999 0.000978
73.31800079 -41.66600037 349.51800537 0.768127 0.634540 -0.085670
94.01799774 -39.04700089 338.39001465 -0.428244 -0.467323 0.773444
93.71800232 -39.04700089 338.22399902 -0.392308 -0.389157 0.833457
94.01799774 -39.34700012 338.20901489 -0.290661 -0.150062 0.944986
73.31800079 -41.70600128 349.21798706 0.999999 -0.000978 -0.000978
78.11799622 -46.49700165 345.61801147 0.611668 0.765741 -0.198754
90.50700378 -48.64699936 350.41799927 -0.000978 0.999999 -0.000978
90.31999969 -48.94699860 350.41799927 -0.000978 0.999999 -0.000978
90.56600189 -48.64699936 350.11801147 0.000978 0.999999 0.000978
90.39099884 -48.94699860 350.11801147 -0.000978 0.999999 -0.000978
90.65100098 -48.64699936 349.81799316 -0.000978 0.999999 -0.000978
90.46499634 -48.94699860 349.81799316 -0.000978 0.999999 -0.000978
90.53700256 -48.94699860 349.51800537 0.000978 0.999999 0.000978
92.81800079 -39.64699936 337.80599976 -0.259433 0.033198 0.965190
92.51799774 -39.64699936 337.74099731 -0.271059 0.001205 0.962562
92.81800079 -39.94699860 337.78399658 -0.230505 -0.045125 0.972024
92.51799774 -39.94699860 337.72601318 -0.247556 -0.103896 0.963287
73.61799622 -41.82300186 349.51800537 0.533493 0.829380 -0.165876
77.81800079 -46.39400101 345.31799316 0.517177 0.761898 -0.389922
77.51799774 -46.21500015 345.31799316 0.999999 0.000978 0.000978
77.81800079 -46.29000092 345.61801147 0.999999 0.000978 0.000978
77.51799774 -46.11700058 345.61801147 0.487610 0.815840 -0.310871
96.80799866 -38.44699860 344.41799927 -0.625945 -0.757562 0.185182
97.01799774 -38.62099838 344.41799927 -0.490488 -0.815377 0.307541
97.01799774 -38.74499893 344.11801147 -0.579984 -0.735945 0.349290
96.71800232 -38.52099991 344.11801147 -0.503485 -0.756048 0.418204
73.61799622 -41.90599823 349.21798706 0.558334 0.784813 -0.268944
73.61799622 -42.02799988 348.91799927 0.568908 0.766512 -0.297999
73.31800079 -41.81100082 348.91799927 0.999999 -0.000978 -0.000978
73.91799927 -42.04399872 349.51800537 0.560185 0.765640 -0.316208
73.91999817 -42.04700089 349.51800537 0.560185 0.765640 -0.316208
74.21800232 -42.26200104 349.51800537 0.516401 0.803817 -0.295312
94.31800079 -35.83300018 346.51800537 -0.485300 -0.708772 0.511983
77.21800232 -45.81999969 345.91799927 0.522280 0.787412 -0.327423
76.91799927 -45.58900070 345.91799927 0.516247 0.775179 -0.364124
77.21800232 -45.68099976 346.21798706 0.534814 0.788731 -0.303114
76.91799927 -45.43700027 346.21798706 0.487537 0.790036 -0.371687
76.61799622 -45.42200089 345.91799927 0.492223 0.793649 -0.357543
73.91799927 -42.16699982 349.21798706 0.524257 0.801342 -0.288105
73.91799927 -42.25699997 348.91799927 0.999999 0.000978 0.000978
76.61799622 -45.09500122 346.51800537 0.519945 0.793433 -0.316419
76.31800079 -44.91600037 346.51800537 0.529663 0.774370 -0.346132
76.31800079 -44.80599976 346.81799316 0.563484 0.767807 -0.304888
76.61799622 -45.02299881 346.81799316 0.533849 0.803122 -0.264576
74.21800232 -42.35200119 349.21798706 0.999999 0.000978 0.000978
74.21800232 -42.46099854 348.91799927 0.999999 -0.000978 -0.000978
95.21800232 -37.61100006 344.71798706 0.029562 -0.719354 0.694015
95.17600250 -38.14699936 344.11801147 0.411343 -0.748940 0.519505
94.91799927 -38.14699936 344.32199097 0.009133 -0.999525 -0.029428
95.21800232 -38.12400055 344.11801147 0.394404 -0.774201 0.495034
94.91799927 -37.84700012 344.59600830 0.204994 -0.593405 0.778362
95.21800232 -37.84700012 344.47799683 0.237849 -0.678893 0.694645
95.51799774 -37.97200012 344.11801147 0.180875 -0.794937 0.579103
95.81800079 -37.99000168 344.11801147 -0.191264 -0.922319 0.335775
95.81800079 -37.91199875 344.41799927 -0.285582 -0.927786 0.240116
95.51799774 -37.81999969 344.41799927 0.136211 0.445911 0.884653
74.51799774 -42.52500153 349.21798706 0.999999 0.000978 0.000978
74.81800079 -42.74100113 349.21798706 0.555587 0.790342 -0.258231
83.81800079 -44.95600128 336.01800537 0.000978 0.000978 0.999999
83.51799774 -44.82199860 336.01800537 0.000978 0.000978 0.999999
84.41799927 -45.16699982 336.01800537 0.000978 0.000978 0.999999
84.11799622 -45.04899979 336.01800537 0.000978 0.000978 0.999999
74.51799774 -42.62699890 348.91799927 0.493802 0.797435 -0.346780
74.81800079 -42.86800003 348.91799927 0.522272 0.771280 -0.363812
85.01799774 -32.91799927 337.21798706 -0.507271 -0.773061 0.380858
84.71800232 -32.78900146 336.91799927 -0.584958 -0.728346 0.356841
84.93900299 -33.04700089 336.91799927 -0.682932 -0.576068 0.449166
84.73300171 -33.04700089 336.61801147 -0.596212 -0.717088 0.360994
85.01799774 -33.27600098 336.61801147 -0.524382 -0.815189 0.245949
85.01799774 -33.33399963 336.31799316 -0.400002 -0.848252 0.347083
84.71800232 -33.16400146 336.31799316 -0.357392 -0.799726 0.482400
86.21800232 -50.87900162 341.41799927 -0.149262 -0.281043 0.948017
84.71800232 -33.34700012 336.11898804 -0.505740 -0.495726 0.706033
85.91799927 -50.74700165 341.41000366 0.290670 0.701783 0.650394
84.11799622 -31.48399925 339.31799316 -0.476098 -0.807297 0.348714
84.11799622 -31.35400009 339.61801147 -0.472229 -0.812489 0.341850
84.41799927 -31.53000069 339.61801147 -0.477446 -0.813721 0.331516
74.51799774 -42.78599930 348.61801147 0.523104 0.777413 -0.349273
84.41799927 -31.66099930 339.31799316 -0.489431 -0.786644 0.376362
74.51799774 -42.89500046 348.31799316 0.554144 0.774524 -0.305019
75.11799622 -43.47600174 338.11801147 0.332693 0.709203 0.621567
78.11799622 -41.63100052 334.81799316 0.226143 0.539975 0.810732
78.41799927 -41.43600082 334.51800537 -0.000978 -0.000978 0.999999
78.11799622 -41.35200119 334.51800537 0.000978 0.000978 0.999999
78.41799927 -41.74700165 334.81201172 0.249885 0.605068 0.755943
78.11799622 -41.09000015 334.21798706 0.268271 0.728616 0.630198
78.11799622 -40.84700012 333.95300293 0.182223 0.626297 0.757988
73.91799927 -42.47800064 348.31799316 0.999999 0.000978 0.000978
78.41799927 -41.14699936 334.18499756 0.272391 0.664253 0.696111
74.21800232 -42.63199997 348.31799316 0.510288 0.804138 -0.304909
73.91799927 -42.36899948 348.61801147 0.999999 0.000978 0.000978
74.21800232 -42.56900024 348.61801147 0.999999 -0.000978 -0.000978
73.61799622 -42.24800110 348.31799316 0.568429 0.763777 -0.305831
73.31800079 -42.00600052 348.31799316 0.575669 0.769145 -0.277527
73.61799622 -42.13899994 348.61801147 0.999999 0.000978 0.000978
73.31800079 -41.92200089 348.61801147 0.999999 -0.000978 -0.000978
91.31800079 -34.29000092 345.31799316 -0.614700 -0.715258 0.332490
91.61799622 -34.50699997 345.31799316 -0.561309 -0.825786 0.054865
91.61799622 -34.24700165 345.60400391 -0.408873 -0.850393 0.331140
91.31800079 -34.09700012 345.61801147 -0.361823 -0.792794 0.490471
91.01799774 -34.02799988 345.31799316 -0.554047 -0.800976 0.226866
91.31800079 -34.50099945 344.71798706 -0.569212 -0.782471 0.252461
91.31800079 -34.37300110 345.01800537 -0.379399 -0.873075 0.306262
91.61799622 -34.51800156 345.01800537 -0.556034 -0.790978 0.255306
73.01799774 -41.79800034 348.31799316 0.508478 0.756994 -0.410379
73.01799774 -41.55500031 348.91799927 0.351370 0.896956 -0.268346
72.97200012 -41.44699860 349.21798706 0.637173 0.717019 -0.282656
97.16100311 -39.94699860 345.31799316 0.000978 0.999999 0.000978
97.08499908 -39.94699860 345.61801147 -0.000978 0.999999 -0.000978
97.21900177 -39.64699936 345.61801147 -0.849276 0.463659 -0.252488
75.41799927 -43.68899918 348.01800537 0.622421 0.755246 -0.205415
75.41799927 -43.71900177 347.71798706 0.678566 0.684922 -0.265387
95.65599823 -41.44699860 347.71798706 0.000978 0.999999 0.000978
95.62500000 -41.44699860 348.01800537 0.000978 0.999999 0.000978
85.31800079 -33.94699860 336.09600830 -0.999999 -0.000978 -0.000978
85.61799622 -33.94699860 336.22000122 -0.469506 -0.411020 0.781426
85.31800079 -33.64699936 336.20599365 -0.999999 0.000978 0.000978
85.31800079 -33.48799896 336.31799316 -0.999999 -0.000978 -0.000978
85.31800079 -33.42100143 336.61801147 -0.382387 -0.883239 0.271420
76.01799774 -44.11000061 348.01800537 0.577642 0.772813 -0.262851
75.71800232 -43.89799881 348.01800537 0.999999 -0.000978 -0.000978
75.71800232 -43.98600006 347.71798706 0.945814 0.311764 -0.090767
94.56600189 -42.94699860 348.31799316 0.000978 0.999999 0.000978
94.77200317 -42.64699936 348.31799316 -0.000978 0.999999 -0.000978
94.48999786 -42.94699860 348.61801147 -0.000978 0.999999 -0.000978
94.67299652 -42.64699936 348.61801147 0.000978 0.999999 0.000978
76.01799774 -45.34700012 339.71099854 0.237369 0.730970 0.639796
76.01799774 -44.91099930 339.31799316 0.000978 0.000978 0.999999
75.71800232 -45.04700089 339.52700806 0.178873 0.646693 0.741480
75.71800232 -44.80799866 339.31799316 0.209403 0.649923 0.730582
76.61799622 -45.16999817 339.31799316 -0.000978 -0.000978 0.999999
76.31800079 -45.34700012 339.60000610 0.221797 0.770860 0.597145
76.31800079 -45.04700089 339.31799316 -0.000978 -0.000978 0.999999
76.01799774 -44.23199844 347.71798706 0.460199 0.813708 -0.355101
91.31800079 -46.28900146 353.11801147 -0.850967 0.493293 -0.180327
91.34500122 -46.24700165 353.11801147 -0.828927 0.532132 -0.172381
76.31800079 -44.34500122 348.01800537 0.560892 0.793950 -0.234612
76.61799622 -44.53400040 348.01800537 0.528708 0.797007 -0.291973
76.31800079 -44.40800095 347.71798706 0.539221 0.797041 -0.271969
76.61799622 -44.63600159 347.71798706 0.999999 -0.000978 -0.000978
76.61799622 -44.74300003 347.41799927 0.536030 0.774266 -0.336427
76.31800079 -44.54999924 347.41799927 0.492223 0.793649 -0.357543
95.60199738 -43.84700012 341.71798706 -0.781667 0.521646 -0.341879
76.31800079 -44.67800140 347.11801147 0.557619 0.763312 -0.326215
80.21800232 -44.65900040 337.21798706 0.290015 0.703407 0.648929
80.21800232 -44.38499832 336.91799927 0.297992 0.684577 0.665248
79.91799927 -44.44699860 337.10900879 0.275947 0.693856 0.665145
79.91799927 -44.26499939 336.91799927 0.290850 0.682935 0.670080
80.81800079 -44.62599945 336.91799927 0.000978 0.000978 0.999999
80.51799774 -44.52500153 336.91799927 -0.000978 -0.000978 0.999999
81.11799622 -44.74100113 336.91799927 0.000978 0.000978 0.999999
80.81800079 -44.90800095 337.21798706 0.000978 0.000978 0.999999
80.51799774 -44.78300095 337.21798706 -0.000978 -0.000978 0.999999
81.11799622 -45.00699997 337.21798706 0.240815 0.731890 0.637452
81.41799927 -45.04700089 337.14999390 0.244777 0.702747 0.668005
81.41799927 -44.82600021 336.91799927 0.210109 0.711259 0.670794
81.11799622 -45.33800125 337.51800537 0.286171 0.737010 0.612310
81.11799622 -45.57300186 337.81799316 -0.000978 -0.000978 0.999999
81.41799927 -45.94699860 338.09899902 0.333109 0.891777 0.306222
81.41799927 -45.66099930 337.81799316 0.267941 0.753089 0.600886
81.41799927 -45.43399811 337.51800537 0.000978 0.000978 0.999999
82.01799774 -45.91099930 337.81799316 0.000978 0.000978 0.999999
81.71800232 -45.78599930 337.81799316 -0.000978 -0.000978 0.999999
82.01799774 -45.62300110 337.51800537 -0.000978 -0.000978 0.999999
81.71800232 -45.52399826 337.51800537 0.206571 0.660095 0.722221
96.69799805 -42.94699860 339.61801147 0.000978 0.999999 0.000978
96.59300232 -42.94699860 338.71798706 -0.714963 0.169213 0.678376
96.87100220 -42.64699936 339.01800537 -0.000978 0.999999 -0.000978
96.73799896 -42.94699860 339.01800537 -0.882719 0.409355 0.230728
96.71800232 -42.64699936 338.75201416 -0.866475 0.034113 0.498053
96.59799957 -43.24700165 339.01800537 -0.900677 0.433758 0.025203
96.44899750 -43.54700089 339.01800537 -0.000978 0.999999 -0.000978
96.38200378 -43.54700089 338.71798706 -0.925999 0.258253 0.275374
76.61799622 -44.89699936 347.11801147 0.555716 0.753376 -0.351575
83.81800079 -34.24700165 335.56201172 -0.332284 -0.097417 0.938135
83.51799774 -34.24700165 335.46200562 -0.285664 -0.111896 0.951775
83.81800079 -34.54700089 335.52600098 -0.289441 -0.114983 0.950265
83.51799774 -34.54700089 335.43200684 -0.223803 -0.013026 0.974548
83.21800232 -34.24700165 335.38198853 -0.274560 -0.003629 0.961563
82.91799927 -34.24700165 335.29098511 -0.305291 -0.041803 0.951341
83.21800232 -34.54700089 335.38800049 -0.157685 0.001118 0.987489
82.91799927 -34.54700089 335.26901245 -0.347293 -0.019082 0.937563
82.01799774 -34.84700012 334.98498535 -0.312846 -0.044692 0.948752
81.71800232 -34.84700012 334.89099121 -0.306935 -0.034104 0.951119
82.01799774 -35.14699936 334.98400879 -0.273210 -0.069891 0.959412
81.71800232 -35.14699936 334.89099121 -0.303418 -0.082040 0.949319
86.81800079 -52.42599869 346.51800537 0.594800 0.739873 -0.314325
86.60299683 -52.24700165 346.51800537 0.548860 0.772885 -0.318435
86.81800079 -52.29399872 346.81799316 0.563676 0.778410 -0.276312
86.51799774 -52.09099960 346.81799316 0.557631 0.813150 -0.166838
76.91799927 -45.26699829 346.81799316 0.642958 0.730563 -0.229963
76.91799927 -45.30799866 346.51800537 0.618853 0.755342 -0.215590
82.31800079 -29.41500092 341.41799927 -0.999999 -0.000978 -0.000978
86.51799774 -52.42499924 345.91799927 0.502422 0.791355 -0.348324
82.61799622 -29.59199905 341.41799927 -0.497267 -0.821503 0.279031
86.51799774 -52.33499908 346.21798706 0.581197 0.754116 -0.305809
86.21800232 -51.97900009 346.51800537 0.999999 -0.000978 -0.000978
76.91799927 -44.96400070 347.41799927 0.575702 0.741115 -0.345421
77.21800232 -45.20399857 347.41799927 0.468276 0.807098 -0.359598
85.91799927 -51.99900055 345.91799927 0.506482 0.752347 -0.421249
86.21800232 -52.24599838 345.91799927 0.455598 0.772394 -0.442535
86.21800232 -52.07699966 346.21798706 0.523690 0.778284 -0.346441
85.91799927 -51.90000153 346.21798706 0.298301 0.906660 -0.298301
76.91799927 -45.12099838 347.11801147 0.547465 0.746841 -0.377506
85.61799622 -51.84700012 345.91799927 0.999999 0.000978 0.000978
85.31800079 -51.61800003 345.91799927 0.599166 0.767244 -0.228772
85.61799622 -51.80099869 346.21798706 0.432384 0.869289 -0.239544
85.41799927 -51.64699936 346.21798706 0.605367 0.785941 -0.125810
82.68399811 -29.74699974 341.11801147 -0.495574 -0.824921 0.271867
77.21800232 -45.36600113 347.11801147 0.467880 0.795879 -0.384273
85.31800079 -51.84299850 345.31799316 0.525683 0.787726 -0.321162
85.31800079 -51.74599838 345.61801147 0.561474 0.774611 -0.291076
82.31800079 -29.49600029 341.11801147 -0.999999 -0.000978 -0.000978
85.01799774 -51.38800049 345.91799927 0.563357 0.788075 -0.248127
84.71800232 -51.41099930 345.31799316 0.466546 0.803228 -0.370351
85.01799774 -51.57099915 345.31799316 0.541661 0.778139 -0.317966
85.01799774 -51.51499939 345.61801147 0.584908 0.775198 -0.238643
77.81800079 -45.63899994 347.41799927 0.999999 0.000978 0.000978
77.51799774 -45.39599991 347.41799927 0.538416 0.786183 -0.303355
77.51799774 -45.53099823 347.11801147 0.474320 0.806504 -0.352946
77.81800079 -45.71900177 347.11801147 0.530040 0.795851 -0.292709
77.21800232 -45.49300003 346.81799316 0.523156 0.798169 -0.298721
77.21800232 -45.58900070 346.51800537 0.999999 -0.000978 -0.000978
84.71800232 -51.29700089 345.61801147 0.559732 0.778550 -0.283830
84.11799622 -51.20199966 344.71798706 0.489431 0.786644 -0.376362
84.11799622 -51.06600189 345.01800537 0.565893 0.769934 -0.294902
84.41799927 -51.27999878 345.01800537 0.601999 0.766887 -0.222444
84.41799927 -51.39799881 344.71798706 0.536071 0.766047 -0.354682
83.81800079 -51.02500153 344.71798706 0.524260 0.767725 -0.368443
83.81800079 -50.84199905 345.01800537 0.534743 0.767381 -0.353803
83.81800079 -51.23699951 344.11801147 0.999999 -0.000978 -0.000978
77.81800079 -45.85900116 346.81799316 0.538373 0.764717 -0.354065
83.51799774 -51.02999878 344.11801147 0.578328 0.763139 -0.288368
77.51799774 -45.65800095 346.81799316 0.491638 0.803485 -0.335714
83.81800079 -51.12900162 344.41799927 0.999999 0.000978 0.000978
83.51799774 -50.88800049 344.41799927 0.490102 0.781252 -0.386582
77.51799774 -45.78099823 346.51800537 0.534981 0.784106 -0.314601
83.51799774 -50.73300171 344.71798706 0.523575 0.790933 -0.316692
83.51799774 -50.64899826 345.01800537 0.516302 0.791237 -0.327684
82.91799927 -50.59299850 344.11801147 0.439383 0.810062 -0.388255
83.21800232 -50.74499893 344.11801147 0.491655 0.837804 -0.237403
83.21800232 -50.69499969 344.41799927 0.591827 0.769844 -0.238917
82.94400024 -50.44699860 344.41799927 0.590048 0.749953 -0.299022
77.81800079 -45.99700165 346.51800537 0.523800 0.783297 -0.334783
82.61799622 -50.35300064 344.11801147 0.572136 0.738397 -0.356974
82.61799622 -50.21799850 344.41799927 0.538210 0.756096 -0.372357
85.61799622 -30.37599945 344.71798706 -0.375131 -0.876318 0.302231
85.31800079 -30.34700012 344.59399414 -0.374622 -0.727977 0.574202
85.61799622 -30.50099945 344.41799927 -0.146826 -0.956353 0.252647
85.31800079 -30.45499992 344.41799927 -0.361752 -0.931153 0.045709
85.61799622 -30.57999992 344.11801147 -0.556533 -0.778511 0.290158
85.31800079 -30.38400078 344.11801147 -0.901849 -0.431890 -0.011815
88.31800079 -34.77199936 338.41799927 -0.999999 0.000978 0.000978
88.61799622 -34.96900177 338.41799927 -0.582438 -0.796150 0.164046
88.31800079 -34.82400131 338.11801147 -0.187402 -0.968031 0.166724
88.74099731 -35.14699936 338.11801147 -0.637227 -0.704983 0.311354
89.21800232 -35.40800095 338.41799927 -0.999999 -0.000978 -0.000978
88.91799927 -35.23600006 338.41799927 -0.554822 -0.797266 0.237781
89.21800232 -35.44699860 338.33801270 -0.999999 0.000978 0.000978
88.91799927 -35.36399841 338.11801147 -0.738508 -0.600139 0.307310
89.21800232 -35.54700089 338.11801147 -0.999999 0.000978 0.000978
88.61799622 -35.24100113 337.81799316 -0.600325 -0.680147 0.420726
88.86000061 -35.44699860 337.81799316 -0.615013 -0.721551 0.317999
88.61799622 -35.40800095 337.51800537 -0.603503 -0.627038 0.492552
88.31800079 -35.14899826 337.51800537 -0.286351 -0.862116 0.418042
89.21800232 -35.74700165 337.88299561 -0.401577 -0.689126 0.603192
89.11199951 -35.74700165 337.81799316 -0.399540 -0.648216 0.648216
88.91799927 -35.72100067 337.51800537 -0.433489 -0.837244 0.333333
89.21800232 -35.81200027 337.81799316 -0.377078 -0.876819 0.298330
89.21800232 -35.88600159 337.51800537 -0.401852 -0.842794 0.358070
82.01799774 -50.23899841 342.91799927 0.366788 0.930297 -0.003807
82.01799774 -50.21400070 343.21798706 0.999999 -0.000978 -0.000978
89.39600372 -51.64699936 347.41799927 -0.000978 0.999999 -0.000978
89.21800232 -51.94699860 347.41799927 0.000978 0.999999 0.000978
89.46099854 -51.64699936 347.11801147 -0.000978 0.999999 -0.000978
89.27700043 -51.94699860 347.11801147 0.000978 0.999999 0.000978
81.71800232 -50.02999878 342.91799927 0.999999 0.000978 0.000978
81.71800232 -50.00000000 343.21798706 0.999999 0.000978 0.000978
82.91799927 -48.04700089 339.73498535 0.305117 0.689339 0.657051
89.93599701 -51.04700089 346.81799316 -0.000978 0.999999 -0.000978
89.74099731 -51.34700012 346.81799316 -0.000978 0.999999 -0.000978
90.01399994 -51.04700089 346.51800537 -0.000978 0.999999 -0.000978
89.79499817 -51.34700012 346.51800537 -0.000978 0.999999 -0.000978
90.08100128 -51.04700089 346.21798706 0.000978 0.999999 0.000978
89.88899994 -51.34700012 346.21798706 0.000978 0.999999 0.000978
89.95099640 -51.34700012 345.91799927 -0.000978 0.999999 -0.000978
81.41799927 -49.85699844 342.91799927 0.999999 0.000978 0.000978
81.11799622 -49.61100006 342.91799927 0.999999 0.000978 0.000978
81.11799622 -49.62400055 343.21798706 0.948594 -0.316198 -0.013748
81.41799927 -49.82500076 343.21798706 0.999999 -0.000978 -0.000978
78.11799622 -46.08000183 346.81799316 0.546843 0.771354 -0.325540
78.41799927 -46.28400040 346.81799316 0.531359 0.786666 -0.314347
93.54100037 -46.84700012 342.61801147 -0.000978 0.999999 -0.000978
93.34600067 -47.14699936 342.61801147 0.000978 0.999999 0.000978
93.62999725 -46.84700012 342.31799316 -0.000978 0.999999 -0.000978
93.44899750 -47.14699936 342.31799316 -0.000978 0.999999 -0.000978
78.11799622 -46.18099976 346.51800537 0.544789 0.752947 -0.369155
78.41799927 -46.43500137 346.51800537 0.569887 0.750700 -0.334183
94.08499908 -46.24700165 342.01800537 -0.000978 0.999999 -0.000978
93.87899780 -46.54700089 342.01800537 0.000978 0.999999 0.000978
94.12100220 -46.24700165 341.71798706 0.000978 0.999999 0.000978
93.93299866 -46.54700089 341.71798706 -0.000978 0.999999 -0.000978
81.11799622 -49.63499832 342.31799316 0.479660 0.845115 0.236023
81.41799927 -49.78799820 342.31799316 0.322023 0.945541 0.047470
81.11799622 -49.58800125 342.61801147 0.999999 -0.000978 -0.000978
81.41799927 -49.80300140 342.61801147 0.999999 -0.000978 -0.000978
94.75800323 -45.34700012 341.41799927 0.000978 0.999999 0.000978
94.85600281 -45.34700012 341.11801147 0.000978 0.999999 0.000978
78.11799622 -46.37200165 346.21798706 0.543411 0.757531 -0.361733
95.09600067 -45.04700089 340.81799316 0.000978 0.999999 0.000978
95.19300079 -45.04700089 340.51800537 0.000978 0.999999 0.000978
95.00399780 -45.34700012 340.51800537 -0.000978 0.999999 -0.000978
78.11799622 -46.46500015 345.91799927 0.999999 0.000978 0.000978
95.50199890 -44.44699860 340.81799316 -0.000978 0.999999 -0.000978
95.28399658 -44.74700165 340.81799316 -0.000978 0.999999 -0.000978
95.37000275 -44.74700165 340.51800537 -0.000978 0.999999 -0.000978
95.45099640 -44.74700165 340.21798706 -0.000978 0.999999 -0.000978
95.64299774 -44.44699860 340.21798706 -0.000978 0.999999 -0.000978
95.72100067 -44.44699860 339.91799927 -0.000978 0.999999 -0.000978
95.54399872 -44.74700165 339.91799927 0.000978 0.999999 0.000978
80.51799774 -49.32600021 342.31799316 0.999999 -0.000978 -0.000978
80.81800079 -49.47299957 342.31799316 0.453732 0.883284 -0.118056
80.81800079 -49.43799973 342.61801147 0.999999 -0.000978 -0.000978
80.51799774 -49.22499847 342.61801147 0.999999 0.000978 0.000978
96.00800323 -43.84700012 340.21798706 -0.000978 0.999999 -0.000978
95.83699799 -44.14699936 340.21798706 -0.000978 0.999999 -0.000978
96.06500244 -43.84700012 339.91799927 -0.000978 0.999999 -0.000978
95.90499878 -44.14699936 339.91799927 0.000978 0.999999 0.000978
95.97499847 -44.14699936 339.61801147 0.000978 0.999999 0.000978
96.04799652 -44.14699936 339.31799316 0.000978 0.999999 0.000978
96.15699768 -43.84700012 339.61801147 -0.000978 0.999999 -0.000978
96.23600006 -43.84700012 339.31799316 -0.000978 0.999999 -0.000978
78.41799927 -46.55199814 346.21798706 0.498760 0.801522 -0.329851
78.41799927 -46.68199921 345.91799927 0.499383 0.818737 -0.283349
78.71800232 -46.74499893 346.21798706 0.999999 -0.000978 -0.000978
79.01799774 -46.94699860 346.21798706 0.999999 -0.000978 -0.000978
78.71800232 -46.83100128 345.91799927 0.502212 0.810780 -0.300697
79.01799774 -47.05099869 345.91799927 0.538598 0.781526 -0.314848
79.31800079 -47.14199829 346.21798706 0.999999 0.000978 0.000978
78.71800232 -46.96599960 345.61801147 0.550441 0.768692 -0.325771
78.71800232 -47.08499908 345.31799316 0.542837 0.781622 -0.307236
82.31800079 -29.66900063 340.81799316 -0.350335 -0.801450 0.484709
79.01799774 -47.18799973 345.61801147 0.552752 0.762250 -0.336808
79.01799774 -47.31600189 345.31799316 0.570734 0.767868 -0.290931
77.21800232 -46.84000015 340.81799316 0.292709 0.795851 0.530040
76.91799927 -46.84700012 341.01300049 0.325869 0.775343 0.540974
76.91799927 -46.71200180 340.81799316 0.999999 0.000978 0.000978
77.81800079 -47.04499817 340.81799316 0.144905 0.381255 0.913043
77.51799774 -46.93099976 340.81799316 0.000978 0.000978 0.999999
77.81800079 -46.75299835 340.51800537 -0.000978 -0.000978 0.999999
77.51799774 -46.63100052 340.51800537 0.082593 0.205866 0.975089
81.41799927 -44.14699936 336.14599609 0.240803 0.675194 0.697228
81.11799622 -43.92399979 336.01800537 0.269372 0.702918 0.658289
81.41799927 -43.75299835 335.71798706 0.240570 0.718565 0.652526
81.11799622 -43.63499832 335.71798706 0.308002 0.780379 0.544191
79.61799622 -47.37099838 346.21798706 0.565359 0.769207 -0.297809
89.21800232 -37.84700012 336.87799072 -0.287535 -0.135075 0.948197
79.31800079 -47.24200058 345.91799927 0.546136 0.768457 -0.333481
88.91799927 -37.84700012 336.80999756 -0.282368 -0.152668 0.947080
89.21800232 -38.14699936 336.83999634 -0.315362 -0.102459 0.943424
88.91799927 -38.14699936 336.74301147 -0.290088 -0.101072 0.951648
79.61799622 -47.47700119 345.91799927 0.999999 0.000978 0.000978
88.01799774 -37.84700012 336.53500366 -0.328631 -0.080508 0.941021
87.71800232 -37.84700012 336.42999268 -0.275654 -0.064785 0.959071
88.01799774 -38.14699936 336.52700806 -0.264821 -0.056478 0.962642
87.71800232 -38.14699936 336.42498779 -0.291937 -0.003664 0.956430
88.01799774 -38.44699860 336.50000000 -0.210569 -0.093448 0.973102
87.71800232 -38.44699860 336.42800903 -0.219148 -0.044798 0.974663
88.01799774 -38.74700165 336.47000122 -0.261202 -0.069401 0.962786
87.71800232 -38.74700165 336.39700317 -0.228379 -0.062958 0.971535
87.41799927 -38.44699860 336.36499023 -0.251317 -0.023068 0.967630
87.41799927 -38.74700165 336.32901001 -0.231090 -0.092183 0.968556
87.41799927 -39.04700089 336.30801392 -0.275118 -0.025908 0.961061
87.11799622 -39.04700089 336.21701050 -0.294532 -0.106982 0.949634
87.41799927 -39.34700012 336.31298828 -0.278630 -0.067431 0.958028
87.11799622 -39.34700012 336.18600464 -0.304461 -0.073848 0.949658
87.11799622 -38.44699860 336.27301025 -0.308819 -0.055101 0.949523
87.11799622 -38.74700165 336.25399780 -0.289885 -0.089695 0.952849
86.81800079 -38.44699860 336.17001343 -0.323509 -0.052844 0.944748
86.51799774 -38.44699860 336.06799316 -0.265383 -0.061629 0.962171
86.81800079 -38.74700165 336.14700317 -0.311381 -0.076868 0.947171
86.51799774 -38.74700165 336.05700684 -0.305291 -0.041803 0.951341
86.81800079 -39.04700089 336.12100220 -0.279364 -0.083680 0.956532
86.51799774 -39.04700089 336.04199219 -0.267190 -0.069647 0.961124
86.81800079 -39.34700012 336.09500122 -0.274484 -0.088917 0.957472
86.51799774 -39.34700012 336.01400757 -0.299287 -0.087564 0.950137
83.21800232 -40.84700012 334.92199707 -0.223479 -0.052511 0.973293
82.91799927 -40.84700012 334.86199951 -0.252381 -0.055946 0.966009
83.21800232 -41.14699936 334.90701294 -0.285536 -0.046541 0.957237
82.91799927 -41.14699936 334.83499146 -0.229047 -0.081356 0.970010
82.61799622 -40.84700012 334.76599121 -0.329641 -0.108983 0.937795
82.31800079 -40.84700012 334.61300659 -0.320304 -0.060949 0.945352
82.61799622 -41.14699936 334.71701050 -0.314092 -0.060750 0.947447
82.31800079 -41.14699936 334.63800049 -0.245859 0.063649 0.967214
82.01799774 -40.84700012 334.54299927 -0.201881 0.001154 0.979409
82.01799774 -41.14699936 334.56399536 -0.264051 0.028247 0.964095
81.41799927 -41.44699860 334.38900757 -0.240741 -0.053086 0.969137
81.11799622 -41.44699860 334.32299805 -0.272576 0.018335 0.961960
81.41799927 -41.74700165 334.34799194 -0.205948 -0.005818 0.978546
81.11799622 -41.74700165 334.29901123 -0.246228 0.109578 0.962998
79.31800079 -47.40200043 345.61801147 0.495572 0.782907 -0.376118
79.61799622 -47.56700134 345.61801147 0.503175 0.797093 -0.333853
79.61799622 -47.72700119 345.31799316 0.502238 0.757448 -0.417169
79.31800079 -47.53099823 345.31799316 0.525924 0.768658 -0.364101
93.43299866 -48.34700012 339.31799316 -0.000978 0.999999 -0.000978
93.63800049 -48.04700089 339.31799316 0.000978 0.999999 0.000978
93.35399628 -48.34700012 339.61801147 -0.000978 0.999999 -0.000978
93.54799652 -48.04700089 339.61801147 -0.000978 0.999999 -0.000978
93.22799683 -48.64699936 339.31799316 0.000978 0.999999 0.000978
93.15599823 -48.64699936 339.61801147 0.000978 0.999999 0.000978
80.21800232 -48.03799820 345.61801147 0.538319 0.772929 -0.335847
79.91799927 -47.80400085 345.61801147 0.576924 0.764464 -0.287667
79.91799927 -47.92800140 345.31799316 0.534626 0.770443 -0.347265
80.21800232 -48.16400146 345.31799316 0.999999 -0.000978 -0.000978
85.61799622 -31.46100044 342.01800537 -0.518523 -0.776977 0.356989
80.21800232 -48.30400085 345.01800537 0.562055 0.753186 -0.341768
79.91799927 -48.07600021 345.01800537 0.525231 0.770877 -0.360389
79.91799927 -48.20800018 344.71798706 0.597920 0.747799 -0.288596
80.21800232 -48.43700027 344.71798706 0.547179 0.785083 -0.290243
92.03199768 -50.14699936 340.51800537 -0.000978 0.999999 -0.000978
92.19499969 -49.84700012 340.51800537 -0.000978 0.999999 -0.000978
91.94899750 -50.14699936 340.81799316 0.000978 0.999999 0.000978
92.12100220 -49.84700012 340.81799316 0.000978 0.999999 0.000978
80.51799774 -48.52199936 345.01800537 0.999999 0.000978 0.000978
80.81800079 -48.76699829 345.01800537 0.487694 0.801098 -0.346982
80.51799774 -48.62599945 344.71798706 0.528771 0.784370 -0.324291
80.81800079 -48.86500168 344.71798706 0.999999 -0.000978 -0.000978
96.43900299 -43.54700089 339.31799316 -0.000978 0.999999 -0.000978
96.60299683 -43.24700165 339.31799316 -0.000978 0.999999 -0.000978
96.40499878 -43.54700089 339.61801147 -0.000978 0.999999 -0.000978
96.53299713 -43.24700165 339.61801147 -0.000978 0.999999 -0.000978
96.33100128 -43.54700089 339.91799927 -0.809726 0.522655 -0.266788
96.50700378 -43.24700165 339.91799927 -0.000978 0.999999 -0.000978
96.20700073 -43.54700089 340.21798706 -0.804594 0.536915 -0.253673
96.40799713 -43.24700165 340.21798706 0.000978 0.999999 0.000978
91.48799896 -50.74700165 341.11801147 -0.000978 0.999999 -0.000978
80.51799774 -48.76900101 344.41799927 0.611856 0.755822 -0.233163
91.65499878 -50.44699860 341.11801147 0.000978 0.999999 0.000978
91.40799713 -50.74700165 341.41799927 -0.000978 0.999999 -0.000978
91.61000061 -50.44699860 341.41799927 0.000978 0.999999 0.000978
80.51799774 -48.81000137 344.11801147 0.639648 0.733483 -0.229898
96.14299774 -43.54700089 340.51800537 0.000978 0.999999 0.000978
96.32299805 -43.24700165 340.51800537 -0.000978 0.999999 -0.000978
96.22699738 -43.24700165 340.81799316 0.000978 0.999999 0.000978
96.54100037 -42.94699860 340.51800537 -0.000978 0.999999 -0.000978
96.68399811 -42.64699936 340.51800537 0.000978 0.999999 0.000978
96.43000031 -42.94699860 340.81799316 -0.000978 0.999999 -0.000978
96.57499695 -42.64699936 340.81799316 0.000978 0.999999 0.000978
85.31800079 -31.26399994 342.01800537 -0.552601 -0.783774 0.283426
81.11799622 -48.92800140 345.01800537 0.481018 0.803827 -0.349976
96.89800262 -42.04700089 341.11801147 -0.000978 0.999999 -0.000978
96.82099915 -42.04700089 341.41799927 -0.000978 0.999999 -0.000978
91.31600189 -50.74700165 341.71798706 0.000978 0.999999 0.000978
91.28199768 -50.74700165 342.01800537 -0.000978 0.999999 -0.000978
97.05799866 -41.74700165 341.11801147 -0.000978 0.999999 -0.000978
97.23200226 -41.44699860 341.11801147 0.000978 0.999999 0.000978
96.99400330 -41.74700165 341.41799927 -0.000978 0.999999 -0.000978
97.15899658 -41.44699860 341.41799927 0.000978 0.999999 0.000978
96.91799927 -41.74700165 341.71798706 -0.000978 0.999999 -0.000978
97.11100006 -41.44699860 341.71798706 -0.000978 0.999999 -0.000978
96.84799957 -41.74700165 342.01800537 0.000978 0.999999 0.000978
97.05500031 -41.44699860 342.01800537 -0.000978 0.999999 -0.000978
96.72799683 -42.04700089 341.71798706 0.000978 0.999999 0.000978
90.98100281 -51.34700012 341.71798706 0.000978 0.999999 0.000978
91.14499664 -51.04700089 341.71798706 0.000978 0.999999 0.000978
90.90699768 -51.34700012 342.01800537 -0.000978 0.999999 -0.000978
76.61799622 -45.64699936 339.79098511 0.217055 0.698012 0.682397
76.61799622 -45.44699860 339.61801147 0.169200 0.644791 0.745396
91.08200073 -51.04700089 342.01800537 -0.000978 0.999999 -0.000978
77.81800079 -46.45700073 340.21798706 0.000978 0.000978 0.999999
77.51799774 -46.32899857 340.21798706 0.305831 0.763777 0.568429
77.81800079 -46.19900131 339.91799927 0.261582 0.897063 0.356165
77.51799774 -46.11100006 339.91799927 0.216625 0.734031 0.643640
90.83000183 -51.34700012 342.31799316 0.000978 0.999999 0.000978
91.01599884 -51.04700089 342.31799316 0.000978 0.999999 0.000978
90.76599884 -51.34700012 342.61801147 0.000978 0.999999 0.000978
90.95999908 -51.04700089 342.61801147 -0.000978 0.999999 -0.000978
97.32199860 -41.14699936 341.71798706 -0.000978 0.999999 -0.000978
97.46399689 -40.84700012 341.71798706 -0.954741 0.244360 -0.169583
97.40799713 -40.84700012 342.01800537 -0.000978 0.999999 -0.000978
97.24900055 -41.14699936 342.01800537 0.000978 0.999999 0.000978
80.81800079 -48.97399902 344.41799927 0.999999 -0.000978 -0.000978
80.81800079 -49.05099869 344.11801147 0.999999 -0.000978 -0.000978
97.33399963 -40.84700012 342.31799316 0.000978 0.999999 0.000978
90.50700378 -51.94699860 342.31799316 -0.850213 0.465557 -0.245753
90.63800049 -51.64699936 342.31799316 0.000978 0.999999 0.000978
90.37500000 -51.94699860 342.61801147 -0.826719 0.472187 -0.305902
90.55899811 -51.64699936 342.61801147 0.000978 0.999999 0.000978
85.31800079 -31.35199928 341.71798706 -0.589710 -0.758199 0.278165
97.48300171 -40.54700089 342.31799316 0.000978 0.999999 0.000978
97.67700195 -40.24700165 342.31799316 -0.992266 -0.123896 0.007675
97.43000031 -40.54700089 342.61801147 -0.000978 0.999999 -0.000978
97.62400055 -40.24700165 342.61801147 -0.957240 0.138253 -0.254123
81.41799927 -49.12599945 345.01800537 0.504231 0.773370 -0.384253
81.11799622 -49.04399872 344.71798706 0.496573 0.799945 -0.336903
81.41799927 -49.27999878 344.71798706 0.464170 0.798244 -0.383864
97.37100220 -40.54700089 342.91799927 -0.000978 0.999999 -0.000978
97.51799774 -40.24700165 342.91799927 -0.932574 0.214562 -0.290290
97.43800354 -40.24700165 343.21798706 0.000978 0.999999 0.000978
97.29900360 -40.54700089 343.21798706 0.000978 0.999999 0.000978
97.59600067 -39.94699860 342.91799927 -0.953448 0.267285 -0.139626
97.56099701 -39.94699860 343.21798706 -0.960504 -0.261021 -0.096436
97.48300171 -39.64699936 343.21798706 -0.883854 -0.426536 0.192015
97.31800079 -39.45500183 343.21798706 -0.684553 -0.658660 0.312337
97.36900330 -40.24700165 343.51800537 0.000978 0.999999 0.000978
97.37899780 -40.24700165 343.81799316 -0.967491 0.250740 0.033024
95.21800232 -39.01100159 340.21798706 -0.613358 -0.748959 0.250704
94.91799927 -38.80099869 340.21798706 -0.555399 -0.764679 0.326800
94.91799927 -38.94699860 339.91799927 -0.538210 -0.756096 0.372357
95.21800232 -39.15999985 339.91799927 -0.558581 -0.752870 0.348101
95.51799774 -39.28499985 340.21798706 -0.999999 0.000978 0.000978
89.90699768 -52.54700089 342.91799927 0.000978 0.999999 0.000978
90.09899902 -52.24700165 342.91799927 -0.816855 0.515007 -0.259838
89.85199738 -52.54700089 343.21798706 -0.000978 0.999999 -0.000978
90.02700043 -52.24700165 343.21798706 -0.000978 0.999999 -0.000978
97.01799774 -40.03799820 341.11801147 -0.608822 -0.761417 0.222664
97.30500031 -40.24700165 341.11801147 -0.714707 -0.691032 0.108020
89.05000305 -53.44699860 344.11801147 -0.000978 0.999999 -0.000978
88.98999786 -53.44699860 344.41799927 0.000978 0.999999 0.000978
73.01799774 -44.76300049 340.51800537 0.326752 0.944658 -0.029242
88.80599976 -53.74700165 344.11801147 -0.695302 0.679606 -0.233860
73.01799774 -44.70500183 340.81799316 0.229404 0.970939 -0.068201
88.70500183 -53.74700165 344.41799927 -0.909144 -0.282552 -0.305976
73.01799774 -44.66400146 341.41799927 0.520359 0.798728 -0.302093
73.01799774 -44.72100067 341.11801147 0.408698 0.910465 -0.063395
73.61799622 -45.02199936 341.41799927 0.999999 -0.000978 -0.000978
73.31800079 -44.81900024 341.41799927 0.999999 0.000978 0.000978
73.61799622 -45.01499939 341.11801147 0.999999 -0.000978 -0.000978
73.31800079 -44.83000183 341.11801147 0.302484 0.952638 0.031378
73.91799927 -45.25000000 341.41799927 0.550938 0.819689 -0.156771
73.91799927 -45.22999954 341.11801147 0.495140 0.839452 0.223956
73.61799622 -44.75500107 342.01800537 0.537867 0.750398 -0.384191
73.61799622 -44.92200089 341.71798706 0.519454 0.779986 -0.348983
73.91799927 -44.96099854 342.01800537 0.541119 0.758866 -0.362371
74.21800232 -45.18099976 342.01800537 0.555791 0.770419 -0.312332
74.21800232 -45.29600143 341.71798706 0.506166 0.801298 -0.318932
73.91799927 -45.11800003 341.71798706 0.488835 0.785685 -0.379129
74.81800079 -45.60100174 342.01800537 0.573296 0.761733 -0.301819
74.51799774 -45.39199829 342.01800537 0.999999 -0.000978 -0.000978
74.51799774 -45.49800110 341.71798706 0.999999 -0.000978 -0.000978
74.81800079 -45.74499893 341.71798706 0.600598 0.777874 -0.184917
88.31800079 -54.15599823 344.11801147 -0.135948 0.971963 0.191851
88.61799622 -53.93899918 344.11801147 -0.696526 0.684060 0.216593
88.31800079 -54.10200119 344.41799927 0.326696 0.930040 -0.168214
74.51799774 -45.14400101 342.61801147 0.572242 0.758181 -0.312569
74.51799774 -45.30500031 342.31799316 0.577183 0.754036 -0.313512
74.81800079 -45.40700150 342.61801147 0.526749 0.774820 -0.349555
74.81800079 -45.50799942 342.31799316 0.565243 0.784451 -0.255221
75.01499939 -45.64699936 342.31799316 0.577183 0.754036 -0.313512
75.11799622 -45.58700180 342.61801147 0.530872 0.781072 -0.328788
75.41799927 -45.81200027 342.61801147 0.565712 0.738523 -0.366816
75.41799927 -45.52899933 343.21798706 0.519304 0.782975 -0.342451
75.11799622 -45.46599960 342.91799927 0.553246 0.768130 -0.322326
75.41799927 -45.66999817 342.91799927 0.519914 0.772582 -0.364426
88.31800079 -53.89300156 344.71798706 -0.000978 -0.000978 -0.999999
88.61799622 -53.79199982 344.71798706 -0.377918 0.924241 -0.054367
88.31800079 -53.76499939 345.01800537 -0.181910 0.974788 0.129219
75.71800232 -45.73099899 343.21798706 0.532563 0.773905 -0.342706
75.71800232 -45.87099838 342.91799927 0.524463 0.753201 -0.397023
76.01799774 -45.97800064 343.21798706 0.999999 0.000978 0.000978
76.01799774 -46.08700180 342.91799927 0.558202 0.764109 -0.323339
87.71800232 -53.68000031 345.01800537 0.500217 0.816969 -0.286958
76.31800079 -46.24000168 343.21798706 0.583075 0.761017 -0.284388
76.61799622 -46.43899918 343.21798706 0.999999 0.000978 0.000978
76.61799622 -46.52500153 342.91799927 0.999999 -0.000978 -0.000978
76.31800079 -46.30799866 342.91799927 0.999999 0.000978 0.000978
81.11799622 -49.18099976 344.41799927 0.557844 0.755111 -0.344408
81.41799927 -49.41500092 344.41799927 0.522824 0.788233 -0.324567
81.41799927 -49.52700043 344.11801147 0.999999 -0.000978 -0.000978
81.11799622 -49.31600189 344.11801147 0.604567 0.758457 -0.243397
76.61799622 -46.20100021 343.81799316 0.511187 0.782100 -0.356380
76.31800079 -45.99800110 343.81799316 0.582523 0.743886 -0.327568
76.31800079 -46.08499908 343.51800537 0.608019 0.736361 -0.296790
76.61799622 -46.33200073 343.51800537 0.584442 0.754170 -0.299426
77.21800232 -46.62500000 343.81799316 0.568582 0.746769 -0.345037
77.21800232 -46.76300049 343.51800537 0.551100 0.779798 -0.296990
76.91799927 -46.55599976 343.51800537 0.555791 0.770419 -0.312332
91.01799774 -49.43000031 337.81799316 0.000978 0.000978 0.999999
90.71800232 -49.29199982 337.81799316 0.329600 0.716027 0.615361
91.01799774 -49.15700150 337.51800537 0.256038 0.582761 0.771255
90.71800232 -49.02600098 337.51800537 0.311750 0.715571 0.625115
76.91799927 -46.39199829 343.81799316 0.537534 0.758394 -0.368641
76.91799927 -46.11399841 344.41799927 0.600139 0.738508 -0.307310
77.21800232 -46.37400055 344.41799927 0.545366 0.770592 -0.329794
77.21800232 -46.48699951 344.11801147 0.567331 0.760192 -0.316613
76.91799927 -46.26599884 344.11801147 0.546241 0.760200 -0.351734
83.21800232 -30.08099937 341.11801147 -0.547179 -0.785083 0.290243
82.91799927 -29.88800049 341.11801147 -0.492088 -0.815954 0.303428
82.91799927 -29.77599907 341.41799927 -0.532395 -0.781806 0.324553
83.21800232 -30.00200081 341.41799927 -0.555516 -0.775176 0.300838
77.81800079 -46.80500031 344.41799927 0.527952 0.761875 -0.375252
77.51799774 -46.57600021 344.41799927 0.544047 0.758418 -0.358909
77.51799774 -46.71400070 344.11801147 0.565639 0.750403 -0.341976
77.81800079 -46.95100021 344.11801147 0.475004 0.804468 -0.356653
84.41799927 -30.48699951 342.31799316 -0.999999 -0.000978 -0.000978
84.41799927 -30.39699936 342.61801147 -0.999999 0.000978 0.000978
77.81800079 -46.59600067 345.01800537 0.539071 0.770791 -0.339534
77.81800079 -46.65499878 344.71798706 0.569844 0.775051 -0.273083
78.11799622 -46.99100113 344.41799927 0.498973 0.798675 -0.336368
78.11799622 -47.11899948 344.11801147 0.474611 0.796381 -0.374862
86.21800232 -31.06100082 344.11801147 -0.999999 -0.000978 -0.000978
86.21800232 -30.96599960 344.41799927 -0.999999 -0.000978 -0.000978
78.11799622 -46.75199890 345.01800537 0.418850 0.839269 -0.346689
78.41799927 -46.98899841 345.01800537 0.999999 0.000978 0.000978
78.41799927 -47.09500122 344.71798706 0.603548 0.726523 -0.328472
78.11799622 -46.86700058 344.71798706 0.563484 0.767807 -0.304888
79.01799774 -47.41600037 345.01800537 0.572992 0.764521 -0.295274
78.71800232 -47.20199966 345.01800537 0.544897 0.761563 -0.350869
78.71800232 -47.36000061 344.71798706 0.560463 0.771236 -0.301788
79.01799774 -47.54800034 344.71798706 0.502039 0.826433 -0.254881
79.91799927 -47.58300018 346.21798706 0.543366 0.782384 -0.304349
79.91799927 -47.70299911 345.91799927 0.555667 0.780467 -0.286541
80.21800232 -47.78699875 346.21798706 0.556046 0.775916 -0.297939
80.21800232 -47.90399933 345.91799927 0.523596 0.786194 -0.328248
80.51799774 -48.01100159 346.21798706 0.575668 0.763837 -0.291821
80.81800079 -48.23799896 346.21798706 0.550651 0.760577 -0.343955
80.51799774 -48.10100174 345.91799927 0.546786 0.789452 -0.278908
87.41799927 -53.14699936 343.44198608 0.247721 0.733695 0.632713
87.41799927 -52.95399857 343.21798706 0.117213 0.752240 0.648380
87.11799622 -52.90700150 343.21798706 0.000978 0.000978 0.999999
87.41799927 -52.74000168 342.91799927 0.287999 0.758982 0.583955
88.01799774 -52.84700012 342.83499146 0.227425 0.694823 0.682275
88.01799774 -52.63399887 342.61801147 0.213620 0.696993 0.684519
87.71800232 -52.54199982 342.61801147 0.000978 0.000978 0.999999
88.01799774 -52.38299942 342.31799316 0.000978 0.000978 0.999999
87.71800232 -52.31800079 342.31799316 0.209109 0.968571 -0.134702
91.01799774 -49.99200058 338.41799927 0.000978 0.000978 0.999999
90.71800232 -49.91500092 338.41799927 0.247312 0.962058 0.115240
91.01799774 -49.68899918 338.11801147 0.457754 0.883113 0.102819
90.71800232 -49.53400040 338.11801147 0.350223 0.718364 0.601080
91.31800079 -50.11399841 338.41799927 0.000978 0.000978 0.999999
91.31800079 -49.84700012 338.14401245 0.205559 0.528363 0.823759
91.61799622 -49.92399979 338.11801147 0.262167 0.713412 0.649856
91.61799622 -49.67300034 337.81799316 -0.000978 -0.000978 0.999999
91.31800079 -49.54600143 337.81799316 -0.000978 -0.000978 0.999999
91.61799622 -49.38000107 337.51800537 0.364350 0.886135 0.286382
91.31800079 -49.24700165 337.48699951 0.268498 0.719702 0.640264
91.31800079 -49.00400162 337.21798706 0.162237 0.466249 0.869650
76.61799622 -46.03099823 340.21798706 0.000978 0.000978 0.999999
76.31800079 -45.89799881 340.21798706 0.295546 0.749248 0.592689
76.31800079 -45.68099976 339.91799927 0.278633 0.733999 0.619362
77.21800232 -46.21599960 340.21798706 0.000978 0.000978 0.999999
76.91799927 -46.13299942 340.21798706 0.000978 0.000978 0.999999
77.21800232 -45.98500061 339.91799927 0.318125 0.734756 0.599108
76.91799927 -45.84400177 339.91799927 0.394216 0.840262 0.372228
76.91799927 -45.58900070 339.61801147 0.278995 0.632921 0.722200
77.21800232 -45.70999908 339.61801147 0.307916 0.698050 0.646462
77.21800232 -45.42100143 339.31799316 0.000978 0.000978 0.999999
76.91799927 -45.30899811 339.31799316 0.000978 0.000978 0.999999
82.01799774 -49.81399918 344.41799927 0.496760 0.797052 -0.343419
81.71800232 -49.57799911 344.41799927 0.465991 0.791702 -0.395045
81.71800232 -49.74599838 344.11801147 0.525231 0.770877 -0.360389
82.01799774 -49.93600082 344.11801147 0.511587 0.803017 -0.305685
82.01799774 -50.04299927 343.81799316 0.539763 0.784965 -0.304114
81.71800232 -49.85699844 343.81799316 0.999999 -0.000978 -0.000978
81.71800232 -49.93099976 343.51800537 0.999999 0.000978 0.000978
82.01799774 -50.16799927 343.51800537 0.555420 0.799866 -0.227428
80.21800232 -43.54700089 335.99301147 0.297201 0.650629 0.698823
79.91799927 -43.16799927 335.71798706 0.000978 0.000978 0.999999
80.21800232 -43.24100113 335.71798706 0.304357 0.697282 0.648972
79.91799927 -43.43199921 336.01800537 0.351717 0.933045 -0.075652
80.51799774 -43.54700089 335.86898804 0.255255 0.661126 0.705519
80.81800079 -43.54700089 335.76098633 0.277354 0.572141 0.771835
80.21800232 -42.99900055 335.41799927 0.276593 0.685886 0.673095
79.61799622 -43.04199982 335.71798706 0.000978 0.000978 0.999999
79.61799622 -43.31900024 336.01800537 0.244029 0.650218 0.719491
79.31800079 -43.24700165 336.05499268 0.276051 0.722839 0.633482
79.31800079 -43.47000122 336.31799316 -0.000978 -0.000978 0.999999
78.71800232 -42.97700119 336.01800537 0.000978 0.000978 0.999999
78.71800232 -43.24700165 336.31298828 0.322758 0.630919 0.705527
79.01799774 -43.09000015 336.01800537 0.236508 0.624944 0.743982
79.01799774 -43.38800049 336.31799316 0.022615 0.085074 0.996118
78.71800232 -43.53099823 336.61801147 0.258952 0.779995 0.569694
78.11799622 -42.97000122 336.31799316 -0.000978 -0.000978 0.999999
78.11799622 -43.24700165 336.57400513 0.271840 0.631114 0.726497
78.41799927 -43.08000183 336.31799316 0.233249 0.634000 0.737319
78.41799927 -43.24700165 336.46200562 0.271755 0.627738 0.729448
78.11799622 -43.54700089 336.89199829 0.282322 0.623660 0.728933
78.41799927 -43.54700089 336.77600098 0.136974 0.925614 0.352813
80.51799774 -47.72200012 346.81799316 0.556036 0.767554 -0.318880
80.81800079 -48.00299835 346.81799316 0.999999 -0.000978 -0.000978
80.51799774 -47.87200165 346.51800537 0.536849 0.760671 -0.364928
80.81800079 -48.09600067 346.51800537 0.575985 0.761066 -0.298363
88.61799622 -45.04700089 336.20800781 -0.300720 0.001227 0.953712
88.31800079 -45.04700089 336.10998535 -0.310827 -0.026427 0.950099
88.61799622 -45.34700012 336.19799805 -0.271360 -0.061845 0.960489
88.31800079 -45.34700012 336.10000610 -0.309246 -0.031556 0.950458
77.81800079 -43.16899872 336.61801147 0.301511 0.691702 0.656231
81.41799927 -48.48099899 346.81799316 0.522492 0.795648 -0.306507
81.41799927 -48.57799911 346.51800537 0.999999 0.000978 0.000978
81.11799622 -48.22600174 346.81799316 0.999999 -0.000978 -0.000978
81.11799622 -48.32600021 346.51800537 0.595779 0.754654 -0.274853
82.31800079 -50.34500122 343.21798706 0.999999 -0.000978 -0.000978
81.41799927 -48.34700012 347.11801147 0.558581 0.752870 -0.348101
82.61799622 -50.52799988 343.21798706 0.999999 0.000978 0.000978
81.11799622 -47.99100113 347.41799927 0.548198 0.770050 -0.326347
81.41799927 -48.20399857 347.41799927 0.559169 0.758988 -0.333568
82.31800079 -50.34099960 342.91799927 0.385042 0.918386 -0.091158
82.61799622 -50.59299850 342.91799927 0.999999 -0.000978 -0.000978
81.11799622 -48.11600113 347.11801147 0.564031 0.768552 -0.301988
81.71800232 -48.44200134 347.41799927 0.553029 0.786215 -0.275727
82.01799774 -48.66199875 347.41799927 0.548882 0.781163 -0.297510
81.71800232 -48.56100082 347.11801147 0.527267 0.796442 -0.296093
82.01799774 -48.74499893 347.11801147 0.535058 0.793906 -0.288837
82.01799774 -48.38399887 348.01800537 0.538130 0.775871 -0.329303
82.01799774 -48.51800156 347.71798706 0.505221 0.782850 -0.363178
81.71800232 -48.35200119 347.71798706 0.500910 0.803046 -0.322809
82.31800079 -48.86299896 347.41799927 0.526679 0.782815 -0.331376
82.31800079 -48.61700058 348.01800537 0.541175 0.772419 -0.332413
82.61799622 -48.80400085 348.01800537 0.538130 0.775871 -0.329303
82.31800079 -48.73699951 347.71798706 0.562949 0.765033 -0.312750
82.61799622 -48.96099854 347.71798706 0.551087 0.744049 -0.377748
83.21800232 -49.22700119 348.01800537 0.499367 0.806913 -0.315473
82.31800079 -50.27000046 343.81799316 0.543591 0.787653 -0.290021
82.91799927 -49.04199982 348.01800537 0.493776 0.781948 -0.380451
82.91799927 -49.18099976 347.71798706 0.509752 0.794190 -0.330779
83.21800232 -49.34500122 347.71798706 0.467603 0.809129 -0.355889
82.61799622 -50.50799942 343.81799316 0.623563 0.740382 -0.251004
85.01799774 -39.04700089 335.57299805 -0.246728 -0.027954 0.968681
84.71800232 -39.04700089 335.50100708 -0.268173 -0.035839 0.962704
85.01799774 -39.34700012 335.55499268 -0.284098 -0.062425 0.956761
84.71800232 -39.34700012 335.47500610 -0.275607 -0.122638 0.953415
82.31800079 -50.34799957 343.51800537 0.999999 -0.000978 -0.000978
82.61799622 -50.55500031 343.51800537 0.999999 0.000978 0.000978
82.91799927 -48.78699875 348.61801147 0.999999 0.000978 0.000978
82.91799927 -48.88800049 348.31799316 0.528001 0.781571 -0.332208
83.21800232 -49.01699829 348.61801147 0.582705 0.763709 -0.277857
83.21800232 -49.11100006 348.31799316 0.573859 0.773050 -0.270330
83.51799774 -49.24499893 348.61801147 0.577642 0.772813 -0.262851
83.81800079 -49.46500015 348.61801147 0.478154 0.801188 -0.359815
83.51799774 -49.33200073 348.31799316 0.597580 0.750561 -0.282058
83.81800079 -49.21200180 349.21798706 0.563186 0.770592 -0.298345
83.51799774 -48.99000168 349.21798706 0.550761 0.782493 -0.290459
83.51799774 -49.12699890 348.91799927 0.563983 0.760011 -0.322965
83.81800079 -49.33800125 348.91799927 0.553246 0.768130 -0.322326
82.61799622 -35.44699860 335.13299561 -0.268184 -0.116431 0.956306
85.91799927 -50.06299973 350.41799927 0.773429 0.633061 -0.032285
85.91799927 -50.11899948 350.11801147 0.489569 0.857113 -0.160249
85.96700287 -50.14699936 350.11801147 0.531366 0.833312 -0.152453
82.01799774 -32.44699860 335.06900024 -0.999999 -0.000978 -0.000978
82.01799774 -32.74700165 335.08999634 -0.999999 0.000978 0.000978
81.71800232 -32.74700165 334.86300659 -0.565746 0.348525 0.747303
82.91799927 -50.72100067 343.81799316 0.504260 0.841437 -0.194178
82.91799927 -50.73099899 343.51800537 0.999999 0.000978 0.000978
86.21800232 -50.27600098 350.41799927 0.616789 0.787127 0.001374
86.41100311 -50.44699860 350.41799927 0.662655 0.747793 -0.041150
86.21800232 -50.30899811 350.11801147 0.571215 0.806860 -0.150634
86.39199829 -50.44699860 350.11801147 0.671483 0.725806 -0.149386
86.21800232 -50.19599915 351.01800537 0.534441 0.783315 -0.317474
86.21800232 -50.31000137 350.71798706 0.602868 0.790623 -0.107079
86.61399841 -50.74700165 350.11801147 0.753919 0.612853 -0.236677
86.51799774 -50.41299820 351.01800537 0.575462 0.788367 -0.217534
86.81800079 -50.63199997 351.01800537 0.999999 0.000978 0.000978
86.81800079 -50.74399948 350.71798706 0.999999 -0.000978 -0.000978
86.51799774 -50.52700043 350.71798706 0.596177 0.788396 -0.151672
87.11799622 -50.86899948 351.01800537 0.999999 -0.000978 -0.000978
87.41799927 -51.11899948 351.01800537 0.486357 0.816891 -0.310072
87.11799622 -50.94699860 350.71798706 0.574768 0.771107 -0.273925
87.41799927 -51.18299866 350.71798706 0.515891 0.819539 -0.249425
87.11799622 -50.61999893 351.61801147 0.517063 0.789202 -0.331369
87.11799622 -50.73400116 351.31799316 0.530098 0.783136 -0.325106
87.41799927 -50.84899902 351.61801147 0.543654 0.779609 -0.310887
87.41799927 -50.95700073 351.31799316 0.548395 0.761929 -0.344567
87.71800232 -51.03900146 351.61801147 0.524360 0.784134 -0.331934
88.01799774 -51.25000000 351.61801147 0.999999 -0.000978 -0.000978
87.71800232 -51.16400146 351.31799316 0.529547 0.795111 -0.295598
91.31800079 -38.14699936 337.48699951 -0.291694 -0.183864 0.938674
82.91799927 -50.69499969 343.21798706 0.999999 0.000978 0.000978
83.35099792 -51.04700089 343.21798706 0.502469 0.863918 0.034228
83.21800232 -50.92800140 342.91799927 0.419220 0.878722 0.228259
82.91799927 -50.79399872 342.91799927 0.999999 -0.000978 -0.000978
73.31800079 -44.76599884 340.21798706 0.134964 0.967886 0.212087
96.24600220 -37.84700012 345.01800537 -0.554988 -0.755625 0.347879
96.41799927 -37.97600174 345.01800537 -0.575669 -0.769145 0.277527
96.41799927 -38.08399963 344.71798706 -0.999999 -0.000978 -0.000978
96.11799622 -37.89699936 344.71798706 -0.502517 -0.803711 0.318631
96.85800171 -38.14699936 345.61801147 -0.545176 -0.803009 0.240747
96.58100128 -37.84700012 345.61801147 0.000978 -0.999999 0.000978
96.11799622 -37.61800003 345.61801147 -0.999999 -0.000978 -0.000978
96.42500305 -37.84700012 345.31799316 -0.575254 -0.752503 0.320660
96.11799622 -37.60900116 345.31799316 -0.390303 -0.920278 -0.027413
95.81800079 -37.05599976 346.21798706 -0.526602 -0.712657 0.463476
95.51799774 -37.00400162 345.91799927 -0.576414 -0.729906 0.367402
95.81800079 -37.25899887 345.91799927 -0.622665 -0.713235 0.321845
95.51799774 -37.10100174 345.61801147 -0.477487 -0.835989 0.270422
95.81800079 -37.32500076 345.61801147 -0.625807 -0.730904 0.272298
95.51799774 -37.21599960 345.31799316 -0.445573 -0.789069 0.422889
95.81800079 -37.48199844 345.31799316 -0.400554 -0.837236 0.372280
95.21800232 -36.58200073 346.21798706 -0.480922 -0.856130 0.189093
94.91799927 -36.41400146 346.21798706 -0.521339 -0.824052 0.221684
94.91799927 -36.47999954 345.91799927 -0.494129 -0.817274 0.296478
94.31800079 -36.04700089 346.22299194 -0.999999 0.000978 0.000978
94.61799622 -36.20299911 346.21798706 -0.492947 -0.821578 0.286379
94.31800079 -36.04899979 346.21798706 -0.999999 0.000978 0.000978
94.61799622 -36.32799911 345.91799927 -0.488190 -0.787871 0.375407
94.31800079 -36.11199951 345.91799927 -0.999999 0.000978 0.000978
93.71800232 -35.58700180 346.21798706 -0.495572 -0.782907 0.376118
93.71800232 -35.72900009 345.91799927 -0.554658 -0.792146 0.254674
93.41799927 -35.24100113 346.51800537 -0.483563 -0.810166 0.331359
94.01799774 -35.47299957 346.81799316 -0.486363 -0.775903 0.401778
93.71800232 -35.43999863 346.51800537 -0.498743 -0.774920 0.388272
94.01799774 -35.62799835 346.51800537 -0.509581 -0.778123 0.367222
86.21800232 -32.94400024 339.31799316 -0.572842 -0.736045 0.360679
86.21800232 -32.82400131 339.61801147 -0.510876 -0.813964 0.276529
83.62100220 -51.34700012 343.21798706 0.555305 0.829425 0.060759
83.51799774 -51.08700180 342.91799927 0.404545 0.854040 0.327046
88.91799927 -33.95000076 341.71798706 0.001228 -0.952066 0.305890
89.21800232 -34.17800140 341.71798706 -0.538176 -0.759299 0.365829
89.21800232 -34.02199936 342.01800537 -0.537791 -0.793282 0.285455
74.51799774 -44.90499878 343.21798706 0.552451 0.770229 -0.318660
74.81800079 -45.12900162 343.21798706 0.999999 0.000978 0.000978
74.81800079 -45.23799896 342.91799927 0.525841 0.771773 -0.357572
74.51799774 -45.05899811 342.91799927 0.513975 0.797218 -0.316659
83.81800079 -50.94400024 342.61801147 0.251471 0.722780 0.643701
90.11799622 -34.41600037 342.61801147 -0.532799 -0.795246 0.289324
83.51799774 -50.90000153 342.61801147 0.000978 0.000978 0.999999
83.81800079 -51.34700012 342.90499878 0.275294 0.894334 0.352674
90.11799622 -34.55400085 342.31799316 -0.541562 -0.735800 0.406583
90.41799927 -34.82799911 342.31799316 -0.546314 -0.736621 0.398661
90.41799927 -34.61899948 342.61801147 -0.561339 -0.722662 0.403308
75.11799622 -45.33499908 343.21798706 0.527732 0.789207 -0.314088
75.41799927 -45.96900177 342.31799316 0.551990 0.764418 -0.333125
91.31800079 -34.88199997 343.51800537 -0.556584 -0.783632 0.275927
91.61799622 -34.99300003 343.81799316 -0.536155 -0.787527 0.303874
91.31800079 -34.79700089 343.81799316 -0.999999 0.000978 0.000978
91.01799774 -34.68299866 343.51800537 -0.500430 -0.794612 0.343746
91.01799774 -34.57600021 343.81799316 -0.999999 -0.000978 -0.000978
91.91600037 -35.44699860 343.51800537 -0.544127 -0.719439 0.431663
91.61799622 -35.14899826 343.51800537 -0.999999 0.000978 0.000978
82.61799622 -45.60400009 337.21798706 0.275801 0.706243 0.652039
84.41799927 -45.46300125 336.31799316 0.261858 0.687178 0.677656
84.11799622 -45.34899902 336.31799316 0.279285 0.732525 0.620811
73.01799774 -44.72399902 340.21798706 0.137535 0.982218 0.127798
73.61799622 -44.74700165 340.07998657 0.229436 0.763225 0.604025
73.31800079 -44.48300171 339.91799927 0.247787 0.696014 0.673918
73.61799622 -44.07400131 339.31799316 0.158124 0.843823 0.512796
73.61799622 -44.44699860 339.77801514 0.325303 0.543239 0.773996
73.61799622 -44.22999954 339.61801147 0.324849 0.741819 0.586667
85.91799927 -51.93000031 342.61801147 0.307571 0.732695 0.607090
85.91799927 -51.61199951 342.31799316 -0.000978 -0.000978 0.999999
86.21800232 -51.94699860 342.51400757 0.261715 0.658254 0.705838
86.21800232 -51.73099899 342.31799316 0.248054 0.649365 0.718884
86.81800079 -51.62599945 342.01800537 -0.000978 -0.000978 0.999999
86.51799774 -51.57500076 342.01800537 0.223848 0.712244 0.665283
86.81800079 -51.38700104 341.71798706 0.000978 0.000978 0.999999
85.91799927 -51.34700012 342.03100586 0.275692 0.619909 0.734648
85.91799927 -51.03300095 341.71798706 0.000978 0.000978 0.999999
86.21800232 -51.34700012 341.91799927 0.261831 0.671240 0.693456
86.21800232 -51.14099884 341.71798706 0.244300 0.676159 0.695073
86.51799774 -51.27199936 341.71798706 0.282121 0.734789 0.616841
86.51799774 -51.03799820 341.41799927 0.317886 0.724522 0.611568
86.81800079 -51.14099884 341.41799927 -0.000978 -0.000978 0.999999
91.91799927 -36.20399857 341.41799927 -0.461153 -0.819299 0.340714
91.91799927 -36.32899857 341.11801147 -0.542775 -0.742832 0.391913
92.81800079 -37.83800125 339.01800537 -0.485535 -0.796406 0.360546
92.51799774 -37.65499878 339.01800537 -0.497477 -0.795003 0.347114
92.51799774 -37.77899933 338.71798706 -0.719331 -0.676929 0.155981
92.81800079 -37.94100189 338.71798706 -0.497247 -0.805445 0.322496
93.73000336 -43.24700165 350.71798706 -0.855597 0.428566 -0.290319
93.71800232 -43.27099991 350.71798706 -0.000978 -0.000978 -0.999999
78.71800232 -41.33000183 334.21798706 0.308118 0.669471 0.675923
79.01799774 -41.45500183 334.21798706 0.254822 0.678999 0.688495
79.01799774 -41.70899963 334.51800537 0.279075 0.738352 0.613965
78.71800232 -41.74700165 334.71301270 0.209574 0.743600 0.634932
78.71800232 -41.58000183 334.51800537 0.321936 0.710201 0.626077
78.41799927 -47.76399994 343.21798706 0.509047 0.788461 -0.345253
78.41799927 -47.89500046 342.91799927 0.522942 0.824815 -0.214970
78.11799622 -47.54999924 343.21798706 0.579766 0.744491 -0.331064
78.11799622 -47.65499878 342.91799927 0.999999 -0.000978 -0.000978
78.71800232 -47.93700027 343.21798706 0.478901 0.817135 -0.320848
79.01799774 -48.11500168 343.21798706 0.517504 0.806928 -0.284706
78.71800232 -48.04499817 342.91799927 0.999999 0.000978 0.000978
79.01799774 -48.20399857 342.91799927 0.999999 0.000978 0.000978
83.21800232 -49.72299957 346.81799316 0.564966 0.782140 -0.262812
83.21800232 -49.84400177 346.51800537 0.516736 0.801178 -0.301824
82.91799927 -49.66199875 346.51800537 0.513975 0.797218 -0.316659
83.51799774 -49.97600174 346.81799316 0.575281 0.779059 -0.249236
83.51799774 -50.04899979 346.51800537 0.999999 0.000978 0.000978
86.51799774 -51.11299896 349.21798706 0.986091 -0.138836 0.091371
86.55500031 -51.04700089 348.91799927 -0.354818 0.921406 0.158476
86.81800079 -51.40999985 349.21798706 0.116920 0.964908 -0.235124
86.81800079 -51.48300171 348.91799927 0.541826 0.801028 -0.254518
78.41799927 -43.96699905 337.21798706 -0.000978 -0.000978 0.999999
78.11799622 -43.85599899 337.21798706 -0.000978 -0.000978 0.999999
80.81800079 -43.79399872 336.01800537 0.248345 0.678598 0.691252
80.51799774 -43.70600128 336.01800537 0.196437 0.669740 0.716143
79.91799927 -38.14699936 334.16900635 -0.235337 -0.027758 0.971517
79.91799927 -37.84700012 334.16500854 -0.275200 0.003637 0.961380
80.21800232 -38.14699936 334.24899292 -0.261256 -0.053751 0.963772
80.21800232 -37.84700012 334.24600220 -0.285567 -0.023488 0.958071
85.01799774 -31.00499916 342.01800537 -0.474670 -0.793262 0.381345
80.51799774 -38.14699936 334.33099365 -0.265385 -0.074917 0.961227
80.81800079 -38.14699936 334.41500854 -0.292847 -0.026169 0.955801
80.51799774 -37.84700012 334.34298706 -0.296252 -0.039080 0.954310
80.81800079 -37.84700012 334.43200684 -0.293597 -0.052110 0.954508
83.21800232 -37.54700089 335.17401123 -0.310947 -0.063221 0.948322
83.21800232 -37.24700165 335.18798828 -0.319954 -0.006225 0.947413
83.51799774 -37.54700089 335.27200317 -0.261767 -0.130226 0.956305
83.81800079 -37.54700089 335.33801270 -0.210271 -0.123614 0.969797
83.51799774 -37.24700165 335.29598999 -0.291939 0.001222 0.956436
83.81800079 -37.24700165 335.37100220 -0.246720 -0.084771 0.965372
85.31800079 -37.54700089 335.78500366 -0.282763 -0.059596 0.957337
85.61799622 -37.54700089 335.85800171 -0.267779 -0.085843 0.959649
85.31800079 -37.24700165 335.79901123 -0.283451 -0.059741 0.957124
85.61799622 -37.24700165 335.88598633 -0.235451 -0.057938 0.970158
85.01799774 -31.13400078 341.71798706 -0.551220 -0.766565 0.329446
85.31800079 -36.94699860 335.82299805 -0.268292 -0.048667 0.962108
85.61799622 -36.94699860 335.89401245 -0.262418 -0.046016 0.963857
85.31800079 -36.64699936 335.82901001 -0.259477 -0.058915 0.963951
85.61799622 -36.64699936 335.91500854 -0.293876 -0.104109 0.950157
85.91799927 -37.54700089 335.95300293 -0.303660 0.001229 0.952780
85.91799927 -37.24700165 335.94400024 -0.275482 -0.054090 0.959783
86.21800232 -37.54700089 336.04901123 -0.302688 -0.018684 0.952907
86.21800232 -37.24700165 336.05700684 -0.320304 -0.060949 0.945352
85.91799927 -36.94699860 335.98599243 -0.304607 -0.113064 0.945744
85.91799927 -36.64699936 336.01501465 -0.283603 -0.013505 0.958847
86.21800232 -36.94699860 336.08801270 -0.291191 -0.057221 0.954952
86.21800232 -36.64699936 336.09298706 -0.254609 -0.003586 0.967037
86.51799774 -36.94699860 336.16900635 -0.202367 -0.044305 0.978307
86.81800079 -36.94699860 336.21200562 -0.203310 -0.098537 0.974143
86.51799774 -36.64699936 336.17300415 -0.238716 -0.030294 0.970617
86.81800079 -36.64699936 336.23999023 -0.250444 -0.074252 0.965279
86.51799774 -37.54700089 336.14401245 -0.270131 -0.056539 0.961162
86.81800079 -37.54700089 336.21798706 -0.231271 0.063074 0.970843
86.51799774 -37.24700165 336.14599609 -0.201444 -0.041719 0.978611
86.81800079 -37.24700165 336.17898560 -0.226057 0.010652 0.974056
85.31800079 -50.14699936 347.04098511 -0.231381 0.504135 -0.832052
89.51799774 -36.94699860 337.02301025 -0.253384 -0.164901 0.953207
89.81800079 -36.94699860 337.11700439 -0.298275 -0.073600 0.951638
89.51799774 -36.64699936 337.10800171 -0.377352 -0.319298 0.869284
89.81800079 -36.64699936 337.23599243 -0.343910 -0.403044 0.848104
90.11799622 -36.94699860 337.25799561 -0.274322 -0.251580 0.928146
90.41799927 -36.94699860 337.35400391 -0.320335 -0.234146 0.917911
90.11799622 -36.64699936 337.35000610 -0.341790 -0.276687 0.898123
83.21800232 -44.15999985 335.41799927 0.267554 0.748835 0.606351
88.01799774 -51.83700180 350.11801147 0.056114 0.885505 -0.461229
87.71800232 -51.59400177 350.11801147 0.539084 0.762488 -0.357771
88.01799774 -51.70500183 350.41799927 0.221591 0.950259 -0.218872
87.71800232 -51.49200058 350.41799927 -0.999999 -0.000978 -0.000978
87.11799622 -51.24200058 350.11801147 0.495520 0.763722 -0.413751
87.11799622 -51.08200073 350.41799927 0.559893 0.742716 -0.367277
87.41799927 -51.30099869 350.41799927 0.538096 0.788890 -0.296826
87.41799927 -51.40900040 350.11801147 0.472648 0.802700 -0.363698
84.41799927 -51.34700012 342.65600586 0.329892 0.706912 0.625657
84.11799622 -51.34700012 342.80801392 0.246348 0.604102 0.757874
84.11799622 -51.10900116 342.61801147 0.325008 0.590189 0.738949
84.41799927 -51.02199936 342.31799316 0.297152 0.647309 0.701920
85.01799774 -50.43999863 341.41799927 0.310817 0.739197 0.597478
84.71800232 -50.27999878 341.41799927 -0.000978 -0.000978 0.999999
86.86299896 -51.04700089 350.11801147 0.595488 0.722743 -0.350767
86.81800079 -50.84899902 350.41799927 0.642977 0.713178 -0.279208
77.21800232 -40.84700012 334.35900879 0.333364 0.619569 0.710635
76.91799927 -40.84700012 334.49398804 0.263949 0.763397 0.589539
77.03500366 -40.54700089 334.21798706 0.486290 0.597346 0.637730
77.21800232 -40.54700089 334.07800293 0.000978 0.999999 0.000978
82.31800079 -47.16999817 339.01800537 0.289783 0.613188 0.734865
82.61799622 -46.96799850 338.71798706 0.192926 0.659036 0.726946
82.61799622 -47.14699936 338.88000488 0.279208 0.642977 0.713178
83.51799774 -49.60800171 347.71798706 0.551722 0.785689 -0.279813
83.81800079 -49.79700089 347.71798706 0.306067 0.900459 -0.309025
83.81800079 -49.68999863 348.01800537 0.266690 0.918280 -0.292639
81.41799927 -47.37200165 339.61801147 0.188931 0.471583 0.861345
81.11799622 -47.49700165 339.91799927 -0.000978 -0.000978 0.999999
81.41799927 -47.64899826 339.91799927 0.000978 0.000978 0.999999
78.71800232 -47.66999817 341.11801147 0.269285 0.709064 0.651701
78.41799927 -47.56499863 341.11801147 0.294908 0.760385 0.578658
78.11799622 -47.43600082 341.11801147 -0.000978 -0.000978 0.999999
78.11799622 -47.69699860 341.41799927 0.269323 0.920307 0.283725
78.41799927 -47.78499985 341.41799927 0.310354 0.734880 0.603019
77.51799774 -47.21799850 341.11801147 0.279525 0.781723 0.557471
77.81800079 -47.31200027 341.11801147 0.000978 0.000978 0.999999
77.81800079 -47.56200027 341.41799927 0.411101 0.898120 0.156132
77.51799774 -47.42300034 341.41799927 0.388179 0.849628 0.357000
83.51799774 -49.47100067 348.01800537 0.554988 0.755625 -0.347879
83.51799774 -49.85599899 347.11801147 0.521272 0.768105 -0.371873
83.81800079 -50.04999924 347.11801147 0.433076 0.813416 -0.388330
83.81800079 -49.89599991 347.41799927 0.499705 0.796654 -0.340055
83.51799774 -49.68500137 347.41799927 0.532395 0.781806 -0.324553
93.41799927 -47.44699860 337.39599609 -0.271969 -0.116933 0.955175
93.11799622 -47.44699860 337.31799316 -0.232311 -0.068327 0.970239
93.41799927 -47.74700165 337.37600708 -0.283879 -0.003655 0.958853
93.11799622 -47.74700165 337.29998779 -0.258219 -0.069278 0.963599
73.01799774 -42.44400024 346.81799316 0.895559 -0.437430 0.081414
73.01799774 -42.50000000 346.51800537 0.999999 0.000978 0.000978
73.31800079 -42.61399841 346.81799316 0.534202 0.795787 -0.285223
73.61799622 -42.84500122 346.81799316 0.581294 0.765027 -0.277184
73.31800079 -42.76499939 346.51800537 0.544775 0.783014 -0.300182
82.91799927 -49.40200043 347.11801147 0.500959 0.807539 -0.311321
82.91799927 -49.29100037 347.41799927 0.999999 0.000978 0.000978
83.21800232 -49.49000168 347.41799927 0.508544 0.771752 -0.381814
83.21800232 -49.64199829 347.11801147 0.595313 0.748530 -0.292070
73.61799622 -42.60499954 347.41799927 0.593544 0.747129 -0.299172
73.31800079 -42.36999893 347.41799927 0.573861 0.753896 -0.319883
73.31800079 -42.55199814 347.11801147 0.526463 0.785695 -0.324839
73.61799622 -42.73099899 347.11801147 0.527202 0.788413 -0.316958
73.91799927 -42.84199905 347.41799927 0.528759 0.779478 -0.335899
74.21800232 -43.03300095 347.41799927 0.531069 0.778152 -0.335328
74.21800232 -43.15700150 347.11801147 0.535271 0.776384 -0.332736
73.91799927 -42.95299911 347.11801147 0.550220 0.771592 -0.319224
73.91799927 -42.56399918 348.01800537 0.545447 0.788922 -0.283000
74.21800232 -42.79399872 348.01800537 0.573444 0.747901 -0.334375
74.21800232 -42.89899826 347.71798706 0.553602 0.773767 -0.307911
73.91799927 -42.69400024 347.71798706 0.525841 0.771773 -0.357572
74.81800079 -43.24499893 348.01800537 0.539999 0.790203 -0.289794
74.51799774 -43.02299881 348.01800537 0.571984 0.761043 -0.306019
74.51799774 -43.13499832 347.71798706 0.528099 0.794527 -0.299732
74.81800079 -43.33499908 347.71798706 0.999999 0.000978 0.000978
74.81800079 -43.02399826 348.61801147 0.540190 0.777424 -0.322190
74.81800079 -43.11600113 348.31799316 0.543089 0.786925 -0.292920
75.11799622 -43.43299866 348.01800537 0.467746 0.845010 -0.259177
75.11799622 -43.48899841 347.71798706 0.508481 0.787584 -0.348077
75.11799622 -43.20999908 348.61801147 0.538096 0.788890 -0.296826
75.41799927 -43.43099976 348.61801147 0.556177 0.762527 -0.330482
75.11799622 -43.30599976 348.31799316 0.530881 0.793944 -0.296342
75.41799927 -43.55699921 348.31799316 0.568932 0.755890 -0.323953
87.11799622 -33.86800003 338.71798706 -0.552467 -0.778549 0.297727
75.71800232 -43.67300034 348.61801147 0.581197 0.754116 -0.305809
76.01799774 -43.89799881 348.61801147 0.517260 0.786299 -0.337900
75.71800232 -43.78499985 348.31799316 0.999999 -0.000978 -0.000978
76.01799774 -44.02899933 348.31799316 0.567213 0.775770 -0.276496
75.71800232 -43.35800171 349.21798706 0.698956 0.701962 -0.136785
75.90799713 -43.54700089 349.21798706 0.683470 0.686627 -0.247817
75.71800232 -43.54299927 348.91799927 0.603197 0.711085 -0.361264
82.91799927 -49.52099991 346.81799316 0.525866 0.779953 -0.339320
76.01799774 -43.77299881 348.91799927 0.517604 0.770727 -0.371572
76.31800079 -43.81200027 349.21798706 0.422636 0.827860 -0.368817
76.61799622 -43.96599960 349.21798706 0.546960 0.757954 -0.355443
76.31800079 -43.94599915 348.91799927 0.458842 0.817659 -0.347704
76.31800079 -43.61299896 349.81799316 0.593929 0.785323 -0.174685
76.61799622 -43.88100052 349.81799316 0.610761 0.726789 -0.314244
76.31800079 -43.68000031 349.51800537 0.499383 0.818737 -0.283349
76.61799622 -43.90900040 349.51800537 0.999999 -0.000978 -0.000978
76.61799622 -44.18799973 348.91799927 0.507027 0.749875 -0.424984
82.31800079 -48.99200058 347.11801147 0.611849 0.747816 -0.257704
82.61799622 -49.21900177 347.11801147 0.999999 -0.000978 -0.000978
82.61799622 -49.10800171 347.41799927 0.514908 0.787601 -0.338460
76.91799927 -44.06399918 349.81799316 0.515568 0.805674 -0.291682
76.91799927 -44.12699890 349.51800537 0.999999 0.000978 0.000978
77.21800232 -44.26200104 349.81799316 0.493414 0.838651 -0.230667
77.21800232 -44.37699890 349.51800537 0.502039 0.826433 -0.254881
77.51799774 -44.41400146 349.81799316 0.492128 0.831526 -0.257634
77.81800079 -44.66999817 349.81799316 0.999999 -0.000978 -0.000978
77.81800079 -44.73300171 349.51800537 0.544766 0.802405 -0.243670
77.51799774 -44.54299927 349.51800537 0.481128 0.811407 -0.331867
77.51799774 -44.26300049 350.41799927 0.712792 0.669310 -0.209645
77.69100189 -44.44699860 350.41799927 -0.000978 -0.000978 -0.999999
77.81800079 -44.53200150 350.41799927 0.391391 0.897725 -0.202243
77.51799774 -44.35699844 350.11801147 0.999999 -0.000978 -0.000978
77.81800079 -44.58100128 350.11801147 0.999999 0.000978 0.000978
73.01799774 -43.76200104 343.51800537 0.494510 0.795377 -0.350478
73.01799774 -43.61899948 343.81799316 0.513969 0.770144 -0.377776
92.81800079 -47.44699860 337.25201416 -0.249561 -0.040569 0.967509
78.41799927 -44.86899948 350.41799927 0.536156 0.762928 -0.361217
78.41799927 -44.99200058 350.11801147 0.570743 0.773112 -0.276676
78.11799622 -44.74800110 350.11801147 0.480619 0.810549 -0.334688
78.41799927 -44.74700165 350.63198853 0.553023 0.724708 -0.411053
78.11799622 -44.63899994 350.41799927 0.318770 0.890460 -0.324756
92.51799774 -47.44699860 337.16299438 -0.269608 -0.080499 0.959600
92.81800079 -47.74700165 337.21600342 -0.279586 -0.043881 0.959117
81.41799927 -48.77099991 345.91799927 0.517619 0.794744 -0.316942
81.11799622 -48.57500076 345.91799927 0.537872 0.798183 -0.271288
81.41799927 -48.65499878 346.21798706 0.578780 0.776413 -0.249393
81.11799622 -48.44499969 346.21798706 0.540190 0.777424 -0.322190
92.51799774 -47.74700165 337.12600708 -0.295826 -0.026212 0.954882
81.11799622 -48.78300095 345.31799316 0.494255 0.787266 -0.368679
81.11799622 -48.64799881 345.61801147 0.595064 0.759220 -0.263596
81.41799927 -48.89300156 345.61801147 0.999999 -0.000978 -0.000978
80.81800079 -48.36899948 345.91799927 0.586714 0.769177 -0.253246
80.51799774 -48.22200012 345.61801147 0.504792 0.759639 -0.410041
80.51799774 -48.42300034 345.31799316 0.550422 0.746418 -0.374026
80.81800079 -48.60699844 345.31799316 0.464772 0.774620 -0.428895
80.81800079 -48.43500137 345.61801147 0.554971 0.772482 -0.308673
83.21800232 -28.90999985 344.11801147 -0.632729 -0.688317 0.354786
82.91799927 -28.65500069 344.11801147 -0.660662 -0.670450 0.337672
85.01799774 -51.51699829 342.61801147 0.139982 0.717974 0.681849
84.71800232 -51.45800018 342.61801147 0.234047 0.724132 0.648734
85.61799622 -51.78200150 342.61801147 0.391726 0.791512 -0.469104
85.61799622 -51.48099899 342.31799316 -0.000978 -0.000978 0.999999
85.31800079 -51.64699936 342.59600830 0.401776 0.909864 0.103551
85.31800079 -51.35100174 342.31799316 0.287230 0.662715 0.691598
85.31800079 -51.94300079 342.91799927 0.000978 0.000978 0.999999
92.81800079 -46.84700012 337.30200195 -0.246949 -0.129354 0.960356
92.51799774 -46.84700012 337.22000122 -0.296592 -0.076414 0.951942
92.81800079 -47.14699936 337.24099731 -0.266581 -0.080357 0.960457
92.51799774 -47.14699936 337.17599487 -0.213466 -0.093625 0.972454
79.61799622 -47.97000122 344.71798706 0.999999 0.000978 0.000978
79.61799622 -47.89599991 345.01800537 0.517871 0.791945 -0.323470
93.35900116 -48.94699860 338.11801147 -0.000978 0.999999 -0.000978
93.54199982 -48.64699936 338.11801147 -0.000978 0.999999 -0.000978
93.28299713 -48.94699860 338.41799927 0.000978 0.999999 0.000978
93.45700073 -48.64699936 338.41799927 0.000978 0.999999 0.000978
97.21600342 -40.54700089 343.51800537 -0.000978 0.999999 -0.000978
97.20700073 -40.54700089 343.81799316 -0.000978 0.999999 -0.000978
96.85900116 -41.14699936 343.51800537 0.000978 0.999999 0.000978
97.03500366 -40.84700012 343.51800537 0.000978 0.999999 0.000978
96.81199646 -41.14699936 343.81799316 -0.000978 0.999999 -0.000978
96.97200012 -40.84700012 343.81799316 0.000978 0.999999 0.000978
96.72899628 -41.14699936 344.11801147 -0.000978 0.999999 -0.000978
96.91000366 -40.84700012 344.11801147 0.000978 0.999999 0.000978
96.81800079 -40.84700012 344.41799927 0.000978 0.999999 0.000978
96.62699890 -41.14699936 344.41799927 0.000978 0.999999 0.000978
87.71800232 -52.83100128 342.91799927 0.219759 0.724736 0.653042
87.71800232 -53.10699844 343.21798706 0.350476 0.712362 0.608035
96.36799622 -41.74700165 344.11801147 0.000978 0.999999 0.000978
96.54299927 -41.44699860 344.11801147 -0.000978 0.999999 -0.000978
96.28099823 -41.74700165 344.41799927 0.000978 0.999999 0.000978
96.45999908 -41.44699860 344.41799927 0.000978 0.999999 0.000978
96.19899750 -41.74700165 344.71798706 -0.000978 0.999999 -0.000978
96.39900208 -41.44699860 344.71798706 0.000978 0.999999 0.000978
96.30999756 -41.44699860 345.01800537 0.000978 0.999999 0.000978
96.10500336 -41.74700165 345.01800537 0.000978 0.999999 0.000978
95.77100372 -42.34700012 344.71798706 0.000978 0.999999 0.000978
95.97399902 -42.04700089 344.71798706 0.000978 0.999999 0.000978
95.68699646 -42.34700012 345.01800537 0.000978 0.999999 0.000978
79.61799622 -48.18999863 344.11801147 0.536155 0.787527 -0.303874
95.90299988 -42.04700089 345.01800537 0.000978 0.999999 0.000978
79.31800079 -47.98500061 344.11801147 0.999999 0.000978 0.000978
95.66500092 -42.34700012 345.31799316 -0.000978 0.999999 -0.000978
79.61799622 -48.07199860 344.41799927 0.516401 0.803817 -0.295312
95.84899902 -42.04700089 345.31799316 0.000978 0.999999 0.000978
95.60199738 -42.34700012 345.61801147 0.000978 0.999999 0.000978
95.80000305 -42.04700089 345.61801147 -0.000978 0.999999 -0.000978
79.31800079 -47.88499832 344.41799927 0.539071 0.770791 -0.339534
95.29900360 -42.94699860 345.31799316 -0.000978 0.999999 -0.000978
95.48899841 -42.64699936 345.31799316 -0.000978 0.999999 -0.000978
95.21399689 -42.94699860 345.61801147 -0.000978 0.999999 -0.000978
95.41899872 -42.64699936 345.61801147 -0.000978 0.999999 -0.000978
95.13999939 -42.94699860 345.91799927 0.000000 0.000000 0.000000
95.33499908 -42.64699936 345.91799927 0.000000 0.000000 0.000000
95.06600189 -42.94699860 346.21798706 -0.000978 0.999999 -0.000978
95.25099945 -42.64699936 346.21798706 0.000978 0.999999 0.000978
94.95800018 -43.24700165 345.91799927 0.000978 0.999999 0.000978
79.01799774 -47.79399872 344.11801147 0.575702 0.741115 -0.345421
94.78700256 -43.54700089 345.91799927 -0.000978 0.999999 -0.000978
94.69499969 -43.54700089 346.21798706 0.000978 0.999999 0.000978
94.87899780 -43.24700165 346.21798706 -0.000978 0.999999 -0.000978
94.61100006 -43.54700089 346.51800537 0.000978 0.999999 0.000978
94.80200195 -43.24700165 346.51800537 -0.000978 0.999999 -0.000978
90.41799927 -51.74800110 340.51800537 0.311448 0.724560 0.614827
94.58100128 -43.54700089 346.81799316 0.000978 0.999999 0.000978
90.11799622 -51.53900146 340.51800537 -0.000978 -0.000978 0.999999
94.74700165 -43.24700165 346.81799316 0.000978 0.999999 0.000978
90.11799622 -51.85800171 340.81799316 0.288455 0.750622 0.594441
93.16899872 -49.24700165 338.11801147 0.000978 0.999999 0.000978
90.41799927 -51.93899918 340.81799316 0.000978 0.000978 0.999999
92.21800232 -46.24700165 337.16299438 -0.266546 -0.053810 0.962319
93.12899780 -49.24700165 338.41799927 -0.000978 0.999999 -0.000978
91.91799927 -46.24700165 337.09399414 -0.212802 -0.012933 0.977010
92.21800232 -46.54700089 337.13800049 -0.245670 -0.076851 0.966302
79.01799774 -47.59899902 344.41799927 0.559615 0.764860 -0.319093
91.91799927 -46.54700089 337.07101440 -0.273167 -0.122727 0.954106
78.71800232 -47.43500137 344.41799927 0.548407 0.811154 -0.203170
90.64299774 -51.94699860 341.11801147 -0.608071 0.793678 -0.018007
93.96199799 -44.14699936 347.71798706 0.000978 0.999999 0.000978
94.15899658 -43.84700012 347.71798706 -0.000978 0.999999 -0.000978
93.86799622 -44.14699936 348.01800537 0.000978 0.999999 0.000978
94.07499695 -43.84700012 348.01800537 -0.000978 0.999999 -0.000978
89.51799774 -51.86999893 341.11801147 0.275885 0.700079 0.658617
88.91799927 -51.42200089 340.81799316 0.272325 0.702312 0.657721
88.91799927 -51.64699936 341.08499146 0.281918 0.753373 0.594097
89.21800232 -51.50299835 340.81799316 -0.000978 -0.000978 0.999999
93.20300293 -48.94699860 338.71798706 -0.000978 0.999999 -0.000978
93.38800049 -48.64699936 338.71798706 -0.000978 0.999999 -0.000978
93.14199829 -48.94699860 339.01800537 0.000978 0.999999 0.000978
93.31700134 -48.64699936 339.01800537 -0.000978 0.999999 -0.000978
88.31800079 -51.39599991 341.11801147 0.289765 0.715609 0.635563
88.61799622 -51.64699936 341.24798584 0.333262 0.681155 0.651893
88.31800079 -51.67200089 341.41799927 0.251229 0.703126 0.665205
88.31800079 -51.94699860 341.69699097 0.292920 0.543089 0.786925
88.61799622 -51.81499863 341.41799927 0.315277 0.680675 0.661273
78.62500000 -47.44699860 344.11801147 0.543559 0.814577 -0.202502
78.41799927 -47.30899811 344.11801147 0.548903 0.825562 -0.130971
78.41799927 -47.26100159 344.41799927 0.564566 0.776476 -0.279911
92.86299896 -49.54700089 338.71798706 0.000978 0.999999 0.000978
93.03800201 -49.24700165 338.71798706 0.000978 0.999999 0.000978
92.78700256 -49.54700089 339.01800537 0.000978 0.999999 0.000978
92.97599792 -49.24700165 339.01800537 0.000978 0.999999 0.000978
78.71800232 -47.65999985 343.81799316 0.554940 0.746972 -0.366163
80.81800079 -47.66899872 340.21798706 -0.000978 -0.000978 0.999999
80.51799774 -47.52799988 340.21798706 0.246789 0.529277 0.811764
80.81800079 -47.38600159 339.91799927 0.000978 0.000978 0.999999
80.51799774 -47.24700165 339.91799927 0.000978 0.000978 0.999999
79.01799774 -46.54700089 339.76199341 0.363273 0.363273 0.857943
78.71800232 -46.54700089 339.88900757 0.238300 0.789659 0.565377
78.71800232 -46.25199890 339.61801147 0.218064 0.787195 0.576864
79.01799774 -46.12599945 339.31799316 0.000978 0.000978 0.999999
78.71800232 -46.03200150 339.31799316 0.288157 0.756213 0.587458
78.41799927 -47.63299942 343.51800537 0.507733 0.750919 -0.422289
78.11799622 -47.38800049 343.51800537 0.520879 0.775674 -0.356391
78.11799622 -47.27299881 343.81799316 0.479382 0.800038 -0.360739
78.41799927 -47.42900085 343.81799316 0.500521 0.764640 -0.405960
77.51799774 -46.97800064 343.51800537 0.568104 0.773824 -0.280096
77.51799774 -46.84899902 343.81799316 0.562749 0.756244 -0.333779
77.81800079 -47.06999969 343.81799316 0.546843 0.771354 -0.325540
80.81800079 -34.84700012 334.56698608 -0.264842 -0.162669 0.950472
80.81800079 -35.14699936 334.53601074 0.091881 0.020538 0.995558
80.51799774 -35.14699936 334.58801270 0.020659 0.098944 0.994879
77.81800079 -47.20299911 343.51800537 0.537255 0.782766 -0.314063
92.70500183 -49.54700089 339.31799316 0.000978 0.999999 0.000978
92.88700104 -49.24700165 339.31799316 0.000978 0.999999 0.000978
92.60500336 -49.54700089 339.61801147 -0.000978 0.999999 -0.000978
92.78900146 -49.24700165 339.61801147 -0.000978 0.999999 -0.000978
94.01799774 -46.24700165 337.70001221 -0.236494 -0.089792 0.967475
93.71800232 -46.24700165 337.62600708 -0.276474 -0.010962 0.960959
94.01799774 -46.54700089 337.66699219 -0.265336 -0.048583 0.962931
93.71800232 -46.54700089 337.61599731 -0.253260 -0.087814 0.963405
93.11799622 -45.34700012 337.48999023 -0.275003 -0.119738 0.953958
93.41799927 -45.04700089 337.63000488 -0.250480 -0.206680 0.945803
93.11799622 -45.04700089 337.54800415 -0.248768 -0.215783 0.944220
93.41799927 -45.34700012 337.58801270 -0.287651 -0.117977 0.950441
92.51799774 -44.14699936 337.65600586 -0.511771 -0.432784 0.742151
92.24099731 -43.24700165 337.81799316 -0.975798 -0.218286 0.012979
92.32399750 -43.54700089 337.81799316 -0.960847 -0.265983 -0.077631
92.18099976 -43.54700089 337.51800537 -0.536029 -0.081044 0.840300
91.91799927 -42.64699936 337.41699219 -0.999999 0.000978 0.000978
91.91799927 -42.94699860 337.45498657 -0.999999 0.000978 0.000978
91.61799622 -42.04700089 337.26901245 -0.234931 -0.013118 0.971923
91.61799622 -42.34700012 337.26699829 -0.289874 0.026126 0.956708
91.31800079 -42.04700089 337.20498657 -0.246164 -0.025465 0.968894
91.31800079 -42.34700012 337.18798828 -0.297652 -0.068292 0.952229
94.89399719 -41.14699936 351.61801147 -0.000978 0.999999 -0.000978
94.94899750 -41.14699936 351.31799316 -0.000978 0.999999 -0.000978
94.67400360 -41.44699860 351.61801147 -0.044329 0.998953 -0.011340
94.46700287 -41.74700165 351.61801147 -0.789894 0.554339 -0.262251
94.75800323 -41.44699860 351.31799316 0.000978 0.999999 0.000978
94.56700134 -41.74700165 351.31799316 -0.000978 0.999999 -0.000978
76.61799622 -46.77899933 342.31799316 0.453955 0.776117 -0.437684
76.61799622 -46.62300110 342.61801147 0.571699 0.755286 -0.320473
94.80300140 -41.44699860 351.01800537 0.000978 0.999999 0.000978
94.65100098 -41.74700165 351.01800537 0.000978 0.999999 0.000978
94.85700226 -41.44699860 350.71798706 -0.862189 0.443975 -0.243959
94.73500061 -41.74700165 350.71798706 0.000978 0.999999 0.000978
94.47799683 -42.04700089 351.01800537 -0.792428 0.514998 -0.326856
94.57299805 -42.04700089 350.71798706 -0.000978 0.999999 -0.000978
94.37500000 -42.34700012 350.71798706 -0.000978 0.999999 -0.000978
76.31800079 -46.54000092 342.31799316 0.447346 0.816685 -0.364563
76.31800079 -46.40599823 342.61801147 0.518354 0.797346 -0.309110
93.05000305 -48.94699860 339.31799316 -0.000978 0.999999 -0.000978
92.97399902 -48.94699860 339.61801147 -0.000978 0.999999 -0.000978
93.37500000 -45.04700089 348.01800537 -0.000978 0.999999 -0.000978
93.15899658 -45.34700012 348.01800537 0.000978 0.999999 0.000978
93.44699860 -45.04700089 347.71798706 0.000978 0.999999 0.000978
93.26300049 -45.34700012 347.71798706 0.000978 0.999999 0.000978
96.41799927 -42.04700089 338.65499878 -0.276660 -0.143008 0.950267
96.11799622 -42.04700089 338.57501221 -0.216791 -0.049656 0.974954
96.41799927 -42.34700012 338.61999512 -0.264209 -0.080411 0.961108
96.11799622 -42.34700012 338.56698608 -0.208177 -0.003489 0.978085
76.01799774 -46.37599945 342.31799316 0.505506 0.811014 -0.294485
75.71800232 -46.16699982 342.31799316 0.542748 0.799262 -0.258079
75.71800232 -46.04700089 342.61801147 0.531599 0.759195 -0.375533
76.01799774 -46.23199844 342.61801147 0.474670 0.793262 -0.381345
93.71800232 -38.42499924 339.01800537 -0.999999 0.000978 0.000978
94.01799774 -38.64799881 339.01800537 -0.561022 -0.779109 0.279721
94.01799774 -38.74599838 338.71798706 -0.563106 -0.785839 0.255672
93.71800232 -38.53099823 338.71798706 -0.522782 -0.792912 0.313033
93.71800232 -38.21500015 339.61801147 -0.999999 0.000978 0.000978
94.01799774 -38.46300125 339.61801147 -0.999999 -0.000978 -0.000978
93.71800232 -38.33800125 339.31799316 -0.556584 -0.783632 0.275927
94.01799774 -38.53099823 339.31799316 -0.556740 -0.793784 0.244841
93.41799927 -38.23600006 339.01800537 -0.531613 -0.783850 0.320884
93.41799927 -38.35200119 338.71798706 -0.508993 -0.796200 0.327096
93.11799622 -38.14899826 338.71798706 -0.525924 -0.768658 0.364101
76.01799774 -46.45299911 341.71798706 0.999999 0.000978 0.000978
75.71800232 -46.24499893 341.71798706 0.999999 0.000978 0.000978
76.01799774 -46.44900131 342.01800537 0.999999 0.000978 0.000978
75.71800232 -46.24000168 342.01800537 0.999999 -0.000978 -0.000978
91.91799927 -36.52099991 340.81799316 -0.591778 -0.756778 0.277644
92.21800232 -36.69100189 340.81799316 -0.999999 0.000978 0.000978
91.91799927 -36.54499817 340.51800537 -0.533061 -0.821613 0.201986
92.21800232 -36.73099899 340.51800537 -0.734286 -0.672974 0.089049
92.41600037 -36.94699860 340.51800537 -0.701844 -0.643760 0.304939
91.61799622 -36.03400040 341.41799927 -0.586714 -0.769177 0.253246
91.63500214 -36.04700089 341.41799927 -0.586714 -0.769177 0.253246
91.31800079 -35.82300186 341.11801147 -0.536112 -0.745967 0.395116
91.61799622 -36.13299942 341.11801147 -0.572726 -0.779849 0.252627
91.31800079 -35.72999954 341.41799927 -0.999999 0.000978 0.000978
90.41799927 -35.21099854 341.11801147 -0.599108 -0.734756 0.318125
90.41799927 -35.13299942 341.41799927 -0.613358 -0.748959 0.250704
90.11799622 -34.88399887 341.41799927 -0.579271 -0.773931 0.255884
90.11799622 -35.00400162 341.11801147 -0.525914 -0.784875 0.327697
90.11799622 -34.74800110 342.01800537 -0.603019 -0.734880 0.310354
90.41799927 -34.94200134 342.01800537 -0.475340 -0.841460 0.256899
90.11799622 -34.80500031 341.71798706 -0.999999 -0.000978 -0.000978
90.41799927 -35.01100159 341.71798706 -0.581311 -0.775604 0.246000
89.81800079 -34.61199951 341.71798706 -0.559511 -0.795095 0.234034
92.37500000 -48.04700089 344.41799927 0.000978 0.999999 0.000978
92.18099976 -48.34700012 344.41799927 -0.000978 0.999999 -0.000978
92.44499969 -48.04700089 344.11801147 0.000978 0.999999 0.000978
92.28700256 -48.34700012 344.11801147 -0.000978 0.999999 -0.000978
89.81800079 -34.49800110 342.01800537 -0.556177 -0.762527 0.330482
89.51799774 -34.26900101 342.01800537 -0.610045 -0.714159 0.343252
89.51799774 -34.37500000 341.71798706 -0.999999 0.000978 0.000978
89.81800079 -34.21900177 342.61801147 -0.504627 -0.781930 0.365975
89.51799774 -34.02999878 342.61801147 -0.432842 -0.884630 0.173428
89.51799774 -34.08900070 342.31799316 -0.454185 -0.835014 0.310594
89.81800079 -34.35200119 342.31799316 -0.511288 -0.779029 0.362902
75.41799927 -46.09000015 341.71798706 0.999999 -0.000978 -0.000978
88.91799927 -33.57600021 342.61801147 -0.577386 -0.759718 0.299089
89.21800232 -33.86700058 342.61801147 -0.504676 -0.821457 0.265537
89.34799957 -33.94699860 342.61801147 -0.000978 -0.000978 0.999999
75.41799927 -46.07199860 342.01800537 0.999999 0.000978 0.000978
85.91799927 -30.49900055 345.01800537 -0.568026 -0.807825 0.157369
86.21800232 -30.70999908 345.01800537 -0.575254 -0.752503 0.320660
86.50399780 -30.94700050 345.01800537 0.055010 -0.950520 0.305753
85.91799927 -30.55800056 344.71798706 -0.999999 -0.000978 -0.000978
86.21800232 -30.85000038 344.71798706 -0.535271 -0.776384 0.332736
91.74199677 -49.54700089 343.21798706 0.000978 0.999999 0.000978
91.83499908 -49.54700089 342.91799927 -0.000978 0.999999 -0.000978
91.94899750 -49.24700165 343.21798706 -0.000978 0.999999 -0.000978
91.99400330 -49.24700165 342.91799927 -0.000978 0.999999 -0.000978
92.04900360 -49.24700165 342.61801147 0.000978 0.999999 0.000978
92.15899658 -49.24700165 342.31799316 -0.000978 0.999999 -0.000978
91.95899963 -49.54700089 342.31799316 -0.000978 0.999999 -0.000978
91.87500000 -49.54700089 342.61801147 0.000978 0.999999 0.000978
91.23000336 -51.04700089 341.41799927 0.000978 0.999999 0.000978
91.03600311 -51.34700012 341.41799927 0.000978 0.999999 0.000978
91.29900360 -51.04700089 341.11801147 0.000978 0.999999 0.000978
91.09300232 -51.34700012 341.11801147 0.000978 0.999999 0.000978
75.11799622 -45.91999817 341.71798706 0.999999 -0.000978 -0.000978
92.68399811 -49.24700165 339.91799927 0.000978 0.999999 0.000978
92.63300323 -49.24700165 340.21798706 0.000978 0.999999 0.000978
96.41799927 -40.17900085 339.61801147 -0.544017 -0.771894 0.328978
96.11799622 -39.95700073 339.61801147 -0.569116 -0.752910 0.330506
96.11799622 -40.06200027 339.31799316 -0.470298 -0.787063 0.399188
96.41799927 -40.27000046 339.31799316 -0.565692 -0.785075 0.252289
75.11799622 -45.85300064 342.01800537 0.610433 0.754803 -0.240093
95.51799774 -39.50999832 339.61801147 -0.553470 -0.754732 0.352208
95.81800079 -39.72499847 339.61801147 -0.568692 -0.760926 0.312380
95.81800079 -39.82400131 339.31799316 -0.469934 -0.810835 0.348866
95.51799774 -39.67100143 339.31799316 -0.502942 -0.777862 0.376802
75.16500092 -45.94699860 341.11801147 0.581044 0.806436 -0.109769
75.11799622 -45.86899948 341.41799927 0.938049 0.341465 0.058873
75.41799927 -46.12699890 341.11801147 0.529770 0.841570 0.105377
75.41799927 -46.13199997 341.41799927 0.999999 0.000978 0.000978
74.81800079 -45.75899887 341.11801147 0.999999 0.000978 0.000978
74.51799774 -45.56100082 341.11801147 0.971308 0.237799 0.003549
74.81800079 -45.74200058 341.41799927 0.999999 0.000978 0.000978
74.51799774 -45.56499863 341.41799927 0.999999 0.000978 0.000978
92.88600159 -48.94699860 339.91799927 0.000978 0.999999 0.000978
93.09100342 -48.64699936 339.91799927 0.000978 0.999999 0.000978
92.83599854 -48.94699860 340.21798706 -0.000978 0.999999 -0.000978
91.11100006 -48.94699860 347.11801147 -0.830252 0.470633 -0.298641
91.30000305 -48.64699936 347.11801147 0.000978 0.999999 0.000978
91.01799774 -48.94699860 347.41799927 0.000978 0.999999 0.000978
91.22100067 -48.64699936 347.41799927 0.000978 0.999999 0.000978
89.56700134 -50.74700165 348.91799927 0.000978 0.999999 0.000978
89.77700043 -50.44699860 348.91799927 0.000978 0.999999 0.000978
89.69300079 -50.44699860 349.21798706 0.000978 0.999999 0.000978
87.71800232 -51.38899994 350.71798706 0.524795 0.794327 -0.305998
88.01799774 -51.63600159 350.71798706 -0.999999 0.000978 0.000978
88.01799774 -51.51300049 351.01800537 -0.999999 -0.000978 -0.000978
97.49500275 -40.54700089 340.81799316 -0.995675 -0.075746 0.053791
97.31800079 -40.43299866 340.51800537 -0.603203 -0.714362 0.354729
97.47899628 -40.54700089 340.51800537 -0.892600 -0.347205 0.287599
97.51799774 -40.84700012 340.81799316 -0.999668 -0.011119 0.023248
97.50199890 -41.14699936 340.81799316 -0.967430 0.105515 -0.230098
97.49700165 -40.84700012 340.51800537 -0.984498 -0.116601 0.131026
97.54900360 -41.14699936 340.51800537 -0.998133 -0.019942 -0.057726
97.23899841 -40.84700012 339.91799927 0.000978 -0.999999 0.000978
97.43900299 -40.84700012 340.21798706 -0.935385 -0.303480 0.181534
97.53600311 -41.14699936 340.21798706 -0.996789 -0.024678 -0.076181
97.59100342 -41.14699936 339.91799927 -0.000978 0.999999 -0.000978
97.45300293 -41.44699860 340.21798706 -0.954108 0.252205 0.161464
97.40799713 -41.44699860 339.91799927 0.000978 0.999999 0.000978
97.26399994 -41.74700165 340.21798706 0.000978 0.999999 0.000978
97.28299713 -41.74700165 339.91799927 -0.000978 0.999999 -0.000978
97.46700287 -41.44699860 339.61801147 -0.928352 0.371596 0.008939
97.40299988 -41.44699860 339.31799316 -0.931922 0.304101 0.197596
97.31500244 -41.74700165 339.61801147 0.000978 0.999999 0.000978
97.30500031 -41.74700165 339.31799316 -0.950458 0.309246 0.031556
79.01799774 -44.73300171 337.81799316 0.000978 0.000978 0.999999
78.71800232 -44.62200165 337.81799316 0.186948 0.501019 0.845003
78.71800232 -44.35100174 337.51800537 0.000978 0.000978 0.999999
79.01799774 -44.48099899 337.51800537 0.294347 0.657856 0.693242
80.51799774 -46.42300034 339.01800537 0.297909 0.655400 0.694047
80.51799774 -46.24700165 338.84600830 0.298017 0.678190 0.671747
80.81800079 -46.24700165 338.70199585 0.000978 0.999999 0.000978
80.81800079 -45.98099899 338.41799927 0.280599 0.775216 0.565955
81.41799927 -46.22299957 338.41799927 0.286561 0.696391 0.657969
81.11799622 -46.24700165 338.58700562 0.297354 0.667038 0.683111
81.11799622 -46.08300018 338.41799927 0.237329 0.696270 0.677409
81.41799927 -46.49499893 338.71798706 0.283072 0.689288 0.666898
81.41799927 -46.80099869 339.01800537 0.265294 0.662440 0.700566
81.11799622 -46.68099976 339.01800537 -0.000978 -0.000978 0.999999
81.41799927 -47.07199860 339.31799316 0.293963 0.634511 0.714829
81.11799622 -47.14699936 339.56100464 0.272996 0.665727 0.694464
81.11799622 -46.93299866 339.31799316 0.292596 0.737085 0.609174
82.01799774 -47.02799988 339.01800537 0.283720 0.674836 0.681248
81.71800232 -47.14699936 339.26098633 0.299947 0.729816 0.614329
82.01799774 -46.84700012 338.82998657 0.282898 0.704848 0.650506
81.71800232 -46.84700012 338.94799805 0.262421 0.688657 0.675934
81.71800232 -46.61999893 338.71798706 0.283101 0.682961 0.673364
82.01799774 -47.62099838 339.61801147 0.243450 0.742915 0.623546
81.71800232 -47.49300003 339.61801147 -0.000978 -0.000978 0.999999
82.01799774 -47.31800079 339.31799316 0.222932 0.637617 0.737391
82.31800079 -47.68899918 339.61801147 0.000978 0.000978 0.999999
82.31800079 -47.42300034 339.31799316 0.000978 0.000978 0.999999
82.61799622 -47.54499817 339.31799316 0.309103 0.757543 0.574964
82.61799622 -47.77199936 339.61801147 0.215125 0.778475 0.589660
82.61799622 -48.34700012 340.22100830 0.231711 0.426050 0.874523
82.31800079 -48.34700012 340.29998779 0.168704 0.752329 0.636820
82.31800079 -47.99300003 339.91799927 0.000978 0.000978 0.999999
82.61799622 -48.08800125 339.91799927 0.268726 0.707592 0.653529
82.91799927 -48.22100067 339.91799927 0.305117 0.689339 0.657051
82.61799622 -48.64699936 340.51599121 0.082122 0.197339 0.976890
83.21800232 -48.91899872 340.51800537 0.348269 0.759713 0.549131
82.91799927 -48.78200150 340.51800537 -0.308118 -0.675923 0.669471
82.91799927 -48.50299835 340.21798706 0.336859 0.681854 0.649308
79.19999695 -45.34700012 350.71798706 0.523770 0.832929 -0.178592
78.95500183 -45.04700089 350.71798706 0.640782 0.644110 -0.417756
76.01799774 -45.48300171 344.41799927 0.436254 0.810186 -0.391510
75.71800232 -45.37300110 344.41799927 0.332136 0.901935 -0.276042
76.01799774 -45.63199997 344.11801147 0.480478 0.802926 -0.352776
75.71800232 -45.46500015 344.11801147 0.999999 -0.000978 -0.000978
79.01799774 -48.31200027 342.61801147 0.999999 -0.000978 -0.000978
78.71800232 -48.11399841 342.61801147 0.999999 -0.000978 -0.000978
78.71800232 -48.19100189 342.31799316 0.999999 -0.000978 -0.000978
80.21800232 -35.74700165 334.34799194 -0.519669 0.105085 0.847881
80.51799774 -34.84700012 334.48999023 -0.235629 0.301319 0.923951
90.48300171 -51.04700089 344.41799927 0.000978 0.999999 0.000978
90.30699921 -51.34700012 344.41799927 0.000978 0.999999 0.000978
90.57499695 -51.04700089 344.11801147 -0.000978 0.999999 -0.000978
90.37100220 -51.34700012 344.11801147 -0.000978 0.999999 -0.000978
90.14099884 -51.64699936 344.41799927 -0.000978 0.999999 -0.000978
90.19100189 -51.64699936 344.11801147 0.000978 0.999999 0.000978
90.26899719 -51.64699936 343.81799316 0.000978 0.999999 0.000978
90.35900116 -51.64699936 343.51800537 -0.000978 0.999999 -0.000978
90.15899658 -51.94699860 343.51800537 -0.000978 0.999999 -0.000978
90.66600037 -51.04700089 343.81799316 -0.000978 0.999999 -0.000978
90.46800232 -51.34700012 343.81799316 0.000978 0.999999 0.000978
90.81900024 -51.64699936 341.71798706 -0.000978 0.999999 -0.000978
90.53800201 -51.34700012 343.51800537 0.000978 0.999999 0.000978
90.73899841 -51.64699936 342.01800537 -0.000978 0.999999 -0.000978
90.57900238 -51.94699860 341.71798706 -0.795875 0.599434 -0.085221
90.73699951 -51.04700089 343.51800537 0.000978 0.999999 0.000978
90.54699707 -51.94699860 342.01800537 -0.000978 0.999999 -0.000978
91.01799774 -50.44699860 343.81799316 0.000978 0.999999 0.000978
90.85600281 -50.74700165 343.81799316 -0.000978 0.999999 -0.000978
91.09500122 -50.44699860 343.51800537 -0.000978 0.999999 -0.000978
90.91899872 -50.74700165 343.51800537 -0.000978 0.999999 -0.000978
90.26399994 -52.24700165 342.31799316 -0.000978 0.999999 -0.000978
90.21700287 -52.24700165 342.61801147 -0.829104 0.510336 -0.228349
91.77200317 -49.24700165 343.81799316 0.000978 0.999999 0.000978
91.60299683 -49.54700089 343.81799316 0.000978 0.999999 0.000978
91.86599731 -49.24700165 343.51800537 -0.000978 0.999999 -0.000978
91.68800354 -49.54700089 343.51800537 -0.000978 0.999999 -0.000978
92.14800262 -48.64699936 343.81799316 -0.000978 0.999999 -0.000978
91.97899628 -48.94699860 343.81799316 0.000978 0.999999 0.000978
92.24700165 -48.64699936 343.51800537 0.000978 0.999999 0.000978
92.07599640 -48.94699860 343.51800537 -0.000978 0.999999 -0.000978
92.46199799 -48.34700012 343.21798706 0.000978 0.999999 0.000978
92.49199677 -48.04700089 343.81799316 -0.000978 0.999999 -0.000978
92.35099792 -48.34700012 343.81799316 -0.000978 0.999999 -0.000978
92.41400146 -48.34700012 343.51800537 -0.000978 0.999999 -0.000978
92.67600250 -48.04700089 343.21798706 -0.000978 0.999999 -0.000978
92.76799774 -48.04700089 342.91799927 0.000978 0.999999 0.000978
92.56999969 -48.34700012 342.91799927 -0.812255 0.493662 -0.310707
92.58300018 -48.04700089 343.51800537 -0.000978 0.999999 -0.000978
79.31800079 -48.32199860 343.21798706 0.999999 -0.000978 -0.000978
79.61799622 -48.50400162 343.21798706 0.457823 0.811957 -0.362111
79.61799622 -48.61999893 342.91799927 0.519702 0.823245 -0.228424
79.31800079 -48.40999985 342.91799927 0.999999 -0.000978 -0.000978
79.91799927 -48.87200165 342.61801147 0.999999 0.000978 0.000978
79.91799927 -48.88999939 342.31799316 0.999999 0.000978 0.000978
80.21800232 -49.01300049 342.61801147 0.999999 -0.000978 -0.000978
80.21800232 -49.07300186 342.31799316 0.513714 0.841300 -0.168260
93.05100250 -47.44699860 343.21798706 0.000978 0.999999 0.000978
92.87300110 -47.74700165 343.21798706 0.000978 0.999999 0.000978
92.94000244 -47.74700165 342.91799927 -0.000978 0.999999 -0.000978
93.13800049 -47.44699860 342.91799927 -0.000978 0.999999 -0.000978
92.88099670 -47.44699860 343.81799316 0.000978 0.999999 0.000978
92.68800354 -47.74700165 343.81799316 -0.809072 0.525351 -0.263455
92.98600006 -47.44699860 343.51800537 -0.000978 0.999999 -0.000978
92.80300140 -47.74700165 343.51800537 -0.804501 0.539965 -0.247419
93.04799652 -47.14699936 343.81799316 -0.000978 0.999999 -0.000978
93.42299652 -46.84700012 343.21798706 -0.808600 0.520819 -0.273704
93.23400116 -47.14699936 343.21798706 0.000978 0.999999 0.000978
93.51000214 -46.84700012 342.91799927 0.000978 0.999999 0.000978
93.28600311 -47.14699936 342.91799927 0.000978 0.999999 0.000978
93.20300293 -46.84700012 343.81799316 0.000978 0.999999 0.000978
93.30699921 -46.84700012 343.51800537 -0.804930 0.515092 -0.294563
93.13099670 -47.14699936 343.51800537 -0.000978 0.999999 -0.000978
89.21800232 -45.04700089 336.35101318 -0.211545 -0.096384 0.972604
89.21800232 -45.34700012 336.33801270 -0.249198 -0.079693 0.965168
93.62000275 -46.54700089 343.21798706 -0.000978 0.999999 -0.000978
93.60299683 -46.24700165 343.81799316 -0.797648 0.533339 -0.281615
93.40499878 -46.54700089 343.81799316 0.000978 0.999999 0.000978
93.51499939 -46.54700089 343.51800537 -0.000978 0.999999 -0.000978
93.79599762 -46.24700165 343.21798706 -0.000978 0.999999 -0.000978
93.82900238 -46.24700165 342.91799927 -0.933421 0.343466 -0.103713
93.71900177 -46.54700089 342.91799927 -0.894384 0.410228 -0.178297
93.73100281 -46.24700165 343.51800537 -0.809733 0.525781 -0.260550
93.98699951 -45.64699936 343.81799316 -0.829903 0.492997 -0.261180
93.80599976 -45.94699860 343.81799316 0.000978 0.999999 0.000978
94.10900116 -45.64699936 343.51800537 -0.831621 0.484725 -0.271012
93.90299988 -45.94699860 343.51800537 0.000978 0.999999 0.000978
94.18099976 -45.64699936 343.21798706 0.000978 0.999999 0.000978
94.00099945 -45.94699860 343.21798706 -0.000978 0.999999 -0.000978
94.26899719 -45.64699936 342.91799927 0.000978 0.999999 0.000978
94.04499817 -45.94699860 342.91799927 0.000978 0.999999 0.000978
89.51799774 -49.24700165 352.90600586 -0.827485 0.460063 -0.321887
89.54599762 -49.24700165 352.81799316 -0.000978 0.999999 -0.000978
89.62599945 -49.24700165 352.51800537 -0.000978 0.999999 -0.000978
94.37000275 -45.04700089 343.81799316 -0.000978 0.999999 -0.000978
94.43299866 -45.04700089 343.51800537 -0.816838 0.523456 -0.242426
94.54699707 -45.04700089 343.21798706 -0.826601 0.494720 -0.268296
94.34500122 -45.34700012 343.21798706 0.000978 0.999999 0.000978
94.62799835 -45.04700089 342.91799927 -0.000978 0.999999 -0.000978
94.44699860 -45.34700012 342.91799927 -0.000978 0.999999 -0.000978
83.81800079 -51.45899963 343.21798706 0.326651 0.943803 -0.050353
94.90899658 -44.44699860 343.21798706 0.000978 0.999999 0.000978
94.70400238 -44.74700165 343.21798706 0.000978 0.999999 0.000978
94.79399872 -44.74700165 342.91799927 -0.000978 0.999999 -0.000978
84.11799622 -51.52299881 343.21798706 0.209301 0.976335 -0.054442
84.41799927 -51.66600037 343.21798706 0.999999 0.000978 0.000978
84.41799927 -51.58100128 342.91799927 0.314933 0.912869 0.259783
94.98000336 -44.44699860 342.91799927 0.000978 0.999999 0.000978
84.11799622 -51.46799850 343.81799316 0.999999 0.000978 0.000978
84.41799927 -51.69499969 343.81799316 0.999999 -0.000978 -0.000978
84.11799622 -51.50600052 343.51800537 0.268379 0.959230 -0.088604
84.41799927 -51.69699860 343.51800537 0.999999 0.000978 0.000978
88.91799927 -44.44699860 336.30499268 -0.291053 0.008597 0.956668
88.91799927 -44.74700165 336.30999756 -0.317710 -0.008721 0.948148
84.71800232 -51.81499863 343.81799316 0.999999 0.000978 0.000978
84.71800232 -51.87799835 343.51800537 0.999999 -0.000978 -0.000978
95.26499939 -43.84700012 343.21798706 0.000978 0.999999 0.000978
95.07900238 -44.14699936 343.21798706 -0.000978 0.999999 -0.000978
95.33799744 -43.84700012 342.91799927 -0.000978 0.999999 -0.000978
85.01799774 -51.95899963 343.81799316 0.526815 0.823052 -0.212253
95.13600159 -44.14699936 342.91799927 -0.000978 0.999999 -0.000978
85.01799774 -52.09999847 343.51800537 0.600897 0.789877 -0.122542
85.61799622 -52.43899918 343.81799316 0.999999 -0.000978 -0.000978
85.31800079 -52.25199890 343.81799316 0.999999 -0.000978 -0.000978
85.61799622 -52.47800064 343.51800537 0.471887 0.847563 0.242815
85.31800079 -52.31800079 343.51800537 0.542060 0.834049 0.102630
95.44000244 -43.54700089 343.21798706 0.000978 0.999999 0.000978
85.61799622 -52.16199875 345.01800537 0.539999 0.790203 -0.289794
85.31800079 -51.98899841 345.01800537 0.534491 0.791427 -0.296587
85.31800079 -52.06700134 344.71798706 0.512673 0.798373 -0.315857
85.61799622 -52.27899933 344.71798706 0.561022 0.779109 -0.279721
95.61399841 -43.24700165 343.21798706 -0.000978 0.999999 -0.000978
95.70800018 -43.24700165 342.91799927 -0.000978 0.999999 -0.000978
95.51999664 -43.54700089 342.91799927 -0.000978 0.999999 -0.000978
96.00199890 -42.64699936 343.21798706 0.000978 0.999999 0.000978
95.81800079 -42.94699860 343.21798706 0.000978 0.999999 0.000978
96.08999634 -42.64699936 342.91799927 -0.000978 0.999999 -0.000978
89.21800232 -44.44699860 336.39999390 -0.313373 -0.058032 0.947855
95.89700317 -42.94699860 342.91799927 -0.000978 0.999999 -0.000978
89.21800232 -44.74700165 336.39801025 -0.269662 -0.077959 0.959794
85.91799927 -52.39599991 345.01800537 0.999999 0.000978 0.000978
85.91799927 -52.49900055 344.71798706 0.999999 0.000978 0.000978
86.21800232 -52.65900040 345.01800537 0.539501 0.789475 -0.292691
86.21800232 -52.77700043 344.71798706 0.999999 0.000978 0.000978
96.36100006 -42.04700089 343.21798706 -0.000978 0.999999 -0.000978
96.17299652 -42.34700012 343.21798706 -0.000978 0.999999 -0.000978
96.44100189 -42.04700089 342.91799927 -0.000978 0.999999 -0.000978
96.25700378 -42.34700012 342.91799927 0.000978 0.999999 0.000978
96.56300354 -41.74700165 343.21798706 -0.000978 0.999999 -0.000978
96.62899780 -41.74700165 342.91799927 -0.000978 0.999999 -0.000978
86.81800079 -53.09799957 345.01800537 0.562406 0.777862 -0.280411
86.51799774 -52.86800003 345.01800537 0.549082 0.747860 -0.373115
86.51799774 -53.01900101 344.71798706 0.596873 0.780056 -0.187763
96.90399933 -41.44699860 342.61801147 0.000978 0.999999 0.000978
96.97599792 -41.44699860 342.31799316 -0.000978 0.999999 -0.000978
96.78299713 -41.74700165 342.31799316 0.000978 0.999999 0.000978
87.11799622 -53.01499939 345.61801147 0.451354 0.759916 -0.467767
86.81800079 -52.83300018 345.61801147 0.518062 0.741733 -0.425962
86.51799774 -52.59799957 345.61801147 0.526260 0.760878 -0.379624
86.51799774 -52.72100067 345.31799316 0.467737 0.806167 -0.362376
86.81800079 -52.96799850 345.31799316 0.528929 0.776512 -0.342437
96.73400116 -41.44699860 343.21798706 0.000978 0.999999 0.000978
96.81500244 -41.44699860 342.91799927 0.000978 0.999999 0.000978
97.26399994 -40.84700012 342.61801147 -0.000978 0.999999 -0.000978
97.07499695 -41.14699936 342.61801147 0.000978 0.999999 0.000978
97.18599701 -41.14699936 342.31799316 -0.000978 0.999999 -0.000978
97.11799622 -40.84700012 343.21798706 -0.000978 0.999999 -0.000978
96.91899872 -41.14699936 343.21798706 0.000978 0.999999 0.000978
97.17800140 -40.84700012 342.91799927 0.000978 0.999999 0.000978
96.99199677 -41.14699936 342.91799927 0.000978 0.999999 0.000978
73.91799927 -44.41400146 339.61801147 0.336891 0.652625 0.678665
74.21800232 -44.56100082 339.61801147 0.307911 0.773767 0.553602
74.21800232 -44.32899857 339.31799316 0.168215 0.771365 0.613758
92.03299713 -34.24700165 346.51800537 -0.656045 -0.575507 0.488258
92.35199738 -34.54700089 346.51800537 -0.644348 -0.654287 0.395885
91.91799927 -34.36999893 346.21798706 -0.751398 -0.659730 -0.012500
91.91799927 -34.36399841 345.91799927 -0.748805 -0.662672 -0.012503
92.08000183 -34.54700089 345.91799927 -0.721167 -0.638384 0.269045
92.81800079 -34.99700165 346.21798706 -0.609970 -0.754231 0.243047
93.00399780 -35.14699936 346.21798706 -0.000978 -0.000978 0.999999
92.81800079 -35.11399841 345.91799927 -0.438044 -0.840234 0.319569
92.51799774 -34.99900055 345.91799927 -0.595917 -0.792079 0.132261
92.21800232 -34.59700012 346.21798706 -0.622590 -0.728222 0.286487
92.48200226 -34.84700012 346.21798706 -0.513969 -0.770144 0.377776
92.31600189 -34.84700012 345.91799927 -0.596884 -0.792389 0.125894
92.21800232 -34.82099915 345.61801147 -0.777425 -0.595769 0.201669
91.91799927 -34.69699860 345.31799316 -0.529571 -0.766015 0.364384
92.21800232 -34.92300034 345.31799316 -0.999999 -0.000978 -0.000978
92.51799774 -35.04899979 345.61801147 -0.999999 -0.000978 -0.000978
92.51799774 -35.10200119 345.31799316 -0.528412 -0.791825 0.306257
92.81800079 -35.25000000 345.61801147 -0.565886 -0.780261 0.266392
92.81800079 -35.31800079 345.31799316 -0.620330 -0.726123 0.296540
88.61799622 -44.44699860 336.21798706 -0.283577 -0.038726 0.958167
88.31800079 -44.44699860 336.12799072 -0.234921 -0.081657 0.968578
88.61799622 -44.74700165 336.19699097 -0.307217 -0.016169 0.951502
88.31800079 -44.74700165 336.11700439 -0.295806 -0.028707 0.954817
81.41799927 -47.97800064 348.01800537 0.999999 0.000978 0.000978
81.11799622 -47.86100006 347.71798706 0.558398 0.761160 -0.329890
81.41799927 -48.08300018 347.71798706 0.578328 0.763139 -0.288368
82.31800079 -48.30899811 348.61801147 0.537354 0.777960 -0.325620
86.81800079 -50.45899963 351.61801147 0.479511 0.822243 -0.306572
86.51799774 -50.36299896 351.31799316 0.587185 0.766646 -0.259747
86.81800079 -50.54999924 351.31799316 0.999999 0.000978 0.000978
87.51999664 -50.44699860 352.81799316 0.357867 0.887928 -0.288989
87.11799622 -50.17900085 352.81799316 0.296904 0.953883 -0.044220
87.11799622 -50.19300079 352.51800537 0.296904 0.953883 -0.044220
87.41799927 -50.50299835 352.51800537 0.421183 0.865174 -0.272173
88.01799774 -50.74700165 352.50399780 0.482311 0.840599 -0.246514
79.31800079 -37.54700089 333.98800659 -0.284261 -0.015997 0.958613
79.61799622 -37.54700089 334.07598877 -0.284258 -0.038819 0.957962
79.31800079 -37.24700165 333.99099731 -0.421276 0.144233 0.895390
79.61799622 -37.24700165 334.09899902 -0.297785 -0.003676 0.954626
74.81800079 -45.34700012 340.26400757 0.297281 0.692583 0.657231
74.51799774 -45.34700012 340.40301514 0.287283 0.682097 0.672467
74.51799774 -45.17100143 340.21798706 0.196485 0.710132 0.676096
74.81800079 -45.04499817 339.91799927 0.336927 0.711290 0.616885
74.51799774 -44.90999985 339.91799927 0.000978 0.000978 0.999999
88.61799622 -43.84700012 336.25399780 -0.247487 -0.152198 0.956862
88.31800079 -43.84700012 336.18600464 -0.243797 -0.082108 0.966344
88.61799622 -44.14699936 336.22100830 -0.221624 -0.057549 0.973432
88.31800079 -44.14699936 336.16699219 -0.231035 -0.094686 0.968327
75.11799622 -45.04700089 339.75201416 0.336592 0.697574 0.632532
89.51799774 -36.34700012 337.24200439 -0.439927 -0.363694 0.821091
89.81800079 -36.34700012 337.40100098 -0.420852 -0.436977 0.794943
89.51799774 -36.04700089 337.48901367 -0.448726 -0.884631 0.126783
93.11799622 -38.01800156 339.01800537 -0.510947 -0.770476 0.381183
75.41799927 -45.04700089 339.59899902 -0.000978 0.999999 -0.000978
88.31800079 -38.74700165 336.55899048 -0.291195 -0.033744 0.956069
93.00800323 -48.64699936 340.21798706 -0.000978 0.999999 -0.000978
88.31800079 -38.44699860 336.55700684 -0.242516 -0.050473 0.968834
88.61799622 -38.74700165 336.65200806 -0.270049 -0.041067 0.961971
88.61799622 -38.44699860 336.64999390 -0.300580 -0.011133 0.953692
84.11799622 -50.05799866 347.41799927 0.388613 0.835440 -0.388613
84.41799927 -50.17399979 347.41799927 0.085879 0.871459 -0.482892
84.41799927 -50.29399872 347.11801147 0.049991 0.735580 -0.675591
84.11799622 -50.17399979 347.11801147 0.355083 0.873229 -0.333747
85.01799774 -50.15800095 347.11801147 -0.283711 0.684433 -0.671610
84.71800232 -50.31499863 347.11801147 -0.103936 0.791963 -0.601658
85.01799774 -50.44699860 346.92800903 -0.194076 0.510013 -0.837986
85.01799774 -50.62799835 346.81799316 0.096355 0.536423 -0.838431
84.71800232 -50.56800079 346.81799316 0.136770 0.689862 -0.710904
85.01799774 -50.74700165 346.73498535 0.321918 0.370739 -0.871161
84.71800232 -50.74700165 346.64401245 0.171226 0.589441 -0.789456
75.41799927 -45.27799988 339.91799927 -0.000978 -0.000978 0.999999
75.11799622 -45.19300079 339.91799927 0.209348 0.733494 0.646653
74.81800079 -43.07500076 337.81799316 0.369399 0.804362 0.465346
75.41799927 -45.64699936 340.31698608 0.326071 0.679719 0.657008
92.58200073 -49.24700165 340.51800537 0.000978 0.999999 0.000978
75.11799622 -45.42699814 340.21798706 0.291773 0.754146 0.588330
90.11799622 -41.74700165 336.85198975 -0.253882 -0.088029 0.963221
90.11799622 -41.44699860 336.88400269 -0.278109 -0.078178 0.957363
92.50399780 -49.54700089 339.91799927 -0.000978 0.999999 -0.000978
92.45600128 -49.54700089 340.21798706 0.000978 0.999999 0.000978
92.38400269 -49.54700089 340.51800537 -0.000978 0.999999 -0.000978
92.30100250 -49.54700089 340.81799316 -0.000978 0.999999 -0.000978
92.49099731 -49.24700165 340.81799316 0.000978 0.999999 0.000978
96.95200348 -38.74700165 348.91799927 -0.858275 0.451164 -0.244570
97.55799866 -37.84700012 347.71798706 -0.944220 -0.215783 0.248768
97.61100006 -38.14699936 347.71798706 -0.980956 -0.175387 -0.083460
97.62999725 -38.44699860 347.41799927 -0.982842 0.017324 0.183633
97.31800079 -38.74700165 347.47698975 -0.927778 0.301705 -0.219550
97.61799622 -38.44699860 347.32998657 -0.982842 0.017324 0.183633
97.57499695 -38.44699860 347.11801147 -0.973457 0.090757 0.210108
97.38999939 -38.74700165 347.11801147 -0.913885 0.348625 -0.208027
76.01799774 -45.94699860 340.39898682 0.272802 0.709922 0.649300
97.47399902 -37.84700012 347.41799927 -0.802584 -0.503800 0.319444
97.61799622 -38.14699936 347.64999390 -0.980956 -0.175387 -0.083460
97.63700104 -38.14699936 347.41799927 -0.999186 -0.034028 0.021654
97.31900024 -37.84700012 347.11801147 -0.668598 -0.658790 0.344925
97.59799957 -38.14699936 347.11801147 -0.986731 0.059695 0.150994
76.01799774 -45.78200150 340.21798706 0.269175 0.715147 0.645066
76.01799774 -45.52799988 339.91799927 0.365182 0.702525 0.610820
75.71800232 -45.64699936 340.19100952 0.268427 0.722689 0.636920
75.71800232 -45.36999893 339.91799927 0.307692 0.729762 0.610551
91.01799774 -43.54700089 337.00100708 -0.315182 -0.042109 0.948097
90.71800232 -43.24700165 336.92401123 -0.242388 -0.092641 0.965746
91.01799774 -43.24700165 337.01501465 -0.300681 -0.070976 0.951080
92.25399780 -49.54700089 341.11801147 0.000978 0.999999 0.000978
92.41699982 -49.24700165 341.11801147 0.000978 0.999999 0.000978
92.20099640 -49.54700089 341.41799927 -0.000978 0.999999 -0.000978
92.36900330 -49.24700165 341.41799927 -0.000978 0.999999 -0.000978
92.05899811 -49.84700012 341.11801147 0.000978 0.999999 0.000978
92.01200104 -49.84700012 341.41799927 0.000978 0.999999 0.000978
75.71800232 -45.94100189 340.51800537 0.268498 0.719702 0.640264
90.75800323 -49.54700089 347.11801147 0.000978 0.999999 0.000978
90.95899963 -49.24700165 347.11801147 -0.000978 0.999999 -0.000978
90.85800171 -49.24700165 347.41799927 0.000978 0.999999 0.000978
97.54199982 -41.14699936 339.61801147 -0.958148 0.239207 0.157268
97.24600220 -41.14699936 339.31799316 0.000978 0.000978 0.999999
97.05500031 -40.84700012 339.31799316 -0.764261 -0.486051 0.423862
97.22200012 -40.84700012 339.61801147 -0.841340 -0.472196 0.263015
97.01799774 -40.56000137 339.61801147 -0.647102 -0.698741 0.304993
92.51799774 -46.54700089 337.22399902 -0.293236 -0.062745 0.953979
92.81800079 -46.54700089 337.32199097 -0.267070 -0.043477 0.962696
92.51799774 -46.24700165 337.26000977 -0.264720 -0.096849 0.959450
92.81800079 -46.24700165 337.32901001 -0.251843 -0.050865 0.966431
75.71800232 -46.20800018 340.81799316 0.445825 0.836899 0.317552
85.91799927 -49.36999893 352.51800537 0.000978 0.000978 -0.999999
86.10700226 -49.54700089 352.51800537 -0.000978 -0.000978 -0.999999
76.01799774 -46.37500000 340.81799316 0.353780 0.817025 0.455313
86.49099731 -49.84700012 352.81799316 0.566290 0.824068 0.015083
86.21800232 -49.65399933 352.51800537 0.692854 0.718675 -0.058814
86.49900055 -49.84700012 352.51800537 0.514160 0.844165 -0.151743
87.01499939 -50.14699936 352.81799316 0.296904 0.953883 -0.044220
86.81800079 -50.01200104 352.51800537 0.443953 0.795887 -0.411666
86.51799774 -49.96799850 352.21798706 0.522045 0.790252 -0.320890
86.51799774 -50.10400009 351.91799927 0.618601 0.724647 -0.303677
86.81800079 -50.17599869 352.21798706 0.486951 0.773584 -0.405521
86.81800079 -50.32699966 351.91799927 0.495510 0.786037 -0.369615
87.11799622 -50.34600067 352.21798706 0.444246 0.806700 -0.389718
87.41799927 -50.58499908 352.21798706 0.504680 0.812834 -0.290859
87.41799927 -50.71799850 351.91799927 0.546897 0.766301 -0.337173
87.11799622 -50.48300171 351.91799927 0.510598 0.781199 -0.359190
91.92800140 -49.84700012 341.71798706 0.000978 0.999999 0.000978
92.11699677 -49.54700089 341.71798706 0.000978 0.999999 0.000978
92.30699921 -49.24700165 341.71798706 0.000978 0.999999 0.000978
92.03900146 -49.54700089 342.01800537 -0.000978 0.999999 -0.000978
92.25000000 -49.24700165 342.01800537 0.000978 0.999999 0.000978
92.29100037 -49.84700012 340.21798706 -0.000978 0.999999 -0.000978
92.12400055 -50.14699936 340.21798706 0.000978 0.999999 0.000978
92.37000275 -49.84700012 339.91799927 -0.000978 0.999999 -0.000978
92.17700195 -50.14699936 339.91799927 0.000978 0.999999 0.000978
76.31800079 -46.46599960 340.81799316 0.255358 0.693114 0.674081
92.42900085 -49.84700012 339.61801147 0.000978 0.999999 0.000978
92.23300171 -50.14699936 339.61801147 0.000978 0.999999 0.000978
92.51699829 -49.84700012 339.31799316 0.000978 0.999999 0.000978
92.31800079 -50.14699936 339.31799316 -0.000978 0.999999 -0.000978
93.10700226 -49.24700165 337.81799316 -0.777196 0.508974 0.370016
92.92299652 -49.54700089 337.81799316 0.037461 0.999298 0.001012
92.89199829 -49.24700165 337.51800537 -0.000978 -0.000978 0.999999
92.81800079 -49.53900146 337.51800537 -0.916363 0.231608 0.326553
92.81700134 -49.54700089 337.51800537 -0.916363 0.231608 0.326553
76.31800079 -46.24700165 340.57901001 0.240618 0.715562 0.655801
76.61799622 -46.29199982 340.51800537 0.236971 0.745439 0.623030
91.49800110 -49.84700012 343.51800537 0.000978 0.999999 0.000978
76.61799622 -46.59500122 340.81799316 0.288368 0.763139 0.578328
91.41999817 -49.84700012 343.81799316 0.000978 0.999999 0.000978
88.01799774 -43.84700012 336.10299683 -0.297430 -0.095649 0.949940
88.01799774 -44.14699936 336.07800293 -0.254164 -0.050833 0.965824
87.71800232 -43.84700012 335.99899292 -0.281985 -0.018471 0.959241
87.71800232 -44.14699936 336.00900269 -0.202385 -0.031955 0.978785
91.28900146 -50.14699936 343.51800537 0.000978 0.999999 0.000978
91.22299957 -50.14699936 343.81799316 -0.000978 0.999999 -0.000978
91.11199951 -50.14699936 344.11801147 0.000978 0.999999 0.000978
91.05500031 -50.14699936 344.41799927 0.000978 0.999999 0.000978
91.23799896 -49.84700012 344.41799927 0.000978 0.999999 0.000978
87.41799927 -43.84700012 335.92700195 -0.231980 0.081506 0.969300
87.11799622 -43.84700012 335.85501099 -0.253050 -0.030562 0.966970
87.41799927 -44.14699936 335.95498657 -0.257565 -0.013301 0.966169
87.11799622 -44.14699936 335.84899902 -0.275028 -0.062103 0.959428
90.78199768 -50.74700165 344.11801147 -0.000978 0.999999 -0.000978
90.94499969 -50.44699860 344.11801147 0.000978 0.999999 0.000978
90.88300323 -50.44699860 344.41799927 0.000978 0.999999 0.000978
90.71800232 -36.94699860 337.46701050 -0.372745 -0.253942 0.892510
90.79599762 -36.94699860 337.51800537 -0.772477 -0.113730 0.624776
91.01799774 -36.94699860 337.82000732 -0.748767 -0.370305 0.549748
77.51799774 -42.21799850 335.71798706 0.000978 0.000978 0.999999
79.61799622 -44.13000107 336.91799927 0.000978 0.000978 0.999999
79.31800079 -44.00799942 336.91799927 -0.000978 -0.000978 0.999999
91.90599823 -37.24700165 338.71798706 -0.431249 -0.860973 0.269721
91.61799622 -37.07199860 338.71798706 -0.526679 -0.782815 0.331376
81.11799622 -45.84199905 338.11801147 -0.185757 -0.658593 0.729212
91.91799927 -37.25299835 338.71798706 -0.431249 -0.860973 0.269721
92.30000305 -37.54700089 338.71798706 -0.719726 -0.680660 0.136733
92.21800232 -37.46300125 338.71798706 -0.716204 -0.683033 0.143241
92.21800232 -37.39599991 339.01800537 -0.999999 -0.000978 -0.000978
91.91799927 -37.15900040 339.01800537 -0.395993 -0.877810 0.269516
79.01799774 -43.63000107 336.61801147 0.000978 0.000978 0.999999
79.01799774 -43.91099930 336.91799927 -0.000978 -0.000978 0.999999
79.01799774 -44.14699936 337.17199707 0.287123 0.700966 0.652845
78.71800232 -43.81999969 336.91799927 0.272184 0.711499 0.647831
78.71800232 -44.06700134 337.21798706 0.292461 0.877383 0.380351
92.81800079 -37.22900009 340.51800537 -0.481145 -0.822804 0.302478
92.81800079 -37.12900162 340.81799316 -0.999999 0.000978 0.000978
91.00299835 -50.14699936 344.71798706 -0.000978 0.999999 -0.000978
92.51799774 -36.91600037 340.81799316 -0.561198 -0.760593 0.326428
91.18299866 -49.84700012 344.71798706 -0.000978 0.999999 -0.000978
90.93699646 -50.14699936 345.01800537 -0.000978 0.999999 -0.000978
91.12500000 -49.84700012 345.01800537 -0.000978 0.999999 -0.000978
93.11799622 -37.41099930 340.51800537 -0.546786 -0.789452 0.278908
93.11799622 -37.35499954 340.81799316 -0.999999 -0.000978 -0.000978
93.47499847 -37.54700089 340.81799316 -0.582048 -0.737693 0.342095
93.41799927 -37.50199890 340.81799316 -0.431382 -0.826420 0.361855
93.11799622 -37.24700165 341.05300903 -0.999999 -0.000978 -0.000978
93.11799622 -37.22200012 341.11801147 -0.519454 -0.779986 0.348983
92.81800079 -37.02000046 341.11801147 -0.439966 -0.844175 0.306266
90.83599854 -50.44699860 344.71798706 -0.000978 0.999999 -0.000978
90.76599884 -50.44699860 345.01800537 0.000978 0.999999 0.000978
96.66699982 -37.54700089 346.51800537 -0.718675 -0.692854 0.058814
96.41799927 -37.28799820 346.51800537 -0.609157 -0.768735 0.194869
96.11799622 -37.11299896 346.51800537 -0.999999 0.000978 0.000978
96.41799927 -37.25899887 346.81799316 -0.999999 -0.000978 -0.000978
96.11799622 -37.00299835 346.81799316 -0.909757 -0.411076 0.057955
80.51799774 -36.34700012 334.44000244 -0.249549 -0.005970 0.968344
80.81800079 -36.34700012 334.51000977 -0.282573 -0.043956 0.958238
80.51799774 -36.04700089 334.44299316 -0.229073 -0.147916 0.962105
80.81800079 -36.04700089 334.52600098 -0.309154 -0.119111 0.943523
80.51799774 -36.94699860 334.45300293 -0.159311 -0.028653 0.986813
80.81800079 -36.94699860 334.48699951 -0.177390 -0.041117 0.983281
96.11799622 -37.02799988 347.11801147 -0.680856 -0.729797 -0.061896
80.51799774 -36.64699936 334.44000244 -0.253009 0.020580 0.967245
96.41799927 -37.17900085 347.11801147 -0.428803 -0.871148 0.239227
80.81800079 -36.64699936 334.49798584 -0.251291 -0.038000 0.967165
96.71800232 -37.32400131 347.11801147 -0.413103 -0.852509 0.320271
96.79199982 -37.24700165 347.41799927 -0.515649 -0.742996 0.426687
90.63300323 -50.74700165 344.71798706 -0.000978 0.999999 -0.000978
81.11799622 -36.94699860 334.56100464 -0.271488 -0.086207 0.958573
81.41799927 -36.94699860 334.65701294 -0.306866 -0.071214 0.949085
81.11799622 -36.64699936 334.59500122 -0.308689 -0.088009 0.947083
90.56800079 -50.74700165 345.01800537 -0.000978 0.999999 -0.000978
81.41799927 -36.64699936 334.69400024 -0.297938 -0.081965 0.951060
81.11799622 -37.54700089 334.54299927 -0.285583 -0.021017 0.958124
81.41799927 -37.54700089 334.66400146 -0.310653 -0.039307 0.949710
81.11799622 -37.24700165 334.54098511 -0.281648 -0.028537 0.959093
81.41799927 -37.24700165 334.64898682 -0.333523 0.011327 0.942674
81.71800232 -37.54700089 334.74301147 -0.242709 -0.076711 0.967062
82.01799774 -37.54700089 334.81399536 -0.252892 -0.069199 0.965017
81.71800232 -37.24700165 334.75299072 -0.284921 -0.018501 0.958372
82.01799774 -37.24700165 334.82800293 -0.268013 -0.023252 0.963135
85.31800079 -31.48500061 341.41799927 -0.553816 -0.768922 0.319448
81.11799622 -38.14699936 334.51501465 -0.294206 -0.031298 0.955230
81.41799927 -38.14699936 334.60000610 -0.234953 -0.052895 0.970566
94.37300110 -46.84700012 339.31799316 0.000978 0.999999 0.000978
81.11799622 -37.84700012 334.52801514 -0.303690 -0.044473 0.951732
81.41799927 -37.84700012 334.62399292 -0.280737 -0.100543 0.954504
81.71800232 -38.14699936 334.66000366 -0.257022 -0.074701 0.963514
82.01799774 -38.14699936 334.76000977 -0.291258 -0.092732 0.952139
81.71800232 -37.84700012 334.70498657 -0.256767 -0.132992 0.957279
82.01799774 -37.84700012 334.78500366 -0.271488 -0.086207 0.958573
94.18900299 -47.14699936 339.31799316 -0.000978 0.999999 -0.000978
94.11699677 -47.14699936 339.61801147 -0.000978 0.999999 -0.000978
94.30899811 -46.84700012 339.61801147 -0.000978 0.999999 -0.000978
81.71800232 -38.74700165 334.64700317 -0.296936 -0.041697 0.953986
82.01799774 -38.74700165 334.72799683 -0.304948 -0.018670 0.952186
81.71800232 -38.44699860 334.65798950 -0.219778 -0.020196 0.975341
82.01799774 -38.44699860 334.72601318 -0.243096 -0.050594 0.968682
82.31800079 -38.44699860 334.80899048 -0.287455 -0.006116 0.957775
82.31800079 -38.74700165 334.83898926 -0.244407 -0.032831 0.969117
82.61799622 -38.74700165 334.87799072 -0.205552 -0.062031 0.976678
82.61799622 -38.44699860 334.90499878 -0.291191 -0.057221 0.954952
81.71800232 -39.34700012 334.62799072 -0.235699 -0.042743 0.970886
82.01799774 -39.34700012 334.70300293 -0.262347 -0.033255 0.964401
81.71800232 -39.04700089 334.63198853 -0.241567 -0.030348 0.969909
82.01799774 -39.04700089 334.71499634 -0.252464 -0.040641 0.966752
82.31800079 -39.34700012 334.79098511 -0.267410 -0.018316 0.963409
82.31800079 -39.04700089 334.78900146 -0.245670 -0.076851 0.966302
82.61799622 -39.34700012 334.86999512 -0.250166 -0.018128 0.968033
82.61799622 -39.04700089 334.86700439 -0.245614 -0.013179 0.969278
90.83999634 -50.14699936 345.31799316 0.000978 0.999999 0.000978
91.05100250 -49.84700012 345.31799316 -0.000978 0.999999 -0.000978
90.80699921 -50.14699936 345.61801147 -0.000978 0.999999 -0.000978
91.00700378 -49.84700012 345.61801147 -0.000978 0.999999 -0.000978
93.81900024 -47.74700165 339.31799316 -0.000978 0.999999 -0.000978
93.99700165 -47.44699860 339.31799316 -0.000978 0.999999 -0.000978
93.72200012 -47.74700165 339.61801147 0.000978 0.999999 0.000978
93.90000153 -47.44699860 339.61801147 0.000978 0.999999 0.000978
82.91799927 -39.34700012 334.94601440 -0.219229 -0.062462 0.973672
83.21800232 -39.34700012 335.00399780 -0.259477 -0.058915 0.963951
82.91799927 -39.04700089 334.94100952 -0.287551 -0.031120 0.957260
83.21800232 -39.04700089 335.04699707 -0.321324 -0.088596 0.942816
82.31800079 -39.94699860 334.74600220 -0.309603 -0.107630 0.944755
82.31800079 -39.64699936 334.77700806 -0.259432 -0.072135 0.963064
82.61799622 -39.94699860 334.84100342 -0.269002 -0.077768 0.959995
82.61799622 -39.64699936 334.85598755 -0.205602 -0.046892 0.977512
82.91799927 -39.94699860 334.91400146 -0.241687 -0.008334 0.970319
83.21800232 -39.94699860 334.98999023 -0.287743 -0.067779 0.955306
82.91799927 -39.64699936 334.90301514 -0.248919 -0.050775 0.967192
83.21800232 -39.64699936 335.01000977 -0.291476 -0.023566 0.956288
82.91799927 -40.54700089 334.86898804 -0.244752 -0.058393 0.967826
83.21800232 -40.54700089 334.93899536 -0.239219 -0.073895 0.968150
82.91799927 -40.24700165 334.89801025 -0.256443 -0.072006 0.963873
83.21800232 -40.24700165 334.96798706 -0.278736 -0.080923 0.956952
83.51799774 -40.54700089 335.01800537 -0.283159 -0.114581 0.952204
83.81800079 -40.54700089 335.11700439 -0.314506 -0.076995 0.946128
83.51799774 -40.24700165 335.07199097 -0.285126 -0.120681 0.950862
83.81800079 -40.24700165 335.14801025 -0.269752 -0.139527 0.952768
90.50199890 -50.74700165 345.31799316 -0.000978 0.999999 -0.000978
90.66999817 -50.44699860 345.31799316 -0.000978 0.999999 -0.000978
90.41400146 -50.74700165 345.61801147 0.000978 0.999999 0.000978
90.57599640 -50.44699860 345.61801147 -0.000978 0.999999 -0.000978
93.83999634 -47.44699860 339.91799927 -0.000978 0.999999 -0.000978
93.75000000 -47.44699860 340.21798706 0.000978 0.999999 0.000978
83.51799774 -41.14699936 335.01400757 -0.315450 -0.013715 0.948843
83.81800079 -41.14699936 335.10598755 -0.270488 -0.033348 0.962146
83.51799774 -40.84700012 335.00000000 -0.284540 -0.006106 0.958645
83.81800079 -40.84700012 335.10000610 -0.338135 -0.016464 0.940953
84.11799622 -41.14699936 335.18301392 -0.268265 -0.113849 0.956594
84.41799927 -41.14699936 335.27499390 -0.273930 -0.097369 0.956808
84.11799622 -40.84700012 335.22198486 -0.361097 -0.053836 0.930973
84.41799927 -40.84700012 335.32299805 -0.263043 -0.061670 0.962811
90.32700348 -50.74700165 345.91799927 0.000978 0.999999 0.000978
93.64199829 -47.74700165 339.91799927 -0.000978 0.999999 -0.000978
90.52400208 -50.44699860 345.91799927 -0.000978 0.999999 -0.000978
93.58300018 -47.74700165 340.21798706 -0.000978 0.999999 -0.000978
90.26300049 -50.74700165 346.21798706 -0.000978 0.999999 -0.000978
90.47399902 -50.44699860 346.21798706 -0.816260 0.530338 -0.229045
84.11799622 -41.74700165 335.13800049 -0.306935 -0.034104 0.951119
84.41799927 -41.74700165 335.24200439 -0.280835 -0.051633 0.958366
84.11799622 -41.44699860 335.14999390 -0.289104 -0.070670 0.954686
84.41799927 -41.44699860 335.26199341 -0.332825 -0.053097 0.941493
93.27200317 -48.34700012 339.91799927 -0.000978 0.999999 -0.000978
93.45099640 -48.04700089 339.91799927 0.000978 0.999999 0.000978
93.18499756 -48.34700012 340.21798706 0.000978 0.999999 0.000978
93.40000153 -48.04700089 340.21798706 0.000978 0.999999 0.000978
84.11799622 -42.34700012 335.12298584 -0.310362 -0.085120 0.946800
84.41799927 -42.34700012 335.21600342 -0.214081 -0.132038 0.967851
84.11799622 -42.04700089 335.12899780 -0.336641 -0.024137 0.941324
84.41799927 -42.04700089 335.23001099 -0.264156 -0.040926 0.963611
84.71800232 -42.34700012 335.25601196 -0.214948 -0.085731 0.972856
85.01799774 -42.34700012 335.34799194 -0.307538 -0.098993 0.946372
84.71800232 -42.04700089 335.29400635 -0.272035 -0.091538 0.957924
85.01799774 -42.04700089 335.39898682 -0.270852 -0.097196 0.957702
84.71800232 -42.94699860 335.22799683 -0.334385 -0.024157 0.942127
85.01799774 -42.94699860 335.33898926 -0.306028 -0.041904 0.951100
84.71800232 -42.64699936 335.24200439 -0.297621 -0.044327 0.953654
85.01799774 -42.64699936 335.33700562 -0.271957 -0.013415 0.962216
85.31800079 -42.64699936 335.41101074 -0.298307 -0.046968 0.953314
85.31800079 -42.94699860 335.42001343 -0.246752 -0.015648 0.968952
85.61799622 -42.94699860 335.49200439 -0.273258 -0.067361 0.959579
85.61799622 -42.64699936 335.52398682 -0.329803 -0.039782 0.943211
84.71800232 -43.54700089 335.18600464 -0.221721 -0.091444 0.970813
85.01799774 -43.54700089 335.30599976 -0.338506 -0.109239 0.934602
84.71800232 -43.24700165 335.22698975 -0.306222 -0.065896 0.949677
85.01799774 -43.24700165 335.30999756 -0.278513 -0.051670 0.959042
85.31800079 -43.54700089 335.39300537 -0.251569 -0.079642 0.964557
85.31800079 -43.24700165 335.40100098 -0.275943 -0.043701 0.960180
85.61799622 -43.54700089 335.46200562 -0.223293 -0.010633 0.974693
85.61799622 -43.24700165 335.48199463 -0.225291 -0.049929 0.973011
85.91799927 -43.54700089 335.53100586 -0.243312 -0.025421 0.969615
86.21800232 -43.54700089 335.61300659 -0.279412 -0.111503 0.953675
85.91799927 -43.24700165 335.53900146 -0.231545 -0.097426 0.967933
86.21800232 -43.24700165 335.66198730 -0.274869 -0.134115 0.952082
85.91799927 -44.14699936 335.51599121 -0.231726 0.001176 0.972780
86.21800232 -44.14699936 335.56399536 -0.200115 0.005784 0.979755
85.91799927 -43.84700012 335.52301025 -0.190656 -0.024563 0.981350
86.21800232 -43.84700012 335.59201050 -0.239709 -0.079066 0.967620
85.31800079 -44.14699936 335.34698486 -0.226057 0.010652 0.974056
85.31800079 -43.84700012 335.35101318 -0.378981 -0.070975 0.922679
85.61799622 -44.14699936 335.42199707 -0.269265 -0.133969 0.953703
85.61799622 -43.84700012 335.47500610 -0.228342 -0.065417 0.971381
92.61599731 -48.94699860 341.11801147 0.000978 0.999999 0.000978
92.81600189 -48.64699936 341.11801147 0.000978 0.999999 0.000978
90.15299988 -51.04700089 345.91799927 -0.000978 0.999999 -0.000978
92.55400085 -48.94699860 341.41799927 -0.000978 0.999999 -0.000978
92.74500275 -48.64699936 341.41799927 -0.000978 0.999999 -0.000978
93.33999634 -48.04700089 340.51800537 0.000978 0.999999 0.000978
85.91799927 -44.74700165 335.52700806 -0.172609 0.122937 0.977288
86.21800232 -44.74700165 335.56100464 -0.198163 0.051643 0.978808
85.91799927 -44.44699860 335.52301025 -0.236008 0.017970 0.971585
86.21800232 -44.44699860 335.59500122 -0.269446 -0.006041 0.962997
93.23999786 -48.04700089 340.81799316 -0.000978 0.999999 -0.000978
86.51799774 -44.14699936 335.63800049 -0.325969 0.029172 0.944930
86.51799774 -43.84700012 335.67098999 -0.281910 -0.108830 0.953249
86.51799774 -44.74700165 335.64700317 -0.203762 -0.022378 0.978765
90.17800140 -50.74700165 346.51800537 -0.000978 0.999999 -0.000978
86.81800079 -44.74700165 335.68399048 -0.120490 -0.172661 0.977584
86.51799774 -44.44699860 335.68899536 -0.232129 0.015475 0.972562
90.35600281 -50.44699860 346.51800537 -0.794229 0.520466 -0.313553
90.23699951 -50.44699860 346.81799316 -0.841287 0.464637 -0.276313
86.81800079 -44.44699860 335.73699951 -0.204081 -0.159885 0.965809
86.51799774 -45.04700089 335.67498779 -0.157639 0.092658 0.983140
87.11799622 -45.04700089 335.75500488 -0.286941 -0.144144 0.947041
87.41799927 -45.04700089 335.84600830 -0.303065 -0.160446 0.939366
85.01799774 -49.50299835 350.41799927 0.999999 0.000978 0.000978
84.71800232 -49.34500122 350.41799927 0.999999 0.000978 0.000978
84.71800232 -49.45000076 350.11801147 0.500389 0.838038 -0.217494
87.11799622 -51.83499908 348.61801147 0.545903 0.791324 -0.275311
87.11799622 -51.90800095 348.31799316 0.475968 0.854340 -0.208705
87.41799927 -52.01200104 348.61801147 0.501483 0.824420 -0.262386
87.41799927 -52.12799835 348.31799316 0.573846 0.762464 -0.298912
84.11799622 -29.44700050 344.53601074 -0.391886 -0.900903 -0.186543
84.11799622 -29.40099907 344.41799927 -0.402165 -0.912027 0.080433
84.41799927 -29.56599998 344.41799927 -0.472750 -0.799668 0.370187
84.11799622 -29.46999931 344.11801147 -0.342461 -0.915617 0.210635
84.41799927 -29.77599907 344.11801147 -0.604600 -0.709463 0.362105
84.71800232 -29.74699974 344.54400635 -0.659022 -0.575177 0.484624
91.87999725 -50.14699936 341.11801147 0.000978 0.999999 0.000978
91.81600189 -50.14699936 341.41799927 -0.000978 0.999999 -0.000978
91.74900055 -50.14699936 341.71798706 0.000978 0.999999 0.000978
91.67800140 -50.14699936 342.01800537 -0.000978 0.999999 -0.000978
91.85399628 -49.84700012 342.01800537 0.000978 0.999999 0.000978
88.61799622 -52.48400116 348.31799316 -0.740412 0.588781 -0.324233
88.80699921 -52.24700165 348.31799316 -0.761729 0.613401 -0.208587
88.72699738 -52.24700165 348.61801147 -0.000978 0.999999 -0.000978
79.61799622 -48.67399979 342.31799316 0.481191 0.856608 -0.186219
79.31800079 -48.55500031 342.31799316 0.999999 0.000978 0.000978
79.61799622 -48.66899872 342.61801147 0.999999 -0.000978 -0.000978
79.31800079 -48.47000122 342.61801147 0.999999 0.000978 0.000978
87.71800232 -52.36100006 348.31799316 0.521272 0.768105 -0.371873
79.31800079 -48.42900085 341.71798706 0.311924 0.848868 0.426762
88.01799774 -52.53400040 348.31799316 0.536751 0.790084 -0.296084
88.01799774 -52.46500015 348.61801147 0.999999 0.000978 0.000978
87.71800232 -52.20000076 348.61801147 0.536782 0.772128 -0.340123
79.61799622 -48.59400177 341.71798706 0.303379 0.746410 0.592312
79.61799622 -48.79899979 342.01800537 0.536296 0.834400 0.127133
79.31800079 -48.61399841 342.01800537 0.583750 0.792990 0.174367
88.31800079 -52.44900131 348.91799927 0.357223 0.889322 -0.285480
88.64399719 -52.24700165 348.91799927 -0.611864 0.772801 -0.168528
88.31800079 -52.35300064 349.21798706 0.290325 0.911824 -0.290325
88.61799622 -52.20199966 349.21798706 -0.809239 0.566916 -0.154070
79.01799774 -48.36899948 342.31799316 0.999999 -0.000978 -0.000978
88.01799774 -52.32799911 348.91799927 0.493319 0.819066 -0.292859
87.71800232 -52.09700012 348.91799927 0.999999 0.000978 0.000978
88.01799774 -52.25699997 349.21798706 0.298341 0.928957 -0.219160
91.55400085 -50.44699860 341.71798706 0.000978 0.999999 0.000978
87.71800232 -52.00999832 349.21798706 0.999999 0.000978 0.000978
73.31800079 -44.53099823 342.01800537 0.488841 0.774674 -0.401142
73.31800079 -44.72000122 341.71798706 0.540480 0.757970 -0.365189
91.49199677 -50.44699860 342.01800537 -0.000978 0.999999 -0.000978
74.21800232 -45.41899872 341.41799927 0.475632 0.873175 -0.106485
74.21800232 -45.36600113 341.11801147 0.999999 0.000978 0.000978
73.91799927 -45.09199905 340.81799316 0.346055 0.923282 -0.166723
74.21800232 -45.34400177 340.51800537 0.360410 0.882174 0.303106
73.91799927 -45.14599991 340.51800537 0.510013 0.837986 0.194076
74.21800232 -45.37799835 340.81799316 0.999999 -0.000978 -0.000978
91.40799713 -50.44699860 342.31799316 0.000978 0.999999 0.000978
91.31900024 -50.44699860 342.61801147 0.000978 0.999999 0.000978
79.61799622 -45.27799988 338.11801147 -0.000978 -0.000978 0.999999
79.31800079 -45.13999939 338.11801147 0.050706 0.109300 0.992715
79.91799927 -45.94699860 338.74798584 0.279322 0.707084 0.649624
79.91799927 -45.62799835 338.41799927 0.274565 0.760211 0.588807
80.21800232 -45.75600052 338.41799927 0.000978 0.000978 0.999999
80.21800232 -45.51200104 338.11801147 0.237835 0.697754 0.675703
79.91799927 -45.40900040 338.11801147 0.271249 0.743951 0.610706
80.81800079 -45.46599960 337.81799316 0.000978 0.000978 0.999999
80.51799774 -45.86600113 338.41799927 0.000978 0.000978 0.999999
80.51799774 -45.62599945 338.11801147 -0.000978 -0.000978 0.999999
80.81800079 -45.75799942 338.11801147 0.270881 0.752447 0.600373
94.91799927 -45.64699936 337.99700928 -0.398272 0.011676 0.917193
94.91799927 -45.94699860 338.02200317 -0.833095 -0.046050 -0.551210
76.31800079 -45.82199860 344.11801147 0.534220 0.753136 -0.383920
76.31800079 -45.69300079 344.41799927 0.536751 0.790084 -0.296084
76.61799622 -45.88899994 344.41799927 0.544017 0.771894 -0.328978
87.11799622 -51.70000076 348.91799927 0.589187 0.757526 -0.281094
87.41799927 -51.93700027 348.91799927 0.488343 0.829408 -0.271302
87.41799927 -51.81499863 349.21798706 0.527267 0.796442 -0.296093
87.11799622 -51.61199951 349.21798706 0.999999 -0.000978 -0.000978
75.71800232 -45.20299911 344.71798706 0.451126 0.801110 -0.393330
76.01799774 -45.34500122 344.71798706 0.427480 0.837736 -0.339792
75.71800232 -45.08000183 345.01800537 0.496037 0.799082 -0.339729
76.01799774 -45.23899841 345.01800537 0.999999 0.000978 0.000978
75.11799622 -44.78799820 344.71798706 0.551261 0.761420 -0.341103
75.41799927 -45.00999832 344.71798706 0.538130 0.775871 -0.329303
75.41799927 -44.86800003 345.01800537 0.549065 0.751094 -0.366586
87.41799927 -51.71300125 349.51800537 0.500394 0.802219 -0.325653
87.11799622 -51.51300049 349.51800537 0.579049 0.771540 -0.263491
87.11799622 -51.40599823 349.81799316 0.531069 0.778152 -0.335328
94.61799622 -45.64699936 337.90301514 -0.266584 -0.003619 0.963805
94.31800079 -45.64699936 337.83099365 -0.236101 0.008305 0.971693
94.61799622 -45.94699860 337.89599609 -0.278513 -0.051670 0.959042
87.41799927 -51.57199860 349.81799316 0.478340 0.783180 -0.397265
94.31800079 -45.94699860 337.80300903 -0.275780 -0.091927 0.956815
94.01799774 -45.64699936 337.75799561 -0.258851 -0.058773 0.964127
93.71800232 -45.64699936 337.67098999 -0.323922 -0.077374 0.942914
94.01799774 -45.94699860 337.72299194 -0.287432 -0.092343 0.953339
75.11799622 -44.64300156 345.01800537 0.553506 0.760062 -0.340495
91.22799683 -50.74700165 342.31799316 -0.000978 0.999999 -0.000978
91.12999725 -50.74700165 342.61801147 0.000978 0.999999 0.000978
93.71800232 -45.94699860 337.62298584 -0.286043 -0.070549 0.955616
74.81800079 -44.30199814 345.31799316 0.999999 0.000978 0.000978
74.81800079 -44.22900009 345.61801147 0.591778 0.756778 -0.277644
94.61799622 -45.04700089 337.92599487 -0.321753 -0.102801 0.941226
94.31800079 -45.04700089 337.82400513 -0.202563 -0.114492 0.972553
94.61799622 -45.34700012 337.89801025 -0.346810 -0.034810 0.937289
74.51799774 -44.06000137 345.31799316 0.562334 0.772611 -0.294707
74.51799774 -43.97600174 345.61801147 0.999999 0.000978 0.000978
94.31800079 -45.34700012 337.79800415 -0.226057 0.010652 0.974056
86.90100098 -51.34700012 349.51800537 0.576599 0.753273 -0.316407
86.51799774 -50.91600037 349.51800537 0.835380 0.451261 -0.313853
86.70500183 -51.04700089 349.81799316 0.809922 0.458476 -0.365823
90.87100220 -51.04700089 342.91799927 0.000978 0.999999 0.000978
90.80599976 -51.04700089 343.21798706 0.000978 0.999999 0.000978
79.61799622 -45.82799911 350.11801147 0.545617 0.759330 -0.354570
79.31800079 -45.58499908 350.11801147 0.540974 0.775343 -0.325869
79.61799622 -45.66199875 350.41799927 0.580681 0.772667 -0.256507
79.31800079 -45.48699951 350.41799927 0.999999 0.000978 0.000978
86.54599762 -50.74700165 349.81799316 0.837609 0.476650 -0.266863
79.31800079 -45.42599869 350.71798706 0.549404 0.818867 -0.166169
79.61799622 -45.63000107 350.71798706 0.539851 0.835104 -0.105654
79.01799774 -42.34700012 335.19100952 0.189149 0.748906 0.635109
78.71800232 -42.15999985 335.11801147 0.247768 0.670708 0.699115
88.31800079 -52.01900101 349.81799316 0.003746 0.942776 -0.333406
88.61799622 -52.07400131 349.51800537 -0.506809 0.786761 -0.352353
88.31800079 -52.12500000 349.51800537 -0.005953 0.970335 -0.241691
88.79599762 -51.94699860 349.21798706 -0.797605 0.556000 -0.233861
88.88400269 -51.94699860 348.91799927 0.000978 0.999999 0.000978
89.63800049 -51.04700089 348.01800537 -0.000978 0.999999 -0.000978
89.70899963 -51.04700089 347.71798706 0.000978 0.999999 0.000978
89.54399872 -51.34700012 347.71798706 0.000978 0.999999 0.000978
89.97899628 -50.44699860 348.01800537 0.000978 0.999999 0.000978
89.80000305 -50.74700165 348.01800537 -0.000978 0.999999 -0.000978
90.02100372 -50.44699860 347.71798706 0.000978 0.999999 0.000978
89.84400177 -50.74700165 347.71798706 0.000978 0.999999 0.000978
90.08799744 -50.44699860 347.41799927 0.000978 0.999999 0.000978
89.94599915 -50.74700165 347.41799927 -0.000978 0.999999 -0.000978
90.01799774 -50.74700165 347.11801147 -0.000978 0.999999 -0.000978
91.68099976 -48.64699936 345.61801147 -0.000978 0.999999 -0.000978
91.48699951 -48.94699860 345.61801147 0.000978 0.999999 0.000978
91.73600006 -48.64699936 345.31799316 0.000978 0.999999 0.000978
91.56500244 -48.94699860 345.31799316 0.000978 0.999999 0.000978
91.85700226 -48.34700012 345.61801147 0.000978 0.999999 0.000978
91.91200256 -48.34700012 345.31799316 -0.810430 0.531506 -0.246383
92.08799744 -48.04700089 345.61801147 -0.000978 0.999999 -0.000978
92.12899780 -48.04700089 345.31799316 -0.000978 0.999999 -0.000978
90.69799805 -51.34700012 342.91799927 0.000978 0.999999 0.000978
90.62699890 -51.34700012 343.21798706 -0.000978 0.999999 -0.000978
92.93900299 -47.14699936 344.41799927 -0.000978 0.999999 -0.000978
92.98799896 -47.14699936 344.11801147 -0.000978 0.999999 -0.000978
92.73899841 -47.44699860 344.41799927 0.000978 0.999999 0.000978
92.55599976 -47.74700165 344.41799927 -0.000978 0.999999 -0.000978
92.81300354 -47.44699860 344.11801147 -0.000978 0.999999 -0.000978
92.60800171 -47.74700165 344.11801147 0.000978 0.999999 0.000978
93.12400055 -46.84700012 344.41799927 -0.000978 0.999999 -0.000978
93.13099670 -46.84700012 344.11801147 0.000978 0.999999 0.000978
82.61799622 -32.14699936 335.45999146 -0.551482 -0.527871 0.645925
82.31800079 -32.14699936 335.30398560 -0.462576 -0.146458 0.874399
79.01799774 -45.39599991 350.11801147 0.509211 0.793348 -0.333621
86.51799774 -31.67600060 343.21798706 -0.999999 0.000978 0.000978
86.81800079 -31.96299934 343.21798706 -0.335943 -0.940380 -0.053180
86.51799774 -31.74099922 342.91799927 -0.999999 -0.000978 -0.000978
86.81800079 -31.94599915 342.91799927 -0.999999 -0.000978 -0.000978
85.61799622 -31.62000084 341.71798706 -0.595313 -0.748530 0.292070
83.81800079 -31.01600075 339.91799927 -0.586049 -0.741037 0.327735
78.71800232 -45.20199966 350.11801147 0.519914 0.772582 -0.364426
78.71800232 -45.06100082 350.41799927 0.501621 0.782271 -0.369361
79.01799774 -45.29999924 350.41799927 0.504891 0.834366 -0.221176
90.28500366 -51.94699860 342.91799927 0.000978 0.999999 0.000978
90.48999786 -51.64699936 342.91799927 0.000978 0.999999 0.000978
90.23400116 -51.94699860 343.21798706 -0.000978 0.999999 -0.000978
90.44799805 -51.64699936 343.21798706 -0.000978 0.999999 -0.000978
90.71800232 -44.44699860 336.84298706 -0.295700 -0.098567 0.950182
91.01799774 -44.74700165 336.88598633 -0.314506 -0.076995 0.946128
90.71800232 -44.74700165 336.79998779 -0.188532 0.012723 0.981985
78.71800232 -45.34400177 349.81799316 0.616193 0.753472 -0.229317
91.01799774 -44.44699860 336.95700073 -0.384578 -0.108895 0.916647
78.41799927 -45.16400146 349.51800537 0.559373 0.767736 -0.312544
78.11799622 -44.95000076 349.51800537 0.566870 0.785497 -0.248298
78.41799927 -45.08300018 349.81799316 0.999999 -0.000978 -0.000978
78.11799622 -44.88800049 349.81799316 0.547680 0.792488 -0.268347
85.61799622 -49.90700150 350.11801147 0.200896 0.962460 -0.182513
85.32800293 -49.84700012 350.11801147 -0.000978 -0.000978 -0.999999
85.31800079 -49.84400177 350.11801147 -0.000978 -0.000978 -0.999999
85.61799622 -49.84999847 350.41799927 0.999815 0.018978 -0.002996
85.31800079 -49.67399979 350.41799927 0.488905 0.819034 -0.300260
90.41799927 -42.04700089 336.91198730 -0.264836 -0.069694 0.961772
90.11799622 -42.04700089 336.82901001 -0.277207 -0.048919 0.959564
90.41799927 -42.34700012 336.89001465 -0.240292 -0.079259 0.967459
90.11799622 -42.34700012 336.82199097 -0.283579 -0.075707 0.955956
85.31800079 -49.65200043 350.71798706 0.570698 0.814661 -0.103103
85.61900330 -49.84700012 350.71798706 0.975699 0.219035 -0.005857
90.06099701 -51.94699860 343.81799316 0.000978 0.999999 0.000978
85.61799622 -49.83499908 351.01800537 0.574816 0.792480 -0.203868
88.61799622 -40.24700165 336.52200317 -0.219337 -0.091495 0.971350
88.31800079 -40.24700165 336.46499634 -0.260428 0.013324 0.965401
88.61799622 -40.54700089 336.51901245 -0.238268 -0.017960 0.971033
88.31800079 -40.54700089 336.45401001 -0.253260 -0.087814 0.963405
85.01799774 -49.61100006 350.11801147 0.546776 0.794313 -0.264771
78.11799622 -45.21300125 348.91799927 0.999999 -0.000978 -0.000978
78.11799622 -45.07699966 349.21798706 0.572674 0.750122 -0.330699
78.41799927 -45.32600021 349.21798706 0.470298 0.787063 -0.399188
83.81800079 -37.84700012 335.29400635 -0.275163 -0.089137 0.957256
83.51799774 -37.84700012 335.21398926 -0.236582 -0.108700 0.965512
83.81800079 -38.14699936 335.28201294 -0.246739 0.003576 0.969075
83.51799774 -38.14699936 335.20401001 -0.262418 -0.046016 0.963857
84.41799927 -37.84700012 335.46899414 -0.283451 -0.059741 0.957124
84.41799927 -38.14699936 335.46600342 -0.325794 -0.058409 0.943635
84.11799622 -37.84700012 335.38598633 -0.279894 -0.072849 0.957263
84.11799622 -38.14699936 335.35699463 -0.293243 -0.039015 0.955242
89.78600311 -52.54700089 343.51800537 0.000978 0.999999 0.000978
89.95700073 -52.24700165 343.51800537 -0.000978 0.999999 -0.000978
89.72399902 -52.54700089 343.81799316 0.000978 0.999999 0.000978
89.89199829 -52.24700165 343.81799316 0.000978 0.999999 0.000978
83.21800232 -36.64699936 335.17898560 -0.247270 -0.087496 0.964988
82.91799927 -36.64699936 335.11999512 -0.226077 -0.083686 0.970508
83.21800232 -36.94699860 335.17800903 -0.269064 0.013392 0.963029
82.91799927 -36.94699860 335.10299683 -0.232838 -0.042667 0.971579
82.61799622 -36.04700089 335.07400513 -0.293920 -0.041628 0.954923
82.31800079 -36.04700089 334.95599365 -0.282639 -0.020982 0.958997
82.61799622 -36.34700012 335.05899048 -0.270168 -0.054034 0.961296
82.31800079 -36.34700012 334.98498535 -0.231073 -0.010665 0.972878
77.51799774 -44.65800095 349.21798706 0.533362 0.788102 -0.307280
89.64299774 -52.54700089 344.11801147 -0.000978 0.999999 -0.000978
77.51799774 -44.77700043 348.91799927 0.547045 0.763282 -0.343719
89.81300354 -52.24700165 344.11801147 -0.000978 0.999999 -0.000978
77.81800079 -44.97100067 348.91799927 0.546408 0.740030 -0.392167
85.01799774 -49.42800140 350.71798706 0.999999 -0.000978 -0.000978
89.56999969 -52.54700089 344.41799927 0.000978 0.999999 0.000978
84.71800232 -49.24499893 350.71798706 0.496736 0.804617 -0.325338
77.81800079 -44.85200119 349.21798706 0.544191 0.780379 -0.308002
89.76100159 -52.24700165 344.41799927 -0.000978 0.999999 -0.000978
85.24400330 -49.54700089 351.01800537 0.665528 0.729201 -0.159181
85.01799774 -49.31700134 351.01800537 0.580085 0.764441 -0.281302
84.71800232 -49.10300064 351.01800537 0.487610 0.815840 -0.310871
73.01799774 -43.46699905 344.11801147 0.555716 0.753376 -0.351575
73.01799774 -43.34000015 344.41799927 0.999999 -0.000978 -0.000978
89.98699951 -51.94699860 344.11801147 0.000978 0.999999 0.000978
89.94000244 -51.94699860 344.41799927 -0.000978 0.999999 -0.000978
91.91799927 -47.74700165 336.91699219 -0.304391 -0.047123 0.951381
92.21800232 -47.44699860 337.08401489 -0.297715 -0.124159 0.946547
91.91799927 -47.44699860 336.97500610 -0.348093 -0.157970 0.924054
92.21800232 -47.74700165 337.03100586 -0.264000 -0.107941 0.958464
92.21800232 -46.84700012 337.11499023 -0.318983 -0.044837 0.946699
91.91799927 -46.84700012 337.01699829 -0.306536 -0.082178 0.948305
92.21800232 -47.14699936 337.10900879 -0.251240 -0.050743 0.966594
91.91799927 -47.14699936 337.01998901 -0.330373 -0.066597 0.941498
91.31800079 -46.84700012 336.84799194 -0.243252 -0.079404 0.966707
91.61799622 -47.14699936 336.90499878 -0.230666 -0.105775 0.967267
91.31800079 -47.14699936 336.82299805 -0.256477 -0.061304 0.964604
91.61799622 -46.84700012 336.92199707 -0.270181 -0.096955 0.957915
91.61799622 -46.24700165 337.03201294 -0.278793 -0.094660 0.955675
91.61799622 -46.54700089 336.96600342 -0.308156 -0.172733 0.935523
91.31800079 -46.24700165 336.90399170 -0.999999 0.000978 0.000978
91.31800079 -46.54700089 336.87298584 -0.262953 -0.088506 0.960741
91.01799774 -46.24700165 336.78100586 -0.302693 -0.054919 0.951504
90.71800232 -46.24700165 336.71200562 -0.231980 -0.025241 0.972393
91.01799774 -46.54700089 336.80200195 -0.243919 -0.015620 0.969670
90.71800232 -46.54700089 336.72299194 -0.275834 -0.008506 0.961168
91.01799774 -45.64699936 336.84600830 -0.253114 -0.129836 0.958685
90.71800232 -45.64699936 336.75299072 -0.245997 -0.140758 0.958996
91.01799774 -45.94699860 336.83599854 -0.324958 -0.102970 0.940106
90.71800232 -45.94699860 336.73901367 -0.278677 -0.064897 0.958190
77.21800232 -44.54199982 348.91799927 0.544786 0.769771 -0.332657
76.91799927 -44.35300064 348.91799927 0.465991 0.791702 -0.395045
76.91799927 -44.22499847 349.21798706 0.550251 0.781769 -0.293362
77.21800232 -44.44599915 349.21798706 0.999999 0.000978 0.000978
90.41799927 -44.44699860 336.74200439 -0.288125 -0.008582 0.957554
90.11799622 -44.44699860 336.66299438 -0.254609 -0.003586 0.967037
90.41799927 -44.74700165 336.77200317 -0.213277 0.017675 0.976832
90.11799622 -44.74700165 336.67001343 -0.329812 -0.029288 0.943592
84.41799927 -49.05799866 350.71798706 0.999999 -0.000978 -0.000978
84.41799927 -48.95899963 351.01800537 0.505847 0.808409 -0.300987
89.81800079 -44.44699860 336.58401489 -0.257128 -0.048444 0.965162
89.51799774 -44.44699860 336.50299072 -0.291359 -0.123728 0.948579
89.81800079 -44.74700165 336.56298828 -0.304461 -0.073848 0.949658
89.51799774 -44.74700165 336.47799683 -0.262578 -0.118879 0.957560
96.11799622 -37.46900177 345.91799927 -0.474764 -0.768432 0.429082
96.11799622 -37.28300095 346.21798706 -0.456353 -0.763861 0.456353
96.41799927 -37.41099930 346.21798706 -0.427099 -0.784369 0.449835
96.11799622 -37.24700165 346.27301025 -0.999999 -0.000978 -0.000978
89.81800079 -43.84700012 336.59600830 -0.126537 -0.051299 0.990635
89.51799774 -43.84700012 336.56600952 -0.190502 -0.039047 0.980910
89.81800079 -44.14699936 336.59298706 -0.189804 -0.019795 0.981622
89.51799774 -44.14699936 336.55599976 -0.167673 -0.104031 0.980338
84.11799622 -48.74700165 350.71798706 0.580330 0.786602 -0.210889
88.91799927 -44.14699936 336.30398560 -0.356919 -0.140268 0.923544
84.11799622 -48.72999954 351.01800537 0.659590 0.729987 -0.179053
89.21800232 -43.84700012 336.48001099 -0.271456 -0.100010 0.957241
88.91799927 -43.84700012 336.39599609 -0.350547 -0.157816 0.923153
89.21800232 -44.14699936 336.43499756 -0.999999 0.000978 0.000978
76.91799927 -44.66699982 348.31799316 0.545818 0.786295 -0.289521
76.91799927 -44.52399826 348.61801147 0.510390 0.761509 -0.399507
77.21800232 -44.70500183 348.61801147 0.513461 0.761226 -0.396098
89.21800232 -43.24700165 336.49499512 -0.320705 -0.008735 0.947139
88.91799927 -43.24700165 336.39999390 -0.274484 -0.088917 0.957472
89.21800232 -43.54700089 336.49798584 -0.280350 -0.023465 0.959611
88.91799927 -43.54700089 336.40499878 -0.290376 -0.006126 0.956893
88.31800079 -43.24700165 336.23001099 -0.273675 -0.128244 0.953234
88.61799622 -43.54700089 336.31600952 -0.297602 -0.109782 0.948357
88.31800079 -43.54700089 336.21798706 -0.282990 -0.070427 0.956533
88.61799622 -43.24700165 336.32299805 -0.273256 -0.083388 0.958320
89.21800232 -42.64699936 336.51300049 -0.222753 -0.094387 0.970295
88.91799927 -42.64699936 336.45498657 -0.201028 -0.024688 0.979274
89.21800232 -42.94699860 336.50399780 -0.178093 -0.029100 0.983583
88.91799927 -42.94699860 336.45999146 -0.221233 -0.088743 0.971175
84.41799927 -48.83499908 351.31799316 0.532519 0.765598 -0.360948
88.61799622 -42.64699936 336.39001465 -0.238347 -0.058043 0.969444
88.61799622 -42.94699860 336.36801147 -0.257861 -0.107550 0.960177
84.11799622 -48.59999847 351.31799316 0.562167 0.750096 -0.348317
84.41799927 -48.67699814 351.61801147 0.575029 0.734669 -0.360004
84.11799622 -48.45199966 351.61801147 0.514538 0.732927 -0.445050
88.31800079 -42.64699936 336.30801392 -0.224784 -0.047387 0.973256
88.31800079 -42.94699860 336.29901123 -0.276302 -0.122948 0.953174
88.61799622 -42.04700089 336.42098999 -0.275607 -0.067314 0.958911
88.31800079 -42.04700089 336.32998657 -0.279554 -0.046383 0.959009
88.61799622 -42.34700012 336.40399170 -0.237306 -0.050412 0.970126
88.31800079 -42.34700012 336.32800293 -0.257116 -0.035676 0.965722
88.01799774 -42.04700089 336.24600220 -0.270694 0.010925 0.962603
87.71800232 -42.04700089 336.16198730 -0.270310 -0.018347 0.962598
88.01799774 -42.34700012 336.24398804 -0.279381 0.008540 0.960142
87.71800232 -42.34700012 336.15301514 -0.307228 0.013682 0.951537
88.01799774 -41.44699860 336.24600220 -0.259432 -0.072135 0.963064
87.71800232 -41.44699860 336.17199707 -0.169884 -0.083135 0.981951
88.01799774 -41.74700165 336.23699951 -0.251210 -0.001191 0.967932
87.71800232 -41.74700165 336.16500854 -0.232668 -0.015511 0.972432
87.41799927 -41.44699860 336.14300537 -0.192847 -0.069134 0.978790
87.11799622 -41.44699860 336.05398560 -0.354002 -0.107150 0.929086
87.41799927 -41.74700165 336.09298706 -0.287525 -0.106345 0.951851
87.11799622 -41.74700165 335.98400879 -0.294023 -0.132914 0.946512
87.41799927 -40.84700012 336.16000366 -0.276110 -0.056735 0.959450
87.11799622 -40.84700012 336.07699585 -0.277241 -0.046416 0.959679
87.41799927 -41.14699936 336.13500977 -0.263428 -0.028181 0.964267
87.11799622 -41.14699936 336.05300903 -0.251291 -0.038000 0.967165
86.81800079 -40.84700012 335.98599243 -0.261619 -0.020686 0.964949
86.51799774 -40.84700012 335.91500854 -0.239370 -0.020449 0.970713
86.81800079 -41.14699936 335.97900391 -0.261427 -0.113155 0.958567
86.51799774 -41.14699936 335.89001465 -0.270095 -0.110909 0.956424
87.41799927 -40.24700165 336.19400024 -0.288147 -0.092572 0.953101
87.11799622 -40.24700165 336.09201050 -0.328198 -0.047621 0.943408
87.41799927 -40.54700089 336.17098999 -0.267190 -0.053940 0.962133
87.11799622 -40.54700089 336.08200073 -0.286245 -0.023544 0.957867
89.50399780 -52.54700089 344.71798706 0.000978 0.999999 0.000978
86.81800079 -40.24700165 335.98599243 -0.254186 -0.023108 0.966879
89.44599915 -52.54700089 345.01800537 -0.000978 0.999999 -0.000978
86.51799774 -40.24700165 335.93499756 -0.253463 -0.071877 0.964671
86.81800079 -40.54700089 335.99200439 -0.285453 0.001215 0.958392
86.51799774 -40.54700089 335.90301514 -0.270509 -0.030880 0.962222
89.24500275 -53.14699936 344.11801147 0.000978 0.999999 0.000978
89.45300293 -52.84700012 344.11801147 0.000978 0.999999 0.000978
89.19699860 -53.14699936 344.41799927 -0.000978 0.999999 -0.000978
89.37799835 -52.84700012 344.41799927 0.000978 0.999999 0.000978
86.81800079 -39.64699936 336.06600952 -0.292097 -0.138645 0.946286
86.51799774 -39.64699936 335.98599243 -0.287604 -0.103748 0.952114
86.81800079 -39.94699860 336.00698853 -0.261856 -0.127638 0.956630
86.51799774 -39.94699860 335.94799805 -0.229000 -0.083842 0.969809
86.21800232 -39.64699936 335.88400269 -0.284698 -0.067664 0.956226
85.91799927 -39.64699936 335.80700684 -0.248398 -0.120948 0.961078
86.21800232 -39.94699860 335.86499023 -0.283701 -0.089385 0.954738
85.91799927 -39.94699860 335.74899292 -0.312459 -0.116669 0.942740
89.13300323 -53.14699936 344.71798706 0.000978 0.999999 0.000978
89.32499695 -52.84700012 344.71798706 -0.000978 0.999999 -0.000978
89.07199860 -53.14699936 345.01800537 -0.000978 0.999999 -0.000978
89.24500275 -52.84700012 345.01800537 0.000978 0.999999 0.000978
76.31800079 -44.22999954 348.31799316 0.507619 0.781572 -0.362585
76.61799622 -44.41699982 348.31799316 0.505099 0.805942 -0.308760
76.61799622 -44.30400085 348.61801147 0.568054 0.768544 -0.294370
86.21800232 -39.04700089 335.95401001 -0.326332 -0.074702 0.942299
85.91799927 -39.04700089 335.83999634 -0.290796 -0.067895 0.954373
86.21800232 -39.34700012 335.90701294 -0.298350 -0.110058 0.948090
85.91799927 -39.34700012 335.82501221 -0.293597 -0.052110 0.954508
85.61799622 -39.04700089 335.75299072 -0.294377 -0.092892 0.951164
85.61799622 -39.34700012 335.72299194 -0.275339 -0.038622 0.960571
86.21800232 -38.44699860 336.00500488 -0.276306 -0.083534 0.957433
85.91799927 -38.44699860 335.89498901 -0.332892 -0.039844 0.942123
86.21800232 -38.74700165 335.95498657 -0.300306 -0.081902 0.950320
85.91799927 -38.74700165 335.86801147 -0.277611 -0.086511 0.956790
86.51799774 -31.04899979 344.71798706 -0.151900 -0.937401 0.313379
86.81800079 -31.10099983 344.71798706 -0.168630 -0.831211 0.529766
86.51799774 -30.95800018 345.01800537 0.055010 -0.950520 0.305753
87.41799927 -31.71199989 344.71798706 -0.541840 -0.753370 0.372617
87.76000214 -32.14699936 344.11801147 -0.571984 -0.761043 0.306019
87.71800232 -32.11999893 344.11801147 -0.525143 -0.817745 0.235621
87.71800232 -32.03400040 344.41799927 -0.999999 0.000978 0.000978
87.41799927 -31.95000076 344.11801147 -0.999999 0.000978 0.000978
87.11799622 -31.76300049 344.11801147 -0.559085 -0.772525 0.301046
87.41799927 -31.86000061 344.41799927 -0.999999 0.000978 0.000978
87.11799622 -31.60400009 344.41799927 -0.606617 -0.701966 0.373176
87.41799927 -31.84700012 344.44699097 -0.999999 0.000978 0.000978
85.31800079 -38.74700165 335.67898560 -0.328079 -0.105789 0.938708
85.61799622 -38.44699860 335.79299927 -0.277016 -0.097541 0.955902
85.31800079 -38.44699860 335.72100830 -0.270173 -0.108330 0.956698
85.61799622 -38.74700165 335.78100586 -0.299365 -0.062957 0.952059
88.93199921 -53.44699860 344.71798706 0.000978 0.999999 0.000978
83.81800079 -48.38399887 351.31799316 0.534441 0.783315 -0.317474
83.51799774 -48.19300079 351.31799316 0.573034 0.769866 -0.280961
88.31800079 -32.54499817 344.11801147 -0.488485 -0.806717 0.332552
88.61799622 -32.72399902 344.11801147 -0.547265 -0.790143 0.275998
88.31800079 -32.45399857 344.41799927 -0.999999 -0.000978 -0.000978
88.61799622 -32.68199921 344.41799927 -0.523407 -0.803186 0.284494
88.01799774 -32.36199951 344.11801147 -0.534220 -0.753136 0.383920
85.61799622 -37.84700012 335.83300781 -0.292169 -0.023622 0.956075
85.31800079 -37.84700012 335.76199341 -0.274360 -0.061952 0.959629
85.61799622 -38.14699936 335.84298706 -0.237043 -0.065776 0.969270
85.31800079 -38.14699936 335.74700928 -0.290135 -0.065185 0.954763
83.81800079 -48.24700165 351.61801147 0.511771 0.742151 -0.432784
83.51799774 -48.04000092 351.61801147 0.541455 0.744296 -0.390960
76.31800079 -44.06700134 348.61801147 0.484495 0.790322 -0.375041
88.31800079 -32.70100021 343.81799316 -0.520714 -0.786678 0.331655
88.31800079 -32.79700089 343.51800537 -0.999999 -0.000978 -0.000978
88.61799622 -32.98899841 343.51800537 -0.999999 -0.000978 -0.000978
88.61799622 -32.88999939 343.81799316 -0.509768 -0.786362 0.348958
88.91799927 -32.74700165 344.61999512 -0.999999 0.000978 0.000978
85.01799774 -37.84700012 335.66198730 -0.312274 -0.031607 0.949466
84.71800232 -37.84700012 335.56399536 -0.305515 -0.028917 0.951748
85.01799774 -38.14699936 335.66101074 -0.291856 -0.059901 0.954585
84.71800232 -38.14699936 335.56399536 -0.310026 -0.068751 0.948239
88.91799927 -33.21799850 343.51800537 -0.573283 -0.750920 0.327821
88.91799927 -33.08700180 343.81799316 -0.515646 -0.785517 0.342158
89.21800232 -33.17300034 344.11801147 -0.600702 -0.730233 0.325448
88.91799927 -32.95700073 344.11801147 -0.576046 -0.766475 0.284056
89.47399902 -33.34700012 344.41799927 -0.630765 -0.731940 0.257681
89.21800232 -33.07699966 344.41799927 -0.999999 0.000978 0.000978
88.91799927 -32.86500168 344.41799927 -0.999999 0.000978 0.000978
89.21800232 -33.04700089 344.47698975 -0.620512 -0.699100 0.355280
89.21800232 -33.45399857 343.51800537 -0.999999 -0.000978 -0.000978
89.21800232 -33.34999847 343.81799316 -0.543337 -0.760671 0.355196
85.01799774 -37.24700165 335.70901489 -0.247481 -0.074119 0.966054
84.71800232 -37.24700165 335.64599609 -0.227080 -0.089076 0.969794
85.01799774 -37.54700089 335.68099976 -0.317701 -0.074522 0.945258
84.71800232 -37.54700089 335.58300781 -0.280672 -0.129029 0.951091
89.80300140 -33.94699860 343.51800537 -0.191083 -0.981204 0.026963
89.51799774 -33.71599960 343.51800537 -0.531499 -0.708110 0.464853
89.83499908 -33.94699860 343.81799316 -0.650660 -0.644037 0.402316
89.72299957 -33.64699936 343.81799316 -0.691589 -0.510737 0.510737
89.51799774 -33.53900146 343.81799316 -0.476524 -0.786669 0.392527
84.41799927 -37.24700165 335.57000732 -0.336664 -0.066809 0.939252
84.11799622 -37.24700165 335.45001221 -0.217854 -0.099482 0.970898
84.41799927 -37.54700089 335.50399780 -0.286807 -0.159035 0.944696
84.11799622 -37.54700089 335.40200806 -0.265901 -0.102469 0.958539
82.91799927 -47.76300049 351.31799316 0.467013 0.843089 -0.266644
83.21800232 -47.95000076 351.31799316 0.480317 0.805847 -0.346275
83.21800232 -47.80899811 351.61801147 0.453645 0.803096 -0.386320
89.75000000 -33.94699860 343.21798706 -0.178475 -0.983363 0.033829
89.51799774 -33.90499878 343.21798706 -0.000978 -0.000978 0.999999
83.51799774 -47.87799835 351.91799927 0.460770 0.762485 -0.454211
83.81800079 -48.03599930 351.91799927 0.476307 0.743303 -0.469715
84.41799927 -36.64699936 335.54501343 -0.303778 -0.093369 0.948157
84.11799622 -36.64699936 335.45599365 -0.266461 -0.040899 0.962978
84.41799927 -36.94699860 335.54598999 -0.281249 0.041250 0.958748
84.11799622 -36.94699860 335.46301270 -0.250698 -0.010796 0.968005
83.81800079 -36.64699936 335.37899780 -0.241447 -0.042897 0.969465
83.51799774 -36.64699936 335.30700684 -0.241597 -0.100985 0.965108
83.81800079 -36.94699860 335.39001465 -0.266178 -0.013370 0.963831
83.51799774 -36.94699860 335.27099609 -0.356531 -0.016613 0.934136
89.81800079 -34.07199860 342.91799927 -0.100533 -0.913058 0.395245
89.81800079 -33.95999908 343.21798706 -0.282898 -0.939773 0.191819
90.41799927 -34.31999969 343.51800537 -0.491753 -0.818540 0.296937
84.41799927 -36.04700089 335.60299683 -0.309384 0.021294 0.950699
84.11799622 -36.04700089 335.50698853 -0.273850 -0.020876 0.961546
84.41799927 -36.34700012 335.60501099 -0.242984 -0.092868 0.965575
90.11799622 -34.14500046 343.51800537 -0.999999 -0.000978 -0.000978
84.11799622 -36.34700012 335.48800659 -0.217361 -0.083218 0.972537
90.11799622 -34.04000092 343.81799316 -0.299616 -0.901801 0.311424
90.41799927 -34.18999863 343.81799316 -0.498105 -0.819765 0.282624
90.11799622 -34.33599854 342.91799927 -0.489699 -0.817215 0.303897
90.41799927 -34.49399948 342.91799927 -0.527479 -0.801454 0.281847
90.41799927 -34.40800095 343.21798706 -0.999999 0.000978 0.000978
90.11799622 -34.19400024 343.21798706 -0.584342 -0.772334 0.249089
83.81800079 -36.04700089 335.43200684 -0.252453 -0.030490 0.967129
83.51799774 -36.04700089 335.35101318 -0.278036 -0.028421 0.960150
83.81800079 -36.34700012 335.41699219 -0.247324 -0.084978 0.965199
83.51799774 -36.34700012 335.33401489 -0.294524 -0.070737 0.953023
91.01799774 -34.95100021 342.91799927 -0.570300 -0.765192 0.298728
90.71800232 -34.72800064 342.91799927 -0.569959 -0.745331 0.345873
90.71800232 -34.59299850 343.21798706 -0.533151 -0.792607 0.295843
91.01799774 -34.83399963 343.21798706 -0.492786 -0.794557 0.354742
83.81800079 -35.44699860 335.44100952 -0.283701 -0.089385 0.954738
83.81800079 -35.74700165 335.43600464 -0.240535 -0.015557 0.970516
83.51799774 -35.44699860 335.36700439 -0.243797 -0.082108 0.966344
83.51799774 -35.74700165 335.35198975 -0.283950 -0.026039 0.958485
83.21800232 -35.44699860 335.29000854 -0.271022 -0.142854 0.951914
82.91799927 -35.44699860 335.19699097 -0.254097 -0.063837 0.965070
83.21800232 -35.74700165 335.25799561 -0.295240 -0.049418 0.954144
82.91799927 -35.74700165 335.16699219 -0.277841 -0.051545 0.959243
82.91799927 -47.48500061 351.91799927 0.460271 0.719485 -0.520089
83.33899689 -47.74700165 351.91799927 0.000978 0.000978 -0.999999
83.21800232 -47.67699814 351.91799927 0.511421 0.787171 -0.344688
91.31800079 -35.00799942 343.21798706 -0.488421 -0.748255 0.448953
88.62000275 -53.74700165 345.01800537 -0.034550 0.993043 -0.112567
88.89600372 -53.44699860 345.01800537 0.000978 0.999999 0.000978
90.71800232 -35.01699829 342.31799316 -0.470633 -0.830252 0.298641
90.71800232 -34.87200165 342.61801147 -0.507239 -0.776254 0.374352
91.01799774 -35.06800079 342.61801147 -0.496954 -0.816760 0.293156
83.21800232 -34.84700012 335.38299561 -0.281022 -0.064851 0.957508
82.91799927 -34.84700012 335.27899170 -0.403407 -0.095000 0.910076
83.21800232 -35.14699936 335.34799194 -0.202292 -0.150753 0.967652
82.91799927 -35.14699936 335.20700073 -0.226067 -0.133056 0.964982
82.31800079 -34.84700012 335.08801270 -0.283837 -0.051721 0.957477
82.31800079 -35.14699936 335.06201172 -0.276398 -0.094728 0.956363
82.61799622 -34.84700012 335.16299438 -0.243910 -0.018023 0.969630
82.61799622 -35.14699936 335.15798950 -0.233894 -0.047758 0.971088
91.01799774 -35.16600037 342.31799316 -0.464785 -0.796084 0.387589
82.91799927 -47.70100021 351.61801147 0.332387 0.923612 -0.190946
91.70400238 -35.74700165 342.31799316 -0.632034 -0.772486 0.061627
91.31800079 -35.36500168 342.31799316 -0.542076 -0.741875 0.394684
91.54199982 -35.44699860 342.61801147 -0.658570 -0.697027 0.283618
91.31800079 -35.23600006 342.61801147 -0.685896 -0.727634 -0.009739
91.31800079 -35.24000168 342.91799927 -0.999999 0.000978 0.000978
91.67199707 -35.44699860 342.91799927 -0.606579 -0.717162 0.343132
91.61799622 -35.22399902 343.21798706 -0.620043 -0.723116 0.304385
93.71800232 -36.34000015 344.41799927 -0.782907 -0.495572 0.376118
93.91200256 -36.64699936 344.41799927 -0.817920 -0.327484 0.473033
93.95500183 -36.94699860 344.41799927 -0.849043 -0.239317 0.471013
93.72699738 -36.64699936 344.11801147 -0.000978 -0.999999 -0.000978
88.61799622 -53.72399902 345.31799316 -0.329483 0.941192 -0.074823
88.84799957 -53.44699860 345.31799316 -0.822253 0.521016 -0.229001
82.31800079 -33.94699860 335.10198975 -0.259336 -0.023133 0.965510
93.11799622 -35.94599915 344.41799927 -0.472494 -0.824117 0.312380
93.41799927 -36.09299850 344.41799927 -0.508312 -0.810467 0.291139
93.19100189 -36.04700089 344.11801147 -0.644872 -0.752600 0.133164
93.41799927 -36.24100113 344.11801147 -0.628857 -0.736030 0.250597
93.71800232 -36.64699936 344.10101318 -0.000978 -0.999999 -0.000978
93.72699738 -36.94699860 343.51800537 -0.945801 0.324454 -0.013780
88.72899628 -53.44699860 345.61801147 -0.791427 0.534491 -0.296587
82.31800079 -34.24700165 335.11401367 -0.257565 -0.013301 0.966169
82.31800079 -34.54700089 335.09399414 -0.252438 -0.043099 0.966653
82.61799622 -34.24700165 335.19000244 -0.283451 -0.059741 0.957124
82.61799622 -34.54700089 335.16900635 -0.279586 -0.043881 0.959117
92.21800232 -36.09899902 342.31799316 -0.999999 0.000978 0.000978
91.91799927 -35.92200089 342.31799316 -0.630724 -0.770562 0.091768
92.21800232 -36.04700089 342.49200439 -0.999999 0.000978 0.000978
92.21800232 -36.00799942 342.61801147 -0.999999 0.000978 0.000978
82.61799622 -33.64699936 335.23498535 -0.308263 -0.076741 0.948201
82.31800079 -33.64699936 335.12799072 -0.300340 -0.118801 0.946405
82.61799622 -33.94699860 335.20700073 -0.306866 -0.071214 0.949085
92.21800232 -36.33000183 341.71798706 -0.628811 -0.721613 0.289605
91.91799927 -35.95800018 342.01800537 -0.583388 -0.788570 0.194463
92.58000183 -36.64699936 341.71798706 -0.560008 -0.828486 0.001356
92.51799774 -36.60499954 341.71798706 -0.560008 -0.828486 0.001356
88.31800079 -53.82899857 345.31799316 0.007089 0.999482 -0.031392
88.31800079 -53.74700165 345.61801147 0.999999 -0.000978 -0.000978
82.01799774 -33.64699936 335.04400635 -0.283219 -0.001216 0.959055
81.71800232 -33.64699936 334.95098877 -0.269446 -0.006041 0.962997
82.01799774 -33.94699860 335.04598999 -0.225324 -0.022652 0.974020
81.71800232 -33.94699860 334.96398926 -0.293092 -0.016077 0.955949
93.60199738 -37.24700165 342.01800537 -0.561289 -0.814389 0.147394
93.41799927 -37.11999893 342.01800537 -0.529571 -0.766015 0.364384
75.74199677 -44.14699936 347.41799927 0.645071 0.717978 -0.261515
89.51799774 -35.41999817 339.01800537 -0.565582 -0.813670 0.134381
82.01799774 -33.04700089 335.06100464 -0.204093 -0.069661 0.976470
81.71800232 -33.04700089 335.00299072 -0.189003 -0.116406 0.975053
82.01799774 -33.34700012 335.04699707 -0.269248 -0.028277 0.962656
81.71800232 -33.34700012 334.96701050 -0.237821 -0.084307 0.967643
94.31800079 -38.14099884 341.11801147 -0.999999 -0.000978 -0.000978
94.01799774 -37.96799850 341.11801147 -0.999999 -0.000978 -0.000978
93.71800232 -37.80300140 341.11801147 -0.583788 -0.781997 0.218340
94.01799774 -37.91899872 341.41799927 -0.999999 0.000978 0.000978
93.71800232 -37.64400101 341.41799927 -0.589026 -0.713722 0.379011
94.01799774 -37.84700012 341.61499023 -0.999999 0.000978 0.000978
75.41799927 -44.00999832 347.11801147 0.516650 0.808738 -0.281095
75.11799622 -43.81999969 347.11801147 0.542333 0.793850 -0.275096
94.61799622 -38.26599884 341.11801147 -0.385523 -0.920151 0.068508
94.31800079 -38.18600082 341.41799927 -0.560102 -0.814014 -0.153841
75.41799927 -43.91999817 347.41799927 0.499906 0.778172 -0.380188
75.11799622 -43.69400024 347.41799927 0.595192 0.704008 -0.387452
94.61799622 -38.46500015 340.51800537 -0.376478 -0.833292 0.404832
94.31800079 -38.31000137 340.51800537 -0.498530 -0.785710 0.366234
94.31800079 -38.14699936 340.81799316 -0.438429 -0.863205 0.250314
94.61799622 -38.28900146 340.81799316 -0.534746 -0.801335 0.268157
94.99400330 -38.74700165 340.51800537 -0.657007 -0.695560 0.290754
94.91799927 -38.54000092 340.81799316 -0.529261 -0.757250 0.382696
95.21800232 -38.62300110 341.11801147 -0.562083 -0.723620 0.400546
95.00000000 -38.44699860 341.11801147 -0.000978 -0.000978 0.999999
94.91799927 -38.39199829 341.11801147 -0.481128 -0.811407 0.331867
95.51799774 -39.17900085 340.51800537 -0.536782 -0.772128 0.340123
95.81800079 -39.22999954 340.81799316 -0.544462 -0.777575 0.314543
95.51799774 -39.02000046 340.81799316 -0.549748 -0.745504 0.376830
95.21800232 -38.95899963 340.51800537 -0.681993 -0.720794 0.123863
95.21800232 -38.78699875 340.81799316 -0.587518 -0.712592 0.383450
95.81800079 -39.37699890 340.51800537 -0.469410 -0.809932 0.351660
96.11799622 -39.79999924 339.91799927 -0.549065 -0.751094 0.366586
96.11799622 -39.66400146 340.21798706 -0.522184 -0.774385 0.357284
96.41799927 -39.89300156 340.21798706 -0.629938 -0.745037 0.219312
85.31800079 -49.83800125 347.41799927 -0.000978 -0.000978 -0.999999
96.41799927 -39.84000015 340.51800537 -0.639796 -0.730970 0.237369
85.68199921 -49.84700012 347.41799927 0.408613 0.490010 -0.770016
85.61799622 -49.81600189 347.41799927 0.000978 0.000978 -0.999999
96.11799622 -39.52500153 340.51800537 -0.458591 -0.831098 0.314596
96.36000061 -39.64699936 340.81799316 -0.619081 -0.719298 0.315198
96.11799622 -39.43799973 340.81799316 -0.639295 -0.738844 0.213098
74.81800079 -43.58000183 347.11801147 0.528878 0.768247 -0.360672
85.31800079 -49.59999847 347.71798706 -0.001369 0.792878 -0.609379
85.61799622 -49.59999847 347.71798706 0.023830 0.755567 -0.654638
84.71800232 -50.11600113 347.41799927 -0.277787 0.753992 -0.595257
85.01799774 -49.95500183 347.41799927 -0.356963 0.770459 -0.528176
74.51799774 -43.36600113 347.11801147 0.553915 0.784319 -0.279325
74.51799774 -43.25000000 347.41799927 0.522492 0.795648 -0.306507
74.81800079 -43.42699814 347.41799927 0.521509 0.789440 -0.323750
74.51799774 -43.46300125 346.81799316 0.509211 0.793348 -0.333621
84.71800232 -49.87900162 347.71798706 -0.278212 0.925947 -0.255384
85.01799774 -49.74800110 347.71798706 -0.381276 0.812007 -0.441898
84.71800232 -49.79600143 348.01800537 -0.198986 0.951611 -0.234180
85.01799774 -49.63299942 348.01800537 -0.465908 0.819682 -0.333243
74.81800079 -43.85499954 346.51800537 0.545817 0.776308 -0.315325
74.51799774 -43.61700058 346.51800537 0.495977 0.806557 -0.321672
74.81800079 -43.70700073 346.81799316 0.494163 0.790339 -0.362171
74.21800232 -43.41099930 346.51800537 0.550251 0.781769 -0.293362
73.91799927 -43.19599915 346.51800537 0.545292 0.783758 -0.297288
74.21800232 -43.29000092 346.81799316 0.496037 0.799082 -0.339729
73.91799927 -43.09000015 346.81799316 0.545817 0.776308 -0.315325
91.01799774 -46.84700012 336.77099609 -0.227634 -0.089293 0.969644
90.71800232 -46.84700012 336.70700073 -0.229047 -0.081356 0.970010
91.01799774 -47.14699936 336.74600220 -0.243203 -0.081908 0.966511
90.71800232 -47.14699936 336.67199707 -0.214013 -0.064815 0.974678
90.41799927 -46.84700012 336.58898926 -0.339702 -0.024174 0.940223
90.11799622 -46.84700012 336.50399780 -0.246164 -0.025465 0.968894
90.41799927 -47.14699936 336.61499023 -0.261221 0.040855 0.964414
90.11799622 -47.14699936 336.50900269 -0.334293 0.016399 0.942327
73.91799927 -43.45800018 345.91799927 0.506325 0.809173 -0.298117
85.31800079 -45.04700089 335.58599854 0.270183 0.371689 0.888171
73.91799927 -43.31900024 346.21798706 0.504097 0.792152 -0.344066
74.21800232 -43.51499939 346.21798706 0.999999 0.000978 0.000978
85.01799774 -44.74700165 335.47799683 0.055773 0.667844 0.742208
84.71800232 -44.74700165 335.50399780 0.113907 0.744093 0.658293
84.71800232 -44.65299988 335.41799927 0.052440 0.596677 0.800766
85.01799774 -44.44699860 335.33599854 -0.132987 0.132987 0.982155
84.71800232 -44.44699860 335.27700806 -0.042245 0.321317 0.946029
84.41799927 -44.74700165 335.58099365 -0.000978 0.999999 -0.000978
84.11799622 -44.53699875 335.41799927 0.310427 0.791190 0.526929
83.81800079 -44.41899872 335.41799927 0.283153 0.631895 0.721480
83.51799774 -44.26699829 335.41799927 0.000978 0.000978 0.999999
82.91799927 -44.14699936 335.53399658 0.269285 0.709064 0.651701
82.91799927 -43.72200012 335.11801147 0.182549 0.744002 0.642757
83.21800232 -43.91199875 335.11801147 0.000978 0.000978 0.999999
73.61799622 -42.94699860 346.51800537 0.999999 0.000978 0.000978
73.31800079 -42.98600006 345.91799927 0.517177 0.761898 -0.389922
73.61799622 -43.19100189 345.91799927 0.533140 0.766490 -0.358127
73.61799622 -43.05500031 346.21798706 0.565697 0.764412 -0.309291
84.11799622 -49.89599991 347.71798706 0.262726 0.913008 -0.312077
84.41799927 -49.96900177 347.71798706 -0.028979 0.984136 -0.175035
84.41799927 -49.86500168 348.01800537 0.018996 0.940911 -0.338120
84.11799622 -49.78499985 348.01800537 0.267171 0.917045 -0.296054
73.31800079 -42.84199905 346.21798706 0.515917 0.803064 -0.298191
84.71800232 -33.94699860 335.85501099 -0.288532 -0.204899 0.935289
85.01799774 -33.94699860 335.94198608 -0.277411 -0.059536 0.958905
84.71800232 -33.64699936 335.96499634 -0.312236 -0.327175 0.891889
85.01799774 -33.64699936 336.07000732 -0.343369 -0.393087 0.852983
89.21800232 -33.57600021 343.21798706 -0.564566 -0.776476 0.279911
88.91799927 -33.34999847 343.21798706 -0.562055 -0.753186 0.341768
88.91799927 -33.49000168 342.91799927 -0.487713 -0.839356 0.240035
89.18800354 -33.64699936 342.91799927 -0.487154 -0.837535 0.247419
88.61799622 -33.36600113 342.61801147 -0.542454 -0.776077 0.321632
88.61799622 -33.48899841 342.31799316 -0.612805 -0.756260 0.229217
88.81300354 -33.64699936 342.31799316 -0.605265 -0.731160 0.314738
88.31800079 -33.15700150 342.61801147 -0.999999 0.000978 0.000978
88.31800079 -33.25600052 342.31799316 -0.999999 -0.000978 -0.000978
87.41799927 -32.85300064 341.71798706 -0.539786 -0.760240 0.361479
87.71800232 -32.87400055 342.01800537 -0.601806 -0.751067 0.271527
88.01799774 -33.11000061 342.01800537 -0.999999 -0.000978 -0.000978
88.01799774 -33.32300186 341.71798706 -0.471045 -0.770948 0.428667
87.71800232 -33.05899811 341.71798706 -0.486878 -0.770212 0.411974
87.71800232 -33.19400024 341.41799927 -0.538054 -0.780737 0.317723
87.71800232 -33.30199814 341.11801147 -0.469239 -0.812818 0.345169
87.11799622 -32.99599838 340.81799316 -0.591294 -0.742742 0.314175
87.41799927 -33.23400116 340.81799316 -0.999999 -0.000978 -0.000978
87.41799927 -33.33499908 340.51800537 -0.495835 -0.801945 0.333214
87.11799622 -33.14099884 340.51800537 -0.533937 -0.777656 0.331907
87.41799927 -32.97900009 341.41799927 -0.533898 -0.761088 0.368373
87.11799622 -32.77299881 341.41799927 -0.517818 -0.787147 0.335059
87.11799622 -32.88700104 341.11801147 -0.479511 -0.822243 0.306572
87.41799927 -33.14300156 341.11801147 -0.493626 -0.800345 0.340266
81.11799622 -43.05899811 335.11801147 0.243155 0.751427 0.613378
81.11799622 -43.24700165 335.33999634 0.198865 0.747671 0.633593
81.41799927 -43.16600037 335.11801147 -0.000978 -0.000978 0.999999
81.41799927 -43.54700089 335.49200439 0.244079 0.716491 0.653503
90.71800232 -38.14699936 337.26998901 -0.250728 -0.023014 0.967784
91.01799774 -38.14699936 337.36401367 -0.372050 -0.087939 0.924038
90.71800232 -37.84700012 337.30099487 -0.286910 -0.132112 0.948804
91.01799774 -37.84700012 337.43099976 -0.999999 0.000978 0.000978
91.91799927 -38.74700165 337.58898926 -0.263043 -0.061670 0.962811
92.21800232 -38.74700165 337.68600464 -0.383724 -0.154339 0.910459
91.91799927 -38.44699860 337.63299561 -0.999999 0.000978 0.000978
92.21800232 -38.44699860 337.77899170 -0.999999 -0.000978 -0.000978
94.91799927 -39.94699860 338.44100952 -0.414478 -0.385894 0.824193
95.21800232 -39.94699860 338.59500122 -0.532461 -0.394841 0.748723
83.21800232 -32.00400162 336.31799316 -0.494255 -0.787266 0.368679
94.91799927 -39.64699936 338.63800049 -0.515023 -0.448782 0.730306
82.91799927 -31.80699921 336.31799316 -0.534504 -0.778481 0.329049
83.21800232 -31.85799980 336.61801147 -0.545447 -0.788922 0.283000
82.91799927 -31.63699913 336.61801147 -0.508131 -0.733232 0.451856
83.81800079 -32.20999908 336.91799927 -0.501537 -0.828693 0.248454
95.21800232 -39.64699936 338.82998657 -0.488964 -0.603223 0.630108
95.21800232 -39.51499939 339.01800537 -0.999999 -0.000978 -0.000978
84.41799927 -32.62799835 336.91799927 -0.481451 -0.782966 0.393915
84.16600037 -32.44699860 336.91799927 -0.561516 -0.779795 0.276803
84.41799927 -32.50699997 337.21798706 -0.497798 -0.810700 0.308161
84.11799622 -32.33200073 337.21798706 -0.529317 -0.785180 0.321428
89.51799774 -34.48400116 341.41799927 -0.491271 -0.813519 0.311191
84.11799622 -49.70299911 348.31799316 0.239921 0.927030 -0.288189
84.41799927 -49.76100159 348.31799316 0.046541 0.957237 -0.285536
84.11799622 -49.59899902 348.61801147 0.219738 0.948559 -0.227927
84.41799927 -49.68899918 348.61801147 0.110586 0.958847 -0.261504
84.71800232 -51.83599854 343.21798706 0.526242 0.807321 0.267025
85.01799774 -51.79800034 342.91799927 0.000978 0.000978 0.999999
84.71800232 -51.68399811 342.91799927 0.294292 0.807336 0.511470
85.01799774 -52.04800034 343.21798706 0.486755 0.844619 0.222907
85.31800079 -52.18000031 343.21798706 0.325621 0.845993 0.422217
85.61799622 -52.27899933 343.21798706 0.288837 0.793906 0.535058
85.61799622 -52.07400131 342.91799927 0.280096 0.773824 0.568104
96.71800232 -38.71799850 343.81799316 -0.509158 -0.758008 0.407654
95.81800079 -38.30500031 343.51800537 0.000978 0.000978 0.999999
95.51799774 -38.35400009 343.51800537 0.107850 -0.660397 0.743131
95.81800079 -38.11000061 343.81799316 -0.273457 -0.842001 0.465032
95.51799774 -38.14699936 343.70199585 -0.202589 -0.651067 0.731484
88.01799774 -31.78800011 345.31799316 -0.680953 -0.702669 0.206302
88.07900238 -31.84700012 345.31799316 -0.680953 -0.702669 0.206302
90.11799622 -33.27299881 345.61801147 -0.515568 -0.805674 0.291682
90.41799927 -33.85699844 344.71798706 -0.501771 -0.763281 0.406974
90.11799622 -33.62599945 344.71798706 -0.527234 -0.767329 0.365008
90.33499908 -33.64699936 345.01800537 -0.525604 -0.792376 0.309646
90.11799622 -33.50299835 345.01800537 -0.479650 -0.815246 0.324515
90.71800232 -33.92800140 345.01800537 -0.999999 -0.000978 -0.000978
90.71800232 -34.27000046 344.11801147 -0.506841 -0.794637 0.334163
91.01799774 -34.49499893 344.11801147 -0.572270 -0.779228 0.255562
91.01799774 -34.38000107 344.41799927 -0.538846 -0.778688 0.321389
90.71800232 -34.15200043 344.41799927 -0.488485 -0.806717 0.332552
91.01799774 -34.24800110 344.71798706 -0.559932 -0.756795 0.337250
90.71800232 -34.02500153 344.71798706 -0.520855 -0.799488 0.299214
91.01799774 -34.11299896 345.01800537 -0.535908 -0.792005 0.292457
91.70200348 -47.74700165 347.71798706 0.000978 0.999999 0.000978
91.65200043 -47.74700165 348.01800537 -0.000978 0.999999 -0.000978
91.83499908 -47.44699860 348.01800537 0.000978 0.999999 0.000978
82.91799927 -32.74700165 335.43899536 -0.071820 -0.198418 0.977483
83.21800232 -32.74700165 335.47399902 -0.115030 0.171926 0.978371
82.91799927 -32.44699860 335.51901245 -0.999999 -0.000978 -0.000978
91.61799622 -34.91799927 344.11801147 -0.539221 -0.797041 0.271969
91.31800079 -34.70999908 344.11801147 -0.551941 -0.777808 0.300625
91.31800079 -34.56700134 344.41799927 -0.540989 -0.793345 0.279169
91.61799622 -34.78799820 344.41799927 -0.591778 -0.756778 0.277644
91.91799927 -35.11299896 344.11801147 -0.999999 0.000978 0.000978
91.91799927 -35.03799820 344.41799927 -0.999999 -0.000978 -0.000978
92.38600159 -35.44699860 344.11801147 -0.660486 -0.683095 0.311672
92.21800232 -35.28300095 344.11801147 -0.689650 -0.704874 0.165942
92.21800232 -35.21300125 344.41799927 -0.999999 -0.000978 -0.000978
91.91799927 -35.20399857 343.81799316 -0.562404 -0.789859 0.244591
92.21800232 -35.41899872 343.81799316 -0.585262 -0.743267 0.324071
92.51799774 -35.70800018 343.81799316 -0.631103 -0.711806 0.308288
92.81800079 -36.10300064 343.51800537 -0.000978 -0.000978 0.999999
92.73999786 -36.04700089 343.51800537 -0.471434 -0.803835 0.362765
92.81800079 -35.95000076 343.81799316 -0.261752 -0.883975 0.387394
93.29100037 -36.34700012 343.51800537 -0.651433 -0.658030 0.377666
93.11799622 -36.20399857 343.51800537 -0.000978 -0.000978 0.999999
93.42199707 -36.34700012 343.81799316 -0.822132 -0.505090 0.262647
93.11799622 -36.03799820 343.81799316 -0.281277 -0.958844 0.038754
91.36100006 -48.04700089 348.31799316 -0.811545 0.541542 -0.219378
91.32099915 -48.04700089 348.61801147 -0.000978 0.999999 -0.000978
93.53800201 -36.64699936 343.51800537 0.000978 -0.999999 0.000978
93.70600128 -36.94699860 343.81799316 -0.981287 -0.180921 -0.065898
93.57599640 -36.64699936 343.81799316 -0.000978 -0.999999 -0.000978
93.60199738 -36.94699860 342.91799927 -0.898212 -0.388692 0.205264
93.41799927 -36.74800110 342.91799927 -0.725515 -0.670988 0.152979
93.11799622 -36.46799850 342.91799927 -0.556567 -0.800161 0.223552
93.60099792 -36.94699860 343.21798706 -0.849715 -0.495543 0.180062
93.11799622 -36.38999939 343.21798706 -0.476070 -0.850881 0.222166
93.47299957 -36.64699936 343.21798706 -0.881039 -0.405368 0.243819
91.18800354 -48.34700012 348.31799316 -0.843001 0.483239 -0.236284
91.14299774 -48.34700012 348.61801147 -0.000978 0.999999 -0.000978
95.53700256 -38.74700165 341.71798706 -0.522655 -0.809726 0.266788
90.83300018 -48.94699860 348.31799316 -0.000978 0.999999 -0.000978
95.81800079 -38.92800140 341.71798706 -0.999999 0.000978 0.000978
91.01999664 -48.64699936 348.31799316 0.000978 0.999999 0.000978
95.81800079 -38.84700012 342.01800537 -0.999999 0.000978 0.000978
90.79199982 -48.94699860 348.61801147 0.000978 0.999999 0.000978
90.95700073 -48.64699936 348.61801147 -0.000978 0.999999 -0.000978
95.81800079 -38.77399826 342.31799316 -0.999999 -0.000978 -0.000978
91.06300354 -48.34700012 348.91799927 0.000978 0.999999 0.000978
91.25000000 -48.04700089 348.91799927 -0.000978 0.999999 -0.000978
91.02100372 -48.34700012 349.21798706 -0.000978 0.999999 -0.000978
91.18299866 -48.04700089 349.21798706 0.000978 0.999999 0.000978
96.11799622 -39.13499832 341.71798706 -0.527340 -0.775690 0.346722
96.41799927 -39.33700180 341.71798706 -0.529663 -0.774370 0.346132
96.41799927 -39.19699860 342.01800537 -0.560185 -0.765640 0.316208
90.86799622 -48.64699936 348.91799927 0.000978 0.999999 0.000978
96.11799622 -38.98799896 342.01800537 -0.485235 -0.825367 0.288645
90.79000092 -48.64699936 349.21798706 0.000978 0.999999 0.000978
90.70800018 -48.94699860 348.91799927 0.000978 0.999999 0.000978
90.61100006 -48.94699860 349.21798706 -0.000978 0.999999 -0.000978
90.74800110 -48.64699936 349.51800537 0.000978 0.999999 0.000978
97.01799774 -38.30500031 345.61801147 -0.619387 -0.779699 0.091815
97.23500061 -38.44699860 345.61801147 -0.000978 -0.000978 0.999999
97.01799774 -38.31999969 345.31799316 -0.999999 0.000978 0.000978
96.71800232 -38.15200043 345.31799316 -0.503533 -0.844203 0.183782
93.35199738 -47.74700165 341.11801147 0.000978 0.999999 0.000978
93.55300140 -47.44699860 341.11801147 -0.000978 0.999999 -0.000978
93.29799652 -47.74700165 341.41799927 0.000978 0.999999 0.000978
93.47299957 -47.44699860 341.41799927 0.000978 0.999999 0.000978
97.01799774 -38.43000031 345.01800537 -0.528879 -0.801951 0.277779
96.71800232 -38.19400024 345.01800537 -0.999999 -0.000978 -0.000978
73.31800079 -44.83200073 340.51800537 0.122293 0.990913 0.056003
73.61799622 -45.01399994 340.51800537 0.463515 0.884644 -0.050590
73.31800079 -44.79999924 340.81799316 0.361525 0.932355 -0.003806
73.61799622 -44.97999954 340.81799316 0.286119 0.958193 0.001218
96.71800232 -38.29600143 344.71798706 -0.626945 -0.737490 0.251094
96.89600372 -38.44699860 344.71798706 -0.635843 -0.749222 0.185390
91.64700317 -50.74700165 340.51800537 -0.000978 0.999999 -0.000978
91.81700134 -50.44699860 340.51800537 0.000978 0.999999 0.000978
91.56700134 -50.74700165 340.81799316 0.000978 0.999999 0.000978
91.73999786 -50.44699860 340.81799316 -0.000978 0.999999 -0.000978
75.41799927 -42.37099838 336.61801147 0.003915 0.901862 0.432006
84.71800232 -31.04400063 341.41799927 -0.552202 -0.773083 0.312114
76.01799774 -42.19400024 336.31799316 -0.000978 -0.000978 0.999999
75.71800232 -42.16999817 336.31799316 0.081937 0.815057 0.573558
76.01799774 -41.94400024 336.01800537 -0.000978 -0.000978 0.999999
75.71800232 -41.95000076 336.01800537 -0.015161 0.806312 0.591296
76.01799774 -41.74700165 335.75799561 0.116446 0.791541 0.599920
85.01799774 -31.26199913 341.41799927 -0.565893 -0.769934 0.294902
84.71800232 -49.66799927 348.61801147 -0.086908 0.968582 -0.233014
84.71800232 -49.73099899 348.31799316 -0.358442 0.911220 -0.202973
85.25499725 -49.24700165 348.31799316 -0.654467 0.627822 -0.421323
85.01799774 -49.49499893 348.31799316 -0.681366 0.661945 -0.312360
84.96199799 -49.54700089 348.31799316 -0.576994 0.745082 -0.334560
85.31800079 -49.38399887 348.01800537 -0.652491 0.622453 -0.432213
85.61799622 -49.54700089 347.78698730 0.023830 0.755567 -0.654638
85.31800079 -49.18399811 348.31799316 -0.638842 0.638842 -0.428675
92.21800232 -50.17100143 338.11801147 0.210288 0.916970 0.339036
91.91799927 -50.30899811 338.41799927 0.073183 0.802139 0.592636
92.21800232 -50.28200150 338.41799927 -0.084004 0.934707 0.345348
84.71800232 -31.16200066 341.11801147 -0.560606 -0.776591 0.287450
90.89199829 -48.04700089 350.41799927 -0.000978 0.999999 -0.000978
90.97100067 -48.04700089 350.11801147 0.000978 0.999999 0.000978
90.78900146 -48.34700012 350.11801147 -0.000978 0.999999 -0.000978
91.01799774 -50.56700134 339.01800537 0.343955 0.760577 0.550651
90.71800232 -50.45800018 339.01800537 0.000978 0.000978 0.999999
92.20200348 -45.64699936 351.01800537 -0.000978 0.999999 -0.000978
92.00900269 -45.94699860 351.01800537 -0.000978 0.999999 -0.000978
92.26699829 -45.64699936 350.71798706 -0.000978 0.999999 -0.000978
92.08599854 -45.94699860 350.71798706 -0.000978 0.999999 -0.000978
91.01799774 -50.26800156 338.71798706 -0.000978 -0.000978 0.999999
92.40899658 -45.34700012 351.01800537 0.000978 0.999999 0.000978
92.47399902 -45.34700012 350.71798706 0.000978 0.999999 0.000978
94.61799622 -38.14699936 344.37100220 -0.328198 -0.732382 0.596576
94.31800079 -37.84700012 344.37899780 -0.568783 -0.429490 0.701444
94.61799622 -37.84700012 344.63598633 -0.096438 -0.539764 0.836274
92.52700043 -45.04700089 351.31799316 -0.000978 0.999999 -0.000978
92.80300140 -44.44699860 351.61801147 0.000978 0.999999 0.000978
92.61799622 -44.74700165 351.61801147 0.000978 0.999999 0.000978
92.85500336 -44.44699860 351.31799316 -0.824556 0.517459 -0.228787
92.68299866 -44.74700165 351.31799316 0.000978 0.999999 0.000978
92.96900177 -44.44699860 351.01800537 -0.829109 0.524045 -0.194818
92.76300049 -44.74700165 351.01800537 0.000978 0.999999 0.000978
92.99500275 -44.44699860 350.71798706 -0.000978 0.999999 -0.000978
92.84400177 -44.74700165 350.71798706 0.000978 0.999999 0.000978
94.31800079 -41.74900055 352.21798706 -0.827519 0.555025 -0.084616
94.31800079 -41.95999908 351.61801147 -0.805802 0.562999 -0.183620
94.32599640 -42.04700089 351.31799316 -0.498446 0.828685 -0.254624
94.61799622 -41.43600082 352.21798706 -0.814592 0.577415 -0.055059
94.61799622 -41.44499969 351.91799927 -0.157410 0.986971 -0.033320
94.61699677 -41.44699860 351.91799927 -0.157410 0.986971 -0.033320
90.71800232 -50.72900009 339.31799316 0.261858 0.687178 0.677656
94.78800201 -41.14699936 352.21798706 -0.856836 0.506118 -0.098372
94.82199860 -41.14699936 351.91799927 0.000978 0.999999 0.000978
85.01799774 -31.36300087 341.11801147 -0.999999 0.000978 0.000978
96.06800079 -40.54700089 348.31799316 0.000978 0.999999 0.000978
96.02999878 -40.54700089 348.61801147 0.000978 0.999999 0.000978
95.68599701 -41.14699936 348.31799316 -0.000978 0.999999 -0.000978
95.88200378 -40.84700012 348.31799316 0.000978 0.999999 0.000978
95.58799744 -41.14699936 348.61801147 0.000978 0.999999 0.000978
95.80100250 -40.84700012 348.61801147 0.000978 0.999999 0.000978
95.54499817 -41.14699936 348.91799927 -0.000978 0.999999 -0.000978
95.72799683 -40.84700012 348.91799927 0.000978 0.999999 0.000978
95.62599945 -40.84700012 349.21798706 0.000978 0.999999 0.000978
95.93399811 -40.54700089 348.91799927 0.000978 0.999999 0.000978
95.87200165 -40.54700089 349.21798706 -0.000978 0.999999 -0.000978
96.07099915 -40.24700165 349.21798706 -0.918737 0.343280 -0.195143
95.47299957 -41.14699936 349.21798706 0.000978 0.999999 0.000978
95.20500183 -41.74700165 348.91799927 0.000978 0.999999 0.000978
95.40899658 -41.44699860 348.91799927 -0.000978 0.999999 -0.000978
95.10399628 -41.74700165 349.21798706 -0.000978 0.999999 -0.000978
95.31900024 -41.44699860 349.21798706 -0.000978 0.999999 -0.000978
90.11799622 -50.76800156 339.61801147 0.262366 0.666250 0.698051
96.11799622 -38.27600098 343.81799316 -0.513311 -0.772396 0.374053
96.41799927 -38.50299835 343.81799316 -0.557844 -0.755111 0.344408
96.11799622 -38.38100052 343.51800537 -0.181084 -0.953708 0.240104
96.41799927 -38.62300110 343.51800537 -0.554612 -0.766811 0.323121
90.11799622 -50.41600037 339.31799316 0.314751 0.711821 0.627887
90.41799927 -50.74700165 339.48498535 0.311354 0.637227 0.704983
90.41799927 -50.57500076 339.31799316 0.341247 0.651471 0.677595
93.60800171 -44.14699936 349.21798706 0.000978 0.999999 0.000978
93.69400024 -44.14699936 348.91799927 0.000978 0.999999 0.000978
94.16100311 -43.24700165 349.21798706 -0.000978 0.999999 -0.000978
93.98200226 -43.54700089 349.21798706 -0.000978 0.999999 -0.000978
94.23999786 -43.24700165 348.91799927 0.000978 0.999999 0.000978
94.02999878 -43.54700089 348.91799927 0.000978 0.999999 0.000978
91.38099670 -33.94699860 345.91799927 -0.531499 -0.708110 0.464853
93.81999969 -43.84700012 349.21798706 -0.000978 0.999999 -0.000978
93.87300110 -43.84700012 348.91799927 0.000978 0.999999 0.000978
92.81800079 -35.82600021 344.11801147 -0.999999 -0.000978 -0.000978
93.93199921 -43.84700012 348.61801147 0.000978 0.999999 0.000978
93.75299835 -44.14699936 348.61801147 0.000978 0.999999 0.000978
94.01399994 -43.84700012 348.31799316 0.000978 0.999999 0.000978
93.81800079 -44.14699936 348.31799316 -0.000978 0.999999 -0.000978
94.29799652 -43.24700165 348.61801147 0.000978 0.999999 0.000978
94.10199738 -43.54700089 348.61801147 0.000978 0.999999 0.000978
94.17900085 -43.54700089 348.31799316 0.000978 0.999999 0.000978
94.26999664 -43.54700089 348.01800537 -0.000978 0.999999 -0.000978
89.51799774 -51.03400040 340.21798706 -0.000978 -0.000978 0.999999
89.81800079 -51.15900040 340.21798706 0.000978 0.000978 0.999999
94.37400055 -43.24700165 348.31799316 0.000978 0.999999 0.000978
94.45800018 -43.24700165 348.01800537 0.000978 0.999999 0.000978
94.55599976 -43.24700165 347.71798706 -0.000978 0.999999 -0.000978
94.33699799 -43.54700089 347.71798706 -0.000978 0.999999 -0.000978
89.81800079 -50.90900040 339.91799927 0.422467 0.897212 -0.128577
89.51799774 -50.76800156 339.91799927 0.332693 0.709203 0.621567
94.82700348 -42.64699936 348.01800537 0.000978 0.999999 0.000978
94.62400055 -42.94699860 348.01800537 -0.000978 0.999999 -0.000978
94.90399933 -42.64699936 347.71798706 -0.000978 0.999999 -0.000978
94.69899750 -42.94699860 347.71798706 0.000978 0.999999 0.000978
94.78600311 -42.94699860 347.41799927 -0.000978 0.999999 -0.000978
94.87400055 -42.94699860 347.11801147 0.000978 0.999999 0.000978
94.97000122 -42.64699936 347.41799927 -0.000978 0.999999 -0.000978
95.05500031 -42.64699936 347.11801147 -0.000978 0.999999 -0.000978
95.45200348 -42.04700089 346.81799316 0.000978 0.999999 0.000978
95.27899933 -42.34700012 346.81799316 -0.000978 0.999999 -0.000978
89.21800232 -51.22399902 340.51800537 0.000978 0.000978 0.999999
95.33200073 -42.34700012 346.51800537 -0.000978 0.999999 -0.000978
88.91799927 -51.14500046 340.51800537 -0.227785 -0.861360 0.454062
95.37000275 -42.04700089 347.41799927 -0.000978 0.999999 -0.000978
95.15699768 -42.34700012 347.41799927 -0.000978 0.999999 -0.000978
95.41300201 -42.04700089 347.11801147 -0.000978 0.999999 -0.000978
95.20800018 -42.34700012 347.11801147 -0.000978 0.999999 -0.000978
89.21800232 -50.97299957 340.21798706 0.155780 0.757726 0.633707
95.52700043 -42.04700089 346.51800537 0.000978 0.999999 0.000978
95.83999634 -41.44699860 346.81799316 0.000978 0.999999 0.000978
95.68000031 -41.74700165 346.81799316 -0.000978 0.999999 -0.000978
95.94899750 -41.44699860 346.51800537 0.000978 0.999999 0.000978
95.74600220 -41.74700165 346.51800537 -0.000978 0.999999 -0.000978
96.01499939 -41.44699860 346.21798706 0.000978 0.999999 0.000978
95.80899811 -41.74700165 346.21798706 0.000978 0.999999 0.000978
96.05400085 -41.44699860 345.91799927 -0.000978 0.999999 -0.000978
95.89199829 -41.74700165 345.91799927 -0.000978 0.999999 -0.000978
96.38200378 -40.84700012 346.21798706 -0.000978 0.999999 -0.000978
96.22200012 -41.14699936 346.21798706 -0.000978 0.999999 -0.000978
96.48300171 -40.84700012 345.91799927 -0.000978 0.999999 -0.000978
96.28199768 -41.14699936 345.91799927 -0.000978 0.999999 -0.000978
94.91799927 -45.34700012 338.01400757 -0.999999 0.000978 0.000978
94.91799927 -45.04700089 338.02899170 -0.287541 -0.051935 0.956359
95.21800232 -45.04700089 338.10699463 -0.325940 0.008742 0.945350
96.54399872 -40.84700012 345.61801147 0.000978 0.999999 0.000978
96.32199860 -41.14699936 345.61801147 0.000978 0.999999 0.000978
96.60900116 -40.84700012 345.31799316 -0.000978 0.999999 -0.000978
96.41500092 -41.14699936 345.31799316 0.000978 0.999999 0.000978
96.88200378 -40.24700165 345.61801147 -0.000978 0.999999 -0.000978
96.73300171 -40.54700089 345.61801147 -0.000978 0.999999 -0.000978
96.94200134 -40.24700165 345.31799316 -0.000978 0.999999 -0.000978
96.79199982 -40.54700089 345.31799316 -0.000978 0.999999 -0.000978
96.75199890 -40.84700012 344.71798706 0.000978 0.999999 0.000978
88.61799622 -51.27199936 340.81799316 0.339808 0.710507 0.616206
88.31800079 -51.13499832 340.81799316 -0.000978 -0.000978 0.999999
88.61799622 -51.04700089 340.55398560 0.310830 0.723123 0.616829
97.04799652 -40.24700165 345.01800537 -0.000978 0.999999 -0.000978
96.84300232 -40.54700089 345.01800537 -0.000978 0.999999 -0.000978
97.12200165 -40.24700165 344.71798706 0.000978 0.999999 0.000978
96.90699768 -40.54700089 344.71798706 -0.000978 0.999999 -0.000978
97.23999786 -39.94699860 345.01800537 0.000978 0.999999 0.000978
97.31199646 -39.94699860 344.71798706 0.000978 0.999999 0.000978
97.42099762 -39.64699936 345.01800537 0.000978 0.999999 0.000978
97.52400208 -39.64699936 344.71798706 -0.898133 0.376542 -0.227097
97.57199860 -39.64699936 344.41799927 -0.981251 0.168596 -0.093395
97.37400055 -39.94699860 344.41799927 -0.000978 0.999999 -0.000978
97.58100128 -39.64699936 344.11801147 -0.882250 0.470085 -0.025592
97.42099762 -39.94699860 344.11801147 -0.000978 0.999999 -0.000978
95.67600250 -44.74700165 339.31799316 0.000978 0.999999 0.000978
95.84200287 -44.44699860 339.31799316 0.000978 0.999999 0.000978
95.62300110 -44.74700165 339.61801147 0.000978 0.999999 0.000978
95.78199768 -44.44699860 339.61801147 0.000978 0.999999 0.000978
95.78299713 -44.74700165 338.71798706 -0.000978 0.999999 -0.000978
95.92700195 -44.44699860 338.71798706 -0.851742 0.512769 0.107724
95.71900177 -44.74700165 339.01800537 -0.000978 0.999999 -0.000978
95.88999939 -44.44699860 339.01800537 -0.000978 0.999999 -0.000978
82.01799774 -34.24700165 335.02999878 -0.275518 -0.051581 0.959911
81.71800232 -34.24700165 334.94100952 -0.316001 -0.079984 0.945381
82.01799774 -34.54700089 335.01300049 -0.289104 -0.070670 0.954686
81.71800232 -34.54700089 334.91299438 -0.318359 -0.079917 0.944596
88.01799774 -35.04899979 337.51800537 -0.418896 -0.807298 0.415686
87.73600006 -34.84700012 337.51800537 -0.580443 -0.761732 0.287836
87.71800232 -34.70199966 337.81799316 -0.769645 0.555233 -0.315219
87.71800232 -34.53200150 338.11801147 -0.510870 -0.750700 0.418881
87.71800232 -34.36899948 338.41799927 -0.055506 -0.946183 0.318837
87.71800232 -34.26800156 338.71798706 -0.999999 0.000978 0.000978
88.01799774 -34.47600174 338.71798706 -0.529571 -0.766015 0.364384
87.71800232 -34.24700165 338.75201416 -0.556584 -0.783632 0.275927
88.01799774 -34.33200073 339.01800537 -0.999999 -0.000978 -0.000978
81.41799927 -39.64699936 334.52999878 -0.278728 -0.134696 0.950877
81.11799622 -39.64699936 334.42898560 -0.318359 -0.079917 0.944596
81.41799927 -39.94699860 334.47198486 -0.233615 -0.142257 0.961866
81.11799622 -39.94699860 334.40399170 -0.275079 -0.105599 0.955605
81.41799927 -39.04700089 334.56600952 -0.259932 0.025627 0.965287
81.41799927 -39.34700012 334.55700684 -0.279111 -0.056833 0.958576
79.01799774 -48.37900162 342.01800537 0.999999 0.000978 0.000978
79.01799774 -48.37500000 341.71798706 0.177561 0.984029 0.012601
80.21800232 -48.94699860 341.89700317 0.312390 0.671719 0.671719
80.21800232 -48.78400040 341.71798706 0.317642 0.730414 0.604648
80.51799774 -48.93500137 341.71798706 0.251259 0.731655 0.633680
80.51799774 -49.22200012 342.01800537 0.162108 0.932470 0.322831
80.81800079 -49.24700165 341.94000244 0.226863 0.736914 0.636781
80.81800079 -48.98400116 341.71798706 0.104310 0.642023 0.759556
81.11799622 -49.43299866 342.01800537 0.335184 0.746472 0.574832
81.11799622 -49.24700165 341.83300781 0.244850 0.684002 0.687161
81.41799927 -49.27899933 341.71798706 0.368580 0.290351 0.883088
94.77300262 -45.94699860 339.91799927 -0.000978 0.999999 -0.000978
94.68499756 -45.94699860 340.21798706 0.000978 0.999999 0.000978
94.91000366 -45.64699936 340.21798706 -0.000978 0.999999 -0.000978
83.21800232 -43.24700165 334.86599731 -0.003414 0.176380 0.984316
82.91799927 -43.24700165 334.85501099 -0.167416 0.220145 0.960993
83.21800232 -43.54700089 334.94799805 -0.096501 0.258622 0.961146
82.91799927 -43.54700089 334.91598511 0.017367 0.468922 0.883069
82.31800079 -43.24700165 334.82901001 0.201336 0.341272 0.918149
82.61799622 -43.54700089 334.95901489 0.078032 0.841323 0.534871
82.61799622 -43.24700165 334.76300049 -0.044434 0.133302 0.990079
83.21800232 -42.64699936 334.83300781 -0.255375 0.040712 0.965984
83.21800232 -42.94699860 334.84100342 -0.137334 0.054241 0.989039
82.91799927 -42.64699936 334.69400024 -0.276306 0.083534 0.957433
82.91799927 -42.94699860 334.77899170 -0.101847 0.259130 0.960458
82.61799622 -42.64699936 334.64999390 -0.140800 -0.003326 0.990032
82.31800079 -42.64699936 334.60800171 -0.089738 0.238880 0.966894
82.61799622 -42.94699860 334.77801514 -0.103480 0.016339 0.994497
82.31800079 -42.94699860 334.71701050 -0.157053 0.340513 0.927030
82.61799622 -42.04700089 334.66101074 -0.296904 -0.044220 0.953883
82.31800079 -42.04700089 334.57101440 -0.235607 -0.100611 0.966626
82.61799622 -42.34700012 334.65200806 -0.255884 -0.018191 0.966536
82.31800079 -42.34700012 334.56900024 -0.224990 0.060243 0.972497
82.01799774 -42.04700089 334.51501465 -0.184869 -0.192736 0.963679
81.71800232 -42.04700089 334.45700073 -0.212113 0.054543 0.975722
82.01799774 -42.34700012 334.41598511 0.134070 -0.310121 0.941196
81.71800232 -42.34700012 334.45901489 0.022437 -0.075860 0.996866
81.71800232 -41.44699860 334.47198486 -0.275742 -0.078234 0.958043
81.71800232 -41.74700165 334.42498779 -0.298120 -0.023700 0.954234
82.01799774 -41.44699860 334.56100464 -0.288538 -0.046620 0.956333
82.01799774 -41.74700165 334.53500366 -0.325590 -0.071917 0.942772
81.11799622 -39.04700089 334.47100830 -0.336413 0.003752 0.941707
81.41799927 -40.84700012 334.42401123 -0.280054 -0.083887 0.956312
81.11799622 -40.84700012 334.31399536 -0.285991 -0.073101 0.955440
81.41799927 -41.14699936 334.38101196 -0.297317 -0.054870 0.953201
81.11799622 -41.14699936 334.28698730 -0.268434 0.013361 0.963205
81.11799622 -39.34700012 334.45401001 -0.324906 -0.066547 0.943402
81.41799927 -40.24700165 334.44198608 -0.254137 -0.061343 0.965221
81.11799622 -40.24700165 334.36300659 -0.283871 -0.114869 0.951957
81.41799927 -40.54700089 334.43399048 -0.290546 -0.028680 0.956431
81.11799622 -40.54700089 334.33200073 -0.315284 -0.077186 0.945853
80.81800079 -40.24700165 334.26300049 -0.305829 -0.101943 0.946613
80.81800079 -40.54700089 334.23400879 -0.298813 -0.026256 0.953951
80.51799774 -40.24700165 334.16900635 -0.316102 -0.146419 0.937358
80.51799774 -40.54700089 334.14401245 -0.287551 -0.031120 0.957260
80.81800079 -39.64699936 334.30599976 -0.327817 -0.080309 0.941322
80.81800079 -39.94699860 334.29901123 -0.267190 -0.069647 0.961124
80.51799774 -39.94699860 334.23800659 -0.298330 -0.071031 0.951816
80.51799774 -39.64699936 334.21398926 -0.294171 0.001221 0.955752
92.81900024 -45.64699936 348.61801147 -0.000978 0.999999 -0.000978
92.63600159 -45.94699860 348.61801147 -0.000978 0.999999 -0.000978
92.86799622 -45.64699936 348.31799316 0.000978 0.999999 0.000978
92.68699646 -45.94699860 348.31799316 -0.000978 0.999999 -0.000978
80.21800232 -39.64699936 334.12100220 -0.315182 -0.042109 0.948097
79.91799927 -39.64699936 334.01400757 -0.279381 -0.008540 0.960142
80.21800232 -39.94699860 334.11898804 -0.208136 -0.095967 0.973381
79.91799927 -39.94699860 334.03698730 -0.308766 0.008680 0.951098
80.81800079 -39.04700089 334.35400391 -0.315384 -0.023874 0.948664
80.51799774 -39.04700089 334.25698853 -0.283451 -0.059741 0.957124
80.81800079 -39.34700012 334.35000610 -0.338975 -0.075181 0.937787
80.51799774 -39.34700012 334.23800659 -0.321719 -0.069033 0.944315
92.95200348 -45.64699936 348.01800537 -0.796821 0.543216 -0.264563
92.75099945 -45.94699860 348.01800537 0.000978 0.999999 0.000978
93.06700134 -45.64699936 347.71798706 -0.787109 0.580705 -0.207945
92.82099915 -45.94699860 347.71798706 0.000978 0.999999 0.000978
93.47899628 -45.04700089 347.41799927 0.000978 0.999999 0.000978
93.28399658 -45.34700012 347.41799927 0.000978 0.999999 0.000978
93.55999756 -45.04700089 347.11801147 -0.000978 0.999999 -0.000978
93.37100220 -45.34700012 347.11801147 -0.000978 0.999999 -0.000978
94.42500305 -46.24700165 340.51800537 0.000978 0.999999 0.000978
94.38700104 -46.24700165 340.81799316 -0.000978 0.999999 -0.000978
80.21800232 -39.04700089 334.17599487 -0.284479 -0.103566 0.953072
79.91799927 -39.04700089 334.07800293 -0.262999 -0.133482 0.955518
80.21800232 -39.34700012 334.14599609 -0.307922 -0.087791 0.947352
79.91799927 -39.34700012 334.04299927 -0.277561 -0.102945 0.955176
80.21800232 -38.44699860 334.21200562 -0.241796 -0.060759 0.968423
79.91799927 -38.44699860 334.14801025 -0.165344 -0.070182 0.983736
80.21800232 -38.74700165 334.21099854 -0.241252 -0.058148 0.968719
79.91799927 -38.74700165 334.12701416 -0.282534 -0.111700 0.952732
79.61799622 -39.04700089 334.01098633 -0.276945 -0.100116 0.955656
79.61799622 -39.34700012 333.97100830 -0.239124 -0.103578 0.965449
94.16100311 -45.34700012 343.81799316 0.000978 0.999999 0.000978
94.25199890 -45.34700012 343.51800537 0.000978 0.999999 0.000978
79.31800079 -38.74700165 333.91101074 -0.401476 -0.148957 0.903675
79.61799622 -38.44699860 334.11199951 -0.235194 -0.114384 0.965194
79.31800079 -38.44699860 334.00299072 -0.344535 -0.133147 0.929283
79.61799622 -38.74700165 334.03298950 -0.240322 -0.160657 0.957306
94.85600281 -44.74700165 342.61801147 0.000978 0.999999 0.000978
95.33300018 -44.44699860 341.41799927 -0.000978 0.999999 -0.000978
95.16899872 -44.74700165 341.41799927 -0.000978 0.999999 -0.000978
79.61799622 -37.84700012 334.07400513 -0.293888 0.044146 0.954820
79.31800079 -37.84700012 333.98098755 -0.294665 0.013562 0.955504
95.42199707 -44.44699860 341.11801147 -0.000978 0.999999 -0.000978
79.61799622 -38.14699936 334.10400391 -0.277368 0.062060 0.958757
95.22499847 -44.74700165 341.11801147 -0.000978 0.999999 -0.000978
79.31800079 -38.14699936 333.99600220 -0.279961 0.036084 0.959333
79.01799774 -37.84700012 333.88900757 -0.265993 0.088664 0.959889
78.71800232 -38.14699936 333.90100098 -0.091861 -0.278170 0.956129
95.56099701 -44.44699860 340.51800537 0.000978 0.999999 0.000978
95.86799622 -43.84700012 340.81799316 -0.825585 0.488484 -0.282478
95.69100189 -44.14699936 340.81799316 0.000978 0.999999 0.000978
95.99099731 -43.84700012 340.51800537 -0.826844 0.527547 -0.194996
95.75099945 -44.14699936 340.51800537 -0.000978 0.999999 -0.000978
94.24500275 -46.54700089 340.51800537 -0.000978 0.999999 -0.000978
79.01799774 -38.14699936 333.92999268 -0.158734 0.005629 0.987305
94.17900085 -46.54700089 340.81799316 -0.000978 0.999999 -0.000978
79.01799774 -37.54700089 333.87399292 -0.355463 0.045572 0.933579
94.11199951 -46.54700089 341.11801147 -0.000978 0.999999 -0.000978
94.30599976 -46.24700165 341.11801147 -0.000978 0.999999 -0.000978
94.01799774 -46.54700089 341.41799927 -0.000978 0.999999 -0.000978
94.19799805 -46.24700165 341.41799927 0.000978 0.999999 0.000978
93.63700104 -37.24700165 342.91799927 -0.951775 -0.111896 -0.285664
93.41799927 -36.97800064 342.31799316 -0.683626 -0.651150 0.329635
93.68099976 -37.24700165 342.31799316 -0.924386 -0.328828 0.193345
93.72699738 -37.24700165 342.61801147 -0.982456 -0.171540 -0.073174
93.73200226 -37.54700089 342.61801147 -0.989309 -0.016844 -0.144859
93.77600098 -37.54700089 342.31799316 -0.932474 -0.318236 -0.170930
93.84200287 -37.54700089 342.01800537 -0.942066 -0.334363 -0.026698
93.79299927 -37.54700089 341.71798706 -0.656906 -0.710725 0.251682
93.90699768 -37.84700012 342.01800537 -0.906477 -0.197436 -0.373255
94.01799774 -37.79100037 341.71798706 -0.855724 -0.504805 -0.113617
93.74299622 -47.14699936 341.11801147 -0.000978 0.999999 -0.000978
93.92099762 -46.84700012 341.11801147 -0.000978 0.999999 -0.000978
93.83999634 -46.84700012 341.41799927 0.000978 0.999999 0.000978
93.77100372 -46.84700012 341.71798706 0.000978 0.999999 0.000978
88.31800079 -33.70800018 341.11801147 -0.554038 -0.743620 0.374261
88.61799622 -33.93500137 341.11801147 -0.596576 -0.732382 0.328198
84.71800232 -49.58700180 348.91799927 -0.098227 0.952143 -0.289441
88.61799622 -33.82699966 341.41799927 -0.987454 -0.157223 -0.014704
88.31800079 -33.59099960 341.41799927 -0.416220 -0.846469 0.332040
93.67299652 -47.14699936 341.41799927 0.000000 0.000000 0.000000
82.91799927 -45.97299957 337.51800537 0.224733 0.827079 0.515204
82.91799927 -46.24700165 337.77398682 0.262302 0.659729 0.704241
83.21800232 -46.05500031 337.51800537 0.273035 0.688176 0.672209
87.71800232 -51.04700089 340.95401001 0.211625 0.770808 0.600891
88.08499908 -51.04700089 340.81799316 -0.000978 -0.000978 0.999999
88.01799774 -51.02399826 340.81799316 -0.000978 -0.000978 0.999999
93.60299683 -47.14699936 341.71798706 0.000978 0.999999 0.000978
93.51599884 -47.14699936 342.01800537 0.000978 0.999999 0.000978
93.70200348 -46.84700012 342.01800537 0.000978 0.999999 0.000978
90.11799622 -51.29299927 340.21798706 0.267785 0.743143 0.613212
90.11799622 -51.04700089 339.93899536 0.276198 0.716836 0.640203
90.41799927 -51.13899994 339.91799927 0.274255 0.765696 0.581802
93.26000214 -47.74700165 341.71798706 -0.000978 0.999999 -0.000978
93.42600250 -47.44699860 341.71798706 -0.000978 0.999999 -0.000978
93.18399811 -47.74700165 342.01800537 -0.826190 0.493225 -0.272285
93.34400177 -47.44699860 342.01800537 -0.000978 0.999999 -0.000978
93.25700378 -47.44699860 342.31799316 0.000978 0.999999 0.000978
93.17600250 -47.44699860 342.61801147 0.000978 0.999999 0.000978
92.73500061 -48.34700012 342.31799316 0.000978 0.999999 0.000978
92.88600159 -48.04700089 342.31799316 0.000978 0.999999 0.000978
92.69100189 -48.34700012 342.61801147 -0.861115 0.449475 -0.237601
92.81999969 -48.04700089 342.61801147 -0.000978 0.999999 -0.000978
87.11799622 -53.11100006 343.51800537 0.232332 0.817009 0.527748
87.11799622 -53.37300110 343.81799316 0.322924 0.945977 0.029126
87.41799927 -53.47499847 343.81799316 0.315255 0.925974 0.207814
75.59200287 -43.24700165 349.81799316 0.775341 0.622911 0.104063
75.41799927 -43.05899811 349.51800537 0.867987 -0.454093 0.200992
76.01799774 -43.43600082 349.81799316 0.437759 0.842803 -0.313130
76.23100281 -43.54700089 349.81799316 -0.000978 -0.000978 -0.999999
75.71800232 -43.30500031 349.81799316 0.419080 0.907789 0.017079
75.71800232 -43.29899979 349.51800537 0.999999 -0.000978 -0.000978
76.01799774 -43.54800034 349.51800537 0.693833 0.674867 -0.251297
92.19499969 -48.94699860 342.91799927 -0.000978 0.999999 -0.000978
92.40399933 -48.64699936 342.91799927 0.000978 0.999999 0.000978
92.13700104 -48.94699860 343.21798706 -0.000978 0.999999 -0.000978
92.30899811 -48.64699936 343.21798706 -0.000978 0.999999 -0.000978
77.21800232 -44.85200119 348.31799316 0.539658 0.771631 -0.336682
78.11799622 -45.58300018 348.01800537 0.500520 0.779126 -0.377415
78.41799927 -45.77399826 348.01800537 0.569116 0.752910 -0.330506
78.58799744 -45.94699860 348.01800537 0.633434 0.679502 -0.370189
78.41799927 -45.91799927 347.71798706 0.546618 0.774242 -0.318994
78.11799622 -45.72999954 347.71798706 0.517095 0.793939 -0.319803
79.31800079 -46.65299988 347.41799927 0.505891 0.804034 -0.312416
79.61799622 -46.85900116 347.41799927 0.584908 0.775198 -0.238643
79.31800079 -46.78300095 347.11801147 0.486095 0.797324 -0.357753
79.61799622 -46.97900009 347.11801147 0.528001 0.781571 -0.332208
79.91799927 -47.32099915 346.81799316 0.526542 0.769561 -0.361289
80.21800232 -47.52199936 346.81799316 0.528528 0.787204 -0.317756
80.21800232 -47.67300034 346.51800537 0.522379 0.779550 -0.345574
79.91799927 -47.47000122 346.51800537 0.549746 0.765776 -0.333717
90.71800232 -47.43700027 352.51800537 0.108947 0.993725 0.025311
90.66000366 -47.44699860 352.81799316 -0.641449 0.761264 -0.094975
90.47100067 -47.74700165 352.81799316 -0.826129 0.520721 -0.215313
90.71199799 -47.44699860 352.51800537 0.108947 0.993725 0.025311
90.54900360 -47.74700165 352.51800537 -0.853499 0.472823 -0.219039
81.71800232 -49.13299942 345.61801147 0.598872 0.725463 -0.339199
82.01799774 -49.36199951 345.61801147 0.999999 0.000978 0.000978
81.71800232 -49.24700165 345.31799316 0.556740 0.793784 -0.244841
82.01799774 -49.44300079 345.31799316 0.999999 -0.000978 -0.000978
90.23699951 -48.64699936 351.61801147 -0.000978 0.999999 -0.000978
90.26100159 -48.64699936 351.31799316 0.000978 0.999999 0.000978
90.01599884 -48.94699860 351.61801147 0.000978 0.999999 0.000978
90.06600189 -48.94699860 351.31799316 -0.000978 0.999999 -0.000978
82.61799622 -49.75099945 345.61801147 0.503812 0.807047 -0.307973
82.31800079 -49.56900024 345.61801147 0.999999 -0.000978 -0.000978
82.31800079 -49.65700150 345.31799316 0.999999 -0.000978 -0.000978
82.61799622 -49.87200165 345.31799316 0.555233 0.769645 -0.315219
82.31800079 -49.75600052 345.01800537 0.999999 0.000978 0.000978
89.37100220 -50.74700165 349.81799316 0.000978 0.999999 0.000978
82.61799622 -49.99700165 345.01800537 0.999999 0.000978 0.000978
89.43499756 -50.74700165 349.51800537 -0.000978 0.999999 -0.000978
82.61799622 -50.05799866 344.71798706 0.611618 0.741884 -0.274831
82.31800079 -49.84700012 344.71798706 0.507456 0.800157 -0.319745
89.57299805 -50.44699860 349.81799316 -0.000978 0.999999 -0.000978
89.64099884 -50.44699860 349.51800537 0.000978 0.999999 0.000978
89.49099731 -50.74700165 349.21798706 0.000978 0.999999 0.000978
89.19899750 -51.04700089 349.81799316 0.000978 0.999999 0.000978
89.01499939 -51.34700012 349.81799316 0.000978 0.999999 0.000978
89.23899841 -51.04700089 349.51800537 -0.000978 0.999999 -0.000978
89.06500244 -51.34700012 349.51800537 0.000978 0.999999 0.000978
82.91799927 -50.24100113 345.01800537 0.551941 0.777808 -0.300625
83.21800232 -50.45299911 345.01800537 0.533643 0.785332 -0.313814
82.91799927 -50.35499954 344.71798706 0.570818 0.783506 -0.245530
83.21800232 -50.56000137 344.71798706 0.504570 0.800628 -0.323116
89.31800079 -51.04700089 349.21798706 -0.000978 0.999999 -0.000978
89.15299988 -51.34700012 349.21798706 0.000978 0.999999 0.000978
89.38300323 -51.04700089 348.91799927 0.000978 0.999999 0.000978
89.19699860 -51.34700012 348.91799927 -0.000978 0.999999 -0.000978
88.96700287 -51.64699936 349.21798706 0.000978 0.999999 0.000978
89.01799774 -51.64699936 348.91799927 0.000978 0.999999 0.000978
88.89800262 -51.94699860 348.61801147 -0.000978 0.999999 -0.000978
84.41799927 -51.55699921 344.41799927 0.520879 0.775674 -0.356391
84.11799622 -51.35200119 344.41799927 0.560619 0.781708 -0.273203
84.11799622 -51.40999985 344.11801147 0.999999 -0.000978 -0.000978
84.41799927 -51.67399979 344.11801147 0.439694 0.874947 -0.202822
92.81800079 -41.44699860 337.82998657 -0.492118 0.282773 0.823322
92.59300232 -41.74700165 337.81799316 -0.488484 0.282478 0.825585
92.51799774 -41.44699860 337.65600586 -0.479512 0.208941 0.852298
81.41799927 -46.69400024 351.31799316 0.328361 0.902624 -0.278297
81.11799622 -46.58499908 351.31799316 0.356045 0.913705 -0.195896
81.97299957 -46.84700012 351.61801147 0.614688 0.618056 -0.490066
81.71800232 -46.83100128 351.31799316 0.345029 0.756473 -0.555611
82.03600311 -47.14699936 351.31799316 0.503800 0.802584 -0.319444
81.41799927 -46.78599930 351.01800537 0.999999 0.000978 0.000978
81.11799622 -46.64300156 351.01800537 0.999999 0.000978 0.000978
81.11799622 -46.74499893 350.71798706 0.999999 -0.000978 -0.000978
81.41799927 -46.88600159 350.71798706 0.999999 -0.000978 -0.000978
81.71800232 -47.05099869 351.01800537 0.572072 0.713854 -0.403913
82.01799774 -47.25500107 351.01800537 0.519914 0.772582 -0.364426
82.01799774 -47.41699982 350.71798706 0.481857 0.809456 -0.335551
81.71800232 -47.16899872 350.71798706 0.999999 0.000978 0.000978
82.61799622 -47.74800110 350.71798706 0.526607 0.777832 -0.343019
82.61799622 -47.63299942 351.01800537 0.487130 0.815037 -0.313718
82.31800079 -47.45299911 351.01800537 0.504050 0.799801 -0.325963
82.31800079 -47.56800079 350.71798706 0.457835 0.825992 -0.328823
82.31800079 -47.69100189 350.41799927 0.521981 0.794871 -0.309381
82.61799622 -47.89799881 350.41799927 0.553546 0.751589 -0.358750
82.61799622 -48.03499985 350.11801147 0.567331 0.760192 -0.316613
82.31800079 -47.80099869 350.11801147 0.999999 0.000978 0.000978
90.29399872 -51.04700089 345.31799316 0.000978 0.999999 0.000978
90.21499634 -51.04700089 345.61801147 0.000978 0.999999 0.000978
83.21800232 -48.33200073 350.41799927 0.553473 0.781840 -0.287045
82.91799927 -48.13199997 350.41799927 0.549131 0.759713 -0.348269
82.91799927 -48.25000000 350.11801147 0.519153 0.795399 -0.312762
83.21800232 -48.42699814 350.11801147 0.999999 0.000978 0.000978
83.21800232 -48.53200150 349.81799316 0.489219 0.804741 -0.336238
82.91799927 -48.36700058 349.81799316 0.516192 0.808021 -0.283984
82.91799927 -48.45999908 349.51800537 0.557961 0.782410 -0.276610
83.21800232 -48.67800140 349.51800537 0.562573 0.759232 -0.327227
83.81800079 -48.94200134 349.81799316 0.552116 0.756124 -0.351347
83.51799774 -48.72999954 349.81799316 0.520218 0.761574 -0.386495
83.51799774 -48.90399933 349.51800537 0.549746 0.765776 -0.333717
89.59500122 -51.94699860 345.91799927 0.000978 0.999999 0.000978
89.76200104 -51.64699936 345.91799927 -0.000978 0.999999 -0.000978
89.68399811 -51.64699936 346.21798706 -0.000978 0.999999 -0.000978
83.81800079 -49.10599899 349.51800537 0.512857 0.782951 -0.352087
84.11799622 -49.16699982 349.81799316 0.534626 0.770443 -0.347265
84.41799927 -49.35699844 349.81799316 0.516736 0.801178 -0.301824
84.41799927 -49.47600174 349.51800537 0.191379 0.972103 -0.135613
84.11799622 -49.29600143 349.51800537 0.491380 0.798692 -0.347327
84.41799927 -49.59899902 348.91799927 0.046304 0.959876 -0.276575
84.11799622 -49.55899811 348.91799927 0.130007 0.982953 -0.130007
84.41799927 -49.51800156 349.21798706 0.095967 0.973381 -0.208136
84.11799622 -49.42900085 349.21798706 0.428933 0.824628 -0.368788
86.24500275 -51.34700012 348.01800537 0.014760 0.481712 -0.876205
88.31800079 -53.39599991 343.21798706 -0.000978 -0.000978 0.999999
88.61799622 -53.52799988 343.21798706 0.129253 0.785920 0.604668
88.01799774 -53.25000000 343.21798706 0.000978 0.000978 0.999999
88.01799774 -53.74300003 343.81799316 0.379254 0.756880 0.532258
87.71800232 -53.59899902 343.81799316 0.365409 0.812197 0.454766
87.71800232 -53.39300156 343.51800537 0.357853 0.769141 0.529493
88.01799774 -53.53300095 343.51800537 0.378685 0.762245 0.524958
86.09100342 -51.64699936 348.01800537 -0.645976 0.659193 -0.384942
85.91799927 -51.81700134 348.01800537 -0.673971 0.683576 0.280154
86.21800232 -51.64699936 347.80499268 -0.001118 0.987489 -0.157685
85.91799927 -51.69400024 347.71798706 -0.186932 0.974806 0.121694
86.51799774 -51.55099869 348.01800537 0.413432 0.759866 -0.501675
86.81800079 -51.74399948 348.01800537 0.636820 0.752329 -0.168704
87.05699921 -51.94699860 348.01800537 0.631984 0.741215 -0.226266
86.85900116 -51.94699860 347.71798706 0.594082 0.696681 -0.402122
86.51799774 -51.69699860 347.71798706 0.081507 0.825078 -0.559109
86.51799774 -51.94699860 347.43099976 0.376719 0.784159 -0.493131
86.81800079 -52.09099960 347.41799927 0.471540 0.796629 -0.378197
86.81800079 -52.20399857 347.11801147 0.999999 -0.000978 -0.000978
86.51799774 -52.06700134 347.11801147 0.495620 0.845114 -0.200357
87.41799927 -52.49800110 347.41799927 0.467746 0.784972 -0.406243
87.11799622 -52.30699921 347.41799927 0.528759 0.779478 -0.335899
87.11799622 -52.42900085 347.11801147 0.560133 0.781030 -0.276122
87.11799622 -52.51800156 346.81799316 0.570300 0.765192 -0.298728
87.41799927 -52.63399887 347.11801147 0.670708 0.699115 -0.247768
87.63999939 -52.84700012 347.11801147 0.601054 0.747731 -0.282193
87.71800232 -52.75699997 347.41799927 0.472171 0.794472 -0.381927
88.01799774 -52.92900085 347.41799927 0.336153 0.927560 -0.163195
88.01799774 -53.09000015 347.11801147 0.052631 0.948644 -0.311936
89.51100159 -51.94699860 346.21798706 -0.000978 0.999999 -0.000978
87.41799927 -52.74000168 346.81799316 0.580917 0.756953 -0.299261
87.11799622 -52.66099930 346.51800537 0.571260 0.768575 -0.288017
87.41799927 -52.87099838 346.51800537 0.556533 0.778511 -0.290158
87.71800232 -52.98400116 346.81799316 0.530700 0.807723 -0.256790
87.71800232 -53.08900070 346.51800537 0.555516 0.775176 -0.300838
88.77500153 -52.84700012 346.81799316 -0.777684 0.604866 -0.171303
88.61799622 -53.08200073 346.81799316 -0.458219 0.704825 -0.541532
88.31800079 -53.14599991 346.81799316 -0.175638 0.978903 -0.104400
88.87599945 -52.84700012 346.51800537 0.000978 0.999999 0.000978
88.70600128 -53.14699936 346.51800537 0.826714 0.548704 0.124373
92.21800232 -36.45000076 341.41799927 -0.999999 -0.000978 -0.000978
89.60399628 -51.64699936 346.51800537 0.000978 0.999999 0.000978
92.21800232 -36.59500122 341.11801147 -0.503287 -0.801766 0.322294
88.31800079 -53.30300140 346.51800537 0.051495 0.853146 -0.519125
89.52500153 -51.64699936 346.81799316 0.000978 0.999999 0.000978
88.01799774 -53.18899918 346.81799316 -0.147408 0.932664 -0.329256
88.01799774 -53.30199814 346.51800537 0.006305 0.936983 -0.349319
89.41200256 -51.94699860 346.51800537 0.000978 0.999999 0.000978
89.34400177 -51.94699860 346.81799316 0.000978 0.999999 0.000978
89.07199860 -52.54700089 346.51800537 -0.000978 0.999999 -0.000978
89.26499939 -52.24700165 346.51800537 -0.000978 0.999999 -0.000978
89.00099945 -52.54700089 346.81799316 -0.000978 0.999999 -0.000978
89.22100067 -52.24700165 346.81799316 -0.842115 0.484484 -0.236893
91.05100250 -48.04700089 349.81799316 0.000978 0.999999 0.000978
90.84200287 -48.34700012 349.81799316 0.000978 0.999999 0.000978
91.13500214 -48.04700089 349.51800537 0.000978 0.999999 0.000978
90.94100189 -48.34700012 349.51800537 -0.000978 0.999999 -0.000978
88.94799805 -52.54700089 347.11801147 -0.000978 0.999999 -0.000978
89.09799957 -52.24700165 347.11801147 -0.849635 0.468291 -0.242535
89.05100250 -52.24700165 347.41799927 0.000978 0.999999 0.000978
88.31800079 -53.10699844 347.11801147 0.021969 0.983982 -0.176909
88.74500275 -52.84700012 347.11801147 -0.781723 0.599574 -0.171524
88.31800079 -53.03799820 347.41799927 0.298915 0.916961 -0.264258
88.61799622 -52.88000107 347.41799927 -0.465644 0.878920 -0.103319
88.89199829 -52.54700089 347.41799927 -0.825795 0.504738 -0.251597
84.41799927 -31.07099915 340.81799316 -0.563410 -0.801600 0.200018
84.68199921 -31.24699974 340.81799316 -0.532310 -0.794516 0.292218
90.71800232 -34.50500107 343.51800537 -0.999999 -0.000978 -0.000978
90.71800232 -34.40399933 343.81799316 -0.513185 -0.799171 0.312995
90.11799622 -33.38700104 345.31799316 -0.484720 -0.816287 0.314200
90.41799927 -33.58499908 345.31799316 -0.382259 -0.877837 0.288583
90.41799927 -33.48699951 345.61801147 -0.538176 -0.759299 0.365829
88.31800079 -52.93399811 347.71798706 -0.053511 0.935790 -0.348474
88.61799622 -52.84299850 347.71798706 -0.287651 0.950441 -0.117977
88.31800079 -52.82199860 348.01800537 0.382628 0.865140 -0.324235
84.41799927 -31.13100052 340.51800537 -0.470668 -0.848420 0.242188
97.29699707 -39.34700012 345.91799927 -0.831738 0.480387 -0.278282
97.27600098 -39.34700012 346.21798706 0.000978 0.999999 0.000978
84.11799622 -30.98299980 340.51800537 -0.436304 -0.846213 0.305879
95.33200073 -41.74700165 348.31799316 0.000978 0.999999 0.000978
95.27999878 -41.74700165 348.61801147 0.000978 0.999999 0.000978
95.45400238 -41.44699860 348.61801147 0.000978 0.999999 0.000978
91.82299805 -45.34700012 353.41799927 0.000978 0.999999 0.000978
82.01799774 -50.21599960 342.61801147 0.490652 0.831167 0.261578
82.31800079 -50.11600113 342.31799316 0.254217 0.731071 0.633174
96.70200348 -39.94699860 347.11801147 0.000978 0.999999 0.000978
96.64299774 -39.94699860 347.41799927 0.000978 0.999999 0.000978
95.81800079 -38.64500046 342.91799927 -0.314608 -0.923895 0.217806
96.73999786 -39.64699936 347.71798706 0.000978 0.999999 0.000978
95.84400177 -40.24700165 349.81799316 -0.000978 0.999999 -0.000978
95.69000244 -40.54700089 349.81799316 0.000978 0.999999 0.000978
95.93900299 -40.24700165 349.51800537 -0.827550 0.466380 -0.312490
84.78299713 -49.54700089 348.91799927 -0.503654 0.818632 -0.275996
95.78600311 -40.54700089 349.51800537 -0.000978 0.999999 -0.000978
84.71800232 -49.48600006 349.21798706 0.042287 0.996461 -0.072647
84.71800232 -49.53499985 349.51800537 0.135323 0.987273 0.083548
84.79499817 -49.54700089 349.81799316 0.470370 0.873134 -0.128021
84.11799622 -32.74700165 336.00500488 -0.587448 -0.577291 0.567133
83.51799774 -32.18299866 336.31799316 -0.497536 -0.750408 0.435138
83.81800079 -32.42399979 336.31799316 -0.437031 -0.798268 0.414454
83.81800079 -32.25799942 336.61801147 -0.638937 -0.724551 0.258429
84.28099823 -32.74700165 336.31799316 -0.702977 -0.690778 0.169263
84.11799622 -32.58100128 336.31799316 -0.705836 -0.693797 0.142973
84.35299683 -32.74700165 336.61801147 -0.624851 -0.766383 0.149061
84.11799622 -32.51900101 336.61801147 0.200404 -0.959549 0.197749
84.41799927 -32.79999924 336.61801147 -0.826108 -0.485670 0.285780
82.31800079 -47.14599991 351.61801147 0.651781 0.651781 -0.387768
82.31900024 -47.14699936 351.61801147 0.651781 0.651781 -0.387768
82.61799622 -47.38800049 351.61801147 0.606617 0.701966 -0.373176
82.31800079 -47.32400131 351.31799316 0.493130 0.769804 -0.405246
82.61799622 -47.51699829 351.31799316 0.504050 0.799801 -0.325963
88.61799622 -32.53099823 344.71798706 -0.467737 -0.806167 0.362376
88.31800079 -32.34500122 344.71798706 -0.517227 -0.801939 0.298948
88.31800079 -32.22999954 345.01800537 -0.506841 -0.794637 0.334163
88.61799622 -32.41400146 345.01800537 -0.493319 -0.819066 0.292859
88.91799927 -32.69300079 344.71798706 -0.999999 0.000978 0.000978
89.15599823 -32.74700165 345.01800537 -0.554739 -0.831416 0.031818
88.91799927 -32.59099960 345.01800537 -0.501924 -0.834506 0.227315
82.91799927 -47.88999939 351.01800537 0.516192 0.808021 -0.283984
83.21800232 -48.06700134 351.01800537 0.489413 0.801872 -0.342748
82.91799927 -47.97499847 350.71798706 0.579071 0.755519 -0.306378
88.61799622 -32.31700134 345.31799316 -0.999999 -0.000978 -0.000978
83.21800232 -48.20600128 350.71798706 0.536192 0.771279 -0.342969
88.61799622 -32.22800064 345.61801147 -0.567909 -0.788848 0.234943
88.91799927 -32.53099823 345.31799316 -0.999569 0.029192 -0.003020
88.92199707 -32.44699860 345.61801147 -0.585814 -0.778496 0.225313
88.91799927 -32.44400024 345.61801147 -0.585814 -0.778496 0.225313
89.21800232 -32.77899933 345.31799316 -0.587730 -0.808304 0.034901
83.51799774 -48.55699921 350.41799927 0.521119 0.804507 -0.284962
83.81800079 -48.71699905 350.41799927 0.454641 0.818987 -0.350089
83.51799774 -48.59999847 350.11801147 0.543261 0.806379 -0.233711
83.81800079 -48.82899857 350.11801147 0.999999 -0.000978 -0.000978
84.11799622 -48.88999939 350.41799927 0.519222 0.774790 -0.360706
84.41799927 -49.11800003 350.41799927 0.587815 0.769646 -0.249234
84.11799622 -49.02600098 350.11801147 0.538373 0.764717 -0.354065
84.41799927 -49.25000000 350.11801147 0.547790 0.777766 -0.308232
97.20500183 -38.74700165 348.01800537 -0.884328 0.437081 -0.164087
97.26100159 -38.74700165 347.71798706 -0.954127 0.224738 -0.197823
97.31800079 -38.51900101 348.01800537 -0.884328 0.437081 -0.164087
97.02999878 -39.04700089 348.01800537 -0.000978 0.999999 -0.000978
96.83499908 -39.34700012 348.01800537 0.000978 0.999999 0.000978
97.12599945 -39.04700089 347.71798706 -0.000978 0.999999 -0.000978
96.94000244 -39.34700012 347.71798706 0.000978 0.999999 0.000978
97.31800079 -38.79000092 347.41799927 -0.922179 0.332891 -0.196901
97.22000122 -39.04700089 347.41799927 -0.895188 0.379017 -0.234489
97.01599884 -39.34700012 347.41799927 -0.000978 0.999999 -0.000978
97.28299713 -39.04700089 347.11801147 -0.924656 0.324267 -0.199658
97.09100342 -39.34700012 347.11801147 0.000978 0.999999 0.000978
96.79799652 -39.64699936 347.41799927 -0.000978 0.999999 -0.000978
96.87899780 -39.64699936 347.11801147 0.000978 0.999999 0.000978
97.16799927 -39.34700012 346.81799316 -0.000978 0.999999 -0.000978
97.22100067 -39.34700012 346.51800537 -0.000978 0.999999 -0.000978
96.97399902 -39.64699936 346.81799316 0.000978 0.999999 0.000978
96.80400085 -39.94699860 346.81799316 -0.000978 0.999999 -0.000978
97.05300140 -39.64699936 346.51800537 -0.000978 0.999999 -0.000978
96.88200378 -39.94699860 346.51800537 -0.830102 0.488752 -0.268426
86.51799774 -51.04700089 348.83499146 -0.000978 0.999999 -0.000978
86.51999664 -51.34700012 348.61801147 0.960116 0.273778 -0.056774
86.81800079 -51.59999847 348.61801147 0.620637 0.746336 -0.240399
86.51799774 -51.40299988 348.31799316 0.999714 0.021185 -0.011097
86.81800079 -51.67699814 348.31799316 0.999999 -0.000978 -0.000978
96.74800110 -40.24700165 346.21798706 0.000978 0.999999 0.000978
96.80699921 -40.24700165 345.91799927 0.000978 0.999999 0.000978
96.56500244 -40.54700089 346.21798706 0.000978 0.999999 0.000978
96.66500092 -40.54700089 345.91799927 -0.000978 0.999999 -0.000978
96.14099884 -41.44699860 345.61801147 0.000978 0.999999 0.000978
96.20899963 -41.44699860 345.31799316 0.000978 0.999999 0.000978
96.66999817 -40.84700012 345.01800537 0.000978 0.999999 0.000978
96.51599884 -41.14699936 345.01800537 -0.000978 0.999999 -0.000978
96.56999969 -41.14699936 344.71798706 0.000978 0.999999 0.000978
91.13500214 -51.34700012 340.81799316 -0.000978 0.999999 -0.000978
91.20999908 -51.34700012 340.51800537 0.000978 0.999999 0.000978
90.97499847 -51.64699936 340.81799316 0.484633 0.867764 0.110079
90.71800232 -51.87799835 340.81799316 -0.223729 0.950508 0.215593
91.01799774 -51.63299942 340.51800537 -0.666972 0.735303 0.120322
90.71800232 -51.79299927 340.51800537 0.142492 0.952164 0.270335
87.41799927 -52.24800110 348.01800537 0.999999 0.000978 0.000978
87.11799622 -52.17100143 347.71798706 0.507897 0.759395 -0.406644
87.41799927 -52.32300186 347.71798706 0.501896 0.798254 -0.333004
91.35700226 -51.04700089 340.81799316 -0.000978 0.999999 -0.000978
91.41600037 -51.04700089 340.51800537 0.000978 0.999999 0.000978
91.01799774 -51.51200104 340.21798706 -0.000978 -0.000978 0.999999
90.71800232 -51.46500015 340.21798706 -0.000978 -0.000978 0.999999
91.01799774 -51.34999847 339.91799927 0.000978 0.000978 0.999999
91.21499634 -51.34700012 340.21798706 -0.641925 0.766706 -0.009705
90.71800232 -51.24700165 339.91799927 0.000978 0.000978 0.999999
87.71800232 -52.49000168 348.01800537 0.532156 0.784650 -0.318015
92.51799774 -49.90999985 337.81799316 -0.008848 0.936656 0.350140
92.51799774 -49.79800034 337.51800537 -0.182997 0.705847 0.684318
88.01799774 -52.68899918 348.01800537 0.434118 0.782062 -0.447125
87.71800232 -52.60499954 347.71798706 0.999999 -0.000978 -0.000978
88.01799774 -52.87599945 347.71798706 0.187707 0.967017 -0.172173
91.46900177 -51.04700089 340.21798706 0.000978 0.999999 0.000978
91.57399750 -51.04700089 339.91799927 0.663584 0.710647 0.233745
91.31800079 -51.26200104 339.91799927 -0.465342 0.853380 0.234945
90.87200165 -51.64699936 341.41799927 -0.821128 0.557665 -0.121486
90.71800232 -51.86500168 341.41799927 -0.815507 0.576891 0.046320
90.90699768 -51.64699936 341.11801147 0.000978 0.999999 0.000978
91.91000366 -50.44699860 340.21798706 0.000978 0.999999 0.000978
91.70800018 -50.74700165 340.21798706 0.000978 0.999999 0.000978
91.77999878 -50.74700165 339.91799927 -0.000978 0.999999 -0.000978
78.41799927 -46.99900055 340.51800537 0.000978 0.000978 0.999999
78.11799622 -47.14699936 340.81298828 0.171451 0.458669 0.871910
78.11799622 -46.86700058 340.51800537 0.000978 0.000978 0.999999
91.61799622 -50.99000168 339.61801147 -0.517797 0.826338 0.221477
91.61799622 -50.87699890 339.31799316 0.037498 0.934871 0.353001
91.31800079 -51.04700089 339.55099487 -0.101276 0.862988 0.494970
91.31800079 -50.86500168 339.31799316 0.098152 0.754452 0.648975
91.82399750 -50.74700165 339.61801147 -0.747230 0.651775 -0.129758
92.04599762 -50.44699860 339.61801147 0.000978 0.999999 0.000978
92.08399963 -50.44699860 339.31799316 -0.838138 0.535196 -0.105308
91.91799927 -50.70700073 339.31799316 -0.795929 0.602286 -0.061225
91.31800079 -50.72800064 339.01800537 0.252562 0.816566 0.519069
91.31800079 -50.38399887 338.71798706 0.000978 0.000978 0.999999
91.61799622 -50.49200058 338.71798706 0.000978 0.000978 0.999999
95.51699829 -43.84700012 342.01800537 0.000978 0.999999 0.000978
95.31999969 -44.14699936 342.01800537 0.000978 0.999999 0.000978
95.42099762 -44.14699936 341.71798706 -0.000978 0.999999 -0.000978
92.93699646 -49.54700089 338.41799927 0.000978 0.999999 0.000978
92.92500305 -49.54700089 338.11801147 -0.000978 0.999999 -0.000978
95.02200317 -44.44699860 342.61801147 0.000978 0.999999 0.000978
95.09899902 -44.44699860 342.31799316 0.000978 0.999999 0.000978
94.92900085 -44.74700165 342.31799316 -0.000978 0.999999 -0.000978
95.19200134 -44.44699860 342.01800537 -0.000978 0.999999 -0.000978
94.99800110 -44.74700165 342.01800537 0.000978 0.999999 0.000978
95.25199890 -44.44699860 341.71798706 -0.000978 0.999999 -0.000978
95.06900024 -44.74700165 341.71798706 0.000978 0.999999 0.000978
94.80300140 -45.04700089 342.01800537 0.000978 0.999999 0.000978
94.64199829 -45.34700012 342.01800537 -0.000978 0.999999 -0.000978
94.88999939 -45.04700089 341.71798706 -0.000978 0.999999 -0.000978
94.71800232 -45.34700012 341.71798706 -0.000978 0.999999 -0.000978
94.94499969 -45.04700089 341.41799927 0.000978 0.999999 0.000978
95.02400208 -45.04700089 341.11801147 -0.000978 0.999999 -0.000978
94.31300354 -46.54700089 340.21798706 0.000978 0.999999 0.000978
94.51000214 -46.24700165 340.21798706 0.000978 0.999999 0.000978
94.58399963 -46.24700165 339.91799927 -0.000978 0.999999 -0.000978
94.41000366 -46.54700089 339.91799927 -0.000978 0.999999 -0.000978
94.13899994 -46.84700012 340.21798706 0.000978 0.999999 0.000978
93.93199921 -47.14699936 340.21798706 -0.000978 0.999999 -0.000978
94.21399689 -46.84700012 339.91799927 0.000978 0.999999 0.000978
94.03800201 -47.14699936 339.91799927 -0.000978 0.999999 -0.000978
86.21800232 -36.04700089 336.13699341 -0.336015 -0.112005 0.935173
86.21800232 -36.34700012 336.08999634 -0.306922 -0.068637 0.949256
85.91799927 -36.04700089 336.00799561 -0.240471 -0.097970 0.965700
85.91799927 -36.34700012 335.99499512 -0.212320 0.010557 0.977143
84.71800232 -36.64699936 335.64700317 -0.327513 -0.031859 0.944309
84.71800232 -36.94699860 335.63800049 -0.289025 -0.001220 0.957321
85.01799774 -36.64699936 335.75299072 -0.290565 -0.052023 0.955440
85.01799774 -36.94699860 335.72698975 -0.294524 -0.070737 0.953023
78.41799927 -39.64699936 333.61199951 -0.222553 0.020232 0.974711
78.11799622 -39.64699936 333.57598877 -0.123857 0.025664 0.991968
78.41799927 -39.94699860 333.60900879 -0.175006 0.080865 0.981241
78.11799622 -39.94699860 333.58200073 -0.089544 0.020498 0.995772
77.81800079 -40.54700089 333.76501465 -0.004126 0.612029 0.790824
77.81800079 -40.32600021 333.61801147 0.133862 0.548689 0.825240
77.51799774 -40.54700089 333.89199829 0.347808 0.664590 0.661324
77.51799774 -40.24700165 333.61401367 0.236508 0.624944 0.743982
79.91799927 -36.34700012 334.21499634 -0.999999 -0.000978 -0.000978
80.21800232 -36.34700012 334.35598755 -0.255245 -0.069155 0.964400
79.91799927 -36.04700089 334.25201416 -0.402130 -0.112708 0.908619
80.21800232 -36.04700089 334.38500977 -0.259820 0.013293 0.965565
88.61799622 -53.69300079 343.51800537 -0.243392 0.932768 -0.265902
88.31800079 -53.74700165 343.60198975 0.268563 0.643598 0.716698
79.91799927 -36.94699860 334.23400879 -0.270020 -0.043552 0.961869
80.21800232 -36.94699860 334.32101440 -0.285176 -0.054500 0.956924
79.91799927 -36.64699936 334.25201416 -0.342109 0.029470 0.939198
80.21800232 -36.64699936 334.34201050 -0.297317 -0.054870 0.953201
79.37400055 -36.94699860 333.91799927 -0.525101 0.291723 0.799479
79.61799622 -36.94699860 334.07800293 -0.570092 0.020706 0.821320
79.49099731 -36.64699936 333.91799927 -0.635638 0.117052 0.763062
79.61799622 -36.64699936 334.08401489 -0.793434 -0.012419 0.608529
89.10299683 -53.44699860 343.81799316 -0.706122 0.697165 -0.123907
88.91799927 -53.63399887 343.81799316 -0.710677 0.702132 0.044150
89.21800232 -53.37300110 343.51800537 -0.764616 0.641245 0.064555
88.91799927 -53.61500168 343.51800537 -0.251185 0.966000 0.061234
89.31900024 -53.14699936 343.81799316 0.000978 0.999999 0.000978
89.40699768 -53.14699936 343.51800537 -0.747873 0.626597 -0.219231
89.54299927 -52.84700012 343.81799316 -0.000978 0.999999 -0.000978
89.60399628 -52.84700012 343.51800537 0.000978 0.999999 0.000978
80.51799774 -38.74700165 334.27600098 -0.248802 -0.063763 0.966453
80.81800079 -38.74700165 334.36499023 -0.280111 -0.097713 0.954982
80.51799774 -38.44699860 334.29699707 -0.283766 -0.086814 0.954956
80.81800079 -38.44699860 334.41500854 -0.343782 -0.078313 0.935778
81.11799622 -38.74700165 334.45199585 -0.282763 -0.059596 0.957337
81.11799622 -38.44699860 334.50799561 -0.280737 -0.100543 0.954504
90.69699860 -50.74700165 344.41799927 0.000978 0.999999 0.000978
90.11799622 -37.54700089 337.18301392 -0.274984 -0.064627 0.959274
90.11799622 -37.24700165 337.18701172 -0.300340 -0.118801 0.946405
90.41799927 -37.54700089 337.27099609 -0.271987 -0.105411 0.956510
90.41799927 -37.24700165 337.28298950 -0.321720 -0.128960 0.938011
91.93800354 -48.64699936 344.71798706 -0.000978 0.999999 -0.000978
92.20300293 -48.04700089 345.01800537 -0.000978 0.999999 -0.000978
92.03900146 -48.34700012 345.01800537 -0.824476 0.510097 -0.245031
92.27300262 -48.04700089 344.71798706 0.000978 0.999999 0.000978
92.08899689 -48.34700012 344.71798706 0.000978 0.999999 0.000978
92.42299652 -47.74700165 345.01800537 0.000978 0.999999 0.000978
92.48000336 -47.74700165 344.71798706 -0.000978 0.999999 -0.000978
92.60199738 -47.44699860 345.01800537 0.000978 0.999999 0.000978
92.68000031 -47.44699860 344.71798706 -0.000978 0.999999 -0.000978
92.91799927 -46.84700012 345.01800537 0.000978 0.999999 0.000978
92.76000214 -47.14699936 345.01800537 0.000978 0.999999 0.000978
93.01899719 -46.84700012 344.71798706 0.000978 0.999999 0.000978
92.83399963 -47.14699936 344.71798706 -0.000978 0.999999 -0.000978
90.71800232 -37.54700089 337.35299683 -0.247057 -0.146649 0.957840
91.01799774 -37.54700089 337.48300171 -0.444917 -0.267562 0.854669
90.71800232 -37.24700165 337.39199829 -0.367882 -0.174708 0.913313
91.01799774 -37.24700165 337.61700439 -0.499772 -0.443692 0.743885
91.01799774 -36.94900131 337.81799316 -0.748767 -0.370305 0.549748
91.31800079 -37.54700089 337.66400146 -0.428604 -0.340685 0.836799
91.61799622 -37.54700089 337.78900146 -0.395520 -0.321648 0.860294
91.31800079 -37.24700165 337.79098511 -0.471714 -0.344653 0.811603
91.68099976 -37.54700089 337.81799316 -0.395520 -0.321648 0.860294
91.61799622 -37.29600143 338.11801147 -0.466666 -0.824914 0.318967
91.56700134 -37.24700165 338.11801147 -0.663570 -0.689277 0.290814
91.31800079 -36.95500183 338.11801147 -0.601825 -0.671843 0.431780
94.85600281 -43.54700089 345.61801147 0.000978 0.999999 0.000978
91.61799622 -37.16899872 338.41799927 -0.334571 -0.896652 0.289962
95.81800079 -42.04700089 338.52200317 -0.261745 -0.030721 0.964648
95.03199768 -43.24700165 345.61801147 0.000978 0.999999 0.000978
95.12699890 -43.24700165 345.31799316 0.000978 0.999999 0.000978
94.93699646 -43.54700089 345.31799316 0.000978 0.999999 0.000978
95.81800079 -42.34700012 338.49200439 -0.252869 -0.112818 0.960900
95.51799774 -42.04700089 338.41198730 -0.304202 -0.121949 0.944769
95.51799774 -42.34700012 338.36300659 -0.280662 -0.103127 0.954250
96.60500336 -40.24700165 346.81799316 0.000978 0.999999 0.000978
96.38899994 -40.54700089 346.81799316 0.000978 0.999999 0.000978
96.69999695 -40.24700165 346.51800537 -0.000978 0.999999 -0.000978
96.48000336 -40.54700089 346.51800537 -0.000978 0.999999 -0.000978
97.15000153 -39.64699936 346.21798706 -0.000978 0.999999 -0.000978
96.99700165 -39.94699860 346.21798706 -0.832406 0.522323 -0.185146
97.17199707 -39.64699936 345.91799927 0.000978 0.999999 0.000978
97.01499939 -39.94699860 345.91799927 -0.000978 0.999999 -0.000978
97.34999847 -39.04700089 346.81799316 -0.000978 0.999999 -0.000978
97.38300323 -39.04700089 346.51800537 -0.000978 0.999999 -0.000978
92.94499969 -43.54700089 353.41799927 -0.805089 0.549554 -0.223208
95.21800232 -42.04700089 338.32998657 -0.282490 -0.081264 0.955822
94.91799927 -42.04700089 338.23498535 -0.298350 -0.110058 0.948090
95.21800232 -42.34700012 338.28601074 -0.260278 -0.107478 0.959533
94.91799927 -42.34700012 338.20098877 -0.023388 -0.017287 0.999577
94.50900269 -42.64699936 349.21798706 -0.000978 0.999999 -0.000978
94.33999634 -42.94699860 349.21798706 0.000978 0.999999 0.000978
94.60700226 -42.64699936 348.91799927 -0.000978 0.999999 -0.000978
94.41799927 -42.94699860 348.91799927 0.000978 0.999999 0.000978
91.91799927 -49.77799988 337.81799316 0.370999 0.925490 0.076343
92.21800232 -49.91299820 337.81799316 -0.010571 0.976049 0.217291
92.12699890 -49.84700012 337.51800537 -0.875870 0.342732 0.339685
88.01799774 -32.58100128 343.51800537 -0.524795 -0.794327 0.305998
87.71800232 -32.33900070 343.51800537 -0.554144 -0.774524 0.305019
88.01799774 -32.49399948 343.81799316 -0.555667 -0.780467 0.286541
87.71800232 -32.27399826 343.81799316 -0.560749 -0.768434 0.308332
93.11799622 -37.85400009 339.31799316 -0.543804 -0.774800 0.322432
93.41799927 -38.10699844 339.31799316 -0.582692 -0.738509 0.339227
93.41799927 -37.95999908 339.61801147 -0.545007 -0.778354 0.311661
93.11799622 -37.76900101 339.61801147 -0.999999 0.000978 0.000978
84.30200195 -48.34700012 352.21798706 0.588962 0.806469 -0.052258
84.11799622 -48.26200104 351.91799927 0.605448 0.728152 -0.321291
84.27600098 -48.34700012 351.91799927 0.472216 0.880473 -0.042186
93.41799927 -37.86800003 339.91799927 -0.999999 -0.000978 -0.000978
93.11799622 -37.68399811 339.91799927 -0.525741 -0.805090 0.274641
93.11799622 -37.56499863 340.21798706 -0.547782 -0.761078 0.347413
93.41799927 -37.77899933 340.21798706 -0.560952 -0.773891 0.293983
93.71800232 -38.09299850 339.91799927 -0.592297 -0.757442 0.274712
93.71800232 -37.99800110 340.21798706 -0.999999 -0.000978 -0.000978
94.01799774 -38.38199997 339.91799927 -0.447067 -0.826206 0.342804
94.01799774 -38.21500015 340.21798706 -0.539535 -0.754698 0.373274
93.71800232 -37.88499832 340.51800537 -0.999999 -0.000978 -0.000978
94.01799774 -38.08499908 340.51800537 -0.553473 -0.781840 0.287045
94.01799774 -37.99399948 340.81799316 -0.999999 -0.000978 -0.000978
93.71800232 -37.80899811 340.81799316 -0.999999 -0.000978 -0.000978
95.81800079 -38.74700165 342.44000244 -0.999999 -0.000978 -0.000978
95.81800079 -38.71599960 342.61801147 -0.999999 -0.000978 -0.000978
96.41799927 -39.08900070 342.31799316 -0.501741 -0.805635 0.314973
96.11799622 -38.92699814 342.31799316 -0.999999 -0.000978 -0.000978
96.11799622 -38.84099960 342.61801147 -0.999999 0.000978 0.000978
96.41799927 -38.96300125 342.61801147 -0.423598 -0.866934 0.262661
96.11799622 -38.42699814 343.21798706 -0.417706 -0.798318 0.433833
96.11799622 -38.74700165 342.91799927 -0.309190 -0.907056 0.285745
96.41799927 -38.90800095 342.91799927 -0.490129 -0.822102 0.289693
96.41799927 -38.75500107 343.21798706 -0.508974 -0.777196 0.370016
94.61799622 -41.44699860 338.18899536 -0.148684 -0.062049 0.986936
94.31800079 -41.44699860 338.18200684 -0.019168 0.147707 0.988845
94.61799622 -41.74700165 338.17001343 -0.358738 -0.125077 0.925021
85.01799774 -31.46800041 340.81799316 -0.553546 -0.751589 0.358750
95.21800232 -41.44699860 338.35998535 -0.253118 -0.098935 0.962363
94.91799927 -41.44699860 338.27200317 -0.273210 -0.069891 0.959412
95.21800232 -41.74700165 338.33700562 -0.271910 -0.048869 0.961081
94.91799927 -41.74700165 338.27099609 -0.268409 -0.059226 0.961483
95.21800232 -40.84700012 338.40100098 -0.270820 -0.085995 0.958781
84.71800232 -31.27300072 340.81799316 -0.560606 -0.776591 0.287450
94.91799927 -40.84700012 338.32800293 -0.264782 -0.058980 0.962503
95.21800232 -41.14699936 338.39801025 -0.208806 -0.067160 0.975648
94.91799927 -41.14699936 338.31399536 -0.301663 -0.087495 0.949391
92.65299988 -49.84700012 338.11801147 -0.720277 0.681343 0.130279
92.51799774 -50.03499985 338.41799927 -0.750060 0.657567 0.070815
92.68199921 -49.84700012 338.41799927 -0.783925 0.620780 0.009678
78.41799927 -42.04899979 335.11801147 0.307310 0.738508 0.600139
78.11799622 -41.91199875 335.11801147 -0.000978 -0.000978 0.999999
84.71800232 -31.41799927 340.51800537 -0.589567 -0.738170 0.327896
78.11799622 -42.17599869 335.41799927 -0.000978 -0.000978 0.999999
78.41799927 -42.28400040 335.41799927 0.310482 0.731966 0.606486
77.51799774 -41.68700027 335.11801147 0.287271 0.685279 0.669230
77.81800079 -41.79100037 335.11801147 0.000978 0.000978 0.999999
77.81800079 -42.09700012 335.41799927 0.000978 0.000978 0.999999
77.51799774 -41.95500183 335.41799927 0.364720 0.769965 0.523576
91.91799927 -50.14699936 338.23800659 0.112266 0.876814 0.467539
76.91799927 -41.46699905 335.11801147 0.204871 0.862850 0.462081
77.21800232 -41.53799820 335.11801147 0.162970 0.686910 0.708234
77.21800232 -41.74700165 335.32101440 0.265366 0.672155 0.691223
76.91799927 -41.72900009 335.41799927 0.267785 0.743143 0.613212
77.21800232 -42.12599945 335.71798706 0.000978 0.000978 0.999999
76.91799927 -42.03499985 335.71798706 0.297943 0.690905 0.658695
76.91799927 -42.30899811 336.01800537 0.000978 0.000978 0.999999
89.81800079 -33.44300079 344.71798706 -0.541279 -0.764253 0.350619
89.81800079 -33.34099960 345.01800537 -0.999999 0.000978 0.000978
89.51799774 -33.20999908 344.71798706 -0.589096 -0.717088 0.372492
89.21800232 -32.79199982 345.01800537 -0.587730 -0.808304 0.034901
89.48799896 -33.04700089 345.01800537 -0.703100 -0.674913 0.223927
89.35600281 -33.04700089 344.71798706 -0.656617 -0.653326 0.376855
88.31800079 -32.88499832 343.21798706 -0.495306 -0.801090 0.336044
88.61799622 -33.09400177 343.21798706 -0.566752 -0.759415 0.319500
88.61799622 -33.24100113 342.91799927 -0.489223 -0.793984 0.360902
88.31800079 -33.04800034 342.91799927 -0.507514 -0.784632 0.356065
88.01799774 -32.85300064 342.91799927 -0.544191 -0.780379 0.308002
88.01799774 -32.72399902 343.21798706 -0.497166 -0.789995 0.358796
87.71800232 -32.50899887 343.21798706 -0.555599 -0.747860 0.363339
87.71800232 -32.63100052 342.91799927 -0.552967 -0.781125 0.289951
88.01799774 -32.96099854 342.61801147 -0.550838 -0.774366 0.311343
87.71800232 -32.84400177 342.31799316 -0.999999 -0.000978 -0.000978
88.01799774 -33.09299850 342.31799316 -0.554022 -0.807376 0.202989
87.71800232 -32.73099899 342.61801147 -0.999999 -0.000978 -0.000978
87.11799622 -32.34600067 342.61801147 -0.583512 -0.727347 0.361222
87.41799927 -32.56900024 342.61801147 -0.525302 -0.813521 0.249480
87.41799927 -32.61399841 342.31799316 -0.999999 -0.000978 -0.000978
87.11799622 -32.47000122 342.31799316 -0.475994 -0.843321 0.249476
87.41799927 -32.69400024 342.01800537 -0.479155 -0.814406 0.327344
87.11799622 -32.52299881 342.01800537 -0.999999 0.000978 0.000978
87.11799622 -32.63199997 341.71798706 -0.519951 -0.788725 0.327969
86.81800079 -32.34099960 342.01800537 -0.522379 -0.779550 0.345574
86.51799774 -32.24499893 341.71798706 -0.552967 -0.781125 0.289951
86.81800079 -32.45700073 341.71798706 -0.514230 -0.794430 0.323185
96.13500214 -40.24700165 348.91799927 -0.000978 0.999999 -0.000978
86.51799774 -32.34400177 341.41799927 -0.534814 -0.788731 0.303114
86.81800079 -32.58399963 341.41799927 -0.502637 -0.796240 0.336687
86.81800079 -32.70999908 341.11801147 -0.549248 -0.798199 0.247395
86.51799774 -32.47600174 341.11801147 -0.578328 -0.763139 0.288368
85.91799927 -31.95100021 341.41799927 -0.536448 -0.784774 0.310408
85.91799927 -32.06399918 341.11801147 -0.999999 0.000978 0.000978
86.21800232 -32.15200043 341.41799927 -0.522327 -0.800060 0.295091
86.21800232 -32.25500107 341.11801147 -0.999999 -0.000978 -0.000978
94.61799622 -40.84700012 338.23599243 -0.322050 -0.091446 0.942296
94.31800079 -40.84700012 338.12298584 -0.248202 -0.063610 0.966617
94.61799622 -41.14699936 338.20800781 -0.280527 -0.075576 0.956866
94.31800079 -41.14699936 338.13800049 -0.245920 0.095565 0.964568
91.01799774 -50.79999924 339.31799316 0.000978 0.000978 0.999999
91.01799774 -51.06000137 339.61801147 0.103966 0.780479 0.616476
90.71800232 -51.02000046 339.61801147 0.107019 0.793113 0.599599
85.61799622 -32.19400024 340.21798706 -0.534803 -0.747416 0.394151
85.61799622 -32.38499832 339.91799927 -0.578232 -0.757629 0.302731
85.31800079 -31.96899986 340.21798706 -0.567706 -0.776445 0.273574
85.39099884 -32.14699936 339.91799927 -0.619093 -0.704035 0.347934
85.01799774 -31.75699997 340.21798706 -0.999999 0.000978 0.000978
85.01799774 -31.82399940 339.91799927 -0.999999 -0.000978 -0.000978
84.71800232 -31.70599937 339.61801147 -0.435787 -0.785713 0.439027
85.01799774 -31.94799995 339.61801147 -0.999999 0.000978 0.000978
85.01799774 -32.12599945 339.31799316 -0.615043 -0.739005 0.274942
84.71800232 -31.85799980 339.31799316 -0.504231 -0.773370 0.384253
84.41799927 -31.81800079 339.01800537 -0.519945 -0.793433 0.316419
84.11799622 -31.61400032 339.01800537 -0.567213 -0.775770 0.276496
84.11799622 -31.69700050 338.71798706 -0.562406 -0.777862 0.280411
84.41799927 -31.89800072 338.71798706 -0.570383 -0.770573 0.284397
92.81800079 -36.22100067 343.21798706 -0.469587 -0.817429 0.333612
93.04100037 -36.34700012 343.21798706 0.000978 0.000978 0.999999
82.61799622 -30.98399925 337.81799316 -0.476351 -0.800334 0.364080
82.61799622 -31.11599922 337.51800537 -0.327196 -0.915283 0.234947
82.31800079 -31.00900078 337.51800537 -0.335805 -0.938936 0.075062
82.91799927 -31.29199982 337.21798706 -0.310908 -0.938202 0.152030
83.15699768 -31.54700089 337.21798706 -0.713280 -0.666457 0.216950
82.91799927 -31.43799973 336.91799927 -0.288023 -0.829817 0.477962
82.61799622 -31.19300079 337.21798706 -0.304715 -0.922730 0.236047
82.31800079 -31.03300095 337.21798706 -0.375959 -0.894931 0.240319
82.31800079 -31.16900063 336.91799927 -0.485535 -0.796406 0.360546
82.61799622 -31.35199928 336.91799927 -0.265239 -0.921886 0.282444
87.71800232 -53.72700119 344.11801147 0.455258 0.854180 0.251229
89.81800079 -52.64799881 342.01800537 -0.151730 0.949320 0.275263
89.51799774 -52.69599915 342.01800537 0.068068 0.876549 0.476476
94.61799622 -40.24700165 338.27301025 -0.265336 -0.048583 0.962931
94.31800079 -40.24700165 338.19699097 -0.297954 -0.060102 0.952686
94.61799622 -40.54700089 338.26699829 -0.276739 -0.059391 0.959108
88.01799774 -54.01399994 344.11801147 0.427669 0.902556 -0.049917
87.71800232 -53.77399826 344.41799927 0.999999 -0.000978 -0.000978
94.31800079 -40.54700089 338.17700195 -0.302861 -0.116074 0.945940
88.61799622 -50.39199829 353.11801147 -0.498764 0.748968 -0.436212
88.01799774 -53.99700165 344.41799927 0.330519 0.942302 -0.053142
88.91799927 -50.23600006 353.11801147 -0.554227 0.824795 0.112009
89.38800049 -49.54700089 352.81799316 -0.803782 0.520649 -0.287852
89.46499634 -49.54700089 352.51800537 0.000978 0.999999 0.000978
89.15399933 -49.84700012 352.81799316 0.000978 0.999999 0.000978
88.96399689 -50.14699936 352.81799316 -0.856183 -0.444116 -0.264028
89.24299622 -49.84700012 352.51800537 0.000978 0.999999 0.000978
89.05599976 -50.14699936 352.51800537 0.000978 0.999999 0.000978
89.08799744 -49.84700012 353.11801147 -0.885723 0.453389 -0.099661
89.87699890 -48.64699936 353.11801147 -0.905365 0.372286 -0.204250
90.00000000 -48.34700012 353.11801147 -0.870871 0.356613 -0.338247
90.25199890 -48.04700089 353.11801147 -0.819935 0.538035 -0.195511
90.41799927 -47.43999863 353.71798706 -0.809633 0.568972 -0.144100
94.01799774 -40.24700165 338.08599854 -0.272020 -0.061995 0.960293
90.41799927 -47.44699860 353.69000244 -0.809633 0.568972 -0.144100
90.46600342 -47.44699860 353.41799927 -0.809633 0.568972 -0.144100
90.62200165 -47.44699860 353.11801147 -0.839882 0.468664 -0.273774
93.71800232 -40.24700165 338.02700806 -0.240741 -0.053086 0.969137
94.01799774 -40.54700089 338.07501221 -0.280979 -0.003649 0.959707
93.71800232 -40.54700089 338.00100708 -0.225583 -0.037396 0.973506
90.68299866 -47.14699936 353.41799927 0.091885 0.995600 0.018377
90.89700317 -46.84700012 353.41799927 -0.000978 0.999999 -0.000978
90.95200348 -46.84700012 353.11801147 0.000978 0.999999 0.000978
90.74600220 -47.14699936 353.11801147 0.000978 0.999999 0.000978
90.81400299 -46.84700012 353.71798706 -0.922873 0.287593 -0.256115
91.12699890 -46.54700089 353.41799927 0.000978 0.999999 0.000978
91.16999817 -46.54700089 353.11801147 -0.864283 0.483708 -0.137995
87.41799927 -53.54199982 344.11801147 0.999999 0.000978 0.000978
87.11799622 -53.38199997 344.11801147 0.999999 -0.000978 -0.000978
87.41799927 -53.59500122 344.41799927 0.999999 -0.000978 -0.000978
91.01799774 -46.54700089 353.84298706 -0.769707 0.606855 -0.198188
91.05000305 -46.54700089 353.71798706 0.000978 0.999999 0.000978
87.11799622 -53.38199997 344.41799927 0.999999 -0.000978 -0.000978
79.01799774 -41.99300003 334.81799316 0.301323 0.704162 0.642931
79.31800079 -41.80599976 334.51800537 0.287123 0.700966 0.652845
79.61799622 -42.04700089 334.61700439 0.285611 0.735567 0.614302
79.31800079 -42.09799957 334.81799316 0.275242 0.730267 0.625261
79.31800079 -42.34700012 335.10101318 0.220301 0.720275 0.657778
79.61799622 -42.21500015 334.81799316 0.236971 0.745439 0.623030
80.21800232 -42.14500046 334.51800537 0.260227 0.585116 0.768063
80.21800232 -42.34700012 334.71600342 0.311692 0.663758 0.679907
79.91799927 -42.31100082 334.81799316 0.264859 0.831749 0.487897
80.81800079 -42.97200012 335.11801147 0.241653 0.829625 0.503316
80.51799774 -43.14899826 335.41799927 0.192724 0.686099 0.701517
80.81800079 -43.23300171 335.41799927 0.202637 0.728566 0.654317
91.78199768 -45.34700012 353.71798706 -0.887602 0.444511 -0.120714
91.91799927 -45.07600021 353.71798706 -0.881491 0.441474 -0.167556
92.21800232 -44.42900085 354.01800537 -0.828842 0.491108 -0.268018
92.21800232 -44.44699860 353.98498535 -0.828842 0.491108 -0.268018
92.30400085 -44.44699860 353.71798706 -0.513331 0.845746 -0.145615
92.10399628 -44.74700165 353.71798706 -0.837183 0.512531 -0.190884
92.45600128 -44.14699936 353.71798706 -0.830126 0.459786 -0.315416
93.11799622 -43.01800156 354.01800537 -0.874399 0.462576 -0.146458
87.41799927 -53.56399918 344.71798706 0.999999 0.000978 0.000978
87.11799622 -53.37400055 344.71798706 0.999999 0.000978 0.000978
87.41799927 -53.49100113 345.01800537 0.515897 0.815149 -0.263404
87.11799622 -53.30099869 345.01800537 0.528006 0.803760 -0.274187
86.81800079 -53.18500137 344.71798706 0.999999 -0.000978 -0.000978
86.51799774 -53.07600021 344.11801147 0.999999 -0.000978 -0.000978
86.51799774 -53.00899887 344.41799927 0.999999 0.000978 0.000978
90.41799927 -51.37599945 340.21798706 -0.000978 -0.000978 0.999999
89.51799774 -51.31700134 340.51800537 0.000978 0.000978 0.999999
89.51799774 -51.61999893 340.81799316 0.247869 0.639407 0.727819
89.81800079 -51.64699936 340.73901367 0.258616 0.648919 0.715557
89.81800079 -51.40800095 340.51800537 0.251297 0.674867 0.693833
89.21800232 -51.94699860 341.31399536 0.219759 0.724736 0.653042
89.21800232 -51.77000046 341.11801147 0.241064 0.720041 0.650715
83.63500214 -29.14699936 344.41799927 0.000978 0.000978 0.999999
83.51799774 -29.04199982 344.41799927 -0.613000 -0.682397 0.398202
83.51799774 -29.21699905 344.11801147 -0.521469 -0.784611 0.335345
83.81800079 -29.35799980 344.11801147 -0.345322 -0.924120 0.163573
83.81800079 -29.30500031 344.41799927 -0.440415 -0.854742 0.274684
84.71800232 -30.18600082 343.51800537 -0.528759 -0.779478 0.335899
84.71800232 -30.07299995 343.81799316 -0.999999 -0.000978 -0.000978
84.71800232 -30.33200073 343.21798706 -0.506102 -0.766476 0.395443
85.01799774 -30.44700050 343.51800537 -0.386323 -0.894564 0.224743
86.75199890 -32.14699936 342.31799316 -0.591950 -0.716572 0.368944
86.51799774 -31.93300056 342.31799316 -0.654002 -0.717039 0.241114
86.81800079 -32.05199814 342.61801147 -0.580135 -0.750479 0.316583
86.51799774 -31.83200073 342.61801147 -0.999999 0.000978 0.000978
86.21800232 -32.03400040 341.71798706 -0.535454 -0.765165 0.357508
85.91799927 -31.82799911 341.71798706 -0.527918 -0.765075 0.368731
86.21800232 -31.87400055 342.01800537 -0.514556 -0.747996 0.419207
85.91799927 -31.66300011 342.01800537 -0.525602 -0.763181 0.375895
86.51799774 -32.12200165 342.01800537 -0.591270 -0.719024 0.365245
88.01799774 -33.48899841 341.11801147 -0.544573 -0.795673 0.265224
88.01799774 -33.44300079 341.41799927 -0.489491 -0.840217 0.233309
88.10800171 -33.94699860 340.51800537 -0.521291 -0.841408 0.142437
87.87899780 -33.64699936 340.51800537 -0.695992 -0.607142 0.383372
87.71800232 -33.51100159 340.51800537 -0.636965 -0.754977 0.155837
87.71800232 -33.44900131 340.81799316 -0.543214 -0.791990 0.278692
88.02600098 -33.64699936 340.81799316 -0.490161 -0.807417 0.328360
88.31800079 -33.89300156 340.81799316 -0.487309 -0.741701 0.460879
93.71800232 -39.64699936 338.06500244 -0.253664 -0.132746 0.958140
94.01799774 -39.94699860 338.11300659 -0.284498 -0.117769 0.951415
88.31800079 -34.07699966 340.51800537 -0.506408 -0.818044 0.272681
88.61799622 -34.23400116 340.51800537 -0.500585 -0.767999 0.399490
88.81099701 -34.24700165 340.81799316 -0.608512 -0.773223 0.178436
88.61799622 -34.09500122 340.81799316 -0.536561 -0.755099 0.376734
93.71800232 -39.94699860 338.03399658 -0.253525 -0.061196 0.965391
88.91799927 -34.47000122 340.51800537 -0.464636 -0.788423 0.403116
89.21800232 -34.53900146 340.81799316 -0.999999 -0.000978 -0.000978
88.61799622 -34.50600052 339.91799927 -0.466194 -0.834160 0.294685
88.31800079 -34.23400116 339.91799927 -0.999999 -0.000978 -0.000978
88.61799622 -34.42399979 340.21798706 -0.585469 -0.737918 0.335712
88.31800079 -34.17699814 340.21798706 -0.999999 0.000978 0.000978
89.21800232 -34.88199997 339.91799927 -0.531639 -0.778987 0.332475
88.91799927 -34.68899918 339.91799927 -0.515490 -0.818902 0.252327
88.91799927 -34.62300110 340.21798706 -0.447293 -0.840038 0.307027
89.21800232 -34.74300003 340.21798706 -0.446806 -0.832469 0.327657
89.21800232 -34.64699936 340.51800537 -0.999999 0.000978 0.000978
89.51799774 -35.09799957 339.91799927 -0.565697 -0.764412 0.309291
89.76100159 -35.14699936 340.21798706 -0.531052 -0.738212 0.415964
89.51799774 -34.94300079 340.21798706 -0.625405 -0.744530 0.233547
89.81800079 -35.31999969 339.91799927 -0.527732 -0.789207 0.314088
89.51799774 -35.37099838 339.31799316 -0.961869 -0.270020 0.043552
89.81800079 -35.42399979 339.61801147 -0.501727 -0.817456 0.282905
90.11799622 -35.74700165 339.32800293 -0.485139 -0.788149 0.378763
90.11799622 -35.60800171 339.61801147 -0.500430 -0.794612 0.343746
90.11799622 -35.75199890 339.31799316 -0.485139 -0.788149 0.378763
90.41799927 -35.93700027 339.31799316 -0.532156 -0.784650 0.318015
90.41799927 -35.79999924 339.61801147 -0.504503 -0.816889 0.279585
90.71800232 -36.16899872 339.31799316 -0.999999 0.000978 0.000978
91.01799774 -36.34700012 339.52700806 -0.999999 0.000978 0.000978
90.71800232 -36.05599976 339.61801147 -0.573398 -0.767178 0.287493
91.01799774 -36.27999878 339.61801147 -0.556058 -0.724360 0.407556
90.41799927 -36.05199814 339.01800537 -0.558242 -0.774540 0.297411
90.41799927 -36.04700089 339.03100586 -0.999999 -0.000978 -0.000978
90.71800232 -36.34700012 338.77398682 -0.999999 -0.000978 -0.000978
90.71800232 -36.26800156 339.01800537 -0.999999 -0.000978 -0.000978
91.01799774 -36.45199966 339.31799316 -0.999999 0.000978 0.000978
90.71800232 -36.37099838 338.71798706 -0.999999 -0.000978 -0.000978
91.14700317 -36.64699936 338.71798706 -0.609786 -0.745998 0.267672
91.24900055 -36.64699936 339.01800537 -0.599177 -0.774772 0.201780
91.01799774 -36.46900177 339.01800537 -0.608648 -0.792231 0.043777
91.31800079 -36.80500031 338.71798706 -0.672999 -0.726958 0.136398
91.61799622 -36.91600037 339.01800537 -0.999999 -0.000978 -0.000978
91.31800079 -36.86100006 338.41799927 -0.999999 -0.000978 -0.000978
91.01799774 -36.68899918 338.41799927 -0.487130 -0.815037 0.313718
91.01799774 -36.64699936 338.49499512 -0.638764 -0.674890 0.369465
94.01799774 -39.64699936 338.16101074 -0.301122 -0.151242 0.941516
85.91799927 -52.32199860 345.31799316 0.999999 -0.000978 -0.000978
86.21800232 -52.42100143 345.61801147 0.478310 0.779888 -0.403726
85.91799927 -52.23199844 345.61801147 0.580326 0.715133 -0.389624
93.41799927 -39.64699936 338.00201416 -0.262905 -0.136076 0.955177
93.11799622 -39.64699936 337.89999390 -0.308472 -0.116178 0.944112
93.41799927 -39.94699860 337.95599365 -0.265829 -0.105035 0.958281
93.11799622 -39.94699860 337.86801147 -0.275099 -0.091700 0.957033
86.21800232 -52.55500031 345.31799316 0.527732 0.789207 -0.314088
90.71800232 -47.44699860 352.49600220 -0.822802 0.514058 -0.242364
90.80000305 -47.44699860 352.21798706 -0.375315 0.921228 -0.102359
90.86299896 -47.44699860 351.91799927 0.000978 0.999999 0.000978
91.16500092 -46.84700012 352.21798706 -0.000978 0.999999 -0.000978
90.98600006 -47.14699936 352.21798706 -0.000978 0.999999 -0.000978
91.24099731 -46.84700012 351.91799927 0.000978 0.999999 0.000978
91.03199768 -47.14699936 351.91799927 0.000978 0.999999 0.000978
74.40100098 -38.14699936 351.01800537 -0.793785 0.434884 -0.425184
93.04699707 -43.24700165 353.71798706 -0.834350 0.478320 -0.273989
92.86199951 -43.54700089 353.71798706 -0.849286 0.472501 -0.235491
92.81800079 -43.62599945 353.71798706 -0.865867 0.471890 -0.166117
92.69799805 -43.84700012 353.71798706 -0.812456 0.551255 -0.189826
92.51799774 -44.06999969 353.71798706 -0.741389 0.596649 -0.307170
92.81800079 -43.73300171 353.41799927 -0.816941 0.540063 -0.202334
92.74800110 -43.84700012 353.41799927 -0.843894 0.518077 -0.139426
92.58100128 -44.14699936 353.41799927 -0.979735 -0.024699 -0.198770
92.64199829 -44.14699936 353.11801147 0.000978 0.999999 0.000978
92.36399841 -44.44699860 353.41799927 0.000978 0.999999 0.000978
92.18299866 -44.74700165 353.41799927 -0.000978 0.999999 -0.000978
92.47299957 -44.44699860 353.11801147 -0.000978 0.999999 -0.000978
92.24600220 -44.74700165 353.11801147 -0.829656 0.500256 -0.247819
92.53099823 -44.44699860 352.81799316 -0.845968 0.502806 -0.177549
92.36000061 -44.74700165 352.81799316 -0.833731 0.488526 -0.257362
92.43000031 -44.74700165 352.51800537 0.000978 0.999999 0.000978
92.18099976 -45.04700089 352.81799316 -0.000978 0.999999 -0.000978
91.98300171 -45.34700012 352.81799316 -0.000978 0.999999 -0.000978
92.21600342 -45.04700089 352.51800537 0.000978 0.999999 0.000978
92.04499817 -45.34700012 352.51800537 0.000978 0.999999 0.000978
92.29599762 -45.04700089 352.21798706 -0.000978 0.999999 -0.000978
92.11499786 -45.34700012 352.21798706 -0.000978 0.999999 -0.000978
92.34300232 -45.04700089 351.91799927 0.000978 0.999999 0.000978
92.18199921 -45.34700012 351.91799927 0.000978 0.999999 0.000978
91.72100067 -45.94699860 352.21798706 0.000978 0.999999 0.000978
91.78600311 -45.94699860 351.91799927 0.000978 0.999999 0.000978
91.92299652 -45.64699936 352.21798706 0.000978 0.999999 0.000978
91.98400116 -45.64699936 351.91799927 -0.000978 0.999999 -0.000978
92.09400177 -45.64699936 351.61801147 -0.000978 0.999999 -0.000978
92.15200043 -45.64699936 351.31799316 -0.000978 0.999999 -0.000978
91.95999908 -45.94699860 351.31799316 -0.000978 0.999999 -0.000978
91.88600159 -45.94699860 351.61801147 -0.000978 0.999999 -0.000978
91.69400024 -46.24700165 351.61801147 -0.000978 0.999999 -0.000978
91.49800110 -46.54700089 351.61801147 0.000978 0.999999 0.000978
91.77500153 -46.24700165 351.31799316 -0.000978 0.999999 -0.000978
91.57900238 -46.54700089 351.31799316 -0.000978 0.999999 -0.000978
91.83699799 -46.24700165 351.01800537 0.000978 0.999999 0.000978
91.69000244 -46.54700089 351.01800537 -0.000978 0.999999 -0.000978
91.90399933 -46.24700165 350.71798706 -0.000978 0.999999 -0.000978
91.76399994 -46.54700089 350.71798706 0.000978 0.999999 0.000978
91.64800262 -46.84700012 350.41799927 0.000978 0.999999 0.000978
91.47200012 -47.14699936 350.41799927 -0.000978 0.999999 -0.000978
91.72499847 -46.84700012 350.11801147 0.000978 0.999999 0.000978
91.55000305 -47.14699936 350.11801147 -0.000978 0.999999 -0.000978
91.50299835 -46.84700012 351.01800537 -0.000978 0.999999 -0.000978
91.33599854 -47.14699936 351.01800537 -0.828989 0.486817 -0.275293
91.57700348 -46.84700012 350.71798706 -0.000978 0.999999 -0.000978
91.41400146 -47.14699936 350.71798706 0.000978 0.999999 0.000978
90.67700195 -49.54700089 347.41799927 -0.000978 0.999999 -0.000978
90.71399689 -49.24700165 348.01800537 -0.000978 0.999999 -0.000978
90.54599762 -49.54700089 348.01800537 -0.000978 0.999999 -0.000978
90.62400055 -49.54700089 347.71798706 -0.000978 0.999999 -0.000978
90.77500153 -49.24700165 347.71798706 0.000978 0.999999 0.000978
90.32800293 -49.84700012 348.01800537 0.000978 0.999999 0.000978
90.18699646 -50.14699936 348.01800537 -0.000978 0.999999 -0.000978
90.43800354 -49.84700012 347.71798706 0.000978 0.999999 0.000978
90.24600220 -50.14699936 347.71798706 -0.000978 0.999999 -0.000978
90.53099823 -49.84700012 347.41799927 0.000978 0.999999 0.000978
90.31500244 -50.14699936 347.41799927 0.000978 0.999999 0.000978
90.56900024 -49.84700012 347.11801147 0.000978 0.999999 0.000978
90.34200287 -50.14699936 347.11801147 0.000978 0.999999 0.000978
90.16000366 -50.44699860 347.11801147 0.000978 0.999999 0.000978
85.61799622 -52.05899811 345.31799316 0.999999 -0.000978 -0.000978
85.61799622 -51.95000076 345.61801147 0.999999 -0.000978 -0.000978
83.51799774 -33.34700012 335.51998901 -0.184553 -0.086776 0.978984
83.81800079 -33.34700012 335.60800171 -0.354787 -0.205403 0.912105
83.51799774 -33.04700089 335.58801270 -0.164295 -0.169389 0.971758
83.81800079 -33.04700089 335.71499634 -0.999999 0.000978 0.000978
89.32800293 -52.24700165 346.21798706 0.000978 0.999999 0.000978
89.12699890 -52.54700089 346.21798706 0.000978 0.999999 0.000978
89.41000366 -52.24700165 345.91799927 0.000978 0.999999 0.000978
89.21399689 -52.54700089 345.91799927 0.000978 0.999999 0.000978
89.82700348 -51.64699936 345.61801147 0.000978 0.999999 0.000978
89.65799713 -51.94699860 345.61801147 -0.000978 0.999999 -0.000978
89.93000031 -51.64699936 345.31799316 -0.000978 0.999999 -0.000978
89.73400116 -51.94699860 345.31799316 0.000978 0.999999 0.000978
76.91799927 -47.10300064 341.71798706 0.999999 -0.000978 -0.000978
76.91799927 -47.07199860 342.01800537 0.268984 0.937960 -0.218811
90.01499939 -51.34700012 345.61801147 -0.000978 0.999999 -0.000978
77.21800232 -47.28300095 341.71798706 0.999999 0.000978 0.000978
77.21800232 -47.24499893 342.01800537 0.999999 -0.000978 -0.000978
90.08699799 -51.34700012 345.31799316 0.000978 0.999999 0.000978
84.71800232 -51.19200134 345.91799927 0.999999 -0.000978 -0.000978
84.71800232 -51.09199905 346.21798706 0.999999 0.000978 0.000978
85.01799774 -51.32799911 346.21798706 0.520649 0.803782 -0.287852
74.51799774 -44.81100082 343.51800537 0.543214 0.791990 -0.278692
74.81800079 -45.04399872 343.51800537 0.545818 0.786295 -0.289521
74.81800079 -44.90800095 343.81799316 0.523043 0.785365 -0.331101
74.51799774 -44.69599915 343.81799316 0.532933 0.800185 -0.275113
73.61799622 -43.90599823 344.11801147 0.562652 0.785206 -0.258601
73.31800079 -43.69599915 344.11801147 0.566325 0.772550 -0.287128
73.31800079 -43.59400177 344.41799927 0.608113 0.727477 -0.317767
73.61799622 -43.82400131 344.41799927 0.566176 0.782610 -0.258779
90.38700104 -51.04700089 345.01800537 -0.000978 0.999999 -0.000978
90.17500305 -51.34700012 345.01800537 0.000978 0.999999 0.000978
90.42299652 -51.04700089 344.71798706 -0.000978 0.999999 -0.000978
90.25099945 -51.34700012 344.71798706 -0.000978 0.999999 -0.000978
90.71800232 -47.15599823 353.71798706 -0.948451 0.293980 0.118390
74.51799774 -37.87200165 351.01800537 -0.875688 0.371826 -0.308084
74.51799774 -37.84700012 351.04598999 -0.885632 0.347336 -0.308242
74.81800079 -37.06299973 351.61801147 0.804363 -0.517878 0.291208
92.81800079 -38.07699966 338.41799927 -0.567084 -0.751265 0.337665
92.51799774 -37.84799957 338.41799927 -0.598083 -0.780704 0.181099
74.81800079 -44.22600174 339.01800537 0.000978 0.000978 0.999999
74.21600342 -38.14699936 351.31799316 -0.733232 0.508131 -0.451856
74.42299652 -37.84700012 351.31799316 -0.885632 0.347336 -0.308242
74.51799774 -44.13700104 339.01800537 0.170375 0.574450 0.800612
74.81800079 -43.84700012 338.59399414 0.210195 0.692865 0.689751
74.81800079 -43.67200089 338.41799927 0.261847 0.690324 0.674455
74.51799774 -43.84700012 338.68499756 0.350126 0.581372 0.734451
81.71800232 -39.94699860 334.54998779 -0.274869 -0.134115 0.952082
82.01799774 -39.94699860 334.64498901 -0.308567 -0.113542 0.944402
81.71800232 -39.64699936 334.60501099 -0.261285 -0.124734 0.957169
82.01799774 -39.64699936 334.69400024 -0.275780 -0.091927 0.956815
75.11799622 -44.08300018 338.71798706 0.223469 0.698537 0.679785
75.11799622 -43.84700012 338.47601318 0.251320 0.684412 0.684412
75.41799927 -43.84700012 338.37399292 0.294438 0.677368 0.674150
75.41799927 -43.61600113 338.11801147 0.325735 0.701707 0.633643
92.51799774 -38.14699936 338.01300049 -0.386517 -0.331080 0.860808
76.01799774 -44.15700150 338.41799927 0.000978 0.000978 0.999999
75.71800232 -44.04600143 338.41799927 0.254828 0.685344 0.682178
75.71800232 -43.84700012 338.21798706 0.290230 0.678272 0.675065
76.01799774 -43.87599945 338.11801147 0.328032 0.222030 0.918203
76.61799622 -43.80799866 337.81799316 0.294310 0.696373 0.654558
76.31800079 -43.84700012 338.00399780 0.234149 0.718160 0.655302
76.31800079 -43.66799927 337.81799316 0.303802 0.737806 0.602782
81.41799927 -38.74700165 334.54098511 -0.311403 -0.039402 0.949461
81.41799927 -38.44699860 334.59100342 -0.242926 -0.095390 0.965343
76.61799622 -44.04700089 338.11801147 0.386366 0.818841 0.424525
85.01799774 -30.52199936 343.21798706 -0.511105 -0.809906 0.287792
84.71800232 -30.49399948 342.91799927 -0.468073 -0.828130 0.308396
85.01799774 -30.65999985 342.91799927 -0.498027 -0.795883 0.344295
82.91799927 -46.55199814 338.11801147 0.278995 0.722200 0.632921
84.11799622 -39.34700012 335.29400635 -0.257057 -0.063951 0.964278
84.41799927 -39.34700012 335.38198853 -0.287525 -0.106345 0.951851
84.11799622 -39.04700089 335.32998657 -0.281989 -0.106238 0.953517
84.41799927 -39.04700089 335.40600586 -0.273738 -0.059289 0.959975
84.11799622 -38.74700165 335.36099243 -0.257096 -0.050922 0.965043
84.11799622 -38.44699860 335.36099243 -0.221769 0.005867 0.975082
84.41799927 -38.74700165 335.41900635 -0.220953 -0.042259 0.974368
84.41799927 -38.44699860 335.43200684 -0.256396 -0.074519 0.963695
84.71800232 -38.74700165 335.49700928 -0.247293 -0.030455 0.968462
85.01799774 -38.74700165 335.57199097 -0.291017 -0.081485 0.953242
84.71800232 -38.44699860 335.51998901 -0.303343 -0.104647 0.947118
85.01799774 -38.44699860 335.62399292 -0.313930 -0.139977 0.939071
92.21800232 -37.84700012 338.01901245 -0.551481 -0.451514 0.701430
92.21800232 -38.14699936 337.87799072 -0.413863 -0.338899 0.844905
91.91799927 -37.84700012 337.80499268 -0.470804 -0.316494 0.823514
91.91799927 -38.14699936 337.72000122 -0.999999 -0.000978 -0.000978
83.51799774 -42.94699860 334.86199951 -0.007458 -0.086305 0.996241
83.81800079 -42.94699860 334.84600830 0.052921 0.168172 0.984336
83.51799774 -42.64699936 334.90899658 -0.259384 -0.074652 0.962885
83.81800079 -42.64699936 334.99398804 -0.267779 -0.085843 0.959649
91.53700256 -49.84700012 343.21798706 -0.000978 0.999999 -0.000978
91.38700104 -50.14699936 343.21798706 -0.000978 0.999999 -0.000978
91.63700104 -49.84700012 342.91799927 0.000978 0.999999 0.000978
91.45099640 -50.14699936 342.91799927 0.000978 0.999999 0.000978
88.01799774 -34.13700104 339.61801147 -0.463901 -0.811429 0.355498
87.71800232 -34.04999924 339.31799316 -0.591676 -0.707044 0.387309
88.01799774 -34.29899979 339.31799316 -0.570155 -0.780626 0.256020
83.21800232 -30.22299957 340.81799316 -0.525683 -0.787726 0.321162
82.91799927 -30.04999924 340.81799316 -0.531359 -0.786666 0.314347
83.21800232 -30.32399940 340.51800537 -0.999999 0.000978 0.000978
82.91799927 -30.12800026 340.51800537 -0.999999 0.000978 0.000978
88.01799774 -34.03699875 339.91799927 -0.763508 -0.612349 0.205145
87.71800232 -33.88299942 339.61801147 -0.999999 -0.000978 -0.000978
73.30699921 -39.04700089 352.81799316 0.817636 -0.532307 0.219366
74.21800232 -43.50199890 338.41799927 0.158604 0.874505 0.458351
88.02600098 -33.94699860 340.21798706 -0.756699 -0.620524 0.205810
87.71800232 -33.67200089 340.21798706 -0.500430 -0.794612 0.343746
87.71800232 -33.78300095 339.91799927 -0.999999 -0.000978 -0.000978
87.41799927 -33.48199844 340.21798706 -0.548882 -0.781163 0.297510
87.41799927 -33.56399918 339.91799927 -0.999999 -0.000978 -0.000978
87.11799622 -33.35200119 339.91799927 -0.999999 -0.000978 -0.000978
93.86599731 -36.34700012 344.71798706 -0.754906 -0.529902 0.386421
94.01799774 -36.33000183 345.01800537 -0.736490 -0.577161 0.352800
93.78800201 -36.04700089 345.01800537 -0.764952 -0.622565 0.165109
94.15299988 -36.94699860 344.71798706 -0.725468 -0.192534 0.660777
94.08399963 -36.64699936 344.71798706 -0.840687 -0.408602 0.355374
94.31800079 -36.94699860 344.89199829 -0.622596 -0.247462 0.742386
94.61799622 -36.94699860 345.11599731 -0.509945 -0.466757 0.722560
94.36199951 -36.64699936 345.01800537 -0.651738 -0.506907 0.564166
94.42299652 -37.54700089 344.71798706 -0.647709 -0.489567 0.583779
94.61799622 -37.54700089 344.82501221 -0.000978 -0.999999 -0.000978
94.61799622 -37.24700165 344.95001221 -0.205111 -0.426455 0.880946
94.24299622 -37.24700165 344.71798706 -0.650629 -0.297201 0.698823
94.91799927 -37.54700089 344.79699707 0.073532 -0.621420 0.780019
95.21800232 -37.34299850 345.01800537 -0.165309 -0.632420 0.756781
94.91799927 -37.24700165 345.03298950 -0.189753 -0.701931 0.686504
87.11799622 -33.25099945 340.21798706 -0.999999 0.000978 0.000978
94.31800079 -46.84700012 337.77301025 -0.380711 0.076680 0.921509
86.81800079 -32.76900101 340.81799316 -0.999999 -0.000978 -0.000978
86.81800079 -32.87099838 340.51800537 -0.501148 -0.800247 0.329326
85.91799927 -38.14699936 335.89401245 -0.263562 -0.080215 0.961302
86.21800232 -38.14699936 336.00698853 -0.317923 -0.063585 0.945982
85.91799927 -37.84700012 335.94500732 -0.331621 -0.091895 0.938927
86.21800232 -37.84700012 336.04501343 -0.266587 -0.066963 0.961482
86.51799774 -38.14699936 336.09500122 -0.276280 -0.067479 0.958705
86.81800079 -38.14699936 336.17999268 -0.308263 -0.076741 0.948201
86.51799774 -37.84700012 336.11099243 -0.275742 -0.078234 0.958043
86.81800079 -37.84700012 336.21798706 -0.313325 -0.060602 0.947710
86.81800079 -33.01599884 340.21798706 -0.547723 -0.752509 0.365690
86.51799774 -32.81499863 340.21798706 -0.540410 -0.769480 0.340378
86.51799774 -32.96300125 339.91799927 -0.543281 -0.768976 0.336931
86.81800079 -33.16400146 339.91799927 -0.501807 -0.774633 0.384881
87.11799622 -38.14699936 336.28900146 -0.264782 -0.058980 0.962503
87.11799622 -37.84700012 336.30899048 -0.232790 0.003545 0.972520
87.41799927 -37.54700089 336.36999512 -0.284746 -0.065121 0.956389
87.41799927 -37.24700165 336.40301514 -0.322146 -0.034379 0.946065
87.41799927 -38.14699936 336.34399414 -0.221769 0.005867 0.975082
87.41799927 -37.84700012 336.36199951 -0.196404 -0.041661 0.979638
86.51799774 -32.57099915 340.81799316 -0.533648 -0.793346 0.292952
86.51799774 -32.69800186 340.51800537 -0.508228 -0.798189 0.323418
91.47200012 -48.64699936 346.51800537 -0.810990 0.517221 -0.273455
91.40499878 -48.64699936 346.81799316 0.000978 0.999999 0.000978
91.28600311 -48.94699860 346.51800537 0.000978 0.999999 0.000978
91.23500061 -48.94699860 346.81799316 -0.816122 0.526082 -0.239128
80.81800079 -34.54700089 334.63800049 -0.301705 -0.219550 0.927778
81.11799622 -34.54700089 334.73599243 -0.272778 -0.151842 0.950019
81.41799927 -34.54700089 334.80999756 -0.282763 -0.059596 0.957337
81.11799622 -34.24700165 334.75201416 -0.248919 -0.050775 0.967192
81.41799927 -34.24700165 334.82901001 -0.300306 -0.081902 0.950320
95.81800079 -36.79299927 346.81799316 -0.528030 -0.823240 0.208473
96.05799866 -36.94699860 346.81799316 -0.561483 -0.822839 -0.087597
95.81800079 -36.86899948 346.51800537 -0.999999 -0.000978 -0.000978
85.91799927 -32.36600113 340.21798706 -0.516930 -0.772964 0.367846
86.21800232 -32.59500122 340.21798706 -0.568136 -0.758051 0.320281
93.23799896 -36.64699936 342.61801147 -0.672973 -0.721585 0.162547
93.41799927 -36.81600189 342.61801147 -0.722657 -0.650548 0.233570
93.41799927 -36.94699860 342.36801147 -0.999999 -0.000978 -0.000978
86.21800232 -32.74000168 339.91799927 -0.546132 -0.781781 0.300930
85.91799927 -32.54600143 339.91799927 -0.475251 -0.794233 0.378590
95.83799744 -41.14699936 347.71798706 -0.000978 0.999999 -0.000978
95.98200226 -40.84700012 347.71798706 -0.000978 0.999999 -0.000978
95.78299713 -41.14699936 348.01800537 -0.000978 0.999999 -0.000978
95.93599701 -40.84700012 348.01800537 0.000978 0.999999 0.000978
95.54399872 -41.44699860 348.31799316 0.000978 0.999999 0.000978
87.11799622 -37.54700089 336.28698730 -0.246104 0.037956 0.968500
87.11799622 -37.24700165 336.28500366 -0.342634 -0.011379 0.939400
86.21800232 -32.36500168 340.81799316 -0.535634 -0.786763 0.306758
85.91799927 -32.16199875 340.81799316 -0.999999 -0.000978 -0.000978
85.91799927 -32.25999832 340.51800537 -0.999999 -0.000978 -0.000978
86.21800232 -32.48799896 340.51800537 -0.562334 -0.772611 0.294707
87.71800232 -37.54700089 336.46600342 -0.328343 -0.094382 0.939831
88.01799774 -37.54700089 336.57901001 -0.300370 -0.054961 0.952238
87.71800232 -37.24700165 336.48999023 -0.268448 -0.072519 0.960561
88.01799774 -37.24700165 336.57000732 -0.256374 0.010833 0.966517
85.61799622 -31.69499969 341.41799927 -0.583701 -0.769352 0.259597
85.61799622 -31.82200050 341.11801147 -0.558811 -0.766964 0.315432
85.31800079 -31.60099983 341.11801147 -0.526542 -0.769561 0.361289
85.31800079 -31.76600075 340.81799316 -0.502218 -0.783201 0.366570
85.61799622 -31.94099998 340.81799316 -0.528708 -0.797007 0.291973
85.61799622 -32.04100037 340.51800537 -0.502637 -0.796240 0.336687
85.31800079 -31.88199997 340.51800537 -0.528006 -0.803760 0.274187
93.92400360 -42.34700012 352.51800537 -0.758290 0.575531 -0.306202
94.17400360 -42.04700089 352.51800537 0.025067 0.999685 -0.001003
94.01799774 -42.04700089 352.80599976 -0.772419 0.541175 -0.332413
94.01799774 -42.03799820 352.81799316 -0.772419 0.541175 -0.332413
91.21499634 -47.14699936 351.31799316 -0.821639 0.500467 -0.272840
91.13700104 -47.14699936 351.61801147 -0.000978 0.999999 -0.000978
85.01799774 -31.64800072 340.51800537 -0.572136 -0.738397 0.356974
90.87400055 -47.74700165 351.31799316 0.000978 0.999999 0.000978
91.04199982 -47.44699860 351.31799316 0.000978 0.999999 0.000978
90.77300262 -47.74700165 351.61801147 0.000978 0.999999 0.000978
90.94200134 -47.44699860 351.61801147 -0.000978 0.999999 -0.000978
95.53900146 -40.84700012 349.81799316 -0.824734 0.527040 -0.205044
95.55699921 -40.84700012 349.51800537 -0.000978 0.999999 -0.000978
94.01799774 -35.90499878 345.91799927 -0.493779 -0.770817 0.402520
94.01799774 -35.75500107 346.21798706 -0.469049 -0.802025 0.369796
94.31800079 -36.26300049 345.61801147 -0.535454 -0.765165 0.357508
94.61799622 -36.67900085 345.31799316 -0.999999 0.000978 0.000978
94.61799622 -36.48699951 345.61801147 -0.466123 -0.763787 0.446496
94.91799927 -36.64699936 345.57800293 -0.380657 -0.832392 0.402770
95.24800110 -36.94699860 345.61801147 -0.455432 -0.796604 0.397497
94.97299957 -36.64699936 345.61801147 -0.304287 -0.854165 0.421677
95.21800232 -37.07899857 345.31799316 -0.377468 -0.832325 0.405897
94.91799927 -36.94699860 345.31298828 -0.349831 -0.772208 0.530389
95.51799774 -37.42100143 345.01800537 -0.333921 -0.790865 0.512864
95.51799774 -37.59899902 344.71798706 -0.000978 -0.000978 0.999999
95.81800079 -37.70700073 344.71798706 -0.402764 -0.807132 0.431647
95.81800079 -37.59199905 345.01800537 -0.475390 -0.823695 0.309082
96.11799622 -38.09600067 344.11801147 -0.320781 -0.906683 0.273909
96.11799622 -38.00500107 344.41799927 -0.265432 -0.915232 0.303143
93.11799622 -46.24700165 337.41598511 -0.313049 -0.122264 0.941834
93.41799927 -46.54700089 337.50900269 -0.335949 -0.061438 0.939874
93.11799622 -46.54700089 337.39001465 -0.231752 -0.068162 0.970384
93.41799927 -46.24700165 337.52801514 -0.330519 -0.053142 0.942302
93.41799927 -45.64699936 337.55599976 -0.286043 -0.070549 0.955616
93.41799927 -45.94699860 337.54299927 -0.250103 -0.045585 0.967146
93.11799622 -45.64699936 337.47299194 -0.294887 -0.033881 0.954931
93.11799622 -45.94699860 337.46798706 -0.290604 -0.089918 0.952609
92.81800079 -45.64699936 337.37100220 -0.289441 -0.098227 0.952143
92.51799774 -45.64699936 337.29098511 -0.244716 -0.060868 0.967682
92.81800079 -45.94699860 337.35400391 -0.215003 -0.067573 0.974273
92.51799774 -45.94699860 337.28500366 -0.243096 -0.050594 0.968682
92.81800079 -44.22600174 337.81799316 -0.468827 -0.702406 0.535563
92.81800079 -44.44699860 337.63101196 -0.391478 -0.459141 0.797455
92.21800232 -44.44699860 337.38699341 -0.306146 -0.178701 0.935062
91.91799927 -44.44699860 337.23098755 -0.346980 -0.078436 0.934587
92.21800232 -44.74700165 337.33599854 -0.360497 -0.232061 0.903432
91.91799927 -44.74700165 337.21301270 -0.999999 0.000978 0.000978
92.48999786 -43.84700012 337.81799316 -0.885488 -0.365320 0.287145
92.21800232 -43.84700012 337.51300049 -0.837183 -0.111721 0.535391
91.91799927 -43.84700012 337.29598999 -0.999999 -0.000978 -0.000978
92.21800232 -44.14699936 337.45001221 -0.999999 0.000978 0.000978
91.91799927 -44.14699936 337.26400757 -0.343561 -0.101047 0.933678
96.71800232 -40.37799835 339.61801147 -0.507702 -0.797363 0.326266
96.71800232 -40.49499893 339.31799316 -0.572450 -0.763798 0.298184
91.61799622 -43.84700012 337.17098999 -0.239084 -0.047817 0.969821
91.31800079 -43.84700012 337.09500122 -0.290419 -0.076154 0.953865
91.61799622 -44.14699936 337.15301514 -0.326394 -0.072095 0.942480
91.31800079 -44.14699936 337.05599976 -0.310284 -0.057937 0.948877
84.41799927 -30.98200035 341.11801147 -0.527732 -0.789207 0.314088
91.91799927 -43.24700165 337.44400024 -0.999999 0.000978 0.000978
91.91799927 -43.54700089 337.35000610 -0.497538 -0.207182 0.842337
91.61799622 -43.24700165 337.21899414 -0.313502 -0.085262 0.945752
91.31800079 -43.24700165 337.11300659 -0.320652 -0.029150 0.946748
91.61799622 -43.54700089 337.18200684 -0.278164 -0.075630 0.957551
91.31800079 -43.54700089 337.10400391 -0.289854 -0.028612 0.956643
91.61799622 -42.64699936 337.28500366 -0.999999 -0.000978 -0.000978
91.61799622 -42.94699860 337.23599243 -0.378606 -0.102511 0.919863
91.31800079 -42.64699936 337.16198730 -0.272061 -0.102836 0.956769
91.31800079 -42.94699860 337.12298584 -0.302794 -0.076673 0.949967
91.01799774 -42.64699936 337.07199097 -0.284486 -0.054368 0.957137
90.71800232 -42.64699936 336.98400879 -0.316937 -0.016285 0.948307
91.01799774 -42.94699860 337.04501343 -0.259861 -0.090887 0.961359
90.71800232 -42.94699860 336.96099854 -0.261667 -0.096675 0.960304
91.01799774 -41.44699860 337.13800049 -0.291077 -0.078914 0.953439
90.71800232 -41.44699860 337.05599976 -0.257221 -0.107283 0.960379
91.01799774 -41.74700165 337.12899780 -0.294887 -0.033881 0.954931
90.71800232 -41.74700165 337.01901245 -0.307538 -0.098993 0.946372
90.41799927 -41.44699860 336.97799683 -0.273167 -0.122727 0.954106
90.41799927 -41.74700165 336.93399048 -0.266491 -0.105297 0.958068
90.41799927 -40.24700165 337.06298828 -0.280439 -0.146258 0.948663
90.11799622 -40.24700165 336.97500610 -0.304461 -0.073848 0.949658
90.41799927 -40.54700089 337.02700806 -0.267799 -0.056577 0.961812
90.11799622 -40.54700089 336.95300293 -0.261777 -0.083003 0.961553
89.81800079 -40.24700165 336.87100220 -0.278170 -0.091861 0.956129
89.51799774 -40.24700165 336.80099487 -0.276908 -0.125867 0.952617
89.81800079 -40.54700089 336.86300659 -0.313137 -0.068864 0.947208
89.51799774 -40.54700089 336.75500488 -0.299013 -0.112961 0.947540
89.21800232 -38.44699860 336.81201172 -0.271689 -0.001208 0.962384
88.91799927 -38.44699860 336.74600220 -0.259947 -0.023188 0.965344
89.21800232 -38.74700165 336.83898926 -0.309479 -0.013672 0.950808
88.91799927 -38.74700165 336.72799683 -0.298813 -0.026256 0.953951
88.61799622 -37.84700012 336.70001221 -0.272083 -0.151455 0.950280
88.31800079 -37.84700012 336.63900757 -0.263416 -0.105107 0.958939
88.61799622 -38.14699936 336.65899658 -0.246221 -0.079548 0.965944
88.31800079 -38.14699936 336.58999634 -0.214081 -0.132038 0.967851
88.61799622 -37.24700165 336.75500488 -0.336732 -0.032009 0.941056
88.31800079 -37.24700165 336.64999390 -0.295141 0.023661 0.955161
88.61799622 -37.54700089 336.75500488 -0.295434 -0.087199 0.951375
88.31800079 -37.54700089 336.65499878 -0.281320 -0.018427 0.959437
87.41799927 -36.64699936 336.43600464 -0.327406 -0.129060 0.936028
87.11799622 -36.64699936 336.32800293 -0.310700 -0.099160 0.945322
87.41799927 -36.94699860 336.39199829 -0.363427 -0.051168 0.930216
88.01799774 -36.64699936 336.58898926 -0.223479 -0.052511 0.973293
87.71800232 -36.64699936 336.53900146 -0.247762 -0.048073 0.967628
88.01799774 -36.94699860 336.57299805 -0.207880 -0.032073 0.977628
87.71800232 -36.94699860 336.51199341 -0.194089 -0.079345 0.977770
87.41799927 -36.04700089 336.49499512 -0.227521 -0.073354 0.971006
87.11799622 -36.04700089 336.41299438 -0.311395 -0.102032 0.944787
87.41799927 -36.34700012 336.47399902 -0.237545 -0.095272 0.966693
87.11799622 -36.34700012 336.35598755 -0.334669 -0.132501 0.932974
86.81800079 -35.44699860 336.35699463 -0.240179 -0.109172 0.964570
86.81800079 -35.74700165 336.33401489 -0.291912 -0.095559 0.951660
86.51799774 -35.14699936 336.30599976 -0.277548 -0.089074 0.956573
86.81800079 -34.84700012 336.47500610 -0.344530 -0.220557 0.912499
86.51799774 -34.84700012 336.36199951 -0.305077 -0.219939 0.926582
86.81800079 -35.14699936 336.40200806 -0.326788 -0.183730 0.927067
86.51799774 -34.26399994 336.61801147 -0.439245 -0.458840 0.772353
86.81800079 -34.54700089 336.59799194 -0.589592 -0.582834 0.559183
86.51799774 -34.54700089 336.44900513 -0.250451 -0.270261 0.929641
86.21800232 -34.00999832 336.61801147 -0.455342 -0.572097 0.682179
86.50399780 -34.24700165 336.61801147 -0.429489 -0.478480 0.765895
86.21800232 -34.24700165 336.45599365 -0.999999 -0.000978 -0.000978
86.21800232 -34.54700089 336.36801147 -0.251580 -0.274322 0.928146
82.91799927 -31.18099976 337.81799316 -0.999999 0.000978 0.000978
83.21800232 -31.38999939 337.81799316 -0.543663 -0.797477 0.261648
82.91799927 -31.24300003 337.51800537 -0.999999 -0.000978 -0.000978
83.21800232 -31.51399994 337.51800537 -0.594130 -0.761179 0.260030
84.11799622 -30.59199905 341.41799927 -0.544494 -0.747248 0.380982
84.41799927 -30.83300018 341.41799927 -0.530255 -0.763762 0.368098
84.11799622 -30.73999977 341.11801147 -0.999999 -0.000978 -0.000978
88.91799927 -36.34700012 336.89700317 -0.439228 -0.302648 0.845862
89.21800232 -36.34700012 337.07998657 -0.457307 -0.380287 0.803898
88.91799927 -36.04700089 337.05899048 -0.443159 -0.623768 0.643835
89.14900208 -36.04700089 337.21798706 -0.443159 -0.623768 0.643835
88.91799927 -35.88299942 337.21798706 -0.443159 -0.623768 0.643835
83.81800079 -30.37000084 341.41799927 -0.520359 -0.798728 0.302093
83.81800079 -30.49200058 341.11801147 -0.501896 -0.798254 0.333004
83.51799774 -30.20299911 341.41799927 -0.999999 -0.000978 -0.000978
83.51799774 -30.30500031 341.11801147 -0.538054 -0.780737 0.317723
73.91799927 -44.14699936 339.34600830 0.158124 0.843823 0.512796
73.91799927 -44.13000107 339.31799316 0.158124 0.843823 0.512796
74.21800232 -44.14699936 339.08898926 0.119941 0.777394 0.617473
73.91799927 -43.91299820 339.01800537 -0.999999 0.000978 0.000978
74.21800232 -43.84700012 338.87600708 -0.162416 0.636004 0.754401
74.21800232 -43.65900040 338.71798706 0.067883 0.735154 0.674493
73.91799927 -43.84700012 338.81100464 -0.055727 0.942169 0.330472
73.91799927 -43.80599976 338.71798706 -0.999999 0.000978 0.000978
83.51799774 -30.89699936 339.61801147 -0.521476 -0.776563 0.353570
83.51799774 -31.05100060 339.31799316 -0.513258 -0.775553 0.367538
83.81800079 -31.24300003 339.31799316 -0.512714 -0.785947 0.345560
83.81800079 -31.11700058 339.61801147 -0.580443 -0.761732 0.287836
83.51799774 -30.02700043 342.01800537 -0.326121 -0.918025 0.225555
83.81800079 -30.13400078 342.01800537 -0.323919 -0.907267 0.268223
83.81800079 -30.26600075 341.71798706 -0.458308 -0.826843 0.326013
83.51799774 -30.10099983 341.71798706 -0.999999 -0.000978 -0.000978
85.91799927 -33.18999863 338.11801147 -0.999999 0.000978 0.000978
85.91799927 -33.15999985 338.41799927 -0.344472 -0.934230 0.092485
86.21800232 -33.27099991 338.41799927 -0.379014 -0.901791 0.207659
86.21800232 -33.36199951 338.11801147 -0.505099 -0.805942 0.308760
83.21800232 -29.85000038 341.71798706 -0.531599 -0.759195 0.375533
82.50000000 -31.54700089 336.31799316 0.000978 0.000978 0.999999
82.31800079 -31.49799919 336.31799316 -0.002967 -0.010880 0.999936
82.31800079 -31.30599976 336.61801147 -0.332101 -0.826319 0.454869
82.61799622 -31.44400024 336.61801147 -0.447922 -0.821454 0.352956
82.61799622 -31.59399986 336.31799316 0.000978 0.000978 0.999999
83.21800232 -29.70499992 342.01800537 -0.459329 -0.829301 0.318238
82.91799927 -29.55999947 342.01800537 -0.454158 -0.828171 0.328440
82.91799927 -29.64200020 341.71798706 -0.480357 -0.824587 0.298854
93.11799622 -47.14699936 337.34201050 -0.326867 -0.088664 0.940902
93.41799927 -47.14699936 337.44900513 -0.302290 -0.145045 0.942116
93.11799622 -46.84700012 337.37399292 -0.216402 -0.077905 0.973191
93.41799927 -46.84700012 337.48800659 -0.285683 -0.095228 0.953581
82.61799622 -29.20199966 342.31799316 -0.432718 -0.799483 0.416632
82.61799622 -29.37700081 342.01800537 -0.473417 -0.786874 0.395861
82.31800079 -29.20100021 342.01800537 -0.442434 -0.812992 0.378545
82.31800079 -29.36000061 341.71798706 -0.494587 -0.818031 0.293612
82.61799622 -29.50300026 341.71798706 -0.404831 -0.860457 0.309395
96.10600281 -44.14699936 339.01800537 0.000978 0.999999 0.000978
96.26699829 -43.84700012 339.01800537 -0.000978 0.999999 -0.000978
96.26899719 -43.84700012 338.71798706 -0.826687 0.509560 0.238615
96.12799835 -44.14699936 338.71798706 -0.874214 0.433384 0.218926
82.61799622 -29.06599998 342.61801147 -0.466181 -0.844664 0.263092
82.31800079 -28.93099976 342.61801147 -0.336633 -0.875854 0.345772
82.31800079 -29.07999992 342.31799316 -0.369662 -0.846947 0.382140
78.71800232 -39.94699860 333.68798828 -0.247481 -0.074119 0.966054
79.01799774 -39.94699860 333.76199341 -0.297587 0.046854 0.953544
78.71800232 -39.64699936 333.71200562 -0.271947 0.015853 0.962182
79.01799774 -39.64699936 333.78100586 -0.291867 -0.036327 0.955769
79.31800079 -39.94699860 333.87500000 -0.265352 0.001201 0.964151
79.31800079 -39.64699936 333.89401245 -0.267580 -0.030827 0.963042
79.61799622 -39.94699860 333.92498779 -0.261725 -0.033176 0.964572
79.61799622 -39.64699936 333.94699097 -0.196043 -0.074277 0.977778
79.61799622 -40.54700089 333.89401245 -0.042613 -0.023905 0.998806
79.31800079 -40.24700165 333.89401245 -0.192709 0.122175 0.973620
89.21800232 -52.86299896 342.31799316 0.000978 0.000978 0.999999
88.91799927 -52.78699875 342.31799316 -0.000978 -0.000978 0.999999
88.91799927 -53.05300140 342.61801147 0.000978 0.000978 0.999999
89.21800232 -53.11899948 342.61801147 0.000978 0.000978 0.999999
88.01799774 -51.60499954 341.41799927 0.152727 0.681980 0.715247
87.71800232 -51.17499924 341.11801147 0.223376 0.738858 0.635761
87.71800232 -51.34700012 341.30398560 0.265366 0.691223 0.672155
88.01799774 -51.34700012 341.17199707 0.261810 0.668012 0.696574
87.41799927 -51.09299850 341.11801147 0.211625 0.770808 0.600891
87.11799622 -51.24000168 341.41799927 0.000978 0.000978 0.999999
87.41799927 -51.35699844 341.41799927 0.251531 0.647020 0.719790
90.41799927 -47.44699860 336.61499023 -0.055737 0.174327 0.983109
90.41799927 -47.74700165 336.72100830 0.125544 0.314536 0.940907
90.41799927 -48.04700089 336.81600952 0.044400 0.300652 0.952700
83.51799774 -45.93999863 337.21798706 0.314833 0.708778 0.631280
90.71800232 -48.34700012 336.82501221 -0.188104 0.074028 0.979355
91.01799774 -48.34700012 336.88299561 -0.191398 0.251124 0.948843
90.71800232 -48.04700089 336.80200195 0.047014 0.075441 0.996041
83.51799774 -45.41899872 336.61801147 0.269113 0.718165 0.641730
83.51799774 -45.64699936 336.90798950 0.259891 0.763922 0.590661
83.81800079 -45.50500107 336.61801147 0.196249 0.730911 0.653648
83.81800079 -45.64699936 336.78601074 0.254552 0.738360 0.624523
83.51799774 -45.08399963 336.31799316 0.269463 0.693588 0.668076
83.81800079 -45.34700012 336.45001221 0.236892 0.729501 0.641647
90.71800232 -48.64699936 337.14001465 0.380456 0.663739 0.643975
91.01799774 -48.64699936 336.96398926 -0.183280 0.256592 0.948983
91.01799774 -48.90000153 337.21798706 0.237863 0.688385 0.685235
91.31800079 -48.04700089 336.82998657 -0.184073 0.068576 0.980518
91.61799622 -48.04700089 336.88598633 -0.185775 0.157588 0.969873
82.91799927 -44.87699890 336.31799316 0.294267 0.699488 0.651247
83.21800232 -45.04700089 336.36401367 0.241294 0.701803 0.670261
82.91799927 -45.13899994 336.61801147 0.000978 0.000978 0.999999
83.21800232 -45.27099991 336.61801147 0.325735 0.701707 0.633643
92.21800232 -49.54700089 337.45001221 0.237779 0.145820 0.960311
91.91799927 -49.24700165 337.27899170 0.999999 0.000978 0.000978
92.34799957 -49.24700165 337.21798706 0.017235 0.173497 0.984684
92.51799774 -49.24700165 337.21499634 0.017235 0.173497 0.984684
92.51799774 -49.26399994 337.21798706 0.017235 0.173497 0.984684
91.91799927 -49.50299835 337.51800537 0.262302 0.659729 0.704241
82.91799927 -50.69400024 342.61801147 0.389457 0.874384 0.289441
83.21800232 -50.56299973 342.31799316 0.130872 0.464524 0.875837
78.41799927 -45.46699905 348.91799927 0.608182 0.744746 -0.274714
78.11799622 -45.27700043 348.61801147 0.333763 0.921753 -0.197417
78.41799927 -45.54700089 348.61801147 0.999999 0.000978 0.000978
78.11799622 -45.43799973 348.31799316 0.481431 0.779691 -0.400382
78.41799927 -45.65599823 348.31799316 0.558768 0.775270 -0.294507
96.11799622 -43.84700012 338.52600098 -0.786061 0.006883 0.618111
78.71800232 -45.79199982 348.61801147 0.999999 -0.000978 -0.000978
78.71800232 -45.87099838 348.31799316 0.594998 0.736895 -0.320880
79.01799774 -46.30099869 348.01800537 0.507033 0.791739 -0.340688
78.71800232 -46.16199875 347.71798706 0.567706 0.776445 -0.273574
79.01799774 -46.38199997 347.71798706 0.999999 0.000978 0.000978
79.01799774 -46.05699921 348.61801147 0.495311 0.820310 -0.285936
79.01799774 -46.12500000 348.31799316 0.521509 0.789440 -0.323750
79.31800079 -46.21200180 348.61801147 0.401279 0.813748 -0.420463
79.61799622 -46.46900177 348.61801147 0.999999 0.000978 0.000978
79.31800079 -46.35599899 348.31799316 0.553013 0.771013 -0.315779
79.31800079 -46.45899963 348.01800537 0.999999 0.000978 0.000978
79.61799622 -46.66500092 348.01800537 0.550020 0.776405 -0.307692
79.61799622 -46.79499817 347.71798706 0.585758 0.771065 -0.249693
79.31800079 -46.54999924 347.71798706 0.999999 -0.000978 -0.000978
75.41799927 -44.74700165 339.34399414 0.286669 0.722279 0.629392
75.11799622 -44.74700165 339.51400757 0.209348 0.733494 0.646653
75.11799622 -44.57400131 339.31799316 0.325707 0.724334 0.607663
75.11799622 -44.31999969 339.01800537 0.000978 0.000978 0.999999
75.41799927 -44.47299957 339.01800537 0.267464 0.523978 0.808647
75.41799927 -44.17900085 338.71798706 0.000978 0.000978 0.999999
83.51799774 -50.09099960 341.71798706 0.000978 0.000978 0.999999
80.21800232 -47.23300171 347.71798706 0.572855 0.732797 -0.367214
83.51799774 -50.44699860 342.09899902 0.237116 0.717629 0.654817
83.81800079 -50.47200012 342.01800537 0.237235 0.708564 0.664573
83.81800079 -50.19800186 341.71798706 0.000978 0.000978 0.999999
80.21800232 -47.08499908 348.01800537 0.541155 0.767309 -0.344077
79.91799927 -46.88399887 348.01800537 0.551722 0.785689 -0.279813
79.91799927 -47.00000000 347.71798706 0.565449 0.774523 -0.283517
84.41799927 -50.74700165 342.06500244 0.301543 0.659524 0.688549
84.11799622 -50.74700165 342.19400024 0.305117 0.689339 0.657051
84.11799622 -50.57300186 342.01800537 0.233869 0.692190 0.682772
84.11799622 -50.32699966 341.71798706 -0.000978 -0.000978 0.999999
84.41799927 -50.47299957 341.71798706 0.000978 0.000978 0.999999
79.91799927 -47.10400009 347.41799927 0.999999 0.000978 0.000978
85.01799774 -50.65900040 341.71798706 0.292457 0.792005 0.535908
84.71800232 -50.74700165 341.92599487 0.283049 0.692430 0.663645
84.71800232 -50.54800034 341.71798706 0.223681 0.724227 0.652274
85.01799774 -50.95600128 342.01800537 0.265912 0.667168 0.695829
84.71800232 -51.04700089 342.21398926 0.306290 0.591733 0.745680
85.01799774 -51.34700012 342.43899536 0.192352 0.737091 0.647840
85.61799622 -51.19800186 342.01800537 0.136840 0.355232 0.924708
85.31800079 -51.08300018 342.01800537 0.000978 0.000978 0.999999
85.61799622 -50.91600037 341.71798706 0.293691 0.694908 0.656391
80.21800232 -47.38499832 347.41799927 0.602592 0.756781 -0.253309
80.21800232 -47.43199921 347.11801147 0.999999 0.000978 0.000978
79.91799927 -47.18799973 347.11801147 0.579191 0.766436 -0.277694
80.51799774 -47.58499908 347.41799927 0.999999 -0.000978 -0.000978
80.51799774 -47.62200165 347.11801147 0.999999 0.000978 0.000978
80.81800079 -47.77600098 347.41799927 0.526607 0.777832 -0.343019
80.81800079 -47.90700150 347.11801147 0.567194 0.770557 -0.290746
97.30100250 -39.04700089 344.11801147 -0.000978 -0.999999 -0.000978
97.31800079 -39.34700012 343.76098633 0.000978 -0.999999 0.000978
97.33699799 -39.34700012 343.51800537 -0.921509 0.380711 -0.076680
82.01799774 -48.87900162 346.81799316 0.526679 0.782815 -0.331376
81.71800232 -48.66500092 346.81799316 0.518730 0.782111 -0.345285
81.71800232 -48.82500076 346.51800537 0.514908 0.787601 -0.338460
81.71800232 -48.92200089 346.21798706 0.999999 -0.000978 -0.000978
82.01799774 -48.99900055 346.51800537 0.504570 0.800628 -0.323116
82.31800079 -49.06900024 346.81799316 0.550836 0.787585 -0.276207
82.61799622 -49.31800079 346.81799316 0.506166 0.801298 -0.318932
82.31800079 -49.20299911 346.51800537 0.526607 0.777832 -0.343019
82.61799622 -49.45800018 346.51800537 0.539071 0.770791 -0.339534
82.01799774 -49.12099838 346.21798706 0.533170 0.779741 -0.328228
81.71800232 -48.96599960 345.91799927 0.602906 0.751655 -0.267431
82.01799774 -49.25099945 345.91799927 0.560749 0.768434 -0.308332
92.40599823 -45.94699860 349.51800537 0.000978 0.999999 0.000978
92.32800293 -45.94699860 349.81799316 -0.000978 0.999999 -0.000978
92.49900055 -45.64699936 349.81799316 0.000978 0.999999 0.000978
92.05500031 -46.54700089 349.51800537 -0.000978 0.999999 -0.000978
92.24099731 -46.24700165 349.51800537 0.000978 0.999999 0.000978
91.96399689 -46.54700089 349.81799316 0.000978 0.999999 0.000978
92.16100311 -46.24700165 349.81799316 -0.000978 0.999999 -0.000978
82.31800079 -49.33399963 346.21798706 0.546136 0.768457 -0.333481
82.31800079 -49.46400070 345.91799927 0.519153 0.795399 -0.312762
92.05699921 -46.24700165 350.11801147 -0.000978 0.999999 -0.000978
91.94999695 -46.24700165 350.41799927 -0.000978 0.999999 -0.000978
92.24099731 -45.94699860 350.11801147 -0.000978 0.999999 -0.000978
92.42600250 -45.64699936 350.11801147 -0.000978 0.999999 -0.000978
92.13800049 -45.94699860 350.41799927 0.000978 0.999999 0.000978
92.35299683 -45.64699936 350.41799927 0.000978 0.999999 0.000978
91.87999725 -46.54700089 350.11801147 -0.000978 0.999999 -0.000978
91.82099915 -46.54700089 350.41799927 0.000978 0.999999 0.000978
93.71800232 -48.04700089 337.50100708 -0.333695 -0.138696 0.932422
82.61799622 -49.58200073 346.21798706 0.535992 0.806318 -0.250129
82.61799622 -49.64300156 345.91799927 0.999999 -0.000978 -0.000978
82.91799927 -49.75899887 346.21798706 0.500217 0.816969 -0.286958
83.21800232 -49.94800186 346.21798706 0.999999 -0.000978 -0.000978
83.21800232 -50.04800034 345.91799927 0.525683 0.787726 -0.321162
82.91799927 -49.87300110 345.91799927 0.543519 0.802042 -0.247621
82.91799927 -49.94400024 345.61801147 0.580723 0.751240 -0.313687
82.91799927 -50.12300110 345.31799316 0.549748 0.748767 -0.370305
91.40699768 -46.84700012 351.31799316 0.000978 0.999999 0.000978
91.32900238 -46.84700012 351.61801147 -0.000978 0.999999 -0.000978
91.41699982 -46.54700089 351.91799927 0.000978 0.999999 0.000978
91.60099792 -46.24700165 351.91799927 0.000978 0.999999 0.000978
91.51499939 -46.24700165 352.21798706 0.000978 0.999999 0.000978
83.21800232 -50.19200134 345.61801147 0.444907 0.814866 -0.371553
83.21800232 -50.32099915 345.31799316 0.483469 0.802590 -0.349438
82.31800079 -50.40399933 342.61801147 0.494697 0.855812 -0.151198
82.61799622 -50.56200027 342.61801147 0.433373 0.893566 0.117166
91.31600189 -46.54700089 352.21798706 -0.000978 0.999999 -0.000978
82.61799622 -50.26200104 342.31799316 -0.189827 -0.392695 0.899865
83.51799774 -50.35100174 345.61801147 0.490129 0.822102 -0.289693
83.81800079 -50.61399841 345.61801147 0.999999 0.000978 0.000978
83.51799774 -50.48500061 345.31799316 0.462276 0.794085 -0.394626
90.90599823 -47.14699936 352.51800537 0.000978 0.999999 0.000978
83.81800079 -50.75000000 345.31799316 0.594986 0.751309 -0.285529
91.07700348 -46.84700012 352.51800537 0.000978 0.999999 0.000978
90.83000183 -47.14699936 352.81799316 0.000978 0.999999 0.000978
91.03800201 -46.84700012 352.81799316 -0.000978 0.999999 -0.000978
84.11799622 -50.85100174 345.61801147 0.597530 0.724526 -0.343539
84.37500000 -51.04700089 345.61801147 0.567845 0.743567 -0.353072
84.11799622 -50.97200012 345.31799316 0.555289 0.783099 -0.280017
84.41799927 -51.22399902 345.31799316 0.574136 0.775477 -0.262687
84.71800232 -51.57199860 345.01800537 0.531820 0.776039 -0.339015
85.01799774 -51.75699997 345.01800537 0.522592 0.748666 -0.407917
85.01799774 -51.89599991 344.71798706 0.525302 0.795095 -0.303120
84.71800232 -51.67200089 344.71798706 0.999999 -0.000978 -0.000978
84.71800232 -51.75500107 344.41799927 0.999999 0.000978 0.000978
85.01799774 -51.94599915 344.11801147 0.999999 -0.000978 -0.000978
84.71800232 -51.79000092 344.11801147 0.999999 -0.000978 -0.000978
85.01799774 -51.98600006 344.41799927 0.999999 -0.000978 -0.000978
90.27400208 -48.94699860 350.71798706 -0.826257 0.513536 -0.231475
90.45300293 -48.64699936 350.71798706 -0.000978 0.999999 -0.000978
90.15299988 -48.94699860 351.01800537 -0.818737 0.499383 -0.283349
90.36000061 -48.64699936 351.01800537 0.000978 0.999999 0.000978
90.62799835 -48.34700012 350.71798706 0.000978 0.999999 0.000978
90.56999969 -48.34700012 351.01800537 0.000978 0.999999 0.000978
85.31800079 -52.22600174 344.41799927 0.574816 0.792480 -0.203868
85.61799622 -52.37799835 344.41799927 0.999999 0.000978 0.000978
85.31800079 -52.21799850 344.11801147 0.999999 -0.000978 -0.000978
85.61799622 -52.38600159 344.11801147 0.999999 -0.000978 -0.000978
89.80599976 -48.94699860 352.51800537 0.000978 0.999999 0.000978
90.02200317 -48.64699936 352.51800537 -0.000978 0.999999 -0.000978
89.72200012 -48.94699860 352.81799316 -0.818672 0.543260 -0.186131
86.21800232 -52.81900024 344.41799927 0.999999 -0.000978 -0.000978
85.91799927 -52.56700134 344.41799927 0.999999 -0.000978 -0.000978
86.21800232 -52.81600189 344.11801147 0.999999 -0.000978 -0.000978
85.91799927 -52.60200119 344.11801147 0.999999 -0.000978 -0.000978
89.94499969 -48.64699936 352.81799316 0.000978 0.999999 0.000978
86.21800232 -52.79600143 343.81799316 0.999999 0.000978 0.000978
85.91799927 -52.61800003 343.81799316 0.999999 -0.000978 -0.000978
86.21800232 -52.80899811 343.51800537 0.113280 0.992600 -0.043742
85.91799927 -52.63000107 343.51800537 0.485748 0.811690 0.324359
86.51799774 -53.02999878 343.81799316 0.571146 0.763128 0.302371
86.51799774 -52.84299850 343.51800537 0.298191 0.803064 0.515917
86.81800079 -53.02600098 343.51800537 0.340936 0.754582 0.560685
91.61799622 -34.03099823 346.21798706 -0.732958 -0.649280 0.202997
91.80999756 -34.24700165 346.21798706 0.000978 0.000978 0.999999
91.61799622 -34.12500000 345.91799927 -0.582412 -0.776029 0.242021
96.71800232 -40.84700012 338.98599243 -0.455143 -0.347305 0.819893
97.01799774 -41.14699936 338.99899292 -0.433177 -0.232327 0.870851
96.71800232 -41.14699936 338.85900879 -0.416980 -0.237634 0.877302
96.41799927 -42.64699936 338.60501099 -0.133973 -0.007750 0.990955
96.11799622 -42.64699936 338.57299805 -0.189773 -0.105429 0.976151
96.41799927 -42.94699860 338.61499023 -0.406892 0.074846 0.910405
96.11799622 -42.94699860 338.50299072 -0.314274 -0.110999 0.942821
90.41799927 -40.84700012 337.02700806 -0.289185 -0.026064 0.956918
90.11799622 -40.84700012 336.92300415 -0.315934 -0.082589 0.945180
90.41799927 -41.14699936 337.01098633 -0.293443 -0.078855 0.952719
90.11799622 -41.14699936 336.90100098 -0.310996 -0.060651 0.948474
89.81800079 -41.44699860 336.80398560 -0.265383 -0.061629 0.962171
89.51799774 -41.44699860 336.71899414 -0.252438 -0.043099 0.966653
89.81800079 -41.74700165 336.77600098 -0.253613 -0.104277 0.961669
89.51799774 -41.74700165 336.69400024 -0.245687 -0.106764 0.963452
89.81800079 -40.84700012 336.82699585 -0.308263 -0.076741 0.948201
89.51799774 -40.84700012 336.72900391 -0.273116 -0.056637 0.960312
89.81800079 -41.14699936 336.81500244 -0.288879 -0.036266 0.956678
89.51799774 -41.14699936 336.72000122 -0.293092 -0.016077 0.955949
89.21800232 -40.84700012 336.65600586 -0.201268 -0.069529 0.977065
89.21800232 -41.14699936 336.63101196 -0.262684 -0.013316 0.964790
88.91799927 -40.84700012 336.60501099 -0.235185 -0.070929 0.969359
88.91799927 -41.14699936 336.55700684 -0.278793 -0.078371 0.957148
89.21800232 -41.44699860 336.64801025 -0.262692 -0.010895 0.964818
89.21800232 -41.74700165 336.62399292 -0.259432 -0.072135 0.963064
88.91799927 -41.44699860 336.55599976 -0.296252 -0.039080 0.954310
88.91799927 -41.74700165 336.53201294 -0.283065 -0.086600 0.955183
88.61799622 -41.44699860 336.46099854 -0.319947 -0.016311 0.947295
88.31800079 -41.44699860 336.33401489 -0.333523 -0.011327 0.942674
88.61799622 -41.74700165 336.44601440 -0.278677 -0.064897 0.958190
88.31800079 -41.74700165 336.35699463 -0.334188 -0.006258 0.942486
87.41799927 -42.04700089 336.07699585 -0.306169 -0.068468 0.949512
87.41799927 -42.34700012 336.04998779 -0.325590 -0.071917 0.942772
87.11799622 -42.04700089 335.96899414 -0.251146 -0.063724 0.965849
87.11799622 -42.34700012 335.94500732 -0.287541 -0.051935 0.956359
87.41799927 -42.64699936 336.03201294 -0.314421 -0.042008 0.948354
87.41799927 -42.94699860 336.02398682 -0.317372 -0.050111 0.946976
87.11799622 -42.64699936 335.93600464 -0.277411 -0.059536 0.958905
87.11799622 -42.94699860 335.90701294 -0.205453 -0.077506 0.975593
86.81800079 -42.04700089 335.92199707 -0.205095 -0.059466 0.976934
86.51799774 -42.04700089 335.84298706 -0.307564 -0.073971 0.948648
86.81800079 -42.34700012 335.86999512 -0.244540 -0.103706 0.964077
86.51799774 -42.34700012 335.79299927 -0.204803 -0.093092 0.974366
86.81800079 -42.64699936 335.85800171 -0.242649 -0.037800 0.969377
86.51799774 -42.64699936 335.78601074 -0.237488 -0.037755 0.970656
86.81800079 -42.94699860 335.84698486 -0.225074 -0.034905 0.973716
86.51799774 -42.94699860 335.76901245 -0.240499 -0.068536 0.968227
84.11799622 -43.84700012 335.10299683 -0.110787 0.264584 0.957978
84.41799927 -43.54700089 335.12600708 -0.239465 0.089958 0.966729
84.41799927 -43.84700012 335.13500977 -0.114497 0.007633 0.993394
84.11799622 -44.14699936 335.20300293 0.125879 0.207255 0.970155
84.30799866 -44.14699936 335.11801147 0.401291 -0.196998 0.894515
83.81800079 -43.84700012 335.06600952 -0.120008 0.167022 0.978622
83.81800079 -44.14699936 335.18899536 0.001347 0.534955 0.844879
83.51799774 -44.00999832 335.11801147 0.029709 0.362972 0.931326
79.61799622 -45.53900146 338.41799927 0.000978 0.000978 0.999999
79.31800079 -45.41999817 338.41799927 0.000978 0.000978 0.999999
79.61799622 -45.79199982 338.71798706 0.203332 0.551901 0.808741
79.31800079 -45.68099976 338.71798706 0.000978 0.000978 0.999999
79.01799774 -45.83800125 339.01800537 0.311118 0.776997 0.547249
79.01799774 -45.54600143 338.71798706 0.251849 0.692188 0.676349
78.71800232 -45.64699936 338.91699219 0.325865 0.695503 0.640381
78.71800232 -45.46400070 338.71798706 0.196373 0.722095 0.663338
78.41799927 -45.59999847 339.01800537 0.267522 0.886261 0.378118
78.11799622 -45.50999832 339.01800537 0.000978 0.000978 0.999999
78.41799927 -46.16899872 339.61801147 0.000978 0.000978 0.999999
78.11799622 -46.24700165 339.81698608 0.329635 0.683626 0.651150
78.11799622 -46.05699921 339.61801147 0.265347 0.694352 0.668929
78.41799927 -45.89799881 339.31799316 -0.000978 -0.000978 0.999999
78.11799622 -45.79000092 339.31799316 0.000978 0.000978 0.999999
79.61799622 -44.73899841 337.51800537 0.000978 0.000978 0.999999
79.31800079 -44.62099838 337.51800537 0.287271 0.669230 0.685279
79.61799622 -44.44699860 337.23199463 0.000978 0.999999 0.000978
79.31800079 -44.44699860 337.35501099 0.297152 0.647309 0.701920
89.51799774 -35.74700165 338.04400635 -0.362241 -0.673670 0.644166
89.51799774 -35.99599838 337.81799316 -0.301086 -0.853848 0.424608
89.51799774 -36.03300095 337.51800537 -0.999999 -0.000978 -0.000978
73.31800079 -40.13399887 350.11801147 -0.000978 -0.000978 -0.999999
73.43900299 -39.64699936 350.71798706 -0.804274 0.552073 -0.219907
73.61799622 -39.54700089 350.41799927 -0.000978 -0.000978 -0.999999
73.52700043 -39.64699936 350.41799927 -0.722758 0.657477 -0.212942
89.13099670 -51.94699860 347.71798706 -0.000978 0.999999 -0.000978
89.33200073 -51.64699936 347.71798706 -0.000978 0.999999 -0.000978
89.07299805 -51.94699860 348.01800537 0.000978 0.999999 0.000978
89.26799774 -51.64699936 348.01800537 -0.000978 0.999999 -0.000978
73.77500153 -39.34700012 350.41799927 -0.766130 0.586050 -0.263801
73.91799927 -39.15599823 350.41799927 -0.739250 0.552388 -0.385197
73.54499817 -39.34700012 351.01800537 -0.752636 0.579321 -0.312930
73.84300232 -39.04700089 350.71798706 -0.784651 0.515078 -0.344990
73.66899872 -39.34700012 350.71798706 -0.789475 0.539501 -0.292691
88.95099640 -52.24700165 347.71798706 -0.000978 0.999999 -0.000978
88.76599884 -52.54700089 347.71798706 -0.839368 0.471468 -0.270515
88.69899750 -52.54700089 348.01800537 -0.953754 -0.211198 -0.213888
88.89099884 -52.24700165 348.01800537 -0.000978 0.999999 -0.000978
74.21800232 -38.42499924 351.01800537 -0.812271 0.534835 -0.232738
74.20300293 -38.44699860 351.01800537 -0.802243 0.547760 -0.237414
74.21800232 -38.55500031 350.71798706 -0.752023 0.606978 -0.256981
74.06300354 -38.74700165 350.71798706 0.000978 0.000978 -0.999999
93.87500000 -48.04700089 337.81799316 -0.839356 0.487713 0.240035
74.81800079 -42.90499878 337.51800537 0.062569 0.869012 0.490818
97.40599823 -41.14699936 341.11801147 -0.942626 0.265587 -0.202286
97.51100159 -40.84700012 341.11801147 -0.940324 0.340224 -0.006277
97.37400055 -41.14699936 341.41799927 -0.000978 0.999999 -0.000978
97.51399994 -40.84700012 341.41799927 -0.996383 0.031374 -0.078975
73.26100159 -39.94699860 350.71798706 -0.833455 0.495775 -0.244050
85.31800079 -39.34700012 335.65301514 -0.269887 -0.028344 0.962475
85.31800079 -39.04700089 335.65399170 -0.287217 -0.041389 0.956971
76.61799622 -41.14699936 334.94000244 0.304249 0.642304 0.703476
96.41799927 -38.34899902 344.11801147 -0.474747 -0.757295 0.448463
96.41799927 -38.14799881 344.41799927 -0.509194 -0.785477 0.351778
97.01799774 -38.05799866 346.21798706 -0.560672 -0.749188 0.352654
96.77300262 -37.84700012 346.21798706 -0.640588 -0.745048 0.185878
97.01799774 -37.86899948 346.51800537 -0.999999 0.000978 0.000978
96.71800232 -37.57500076 346.81799316 -0.405475 -0.913949 -0.016949
97.01799774 -37.70800018 346.81799316 -0.410187 -0.828292 0.381680
96.70800018 -41.74700165 342.61801147 0.000978 0.999999 0.000978
93.01599884 -44.74700165 350.11801147 -0.000978 0.999999 -0.000978
92.91600037 -44.74700165 350.41799927 -0.000978 0.999999 -0.000978
93.09700012 -44.44699860 350.41799927 -0.000978 0.999999 -0.000978
92.61299896 -45.34700012 350.11801147 0.000978 0.999999 0.000978
92.82800293 -45.04700089 350.11801147 0.000978 0.999999 0.000978
92.55400085 -45.34700012 350.41799927 -0.000978 0.999999 -0.000978
92.73500061 -45.04700089 350.41799927 0.000978 0.999999 0.000978
96.39399719 -42.34700012 342.31799316 0.000978 0.999999 0.000978
96.57099915 -42.04700089 342.31799316 0.000978 0.999999 0.000978
96.33499908 -42.34700012 342.61801147 0.000978 0.999999 0.000978
96.51799774 -42.04700089 342.61801147 -0.000978 0.999999 -0.000978
95.21800232 -39.43799973 339.31799316 -0.581314 -0.759690 0.291453
95.21800232 -39.28699875 339.61801147 -0.531818 -0.767822 0.357239
94.91799927 -39.09600067 339.61801147 -0.539815 -0.768632 0.343226
94.91799927 -39.21599960 339.31799316 -0.585308 -0.762963 0.274413
91.52100372 -45.94699860 353.11801147 -0.839545 0.518586 -0.161965
91.71499634 -45.64699936 353.11801147 -0.822382 0.548751 -0.150200
75.11799622 -42.77899933 349.81799316 0.485909 0.867797 -0.104022
75.40699768 -42.94699860 349.81799316 0.701565 0.710173 -0.058822
75.11799622 -42.81499863 349.51800537 0.493064 0.838057 -0.233557
89.89800262 -33.04700089 345.91799927 -0.467462 -0.837083 0.284204
89.51799774 -32.93000031 345.61801147 -0.485306 -0.836574 0.254208
89.81800079 -33.10400009 345.61801147 -0.473719 -0.823106 0.313189
89.51799774 -33.02099991 345.31799316 -0.900744 -0.415837 0.125456
89.81800079 -33.22900009 345.31799316 -0.492818 -0.809742 0.318509
91.31800079 -35.44699860 342.17999268 -0.999999 -0.000978 -0.000978
91.61799622 -35.70100021 342.01800537 -0.543073 -0.812315 0.212640
91.31800079 -35.55699921 342.01800537 -0.451358 -0.787854 0.419002
91.31800079 -35.68199921 341.71798706 -0.538373 -0.809874 0.232935
91.61799622 -35.84400177 341.71798706 -0.464634 -0.771129 0.435288
79.01799774 -45.55099869 349.81799316 0.535611 0.804198 -0.257656
79.01799774 -45.58700180 349.51800537 0.629272 0.730717 -0.264706
78.71800232 -45.38299942 349.51800537 0.566856 0.797286 -0.207386
73.31800079 -44.09700012 343.21798706 0.511352 0.794906 -0.326564
73.31800079 -43.81600189 343.81799316 0.527990 0.786402 -0.320622
73.61799622 -44.02099991 343.81799316 0.546618 0.774242 -0.318994
73.31800079 -43.94100189 343.51800537 0.508301 0.779394 -0.366299
73.61799622 -44.15399933 343.51800537 0.536570 0.780029 -0.321942
73.91799927 -44.29800034 343.81799316 0.575702 0.741115 -0.345421
74.21800232 -44.50899887 343.81799316 0.515556 0.777374 -0.360404
73.91799927 -44.40700150 343.51800537 0.999999 -0.000978 -0.000978
74.21800232 -44.63499832 343.51800537 0.541826 0.801028 -0.254518
80.21800232 -45.84799957 351.01800537 0.359131 0.787511 -0.500851
79.91799927 -45.71099854 351.01800537 0.396181 0.867314 -0.301342
79.91799927 -45.81499863 350.71798706 0.999999 -0.000978 -0.000978
75.11799622 -44.43700027 345.61801147 0.999999 -0.000978 -0.000978
79.91799927 -45.91600037 350.41799927 0.999999 0.000978 0.000978
75.41799927 -44.58700180 345.61801147 0.480387 0.831738 -0.278282
75.41799927 -44.71699905 345.31799316 0.543337 0.760671 -0.355196
75.11799622 -44.51900101 345.31799316 0.548577 0.790643 -0.271931
75.71800232 -44.78400040 345.61801147 0.568136 0.758051 -0.320281
76.01799774 -45.06800079 345.61801147 0.999999 -0.000978 -0.000978
75.71800232 -44.94900131 345.31799316 0.558538 0.744174 -0.366388
76.01799774 -45.16699982 345.31799316 0.999999 -0.000978 -0.000978
80.21800232 -46.03900146 350.71798706 0.526955 0.728486 -0.437752
81.11799622 -47.05699921 349.81799316 0.595275 0.767140 -0.239048
81.11799622 -47.11899948 349.51800537 0.572726 0.779849 -0.252627
80.81800079 -46.57300186 350.71798706 0.584646 0.793125 -0.170711
80.51799774 -46.16500092 351.01800537 0.719491 0.650218 -0.244029
80.59200287 -46.24700165 351.01800537 0.653623 0.713762 -0.251637
80.81800079 -46.44400024 351.01800537 0.558538 0.744174 -0.366388
83.81800079 -51.41500092 343.51800537 0.338322 0.914190 -0.223149
80.51799774 -46.27700043 350.71798706 0.719491 0.650218 -0.244029
73.01799774 -43.88299942 343.21798706 0.581141 0.770130 -0.263010
73.01799774 -43.96799850 342.91799927 0.507583 0.792599 -0.337855
72.89800262 -41.14699936 349.51800537 0.721958 0.573949 -0.386470
73.01799774 -40.82600021 349.81799316 -0.547549 0.638526 -0.540810
88.31800079 -32.09299850 345.31799316 -0.606512 -0.698557 0.379686
88.01799774 -31.87599945 345.01800537 -0.680953 -0.702669 0.206302
88.01799774 -32.14300156 344.71798706 0.000978 0.000978 0.999999
87.71800232 -31.92799950 344.71798706 -0.560133 -0.781030 0.276122
97.01799774 -38.15000153 345.91799927 -0.657007 -0.695560 0.290754
84.71800232 -50.96900177 346.51800537 0.419112 0.741252 -0.524300
85.01799774 -51.04700089 346.63299561 0.408234 0.295091 -0.863867
84.41799927 -50.93799973 345.91799927 0.249321 0.898442 -0.361442
84.41799927 -50.81700134 346.21798706 0.609643 0.773836 -0.171795
84.41799927 -50.80500031 346.51800537 0.439927 0.811065 -0.385536
84.11799622 -50.58100128 346.51800537 0.644956 0.726556 -0.236955
84.11799622 -50.42699814 346.81799316 0.254143 0.859824 -0.442847
84.41799927 -50.44699860 346.95199585 0.154692 0.785477 -0.599246
84.11799622 -50.68700027 345.91799927 0.586239 0.755561 -0.292321
84.11799622 -50.62099838 346.21798706 0.999999 0.000978 0.000978
83.81800079 -50.29100037 346.51800537 0.999999 0.000978 0.000978
83.81800079 -50.18199921 346.81799316 0.523575 0.790933 -0.316692
95.74700165 -42.94699860 343.51800537 0.000978 0.999999 0.000978
95.94699860 -42.64699936 343.51800537 -0.000978 0.999999 -0.000978
95.67800140 -42.94699860 343.81799316 0.000978 0.999999 0.000978
95.85600281 -42.64699936 343.81799316 0.000978 0.999999 0.000978
94.29100037 -47.14699936 337.81799316 -0.777654 0.248787 0.577373
94.01799774 -46.84700012 337.67001343 -0.319176 -0.108173 0.941502
93.71800232 -46.84700012 337.57199097 -0.287010 -0.129488 0.949135
94.01799774 -47.14699936 337.59899902 -0.296835 -0.090227 0.950657
93.71800232 -47.14699936 337.53500366 -0.241258 -0.134322 0.961120
81.71800232 -48.06200027 348.31799316 0.512857 0.782951 -0.352087
82.01799774 -48.26300049 348.31799316 0.539630 0.776619 -0.325059
82.01799774 -48.13299942 348.61801147 0.497166 0.789995 -0.358796
81.71800232 -47.93299866 348.61801147 0.568884 0.787087 -0.238464
81.41799927 -47.86899948 348.31799316 0.538988 0.765590 -0.351232
81.11799622 -47.64199829 348.31799316 0.553013 0.771013 -0.315779
81.11799622 -47.48799896 348.61801147 0.526749 0.774820 -0.349555
81.41799927 -47.70299911 348.61801147 0.572450 0.763798 -0.298184
81.41799927 -47.63700104 348.91799927 0.999999 -0.000978 -0.000978
81.11799622 -47.37300110 348.91799927 0.540053 0.782201 -0.310650
81.41799927 -47.45299911 349.21798706 0.574262 0.740196 -0.349763
81.11799622 -47.25099945 349.21798706 0.516513 0.788362 -0.334214
80.51799774 -47.16799927 348.31799316 0.552451 0.770229 -0.318660
80.81800079 -47.44100189 348.31799316 0.561300 0.769189 -0.305437
80.81800079 -47.29700089 348.61801147 0.493585 0.789415 -0.364964
80.51799774 -46.93500137 348.91799927 0.548034 0.783133 -0.293873
80.81800079 -47.05899811 349.21798706 0.539630 0.776619 -0.325059
80.51799774 -46.83499908 349.21798706 0.563646 0.773227 -0.290556
80.81800079 -47.16400146 348.91799927 0.561300 0.769189 -0.305437
80.51799774 -47.06000137 348.61801147 0.525604 0.792376 -0.309646
85.61799622 -44.74700165 335.45700073 -0.106715 0.293795 0.949893
85.31800079 -44.74700165 335.45999146 0.032009 0.336732 0.941056
85.61799622 -44.44699860 335.39001465 -0.215928 0.057337 0.974724
85.31800079 -44.44699860 335.35800171 -0.089375 0.187320 0.978225
80.21800232 -46.74399948 348.91799927 0.529743 0.790637 -0.307028
80.21800232 -46.62300110 349.21798706 0.540851 0.788278 -0.293424
79.91799927 -46.53300095 348.91799927 0.512257 0.757748 -0.404241
79.91799927 -46.38499832 349.21798706 0.512575 0.777756 -0.363815
81.41799927 -42.04700089 334.38500977 -0.111819 0.133461 0.984726
81.11799622 -42.04700089 334.38900757 -0.008597 0.291053 0.956668
81.41799927 -42.34700012 334.42898560 0.037665 0.236928 0.970797
81.11799622 -42.34700012 334.48199463 0.124874 0.266837 0.955617
80.81800079 -42.04700089 334.38000488 -0.000978 0.999999 -0.000978
80.51799774 -42.04700089 334.38198853 0.005901 0.227785 0.973694
80.81800079 -42.34700012 334.50698853 -0.000978 0.999999 -0.000978
80.51799774 -42.34700012 334.57699585 0.240663 0.630757 0.737718
95.56199646 -43.24700165 343.51800537 0.000978 0.999999 0.000978
92.22399902 -50.44699860 339.01800537 -0.781594 0.608899 -0.135476
91.91799927 -50.68399811 339.01800537 -0.210703 0.974656 0.075163
92.21800232 -50.40599823 338.71798706 -0.587850 0.777079 0.224903
91.91799927 -50.54700089 338.71798706 -0.118914 0.805971 0.579888
92.39299774 -50.14699936 339.01800537 -0.000978 0.999999 -0.000978
95.51799774 -40.24700165 351.12100220 -0.785691 0.570987 -0.238041
95.54900360 -40.24700165 351.01800537 -0.776308 0.545817 -0.315325
95.67400360 -40.24700165 350.71798706 -0.822102 0.490129 -0.289693
95.75299835 -39.94699860 351.01800537 -0.000978 0.999999 -0.000978
95.81800079 -39.94699860 350.82199097 -0.000978 0.999999 -0.000978
95.85099792 -39.94699860 350.71798706 0.000978 0.999999 0.000978
96.06500244 -39.94699860 349.81799316 -0.000978 0.999999 -0.000978
92.44699860 -50.14699936 338.71798706 -0.786088 0.616123 -0.049573
96.21399689 -39.64699936 349.81799316 -0.000978 0.999999 -0.000978
96.28399658 -39.64699936 349.51800537 0.000978 0.999999 0.000978
96.12300110 -39.94699860 349.51800537 0.000978 0.999999 0.000978
96.36599731 -39.64699936 349.21798706 0.000978 0.999999 0.000978
96.18299866 -39.94699860 349.21798706 -0.920643 0.343650 -0.185260
96.44799805 -39.64699936 348.91799927 -0.000978 0.999999 -0.000978
93.71800232 -37.84700012 343.82400513 0.996024 0.079464 -0.040276
94.01799774 -38.08900070 343.81799316 0.616448 0.719998 -0.318741
94.08599854 -38.14699936 343.81799316 0.616448 0.719998 -0.318741
93.71800232 -37.84999847 343.81799316 0.933722 0.078364 0.349316
93.83100128 -37.84700012 343.51800537 0.893792 0.293952 0.338716
93.93000031 -38.14699936 343.51800537 0.898950 0.297675 -0.321371
92.61299896 -49.84700012 339.01800537 -0.000978 0.999999 -0.000978
92.66100311 -49.84700012 338.71798706 0.000978 0.999999 0.000978
96.04599762 -43.54700089 340.81799316 0.000978 0.999999 0.000978
96.14199829 -43.24700165 341.11801147 0.000978 0.999999 0.000978
95.94999695 -43.54700089 341.11801147 0.000978 0.999999 0.000978
95.87899780 -43.54700089 341.41799927 -0.923715 0.324932 -0.202905
96.08499908 -43.24700165 341.41799927 -0.000978 0.999999 -0.000978
95.51799774 -39.80099869 339.01800537 -0.414808 -0.792493 0.447089
95.51799774 -39.94699860 338.83898926 -0.410525 -0.558908 0.720480
96.32700348 -42.94699860 341.11801147 -0.000978 0.999999 -0.000978
88.01799774 -39.04700089 336.45700073 -0.236548 -0.060685 0.969723
87.71800232 -39.04700089 336.38900757 -0.239904 -0.025317 0.970466
96.49500275 -42.64699936 341.11801147 0.000978 0.999999 0.000978
88.01799774 -39.34700012 336.43200684 -0.197772 -0.084759 0.976577
87.71800232 -39.34700012 336.38198853 -0.193273 -0.071718 0.978520
96.25099945 -42.94699860 341.41799927 0.000978 0.999999 0.000978
96.42700195 -42.64699936 341.41799927 -0.000978 0.999999 -0.000978
79.31800079 -39.04700089 333.90499878 -0.304080 -0.026279 0.952284
79.31800079 -39.34700012 333.89401245 -0.299000 -0.018610 0.954072
95.36100006 -43.54700089 343.51800537 -0.000978 0.999999 -0.000978
95.27799988 -43.54700089 343.81799316 0.000978 0.999999 0.000978
95.47200012 -43.24700165 343.81799316 -0.000978 0.999999 -0.000978
78.41799927 -39.04700089 333.63101196 -0.008830 -0.341831 0.939720
78.11799622 -39.04700089 333.72698975 0.259893 -0.524455 0.810804
78.11799622 -39.21500015 333.61801147 0.999999 0.000978 0.000978
78.41799927 -39.34700012 333.59698486 -0.183421 -0.031544 0.982528
78.11799622 -39.34700012 333.56600952 -0.020258 -0.075702 0.996925
95.22000122 -43.54700089 344.11801147 -0.000978 0.999999 -0.000978
95.40399933 -43.24700165 344.11801147 0.000978 0.999999 0.000978
95.15599823 -43.54700089 344.41799927 -0.000978 0.999999 -0.000978
95.32800293 -43.24700165 344.41799927 -0.000978 0.999999 -0.000978
88.31800079 -53.11199951 342.91799927 0.326821 0.668277 0.668277
88.61799622 -52.71500015 342.31799316 0.162547 0.672973 0.721585
88.61799622 -52.97800064 342.61801147 0.182381 0.731056 0.657491
88.61799622 -53.14699936 342.80599976 0.204498 0.788776 0.579666
88.31800079 -52.84700012 342.65399170 0.377666 0.651433 0.658030
88.31800079 -52.48500061 342.31799316 0.369537 0.645458 0.668451
88.61799622 -52.13999939 341.71798706 0.026163 0.149013 0.988489
75.11799622 -43.24700165 337.85598755 0.319115 0.707885 0.630131
75.11799622 -43.20299911 337.81799316 0.319192 0.704815 0.633524
75.41799927 -43.24700165 337.70700073 0.360672 0.528878 0.768247
88.61799622 -52.54700089 342.16101074 0.394422 0.538443 0.744655
88.31800079 -52.23199844 342.01800537 0.310830 0.723123 0.616829
87.71800232 -52.02399826 342.01800537 0.309231 0.891841 0.330145
95.05100250 -43.84700012 344.11801147 -0.000978 0.999999 -0.000978
88.01799774 -52.12799835 342.01800537 0.254217 0.731071 0.633174
94.96499634 -43.84700012 344.41799927 0.000978 0.999999 0.000978
87.71800232 -51.72100067 341.71798706 0.297711 0.706461 0.642091
88.01799774 -51.94699860 341.80899048 0.237299 0.733897 0.636463
84.41799927 -33.04700089 335.98800659 -0.361432 -0.289446 0.886334
84.11799622 -33.04700089 335.86599731 -0.390036 -0.346526 0.853107
84.41799927 -33.34700012 335.89001465 -0.999999 -0.000978 -0.000978
84.11799622 -33.34700012 335.76300049 -0.999999 -0.000978 -0.000978
93.64600372 -48.34700012 338.41799927 0.000978 0.999999 0.000978
84.11799622 -33.64699936 335.69000244 -0.343115 -0.154194 0.926551
84.11799622 -33.94699860 335.66400146 -0.272188 -0.025864 0.961896
84.41799927 -33.64699936 335.80300903 -0.383646 -0.198338 0.901930
84.41799927 -33.94699860 335.75900269 -0.302732 -0.079256 0.949774
94.92600250 -43.84700012 344.71798706 -0.000978 0.999999 -0.000978
94.31800079 -38.62300110 339.61801147 -0.481440 -0.790593 0.378390
83.81800079 -33.64699936 335.58099365 -0.250168 -0.030508 0.967722
83.51799774 -33.64699936 335.53500366 -0.254753 -0.028035 0.966600
83.81800079 -33.94699860 335.58898926 -0.261126 -0.030649 0.964818
83.51799774 -33.94699860 335.50201416 -0.311766 -0.113734 0.943327
83.21800232 -33.64699936 335.42401123 -0.329479 -0.162654 0.930047
82.91799927 -33.64699936 335.32299805 -0.299583 -0.118502 0.946682
83.21800232 -33.94699860 335.39001465 -0.324108 -0.066384 0.943688
82.91799927 -33.94699860 335.29598999 -0.292886 -0.051984 0.954733
95.81800079 -39.13600159 341.11801147 -0.999999 -0.000978 -0.000978
95.51799774 -38.87599945 341.11801147 -0.999999 -0.000978 -0.000978
95.51799774 -38.83300018 341.41799927 -0.913119 0.403596 -0.057657
95.81800079 -39.02700043 341.41799927 -0.999999 -0.000978 -0.000978
94.86599731 -44.14699936 344.11801147 0.000978 0.999999 0.000978
94.79799652 -44.14699936 344.41799927 0.000978 0.999999 0.000978
93.70300293 -48.04700089 339.01800537 -0.000978 0.999999 -0.000978
93.48500061 -48.34700012 339.01800537 0.000978 0.999999 0.000978
93.57800293 -48.34700012 338.71798706 -0.000978 0.999999 -0.000978
94.71199799 -44.14699936 344.71798706 -0.000978 0.999999 -0.000978
94.63899994 -44.14699936 345.01800537 0.000978 0.999999 0.000978
94.82599640 -43.84700012 345.01800537 0.000978 0.999999 0.000978
76.91799927 -47.08300018 341.41799927 0.580623 0.812307 0.055096
77.21800232 -47.09799957 341.11801147 0.316692 0.790933 0.523575
77.21800232 -47.29700089 341.41799927 0.487897 0.831749 0.264859
73.91799927 -44.70899963 339.91799927 0.247148 0.735147 0.631250
73.91799927 -44.96699905 340.21798706 0.327688 0.812096 0.482825
74.21800232 -45.08800125 340.21798706 -0.000978 -0.000978 0.999999
74.21800232 -44.81000137 339.91799927 0.000978 0.000978 0.999999
93.77899933 -48.04700089 338.71798706 -0.000978 0.999999 -0.000978
93.84300232 -48.04700089 338.41799927 -0.000978 0.999999 -0.000978
93.88800049 -48.04700089 338.11801147 0.000978 0.999999 0.000978
93.72899628 -48.34700012 338.11801147 -0.000978 0.999999 -0.000978
94.33799744 -44.74700165 344.71798706 0.000978 0.999999 0.000978
94.52799988 -44.44699860 344.71798706 0.000978 0.999999 0.000978
94.45700073 -44.44699860 345.01800537 -0.000978 0.999999 -0.000978
81.41799927 -33.94699860 334.86199951 -0.320946 -0.102543 0.941530
94.18699646 -47.44699860 338.41799927 0.000978 0.999999 0.000978
93.99500275 -47.74700165 338.41799927 -0.000978 0.999999 -0.000978
94.24500275 -47.44699860 338.11801147 -0.000978 0.999999 -0.000978
94.08399963 -47.74700165 338.11801147 -0.000978 0.999999 -0.000978
94.34700012 -44.44699860 345.31799316 -0.000978 0.999999 -0.000978
94.06999969 -47.44699860 339.01800537 0.000978 0.999999 0.000978
93.89499664 -47.74700165 339.01800537 0.000000 0.000000 0.000000
94.14399719 -47.44699860 338.71798706 0.000978 0.999999 0.000978
93.97100067 -47.74700165 338.71798706 0.000978 0.999999 0.000978
96.41799927 -43.24700165 338.65499878 0.535391 0.111721 0.837183
96.11799622 -43.24700165 338.50299072 -0.342907 0.032107 0.938820
96.11799622 -43.54700089 338.52301025 -0.322117 0.036922 0.945980
95.81800079 -44.14699936 338.42401123 -0.993323 -0.012020 -0.114740
95.80799866 -44.14699936 338.41799927 -0.373734 0.093773 0.922783
95.81800079 -43.84700012 338.35299683 -0.302484 0.031378 0.952638
95.51799774 -43.84700012 338.30899048 -0.222768 -0.037329 0.974157
95.51799774 -44.14699936 338.28298950 -0.327831 -0.141283 0.934112
95.21800232 -43.84700012 338.21600342 -0.263724 -0.006021 0.964579
94.91799927 -43.84700012 338.14498901 -0.210154 -0.088290 0.973673
95.21800232 -44.14699936 338.21398926 -0.262250 -0.099474 0.959859
94.91799927 -44.14699936 338.11898804 -0.261851 -0.056379 0.963460
94.61799622 -43.84700012 338.08700562 -0.181910 -0.129219 0.974788
94.61799622 -44.14699936 338.05099487 -0.092290 -0.152219 0.984028
94.31800079 -44.14699936 338.06399536 -0.000978 -0.999999 -0.000978
94.27300262 -44.74700165 345.01800537 -0.000978 0.999999 -0.000978
94.01799774 -43.88700104 338.41799927 0.210874 -0.971032 0.112382
93.71800232 -43.95199966 338.41799927 0.000978 0.000978 0.999999
93.71800232 -44.13100052 338.11801147 -0.023844 -0.708307 0.705502
92.21800232 -45.64699936 337.22000122 -0.261813 -0.058877 0.963321
91.91799927 -45.64699936 337.12899780 -0.319176 -0.108173 0.941502
92.21800232 -45.94699860 337.17098999 -0.330873 -0.089030 0.939466
91.91799927 -45.94699860 337.07901001 -0.235451 -0.057938 0.970158
91.31800079 -45.64699936 336.90899658 -0.271688 0.003623 0.962379
91.61799622 -45.64699936 337.01501465 -0.369215 -0.029796 0.928866
91.61799622 -45.94699860 337.02499390 -0.215713 0.027411 0.976072
91.31800079 -45.94699860 336.94601440 -0.302123 -0.008632 0.953230
94.17800140 -44.74700165 345.31799316 0.000978 0.999999 0.000978
94.10299683 -44.74700165 345.61801147 -0.000978 0.999999 -0.000978
94.29100037 -44.44699860 345.61801147 -0.000978 0.999999 -0.000978
93.80200195 -45.34700012 345.31799316 0.000978 0.999999 0.000978
94.00000000 -45.04700089 345.31799316 0.000978 0.999999 0.000978
82.61799622 -50.01900101 342.01800537 0.000978 0.000978 0.999999
93.73200226 -45.34700012 345.61801147 -0.000978 0.999999 -0.000978
82.31800079 -49.88600159 342.01800537 0.331500 0.748706 0.574062
82.61799622 -49.75000000 341.71798706 0.304470 0.687877 0.658880
82.31800079 -49.61600113 341.71798706 0.293724 0.691776 0.659675
93.91100311 -45.04700089 345.61801147 0.000978 0.999999 0.000978
83.21800232 -49.97999954 341.71798706 0.000978 0.000978 0.999999
82.91799927 -49.88000107 341.71798706 -0.000978 -0.000978 0.999999
83.21800232 -50.24100113 342.01800537 0.123453 0.512694 0.849649
82.91799927 -50.44699860 342.30099487 -0.215802 -0.430115 0.876602
82.91799927 -50.16899872 342.01800537 0.000978 0.000978 0.999999
84.41799927 -50.15200043 341.41799927 -0.000978 -0.000978 0.999999
93.86499786 -45.04700089 345.91799927 -0.000978 0.999999 -0.000978
93.76999664 -45.04700089 346.21798706 -0.000978 0.999999 -0.000978
89.81800079 -46.24700165 336.46301270 -0.253532 -0.010814 0.967267
89.51799774 -46.24700165 336.38800049 -0.241636 -0.020437 0.970152
89.81800079 -46.54700089 336.47399902 -0.168243 0.035969 0.985089
94.05100250 -44.74700165 345.91799927 0.000978 0.999999 0.000978
94.22699738 -44.44699860 345.91799927 -0.000978 0.999999 -0.000978
93.97499847 -44.74700165 346.21798706 0.000978 0.999999 0.000978
94.16000366 -44.44699860 346.21798706 0.000978 0.999999 0.000978
94.24099731 -47.14699936 339.01800537 0.000978 0.999999 0.000978
94.31700134 -47.14699936 338.71798706 0.000978 0.999999 0.000978
94.54599762 -46.84700012 338.41799927 -0.000978 0.999999 -0.000978
94.37799835 -47.14699936 338.41799927 0.000978 0.999999 0.000978
94.55699921 -46.84700012 338.11801147 -0.906321 0.422427 -0.011770
94.40599823 -47.14699936 338.11801147 -0.874665 0.466775 0.130697
93.67299652 -45.34700012 345.91799927 0.000978 0.999999 0.000978
93.58699799 -45.34700012 346.21798706 -0.000978 0.999999 -0.000978
77.51799774 -47.43500137 342.01800537 0.999999 0.000978 0.000978
77.81800079 -47.59299850 342.01800537 0.999999 -0.000978 -0.000978
77.81800079 -47.61299896 341.71798706 0.999999 0.000978 0.000978
77.51799774 -47.46099854 341.71798706 0.999999 -0.000978 -0.000978
94.45099640 -46.84700012 339.01800537 -0.000978 0.999999 -0.000978
94.51100159 -46.84700012 338.71798706 -0.000978 0.999999 -0.000978
93.26899719 -45.94699860 345.91799927 0.000978 0.999999 0.000978
93.48500061 -45.64699936 345.91799927 0.000978 0.999999 0.000978
93.18900299 -45.94699860 346.21798706 0.000978 0.999999 0.000978
93.37799835 -45.64699936 346.21798706 0.000978 0.999999 0.000978
94.82299805 -46.24700165 339.01800537 -0.000978 0.999999 -0.000978
94.64399719 -46.54700089 339.01800537 0.000978 0.999999 0.000978
94.88200378 -46.24700165 338.71798706 -0.000978 0.999999 -0.000978
94.69499969 -46.54700089 338.71798706 0.000978 0.999999 0.000978
93.48899841 -45.34700012 346.51800537 0.000978 0.999999 0.000978
93.70600128 -45.04700089 346.51800537 0.000978 0.999999 0.000978
93.42800140 -45.34700012 346.81799316 0.000978 0.999999 0.000978
93.62999725 -45.04700089 346.81799316 0.000978 0.999999 0.000978
94.72899628 -46.54700089 338.41799927 0.000978 0.999999 0.000978
94.87100220 -46.24700165 338.11801147 -0.958232 0.211316 0.192710
94.68599701 -46.54700089 338.11801147 -0.882679 0.464203 0.073441
96.71800232 -39.04700089 349.34100342 -0.000978 0.999999 -0.000978
96.74400330 -39.04700089 349.21798706 0.000978 0.999999 0.000978
96.79399872 -39.04700089 348.91799927 -0.000978 0.999999 -0.000978
96.87999725 -39.04700089 348.61801147 0.000978 0.999999 0.000978
96.94100189 -39.04700089 348.31799316 -0.000978 0.999999 -0.000978
96.77500153 -39.34700012 348.31799316 -0.000978 0.999999 -0.000978
96.54199982 -39.34700012 349.21798706 0.000978 0.999999 0.000978
96.65100098 -39.34700012 348.91799927 -0.000978 0.999999 -0.000978
96.71199799 -39.34700012 348.61801147 0.000978 0.999999 0.000978
96.52500153 -39.64699936 348.61801147 0.000978 0.999999 0.000978
96.33699799 -39.94699860 348.61801147 -0.845121 0.470875 -0.253076
96.60299683 -39.64699936 348.31799316 -0.000978 0.999999 -0.000978
96.44100189 -39.94699860 348.31799316 0.000978 0.999999 0.000978
96.19100189 -40.24700165 348.61801147 -0.000978 0.999999 -0.000978
96.24700165 -40.24700165 348.31799316 -0.000978 0.999999 -0.000978
96.67099762 -39.64699936 348.01800537 0.000978 0.999999 0.000978
96.50099945 -39.94699860 348.01800537 -0.000978 0.999999 -0.000978
96.58499908 -39.94699860 347.71798706 -0.000978 0.999999 -0.000978
96.29599762 -40.24700165 348.01800537 0.000978 0.999999 0.000978
96.37899780 -40.24700165 347.71798706 0.000978 0.999999 0.000978
96.14800262 -40.54700089 347.71798706 0.000978 0.999999 0.000978
96.10099792 -40.54700089 348.01800537 -0.000978 0.999999 -0.000978
96.46399689 -40.24700165 347.41799927 -0.000978 0.999999 -0.000978
96.23000336 -40.54700089 347.41799927 -0.000978 0.999999 -0.000978
96.53900146 -40.24700165 347.11801147 -0.000978 0.999999 -0.000978
96.31800079 -40.54700089 347.11801147 0.000978 0.999999 0.000978
85.01799774 -29.93400002 344.71798706 0.000978 0.000978 0.999999
85.14399719 -30.04700089 344.71798706 -0.705014 -0.610140 0.361504
84.84600067 -29.74699974 344.71798706 -0.646772 -0.596374 0.475419
84.71800232 -29.85300064 344.41799927 -0.510870 -0.750700 0.418881
85.01799774 -30.09499931 344.41799927 -0.620917 -0.726810 0.293612
84.71800232 -29.98900032 344.11801147 -0.526428 -0.798336 0.292460
85.01799774 -30.17200089 344.11801147 -0.567906 -0.797518 0.203589
85.26399994 -30.34700012 344.11801147 -0.571469 -0.807219 0.147717
93.14299774 -45.94699860 346.51800537 -0.000978 0.999999 -0.000978
93.31600189 -45.64699936 346.51800537 0.000978 0.999999 0.000978
96.05999756 -40.84700012 347.41799927 0.000978 0.999999 0.000978
95.90699768 -41.14699936 347.41799927 0.000978 0.999999 0.000978
95.97299957 -41.14699936 347.11801147 0.000978 0.999999 0.000978
96.15499878 -40.84700012 347.11801147 -0.000978 0.999999 -0.000978
96.22599792 -40.84700012 346.81799316 -0.000978 0.999999 -0.000978
96.32399750 -40.84700012 346.51800537 0.000978 0.999999 0.000978
96.14299774 -41.14699936 346.51800537 -0.000978 0.999999 -0.000978
93.25199890 -45.64699936 346.81799316 0.000978 0.999999 0.000978
96.05100250 -41.14699936 346.81799316 0.000978 0.999999 0.000978
95.41400146 -42.34700012 346.21798706 -0.000978 0.999999 -0.000978
95.61900330 -42.04700089 346.21798706 0.000978 0.999999 0.000978
95.71600342 -42.04700089 345.91799927 -0.000978 0.999999 -0.000978
95.52700043 -42.34700012 345.91799927 0.000978 0.999999 0.000978
94.93099976 -46.24700165 338.41799927 0.000978 0.999999 0.000978
95.18199921 -43.24700165 345.01800537 0.000978 0.999999 0.000978
95.00800323 -43.54700089 345.01800537 -0.000978 0.999999 -0.000978
95.24500275 -43.24700165 344.71798706 0.000978 0.999999 0.000978
95.08100128 -43.54700089 344.71798706 0.000978 0.999999 0.000978
94.68399811 -45.04700089 342.61801147 -0.000978 0.999999 -0.000978
94.50199890 -45.34700012 342.61801147 0.000978 0.999999 0.000978
94.72200012 -45.04700089 342.31799316 0.000978 0.999999 0.000978
94.53600311 -45.34700012 342.31799316 -0.000978 0.999999 -0.000978
93.99299622 -46.84700012 340.81799316 0.000978 0.999999 0.000978
93.82299805 -47.14699936 340.81799316 0.000978 0.999999 0.000978
94.09500122 -46.84700012 340.51800537 -0.000978 0.999999 -0.000978
93.89399719 -47.14699936 340.51800537 0.000978 0.999999 0.000978
93.08300018 -45.94699860 346.81799316 0.000978 0.999999 0.000978
93.62799835 -47.44699860 340.81799316 0.000978 0.999999 0.000978
93.42500305 -47.74700165 340.81799316 0.000978 0.999999 0.000978
93.70400238 -47.44699860 340.51800537 -0.000978 0.999999 -0.000978
93.53399658 -47.74700165 340.51800537 -0.000978 0.999999 -0.000978
95.17500305 -45.64699936 339.01800537 0.000978 0.999999 0.000978
95.00900269 -45.94699860 339.01800537 -0.000978 0.999999 -0.000978
95.23699951 -45.64699936 338.71798706 0.000978 0.999999 0.000978
95.04799652 -45.94699860 338.71798706 -0.000978 0.999999 -0.000978
80.81800079 -44.34400177 336.61801147 0.304578 0.779783 0.546965
93.18299866 -45.64699936 347.11801147 -0.000978 0.999999 -0.000978
93.01599884 -45.94699860 347.11801147 -0.000978 0.999999 -0.000978
95.25800323 -45.64699936 338.41799927 -0.846714 0.491786 0.203031
95.11100006 -45.94699860 338.41799927 -0.867658 0.473931 -0.150200
95.10099792 -45.64699936 338.11801147 -0.716165 0.127086 0.686263
92.92600250 -45.94699860 347.41799927 -0.000978 0.999999 -0.000978
93.11100006 -45.64699936 347.41799927 -0.000978 0.999999 -0.000978
95.36299896 -45.34700012 339.01800537 -0.000978 0.999999 -0.000978
92.65599823 -46.54700089 347.11801147 -0.000978 0.999999 -0.000978
95.44699860 -45.34700012 338.71798706 -0.000978 0.999999 -0.000978
92.83499908 -46.24700165 347.11801147 0.000978 0.999999 0.000978
92.56600189 -46.54700089 347.41799927 -0.000978 0.999999 -0.000978
92.75499725 -46.24700165 347.41799927 0.000978 0.999999 0.000978
95.44200134 -45.34700012 338.41799927 -0.812863 0.476943 0.334335
95.21800232 -45.34700012 338.14599609 -0.621345 0.139241 0.771066
92.67500305 -46.24700165 347.71798706 0.000978 0.999999 0.000978
92.59500122 -46.24700165 348.01800537 0.000978 0.999999 0.000978
90.11599731 -48.34700012 352.81799316 -0.831621 0.484725 -0.271012
95.54100037 -45.04700089 339.01800537 0.000978 0.999999 0.000978
81.11799622 -48.57799911 341.11801147 0.281242 0.592674 0.754745
81.11799622 -48.86500168 341.41799927 0.297327 0.721620 0.625189
95.62899780 -45.04700089 338.71798706 0.000978 0.999999 0.000978
81.41799927 -48.99700165 341.41799927 0.000978 0.000978 0.999999
80.81800079 -48.64699936 341.28298950 0.361422 0.421396 0.831745
80.51799774 -48.65700150 341.41799927 0.301036 0.629439 0.716369
80.51799774 -47.80500031 340.51800537 -0.000978 -0.000978 0.999999
80.81800079 -47.92900085 340.51800537 0.000978 0.000978 0.999999
80.51799774 -48.08000183 340.81799316 -0.000978 -0.000978 0.999999
80.51799774 -48.34700012 341.09500122 0.266333 0.463389 0.845185
80.81800079 -48.17100143 340.81799316 0.213144 0.701663 0.679882
80.81800079 -48.34700012 341.00000000 0.213595 0.703148 0.678203
79.91799927 -47.57899857 340.51800537 -0.000978 -0.000978 0.999999
80.21800232 -47.68500137 340.51800537 0.265815 0.705125 0.657374
79.91799927 -47.82799911 340.81799316 0.000978 0.000978 0.999999
80.21800232 -47.94300079 340.81799316 0.000978 0.000978 0.999999
95.59200287 -45.04700089 338.41799927 -0.830078 0.371559 0.415830
79.91799927 -47.31000137 340.21798706 0.264102 0.748025 0.608858
80.21800232 -47.44699860 340.25698853 0.261452 0.720974 0.641746
79.91799927 -47.02999878 339.91799927 0.000978 0.000978 0.999999
80.21800232 -47.12200165 339.91799927 -0.000978 -0.000978 0.999999
95.81800079 -42.64699936 338.45098877 -0.331847 -0.117840 0.935944
95.51799774 -42.64699936 338.34698486 -0.297652 -0.068292 0.952229
95.81800079 -42.94699860 338.41598511 -0.291017 -0.081485 0.953242
95.51799774 -42.94699860 338.32000732 -0.243096 -0.050594 0.968682
79.61799622 -46.92499924 339.91799927 0.244821 0.696556 0.674443
79.61799622 -47.14699936 340.14700317 0.272126 0.714531 0.644510
79.31800079 -46.75000000 339.91799927 0.275751 0.709301 0.648732
79.31800079 -47.14699936 340.29000854 0.300699 0.644815 0.702704
94.61799622 -42.04700089 338.10900879 -0.999999 0.000978 0.000978
94.61799622 -42.00899887 338.11801147 -0.999999 0.000978 0.000978
94.61799622 -42.34700012 338.27200317 0.228426 0.162407 0.959919
90.01699829 -49.54700089 350.11801147 0.000978 0.999999 0.000978
89.97100067 -49.54700089 350.41799927 0.000978 0.999999 0.000978
80.21800232 -46.85100174 339.61801147 -0.000978 -0.000978 0.999999
79.91799927 -46.75799942 339.61801147 0.220411 0.711254 0.667485
79.61799622 -46.62500000 339.61801147 0.000978 0.000978 0.999999
79.31800079 -46.25299835 339.31799316 -0.000978 -0.000978 0.999999
89.90399933 -49.54700089 350.71798706 0.000978 0.999999 0.000978
79.61799622 -46.34400177 339.31799316 0.166169 0.549404 0.818867
90.08100128 -49.24700165 350.71798706 -0.000978 0.999999 -0.000978
94.01799774 -41.44699860 338.17700195 -0.016741 0.377326 0.925929
89.81300354 -49.54700089 351.01800537 0.000978 0.999999 0.000978
79.31800079 -46.50699997 339.61801147 0.255124 0.651280 0.714665
89.99400330 -49.24700165 351.01800537 0.000978 0.999999 0.000978
79.31800079 -45.95800018 339.01800537 -0.000978 -0.000978 0.999999
79.61799622 -46.04499817 339.01800537 0.000978 0.000978 0.999999
92.81800079 -40.24700165 337.77801514 -0.267119 -0.096782 0.958791
92.51799774 -40.24700165 337.67700195 -0.298413 -0.141780 0.943848
92.81800079 -40.54700089 337.72399902 -0.284404 -0.089607 0.954508
92.51799774 -40.54700089 337.63598633 -0.258889 -0.056280 0.964266
78.41799927 -44.80799866 338.11801147 0.000978 0.000978 0.999999
78.41799927 -45.05300140 338.41799927 0.000978 0.000978 0.999999
78.11799622 -44.92100143 338.41799927 0.274831 0.741884 0.611618
78.11799622 -44.68799973 338.11801147 0.317075 0.741988 0.590693
92.21800232 -40.24700165 337.58898926 -0.303343 -0.104647 0.947118
92.21800232 -40.54700089 337.56298828 -0.246926 -0.071446 0.966397
91.91799927 -40.24700165 337.48498535 -0.294963 -0.098321 0.950437
91.91799927 -40.54700089 337.48300171 -0.252472 -0.028052 0.967198
78.41799927 -44.22299957 337.51800537 0.285497 0.738465 0.610869
78.41799927 -44.44699860 337.77999878 0.272284 0.705390 0.654436
78.11799622 -44.39099884 337.81799316 0.202313 0.530882 0.822942
77.51799774 -44.16500092 337.81799316 -0.000978 -0.000978 0.999999
77.81800079 -44.27600098 337.81799316 0.000978 0.000978 0.999999
78.11799622 -44.11899948 337.51800537 0.000978 0.000978 0.999999
77.51799774 -43.90299988 337.51800537 0.000978 0.000978 0.999999
77.81800079 -44.01399994 337.51800537 0.000978 0.000978 0.999999
91.61799622 -39.64699936 337.44100952 -0.302129 -0.006166 0.953247
91.31800079 -39.64699936 337.35000610 -0.291937 -0.003664 0.956430
91.61799622 -39.94699860 337.44198608 -0.310284 -0.057937 0.948877
91.31800079 -39.94699860 337.34799194 -0.277413 -0.023426 0.960465
77.51799774 -43.60499954 337.21798706 0.000978 0.000978 0.999999
77.81800079 -43.74000168 337.21798706 -0.000978 -0.000978 0.999999
77.51799774 -43.35100174 336.91799927 -0.248947 -0.824155 0.508718
77.81800079 -43.44200134 336.91799927 -0.258934 -0.850344 0.458113
76.91799927 -43.12900162 336.91799927 0.269438 0.696713 0.664827
77.21800232 -43.24700165 336.93899536 0.271569 0.735300 0.620955
76.91799927 -43.40100098 337.21798706 -0.000978 -0.000978 0.999999
77.21800232 -43.49000168 337.21798706 0.244029 0.719491 0.650218
77.21800232 -42.66299820 336.31799316 0.000978 0.000978 0.999999
76.91799927 -42.54600143 336.31799316 -0.000978 -0.000978 0.999999
76.91799927 -42.94699860 336.73999023 0.287200 0.659438 0.694736
77.21800232 -42.93999863 336.61801147 0.121677 0.928300 0.351360
76.61799622 -42.40499878 336.31799316 0.304527 0.678338 0.668671
76.61799622 -42.64699936 336.55899048 0.254828 0.682178 0.685344
76.31800079 -42.59400177 336.61801147 0.254552 0.624523 0.738360
76.31800079 -42.27600098 336.31799316 -0.000978 -0.000978 0.999999
76.61799622 -42.15900040 336.01800537 -0.000978 -0.000978 0.999999
76.31800079 -42.02099991 336.01800537 -0.000978 -0.000978 0.999999
89.68800354 -49.84700012 350.71798706 0.000978 0.999999 0.000978
76.61799622 -41.44699860 335.21301270 0.243623 0.752874 0.611415
76.31800079 -41.74700165 335.70001221 0.234367 0.566517 0.790019
76.61799622 -41.61399841 335.41799927 0.999999 -0.000978 -0.000978
76.61799622 -41.74700165 335.58099365 0.271664 0.732382 0.624352
76.31800079 -41.44699860 335.46499634 0.422452 0.558300 0.714027
89.62599945 -49.84700012 351.01800537 -0.000978 0.999999 -0.000978
97.20099640 -41.74700165 340.51800537 -0.000978 0.999999 -0.000978
97.12100220 -41.74700165 340.81799316 0.000978 0.999999 0.000978
85.01799774 -45.04700089 335.67700195 0.000978 0.999999 0.000978
89.56700134 -49.84700012 351.31799316 0.000978 0.999999 0.000978
74.51799774 -43.54700089 338.40100098 0.109054 0.387901 0.915227
74.51799774 -43.25600052 338.11801147 0.175891 0.711210 0.680620
88.61799622 -53.84400177 343.81799316 -0.529339 0.802647 0.274879
88.31800079 -53.99700165 343.81799316 -0.263730 0.756448 0.598526
96.68800354 -42.34700012 341.11801147 0.000978 0.999999 0.000978
96.63899994 -42.34700012 341.41799927 -0.000978 0.999999 -0.000978
96.56300354 -42.34700012 341.71798706 -0.000978 0.999999 -0.000978
96.47499847 -42.34700012 342.01800537 0.000978 0.999999 0.000978
96.65299988 -42.04700089 342.01800537 -0.000978 0.999999 -0.000978
96.21499634 -42.64699936 342.31799316 -0.000978 0.999999 -0.000978
96.14499664 -42.64699936 342.61801147 0.000978 0.999999 0.000978
85.91799927 -49.56399918 351.91799927 0.630146 0.747815 -0.209017
86.26100159 -49.84700012 351.91799927 0.699659 0.671230 -0.244802
86.21800232 -49.67900085 352.21798706 0.521208 0.818157 -0.242818
85.91799927 -49.53499985 352.21798706 0.529637 0.813757 -0.239340
91.31800079 -47.74700165 336.80899048 -0.219483 0.032383 0.975079
91.61799622 -47.74700165 336.85101318 -0.178157 0.048374 0.982812
91.31800079 -47.44699860 336.80999756 -0.222542 -0.022611 0.974661
91.61799622 -47.44699860 336.85598755 -0.198683 -0.087618 0.976139
88.66000366 -50.74700165 352.51800537 -0.754231 0.556347 -0.348731
88.86000061 -50.44699860 352.51800537 -0.799606 0.528339 -0.285461
88.49299622 -50.74700165 352.81799316 -0.000978 -0.000978 -0.999999
88.61799622 -50.62300110 352.81799316 -0.672217 0.598823 -0.435356
88.76100159 -50.44699860 352.81799316 -0.773528 0.528066 -0.350429
88.61799622 -50.44699860 353.04598999 -0.697355 0.567537 -0.437719
88.31800079 -50.98199844 352.51800537 0.661245 0.693267 -0.286593
88.31800079 -50.91899872 352.81799316 0.026460 0.803547 -0.594653
81.71800232 -47.88199997 348.91799927 0.334719 0.929157 -0.156943
82.01799774 -47.99000168 348.91799927 0.323415 0.902312 -0.285018
82.01799774 -47.89500046 349.21798706 0.999999 -0.000978 -0.000978
94.50700378 -44.74700165 344.11801147 -0.000978 0.999999 -0.000978
94.68900299 -44.44699860 344.11801147 0.000978 0.999999 0.000978
94.42099762 -44.74700165 344.41799927 0.000978 0.999999 0.000978
94.61499786 -44.44699860 344.41799927 0.000978 0.999999 0.000978
81.71800232 -47.72299957 349.21798706 0.435074 0.814369 -0.384076
78.71800232 -40.84700012 333.84100342 0.083574 0.133012 0.987585
79.01799774 -40.84700012 333.83801270 -0.188479 0.344364 0.919722
90.71800232 -47.74700165 336.67700195 0.007704 0.128771 0.991644
91.01799774 -47.74700165 336.71701050 -0.214000 0.047153 0.975695
90.71800232 -47.44699860 336.66699219 -0.171960 0.007972 0.985072
91.01799774 -47.44699860 336.72000122 -0.231027 -0.047672 0.971779
93.98100281 -45.34700012 344.71798706 0.000978 0.999999 0.000978
94.14800262 -45.04700089 344.71798706 0.000978 0.999999 0.000978
93.90799713 -45.34700012 345.01800537 0.000978 0.999999 0.000978
94.09200287 -45.04700089 345.01800537 -0.000978 0.999999 -0.000978
76.61799622 -45.80099869 344.71798706 0.547663 0.787561 -0.282512
76.31800079 -45.59799957 344.71798706 0.999999 -0.000978 -0.000978
76.61799622 -45.67499924 345.01800537 0.524896 0.789737 -0.317490
76.31800079 -45.49700165 345.01800537 0.509812 0.798865 -0.319228
93.43699646 -45.94699860 345.31799316 -0.000978 0.999999 -0.000978
93.62200165 -45.64699936 345.31799316 -0.000978 0.999999 -0.000978
93.37300110 -45.94699860 345.61801147 -0.000978 0.999999 -0.000978
93.54699707 -45.64699936 345.61801147 -0.000978 0.999999 -0.000978
73.91799927 -44.64500046 342.91799927 0.601806 0.751067 -0.271527
73.91799927 -44.48899841 343.21798706 0.557179 0.771110 -0.308125
74.21800232 -44.70000076 343.21798706 0.548532 0.785650 -0.286122
81.71800232 -47.99399948 340.21798706 0.272802 0.709922 0.649300
82.01799774 -48.34700012 340.43600464 0.258332 0.676736 0.689415
82.01799774 -48.12500000 340.21798706 0.293788 0.669451 0.682294
82.01799774 -47.85200119 339.91799927 0.299586 0.738552 0.603978
81.71800232 -47.75099945 339.91799927 0.000978 0.000978 0.999999
82.61799622 -48.92100143 340.81799316 0.317642 0.730414 0.604648
82.31800079 -48.76699829 340.81799316 0.289516 0.724590 0.625419
82.31800079 -48.53200150 340.51800537 0.292907 0.744272 0.600220
90.17400360 -49.54700089 349.51800537 -0.000978 0.999999 -0.000978
90.36399841 -49.24700165 349.51800537 -0.000978 0.999999 -0.000978
90.29000092 -49.24700165 349.81799316 -0.000978 0.999999 -0.000978
90.09799957 -49.54700089 349.81799316 -0.000978 0.999999 -0.000978
90.22899628 -49.24700165 350.11801147 0.000978 0.999999 0.000978
90.14099884 -49.24700165 350.41799927 0.000978 0.999999 0.000978
89.80699921 -50.14699936 349.51800537 0.000978 0.999999 0.000978
89.98300171 -49.84700012 349.51800537 0.000978 0.999999 0.000978
89.76899719 -50.14699936 349.81799316 -0.000978 0.999999 -0.000978
89.93699646 -49.84700012 349.81799316 0.000978 0.999999 0.000978
89.69799805 -50.14699936 350.11801147 -0.000978 0.999999 -0.000978
89.83599854 -49.84700012 350.11801147 -0.000978 0.999999 -0.000978
89.60299683 -50.14699936 350.41799927 -0.000978 0.999999 -0.000978
89.75599670 -49.84700012 350.41799927 0.000978 0.999999 0.000978
91.61799622 -36.71799850 339.61801147 -0.999999 -0.000978 -0.000978
91.61799622 -36.84199905 339.31799316 -0.612390 -0.750926 0.247160
90.11799622 -44.14699936 336.67199707 -0.293443 -0.078855 0.952719
90.41799927 -44.14699936 336.77700806 -0.299782 -0.130399 0.945054
90.11799622 -43.84700012 336.71301270 -0.367193 -0.093492 0.925434
90.41799927 -43.84700012 336.82501221 -0.289521 -0.059945 0.955293
89.50700378 -50.14699936 350.71798706 0.000978 0.999999 0.000978
89.44000244 -50.14699936 351.01800537 0.000978 0.999999 0.000978
82.31800079 -45.74700165 337.51800537 0.300650 0.728312 0.615769
82.61799622 -45.94699860 337.60800171 0.268726 0.653529 0.707592
89.16400146 -50.74700165 350.71798706 -0.820622 0.534394 -0.202491
89.32700348 -50.44699860 350.71798706 0.000978 0.999999 0.000978
89.05000305 -50.74700165 351.01800537 -0.836471 0.496989 -0.230909
82.01799774 -45.35499954 337.21798706 0.318391 0.606074 0.728905
89.25800323 -50.44699860 351.01800537 0.000978 0.999999 0.000978
88.93800354 -51.04700089 350.71798706 -0.000978 0.999999 -0.000978
79.31800079 -47.91600037 341.11801147 0.000978 0.000978 0.999999
79.61799622 -48.00899887 341.11801147 -0.000978 -0.000978 0.999999
79.31800079 -48.17499924 341.41799927 0.000978 0.000978 0.999999
79.61799622 -48.28799820 341.41799927 0.000978 0.000978 0.999999
79.91799927 -48.12099838 341.11801147 0.000978 0.000978 0.999999
80.21800232 -48.21599960 341.11801147 -0.168630 -0.529766 0.831211
79.61799622 -47.47600174 340.51800537 0.000978 0.000978 0.999999
79.31800079 -47.41600037 340.51800537 0.226876 0.705664 0.671241
79.31800079 -47.64899826 340.81799316 0.277527 0.769145 0.575669
79.61799622 -47.74399948 340.81799316 0.000978 0.000978 0.999999
88.01799774 -51.14300156 351.91799927 0.503175 0.797093 -0.333853
87.71800232 -50.90999985 351.91799927 0.546843 0.771354 -0.325540
87.71800232 -50.78699875 352.21798706 0.533891 0.772610 -0.343561
88.01799774 -51.00000000 352.21798706 0.487530 0.771244 -0.409265
79.01799774 -47.52799988 340.81799316 0.302498 0.750644 0.587391
78.71800232 -47.44699860 340.86898804 0.304879 0.704931 0.640407
78.71800232 -47.12200165 340.51800537 0.287123 0.700966 0.652845
78.71800232 -46.85200119 340.21798706 0.000978 0.000978 0.999999
79.01799774 -46.95100021 340.21798706 0.226943 0.687090 0.690220
79.01799774 -47.14699936 340.41299438 0.294438 0.674150 0.677368
78.11799622 -46.59199905 340.21798706 0.000978 0.000978 0.999999
78.41799927 -46.72000122 340.21798706 0.000978 0.000978 0.999999
78.41799927 -46.47700119 339.91799927 0.290499 0.711000 0.640382
77.81800079 -45.65999985 339.31799316 0.000978 0.000978 0.999999
77.51799774 -45.54199982 339.31799316 0.000978 0.000978 0.999999
77.51799774 -45.94699860 339.73098755 0.223511 0.733053 0.642398
77.81800079 -45.94699860 339.62600708 0.254364 0.639860 0.725175
77.81800079 -45.38600159 339.01800537 0.000978 0.000978 0.999999
77.81800079 -45.09899902 338.71798706 -0.000978 -0.000978 0.999999
77.51799774 -45.03699875 338.71798706 0.161477 0.777202 0.608179
77.51799774 -45.27099991 339.01800537 0.302170 0.756225 0.580359
77.81800079 -44.83100128 338.41799927 0.248201 0.830933 0.497943
76.91799927 -44.77999878 338.71798706 0.261576 0.737168 0.623026
77.21800232 -45.14699936 339.01800537 -0.000978 -0.000978 0.999999
76.91799927 -45.01499939 339.01800537 0.307024 0.744251 0.593150
77.81800079 -44.55099869 338.11801147 0.000978 0.000978 0.999999
77.51799774 -44.42100143 338.11801147 0.000978 0.000978 0.999999
77.51799774 -44.74700165 338.42800903 0.276262 0.713811 0.643547
76.91799927 -44.18799973 338.11801147 0.286373 0.644739 0.708733
76.91799927 -44.44699860 338.35800171 0.273035 0.688176 0.672209
77.21800232 -44.31499863 338.11801147 0.000978 0.000978 0.999999
77.21800232 -44.59999847 338.41799927 0.293401 0.732700 0.614057
77.21800232 -44.74700165 338.57699585 0.293788 0.669451 0.682294
76.31800079 -44.25999832 338.41799927 0.241294 0.701803 0.670261
76.61799622 -44.44699860 338.50601196 0.286373 0.708733 0.644739
76.91799927 -43.64599991 337.51800537 -0.000978 -0.000978 0.999999
77.21800232 -43.77099991 337.51800537 0.000978 0.000978 0.999999
76.91799927 -43.92200089 337.81799316 -0.000978 -0.000978 0.999999
77.21800232 -44.04499817 337.81799316 -0.000978 -0.000978 0.999999
92.66699982 -44.44699860 352.21798706 -0.857113 0.489569 -0.160249
92.51799774 -44.74700165 352.23599243 -0.000978 0.999999 -0.000978
92.52400208 -44.74700165 352.21798706 0.000978 0.999999 0.000978
92.74400330 -44.44699860 351.91799927 -0.000978 0.999999 -0.000978
92.57599640 -44.74700165 351.91799927 -0.000978 0.999999 -0.000978
76.31800079 -43.44800186 337.51800537 0.213053 0.667151 0.713805
76.61799622 -43.54399872 337.51800537 -0.000978 -0.000978 0.999999
76.61799622 -42.99399948 336.91799927 0.290224 0.671845 0.681465
76.31800079 -43.24700165 337.32998657 0.258216 0.660589 0.704945
76.61799622 -43.24399948 337.21798706 0.286834 0.549897 0.784436
83.21800232 -30.97100067 339.01800537 -0.566839 -0.773251 0.284213
76.01799774 -43.02500153 337.21798706 0.276127 0.719846 0.636848
76.01799774 -43.28699875 337.51800537 0.308070 0.659689 0.685495
76.01799774 -43.54700089 337.80099487 0.183437 0.568504 0.801969
75.71800232 -43.16899872 337.51800537 0.250896 0.724286 0.642232
75.71800232 -43.47399902 337.81799316 0.262262 0.707313 0.656450
83.21800232 -31.06800079 338.71798706 -0.999999 -0.000978 -0.000978
97.32199860 -41.44699860 340.81799316 -0.781930 0.504627 -0.365975
97.50900269 -41.44699860 340.51800537 -0.974662 0.129536 0.182356
85.91799927 -32.64799881 339.61801147 -0.999999 0.000978 0.000978
85.91799927 -32.72999954 339.31799316 -0.525741 -0.805090 0.274641
92.62200165 -42.34700012 338.71798706 -0.891705 0.081821 0.445159
85.61799622 -32.43099976 339.61801147 -0.544855 -0.807250 0.226894
85.31800079 -32.24499893 339.61801147 -0.541183 -0.785589 0.299952
85.31800079 -32.32500076 339.31799316 -0.999999 -0.000978 -0.000978
85.61799622 -32.55300140 339.31799316 -0.529544 -0.782318 0.327966
85.31800079 -32.40700150 339.01800537 -0.999999 -0.000978 -0.000978
85.61799622 -32.68199921 339.01800537 -0.450530 -0.813501 0.367747
85.31800079 -32.57799911 338.71798706 -0.999999 0.000978 0.000978
85.01799774 -32.16999817 339.01800537 -0.543663 -0.797477 0.261648
85.01799774 -32.32099915 338.71798706 -0.463477 -0.803468 0.373669
84.71800232 -32.00500107 339.01800537 -0.467827 -0.799003 0.377798
84.71800232 -32.14099884 338.71798706 -0.518860 -0.798124 0.306239
84.71800232 -32.23500061 338.41799927 -0.999999 -0.000978 -0.000978
85.01799774 -32.44900131 338.41799927 -0.548976 -0.767923 0.330030
84.71800232 -32.34199905 338.11801147 -0.543433 -0.765967 0.343476
85.01799774 -32.58000183 338.11801147 -0.565363 -0.758649 0.323755
85.91799927 -34.54700089 336.17999268 -0.262878 -0.205073 0.942783
85.91799927 -34.24700165 336.26800537 -0.476449 -0.370572 0.797291
83.81800079 -31.82399940 337.81799316 -0.575974 -0.771648 0.269840
83.51799774 -31.58900070 337.81799316 -0.555791 -0.770419 0.312332
83.51799774 -31.73100090 337.51800537 -0.546960 -0.757954 0.355443
83.81800079 -31.94499969 337.51800537 -0.560411 -0.762737 0.322758
84.08399963 -32.14699936 337.51800537 -0.575726 -0.732298 0.363702
83.81800079 -32.07799911 337.21798706 -0.532563 -0.773905 0.342706
83.51799774 -31.87100029 337.21798706 -0.540551 -0.766453 0.346921
83.51799774 -32.00199890 336.91799927 -0.573736 -0.813636 0.093937
83.51799774 -32.03699875 336.61801147 -0.541224 -0.804858 0.243473
83.29799652 -31.84700012 336.91799927 -0.565378 -0.804868 0.180375
82.01799774 -31.54700089 336.31500244 0.149096 -0.936980 0.315974
82.01799774 -31.64699936 336.01800537 0.999999 0.000978 0.000978
82.01799774 -32.14699936 335.14300537 -0.462698 -0.211134 0.861007
91.01799774 -42.04700089 337.11599731 -0.306601 -0.079586 0.948505
90.71800232 -42.04700089 336.99398804 -0.265983 -0.077631 0.960847
91.01799774 -42.34700012 337.07901001 -0.340595 -0.069697 0.937623
90.71800232 -42.34700012 336.97100830 -0.301270 -0.016117 0.953403
91.61799622 -48.94699860 337.13198853 0.038033 0.379023 0.924605
91.31800079 -48.64699936 337.02200317 -0.137487 0.212012 0.967547
91.61799622 -48.64699936 337.04901123 -0.068010 0.293856 0.953427
91.31800079 -48.34700012 336.94601440 -0.101943 0.305829 0.946613
91.61799622 -48.34700012 336.94799805 0.020735 0.262235 0.964781
91.91799927 -48.94699860 337.17001343 -0.118224 0.338364 0.933559
92.21800232 -48.64699936 337.05398560 -0.178352 0.017260 0.983815
90.41799927 -42.64699936 336.86300659 -0.306503 -0.013650 0.951772
91.91799927 -48.34700012 336.93301392 0.049952 -0.039324 0.997977
90.11799622 -42.64699936 336.78201294 -0.294946 -0.057457 0.953785
92.21800232 -48.34700012 337.04901123 -0.288817 0.059799 0.955515
91.91799927 -48.04700089 336.94500732 -0.212449 0.027298 0.976791
92.21800232 -48.04700089 337.01599121 -0.278697 0.028489 0.959956
94.01799774 -38.44699860 343.48599243 0.847156 0.295808 -0.441389
90.41799927 -42.94699860 336.88101196 -0.280326 0.001214 0.959904
90.11799622 -42.94699860 336.78601074 -0.294457 -0.021121 0.955431
92.51799774 -48.34700012 337.13000488 -0.268368 -0.061737 0.961336
92.81800079 -48.34700012 337.21600342 -0.184477 -0.071138 0.980259
92.51799774 -48.04700089 337.14599609 -0.287455 0.006116 0.957775
92.81800079 -48.04700089 337.22399902 -0.209925 0.001160 0.977717
94.01799774 -37.84899902 344.11801147 -0.000978 -0.000978 0.999999
94.01799774 -37.84700012 344.11801147 -0.000978 -0.000978 0.999999
93.41799927 -35.47700119 345.91799927 -0.999999 0.000978 0.000978
93.11799622 -35.35300064 345.91799927 -0.423881 -0.855469 0.297487
93.11799622 -35.32899857 346.21798706 -0.434092 -0.844845 0.312733
93.41799927 -35.37599945 346.21798706 -0.146419 -0.937358 0.316102
93.11799622 -48.34700012 337.24200439 -0.124292 -0.051313 0.990918
93.41799927 -48.34700012 337.41400146 -0.941378 -0.021597 -0.336660
93.11799622 -48.04700089 337.27499390 -0.157977 -0.095269 0.982836
93.41799927 -48.04700089 337.39401245 -0.334358 0.058545 0.940626
91.30200195 -47.74700165 349.51800537 0.000978 0.999999 0.000978
91.22499847 -47.74700165 349.81799316 0.000978 0.999999 0.000978
93.11799622 -35.08100128 346.51800537 -0.459124 -0.807866 0.369539
93.69499969 -48.34700012 337.81799316 -0.848939 0.518557 0.101988
93.71800232 -47.44699860 337.48901367 -0.399192 0.016904 0.916712
93.71800232 -47.74700165 337.54598999 -0.999999 0.000978 0.000978
94.01799774 -47.44699860 337.61300659 -0.810433 0.026412 0.585236
94.03600311 -47.74700165 337.81799316 -0.869430 0.374359 0.322407
94.16600037 -47.44699860 337.81799316 -0.000978 0.999999 -0.000978
80.51799774 -43.98199844 336.31799316 0.243912 0.725443 0.643614
80.51799774 -44.14699936 336.50399780 0.243777 0.731332 0.636966
80.81800079 -44.08300018 336.31799316 0.000978 0.000978 0.999999
89.81800079 -42.04700089 336.73901367 -0.280737 -0.100543 0.954504
89.51799774 -42.04700089 336.65200806 -0.221721 -0.091444 0.970813
89.81800079 -42.34700012 336.71301270 -0.291838 -0.098152 0.951418
89.51799774 -42.34700012 336.63800049 -0.242926 -0.095390 0.965343
89.81800079 -42.64699936 336.67800903 -0.301087 -0.026236 0.953236
89.81800079 -42.94699860 336.69699097 -0.319205 0.003726 0.947678
89.51799774 -42.64699936 336.59298706 -0.263925 -0.110511 0.958191
89.51799774 -42.94699860 336.56900024 -0.272587 0.015891 0.962000
80.81800079 -47.12699890 339.61801147 0.196200 0.396761 0.896709
80.51799774 -46.97800064 339.61801147 -0.000978 -0.000978 0.999999
80.81800079 -46.83499908 339.31799316 0.000978 0.000978 0.999999
80.51799774 -46.70399857 339.31799316 0.352410 0.805281 0.476790
80.81800079 -46.56800079 339.01800537 0.000978 0.000978 0.999999
82.61799622 -46.69900131 338.41799927 0.279845 0.711605 0.644442
82.31800079 -46.84700012 338.68798828 0.262251 0.789894 0.554339
82.31800079 -46.57199860 338.41799927 0.000978 0.000978 0.999999
82.61799622 -46.43600082 338.11801147 -0.000978 -0.000978 0.999999
82.31800079 -46.30300140 338.11801147 -0.000978 -0.000978 0.999999
82.61799622 -46.17399979 337.81799316 0.262262 0.656450 0.707313
82.31800079 -46.00999832 337.81799316 0.290787 0.660295 0.692426
93.19100189 -48.94699860 337.51800537 -0.797017 0.524479 0.299476
93.38800049 -48.64699936 337.51800537 -0.805392 0.385884 0.449931
93.30400085 -48.94699860 337.81799316 -0.000978 0.999999 -0.000978
93.50800323 -48.64699936 337.81799316 -0.817059 0.536052 0.212283
81.41799927 -42.92200089 334.81799316 0.261573 0.648384 0.714967
81.11799622 -42.80500031 334.81799316 0.275790 0.731721 0.623318
81.41799927 -42.64699936 334.56600952 -0.000978 0.999999 -0.000978
81.11799622 -42.64699936 334.63000488 0.136009 0.757765 0.638196
82.01799774 -42.64699936 334.59500122 -0.005939 0.241134 0.970474
81.71800232 -42.64699936 334.60501099 0.000978 0.999999 0.000978
82.01799774 -42.94699860 334.67700195 -0.003895 0.414191 0.910182
92.24099731 -37.54700089 338.41799927 -0.707642 -0.692618 0.139726
91.91799927 -37.45299911 338.11801147 0.000978 0.000978 0.999999
92.03500366 -37.54700089 338.11801147 -0.640762 -0.597035 0.482673
90.41799927 -46.24700165 336.63800049 -0.268938 -0.048784 0.961921
90.41799927 -46.54700089 336.63000488 -0.312151 -0.077058 0.946902
90.11799622 -46.24700165 336.54501343 -0.279992 -0.086449 0.956102
90.11799622 -46.54700089 336.52499390 -0.252322 -0.066533 0.965353
82.01799774 -43.12099838 334.81799316 0.152289 0.622726 0.767476
81.71800232 -43.04700089 334.81799316 0.197763 0.593288 0.780320
82.61799622 -29.01600075 342.91799927 -0.532470 -0.799490 0.278015
82.31800079 -28.84300041 342.91799927 -0.498543 -0.820486 0.279747
82.61799622 -28.86199951 343.21798706 -0.498007 -0.803494 0.326171
82.31800079 -28.72599983 343.21798706 -0.439691 -0.769868 0.462575
82.01799774 -43.41500092 335.11801147 -0.000978 -0.000978 0.999999
81.71800232 -43.29600143 335.11801147 -0.000978 -0.000978 0.999999
82.73600006 -28.84700012 343.51800537 -0.617001 -0.692686 0.373491
89.81800079 -43.24700165 336.68099976 -0.265089 -0.116221 0.957194
89.81800079 -43.54700089 336.62399292 -0.244851 -0.137483 0.959764
89.51799774 -43.24700165 336.60299683 -0.296036 0.018580 0.954996
89.51799774 -43.54700089 336.57998657 -0.205095 -0.059466 0.976934
82.31800079 -43.53300095 335.11801147 0.312202 0.800315 0.511885
81.71800232 -44.09799957 336.01800537 0.250740 0.546645 0.798942
82.01799774 -43.96300125 335.71798706 -0.000978 -0.000978 0.999999
81.71800232 -43.85300064 335.71798706 -0.000978 -0.000978 0.999999
82.01799774 -43.67599869 335.41799927 -0.000978 -0.000978 0.999999
81.71800232 -43.58200073 335.41799927 0.239413 0.758922 0.605573
74.21800232 -44.85100174 342.91799927 0.539397 0.779485 -0.318517
82.31800079 -43.83100128 335.41799927 -0.000978 -0.000978 0.999999
82.61799622 -43.90599823 335.41799927 0.244203 0.707401 0.663287
82.61799622 -43.64799881 335.11801147 0.204857 0.827016 0.523524
93.62000275 -37.24700165 343.51800537 -0.860197 0.306224 0.407785
93.69400024 -37.54700089 343.81799316 -0.033483 0.007102 0.999414
92.76999664 -48.94699860 340.51800537 0.000978 0.999999 0.000978
93.76200104 -37.24700165 343.81799316 0.000978 0.000978 0.999999
93.71800232 -36.99800110 343.81799316 -0.981287 -0.180921 -0.065898
92.93499756 -48.64699936 340.51800537 0.000978 0.999999 0.000978
92.67800140 -48.94699860 340.81799316 0.000978 0.999999 0.000978
82.31800079 -44.09299850 335.71798706 -0.000978 -0.000978 0.999999
92.88400269 -48.64699936 340.81799316 0.000978 0.999999 0.000978
93.90799713 -37.54700089 344.11801147 -0.000978 -0.000978 0.999999
93.88400269 -37.24700165 344.11801147 -0.810325 -0.064085 0.582466
94.01799774 -37.24700165 344.30499268 -0.828983 -0.198532 0.522850
94.23200226 -37.54700089 344.41799927 -0.805482 -0.297918 0.512293
88.01799774 -40.24700165 336.36099243 -0.305084 -0.006176 0.952305
88.01799774 -40.54700089 336.36199951 -0.310827 -0.026427 0.950099
87.71800232 -40.24700165 336.27301025 -0.267779 -0.085843 0.959649
87.71800232 -40.54700089 336.24798584 -0.274681 -0.038530 0.960763
82.31800079 -44.61899948 336.31799316 -0.000978 -0.000978 0.999999
82.31800079 -44.34899902 336.01800537 0.000978 0.000978 0.999999
85.61799622 -36.04700089 335.94500732 -0.187658 -0.073853 0.979454
85.31800079 -36.04700089 335.89401245 -0.256722 -0.101915 0.961097
82.61799622 -44.48099899 336.01800537 -0.000978 -0.000978 0.999999
85.61799622 -36.34700012 335.95999146 -0.219616 -0.049747 0.974317
85.31800079 -36.34700012 335.85998535 -0.314572 -0.102203 0.943716
82.61799622 -44.20800018 335.71798706 0.265259 0.703651 0.659176
85.01799774 -36.04700089 335.78500366 -0.303703 -0.095975 0.947921
85.01799774 -36.34700012 335.76000977 -0.317372 -0.050111 0.946976
85.61799622 -35.44699860 336.01400757 -0.287551 -0.031120 0.957260
85.31800079 -35.44699860 335.91198730 -0.318104 0.052803 0.946584
85.61799622 -35.74700165 336.00500488 -0.213809 -0.112598 0.970365
85.31800079 -35.74700165 335.92300415 -0.295806 -0.028707 0.954817
84.71800232 -35.44699860 335.70001221 -0.297888 -0.033937 0.953997
84.71800232 -35.74700165 335.71499634 -0.357621 0.003791 0.933859
83.21800232 -44.70199966 336.01800537 -0.000978 -0.000978 0.999999
82.91799927 -44.59500122 336.01800537 0.000978 0.000978 0.999999
85.01799774 -35.44699860 335.81201172 -0.332733 0.011300 0.942953
85.01799774 -35.74700165 335.82000732 -0.327478 -0.042380 0.943908
83.21800232 -44.43199921 335.71798706 0.000978 0.000978 0.999999
82.91799927 -44.31900024 335.71798706 0.262302 0.704241 0.659729
82.01799774 -31.54599953 336.31799316 0.149096 -0.936980 0.315974
82.61799622 -45.04299927 336.61801147 0.248940 0.775003 0.580861
82.31800079 -45.04700089 336.75100708 0.286581 0.725259 0.625996
82.61799622 -44.75000000 336.31799316 -0.000978 -0.000978 0.999999
83.21800232 -45.80899811 337.21798706 -0.000978 -0.000978 0.999999
82.91799927 -45.69800186 337.21798706 0.000978 0.000978 0.999999
83.21800232 -45.54399872 336.91799927 0.139977 0.313930 0.939071
82.91799927 -45.41099930 336.91799927 0.000978 0.000978 0.999999
80.21800232 -42.72999954 335.11801147 0.289765 0.715609 0.635563
79.91799927 -42.61299896 335.11801147 0.290787 0.660295 0.692426
79.91799927 -42.90800095 335.41799927 0.279322 0.707084 0.649624
79.31800079 -42.64699936 335.39401245 0.270970 0.587895 0.762204
79.61799622 -42.46500015 335.11801147 0.283101 0.682961 0.673364
79.61799622 -42.64699936 335.28698730 0.251159 0.658700 0.709248
79.31800079 -42.92100143 335.71798706 -0.000978 -0.000978 0.999999
78.71800232 -42.42900085 335.41799927 0.000978 0.000978 0.999999
79.01799774 -42.53900146 335.41799927 0.286669 0.722279 0.629392
78.71800232 -42.70299911 335.71798706 0.312490 0.827550 0.466380
79.01799774 -42.81600189 335.71798706 0.000978 0.000978 0.999999
86.51799774 -33.52299881 338.41799927 -0.999999 0.000978 0.000978
78.11799622 -42.42599869 335.71798706 0.251586 0.716784 0.650327
78.41799927 -42.64699936 335.81900024 0.336346 0.622322 0.706815
78.11799622 -42.72100067 336.01800537 0.254491 0.646502 0.719214
86.81800079 -33.75199890 338.41799927 -0.583479 -0.766903 0.267230
78.41799927 -42.87699890 336.01800537 0.213098 0.639295 0.738844
87.06700134 -33.94699860 338.41799927 -0.732446 -0.464599 0.497666
86.51799774 -33.63100052 338.11801147 -0.581852 -0.760392 0.288535
86.81800079 -33.86500168 338.11801147 -0.603396 -0.729576 0.321919
77.81800079 -42.34899902 335.71798706 0.000978 0.000978 0.999999
77.51799774 -42.50600052 336.01800537 0.311983 0.766359 0.561570
77.81800079 -42.64300156 336.01800537 0.265048 0.738007 0.620561
77.51799774 -42.73500061 336.31799316 0.169263 0.702977 0.690778
77.51799774 -42.94699860 336.53298950 0.210191 0.695965 0.686624
77.81800079 -42.87400055 336.31799316 0.274989 0.751849 0.599254
77.21800232 -42.40000153 336.01800537 -0.000978 -0.000978 0.999999
76.31800079 -42.86800003 336.91799927 -0.000978 -0.000978 0.999999
76.01799774 -42.75999832 336.91799927 0.000978 0.000978 0.999999
75.71800232 -42.62500000 336.91799927 0.000978 0.000978 0.999999
75.71800232 -42.94699860 337.25201416 0.308558 0.699506 0.644580
75.71800232 -42.37200165 336.61801147 0.000978 0.000978 0.999999
76.01799774 -42.47100067 336.61801147 -0.000978 -0.000978 0.999999
75.11799622 -42.60200119 336.91799927 -0.261433 0.899508 0.350055
75.41799927 -42.51499939 336.91799927 0.000978 0.000978 0.999999
75.11799622 -42.71900177 337.21798706 0.020177 0.878384 0.477529
75.41799927 -42.75600052 337.21798706 0.086232 0.705933 0.703010
75.41799927 -42.94699860 337.41000366 0.287289 0.678901 0.675691
90.41799927 -33.31499863 345.91799927 -0.393769 -0.798789 0.454843
90.47599792 -33.34700012 345.91799927 -0.430843 -0.782021 0.450353
90.11799622 -33.16999817 345.91799927 -0.467047 -0.836341 0.287056
90.71800232 -33.70000076 345.61801147 -0.550838 -0.774366 0.311343
90.71800232 -33.81999969 345.31799316 -0.568585 -0.769261 0.291459
92.58000183 -36.64699936 341.41799927 -0.560008 -0.828486 0.001356
92.81800079 -36.87799835 341.41799927 -0.662049 -0.678236 0.318884
92.88700104 -36.94699860 341.41799927 -0.671037 -0.671037 0.315307
92.51799774 -36.76599884 341.11801147 -0.449144 -0.796868 0.404068
86.21800232 -40.24700165 335.82800293 -0.318651 -0.066331 0.945548
85.91799927 -40.24700165 335.73300171 -0.238172 0.027807 0.970825
86.21800232 -40.54700089 335.82299805 -0.221544 0.015401 0.975029
85.91799927 -40.54700089 335.76599121 -0.178750 0.019605 0.983699
84.71800232 -49.01699829 351.31799316 0.999999 0.000978 0.000978
85.07199860 -49.24700165 351.31799316 0.723116 0.620043 -0.304385
85.01799774 -49.02099991 351.61801147 0.240779 0.966898 -0.084462
84.71800232 -48.94599915 351.61801147 0.237361 0.945328 -0.223641
82.61799622 -31.98800087 335.71798706 -0.418275 -0.773075 0.476866
82.35800171 -31.84700012 335.71798706 0.000978 0.000978 0.999999
82.31800079 -31.82900047 335.71798706 0.000978 0.000978 0.999999
82.61799622 -31.82200050 336.01800537 -0.236632 -0.811971 0.533581
84.71800232 -32.70000076 337.21798706 -0.999999 -0.000978 -0.000978
85.61799622 -32.82400131 338.71798706 -0.566150 -0.756480 0.327432
86.21800232 -33.22299957 338.71798706 -0.999999 0.000978 0.000978
85.91799927 -33.04100037 338.71798706 -0.510439 -0.764843 0.393022
86.21800232 -33.11800003 339.01800537 -0.514954 -0.776466 0.363212
85.91799927 -32.85200119 339.01800537 -0.496886 -0.770580 0.399138
86.51799774 -33.29199982 339.01800537 -0.502685 -0.811545 0.297829
86.51799774 -33.20000076 339.31799316 -0.588807 -0.760211 0.274565
86.51799774 -33.07600021 339.61801147 -0.999999 -0.000978 -0.000978
86.81800079 -33.31299973 339.61801147 -0.385680 -0.847872 0.363820
87.07700348 -33.64699936 339.31799316 -0.558559 -0.639558 0.528184
86.81800079 -33.42100143 339.31799316 -0.597580 -0.750561 0.282058
86.81800079 -33.65499878 338.71798706 -0.574768 -0.771107 0.273925
86.51799774 -33.41999817 338.71798706 -0.559619 -0.773263 0.298145
86.81800079 -33.53900146 339.01800537 -0.999999 0.000978 0.000978
87.11799622 -33.43500137 339.61801147 -0.430554 -0.794993 0.427329
87.41799927 -33.63800049 339.61801147 -0.549517 -0.811337 0.199409
97.31800079 -38.14599991 346.51800537 -0.491638 -0.803485 0.335714
97.54499817 -38.14699936 346.81799316 -0.793698 -0.310163 0.523300
97.31800079 -38.00299835 346.81799316 -0.505497 -0.772062 0.385218
88.91799927 -34.26200104 341.11801147 -0.572450 -0.763798 0.298184
89.21800232 -34.44200134 341.11801147 -0.472494 -0.824117 0.312380
89.21800232 -34.31200027 341.41799927 -0.512714 -0.785947 0.345560
88.91799927 -34.09500122 341.41799927 -0.528182 -0.753845 0.390822
92.81800079 -35.74499893 344.41799927 -0.564166 -0.779086 0.273391
92.53099823 -35.44699860 344.41799927 -0.586579 -0.758260 0.284546
92.21800232 -35.16999817 344.71798706 -0.517245 -0.819871 0.245498
92.81800079 -35.61600113 344.71798706 -0.444050 -0.826470 0.346074
92.51799774 -35.32500076 344.71798706 -0.498706 -0.837277 0.224189
92.81800079 -35.49399948 345.01800537 -0.483324 -0.783986 0.389569
92.51799774 -35.27799988 345.01800537 -0.638384 -0.721167 0.269045
93.11799622 -35.64599991 345.01800537 -0.489309 -0.823853 0.286082
93.11799622 -35.77999878 344.71798706 -0.495044 -0.777463 0.387920
93.41799927 -35.99800110 344.71798706 -0.527990 -0.786402 0.320622
93.41799927 -35.84999847 345.01800537 -0.538988 -0.765590 0.351232
94.25499725 -36.34700012 345.31799316 -0.554812 -0.763872 0.329671
94.01799774 -36.17499924 345.31799316 -0.563676 -0.778410 0.276312
93.71800232 -35.88100052 345.31799316 -0.459329 -0.829301 0.318238
94.01799774 -36.06900024 345.61801147 -0.544778 -0.764629 0.344325
93.71800232 -35.77799988 345.61801147 -0.999999 -0.000978 -0.000978
82.91799927 -30.70899963 339.01800537 -0.520597 -0.770354 0.368148
91.01799774 -44.14699936 336.95700073 -0.307405 -0.049746 0.950278
91.01799774 -43.84700012 336.98800659 -0.316255 -0.068978 0.946163
90.71800232 -44.14699936 336.86300659 -0.285503 -0.083972 0.954692
90.71800232 -43.84700012 336.89498901 -0.263596 -0.066845 0.962314
83.51799774 -48.38999939 350.71798706 0.480231 0.784216 -0.392916
83.81800079 -48.57300186 350.71798706 0.487130 0.815037 -0.313718
83.81800079 -48.48799896 351.01800537 0.999999 0.000978 0.000978
83.51799774 -48.25699997 351.01800537 0.556964 0.789163 -0.258870
95.51799774 -41.74700165 338.44100952 -0.278697 -0.028489 0.959956
95.81800079 -41.74700165 338.51098633 -0.250740 0.033024 0.967491
95.51799774 -41.44699860 338.42999268 -0.229498 -0.001177 0.973308
95.81800079 -41.44699860 338.50100708 -0.283276 -0.025977 0.958686
96.11799622 -41.74700165 338.59698486 -0.263618 -0.051224 0.963266
96.41799927 -41.74700165 338.71099854 -0.999999 0.000978 0.000978
96.11799622 -41.44699860 338.60699463 -0.341453 -0.048037 0.938671
96.41799927 -41.44699860 338.72799683 -0.337994 -0.008795 0.941107
96.11799622 -41.14699936 338.62701416 -0.299013 -0.112961 0.947540
96.41799927 -41.14699936 338.71600342 -0.395505 -0.139342 0.907832
96.11799622 -40.84700012 338.67800903 -0.268351 -0.234631 0.934310
82.91799927 -30.84399986 338.71798706 -0.570383 -0.770573 0.284397
97.01799774 -37.59199905 347.11801147 -0.565486 -0.708101 0.422870
93.41799927 -37.64099884 340.51800537 -0.572784 -0.744782 0.342372
88.75099945 -53.14699936 346.21798706 -0.745048 0.640588 -0.185878
88.85600281 -53.14699936 345.91799927 -0.000978 0.999999 -0.000978
88.61799622 -53.32699966 346.21798706 -0.580359 0.756225 -0.302170
88.31800079 -53.51100159 346.21798706 -0.129807 0.847394 -0.514854
88.62300110 -53.44699860 345.91799927 -0.646920 0.713678 -0.268623
88.31800079 -53.64300156 345.91799927 0.310106 0.897675 -0.313073
88.93699646 -52.84700012 346.21798706 -0.000978 0.999999 -0.000978
89.03800201 -52.84700012 345.91799927 -0.000978 0.999999 -0.000978
89.48400116 -52.24700165 345.61801147 -0.000978 0.999999 -0.000978
89.32399750 -52.54700089 345.61801147 -0.000978 0.999999 -0.000978
89.38200378 -52.54700089 345.31799316 0.000978 0.999999 0.000978
89.14299774 -52.84700012 345.61801147 0.000978 0.999999 0.000978
88.93599701 -53.14699936 345.61801147 -0.000978 0.999999 -0.000978
89.17900085 -52.84700012 345.31799316 0.000978 0.999999 0.000978
88.98300171 -53.14699936 345.31799316 0.000978 0.999999 0.000978
89.56099701 -52.24700165 345.31799316 -0.000978 0.999999 -0.000978
89.64700317 -52.24700165 345.01800537 -0.000978 0.999999 -0.000978
89.71299744 -52.24700165 344.71798706 -0.000978 0.999999 -0.000978
90.01100159 -51.64699936 345.01800537 -0.000978 0.999999 -0.000978
89.82399750 -51.94699860 345.01800537 0.000978 0.999999 0.000978
90.08000183 -51.64699936 344.71798706 -0.000978 0.999999 -0.000978
89.88600159 -51.94699860 344.71798706 0.000978 0.999999 0.000978
91.20099640 -50.44699860 343.21798706 0.000978 0.999999 0.000978
90.99700165 -50.74700165 343.21798706 -0.000978 0.999999 -0.000978
91.25599670 -50.44699860 342.91799927 0.000978 0.999999 0.000978
91.06099701 -50.74700165 342.91799927 -0.000978 0.999999 -0.000978
91.69599915 -49.84700012 342.61801147 -0.000978 0.999999 -0.000978
91.50700378 -50.14699936 342.61801147 0.000978 0.999999 0.000978
91.78399658 -49.84700012 342.31799316 -0.000978 0.999999 -0.000978
91.58799744 -50.14699936 342.31799316 0.000978 0.999999 0.000978
85.91799927 -33.81900024 336.61801147 -0.440640 -0.782095 0.440640
85.91799927 -33.94699860 336.45498657 -0.511236 -0.531351 0.675503
73.01799774 -41.31399918 349.51800537 0.000978 0.000978 -0.999999
73.13700104 -41.44699860 349.51800537 -0.000978 -0.000978 -0.999999
90.47100067 -48.34700012 351.31799316 0.000978 0.999999 0.000978
90.68199921 -48.04700089 351.31799316 0.000978 0.999999 0.000978
90.42099762 -48.34700012 351.61801147 0.000978 0.999999 0.000978
90.62599945 -48.04700089 351.61801147 -0.837804 0.491655 -0.237403
94.31800079 -46.54700089 337.77999878 -0.338631 0.001250 0.940919
94.31800079 -46.24700165 337.77301025 -0.271756 -0.035986 0.961693
94.61799622 -46.24700165 337.86999512 -0.306536 -0.082178 0.948305
77.51799774 -45.89899826 346.21798706 0.565886 0.780261 -0.266392
77.81800079 -46.11500168 346.21798706 0.563187 0.762147 -0.319300
77.51799774 -45.98600006 345.91799927 0.494129 0.817274 -0.296478
77.81800079 -46.24800110 345.91799927 0.624702 0.749331 -0.219658
96.41799927 -37.62900162 345.91799927 -0.456033 -0.686555 0.566283
96.68599701 -37.84700012 345.91799927 0.000978 -0.999999 0.000978
81.11799622 -49.37400055 343.81799316 0.623066 0.739793 -0.253959
81.14800262 -49.54700089 343.51800537 0.647924 0.702588 -0.294219
81.41799927 -49.63100052 343.81799316 0.544589 0.772706 -0.326111
81.41799927 -49.77999878 343.51800537 0.542307 0.798614 -0.260995
95.81800079 -43.24700165 338.39999390 -0.300017 -0.001225 0.953933
95.51799774 -43.24700165 338.31500244 -0.214243 -0.022490 0.976521
95.81800079 -43.54700089 338.41500854 -0.342151 -0.075300 0.936623
95.51799774 -43.54700089 338.30599976 -0.313981 -0.008687 0.949389
95.21800232 -42.64699936 338.26300049 -0.200113 -0.031971 0.979251
94.91799927 -42.64699936 338.22500610 0.103049 0.038782 0.993920
95.21800232 -42.94699860 338.26599121 -0.159438 0.010177 0.987156
94.91799927 -42.94699860 338.22299194 0.054200 0.035070 0.997914
95.21800232 -43.24700165 338.26901245 -0.114632 -0.082211 0.990000
94.91799927 -43.24700165 338.24600220 -0.011722 -0.084186 0.996381
95.21800232 -43.54700089 338.21701050 -0.214948 -0.085731 0.972856
94.91799927 -43.54700089 338.17401123 -0.141608 -0.164165 0.976216
94.31800079 -43.84700012 338.20300293 0.460876 -0.409129 0.787532
94.31800079 -43.24700165 338.45599365 0.772550 -0.280783 0.569498
94.36299896 -43.24700165 338.41799927 0.000978 -0.999999 0.000978
94.61799622 -43.24700165 338.26199341 0.295917 0.052071 0.953793
94.61799622 -43.54700089 338.13000488 -0.144532 -0.139591 0.979604
94.01799774 -43.54700089 338.65701294 0.666267 -0.388518 0.636508
94.24600220 -43.54700089 338.41799927 0.704014 -0.279371 0.652929
93.71800232 -43.24700165 339.08099365 -0.072404 -0.552261 0.830521
93.71800232 -43.34500122 339.01800537 -0.071979 -0.529258 0.845402
94.13500214 -43.24700165 338.71798706 0.739075 -0.394938 0.545703
93.71800232 -43.54700089 338.89401245 -0.163255 -0.549675 0.819271
93.71800232 -43.79199982 338.71798706 0.999999 -0.000978 -0.000978
91.61799622 -44.44699860 337.12500000 -0.276398 -0.094728 0.956363
91.31800079 -44.44699860 337.05801392 -0.269580 -0.094160 0.958363
91.61799622 -44.74700165 337.09399414 -0.311062 -0.087937 0.946312
91.31800079 -44.74700165 336.99798584 -0.324061 -0.153067 0.933571
88.91799927 -53.27299881 342.91799927 0.058189 0.801869 0.594660
89.21800232 -53.27299881 342.91799927 -0.001172 0.974073 0.226229
88.91799927 -53.49300003 343.21798706 -0.260346 0.836495 0.482179
89.21800232 -53.34299850 343.21798706 -0.999999 0.000978 0.000978
