42.71799850 -58.90499878 258.91799927 0.335416 0.885921 -0.320375
43.01800156 -59.04299927 258.91799927 0.154938 0.922649 -0.353147
43.01800156 -58.87400055 259.21798706 0.041998 0.890088 -0.453850
42.71799850 -58.78799820 259.21798706 0.268662 0.928236 -0.257291
35.21799850 -53.42399979 262.81799316 0.999999 0.000978 0.000978
34.91799927 -53.23300171 262.81799316 0.409309 0.817025 -0.406124
35.21799850 -53.56999969 262.51800537 0.337412 0.833330 -0.437851
34.91799927 -53.45500183 262.51800537 0.410346 0.859115 -0.305839
48.11800003 -51.04700089 253.13900757 -0.077851 0.411106 0.908257
42.11800003 -58.66699982 258.91799927 0.373194 0.864642 -0.336335
48.41799927 -51.04700089 253.16499329 -0.019827 0.429593 0.902805
42.41799927 -58.81800079 258.91799927 0.352949 0.887629 -0.295876
48.41799927 -51.34700012 253.29499817 0.064542 0.351690 0.933889
42.11800003 -58.56999969 259.21798706 0.410792 0.851038 -0.327084
42.41799927 -58.70199966 259.21798706 0.323173 0.888350 -0.326179
42.11800003 -58.92499924 258.31799316 0.265145 0.885315 -0.381989
42.41799927 -59.02799988 258.31799316 0.335592 0.858312 -0.388173
42.41799927 -58.90200043 258.61801147 0.300137 0.900412 -0.314922
42.11800003 -58.80400085 258.61801147 0.305799 0.874799 -0.375783
41.51800156 -58.40299988 258.91799927 0.440272 0.841652 -0.312702
41.81800079 -58.54700089 258.95098877 0.367377 0.830934 -0.417832
41.51800156 -58.29199982 259.21798706 0.316852 0.877786 -0.359301
41.81800079 -58.39199829 259.21798706 0.309891 0.842468 -0.440699
41.81800079 -58.25099945 259.51800537 0.313285 0.879315 -0.358688
41.51800156 -58.15700150 259.51800537 0.341162 0.849010 -0.403474
41.51800156 -58.00899887 259.81799316 0.382679 0.824110 -0.417612
41.81800079 -58.14699936 259.81799316 0.393232 0.867558 -0.304487
41.21799850 -58.00999832 259.51800537 0.490023 0.826038 -0.278457
40.91799927 -57.78900146 259.51800537 0.247134 0.914829 -0.319395
40.91799927 -57.69800186 259.81799316 0.402476 0.870259 -0.284011
41.21799850 -57.86800003 259.81799316 0.390181 0.832492 -0.393340
41.21799850 -57.67499924 260.11801147 0.248100 0.922128 -0.296859
40.91799927 -57.59400177 260.11801147 0.344095 0.859467 -0.378042
40.91799927 -57.43600082 260.41799927 0.386847 0.816677 -0.428238
41.21799850 -57.57799911 260.41799927 0.399442 0.864692 -0.304555
40.61800003 -57.43500137 260.11801147 0.452792 0.818204 -0.354290
40.31800079 -57.17699814 260.11801147 0.601516 0.773818 -0.198454
40.31800079 -57.15100098 260.41799927 0.508448 0.832144 -0.221396
40.61800003 -57.29499817 260.41799927 0.393395 0.829448 -0.396555
50.77299881 -46.24700165 262.81799316 -0.966334 -0.140628 0.215458
40.37300110 -57.34700012 259.81799316 0.590346 0.696178 -0.408446
50.80699921 -46.54700089 262.81799316 -0.980677 -0.066181 0.184102
50.68999863 -46.24700165 262.51800537 -0.991614 -0.112969 0.062760
50.75500107 -46.54700089 262.51800537 -0.991058 -0.133390 0.003307
41.81800079 -37.08900070 261.31799316 -0.999999 -0.000978 -0.000978
41.81800079 -37.01100159 261.61801147 -0.416592 -0.859318 0.296688
50.80799866 -46.84700012 262.21798706 -0.997710 -0.001040 -0.067624
50.80500031 -47.14699936 262.21798706 -0.998623 0.001028 0.052451
50.80899811 -46.84700012 261.91799927 -0.996146 0.051393 0.071075
44.51800156 -36.94699860 264.64300537 -0.407917 -0.748666 0.522592
39.71799850 -56.89799881 260.11801147 0.302490 0.895549 -0.326331
50.75699997 -47.14699936 261.91799927 -0.979681 0.048924 0.194504
40.01800156 -56.97499847 260.11801147 0.249596 0.967945 -0.028003
39.71799850 -56.85300064 260.41799927 0.434326 0.854839 -0.283923
40.01800156 -56.96599960 260.41799927 0.242481 0.946633 -0.212342
34.91799927 -52.20700073 265.21798706 0.416146 0.886700 -0.201456
35.21799850 -52.34799957 265.21798706 0.370831 0.884290 -0.283753
35.21799850 -52.42200089 264.91799927 0.448164 0.787928 -0.422278
50.21799850 -38.76900101 267.61801147 -0.745297 -0.637283 0.195968
50.45500183 -39.04700089 267.61801147 -0.756572 -0.644487 0.110610
50.21799850 -38.86199951 267.31799316 -0.676058 -0.704162 0.217026
50.41099930 -39.04700089 267.31799316 -0.808738 -0.532432 0.249917
50.54199982 -39.34700012 267.31799316 -0.903693 -0.395455 0.164178
50.57899857 -39.94699860 267.01800537 -0.996348 -0.053473 0.066569
50.52899933 -39.94699860 266.71798706 -0.991976 -0.097029 0.081048
50.51800156 -39.64699936 267.01800537 -0.979557 -0.149466 0.134643
50.48699951 -39.64699936 266.71798706 -0.974332 -0.180245 0.134869
35.51800156 -52.45700073 265.21798706 0.403214 0.857410 -0.319791
50.43500137 -39.64699936 266.41799927 -0.930003 -0.322085 0.177077
50.51499939 -39.94699860 266.11801147 -0.976615 -0.212928 0.029739
50.53099823 -39.94699860 266.41799927 -0.974541 -0.223059 0.022664
35.81800079 -52.66099930 265.21798706 0.484431 0.757026 -0.438451
35.81800079 -52.81100082 264.91799927 0.999999 -0.000978 -0.000978
35.51800156 -52.61299896 264.91799927 0.486386 0.746891 -0.453411
35.51800156 -52.82099915 264.61801147 0.423064 0.815796 -0.394328
35.81800079 -52.97299957 264.61801147 0.382240 0.838412 -0.388532
35.81800079 -53.08800125 264.31799316 0.408420 0.834187 -0.370574
40.01800156 -56.84199905 260.71798706 0.453756 0.847525 -0.275330
35.51800156 -52.96400070 264.31799316 0.356535 0.859696 -0.365795
40.01800156 -56.77099991 261.01800537 0.443885 0.865200 -0.233228
50.62200165 -40.84700012 265.81799316 -0.995848 -0.090726 0.007472
50.63100052 -41.14699936 265.81799316 -0.999855 -0.011009 0.013011
50.59600067 -40.84700012 265.51800537 -0.977777 -0.150715 0.145732
50.59299850 -41.14699936 265.51800537 -0.990839 -0.030366 0.131587
50.45299911 -40.84700012 264.91799927 -0.994219 0.007573 0.107103
50.50699997 -41.14699936 264.91799927 -0.968405 -0.142753 0.204484
50.53300095 -40.84700012 265.21798706 -0.969301 -0.086747 0.230067
50.55199814 -41.14699936 265.21798706 -0.989196 -0.035288 0.142289
50.55400085 -41.44699860 265.21798706 -0.988133 -0.097521 0.118670
50.61100006 -41.74700165 265.21798706 -0.981090 -0.056165 0.185224
50.54199982 -41.44699860 264.91799927 -0.997801 -0.045790 0.047920
50.53400040 -41.74700165 264.91799927 -0.980714 -0.108697 0.162435
50.51200104 -41.74700165 264.61801147 -0.994943 -0.098735 -0.018445
50.52500153 -41.44699860 264.61801147 -0.989022 -0.144541 0.030729
50.52399826 -41.44699860 264.31799316 -0.994107 -0.102839 0.034280
50.54499817 -41.74700165 264.31799316 -0.997621 -0.062683 0.028686
50.56800079 -42.64699936 264.01800537 -0.999884 -0.014924 -0.002985
50.58399963 -42.94699860 264.01800537 -0.994299 -0.102403 0.029730
50.56900024 -42.64699936 263.71798706 -0.995090 -0.020663 -0.096790
50.57799911 -42.94699860 263.71798706 -0.994790 -0.087613 -0.052124
50.62599945 -42.64699936 263.41799927 -0.990801 -0.134553 -0.014456
50.61600113 -42.94699860 263.41799927 -0.998829 -0.013428 0.046481
50.57799911 -42.64699936 263.11801147 -0.985072 0.007972 0.171960
50.55099869 -42.94699860 263.11801147 -0.983741 -0.017299 0.178757
50.63399887 -43.24700165 263.41799927 -0.996387 0.064248 0.055536
50.57799911 -43.54700089 263.41799927 -0.998844 -0.001022 0.048051
50.58900070 -43.24700165 263.11801147 -0.993244 -0.062007 0.098084
50.58800125 -43.54700089 263.11801147 -0.999159 -0.039966 0.009223
42.11800003 -56.41199875 264.01800537 0.380143 0.843198 -0.380143
42.41799927 -56.53599930 264.01800537 0.459207 0.852813 -0.248674
42.41799927 -56.67499924 263.71798706 0.303680 0.868312 -0.392190
42.11800003 -56.54100037 263.71798706 0.340465 0.861176 -0.377438
50.51599884 -43.54700089 262.51800537 -0.993668 0.007618 0.112101
50.57500076 -43.24700165 262.81799316 -0.992560 -0.107273 0.057589
50.57199860 -43.54700089 262.81799316 -0.992573 -0.025565 0.118931
50.55500031 -43.24700165 262.51800537 -0.998124 -0.003109 0.061152
39.71799850 -56.70000076 260.71798706 0.356385 0.862421 -0.359471
39.71799850 -56.60300064 261.01800537 0.471468 0.839368 -0.270515
50.58100128 -45.64699936 260.41799927 -0.995632 -0.040437 0.084153
50.60200119 -45.94699860 260.41799927 -0.989518 -0.042229 0.138099
50.55599976 -45.64699936 260.11801147 -0.997896 0.028572 0.058202
50.56900024 -45.94699860 260.11801147 -0.998086 -0.061405 0.007285
50.60699844 -46.24700165 260.41799927 -0.998125 0.019984 0.057847
50.59000015 -46.54700089 260.41799927 -0.996331 -0.085581 -0.001057
50.59299850 -46.24700165 260.11801147 -0.988795 -0.148037 -0.019211
50.65900040 -46.54700089 260.11801147 -0.989052 -0.094585 -0.113268
50.61899948 -46.24700165 259.81799316 -0.990261 -0.098447 -0.098447
50.65800095 -46.54700089 259.81799316 -0.995589 -0.082325 0.045005
50.65200043 -46.24700165 259.51800537 -0.996566 -0.031311 0.076659
50.63199997 -46.54700089 259.51800537 -0.999016 -0.005123 0.044059
50.66899872 -46.84700012 259.81799316 -0.999527 0.029368 -0.009114
50.63999939 -47.14699936 259.81799316 -0.990368 -0.136021 0.025855
50.65499878 -46.84700012 259.51800537 -0.994304 -0.090189 0.056786
50.68600082 -47.14699936 259.51800537 -0.993471 -0.068632 -0.091134
50.77999878 -47.44699860 261.61801147 -0.960937 -0.260441 -0.093656
50.84899902 -47.74700165 261.61801147 -0.993865 -0.109946 -0.011974
50.83800125 -47.44699860 261.31799316 -0.991232 -0.127428 -0.034958
50.84199905 -47.74700165 261.31799316 -0.999261 0.007145 -0.037766
50.68399811 -48.64699936 258.01800537 -0.987302 -0.112328 0.112328
50.71900177 -48.94699860 258.01800537 -0.992944 -0.087180 0.080387
50.63600159 -48.64699936 257.71798706 -0.959397 -0.080697 0.270271
50.67599869 -48.94699860 257.71798706 -0.953979 -0.062745 0.293236
50.51699829 -48.64699936 257.41799927 -0.928075 0.032541 0.370970
50.39699936 -48.64699936 257.11801147 -0.928533 0.084656 0.361469
50.37400055 -48.94699860 257.11801147 -0.877190 0.067903 0.475318
39.41799927 -56.52700043 260.71798706 0.403411 0.827388 -0.390755
50.53599930 -48.94699860 257.41799927 -0.892530 0.009256 0.450893
39.11800003 -56.37599945 260.71798706 0.340685 0.836799 -0.428604
50.50999832 -49.24700165 257.41799927 -0.888284 0.030909 0.458253
50.51599884 -49.54700089 257.41799927 0.000978 0.000978 0.999999
50.29199982 -49.54700089 257.11801147 -0.935987 -0.161282 0.312915
39.11800003 -56.24200058 261.01800537 0.351259 0.866643 -0.354327
39.41799927 -56.37799835 261.01800537 0.408420 0.834187 -0.370574
50.51800156 -50.44699860 256.04299927 -0.403090 -0.557745 -0.725562
50.69800186 -50.44699860 255.91799927 -0.756253 -0.627399 -0.185612
50.82699966 -50.74700165 255.91799927 -0.987315 -0.066758 0.144057
39.71799850 -53.44699860 254.37199402 0.044143 0.416018 0.908284
40.01800156 -53.44699860 254.35699463 0.022356 0.416868 0.908692
39.71799850 -53.74700165 254.54400635 -0.011900 0.445595 0.895156
40.01800156 -53.74700165 254.53700256 0.069198 0.413833 0.907719
41.51800156 -56.84000015 262.51800537 0.362078 0.884912 -0.292968
50.79700089 -52.24700165 255.01800537 -0.989098 -0.146741 -0.012322
50.82400131 -52.54700089 255.01800537 -0.996789 -0.077991 -0.018162
50.77299881 -52.24700165 254.71800232 -0.991868 -0.125511 0.021104
50.81800079 -52.54700089 254.77099609 -0.990684 -0.016753 0.135144
41.81800079 -56.95000076 262.51800537 0.318768 0.847456 -0.424506
41.81800079 -56.79899979 262.81799316 0.327956 0.874041 -0.358464
50.78400040 -52.24700165 254.41799927 -0.988112 -0.056895 0.142818
50.76399994 -52.54700089 254.41799927 -0.869269 0.348014 0.351080
50.68700027 -52.24700165 254.11799622 -0.905961 0.197953 0.374233
50.56299973 -52.54700089 254.11799622 -0.749367 0.401739 0.526360
40.61800003 -38.70399857 258.61801147 0.512257 -0.757748 0.404241
40.89599991 -38.74700165 258.01800537 0.644455 -0.745009 0.172160
40.61800003 -38.86399841 258.31799316 0.576876 -0.721506 0.382940
40.38999939 -39.04700089 258.31799316 0.613963 -0.764761 0.195422
40.31800079 -39.18199921 258.01800537 0.541377 -0.790757 0.285683
40.61800003 -39.02999878 257.71798706 0.999999 -0.000978 -0.000978
40.31800079 -39.31200027 257.71798706 0.999999 -0.000978 -0.000978
47.21799850 -37.97399902 265.51800537 -0.386977 -0.853214 0.349678
46.91799927 -37.79100037 265.51800537 -0.441698 -0.801482 0.403150
46.91799927 -37.65599823 265.81799316 -0.367898 -0.855323 0.364793
47.21799850 -37.79999924 265.81799316 -0.404919 -0.842670 0.354891
47.51800156 -38.11000061 265.51800537 -0.358507 -0.886517 0.292506
47.51800156 -37.99499893 265.81799316 -0.399224 -0.843851 0.358519
47.81800079 -38.12900162 265.81799316 -0.385619 -0.870311 0.306361
47.81800079 -38.21599960 265.51800537 -0.392264 -0.862980 0.318426
39.41799927 -56.26100159 261.31799316 0.371694 0.850698 -0.371694
39.11800003 -56.13000107 261.31799316 0.412124 0.832143 -0.371069
39.11800003 -55.97399902 261.61801147 0.390078 0.816777 -0.425106
39.41799927 -56.11700058 261.61801147 0.385894 0.824193 -0.414478
38.51800156 -56.16899872 260.71798706 0.401432 0.907769 -0.121689
38.81800079 -56.28300095 260.71798706 0.298249 0.864158 -0.405313
38.81800079 -55.96400070 261.31799316 0.396466 0.788076 -0.470904
38.51800156 -55.82899857 261.31799316 0.374735 0.811660 -0.448087
38.51800156 -55.66199875 261.61801147 0.386369 0.854977 -0.346025
38.81800079 -55.79499817 261.61801147 0.439285 0.823064 -0.359992
38.51800156 -56.10599899 261.01800537 0.282030 0.902202 -0.326328
38.81800079 -56.13499832 261.01800537 0.207024 0.904826 -0.372064
49.91799927 -49.55899811 269.71798706 -0.436614 0.891596 -0.120104
37.91799927 -55.39699936 261.61801147 0.355798 0.823869 -0.441189
38.21799850 -55.52600098 261.61801147 0.363251 0.823263 -0.436218
38.21799850 -55.68799973 261.31799316 0.381813 0.813150 -0.439325
38.21799850 -55.36899948 261.91799927 0.434812 0.803840 -0.405931
37.91799927 -55.21099854 261.91799927 0.450062 0.855880 -0.254781
37.91799927 -55.12200165 262.21798706 0.367898 0.855323 -0.364793
38.21799850 -55.22399902 262.21798706 0.377751 0.853437 -0.359096
33.84299850 -40.54700089 267.01800537 0.997618 -0.068330 0.009461
33.82699966 -40.54700089 266.71798706 0.988470 -0.142201 -0.052025
43.01800156 -56.00500107 265.81799316 0.047230 0.900074 -0.433169
42.71799850 -55.95399857 265.81799316 0.291472 0.868312 -0.401346
43.01800156 -56.12500000 265.51800537 0.150956 0.912791 -0.379507
42.71799850 -56.05699921 265.51800537 0.308058 0.888110 -0.341118
33.78400040 -42.64699936 262.21798706 0.948677 -0.316226 0.003720
33.72600174 -42.94699860 262.21798706 0.963775 -0.264638 0.033234
34.01800156 -42.44499969 261.91799927 0.000978 0.000978 0.999999
33.84400177 -42.64699936 261.91799927 0.860593 -0.486549 0.150494
33.72700119 -42.94699860 261.91799927 0.931607 -0.360916 -0.042997
37.61800003 -55.00400162 261.91799927 0.516302 0.791237 -0.327684
45.41799927 -36.44300079 266.71798706 -0.434240 -0.809192 0.395783
45.11800003 -36.28300095 266.71798706 -0.436852 -0.821282 0.366956
44.81800079 -36.40999985 266.11801147 -0.385816 -0.845045 0.370195
44.81800079 -36.25500107 266.41799927 -0.403446 -0.814866 0.416203
44.51800156 -36.11899948 266.41799927 -0.381183 -0.827214 0.412816
44.51800156 -36.26800156 266.11801147 -0.396280 -0.841115 0.368086
44.21799850 -35.97900009 266.41799927 -0.388592 -0.823180 0.413969
43.91799927 -35.83599854 266.41799927 -0.347300 -0.878109 0.329101
43.91799927 -35.96400070 266.11801147 -0.422899 -0.844238 0.329269
44.21799850 -36.12900162 266.11801147 -0.419042 -0.827015 0.374766
44.81800079 -36.51699829 265.81799316 -0.433868 -0.818468 0.376654
44.51800156 -36.38000107 265.81799316 -0.384982 -0.866594 0.317495
44.51800156 -36.48699951 265.51800537 -0.292682 -0.895875 0.334282
44.81800079 -36.68600082 265.51800537 -0.461072 -0.798442 0.387172
36.41799927 -38.07699966 267.91799927 0.521483 -0.842844 0.132927
44.21799850 -36.39199829 265.51800537 -0.298780 -0.875108 0.380679
44.21799850 -36.25000000 265.81799316 -0.351785 -0.856992 0.376580
43.91799927 -36.06999969 265.81799316 -0.447067 -0.826206 0.342804
43.91799927 -36.21200180 265.51800537 -0.408530 -0.831256 0.376983
43.61800003 -35.91999817 265.81799316 -0.379857 -0.862751 0.333720
43.31800079 -35.80599976 265.81799316 -0.270213 -0.899233 0.344042
43.31800079 -35.93600082 265.51800537 -0.363117 -0.860664 0.356936
43.61800003 -36.06100082 265.51800537 -0.382832 -0.833408 0.398586
43.91799927 -36.34099960 265.21798706 -0.380992 -0.850624 0.362331
43.61800003 -36.35200119 264.91799927 -0.373094 -0.856104 0.357613
43.61800003 -36.20600128 265.21798706 -0.393931 -0.827412 0.400259
43.31800079 -36.05599976 265.21798706 -0.420122 -0.841806 0.338909
43.31800079 -36.17699814 264.91799927 -0.379620 -0.865287 0.327364
43.31800079 -36.28300095 264.61801147 -0.410391 -0.844189 0.344854
43.01800156 -35.87699890 265.21798706 -0.398521 -0.854418 0.333393
42.71799850 -35.77000046 265.21798706 -0.265043 -0.935364 0.234192
43.01800156 -36.04000092 264.91799927 -0.429549 -0.822642 0.372487
42.71799850 -35.84000015 264.91799927 -0.375392 -0.860467 0.344496
42.71799850 -36.00899887 264.61801147 -0.350593 -0.820165 0.452122
43.01800156 -36.14799881 264.61801147 -0.391833 -0.856457 0.336078
43.01800156 -36.27600098 264.31799316 -0.354891 -0.842670 0.404919
42.71799850 -36.16899872 264.31799316 -0.379613 -0.836409 0.395365
42.41799927 -35.89099884 264.61801147 -0.368456 -0.853511 0.368456
42.41799927 -36.00400162 264.31799316 -0.450224 -0.832994 0.321589
42.11800003 -35.82400131 264.31799316 -0.166911 -0.883903 0.436871
37.31800079 -54.82500076 261.91799927 0.479006 0.858651 -0.182408
37.31800079 -54.76100159 262.21798706 0.999999 0.000978 0.000978
42.11800003 -35.99000168 264.01800537 -0.351177 -0.847508 0.398001
42.41799927 -36.12400055 264.01800537 -0.414537 -0.821133 0.392301
37.61800003 -54.94699860 262.21798706 0.999999 0.000978 0.000978
42.41799927 -36.29000092 263.71798706 -0.382706 -0.845078 0.373334
42.11800003 -36.10499954 263.71798706 -0.417832 -0.830934 0.367377
35.21799850 -45.94699860 251.31700134 0.105377 0.224720 0.968709
48.41799927 -44.59700012 252.01800537 -0.422636 -0.827860 0.368817
48.11800003 -44.45299911 252.01800537 -0.379427 -0.820768 0.427054
48.41799927 -44.74399948 251.71800232 -0.355852 -0.838683 0.412287
48.11800003 -44.61700058 251.71800232 -0.396006 -0.831455 0.389695
47.81800079 -44.26699829 252.01800537 -0.287964 -0.866940 0.406807
47.51800156 -44.16400146 252.01800537 -0.312906 -0.912523 0.263424
47.81800079 -44.40299988 251.71800232 -0.419042 -0.827015 0.374766
47.51800156 -44.25099945 251.71800232 -0.394556 -0.875279 0.279666
46.61800003 -43.92100143 251.41799927 -0.505377 -0.790955 0.344940
46.61800003 -44.12200165 251.11799622 -0.520185 -0.758264 0.392993
46.31800079 -43.88399887 251.11799622 -0.449835 -0.784369 0.427099
46.31800079 -44.08800125 250.81799316 -0.437236 -0.764753 0.473263
37.31800079 -54.67200089 262.51800537 0.420566 0.854997 -0.303486
37.61800003 -54.81299973 262.51800537 0.394891 0.835407 -0.382305
37.61800003 -54.67200089 262.81799316 0.390110 0.820027 -0.418771
37.31800079 -54.54800034 262.81799316 0.375391 0.840311 -0.391098
37.01800156 -54.51800156 262.51800537 0.513109 0.803608 -0.301550
37.01800156 -54.35499954 262.81799316 0.999999 -0.000978 -0.000978
46.61800003 -56.00999832 259.81799316 -0.999999 -0.000978 -0.000978
46.61800003 -56.12500000 259.51800537 -0.483080 0.797644 -0.361106
36.71799850 -54.69599915 261.91799927 -0.118224 0.933559 -0.338364
37.01800156 -54.65800095 261.91799927 0.191611 0.865963 -0.461946
47.21799850 -55.56800079 259.81799316 -0.999999 -0.000978 -0.000978
36.71799850 -54.48300171 262.21798706 0.325189 0.847981 -0.418545
46.91799927 -55.74599838 259.81799316 -0.569505 0.758805 -0.316035
47.21799850 -55.71300125 259.51800537 -0.999999 -0.000978 -0.000978
37.01800156 -54.57899857 262.21798706 0.313975 0.924877 -0.214526
46.91799927 -55.95700073 259.51800537 -0.450485 0.806385 -0.383153
47.81800079 -55.39300156 259.21798706 -0.574134 0.759648 -0.305458
47.81800079 -55.45600128 258.91799927 -0.455404 0.871016 -0.184225
47.81800079 -55.17300034 259.81799316 -0.999999 0.000978 0.000978
47.51800156 -55.36500168 259.81799316 -0.999999 0.000978 0.000978
47.81800079 -55.21599960 259.51800537 -0.577450 0.765161 -0.284748
47.51800156 -55.48500061 259.51800537 -0.999999 0.000978 0.000978
48.07899857 -54.94699860 259.81799316 -0.499375 0.811287 -0.304036
48.11800003 -55.03599930 259.51800537 -0.675065 0.678272 -0.290230
48.41799927 -55.00199890 259.21798706 -0.519192 0.803248 -0.291947
48.11800003 -55.16400146 259.21798706 -0.449751 0.818452 -0.357576
48.41799927 -55.06700134 258.91799927 -0.999999 -0.000978 -0.000978
48.11800003 -55.29899979 258.91799927 -0.429549 0.822642 -0.372487
50.21799850 -54.04700089 254.44999695 -0.003953 0.457196 0.889357
49.91799927 -54.04700089 254.44599915 -0.046549 0.397662 0.916351
50.21799850 -54.34700012 254.60000610 -0.188981 0.382290 0.904511
49.91799927 -54.34700012 254.55900574 -0.057233 0.381999 0.922389
50.21799850 -53.44699860 254.14999390 -0.181855 0.420448 0.888905
49.91799927 -53.44699860 254.12300110 0.027440 0.388086 0.921215
50.21799850 -53.74700165 254.29100037 0.006588 0.446677 0.894671
49.91799927 -53.74700165 254.29899597 0.009245 0.447723 0.894125
49.61800003 -53.44699860 254.16799927 0.104943 0.429568 0.896916
49.31800079 -53.44699860 254.19400024 0.006447 0.393289 0.919393
49.61800003 -53.74700165 254.29800415 0.001279 0.387428 0.921899
49.31800079 -53.74700165 254.29899597 0.055774 0.328160 0.942974
36.71799850 -54.32199860 262.51800537 0.451713 0.798937 -0.397057
50.21799850 -53.57799911 259.21798706 -0.999999 0.000978 0.000978
50.21799850 -53.72299957 258.91799927 -0.999999 0.000978 0.000978
36.71799850 -54.18500137 262.81799316 0.371974 0.867940 -0.329113
49.01800156 -53.44699860 254.17300415 -0.017229 0.446617 0.894559
48.71799850 -53.44699860 254.18299866 0.001313 0.452981 0.891519
49.01800156 -53.74700165 254.33299255 0.032866 0.393072 0.918920
48.71799850 -53.74700165 254.32099915 -0.014065 0.361855 0.932128
49.01800156 -52.84700012 253.92100525 0.040882 0.391679 0.919193
48.71799850 -52.84700012 253.91299438 -0.045503 0.352327 0.934770
50.51800156 -53.40200043 259.21798706 -0.719214 0.646502 -0.254491
49.01800156 -53.14699936 254.03399658 -0.040867 0.386259 0.921485
48.71799850 -53.14699936 254.01600647 0.009098 0.412022 0.911128
50.51800156 -53.52000046 258.91799927 -0.999999 -0.000978 -0.000978
36.71799850 -54.09500122 263.11801147 0.400883 0.855940 -0.326588
37.01800156 -54.21799850 263.11801147 0.376580 0.856992 -0.351785
37.01800156 -54.10800171 263.41799927 0.417174 0.851406 -0.317920
36.71799850 -53.95600128 263.41799927 0.423987 0.830636 -0.360941
42.11800003 -41.14099884 252.61799622 -0.338728 -0.886715 0.314641
42.11800003 -41.23400116 252.31799316 -0.372487 -0.882206 0.288037
42.41799927 -41.36800003 252.31799316 -0.382706 -0.856827 0.345520
42.41799927 -41.24700165 252.61799622 -0.327496 -0.882881 0.336551
42.71799850 -41.13899994 253.21800232 -0.293416 -0.871128 0.393756
36.41799927 -54.16099930 262.51800537 0.458857 0.852163 -0.251533
36.11800003 -53.95899963 262.51800537 0.383784 0.880446 -0.278432
42.71799850 -41.26800156 252.91799927 -0.360739 -0.844848 0.395095
43.01800156 -41.39500046 252.91799927 -0.354403 -0.844633 0.401240
43.01800156 -41.25199890 253.21800232 -0.309482 -0.870513 0.382660
36.41799927 -54.07300186 262.81799316 0.371359 0.869560 -0.325512
36.11800003 -53.86399841 262.81799316 0.403501 0.875007 -0.267489
49.31800079 -48.34700012 251.90899658 -0.011695 0.406713 0.913481
49.61800003 -48.34700012 251.93099976 -0.157619 0.441045 0.883536
49.31800079 -48.04700089 251.79299927 0.038366 0.403506 0.914172
49.61800003 -48.04700089 251.79299927 -0.211306 0.383265 0.899143
43.31800079 -41.52000046 252.91799927 -0.374289 -0.795164 0.477098
43.61800003 -41.67699814 252.91799927 -0.424190 -0.811564 0.401780
43.61800003 -41.50000000 253.21800232 -0.436168 -0.876771 0.202559
43.31800079 -41.35100174 253.21800232 -0.358516 -0.863209 0.355439
43.31800079 -41.27399826 253.51800537 -0.441257 -0.881057 0.170386
36.11800003 -53.77500153 263.11801147 0.407400 0.859383 -0.309009
43.61800003 -41.43099976 253.51800537 -0.437782 -0.871082 0.222626
36.41799927 -53.93700027 263.11801147 0.437480 0.819280 -0.370664
43.31800079 -41.23600006 253.81799316 -0.414209 -0.877764 0.240750
43.61800003 -41.34600067 253.81799316 -0.267032 -0.901416 0.340797
36.41799927 -53.80099869 263.41799927 0.427934 0.838625 -0.337018
43.61800003 -41.20600128 254.11799622 -0.296014 -0.875898 0.381023
44.21799850 -41.49800110 254.11799622 -0.378126 -0.891190 0.250601
43.91799927 -41.38499832 254.11799622 -0.350143 -0.932374 0.089884
44.21799850 -41.40000153 254.41799927 -0.371498 -0.882872 0.287272
40.01800156 -49.84700012 252.81599426 0.063309 0.405449 0.911923
39.71799850 -49.84700012 252.83799744 0.070663 0.369313 0.926615
40.01800156 -50.14699936 252.94500732 0.019471 0.390709 0.920308
39.71799850 -50.14699936 252.95300293 0.055990 0.339848 0.938812
44.51800156 -41.63800049 254.11799622 -0.426315 -0.860270 0.279626
44.51800156 -41.52600098 254.41799927 -0.407794 -0.851251 0.330267
44.81800079 -41.68700027 254.41799927 -0.365225 -0.861438 0.352897
39.41799927 -49.84700012 252.86099243 -0.003906 0.425731 0.904841
39.11800003 -49.84700012 252.83599854 -0.009014 0.390170 0.920699
44.81800079 -41.55199814 254.71800232 -0.381989 -0.885315 0.265145
44.59299850 -41.44699860 254.71800232 0.000978 0.000978 0.999999
44.51800156 -41.40700150 254.71800232 -0.408451 -0.849515 0.333904
44.81800079 -41.51200104 255.01800537 -0.029847 -0.975386 0.218477
44.81800079 -41.44699860 255.15199280 -0.999999 0.000978 0.000978
50.65700150 -46.84700012 260.41799927 -0.973647 -0.205700 0.098487
50.71599960 -47.14699936 260.41799927 -0.979457 -0.198266 0.036804
50.65000153 -46.84700012 260.11801147 -0.997410 -0.069043 -0.020182
50.70100021 -47.14699936 260.11801147 -0.962989 -0.239775 0.123128
39.41799927 -50.14699936 252.98100281 0.011430 0.351796 0.936007
39.11800003 -50.14699936 252.96099854 0.003910 0.423596 0.905843
45.11800003 -41.64899826 254.71800232 -0.304987 -0.862853 0.403073
45.11800003 -41.50000000 255.01800537 -0.192550 -0.901945 0.386548
50.68899918 -46.24700165 261.01800537 -0.988900 -0.033077 0.144856
50.72200012 -46.54700089 261.01800537 -0.998003 -0.032808 0.053975
50.62799835 -46.24700165 260.71798706 -0.990532 -0.012229 0.136740
50.65900040 -46.54700089 260.71798706 -0.967851 -0.132038 0.214081
45.41799927 -41.65800095 255.01800537 -0.496833 -0.840209 0.217269
44.81800079 -41.34199905 255.31799316 -0.116298 -0.865776 0.486730
44.81800079 -41.18399811 255.61799622 -0.184699 -0.870302 0.456576
42.41799927 -54.44200134 268.81799316 0.378466 0.825025 -0.419639
42.41799927 -54.62599945 268.51800537 0.341001 0.909821 -0.236524
42.11800003 -54.36999893 268.51800537 0.311976 0.900443 -0.303105
38.81800079 -49.84700012 252.85499573 0.035781 0.412140 0.910418
38.51800156 -49.84700012 252.86000061 0.009190 0.437189 0.899323
45.41799927 -41.60800171 255.31799316 -0.451175 -0.868103 0.206975
45.11800003 -41.38999939 255.31799316 -0.103405 -0.911341 0.398453
38.81800079 -50.14699936 252.98399353 0.055132 0.410132 0.910358
45.41799927 -41.51599884 255.61799622 -0.242791 -0.927150 0.285386
38.51800156 -50.14699936 252.99800110 0.035685 0.405757 0.913284
45.11800003 -41.23799896 255.61799622 -0.223624 -0.901805 0.369784
38.81800079 -49.54700089 252.71299744 -0.003925 0.438291 0.898824
38.51800156 -49.54700089 252.70599365 0.014436 0.421260 0.906825
38.81800079 -49.24700165 252.56300354 -0.001284 0.396706 0.917945
38.51800156 -49.24700165 252.58099365 0.043437 0.383037 0.922711
36.11800003 -53.65000153 263.41799927 0.418393 0.838353 -0.349444
38.21799850 -49.84700012 252.86099243 0.011800 0.428733 0.903354
37.91799927 -49.84700012 252.86799622 0.011843 0.432915 0.901357
45.71799850 -41.59500122 255.61799622 -0.295768 -0.843946 0.447523
46.01800156 -41.72499847 255.61799622 -0.419849 -0.856616 0.299892
33.42200089 -45.04700089 258.61801147 0.991379 -0.069751 0.110916
33.45500183 -45.34700012 258.61801147 0.992004 0.123583 0.025607
33.44599915 -45.04700089 258.31799316 0.995752 -0.058186 0.071360
33.46699905 -45.34700012 258.31799316 0.997668 0.022217 0.064536
33.46300125 -45.64699936 258.01800537 0.999880 -0.010966 -0.010966
33.48799896 -45.94699860 258.01800537 0.994429 0.104961 0.009739
33.45199966 -45.64699936 257.71798706 0.997753 0.062426 -0.024335
33.48699951 -45.94699860 257.71798706 0.995488 0.082317 -0.047195
45.71799850 -41.74900055 255.31799316 -0.347565 -0.846313 0.403674
46.01800156 -41.85400009 255.31799316 -0.305799 -0.874799 0.375783
46.01800156 -41.64400101 255.91799927 -0.378742 -0.874605 0.302689
45.71799850 -41.43299866 255.91799927 -0.440847 -0.833059 0.334165
46.01800156 -41.51699829 256.21798706 -0.342876 -0.854862 0.389420
45.71799850 -41.35599899 256.21798706 -0.492947 -0.821578 0.286379
38.21799850 -49.54700089 252.72200012 0.035820 0.409936 0.911411
37.91799927 -49.54700089 252.72900391 0.014251 0.395130 0.918515
38.21799850 -49.24700165 252.59100342 0.044321 0.431127 0.901202
37.91799927 -49.24700165 252.61000061 0.030176 0.397537 0.917090
46.31800079 -41.59500122 256.21798706 -0.317867 -0.831465 0.455661
46.61800003 -41.74499893 256.21798706 -0.440353 -0.828621 0.345653
37.61800003 -49.54700089 252.73100281 0.032832 0.395291 0.917969
37.31800079 -49.54700089 252.75100708 0.017145 0.433910 0.900793
37.61800003 -49.24700165 252.61099243 -0.035343 0.383538 0.922848
37.31800079 -49.24700165 252.58700562 -0.003866 0.400748 0.916180
46.61800003 -41.63399887 256.51800537 -0.452688 -0.838483 0.303347
46.31800079 -41.43199921 256.51800537 -0.190418 -0.872381 0.450214
46.61800003 -41.52700043 256.81799316 -0.999999 -0.000978 -0.000978
46.31800079 -41.28599930 256.81799316 -0.332420 -0.885953 0.323395
36.71799850 -49.24700165 252.62500000 0.056508 0.358758 0.931719
37.01800156 -49.54700089 252.74200439 0.003854 0.389260 0.921120
36.71799850 -49.54700089 252.75399780 0.022118 0.391623 0.919860
37.01800156 -49.24700165 252.60899353 0.059450 0.365946 0.928735
46.91799927 -41.69699860 256.81799316 -0.383487 -0.852366 0.355541
37.01800156 -48.64699936 252.40299988 0.040924 0.389443 0.920141
36.71799850 -48.64699936 252.39500427 -0.006507 0.415166 0.909722
37.01800156 -48.94699860 252.50599670 0.055549 0.324253 0.944338
36.71799850 -48.94699860 252.52400208 0.029693 0.357609 0.933399
36.41799927 -49.24700165 252.64500427 0.059272 0.359583 0.931229
36.11800003 -49.24700165 252.66299438 0.040358 0.363219 0.930829
36.41799927 -49.54700089 252.75599670 0.037924 0.372701 0.927176
36.11800003 -49.54700089 252.77900696 0.051544 0.379313 0.923832
46.91799927 -41.79700089 256.51800537 -0.446096 -0.834277 0.324006
47.21799850 -41.95399857 256.51800537 -0.434474 -0.816429 0.380364
47.21799850 -41.81499863 256.81799316 -0.399800 -0.850937 0.340686
46.91799927 -41.54800034 257.11801147 -0.455343 -0.827180 0.329296
47.21799850 -41.71400070 257.11801147 -0.409167 -0.856936 0.313438
36.41799927 -48.64699936 252.39799500 0.014285 0.396072 0.918108
46.91799927 -41.45999908 257.41799927 -0.397375 -0.880224 0.259419
36.11800003 -48.64699936 252.40400696 0.043437 0.383037 0.922711
47.21799850 -41.59500122 257.41799927 -0.363489 -0.866545 0.342017
36.41799927 -48.94699860 252.52499390 0.032682 0.380415 0.924238
36.11800003 -48.94699860 252.54499817 0.052037 0.396282 0.916653
35.81800079 -53.65499878 263.11801147 0.420421 0.848599 -0.321133
35.51800156 -53.43799973 263.11801147 0.999999 -0.000978 -0.000978
35.81800079 -53.50199890 263.41799927 0.388613 0.835440 -0.388613
35.51800156 -53.30199814 263.41799927 0.999999 -0.000978 -0.000978
35.81800079 -48.64699936 252.42599487 0.011695 0.406713 0.913481
35.51800156 -48.64699936 252.41099548 -0.022268 0.407374 0.912990
35.81800079 -48.94699860 252.55900574 0.003829 0.379077 0.925357
35.51800156 -48.94699860 252.54699707 -0.043861 0.405378 0.913096
35.21799850 -48.64699936 252.41099548 0.008861 0.353190 0.935510
34.91799927 -48.64699936 252.41700745 0.027247 0.372371 0.927684
35.21799850 -48.94699860 252.53100586 -0.003861 0.397641 0.917533
34.91799927 -48.94699860 252.54499817 0.049255 0.395368 0.917201
35.21799850 -48.04700089 252.16299438 0.093039 0.429093 0.898456
34.91799927 -48.04700089 252.17900085 0.011487 0.366299 0.930426
35.21799850 -48.34700012 252.30499268 0.037996 0.381265 0.923684
34.91799927 -48.34700012 252.30400085 0.024500 0.367497 0.929702
34.61800003 -48.34700012 252.32000732 -0.006456 0.396403 0.918054
40.61800003 -39.04700089 257.68099976 0.999999 -0.000978 -0.000978
40.61800003 -39.19499969 257.41799927 0.999999 0.000978 0.000978
40.61800003 -39.32199860 257.11801147 0.999999 -0.000978 -0.000978
36.41799927 -49.78499985 272.41799927 0.456682 0.806004 -0.376562
36.11800003 -49.60400009 272.41799927 0.310961 0.832875 -0.457847
36.11800003 -49.77099991 272.11801147 0.380657 0.832392 -0.402770
36.41799927 -49.91299820 272.11801147 0.396140 0.843950 -0.361693
40.31800079 -39.43299866 257.41799927 0.616049 -0.731258 0.292823
40.31800079 -39.55199814 257.11801147 0.493585 -0.789415 0.364964
40.06299973 -39.64699936 257.41799927 0.647837 -0.744936 0.159304
40.01800156 -39.68099976 257.41799927 0.733618 -0.664323 0.143108
40.01800156 -39.76399994 257.11801147 0.560964 -0.784092 0.265554
39.71799850 -39.94699860 257.31799316 0.539501 -0.789475 0.292691
39.71799850 -40.02099991 257.11801147 0.539501 -0.789475 0.292691
40.01800156 -39.88600159 256.81799316 0.999999 -0.000978 -0.000978
39.71799850 -40.13199997 256.81799316 0.999999 0.000978 0.000978
40.01800156 -40.00500107 256.51800537 0.467830 -0.816721 0.337789
39.71799850 -40.27199936 256.51800537 0.999999 0.000978 0.000978
36.41799927 -50.04299927 271.81799316 0.415345 0.838526 -0.352651
36.11800003 -49.89199829 271.81799316 0.415340 0.829100 -0.374280
36.11800003 -50.04100037 271.51800537 0.399215 0.819106 -0.411939
36.41799927 -50.16500092 271.51800537 0.369009 0.851679 -0.372123
50.37500000 -47.74700165 253.51800537 -0.990578 0.072481 -0.116200
37.01800156 -50.38299942 271.81799316 0.378474 0.828209 -0.413313
36.71799850 -50.23500061 271.81799316 0.414069 0.842201 -0.345318
36.71799850 -50.35800171 271.51800537 0.505545 0.819760 -0.269105
37.01800156 -50.52600098 271.51800537 0.446547 0.835121 -0.321200
36.71799850 -50.43099976 271.21798706 0.441534 0.831216 -0.337829
37.01800156 -50.61299896 271.21798706 0.372965 0.867182 -0.329989
36.71799850 -50.59999847 270.91799927 0.356726 0.822849 -0.442341
37.61800003 -50.85200119 271.51800537 0.348757 0.890604 -0.291879
50.38600159 -47.44699860 253.51800537 -0.995656 -0.053908 0.075912
37.01800156 -50.75400162 270.91799927 0.387053 0.829398 -0.402851
37.61800003 -50.92699814 271.21798706 0.507266 0.816308 -0.276265
37.31800079 -50.75899887 271.21798706 0.445223 0.848851 -0.285005
37.31800079 -50.88000107 270.91799927 0.381148 0.842290 -0.381148
37.61800003 -51.05500031 270.91799927 0.422019 0.829813 -0.365118
38.21799850 -51.25199890 271.21798706 0.408770 0.819131 -0.402408
37.91799927 -51.10900116 271.21798706 0.444227 0.823638 -0.352536
37.91799927 -51.20999908 270.91799927 0.445797 0.843441 -0.299787
50.29299927 -47.74700165 253.81799316 -0.987866 0.153466 -0.023872
38.21799850 -51.38800049 270.91799927 0.425457 0.843122 -0.328833
50.39400101 -47.44699860 253.81799316 -0.996793 0.068037 0.042118
37.91799927 -51.32199860 270.61801147 0.412287 0.838683 -0.355852
38.21799850 -51.48600006 270.61801147 0.405515 0.858829 -0.313002
38.21799850 -51.60599899 270.31799316 0.371742 0.862257 -0.343977
37.91799927 -51.46400070 270.31799316 0.341119 0.834721 -0.432294
38.51800156 -51.88999939 270.01800537 0.432053 0.788052 -0.438526
38.51800156 -51.60400009 270.61801147 0.385856 0.876120 -0.289014
38.81800079 -51.82099915 270.61801147 0.999999 -0.000978 -0.000978
38.81800079 -51.92200089 270.31799316 0.999999 -0.000978 -0.000978
38.51800156 -51.72299957 270.31799316 0.372280 0.837236 -0.400554
38.81800079 -52.06800079 270.01800537 0.310279 0.853652 -0.418336
38.81800079 -52.21699905 269.71798706 0.373922 0.819446 -0.434386
38.51800156 -52.07199860 269.71798706 0.375748 0.826012 -0.420140
39.41799927 -52.14199829 270.61801147 0.389495 0.843124 -0.370724
39.11800003 -52.00400162 270.61801147 0.426234 0.835167 -0.347593
39.11800003 -52.10699844 270.31799316 0.452003 0.856828 -0.248069
39.41799927 -52.25400162 270.31799316 0.422899 0.844238 -0.329269
39.11800003 -52.17800140 270.01800537 0.410184 0.846881 -0.338440
39.41799927 -52.37599945 270.01800537 0.469586 0.824523 -0.315675
39.41799927 -52.48400116 269.71798706 0.423853 0.823894 -0.376229
39.11800003 -52.34600067 269.71798706 0.361698 0.814220 -0.454115
39.71799850 -52.54199982 270.01800537 0.456113 0.832289 -0.315047
40.01800156 -52.73300171 270.01800537 0.422636 0.827860 -0.368817
39.71799850 -52.65299988 269.71798706 0.475973 0.817536 -0.324168
40.01800156 -52.85200119 269.71798706 0.387591 0.865568 -0.317120
39.71799850 -52.78099823 269.41799927 0.394460 0.825356 -0.403965
40.01800156 -52.95299911 269.41799927 0.358688 0.879315 -0.313285
40.01800156 -53.06499863 269.11801147 0.274921 0.881852 -0.383087
39.71799850 -52.94599915 269.11801147 0.326013 0.826843 -0.458308
40.31800079 -53.07899857 269.41799927 0.426343 0.875126 -0.228879
40.61800003 -53.24399948 269.41799927 0.460756 0.832484 -0.307691
40.61800003 -53.36000061 269.11801147 0.999999 -0.000978 -0.000978
40.91799927 -53.41099930 269.41799927 0.454641 0.818987 -0.350089
41.21799850 -53.60400009 269.41799927 0.383961 0.867355 -0.316653
41.21799850 -53.71400070 269.11801147 0.372516 0.857869 -0.353967
40.91799927 -53.59000015 269.11801147 0.357768 0.867550 -0.345484
40.91799927 -53.70999908 268.81799316 0.408451 0.849515 -0.333904
41.21799850 -53.85200119 268.81799316 0.428441 0.842860 -0.325615
41.21799850 -53.94499969 268.51800537 0.375432 0.873982 -0.308554
40.91799927 -53.82500076 268.51800537 0.322775 0.870422 -0.371727
41.51800156 -54.01300049 268.81799316 0.360230 0.846774 -0.391418
41.81800079 -54.10599899 268.81799316 0.346535 0.871681 -0.346535
41.81800079 -54.25400162 268.51800537 0.348244 0.855907 -0.382295
41.51800156 -54.12599945 268.51800537 0.402476 0.870259 -0.284011
41.51800156 -54.20800018 268.21798706 0.442847 0.859824 -0.254143
37.61800003 -43.46200180 252.61799622 0.604102 -0.757874 0.246348
37.31800079 -43.69499969 252.61799622 0.999999 -0.000978 -0.000978
37.61800003 -43.60599899 252.31799316 0.999999 0.000978 0.000978
37.31800079 -43.81000137 252.31799316 0.999999 -0.000978 -0.000978
37.01800156 -43.90900040 252.61799622 0.589096 -0.717088 0.372492
36.76800156 -44.14699936 252.61799622 0.508993 -0.796200 0.327096
37.31800079 -43.63600159 252.91799927 0.451175 -0.868103 0.206975
36.11800003 -43.84999847 254.41799927 0.508665 -0.807880 0.297640
36.41799927 -43.75099945 254.11799622 0.999999 0.000978 0.000978
35.21799850 -43.76100159 256.21798706 0.523407 -0.803186 0.284494
34.91799927 -44.02799988 256.21798706 0.999999 0.000978 0.000978
35.21799850 -43.84700012 256.00900269 0.608872 -0.734181 0.300420
35.26300049 -43.84700012 255.91799927 0.494929 -0.811178 0.311505
39.71799850 -41.20899963 254.41799927 0.582821 -0.726485 0.364059
39.71799850 -41.28099823 254.11799622 0.999999 0.000978 0.000978
40.31800079 -40.06000137 255.91799927 0.999999 0.000978 0.000978
40.91799927 -39.36199951 256.51800537 0.999999 0.000978 0.000978
34.11100006 -48.64699936 265.21798706 0.996175 0.083105 -0.026982
34.11100006 -48.94699860 265.21798706 0.994288 0.065988 -0.083883
34.09999847 -48.64699936 264.91799927 0.991850 0.116755 -0.051009
34.11299896 -48.94699860 264.91799927 0.998646 0.044965 -0.026143
44.21799850 -52.22700119 273.61801147 -0.575718 0.804815 -0.144301
44.18999863 -52.24700165 273.61801147 -0.523426 0.838957 -0.148918
43.91799927 -52.41500092 273.61801147 -0.483652 0.824870 -0.292696
44.21799850 -52.28099823 273.31799316 -0.575718 0.804815 -0.144301
45.41799927 -51.71099854 272.41799927 -0.575802 0.714390 -0.397617
45.41799927 -51.84400177 272.11801147 -0.999999 -0.000978 -0.000978
48.41799927 -50.81499863 269.11801147 -0.999999 0.000978 0.000978
48.11800003 -51.11500168 269.11801147 -0.363680 0.858904 -0.360585
48.71799850 -50.85100174 268.51800537 -0.999999 -0.000978 -0.000978
43.31800079 -59.16199875 258.61801147 0.106983 0.930342 -0.350740
43.31800079 -59.22700119 258.31799316 0.012903 0.977116 -0.212315
38.51800156 -43.07600021 252.01800537 0.408530 -0.831256 0.376983
38.81800079 -42.95600128 251.71800232 0.620330 -0.726123 0.296540
38.51800156 -43.21200180 251.71800232 0.799563 -0.547070 0.247818
47.51800156 -41.71099854 257.41799927 -0.386555 -0.852284 0.352402
47.51800156 -41.83499908 257.11801147 -0.391098 -0.840311 0.375391
47.81800079 -41.99200058 257.11801147 -0.436657 -0.830752 0.345227
47.81800079 -41.86700058 257.41799927 -0.371766 -0.839219 0.396864
48.11800003 -41.87300110 257.71798706 -0.413206 -0.846683 0.335243
48.41799927 -42.00199890 257.71798706 -0.383018 -0.891736 0.241050
48.41799927 -41.92100143 258.01800537 -0.387769 -0.857418 0.338333
48.11800003 -41.73899841 258.01800537 -0.368868 -0.859663 0.353434
37.91799927 -40.63899994 258.91799927 0.999999 0.000978 0.000978
37.91799927 -40.78599930 258.61801147 0.553544 -0.730941 0.399143
38.21799850 -40.67800140 258.31799316 0.999999 -0.000978 -0.000978
37.91799927 -40.96400070 258.31799316 0.433203 -0.867916 0.243016
37.61800003 -40.99000168 258.61801147 0.999999 -0.000978 -0.000978
37.61800003 -41.11399841 258.31799316 0.418850 -0.839269 0.346689
48.41799927 -41.76699829 258.31799316 -0.397637 -0.825373 0.400805
37.31800079 -41.20800018 258.61801147 0.999999 -0.000978 -0.000978
37.31800079 -41.32199860 258.31799316 0.999999 0.000978 0.000978
37.01800156 -41.44200134 258.61801147 0.999999 -0.000978 -0.000978
36.71799850 -41.65399933 258.61801147 0.999999 -0.000978 -0.000978
37.01800156 -41.56499863 258.31799316 0.999999 -0.000978 -0.000978
48.71799850 -42.18899918 257.71798706 -0.999999 0.000978 0.000978
49.01800156 -42.18799973 258.01800537 -0.444660 -0.837833 0.316723
48.71799850 -42.03099823 258.01800537 -0.373871 -0.843165 0.386385
49.01800156 -42.07600021 258.31799316 -0.445380 -0.842653 0.302610
48.71799850 -41.91500092 258.31799316 -0.443312 -0.857679 0.260503
48.71799850 -41.84999847 258.61801147 -0.431509 -0.849098 0.304685
49.01800156 -41.97200012 258.61801147 -0.335192 -0.878173 0.341259
49.01800156 -41.84400177 258.91799927 -0.394891 -0.835407 0.382305
49.31800079 -42.23199844 258.31799316 -0.421674 -0.860216 0.286739
49.31800079 -42.14899826 258.61801147 -0.373506 -0.857049 0.354908
49.61800003 -42.25099945 258.61801147 -0.314120 -0.888254 0.335162
49.61800003 -42.14199829 258.91799927 -0.394793 -0.838346 0.375919
49.31800079 -41.98500061 258.91799927 -0.406124 -0.817025 0.409309
49.31800079 -41.84899902 259.21798706 -0.393931 -0.827412 0.400259
49.61800003 -41.98300171 259.21798706 -0.410187 -0.828292 0.381680
49.91799927 -42.26699829 258.91799927 -0.521519 -0.850455 0.068880
49.97200012 -42.34700012 259.21798706 -0.944501 -0.312177 0.102288
49.31800079 -51.62900162 265.51800537 -0.422037 0.869789 -0.255642
49.61800003 -51.47900009 265.51800537 -0.439682 0.877893 -0.189695
49.31800079 -51.52600098 265.81799316 -0.999999 0.000978 0.000978
49.61800003 -51.29100037 265.81799316 -0.546125 0.751533 -0.370061
48.81100082 -51.94699860 265.81799316 -0.000978 -0.000978 -0.999999
49.01800156 -51.75099945 265.81799316 -0.652843 0.688482 -0.315892
49.31800079 -51.40999985 266.11801147 -0.541812 0.756584 -0.366089
48.71799850 -51.80899811 266.11801147 0.068897 0.914568 -0.398520
49.01800156 -51.61299896 266.11801147 -0.999999 -0.000978 -0.000978
48.71799850 -51.67800140 266.41799927 -0.999999 0.000978 0.000978
49.01800156 -51.48400116 266.41799927 -0.999999 0.000978 0.000978
48.41799927 -51.93999863 266.41799927 -0.999999 -0.000978 -0.000978
49.85300064 -42.04700089 259.51800537 -0.694134 -0.560967 0.451104
49.61800003 -41.86600113 259.51800537 -0.568497 -0.779518 0.262989
48.71799850 -51.60200119 266.71798706 -0.999999 0.000978 0.000978
49.61800003 -41.77999878 259.81799316 -0.513436 -0.783835 0.349265
49.01800156 -51.37900162 266.71798706 -0.570333 0.775716 -0.270158
48.71799850 -51.51100159 267.01800537 -0.563484 0.767807 -0.304888
48.41799927 -51.80899811 266.71798706 -0.999999 -0.000978 -0.000978
48.11800003 -51.93899918 267.01800537 -0.999999 0.000978 0.000978
48.41799927 -51.75199890 267.01800537 -0.999999 -0.000978 -0.000978
48.11800003 -52.06000137 266.71798706 -0.999999 -0.000978 -0.000978
47.51800156 -52.25799942 267.31799316 -0.999999 0.000978 0.000978
47.81800079 -52.01699829 267.31799316 -0.999999 -0.000978 -0.000978
47.51800156 -52.12400055 267.61801147 -0.999999 -0.000978 -0.000978
47.81800079 -51.94699860 267.61801147 -0.999999 -0.000978 -0.000978
47.51800156 -52.00099945 267.91799927 -0.999999 0.000978 0.000978
46.91799927 -52.45500183 267.91799927 -0.513291 0.734452 -0.443972
47.21799850 -52.21599960 267.91799927 -0.999999 0.000978 0.000978
46.91799927 -52.27899933 268.21798706 -0.579259 0.732641 -0.357346
47.21799850 -52.07300186 268.21798706 -0.454766 0.812197 -0.365409
46.91799927 -52.16299820 268.51800537 -0.999999 0.000978 0.000978
46.91799927 -52.06399918 268.81799316 -0.999999 0.000978 0.000978
46.61800003 -52.36500168 268.51800537 -0.581932 0.740788 -0.335543
46.61800003 -52.27600098 268.81799316 -0.999999 -0.000978 -0.000978
46.31800079 -52.39099884 269.11801147 -0.958576 0.279111 -0.056833
46.61800003 -52.19200134 269.11801147 -0.999999 0.000978 0.000978
46.31800079 -52.33100128 269.41799927 -0.999999 -0.000978 -0.000978
46.61800003 -52.15100098 269.41799927 -0.999999 -0.000978 -0.000978
50.36100006 -47.74700165 254.11799622 -0.950007 0.018775 0.311662
46.29000092 -52.54700089 268.81799316 -0.387014 0.832475 -0.396492
45.71799850 -52.85599899 269.11801147 -0.999999 0.000978 0.000978
46.01800156 -52.64799881 269.11801147 -0.999999 -0.000978 -0.000978
45.71799850 -52.77500153 269.41799927 -0.999999 -0.000978 -0.000978
46.01800156 -52.55300140 269.41799927 -0.999999 -0.000978 -0.000978
46.01800156 -52.41999817 269.71798706 -0.999999 -0.000978 -0.000978
45.71799850 -52.49300003 270.01800537 -0.999999 0.000978 0.000978
46.01800156 -52.31100082 270.01800537 -0.999999 0.000978 0.000978
45.71799850 -52.62599945 269.71798706 -0.999999 -0.000978 -0.000978
45.11800003 -53.05400085 269.71798706 -0.999999 -0.000978 -0.000978
45.41799927 -52.86399841 269.71798706 -0.999999 -0.000978 -0.000978
45.11800003 -53.03599930 270.01800537 -0.999999 -0.000978 -0.000978
45.41799927 -52.75199890 270.01800537 -0.999999 -0.000978 -0.000978
45.11800003 -52.89699936 270.31799316 -0.543395 0.740397 -0.395644
45.41799927 -52.63700104 270.31799316 -0.999999 0.000978 0.000978
45.11800003 -52.71699905 270.61801147 -0.562676 0.721084 -0.404269
45.11800003 -52.56000137 270.91799927 -0.999999 0.000978 0.000978
44.51800156 -52.99900055 270.91799927 -0.999999 0.000978 0.000978
44.81800079 -52.76800156 270.91799927 -0.565697 0.764412 -0.309291
44.51800156 -52.93299866 271.21798706 -0.999999 0.000978 0.000978
44.81800079 -52.70800018 271.21798706 -0.999999 -0.000978 -0.000978
50.40999985 -47.44699860 254.11799622 -0.993376 0.077801 0.084567
50.77399826 -54.64699936 255.01800537 -0.715190 0.436415 0.545934
50.44499969 -47.44699860 254.41799927 -0.942026 -0.316681 0.110905
50.51800156 -54.91400146 255.01800537 -0.093002 0.993893 -0.059387
50.51800156 -54.64699936 254.75000000 -0.154561 0.211710 0.965034
50.51800156 -54.50500107 254.71800232 -0.999999 -0.000978 -0.000978
34.01800156 -45.23799896 255.01800537 0.999999 0.000978 0.000978
34.30599976 -45.04700089 254.71800232 0.923282 0.346055 -0.166723
50.50799942 -42.94699860 262.81799316 -0.993990 -0.090566 0.061495
50.47999954 -42.64699936 262.51800537 -0.999777 0.009043 0.019091
50.51399994 -42.94699860 262.51800537 -0.992058 -0.123590 0.023382
49.91799927 -55.21300125 255.31799316 -0.411475 0.910071 -0.049591
50.21799850 -55.08800125 255.31799316 -0.382865 0.918053 -0.102921
40.91799927 -51.04700089 253.30000305 0.107552 0.420432 0.900927
49.91799927 -55.21200180 255.61799622 -0.434809 0.898241 -0.064063
50.21799850 -55.05400085 255.61799622 -0.503808 0.844663 -0.180892
49.45800018 -55.54700089 255.31799316 -0.617671 0.705677 0.347134
49.61800003 -55.40700150 255.31799316 -0.534856 0.822740 -0.192427
49.61800003 -55.41299820 255.61799622 -0.447678 0.894028 -0.017269
49.31800079 -55.64500046 255.91799927 -0.589059 0.807333 0.034980
49.11199951 -55.54700089 256.51800537 -0.612227 0.700860 -0.366023
49.01800156 -55.47299957 256.81799316 -0.030455 0.968462 -0.247293
48.71799850 -55.87400055 256.51800537 -0.999999 -0.000978 -0.000978
48.71799850 -55.74599838 256.81799316 -0.999999 -0.000978 -0.000978
49.01800156 -55.39599991 257.11801147 -0.999999 -0.000978 -0.000978
48.71799850 -55.44699860 257.41799927 -0.999999 -0.000978 -0.000978
49.01800156 -55.22900009 257.41799927 -0.999999 -0.000978 -0.000978
47.51800156 -51.31399918 269.71798706 -0.573533 0.730397 -0.370917
47.81800079 -51.01499939 269.71798706 -0.440608 0.835745 -0.327712
47.51800156 -51.13000107 270.01800537 -0.596792 0.708587 -0.376488
47.81800079 -50.89699936 270.01800537 -0.999999 -0.000978 -0.000978
47.12200165 -51.34700012 270.31799316 -0.624886 0.709286 -0.326239
47.21799850 -51.11500168 270.61801147 -0.622590 0.728222 -0.286487
48.71799850 -55.59099960 257.11801147 -0.999999 0.000978 0.000978
33.51499939 -45.94699860 254.41799927 0.883239 -0.382387 0.271420
48.41799927 -55.81200027 257.11801147 -0.999999 -0.000978 -0.000978
48.21599960 -55.84700012 257.41799927 -0.586448 0.705390 -0.398124
48.41799927 -55.67900085 257.41799927 -0.603396 0.729576 -0.321919
48.11800003 -55.75999832 257.71798706 0.069278 0.963599 -0.258219
48.41799927 -55.54800034 257.71798706 -0.999999 -0.000978 -0.000978
48.11800003 -55.68000031 258.01800537 -0.999999 -0.000978 -0.000978
48.41799927 -55.44200134 258.01800537 -0.999999 0.000978 0.000978
47.81800079 -56.00500107 257.71798706 -0.603133 0.705025 -0.373055
47.51800156 -56.12300110 258.01800537 -0.999999 0.000978 0.000978
47.81800079 -55.90100098 258.01800537 -0.999999 -0.000978 -0.000978
41.81800079 -39.79199982 255.31799316 -0.328303 -0.888966 0.319308
41.81800079 -39.65499878 255.61799622 -0.332040 -0.846469 0.416220
48.11800003 -55.56700134 258.31799316 -0.999999 0.000978 0.000978
47.51800156 -56.02099991 258.31799316 -0.999999 0.000978 0.000978
47.81800079 -55.78300095 258.31799316 -0.999999 -0.000978 -0.000978
47.51800156 -55.88399887 258.61801147 -0.999999 0.000978 0.000978
47.81800079 -55.65900040 258.61801147 -0.551259 0.732269 -0.399869
47.51800156 -55.75500107 258.91799927 -0.999999 0.000978 0.000978
47.51800156 -55.61199951 259.21798706 -0.999999 -0.000978 -0.000978
47.21799850 -55.97800064 258.91799927 -0.543830 0.725658 -0.421510
41.51800156 -39.36199951 255.91799927 -0.388917 -0.844996 0.367050
46.91799927 -56.09999847 259.21798706 -0.999999 -0.000978 -0.000978
41.81800079 -39.49700165 255.91799927 -0.363185 -0.819942 0.442483
47.21799850 -55.78900146 259.21798706 -0.554112 0.760895 -0.337637
46.61800003 -55.94599915 260.11801147 -0.999999 -0.000978 -0.000978
46.31800079 -56.06399918 260.41799927 -0.999999 -0.000978 -0.000978
46.61800003 -55.82400131 260.41799927 -0.999999 -0.000978 -0.000978
46.31800079 -56.17900085 260.11801147 -0.999999 -0.000978 -0.000978
46.31800079 -55.96099854 260.71798706 -0.999999 -0.000978 -0.000978
46.61800003 -55.70700073 260.71798706 -0.460432 0.835022 -0.301232
46.31800079 -55.80500031 261.01800537 -0.999999 0.000978 0.000978
46.61800003 -55.60699844 261.01800537 -0.551689 0.738314 -0.387983
46.01800156 -56.02600098 261.01800537 -0.999999 0.000978 0.000978
45.71799850 -56.38600159 260.71798706 -0.561431 0.752349 -0.344625
46.01800156 -56.18500137 260.71798706 -0.999999 -0.000978 -0.000978
45.71799850 -56.21500015 261.01800537 -0.695601 0.695601 -0.179659
45.71799850 -56.13700104 261.31799316 -0.695601 0.695601 -0.179659
46.01800156 -55.87799835 261.31799316 -0.559893 0.742716 -0.367277
45.86299896 -55.84700012 261.61801147 -0.744049 0.551087 -0.377748
46.01800156 -55.66299820 261.61801147 -0.485670 0.826108 -0.285780
45.70800018 -56.14699936 261.31799316 -0.695601 0.695601 -0.179659
43.91799927 -55.00999832 267.31799316 0.059019 0.979240 -0.193921
45.11800003 -56.57799911 261.31799316 -0.594082 0.696681 -0.402122
45.41799927 -56.34199905 261.31799316 -0.536724 0.743536 -0.398850
45.11800003 -56.42300034 261.61801147 -0.999999 0.000978 0.000978
45.41799927 -56.15499878 261.61801147 -0.579071 0.755519 -0.306378
45.11800003 -56.33499908 261.91799927 -0.999999 0.000978 0.000978
45.11800003 -56.19599915 262.21798706 -0.450407 0.816462 -0.361280
47.21799850 -53.83499908 264.01800537 -0.595029 0.783734 -0.178052
46.91799927 -54.11999893 263.71798706 -0.609152 0.678864 -0.409974
33.47299957 -46.54700089 253.21800232 0.982239 -0.185703 0.026863
33.48799896 -46.54700089 252.91799927 0.983223 -0.175871 0.048394
44.74800110 -56.74700165 261.61801147 -0.571006 0.722396 -0.389995
44.51800156 -56.72800064 261.91799927 -0.460790 0.825648 -0.325541
44.81800079 -56.56100082 261.91799927 -0.495950 0.757837 -0.423930
44.51800156 -56.61000061 262.21798706 -0.592004 0.722474 -0.357160
44.81800079 -56.36500168 262.21798706 -0.465921 0.826735 -0.315320
38.15499878 -43.54700089 251.41799927 0.513995 -0.750465 0.415465
38.21799850 -43.54700089 251.33999634 0.513995 -0.750465 0.415465
44.51800156 -56.43199921 262.51800537 -0.564123 0.754858 -0.334595
44.81800079 -56.25000000 262.51800537 -0.999999 -0.000978 -0.000978
44.51800156 -56.34500122 262.81799316 -0.999999 0.000978 0.000978
44.81800079 -56.12699890 262.81799316 -0.496847 0.823925 -0.272565
44.21799850 -56.69599915 262.51800537 -0.999999 0.000978 0.000978
44.21799850 -56.55199814 262.81799316 -0.999999 -0.000978 -0.000978
39.71799850 -40.90999985 255.01800537 0.999999 0.000978 0.000978
40.01800156 -40.80500031 254.71800232 0.538745 -0.801090 0.260784
39.71799850 -41.00600052 254.71800232 0.564303 -0.786273 0.251670
40.91799927 -38.72800064 258.01800537 0.644455 -0.745009 0.172160
44.51800156 -56.24000168 263.11801147 -0.247789 0.914355 -0.320242
43.61800003 -56.64099884 264.01800537 -0.573205 0.647167 -0.502605
42.71799850 -56.71400070 264.01800537 0.335030 0.901778 -0.273042
43.01800156 -56.74700165 264.08499146 0.999999 -0.000978 -0.000978
34.13899994 -47.44699860 267.61801147 0.995619 0.091688 -0.018338
34.18199921 -47.74700165 267.61801147 0.996956 0.057247 -0.052926
34.14099884 -47.44699860 267.31799316 0.993743 0.073152 -0.084406
34.14199829 -47.74700165 267.31799316 0.994329 0.014127 -0.105410
34.15700150 -46.84700012 268.81799316 0.999821 0.000995 -0.018902
34.16299820 -47.14699936 268.81799316 0.992991 0.100542 -0.062133
34.14799881 -46.84700012 268.51800537 0.998853 0.021827 -0.042615
34.15900040 -47.14699936 268.51800537 0.995035 0.098529 -0.014076
42.71799850 -56.57400131 264.31799316 0.125077 0.925021 -0.358738
43.01800156 -56.58000183 264.31799316 -0.009038 0.918036 -0.396395
42.71799850 -56.48600006 264.61801147 0.146045 0.937689 -0.315293
43.01800156 -56.51399994 264.61801147 -0.153157 0.954901 -0.254374
43.31800079 -56.56900024 264.31799316 0.000978 0.000978 -0.999999
43.61800003 -56.40900040 264.31799316 -0.424718 0.728796 -0.537095
43.31800079 -56.39300156 264.61801147 -0.370498 0.921426 -0.117072
43.61800003 -56.19800186 264.61801147 -0.370633 0.928520 -0.021954
42.71799850 -56.31600189 264.91799927 0.336720 0.865631 -0.370545
43.01800156 -56.42399979 264.91799927 0.060477 0.912526 -0.404522
42.71799850 -56.18199921 265.21798706 0.278014 0.882130 -0.380203
43.01800156 -56.25500107 265.21798706 0.170386 0.881057 -0.441257
42.41799927 -56.19100189 264.91799927 0.416481 0.853089 -0.314296
42.11800003 -56.02399826 264.91799927 0.425767 0.834251 -0.350354
42.11800003 -55.91899872 265.21798706 0.419508 0.858993 -0.293502
42.41799927 -56.06700134 265.21798706 0.370641 0.846062 -0.383152
41.81800079 -55.84799957 264.91799927 0.295476 0.898308 -0.325172
41.51800156 -55.73699951 264.91799927 0.363868 0.875415 -0.318194
41.51800156 -55.55500031 265.21798706 0.406078 0.847940 -0.340732
41.81800079 -55.72100067 265.21798706 0.471075 0.820837 -0.322978
42.41799927 -55.91899872 265.51800537 0.341370 0.860377 -0.378442
42.11800003 -55.81900024 265.51800537 0.351373 0.855989 -0.379236
42.11800003 -55.65399933 265.81799316 0.422581 0.801779 -0.422581
42.41799927 -55.80400085 265.81799316 0.423389 0.848329 -0.317930
41.81800079 -55.61199951 265.51800537 0.439456 0.836686 -0.326855
41.51800156 -55.45000076 265.51800537 0.417100 0.842012 -0.342116
41.51800156 -55.31299973 265.81799316 0.422899 0.844238 -0.329269
41.81800079 -55.48799896 265.81799316 0.452367 0.827501 -0.332576
41.81800079 -55.37099838 266.11801147 0.408770 0.856103 -0.316218
41.51800156 -55.21599960 266.11801147 0.455345 0.844318 -0.282468
41.81800079 -55.26699829 266.41799927 0.364125 0.872986 -0.324513
41.51800156 -55.11199951 266.41799927 0.466924 0.811140 -0.352185
41.21799850 -55.31600189 265.51800537 0.396140 0.843950 -0.361693
40.91799927 -55.11800003 265.51800537 0.999999 -0.000978 -0.000978
40.91799927 -54.98400116 265.81799316 0.405434 0.849704 -0.337085
41.21799850 -55.17699814 265.81799316 0.376466 0.845095 -0.379590
41.21799850 -55.04700089 266.11801147 0.459523 0.815694 -0.351400
33.82199860 -49.84700012 259.21798706 0.987703 0.141434 -0.066626
33.86100006 -50.14699936 259.21798706 0.993557 0.103705 -0.045719
33.81600189 -49.84700012 258.91799927 0.996660 0.076335 -0.029029
33.83300018 -50.14699936 258.91799927 0.996146 0.071075 -0.051393
33.85900116 -49.84700012 259.81799316 0.993592 0.077642 -0.082143
33.89300156 -50.14699936 259.81799316 0.990787 0.109575 -0.079586
33.85699844 -49.84700012 259.51800537 0.995925 0.066981 -0.060392
33.86100006 -50.14699936 259.51800537 0.995857 0.073402 -0.053682
33.84700012 -49.24700165 260.41799927 0.996616 0.066152 -0.048801
33.88600159 -49.54700089 260.41799927 0.990653 0.130498 -0.039717
33.82799911 -49.24700165 260.11801147 0.990708 0.104953 -0.086500
33.86399841 -49.54700089 260.11801147 0.989518 0.128464 -0.065968
33.86899948 -49.24700165 261.01800537 0.992240 0.087920 -0.087920
33.94200134 -49.54700089 261.01800537 0.988210 0.102229 -0.113979
33.85699844 -49.24700165 260.71798706 0.999156 0.019591 -0.036089
33.88800049 -49.54700089 260.71798706 0.989876 0.108177 -0.091892
33.81100082 -48.64699936 260.41799927 0.990378 0.123078 -0.063265
33.84600067 -48.94699860 260.41799927 0.990417 0.058530 -0.125093
33.78400040 -48.64699936 260.11801147 0.996408 0.046724 -0.070629
33.80099869 -48.94699860 260.11801147 0.994557 0.072555 -0.074787
40.91799927 -54.87900162 266.11801147 0.398744 0.851792 -0.339786
40.91799927 -54.74700165 266.41799927 0.332589 0.869024 -0.366308
41.21799850 -54.87300110 266.41799927 0.368567 0.878190 -0.304864
40.61800003 -54.76800156 266.11801147 0.398755 0.866261 -0.300976
40.31800079 -54.60300064 266.11801147 0.492818 0.809742 -0.318509
40.31800079 -54.45999908 266.41799927 0.437386 0.809084 -0.392526
40.61800003 -54.64300156 266.41799927 0.331140 0.850393 -0.408873
40.61800003 -58.56700134 257.41799927 0.377564 0.912092 -0.159793
40.61800003 -58.59700012 257.11801147 0.434358 0.899646 -0.044377
40.61800003 -54.47900009 266.71798706 0.430763 0.818609 -0.379898
40.61800003 -54.36500168 267.01800537 0.363273 0.857943 -0.363273
40.31800079 -54.31200027 266.71798706 0.452441 0.834433 -0.314673
40.31800079 -54.23400116 267.01800537 0.428901 0.865379 -0.259159
49.01800156 -43.55500031 255.01800537 -0.424916 -0.838856 0.340246
49.01800156 -43.69400024 254.71800232 -0.428170 -0.829481 0.358652
45.11800003 -43.42200089 250.81799316 -0.777627 -0.569418 0.266570
49.31800079 -55.55500031 255.61799622 -0.534701 0.844909 0.014966
48.71799850 -56.01499939 255.91799927 -0.489476 0.871240 -0.036813
49.01800156 -55.79899979 255.91799927 -0.506441 0.849940 -0.145327
48.71799850 -55.97200012 256.21798706 -0.501714 0.842216 -0.197371
40.01800156 -54.15499878 266.71798706 0.417862 0.849704 -0.321551
39.71799850 -54.01800156 266.71798706 0.374187 0.863863 -0.337230
49.01800156 -55.78200150 256.21798706 -0.626597 0.747873 -0.219231
40.01800156 -54.06900024 267.01800537 0.459047 0.855979 -0.237856
39.71799850 -53.91199875 267.01800537 0.460451 0.821216 -0.337031
39.71799850 -53.77199936 267.31799316 0.383170 0.821987 -0.421328
40.01800156 -53.89599991 267.31799316 0.377636 0.817415 -0.434999
48.41799927 -56.05400085 256.51800537 -0.999999 -0.000978 -0.000978
48.41799927 -55.92900085 256.81799316 -0.999999 -0.000978 -0.000978
47.21799850 -56.13700104 258.61801147 -0.999999 -0.000978 -0.000978
39.71799850 -53.60400009 267.61801147 0.343470 0.839070 -0.421888
40.01800156 -53.74599838 267.61801147 0.361243 0.842901 -0.398775
46.91799927 -56.20299911 258.91799927 -0.999999 -0.000978 -0.000978
39.41799927 -53.61600113 267.31799316 0.436226 0.839617 -0.323651
34.91799927 -40.63299942 264.31799316 0.999999 0.000978 0.000978
39.11800003 -53.40700150 267.31799316 0.412908 0.836807 -0.359529
39.41799927 -53.50000000 267.61801147 0.316352 0.879428 -0.355707
39.11800003 -53.27500153 267.61801147 0.437493 0.826024 -0.355364
34.91799927 -40.94900131 263.71798706 0.530617 -0.744178 0.405766
35.21799850 -40.69900131 263.71798706 0.588424 -0.719549 0.368790
34.91799927 -40.77899933 264.01800537 0.534803 -0.747416 0.394151
35.21799850 -40.54800034 264.01800537 0.999999 -0.000978 -0.000978
43.84400177 -56.74700165 263.11801147 -0.363012 0.925885 -0.104689
37.61800003 -40.35699844 260.11801147 0.999999 -0.000978 -0.000978
37.31800079 -40.45899963 260.41799927 0.942927 0.306215 -0.130850
37.61800003 -40.23699951 260.41799927 0.999999 0.000978 0.000978
37.91799927 -40.14599991 260.11801147 0.999999 -0.000978 -0.000978
37.91799927 -40.03400040 260.41799927 0.999999 -0.000978 -0.000978
43.61800003 -56.88999939 263.11801147 -0.566150 0.756480 -0.327432
37.61800003 -40.48500061 259.81799316 0.999999 -0.000978 -0.000978
43.31800079 -57.00600052 263.41799927 0.195930 0.966673 -0.164789
43.61800003 -56.79600143 263.41799927 -0.144540 0.944240 -0.295835
37.91799927 -40.39699936 259.51800537 0.999999 0.000978 0.000978
38.21799850 -40.16199875 259.51800537 0.999999 0.000978 0.000978
37.91799927 -40.27299881 259.81799316 0.999999 -0.000978 -0.000978
38.21799850 -40.02799988 259.81799316 0.999999 0.000978 0.000978
39.11800003 -53.14899826 267.91799927 0.423357 0.832549 -0.357256
38.21799850 -40.39300156 258.91799927 0.999999 0.000978 0.000978
39.41799927 -53.37300110 267.91799927 0.288037 0.882206 -0.372487
39.41799927 -53.15999985 268.21798706 0.352634 0.841619 -0.409055
37.91799927 -40.49499893 259.21798706 0.999999 -0.000978 -0.000978
38.21799850 -40.26800156 259.21798706 0.999999 -0.000978 -0.000978
38.51800156 -40.17300034 258.91799927 0.999999 0.000978 0.000978
38.51800156 -40.05400085 259.21798706 0.999999 0.000978 0.000978
38.81800079 -39.91500092 258.91799927 0.999999 0.000978 0.000978
38.81800079 -39.79700089 259.21798706 0.999999 0.000978 0.000978
38.51800156 -40.46599960 258.31799316 0.999999 0.000978 0.000978
38.81800079 -40.19900131 258.31799316 0.999999 -0.000978 -0.000978
38.51800156 -53.08399963 267.31799316 0.453645 0.803096 -0.386320
38.51800156 -40.31999969 258.61801147 0.999999 0.000978 0.000978
38.51800156 -52.95500183 267.61801147 0.433940 0.838114 -0.330546
38.81800079 -53.11800003 267.61801147 0.439285 0.823064 -0.359992
38.81800079 -40.07600021 258.61801147 0.999999 0.000978 0.000978
42.71799850 -57.02899933 263.11801147 0.210384 0.869887 -0.446134
42.71799850 -56.87500000 263.41799927 0.204524 0.887253 -0.413463
43.01800156 -56.94499969 263.41799927 0.212882 0.971194 -0.107071
39.11800003 -39.96900177 258.31799316 0.999999 -0.000978 -0.000978
43.31800079 -56.95500183 263.71798706 0.150063 0.974778 -0.165195
39.41799927 -39.76800156 258.31799316 0.999999 0.000978 0.000978
39.11800003 -39.84600067 258.61801147 0.999999 0.000978 0.000978
39.41799927 -39.61000061 258.61801147 0.999999 -0.000978 -0.000978
39.11800003 -53.01800156 268.21798706 0.386261 0.846020 -0.367495
39.41799927 -39.85300064 258.01800537 0.649300 -0.709922 0.272802
39.66799927 -39.64699936 258.01800537 0.609982 -0.740578 0.281898
39.11800003 -40.20500183 257.71798706 0.999999 -0.000978 -0.000978
39.41799927 -39.99900055 257.71798706 0.999999 0.000978 0.000978
38.81800079 -53.25699997 267.31799316 0.422141 0.826891 -0.371548
39.11800003 -40.08599854 258.01800537 0.999999 -0.000978 -0.000978
42.71799850 -56.74900055 263.71798706 0.353726 0.902661 -0.245113
43.01800156 -56.90900040 263.71798706 0.319467 0.924325 -0.208719
43.01800156 -56.81000137 264.01800537 0.230020 0.901032 -0.367738
39.66400146 -39.94699860 257.41799927 0.574268 -0.765161 0.291111
38.81800079 -52.99499893 267.91799927 0.425892 0.843983 -0.326049
38.51800156 -52.84600067 267.91799927 0.433940 0.838114 -0.330546
38.81800079 -52.88700104 268.21798706 0.419031 0.836494 -0.353116
38.51800156 -52.71799850 268.21798706 0.458154 0.819604 -0.344012
35.21799850 -53.26300049 263.11801147 0.455104 0.774818 -0.438792
42.41799927 -56.50099945 264.31799316 0.277895 0.943200 -0.182069
42.11800003 -56.27199936 264.31799316 0.581197 0.754116 -0.305809
42.11800003 -56.16999817 264.61801147 0.999999 0.000978 0.000978
42.41799927 -56.42100143 264.61801147 0.203917 0.945682 -0.253186
35.81800079 -53.37500000 263.71798706 0.425099 0.829655 -0.361888
35.81800079 -53.24000168 264.01800537 0.401309 0.826411 -0.394964
38.21799850 -52.67100143 267.91799927 0.999999 -0.000978 -0.000978
38.51800156 -52.59299850 268.51800537 0.381148 0.842290 -0.381148
38.81800079 -52.74100113 268.51800537 0.402396 0.822287 -0.402396
38.81800079 -52.59199905 268.81799316 0.463734 0.825289 -0.322256
50.40700150 -47.14699936 254.11799622 -0.998125 -0.057847 0.019984
34.91799927 -53.08399963 263.11801147 0.999999 -0.000978 -0.000978
34.91799927 -52.96900177 263.41799927 0.316322 0.898474 -0.304442
35.21799850 -53.08300018 263.41799927 0.337826 0.887356 -0.313803
38.51800156 -52.44599915 268.81799316 0.371704 0.842215 -0.390524
37.91799927 -52.30500031 268.51800537 0.469049 0.802025 -0.369796
38.21799850 -52.46900177 268.51800537 0.413988 0.857216 -0.306259
38.21799850 -52.32799911 268.81799316 0.337085 0.849704 -0.405434
37.91799927 -52.15000153 268.81799316 0.450485 0.806385 -0.383153
50.37599945 -46.84700012 254.11799622 -0.990130 -0.089379 -0.107951
50.34400177 -47.14699936 254.41799927 -0.972321 -0.184296 -0.143624
50.33200073 -46.84700012 254.41799927 -0.999527 0.025420 -0.017286
37.91799927 -52.50099945 267.91799927 0.338575 0.879080 -0.335538
37.91799927 -52.42599869 268.21798706 0.382591 0.878599 -0.285809
38.21799850 -52.54100037 268.21798706 0.393756 0.871128 -0.293416
40.91799927 -55.44699860 264.91799927 0.422079 0.836312 -0.349902
40.91799927 -55.26599884 265.21798706 0.444851 0.801374 -0.399884
41.21799850 -55.43399811 265.21798706 0.400757 0.828442 -0.391253
41.21799850 -55.59799957 264.91799927 0.398678 0.824359 -0.401855
51.21599960 -48.04700089 268.81799316 -0.995919 -0.075598 0.049303
51.24599838 -48.34700012 268.81799316 -0.994895 0.065585 -0.076701
51.19400024 -48.04700089 268.51800537 -0.994638 -0.091830 0.047574
51.25099945 -48.34700012 268.51800537 -0.999159 -0.009223 0.039966
51.19900131 -47.44699860 269.41799927 -0.998102 -0.041367 -0.045609
51.18399811 -47.74700165 269.41799927 -0.999273 0.033891 -0.017459
51.21500015 -47.44699860 269.11801147 -0.998116 -0.061279 -0.003116
51.22299957 -47.74700165 269.11801147 -0.999507 -0.015252 -0.027453
51.17900085 -48.04700089 269.41799927 -0.986291 0.149652 -0.069524
51.22399902 -48.04700089 269.11801147 -0.997679 0.030878 -0.060691
51.11800003 -48.34700012 269.38299561 -0.000978 0.999999 -0.000978
51.20500183 -48.34700012 269.11801147 -0.940069 0.267207 -0.211827
37.31800079 -52.01800156 268.51800537 0.366525 0.846906 -0.385241
37.61800003 -52.12900162 268.51800537 0.314360 0.866407 -0.387966
37.61800003 -51.99100113 268.81799316 0.420142 0.851136 -0.314719
37.31800079 -51.85499954 268.81799316 0.342948 0.851939 -0.395710
51.20100021 -47.44699860 268.81799316 -0.996194 -0.040283 0.077300
51.20000076 -47.74700165 268.81799316 -0.998704 -0.024002 0.044874
51.16799927 -47.44699860 268.51800537 -0.987488 -0.069112 0.141739
51.19599915 -47.74700165 268.51800537 -0.997792 -0.043660 0.050049
50.93099976 -45.64699936 266.41799927 -0.990489 -0.137042 -0.012256
50.96300125 -45.94699860 266.41799927 -0.999658 0.007047 0.025168
50.93700027 -45.64699936 266.11801147 -0.996091 -0.062461 0.062461
50.95500183 -45.94699860 266.11801147 -0.988709 -0.063750 0.135614
37.31800079 -51.74000168 269.11801147 0.460530 0.849149 -0.258570
37.61800003 -51.90800095 269.11801147 0.409950 0.872846 -0.264728
37.31800079 -51.67200089 269.41799927 0.409120 0.890092 -0.200894
37.61800003 -51.81000137 269.41799927 0.340695 0.879751 -0.331610
40.31800079 -54.81700134 265.51800537 0.360669 0.847805 -0.388773
40.61800003 -54.93700027 265.51800537 0.412746 0.839616 -0.353109
40.31800079 -54.69599915 265.81799316 0.417632 0.855298 -0.306674
50.88299942 -45.04700089 266.41799927 -0.999288 -0.003050 0.037613
50.88000107 -45.34700012 266.41799927 -0.995430 -0.080294 -0.051696
50.87799835 -45.04700089 266.11801147 -0.991098 -0.119753 0.058166
40.61800003 -54.85100174 265.81799316 0.419669 0.873935 -0.245183
50.91699982 -45.34700012 266.11801147 -0.994879 -0.098944 0.020659
50.89300156 -45.64699936 265.81799316 -0.994786 -0.022931 0.099369
50.88199997 -45.94699860 265.81799316 -0.990939 -0.067747 0.115973
50.87699890 -45.64699936 265.51800537 -0.998535 -0.051127 0.017738
50.88499832 -45.94699860 265.51800537 -0.999632 -0.027126 -0.001005
50.84799957 -45.04700089 265.81799316 -0.991632 -0.079101 0.102029
50.86800003 -45.34700012 265.81799316 -0.991784 -0.074355 0.104097
50.81600189 -45.04700089 265.51800537 -0.995177 -0.087064 0.045185
50.85400009 -45.34700012 265.51800537 -0.994785 -0.101947 -0.003219
36.71799850 -51.38899994 269.11801147 0.402458 0.840934 -0.361743
37.01800156 -51.58399963 269.11801147 0.461236 0.860874 -0.214843
37.01800156 -51.50199890 269.41799927 0.563983 0.760011 -0.322965
50.82099915 -45.04700089 265.21798706 -0.995252 -0.097280 -0.003207
50.86999893 -45.34700012 265.21798706 -0.993812 -0.101273 0.045629
50.81800079 -45.04700089 264.91799927 -0.997364 -0.072364 0.005244
50.82699966 -45.34700012 264.91799927 -0.997273 -0.059169 0.044108
50.81800079 -44.44699860 265.21798706 -0.996417 -0.018234 0.082588
50.81200027 -44.74700165 265.21798706 -0.999559 -0.005043 0.029250
50.76699829 -44.44699860 264.91799927 -0.984012 -0.145735 0.102376
50.78400040 -44.74700165 264.91799927 -0.995977 -0.085431 0.027035
40.01800156 -54.42699814 266.11801147 0.375356 0.868681 -0.323266
50.75600052 -44.44699860 264.61801147 -0.991987 -0.103879 0.071916
50.79600143 -44.74700165 264.61801147 -0.994460 -0.103476 0.018517
50.72299957 -44.44699860 264.31799316 -0.980579 -0.116298 0.157921
50.77299881 -44.74700165 264.31799316 -0.988781 -0.109083 0.102045
39.71799850 -54.28499985 266.11801147 0.423189 0.835365 -0.350822
36.71799850 -51.22800064 269.41799927 0.496573 0.799945 -0.336903
39.71799850 -54.14500046 266.41799927 0.408420 0.834187 -0.370574
40.01800156 -54.29600143 266.41799927 0.430672 0.821614 -0.373461
36.71799850 -51.13700104 269.71798706 0.999999 -0.000978 -0.000978
37.01800156 -51.33100128 269.71798706 0.384376 0.839351 -0.384376
36.71799850 -51.04800034 270.01800537 0.434702 0.855581 -0.281097
37.01800156 -51.19400024 270.01800537 0.401610 0.836293 -0.373261
36.11800003 -50.80199814 269.71798706 0.422414 0.858653 -0.290314
36.41799927 -50.94400024 269.71798706 0.456143 0.849316 -0.265699
39.41799927 -53.83100128 266.71798706 0.419657 0.868099 -0.265126
36.41799927 -50.87799835 270.01800537 0.348805 0.875821 -0.333574
39.11800003 -53.68099976 266.71798706 0.422746 0.824909 -0.375247
39.11800003 -53.53200150 267.01800537 0.420140 0.826012 -0.375748
39.41799927 -53.73099899 267.01800537 0.999999 0.000978 0.000978
36.11800003 -50.72800064 270.01800537 0.483948 0.818141 -0.310547
33.68000031 -42.04700089 266.41799927 0.999271 0.013296 -0.035798
33.69200134 -42.34700012 266.41799927 0.997062 0.048506 -0.059285
33.66500092 -42.04700089 266.11801147 0.996838 0.079282 0.005285
33.70500183 -42.34700012 266.11801147 0.998750 0.046768 -0.017668
36.11800003 -50.57600021 270.31799316 0.408770 0.819131 -0.402408
36.41799927 -50.71599960 270.31799316 0.418771 0.820027 -0.390110
36.41799927 -50.59199905 270.61801147 0.444366 0.840397 -0.310277
36.11800003 -50.43399811 270.61801147 0.384281 0.842282 -0.378007
40.31800079 -38.74700165 259.24301147 0.486426 -0.758300 0.434016
40.31800079 -38.44100189 259.81799316 0.999999 -0.000978 -0.000978
40.61800003 -38.36000061 259.51800537 -0.000978 -0.000978 0.999999
40.48799896 -38.44699860 259.51800537 -0.000978 -0.000978 0.999999
40.31800079 -38.57699966 259.51800537 0.536112 -0.745967 0.395116
40.31800079 -38.29800034 260.11801147 0.516930 -0.772964 0.367846
35.51800156 -50.30099869 270.31799316 0.313285 0.879315 -0.358688
35.81800079 -50.41699982 270.31799316 0.399926 0.871321 -0.284358
35.51800156 -50.15599823 270.61801147 0.432484 0.815496 -0.384608
35.81800079 -50.31800079 270.61801147 0.394933 0.847624 -0.354347
49.61800003 -44.16099930 254.41799927 -0.999999 -0.000978 -0.000978
35.81800079 -50.16600037 270.91799927 0.397637 0.825373 -0.400805
49.61800003 -44.28499985 254.11799622 -0.402913 -0.841884 0.359016
48.71799850 -43.84700012 254.07099915 0.017497 -0.870830 0.491272
49.01800156 -44.12300110 253.81799316 -0.285357 -0.846816 0.448859
48.71799850 -44.05199814 253.81799316 -0.280570 -0.813497 0.509415
48.71799850 -44.14699936 253.61700439 -0.999999 0.000978 0.000978
35.51800156 -50.01800156 270.91799927 0.405897 0.832325 -0.377468
49.01800156 -44.28900146 253.51800537 -0.310679 -0.854753 0.415784
48.71799850 -44.19300079 253.51800537 -0.338983 -0.884370 0.320904
35.51800156 -49.88399887 271.21798706 0.413898 0.826211 -0.382182
35.81800079 -50.02700043 271.21798706 0.419906 0.815862 -0.397553
48.41799927 -44.17399979 252.91799927 -0.445611 -0.768801 0.458669
50.31900024 -47.14699936 254.71800232 -0.984639 0.153962 -0.082352
50.36600113 -46.84700012 254.71800232 -0.990665 0.086698 -0.105193
33.70999908 -51.04700089 254.41799927 0.992193 0.081065 -0.094766
33.68099976 -51.34700012 254.41799927 0.992409 0.094569 0.078618
33.62099838 -51.04700089 254.11799622 0.981696 0.182060 -0.055927
33.63899994 -50.44699860 255.01800537 0.997402 -0.013721 -0.070715
33.64899826 -50.74700165 255.01800537 0.997747 0.032939 -0.058441
33.58800125 -50.44699860 254.71800232 0.995693 0.029317 -0.087951
33.63000107 -50.74700165 254.71800232 0.988428 0.149003 -0.028436
50.27000046 -46.84700012 255.01800537 -0.979125 0.049016 -0.197260
33.71799850 -43.61999893 260.41799927 0.000978 0.000978 0.999999
33.74599838 -43.84700012 260.41799927 0.965769 0.119596 -0.230190
33.71799850 -43.84700012 260.30099487 0.000978 -0.999999 0.000978
33.70500183 -43.54700089 260.41799927 0.996757 0.011677 0.079613
33.70500183 -43.24700165 261.01800537 0.938710 -0.286175 0.192166
33.60499954 -43.54700089 261.01800537 0.944284 -0.286682 0.161683
33.66199875 -43.54700089 260.71798706 0.961234 -0.214926 0.172732
34.01800156 -42.95399857 260.71798706 0.697574 -0.632532 0.336592
33.75299835 -43.24700165 260.71798706 0.943956 -0.289299 0.158911
33.71799850 -43.38199997 260.71798706 0.000978 0.000978 0.999999
33.88000107 -42.94699860 261.01800537 -0.171625 -0.983590 -0.055630
33.88600159 -42.64699936 261.61801147 -0.000978 -0.999999 -0.000978
33.96099854 -42.64699936 261.31799316 0.839650 -0.500764 0.210291
33.78200150 -42.94699860 261.31799316 0.857194 -0.446106 0.257310
34.25899887 -42.04700089 262.21798706 0.450274 -0.866143 0.216910
34.09799957 -42.34700012 261.91799927 -0.000978 -0.000978 0.999999
34.61800003 -41.77999878 262.21798706 0.475131 -0.801483 0.363147
34.61800003 -41.87500000 261.91799927 0.999999 0.000978 0.000978
34.31800079 -42.09099960 261.91799927 0.736807 -0.633120 0.237224
34.91799927 -49.61999893 270.91799927 0.726407 0.679256 -0.104614
35.21799850 -49.79800034 270.91799927 0.319280 0.920615 -0.224785
34.91799927 -49.60900116 271.21798706 0.454390 0.884864 -0.102695
35.21799850 -49.72499847 271.21798706 0.409376 0.895419 -0.175033
36.41799927 -38.66500092 266.41799927 0.999999 0.000978 0.000978
36.41799927 -38.74300003 266.11801147 0.999999 0.000978 0.000978
43.91799927 -39.97499847 257.11801147 -0.451261 -0.835380 0.313853
44.21799850 -40.13800049 257.11801147 -0.428260 -0.851881 0.301483
44.21799850 -40.02000046 257.41799927 -0.399635 -0.832442 0.383839
34.91799927 -49.84700012 270.44000244 0.441606 0.691572 -0.571588
35.14899826 -49.84700012 270.61801147 0.527505 0.752879 -0.393588
34.91799927 -49.70000076 270.61801147 0.441606 0.691572 -0.571588
37.01800156 -51.78300095 268.51800537 0.436835 0.808064 -0.395231
36.71799850 -51.63199997 268.51800537 0.382171 0.823015 -0.420229
37.01800156 -51.65200043 268.81799316 0.516349 0.812743 -0.269874
36.71799850 -51.48400116 268.81799316 0.420780 0.839995 -0.342568
49.90399933 -39.64699936 264.91799927 -0.581947 -0.694689 0.422782
49.61800003 -39.42900085 264.91799927 -0.426363 -0.802850 0.416710
36.41799927 -51.22499847 269.11801147 0.464741 0.799227 -0.381120
36.11800003 -51.04199982 269.11801147 0.470515 0.773338 -0.424929
36.41799927 -51.06600189 269.41799927 0.410261 0.825274 -0.388085
36.11800003 -50.93000031 269.41799927 0.396129 0.852843 -0.340205
34.61800003 -55.74900055 256.81799316 0.999999 0.000978 0.000978
34.61800003 -55.78599930 256.51800537 0.607573 0.788242 -0.097620
34.31800079 -55.55799866 256.51800537 0.900002 0.409351 -0.149763
34.91799927 -55.91999817 256.81799316 0.477487 0.835989 -0.270422
35.21799850 -56.35699844 256.21798706 0.378583 0.921355 -0.088200
35.21799850 -56.32799911 256.51800537 0.168998 0.981160 -0.093618
35.81800079 -56.31499863 256.81799316 0.542146 0.745246 -0.388183
35.99900055 -56.44699860 256.81799316 0.616448 0.719998 -0.318741
35.51800156 -56.18799973 256.81799316 0.368103 0.872144 -0.322281
35.81800079 -56.44699860 256.56500244 0.373854 0.816115 -0.440670
35.51800156 -56.38000107 256.51800537 0.207519 0.937320 -0.279942
35.51800156 -50.53799820 269.71798706 0.318945 0.858225 -0.402149
35.81800079 -50.65000153 269.71798706 0.371175 0.844149 -0.386836
35.81800079 -50.51399994 270.01800537 0.370545 0.865631 -0.336720
35.51800156 -50.39899826 270.01800537 0.395082 0.853687 -0.339306
37.31800079 -44.74700165 250.80099487 0.125165 0.085393 0.988454
37.61800003 -44.74700165 250.76300049 0.176953 0.091527 0.979954
37.61800003 -44.44699860 250.74499512 0.331621 -0.091895 0.938927
37.61800003 -44.24300003 250.81799316 0.038300 -0.722019 0.690812
35.21799850 -50.20299911 270.31799316 0.308567 0.944402 -0.113542
33.79700089 -42.94699860 267.31799316 0.994790 0.087613 -0.052124
33.76300049 -42.64699936 267.31799316 0.982860 0.139714 -0.120276
33.81900024 -42.94699860 267.61801147 0.999153 0.025831 -0.032031
33.82400131 -42.64699936 267.61801147 0.993487 0.071044 -0.089087
33.73600006 -42.04700089 267.31799316 0.995555 -0.011813 -0.093434
33.77600098 -42.34700012 267.61801147 0.986558 0.105660 -0.124655
33.76100159 -42.04700089 267.61801147 0.996089 0.057950 -0.066698
33.81600189 -42.94699860 267.91799927 0.997869 0.056323 -0.032943
33.81700134 -42.64699936 267.91799927 0.998645 0.048943 0.017703
33.83900070 -42.94699860 268.21798706 0.991941 0.110216 -0.062493
33.81299973 -42.64699936 268.21798706 0.989688 0.117185 -0.082377
33.78699875 -42.34700012 267.91799927 0.997586 0.068472 0.011588
33.77600098 -42.04700089 267.91799927 0.999912 0.002979 0.012908
33.76900101 -42.34700012 268.21798706 0.994356 0.100429 -0.034212
33.75299835 -42.04700089 268.21798706 0.999085 0.034095 -0.025829
33.80799866 -42.34700012 268.51800537 0.987957 0.123642 -0.093026
33.79100037 -42.04700089 268.51800537 0.996104 0.042457 -0.077293
33.82500076 -42.34700012 268.81799316 0.993718 0.107220 -0.032055
33.79899979 -42.04700089 268.81799316 0.999004 0.036309 -0.025935
33.79299927 -41.74700165 269.11801147 0.993879 0.105026 0.034272
33.74399948 -41.44699860 269.11801147 0.993103 0.064253 0.098070
33.78300095 -41.74700165 269.41799927 0.982872 0.181148 0.033892
34.61800003 -55.60300064 257.11801147 0.551335 0.749750 -0.365930
42.11800003 -39.24499893 256.81799316 -0.378902 -0.849802 0.366428
42.41799927 -39.36399841 256.81799316 -0.397370 -0.869342 0.293841
42.41799927 -39.54299927 256.51800537 -0.371566 -0.901958 0.220025
42.11800003 -39.34899902 256.51800537 -0.345820 -0.890748 0.294920
42.41799927 -39.61600113 256.21798706 -0.484853 -0.798488 0.356839
42.11800003 -39.44400024 256.21798706 -0.436005 -0.858241 0.270782
42.11800003 -39.62500000 255.91799927 -0.361693 -0.843950 0.396140
42.41799927 -39.80799866 255.91799927 -0.432671 -0.881475 0.189202
44.81800079 -42.36100006 252.91799927 -0.486494 -0.809767 0.328027
46.01800156 -43.59199905 251.71800232 -0.423581 -0.878373 0.221451
45.71799850 -43.48799896 251.41799927 -0.431249 -0.860973 0.269721
46.01800156 -43.64400101 251.41799927 -0.510111 -0.820208 0.258932
46.01800156 -43.77999878 251.11799622 -0.385953 -0.854056 0.348753
45.71799850 -43.61299896 251.11799622 -0.447408 -0.803410 0.392885
50.84700012 -46.84700012 264.01800537 -0.994656 -0.093836 0.043054
50.89099884 -47.14699936 264.01800537 -0.983731 -0.152544 0.094890
50.84500122 -46.84700012 263.71798706 -0.995963 -0.088983 0.011793
50.86399841 -47.14699936 263.71798706 -0.998216 -0.057610 0.015712
50.86899948 -47.44699860 263.41799927 -0.986909 -0.105444 -0.122031
50.94599915 -47.74700165 263.41799927 -0.997340 -0.072515 0.007357
50.95299911 -47.44699860 263.11801147 -0.994985 -0.036201 -0.093246
50.93899918 -47.74700165 263.11801147 -0.986379 0.059674 0.153281
50.86199951 -48.04700089 262.81799316 -0.991138 -0.072354 0.111403
50.89799881 -48.34700012 262.81799316 -0.989393 -0.141991 0.030670
50.84999847 -48.04700089 262.51800537 -0.983659 -0.177686 0.029034
50.89899826 -48.34700012 262.51800537 -0.994356 -0.100429 0.034212
37.61800003 -48.64699936 252.34300232 0.019550 0.400127 0.916251
37.31800079 -48.64699936 252.36799622 0.093258 0.366274 0.925822
37.61800003 -48.94699860 252.48199463 0.030371 0.408033 0.912462
37.31800079 -48.94699860 252.48899841 0.037328 0.343674 0.938347
49.31800079 -41.69400024 259.51800537 -0.485535 -0.796406 0.360546
49.31800079 -41.57799911 259.81799316 -0.403882 -0.855735 0.323415
46.61800003 -46.24700165 251.06599426 0.029925 0.378615 0.925070
46.31800079 -46.24700165 251.09300232 0.094763 0.402398 0.910547
46.91799927 -41.92900085 256.21798706 -0.447346 -0.816685 0.364563
47.21799850 -42.09400177 256.21798706 -0.456602 -0.795423 0.398518
47.21799850 -42.25500107 255.91799927 -0.394964 -0.826411 0.401309
46.91799927 -42.06499863 255.91799927 -0.999999 0.000978 0.000978
46.61800003 -41.88399887 255.91799927 -0.357511 -0.847723 0.391857
46.31800079 -41.75799942 255.91799927 -0.334208 -0.836304 0.434627
42.41799927 -48.34700012 252.10600281 0.014032 0.360994 0.932462
42.11800003 -48.34700012 252.11300659 0.027739 0.413445 0.910107
42.41799927 -48.04700089 251.99299622 0.001285 0.394539 0.918878
42.11800003 -48.04700089 251.97999573 -0.011676 0.398272 0.917193
45.41799927 -41.97600174 254.41799927 -0.490830 -0.756764 0.431733
45.11800003 -41.77899933 254.41799927 -0.271420 -0.883239 0.382387
45.11800003 -41.96799850 254.11799622 -0.403161 -0.887544 0.222994
45.41799927 -42.10400009 254.11799622 -0.384661 -0.848746 0.362858
41.81800079 -48.34700012 252.12500000 0.014472 0.427589 0.903857
41.51800156 -48.34700012 252.12199402 0.016967 0.403293 0.914914
41.81800079 -48.04700089 251.98599243 0.027479 0.391242 0.919877
41.51800156 -48.04700089 251.99800110 0.040768 0.385323 0.921881
44.81800079 -41.79600143 254.11799622 -0.425145 -0.864005 0.269716
41.81800079 -48.64699936 252.27000427 0.016967 0.403293 0.914914
41.51800156 -48.64699936 252.26300049 0.003901 0.422597 0.906309
40.91799927 -48.04700089 252.04699707 0.043293 0.371269 0.927516
41.21799850 -48.34700012 252.13600159 0.019571 0.397934 0.917205
40.91799927 -48.34700012 252.13499451 0.008843 0.344872 0.938608
41.21799850 -48.04700089 252.01199341 0.074325 0.390545 0.917578
41.21799850 -48.64699936 252.27299500 0.006492 0.414185 0.910169
40.91799927 -48.64699936 252.26699829 -0.014342 0.405492 0.913986
41.21799850 -48.94699860 252.40800476 0.001280 0.390517 0.920595
40.91799927 -48.94699860 252.40199280 -0.001283 0.391439 0.920203
40.61800003 -48.64699936 252.26300049 0.019623 0.404239 0.914443
40.31800079 -48.64699936 252.27999878 0.035685 0.405757 0.913284
40.61800003 -48.94699860 252.40699768 0.014436 0.421260 0.906825
40.31800079 -48.94699860 252.41099548 0.019654 0.412736 0.910639
41.81800079 -40.92499924 252.61799622 -0.485535 -0.796406 0.360546
41.81800079 -41.11399841 252.31799316 -0.357498 -0.894486 0.268494
41.51800156 -41.14699936 252.02999878 -0.119973 -0.762794 0.635415
40.01800156 -48.64699936 252.28599548 0.024973 0.406134 0.913472
39.71799850 -48.64699936 252.29699707 0.027259 0.377734 0.925513
40.01800156 -48.94699860 252.41999817 0.032728 0.383573 0.922931
39.71799850 -48.94699860 252.43299866 -0.001296 0.418483 0.908224
39.41799927 -48.94699860 252.41900635 0.024946 0.408325 0.912495
39.11800003 -48.94699860 252.44900513 0.052870 0.435164 0.898797
40.01800156 -49.54700089 252.67799377 0.058262 0.424095 0.903742
39.71799850 -49.54700089 252.71299744 0.032965 0.404816 0.913804
40.01800156 -49.24700165 252.53500366 0.032832 0.395291 0.917969
39.71799850 -49.24700165 252.57299805 0.055290 0.422091 0.904866
39.41799927 -49.54700089 252.69900513 -0.006557 0.434043 0.900868
39.11800003 -49.54700089 252.70799255 0.022141 0.389417 0.920795
39.41799927 -49.24700165 252.57099915 0.014420 0.423416 0.905821
39.11800003 -49.24700165 252.58200073 -0.011648 0.397326 0.917604
38.21799850 -50.14699936 253.00700378 0.030249 0.398496 0.916671
37.91799927 -50.14699936 253.01800537 -0.009086 0.408890 0.912538
37.61800003 -49.84700012 252.86900330 0.011738 0.410824 0.911639
37.31800079 -49.84700012 252.87600708 -0.008985 0.378668 0.925489
37.61800003 -50.14699936 253.00100708 -0.033133 0.412177 0.910501
37.31800079 -50.14699936 252.99699402 -0.001273 0.378186 0.925729
37.61800003 -50.74700165 253.26699829 0.022327 0.413700 0.910140
37.31800079 -50.74700165 253.26199341 0.041746 0.443049 0.895525
37.61800003 -50.44699860 253.14100647 -0.022292 0.405186 0.913963
37.31800079 -50.44699860 253.12100220 0.006482 0.405769 0.913953
49.01800156 -49.12200165 272.11801147 -0.652287 0.694162 -0.304401
48.88499832 -49.24700165 272.11801147 0.000978 0.000978 -0.999999
48.71799850 -49.41799927 272.11801147 -0.714733 0.697613 -0.049931
49.31800079 -48.98400116 271.81799316 -0.594800 0.739873 -0.314325
49.31800079 -49.13100052 271.51800537 -0.999999 -0.000978 -0.000978
37.01800156 -50.14699936 253.00000000 0.027883 0.426207 0.904196
36.71799850 -50.14699936 253.01499939 0.055218 0.418846 0.906377
37.01800156 -50.74700165 253.29499817 0.055058 0.406893 0.911815
36.71799850 -50.74700165 253.29899597 0.003870 0.398582 0.917125
37.01800156 -50.44699860 253.14599609 0.055712 0.441620 0.895470
36.71799850 -50.44699860 253.15800476 0.019780 0.428569 0.903292
50.21799850 -48.80799866 270.61801147 -0.587453 0.739576 -0.328521
50.05300140 -48.94699860 270.61801147 -0.655361 0.687725 -0.312308
36.41799927 -50.74700165 253.29800415 -0.006540 0.427740 0.903878
36.11800003 -50.74700165 253.29499817 0.009267 0.454065 0.890920
36.41799927 -50.44699860 253.15899658 -0.016944 0.400146 0.916295
36.11800003 -50.44699860 253.14700317 0.001299 0.419470 0.907768
35.81800079 -50.74700165 253.30400085 0.025172 0.430569 0.902207
35.51800156 -50.74700165 253.31100464 -0.001302 0.425734 0.904847
35.81800079 -50.44699860 253.16000366 0.038103 0.387599 0.921040
35.51800156 -50.44699860 253.17100525 0.060311 0.398049 0.915379
40.31800079 -53.14699936 254.24400330 -0.038049 0.384430 0.922370
33.72299957 -51.34700012 254.11799622 0.949363 0.273363 0.154861
33.76699829 -51.64699936 254.41799927 0.994665 -0.063489 0.081311
33.79399872 -51.64699936 254.11799622 0.997204 0.071305 -0.022349
33.76499939 -51.94699860 254.11799622 0.797851 0.113139 0.592143
50.37099838 -46.54700089 254.71800232 -0.993168 0.080222 -0.084741
50.41400146 -46.24700165 254.71800232 -0.990305 0.056098 -0.127080
50.30899811 -46.54700089 255.01800537 -0.994373 0.070309 -0.079237
50.31100082 -46.24700165 255.01800537 -0.991794 0.088083 -0.092659
37.06499863 -44.14699936 252.01800537 0.590275 -0.774054 0.228946
35.51800156 -53.13299942 263.71798706 0.523979 0.796258 -0.302356
35.51800156 -53.07600021 264.01800537 0.451164 0.858275 -0.244570
34.91799927 -52.88000107 263.71798706 0.312255 0.901248 -0.300416
35.21799850 -52.97700119 263.71798706 0.379017 0.895188 -0.234489
35.51800156 -44.77500153 253.21800232 0.599543 -0.737775 0.310219
35.21799850 -52.92599869 264.01800537 0.445866 0.872476 -0.199973
35.51800156 -44.44699860 253.98899841 0.999999 0.000978 0.000978
35.51800156 -44.52600098 253.81799316 0.999999 0.000978 0.000978
34.91799927 -52.77000046 264.01800537 0.564885 0.752641 -0.338284
35.81800079 -44.43399811 253.51800537 0.554940 -0.746972 0.366163
35.81800079 -44.03900146 254.41799927 0.567084 -0.751265 0.337665
36.11800003 -43.61600113 255.01800537 0.999999 0.000978 0.000978
36.11800003 -43.74000168 254.71800232 0.999999 -0.000978 -0.000978
37.01800156 -42.14400101 256.81799316 0.584844 -0.719178 0.375152
36.99000168 -42.34700012 256.51800537 0.578922 -0.785791 0.217675
38.51800156 -39.43999863 260.71798706 0.999999 -0.000978 -0.000978
38.81800079 -39.04199982 261.01800537 0.999999 -0.000978 -0.000978
38.51800156 -39.31499863 261.01800537 0.643128 -0.707280 0.293497
38.81800079 -39.16999817 260.71798706 0.999999 0.000978 0.000978
39.11800003 -38.75099945 261.31799316 0.999999 -0.000978 -0.000978
38.81800079 -38.74700165 261.75900269 0.528099 -0.794527 0.299732
38.89799881 -38.74700165 261.61801147 0.536155 -0.787527 0.303874
39.11800003 -38.34899902 262.21798706 0.999999 0.000978 0.000978
39.41799927 -38.27500153 261.91799927 0.999999 0.000978 0.000978
39.11800003 -38.46900177 261.91799927 0.999999 0.000978 0.000978
39.41799927 -38.13499832 262.21798706 0.999999 0.000978 0.000978
39.41799927 -37.86299896 262.81799316 0.999999 0.000978 0.000978
39.41799927 -37.99499893 262.51800537 0.999999 0.000978 0.000978
39.71799850 -37.30099869 263.71798706 0.566697 -0.724386 0.392581
40.01800156 -36.92300034 264.01800537 0.634123 -0.729004 0.257761
40.13399887 -36.94699860 263.71798706 0.635398 -0.678086 0.369417
40.61800003 -35.75799942 265.81799316 0.999999 -0.000978 -0.000978
40.31800079 -35.99200058 265.81799316 0.411336 -0.824259 0.389101
40.61800003 -35.83499908 265.51800537 0.999999 -0.000978 -0.000978
40.31800079 -36.13299942 265.51800537 0.330222 -0.854237 0.401538
40.91799927 -35.24000168 266.41799927 0.600511 -0.747055 0.285123
34.47700119 -47.44699860 272.11801147 0.909065 -0.049537 -0.413698
34.46099854 -47.74700165 272.11801147 0.983527 -0.038593 -0.176591
34.41899872 -48.04700089 271.81799316 0.995121 -0.027249 -0.094825
34.39400101 -48.34700012 271.81799316 0.992355 0.117737 -0.037003
34.39599991 -48.04700089 271.51800537 0.998446 0.021955 -0.051229
34.37599945 -48.34700012 271.51800537 0.996298 0.082935 -0.022619
34.31800079 -47.23400116 271.81799316 0.993784 0.101498 0.045730
34.34099960 -47.44699860 271.81799316 0.958496 0.165715 -0.232001
34.40999985 -47.74700165 271.81799316 0.978910 0.127469 -0.159645
34.33399963 -47.44699860 271.51800537 0.997518 0.068612 0.015834
34.36299896 -47.74700165 271.51800537 0.990745 0.102650 -0.088810
34.34999847 -47.44699860 271.21798706 0.997856 0.062300 -0.020063
34.35699844 -47.74700165 271.21798706 0.996634 0.064124 -0.051082
34.32199860 -47.44699860 270.91799927 0.993320 0.057372 -0.100119
34.33200073 -47.74700165 270.91799927 0.997331 0.048310 -0.054751
34.38899994 -48.04700089 271.21798706 0.996391 0.040116 -0.074811
34.38100052 -48.34700012 271.21798706 0.999312 0.015343 -0.033754
34.35100174 -48.04700089 270.91799927 0.997475 0.039642 -0.058927
34.35599899 -48.34700012 270.91799927 0.996038 0.087032 -0.018266
34.35400009 -48.04700089 270.61801147 0.996104 0.077293 -0.042457
34.36999893 -48.34700012 270.61801147 0.997518 0.068612 -0.015834
34.32500076 -48.04700089 270.31799316 0.990946 0.086520 -0.102671
34.34700012 -48.34700012 270.31799316 0.995516 0.056225 -0.076069
34.29199982 -48.04700089 270.01800537 0.996461 0.072647 -0.042287
34.29999924 -48.04700089 269.71798706 0.994509 0.104515 -0.005387
34.32400131 -48.34700012 270.01800537 0.994985 0.093246 -0.036201
34.32500076 -48.34700012 269.71798706 0.995693 0.087951 -0.029317
34.34799957 -48.64699936 270.01800537 0.995597 0.093237 -0.009645
34.38000107 -48.94699860 270.01800537 0.996391 0.074811 -0.040116
34.35300064 -48.64699936 269.71798706 0.997486 0.058801 -0.039557
34.36000061 -48.94699860 269.71798706 0.998502 0.024048 -0.049141
34.28900146 -48.04700089 269.41799927 0.995266 0.071960 -0.065318
34.30699921 -48.34700012 269.41799927 0.992248 0.057834 -0.109998
34.25999832 -48.04700089 269.11801147 0.997204 0.022349 -0.071305
34.25799942 -48.34700012 269.11801147 0.993340 0.020901 -0.113305
34.27299881 -48.64699936 269.11801147 0.981048 0.155159 -0.116064
34.32400131 -48.64699936 269.41799927 0.988588 0.073358 -0.131579
34.35100174 -48.94699860 269.41799927 0.999476 0.029546 -0.013245
34.35200119 -48.94699860 269.11801147 0.984656 0.161942 -0.065013
34.25299835 -48.64699936 268.81799316 0.992565 0.121472 -0.007660
34.31200027 -48.94699860 268.81799316 0.986444 0.140921 -0.084079
34.26900101 -48.64699936 268.51800537 0.993369 0.111602 -0.027624
34.30099869 -48.94699860 268.51800537 0.993805 0.103267 -0.041085
34.23699951 -48.64699936 268.21798706 0.994163 0.079578 -0.072853
34.28699875 -48.94699860 268.21798706 0.991628 0.108656 -0.069769
34.22499847 -48.64699936 267.91799927 0.996991 0.071904 -0.028976
34.25899887 -48.94699860 267.91799927 0.994917 0.076532 -0.065440
34.27700043 -49.24700165 267.61801147 0.999739 0.017115 -0.015102
34.25799942 -49.54700089 267.61801147 0.999995 0.002938 -0.000979
34.26200104 -49.24700165 267.31799316 0.996648 0.050971 -0.063985
34.26599884 -49.54700089 267.31799316 0.998676 0.050605 0.009295
34.21900177 -48.64699936 267.61801147 0.994947 0.072098 -0.069879
34.24800110 -48.94699860 267.61801147 0.994540 0.096032 -0.040841
34.18299866 -48.64699936 267.31799316 0.984200 0.156659 -0.082515
34.23500061 -48.94699860 267.31799316 0.987252 0.128875 -0.093405
34.16899872 -48.64699936 267.01800537 0.994133 0.102613 -0.034204
34.19100189 -48.94699860 267.01800537 0.987913 0.114216 -0.104797
34.16299820 -48.64699936 266.71798706 0.996733 0.070192 -0.039956
34.17200089 -48.94699860 266.71798706 0.996975 0.073731 -0.024577
34.23899841 -49.24700165 267.01800537 0.988893 0.118199 -0.090112
34.26300049 -49.54700089 267.01800537 0.995468 0.067246 -0.067246
34.20700073 -49.24700165 266.71798706 0.993990 0.090566 -0.061495
34.22600174 -49.54700089 266.71798706 0.993712 0.070899 -0.086654
34.20199966 -49.24700165 266.41799927 0.997486 0.058801 -0.039557
34.21099854 -49.54700089 266.41799927 0.999382 0.015312 -0.031645
34.18299866 -49.24700165 266.11801147 0.997772 0.064270 -0.017911
34.20700073 -49.54700089 266.11801147 0.998444 0.045240 -0.032615
34.19100189 -49.24700165 265.81799316 0.999075 0.042012 -0.009222
34.19100189 -49.54700089 265.81799316 0.997913 0.017876 -0.062041
34.17800140 -49.24700165 265.51800537 0.997768 0.009443 -0.066098
34.16999817 -49.54700089 265.51800537 0.996222 0.035773 -0.079134
34.20199966 -49.84700012 265.81799316 0.997660 0.066511 -0.015836
34.23099899 -50.14699936 265.81799316 0.994414 0.098227 -0.038629
34.20000076 -49.84700012 265.51800537 0.994304 0.090189 -0.056786
34.22399902 -50.14699936 265.51800537 0.992283 0.109751 -0.057704
34.15100098 -49.24700165 265.21798706 0.994863 0.054346 -0.085401
34.14400101 -49.54700089 265.21798706 0.998149 0.028458 -0.053755
34.12699890 -49.24700165 264.91799927 0.994974 0.040769 -0.091454
34.13800049 -49.54700089 264.91799927 0.998945 0.045917 0.001020
34.16799927 -49.84700012 265.21798706 0.993356 0.086820 -0.075545
34.19599915 -50.14699936 265.21798706 0.992669 0.100738 -0.066782
34.15399933 -49.84700012 264.91799927 0.997066 0.076536 0.001048
34.18399811 -50.14699936 264.91799927 0.995265 0.096177 -0.014048
34.16799927 -49.84700012 264.61801147 0.995895 0.071214 -0.055875
34.18700027 -50.14699936 264.61801147 0.995276 0.067533 -0.069747
34.12099838 -49.84700012 264.31799316 0.991309 0.039562 -0.125468
34.14199829 -50.14699936 264.31799316 0.990366 0.074940 -0.116446
34.09199905 -49.84700012 264.01800537 0.997534 0.026615 -0.064941
34.11600113 -50.14699936 264.01800537 0.994837 0.047584 -0.089635
34.08200073 -49.84700012 263.71798706 0.999562 0.011163 -0.027399
34.08800125 -50.14699936 263.71798706 0.993937 0.043311 -0.101060
34.08200073 -50.44699860 263.41799927 0.992034 0.116245 -0.048530
34.12500000 -50.74700165 263.41799927 0.989703 0.125878 -0.068136
34.07899857 -50.44699860 263.11801147 0.995380 0.094231 -0.018413
34.11899948 -50.74700165 263.11801147 0.990368 0.136021 -0.025855
34.07500076 -49.84700012 263.41799927 0.999864 0.014953 -0.006978
34.05500031 -50.14699936 263.41799927 0.998957 0.011317 -0.044238
34.07799911 -49.84700012 263.11801147 0.996158 0.044734 -0.075285
34.06200027 -50.14699936 263.11801147 0.998513 0.001028 -0.054502
34.02999878 -49.84700012 262.81799316 0.993311 0.020947 -0.113553
34.02299881 -50.14699936 262.81799316 0.997156 0.067622 -0.033274
34.00999832 -49.84700012 262.51800537 0.997185 0.073276 -0.015929
34.04199982 -50.14699936 262.51800537 0.994428 0.090200 0.054565
33.87500000 -45.94699860 265.51800537 0.993323 0.114740 0.012020
33.85200119 -45.64699936 265.51800537 0.999941 0.000987 0.010858
33.90499878 -45.94699860 265.81799316 0.976199 0.136243 -0.168741
33.86899948 -45.64699936 265.81799316 0.995081 0.076374 -0.063092
50.65200043 -53.74700165 254.71800232 -0.905239 0.289971 0.310578
50.74100113 -53.44699860 254.71800232 -0.934793 0.283652 0.213787
50.75899887 -53.74700165 255.01800537 -0.921754 -0.122625 0.367875
50.77700043 -53.44699860 255.01800537 -0.961860 0.193425 0.193425
33.97900009 -45.94699860 266.11801147 0.987296 0.114692 -0.109962
33.88999939 -45.64699936 266.11801147 0.980117 0.190279 -0.056246
33.97100067 -45.94699860 266.41799927 0.988615 0.150466 0.001115
33.90299988 -45.64699936 266.41799927 0.992100 0.105930 -0.067203
50.89099884 -53.74700165 255.31799316 -0.965726 -0.020651 0.258742
50.86000061 -53.44699860 255.31799316 -0.967722 0.030508 0.250168
50.91799927 -53.74700165 255.61799622 -0.997249 0.071308 0.020222
50.93000031 -53.44699860 255.61799622 -0.996965 0.018127 0.075705
50.90999985 -53.14699936 255.31799316 -0.995532 -0.038248 0.086330
50.83800125 -52.84700012 255.31799316 -0.983491 -0.165703 0.072719
50.92900085 -53.14699936 255.61799622 -0.997440 -0.070569 0.011586
50.88800049 -52.84700012 255.61799622 -0.977445 -0.208347 0.034526
50.81800079 -52.61000061 255.61799622 0.000978 0.000978 0.999999
50.91699982 -53.14699936 255.91799927 -0.995536 -0.075903 -0.056102
50.85900116 -52.84700012 255.91799927 -0.976187 -0.192260 -0.100472
50.89599991 -53.14699936 256.21798706 -0.984029 -0.177561 0.012601
50.82600021 -52.84700012 256.21798706 -0.995247 -0.074173 0.063102
34.07099915 -50.44699860 262.81799316 0.989717 0.141066 -0.023699
34.10900116 -50.74700165 262.81799316 0.994509 0.104515 -0.005387
34.06499863 -50.44699860 262.51800537 0.992081 0.121913 -0.030199
34.11600113 -50.74700165 262.51800537 0.993741 0.086461 -0.070741
34.05300140 -50.44699860 262.21798706 0.993950 0.018589 -0.108252
34.06700134 -50.74700165 262.21798706 0.991112 0.048818 -0.123747
34.00000000 -50.44699860 261.91799927 0.989447 0.054012 -0.134454
34.04100037 -50.74700165 261.91799927 0.990603 0.109554 -0.081878
50.82699966 -52.24700165 255.91799927 -0.968695 -0.181872 0.168973
50.85200119 -52.54700089 256.21798706 -0.994253 0.100642 -0.036496
50.88700104 -52.24700165 256.21798706 -0.998829 0.046481 0.013428
33.97200012 -50.44699860 261.61801147 0.993570 0.097673 -0.057257
34.01800156 -50.74700165 261.61801147 0.991164 0.132081 -0.012209
33.96500015 -50.44699860 261.31799316 0.989988 0.140146 -0.016817
34.03400040 -50.74700165 261.31799316 0.994893 0.100462 -0.009722
34.05199814 -51.04700089 261.61801147 0.995468 0.067246 -0.067246
34.05799866 -51.34700012 261.61801147 0.997328 0.052717 -0.050566
34.02500153 -51.04700089 261.31799316 0.998617 0.050812 -0.013481
34.06399918 -51.34700012 261.31799316 0.996990 0.077179 0.007401
33.96200180 -50.44699860 261.01800537 0.992678 0.116982 0.030081
34.01200104 -50.74700165 261.01800537 0.989041 0.135342 -0.058995
33.98300171 -50.44699860 260.71798706 0.993635 0.105706 -0.038944
33.99800110 -50.74700165 260.71798706 0.996032 0.035844 -0.081464
50.85499954 -51.94699860 257.11801147 -0.999941 -0.010858 -0.000987
50.88800049 -51.64699936 257.11801147 -0.997420 -0.043925 0.056781
50.88800049 -51.94699860 257.41799927 -0.990186 -0.079910 0.114653
50.86700058 -51.64699936 257.41799927 -0.998734 -0.050296 -0.001026
34.04399872 -51.04700089 261.01800537 0.995632 0.086150 -0.035987
34.06299973 -51.34700012 261.01800537 0.996463 0.029149 -0.078810
34.00400162 -51.04700089 260.71798706 0.995375 0.031686 -0.090687
34.01699829 -51.34700012 260.71798706 0.997537 0.030940 -0.062946
50.82899857 -51.34700012 257.11801147 -0.977028 -0.213106 -0.001165
50.75799942 -51.04700089 257.11801147 -0.985371 -0.146555 -0.086980
50.85800171 -51.34700012 257.41799927 -0.990487 -0.132442 0.037355
50.78699875 -51.04700089 257.41799927 -0.968653 -0.213692 0.126680
33.98899841 -51.04700089 260.41799927 0.994468 0.101969 -0.025218
34.02500153 -51.34700012 260.41799927 0.997462 0.070570 -0.009480
33.98899841 -51.04700089 260.11801147 0.996298 0.082935 -0.022619
34.01100159 -51.34700012 260.11801147 0.992355 0.117737 -0.037003
50.85100174 -51.34700012 257.71798706 -0.995835 -0.083803 0.035915
50.83700180 -51.04700089 257.71798706 -0.989618 -0.072919 0.123847
50.87900162 -51.34700012 258.01800537 -0.995390 -0.058423 0.076060
50.86199951 -51.04700089 258.01800537 -0.997856 -0.020063 0.062300
50.80699921 -50.74700165 257.71798706 -0.972395 -0.042489 0.229441
50.81100082 -50.44699860 257.71798706 -0.995656 -0.053908 0.075912
50.86700058 -50.74700165 258.01800537 -0.992161 -0.055434 0.112000
50.82899857 -50.44699860 258.01800537 -0.988231 -0.104581 0.111631
33.97499847 -51.04700089 259.81799316 0.994073 0.086295 -0.066122
34.00199890 -51.34700012 259.81799316 0.994767 0.072246 -0.072246
33.94900131 -51.04700089 259.51800537 0.990240 0.093812 -0.103078
33.96699905 -51.34700012 259.51800537 0.992563 0.039165 -0.115258
34.31800079 -45.94699860 271.39199829 0.794637 -0.506841 -0.334163
34.19699860 -45.94699860 270.91799927 0.988400 0.125455 -0.085591
50.87400055 -50.74700165 258.31799316 -0.999020 0.005113 -0.043969
34.18299866 -45.64699936 270.91799927 0.990665 0.086698 -0.105193
50.87799835 -50.44699860 258.31799316 -0.998261 -0.047536 0.034860
50.84099960 -50.74700165 258.61801147 -0.996929 -0.059534 -0.050875
50.84999847 -50.44699860 258.61801147 -0.999686 -0.025017 -0.001001
34.24499893 -45.94699860 271.21798706 0.973811 0.072636 -0.215445
34.20999908 -45.64699936 271.21798706 0.989296 0.039937 -0.140350
33.91299820 -51.04700089 259.21798706 0.997486 0.058801 -0.039557
33.93299866 -51.34700012 259.21798706 0.999936 -0.002967 -0.010880
33.92499924 -51.04700089 258.91799927 0.990606 0.122537 0.060696
33.96099854 -51.34700012 258.91799927 0.999573 0.029192 -0.001007
33.91099930 -51.64699936 259.21798706 0.996906 0.061698 -0.048709
33.97000122 -51.94699860 259.21798706 0.988549 0.145476 -0.040092
33.94300079 -51.64699936 258.91799927 0.997986 0.049846 0.039241
33.99000168 -51.94699860 258.91799927 0.995380 0.094231 0.018413
33.95000076 -51.04700089 258.61801147 0.962522 0.035924 0.268813
33.93199921 -51.34700012 258.61801147 0.988098 -0.026213 0.151577
34.08700180 -51.04700089 258.31799316 0.962817 -0.015864 0.269687
34.04999924 -51.34700012 258.31799316 0.972434 -0.133123 0.191444
50.84500122 -50.14699936 258.31799316 -0.998067 -0.049850 0.037123
50.84799957 -49.84700012 258.31799316 -0.998173 -0.057728 0.017843
50.82600021 -50.14699936 258.61801147 -0.995536 -0.075903 0.056102
50.80500031 -49.84700012 258.61801147 -0.997586 -0.068472 0.011588
33.93399811 -51.64699936 258.61801147 0.991175 0.081545 0.104516
33.98099899 -51.94699860 258.61801147 0.998885 0.046292 -0.009258
34.00600052 -51.64699936 258.31799316 0.962294 -0.104345 0.251201
33.98500061 -51.94699860 258.31799316 0.999658 -0.021269 0.015192
33.99700165 -52.24700165 256.81799316 0.992861 -0.091911 -0.076025
33.96500015 -52.54700089 256.81799316 0.987982 -0.151909 -0.028554
33.96799850 -52.24700165 256.51800537 0.982880 -0.024427 -0.182618
33.97200012 -52.54700089 256.51800537 0.991715 -0.097452 -0.083694
50.87900162 -50.14699936 258.91799927 -0.996817 -0.037799 0.070198
50.85499954 -49.84700012 258.91799927 -0.990430 -0.127096 0.053815
50.86800003 -50.14699936 259.21798706 -0.993178 -0.112079 0.032181
50.83800125 -49.84700012 259.21798706 -0.994509 -0.104515 0.005387
33.88600159 -52.24700165 256.21798706 0.973288 -0.039899 -0.226093
33.91400146 -52.54700089 256.21798706 0.981523 0.038884 -0.187350
33.83000183 -52.24700165 255.91799927 0.990429 -0.001104 -0.138020
33.85800171 -52.54700089 255.91799927 0.985958 0.059791 -0.155924
50.80199814 -49.54700089 258.91799927 -0.987787 -0.152231 0.033193
50.76300049 -49.24700165 258.91799927 -0.998346 -0.047340 0.032612
50.80500031 -49.54700089 259.21798706 -0.993153 -0.077961 0.087000
50.79100037 -49.24700165 259.21798706 -0.993700 -0.068492 0.088703
33.80199814 -52.24700165 255.61799622 0.994927 0.031811 -0.095434
33.81999969 -52.54700089 255.61799622 0.993122 0.087195 -0.078136
33.77199936 -52.24700165 255.31799316 0.992515 0.071625 -0.098910
33.81100082 -52.54700089 255.31799316 0.992355 0.117737 -0.037003
50.77399826 -48.94699860 258.91799927 -0.993930 -0.099059 0.047860
50.70399857 -48.64699936 258.91799927 -0.987873 -0.112124 0.107403
50.76399994 -48.94699860 259.21798706 -0.998341 -0.055405 -0.015681
50.75799942 -48.64699936 259.21798706 -0.993528 -0.103935 0.045821
50.85400009 -49.54700089 259.51800537 -0.993234 -0.068771 0.093574
50.81600189 -49.24700165 259.51800537 -0.988163 -0.148052 0.040169
50.86100006 -49.54700089 259.81799316 -0.996991 -0.071904 -0.028976
50.81499863 -49.24700165 259.81799316 -0.992406 -0.115762 -0.041584
33.81800079 -52.84700012 255.01800537 0.998541 0.051020 -0.017701
33.82699966 -53.14699936 255.01800537 0.989969 0.129625 0.056209
33.83200073 -52.84700012 254.71800232 0.989268 0.113293 0.092269
33.88700104 -53.14699936 254.71800232 0.889823 0.294614 0.348452
39.71799850 -40.54700089 255.86599731 0.517815 -0.779143 0.353276
33.74200058 -52.24700165 255.01800537 0.993386 0.093588 -0.066526
33.79700089 -52.54700089 255.01800537 0.991844 0.126877 0.012136
33.73199844 -52.24700165 254.71800232 0.976072 0.215713 0.027411
33.81800079 -52.54700089 254.71800232 0.975811 0.166602 0.141549
50.76399994 -48.94699860 259.51800537 -0.989372 -0.138398 0.044608
50.73199844 -48.64699936 259.51800537 -0.996014 -0.081641 0.035922
50.79100037 -48.94699860 259.81799316 -0.993813 -0.057141 0.095236
50.77999878 -48.64699936 259.81799316 -0.990741 -0.058414 0.122554
39.41799927 -40.36999893 256.81799316 0.065224 -0.925116 0.374040
39.41799927 -40.49100113 256.51800537 0.544462 -0.777575 0.314543
39.33800125 -40.54700089 256.51800537 -0.000978 -0.000978 0.999999
39.41799927 -40.13299942 257.41799927 0.567084 -0.751265 0.337665
39.11800003 -40.34000015 257.41799927 0.999999 0.000978 0.000978
39.44599915 -40.24700165 257.11801147 0.146538 -0.919700 0.364251
39.11800003 -40.50099945 257.11801147 0.454235 -0.811247 0.368169
50.71500015 -48.34700012 259.51800537 -0.995829 0.024923 0.087772
50.74700165 -48.04700089 259.51800537 -0.998645 -0.017703 0.048943
50.75500107 -48.34700012 259.81799316 -0.989745 -0.058763 0.130199
50.74399948 -48.04700089 259.81799316 -0.998152 -0.024191 0.055745
50.82199860 -48.94699860 260.11801147 -0.996423 0.024776 0.080791
50.80599976 -48.64699936 260.11801147 -0.998097 -0.047629 0.039162
50.84000015 -48.94699860 260.41799927 -0.994557 0.074787 0.072555
50.80400085 -48.64699936 260.41799927 -0.995003 -0.085223 0.052019
50.79399872 -48.34700012 260.11801147 -0.997641 -0.041702 0.054533
50.78099823 -48.04700089 260.11801147 -0.999276 -0.017423 0.033822
50.78799820 -48.34700012 260.41799927 -0.996493 -0.066288 0.051074
50.76399994 -48.04700089 260.41799927 -0.999395 0.033550 -0.009150
50.78400040 -47.74700165 260.11801147 -0.993369 0.027624 0.111602
50.79800034 -47.44699860 260.11801147 -0.989219 -0.138697 0.046997
50.80799866 -47.74700165 260.41799927 -0.996853 0.022485 0.076022
50.77799988 -47.44699860 260.41799927 -0.985941 -0.151955 -0.069499
50.82899857 -47.74700165 260.71798706 -0.993349 -0.034407 0.109879
50.75600052 -47.44699860 260.71798706 -0.984006 -0.173923 0.038520
50.87200165 -47.74700165 261.01800537 -0.993311 -0.113553 0.020947
50.80099869 -47.44699860 261.01800537 -0.978127 -0.157843 0.135471
50.72399902 -47.14699936 260.71798706 -0.992368 -0.076336 0.096844
50.70999908 -46.84700012 260.71798706 -0.990618 -0.107500 0.084382
50.77500153 -47.14699936 261.01800537 -0.985744 -0.154280 0.067130
50.70800018 -46.84700012 261.01800537 -0.995589 -0.088327 0.031623
50.76499939 -47.14699936 261.31799316 -0.973487 -0.178494 -0.143048
50.72900009 -46.84700012 261.31799316 -0.988297 -0.121040 0.092836
50.68799973 -47.14699936 261.61801147 -0.999591 -0.025370 -0.013193
50.76499939 -46.84700012 261.61801147 -0.989567 0.051720 0.134471
33.97800064 -45.94699860 266.71798706 0.990074 0.138543 -0.023654
33.93000031 -45.64699936 266.71798706 0.994173 0.075095 -0.077337
33.98600006 -45.94699860 267.01800537 0.996733 0.066016 -0.046536
33.95000076 -45.64699936 267.01800537 0.990630 0.067883 -0.118507
50.69100189 -46.54700089 261.31799316 -0.999720 -0.023109 -0.005024
50.71500015 -46.24700165 261.31799316 -0.996937 -0.011654 0.077339
50.71900177 -46.54700089 261.61801147 -0.985868 -0.050168 0.159839
50.73500061 -46.24700165 261.61801147 -0.994276 -0.094428 0.049992
50.78799820 -46.54700089 261.91799927 -0.984521 -0.104583 0.140646
50.74499893 -46.24700165 261.91799927 -0.985368 -0.170436 -0.001129
50.80500031 -46.54700089 262.21798706 -0.990954 -0.122016 -0.055877
50.73500061 -46.24700165 262.21798706 -0.984880 -0.146837 -0.091922
34.00600052 -45.94699860 267.31799316 0.996207 0.009610 -0.086487
34.00199890 -45.64699936 267.31799316 0.993350 0.057244 -0.099896
34.03799820 -45.94699860 267.61801147 0.998563 -0.052774 0.009313
34.00999832 -45.64699936 267.61801147 0.992457 0.121996 -0.012090
50.68500137 -45.94699860 261.91799927 -0.987125 -0.133268 0.088452
50.66400146 -45.64699936 261.91799927 -0.977171 -0.020087 0.211504
50.71599960 -45.94699860 262.21798706 -0.999559 -0.029250 0.005043
50.71799850 -45.64699936 262.21798706 -0.993320 -0.057372 0.100119
37.61800003 -43.91099930 251.41799927 0.999999 0.000978 0.000978
37.31800079 -44.14699936 251.51100159 0.613188 -0.734865 0.289783
37.36199951 -44.14699936 251.41799927 0.613188 -0.734865 0.289783
37.61800003 -44.06999969 251.11799622 0.369700 -0.820322 0.436341
37.61800003 -43.71300125 252.01800537 0.999999 0.000978 0.000978
37.31800079 -43.95299911 252.01800537 0.596877 -0.738455 0.313723
37.61800003 -43.86399841 251.71800232 0.999999 0.000978 0.000978
37.31800079 -44.06499863 251.71800232 0.590954 -0.753426 0.288309
37.91799927 -43.61500168 251.71800232 0.999999 0.000978 0.000978
38.21799850 -43.22299957 252.01800537 -0.000978 -0.000978 0.999999
37.91799927 -43.46900177 252.01800537 0.591294 -0.724864 0.353473
38.21799850 -43.01200104 252.61799622 0.537327 -0.741084 0.402584
37.91799927 -43.23600006 252.61799622 0.574268 -0.765161 0.291111
37.91799927 -43.01399994 253.21800232 0.442887 -0.843816 0.303028
37.91799927 -43.12200165 252.91799927 0.999999 0.000978 0.000978
39.11800003 -40.74300003 256.51800537 0.627142 -0.720170 0.296729
38.81800079 -41.74700165 254.46899414 0.999999 0.000978 0.000978
39.41799927 -41.40999985 254.41799927 0.449393 -0.870607 0.200225
39.11800003 -40.61299896 256.81799316 0.999999 0.000978 0.000978
39.11800003 -41.56499863 254.41799927 0.490944 -0.820331 0.293311
39.41799927 -41.47900009 254.11799622 0.575996 -0.784038 0.231330
39.11800003 -41.70600128 254.11799622 0.999999 -0.000978 -0.000978
50.68799973 -45.94699860 262.51800537 -0.998219 0.059208 0.007271
38.81800079 -41.54000092 255.01800537 0.406026 -0.873938 0.267162
38.51800156 -41.74599838 255.01800537 0.534251 -0.722810 0.438317
50.72499847 -45.64699936 262.51800537 -0.999505 0.011162 -0.029427
38.81800079 -41.61999893 254.71800232 0.433940 -0.838114 0.330546
50.72000122 -45.94699860 262.81799316 -0.981044 -0.118803 0.153097
50.70100021 -45.64699936 262.81799316 -0.995733 -0.077946 0.049402
39.41799927 -41.16199875 255.01800537 0.579131 -0.723504 0.375697
39.11800003 -41.39300156 255.01800537 0.420931 -0.861760 0.283172
39.11800003 -41.49200058 254.71800232 0.400511 -0.880525 0.253507
39.11800003 -41.17699814 255.31799316 0.549566 -0.686540 0.476068
39.52099991 -41.14699936 254.71800232 0.574827 -0.802957 0.157590
39.41799927 -40.84700012 255.65400696 0.566176 -0.782610 0.258779
39.41799927 -40.86000061 255.61799622 0.999999 0.000978 0.000978
39.41799927 -40.95800018 255.31799316 0.559122 -0.787783 0.258418
39.15100098 -41.14699936 255.31799316 -0.000978 -0.000978 0.999999
39.71799850 -40.64300156 255.61799622 0.999999 0.000978 0.000978
39.71799850 -40.77399826 255.31799316 0.999999 0.000978 0.000978
50.69499969 -45.34700012 262.51800537 -0.999478 -0.029486 -0.013218
50.70800018 -45.04700089 262.51800537 -0.998636 -0.032484 -0.040868
50.67300034 -45.34700012 262.81799316 -0.997891 -0.024287 0.060190
40.01800156 -40.13399887 256.21798706 0.551743 -0.741660 0.381472
50.68700027 -45.04700089 262.81799316 -0.999277 0.037689 0.005093
39.71799850 -40.37300110 256.21798706 0.619433 -0.722404 0.307303
40.01800156 -40.31399918 255.91799927 0.557877 -0.729026 0.396603
40.61800003 -39.46599960 256.81799316 0.616206 -0.710507 0.339808
40.40900040 -39.64699936 256.81799316 -0.000978 -0.000978 0.999999
40.31800079 -39.70800018 256.81799316 0.463549 -0.800384 0.380142
40.31800079 -39.83700180 256.51800537 0.495399 -0.816228 0.297239
40.91799927 -38.50099945 258.61801147 0.514067 -0.758861 0.399830
40.91799927 -38.65900040 258.31799316 0.998936 -0.046010 -0.003067
34.00000000 -45.94699860 267.91799927 0.999025 0.034164 0.027952
34.00899887 -45.64699936 267.91799927 0.999276 0.017423 -0.033822
34.02099991 -45.94699860 268.21798706 0.984515 0.094734 -0.147497
34.02999878 -45.64699936 268.21798706 0.993691 0.032126 -0.107456
50.73099899 -45.34700012 263.11801147 -0.990740 -0.070192 0.116219
50.71099854 -45.04700089 263.11801147 -0.998237 -0.049543 0.032677
50.74300003 -45.34700012 263.41799927 -0.987383 -0.154816 0.033257
50.70600128 -45.04700089 263.41799927 -0.995437 -0.094032 0.016212
50.70100021 -44.74700165 263.11801147 -0.993451 -0.113067 -0.016466
50.64300156 -44.44699860 263.11801147 -0.990830 -0.134557 0.012232
50.68600082 -44.74700165 263.41799927 -0.992309 -0.121122 -0.025558
50.63299942 -44.44699860 263.41799927 -0.992445 -0.021069 0.120868
33.99000168 -45.34700012 267.91799927 0.995603 0.069461 -0.062845
33.96699905 -45.04700089 267.91799927 0.995424 0.073858 -0.060629
34.00199890 -45.34700012 268.21798706 0.996232 0.064520 -0.057959
33.99100113 -45.04700089 268.21798706 0.992182 0.103661 -0.069487
50.68600082 -44.74700165 263.71798706 -0.996780 -0.009554 0.079615
50.71500015 -44.44699860 263.71798706 -0.998366 0.034790 0.045332
50.73400116 -44.74700165 264.01800537 -0.980556 -0.133768 0.143586
50.65999985 -44.44699860 264.01800537 -0.991461 -0.129610 0.014401
50.61999893 -44.14699936 263.11801147 -0.991998 -0.048638 0.116506
50.61299896 -43.84700012 263.11801147 -0.995857 -0.053682 0.073402
50.67300034 -44.14699936 263.41799927 -0.989410 0.001108 0.145143
50.63399887 -43.84700012 263.41799927 -0.984538 -0.155955 0.079763
50.30300140 -48.04700089 253.81799316 -0.981956 -0.165879 0.090810
50.70700073 -44.14699936 263.71798706 -0.995481 -0.090300 -0.029375
50.66099930 -43.84700012 263.71798706 -0.984673 -0.149555 0.089733
50.65599823 -44.14699936 264.01800537 -0.998783 0.048445 -0.009277
50.68899918 -43.84700012 264.01800537 -0.995499 0.033875 0.088513
34.09000015 -45.94699860 268.51800537 0.987267 0.071609 -0.142044
34.07400131 -45.64699936 268.51800537 0.988494 0.106959 -0.106959
34.10699844 -45.94699860 268.81799316 0.999889 0.014894 0.000993
34.09500122 -45.64699936 268.81799316 0.994072 0.104581 -0.029723
50.70199966 -44.14699936 264.31799316 -0.991423 -0.014433 0.129895
50.71400070 -43.84700012 264.31799316 -0.998248 0.003110 0.059086
50.73400116 -44.14699936 264.61801147 -0.988412 -0.151459 -0.010097
50.39300156 -48.34700012 253.81799316 -0.906238 -0.389611 0.164122
50.61600113 -43.54700089 263.71798706 -0.984656 -0.065013 0.161942
50.62200165 -43.24700165 263.71798706 -0.997948 -0.063610 -0.007300
50.67699814 -43.54700089 264.01800537 -0.984707 -0.096915 0.144775
50.63000107 -43.24700165 264.01800537 -0.987732 -0.152576 0.033269
34.02500153 -45.34700012 268.51800537 0.991666 0.108410 -0.069611
34.00899887 -45.04700089 268.51800537 0.996756 0.063992 -0.048807
50.34299850 -48.04700089 253.51800537 -0.996016 -0.031430 -0.083453
34.04399872 -45.34700012 268.81799316 0.981569 0.121015 -0.147908
34.02099991 -45.04700089 268.81799316 0.990923 0.060575 -0.120008
50.39300156 -48.34700012 253.51800537 -0.976184 -0.200653 0.082477
50.70399857 -43.54700089 264.31799316 -0.992314 -0.119435 0.032370
50.64199829 -43.24700165 264.31799316 -0.976638 -0.175870 0.123483
50.70600128 -43.24700165 264.61801147 -0.982096 -0.120480 0.144820
45.52899933 -43.24700165 253.21800232 -0.979604 -0.189640 0.066434
45.59400177 -43.54700089 253.21800232 -0.861357 -0.289159 0.417674
44.51800156 -42.56399918 252.01800537 -0.420292 -0.832714 0.360475
44.81800079 -42.73099899 252.01800537 -0.402509 -0.787236 0.467169
44.81800079 -42.90000153 251.71800232 -0.432204 -0.804960 0.406497
44.51800156 -42.73699951 251.71800232 -0.446216 -0.807667 0.385441
50.59600067 -42.94699860 264.31799316 -0.985266 -0.123308 0.118519
50.56700134 -42.64699936 264.31799316 -0.996744 0.011701 0.079782
34.11500168 -45.34700012 269.11801147 0.996606 0.018198 -0.080285
50.65599823 -42.94699860 264.61801147 -0.980485 -0.148484 0.128850
34.08100128 -45.04700089 269.11801147 0.978067 0.160318 -0.132977
50.61600113 -42.64699936 264.61801147 -0.995733 -0.049402 0.077946
34.09199905 -45.34700012 269.41799927 0.999641 0.009078 -0.025218
34.10300064 -45.04700089 269.41799927 0.999471 0.027508 -0.017320
34.08900070 -45.94699860 269.11801147 0.993784 0.045730 -0.101498
34.09199905 -45.64699936 269.11801147 0.998853 -0.042615 -0.021827
34.16799927 -45.94699860 269.41799927 0.985510 0.130207 -0.108705
34.10800171 -45.64699936 269.41799927 0.990095 0.125343 -0.063247
50.74800110 -43.54700089 264.91799927 -0.998584 0.028291 0.045057
50.72999954 -43.24700165 264.91799927 -0.991785 -0.122429 0.037066
50.74399948 -43.54700089 265.21798706 -0.998446 -0.021955 -0.051229
50.72800064 -43.24700165 265.21798706 -0.993777 -0.103495 -0.041176
50.67399979 -42.94699860 264.91799927 -0.980816 -0.190484 0.041410
50.61399841 -42.64699936 264.91799927 -0.999105 -0.040129 0.013376
50.68099976 -42.94699860 265.21798706 -0.984711 -0.170900 0.033715
50.62400055 -42.64699936 265.21798706 -0.981628 -0.123468 0.145472
50.65000153 -42.34700012 264.91799927 -0.999393 -0.009169 -0.033619
50.60800171 -42.04700089 264.91799927 -0.981784 -0.189911 0.005755
50.60599899 -42.34700012 265.21798706 -0.998107 -0.061278 0.005193
50.58800125 -42.04700089 265.21798706 -0.999876 0.008972 -0.012960
34.03200150 -51.64699936 260.41799927 0.997144 0.044102 0.061313
34.05099869 -51.94699860 260.41799927 0.998214 0.053645 0.026296
34.06000137 -51.64699936 260.11801147 0.994321 0.103917 -0.022971
34.07300186 -51.94699860 260.11801147 0.999964 0.006910 0.004936
34.06200027 -51.64699936 261.01800537 0.996669 0.005285 -0.081382
34.06600189 -51.94699860 261.01800537 0.995857 0.077784 -0.047109
34.02299881 -51.64699936 260.71798706 0.996601 0.066295 -0.048906
34.05699921 -51.94699860 260.71798706 0.993427 0.111609 -0.025416
33.97399902 -49.84700012 261.61801147 0.997913 -0.009424 -0.063875
33.95899963 -50.14699936 261.61801147 0.995000 -0.003220 -0.099822
33.95999908 -49.84700012 261.31799316 0.997239 -0.013748 -0.072969
33.94900131 -50.14699936 261.31799316 0.999527 0.009114 -0.029368
34.13000107 -45.34700012 269.71798706 0.995287 0.065174 -0.071802
34.09099960 -45.04700089 269.71798706 0.993695 0.111859 0.007602
34.13499832 -45.34700012 270.01800537 0.995848 0.090726 0.007472
34.09799957 -45.04700089 270.01800537 0.994356 0.100429 -0.034212
50.64699936 -41.74700165 265.51800537 -0.996314 0.022570 0.082757
50.61399841 -41.44699860 265.51800537 -0.988281 -0.090270 0.123095
50.65999985 -41.74700165 265.81799316 -0.997196 -0.073121 -0.015896
50.62900162 -41.44699860 265.81799316 -0.996115 -0.049097 0.073099
34.02000046 -49.84700012 262.21798706 0.993340 0.113305 -0.020901
34.05599976 -50.14699936 262.21798706 0.996961 0.055087 -0.055087
33.99800110 -49.84700012 261.91799927 0.994895 0.065585 -0.076701
34.00899887 -50.14699936 261.91799927 0.987018 0.003369 -0.160573
34.15399933 -45.94699860 269.71798706 0.995830 0.090919 -0.007487
34.13000107 -45.64699936 269.71798706 0.996550 0.040122 -0.072654
34.17300034 -45.94699860 270.01800537 0.998017 0.056092 -0.028575
34.15200043 -45.64699936 270.01800537 0.997611 0.062816 -0.028747
33.97000122 -49.24700165 262.81799316 0.995003 0.085223 -0.052019
34.00999832 -49.54700089 262.81799316 0.993022 0.100317 -0.061993
33.97299957 -49.24700165 262.51800537 0.992774 0.116732 -0.027793
33.99800110 -49.54700089 262.51800537 0.997440 0.060937 -0.037417
34.01399994 -49.24700165 263.41799927 0.991467 0.108638 -0.072044
34.04600143 -49.54700089 263.41799927 0.991883 0.101585 -0.076474
34.00500107 -49.24700165 263.11801147 0.993983 0.081805 -0.072840
34.03499985 -49.54700089 263.11801147 0.990923 0.120008 -0.060575
50.63800049 -41.74700165 266.11801147 -0.999815 -0.017014 0.009007
50.65800095 -41.44699860 266.11801147 -0.998061 -0.061531 0.009386
50.66500092 -41.74700165 266.41799927 -0.990851 -0.107275 0.081898
50.63399887 -41.44699860 266.41799927 -0.993598 -0.112339 0.011997
34.00500107 -48.64699936 263.41799927 0.998563 0.009313 -0.052774
33.97999954 -48.94699860 263.41799927 0.999235 0.015404 -0.035944
33.99900055 -48.64699936 263.11801147 0.992560 0.057589 -0.107273
33.98600006 -48.94699860 263.11801147 0.999244 0.009186 -0.037765
34.02899933 -48.64699936 264.01800537 0.992687 0.107287 -0.055337
34.05199814 -48.94699860 264.01800537 0.992991 0.062133 -0.100542
34.02999878 -48.64699936 263.71798706 0.996882 0.068043 -0.039962
34.00799942 -48.94699860 263.71798706 0.992383 0.030140 -0.119443
34.01699829 -48.04700089 264.61801147 0.997539 0.043930 -0.054645
34.02199936 -48.34700012 264.61801147 0.994296 0.104143 -0.023021
34.00400162 -48.04700089 264.31799316 0.989704 0.098854 -0.103506
34.02799988 -48.34700012 264.31799316 0.993570 0.097673 -0.057257
33.95500183 -48.04700089 264.01800537 0.992773 0.020982 -0.118161
33.98699951 -48.34700012 264.01800537 0.987451 0.121805 -0.100519
33.93299866 -48.04700089 263.71798706 0.999900 0.010966 -0.008972
33.96699905 -48.34700012 263.71798706 0.987101 0.158621 -0.021682
33.97200012 -47.44699860 264.61801147 0.993413 0.113062 -0.018661
33.99499893 -47.74700165 264.61801147 0.993791 0.075236 -0.081974
33.96200180 -47.44699860 264.31799316 0.997324 0.067199 -0.028800
33.96799850 -47.74700165 264.31799316 0.996996 0.069908 -0.033341
34.00000000 -47.44699860 265.21798706 0.990971 0.111384 -0.074639
34.04499817 -47.74700165 265.21798706 0.994837 0.089635 -0.047584
33.97299957 -47.44699860 264.91799927 0.994511 0.094240 -0.045457
34.01699829 -47.74700165 264.91799927 0.991134 0.104754 -0.081731
33.97900009 -46.84700012 265.21798706 0.994276 0.045548 -0.096650
33.97800064 -47.14699936 265.21798706 0.997385 0.035277 -0.063072
33.93700027 -46.84700012 264.91799927 0.992957 0.055227 -0.104818
33.95999908 -47.14699936 264.91799927 0.994590 0.058898 -0.085568
50.60100174 -41.14699936 266.11801147 -0.993752 -0.097251 -0.054774
50.59999847 -40.84700012 266.11801147 -0.992091 -0.036993 -0.119948
50.59799957 -41.14699936 266.41799927 -0.987250 -0.139694 0.076304
50.54999924 -40.84700012 266.41799927 -0.995584 -0.071664 -0.060639
34.01900101 -46.84700012 265.81799316 0.997458 0.033142 -0.063076
34.01499939 -47.14699936 265.81799316 0.998346 0.047340 -0.032612
33.99499893 -46.84700012 265.51800537 0.997168 0.033203 -0.067478
33.99800110 -47.14699936 265.51800537 0.997429 0.037497 -0.061067
50.64699936 -41.14699936 266.71798706 -0.984642 -0.167823 0.048117
50.56299973 -40.84700012 266.71798706 -0.989921 -0.116938 0.079888
50.62699890 -41.14699936 267.01800537 -0.994546 -0.104293 0.001075
50.59799957 -40.84700012 267.01800537 -0.997248 -0.041865 0.061187
33.88600159 -44.44699860 267.01800537 0.996990 0.077179 0.007401
50.57699966 -40.54700089 266.71798706 -0.996463 -0.029149 0.078810
33.89899826 -44.74700165 267.01800537 0.998329 0.021999 -0.053426
33.87500000 -44.44699860 266.71798706 0.995218 0.060887 -0.076385
50.54499817 -40.24700165 266.71798706 -0.996206 -0.079305 -0.035850
33.88000107 -44.74700165 266.71798706 0.989542 0.019138 -0.142971
50.60200119 -40.54700089 267.01800537 -0.996006 -0.079637 0.040364
50.54999924 -40.24700165 267.01800537 -0.999189 -0.037996 0.013350
33.93500137 -44.44699860 267.61801147 0.989365 0.099287 -0.106295
33.96500015 -44.74700165 267.61801147 0.997995 0.032878 -0.054089
33.86999893 -44.44699860 267.31799316 0.990851 0.107275 -0.081898
33.91199875 -44.74700165 267.31799316 0.987935 0.109509 -0.109509
33.94300079 -44.44699860 268.21798706 0.998636 0.032484 -0.040868
33.93899918 -44.74700165 268.21798706 0.994527 0.079250 -0.068088
33.93399811 -44.44699860 267.91799927 0.997239 0.072969 -0.013748
33.94499969 -44.74700165 267.91799927 0.997549 0.054528 0.043837
50.60100174 -40.54700089 267.31799316 -0.996295 -0.077140 0.038027
50.55300140 -40.24700165 267.31799316 -0.993871 -0.052544 0.097263
50.62500000 -40.54700089 267.61801147 -0.988400 -0.085591 0.125455
50.60800171 -40.24700165 267.61801147 -0.987540 -0.012415 0.156878
33.92200089 -43.84700012 268.21798706 0.999264 0.037689 0.007130
33.91899872 -44.14699936 268.21798706 0.999021 0.034234 -0.028010
33.91199875 -43.84700012 267.91799927 0.995815 0.031493 -0.085790
33.90100098 -44.14699936 267.91799927 0.999060 0.036235 -0.023812
33.87900162 -43.24700165 268.21798706 0.993813 0.095236 -0.057141
33.89699936 -43.54700089 268.21798706 0.997204 0.071305 0.022349
33.85100174 -43.24700165 267.91799927 0.992007 0.108198 -0.064919
33.88199997 -43.54700089 267.91799927 0.991670 0.101798 -0.078922
34.12599945 -45.34700012 270.31799316 0.998254 0.057491 0.013589
34.11199951 -45.04700089 270.31799316 0.994813 0.087420 -0.052009
37.45000076 -43.54700089 252.91799927 0.598995 -0.789247 0.135257
50.56900024 -39.94699860 267.31799316 -0.990866 0.117988 0.065294
34.12699890 -45.34700012 270.61801147 0.999162 0.027898 -0.029965
50.61800003 -39.94699860 267.61801147 -0.990661 0.084189 0.107254
34.12900162 -45.04700089 270.61801147 0.994482 0.050002 -0.092226
50.65900040 -39.64699936 267.61801147 -0.970701 0.133583 -0.199738
33.92499924 -43.24700165 268.81799316 0.997248 0.061187 -0.041865
33.89799881 -43.54700089 268.81799316 0.988483 0.007836 -0.151127
33.88499832 -43.24700165 268.51800537 0.996789 0.024678 -0.076181
33.86899948 -43.54700089 268.51800537 0.999295 0.037537 -0.001015
33.86299896 -42.64699936 268.81799316 0.997548 0.062812 -0.030874
33.86199951 -42.94699860 268.81799316 0.993219 0.102359 -0.055116
33.86600113 -42.64699936 268.51800537 0.993763 0.075404 -0.082157
33.85400009 -42.94699860 268.51800537 0.998730 0.032352 -0.038613
33.90900040 -42.64699936 269.41799927 0.992235 0.085636 -0.090203
33.91699982 -42.94699860 269.41799927 0.993736 0.005418 -0.111619
33.88499832 -42.64699936 269.11801147 0.992111 0.099325 -0.076492
33.88700104 -42.94699860 269.11801147 0.994974 0.040769 -0.091454
33.83800125 -42.04700089 269.41799927 0.962511 0.134152 -0.235744
33.86600113 -42.34700012 269.41799927 0.956816 0.113565 -0.267595
33.80699921 -42.04700089 269.11801147 0.996372 0.055657 -0.064388
33.82699966 -42.34700012 269.11801147 0.989364 0.128444 -0.068272
33.95199966 -42.04700089 269.71798706 0.926901 0.127706 -0.352909
33.99300003 -42.34700012 269.71798706 0.950986 -0.018745 -0.308664
34.31800079 -42.34700012 269.98400879 0.549932 -0.398906 -0.733790
50.63299942 -39.94699860 267.91799927 -0.995977 -0.085431 0.027035
50.59700012 -39.64699936 267.91799927 -0.972627 -0.117321 -0.200581
34.14400101 -45.34700012 270.91799927 0.987462 0.023918 -0.156035
34.16799927 -45.04700089 270.91799927 0.986477 -0.091187 -0.136188
34.22100067 -45.34700012 271.21798706 0.968001 -0.035489 -0.248425
50.80500031 -52.54700089 260.71798706 -0.836272 0.492557 -0.240908
50.81800079 -52.52500153 260.71798706 -0.836272 0.492557 -0.240908
50.91600037 -52.24700165 260.71798706 -0.972891 0.206598 -0.103925
50.81800079 -52.32099915 261.01800537 -0.574460 0.817662 0.037738
50.51800156 -52.72499847 260.71798706 -0.461758 0.838005 -0.290736
50.51800156 -52.60800171 261.01800537 -0.999999 -0.000978 -0.000978
50.24300003 -52.54700089 261.61801147 -0.615649 0.707098 -0.347834
49.91799927 -52.95000076 261.31799316 -0.999999 -0.000978 -0.000978
50.21799850 -52.73799896 261.31799316 -0.589747 0.752766 -0.292476
49.91799927 -52.83300018 261.61801147 -0.999999 -0.000978 -0.000978
49.31800079 -52.85900116 262.51800537 -0.999999 0.000978 0.000978
49.61800003 -52.62500000 262.51800537 -0.999999 0.000978 0.000978
49.31800079 -52.78300095 262.81799316 -0.999999 0.000978 0.000978
49.01800156 -53.14099884 262.51800537 -0.999999 -0.000978 -0.000978
49.01800156 -52.98699951 262.81799316 -0.999999 -0.000978 -0.000978
48.71799850 -53.08700180 263.11801147 -0.999999 0.000978 0.000978
49.01800156 -52.90399933 263.11801147 -0.999999 -0.000978 -0.000978
48.71799850 -52.95999908 263.41799927 -0.519403 0.787895 -0.330820
49.01800156 -52.73500061 263.41799927 -0.999999 0.000978 0.000978
48.43600082 -53.14699936 263.41799927 -0.517815 0.779143 -0.353276
48.11800003 -53.24300003 263.71798706 -0.589778 0.698813 -0.404750
35.51800156 -45.18299866 252.31799316 0.624567 -0.766036 0.152003
35.81800079 -44.93799973 252.31799316 0.598491 -0.733998 0.321023
35.81800079 -44.83399963 252.61799622 0.490161 -0.807417 0.328360
50.35300064 -48.04700089 253.21800232 -0.998560 0.034650 -0.040950
50.34199905 -48.34700012 253.21800232 -0.994447 -0.104963 0.007575
50.36800003 -48.04700089 252.91799927 -0.997835 -0.065688 -0.003128
50.38800049 -48.34700012 252.91799927 -0.997225 -0.065480 0.035423
43.91799927 -54.44599915 268.51800537 -0.999999 0.000978 0.000978
43.91799927 -54.37400055 268.81799316 -0.999999 0.000978 0.000978
42.11800003 -59.14699936 256.81399536 0.315307 0.671037 0.671037
42.41799927 -59.14699936 256.79000854 0.030290 0.401671 0.915283
42.11800003 -58.84700012 256.66598511 0.027592 0.400735 0.915778
42.41799927 -58.84700012 256.66799927 -0.011552 0.378658 0.925465
43.31800079 -58.24700165 256.39099121 0.019802 0.426413 0.904312
43.61800003 -58.24700165 256.38598633 0.009245 0.452996 0.891465
43.31800079 -58.54700089 256.52301025 0.003948 0.448789 0.893629
43.61800003 -58.54700089 256.54098511 0.006625 0.467756 0.883833
34.91799927 -55.38399887 258.31799316 0.388399 0.878053 -0.279587
35.21799850 -55.47999954 258.31799316 0.354140 0.869253 -0.344942
35.21799850 -55.33200073 258.61801147 0.347126 0.834045 -0.428803
34.91799927 -55.19800186 258.61801147 0.420768 0.778177 -0.466256
33.44200134 -48.34700012 254.11799622 0.997440 0.070569 0.011586
33.42800140 -48.04700089 254.11799622 0.992713 0.080552 -0.089628
33.44699860 -48.34700012 254.41799927 0.999444 0.021439 -0.025522
33.44499969 -48.04700089 254.41799927 0.998734 0.034511 -0.036603
39.71799850 -37.57099915 262.81799316 0.440836 -0.874250 0.203348
39.71799850 -37.77000046 262.51800537 0.555964 -0.705327 0.439792
33.57300186 -47.74700165 257.11801147 0.998267 -0.001032 -0.058843
33.57099915 -47.44699860 257.11801147 0.998373 0.034717 -0.045237
33.58000183 -47.74700165 257.41799927 0.998259 0.019902 -0.055517
40.01800156 -37.29199982 263.11801147 0.533170 -0.779741 0.328228
39.71799850 -37.50099945 263.11801147 0.593962 -0.789443 0.154881
33.56700134 -47.44699860 257.41799927 0.999847 0.015013 -0.009008
40.10699844 -35.74700165 266.71798706 -0.000978 -0.000978 0.999999
39.71799850 -36.09400177 266.71798706 0.604712 -0.773113 0.191365
39.77799988 -36.04700089 266.71798706 0.672104 -0.720873 0.169169
40.01800156 -35.81700134 266.71798706 0.660567 -0.716786 0.223312
40.31800079 -35.56200027 266.71798706 0.627078 -0.714127 0.311121
33.67100143 -45.34700012 261.91799927 0.993234 0.068771 -0.093574
33.64300156 -45.04700089 261.91799927 0.995410 0.080471 -0.051810
33.71599960 -45.34700012 262.21798706 0.989613 0.094415 -0.108403
33.66600037 -45.04700089 262.21798706 0.983168 0.141838 -0.115168
33.69100189 -44.74700165 263.11801147 0.998380 0.028345 -0.049342
33.69900131 -44.44699860 263.11801147 0.998818 0.034370 -0.034370
33.70299911 -44.74700165 263.41799927 0.989946 0.121289 -0.072773
33.68099976 -44.44699860 263.41799927 0.999575 0.029133 -0.001005
42.41799927 -59.37900162 257.41799927 0.193641 0.980087 -0.043955
42.11800003 -59.35499954 257.41799927 0.263022 0.961873 -0.074968
42.41799927 -59.38700104 257.11801147 0.238344 0.971163 0.005929
42.11800003 -59.29800034 257.11801147 0.280581 0.906378 0.315837
33.73500061 -44.74700165 263.71798706 0.989792 0.129903 -0.058629
33.73899841 -44.74700165 264.01800537 0.997901 0.045795 -0.045795
33.74900055 -44.44699860 264.01800537 0.991962 0.057950 -0.112490
33.70000076 -44.44699860 263.71798706 0.988472 0.102256 -0.111659
33.76499939 -44.14699936 264.91799927 0.996634 0.051082 -0.064124
33.73899841 -43.84700012 264.91799927 0.997132 0.075076 -0.009517
33.77799988 -44.14699936 265.21798706 0.991235 0.129096 -0.028064
33.72900009 -43.84700012 265.21798706 0.996048 0.069033 -0.055884
33.76800156 -43.54700089 266.11801147 0.995992 0.077454 -0.044727
33.74100113 -43.24700165 266.11801147 0.995407 0.084505 -0.044996
33.78799820 -43.54700089 266.41799927 0.996461 0.072647 -0.042287
33.76499939 -43.24700165 266.41799927 0.994428 0.090200 -0.054565
50.32400131 -46.54700089 255.31799316 -0.951394 0.187580 0.244259
50.36000061 -46.24700165 255.31799316 -0.978431 0.124932 0.164515
49.90700150 -40.84700012 262.51800537 -0.737010 -0.675708 0.015325
50.45700073 -46.54700089 255.61799622 0.000978 0.999999 0.000978
49.31800079 -40.15000153 262.81799316 -0.405858 -0.850591 0.334327
49.61800003 -40.35200119 262.81799316 -0.999999 0.000978 0.000978
49.61800003 -40.49399948 262.51800537 -0.999999 -0.000978 -0.000978
49.31800079 -40.31100082 262.51800537 -0.366885 -0.817948 0.443121
49.01800156 -40.03799820 262.81799316 -0.298929 -0.887773 0.350002
48.71799850 -39.94800186 262.81799316 -0.269769 -0.900703 0.340528
49.01800156 -40.17800140 262.51800537 -0.361587 -0.863192 0.352355
48.71799850 -40.06100082 262.51800537 -0.402188 -0.852514 0.333863
49.31800079 -40.47499847 262.21798706 -0.381183 -0.827214 0.412816
48.71799850 -40.18199921 262.21798706 -0.359096 -0.853437 0.377751
49.01800156 -40.28300095 262.21798706 -0.303631 -0.899044 0.315480
49.01800156 -40.46500015 261.91799927 -0.387855 -0.815613 0.429354
48.71799850 -40.32600021 261.91799927 -0.392854 -0.831463 0.392854
48.11800003 -39.88899994 262.21798706 -0.406652 -0.818088 0.406652
47.51800156 -39.81600189 261.61801147 -0.401610 -0.836293 0.373261
38.81800079 -43.54700089 250.47999573 0.688790 -0.461973 0.558704
47.21799850 -39.92499924 261.01800537 -0.439456 -0.836686 0.326855
46.91799927 -39.76699829 261.01800537 -0.377220 -0.863757 0.334109
46.91799927 -39.94400024 260.71798706 0.000978 0.000978 0.999999
40.61800003 -40.65100098 253.81799316 0.616579 -0.669761 0.413823
40.40499878 -40.84700012 253.81799316 -0.000978 -0.000978 0.999999
40.31800079 -40.93199921 253.81799316 0.651463 -0.696503 0.300799
40.60599899 -40.84700012 253.51800537 0.577394 -0.715574 0.393154
40.31800079 -41.06000137 253.51800537 0.999999 0.000978 0.000978
40.91799927 -39.94499969 255.01800537 0.999999 0.000978 0.000978
40.91799927 -39.94699860 255.01300049 0.999999 0.000978 0.000978
46.31800079 -39.54399872 261.01800537 -0.347639 -0.868331 0.353764
46.61800003 -39.66400146 261.01800537 -0.322775 -0.870422 0.371727
46.61800003 -39.77500153 260.71798706 -0.390636 -0.839318 0.378085
46.31800079 -39.66600037 260.71798706 -0.284011 -0.870259 0.402476
46.01800156 -39.36999893 261.01800537 -0.390822 -0.848598 0.356567
46.01800156 -39.47000122 260.71798706 -0.394106 -0.871902 0.290634
46.61800003 -39.93399811 260.41799927 -0.291929 -0.863560 0.411146
46.31800079 -39.82199860 260.41799927 -0.385953 -0.854056 0.348753
46.31800079 -39.90999985 260.11801147 -0.415494 -0.860119 0.295905
46.01800156 -39.64300156 260.41799927 -0.470904 -0.788076 0.396466
45.71799850 -39.46400070 260.41799927 -0.405573 -0.822278 0.399211
45.71799850 -39.62599945 260.11801147 -0.419341 -0.817955 0.393830
46.01800156 -39.77099991 260.11801147 -0.399224 -0.843851 0.358519
45.41799927 -39.46300125 260.11801147 -0.489229 -0.816430 0.306751
45.41799927 -39.55099869 259.81799316 -0.448034 -0.838307 0.310657
45.11800003 -39.40700150 259.81799316 -0.380035 -0.846086 0.373779
45.11800003 -39.59400177 259.51800537 -0.367741 -0.891809 0.263523
45.41799927 -39.68600082 259.51800537 -0.322281 -0.872144 0.368103
44.81800079 -39.28099823 259.81799316 -0.400771 -0.815912 0.416738
44.51800156 -39.11299896 259.81799316 -0.504806 -0.797816 0.329637
44.51800156 -39.20600128 259.51800537 -0.325523 -0.879670 0.346720
44.81800079 -39.43899918 259.51800537 -0.484294 -0.808214 0.335036
44.81800079 -39.52799988 259.21798706 -0.380203 -0.882130 0.278014
44.51800156 -39.34899902 259.21798706 -0.410826 -0.823238 0.391792
44.81800079 -39.62799835 258.91799927 -0.296820 -0.884434 0.360102
44.51800156 -39.54199982 258.91799927 -0.264471 -0.924932 0.273048
50.41600037 -48.64699936 253.21800232 -0.955906 -0.278860 0.092089
50.40700150 -48.64699936 252.91799927 -0.993094 -0.102346 0.057359
50.45000076 -48.94699860 252.91799927 -0.000978 -0.000978 0.999999
33.41799927 -48.04700089 253.24000549 0.972049 0.177084 0.154152
33.41799927 -48.02799988 253.21800232 0.970332 0.183299 0.157663
33.44599915 -48.34700012 253.21800232 0.993614 0.020860 0.110889
34.91799927 -55.45399857 258.01800537 0.265696 0.905714 -0.330285
35.21799850 -55.84099960 257.41799927 0.640264 0.719702 -0.268498
34.91799927 -55.82300186 257.11801147 0.169316 0.937434 -0.304219
35.21799850 -55.87699890 257.11801147 0.175122 0.977451 -0.117990
35.21799850 -55.56700134 258.01800537 0.342759 0.901764 -0.263321
35.21799850 -55.65599823 257.71798706 0.300363 0.882978 -0.360738
34.91799927 -55.60200119 257.71798706 0.160845 0.885374 -0.436166
35.51800156 -56.05099869 257.41799927 0.312794 0.946235 -0.082452
35.51800156 -56.07699966 257.11801147 0.999999 -0.000978 -0.000978
35.81800079 -56.15000153 257.41799927 0.297165 0.900365 -0.317863
35.81800079 -56.32799911 257.11801147 0.394864 0.917827 0.040939
36.11800003 -56.34299850 257.41799927 0.362681 0.870740 -0.332075
36.41799927 -56.46799850 257.41799927 0.395532 0.901813 -0.174034
36.41799927 -56.52999878 257.11801147 0.230552 0.953219 -0.195498
36.11800003 -56.45700073 257.11801147 0.319280 0.920615 -0.224785
36.41799927 -56.71099854 256.81799316 0.999999 0.000978 0.000978
36.11800003 -56.70800018 256.51800537 0.224962 0.918475 -0.325263
36.41799927 -56.78200150 256.51800537 0.234161 0.946228 -0.223206
50.45700073 -51.04700089 253.51800537 -0.923897 0.128434 0.360444
50.40399933 -50.44699860 253.21800232 -0.939967 0.171527 0.295026
50.21799850 -50.63700104 252.91799927 0.080288 0.502857 0.860633
49.91799927 -50.74700165 253.00999451 0.048997 0.388005 0.920354
50.21799850 -51.34700012 253.28100586 -0.097454 0.396678 0.912770
49.91799927 -51.34700012 253.24899292 -0.057578 0.400365 0.914545
50.21799850 -51.04700089 253.15100098 -0.160747 0.391199 0.906159
49.91799927 -51.04700089 253.09800720 -0.068009 0.369381 0.926786
49.61800003 -51.34700012 253.24400330 -0.024675 0.383115 0.923371
49.31800079 -51.34700012 253.23300171 0.011695 0.406713 0.913481
49.61800003 -51.04700089 253.10699463 0.019390 0.381328 0.924236
49.31800079 -51.04700089 253.11000061 0.019436 0.382241 0.923858
49.01800156 -51.34700012 253.25100708 0.046307 0.390301 0.919522
48.71799850 -51.34700012 253.26300049 0.069869 0.341437 0.937304
49.01800156 -51.04700089 253.11999512 0.065881 0.396630 0.915611
48.71799850 -51.04700089 253.15299988 0.070452 0.362892 0.929164
49.01800156 -51.64699936 253.37399292 -0.009038 0.396395 0.918036
48.71799850 -51.64699936 253.37199402 0.027023 0.359020 0.932938
49.01800156 -51.94699860 253.50999451 0.009026 0.393281 0.919374
48.71799850 -51.94699860 253.49299622 0.003890 0.411062 0.911599
48.41799927 -51.64699936 253.39100647 0.086593 0.339711 0.936535
48.41799927 -51.94699860 253.51300049 0.062510 0.376390 0.924350
43.01800156 -35.30300140 266.41799927 -0.284648 -0.850867 0.441589
42.71799850 -35.44300079 266.11801147 -0.379857 -0.862751 0.333720
43.01800156 -35.55699921 266.11801147 -0.000978 -0.000978 0.999999
34.19400024 -46.24700165 271.51800537 0.997905 -0.047823 -0.043572
34.28300095 -46.54700089 271.51800537 0.983189 0.182412 0.008031
34.08100128 -49.54700089 263.71798706 0.994304 0.056786 -0.090189
34.04800034 -49.24700165 263.71798706 0.988874 0.120253 -0.087563
34.09999847 -49.54700089 264.01800537 0.997236 0.041955 -0.061319
34.06700134 -49.24700165 264.01800537 0.994699 0.079086 -0.065719
34.18299866 -46.84700012 269.41799927 0.991491 0.083675 -0.099722
34.22200012 -47.14699936 269.41799927 0.993570 0.097673 -0.057257
34.15900040 -46.84700012 269.11801147 0.996445 0.072805 -0.042379
34.19699860 -47.14699936 269.11801147 0.985842 0.137088 -0.096558
34.17300034 -47.44699860 268.21798706 0.992235 0.085636 -0.090203
34.20600128 -47.74700165 268.21798706 0.990210 0.100994 -0.096351
34.15200043 -47.44699860 267.91799927 0.996826 0.055199 -0.057364
34.17399979 -47.74700165 267.91799927 0.996391 0.074811 -0.040116
46.31800079 -41.21300125 257.11801147 -0.394846 -0.881271 0.259727
46.61800003 -41.38499832 257.11801147 -0.437577 -0.816280 0.377112
46.61800003 -41.25000000 257.41799927 -0.435519 -0.841380 0.320005
47.51800156 -41.58700180 257.71798706 -0.331562 -0.858976 0.390163
47.81800079 -41.70899963 257.71798706 -0.404299 -0.844502 0.351225
47.81800079 -41.61700058 258.01800537 -0.392527 -0.860482 0.324797
47.51800156 -41.43899918 258.01800537 -0.407791 -0.845268 0.345294
34.12599945 -48.04700089 267.01800537 0.997816 0.015772 -0.064138
34.12900162 -48.34700012 267.01800537 0.997360 0.070862 -0.015865
34.11199951 -48.04700089 266.71798706 0.997486 0.058801 -0.039557
34.13000107 -48.34700012 266.71798706 0.995899 0.085610 -0.029259
34.14500046 -48.64699936 266.41799927 0.993718 0.107220 -0.032055
34.17599869 -48.94699860 266.41799927 0.995448 0.095161 -0.005346
34.14400101 -48.64699936 266.11801147 0.994991 0.099821 0.005367
34.16899872 -48.94699860 266.11801147 0.997807 0.064273 -0.015805
46.91799927 -57.17800140 256.51800537 -0.623386 0.780991 0.037994
47.21799850 -56.95999908 256.51800537 -0.999999 -0.000978 -0.000978
46.91799927 -57.13800049 256.81799316 -0.999999 0.000978 0.000978
47.21799850 -56.87500000 256.81799316 -0.999999 0.000978 0.000978
34.14799881 -48.64699936 265.81799316 0.989531 0.136448 -0.047011
34.16600037 -48.94699860 265.81799316 0.997490 0.070423 -0.007358
34.11600113 -48.64699936 265.51800537 0.984109 0.166979 -0.060397
34.16400146 -48.94699860 265.51800537 0.990496 0.102864 -0.091306
47.51800156 -56.75099945 256.21798706 -0.508116 0.861237 0.009435
46.65399933 -57.34700012 256.51800537 -0.474401 0.878674 0.053628
34.09600067 -49.24700165 264.61801147 0.994314 0.083696 -0.065841
34.14500046 -49.54700089 264.61801147 0.992280 0.119700 -0.032442
46.61800003 -57.34299850 256.81799316 -0.513298 0.830111 -0.217809
34.08800125 -49.24700165 264.31799316 0.995488 0.082317 -0.047195
34.11800003 -49.54700089 264.31799316 0.995656 0.053908 -0.075912
46.91799927 -56.97600174 257.11801147 -0.999999 0.000978 0.000978
46.91799927 -56.82699966 257.41799927 -0.999999 -0.000978 -0.000978
46.61800003 -57.21400070 257.11801147 -0.999999 -0.000978 -0.000978
46.31800079 -57.33900070 257.41799927 -0.999999 -0.000978 -0.000978
46.61800003 -57.04499817 257.41799927 -0.596913 0.717931 -0.358148
46.31800079 -57.20700073 257.71798706 -0.741084 0.614132 -0.271361
46.45100021 -57.04700089 257.71798706 -0.000978 -0.000978 -0.999999
46.61800003 -56.91600037 257.71798706 -0.584467 0.745477 -0.320410
46.31800079 -57.02700043 258.01800537 -0.516192 0.808021 -0.283984
46.61800003 -56.78699875 258.01800537 -0.999999 0.000978 0.000978
46.01800156 -57.34000015 258.01800537 -0.999999 -0.000978 -0.000978
45.71799850 -57.67800140 257.71798706 -0.999999 0.000978 0.000978
46.01800156 -57.44300079 257.71798706 -0.999999 -0.000978 -0.000978
45.71799850 -57.52299881 258.01800537 -0.999999 0.000978 0.000978
46.01800156 -57.17699814 258.31799316 -0.999999 -0.000978 -0.000978
45.71799850 -57.29199982 258.61801147 -0.587398 0.709155 -0.389953
46.01800156 -57.01900101 258.61801147 -0.999999 0.000978 0.000978
45.71799850 -57.44599915 258.31799316 -0.999999 0.000978 0.000978
45.11800003 -57.84899902 258.31799316 -0.999999 0.000978 0.000978
45.41799927 -57.67100143 258.31799316 -0.999999 0.000978 0.000978
45.11800003 -57.70700073 258.61801147 -0.999999 0.000978 0.000978
45.41799927 -57.51599884 258.61801147 -0.999999 0.000978 0.000978
37.01800156 -40.98600006 259.81799316 0.999999 -0.000978 -0.000978
37.01800156 -41.06100082 259.51800537 0.999999 -0.000978 -0.000978
37.61800003 -40.00699997 261.01800537 0.999999 0.000978 0.000978
37.31800079 -40.18999863 261.01800537 0.999999 -0.000978 -0.000978
37.61800003 -40.11800003 260.71798706 0.999999 -0.000978 -0.000978
37.31800079 -40.33100128 260.71798706 0.999999 0.000978 0.000978
37.91799927 -39.54700089 261.61801147 0.999999 0.000978 0.000978
38.21799850 -39.41299820 261.31799316 0.999999 -0.000978 -0.000978
37.91799927 -39.66799927 261.31799316 0.999999 -0.000978 -0.000978
38.21799850 -39.07600021 262.21798706 0.999999 0.000978 0.000978
37.91799927 -39.27799988 262.21798706 0.999999 0.000978 0.000978
38.21799850 -39.18199921 261.91799927 0.999999 0.000978 0.000978
38.51800156 -38.32099915 263.41799927 0.557619 -0.763312 0.326215
38.81800079 -38.23199844 263.11801147 0.999999 -0.000978 -0.000978
38.51800156 -38.40399933 263.11801147 0.999999 -0.000978 -0.000978
38.81800079 -38.09099960 263.41799927 0.999999 0.000978 0.000978
38.51800156 -38.14799881 263.71798706 0.510989 -0.759136 0.403240
45.11800003 -57.68700027 258.91799927 -0.481969 0.874174 -0.059383
45.41799927 -57.39899826 258.91799927 -0.999999 0.000978 0.000978
45.11800003 -57.46900177 259.21798706 -0.556297 0.742273 -0.373584
38.81800079 -37.81499863 264.01800537 0.999999 -0.000978 -0.000978
38.51800156 -38.00299835 264.01800537 0.506233 -0.785866 0.355166
38.81800079 -37.95600128 263.71798706 0.999999 -0.000978 -0.000978
38.81800079 -37.54700089 264.70300293 0.999999 0.000978 0.000978
46.61800003 -40.57300186 258.91799927 -0.362549 -0.862405 0.353293
39.11800003 -37.09299850 265.21798706 0.999999 0.000978 0.000978
39.41799927 -36.96500015 264.91799927 0.999999 -0.000978 -0.000978
39.11800003 -37.25400162 264.91799927 0.999999 0.000978 0.000978
39.41799927 -36.86899948 265.21798706 0.999999 -0.000978 -0.000978
39.41799927 -36.59799957 265.81799316 0.999999 0.000978 0.000978
39.11800003 -36.85300064 265.81799316 0.999999 0.000978 0.000978
46.31800079 -40.45000076 258.91799927 -0.352824 -0.853305 0.383909
39.41799927 -36.75799942 265.51800537 0.999999 0.000978 0.000978
46.31800079 -40.29899979 259.21798706 -0.414090 -0.810592 0.414090
46.61800003 -40.45600128 259.21798706 -0.383310 -0.855076 0.349169
34.09199905 -50.44699860 258.01800537 0.849149 0.258570 0.460530
34.01800156 -50.20299911 258.01800537 0.852163 0.251533 0.458857
34.01800156 -50.44699860 258.15499878 -0.000978 0.999999 -0.000978
44.54399872 -57.94699860 258.91799927 -0.313963 0.915847 -0.250303
44.81800079 -57.85300064 258.91799927 -0.396672 0.870854 -0.290285
44.51800156 -57.87400055 259.21798706 -0.821613 0.533061 -0.201986
44.81800079 -57.66799927 259.21798706 -0.523576 0.769965 -0.364720
34.00400162 -50.14699936 258.01800537 0.890007 0.147618 0.431388
33.99800110 -49.84700012 258.01800537 0.909411 0.172745 0.378326
45.41799927 -57.23099899 259.21798706 -0.999999 0.000978 0.000978
33.88100052 -50.14699936 258.31799316 0.941851 0.159474 0.295777
33.84199905 -49.84700012 258.31799316 0.929945 0.197771 0.309982
33.83000183 -50.14699936 258.61801147 0.993168 0.084741 0.080222
33.80500031 -49.84700012 258.61801147 0.998004 0.045702 0.043576
34.07300186 -49.54700089 257.71798706 0.745935 0.408215 0.526253
34.01800156 -49.54700089 257.79598999 0.000978 0.999999 0.000978
33.90800095 -49.24700165 257.71798706 0.850448 0.444448 0.281432
33.89099884 -49.54700089 258.01800537 0.862103 0.270075 0.428763
33.81000137 -49.24700165 258.01800537 0.916500 0.264960 0.299708
43.31800079 -42.37699890 251.11799622 -0.385991 -0.808818 0.443649
43.61800003 -42.51100159 251.11799622 -0.425116 -0.836115 0.346682
43.61800003 -42.41299820 251.41799927 -0.437330 -0.841978 0.315936
44.51800156 -57.76100159 259.51800537 -0.999999 0.000978 0.000978
44.81800079 -57.56999969 259.51800537 -0.999999 -0.000978 -0.000978
44.51800156 -57.62099838 259.81799316 -0.999999 -0.000978 -0.000978
44.81800079 -57.44599915 259.81799316 -0.999999 -0.000978 -0.000978
34.31800079 -44.86999893 255.31799316 0.610430 -0.774019 0.168133
38.81800079 -43.37099838 250.81799316 0.468937 -0.783724 0.407277
38.81800079 -43.07799911 251.41799927 0.561570 -0.766359 0.311983
38.58700180 -43.24700165 251.41799927 0.575408 -0.786340 0.224890
39.11800003 -42.37500000 252.61799622 0.589996 -0.606901 0.532518
40.01800156 -40.90200043 254.41799927 0.999999 0.000978 0.000978
40.01800156 -41.01800156 254.11799622 -0.177268 -0.917537 0.355953
40.57600021 -40.24700165 255.01800537 0.672190 -0.697496 0.248315
40.67800140 -40.24700165 254.71800232 0.644675 -0.732088 0.220095
40.31800079 -40.19800186 255.61799622 0.504532 -0.785007 0.359459
40.61800003 -40.09299850 255.31799316 0.682935 -0.670080 0.290850
40.45600128 -40.24700165 255.31799316 0.605448 -0.728152 0.321291
40.61800003 -39.94300079 255.61799622 0.999999 -0.000978 -0.000978
40.91799927 -39.68899918 255.61799622 0.999999 -0.000978 -0.000978
34.31800079 -44.93500137 255.01800537 0.967662 -0.246562 0.053277
41.21799850 -39.68999863 255.31799316 0.243274 -0.839985 0.485019
40.91799927 -39.81900024 255.31799316 0.364239 -0.857123 0.364239
40.74499893 -39.64699936 256.21798706 -0.000978 -0.000978 0.999999
40.61800003 -39.72299957 256.21798706 0.489699 -0.817215 0.303897
40.31800079 -39.92699814 256.21798706 0.999999 0.000978 0.000978
40.61800003 -39.83499908 255.91799927 0.999999 -0.000978 -0.000978
40.91799927 -39.49300003 256.21798706 0.653809 -0.701766 0.282944
40.91799927 -39.60300064 255.91799927 0.999999 -0.000978 -0.000978
40.91799927 -39.23099899 256.81799316 0.999999 0.000978 0.000978
40.91799927 -39.34700012 256.55099487 0.999999 0.000978 0.000978
44.21799850 -57.82199860 259.81799316 -0.999999 -0.000978 -0.000978
34.47399902 -44.74700165 255.31799316 0.000978 0.000978 0.999999
34.61800003 -44.62699890 255.31799316 0.613188 -0.734865 0.289783
34.61800003 -44.50899887 255.61799622 0.999999 0.000978 0.000978
44.21799850 -57.96099854 259.51800537 -0.517923 0.776078 -0.359803
43.91799927 -58.05899811 259.81799316 -0.626266 0.760357 -0.172185
34.91799927 -44.41699982 255.31799316 0.663287 -0.707401 0.244203
35.21799850 -44.19499969 255.31799316 0.999999 -0.000978 -0.000978
34.91799927 -44.31399918 255.61799622 0.999999 0.000978 0.000978
44.21799850 -57.72000122 260.11801147 -0.999999 -0.000978 -0.000978
43.91799927 -57.87900162 260.41799927 -0.608747 0.709933 -0.354150
44.21799850 -57.59600067 260.41799927 -0.500606 0.826077 -0.258827
35.21799850 -44.06600189 255.61799622 0.584844 -0.719178 0.375152
43.91799927 -57.99100113 260.11801147 -0.999999 -0.000978 -0.000978
35.51800156 -43.93700027 255.31799316 0.999999 0.000978 0.000978
35.81800079 -43.69400024 255.31799316 0.999999 0.000978 0.000978
35.51800156 -43.83200073 255.61799622 0.999999 0.000978 0.000978
35.81800079 -43.61600113 255.61799622 0.999999 0.000978 0.000978
35.51800156 -43.69499969 255.91799927 0.476351 -0.800334 0.364080
36.71799850 -42.78400040 255.91799927 0.999999 0.000978 0.000978
43.31800079 -58.44599915 260.11801147 -0.037070 0.944655 -0.325964
43.61800003 -58.17900085 260.11801147 -0.513701 0.817886 -0.259178
43.31800079 -58.26900101 260.41799927 -0.456092 0.852694 -0.254740
43.61800003 -58.10900116 260.41799927 -0.461170 0.864134 -0.201482
37.01800156 -42.55500031 255.91799927 0.999999 -0.000978 -0.000978
43.31800079 -58.18000031 260.71798706 -0.495034 0.774201 -0.394404
36.71799850 -42.63499832 256.21798706 0.999999 0.000978 0.000978
37.01800156 -42.40700150 256.21798706 0.542523 -0.809942 0.222849
43.54700089 -57.94699860 260.71798706 -0.704478 0.692358 -0.156046
43.61800003 -57.80699921 261.01800537 -0.204029 0.904386 -0.374777
37.10800171 -42.34700012 256.21798706 0.542523 -0.809942 0.222849
37.01800156 -42.34700012 256.43798828 0.544067 -0.810737 0.216094
37.31800079 -42.32300186 255.91799927 0.538898 -0.773761 0.332991
37.61800003 -42.13399887 255.91799927 0.999999 0.000978 0.000978
37.61800003 -41.97000122 256.21798706 0.616874 -0.689254 0.379994
43.01800156 -58.28499985 260.71798706 -0.270004 0.768959 -0.579482
42.71799850 -57.96699905 261.01800537 0.316613 0.938967 -0.134526
43.01800156 -58.05899811 261.01800537 0.228409 0.926403 -0.299343
37.91799927 -41.84700012 255.91799927 0.569736 -0.727357 0.382560
38.21799850 -41.62599945 255.91799927 0.999999 -0.000978 -0.000978
43.01800156 -57.99100113 261.31799316 -0.078268 0.902136 -0.424292
37.91799927 -41.70899963 256.21798706 0.999999 0.000978 0.000978
42.71799850 -57.91799927 261.31799316 0.315895 0.925019 -0.211069
38.21799850 -41.53400040 256.21798706 0.999999 0.000978 0.000978
43.12699890 -57.94699860 261.31799316 -0.000978 -0.000978 -0.999999
42.41799927 -57.78699875 261.31799316 0.409397 0.897800 -0.162322
42.11800003 -57.64400101 261.31799316 0.425671 0.855952 -0.293513
42.41799927 -57.74800110 261.61801147 0.435605 0.815363 -0.381354
42.11800003 -57.53200150 261.61801147 0.999999 -0.000978 -0.000978
42.11800003 -57.86899948 260.71798706 0.281655 0.866281 -0.412587
42.11800003 -57.73699951 261.01800537 0.378612 0.866056 -0.326496
42.41799927 -57.85699844 261.01800537 0.351555 0.914043 -0.202323
39.71799850 -56.03200150 262.21798706 0.347126 0.834045 -0.428803
40.01800156 -56.11899948 262.21798706 0.294620 0.868595 -0.398424
39.71799850 -56.15999985 261.91799927 0.375356 0.868681 -0.323266
40.01800156 -56.27799988 261.91799927 0.328116 0.833634 -0.444291
35.51800156 -48.34700012 252.27999878 0.019878 0.441285 0.897147
35.81800079 -48.34700012 252.29200745 -0.025234 0.436949 0.899132
35.51800156 -48.04700089 252.11700439 0.041587 0.427947 0.902847
35.81800079 -48.04700089 252.13499451 0.001297 0.416342 0.909207
40.01800156 -56.00400162 262.51800537 0.999999 0.000978 0.000978
39.71799850 -55.83000183 262.51800537 0.298444 0.889333 -0.346435
40.01800156 -55.88399887 262.81799316 0.999999 -0.000978 -0.000978
39.71799850 -55.71300125 262.81799316 0.427529 0.853514 -0.297881
41.21799850 -42.64699936 249.86700439 0.044601 0.017633 0.998849
41.21799850 -42.94699860 249.89199829 0.048209 0.170497 0.984178
40.91799927 -42.64699936 249.91799927 0.218537 -0.003506 0.975822
40.91799927 -42.94699860 249.93200684 0.088902 0.068646 0.993672
39.11800003 -55.62300110 262.51800537 0.319278 0.898434 -0.301458
39.41799927 -55.72900009 262.51800537 0.294287 0.855127 -0.426793
39.41799927 -55.57099915 262.81799316 0.377974 0.830278 -0.409604
39.41799927 -55.95899963 261.91799927 0.452587 0.824750 -0.339046
39.11800003 -55.81900024 261.91799927 0.366768 0.858887 -0.357483
39.41799927 -55.86999893 262.21798706 0.432549 0.841675 -0.323241
39.11800003 -55.72399902 262.21798706 0.437564 0.855169 -0.277892
34.01800156 -51.64699936 259.81799316 0.985847 0.086603 -0.143547
40.61800003 -43.24700165 249.97900391 0.136755 0.200660 0.970069
40.31800079 -43.24700165 250.04400635 0.195092 0.203055 0.959535
34.05400085 -51.94699860 259.81799316 0.991284 0.088446 -0.097635
40.61800003 -43.54700089 250.07000732 0.123124 0.372140 0.919974
40.31800079 -43.54700089 250.12300110 0.095228 0.285683 0.953581
33.97200012 -51.64699936 259.51800537 0.981518 0.078281 -0.174626
34.01399994 -51.94699860 259.51800537 0.981822 0.130503 -0.137821
39.11800003 -55.44100189 262.81799316 0.373290 0.833209 -0.407942
38.81800079 -43.84700012 250.42500305 0.175006 -0.080865 0.981241
38.51800156 -43.84700012 250.44099426 0.182001 0.008013 0.983266
38.81800079 -44.14699936 250.43200684 0.120447 0.113292 0.986234
38.51800156 -44.14699936 250.47200012 0.150340 0.054775 0.987116
38.51800156 -43.54999924 250.81799316 0.542807 -0.715443 0.439889
38.51800156 -55.26200104 262.51800537 0.397326 0.840195 -0.369058
38.81800079 -55.43199921 262.51800537 0.999999 0.000978 0.000978
38.81800079 -55.30099869 262.81799316 0.403908 0.828408 -0.388069
38.51800156 -55.12400055 262.81799316 0.382580 0.847921 -0.366964
37.91799927 -54.95600128 262.51800537 0.415099 0.819064 -0.396014
38.21799850 -55.11600113 262.51800537 0.428441 0.842860 -0.325615
38.21799850 -54.99300003 262.81799316 0.411660 0.840538 -0.352181
38.51800156 -55.00099945 263.11801147 0.399828 0.841992 -0.362198
38.81800079 -55.15100098 263.11801147 0.396014 0.819064 -0.415099
38.81800079 -54.99800110 263.41799927 0.405897 0.832325 -0.377468
48.41799927 -50.97900009 268.81799316 -0.999999 0.000978 0.000978
48.11800003 -51.24100113 268.81799316 -0.999999 -0.000978 -0.000978
48.41799927 -51.02999878 268.51800537 -0.999999 0.000978 0.000978
48.11800003 -51.31800079 268.51800537 -0.999999 0.000978 0.000978
37.01800156 -41.19900131 259.21798706 0.999999 -0.000978 -0.000978
36.71799850 -41.41199875 259.21798706 0.999999 -0.000978 -0.000978
37.01800156 -41.32699966 258.91799927 0.999999 0.000978 0.000978
36.71799850 -41.52999878 258.91799927 0.999999 0.000978 0.000978
49.31800079 -50.75400162 267.61801147 -0.999999 0.000978 0.000978
33.96200180 -52.24700165 258.61801147 0.998536 0.052882 -0.011406
49.31800079 -50.88399887 267.31799316 -0.999999 0.000978 0.000978
34.01200104 -52.54700089 258.61801147 0.992034 0.116245 0.048530
49.61800003 -50.52199936 267.61801147 -0.999999 -0.000978 -0.000978
33.99300003 -52.24700165 258.31799316 0.998219 0.059208 0.007271
49.61800003 -50.68999863 267.31799316 -0.999999 0.000978 0.000978
34.02000046 -52.54700089 258.31799316 0.999324 0.021568 -0.029785
38.51800156 -54.86600113 263.41799927 0.392854 0.831463 -0.392854
37.91799927 -54.70399857 263.11801147 0.442216 0.829352 -0.341498
38.21799850 -54.86600113 263.11801147 0.409690 0.827288 -0.384381
38.21799850 -54.71500015 263.41799927 0.381354 0.815363 -0.435605
37.91799927 -54.58499908 263.41799927 0.379590 0.845095 -0.376466
37.91799927 -54.83100128 262.81799316 0.444050 0.826470 -0.346074
35.21799850 -46.84700012 251.64300537 0.040825 0.388499 0.920544
34.91799927 -46.84700012 251.66099548 0.043499 0.386216 0.921382
33.96599960 -52.24700165 258.01800537 0.995414 0.007500 -0.095363
33.99399948 -52.54700089 258.01800537 0.995266 0.071960 -0.065318
35.21799850 -47.14699936 251.76300049 0.041262 0.408631 0.911766
34.91799927 -47.14699936 251.76800537 -0.032728 0.383573 0.922931
33.93600082 -52.24700165 257.71798706 0.996024 0.040276 -0.079464
33.97999954 -52.54700089 257.71798706 0.993109 0.104597 -0.052861
33.98600006 -52.84700012 257.41799927 0.990918 0.051313 -0.124292
33.99300003 -53.14699936 257.41799927 0.992948 0.001088 -0.118545
33.92399979 -52.84700012 257.11801147 0.988000 -0.076000 -0.134462
33.94300079 -53.14699936 257.11801147 0.993143 0.082668 -0.082668
33.90499878 -52.84700012 256.81799316 0.999060 -0.036235 -0.023812
33.94300079 -53.14699936 256.81799316 0.993219 0.102359 -0.055116
33.90999985 -52.84700012 256.51800537 0.994694 -0.102601 0.007560
33.90999985 -53.14699936 256.51800537 0.996372 0.064388 -0.055657
40.31800079 -42.50699997 250.21800232 0.289291 -0.453274 0.843121
40.61800003 -42.64699936 250.00100708 0.333078 -0.285707 0.898571
40.61800003 -42.94699860 249.94599915 0.107677 -0.036632 0.993511
40.31800079 -42.94699860 249.99600220 0.212772 0.121038 0.969576
40.01800156 -42.64699936 250.18200684 0.039719 -0.326720 0.944286
40.01800156 -42.94699860 250.07800293 0.247485 -0.132254 0.959823
39.71799850 -42.94699860 250.14700317 0.224279 -0.044856 0.973492
40.01800156 -43.24700165 250.10099792 0.146241 0.084416 0.985641
39.71799850 -43.24700165 250.13299561 0.186533 0.031675 0.981938
40.01800156 -43.54700089 250.13000488 0.071893 0.147323 0.986472
39.71799850 -43.54700089 250.16700745 0.166311 0.136300 0.976608
33.90999985 -53.44699860 256.21798706 0.998944 0.028066 -0.036382
33.92599869 -53.74700165 256.21798706 0.995038 0.095026 -0.029491
33.92699814 -53.44699860 255.91799927 0.997577 0.048115 0.050253
33.93000031 -53.74700165 255.91799927 0.998806 0.044692 0.019747
33.93999863 -53.44699860 255.61799622 0.995899 0.085610 -0.029259
33.93799973 -53.74700165 255.61799622 0.998923 0.044420 0.013429
50.97000122 -42.94699860 269.41799927 -0.975963 0.052003 0.211640
50.88899994 -42.64699936 269.11801147 -0.991596 -0.018919 0.127984
33.90999985 -53.44699860 255.31799316 0.987651 0.139419 -0.071467
50.90499878 -42.94699860 269.11801147 -0.988460 -0.116082 0.097322
33.93799973 -53.74700165 255.31799316 0.997507 0.068757 -0.015867
39.11800003 -43.02899933 250.81799316 0.631313 -0.677467 0.377469
39.41799927 -42.98600006 250.51800537 0.437690 -0.680666 0.587470
39.11800003 -43.17800140 250.51800537 0.497489 -0.776213 0.387296
50.95399857 -43.24700165 269.41799927 -0.997003 0.071750 -0.028914
50.92699814 -43.54700089 269.41799927 -0.994452 0.054445 0.090001
50.95899963 -43.24700165 269.11801147 -0.996111 -0.003182 0.088048
50.90700150 -43.54700089 269.11801147 -0.992157 0.097046 0.078779
39.41799927 -43.54700089 250.23199463 0.188070 0.076441 0.979176
39.11800003 -43.54700089 250.28199768 0.162403 0.177748 0.970583
39.41799927 -43.24700165 250.21499634 0.264219 0.053846 0.962959
50.92800140 -43.84700012 268.21798706 -0.988403 -0.145792 -0.042475
50.95000076 -44.14699936 268.21798706 -0.997475 -0.064937 0.028743
50.92699814 -43.84700012 267.91799927 -0.984214 -0.097340 0.147812
50.93700027 -44.14699936 267.91799927 -0.993958 -0.070597 0.084044
50.96699905 -44.44699860 268.21798706 -0.999021 -0.028010 -0.034234
50.96699905 -44.74700165 268.21798706 -0.995616 -0.007502 0.093238
50.96900177 -44.44699860 267.91799927 -0.995462 -0.029439 0.090497
50.95500183 -44.74700165 267.91799927 -0.996098 0.029202 0.083279
50.91299820 -44.44699860 267.61801147 -0.988308 -0.030778 0.149329
50.91699982 -44.74700165 267.61801147 -0.989071 -0.030660 0.144216
50.87799835 -44.44699860 267.31799316 -0.994014 -0.016367 0.108021
50.86800003 -44.74700165 267.31799316 -0.997743 -0.062558 0.024387
50.93099976 -45.04700089 267.61801147 -0.995424 -0.073858 0.060629
50.96099854 -45.34700012 267.61801147 -0.994348 -0.059148 0.088163
50.91500092 -45.04700089 267.31799316 -0.993988 -0.108256 -0.016402
50.93299866 -45.34700012 267.31799316 -0.998115 -0.043396 0.043396
50.92699814 -46.24700165 266.41799927 -0.990944 -0.034948 0.129646
50.98300171 -46.54700089 266.41799927 -0.978174 -0.159930 0.132655
50.97499847 -46.24700165 266.11801147 -0.999879 -0.010988 -0.010988
50.96200180 -46.54700089 266.11801147 -0.998726 -0.013454 0.048643
51.02500153 -46.84700012 265.81799316 -0.997311 -0.072666 -0.009478
50.99700165 -47.14699936 265.81799316 -0.999385 0.027675 0.021525
50.98899841 -46.84700012 265.51800537 -0.984091 -0.121955 0.129200
51.01599884 -47.14699936 265.51800537 -0.996873 0.046542 0.063860
50.40000153 -45.94699860 255.31799316 -0.999276 -0.017423 -0.033822
50.34999847 -45.64699936 255.31799316 -0.984560 -0.171279 0.036120
50.93000031 -47.44699860 265.21798706 -0.996534 0.059901 -0.057723
50.92300034 -47.74700165 265.21798706 -0.979720 -0.161033 -0.119238
50.99599838 -47.44699860 264.91799927 -0.987585 -0.128304 -0.090636
51.00199890 -47.74700165 264.91799927 -0.985890 -0.028827 -0.164892
50.34099960 -45.94699860 255.61799622 -0.984403 -0.171657 -0.038535
51.00999832 -48.04700089 264.61801147 -0.998216 -0.015712 -0.057610
51.03300095 -48.34700012 264.61801147 -0.999276 -0.033822 -0.017423
51.04899979 -48.04700089 264.31799316 -0.997747 -0.058441 -0.032939
51.01699829 -48.34700012 264.31799316 -0.995772 0.089544 0.020498
50.32099915 -45.64699936 255.61799622 -0.998496 0.024098 -0.049244
50.97999954 -48.64699936 264.01800537 -0.998294 0.057254 0.011451
50.98699951 -48.94699860 264.01800537 -0.995047 -0.060876 0.078585
50.98799896 -48.64699936 263.71798706 -0.997049 -0.059412 0.048610
50.98899841 -48.94699860 263.71798706 -0.986817 -0.161644 0.007913
51.04499817 -49.24700165 263.41799927 -0.985031 -0.159639 0.065038
51.07799911 -49.54700089 263.41799927 -0.998496 -0.051125 0.019824
51.04499817 -49.24700165 263.11801147 -0.988888 -0.129289 0.073380
51.08000183 -49.54700089 263.11801147 -0.987137 -0.148363 0.059579
51.01599884 -49.84700012 262.81799316 -0.965849 -0.063724 0.251146
51.08100128 -50.14699936 262.81799316 -0.989124 -0.120000 0.085048
50.97999954 -49.84700012 262.51800537 -0.989138 -0.103935 0.103935
51.05199814 -50.14699936 262.51800537 -0.981100 -0.160055 0.108740
51.02600098 -50.44699860 262.21798706 -0.996272 -0.049104 0.070928
51.04399872 -50.74700165 262.21798706 -0.993668 -0.007618 0.112101
51.03499985 -50.44699860 261.91799927 -0.989219 -0.138697 -0.046997
51.07099915 -50.74700165 261.91799927 -0.993411 -0.097879 -0.059627
49.01800156 -41.69800186 259.21798706 -0.411939 -0.819106 0.399215
48.71799850 -41.52500153 259.21798706 -0.399884 -0.801374 0.444851
48.71799850 -41.70100021 258.91799927 -0.392301 -0.824309 0.408184
46.01800156 -41.19900131 256.81799316 -0.274091 -0.885180 0.375939
46.01800156 -41.37200165 256.51800537 -0.285780 -0.826108 0.485670
45.71799850 -41.22499847 256.51800537 -0.405534 -0.840818 0.358561
45.41799927 -41.18600082 256.21798706 -0.390524 -0.842215 0.371704
45.41799927 -41.30500031 255.91799927 -0.412130 -0.856674 0.310255
43.61800003 -41.08499908 254.41799927 -0.999999 0.000978 0.000978
43.31800079 -40.91500092 254.41799927 -0.424452 -0.821879 0.379940
43.31800079 -41.11100006 254.11799622 -0.280243 -0.885689 0.370161
49.31800079 -43.08499908 256.21798706 -0.416446 -0.843811 0.338460
49.61800003 -43.28400040 256.21798706 -0.597610 -0.715495 0.361841
49.86899948 -43.54700089 256.21798706 -0.687877 -0.658880 0.304470
49.31800079 -43.24300003 255.91799927 -0.372949 -0.820487 0.433255
49.61800003 -43.46099854 255.91799927 -0.600362 -0.735565 0.313862
43.01800156 -41.06100082 253.81799316 -0.999999 -0.000978 -0.000978
42.71799850 -40.87099838 253.81799316 -0.447067 -0.826206 0.342804
43.01800156 -41.13199997 253.51800537 -0.402098 -0.872476 0.277675
42.71799850 -40.99700165 253.51800537 -0.369124 -0.848828 0.378468
42.41799927 -41.04999924 253.21800232 -0.274370 -0.920792 0.277243
42.11800003 -40.84799957 253.21800232 -0.426248 -0.812586 0.397513
42.41799927 -41.13999939 252.91799927 -0.362395 -0.885688 0.290217
49.01800156 -42.96400070 256.21798706 -0.363277 -0.869106 0.335686
42.11800003 -41.02199936 252.91799927 -0.342929 -0.873326 0.345977
49.01800156 -43.10699844 255.91799927 -0.415830 -0.830078 0.371559
49.31800079 -43.42399979 255.61799622 0.000978 0.000978 0.999999
48.71799850 -43.11299896 255.61799622 -0.422530 -0.814766 0.397019
49.01800156 -43.32699966 255.61799622 -0.286829 -0.884513 0.367921
49.01800156 -43.45199966 255.31799316 -0.424083 -0.846613 0.321558
48.71799850 -43.25899887 255.31799316 -0.417680 -0.821066 0.389093
48.41799927 -42.95700073 255.61799622 -0.393887 -0.830485 0.393887
48.41799927 -43.10400009 255.31799316 -0.403459 -0.818080 0.409837
48.11800003 -42.96300125 255.31799316 -0.394325 -0.837352 0.378615
48.71799850 -43.39599991 255.01800537 -0.412816 -0.827214 0.381183
48.71799850 -43.53400040 254.71800232 -0.331593 -0.848441 0.412545
48.11800003 -43.13600159 255.01800537 0.000978 0.000978 0.999999
48.41799927 -43.25699997 255.01800537 -0.359054 -0.824083 0.438140
48.41799927 -43.42900085 254.71800232 -0.257010 -0.805297 0.534269
48.11800003 -43.34299850 254.71800232 -0.251682 -0.656906 0.710725
48.41799927 -43.54700089 254.55000305 -0.195511 -0.762030 0.617321
48.11800003 -43.54700089 254.51300049 -0.021022 -0.676907 0.735768
47.81800079 -43.24700165 254.67399597 -0.235464 -0.430435 0.871368
47.51800156 -43.24700165 254.60400391 -0.191180 -0.375172 0.907026
47.81800079 -43.54700089 254.53199768 -0.039599 -0.482012 0.875269
47.51800156 -43.54700089 254.48500061 -0.124882 -0.355433 0.926322
47.81800079 -43.02099991 255.01800537 -0.361133 -0.714095 0.599709
47.21799850 -43.24700165 254.54800415 -0.141047 -0.324546 0.935294
46.91799927 -43.24700165 254.51400757 -0.033959 -0.019552 0.999232
47.21799850 -43.54700089 254.45100403 0.039754 -0.220456 0.974586
46.91799927 -43.54700089 254.50900269 0.188948 -0.017388 0.981833
46.61800003 -43.24700165 254.52799988 -0.225758 0.435070 0.871635
46.61800003 -43.10599899 254.41799927 -0.416886 0.194547 0.887895
46.31800079 -43.24700165 254.36300659 -0.475325 -0.014728 0.879687
46.31800079 -43.54700089 254.27999878 -0.693337 -0.226939 0.683946
46.61800003 -43.84700012 254.27299500 -0.400474 -0.193684 0.895605
46.41699982 -44.14699936 254.11799622 -0.573533 -0.370917 0.730397
46.27099991 -43.84700012 254.11799622 -0.678901 -0.287289 0.675691
45.96400070 -43.24700165 254.11799622 -0.675687 -0.092339 0.731383
46.16500092 -43.54700089 254.11799622 -0.703682 -0.248265 0.665730
46.05099869 -43.84700012 253.81799316 -0.757837 -0.423930 0.495950
46.23600006 -44.14699936 253.81799316 -0.748628 -0.429433 0.505118
45.87900162 -43.84700012 253.51800537 -0.876755 -0.472747 0.088377
46.01800156 -44.14699936 253.53999329 -0.906778 -0.421606 -0.001297
45.77099991 -43.24700165 253.81799316 -0.000978 -0.000978 0.999999
45.90100098 -43.54700089 253.81799316 -0.829398 -0.387053 0.402851
45.76200104 -43.54700089 253.51800537 -0.833292 -0.351274 0.426885
42.11800003 -59.25199890 257.71798706 0.341259 0.878173 -0.335192
42.41799927 -59.36100006 257.71798706 0.285082 0.916023 -0.282187
42.41799927 -59.19900131 258.01800537 0.214288 0.861649 -0.460046
43.01800156 -59.49399948 257.71798706 0.106765 0.993903 0.027517
42.71799850 -59.43399811 257.71798706 0.213592 0.926507 -0.309779
43.01800156 -59.44699860 257.81500244 0.176475 0.885292 -0.430249
42.71799850 -59.27600098 258.01800537 0.267106 0.876773 -0.399905
42.71799850 -57.45000076 262.21798706 0.193757 0.911376 -0.363115
42.11800003 -59.12699890 258.01800537 0.217013 0.901552 -0.374312
42.71799850 -57.64699936 261.93399048 0.386320 0.803096 -0.453645
42.71799850 -57.65599823 261.91799927 0.386320 0.803096 -0.453645
41.51800156 -59.01900101 257.71798706 0.342376 0.874961 -0.342376
41.81800079 -59.04999924 257.71798706 0.119053 0.926425 -0.357159
41.51800156 -58.84700012 257.85299683 0.999999 0.000978 0.000978
41.81800079 -58.94599915 258.01800537 0.999999 -0.000978 -0.000978
41.51800156 -58.72200012 258.01800537 0.260443 0.955838 -0.136171
41.81800079 -58.84799957 258.31799316 0.237274 0.894565 -0.378753
41.51800156 -58.76699829 258.31799316 0.475500 0.860641 -0.182201
41.51800156 -58.59999847 258.61801147 0.259850 0.844129 -0.468961
41.81800079 -58.69200134 258.61801147 0.290701 0.856721 -0.426054
41.21799850 -58.58700180 258.31799316 0.999999 -0.000978 -0.000978
40.91799927 -58.39199829 258.31799316 0.346232 0.838164 -0.421432
41.21799850 -58.42200089 258.61801147 0.454818 0.729362 -0.511050
40.91799927 -58.22700119 258.61801147 0.332487 0.824127 -0.458549
40.91799927 -58.05899811 258.91799927 0.286104 0.845940 -0.450034
41.21799850 -58.16899872 258.91799927 0.328990 0.894675 -0.302195
41.21799850 -58.06800079 259.21798706 0.493876 0.840349 -0.223384
40.91799927 -57.90700150 259.21798706 0.321186 0.862132 -0.391878
40.61800003 -57.96500015 258.91799927 0.257892 0.886971 -0.383112
40.31800079 -57.72900009 258.91799927 0.400427 0.840113 -0.365881
40.61800003 -57.84700012 259.21798706 0.194454 0.906010 -0.375944
40.31800079 -57.59799957 259.21798706 0.380411 0.852432 -0.358674
40.61800003 -57.71699905 259.51800537 0.241738 0.872358 -0.424918
40.31800079 -57.47700119 259.51800537 0.345609 0.853950 -0.389004
40.61800003 -57.55500031 259.81799316 0.502286 0.780077 -0.373080
39.71799850 -57.51399994 258.91799927 0.342378 0.856720 -0.385756
40.01800156 -57.58599854 258.91799927 0.309436 0.857493 -0.411042
39.71799850 -57.39599991 259.21798706 0.293841 0.869342 -0.397370
40.01800156 -57.46699905 259.21798706 0.299565 0.883640 -0.359779
39.71799850 -57.24000168 259.51800537 0.302610 0.842653 -0.445380
40.01800156 -57.34400177 259.51800537 0.344942 0.869253 -0.354140
39.71799850 -57.06499863 259.81799316 0.428426 0.793801 -0.431660
40.01800156 -57.22200012 259.81799316 0.435309 0.834474 -0.337875
49.31800079 -41.04000092 261.01800537 -0.432233 -0.847425 0.308295
49.31800079 -41.12200165 260.71798706 -0.366823 -0.897170 0.246022
34.09700012 -48.04700089 265.81799316 0.994627 0.038637 -0.096041
34.08300018 -48.34700012 265.81799316 0.993346 0.084756 -0.077976
34.05099869 -48.04700089 265.51800537 0.997075 0.026717 -0.071601
34.06200027 -48.34700012 265.51800537 0.993511 0.107677 -0.036632
39.41799927 -56.77899933 260.11801147 0.384735 0.857541 -0.341471
39.11800003 -56.63000107 260.11801147 0.439634 0.883620 -0.161054
39.11800003 -56.57500076 260.41799927 0.277315 0.943965 -0.178957
39.41799927 -56.65999985 260.41799927 0.240319 0.894931 -0.375959
38.81800079 -56.45000076 260.11801147 0.603486 0.787350 0.126035
38.81800079 -56.48400116 260.41799927 0.288245 0.951603 0.106611
38.21799850 -55.95899963 260.71798706 0.999999 0.000978 0.000978
37.91799927 -55.75799942 260.71798706 0.367656 0.929954 0.003817
38.21799850 -55.95000076 261.01800537 0.460442 0.887323 -0.025506
37.91799927 -55.74800110 261.01800537 0.573670 0.777991 -0.256187
36.11800003 -55.84700012 255.52900696 0.041272 0.414052 0.909317
36.41799927 -55.84700012 255.48100281 0.051745 0.383441 0.922115
36.11800003 -56.14699936 255.66499329 0.068210 0.375823 0.924178
36.41799927 -56.14699936 255.62100220 0.064771 0.458908 0.886120
37.45500183 -55.54700089 260.71798706 0.000978 0.000978 -0.999999
37.31800079 -55.45299911 260.71798706 0.523246 0.761234 -0.383062
37.31800079 -55.30199814 261.01800537 0.457162 0.813972 -0.358403
37.61800003 -55.52099991 261.01800537 0.440272 0.841652 -0.312702
37.61800003 -55.63199997 260.71798706 0.458710 0.885545 -0.073449
37.01800156 -55.24800110 260.71798706 0.254193 0.933912 -0.251384
36.71799850 -55.15299988 260.71798706 0.239894 0.908688 -0.341667
36.71799850 -55.00199890 261.01800537 0.373668 0.854319 -0.361264
37.01800156 -55.14699936 261.01800537 0.426793 0.855127 -0.294287
37.01800156 -55.04199982 261.31799316 0.414773 0.861688 -0.292331
36.71799850 -54.90000153 261.31799316 0.419823 0.862545 -0.282426
36.71799850 -54.80500031 261.61801147 0.412234 0.862780 -0.292701
37.01800156 -54.94300079 261.61801147 0.325864 0.880591 -0.344052
36.41799927 -54.75000000 261.31799316 0.418771 0.820027 -0.390110
36.11800003 -54.58200073 261.31799316 0.330096 0.836973 -0.436478
36.11800003 -54.45500183 261.61801147 0.371184 0.877205 -0.304522
36.41799927 -54.57099915 261.61801147 0.352816 0.915607 -0.192835
35.81800079 -54.51499939 261.31799316 0.447408 0.803410 -0.392885
36.11800003 -54.37400055 261.91799927 0.421709 0.869113 -0.258467
36.41799927 -54.50799942 261.91799927 0.307039 0.891163 -0.333999
36.41799927 -54.34799957 262.21798706 0.369700 0.820322 -0.436341
36.11800003 -54.16199875 262.21798706 0.436515 0.739605 -0.512288
35.72499847 -54.34700012 261.31799316 0.000978 0.000978 -0.999999
35.51800156 -54.20999908 261.31799316 0.339442 0.864732 -0.370160
35.51800156 -54.09899902 261.61801147 0.324756 0.890460 -0.318770
35.81800079 -54.31900024 261.61801147 0.428111 0.866811 -0.255656
37.91799927 -42.12400055 255.31799316 0.519974 -0.814884 0.256107
38.51800156 -41.20199966 256.51800537 0.999999 0.000978 0.000978
38.81800079 -40.88899994 256.81799316 0.571297 -0.728445 0.378137
38.51800156 -41.07600021 256.81799316 0.999999 -0.000978 -0.000978
38.81800079 -40.95800018 256.51800537 0.999999 -0.000978 -0.000978
37.31800079 -51.33700180 270.01800537 0.415161 0.841289 -0.346229
38.81800079 -40.53699875 257.41799927 0.999999 -0.000978 -0.000978
44.51800156 -52.16999817 273.01800537 -0.999999 -0.000978 -0.000978
44.81800079 -52.09299850 272.71798706 -0.633643 0.701707 -0.325735
44.51800156 -52.28900146 272.71798706 -0.999999 -0.000978 -0.000978
44.81800079 -51.91400146 273.01800537 -0.543171 0.751957 -0.373532
44.97900009 -51.94699860 272.71798706 -0.648714 0.658618 -0.381305
40.01800156 -38.64599991 259.81799316 0.546960 -0.757954 0.355443
40.01800156 -38.74700165 259.60501099 0.554189 -0.752462 0.355916
40.07400131 -38.74700165 259.51800537 0.535454 -0.765165 0.357508
45.41799927 -51.41699982 273.01800537 -0.546437 0.831911 -0.096600
45.11800003 -51.64699936 273.21200562 -0.508619 0.848675 0.145110
45.11800003 -51.61399841 273.01800537 -0.508619 0.848675 0.145110
45.41799927 -51.51200104 272.71798706 -0.536030 0.774266 -0.336427
40.01800156 -38.41500092 260.41799927 0.694712 -0.662771 0.279482
39.71799850 -38.66699982 260.41799927 0.999999 0.000978 0.000978
40.01800156 -38.44699860 260.30700684 0.588807 -0.773103 0.235835
40.09500122 -38.44699860 260.11801147 0.589792 -0.771267 0.239359
40.01800156 -38.50600052 260.11801147 0.589792 -0.771267 0.239359
39.71799850 -38.74700165 260.16101074 0.629654 -0.742149 0.229675
40.31800079 -37.88299942 261.01800537 0.647420 -0.759391 0.064598
40.31800079 -37.70000076 261.61801147 0.601605 -0.724845 0.335666
40.31800079 -37.85800171 261.31799316 0.999999 -0.000978 -0.000978
40.31800079 -37.57899857 261.91799927 0.407791 -0.845268 0.345294
40.61800003 -37.47600174 261.61801147 0.482082 -0.814007 0.324022
40.51800156 -37.54700089 261.61801147 -0.000978 -0.000978 0.999999
40.91799927 -37.01900101 262.21798706 0.588448 -0.728633 0.350461
40.61800003 -37.25500107 262.21798706 0.999999 0.000978 0.000978
40.31800079 -37.45500183 262.21798706 0.999999 0.000978 0.000978
40.79700089 -37.24700165 261.91799927 0.508211 -0.782483 0.359781
40.61800003 -37.36299896 261.91799927 0.525939 -0.797595 0.295347
41.21799850 -36.54299927 262.81799316 0.519403 -0.787895 0.330820
40.91799927 -36.74100113 262.81799316 0.999999 -0.000978 -0.000978
40.91799927 -36.86100006 262.51800537 0.999999 -0.000978 -0.000978
41.81800079 -35.87699890 264.01800537 -0.346869 -0.894715 0.281366
41.81800079 -35.96599960 263.71798706 -0.405601 -0.876039 0.260851
41.81800079 -35.77799988 264.31799316 -0.155759 -0.933174 0.323923
47.81800079 -40.79800034 259.81799316 -0.396519 -0.816926 0.418814
47.51800156 -40.62799835 259.81799316 -0.392527 -0.860482 0.324797
47.51800156 -40.77199936 259.51800537 -0.347514 -0.849306 0.397382
47.81800079 -40.95700073 259.51800537 -0.439667 -0.800420 0.407457
46.61800003 -40.70100021 258.61801147 -0.402285 -0.831389 0.383354
46.31800079 -40.56900024 258.61801147 -0.412773 -0.845795 0.338007
46.31800079 -40.69100189 258.31799316 -0.431382 -0.826420 0.361855
46.61800003 -40.84899902 258.31799316 -0.433833 -0.798318 0.417706
45.11800003 -40.50600052 257.41799927 -0.999999 -0.000978 -0.000978
44.51800156 -40.40700150 256.81799316 -0.431874 -0.827363 0.359104
44.21799850 -40.52899933 256.21798706 -0.326732 -0.886844 0.326732
43.91799927 -40.41799927 256.21798706 -0.334703 -0.859123 0.387145
43.91799927 -40.54499817 255.91799927 -0.434442 -0.826231 0.358612
43.61800003 -40.22800064 256.21798706 -0.379511 -0.883525 0.274508
43.31800079 -40.09899902 256.21798706 -0.353836 -0.860639 0.366197
43.31800079 -40.24100113 255.91799927 -0.401136 -0.835307 0.375967
43.61800003 -40.39799881 255.91799927 -0.438095 -0.862546 0.253155
43.61800003 -40.48300171 255.61799622 -0.344964 -0.902778 0.256888
43.31800079 -40.36800003 255.61799622 -0.335686 -0.869106 0.363277
43.31800079 -40.49200058 255.31799316 -0.395814 -0.866512 0.304120
43.01800156 -40.19300079 255.61799622 -0.999999 -0.000978 -0.000978
42.71799850 -40.02199936 255.61799622 -0.479147 -0.832692 0.277564
42.71799850 -40.15399933 255.31799316 -0.449239 -0.817519 0.360343
43.01800156 -40.34299850 255.31799316 -0.447922 -0.821454 0.352956
43.01800156 -40.45100021 255.01800537 -0.347639 -0.868331 0.353764
42.71799850 -40.34000015 255.01800537 -0.312331 -0.846867 0.430426
42.71799850 -40.49200058 254.71800232 -0.351705 -0.842530 0.407978
42.41799927 -40.16799927 255.01800537 -0.398356 -0.791875 0.462868
42.11800003 -40.03799820 255.01800537 -0.407183 -0.815962 0.410376
42.11800003 -40.18399811 254.71800232 -0.425231 -0.826751 0.368323
42.41799927 -40.33800125 254.71800232 -0.426885 -0.833292 0.351274
41.81800079 -40.19300079 254.41799927 -0.369332 -0.868926 0.329487
41.51800156 -40.05199814 254.41799927 -0.352909 -0.850402 0.390221
41.51800156 -40.21500015 254.11799622 -0.115780 -0.873354 0.473126
41.81800079 -40.25500107 254.11799622 -0.254143 -0.903456 0.345223
50.37599945 -45.94699860 255.91799927 -0.983471 -0.150839 0.100157
50.31999969 -45.64699936 255.91799927 -0.996484 -0.016021 0.082239
50.40200043 -45.94699860 256.21798706 -0.995666 -0.092843 0.005336
50.36999893 -45.64699936 256.21798706 -0.991300 -0.095339 0.090745
49.91799927 -48.34700012 252.01499939 -0.293956 0.314636 0.902548
49.91799927 -48.04700089 251.93099976 -0.415380 0.230766 0.879890
46.68899918 -43.84700012 251.71800232 -0.404919 -0.842670 -0.354891
46.61800003 -43.84700012 251.79899597 -0.547228 -0.687800 -0.476941
46.61800003 -43.99900055 252.01800537 -0.068052 -0.873568 -0.481921
50.21799850 -48.04700089 252.25599670 -0.836779 0.149056 0.526861
46.31800079 -43.78599930 252.01800537 -0.588063 -0.621763 -0.517293
50.25699997 -48.04700089 252.31799316 -0.921816 0.193992 0.335592
50.32099915 -48.34700012 252.61799622 -0.991979 -0.044013 0.118496
50.35499954 -48.04700089 252.61799622 -0.983189 -0.008031 0.182412
46.91799927 -43.95700073 251.71800232 -0.387629 -0.905422 -0.173074
47.21799850 -44.13199997 251.71800232 -0.333333 -0.837244 0.433489
46.91799927 -44.00899887 252.01800537 -0.033638 -0.984782 -0.170510
49.91799927 -48.94699860 252.29800415 -0.155897 0.321452 0.934005
49.91799927 -48.64699936 252.13999939 -0.370574 0.408420 0.834187
50.09199905 -48.64699936 252.31799316 -0.000978 0.999999 -0.000978
50.21799850 -48.64699936 252.47599792 0.000978 0.999999 0.000978
50.23799896 -48.94699860 252.61799622 -0.608341 0.116365 0.785099
50.38199997 -48.64699936 252.61799622 -0.912785 0.129998 0.387200
50.48799896 -50.14699936 253.51800537 -0.981909 0.053429 0.181659
50.58200073 -50.14699936 254.11799622 -0.993956 -0.081987 0.073002
50.55199814 -49.84700012 254.11799622 -0.997977 -0.039324 0.049952
50.61299896 -50.14699936 254.41799927 -0.989761 -0.127897 0.063372
50.56900024 -49.84700012 254.41799927 -0.986470 -0.163847 0.005650
50.62099838 -50.14699936 254.71800232 -0.987609 -0.126253 -0.093215
50.55599976 -49.84700012 254.71800232 -0.986373 -0.164207 -0.010192
50.51800156 -49.55199814 254.71800232 0.000978 0.000978 -0.999999
50.55599976 -50.14699936 255.01800537 -0.957350 -0.201618 -0.206958
50.61199951 -50.74700165 254.11799622 -0.992893 -0.066797 0.098497
50.60200119 -50.44699860 254.11799622 -0.996272 -0.049104 0.070928
50.62900162 -50.74700165 254.41799927 -0.998450 -0.045145 0.032547
50.64599991 -50.44699860 254.41799927 -0.998437 -0.026247 0.049344
50.63100052 -50.74700165 254.71800232 -0.998490 -0.038848 0.038848
50.63199997 -50.44699860 254.71800232 -0.998854 -0.017596 -0.044509
50.65200043 -50.74700165 255.01800537 -0.966296 -0.248762 0.066253
50.61899948 -50.44699860 255.01800537 -0.985683 -0.160188 0.052617
50.67200089 -50.74700165 255.31799316 -0.986865 -0.124395 0.103070
50.66299820 -50.44699860 255.31799316 -0.994060 -0.098851 0.045538
50.71500015 -50.74700165 255.61799622 -0.956389 -0.149892 0.250704
50.64599991 -50.44699860 255.61799622 -0.986514 -0.153302 0.057342
50.80099869 -51.34700012 255.31799316 -0.999274 -0.023670 0.029844
50.73799896 -51.04700089 255.31799316 -0.976221 -0.209797 -0.054571
50.79000092 -51.34700012 255.61799622 -0.996922 -0.069903 -0.035489
50.73799896 -51.04700089 255.61799622 -0.992361 -0.123363 -0.001092
50.77999878 -51.34700012 255.91799927 -0.999480 -0.031456 0.007103
34.61800003 -48.64699936 252.42900085 0.029882 0.375477 0.926350
50.73699951 -51.04700089 255.91799927 -0.995785 0.079970 0.044914
34.31800079 -48.64699936 252.43600464 0.052335 0.414651 0.908474
50.79399872 -51.34700012 256.21798706 -0.995916 0.022659 0.087399
34.61800003 -48.94699860 252.56300354 0.043741 0.398974 0.915918
34.31800079 -48.94699860 252.57299805 0.027709 0.415631 0.909111
50.76499939 -51.04700089 256.21798706 -0.991098 -0.119753 0.058166
50.51800156 -50.77999878 256.21798706 -0.483095 -0.862566 0.150329
35.21799850 -49.24700165 252.71800232 0.064042 0.335894 0.939720
34.91799927 -49.24700165 252.71800232 -0.040693 0.376734 0.925427
35.21799850 -49.54700089 252.81100464 0.054049 0.365159 0.929375
34.91799927 -49.54700089 252.83099365 -0.008939 0.371596 0.928352
50.77500153 -51.94699860 255.91799927 -0.977641 -0.110000 0.179214
50.75600052 -51.64699936 255.91799927 -0.998885 0.009258 -0.046292
50.87900162 -51.94699860 256.21798706 -0.963992 -0.219858 0.149607
50.75199890 -51.64699936 256.21798706 -0.986047 -0.143576 0.084247
34.61800003 -49.24700165 252.69099426 -0.011563 0.376455 0.926363
34.31800079 -49.24700165 252.71099854 -0.006524 0.421447 0.906829
34.61800003 -49.54700089 252.80599976 0.032156 0.346003 0.937682
34.31800079 -49.54700089 252.85099792 0.067497 0.353367 0.933047
50.86600113 -51.94699860 256.51800537 -0.998685 -0.048843 0.015588
50.80599976 -51.64699936 256.51800537 -0.989223 -0.056560 0.135051
50.88800049 -51.94699860 256.81799316 -0.994681 -0.101320 -0.018521
50.83300018 -51.64699936 256.81799316 -0.989422 -0.049299 0.136432
50.79000092 -42.04700089 268.21798706 -0.989105 -0.042407 0.140973
50.79999924 -42.34700012 268.21798706 -0.986127 -0.071868 0.149627
50.73500061 -42.04700089 267.91799927 -0.992687 -0.055337 0.107287
50.76100159 -42.34700012 267.91799927 -0.986291 -0.134117 0.096137
50.66099930 -41.44699860 267.01800537 -0.997402 -0.070715 0.013721
50.66899872 -41.74700165 267.01800537 -0.999831 -0.006992 -0.016980
50.66500092 -41.44699860 266.71798706 -0.996672 -0.068325 0.044465
50.68799973 -41.74700165 266.71798706 -0.999708 -0.023109 0.007033
34.91799927 -39.58100128 266.71798706 0.328801 -0.920929 0.209237
35.21799850 -39.47399902 266.71798706 0.400432 -0.849166 0.344341
34.91799927 -39.51300049 267.01800537 0.999999 -0.000978 -0.000978
50.90700150 -52.54700089 257.11801147 -0.994849 0.061000 0.080963
50.89500046 -52.24700165 257.11801147 -0.995613 -0.086337 0.036065
50.93399811 -52.54700089 257.41799927 -0.996315 0.001059 0.085761
50.91600037 -52.24700165 257.41799927 -0.992893 -0.075854 0.091704
50.84400177 -52.54700089 256.51800537 -0.993094 -0.102346 0.057359
50.83499908 -52.24700165 256.51800537 -0.999220 0.037842 0.011250
50.88600159 -52.54700089 256.81799316 -0.991613 0.076630 0.104079
50.89400101 -52.24700165 256.81799316 -0.995000 0.003220 0.099822
50.95899963 -52.54700089 257.71798706 -0.989017 -0.068408 0.131019
50.95000076 -52.24700165 257.71798706 -0.990461 -0.058397 0.124809
51.01399994 -52.54700089 258.01800537 -0.993898 -0.052428 0.097047
50.99200058 -52.24700165 258.01800537 -0.978891 -0.188482 0.079041
50.99499893 -53.14699936 257.71798706 -0.998043 0.034926 0.051860
50.99100113 -52.84700012 257.71798706 -0.982403 -0.058349 0.177428
50.97800064 -53.14699936 258.01800537 -0.991334 0.128817 -0.025763
51.02299881 -52.84700012 258.01800537 -0.989397 0.058879 0.132766
50.97900009 -53.14699936 258.31799316 -0.907477 0.390542 -0.154797
51.07099915 -52.84700012 258.31799316 -0.987910 0.064150 -0.141130
50.87699890 -53.14699936 258.61801147 -0.911706 0.357504 -0.202442
50.93999863 -52.84700012 258.61801147 -0.966143 0.148737 -0.210818
50.51800156 -53.62900162 258.61801147 -0.623876 0.753914 -0.205894
50.71300125 -53.44699860 258.61801147 0.000978 0.000978 -0.999999
45.41799927 -51.44300079 273.31799316 -0.601038 0.796124 0.070288
45.14799881 -51.64699936 273.31799316 -0.593889 0.791353 0.145106
34.31800079 -55.73099899 255.91799927 0.920562 0.384572 -0.068339
34.24100113 -55.54700089 255.91799927 0.920562 0.384572 -0.068339
34.02199936 -55.24700165 255.91799927 0.977700 -0.029699 -0.207895
34.26300049 -55.54700089 256.21798706 0.385323 0.921881 -0.040768
34.08599854 -55.24700165 256.21798706 0.971708 0.159192 -0.174474
34.31800079 -55.24700165 257.03100586 0.712500 0.460052 -0.529808
34.31299973 -55.54700089 256.51800537 0.900002 0.409351 -0.149763
34.12900162 -55.24700165 256.51800537 0.965194 0.232623 -0.119525
34.15999985 -55.24700165 256.81799316 0.830252 0.470633 -0.298641
34.31800079 -55.14699936 257.11801147 0.671728 0.487463 -0.557819
34.31800079 -55.19599915 257.41799927 0.914192 0.399875 0.065973
34.17300034 -54.94699860 257.11801147 0.883424 0.400744 -0.242830
34.08499908 -54.64699936 257.11801147 0.980373 0.193230 -0.039120
34.20899963 -54.94699860 257.41799927 0.898214 0.400653 -0.180800
34.07600021 -54.64699936 257.41799927 0.964749 0.256516 -0.058811
37.01800156 -50.90399933 270.61801147 0.383170 0.821987 -0.421328
36.71799850 -50.75099945 270.61801147 0.423643 0.810518 -0.404459
36.71799850 -50.93899918 270.31799316 0.360259 0.877087 -0.317697
37.01800156 -51.06200027 270.31799316 0.391253 0.828442 -0.400757
34.31800079 -54.94699860 257.80300903 -0.000978 0.999999 -0.000978
34.36000061 -54.94699860 258.01800537 0.862318 0.461796 -0.207733
34.29299927 -54.94699860 257.71798706 0.000978 0.999999 0.000978
34.12099838 -54.64699936 257.71798706 0.965692 0.157266 -0.206655
34.20500183 -54.64699936 258.01800537 0.898280 0.396172 -0.190105
37.91799927 -51.63600159 270.01800537 0.328514 0.831503 -0.447974
38.21799850 -51.72600174 270.01800537 0.356311 0.839765 -0.409680
38.21799850 -51.94300079 269.71798706 0.411660 0.840538 -0.352181
37.91799927 -51.77799988 269.71798706 0.422636 0.827860 -0.368817
34.43999863 -54.94699860 258.31799316 0.813130 0.540555 -0.215916
34.34600067 -54.64699936 258.61801147 0.829958 0.485564 -0.274584
34.31800079 -54.59899902 258.61801147 0.000978 0.000978 -0.999999
34.24700165 -54.64699936 258.31799316 0.889441 0.404292 -0.213172
38.51800156 -52.22999954 269.41799927 0.487745 0.808671 -0.328870
38.81800079 -52.38499832 269.41799927 0.391253 0.828442 -0.400757
38.81800079 -52.50699997 269.11801147 0.454459 0.842223 -0.290047
38.51800156 -52.31499863 269.11801147 0.421279 0.853360 -0.307086
39.71799850 -53.11399841 268.81799316 0.406196 0.857181 -0.316616
40.01800156 -53.21400070 268.81799316 0.344604 0.857647 -0.381692
40.01800156 -53.33000183 268.51800537 0.453962 0.820928 -0.346403
39.71799850 -53.16600037 268.51800537 0.466589 0.856168 -0.221970
34.13000107 -54.34700012 258.31799316 0.970349 0.204753 -0.128447
34.12300110 -54.04700089 258.31799316 0.991760 0.064903 -0.110449
34.17599869 -54.34700012 258.61801147 0.937152 0.320569 -0.137776
40.31800079 -53.64599991 268.21798706 0.999999 0.000978 0.000978
34.12699890 -54.04700089 258.61801147 0.989468 0.144228 -0.012298
40.61800003 -53.82799911 268.21798706 0.399442 0.864692 -0.304555
40.61800003 -53.93299866 267.91799927 0.409194 0.874256 -0.261220
40.31800079 -53.78300095 267.91799927 0.473062 0.829029 -0.298201
40.91799927 -53.96599960 268.21798706 0.336146 0.853531 -0.398108
41.21799850 -54.06299973 268.21798706 0.343910 0.848104 -0.403044
41.21799850 -54.22900009 267.91799927 0.334165 0.833059 -0.440847
40.91799927 -54.10400009 267.91799927 0.395496 0.854582 -0.336560
34.61800003 -54.86100006 258.91799927 0.451419 0.791197 -0.412587
34.61800003 -54.69400024 259.21798706 0.357263 0.835713 -0.417070
41.51800156 -54.52700043 267.61801147 0.406716 0.846157 -0.344384
41.81800079 -54.66899872 267.61801147 0.424612 0.828704 -0.364630
41.51800156 -54.64599991 267.31799316 0.404469 0.826386 -0.391780
41.81800079 -54.79999924 267.31799316 0.428311 0.826594 -0.365092
42.41799927 -54.98300171 267.61801147 0.395931 0.834452 -0.383312
42.41799927 -55.12799835 267.31799316 0.406144 0.838947 -0.362237
42.11800003 -54.95700073 267.31799316 0.452336 0.810368 -0.372418
42.41799927 -55.24200058 267.01800537 0.394933 0.847624 -0.354347
42.11800003 -55.11000061 267.01800537 0.371175 0.844149 -0.386836
34.21699905 -54.34700012 258.91799927 0.952664 0.274272 -0.131173
42.11800003 -55.23199844 266.71798706 0.332075 0.870740 -0.362681
42.41799927 -55.37900162 266.71798706 0.390648 0.851332 -0.350182
34.13100052 -54.04700089 258.91799927 0.978994 0.200545 -0.036786
34.14899826 -54.04700089 259.21798706 0.963213 0.251996 -0.093379
43.01800156 -55.61000061 266.71798706 -0.020628 0.967088 -0.253603
42.71799850 -55.58700180 266.71798706 0.182641 0.932726 -0.310909
43.31800079 -55.57400131 266.71798706 -0.271317 0.885904 -0.376247
43.01800156 -55.67399979 266.41799927 0.109239 0.934602 -0.338506
42.71799850 -55.63399887 266.41799927 0.293773 0.910551 -0.290850
43.01800156 -55.82400131 266.11801147 0.184699 0.870302 -0.456576
42.71799850 -55.77099991 266.11801147 0.195847 0.900895 -0.387341
43.31800079 -55.70399857 266.41799927 0.091781 0.913699 -0.395891
43.61800003 -55.75400162 266.11801147 -0.420462 0.872571 -0.248660
43.31800079 -55.89899826 266.11801147 -0.104420 0.856817 -0.504936
43.61800003 -55.84000015 265.81799316 -0.352195 0.865876 -0.355271
43.31800079 -55.98600006 265.81799316 -0.265181 0.952786 -0.147915
43.61800003 -56.00000000 265.51800537 -0.428991 0.801746 -0.416137
34.46599960 -54.34700012 259.51800537 0.771354 0.546843 -0.325540
34.59199905 -54.34700012 259.81799316 0.807313 0.507138 -0.301755
43.91799927 -55.65399933 265.81799316 -0.999999 0.000978 0.000978
43.91799927 -55.75600052 265.51800537 -0.999999 0.000978 0.000978
44.21799850 -55.65299988 265.21798706 -0.999999 0.000978 0.000978
34.18899918 -54.04700089 259.51800537 0.942911 0.292534 -0.159193
43.91799927 -55.92200089 265.21798706 -0.999999 0.000978 0.000978
44.21799850 -55.75799942 264.91799927 -0.999999 -0.000978 -0.000978
43.91799927 -56.00999832 264.91799927 -0.999999 -0.000978 -0.000978
34.25000000 -54.04700089 259.81799316 0.917509 0.351356 -0.186347
44.51800156 -55.64599991 264.61801147 -0.995322 -0.088692 0.038324
44.81800079 -55.56800079 264.31799316 -0.999999 0.000978 0.000978
44.51800156 -55.77899933 264.31799316 -0.999999 -0.000978 -0.000978
44.81800079 -55.41299820 264.61801147 -0.562429 0.708428 -0.426384
45.41799927 -55.21599960 264.01800537 -0.558989 0.761965 -0.327017
45.11800003 -55.51699829 264.01800537 -0.549082 0.747860 -0.373115
45.55199814 -55.24700165 263.71798706 -0.705551 0.600294 -0.376623
45.41799927 -55.53099823 263.41799927 -0.473478 0.687630 -0.550439
46.01800156 -54.95600128 263.41799927 -0.475920 0.828569 -0.294914
45.71799850 -55.28200150 263.41799927 -0.629340 0.655908 -0.416792
45.92300034 -55.24700165 263.11801147 -0.690448 0.671313 -0.269482
45.71799850 -55.45800018 263.11801147 -0.716727 0.697319 0.006932
46.01800156 -55.26900101 262.81799316 -0.701445 0.660089 -0.268808
45.71799850 -55.45500183 262.81799316 -0.868152 0.469944 -0.159576
46.01800156 -55.39199829 262.51800537 -0.439383 0.810062 -0.388255
45.79000092 -55.54700089 262.51800537 -0.000978 -0.000978 -0.999999
34.47299957 -54.04700089 260.11801147 0.804363 0.517878 -0.291208
34.61800003 -54.10300064 260.41799927 0.593517 0.792843 -0.138338
34.58200073 -54.04700089 260.41799927 0.593517 0.792843 -0.138338
34.31800079 -53.77500153 260.41799927 0.849043 -0.471013 -0.239317
46.61800003 -54.97000122 262.51800537 -0.575145 0.688506 -0.441778
46.31800079 -55.25899887 262.51800537 -0.394900 0.888895 -0.232207
46.61800003 -55.17900085 262.21798706 -0.460090 0.868401 -0.184924
46.31800079 -55.33800125 262.21798706 -0.456452 0.860179 -0.227473
46.61800003 -55.24200058 261.91799927 -0.513297 0.839532 -0.178082
46.31800079 -55.50999832 261.91799927 -0.331954 0.929193 -0.162505
34.24900055 -53.74700165 260.11801147 0.886278 0.388771 -0.251733
34.09799957 -53.44699860 260.11801147 0.975216 0.213062 -0.059657
34.13999939 -53.44699860 260.41799927 0.972094 0.138508 -0.189336
46.87500000 -54.94699860 262.21798706 -0.638463 0.696948 -0.326542
46.91799927 -54.98600006 261.91799927 -0.872887 0.451899 -0.183998
47.21799850 -54.61000061 262.21798706 -0.596169 0.762908 -0.250108
34.61299896 -54.04700089 260.71798706 0.874085 0.473285 -0.109438
47.29600143 -54.64699936 261.91799927 -0.662066 0.703346 -0.258793
34.61800003 -53.96599960 261.01800537 0.581343 0.725451 -0.368457
47.51800156 -54.41500092 262.21798706 -0.999999 -0.000978 -0.000978
47.51800156 -54.43799973 261.91799927 -0.628439 0.759300 -0.168902
34.41799927 -53.74700165 260.71798706 0.453344 -0.888775 -0.067519
34.46300125 -53.74700165 261.01800537 0.821596 0.546234 -0.163122
46.91799927 -55.10800171 261.61801147 -0.561904 0.777168 -0.283326
46.91799927 -55.20399857 261.31799316 -0.999999 -0.000978 -0.000978
34.21500015 -53.44699860 260.71798706 0.936666 0.263830 -0.230328
34.28699875 -53.44699860 261.01800537 0.870330 0.413218 -0.267910
47.21799850 -54.84999847 261.61801147 -0.601080 0.718364 -0.350223
47.28599930 -54.94699860 261.31799316 -0.638881 0.678298 -0.362963
47.51800156 -54.54700089 261.61801147 -0.604321 0.724213 -0.332133
47.81800079 -54.50899887 261.31799316 -0.999999 0.000978 0.000978
47.51800156 -54.72800064 261.31799316 -0.644803 0.683981 -0.341174
47.81800079 -54.64500046 261.01800537 -0.437408 0.805921 -0.398955
47.51800156 -54.87799835 261.01800537 -0.603203 0.714362 -0.354729
47.81800079 -54.80500031 260.71798706 -0.999999 0.000978 0.000978
47.81800079 -54.94300079 260.41799927 -0.999999 -0.000978 -0.000978
48.11800003 -54.49000168 261.01800537 -0.432802 0.839043 -0.329680
48.11800003 -54.60800171 260.71798706 -0.999999 -0.000978 -0.000978
48.41799927 -43.84700012 254.32800293 0.458537 -0.726707 0.511509
48.65200043 -43.84700012 254.11799622 0.427137 -0.676439 0.599987
48.41799927 -43.99499893 254.11799622 0.458537 -0.726707 0.511509
48.41799927 -54.34199905 260.41799927 -0.529076 0.529076 -0.663444
48.41299820 -54.34700012 260.41799927 -0.529076 0.529076 -0.663444
48.41799927 -54.34700012 260.41400146 -0.529076 0.529076 -0.663444
48.70899963 -54.34700012 260.11801147 -0.888599 0.400683 -0.223259
48.11800003 -54.69699860 260.41799927 -0.999999 -0.000978 -0.000978
48.41799927 -54.59500122 260.11801147 -0.552365 0.708288 -0.439570
48.11800003 -54.81000137 260.11801147 -0.499375 0.811287 -0.304036
48.41799927 -54.66999817 259.81799316 -0.547621 0.769239 -0.329215
48.41799927 -54.84899902 259.51800537 -0.510309 0.753157 -0.415139
49.01800156 -54.04700089 260.04199219 -0.407778 0.721453 -0.559663
49.27399826 -54.04700089 259.81799316 -0.555843 0.659958 -0.505464
49.01800156 -54.26599884 259.81799316 -0.521999 0.609843 -0.596329
34.53799820 -53.74700165 261.31799316 0.853258 0.435085 -0.287494
34.39899826 -53.44699860 261.31799316 0.848528 0.500795 -0.170894
48.71799850 -54.49499893 259.81799316 -0.962678 0.239698 -0.125679
49.01800156 -54.43999863 259.51800537 -0.540480 0.757970 -0.365189
48.71799850 -54.62799835 259.51800537 -0.999999 0.000978 0.000978
34.61800003 -53.65599823 261.61801147 0.494836 0.729841 -0.471666
34.40700150 -53.44699860 261.61801147 0.704184 0.709784 -0.018200
49.01800156 -54.55500031 259.21798706 -0.999999 -0.000978 -0.000978
48.71799850 -54.78599930 259.21798706 -0.999999 -0.000978 -0.000978
49.01800156 -54.66400146 258.91799927 -0.999999 -0.000978 -0.000978
48.71799850 -54.85599899 258.91799927 -0.999999 -0.000978 -0.000978
49.31800079 -54.42499924 258.91799927 -0.999999 -0.000978 -0.000978
49.61800003 -54.10300064 259.21798706 -0.613000 0.722984 -0.318631
49.31800079 -54.33499908 259.21798706 -0.999999 -0.000978 -0.000978
49.61800003 -54.19499969 258.91799927 -0.999999 -0.000978 -0.000978
49.31800079 -54.57899857 258.61801147 -0.999999 -0.000978 -0.000978
49.61800003 -54.47200012 258.31799316 -0.572636 0.702101 -0.423252
49.31800079 -54.74000168 258.31799316 -0.586177 0.783108 -0.207700
49.61800003 -54.28200150 258.61801147 -0.589756 0.732727 -0.339557
50.21799850 -53.85200119 258.61801147 -0.607791 0.721245 -0.332259
49.91799927 -54.07899857 258.61801147 -0.540202 0.752366 -0.376999
50.22000122 -54.04700089 258.31799316 -0.656249 0.682174 -0.322453
49.91799927 -54.25199890 258.31799316 -0.542618 0.762904 -0.351487
34.19499969 -53.14699936 261.31799316 0.988488 0.104608 -0.109310
34.16099930 -52.84700012 261.31799316 0.995407 0.086700 0.040606
34.22499847 -53.14699936 261.61801147 0.912195 0.382079 -0.148038
34.11199951 -52.84700012 261.61801147 0.995047 0.078585 -0.060876
34.62599945 -53.44699860 261.91799927 0.581814 0.773139 -0.252485
34.61800003 -53.44100189 261.91799927 0.581814 0.773139 -0.252485
34.75600052 -53.44699860 262.21798706 0.596684 0.752617 -0.278452
34.29199982 -53.14699936 261.91799927 0.931001 0.299100 -0.209229
34.19599915 -52.84700012 261.91799927 0.936257 0.152159 -0.316655
34.31299973 -52.84700012 262.21798706 0.949360 0.213844 -0.230189
34.41799927 -53.14699936 262.51800537 -0.000978 -0.000978 -0.999999
34.34099960 -52.84700012 262.51800537 0.929322 0.307899 -0.203860
34.61800003 -53.08300018 262.81799316 0.000978 0.000978 -0.999999
34.44200134 -52.84700012 262.81799316 0.811267 0.474695 -0.341336
34.59199905 -52.84700012 263.11801147 0.386548 0.901945 -0.192550
34.61800003 -52.79399872 263.41799927 0.800612 0.574450 -0.170375
34.38899994 -52.54700089 263.11801147 0.000978 0.999999 0.000978
34.44100189 -52.54700089 263.41799927 0.804110 0.578186 -0.138230
50.36700058 -45.34700012 255.91799927 -0.998755 -0.046671 -0.017631
34.20600128 -52.24700165 263.11801147 0.992820 0.094176 -0.073752
34.24700165 -52.24700165 263.41799927 0.927255 0.282578 -0.245659
50.29299927 -45.04700089 255.91799927 -0.981575 -0.189794 -0.022123
47.51800156 -37.40999985 267.01800537 -0.431886 -0.817556 0.380889
34.36399841 -52.24700165 263.71798706 0.886669 0.367570 -0.280553
34.72299957 -52.54700089 264.01800537 0.708245 0.620325 -0.337027
34.43700027 -52.24700165 264.01800537 0.853526 0.477192 -0.209242
49.61800003 -39.57799911 264.61801147 -0.397099 -0.827421 0.397099
49.31800079 -39.43099976 264.61801147 -0.382832 -0.833408 0.398586
49.31800079 -39.55099869 264.31799316 -0.455661 -0.831465 0.317867
49.61800003 -39.71599960 264.31799316 -0.455143 -0.819893 0.347305
49.01800156 -39.30400085 264.61801147 -0.378126 -0.891190 0.250601
48.71799850 -39.08499908 264.61801147 -0.430104 -0.830273 0.354481
48.71799850 -39.27700043 264.31799316 -0.324008 -0.874670 0.360516
49.01800156 -39.38800049 264.31799316 -0.396181 -0.867314 0.301342
41.81800079 -36.15100098 263.41799927 -0.301886 -0.875317 0.377737
41.81800079 -36.27999878 263.11801147 -0.316071 -0.871868 0.374094
34.61800003 -52.35900116 264.31799316 0.676921 0.698909 -0.230876
34.63199997 -52.24700165 264.61801147 0.883301 0.424749 -0.198412
34.33300018 -51.94699860 264.31799316 0.877979 0.353315 -0.322987
34.48799896 -51.94699860 264.61801147 0.828109 0.416430 -0.375262
34.33100128 -51.64699936 264.61801147 0.910149 0.381950 -0.160447
34.85800171 -52.24700165 264.91799927 0.557148 0.728072 -0.399371
34.61800003 -51.97299957 264.91799927 0.274052 0.961042 -0.035962
34.34799957 -51.64699936 264.91799927 0.955431 0.294457 -0.021121
50.34500122 -45.34700012 256.21798706 -0.994029 -0.102831 0.036488
34.56499863 -51.94699860 265.21798706 0.758579 -0.623721 0.188495
34.34500122 -51.64699936 265.21798706 0.950368 0.311007 0.008674
34.61800003 -42.22800064 261.01800537 0.558352 -0.779795 0.283130
34.61800003 -41.97600174 261.61801147 0.999999 -0.000978 -0.000978
34.61800003 -42.11899948 261.31799316 0.999999 0.000978 0.000978
50.30899811 -45.04700089 256.21798706 -0.989876 -0.108177 0.091892
34.61800003 -51.79199982 265.51800537 0.615043 -0.739005 0.274942
34.61800003 -51.68099976 265.81799316 0.999999 -0.000978 -0.000978
34.34700012 -51.34700012 265.81799316 0.965659 0.170258 -0.196251
35.81999969 -39.94699860 264.31799316 0.415934 -0.827123 0.377978
34.43399811 -51.34700012 266.11801147 0.840741 0.441428 -0.313523
34.34199905 -51.04700089 266.11801147 0.959740 0.252013 -0.124048
34.56700134 -51.34700012 266.41799927 0.000978 0.999999 0.000978
34.38899994 -51.04700089 266.41799927 0.924117 0.258524 -0.281377
34.61800003 -51.56399918 266.11801147 0.740044 0.626916 -0.243539
34.66299820 -51.34700012 266.71798706 0.686184 0.586496 -0.430319
34.52299881 -51.04700089 266.71798706 0.888976 0.414465 -0.194784
34.51599884 -51.04700089 267.01800537 0.841116 0.519989 -0.148779
34.39099884 -50.74700165 266.71798706 0.943049 0.326490 -0.063737
34.31999969 -50.44699860 266.71798706 0.979207 0.179705 -0.094131
34.37400055 -50.74700165 267.01800537 0.954847 0.294861 -0.036387
34.33300018 -50.44699860 267.01800537 0.994072 0.104581 -0.029723
34.61800003 -51.02899933 267.31799316 0.619677 0.742667 -0.253863
34.61800003 -50.92599869 267.61801147 0.742689 0.633699 -0.216423
34.41299820 -50.74700165 267.31799316 0.956722 0.252744 -0.144236
34.33800125 -50.44699860 267.31799316 0.981609 0.182486 -0.056058
34.46500015 -50.74700165 267.61801147 0.865741 0.441152 -0.236385
34.36700058 -50.44699860 267.61801147 0.960062 0.261601 -0.099228
34.57400131 -50.74700165 267.91799927 0.820832 0.488105 -0.296629
34.40000153 -50.44699860 267.91799927 0.935850 0.325572 -0.134860
34.61800003 -50.63800049 268.21798706 0.506930 0.783729 -0.358874
34.45399857 -50.44699860 268.21798706 0.839650 0.480458 -0.253276
34.33300018 -50.14699936 268.21798706 0.967563 0.210004 -0.140432
34.32600021 -49.84700012 268.21798706 0.998252 0.055633 -0.019944
34.61800003 -50.50799942 268.51800537 0.999999 -0.000978 -0.000978
34.61800003 -50.38499832 268.81799316 0.503407 0.697411 -0.510097
34.38899994 -50.14699936 268.51800537 0.944151 0.238450 -0.227423
34.32400131 -49.84700012 268.51800537 0.994200 0.092613 -0.054675
34.47700119 -50.14699936 268.81799316 0.866281 0.412587 -0.281655
34.35900116 -49.84700012 268.81799316 0.963285 0.213047 -0.163379
34.58300018 -50.14699936 269.11801147 0.875024 0.423302 -0.234836
34.42399979 -49.84700012 269.11801147 0.918405 0.356922 -0.170702
34.65200043 -50.14699936 269.41799927 0.597228 0.788821 -0.145191
34.61800003 -50.11500168 269.41799927 0.847256 0.501802 -0.174216
34.46900177 -49.84700012 269.41799927 0.901945 0.386548 -0.192550
34.55199814 -49.84700012 269.71798706 0.884897 0.403037 -0.233494
34.62799835 -49.84700012 270.01800537 0.879477 0.421137 -0.221729
34.91799927 -50.09700012 270.01800537 0.412026 0.873858 -0.258082
34.41299820 -49.54700089 269.71798706 0.940279 0.292379 -0.174329
34.36700058 -49.24700165 269.71798706 0.992505 0.087541 -0.085267
34.48400116 -49.54700089 270.01800537 0.896956 0.351370 -0.268346
34.39300156 -49.24700165 270.01800537 0.974804 0.169805 -0.144648
34.59299850 -49.54700089 270.31799316 0.892132 0.369619 -0.259772
34.45500183 -49.24700165 270.31799316 0.932664 0.329256 -0.147408
34.65800095 -49.54700089 270.61801147 0.537569 0.817774 -0.205586
34.48699951 -49.24700165 270.61801147 0.953234 0.273675 -0.128244
34.82300186 -49.54700089 270.91799927 0.363595 0.929482 -0.062142
34.53499985 -49.24700165 270.91799927 0.952052 0.285747 -0.109295
34.55599976 -49.24700165 271.21798706 0.899189 0.413371 -0.143472
34.91799927 -49.54700089 271.48199463 0.999999 -0.000978 -0.000978
34.43600082 -48.94699860 270.91799927 0.974954 0.216791 -0.049656
34.40299988 -48.64699936 270.91799927 0.991338 0.131223 -0.005514
34.43600082 -48.94699860 271.21798706 0.952535 0.253920 -0.167936
34.39799881 -48.64699936 271.21798706 0.993255 0.091529 -0.071189
34.63000107 -49.24700165 271.51800537 0.933019 0.277232 -0.229385
34.54100037 -48.94699860 271.51800537 0.910956 0.281303 -0.301709
34.44599915 -48.64699936 271.51800537 0.954671 0.261572 -0.142072
34.61800003 -48.89300156 271.81799316 0.835820 0.454624 -0.307769
34.48799896 -48.64699936 271.81799316 0.920483 0.372871 -0.116952
34.76300049 -48.94699860 272.11801147 0.706734 0.672411 -0.219977
34.52099991 -48.64699936 272.11801147 0.936794 0.346913 -0.045475
34.51699829 -48.64699936 272.41799927 0.938584 0.344863 0.011369
43.01800156 -42.48799896 250.51800537 -0.999999 0.000978 0.000978
43.31800079 -42.66899872 250.51800537 -0.411028 -0.842374 0.348514
43.61800003 -42.81499863 250.51800537 -0.411195 -0.798201 0.440220
43.61800003 -42.66099930 250.81799316 -0.367853 -0.828852 0.421531
43.31800079 -42.54499817 250.81799316 -0.365917 -0.837054 0.406749
43.91799927 -42.81000137 250.81799316 -0.421530 -0.847727 0.321981
43.91799927 -42.69599915 251.11799622 -0.999999 -0.000978 -0.000978
44.21799850 -42.88399887 251.11799622 -0.442838 -0.800328 0.404190
44.21799850 -42.70999908 251.41799927 -0.429968 -0.810385 0.398000
43.91799927 -42.55899811 251.41799927 -0.413525 -0.834911 0.363210
44.51800156 -42.87900162 251.41799927 -0.440670 -0.816115 0.373854
44.51800156 -43.04999924 251.11799622 -0.360102 -0.884434 0.296820
44.81800079 -43.12799835 251.11799622 -0.349776 -0.894532 0.278332
44.81800079 -43.03400040 251.41799927 -0.411208 -0.851898 0.324311
45.11800003 -43.28200150 251.11799622 -0.437323 -0.828861 0.348911
45.41799927 -43.44599915 251.11799622 -0.452281 -0.817280 0.357064
45.41799927 -43.34400177 251.41799927 -0.421279 -0.853360 0.307086
45.11800003 -43.16799927 251.41799927 -0.389272 -0.863168 0.321572
45.11800003 -42.87099838 252.01800537 -0.420991 -0.903691 0.078164
45.11800003 -43.05899811 251.71800232 -0.446124 -0.840952 0.306225
45.41799927 -43.22999954 251.71800232 -0.999999 -0.000978 -0.000978
45.41799927 -43.09600067 252.01800537 -0.999999 0.000978 0.000978
45.71799850 -43.42599869 251.71800232 -0.479965 -0.857399 0.185745
45.71799850 -43.35800171 252.01800537 -0.267509 -0.955388 -0.125189
46.14199829 -43.54700089 252.01800537 -0.682961 -0.673364 0.283101
46.01800156 -43.50400162 252.01800537 -0.395602 -0.874569 0.280408
45.71799850 -43.50099945 252.31799316 -0.851527 -0.473407 -0.225360
45.57699966 -43.24700165 252.31799316 -0.842660 -0.528643 -0.102272
45.41799927 -43.02299881 252.31799316 -0.777317 -0.624449 0.076434
45.52799988 -43.24700165 252.61799622 -0.871788 -0.471198 -0.134010
45.41799927 -43.01300049 252.61799622 -0.733167 -0.653241 0.189056
46.01800156 -43.93799973 253.21800232 -0.395790 -0.913466 0.094497
46.01800156 -44.14699936 253.50300598 -0.906778 -0.421606 -0.001297
45.71799850 -43.80799866 253.21800232 -0.670768 -0.741079 0.029531
46.39500046 -44.44699860 253.81799316 -0.780381 -0.413715 0.468877
35.21799850 -39.21300125 267.31799316 0.999999 -0.000978 -0.000978
34.91799927 -39.24300003 267.61801147 0.531599 -0.759195 0.375533
35.21799850 -39.04999924 267.61801147 0.999999 0.000978 0.000978
49.01800156 -43.97200012 254.11799622 -0.414611 -0.808412 0.417813
48.71799850 -43.66699982 254.41799927 -0.407348 -0.835142 0.369601
49.01800156 -43.81299973 254.41799927 -0.434999 -0.817415 0.377636
49.31800079 -44.13000107 254.11799622 -0.430055 -0.823611 0.369752
49.31800079 -43.98400116 254.41799927 -0.999999 -0.000978 -0.000978
49.61800003 -44.01499939 254.71800232 -0.408250 -0.792295 0.453432
49.31800079 -43.84400177 254.71800232 -0.407117 -0.825323 0.391276
49.31800079 -43.70000076 255.01800537 -0.377168 -0.855224 0.355438
49.61800003 -43.81900024 255.01800537 -0.348450 -0.874929 0.336277
42.41799927 -55.69400024 266.11801147 0.233005 0.913206 -0.334311
50.51800156 -54.89599991 255.31799316 -0.999999 0.000978 0.000978
50.51800156 -54.81000137 255.61799622 -0.819078 0.540500 -0.192279
39.25199890 -56.74700165 259.81799316 0.656299 0.721773 -0.219806
39.15100098 -56.74700165 259.51800537 0.000978 0.999999 0.000978
39.41799927 -56.89799881 259.81799316 0.538262 0.803493 -0.254309
39.41799927 -57.12900162 259.51800537 0.318426 0.862980 -0.392264
38.81800079 -56.38800049 259.81799316 0.774544 0.602764 0.191719
38.89099884 -56.44699860 259.81799316 0.627164 0.763175 0.155658
38.96400070 -56.44699860 259.51800537 0.432915 0.901357 0.011843
38.92599869 -56.44699860 259.21798706 0.928009 0.353983 -0.116172
39.04100037 -56.74700165 259.21798706 0.874866 0.392704 -0.283536
38.88800049 -56.44699860 258.91799927 0.966482 0.135488 -0.218071
38.86999893 -56.74700165 258.91799927 0.977044 -0.059325 -0.204610
39.19499969 -57.04700089 259.21798706 0.691519 0.500639 -0.520732
39.41799927 -57.26499939 259.21798706 0.526770 0.795692 -0.298978
39.11800003 -57.18799973 258.91799927 0.487025 0.781505 -0.389944
38.79199982 -56.44699860 258.61801147 0.938376 0.094772 -0.332369
38.80699921 -56.74700165 258.61801147 0.970124 0.224647 -0.091616
38.55899811 -56.74700165 258.31799316 0.683733 0.459723 -0.566713
38.92900085 -57.04700089 258.61801147 0.750919 0.422289 -0.507733
38.76100159 -57.04700089 258.31799316 0.752347 0.506482 -0.421249
50.38100052 -52.84700012 254.11799622 0.000978 0.999999 0.000978
50.44499969 -53.14699936 254.11799622 -0.564152 0.043396 0.824530
50.64099884 -53.44699860 254.41799927 -0.894384 0.178297 0.410228
50.55500031 -53.74700165 254.41799927 -0.918204 0.263785 0.295497
50.51800156 -53.44699860 254.24400330 -0.467775 0.399794 0.788258
50.21799850 -54.80899811 256.21798706 -0.999999 0.000978 0.000978
49.91799927 -55.17100143 255.91799927 -0.999999 0.000978 0.000978
50.21799850 -54.95999908 255.91799927 -0.999999 -0.000978 -0.000978
49.91799927 -55.05500031 256.21798706 -0.999999 -0.000978 -0.000978
49.61800003 -54.04700089 254.41900635 -0.066064 0.403123 0.912758
49.61800003 -54.34700012 254.56199646 -0.006557 0.439318 0.898308
49.31800079 -54.34700012 254.55499268 -0.039198 0.452807 0.890746
49.31800079 -54.04700089 254.40299988 0.014265 0.392940 0.919454
49.01800156 -54.64699936 254.69200134 -0.044487 0.440829 0.896488
48.71799850 -54.64699936 254.67999268 0.017081 0.424406 0.905311
48.41799927 -54.64699936 254.70300293 0.035733 0.408947 0.911858
48.11800003 -54.64699936 254.70300293 0.014323 0.402348 0.915375
49.01800156 -54.94699860 254.82899475 -0.022268 0.407374 0.912990
48.71799850 -54.94699860 254.81900024 -0.001315 0.450890 0.892578
48.41799927 -54.94699860 254.82800293 0.035343 0.383538 0.922848
48.11800003 -54.94699860 254.84199524 0.001285 0.394539 0.918878
49.31800079 -55.36700058 256.51800537 -0.626258 0.716413 -0.307494
49.61800003 -55.17699814 256.51800537 -0.999999 0.000978 0.000978
49.31800079 -55.23799896 256.81799316 -0.999999 -0.000978 -0.000978
49.61800003 -55.05699921 256.81799316 -0.999999 -0.000978 -0.000978
44.51800156 -57.43500137 260.41799927 -0.468262 0.835404 -0.287802
44.51800156 -57.52799988 260.11801147 -0.999999 -0.000978 -0.000978
45.71799850 -39.21500015 261.01800537 -0.444886 -0.821693 0.356225
47.81800079 -55.84700012 255.24600220 0.001289 0.406019 0.913864
47.51800156 -55.84700012 255.22900391 -0.003811 0.364588 0.931161
45.71799850 -39.33399963 260.71798706 -0.387580 -0.851431 0.353336
47.81800079 -56.14699936 255.38499451 0.044432 0.437593 0.898075
47.51800156 -56.14699936 255.40199280 0.003895 0.414191 0.910182
45.41799927 -39.32699966 260.41799927 -0.380035 -0.846086 0.373779
45.11800003 -39.15299988 260.41799927 -0.437323 -0.828861 0.348911
49.61800003 -55.39500046 255.91799927 -0.999999 0.000978 0.000978
49.36299896 -55.54700089 256.21798706 -0.569317 0.744492 -0.348727
49.61800003 -55.29800034 256.21798706 -0.999999 0.000978 0.000978
45.11800003 -39.27999878 260.11801147 -0.408602 -0.840687 0.355374
48.11800003 -37.88499832 266.71798706 -0.402913 -0.841884 0.359016
48.41799927 -38.02999878 266.71798706 -0.413863 -0.844905 0.338899
48.41799927 -37.91299820 267.01800537 -0.395539 -0.845797 0.358018
48.11800003 -37.75799942 267.01800537 -0.430583 -0.831198 0.351721
47.21799850 -55.84700012 255.24299622 0.030217 0.400705 0.915709
46.91799927 -55.84700012 255.24800110 0.014579 0.446636 0.894597
47.21799850 -56.14699936 255.38800049 -0.006540 0.427740 0.903878
46.91799927 -56.14699936 255.39799500 0.025104 0.418842 0.907712
46.91799927 -56.74700165 255.69799805 -0.046950 0.650191 0.758319
47.21799850 -56.44699860 255.52699280 -0.003905 0.420458 0.907304
46.91799927 -56.44699860 255.52499390 -0.009023 0.387984 0.921622
46.61800003 -56.74700165 255.67900085 -0.033944 0.476577 0.878477
46.31800079 -56.74700165 255.67399597 0.006572 0.440356 0.897799
46.61800003 -56.44699860 255.52099609 0.033140 0.417567 0.908042
46.31800079 -56.44699860 255.54600525 0.060559 0.407764 0.911077
46.61800003 -57.34700012 256.41101074 -0.560604 0.806724 0.186868
46.61800003 -57.30199814 256.21798706 -0.560604 0.806724 0.186868
46.61800003 -57.08399963 255.91799927 -0.146692 0.549725 0.822365
46.31800079 -57.34700012 256.02398682 -0.116365 0.785099 0.608341
46.31800079 -57.04700089 255.83999634 -0.116912 0.503732 0.855912
46.01800156 -57.04700089 255.81399536 -0.035967 0.424944 0.904505
45.71799850 -57.04700089 255.81700134 0.003905 0.420458 0.907304
46.01800156 -57.34700012 255.96699524 -0.080207 0.499533 0.862574
45.71799850 -57.34700012 255.96800232 0.019972 0.454035 0.890760
45.41799927 -57.34700012 255.97999573 -0.006465 0.399521 0.916701
45.11800003 -57.34700012 255.96299744 -0.052804 0.431907 0.900371
46.01800156 -57.63899994 256.21798706 -0.284204 0.837083 0.467462
45.71799850 -57.64699936 256.12298584 -0.203331 0.489501 0.847966
45.41799927 -58.17499924 256.81799316 -0.999999 0.000978 0.000978
45.11800003 -58.36600113 256.81799316 -0.381769 0.924214 0.008998
45.41799927 -58.13800049 256.51800537 -0.385435 0.915925 0.111900
45.11800003 -58.26399994 256.51800537 -0.228259 0.878722 0.419220
34.61800003 -55.84700012 255.59700012 0.134356 0.278023 0.951132
34.91799927 -55.84700012 255.55499268 0.049537 0.413698 0.909065
35.21799850 -55.84700012 255.56500244 0.055290 0.422091 0.904866
35.21799850 -56.14699936 255.71499634 0.058778 0.446987 0.892607
34.61800003 -55.29399872 255.31799316 0.077168 0.489665 0.868489
34.61800003 -55.54700089 255.50900269 0.090749 0.448158 0.889336
34.49800110 -55.24700165 255.31799316 -0.000978 -0.000978 0.999999
34.31800079 -55.13499832 255.31799316 0.195750 0.316862 0.928052
44.81800079 -58.41400146 256.81799316 -0.154864 0.964318 0.214727
44.51800156 -58.50199890 256.51800537 -0.289546 0.740662 0.606287
34.91799927 -55.54700089 255.43699646 0.110619 0.364633 0.924557
35.21799850 -55.54700089 255.43800354 0.090294 0.434798 0.895990
34.91799927 -55.24700165 255.32099915 0.035685 0.405757 0.913284
35.21799850 -55.24700165 255.27400208 0.087325 0.439396 0.894039
35.51800156 -55.54700089 255.37600708 0.088714 0.391707 0.915803
35.81800079 -55.54700089 255.38000488 -0.027402 0.384934 0.922537
35.51800156 -55.24700165 255.26300049 0.024846 0.398842 0.916683
35.81800079 -55.24700165 255.25799561 0.001284 0.396706 0.917945
35.51800156 -54.64699936 255.00399780 0.064502 0.346205 0.935939
35.81800079 -54.64699936 254.98899841 0.024523 0.365263 0.930581
35.51800156 -54.94699860 255.11599731 0.032911 0.396246 0.917554
35.81800079 -54.94699860 255.12199402 0.011710 0.409850 0.912078
36.11800003 -54.64699936 254.98800659 0.029911 0.373242 0.927252
36.41799927 -54.64699936 254.96899414 0.045614 0.353185 0.934441
36.11800003 -54.94699860 255.10899353 0.035914 0.416340 0.908499
36.41799927 -54.94699860 255.09899902 0.052195 0.408191 0.911403
48.41799927 -40.03099823 262.21798706 -0.411475 -0.843289 0.345764
48.41799927 -40.13999939 261.91799927 -0.361135 -0.857115 0.367335
48.11800003 -40.02700043 261.91799927 -0.343064 -0.863045 0.370756
48.71799850 -40.46400070 261.61801147 -0.458334 -0.816754 0.350490
50.27099991 -48.34700012 256.81799316 -0.855728 0.042856 0.515649
50.25400162 -48.04700089 256.81799316 -0.873938 0.267162 0.406026
50.84199905 -54.04700089 255.01800537 -0.973248 -0.166226 0.158613
50.86100006 -54.34700012 255.01800537 -0.989688 0.082377 0.117185
50.81800079 -54.04700089 254.96200562 -0.983663 -0.167710 0.065419
50.84400177 -52.84700012 255.01800537 -0.991553 -0.090558 0.092851
50.87799835 -53.14699936 255.01800537 -0.984844 0.113959 0.130753
50.78300095 -52.84700012 254.71800232 -0.990944 -0.034948 0.129646
36.11800003 -54.34700012 254.86700439 0.021696 0.345861 0.938035
50.83200073 -53.14699936 254.71800232 -0.949512 0.068468 0.306169
36.41799927 -54.34700012 254.87199402 0.026762 0.335166 0.941779
36.11800003 -54.04700089 254.76699829 -0.011568 0.381758 0.924190
36.41799927 -54.04700089 254.75500488 0.061032 0.421800 0.904632
50.51800156 -52.84700012 254.33700562 -0.802605 0.213312 0.557066
48.11800003 -40.14699936 261.61801147 -0.404919 -0.842670 0.354891
48.41799927 -40.28799820 261.61801147 -0.393830 -0.817955 0.419341
48.41799927 -40.44800186 261.31799316 -0.403721 -0.802617 0.439107
48.11800003 -40.27999878 261.31799316 -0.411939 -0.819106 0.399215
48.11800003 -40.43899918 261.01800537 -0.398955 -0.805921 0.437408
47.81800079 -40.00000000 261.61801147 -0.405593 -0.819139 0.405593
47.81800079 -40.14599991 261.31799316 -0.370574 -0.834187 0.408420
47.51800156 -39.97399902 261.31799316 -0.429968 -0.810385 0.398000
36.71799850 -54.34700012 254.85000610 0.032368 0.363818 0.930908
37.01800156 -54.34700012 254.85200500 0.008939 0.371596 0.928352
36.71799850 -54.04700089 254.72599792 0.025012 0.414665 0.909630
37.01800156 -54.04700089 254.73899841 0.011738 0.410824 0.911639
47.51800156 -40.10900116 261.01800537 -0.999999 0.000978 0.000978
47.81800079 -40.29299927 261.01800537 -0.420140 -0.826012 0.375748
47.81800079 -40.41899872 260.71798706 -0.420565 -0.861010 0.285984
47.51800156 -40.25600052 260.71798706 -0.431361 -0.816561 0.383609
47.21799850 -40.10300064 260.71798706 -0.418896 -0.807298 0.415686
36.71799850 -53.74700165 254.57800293 0.016949 0.405475 0.913949
37.01800156 -53.74700165 254.58200073 -0.001294 0.415362 0.909655
36.71799850 -53.44699860 254.46000671 -0.029954 0.376383 0.925980
37.01800156 -53.44699860 254.46699524 0.022268 0.407374 0.912990
46.91799927 -40.11800003 260.41799927 -0.391199 -0.858164 0.332442
47.21799850 -40.25500107 260.41799927 -0.389615 -0.852186 0.349256
46.91799927 -40.23400116 260.11801147 -0.326047 -0.878052 0.350311
47.21799850 -40.34799957 260.11801147 -0.392010 -0.844930 0.363898
46.61800003 -40.06000137 260.11801147 -0.420768 -0.833656 0.357731
37.31800079 -53.74700165 254.57800293 -0.006499 0.412031 0.911147
37.61800003 -53.74700165 254.58599854 -0.001294 0.415362 0.909655
37.31800079 -53.44699860 254.44599915 0.046989 0.420212 0.906208
37.61800003 -53.44699860 254.43499756 0.003895 0.414191 0.910182
46.61800003 -40.19200134 259.81799316 -0.447346 -0.816685 0.364563
46.31800079 -40.02899933 259.81799316 -0.418120 -0.847120 0.327968
46.31800079 -40.14199829 259.51800537 -0.478154 -0.801188 0.359815
46.61800003 -40.32799911 259.51800537 -0.449239 -0.817519 0.360343
46.01800156 -39.89699936 259.81799316 -0.399120 -0.867055 0.298193
45.71799850 -39.75199890 259.81799316 -0.467013 -0.843089 0.266644
45.71799850 -39.81600189 259.51800537 -0.415550 -0.848219 0.328393
46.01800156 -39.97800064 259.51800537 -0.464468 -0.854803 0.231478
35.81800079 -49.33399963 273.01800537 0.030330 0.969338 -0.243851
35.81800079 -49.34700012 272.71798706 0.030701 0.964025 -0.264032
35.51800156 -49.42399979 272.71798706 -0.244259 0.951394 0.187580
36.11800003 -49.44200134 272.71798706 0.269251 0.847758 -0.456958
37.31800079 -53.14699936 254.29899597 0.001307 0.435151 0.900357
37.61800003 -53.14699936 254.31300354 -0.019326 0.369766 0.928924
36.41799927 -49.63199997 272.71798706 0.421006 0.808395 -0.411401
37.31800079 -52.84700012 254.15600586 -0.042908 0.352367 0.934878
37.61800003 -52.84700012 254.19599915 -0.043419 0.377610 0.924946
37.01800156 -50.11500168 272.41799927 0.423810 0.861389 -0.279990
36.71799850 -49.94699860 272.41799927 0.450407 0.816462 -0.361280
46.01800156 -40.15000153 259.21798706 -0.000978 -0.000978 0.999999
45.71799850 -39.98099899 259.21798706 -0.475914 -0.788887 0.388797
36.71799850 -50.05199814 272.11801147 0.408479 0.858576 -0.309827
45.71799850 -40.11100006 258.91799927 -0.398521 -0.854418 0.333393
46.01800156 -40.32400131 258.91799927 -0.375299 -0.891520 0.253660
37.01800156 -50.19900131 272.11801147 0.426033 0.871637 -0.242372
50.74100113 -50.74700165 257.11801147 -0.980762 -0.193340 0.026950
50.64099884 -50.44699860 257.11801147 -0.890213 -0.263933 0.371295
50.72600174 -50.74700165 257.41799927 -0.993695 -0.007602 0.111859
50.78300095 -50.44699860 257.41799927 -0.961171 -0.015917 0.275495
45.41799927 -39.80400085 259.21798706 -0.430763 -0.818609 0.379898
45.11800003 -39.66099930 259.21798706 -0.399813 -0.865495 0.301774
45.11800003 -39.80099869 258.91799927 -0.438185 -0.814228 0.380823
38.81800079 -51.54899979 271.21798706 0.423853 0.823894 -0.376229
38.51800156 -51.40700150 271.21798706 0.412231 0.829200 -0.377483
45.41799927 -39.96300125 258.91799927 -0.413968 -0.800553 0.433297
38.51800156 -51.52600098 270.91799927 0.438338 0.853605 -0.281459
38.81800079 -51.69400024 270.91799927 0.447987 0.814667 -0.368274
45.41799927 -40.12900162 258.61801147 -0.327084 -0.851038 0.410792
45.11800003 -39.98600006 258.61801147 -0.416980 -0.877302 0.237634
45.11800003 -40.06700134 258.31799316 -0.472494 -0.824117 0.312380
45.41799927 -40.25199890 258.31799316 -0.411208 -0.851898 0.324311
40.61800003 -53.01200104 270.01800537 0.360230 0.846774 -0.391418
40.31800079 -52.87599945 270.01800537 0.396758 0.851085 -0.343857
40.61800003 -53.13800049 269.71798706 0.425892 0.843983 -0.326049
40.31800079 -52.97999954 269.71798706 0.412234 0.862780 -0.292701
33.68600082 -40.54700089 268.81799316 0.971447 0.109618 0.210417
33.77199936 -40.84700012 269.11801147 0.983109 -0.055737 -0.174327
33.75500107 -41.14699936 269.11801147 0.997312 -0.046162 -0.056897
43.91799927 -39.86299896 257.41799927 -0.429929 -0.833085 0.348038
43.31800079 -39.54299927 257.41799927 -0.457939 -0.808973 0.368585
43.61800003 -39.71200180 257.41799927 -0.449455 -0.841367 0.300155
43.61800003 -39.81299973 257.11801147 -0.388389 -0.855694 0.341968
43.31800079 -39.70399857 257.11801147 -0.326049 -0.843983 0.425892
37.91799927 -53.14699936 254.31100464 0.035541 0.396211 0.917471
38.21799850 -53.14699936 254.28999329 0.011900 0.445595 0.895156
37.91799927 -52.84700012 254.18400574 0.063465 0.406447 0.911467
38.21799850 -52.84700012 254.15400696 0.033053 0.411185 0.910953
43.61800003 -40.02099991 256.81799316 -0.393570 -0.859679 0.325660
43.61800003 -40.13499832 256.51800537 -0.412952 -0.861213 0.296282
43.31800079 -39.98600006 256.51800537 -0.398172 -0.844749 0.357574
50.38899994 -45.34700012 256.51800537 -0.995081 -0.042977 0.089260
37.91799927 -52.54700089 254.04400635 0.074559 0.402617 0.912327
38.21799850 -52.54700089 254.02000427 0.030217 0.400705 0.915709
37.91799927 -52.24700165 253.91900635 0.038195 0.388539 0.920640
38.21799850 -52.24700165 253.89100647 0.062936 0.386988 0.919934
50.34899902 -45.04700089 256.51800537 -0.988876 -0.143232 0.040105
38.51800156 -52.54700089 254.02499390 -0.033348 0.428192 0.903072
38.81800079 -52.54700089 254.04200745 0.040396 0.360955 0.931708
38.51800156 -52.24700165 253.87800598 -0.016949 0.405475 0.913949
38.81800079 -52.24700165 253.90199280 0.003910 0.423596 0.905843
50.39899826 -45.34700012 256.81799316 -0.997365 -0.022305 0.069040
50.33300018 -45.04700089 256.81799316 -0.987944 -0.134773 0.076176
42.11800003 -54.25099945 268.81799316 0.417443 0.848852 -0.324333
38.51800156 -51.94699860 253.75999451 0.008939 0.371596 0.928352
38.81800079 -51.94699860 253.76199341 0.006482 0.405769 0.913953
38.51800156 -51.64699936 253.63699341 0.019628 0.409578 0.912064
38.81800079 -51.64699936 253.63600159 -0.001299 0.419470 0.907768
42.11800003 -52.07199860 273.61801147 0.167581 0.789592 -0.590307
42.41799927 -52.24700165 273.54000854 0.286581 0.725259 -0.625996
42.41799927 -52.45100021 273.31799316 0.355798 0.823869 -0.441189
42.11800003 -52.32099915 273.31799316 0.407052 0.828359 -0.384878
48.71799850 -38.03799820 267.01800537 -0.450510 -0.850279 0.272151
39.11800003 -52.54700089 253.99899292 0.029882 0.375477 0.926350
39.41799927 -52.54700089 254.02299500 -0.006388 0.376883 0.926239
39.11800003 -52.24700165 253.87500000 0.011563 0.376455 0.926363
39.41799927 -52.24700165 253.89399719 0.003910 0.423596 0.905843
39.11800003 -51.94699860 253.75500488 0.029825 0.366974 0.929753
39.41799927 -51.94699860 253.74299622 0.003944 0.445632 0.895208
39.11800003 -51.64699936 253.63800049 0.060871 0.415276 0.907656
39.41799927 -51.64699936 253.59500122 0.082997 0.393217 0.915692
43.31800079 -39.84600067 256.81799316 -0.385463 -0.835431 0.391756
42.71799850 -39.51900101 256.81799316 -0.413561 -0.812752 0.410368
43.01800156 -39.70700073 256.81799316 -0.384361 -0.830410 0.403342
43.01800156 -39.85300064 256.51800537 -0.388064 -0.837402 0.384922
42.71799850 -39.66699982 256.51800537 -0.340261 -0.849876 0.402409
43.01800156 -39.98199844 256.21798706 -0.339442 -0.864732 0.370160
43.01800156 -40.10900116 255.91799927 -0.410731 -0.859920 0.303049
42.71799850 -39.95500183 255.91799927 -0.429295 -0.847742 0.311510
42.71799850 -39.80300140 256.21798706 -0.999999 0.000978 0.000978
47.81800079 -54.34700012 261.61801147 -0.999999 0.000978 0.000978
48.41799927 -54.27899933 261.01800537 -0.631657 0.727122 -0.268892
48.41799927 -54.32300186 260.71798706 -0.999686 0.025017 0.001001
49.01800156 -53.75400162 261.01800537 -0.587185 0.766646 -0.259747
48.71799850 -54.00000000 261.01800537 -0.999999 -0.000978 -0.000978
49.01800156 -53.85499954 260.71798706 -0.999999 0.000978 0.000978
48.71799850 -54.10200119 260.71798706 -0.999999 -0.000978 -0.000978
49.01800156 -53.96500015 260.41799927 -0.485044 0.855873 -0.179481
48.71799850 -54.10400009 260.41799927 -0.420452 0.907291 -0.006509
49.01800156 -53.98799896 260.11801147 -0.407778 0.721453 -0.559663
48.91299820 -54.04700089 260.11801147 -0.407778 0.721453 -0.559663
48.71799850 -54.32699966 260.11801147 -0.787542 0.540346 -0.296319
49.31800079 -53.74700165 260.41799927 -0.999999 0.000978 0.000978
49.31800079 -53.84600067 260.11801147 -0.356535 0.859696 -0.365795
49.61800003 -53.78900146 259.81799316 -0.999999 -0.000978 -0.000978
49.31800079 -54.00099945 259.81799316 -0.680107 0.650750 -0.337607
49.61800003 -53.93099976 259.51800537 -0.617715 0.696363 -0.365386
49.31800079 -54.20000076 259.51800537 0.349169 0.855076 -0.383310
49.91799927 -53.82799911 259.21798706 -0.999999 0.000978 0.000978
49.91799927 -53.95199966 258.91799927 -0.999999 -0.000978 -0.000978
50.44300079 -53.74700165 258.31799316 -0.500119 0.841590 -0.203976
50.21799850 -54.13299942 258.01800537 -0.988800 -0.141586 0.047195
50.21799850 -54.23300171 257.71798706 -0.999999 0.000978 0.000978
50.51800156 -53.98300171 257.71798706 -0.594565 0.706561 -0.383750
50.56600189 -53.74700165 258.01800537 -0.602470 0.707533 -0.369362
50.97000122 -53.44699860 257.71798706 -0.953822 0.293188 0.065295
50.81800079 -53.72900009 257.71798706 -0.860332 0.479602 -0.172657
50.79899979 -53.74700165 257.71798706 -0.681121 0.717366 -0.146494
50.90599823 -53.44699860 257.41799927 -0.984064 0.136107 0.114426
50.86399841 -53.74700165 257.41799927 -0.974656 0.174809 -0.139596
50.90100098 -53.44699860 257.11801147 -0.999201 0.017458 -0.035942
50.88999939 -53.74700165 257.11801147 -0.954015 0.294229 -0.057317
50.59500122 -54.04700089 257.41799927 -0.747667 0.583662 -0.316753
50.72200012 -54.04700089 257.11801147 -0.797218 0.513975 -0.316659
50.51800156 -54.32300186 257.11801147 -0.625474 0.736317 -0.258107
48.71799850 -38.18000031 266.71798706 -0.423345 -0.822907 0.378949
49.01800156 -38.33800125 266.71798706 -0.420421 -0.848599 0.321133
49.01800156 -38.20999908 267.01800537 -0.999999 0.000978 0.000978
40.31800079 -51.34700012 253.46099854 0.035479 0.387636 0.921129
40.61800003 -51.34700012 253.45799255 -0.001283 0.391439 0.920203
40.31800079 -51.04700089 253.32000732 0.024939 0.402965 0.914875
40.61800003 -51.04700089 253.33599854 0.030290 0.401671 0.915283
49.01800156 -38.57300186 266.11801147 -0.403656 -0.837154 0.369102
48.71799850 -38.43299866 266.11801147 -0.413863 -0.844905 0.338899
48.71799850 -38.31299973 266.41799927 -0.395539 -0.845797 0.358018
49.01800156 -38.43600082 266.41799927 -0.367505 -0.865712 0.339827
35.21799850 -50.23899841 270.01800537 0.438721 0.866889 -0.236699
35.21799850 -50.36500168 269.71798706 0.999999 0.000978 0.000978
34.91799927 -50.18600082 269.71798706 0.999999 0.000978 0.000978
34.91799927 -50.34400177 269.41799927 0.503946 0.784095 -0.362262
35.21799850 -50.50999832 269.41799927 0.461512 0.823792 -0.329202
35.21799850 -50.60499954 269.11801147 0.444528 0.830937 -0.334574
34.91799927 -50.46200180 269.11801147 0.544392 0.829060 -0.127661
35.51800156 -50.67900085 269.41799927 0.389087 0.836459 -0.385937
47.51800156 -55.18000031 260.41799927 -0.132939 0.990897 0.021226
47.81800079 -55.06600189 260.11801147 -0.445380 0.836065 -0.320361
47.51800156 -55.22000122 260.11801147 -0.522645 0.814210 -0.252793
49.31800079 -38.72299957 266.11801147 -0.409174 -0.803906 0.431638
49.31800079 -38.56700134 266.41799927 -0.429269 -0.834952 0.344359
44.21799850 -37.62200165 262.81799316 -0.342017 -0.866545 0.363489
44.21799850 -37.74300003 262.51800537 -0.306262 -0.873075 0.379399
43.91799927 -37.62500000 262.51800537 -0.382660 -0.870513 0.309482
40.91799927 -49.24700165 252.52200317 0.022442 0.426389 0.904262
41.21799850 -49.24700165 252.52699280 -0.003802 0.363728 0.931498
40.91799927 -49.54700089 252.68400574 0.060394 0.401284 0.913961
41.21799850 -49.54700089 252.64199829 0.060033 0.382879 0.921846
41.81800079 -37.66299820 260.11801147 -0.095837 -0.981424 0.166199
41.81800079 -37.71400070 259.81799316 -0.281045 -0.913033 0.295607
41.81800079 -37.84700012 259.52398682 -0.266720 -0.878519 0.396313
41.81800079 -37.84999847 259.51800537 -0.266720 -0.878519 0.396313
41.51800156 -49.24700165 252.52499390 0.019381 0.375994 0.926419
41.81800079 -49.24700165 252.51400757 0.043499 0.386216 0.921382
41.51800156 -49.54700089 252.64500427 0.001282 0.393609 0.919277
41.81800079 -49.54700089 252.64100647 0.019517 0.391645 0.919910
42.11800003 -49.24700165 252.49600220 0.035914 0.416340 0.908499
42.41799927 -49.24700165 252.49000549 0.041434 0.423693 0.904858
42.11800003 -49.54700089 252.63200378 0.033053 0.411185 0.910953
42.41799927 -49.54700089 252.61999512 0.035627 0.397170 0.917053
49.31800079 -38.47600174 266.71798706 -0.399905 -0.876773 0.267106
49.61800003 -38.64699936 266.71798706 -0.999999 -0.000978 -0.000978
49.85300064 -38.74700165 267.01800537 -0.620919 -0.776516 0.107156
49.61800003 -38.56999969 267.01800537 -0.617729 -0.744119 0.254359
49.31800079 -38.38299942 267.01800537 -0.999999 -0.000978 -0.000978
41.51800156 -48.94699860 252.40100098 0.027525 0.399773 0.916201
41.81800079 -48.94699860 252.38999939 0.068210 0.375823 0.924178
42.11800003 -48.94699860 252.35699463 0.076646 0.375162 0.923785
42.41799927 -48.94699860 252.33999634 -0.003871 0.403860 0.914813
37.01800156 -41.92800140 257.41799927 0.999999 -0.000978 -0.000978
36.71799850 -42.17800140 257.41799927 0.582048 -0.737693 0.342095
37.01800156 -42.01300049 257.11801147 0.999999 -0.000978 -0.000978
36.71799850 -42.27600098 257.11801147 0.999999 -0.000978 -0.000978
38.81800079 -38.94400024 261.31799316 0.484807 -0.809072 0.332212
38.81800079 -38.59500122 262.21798706 0.999999 -0.000978 -0.000978
38.81800079 -38.68700027 261.91799927 0.458576 -0.844583 0.276381
39.11800003 -38.21500015 262.51800537 0.781848 -0.568759 0.255393
40.01800156 -36.70199966 264.61801147 0.999999 -0.000978 -0.000978
39.71799850 -36.91400146 264.61801147 0.538877 -0.753777 0.376074
40.01800156 -36.83200073 264.31799316 0.687566 -0.681244 0.251317
39.88999939 -36.94699860 264.31799316 0.651249 -0.726212 0.220206
40.31800079 -35.81200027 266.11801147 0.521950 -0.762600 0.382113
40.65700150 -35.44699860 266.41799927 0.607438 -0.735657 0.299712
40.61800003 -35.48300171 266.41799927 0.647309 -0.701920 0.297152
40.31800079 -35.69300079 266.41799927 0.999999 0.000978 0.000978
40.80300140 -35.44699860 266.11801147 0.584958 -0.728346 0.356841
40.61800003 -35.61000061 266.11801147 0.642180 -0.697178 0.318664
42.11800003 -48.64699936 252.25199890 0.068210 0.375823 0.924178
42.41799927 -48.64699936 252.22500610 0.035039 0.364665 0.930479
42.71799850 -48.94699860 252.35899353 0.008939 0.371596 0.928352
43.01800156 -48.94699860 252.33500671 0.058315 0.322679 0.944710
49.61800003 -38.90999985 266.11801147 -0.999999 0.000978 0.000978
49.61800003 -38.77999878 266.41799927 -0.999999 -0.000978 -0.000978
42.71799850 -48.64699936 252.22999573 -0.006439 0.390178 0.920717
43.01800156 -48.64699936 252.22900391 0.034884 0.355295 0.934103
42.71799850 -48.04700089 251.97900391 0.014323 0.402348 0.915375
43.01800156 -48.04700089 251.98399353 0.006525 0.426730 0.904355
42.71799850 -48.34700012 252.10400391 -0.001280 0.385251 0.922811
43.01800156 -48.34700012 252.10699463 0.021995 0.379095 0.925096
49.61800003 -43.01599884 256.81799316 -0.472577 -0.842018 0.260148
49.90000153 -43.24700165 256.81799316 0.000978 -0.999999 0.000978
49.61800003 -43.15800095 256.51800537 -0.345109 -0.855808 0.385346
49.31800079 -43.00400162 256.51800537 -0.409315 -0.863088 0.295872
43.31800079 -48.04700089 251.97500610 0.035967 0.424944 0.904505
43.61800003 -48.04700089 251.96099854 0.050231 0.443932 0.894652
43.31800079 -48.34700012 252.08999634 -0.003806 0.361525 0.932355
43.61800003 -48.34700012 252.11000061 -0.003833 0.376888 0.926251
43.91799927 -41.41400146 253.81799316 -0.337498 -0.896525 0.286947
44.21799850 -41.56800079 253.81799316 -0.443488 -0.873627 0.200237
43.91799927 -41.57500076 253.51800537 -0.364860 -0.844033 0.393047
43.31800079 -47.74700165 251.80900574 0.019827 0.429593 0.902805
43.61800003 -47.74700165 251.81199646 0.022438 0.421044 0.906763
43.31800079 -47.44699860 251.69000244 0.043681 0.395779 0.917306
43.61800003 -47.44699860 251.68200684 0.027525 0.399773 0.916201
43.91799927 -47.74700165 251.79400635 0.017012 0.409598 0.912108
44.21799850 -47.74700165 251.80000305 -0.014492 0.436066 0.899798
43.91799927 -47.44699860 251.67199707 0.032649 0.382648 0.923317
44.21799850 -47.44699860 251.66099548 0.009122 0.418297 0.908265
44.21799850 -46.84700012 251.41000366 0.055952 0.334408 0.940766
43.91799927 -47.14699936 251.54499817 0.040335 0.357815 0.932921
44.21799850 -47.14699936 251.52400208 0.032774 0.386735 0.921608
43.91799927 -46.84700012 251.44200134 0.016573 0.355681 0.934460
44.51800156 -46.84700012 251.40600586 0.011601 0.387973 0.921598
44.81800079 -46.84700012 251.40299988 0.032302 0.355326 0.934184
44.51800156 -47.14699936 251.52299500 0.035589 0.399389 0.916090
44.81800079 -47.14699936 251.50100708 0.062664 0.377318 0.923961
44.51800156 -46.54700089 251.27099609 0.055072 0.412365 0.909353
44.81800079 -46.54700089 251.27299500 0.019628 0.409578 0.912064
44.51800156 -46.24700165 251.13499451 0.054756 0.393973 0.917490
44.81800079 -46.24700165 251.13400269 0.041107 0.404441 0.913640
50.98600006 -45.34700012 267.91799927 -0.992988 -0.106833 0.050605
50.95199966 -45.04700089 267.91799927 -0.996331 -0.051178 0.068600
50.99200058 -45.34700012 268.21798706 -0.992309 -0.121122 0.025558
50.97200012 -45.04700089 268.21798706 -0.995194 -0.040687 0.089073
51.00099945 -45.34700012 268.51800537 -0.995560 -0.049394 0.080128
51.00600052 -45.04700089 268.51800537 -0.991350 0.016689 0.130177
51.04000092 -45.34700012 268.81799316 -0.992205 -0.034677 0.119691
51.05099869 -45.04700089 268.81799316 -0.997285 -0.044014 0.059043
51.02299881 -45.94699860 267.91799927 -0.997027 -0.015927 0.075388
51.01599884 -45.64699936 267.91799927 -0.989903 -0.061077 0.127915
51.03799820 -45.94699860 268.21798706 -0.997891 -0.024287 0.060190
51.04499817 -45.64699936 268.21798706 -0.996496 -0.076654 0.033468
47.21799850 -37.22499847 267.01800537 -0.182077 -0.889991 0.418048
46.91799927 -37.16400146 267.01800537 -0.335162 -0.888254 0.314120
51.05899811 -45.94699860 268.51800537 -0.995179 -0.058670 0.078596
46.91799927 -37.23400116 266.71798706 -0.414048 -0.863238 0.288764
47.21799850 -37.36600113 266.71798706 -0.373769 -0.834278 0.405311
51.03599930 -45.64699936 268.51800537 -0.994301 -0.096437 0.045447
51.08599854 -45.94699860 268.81799316 -0.998530 0.011430 0.052992
51.07199860 -45.64699936 268.81799316 -0.993326 -0.075714 0.087015
47.21799850 -37.51499939 266.41799927 -0.417813 -0.808412 0.414611
46.91799927 -37.36299896 266.41799927 -0.414613 -0.833954 0.364165
46.91799927 -37.53499985 266.11801147 -0.368350 -0.869674 0.328611
46.61800003 -37.00099945 267.01800537 -0.463908 -0.856794 0.225154
46.61800003 -37.08000183 266.71798706 -0.415082 -0.856397 0.307068
46.61800003 -37.21599960 266.41799927 -0.431874 -0.827363 0.359104
46.31800079 -37.04999924 266.41799927 -0.409015 -0.832242 0.374272
46.31800079 -37.21300125 266.11801147 -0.999999 -0.000978 -0.000978
46.61800003 -37.41899872 266.11801147 -0.338247 -0.870871 0.356613
46.61800003 -37.54199982 265.81799316 -0.360259 -0.877087 0.317697
46.31800079 -37.35200119 265.81799316 -0.999999 0.000978 0.000978
45.11800003 -46.54700089 251.25799561 0.041427 0.418275 0.907375
45.41799927 -46.54700089 251.24600220 0.043848 0.399945 0.915489
46.31800079 -37.44699860 265.51800537 -0.463734 -0.825289 0.322256
50.21799850 -40.22800064 264.61801147 -0.740021 -0.659292 0.133054
50.44300079 -40.54700089 264.61801147 -0.963101 -0.104154 0.248169
50.27399826 -40.24700165 264.31799316 -0.888502 -0.443543 0.117617
50.35599899 -40.54700089 264.31799316 -0.933913 -0.309454 0.179012
50.46900177 -40.84700012 264.61801147 -0.999094 0.027954 -0.032095
50.42599869 -41.14699936 264.61801147 -0.994748 -0.093844 0.040850
50.47200012 -40.84700012 264.31799316 -0.977215 -0.210166 0.029685
50.48300171 -41.14699936 264.31799316 -0.984369 -0.084921 -0.154294
51.16299820 -46.54700089 269.71798706 -0.997192 -0.071457 -0.022397
51.13100052 -46.24700165 269.71798706 -0.993275 -0.061869 -0.097865
51.13999939 -46.54700089 270.01800537 -0.985897 -0.154304 -0.064784
45.11800003 -46.84700012 251.38499451 0.042843 0.349236 0.936055
45.41799927 -46.84700012 251.37600708 0.022262 0.402024 0.915358
45.11800003 -47.14699936 251.48199463 -0.014265 0.392940 0.919454
46.01800156 -37.02199936 266.11801147 -0.421328 -0.821987 0.383170
45.41799927 -47.14699936 251.50999451 -0.022232 0.398867 0.916739
51.10800171 -46.24700165 270.01800537 -0.999286 -0.025675 0.027729
50.45100021 -40.84700012 264.01800537 -0.951015 -0.307792 0.028895
50.45399857 -40.84700012 263.71798706 -0.970326 -0.240467 0.025376
46.01800156 -37.15700150 265.81799316 -0.422746 -0.824909 0.375247
45.71799850 -37.00400162 265.81799316 -0.420229 -0.823015 0.382171
34.91799927 -41.26499939 262.81799316 0.573793 -0.792234 0.207673
35.21799850 -41.15999985 262.51800537 0.487897 -0.813162 0.317370
45.71799850 -37.21200180 265.51800537 -0.246022 -0.897170 0.366823
34.91799927 -41.36700058 262.51800537 0.255946 -0.915334 0.310895
46.01800156 -37.29399872 265.51800537 -0.328051 -0.830330 0.450482
35.21799850 -41.05899811 262.81799316 0.999999 0.000978 0.000978
50.52000046 -41.14699936 264.01800537 -0.994050 -0.088335 -0.063735
34.91799927 -41.20899963 263.11801147 0.593776 -0.766112 0.245971
50.52099991 -41.14699936 263.71798706 -0.992478 -0.120602 0.021022
34.91799927 -41.10400009 263.41799927 0.371934 -0.859614 0.350327
35.43399811 -40.84700012 263.11801147 0.580879 -0.780216 0.232040
35.21799850 -41.00799942 263.11801147 -0.000978 -0.000978 0.999999
34.91799927 -41.14699936 263.31100464 0.599022 -0.757075 0.260788
34.99800110 -41.14699936 263.11801147 0.593776 -0.766112 0.245971
50.52600098 -41.44699860 263.71798706 -0.996506 0.053365 -0.064256
50.43500137 -40.84700012 263.41799927 -0.923715 -0.324932 0.202905
50.50799942 -41.14699936 263.41799927 -0.978441 -0.176440 0.107345
50.21799850 -40.63700104 263.11801147 -0.876671 -0.439075 0.196623
50.32300186 -40.84700012 263.11801147 -0.872050 -0.398868 0.283606
50.45500183 -41.14699936 263.11801147 -0.970023 -0.212312 0.118233
45.41799927 -36.83200073 265.81799316 -0.396280 -0.841115 0.368086
45.11800003 -36.69100189 265.81799316 -0.384886 -0.825207 0.413396
45.11800003 -36.84199905 265.51800537 -0.385139 -0.858443 0.338737
45.11800003 -46.24700165 251.10800171 0.032695 0.385802 0.922002
45.41799927 -46.24700165 251.11300659 0.011520 0.372469 0.927973
51.16699982 -47.14699936 269.71798706 -0.995473 -0.022797 0.092274
51.17399979 -46.84700012 269.71798706 -0.996257 -0.007443 0.086123
51.21500015 -47.14699936 270.01800537 -0.983989 -0.050673 0.170872
45.41799927 -37.01699829 265.51800537 -0.465147 -0.751138 0.468434
51.20199966 -46.84700012 270.01800537 -0.992091 -0.124701 0.014346
50.54299927 -41.44699860 263.41799927 -0.991111 0.037294 0.127703
50.48600006 -41.74700165 263.41799927 -0.999917 0.000989 -0.012857
50.44900131 -41.44699860 263.11801147 -0.978892 -0.068970 0.192390
50.49700165 -41.74700165 263.11801147 -0.987784 -0.143107 0.061664
45.11800003 -36.92599869 265.21798706 -0.357658 -0.899297 0.251685
50.54299927 -42.04700089 263.41799927 -0.995210 -0.082842 -0.051914
50.53599930 -42.34700012 263.41799927 -0.990417 -0.137341 0.014516
50.53499985 -42.04700089 263.11801147 -0.992740 -0.098482 0.069050
50.55599976 -42.34700012 263.11801147 -0.995266 -0.071960 0.065318
51.12300110 -46.54700089 270.31799316 -0.998239 -0.059086 0.005183
51.14699936 -46.24700165 270.31799316 -0.996445 0.072805 0.042379
45.41799927 -37.20500183 265.21798706 -0.375356 -0.868681 0.323266
45.11800003 -37.15999985 264.91799927 -0.426214 -0.815712 0.391095
45.41799927 -37.31700134 264.91799927 -0.413996 -0.835862 0.360475
51.14300156 -46.54700089 270.61801147 -0.963397 -0.093150 0.251376
51.13399887 -46.24700165 270.61801147 -0.999507 0.031266 -0.003026
44.81800079 -36.97399902 264.91799927 -0.492361 -0.749245 0.442960
50.42599869 -41.44699860 262.81799316 -0.996432 -0.018195 0.082412
50.44900131 -41.74700165 262.81799316 -0.984900 -0.125962 0.118764
50.40000153 -41.44699860 262.51800537 -0.996525 -0.062079 0.055544
50.42499924 -41.74700165 262.51800537 -0.984851 -0.173397 0.001133
44.51800156 -36.60300064 265.21798706 -0.303237 -0.870092 0.388570
44.81800079 -36.80699921 265.21798706 -0.299079 -0.860426 0.412575
44.51800156 -36.75500107 264.91799927 -0.442989 -0.769917 0.459335
44.21799850 -37.07500076 264.01800537 -0.398755 -0.866261 0.300976
44.21799850 -37.19400024 263.71798706 -0.426137 -0.841347 0.332480
43.91799927 -37.04199982 263.71798706 -0.434702 -0.855581 0.281097
43.91799927 -36.94300079 264.01800537 -0.385856 -0.876120 0.289014
50.50199890 -42.04700089 262.81799316 -0.995560 -0.080128 0.049394
50.49700165 -42.34700012 262.81799316 -0.997679 -0.030878 0.060691
50.50600052 -42.04700089 262.51800537 -0.986640 -0.156517 0.045216
50.52000046 -42.34700012 262.51800537 -0.999020 0.043969 -0.005113
43.31800079 -36.59500122 264.01800537 -0.403411 -0.827388 0.390755
43.61800003 -36.72900009 264.01800537 -0.339786 -0.851792 0.398744
43.61800003 -36.84700012 263.71798706 -0.375919 -0.838346 0.394793
43.31800079 -36.72900009 263.71798706 -0.337839 -0.859254 0.384119
50.52099991 -42.64699936 262.81799316 -0.986526 -0.017068 0.162714
43.61800003 -37.01200104 263.41799927 -0.396721 -0.804686 0.441694
43.61800003 -37.17599869 263.11801147 -0.462257 -0.797273 0.388167
43.31800079 -36.99900055 263.11801147 -0.353764 -0.868331 0.347639
50.50899887 -42.64699936 262.21798706 -0.995578 0.009666 0.093436
50.49399948 -42.94699860 262.21798706 -0.997567 -0.050361 0.048218
50.42399979 -42.64699936 261.91799927 -0.992483 -0.069190 0.100950
50.48500061 -42.94699860 261.91799927 -0.979586 -0.183748 0.081531
43.31800079 -36.86399841 263.41799927 -0.409015 -0.832242 0.374272
50.50400162 -43.54700089 262.21798706 -0.999220 0.029904 0.025780
50.50000000 -43.54700089 261.91799927 -0.999261 0.037766 0.007145
50.53900146 -43.24700165 262.21798706 -0.999409 -0.017390 0.029665
50.53699875 -43.24700165 261.91799927 -0.998144 -0.024242 0.055862
42.71799850 -36.53900146 263.41799927 -0.399966 -0.839145 0.368596
43.01800156 -36.67300034 263.41799927 -0.376911 -0.846095 0.376911
45.11800003 -45.94699860 251.00700378 0.003859 0.392363 0.919802
43.01800156 -36.86700058 263.11801147 -0.390831 -0.871385 0.296545
42.71799850 -36.72999954 263.11801147 -0.397020 -0.871619 0.287497
45.41799927 -45.94699860 251.00500488 0.022238 0.404217 0.914393
45.11800003 -45.64699936 250.85299683 0.066684 0.425963 0.902280
45.41799927 -45.64699936 250.84899902 0.001296 0.418483 0.908224
43.01800156 -36.96699905 262.81799316 -0.390036 -0.853107 0.346526
43.01800156 -37.10900116 262.51800537 -0.421913 -0.819944 0.386886
50.50600052 -43.24700165 261.61801147 -0.989661 -0.094198 0.108153
50.50000000 -43.54700089 261.61801147 -0.998642 0.040782 -0.032417
50.47200012 -43.24700165 261.31799316 -0.978903 -0.175638 0.104400
50.51900101 -43.54700089 261.31799316 -0.996323 -0.084543 -0.013912
37.91799927 -55.74499893 260.41799927 0.536784 0.843123 0.031738
38.21799850 -55.94200134 260.41799927 0.706917 0.704026 0.067945
38.43099976 -56.14699936 260.41799927 0.646603 0.760793 -0.055668
38.21799850 -55.90000153 260.11801147 0.739758 0.666515 0.092287
38.44100189 -56.14699936 260.11801147 0.742454 0.669472 0.023860
42.71799850 -36.82899857 262.81799316 -0.414048 -0.863238 0.288764
42.71799850 -36.93000031 262.51800537 -0.284862 -0.893362 0.347502
50.52299881 -43.84700012 261.31799316 -0.998237 0.049543 -0.032677
50.48199844 -43.84700012 261.61801147 -0.999507 0.027453 -0.015252
50.48400116 -44.14699936 261.61801147 -0.982483 -0.151805 0.108085
50.48899841 -44.14699936 261.31799316 -0.999816 -0.018940 0.002990
50.30199814 -44.74700165 256.51800537 -0.983018 -0.172355 0.062999
45.71799850 -45.94699860 250.99299622 0.019417 0.384451 0.922941
46.01800156 -45.94699860 250.99200439 0.041380 0.420476 0.906359
45.71799850 -45.64699936 250.85200500 0.001280 0.390517 0.920595
46.01800156 -45.64699936 250.84899902 0.022321 0.408351 0.912552
42.11800003 -36.56000137 262.81799316 -0.340261 -0.849876 0.402409
42.41799927 -36.67800140 262.81799316 -0.367319 -0.815735 0.446826
42.11800003 -36.64699936 262.62200928 -0.999999 0.000978 0.000978
42.41799927 -36.84500122 262.51800537 -0.319185 -0.845451 0.428175
42.11800003 -36.70299911 262.51800537 -0.393931 -0.827412 0.400259
50.50099945 -43.84700012 261.01800537 -0.988956 0.044796 0.141279
50.48199844 -44.14699936 261.01800537 -0.998291 -0.036896 0.045329
50.43700027 -43.84700012 260.71798706 -0.983996 -0.001135 0.178186
50.46200180 -44.14699936 260.71798706 -0.994717 -0.097607 0.031805
42.41799927 -36.98199844 262.21798706 -0.307086 -0.853360 0.421279
42.41799927 -37.13899994 261.91799927 -0.389637 -0.834486 0.389637
42.11800003 -36.98199844 261.91799927 -0.359048 -0.838823 0.409220
50.24399948 -44.44699860 256.51800537 -0.990918 -0.124292 0.051313
42.11800003 -36.84799957 262.21798706 -0.278461 -0.868858 0.409322
50.49599838 -44.44699860 260.71798706 -0.990125 -0.140185 0.001104
38.65599823 -56.14699936 259.81799316 0.818317 0.552027 0.160073
38.56399918 -55.84700012 259.51800537 0.801779 0.422581 0.422581
38.71500015 -56.14699936 259.51800537 0.892068 0.428135 0.144621
50.52299881 -44.44699860 261.01800537 -0.977382 -0.202259 0.061768
50.60499954 -44.74700165 261.01800537 -0.984821 -0.167455 0.045669
50.54700089 -44.74700165 260.71798706 -0.988727 -0.097348 0.113768
41.81800079 -36.79100037 262.21798706 -0.179607 -0.941910 0.283807
41.81800079 -36.88100052 261.91799927 -0.268421 -0.905004 0.330026
38.71699905 -55.84700012 259.21798706 0.925879 0.252512 0.281045
38.75400162 -56.14699936 259.21798706 0.986310 0.115407 0.117786
38.74300003 -55.84700012 258.91799927 0.986047 0.143576 0.084247
38.78699875 -56.14699936 258.91799927 0.970688 0.239985 -0.013134
50.52299881 -44.44699860 260.41799927 -0.991625 -0.122966 -0.039485
50.53699875 -44.74700165 260.41799927 -0.991979 -0.118496 0.044013
50.52000046 -44.44699860 260.11801147 -0.996717 -0.079780 0.013829
50.52099991 -44.74700165 260.11801147 -0.996003 -0.088795 0.009628
50.59500122 -45.04700089 260.41799927 -0.997237 -0.067482 -0.031063
50.31700134 -44.74700165 256.81799316 -0.996206 -0.079305 0.035850
50.57799911 -45.34700012 260.41799927 -0.998801 0.023955 0.042702
50.57400131 -45.04700089 260.11801147 -0.992395 -0.107500 0.059974
50.58599854 -45.34700012 260.11801147 -0.997679 0.030878 0.060691
50.28499985 -44.44699860 256.81799316 -0.975205 -0.171947 0.139315
50.55899811 -45.04700089 259.81799316 -0.998216 -0.015712 0.057610
50.54100037 -45.34700012 259.81799316 -0.994393 0.020739 0.103696
50.54000092 -45.04700089 259.51800537 -0.999344 0.013270 0.033686
50.52399826 -45.34700012 259.51800537 -0.999916 -0.010944 0.006965
50.54600143 -45.64699936 259.81799316 -0.995489 -0.093833 0.014021
50.59799957 -45.94699860 259.81799316 -0.989946 -0.121289 -0.072773
50.54700089 -45.64699936 259.51800537 -0.988750 -0.148030 0.021470
50.61299896 -45.94699860 259.51800537 -0.984464 -0.172774 0.031308
45.71799850 -45.34700012 250.74000549 0.008926 0.368516 0.929579
46.01800156 -45.34700012 250.72399902 0.046223 0.381671 0.923142
45.71799850 -45.04700089 250.61500549 0.034831 0.352182 0.935283
46.01800156 -45.04700089 250.60099792 0.066384 0.324108 0.943688
50.53300095 -45.64699936 259.21798706 -0.997313 -0.071010 0.018017
50.57899857 -45.94699860 259.21798706 -0.993622 -0.066391 0.091148
50.53599930 -45.64699936 258.91799927 -0.991749 -0.071899 0.106137
50.55799866 -45.94699860 258.91799927 -0.990982 -0.018950 0.132651
36.41799927 -55.10900116 259.81799316 -0.024869 0.995847 -0.087583
36.11800003 -55.18399811 259.81799316 -0.012578 0.984498 -0.174946
36.71799850 -55.16899872 259.81799316 0.193075 0.970487 0.144486
46.61800003 -45.64699936 250.81599426 0.027220 0.374603 0.926786
46.31800079 -45.94699860 250.96600342 0.060290 0.392556 0.917750
46.61800003 -45.94699860 250.95199585 0.014192 0.385767 0.922487
46.31800079 -45.64699936 250.83700562 0.051838 0.392106 0.918458
50.57300186 -46.24700165 259.21798706 -0.981168 -0.085898 0.173005
50.63100052 -46.54700089 259.21798706 -0.994578 -0.103037 0.014100
50.54700089 -46.24700165 258.91799927 -0.993320 -0.110122 0.034483
50.62400055 -46.54700089 258.91799927 -0.989542 -0.142971 -0.019138
50.55199814 -46.24700165 258.61801147 -0.972393 -0.231980 0.025241
50.64199829 -46.54700089 258.61801147 -0.985958 -0.155924 0.059791
50.53099823 -46.24700165 258.31799316 -0.987642 -0.132703 0.083380
50.58800125 -46.54700089 258.31799316 -0.956874 -0.155276 0.245522
46.31800079 -45.34700012 250.71000671 0.022262 0.402024 0.915358
46.61800003 -45.34700012 250.70899963 0.011437 0.357082 0.934003
46.31800079 -45.04700089 250.57299805 0.021463 0.324476 0.945651
46.61800003 -45.04700089 250.58700562 -0.141548 0.255315 0.956440
50.63499832 -46.84700012 259.21798706 -0.993746 -0.105481 0.036641
50.69499969 -47.14699936 259.21798706 -0.996733 -0.066016 0.046536
50.63299942 -46.84700012 258.91799927 -0.998299 -0.055519 -0.017808
50.65800095 -47.14699936 258.91799927 -0.996315 -0.068749 0.051289
50.64599991 -46.84700012 258.61801147 -0.999264 -0.037689 0.007130
50.66400146 -47.14699936 258.61801147 -0.998840 -0.040536 0.025984
50.62900162 -46.84700012 258.31799316 -0.988944 -0.089904 0.117926
50.64300156 -47.14699936 258.31799316 -0.991746 0.001096 0.128215
50.66999817 -47.44699860 258.61801147 -0.997050 0.003152 0.076696
50.66199875 -47.74700165 258.61801147 -0.994717 -0.007544 0.102381
50.62799835 -47.44699860 258.31799316 -0.993640 0.027570 0.109179
50.62699890 -47.74700165 258.31799316 -0.997609 -0.056670 0.039562
50.57500076 -46.84700012 258.01800537 -0.974934 -0.162279 0.152215
50.58599854 -47.14699936 258.01800537 -0.988423 -0.047287 0.144169
50.53599930 -46.84700012 257.71798706 -0.988563 -0.090296 0.120785
50.55500031 -47.14699936 257.71798706 -0.993931 -0.084231 0.070754
50.60400009 -47.44699860 258.01800537 -0.993923 -0.086282 0.068353
50.63800049 -47.74700165 258.01800537 -0.993452 -0.109645 -0.032118
50.58700180 -47.44699860 257.71798706 -0.983861 -0.150162 0.097305
46.61800003 -44.74700165 250.55000305 -0.260061 -0.121536 0.957913
46.31800079 -44.44699860 250.55200195 -0.290939 -0.183388 0.939001
50.64599991 -47.74700165 257.71798706 -0.980276 -0.169687 0.101324
46.61800003 -44.44699860 250.66200256 -0.382171 -0.420229 0.823015
46.61800003 -44.22999954 250.81799316 -0.522968 -0.700075 0.486210
50.54499817 -47.44699860 257.41799927 -0.983590 -0.055630 0.171625
50.57699966 -47.74700165 257.41799927 -0.972215 -0.062843 0.225495
50.66999817 -48.04700089 258.01800537 -0.998662 -0.021869 -0.046861
50.65100098 -48.34700012 258.01800537 -0.994296 -0.023021 0.104143
50.68999863 -48.04700089 257.71798706 -0.988950 0.033003 0.144530
50.62599945 -48.34700012 257.71798706 -0.983436 0.090058 0.157302
50.45199966 -48.04700089 257.11801147 -0.919760 0.119969 0.373696
50.42900085 -48.34700012 257.11801147 -0.899846 0.081303 0.428564
50.58399963 -48.04700089 257.41799927 -0.928510 0.029868 0.370105
50.55699921 -48.34700012 257.41799927 -0.944241 0.104916 0.312091
46.31800079 -44.74700165 250.50500488 -0.051970 0.035000 0.998035
46.91799927 -45.34700012 250.70300293 -0.020664 0.256473 0.966331
47.21799850 -45.34700012 250.72200012 -0.094131 0.179705 0.979207
46.91799927 -45.04700089 250.66200256 -0.180949 0.063512 0.981440
47.21799850 -45.04700089 250.69700623 -0.163847 0.005650 0.986470
46.91799927 -44.74700165 250.66400146 -0.277243 -0.274370 0.920792
47.21799850 -44.74700165 250.71899414 -0.253902 -0.121092 0.959620
46.91799927 -44.44699860 250.82899475 -0.546480 -0.587085 0.597236
50.22399902 -48.64699936 256.81799316 -0.858226 0.135051 0.495186
50.77099991 -51.04700089 255.01800537 -0.970711 -0.197714 0.136486
50.77199936 -51.34700012 255.01800537 -0.973249 0.096200 0.208643
50.65499878 -51.04700089 254.71800232 -0.983659 -0.070346 0.165732
50.67300034 -51.34700012 254.71800232 -0.989239 -0.007807 0.146100
50.67300034 -51.04700089 254.41799927 -0.995318 -0.094430 0.020623
50.68600082 -51.34700012 254.41799927 -0.999736 -0.021100 0.009043
50.64199829 -51.04700089 254.11799622 -0.982214 -0.093026 0.163098
50.66799927 -51.34700012 254.11799622 -0.987784 -0.061664 0.143107
50.68600082 -51.64699936 254.41799927 -0.996673 -0.074346 -0.033402
50.72999954 -51.94699860 254.41799927 -0.983828 -0.161381 0.077702
50.67900085 -51.64699936 254.11799622 -0.973063 -0.042412 0.226604
50.69300079 -51.94699860 254.11799622 -0.959707 -0.013482 0.280680
50.54999924 -51.64699936 253.81799316 -0.935448 0.067289 0.347000
50.55599976 -51.94699860 253.81799316 -0.900294 0.017186 0.434944
49.61800003 -43.55199814 255.61799622 -0.418200 -0.841099 0.343018
49.61800003 -43.70399857 255.31799316 -0.283119 -0.876610 0.389100
49.31800079 -43.59500122 255.31799316 -0.363277 -0.869106 0.335686
35.81800079 -49.24700165 252.67100525 0.021826 0.358205 0.933388
45.55400085 -43.24700165 253.51800537 -0.992495 0.089813 0.082992
35.51800156 -49.24700165 252.67700195 0.071254 0.383160 0.920929
35.81800079 -49.54700089 252.78999329 0.027336 0.384009 0.922924
35.51800156 -49.54700089 252.79600525 0.033053 0.411185 0.910953
47.18500137 -50.14699936 272.71798706 -0.649039 0.652342 -0.391405
47.51800156 -49.90700150 272.71798706 -0.510774 0.710425 -0.484154
47.81800079 -49.89699936 272.41799927 -0.439972 0.807948 -0.391975
47.51800156 -50.11199951 272.41799927 -0.537382 0.722573 -0.434866
47.81800079 -50.04299927 272.11801147 -0.999999 -0.000978 -0.000978
47.88800049 -50.14699936 271.51800537 -0.488806 0.872392 0.001332
48.11800003 -49.73400116 272.41799927 -0.510598 0.781199 -0.359190
48.41799927 -49.64400101 272.11801147 -0.582821 0.726485 -0.364059
48.11800003 -49.84899902 272.11801147 -0.999999 0.000978 0.000978
48.33900070 -49.84700012 271.81799316 -0.590466 0.761432 -0.267530
48.11800003 -50.01800156 271.81799316 -0.547994 0.804239 -0.230003
47.51800156 -56.50600052 257.11801147 -0.999999 -0.000978 -0.000978
48.47499847 -49.84700012 271.51800537 -0.645603 0.718571 -0.258559
48.11800003 -50.01800156 271.51800537 -0.345438 0.912014 -0.221138
48.71799850 -49.58399963 271.51800537 -0.519974 0.769432 -0.370947
47.81800079 -56.33599854 257.11801147 -0.999999 -0.000978 -0.000978
48.55799866 -49.54700089 271.81799316 -0.519974 0.769432 -0.370947
47.51800156 -56.40399933 257.41799927 -0.999999 0.000978 0.000978
47.81800079 -56.21500015 257.41799927 -0.541562 0.735800 -0.406583
47.21799850 -56.72399902 257.11801147 -0.999999 0.000978 0.000978
49.01800156 -49.64500046 270.91799927 -0.471589 0.793492 -0.384675
48.71799850 -49.81200027 270.91799927 -0.532843 0.809362 -0.247003
47.21799850 -56.59899902 257.41799927 -0.999999 -0.000978 -0.000978
49.01800156 -49.48300171 271.21798706 -0.999999 -0.000978 -0.000978
49.61800003 -49.00000000 271.21798706 -0.545777 0.730451 -0.410570
49.31800079 -49.22000122 271.21798706 -0.587038 0.721125 -0.367921
49.61800003 -49.22100067 270.91799927 -0.551016 0.704168 -0.447804
49.31800079 -49.43399811 270.91799927 -0.513188 0.722449 -0.463364
49.31800079 -49.60400009 270.61801147 -0.515801 0.782539 -0.348688
49.31800079 -49.70000076 270.31799316 -0.458186 0.857397 -0.234385
49.61800003 -49.38100052 270.61801147 -0.999999 -0.000978 -0.000978
49.61800003 -49.46900177 270.31799316 -0.999999 -0.000978 -0.000978
50.21799850 -48.95299911 270.31799316 -0.603838 0.717770 -0.346678
49.91799927 -49.21900177 270.31799316 -0.617243 0.717687 -0.322392
50.21799850 -49.13000107 270.01800537 -0.583242 0.714677 -0.386090
49.91799927 -49.34899902 270.01800537 -0.556634 0.721807 -0.411282
50.21799850 -49.27700043 269.71798706 -0.699611 0.648145 -0.300752
50.36899948 -49.24700165 269.41799927 -0.000978 -0.000978 -0.999999
50.21799850 -49.40700150 269.41799927 -0.676349 0.692188 -0.251849
50.21799850 -49.49599838 269.11801147 -0.544221 0.804703 -0.237225
50.51800156 -49.09999847 269.41799927 -0.641232 0.651174 -0.405948
50.51800156 -49.28699875 269.11801147 -0.197823 0.954127 -0.224738
33.91500092 -46.84700012 264.61801147 0.994947 0.049692 -0.087237
33.92699814 -47.14699936 264.61801147 0.994111 0.094837 -0.052439
33.88499832 -46.84700012 264.31799316 0.993548 0.075559 -0.084581
33.92800140 -47.14699936 264.31799316 0.990755 0.128242 -0.044261
51.05599976 -48.64699936 269.11801147 -0.842909 0.417545 -0.339353
50.81499863 -48.94699860 269.11801147 -0.747055 0.600511 -0.285123
51.17699814 -48.64699936 268.81799316 -0.921636 0.318643 -0.221479
51.20000076 -48.64699936 268.51800537 -0.975939 0.218041 0.001166
45.11800003 -47.74700165 251.77000427 0.017100 0.422247 0.906319
45.41799927 -47.74700165 251.77299500 0.022141 0.389417 0.920795
50.92900085 -48.94699860 268.81799316 -0.749242 0.588804 -0.303226
45.11800003 -47.44699860 251.64100647 0.017145 0.433910 0.900793
45.41799927 -47.44699860 251.63699341 0.030290 0.401671 0.915283
43.01800156 -59.22299957 258.31799316 0.106133 0.936392 -0.334522
42.71799850 -59.15999985 258.31799316 0.283606 0.872050 -0.398868
43.01800156 -59.09700012 258.61801147 0.249179 0.926945 -0.280504
42.71799850 -59.00299835 258.61801147 0.288478 0.880537 -0.376078
40.31800079 -52.84700012 254.10899353 0.114237 0.372990 0.920776
46.31800079 -56.92200089 258.31799316 -0.999999 0.000978 0.000978
43.61800003 -59.16500092 257.71798706 -0.999999 -0.000978 -0.000978
43.61800003 -59.12200165 258.01800537 -0.999999 -0.000978 -0.000978
46.31800079 -56.79199982 258.61801147 -0.999999 0.000978 0.000978
44.21799850 -58.56700134 258.01800537 -0.381569 0.848795 -0.365994
43.91799927 -58.72000122 258.01800537 -0.453548 0.889282 0.058920
44.21799850 -58.72999954 257.71798706 -0.999999 0.000978 0.000978
43.91799927 -58.90399933 257.71798706 -0.568136 0.758051 -0.320281
40.01800156 -52.84700012 254.15499878 0.047846 0.337507 0.940106
39.71799850 -52.84700012 254.13900757 -0.027063 0.362127 0.931736
40.01800156 -53.14699936 254.22500610 -0.013769 0.319200 0.947587
39.71799850 -53.14699936 254.23500061 0.056731 0.362817 0.930132
43.61800003 -59.14099884 257.41799927 -0.999999 0.000978 0.000978
43.61800003 -59.04399872 257.11801147 -0.354307 0.889504 0.288528
44.21799850 -58.73899841 257.41799927 -0.999999 -0.000978 -0.000978
43.91799927 -58.96599960 257.41799927 -0.999999 0.000978 0.000978
44.21799850 -58.79600143 257.11801147 -0.436061 0.890586 -0.129256
43.91799927 -58.92499924 257.11801147 -0.378780 0.915502 0.135578
45.71799850 -47.44699860 251.62100220 0.043788 0.396742 0.916885
46.01800156 -47.44699860 251.60899353 0.035578 0.393988 0.918427
44.81800079 -53.07500076 270.31799316 -0.999999 -0.000978 -0.000978
44.51800156 -53.13800049 270.61801147 -0.999999 -0.000978 -0.000978
44.81800079 -52.94800186 270.61801147 -0.529902 0.754906 -0.386421
44.51800156 -53.26499939 270.31799316 -0.564840 0.735111 -0.374923
43.91799927 -53.71599960 270.31799316 -0.414740 0.831058 -0.370585
44.21799850 -53.53300095 270.31799316 -0.425264 0.803989 -0.415635
43.91799927 -53.60699844 270.61801147 -0.637021 0.714041 -0.290430
44.08800125 -53.44699860 270.61801147 -0.610964 0.651137 -0.450272
44.21799850 -53.68799973 270.01800537 -0.999999 -0.000978 -0.000978
44.51399994 -53.44699860 270.01800537 -0.582018 0.723014 -0.372164
43.31800079 -54.01699829 270.31799316 -0.121152 0.879418 -0.460376
43.61800003 -53.88100052 270.31799316 -0.449818 0.893001 -0.014596
43.31800079 -53.87799835 270.61801147 0.001261 0.934187 -0.356781
43.61800003 -53.86600113 270.61801147 -0.187430 0.945357 -0.266779
33.65200043 -42.34700012 265.51800537 0.996616 0.048801 -0.066152
33.63999939 -42.04700089 265.51800537 0.990799 -0.124277 -0.053588
33.68099976 -42.34700012 265.81799316 0.996039 -0.007473 -0.088608
33.68299866 -42.04700089 265.81799316 0.998687 -0.028176 -0.042786
42.41799927 -58.06399918 260.71798706 0.443386 0.784452 -0.433641
43.91799927 -43.84700012 250.18600464 -0.124092 0.216202 0.968431
43.91799927 -44.14699936 250.24699402 0.006292 0.341029 0.940032
44.21799850 -44.14699936 250.26400757 -0.075446 0.216443 0.973376
44.21799850 -43.84700012 250.23100281 -0.077496 0.077496 0.993976
41.60300064 -37.54700089 260.71798706 0.395045 -0.791702 0.465991
41.81800079 -37.43999863 260.71798706 -0.000978 -0.000978 0.999999
41.81800079 -37.26399994 261.01800537 -0.266728 -0.815784 0.513179
41.81800079 -37.24700165 261.04501343 -0.274289 -0.832164 0.481942
46.61800003 -54.26599884 264.01800537 -0.999999 0.000978 0.000978
44.51800156 -43.54700089 250.21699524 0.001026 0.050296 0.998734
46.31800079 -36.94400024 266.71798706 -0.392864 -0.866747 0.307259
44.51800156 -43.26900101 250.51800537 -0.344325 -0.831725 0.435516
45.10699844 -43.54700089 250.51800537 -0.427471 -0.847170 0.315551
44.81800079 -43.37200165 250.51800537 -0.374862 -0.796381 0.474611
44.51800156 -43.11999893 250.81799316 -0.278766 -0.901197 0.331865
44.81800079 -43.22000122 250.81799316 -0.348565 -0.867574 0.354707
44.21799850 -36.98600006 264.31799316 -0.377417 -0.887602 0.264043
44.51800156 -44.14699936 250.29400635 -0.065657 0.234134 0.969985
44.81800079 -44.14699936 250.30400085 -0.061215 0.186044 0.980633
44.51800156 -43.84700012 250.23199463 -0.070758 0.126436 0.989448
44.81800079 -43.58900070 250.21800232 0.027298 0.212449 0.976791
44.81800079 -43.84700012 250.27400208 -0.148224 0.148224 0.977783
45.71799850 -36.60499954 266.71798706 -0.437983 -0.826949 0.352600
46.01800156 -36.75999832 266.71798706 -0.432111 -0.840822 0.326033
46.01800156 -36.87599945 266.41799927 -0.428804 -0.827545 0.362348
45.71799850 -36.73099899 266.41799927 -0.399828 -0.841992 0.362198
45.71799850 -36.86399841 266.11801147 -0.436962 -0.818311 0.373404
49.31800079 -38.28099823 267.31799316 -0.450034 -0.845940 0.286104
49.61800003 -38.44100189 267.31799316 -0.441189 -0.823869 0.355798
37.31800079 -57.20500183 256.51800537 0.196078 0.977952 -0.071855
37.61800003 -57.22900009 256.51800537 0.201015 0.969224 0.142119
37.31800079 -57.15900040 256.81799316 0.463349 0.866004 -0.188004
37.61800003 -57.30599976 256.81799316 0.437102 0.899295 0.014526
42.71799850 -53.13199997 272.11801147 0.353198 0.869999 -0.344024
42.71799850 -53.01200104 272.41799927 0.361243 0.842901 -0.398775
43.01800156 -53.10800171 272.41799927 0.286947 0.896525 -0.337498
42.41799927 -52.97900009 272.11801147 0.420140 0.826012 -0.375748
42.11800003 -52.82699966 272.11801147 0.408530 0.831256 -0.376983
42.41799927 -52.85200119 272.41799927 0.432537 0.812404 -0.391039
42.11800003 -52.69300079 272.41799927 0.385463 0.835431 -0.391756
42.41799927 -52.69100189 272.71798706 0.373854 0.816115 -0.440670
42.11800003 -52.54600143 272.71798706 0.390036 0.853107 -0.346526
42.11800003 -52.44900131 273.01800537 0.272771 0.900883 -0.337647
42.41799927 -52.52899933 273.01800537 0.286240 0.888694 -0.358175
45.41799927 -36.59000015 266.41799927 -0.424468 -0.831579 0.358194
41.51800156 -52.30099869 272.71798706 0.380834 0.853379 -0.355963
41.81800079 -52.41799927 272.71798706 0.343470 0.839070 -0.421888
45.11800003 -36.41699982 266.41799927 -0.438637 -0.825017 0.356293
41.81800079 -52.27500153 273.01800537 0.372123 0.851679 -0.369009
41.51800156 -52.15200043 273.01800537 0.384376 0.839351 -0.384376
41.21799850 -52.12799835 272.71798706 0.999999 -0.000978 -0.000978
41.21799850 -52.00099945 273.01800537 0.420134 0.835547 -0.354045
40.91799927 -51.92100143 272.71798706 0.383870 0.829349 -0.405986
40.91799927 -51.78900146 273.01800537 0.280208 0.837527 -0.469077
45.11800003 -36.54199982 266.11801147 -0.402770 -0.832392 0.380657
40.91799927 -51.64699936 273.20098877 0.392367 0.763569 -0.512845
45.41799927 -36.70100021 266.11801147 -0.445690 -0.829960 0.335449
41.21799850 -51.77000046 273.31799316 0.531637 0.682576 -0.501450
45.65800095 -43.84700012 250.51800537 -0.672407 -0.538261 0.508078
45.41799927 -43.67599869 250.51800537 -0.449931 -0.805392 0.385884
45.41799927 -43.60499954 250.81799316 -0.999999 -0.000978 -0.000978
40.31800079 -51.35100174 273.31799316 -0.000978 -0.000978 -0.999999
40.61800003 -51.44499969 273.31799316 0.278782 0.892997 -0.353323
43.91799927 -56.75000000 263.41799927 -0.151625 0.987298 0.047455
44.21799850 -56.38700104 263.41799927 -0.999999 0.000978 0.000978
44.21799850 -56.46599960 263.11801147 -0.999999 0.000978 0.000978
40.61800003 -51.34700012 273.56500244 0.278782 0.892997 -0.353323
45.11800003 -44.14699936 250.33099365 -0.082399 0.114895 0.989954
46.91799927 -55.60699844 260.41799927 -0.999999 -0.000978 -0.000978
45.41799927 -44.14699936 250.35400391 -0.157843 0.135471 0.978127
46.91799927 -55.71099854 260.11801147 -0.999999 -0.000978 -0.000978
47.21799850 -55.24200058 260.41799927 -0.655197 0.755354 -0.012520
45.11800003 -43.84700012 250.32299805 -0.098482 0.069050 0.992740
47.21799850 -55.46500015 260.11801147 -0.587398 0.709155 -0.389953
45.41799927 -43.84700012 250.33299255 -0.338418 -0.296674 0.893005
49.91799927 -54.35400009 258.01800537 -0.999999 0.000978 0.000978
49.91799927 -54.46900177 257.71798706 -0.999999 -0.000978 -0.000978
41.81800079 -38.87099838 257.41799927 -0.343610 -0.928712 0.139376
41.81800079 -38.91600037 257.11801147 -0.062049 -0.986936 0.148684
41.51800156 -38.89699936 257.11801147 -0.061536 -0.978536 0.196673
41.51800156 -38.95700073 256.81799316 -0.419582 -0.889978 0.178576
41.81800079 -39.09799957 256.81799316 -0.402458 -0.840934 0.361743
41.81800079 -39.22900009 256.51800537 -0.416560 -0.865163 0.279233
44.21799850 -36.51100159 265.21798706 -0.303914 -0.899882 0.312809
44.21799850 -36.60100174 264.91799927 -0.412939 -0.867021 0.278848
43.91799927 -36.46799850 264.91799927 -0.354908 -0.857049 0.373506
43.91799927 -36.60300064 264.61801147 -0.424743 -0.809416 0.405510
44.21799850 -36.80099869 264.61801147 -0.451900 -0.750976 0.481479
43.91799927 -36.76900101 264.31799316 -0.521188 -0.741501 0.422540
46.01800156 -44.14699936 250.53599548 -0.333512 -0.184346 0.924546
46.01800156 -43.88800049 250.81799316 -0.318229 -0.891936 0.321217
45.71799850 -43.78099823 250.81799316 -0.385816 -0.845045 0.370195
45.71799850 -44.14699936 250.42799377 -0.282368 -0.152668 0.947080
43.61800003 -36.45600128 264.61801147 -0.413988 -0.857216 0.306259
45.71799850 -44.74700165 250.51400757 -0.051758 0.281515 0.958160
45.71799850 -44.44699860 250.44000244 -0.099319 0.142397 0.984814
46.01800156 -44.44699860 250.47599792 -0.185691 -0.029197 0.982174
50.32400131 -44.74700165 257.11801147 -0.969843 -0.107479 0.218752
43.61800003 -36.56600189 264.31799316 -0.444907 -0.814866 0.371553
43.31800079 -36.42100143 264.31799316 -0.402285 -0.831389 0.383354
46.01800156 -44.74700165 250.51899719 0.015201 0.204631 0.978721
50.32899857 -44.44699860 257.11801147 -0.982682 -0.075591 0.169180
50.45000076 -44.74700165 257.41799927 -0.996719 -0.046636 0.066159
50.38800049 -44.44699860 257.41799927 -0.979814 -0.158590 0.121708
43.01800156 -36.43700027 264.01800537 -0.418929 -0.829954 0.368341
43.01800156 -36.54000092 263.71798706 -0.418792 -0.845369 0.331609
42.71799850 -36.40200043 263.71798706 -0.358907 -0.864150 0.352746
42.71799850 -36.29299927 264.01800537 -0.435783 -0.838765 0.326447
42.41799927 -36.38800049 263.41799927 -0.406467 -0.854663 0.323010
42.41799927 -36.51699829 263.11801147 -0.383354 -0.831389 0.402285
42.11800003 -36.38899994 263.11801147 -0.336618 -0.851628 0.401770
42.11800003 -36.25400162 263.41799927 -0.337509 -0.850772 0.402833
50.21599960 -46.84700012 252.01800537 -0.936328 -0.160867 0.312109
50.22700119 -47.14699936 252.01800537 -0.947358 0.074277 0.311442
50.06700134 -46.84700012 251.71800232 -0.877362 0.073693 0.474137
50.05699921 -47.14699936 251.71800232 -0.315460 0.011222 0.948873
51.27700043 -46.54700089 270.91799927 -0.912386 -0.033010 0.407999
50.74100113 -45.04700089 264.01800537 -0.991470 -0.065033 0.112952
50.77299881 -45.34700012 264.01800537 -0.992893 -0.066797 0.098497
50.72100067 -45.04700089 263.71798706 -0.992527 -0.107514 0.057718
50.75099945 -45.34700012 263.71798706 -0.994482 -0.092226 0.050002
50.62500000 -44.44699860 262.81799316 -0.986828 -0.154592 -0.047656
50.69599915 -44.74700165 262.81799316 -0.993777 -0.103495 0.041176
50.67200089 -44.44699860 262.51800537 -0.994991 -0.099821 0.005367
50.67599869 -44.74700165 262.51800537 -0.995424 -0.060629 0.073858
50.62200165 -44.44699860 262.21798706 -0.981869 -0.152086 0.113152
50.65100098 -44.74700165 262.21798706 -0.986238 -0.147640 0.074411
50.60300064 -44.44699860 261.91799927 -0.989124 -0.124660 0.078058
50.63100052 -44.74700165 261.91799927 -0.986495 -0.105908 0.124948
43.31800079 -48.94699860 252.32200623 0.037646 0.356984 0.933352
50.57400131 -44.44699860 261.61801147 -0.982229 -0.149708 0.113194
50.57500076 -44.74700165 261.61801147 -0.994614 -0.047679 0.092032
50.53400040 -44.44699860 261.31799316 -0.986444 -0.140921 0.084079
50.57500076 -44.74700165 261.31799316 -0.993794 -0.099268 -0.050192
43.61800003 -57.53900146 261.61801147 -0.999999 0.000978 0.000978
43.31800079 -57.64699936 261.84799194 -0.999999 0.000978 0.000978
43.31800079 -57.72800064 261.61801147 -0.999999 -0.000978 -0.000978
43.61800003 -57.68299866 261.31799316 -0.999999 0.000978 0.000978
43.31800079 -57.85800171 261.31799316 -0.379471 0.847954 -0.370102
50.69300079 -48.64699936 258.61801147 -0.998629 -0.052343 0.001026
50.73500061 -48.94699860 258.61801147 -0.988004 -0.130093 0.083213
50.70399857 -48.64699936 258.31799316 -0.998216 -0.057610 0.015712
50.72399902 -48.94699860 258.31799316 -0.994411 -0.101963 0.027409
50.39199829 -43.84700012 260.41799927 -0.994863 -0.085401 0.054346
50.46300125 -44.14699936 260.41799927 -0.976724 -0.213769 -0.017716
50.40399933 -43.84700012 260.11801147 -0.994521 -0.081299 -0.065707
50.47299957 -44.14699936 260.11801147 -0.980117 -0.190279 0.056246
38.81800079 -46.84700012 251.54800415 0.038156 0.390772 0.919696
38.51800156 -46.84700012 251.56700134 0.060559 0.407764 0.911077
38.81800079 -47.14699936 251.67599487 0.006500 0.417317 0.908738
38.51800156 -47.14699936 251.69000244 0.040652 0.378984 0.924510
46.26399994 -55.54700089 261.91799927 -0.000978 -0.000978 -0.999999
33.95100021 -41.14699936 265.21798706 0.838906 -0.503343 0.207081
34.31800079 -40.60200119 265.51800537 0.450120 -0.881545 0.142370
33.95199966 -40.84700012 265.81799316 0.834722 -0.493454 0.244421
33.76800156 -41.14699936 265.81799316 0.947123 -0.293380 0.129945
34.06600189 -40.84700012 265.51800537 0.801715 -0.513920 0.305189
34.01800156 -40.92200089 265.51800537 -0.000978 -0.000978 0.999999
33.87599945 -41.14699936 265.51800537 0.867350 -0.420763 0.265825
34.22600174 -40.54700089 265.81799316 0.529743 -0.818414 0.222645
34.01800156 -40.47100067 266.41799927 0.604321 -0.724213 0.332133
34.15499878 -40.54700089 266.11801147 0.572450 -0.763798 0.298184
34.61800003 -40.00400162 266.41799927 0.501771 -0.763281 0.406974
34.31800079 -40.26499939 266.41799927 0.579146 -0.741372 0.339052
34.61800003 -40.16400146 266.11801147 0.999999 -0.000978 -0.000978
34.31800079 -40.38299942 266.11801147 0.683229 -0.680044 0.265966
34.70500183 -39.94699860 266.41799927 0.000978 0.000978 0.999999
47.21799850 -45.64699936 250.80599976 0.037328 0.343674 0.938347
46.91799927 -45.94699860 250.95700073 0.016835 0.389796 0.920747
47.21799850 -45.94699860 250.94099426 0.038469 0.409895 0.911321
46.91799927 -45.64699936 250.82000732 0.014246 0.389812 0.920784
50.27799988 -44.14699936 257.11801147 -0.969452 -0.086536 0.229508
47.51800156 -45.34700012 250.75999451 -0.102346 0.057359 0.993094
47.81800079 -45.34700012 250.78399658 -0.134261 0.012206 0.990871
47.51800156 -45.04700089 250.76199341 -0.171926 -0.115030 0.978371
50.27600098 -43.84700012 257.11801147 -0.997273 -0.059169 0.044108
47.81800079 -45.04700089 250.80200195 -0.132464 -0.058745 0.989446
47.51800156 -44.74800110 250.81799316 -0.308805 -0.175867 0.934725
50.35400009 -44.14699936 257.41799927 -0.971362 -0.146404 0.187143
47.51800156 -45.64699936 250.79600525 -0.006072 0.278082 0.960538
47.81800079 -45.64699936 250.80900574 -0.101836 0.212473 0.971846
47.51800156 -45.94699860 250.93200684 0.038765 0.423738 0.904955
47.81800079 -45.94699860 250.91499329 0.003829 0.379077 0.925357
50.29800034 -43.84700012 257.41799927 -0.984456 -0.168193 0.050575
48.11800003 -45.94699860 250.92900085 -0.073782 0.299009 0.951394
48.41799927 -45.94699860 250.96200562 -0.118225 0.177959 0.976910
48.11800003 -45.64699936 250.85800171 -0.186750 0.143556 0.971862
48.41799927 -45.64699936 250.92399597 -0.135926 0.063897 0.988656
49.91799927 -55.24700165 254.97999573 -0.582725 0.704883 0.404441
49.61800003 -55.54700089 255.05200195 -0.653965 0.750524 0.095096
49.31800079 -55.54700089 255.06900024 0.041017 0.759515 0.649195
49.61800003 -55.24700165 254.92300415 -0.081826 0.294833 0.952039
49.31800079 -55.24700165 254.92900085 0.056816 0.366002 0.928878
49.61800003 -55.54700089 255.00199890 0.132066 0.328124 0.935357
40.01800156 -51.64699936 253.56500244 0.016718 0.374219 0.927190
39.71799850 -51.64699936 253.58299255 0.044316 0.425702 0.903778
40.01800156 -51.94699860 253.72200012 0.061796 0.460039 0.885746
39.71799850 -51.94699860 253.75199890 0.030686 0.433611 0.900577
38.81800079 -50.74700165 253.23199463 -0.016464 0.338135 0.940953
38.51800156 -50.74700165 253.23399353 0.043061 0.364061 0.930379
38.81800079 -50.44699860 253.12500000 0.014206 0.383568 0.923404
38.51800156 -50.44699860 253.12600708 -0.003807 0.366788 0.930297
38.21799850 -50.74700165 253.25900269 0.022048 0.380005 0.924722
37.91799927 -50.74700165 253.24800110 0.011580 0.379559 0.925095
38.21799850 -50.44699860 253.12199402 0.014226 0.386688 0.922101
37.91799927 -50.44699860 253.13600159 0.029693 0.357609 0.933399
37.01800156 -49.84700012 252.86300659 0.006441 0.395465 0.918458
36.71799850 -49.84700012 252.88000488 0.035589 0.399389 0.916090
33.71799850 -47.44699860 252.02400208 0.209180 0.241992 0.947462
33.71799850 -47.42699814 252.01800537 0.209180 0.241992 0.947462
34.01800156 -47.74700165 252.05599976 0.056731 0.362817 0.930132
33.71799850 -47.74700165 252.08200073 0.084637 0.192581 0.977624
34.01800156 -47.44699860 251.94799805 0.156963 0.301642 0.940412
35.51800156 -46.84700012 251.63499451 0.046485 0.394455 0.917739
35.81800079 -46.84700012 251.61199951 0.041380 0.420476 0.906359
36.11800003 -46.84700012 251.60699463 0.057256 0.387480 0.920098
36.41799927 -46.84700012 251.57499695 0.008985 0.378668 0.925489
33.52299881 -43.84700012 261.01800537 0.970509 -0.141559 0.195122
33.51800156 -44.14699936 261.01800537 0.995608 0.044906 0.082146
33.62200165 -43.84700012 260.71798706 0.923326 -0.170049 0.344315
33.55199814 -44.14699936 260.71798706 0.963239 -0.152916 0.220878
33.62500000 -43.24700165 261.61801147 0.969909 -0.241567 0.030348
33.54899979 -43.54700089 261.61801147 0.989259 -0.136727 -0.051703
33.63100052 -43.24700165 261.31799316 0.911233 -0.393708 0.121034
36.71799850 -47.74700165 252.01100159 0.055353 0.419871 0.905894
37.01800156 -47.74700165 251.97099304 0.006626 0.462511 0.886589
36.71799850 -47.44699860 251.86500549 0.084249 0.429531 0.899114
37.01800156 -47.44699860 251.84100342 0.011430 0.351796 0.936007
37.61800003 -50.73099899 271.81799316 0.303049 0.859920 -0.410731
37.31800079 -50.50999832 271.81799316 0.430104 0.830273 -0.354481
37.31800079 -50.67800140 271.51800537 0.359074 0.861470 -0.359074
37.31800079 -47.74700165 252.00599670 -0.019602 0.406424 0.913474
37.61800003 -47.74700165 251.98300171 0.064837 0.361237 0.930217
37.31800079 -47.44699860 251.85699463 -0.027479 0.391242 0.919877
37.61800003 -47.44699860 251.85899353 0.022297 0.410535 0.911572
38.21799850 -50.69200134 272.41799927 0.403459 0.818080 -0.409837
34.91799927 -45.36500168 252.91799927 0.642594 -0.753437 0.139304
37.91799927 -50.55400085 272.41799927 0.363681 0.835995 -0.410913
35.21799850 -45.01900101 253.21800232 0.639575 -0.707238 0.301261
35.18700027 -45.04700089 253.21800232 0.639575 -0.707238 0.301261
34.91799927 -45.31000137 253.21800232 0.611377 -0.727522 0.311334
35.21799850 -44.78400040 253.81799316 0.999999 0.000978 0.000978
34.91799927 -44.97299957 253.81799316 0.999999 0.000978 0.000978
35.21799850 -44.89099884 253.51800537 0.622016 -0.727551 0.289421
34.91799927 -45.11999893 253.51800537 0.592543 -0.710724 0.379162
35.51800156 -44.29800034 254.41799927 0.999999 0.000978 0.000978
35.81800079 -44.23600006 254.11799622 0.393299 -0.781743 0.483936
35.51800156 -44.39500046 254.11799622 0.465171 -0.828536 0.311680
35.51800156 -44.18799973 254.71800232 0.999999 0.000978 0.000978
35.21799850 -44.27000046 255.01800537 0.561875 -0.782218 0.269133
34.99599838 -44.44699860 255.01800537 0.593027 -0.777867 0.207945
35.21799850 -44.40100098 254.71800232 0.999999 -0.000978 -0.000978
34.91799927 -44.57799911 254.71800232 0.829431 0.399707 -0.390228
37.91799927 -50.70700073 272.11801147 0.404246 0.835233 -0.372788
35.81800079 -43.84400177 255.01800537 0.999999 0.000978 0.000978
35.51800156 -44.04199982 255.01800537 0.999999 -0.000978 -0.000978
35.81800079 -43.97000122 254.71800232 0.999999 -0.000978 -0.000978
36.00999832 -42.94699860 256.81799316 0.624522 -0.699530 0.347319
36.41799927 -42.39899826 257.41799927 0.999999 -0.000978 -0.000978
36.11800003 -42.64199829 257.41799927 0.999999 -0.000978 -0.000978
36.41799927 -42.50400162 257.11801147 0.999999 -0.000978 -0.000978
36.11800003 -42.72999954 257.11801147 0.603826 -0.749632 0.271009
36.11800003 -42.38499832 258.01800537 0.818228 -0.518159 0.249026
36.11800003 -42.52899933 257.71798706 0.999999 0.000978 0.000978
36.41799927 -42.10400009 258.01800537 0.999999 -0.000978 -0.000978
36.41799927 -42.24200058 257.71798706 0.999999 -0.000978 -0.000978
36.71799850 -41.87799835 258.01800537 0.999999 -0.000978 -0.000978
37.01800156 -41.78599930 257.71798706 0.999999 -0.000978 -0.000978
36.71799850 -41.99800110 257.71798706 0.562810 -0.738994 0.370313
38.21799850 -39.33700180 261.61801147 0.999999 0.000978 0.000978
38.21799850 -39.34700012 261.58099365 0.999999 -0.000978 -0.000978
38.51800156 -38.79499817 262.21798706 0.525142 -0.786915 0.324024
38.81800079 -38.37799835 262.81799316 0.627887 -0.711821 0.314751
48.11800003 -46.24700165 251.04600525 0.032876 0.398462 0.916595
38.51800156 -38.55400085 262.81799316 0.999999 -0.000978 -0.000978
48.41799927 -46.24700165 251.03300476 -0.079256 0.302732 0.949774
38.81800079 -38.49800110 262.51800537 0.999999 0.000978 0.000978
37.91799927 -47.74700165 251.96499634 0.041217 0.410845 0.910773
38.51800156 -38.67100143 262.51800537 0.999999 -0.000978 -0.000978
38.21799850 -47.74700165 251.95599365 0.033097 0.414374 0.909505
37.91799927 -47.44699860 251.84300232 0.082314 0.379186 0.921652
39.06999969 -38.14699936 262.81799316 0.650783 -0.711247 0.265723
39.11800003 -37.80400085 263.41799927 0.999999 0.000978 0.000978
38.21799850 -47.44699860 251.80599976 0.046307 0.390301 0.919522
39.41799927 -37.74399948 263.11801147 0.557074 -0.751969 0.352435
39.11800003 -37.84700012 263.32000732 0.999999 0.000978 0.000978
39.11800003 -37.95199966 263.11801147 0.999999 0.000978 0.000978
39.11800003 -37.66999817 263.71798706 0.381569 -0.848795 0.365994
39.41799927 -37.24700165 264.31698608 0.600967 -0.736305 0.310956
39.57899857 -37.24700165 264.01800537 0.574262 -0.740196 0.349763
39.41799927 -37.38299942 264.01800537 0.490076 -0.784446 0.380092
39.11800003 -37.54600143 264.01800537 0.504209 -0.823801 0.259086
39.41799927 -37.53900146 263.71798706 0.362348 -0.827545 0.428804
39.39899826 -37.54700089 263.71798706 0.362348 -0.827545 0.428804
40.01800156 -36.45299911 265.21798706 0.560865 -0.728631 0.393099
39.71799850 -36.65399933 265.21798706 0.999999 -0.000978 -0.000978
40.01800156 -36.57300186 264.91799927 0.999999 -0.000978 -0.000978
39.71799850 -36.77099991 264.91799927 0.999999 -0.000978 -0.000978
39.71799850 -36.38199997 265.81799316 0.999999 0.000978 0.000978
39.71799850 -36.52899933 265.51800537 0.999999 0.000978 0.000978
40.01800156 -36.14199829 265.81799316 0.411208 -0.851898 0.324311
40.01800156 -36.24900055 265.51800537 0.342301 -0.885158 0.315159
40.01800156 -35.91699982 266.41799927 0.999999 -0.000978 -0.000978
39.71799850 -36.16799927 266.41799927 0.587212 -0.781408 0.211150
40.01800156 -36.02000046 266.11801147 0.999999 -0.000978 -0.000978
39.71799850 -36.25600052 266.11801147 0.999999 0.000978 0.000978
37.61800003 -50.43199921 272.41799927 0.348655 0.856917 -0.379647
37.31800079 -50.24200058 272.41799927 0.411590 0.772748 -0.483171
37.91799927 -48.34700012 252.24299622 -0.006394 0.374688 0.927129
38.21799850 -48.34700012 252.22500610 0.059947 0.379663 0.923181
37.91799927 -48.04700089 252.11399841 0.017100 0.422247 0.906319
38.21799850 -48.04700089 252.07899475 0.083370 0.408652 0.908875
37.31800079 -50.42200089 272.11801147 0.414848 0.873444 -0.254943
37.61800003 -50.56499863 272.11801147 0.391792 0.823238 -0.410826
38.51800156 -48.34700012 252.20399475 0.035820 0.409936 0.911411
38.81800079 -48.34700012 252.20199585 0.032774 0.386735 0.921608
38.51800156 -48.04700089 252.05900574 0.009050 0.399513 0.916683
38.81800079 -48.04700089 252.07299805 -0.006500 0.417317 0.908738
38.51800156 -47.74700165 251.94299316 0.043419 0.377610 0.924946
38.81800079 -47.74700165 251.92700195 0.032695 0.385802 0.922002
38.51800156 -47.44699860 251.81300354 -0.027375 0.387154 0.921609
38.81800079 -47.44699860 251.82299805 0.001279 0.387428 0.921899
39.11800003 -48.34700012 252.18200684 0.019167 0.356514 0.934093
39.41799927 -48.34700012 252.19000244 -0.009014 0.390170 0.920699
39.11800003 -48.04700089 252.06300354 0.035627 0.397170 0.917053
39.41799927 -48.04700089 252.04899597 0.043978 0.411795 0.910215
48.71799850 -42.57600021 256.81799316 -0.364920 -0.852514 0.374237
49.01800156 -42.69900131 256.81799316 -0.365926 -0.888679 0.276312
49.01800156 -42.87599945 256.51800537 -0.397768 -0.875695 0.273749
48.71799850 -42.73099899 256.51800537 -0.444886 -0.821693 0.356225
40.01800156 -48.04700089 252.01300049 0.034987 0.361536 0.931701
39.71799850 -48.34700012 252.18800354 0.054908 0.400425 0.914683
40.01800156 -48.34700012 252.15400696 0.066333 0.412892 0.908361
39.71799850 -48.04700089 252.03399658 0.054679 0.390753 0.918870
48.41799927 -42.44400024 256.81799316 -0.353908 -0.876415 0.326567
48.41799927 -42.53900146 256.51800537 -0.326925 -0.900893 0.285505
48.11800003 -42.43000031 256.51800537 -0.323395 -0.885953 0.332420
48.71799850 -42.83599854 256.21798706 -0.371826 -0.875688 0.308084
48.71799850 -42.94200134 255.91799927 -0.406078 -0.847940 0.340732
48.11800003 -42.55899811 256.21798706 -0.372680 -0.849835 0.372680
48.41799927 -42.70899963 256.21798706 -0.394450 -0.855415 0.335669
48.41799927 -42.81900024 255.91799927 -0.359471 -0.862421 0.356385
48.11800003 -42.69200134 255.91799927 -0.370102 -0.847954 0.379471
35.51800156 -50.81299973 269.11801147 0.189394 0.915643 -0.354580
35.81800079 -50.86199951 269.11801147 0.234312 0.906686 -0.350740
35.81800079 -50.78799820 269.41799927 0.369842 0.875140 -0.312006
47.81800079 -42.44599915 256.21798706 -0.343290 -0.874245 0.343290
47.81800079 -42.55599976 255.91799927 -0.428175 -0.845451 0.319185
47.51800156 -42.38800049 255.91799927 -0.434862 -0.859044 0.270072
48.11800003 -42.82799911 255.61799622 -0.398491 -0.836359 0.376441
47.51800156 -42.46200180 255.61799622 -0.272713 -0.919144 0.284256
47.81800079 -42.67100143 255.61799622 -0.476650 -0.837609 0.266863
47.51800156 -42.57400131 255.31799316 -0.391878 -0.862132 0.321186
47.81800079 -42.74599838 255.31799316 -0.496560 -0.744015 0.447069
47.21799850 -42.38600159 255.61799622 -0.355276 -0.893393 0.275005
47.21799850 -42.43799973 255.31799316 -0.362167 -0.911860 0.193251
47.51800156 -42.83300018 255.01800537 -0.456211 -0.683481 0.569846
34.61800003 -45.52700043 253.21800232 0.514908 -0.787601 0.338460
34.61800003 -45.61999893 252.91799927 0.629654 -0.742149 0.229675
38.21799850 -50.85499954 272.11801147 0.382779 0.836442 -0.392230
38.21799850 -50.97399902 271.81799316 0.381692 0.857647 -0.344604
37.91799927 -50.82099915 271.81799316 0.351809 0.864927 -0.357954
37.91799927 -50.95399857 271.51800537 0.344384 0.846157 -0.406716
38.21799850 -51.09500122 271.51800537 0.413898 0.826211 -0.382182
50.29899979 -45.64699936 255.01800537 -0.995090 -0.096790 0.020663
50.36100006 -45.94699860 255.01800537 -0.999753 -0.021100 -0.007033
50.33700180 -45.64699936 254.71800232 -0.985788 -0.167527 0.012536
50.40399933 -45.94699860 254.71800232 -0.991596 -0.127984 0.018919
50.29100037 -45.64699936 254.41799927 -0.989283 -0.126415 0.073065
50.34899902 -45.94699860 254.41799927 -0.972189 -0.153771 0.176646
50.29299927 -45.64699936 254.11799622 -0.998575 -0.051022 0.015619
50.29499817 -45.94699860 254.11799622 -0.983659 -0.029034 0.177686
42.71799850 -49.24700165 252.46899414 0.088808 0.330049 0.939777
43.01800156 -49.24700165 252.43400574 0.110812 0.311074 0.943903
50.38600159 -46.24700165 254.41799927 -0.985142 -0.017203 0.170880
50.35900116 -46.54700089 254.41799927 -0.995481 0.090300 0.029375
50.31000137 -46.24700165 254.11799622 -0.981424 -0.095837 0.166199
50.35300064 -46.54700089 254.11799622 -0.993349 -0.109879 0.034407
50.28400040 -46.24700165 253.81799316 -0.984606 -0.157964 0.074825
50.33800125 -46.54700089 253.81799316 -0.976801 -0.184934 0.107982
50.26499939 -46.24700165 253.51800537 -0.996630 -0.042203 0.070338
50.28699875 -46.54700089 253.51800537 -0.982639 -0.132395 0.129966
50.39799881 -46.84700012 253.81799316 -0.998557 0.009332 0.052883
50.33200073 -47.14699936 253.81799316 -0.993960 0.007587 0.109477
50.34500122 -46.84700012 253.51800537 -0.973030 -0.088457 0.213045
50.34199905 -47.14699936 253.51800537 -0.996882 -0.068043 0.039962
50.26699829 -46.84700012 253.21800232 -0.985969 -0.081671 0.145587
50.30799866 -47.14699936 253.21800232 -0.985130 -0.132867 0.108927
50.25699997 -46.84700012 252.91799927 -0.992410 -0.055448 -0.109765
50.27600098 -47.14699936 252.91799927 -0.995704 -0.082154 0.042720
38.81800079 -51.27799988 271.81799316 0.343857 0.851085 -0.396758
38.51800156 -51.08700180 271.81799316 0.377011 0.843190 -0.383268
38.51800156 -51.25299835 271.51800537 0.431146 0.796087 -0.424687
50.34799957 -47.44699860 253.21800232 -0.987224 -0.090820 0.130922
50.36299896 -47.74700165 253.21800232 -0.998982 -0.009240 0.044148
50.30699921 -47.44699860 252.91799927 -0.991734 -0.118737 0.048626
50.34799957 -47.74700165 252.91799927 -0.991846 -0.101816 0.076648
50.31900024 -47.44699860 252.61799622 -0.998223 -0.057489 0.015679
50.31600189 -47.74700165 252.61799622 -0.996258 -0.060016 0.062198
50.29800034 -47.44699860 252.31799316 -0.968374 -0.015638 0.249011
50.31100082 -47.74700165 252.31799316 -0.985316 0.104159 0.135286
38.81800079 -51.41999817 271.51800537 0.433255 0.820487 -0.372949
44.21799850 -48.94699860 252.33299255 0.019298 0.366659 0.930155
43.91799927 -48.94699860 252.32899475 -0.034936 0.358413 0.932909
50.81800079 -50.70899963 264.91799927 -0.800658 0.534294 -0.271064
51.02500153 -50.44699860 264.91799927 -0.874641 0.484725 -0.006677
50.81800079 -50.65000153 265.21798706 -0.551618 0.780531 -0.294090
51.02700043 -50.44699860 265.21798706 -0.840786 0.518657 -0.155154
49.31800079 -52.36000061 263.71798706 -0.571270 0.749286 -0.334994
50.51800156 -50.93199921 264.91799927 -0.999999 -0.000978 -0.000978
50.51800156 -50.80599976 265.21798706 -0.435516 0.831725 -0.344325
49.61800003 -52.16500092 263.71798706 -0.690339 -0.693442 0.206326
49.31800079 -52.26200104 264.01800537 -0.999999 0.000978 0.000978
43.61800003 -48.64699936 252.20500183 -0.001236 0.317711 0.948187
43.31800079 -48.64699936 252.20799255 0.037702 0.360117 0.932145
43.61800003 -48.94699860 252.31100464 -0.011454 0.360149 0.932824
50.21799850 -51.18000031 264.91799927 -0.390796 0.857279 -0.335188
49.91799927 -51.33800125 265.21798706 -0.999999 0.000978 0.000978
49.61800003 -52.07600021 264.01800537 -0.521208 0.818157 -0.242818
50.25299835 -51.04700089 265.21798706 -0.654002 0.717039 -0.241114
50.21799850 -51.29700089 264.61801147 -0.999999 -0.000978 -0.000978
49.91799927 -51.40800095 264.91799927 -0.588230 0.737313 -0.332196
49.88600159 -51.94699860 263.71798706 -0.823419 0.537405 -0.182146
49.81999969 -51.94699860 264.01800537 -0.534260 0.837056 -0.117916
49.61800003 -51.65100098 264.91799927 -0.572450 0.763798 -0.298184
49.43099976 -51.64699936 265.21798706 -0.469254 0.851947 -0.232349
49.31800079 -51.64699936 265.44699097 -0.445192 0.867900 -0.220348
49.61800003 -51.54399872 265.21798706 -0.420145 0.871914 -0.251485
49.31800079 -51.94699860 264.70800781 -0.764253 0.541279 -0.350619
49.22200012 -51.94699860 264.91799927 -0.559573 0.788418 -0.255491
49.31800079 -52.17699814 264.31799316 -0.409715 0.877960 -0.247630
49.31800079 -52.00500107 264.61801147 -0.764253 0.541279 -0.350619
48.71799850 -52.30500031 264.91799927 -0.999379 0.031710 -0.015344
49.01800156 -52.09199905 264.91799927 -0.559474 0.717909 -0.414242
48.71799850 -52.53900146 264.31799316 -0.999999 -0.000978 -0.000978
49.01800156 -52.31700134 264.31799316 -0.486268 0.839080 -0.243901
48.71799850 -52.45700073 264.61801147 -0.999999 0.000978 0.000978
49.01800156 -52.27600098 264.61801147 -0.580443 0.761732 -0.287836
48.41799927 -52.36399841 265.51800537 -0.999999 0.000978 0.000978
48.41799927 -52.53499985 264.91799927 -0.999999 0.000978 0.000978
48.41799927 -52.48300171 265.21798706 -0.999999 0.000978 0.000978
48.71500015 -52.24700165 265.21798706 -0.997811 0.062297 -0.022174
48.11800003 -52.43299866 265.81799316 -0.508544 0.768502 -0.388313
48.41799927 -52.25099945 265.81799316 -0.528182 0.753845 -0.390822
48.11800003 -52.59299850 265.51800537 -0.999999 -0.000978 -0.000978
47.51800156 -53.54899979 264.31799316 -0.579787 0.721039 -0.379408
47.81800079 -53.28400040 264.31799316 -0.999999 0.000978 0.000978
47.51800156 -53.31999969 264.61801147 -0.612734 0.763988 -0.202187
41.21799850 -47.44699860 251.74499512 -0.009050 0.399513 0.916683
40.91799927 -47.44699860 251.74400330 -0.006430 0.387071 0.922027
47.36000061 -53.44699860 264.61801147 -0.591111 0.733626 -0.335233
41.21799850 -47.74700165 251.88099670 0.038418 0.406699 0.912754
40.91799927 -47.74700165 251.89599609 0.001311 0.449834 0.893111
47.21799850 -53.42399979 264.91799927 -0.436005 0.858241 -0.270782
46.91799927 -53.57600021 265.21798706 -0.563489 0.739885 -0.367493
47.21799850 -53.32899857 265.21798706 -0.408873 0.850393 -0.331140
46.91799927 -53.95899963 264.31799316 -0.511588 0.768194 -0.384909
47.21799850 -53.76699829 264.31799316 -0.552920 0.807171 -0.206771
46.91799927 -53.81299973 264.61801147 -0.999999 0.000978 0.000978
46.91799927 -53.75799942 264.91799927 -0.396478 0.903167 -0.164603
47.51800156 -52.76100159 266.11801147 -0.999999 -0.000978 -0.000978
47.81800079 -52.56700134 266.11801147 -0.593395 0.717632 -0.364537
47.51800156 -52.63299942 266.41799927 -0.999999 -0.000978 -0.000978
46.61800003 -54.16600037 264.31799316 -0.999999 -0.000978 -0.000978
46.61800003 -54.04700089 264.60000610 -0.999999 0.000978 0.000978
46.31800079 -54.25999832 264.61801147 -0.136421 0.954945 -0.263570
46.61800003 -54.03499985 264.61801147 -0.999999 -0.000978 -0.000978
47.81800079 -52.34700012 266.41799927 -0.478171 0.864217 -0.156466
46.29000092 -54.34700012 264.31799316 -0.579199 0.761097 -0.291993
46.01800156 -54.34700012 264.90798950 -0.960545 0.255368 -0.110184
46.91799927 -52.97200012 266.71798706 -0.999999 0.000978 0.000978
34.01800156 -41.30199814 264.61801147 0.679464 -0.721462 0.133493
33.86399841 -41.44699860 264.61801147 0.770817 -0.493779 0.402520
33.72499847 -41.74700165 264.61801147 0.958889 -0.243340 0.146004
47.21799850 -52.72900009 266.71798706 -0.999999 -0.000978 -0.000978
34.01800156 -41.35800171 264.31799316 0.365926 -0.888679 0.276312
33.78200150 -41.74700165 264.31799316 0.944678 -0.274790 0.179092
33.63499832 -45.04700089 261.61801147 0.993325 0.089072 -0.073287
33.65999985 -45.34700012 261.61801147 0.997068 0.057253 -0.050772
33.59899902 -45.04700089 261.31799316 0.993796 0.090958 -0.064007
46.91799927 -52.80500031 267.01800537 -0.999999 0.000978 0.000978
33.63999939 -45.34700012 261.31799316 0.988563 0.120785 -0.090296
47.21799850 -52.59999847 267.01800537 -0.612326 0.731255 -0.300538
33.59600067 -45.04700089 261.01800537 0.998411 -0.011452 -0.055178
33.60499954 -45.34700012 261.01800537 0.994457 0.063618 -0.083709
33.56600189 -45.04700089 260.71798706 0.995754 0.020542 -0.089737
33.59000015 -45.34700012 260.71798706 0.995943 0.060261 -0.066834
33.63499832 -45.64699936 261.01800537 0.987528 0.105258 -0.117084
33.66899872 -45.94699860 261.01800537 0.994996 0.040679 -0.091254
33.60200119 -45.64699936 260.71798706 0.995574 0.058304 -0.073705
33.62500000 -45.94699860 260.71798706 0.995404 0.074020 -0.060763
33.59099960 -45.64699936 260.41799927 0.989826 0.112559 -0.087030
33.63299942 -45.94699860 260.41799927 0.990568 0.128808 -0.046736
33.54999924 -45.64699936 260.11801147 0.993244 0.098084 -0.062007
33.59700012 -45.94699860 260.11801147 0.971822 0.184684 -0.146474
40.01800156 -51.99100113 271.51800537 0.392788 0.834477 -0.386478
44.21799850 -55.98199844 264.31799316 -0.999999 -0.000978 -0.000978
46.61800003 -53.02199936 267.01800537 -0.590580 0.721457 -0.361546
43.91799927 -56.07799911 264.61801147 -0.290207 0.903031 -0.316724
44.21799850 -55.83300018 264.61801147 -0.999999 -0.000978 -0.000978
44.21799850 -56.13600159 264.01800537 -0.999999 -0.000978 -0.000978
43.91799927 -56.21900177 264.31799316 -0.999999 -0.000978 -0.000978
44.03900146 -56.44699860 263.71798706 -0.624924 0.664707 -0.409433
44.21799850 -56.27899933 263.71798706 -0.679776 0.676577 -0.283107
43.91799927 -56.37599945 264.01800537 -0.531839 0.751121 -0.391107
39.41799927 -51.53799820 271.81799316 0.419341 0.817955 -0.393830
39.11800003 -51.40100098 271.81799316 0.359104 0.827363 -0.431874
46.61800003 -52.93099976 267.31799316 -0.999999 0.000978 0.000978
46.31800079 -53.00799942 267.61801147 -0.863458 0.455005 -0.217742
46.61800003 -52.79399872 267.61801147 -0.398695 0.821215 -0.408225
46.31800079 -53.15200043 267.31799316 -0.999999 0.000978 0.000978
39.11800003 -51.56800079 271.51800537 0.387855 0.815613 -0.429354
39.41799927 -51.70600128 271.51800537 0.372020 0.824777 -0.425845
40.01800156 -52.11600113 271.21798706 0.394793 0.838346 -0.375919
39.71799850 -51.98799896 271.21798706 0.369247 0.822485 -0.432637
39.71799850 -52.15200043 270.91799927 0.416182 0.818013 -0.397047
40.01800156 -52.29600143 270.91799927 0.381680 0.825125 -0.416522
46.01800156 -53.14500046 267.91799927 -0.999999 0.000978 0.000978
46.01800156 -53.07400131 268.21798706 -0.749649 0.644064 -0.152343
46.21300125 -52.84700012 268.21798706 -0.710990 0.660542 -0.241200
48.11800003 -56.14699936 255.37300110 -0.142373 0.615952 0.774811
45.71799850 -53.34600067 267.91799927 -0.999999 -0.000978 -0.000978
45.71799850 -53.25299835 268.21798706 -0.506622 0.775309 -0.377134
39.41799927 -51.84799957 271.21798706 0.379613 0.836409 -0.395365
39.11800003 -51.71599960 271.21798706 0.408741 0.822253 -0.396018
39.11800003 -51.85699844 270.91799927 0.407674 0.823280 -0.394984
45.11800003 -53.54299927 268.51800537 -0.999999 0.000978 0.000978
45.41799927 -53.34799957 268.51800537 -0.999999 0.000978 0.000978
45.11800003 -53.41299820 268.81799316 -0.473250 0.822291 -0.316024
45.41799927 -53.25000000 268.81799316 -0.476914 0.820039 -0.316368
48.71799850 -52.54700089 253.78999329 0.103839 0.408434 0.906862
49.01800156 -52.54700089 253.74800110 0.063309 0.405449 0.911923
48.71799850 -52.24700165 253.64300537 0.036237 0.444234 0.895178
49.01800156 -52.24700165 253.63000488 0.024500 0.367497 0.929702
45.11800003 -53.31299973 269.11801147 -0.999999 0.000978 0.000978
45.11800003 -53.17599869 269.41799927 -0.999999 0.000978 0.000978
44.56900024 -53.74700165 269.11801147 -0.660178 0.707673 -0.251723
44.81800079 -53.51499939 269.11801147 -0.669663 0.718925 -0.186274
44.51800156 -53.68700027 269.41799927 -0.698426 0.669919 -0.251813
49.31800079 -52.54700089 253.74899292 0.009038 0.396395 0.918036
49.61800003 -52.54700089 253.74200439 -0.006517 0.423590 0.905831
49.31800079 -52.24700165 253.62800598 0.049323 0.398582 0.915805
49.61800003 -52.24700165 253.59700012 0.030536 0.426174 0.904126
44.81800079 -53.43700027 269.41799927 -0.999999 -0.000978 -0.000978
40.61800003 -52.15900040 271.81799316 0.334109 0.863757 -0.377220
40.31800079 -51.95700073 271.81799316 0.399373 0.841033 -0.364917
40.31800079 -52.12099838 271.51800537 0.348000 0.829845 -0.436180
40.61800003 -52.29700089 271.51800537 0.382305 0.835407 -0.394891
37.61800003 -51.04700089 253.41299438 0.054468 0.386590 0.920642
37.31800079 -51.04700089 253.41700745 0.001296 0.418483 0.908224
37.01800156 -51.04700089 253.41400146 0.001273 0.372926 0.927860
36.71799850 -51.04700089 253.41799927 0.043481 0.380787 0.923640
42.11800003 -35.69400024 264.61801147 -0.999999 0.000978 0.000978
42.41799927 -42.01499939 250.81799316 -0.312469 -0.923138 0.224007
42.41799927 -42.17699814 250.51800537 -0.293999 -0.838443 0.458888
42.11800003 -42.06900024 250.51800537 -0.322801 -0.897001 0.301975
34.31800079 -49.84700012 252.93800354 0.049990 0.316601 0.947241
34.61800003 -50.14699936 253.04699707 -0.049796 0.426629 0.903055
34.31800079 -50.14699936 253.04899597 0.052472 0.421124 0.905484
43.31800079 -54.45299911 269.41799927 -0.096540 0.945566 -0.310780
43.61800003 -54.47999954 269.11801147 -0.292351 0.889045 -0.352320
43.31800079 -54.55699921 269.11801147 -0.124277 0.958896 -0.255095
42.11800003 -53.74499893 270.01800537 0.349678 0.853214 -0.386977
33.66600037 -40.84700012 268.51800537 0.993931 -0.084231 -0.070754
33.70000076 -41.14699936 268.51800537 0.982579 0.156292 -0.100560
49.31800079 -47.14699936 251.41700745 -0.129842 0.295826 0.946376
49.31800079 -46.84700012 251.33000183 -0.094840 0.337949 0.936374
49.61800003 -46.84700012 251.35699463 -0.211665 0.352774 0.911454
49.61800003 -47.14699936 251.47000122 -0.146785 0.325122 0.934211
44.21799850 -54.35900116 268.21798706 -0.999999 0.000978 0.000978
43.91799927 -54.59299850 268.21798706 -0.999999 0.000978 0.000978
44.21799850 -54.47600174 267.91799927 -0.999999 0.000978 0.000978
43.91799927 -54.70800018 267.91799927 -0.612913 0.707710 -0.351403
33.71799850 -40.83399963 268.81799316 -0.000978 -0.000978 0.999999
33.72000122 -40.84700012 268.81799316 0.980870 0.088509 -0.173380
33.74000168 -41.14699936 268.81799316 0.990168 0.105633 -0.091704
33.67300034 -40.84700012 268.21798706 0.982957 -0.183805 0.003425
33.67800140 -41.14699936 268.21798706 0.996627 0.081726 -0.007430
33.66799927 -40.84700012 267.91799927 0.974449 -0.212585 0.072500
33.69499969 -41.14699936 267.91799927 0.992522 0.120607 0.018810
42.41799927 -53.64799881 270.61801147 0.425725 0.827711 -0.365586
42.11800003 -53.48699951 270.61801147 0.417443 0.848852 -0.324333
42.11800003 -53.62300110 270.31799316 0.423357 0.832549 -0.357256
33.72200012 -41.44699860 268.21798706 0.992576 0.117233 -0.032379
33.74900055 -41.74700165 268.21798706 0.998605 0.052558 0.005153
33.74100113 -41.44699860 267.91799927 0.988252 0.148066 0.037877
33.78499985 -41.74700165 267.91799927 0.998131 0.059574 -0.013587
33.74499893 -41.44699860 267.61801147 0.995960 0.085616 -0.027094
33.74100113 -41.74700165 267.61801147 0.993640 0.027570 -0.109179
33.72499847 -41.44699860 267.31799316 0.996194 -0.040283 -0.077300
33.71900177 -41.74700165 267.31799316 0.997461 0.018020 -0.068900
33.71599960 -40.84700012 267.61801147 0.976608 -0.166311 0.136300
33.68899918 -41.14699936 267.61801147 0.995560 0.049394 0.080128
42.41799927 -53.77099991 270.31799316 0.410123 0.852746 -0.323455
33.75199890 -40.84700012 267.31799316 0.979871 -0.126952 0.154068
33.74300003 -41.14699936 267.31799316 0.987462 -0.045042 0.151295
42.41799927 -53.87500000 270.01800537 0.394579 0.864389 -0.311671
42.11800003 -53.89500046 269.71798706 0.337977 0.848837 -0.406507
42.41799927 -54.04999924 269.71798706 0.382182 0.826211 -0.413898
33.81000137 -40.84700012 267.01800537 0.993109 -0.104597 0.052861
33.78099823 -41.14699936 267.01800537 0.982598 -0.183434 0.029209
33.78400040 -40.84700012 266.71798706 0.993725 -0.108947 -0.025311
33.76100159 -41.14699936 266.71798706 0.992280 -0.119700 0.032442
33.69800186 -41.44699860 267.01800537 0.990516 -0.135733 -0.021313
33.69900131 -41.74700165 267.01800537 0.999438 0.011207 -0.031583
33.71200180 -41.44699860 266.71798706 0.990255 -0.100763 0.096130
33.70000076 -41.74700165 266.71798706 0.998801 -0.042702 -0.023955
44.51800156 -54.40999985 267.61801147 -0.999999 -0.000978 -0.000978
44.51800156 -54.53900146 267.31799316 -0.999999 0.000978 0.000978
45.02600098 -54.04700089 267.61801147 -0.646896 0.744311 -0.165910
44.81800079 -54.22800064 267.61801147 -0.597590 0.758419 -0.260165
44.81800079 -54.30300140 267.31799316 -0.999999 -0.000978 -0.000978
45.41799927 -53.91099930 267.01800537 -0.999999 -0.000978 -0.000978
45.11800003 -54.12300110 267.01800537 -0.581422 0.731256 -0.356670
45.41799927 -53.98099899 266.71798706 -0.463515 0.862943 -0.201204
33.79499817 -40.84700012 266.41799927 0.980497 -0.078585 0.180141
33.80099869 -41.14699936 266.41799927 0.996387 -0.064248 0.055536
33.89400101 -40.84700012 266.11801147 0.931697 -0.269220 0.243848
46.01800156 -53.76100159 266.41799927 -0.999999 -0.000978 -0.000978
45.71799850 -53.95000076 266.41799927 -0.504863 0.771093 -0.387981
33.79399872 -41.14699936 266.11801147 0.950897 -0.305053 -0.052331
46.01800156 -53.89699936 266.11801147 -0.999999 0.000978 0.000978
45.71799850 -54.11999893 266.11801147 -0.561301 0.755411 -0.338075
45.41799927 -54.15200043 266.41799927 -0.558043 0.710387 -0.428881
45.41799927 -54.34099960 266.11801147 -0.551857 0.729769 -0.403597
33.68399811 -41.74700165 266.41799927 0.989448 -0.126436 -0.070758
33.70199966 -41.44699860 266.11801147 0.973166 -0.223450 -0.054947
33.65700150 -41.74700165 266.11801147 0.997753 -0.062426 0.024335
33.75600052 -41.44699860 266.41799927 0.980788 -0.194296 -0.017452
33.69800186 -41.74700165 265.81799316 0.991431 -0.065181 0.113208
43.01800156 -53.86600113 270.61801147 0.124225 0.911447 -0.392215
33.72299957 -41.44699860 265.81799316 0.988736 -0.115840 0.094778
33.75899887 -41.44699860 265.51800537 0.965591 -0.244887 0.087550
33.72600174 -41.74700165 265.51800537 0.980932 -0.194346 0.001150
42.71799850 -53.79600143 270.61801147 0.313438 0.856936 -0.409167
33.69900131 -41.74700165 265.21798706 0.976937 -0.206497 -0.054341
33.69300079 -41.74700165 264.91799927 0.993656 -0.103715 0.043493
50.39400101 -44.14699936 257.71798706 -0.987072 -0.159790 0.012466
43.01800156 -53.95899963 270.31799316 0.160206 0.911615 -0.378540
33.77700043 -41.44699860 265.21798706 0.978585 -0.205093 -0.017579
33.74800110 -41.44699860 264.91799927 0.931565 -0.336132 0.138569
42.71799850 -53.91199875 270.31799316 0.283458 0.897864 -0.336885
50.30699921 -43.84700012 257.71798706 -0.978851 -0.204170 0.012834
50.36199951 -44.14699936 258.01800537 -0.993172 -0.115485 0.016498
35.81800079 -56.14699936 255.66600037 0.044810 0.454893 0.889418
35.51800156 -56.14699936 255.69500732 0.000978 0.999999 0.000978
35.81800079 -55.84700012 255.50799561 -0.014490 0.430757 0.902351
35.51800156 -55.84700012 255.51899719 0.084986 0.458367 0.884690
50.89599991 -48.64699936 262.21798706 -0.993340 -0.113305 0.020901
50.94599915 -48.94699860 262.21798706 -0.985676 -0.168617 -0.003395
50.89899826 -48.64699936 261.91799927 -0.981867 -0.189483 0.005742
50.96599960 -48.94699860 261.91799927 -0.994304 -0.105638 0.014158
50.86899948 -48.04700089 261.01800537 -0.995047 -0.001069 0.099398
50.87200165 -48.34700012 261.01800537 -0.996381 0.011722 0.084186
50.77600098 -48.04700089 260.71798706 -0.984683 0.007969 0.174169
50.82400131 -48.34700012 260.71798706 -0.985237 -0.101756 0.137670
50.30599976 -43.84700012 258.01800537 -0.996663 -0.072347 0.037793
50.17300034 -46.84700012 255.61799622 -0.000978 0.999999 -0.000978
50.24599838 -46.84700012 255.31799316 -0.942200 0.297751 -0.153634
42.71799850 -54.01800156 270.01800537 0.344095 0.859467 -0.378042
43.01800156 -54.11399841 270.01800537 0.226629 0.865993 -0.445754
43.01800156 -54.26699829 269.71798706 0.290285 0.870854 -0.396672
42.71799850 -54.17300034 269.71798706 0.305487 0.848231 -0.432644
49.91799927 -46.84700012 251.46800232 -0.566081 0.410945 0.714616
42.41799927 -53.50500107 270.91799927 0.326006 0.867818 -0.374983
42.11800003 -53.39300156 270.91799927 0.335989 0.898437 -0.282704
42.11800003 -53.18099976 271.21798706 0.370558 0.906929 -0.200418
42.41799927 -53.38800049 271.21798706 0.284397 0.894881 -0.343956
41.81800079 -53.20000076 270.91799927 0.999999 0.000978 0.000978
41.51800156 -52.98899841 270.91799927 0.407400 0.859383 -0.309009
41.51800156 -52.93399811 271.21798706 0.414465 0.888976 -0.194784
41.81800079 -53.05799866 271.21798706 0.351890 0.854147 -0.382893
41.81800079 -52.93099976 271.51800537 0.999999 -0.000978 -0.000978
41.51800156 -52.75699997 271.51800537 0.435667 0.812288 -0.387792
41.51800156 -52.61399841 271.81799316 0.479155 0.814406 -0.327344
41.81800079 -52.78499985 271.81799316 0.999999 0.000978 0.000978
41.21799850 -52.59600067 271.51800537 0.433076 0.813416 -0.388330
40.91799927 -52.43700027 271.51800537 0.399987 0.804794 -0.438540
40.91799927 -52.27999878 271.81799316 0.340226 0.835671 -0.431162
41.21799850 -52.45399857 271.81799316 0.435667 0.812288 -0.387792
43.31800079 -54.37200165 269.71798706 -0.075275 0.839391 -0.538290
40.61800003 -52.03499985 272.11801147 0.260580 0.902460 -0.343023
40.31800079 -51.86199951 272.11801147 0.461824 0.858963 -0.221134
40.31800079 -51.80300140 272.41799927 0.439629 0.856280 -0.271130
40.61800003 -51.93099976 272.41799927 0.399375 0.850032 -0.343432
39.11800003 -50.74700165 273.29598999 0.136427 0.907171 -0.398030
43.61800003 -54.11399841 270.01800537 -0.185655 0.931068 -0.314078
43.31800079 -54.17399979 270.01800537 0.001270 0.928213 -0.372047
43.61800003 -54.21500015 269.71798706 -0.431509 0.849098 -0.304685
37.31800079 -45.94699860 251.19400024 0.003870 0.398582 0.917125
37.61800003 -45.94699860 251.18299866 -0.006588 0.446677 0.894671
37.31800079 -45.64699936 251.05700684 0.055503 0.431844 0.900239
37.61800003 -45.64699936 251.03700256 0.006499 0.412031 0.911147
37.91799927 -45.94699860 251.19900513 0.049203 0.397611 0.916234
38.21799850 -45.94699860 251.14999390 0.058033 0.414325 0.908277
37.91799927 -45.64699936 251.05200195 -0.006441 0.395465 0.918458
38.21799850 -45.64699936 251.04100037 0.027181 0.371477 0.928044
33.91899872 -52.24700165 257.41799927 0.986383 0.101137 0.129693
33.96200180 -52.54700089 257.41799927 0.993541 0.112579 0.014209
34.01399994 -52.24700165 257.11801147 0.990561 0.041983 0.130486
33.98899841 -52.54700089 257.11801147 0.988929 -0.148284 0.005575
34.09099960 -51.64699936 258.01800537 0.987329 -0.095777 0.126520
33.99000168 -51.94699860 258.01800537 0.976916 -0.208393 -0.046979
33.95600128 -51.94699860 257.71798706 0.988350 -0.042572 -0.146124
43.61800003 -54.32899857 269.41799927 -0.323375 0.865910 -0.381613
33.83200073 -48.04700089 261.61801147 0.999667 0.017218 0.019244
33.85200119 -48.34700012 261.61801147 0.996979 0.067902 -0.037724
33.85300064 -48.04700089 261.31799316 0.998391 0.051334 -0.024095
33.85400009 -48.34700012 261.31799316 0.999004 0.036309 -0.025935
39.11800003 -47.14699936 251.68499756 0.003881 0.410093 0.912036
39.41799927 -47.14699936 251.67399597 0.057578 0.400365 0.914545
39.11800003 -46.84700012 251.54200745 0.014146 0.374234 0.927226
39.41799927 -46.84700012 251.53900146 0.003870 0.398582 0.917125
39.71799850 -47.14699936 251.64700317 0.016694 0.371118 0.928436
40.01800156 -47.14699936 251.66400146 0.006311 0.347102 0.937806
39.71799850 -46.84700012 251.53999329 -0.038209 0.393950 0.918338
40.01800156 -46.84700012 251.56399536 0.033045 0.405794 0.913367
44.21799850 -53.91600037 269.41799927 -0.999999 -0.000978 -0.000978
43.91799927 -54.13299942 269.41799927 -0.999999 -0.000978 -0.000978
44.21799850 -54.04299927 269.11801147 -0.999999 -0.000978 -0.000978
43.91799927 -54.25500107 269.11801147 -0.999999 -0.000978 -0.000978
44.21799850 -54.11000061 268.81799316 -0.999999 -0.000978 -0.000978
44.21799850 -54.20700073 268.51800537 -0.999999 0.000978 0.000978
41.51800156 -47.74700165 251.87100220 0.016805 0.381346 0.924280
41.81800079 -47.74700165 251.86999512 0.029925 0.378615 0.925070
41.51800156 -47.44699860 251.75000000 0.006449 0.398576 0.917112
41.81800079 -47.44699860 251.74099731 0.035781 0.412140 0.910418
44.81800079 -53.71200180 268.81799316 -0.564840 0.735111 -0.374923
50.24200058 -43.54700089 257.11801147 -0.940406 -0.248645 0.231976
44.51800156 -53.90100098 268.81799316 -0.721269 0.658956 -0.213421
49.97700119 -43.24700165 257.11801147 0.000978 -0.999999 0.000978
51.13499832 -50.74700165 262.81799316 -0.999793 0.011053 0.017082
51.13700104 -50.74700165 262.51800537 -0.988071 0.019241 0.152794
44.81800079 -53.83900070 268.51800537 -0.460063 0.827485 -0.321887
44.51800156 -53.99900055 268.51800537 -0.479890 0.812487 -0.331013
51.08800125 -50.44699860 262.81799316 -0.995869 -0.089359 0.016149
51.07799911 -50.44699860 262.51800537 -0.984838 -0.140348 0.101963
50.25099945 -43.54700089 257.41799927 -0.948752 -0.312846 0.044692
50.91699982 -49.24700165 261.61801147 -0.997891 0.024287 0.060190
50.92300034 -49.54700089 261.61801147 -0.996258 -0.062198 0.060016
50.92599869 -49.24700165 261.31799316 -0.999288 -0.037613 0.003050
50.92599869 -49.54700089 261.31799316 -0.995736 -0.083978 -0.038172
50.10400009 -43.24700165 257.41799927 -0.818176 -0.502169 0.280026
44.81800079 -53.94499969 268.21798706 -0.999999 -0.000978 -0.000978
49.91799927 -43.00699997 257.41799927 -0.741943 -0.576345 0.342560
44.51800156 -54.14500046 268.21798706 -0.999999 0.000978 0.000978
44.81800079 -54.09700012 267.91799927 -0.999999 -0.000978 -0.000978
44.51800156 -54.26800156 267.91799927 -0.999999 0.000978 0.000978
50.75000000 -47.44699860 259.81799316 -0.971205 -0.167185 0.169737
50.74100113 -47.74700165 259.81799316 -0.991227 0.009968 0.131794
50.69599915 -47.44699860 259.51800537 -0.991493 -0.030249 0.126597
50.70399857 -47.74700165 259.51800537 -0.994113 -0.084057 0.068366
50.67399979 -47.44699860 259.21798706 -0.999244 -0.009186 0.037765
50.70000076 -47.74700165 259.21798706 -0.997304 -0.069183 0.024480
50.67399979 -47.44699860 258.91799927 -0.998693 -0.050606 0.007229
50.68899918 -47.74700165 258.91799927 -0.997970 -0.005203 0.063479
43.91799927 -48.64699936 252.20899963 -0.003817 0.367656 0.929954
44.21799850 -48.64699936 252.20799255 0.046927 0.416980 0.907703
49.91799927 -44.44699860 254.05900574 -0.954276 -0.266032 0.136325
49.61800003 -44.41600037 253.81799316 -0.441839 -0.821916 0.359489
49.31800079 -44.25400162 253.81799316 -0.403908 -0.828408 0.388069
49.31800079 -44.41099930 253.51800537 -0.328403 -0.845131 0.421787
49.61800003 -44.60900116 253.51800537 -0.496300 -0.740329 0.453431
49.81499863 -44.74700165 253.51800537 0.000978 0.000978 0.999999
50.27000046 -43.54700089 257.71798706 -0.981448 -0.159714 0.106070
45.11800003 -53.80099869 267.91799927 -0.567076 0.737035 -0.367701
49.61800003 -44.78300095 253.21800232 -0.559932 -0.756795 0.337250
50.21799850 -43.24700165 257.79901123 -0.960793 -0.214828 0.175289
49.61800003 -44.85100174 252.91799927 -0.999999 -0.000978 -0.000978
49.31800079 -44.55300140 253.21800232 -0.367335 -0.857115 0.361135
49.31800079 -44.66299820 252.91799927 -0.390941 -0.866203 0.311220
49.01800156 -44.41400146 253.21800232 -0.399163 -0.852687 0.337037
48.71799850 -44.27199936 253.21800232 -0.467010 -0.871462 0.149851
48.71799850 -44.29600143 252.91799927 -0.376611 -0.923434 0.073714
49.01800156 -44.52600098 252.91799927 -0.349169 -0.855076 0.383310
45.41799927 -53.46099854 268.21798706 -0.999999 0.000978 0.000978
50.31900024 -43.54700089 258.01800537 -0.996210 -0.081125 0.031368
45.11800003 -53.67800140 268.21798706 -0.999999 0.000978 0.000978
45.41799927 -53.59199905 267.91799927 -0.999999 -0.000978 -0.000978
49.01800156 -44.78499985 252.31799316 -0.357510 -0.874759 0.327084
49.01800156 -44.68199921 252.61799622 -0.302689 -0.874605 0.378742
48.71799850 -44.46599960 252.61799622 -0.440486 -0.778572 0.446988
48.71799850 -44.63600159 252.31799316 -0.422492 -0.817880 0.390606
50.25799942 -43.24700165 258.01800537 -0.956698 -0.270173 0.108330
47.21799850 -49.84700012 252.63999939 -0.011679 0.403581 0.914870
45.41799927 -53.80699921 267.31799316 -0.999999 0.000978 0.000978
45.11800003 -54.03400040 267.31799316 -0.729436 0.655412 -0.195853
47.51800156 -50.14699936 252.75900269 0.016597 0.358759 0.933283
47.81800079 -50.14699936 252.75399780 0.014361 0.408639 0.912583
47.51800156 -49.84700012 252.64399719 0.016875 0.390728 0.920352
47.81800079 -49.84700012 252.62899780 0.059800 0.378731 0.923573
48.11800003 -49.84700012 252.60499573 -0.011580 0.379559 0.925095
48.11800003 -50.14699936 252.75000000 0.022442 0.426389 0.904262
48.41799927 -50.14699936 252.73899841 0.045085 0.333627 0.941626
48.41799927 -49.84700012 252.63699341 -0.014106 0.368035 0.929705
48.11800003 -50.44699860 252.88800049 0.074219 0.387288 0.918966
48.41799927 -50.44699860 252.85000610 0.048978 0.382555 0.922634
45.41799927 -53.67300034 267.61801147 -0.999999 -0.000978 -0.000978
48.11800003 -50.74700165 253.00300598 0.071181 0.385451 0.919979
48.41799927 -50.74700165 252.98699951 0.030570 0.423997 0.905147
48.71799850 -50.74700165 252.98199463 -0.006465 0.399521 0.916701
49.01800156 -50.74700165 252.99099731 -0.003855 0.394537 0.918872
46.01800156 -53.22100067 267.61801147 -0.999999 0.000978 0.000978
45.71799850 -53.43700027 267.61801147 -0.999999 0.000978 0.000978
46.01800156 -53.32500076 267.31799316 -0.505221 0.782850 -0.363178
45.71799850 -53.53900146 267.31799316 -0.999999 -0.000978 -0.000978
49.31800079 -50.74700165 252.98399353 -0.008977 0.380863 0.924588
49.61800003 -50.74700165 252.99600220 -0.038511 0.407685 0.912310
48.71799850 -50.44699860 252.85600281 -0.019571 0.397934 0.917205
49.01800156 -50.44699860 252.86300659 -0.009038 0.396395 0.918036
49.31800079 -50.44699860 252.86199951 0.035541 0.396211 0.917471
49.61800003 -50.44699860 252.83999634 0.022262 0.402024 0.915358
40.01800156 -41.95399857 252.01800537 0.432820 -0.766010 0.475285
39.71799850 -41.83499908 252.61799622 0.591742 -0.767538 0.246428
40.01800156 -41.76800156 252.31799316 0.442760 -0.783345 0.436273
39.71799850 -41.93700027 252.31799316 0.511108 -0.797711 0.320040
39.44800186 -42.04700089 252.61799622 0.590954 -0.753426 0.288309
39.11800003 -42.34700012 252.66700745 0.589996 -0.606901 0.532518
39.59199905 -42.04700089 252.31799316 -0.000978 -0.000978 0.999999
39.41799927 -42.26200104 252.31799316 0.754231 -0.609970 0.243047
39.65700150 -41.74700165 253.21800232 -0.000978 -0.999999 -0.000978
39.71300125 -41.74700165 252.91799927 0.853048 -0.496507 0.160591
39.41799927 -41.95399857 252.91799927 0.447597 -0.837491 0.313474
39.21699905 -42.04700089 252.91799927 -0.000978 -0.000978 0.999999
39.11800003 -42.11700058 252.91799927 0.498938 -0.670291 0.549336
38.88299942 -42.34700012 252.91799927 0.649495 -0.672399 0.355014
39.11800003 -41.89899826 253.81799316 0.249657 -0.817202 0.519473
38.51800156 -42.23500061 253.81799316 0.597903 -0.687340 0.412404
38.81800079 -42.04700089 253.72999573 0.468073 -0.828130 0.308396
38.81800079 -42.15299988 253.51800537 0.603760 -0.686466 0.405263
38.21799850 -42.34700012 254.10000610 0.579131 -0.723504 0.375697
38.42100143 -42.34700012 253.81799316 0.696989 -0.601421 0.390512
38.81800079 -41.77500153 254.41799927 0.999999 0.000978 0.000978
38.81800079 -41.92100143 254.11799622 0.495091 -0.803925 0.329530
37.91799927 -42.34700012 254.69999695 0.673954 -0.686700 0.272450
38.03099823 -42.34700012 254.41799927 0.673954 -0.686700 0.272450
38.20199966 -42.34700012 254.11799622 0.579131 -0.723504 0.375697
38.21799850 -42.04700089 255.04200745 0.632348 -0.612220 0.474681
38.22700119 -42.04700089 255.01800537 0.632348 -0.612220 0.474681
36.71799850 -42.43600082 256.81799316 0.999999 -0.000978 -0.000978
36.71799850 -42.54800034 256.51800537 0.557887 -0.787328 0.262443
36.41799927 -42.61899948 256.81799316 0.999999 0.000978 0.000978
36.41799927 -42.77799988 256.51800537 0.999999 0.000978 0.000978
49.91799927 -50.44699860 252.84700012 0.049853 0.424424 0.904090
50.21799850 -50.44699860 252.80700684 0.008469 0.264950 0.964225
46.01800156 -53.49800110 267.01800537 -0.507911 0.770792 -0.384585
45.71799850 -53.68899918 267.01800537 -0.999999 -0.000978 -0.000978
46.01800156 -53.62400055 266.71798706 -0.999999 -0.000978 -0.000978
46.31800079 -53.29399872 267.01800537 -0.999999 -0.000978 -0.000978
46.61800003 -53.23099899 266.71798706 -0.567118 0.745866 -0.349371
46.31800079 -53.42300034 266.71798706 -0.999999 -0.000978 -0.000978
46.91799927 -53.16999817 266.11801147 -0.999999 0.000978 0.000978
46.61800003 -53.30099869 266.41799927 -0.999999 0.000978 0.000978
46.31800079 -53.54399872 266.41799927 -0.999999 -0.000978 -0.000978
46.61800003 -53.40000153 266.11801147 -0.999999 -0.000978 -0.000978
46.31800079 -53.65900040 266.11801147 -0.999999 0.000978 0.000978
47.21799850 -52.83900070 266.41799927 -0.999999 0.000978 0.000978
46.91799927 -53.06600189 266.41799927 -0.999999 0.000978 0.000978
47.21799850 -52.95999908 266.11801147 -0.999999 0.000978 0.000978
46.91799927 -53.25500107 265.81799316 -0.582126 0.728881 -0.360364
47.21799850 -53.18999863 265.51800537 -0.999999 0.000978 0.000978
46.91799927 -53.46400070 265.51800537 -0.559523 0.730169 -0.392158
47.21799850 -53.06100082 265.81799316 -0.999999 -0.000978 -0.000978
47.81800079 -52.64699936 265.81799316 -0.999999 -0.000978 -0.000978
47.51800156 -52.83700180 265.81799316 -0.999999 -0.000978 -0.000978
47.81800079 -52.77099991 265.51800537 -0.664509 0.690128 -0.286619
47.51800156 -53.00299835 265.51800537 -0.999999 0.000978 0.000978
50.99499893 -43.84700012 269.71798706 -0.970688 -0.013134 0.239985
50.99900055 -44.14699936 269.71798706 -0.990560 -0.082065 0.109805
51.05199814 -44.44699860 270.01800537 -0.997509 0.066925 0.022308
51.03200150 -44.74700165 270.01800537 -0.998806 0.019747 -0.044692
51.04499817 -44.44699860 269.71798706 -0.995263 -0.092659 -0.029433
51.05500031 -44.74700165 269.71798706 -0.997461 0.018020 -0.068900
51.06900024 -44.44699860 269.41799927 -0.987540 -0.156878 -0.012415
51.07400131 -44.74700165 269.41799927 -0.998346 0.047340 -0.032612
51.05199814 -44.44699860 269.11801147 -0.973394 -0.181008 0.140503
51.07400131 -44.74700165 269.11801147 -0.994921 0.018485 0.098948
51.04100037 -45.04700089 269.41799927 -0.999928 -0.004965 -0.010923
51.07699966 -45.34700012 269.41799927 -0.988823 -0.144845 -0.035356
51.04100037 -45.04700089 269.11801147 -0.999856 0.000995 -0.016913
51.07300186 -45.34700012 269.11801147 -0.995025 -0.078759 0.061010
47.51800156 -53.16999817 265.21798706 -0.516311 0.795913 -0.316141
47.51800156 -53.24000168 264.91799927 -0.999999 0.000978 0.000978
51.07600021 -46.84700012 267.61801147 -0.990265 -0.028165 0.136316
51.07400131 -47.14699936 267.61801147 -0.992760 -0.034618 0.115022
51.03699875 -46.84700012 267.31799316 -0.994557 -0.074787 0.072555
51.05799866 -47.14699936 267.31799316 -0.997002 -0.077017 -0.007385
51.03200150 -46.84700012 267.01800537 -0.993853 -0.108720 -0.020865
51.07799911 -47.14699936 267.01800537 -0.991048 -0.133389 -0.005512
51.04999924 -46.84700012 266.71798706 -0.999476 -0.029546 0.013245
51.06100082 -47.14699936 266.71798706 -0.992667 -0.105026 0.059854
47.86800003 -52.84700012 265.21798706 -0.532470 0.799490 -0.278015
48.01699829 -52.84700012 264.91799927 -0.604969 0.724990 -0.329246
47.81800079 -53.01900101 264.91799927 -0.631276 0.732534 -0.254725
51.11299896 -47.44699860 267.01800537 -0.995937 -0.075433 -0.049196
51.11299896 -47.44699860 266.71798706 -0.988283 -0.012396 0.152130
51.06900024 -47.74700165 266.71798706 -0.985251 0.024199 0.169394
51.12300110 -47.74700165 267.01800537 -0.995194 -0.040687 0.089073
51.02099991 -47.44699860 266.41799927 -0.992760 0.034618 0.115022
51.02099991 -47.74700165 266.41799927 -0.984933 -0.144808 0.094544
51.04399872 -47.44699860 266.11801147 -0.999385 0.027675 0.021525
51.01200104 -47.74700165 266.11801147 -0.998348 -0.055290 -0.015648
48.11800003 -52.67800140 265.21798706 -0.544471 0.806681 -0.229819
47.81800079 -53.12400055 264.61801147 -0.999999 -0.000978 -0.000978
51.10900116 -48.04700089 266.41799927 -0.990610 -0.132157 0.035016
51.09999847 -48.34700012 266.41799927 -0.991522 -0.097433 0.085970
51.07699966 -48.04700089 266.11801147 -0.985628 -0.101550 0.135001
51.07400131 -48.34700012 266.11801147 -0.992600 -0.113280 0.043742
51.02700043 -48.04700089 265.81799316 -0.989900 -0.072940 0.121567
51.07400131 -48.34700012 265.81799316 -0.992055 -0.120215 0.037076
51.00299835 -48.04700089 265.51800537 -0.979955 -0.199215 -0.001152
51.05099869 -48.34700012 265.51800537 -0.982827 -0.164807 0.083005
51.09999847 -48.64699936 265.81799316 -0.994551 -0.079074 0.067937
51.10400009 -48.64699936 265.51800537 -0.993923 -0.068353 0.086282
51.09199905 -48.94699860 265.51800537 -0.996140 0.013910 0.086667
51.12099838 -48.94699860 265.81799316 -0.996014 -0.053691 0.071222
51.04800034 -48.64699936 265.21798706 -0.991334 -0.076785 0.106583
51.06900024 -48.94699860 265.21798706 -0.996907 -0.073885 0.026770
51.04000092 -48.64699936 264.91799927 -0.992997 -0.114278 0.029956
51.07600021 -48.94699860 264.91799927 -0.994302 -0.098435 0.040922
51.13299942 -49.24700165 265.81799316 -0.997296 -0.037492 0.063201
51.14300156 -49.54700089 265.81799316 -0.988806 0.070878 -0.131299
51.13600159 -49.54700089 265.51800537 -0.997049 0.059412 0.048610
51.09199905 -49.24700165 265.21798706 -0.997199 -0.074606 -0.005254
51.11399841 -49.54700089 265.21798706 -0.998751 -0.011385 0.048644
51.09899902 -49.24700165 264.91799927 -0.995971 -0.051497 0.073410
51.10699844 -49.54700089 264.91799927 -0.996845 0.065880 0.044280
51.04800034 -49.24700165 264.61801147 -0.993441 -0.068785 0.091338
51.08700180 -49.54700089 264.61801147 -0.993441 -0.068785 0.091338
51.04399872 -49.24700165 264.31799316 -0.998214 -0.026296 0.053645
51.05199814 -49.54700089 264.31799316 -0.989432 -0.140046 0.037573
48.41799927 -52.68399811 264.61801147 -0.570894 0.757439 -0.316806
48.11800003 -52.91199875 264.61801147 -0.592004 0.722474 -0.357160
48.33499908 -52.84700012 264.31799316 -0.673095 0.685886 -0.276593
48.11800003 -53.06000137 264.31799316 -0.630318 0.734581 -0.251179
51.09000015 -49.84700012 264.61801147 -0.993536 -0.001081 -0.113516
51.08700180 -50.14699936 264.61801147 -0.994381 0.100209 0.034137
51.10699844 -50.14699936 264.31799316 -0.988872 0.146458 -0.026113
51.12799835 -49.84700012 264.31799316 -0.995558 -0.091881 -0.020538
51.10200119 -49.84700012 264.01800537 -0.997296 -0.063201 0.037492
51.10300064 -50.14699936 264.01800537 -0.994057 0.100846 0.041003
51.10599899 -49.84700012 263.71798706 -0.998854 0.017596 0.044509
51.08200073 -50.14699936 263.71798706 -0.998479 -0.036825 0.041033
51.03099823 -50.44699860 264.61801147 -0.976411 0.214739 -0.022542
50.95500183 -50.74700165 264.61801147 -0.893999 0.299990 -0.332824
51.03900146 -50.44699860 264.31799316 -0.990982 0.132651 -0.018950
51.02700043 -50.74700165 264.31799316 -0.923813 0.382667 -0.011596
51.12799835 -50.44699860 263.71798706 -0.987191 0.064255 -0.146034
51.04199982 -50.44699860 264.01800537 -0.962667 0.228584 -0.144988
50.96200180 -50.74700165 264.01800537 -0.920278 0.390303 -0.027413
51.04299927 -50.74700165 263.71798706 -0.921122 0.343829 -0.182526
51.14699936 -50.74700165 263.11801147 -0.995888 -0.003195 -0.090535
51.08100128 -50.74700165 263.41799927 -0.913533 0.374167 -0.159551
51.08800125 -50.44699860 263.11801147 -0.993956 -0.073002 0.081987
48.41799927 -52.88700104 264.01800537 -0.724464 0.628509 -0.283069
48.11800003 -53.11500168 264.01800537 -0.999999 0.000978 0.000978
48.41799927 -53.02299881 263.71798706 -0.517815 0.779143 -0.353276
48.71799850 -52.67800140 264.01800537 -0.999999 0.000978 0.000978
49.01800156 -52.62200165 263.71798706 -0.581372 0.734451 -0.350126
48.71799850 -52.83499908 263.71798706 -0.999999 0.000978 0.000978
49.01800156 -52.45000076 264.01800537 -0.526249 0.757603 -0.386133
49.31800079 -52.69900131 263.11801147 -0.999999 -0.000978 -0.000978
49.61100006 -52.24700165 263.41799927 -0.623799 0.701978 -0.343660
49.31800079 -52.52999878 263.41799927 -0.583501 0.705822 -0.401674
49.82099915 -52.24700165 263.11801147 -0.640126 0.630097 -0.439564
49.61800003 -52.45299911 263.11801147 -0.698565 0.686174 -0.202909
49.91799927 -51.99900055 263.41799927 -0.582028 0.751986 -0.309453
49.61800003 -52.54100037 262.81799316 -0.999999 0.000978 0.000978
50.13499832 -42.94699860 258.31799316 -0.922459 -0.384467 0.035429
49.95800018 -42.64699936 258.31799316 -0.666577 -0.653474 0.358674
50.17300034 -42.94699860 258.61801147 -0.959044 -0.280605 0.038661
50.11899948 -42.64699936 258.61801147 -0.903469 -0.368080 0.219684
49.91799927 -42.36100006 258.61801147 -0.329840 -0.900774 0.282509
50.21799850 -52.02600098 262.81799316 -0.546965 0.779783 -0.304578
49.91799927 -52.35800171 262.81799316 -0.575589 -0.809925 0.112774
50.21799850 -52.15200043 262.51800537 -0.999999 0.000978 0.000978
49.91799927 -52.40000153 262.51800537 -0.602719 0.749025 -0.275120
49.91799927 -40.02999878 264.01800537 -0.647827 -0.686794 0.329596
50.14899826 -40.24700165 264.01800537 -0.659194 -0.700693 0.272935
50.32799911 -40.54700089 264.01800537 -0.877857 -0.438191 0.193276
49.91799927 -40.17300034 263.71798706 -0.999999 0.000978 0.000978
50.22399902 -40.54700089 263.71798706 0.309603 -0.944755 -0.107630
50.21799850 -52.28400040 262.21798706 -0.999999 0.000978 0.000978
50.21799850 -52.44400024 261.91799927 -0.895507 0.392971 -0.208903
50.93000031 -51.64699936 262.21798706 -0.912499 0.344530 -0.220557
50.99499893 -51.64699936 261.91799927 -0.945024 0.313246 -0.093842
50.73699951 -51.94699860 261.91799927 -0.700287 0.615006 -0.362444
50.51800156 -52.05099869 262.21798706 -0.999999 -0.000978 -0.000978
47.18600082 -54.04700089 263.41799927 -0.576776 0.705683 -0.411511
46.91799927 -54.30099869 263.41799927 -0.612419 0.685051 -0.394523
47.45399857 -54.04700089 263.11801147 0.000978 0.000978 -0.999999
47.21799850 -54.20000076 263.11801147 -0.485905 0.760760 -0.430279
50.51800156 -52.17900085 261.91799927 -0.702588 0.647924 -0.294219
50.48300171 -47.44699860 257.11801147 -0.997429 0.037497 0.061067
50.50699997 -47.74700165 257.11801147 -0.975963 0.052003 0.211640
47.81800079 -53.84899902 262.81799316 -0.555756 0.711699 -0.429674
47.51800156 -54.09400177 262.81799316 -0.504694 0.829908 -0.237774
47.81800079 -54.02899933 262.51800537 -0.458810 0.783057 -0.419900
47.51800156 -54.32600021 262.51800537 -0.576776 0.718095 -0.389447
47.81800079 -54.16999817 262.21798706 -0.999999 0.000978 0.000978
47.81800079 -54.25500107 261.91799927 -0.999999 0.000978 0.000978
48.34700012 -53.74700165 262.21798706 -0.604055 0.779671 -0.165018
48.11800003 -53.92399979 262.21798706 -0.615801 0.748096 -0.247266
48.41799927 -53.75600052 261.91799927 -0.923993 0.306099 -0.229218
48.11800003 -54.03900146 261.91799927 -0.999999 -0.000978 -0.000978
48.41799927 -53.97900009 261.61801147 -0.509336 0.743400 -0.433513
48.11800003 -54.16799927 261.61801147 -0.999999 0.000978 0.000978
48.41799927 -54.10400009 261.31799316 -0.535900 0.754169 -0.379528
48.11800003 -54.30300140 261.31799316 -0.511578 0.756743 -0.406974
49.01800156 -53.50600052 261.61801147 -0.633664 0.711058 -0.304739
48.89500046 -53.74700165 261.31799316 -0.580681 0.772667 -0.256507
48.71799850 -53.75999832 261.61801147 -0.583301 0.741648 -0.331237
48.71799850 -53.88000107 261.31799316 -0.571984 0.761043 -0.306019
49.31800079 -53.55699921 261.01800537 -0.999999 0.000978 0.000978
49.52500153 -53.44699860 260.71798706 -0.610859 0.705845 -0.358655
49.31800079 -53.62599945 260.71798706 -0.673428 0.704678 -0.223434
49.61800003 -53.51900101 260.41799927 -0.546241 0.760200 -0.351734
49.89899826 -53.44699860 260.11801147 -0.656807 0.623551 -0.424015
49.61800003 -53.65800095 260.11801147 -0.999999 -0.000978 -0.000978
50.51800156 -53.22399902 259.51800537 -0.623753 0.705183 -0.337120
50.21799850 -53.26300049 259.81799316 -0.432202 0.774702 -0.461560
49.91799927 -53.56900024 259.81799316 -0.738844 -0.639295 0.213098
50.21799850 -53.47299957 259.51800537 -0.549406 0.739647 -0.388684
49.91799927 -53.66899872 259.51800537 -0.999999 0.000978 0.000978
50.51800156 -52.32500076 261.61801147 -0.999999 0.000978 0.000978
50.94900131 -52.24700165 261.31799316 -0.907751 0.392273 0.148696
50.81800079 -52.34600067 261.31799316 -0.478601 0.877659 0.025615
50.51800156 -52.48699951 261.31799316 -0.358519 0.843851 -0.399224
50.99000168 -51.64699936 261.61801147 -0.969846 0.243361 0.013187
50.91699982 -51.94699860 261.61801147 -0.928749 0.227593 -0.292620
50.98699951 -51.64699936 261.31799316 -0.989066 0.108856 -0.099492
51.01100159 -51.94699860 261.31799316 -0.993561 0.064137 -0.093393
40.31800079 -52.24700165 253.85699463 0.058487 0.433891 0.899065
48.11800003 -51.83100128 267.31799316 -0.999999 0.000978 0.000978
48.41799927 -51.62300110 267.31799316 -0.999999 0.000978 0.000978
48.11800003 -51.70199966 267.61801147 -0.999999 0.000978 0.000978
48.41799927 -51.47100067 267.61801147 -0.999999 0.000978 0.000978
40.31800079 -52.54700089 254.00100708 0.065603 0.386922 0.919776
48.41799927 -51.31499863 267.91799927 -0.999999 0.000978 0.000978
48.41799927 -51.16799927 268.21798706 -0.999999 0.000978 0.000978
48.11800003 -51.54899979 267.91799927 -0.999999 0.000978 0.000978
48.11800003 -51.40800095 268.21798706 -0.999999 -0.000978 -0.000978
47.81800079 -51.80300140 267.91799927 -0.999999 -0.000978 -0.000978
47.51800156 -51.91099930 268.21798706 -0.498234 0.800676 -0.332687
47.81800079 -51.63600159 268.21798706 -0.999999 -0.000978 -0.000978
41.51800156 -40.72700119 252.91799927 -0.340416 -0.871648 0.352628
47.51800156 -51.75299835 268.51800537 -0.829625 0.503316 -0.241653
41.81800079 -40.84400177 252.91799927 -0.281075 -0.893788 0.349485
47.81800079 -51.54600143 268.51800537 -0.999999 -0.000978 -0.000978
47.51800156 -51.62799835 268.81799316 -0.699677 0.664772 -0.261784
41.51800156 -40.60599899 253.21800232 -0.267522 -0.886261 0.378118
47.81800079 -51.42800140 268.81799316 -0.999999 -0.000978 -0.000978
41.81800079 -40.69100189 253.21800232 -0.339802 -0.840893 0.421229
40.61800003 -51.64699936 253.59100342 -0.057798 0.404586 0.912671
40.31800079 -51.64699936 253.57200623 -0.040768 0.385323 0.921881
40.31800079 -51.94699860 253.71099854 0.025200 0.428406 0.903235
41.51800156 -40.54700089 253.33399963 -0.251825 -0.870079 0.423730
47.21799850 -51.94599915 268.51800537 -0.999999 0.000978 0.000978
47.21799850 -51.87599945 268.81799316 -0.999999 0.000978 0.000978
47.49800110 -51.64699936 268.81799316 -0.699677 0.664772 -0.261784
44.51800156 -52.02199936 273.31799316 -0.765161 0.577450 -0.284748
41.81800079 -40.54600143 253.51800537 -0.412721 -0.830186 0.374770
41.51800156 -40.43199921 253.81799316 0.032039 -0.809344 0.586461
41.81800079 -40.41999817 253.81799316 -0.189939 -0.876074 0.443190
47.51800156 -51.51699829 269.11801147 -0.673727 0.701995 -0.230857
47.51800156 -51.43399811 269.41799927 -0.999999 -0.000978 -0.000978
44.46300125 -51.94699860 273.61801147 -0.712582 0.638922 -0.289837
47.21799850 -51.79199982 269.11801147 -0.521676 0.797578 -0.302858
47.39199829 -51.64699936 269.11801147 0.000978 0.000978 -0.999999
46.91799927 -51.92300034 269.41799927 -0.637257 0.759635 -0.129839
47.22000122 -51.64699936 269.41799927 -0.985016 0.157650 -0.069935
46.91799927 -51.95899963 269.11801147 -0.527547 0.826844 -0.194996
43.91799927 -52.36600113 273.91799927 -0.502490 0.856681 -0.116624
47.04999924 -51.64699936 269.71798706 -0.554674 0.777179 -0.297203
47.21799850 -51.52700043 269.71798706 -0.556602 0.768336 -0.315996
46.91799927 -51.62699890 270.01800537 -0.503654 0.818632 -0.275996
47.21799850 -51.40100098 270.01800537 -0.568136 0.758051 -0.320281
46.61800003 -51.83800125 270.01800537 -0.999999 0.000978 0.000978
46.31800079 -52.20299911 269.71798706 -0.999999 -0.000978 -0.000978
46.61800003 -52.00500107 269.71798706 -0.999999 -0.000978 -0.000978
46.31800079 -52.08300018 270.01800537 -0.999999 -0.000978 -0.000978
46.31800079 -51.94499969 270.31799316 -0.999999 0.000978 0.000978
46.61800003 -51.72399902 270.31799316 -0.999999 0.000978 0.000978
46.31800079 -51.83000183 270.61801147 -0.556637 0.733972 -0.389153
46.61800003 -51.58800125 270.61801147 -0.999999 -0.000978 -0.000978
45.71799850 -52.41600037 270.31799316 -0.999999 0.000978 0.000978
46.01800156 -52.21500015 270.31799316 -0.584070 0.739390 -0.334910
45.71799850 -52.27000046 270.61801147 -0.999999 -0.000978 -0.000978
36.41799927 -49.84700012 252.88600159 0.044259 0.422471 0.905295
46.01800156 -52.04100037 270.61801147 -0.543395 0.740397 -0.395644
36.11800003 -49.84700012 252.90899658 0.051446 0.370671 0.927338
42.41799927 -40.87200165 253.51800537 -0.342804 -0.826206 0.447067
42.11800003 -40.70100021 253.51800537 -0.423064 -0.815796 0.394328
42.11800003 -40.55699921 253.81799316 -0.399149 -0.831430 0.386528
42.41799927 -40.70899963 253.81799316 -0.419867 -0.799516 0.429519
45.71799850 -52.11100006 270.91799927 -0.999999 0.000978 0.000978
45.71799850 -51.97999954 271.21798706 -0.999999 -0.000978 -0.000978
42.41799927 -40.55099869 254.11799622 -0.511352 -0.794906 0.326564
45.41799927 -52.47999954 270.61801147 -0.999999 -0.000978 -0.000978
42.11800003 -40.38299942 254.11799622 -0.427206 -0.865054 0.263013
42.11800003 -40.30500031 254.41799927 -0.396672 -0.870854 0.290285
42.41799927 -40.46400070 254.41799927 -0.456006 -0.838865 0.297260
45.41799927 -52.34500122 270.91799927 -0.892859 0.410861 -0.184379
45.11800003 -52.47100067 271.21798706 -0.999999 0.000978 0.000978
45.40100098 -52.24700165 271.21798706 -0.615361 0.716027 -0.329600
43.01800156 -40.92399979 254.11799622 -0.999999 -0.000978 -0.000978
42.71799850 -40.74700165 254.11799622 -0.999999 0.000978 0.000978
42.71799850 -40.63000107 254.41799927 -0.413373 -0.837749 0.356790
43.01800156 -40.75999832 254.41799927 -0.387374 -0.817789 0.425633
45.11800003 -52.31499863 271.51800537 -0.999999 0.000978 0.000978
45.41799927 -52.06900024 271.51800537 -0.464415 0.830317 -0.308046
45.11800003 -52.19699860 271.81799316 -0.857355 0.478628 -0.189364
45.41799927 -51.95800018 271.81799316 -0.999999 -0.000978 -0.000978
44.81800079 -52.46799850 271.81799316 -0.999999 -0.000978 -0.000978
36.41799927 -50.14699936 253.03599548 0.003895 0.414191 0.910182
36.11800003 -50.14699936 253.01800537 0.024559 0.368380 0.929351
44.51800156 -52.83100128 271.51800537 -0.999999 -0.000978 -0.000978
44.81800079 -52.57199860 271.51800537 -0.999999 0.000978 0.000978
44.51800156 -52.69200134 271.81799316 -0.999999 0.000978 0.000978
44.81800079 -52.38899994 272.11801147 -0.472296 0.819805 -0.323815
45.02399826 -52.24700165 272.11801147 -0.566122 0.823324 -0.040537
44.51800156 -52.43199921 272.41799927 -0.566074 0.726871 -0.388868
44.81800079 -52.23199844 272.41799927 -0.999999 0.000978 0.000978
44.51800156 -52.61000061 272.11801147 -0.583136 0.744670 -0.324683
43.01800156 -40.58700180 254.71800232 -0.276544 -0.874967 0.397437
35.81800079 -49.84700012 252.91999817 0.060459 0.399028 0.914943
35.51800156 -49.84700012 252.94799805 0.051765 0.388901 0.919824
43.91799927 -53.00400162 272.11801147 -0.434019 0.866525 -0.246498
44.21799850 -52.85499954 272.11801147 -0.503849 0.814634 -0.287241
35.81800079 -50.14699936 253.05200195 0.048647 0.372084 0.926923
43.91799927 -52.90999985 272.41799927 -0.446382 0.828093 -0.339124
44.21799850 -52.69900131 272.41799927 -0.566643 0.712021 -0.414657
35.51800156 -50.14699936 253.05000305 0.024284 0.348918 0.936839
44.21799850 -52.50699997 272.71798706 -0.589059 0.746356 -0.309778
44.21799850 -52.45399857 273.01800537 -0.613965 0.738352 -0.279075
43.91799927 -52.75799942 272.71798706 -0.318688 0.873724 -0.367483
43.91799927 -52.65800095 273.01800537 -0.344679 0.897942 -0.273673
43.61800003 -40.93099976 254.71800232 -0.454235 -0.811247 0.368169
43.31800079 -40.77600098 254.71800232 -0.424452 -0.821879 0.379940
43.31800079 -40.57899857 255.01800537 -0.379557 -0.888610 0.257503
43.61800003 -40.81399918 255.01800537 -0.437323 -0.828861 0.348911
35.21799850 -49.84700012 252.95300293 0.014265 0.392940 0.919454
34.91799927 -49.84700012 252.95799255 -0.065603 0.386922 0.919776
35.21799850 -50.14699936 253.06799316 0.048907 0.379363 0.923954
34.91799927 -50.14699936 253.08200073 -0.032588 0.374113 0.926810
43.31800079 -52.74300003 273.31799316 0.107954 0.992044 -0.064773
43.61800003 -52.71799850 273.31799316 -0.258877 0.915471 -0.308050
43.31800079 -52.55899811 273.61801147 -0.000978 -0.000978 -0.999999
43.61800003 -52.57899857 273.61801147 -0.196744 0.800704 -0.565831
43.91799927 -52.57600021 273.31799316 -0.465908 0.819682 -0.333243
43.31800079 -52.84700012 272.84201050 0.131259 0.812629 -0.567808
43.72000122 -52.84700012 272.71798706 -0.386910 0.861683 -0.328334
43.31800079 -52.72399902 273.01800537 0.068576 0.980518 -0.184073
43.61800003 -52.77899933 273.01800537 -0.092300 0.967252 -0.236439
43.61800003 -40.67800140 255.31799316 -0.486051 -0.764261 0.423862
43.91799927 -41.12500000 254.71800232 -0.461436 -0.785251 0.412864
44.21799850 -41.14699936 254.97799683 -0.423093 -0.799533 0.426310
43.91799927 -40.96599960 255.01800537 -0.430104 -0.830273 0.354481
44.21799850 -41.12300110 255.01800537 -0.423093 -0.799533 0.426310
34.61800003 -49.84700012 252.91099548 -0.029911 0.373242 0.927252
43.91799927 -40.87099838 255.31799316 -0.283453 -0.914319 0.289268
44.21799850 -40.96400070 255.31799316 -0.363820 -0.847872 0.385680
44.21799850 -40.85100174 255.61799622 -0.454458 -0.821825 0.343615
43.91799927 -40.67900085 255.61799622 -0.474890 -0.771901 0.422669
34.01800156 -49.24700165 252.68600464 -0.016972 0.408622 0.912546
34.01800156 -49.54700089 252.84899902 -0.074455 0.399351 0.913770
44.81800079 -37.25899887 264.31799316 -0.430490 -0.837498 0.336565
44.51800156 -37.11299896 264.31799316 -0.397020 -0.871619 0.287497
44.81800079 -37.15000153 264.61801147 -0.435888 -0.845406 0.308690
44.51800156 -40.86100006 255.91799927 -0.439679 -0.830504 0.341972
44.81800079 -41.02899933 255.91799927 -0.397444 -0.837302 0.375451
44.81800079 -40.92900085 256.21798706 -0.388917 -0.844996 0.367050
44.51800156 -40.76200104 256.21798706 -0.494569 -0.803079 0.332363
44.21799850 -40.71300125 255.91799927 -0.429937 -0.813524 0.391578
44.51800156 -41.12799835 255.31799316 -0.454158 -0.828171 0.328440
44.75699997 -41.14699936 255.61799622 -0.000978 -0.000978 0.999999
44.51800156 -41.00899887 255.61799622 -0.446185 -0.817742 0.363617
44.51800156 -40.61199951 256.51800537 -0.423643 -0.810518 0.404459
44.81800079 -40.76900101 256.51800537 -0.396158 -0.803542 0.444274
44.81800079 -40.56399918 256.81799316 -0.422530 -0.814766 0.397019
45.11800003 -41.14400101 255.91799927 -0.401346 -0.868312 0.291472
45.11800003 -41.03699875 256.21798706 -0.371146 -0.863954 0.340345
45.11800003 -40.90900040 256.51800537 -0.382140 -0.846947 0.369662
45.41799927 -41.03900146 256.51800537 -0.404919 -0.842670 0.354891
45.41799927 -40.93299866 256.81799316 -0.474000 -0.820446 0.319675
45.11800003 -40.71799850 256.81799316 -0.440053 -0.860310 0.257332
45.71799850 -41.09999847 256.81799316 -0.376466 -0.845095 0.379590
45.11800003 -40.62799835 257.11801147 -0.999999 -0.000978 -0.000978
45.41799927 -40.80599976 257.11801147 -0.413424 -0.844008 0.341659
45.41799927 -40.68999863 257.41799927 -0.311039 -0.878497 0.362626
45.71799850 -40.95700073 257.11801147 -0.361401 -0.828539 0.427684
46.01800156 -41.06800079 257.11801147 -0.374785 -0.875511 0.304987
46.01800156 -40.99100113 257.41799927 -0.357010 -0.904910 0.231692
45.71799850 -40.79100037 257.41799927 -0.340205 -0.852843 0.396129
42.41799927 -42.34199905 250.21800232 -0.506425 -0.637658 0.580454
42.11800003 -42.16999817 250.21800232 -0.454451 -0.773707 0.441420
42.11800003 -42.34700012 250.04400635 -0.482858 -0.463082 0.743238
46.31800079 -41.10900116 257.41799927 -0.373194 -0.864642 0.336335
41.81800079 -42.34700012 249.89399719 -0.302356 -0.172578 0.937442
41.51800156 -42.34700012 249.85200500 -0.022001 0.051336 0.998439
41.81800079 -42.04700089 250.21800232 -0.257596 -0.627396 0.734859
41.81800079 -42.04700089 250.21800232 -0.257596 -0.627396 0.734859
41.51800156 -42.04700089 250.11300659 -0.000978 -0.999999 -0.000978
41.21799850 -42.34700012 249.88099670 0.133518 -0.165962 0.977052
40.97399902 -42.04700089 250.21800232 0.485938 -0.650720 0.583462
41.21799850 -42.04700089 249.96899414 -0.418441 -0.255294 0.871626
40.91799927 -42.34700012 249.93400574 0.173540 -0.053124 0.983393
45.71799850 -40.68000031 257.71798706 -0.351785 -0.856992 0.376580
46.01800156 -40.80300140 257.71798706 -0.347514 -0.849306 0.397382
46.01800156 -40.66299820 258.01800537 -0.418929 -0.829954 0.368341
46.31800079 -40.97999954 257.71798706 -0.999999 -0.000978 -0.000978
46.61800003 -41.01499939 258.01800537 -0.404497 -0.813790 0.417287
46.31800079 -40.83200073 258.01800537 -0.457359 -0.800780 0.386749
46.61800003 -41.15700150 257.71798706 -0.395496 -0.854582 0.336560
47.21799850 -41.47700119 257.71798706 -0.354403 -0.844633 0.401240
46.91799927 -41.27899933 257.71798706 -0.352195 -0.865876 0.355271
46.91799927 -41.15599823 258.01800537 -0.413525 -0.834911 0.363210
47.21799850 -41.31100082 258.01800537 -0.393887 -0.830485 0.393887
46.91799927 -41.01800156 258.31799316 -0.434812 -0.807049 0.399513
46.91799927 -40.85900116 258.61801147 -0.425790 -0.801771 0.419363
47.21799850 -41.03300095 258.61801147 -0.999999 0.000978 0.000978
50.89799881 -50.14699936 259.51800537 -0.993920 -0.103049 0.038782
50.85800171 -49.84700012 259.51800537 -0.996673 -0.074346 0.033402
50.89099884 -50.14699936 259.81799316 -0.991390 -0.119513 -0.053496
50.85800171 -49.84700012 259.81799316 -0.998373 -0.049445 0.028405
47.21799850 -41.19499969 258.31799316 -0.438716 -0.815214 0.378093
47.89300156 -44.14699936 252.31799316 -0.519328 -0.740248 0.427003
50.94699860 -50.74700165 259.51800537 -0.993244 -0.062007 0.098084
50.91999817 -50.44699860 259.51800537 -0.995813 -0.081982 0.040445
50.98099899 -50.74700165 259.81799316 -0.993791 -0.075236 0.081974
50.93000031 -50.44699860 259.81799316 -0.988699 -0.148361 0.021518
44.81800079 -39.13399887 260.11801147 -0.397099 -0.827421 0.397099
44.51800156 -38.95999908 260.11801147 -0.999999 0.000978 0.000978
44.51800156 -38.84500122 260.41799927 -0.411208 -0.851898 0.324311
44.81800079 -38.99399948 260.41799927 -0.427530 -0.831397 0.354961
46.31800079 -39.36700058 261.31799316 -0.410826 -0.823238 0.391792
46.61800003 -39.51800156 261.31799316 -0.426137 -0.841347 0.332480
46.61800003 -39.42800140 261.61801147 -0.304040 -0.912121 0.274946
46.91799927 -39.66999817 261.31799316 -0.410184 -0.846881 0.338440
47.21799850 -39.80799866 261.31799316 -0.426137 -0.841347 0.332480
47.21799850 -39.68899918 261.61801147 -0.406078 -0.847940 0.340732
46.91799927 -39.52799988 261.61801147 -0.373094 -0.856104 0.357613
46.91799927 -39.42100143 261.91799927 -0.428874 -0.843713 0.322825
47.21799850 -39.56800079 261.91799927 -0.397911 -0.838288 0.372747
47.21799850 -39.42300034 262.21798706 -0.371548 -0.826891 0.422141
47.81800079 -41.48300171 258.31799316 -0.395931 -0.834452 0.383312
47.51800156 -39.70600128 261.91799927 -0.398001 -0.847508 0.351177
47.81800079 -39.84999847 261.91799927 -0.395502 -0.821182 0.411385
47.51800156 -41.34099960 258.31799316 -0.411734 -0.855851 0.313041
47.81800079 -39.70000076 262.21798706 -0.421432 -0.838164 0.346232
47.51800156 -39.56700134 262.21798706 -0.381183 -0.827214 0.412816
47.51800156 -41.22000122 258.61801147 -0.371704 -0.842215 0.390524
47.81800079 -41.34000015 258.61801147 -0.374322 -0.844182 0.383719
34.01800156 -50.14699936 253.08099365 0.271054 0.410367 0.870706
34.01800156 -49.76200104 252.91799927 -0.999999 -0.000978 -0.000978
34.01800156 -49.84700012 252.94900513 0.059507 0.363654 0.929631
33.79600143 -50.14699936 253.21800232 0.000978 0.999999 0.000978
33.71799850 -50.14699936 253.31599426 0.000978 0.999999 0.000978
48.11800003 -39.72800064 262.51800537 -0.403908 -0.828408 0.388069
48.41799927 -39.89500046 262.51800537 -0.445421 -0.802401 0.397181
40.01800156 -39.41899872 258.01800537 0.593011 -0.682710 0.426901
40.01800156 -39.63499832 257.71798706 0.597606 -0.792381 0.122472
48.41799927 -39.73400116 262.81799316 -0.367860 -0.832027 0.415224
40.10100174 -39.34700012 258.01800537 0.000978 0.000978 0.999999
48.11800003 -39.60900116 262.81799316 -0.377462 -0.844198 0.380594
39.71799850 -39.38299942 258.61801147 0.999999 -0.000978 -0.000978
39.71799850 -39.49200058 258.31799316 0.635996 -0.724814 0.264866
39.88399887 -39.34700012 258.31799316 0.594357 -0.680930 0.427871
40.01800156 -38.94300079 259.21798706 0.458265 -0.785367 0.416163
39.84000015 -39.04700089 259.21798706 -0.000978 -0.000978 0.999999
39.71799850 -39.11800003 259.21798706 0.455084 -0.785466 0.419455
40.01800156 -39.10200119 258.91799927 0.459433 -0.784121 0.417224
39.71799850 -39.27799988 258.91799927 0.999999 -0.000978 -0.000978
50.96599960 -51.34700012 259.51800537 -0.990473 -0.100785 0.093834
50.95800018 -51.04700089 259.51800537 -0.994477 -0.031867 0.099997
50.97999954 -51.34700012 259.81799316 -0.998268 -0.047436 0.034787
50.97499847 -51.04700089 259.81799316 -0.999735 0.001001 0.023017
38.81800079 -39.29000092 260.41799927 0.544494 -0.747248 0.380982
38.51800156 -39.57699966 260.41799927 0.999999 -0.000978 -0.000978
38.81800079 -39.47399902 260.11801147 0.532519 -0.765598 0.360948
38.51800156 -39.67900085 260.11801147 0.999999 -0.000978 -0.000978
38.21799850 -39.78400040 260.41799927 0.999999 -0.000978 -0.000978
38.21799850 -39.92800140 260.11801147 0.999999 0.000978 0.000978
37.91799927 -39.75600052 261.01800537 0.999999 -0.000978 -0.000978
38.21799850 -39.64599991 260.71798706 0.564566 -0.760797 0.320082
37.91799927 -39.88600159 260.71798706 0.999999 -0.000978 -0.000978
35.51800156 -40.07899857 264.61801147 0.999999 0.000978 0.000978
35.81800079 -39.94800186 264.31799316 0.415934 -0.827123 0.377978
35.51800156 -40.17499924 264.31799316 0.999999 0.000978 0.000978
47.51800156 -41.06200027 258.91799927 -0.397019 -0.814766 0.422530
47.51800156 -40.90900040 259.21798706 -0.444246 -0.806700 0.389718
47.81800079 -41.10400009 259.21798706 -0.479609 -0.807846 0.342578
51.03599930 -51.94699860 259.51800537 -0.999527 0.017286 0.025420
51.01800156 -51.64699936 259.51800537 -0.993095 -0.116899 0.009833
51.00999832 -51.94699860 259.81799316 -0.989802 0.030542 -0.139138
51.00299835 -51.64699936 259.81799316 -0.998734 -0.050296 0.001026
47.81800079 -41.20999908 258.91799927 -0.426578 -0.842217 0.329699
50.93600082 -51.94699860 258.91799927 -0.993685 -0.018625 0.110653
50.95500183 -51.64699936 258.91799927 -0.987304 -0.017042 0.157923
50.99499893 -51.94699860 259.21798706 -0.985764 0.038316 0.163713
50.99700165 -51.64699936 259.21798706 -0.987252 -0.119416 0.105228
50.29800034 -49.24700165 252.61799622 -0.954686 -0.105786 0.278178
50.30400085 -49.54700089 252.61799622 -0.909861 0.151408 0.386302
49.91799927 -49.24700165 252.34500122 -0.140900 0.218460 0.965620
49.91799927 -49.54700089 252.43299866 0.043621 0.392587 0.918680
43.61800003 -37.57899857 262.21798706 -0.364239 -0.857123 0.364239
43.61800003 -37.70700073 261.91799927 -0.325463 -0.896137 0.301684
43.31800079 -37.62200165 261.91799927 -0.403907 -0.872862 0.273809
43.61800003 -37.77799988 261.61801147 -0.446761 -0.845600 0.292173
43.31800079 -37.64199829 261.61801147 -0.338857 -0.908950 0.242871
43.31800079 -37.77999878 261.31799316 -0.341198 -0.845984 0.409749
43.61800003 -37.91299820 261.31799316 -0.373779 -0.846086 0.380035
43.01800156 -37.55599976 261.61801147 -0.360723 -0.856137 0.370012
48.41799927 -41.52099991 258.91799927 -0.401852 -0.842794 0.358070
43.01800156 -37.67200089 261.31799316 -0.381989 -0.885315 0.265145
48.11800003 -41.36700058 258.91799927 -0.437034 -0.844518 0.309501
48.11800003 -41.26800156 259.21798706 -0.387153 -0.850492 0.356056
48.41799927 -41.37599945 259.21798706 -0.361693 -0.843950 0.396140
42.41799927 -37.58499908 260.71798706 -0.385753 -0.902980 0.189265
42.41799927 -37.52199936 261.01800537 -0.351426 -0.905541 0.237686
42.11800003 -37.36199951 261.01800537 -0.371146 -0.885040 0.280989
42.11800003 -37.45600128 260.71798706 -0.221986 -0.906804 0.358369
34.10900116 -48.34700012 266.11801147 0.997176 0.059164 -0.046255
34.10900116 -48.04700089 266.11801147 0.996241 0.086305 -0.007458
34.11100006 -48.34700012 266.41799927 0.996756 0.072197 -0.035560
34.10200119 -48.04700089 266.41799927 0.997970 0.063479 -0.005203
49.61800003 -49.24700165 252.31500244 -0.038314 0.400317 0.915576
48.41799927 -41.24000168 259.51800537 -0.343857 -0.851085 0.396758
48.11800003 -41.11700058 259.51800537 -0.382266 -0.810916 0.443045
48.11800003 -40.94699860 259.81799316 -0.410826 -0.823238 0.391792
48.41799927 -41.09600067 259.81799316 -0.428803 -0.834045 0.347126
35.81800079 -44.69400024 252.91799927 0.533140 -0.766490 0.358127
49.01800156 -41.52500153 259.51800537 -0.472398 -0.845424 0.249194
48.71799850 -41.35900116 259.51800537 -0.398018 -0.835365 0.379139
37.01800156 -44.27099991 251.71800232 0.739217 -0.622082 0.258014
48.71799850 -41.25400162 259.81799316 -0.485918 -0.842359 0.233058
37.01800156 -44.18099976 252.01800537 0.570011 -0.787454 0.234528
49.01800156 -41.43700027 259.81799316 -0.428566 -0.855597 0.290319
49.61800003 -48.64699936 252.09199524 -0.122701 0.421696 0.898397
49.31800079 -48.64699936 252.05900574 -0.019972 0.454035 0.890760
49.61800003 -48.94699860 252.21200562 -0.130533 0.350377 0.927468
49.31800079 -48.94699860 252.21400452 0.006465 0.399521 0.916701
44.21799850 -57.41199875 261.01800537 -0.449050 0.833950 -0.320750
43.91799927 -57.57699966 261.01800537 -0.453442 0.830003 -0.324784
44.21799850 -57.53200150 260.71798706 -0.498446 0.828685 -0.254624
43.91799927 -57.69300079 260.71798706 -0.446547 0.835121 -0.321200
33.65200043 -50.44699860 253.51800537 0.947462 0.209180 0.241992
33.59899902 -50.74700165 253.81799316 0.964462 0.157490 0.212156
33.58100128 -50.44699860 253.81799316 0.988750 0.021470 0.148030
48.71799850 -41.19400024 260.11801147 -0.462998 -0.827118 0.318605
49.01800156 -41.32199860 260.11801147 -0.391604 -0.864601 0.314819
33.59400177 -50.14699936 253.51800537 0.966693 0.095272 0.237545
33.59400177 -49.84700012 253.51800537 0.989318 0.120023 0.082734
33.58599854 -50.14699936 253.81799316 0.997273 0.059169 0.044108
33.54499817 -49.84700012 253.81799316 0.983589 0.154924 0.092474
33.61399841 -50.74700165 254.11799622 0.993752 0.097251 -0.054774
33.56299973 -50.44699860 254.11799622 0.996990 0.077179 -0.007401
33.63199997 -50.74700165 254.41799927 0.978551 0.204209 -0.027149
33.58599854 -50.44699860 254.41799927 0.997883 0.050054 -0.041534
48.71799850 -41.02600098 260.41799927 -0.371175 -0.844149 0.386836
49.01800156 -41.12400055 260.41799927 -0.287592 -0.883857 0.368901
33.56800079 -50.14699936 254.11799622 0.998743 0.042788 -0.026090
33.53799820 -49.84700012 254.11799622 0.995733 0.077946 -0.049402
33.60200119 -50.14699936 254.41799927 0.996978 0.018088 -0.075545
33.57500076 -49.84700012 254.41799927 0.985611 0.115884 -0.123052
49.01800156 -48.64699936 252.07899475 0.019854 0.438103 0.898706
48.71799850 -48.64699936 252.07299805 0.006432 0.392358 0.919790
33.61299896 -50.14699936 254.71800232 0.994974 -0.040769 -0.091454
33.61299896 -49.84700012 254.71800232 0.987383 0.033257 -0.154816
33.65700150 -50.14699936 255.01800537 0.992468 -0.050694 -0.111526
33.66899872 -49.84700012 255.01800537 0.991138 0.072354 -0.111403
49.01800156 -48.94699860 252.21600342 -0.006484 0.411057 0.911587
48.71799850 -48.94699860 252.21000671 0.027918 0.429405 0.902681
33.68099976 -50.14699936 255.31799316 0.982897 -0.166817 -0.078008
48.41799927 -48.64699936 252.08299255 0.044143 0.416018 0.908284
48.11800003 -48.64699936 252.10299683 0.072456 0.427901 0.900917
48.41799927 -48.94699860 252.23500061 0.055280 0.416621 0.907398
33.66899872 -49.54700089 255.31799316 0.952250 0.249174 -0.176442
33.59000015 -49.24700165 255.31799316 0.972391 0.198525 -0.122655
48.11800003 -48.94699860 252.24699402 0.011679 0.403581 0.914870
49.31800079 -41.46599960 260.11801147 -0.390524 -0.842215 0.371704
49.61800003 -41.59999847 260.11801147 -0.378468 -0.848828 0.369124
49.01800156 -48.04700089 251.81799316 0.068141 0.378117 0.923247
48.71799850 -48.04700089 251.83700562 -0.003849 0.386161 0.922424
49.61800003 -41.47000122 260.41799927 -0.430746 -0.828357 0.358166
49.01800156 -48.34700012 251.92399597 0.068897 0.398520 0.914568
49.31800079 -41.31399918 260.41799927 -0.421006 -0.808395 0.411401
48.71799850 -48.34700012 251.95399475 0.056816 0.366002 0.928878
34.61800003 -49.23899841 256.51800537 0.669037 0.602300 0.435458
34.61800003 -49.24700165 256.53201294 0.606882 0.689563 0.395217
34.43199921 -49.24700165 256.81799316 0.775626 0.380527 0.503590
48.54899979 -53.44699860 262.51800537 -0.576883 0.769704 -0.273427
48.11800003 -53.62599945 262.81799316 -0.530255 0.763762 -0.368098
48.41799927 -53.43899918 262.81799316 -0.565886 0.780261 -0.266392
34.35599899 -48.94699860 256.51800537 0.734692 0.655266 0.175654
48.11800003 -53.84099960 262.51800537 -0.592004 0.722474 -0.357160
47.51800156 -54.00799942 263.11801147 -0.735964 0.639085 -0.223445
47.72499847 -53.74700165 263.11801147 -0.690448 0.671313 -0.269482
47.81800079 -53.66199875 263.11801147 -0.406693 0.885851 -0.223311
47.81800079 -53.61199951 263.41799927 -0.444327 0.869205 -0.216927
34.01800156 -48.66400146 256.51800537 0.572568 0.819340 -0.029114
34.28499985 -48.94699860 256.81799316 0.908259 0.400415 0.121380
34.01800156 -48.70399857 256.81799316 0.999999 0.000978 0.000978
49.88999939 -45.64699936 251.71800232 -0.943828 -0.252147 0.213567
34.31800079 -49.04199982 257.11801147 0.897119 0.439817 0.041695
34.31800079 -49.54700089 257.46499634 0.000978 0.999999 0.000978
49.61800003 -41.29999924 260.71798706 -0.480147 -0.794893 0.370950
49.61800003 -41.18999863 261.01800537 -0.518893 -0.841169 0.152268
34.01800156 -48.76300049 257.11801147 0.366361 0.857934 0.360178
34.00400162 -48.94699860 257.41799927 0.653484 0.586288 0.478774
33.72600174 -48.64699936 257.41799927 0.961302 0.263562 -0.080215
33.74399948 -48.94699860 257.71798706 0.920071 0.339872 0.194822
49.31800079 -45.31200027 251.41799927 -0.426214 -0.815712 0.391095
33.68799973 -48.64699936 257.71798706 0.976005 0.215698 0.029793
33.71799850 -48.94699860 258.01800537 0.982065 0.167905 0.085765
33.70800018 -48.64699936 258.01800537 0.991236 0.121771 -0.051212
37.61800003 -42.34700012 255.21099854 0.999999 0.000978 0.000978
37.90999985 -42.34700012 254.71800232 0.673954 -0.686700 0.272450
37.88999939 -42.04700089 255.61799622 0.569212 -0.782471 0.252461
37.61800003 -42.24499893 255.61799622 0.546126 -0.801296 0.244278
37.61800003 -42.31600189 255.31799316 0.999999 0.000978 0.000978
37.31800079 -41.91500092 256.81799316 0.540551 -0.766453 0.346921
37.61800003 -41.79800034 256.51800537 0.584958 -0.728346 0.356841
37.31800079 -42.04700089 256.57598877 0.590298 -0.708687 0.386407
37.35599899 -42.04700089 256.51800537 0.590298 -0.708687 0.386407
38.51800156 -40.76900101 257.41799927 0.999999 0.000978 0.000978
38.81800079 -40.65200043 257.11801147 0.424773 -0.844878 0.325192
38.51800156 -40.91899872 257.11801147 0.999999 -0.000978 -0.000978
38.21799850 -41.04199982 257.41799927 0.999999 -0.000978 -0.000978
38.21799850 -41.13700104 257.11801147 0.999999 -0.000978 -0.000978
38.21799850 -40.80899811 258.01800537 0.999999 0.000978 0.000978
37.91799927 -41.04800034 258.01800537 0.999999 -0.000978 -0.000978
38.21799850 -40.90200043 257.71798706 0.999999 -0.000978 -0.000978
37.91799927 -41.14400101 257.71798706 0.999999 -0.000978 -0.000978
38.51800156 -40.59299850 258.01800537 0.999999 0.000978 0.000978
38.51800156 -40.65599823 257.71798706 0.999999 0.000978 0.000978
38.81800079 -40.29399872 258.01800537 0.999999 -0.000978 -0.000978
38.81800079 -40.42200089 257.71798706 0.999999 -0.000978 -0.000978
50.02299881 -41.74700165 260.41799927 -0.933633 -0.112470 0.340119
39.41799927 -39.38100052 259.21798706 0.999999 0.000978 0.000978
39.11800003 -39.59999847 259.21798706 0.999999 0.000978 0.000978
39.41799927 -39.46599960 258.91799927 0.999999 0.000978 0.000978
39.11800003 -39.67900085 258.91799927 0.999999 0.000978 0.000978
38.81800079 -39.57099915 259.81799316 0.999999 -0.000978 -0.000978
38.51800156 -39.81600189 259.81799316 0.999999 0.000978 0.000978
38.81800079 -39.63499832 259.51800537 0.521676 -0.797578 0.302858
38.51800156 -39.94499969 259.51800537 0.999999 0.000978 0.000978
39.11800003 -39.34899902 259.81799316 0.999999 0.000978 0.000978
39.11800003 -39.47399902 259.51800537 0.442892 -0.827468 0.345172
33.71900177 -48.64699936 258.31799316 0.999801 0.015072 0.013063
39.41799927 -39.11299896 259.81799316 0.585872 -0.744041 0.321180
33.73699951 -48.94699860 258.61801147 0.985763 0.130240 -0.106343
39.41799927 -39.24200058 259.51800537 0.999999 -0.000978 -0.000978
39.41799927 -38.89899826 260.41799927 0.544169 -0.763775 0.347170
39.11800003 -39.09400177 260.41799927 0.493475 -0.759066 0.424618
39.11800003 -39.26499939 260.11801147 0.594195 -0.739121 0.317226
39.41799927 -38.67200089 261.01800537 0.543281 -0.768976 0.336931
39.72200012 -38.44699860 261.01800537 0.991844 0.120462 -0.041655
40.01800156 -38.25899887 260.71798706 0.968840 -0.220249 0.113307
39.71799850 -38.51599884 260.71798706 0.998502 0.049141 -0.024048
39.41799927 -38.40100098 261.61801147 0.999999 -0.000978 -0.000978
39.11800003 -38.59700012 261.61801147 0.502218 -0.783201 0.366570
33.69200134 -48.94699860 258.31799316 0.999411 -0.013271 -0.031646
39.41799927 -38.49000168 261.31799316 0.555611 -0.756473 0.345029
33.70000076 -48.64699936 258.61801147 0.994554 0.103260 0.014130
40.00799942 -38.14699936 261.01800537 0.827604 0.534276 -0.172106
39.71799850 -38.16099930 261.61801147 0.999999 -0.000978 -0.000978
39.71799850 -38.31200027 261.31799316 0.962880 -0.241689 0.120198
40.01800156 -37.95100021 261.61801147 0.557200 -0.719234 0.415006
50.13199997 -41.74700165 260.71798706 -0.871082 -0.437782 0.222626
49.91799927 -41.48300171 260.71798706 -0.769522 -0.622518 0.142504
40.01800156 -38.06600189 261.31799316 0.953249 0.281910 -0.108830
40.01800156 -37.64300156 262.21798706 0.999999 0.000978 0.000978
50.17300034 -41.74700165 261.01800537 -0.000978 -0.999999 -0.000978
39.71799850 -37.94400024 262.21798706 0.562573 -0.759232 0.327227
40.01800156 -37.72299957 261.91799927 0.419740 -0.876824 0.234517
39.71799850 -38.02899933 261.91799927 0.999999 0.000978 0.000978
40.01800156 -37.41999817 262.81799316 0.445380 -0.836065 0.320361
40.01800156 -37.52199936 262.51800537 0.999999 -0.000978 -0.000978
40.61800003 -36.99599838 262.81799316 0.999999 -0.000978 -0.000978
40.31800079 -37.20500183 262.81799316 0.999999 -0.000978 -0.000978
40.61800003 -37.10200119 262.51800537 0.999999 -0.000978 -0.000978
49.91799927 -41.41400146 261.01800537 -0.661801 -0.726292 0.185796
40.31800079 -37.31200027 262.51800537 0.999999 -0.000978 -0.000978
40.31800079 -36.97200012 263.41799927 0.460395 -0.776002 0.431112
40.31800079 -37.08900070 263.11801147 0.487897 -0.813162 0.317370
40.91799927 -36.48799896 263.41799927 0.513311 -0.772396 0.374053
41.21799850 -36.41699982 263.11801147 0.553246 -0.768130 0.322326
40.91799927 -36.63299942 263.11801147 0.999999 0.000978 0.000978
40.61800003 -36.76300049 263.41799927 0.573444 -0.747901 0.334375
40.31800079 -36.94699860 263.46301270 0.460395 -0.776002 0.431112
40.36000061 -36.94699860 263.41799927 0.460395 -0.776002 0.431112
40.61800003 -36.87699890 263.11801147 0.999999 -0.000978 -0.000978
40.61800003 -36.47299957 264.01800537 0.444907 -0.814866 0.371553
40.31800079 -36.63700104 264.01800537 0.511885 -0.800315 0.312202
40.61800003 -36.61000061 263.71798706 0.999999 0.000978 0.000978
40.31800079 -36.79100037 263.71798706 0.560237 -0.718888 0.411502
33.65900040 -42.94699860 262.81799316 0.941315 -0.279776 0.188814
33.70600128 -42.94699860 262.51800537 0.925885 -0.363012 0.104689
33.76699829 -42.64699936 262.81799316 0.929816 -0.341986 0.135970
33.84099960 -42.64699936 262.51800537 0.937300 -0.347481 0.026927
33.75699997 -48.94699860 258.91799927 0.990959 0.124012 -0.051198
33.75400162 -42.64699936 263.11801147 0.938582 -0.305553 0.160313
34.01800156 -42.04700089 263.08401489 0.763988 -0.612734 0.202187
33.76800156 -48.94699860 259.21798706 0.994386 0.102186 -0.027469
34.01800156 -42.13499832 262.81799316 0.821556 -0.541172 0.179386
33.87799835 -42.34700012 262.81799316 0.879622 -0.422752 0.218051
33.72000122 -48.64699936 259.21798706 0.993663 0.105473 -0.038858
34.11500168 -42.04700089 262.51800537 0.789659 -0.565377 0.238300
34.01800156 -42.18500137 262.51800537 -0.000978 -0.000978 0.999999
33.92499924 -42.34700012 262.51800537 0.916625 -0.341768 0.207349
33.70500183 -42.34700012 263.41799927 0.949562 -0.281797 0.137560
34.01800156 -41.85100174 263.41799927 0.000978 0.000978 0.999999
33.84299850 -42.04700089 263.41799927 0.797924 -0.497303 0.340597
34.00899887 -42.04700089 263.11801147 0.493861 -0.828262 0.264734
33.77899933 -42.34700012 263.11801147 0.955378 -0.105863 0.275766
33.73699951 -42.04700089 264.01800537 0.985931 -0.134716 0.098951
33.75500107 -42.04700089 263.71798706 0.947601 -0.272486 0.166745
34.09600067 -41.74700165 263.41799927 0.743175 -0.556973 0.370771
33.70999908 -48.64699936 258.91799927 0.989995 0.137216 -0.032886
34.01800156 -41.44699860 264.15200806 0.610089 -0.698889 0.373289
34.09999847 -41.44699860 264.01800537 0.646306 -0.710139 0.279268
34.18000031 -41.44699860 263.71798706 0.396015 -0.912076 0.106248
33.94699860 -41.74700165 263.71798706 0.743175 -0.556973 0.370771
34.31800079 -41.22600174 264.01800537 0.658493 -0.674752 0.333311
34.31800079 -41.38700104 263.71798706 0.356726 -0.822849 0.442341
34.61800003 -40.97600174 264.01800537 0.563511 -0.754039 0.337461
37.31800079 -52.54700089 254.07299805 -0.029533 0.350548 0.936079
34.59099960 -41.14699936 263.71798706 0.570300 -0.765192 0.298728
37.61800003 -52.54700089 254.06900024 0.044259 0.422471 0.905295
34.61800003 -40.56600189 264.91799927 0.506752 -0.767460 0.392692
34.31800079 -40.79700089 264.91799927 0.578736 -0.678806 0.451981
37.31800079 -52.24700165 253.93200684 0.041151 0.402220 0.914618
33.67399979 -48.34700012 258.91799927 0.998556 0.021912 -0.049041
34.61800003 -40.74100113 264.61801147 0.586295 -0.692593 0.420206
34.31800079 -40.84700012 264.87600708 0.615922 -0.625991 0.478304
37.61800003 -52.24700165 253.91600037 0.019705 0.419060 0.907745
34.50799942 -40.84700012 264.61801147 -0.000978 -0.000978 0.999999
34.31800079 -41.03200150 264.61801147 0.579597 -0.747503 0.324510
33.69699860 -48.04700089 258.91799927 0.994219 -0.007573 -0.107103
33.70399857 -48.34700012 259.21798706 0.991455 0.030316 -0.126879
33.70100021 -48.04700089 259.21798706 0.997679 0.030878 -0.060691
34.31800079 -41.09099960 264.31799316 0.999999 0.000978 0.000978
34.61800003 -40.45700073 265.21798706 0.438814 -0.845065 0.305464
34.41199875 -40.54700089 265.21798706 0.429750 -0.902870 0.011828
34.61800003 -40.25199890 265.81799316 0.999999 0.000978 0.000978
34.61800003 -40.34899902 265.51800537 0.630318 -0.734581 0.251179
34.39099884 -40.54700089 265.51800537 0.587014 -0.788276 0.184490
34.91799927 -40.02899933 265.81799316 0.999999 0.000978 0.000978
34.91799927 -40.15100098 265.51800537 0.999999 -0.000978 -0.000978
35.21799850 -39.81299973 265.81799316 0.999999 0.000978 0.000978
35.21799850 -39.90900040 265.51800537 0.999999 -0.000978 -0.000978
34.91799927 -39.96799850 266.11801147 0.999999 -0.000978 -0.000978
33.75099945 -48.34700012 259.51800537 0.994569 0.001073 -0.104070
35.51800156 -39.34999847 266.41799927 0.706315 -0.648656 0.283487
35.51800156 -39.48199844 266.11801147 0.999999 0.000978 0.000978
33.73300171 -48.04700089 259.51800537 0.993174 0.095823 -0.066512
33.76699829 -48.34700012 259.81799316 0.998185 0.047533 -0.036970
33.74100113 -48.04700089 259.81799316 0.997340 0.052605 -0.050457
35.21799850 -39.57600021 266.41799927 0.999999 -0.000978 -0.000978
34.91799927 -39.81100082 266.41799927 0.493779 -0.770817 0.402520
35.21799850 -39.69400024 266.11801147 0.999999 0.000978 0.000978
35.21799850 -39.33300018 267.01800537 0.999999 -0.000978 -0.000978
35.40000153 -39.34700012 266.71798706 0.557554 -0.798491 0.227037
35.81800079 -38.83499908 267.01800537 0.999999 -0.000978 -0.000978
35.51800156 -39.04499817 267.01800537 0.552136 -0.788091 0.272135
35.81800079 -38.97800064 266.71798706 0.551288 -0.752939 0.359394
35.51800156 -38.84000015 267.61801147 0.999999 -0.000978 -0.000978
35.81800079 -38.74700165 267.31799316 0.999999 -0.000978 -0.000978
35.51800156 -38.94100189 267.31799316 0.999999 -0.000978 -0.000978
35.81800079 -38.59899902 267.61801147 0.999999 -0.000978 -0.000978
35.99599838 -38.44699860 267.91799927 0.401476 -0.903675 -0.148957
35.81800079 -38.52600098 267.91799927 0.395580 -0.892629 0.216172
35.51800156 -38.73099899 267.91799927 0.564497 -0.781490 0.265738
33.77299881 -48.34700012 260.11801147 0.999341 0.035582 -0.007116
33.76300049 -48.04700089 260.11801147 0.997147 0.037567 -0.065475
33.77099991 -48.34700012 260.41799927 0.998541 0.051020 -0.017701
33.77999878 -48.04700089 260.41799927 0.997446 0.048315 -0.052610
33.82300186 -47.74700165 261.31799316 0.995835 0.083803 -0.035915
33.80199814 -47.44699860 261.31799316 0.995516 0.076069 -0.056225
33.84199905 -47.74700165 261.61801147 0.999731 0.013088 -0.019129
33.82400131 -47.44699860 261.61801147 0.995899 0.085610 -0.029259
35.21799850 -50.74700165 253.30299377 -0.014251 0.395130 0.918515
34.91799927 -50.74700165 253.30200195 -0.009072 0.400462 0.916268
33.83399963 -47.74700165 261.91799927 0.999298 0.037461 0.001012
33.81900024 -47.44699860 261.91799927 0.998649 0.050709 -0.011384
33.84199905 -47.74700165 262.21798706 0.991941 0.110216 -0.062493
33.83100128 -47.44699860 262.21798706 0.997743 0.024387 -0.062558
35.21799850 -50.44699860 253.19900513 0.045777 0.364905 0.929919
33.87200165 -47.74700165 262.51800537 0.994723 0.065574 -0.078911
33.85699844 -47.44699860 262.51800537 0.994521 0.065707 -0.081299
33.88899994 -47.74700165 262.81799316 0.994200 0.092613 -0.054675
33.88000107 -47.44699860 262.81799316 0.996461 0.072647 -0.042287
34.91799927 -50.44699860 253.19999695 -0.008822 0.344056 0.938908
33.85300064 -47.14699936 263.71798706 0.995271 0.094426 -0.022792
33.84999847 -46.84700012 263.71798706 0.999131 0.001016 -0.041673
33.90000153 -47.14699936 264.01800537 0.981185 0.148219 -0.123720
33.86399841 -46.84700012 264.01800537 0.997062 0.048506 -0.059285
50.85100174 -53.14699936 258.91799927 -0.907450 0.370770 -0.197648
50.94599915 -52.84700012 258.91799927 -0.971262 0.234610 -0.040115
50.74700165 -53.14699936 259.21798706 -0.762424 0.545514 -0.348028
50.91600037 -52.84700012 259.21798706 -0.910288 0.379168 -0.166152
50.99599838 -52.54700089 258.91799927 -0.998230 0.032746 0.049647
50.96599960 -52.24700165 258.91799927 -0.994654 -0.099575 0.027356
50.99599838 -52.54700089 259.21798706 -0.993275 0.097865 -0.061869
50.97399902 -52.24700165 259.21798706 -0.997548 -0.001045 0.069985
50.83800125 -52.84700012 259.51800537 -0.940851 0.310007 -0.136728
50.51800156 -53.09600067 259.81799316 -0.454641 0.818987 -0.350089
50.81800079 -52.86199951 259.81799316 -0.944869 0.324358 -0.044872
50.82500076 -52.84700012 259.81799316 -0.944869 0.324358 -0.044872
50.95899963 -52.54700089 259.51800537 -0.955521 0.273193 -0.111107
51.00799942 -52.24700165 259.51800537 -0.991633 0.127702 0.018878
50.92699814 -52.54700089 259.81799316 -0.952195 0.263829 -0.154012
50.98500061 -52.24700165 259.81799316 -0.986197 0.136477 -0.093754
33.56399918 -44.14699936 259.21798706 0.931702 -0.141751 0.334422
33.67200089 -44.14699936 258.91799927 0.928742 -0.301099 0.216282
50.20000076 -41.74700165 261.31799316 -0.874602 -0.429078 0.225752
50.04399872 -41.44699860 261.31799316 -0.819113 -0.535398 0.205922
49.91799927 -41.33000183 261.31799316 -0.773112 -0.570743 0.276676
50.32600021 -41.74700165 261.61801147 -0.900018 -0.285228 0.329563
50.21799850 -41.53699875 261.61801147 -0.881916 -0.453107 0.130072
37.01800156 -43.43600082 253.81799316 0.999999 -0.000978 -0.000978
36.41799927 -43.84700012 253.87800598 0.999999 -0.000978 -0.000978
36.41799927 -43.86899948 253.81799316 0.999999 0.000978 0.000978
36.11800003 -44.06700134 253.81799316 0.498727 -0.771646 0.394758
36.41799927 -43.96400070 253.51800537 0.999999 0.000978 0.000978
36.71799850 -43.65000153 253.81799316 0.999999 0.000978 0.000978
37.01800156 -43.55500031 253.51800537 0.999999 -0.000978 -0.000978
36.71799850 -43.76699829 253.51800537 0.999999 -0.000978 -0.000978
37.01800156 -43.69100189 253.21800232 0.999999 -0.000978 -0.000978
36.71799850 -43.87900162 253.21800232 0.521272 -0.768105 0.371873
37.01800156 -43.77600098 252.91799927 0.439966 -0.844175 0.306266
36.71799850 -44.05599976 252.91799927 0.442001 -0.832095 0.335040
36.41799927 -44.09799957 253.21800232 0.999999 0.000978 0.000978
50.95100021 -52.24700165 260.11801147 -0.988922 0.026054 -0.146129
50.85400009 -52.54700089 260.41799927 -0.979611 0.142062 -0.142062
36.11800003 -44.37400055 253.21800232 0.999999 0.000978 0.000978
50.81800079 -52.54700089 260.67300415 -0.836272 0.492557 -0.240908
50.89699936 -52.24700165 260.41799927 -0.988358 0.140201 -0.059093
36.41799927 -44.21400070 252.91799927 0.461530 -0.809674 0.362517
36.11800003 -44.48400116 252.91799927 0.999999 0.000978 0.000978
35.94300079 -44.74700165 252.61799622 -0.000978 -0.000978 0.999999
36.41799927 -44.36700058 252.61799622 0.999448 0.023480 -0.023480
36.11800003 -44.59500122 252.61799622 0.648395 -0.720965 0.244528
36.41799927 -44.43600082 252.31799316 0.582520 -0.792409 0.180992
36.40299988 -44.44699860 252.31799316 0.582520 -0.792409 0.180992
36.11800003 -44.68899918 252.31799316 0.999999 0.000978 0.000978
50.95199966 -51.94699860 260.11801147 -0.986578 0.113058 -0.117818
51.01900101 -51.64699936 260.11801147 -0.998050 0.059820 -0.017841
50.93799973 -51.94699860 260.41799927 -0.986688 0.158101 -0.038083
50.99300003 -51.64699936 260.41799927 -0.991141 0.132811 -0.001098
35.81800079 -45.11600113 252.01800537 0.369889 -0.880184 0.297421
35.51800156 -45.24200058 252.01800537 0.382365 -0.906506 0.179010
35.81800079 -45.21699905 251.71800232 0.850604 -0.498528 0.167162
36.11800003 -44.77500153 252.01800537 0.999999 0.000978 0.000978
36.11800003 -44.96099854 251.71800232 0.633413 -0.685789 0.358443
35.80099869 -45.34700012 251.41799927 0.544507 -0.632167 0.551250
50.92900085 -51.94699860 260.71798706 -0.983855 0.169304 0.058013
51.01900101 -51.64699936 260.71798706 -0.981649 0.166237 0.093433
50.97299957 -51.94699860 261.01800537 -0.958685 0.253114 0.129836
51.04999924 -51.64699936 261.01800537 -0.990473 0.126808 -0.053693
50.98699951 -51.34700012 260.11801147 -0.994888 -0.078748 0.063220
50.97200012 -51.04700089 260.11801147 -0.999701 0.015162 -0.019206
51.01800156 -51.34700012 260.41799927 -0.996163 -0.051281 0.070921
50.96300125 -51.04700089 260.41799927 -0.997402 -0.070715 0.013721
51.02899933 -51.34700012 260.71798706 -0.996634 -0.064124 0.051082
50.97999954 -51.04700089 260.71798706 -0.988759 -0.111426 0.099697
51.04899979 -51.34700012 261.01800537 -0.996087 -0.042549 0.077461
51.02399826 -51.04700089 261.01800537 -0.990110 -0.070475 0.121309
33.93299866 -45.34700012 266.71798706 0.995428 0.071812 -0.062974
33.88700104 -45.04700089 266.71798706 0.992471 0.087739 -0.085460
33.94499969 -45.34700012 267.01800537 0.994288 0.083883 -0.065988
33.89899826 -45.04700089 267.01800537 0.993763 0.075404 -0.082157
50.96200180 -50.74700165 260.71798706 -0.991887 -0.116493 0.050895
50.90999985 -50.44699860 260.71798706 -0.991095 0.014460 0.132368
51.00600052 -50.74700165 261.01800537 -0.988079 -0.095166 0.121013
50.96599960 -50.44699860 261.01800537 -0.978808 -0.051643 0.198163
51.07600021 -51.34700012 261.31799316 -0.993178 0.112079 0.032181
51.05400085 -51.04700089 261.31799316 -0.995098 -0.067671 0.072109
51.06800079 -51.34700012 261.61801147 -0.991551 0.129333 -0.009949
51.06800079 -51.04700089 261.61801147 -0.997574 0.020100 0.066646
51.03499985 -50.74700165 261.31799316 -0.991748 -0.037148 0.122702
51.03099823 -50.44699860 261.31799316 -0.987098 -0.069249 0.144367
51.08000183 -50.74700165 261.61801147 -0.997891 -0.024287 0.060190
51.05400085 -50.44699860 261.61801147 -0.985154 -0.171578 0.005681
50.99300003 -50.14699936 261.31799316 -0.995694 -0.092647 0.003195
50.97600174 -49.84700012 261.31799316 -0.993097 -0.110592 0.039098
50.97600174 -50.14699936 261.61801147 -0.986312 -0.164574 -0.010215
50.95399857 -49.84700012 261.61801147 -0.995054 -0.087247 -0.047489
50.98699951 -50.14699936 261.91799927 -0.987395 -0.145719 0.061785
50.94699860 -49.84700012 261.91799927 -0.999131 -0.041673 -0.001016
51.01399994 -50.14699936 262.21798706 -0.986943 -0.119665 0.107817
50.95399857 -49.84700012 262.21798706 -0.996372 -0.064388 0.055657
50.96200180 -49.54700089 261.91799927 -0.996033 0.024874 0.085436
50.96200180 -49.24700165 261.91799927 -0.990673 0.005534 0.136148
50.97499847 -49.54700089 262.21798706 -0.996175 0.075121 0.044637
50.99900055 -49.24700165 262.21798706 -0.998690 -0.048742 0.015556
33.98600006 -44.74700165 268.51800537 0.990261 0.082232 -0.112345
33.95899963 -44.44699860 268.51800537 0.990305 0.112088 -0.082044
34.00699997 -44.74700165 268.81799316 0.997577 0.048115 -0.050253
33.99200058 -44.44699860 268.81799316 0.994143 0.070610 -0.081818
50.98899841 -49.54700089 262.51800537 -0.993541 -0.014209 0.112579
50.97100067 -49.24700165 262.51800537 -0.999127 -0.041758 0.001018
51.04199982 -49.54700089 262.81799316 -0.988152 -0.026154 0.151236
51.00000000 -49.24700165 262.81799316 -0.982096 -0.144820 0.120480
45.71799850 -54.49100113 265.21798706 -0.451891 0.826630 -0.335376
50.96400070 -48.94699860 262.51800537 -0.994820 -0.100673 0.014073
50.91099930 -48.64699936 262.51800537 -0.990422 -0.107479 0.086676
50.95399857 -48.94699860 262.81799316 -0.994408 -0.085936 0.061383
34.01599884 -44.74700165 269.11801147 0.986578 0.117818 -0.113058
50.94800186 -48.64699936 262.81799316 -0.991265 -0.093255 0.093255
34.00899887 -44.44699860 269.11801147 0.998223 0.057489 -0.015679
34.07600021 -44.74700165 269.41799927 0.982978 0.166424 -0.077824
50.21799850 -50.33700180 267.01800537 -0.999999 0.000978 0.000978
34.00199890 -44.44699860 269.41799927 0.983781 0.172779 -0.048190
49.91799927 -50.50999832 267.01800537 -0.999999 -0.000978 -0.000978
50.21799850 -50.42599869 266.71798706 -0.330904 0.904471 -0.269135
49.91799927 -50.64500046 266.71798706 -0.516964 0.731678 -0.444292
51.00099945 -48.94699860 263.11801147 -0.990610 -0.128518 0.046630
50.96799850 -48.64699936 263.11801147 -0.990372 -0.138320 0.005533
50.98199844 -48.94699860 263.41799927 -0.987671 -0.155351 -0.019277
50.95100021 -48.64699936 263.41799927 -0.987732 -0.152576 0.033269
50.91799927 -48.34700012 263.11801147 -0.996140 -0.086667 -0.013910
34.06299973 -44.74700165 269.71798706 0.996095 0.088235 0.003189
50.91699982 -48.04700089 263.11801147 -0.995835 0.035915 0.083803
34.03799820 -44.44699860 269.71798706 0.988664 0.075871 -0.129565
50.88999939 -48.34700012 263.41799927 -0.996232 -0.064520 0.057959
34.07400131 -44.74700165 270.01800537 0.999469 0.027565 -0.017355
50.91199875 -48.04700089 263.41799927 -0.994200 0.092613 0.054675
34.08100128 -44.44699860 270.01800537 0.997677 0.045981 -0.050258
50.95299911 -48.34700012 263.71798706 -0.974951 -0.062231 0.213537
50.95000076 -48.04700089 263.71798706 -0.981315 -0.017420 0.191618
51.02099991 -48.34700012 264.01800537 -0.990892 0.081711 0.107030
51.02899933 -48.04700089 264.01800537 -0.981314 -0.103617 0.162130
34.01699829 -44.14699936 269.71798706 0.988487 0.087944 -0.123121
33.98500061 -43.84700012 269.71798706 0.995304 0.033869 -0.090681
34.04600143 -44.14699936 270.01800537 0.992817 0.100753 -0.064527
34.02000046 -43.84700012 270.01800537 0.991049 0.076941 -0.109096
34.05599976 -44.14699936 270.31799316 0.974941 0.027446 -0.220764
34.05099869 -43.84700012 270.31799316 0.974993 -0.113604 -0.191004
34.17900085 -44.14699936 270.61801147 0.901032 -0.230020 -0.367738
50.94300079 -47.74700165 263.71798706 -0.993060 -0.115728 0.020941
50.88000107 -47.44699860 263.71798706 -0.984498 -0.131026 0.116601
50.95800018 -47.74700165 264.01800537 -0.987131 -0.146372 0.064404
50.93999863 -47.44699860 264.01800537 -0.981571 -0.108521 0.157295
50.98199844 -47.74700165 264.31799316 -0.986881 -0.119946 0.108070
50.97600174 -47.44699860 264.31799316 -0.992351 -0.098894 0.073886
51.02299881 -47.74700165 264.61801147 -0.998543 -0.043050 0.032550
50.98400116 -47.44699860 264.61801147 -0.989321 -0.141981 0.032940
50.92200089 -47.14699936 264.31799316 -0.982281 -0.171509 0.075560
50.87099838 -46.84700012 264.31799316 -0.984584 -0.065165 0.162320
50.93700027 -47.14699936 264.61801147 -0.997961 -0.063611 0.005214
50.94599915 -46.84700012 264.61801147 -0.985178 -0.116397 0.125997
50.92499924 -47.14699936 264.91799927 -0.996014 -0.081641 0.035922
50.94699860 -46.84700012 264.91799927 -0.999941 -0.010858 -0.000987
50.95899963 -47.14699936 265.21798706 -0.988152 0.026154 0.151236
50.94599915 -46.84700012 265.21798706 -0.991379 -0.110916 0.069751
50.91899872 -46.54700089 264.91799927 -0.992276 -0.116010 0.043926
50.87699890 -46.24700165 264.91799927 -0.994820 -0.100673 0.014073
50.89300156 -46.54700089 265.21798706 -0.991785 -0.122429 0.037066
50.87300110 -46.24700165 265.21798706 -0.999471 -0.017320 0.027508
50.94100189 -46.54700089 265.51800537 -0.982204 -0.158654 0.100521
50.89300156 -46.24700165 265.51800537 -0.990517 -0.093619 0.100554
50.95399857 -46.54700089 265.81799316 -0.988051 -0.149982 0.035492
50.93399811 -46.24700165 265.81799316 -0.984033 -0.117118 0.134022
33.71099854 -49.24700165 258.31799316 0.992029 0.114247 0.053165
50.85900116 -45.94699860 264.91799927 -0.997475 -0.039642 0.058927
50.85300064 -45.64699936 264.91799927 -0.996184 -0.053582 0.068891
50.88299942 -45.94699860 265.21798706 -0.998982 0.015496 0.042356
50.88199997 -45.64699936 265.21798706 -0.998948 -0.021739 0.040372
33.75799942 -49.54700089 258.31799316 0.963992 0.219858 0.149607
33.80199814 -49.54700089 258.61801147 0.997896 0.043665 -0.047925
33.77899933 -49.24700165 258.61801147 0.986597 0.108039 -0.122286
50.84500122 -44.74700165 266.11801147 -0.989976 -0.103292 0.096328
50.81600189 -44.44699860 266.11801147 -0.994363 -0.072704 0.077178
50.87799835 -44.74700165 266.41799927 -0.996525 -0.062079 0.055544
50.84600067 -44.44699860 266.41799927 -0.993746 -0.105481 0.036641
50.88600159 -45.34700012 266.71798706 -0.994638 -0.047574 0.091830
50.90100098 -45.04700089 266.71798706 -0.995313 -0.011862 0.095973
50.93500137 -45.34700012 267.01800537 -0.995803 -0.044817 0.079795
50.94100189 -45.04700089 267.01800537 -0.998152 -0.055745 0.024191
33.78300095 -48.34700012 260.71798706 0.993026 0.045901 -0.108595
33.79499817 -48.04700089 260.71798706 0.997905 -0.017914 -0.062171
33.83599854 -48.34700012 261.01800537 0.991695 0.053390 -0.117004
33.81800079 -48.04700089 261.01800537 0.994970 0.025065 -0.096990
50.87900162 -44.74700165 266.71798706 -0.993663 -0.105473 0.038858
50.83800125 -44.44699860 266.71798706 -0.997050 -0.076696 0.003152
50.90200043 -44.74700165 267.01800537 -0.988071 -0.152794 -0.019241
50.84799957 -44.44699860 267.01800537 -0.991431 -0.113208 0.065181
50.83300018 -44.14699936 266.71798706 -0.998965 -0.032158 0.032158
50.81900024 -43.84700012 266.71798706 -0.988589 0.014654 0.149923
50.83300018 -44.14699936 267.01800537 -0.998004 0.047726 0.041363
50.87599945 -43.84700012 267.01800537 -0.999730 0.023063 0.003008
50.85800171 -44.14699936 267.31799316 -0.989613 -0.094415 0.108403
50.82099915 -43.84700012 267.31799316 -0.995247 -0.074173 -0.063102
50.89899826 -44.14699936 267.61801147 -0.983798 -0.124333 0.129161
50.83800125 -43.84700012 267.61801147 -0.979069 -0.106875 0.173210
46.01800156 -38.04000092 264.01800537 -0.390831 -0.871385 0.296545
45.71799850 -37.86199951 264.01800537 -0.380834 -0.853379 0.355963
46.01800156 -38.10300064 263.71798706 -0.403501 -0.875007 0.267489
45.71799850 -37.95999908 263.71798706 -0.395910 -0.861143 0.318885
45.11800003 -37.81900024 263.41799927 -0.353434 -0.859663 0.368868
45.41799927 -37.94100189 263.41799927 -0.377751 -0.853437 0.359096
45.41799927 -38.08000183 263.11801147 -0.327364 -0.865287 0.379620
45.11800003 -37.96099854 263.11801147 -0.371694 -0.850698 0.371694
44.81800079 -37.69499969 263.41799927 -0.369662 -0.846947 0.382140
44.81800079 -37.81900024 263.11801147 -0.443517 -0.848400 0.288981
44.51800156 -37.62300110 263.11801147 -0.384606 -0.865747 0.320250
50.81299973 -43.54700089 267.31799316 -0.999780 0.000999 -0.020974
50.82199860 -43.24700165 267.31799316 -0.999153 -0.032031 -0.025831
50.83399963 -43.54700089 267.61801147 -0.992395 -0.059974 0.107500
50.80199814 -43.24700165 267.61801147 -0.999642 -0.023295 -0.013167
49.97000122 -45.94699860 251.41799927 -0.960057 -0.083094 0.267180
33.77399826 -45.34700012 264.31799316 0.994304 0.090189 -0.056786
50.85699844 -42.94699860 268.51800537 -0.990023 0.005543 0.140798
50.86999893 -42.64699936 268.51800537 -0.999162 -0.009204 0.039885
50.91099930 -42.94699860 268.81799316 -0.993998 -0.075082 0.079565
50.85699844 -42.64699936 268.81799316 -0.997237 -0.067482 0.031063
49.92399979 -46.24700165 251.41799927 -0.913736 0.038459 0.404484
49.94499969 -46.54700089 251.41799927 -0.847102 0.051636 0.528916
33.77899933 -45.04700089 264.31799316 0.998750 0.017668 -0.046768
33.81399918 -45.34700012 264.61801147 0.990518 0.042077 -0.130780
33.80400085 -45.04700089 264.61801147 0.994492 0.025163 -0.101747
50.85200119 -42.34700012 268.51800537 -0.990186 -0.079910 0.114653
50.82099915 -42.04700089 268.51800537 -0.996509 -0.001057 0.083483
50.86999893 -42.34700012 268.81799316 -0.997167 -0.028857 0.069470
50.84000015 -42.04700089 268.81799316 -0.989514 -0.140058 0.035299
33.85300064 -45.34700012 264.91799927 0.996742 0.035637 -0.072353
33.84000015 -45.04700089 264.91799927 0.994718 0.056682 -0.085579
33.85800171 -45.34700012 265.21798706 0.998809 0.032354 -0.036529
33.85599899 -45.04700089 265.21798706 0.997168 0.067478 -0.033203
50.89300156 -42.34700012 269.11801147 -0.996897 0.013802 0.077501
33.82199860 -44.74700165 265.51800537 0.996770 0.063854 -0.048702
33.82199860 -44.44699860 265.51800537 0.995120 0.067522 -0.071950
33.84700012 -44.74700165 265.81799316 0.999736 0.021100 -0.009043
33.84999847 -44.44699860 265.81799316 0.996742 0.072353 -0.035637
47.81800079 -48.04700089 251.84800720 -0.003944 0.445632 0.895208
47.51800156 -48.04700089 251.84300232 0.008951 0.374681 0.927111
47.81800079 -48.34700012 252.00300598 0.001300 0.427862 0.903843
47.51800156 -48.34700012 251.96299744 -0.022380 0.414691 0.909687
47.21799850 -48.04700089 251.85400391 0.035090 0.367798 0.929243
46.91799927 -48.04700089 251.86500549 0.003890 0.411062 0.911599
47.21799850 -48.34700012 251.98899841 0.057891 0.413312 0.908747
46.91799927 -48.34700012 252.00100708 0.035685 0.405757 0.913284
46.61800003 -49.24700165 252.38699341 0.022384 0.420038 0.907230
46.31800079 -49.24700165 252.39599609 0.032774 0.386735 0.921608
46.61800003 -49.54700089 252.52400208 0.014399 0.414943 0.909733
33.82699966 -44.74700165 266.11801147 0.997945 -0.030755 0.056207
33.84400177 -44.44699860 266.11801147 0.999794 0.011031 0.017048
33.81299973 -44.74700165 266.41799927 0.995936 0.013937 -0.088980
33.84000015 -44.44699860 266.41799927 0.998259 -0.028461 -0.051652
46.01800156 -49.24700165 252.40800476 -0.006484 0.411057 0.911587
45.71799850 -49.24700165 252.39199829 -0.048928 0.384812 0.921697
50.10699844 -46.54700089 251.71800232 -0.955908 0.018549 0.293079
50.07799911 -46.24700165 251.71800232 -0.933237 -0.164526 0.319374
50.12500000 -46.54700089 252.01800537 -0.983017 -0.146665 0.110302
50.12699890 -46.24700165 252.01800537 -0.979228 -0.119478 0.163821
33.84299850 -44.14699936 266.71798706 0.992849 0.112798 -0.039089
33.80699921 -43.84700012 266.71798706 0.996437 0.084011 0.007444
33.85300064 -44.14699936 267.01800537 0.990673 0.136148 -0.005534
33.80400085 -43.84700012 267.01800537 0.995481 0.090300 -0.029375
50.17399979 -46.54700089 252.31799316 -0.973568 -0.145592 0.175977
50.17699814 -46.24700165 252.31799316 -0.985069 -0.082188 0.151274
50.23199844 -46.54700089 252.61799622 -0.975455 -0.188596 0.113657
50.21900177 -46.24700165 252.61799622 -0.995637 -0.024918 0.089922
33.84700012 -44.14699936 267.31799316 0.993356 0.075545 -0.086820
33.82500076 -43.84700012 267.31799316 0.992612 0.048338 -0.111289
33.90499878 -44.14699936 267.61801147 0.990420 0.105413 -0.089196
33.87099838 -43.84700012 267.61801147 0.985629 0.091770 -0.141826
38.51800156 -57.69599915 256.51800537 0.347300 0.878109 0.329101
38.81800079 -57.77500153 256.51800537 0.230573 0.909239 0.346584
38.51800156 -57.78099823 256.81799316 0.425963 0.902280 -0.066684
38.81800079 -57.88600159 256.81799316 0.124432 0.992154 0.012113
50.12400055 -45.94699860 252.31799316 -0.939296 -0.226823 0.257437
50.03300095 -45.64699936 252.31799316 -0.921516 -0.312887 0.230022
50.21699905 -45.94699860 252.61799622 -0.964077 -0.103706 0.244540
50.15499878 -45.64699936 252.61799622 -0.906061 -0.332271 0.262011
50.27500153 -45.94699860 252.91799927 -0.997995 -0.041450 0.047827
50.20600128 -45.64699936 252.91799927 -0.985607 -0.164074 0.040728
50.24499893 -45.94699860 253.21800232 -0.994321 -0.103917 -0.022971
50.18000031 -45.64699936 253.21800232 -0.972511 -0.215422 0.088410
50.17699814 -45.34700012 252.91799927 -0.974240 -0.093318 -0.205300
49.91799927 -45.07799911 252.91799927 -0.657856 -0.731462 0.179415
50.11399841 -45.34700012 253.21800232 -0.926530 -0.362201 0.101742
49.96599960 -45.04700089 253.21800232 -0.866720 -0.477639 0.143727
49.91799927 -45.00400162 253.21800232 -0.742811 -0.641309 0.192239
40.61800003 -54.04700089 254.60000610 0.104404 0.421793 0.900661
40.31800079 -54.04700089 254.64599609 0.095026 0.409023 0.907563
37.91799927 -56.14699936 255.63200378 -0.032921 0.401638 0.915207
38.21799850 -55.84700012 255.48500061 0.063203 0.396699 0.915770
37.91799927 -55.84700012 255.50799561 0.006517 0.423590 0.905831
38.21799850 -56.14699936 255.60200500 0.073606 0.373381 0.924753
38.21799850 -56.44699860 255.72700500 0.115454 0.402002 0.908331
37.91799927 -56.44699860 255.76800537 0.041587 0.427947 0.902847
38.21799850 -56.74700165 255.86700439 0.120506 0.383680 0.915570
37.91799927 -56.74700165 255.91499329 0.008989 0.383961 0.923305
37.61800003 -56.44699860 255.75399780 -0.035072 0.362411 0.931358
37.31800079 -56.44699860 255.74600220 -0.022268 0.407374 0.912990
37.61800003 -56.74700165 255.87300110 -0.057578 0.400365 0.914545
37.31800079 -56.74700165 255.87800598 0.066935 0.430295 0.900203
37.61800003 -57.21900177 256.21798706 0.563676 0.778410 0.276312
37.88399887 -57.34700012 256.21798706 0.403615 0.911871 -0.074744
37.61800003 -57.04700089 256.01599121 0.154393 0.577101 0.801946
37.31800079 -57.04700089 256.13101196 0.068182 0.982055 0.175837
50.51800156 -51.04700089 253.67999268 0.000978 0.999999 0.000978
50.59899902 -51.34700012 253.81799316 -0.943818 0.021479 0.329768
50.57400131 -51.04700089 253.81799316 -0.952589 -0.046932 0.300617
50.56900024 -50.74700165 253.81799316 -0.979792 0.058908 0.191150
50.60400009 -50.44699860 253.81799316 -0.984919 -0.001131 0.173011
50.49800110 -50.74700165 253.51800537 -0.959108 0.059391 0.276739
50.49800110 -50.44699860 253.51800537 -0.948558 -0.016247 0.316186
50.51800156 -49.53900146 254.71800232 0.000978 0.000978 -0.999999
50.56299973 -49.24700165 254.71800232 -0.944564 0.060898 -0.322629
50.51800156 -49.21400070 254.71800232 -0.944564 0.060898 -0.322629
50.51699829 -49.54700089 254.71800232 0.000978 0.000978 -0.999999
50.39599991 -47.74700165 256.51800537 -0.984778 -0.003408 0.173784
50.39500046 -47.44699860 256.51800537 -0.943802 0.044943 0.327441
50.44900131 -47.74700165 256.81799316 -0.965796 0.188480 0.178081
50.50899887 -47.44699860 256.81799316 -0.985641 0.084416 0.146241
50.42399979 -47.14699936 256.51800537 -0.961812 0.056577 0.267799
50.43099976 -46.84700012 256.51800537 -0.999525 0.017321 0.025472
50.50000000 -47.14699936 256.81799316 -0.978371 -0.115030 0.171926
50.43799973 -46.84700012 256.81799316 -0.984452 -0.128931 0.119291
43.61800003 -45.64699936 250.89799500 0.027703 0.410262 0.911547
43.31800079 -45.64699936 250.90899658 0.045978 0.374393 0.926130
43.61800003 -45.94699860 251.04499817 0.035379 0.381302 0.923773
43.31800079 -45.94699860 251.04200745 0.022262 0.402024 0.915358
50.52999878 -47.14699936 257.11801147 -0.996756 0.035560 0.072197
50.54299927 -47.14699936 257.41799927 -0.996461 -0.072647 0.042287
50.50400162 -46.84700012 257.11801147 -0.991334 -0.076785 0.106583
50.50199890 -46.84700012 257.41799927 -0.997568 -0.045976 0.052391
50.48400116 -46.54700089 257.11801147 -0.984973 -0.074853 0.155647
50.45800018 -46.24700165 257.11801147 -0.985178 -0.125997 0.116397
50.51599884 -46.54700089 257.41799927 -0.999339 -0.023574 0.027674
50.48799896 -46.24700165 257.41799927 -0.996104 -0.077293 0.042457
50.50000000 -46.54700089 257.71798706 -0.995076 -0.087055 -0.047385
50.48400116 -46.24700165 257.71798706 -0.998550 -0.049143 0.021958
50.48799896 -46.54700089 258.01800537 -0.981717 -0.123172 0.145123
50.50099945 -46.24700165 258.01800537 -0.996295 0.038027 0.077140
37.31800079 -40.71799850 259.81799316 0.599709 -0.717363 0.354596
37.61800003 -40.63299942 259.51800537 0.548372 -0.753401 0.362869
37.31800079 -40.83200073 259.51800537 0.543411 -0.757531 0.361733
51.11800003 -49.61100006 267.01800537 -0.871483 -0.457051 -0.177824
50.47000122 -45.94699860 257.71798706 -0.991821 -0.108427 0.067339
50.41899872 -45.64699936 257.71798706 -0.991367 -0.117504 0.058181
50.51100159 -45.94699860 258.01800537 -0.995772 -0.067118 0.062717
50.46099854 -45.64699936 258.01800537 -0.984384 -0.133741 0.114463
50.50799942 -45.94699860 258.31799316 -0.997261 -0.071157 -0.020179
50.48799896 -45.64699936 258.31799316 -0.997816 -0.064138 0.015772
50.49900055 -45.94699860 258.61801147 -0.987273 -0.135323 0.083548
50.47000122 -45.64699936 258.61801147 -0.996565 -0.020338 0.080282
50.47000122 -45.34700012 258.31799316 -0.983653 -0.152906 0.095115
50.39500046 -45.04700089 258.31799316 -0.981399 -0.140549 0.130772
50.48699951 -45.34700012 258.61801147 -0.996821 -0.029034 0.074197
50.45299911 -45.04700089 258.61801147 -0.974778 -0.150063 0.165195
43.01800156 -45.04700089 250.66799927 -0.014270 0.398259 0.917162
42.71799850 -45.04700089 250.66400146 0.014323 0.402348 0.915375
50.51499939 -45.34700012 258.91799927 -0.994457 -0.063618 0.083709
50.49700165 -45.04700089 258.91799927 -0.982486 -0.122963 0.140007
43.01800156 -45.34700012 250.79100037 0.001284 0.396706 0.917945
42.71799850 -45.34700012 250.80000305 0.040939 0.394864 0.917827
50.53699875 -45.34700012 259.21798706 -0.999827 0.011009 0.015012
50.53900146 -45.04700089 259.21798706 -0.996663 -0.037793 0.072347
50.43999863 -44.74700165 258.91799927 -0.970509 -0.141559 0.195122
50.40999985 -44.44699860 258.91799927 -0.995400 -0.018373 0.094028
50.51399994 -44.74700165 259.21798706 -0.978790 -0.139827 0.149726
50.45399857 -44.44699860 259.21798706 -0.987213 -0.102859 0.121776
50.53200150 -44.74700165 259.51800537 -0.995100 -0.095031 0.027308
50.53099823 -44.74700165 259.81799316 -0.997136 -0.073428 -0.018091
50.48300171 -44.44699860 259.51800537 -0.985543 -0.137379 0.099152
50.51499939 -44.44699860 259.81799316 -0.984109 -0.166979 0.060397
50.44900131 -44.14699936 259.51800537 -0.996475 -0.074817 -0.037951
50.43799973 -43.84700012 259.51800537 -0.994644 -0.083350 0.061123
50.42900085 -44.14699936 259.81799316 -0.989296 -0.140350 0.039937
50.43099976 -43.84700012 259.81799316 -0.997080 -0.050662 -0.057130
50.42499924 -43.54700089 260.11801147 -0.999494 0.023481 0.021440
50.41799927 -43.24700165 260.11801147 -0.993796 -0.064007 0.090958
50.41199875 -43.54700089 260.41799927 -0.995448 0.071655 0.062836
50.43500137 -43.24700165 260.41799927 -0.999587 0.021311 0.019281
50.46200180 -43.54700089 260.71798706 -0.987072 -0.012466 0.159790
50.42900085 -43.24700165 260.71798706 -0.995313 -0.095973 0.011862
50.50899887 -43.54700089 261.01800537 -0.990745 -0.098265 0.093641
50.44200134 -43.24700165 261.01800537 -0.983659 -0.165732 0.070346
50.40399933 -42.94699860 260.71798706 -0.999505 -0.015283 -0.027509
50.41999817 -42.64699936 260.71798706 -0.999494 0.031392 -0.005063
50.40800095 -42.94699860 261.01800537 -0.997711 -0.066234 0.013667
50.40200043 -42.64699936 261.01800537 -0.998070 -0.053978 -0.030694
50.42300034 -42.34700012 260.71798706 -0.987583 -0.143415 0.064129
50.19900131 -42.04700089 260.71798706 -0.900582 -0.378040 0.214563
50.37500000 -42.34700012 261.01800537 -0.994974 -0.091454 -0.040769
50.34799957 -42.04700089 261.01800537 -0.938156 -0.271023 0.215428
50.41199875 -42.94699860 261.31799316 -0.991232 -0.117488 0.060455
50.40100098 -42.64699936 261.31799316 -0.996674 -0.022530 0.078318
50.44400024 -42.94699860 261.61801147 -0.988079 -0.095166 0.121013
50.44900131 -42.64699936 261.61801147 -0.998203 -0.045421 0.039083
50.39799881 -42.34700012 261.31799316 -0.991340 -0.111168 0.069910
50.33399963 -42.04700089 261.31799316 -0.945772 -0.319570 0.058221
50.41699982 -42.34700012 261.61801147 -0.991334 -0.106583 0.076785
50.38399887 -42.04700089 261.61801147 -0.974319 -0.147471 0.170159
35.21799850 -50.75000000 268.81799316 0.468028 0.813893 -0.344278
35.21799850 -50.85800171 268.51800537 0.521173 0.796809 -0.305734
50.44400024 -42.34700012 261.91799927 -0.990118 0.023601 0.138234
50.43799973 -42.04700089 261.91799927 -0.987960 -0.042654 0.148713
50.50000000 -42.34700012 262.21798706 -0.990591 -0.056114 0.124826
50.47499847 -42.04700089 262.21798706 -0.990024 -0.084727 0.112582
35.81800079 -51.01800156 268.81799316 0.305846 0.843018 -0.442468
41.81800079 -44.14699936 250.32200623 0.024378 0.352846 0.935364
35.51800156 -50.90999985 268.81799316 0.385953 0.854056 -0.348753
50.41799927 -41.74700165 261.91799927 -0.971192 -0.133650 0.197293
50.21799850 -41.45299911 261.91799927 -0.885760 -0.446446 0.126945
50.21799850 -41.44699860 261.92599487 -0.792912 -0.522782 0.313033
41.51800156 -44.14699936 250.31500244 -0.006572 0.440356 0.897799
50.44800186 -41.74700165 262.21798706 -0.990532 -0.136740 0.012229
50.39199829 -41.44699860 262.21798706 -0.892997 -0.353323 0.278782
41.81800079 -43.84700012 250.19400024 0.027739 0.413445 0.910107
41.51800156 -43.84700012 250.16600037 -0.035820 0.409936 0.911411
35.81800079 -51.17699814 268.51800537 0.337829 0.831216 -0.441534
35.51800156 -51.05500031 268.51800537 0.319569 0.840234 -0.438044
38.21799850 -52.05599976 269.41799927 0.437167 0.835162 -0.333751
35.51800156 -51.22299957 268.21798706 0.450815 0.790138 -0.415267
38.21799850 -52.18299866 269.11801147 0.408530 0.831256 -0.376983
35.81800079 -51.38700104 268.21798706 0.380172 0.831331 -0.405412
37.91799927 -52.02099991 269.11801147 0.390648 0.851332 -0.350182
35.81800079 -51.51399994 267.91799927 0.309011 0.894190 -0.323939
35.51800156 -51.37099838 267.91799927 0.428144 0.835901 -0.343456
36.11800003 -51.49599838 268.21798706 0.294833 0.907969 -0.297767
36.41799927 -51.68399811 268.21798706 0.318988 0.910353 -0.263638
37.91799927 -51.90399933 269.41799927 0.355271 0.865876 -0.352195
36.11800003 -51.57699966 267.91799927 0.257571 0.902233 -0.345880
36.41799927 -51.77099991 267.91799927 0.319239 0.882068 -0.346473
37.31800079 -52.39300156 267.61801147 0.488605 0.837828 -0.243537
37.31800079 -52.46900177 267.31799316 0.433489 0.837244 -0.333333
37.61800003 -52.56100082 267.61801147 0.382660 0.870513 -0.309482
37.61800003 -52.62599945 267.31799316 0.451170 0.841875 -0.296129
38.21799850 -52.80599976 267.61801147 0.419031 0.836494 -0.353116
37.91799927 -52.65499878 267.61801147 0.348042 0.844353 -0.407350
37.91799927 -52.78900146 267.31799316 0.411385 0.821182 -0.395502
38.21799850 -52.92499924 267.31799316 0.412287 0.838683 -0.355852
38.81800079 -53.38700104 267.01800537 0.404719 0.836210 -0.370074
38.51800156 -53.24300003 267.01800537 0.385241 0.846906 -0.366525
38.51800156 -53.34199905 266.71798706 0.396140 0.843950 -0.361693
38.81800079 -53.52299881 266.71798706 0.436852 0.821282 -0.366956
40.31800079 -41.36399841 252.61799622 0.621026 -0.749299 0.229952
40.21799850 -41.44699860 252.61799622 0.000978 0.000978 0.999999
40.01800156 -41.60100174 252.61799622 0.613435 -0.714318 0.336820
40.31800079 -41.20000076 253.21800232 0.999999 0.000978 0.000978
40.31800079 -41.27199936 252.91799927 0.999999 -0.000978 -0.000978
40.01800156 -41.41799927 253.21800232 0.664573 -0.708564 0.237235
40.01800156 -41.48500061 252.91799927 0.999999 0.000978 0.000978
40.08499908 -41.14699936 253.81799316 0.594487 -0.733795 0.328831
39.11800003 -41.74700165 254.06300354 0.999999 0.000978 0.000978
39.54199982 -41.74700165 253.51800537 0.658660 -0.684553 0.312337
40.01800156 -41.20299911 253.81799316 0.626816 -0.750631 0.208939
39.71799850 -41.41500092 253.81799316 0.563511 -0.754039 0.337461
40.01800156 -41.28599930 253.51800537 0.631276 -0.732534 0.254725
39.85400009 -41.44699860 253.51800537 0.641827 -0.693823 0.326601
38.21799850 -41.26499939 256.81799316 0.999999 -0.000978 -0.000978
37.91799927 -41.50999832 256.81799316 0.492319 -0.808922 0.321353
38.21799850 -41.40800095 256.51800537 0.999999 0.000978 0.000978
37.91799927 -41.60499954 256.51800537 0.999999 -0.000978 -0.000978
37.61800003 -41.67599869 256.81799316 0.522907 -0.819067 0.236002
37.91799927 -41.27000046 257.41799927 0.631114 -0.726497 0.271840
37.91799927 -41.36800003 257.11801147 0.999999 -0.000978 -0.000978
37.31800079 -41.80699921 257.11801147 0.999999 -0.000978 -0.000978
37.70299911 -41.44699860 257.41799927 0.605409 -0.737090 0.300296
37.31800079 -41.74200058 257.41799927 0.999999 -0.000978 -0.000978
37.61800003 -41.62599945 257.11801147 0.578922 -0.785791 0.217675
37.01800156 -41.65200043 258.01800537 0.999999 -0.000978 -0.000978
34.91799927 -41.75899887 261.61801147 0.999999 -0.000978 -0.000978
34.91799927 -41.90900040 261.31799316 0.999999 -0.000978 -0.000978
40.91199875 -36.34700012 263.71798706 0.729586 0.624219 -0.279382
40.91799927 -36.22000122 264.01800537 0.614918 -0.730516 0.297023
41.21799850 -36.09000015 263.71798706 0.614918 -0.730516 0.297023
40.31800079 -36.42900085 264.61801147 0.650743 -0.676838 0.344127
40.31800079 -36.55899811 264.31799316 0.999999 -0.000978 -0.000978
40.61800003 -36.26300049 264.31799316 0.614056 -0.689784 0.383579
40.61800003 -35.93799973 265.21798706 0.759932 -0.614446 0.212038
40.31800079 -36.25500107 264.91799927 0.692377 -0.646975 0.319434
40.01800156 -54.51900101 265.81799316 0.413373 0.837749 -0.356790
39.71799850 -54.39599991 265.81799316 0.317697 0.877087 -0.360259
39.71799850 -54.59799957 265.51800537 -0.000978 -0.000978 -0.999999
40.01800156 -54.68199921 265.51800537 0.299798 0.817773 -0.491292
40.61800003 -55.10200119 265.21798706 0.396611 0.801250 -0.447994
40.31800079 -54.97000122 265.21798706 0.351705 0.842530 -0.407978
40.31800079 -55.10800171 264.91799927 0.385241 0.846906 -0.366525
40.61800003 -55.27099991 264.91799927 0.409309 0.817025 -0.406124
36.79100037 -57.04700089 256.81799316 0.297687 0.948629 -0.107167
36.71799850 -56.97200012 256.51800537 0.412451 0.902324 0.125284
37.01800156 -57.10900116 256.51800537 0.358791 0.918787 0.164622
40.01800156 -52.58499908 270.31799316 0.425680 0.814692 -0.393794
50.20800018 -42.04700089 260.41799927 -0.868304 -0.480797 0.121993
50.33700180 -42.34700012 260.41799927 -0.919957 -0.305695 0.245417
49.91799927 -41.77999878 260.11801147 -0.759232 -0.562573 0.327227
50.11600113 -42.04700089 260.11801147 -0.810376 -0.494440 0.314356
50.26499939 -42.34700012 260.11801147 -0.915911 -0.368340 0.159473
50.40499878 -42.64699936 260.41799927 -0.983781 -0.143644 0.107431
50.42499924 -42.94699860 260.41799927 -0.998304 -0.049546 0.030571
50.35400009 -42.64699936 260.11801147 -0.965483 -0.196745 0.170686
50.38600159 -42.94699860 260.11801147 -0.993295 -0.106145 0.045810
49.91799927 -41.96799850 259.81799316 -0.596784 -0.726874 0.339858
50.23300171 -42.34700012 259.81799316 -0.971453 -0.212938 0.104579
50.00899887 -42.34700012 259.51800537 -0.881334 -0.459765 0.108929
50.29899979 -42.64699936 259.81799316 -0.949301 -0.261362 0.174693
50.39799881 -42.94699860 259.81799316 -0.990466 -0.135726 0.023556
50.24399948 -42.64699936 259.51800537 -0.826337 -0.468832 0.312032
50.37200165 -42.94699860 259.51800537 -0.946832 -0.231570 0.223348
50.38000107 -43.24700165 259.81799316 -0.998940 -0.001022 0.046011
50.39899826 -43.54700089 259.81799316 -0.995502 -0.084513 0.042806
50.38999939 -43.24700165 259.51800537 -0.997801 -0.045790 0.047920
50.39899826 -43.54700089 259.51800537 -0.996222 -0.079134 0.035773
50.35100174 -43.24700165 259.21798706 -0.973985 -0.198798 0.108776
50.37799835 -43.54700089 259.21798706 -0.994547 -0.070321 0.077019
50.32400131 -43.24700165 258.91799927 -0.944502 -0.313951 0.096702
50.35300064 -43.54700089 258.91799927 -0.993356 -0.082497 0.080237
50.39400101 -43.84700012 259.21798706 -0.986909 -0.122031 0.105444
50.45199966 -44.14699936 259.21798706 -0.994381 -0.100209 0.034137
50.37400055 -43.84700012 258.91799927 -0.985520 -0.125735 0.113760
50.42900085 -44.14699936 258.91799927 -0.995424 -0.060629 0.073858
50.29100037 -43.24700165 258.61801147 -0.964132 -0.253985 0.077080
50.32899857 -43.54700089 258.61801147 -0.992720 -0.055214 0.107047
50.27700043 -43.24700165 258.31799316 -0.965363 -0.255354 0.053562
50.28900146 -43.54700089 258.31799316 -0.996075 -0.087036 0.016118
50.32500076 -43.84700012 258.61801147 -0.988362 -0.131859 0.075848
50.40800095 -44.14699936 258.61801147 -0.991496 -0.123230 0.041831
50.32899857 -43.84700012 258.31799316 -0.981506 -0.188796 0.031661
50.40399933 -44.14699936 258.31799316 -0.995200 -0.058541 0.078423
50.39799881 -44.44699860 258.61801147 -0.996853 0.022485 0.076022
50.39400101 -44.74700165 258.61801147 -0.991762 -0.090577 0.090577
50.36399841 -44.44699860 258.31799316 -0.998730 0.032352 0.038613
50.38499832 -44.74700165 258.31799316 -0.998670 -0.050710 -0.009314
50.37500000 -44.44699860 258.01800537 -0.995934 -0.062589 -0.064785
50.40000153 -44.74700165 258.01800537 -0.999288 0.003050 0.037613
50.40299988 -44.44699860 257.71798706 -0.998329 0.053426 -0.021999
50.36199951 -44.74700165 257.71798706 -0.996338 0.013883 -0.084363
50.37300110 -45.04700089 258.01800537 -0.998844 -0.048051 0.001022
50.42900085 -45.34700012 258.01800537 -0.982744 -0.144557 0.115403
50.39500046 -45.04700089 257.71798706 -0.995757 -0.060516 -0.069318
50.39899826 -45.34700012 257.71798706 -0.996550 -0.040122 0.072654
50.41500092 -45.04700089 257.41799927 -0.994066 0.108776 -0.001077
50.38499832 -45.34700012 257.41799927 -0.998541 -0.017701 -0.051020
50.39500046 -45.04700089 257.11801147 -0.976113 -0.171226 0.133731
50.42900085 -45.34700012 257.11801147 -0.999139 -0.034026 -0.023715
50.42599869 -45.64699936 257.41799927 -0.989979 -0.141108 0.005555
50.47000122 -45.94699860 257.41799927 -0.989376 -0.101624 0.103960
50.41500092 -45.64699936 257.11801147 -0.990487 0.037355 0.132442
50.40700150 -45.94699860 257.11801147 -0.979626 -0.071444 0.187691
50.34600067 -45.64699936 256.81799316 -0.994937 0.074315 0.067660
50.35499954 -45.94699860 256.81799316 -0.991878 -0.118484 0.046265
50.37500000 -45.64699936 256.51800537 -0.999038 0.017527 -0.040209
50.37900162 -45.94699860 256.51800537 -0.994003 -0.077324 -0.077324
50.41699982 -46.24700165 256.81799316 -0.991941 -0.110216 0.062493
50.42100143 -46.54700089 256.81799316 -0.996032 -0.035844 0.081464
50.42100143 -46.24700165 256.51800537 -0.995489 -0.093833 -0.014021
50.43500137 -46.54700089 256.51800537 -0.992886 -0.016530 -0.117912
42.41799927 -38.58000183 258.61801147 -0.406306 -0.882563 0.236640
42.11800003 -38.45600128 258.61801147 -0.388319 -0.888225 0.245489
42.41799927 -38.66400146 258.31799316 -0.369842 -0.875140 0.312006
42.11800003 -38.54299927 258.31799316 -0.368580 -0.883088 0.290351
41.81800079 -38.31800079 258.61801147 -0.353111 -0.917522 0.182937
41.81800079 -38.41400146 258.31799316 -0.378313 -0.881725 0.281851
41.81800079 -38.60300064 258.01800537 -0.160554 -0.956692 0.242822
41.81800079 -38.67900085 257.71798706 -0.370516 -0.900661 0.226996
49.61800003 -49.84700012 256.25900269 -0.669283 -0.237792 0.703928
51.15000153 -46.84700012 269.41799927 -0.998212 -0.007286 0.059331
51.15900040 -47.14699936 269.41799927 -0.996194 -0.081300 -0.031436
51.13800049 -46.84700012 269.11801147 -0.992232 -0.124166 0.007692
51.18600082 -47.14699936 269.11801147 -0.991558 -0.126606 -0.028010
51.13299942 -46.84700012 268.21798706 -0.998708 -0.030327 0.040785
51.11899948 -46.84700012 267.91799927 -0.990240 -0.103078 0.093812
51.12799835 -47.14699936 267.91799927 -0.997204 -0.022349 0.071305
51.11600113 -47.14699936 268.21798706 -0.998614 0.030388 0.042962
51.05899811 -46.24700165 268.21798706 -0.991935 -0.099308 0.078761
51.09799957 -46.54700089 268.21798706 -0.992181 -0.121651 0.027902
51.02500153 -46.24700165 267.91799927 -0.995603 -0.071507 0.060506
51.06600189 -46.54700089 267.91799927 -0.985677 -0.154639 0.067286
46.91799927 -55.54700089 260.71798706 -0.410704 0.901856 -0.134079
46.91799927 -55.35900116 261.01800537 -0.403956 0.812702 -0.419923
47.21799850 -55.24700165 260.94601440 -0.488258 0.656045 -0.575507
47.41400146 -55.24700165 260.71798706 -0.750608 0.559309 -0.351797
47.21799850 -55.43399811 260.71798706 -0.445221 0.750797 -0.487936
50.55799866 -49.54700089 254.11799622 -0.999756 -0.011075 -0.019129
50.54499817 -49.24700165 254.11799622 -0.982189 -0.043627 0.182760
50.63899994 -49.24700165 254.41799927 -0.999831 0.006992 -0.016980
50.51800156 -48.96200180 254.41799927 -0.918979 -0.389262 -0.062870
50.51300049 -49.54700089 254.41799927 -0.988078 0.118946 -0.097748
51.02299881 -46.24700165 267.61801147 -0.993295 -0.106145 0.045810
51.05699921 -46.54700089 267.61801147 -0.992275 -0.087721 0.087721
50.99800110 -46.24700165 267.31799316 -0.995025 -0.078759 -0.061010
51.01300049 -46.54700089 267.31799316 -0.995084 -0.065451 0.074326
50.96699905 -45.64699936 267.61801147 -0.990799 -0.053588 0.124277
50.99300003 -45.94699860 267.61801147 -0.991265 -0.093255 0.093255
50.94100189 -45.64699936 267.31799316 -0.998507 -0.054614 -0.001030
50.96599960 -45.94699860 267.31799316 -0.995286 -0.095970 -0.014018
51.05899811 -46.24700165 267.01800537 -0.995832 -0.018302 -0.089356
51.01200104 -46.54700089 267.01800537 -0.997687 0.045883 -0.050151
51.05099869 -46.24700165 266.71798706 -0.969343 -0.118461 0.215268
51.04299927 -46.54700089 266.71798706 -0.998840 0.001024 0.048149
50.96799850 -45.64699936 267.01800537 -0.993614 -0.110889 0.020860
51.00099945 -45.94699860 267.01800537 -0.988498 -0.151129 -0.005597
50.92900085 -45.64699936 266.71798706 -0.988486 -0.138225 0.061563
50.97000122 -45.94699860 266.71798706 -0.977964 -0.199461 0.061652
50.42599869 -46.24700165 256.21798706 -0.988640 -0.149589 0.014622
50.49200058 -46.54700089 256.21798706 -0.999720 0.005024 -0.023109
50.41199875 -46.24700165 255.91799927 -0.991674 -0.120991 0.044100
50.44900131 -46.54700089 255.91799927 -0.982485 -0.177014 0.058213
50.42300034 -46.84700012 256.21798706 -0.895352 0.368500 0.250106
50.26699829 -46.84700012 255.91799927 -0.921977 0.038142 0.385363
50.27500153 -47.14699936 255.91799927 -0.921977 0.038142 0.385363
50.53200150 -48.94699860 254.11799622 -0.998003 -0.053975 -0.032808
50.46500015 -48.64699936 253.51800537 -0.976504 -0.178340 0.120972
50.50199890 -48.94699860 253.51800537 -0.985892 -0.059929 0.156286
50.53699875 -48.94699860 253.81799316 -0.998541 -0.017701 0.051020
43.61800003 -53.05199814 272.41799927 -0.409315 0.863088 -0.295872
50.50099945 -49.24700165 253.51800537 -0.995634 -0.007486 0.093040
50.50600052 -49.54700089 253.51800537 -0.995054 -0.047489 0.087247
50.52899933 -49.24700165 253.81799316 -0.997096 0.020219 0.073425
50.52500153 -49.54700089 253.81799316 -0.996092 -0.016083 0.086850
50.47299957 -49.24700165 253.21800232 -0.972537 -0.083218 0.217361
50.47200012 -49.54700089 253.21800232 -0.982372 -0.033956 0.183829
50.36700058 -49.24700165 252.91799927 -0.955437 0.089451 0.281316
50.39500046 -49.54700089 252.91799927 -0.961162 -0.056539 0.270131
50.53900146 -49.84700012 253.81799316 -0.996742 -0.072353 0.035637
50.56900024 -50.14699936 253.81799316 -0.982118 -0.108045 0.154177
50.52999878 -49.84700012 253.51800537 -0.996645 0.029091 0.076499
50.49300003 -49.84700012 253.21800232 -0.977712 0.022408 0.208752
50.45899963 -50.14699936 253.21800232 -0.982381 0.144862 0.118080
50.40200043 -49.84700012 252.91799927 -0.891663 0.096283 0.442343
43.01800156 -52.73799896 273.01800537 0.131891 0.920461 -0.367907
42.71799850 -52.64099884 273.01800537 0.323600 0.925582 -0.196421
42.71799850 -52.82099915 272.71798706 -0.000978 -0.000978 -0.999999
43.01800156 -52.88499832 272.71798706 0.125284 0.902324 -0.412451
50.06399918 -41.14699936 261.91799927 -0.828458 -0.394429 0.397597
49.91799927 -40.86600113 262.21798706 -0.737010 -0.675708 0.015325
50.22000122 -41.14699936 262.21798706 -0.006896 -0.999972 0.002956
49.91799927 -40.85900116 262.51800537 -0.737010 -0.675708 0.015325
50.21799850 -41.14599991 262.51800537 -0.877412 -0.348227 0.329980
50.43799973 -41.14699936 262.81799316 -0.997609 0.039562 0.056670
49.91799927 -40.59799957 262.81799316 -0.537959 -0.675381 0.504441
50.24100113 -40.84700012 262.81799316 -0.669695 -0.609871 0.423752
49.91799927 -40.42800140 263.11801147 -0.511660 -0.760134 0.400501
50.21799850 -40.54700089 263.31799316 -0.999999 -0.000978 -0.000978
49.91799927 -40.27600098 263.41799927 -0.999999 -0.000978 -0.000978
50.21799850 -40.51499939 263.41799927 -0.999159 -0.037995 0.015403
34.01800156 -52.54700089 254.23899841 0.541393 0.257435 0.800388
33.88299942 -52.54700089 254.41799927 0.869853 0.362311 0.334794
33.75899887 -52.24700165 254.41799927 0.925434 0.367193 0.093492
48.71799850 -52.02700043 265.81799316 -0.642194 0.748467 -0.165483
48.71799850 -52.09299850 265.51800537 -0.999412 0.033551 -0.007117
34.61800003 -52.54700089 254.13600159 0.006525 0.426730 0.904355
33.46699905 -47.74700165 252.31799316 0.919110 -0.117128 0.376188
33.41799927 -47.74700165 252.41099548 -0.000978 0.999999 -0.000978
33.50099945 -47.44699860 252.31799316 0.917090 -0.030176 0.397537
33.41799927 -47.44699860 252.48100281 0.935037 -0.182006 0.304269
33.34199905 -47.74700165 252.61799622 0.990067 -0.014543 0.139840
34.01800156 -52.24700165 254.04200745 0.102962 0.388509 0.915674
33.38000107 -47.74700165 252.91799927 0.000978 -0.999999 0.000978
33.41799927 -47.31700134 252.91799927 0.953194 -0.248018 0.172942
33.36500168 -47.74700165 253.21800232 0.986351 0.155248 0.054862
33.33000183 -47.44699860 253.21800232 0.990034 -0.044534 0.133603
34.01800156 -52.84700012 254.38600159 0.478703 0.357026 0.802107
33.34700012 -47.74700165 253.51800537 0.997075 0.071601 -0.026717
33.33100128 -47.44699860 253.51800537 0.990708 -0.104953 -0.086500
34.01800156 -53.14699936 254.55000305 0.452909 0.532542 0.715033
33.38100052 -47.74700165 253.81799316 0.996852 0.015958 -0.077663
33.38199997 -47.44699860 253.81799316 0.985852 0.012508 -0.167151
33.39400101 -47.74700165 254.11799622 0.997174 -0.007371 -0.074762
33.43199921 -47.44699860 254.11799622 0.997764 0.052289 -0.041618
33.42599869 -47.74700165 254.41799927 0.995790 0.062580 -0.066972
33.40700150 -47.44699860 254.41799927 0.998650 0.048841 0.017666
33.43399811 -47.74700165 254.71800232 0.998755 0.046671 -0.017631
33.42200089 -47.44699860 254.71800232 0.995093 0.054117 -0.082832
33.43600082 -47.74700165 255.01800537 0.997353 0.005255 -0.072516
33.45700073 -47.44699860 255.01800537 0.998586 0.007229 -0.052666
33.40200043 -47.14699936 254.71800232 0.996402 0.062071 -0.057715
33.38499832 -46.84700012 254.71800232 0.997792 -0.045888 -0.048022
33.43199921 -47.14699936 255.01800537 0.993094 0.102346 -0.057359
33.39500046 -46.84700012 255.01800537 0.996549 0.059771 -0.057598
33.47800064 -47.74700165 255.31799316 0.997082 0.067617 -0.035418
33.45299911 -47.44699860 255.31799316 0.997461 0.068900 0.018020
33.45700073 -47.74700165 255.61799622 0.995375 0.090687 0.031686
33.44599915 -47.44699860 255.61799622 0.998982 0.009240 -0.044148
33.43600082 -47.14699936 255.31799316 0.997869 0.056323 -0.032943
33.41899872 -46.84700012 255.31799316 0.999626 0.027180 0.003020
33.45199966 -47.14699936 255.61799622 0.994790 0.087613 -0.052124
33.39300156 -46.84700012 255.61799622 0.997737 0.054422 0.039483
50.69100189 -42.34700012 266.71798706 -0.993903 -0.106765 -0.027517
50.67900085 -42.04700089 266.71798706 -0.998366 -0.005173 -0.056902
50.68600082 -42.34700012 267.01800537 -0.987787 -0.152231 0.033193
50.66500092 -42.04700089 267.01800537 -0.998487 -0.028289 0.047148
33.46699905 -47.14699936 255.91799927 0.990424 0.138019 0.003312
33.39599991 -46.84700012 255.91799927 0.996065 0.068883 -0.055762
33.45000076 -47.14699936 256.21798706 0.987942 0.154331 -0.012392
33.42599869 -46.84700012 256.21798706 0.998560 0.034650 -0.040950
33.45899963 -47.74700165 255.91799927 0.992636 0.066932 -0.100965
33.47900009 -47.44699860 255.91799927 0.992660 -0.014323 -0.120089
33.51800156 -47.74700165 256.21798706 0.993285 0.050392 -0.104144
33.51900101 -47.44699860 256.21798706 0.992727 0.113039 -0.041410
50.71099854 -42.34700012 267.31799316 -0.992893 -0.075854 0.091704
50.70700073 -42.04700089 267.31799316 -0.993504 -0.054884 0.099686
50.74100113 -42.34700012 267.61801147 -0.994949 -0.056443 0.083005
50.72499847 -42.04700089 267.61801147 -0.997901 -0.045795 0.045795
50.76699829 -42.94699860 266.71798706 -0.991309 -0.125468 -0.039562
50.74300003 -42.64699936 266.71798706 -0.991844 -0.126877 -0.012136
50.77999878 -42.94699860 267.01800537 -0.993812 -0.101273 0.045629
50.75699997 -42.64699936 267.01800537 -0.987767 -0.155010 0.016972
50.79399872 -42.94699860 267.31799316 -0.991431 -0.113208 0.065181
50.75299835 -42.64699936 267.31799316 -0.990424 -0.138019 0.003312
50.81999969 -42.94699860 267.61801147 -0.997063 -0.071754 0.026774
50.75899887 -42.64699936 267.61801147 -0.986077 -0.129967 0.103735
44.21799850 -57.12500000 261.61801147 -0.459786 0.830126 -0.315416
43.91799927 -57.29100037 261.61801147 -0.507761 0.789672 -0.344380
44.21799850 -57.30199814 261.31799316 -0.440699 0.842468 -0.309891
33.52099991 -47.74700165 256.51800537 0.996672 0.068325 -0.044465
33.50400162 -47.44699860 256.51800537 0.996222 0.079134 -0.035773
33.54499817 -47.74700165 256.81799316 0.996033 0.024874 -0.085436
33.54000092 -47.44699860 256.81799316 0.992717 0.046094 -0.111301
50.81000137 -42.94699860 267.91799927 -0.999936 0.002967 0.010880
50.81600189 -42.64699936 267.91799927 -0.989226 -0.080396 0.122342
50.82600021 -42.94699860 268.21798706 -0.996990 0.007401 0.077179
50.83300018 -42.64699936 268.21798706 -0.995081 -0.042977 0.089260
33.47399902 -47.14699936 256.51800537 0.984669 0.135858 -0.109408
33.42100143 -46.84700012 256.51800537 0.993823 0.063865 -0.090755
33.51699829 -47.14699936 256.81799316 0.986743 0.098319 -0.129118
33.47999954 -46.84700012 256.81799316 0.981736 0.100722 -0.161398
50.87799835 -43.54700089 267.91799927 -0.981487 -0.185879 0.046174
50.81399918 -43.24700165 267.91799927 -0.992600 -0.113280 0.043742
50.86199951 -43.54700089 268.21798706 -0.986394 -0.164210 -0.007927
44.51800156 -56.92900085 261.61801147 -0.592689 0.749248 -0.295546
50.82799911 -43.24700165 268.21798706 -0.994348 -0.059148 0.088163
44.81800079 -56.85300064 261.31799316 0.079984 0.945381 -0.316001
44.51800156 -57.04700089 261.31799316 -0.999999 0.000978 0.000978
50.87300110 -43.54700089 268.51800537 -0.998017 -0.056092 0.028575
50.86700058 -43.24700165 268.51800537 -0.992274 -0.025614 0.121389
50.87900162 -43.54700089 268.81799316 -0.998223 0.015679 0.057489
50.90200043 -43.24700165 268.81799316 -0.986951 0.052312 0.152286
33.55199814 -47.14699936 257.11801147 0.992270 0.085442 -0.089999
33.51900101 -46.84700012 257.11801147 0.987829 0.102678 -0.116840
33.57099915 -47.14699936 257.41799927 0.998214 0.026296 -0.053645
33.55099869 -46.84700012 257.41799927 0.993813 0.095236 -0.057141
34.91799927 -53.74700165 254.61900330 0.032649 0.382648 0.923317
50.95399857 -44.14699936 268.51800537 -0.995751 -0.077776 -0.049295
35.21799850 -53.74700165 254.61999512 0.011470 0.363222 0.931632
50.90100098 -43.84700012 268.51800537 -0.989446 -0.132464 -0.058745
34.91799927 -53.44699860 254.49400330 0.029666 0.359858 0.932535
50.92100143 -44.14699936 268.81799316 -0.988970 -0.147389 0.014626
35.21799850 -53.44699860 254.50700378 -0.001269 0.366791 0.930303
50.89300156 -43.84700012 268.81799316 -0.997558 -0.069839 0.001042
50.96300125 -44.14699936 269.11801147 -0.965170 -0.243524 0.095624
50.90100098 -43.84700012 269.11801147 -0.994408 -0.094230 0.047670
50.97999954 -44.14699936 269.41799927 -0.969295 -0.238919 0.058182
50.92100143 -43.84700012 269.41799927 -0.984091 -0.087501 0.154626
44.81800079 -56.95299911 261.01800537 -0.999999 0.000978 0.000978
44.51800156 -57.15200043 261.01800537 -0.999999 0.000978 0.000978
44.81800079 -57.09299850 260.71798706 -0.999999 -0.000978 -0.000978
44.51800156 -57.32099915 260.71798706 -0.999999 -0.000978 -0.000978
33.58399963 -47.14699936 257.71798706 0.997609 0.039562 -0.056670
33.55300140 -46.84700012 257.71798706 0.990177 0.133315 -0.042159
33.60499954 -47.14699936 258.01800537 0.997154 0.069619 -0.028919
33.57699966 -46.84700012 258.01800537 0.992820 0.073752 -0.094176
45.11800003 -56.77000046 261.01800537 -0.525142 0.754176 -0.394265
45.11800003 -56.88999939 260.71798706 -0.999999 -0.000978 -0.000978
44.81800079 -57.19800186 260.41799927 -0.999999 -0.000978 -0.000978
44.81800079 -57.34700012 260.11801147 -0.999999 -0.000978 -0.000978
33.60200119 -47.14699936 258.31799316 0.999368 0.019475 0.029725
33.61000061 -46.84700012 258.31799316 0.995718 0.038255 -0.084161
33.58700180 -47.14699936 258.61801147 0.999892 -0.012960 0.006978
33.62799835 -46.84700012 258.61801147 0.999319 -0.035726 -0.009187
45.41799927 -56.75500107 260.41799927 -0.999999 -0.000978 -0.000978
45.11800003 -56.95500183 260.41799927 -0.999999 -0.000978 -0.000978
45.41799927 -56.88999939 260.11801147 -0.999999 0.000978 0.000978
45.11800003 -57.07199860 260.11801147 -0.567899 0.740384 -0.359615
33.59799957 -47.14699936 258.91799927 0.995016 0.029555 -0.095233
33.61600113 -46.84700012 258.91799927 0.999815 -0.009007 -0.017014
33.64400101 -47.14699936 259.21798706 0.992394 0.001089 -0.123096
33.63800049 -46.84700012 259.21798706 0.992567 0.113533 -0.043839
33.67300034 -47.14699936 259.51800537 0.994173 0.047765 -0.096640
33.64300156 -46.84700012 259.51800537 0.988727 0.113768 -0.097348
33.70199966 -47.14699936 259.81799316 0.997486 0.039557 -0.058801
33.69699860 -46.84700012 259.81799316 0.993851 0.066257 -0.088717
33.60400009 -46.54700089 259.51800537 0.986863 0.076455 -0.142325
33.59600067 -46.24700165 259.51800537 0.990748 0.126551 -0.049024
33.66199875 -46.54700089 259.81799316 0.990305 0.082044 -0.112088
33.64799881 -46.24700165 259.81799316 0.974198 0.196340 -0.111301
35.51800156 -53.74700165 254.61199951 -0.019752 0.420062 0.907281
35.81800079 -53.74700165 254.63299561 -0.011580 0.379559 0.925095
35.51800156 -53.44699860 254.49499512 0.008874 0.356245 0.934350
35.81800079 -53.44699860 254.50199890 0.033348 0.428192 0.903072
33.67100143 -46.54700089 260.11801147 0.998259 0.055517 -0.019902
33.66400146 -46.24700165 260.11801147 0.991865 0.122439 -0.034822
33.67399979 -46.54700089 260.41799927 0.998550 0.047052 -0.026140
33.66899872 -46.24700165 260.41799927 0.997312 0.067343 0.028861
33.72999954 -47.14699936 260.41799927 0.996285 0.042372 -0.074966
33.70800018 -47.14699936 260.11801147 0.998346 0.032612 -0.047340
33.69699860 -46.84700012 260.11801147 0.998136 0.061026 0.001034
33.69699860 -46.84700012 260.41799927 0.994740 0.091839 -0.045366
45.45700073 -56.44699860 261.01800537 -0.607312 0.714772 -0.346803
45.41799927 -56.62200165 260.71798706 -0.607791 0.721245 -0.332259
33.68700027 -46.54700089 260.71798706 0.991060 0.129367 -0.032623
33.64699936 -46.24700165 260.71798706 0.994521 0.103256 0.016304
33.69400024 -46.54700089 261.01800537 0.992991 0.100542 -0.062133
33.65900040 -46.24700165 261.01800537 0.996793 0.042118 -0.068037
33.75299835 -47.14699936 260.71798706 0.998216 0.015712 -0.057610
33.72499847 -46.84700012 260.71798706 0.993127 0.110347 -0.039012
33.76499939 -47.14699936 261.01800537 0.992530 0.115515 -0.039253
33.72000122 -46.84700012 261.01800537 0.991850 0.116755 -0.051009
33.72499847 -46.54700089 261.31799316 0.989318 0.113032 -0.092057
33.75000000 -46.54700089 261.61801147 0.992193 0.096827 -0.078601
33.68799973 -46.24700165 261.31799316 0.993998 0.075082 -0.079565
33.70700073 -46.24700165 261.61801147 0.992567 0.113533 -0.043839
36.11800003 -53.74700165 254.61999512 0.058634 0.440434 0.895868
36.41799927 -53.74700165 254.59300232 0.061724 0.456755 0.887449
36.11800003 -53.44699860 254.47200012 0.083709 0.418544 0.904330
36.41799927 -53.44699860 254.44700623 0.017034 0.412755 0.910683
33.77299881 -46.54700089 261.91799927 0.992283 0.112014 -0.053178
33.78200150 -46.54700089 262.21798706 0.996913 0.072053 -0.031187
33.75500107 -46.24700165 262.21798706 0.992495 0.089813 -0.082992
33.71500015 -46.24700165 261.91799927 0.987392 0.137366 -0.078663
33.79199982 -46.54700089 262.51800537 0.995992 0.077454 -0.044727
33.76499939 -46.24700165 262.51800537 0.996943 0.057370 -0.053040
33.80899811 -46.54700089 262.81799316 0.992395 0.107500 -0.059974
33.78699875 -46.24700165 262.81799316 0.996103 0.064512 -0.060138
33.82799911 -46.54700089 263.11801147 0.994949 0.095226 -0.031742
33.80099869 -46.24700165 263.11801147 0.995025 0.061010 -0.078759
33.82799911 -46.54700089 263.41799927 0.999095 0.007158 -0.041927
33.83499908 -46.24700165 263.41799927 0.996516 0.013885 -0.082242
33.79100037 -45.94699860 263.11801147 0.994800 0.058779 -0.083177
33.76599884 -45.64699936 263.11801147 0.993047 0.093769 -0.071174
33.81999969 -45.94699860 263.41799927 0.996402 0.062071 -0.057715
33.79800034 -45.64699936 263.41799927 0.995555 0.058432 -0.073867
33.85300064 -46.54700089 263.71798706 0.997400 -0.001044 -0.072063
33.85100174 -46.24700165 263.71798706 0.996845 0.044280 -0.065880
33.87099838 -46.54700089 264.01800537 0.998650 -0.017666 -0.048841
33.87400055 -46.24700165 264.01800537 0.997896 0.047925 -0.043665
33.82600021 -45.94699860 263.71798706 0.997147 0.065475 -0.037567
33.81100082 -45.64699936 263.71798706 0.997689 0.060563 -0.030813
33.84199905 -45.94699860 264.01800537 0.989613 0.094415 -0.108403
33.81700134 -45.64699936 264.01800537 0.994029 0.102831 -0.036488
33.88199997 -46.54700089 264.31799316 0.999016 0.013403 -0.042270
33.87699890 -46.24700165 264.31799316 0.999831 -0.016980 0.006992
33.89699936 -46.54700089 264.61801147 0.994557 0.074787 -0.072555
33.86999893 -46.24700165 264.61801147 0.994435 0.103701 -0.018557
33.89199829 -45.94699860 264.31799316 0.997228 0.073123 0.013777
33.83300018 -45.64699936 264.31799316 0.981051 0.192477 -0.022164
33.83399963 -45.94699860 264.61801147 0.996477 0.066432 0.051185
33.83000183 -45.64699936 264.61801147 0.998339 0.032681 -0.047440
33.92599869 -46.54700089 264.91799927 0.992912 0.080568 -0.087376
33.88800049 -46.24700165 264.91799927 0.990176 0.107703 -0.089174
33.95000076 -46.54700089 265.21798706 0.992235 0.090203 -0.085636
33.92399979 -46.24700165 265.21798706 0.996387 0.064248 -0.055536
33.86100006 -45.94699860 264.91799927 0.990852 0.041995 -0.128255
33.86199951 -45.64699936 264.91799927 0.996897 0.013802 -0.077501
33.91199875 -45.94699860 265.21798706 0.996489 0.080622 -0.022574
33.87599945 -45.64699936 265.21798706 0.995869 0.089359 0.016149
36.71799850 -54.64699936 254.95899963 -0.016524 0.349543 0.936775
37.01800156 -54.64699936 254.97900391 0.006277 0.340224 0.940324
36.71799850 -54.94699860 255.07400513 0.045888 0.365794 0.929564
37.01800156 -54.94699860 255.06900024 -0.027220 0.374603 0.926786
37.31800079 -54.64699936 254.95500183 0.048907 0.379363 0.923954
37.61800003 -54.64699936 254.94700623 -0.006482 0.405769 0.913953
37.31800079 -54.94699860 255.09100342 -0.027636 0.409277 0.911991
37.61800003 -54.94699860 255.08700562 -0.025072 0.415660 0.909174
37.91799927 -38.29100037 264.61801147 -0.324327 -0.862311 0.388885
38.21799850 -38.19900131 264.31799316 0.655001 -0.705999 0.269331
37.91799927 -38.42599869 264.31799316 0.999999 -0.000978 -0.000978
38.81800079 -37.57099915 264.61801147 0.999999 0.000978 0.000978
38.81800079 -37.67599869 264.31799316 0.500394 -0.802219 0.325653
38.56100082 -37.84700012 264.31799316 0.524360 -0.784134 0.331934
38.51800156 -37.87699890 264.31799316 0.540974 -0.775343 0.325869
38.21799850 -38.01800156 264.61801147 0.603907 -0.711923 0.358416
37.91799927 -54.64699936 254.95899963 -0.030909 0.458253 0.888284
38.21799850 -54.64699936 254.96699524 0.003806 0.361525 0.932355
37.91799927 -54.94699860 255.10800171 0.057175 0.384269 0.921449
38.21799850 -54.94699860 255.05000305 0.092399 0.346832 0.933365
37.31800079 -55.24700165 255.22399902 0.001277 0.384343 0.923189
37.61800003 -55.24700165 255.22099304 0.024906 0.399800 0.916264
37.91799927 -55.24700165 255.20799255 0.048837 0.376176 0.925260
38.21799850 -55.24700165 255.18899536 0.041644 0.436587 0.898698
33.50299835 -44.14699936 261.31799316 0.995675 0.092844 -0.003202
33.50199890 -43.84700012 261.31799316 0.997310 -0.065345 -0.033208
33.52000046 -44.14699936 261.61801147 0.992817 0.064527 -0.100753
33.54299927 -43.84700012 261.61801147 0.994173 -0.047765 -0.096640
33.56399918 -44.14699936 261.91799927 0.990799 0.053588 -0.124277
33.56000137 -43.84700012 261.91799927 0.998566 -0.040865 -0.034578
33.59500122 -44.14699936 262.21798706 0.988727 0.097348 -0.113768
33.56399918 -43.84700012 262.21798706 0.994244 0.086116 -0.063748
37.91799927 -55.54700089 255.35200500 0.009245 0.447723 0.894125
38.21799850 -55.54700089 255.34199524 0.019925 0.442336 0.896628
33.58800125 -43.54700089 261.91799927 0.996207 -0.086487 0.009610
33.61199951 -43.24700165 261.91799927 0.973677 -0.227781 0.008262
33.54299927 -43.54700089 262.21798706 0.992852 -0.093964 0.073587
33.61999893 -43.24700165 262.21798706 0.955982 -0.293299 0.008590
50.67100143 -40.54700089 268.21798706 -0.991596 -0.127984 -0.018919
50.64799881 -40.24700165 267.91799927 -0.986472 -0.071893 0.147323
50.67699814 -40.54700089 267.91799927 -0.994003 -0.077324 0.077324
33.54399872 -43.54700089 262.51800537 0.997239 -0.013748 -0.072969
33.60699844 -43.24700165 262.51800537 0.964250 -0.260037 0.051012
33.58599854 -43.54700089 262.81799316 0.992205 0.034677 -0.119691
33.58900070 -43.24700165 262.81799316 0.991976 -0.122176 0.032505
50.21799850 -39.41199875 265.81799316 -0.776476 -0.598117 0.198347
50.39899826 -39.64699936 265.81799316 -0.830846 -0.453903 0.321973
50.51300049 -39.94699860 265.81799316 -0.966652 -0.245120 0.074164
50.25000000 -39.64699936 265.51800537 -0.000978 -0.999999 -0.000978
50.46900177 -39.94699860 265.51800537 -0.973044 -0.180943 0.142983
49.91799927 -47.44699860 251.67500305 -0.343590 0.024268 0.938806
49.61800003 -47.44699860 251.56500244 -0.241470 0.322442 0.915272
49.31800079 -47.44699860 251.51800537 -0.045572 0.355463 0.933579
49.61800003 -47.74700165 251.68099976 -0.107150 0.354002 0.929086
49.31800079 -47.74700165 251.64500427 -0.003896 0.419467 0.907762
39.41799927 -36.28300095 266.71798706 0.536192 -0.771279 0.342969
38.81800079 -55.54700089 255.31700134 -0.019902 0.444469 0.895573
38.51800156 -55.24700165 255.18099976 0.030651 0.435774 0.899534
38.81800079 -55.24700165 255.16900635 0.001266 0.365926 0.930643
49.01800156 -47.44699860 251.53599548 0.049985 0.436358 0.898384
48.71799850 -47.44699860 251.55200195 0.050170 0.446108 0.893572
49.01800156 -47.74700165 251.67900085 0.089719 0.423747 0.901326
48.71799850 -47.74700165 251.70399475 0.033348 0.428192 0.903072
38.51800156 -55.54700089 255.33900452 0.038770 0.429143 0.902404
47.81800079 -46.54700089 251.20700073 0.049391 0.401800 0.914395
47.51800156 -46.54700089 251.22300720 -0.003876 0.406974 0.913431
47.81800079 -46.24700165 251.05400085 0.047234 0.438599 0.897441
47.51800156 -46.24700165 251.07699585 0.030724 0.436821 0.899023
47.21799850 -46.24700165 251.07499695 -0.003875 0.401697 0.915765
46.91799927 -46.24700165 251.07400513 -0.014085 0.364942 0.930924
47.21799850 -46.54700089 251.20500183 -0.046355 0.388054 0.920470
46.91799927 -46.54700089 251.19200134 -0.011707 0.404541 0.914445
45.41799927 -45.04700089 250.62300110 -0.008951 0.374681 0.927111
45.11800003 -45.04700089 250.61000061 -0.035192 0.374080 0.926728
45.41799927 -45.34700012 250.72900391 -0.024378 0.352846 0.935364
45.11800003 -45.34700012 250.72399902 0.046090 0.375306 0.925754
45.41799927 -44.44699860 250.41600037 -0.077946 0.214043 0.973709
45.11800003 -44.44699860 250.39199829 -0.045451 0.241996 0.969212
45.41799927 -44.74700165 250.48599243 -0.052929 0.326608 0.943677
45.11800003 -44.74700165 250.48100281 -0.026845 0.341312 0.939567
44.81800079 -44.44699860 250.38800049 -0.023267 0.265739 0.963764
44.51800156 -44.44699860 250.37699890 -0.039179 0.304588 0.951678
44.81800079 -44.74700165 250.46899414 0.008782 0.334972 0.942187
44.51800156 -44.74700165 250.48599243 0.051244 0.366594 0.928969
44.21799850 -44.44699860 250.36399841 0.037869 0.369548 0.928440
43.91799927 -44.44699860 250.40199280 0.046420 0.391253 0.919112
44.21799850 -44.74700165 250.50199890 0.024979 0.411494 0.911070
43.91799927 -44.74700165 250.50199890 0.024284 0.348918 0.936839
39.11800003 -55.54700089 255.35200500 -0.043061 0.364061 0.930379
39.41799927 -55.54700089 255.34399414 0.021933 0.372858 0.927629
38.51800156 -56.14699936 255.58500671 0.016563 0.350377 0.936462
38.81800079 -56.14699936 255.59100342 -0.029781 0.363847 0.930982
38.51800156 -55.84700012 255.46699524 0.029925 0.378615 0.925070
38.81800079 -55.84700012 255.46600342 0.017057 0.415916 0.909243
39.11800003 -56.14699936 255.60499573 -0.011691 0.401405 0.915826
39.41799927 -56.14699936 255.59899902 0.045614 0.353185 0.934441
39.11800003 -55.84700012 255.45500183 0.001282 0.388343 0.921514
39.41799927 -55.84700012 255.46499634 -0.011644 0.392018 0.919884
43.61800003 -44.14699936 250.26800537 0.037924 0.372701 0.927176
43.31800079 -44.14699936 250.27200317 0.040751 0.379905 0.924128
43.61800003 -43.84700012 250.15400696 -0.055820 0.179338 0.982203
43.31800079 -43.84700012 250.15299988 -0.038332 0.265852 0.963251
43.01800156 -44.14699936 250.29400635 0.006500 0.417317 0.908738
42.71799850 -44.14699936 250.27600098 -0.016852 0.387596 0.921675
43.01800156 -43.84700012 250.13099670 0.003817 0.367656 0.929954
42.71799850 -43.84700012 250.15600586 0.038621 0.419505 0.906931
43.61800003 -43.24700165 250.12899780 -0.282939 0.072975 0.956358
43.31800079 -43.24700165 250.05400085 -0.206874 -0.120571 0.970910
43.61800003 -43.54700089 250.16099548 -0.007158 0.041927 0.999095
43.31800079 -43.54700089 250.10899353 -0.166159 0.161085 0.972853
43.01800156 -43.24700165 250.00700378 -0.109287 -0.052954 0.992599
42.71799850 -43.24700165 249.98899841 -0.043221 0.039004 0.998304
43.01800156 -43.54700089 250.05799866 -0.176534 0.200072 0.963746
42.71799850 -43.54700089 249.99899292 -0.088761 0.271427 0.958357
43.01800156 -42.64699936 250.31900024 -0.168609 -0.770133 0.615195
42.71799850 -42.64699936 250.23699951 -0.412234 -0.530485 0.740708
43.01800156 -42.94699860 250.08900452 -0.313713 -0.230629 0.921083
42.71799850 -42.94699860 249.97599792 -0.174131 -0.093763 0.980248
42.41799927 -43.24700165 249.98100281 -0.009169 0.033619 0.999393
42.11800003 -43.24700165 249.98300171 0.024678 0.076181 0.996789
42.41799927 -43.54700089 250.00399780 0.054500 0.285176 0.956924
42.11800003 -43.54700089 250.03300476 0.074917 0.265385 0.961227
42.11800003 -42.64699936 249.91499329 -0.197080 -0.097920 0.975485
42.41799927 -42.64699936 249.99099731 -0.245027 -0.022934 0.969245
42.41799927 -42.94699860 249.98399353 0.019205 -0.017183 0.999668
42.11800003 -42.94699860 249.98699951 -0.067457 0.113191 0.991281
41.81800079 -42.64699936 249.87600708 -0.040437 0.084153 0.995632
41.51800156 -42.64699936 249.89100647 -0.016021 0.082239 0.996484
41.51800156 -42.94699860 249.90199280 -0.085418 0.122861 0.988741
41.81800079 -42.94699860 249.94400024 -0.138715 0.194710 0.971003
40.61800003 -47.44699860 251.74000549 0.040751 0.379905 0.924128
40.31800079 -47.44699860 251.77099609 0.068508 0.385523 0.920151
39.71799850 -56.14699936 255.57600403 0.092338 0.341250 0.935426
40.01800156 -56.14699936 255.53900146 0.068110 0.372600 0.925489
40.61800003 -47.74700165 251.88099670 -0.001313 0.447738 0.894164
39.71799850 -55.84700012 255.46299744 0.040634 0.373569 0.926712
40.01800156 -55.84700012 255.43800354 0.035429 0.384467 0.922459
40.31800079 -47.74700165 251.89500427 0.062480 0.370894 0.926571
39.71799850 -56.74700165 255.82600403 -0.063734 0.421729 0.904479
40.01800156 -56.74700165 255.83299255 -0.011753 0.413971 0.910214
39.71799850 -56.44699860 255.68200684 0.019463 0.385372 0.922556
40.01800156 -56.44699860 255.67900085 0.019901 0.439147 0.898195
40.31800079 -56.74700165 255.83399963 0.022351 0.411519 0.911127
40.61800003 -56.74700165 255.81799316 0.072059 0.409241 0.909576
40.31800079 -56.44699860 255.66799927 0.041847 0.449520 0.892290
40.61800003 -56.44699860 255.65100098 0.061041 0.427288 0.902053
50.51800156 -54.34700012 254.68400574 -0.271134 0.194060 0.942776
50.51800156 -54.04700089 254.62600708 -0.739136 0.126922 0.661490
36.41799927 -45.34700012 251.03900146 0.212604 0.201907 0.956051
49.01800156 -50.74900055 268.21798706 -0.999999 0.000978 0.000978
48.71799850 -50.95600128 268.21798706 -0.999999 -0.000978 -0.000978
49.01800156 -50.84400177 267.91799927 -0.436005 0.858241 -0.270782
48.71799850 -51.07400131 267.91799927 -0.999999 0.000978 0.000978
50.70399857 -49.24700165 268.81799316 -0.497907 0.834952 -0.234399
50.51800156 -49.35800171 268.81799316 -0.570091 0.802966 -0.173900
50.81800079 -49.26300049 268.51800537 -0.485564 0.829958 -0.274584
50.51800156 -49.41600037 268.51800537 -0.448216 0.877453 -0.170819
40.91799927 -57.34700012 256.05700684 0.025172 0.430569 0.902207
41.21799850 -57.34700012 256.05700684 0.003896 0.419467 0.907762
36.41799927 -39.68999863 264.01800537 0.511442 -0.857947 0.048511
36.11800003 -39.86899948 264.01800537 0.999999 0.000978 0.000978
36.51900101 -39.64699936 263.71798706 0.689044 -0.712958 0.130036
36.11800003 -39.90499878 263.71798706 0.999999 0.000978 0.000978
40.91799927 -57.04700089 255.89199829 0.017034 0.412755 0.910683
41.21799850 -57.04700089 255.90699768 -0.017124 0.430740 0.902314
36.71799850 -39.45500183 263.71798706 0.531882 -0.821445 0.205742
37.01800156 -39.17800140 264.01800537 0.629332 -0.710223 0.315475
36.71799850 -39.34700012 264.13699341 0.516850 -0.687461 0.510160
36.83499908 -39.34700012 264.01800537 0.563315 -0.610681 0.556548
37.01800156 -39.32099915 263.71798706 0.387510 -0.839343 0.381234
40.01800156 -47.44699860 251.78500366 0.011660 0.395143 0.918546
39.71799850 -47.44699860 251.77900696 0.025203 0.433758 0.900677
40.01800156 -47.74700165 251.92199707 0.062013 0.354926 0.932835
39.71799850 -47.74700165 251.93499756 -0.003859 0.392363 0.919802
36.41799927 -51.35300064 268.81799316 0.325725 0.856764 -0.399823
36.41799927 -51.50500107 268.51800537 0.350354 0.834251 -0.425767
36.11800003 -51.38000107 268.51800537 0.367707 0.863111 -0.346167
36.11800003 -51.25600052 268.81799316 0.287145 0.885488 -0.365320
36.50400162 -39.34700012 264.31799316 0.449196 -0.717719 0.532073
41.51800156 -57.34700012 256.05499268 0.035733 0.408947 0.911858
41.81800079 -57.34700012 256.03399658 0.063900 0.428263 0.901392
37.61800003 -51.48899841 270.01800537 0.413313 0.828209 -0.378474
37.61800003 -51.63700104 269.71798706 0.424452 0.821879 -0.379940
37.31800079 -51.46799850 269.71798706 0.417680 0.821066 -0.389093
37.01800156 -38.93299866 264.61801147 0.811154 -0.548407 0.203170
37.01800156 -39.04700089 264.32901001 0.451699 -0.812420 0.368702
37.02700043 -39.04700089 264.31799316 0.451699 -0.812420 0.368702
37.01800156 -39.05199814 264.31799316 0.451699 -0.812420 0.368702
36.71799850 -39.21300125 264.31799316 0.449196 -0.717719 0.532073
41.51800156 -57.04700089 255.90299988 0.033474 0.437835 0.898432
41.81800079 -57.04700089 255.88400269 0.070003 0.437862 0.896313
37.01800156 -38.75299835 265.21798706 0.999999 -0.000978 -0.000978
36.71799850 -38.93299866 265.21798706 0.478895 -0.809825 0.338886
37.01800156 -38.83399963 264.91799927 0.999999 -0.000978 -0.000978
36.74300003 -39.04700089 264.91799927 0.507761 -0.789672 0.344380
36.71799850 -39.06299973 264.91799927 0.507761 -0.789672 0.344380
41.51800156 -57.64699936 256.17199707 0.024594 0.371502 0.928107
41.81800079 -57.64699936 256.16900635 0.019925 0.442336 0.896628
41.51800156 -57.94699860 256.35299683 -0.019524 0.396984 0.917618
41.81800079 -57.94699860 256.32998657 0.083348 0.403077 0.911363
41.21799850 -53.20100021 270.31799316 0.393830 0.817955 -0.419341
36.71799850 -38.81299973 265.51800537 0.999999 0.000978 0.000978
41.21799850 -53.34299850 270.01800537 0.416738 0.815912 -0.400771
40.91799927 -53.18399811 270.01800537 0.476216 0.814789 -0.330662
40.91799927 -53.28300095 269.71798706 0.434378 0.842288 -0.319166
41.21799850 -53.49599838 269.71798706 0.382140 0.846947 -0.369662
41.81800079 -53.81200027 269.71798706 0.241716 0.875282 -0.418874
41.81800079 -53.63000107 270.01800537 -0.000978 -0.000978 -0.999999
41.51800156 -53.49000168 270.01800537 0.397099 0.827421 -0.397099
41.51800156 -53.61600113 269.71798706 0.341863 0.869220 -0.357193
37.61800003 -38.32899857 265.21798706 0.529825 -0.804897 0.267257
37.31800079 -38.47700119 265.21798706 0.409449 -0.854434 0.319834
37.61800003 -38.38899994 264.91799927 0.999999 -0.000978 -0.000978
37.31800079 -38.58200073 264.91799927 0.999999 -0.000978 -0.000978
42.11800003 -57.64699936 256.15798950 0.038864 0.430181 0.901906
42.41799927 -57.64699936 256.14300537 0.046500 0.399897 0.915380
42.11800003 -57.94699860 256.29901123 0.085330 0.383309 0.919670
42.41799927 -57.94699860 256.27499390 0.048766 0.372993 0.926552
37.01800156 -38.47900009 265.81799316 0.999999 -0.000978 -0.000978
36.71799850 -38.67900085 265.81799316 0.999999 0.000978 0.000978
37.01800156 -38.60200119 265.51800537 0.999999 -0.000978 -0.000978
37.31800079 -38.24900055 265.81799316 0.601795 -0.710020 0.365669
37.61800003 -38.19100189 265.51800537 0.452336 -0.810368 0.372418
37.31800079 -38.35800171 265.51800537 0.470050 -0.825338 0.312842
37.61800003 -37.97299957 265.81799316 0.575664 -0.701745 0.419720
42.11800003 -58.24700165 256.40798950 0.074219 0.387288 0.918966
42.41799927 -58.24700165 256.38500977 -0.014361 0.408639 0.912583
42.71799850 -58.24700165 256.41799927 -0.022607 0.440171 0.897629
43.01800156 -58.24700165 256.39999390 0.041434 0.423693 0.904858
42.71799850 -58.54700089 256.56100464 0.001280 0.390517 0.920595
43.01800156 -58.54700089 256.54400635 0.055639 0.432899 0.899724
37.61800003 -37.72000122 266.41799927 0.999999 -0.000978 -0.000978
44.21799850 -43.24700165 250.35299683 -0.392010 -0.499365 0.772634
43.91799927 -43.24700165 250.23100281 -0.324872 -0.361477 0.873952
44.21799850 -43.54700089 250.21699524 -0.181411 -0.213191 0.960021
43.91799927 -43.54700089 250.11300659 -0.096626 -0.076164 0.992402
37.31800079 -37.95700073 266.41799927 0.999999 -0.000978 -0.000978
37.61800003 -37.83399963 266.11801147 0.999999 -0.000978 -0.000978
37.31800079 -38.05099869 266.11801147 0.588486 -0.725419 0.357004
37.31800079 -37.73400116 267.01800537 0.999999 -0.000978 -0.000978
42.11800003 -45.34700012 250.82499695 0.017122 0.425417 0.904835
42.41799927 -45.04700089 250.67700195 0.019777 0.423236 0.905804
42.11800003 -45.04700089 250.67700195 -0.006548 0.430890 0.902381
42.41799927 -45.34700012 250.81700134 0.038366 0.403506 0.914172
37.61800003 -37.64500046 266.71798706 0.999999 -0.000978 -0.000978
42.41799927 -44.74700165 250.53700256 0.003843 0.383066 0.923713
42.11800003 -44.74700165 250.53900146 0.022048 0.380005 0.924722
41.81800079 -44.44699860 250.41999817 0.045683 0.356329 0.933243
37.31800079 -37.87900162 266.71798706 0.999999 -0.000978 -0.000978
41.51800156 -44.44699860 250.46000671 0.071384 0.391939 0.917218
41.81800079 -44.74700165 250.55099487 0.051692 0.385701 0.921175
41.51800156 -44.74700165 250.57200623 0.013780 0.324454 0.945801
41.81800079 -45.34700012 250.82800293 -0.003934 0.444585 0.895728
41.51800156 -45.34700012 250.82299805 0.011914 0.454052 0.890895
33.71799850 -51.29199982 255.61799622 0.000978 0.000978 -0.999999
41.81800079 -45.04700089 250.67199707 -0.017079 0.419080 0.907789
41.51800156 -45.04700089 250.66499329 0.022110 0.386275 0.922118
33.83000183 -51.04700089 255.61799622 0.919590 -0.283504 -0.271991
41.21799850 -44.74700165 250.55999756 0.016499 0.346482 0.937912
40.91799927 -44.74700165 250.58200073 0.073497 0.370156 0.926058
41.21799850 -45.34700012 250.83599854 0.022608 0.445503 0.894995
40.91799927 -45.34700012 250.83799744 0.027703 0.410262 0.911547
41.21799850 -45.04700089 250.68699646 0.063650 0.418466 0.905999
40.91799927 -45.04700089 250.70700073 0.043621 0.392587 0.918680
33.73099899 -50.74700165 253.51800537 0.628317 0.434989 0.644983
33.71799850 -50.74700165 253.52799988 0.628317 0.434989 0.644983
33.68999863 -51.34700012 255.31799316 0.999802 0.013037 0.015042
33.71099854 -51.04700089 255.31799316 0.959420 0.041279 -0.278945
33.69400024 -51.34700012 255.61799622 0.971486 -0.135881 -0.194297
40.61800003 -45.34700012 250.85499573 0.046865 0.413752 0.909183
40.31800079 -45.34700012 250.86900330 0.017122 0.425417 0.904835
40.61800003 -45.04700089 250.71499634 0.027364 0.381787 0.923845
40.31800079 -45.04700089 250.72500610 0.014126 0.371132 0.928473
40.61800003 -45.64699936 250.98800659 0.045406 0.343785 0.937950
40.31800079 -45.64699936 251.00700378 0.062601 0.379601 0.923030
40.61800003 -45.94699860 251.07400513 0.035293 0.380381 0.924156
40.31800079 -45.94699860 251.11500549 0.128633 0.363770 0.922564
34.01800156 -50.74700165 253.41799927 0.309607 0.176323 0.934374
34.01800156 -50.41299820 253.21800232 0.064922 0.465504 0.882662
34.01800156 -50.44699860 253.24200439 0.064922 0.465504 0.882662
33.87400055 -50.74700165 255.61799622 0.814457 -0.118867 -0.567918
33.66500092 -50.74700165 255.31799316 0.989017 0.133338 -0.063770
33.63000107 -50.44699860 255.31799316 0.997394 -0.026611 -0.067061
40.01800156 -45.64699936 251.02799988 0.022579 0.436977 0.899189
39.71799850 -45.64699936 251.02200317 -0.036367 0.453908 0.890306
34.01800156 -51.04700089 253.48100281 0.076024 0.287344 0.954806
33.67599869 -51.34700012 254.71800232 0.992276 0.116010 -0.043926
33.67800140 -51.04700089 254.71800232 0.993548 0.075559 0.084581
45.11800003 -51.96400070 272.41799927 -0.616885 0.711290 -0.336927
40.01800156 -45.94699860 251.15800476 0.070732 0.367006 0.927525
39.71799850 -45.94699860 251.16099548 -0.033220 0.418574 0.907575
33.65900040 -51.04700089 255.01800537 0.992161 0.112000 -0.055434
45.71799850 -51.48500061 272.41799927 -0.999999 -0.000978 -0.000978
46.01800156 -51.43600082 272.11801147 -0.999999 -0.000978 -0.000978
45.71799850 -51.61800003 272.11801147 -0.999999 0.000978 0.000978
34.31800079 -50.44699860 253.21699524 0.075164 0.422288 0.903340
34.61800003 -50.44699860 253.19400024 0.027375 0.387154 0.921609
34.31800079 -50.74700165 253.32800293 0.182796 0.390060 0.902463
34.61800003 -50.74700165 253.29699707 0.040939 0.394864 0.917827
39.41799927 -45.64699936 251.00399780 0.001280 0.390517 0.920595
39.11800003 -45.64699936 251.02200317 0.008964 0.377770 0.925856
38.21799850 -37.05099869 267.01800537 0.999999 -0.000978 -0.000978
34.31800079 -51.34700012 253.58399963 0.006315 0.352362 0.935843
39.11800003 -46.54700089 251.44299316 0.011676 0.398272 0.917193
39.41799927 -46.24700165 251.27900696 -0.025104 0.418842 0.907712
39.11800003 -46.24700165 251.28199768 0.022820 0.465791 0.884600
39.41799927 -46.54700089 251.41299438 0.080208 0.395601 0.914913
34.61800003 -51.34700012 253.59399414 -0.022380 0.414691 0.909687
39.41799927 -45.94699860 251.13600159 -0.052462 0.415664 0.908004
39.11800003 -45.94699860 251.12699890 0.040995 0.398052 0.916446
38.21799850 -37.21300125 266.71798706 0.472795 -0.792295 0.385659
37.91799927 -37.38199997 266.71798706 0.450530 -0.813501 0.367747
34.31800079 -51.04700089 253.47500610 0.043727 0.393543 0.918266
34.61800003 -51.04700089 253.45199585 0.019949 0.445528 0.895046
44.21799850 -58.82699966 256.81799316 -0.043397 0.993684 -0.103486
43.91799927 -58.84700012 256.75399780 0.148347 0.509667 -0.847486
44.51800156 -58.63000107 256.81799316 -0.999999 0.000978 0.000978
37.90999985 -37.24700165 267.01800537 0.990224 0.134979 -0.035163
46.01800156 -57.52399826 257.41799927 -0.928439 0.354792 -0.110108
45.71799850 -57.79000092 257.41799927 -0.639636 0.716201 -0.279143
46.01800156 -57.63800049 257.11801147 -0.604969 0.724990 -0.329246
46.00600052 -57.64699936 257.11801147 -0.971948 -0.214456 0.096568
45.71799850 -57.91099930 257.11801147 -0.999999 -0.000978 -0.000978
37.61800003 -37.51699829 267.01800537 0.999999 -0.000978 -0.000978
38.81800079 -45.94699860 251.16200256 0.049859 0.429870 0.901513
38.51800156 -45.94699860 251.16000366 -0.019576 0.403274 0.914870
38.81800079 -46.54700089 251.42100525 -0.032741 0.388961 0.920672
38.51800156 -46.54700089 251.42199707 0.043861 0.405378 0.913096
38.81800079 -46.24700165 251.29499817 0.027488 0.396612 0.917575
38.51800156 -46.24700165 251.30000305 0.030217 0.400705 0.915709
35.21799850 -51.94699860 253.80900574 0.093258 0.366274 0.925822
34.91799927 -51.64699936 253.72300720 0.022268 0.407374 0.912990
35.21799850 -51.64699936 253.71200562 -0.003774 0.348500 0.937301
34.91799927 -51.94699860 253.86599731 0.083578 0.409669 0.908397
35.51800156 -51.94699860 253.80599976 -0.027008 0.353672 0.934980
35.51800156 -51.64699936 253.72500610 -0.029578 0.353646 0.934912
38.21799850 -46.54700089 251.44900513 0.011740 0.416132 0.909229
35.81800079 -51.64699936 253.73100281 0.006394 0.374688 0.927129
37.91799927 -46.54700089 251.42999268 -0.022202 0.395713 0.918106
38.21799850 -46.24700165 251.31399536 0.017229 0.446617 0.894559
37.91799927 -46.24700165 251.31100464 0.034936 0.358413 0.932909
35.81800079 -51.94699860 253.82699585 -0.058689 0.335178 0.940325
38.21799850 -46.84700012 251.58700562 0.003854 0.389260 0.921120
37.91799927 -46.84700012 251.57000732 -0.017145 0.433910 0.900793
38.21799850 -47.14699936 251.70199585 0.042712 0.342990 0.938368
37.61800003 -46.54700089 251.43499756 -0.003818 0.372924 0.927854
37.31800079 -46.54700089 251.42700195 0.035328 0.378142 0.925073
37.61800003 -46.24700165 251.33599854 0.011601 0.387973 0.921598
37.31800079 -46.24700165 251.31799316 -0.070519 0.360581 0.930058
37.61800003 -46.84700012 251.57600403 0.060883 0.420767 0.905123
37.31800079 -46.84700012 251.61099243 0.061577 0.444722 0.893549
37.61800003 -47.14699936 251.71299744 0.049796 0.426629 0.903055
37.31800079 -47.14699936 251.75100708 0.051544 0.379313 0.923832
37.61800003 -37.37400055 267.61801147 0.306237 -0.947626 0.090688
37.31800079 -37.47100067 267.61801147 0.376751 -0.854278 0.358146
37.61800003 -37.40299988 267.31799316 0.999999 0.000978 0.000978
37.01800156 -46.84700012 251.61799622 -0.014474 0.432900 0.901326
36.71799850 -46.84700012 251.60099792 -0.065224 0.374040 0.925116
37.01800156 -47.14699936 251.74600220 -0.042739 0.348389 0.936375
36.71799850 -47.14699936 251.72399902 -0.019576 0.403274 0.914870
36.41799927 -47.14699936 251.73399353 0.039469 0.472269 0.880570
36.11800003 -47.14699936 251.75100708 0.033053 0.411185 0.910953
36.11800003 -47.74700165 252.02099609 0.016694 0.371118 0.928436
36.41799927 -47.44699860 251.89700317 0.017057 0.415916 0.909243
36.11800003 -47.44699860 251.87699890 -0.011710 0.409850 0.912078
36.41799927 -47.74700165 252.00799561 0.016670 0.368020 0.929668
38.21799850 -36.97100067 267.31799316 0.640186 -0.741999 0.198998
37.91799927 -37.22900009 267.31799316 0.582978 -0.805064 0.109582
35.81800079 -47.14699936 251.75599670 -0.014436 0.421260 0.906825
35.51800156 -47.14699936 251.74099731 0.011568 0.381758 0.924190
35.81800079 -47.74700165 252.01899719 -0.037941 0.378105 0.924985
35.81800079 -47.44699860 251.88999939 0.009072 0.400462 0.916268
35.51800156 -47.44699860 251.88299561 0.032866 0.393072 0.918920
35.51800156 -47.74700165 251.99600220 0.001264 0.362873 0.931838
35.21799850 -47.74700165 252.01899719 0.108895 0.384578 0.916647
34.91799927 -47.74700165 252.06799316 0.035781 0.412140 0.910418
35.21799850 -47.44699860 251.91200256 0.040882 0.391679 0.919193
34.91799927 -47.44699860 251.90899658 -0.009223 0.446667 0.894653
33.52099991 -49.54700089 253.51800537 0.975456 0.211206 0.062263
33.46400070 -49.24700165 253.51800537 0.997228 0.073123 0.013777
33.49200058 -49.54700089 253.81799316 0.991465 0.130369 -0.001096
33.46699905 -49.24700165 253.81799316 0.999034 0.032093 -0.030023
33.52099991 -49.54700089 254.11799622 0.993415 0.093379 -0.066378
33.48199844 -49.24700165 254.11799622 0.996292 0.029144 -0.080955
33.53200150 -49.54700089 254.41799927 0.987847 0.100080 -0.118918
36.71799850 -53.14699936 254.33399963 0.011800 0.428733 0.903354
33.51499939 -49.24700165 254.41799927 0.982983 0.122418 -0.136963
37.01800156 -53.14699936 254.31399536 0.052939 0.443870 0.894526
36.71799850 -52.84700012 254.17599487 0.080345 0.404446 0.911026
34.61800003 -47.74700165 252.04200745 -0.035637 0.402571 0.914695
34.31800079 -47.74700165 252.04499817 0.022048 0.380005 0.924722
37.01800156 -52.84700012 254.16900635 0.030258 0.403876 0.914313
34.61800003 -47.44699860 251.90600586 0.033556 0.449644 0.892577
34.31800079 -47.44699860 251.93200684 0.065224 0.374040 0.925116
33.59299850 -49.54700089 254.71800232 0.988074 0.078530 -0.132446
33.56499863 -49.24700165 254.71800232 0.991410 0.102243 -0.081564
33.61299896 -49.54700089 255.01800537 0.977705 0.170198 -0.122990
50.98199844 -44.44699860 268.81799316 -0.973693 -0.150676 0.170934
51.01399994 -44.74700165 268.81799316 -0.987913 -0.114216 0.104797
50.94800186 -44.44699860 268.51800537 -0.995178 -0.094831 0.025070
33.56399918 -49.24700165 255.01800537 0.994748 0.093844 -0.040850
51.01100159 -44.74700165 268.51800537 -0.992193 -0.096827 0.078601
33.71799850 -48.86899948 255.91799927 0.898989 0.092808 -0.428024
33.71799850 -48.51399994 256.21798706 0.888467 0.390095 -0.241770
34.61800003 -48.04700089 252.16999817 0.001297 0.421606 0.906778
34.31800079 -48.04700089 252.17900085 0.019471 0.390709 0.920308
34.31800079 -48.34700012 252.30000305 0.019497 0.393844 0.918970
37.01800156 -52.09000015 267.91799927 0.999999 0.000978 0.000978
36.71799850 -51.90000153 267.91799927 0.395095 0.844848 -0.360739
36.71799850 -51.78900146 268.21798706 0.370641 0.846062 -0.383152
37.01800156 -51.94499969 268.21798706 0.407166 0.812735 -0.416746
34.01800156 -48.04700089 252.18200684 0.140882 0.416953 0.897943
33.71799850 -48.04700089 252.27299500 0.256014 0.464504 0.847758
37.01800156 -52.31800079 267.31799316 0.335256 0.843598 -0.419460
36.71799850 -52.23199844 267.31799316 0.335378 0.805860 -0.487967
36.71799850 -52.04499817 267.61801147 0.374766 0.827015 -0.419042
37.01800156 -52.19200134 267.61801147 0.435519 0.841380 -0.320005
33.71799850 -48.82300186 252.61799622 0.269041 0.386277 0.882274
34.01800156 -48.64699936 252.46299744 0.160034 0.380965 0.910634
33.71799850 -48.64699936 252.54100037 0.256466 0.341466 0.904227
34.01800156 -48.94699860 252.58099365 0.141388 0.333566 0.932064
36.11800003 -51.90900040 267.31799316 0.433116 0.810294 -0.394759
36.11800003 -51.72499847 267.61801147 0.339353 0.842909 -0.417545
36.41799927 -51.91999817 267.61801147 0.349902 0.839450 -0.415803
34.01800156 -48.34700012 252.33200073 0.204556 0.419414 0.884448
33.71799850 -48.34700012 252.43699646 0.252473 0.395890 0.882909
36.41799927 -52.06900024 267.31799316 0.434253 0.806012 -0.402205
33.39400101 -46.24700165 256.21798706 0.994219 0.107103 -0.007573
33.42900085 -46.54700089 256.21798706 0.998467 0.053099 -0.015617
33.41999817 -46.24700165 255.91799927 0.986763 -0.081346 0.140292
33.42599869 -46.54700089 255.91799927 0.999038 -0.040209 -0.017527
51.02700043 -48.04700089 265.21798706 -0.985991 -0.165665 -0.019423
51.02299881 -48.34700012 265.21798706 -0.996742 -0.035637 0.072353
51.01399994 -48.04700089 264.91799927 -0.999527 -0.009114 0.029368
51.00699997 -48.34700012 264.91799927 -0.998944 -0.042442 -0.017598
35.81800079 -52.01499939 266.71798706 0.345109 0.855808 -0.385346
44.51800156 -58.63199997 257.11801147 -0.466523 0.877744 -0.109186
44.51800156 -58.55699921 257.41799927 -0.999999 -0.000978 -0.000978
35.81800079 -51.72399902 267.31799316 0.999999 0.000978 0.000978
35.51800156 -51.51300049 267.31799316 0.436228 0.852418 -0.288250
35.51800156 -51.46900177 267.61801147 0.434367 0.876146 -0.209030
35.81800079 -51.60400009 267.61801147 0.375783 0.874799 -0.305799
33.68000031 -45.94699860 261.31799316 0.999444 0.025522 -0.021439
33.67300034 -45.64699936 261.31799316 0.996213 0.066706 -0.055770
33.68199921 -45.94699860 261.61801147 0.997816 0.064138 -0.015772
33.66899872 -45.64699936 261.61801147 0.999198 0.036016 -0.017494
35.51800156 -51.82099915 266.71798706 0.461685 0.757426 -0.461685
35.51800156 -51.66999817 267.01800537 0.425830 0.805060 -0.412975
35.81800079 -51.87699890 267.01800537 0.999999 0.000978 0.000978
33.72800064 -45.94699860 262.21798706 0.992317 0.053059 -0.111763
33.72299957 -45.64699936 262.21798706 0.994140 0.020780 -0.106085
33.68999863 -45.94699860 261.91799927 0.995790 0.051601 -0.075755
33.68399811 -45.64699936 261.91799927 0.995395 0.031617 -0.090490
37.91799927 -53.74700165 254.57899475 0.046307 0.390301 0.919522
38.21799850 -53.74700165 254.55599976 0.045475 0.346913 0.936794
37.91799927 -53.44699860 254.44299316 -0.027666 0.407083 0.912972
38.21799850 -53.44699860 254.45300293 0.038418 0.406699 0.912754
35.21799850 -51.64899826 266.71798706 0.405986 0.829349 -0.383870
34.91799927 -51.50199890 266.71798706 0.445386 0.822618 -0.353456
34.91799927 -51.38199997 267.01800537 0.376751 0.854278 -0.358146
35.21799850 -51.50999832 267.01800537 0.404741 0.845425 -0.348484
33.75699997 -45.94699860 262.51800537 0.997167 0.028857 -0.069470
33.74800110 -45.64699936 262.51800537 0.998003 0.032808 -0.053975
33.77000046 -45.94699860 262.81799316 0.996956 0.052926 -0.057247
33.75500107 -45.64699936 262.81799316 0.998070 0.053978 -0.030694
33.73699951 -45.34700012 262.51800537 0.997787 0.056438 -0.035141
33.73699951 -45.34700012 262.81799316 0.997844 0.065552 0.003122
33.71400070 -45.04700089 262.51800537 0.988302 0.127788 -0.083238
33.71599960 -45.04700089 262.81799316 0.994518 0.104516 -0.003232
33.73500061 -45.34700012 263.11801147 0.993356 0.082497 -0.080237
33.78499985 -45.34700012 263.41799927 0.993092 0.073437 -0.091514
33.75400162 -45.04700089 263.41799927 0.985628 0.135001 -0.101550
33.71599960 -45.04700089 263.11801147 0.995268 0.074010 -0.062964
34.91799927 -51.76300049 266.11801147 0.999999 0.000978 0.000978
35.21799850 -51.85200119 266.41799927 0.509168 0.766192 -0.392043
34.91799927 -51.63800049 266.41799927 0.999999 0.000978 0.000978
33.79000092 -45.34700012 263.71798706 0.998446 0.054951 0.009331
33.77799988 -45.04700089 263.71798706 0.995186 0.091070 -0.036209
33.77999878 -45.34700012 264.01800537 0.997383 0.067203 0.026668
33.77600098 -45.04700089 264.01800537 0.997701 0.067764 -0.001043
33.76300049 -44.74700165 264.31799316 0.994921 0.018485 -0.098948
33.76800156 -44.44699860 264.31799316 0.995345 0.092464 -0.027195
33.79899979 -44.74700165 264.61801147 0.993561 0.064137 -0.093393
33.76499939 -44.44699860 264.61801147 0.995021 0.099609 -0.003213
38.81800079 -53.44699860 254.39500427 -0.001271 0.369856 0.929088
38.51800156 -53.74700165 254.55000305 0.030052 0.388057 0.921145
38.81800079 -53.74700165 254.53700256 0.052462 0.415664 0.908004
38.51800156 -53.44699860 254.41799927 0.088200 0.378583 0.921355
33.81900024 -44.74700165 264.91799927 0.992609 0.116974 -0.032307
33.77000046 -44.44699860 264.91799927 0.993672 0.088902 -0.068646
33.81800079 -44.74700165 265.21798706 0.996669 0.081382 -0.005285
33.80699921 -44.44699860 265.21798706 0.994073 0.066122 -0.086295
43.31800079 -59.00299835 258.91799927 -0.118325 0.876746 -0.466172
43.61800003 -58.73699951 258.91799927 -0.999999 0.000978 0.000978
33.78200150 -44.14699936 265.51800537 0.995722 0.081975 -0.042627
43.31800079 -58.81600189 259.21798706 -0.325128 0.904769 -0.275109
33.77299881 -43.84700012 265.51800537 0.997301 0.046261 -0.057019
43.61800003 -58.65900040 259.21798706 -0.466549 0.852553 -0.235554
33.80300140 -44.14699936 265.81799316 0.987583 0.143415 -0.064129
33.76300049 -43.84700012 265.81799316 0.997353 0.069187 -0.022353
43.61800003 -58.97800064 258.31799316 -0.580326 0.715133 -0.389624
43.61800003 -58.79499817 258.61801147 -0.608019 0.736361 -0.296790
33.82099915 -44.14699936 266.11801147 0.994535 0.094033 -0.045357
33.78699875 -43.84700012 266.11801147 0.993326 0.087015 -0.075714
33.83000183 -44.14699936 266.41799927 0.997959 0.051966 -0.037119
33.80899811 -43.84700012 266.41799927 0.997009 0.069758 -0.033269
43.80799866 -58.54700089 259.21798706 -0.000978 -0.000978 -0.999999
33.79299927 -43.54700089 266.71798706 0.998306 0.055403 -0.017771
33.77399826 -43.24700165 266.71798706 0.995120 0.071950 -0.067522
33.79899979 -43.54700089 267.01800537 0.999127 -0.001018 -0.041758
33.80500031 -43.24700165 267.01800537 0.997410 0.020182 -0.069043
33.81800079 -43.54700089 267.31799316 0.996516 0.013885 -0.082242
33.81600189 -43.24700165 267.31799316 0.997665 0.035137 -0.058561
33.84899902 -43.54700089 267.61801147 0.993020 0.050493 -0.106595
33.84000015 -43.24700165 267.61801147 0.997068 0.050772 -0.057253
50.81800079 -51.55400085 262.81799316 -0.000978 -0.000978 -0.999999
50.69900131 -51.64699936 262.81799316 0.000978 0.000978 -0.999999
50.51800156 -51.79100037 262.81799316 -0.576599 0.753273 -0.316407
50.81800079 -51.73300171 262.51800537 -0.932485 -0.037611 -0.359246
50.51800156 -51.90800095 262.51800537 -0.999999 0.000978 0.000978
38.51800156 -54.04700089 254.66999817 0.008973 0.375571 0.926750
38.81800079 -54.04700089 254.66900635 0.024804 0.390329 0.920341
39.41799927 -53.44699860 254.38699341 0.071783 0.404965 0.911510
39.11800003 -53.74700165 254.51499939 0.011497 0.364086 0.931294
39.41799927 -53.74700165 254.52900696 -0.044036 0.415009 0.908751
39.11800003 -53.44699860 254.41900635 0.011531 0.370261 0.928856
39.11800003 -54.04700089 254.65400696 0.011660 0.395143 0.918546
39.41799927 -54.04700089 254.66099548 -0.049255 0.395368 0.917201
39.11800003 -54.34700012 254.77299500 0.086990 0.429429 0.898901
39.41799927 -54.34700012 254.78799438 -0.024838 0.393482 0.918997
39.71799850 -54.34700012 254.78999329 -0.001254 0.342448 0.939536
40.01800156 -54.34700012 254.78900146 0.032603 0.379498 0.924618
39.71799850 -54.04700089 254.68600464 -0.003829 0.379077 0.925357
40.01800156 -54.04700089 254.66299438 0.060119 0.386100 0.920496
39.71799850 -54.64699936 254.90499878 0.011580 0.379559 0.925095
40.01800156 -54.64699936 254.90899658 0.021985 0.373752 0.927268
39.71799850 -54.94699860 255.03599548 0.043481 0.380787 0.923640
40.01800156 -54.94699860 255.03100586 0.022079 0.383138 0.923427
40.31800079 -54.64699936 254.88999939 0.040867 0.386259 0.921485
40.61800003 -54.64699936 254.88200378 0.016904 0.399192 0.916712
40.31800079 -54.94699860 255.02099609 0.019444 0.387578 0.921632
40.61800003 -54.94699860 255.01899719 -0.003829 0.379077 0.925357
40.31800079 -54.34700012 254.76899719 0.048718 0.375259 0.925639
40.61800003 -54.34700012 254.75799561 0.066762 0.423731 0.903324
40.31800079 -55.54700089 255.26800537 0.043801 0.402174 0.914515
40.61800003 -55.54700089 255.26300049 0.033556 0.449644 0.892577
40.31800079 -55.24700165 255.14199829 0.043481 0.380787 0.923640
40.61800003 -55.24700165 255.12800598 0.022017 0.376876 0.926002
40.91799927 -54.64699936 254.87899780 0.009189 0.431902 0.901874
40.91799927 -54.94699860 255.02299500 -0.014206 0.383568 0.923404
41.21799850 -54.94699860 255.02799988 -0.016718 0.374219 0.927190
40.91799927 -55.54700089 255.24600220 -0.017038 0.418083 0.908249
41.21799850 -55.54700089 255.27400208 -0.032820 0.389901 0.920272
40.91799927 -55.24700165 255.12800598 -0.032205 0.349105 0.936530
41.21799850 -55.24700165 255.14900208 -0.021995 0.379095 0.925096
41.51800156 -55.54700089 255.26800537 0.014289 0.401391 0.915795
41.81800079 -55.54700089 255.26499939 0.008985 0.378668 0.925489
41.51800156 -55.24700165 255.14199829 0.022110 0.386275 0.922118
41.51800156 -56.14699936 255.52900696 0.016758 0.375114 0.926827
41.81800079 -56.14699936 255.51899719 0.037722 0.365513 0.930042
41.51800156 -55.84700012 255.40400696 0.022179 0.397912 0.917155
41.81800079 -55.84700012 255.38800049 0.032820 0.389901 0.920272
42.11800003 -56.14699936 255.50500488 0.056761 0.368287 0.927978
42.41799927 -56.14699936 255.48300171 0.043788 0.396742 0.916885
42.11800003 -55.84700012 255.38200378 0.019362 0.378210 0.925517
49.78300095 -49.54700089 256.51800537 -0.836111 -0.407820 -0.366881
49.63700104 -49.24700165 256.51800537 -0.719771 -0.350909 0.598993
42.71799850 -56.14699936 255.47599792 0.003871 0.403860 0.914813
43.01800156 -56.14699936 255.47999573 -0.011844 0.438211 0.898794
42.11800003 -56.74700165 255.74899292 0.001268 0.368984 0.929435
42.41799927 -56.74700165 255.74000549 0.024946 0.408325 0.912495
42.11800003 -56.44699860 255.61900330 0.008973 0.375571 0.926750
42.41799927 -56.44699860 255.61799622 0.011632 0.394205 0.918949
42.71799850 -56.44699860 255.61199951 -0.011660 0.395143 0.918546
42.71799850 -56.74700165 255.73300171 0.001292 0.412244 0.911072
43.01800156 -56.74700165 255.73899841 -0.024838 0.393482 0.918997
43.01800156 -56.44699860 255.62600708 -0.003861 0.397641 0.917533
43.31800079 -56.44699860 255.61399841 0.001282 0.393609 0.919277
43.31800079 -56.74700165 255.75000000 -0.022026 0.382221 0.923808
43.61800003 -56.74700165 255.75300598 0.046045 0.377565 0.924837
43.61800003 -56.44699860 255.62600708 0.030648 0.430404 0.902116
50.00699997 -49.54700089 256.81799316 -0.461957 -0.245462 0.852258
49.91799927 -49.24700165 256.85598755 -0.528033 -0.260122 0.808404
50.21799850 -49.24700165 257.05200195 -0.533824 0.072215 0.842507
49.91799927 -49.84700012 256.54299927 -0.658081 -0.237160 0.714622
50.31100082 -50.14699936 256.81799316 -0.819064 -0.396014 0.415099
50.16600037 -49.84700012 256.81799316 -0.000978 -0.000978 0.999999
43.31800079 -57.04700089 255.86199951 0.019252 0.365783 0.930501
43.61800003 -57.04700089 255.86999512 0.019139 0.353435 0.935263
43.31800079 -57.34700012 255.98599243 0.003850 0.391437 0.920197
43.61800003 -57.34700012 255.97900391 0.003855 0.394537 0.918872
43.91799927 -57.04700089 255.85000610 0.032921 0.401638 0.915207
44.21799850 -57.04700089 255.84800720 0.019550 0.400127 0.916251
43.91799927 -57.34700012 255.98399353 -0.011601 0.387973 0.921598
44.21799850 -57.34700012 255.98599243 0.030135 0.394373 0.918456
50.46300125 -50.14699936 257.11801147 -0.841347 -0.332480 0.426137
50.34400177 -49.84700012 257.11801147 -0.901312 -0.257308 0.348468
50.48099899 -49.84700012 257.41799927 -0.904835 0.104244 0.412805
44.51800156 -57.34700012 255.96400452 0.063465 0.406447 0.911467
44.81800079 -57.34700012 255.94500732 0.001294 0.415362 0.909655
51.17699814 -48.64699936 268.21798706 -0.985484 0.168645 0.019503
51.12799835 -48.94699860 268.21798706 -0.921050 0.318441 -0.224194
51.18799973 -48.64699936 267.91799927 -0.994881 0.038476 -0.093442
51.17100143 -48.94699860 267.91799927 -0.960686 0.217439 -0.172634
44.51800156 -57.04700089 255.83799744 0.035541 0.396211 0.917471
44.81800079 -57.04700089 255.82499695 0.037646 0.356984 0.933352
44.51800156 -57.64699936 256.10598755 0.011770 0.422427 0.906321
44.81800079 -57.64699936 256.09799194 0.006580 0.448783 0.893617
44.51800156 -57.94699860 256.24301147 -0.003840 0.385249 0.922805
44.81800079 -57.94699860 256.24600220 0.006557 0.434043 0.900868
35.21799850 -41.51900101 261.61801147 0.999999 -0.000978 -0.000978
35.21799850 -41.68600082 261.31799316 0.999999 -0.000978 -0.000978
45.41799927 -57.94699860 256.20999146 0.086155 0.400691 0.912153
45.11800003 -57.64699936 256.10198975 0.030418 0.416599 0.908582
45.41799927 -57.64699936 256.07800293 -0.032351 0.358444 0.932990
35.21799850 -41.29199982 262.21798706 0.476509 -0.789875 0.386053
45.11800003 -57.94699860 256.23800659 0.054698 0.396226 0.916522
34.99700165 -41.44699860 262.21798706 0.538261 -0.767790 0.347526
35.21799850 -41.45399857 261.91799927 0.531715 -0.792017 0.299982
34.91799927 -41.61999893 261.91799927 0.449249 -0.810567 0.375707
35.81800079 -40.63000107 262.81799316 0.999999 -0.000978 -0.000978
35.51800156 -40.87400055 262.81799316 0.706421 -0.658797 0.258757
35.81800079 -40.75199890 262.51800537 0.999999 0.000978 0.000978
35.51800156 -40.99100113 262.51800537 0.444227 -0.823638 0.352536
35.51800156 -40.60900116 263.41799927 0.999999 0.000978 0.000978
35.89799881 -40.24700165 263.41799927 0.578325 -0.775802 0.252332
35.51800156 -40.54700089 263.53900146 0.999999 0.000978 0.000978
35.81800079 -40.49100113 263.11801147 0.612227 -0.700860 0.366023
35.81800079 -40.08499908 264.01800537 0.993026 -0.108595 0.045901
35.51800156 -40.29100037 264.01800537 0.999999 -0.000978 -0.000978
35.81800079 -40.20899963 263.71798706 0.705390 -0.654436 0.272284
35.51800156 -40.45800018 263.71798706 0.999999 0.000978 0.000978
36.11800003 -39.64699936 264.57901001 0.591778 -0.756778 0.277644
36.11800003 -39.74300003 264.31799316 0.999999 0.000978 0.000978
36.41799927 -39.14500046 265.21798706 0.664590 -0.661324 0.347808
36.21699905 -39.34700012 265.21798706 0.648744 -0.645426 0.403184
36.41799927 -38.90200043 265.81799316 0.999999 -0.000978 -0.000978
36.11800003 -39.16899872 265.81799316 0.799109 0.575540 -0.173719
36.41799927 -38.98699951 265.51800537 0.999999 -0.000978 -0.000978
36.11800003 -39.25899887 265.51800537 0.018532 -0.957492 0.287865
37.31800079 -40.11399841 261.31799316 0.498330 -0.824340 0.268570
37.31800079 -39.99499893 261.61801147 0.553544 -0.730941 0.399143
37.61800003 -39.88499832 261.31799316 0.999999 -0.000978 -0.000978
37.61800003 -39.75400162 261.61801147 0.999999 0.000978 0.000978
37.01800156 -38.21699905 266.41799927 0.999999 0.000978 0.000978
36.71799850 -38.40499878 266.41799927 0.999999 -0.000978 -0.000978
37.01800156 -38.31600189 266.11801147 0.999999 -0.000978 -0.000978
36.71799850 -38.55599976 266.11801147 0.999999 0.000978 0.000978
36.71799850 -38.28799820 266.71798706 0.597823 -0.753226 0.274333
37.31800079 -39.78900146 261.91799927 0.551857 -0.729769 0.403597
37.61800003 -39.59299850 261.91799927 0.999999 -0.000978 -0.000978
37.31800079 -39.66400146 262.21798706 0.999999 0.000978 0.000978
37.61800003 -39.46400070 262.21798706 0.999999 -0.000978 -0.000978
37.01800156 -37.92100143 267.01800537 0.616490 -0.737558 0.275588
36.77000046 -38.14699936 267.01800537 0.630198 -0.728616 0.268271
37.01800156 -38.06299973 266.71798706 0.999999 0.000978 0.000978
37.91799927 -39.38399887 261.91799927 0.999999 0.000978 0.000978
37.31800079 -39.57300186 262.51800537 0.999999 -0.000978 -0.000978
37.61800003 -39.35800171 262.51800537 0.999999 0.000978 0.000978
37.31800079 -39.48899841 262.81799316 0.999999 -0.000978 -0.000978
37.31800079 -37.62400055 267.31799316 0.798811 -0.549669 0.244470
37.61800003 -39.24700165 262.81799316 0.999999 0.000978 0.000978
37.26699829 -37.54700089 267.61801147 0.635086 -0.700056 0.326476
37.91799927 -39.14699936 262.51800537 0.999999 0.000978 0.000978
38.21799850 -38.92900085 262.51800537 0.999999 0.000978 0.000978
37.91799927 -38.98600006 262.81799316 0.954905 -0.260910 0.141713
38.21799850 -38.76599884 262.81799316 0.999999 0.000978 0.000978
37.91799927 -38.74800110 263.41799927 0.579935 -0.784072 0.221149
37.61800003 -39.17599869 263.11801147 0.387307 -0.867997 0.310764
37.85699844 -39.04700089 263.11801147 0.473984 -0.876661 -0.082493
37.31800079 -39.24100113 263.41799927 0.999999 0.000978 0.000978
37.61800003 -39.03400040 263.41799927 0.510166 -0.749665 0.421584
43.61800003 -54.98699951 267.91799927 -0.285005 0.848851 -0.445223
43.31800079 -55.08800125 267.91799927 -0.085574 0.873977 -0.478373
43.85300064 -54.94699860 267.61801147 -0.615746 0.734097 -0.286282
38.21799850 -38.61500168 263.11801147 0.999999 -0.000978 -0.000978
38.21799850 -38.52700043 263.41799927 0.126092 -0.951666 0.280058
37.91799927 -38.66400146 263.71798706 0.638799 -0.732970 0.233860
38.15800095 -38.44699860 263.71798706 0.636110 -0.704091 0.315627
37.91799927 -38.55599976 264.01800537 0.999999 0.000978 0.000978
38.21799850 -38.24599838 264.01800537 0.668034 -0.708710 0.226850
43.31800079 -53.78900146 270.91799927 0.022141 0.920795 -0.389417
44.81800079 -42.50899887 252.61799622 -0.999999 -0.000978 -0.000978
44.81800079 -42.54499817 252.31799316 -0.314179 -0.942538 0.113639
44.51800156 -42.44499969 252.31799316 -0.316184 -0.881987 0.349467
44.51800156 -42.32699966 252.61799622 -0.999999 -0.000978 -0.000978
44.21799850 -42.42800140 252.01800537 -0.353764 -0.868331 0.347639
44.21799850 -42.56900024 251.71800232 -0.414478 -0.824193 0.385894
43.91799927 -42.43399811 251.71800232 -0.396140 -0.843950 0.361693
43.91799927 -42.25699997 252.01800537 -0.312006 -0.875140 0.369842
43.31800079 -41.96900177 252.01800537 -0.326379 -0.868812 0.372348
43.61800003 -42.15000153 252.01800537 -0.320680 -0.853597 0.410532
43.61800003 -42.28699875 251.71800232 -0.418315 -0.831894 0.364644
43.31800079 -42.09400177 251.71800232 -0.344566 -0.868306 0.356817
43.31800079 -42.21599960 251.41799927 -0.382305 -0.835407 0.394891
42.71799850 -41.99700165 251.41799927 -0.315539 -0.892782 0.321521
43.01800156 -42.09199905 251.41799927 -0.318194 -0.875415 0.363868
43.01800156 -42.22399902 251.11799622 -0.407791 -0.845268 0.345294
42.71799850 -42.08900070 251.11799622 -0.295721 -0.918899 0.261100
51.00799942 -47.44699860 265.81799316 -0.989089 -0.054118 0.137022
51.02999878 -47.74700165 265.81799316 -0.990040 -0.032813 0.136908
50.96099854 -47.44699860 265.51800537 -0.981799 0.140257 0.128061
50.93000031 -47.74700165 265.51800537 -0.981970 -0.068342 0.176251
43.01800156 -39.37400055 257.41799927 -0.356829 -0.883793 0.302627
43.01800156 -39.49000168 257.11801147 -0.365934 -0.868135 0.335312
42.71799850 -39.36399841 257.11801147 -0.321766 -0.890468 0.321766
49.91799927 -54.68899918 257.11801147 -0.999999 0.000978 0.000978
50.21799850 -54.47499847 257.11801147 -0.450827 0.857634 -0.247424
49.91799927 -54.61700058 257.41799927 -0.999999 0.000978 0.000978
50.21799850 -54.39599991 257.41799927 -0.999999 0.000978 0.000978
49.61800003 -54.90000153 257.11801147 -0.999999 0.000978 0.000978
49.61800003 -54.82099915 257.41799927 -0.999999 0.000978 0.000978
49.31800079 -55.13499832 257.11801147 -0.999999 0.000978 0.000978
49.31800079 -55.03699875 257.41799927 -0.074094 0.947624 -0.310675
51.02999878 -48.64699936 264.61801147 -0.996925 -0.020258 0.075702
51.04499817 -48.94699860 264.61801147 -0.997249 -0.030997 0.067338
50.99499893 -48.64699936 264.31799316 -0.995999 -0.031498 0.083633
51.03599930 -48.94699860 264.31799316 -0.991976 -0.081048 0.097029
51.01599884 -49.24700165 264.01800537 -0.989017 -0.131019 -0.068408
51.06499863 -49.54700089 264.01800537 -0.987760 -0.141109 -0.066473
51.08499908 -49.24700165 263.71798706 -0.984178 -0.170497 -0.048209
51.09199905 -49.54700089 263.71798706 -0.999114 -0.036088 -0.021653
51.07500076 -49.84700012 263.41799927 -0.998844 -0.001022 -0.048051
51.07799911 -50.14699936 263.41799927 -0.998472 -0.043047 -0.034647
51.10300064 -50.14699936 263.11801147 -0.996852 0.079115 -0.005274
49.61800003 -54.68299866 257.71798706 -0.999999 -0.000978 -0.000978
49.31800079 -54.73500061 258.01800537 -0.293092 0.955949 0.016077
49.61800003 -54.64300156 258.01800537 -0.291998 0.947994 -0.126666
49.21500015 -54.94699860 257.71798706 -0.633584 0.653539 -0.414075
48.71799850 -55.36299896 257.71798706 -0.999999 0.000978 0.000978
49.01800156 -55.13800049 257.71798706 -0.646920 0.713678 -0.268623
48.71799850 -55.23600006 258.01800537 -0.999999 0.000978 0.000978
49.01800156 -55.00500107 258.01800537 -0.999999 0.000978 0.000978
48.71799850 -55.11500168 258.31799316 -0.999999 0.000978 0.000978
48.71799850 -54.99300003 258.61801147 -0.999999 -0.000978 -0.000978
49.01800156 -54.89899826 258.31799316 -0.431414 0.842582 -0.322393
49.01800156 -54.77600098 258.61801147 -0.999999 0.000978 0.000978
48.41799927 -55.34099960 258.31799316 -0.999999 0.000978 0.000978
48.11800003 -55.43500137 258.61801147 -0.999999 -0.000978 -0.000978
48.41799927 -55.20800018 258.61801147 -0.999999 -0.000978 -0.000978
45.41799927 -56.10100174 261.91799927 -0.999999 0.000978 0.000978
45.41799927 -55.96099854 262.21798706 -0.571948 0.725996 -0.381845
45.71799850 -55.87200165 261.91799927 -0.728312 0.615769 -0.300650
46.01800156 -55.62300110 261.91799927 -0.334254 0.935100 -0.117733
45.71799850 -55.72499847 262.21798706 -0.999999 0.000978 0.000978
45.11800003 -56.06900024 262.51800537 -0.999999 0.000978 0.000978
45.41799927 -55.78699875 262.51800537 -0.530986 0.773077 -0.346997
45.11800003 -55.96300125 262.81799316 -0.410124 0.891764 -0.191196
45.41799927 -55.69200134 262.81799316 -0.999999 0.000978 0.000978
50.13000107 -43.84700012 256.21798706 -0.913008 -0.262726 0.312077
50.21599960 -44.14699936 256.21798706 -0.973273 -0.206149 -0.101200
49.91799927 -43.71500015 255.91799927 -0.674839 -0.684411 0.275998
50.28799820 -44.14699936 255.91799927 -0.992383 -0.119443 0.030140
49.91799927 -43.85699844 255.61799622 -0.999999 0.000978 0.000978
50.19800186 -44.14699936 255.61799622 -0.920700 -0.265725 0.285834
49.91799927 -43.92800140 255.31799316 -0.758257 -0.634645 0.149239
50.10100174 -44.14699936 255.31799316 -0.815843 -0.467328 0.340595
44.81800079 -56.05199814 263.11801147 -0.285243 0.908389 -0.305722
44.81800079 -55.92499924 263.41799927 -0.999999 0.000978 0.000978
50.28200150 -44.44699860 255.61799622 -0.979684 -0.183311 0.081337
50.30899811 -44.74700165 255.61799622 -0.995468 -0.067246 -0.067246
50.21900177 -44.44699860 255.31799316 -0.914770 -0.291393 0.279795
50.29100037 -44.74700165 255.31799316 -0.981682 -0.154874 0.110973
50.09799957 -44.44699860 255.01800537 -0.844189 -0.410391 0.344854
50.24200058 -44.74700165 255.01800537 -0.929344 -0.292807 0.224910
49.91799927 -44.43500137 254.71800232 -0.730063 -0.538895 0.420239
49.92399979 -44.44699860 254.71800232 -0.730063 -0.538895 0.420239
50.14699936 -44.74700165 254.71800232 -0.901416 -0.340797 0.267032
34.61800003 -42.53900146 260.41799927 0.594085 -0.724296 0.349941
34.31800079 -42.77999878 260.41799927 0.591751 -0.734420 0.332353
34.61800003 -42.68099976 260.11801147 0.753373 -0.594097 0.281918
34.31800079 -42.91600037 260.11801147 0.999999 0.000978 0.000978
50.28499985 -45.04700089 255.01800537 -0.991452 -0.099949 0.083866
50.30300140 -45.34700012 255.01800537 -0.999642 -0.023295 -0.013167
50.26399994 -45.04700089 254.71800232 -0.963762 -0.254555 0.079786
50.30400085 -45.34700012 254.71800232 -0.991388 -0.121510 0.048831
34.31800079 -43.10800171 259.51800537 0.456013 -0.797621 0.394782
50.23600006 -45.04700089 254.41799927 -0.980839 -0.146082 0.128896
50.27299881 -45.34700012 254.41799927 -0.993622 -0.091148 0.066391
34.01800156 -43.44900131 259.21798706 0.540480 -0.757970 0.365189
50.18500137 -45.04700089 254.11799622 -0.954108 -0.252205 0.161464
50.26399994 -45.34700012 254.11799622 -0.982370 -0.182356 0.041177
34.61800003 -43.00099945 259.21798706 0.999999 0.000978 0.000978
34.31800079 -43.23500061 259.21798706 0.999999 0.000978 0.000978
34.61800003 -43.06999969 258.91799927 0.999999 0.000978 0.000978
34.31800079 -43.34799957 258.91799927 0.624222 -0.708532 0.329135
50.28200150 -45.64699936 253.81799316 -0.998083 0.026404 0.055977
50.24100113 -45.94699860 253.81799316 -0.998497 -0.003098 0.054726
50.25899887 -45.64699936 253.51800537 -0.984774 -0.040789 0.168985
50.26200104 -45.94699860 253.51800537 -0.999916 -0.010923 -0.006951
50.24200058 -46.24700165 253.21800232 -0.998152 -0.024191 0.055745
50.25899887 -46.54700089 253.21800232 -0.996461 -0.042287 0.072647
50.23099899 -46.24700165 252.91799927 -0.997747 0.054306 0.039399
50.24300003 -46.54700089 252.91799927 -0.998013 -0.043484 0.045605
50.33300018 -46.84700012 252.61799622 -0.996291 -0.084540 -0.016052
50.28200150 -47.14699936 252.61799622 -0.998710 0.023952 -0.044781
50.26599884 -46.84700012 252.31799316 -0.960203 -0.205285 0.189392
50.30199814 -47.14699936 252.31799316 -0.994226 -0.054554 0.092408
42.11800003 -57.39599991 261.91799927 0.359529 0.836807 -0.412908
42.41799927 -57.51200104 261.91799927 0.369662 0.846947 -0.382140
42.41799927 -57.38600159 262.21798706 0.306224 0.860197 -0.407785
42.11800003 -57.23699951 262.21798706 0.389589 0.818932 -0.421392
41.51800156 -57.10499954 261.91799927 0.415803 0.839450 -0.349902
41.81800079 -57.25400162 261.91799927 0.409055 0.841619 -0.352634
41.81800079 -57.10100174 262.21798706 0.372043 0.827993 -0.419538
41.51800156 -56.91999817 262.21798706 0.506809 0.786761 -0.352353
40.91799927 -56.53300095 262.51800537 0.390254 0.878448 -0.275739
41.21799850 -56.65299988 262.51800537 0.317305 0.908047 -0.273438
41.21799850 -56.54000092 262.81799316 0.306361 0.870311 -0.385619
40.91799927 -56.42100143 262.81799316 0.347646 0.878982 -0.326392
40.31800079 -56.22900009 262.51800537 0.370600 0.891524 -0.260462
40.61800003 -56.35400009 262.51800537 0.352054 0.873278 -0.336814
40.61800003 -56.23199844 262.81799316 0.474623 0.785639 -0.396869
40.31800079 -56.05899811 262.81799316 0.458323 0.788705 -0.409738
39.71799850 -55.62099838 263.11801147 0.444917 0.854669 -0.267562
40.01800156 -55.77600098 263.11801147 0.418120 0.847120 -0.327968
40.01800156 -55.65200043 263.41799927 0.319298 0.869284 -0.377352
39.71799850 -55.52500153 263.41799927 0.411042 0.857493 -0.309436
39.11800003 -55.29100037 263.11801147 0.390181 0.832492 -0.393340
39.41799927 -55.43299866 263.11801147 0.467047 0.836341 -0.287056
39.41799927 -55.36600113 263.41799927 0.485902 0.838449 -0.246783
39.11800003 -55.15800095 263.41799927 0.523456 0.816838 -0.242426
50.21799850 -54.64699936 254.70199585 -0.109866 0.345874 0.931826
49.91799927 -54.64699936 254.69500732 0.014420 0.423416 0.905821
50.21799850 -54.94699860 254.94099426 -0.263010 0.581141 0.770130
49.91799927 -54.94699860 254.83900452 -0.153990 0.427429 0.890837
39.41799927 -55.25600052 263.71798706 0.417632 0.855298 -0.306674
39.11800003 -55.11399841 263.71798706 0.423384 0.896328 -0.131688
39.41799927 -55.06999969 264.01800537 0.430055 0.823611 -0.369752
49.61800003 -54.94699860 254.83799744 -0.008789 0.332742 0.942977
49.31800079 -54.94699860 254.83299255 -0.013940 0.343439 0.939071
49.61800003 -54.64699936 254.71200562 0.022356 0.416868 0.908692
49.31800079 -54.64699936 254.70899963 -0.030458 0.419787 0.907111
39.11800003 -54.92300034 264.01800537 0.423345 0.822907 -0.378949
49.01800156 -54.04700089 254.42900085 0.018820 0.319933 0.947253
49.01800156 -54.34700012 254.53500366 -0.024939 0.402965 0.914875
48.71799850 -54.34700012 254.53799438 0.035724 0.403545 0.914262
48.71799850 -54.04700089 254.41499329 -0.003766 0.340228 0.940335
50.78499985 -41.74700165 268.81799316 -0.961334 -0.175387 -0.212311
50.79100037 -41.44699860 268.51800537 -0.983345 -0.153233 0.097731
50.85100174 -41.74700165 268.51800537 -0.998535 -0.051127 0.017738
48.41799927 -54.04700089 254.42599487 0.065095 0.365329 0.928600
48.41799927 -54.34700012 254.55900574 0.060952 0.418537 0.906152
48.11800003 -54.34700012 254.57800293 0.057315 0.385213 0.921046
50.65999985 -40.84700012 267.61801147 -0.980956 -0.116343 0.155532
50.69599915 -41.14699936 267.61801147 -0.988488 -0.104608 0.109310
50.59899902 -40.84700012 267.31799316 -0.991670 -0.078922 0.101798
50.64799881 -41.14699936 267.31799316 -0.985948 -0.122796 0.113259
50.57199860 -40.24700165 266.41799927 -0.997039 -0.039882 -0.065751
50.55500031 -40.54700089 266.41799927 -0.999291 0.037537 -0.003044
50.58499908 -40.24700165 266.11801147 -0.993617 -0.107448 0.034339
50.57899857 -40.54700089 266.11801147 -0.999081 -0.025883 -0.034165
50.50199890 -40.54700089 265.51800537 -0.984526 -0.119009 0.128626
37.91799927 -54.13199997 264.31799316 0.446454 0.857862 -0.254463
38.21799850 -54.28499985 264.31799316 0.395365 0.836409 -0.379613
38.21799850 -54.13199997 264.61801147 0.426347 0.848044 -0.314722
37.91799927 -54.01100159 264.61801147 0.379032 0.846972 -0.372792
50.55099869 -40.24700165 265.81799316 -0.989656 -0.103745 0.099082
50.57600021 -40.54700089 265.81799316 -0.984526 -0.119009 0.128626
50.52500153 -40.24700165 265.51800537 -0.985492 -0.055075 0.160538
37.31800079 -53.86100006 264.31799316 0.361587 0.863192 -0.352355
37.61800003 -53.97399902 264.31799316 0.384504 0.851514 -0.356484
37.61800003 -53.86399841 264.61801147 0.406144 0.838947 -0.362237
50.45399857 -40.24700165 265.21798706 -0.967851 -0.132038 0.214081
50.49800110 -40.54700089 265.21798706 -0.991423 -0.129895 -0.014433
50.21799850 -40.06600189 264.91799927 -0.670400 -0.657351 0.344171
50.39300156 -40.24700165 264.91799927 -0.821353 -0.489683 0.292558
50.51100159 -40.54700089 264.91799927 -0.990240 -0.103078 0.093812
37.31800079 -53.72000122 264.61801147 0.418896 0.807298 -0.415686
36.71799850 -53.62200165 264.31799316 0.212135 0.876724 -0.431687
37.01800156 -53.68099976 264.31799316 0.176762 0.903927 -0.389450
36.71799850 -53.45600128 264.61801147 0.344621 0.793429 -0.501704
37.01800156 -53.55199814 264.61801147 0.375916 0.846980 -0.375916
36.71799850 -53.26699829 264.91799927 0.372841 0.808089 -0.456050
37.01800156 -53.41699982 264.91799927 0.410346 0.859115 -0.305839
37.01800156 -53.33900070 265.21798706 0.381800 0.894799 -0.231439
36.71799850 -53.10499954 265.21798706 0.368596 0.839145 -0.399966
36.11800003 -52.99399948 264.91799927 0.393303 0.816859 -0.421964
36.41799927 -53.13999939 264.91799927 0.375748 0.826012 -0.420140
36.41799927 -52.98600006 265.21798706 0.359919 0.819728 -0.445539
36.11800003 -52.84199905 265.21798706 0.393327 0.820094 -0.415620
36.11800003 -52.59700012 265.51800537 0.388249 0.872419 -0.296897
36.41799927 -52.79999924 265.51800537 0.494368 0.768473 -0.406263
36.41799927 -52.66999817 265.81799316 0.999999 0.000978 0.000978
39.41799927 -47.44699860 251.80099487 0.051596 0.377046 0.924756
39.11800003 -47.44699860 251.81199646 0.035090 0.367798 0.929243
39.41799927 -47.74700165 251.91900635 -0.019436 0.382241 0.923858
39.11800003 -47.74700165 251.92199707 0.011612 0.385780 0.922518
35.51800156 -52.39099884 265.51800537 0.347830 0.891220 -0.291102
35.81800079 -52.46300125 265.51800537 0.315959 0.916136 -0.246708
35.51800156 -52.26200104 265.81799316 0.390648 0.851332 -0.350182
35.81800079 -52.40399933 265.81799316 0.353528 0.906371 -0.231321
37.91799927 -47.14699936 251.71800232 0.017016 0.414926 0.909696
34.91799927 -51.99100113 265.51800537 0.541562 0.735800 -0.406583
35.21799850 -52.23099899 265.51800537 0.465346 0.804362 -0.369399
35.21799850 -52.07300186 265.81799316 0.999999 0.000978 0.000978
34.91799927 -51.87799835 265.81799316 0.999999 -0.000978 -0.000978
37.01800156 -46.54700089 251.45799255 0.079804 0.477423 0.875042
36.71799850 -46.54700089 251.48199463 0.046803 0.410526 0.910647
37.01800156 -46.24700165 251.29100037 0.019680 0.415896 0.909199
36.71799850 -46.24700165 251.33099365 0.109712 0.406906 0.906858
35.21799850 -51.95399857 266.11801147 0.999999 -0.000978 -0.000978
36.41799927 -46.54700089 251.48899841 0.029309 0.335142 0.941712
36.11800003 -46.54700089 251.50000000 -0.016588 0.353451 0.935306
36.41799927 -46.24700165 251.36300659 0.074865 0.412437 0.907905
36.11800003 -46.24700165 251.38099670 0.006465 0.399521 0.916701
34.27899933 -43.54700089 258.61801147 0.702446 -0.634310 0.322833
34.61800003 -43.18999863 258.61801147 0.466546 -0.803228 0.370351
34.61800003 -43.34700012 258.31799316 0.531202 -0.741709 0.409502
34.31800079 -43.58900070 258.31799316 0.903894 -0.391067 0.173330
34.01800156 -43.85100174 258.61801147 0.650031 -0.679356 0.340492
34.01800156 -43.88999939 258.31799316 0.999999 -0.000978 -0.000978
33.71799850 -44.14699936 258.54699707 -0.000978 -0.999999 -0.000978
33.77399826 -44.14699936 258.31799316 0.859030 -0.466245 0.211384
34.01800156 -43.92800140 258.01800537 0.624702 -0.749331 0.219658
33.91999817 -44.14699936 257.71798706 0.638537 -0.693779 0.333079
34.09199905 -44.14699936 257.41799927 0.630041 -0.682681 0.370128
34.27399826 -44.14699936 257.11801147 0.628640 -0.693953 0.351058
33.71799850 -44.34799957 257.71798706 0.000978 0.000978 0.999999
33.65900040 -44.74700165 257.41799927 0.823792 -0.461512 0.329202
33.80199814 -44.44699860 257.41799927 0.816975 -0.415654 0.399729
33.95999908 -44.44699860 257.11801147 -0.000978 -0.999999 -0.000978
33.75699997 -44.74700165 257.11801147 0.740607 -0.627393 0.240579
34.11600113 -44.44699860 256.81799316 0.665343 -0.662073 0.344932
33.71799850 -44.79299927 257.11801147 0.813160 -0.523968 0.253432
43.61800003 -58.84700012 256.70199585 -0.089235 0.502829 0.859767
43.31800079 -58.84700012 256.69198608 -0.017556 0.495626 0.868359
33.65200043 -45.04700089 256.81799316 0.932770 -0.342512 0.112366
33.50699997 -45.34700012 256.81799316 0.911247 -0.401497 0.091810
33.63100052 -45.04700089 256.51800537 0.896857 -0.426605 0.116859
33.52999878 -45.34700012 256.51800537 0.957924 -0.272035 0.091538
33.45000076 -48.64699936 252.91799927 0.914390 0.003880 0.404815
33.42699814 -48.94699860 253.21800232 0.990713 0.077273 -0.111873
33.42800140 -48.64699936 253.21800232 0.999260 -0.031837 0.021567
47.21799850 -44.28699875 251.41799927 -0.288727 -0.866180 0.407884
46.91799927 -44.15599823 251.41799927 -0.370195 -0.845045 0.385816
47.21799850 -44.41400146 251.11799622 -0.323332 -0.878918 0.350656
46.91799927 -44.29299927 251.11799622 -0.321133 -0.848599 0.420421
43.01800156 -38.53099823 259.51800537 -0.418874 -0.875282 0.241716
42.71799850 -38.37599945 259.51800537 -0.437737 -0.849179 0.295434
42.71799850 -38.15599823 259.81799316 -0.472751 -0.767198 0.433491
43.01800156 -38.35200119 259.81799316 -0.504792 -0.759639 0.410041
33.52999878 -49.54700089 253.21800232 0.983095 0.180759 0.029155
33.47499847 -49.24700165 253.21800232 0.984607 0.169357 0.043215
42.11800003 -37.94100189 259.51800537 -0.276874 -0.906799 0.317893
42.41799927 -37.98600006 259.81799316 -0.410826 -0.823238 0.391792
42.11800003 -37.83599854 259.81799316 -0.387153 -0.850492 0.356056
42.41799927 -38.16600037 259.51800537 -0.517722 -0.714156 0.471110
33.47700119 -48.94699860 253.51800537 0.995992 0.044727 -0.077454
33.43700027 -48.64699936 253.51800537 0.988588 0.131579 -0.073358
33.47299957 -48.94699860 253.81799316 0.998982 -0.009240 -0.044148
33.47200012 -48.64699936 253.81799316 0.998070 0.030694 -0.053978
43.01800156 -38.20800018 260.11801147 -0.482057 -0.806610 0.342054
42.71799850 -38.04000092 260.11801147 -0.468866 -0.819331 0.329942
42.71799850 -37.91400146 260.41799927 -0.415345 -0.838526 0.352651
43.01800156 -38.09799957 260.41799927 -0.493779 -0.770817 0.402520
33.50299835 -48.94699860 254.11799622 0.999486 0.019398 0.025523
33.47000122 -48.64699936 254.11799622 0.994568 0.101531 0.022926
33.45800018 -48.94699860 254.41799927 0.994173 0.096640 -0.047765
33.45800018 -48.64699936 254.41799927 0.999432 0.019397 -0.027563
43.61800003 -38.55199814 260.11801147 -0.352634 -0.841619 0.409055
43.31800079 -38.39599991 260.11801147 -0.386261 -0.846020 0.367495
43.31800079 -38.29499817 260.41799927 -0.272734 -0.911545 0.307737
43.61800003 -38.38499832 260.41799927 -0.332967 -0.825316 0.456054
33.53099823 -48.94699860 254.71800232 0.978598 0.129902 -0.159594
33.48600006 -48.64699936 254.71800232 0.986597 0.122286 -0.108039
33.55599976 -48.94699860 255.01800537 0.997383 0.067203 -0.026668
33.52299881 -48.64699936 255.01800537 0.993320 0.100119 -0.057372
43.61800003 -38.22100067 260.71798706 -0.384838 -0.840361 0.381697
43.91799927 -38.64699936 260.11801147 -0.344024 -0.869999 0.353198
43.91799927 -38.53699875 260.41799927 -0.439285 -0.823064 0.359992
44.21799850 -38.70399857 260.41799927 -0.438338 -0.853605 0.281459
44.21799850 -38.59099960 260.71798706 -0.400224 -0.857623 0.322961
43.91799927 -38.38499832 260.71798706 -0.480317 -0.805847 0.346275
43.91799927 -38.27799988 261.01800537 -0.431414 -0.842582 0.322393
44.21799850 -38.42100143 261.01800537 -0.408682 -0.806145 0.427914
47.51800156 -44.74700165 250.81799316 -0.308805 -0.175867 0.934725
47.51800156 -44.51300049 251.11799622 -0.281782 -0.848425 0.448079
47.81800079 -44.61299896 251.41799927 -0.486588 -0.761829 0.427607
47.51800156 -44.35499954 251.41799927 -0.255488 -0.885992 0.386968
33.45700073 -48.34700012 254.71800232 0.994981 0.058789 -0.080974
44.81800079 -58.24700165 256.42001343 -0.096403 0.889982 0.445689
44.51800156 -58.24700165 256.35598755 -0.033596 0.447499 0.893653
33.45000076 -48.04700089 254.71800232 0.998927 0.038380 -0.025933
33.49599838 -48.34700012 255.01800537 0.992372 0.103443 -0.067067
33.45999908 -48.04700089 255.01800537 0.992515 0.098910 -0.071625
44.21799850 -58.54700089 256.53799438 -0.030339 0.410231 0.911477
43.91799927 -58.54700089 256.51901245 0.003939 0.442477 0.896771
44.21799850 -58.24700165 256.39700317 0.044487 0.440829 0.896488
43.91799927 -58.24700165 256.38500977 -0.017166 0.437084 0.899257
44.21799850 -57.94699860 256.24301147 -0.025234 0.436949 0.899132
43.91799927 -57.94699860 256.22698975 -0.011785 0.425578 0.904845
44.21799850 -57.64699936 256.10501099 -0.003855 0.394537 0.918872
43.91799927 -57.64699936 256.10299683 0.035277 0.374986 0.926359
43.61800003 -57.94699860 256.23599243 0.019544 0.394787 0.918565
43.31800079 -57.94699860 256.23999023 0.041372 0.415057 0.908854
43.61800003 -57.64699936 256.12799072 0.022149 0.394766 0.918515
43.31800079 -57.64699936 256.11700439 -0.043666 0.390347 0.919632
48.11800003 -45.34700012 250.84100342 -0.226348 0.027545 0.973657
48.41799927 -45.34700012 250.92300415 -0.483948 -0.310547 0.818141
33.54700089 -48.94699860 255.31799316 0.991534 0.114977 -0.060334
33.52099991 -48.64699936 255.31799316 0.994314 0.083696 -0.065841
33.59199905 -48.94699860 255.61799622 0.936812 0.184041 -0.297510
44.21799850 -38.26800156 261.31799316 -0.484006 -0.803483 0.346632
33.56299973 -48.64699936 255.61799622 0.953951 0.108910 -0.279493
48.41799927 -45.14899826 251.11799622 -0.192571 -0.663984 0.722525
48.11800003 -45.04199982 251.11799622 -0.428441 -0.661833 0.615155
44.21799850 -38.16199875 261.61801147 -0.319308 -0.888966 0.328303
48.41799927 -44.92900085 251.41799927 -0.440307 -0.743740 0.502972
33.71799850 -48.94699860 255.90100098 0.909297 0.092168 -0.405813
43.01800156 -57.04700089 255.88200378 0.032588 0.374113 0.926810
42.71799850 -57.04700089 255.88299561 0.006492 0.414185 0.910169
44.51800156 -38.73099899 260.71798706 -0.401021 -0.838213 0.369569
44.51800156 -38.58100128 261.01800537 -0.466398 -0.810227 0.354972
43.01800156 -57.34700012 255.98100281 0.029425 0.339026 0.940317
42.71799850 -57.34700012 256.00500488 0.048837 0.376176 0.925260
48.11800003 -44.73400116 251.41799927 -0.352628 -0.871648 0.340416
42.41799927 -57.34700012 256.01300049 0.011632 0.394205 0.918949
42.11800003 -57.34700012 256.01300049 0.030874 0.449683 0.892654
33.49700165 -48.34700012 255.31799316 0.997901 0.045795 -0.045795
42.41799927 -57.04700089 255.88600159 -0.041272 0.414052 0.909317
42.11800003 -57.04700089 255.85600281 -0.003871 0.403860 0.914813
33.49300003 -48.04700089 255.31799316 0.997237 0.031063 -0.067482
33.52399826 -48.34700012 255.61799622 0.984089 0.102134 -0.145390
33.50099945 -48.04700089 255.61799622 0.992881 0.110818 -0.043655
48.71799850 -45.21500015 251.11799622 -0.312702 -0.841652 0.440272
49.01800156 -45.34700012 251.16299438 -0.504441 -0.537959 0.675381
48.71799850 -45.08700180 251.41799927 -0.318426 -0.862980 0.392264
49.01800156 -45.14799881 251.41799927 -0.317109 -0.835730 0.448326
39.11800003 -52.76599884 268.81799316 0.425892 0.843983 -0.326049
39.41799927 -52.92100143 268.81799316 0.386517 0.860808 -0.331080
39.41799927 -53.00400162 268.51800537 0.396129 0.852843 -0.340205
49.01800156 -45.04899979 251.71800232 -0.320776 -0.877193 0.357262
39.11800003 -52.88800049 268.51800537 0.374085 0.855274 -0.358563
48.71799850 -44.94400024 251.71800232 -0.320005 -0.841380 0.435519
48.71799850 -44.77600098 252.01800537 -0.332909 -0.839305 0.429812
49.01800156 -44.90399933 252.01800537 -0.385816 -0.845045 0.370195
42.11800003 -38.80300140 257.71798706 -0.365092 -0.826594 0.428311
42.41799927 -38.94300079 257.71798706 -0.415686 -0.807298 0.418896
42.41799927 -38.79399872 258.01800537 -0.407052 -0.828359 0.384878
39.71799850 -53.27000046 268.21798706 0.327479 0.892718 -0.309535
40.01800156 -53.46799850 268.21798706 0.999999 -0.000978 -0.000978
44.51800156 -38.46799850 261.31799316 -0.480100 -0.776298 0.408492
40.01800156 -53.61299896 267.91799927 0.384922 0.837402 -0.388064
44.81800079 -38.63800049 261.31799316 -0.335102 -0.860147 0.384518
39.71799850 -53.47100067 267.91799927 0.349585 0.871672 -0.343479
44.81800079 -38.51800156 261.61801147 -0.378042 -0.859467 0.344095
42.11800003 -38.65299988 258.01800537 -0.281951 -0.879022 0.384478
44.51800156 -38.26699829 261.61801147 -0.313909 -0.897096 0.310934
40.61800003 -54.00799942 267.61801147 0.429837 0.876035 -0.218637
40.31800079 -53.86100006 267.61801147 0.387394 0.883975 -0.261752
40.61800003 -54.22600174 267.31799316 0.291472 0.868312 -0.401346
40.31800079 -54.04999924 267.31799316 0.423074 0.769375 -0.478613
42.71799850 -39.11199951 257.71798706 -0.477297 -0.850044 0.222739
43.01800156 -39.28699875 257.71798706 -0.421251 -0.871189 0.252147
43.01800156 -39.09299850 258.01800537 -0.185495 -0.933053 0.308228
42.71799850 -39.03300095 258.01800537 -0.188780 -0.949333 0.251254
42.71799850 -38.79700089 258.31799316 -0.397797 -0.896137 0.196713
43.01800156 -38.99399948 258.31799316 -0.999999 -0.000978 -0.000978
43.01800156 -38.87400055 258.61801147 -0.406507 -0.848837 0.337977
42.71799850 -38.73099899 258.61801147 -0.425303 -0.867256 0.258814
41.51800156 -54.81100082 267.01800537 0.457757 0.790965 -0.405996
43.31800079 -39.16600037 258.31799316 -0.266837 -0.911328 0.313497
43.61800003 -39.25199890 258.31799316 -0.315231 -0.872597 0.373100
41.81800079 -54.97800064 267.01800537 -0.000978 -0.000978 -0.999999
43.31800079 -39.05899811 258.61801147 -0.335102 -0.860147 0.384518
43.61800003 -39.15700150 258.61801147 -0.339512 -0.907794 0.246255
41.81800079 -55.15000153 266.71798706 0.247869 0.902009 -0.353470
41.51800156 -54.95500183 266.71798706 0.999999 -0.000978 -0.000978
41.81800079 -56.44699860 255.62399292 0.042778 0.346110 0.937218
41.51800156 -56.44699860 255.64700317 0.035039 0.364665 0.930479
41.81800079 -56.74700165 255.74000549 0.022179 0.397912 0.917155
41.51800156 -56.74700165 255.76300049 0.049186 0.392159 0.918582
43.61800003 -39.08900070 258.91799927 -0.343170 -0.888646 0.304208
43.31800079 -38.89799881 258.91799927 -0.378009 -0.811841 0.444998
43.61800003 -38.95299911 259.21798706 -0.367335 -0.857115 0.361135
33.69499969 -48.64699936 255.91799927 0.930313 0.221638 -0.292223
43.91799927 -39.28300095 258.61801147 -0.370874 -0.879501 0.298213
43.91799927 -39.18099976 258.91799927 -0.368901 -0.883857 0.287592
44.21799850 -39.33900070 258.91799927 -0.422019 -0.829813 0.365118
43.91799927 -39.08800125 259.21798706 -0.363043 -0.884258 0.293748
44.21799850 -39.19900131 259.21798706 -0.375981 -0.867059 0.326874
41.51800156 -41.54499817 250.81799316 -0.458186 -0.857397 0.234385
41.81800079 -41.70500183 250.81799316 -0.443832 -0.832772 0.330913
41.51800156 -41.46300125 251.11799622 -0.366823 -0.897170 0.246022
42.09299850 -41.74700165 251.11799622 -0.467827 -0.799003 0.377798
41.81800079 -41.58599854 251.11799622 -0.418120 -0.847120 0.327968
41.81800079 -41.47399902 251.41799927 -0.421787 -0.845131 0.328403
41.81800079 -41.44699860 251.47000122 -0.999999 0.000978 0.000978
41.21799850 -56.44699860 255.64599609 -0.029911 0.373242 0.927252
40.91799927 -56.44699860 255.62800598 0.006482 0.405769 0.913953
41.21799850 -56.74700165 255.77200317 0.035589 0.399389 0.916090
40.91799927 -56.74700165 255.78599548 0.069087 0.405042 0.911684
42.36000061 -41.74700165 251.41799927 -0.000978 -0.000978 0.999999
42.11800003 -41.61999893 251.41799927 -0.416522 -0.825125 0.381680
41.81800079 -41.30400085 251.71800232 -0.999999 0.000978 0.000978
41.51800156 -41.15700150 252.01800537 -0.119973 -0.762794 0.635415
41.81800079 -41.20399857 252.01800537 -0.264009 -0.918983 0.292863
42.11800003 -41.48199844 251.71800232 -0.999999 -0.000978 -0.000978
42.41799927 -41.70299911 251.71800232 -0.523300 -0.793698 0.310163
42.41799927 -41.54999924 252.01800537 -0.492249 -0.760451 0.423563
42.11800003 -41.33800125 252.01800537 -0.414709 -0.840374 0.348982
49.31800079 -45.16299820 251.71800232 -0.380977 -0.867525 0.319776
33.58499908 -48.34700012 255.91799927 0.941856 0.276369 -0.191121
33.51900101 -48.04700089 255.91799927 0.975593 0.205453 -0.077506
49.61800003 -45.31100082 251.71800232 -0.506837 -0.818736 0.269793
33.64500046 -48.34700012 256.21798706 0.940976 0.323419 -0.099821
41.21799850 -55.84700012 255.40199280 -0.001283 0.391439 0.920203
40.91799927 -55.84700012 255.40299988 0.041372 0.415057 0.908854
41.21799850 -56.14699936 255.52999878 -0.016741 0.377326 0.925929
49.31800079 -45.09199905 252.01800537 -0.482668 -0.789380 0.379355
33.54899979 -48.04700089 256.21798706 0.976744 0.210246 -0.042049
40.91799927 -56.14699936 255.51899719 0.008869 0.350971 0.936344
49.61800003 -45.26499939 252.01800537 -0.464348 -0.875503 0.133698
42.71799850 -41.72600174 252.01800537 -0.346025 -0.854977 0.386369
40.61800003 -55.84700012 255.42900085 0.055206 0.413375 0.908886
40.31800079 -55.84700012 255.44000244 0.013650 0.306503 0.951772
40.61800003 -56.14699936 255.53599548 0.019128 0.348123 0.937254
40.31800079 -56.14699936 255.53199768 0.003794 0.355414 0.934701
44.51800156 -38.16299820 261.91799927 -0.382893 -0.854147 0.351890
44.81800079 -38.31399918 261.91799927 -0.410376 -0.815962 0.407183
44.81800079 -38.16400146 262.21798706 -0.423643 -0.810518 0.404459
42.71799850 -41.87200165 251.71800232 -0.381148 -0.842290 0.381148
43.01800156 -41.97399902 251.71800232 -0.326392 -0.878982 0.347646
43.01800156 -41.85400009 252.01800537 -0.349112 -0.865860 0.358340
42.71799850 -41.59999847 252.31799316 -0.359628 -0.859712 0.362715
43.01800156 -41.72499847 252.31799316 -0.339720 -0.854730 0.392462
43.01800156 -41.57799911 252.61799622 -0.378093 -0.815214 0.438716
42.71799850 -41.41799927 252.61799622 -0.431647 -0.807132 0.402764
50.93000031 -49.84700012 261.01800537 -0.997901 -0.045795 0.045795
50.97399902 -50.14699936 261.01800537 -0.997440 -0.060937 0.037417
50.94900131 -49.84700012 260.71798706 -0.992205 -0.119691 0.034677
50.97100067 -50.14699936 260.71798706 -0.985101 0.064887 0.159268
43.31800079 -41.69599915 252.61799622 -0.350182 -0.851332 0.390648
50.90900040 -49.84700012 260.41799927 -0.989988 -0.068156 0.123604
50.87799835 -50.14699936 260.41799927 -0.984091 0.036188 0.173938
50.87500000 -49.84700012 260.11801147 -0.995264 -0.047394 0.084868
50.86500168 -50.14699936 260.11801147 -0.995090 -0.096790 -0.020663
43.31800079 -41.83800125 252.31799316 -0.384376 -0.839351 0.384376
43.61800003 -41.99800110 252.31799316 -0.395231 -0.808064 0.436835
43.61800003 -41.82600021 252.61799622 -0.387855 -0.815613 0.429354
39.71799850 -55.49800110 255.31799316 0.077222 0.498433 0.863482
39.41799927 -55.24700165 255.16099548 0.047621 0.328198 0.943408
39.11800003 -55.24700165 255.18099976 0.013801 0.327467 0.944762
43.91799927 -42.13000107 252.31799316 -0.353844 -0.849538 0.391255
44.21799850 -42.33000183 252.31799316 -0.341651 -0.893665 0.290926
44.21799850 -42.11700058 252.61799622 -0.385680 -0.847872 0.363820
43.91799927 -41.98099899 252.61799622 -0.405412 -0.831331 0.380172
50.75999832 -49.24700165 260.41799927 -0.992580 0.005472 0.121473
40.01800156 -55.24700165 255.15699768 0.014270 0.398259 0.917162
50.83700180 -49.54700089 260.41799927 -0.965108 -0.241597 0.100985
39.71799850 -55.24700165 255.15100098 0.006604 0.453006 0.891483
40.01800156 -55.54700089 255.29100037 0.110312 0.420305 0.900653
50.79100037 -49.24700165 260.11801147 -0.995473 -0.022797 -0.092274
50.83599854 -49.54700089 260.11801147 -0.989611 -0.138112 -0.039950
45.11800003 -38.65000153 261.61801147 -0.380143 -0.843198 0.380143
43.91799927 -41.69200134 253.21800232 -0.999999 0.000978 0.000978
43.91799927 -41.85699844 252.91799927 -0.398140 -0.826419 0.398140
44.21799850 -41.98799896 252.91799927 -0.386369 -0.854977 0.346025
44.50799942 -42.04700089 253.21800232 -0.447630 -0.790221 0.418542
44.21799850 -41.87400055 253.21800232 -0.480805 -0.825355 0.296000
45.11800003 -38.49399948 261.91799927 -0.415635 -0.803989 0.425264
45.41799927 -38.64799881 261.91799927 -0.424452 -0.821879 0.379940
45.41799927 -38.47399902 262.21798706 -0.390228 -0.829431 0.399707
45.11800003 -38.33300018 262.21798706 -0.416201 -0.805085 0.422629
49.61800003 -45.08399963 252.31799316 -0.572136 -0.738397 0.356974
49.31800079 -44.87900162 252.31799316 -0.282232 -0.899893 0.332473
49.31800079 -44.76800156 252.61799622 -0.265246 -0.907111 0.326794
49.61800003 -44.97600174 252.61799622 -0.999999 -0.000978 -0.000978
33.64799881 -48.34700012 256.51800537 0.949389 0.313981 0.008687
33.54499817 -48.04700089 256.51800537 0.977834 0.209119 -0.010514
33.63999939 -48.34700012 256.81799316 0.966993 0.244570 0.071490
44.51800156 -42.19900131 252.91799927 -0.454873 -0.809195 0.371879
33.55500031 -48.04700089 256.81799316 0.986740 0.156533 -0.042902
44.81800079 -42.26699829 253.21800232 -0.502793 -0.755009 0.420905
44.21799850 -41.77199936 253.51800537 -0.326036 -0.894739 0.305194
50.71500015 -48.04700089 259.21798706 -0.993227 -0.003256 0.116148
39.41799927 -54.94699860 255.05999756 0.048837 0.376176 0.925260
39.11800003 -54.94699860 255.06700134 0.032588 0.374113 0.926810
50.70199966 -48.34700012 259.21798706 -0.997349 -0.071012 0.015898
39.41799927 -54.64699936 254.91700745 0.052265 0.411419 0.909947
50.67699814 -48.04700089 258.91799927 -0.997312 -0.028861 0.067343
39.11800003 -54.64699936 254.93899536 0.096402 0.440094 0.892762
50.70600128 -48.34700012 258.91799927 -0.998945 -0.045917 -0.001020
44.51800156 -41.88100052 253.51800537 -0.354290 -0.818204 0.452792
44.81800079 -42.03200150 253.51800537 -0.408183 -0.808362 0.424190
44.81800079 -41.87500000 253.81799316 -0.450482 -0.830330 0.328051
44.51800156 -41.72000122 253.81799316 -0.431162 -0.835671 0.340226
38.81800079 -54.94699860 255.08099365 -0.028754 0.298792 0.953885
38.51800156 -54.94699860 255.04899597 -0.048142 0.350003 0.935511
38.81800079 -54.64699936 254.98199463 0.027168 0.366118 0.930172
38.51800156 -54.64699936 254.95700073 -0.023987 0.324457 0.945596
50.67399979 -48.04700089 258.61801147 -0.997304 -0.069183 0.024480
50.70299911 -48.34700012 258.61801147 -0.999094 -0.032095 0.027954
50.66199875 -48.04700089 258.31799316 -0.994717 -0.102381 0.007544
50.68899918 -48.34700012 258.31799316 -0.993741 -0.070741 0.086461
45.22999954 -42.34700012 253.51800537 -0.660847 -0.600618 0.450045
45.42599869 -42.34700012 253.81799316 -0.682324 -0.582227 0.442092
45.11800003 -42.04299927 253.81799316 -0.478116 -0.852162 0.212663
38.81800079 -54.34700012 254.84599304 0.103419 0.474596 0.874107
38.51800156 -54.34700012 254.84399414 -0.043356 0.374437 0.926238
49.92399979 -45.34700012 252.31799316 -0.937868 -0.304359 0.166640
45.71799850 -42.16699982 254.41799927 -0.488195 -0.736429 0.468336
49.99900055 -45.34700012 252.61799622 -0.866143 -0.450274 0.216910
45.71799850 -38.65200043 262.21798706 -0.326496 -0.866056 0.378612
46.01800156 -42.13800049 254.71800232 -0.316612 -0.889814 0.328616
45.71799850 -42.03099823 254.71800232 -0.319834 -0.854434 0.409449
38.21799850 -54.04700089 254.67500305 0.041095 0.399019 0.916021
37.91799927 -54.04700089 254.69700623 0.053477 0.343034 0.937800
45.71799850 -41.88000107 255.01800537 -0.389157 -0.833457 0.392308
46.01800156 -42.02700043 255.01800537 -0.416481 -0.853089 0.314296
38.21799850 -54.34700012 254.81799316 -0.067105 0.436869 0.897019
37.91799927 -54.34700012 254.79899597 0.003866 0.400748 0.916180
37.61800003 -54.34700012 254.82000732 0.070732 0.367006 0.927525
37.31800079 -54.34700012 254.84500122 0.048623 0.366642 0.929090
46.31800079 -42.22200012 255.01800537 -0.307691 -0.832484 0.460756
46.61800003 -42.33300018 255.01800537 -0.333733 -0.820887 0.463430
45.11800003 -38.18000031 262.51800537 -0.436839 -0.827945 0.351679
37.61800003 -54.04700089 254.70899963 0.032368 0.363818 0.930908
37.31800079 -54.04700089 254.71800232 0.046626 0.406315 0.912543
45.41799927 -38.33000183 262.51800537 -0.426959 -0.823761 0.372994
45.41799927 -38.20299911 262.81799316 -0.356385 -0.862421 0.359471
46.31800079 -42.38800049 254.71800232 -0.551924 -0.676065 0.488176
46.61800003 -42.62400055 254.71800232 -0.410302 -0.723384 0.555309
33.60300064 -48.34700012 257.11801147 0.991962 0.112490 0.057950
33.57099915 -48.04700089 257.11801147 0.997977 0.049952 -0.039324
33.60499954 -48.34700012 257.41799927 0.970376 0.241095 -0.015593
46.61800003 -42.17100143 255.31799316 -0.406749 -0.837054 0.365917
33.57899857 -48.04700089 257.41799927 0.998560 0.040950 -0.034650
46.31800079 -42.04499817 255.31799316 -0.357511 -0.847723 0.391857
46.61800003 -42.07099915 255.61799622 -0.450404 -0.843541 0.292531
46.31800079 -41.90599823 255.61799622 -0.449931 -0.805392 0.385884
46.91799927 -42.33599854 255.31799316 -0.382706 -0.856827 0.345520
46.91799927 -42.22499847 255.61799622 -0.433255 -0.820487 0.372949
45.71799850 -38.54199982 262.51800537 -0.999999 0.000978 0.000978
46.01800156 -38.71400070 262.51800537 -0.538416 -0.786183 0.303355
46.01800156 -38.54899979 262.81799316 -0.387792 -0.812288 0.435667
45.71799850 -38.37400055 262.81799316 -0.999999 -0.000978 -0.000978
44.81800079 -51.76499939 273.31799316 -0.452875 0.797770 -0.398079
47.51800156 -42.27500153 256.21798706 -0.999999 0.000978 0.000978
36.41799927 -52.84700012 254.22099304 0.076229 0.367772 0.926786
36.11800003 -52.84700012 254.22500610 -0.024913 0.405161 0.913906
36.41799927 -53.14699936 254.32099915 0.014003 0.352623 0.935661
36.11800003 -53.14699936 254.34300232 0.043481 0.380787 0.923640
48.11800003 -42.33399963 256.81799316 -0.389918 -0.861520 0.325189
48.71799850 -42.46900177 257.11801147 -0.407978 -0.842530 0.351705
49.01800156 -42.60599899 257.11801147 -0.388621 -0.864797 0.317963
49.01800156 -42.47900009 257.41799927 -0.439194 -0.839314 0.320408
46.31800079 -38.69499969 262.81799316 -0.378990 -0.810750 0.446152
49.31800079 -42.88000107 256.81799316 -0.396864 -0.839219 0.371766
49.57199860 -42.94699860 257.11801147 -0.518947 -0.807425 0.280639
49.31800079 -42.73799896 257.11801147 -0.494339 -0.805885 0.325851
49.61800003 -42.81000137 257.41799927 -0.476303 -0.761102 0.440294
49.31800079 -42.63999939 257.41799927 -0.424083 -0.846613 0.321558
35.21799850 -52.24700165 253.94799805 0.061351 0.440362 0.895722
34.91799927 -52.24700165 253.99299622 0.093539 0.372799 0.923186
35.21799850 -52.54700089 254.10299683 -0.009178 0.428745 0.903379
34.91799927 -52.54700089 254.10800171 0.049323 0.398582 0.915805
49.31800079 -42.51100159 257.71798706 -0.351705 -0.842530 0.407978
49.61800003 -42.62699890 257.71798706 -0.344580 -0.893521 0.287896
49.31800079 -42.34899902 258.01800537 -0.469694 -0.799923 0.373511
49.61800003 -42.52999878 258.01800537 -0.999999 -0.000978 -0.000978
49.91799927 -42.94699860 257.51998901 -0.737693 -0.582048 0.342095
33.61299896 -48.34700012 257.71798706 0.985101 0.159268 -0.064887
50.00999832 -42.94699860 257.71798706 -0.736210 -0.583442 0.342914
33.59199905 -48.04700089 257.71798706 0.996184 0.011745 -0.086485
33.64400101 -48.34700012 258.01800537 0.985178 0.125997 -0.116397
50.15000153 -42.94699860 258.01800537 -0.804037 -0.568709 0.173479
33.63100052 -48.04700089 258.01800537 0.996194 0.040283 -0.077300
49.91799927 -42.77000046 258.01800537 -0.560557 -0.737059 0.377518
45.71799850 -38.25299835 263.11801147 -0.423064 -0.815796 0.394328
46.01800156 -38.39199829 263.11801147 -0.370589 -0.815933 0.443753
34.61800003 -51.94699860 253.86399841 0.041534 0.424720 0.904372
34.31800079 -51.94699860 253.89399719 0.078846 0.362156 0.928777
34.61800003 -51.64699936 253.72599792 -0.035820 0.409936 0.911411
34.31800079 -51.64699936 253.69999695 0.138098 0.492793 0.859118
46.01800156 -38.22299957 263.41799927 -0.372788 -0.835233 0.404246
34.01800156 -51.64699936 253.82099915 0.359478 0.278931 0.890490
34.01800156 -51.94699860 253.91499329 0.356030 0.334638 0.872502
35.21799850 -50.97999954 268.21798706 0.522507 0.718240 -0.459475
34.91799927 -50.76699829 268.21798706 0.384798 0.896886 -0.218003
33.60599899 -47.74700165 257.71798706 0.997448 0.024484 -0.067064
34.96200180 -51.04700089 267.91799927 0.512178 0.812906 -0.277234
35.21799850 -51.20800018 267.91799927 0.480805 0.825355 -0.296000
33.57699966 -47.44699860 257.71798706 0.995613 0.036065 -0.086337
33.61999893 -47.74700165 258.01800537 0.998489 0.019865 -0.051231
33.61899948 -47.44699860 258.01800537 0.996962 0.024630 -0.073889
46.31800079 -38.88299942 262.51800537 -0.423987 -0.830636 0.360941
46.61800003 -39.02000046 262.51800537 -0.387966 -0.866407 0.314360
46.61800003 -38.83000183 262.81799316 -0.403613 -0.799185 0.445421
33.77799988 -51.34700012 253.81799316 0.759377 0.487116 0.431352
34.01800156 -51.34700012 253.59800720 0.336097 0.541936 0.770289
37.01800156 -52.53799820 267.01800537 0.358104 0.873164 -0.330675
36.71799850 -52.38600159 267.01800537 0.423389 0.848329 -0.317930
36.71799850 -52.45399857 266.71798706 0.435362 0.872220 -0.222917
37.01800156 -52.63100052 266.71798706 0.999999 -0.000978 -0.000978
46.31800079 -38.52600098 263.11801147 -0.381723 -0.809765 0.445610
46.61800003 -38.67399979 263.11801147 -0.403246 -0.804885 0.435377
46.61800003 -38.50600052 263.41799927 -0.423090 -0.812652 0.400738
46.31800079 -38.35200119 263.41799927 -0.398615 -0.845689 0.354846
39.41799927 -54.49599838 265.51800537 0.407942 0.833209 -0.373290
41.21799850 -55.72499847 264.61801147 0.372747 0.838288 -0.397911
40.91799927 -55.57199860 264.61801147 0.404832 0.833292 -0.376478
40.91799927 -55.71799850 264.31799316 0.364630 0.828704 -0.424612
41.21799850 -55.88199997 264.31799316 0.275332 0.880159 -0.386668
41.51800156 -55.83700180 264.61801147 0.326918 0.911011 -0.251363
41.81800079 -55.93899918 264.61801147 0.308310 0.910318 -0.276164
41.93799973 -56.14699936 264.31799316 0.509184 0.769470 -0.385548
41.51800156 -55.90200043 264.31799316 0.064849 0.975186 -0.211678
33.68299866 -48.34700012 258.31799316 0.989917 0.131912 -0.051618
33.63899994 -48.04700089 258.31799316 0.996972 0.077178 -0.009515
33.67499924 -48.34700012 258.61801147 0.994329 0.105410 0.014127
33.63700104 -48.04700089 258.61801147 0.994833 0.034077 -0.095636
46.91799927 -38.66400146 263.41799927 -0.484006 -0.803483 0.346632
33.63700104 -47.74700165 258.31799316 0.998017 0.028575 -0.056092
33.62200165 -47.44699860 258.31799316 0.998267 0.058843 -0.001032
33.65399933 -47.74700165 258.61801147 0.997167 0.028857 -0.069470
33.61999893 -47.44699860 258.61801147 0.993614 0.110889 -0.020860
46.91799927 -38.56800079 263.71798706 -0.999999 0.000978 0.000978
47.21799850 -38.59700012 264.01800537 -0.418853 -0.804006 0.422063
46.91799927 -38.44400024 264.01800537 -0.435579 -0.825224 0.359551
47.21799850 -38.76699829 263.71798706 -0.339796 -0.897714 0.280443
33.67800140 -47.74700165 258.91799927 0.993255 0.104376 -0.050504
33.63399887 -47.44699860 258.91799927 0.990839 0.131587 -0.030366
33.68500137 -47.74700165 259.21798706 0.994243 0.104138 -0.025212
33.63800049 -47.44699860 259.21798706 0.995772 0.067118 -0.062717
47.81800079 -39.06399918 263.71798706 -0.466256 -0.778177 0.420768
47.51800156 -38.88100052 263.71798706 -0.337737 -0.862077 0.377833
47.51800156 -38.75500107 264.01800537 -0.435579 -0.825224 0.359551
50.21799850 -52.87599945 260.71798706 -0.433665 0.874781 -0.216087
47.81800079 -38.91299820 264.01800537 -0.426363 -0.802850 0.416710
50.26100159 -52.84700012 260.71798706 0.000978 0.000978 -0.999999
49.91799927 -53.06100082 261.01800537 -0.572521 0.769176 -0.283881
50.21799850 -52.79800034 261.01800537 -0.523040 0.830533 -0.191429
49.61800003 -53.14699936 261.27899170 -0.491285 0.825046 -0.279174
45.41799927 -42.94699860 252.84800720 -0.736164 -0.653517 0.176006
45.11800003 -42.77799988 252.61799622 -0.564001 -0.805932 0.179936
45.35900116 -42.94699860 252.61799622 -0.733167 -0.653241 0.189056
45.11800003 -42.84500122 252.31799316 -0.999999 -0.000978 -0.000978
47.51800156 -38.61999893 264.31799316 -0.389101 -0.824259 0.411336
47.51800156 -38.45500183 264.61801147 -0.403981 -0.815945 0.413561
47.81800079 -38.62099838 264.61801147 -0.455823 -0.817940 0.350999
33.73600006 -47.74700165 259.81799316 0.994856 0.034003 -0.095427
33.72100067 -47.44699860 259.81799316 0.995700 0.056111 -0.073715
49.61800003 -53.12900162 261.31799316 -0.999999 -0.000978 -0.000978
49.61800003 -53.03699875 261.61801147 -0.999999 -0.000978 -0.000978
49.31800079 -53.53599930 261.31799316 -0.542496 0.754281 -0.369809
49.31800079 -53.22900009 261.61801147 -0.583301 0.741648 -0.331237
47.81800079 -38.75099945 264.31799316 -0.409292 -0.820177 0.399737
33.69300079 -47.74700165 259.51800537 0.991452 0.099949 -0.083866
33.67200089 -47.44699860 259.51800537 0.989995 0.032886 -0.137216
48.41799927 -39.05799866 264.31799316 -0.408741 -0.822253 0.396018
48.11800003 -38.91899872 264.31799316 -0.423853 -0.823894 0.376229
48.11800003 -38.80199814 264.61801147 -0.366529 -0.866480 0.338924
48.41799927 -38.92900085 264.61801147 -0.391253 -0.828442 0.400757
51.20299911 -49.24700165 267.31799316 -0.968541 0.189581 -0.161208
38.74599838 -56.14699936 258.61801147 0.979557 0.149466 -0.134643
49.01800156 -53.38000107 261.91799927 -0.999999 -0.000978 -0.000978
48.71799850 -53.42900085 262.21798706 -0.447293 0.840038 -0.307027
49.01800156 -53.26900101 262.21798706 -0.455343 0.827180 -0.329296
33.75099945 -47.74700165 260.11801147 0.996959 0.077341 -0.009535
33.74200058 -47.74700165 260.41799927 0.992769 0.096440 -0.071479
33.72200012 -47.44699860 260.41799927 0.999303 0.019514 -0.031838
48.41799927 -38.77000046 264.91799927 -0.413561 -0.815945 0.403981
33.71599960 -47.44699860 260.11801147 0.997389 0.072214 -0.001047
48.71799850 -53.31999969 262.51800537 -0.564966 0.782140 -0.262812
48.71799850 -53.22700119 262.81799316 -0.999999 0.000978 0.000978
51.02299881 -49.54700089 267.31799316 -0.585580 0.734814 -0.342264
51.09000015 -49.24700165 267.61801147 -0.889800 0.399893 -0.219868
48.11800003 -38.62500000 264.91799927 -0.386950 -0.841264 0.377551
48.11800003 -38.49499893 265.21798706 -0.400432 -0.849166 0.344341
48.41799927 -38.63299942 265.21798706 -0.426578 -0.842217 0.329699
50.81800079 -49.47999954 267.91799927 -0.695800 0.692714 -0.189764
51.05500031 -49.24700165 267.91799927 -0.822119 0.543587 -0.169216
50.64799881 -49.54700089 268.21798706 -0.542709 0.759792 -0.358026
49.01800156 -39.12099838 264.91799927 -0.436590 -0.850038 0.294659
48.71799850 -38.95700073 264.91799927 -0.440847 -0.833059 0.334165
50.81800079 -49.40599823 268.21798706 -0.000978 -0.000978 -0.999999
50.97000122 -49.24700165 268.21798706 -0.797578 0.521676 -0.302858
48.71799850 -38.84400177 265.21798706 -0.472229 -0.812489 0.341850
51.11800003 -48.97200012 268.21798706 -0.921050 0.318441 -0.224194
49.01800156 -39.00999832 265.21798706 -0.405534 -0.840818 0.358561
33.79399872 -47.74700165 260.71798706 0.986681 0.098549 -0.129420
33.73500061 -47.44699860 260.71798706 0.991241 0.067611 -0.113448
33.82099915 -47.74700165 261.01800537 0.997792 0.045888 -0.048022
33.79000092 -47.44699860 261.01800537 0.989576 0.092081 -0.110730
50.21799850 -50.00400162 267.91799927 -0.657321 0.708007 -0.258177
50.40800095 -49.84700012 267.91799927 -0.616769 0.746117 -0.250809
49.91799927 -50.06900024 268.21798706 -0.403965 0.825356 -0.394460
50.21799850 -49.92200089 268.21798706 -0.427682 0.871870 -0.238601
46.31800079 -54.17699814 264.91799927 -0.494481 0.822055 -0.282338
46.61800003 -53.88999939 264.91799927 -0.405989 0.841760 -0.355828
49.01800156 -38.86600113 265.51800537 -0.379940 -0.821879 0.424452
46.31800079 -54.05500031 265.21798706 -0.593279 0.711606 -0.376346
49.31800079 -39.26499939 264.91799927 -0.417287 -0.813790 0.404497
49.31800079 -39.13199997 265.21798706 -0.361243 -0.842901 0.398775
49.61800003 -39.26599884 265.21798706 -0.373922 -0.819446 0.434386
46.61800003 -53.78200150 265.21798706 -0.999999 0.000978 0.000978
49.61800003 -39.11199951 265.51800537 -0.430942 -0.838378 0.333784
49.31800079 -38.98199844 265.51800537 -0.355271 -0.865876 0.352195
49.31800079 -38.88899994 265.81799316 -0.449089 -0.820421 0.353876
49.61800003 -39.02799988 265.81799316 -0.373816 -0.879299 0.295118
49.91799927 -49.86399841 268.51800537 -0.448034 0.838307 -0.310657
50.21799850 -49.70399857 268.51800537 -0.441021 0.826718 -0.349340
49.91799927 -49.75299835 268.81799316 -0.999999 -0.000978 -0.000978
33.77700043 -47.14699936 261.31799316 0.996104 0.077293 -0.042457
33.75600052 -46.84700012 261.31799316 0.993356 0.086820 -0.075545
50.27399826 -49.54700089 268.81799316 -0.604487 0.752847 -0.260419
33.79100037 -47.14699936 261.61801147 0.994060 0.098851 -0.045538
33.76499939 -46.84700012 261.61801147 0.996672 0.068325 -0.044465
46.01800156 -54.34400177 264.91799927 -0.547386 0.812694 -0.199743
45.98300171 -54.34700012 265.21798706 -0.476597 0.877652 -0.050819
49.91799927 -39.31000137 265.51800537 -0.999999 -0.000978 -0.000978
49.91799927 -39.20999908 265.81799316 -0.999999 0.000978 0.000978
41.51800156 -39.34700012 255.94000244 -0.388917 -0.844996 0.367050
41.51800156 -39.22900009 256.21798706 -0.186543 -0.900903 0.391886
41.81800079 -39.29100037 256.21798706 -0.326328 -0.902202 0.282030
43.31800079 -56.35499954 264.91799927 -0.361677 0.920252 -0.149419
43.61800003 -56.19100189 264.91799927 -0.502944 0.861589 -0.068647
43.31800079 -56.29700089 265.21798706 -0.167795 0.933273 -0.317563
43.61800003 -56.15100098 265.21798706 -0.510996 0.818525 -0.262487
49.91799927 -39.09299850 266.11801147 -0.999999 -0.000978 -0.000978
50.21799850 -39.31200027 266.11801147 -0.770668 -0.604536 0.201512
33.80400085 -47.14699936 261.91799927 0.996406 0.059893 -0.059893
33.78300095 -46.84700012 261.91799927 0.997068 0.050772 -0.057253
50.32400131 -39.34700012 266.41799927 -0.900640 -0.332749 0.279509
49.91799927 -38.95500183 266.41799927 -0.999999 0.000978 0.000978
33.82699966 -47.14699936 262.21798706 0.997446 0.052610 -0.048315
33.79899979 -46.84700012 262.21798706 0.996059 0.075277 -0.046912
49.35499954 -50.14699936 269.11801147 -0.766490 0.612884 -0.192006
49.61800003 -49.91199875 269.11801147 -0.581343 0.725451 -0.368457
49.31800079 -50.10100174 269.41799927 -0.652564 0.732785 -0.192838
49.61800003 -49.78099823 269.41799927 -0.999999 0.000978 0.000978
33.83300018 -47.14699936 262.51800537 0.996645 0.076499 -0.029091
33.81100082 -46.84700012 262.51800537 0.993700 0.068492 -0.088703
33.84500122 -47.14699936 262.81799316 0.996873 0.046542 -0.063860
49.91799927 -49.70199966 269.11801147 -0.999999 -0.000978 -0.000978
33.85200119 -46.84700012 262.81799316 0.995047 0.060876 -0.078585
49.91799927 -49.59899902 269.41799927 -0.999999 0.000978 0.000978
49.83300018 -48.64699936 271.81799316 -0.000978 -0.000978 -0.999999
49.61800003 -48.77299881 271.81799316 -0.481054 0.818580 -0.313868
49.61800003 -48.88800049 271.51800537 -0.999999 -0.000978 -0.000978
50.28799820 -48.34700012 271.51800537 -0.616179 0.782241 -0.091771
50.21799850 -48.36700058 271.81799316 -0.594336 0.799678 -0.085318
49.91799927 -48.59000015 271.81799316 -0.535178 0.798844 -0.274651
49.91799927 -48.69300079 271.51800537 -0.520385 0.815529 -0.253202
50.21799850 -48.55899811 271.21798706 -0.560737 0.746024 -0.359197
49.91799927 -48.77600098 271.21798706 -0.559209 0.753716 -0.345251
50.21799850 -48.68799973 270.91799927 -0.999999 -0.000978 -0.000978
50.51800156 -48.49700165 270.91799927 -0.551989 0.750640 -0.363108
50.96500015 -48.04700089 271.21798706 -0.662771 0.694712 -0.279482
50.81800079 -48.18700027 271.21798706 -0.502432 0.827081 -0.251989
50.51800156 -48.32699966 271.21798706 -0.380823 0.814228 -0.438185
50.81800079 -48.24800110 270.91799927 -0.999999 0.000978 0.000978
50.81800079 -48.36800003 270.61801147 -0.999999 -0.000978 -0.000978
50.51800156 -48.61700058 270.61801147 -0.999999 -0.000978 -0.000978
50.81800079 -48.46200180 270.31799316 -0.999999 -0.000978 -0.000978
50.51800156 -48.67499924 270.31799316 -0.607438 0.735657 -0.299712
49.31800079 -50.18000031 269.11801147 -0.766490 0.612884 -0.192006
41.81800079 -57.84899902 260.41799927 0.432500 0.863483 -0.259500
41.51800156 -57.71300125 260.41799927 0.382140 0.846947 -0.369662
41.51800156 -57.85400009 260.11801147 0.290314 0.858653 -0.422414
41.81800079 -57.95999908 260.11801147 0.313070 0.891275 -0.328049
33.87200165 -47.14699936 263.11801147 0.996733 0.039956 -0.070192
33.85800171 -46.84700012 263.11801147 0.997038 0.073578 0.022393
33.88700104 -47.14699936 263.41799927 0.996016 0.083453 0.031430
33.83900070 -46.84700012 263.41799927 0.995056 0.098317 0.014045
42.41799927 -58.18799973 260.41799927 0.460199 0.813708 -0.355101
42.11800003 -58.02299881 260.41799927 0.442838 0.800328 -0.404190
50.41799927 -39.34700012 266.71798706 -0.874643 -0.418568 0.244540
50.21799850 -39.08200073 266.71798706 -0.796124 -0.601038 0.070288
49.91799927 -38.84899902 266.71798706 -0.713765 -0.683457 0.153058
50.48799896 -39.34700012 267.01800537 -0.973046 -0.114550 0.200148
50.21799850 -39.04700089 267.01800537 -0.650431 -0.695622 0.305041
49.91799927 -38.81399918 267.01800537 -0.714955 -0.694569 0.080087
42.11800003 -58.17300034 260.11801147 0.455823 0.817940 -0.350999
42.41799927 -58.32600021 260.11801147 0.369009 0.851679 -0.372123
42.41799927 -58.44900131 259.81799316 0.371175 0.844149 -0.386836
42.11800003 -58.28099823 259.81799316 0.418315 0.831894 -0.364644
42.11800003 -58.43600082 259.51800537 0.454815 0.801953 -0.387316
42.41799927 -58.59899902 259.51800537 0.422720 0.834441 -0.353577
43.01800156 -58.45800018 260.11801147 0.000978 0.000978 -0.999999
42.71799850 -58.43299866 260.11801147 0.197839 0.889541 -0.411797
49.31800079 -49.84799957 269.71798706 -0.416181 0.878605 -0.234195
49.61800003 -49.70600128 269.71798706 -0.418328 0.865559 -0.275336
49.31800079 -49.76800156 270.01800537 -0.999999 0.000978 0.000978
49.61800003 -49.59099960 270.01800537 -0.999999 -0.000978 -0.000978
49.05899811 -50.14699936 269.71798706 0.120407 0.891014 -0.437716
49.01800156 -49.99399948 270.01800537 0.214929 0.881952 -0.419483
50.21799850 -49.84700012 252.66400146 -0.501450 0.308463 0.808331
50.21799850 -50.14699936 252.77699280 -0.060430 0.233086 0.970577
49.91799927 -50.14699936 252.73100281 -0.068409 0.382285 0.921509
49.91799927 -49.84700012 252.60000610 -0.096643 0.446800 0.889398
34.02399826 -44.74700165 256.21798706 -0.000978 -0.000978 0.999999
33.71799850 -45.34700012 255.31799316 0.686120 -0.620305 0.380081
33.60800171 -45.34700012 255.61799622 0.866594 -0.384982 0.317495
34.01800156 -45.09999847 255.31799316 0.999999 -0.000978 -0.000978
34.01800156 -44.97700119 255.61799622 0.812893 -0.539368 0.219742
49.61800003 -50.14699936 252.73199463 -0.008939 0.371596 0.928352
49.31800079 -50.14699936 252.72500610 0.001299 0.424733 0.905318
49.61800003 -49.84700012 252.60000610 -0.030207 0.395324 0.918045
49.31800079 -49.84700012 252.58000183 0.006484 0.411057 0.911587
49.31800079 -49.24700165 252.32000732 0.054209 0.371528 0.926838
49.61800003 -49.54700089 252.47300720 0.033310 0.430367 0.902039
49.31800079 -49.54700089 252.45500183 -0.006449 0.398576 0.917112
49.01800156 -50.14699936 252.73199463 -0.003865 0.395470 0.918471
48.71799850 -50.14699936 252.72200012 0.011536 0.375561 0.926726
49.01800156 -49.84700012 252.60400391 0.052053 0.401745 0.914271
48.71799850 -49.84700012 252.61399841 0.050908 0.348522 0.935917
48.71799850 -50.40499878 269.71798706 -0.611129 0.721359 -0.325827
49.01800156 -49.24700165 252.35000610 0.057397 0.388431 0.919688
48.71799850 -50.23500061 270.01800537 -0.590346 0.696178 -0.408446
48.71799850 -49.24700165 252.35800171 0.011843 0.432915 0.901357
49.01800156 -49.54700089 252.46899414 0.068437 0.387807 0.919196
48.71799850 -49.54700089 252.49899292 0.051838 0.392106 0.918458
42.71799850 -58.54299927 259.81799316 0.322987 0.877979 -0.353315
43.01800156 -58.66899872 259.81799316 0.376224 0.895562 -0.237538
43.01800156 -58.74900055 259.51800537 -0.072095 0.942480 -0.326394
42.71799850 -58.73899841 259.51800537 0.234788 0.926344 -0.294552
37.91799927 -42.45800018 254.41799927 0.684411 -0.674839 0.275998
37.91799927 -42.58599854 254.11799622 0.523800 -0.783297 0.334783
37.31800079 -42.45700073 255.61799622 0.999999 0.000978 0.000978
37.31800079 -42.57300186 255.31799316 0.999999 0.000978 0.000978
48.41799927 -49.24700165 252.35800171 0.014342 0.405492 0.913986
48.11800003 -49.24700165 252.36799622 0.019497 0.393844 0.918970
48.41799927 -49.54700089 252.50199890 0.009133 0.421439 0.906811
48.11800003 -49.54700089 252.50500488 0.008926 0.368516 0.929579
43.91799927 -58.59400177 258.61801147 -0.999999 -0.000978 -0.000978
43.91799927 -58.74000168 258.31799316 -0.999999 0.000978 0.000978
44.21799850 -58.38800049 258.61801147 -0.999999 -0.000978 -0.000978
44.21799850 -58.47200012 258.31799316 -0.453671 0.853879 -0.255094
44.51800156 -58.20600128 258.61801147 -0.553379 0.718567 -0.421229
44.81800079 -58.02199936 258.31799316 -0.999999 0.000978 0.000978
44.51800156 -58.31600189 258.31799316 -0.414069 0.842201 -0.345318
44.81800079 -58.18700027 258.01800537 -0.999999 -0.000978 -0.000978
44.51800156 -58.45199966 258.01800537 -0.428901 0.865379 -0.259159
44.81800079 -58.29299927 257.71798706 -0.999999 -0.000978 -0.000978
44.51800156 -58.49399948 257.71798706 -0.999999 -0.000978 -0.000978
47.81800079 -49.24700165 252.36999512 -0.003880 0.404815 0.914390
47.51800156 -49.24700165 252.36599731 0.052109 0.399503 0.915250
47.81800079 -49.54700089 252.50799561 -0.001284 0.396706 0.917945
47.51800156 -49.54700089 252.50399780 0.001297 0.421606 0.906778
45.11800003 -57.98199844 258.01800537 -0.999999 0.000978 0.000978
45.11800003 -58.12200165 257.71798706 -0.999999 -0.000978 -0.000978
47.21799850 -49.24700165 252.40400696 0.022232 0.398867 0.916739
46.91799927 -49.24700165 252.38099670 -0.024838 0.393482 0.918997
47.21799850 -49.54700089 252.50799561 0.024500 0.367497 0.929702
46.91799927 -49.54700089 252.51899719 0.025039 0.412481 0.910622
44.81800079 -58.37900162 257.41799927 -0.462186 0.846061 -0.265642
44.81800079 -58.48099899 257.11801147 -0.587707 0.807569 -0.049328
47.21799850 -48.64699936 252.12699890 0.022202 0.395713 0.918106
46.91799927 -48.64699936 252.13099670 -0.003870 0.398582 0.917125
47.21799850 -48.94699860 252.24699402 0.030458 0.419787 0.907111
46.91799927 -48.94699860 252.26199341 -0.001280 0.385251 0.922811
45.71799850 -57.96400070 256.81799316 -0.403274 0.914870 0.019576
48.71799850 -50.05400085 270.31799316 -0.512226 0.769152 -0.382137
49.01800156 -49.85100174 270.31799316 -0.478730 0.824044 -0.302934
48.71799850 -49.93799973 270.61801147 -0.444528 0.830937 -0.334574
45.11800003 -58.22100067 257.41799927 -0.493683 0.843942 -0.209853
45.41799927 -58.12300110 257.11801147 -0.434332 0.887422 -0.154397
45.11800003 -58.27000046 257.11801147 -0.468881 0.858367 -0.208225
49.01800156 -49.77399826 270.61801147 -0.498105 0.819765 -0.282624
45.54600143 -57.94699860 257.41799927 -0.634704 0.693443 -0.341011
46.61800003 -48.64699936 252.12500000 0.029709 0.362972 0.931326
46.31800079 -48.64699936 252.14999390 0.035243 0.377228 0.925449
46.61800003 -48.94699860 252.24600220 0.014289 0.401391 0.915795
46.31800079 -48.94699860 252.27099609 0.027325 0.378643 0.925139
46.01800156 -48.64699936 252.14700317 0.027103 0.365239 0.930519
45.71799850 -48.64699936 252.16700745 0.011580 0.379559 0.925095
46.01800156 -48.94699860 252.26400757 -0.006449 0.398576 0.917112
45.71799850 -48.94699860 252.26699829 0.019156 0.351199 0.936105
48.23199844 -50.44699860 270.31799316 -0.670771 0.634513 -0.384004
48.41799927 -50.25000000 270.31799316 -0.706641 0.669037 -0.230324
48.11800003 -50.38600159 270.61801147 -0.411879 0.850180 -0.327949
48.41799927 -50.14699936 270.61801147 -0.999999 -0.000978 -0.000978
44.81800079 -47.74700165 251.78500366 0.052404 0.417886 0.906987
44.51800156 -47.74700165 251.80400085 0.022413 0.423212 0.905753
44.21799850 -48.34700012 252.05700684 0.077122 0.393726 0.915987
43.91799927 -48.34700012 252.09199524 0.080455 0.407730 0.909551
44.21799850 -48.04700089 251.95100403 -0.006447 0.393289 0.919393
43.91799927 -48.04700089 251.94099426 0.014544 0.445579 0.895124
43.01800156 -47.44699860 251.71000671 0.027286 0.375505 0.926419
42.71799850 -47.44699860 251.70799255 -0.003802 0.363728 0.931498
43.01800156 -47.74700165 251.82499695 0.046813 0.415968 0.908174
42.71799850 -47.74700165 251.83999634 0.035781 0.412140 0.910418
46.61800003 -55.39400101 261.31799316 -0.557846 0.746505 -0.362681
46.71400070 -55.24700165 261.61801147 -0.553364 0.811095 -0.189508
46.61800003 -55.24700165 261.89801025 -0.513297 0.839532 -0.178082
46.31800079 -55.65599823 261.31799316 -0.999999 -0.000978 -0.000978
46.31800079 -55.56999969 261.61801147 -0.263562 0.942476 -0.205606
42.41799927 -47.44699860 251.70799255 0.027666 0.407083 0.912972
42.11800003 -47.44699860 251.72700500 0.051470 0.376126 0.925138
42.41799927 -47.74700165 251.84899902 0.017144 0.428590 0.903336
42.11800003 -47.74700165 251.85200500 0.032741 0.388961 0.920672
47.81800079 -50.62200165 270.61801147 -0.999999 0.000978 0.000978
48.11800003 -50.27000046 270.91799927 -0.999999 0.000978 0.000978
48.11800003 -50.16199875 271.21798706 -0.425767 0.834251 -0.350354
42.41799927 -46.84700012 251.43299866 0.027298 0.380869 0.924226
42.11800003 -46.84700012 251.46800232 0.063203 0.396699 0.915770
42.41799927 -47.14699936 251.58200073 0.003896 0.419467 0.907762
42.11800003 -47.14699936 251.60800171 0.024872 0.396639 0.917638
33.97800064 -46.54700089 265.51800537 0.989730 0.121546 -0.075243
33.92100143 -46.24700165 265.51800537 0.984433 0.169730 -0.045651
33.99499893 -46.54700089 265.81799316 0.993097 0.110592 -0.039098
33.95199966 -46.24700165 265.81799316 0.986936 0.148684 -0.062049
47.81800079 -50.53099823 270.91799927 -0.433291 0.862022 -0.263015
47.51800156 -50.65299988 271.21798706 -0.999999 -0.000978 -0.000978
47.80400085 -50.44699860 271.21798706 -0.672725 0.704088 -0.227378
41.81800079 -46.84700012 251.47500610 0.019381 0.375994 0.926419
41.51800156 -46.84700012 251.48100281 0.046563 0.403104 0.913969
41.81800079 -47.14699936 251.59800720 0.003880 0.404815 0.914390
41.51800156 -47.14699936 251.61099243 0.033089 0.408984 0.911941
46.61800003 -56.14699936 255.40400696 0.011514 0.367171 0.930082
46.31800079 -56.14699936 255.40600586 0.006517 0.423590 0.905831
41.21799850 -46.84700012 251.50500488 0.017038 0.418083 0.908249
40.91799927 -46.84700012 251.49200439 -0.003880 0.404815 0.914390
41.21799850 -47.14699936 251.61999512 0.051446 0.370671 0.927338
40.91799927 -47.14699936 251.64399719 0.022088 0.388485 0.921190
41.21799850 -46.24700165 251.20599365 -0.001280 0.385251 0.922811
40.91799927 -46.24700165 251.22500610 0.044321 0.431127 0.901202
41.21799850 -46.54700089 251.34500122 0.050170 0.446108 0.893572
40.91799927 -46.54700089 251.37899780 0.074846 0.406892 0.910405
46.01800156 -56.74700165 255.68400574 0.024744 0.389393 0.920739
45.71799850 -56.74700165 255.69000244 0.006456 0.396403 0.918054
46.01800156 -56.44699860 255.55999756 0.019524 0.396984 0.917618
45.71799850 -56.44699860 255.55799866 0.003865 0.395470 0.918471
40.61800003 -46.84700012 251.50199890 0.040476 0.369510 0.928345
40.31800079 -46.84700012 251.51800537 0.094190 0.383584 0.918690
40.61800003 -47.14699936 251.63400269 -0.001271 0.369856 0.929088
40.31800079 -47.14699936 251.64300537 0.046355 0.388054 0.920470
40.61800003 -46.24700165 251.23500061 0.025560 0.472179 0.881132
40.31800079 -46.24700165 251.24299622 0.046989 0.420212 0.906208
40.61800003 -46.54700089 251.39500427 0.022268 0.407374 0.912990
40.31800079 -46.54700089 251.39300537 0.003900 0.417323 0.908750
45.41799927 -56.74700165 255.68899536 0.003854 0.389260 0.921120
45.11800003 -56.74700165 255.69200134 0.040939 0.394864 0.917827
45.41799927 -56.44699860 255.56300354 -0.001284 0.396706 0.917945
45.11800003 -56.44699860 255.55700684 0.024710 0.386252 0.922062
40.01800156 -46.24700165 251.26600647 0.087720 0.371122 0.924432
39.71799850 -46.24700165 251.29899597 0.019213 0.357367 0.933766
40.01800156 -46.54700089 251.39799500 -0.003934 0.444585 0.895728
39.71799850 -46.54700089 251.39100647 0.021985 0.373752 0.927268
44.81800079 -56.74700165 255.71499634 0.019409 0.379116 0.925146
44.51800156 -56.74700165 255.70500183 0.011547 0.373356 0.927616
44.81800079 -56.44699860 255.57899475 0.060871 0.415276 0.907656
44.51800156 -56.44699860 255.59700012 0.014052 0.364074 0.931264
47.51800156 -50.60499954 271.51800537 -0.646427 0.753421 -0.120369
47.70199966 -50.44699860 271.51800537 -0.635557 0.741224 -0.215996
47.51800156 -50.36700058 271.81799316 -0.493316 0.755544 -0.431037
47.81800079 -50.18700027 271.81799316 -0.399176 0.893394 -0.206168
47.21799850 -50.56999969 271.81799316 -0.557877 0.729026 -0.396603
42.41799927 -41.79499817 251.41799927 -0.621026 -0.749299 0.229952
42.45100021 -42.04700089 251.11799622 -0.154626 -0.984091 -0.087501
43.01800156 -42.33700180 250.81799316 -0.999999 -0.000978 -0.000978
42.71799850 -42.16500092 250.81799316 -0.460585 -0.845690 0.269573
42.71799850 -42.27999878 250.51800537 -0.304520 -0.889557 0.340522
43.01800156 -57.94699860 256.26400757 0.039152 0.449569 0.892387
42.71799850 -57.94699860 256.26699829 0.017166 0.437084 0.899257
43.01800156 -57.64699936 256.09899902 0.014472 0.427589 0.903857
42.71799850 -57.64699936 256.12701416 0.066135 0.400862 0.913748
39.41799927 -54.11399841 266.11801147 0.404562 0.755073 -0.515940
39.11800003 -53.96200180 266.11801147 0.379647 0.856917 -0.348655
39.11800003 -53.80500031 266.41799927 0.368086 0.841115 -0.396280
39.41799927 -53.91500092 266.41799927 0.334491 0.907070 -0.255616
38.51800156 -53.66400146 266.11801147 0.313130 0.842803 -0.437759
38.51800156 -53.49900055 266.41799927 0.367401 0.819098 -0.440563
38.81800079 -53.65399933 266.41799927 0.424468 0.831579 -0.358194
41.81800079 -58.24700165 256.43399048 0.084187 0.354120 0.931403
41.51800156 -58.24700165 256.46200562 0.047994 0.343744 0.937836
46.91799927 -50.94200134 271.51800537 -0.368685 0.862323 -0.347089
38.81800079 -53.85300064 266.11801147 0.321430 0.882801 -0.342557
47.21799850 -50.81299973 271.51800537 -0.385206 0.899782 -0.204959
41.21799850 -57.94699860 256.31698608 -0.052600 0.422152 0.904998
46.91799927 -50.81999969 271.81799316 -0.999999 -0.000978 -0.000978
40.91799927 -57.94699860 256.31799316 -0.019780 0.428569 0.903292
41.21799850 -57.64699936 256.18499756 0.009060 0.397337 0.917628
40.91799927 -57.64699936 256.17800903 0.003870 0.398582 0.917125
34.61800003 -52.59000015 263.71798706 0.759792 0.542709 -0.358026
34.00199890 -46.54700089 266.11801147 0.991388 0.121510 -0.048831
33.90100098 -51.94699860 257.41799927 0.981900 0.058461 -0.180154
35.81800079 -53.72800064 262.81799316 0.385946 0.886632 -0.254814
33.95899963 -46.24700165 266.11801147 0.996817 0.037799 -0.070198
35.51800156 -53.60300064 262.81799316 0.417695 0.833814 -0.360951
34.02500153 -46.54700089 266.41799927 0.997475 0.064937 -0.028743
35.51800156 -53.69699860 262.51800537 0.378313 0.881725 -0.281851
41.21799850 -58.24700165 256.46499634 0.001308 0.438294 0.898831
33.99399948 -46.24700165 266.41799927 0.991799 0.090372 -0.090372
40.91799927 -58.24700165 256.46301270 -0.033676 0.453951 0.890390
33.63600159 -42.64699936 264.01800537 0.992890 -0.108825 0.048242
33.62300110 -42.94699860 264.01800537 0.998102 -0.045609 -0.041367
33.63899994 -42.64699936 263.71798706 0.987068 -0.152304 0.049993
33.60100174 -42.94699860 263.71798706 0.998488 0.005163 -0.054726
38.21799850 -53.54600143 266.11801147 0.391878 0.862132 -0.321186
37.91799927 -53.39300156 266.11801147 0.444373 0.872397 -0.203609
37.91799927 -53.20999908 266.41799927 0.401713 0.833358 -0.379658
38.21799850 -53.38499832 266.41799927 0.318320 0.832650 -0.453175
41.21799850 -58.54700089 256.60998535 0.077763 0.413372 0.907236
40.91799927 -58.54700089 256.62298584 0.039375 0.471139 0.881180
40.61800003 -58.24700165 256.44198608 0.001316 0.454044 0.890978
40.31800079 -58.24700165 256.46398926 0.069182 0.408310 0.910218
38.21799850 -53.22100067 266.71798706 0.380143 0.843198 -0.380143
37.91799927 -53.07400131 266.71798706 0.383268 0.843190 -0.377011
40.31800079 -58.52299881 256.81799316 0.229025 0.939695 -0.254009
37.91799927 -52.94200134 267.01800537 0.999999 -0.000978 -0.000978
38.21799850 -53.11600113 267.01800537 0.371826 0.875688 -0.308084
37.61800003 -52.94900131 266.71798706 0.387580 0.851431 -0.353336
37.31800079 -52.80099869 266.71798706 0.416446 0.843811 -0.338460
37.31800079 -52.63100052 267.01800537 0.317041 0.815475 -0.484237
37.61800003 -52.77000046 267.01800537 0.386528 0.831430 -0.399149
46.31800079 -51.21599960 272.11801147 -0.591465 0.748548 -0.299740
46.61800003 -50.96699905 272.11801147 -0.582126 0.728881 -0.360364
46.31800079 -51.03699875 272.41799927 -0.625657 0.706912 -0.329892
46.61800003 -50.77299881 272.41799927 -0.449306 0.873569 -0.187088
46.31800079 -50.93700027 272.71798706 -0.566473 0.745017 -0.352219
45.71799850 -51.33100128 272.71798706 -0.539139 0.792108 -0.286171
46.01800156 -51.16199875 272.71798706 -0.454873 0.809195 -0.371879
45.71799850 -51.26599884 273.01800537 -0.440725 0.879985 -0.177168
46.01800156 -51.02500153 273.01800537 -0.608035 0.712362 -0.350476
45.58499908 -51.34700012 273.01800537 -0.000978 -0.000978 -0.999999
33.97200012 -45.34700012 267.31799316 0.993452 0.109645 -0.032118
33.93600082 -45.04700089 267.31799316 0.990745 0.098265 -0.093641
33.96400070 -45.34700012 267.61801147 0.995462 0.090497 -0.029439
33.95500183 -45.04700089 267.61801147 0.998629 -0.001026 -0.052343
45.71799850 -53.81999969 266.71798706 -0.442341 0.822849 -0.356726
41.51800156 -53.73699951 269.41799927 0.374187 0.863863 -0.337230
34.07300186 -44.74700165 270.31799316 0.996649 0.072503 -0.037875
34.06800079 -44.44699860 270.31799316 0.999021 0.028010 -0.034234
34.09700012 -44.74700165 270.61801147 0.977241 0.044366 -0.207439
34.10200119 -44.44699860 270.61801147 0.938818 -0.131407 -0.318358
36.11800003 -52.49499893 265.81799316 0.290078 0.911049 -0.292993
44.21799850 -43.03599930 250.81799316 -0.338983 -0.884370 0.320904
44.21799850 -43.10100174 250.51800537 -0.396140 -0.843950 0.361693
43.91799927 -42.99100113 250.51800537 -0.405058 -0.742880 0.532971
44.57600021 -54.94699860 266.11801147 -0.511411 0.819190 -0.259591
44.81800079 -54.79600143 266.11801147 -0.471497 0.785828 -0.400205
44.51800156 -54.88800049 266.41799927 -0.657374 0.705125 -0.265815
44.81800079 -54.65100098 266.41799927 -0.999999 0.000978 0.000978
50.96799850 -51.04700089 263.41799927 -0.892997 0.353323 -0.278782
50.84500122 -51.34700012 263.41799927 -0.872986 0.364125 -0.324513
51.09000015 -51.04700089 263.11801147 -0.935062 0.306146 -0.178701
50.95399857 -51.34700012 263.11801147 -0.862120 0.455886 -0.221172
45.11800003 -54.57300186 266.11801147 -0.554875 0.729405 -0.400103
45.11800003 -54.41999817 266.41799927 -0.926338 0.334939 -0.172375
51.08100128 -51.04700089 262.81799316 -0.974677 0.220477 0.037349
50.99900055 -51.34700012 262.81799316 -0.886837 0.448369 -0.111739
51.06700134 -51.04700089 262.51800537 -0.980118 0.180964 0.081373
51.02700043 -51.34700012 262.51800537 -0.986381 0.151300 -0.064508
51.03099823 -51.04700089 262.21798706 -0.998880 0.009278 -0.046388
51.03799820 -51.34700012 262.21798706 -0.982539 0.171137 -0.073002
51.09400177 -51.04700089 261.91799927 -0.998128 0.001036 -0.061152
51.06999969 -51.34700012 261.91799927 -0.985430 0.162485 -0.050265
44.51800156 -54.77500153 266.71798706 -0.999999 0.000978 0.000978
44.81800079 -54.53599930 266.71798706 -0.513436 0.783835 -0.349265
44.51800156 -54.64300156 267.01800537 -0.999999 0.000978 0.000978
44.81800079 -54.38399887 267.01800537 -0.999999 0.000978 0.000978
50.88700104 -50.44699860 260.41799927 -0.986200 -0.161083 -0.038243
50.97600174 -50.74700165 260.41799927 -0.990261 -0.127368 -0.056226
50.93299866 -50.44699860 260.11801147 -0.974620 -0.212622 -0.070055
50.99599838 -50.74700165 260.11801147 -0.997778 -0.065960 -0.009423
45.08900070 -54.34700012 266.71798706 -0.554155 0.794550 -0.248199
50.79399872 -49.84700012 258.01800537 -0.993134 -0.115481 0.018697
50.80400085 -50.14699936 258.01800537 -0.991668 -0.058066 0.114992
50.81800079 -49.84700012 257.84100342 -0.996719 0.026880 -0.076340
50.81800079 -49.93000031 257.71798706 -0.988428 0.149003 -0.028436
50.77500153 -50.14699936 257.71798706 -0.988549 0.040092 0.145476
44.21799850 -54.88499832 267.01800537 -0.999999 -0.000978 -0.000978
50.56499863 -42.34700012 263.71798706 -0.992044 -0.107954 0.064773
50.57500076 -42.34700012 264.01800537 -0.996103 -0.060138 0.064512
50.53200150 -42.04700089 264.01800537 -0.986887 -0.131506 0.093594
50.50400162 -42.04700089 263.71798706 -0.991912 -0.125516 -0.018883
44.21799850 -54.73500061 267.31799316 -0.999999 -0.000978 -0.000978
44.21799850 -54.60400009 267.61801147 -0.999999 -0.000978 -0.000978
50.48899841 -41.74700165 263.71798706 -0.999235 0.035944 0.015404
50.49499893 -41.74700165 264.01800537 -0.994740 -0.045366 0.091839
50.50400162 -41.44699860 264.01800537 -0.999120 0.041843 -0.003062
43.31800079 -54.93799973 268.21798706 -0.258961 0.895265 -0.362545
43.61800003 -54.81399918 268.21798706 -0.445815 0.772419 -0.452347
43.31800079 -54.84999847 268.51800537 -0.047355 0.948384 -0.313568
43.61800003 -54.63700104 268.51800537 -0.532395 0.781806 -0.324553
43.31800079 -54.74000168 268.81799316 0.148138 0.928979 -0.339195
43.61800003 -54.56700134 268.81799316 -0.999999 0.000978 0.000978
42.71799850 -54.73799896 268.51800537 0.328403 0.845131 -0.421787
43.01800156 -54.85800171 268.51800537 0.166911 0.883903 -0.436871
43.01800156 -54.69200134 268.81799316 0.236081 0.867636 -0.437577
42.71799850 -54.57899857 268.81799316 0.361135 0.857115 -0.367335
50.60300064 -42.34700012 264.31799316 -0.996223 -0.009589 0.086304
50.56100082 -42.04700089 264.31799316 -0.991741 -0.095161 0.085989
50.62599945 -42.34700012 264.61801147 -0.995488 -0.053899 0.078099
50.58399963 -42.04700089 264.61801147 -0.979621 -0.185727 0.076476
43.61800003 -42.94699860 250.30200195 -0.204594 -0.835045 0.510726
43.31800079 -42.94699860 250.18099976 -0.308075 -0.393907 0.865983
42.71799850 -54.48300171 269.11801147 0.284945 0.881974 -0.375404
43.01800156 -54.55799866 269.11801147 0.109313 0.875923 -0.469904
43.01800156 -54.38700104 269.41799927 0.196825 0.909420 -0.366354
43.61800003 -53.57300186 271.21798706 -0.162549 0.896178 -0.412846
43.31800079 -53.63000107 271.21798706 0.001307 0.897798 -0.440405
43.61800003 -53.71500015 270.91799927 -0.209021 0.879072 -0.428418
43.91799927 -53.36500168 271.21798706 -0.999999 0.000978 0.000978
44.21799850 -53.24800110 270.91799927 -0.596911 0.755243 -0.270748
43.91799927 -53.47200012 270.91799927 -0.999999 0.000978 0.000978
42.71799850 -54.32400131 269.41799927 0.281816 0.851609 -0.441974
44.81800079 -53.20700073 270.01800537 -0.999999 -0.000978 -0.000978
44.81800079 -53.31999969 269.71798706 -0.999999 -0.000978 -0.000978
44.51800156 -53.57400131 269.71798706 -0.956089 -0.274469 0.102763
45.41799927 -52.98500061 269.41799927 -0.999999 0.000978 0.000978
45.41799927 -53.11700058 269.11801147 -0.999999 0.000978 0.000978
46.01800156 -52.79100037 268.81799316 -0.505099 0.805942 -0.308760
45.71799850 -52.95999908 268.81799316 -0.466249 0.838009 -0.283467
46.01800156 -52.87799835 268.51800537 -0.536791 0.777145 -0.328484
45.71799850 -53.05899811 268.51800537 -0.542496 0.754281 -0.369809
46.31800079 -52.67699814 268.51800537 -0.870386 -0.476195 0.125163
46.61800003 -52.54700089 268.21798706 -0.588230 0.737313 -0.332196
46.31800079 -52.75600052 268.21798706 -0.611794 0.758127 -0.225726
46.61800003 -52.63299942 267.91799927 -0.999999 0.000978 0.000978
46.32699966 -52.84700012 267.91799927 -0.680626 0.674220 -0.286664
46.91799927 -52.63999939 267.61801147 -0.439262 0.855566 -0.273965
46.91799927 -52.73600006 267.31799316 -0.620126 0.756213 -0.208771
47.21799850 -52.36500168 267.61801147 -0.999999 0.000978 0.000978
47.21799850 -52.48199844 267.31799316 -0.602262 0.742843 -0.292345
47.13800049 -52.54700089 267.31799316 -0.620050 0.728999 -0.289997
47.81800079 -52.14799881 267.01800537 -0.999999 0.000978 0.000978
47.51800156 -52.38499832 267.01800537 -0.999999 -0.000978 -0.000978
47.81800079 -52.29299927 266.71798706 -0.999999 0.000978 0.000978
47.51800156 -52.46599960 266.71798706 -0.999999 -0.000978 -0.000978
48.11800003 -52.18099976 266.41799927 -0.472955 0.824922 -0.309542
48.41799927 -52.04000092 266.11801147 -0.644106 0.725997 -0.240949
48.18500137 -52.24700165 266.11801147 -0.635364 0.712573 -0.297576
49.91799927 -51.60499954 264.61801147 -0.942896 0.278614 -0.182540
50.21799850 -51.40999985 264.31799316 -0.616005 0.725374 -0.307198
49.96400070 -51.64699936 264.31799316 -0.667203 0.716740 -0.202792
50.51800156 -51.03799820 264.61801147 -0.999999 -0.000978 -0.000978
50.81800079 -50.98400116 264.31799316 -0.745992 0.657709 -0.104468
50.51800156 -51.17399979 264.31799316 -0.534860 0.750767 -0.387651
50.80400085 -51.04700089 264.01800537 -0.897003 0.407467 -0.171338
50.52000046 -51.34700012 264.01800537 -0.583297 0.702270 -0.408143
50.90399933 -51.04700089 263.71798706 -0.866889 0.438721 -0.236699
50.72999954 -51.34700012 263.71798706 -0.749948 0.520204 -0.408615
35.51800156 -55.75000000 258.01800537 0.426422 0.866502 -0.259495
35.81800079 -55.87300110 258.01800537 0.263912 0.804229 -0.532509
35.51800156 -55.80500031 257.71798706 0.439634 0.883620 -0.161054
35.81800079 -56.04399872 257.71798706 0.310642 0.896255 -0.316588
42.11800003 -54.14099884 269.11801147 0.392264 0.862980 -0.318426
42.41799927 -54.29000092 269.11801147 0.458154 0.819604 -0.344012
42.41799927 -54.18999863 269.41799927 0.413863 0.844905 -0.338899
42.11800003 -54.02999878 269.41799927 0.342397 0.867509 -0.360822
36.41799927 -38.41199875 267.01800537 0.621872 -0.715557 0.318205
36.11800003 -38.64699936 267.01800537 0.999999 0.000978 0.000978
36.52500153 -38.44699860 266.71798706 -0.000978 -0.000978 0.999999
36.41799927 -38.53699875 266.71798706 0.616005 -0.725374 0.307198
36.11800003 -38.78200150 266.71798706 0.999999 -0.000978 -0.000978
36.11800003 -38.89699936 266.41799927 0.556036 -0.767554 0.318880
35.91899872 -39.04700089 266.41799927 0.562099 -0.744577 0.360069
36.09500122 -39.04700089 266.11801147 0.485535 -0.796406 0.360546
35.81800079 -39.29000092 266.11801147 0.565010 -0.749569 0.344834
35.81800079 -39.39799881 265.81799316 0.999999 -0.000978 -0.000978
35.51800156 -39.58599854 265.81799316 0.999999 -0.000978 -0.000978
35.81800079 -39.43899918 265.51800537 0.570011 -0.787454 0.234528
35.51800156 -39.68500137 265.51800537 0.999999 0.000978 0.000978
35.71799850 -39.64699936 265.21798706 0.630513 -0.637203 0.443199
35.51800156 -39.84500122 265.21798706 0.645937 -0.688240 0.330290
35.81800079 -39.75699997 264.91799927 0.525063 -0.727137 0.442245
35.51800156 -39.97399902 264.91799927 0.999999 0.000978 0.000978
35.21799850 -40.02399826 265.21798706 0.999999 0.000978 0.000978
41.51800156 -53.84999847 269.11801147 0.417024 0.826120 -0.378969
41.81800079 -54.01699829 269.11801147 0.427127 0.876578 -0.221749
34.91799927 -40.28799820 265.21798706 0.489914 -0.810182 0.321853
35.21799850 -40.17599869 264.91799927 0.999999 0.000978 0.000978
34.91799927 -40.38899994 264.91799927 0.999999 -0.000978 -0.000978
41.81800079 -53.95600128 269.41799927 0.309566 0.899076 -0.309566
35.21799850 -40.27999878 264.61801147 0.999999 -0.000978 -0.000978
34.91799927 -40.49599838 264.61801147 0.999999 -0.000978 -0.000978
35.21799850 -40.38000107 264.31799316 0.999999 0.000978 0.000978
34.61800003 -41.20500183 263.41799927 0.299343 -0.926403 0.228409
34.61800003 -41.40800095 263.11801147 0.558202 -0.764109 0.323339
34.31800079 -41.63399887 263.11801147 0.616517 -0.756281 0.218964
34.61800003 -41.45199966 262.81799316 0.999999 0.000978 0.000978
34.61800003 -41.60599899 262.51800537 0.491943 -0.774446 0.397776
34.39599991 -41.74700165 262.51800537 -0.000978 -0.000978 0.999999
34.31000137 -41.74700165 262.81799316 0.608974 -0.766228 0.205047
34.31800079 -41.78900146 262.51800537 0.735397 -0.656224 0.169004
41.81800079 -53.45199966 270.31799316 0.350682 0.849430 -0.394323
41.51800156 -53.32799911 270.31799316 0.346490 0.824298 -0.447747
41.51800156 -53.14799881 270.61801147 0.427921 0.796095 -0.427921
41.81800079 -53.31299973 270.61801147 0.471012 0.813566 -0.340968
50.84000015 -51.04700089 256.81799316 -0.969098 -0.245602 -0.022987
50.85900116 -51.34700012 256.81799316 -0.999928 0.010923 -0.004965
50.77199936 -51.04700089 256.51800537 -0.983409 -0.131847 0.124589
50.83200073 -51.34700012 256.51800537 -0.992283 -0.057704 0.109751
40.91799927 -53.03900146 270.31799316 0.425845 0.824777 -0.372020
40.91799927 -52.91400146 270.61801147 0.344820 0.847227 -0.404110
41.21799850 -52.99000168 270.61801147 0.335592 0.858312 -0.388173
46.01800156 -51.77500153 271.21798706 -0.999999 0.000978 0.000978
46.01800156 -51.89599991 270.91799927 -0.999999 0.000978 0.000978
40.61800003 -52.86000061 270.31799316 0.382706 0.845078 -0.373334
40.31800079 -52.73799896 270.31799316 0.383312 0.834452 -0.395931
40.31800079 -52.59199905 270.61801147 0.410888 0.810584 -0.417283
40.61800003 -52.74700165 270.61801147 0.450209 0.839663 -0.303774
41.21799850 -52.88399887 270.91799927 0.345286 0.885078 -0.312114
40.91799927 -52.75400162 270.91799927 0.347143 0.837228 -0.422541
40.91799927 -52.61100006 271.21798706 0.449931 0.805392 -0.385884
41.21799850 -52.77799988 271.21798706 0.450958 0.837939 -0.307400
46.31800079 -51.55199814 271.21798706 -0.999999 0.000978 0.000978
46.61800003 -51.43700027 270.91799927 -0.999999 -0.000978 -0.000978
46.31800079 -51.62699890 270.91799927 -0.573527 0.742499 -0.346066
40.61800003 -52.57699966 270.91799927 0.409015 0.832242 -0.374272
46.61800003 -51.27999878 271.21798706 -0.999999 -0.000978 -0.000978
40.31800079 -52.42900085 270.91799927 0.381354 0.815363 -0.435605
40.31800079 -52.27099991 271.21798706 0.422098 0.807282 -0.412468
40.61800003 -52.44200134 271.21798706 0.462921 0.802502 -0.376423
38.81800079 -51.13999939 272.11801147 0.388334 0.846848 -0.363380
38.51800156 -50.98099899 272.11801147 0.405858 0.850591 -0.334327
38.51800156 -50.85100174 272.41799927 0.429433 0.825588 -0.366048
38.81800079 -51.02299881 272.41799927 0.427134 0.852726 -0.300690
41.81800079 -39.86899948 255.01800537 -0.272688 -0.892569 0.359114
41.51800156 -39.85699844 255.01800537 -0.038424 -0.963072 0.266487
41.51800156 -39.93999863 254.71800232 -0.247888 -0.921341 0.299471
41.81800079 -40.02999878 254.71800232 -0.338646 -0.826925 0.448902
50.00199890 -45.94699860 251.71800232 -0.946096 -0.296578 0.130172
50.05300140 -45.94699860 252.01800537 -0.961167 -0.193816 0.196453
48.57799911 -49.84700012 271.21798706 -0.666296 0.710193 -0.227324
50.00699997 -45.64699936 252.01800537 -0.943180 -0.244426 0.225093
49.91799927 -45.42399979 252.01800537 -0.622897 -0.666084 0.410281
38.51800156 -50.71400070 272.71798706 0.436962 0.818311 -0.373404
48.41799927 -49.99700165 271.21798706 -0.549074 0.809081 -0.209535
38.51800156 -50.57799911 273.01800537 0.346025 0.854977 -0.386369
48.41799927 -50.04100037 270.91799927 -0.999999 0.000978 0.000978
38.81800079 -50.92900085 272.71798706 0.407507 0.871065 -0.274196
38.81800079 -50.75699997 273.01800537 0.402690 0.790824 -0.460910
38.21799850 -50.55400085 272.71798706 0.415787 0.845590 -0.334810
37.91799927 -50.37099838 272.71798706 0.460300 0.764983 -0.450472
38.21799850 -50.45600128 273.01800537 0.361432 0.886334 -0.289446
38.21799850 -50.14699936 273.30200195 0.474387 0.595079 -0.648720
49.91799927 -47.74700165 251.85800171 -0.578554 0.193869 0.792269
50.13700104 -47.74700165 252.01800537 -0.587557 0.064020 0.806646
50.16899872 -47.44699860 252.01800537 -0.918913 0.138046 0.369517
46.31800079 -42.94699860 254.32000732 -0.999999 0.000978 0.000978
46.61800003 -42.79499817 254.41799927 0.027071 -0.001003 0.999633
46.31800079 -42.64699936 254.42599487 -0.138114 -0.329559 0.933978
47.21799850 -42.94699860 254.75100708 -0.535975 -0.472526 0.699606
46.91799927 -42.64699936 254.82099915 -0.276375 -0.707712 0.650200
46.91799927 -42.46599960 255.01800537 -0.382113 -0.788411 0.482076
47.21799850 -42.61999893 255.01800537 -0.420994 -0.721469 0.549769
46.91799927 -42.94699860 254.52099609 -0.469290 -0.094422 0.877981
41.81800079 -35.74700165 264.38500977 -0.137738 -0.898848 0.416054
48.11800003 -40.70999908 260.41799927 -0.445613 -0.849594 0.282170
48.41799927 -40.86399841 260.41799927 -0.440995 -0.839915 0.316332
48.11800003 -40.80500031 260.11801147 -0.472296 -0.819805 0.323815
48.41799927 -40.99100113 260.11801147 -0.999999 -0.000978 -0.000978
47.81800079 -40.49300003 260.41799927 -0.376219 -0.864536 0.333222
47.51800156 -40.39099884 260.41799927 -0.338440 -0.846881 0.410184
47.51800156 -40.54600143 260.11801147 -0.370756 -0.863045 0.343064
47.81800079 -40.64899826 260.11801147 -0.360941 -0.830636 0.423987
47.21799850 -40.64699936 259.51800537 -0.401770 -0.851628 0.336618
47.21799850 -40.51300049 259.81799316 -0.374280 -0.829100 0.415340
46.91799927 -40.35800171 259.81799316 -0.441684 -0.824794 0.353031
46.91799927 -40.49000168 259.51800537 -0.448696 -0.843051 0.296543
47.21799850 -40.74900055 259.21798706 -0.422899 -0.844238 0.329269
46.91799927 -40.56800079 259.21798706 -0.382660 -0.870513 0.309482
46.91799927 -40.70299911 258.91799927 -0.380657 -0.832392 0.402770
47.21799850 -40.88100052 258.91799927 -0.999999 -0.000978 -0.000978
34.91799927 -52.49100113 264.61801147 0.530617 0.744178 -0.405766
35.21799850 -52.66199875 264.61801147 0.412355 0.747495 -0.520782
35.21799850 -52.83900070 264.31799316 0.370600 0.891524 -0.260462
34.91799927 -52.61500168 264.31799316 0.999999 0.000978 0.000978
36.41799927 -53.29100037 264.61801147 0.413561 0.815945 -0.403981
36.11800003 -53.15200043 264.61801147 0.432511 0.825414 -0.362802
36.41799927 -53.43700027 264.31799316 0.999999 0.000978 0.000978
36.11800003 -53.25699997 264.31799316 0.473062 0.829029 -0.298201
36.11800003 -53.36700058 264.01800537 0.401136 0.835307 -0.375967
36.41799927 -53.54700089 264.01800537 0.999999 -0.000978 -0.000978
36.70600128 -53.74700165 264.01800537 0.348536 0.882656 -0.315342
36.41799927 -53.69499969 263.71798706 0.429456 0.832169 -0.350801
36.11800003 -53.52600098 263.71798706 0.435074 0.814369 -0.384076
37.01800156 -53.85499954 264.01800537 0.308075 0.865983 -0.393907
37.01800156 -53.99399948 263.71798706 0.416439 0.837592 -0.353580
36.71799850 -53.83499908 263.71798706 0.426054 0.856721 -0.290701
37.31800079 -53.96500015 264.01800537 0.366525 0.846906 -0.385241
37.61800003 -54.11399841 264.01800537 0.328911 0.880632 -0.341036
37.61800003 -54.29800034 263.71798706 0.408183 0.808362 -0.424190
37.31800079 -54.13399887 263.71798706 0.418250 0.819006 -0.392805
37.31800079 -54.25000000 263.41799927 0.420292 0.832714 -0.360475
37.61800003 -54.44699860 263.41799927 0.471483 0.832487 -0.290981
37.61800003 -54.50699997 263.11801147 0.428175 0.845451 -0.319185
37.31800079 -54.39300156 263.11801147 0.311513 0.850850 -0.423100
40.31800079 -56.54499817 261.61801147 0.324698 0.910028 -0.257720
40.31800079 -56.73500061 261.31799316 0.450917 0.762460 -0.464035
40.31800079 -56.31700134 262.21798706 0.373578 0.865532 -0.333607
40.61800003 -56.46400070 262.21798706 0.410391 0.844189 -0.344854
40.61800003 -56.59899902 261.91799927 0.374280 0.829100 -0.415340
40.31800079 -56.45999908 261.91799927 0.445825 0.836899 -0.317552
40.61800003 -56.76300049 261.61801147 0.431061 0.792700 -0.431061
40.61800003 -56.92599869 261.31799316 0.496037 0.799082 -0.339729
41.21799850 -56.72000122 262.21798706 0.341970 0.917165 -0.204609
40.91799927 -56.60800171 262.21798706 0.378668 0.879534 -0.288149
40.91799927 -56.72900009 261.91799927 0.372335 0.860541 -0.347615
41.21799850 -56.89899826 261.91799927 0.486878 0.770212 -0.411974
38.79899979 -50.44699860 273.31799316 0.471029 0.608483 -0.638655
38.81800079 -50.46099854 273.31799316 0.471029 0.608483 -0.638655
40.91799927 -56.92599869 261.61801147 0.367416 0.800615 -0.473309
41.21799850 -57.04700089 261.60400391 0.399794 0.788258 -0.467775
41.21799850 -57.25500107 261.31799316 0.357574 0.844749 -0.398172
40.91799927 -57.08700180 261.31799316 0.459329 0.829301 -0.318238
41.51800156 -57.22999954 261.61801147 0.363869 0.867451 -0.339304
41.51800156 -57.34000015 261.31799316 0.316994 0.903801 -0.287506
41.81800079 -57.59600067 261.01800537 0.396280 0.841115 -0.368086
41.51800156 -57.41899872 261.01800537 0.164591 0.954093 -0.250232
41.51800156 -57.59299850 260.71798706 0.374396 0.861266 -0.343582
41.81800079 -57.77899933 260.71798706 0.281646 0.934615 -0.217189
41.81800079 -57.35100174 261.61801147 0.369206 0.876674 -0.308431
41.81800079 -57.46500015 261.31799316 0.372922 0.858805 -0.351259
45.11800003 -40.21200180 258.01800537 -0.381171 -0.830352 0.406477
45.41799927 -40.35699844 258.01800537 -0.413667 -0.859627 0.299870
45.11800003 -40.35900116 257.71798706 -0.299892 -0.856616 0.419849
46.01800156 -51.30099869 272.41799927 -0.999999 -0.000978 -0.000978
42.11800003 -35.14400101 265.81799316 -0.499906 -0.778172 0.380188
46.61800003 -51.06800079 271.81799316 -0.999999 -0.000978 -0.000978
46.31800079 -51.27399826 271.81799316 -0.571596 0.765843 -0.294555
46.61800003 -51.17300034 271.51800537 -0.999999 0.000978 0.000978
47.21799850 -50.88100052 271.21798706 -0.999999 -0.000978 -0.000978
46.91799927 -51.06200027 271.21798706 -0.999999 -0.000978 -0.000978
47.21799850 -51.02899933 270.91799927 -0.999999 -0.000978 -0.000978
46.91799927 -51.20299911 270.91799927 -0.999999 0.000978 0.000978
42.41799927 -35.29299927 266.11801147 -0.535992 -0.806318 0.250129
47.51800156 -50.76100159 270.91799927 -0.999999 -0.000978 -0.000978
47.51800156 -50.86500168 270.61801147 -0.999999 0.000978 0.000978
47.81800079 -50.77799988 270.31799316 -0.999999 0.000978 0.000978
47.51800156 -50.99499893 270.31799316 -0.999999 -0.000978 -0.000978
48.11800003 -50.81600189 269.71798706 -0.513455 0.796412 -0.319519
48.41799927 -50.50299835 270.01800537 -0.572850 0.695723 -0.433374
48.11800003 -50.71799850 270.01800537 -0.526428 0.798336 -0.292460
48.41799927 -50.63399887 269.71798706 -0.999999 0.000978 0.000978
48.41799927 -50.68899918 269.41799927 -0.999999 0.000978 0.000978
49.01800156 -50.28900146 269.41799927 -0.668779 0.703398 -0.240760
48.71799850 -50.50500107 269.41799927 -0.999999 -0.000978 -0.000978
49.01800156 -50.39199829 269.11801147 -0.999999 -0.000978 -0.000978
48.71799850 -50.56900024 269.11801147 -0.999999 0.000978 0.000978
49.01800156 -50.48300171 268.81799316 -0.999999 -0.000978 -0.000978
48.71799850 -50.71300125 268.81799316 -0.999999 0.000978 0.000978
49.01800156 -50.63000107 268.51800537 -0.999999 -0.000978 -0.000978
49.31800079 -50.29000092 268.81799316 -0.664250 0.705273 -0.247713
49.61800003 -50.21300125 268.51800537 -0.499809 0.841068 -0.206870
49.31800079 -50.39099884 268.51800537 -0.999999 -0.000978 -0.000978
49.61800003 -50.28699875 268.21798706 -0.999999 -0.000978 -0.000978
49.31800079 -50.46900177 268.21798706 -0.574227 0.731280 -0.368094
49.61800003 -50.41400146 267.91799927 -0.999999 -0.000978 -0.000978
49.31800079 -50.69100189 267.91799927 -0.446042 0.875892 -0.184011
49.91799927 -50.21200180 267.91799927 -0.999999 -0.000978 -0.000978
49.91799927 -50.33499908 267.61801147 -0.999999 0.000978 0.000978
50.21799850 -50.25600052 267.31799316 -0.999999 0.000978 0.000978
49.91799927 -50.44900131 267.31799316 -0.999999 -0.000978 -0.000978
50.21799850 -50.13999939 267.61801147 -0.999999 0.000978 0.000978
50.81800079 -49.56999969 267.61801147 -0.999999 0.000978 0.000978
50.51800156 -49.85699844 267.61801147 -0.579369 0.779259 -0.238931
50.81800079 -49.70999908 267.31799316 -0.597610 0.715495 -0.361841
50.51800156 -49.94900131 267.31799316 -0.999999 -0.000978 -0.000978
50.51800156 -50.31600189 266.71798706 -0.341240 0.930529 -0.132933
50.81800079 -49.87400055 267.01800537 -0.999999 -0.000978 -0.000978
50.51800156 -50.10699844 267.01800537 -0.549556 0.712264 -0.436656
50.98799896 -49.84700012 266.71798706 -0.816383 0.557639 -0.150191
50.81800079 -50.02000046 266.71798706 -0.677231 0.660990 -0.323187
33.48899841 -46.54700089 257.11801147 0.989976 0.103292 -0.096328
39.41799927 -57.35100174 258.91799927 0.464351 0.851056 -0.245116
39.11800003 -57.29700089 258.61801147 0.787087 0.568884 -0.238464
33.45600128 -46.24700165 257.11801147 0.991181 0.084037 -0.102457
38.53400040 -55.54700089 258.91799927 0.488617 0.870651 0.056751
38.51800156 -55.53799820 258.91799927 0.488617 0.870651 0.056751
33.51300049 -46.54700089 257.41799927 0.996438 0.080618 -0.024723
38.49900055 -55.54700089 259.21798706 0.124660 0.991665 0.032569
38.21799850 -55.29299927 259.21798706 0.655268 0.723752 0.216347
38.40000153 -55.54700089 259.51800537 0.841768 0.461814 0.279560
37.91799927 -55.04199982 259.51800537 0.323201 0.664267 0.674011
37.91799927 -55.34600067 259.81799316 0.323201 0.664267 0.674011
37.71500015 -55.24700165 259.81799316 0.323201 0.664267 0.674011
33.50299835 -46.24700165 257.41799927 0.993128 0.089257 -0.075699
36.11800003 -54.80300140 261.01800537 0.507076 0.694509 -0.510423
36.41799927 -54.88600159 261.01800537 0.286739 0.860216 -0.421674
36.11800003 -54.64699936 261.23001099 0.999999 -0.000978 -0.000978
35.81800079 -54.68099976 260.71798706 0.443877 0.845996 -0.295403
35.51800156 -54.53699875 260.71798706 0.000978 0.000978 -0.999999
35.51800156 -54.35300064 261.01800537 0.075361 0.900217 -0.428871
35.90399933 -54.64699936 261.01800537 0.000978 0.000978 -0.999999
35.81800079 -54.56499863 261.01800537 0.589660 0.778475 -0.215125
35.21799850 -54.14199829 261.31799316 0.314265 0.875995 -0.365883
34.91799927 -53.99499893 261.31799316 0.412113 0.841462 -0.349434
41.21799850 -57.46300125 260.71798706 0.361662 0.879187 -0.310212
41.21799850 -57.36700058 261.01800537 0.177537 0.929624 -0.322922
34.91799927 -53.79399872 261.61801147 0.393087 0.852983 -0.343369
35.21799850 -53.99200058 261.61801147 0.304691 0.852207 -0.425330
40.91799927 -57.27999878 260.71798706 0.392854 0.831463 -0.392854
40.91799927 -57.15299988 261.01800537 0.444045 0.852750 -0.275031
50.21799850 -50.25199890 255.91799927 -0.367860 -0.832027 -0.415224
40.61800003 -57.14799881 260.71798706 0.368021 0.844099 -0.389946
40.31800079 -57.01800156 260.71798706 0.351080 0.869269 -0.348014
40.31800079 -56.90999985 261.01800537 0.357193 0.869220 -0.341863
40.61800003 -57.01800156 261.01800537 0.354258 0.877282 -0.323849
45.71799850 -40.39099884 258.31799316 -0.397444 -0.837302 0.375451
46.01800156 -40.53599930 258.31799316 -0.419031 -0.836494 0.353116
50.45899963 -50.74700165 256.21798706 -0.483095 -0.862566 0.150329
46.01800156 -40.40900040 258.61801147 -0.418025 -0.856103 0.303878
45.71799850 -40.21599960 258.61801147 -0.263638 -0.910353 0.318988
40.01800156 -56.57300186 261.31799316 0.440563 0.819098 -0.367401
39.71799850 -56.39099884 261.31799316 0.366525 0.846906 -0.385241
39.71799850 -56.25500107 261.61801147 0.428441 0.842860 -0.325615
40.01800156 -56.43799973 261.61801147 0.327968 0.847120 -0.418120
49.91799927 -50.24599838 256.21798706 -0.428804 -0.827545 0.362348
50.21799850 -50.40100098 256.21798706 -0.350055 -0.899508 -0.261433
38.51800156 -55.58900070 261.91799927 0.345438 0.912014 -0.221138
38.81800079 -55.70299911 261.91799927 0.336087 0.877476 -0.342170
38.81800079 -55.56200027 262.21798706 0.433767 0.821456 -0.370211
38.51800156 -55.38800049 262.21798706 0.450272 0.823128 -0.345998
50.82799911 -43.24700165 266.41799927 -0.991515 0.090764 0.093062
50.74900055 -43.54700089 266.41799927 -0.977483 0.071820 0.198418
50.76300049 -43.24700165 266.11801147 -0.978671 0.094315 0.182506
50.72200012 -43.54700089 266.11801147 -0.999525 0.009133 0.029428
50.71699905 -43.24700165 265.81799316 -0.995212 0.016244 0.096381
50.73099899 -43.54700089 265.81799316 -0.996039 -0.088608 0.007473
50.70500183 -43.24700165 265.51800537 -0.999198 -0.036016 -0.017494
50.71699905 -43.54700089 265.51800537 -0.993880 -0.108483 -0.020820
50.72700119 -42.64699936 265.81799316 -0.993763 -0.075404 0.082157
50.74100113 -42.94699860 265.81799316 -0.989988 0.016817 0.140146
50.70299911 -42.64699936 265.51800537 -0.983429 -0.067946 0.168077
50.69499969 -42.94699860 265.51800537 -0.995021 -0.003213 0.099609
50.76399994 -42.64699936 266.41799927 -0.985656 -0.167893 -0.017132
50.80400085 -42.94699860 266.41799927 -0.994114 -0.106317 -0.020825
50.75299835 -42.64699936 266.11801147 -0.986590 -0.150973 0.062028
50.77999878 -42.94699860 266.11801147 -0.994271 -0.016335 0.105634
50.67300034 -42.04700089 265.81799316 -0.991791 -0.060350 0.112729
50.69599915 -42.34700012 265.81799316 -0.994124 -0.090578 0.059267
50.59999847 -42.04700089 265.51800537 -0.989900 -0.010021 0.141414
50.65299988 -42.34700012 265.51800537 -0.974860 -0.167299 0.147172
50.69900131 -42.04700089 266.41799927 -0.997905 -0.062171 0.017914
50.70199966 -42.34700012 266.41799927 -0.994035 -0.109009 0.003238
50.66799927 -42.04700089 266.11801147 -0.995502 -0.084513 0.042806
50.68899918 -42.34700012 266.11801147 -0.989900 -0.141414 0.010021
50.25000000 -39.94699860 265.21798706 -0.849100 -0.452956 0.271773
50.09000015 -39.64699936 265.21798706 -0.727089 -0.498528 0.472028
49.91799927 -39.47200012 265.21798706 -0.665927 -0.656110 0.355052
33.50400162 -46.54700089 257.71798706 0.993153 0.087000 -0.077961
33.50099945 -46.24700165 257.71798706 0.998861 0.028122 -0.038538
33.56000137 -46.54700089 258.01800537 0.988793 0.085221 -0.122578
33.52600098 -46.24700165 258.01800537 0.990473 0.118489 -0.070173
33.39099884 -48.04700089 253.81799316 0.988617 0.120506 -0.090087
33.45399857 -48.34700012 253.81799316 0.988173 0.134485 -0.073674
33.37400055 -48.04700089 253.51800537 0.994497 0.081480 0.065853
33.39699936 -48.34700012 253.51800537 0.994329 0.105410 -0.014127
33.61500168 -43.24700165 263.41799927 0.992461 0.083180 -0.090017
33.64099884 -43.54700089 263.41799927 0.994571 0.076848 -0.070166
33.58700180 -43.24700165 263.11801147 0.997896 0.047925 -0.043665
33.61600113 -43.54700089 263.11801147 0.992654 0.078457 -0.092102
42.71799850 -39.30300140 257.41799927 -0.226829 -0.954292 0.194616
42.11800003 -38.98199844 257.41799927 -0.344688 -0.886555 0.308563
42.41799927 -39.10400009 257.41799927 -0.338240 -0.829081 0.445218
42.41799927 -39.27500153 257.11801147 -0.273862 -0.921954 0.273862
42.11800003 -39.09000015 257.11801147 -0.999999 0.000978 0.000978
39.71799850 -51.20600128 273.01800537 0.449144 0.796868 -0.404068
39.71799850 -51.33499908 272.71798706 0.396129 0.852843 -0.340205
39.41799927 -51.02500153 273.01800537 0.422230 0.744242 -0.517519
39.11800003 -50.86899948 273.01800537 0.371069 0.832143 -0.412124
39.41799927 -51.19499969 272.71798706 0.381084 0.859368 -0.340970
39.11800003 -51.06900024 272.71798706 0.380867 0.861962 -0.334608
39.41799927 -51.31900024 272.41799927 0.381990 0.866765 -0.320626
39.11800003 -51.18099976 272.41799927 0.426863 0.864359 -0.265840
39.11800003 -51.25400162 272.11801147 0.398893 0.860931 -0.315726
40.01800156 -51.60400009 272.41799927 0.423134 0.841585 -0.335697
39.71799850 -51.44599915 272.41799927 0.399966 0.839145 -0.368596
39.71799850 -51.59799957 272.11801147 0.356056 0.850492 -0.387153
40.01800156 -51.71300125 272.11801147 0.380473 0.861070 -0.337342
39.41799927 -51.41799927 272.11801147 0.471412 0.828495 -0.302268
40.01800156 -51.83900070 271.81799316 0.336560 0.854582 -0.395496
39.71799850 -51.72000122 271.81799316 0.350147 0.870015 -0.347089
39.71799850 -51.83800125 271.51800537 0.397444 0.837302 -0.375451
39.41799927 -51.99000168 270.91799927 0.405056 0.821232 -0.401880
40.01800156 -52.44400024 270.61801147 0.425680 0.814692 -0.393794
39.71799850 -52.27999878 270.61801147 0.415934 0.827123 -0.377978
39.71799850 -52.42599869 270.31799316 0.460199 0.813708 -0.355101
33.57899857 -46.54700089 258.31799316 0.990787 0.109575 -0.079586
33.54299927 -46.24700165 258.31799316 0.985088 0.161239 -0.060023
33.60800171 -46.54700089 258.61801147 0.993127 0.110347 -0.039012
33.56200027 -46.24700165 258.61801147 0.986701 0.140620 -0.081536
34.91799927 -54.83399963 259.21798706 0.404976 0.872139 -0.274534
35.21799850 -55.02600098 259.21798706 0.360435 0.889870 -0.279674
35.21799850 -55.15399933 258.91799927 0.367480 0.854352 -0.367480
34.91799927 -55.02600098 258.91799927 -0.000978 -0.000978 -0.999999
35.51800156 -55.16899872 259.21798706 0.489199 0.847443 -0.206216
35.51800156 -55.24700165 259.00299072 0.999999 0.000978 0.000978
35.51800156 -55.28499985 258.91799927 0.397047 0.830477 -0.390720
35.51800156 -55.44699860 258.61801147 0.326388 0.824643 -0.461989
35.51800156 -55.54700089 258.45098877 0.999999 -0.000978 -0.000978
35.81800079 -55.69699860 258.31799316 0.200057 0.843851 -0.497887
35.51800156 -55.62599945 258.31799316 0.310255 0.856674 -0.412130
36.11800003 -55.84700012 258.18200684 0.200773 0.840831 -0.502687
36.41799927 -56.05300140 258.01800537 0.273010 0.784311 -0.557066
36.11800003 -55.94499969 258.01800537 0.240148 0.804108 -0.543819
36.41799927 -56.27600098 257.71798706 -0.000978 -0.000978 -0.999999
36.11800003 -56.14799881 257.71798706 -0.000978 -0.000978 -0.999999
36.71799850 -56.32199860 257.71798706 0.236010 0.758047 -0.608000
37.01800156 -57.00899887 257.11801147 0.139827 0.149726 -0.978790
37.01800156 -56.70100021 257.41799927 0.285988 0.899455 -0.330442
36.71799850 -56.60599899 257.41799927 0.000978 0.000978 -0.999999
36.81499863 -56.74700165 257.11801147 0.490180 0.716161 -0.496826
37.31800079 -57.04700089 257.17098999 0.190180 0.874237 -0.446701
37.61800003 -57.23899841 257.11801147 0.482511 0.856642 -0.182612
37.79899979 -57.34700012 257.11801147 0.000978 0.000978 -0.999999
37.31800079 -57.07400131 257.11801147 0.352364 0.909186 -0.221859
38.21799850 -57.34700012 257.65100098 0.999999 -0.000978 -0.000978
38.21799850 -57.45299911 257.41799927 0.999999 0.000978 0.000978
38.21799850 -57.51300049 257.11801147 0.363306 0.898705 -0.245636
37.91799927 -57.41299820 257.11801147 0.356996 0.924882 -0.130945
37.91799927 -57.32799911 256.51800537 0.456388 0.883104 0.108798
38.21799850 -57.61600113 256.81799316 0.618990 0.784615 -0.035090
37.91799927 -57.44300079 256.81799316 0.320525 0.943108 0.088375
38.21799850 -57.54000092 256.51800537 0.451148 0.864825 0.220328
33.48099899 -45.94699860 258.31799316 0.988544 0.139899 -0.056653
33.45899963 -45.64699936 258.31799316 0.998152 0.024191 -0.055745
33.52199936 -45.94699860 258.61801147 0.984271 0.106960 -0.140610
33.49700165 -45.64699936 258.61801147 0.988811 0.111168 -0.099466
33.74900055 -51.64699936 254.71800232 0.999444 0.015313 0.029606
33.74000168 -51.94699860 255.01800537 0.990489 -0.012256 -0.137042
33.75000000 -51.64699936 255.01800537 0.998178 0.037048 0.047633
33.71799850 -51.43399811 255.01800537 0.975911 0.217001 -0.022530
37.91799927 -43.70999908 251.41799927 0.548008 -0.797812 0.251365
38.02899933 -43.84700012 251.11799622 0.663050 -0.596244 0.452611
37.91799927 -43.93500137 251.11799622 -0.000978 -0.000978 0.999999
43.31800079 -38.72900009 259.21798706 -0.444291 -0.833634 0.328116
43.61800003 -38.83499908 259.51800537 -0.438716 -0.815214 0.378093
44.21799850 -38.91999817 259.81799316 -0.393178 -0.841181 0.371248
43.91799927 -38.77999878 259.81799316 -0.345294 -0.845268 0.407791
43.91799927 -38.98199844 259.51800537 -0.395910 -0.861143 0.318885
44.21799850 -39.11199951 259.51800537 -0.334880 -0.894501 0.296182
44.21799850 -39.46400070 258.61801147 -0.456966 -0.820641 0.343120
44.21799850 -39.64599991 258.31799316 -0.442883 -0.853585 0.274312
43.91799927 -39.47399902 258.31799316 -0.513258 -0.775553 0.367538
48.15200043 -44.14699936 252.61799622 -0.539172 -0.718343 0.439633
48.41799927 -44.34700012 252.61799622 -0.442258 -0.785696 0.432538
48.11800003 -44.30500031 252.31799316 -0.496082 -0.761315 0.417495
48.41799927 -44.47600174 252.31799316 -0.447067 -0.826206 0.342804
34.76800156 -54.64699936 259.81799316 0.692260 0.701429 -0.169627
34.61800003 -54.56200027 259.51800537 0.791242 0.560268 -0.245020
38.21799850 -57.31299973 257.71798706 0.427054 0.820768 -0.379427
38.51800156 -57.64500046 257.41799927 0.338212 0.940612 -0.029354
38.81800079 -57.75299835 257.41799927 0.362892 0.929164 -0.070452
38.81800079 -57.78200150 257.11801147 0.448758 0.872338 -0.194017
38.51800156 -57.65399933 257.11801147 0.406187 0.890092 -0.206759
39.41799927 -58.12200165 256.81799316 0.235002 0.949515 -0.207834
50.10499954 -43.54700089 256.81799316 -0.829607 -0.439203 0.344751
49.92399979 -43.24700165 256.51800537 -0.669170 -0.652809 0.355037
49.99399948 -43.54700089 256.51800537 -0.911293 -0.199480 0.360212
50.27199936 -43.84700012 256.81799316 -0.979176 -0.188070 0.076441
50.21200180 -44.14699936 256.81799316 -0.996101 -0.022663 0.085257
50.23300171 -43.84700012 256.51800537 -0.971663 -0.050111 0.230999
50.22700119 -44.14699936 256.51800537 -0.999795 -0.019015 -0.007006
50.25400162 -44.44699860 256.21798706 -0.993893 -0.103276 -0.038867
50.27899933 -44.74700165 256.21798706 -0.992461 -0.090017 0.083180
50.26800156 -44.44699860 255.91799927 -0.997021 0.061571 -0.046448
50.25099945 -44.74700165 255.91799927 -0.997883 -0.041534 -0.050054
38.81800079 -37.47900009 264.91799927 0.999999 0.000978 0.000978
38.81800079 -37.36299896 265.21798706 0.999999 -0.000978 -0.000978
38.51800156 -37.70100021 264.91799927 0.555784 -0.795534 0.241307
38.51800156 -37.60100174 265.21798706 0.999999 -0.000978 -0.000978
50.32199860 -45.04700089 255.61799622 -0.996222 -0.079134 -0.035773
50.35599899 -45.34700012 255.61799622 -0.992948 0.001088 0.118545
50.31399918 -45.04700089 255.31799316 -0.998078 -0.007300 0.061533
50.29600143 -45.34700012 255.31799316 -0.994348 -0.059148 0.088163
38.51800156 -37.48099899 265.51800537 0.999999 -0.000978 -0.000978
38.81800079 -37.22299957 265.51800537 0.999999 -0.000978 -0.000978
38.51800156 -37.37400055 265.81799316 0.593812 -0.705666 0.386553
38.81800079 -37.10300064 265.81799316 0.999999 0.000978 0.000978
39.11800003 -37.01300049 265.51800537 0.999999 0.000978 0.000978
38.51800156 -37.15499878 266.11801147 0.476715 -0.856294 0.198756
38.81800079 -36.98799896 266.11801147 0.470302 -0.815508 0.337288
38.51800156 -37.08499908 266.41799927 0.999999 0.000978 0.000978
38.81800079 -36.85499954 266.41799927 0.999999 -0.000978 -0.000978
33.60300064 -46.54700089 258.91799927 0.997828 0.037272 0.054311
39.11800003 -36.73799896 266.11801147 0.999999 0.000978 0.000978
39.41799927 -36.49700165 266.11801147 0.999999 0.000978 0.000978
39.11800003 -36.59299850 266.41799927 0.501450 -0.808331 0.308463
39.41799927 -36.42900085 266.41799927 0.514730 -0.807512 0.288060
33.59299850 -46.24700165 258.91799927 0.993520 0.061744 -0.095423
39.11800003 -36.50999832 266.71798706 0.576407 -0.784598 0.228388
38.51800156 -36.94599915 266.71798706 0.999999 0.000978 0.000978
38.81800079 -36.72299957 266.71798706 0.999999 -0.000978 -0.000978
38.51800156 -36.85400009 267.01800537 0.999999 0.000978 0.000978
38.81800079 -36.62300110 267.01800537 0.589720 -0.765849 0.256331
33.57600021 -46.54700089 259.21798706 0.999511 0.031266 -0.001009
50.81800079 -48.06700134 271.51800537 -0.413511 0.853351 -0.317490
50.51800156 -48.16600037 271.51800537 -0.435516 0.831725 -0.344325
33.61899948 -46.24700165 259.21798706 0.999976 0.004936 -0.004936
33.66699982 -42.64699936 263.41799927 0.964536 -0.186642 0.186642
33.59099960 -42.94699860 263.41799927 0.995898 -0.087587 -0.022708
33.58700180 -42.94699860 263.11801147 0.955521 -0.273193 0.111107
33.71799850 -46.26900101 253.51800537 0.648414 -0.570941 0.503573
33.71799850 -46.24700165 253.53700256 0.648414 -0.570941 0.503573
33.71799850 -46.00299835 253.81799316 0.716395 -0.633056 0.293289
34.01800156 -45.78599930 253.81799316 0.595217 -0.691381 0.409523
34.11600113 -45.64699936 253.81799316 -0.000978 -0.000978 0.999999
33.71799850 -45.86399841 254.11799622 0.736305 -0.600967 0.310956
37.01800156 -44.44699860 251.42599487 0.593854 -0.693106 0.408585
34.01800156 -45.57899857 254.11799622 0.253899 -0.922356 0.291195
33.71799850 -45.69400024 254.41799927 0.769262 -0.618130 0.161711
34.01800156 -45.48400116 254.41799927 0.999999 0.000978 0.000978
50.81100082 -49.54700089 258.31799316 -0.987333 -0.137685 0.078845
34.31800079 -45.44699860 253.81799316 0.666770 -0.673259 0.319595
50.76499939 -49.24700165 258.31799316 -0.987924 -0.143127 0.059345
50.78499985 -49.54700089 258.61801147 -0.998348 -0.055290 -0.015648
50.77199936 -49.24700165 258.61801147 -0.996504 -0.083482 -0.003170
50.71400070 -49.54700089 257.71798706 -0.970319 -0.241687 0.008334
34.31800079 -45.30400085 254.11799622 0.999999 -0.000978 -0.000978
50.67499924 -49.24700165 257.71798706 -0.930877 -0.059418 0.360467
34.61800003 -45.06000137 254.11799622 0.479199 -0.828843 0.288768
50.73799896 -49.54700089 258.01800537 -0.982754 -0.095495 0.158353
34.31800079 -45.22299957 254.41799927 0.603548 -0.726523 0.328472
50.73600006 -49.24700165 258.01800537 -0.988308 -0.030778 0.149329
34.61800003 -44.99000168 254.41799927 0.457631 -0.866070 0.201238
34.65700150 -45.34700012 253.51800537 0.513538 -0.738107 0.437580
34.61800003 -45.34700012 253.56399536 0.513538 -0.738107 0.437580
34.61800003 -45.19699860 253.81799316 0.437031 -0.798268 0.414454
34.91799927 -44.90999985 254.11799622 0.458536 -0.864797 0.204624
34.91799927 -44.83100128 254.41799927 0.497767 -0.814956 0.296776
35.39699936 -44.74700165 253.51800537 0.596057 -0.740653 0.310078
35.21799850 -44.74200058 254.11799622 0.484202 -0.866391 0.122128
34.91799927 -44.74700165 254.54499817 0.999999 -0.000978 -0.000978
35.21799850 -44.53099823 254.41799927 0.603403 -0.692674 0.395105
36.54999924 -43.54700089 254.41799927 0.604567 -0.758457 0.243397
36.71799850 -43.50999832 254.11799622 0.999999 -0.000978 -0.000978
37.01800156 -43.29000092 254.11799622 0.999999 -0.000978 -0.000978
36.71799850 -43.41600037 254.41799927 0.630104 -0.725816 0.275970
37.01800156 -43.20299911 254.41799927 0.999999 -0.000978 -0.000978
36.71799850 -43.28099823 254.71800232 0.525143 -0.817745 0.235621
36.77099991 -43.24700165 254.71800232 0.525143 -0.817745 0.235621
36.71799850 -43.24700165 254.83599854 0.530574 -0.812103 0.242857
37.01800156 -43.07400131 254.71800232 0.547045 -0.763282 0.343719
36.71799850 -43.19100189 255.01800537 0.672209 -0.688176 0.273035
37.01800156 -42.93299866 255.01800537 0.999999 -0.000978 -0.000978
37.31800079 -42.81499863 254.71800232 0.999999 -0.000978 -0.000978
37.61800003 -42.59999847 254.71800232 0.585872 -0.744041 0.321180
37.31800079 -42.71900177 255.01800537 0.999999 0.000978 0.000978
37.61800003 -42.41799927 255.01800537 0.999999 0.000978 0.000978
37.47700119 -42.94699860 254.11799622 0.563511 -0.754039 0.337461
37.82699966 -42.64699936 254.11799622 0.553816 -0.768922 0.319448
37.31800079 -42.94300079 254.41799927 0.584467 -0.745477 0.320410
37.61800003 -42.67499924 254.41799927 0.600886 -0.753089 0.267941
50.51800156 -54.45999908 256.51800537 -0.999999 0.000978 0.000978
50.51800156 -54.35300064 256.81799316 -0.999999 -0.000978 -0.000978
49.91799927 -54.92399979 256.51800537 -0.999999 -0.000978 -0.000978
50.21799850 -54.67200089 256.51800537 -0.999999 0.000978 0.000978
49.91799927 -54.78799820 256.81799316 -0.999999 -0.000978 -0.000978
50.21799850 -54.56999969 256.81799316 -0.999999 -0.000978 -0.000978
48.11800003 -56.27999878 256.51800537 -0.999999 -0.000978 -0.000978
48.11800003 -56.20100021 256.81799316 -0.999999 -0.000978 -0.000978
47.51800156 -56.69900131 256.51800537 -0.999999 -0.000978 -0.000978
47.81800079 -56.51200104 256.51800537 -0.999999 -0.000978 -0.000978
47.51800156 -56.59000015 256.81799316 -0.999999 -0.000978 -0.000978
47.81800079 -56.37400055 256.81799316 -0.999999 -0.000978 -0.000978
46.91799927 -57.00400162 255.91799927 -0.325620 0.777960 0.537354
47.21799850 -56.84000015 255.91799927 -0.458125 0.880571 0.121310
46.91799927 -57.10800171 256.21798706 -0.999999 0.000978 0.000978
47.21799850 -56.88700104 256.21798706 -0.426762 0.887025 0.176240
46.31800079 -57.49700165 256.21798706 -0.508993 0.796200 0.327096
46.31800079 -57.55599976 256.51800537 -0.764489 0.644295 -0.020964
46.31800079 -57.48799896 256.81799316 -0.543860 0.822532 -0.166304
41.81800079 -43.24700165 249.99600220 -0.028979 0.175035 0.984136
41.51800156 -43.24700165 249.96600342 -0.040137 0.232311 0.971813
41.81800079 -43.54700089 250.05000305 0.018835 0.317678 0.948012
41.51800156 -43.54700089 250.04499817 -0.006215 0.316967 0.948416
45.71799850 -57.89799881 256.51800537 -0.377700 0.904454 0.198256
46.01800156 -57.77299881 256.51800537 -0.471055 0.852746 0.225682
46.01800156 -57.79600143 256.81799316 -0.574822 0.790573 -0.211128
46.18500137 -57.64699936 256.81799316 -0.000978 -0.000978 -0.999999
33.56600189 -45.94699860 258.91799927 0.988793 0.122578 -0.085221
41.21799850 -43.24700165 249.97099304 -0.010777 0.247871 0.968733
40.91799927 -43.24700165 249.96000671 0.012648 0.182816 0.983066
41.21799850 -43.54700089 250.04600525 -0.003712 0.315483 0.948924
40.91799927 -43.54700089 250.04299927 0.037303 0.338302 0.940298
41.21799850 -44.14699936 250.31700134 0.025296 0.443339 0.895997
40.91799927 -44.14699936 250.33200073 0.017207 0.438124 0.898750
41.21799850 -43.84700012 250.16999817 0.014380 0.411789 0.911166
40.91799927 -43.84700012 250.17599487 0.075644 0.433234 0.898101
40.61800003 -43.84700012 250.22099304 0.071485 0.395189 0.915814
40.31800079 -43.84700012 250.22200012 -0.046811 0.292252 0.955195
40.61800003 -44.14699936 250.32899475 -0.038209 0.393950 0.918338
40.31800079 -44.14699936 250.30700684 -0.046023 0.372130 0.927039
40.01800156 -44.14699936 250.30000305 0.065789 0.393390 0.917015
39.71799850 -44.14699936 250.35000610 0.072635 0.428958 0.900400
40.01800156 -43.84700012 250.19099426 -0.008492 0.272948 0.961991
39.71799850 -43.84700012 250.21699524 0.112570 0.292682 0.949561
33.51900101 -45.64699936 258.91799927 0.976148 0.185282 -0.113159
40.01800156 -44.44699860 250.48199463 0.060708 0.408766 0.910618
39.71799850 -44.44699860 250.50199890 -0.022327 0.413700 0.910140
40.01800156 -44.74700165 250.61700439 -0.011536 0.375561 0.926726
39.71799850 -44.74700165 250.62300110 0.032446 0.364697 0.930561
33.57300186 -45.94699860 259.21798706 0.994189 0.088347 0.061508
39.41799927 -44.44699860 250.46800232 -0.025012 0.414665 0.909630
39.11800003 -44.44699860 250.48599243 0.040030 0.342195 0.938776
39.41799927 -44.74700165 250.63800049 -0.008921 0.363231 0.931656
39.11800003 -44.74700165 250.61700439 -0.027286 0.375505 0.926419
38.81800079 -44.44699860 250.49400330 0.031378 0.302484 0.952638
38.51800156 -44.44699860 250.50500488 0.110111 0.257789 0.959907
33.56600189 -45.64699936 259.21798706 0.991850 0.116755 -0.051009
38.81800079 -44.74700165 250.62100220 0.022268 0.407374 0.912990
38.51800156 -44.74700165 250.63200378 0.045911 0.371225 0.927407
38.81800079 -45.34700012 250.87600708 0.040710 0.382151 0.923203
38.51800156 -45.34700012 250.90899658 0.050044 0.434167 0.899442
38.81800079 -45.04700089 250.76100159 0.024778 0.392539 0.919402
38.51800156 -45.04700089 250.74499512 -0.003905 0.420458 0.907304
38.21799850 -44.44699860 250.56199646 0.266820 0.205991 0.941475
37.91799927 -44.44699860 250.67500305 0.290011 0.103669 0.951392
38.21799850 -44.74700165 250.64999390 0.096299 0.310005 0.945845
37.91799927 -44.74700165 250.69299316 0.183605 0.163061 0.969381
38.21799850 -45.34700012 250.91000366 0.049796 0.426629 0.903055
37.91799927 -45.34700012 250.94200134 0.003896 0.419467 0.907762
38.21799850 -45.04700089 250.75799561 0.046549 0.397662 0.916351
37.91799927 -45.04700089 250.77499390 0.065670 0.384641 0.920727
37.31800079 -45.04700089 250.82699585 0.128761 0.173765 0.976333
37.31800079 -44.94499969 250.81799316 0.999999 0.000978 0.000978
37.61800003 -45.34700012 250.91200256 -0.056677 0.365105 0.929239
37.31800079 -45.34700012 250.90600586 0.051092 0.360265 0.931450
37.61800003 -45.04700089 250.80099487 0.087177 0.241315 0.966523
37.01800156 -45.04700089 250.88000488 0.169235 0.187321 0.967611
36.71799850 -45.04700089 250.93800354 0.459983 -0.200963 0.864887
37.01800156 -45.34700012 250.94400024 0.136494 0.306774 0.941944
36.71799850 -45.34700012 250.99200439 0.153417 0.229469 0.961149
37.01800156 -45.64699936 251.07400513 0.037832 0.371799 0.927542
36.71799850 -45.64699936 251.08099365 0.064502 0.346205 0.935939
36.71799850 -44.81299973 251.11799622 0.249373 -0.591282 0.766941
37.01800156 -45.94699860 251.18499756 0.032058 0.339816 0.939945
36.71799850 -45.94699860 251.21400452 0.048928 0.384812 0.921697
36.19400024 -45.04700089 251.41799927 0.633413 -0.685789 0.358443
36.11800003 -45.11700058 251.41799927 0.633413 -0.685789 0.358443
36.41799927 -44.93899918 251.11799622 0.561448 -0.537843 0.628889
36.11800003 -45.34700012 251.12500000 0.273493 0.142750 0.951222
36.41799927 -45.64699936 251.11500549 0.140535 0.282408 0.948945
36.11800003 -45.64699936 251.16999817 0.186352 0.181139 0.965641
36.41799927 -45.94699860 251.21699524 0.037996 0.381265 0.923684
36.11800003 -45.94699860 251.23800659 0.061288 0.335126 0.940178
40.91799927 -35.69100189 264.91799927 0.451629 -0.878571 0.155384
41.21799850 -35.56100082 264.91799927 0.383112 -0.886971 0.257892
40.91799927 -35.63000107 265.21798706 0.511431 -0.850454 0.123149
41.21799850 -35.47399902 265.21798706 0.426711 -0.881476 0.202282
40.77199936 -35.74700165 265.21798706 -0.000978 -0.000978 0.999999
35.51800156 -45.42200089 251.71800232 0.380451 -0.781948 0.493776
35.81800079 -46.54700089 251.47799683 -0.024606 0.376854 0.925946
35.51800156 -46.54700089 251.48399353 0.048858 0.381623 0.923026
35.81800079 -46.24700165 251.36799622 0.011413 0.348737 0.937151
35.51800156 -46.24700165 251.38800049 0.029034 0.316852 0.948031
35.51800156 -45.61500168 251.41799927 0.619292 -0.478315 0.622649
35.81800079 -45.64699936 251.23100281 0.199771 0.077212 0.976796
35.81800079 -45.94699860 251.25500488 0.075686 0.224577 0.971513
35.51800156 -45.94699860 251.28399658 0.096941 0.322695 0.941526
35.21799850 -45.50500107 251.71800232 0.225928 -0.819179 0.527164
35.21799850 -46.54700089 251.50900269 0.051838 0.392106 0.918458
34.91799927 -46.54700089 251.51699829 0.132745 0.387058 0.912450
35.21799850 -46.24700165 251.38699341 0.031429 0.305492 0.951676
34.91799927 -46.24700165 251.40800476 0.219118 0.246680 0.944000
34.61800003 -46.24700165 251.52499390 0.544822 0.043196 0.837438
34.61800003 -46.54700089 251.59500122 0.292620 0.227593 0.928749
34.31800079 -46.54700089 251.70599365 0.327478 -0.042380 0.943908
34.31800079 -46.29700089 252.01800537 0.229684 -0.971552 -0.057728
34.45399857 -46.24700165 251.71800232 0.778054 -0.469431 0.417453
34.31800079 -46.84700012 251.73800659 0.217753 0.155165 0.963591
34.61800003 -47.14699936 251.74099731 0.053997 0.367440 0.928478
34.31800079 -47.14699936 251.80200195 0.191199 0.302847 0.933663
34.01800156 -46.36800003 252.01800537 0.175562 -0.740415 0.648817
34.01800156 -46.54700089 251.81399536 0.541751 -0.329552 0.773241
34.01800156 -46.84700012 251.80700684 0.290361 0.078720 0.953674
34.01800156 -47.14699936 251.86399841 0.200407 0.224618 0.953616
33.71799850 -47.14699936 251.92799377 0.199934 0.300600 0.932559
33.52899933 -45.94699860 259.51800537 0.995622 0.077937 0.051592
33.54999924 -45.64699936 259.51800537 0.999735 -0.009061 0.021142
33.54199982 -45.94699860 259.81799316 0.980948 0.157587 -0.113609
33.55300140 -45.64699936 259.81799316 0.999298 0.037461 -0.001012
33.53499985 -45.34700012 259.51800537 0.997829 0.060314 -0.026454
51.13199997 -45.64699936 270.61801147 -0.994389 -0.098443 -0.038714
51.16199875 -45.94699860 270.61801147 -0.996678 -0.003171 -0.081383
51.14400101 -45.64699936 270.31799316 -0.999852 -0.016947 0.002991
33.51399994 -45.04700089 259.51800537 0.995500 0.094759 -0.001065
51.16699982 -45.94699860 270.31799316 -0.998099 -0.005204 0.061405
33.51900101 -45.34700012 259.81799316 0.995879 0.090534 -0.005326
33.49900055 -45.04700089 259.81799316 0.999486 0.025523 0.019398
46.61800003 -38.16099930 264.31799316 -0.425230 -0.875824 0.228281
49.61800003 -42.36899948 258.31799316 -0.417612 -0.824110 0.382679
50.59000015 -43.84700012 262.81799316 -0.993285 -0.050392 0.104144
50.60200119 -44.14699936 262.81799316 -0.998239 -0.059086 0.005183
50.54999924 -43.84700012 262.51800537 -0.979767 -0.165958 0.111868
50.61700058 -44.14699936 262.51800537 -0.977065 -0.201268 0.069529
50.51399994 -43.84700012 261.91799927 -0.993796 -0.090958 0.064007
50.52099991 -43.84700012 262.21798706 -0.994124 -0.090578 0.059267
50.55899811 -44.14699936 262.21798706 -0.981168 -0.164544 0.101164
50.55500031 -44.14699936 261.91799927 -0.981276 -0.147864 0.123423
50.07500076 -42.64699936 259.21798706 -0.838906 -0.503343 0.207081
50.25699997 -42.94699860 259.21798706 -0.907267 -0.268223 0.323919
50.09999847 -42.64699936 258.91799927 -0.978058 -0.195612 -0.071684
50.15800095 -42.94699860 258.91799927 -0.927083 -0.351272 0.130866
45.41799927 -41.76300049 254.71800232 -0.338143 -0.888190 0.311092
33.53799820 -45.34700012 260.11801147 0.993971 0.079742 -0.075250
39.11800003 -37.48099899 264.31799316 0.999999 0.000978 0.000978
39.41799927 -37.24700165 264.31799316 0.600967 -0.736305 0.310956
39.11800003 -37.38100052 264.61801147 0.999999 -0.000978 -0.000978
39.41799927 -37.13100052 264.61801147 0.999999 0.000978 0.000978
33.50199890 -45.04700089 260.11801147 0.996507 0.044555 -0.070636
33.56499863 -45.34700012 260.41799927 0.993137 0.080402 -0.084932
33.54199982 -45.04700089 260.41799927 0.993423 0.043483 -0.105921
40.91799927 -35.60400009 265.51800537 0.486950 -0.861974 0.140997
41.16999817 -35.44699860 265.51800537 0.529420 -0.829374 0.178473
40.91799927 -35.53099823 265.81799316 0.364328 -0.881342 0.300835
41.05799866 -35.44699860 265.81799316 0.505801 -0.842002 0.187612
41.81800079 -35.33599854 265.51800537 0.009489 -0.844515 0.535447
41.81800079 -38.06100082 259.21798706 -0.234836 -0.782269 0.576982
41.81800079 -38.29399872 258.91799927 -0.265983 -0.960847 0.077631
42.41799927 -38.50400162 258.91799927 -0.359463 -0.885873 0.293285
42.11800003 -38.37699890 258.91799927 -0.324267 -0.924656 0.199658
42.11800003 -38.15900040 259.21798706 -0.399376 -0.737941 0.544006
42.41799927 -38.38100052 259.21798706 -0.292968 -0.884912 0.362078
43.31800079 -38.66400146 259.51800537 -0.356439 -0.897753 0.258825
43.31800079 -38.55599976 259.81799316 -0.384281 -0.842282 0.378007
43.61800003 -38.67499924 259.81799316 -0.319392 -0.856340 0.405797
44.21799850 -38.78799820 260.11801147 -0.442887 -0.843816 0.303028
44.81800079 -38.87699890 260.71798706 -0.420235 -0.857403 0.297089
44.81800079 -38.78499985 261.01800537 -0.459028 -0.824988 0.329680
45.41799927 -39.19699860 260.71798706 -0.405056 -0.821232 0.401880
45.11800003 -39.02600098 260.71798706 -0.449781 -0.838865 0.306598
45.11800003 -38.93299866 261.01800537 -0.354908 -0.857049 0.373506
45.41799927 -39.03400040 261.01800537 -0.333393 -0.854418 0.398521
45.11800003 -38.76399994 261.31799316 -0.389157 -0.833457 0.392308
45.41799927 -38.91699982 261.31799316 -0.431829 -0.833823 0.343893
45.41799927 -38.78699875 261.61801147 -0.419538 -0.827993 0.372043
45.71799850 -39.07500076 261.31799316 -0.417218 -0.832862 0.363688
46.01800156 -39.21799850 261.31799316 -0.397047 -0.818013 0.416182
46.01800156 -39.06499863 261.61801147 -0.376957 -0.834353 0.402193
45.71799850 -38.95299911 261.61801147 -0.390636 -0.839318 0.378085
45.71799850 -38.80400085 261.91799927 -0.385894 -0.824193 0.414478
46.01800156 -38.92800140 261.91799927 -0.393395 -0.829448 0.396555
46.01800156 -38.77899933 262.21798706 -0.441728 -0.844707 0.302235
46.31800079 -39.22499847 261.61801147 -0.438185 -0.814228 0.380823
46.31800079 -39.08700180 261.91799927 -0.443934 -0.839581 0.313091
46.61800003 -39.24300003 261.91799927 -0.436226 -0.839617 0.323651
46.61800003 -39.12699890 262.21798706 -0.367739 -0.871283 0.325014
46.31800079 -39.00299835 262.21798706 -0.394446 -0.869608 0.296976
46.91799927 -39.29800034 262.21798706 -0.373779 -0.846086 0.380035
47.51800156 -39.27799988 262.81799316 -0.420229 -0.823015 0.382171
47.51800156 -39.40700150 262.51800537 -0.421964 -0.816859 0.393303
47.81800079 -39.60200119 262.51800537 -0.394858 -0.856301 0.332920
47.81800079 -39.46599960 262.81799316 -0.414102 -0.813815 0.407707
48.11800003 -39.30300140 263.41799927 -0.333308 -0.885303 0.324259
48.11800003 -39.45800018 263.11801147 -0.399729 -0.816975 0.415654
48.41799927 -39.59500122 263.11801147 -0.409604 -0.830278 0.377974
48.41799927 -39.45999908 263.41799927 -0.483207 -0.824111 0.295554
48.71799850 -39.75400162 263.11801147 -0.456495 -0.863599 0.214029
49.01800156 -39.94100189 263.11801147 -0.395970 -0.872347 0.286737
48.71799850 -39.68000031 263.41799927 -0.462698 -0.861007 0.211134
49.01800156 -39.84099960 263.41799927 -0.424928 -0.851401 0.307493
48.41799927 -39.38100052 263.71798706 -0.365621 -0.862372 0.350194
49.01800156 -39.65900040 263.71798706 -0.448563 -0.802268 0.393899
48.71799850 -39.49300003 263.71798706 -0.398893 -0.860931 0.315726
48.71799850 -39.40100098 264.01800537 -0.356656 -0.878740 0.317196
49.01800156 -39.51200104 264.01800537 -0.366964 -0.847921 0.382580
49.31800079 -39.82699966 263.71798706 -0.444436 -0.790287 0.421810
49.31800079 -39.65999985 264.01800537 -0.454873 -0.809195 0.371879
49.61800003 -39.83100128 264.01800537 -0.999999 0.000978 0.000978
49.61800003 -39.99599838 263.71798706 -0.409833 -0.836939 0.362726
49.91799927 -39.88399887 264.31799316 -0.590642 -0.778784 0.211274
50.02000046 -39.94699860 264.61801147 -0.806826 -0.570316 0.154180
45.41799927 -54.48300171 265.81799316 -0.999999 0.000978 0.000978
45.11800003 -54.74900055 265.81799316 -0.604981 0.753462 -0.257472
45.41799927 -54.55899811 265.51800537 -0.999999 0.000978 0.000978
45.11800003 -54.77600098 265.51800537 -0.609453 0.751187 -0.253545
33.58499908 -44.74700165 261.31799316 0.997618 0.068330 0.009461
33.55799866 -44.44699860 261.31799316 0.989567 0.134471 -0.051720
33.60599899 -44.74700165 261.61801147 0.994215 0.088151 -0.061371
33.58200073 -44.44699860 261.61801147 0.988167 0.142491 -0.056765
50.21799850 -50.42399979 256.51800537 -0.653672 -0.613549 0.443026
36.71799850 -44.17900085 252.61799622 0.508993 -0.796200 0.327096
33.56800079 -44.44699860 260.41799927 0.955641 -0.185782 -0.228552
33.53900146 -44.74700165 260.41799927 0.993125 -0.043666 -0.108606
33.51599884 -44.44699860 260.11801147 0.985110 -0.111590 -0.130788
33.51100159 -44.74700165 260.11801147 0.998024 -0.024239 -0.057963
33.62200165 -44.74700165 261.91799927 0.995718 0.084161 -0.038255
33.59199905 -44.44699860 261.91799927 0.992991 0.096023 -0.068911
34.20399857 -43.24700165 270.31799316 0.790835 -0.207306 -0.575851
34.12599945 -43.54700089 270.31799316 0.896566 -0.227443 -0.380050
33.62900162 -44.74700165 262.21798706 0.995584 0.071664 -0.060639
33.62300110 -44.44699860 262.21798706 0.992410 0.055448 -0.109765
45.11800003 -55.60100174 263.71798706 -0.999999 0.000978 0.000978
45.11800003 -55.94100189 263.11801147 -0.346937 0.935279 -0.069915
45.41799927 -55.74100113 263.11801147 -0.706523 0.681894 -0.189330
45.11800003 -55.69400024 263.41799927 -0.461360 0.847614 -0.262101
44.51800156 -56.05500031 263.71798706 -0.729074 -0.616909 0.296437
44.81800079 -55.78699875 263.71798706 -0.999999 0.000978 0.000978
44.51800156 -55.91099930 264.01800537 -0.999999 0.000978 0.000978
44.81800079 -55.68899918 264.01800537 -0.999999 -0.000978 -0.000978
50.72800064 -51.94699860 255.31799316 -0.997891 -0.024287 0.060190
50.75199890 -51.64699936 255.31799316 -0.986299 0.120164 0.113026
50.77099991 -51.94699860 255.61799622 -0.996852 -0.005274 0.079115
50.77999878 -51.64699936 255.61799622 -0.999482 0.031392 0.007089
43.31800079 -56.15700150 265.51800537 -0.170375 0.800612 -0.574450
41.51800156 -56.72200012 262.81799316 0.263980 0.876414 -0.402758
37.61800003 -55.56900024 260.41799927 0.455546 0.868061 0.197354
37.31800079 -55.43199921 260.11801147 0.288721 0.952386 0.097982
37.61800003 -55.54700089 260.35299683 0.421793 0.900661 0.104404
37.01800156 -56.44699860 255.74000549 0.048928 0.384812 0.921697
36.71799850 -56.44699860 255.77699280 0.117022 0.435661 0.892471
37.01800156 -56.74700165 255.91700745 0.000978 0.999999 0.000978
36.71799850 -56.74700165 255.91700745 0.001299 0.424733 0.905318
36.41799927 -56.44699860 255.81900024 0.115157 0.546629 0.829419
33.65900040 -44.74700165 262.51800537 0.992651 0.094160 -0.076009
33.65800095 -44.44699860 262.51800537 0.997144 0.044102 -0.061313
33.67399979 -44.74700165 262.81799316 0.994344 0.092419 -0.052334
33.65999985 -44.44699860 262.81799316 0.995276 0.069747 -0.067533
41.21799850 -54.50699997 267.31799316 0.391418 0.846774 -0.360230
41.21799850 -54.38000107 267.61801147 0.424452 0.821879 -0.379940
33.63299942 -44.14699936 262.51800537 0.993275 0.097865 -0.061869
40.91799927 -54.32699966 267.31799316 0.320680 0.853597 -0.410532
33.59899902 -43.84700012 262.51800537 0.986062 0.147614 -0.076759
40.91799927 -54.20100021 267.61801147 0.999999 -0.000978 -0.000978
33.63199997 -44.14699936 262.81799316 0.994482 0.083523 -0.063478
33.61000061 -43.84700012 262.81799316 0.995239 0.076217 -0.060753
35.81800079 -42.30699921 258.61801147 0.514067 -0.758861 0.399830
36.05099869 -42.34700012 258.31799316 0.503944 -0.835847 0.217716
39.11800003 -54.24100113 265.51800537 0.537867 0.750398 -0.384191
39.41799927 -54.34700012 265.70700073 0.335543 0.740788 -0.581932
39.11800003 -54.04600143 265.81799316 0.239660 0.934813 -0.262084
36.71799850 -40.54999924 261.31799316 0.999999 -0.000978 -0.000978
37.01800156 -40.20500183 261.61801147 0.999999 0.000978 0.000978
36.71799850 -40.43199921 261.61801147 0.999999 0.000978 0.000978
37.01800156 -40.28099823 261.31799316 0.502799 -0.820356 0.272414
43.61800003 -53.15499878 272.11801147 -0.382706 0.856827 -0.345520
43.31800079 -53.27099991 272.11801147 -0.090807 0.823027 -0.560696
37.01800156 -39.90700150 262.21798706 0.999999 -0.000978 -0.000978
37.31800079 -39.38399887 263.11801147 0.999999 0.000978 0.000978
38.21799850 -37.79199982 265.21798706 0.999999 -0.000978 -0.000978
38.21799850 -37.89799881 264.91799927 0.999999 -0.000978 -0.000978
38.51800156 -36.71200180 267.31799316 0.615458 -0.712893 0.336148
37.31800079 -53.55199814 264.91799927 0.420134 0.835547 -0.354045
37.61800003 -53.71599960 264.91799927 0.438140 0.824083 -0.359054
37.31800079 -53.46699905 265.21798706 0.391125 0.887840 -0.242408
37.61800003 -53.60400009 265.21798706 0.352307 0.855158 -0.380243
49.91799927 -50.14699936 256.44400024 -0.999999 -0.000978 -0.000978
50.74100113 -51.94699860 254.71800232 -0.982277 -0.187264 0.008042
50.65900040 -51.64699936 254.71800232 -0.992600 -0.113280 0.043742
50.73500061 -51.94699860 255.01800537 -0.989813 -0.140758 -0.021395
50.71200180 -51.64699936 255.01800537 -0.986110 0.062293 0.153969
33.67100143 -44.14699936 263.11801147 0.990420 0.105413 -0.089196
33.63499832 -43.84700012 263.11801147 0.992461 0.090017 -0.083180
33.68600082 -44.14699936 263.41799927 0.999437 0.033416 -0.003038
33.66099930 -43.84700012 263.41799927 0.996742 0.074352 -0.031249
50.53799820 -52.24700165 253.81799316 -0.893982 0.053067 0.444950
46.61800003 -50.58499908 273.01800537 -0.464141 0.818979 -0.337413
46.31800079 -50.74700165 273.03601074 -0.548122 0.744464 -0.381231
46.61800003 -50.70899963 272.71798706 -0.999999 0.000978 0.000978
50.21799850 -52.84700012 253.91900635 -0.436180 0.348000 0.829845
49.91799927 -52.84700012 253.86099243 -0.063395 0.408698 0.910465
50.21799850 -53.14699936 254.00999451 -0.155830 0.360795 0.919535
49.91799927 -53.14699936 254.02200317 0.001289 0.400751 0.916186
50.21799850 -52.24700165 253.62399292 -0.111123 0.374524 0.920534
49.91799927 -52.24700165 253.60800171 -0.041592 0.433360 0.900261
50.21799850 -52.54700089 253.77600098 -0.055779 0.439429 0.896544
49.91799927 -52.54700089 253.75399780 -0.051765 0.388901 0.919824
49.61800003 -52.84700012 253.87699890 0.038511 0.407685 0.912310
49.31800079 -52.84700012 253.88699341 0.067025 0.439081 0.895944
49.61800003 -53.14699936 254.01100159 0.030724 0.436821 0.899023
49.31800079 -53.14699936 254.04299927 0.033635 0.456086 0.889300
48.41799927 -53.74700165 254.32400513 0.008735 0.320705 0.947139
36.71799850 -49.59600067 273.01800537 0.367799 0.798236 -0.477014
36.71799850 -49.78799820 272.71798706 0.366632 0.805309 -0.465895
36.89300156 -49.84700012 272.71798706 0.000978 0.000978 -0.999999
37.01800156 -49.90700150 272.71798706 -0.000978 -0.000978 -0.999999
43.91799927 -53.87300110 270.01800537 -0.999999 -0.000978 -0.000978
44.21799850 -53.76900101 269.71798706 -0.999999 -0.000978 -0.000978
43.91799927 -53.96799850 269.71798706 -0.999999 -0.000978 -0.000978
49.01800156 -38.70000076 265.81799316 -0.430514 -0.811414 0.395304
48.71799850 -38.55400085 265.81799316 -0.416430 -0.828109 0.375262
48.71799850 -38.70500183 265.51800537 -0.444246 -0.806700 0.389718
36.41799927 -39.83900070 263.41799927 0.548407 -0.750195 0.369402
36.11800003 -39.94699860 263.64199829 0.999999 0.000978 0.000978
46.61800003 -38.20999908 264.01800537 -0.315768 -0.890436 0.327740
46.31800079 -38.14699936 264.01800537 -0.258594 -0.907272 0.331644
46.61800003 -38.37900162 263.71798706 -0.363210 -0.834911 0.413525
46.31800079 -38.23500061 263.71798706 -0.398064 -0.867811 0.297404
44.51800156 -38.02000046 262.21798706 -0.389637 -0.834486 0.389637
36.11800003 -40.08300018 263.41799927 0.537889 -0.719943 0.438586
36.41799927 -40.00500107 263.11801147 0.999999 0.000978 0.000978
36.11800003 -40.22000122 263.11801147 0.999999 0.000978 0.000978
43.91799927 -37.97999954 261.61801147 -0.999999 -0.000978 -0.000978
43.91799927 -38.10400009 261.31799316 -0.450074 -0.825926 0.339530
43.61800003 -38.11299896 261.01800537 -0.459235 -0.835963 0.300449
43.31800079 -37.93299866 261.01800537 -0.482333 -0.766828 0.423472
43.31800079 -38.11100006 260.71798706 -0.421606 -0.773215 0.473696
43.01800156 -37.73600006 261.01800537 -0.486357 -0.816891 0.310072
42.71799850 -37.59299850 261.01800537 -0.324003 -0.900995 0.288496
42.71799850 -37.71300125 260.71798706 -0.367707 -0.863111 0.346167
43.01800156 -37.89799881 260.71798706 -0.493336 -0.744128 0.450437
42.41799927 -37.76599884 260.41799927 -0.431513 -0.873478 0.225462
42.11800003 -37.59600067 260.41799927 -0.999999 0.000978 0.000978
42.41799927 -37.84299850 260.11801147 -0.478730 -0.824044 0.302934
42.11800003 -37.69200134 260.11801147 -0.272395 -0.891611 0.361705
36.09799957 -40.54700089 262.51800537 0.619885 -0.716995 0.318844
36.41799927 -40.14300156 262.81799316 0.999999 -0.000978 -0.000978
36.11800003 -40.34999847 262.81799316 0.554660 -0.737911 0.384499
36.41799927 -40.24900055 262.51800537 0.999999 -0.000978 -0.000978
36.41799927 -40.37500000 262.21798706 0.999999 0.000978 0.000978
36.41799927 -40.53900146 261.91799927 0.999999 0.000978 0.000978
39.41799927 -57.04700089 255.95300293 0.017367 0.468922 0.883069
39.11800003 -57.04700089 255.97399902 0.014578 0.451931 0.891934
39.41799927 -57.34700012 256.10900879 0.072899 0.348591 0.934436
39.11800003 -57.34700012 256.11499023 -0.014212 0.388884 0.921177
49.61800003 -45.46200180 251.41799927 -0.455941 -0.752220 0.475693
49.87300110 -45.64699936 251.41799927 -0.736415 -0.556001 0.385429
38.97900009 -57.64699936 256.21798706 0.000978 0.999999 0.000978
38.51800156 -57.52500153 256.21798706 0.251845 0.508325 0.823517
38.76399994 -57.64699936 256.21798706 -0.000978 0.999999 -0.000978
49.61800003 -45.64699936 251.18800354 -0.417867 -0.473149 0.775575
38.81800079 -57.64699936 256.20199585 -0.000978 0.999999 -0.000978
49.31800079 -45.64699936 251.12899780 -0.269404 0.040969 0.962156
49.61800003 -45.94699860 251.12199402 -0.108595 -0.045901 0.993026
49.31800079 -45.94699860 251.12500000 -0.077503 -0.011679 0.996924
38.81800079 -57.04700089 255.96200562 0.014561 0.443456 0.896178
38.51800156 -57.04700089 255.98399353 0.022351 0.411519 0.911127
38.81800079 -57.34700012 256.10000610 -0.011520 0.372469 0.927973
38.51800156 -57.34700012 256.10800171 0.017124 0.430740 0.902314
49.01800156 -45.64699936 251.02099609 -0.312031 -0.145796 0.938818
48.71799850 -45.64699936 250.94000244 -0.159930 0.132655 0.978174
49.01800156 -45.94699860 251.07499695 -0.197598 0.158853 0.967327
48.71799850 -45.94699860 251.00199890 -0.179170 0.246527 0.952430
36.11800003 -40.61500168 262.21798706 0.962084 -0.244729 0.120422
36.11800003 -40.76200104 261.91799927 0.999999 -0.000978 -0.000978
34.31800079 -46.02999878 271.51800537 0.824922 -0.472955 -0.309542
35.81800079 -40.86399841 262.21798706 0.999999 0.000978 0.000978
35.51800156 -41.13000107 262.21798706 0.484237 -0.815475 0.317041
35.81800079 -41.01100159 261.91799927 0.999999 -0.000978 -0.000978
35.51800156 -41.22299957 261.91799927 0.999999 0.000978 0.000978
33.89599991 -53.44699860 255.01800537 0.973492 0.224279 -0.044856
35.81800079 -41.10699844 261.61801147 0.999999 -0.000978 -0.000978
33.67300034 -44.14699936 263.71798706 0.996645 0.076499 -0.029091
33.65399933 -43.84700012 263.71798706 0.998016 0.024290 -0.058086
33.70399857 -44.14699936 264.01800537 0.994374 0.087968 -0.059017
33.69599915 -43.84700012 264.01800537 0.995424 0.060629 -0.073858
41.81800079 -36.94699860 261.76000977 -0.999999 -0.000978 -0.000978
42.11800003 -37.26499939 261.31799316 -0.475849 -0.824491 0.306239
42.41799927 -37.42800140 261.31799316 -0.364375 -0.854344 0.370577
42.41799927 -37.26300049 261.61801147 -0.354891 -0.842670 0.404919
42.11800003 -37.13899994 261.61801147 -0.354846 -0.845689 0.398615
36.11800003 -55.54700089 255.39399719 0.011695 0.406713 0.913481
36.41799927 -55.54700089 255.37300110 0.059713 0.375527 0.924886
36.71799850 -55.54700089 255.35600281 0.039105 0.446332 0.894013
37.01800156 -55.54700089 255.34599304 0.022409 0.417866 0.908232
42.71799850 -37.52099991 261.31799316 -0.364328 -0.881342 0.300835
42.71799850 -37.39099884 261.61801147 -0.409833 -0.836939 0.362726
42.71799850 -37.26200104 261.91799927 -0.392462 -0.854730 0.339720
43.01800156 -37.41400146 261.91799927 -0.423345 -0.822907 0.378949
43.01800156 -37.27899933 262.21798706 -0.505487 -0.768795 0.391712
42.71799850 -37.06200027 262.21798706 -0.238344 -0.889720 0.389345
36.11800003 -55.24700165 255.26300049 0.030648 0.430404 0.902116
36.41799927 -55.24700165 255.23699951 0.101238 0.411886 0.905594
36.71799850 -55.24700165 255.19500732 0.025140 0.427382 0.903721
37.01800156 -55.24700165 255.22099304 -0.044094 0.418227 0.907272
43.31800079 -37.45700073 262.21798706 -0.336250 -0.825629 0.453070
48.41799927 -39.21799850 264.01800537 -0.388799 -0.811198 0.436799
48.11800003 -39.07500076 264.01800537 -0.409174 -0.803906 0.431638
48.11800003 -39.24000168 263.71798706 -0.483473 -0.817337 0.313391
43.31800079 -37.26300049 262.51800537 -0.412409 -0.803956 0.428456
43.61800003 -37.45199966 262.51800537 -0.999999 -0.000978 -0.000978
43.61800003 -37.30500031 262.81799316 -0.999999 -0.000978 -0.000978
43.31800079 -37.10300064 262.81799316 -0.428311 -0.826594 0.365092
43.68999863 -58.24700165 259.81799316 -0.594965 0.745711 -0.299888
43.61800003 -58.29600143 259.81799316 -0.679104 0.672682 -0.293797
43.38399887 -58.54700089 259.81799316 -0.652241 0.700318 -0.290063
43.31800079 -58.69300079 259.51800537 -0.179744 0.904472 -0.386809
43.91799927 -37.49900055 262.81799316 -0.375967 -0.835307 0.401136
43.91799927 -58.44300079 259.21798706 -0.686007 0.727583 0.004158
44.21799850 -58.22499847 258.91799927 -0.533678 0.743864 -0.402311
43.91799927 -58.44100189 258.91799927 -0.822972 0.546168 -0.156261
50.81800079 -50.16799927 266.41799927 -0.947681 -0.286321 0.141144
50.51800156 -50.35900116 266.41799927 -0.999999 0.000978 0.000978
50.51800156 -50.49200058 266.11801147 -0.999999 -0.000978 -0.000978
34.61800003 -46.84700012 251.67100525 0.125444 0.236662 0.963460
49.01800156 -55.81399918 255.31799316 -0.164977 0.959505 0.228328
48.71799850 -55.99700165 255.61799622 -0.349277 0.935330 0.056251
49.01800156 -55.88499832 255.61799622 -0.496736 0.867597 -0.023010
43.91799927 -37.33800125 263.11801147 -0.431361 -0.816561 0.383609
44.21799850 -37.49200058 263.11801147 -0.401683 -0.845565 0.351668
44.21799850 -37.37200165 263.41799927 -0.415161 -0.841289 0.346229
43.91799927 -37.21799850 263.41799927 -0.430490 -0.837498 0.336565
48.11800003 -56.33200073 255.61799622 -0.437737 0.849179 0.295434
48.41799927 -56.17900085 255.61799622 -0.453716 0.889719 -0.050413
48.41799927 -56.13199997 256.21798706 -0.429240 0.888829 -0.160423
48.11800003 -56.34700012 255.91799927 -0.487288 0.872776 0.028504
48.41799927 -56.16199875 255.91799927 -0.427984 0.901092 -0.069735
48.11800003 -56.35200119 256.21798706 -0.999999 -0.000978 -0.000978
47.51800156 -56.69200134 255.91799927 -0.436328 0.882871 0.173656
47.81800079 -56.51100159 255.91799927 -0.479813 0.876712 0.033981
47.81800079 -56.52299881 256.21798706 -0.999999 -0.000978 -0.000978
45.71799850 -57.11600113 258.91799927 -0.600354 0.720750 -0.346546
44.51800156 -37.51499939 263.41799927 -0.385756 -0.856720 0.342378
46.01800156 -56.88899994 258.91799927 -0.999999 0.000978 0.000978
45.71799850 -57.00500107 259.21798706 -0.999999 -0.000978 -0.000978
46.01800156 -56.72700119 259.21798706 -0.999999 0.000978 0.000978
45.41799927 -57.09999847 259.51800537 -0.999999 0.000978 0.000978
45.11800003 -57.24499893 259.81799316 -0.539055 0.742225 -0.398147
45.41799927 -57.01200104 259.81799316 -0.999999 0.000978 0.000978
45.71799850 -56.86700058 259.51800537 -0.999999 0.000978 0.000978
45.71799850 -56.76200104 259.81799316 -0.999999 -0.000978 -0.000978
45.11800003 -57.39199829 259.51800537 -0.999999 -0.000978 -0.000978
44.51800156 -37.38399887 263.71798706 -0.466584 -0.792708 0.392318
44.81800079 -37.38999939 264.01800537 -0.999999 0.000978 0.000978
44.51800156 -37.21799850 264.01800537 -0.447987 -0.814667 0.368274
44.81800079 -37.54899979 263.71798706 -0.429022 -0.805018 0.409740
34.31800079 -52.54700089 254.11199951 0.158479 0.404050 0.900904
34.31800079 -52.24700165 254.00799561 0.053346 0.342196 0.938113
34.61800003 -52.24700165 254.00799561 0.022327 0.413700 0.910140
45.11800003 -37.70399857 263.71798706 -0.391857 -0.847723 0.357511
45.41799927 -37.82699966 263.71798706 -0.369941 -0.867288 0.333100
45.11800003 -37.56499863 264.01800537 -0.401713 -0.833358 0.379658
45.41799927 -37.71099854 264.01800537 -0.410187 -0.828292 0.381680
35.51800156 -42.54100037 258.61801147 0.999999 -0.000978 -0.000978
35.81800079 -42.48799896 258.31799316 0.494587 -0.818031 0.293612
35.51800156 -42.67900085 258.31799316 0.999999 0.000978 0.000978
45.11800003 -37.43000031 264.31799316 -0.336841 -0.862866 0.376831
45.11800003 -37.30400085 264.61801147 -0.430055 -0.823611 0.369752
45.41799927 -37.46300125 264.61801147 -0.429129 -0.841093 0.329259
45.41799927 -37.54999924 264.31799316 -0.398001 -0.847508 0.351177
34.91799927 -43.76200104 256.81799316 0.999999 0.000978 0.000978
35.21799850 -43.66699982 256.51800537 0.999999 0.000978 0.000978
34.91799927 -43.89599991 256.51800537 0.999999 0.000978 0.000978
34.61800003 -44.24700165 256.21798706 0.999999 0.000978 0.000978
34.31800079 -44.47100067 256.21798706 0.616624 -0.731941 0.289893
34.61800003 -44.38999939 255.91799927 0.999999 0.000978 0.000978
46.01800156 -37.90000153 264.31799316 -0.346232 -0.838164 0.421432
45.71799850 -37.70999908 264.31799316 -0.478377 -0.808949 0.341698
45.71799850 -37.60800171 264.61801147 -0.391418 -0.846774 0.360230
46.01800156 -37.73899841 264.61801147 -0.387544 -0.830452 0.400199
45.71799850 -37.45600128 264.91799927 -0.405897 -0.832325 0.377468
45.71799850 -37.33499908 265.21798706 -0.371934 -0.859614 0.350327
46.01800156 -37.46599960 265.21798706 -0.353109 -0.839616 0.412746
46.01800156 -37.61000061 264.91799927 -0.387510 -0.839343 0.381234
46.61800003 -37.91600037 264.91799927 -0.436799 -0.811198 0.388799
46.31800079 -37.73199844 264.91799927 -0.349902 -0.836312 0.422079
46.31800079 -37.58599854 265.21798706 -0.344820 -0.847227 0.404110
46.61800003 -37.76699829 265.21798706 -0.999999 0.000978 0.000978
46.61800003 -37.63700104 265.51800537 -0.406872 -0.855514 0.320237
33.65800095 -43.54700089 263.71798706 0.998806 0.019747 -0.044692
33.64199829 -43.24700165 263.71798706 0.995333 0.095767 0.011836
33.66799927 -43.54700089 264.01800537 0.988423 0.144169 -0.047287
33.60800171 -43.24700165 264.01800537 0.997132 0.075076 0.009517
47.21799850 -37.67300034 266.11801147 -0.358519 -0.843851 0.399224
47.51800156 -37.85499954 266.11801147 -0.424730 -0.806186 0.411908
47.81800079 -38.00400162 266.11801147 -0.419665 -0.834614 0.356793
47.81800079 -37.87200165 266.41799927 -0.415654 -0.816975 0.399729
47.51800156 -37.68999863 266.41799927 -0.999999 0.000978 0.000978
38.21799850 -40.53900146 258.61801147 0.999999 0.000978 0.000978
36.71799850 -41.81000137 258.31799316 0.999999 -0.000978 -0.000978
47.51800156 -37.54999924 266.71798706 -0.438185 -0.814228 0.380823
47.81800079 -37.71099854 266.71798706 -0.445421 -0.799185 0.403613
47.81800079 -37.56900024 267.01800537 -0.432484 -0.815496 0.384608
48.11800003 -38.01499939 266.41799927 -0.395365 -0.836409 0.379613
33.73899841 -44.14699936 264.61801147 0.993204 0.068925 -0.093784
33.72299957 -43.84700012 264.61801147 0.994113 0.084057 -0.068366
33.38899994 -45.64699936 256.81799316 0.984535 -0.169747 0.043315
33.40499878 -45.94699860 256.81799316 0.993137 0.084932 -0.080402
33.46099854 -45.64699936 256.51800537 0.953616 -0.224618 0.200407
33.38899994 -45.94699860 256.51800537 0.995772 -0.062717 -0.067118
33.44800186 -45.64699936 257.41799927 0.999336 0.023623 -0.027731
33.45899963 -45.94699860 257.41799927 0.992474 0.092085 -0.080717
33.43500137 -45.64699936 257.11801147 0.993871 -0.052544 -0.097263
33.43799973 -45.94699860 257.11801147 0.995499 0.033875 -0.088513
48.71799850 -37.98899841 267.31799316 -0.314185 -0.937067 0.152291
49.01800156 -38.09000015 267.31799316 -0.299410 -0.886193 0.353575
34.61800003 -39.75600052 267.01800537 0.601424 -0.668063 0.438156
34.43999863 -39.94699860 267.01800537 0.679502 -0.633434 0.370189
34.61800003 -39.46900177 267.61801147 0.659675 -0.691776 0.293724
34.41899872 -39.64699936 267.61801147 0.642677 -0.718846 0.265005
34.61800003 -39.58000183 267.31799316 0.422690 -0.850025 0.314308
34.91799927 -39.43099976 267.31799316 0.431254 -0.870022 0.238918
35.21799850 -38.95800018 267.91799927 0.535058 -0.793906 0.288837
34.91799927 -39.13499832 267.91799927 0.501727 -0.817456 0.282905
34.61800003 -39.32500076 267.91799927 0.495572 -0.782907 0.376118
48.11800003 -56.15100098 257.11801147 -0.520220 0.842610 -0.139214
47.51800156 -56.26900101 257.71798706 -0.999999 0.000978 0.000978
46.91799927 -56.71300125 257.71798706 -0.999999 -0.000978 -0.000978
47.21799850 -56.51499939 257.71798706 -0.999999 -0.000978 -0.000978
46.91799927 -56.60300064 258.01800537 -0.999999 0.000978 0.000978
47.21799850 -56.35100174 258.01800537 -0.999999 0.000978 0.000978
46.91799927 -56.49499893 258.31799316 -0.999999 -0.000978 -0.000978
47.21799850 -56.22399902 258.31799316 -0.999999 -0.000978 -0.000978
46.91799927 -56.33100128 258.61801147 -0.999999 0.000978 0.000978
46.61800003 -56.69699860 258.31799316 -0.999999 0.000978 0.000978
46.61800003 -56.57199860 258.61801147 -0.999999 -0.000978 -0.000978
46.31800079 -56.69100189 258.91799927 -0.999999 0.000978 0.000978
46.61800003 -56.41699982 258.91799927 -0.999999 -0.000978 -0.000978
46.31800079 -56.54000092 259.21798706 -0.999999 0.000978 0.000978
46.61800003 -56.28099823 259.21798706 -0.999999 -0.000978 -0.000978
33.70800018 -44.14699936 264.31799316 0.991668 0.114992 -0.058066
46.31800079 -56.43799973 259.51800537 -0.487694 0.801098 -0.346982
46.31800079 -56.27999878 259.81799316 -0.999999 -0.000978 -0.000978
33.69800186 -43.84700012 264.31799316 0.998373 0.034717 -0.045237
46.01800156 -56.60100174 259.51800537 -0.529378 0.817851 -0.225561
46.01800156 -56.56299973 259.81799316 -0.619109 0.739447 -0.264428
45.71799850 -56.67599869 260.11801147 -0.602766 0.728813 -0.324815
46.01800156 -56.38999939 260.11801147 -0.554702 0.741239 -0.377983
45.71799850 -56.49700165 260.41799927 -0.601080 0.718364 -0.350223
46.01800156 -56.25600052 260.41799927 -0.999999 -0.000978 -0.000978
43.91799927 -57.45899963 261.31799316 -0.390720 0.830477 -0.397047
43.91799927 -57.19800186 261.91799927 -0.999999 -0.000978 -0.000978
33.98899841 -54.34700012 255.31799316 0.936557 0.253388 0.242189
44.21799850 -57.01100159 261.91799927 -0.999999 0.000978 0.000978
43.91799927 -57.13199997 262.21798706 -0.652526 0.718565 -0.240570
33.95100021 -54.04700089 255.31799316 0.991991 0.085812 0.092677
33.94100189 -54.34700012 255.61799622 0.999201 0.035942 0.017458
44.21799850 -56.85599899 262.21798706 -0.999999 0.000978 0.000978
33.96699905 -54.04700089 255.61799622 0.999976 0.004936 -0.004936
33.94800186 -53.74700165 256.51800537 0.992235 0.085636 -0.090203
33.94900131 -53.44699860 256.51800537 0.993350 0.064123 -0.095623
33.97999954 -53.74700165 256.81799316 0.991050 0.095537 -0.093235
33.96699905 -53.44699860 256.81799316 0.997248 0.061187 -0.041865
34.01499939 -53.14699936 257.71798706 0.997802 0.022220 -0.062429
33.99900055 -52.84700012 257.71798706 0.997486 0.058801 -0.039557
34.03099823 -53.14699936 258.01800537 0.998075 0.049745 -0.037044
34.00999832 -52.84700012 258.01800537 0.998031 0.061658 -0.011496
34.03699875 -53.14699936 258.31799316 0.991846 0.101816 -0.076648
34.00600052 -52.84700012 258.31799316 0.998944 0.028066 -0.036382
34.07699966 -53.14699936 258.61801147 0.995613 0.067256 -0.065051
34.03200150 -52.84700012 258.61801147 0.992841 0.107060 -0.052967
33.99100113 -52.54700089 258.91799927 0.993590 0.063994 -0.093184
34.00000000 -52.24700165 258.91799927 0.998260 0.001034 -0.058965
34.06800079 -52.54700089 259.21798706 0.988792 0.104392 -0.106738
33.99800110 -52.24700165 259.21798706 0.983096 0.162049 -0.085226
34.05500031 -52.54700089 259.51800537 0.999775 -0.003002 0.021016
34.05199814 -52.24700165 259.51800537 0.990357 0.067864 -0.120775
34.05500031 -52.54700089 259.81799316 0.999538 -0.027398 -0.013192
34.07099915 -52.24700165 259.81799316 0.999780 0.000997 -0.020933
38.81800079 -41.35400009 255.61799622 0.999999 0.000978 0.000978
38.51800156 -41.54199982 255.61799622 0.474256 -0.846340 0.242465
38.81800079 -41.43600082 255.31799316 0.999999 0.000978 0.000978
38.51800156 -41.61500168 255.31799316 0.419508 -0.858993 0.293502
38.51800156 -41.30300140 256.21798706 0.999999 -0.000978 -0.000978
38.81800079 -41.25099945 255.91799927 0.601043 -0.755642 0.260294
38.51800156 -41.44400024 255.91799927 0.999999 -0.000978 -0.000978
33.68799973 -42.34700012 264.01800537 0.980227 -0.165207 0.108914
34.08599854 -51.94699860 261.31799316 0.989946 0.121289 -0.072773
33.69300079 -42.34700012 263.71798706 0.981291 -0.190644 0.026901
33.71400070 -42.04700089 264.61801147 0.999038 -0.040209 0.017527
34.07199860 -51.64699936 261.31799316 0.998660 0.036600 -0.036600
33.70100021 -42.34700012 264.61801147 0.991552 -0.127978 -0.021144
33.69499969 -42.04700089 264.31799316 0.967165 -0.251291 0.038000
33.62699890 -42.34700012 264.31799316 0.989449 -0.143284 -0.021436
34.11000061 -51.94699860 261.61801147 0.993983 0.081805 -0.072840
34.08399963 -51.64699936 261.61801147 0.993896 0.086475 -0.068506
34.09400177 -51.34700012 261.91799927 0.991898 0.078940 -0.099533
34.06600189 -51.04700089 261.91799927 0.994925 0.087429 -0.049802
34.11800003 -51.34700012 262.21798706 0.993441 0.091338 -0.068785
34.08200073 -51.04700089 262.21798706 0.992733 0.085091 -0.085091
34.13600159 -51.34700012 262.51800537 0.995757 0.060516 -0.069318
34.11700058 -51.04700089 262.51800537 0.995726 0.033735 -0.085970
34.15999985 -51.34700012 262.81799316 0.992461 0.083180 -0.090017
34.13399887 -51.04700089 262.81799316 0.993771 0.084218 -0.072989
34.15999985 -50.74700165 263.71798706 0.992327 0.113763 -0.048434
34.10800171 -50.44699860 263.71798706 0.990824 0.118256 -0.065443
34.15399933 -50.74700165 264.01800537 0.985031 0.159639 -0.065038
34.12099838 -50.44699860 264.01800537 0.993491 0.061882 -0.095636
33.68700027 -43.54700089 264.31799316 0.994133 0.102613 -0.034204
33.63600159 -43.24700165 264.31799316 0.988759 0.099697 -0.111426
34.13899994 -48.34700012 267.31799316 0.990473 0.053693 -0.126808
34.15000153 -48.04700089 267.31799316 0.996852 -0.005274 -0.079115
34.20500183 -48.34700012 267.61801147 0.989012 0.075719 -0.126976
33.68799973 -43.54700089 264.61801147 0.995468 0.078270 -0.054018
34.17300034 -48.04700089 267.61801147 0.996126 0.038020 -0.079299
34.21599960 -48.34700012 267.91799927 0.997312 0.046162 -0.056897
34.19699860 -48.04700089 267.91799927 0.992449 0.069346 -0.101177
34.23899841 -48.34700012 268.21798706 0.999558 0.005053 -0.029310
34.23400116 -48.04700089 268.21798706 0.995895 0.055875 -0.071214
33.67599869 -43.24700165 264.61801147 0.994194 -0.007589 -0.107334
34.23400116 -48.34700012 268.51800537 0.998844 0.048051 -0.001022
34.24000168 -48.04700089 268.51800537 0.999780 0.000997 -0.020933
34.23899841 -48.34700012 268.81799316 0.999134 0.011295 -0.040048
34.24599838 -48.04700089 268.81799316 0.999395 -0.009150 -0.033550
34.23300171 -47.74700165 268.51800537 0.996387 0.055536 -0.064248
34.20700073 -47.44699860 268.51800537 0.989900 0.121567 -0.072940
34.24399948 -47.74700165 268.81799316 0.998606 0.048941 -0.019785
34.21699905 -47.44699860 268.81799316 0.989397 0.132766 -0.058879
34.24499893 -47.74700165 269.11801147 0.999025 0.027952 -0.034164
34.24300003 -47.44699860 269.11801147 0.995916 0.079630 -0.042542
34.26399994 -47.74700165 269.41799927 0.996479 0.078641 -0.029086
34.24200058 -47.44699860 269.41799927 0.997524 0.070130 -0.005234
34.26200104 -47.74700165 269.71798706 0.995562 0.090111 -0.027142
34.24599838 -47.44699860 269.71798706 0.997687 0.050151 -0.045883
34.27999878 -47.74700165 270.01800537 0.997837 0.037193 -0.054196
34.26900101 -47.44699860 270.01800537 0.997201 0.050669 -0.054981
34.23199844 -47.14699936 269.71798706 0.997910 0.045698 -0.045698
34.21900177 -46.84700012 269.71798706 0.993356 0.075545 -0.086820
34.24900055 -47.14699936 270.01800537 0.997068 0.057253 -0.050772
34.23500061 -46.84700012 270.01800537 0.997518 0.060942 -0.035282
34.32400131 -47.74700165 270.61801147 0.992187 0.107970 -0.062509
34.29399872 -47.74700165 270.31799316 0.994388 0.077006 -0.072542
34.27899933 -47.44699860 270.31799316 0.998115 0.051864 -0.032812
34.28900146 -47.44699860 270.61801147 0.994947 0.069879 -0.072098
34.26300049 -47.14699936 270.31799316 0.996387 0.064248 -0.055536
34.24000168 -46.84700012 270.31799316 0.996484 0.082239 -0.016021
34.28200150 -47.14699936 270.61801147 0.995700 0.073715 -0.056111
34.24399948 -46.84700012 270.61801147 0.989640 0.082567 -0.117454
34.31900024 -47.14699936 271.21798706 0.995186 0.091070 -0.036209
34.29700089 -47.14699936 270.91799927 0.997913 0.017876 -0.062041
34.31100082 -46.84700012 270.91799927 0.994408 0.061383 -0.085936
34.29600143 -46.84700012 271.21798706 0.995578 0.093436 0.009666
34.25999832 -46.54700089 270.91799927 0.994813 0.087420 -0.052009
34.25899887 -46.24700165 270.91799927 0.993255 0.104376 -0.050504
34.26300049 -46.54700089 271.21798706 0.996979 0.067902 -0.037724
34.25500107 -46.24700165 271.21798706 0.993786 0.029847 0.107227
34.30500031 -46.84700012 271.51800537 0.997599 0.064807 -0.024435
33.72000122 -43.54700089 264.91799927 0.994865 0.063360 -0.078922
33.73600006 -43.54700089 265.21798706 0.998393 0.001030 -0.056668
33.72900009 -43.24700165 265.21798706 0.993356 0.086820 -0.075545
46.31800079 -38.01699829 264.31799316 -0.371138 -0.852531 0.368032
46.31800079 -37.88899994 264.61801147 -0.429354 -0.815613 0.387855
46.61800003 -38.05500031 264.61801147 -0.418200 -0.841099 0.343018
46.91799927 -38.07400131 264.91799927 -0.386517 -0.860808 0.331080
46.91799927 -37.95800018 265.21798706 -0.428238 -0.816677 0.386847
47.21799850 -38.09700012 265.21798706 -0.345286 -0.885078 0.312114
47.21799850 -38.18500137 264.91799927 -0.354497 -0.874832 0.330154
48.41799927 -38.53499985 265.51800537 -0.398521 -0.854418 0.333393
48.11800003 -38.38199997 265.51800537 -0.443130 -0.834588 0.327259
48.11800003 -38.25999832 265.81799316 -0.386271 -0.863339 0.324714
48.41799927 -38.39799881 265.81799316 -0.412287 -0.838683 0.355852
33.70100021 -43.24700165 264.91799927 0.994348 0.059148 -0.088163
48.11800003 -38.15700150 266.11801147 -0.393707 -0.851217 0.347023
48.41799927 -38.27999878 266.11801147 -0.392666 -0.852071 0.346105
48.41799927 -38.15499878 266.41799927 -0.415803 -0.839450 0.349902
49.01800156 -42.37699890 257.71798706 -0.390831 -0.871385 0.296545
48.71799850 -42.32600021 257.41799927 -0.407052 -0.828359 0.384878
48.11800003 -41.97600174 257.41799927 -0.326607 -0.893323 0.308711
48.41799927 -42.18299866 257.41799927 -0.400554 -0.837236 0.372280
48.41799927 -42.31600189 257.11801147 -0.438140 -0.824083 0.359054
48.11800003 -42.14899826 257.11801147 0.000978 0.000978 0.999999
47.51800156 -41.97900009 256.81799316 -0.439325 -0.813150 0.381813
47.81800079 -42.17300034 256.81799316 -0.434240 -0.809192 0.395783
47.81800079 -42.31999969 256.51800537 -0.335188 -0.857279 0.390796
47.51800156 -42.11700058 256.51800537 -0.452288 -0.799955 0.394344
37.82899857 -50.14699936 273.01800537 0.461412 0.771194 -0.438586
37.61800003 -50.14699936 272.79501343 0.372516 0.857869 -0.353967
37.31800079 -50.04800034 272.71798706 0.381276 0.812007 -0.441898
34.61800003 -55.00799942 258.61801147 0.594075 0.715181 -0.368228
34.61800003 -55.21500015 258.31799316 0.636904 0.701729 -0.319263
34.61800003 -55.27399826 258.01800537 0.999999 -0.000978 -0.000978
34.61800003 -55.33599854 257.71798706 0.655151 0.739881 -0.152818
37.61800003 -41.29299927 258.01800537 0.369889 -0.880184 0.297421
37.31800079 -41.41899872 258.01800537 0.371818 -0.883632 0.284509
37.61800003 -41.39400101 257.71798706 0.472708 -0.835376 0.280525
37.31800079 -41.61399841 257.71798706 0.498652 -0.763509 0.410366
49.61800003 -40.60300064 262.21798706 -0.373100 -0.872597 0.315231
49.61800003 -40.80400085 261.91799927 -0.475738 -0.724381 0.498944
49.31800079 -40.61000061 261.91799927 -0.416182 -0.818013 0.397047
49.91799927 -41.11700058 261.61801147 -0.356339 -0.925931 0.125200
49.91799927 -41.14699936 261.56698608 -0.255672 -0.785839 0.563106
49.31800079 -40.76699829 261.61801147 -0.376983 -0.831256 0.408530
49.61800003 -41.01599884 261.61801147 -0.291810 -0.847639 0.443119
49.31800079 -40.90499878 261.31799316 -0.552116 -0.756124 0.351347
49.54600143 -41.14699936 261.31799316 -0.577401 -0.782837 0.231894
49.01800156 -40.62500000 261.61801147 -0.413014 -0.818055 0.400257
49.01800156 -40.75899887 261.31799316 -0.413525 -0.834911 0.363210
48.71799850 -40.58200073 261.31799316 -0.384119 -0.859254 0.337839
48.71799850 -40.75199890 261.01800537 0.000978 0.000978 0.999999
49.01800156 -40.88499832 261.01800537 -0.406078 -0.847940 0.340732
49.01800156 -40.99900055 260.71798706 -0.292041 -0.888104 0.354942
48.71799850 -40.92499924 260.71798706 -0.336841 -0.862866 0.376831
48.41799927 -40.61600113 261.01800537 -0.387322 -0.814493 0.431952
43.01800156 -38.75600052 258.91799927 -0.391098 -0.840311 0.375391
48.41799927 -40.76599884 260.71798706 -0.443373 -0.828365 0.342391
48.11800003 -40.60599899 260.71798706 -0.483080 -0.797644 0.361106
42.71799850 -38.61899948 258.91799927 -0.362715 -0.859712 0.359628
44.51800156 -39.63100052 258.61801147 -0.443885 -0.865200 0.233228
44.81800079 -39.77199936 258.61801147 -0.390228 -0.829431 0.399707
42.71799850 -38.47999954 259.21798706 -0.330154 -0.874832 0.354497
44.81800079 -39.91699982 258.31799316 -0.365586 -0.827711 0.425725
43.01800156 -38.60699844 259.21798706 -0.364732 -0.871388 0.328106
44.51800156 -39.80099869 258.31799316 -0.384661 -0.848746 0.362858
44.81800079 -40.08100128 258.01800537 -0.403446 -0.814866 0.416203
44.51800156 -40.02700043 257.71798706 -0.486210 -0.794303 0.364256
44.81800079 -40.25400162 257.71798706 -0.320011 -0.913696 0.250506
44.51800156 -39.91600037 258.01800537 -0.461509 -0.830715 0.311323
43.91799927 -39.56600189 258.01800537 -0.478895 -0.809825 0.338886
44.21799850 -39.74200058 258.01800537 -0.999999 0.000978 0.000978
44.21799850 -39.86100006 257.71798706 -0.417612 -0.824110 0.382679
43.91799927 -39.72399902 257.71798706 -0.394984 -0.823280 0.407674
43.31800079 -39.26599884 258.01800537 -0.355021 -0.854221 0.379826
43.61800003 -39.41199875 258.01800537 -0.411385 -0.821182 0.395502
43.61800003 -39.54000092 257.71798706 -0.315231 -0.872597 0.373100
43.31800079 -39.43199921 257.71798706 -0.357511 -0.847723 0.391857
33.68399811 -42.94699860 264.91799927 0.999844 -0.004984 0.016947
33.70399857 -42.64699936 264.91799927 0.995937 0.075433 -0.049196
33.68299866 -42.94699860 265.21798706 0.991987 0.103879 -0.071916
33.66699982 -42.64699936 265.21798706 0.995906 0.069175 0.058195
33.75400162 -43.54700089 265.51800537 0.998111 0.045513 -0.041279
33.74599838 -43.24700165 265.51800537 0.998982 0.042356 -0.015496
33.76100159 -43.54700089 265.81799316 0.998806 0.042613 -0.023905
50.81800079 -49.84700012 257.69601440 -0.999999 -0.000978 -0.000978
50.71599960 -50.14699936 257.41799927 -0.958659 -0.214069 0.187477
50.53200150 -50.44699860 256.81799316 -0.786915 -0.525142 0.324024
50.70999908 -50.74700165 256.81799316 -0.830491 -0.490252 0.264458
50.55199814 -50.74700165 256.51800537 -0.356503 -0.921316 0.155184
33.73799896 -43.24700165 265.81799316 0.997795 0.065961 0.007329
51.27000046 -47.14699936 271.21798706 -0.988304 -0.140523 0.059229
51.28799820 -46.84700012 270.91799927 -0.964586 0.040757 0.260599
47.81800079 -56.44699860 255.53799438 -0.226128 0.530710 0.816831
47.51800156 -56.44699860 255.52799988 -0.016881 0.396056 0.918071
39.41799927 -57.65299988 258.31799316 0.456343 0.836368 -0.303709
39.11800003 -57.44100189 258.31799316 0.999999 0.000978 0.000978
39.41799927 -57.54899979 258.61801147 0.333999 0.891163 -0.307039
33.93799973 -51.94699860 256.21798706 0.968906 -0.136952 -0.206069
33.88700104 -51.64699936 255.91799927 0.897510 -0.084358 -0.432851
33.85900116 -51.94699860 255.91799927 0.970668 -0.091667 -0.222262
51.25199890 -47.14699936 270.91799927 -0.993736 0.111619 0.005418
51.19200134 -46.84700012 270.61801147 -0.964805 -0.199750 0.171028
51.26699829 -47.14699936 270.61801147 -0.997321 -0.065205 -0.033137
33.72800064 -42.94699860 265.51800537 0.989761 0.127897 -0.063372
51.18199921 -46.84700012 270.31799316 -0.970516 -0.240535 -0.015557
51.27099991 -47.14699936 270.31799316 -0.991757 -0.092870 0.088284
33.72100067 -42.94699860 265.81799316 0.994921 0.098948 0.018485
34.39500046 -48.64699936 270.61801147 0.995424 0.060629 -0.073858
34.40599823 -48.94699860 270.61801147 0.984802 0.151600 -0.084753
34.35900116 -48.64699936 270.31799316 0.995047 0.060876 -0.078585
34.38399887 -48.94699860 270.31799316 0.986380 0.158794 -0.042886
33.66899872 -42.64699936 265.51800537 0.991947 0.125240 -0.018841
33.67800140 -42.64699936 265.81799316 0.997039 0.065751 -0.039882
34.34199905 -49.24700165 269.41799927 0.999244 0.037765 0.009186
34.37400055 -49.54700089 269.41799927 0.973381 0.208136 -0.095967
34.37200165 -49.24700165 269.11801147 0.999984 0.002956 -0.004926
34.35400009 -49.54700089 269.11801147 0.995076 0.087055 -0.047385
51.31299973 -47.44699860 271.21798706 -0.947191 -0.135313 0.290722
51.22100067 -47.44699860 270.91799927 -0.990272 0.007780 0.138927
34.33900070 -49.24700165 268.81799316 0.996048 0.055884 -0.069033
34.34600067 -49.54700089 268.81799316 0.998887 0.032289 -0.034373
34.33100128 -49.24700165 268.51800537 0.996803 0.053148 -0.059656
34.33300018 -49.54700089 268.51800537 0.996924 -0.011679 -0.077503
51.24700165 -47.74700165 270.91799927 -0.993551 -0.086640 0.073138
34.30300140 -49.24700165 268.21798706 0.994879 0.020659 -0.098944
34.29899979 -49.54700089 268.21798706 0.993127 0.039012 -0.110347
34.27099991 -49.24700165 267.91799927 0.998957 0.011317 -0.044238
34.26599884 -49.54700089 267.91799927 0.995448 0.067394 -0.067394
34.27899933 -49.84700012 267.61801147 0.996673 0.074346 -0.033402
34.30199814 -50.14699936 267.61801147 0.989358 0.145461 -0.003331
34.29199982 -49.84700012 267.31799316 0.998267 0.058843 0.001032
34.30099869 -50.14699936 267.31799316 0.997014 0.075548 0.015961
34.27899933 -49.84700012 267.01800537 0.994373 0.079237 -0.070309
34.31100082 -50.14699936 267.01800537 0.995395 0.090490 -0.031617
34.25000000 -49.84700012 266.71798706 0.989318 0.092057 -0.113032
34.28200150 -50.14699936 266.71798706 0.989214 0.115622 -0.089929
34.33499908 -50.74700165 266.41799927 0.965182 0.183658 -0.186263
34.21099854 -49.84700012 266.41799927 0.995084 0.074326 -0.065451
34.25600052 -50.14699936 266.41799927 0.992798 0.105040 -0.057603
34.20999908 -49.84700012 266.11801147 0.997670 0.066371 -0.015803
34.24700165 -50.14699936 266.11801147 0.995194 0.089073 -0.040687
34.27500153 -50.44699860 266.41799927 0.986949 0.131199 -0.093376
34.26399994 -50.44699860 266.11801147 0.998502 0.049141 -0.024048
34.27600098 -50.74700165 266.11801147 0.986133 0.127589 -0.106126
34.26100159 -50.44699860 265.81799316 0.997835 0.065688 0.003128
34.27099991 -50.74700165 265.81799316 0.996338 0.084363 -0.013883
34.26599884 -50.44699860 265.51800537 0.995857 0.073402 -0.053682
34.26800156 -50.74700165 265.51800537 0.999730 -0.013115 -0.019167
34.22900009 -50.44699860 265.21798706 0.990464 0.105172 -0.088992
34.25899887 -50.74700165 265.21798706 0.996540 0.055424 -0.061944
34.21200180 -50.44699860 264.91799927 0.996313 0.078969 -0.033535
34.23099899 -50.74700165 264.91799927 0.995803 0.044817 -0.079795
34.26200104 -51.04700089 265.21798706 0.999303 -0.019514 -0.031838
34.24700165 -51.34700012 265.21798706 0.984923 0.137961 -0.104371
34.23899841 -51.04700089 264.91799927 0.996463 0.029149 -0.078810
34.24900055 -51.34700012 264.91799927 0.983169 0.182408 -0.010325
34.20899963 -50.44699860 264.61801147 0.996210 0.040196 -0.077133
34.21099854 -50.74700165 264.61801147 0.998670 0.009314 -0.050710
34.16600037 -50.44699860 264.31799316 0.984933 0.094544 -0.144808
34.20000076 -50.74700165 264.31799316 0.991009 0.095755 -0.093448
34.21500015 -51.04700089 264.61801147 0.998496 0.049244 -0.024098
34.24100113 -51.34700012 264.61801147 0.981537 0.191268 0.001145
34.22399902 -51.04700089 264.31799316 0.996481 0.083658 0.005295
34.25000000 -51.34700012 264.31799316 0.999273 0.033891 0.017459
33.73300171 -42.94699860 266.41799927 0.994200 0.092613 -0.054675
34.21799850 -51.04700089 264.01800537 0.983905 0.161003 -0.077520
34.25199890 -51.34700012 264.01800537 0.995239 0.060753 -0.076217
34.17699814 -51.04700089 263.71798706 0.992351 0.073886 -0.098894
34.20399857 -51.34700012 263.71798706 0.992695 0.087557 -0.083009
34.15800095 -51.04700089 263.41799927 0.991655 0.126333 -0.025714
34.20199966 -51.34700012 263.41799927 0.998556 0.049041 -0.021912
34.16099930 -51.04700089 263.11801147 0.991970 0.120205 -0.039319
34.19100189 -51.34700012 263.11801147 0.995776 0.060383 -0.069166
34.18700027 -51.64699936 263.41799927 0.997995 -0.032878 -0.054089
34.18199921 -51.94699860 263.41799927 0.993320 0.100119 -0.057372
34.19699860 -51.64699936 263.11801147 0.999987 -0.000983 -0.004916
34.18999863 -51.94699860 263.11801147 0.999739 0.015102 -0.017115
33.71699905 -42.94699860 266.11801147 0.996565 0.080282 -0.020338
33.69300079 -42.64699936 266.11801147 0.998489 0.019865 -0.051231
34.18399811 -51.64699936 262.81799316 0.997249 0.020222 -0.071308
34.17200089 -51.94699860 262.81799316 0.999368 0.029725 -0.019475
34.15399933 -51.64699936 262.51800537 0.994547 0.070321 -0.077019
34.17800140 -51.94699860 262.51800537 0.996364 0.066424 -0.053357
34.18799973 -52.24700165 262.21798706 0.991111 0.127703 -0.037294
34.21699905 -52.54700089 262.21798706 0.977725 0.205142 -0.044388
34.17100143 -52.24700165 261.91799927 0.989922 0.107928 -0.091681
34.19499969 -52.54700089 261.91799927 0.997102 0.041949 -0.063462
34.13700104 -51.64699936 262.21798706 0.997147 0.037567 -0.065475
34.13999939 -51.94699860 262.21798706 0.993168 0.084741 -0.080222
34.11399841 -51.64699936 261.91799927 0.994348 0.059148 -0.088163
34.13000107 -51.94699860 261.91799927 0.994276 0.094428 -0.049992
33.70899963 -42.64699936 266.41799927 0.994747 0.067798 -0.076690
51.22999954 -47.44699860 270.61801147 -0.997167 0.069470 -0.028857
51.22499847 -47.74700165 270.61801147 -0.992567 0.043839 0.113533
34.13299942 -52.24700165 261.61801147 0.992567 0.113533 -0.043839
34.17900085 -52.54700089 261.61801147 0.995423 -0.036058 -0.088506
34.14500046 -52.24700165 261.31799316 0.994748 0.093844 -0.040850
34.14300156 -52.54700089 261.31799316 0.993903 0.027517 -0.106765
51.23799896 -47.44699860 270.31799316 -0.988161 0.153316 -0.005595
51.17800140 -47.74700165 270.31799316 -0.976415 0.206010 0.064607
34.10900116 -52.24700165 261.01800537 0.992713 0.080552 -0.089628
34.11399841 -52.54700089 261.01800537 0.988197 0.044970 -0.146442
34.09099960 -52.24700165 260.71798706 0.997187 -0.005265 -0.074763
34.05400085 -52.54700089 260.71798706 0.998439 -0.009351 -0.055065
34.06399918 -52.24700165 260.41799927 0.997687 0.050151 -0.045883
34.08100128 -52.54700089 260.41799927 0.999075 0.040128 0.015434
34.06399918 -52.24700165 260.11801147 0.999793 -0.017082 0.011053
34.06299973 -52.54700089 260.11801147 0.997792 0.050049 -0.043660
34.08800125 -52.84700012 260.41799927 0.998893 0.044418 0.015495
34.10800171 -53.14699936 260.41799927 0.996184 0.086485 -0.011745
34.09400177 -52.84700012 260.11801147 0.993724 0.097468 -0.054896
34.12200165 -53.14699936 260.11801147 0.999544 0.007089 -0.029369
34.05500031 -52.84700012 259.81799316 0.995574 0.058304 -0.073705
34.09000015 -53.14699936 259.81799316 0.993563 0.082327 -0.077816
34.04999924 -52.84700012 259.51800537 0.999393 0.033619 0.009169
34.07500076 -53.14699936 259.51800537 0.997202 0.063331 -0.039716
34.10499954 -53.44699860 259.81799316 0.997014 0.075548 -0.015961
34.13499832 -53.74700165 259.81799316 0.945078 0.229735 -0.232486
34.08800125 -53.44699860 259.51800537 0.998419 0.047244 -0.030446
34.10300064 -53.74700165 259.51800537 0.981649 0.166237 -0.093433
34.06100082 -52.84700012 259.21798706 0.999776 -0.002996 -0.020974
34.06600189 -53.14699936 259.21798706 0.999036 0.043880 0.001020
34.03799820 -52.84700012 258.91799927 0.989170 0.139012 -0.047103
34.07600021 -53.14699936 258.91799927 0.996789 0.077991 0.018162
34.08700180 -53.44699860 259.21798706 0.999767 0.021016 -0.005004
34.07799911 -53.74700165 259.21798706 0.994554 0.103260 -0.014130
34.08499908 -53.44699860 258.91799927 0.999277 0.029783 -0.023621
34.09400177 -53.74700165 258.91799927 0.996965 0.075705 0.018127
34.07300186 -53.44699860 258.61801147 0.999430 0.019436 -0.027620
34.08900070 -53.74700165 258.61801147 0.995879 0.090534 -0.005326
34.06800079 -53.44699860 258.31799316 0.994452 0.090001 -0.054445
34.09099960 -53.74700165 258.31799316 0.994614 0.092032 -0.047679
34.04000092 -53.44699860 258.01800537 0.994614 0.047679 -0.092032
34.06000137 -53.74700165 258.01800537 0.996222 0.035773 -0.079134
34.01200104 -53.44699860 257.71798706 0.995054 0.047489 -0.087247
34.04399872 -53.74700165 257.71798706 0.993743 0.073152 -0.084406
34.06100082 -54.04700089 258.01800537 0.991904 0.062635 -0.110465
34.09799957 -54.34700012 258.01800537 0.969601 0.233353 -0.073625
34.05599976 -54.04700089 257.71798706 0.996979 0.067902 -0.037724
34.08499908 -54.34700012 257.71798706 0.991295 0.106826 -0.076960
33.98699951 -53.44699860 257.41799927 0.997680 0.026562 -0.062687
34.00899887 -53.74700165 257.41799927 0.994288 0.083883 -0.065988
33.97399902 -53.44699860 257.11801147 0.994381 0.100209 -0.034137
34.00400162 -53.74700165 257.11801147 0.997049 0.059412 -0.048610
34.03799820 -54.04700089 257.41799927 0.994571 0.070166 -0.076848
34.05099869 -54.34700012 257.41799927 0.996770 0.063854 -0.048702
34.00999832 -54.04700089 257.11801147 0.995916 0.087399 -0.022659
34.05599976 -54.34700012 257.11801147 0.991072 0.124026 -0.048928
34.02399826 -54.04700089 256.81799316 0.997518 0.068612 -0.015834
34.02099991 -54.34700012 256.81799316 0.998097 0.047629 -0.039162
34.00099945 -54.04700089 256.51800537 0.985741 0.139458 -0.094164
34.03300095 -54.34700012 256.51800537 0.997401 0.065071 -0.030935
34.05199814 -54.64699936 256.81799316 0.995937 0.049196 -0.075433
34.04999924 -54.94699860 256.81799316 0.964431 0.176182 -0.197062
34.04000092 -54.64699936 256.51800537 0.997869 0.032943 -0.056323
34.05300140 -54.94699860 256.51800537 0.988518 0.147421 -0.033141
33.96699905 -54.04700089 256.21798706 0.988834 0.126953 -0.078035
34.00299835 -54.34700012 256.21798706 0.992270 0.085442 -0.089999
33.95399857 -54.04700089 255.91799927 0.996710 0.081042 0.001052
33.97900009 -54.34700012 255.91799927 0.992931 0.059734 -0.102562
38.21799850 -44.11999893 250.51800537 0.163354 0.035915 0.985914
38.35699844 -43.84700012 250.51800537 0.569018 -0.385358 0.726441
38.21799850 -43.83000183 250.81799316 0.537252 -0.790822 0.293191
34.01800156 -54.64699936 256.21798706 0.995589 0.045005 -0.082325
34.02999878 -54.94699860 256.21798706 0.992964 0.112558 -0.036776
33.99000168 -54.64699936 255.91799927 0.994947 0.087237 -0.049692
34.03099823 -54.94699860 255.91799927 0.998419 0.053319 -0.017773
42.71799850 -53.61800003 270.91799927 0.289900 0.884721 -0.365004
43.01800156 -53.70100021 270.91799927 0.248678 0.869620 -0.426521
42.71799850 -53.48500061 271.21798706 0.277879 0.896049 -0.346235
43.01800156 -53.57300186 271.21798706 0.220775 0.913403 -0.341985
48.71799850 -55.84700012 255.24000549 -0.141450 0.497263 0.855992
49.01800156 -55.54700089 255.05700684 0.045641 0.358605 0.932373
48.71799850 -55.54700089 255.09800720 0.046436 0.396694 0.916775
49.01800156 -55.24700165 254.96000671 0.084187 0.354120 0.931403
48.71799850 -55.24700165 254.98300171 -0.011770 0.422427 0.906321
38.21799850 -44.14699936 250.50999451 0.163354 0.035915 0.985914
33.98799896 -54.64699936 255.61799622 0.969879 0.131271 0.205191
34.01900101 -54.94699860 255.61799622 0.993893 0.103276 -0.038867
34.11299896 -54.64699936 255.31799316 0.769621 0.429746 0.472230
42.41799927 -53.27500153 271.51800537 0.382706 0.845078 -0.373334
48.41799927 -55.84700012 255.23899841 -0.017249 0.444491 0.895617
48.11800003 -55.84700012 255.22900391 0.011695 0.406713 0.913481
42.11800003 -53.11500168 271.51800537 0.511470 0.807336 -0.294292
42.11800003 -52.96400070 271.81799316 0.421964 0.816859 -0.393303
42.41799927 -53.12400055 271.81799316 0.392301 0.824309 -0.408184
48.41799927 -55.54700089 255.08700562 0.011815 0.431890 0.901849
48.11800003 -55.54700089 255.10499573 0.046689 0.409529 0.911102
48.41799927 -55.24700165 254.95199585 -0.035541 0.396211 0.917471
48.11800003 -55.24700165 254.96000671 0.035637 0.402571 0.914695
51.23300171 -47.44699860 270.01800537 -0.995342 0.049602 0.082670
51.18500137 -47.74700165 270.01800537 -0.995130 0.080806 -0.056453
51.18799973 -47.44699860 269.71798706 -0.995536 -0.075903 0.056102
51.21200180 -47.74700165 269.71798706 -0.999940 0.010880 0.000989
41.81800079 -52.68399811 272.11801147 0.440233 0.848027 -0.295033
41.81800079 -52.57699966 272.41799927 0.376911 0.846095 -0.376911
41.21799850 -52.30899811 272.11801147 0.999999 0.000978 0.000978
40.91799927 -52.12799835 272.11801147 0.385856 0.876120 -0.289014
47.81800079 -55.54700089 255.11799622 0.025039 0.412481 0.910622
47.51800156 -55.54700089 255.12199402 0.013886 0.339581 0.940474
47.81800079 -55.24700165 254.97500610 0.078378 0.433142 0.897911
47.51800156 -55.24700165 255.01300049 0.118224 0.338364 0.933559
40.91799927 -52.08399963 272.41799927 0.440983 0.846377 -0.298630
41.21799850 -52.23699951 272.41799927 0.453316 0.853210 -0.257947
47.81800079 -54.94699860 254.82899475 -0.038961 0.436634 0.898795
33.75000000 -42.94699860 266.71798706 0.994150 0.059136 -0.090377
45.42900085 -42.94699860 252.91799927 -0.764788 -0.626010 0.152354
45.11800003 -42.59199905 252.91799927 -0.583867 -0.712153 0.389793
45.47800064 -42.94699860 253.21800232 -0.949242 -0.199626 0.243082
45.40299988 -42.64699936 253.21800232 -0.962989 -0.239775 0.123128
45.11800003 -42.44900131 253.21800232 -0.313438 -0.856936 0.409167
47.21799850 -55.54700089 255.12699890 0.016622 0.361841 0.932092
51.11199951 -48.04700089 270.31799316 -0.950438 0.210154 -0.229136
39.11800003 -45.04700089 250.72900391 0.027599 0.406106 0.913409
39.41799927 -45.04700089 250.74299622 -0.011563 0.376455 0.926363
33.73899841 -42.64699936 266.71798706 0.997360 0.015865 -0.070862
39.11800003 -45.34700012 250.88299561 -0.006557 0.439318 0.898308
33.78699875 -42.94699860 267.01800537 0.992924 0.089442 -0.078121
39.41799927 -45.34700012 250.88099670 0.041095 0.399019 0.916021
45.58100128 -42.94699860 253.51800537 -0.942525 0.085684 0.322963
45.41799927 -42.55300140 253.51800537 -0.717039 -0.654002 0.241114
45.68099976 -42.64699936 253.81799316 -0.711276 -0.407622 0.572652
33.75099945 -42.64699936 267.01800537 0.995215 0.088878 -0.040599
45.75799942 -42.94699860 253.81799316 -0.000978 -0.000978 0.999999
46.01800156 -42.94699860 254.05599976 -0.952488 0.111980 -0.283243
45.71799850 -42.40900040 254.11799622 -0.575027 -0.622244 0.531184
46.01800156 -42.64699936 254.17599487 -0.545142 -0.439096 0.714153
40.31800079 -51.67200089 272.71798706 0.352402 0.852284 -0.386555
40.61800003 -51.79299927 272.71798706 0.355021 0.854221 -0.379826
46.01800156 -42.36999893 254.41799927 -0.511251 -0.625987 0.588866
40.61800003 -51.66500092 273.01800537 0.364920 0.852514 -0.374237
40.31800079 -51.53099823 273.01800537 0.374929 0.839277 -0.393754
40.01800156 -51.47399902 272.71798706 0.406716 0.846157 -0.344384
40.01800156 -51.36000061 273.01800537 0.412113 0.841462 -0.349434
39.71799850 -45.04700089 250.73699951 0.029709 0.362972 0.931326
40.01800156 -45.04700089 250.72399902 0.019417 0.384451 0.922941
39.71799850 -45.34700012 250.85600281 0.022470 0.429568 0.902755
39.41799927 -50.78200150 273.31799316 0.377752 0.776580 -0.504209
40.01800156 -45.34700012 250.86599731 -0.019996 0.451917 0.891836
33.81999969 -49.54700089 259.51800537 0.986310 0.115407 -0.117786
33.78699875 -49.24700165 259.51800537 0.996866 0.075860 -0.022437
33.84600067 -49.54700089 259.81799316 0.991711 0.106377 -0.072062
33.79499817 -49.24700165 259.81799316 0.994914 0.074480 -0.067810
33.78699875 -49.54700089 258.91799927 0.997568 0.052391 0.045976
49.01800156 -51.02899933 267.61801147 -0.573861 0.753896 -0.319883
33.78499985 -49.24700165 258.91799927 0.998716 0.050399 -0.005143
48.71799850 -51.20800018 267.61801147 -0.999999 0.000978 0.000978
37.01800156 -51.34700012 253.53599548 0.011612 0.385780 0.922518
49.01800156 -51.09600067 267.31799316 -0.603693 0.741406 -0.293039
33.77500153 -49.54700089 259.21798706 0.996229 0.066561 -0.055649
36.71799850 -51.34700012 253.54600525 0.025072 0.415660 0.909174
48.71799850 -51.36500168 267.31799316 -0.999999 0.000978 0.000978
33.78200150 -49.24700165 259.21798706 0.999936 0.010901 -0.002973
48.91899872 -51.34700012 267.01800537 -0.607080 0.744111 -0.278842
49.61800003 -50.75099945 267.01800537 -0.999999 -0.000978 -0.000978
49.31800079 -50.92599869 267.01800537 -0.937523 -0.344582 0.048111
49.61800003 -50.85900116 266.71798706 -0.497166 0.789995 -0.358796
49.34700012 -51.04700089 266.71798706 -0.532519 0.765598 -0.360948
49.61800003 -51.02299881 266.41799927 -0.999999 -0.000978 -0.000978
49.31800079 -51.23600006 266.41799927 -0.556634 0.721807 -0.411282
49.61800003 -51.18299866 266.11801147 -0.999999 0.000978 0.000978
50.08399963 -50.74700165 266.41799927 -0.513536 0.826257 -0.231475
49.91799927 -50.84999847 266.41799927 -0.501450 0.808331 -0.308463
50.21799850 -50.74800110 266.11801147 -0.675130 0.671907 -0.304533
49.91799927 -50.96500015 266.11801147 -0.999999 0.000978 0.000978
50.35400009 -50.74700165 265.81799316 -0.665248 0.684577 -0.297992
49.91799927 -51.09000015 265.81799316 -0.999999 0.000978 0.000978
50.21799850 -50.97800064 265.51800537 -0.605263 0.748239 -0.271654
49.91799927 -51.21099854 265.51800537 -0.999999 0.000978 0.000978
50.80500031 -50.44699860 265.81799316 -0.704621 0.544707 -0.454756
50.51800156 -50.58800125 265.81799316 -0.521767 0.811464 -0.263220
50.81800079 -50.48400116 265.51800537 -0.993475 0.099909 -0.055006
50.51800156 -50.68399811 265.51800537 -0.999999 -0.000978 -0.000978
33.63899994 -48.64699936 257.11801147 0.954089 0.114176 -0.276909
40.91799927 -45.94699860 251.09300232 -0.029967 0.381758 0.923776
41.21799850 -45.94699860 251.09399414 -0.003772 0.343255 0.939235
40.91799927 -45.64699936 250.97799683 0.003850 0.391437 0.920197
41.21799850 -45.64699936 250.98599243 0.011660 0.395143 0.918546
36.11800003 -51.94699860 253.84300232 0.035277 0.374986 0.926359
36.41799927 -51.64699936 253.69599915 0.043605 0.387156 0.920982
36.11800003 -51.64699936 253.72099304 0.052532 0.418907 0.906509
36.41799927 -51.94699860 253.80400085 0.027450 0.393455 0.918934
36.41799927 -51.04700089 253.44299316 0.054545 0.389798 0.919284
36.11800003 -51.04700089 253.45300293 0.003890 0.411062 0.911599
36.41799927 -51.34700012 253.55299377 0.030052 0.388057 0.921145
36.11800003 -51.34700012 253.56500244 0.049404 0.407252 0.911978
35.81800079 -51.34700012 253.58500671 0.022470 0.429568 0.902755
35.51800156 -51.34700012 253.58000183 0.003890 0.411062 0.911599
35.81800079 -51.04700089 253.44599915 0.001299 0.424733 0.905318
35.51800156 -51.04700089 253.45399475 0.014361 0.408639 0.912583
35.21799850 -51.34700012 253.58700562 0.027479 0.391242 0.919877
34.91799927 -51.34700012 253.59800720 0.011664 0.400452 0.916244
35.21799850 -51.04700089 253.45599365 0.011800 0.428733 0.903354
34.91799927 -51.04700089 253.46099854 -0.006565 0.442471 0.896759
33.74000168 -42.34700012 266.71798706 0.993516 0.088888 -0.070885
41.51800156 -46.54700089 251.34599304 -0.014246 0.389812 0.920784
41.81800079 -46.54700089 251.35499573 -0.006430 0.387071 0.922027
41.51800156 -46.24700165 251.22599792 -0.027336 0.384009 0.922924
41.81800079 -46.24700165 251.22300720 0.014265 0.392940 0.919454
42.11800003 -46.54700089 251.35000610 0.030052 0.388057 0.921145
42.41799927 -46.54700089 251.33599854 0.053997 0.367440 0.928478
42.11800003 -46.24700165 251.21600342 0.041262 0.408631 0.911766
42.41799927 -46.24700165 251.19500732 0.038407 0.401287 0.915147
33.73400116 -42.34700012 267.01800537 0.996041 0.075441 0.047014
46.91799927 -51.36899948 270.61801147 -0.999999 -0.000978 -0.000978
46.91799927 -51.52600098 270.31799316 -0.587986 0.742634 -0.320573
47.98099899 -51.04700089 269.41799927 -0.612296 0.672032 -0.416494
47.81800079 -51.19900131 269.41799927 -0.657374 0.705125 -0.265815
47.81800079 -51.31200027 269.11801147 -0.999999 0.000978 0.000978
33.68600082 -42.04700089 266.71798706 0.996938 0.065886 -0.042124
33.70500183 -42.04700089 267.01800537 0.994800 0.058779 -0.083177
51.18399811 -48.04700089 270.01800537 -0.992311 0.043828 -0.115751
51.15900040 -48.34700012 270.01800537 -0.989038 0.082711 0.122319
51.18099976 -48.04700089 269.71798706 -0.988815 0.148938 0.007839
51.12200165 -48.34700012 269.71798706 -0.984572 0.160334 0.070072
51.10499954 -48.34700012 269.41799927 -0.980111 0.146340 -0.134043
33.71200180 -42.34700012 267.31799316 0.996507 0.044555 -0.070636
40.31800079 -58.44200134 257.11801147 0.242299 0.960027 -0.140140
40.31800079 -58.43799973 257.41799927 0.416102 0.894116 -0.165577
40.01800156 -58.45000076 257.11801147 0.308962 0.947744 -0.079522
39.71799850 -58.23199844 257.11801147 0.343825 0.936627 -0.067184
40.01800156 -58.29199982 257.41799927 0.421279 0.853360 -0.307086
39.71799850 -58.14599991 257.41799927 0.366823 0.897170 -0.246022
39.11800003 -57.99100113 257.11801147 0.197881 0.918223 -0.343088
39.41799927 -58.05599976 257.11801147 0.269449 0.955558 -0.119609
39.41799927 -58.04700089 257.41799927 0.406617 0.908342 -0.097864
42.71799850 -59.45800018 257.11801147 0.197378 0.977083 0.079687
42.75199890 -59.44699860 257.11801147 0.197378 0.977083 0.079687
42.71799850 -59.47299957 257.41799927 0.119435 0.992314 -0.032370
43.01800156 -59.45100021 257.41799927 -0.071609 0.987267 0.142044
39.71799850 -58.06800079 257.71798706 0.999999 0.000978 0.000978
40.01800156 -58.23799896 257.71798706 0.368901 0.883857 -0.287592
39.71799850 -57.95600128 258.01800537 0.418850 0.839269 -0.346689
40.01800156 -58.09799957 258.01800537 0.354846 0.845689 -0.398615
39.11800003 -57.87900162 257.41799927 0.410913 0.835995 -0.363681
39.11800003 -57.73199844 257.71798706 0.417612 0.824110 -0.382679
39.41799927 -57.87699890 257.71798706 0.412421 0.854190 -0.316653
39.41799927 -57.76599884 258.01800537 0.457847 0.832875 -0.310961
39.11800003 -57.59999847 258.01800537 0.464785 0.796084 -0.387589
36.11800003 -56.81399918 256.21798706 0.500217 0.816969 -0.286958
38.51800156 -57.47000122 257.71798706 0.372246 0.848845 -0.375361
38.81800079 -57.57300186 257.71798706 -0.000978 -0.000978 -0.999999
38.81800079 -57.40100098 258.01800537 0.498245 0.751479 -0.432470
47.81800079 -50.44699860 252.89799500 0.030613 0.432572 0.901080
45.41799927 -57.04700089 255.81700134 -0.003929 0.436174 0.899854
45.11800003 -57.04700089 255.81399536 0.011738 0.410824 0.911639
42.11800003 -55.50199890 266.11801147 0.373290 0.833209 -0.407942
42.11800003 -55.36000061 266.41799927 0.320720 0.863949 -0.388240
42.41799927 -55.48899841 266.41799927 0.390561 0.859852 -0.328812
44.21799850 -56.74700165 255.72300720 0.024846 0.398842 0.916683
43.91799927 -56.74700165 255.72099304 0.046372 0.393496 0.918156
44.21799850 -56.44699860 255.58799744 -0.006449 0.398576 0.917112
43.91799927 -56.44699860 255.59300232 0.059596 0.366846 0.928371
39.71799850 -54.85699844 264.91799927 0.433665 0.874781 -0.216087
39.71799850 -54.77600098 265.21798706 0.238299 0.937865 -0.252234
40.01800156 -54.85200119 265.21798706 0.283197 0.873822 -0.395265
40.01800156 -55.00099945 264.91799927 0.368567 0.878190 -0.304864
39.71799850 -54.92399979 264.61801147 0.343170 0.888646 -0.304208
35.51800156 -54.86399841 260.11801147 0.356613 0.870871 -0.338247
35.51800156 -54.74800110 260.41799927 0.426885 0.833292 -0.351274
35.81800079 -54.88700104 260.41799927 0.360870 0.875529 -0.321281
39.41799927 -54.65900040 264.91799927 0.472411 0.809620 -0.348343
39.11800003 -54.51399994 264.91799927 0.400257 0.818055 -0.413014
39.41799927 -54.57199860 265.21798706 0.999999 0.000978 0.000978
39.11800003 -54.77999878 264.31799316 0.420292 0.832714 -0.360475
39.41799927 -54.94100189 264.31799316 0.399375 0.850032 -0.343432
39.11800003 -54.66400146 264.61801147 0.384281 0.842282 -0.378007
39.41799927 -54.82799911 264.61801147 0.365373 0.842083 -0.396735
38.51800156 -54.46300125 264.31799316 0.999999 -0.000978 -0.000978
38.81800079 -54.63800049 264.31799316 0.377078 0.876819 -0.298330
38.81800079 -54.55599976 264.61801147 0.327156 0.911673 -0.248638
38.51800156 -54.31200027 264.61801147 0.999999 0.000978 0.000978
38.51800156 -54.69300079 263.71798706 0.420566 0.854997 -0.303486
38.81800079 -54.87900162 263.71798706 0.999999 -0.000978 -0.000978
38.81800079 -54.76100159 264.01800537 0.452367 0.827501 -0.332576
38.51800156 -54.58700180 264.01800537 0.999999 0.000978 0.000978
37.91799927 -54.43799973 263.71798706 0.345227 0.830752 -0.436657
38.21799850 -54.54600143 263.71798706 0.354481 0.830273 -0.430104
38.21799850 -54.40399933 264.01800537 0.999999 -0.000978 -0.000978
37.91799927 -54.18899918 264.01800537 0.237573 0.954319 -0.181200
35.81800079 -53.82799911 262.51800537 0.372792 0.846972 -0.379032
35.81800079 -54.21599960 261.91799927 0.446761 0.845600 -0.292173
35.51800156 -53.99499893 261.91799927 0.999999 -0.000978 -0.000978
35.51800156 -53.88000107 262.21798706 0.366197 0.860639 -0.353836
35.81800079 -53.99499893 262.21798706 0.371687 0.790036 -0.487537
35.21799850 -53.81299973 261.91799927 0.413227 0.884217 -0.217722
34.91799927 -53.67300034 261.91799927 0.385247 0.864120 -0.323853
34.91799927 -53.56999969 262.21798706 0.505506 0.811014 -0.294485
35.21799850 -53.73899841 262.21798706 0.434845 0.833585 -0.340655
35.21799850 -54.68500137 260.11801147 0.403721 0.802617 -0.439107
49.31800079 -51.94699860 253.48699951 0.076792 0.383958 0.920152
49.61800003 -51.94699860 253.46000671 0.087939 0.372050 0.924038
34.91799927 -54.41699982 260.41799927 0.420768 0.778177 -0.466256
49.31800079 -51.64699936 253.37800598 0.030093 0.391213 0.919808
35.21799850 -54.57899857 260.41799927 0.451699 0.812420 -0.368702
49.61800003 -51.64699936 253.35499573 0.029354 0.338212 0.940612
49.91799927 -51.94699860 253.42999268 -0.113890 0.366370 0.923473
49.91799927 -51.64699936 253.36000061 -0.205268 0.291844 0.934180
50.21799850 -51.64699936 253.48300171 -0.399819 0.127662 0.907660
35.81800079 -42.11700058 259.21798706 0.472508 -0.852931 0.221913
35.51800156 -42.27799988 259.21798706 0.487745 -0.808671 0.328870
35.81800079 -42.18799973 258.91799927 0.999999 0.000978 0.000978
35.21799850 -54.41400146 260.71798706 0.287272 0.882872 -0.371498
35.81800079 -41.90700150 259.81799316 0.999999 -0.000978 -0.000978
35.51800156 -42.09199905 259.81799316 0.999999 0.000978 0.000978
35.81800079 -42.03099823 259.51800537 0.464984 -0.835105 0.293920
35.51800156 -42.18500137 259.51800537 0.462561 -0.846748 0.262784
34.91799927 -54.23699951 260.71798706 0.480840 0.785210 -0.390177
50.21799850 -51.94699860 253.53300476 -0.375944 0.194454 0.906010
36.41799927 -41.17499924 260.41799927 0.999999 -0.000978 -0.000978
34.91799927 -54.11999893 261.01800537 0.423800 0.839781 -0.339353
50.26300049 -51.64699936 253.51800537 -0.607962 0.129322 0.783364
36.41799927 -41.25099945 260.11801147 0.653809 -0.701766 0.282944
36.23500061 -41.44699860 260.11801147 0.694934 -0.649788 0.307964
36.10200119 -41.44699860 260.41799927 0.641986 -0.712429 0.283371
35.21799850 -54.32799911 261.01800537 0.080782 0.957847 -0.275686
35.81800079 -41.67599869 260.41799927 0.486245 -0.812520 0.321523
36.11800003 -41.17300034 261.01800537 0.558483 -0.726522 0.400328
36.11800003 -41.31299973 260.71798706 -0.322107 -0.858437 0.399166
36.41799927 -40.91199875 261.01800537 0.999999 -0.000978 -0.000978
36.41799927 -41.06299973 260.71798706 0.999999 0.000978 0.000978
36.41799927 -40.65499878 261.61801147 0.999999 -0.000978 -0.000978
36.11800003 -40.88299942 261.61801147 0.999999 0.000978 0.000978
36.41799927 -40.81299973 261.31799316 0.999999 -0.000978 -0.000978
36.11800003 -40.98300171 261.31799316 0.551335 -0.749750 0.365930
36.71799850 -40.16600037 262.21798706 0.999999 -0.000978 -0.000978
37.01800156 -40.04499817 261.91799927 0.999999 0.000978 0.000978
36.71799850 -40.30599976 261.91799927 0.999999 -0.000978 -0.000978
36.71799850 -39.94699860 262.81799316 0.999999 -0.000978 -0.000978
36.71799850 -40.05500031 262.51800537 0.999999 -0.000978 -0.000978
34.91799927 -50.44699860 268.95498657 0.999999 -0.000978 -0.000978
34.91799927 -50.43099976 268.81799316 0.153561 0.983030 0.100359
35.04100037 -50.74700165 268.51800537 0.512298 0.817496 -0.263156
37.01800156 -39.73300171 262.81799316 0.999999 0.000978 0.000978
37.01800156 -39.84199905 262.51800537 0.999999 0.000978 0.000978
37.01800156 -39.45100021 263.41799927 0.498743 -0.774920 0.388272
36.71799850 -39.62500000 263.41799927 0.516527 -0.752654 0.408303
37.01800156 -39.62099838 263.11801147 0.540417 -0.761128 0.358655
36.71799850 -39.81000137 263.11801147 0.491812 -0.766312 0.413384
37.61800003 -38.76200104 264.01800537 0.999999 0.000978 0.000978
37.31800079 -38.96900177 264.01800537 0.999999 -0.000978 -0.000978
37.61800003 -38.85100174 263.71798706 0.554251 -0.757854 0.344185
37.31800079 -39.09999847 263.71798706 0.999999 0.000978 0.000978
37.31800079 -38.85499954 264.31799316 0.999999 -0.000978 -0.000978
37.61800003 -38.51900101 264.61801147 0.999999 0.000978 0.000978
37.31800079 -38.71300125 264.61801147 0.999999 0.000978 0.000978
37.61800003 -38.65399933 264.31799316 0.999999 -0.000978 -0.000978
37.31800079 -41.09899902 258.91799927 0.999999 0.000978 0.000978
37.61800003 -40.86199951 258.91799927 0.720546 -0.637834 0.271994
37.81600189 -38.14699936 265.21798706 0.666913 -0.724905 0.172451
37.89400101 -38.14699936 264.91799927 0.909821 -0.341001 0.236524
37.31800079 -41.00500107 259.21798706 0.602149 -0.761679 0.239295
37.51800156 -40.84700012 259.21798706 0.602149 -0.761679 0.239295
38.21799850 -37.60499954 265.81799316 0.448776 -0.881679 0.145744
37.91799927 -37.75799942 265.81799316 0.393047 -0.844033 0.364860
38.21799850 -37.65499878 265.51800537 0.519974 -0.814884 0.256107
37.95800018 -37.84700012 265.51800537 0.567592 -0.765849 0.302183
37.91799927 -37.60599899 266.11801147 0.999999 -0.000978 -0.000978
38.21799850 -37.34400177 266.41799927 0.999999 0.000978 0.000978
37.91799927 -37.51399994 266.41799927 0.999999 0.000978 0.000978
38.21799850 -37.39799881 266.11801147 0.576994 -0.745082 0.334560
41.64199829 -51.94699860 273.61801147 0.501675 0.759866 -0.413432
41.81800079 -52.06299973 273.61801147 0.214952 0.879080 -0.425457
41.81800079 -52.15700150 273.31799316 0.418025 0.856103 -0.303878
41.51800156 -52.02799988 273.31799316 0.374801 0.850690 -0.368580
48.35200119 -49.54700089 272.41799927 -0.582821 0.726485 -0.364059
48.41799927 -49.49399948 272.41799927 -0.582821 0.726485 -0.364059
47.51800156 -50.26599884 272.11801147 -0.999999 0.000978 0.000978
46.91799927 -50.74200058 272.11801147 -0.999999 -0.000978 -0.000978
47.21799850 -50.49100113 272.11801147 -0.999999 -0.000978 -0.000978
46.91799927 -50.61899948 272.41799927 -0.428144 0.835901 -0.343456
47.21799850 -50.34000015 272.41799927 -0.504440 0.735986 -0.451515
46.31800079 -51.44499969 271.51800537 -0.579898 0.739085 -0.342741
45.71799850 -51.90100098 271.51800537 -0.477297 0.850044 -0.222739
46.01800156 -51.64099884 271.51800537 -0.999999 0.000978 0.000978
45.71799850 -51.72299957 271.81799316 -0.560027 0.748326 -0.355496
46.01800156 -51.51200104 271.81799316 -0.999999 -0.000978 -0.000978
44.21799850 -53.01200104 271.51800537 -0.999999 0.000978 0.000978
43.91799927 -53.08100128 271.81799316 -0.999999 -0.000978 -0.000978
44.21799850 -52.90999985 271.81799316 -0.999999 -0.000978 -0.000978
44.21799850 -53.13100052 271.21798706 -0.999999 0.000978 0.000978
51.13499832 -49.84700012 263.11801147 -0.994145 -0.038790 0.100855
43.91799927 -53.20700073 271.51800537 -0.999999 0.000978 0.000978
43.31800079 -53.50199890 271.51800537 -0.064443 0.935084 -0.348519
43.61800003 -53.43799973 271.51800537 -0.200932 0.887327 -0.415064
43.31800079 -53.41099930 271.81799316 -0.158567 0.919129 -0.360635
43.61800003 -53.29199982 271.81799316 -0.330222 0.854237 -0.401538
50.23699951 -45.34700012 253.51800537 -0.952713 -0.230430 0.198089
49.91799927 -44.89899826 253.51800537 -0.797947 -0.573002 0.186948
50.25699997 -45.34700012 253.81799316 -0.989729 -0.135845 0.044521
50.21799850 -45.27000046 253.81799316 -0.910318 -0.411842 0.041318
50.00999832 -44.74700165 254.11799622 -0.949775 -0.263451 0.168879
49.91799927 -44.41699982 254.11799622 0.157182 0.129953 0.978982
50.06399918 -44.74700165 254.41799927 -0.000978 -0.999999 -0.000978
49.95000076 -44.14699936 255.01800537 -0.817008 -0.402930 0.412486
33.78200150 -41.74700165 268.51800537 0.994730 0.049792 -0.089625
33.76100159 -41.44699860 268.51800537 0.984033 0.134022 -0.117118
33.80300140 -41.74700165 268.81799316 0.999777 0.009043 -0.019091
33.79299927 -41.44699860 268.81799316 0.994135 0.104588 0.027523
41.51800156 -56.56499863 263.11801147 0.362198 0.841992 -0.399828
41.81800079 -56.70399857 263.11801147 0.428604 0.836799 -0.340685
41.81800079 -56.55599976 263.41799927 0.340970 0.859368 -0.381084
41.51800156 -56.43799973 263.41799927 0.389695 0.831455 -0.396006
41.51800156 -56.26300049 263.71798706 0.371766 0.839219 -0.396864
41.81800079 -56.43799973 263.71798706 0.305517 0.886450 -0.347657
41.81800079 -56.26699829 264.01800537 0.000978 0.000978 -0.999999
40.91799927 -56.20199966 263.11801147 0.409837 0.818080 -0.403459
41.21799850 -56.38800049 263.11801147 0.999999 0.000978 0.000978
41.21799850 -56.27500153 263.41799927 0.469934 0.810835 -0.348866
41.51800156 -56.12099838 264.01800537 0.395451 0.833441 -0.385998
40.91799927 -56.05400085 263.41799927 0.999999 0.000978 0.000978
40.91799927 -55.98699951 263.71798706 0.449234 0.857353 -0.251267
41.21799850 -56.13000107 263.71798706 0.380172 0.831331 -0.405412
40.91799927 -55.87799835 264.01800537 0.273352 0.877444 -0.394170
41.21799850 -55.98300171 264.01800537 0.351809 0.864927 -0.357954
40.31800079 -55.58000183 263.71798706 0.325065 0.891307 -0.316077
40.61800003 -55.80899811 263.71798706 0.999999 -0.000978 -0.000978
40.61800003 -55.79600143 264.01800537 0.264156 0.963611 -0.040926
40.31800079 -55.54700089 263.89999390 0.564617 0.810234 -0.157254
40.35400009 -55.54700089 264.01800537 0.576625 0.797589 -0.177074
40.31800079 -55.52099991 264.01800537 0.576625 0.797589 -0.177074
40.61800003 -55.61899948 264.31799316 0.467073 0.758789 -0.453962
40.31800079 -55.40100098 264.31799316 0.557179 0.771110 -0.308125
40.61800003 -55.40000153 264.61801147 0.448426 0.771293 -0.451687
40.31800079 -55.22700119 264.61801147 0.461989 0.824643 -0.326388
39.71799850 -55.06100082 264.31799316 0.334703 0.859123 -0.387145
40.01800156 -55.17399979 264.31799316 0.364342 0.845962 -0.389362
40.01800156 -55.05899811 264.61801147 0.437283 0.863975 -0.249660
39.71799850 -55.40599823 263.71798706 0.369558 0.849827 -0.375795
40.01800156 -55.51599884 263.71798706 0.250314 0.863205 -0.438429
40.01800156 -55.33499908 264.01800537 0.282865 0.845503 -0.452893
39.71799850 -55.23500061 264.01800537 0.000978 0.000978 -0.999999
39.11800003 -54.34099960 265.21798706 0.525132 0.773964 -0.353858
38.81800079 -54.36500168 264.91799927 -0.000978 -0.000978 -0.999999
38.51800156 -54.29700089 264.91799927 0.219616 0.974317 -0.049747
38.51800156 -54.07600021 265.21798706 0.364124 0.775179 -0.516247
38.81800079 -54.16699982 265.21798706 0.277119 0.915510 -0.291628
38.81800079 -54.07099915 265.51800537 0.465847 0.840381 -0.277032
38.51800156 -53.90299988 265.51800537 0.471354 0.842910 -0.259475
38.51800156 -53.81100082 265.81799316 0.479650 0.815246 -0.324515
38.81800079 -53.96900177 265.81799316 0.347061 0.880535 -0.322812
38.21799850 -54.06299973 264.91799927 0.556602 0.768336 -0.315996
37.91799927 -53.86899948 264.91799927 0.467405 0.823073 -0.322619
37.91799927 -53.77700043 265.21798706 0.385095 0.849703 -0.360149
38.21799850 -53.88899994 265.21798706 0.313523 0.840741 -0.441428
35.51800156 -42.43000031 258.91799927 0.999999 -0.000978 -0.000978
35.21799850 -42.81900024 258.61801147 0.999999 -0.000978 -0.000978
34.91799927 -43.02799988 258.61801147 0.441839 -0.821916 0.359489
35.21799850 -42.98199844 258.31799316 0.999999 -0.000978 -0.000978
34.91799927 -43.15999985 258.31799316 0.999999 -0.000978 -0.000978
34.61800003 -43.51900101 258.01800537 0.563511 -0.754039 0.337461
35.21799850 -43.06399918 258.01800537 0.999999 0.000978 0.000978
34.91799927 -43.27299881 258.01800537 0.999999 -0.000978 -0.000978
35.21799850 -43.14400101 257.71798706 -0.319622 -0.915479 0.244417
34.91799927 -43.41199875 257.71798706 0.999999 -0.000978 -0.000978
35.28400040 -43.24700165 257.41799927 0.564145 -0.734206 0.377732
35.21799850 -43.45999908 257.11801147 0.539630 -0.776619 0.325059
34.31800079 -43.72100067 258.01800537 0.999999 0.000978 0.000978
34.61800003 -43.61500168 257.71798706 0.999999 0.000978 0.000978
34.31800079 -43.82400131 257.71798706 0.999999 0.000978 0.000978
34.91799927 -43.55899811 257.41799927 0.999999 0.000978 0.000978
34.91799927 -43.64699936 257.11801147 0.999999 -0.000978 -0.000978
34.61800003 -43.73600006 257.41799927 0.999999 -0.000978 -0.000978
34.31800079 -43.94200134 257.41799927 0.644442 -0.711605 0.279845
34.61800003 -43.83000183 257.11801147 0.540410 -0.769480 0.340378
37.91799927 -53.61500168 265.51800537 0.384135 0.817681 -0.428764
38.21799850 -53.73099899 265.51800537 0.357574 0.844749 -0.398172
37.91799927 -53.46300125 265.81799316 0.409449 0.854434 -0.319834
38.21799850 -53.60599899 265.81799316 0.468584 0.843451 -0.262714
37.61800003 -53.45000076 265.51800537 0.428238 0.816677 -0.386847
37.31800079 -53.24100113 265.51800537 0.295844 0.948557 -0.112766
37.31800079 -53.20500183 265.81799316 0.404240 0.873582 -0.271007
37.61800003 -53.31999969 265.81799316 0.366525 0.846906 -0.385241
37.61800003 -53.17800140 266.11801147 0.373668 0.854319 -0.361264
37.01800156 -53.14699936 265.51800537 0.386080 0.891978 -0.235198
36.71799850 -52.98199844 265.51800537 0.469694 0.799923 -0.373511
37.01800156 -53.04499817 265.81799316 0.508460 0.795366 -0.329941
36.75699997 -52.84700012 265.81799316 0.527340 0.775690 -0.346722
37.31800079 -53.05699921 266.11801147 0.333445 0.851447 -0.404786
37.31800079 -52.92100143 266.41799927 0.395095 0.844848 -0.360739
37.61800003 -53.06600189 266.41799927 0.411208 0.851898 -0.324311
37.01800156 -52.85200119 266.11801147 0.387510 0.839343 -0.381234
36.71799850 -52.71300125 266.11801147 0.397875 0.856128 -0.329757
37.01800156 -52.71599960 266.41799927 0.999999 -0.000978 -0.000978
36.71799850 -52.53900146 266.41799927 0.365665 0.895658 -0.253153
36.11800003 -52.40499878 266.11801147 0.337673 0.879767 -0.334645
36.41799927 -52.53799820 266.11801147 0.385095 0.849703 -0.360149
36.11800003 -52.26900101 266.41799927 0.377462 0.844198 -0.380594
36.41799927 -52.41600037 266.41799927 0.389526 0.860653 -0.327941
36.41799927 -52.31000137 266.71798706 0.390235 0.883635 -0.258661
36.11800003 -52.13399887 266.71798706 0.397545 0.864161 -0.308519
36.11800003 -52.05500031 267.01800537 0.999999 0.000978 0.000978
36.41799927 -52.24100113 267.01800537 0.426711 0.881476 -0.202282
35.21799850 -51.40100098 267.31799316 0.383614 0.874882 -0.295671
34.91799927 -51.25000000 267.31799316 0.417695 0.833814 -0.360951
34.91799927 -51.12200165 267.61801147 0.742324 0.615701 -0.264324
35.21799850 -51.30799866 267.61801147 0.460201 0.844984 -0.272427
33.62599945 -42.94699860 264.31799316 0.992276 0.043926 -0.116010
33.61000061 -42.64699936 264.31799316 0.999995 -0.000981 -0.002944
33.69300079 -42.94699860 264.61801147 0.993350 0.064123 -0.095623
33.63800049 -42.64699936 264.61801147 0.987484 -0.012443 -0.157228
33.63899994 -42.34700012 264.91799927 0.994453 0.031937 0.100216
33.68500137 -42.04700089 264.91799927 0.990464 -0.088992 0.105172
33.64099884 -42.34700012 265.21798706 0.999388 0.027619 -0.021481
33.65100098 -42.04700089 265.21798706 0.992572 -0.096642 0.073903
44.47399902 -56.14699936 263.41799927 0.011097 0.955533 -0.294674
39.11800003 -38.86999893 261.01800537 0.999999 0.000978 0.000978
39.41799927 -38.75099945 260.71798706 0.999999 -0.000978 -0.000978
39.11800003 -38.93000031 260.71798706 0.999999 0.000978 0.000978
33.83200073 -40.24700165 267.61801147 0.990598 -0.136443 -0.009984
33.79100037 -40.54700089 267.61801147 0.981537 -0.191268 0.001145
33.82099915 -40.54700089 267.31799316 0.973060 -0.214993 0.083263
33.78699875 -40.54700089 268.21798706 0.929976 -0.351626 0.107253
33.83499908 -40.24700165 267.91799927 0.998880 -0.046388 -0.009278
33.82099915 -40.54700089 267.91799927 0.962008 -0.272953 0.006066
34.61800003 -54.64699936 255.00100708 0.080483 0.504079 0.859899
34.31800079 -54.94699860 255.25399780 0.167795 0.317563 0.933273
34.61800003 -54.94699860 255.19999695 0.132914 0.294023 0.946512
34.31800079 -54.64699936 255.08200073 0.436507 0.562646 0.702062
34.91799927 -54.94699860 255.16999817 0.084363 0.438413 0.894805
35.21799850 -54.94699860 255.14399719 0.082194 0.375935 0.922994
34.91799927 -54.64699936 255.02600098 -0.044429 0.432172 0.900696
35.21799850 -54.64699936 255.02999878 0.032911 0.396246 0.917554
34.91799927 -54.34700012 254.88200378 -0.030609 0.427199 0.903639
35.21799850 -54.34700012 254.88499451 -0.017186 0.434944 0.900294
34.91799927 -54.04700089 254.74200439 0.054774 0.399446 0.915119
35.21799850 -54.04700089 254.74000549 -0.046677 0.404087 0.913529
38.51800156 -53.14699936 254.30299377 -0.011644 0.392018 0.919884
38.81800079 -53.14699936 254.29800415 0.041051 0.401245 0.915050
38.51800156 -52.84700012 254.16299438 0.030531 0.420798 0.906640
38.81800079 -52.84700012 254.13400269 0.071561 0.392909 0.916789
39.11800003 -53.14699936 254.27699280 0.053067 0.450389 0.891254
39.41799927 -53.14699936 254.26199341 0.065509 0.383694 0.921134
39.41799927 -52.84700012 254.13699341 -0.035141 0.370937 0.927993
39.11800003 -52.84700012 254.11599731 -0.003905 0.420458 0.907304
39.71799850 -52.54700089 254.00300598 0.019649 0.407397 0.913040
40.01800156 -52.54700089 254.00999451 0.003901 0.422597 0.906309
39.71799850 -52.24700165 253.87199402 0.027402 0.384934 0.922537
40.01800156 -52.24700165 253.87600708 0.022498 0.432751 0.901233
34.61800003 -53.29800034 262.51800537 0.000978 0.000978 -0.999999
49.01800156 -49.25400162 271.81799316 -0.656152 0.685314 -0.315925
48.71799850 -49.43899918 271.81799316 -0.408637 0.878645 -0.246979
49.01800156 -49.39799881 271.51800537 -0.999999 -0.000978 -0.000978
49.91799927 -48.96599960 270.91799927 -0.631313 0.696565 -0.340942
50.81800079 -48.62799835 270.01800537 -0.758805 0.569505 -0.316035
50.51800156 -48.86100006 270.01800537 -0.572964 0.683214 -0.452692
50.92800140 -48.64699936 269.71798706 -0.794430 0.514230 -0.323185
43.01800156 -52.55500031 273.61801147 0.026574 0.945267 -0.325213
43.01800156 -52.65399933 273.31799316 0.262357 0.921833 -0.285295
42.71799850 -52.57199860 273.31799316 0.310302 0.916472 -0.252571
42.98400116 -52.54700089 273.61801147 0.026574 0.945267 -0.325213
44.81800079 -57.93199921 258.61801147 -0.999999 0.000978 0.000978
45.41799927 -57.78099823 258.01800537 -0.999999 0.000978 0.000978
45.41799927 -57.91600037 257.71798706 -0.594487 0.733795 -0.328831
46.31800079 -57.43600082 257.11801147 -0.999999 -0.000978 -0.000978
33.88199997 -48.94699860 261.31799316 0.997273 0.059169 -0.044108
33.87500000 -48.64699936 261.31799316 0.998097 0.047629 -0.039162
33.91600037 -48.94699860 261.61801147 0.989175 0.124373 -0.077879
33.87300110 -48.64699936 261.61801147 0.993160 0.106370 -0.048146
33.87599945 -48.94699860 260.71798706 0.995733 0.058314 -0.071517
33.82199860 -48.64699936 260.71798706 0.985963 0.153947 -0.064634
33.88899994 -48.94699860 261.01800537 0.999461 0.031519 -0.009151
33.84999847 -48.64699936 261.01800537 0.992275 0.087721 -0.087721
33.77399826 -48.94699860 259.51800537 0.994428 0.090200 -0.054565
33.73300171 -48.64699936 259.51800537 0.995916 0.038179 -0.081811
33.80099869 -48.94699860 259.81799316 0.998013 0.043484 -0.045605
33.76900101 -48.64699936 259.81799316 0.994741 0.056557 -0.085390
50.50099945 -48.34700012 254.11799622 -0.894786 -0.308188 0.323076
50.39799881 -48.04700089 254.11799622 -0.909534 -0.212562 0.357162
33.44100189 -46.24700165 256.81799316 0.995093 0.082832 -0.054117
33.45500183 -46.54700089 256.81799316 0.994023 0.063877 -0.088532
33.42399979 -46.24700165 256.51800537 0.994003 0.077324 -0.077324
33.43500137 -46.54700089 256.51800537 0.999020 -0.005113 -0.043969
40.61800003 -49.84700012 252.78900146 0.019409 0.379116 0.925146
40.31800079 -49.84700012 252.79699707 0.041207 0.405423 0.913200
40.61800003 -49.54700089 252.68099976 -0.014186 0.380452 0.924692
40.31800079 -49.54700089 252.67399597 -0.003833 0.376888 0.926251
40.61800003 -49.24700165 252.54200745 0.044143 0.416018 0.908284
40.31800079 -49.24700165 252.55200195 -0.011664 0.400452 0.916244
38.21799850 -48.64699936 252.32499695 0.042447 0.330568 0.942827
37.91799927 -48.64699936 252.35600281 0.027008 0.353672 0.934980
38.21799850 -48.94699860 252.43499756 0.019602 0.406424 0.913474
37.91799927 -48.94699860 252.46899414 0.071459 0.389655 0.918184
37.61800003 -48.04700089 252.09100342 0.016710 0.368900 0.929319
37.31800079 -48.04700089 252.12399292 0.087980 0.377639 0.921764
37.61800003 -48.34700012 252.22099304 0.011628 0.388897 0.921208
37.31800079 -48.34700012 252.25100708 0.048837 0.376176 0.925260
37.01800156 -48.04700089 252.14799500 0.029693 0.357609 0.933399
36.71799850 -48.04700089 252.14300537 -0.021901 0.369746 0.928875
37.01800156 -48.34700012 252.25300598 -0.001283 0.391439 0.920203
36.71799850 -48.34700012 252.25000000 0.019444 0.387578 0.921632
36.41799927 -48.04700089 252.13400269 -0.040939 0.394864 0.917827
36.11800003 -48.04700089 252.11599731 0.001250 0.338631 0.940919
36.41799927 -48.34700012 252.26600647 0.071684 0.401703 0.912960
36.11800003 -48.34700012 252.29699707 0.040476 0.369510 0.928345
51.18899918 -45.04700089 270.31799316 -0.891663 0.096283 0.442343
51.15700150 -45.34700012 270.31799316 -0.993577 0.075390 0.084392
51.04000092 -45.04700089 270.01800537 -0.952748 -0.170661 0.251289
51.03400040 -45.04700089 269.71798706 -0.999987 0.004916 -0.000983
51.05199814 -45.34700012 269.71798706 -0.985237 -0.137670 0.101756
51.13800049 -45.34700012 270.01800537 -0.973768 -0.147770 0.173030
51.11700058 -45.64699936 269.71798706 -0.992323 -0.123630 0.003282
51.13000107 -45.64699936 270.01800537 -0.998757 0.021871 0.044783
51.12500000 -45.94699860 270.01800537 -0.996992 0.037643 0.067757
51.12599945 -45.94699860 269.71798706 -0.999730 -0.023063 -0.003008
51.08900070 -45.64699936 269.11801147 -0.995242 -0.029497 0.092860
51.09099960 -45.94699860 269.11801147 -0.997518 -0.015834 0.068612
51.12799835 -45.64699936 269.41799927 -0.995468 -0.082497 0.047298
51.12699890 -45.94699860 269.41799927 -0.996232 -0.064520 0.057959
51.09799957 -46.24700165 269.11801147 -0.985237 -0.033574 0.167872
51.11100006 -46.54700089 269.11801147 -0.990824 -0.065443 0.118256
51.16699982 -46.24700165 269.41799927 -0.997432 -0.046167 0.054757
51.15399933 -46.54700089 269.41799927 -0.995899 0.029259 0.085610
51.06499863 -46.24700165 268.81799316 -0.999003 0.007172 0.044059
51.08200073 -46.54700089 268.81799316 -0.990230 -0.131345 0.046827
51.07199860 -46.24700165 268.51800537 -0.999159 -0.039966 0.009223
51.08300018 -46.54700089 268.51800537 -0.992573 -0.118931 -0.025565
46.91799927 -50.49599838 272.71798706 -0.999999 -0.000978 -0.000978
46.91799927 -50.44699860 272.85900879 -0.518947 0.807425 -0.280639
51.14500046 -46.84700012 268.81799316 -0.987967 -0.154335 -0.010139
51.17599869 -47.14699936 268.81799316 -0.994344 -0.092419 0.052334
51.14400101 -46.84700012 268.51800537 -0.992773 -0.118161 0.020982
51.15399933 -47.14699936 268.51800537 -0.994389 -0.038714 0.098443
51.11500168 -47.44699860 268.21798706 -0.994124 -0.090578 0.059267
51.16999817 -47.74700165 268.21798706 -0.988351 -0.120759 0.092621
51.13199997 -47.44699860 267.91799927 -0.999368 -0.019475 0.029725
51.13999939 -47.74700165 267.91799927 -0.994381 -0.011928 0.105185
51.18799973 -48.04700089 268.21798706 -0.992235 -0.085636 0.090203
51.22200012 -48.34700012 268.21798706 -0.995175 0.018409 0.096377
51.13899994 -48.04700089 267.91799927 -0.994860 -0.089438 0.047479
51.19400024 -48.34700012 267.91799927 -0.994826 -0.081142 0.061135
51.09700012 -47.44699860 267.61801147 -0.995273 -0.054127 0.080638
51.10699844 -47.74700165 267.61801147 -0.994135 -0.104588 0.027523
51.08300018 -47.44699860 267.31799316 -0.993877 -0.106999 -0.027577
51.12300110 -47.74700165 267.31799316 -0.988922 -0.146129 -0.026054
51.15999985 -48.04700089 267.61801147 -0.990139 -0.129348 -0.053799
51.18600082 -48.34700012 267.61801147 -0.992692 -0.119827 0.014291
51.17100143 -48.04700089 267.31799316 -0.993774 -0.105249 0.036560
51.18600082 -48.34700012 267.31799316 -0.995928 -0.083628 -0.033668
51.09799957 -48.04700089 266.71798706 -0.994408 -0.094230 0.047670
51.23300171 -48.64699936 267.61801147 -0.992988 -0.104584 -0.055104
51.24900055 -48.94699860 267.61801147 -0.968545 0.236811 -0.076431
51.22100067 -48.64699936 267.31799316 -0.998575 -0.051022 0.015619
51.21699905 -48.94699860 267.31799316 -0.993247 0.029964 0.112087
51.13800049 -48.04700089 267.01800537 -0.983272 -0.137003 0.120029
51.20600128 -48.34700012 267.01800537 -0.984504 -0.142699 0.101928
51.12500000 -48.34700012 266.71798706 -0.982676 -0.060747 0.175095
51.22399902 -48.64699936 267.01800537 -0.988783 0.042393 0.143219
51.18099976 -48.94699860 267.01800537 -0.995733 0.058314 0.071517
51.13499832 -48.64699936 266.71798706 -0.992007 -0.083333 0.094749
51.17399979 -48.94699860 266.71798706 -0.998818 -0.034370 0.034370
51.18899918 -49.24700165 267.01800537 -0.996852 -0.005274 0.079115
51.15499878 -49.24700165 266.71798706 -0.959009 0.046383 0.279554
51.14599991 -49.54700089 266.71798706 -0.928538 0.273600 0.250918
51.16799927 -48.64699936 266.41799927 -0.994765 -0.100887 -0.016272
51.15999985 -48.94699860 266.41799927 -0.966453 0.248802 0.063763
51.14500046 -48.64699936 266.11801147 -0.988210 -0.102229 0.113979
51.13499832 -48.94699860 266.11801147 -0.997762 0.017949 0.064406
51.13399887 -49.24700165 266.11801147 -0.973942 0.127255 -0.187733
51.01800156 -49.24700165 266.41799927 -0.951034 0.306908 0.036627
50.97900009 -49.54700089 266.41799927 -0.987361 0.017004 0.157570
51.05699921 -49.54700089 266.11801147 -0.937822 0.235501 -0.255009
51.09600067 -49.24700165 265.51800537 -0.995098 -0.072109 0.067671
51.00899887 -49.84700012 266.41799927 -0.998800 -0.048445 0.007215
50.98400116 -49.84700012 266.11801147 -0.963970 0.247073 0.098573
50.76699829 -50.14699936 266.11801147 -0.151311 -0.987562 -0.042737
50.94699860 -49.84700012 265.81799316 -0.887676 0.445961 -0.114676
50.85400009 -50.14699936 265.81799316 -0.925777 0.219748 -0.307647
51.06100082 -49.84700012 265.51800537 -0.934392 0.265564 -0.237462
50.96599960 -50.14699936 265.51800537 -0.883374 0.230123 -0.408282
51.13100052 -50.14699936 265.21798706 -0.957560 0.118879 -0.262578
51.12699890 -50.14699936 264.91799927 -0.995239 0.060753 0.076217
51.09899902 -49.84700012 265.21798706 -0.999573 -0.029192 0.001007
51.06000137 -49.84700012 264.91799927 -0.999312 -0.033754 0.015343
44.21799850 -38.04700089 261.91799927 -0.371704 -0.842215 0.390524
43.91799927 -37.83800125 261.91799927 -0.383268 -0.843190 0.377011
44.21799850 -37.88299942 262.21798706 -0.357731 -0.833656 0.420768
43.91799927 -37.71099854 262.21798706 -0.418025 -0.856103 0.303878
44.81800079 -38.01399994 262.51800537 -0.425725 -0.827711 0.365586
44.51800156 -37.83599854 262.51800537 -0.281303 -0.910956 0.301709
44.81800079 -37.90000153 262.81799316 -0.484725 -0.831621 0.271012
44.51800156 -37.73699951 262.81799316 -0.400125 -0.863104 0.308142
45.11800003 -38.08000183 262.81799316 -0.373731 -0.871023 0.318816
45.71799850 -38.08399963 263.41799927 -0.390755 -0.827388 0.403411
46.91799927 -38.30599976 264.31799316 -0.395095 -0.844848 0.360739
47.21799850 -38.44200134 264.31799316 -0.409604 -0.830278 0.377974
46.91799927 -38.18799973 264.61801147 -0.383892 -0.861831 0.331473
47.21799850 -38.32300186 264.61801147 -0.377900 -0.850665 0.365459
44.21799850 -46.24700165 251.16999817 0.067108 0.442367 0.894320
43.91799927 -46.24700165 251.17999268 -0.036280 0.447457 0.893569
44.21799850 -46.54700089 251.30999756 0.073497 0.370156 0.926058
43.91799927 -46.54700089 251.31799316 -0.068822 0.400789 0.913582
35.51800156 -54.34700012 254.89399719 -0.001263 0.359825 0.933019
35.81800079 -54.34700012 254.88600159 0.040634 0.373569 0.926712
35.51800156 -54.04700089 254.77299500 -0.011813 0.426589 0.904368
35.81800079 -54.04700089 254.74800110 0.009023 0.387984 0.921622
47.81800079 -38.49399948 264.91799927 -0.383824 -0.841281 0.380691
47.51800156 -38.31600189 264.91799927 -0.383152 -0.846062 0.370641
43.61800003 -46.84700012 251.41999817 -0.030648 0.430404 0.902116
47.51800156 -38.19200134 265.21798706 -0.371525 -0.878012 0.301769
43.31800079 -46.84700012 251.42100525 0.011644 0.392018 0.919884
47.81800079 -38.34999847 265.21798706 -0.416522 -0.825125 0.381680
43.61800003 -47.14699936 251.55000305 0.009072 0.400462 0.916268
43.31800079 -47.14699936 251.55099487 0.046689 0.409529 0.911102
43.01800156 -46.84700012 251.42799377 0.044542 0.444068 0.894885
42.71799850 -46.84700012 251.45100403 0.006565 0.437198 0.899341
43.01800156 -47.14699936 251.58099365 0.083930 0.425156 0.901220
42.71799850 -47.14699936 251.60600281 0.001285 0.394539 0.918878
40.61800003 -48.04700089 252.03999329 -0.054774 0.399446 0.915119
40.61800003 -48.34700012 252.14199829 0.016524 0.349543 0.936775
40.31800079 -48.34700012 252.14500427 0.017012 0.409598 0.912108
40.31800079 -48.04700089 252.01100159 -0.040768 0.385323 0.921881
47.51800156 -48.94699860 252.24200439 0.006421 0.383969 0.923324
47.81800079 -48.94699860 252.24200439 -0.008939 0.371596 0.928352
47.51800156 -48.64699936 252.11599731 -0.006517 0.423590 0.905831
47.81800079 -48.64699936 252.13099670 0.019326 0.369766 0.928924
39.41799927 -48.64699936 252.30299377 -0.008895 0.357091 0.934027
39.11800003 -48.64699936 252.29100037 0.033045 0.405794 0.913367
38.81800079 -48.64699936 252.32499695 0.057397 0.388431 0.919688
38.51800156 -48.64699936 252.32899475 -0.001279 0.387428 0.921899
38.81800079 -48.94699860 252.45399475 0.011503 0.369382 0.929206
38.51800156 -48.94699860 252.45700073 -0.030052 0.388057 0.921145
33.47900009 -46.24700165 255.61799622 0.987561 -0.109992 0.112357
33.41899872 -46.54700089 255.61799622 0.989855 -0.141727 -0.010044
33.48799896 -46.24700165 255.31799316 0.999372 -0.033618 0.011206
33.41999817 -46.54700089 255.31799316 0.992563 -0.115258 -0.039165
34.31800079 -44.24399948 256.81799316 0.683917 -0.664607 0.300924
34.61800003 -44.17499924 256.51800537 0.585548 -0.749180 0.309618
34.31800079 -44.37200165 256.51800537 0.999999 0.000978 0.000978
34.61800003 -44.00099945 256.81799316 0.570427 -0.712621 0.408393
41.21799850 -54.76900101 266.71798706 0.381484 0.860270 -0.338239
40.91799927 -54.62599945 266.71798706 0.406144 0.838947 -0.362237
40.91799927 -54.48799896 267.01800537 0.374770 0.830186 -0.412721
41.21799850 -54.63600159 267.01800537 0.414613 0.833954 -0.364165
42.28699875 -35.14699936 266.11801147 -0.687521 -0.618274 0.380857
37.31800079 -55.54700089 255.34100342 -0.003910 0.423596 0.905843
37.61800003 -55.54700089 255.34899902 -0.016972 0.408622 0.912546
42.11800003 -35.64599991 264.91799927 -0.372745 -0.892510 0.253942
42.41799927 -35.74499893 264.91799927 -0.298809 -0.911002 0.284233
42.11800003 -35.52399826 265.21798706 -0.522088 -0.754491 0.397703
42.41799927 -35.70700073 265.21798706 -0.203876 -0.971260 0.122832
42.41799927 -35.48600006 265.51800537 -0.423345 -0.822907 0.378949
42.11800003 -35.33100128 265.51800537 0.000978 0.000978 0.999999
42.41799927 -35.34799957 265.81799316 -0.999999 -0.000978 -0.000978
42.71799850 -35.68999863 265.51800537 -0.399561 -0.859287 0.319340
42.71799850 -35.54700089 265.81799316 -0.999999 -0.000978 -0.000978
43.01800156 -35.74000168 265.81799316 -0.211198 -0.953754 0.213888
43.01800156 -35.80699921 265.51800537 -0.372064 -0.904826 0.207024
43.61800003 -35.82899857 266.11801147 -0.395266 -0.879204 0.266016
43.31800079 -35.60599899 266.11801147 -0.131707 -0.800602 0.584543
43.61800003 -35.74700165 266.39700317 -0.290544 -0.917888 0.270307
43.31800079 -35.44699860 266.33499146 -0.999999 0.000978 0.000978
43.63899994 -35.74700165 266.41799927 -0.290544 -0.917888 0.270307
43.31800079 -35.40399933 266.41799927 -0.284648 -0.850867 0.441589
44.81800079 -36.10400009 266.71798706 -0.470904 -0.788076 0.396466
37.31800079 -52.29499817 267.91799927 0.397911 0.838288 -0.372747
37.61800003 -52.41299820 267.91799927 0.290698 0.853637 -0.432202
37.58599854 -52.24700165 268.21798706 0.390181 0.832492 -0.393340
37.31800079 -52.12699890 268.21798706 0.328884 0.856952 -0.396823
37.61800003 -52.24700165 268.25500488 0.428933 0.824628 -0.368788
36.11800003 -44.22200012 253.51800537 0.999999 -0.000978 -0.000978
33.74200058 -51.64699936 255.61799622 0.947427 0.172136 -0.269725
33.80099869 -51.94699860 255.61799622 0.983550 0.099920 -0.150482
33.72000122 -51.64699936 255.31799316 0.991490 0.129614 0.012186
33.76800156 -51.94699860 255.31799316 0.991218 0.086343 -0.100158
33.54999924 -44.44699860 261.01800537 0.988109 0.153656 0.005608
33.61199951 -44.74700165 261.01800537 0.996897 0.077501 -0.013802
33.57699966 -44.74700165 260.71798706 0.992280 -0.032442 -0.119700
39.41799927 -56.74700165 255.79100037 -0.043741 0.398974 0.915918
39.11800003 -56.44699860 255.71699524 0.013694 0.312461 0.949832
39.41799927 -56.44699860 255.69200134 0.055053 0.303431 0.951262
39.71799850 -57.34700012 256.06799316 0.097100 0.325885 0.940410
40.01800156 -57.34700012 256.04800415 0.077624 0.330233 0.940702
39.71799850 -57.04700089 255.96200562 0.001272 0.375114 0.926978
40.01800156 -57.04700089 255.95199585 0.037213 0.337485 0.940595
43.91799927 -56.81700134 262.81799316 -0.602470 0.707533 -0.369362
43.91799927 -56.99700165 262.51800537 -0.561855 0.732213 -0.384944
40.31800079 -57.34700012 256.01901245 -0.040117 0.350699 0.935629
40.61800003 -57.34700012 256.07299805 -0.057877 0.407829 0.911222
40.31800079 -57.04700089 255.93800354 0.052110 0.293597 0.954508
40.61800003 -57.04700089 255.91900635 0.071384 0.391939 0.917218
50.81800079 -52.24700165 255.85600281 0.000978 -0.999999 0.000978
50.78300095 -52.24700165 255.61799622 -0.993295 -0.045810 0.106145
50.79800034 -52.54700089 255.61799622 -0.985169 -0.168256 0.033651
50.76599884 -52.24700165 255.31799316 -0.990766 -0.133523 -0.023563
50.80899811 -52.54700089 255.31799316 -0.992181 -0.121651 -0.027902
34.43799973 -48.04700089 272.41799927 0.993514 -0.101928 0.050404
34.40700150 -48.34700012 272.41799927 0.973030 0.129990 -0.190567
34.45299911 -48.04700089 272.11801147 0.993978 -0.104803 -0.031993
34.39799881 -48.34700012 272.11801147 0.992692 0.118415 -0.023240
45.71799850 -55.60900116 262.51800537 -0.544778 0.764629 -0.344325
34.01800156 -43.59400177 258.91799927 0.646945 -0.640292 0.414111
34.31200027 -49.84700012 267.91799927 0.995025 0.061010 -0.078759
34.30300140 -50.14699936 267.91799927 0.987754 0.147063 -0.052109
33.65499878 -44.14699936 260.41799927 0.953883 -0.296904 0.044220
33.64799881 -43.84700012 260.11801147 0.930308 -0.333142 -0.153439
33.57799911 -44.14699936 260.11801147 0.963693 -0.213137 -0.160834
33.65100098 -43.84700012 259.81799316 0.952057 -0.305797 0.008666
33.55500031 -44.14699936 259.81799316 0.964139 -0.261819 -0.043430
33.48799896 -44.44699860 259.81799316 0.990987 -0.086323 -0.102437
33.50400162 -44.74700165 259.81799316 0.998306 0.017771 -0.055403
33.45500183 -44.44699860 259.51800537 0.998304 -0.030571 0.049546
33.47800064 -44.74700165 259.51800537 0.993570 0.097673 0.057257
33.51800156 -44.44699860 259.21798706 0.986380 -0.042886 0.158794
33.53799820 -44.74700165 259.21798706 0.999505 -0.031329 0.003032
33.54999924 -44.44699860 258.91799927 0.944617 -0.302331 0.127651
33.47999954 -44.74700165 258.91799927 0.959579 -0.273258 -0.067361
34.31200027 -51.04700089 265.81799316 0.982605 0.125103 -0.137249
33.49900055 -45.04700089 259.21798706 0.973432 -0.057549 -0.221624
34.25799942 -51.04700089 265.51800537 0.993771 0.072989 -0.084218
34.31200027 -51.34700012 265.51800537 0.975866 0.144062 -0.164106
33.50299835 -45.34700012 259.21798706 0.984007 0.112011 -0.138508
33.38100052 -45.04700089 258.91799927 0.990230 -0.046827 -0.131345
33.45199966 -45.34700012 258.91799927 0.971186 0.225076 -0.078342
33.68500137 -51.94699860 254.71800232 0.986813 -0.028653 -0.159311
33.64500046 -51.94699860 254.41799927 0.990111 -0.014511 0.139531
34.24399948 -51.64699936 264.31799316 0.982218 0.137535 -0.127798
34.25400162 -51.64699936 264.01800537 0.999336 0.027731 -0.023623
34.26900101 -51.94699860 264.01800537 0.939198 0.295648 -0.174639
34.22999954 -51.64699936 263.71798706 0.993320 0.034483 -0.110122
34.22499847 -51.94699860 263.71798706 0.964175 0.222502 -0.144431
42.11800003 -58.54700089 256.55099487 0.022149 0.394766 0.918515
42.41799927 -58.54700089 256.54400635 -0.014472 0.427589 0.903857
34.20199966 -52.24700165 262.81799316 0.976680 0.213759 -0.020077
34.30199814 -52.54700089 262.81799316 0.898442 0.361442 -0.249321
34.19400024 -52.24700165 262.51800537 0.997025 0.073735 -0.022441
34.22200012 -52.54700089 262.51800537 0.961978 0.236252 -0.137052
46.91799927 -39.15200043 262.51800537 -0.339802 -0.840893 0.421229
47.21799850 -39.26300049 262.51800537 -0.354506 -0.833482 0.423831
47.21799850 -39.11800003 262.81799316 -0.390228 -0.829431 0.399707
46.91799927 -38.99700165 262.81799316 -0.386749 -0.800780 0.457359
46.91799927 -38.82600021 263.11801147 -0.402764 -0.807132 0.431647
47.21799850 -38.97399902 263.11801147 -0.420768 -0.833656 0.357731
47.21799850 -38.86100006 263.41799927 -0.429309 -0.854001 0.293899
47.51800156 -39.12799835 263.11801147 -0.456496 -0.815966 0.354699
47.81800079 -39.30199814 263.11801147 -0.363277 -0.869106 0.335686
47.81800079 -39.23600006 263.41799927 -0.213888 -0.953754 0.211198
47.51800156 -39.01800156 263.41799927 -0.415161 -0.841289 0.346229
43.61800003 -46.24700165 251.14599609 -0.011369 0.344863 0.938584
43.31800079 -46.24700165 251.17300415 0.091290 0.388324 0.916990
43.61800003 -46.54700089 251.26499939 -0.033140 0.417567 0.908042
43.31800079 -46.54700089 251.29600525 0.027364 0.381787 0.923845
34.13600159 -52.84700012 261.01800537 0.989283 0.073065 -0.126415
34.15800095 -53.14699936 261.01800537 0.963452 0.245687 -0.106764
34.08499908 -52.84700012 260.71798706 0.988942 0.124637 -0.080373
34.12900162 -53.14699936 260.71798706 0.974032 0.211638 -0.080447
43.01800156 -45.64699936 250.92700195 0.022297 0.410535 0.911572
42.71799850 -45.64699936 250.92300415 0.022171 0.392563 0.919458
43.01800156 -45.94699860 251.05999756 0.022438 0.421044 0.906763
42.71799850 -45.94699860 251.05700684 0.022268 0.407374 0.912990
42.41799927 -45.64699936 250.94200134 0.054756 0.393973 0.917490
42.11800003 -45.64699936 250.95899963 0.043666 0.390347 0.919632
42.41799927 -45.94699860 251.07400513 0.035479 0.387636 0.921129
42.11800003 -45.94699860 251.08000183 0.035578 0.393988 0.918427
41.21799850 -44.44699860 250.46600342 0.011563 0.376455 0.926363
40.91799927 -44.44699860 250.46800232 0.016829 0.384469 0.922984
40.61800003 -44.74700165 250.60699463 0.073569 0.367846 0.926972
40.31800079 -44.74700165 250.63000488 0.014323 0.402348 0.915375
50.21799850 -51.91899872 263.11801147 -0.497409 0.817508 -0.290286
40.61800003 -44.44699860 250.47700500 -0.009133 0.421439 0.906811
40.31800079 -44.44699860 250.46200562 0.006655 0.475200 0.879853
50.17200089 -51.94699860 263.11801147 -0.497409 0.817508 -0.290286
39.41799927 -43.84700012 250.26199341 0.193129 0.187874 0.963018
39.11800003 -43.84700012 250.33700562 0.256463 0.185902 0.948508
39.41799927 -44.14699936 250.34899902 0.077374 0.323922 0.942914
39.11800003 -44.14699936 250.39900208 0.134406 0.238799 0.961722
42.71799850 -59.14699936 256.79400635 -0.011547 0.373356 0.927616
42.71799850 -58.84700012 256.67300415 -0.032399 0.361568 0.931783
43.01800156 -58.84700012 256.68899536 -0.027816 0.425186 0.904679
50.51800156 -51.64699936 263.15200806 -0.613154 0.719930 -0.325182
50.51800156 -51.65599823 263.11801147 -0.999999 -0.000978 -0.000978
41.51800156 -45.94699860 251.09599304 -0.006439 0.390178 0.920717
41.81800079 -45.94699860 251.09800720 0.024744 0.389393 0.920739
41.51800156 -45.64699936 250.97099304 0.025012 0.414665 0.909630
41.81800079 -45.64699936 250.97000122 0.017012 0.409598 0.912108
42.71799850 -46.54700089 251.31599426 0.080121 0.397891 0.913927
43.01800156 -46.54700089 251.28300476 0.032128 0.348265 0.936845
42.71799850 -46.24700165 251.19000244 -0.016881 0.396056 0.918071
43.01800156 -46.24700165 251.20599365 0.026903 0.349733 0.936463
44.51800156 -47.44699860 251.66600037 0.019777 0.423236 0.905804
44.81800079 -47.44699860 251.64799500 0.038770 0.429143 0.902404
34.31800079 -42.64699936 270.14700317 0.549932 -0.398906 -0.733790
34.14599991 -42.64699936 270.01800537 0.579271 -0.255884 -0.773931
34.01399994 -42.94699860 270.01800537 0.922128 -0.248100 -0.296859
33.93999863 -42.64699936 269.71798706 0.982448 -0.063268 -0.175480
33.95399857 -42.94699860 269.71798706 0.984645 0.069909 -0.159960
33.98600006 -43.24700165 270.01800537 0.998144 -0.024242 -0.055862
34.00000000 -43.54700089 270.01800537 0.974846 0.057201 -0.215415
33.98300171 -43.24700165 269.71798706 0.989830 0.070455 -0.123584
33.99700165 -43.54700089 269.71798706 0.998248 0.003110 -0.059086
33.91199875 -43.24700165 269.41799927 0.989507 0.077722 -0.121803
33.96400070 -43.54700089 269.41799927 0.993990 0.090566 -0.061495
33.90999985 -43.24700165 269.11801147 0.992445 0.120868 0.021069
33.95999908 -43.54700089 269.11801147 0.991222 0.074657 -0.109115
33.96599960 -43.84700012 269.41799927 0.998649 0.011384 -0.050709
33.97100067 -44.14699936 269.41799927 0.996534 0.059901 -0.057723
33.95500183 -43.84700012 269.11801147 0.997440 0.037417 -0.060937
33.98199844 -44.14699936 269.11801147 0.995963 0.088983 -0.011793
33.93000031 -43.84700012 268.81799316 0.991008 0.109345 -0.077117
33.96400070 -44.14699936 268.81799316 0.989133 0.101599 -0.106270
33.90800095 -43.84700012 268.51800537 0.996530 0.082067 -0.013856
33.91799927 -44.14699936 268.51800537 0.993577 0.084392 -0.075390
33.95500183 -47.44699860 264.01800537 0.988013 0.123355 -0.092810
33.97499847 -47.74700165 264.01800537 0.999917 0.000989 -0.012857
33.90599823 -47.44699860 263.71798706 0.978967 0.173628 -0.107132
33.95999908 -47.74700165 263.71798706 0.995199 0.045086 -0.086874
33.88899994 -47.44699860 263.41799927 0.997475 0.058927 -0.039642
33.92300034 -47.74700165 263.41799927 0.990729 0.100576 -0.091327
33.88199997 -47.44699860 263.11801147 0.998348 0.055290 -0.015648
33.90499878 -47.74700165 263.11801147 0.993350 0.099896 -0.057244
33.93600082 -48.04700089 262.81799316 0.996375 0.040203 -0.074973
33.91299820 -48.34700012 262.81799316 0.998195 0.009368 -0.059330
33.89699936 -48.04700089 262.51800537 0.995287 0.071802 -0.065174
33.91500092 -48.34700012 262.51800537 0.999461 0.031519 0.009151
33.89699936 -48.04700089 262.21798706 0.987609 0.126253 -0.093215
33.91899872 -48.34700012 262.21798706 0.997548 0.030874 -0.062812
33.84099960 -48.04700089 261.91799927 0.991467 0.072044 -0.108638
33.87699890 -48.34700012 261.91799927 0.988231 0.104581 -0.111631
33.90999985 -52.84700012 256.21798706 0.997329 -0.007372 -0.072667
33.90900040 -53.14699936 256.21798706 0.999889 0.000991 -0.014865
33.86600113 -52.84700012 255.91799927 0.993285 0.071029 -0.091324
33.90100098 -53.14699936 255.91799927 0.994170 0.100633 -0.038705
33.69900131 -42.94699860 261.61801147 0.930834 -0.354922 0.087056
39.11800003 -40.85900116 256.21798706 0.999999 -0.000978 -0.000978
39.11800003 -40.99700165 255.91799927 0.626858 -0.707848 0.325577
38.81800079 -41.06900024 256.21798706 0.230041 -0.912930 0.337104
38.94900131 -41.14699936 255.91799927 0.000978 0.000978 0.999999
34.91799927 -44.17699814 255.91799927 0.999999 -0.000978 -0.000978
35.81800079 -52.14799881 266.41799927 0.331166 0.847350 -0.415124
35.51800156 -52.03499985 266.41799927 0.333308 0.885303 -0.324259
35.51800156 -52.14500046 266.11801147 0.452441 0.834433 -0.314673
35.81800079 -52.31000137 266.11801147 0.371561 0.853503 -0.365343
35.51800156 -42.93899918 257.71798706 0.999999 0.000978 0.000978
35.81800079 -42.72600174 257.71798706 0.999999 0.000978 0.000978
35.51800156 -42.82899857 258.01800537 0.999999 0.000978 0.000978
35.81800079 -42.59500122 258.01800537 0.999999 -0.000978 -0.000978
35.81800079 -42.84299850 257.41799927 0.999999 -0.000978 -0.000978
41.51800156 -58.84700012 256.70498657 0.262140 0.390963 0.882287
41.81800079 -58.54700089 256.55801392 0.032741 0.388961 0.920672
41.51800156 -58.54700089 256.57199097 0.079319 0.375083 0.923591
41.21799850 -58.84700012 256.79400635 0.080641 0.958730 0.272643
40.61800003 -57.94699860 256.30398560 0.019471 0.390709 0.920308
40.31800079 -57.94699860 256.32998657 0.028124 0.448643 0.893268
40.61800003 -57.64699936 256.18701172 -0.024451 0.359044 0.933000
40.31800079 -57.64699936 256.16198730 -0.036451 0.460366 0.886981
40.01800156 -57.94699860 256.32299805 0.012036 0.477411 0.878597
39.71799850 -57.94699860 256.33801270 0.003970 0.469829 0.882749
40.01800156 -57.64699936 256.16198730 0.011740 0.416132 0.909229
39.71799850 -57.64699936 256.16900635 0.019654 0.412736 0.910639
39.11800003 -57.64699936 256.22698975 0.049169 0.286191 0.956910
39.41799927 -57.94699860 256.32501221 -0.039105 0.446332 0.894013
38.81800079 -45.64699936 251.00900269 0.019805 0.431745 0.901778
39.41799927 -57.64699936 256.17498779 0.092108 0.340398 0.935759
38.51800156 -45.64699936 251.03500366 0.049048 0.385752 0.921298
38.81800079 -56.44699860 255.69999695 -0.039810 0.335175 0.941315
38.51800156 -56.44699860 255.69200134 0.040867 0.386259 0.921485
38.81800079 -56.74700165 255.80400085 0.046500 0.399897 0.915380
38.51800156 -56.74700165 255.83700562 0.093280 0.435771 0.895211
37.61800003 -55.84700012 255.48899841 -0.006342 0.361521 0.932343
37.31800079 -55.84700012 255.50399780 0.011738 0.410824 0.911639
37.61800003 -56.14699936 255.58000183 -0.035141 0.370937 0.927993
37.31800079 -56.14699936 255.61000061 0.076456 0.374232 0.924178
40.61800003 -42.34700012 250.13600159 0.474695 -0.341336 0.811267
34.91799927 -42.89799881 258.91799927 0.999999 0.000978 0.000978
35.21799850 -42.66299820 258.91799927 0.999999 0.000978 0.000978
34.91799927 -42.80799866 259.21798706 0.889665 0.437003 -0.132382
35.21799850 -42.53900146 259.21798706 0.618453 -0.697195 0.362541
34.61800003 -42.92200089 259.51800537 0.604556 -0.739258 0.296665
34.88299942 -42.64699936 259.51800537 0.675065 -0.652181 0.344888
34.31800079 -42.93799973 259.81799316 0.999999 0.000978 0.000978
34.75699997 -42.64699936 259.81799316 0.692111 -0.669836 0.268889
35.21799850 -42.35800171 259.51800537 0.422087 -0.883882 0.201484
34.91799927 -42.48799896 259.81799316 0.663916 -0.698943 0.265885
35.24100113 -42.34700012 259.51800537 0.493399 -0.847326 0.196460
35.21799850 -42.29000092 259.81799316 0.722525 -0.663984 0.192571
35.21799850 -42.18899918 260.11801147 0.999999 0.000978 0.000978
34.91799927 -42.28900146 260.41799927 0.999999 0.000978 0.000978
35.21799850 -42.06100082 260.41799927 0.707712 -0.650200 0.276375
34.91799927 -42.38499832 260.11801147 0.999999 -0.000978 -0.000978
35.51800156 -41.98500061 260.11801147 0.999999 0.000978 0.000978
35.81800079 -41.75899887 260.11801147 0.999999 -0.000978 -0.000978
35.51800156 -41.83100128 260.41799927 0.465719 -0.812226 0.351276
34.91799927 -42.23899841 260.71798706 0.697729 -0.706655 0.117528
35.11299896 -42.04700089 260.71798706 0.676269 -0.685816 0.268916
34.91799927 -42.01300049 261.01800537 0.539658 -0.739775 0.401873
35.21799850 -41.80099869 261.01800537 0.510298 -0.772736 0.377458
33.47499847 -47.14699936 252.31799316 0.995979 0.087215 0.020458
33.46900177 -47.14699936 252.61799622 0.999995 0.002944 -0.000981
33.41600037 -46.84700012 252.61799622 0.982976 0.174303 -0.058101
33.46200180 -47.14699936 252.91799927 0.991139 -0.023466 0.130737
33.43399811 -46.84700012 252.91799927 0.998982 -0.044148 -0.009240
33.38999939 -47.14699936 253.21800232 0.984527 -0.151926 0.087327
33.42100143 -46.84700012 253.21800232 0.988912 -0.137317 0.056542
33.40999985 -47.14699936 253.51800537 0.993091 -0.114034 0.027678
33.40000153 -46.84700012 253.51800537 0.991449 -0.102010 0.081379
33.37400055 -47.14699936 253.81799316 0.996852 0.015958 0.077663
33.37300110 -46.84700012 253.81799316 0.989089 -0.054118 0.137022
33.47100067 -46.54700089 253.51800537 0.980131 -0.165604 0.109176
33.40599823 -46.54700089 253.81799316 0.967209 -0.209927 0.142956
33.50299835 -46.24700165 253.81799316 0.833815 -0.481107 0.270719
33.36299896 -47.14699936 254.11799622 0.981523 0.187350 -0.038884
33.31800079 -46.84700012 254.11799622 0.999369 -0.033687 0.011229
33.39699936 -47.14699936 254.41799927 0.995613 0.067256 -0.065051
33.36600113 -46.84700012 254.41799927 0.993456 0.025360 -0.111364
33.38299942 -46.54700089 254.11799622 0.972623 -0.228924 0.039971
33.45999908 -46.24700165 254.11799622 0.949051 -0.312972 0.036746
33.38199997 -46.54700089 254.41799927 0.979176 -0.188070 -0.076441
33.47999954 -46.24700165 254.41799927 0.974834 -0.217304 -0.049774
33.42900085 -46.54700089 254.71800232 0.983929 -0.176899 -0.024280
33.49100113 -46.24700165 254.71800232 0.994447 -0.104963 -0.007575
33.39599991 -46.54700089 255.01800537 0.988640 -0.149589 0.014622
33.48500061 -46.24700165 255.01800537 0.983836 -0.178983 0.005700
33.49200058 -45.94699860 254.71800232 0.998944 -0.042442 0.017598
33.50400162 -45.94699860 255.01800537 0.969452 -0.229508 0.086536
33.62099838 -45.64699936 255.01800537 0.900325 -0.338546 0.273498
33.71799850 -45.61600113 254.71800232 0.736867 -0.654485 0.169342
34.01800156 -45.42599869 254.71800232 0.593150 -0.744251 0.307024
33.43999863 -45.94699860 255.31799316 0.997689 -0.060563 0.030813
33.52399826 -45.64699936 255.31799316 0.923783 -0.308877 0.226320
33.48600006 -45.94699860 255.61799622 0.998219 0.007271 -0.059208
33.47499847 -45.64699936 255.61799622 0.979150 -0.202381 0.017547
33.47499847 -45.94699860 255.91799927 0.968270 -0.153428 0.197264
33.51399994 -45.64699936 255.91799927 0.993878 -0.088519 -0.066109
33.36500168 -45.94699860 256.21798706 0.969068 -0.201515 0.142472
33.51499939 -45.64699936 256.21798706 0.944690 -0.316649 0.085403
33.56399918 -45.34700012 256.21798706 0.918475 -0.325263 0.224962
33.71799850 -45.21200180 255.91799927 0.654398 -0.683626 0.323139
33.88999939 -45.04700089 255.91799927 0.687840 -0.714697 0.126825
33.71799850 -45.06999969 256.21798706 0.852813 -0.459207 0.248674
34.01800156 -44.82199860 256.21798706 0.656932 -0.682885 0.319545
33.47000122 -45.34700012 257.11801147 0.973901 -0.203260 0.101006
33.56000137 -45.04700089 257.11801147 0.883951 -0.393366 0.252771
33.44499969 -45.34700012 257.41799927 0.997995 -0.054089 0.032878
33.48099899 -45.04700089 257.41799927 0.970411 -0.185388 0.154703
33.45000076 -45.34700012 257.71798706 0.996489 -0.022574 -0.080622
33.46500015 -45.04700089 257.71798706 0.995100 -0.095031 0.027308
33.49399948 -45.34700012 258.01800537 0.999575 -0.001005 -0.029133
33.46400070 -45.04700089 258.01800537 0.998346 0.047340 0.032612
33.50699997 -44.74700165 257.71798706 0.919926 -0.254815 0.298004
33.63000107 -44.44699860 257.71798706 0.880780 -0.444030 0.164509
33.46599960 -44.74700165 258.01800537 0.975570 -0.219533 0.008218
33.59700012 -44.44699860 258.01800537 0.871069 -0.488514 0.050916
33.50199890 -44.74700165 258.31799316 0.959564 -0.277207 -0.048919
33.61700058 -44.44699860 258.31799316 0.906778 -0.421606 -0.001297
33.49599838 -44.74700165 258.61801147 0.958460 -0.282926 0.036145
33.59799957 -44.44699860 258.61801147 0.936060 -0.335365 0.106401
33.71799850 -44.25000000 258.31799316 -0.000978 -0.000978 0.999999
33.70299911 -44.14699936 258.61801147 0.921179 -0.359246 0.149569
39.71799850 -51.01900101 273.31799316 0.527412 0.713753 -0.460861
39.74399948 -51.04700089 273.31799316 0.495826 0.742916 -0.449703
40.01800156 -51.22399902 273.31799316 0.423672 0.800627 -0.423672
41.51800156 -52.40200043 272.41799927 0.470633 0.830252 -0.298641
41.51800156 -52.51699829 272.11801147 0.478766 0.828093 -0.291626
43.01800156 -53.22100067 272.11801147 0.214153 0.926105 -0.310593
43.01800156 -53.39300156 271.81799316 0.242049 0.889493 -0.387575
42.71799850 -53.24900055 271.81799316 0.381421 0.851580 -0.359625
42.71799850 -53.38600159 271.51800537 0.301661 0.886973 -0.349686
43.01800156 -53.47800064 271.51800537 0.183204 0.940815 -0.285137
37.01800156 -56.14699936 255.62899780 0.019335 0.375096 0.926784
36.71799850 -56.14699936 255.62199402 -0.011785 0.425578 0.904845
37.01800156 -55.84700012 255.49699402 -0.014438 0.426574 0.904337
36.71799850 -55.84700012 255.49499512 -0.024913 0.405161 0.913906
33.85300064 -53.14699936 255.31799316 0.989039 0.111194 -0.097148
33.84299850 -52.84700012 255.31799316 0.995757 0.069318 -0.060516
33.88600159 -53.14699936 255.61799622 0.986949 0.140319 -0.079003
33.85499954 -52.84700012 255.61799622 0.993127 0.110347 -0.039012
33.98699951 -51.94699860 256.51800537 0.984876 -0.062513 -0.161590
34.04700089 -51.34700012 258.01800537 0.992110 -0.041666 0.118242
34.11600113 -51.04700089 258.01800537 0.970295 -0.222753 0.094387
34.06000137 -50.74700165 258.31799316 0.905172 0.225929 0.360028
33.94100189 -50.44699860 258.31799316 0.898461 0.267910 0.347839
33.90999985 -50.74700165 258.61801147 0.947358 0.152278 0.281647
33.85599899 -50.44699860 258.61801147 0.981834 0.132944 0.135383
33.88700104 -50.74700165 258.91799927 0.993880 0.108483 0.020820
33.85900116 -50.44699860 258.91799927 0.994860 0.089438 -0.047479
33.89799881 -50.74700165 259.21798706 0.998097 0.047629 -0.039162
33.88399887 -50.44699860 259.21798706 0.995757 0.060516 -0.069318
33.90999985 -50.74700165 259.51800537 0.992944 0.080387 -0.087180
33.90100098 -50.44699860 259.51800537 0.994169 0.081636 -0.070453
33.95000076 -50.74700165 259.81799316 0.993137 0.080402 -0.084932
33.92599869 -50.44699860 259.81799316 0.993561 0.093393 -0.064137
33.96099854 -50.74700165 260.11801147 0.996504 0.080450 -0.022526
33.93999863 -50.44699860 260.11801147 0.995916 0.087399 -0.022659
33.96300125 -50.74700165 260.41799927 0.994644 0.083350 -0.061123
33.93899918 -50.44699860 260.41799927 0.995428 0.062974 -0.071812
33.90900040 -50.14699936 260.11801147 0.996956 0.057247 -0.052926
33.90599823 -49.84700012 260.11801147 0.990971 0.074639 -0.111384
42.11800003 -43.84700012 250.14700317 0.057798 0.404586 0.912671
42.41799927 -43.84700012 250.15600586 -0.014436 0.421260 0.906825
33.92499924 -50.14699936 260.41799927 0.998858 0.021782 -0.042527
42.11800003 -44.14699936 250.29899597 0.058195 0.426313 0.902702
33.92599869 -49.84700012 260.41799927 0.997475 0.064937 -0.028743
42.41799927 -44.14699936 250.28300476 0.035828 0.415336 0.908962
33.93399811 -50.14699936 260.71798706 0.994654 0.099575 -0.027356
33.92300034 -49.84700012 260.71798706 0.997002 0.077017 -0.007385
33.94100189 -50.14699936 261.01800537 0.998267 0.053648 -0.024194
33.93000031 -49.84700012 261.01800537 0.998128 -0.001036 -0.061152
33.95700073 -49.54700089 261.31799316 0.995736 0.083978 -0.038172
33.90999985 -49.24700165 261.31799316 0.984091 0.121955 -0.129200
33.96500015 -49.54700089 261.61801147 0.998901 0.042528 -0.019708
33.94800186 -49.24700165 261.61801147 0.994348 0.081467 -0.068075
34.61800003 -54.04700089 254.77200317 0.058965 0.344618 0.936889
34.61800003 -53.91799927 254.71800232 0.999999 0.000978 0.000978
34.31800079 -54.04700089 254.77999878 0.087588 0.367871 0.925742
34.61800003 -54.34700012 254.86399841 0.070412 0.357376 0.931303
34.31800079 -54.34700012 254.92700195 0.193026 0.440570 0.876720
33.96900177 -49.54700089 261.91799927 0.996295 0.077140 -0.038027
33.95100021 -49.24700165 261.91799927 0.997795 0.065961 -0.007329
33.98799896 -49.54700089 262.21798706 0.992612 0.111289 -0.048338
33.95299911 -49.24700165 262.21798706 0.990823 0.129925 -0.037283
34.00799942 -54.04700089 255.01800537 0.850172 0.501232 0.161163
34.01800156 -54.06399918 255.01800537 0.850172 0.501232 0.161163
33.92699814 -48.94699860 262.51800537 0.992409 0.094569 -0.078618
33.91600037 -48.64699936 262.51800537 0.998901 0.019708 -0.042528
33.95800018 -48.94699860 262.81799316 0.994147 0.047870 -0.096854
33.94100189 -48.64699936 262.81799316 0.987803 0.073822 -0.137097
34.06900024 -48.94699860 264.31799316 0.996616 0.042294 -0.070490
34.06299973 -48.64699936 264.31799316 0.994113 0.068366 -0.084057
34.09500122 -48.94699860 264.61801147 0.996907 0.026770 -0.073885
34.08000183 -48.64699936 264.61801147 0.990882 0.120280 -0.060713
34.04199982 -48.34700012 264.91799927 0.992319 0.105469 -0.064643
34.03699875 -48.04700089 264.91799927 0.997248 0.041865 -0.061187
34.06100082 -48.34700012 265.21798706 0.994856 0.095427 -0.034003
34.05400085 -48.04700089 265.21798706 0.999339 0.027674 -0.023574
34.04600143 -47.74700165 265.51800537 0.998152 0.055745 -0.024191
34.01800156 -47.44699860 265.51800537 0.993801 0.079729 -0.077483
34.06000137 -47.74700165 265.81799316 0.996417 0.082588 -0.018234
34.04700089 -47.44699860 265.81799316 0.997110 0.075074 -0.011631
34.05699921 -47.74700165 266.11801147 0.990168 0.138241 -0.021354
34.02500153 -47.44699860 266.11801147 0.997818 0.065825 -0.005224
34.07300186 -47.74700165 266.41799927 0.994269 0.085924 -0.063606
34.04999924 -47.44699860 266.41799927 0.990629 0.074960 -0.114170
34.01699829 -47.14699936 266.11801147 0.999730 -0.013115 -0.019167
34.03300095 -46.84700012 266.11801147 0.999396 0.025573 -0.023527
34.02700043 -47.14699936 266.41799927 0.996834 0.028972 -0.074038
34.03300095 -46.84700012 266.41799927 0.998255 0.003103 -0.058964
34.09500122 -47.74700165 266.71798706 0.996645 0.029091 -0.076499
34.09400177 -47.44699860 266.71798706 0.996387 0.055536 -0.064248
34.11899948 -47.74700165 267.01800537 0.994888 0.063220 -0.078748
34.08800125 -47.44699860 267.01800537 0.995200 0.058541 -0.078423
34.06200027 -47.14699936 266.71798706 0.994633 0.043149 -0.094042
34.06800079 -46.84700012 266.71798706 0.995098 0.072109 -0.067671
34.08399963 -47.14699936 267.01800537 0.997891 0.024287 -0.060190
34.07400131 -46.84700012 267.01800537 0.991021 0.132656 -0.016721
34.09799957 -47.14699936 267.31799316 0.992023 0.103644 -0.071754
34.07799911 -46.84700012 267.31799316 0.981749 0.189379 -0.017428
34.12699890 -47.14699936 267.61801147 0.993487 0.089087 -0.071044
34.08499908 -46.84700012 267.61801147 0.985683 0.160188 -0.052617
33.98300171 -46.54700089 267.31799316 0.992015 0.118231 -0.043914
34.00799942 -46.24700165 267.31799316 0.999122 -0.038072 0.017492
34.02999878 -46.54700089 267.61801147 0.973185 0.171291 -0.153527
33.97900009 -46.24700165 267.61801147 0.999271 -0.013296 -0.035798
34.14099884 -47.14699936 267.91799927 0.996522 0.070483 -0.044459
34.11000061 -46.84700012 267.91799927 0.991613 0.104079 -0.076630
34.15399933 -47.14699936 268.21798706 0.997154 0.069619 -0.028919
34.13100052 -46.84700012 268.21798706 0.994482 0.083523 -0.063478
34.07799911 -46.54700089 267.91799927 0.983703 0.131886 -0.122207
34.02899933 -46.24700165 267.91799927 0.976217 0.126246 -0.176244
34.10400009 -46.54700089 268.21798706 0.991138 0.072354 -0.111403
34.08700180 -46.24700165 268.21798706 0.980134 0.136506 -0.143884
34.14599991 -46.54700089 268.51800537 0.993898 0.052428 -0.097047
34.11700058 -46.24700165 268.51800537 0.995324 0.092664 -0.027254
34.16299820 -46.54700089 268.81799316 0.995981 0.088793 -0.011768
34.10400009 -46.24700165 268.81799316 0.995666 0.092843 -0.005336
51.02399826 -46.84700012 266.41799927 -0.989090 -0.096924 0.110937
51.04199982 -47.14699936 266.41799927 -0.998599 0.005163 0.052667
50.98300171 -46.84700012 266.11801147 -0.993777 -0.111381 -0.001081
51.02899933 -47.14699936 266.11801147 -0.992090 -0.101373 0.074037
42.11800003 -44.44699860 250.42999268 -0.014126 0.371132 0.928473
42.41799927 -44.44699860 250.42900085 0.032820 0.389901 0.920272
34.15299988 -46.54700089 269.11801147 0.997847 0.064140 -0.013669
34.11999893 -46.24700165 269.11801147 0.984674 0.106743 -0.137926
34.17100143 -46.54700089 269.41799927 0.998469 -0.007243 -0.054838
34.18700027 -46.24700165 269.41799927 0.994000 0.005408 -0.109243
34.17100143 -45.94699860 270.31799316 0.995910 0.083809 -0.033741
34.14699936 -45.64699936 270.31799316 0.997132 0.075076 0.009517
34.19300079 -45.94699860 270.61801147 0.990852 0.128255 -0.041995
34.14599991 -45.64699936 270.61801147 0.992115 0.109983 -0.060094
50.86399841 -46.24700165 264.61801147 -0.999382 -0.031645 -0.015312
50.86600113 -46.54700089 264.61801147 -0.988852 -0.135634 0.061441
50.88600159 -46.24700165 264.31799316 -0.991878 -0.118484 0.046265
50.88199997 -46.54700089 264.31799316 -0.998384 0.024146 0.051441
50.79999924 -45.64699936 263.41799927 -0.993127 -0.110347 0.039012
50.80899811 -45.94699860 263.41799927 -0.997802 -0.022220 0.062429
50.75400162 -45.64699936 263.11801147 -0.983294 -0.082842 0.162081
50.78200150 -45.94699860 263.11801147 -0.982396 -0.115362 0.146934
42.71799850 -44.74700165 250.53599548 0.011616 0.391087 0.920280
43.01800156 -44.74700165 250.52999878 0.024879 0.402000 0.915302
50.71200180 -45.04700089 262.21798706 -0.996331 -0.051178 0.068600
50.68099976 -45.34700012 262.21798706 -0.999241 -0.009205 0.037842
50.66699982 -45.04700089 261.91799927 -0.981552 -0.068313 0.178573
50.67200089 -45.34700012 261.91799927 -0.982373 0.005731 0.186846
50.58800125 -45.64699936 261.61801147 -0.980662 -0.153420 0.121509
50.66299820 -45.94699860 261.61801147 -0.971313 -0.237800 0.001183
50.59000015 -45.64699936 261.31799316 -0.986045 -0.161437 -0.040650
50.68399811 -45.94699860 261.31799316 -0.976528 -0.205521 -0.064453
50.60300064 -45.04700089 261.61801147 -0.992481 0.009892 0.121999
50.56900024 -45.34700012 261.61801147 -0.989614 0.026013 0.141374
50.59400177 -45.04700089 261.31799316 -0.999156 -0.019591 -0.036089
50.58700180 -45.34700012 261.31799316 -0.995414 0.007500 -0.095363
50.61299896 -45.64699936 261.01800537 -0.991274 -0.128810 -0.028002
50.70199966 -45.94699860 261.01800537 -0.990473 -0.126808 0.053693
50.60599899 -45.64699936 260.71798706 -0.996348 -0.066569 0.053473
42.71799850 -44.44699860 250.40899658 0.035627 0.397170 0.917053
50.65200043 -45.94699860 260.71798706 -0.985471 -0.035983 0.165986
43.01800156 -44.44699860 250.40499878 0.014072 0.367159 0.930052
50.62500000 -45.04700089 261.01800537 -0.997225 -0.035423 0.065480
50.62599945 -45.34700012 261.01800537 -0.998905 0.019668 -0.042441
50.55500031 -45.04700089 260.71798706 -0.992747 -0.109056 0.050593
50.61199951 -45.34700012 260.71798706 -0.993168 -0.084741 0.080222
43.31800079 -44.74700165 250.52000427 0.019701 0.413723 0.910190
34.32199860 -47.14699936 271.51800537 0.998885 0.046292 0.009258
34.31800079 -47.07199860 271.51800537 0.000978 0.000978 0.999999
43.61800003 -44.74700165 250.51699829 0.027325 0.378643 0.925139
43.31800079 -44.44699860 250.39999390 0.014172 0.382655 0.923783
43.61800003 -44.44699860 250.39500427 -0.003843 0.383066 0.923713
43.31800079 -45.34700012 250.80000305 0.024500 0.367497 0.929702
43.61800003 -45.34700012 250.77600098 0.071485 0.395189 0.915814
43.31800079 -45.04700089 250.67300415 0.041481 0.421496 0.905881
43.61800003 -45.04700089 250.63999939 0.074351 0.396090 0.915197
43.91799927 -45.34700012 250.75399780 0.038459 0.404484 0.913736
44.21799850 -45.34700012 250.75000000 0.003822 0.370729 0.928733
43.91799927 -45.04700089 250.62500000 0.006430 0.387071 0.922027
44.21799850 -45.04700089 250.63499451 0.016805 0.381346 0.924280
44.51800156 -45.34700012 250.75100708 -0.014308 0.404527 0.914414
44.81800079 -45.34700012 250.75900269 0.041644 0.436587 0.898698
44.51800156 -45.04700089 250.61399841 0.052181 0.402728 0.913831
44.81800079 -45.04700089 250.60099792 0.006549 0.436168 0.899842
43.91799927 -45.94699860 251.01899719 0.047175 0.435358 0.899021
44.21799850 -45.94699860 251.01300049 0.006580 0.443515 0.896243
43.91799927 -45.64699936 250.88999939 0.035724 0.403545 0.914262
44.21799850 -45.64699936 250.87399292 0.014323 0.402348 0.915375
44.51800156 -45.94699860 251.01400757 0.006439 0.390178 0.920717
44.81800079 -45.94699860 251.00799561 0.011520 0.372469 0.927973
44.51800156 -45.64699936 250.88000488 -0.030217 0.400705 0.915709
44.81800079 -45.64699936 250.89300537 0.040809 0.383079 0.922813
42.11800003 -56.67499924 263.41799927 0.353844 0.849538 -0.391255
42.41799927 -56.80599976 263.41799927 0.291524 0.865413 -0.407522
42.41799927 -56.95600128 263.11801147 0.231399 0.876331 -0.422490
42.11800003 -56.86999893 263.11801147 0.369206 0.876674 -0.308431
42.11800003 -56.94699860 262.81799316 0.424562 0.859852 -0.283552
42.41799927 -57.09500122 262.81799316 0.374322 0.844182 -0.383719
45.71799850 -46.54700089 251.22900391 0.014361 0.408639 0.912583
46.01800156 -46.54700089 251.23599243 -0.003807 0.366788 0.930297
42.41799927 -57.22900009 262.51800537 0.369601 0.835142 -0.407348
42.11800003 -57.06700134 262.51800537 0.390636 0.839318 -0.378085
46.01800156 -46.24700165 251.12800598 0.011563 0.376455 0.926363
42.71799850 -57.21300125 262.81799316 0.342732 0.875870 -0.339685
42.71799850 -57.33000183 262.51800537 0.301661 0.886973 -0.349686
43.61800003 -57.05500031 262.81799316 -0.999999 0.000978 0.000978
43.61800003 -57.21099854 262.51800537 -0.443362 0.794827 -0.414342
45.71799850 -46.24700165 251.10099792 -0.024500 0.367497 0.929702
43.31800079 -57.39799881 262.51800537 -0.466723 0.747086 -0.473320
43.65399933 -57.34700012 262.21798706 -0.534202 0.795787 -0.285223
43.31800079 -57.58800125 262.21798706 -0.999999 -0.000978 -0.000978
43.61800003 -57.42399979 261.91799927 -0.702440 -0.664384 0.255288
43.31800079 -57.61999893 261.91799927 -0.999999 -0.000978 -0.000978
46.31800079 -46.54700089 251.23199463 0.058262 0.424095 0.903742
46.61800003 -46.54700089 251.19700623 0.061119 0.430553 0.900494
34.61800003 -53.14699936 254.41099548 0.067907 0.366167 0.928068
34.31800079 -52.84700012 254.27200317 0.143564 0.474196 0.868635
34.61800003 -52.84700012 254.28900146 0.027775 0.416631 0.908651
34.31800079 -53.14699936 254.43200684 0.216912 0.368314 0.904043
45.71799850 -46.84700012 251.36999512 0.016990 0.406444 0.913518
46.01800156 -46.84700012 251.36399841 -0.008960 0.372479 0.927997
45.71799850 -47.14699936 251.49600220 0.051692 0.385701 0.921175
46.01800156 -47.14699936 251.47700500 0.027259 0.377734 0.925513
34.31800079 -53.74700165 254.68899536 0.147156 0.287562 0.946390
34.61800003 -53.74700165 254.64199829 0.108300 0.376993 0.919863
34.31800079 -53.44699860 254.50700378 -0.060905 0.242378 0.968268
34.61800003 -53.44699860 254.52600098 0.019242 0.360459 0.932576
46.31800079 -46.84700012 251.37500000 0.016805 0.381346 0.924280
46.61800003 -46.84700012 251.35299683 0.052608 0.427610 0.902431
46.31800079 -47.14699936 251.47900391 -0.003778 0.346286 0.938121
46.61800003 -47.14699936 251.47999573 0.001291 0.409130 0.912475
46.91799927 -46.84700012 251.33999634 0.038864 0.430181 0.901906
47.21799850 -46.84700012 251.32699585 -0.006456 0.396403 0.918054
46.91799927 -47.14699936 251.47799683 0.024872 0.396639 0.917638
47.21799850 -47.14699936 251.46299744 0.035578 0.393988 0.918427
37.01800156 -37.75199890 267.61801147 0.619886 -0.753495 0.219057
36.71799850 -37.93799973 267.61801147 0.493802 -0.797435 0.346780
37.01800156 -37.83900070 267.31799316 0.999999 -0.000978 -0.000978
36.71799850 -38.06800079 267.31799316 0.667673 -0.683761 0.294420
36.11800003 -38.34299850 267.61801147 0.879072 -0.428418 0.209021
36.41799927 -38.27099991 267.31799316 0.999999 0.000978 0.000978
34.91799927 -53.14699936 254.38800049 0.043293 0.371269 0.927516
35.21799850 -53.14699936 254.38299561 0.006500 0.417317 0.908738
34.91799927 -52.84700012 254.25399780 0.086763 0.422798 0.902061
36.11800003 -38.48899841 267.31799316 0.999999 0.000978 0.000978
35.21799850 -52.84700012 254.23199463 0.049732 0.423392 0.904581
36.41799927 -38.12400055 267.61801147 0.999999 -0.000978 -0.000978
50.73199844 -40.84700012 268.51800537 -0.993956 -0.081987 0.073002
50.75699997 -41.14699936 268.51800537 -0.991522 -0.097433 0.085970
35.81800079 -56.44699860 255.81500244 0.038221 0.723373 0.689399
35.51800156 -56.47999954 256.21798706 0.394200 0.863559 -0.314440
35.81800079 -56.63000107 256.21798706 0.436898 0.784468 -0.440147
50.70999908 -40.84700012 268.21798706 -0.992496 -0.105248 0.062243
50.73400116 -41.14699936 268.21798706 -0.992515 -0.098910 0.071625
50.69400024 -40.84700012 267.91799927 -0.994644 -0.061123 0.083350
50.71400070 -41.14699936 267.91799927 -0.996770 -0.048702 0.063854
36.71699905 -56.74700165 255.91799927 0.001299 0.424733 0.905318
50.77000046 -41.44699860 268.21798706 -0.991431 -0.065181 0.113208
37.01800156 -57.04199982 256.21798706 0.078093 0.973060 0.216924
50.77399826 -41.74700165 268.21798706 -0.979251 -0.031971 0.200113
50.72299957 -41.44699860 267.91799927 -0.996853 -0.022485 0.076022
50.72800064 -41.74700165 267.91799927 -0.994879 -0.020659 0.098944
50.72399902 -41.44699860 267.61801147 -0.996081 -0.029265 0.083458
50.71400070 -41.74700165 267.61801147 -0.996509 -0.001057 0.083483
50.67300034 -41.44699860 267.31799316 -0.993255 -0.050504 0.104376
50.67800140 -41.74700165 267.31799316 -0.995700 -0.056111 0.073715
37.91799927 -57.34700012 256.19799805 0.217345 0.973756 0.067537
38.21799850 -57.34700012 256.11199951 0.131149 0.477037 0.869043
37.91799927 -57.04700089 256.01599121 0.062318 0.281067 0.957663
38.21799850 -57.04700089 255.97700500 0.048788 0.378439 0.924340
50.81800079 -43.24700165 267.01800537 -0.993736 -0.111619 0.005418
50.84700012 -43.54700089 267.01800537 -0.994173 -0.096640 -0.047765
50.81900024 -43.24700165 266.71798706 -0.992022 -0.124970 -0.016589
50.84199905 -43.54700089 266.71798706 -0.986665 -0.001122 0.162760
50.78499985 -43.84700012 266.41799927 -0.989082 -0.106517 0.101835
50.81399918 -44.14699936 266.41799927 -0.993399 -0.101916 0.052638
50.75699997 -43.84700012 266.11801147 -0.991045 -0.131020 0.025756
50.80099869 -44.14699936 266.11801147 -0.993599 -0.097456 0.057129
40.01800156 -58.24700165 256.48800659 0.375515 0.726434 0.575571
50.77000046 -43.84700012 265.81799316 -0.996504 -0.080450 -0.022526
50.77999878 -44.14699936 265.81799316 -0.995560 -0.049394 -0.080128
50.77000046 -43.84700012 265.51800537 -0.975188 -0.216306 0.047128
40.01800156 -58.33900070 256.81799316 0.442883 0.853585 0.274312
50.84899902 -44.14699936 265.51800537 -0.996222 -0.079134 -0.035773
39.83599854 -58.24700165 256.81799316 -0.000978 -0.000978 0.999999
39.71799850 -58.19599915 256.81799316 0.335943 0.940380 0.053180
50.74100113 -43.84700012 265.21798706 -0.990793 -0.095734 0.095734
50.80099869 -44.14699936 265.21798706 -0.961390 -0.123589 0.245876
50.71300125 -43.84700012 264.91799927 -0.993551 0.086640 0.073138
50.69599915 -44.14699936 264.91799927 -0.989527 -0.089745 0.113056
50.79899979 -44.44699860 265.81799316 -0.997710 -0.067624 -0.001040
50.81999969 -44.74700165 265.81799316 -0.993983 -0.081805 0.072840
50.81700134 -44.44699860 265.51800537 -0.996383 0.078975 -0.031374
50.80099869 -44.74700165 265.51800537 -0.999917 0.000991 0.012883
48.11800003 -47.74700165 251.72000122 0.006509 0.420452 0.907291
50.81800079 -45.04700089 264.61801147 -0.995857 -0.077784 0.047109
50.84299850 -45.34700012 264.61801147 -0.999004 -0.036309 0.025935
50.78900146 -45.04700089 264.31799316 -0.989761 -0.063372 0.127897
50.81100082 -45.34700012 264.31799316 -0.992176 -0.046174 0.115998
50.84000015 -45.64699936 264.61801147 -0.998212 -0.007286 0.059331
50.84700012 -45.94699860 264.61801147 -0.996024 -0.040276 0.079464
50.81700134 -45.64699936 264.31799316 -0.995277 -0.001067 0.097074
50.81100082 -45.94699860 264.31799316 -0.990000 -0.114632 0.082211
50.78200150 -45.64699936 264.01800537 -0.996938 -0.042124 0.065886
50.79800034 -45.94699860 264.01800537 -0.995918 -0.089171 -0.013966
50.77700043 -45.64699936 263.71798706 -0.992997 -0.114278 -0.029956
50.81999969 -45.94699860 263.71798706 -0.995814 -0.089548 -0.018341
50.83599854 -46.24700165 264.01800537 -0.993758 -0.061620 0.092990
50.83499908 -46.54700089 264.01800537 -0.992816 -0.018774 0.118166
50.83100128 -46.24700165 263.71798706 -0.999201 0.017458 0.035942
50.81000137 -46.54700089 263.71798706 -0.999708 -0.023109 0.007033
50.81399918 -46.24700165 263.41799927 -0.999296 -0.035799 0.011251
50.83100128 -46.54700089 263.41799927 -0.994423 -0.043140 -0.096235
50.82400131 -46.24700165 263.11801147 -0.987547 -0.141412 0.068953
50.86800003 -46.54700089 263.11801147 -0.995215 -0.088878 0.040599
50.84000015 -46.84700012 263.41799927 -0.994886 -0.085213 -0.054226
50.88199997 -47.14699936 263.41799927 -0.994837 -0.047584 -0.089635
50.87699890 -46.84700012 263.11801147 -0.995386 -0.084690 0.045095
50.91799927 -47.14699936 263.11801147 -0.990635 -0.126537 0.051299
48.41799927 -47.74700165 251.70100403 0.024665 0.377759 0.925575
48.11800003 -47.44699860 251.56799316 -0.006557 0.434043 0.900868
48.41799927 -47.44699860 251.57000732 0.024979 0.411494 0.911070
50.81299973 -46.84700012 262.81799316 -0.981040 -0.073428 0.179356
50.85200119 -47.14699936 262.81799316 -0.960967 -0.180593 0.209594
50.76800156 -46.84700012 262.51800537 -0.998446 -0.054951 0.009331
50.78799820 -47.14699936 262.51800537 -0.987392 -0.137366 0.078663
50.92499924 -47.44699860 262.81799316 -0.985231 -0.003401 0.171197
50.85400009 -47.74700165 262.81799316 -0.965873 0.100798 0.238597
50.85100174 -47.44699860 262.51800537 -0.979755 -0.005784 0.200115
50.79100037 -47.74700165 262.51800537 -0.997991 0.001038 0.063348
48.11800003 -48.34700012 251.96299744 0.063114 0.393458 0.917174
48.41799927 -48.34700012 251.96099854 0.014327 0.407667 0.913018
48.11800003 -48.04700089 251.84599304 0.051470 0.376126 0.925138
48.41799927 -48.04700089 251.81500244 0.014270 0.398259 0.917162
50.80699921 -47.44699860 262.21798706 -0.992848 -0.018733 0.117908
50.81600189 -47.74700165 262.21798706 -0.995424 -0.060629 -0.073858
50.77999878 -47.44699860 261.91799927 -0.990713 -0.128531 0.044360
50.83499908 -47.74700165 261.91799927 -0.993965 -0.095036 -0.054785
50.84400177 -48.04700089 262.21798706 -0.994616 -0.101536 0.020744
50.87699890 -48.34700012 262.21798706 -0.992944 -0.087180 0.080387
50.83700180 -48.04700089 261.91799927 -0.999627 -0.027126 -0.003014
50.85100174 -48.34700012 261.91799927 -0.993920 -0.103049 0.038782
50.84600067 -48.04700089 261.61801147 -0.999948 -0.008902 0.004945
50.85400009 -48.34700012 261.61801147 -0.996295 -0.077140 -0.038027
50.83399963 -48.04700089 261.31799316 -0.997747 -0.054306 -0.039399
50.87400055 -48.34700012 261.31799316 -0.999324 -0.021568 -0.029785
50.89300156 -48.64699936 261.61801147 -0.986954 -0.135928 0.086285
50.93700027 -48.94699860 261.61801147 -0.993635 -0.038944 0.105706
50.84700012 -48.64699936 261.31799316 -0.997457 -0.048212 0.052498
50.90299988 -48.94699860 261.31799316 -0.986077 -0.129967 0.103735
50.86199951 -48.64699936 261.01800537 -0.999884 -0.002985 0.014924
50.87400055 -48.94699860 261.01800537 -0.994050 -0.088335 0.063735
50.83800125 -48.64699936 260.71798706 -0.992991 -0.068911 0.096023
50.86500168 -48.94699860 260.71798706 -0.997522 -0.041697 0.056665
50.91500092 -49.24700165 261.01800537 -0.987495 -0.119446 0.102889
50.94599915 -49.54700089 261.01800537 -0.998652 -0.026088 0.044872
50.86299896 -49.24700165 260.71798706 -0.966009 -0.055946 0.252381
50.89899826 -49.54700089 260.71798706 -0.974096 -0.139877 0.177681
50.90499878 -50.44699860 259.21798706 -0.993672 -0.088902 0.068646
50.92200089 -50.74700165 259.21798706 -0.985209 -0.017164 0.170495
50.87799835 -50.44699860 258.91799927 -0.994124 0.059267 0.090578
50.84299850 -50.74700165 258.91799927 -0.988709 -0.063750 0.135614
50.91500092 -51.04700089 259.21798706 -0.997548 -0.001045 0.069985
50.92300034 -51.34700012 259.21798706 -0.988298 -0.136197 0.068680
50.91600037 -51.04700089 258.91799927 -0.989531 -0.136448 0.047011
50.92499924 -51.34700012 258.91799927 -0.997321 -0.065205 0.033137
50.88600159 -51.04700089 258.61801147 -0.992372 -0.103443 0.067067
50.90299988 -51.34700012 258.61801147 -0.998544 -0.026195 0.047151
50.87500000 -51.04700089 258.31799316 -0.998399 -0.038926 0.041030
50.89699936 -51.34700012 258.31799316 -0.998835 -0.026038 0.040620
50.90200043 -51.64699936 258.61801147 -0.993423 -0.043483 0.105921
50.92900085 -51.94699860 258.61801147 -0.993920 -0.092796 -0.059255
50.89099884 -51.64699936 258.31799316 -0.992232 -0.124166 0.007692
50.97100067 -51.94699860 258.31799316 -0.982616 -0.178550 0.050845
50.95800018 -52.24700165 258.61801147 -0.996657 -0.061951 -0.053256
50.96599960 -52.54700089 258.61801147 -0.998883 0.030143 -0.036380
50.99800110 -52.24700165 258.31799316 -0.995516 -0.076069 -0.056225
51.01699829 -52.54700089 258.31799316 -0.989276 -0.122061 -0.080212
50.89699936 -51.64699936 258.01800537 -0.999414 -0.033483 0.007102
50.89899826 -51.94699860 258.01800537 -0.984354 -0.158306 0.077368
50.88700104 -51.64699936 257.71798706 -0.991388 -0.121510 0.048831
50.92399979 -51.94699860 257.71798706 -0.994208 -0.105860 0.018553
33.75099945 -40.54700089 268.51800537 0.957306 -0.240322 0.160657
50.91500092 -52.84700012 257.41799927 -0.975961 -0.020160 0.217012
50.94699860 -53.14699936 257.41799927 -0.987397 0.014737 0.157575
50.85800171 -52.84700012 257.11801147 -0.993598 0.011997 0.112339
50.90000153 -53.14699936 257.11801147 -0.990110 -0.070475 0.121309
50.84799957 -52.84700012 256.81799316 -0.997713 0.020102 -0.064539
50.87400055 -53.14699936 256.81799316 -0.990653 -0.130498 -0.039717
50.89699936 -52.84700012 256.51800537 -0.990143 -0.134968 0.037428
50.92399979 -53.14699936 256.51800537 -0.993511 -0.107677 -0.036632
50.92699814 -53.44699860 256.81799316 -0.994030 -0.041094 -0.101069
50.89899826 -53.74700165 256.81799316 -0.986110 0.153969 -0.062293
50.96099854 -53.44699860 256.51800537 -0.999916 -0.006951 -0.010923
50.92800140 -53.74700165 256.51800537 -0.973694 0.227785 -0.005901
50.83300018 -54.04700089 256.81799316 -0.927432 0.340661 -0.154340
50.82099915 -54.04700089 256.51800537 -0.946828 0.321446 0.013758
50.93299866 -53.44699860 256.21798706 -0.995555 -0.011813 0.093434
50.90299988 -53.74700165 256.21798706 -0.983281 0.177390 0.041117
50.90499878 -53.44699860 255.91799927 -0.999720 0.023109 0.005024
50.90299988 -53.74700165 255.91799927 -0.999639 0.009097 -0.025269
50.82500076 -54.04700089 256.21798706 -0.966705 0.222098 -0.127097
50.76599884 -54.34700012 256.21798706 -0.973673 0.210154 -0.088290
50.89899826 -54.04700089 255.91799927 -0.975001 0.197989 -0.100862
50.81800079 -54.26499939 255.91799927 -0.000978 -0.000978 -0.999999
50.78099823 -54.34700012 255.91799927 -0.928440 0.369548 -0.037869
50.51800156 -54.62799835 256.21798706 -0.962840 0.248102 -0.106697
50.54999924 -54.64699936 255.91799927 -0.924159 0.365556 -0.110899
50.51800156 -54.67599869 255.91799927 -0.924159 0.365556 -0.110899
50.88700104 -54.04700089 255.61799622 -0.983105 0.177783 0.043563
50.81800079 -54.27799988 255.61799622 -0.943430 0.282619 -0.173395
50.87200165 -54.04700089 255.31799316 -0.994762 0.070022 0.074468
50.81800079 -54.34700012 255.50500488 -0.952974 0.257958 -0.159052
50.84899902 -54.34700012 255.31799316 -0.990378 0.107725 -0.086875
35.51800156 -53.14699936 254.38400269 0.052335 0.414651 0.908474
35.81800079 -53.14699936 254.34899902 0.061427 0.443637 0.894099
35.51800156 -52.84700012 254.22099304 0.041318 0.411842 0.910318
35.81800079 -52.84700012 254.20500183 -0.006482 0.405769 0.913953
49.61800003 -40.09099960 263.41799927 -0.376169 -0.856055 0.354496
49.31800079 -39.97900009 263.41799927 -0.359074 -0.861470 0.359074
49.61800003 -40.24399948 263.11801147 -0.425099 -0.829655 0.361888
49.31800079 -40.07600021 263.11801147 -0.437612 -0.864625 0.246819
35.51800156 -52.54700089 254.11399841 0.030339 0.410231 0.911477
35.81800079 -52.54700089 254.08299255 0.054832 0.397197 0.916094
35.51800156 -52.24700165 253.95199585 0.003953 0.457196 0.889357
35.81800079 -52.24700165 253.94500732 -0.016858 0.392924 0.919416
38.51800156 -41.96400070 254.71800232 0.674265 -0.634699 0.377522
38.21799850 -41.70100021 255.61799622 0.460335 -0.858789 0.224885
38.28499985 -41.74700165 255.31799316 0.479660 -0.845115 0.236023
34.26900101 -44.44699860 270.91799927 0.856294 -0.198756 -0.476715
34.19900131 -44.74700165 270.91799927 0.922232 -0.155338 -0.354059
34.21400070 -46.54700089 270.31799316 0.997009 0.069758 -0.033269
34.19800186 -46.24700165 270.31799316 0.995448 0.071655 -0.062836
34.23199844 -46.54700089 270.61801147 0.996496 0.033468 -0.076654
34.22399902 -46.24700165 270.61801147 0.992817 0.064527 -0.100753
34.18600082 -46.54700089 269.71798706 0.996065 0.055762 -0.068883
34.18500137 -46.24700165 269.71798706 0.998623 0.052451 0.001028
34.21200180 -46.54700089 270.01800537 0.995488 0.082317 -0.047195
34.18600082 -46.24700165 270.01800537 0.997668 0.064536 -0.022217
36.11800003 -52.54700089 254.07800293 0.001286 0.399807 0.916599
36.41799927 -52.54700089 254.08299255 0.014380 0.411789 0.911166
36.11800003 -52.24700165 253.96299744 -0.008913 0.365441 0.930792
36.41799927 -52.24700165 253.95100403 -0.003901 0.422597 0.906309
33.86399841 -45.34700012 266.11801147 0.991076 0.107050 -0.079424
33.82500076 -45.04700089 266.11801147 0.997753 0.062426 0.024335
33.90700150 -45.34700012 266.41799927 0.989268 0.092269 -0.113293
33.84799957 -45.04700089 266.41799927 0.982788 0.153523 -0.102752
33.87500000 -45.34700012 265.51800537 0.999917 -0.012883 -0.000991
33.86000061 -45.04700089 265.51800537 0.996020 0.088606 -0.009608
33.85900116 -45.34700012 265.81799316 0.999757 0.011053 0.019091
33.86199951 -45.04700089 265.81799316 0.998125 0.019984 0.057847
35.51800156 -43.23799896 257.11801147 0.580536 -0.742245 0.334738
35.81800079 -42.98400116 257.11801147 0.999999 0.000978 0.000978
35.51800156 -43.06700134 257.41799927 0.577404 -0.751108 0.320065
35.21799850 -43.54100037 256.81799316 0.999999 -0.000978 -0.000978
35.51800156 -43.42900085 256.51800537 0.552202 -0.773083 0.312114
35.81800079 -43.23899841 256.51800537 0.641473 -0.705781 0.300640
35.51800156 -43.32400131 256.81799316 0.999999 0.000978 0.000978
35.81800079 -43.11899948 256.81799316 0.625429 -0.718680 0.303871
35.81800079 -43.49800110 255.91799927 0.999999 -0.000978 -0.000978
35.81800079 -43.37400055 256.21798706 0.637041 -0.708003 0.304812
35.95500183 -43.24700165 256.21798706 0.000978 0.000978 0.999999
36.11800003 -42.99900055 256.51800537 0.461509 -0.830715 0.311323
36.11800003 -43.20899963 255.91799927 0.636150 -0.716270 0.286828
36.41799927 -43.00999832 255.91799927 0.999999 -0.000978 -0.000978
36.11800003 -43.11100006 256.21798706 0.631276 -0.732534 0.254725
36.41799927 -42.90499878 256.21798706 0.999999 -0.000978 -0.000978
36.11800003 -43.45800018 255.31799316 0.640587 -0.701902 0.311419
36.36800003 -43.24700165 255.31799316 0.618228 -0.747222 0.243830
36.41799927 -43.21200180 255.31799316 0.469057 -0.833707 0.291408
36.11800003 -43.34999847 255.61799622 0.999999 0.000978 0.000978
36.41799927 -43.11100006 255.61799622 0.551699 -0.790612 0.265633
36.71799850 -43.04700089 255.31799316 0.454028 -0.793337 0.405555
37.01800156 -42.80400085 255.31799316 0.999999 0.000978 0.000978
36.71799850 -42.88399887 255.61799622 0.999999 -0.000978 -0.000978
37.01800156 -42.67100143 255.61799622 0.999999 -0.000978 -0.000978
37.31800079 -43.07199860 254.11799622 0.584467 -0.745477 0.320410
37.84000015 -42.94699860 253.51800537 0.537255 -0.782766 0.314063
37.44300079 -43.24700165 253.51800537 0.603197 -0.711085 0.361264
37.61800003 -43.09899902 253.51800537 -0.000978 -0.000978 0.999999
37.31800079 -43.20100021 253.81799316 0.520906 -0.783764 0.338188
37.61800003 -42.98699951 253.81799316 0.431138 -0.845156 0.315961
38.21799850 -42.67399979 253.51800537 0.630365 -0.745543 0.216347
38.25000000 -42.64699936 253.51800537 0.630365 -0.745543 0.216347
38.21799850 -42.85400009 252.91799927 0.999999 0.000978 0.000978
38.21799850 -42.76100159 253.21800232 0.616632 -0.754008 0.226358
38.51800156 -42.42900085 253.51800537 0.432012 -0.824463 0.365549
38.51800156 -42.62099838 252.91799927 0.999999 0.000978 0.000978
38.81800079 -42.38800049 252.91799927 0.530727 -0.840197 0.111351
38.51800156 -42.56200027 253.21800232 0.999999 0.000978 0.000978
38.81800079 -42.34799957 253.21800232 0.530727 -0.840197 0.111351
38.51800156 -42.80199814 252.61799622 0.513291 -0.734452 0.443972
38.51800156 -42.64699936 252.87300110 0.999999 0.000978 0.000978
39.41799927 -42.34700012 252.10499573 0.754231 -0.609970 0.243047
34.91799927 -49.12900162 271.81799316 0.647141 0.760924 -0.046936
35.05699921 -49.24700165 271.81799316 -0.000978 -0.000978 -0.999999
35.21799850 -49.36000061 271.81799316 0.593703 0.736062 -0.325161
35.21799850 -49.51699829 271.51800537 -0.044915 0.886054 -0.461401
34.91799927 -49.53499985 271.51800537 -0.063189 0.970140 -0.234172
35.21799850 -49.11199951 272.41799927 0.586228 0.735627 -0.339395
35.38700104 -49.24700165 272.41799927 -0.000978 -0.000978 -0.999999
34.91799927 -49.11000061 272.11801147 0.539340 0.826192 -0.162848
35.21799850 -49.25099945 272.11801147 0.448281 0.842272 -0.299371
35.81800079 -49.49399948 272.41799927 0.338007 0.845795 -0.412773
35.51800156 -49.36500168 272.41799927 0.473077 0.878175 -0.070753
35.51800156 -49.46900177 272.11801147 0.999999 0.000978 0.000978
35.81800079 -49.63899994 272.11801147 0.411475 0.843289 -0.345764
35.81800079 -49.74100113 271.81799316 0.401125 0.853359 -0.332981
35.51800156 -49.56100082 271.81799316 0.999999 0.000978 0.000978
35.51800156 -49.70199966 271.51800537 0.463708 0.779354 -0.421405
35.81800079 -49.87300110 271.51800537 0.435667 0.812288 -0.387792
36.41799927 -50.30599976 271.21798706 0.337548 0.847760 -0.409102
36.11800003 -50.19300079 271.21798706 0.390524 0.842215 -0.371704
36.11800003 -50.30599976 270.91799927 0.409749 0.845984 -0.341198
36.41799927 -50.49499893 270.91799927 0.317569 0.902485 -0.290981
40.61800003 -58.59600067 256.81799316 0.235565 0.971852 0.003551
37.31800079 -51.02999878 270.61801147 0.388799 0.811198 -0.436799
37.61800003 -51.18999863 270.61801147 0.409055 0.841619 -0.352634
37.31800079 -51.22100067 270.31799316 0.420780 0.839995 -0.342568
37.61800003 -51.36199951 270.31799316 0.343857 0.851085 -0.396758
36.71799850 -52.54700089 254.06799316 0.053013 0.329713 0.942592
37.01800156 -52.54700089 254.05000305 -0.008861 0.353190 0.935510
36.71799850 -52.24700165 253.96600342 0.011547 0.373356 0.927616
37.01800156 -52.24700165 253.94299316 0.051446 0.370671 0.927338
40.31800079 -55.91699982 263.11801147 0.383839 0.832442 -0.399635
40.61800003 -56.05199814 263.11801147 -0.000978 -0.000978 -0.999999
40.61800003 -55.86100006 263.41799927 0.354659 0.920993 -0.161209
40.31800079 -55.74599838 263.41799927 0.288768 0.828843 -0.479199
37.89400101 -55.54700089 261.31799316 0.468862 0.766190 -0.439456
37.61800003 -55.33599854 261.31799316 0.405024 0.824342 -0.395494
37.31800079 -55.18899918 261.31799316 0.406477 0.830352 -0.381171
37.31800079 -55.02700043 261.61801147 0.353336 0.851431 -0.387580
37.61800003 -55.19200134 261.61801147 0.443099 0.807816 -0.388711
39.11800003 -52.51300049 269.41799927 0.365092 0.826594 -0.428311
37.01800156 -55.34099960 260.11801147 0.339818 0.938108 -0.066914
36.71799850 -55.21400070 260.11801147 0.333314 0.938856 0.086316
37.01800156 -55.30799866 260.41799927 0.243860 0.958304 -0.148952
36.71799850 -55.22299957 260.41799927 0.252494 0.962552 -0.098690
39.41799927 -52.65000153 269.41799927 0.372788 0.835233 -0.404246
39.41799927 -52.77299881 269.11801147 0.356484 0.851514 -0.384504
39.11800003 -52.65599823 269.11801147 0.377751 0.853437 -0.359096
36.11800003 -55.08599854 260.11801147 0.221638 0.930313 -0.292223
36.41799927 -55.12900162 260.11801147 0.209734 0.975077 0.072364
36.11800003 -54.99599838 260.41799927 0.401405 0.899204 -0.174086
36.41799927 -55.15299988 260.41799927 0.355592 0.932937 -0.056422
36.11800003 -54.97100067 260.71798706 0.485976 0.830662 -0.271712
36.41799927 -55.09299850 260.71798706 0.280304 0.926284 -0.251847
35.81800079 -54.98699951 260.11801147 0.328371 0.882213 -0.337450
35.51800156 -55.13899994 259.51800537 0.999999 0.000978 0.000978
35.51800156 -55.04000092 259.81799316 0.290152 0.894263 -0.340742
35.81800079 -55.11600113 259.81799316 0.214563 0.900582 -0.378040
34.91799927 -54.73899841 259.51800537 0.547575 0.827933 -0.121197
35.29999924 -54.94699860 259.81799316 0.386185 0.907747 -0.163879
35.21799850 -54.96599960 259.51800537 0.439591 0.880643 -0.176713
40.31800079 -53.14699936 269.08200073 0.366525 0.846906 -0.385241
40.31800079 -53.35400009 268.81799316 0.401396 0.778415 -0.482650
40.61800003 -53.52000046 268.81799316 0.415340 0.829100 -0.374280
40.61800003 -53.63000107 268.51800537 0.384982 0.866594 -0.317495
40.31800079 -53.49700165 268.51800537 0.409292 0.820177 -0.399737
37.01800156 -51.94699860 253.81100464 0.025076 0.421018 0.906706
36.71799850 -51.64699936 253.69200134 0.046935 0.422419 0.905185
37.01800156 -51.64699936 253.66499329 0.060871 0.415276 0.907656
36.71799850 -51.94699860 253.82600403 -0.011740 0.416132 0.909229
35.51800156 -41.72600174 260.71798706 0.999999 -0.000978 -0.000978
35.81800079 -41.52199936 260.71798706 0.999999 0.000978 0.000978
35.51800156 -41.62099838 261.01800537 0.546241 -0.760200 0.351734
35.81800079 -41.37099838 261.01800537 0.999999 -0.000978 -0.000978
35.52000046 -41.44699860 261.31799316 0.550578 -0.755217 0.355683
35.81800079 -41.25000000 261.31799316 0.999999 0.000978 0.000978
35.51800156 -41.34000015 261.61801147 0.977490 -0.196474 0.076881
41.81800079 -54.37300110 268.21798706 0.348484 0.845425 -0.404741
41.81800079 -54.53699875 267.91799927 0.399211 0.822278 -0.405573
41.51800156 -54.40200043 267.91799927 0.383487 0.852366 -0.355541
42.11800003 -54.45199966 268.21798706 0.245289 0.934901 -0.256502
42.41799927 -54.70399857 268.21798706 0.999999 0.000978 0.000978
42.41799927 -54.85400009 267.91799927 0.413898 0.826211 -0.382182
42.11800003 -54.69300079 267.91799927 0.431886 0.817556 -0.380889
42.11800003 -54.83399963 267.61801147 0.432511 0.825414 -0.362802
42.71799850 -54.87699890 268.21798706 0.329113 0.867940 -0.371974
43.01800156 -54.98400116 268.21798706 0.098736 0.949181 -0.298841
43.01800156 -55.04299927 267.91799927 0.149634 0.970703 -0.188002
42.71799850 -54.99499893 267.91799927 0.282872 0.887531 -0.363693
43.01800156 -55.22299957 267.61801147 0.202552 0.879697 -0.430239
42.71799850 -55.11899948 267.61801147 0.345109 0.855808 -0.385346
43.01800156 -55.34500122 267.31799316 -0.005898 0.973168 -0.230021
42.71799850 -55.26300049 267.31799316 0.315589 0.873586 -0.370474
43.01800156 -55.51699829 267.01800537 0.025325 0.897054 -0.441196
42.71799850 -55.43600082 267.01800537 0.233238 0.868249 -0.437886
43.61800003 -55.14400101 267.61801147 -0.476710 0.826818 -0.298530
43.31800079 -55.25600052 267.61801147 -0.128703 0.951344 -0.279963
43.61800003 -55.20199966 267.31799316 -0.115071 0.950989 -0.287016
43.31800079 -55.25999832 267.31799316 -0.232287 0.971715 -0.042566
43.61800003 -55.32500076 267.01800537 -0.385884 0.862474 -0.327463
43.31800079 -55.45299911 267.01800537 -0.278497 0.865927 -0.415463
43.61800003 -55.42900085 266.71798706 -0.432024 0.859468 -0.273259
43.61800003 -55.51599884 266.41799927 -0.474234 0.770834 -0.425344
43.91799927 -55.06900024 267.01800537 -0.999999 0.000978 0.000978
44.21799850 -54.99900055 266.71798706 -0.999999 0.000978 0.000978
43.91799927 -55.22900009 266.71798706 -0.999999 0.000978 0.000978
49.61800003 -46.24700165 251.16099548 -0.170002 0.190765 0.966803
49.31800079 -46.24700165 251.12199402 -0.070596 0.126146 0.989497
49.61800003 -46.54700089 251.24099731 -0.163401 0.306205 0.937837
44.21799850 -55.11500168 266.41799927 -0.564979 0.744080 -0.356572
43.91799927 -55.34299850 266.41799927 -0.519974 0.769432 -0.370947
44.21799850 -55.28499985 266.11801147 -0.594804 0.721913 -0.353623
43.91799927 -55.51599884 266.11801147 -0.571297 0.728445 -0.378137
44.21799850 -55.40800095 265.81799316 -0.999999 -0.000978 -0.000978
44.21799850 -55.53599930 265.51800537 -0.999999 -0.000978 -0.000978
44.81800079 -54.95700073 265.81799316 -0.999999 -0.000978 -0.000978
44.51800156 -55.16799927 265.81799316 -0.563489 0.739885 -0.367493
44.81800079 -55.04000092 265.51800537 -0.999999 0.000978 0.000978
44.51800156 -55.28799820 265.51800537 -0.999999 -0.000978 -0.000978
44.81800079 -55.14400101 265.21798706 -0.999999 0.000978 0.000978
44.51800156 -55.37699890 265.21798706 -0.615642 0.722289 -0.315093
44.81800079 -55.20700073 264.91799927 -0.451899 0.872887 -0.183998
44.52099991 -55.54700089 264.91799927 -0.580536 0.742245 -0.334738
45.11800003 -54.94900131 265.21798706 -0.554988 0.755625 -0.347879
45.11800003 -55.05199814 264.91799927 -0.423389 0.848329 -0.317930
45.41799927 -54.65700150 265.21798706 -0.465032 0.842001 -0.273457
45.63000107 -54.64699936 264.91799927 -0.615452 0.688052 -0.384451
45.41799927 -54.83700180 264.91799927 -0.638922 0.712582 -0.289837
45.41799927 -54.95899963 264.61801147 -0.999999 0.000978 0.000978
45.11800003 -55.17300034 264.61801147 -0.999999 -0.000978 -0.000978
45.41799927 -55.08700180 264.31799316 -0.999999 -0.000978 -0.000978
45.11800003 -55.30500031 264.31799316 -0.572652 0.711276 -0.407622
46.01800156 -54.47100067 264.61801147 -0.999999 -0.000978 -0.000978
45.71799850 -54.73600006 264.61801147 -0.352746 0.864150 -0.358907
46.01800156 -54.62300110 264.31799316 -0.999999 -0.000978 -0.000978
45.71799850 -54.86100006 264.31799316 -0.999999 0.000978 0.000978
45.71799850 -54.96099854 264.01800537 -0.999999 -0.000978 -0.000978
45.71799850 -55.05199814 263.71798706 -0.747110 0.636199 -0.192554
50.10499954 -53.14699936 260.11801147 -0.728225 0.499307 -0.469448
46.23799896 -54.64699936 264.01800537 -0.515472 0.814477 -0.266301
46.01800156 -54.78599930 264.01800537 -0.421530 0.847727 -0.321981
46.01800156 -54.84899902 263.71798706 -0.476964 0.845735 -0.239244
46.61800003 -54.37500000 263.71798706 -0.643337 0.688941 -0.333884
46.31800079 -54.69499969 263.71798706 -0.442847 0.859824 -0.254143
46.61800003 -54.55599976 263.41799927 -0.579063 0.720138 -0.382214
46.31800079 -54.78400040 263.41799927 -0.999999 -0.000978 -0.000978
46.61800003 -54.69300079 263.11801147 -0.999999 -0.000978 -0.000978
46.31800079 -54.92300034 263.11801147 -0.642962 0.694787 -0.322291
46.61800003 -54.77299881 262.81799316 -0.690143 0.699365 -0.185985
46.44200134 -54.94699860 262.81799316 -0.665018 0.671522 -0.326818
46.91799927 -54.46599960 263.11801147 -0.999999 -0.000978 -0.000978
47.21799850 -54.36700058 262.81799316 -0.999999 0.000978 0.000978
46.91799927 -54.57400131 262.81799316 -0.522272 0.771280 -0.363812
47.21799850 -54.51200104 262.51800537 -0.999999 -0.000978 -0.000978
46.91799927 -54.74700165 262.51800537 -0.553023 0.724708 -0.411053
37.31800079 -51.94699860 253.80900574 0.027816 0.425186 0.904679
37.61800003 -51.94699860 253.79299927 0.027921 0.434765 0.900111
37.31800079 -51.64699936 253.65100098 0.057891 0.413312 0.908747
37.61800003 -51.64699936 253.62699890 0.025044 0.417840 0.908175
36.41799927 -42.02799988 258.31799316 0.999999 0.000978 0.000978
36.11800003 -42.12599945 258.61801147 0.515254 -0.754071 0.407296
36.41799927 -41.90299988 258.61801147 0.999999 0.000978 0.000978
36.11800003 -41.97800064 258.91799927 0.999999 0.000978 0.000978
36.41799927 -41.77500153 258.91799927 0.999999 -0.000978 -0.000978
36.11800003 -41.89199829 259.21798706 0.999999 0.000978 0.000978
49.31800079 -46.54700089 251.20100403 -0.063737 0.326490 0.943049
48.71799850 -46.24700165 251.09500122 -0.135418 0.288266 0.947926
36.41799927 -41.63700104 259.21798706 0.999999 -0.000978 -0.000978
36.11800003 -41.74599838 259.51800537 0.999999 -0.000978 -0.000978
36.41799927 -41.50899887 259.51800537 0.999999 -0.000978 -0.000978
36.11800003 -41.66600037 259.81799316 0.616769 -0.746117 0.250809
36.41799927 -41.41699982 259.81799316 0.999999 -0.000978 -0.000978
36.71799850 -41.31200027 259.51800537 0.999999 0.000978 0.000978
36.71799850 -41.17900085 259.81799316 0.999999 -0.000978 -0.000978
36.71799850 -41.04399872 260.11801147 0.999999 -0.000978 -0.000978
37.01800156 -40.84799957 260.11801147 0.999999 -0.000978 -0.000978
36.71799850 -40.93000031 260.41799927 0.999999 -0.000978 -0.000978
37.01800156 -40.70399857 260.41799927 0.999999 -0.000978 -0.000978
36.71799850 -40.77600098 260.71798706 0.999999 -0.000978 -0.000978
37.01800156 -40.55500031 260.71798706 0.999999 0.000978 0.000978
36.71799850 -40.67100143 261.01800537 0.999999 0.000978 0.000978
49.01800156 -46.24700165 251.11900330 -0.044388 0.205142 0.977725
49.01800156 -46.54700089 251.20100403 -0.025977 0.283276 0.958686
48.71799850 -46.54700089 251.18499756 -0.078989 0.296532 0.951751
37.30500031 -40.54700089 260.11801147 0.551990 -0.764418 0.333125
49.01800156 -46.84700012 251.29600525 -0.076414 0.296592 0.951942
48.71799850 -46.84700012 251.28199768 -0.001253 0.344659 0.938727
49.01800156 -47.14699936 251.38800049 -0.019307 0.371987 0.928037
48.71799850 -47.14699936 251.40499878 0.063551 0.409704 0.910002
37.01800156 -40.40399933 261.01800537 0.999999 -0.000978 -0.000978
48.41799927 -46.54700089 251.15199280 0.006473 0.402643 0.915334
48.11800003 -46.54700089 251.19000244 0.083463 0.406371 0.909888
40.91799927 -37.30699921 261.61801147 0.458842 -0.817659 0.347704
42.41799927 -39.98899841 255.31799316 -0.381697 -0.840361 0.384838
42.11800003 -39.88199997 255.31799316 -0.286737 -0.872347 0.395970
42.11800003 -39.76599884 255.61799622 -0.316071 -0.871868 0.374094
42.41799927 -39.87200165 255.61799622 -0.379122 -0.885617 0.268233
43.91799927 -40.27399826 256.51800537 -0.396735 -0.842083 0.365373
44.21799850 -40.41799927 256.51800537 -0.409852 -0.855276 0.317055
43.91799927 -40.15800095 256.81799316 -0.307703 -0.864935 0.396492
44.21799850 -40.23300171 256.81799316 -0.231485 -0.927359 0.293972
44.51800156 -40.27700043 257.11801147 -0.400803 -0.861497 0.311736
44.81800079 -40.41699982 257.11801147 -0.453175 -0.832650 0.318320
44.81800079 -40.33599854 257.41799927 -0.424112 -0.873700 0.238282
44.51800156 -40.18999863 257.41799927 -0.468538 -0.814780 0.341477
45.41799927 -40.55799866 257.71798706 -0.348137 -0.858739 0.375988
45.71799850 -40.52799988 258.01800537 -0.362697 -0.840013 0.403520
48.41799927 -47.14699936 251.42999268 0.038571 0.416299 0.908409
48.11800003 -47.14699936 251.42999268 -0.003850 0.391437 0.920197
48.41799927 -46.84700012 251.29600525 0.049667 0.420158 0.906091
48.11800003 -46.84700012 251.31399536 0.032541 0.370970 0.928075
48.41799927 -41.63100052 258.61801147 -0.425578 -0.837021 0.343917
48.11800003 -41.48699951 258.61801147 -0.407215 -0.838014 0.363192
48.11800003 -41.62699890 258.31799316 -0.401240 -0.844633 0.354403
37.31800079 -51.34700012 253.53799438 0.027128 0.362999 0.931395
37.61800003 -51.34700012 253.51800537 0.045155 0.336729 0.940518
47.81800079 -47.14699936 251.42799377 0.037996 0.381265 0.923684
47.51800156 -47.14699936 251.45399475 0.054234 0.376994 0.924627
47.81800079 -46.84700012 251.31700134 0.048111 0.344582 0.937523
47.51800156 -46.84700012 251.34500122 0.016597 0.358759 0.933283
47.81800079 -47.44699860 251.56500244 0.030531 0.420798 0.906640
47.51800156 -47.44699860 251.58900452 0.030298 0.407052 0.912902
47.81800079 -47.74700165 251.70500183 0.001300 0.427862 0.903843
46.01800156 -54.00000000 265.81799316 -0.999999 0.000978 0.000978
45.71799850 -54.21799850 265.81799316 0.565243 0.784451 -0.255221
46.01800156 -54.06100082 265.51800537 -0.636522 0.728131 -0.254293
45.76100159 -54.34700012 265.51800537 -0.155914 0.899723 -0.407664
47.51800156 -47.74700165 251.72099304 0.071283 0.388693 0.918606
46.31800079 -53.86100006 265.51800537 -0.522088 0.754491 -0.397703
37.91799927 -51.94699860 253.79100037 0.038770 0.429143 0.902404
38.21799850 -51.94699860 253.76699829 0.048766 0.372993 0.926552
46.61800003 -53.55099869 265.81799316 -0.999999 -0.000978 -0.000978
46.31800079 -53.74000168 265.81799316 -0.999999 -0.000978 -0.000978
37.91799927 -51.64699936 253.63400269 -0.033226 0.423961 0.905071
46.61800003 -53.64799881 265.51800537 -0.999999 0.000978 0.000978
38.21799850 -51.64699936 253.64900208 -0.003838 0.379975 0.924989
47.21799850 -47.44699860 251.58500671 0.017145 0.433910 0.900793
46.91799927 -47.44699860 251.60000610 0.057256 0.387480 0.920098
47.21799850 -47.74700165 251.75100708 0.014346 0.410810 0.911608
46.91799927 -47.74700165 251.73100281 -0.022238 0.404217 0.914393
47.81800079 -53.39899826 264.01800537 -0.999999 0.000978 0.000978
47.51800156 -53.60699844 264.01800537 -0.999999 -0.000978 -0.000978
47.81800079 -53.52899933 263.71798706 -0.390274 0.867785 -0.307628
47.51800156 -53.64799881 263.71798706 -0.366295 0.921958 -0.125784
48.11800003 -53.46099854 263.41799927 -0.432024 0.859468 -0.273259
48.41799927 -53.33599854 263.11801147 -0.579898 0.739085 -0.342741
48.11800003 -53.55599976 263.11801147 -0.343651 0.905192 -0.250061
46.61800003 -47.44699860 251.62199402 -0.003855 0.394537 0.918872
46.31800079 -47.44699860 251.59700012 -0.019550 0.400127 0.916251
46.31800079 -48.34700012 252.02600098 0.025200 0.428406 0.903235
46.61800003 -48.04700089 251.85699463 0.001296 0.418483 0.908224
46.31800079 -48.04700089 251.86500549 0.041640 0.431176 0.901306
46.61800003 -48.34700012 252.01199341 0.038511 0.407685 0.912310
46.61800003 -47.74700165 251.73699951 0.014085 0.364942 0.930924
46.31800079 -47.74700165 251.74000549 -0.003876 0.406974 0.913431
46.01800156 -47.74700165 251.73500061 0.025044 0.417840 0.908175
49.91799927 -52.57300186 262.21798706 -0.552693 0.745076 -0.373353
45.71799850 -47.74700165 251.75599670 0.057559 0.394881 0.916927
49.91799927 -52.69900131 261.91799927 -0.999999 0.000978 0.000978
49.61800003 -52.77899933 262.21798706 -0.999999 0.000978 0.000978
49.31800079 -53.01200104 262.21798706 -0.999999 -0.000978 -0.000978
49.61800003 -52.93600082 261.91799927 -0.999999 0.000978 0.000978
49.31800079 -53.12500000 261.91799927 -0.999999 0.000978 0.000978
38.21799850 -51.34700012 253.52000427 0.027847 0.423012 0.905696
46.01800156 -48.34700012 252.02900696 -0.006465 0.399521 0.916701
45.71799850 -48.34700012 252.02200317 0.003925 0.433025 0.901373
46.01800156 -48.04700089 251.88499451 0.019901 0.439147 0.898195
45.71799850 -48.04700089 251.87899780 0.009075 0.405761 0.913934
45.41799927 -48.34700012 252.03199768 0.019576 0.403274 0.914870
45.11800003 -48.34700012 252.03500366 0.024378 0.352846 0.935364
45.41799927 -48.04700089 251.89100647 0.063048 0.395724 0.916203
45.11800003 -48.04700089 251.91999817 0.052124 0.404966 0.912845
45.41799927 -48.64699936 252.15499878 -0.029925 0.378615 0.925070
45.11800003 -48.64699936 252.14700317 0.045911 0.371225 0.927407
45.41799927 -48.94699860 252.27699280 0.011487 0.366299 0.930426
45.11800003 -48.94699860 252.27400208 0.027703 0.410262 0.911547
44.81800079 -48.64699936 252.18499756 0.048858 0.381623 0.923026
44.51800156 -48.64699936 252.17799377 0.035874 0.418536 0.907492
44.81800079 -48.94699860 252.29499817 0.067184 0.343825 0.936627
44.51800156 -48.94699860 252.31700134 0.058033 0.414325 0.908277
44.81800079 -48.34700012 252.04800415 0.009060 0.397337 0.917628
44.51800156 -48.34700012 252.04100037 0.014032 0.360994 0.932462
44.81800079 -48.04700089 251.92500305 0.038407 0.401287 0.915147
44.51800156 -48.04700089 251.94599915 0.040515 0.367252 0.929239
40.31800079 -53.44699860 254.35800171 -0.030093 0.391213 0.919808
40.31800079 -53.74700165 254.49899292 0.089953 0.430392 0.898149
40.61800003 -53.74700165 254.47700500 0.068141 0.378117 0.923247
33.67699814 -51.04700089 253.81799316 0.938842 0.281514 0.198308
41.81800079 -49.84700012 252.77000427 0.032832 0.395291 0.917969
41.51800156 -49.84700012 252.78100586 0.008989 0.383961 0.923305
41.51800156 -50.14699936 252.89399719 0.053593 0.351621 0.934607
41.21799850 -49.84700012 252.77600098 0.003885 0.407937 0.913002
40.91799927 -49.84700012 252.78399658 0.019471 0.390709 0.920308
41.21799850 -50.14699936 252.91099548 0.066064 0.403123 0.912758
41.21799850 -50.44699860 253.04100037 0.027554 0.397567 0.917159
40.91799927 -50.44699860 253.05000305 0.024284 0.348918 0.936839
40.91799927 -50.74700165 253.16000366 0.076792 0.383958 0.920152
40.91799927 -50.14699936 252.93699646 0.022292 0.405186 0.913963
41.81800079 -59.20399857 257.11801147 0.298612 0.950603 -0.084759
41.81800079 -59.17699814 257.41799927 0.348184 0.907609 -0.234551
41.51800156 -59.02999878 257.11801147 0.289700 0.957110 0.003667
41.51800156 -59.03099823 257.41799927 0.447678 0.894028 -0.017269
40.91799927 -58.65399933 257.71798706 0.395666 0.887655 -0.235621
41.21799850 -58.75799942 257.71798706 0.343841 0.913554 -0.217239
41.21799850 -58.70999908 258.01800537 0.119825 0.954646 -0.272568
41.21799850 -58.93899918 257.11801147 0.370261 0.928856 0.011531
41.01100159 -58.84700012 257.11801147 0.000978 0.000978 -0.999999
40.91799927 -58.77500153 257.11801147 0.450923 0.847982 -0.278557
41.21799850 -58.85100174 257.41799927 0.460892 0.849818 -0.255711
40.91799927 -58.68600082 257.41799927 0.420669 0.889372 -0.179039
40.91799927 -58.52799988 258.01800537 0.999999 0.000978 0.000978
40.31800079 -58.33300018 257.71798706 0.369561 0.866398 -0.335825
40.61800003 -58.49300003 257.71798706 0.452688 0.838483 -0.303347
40.61800003 -58.35200119 258.01800537 0.447263 0.833322 -0.324854
40.31800079 -58.20800018 258.01800537 0.363680 0.858904 -0.360585
40.61800003 -58.25899887 258.31799316 0.429269 0.834952 -0.344359
40.31800079 -58.08200073 258.31799316 0.369269 0.860598 -0.350729
40.31800079 -57.96400070 258.61801147 0.401770 0.851628 -0.336618
40.61800003 -58.10499954 258.61801147 0.366409 0.835035 -0.410441
40.01800156 -57.95600128 258.31799316 0.365917 0.837054 -0.406749
39.71799850 -57.81900024 258.31799316 0.413014 0.818055 -0.400257
39.71799850 -57.66199875 258.61801147 0.318759 0.844322 -0.430713
40.01800156 -57.77500153 258.61801147 0.394296 0.780479 -0.485163
40.61800003 -50.14699936 252.92599487 0.006475 0.407932 0.912990
40.31800079 -50.14699936 252.94099426 0.027811 0.419820 0.907181
38.51800156 -51.34700012 253.49099731 0.052404 0.417886 0.906987
38.81800079 -51.34700012 253.48500061 0.014544 0.440278 0.897744
38.51800156 -51.04700089 253.36099243 0.043621 0.392587 0.918680
38.81800079 -51.04700089 253.34100342 -0.003845 0.388341 0.921508
33.92900085 -48.94699860 261.91799927 0.996959 0.077341 0.009535
33.90399933 -48.64699936 261.91799927 0.993741 0.086461 -0.070741
33.90999985 -48.94699860 262.21798706 0.997978 0.063479 0.003122
33.91500092 -48.64699936 262.21798706 0.999701 -0.015162 -0.019206
33.95100021 -48.34700012 263.11801147 0.990473 0.093834 -0.100785
33.94200134 -48.04700089 263.11801147 0.996853 0.076022 -0.022485
33.97399902 -48.34700012 263.41799927 0.995345 0.092464 -0.027195
33.95000076 -48.04700089 263.41799927 0.996323 0.084543 0.013912
40.61800003 -50.44699860 253.05700684 0.038469 0.409895 0.911321
40.31800079 -50.44699860 253.07499695 0.019517 0.391645 0.919910
37.91799927 -51.34700012 253.50999451 -0.003845 0.388341 0.921508
40.61800003 -50.74700165 253.19500732 0.055290 0.422091 0.904866
40.31800079 -50.74700165 253.19700623 -0.011552 0.378658 0.925465
37.91799927 -51.04700089 253.38200378 0.066135 0.400862 0.913748
38.21799850 -51.04700089 253.36900330 0.032876 0.398462 0.916595
34.01900101 -46.54700089 266.71798706 0.995283 0.090878 0.033943
34.01399994 -46.24700165 266.71798706 0.997645 0.068188 0.007343
34.00400162 -46.54700089 267.01800537 0.988304 0.140523 0.059229
33.98899841 -46.24700165 267.01800537 0.999525 0.029428 0.009133
40.01800156 -50.44699860 253.07000732 -0.029954 0.376383 0.925980
39.71799850 -50.44699860 253.05499268 0.027128 0.362999 0.931395
40.01800156 -50.74700165 253.18800354 -0.014438 0.426574 0.904337
39.71799850 -50.74700165 253.18699646 0.022467 0.424225 0.905278
40.01800156 -51.04700089 253.35200500 0.025265 0.440143 0.897572
39.71799850 -51.04700089 253.33599854 0.006548 0.430890 0.902381
40.01800156 -51.34700012 253.48100281 0.016438 0.335089 0.942043
39.71799850 -51.34700012 253.47200012 0.008977 0.380863 0.924588
39.11800003 -50.74700165 253.24400330 0.043481 0.380787 0.923640
39.41799927 -50.44699860 253.08700562 0.095380 0.345250 0.933652
39.11800003 -50.44699860 253.11599731 0.058195 0.426313 0.902702
39.41799927 -50.74700165 253.20300293 0.086298 0.409574 0.908186
39.41799927 -51.04700089 253.35699463 0.041487 0.426912 0.903341
39.11800003 -51.04700089 253.36300659 -0.024500 0.367497 0.929702
39.41799927 -51.34700012 253.48599243 0.014106 0.368035 0.929705
39.11800003 -51.34700012 253.48100281 -0.001297 0.416342 0.909207
