30.71800041 -29.74699974 365.15499878 0.027921 0.434765 0.900111
31.01799965 -29.74699974 365.13699341 0.039009 0.439865 0.897216
19.68199921 -12.04699993 376.81799316 0.857114 -0.484070 0.176160
19.51099968 -12.34700012 376.81799316 0.858773 -0.483337 0.169981
19.74099922 -12.04699993 376.51800537 0.845517 -0.502538 0.180437
19.56500053 -12.34700012 376.51800537 0.840429 -0.516157 0.165111
19.26499939 -12.94699955 376.21798706 0.863073 -0.473584 0.175565
18.07500076 -15.34700012 375.01800537 0.840916 -0.494209 0.220493
18.04199982 -15.64700031 374.41799927 0.843061 -0.490646 0.220259
17.85400009 -15.94699955 374.41799927 0.820734 -0.530344 0.212443
17.93400002 -15.94699955 374.11801147 0.810946 -0.552295 0.193227
17.46699905 -16.54700089 374.41799927 0.824688 -0.514470 0.234967
17.65399933 -16.24699974 374.41799927 0.822433 -0.530553 0.205228
17.72500038 -16.24699974 374.11801147 0.825884 -0.528869 0.195484
17.54999924 -16.54700089 374.11801147 0.840867 -0.486818 0.236541
29.51799965 -30.64699936 365.60800171 0.025104 0.418842 0.907712
29.81800079 -30.64699936 365.58999634 0.027780 0.421998 0.906171
16.88400078 -17.74699974 373.81799316 0.835289 -0.503608 0.220614
16.93199921 -18.04700089 372.91799927 0.808971 -0.536736 0.239752
28.31800079 -30.04700089 365.37399292 0.033183 0.420762 0.906564
28.61800003 -30.04700089 365.36499023 0.025108 0.424199 0.905221
28.31800079 -30.34700012 365.50601196 0.025012 0.414665 0.909630
28.61800003 -30.34700012 365.49700928 0.030492 0.417602 0.908118
16.85499954 -18.04700089 373.21798706 0.837310 -0.502994 0.214266
16.68700027 -18.34700012 373.21798706 0.838148 -0.505909 0.203874
16.74099922 -18.34700012 372.91799927 0.831357 -0.520541 0.194637
15.92300034 -19.84700012 372.61801147 0.832404 -0.532679 0.152830
15.96599960 -19.84700012 372.31799316 0.861722 -0.485539 0.147266
15.79800034 -20.14699936 372.31799316 0.823052 -0.526815 0.212253
16.02599907 -19.84700012 372.01800537 0.848663 -0.492434 0.193082
15.86400032 -20.14699936 372.01800537 0.848522 -0.502005 0.167335
16.10199928 -19.84700012 371.71798706 0.821525 -0.527795 0.215708
15.91600037 -20.14699936 371.71798706 0.839023 -0.511819 0.184615
27.11800003 -30.64699936 365.67401123 0.046626 0.406315 0.912543
27.41799927 -30.64699936 365.66299438 0.022141 0.389417 0.920795
20.24300003 -9.34700012 381.31799316 0.848620 -0.478203 0.226198
20.38400078 -9.04699993 381.31799316 0.857691 -0.467149 0.214798
20.14500046 -9.34700012 381.61801147 0.842115 -0.484484 0.236893
20.31900024 -9.04699993 381.61801147 0.859934 -0.483621 0.163167
20.04599953 -9.64700031 381.31799316 0.828983 -0.522850 0.198532
19.97400093 -9.64700031 381.61801147 0.826109 -0.516510 0.225303
19.96999931 -9.94699955 380.71798706 0.849679 -0.494277 0.183674
20.15999985 -9.64700031 380.71798706 0.826481 -0.530338 0.188867
19.92499924 -9.94699955 381.01800537 0.843623 -0.516774 0.145757
20.11800003 -9.64700031 381.01800537 0.834257 -0.527917 0.159119
19.83300018 -10.54699993 380.11801147 0.830510 -0.505061 0.234876
19.71100044 -10.54699993 380.41799927 0.826575 -0.487228 0.281751
19.88899994 -10.24699974 380.41799927 0.840599 -0.482311 0.246514
19.41600037 -11.14700031 380.11801147 0.811293 -0.540349 0.223221
19.62299919 -10.84700012 380.11801147 0.803355 -0.558523 0.206577
19.33600044 -11.14700031 380.41799927 0.816586 -0.542870 0.196163
19.53599930 -10.84700012 380.41799927 0.823702 -0.515776 0.235563
24.71800041 -30.94700050 365.85101318 0.064057 0.429315 0.900880
25.01799965 -30.94700050 365.85101318 0.019471 0.390709 0.920308
24.71800041 -30.64699936 365.72299194 0.087056 0.354922 0.930834
25.01799965 -30.64699936 365.70999146 0.014126 0.371132 0.928473
35.21799850 -36.94900131 369.91799927 0.545366 0.770592 -0.329794
34.91799927 -37.10900116 369.01800537 0.570424 0.788025 -0.231589
35.21799850 -37.31800079 369.01800537 0.523912 0.823290 -0.218424
34.91799927 -37.16400146 368.71798706 0.552803 0.831314 -0.057672
35.21799850 -37.36500168 368.71798706 0.546843 0.837225 -0.004071
35.81800079 -37.66899872 369.01800537 0.521435 0.835193 -0.174808
35.81800079 -37.73300171 368.71798706 0.520000 0.834698 0.181326
35.51800156 -37.55300140 368.71798706 0.536517 0.836036 0.114864
43.38899994 -22.24699974 386.11801147 -0.862943 0.463515 -0.201204
43.54800034 -21.94700050 386.11801147 -0.829109 0.524045 -0.194818
43.76699829 -21.64699936 386.11801147 -0.785278 0.585501 -0.201314
43.49700165 -21.94700050 386.41799927 -0.831626 0.530031 -0.165728
43.69599915 -21.64699936 386.41799927 -0.823240 0.528030 -0.208473
43.22499847 -22.54700089 386.11801147 -0.848813 0.479632 -0.222416
43.12599945 -22.54700089 386.41799927 -0.833265 0.483881 -0.267449
43.31399918 -22.24699974 386.41799927 -0.824155 0.508718 -0.248947
42.86999893 -22.84700012 386.71798706 -0.818525 0.510996 -0.262487
42.77399826 -22.84700012 387.01800537 -0.821748 0.524878 -0.221887
43.03300095 -22.54700089 386.71798706 -0.846584 0.478768 -0.232545
43.20800018 -22.24699974 386.71798706 -0.810630 0.535788 -0.236241
42.96200180 -22.54700089 387.01800537 -0.833824 0.508800 -0.214151
43.13899994 -22.24699974 387.01800537 -0.828754 0.526840 -0.188696
38.48099899 -27.64699936 392.41799927 -0.779368 0.595627 -0.194459
38.23799896 -27.94700050 392.41799927 -0.805227 0.537337 -0.250757
38.36700058 -27.94700050 392.11801147 -0.826108 0.485670 -0.285780
38.53799820 -27.64699936 392.11801147 -0.827604 0.534276 -0.172106
38.44599915 -27.94700050 391.81799316 -0.864213 0.462599 -0.197832
38.50400162 -27.94700050 391.51800537 -0.826481 0.530338 -0.188867
38.60599899 -27.64699936 391.81799316 -0.854543 0.459905 -0.241336
38.70600128 -27.64699936 391.51800537 -0.820310 0.495311 -0.285936
24.11800003 -26.44700050 363.89801025 0.072076 0.414775 0.907065
24.41799927 -26.44700050 363.88000488 0.066856 0.432517 0.899144
41.22700119 -24.64699936 388.81799316 -0.832895 0.510091 -0.214695
41.04899979 -24.94700050 388.81799316 -0.826077 0.500606 -0.258827
41.29999924 -24.64699936 388.51800537 -0.877216 0.440819 -0.190186
41.14599991 -24.94700050 388.51800537 -0.840831 0.502687 -0.200773
36.11800003 -27.41300011 392.71798706 0.573398 0.767178 -0.287493
36.41799927 -27.61899948 392.71798706 0.471711 0.751122 -0.461849
36.41799927 -27.39900017 393.01800537 0.499481 0.693260 -0.519527
36.71799850 -27.78899956 392.71798706 0.467323 0.773444 -0.428244
37.01800156 -27.81900024 393.01800537 0.493836 0.753059 -0.434773
36.71799850 -27.61100006 393.01800537 0.514043 0.735527 -0.441316
15.55399990 -21.94700050 368.71798706 0.828604 -0.514253 0.221266
15.47599983 -21.94700050 369.01800537 0.816199 -0.517703 0.256520
15.66800022 -21.64699936 369.01800537 0.832184 -0.492517 0.254750
15.73799992 -21.64699936 368.71798706 0.853455 -0.481475 0.199490
15.74800014 -21.34700012 369.31799316 0.824190 -0.533833 0.189034
15.94299984 -21.04700089 369.31799316 0.822114 -0.533386 0.199070
15.87399960 -21.04700089 369.61801147 0.831009 -0.523339 0.188523
15.69299984 -21.34700012 369.61801147 0.845101 -0.510613 0.158364
16.13599968 -20.74699974 369.31799316 0.824052 -0.521339 0.221684
16.06999969 -20.74699974 369.61801147 0.826226 -0.535323 0.175442
16.26199913 -20.44700050 369.61801147 0.850198 -0.507777 0.139017
16.30200005 -20.14699936 370.21798706 0.828983 -0.522850 0.198532
36.11800003 -27.14900017 393.01800537 0.551953 0.692025 -0.465241
36.41799927 -27.34700012 393.07901001 0.534854 0.642838 -0.548352
17.18700027 -18.34700012 371.11801147 0.851432 -0.494811 0.173853
17.35799980 -18.04700089 371.11801147 0.856608 -0.481191 0.186219
17.13100052 -18.34700012 371.41799927 0.846565 -0.495952 0.193286
17.30500031 -18.04700089 371.41799927 0.852667 -0.495049 0.166987
17.33099937 -18.34700012 370.51800537 0.848704 -0.482597 0.216336
17.51600075 -18.04700089 370.51800537 0.836002 -0.500992 0.223848
17.25399971 -18.34700012 370.81799316 0.840831 -0.502687 0.200773
17.43600082 -18.04700089 370.81799316 0.831408 -0.511049 0.218149
17.47999954 -17.74699974 371.41799927 0.848934 -0.509945 0.138810
17.52300072 -17.74699974 371.11801147 0.829927 -0.521539 0.198034
17.73399925 -17.44700050 371.11801147 0.804814 -0.552444 0.216977
17.66500092 -17.44700050 371.41799927 0.821108 -0.540877 0.182301
17.60000038 -17.44700050 371.71798706 0.843584 -0.500737 0.193979
17.52599907 -17.44700050 372.01800537 0.821406 -0.537015 0.192115
38.20299911 -30.64699936 385.81799316 -0.810494 0.542893 -0.219925
38.02700043 -30.94700050 385.81799316 -0.819067 0.522907 -0.236002
38.31100082 -30.64699936 385.51800537 -0.817135 0.478901 -0.320848
38.13499832 -30.94700050 385.51800537 -0.819179 0.482703 -0.309747
38.43799973 -30.64699936 385.21798706 -0.849286 0.472501 -0.235491
38.25400162 -30.94700050 385.21798706 -0.800704 0.565831 -0.196744
38.47700119 -30.64699936 384.91799927 -0.836064 0.524211 -0.161867
38.28099823 -30.94700050 384.91799927 -0.816928 0.553113 -0.163386
38.80099869 -30.04700089 385.21798706 -0.814650 0.531293 -0.232537
38.58599854 -30.34700012 385.21798706 -0.830510 0.505061 -0.234876
38.87900162 -30.04700089 384.91799927 -0.804868 0.565378 -0.180375
38.65599823 -30.34700012 384.91799927 -0.814839 0.547778 -0.189674
17.78199959 -17.14699936 371.71798706 0.830658 -0.513637 0.214904
17.97100067 -16.84700012 371.71798706 0.819113 -0.535398 0.205922
17.71999931 -17.14699936 372.01800537 0.832406 -0.522323 0.185146
17.90299988 -16.84700012 372.01800537 0.836367 -0.515034 0.187695
17.93400002 -17.14699936 371.11801147 0.838255 -0.519629 0.165269
18.10600090 -16.84700012 371.11801147 0.847690 -0.503269 0.167756
17.87500000 -17.14699936 371.41799927 0.820927 -0.531546 0.208659
18.05400085 -16.84700012 371.41799927 0.842799 -0.503276 0.190794
18.09099960 -16.54700089 372.01800537 0.820979 -0.527445 0.218622
19.64699936 -11.74699974 377.71798706 0.845746 -0.513331 0.145615
18.17499924 -16.54700089 371.71798706 0.828162 -0.525360 0.195307
18.35199928 -16.24699974 371.71798706 0.848083 -0.504706 0.161328
19.81500053 -11.44699955 377.71798706 0.854291 -0.488803 0.176801
18.28800011 -16.24699974 372.01800537 0.820734 -0.530344 0.212443
18.19599915 -16.24699974 372.31799316 0.823101 -0.515400 0.238469
19.60499954 -11.74699974 378.01800537 0.845003 -0.501019 0.186948
18.01399994 -16.54700089 372.31799316 0.838215 -0.501716 0.213722
17.93899918 -16.54700089 372.61801147 0.836568 -0.505585 0.211040
18.11499977 -16.24699974 372.61801147 0.829791 -0.520326 0.201759
19.75300026 -11.44699955 378.01800537 0.860641 -0.475500 0.182201
18.38899994 -15.94699955 372.31799316 0.817851 -0.529378 0.225561
18.58499908 -15.64700031 372.31799316 0.834349 -0.497548 0.237292
18.31399918 -15.94699955 372.61801147 0.828754 -0.526840 0.188696
18.49500084 -15.64700031 372.61801147 0.840867 -0.486818 0.236541
40.13499832 -27.64699936 385.81799316 -0.833585 0.517034 -0.194453
39.94699860 -27.94700050 385.81799316 -0.822393 0.518031 -0.235189
40.21200180 -27.64699936 385.51800537 -0.839271 0.507782 -0.194373
40.03799820 -27.94700050 385.51800537 -0.833244 0.519836 -0.188346
18.66200066 -15.34700012 372.61801147 0.846963 -0.474605 0.239591
18.74600029 -15.34700012 372.31799316 0.835566 -0.483424 0.261018
18.93199921 -15.04699993 372.31799316 0.826687 -0.509560 0.238615
18.83200073 -15.04699993 372.61801147 0.827714 -0.499723 0.255276
18.74600029 -15.04699993 372.91799927 0.842002 -0.505801 0.187612
18.57600021 -15.34700012 372.91799927 0.858999 -0.470582 0.201678
18.52199936 -15.34700012 373.21798706 0.854844 -0.481875 0.192452
39.94699860 -27.64699936 386.41799927 -0.813838 0.518180 -0.262980
39.77500153 -27.94700050 386.41799927 -0.841460 0.475340 -0.256899
18.69799995 -15.04699993 373.21798706 0.850989 -0.499974 0.160759
40.07199860 -27.64699936 386.11801147 -0.813838 0.521292 -0.256756
39.86700058 -27.94700050 386.11801147 -0.813610 0.532629 -0.233122
35.21799850 -26.96500015 392.11801147 0.551261 0.761420 -0.341103
35.21799850 -26.84399986 392.41799927 0.550642 0.752057 -0.362222
34.91799927 -26.73600006 392.11801147 0.575510 0.723076 -0.382033
18.93700027 -14.74699974 372.91799927 0.814577 -0.543559 0.202502
19.14599991 -14.44699955 372.91799927 0.789199 -0.569029 0.231023
18.87400055 -14.74699974 373.21798706 0.849209 -0.494004 0.186557
19.04700089 -14.44699955 373.21798706 0.817851 -0.529378 0.225561
34.91799927 -26.61599922 392.41799927 0.570043 0.742193 -0.352420
40.54899979 -26.44700050 387.01800537 -0.828481 0.522534 -0.201440
40.35699844 -26.74699974 387.01800537 -0.831239 0.499358 -0.244301
40.63000107 -26.44700050 386.71798706 -0.838752 0.497771 -0.220724
40.45600128 -26.74699974 386.71798706 -0.831883 0.496670 -0.247566
19.26099968 -14.14700031 373.21798706 0.797509 -0.540551 0.267925
18.80599976 -14.74699974 373.51800537 0.844659 -0.491081 0.213053
18.98100090 -14.44699955 373.51800537 0.843007 -0.508788 0.174570
18.72299957 -14.74699974 373.81799316 0.838683 -0.515768 0.174913
18.92200089 -14.44699955 373.81799316 0.804454 -0.569004 0.170550
19.16799927 -14.14700031 373.51800537 0.826593 -0.540637 0.156383
19.14800072 -14.14700031 373.81799316 0.828847 -0.527995 0.185024
19.30200005 -13.84700012 373.81799316 0.856794 -0.463908 0.225154
19.36899948 -14.14700031 372.91799927 0.812469 -0.526629 0.250110
19.53400040 -13.84700012 372.91799927 0.854844 -0.481875 0.192452
19.45400047 -13.84700012 373.21798706 0.830634 -0.509394 0.224868
19.37100029 -13.84700012 373.51800537 0.826850 -0.522301 0.208616
41.27000046 -25.24699974 387.01800537 -0.830634 0.509394 -0.224868
41.10300064 -25.54700089 387.01800537 -0.830286 0.500636 -0.244927
41.34999847 -25.24699974 386.71798706 -0.830658 0.513637 -0.214904
41.17699814 -25.54700089 386.71798706 -0.829338 0.511654 -0.224517
41.46900177 -24.94700050 387.01800537 -0.820979 0.527445 -0.218622
19.54700089 -13.54699993 373.51800537 0.828404 -0.517180 0.215110
19.74600029 -13.24699974 373.51800537 0.818649 -0.530974 0.218816
19.47299957 -13.54699993 373.81799316 0.834722 -0.493454 0.244421
19.65699959 -13.24699974 373.81799316 0.814464 -0.534252 0.226326
41.65700150 -24.64699936 387.01800537 -0.821989 0.538441 -0.185513
41.72100067 -24.64699936 386.71798706 -0.838906 0.503343 -0.207081
41.54700089 -24.94700050 386.71798706 -0.829338 0.511654 -0.224517
42.06999969 -23.74699974 387.61801147 -0.804002 0.550919 -0.223762
19.86700058 -12.94699955 373.81799316 0.818396 -0.533870 0.212630
19.37199974 -13.54699993 374.11801147 0.834363 -0.509129 0.211250
19.57999992 -13.24699974 374.11801147 0.813044 -0.552628 0.183200
19.32099915 -13.54699993 374.41799927 0.832543 -0.528717 0.165317
19.52099991 -13.24699974 374.41799927 0.832525 -0.527614 0.168896
19.77899933 -12.94699955 374.11801147 0.815497 -0.532914 0.225759
19.70100021 -12.94699955 374.41799927 0.830840 -0.514908 0.211128
19.89200020 -12.64700031 374.41799927 0.828481 -0.522534 0.201440
42.26699829 -23.44700050 387.61801147 -0.813685 0.536817 -0.223033
19.97100067 -12.64700031 374.11801147 0.833637 -0.507498 0.217934
42.33399963 -23.44700050 387.31799316 -0.843390 0.506034 -0.180620
42.15299988 -23.74699974 387.31799316 -0.825622 0.532805 -0.185652
42.58000183 -23.14699936 387.01800537 -0.828481 0.522534 -0.201440
42.65999985 -23.14699936 386.71798706 -0.788918 0.571927 -0.224741
42.63600159 -22.84700012 387.61801147 -0.843962 0.476356 -0.246602
42.46500015 -23.14699936 387.61801147 -0.833752 0.512961 -0.204277
42.70899963 -22.84700012 387.31799316 -0.837986 0.510013 -0.194076
42.51300049 -23.14699936 387.31799316 -0.836064 0.524211 -0.161867
42.99499893 -22.24699974 387.61801147 -0.821108 0.540877 -0.182301
42.80400085 -22.54700089 387.61801147 -0.838906 0.503343 -0.207081
43.07099915 -22.24699974 387.31799316 -0.803650 0.562707 -0.193669
42.87900162 -22.54700089 387.31799316 -0.835289 0.503608 -0.220614
34.61800003 -26.48999977 392.11801147 0.544897 0.761563 -0.350869
34.31800079 -26.30800056 392.11801147 0.488693 0.803876 -0.339061
34.31800079 -26.18000031 392.41799927 0.493167 0.780982 -0.383215
34.61800003 -26.38400078 392.41799927 0.556345 0.759532 -0.337032
20.14399910 -12.34700012 374.11801147 0.820979 -0.527445 0.218622
20.35499954 -12.04699993 374.11801147 0.823067 -0.522655 0.222243
20.07900047 -12.34700012 374.41799927 0.836281 -0.513823 0.191365
20.26000023 -12.04699993 374.41799927 0.828381 -0.512953 0.225087
43.20000076 -21.94700050 387.61801147 -0.814355 0.530026 -0.236426
43.29800034 -21.94700050 387.31799316 -0.808532 0.555771 -0.193378
43.38600159 -21.64699936 387.61801147 -0.832305 0.513937 -0.207697
34.90200043 -26.44700050 392.71798706 0.568377 0.728898 -0.381648
34.61800003 -26.22500038 392.71798706 0.573837 0.718529 -0.392971
43.48099899 -21.64699936 387.31799316 -0.808021 0.550435 -0.210055
20.00600052 -12.34700012 374.71798706 0.829814 -0.507705 0.231612
20.19199944 -12.04699993 374.71798706 0.833071 -0.511375 0.210923
20.10899925 -12.04699993 375.01800537 0.832139 -0.512670 0.211458
43.33200073 -21.64699936 387.91799927 -0.832479 0.523487 -0.181495
20.37400055 -11.74699974 374.71798706 0.833415 -0.498821 0.237899
20.28000069 -11.74699974 375.01800537 0.817886 -0.513701 0.259178
20.48600006 -11.44699955 375.01800537 0.813757 -0.529637 0.239340
20.45100021 -11.74699974 374.41799927 0.821445 -0.531882 0.205742
43.76699829 -21.04700089 387.61801147 -0.815230 0.531672 -0.229621
43.56999969 -21.34700012 387.61801147 -0.810529 0.515791 -0.277493
43.84899902 -21.04700089 387.31799316 -0.874809 0.421649 -0.238584
43.70399857 -21.34700012 387.31799316 -0.823517 0.508325 -0.251845
20.55200005 -11.44699955 374.71798706 0.836701 -0.498363 0.227083
43.60400009 -21.04700089 388.21798706 -0.823702 0.515776 -0.235563
43.43099976 -21.34700012 388.21798706 -0.839356 0.487713 -0.240035
43.68000031 -21.04700089 387.91799927 -0.835783 0.499636 -0.227663
43.50000000 -21.34700012 387.91799927 -0.848579 0.491124 -0.196750
20.73100090 -11.14700031 374.71798706 0.831460 -0.535039 0.149692
20.93799973 -10.84700012 374.71798706 0.850835 -0.504035 0.148419
20.67099953 -11.14700031 375.01800537 0.821596 -0.546234 0.163122
20.88599968 -10.84700012 375.01800537 0.828054 -0.501150 0.251346
43.80599976 -20.74699974 388.21798706 -0.829119 0.518770 -0.208421
20.61100006 -11.14700031 375.31799316 0.829815 -0.529701 0.175567
20.75600052 -10.84700012 375.31799316 0.845472 -0.475482 0.243092
20.54500008 -11.14700031 375.61801147 0.816762 -0.538910 0.206099
20.71500015 -10.84700012 375.61801147 0.868635 -0.474196 0.143564
43.85900116 -20.74699974 387.91799927 -0.848380 0.507264 -0.151444
16.31800079 -23.49900055 369.61801147 0.751961 0.652286 -0.095278
16.51700020 -23.74699974 369.61801147 0.779074 0.626857 -0.009687
16.31800079 -23.57099915 369.31799316 0.543337 0.760671 -0.355196
16.51300049 -23.74699974 369.31799316 0.747055 0.600511 -0.285123
20.94700050 -10.54699993 375.31799316 0.839452 -0.495140 0.223956
21.11000061 -10.24699974 375.31799316 0.867410 -0.435968 0.239858
20.87199974 -10.54699993 375.61801147 0.871079 -0.466805 0.152693
21.03499985 -10.24699974 375.61801147 0.879622 -0.450680 0.152159
42.70399857 -21.94700050 389.41799927 -0.822302 0.525232 -0.218974
16.31800079 -24.02599907 368.41799927 0.509640 0.774976 -0.373736
16.61800003 -24.22800064 368.41799927 0.560990 0.763525 -0.319877
16.31800079 -24.17200089 368.11801147 0.510586 0.796895 -0.322894
16.61800003 -24.37999916 368.11801147 0.529509 0.777365 -0.339594
16.31800079 -24.26700020 367.81799316 0.488190 0.787871 -0.375407
16.61800003 -24.48900032 367.81799316 0.551990 0.764418 -0.333125
21.24900055 -9.94699955 375.31799316 0.877900 -0.433769 0.202820
16.61800003 -24.64100075 367.51800537 0.495950 0.757837 -0.423930
16.31800079 -24.45599937 367.51800537 0.523800 0.728693 -0.441181
21.40600014 -9.64700031 375.31799316 0.901231 -0.398152 0.171047
21.17700005 -9.94699955 375.61801147 0.881749 -0.451627 0.136205
21.34199905 -9.64700031 375.61801147 0.873692 -0.444977 0.196618
21.15699959 -9.94699955 375.91799927 0.908473 -0.398944 0.124583
21.27000046 -9.64700031 375.91799927 0.898012 -0.412600 0.152762
21.24099922 -9.64700031 376.21798706 0.893631 -0.436294 0.105216
16.75000000 -17.74699974 374.41799927 0.830163 -0.525820 0.185318
16.80800056 -17.74699974 374.11801147 0.842002 -0.505801 0.187612
21.43099976 -9.34700012 375.91799927 0.870051 -0.473389 0.137529
21.38699913 -9.34700012 376.21798706 0.916370 -0.387643 0.099993
21.49300003 -9.04699993 376.21798706 0.942776 -0.333406 -0.003746
43.83300018 -23.74699974 380.71798706 -0.821671 0.520648 -0.231911
43.73699951 -23.74699974 381.01800537 -0.827409 0.503841 -0.248069
16.01799965 -25.64699936 364.21798706 0.559056 0.818670 -0.131282
16.01799965 -25.64699936 363.91799927 0.383312 0.834452 0.395931
21.53700066 -8.74699974 376.81799316 0.951894 -0.289365 0.100820
17.81800079 -25.54700089 363.66699219 0.016597 0.358759 0.933283
17.51799965 -25.54700089 363.67300415 -0.001276 0.379080 0.925363
17.81800079 -25.24699974 363.54800415 -0.003822 0.370729 0.928733
17.51799965 -25.24699974 363.54098511 -0.011563 0.376455 0.926363
43.90700150 -23.74699974 380.41799927 -0.779829 0.595979 -0.191510
20.21800041 -24.94700050 363.38299561 0.043313 0.376693 0.925325
19.91799927 -24.94700050 363.38699341 0.043560 0.389399 0.920038
20.81800079 -24.94700050 363.34201050 0.049917 0.427669 0.902556
20.51799965 -24.94700050 363.35900879 0.063465 0.406447 0.911467
22.01799965 -24.64699936 363.16101074 0.025108 0.424199 0.905221
21.71800041 -24.64699936 363.17300415 0.035724 0.403545 0.914262
22.01799965 -24.94700050 363.30398560 0.017165 0.431766 0.901822
21.71800041 -24.94700050 363.30899048 0.019755 0.425397 0.904791
22.61800003 -24.64699936 363.14099121 0.075350 0.423333 0.902835
22.31800079 -24.64699936 363.15701294 0.030570 0.423997 0.905147
22.61800003 -24.94700050 363.28500366 0.055132 0.410132 0.910358
22.31800079 -24.94700050 363.29699707 0.027953 0.432605 0.901150
25.01799965 -24.04700089 362.73599243 0.120561 0.441113 0.889317
24.71800041 -24.04700089 362.77700806 0.067273 0.443453 0.893770
25.01799965 -24.34700012 362.89099121 0.049923 0.433112 0.899956
24.71800041 -24.34700012 362.91299438 0.041372 0.415057 0.908854
21.21100044 -15.94699955 359.71798706 0.981970 -0.176251 0.068342
21.26000023 -15.64700031 359.71798706 0.988670 -0.149594 0.012372
21.18700027 -15.94699955 360.01800537 0.974273 -0.215003 0.067573
21.25099945 -15.64700031 360.01800537 0.990460 -0.128794 0.049010
21.26199913 -15.34700012 360.31799316 0.991692 -0.126053 -0.025657
21.28000069 -15.34700012 360.61801147 0.996733 -0.070192 -0.039956
21.27700043 -15.04699993 360.61801147 0.991227 0.009968 -0.131794
43.42900085 -24.34700012 380.71798706 -0.824419 0.540137 -0.169073
43.63600159 -24.04700089 380.71798706 -0.817922 0.551761 -0.162986
43.37099838 -24.34700012 381.01800537 -0.826054 0.524841 -0.205372
43.55899811 -24.04700089 381.01800537 -0.829221 0.507342 -0.234512
19.37599945 -10.84700012 381.01800537 0.820113 -0.534062 0.205409
19.45100021 -10.84700012 380.71798706 0.838185 -0.497435 0.223617
19.75099945 -10.24699974 381.01800537 0.843212 -0.496273 0.206655
19.57200050 -10.54699993 381.01800537 0.827633 -0.519748 0.211862
19.81100082 -10.24699974 380.71798706 0.852727 -0.484061 0.196322
19.62899971 -10.54699993 380.71798706 0.841437 -0.504260 0.194178
19.66300011 -9.64700031 382.81799316 0.823035 -0.541194 0.172403
19.48200035 -9.94699955 382.81799316 0.848074 -0.490832 0.199635
19.73299980 -9.64700031 382.51800537 0.855873 -0.485044 0.179481
19.55900002 -9.94699955 382.51800537 0.850157 -0.487303 0.199420
19.87599945 -9.34700012 382.81799316 0.841169 -0.518893 0.152268
19.89800072 -9.34700012 382.51800537 0.839004 -0.522343 0.152412
19.90299988 -9.04699993 383.41799927 0.852050 -0.487952 0.189510
19.71699905 -9.34700012 383.41799927 0.846322 -0.500032 0.183594
19.78899956 -9.34700012 383.11801147 0.832144 -0.508448 0.221396
20.23600006 -8.44699955 383.41799927 0.840012 -0.515901 0.168002
20.05900002 -8.74699974 383.41799927 0.860339 -0.478295 0.176214
20.32200050 -8.44699955 383.11801147 0.817446 -0.523845 0.239516
20.12999916 -8.74699974 383.11801147 0.840812 -0.489838 0.230422
20.14200020 -8.44699955 384.01800537 0.849783 -0.499785 0.167584
19.95499992 -8.74699974 384.01800537 0.841707 -0.515119 0.161810
20.20199966 -8.44699955 383.71798706 0.852481 -0.505660 0.132608
20.00699997 -8.74699974 383.71798706 0.847486 -0.509667 0.148347
42.82699966 -25.54700089 380.11801147 -0.809942 0.542523 -0.222849
43.02999878 -25.24699974 380.11801147 -0.820622 0.534394 -0.202491
42.72999954 -25.54700089 380.41799927 -0.826712 0.526365 -0.198714
42.94599915 -25.24699974 380.41799927 -0.813875 0.542074 -0.209195
37.91799927 -35.44699860 367.52700806 0.163698 0.388606 0.906746
38.21799850 -35.74700165 367.62600708 0.044201 0.419243 0.906797
37.91799927 -35.74700165 367.63299561 0.101742 0.362201 0.926530
37.61800003 -35.44699860 367.59201050 0.341633 0.407152 0.847062
37.31800079 -35.44699860 367.76098633 0.442245 0.525063 0.727137
37.61800003 -35.74700165 367.69100952 0.168261 0.288643 0.942536
42.76499939 -25.84700012 379.51800537 -0.835148 0.520281 -0.178425
42.96699905 -25.54700089 379.51800537 -0.813875 0.542074 -0.209195
43.16400146 -25.24699974 379.51800537 -0.829280 0.520006 -0.204667
42.89500046 -25.54700089 379.81799316 -0.821406 0.537015 -0.192115
43.09500122 -25.24699974 379.81799316 -0.830163 0.525820 -0.185318
42.59299850 -26.14699936 379.51800537 -0.847690 0.503269 -0.167756
42.51300049 -26.14699936 379.81799316 -0.827810 0.520988 -0.208092
42.70399857 -25.84700012 379.81799316 -0.828754 0.526840 -0.188696
42.44200134 -26.14699936 380.11801147 -0.832525 0.527614 -0.168896
42.62799835 -25.84700012 380.11801147 -0.826006 0.530033 -0.191778
42.39199829 -26.14699936 380.41799927 -0.817590 0.528123 -0.229418
42.56399918 -25.84700012 380.41799927 -0.854772 0.480529 -0.196104
42.24800110 -26.44700050 380.11801147 -0.835813 0.508162 -0.207816
42.17800140 -26.44700050 380.41799927 -0.816721 0.526468 -0.236216
41.63199997 -27.64699936 379.51800537 -0.838776 0.507482 -0.197271
41.56700134 -27.64699936 379.81799316 -0.848007 0.512307 -0.135740
41.65700150 -27.94700050 378.91799927 -0.839080 0.486268 -0.243901
41.79100037 -27.64699936 378.91799927 -0.874157 0.413758 -0.254273
41.52999878 -27.94700050 379.21798706 -0.831015 0.479969 -0.281147
41.70700073 -27.64699936 379.21798706 -0.838752 0.497771 -0.220724
41.45500183 -27.94700050 379.51800537 -0.850053 0.485959 -0.203110
41.38600159 -27.94700050 379.81799316 -0.835795 0.513525 -0.194266
28.31800079 -28.54700089 364.71600342 0.043681 0.395779 0.917306
28.61800003 -28.54700089 364.70401001 0.040768 0.385323 0.921881
28.31800079 -28.24699974 364.58401489 0.058338 0.427357 0.902199
28.61800003 -28.24699974 364.56298828 0.044487 0.440829 0.896488
38.95199966 -36.34700012 368.41799927 -0.799623 0.597942 -0.055391
38.98500061 -36.34700012 368.11801147 -0.782664 0.593482 0.187656
41.07699966 -28.84700012 378.91799927 -0.833778 0.491636 -0.251212
40.98199844 -28.84700012 379.21798706 -0.832139 0.512670 -0.211458
38.81800079 -36.34700012 367.91000366 -0.386821 0.600808 0.699571
38.51800156 -36.34700012 367.84500122 -0.038407 0.401287 0.915147
38.81800079 -36.04700089 367.71301270 -0.134804 0.482686 0.865357
38.51800156 -36.04700089 367.73999023 0.076533 0.371921 0.925104
39.16099930 -36.04700089 368.41799927 -0.823734 0.566231 -0.029073
39.16299820 -36.04700089 368.11801147 -0.828616 0.553842 0.081574
39.11800003 -36.02299881 367.81799316 -0.525389 0.698851 0.485359
39.65499878 -35.44699860 367.81799316 -0.776291 0.627059 -0.064571
39.41799927 -35.71900177 367.81799316 -0.550761 0.782493 0.290459
39.11800003 -35.74700165 367.61700439 -0.350687 0.488399 0.799053
34.61800003 -35.71200180 371.71798706 0.547650 0.764126 -0.340868
34.61800003 -35.53900146 372.01800537 0.542527 0.727217 -0.420500
39.56000137 -35.44699860 368.41799927 -0.797107 0.570673 -0.197364
39.36399841 -35.74700165 368.41799927 -0.829732 0.551722 -0.084550
39.61899948 -35.44699860 368.11801147 -0.801968 0.583384 -0.128492
39.38499832 -35.74700165 368.11801147 -0.795674 0.604149 -0.043656
40.89199829 -29.14699936 378.91799927 -0.829625 0.503316 -0.241653
40.79800034 -29.14699936 379.21798706 -0.846644 0.470018 -0.249553
39.95999908 -34.84700012 368.41799927 -0.850014 0.447295 -0.278214
39.79299927 -35.14699936 368.41799927 -0.809942 0.542523 -0.222849
40.03400040 -34.84700012 368.11801147 -0.827037 0.531774 -0.182280
39.82099915 -35.14699936 368.11801147 -0.816794 0.564570 -0.118780
40.53699875 -29.74699974 378.91799927 -0.814696 0.539564 -0.212463
40.71400070 -29.44700050 378.91799927 -0.843089 0.500443 -0.196871
40.31600189 -34.24700165 368.41799927 -0.807258 0.548935 -0.216806
40.45199966 -29.74699974 379.21798706 -0.798394 0.553450 -0.237193
40.10699844 -34.54700089 368.41799927 -0.831565 0.495237 -0.251475
40.20700073 -34.54700089 368.11801147 -0.832316 0.485130 -0.268139
40.65000153 -29.44700050 379.21798706 -0.839985 0.485019 -0.243274
15.10700035 -21.64699936 372.01800537 0.951394 -0.259716 0.165518
40.89799881 -33.04700089 369.01800537 -0.840058 0.505241 -0.197572
40.72800064 -33.34700012 369.01800537 -0.831619 0.525943 -0.178311
40.78599930 -33.34700012 368.71798706 -0.837733 0.514029 -0.184331
41.41600037 -32.44699860 368.41799927 -0.820723 0.544648 -0.172547
41.22000122 -32.74700165 368.41799927 -0.837087 0.511302 -0.194566
41.49499893 -32.44699860 368.11801147 -0.824734 0.527040 -0.205044
41.30500031 -32.74700165 368.11801147 -0.826893 0.518146 -0.218569
40.97499847 -33.04700089 368.71798706 -0.825534 0.524511 -0.208284
40.15100098 -30.34700012 378.91799927 -0.845472 0.475482 -0.243092
40.31700134 -30.04700089 378.91799927 -0.813160 0.523968 -0.253432
40.06900024 -30.34700012 379.21798706 -0.853455 0.481475 -0.199490
40.23300171 -30.04700089 379.21798706 -0.824734 0.527040 -0.205044
41.28900146 -32.44699860 369.01800537 -0.826433 0.505129 -0.248702
41.09000015 -32.74700165 369.01800537 -0.817860 0.533520 -0.215548
41.36899948 -32.44699860 368.71798706 -0.836052 0.518980 -0.177979
41.16600037 -32.74700165 368.71798706 -0.822532 0.539834 -0.178942
35.21799850 -35.81600189 372.31799316 0.423345 0.822907 -0.378949
41.45600128 -32.14699936 369.01800537 -0.847563 0.471887 -0.242815
39.78499985 -30.94700050 378.91799927 -0.806262 0.560284 -0.189798
39.97900009 -30.64699936 378.91799927 -0.836592 0.511000 -0.197466
39.89500046 -30.64699936 379.21798706 -0.825534 0.524511 -0.208284
39.90200043 -30.94700050 378.31799316 -0.839969 0.488069 -0.237150
40.09299850 -30.64699936 378.31799316 -0.810292 0.550877 -0.199903
39.83000183 -30.94700050 378.61801147 -0.814611 0.557522 -0.159933
40.03699875 -30.64699936 378.61801147 -0.815018 0.558742 -0.153468
41.62400055 -31.84700012 369.01800537 -0.824800 0.518752 -0.224946
38.58700180 -33.34700012 377.71798706 -0.816122 0.526082 -0.239128
38.77600098 -33.04700089 377.71798706 -0.841408 0.521291 -0.142437
41.72200012 -31.84700012 368.71798706 -0.823342 0.499608 -0.269259
41.53799820 -32.14699936 368.71798706 -0.838876 0.494800 -0.226847
38.72399902 -33.04700089 378.01800537 -0.821880 0.537325 -0.189199
42.02299881 -31.24699974 369.01800537 -0.841726 0.510995 -0.174304
41.83399963 -31.54700089 369.01800537 -0.819740 0.545992 -0.172973
42.08700180 -31.24699974 368.71798706 -0.831369 0.515236 -0.208222
41.90200043 -31.54700089 368.71798706 -0.833080 0.507158 -0.220835
38.19900131 -33.94699860 377.71798706 -0.855379 0.483475 -0.185952
38.38800049 -33.64699936 377.71798706 -0.820927 0.531546 -0.208659
16.01799965 -17.77700043 381.91799927 0.542800 0.794533 -0.272187
38.14400101 -33.94699860 378.01800537 -0.845114 0.495620 -0.200357
16.31800079 -17.90099907 382.21798706 0.558989 0.761965 -0.327017
16.53800011 -18.04700089 382.21798706 0.522133 0.816511 -0.246348
16.31800079 -17.98200035 381.91799927 0.564506 0.771227 -0.294179
38.31100082 -33.64699936 378.01800537 -0.835877 0.496636 -0.233801
43.84600067 -28.24699974 369.61801147 -0.714642 0.641100 -0.279782
43.56600189 -28.54700089 369.61801147 -0.791324 0.545903 -0.275311
43.68099976 -28.54700089 369.31799316 -0.732798 0.628338 -0.261148
43.91799927 -28.30900002 369.31799316 -0.675790 0.672564 -0.301605
43.91799927 -28.04400063 369.91799927 -0.726497 0.631114 -0.271840
43.91799927 -27.90500069 370.21798706 -0.627887 0.711821 -0.314751
38.04899979 -34.24700165 377.71798706 -0.855379 0.483475 -0.185952
37.95899963 -34.24700165 378.01800537 -0.827557 0.511274 -0.231839
37.72000122 -34.24700165 379.21798706 -0.945015 0.325208 -0.034434
37.64899826 -34.54700089 379.21798706 -0.971779 0.231027 0.047672
37.73500061 -34.24700165 378.91799927 -0.905004 0.384159 -0.182727
37.63399887 -34.54700089 378.91799927 -0.963857 0.262418 -0.046016
37.86100006 -34.54700089 377.71798706 -0.799496 0.571935 -0.183565
37.85400009 -33.94699860 379.21798706 -0.862743 0.476352 -0.169599
37.88800049 -33.94699860 378.91799927 -0.838148 0.505909 -0.203874
37.77299881 -34.54700089 378.01800537 -0.803355 0.558523 -0.206577
38.49900055 -33.34700012 378.01800537 -0.805583 0.553935 -0.210219
37.31800079 -35.03200150 377.71798706 -0.508313 0.841191 -0.184432
37.61800003 -34.85100174 377.71798706 -0.650011 0.725193 -0.227112
39.01900101 -32.74700165 377.41799927 -0.826701 0.536683 -0.168928
39.08000183 -32.74700165 377.11801147 -0.827037 0.531774 -0.182280
37.61800003 -34.72700119 378.01800537 -0.774788 0.603632 -0.187966
39.21699905 -32.44699860 377.41799927 -0.814480 0.527016 -0.242644
39.28599930 -32.44699860 377.11801147 -0.826226 0.535323 -0.175442
39.34400177 -32.44699860 376.81799316 -0.816300 0.534500 -0.219007
39.15100098 -32.74700165 376.81799316 -0.832305 0.513937 -0.207697
39.44599915 -32.44699860 376.51800537 -0.800976 0.554047 -0.226866
39.22999954 -32.74700165 376.51800537 -0.816566 0.519069 -0.252562
39.54399872 -32.14699936 376.81799316 -0.816122 0.526082 -0.239128
39.64400101 -32.14699936 376.51800537 -0.829357 0.515875 -0.214568
39.72999954 -31.84700012 376.81799316 -0.838876 0.494800 -0.226847
39.81900024 -31.84700012 376.51800537 -0.850884 0.484719 -0.202592
39.69800186 -32.14699936 376.21798706 -0.845944 0.509338 -0.157969
39.87300110 -31.84700012 376.21798706 -0.834630 0.518824 -0.184972
39.95299911 -31.84700012 375.91799927 -0.825583 0.520377 -0.218222
39.75500107 -32.14699936 375.91799927 -0.828983 0.522850 -0.198532
37.61800003 -35.01699829 377.11801147 -0.511352 0.794906 -0.326564
37.78599930 -34.84700012 377.11801147 -0.733483 0.639648 -0.229898
37.31800079 -35.09799957 377.41799927 -0.516512 0.836899 -0.181153
37.61800003 -34.91199875 377.41799927 -0.547461 0.814367 -0.192597
42.46500015 -28.84700012 373.21798706 -0.812840 0.543424 -0.209716
42.28099823 -29.14699936 373.21798706 -0.837183 0.512531 -0.190884
42.54399872 -28.84700012 372.91799927 -0.809707 0.534128 -0.243067
42.34700012 -29.14699936 372.91799927 -0.840181 0.501081 -0.207396
42.68199921 -28.54700089 373.21798706 -0.819979 0.528771 -0.219172
43.15000153 -28.24699974 372.01800537 -0.834349 0.497548 -0.237292
42.98199844 -28.54700089 372.01800537 -0.828481 0.522534 -0.201440
43.23699951 -28.24699974 371.71798706 -0.834366 0.504891 -0.221176
43.04100037 -28.54700089 371.71798706 -0.818867 0.549404 -0.166169
43.57699966 -27.64699936 372.01800537 -0.783196 0.582376 -0.217812
43.33900070 -27.94700050 372.01800537 -0.793466 0.568523 -0.217240
43.63700104 -27.64699936 371.71798706 -0.770767 0.612661 -0.174829
43.40399933 -27.94700050 371.71798706 -0.813041 0.544570 -0.205930
43.31800079 -20.81800079 390.01800537 -0.805416 0.566662 -0.173776
37.01800156 -35.21400070 376.81799316 0.161415 0.972302 -0.169041
37.01800156 -35.26599884 376.51800537 0.246867 0.932453 -0.263795
37.31800079 -35.26399994 376.81799316 -0.109161 0.936631 -0.332875
37.61800003 -35.30500031 376.51800537 -0.388773 0.847805 -0.360669
37.31800079 -35.36700058 376.51800537 0.063309 0.911923 -0.405449
37.86199951 -34.84700012 376.81799316 -0.784286 0.592402 -0.184269
37.62799835 -35.14699936 376.81799316 -0.579278 0.729401 -0.363884
37.74800110 -35.14699936 376.51800537 -0.804501 0.539965 -0.247419
15.80099964 -15.64700031 383.71798706 0.848579 -0.491124 0.196750
16.06399918 -15.04699993 384.01800537 0.829815 -0.529701 0.175567
15.87100029 -15.34700012 384.01800537 0.823342 -0.499608 0.269259
16.13299942 -15.04699993 383.71798706 0.843851 -0.497887 0.200057
15.95600033 -15.34700012 383.71798706 0.857513 -0.474400 0.199039
15.67099953 -15.94699955 383.41799927 0.860765 -0.456763 0.224613
15.52299976 -16.24699974 383.41799927 0.930459 -0.322243 0.174374
37.31800079 -35.14699936 367.55700684 0.306019 0.571984 0.761043
15.46599960 -16.54700089 383.41799927 0.981420 -0.189232 0.031735
15.57900047 -16.24699974 383.11801147 0.887111 -0.432702 0.160635
15.47399998 -16.54700089 383.11801147 0.996671 -0.059779 0.055431
37.91799927 -34.84700012 367.22698975 0.041644 0.436587 0.898698
38.21799850 -35.14699936 367.34698486 0.049667 0.420158 0.906091
37.91799927 -35.14699936 367.37799072 0.096403 0.445689 0.889982
38.21799850 -34.84700012 367.20800781 0.017012 0.409598 0.912108
15.54399967 -16.84700012 383.11801147 0.844878 0.424773 -0.325192
38.81800079 -35.14699936 367.33499146 0.017038 0.418083 0.908249
38.51800156 -35.14699936 367.34600830 0.019471 0.390709 0.920308
38.81800079 -34.84700012 367.20001221 0.032832 0.395291 0.917969
38.51800156 -34.84700012 367.21499634 0.011695 0.406713 0.913481
40.01800156 -34.75199890 367.21798706 -0.300902 0.661340 0.687086
39.71799850 -34.84700012 367.21600342 -0.120683 0.387018 0.914140
39.41799927 -35.14699936 367.32598877 0.014613 0.453001 0.891390
39.11800003 -35.14699936 367.33499146 0.014401 0.420260 0.907290
39.41799927 -34.84700012 367.17999268 -0.032956 0.399425 0.916173
39.11800003 -34.84700012 367.19400024 0.030339 0.410231 0.911477
37.61800003 -35.40100098 376.21798706 -0.566176 0.782610 -0.258779
37.31800079 -35.51699829 376.21798706 0.027592 0.915778 -0.400735
37.68299866 -35.44699860 375.91799927 -0.813361 0.513619 -0.273202
37.31800079 -35.61199951 375.91799927 0.434933 0.827164 -0.355855
37.81200027 -35.14699936 376.21798706 -0.806474 0.565286 -0.173354
37.87599945 -35.14699936 375.91799927 -0.784871 0.573499 -0.234684
25.01799965 -25.24699974 363.31100464 0.057877 0.407829 0.911222
38.00799942 -34.84700012 376.21798706 -0.818123 0.509574 -0.266474
38.11999893 -34.84700012 375.91799927 -0.793175 0.556313 -0.247770
38.19400024 -34.84700012 375.61801147 -0.837246 0.507192 -0.204391
37.99100113 -35.14699936 375.61801147 -0.799309 0.539651 -0.264351
38.26699829 -34.84700012 375.31799316 -0.835045 0.510726 -0.204594
38.07400131 -35.14699936 375.31799316 -0.827856 0.516839 -0.218017
15.85000038 -22.84700012 370.51800537 0.711598 0.684287 -0.159313
16.28700066 -23.44700050 369.91799927 0.703366 0.709072 -0.049935
16.71699905 -17.14699936 375.91799927 0.867388 -0.458159 0.194236
16.89599991 -16.84700012 375.91799927 0.800009 -0.564443 0.203444
16.65500069 -17.14699936 376.21798706 0.874210 -0.455409 0.168399
16.82600021 -16.84700012 376.21798706 0.814215 -0.546361 0.196325
15.78299999 -22.84700012 370.21798706 0.666054 0.706994 -0.237764
16.01799965 -23.09000015 370.21798706 0.702669 0.680953 -0.206302
15.71800041 -22.92499924 369.91799927 0.591142 0.764544 -0.256950
15.98499966 -23.14699936 369.91799927 0.620294 0.758822 -0.198556
38.35499954 -34.54700089 375.61801147 -0.852298 0.479512 -0.208941
38.44100189 -34.54700089 375.31799316 -0.852162 0.478116 -0.212663
15.71800041 -22.99799919 369.61801147 0.468360 0.786002 -0.403535
15.89700031 -23.14699936 369.61801147 0.704460 0.585675 -0.400899
38.50500107 -34.54700089 375.01800537 -0.854583 0.462962 -0.235276
16.01799965 -23.83399963 368.41799927 0.540184 0.749078 -0.383515
16.01799965 -23.99900055 368.11801147 0.492477 0.786349 -0.372991
15.71800041 -23.89800072 367.81799316 0.582603 0.752729 -0.306549
16.01799965 -24.11899948 367.81799316 0.503393 0.813897 -0.290117
15.71800041 -23.99099922 367.51800537 0.528066 0.773528 -0.350429
16.01799965 -24.21100044 367.51800537 0.582341 0.746880 -0.321013
15.41800022 -23.80299950 367.51800537 0.568692 0.760926 -0.312380
15.71800041 -24.16799927 367.21798706 0.557148 0.728072 -0.399371
15.71800041 -24.31800079 366.91799927 0.575130 0.763123 -0.294734
15.41800022 -23.92000008 367.21798706 0.628647 0.727321 -0.275331
38.53200150 -34.24700165 375.61801147 -0.850238 0.483055 -0.209174
15.41800022 -24.03000069 366.91799927 0.721167 0.638384 -0.269045
38.60400009 -34.24700165 375.31799316 -0.864718 0.462870 -0.194971
39.93399811 -32.14699936 375.31799316 -0.823903 0.542789 -0.162986
40.10300064 -31.84700012 375.31799316 -0.857399 0.479965 -0.185745
39.84099960 -32.14699936 375.61801147 -0.812103 0.530574 -0.242857
40.03099823 -31.84700012 375.61801147 -0.827810 0.520988 -0.208092
38.66699982 -34.24700165 375.01800537 -0.830286 0.500636 -0.244927
38.78099823 -34.24700165 374.71798706 -0.830570 0.493393 -0.258296
38.60499954 -34.54700089 374.71798706 -0.837277 0.498706 -0.224189
15.03600025 -24.64699936 364.21798706 0.989868 -0.139147 0.028282
37.01800156 -35.47900009 375.91799927 0.404299 0.844502 -0.351225
15.11299992 -24.94700050 364.21798706 0.915900 0.327416 -0.232220
15.07600021 -24.64699936 363.91799927 0.931228 -0.296364 0.212090
15.07999992 -24.94700050 363.91799927 0.990130 0.127352 0.058513
36.71799850 -35.32699966 375.91799927 0.369102 0.837154 -0.403656
36.71799850 -35.21300125 376.21798706 0.470050 0.825338 -0.312842
37.01800156 -35.38399887 376.21798706 0.431914 0.849895 -0.301875
15.16699982 -24.64699936 363.61801147 0.805674 -0.291682 0.515568
15.14799976 -24.94700050 363.61801147 0.757475 0.351975 0.549859
15.41800022 -24.64699936 363.37399292 0.481921 -0.068052 0.873568
15.41800022 -24.94700050 363.42498779 0.299669 0.387897 0.871627
38.95800018 -32.74700165 377.71798706 -0.859869 0.476715 -0.182667
39.10800171 -32.44699860 377.71798706 -0.831408 0.511049 -0.218149
38.89099884 -32.74700165 378.01800537 -0.854844 0.481875 -0.192452
39.06100082 -32.44699860 378.01800537 -0.839253 0.524717 -0.142570
15.41800022 -25.21400070 363.61801147 0.431909 0.726468 0.534508
16.01799965 -25.24699974 363.54299927 0.038814 0.426958 0.903438
15.71800041 -25.24699974 363.58200073 0.134192 0.468951 0.872970
39.05099869 -33.64699936 375.01800537 -0.829301 0.495728 -0.257902
38.86500168 -33.94699860 375.01800537 -0.810365 0.519945 -0.270122
38.68600082 -32.44699860 379.51800537 -0.827079 0.515204 -0.224733
38.61199951 -32.44699860 379.81799316 -0.850167 0.495806 -0.177180
16.61800003 -24.64699936 363.28399658 0.011710 0.409850 0.912078
16.31800079 -24.64699936 363.29598999 0.044036 0.415009 0.908751
16.61800003 -25.54700089 363.67401123 0.100984 0.410854 0.906091
16.31800079 -25.54700089 363.72299194 0.240150 0.534528 0.810313
16.61800003 -25.24699974 363.54699707 0.021954 0.370633 0.928520
16.31800079 -25.24699974 363.55599976 -0.006548 0.430890 0.902381
38.50299835 -32.74700165 379.51800537 -0.851834 0.497518 -0.163871
16.61800003 -24.94700050 363.43399048 0.032921 0.401638 0.915207
16.31800079 -24.94700050 363.43798828 -0.022179 0.397912 0.917155
38.45600128 -32.74700165 379.81799316 -0.857104 0.482771 -0.179739
38.96200180 -33.94699860 374.71798706 -0.829814 0.507705 -0.231612
37.95500183 -33.34700012 380.11801147 -0.811270 0.544425 -0.213169
38.18899918 -33.04700089 380.11801147 -0.795095 0.559511 -0.234034
38.09899902 -33.04700089 380.41799927 -0.802265 0.559898 -0.207086
40.66999817 -24.34700012 391.81799316 -0.808863 0.566653 -0.156988
40.90499878 -24.04700089 391.51800537 -0.837804 0.491655 -0.237403
40.72900009 -24.34700012 391.51800537 -0.842569 0.513834 -0.161406
38.37699890 -32.74700165 380.11801147 -0.831525 0.516485 -0.204473
38.30899811 -32.74700165 380.41799927 -0.806427 0.551442 -0.213511
38.50899887 -32.44699860 380.41799927 -0.827527 0.523848 -0.201947
17.21800041 -24.64699936 363.30200195 -0.024778 0.392539 0.919402
16.91799927 -24.64699936 363.28900146 -0.027592 0.400735 0.915778
17.21800041 -24.94700050 363.42498779 -0.019280 0.368883 0.929276
16.91799927 -24.94700050 363.41699219 0.014226 0.386688 0.922101
38.03499985 -33.04700089 380.71798706 -0.832543 0.528717 -0.165317
37.97999954 -33.04700089 381.01800537 -0.810292 0.550877 -0.199903
17.81800079 -24.64699936 363.29998779 0.024804 0.390329 0.920341
17.51799965 -24.64699936 363.30499268 0.003829 0.379077 0.925357
42.12099838 -23.44700050 388.21798706 -0.836029 0.505259 -0.213938
17.81800079 -24.94700050 363.42700195 0.011568 0.381758 0.924190
17.51799965 -24.94700050 363.42898560 -0.003807 0.366788 0.930297
37.83800125 -33.34700012 380.71798706 -0.889996 0.404543 -0.210363
37.75299835 -33.34700012 381.01800537 -0.870391 0.394801 -0.294195
18.41799927 -24.64699936 363.29299927 0.006465 0.399521 0.916701
18.11800003 -24.64699936 363.28799438 0.011616 0.391087 0.920280
37.64599991 -33.34700012 381.31799316 -0.753089 0.600886 -0.267941
37.88600159 -33.04700089 381.31799316 -0.792146 0.554658 -0.254674
37.78699875 -33.04700089 381.61801147 -0.907660 0.399819 -0.127662
18.41799927 -24.94700050 363.42999268 0.022118 0.391623 0.919860
18.11800003 -24.94700050 363.42199707 -0.003859 0.392363 0.919802
19.01799965 -24.64699936 363.28399658 0.009155 0.422438 0.906345
18.71800041 -24.64699936 363.28399658 0.014186 0.380452 0.924692
42.16999817 -23.44700050 387.91799927 -0.826210 0.526046 -0.201626
19.01799965 -24.94700050 363.42700195 -0.025108 0.424199 0.905221
18.71800041 -24.94700050 363.40798950 0.003885 0.407937 0.913002
19.61800003 -24.64699936 363.26901245 0.014436 0.421260 0.906825
19.31800079 -24.64699936 363.27801514 0.022607 0.440171 0.897629
19.61800003 -24.94700050 363.41101074 0.055425 0.423123 0.904375
19.31800079 -24.94700050 363.42401123 0.022607 0.440171 0.897629
20.21800041 -24.64699936 363.27301025 0.049255 0.395368 0.917201
19.91799927 -24.64699936 363.26800537 -0.006447 0.393289 0.919393
20.21800041 -24.34700012 363.12500000 0.033393 0.436784 0.898947
19.91799927 -24.34700012 363.13000488 0.011679 0.403581 0.914870
20.21800041 -24.04700089 362.98199463 0.049723 0.417943 0.907111
19.91799927 -24.04700089 363.00399780 0.040882 0.391679 0.919193
20.81800079 -24.64699936 363.20700073 0.068534 0.391046 0.917816
20.51799965 -24.64699936 363.23498535 0.100099 0.385311 0.917342
20.81800079 -24.34700012 363.08599854 0.060119 0.386100 0.920496
20.51799965 -24.34700012 363.10800171 0.060394 0.401284 0.913961
20.81800079 -24.04700089 362.95599365 0.043741 0.398974 0.915918
20.51799965 -24.04700089 362.97100830 0.038407 0.401287 0.915147
21.41799927 -24.34700012 363.06298828 0.035528 0.390810 0.919785
21.11800003 -24.34700012 363.06799316 0.035379 0.381302 0.923773
21.41799927 -24.04700089 362.92898560 0.035772 0.406739 0.912844
21.11800003 -24.04700089 362.94299316 0.041207 0.405423 0.913200
22.01799965 -24.34700012 363.02301025 0.043788 0.396742 0.916885
21.71800041 -24.34700012 363.04400635 0.060057 0.388371 0.919544
22.01799965 -24.04700089 362.90100098 0.046689 0.409529 0.911102
21.71800041 -24.04700089 362.92001343 0.043741 0.398974 0.915918
22.61800003 -23.74699974 362.72799683 0.063807 0.419495 0.905512
22.31800079 -23.74699974 362.74798584 0.038664 0.417307 0.907943
22.61800003 -24.04700089 362.87701416 0.049602 0.416926 0.907586
22.31800079 -24.04700089 362.89001465 0.035772 0.406739 0.912844
22.61800003 -24.34700012 363.00299072 0.038407 0.401287 0.915147
22.31800079 -24.34700012 363.01599121 0.030298 0.407052 0.912902
23.21800041 -23.74699974 362.71899414 -0.019409 0.379116 0.925146
23.21800041 -24.04700089 362.84600830 0.043481 0.380787 0.923640
22.91799927 -24.04700089 362.85699463 0.047056 0.428883 0.902134
23.21800041 -24.34700012 362.96701050 0.046223 0.381671 0.923142
22.91799927 -24.34700012 362.98999023 0.054524 0.384327 0.921586
19.52099991 -12.04699993 377.41799927 0.840217 -0.489491 0.233309
19.35899925 -12.34700012 377.41799927 0.820079 -0.521588 0.235407
19.61800003 -12.04699993 377.11801147 0.849263 -0.475526 0.229407
19.44599915 -12.34700012 377.11801147 0.834363 -0.509129 0.211250
23.81800079 -24.04700089 362.81399536 0.041434 0.423693 0.904858
23.51799965 -24.04700089 362.82901001 0.048766 0.372993 0.926552
23.81800079 -24.34700012 362.95901489 0.046803 0.410526 0.910647
23.51799965 -24.34700012 362.95999146 0.011628 0.388897 0.921208
23.51799965 -23.74699974 362.71798706 0.061955 0.357229 0.931960
24.41799927 -24.04700089 362.78100586 0.038520 0.413095 0.909873
24.11800003 -24.04700089 362.80200195 0.049525 0.408246 0.911527
24.41799927 -24.34700012 362.91799927 0.025172 0.430569 0.902207
24.11800003 -24.34700012 362.92898560 0.063395 0.408698 0.910465
24.41799927 -23.44700050 362.50900269 0.073004 0.442159 0.893961
24.11800003 -23.44700050 362.54000854 0.075251 0.420038 0.904381
24.41799927 -23.74699974 362.64498901 0.069276 0.411580 0.908737
24.11800003 -23.74699974 362.66000366 0.052109 0.399503 0.915250
25.01799965 -23.44700050 362.42300415 0.192944 0.483107 0.854038
24.71800041 -23.44700050 362.49099731 0.128577 0.422467 0.897212
25.01799965 -23.74699974 362.59298706 0.115239 0.459533 0.880653
24.71800041 -23.74699974 362.61499023 0.078278 0.429840 0.899505
25.31800079 -23.74699974 362.53601074 0.165306 0.463734 0.870416
39.14799881 -33.64699936 374.71798706 -0.838185 0.497435 -0.223617
19.80400085 -15.64700031 367.21798706 0.823095 -0.532056 0.198574
19.59600067 -15.94699955 367.21798706 0.815982 -0.529077 0.232917
19.87700081 -15.64700031 366.91799927 0.836029 -0.505259 0.213938
19.68199921 -15.94699955 366.91799927 0.816511 -0.522133 0.246348
19.41600037 -16.24699974 367.21798706 0.850053 -0.485959 0.203110
19.49399948 -16.24699974 366.91799927 0.829959 -0.496121 0.255015
19.32399940 -16.54700089 366.91799927 0.842313 -0.502985 0.193687
19.60099983 -16.24699974 366.61801147 0.813838 -0.521292 0.256756
19.39200020 -16.54700089 366.61801147 0.808325 -0.547575 0.216269
19.68400002 -16.24699974 366.31799316 0.841806 -0.497225 0.210074
19.48399925 -16.54700089 366.31799316 0.804990 -0.566363 0.176705
19.16300011 -17.14699936 366.01800537 0.854844 -0.481875 0.192452
19.22599983 -17.14699936 365.71798706 0.867326 -0.456722 0.197863
19.19499969 -16.84700012 366.61801147 0.838683 -0.515768 0.174913
19.02199936 -17.14699936 366.61801147 0.837476 -0.504303 0.210505
19.26199913 -16.84700012 366.31799316 0.821007 -0.539778 0.185974
19.09199905 -17.14699936 366.31799316 0.842216 -0.501714 0.197371
18.83399963 -17.44700050 366.61801147 0.850179 -0.497051 0.173597
18.90500069 -17.44700050 366.31799316 0.828604 -0.514253 0.221266
18.71999931 -17.74699974 366.31799316 0.835193 -0.521435 0.174808
18.99399948 -17.44700050 366.01800537 0.830766 -0.506415 0.231023
18.79700089 -17.74699974 366.01800537 0.830111 -0.513298 0.217809
19.07099915 -17.44700050 365.71798706 0.844659 -0.491081 0.213053
18.87800026 -17.74699974 365.71798706 0.833244 -0.519836 0.188346
18.56200027 -18.34700012 365.41799927 0.831841 -0.520844 0.191731
18.63299942 -18.34700012 365.11801147 0.824406 -0.513135 0.238847
18.62299919 -18.04700089 366.01800537 0.820187 -0.525839 0.225360
18.41300011 -18.34700012 366.01800537 0.825244 -0.527366 0.202132
18.69700050 -18.04700089 365.71798706 0.826006 -0.530033 0.191778
18.49399948 -18.34700012 365.71798706 0.822433 -0.530553 0.205228
18.23900032 -18.64699936 366.01800537 0.843789 -0.492337 0.213598
18.31100082 -18.64699936 365.71798706 0.840181 -0.501081 0.207396
18.13500023 -18.94700050 365.71798706 0.854875 -0.471915 0.215603
18.38800049 -18.64699936 365.41799927 0.846714 -0.491786 0.203031
18.21400070 -18.94700050 365.41799927 0.854207 -0.474560 0.212422
18.45599937 -18.64699936 365.11801147 0.844495 -0.489716 0.216809
18.28400040 -18.94700050 365.11801147 0.846268 -0.498774 0.187228
17.38699913 -20.74699974 364.21798706 0.830102 -0.488752 0.268426
17.48800087 -20.74699974 363.91799927 0.846529 -0.481777 0.226450
17.41900063 -20.44700050 364.81799316 0.825751 -0.538012 0.169346
17.24099922 -20.74699974 364.81799316 0.852529 -0.488226 0.186631
17.46400070 -20.44700050 364.51800537 0.800671 -0.552881 0.230754
17.29500008 -20.74699974 364.51800537 0.862965 -0.459151 0.210881
17.07600021 -21.04700089 364.81799316 0.842288 -0.488923 0.226946
17.14399910 -21.04700089 364.51800537 0.864440 -0.445043 0.233836
16.98600006 -21.34700012 364.51800537 0.827644 -0.515556 0.221827
17.23900032 -21.04700089 364.21798706 0.842910 -0.471354 0.259475
17.05299950 -21.34700012 364.21798706 0.810440 -0.546932 0.209887
17.32799911 -21.04700089 363.91799927 0.849209 -0.494004 0.186557
17.13999939 -21.34700012 363.91799927 0.810054 -0.554727 0.189975
16.80200005 -21.94700050 363.61801147 0.839650 -0.500764 0.210291
16.87599945 -21.94700050 363.31799316 0.838754 -0.502039 0.210826
16.83499908 -21.64699936 364.21798706 0.805621 -0.558909 0.196456
16.63699913 -21.94700050 364.21798706 0.839363 -0.509023 0.190696
16.91799927 -21.64699936 363.91799927 0.803446 -0.554577 0.216608
16.72699928 -21.94700050 363.91799927 0.825535 -0.516151 0.228209
16.47299957 -22.24699974 364.21798706 0.859679 -0.463597 0.214545
16.54299927 -22.24699974 363.91799927 0.835877 -0.496636 0.233801
16.37100029 -22.54700089 363.91799927 0.838649 -0.521002 0.158824
16.63999939 -22.24699974 363.61801147 0.824556 -0.517459 0.228787
16.42600060 -22.54700089 363.61801147 0.819286 -0.536564 0.202162
16.70999908 -22.24699974 363.31799316 0.845989 -0.504025 0.173956
16.51899910 -22.54700089 363.31799316 0.819067 -0.522907 0.236002
16.32699966 -22.84700012 363.31799316 0.838449 -0.488968 0.240652
16.24699974 -22.84700012 363.61801147 0.838038 -0.500389 0.217494
16.06800079 -23.14699936 363.61801147 0.826433 -0.505129 0.248702
16.16799927 -23.14699936 363.31799316 0.823781 -0.493646 0.278746
15.88000011 -23.44700050 363.61801147 0.830840 -0.514908 0.211128
15.96800041 -23.44700050 363.31799316 0.810984 -0.509806 0.287060
15.79199982 -23.74699974 363.31799316 0.792700 -0.431061 0.431061
16.09199905 -23.44700050 363.01800537 0.701062 -0.172593 0.691898
16.01799965 -23.74699974 363.02099609 0.610700 -0.004117 0.791851
19.01799965 -26.14699936 363.92001343 -0.011695 0.406713 0.913481
19.61800003 -26.14699936 363.92401123 0.003855 0.394537 0.918872
19.31800079 -26.14699936 363.92300415 -0.006415 0.386156 0.922411
19.61800003 -26.44700050 364.05398560 0.006406 0.383061 0.923701
19.31800079 -26.44700050 364.04998779 -0.006376 0.368523 0.929597
19.61800003 -26.74699974 364.17199707 -0.011454 0.360149 0.932824
19.31800079 -26.74699974 364.16101074 0.008874 0.356245 0.934350
19.91799927 -26.14699936 363.92001343 0.011768 0.417121 0.908775
20.21800041 -26.44700050 364.04598999 -0.001272 0.375114 0.926978
19.91799927 -26.44700050 364.04598999 0.011596 0.382667 0.923813
20.21800041 -26.74699974 364.15798950 0.011552 0.378658 0.925465
19.91799927 -26.74699974 364.16799927 0.022057 0.385351 0.922507
20.81800079 -26.44700050 364.03100586 0.046307 0.390301 0.919522
20.51799965 -26.44700050 364.04699707 0.022017 0.376876 0.926002
20.81800079 -26.74699974 364.16299438 0.014270 0.398259 0.917162
20.51799965 -26.74699974 364.16101074 -0.006421 0.383969 0.923324
21.41799927 -26.44700050 364.01400757 0.008977 0.380863 0.924588
21.11800003 -26.44700050 364.01699829 0.027298 0.380869 0.924226
21.41799927 -26.74699974 364.13900757 0.014308 0.404527 0.914414
21.11800003 -26.74699974 364.15200806 0.035685 0.405757 0.913284
21.41799927 -27.04700089 364.27899170 0.011679 0.403581 0.914870
21.11800003 -27.04700089 364.28298950 0.019409 0.379116 0.925146
21.41799927 -27.34700012 364.40301514 0.003818 0.372924 0.927854
21.11800003 -27.34700012 364.39801025 -0.003834 0.382161 0.924088
22.01799965 -27.04700089 364.26501465 0.022057 0.385351 0.922507
21.71800041 -27.04700089 364.27499390 0.022141 0.389417 0.920795
22.01799965 -27.34700012 364.38299561 0.024487 0.362151 0.931798
21.71800041 -27.34700012 364.39599609 0.030082 0.385834 0.922078
26.21800041 -30.04700089 365.45300293 0.066333 0.412892 0.908361
25.91799927 -30.04700089 365.47100830 0.046307 0.390301 0.919522
26.21800041 -30.34700012 365.58898926 0.021933 0.372858 0.927629
25.91799927 -30.34700012 365.58599854 0.008822 0.344056 0.938908
26.51799965 -30.04700089 365.42800903 0.054998 0.409130 0.910817
26.81800079 -30.34700012 365.56100464 0.025104 0.418842 0.907712
26.51799965 -30.34700012 365.57199097 0.043801 0.402174 0.914515
26.81800079 -30.04700089 365.41598511 0.025044 0.417840 0.908175
27.41799927 -30.34700012 365.54699707 0.040882 0.391679 0.919193
27.11800003 -30.34700012 365.55599976 0.022209 0.401063 0.915781
27.41799927 -30.04700089 365.40798950 0.027953 0.432605 0.901150
27.11800003 -30.04700089 365.41198730 0.011843 0.432915 0.901357
37.75899887 -33.04700089 382.51800537 -0.992995 0.046003 -0.108837
33.41799927 -34.24700165 367.05599976 0.030010 0.384905 0.922468
33.11800003 -34.24700165 367.06698608 0.011536 0.375561 0.926726
33.41799927 -34.54700089 367.16101074 0.029868 0.370105 0.928510
33.11800003 -34.54700089 367.18099976 0.059684 0.370042 0.927096
34.01800156 -34.84700012 367.29800415 0.014456 0.429736 0.902839
33.71799850 -34.84700012 367.29800415 -0.006500 0.417317 0.908738
34.01800156 -35.14699936 367.44400024 0.011691 0.401405 0.915826
33.71799850 -35.14699936 367.43701172 -0.011664 0.400452 0.916244
36.71799850 -36.25500107 373.81799316 0.522492 0.795648 -0.306507
39.34500122 -28.54700089 386.71798706 -0.832950 0.528975 -0.162418
29.81800079 -33.04700089 366.65301514 -0.001270 0.372047 0.928213
29.51799965 -33.04700089 366.64999390 0.024464 0.364387 0.930926
29.81800079 -33.34700012 366.77099609 0.016812 0.386672 0.922064
29.51799965 -33.34700012 366.77899170 0.033089 0.408984 0.911941
39.53499985 -28.24699974 386.71798706 -0.859118 0.486099 -0.160075
39.28400040 -28.54700089 387.01800537 -0.813664 0.540911 -0.212993
37.01800156 -36.43600082 373.81799316 0.438540 0.804794 -0.399987
39.49599838 -28.24699974 387.01800537 -0.838185 0.497435 -0.223617
32.81800079 -32.44699860 366.29598999 0.030379 0.413413 0.910037
32.51800156 -32.44699860 366.30899048 0.043481 0.380787 0.923640
37.01800156 -36.58800125 373.51800537 0.472171 0.794472 -0.381927
15.64700031 -15.04699993 385.81799316 0.887725 -0.431593 0.160224
15.52099991 -15.34700012 385.81799316 0.935193 -0.354028 0.008882
15.70899963 -15.04699993 385.51800537 0.871705 -0.452815 0.187321
15.54300022 -15.34700012 385.51800537 0.928352 -0.343476 0.142081
32.81800079 -32.74700165 366.42401123 0.024973 0.406134 0.913472
32.51800156 -32.74700165 366.42700195 0.030040 0.382679 0.923393
15.71800041 -15.77200031 385.81799316 0.999999 -0.000978 -0.000978
36.71799850 -36.36500168 373.51800537 0.519304 0.782975 -0.342451
15.48900032 -15.64700031 385.51800537 0.910956 0.281303 -0.301709
42.46099854 -22.84700012 388.21798706 -0.816928 0.553113 -0.163386
15.77600002 -15.04699993 385.21798706 0.857034 -0.469793 0.211632
33.41799927 -32.44699860 366.27301025 0.046626 0.406315 0.912543
33.11800003 -32.44699860 366.28900146 0.035637 0.402571 0.914695
15.85700035 -15.04699993 384.91799927 0.841099 -0.495567 0.216716
33.41799927 -32.74700165 366.40100098 0.022351 0.411519 0.911127
42.27299881 -23.14699936 388.21798706 -0.846529 0.481777 -0.226450
33.11800003 -32.74700165 366.41101074 0.035492 0.393036 0.918838
42.53300095 -22.84700012 387.91799927 -0.829625 0.503316 -0.241653
34.01800156 -32.74700165 366.39199829 0.006524 0.421447 0.906829
15.49899960 -15.64700031 385.21798706 0.992368 -0.096844 0.076336
33.71799850 -32.74700165 366.39599609 0.014420 0.423416 0.905821
15.55399990 -15.94699955 385.21798706 0.868448 0.406087 -0.284413
15.53400040 -15.64700031 384.91799927 0.962187 -0.256839 0.090724
15.52200031 -15.94699955 384.91799927 0.915205 0.357257 -0.186457
34.01800156 -32.44699860 366.26400757 0.030258 0.403876 0.914313
33.71799850 -32.44699860 366.25900269 0.014206 0.383568 0.923404
42.36600113 -23.14699936 387.91799927 -0.823745 0.501073 -0.265274
34.61800003 -32.44699860 366.23999023 -0.006532 0.424592 0.905361
34.31800079 -32.44699860 366.23901367 0.036100 0.429186 0.902494
34.61800003 -32.74700165 366.39300537 0.014265 0.392940 0.919454
34.31800079 -32.74700165 366.39099121 -0.001305 0.432009 0.901868
35.21799850 -32.44699860 366.23999023 0.052540 0.424365 0.903965
34.91799927 -32.44699860 366.24398804 0.001307 0.440405 0.897798
15.55399990 -15.64700031 384.61801147 0.924836 -0.366393 0.102154
15.47299957 -15.94699955 384.61801147 0.972511 -0.215422 -0.088410
15.60000038 -15.64700031 384.31799316 0.878404 -0.426568 0.215514
15.46800041 -15.94699955 384.31799316 0.976031 -0.185733 0.113434
16.01799965 -16.52400017 384.61801147 0.632532 0.697574 -0.336592
15.71800041 -16.28199959 384.61801147 0.582095 0.732103 -0.353823
15.71800041 -16.48699951 384.31799316 0.604900 0.693905 -0.390630
15.48799992 -16.24699974 384.31799316 0.842901 0.398775 -0.361243
15.70199966 -15.64700031 384.01800537 0.840865 -0.463018 0.280288
15.54100037 -15.94699955 384.01800537 0.902659 -0.373564 0.213673
15.60799980 -15.94699955 383.71798706 0.858621 -0.477673 0.186010
15.45499992 -16.24699974 384.01800537 0.972600 -0.230194 -0.032541
15.46800041 -16.24699974 383.71798706 0.962193 -0.249266 0.109780
15.45499992 -16.54700089 383.71798706 0.856674 0.412130 -0.310255
35.81800079 -32.44699860 366.20098877 0.035733 0.408947 0.911858
35.51800156 -32.44699860 366.20999146 0.060394 0.401284 0.913961
16.01799965 -17.11000061 383.41799927 0.535544 0.794627 -0.285939
15.71800041 -16.86300087 383.41799927 0.590874 0.758791 -0.274052
15.71800041 -17.01199913 383.11801147 0.597578 0.712182 -0.368370
15.57600021 -16.54700089 382.21798706 0.886576 -0.425030 0.182573
15.65299988 -16.54700089 381.91799927 0.860936 -0.458264 0.220868
15.47799969 -17.44700050 381.61801147 0.824110 0.417612 -0.382679
15.44400024 -17.44700050 381.31799316 0.991009 -0.095755 -0.093448
15.56200027 -16.84700012 381.61801147 0.895954 -0.420201 0.143865
15.44900036 -17.14699936 381.61801147 0.988690 -0.141570 0.049492
15.60900021 -16.84700012 381.31799316 0.867885 -0.458421 0.191380
15.47700024 -17.14699936 381.31799316 0.956816 -0.267595 0.113565
15.76700020 -16.84700012 380.71798706 0.852985 -0.476889 0.212118
15.69499969 -16.84700012 381.01800537 0.840916 -0.494209 0.220493
15.51900005 -17.14699936 381.01800537 0.891217 -0.408292 0.197560
15.60999966 -17.14699936 380.71798706 0.852746 -0.471055 0.225682
42.71799850 -30.83200073 365.11801147 -0.208388 0.767177 0.606641
43.01800156 -30.70199966 365.11801147 -0.502233 0.854525 0.132473
43.13700104 -30.64699936 365.41799927 -0.595964 0.801664 0.046494
40.77899933 -31.84700012 372.61801147 -0.831096 0.524507 -0.184855
40.57400131 -32.14699936 372.61801147 -0.813341 0.548815 -0.193074
15.31400013 -20.44700050 373.21798706 0.814650 -0.531293 0.232537
40.82199860 -31.84700012 372.31799316 -0.824831 0.536366 -0.178789
15.12500000 -20.74699974 373.21798706 0.877493 -0.459639 0.136883
15.42199993 -20.44700050 372.91799927 0.805986 -0.531608 0.260347
15.22799969 -20.74699974 372.91799927 0.798655 -0.516030 0.309618
15.71000004 -20.14699936 372.61801147 0.798978 -0.553855 0.234263
40.63700104 -32.14699936 372.31799316 -0.835847 0.503944 -0.217716
15.50699997 -20.44700050 372.61801147 0.838876 -0.494800 0.226847
15.35700035 -20.74699974 372.61801147 0.816823 -0.511876 0.266051
15.58300018 -20.44700050 372.31799316 0.824800 -0.518752 0.224946
15.42199993 -20.74699974 372.31799316 0.862110 -0.470377 0.188447
15.73600006 -20.44700050 371.71798706 0.843442 -0.511402 0.164538
15.33100033 -21.04700089 372.01800537 0.872220 -0.435362 0.222917
15.18900013 -21.34700012 372.01800537 0.891491 -0.341962 0.297164
15.40799999 -21.04700089 371.71798706 0.871243 -0.446753 0.203340
15.24600029 -21.34700012 371.71798706 0.908461 -0.379122 0.175970
15.67099953 -20.44700050 372.01800537 0.827633 -0.519748 0.211862
15.48799992 -20.74699974 372.01800537 0.854578 -0.484708 0.186426
15.55300045 -20.74699974 371.71798706 0.862612 -0.471995 0.181992
15.61400032 -20.74699974 371.41799927 0.864265 -0.458254 0.207483
15.69600010 -20.74699974 371.11801147 0.823796 -0.512755 0.241749
15.47099972 -21.04700089 371.41799927 0.878571 -0.451629 0.155384
15.30500031 -21.34700012 371.41799927 0.910114 -0.388033 0.145336
15.51500034 -21.04700089 371.11801147 0.848093 -0.500539 0.173777
15.34099960 -21.34700012 371.11801147 0.879321 -0.449107 0.158423
42.71799850 -31.03300095 365.41799927 -0.572003 0.729345 0.375326
15.63700008 -21.94700050 368.41799927 0.829927 -0.521539 0.198034
15.69699955 -21.94700050 368.11801147 0.835648 -0.522839 0.168321
15.43200016 -22.24699974 368.41799927 0.840922 -0.498492 0.210609
15.28199959 -22.54700089 368.41799927 0.891151 -0.391634 0.229069
15.51599979 -22.24699974 368.11801147 0.857513 -0.474400 0.199039
15.36600018 -22.54700089 368.11801147 0.876146 -0.434367 0.209030
15.68400002 -22.54700089 366.61801147 0.848704 -0.482597 0.216336
15.52400017 -22.84700012 366.61801147 0.843070 -0.494944 0.210389
15.33199978 -23.14699936 366.61801147 0.850614 -0.497305 0.170717
15.58800030 -22.84700012 366.31799316 0.824815 -0.522942 0.214970
15.39299965 -23.14699936 366.31799316 0.841245 -0.509528 0.180800
15.53100014 -23.74699974 364.21798706 0.820734 -0.530344 0.212443
15.60799980 -23.74699974 363.91799927 0.824556 -0.517459 0.228787
15.73499966 -23.44700050 364.21798706 0.819785 -0.520278 0.239297
15.81599998 -23.44700050 363.91799927 0.828481 -0.522534 0.201440
15.69699955 -23.74699974 363.61801147 0.833731 -0.488526 0.257362
21.41799927 -23.14699936 362.51300049 0.017079 0.419080 0.907789
21.11800003 -23.14699936 362.52398682 0.038520 0.413095 0.909873
21.41799927 -22.84700012 362.37399292 0.011740 0.416132 0.909229
21.11800003 -22.84700012 362.38598633 0.040982 0.392631 0.918783
22.01799965 -23.14699936 362.49798584 0.027440 0.388086 0.921215
21.71800041 -23.14699936 362.51300049 0.022179 0.397912 0.917155
22.01799965 -22.84700012 362.37600708 0.035724 0.403545 0.914262
21.71800041 -22.84700012 362.37899780 -0.003881 0.410093 0.912036
22.61800003 -22.54700089 362.17700195 0.052600 0.422152 0.904998
22.31800079 -22.54700089 362.20700073 0.086877 0.426112 0.900489
22.61800003 -23.14699936 362.48901367 0.032965 0.404816 0.913804
22.31800079 -23.14699936 362.49499512 0.014285 0.396072 0.918108
22.61800003 -22.84700012 362.33401489 0.061796 0.460039 0.885746
22.31800079 -22.84700012 362.35501099 0.063981 0.431535 0.899825
42.91600037 -30.94700050 365.71798706 -0.767977 0.607917 0.201613
43.13600159 -30.64699936 365.71798706 -0.806995 0.590518 -0.006851
42.94200134 -30.94700050 366.01800537 -0.805795 0.591473 -0.029226
43.13199997 -30.64699936 366.01800537 -0.831701 0.549237 -0.081316
42.68000031 -22.54700089 388.21798706 -0.822972 0.546168 -0.156261
42.71799850 -31.19300079 365.71798706 -0.621776 0.724602 0.297231
42.41799927 -31.43600082 365.71798706 -0.479496 0.728369 0.489451
42.46200180 -31.54700089 366.01800537 -0.728397 0.657559 0.192494
42.69400024 -31.24699974 366.01800537 -0.779890 0.624758 0.038078
42.60100174 -29.14699936 372.01800537 -0.819286 0.536564 -0.202162
42.65399933 -29.14699936 371.71798706 -0.836592 0.511000 -0.197466
42.18700027 -31.84700012 366.01800537 -0.528938 0.676705 0.512147
42.85800171 -22.24699974 388.21798706 -0.834524 0.510408 -0.207495
42.93799973 -22.24699974 387.91799927 -0.822858 0.535990 -0.188729
42.73099899 -22.54700089 387.91799927 -0.817465 0.550476 -0.169493
42.47399902 -31.54700089 366.31799316 -0.791719 0.601472 -0.106831
42.70500183 -31.24699974 366.31799316 -0.813690 0.574623 -0.087850
42.38199997 -31.54700089 366.61801147 -0.809835 0.559495 -0.176445
42.63000107 -31.24699974 366.61801147 -0.788097 0.583039 -0.197407
42.25600052 -31.84700012 366.31799316 -0.794415 0.606005 0.040775
42.21699905 -31.84700012 366.61801147 -0.858963 0.499263 -0.113665
41.51800156 -32.69800186 366.31799316 -0.504550 0.707702 0.494559
41.81800079 -32.33800125 366.31799316 -0.570500 0.751508 0.331310
41.56499863 -32.74700165 366.61801147 -0.793912 0.591338 0.141504
41.78099823 -32.44699860 366.61801147 -0.838360 0.544728 0.020582
42.02000046 -32.14699936 366.31799316 -0.707673 0.660178 0.251723
42.03300095 -32.14699936 366.61801147 -0.813878 0.576438 -0.072949
41.96699905 -32.14699936 366.91799927 -0.806992 0.556810 -0.196790
41.88700104 -32.14699936 367.21798706 -0.806451 0.547400 -0.223586
42.08200073 -31.84700012 367.21798706 -0.811835 0.526218 -0.253019
39.41799927 -35.44699860 367.48498535 -0.042139 0.468970 0.882208
39.11800003 -35.44699860 367.47100830 -0.014438 0.426574 0.904337
38.81800079 -35.44699860 367.47601318 -0.003824 0.375998 0.926612
38.51800156 -35.44699860 367.46899414 0.014251 0.395130 0.918515
43.25600052 -21.64699936 388.21798706 -0.816838 0.523456 -0.242426
43.04600143 -21.94700050 388.21798706 -0.815417 0.541071 -0.205759
41.58700180 -32.74700165 366.91799927 -0.832949 0.548180 -0.075464
41.76200104 -32.44699860 366.91799927 -0.833684 0.531603 -0.149560
43.12300110 -21.94700050 387.91799927 -0.817585 0.536397 -0.209363
41.67399979 -32.44699860 367.21798706 -0.833439 0.526304 -0.168477
16.74300003 -15.34700012 380.41799927 0.822519 -0.509621 0.252487
16.85099983 -15.34700012 380.11801147 0.843451 -0.468584 0.262714
16.77400017 -15.04699993 381.01800537 0.828404 -0.517180 0.215110
16.60400009 -15.34700012 381.01800537 0.836280 -0.489492 0.247048
16.85600090 -15.04699993 380.71798706 0.804002 -0.550919 0.223762
16.66699982 -15.34700012 380.71798706 0.864134 -0.461170 0.201482
16.64500046 -15.04699993 381.61801147 0.835045 -0.510726 0.204594
16.46100044 -15.34700012 381.61801147 0.840786 -0.518657 0.155154
16.70000076 -15.04699993 381.31799316 0.815964 -0.550512 0.176465
16.49099922 -15.34700012 381.31799316 0.827669 -0.525047 0.198217
37.87099838 -36.04700089 373.81799316 -0.819786 0.536892 -0.199243
37.66899872 -36.34700012 373.81799316 -0.796821 0.543216 -0.264563
37.77600098 -36.34700012 373.51800537 -0.823796 0.512755 -0.241749
41.50999832 -32.74700165 367.21798706 -0.839840 0.509313 -0.187800
41.11299896 -33.34700012 366.91799927 -0.794415 0.606005 -0.040775
41.36899948 -33.04700089 366.91799927 -0.764543 0.643899 -0.029459
41.09799957 -33.34700012 367.21798706 -0.823416 0.565310 -0.049096
41.31100082 -33.04700089 367.21798706 -0.817372 0.560188 -0.134504
41.45299911 -32.74700165 367.51800537 -0.835998 0.517808 -0.181608
41.37900162 -32.74700165 367.81799316 -0.835045 0.510726 -0.204594
41.07799911 -33.34700012 367.51800537 -0.836289 0.540790 -0.090371
41.27000046 -33.04700089 367.51800537 -0.836462 0.524460 -0.158972
41.03300095 -33.34700012 367.81799316 -0.833469 0.515813 -0.198157
41.19699860 -33.04700089 367.81799316 -0.845911 0.488782 -0.213369
40.93500137 -33.34700012 368.11801147 -0.841230 0.482673 -0.243635
41.11899948 -33.04700089 368.11801147 -0.832825 0.514258 -0.204793
41.04899979 -33.04700089 368.41799927 -0.838660 0.506218 -0.200976
40.85900116 -33.34700012 368.41799927 -0.838007 0.504623 -0.207607
40.73099899 -33.94699860 367.51800537 -0.856965 0.502657 -0.113782
40.88199997 -33.64699936 367.51800537 -0.859028 0.500502 -0.107558
40.64199829 -33.94699860 367.81799316 -0.844241 0.480897 -0.236632
40.82500076 -33.64699936 367.81799316 -0.827892 0.540573 -0.149583
40.56299973 -33.94699860 368.11801147 -0.823939 0.538787 -0.175594
40.77399826 -33.64699936 368.11801147 -0.834070 0.517335 -0.191550
40.51499939 -33.94699860 368.41799927 -0.835539 0.517524 -0.184509
40.68700027 -33.64699936 368.41799927 -0.843605 0.483585 -0.233402
20.22999954 -7.84700012 385.21798706 0.755064 -0.625888 0.195302
20.30699921 -7.84700012 384.91799927 0.808793 -0.560864 0.176876
20.05900002 -8.14700031 384.91799927 0.846815 -0.506907 0.161087
19.93799973 -8.44699955 385.21798706 0.816854 -0.576843 0.001364
19.95199966 -8.44699955 384.91799927 0.880346 -0.466065 0.088175
19.99699974 -8.44699955 384.61801147 0.845003 -0.501019 0.186948
20.08300018 -8.44699955 384.31799316 0.852830 -0.479811 0.206063
40.38299942 -34.24700165 368.11801147 -0.835877 0.496636 -0.233801
40.43000031 -33.94699860 368.71798706 -0.812516 0.523553 -0.256339
40.60699844 -33.64699936 368.71798706 -0.835877 0.496636 -0.233801
40.32699966 -33.94699860 369.01800537 -0.845337 0.492737 -0.206437
40.51900101 -33.64699936 369.01800537 -0.815719 0.545331 -0.192917
19.80800056 -8.74699974 384.61801147 0.845860 -0.493041 0.203549
19.89100075 -8.74699974 384.31799316 0.819286 -0.536564 0.202162
19.77499962 -9.04699993 384.01800537 0.850097 -0.481671 0.212902
19.61599922 -9.34700012 384.01800537 0.837389 -0.517957 0.174643
19.84099960 -9.04699993 383.71798706 0.850967 -0.493293 0.180327
19.65900040 -9.34700012 383.71798706 0.839253 -0.524717 0.142570
19.32500076 -9.64700031 384.31799316 0.835045 -0.510726 0.204594
19.64800072 -9.04699993 384.61801147 0.872374 -0.436933 0.219212
18.59799957 -10.24699974 385.81799316 0.841029 -0.525095 0.130177
18.40999985 -10.54699993 385.81799316 0.838048 -0.534093 0.111450
18.67300034 -10.24699974 385.51800537 0.833844 -0.522463 0.178146
18.48600006 -10.54699993 385.51800537 0.826192 -0.539340 0.162848
19.50900078 -9.34700012 384.61801147 0.827658 -0.508265 0.238009
18.72599983 -10.24699974 385.21798706 0.834746 -0.524143 0.168741
18.79500008 -10.24699974 384.91799927 0.832966 -0.515502 0.201061
19.69099998 -9.04699993 384.31799316 0.845517 -0.502538 0.180437
18.52799988 -10.54699993 385.21798706 0.835548 -0.526855 0.155830
18.59799957 -10.54699993 384.91799927 0.821445 -0.531882 0.205742
19.53400040 -9.34700012 384.31799316 0.841169 -0.518893 0.152268
18.34799957 -10.84700012 385.21798706 0.857114 -0.484070 0.176160
18.19000053 -11.14700031 385.21798706 0.841068 -0.499809 0.206870
18.40600014 -10.84700012 384.91799927 0.845199 -0.491395 0.210166
18.24900055 -11.14700031 384.91799927 0.858773 -0.483337 0.169981
18.87000084 -10.24699974 384.61801147 0.828330 -0.521316 0.205183
18.94400024 -10.24699974 384.31799316 0.798175 -0.541003 0.265013
18.76000023 -10.54699993 384.31799316 0.835289 -0.503608 0.220614
37.01800156 -37.67499924 371.11801147 0.380834 0.853379 -0.355963
18.67799950 -10.54699993 384.61801147 0.828381 -0.512953 0.225087
18.79700089 -10.84700012 383.41799927 0.828260 -0.508635 0.235109
18.88100052 -10.84700012 383.11801147 0.824556 -0.517459 0.228787
18.62100029 -11.14700031 383.41799927 0.832037 -0.516803 0.201568
18.70299911 -11.14700031 383.11801147 0.817590 -0.528123 0.229418
18.42399979 -11.44699955 383.41799927 0.846938 -0.512273 0.142380
18.25799942 -11.74699974 383.41799927 0.859118 -0.486099 0.160075
18.49300003 -11.44699955 383.11801147 0.823052 -0.526815 0.212253
18.31900024 -11.74699974 383.11801147 0.842799 -0.503276 0.190794
19.22200012 -9.94699955 384.01800537 0.859112 -0.479263 0.179538
18.57900047 -11.44699955 382.81799316 0.815504 -0.537040 0.215734
18.39299965 -11.74699974 382.81799316 0.826129 -0.520721 0.215313
18.65099907 -11.44699955 382.51800537 0.835998 -0.517808 0.181608
18.47599983 -11.74699974 382.51800537 0.814577 -0.543559 0.202502
19.29299927 -9.94699955 383.71798706 0.849400 -0.484294 0.209710
18.34399986 -12.04699993 382.21798706 0.810990 -0.517221 0.273455
18.15900040 -12.34700012 382.21798706 0.840012 -0.515901 0.168002
18.45400047 -12.04699993 381.91799927 0.819979 -0.528771 0.219172
18.22999954 -12.34700012 381.91799927 0.814696 -0.539564 0.212463
18.79599953 -11.44699955 381.91799927 0.810732 -0.539975 0.226143
18.70999908 -11.44699955 382.21798706 0.828481 -0.522534 0.201440
18.54100037 -11.74699974 382.21798706 0.837087 -0.511302 0.194566
18.61599922 -11.74699974 381.91799927 0.846726 -0.483194 0.222663
18.69799995 -11.74699974 381.61801147 0.832825 -0.514258 0.204793
18.50499916 -12.04699993 381.61801147 0.832371 -0.533723 0.149324
18.31399918 -12.34700012 381.61801147 0.824052 -0.521339 0.221684
18.56200027 -12.04699993 381.31799316 0.838623 -0.522105 0.155300
18.39100075 -12.34700012 381.31799316 0.857937 -0.487096 0.163346
18.79000092 -12.04699993 380.41799927 0.855019 -0.473341 0.211876
18.85899925 -12.04699993 380.11801147 0.851985 -0.486634 0.193156
18.58099937 -12.64700031 379.81799316 0.805060 -0.553575 0.213149
18.36300087 -12.94699955 379.81799316 0.812231 -0.556054 0.176310
18.63699913 -12.64700031 379.51800537 0.827986 -0.530452 0.181826
18.43700027 -12.94699955 379.51800537 0.821272 -0.535876 0.195830
18.71199989 -12.64700031 379.21798706 0.821445 -0.531882 0.205742
18.50600052 -12.94699955 379.21798706 0.821508 -0.523616 0.225723
18.60300064 -12.94699955 378.91799927 0.813021 -0.532243 0.236038
18.78800011 -12.64700031 378.91799927 0.851488 -0.486351 0.196037
18.32900047 -13.24699974 379.21798706 0.845199 -0.491395 0.210166
18.15699959 -13.54699993 379.21798706 0.844144 -0.502288 0.187421
18.39599991 -13.24699974 378.91799927 0.828847 -0.527995 0.185024
18.22200012 -13.54699993 378.91799927 0.845003 -0.501019 0.186948
18.68099976 -12.94699955 378.61801147 0.824190 -0.533833 0.189034
18.46199989 -13.24699974 378.61801147 0.818595 -0.535059 0.208841
18.29000092 -13.54699993 378.61801147 0.841470 -0.487167 0.233657
18.54800034 -13.24699974 378.31799316 0.838876 -0.494800 0.226847
18.38899994 -13.54699993 378.31799316 0.838057 -0.493064 0.233557
36.71799850 -37.48699951 371.11801147 0.531107 0.770025 -0.353534
18.62299919 -13.24699974 378.01800537 0.837246 -0.507192 0.204391
18.45599937 -13.54699993 378.01800537 0.842872 -0.504525 0.187139
18.69499969 -13.24699974 377.71798706 0.829109 -0.524045 0.194818
18.52199936 -13.54699993 377.71798706 0.837733 -0.514029 0.184331
18.26499939 -13.84700012 378.01800537 0.822532 -0.539834 0.178942
18.32699966 -13.84700012 377.71798706 0.827914 -0.539556 0.153097
18.12999916 -14.14700031 377.71798706 0.826712 -0.526365 0.198714
18.58699989 -13.54699993 377.41799927 0.820927 -0.531546 0.208659
18.67399979 -13.54699993 377.11801147 0.823837 -0.524260 0.215512
18.37599945 -13.84700012 377.41799927 0.829109 -0.524045 0.194818
18.20800018 -14.14700031 377.41799927 0.855493 -0.477938 0.199266
18.46800041 -13.84700012 377.11801147 0.805792 -0.542866 0.236634
18.27000046 -14.14700031 377.11801147 0.827079 -0.515204 0.224733
18.17200089 -14.44699955 376.81799316 0.826077 -0.509183 0.241516
18.27199936 -14.44699955 376.51800537 0.814476 -0.538382 0.216273
18.55200005 -13.84700012 376.81799316 0.826840 -0.513899 0.228570
18.37000084 -14.14700031 376.81799316 0.816199 -0.517703 0.256520
18.63400078 -13.84700012 376.51800537 0.826129 -0.520721 0.215313
18.45800018 -14.14700031 376.51800537 0.838660 -0.506218 0.200976
36.71799850 -37.32400131 371.41799927 0.515893 0.763262 -0.388954
18.70800018 -13.84700012 376.21798706 0.815504 -0.537040 0.215734
18.51300049 -14.14700031 376.21798706 0.825365 -0.519107 0.222037
18.61899948 -14.14700031 375.91799927 0.818902 -0.515490 0.252327
18.69899940 -14.14700031 375.61801147 0.813932 -0.538023 0.219194
18.33200073 -14.44699955 376.21798706 0.827669 -0.525047 0.198217
18.13199997 -14.74699974 376.21798706 0.828470 -0.536944 0.159150
18.41500092 -14.44699955 375.91799927 0.788097 -0.583039 0.197407
18.17600060 -14.74699974 375.91799927 0.815076 -0.543892 0.199579
18.48299980 -14.44699955 375.61801147 0.802265 -0.559898 0.207086
18.27899933 -14.74699974 375.61801147 0.817441 -0.509149 0.269366
18.57099915 -14.44699955 375.31799316 0.808741 -0.551901 0.203332
18.37199974 -14.74699974 375.31799316 0.822302 -0.525232 0.218974
37.01800156 -37.52600098 371.41799927 0.386886 0.819944 -0.421913
18.25200081 -15.04699993 375.01800537 0.841696 -0.509801 0.177907
18.31500053 -15.04699993 374.71798706 0.823240 -0.528030 0.208473
18.14100075 -15.34700012 374.71798706 0.856642 -0.482511 0.182612
18.73399925 -15.64700031 371.71798706 0.834322 -0.523876 0.171640
18.66600037 -15.64700031 372.01800537 0.832305 -0.513937 0.207697
18.47900009 -15.94699955 372.01800537 0.828983 -0.522850 0.198532
18.53300095 -15.94699955 371.71798706 0.831178 -0.528659 0.172226
18.40299988 -16.24699974 371.41799927 0.836367 -0.515034 0.187695
18.23299980 -16.54700089 371.41799927 0.853085 -0.495292 0.164112
18.48600006 -16.24699974 371.11801147 0.817082 -0.531946 0.222283
18.29100037 -16.54700089 371.11801147 0.824815 -0.522942 0.214970
43.65399933 -23.74699974 381.31799316 -0.801752 0.559540 -0.210019
43.88600159 -23.44700050 381.31799316 -0.779671 0.604055 -0.165018
43.58000183 -23.74699974 381.61801147 -0.783605 0.586549 -0.204753
43.82199860 -23.44700050 381.61801147 -0.777362 0.573206 -0.259121
18.15800095 -18.64699936 366.31799316 0.828983 -0.522850 0.198532
18.47100067 -18.04700089 366.61801147 0.835193 -0.521435 0.174808
18.29599953 -18.34700012 366.61801147 0.835648 -0.522839 0.168321
18.53100014 -18.04700089 366.31799316 0.829895 -0.516210 0.211661
18.34700012 -18.34700012 366.31799316 0.837365 -0.522052 0.162119
18.19400024 -20.44700050 361.81799316 0.816429 -0.380364 0.434474
18.41799927 -20.44700050 361.54098511 0.599568 -0.026431 0.799887
18.41799927 -20.74699974 361.60101318 0.373164 0.260174 0.890538
18.11800003 -20.74699974 361.78799438 0.716388 -0.156000 0.680038
39.54600143 -35.14699936 369.31799316 -0.818414 0.529743 -0.222645
39.45100021 -35.14699936 369.61801147 -0.771516 0.586853 -0.245696
39.67900085 -34.84700012 369.61801147 -0.805463 0.541631 -0.240552
37.77199936 -34.24700165 380.11801147 -0.952964 -0.298994 -0.049620
39.11800003 -35.14699936 369.97399902 -0.272896 0.655908 -0.703784
39.54600143 -34.84700012 369.91799927 -0.734669 0.575029 -0.360004
39.11800003 -34.96099854 370.21798706 -0.322393 0.842582 -0.431414
39.41799927 -34.80500031 370.21798706 -0.565947 0.761544 -0.315840
38.51800156 -35.14699936 370.17700195 -0.291555 0.925865 -0.240355
38.81800079 -35.02399826 370.21798706 -0.279195 0.942112 -0.185672
39.11800003 -34.87300110 370.51800537 -0.428253 0.886992 -0.172753
39.41799927 -34.70000076 370.51800537 -0.540944 0.809104 -0.229631
39.11800003 -34.84700012 370.81799316 -0.540326 0.840353 -0.043059
39.41799927 -34.63600159 370.81799316 -0.589469 0.793458 -0.151492
36.11800003 -37.71200180 369.61801147 0.572521 0.769176 -0.283881
36.41799927 -37.93199921 369.61801147 0.539999 0.790203 -0.289794
36.11800003 -37.80500031 369.31799316 0.555389 0.806309 -0.203490
36.41799927 -38.02000046 369.31799316 0.553331 0.809418 -0.196638
36.41799927 -37.65100098 370.21798706 0.552116 0.756124 -0.351347
36.41799927 -37.79899979 369.91799927 0.549229 0.756608 -0.354812
36.11800003 -37.58399963 369.91799927 0.557710 0.758163 -0.337859
36.71799850 -38.12300110 369.61801147 0.509574 0.818123 -0.266474
37.01800156 -38.07099915 370.21798706 0.386478 0.834477 -0.392788
36.71799850 -37.88000107 370.21798706 0.536071 0.766047 -0.354682
36.71799850 -38.02000046 369.91799927 0.528528 0.787204 -0.317756
37.31800079 -38.15399933 370.21798706 -0.043666 0.919632 -0.390347
37.31800079 -38.31200027 369.91799927 -0.059002 0.934860 -0.350081
38.51800156 -35.04700089 370.51800537 -0.390170 0.920699 -0.009014
37.01800156 -38.20299911 369.91799927 0.412118 0.847563 -0.334360
38.81800079 -34.98400116 370.51800537 -0.283876 0.958842 -0.006092
38.51800156 -35.13399887 370.81799316 -0.343023 0.902460 0.260580
38.81800079 -35.02000046 370.81799316 -0.432166 0.898631 0.075458
38.00199890 -36.64699936 371.71798706 -0.847758 0.456958 -0.269251
37.82400131 -36.94699860 371.71798706 -0.829927 0.521539 -0.198034
37.73600006 -36.94699860 372.01800537 -0.834363 0.509129 -0.211250
37.90999985 -36.64699936 372.01800537 -0.849150 0.492717 -0.190198
43.55400085 -20.74699974 389.11801147 -0.846769 0.487533 -0.212824
43.72700119 -20.44700050 389.11801147 -0.833752 0.512961 -0.204277
43.47900009 -20.74699974 389.41799927 -0.828279 0.526538 -0.191605
43.66999817 -20.44700050 389.41799927 -0.837183 0.512531 -0.190884
43.38100052 -21.04700089 389.11801147 -0.836592 0.511000 -0.197466
43.70899963 -20.74699974 388.51800537 -0.800879 0.549926 -0.237011
43.62900162 -20.74699974 388.81799316 -0.820734 0.530344 -0.212443
43.81700134 -20.44700050 388.81799316 -0.821180 0.514977 -0.245890
43.18899918 -21.34700012 389.11801147 -0.824190 0.533833 -0.189034
43.11700058 -21.34700012 389.41799927 -0.828604 0.514253 -0.221266
43.28799820 -21.04700089 389.41799927 -0.835847 0.503944 -0.217716
37.31800079 -37.47399902 371.71798706 -0.212413 0.874906 -0.435225
37.62599945 -37.24700165 371.71798706 -0.694122 0.678382 -0.240818
37.31800079 -37.34600067 372.01800537 -0.242381 0.868658 -0.432071
43.32799911 -21.34700012 388.51800537 -0.835651 0.492191 -0.243795
43.50799942 -21.04700089 388.51800537 -0.819785 0.520278 -0.239297
43.42900085 -21.04700089 388.81799316 -0.835148 0.520281 -0.178425
37.61800003 -37.11600113 372.01800537 -0.630472 0.711095 -0.311205
37.31800079 -37.21200180 372.31799316 0.307473 0.880009 -0.362000
37.31800079 -37.09899902 372.61801147 -0.041796 0.896592 -0.440881
42.79600143 -21.94700050 389.11801147 -0.813838 0.521292 -0.256756
42.99200058 -21.64699936 389.11801147 -0.813893 0.533877 -0.229244
42.91600037 -21.64699936 389.41799927 -0.804814 0.552444 -0.216977
42.97200012 -21.94700050 388.51800537 -0.835283 0.507840 -0.210716
43.15499878 -21.64699936 388.51800537 -0.835007 0.494876 -0.240543
42.89400101 -21.94700050 388.81799316 -0.825096 0.510480 -0.242131
43.08399963 -21.64699936 388.81799316 -0.834506 0.501924 -0.227315
37.67300034 -36.94699860 372.31799316 -0.826192 0.539340 -0.162848
37.86700058 -36.64699936 372.31799316 -0.833696 0.538763 -0.121185
37.61800003 -36.93999863 372.61801147 -0.634310 0.702446 -0.322833
37.82199860 -36.64699936 372.61801147 -0.814215 0.546361 -0.196325
42.79000092 -22.24699974 388.51800537 -0.842469 0.498850 -0.203458
42.61700058 -22.54700089 388.51800537 -0.828481 0.522534 -0.201440
42.53400040 -22.54700089 388.81799316 -0.834506 0.501924 -0.227315
42.71400070 -22.24699974 388.81799316 -0.829333 0.498835 -0.251734
42.20500183 -23.14699936 388.51800537 -0.823903 0.542789 -0.162986
42.41199875 -22.84700012 388.51800537 -0.815741 0.560172 -0.144129
42.15399933 -23.14699936 388.81799316 -0.811259 0.563250 -0.156873
42.35400009 -22.84700012 388.81799316 -0.828162 0.525360 -0.195307
36.71799850 -36.92499924 372.31799316 0.523576 0.769965 -0.364720
36.71799850 -36.78699875 372.61801147 0.531107 0.770025 -0.353534
41.84799957 -23.74699974 388.51800537 -0.839023 0.511819 -0.184615
42.01699829 -23.44700050 388.51800537 -0.831565 0.495237 -0.251475
41.77999878 -23.74699974 388.81799316 -0.858001 0.458509 -0.231524
41.93899918 -23.44700050 388.81799316 -0.832662 0.518336 -0.194943
41.98500061 -23.74699974 387.91799927 -0.823837 0.524260 -0.215512
41.91199875 -23.74699974 388.21798706 -0.806862 0.561624 -0.183171
37.01800156 -37.11399841 372.31799316 0.396018 0.822253 -0.408741
37.01800156 -36.96599960 372.61801147 0.432012 0.824463 -0.365549
41.65200043 -24.04700089 388.51800537 -0.825971 0.551135 -0.118414
41.61800003 -24.04700089 388.81799316 -0.838472 0.510309 -0.191178
41.61399841 -24.34700012 387.91799927 -0.850221 0.478721 -0.218974
41.78799820 -24.04700089 387.91799927 -0.831369 0.515236 -0.208222
41.52199936 -24.34700012 388.21798706 -0.841470 0.487167 -0.233657
41.70399857 -24.04700089 388.21798706 -0.823324 0.536294 -0.185814
41.44800186 -24.34700012 388.51800537 -0.851718 0.501617 -0.151515
41.41500092 -24.34700012 388.81799316 -0.827533 0.539308 -0.155998
36.71799850 -36.65100098 372.91799927 0.530986 0.773077 -0.346997
37.01800156 -36.84999847 372.91799927 0.417749 0.840192 -0.345778
37.01800156 -36.72200012 373.21798706 0.428311 0.826594 -0.365092
36.71799850 -36.51800156 373.21798706 0.529571 0.766015 -0.364384
36.41799927 -36.43899918 372.91799927 0.559373 0.767736 -0.312544
40.52500153 -26.14699936 387.91799927 -0.859869 0.476715 -0.182667
40.69699860 -25.84700012 387.91799927 -0.857513 0.489798 -0.157382
40.45800018 -26.14699936 388.21798706 -0.816879 0.548109 -0.179683
40.64799881 -25.84700012 388.21798706 -0.814650 0.531293 -0.232537
36.11800003 -36.16299820 372.91799927 0.561437 0.743701 -0.362900
36.11800003 -36.05500031 373.21798706 0.604738 0.747590 -0.274592
36.41799927 -36.30799866 373.21798706 0.536015 0.779222 -0.324809
40.36500168 -26.44700050 387.91799927 -0.840599 0.482311 -0.246514
40.67699814 -26.14699936 387.31799316 -0.843070 0.494944 -0.210389
40.83800125 -25.84700012 387.31799316 -0.859679 0.463597 -0.214545
40.58599854 -26.14699936 387.61801147 -0.850780 0.479036 -0.216095
40.75899887 -25.84700012 387.61801147 -0.837880 0.508767 -0.197770
40.48500061 -26.44700050 387.31799316 -0.821634 0.542248 -0.175742
40.42100143 -26.44700050 387.61801147 -0.837839 0.519371 -0.168163
40.18299866 -26.74699974 387.91799927 -0.830421 0.521849 -0.195126
40.07500076 -26.74699974 388.21798706 -0.837029 0.471893 -0.276947
40.24599838 -26.44700050 388.21798706 -0.812783 0.519494 -0.263647
40.28099823 -26.74699974 387.31799316 -0.832168 0.518028 -0.197848
40.21500015 -26.74699974 387.61801147 -0.840806 0.523853 -0.136466
39.92100143 -27.34700012 387.31799316 -0.835045 0.510726 -0.204594
40.11100006 -27.04700089 387.31799316 -0.839554 0.504938 -0.200468
39.85800171 -27.34700012 387.61801147 -0.816968 0.549159 -0.176032
40.04800034 -27.04700089 387.61801147 -0.846424 0.504284 -0.171070
39.74399948 -27.64699936 387.31799316 -0.837804 0.491655 -0.237403
39.56800079 -27.94700050 387.31799316 -0.830852 0.510707 -0.221052
39.47900009 -27.94700050 387.61801147 -0.847822 0.493687 -0.193574
39.64599991 -27.64699936 387.61801147 -0.821394 0.519343 -0.235785
39.18799973 -28.54700089 387.31799316 -0.841784 0.476858 -0.252995
39.37500000 -28.24699974 387.31799316 -0.812743 0.516349 -0.269874
39.29800034 -28.24699974 387.61801147 -0.836958 0.521798 -0.165013
35.51800156 -35.75899887 372.91799927 0.444436 0.790287 -0.421810
35.81800079 -35.96400070 372.91799927 0.502972 0.743740 -0.440307
35.81800079 -35.81200027 373.21798706 0.567331 0.760192 -0.316613
39.15399933 -28.84700012 386.71798706 -0.839253 0.524717 -0.142570
39.10499954 -28.54700089 387.61801147 -0.844356 0.498185 -0.197167
38.90000153 -29.14699936 387.31799316 -0.849311 0.503678 -0.158046
39.03699875 -28.84700012 387.31799316 -0.876331 0.422490 -0.231399
38.78900146 -29.14699936 387.61801147 -0.838663 0.471072 -0.273376
38.94300079 -28.84700012 387.61801147 -0.860555 0.452207 -0.234422
38.97000122 -29.14699936 386.71798706 -0.840368 0.510812 -0.181256
38.90000153 -29.14699936 387.01800537 -0.842457 0.529585 -0.099028
39.09999847 -28.84700012 387.01800537 -0.830715 0.532433 -0.162564
35.51800156 -35.60699844 373.21798706 0.504816 0.790077 -0.347762
38.60699844 -29.74699974 386.71798706 -0.828330 0.521316 -0.205183
38.78900146 -29.44700050 386.71798706 -0.842564 0.508521 -0.177460
38.53799820 -29.74699974 387.01800537 -0.827810 0.520988 -0.208092
38.72499847 -29.44700050 387.01800537 -0.836724 0.506876 -0.207290
38.64099884 -29.44700050 387.31799316 -0.819302 0.550678 -0.159682
38.60800171 -29.44700050 387.61801147 -0.827534 0.538270 -0.159543
38.25400162 -30.34700012 386.71798706 -0.828462 0.535888 -0.162707
38.41099930 -30.04700089 386.71798706 -0.841099 0.495567 -0.216716
38.18899918 -30.34700012 387.01800537 -0.807967 0.523538 -0.270364
38.34700012 -30.04700089 387.01800537 -0.839554 0.492152 -0.230077
35.21799850 -35.62699890 372.91799927 0.394307 0.897741 -0.196426
38.02399826 -30.64699936 386.71798706 -0.784903 0.593612 -0.177628
37.95999908 -30.64699936 387.01800537 -0.603543 0.754823 -0.256860
35.51800156 -35.49599838 373.51800537 0.478826 0.799110 -0.363523
35.81800079 -35.71300125 373.51800537 0.572992 0.764521 -0.295274
35.81800079 -35.58100128 373.81799316 0.564322 0.743213 -0.359409
35.51800156 -35.33800125 373.81799316 0.536052 0.817059 -0.212283
37.31800079 -30.89699936 386.71798706 0.452792 0.818204 -0.354290
37.31800079 -30.78300095 387.01800537 0.319434 0.826122 -0.464202
37.61800003 -30.80699921 387.01800537 -0.220847 0.881905 -0.416497
43.25500107 -21.34700012 388.81799316 -0.850662 0.487593 -0.196537
37.61800003 -30.99600029 386.71798706 0.194512 0.890660 -0.410961
37.01800156 -30.67200089 386.71798706 0.566176 0.782610 -0.258779
36.71799850 -30.46400070 386.71798706 0.552783 0.795696 -0.247585
37.01800156 -30.57900047 387.01800537 0.584183 0.733890 -0.346605
37.91799927 -28.02000046 393.31799316 -0.666027 0.659481 -0.348559
38.85400009 -34.24700165 374.41799927 -0.835684 0.512291 -0.197965
38.66600037 -34.54700089 374.41799927 -0.836525 0.520405 -0.171480
38.92399979 -34.24700165 374.11801147 -0.843841 0.506305 -0.177729
38.72700119 -34.54700089 374.11801147 -0.818396 0.533870 -0.212630
38.48899841 -31.24699974 383.41799927 -0.824422 0.529877 -0.198894
38.31299973 -31.54700089 383.41799927 -0.857937 0.487096 -0.163346
38.37099838 -31.54700089 383.11801147 -0.804546 0.569949 -0.166924
42.83200073 -27.94700050 374.11801147 -0.811508 0.537412 -0.229440
43.02700043 -27.64699936 374.11801147 -0.825280 0.514840 -0.232062
42.76100159 -27.94700050 374.41799927 -0.809140 0.545056 -0.219558
42.95500183 -27.64699936 374.41799927 -0.830067 0.517464 -0.207896
43.20700073 -27.34700012 374.11801147 -0.845911 0.488782 -0.213369
43.13499832 -27.34700012 374.41799927 -0.847215 0.507146 -0.158206
43.31399918 -27.04700089 374.41799927 -0.840419 0.517295 -0.161562
42.87699890 -27.64699936 374.71798706 -0.801969 0.568504 -0.183437
42.81800079 -27.64699936 375.01800537 -0.825244 0.527366 -0.202132
42.66999817 -27.94700050 374.71798706 -0.821445 0.531882 -0.205742
42.61000061 -27.94700050 375.01800537 -0.811095 0.553364 -0.189508
38.81800079 -35.74700165 367.57800293 -0.019280 0.368883 0.929276
38.51800156 -35.74700165 367.60400391 0.072059 0.409241 0.909576
42.72999954 -27.64699936 375.31799316 -0.809726 0.522655 -0.266788
42.53099823 -27.94700050 375.31799316 -0.792405 0.558887 -0.244416
42.42499924 -27.94700050 375.61801147 -0.811487 0.545576 -0.209367
42.61999893 -27.64699936 375.61801147 -0.819871 0.517245 -0.245498
42.37699890 -27.94700050 375.91799927 -0.847052 0.496237 -0.190399
42.55199814 -27.64699936 375.91799927 -0.840645 0.506793 -0.190987
42.29100037 -27.94700050 376.21798706 -0.836895 0.486781 -0.250301
42.48400116 -27.64699936 376.21798706 -0.807163 0.557870 -0.193050
42.20100021 -28.24699974 375.91799927 -0.834731 0.538583 -0.114685
42.13700104 -28.24699974 376.21798706 -0.839080 0.486268 -0.243901
41.86500168 -28.54700089 376.51800537 -0.834271 0.500563 -0.231147
42.02600098 -28.24699974 376.51800537 -0.844462 0.470508 -0.255944
41.77799988 -28.54700089 376.81799316 -0.830766 0.506415 -0.231023
41.95500183 -28.24699974 376.81799316 -0.847309 0.487845 -0.209939
35.21799850 -35.96799850 372.01800537 0.554189 0.752462 -0.355916
34.91799927 -35.76200104 372.01800537 0.557391 0.776536 -0.293781
34.91799927 -35.89799881 371.71798706 0.510692 0.789251 -0.340995
35.21799850 -36.10100174 371.71798706 0.534534 0.761995 -0.365563
41.69900131 -28.54700089 377.11801147 -0.832662 0.518336 -0.194943
41.87699890 -28.24699974 377.11801147 -0.843867 0.507511 -0.174131
41.63700104 -28.54700089 377.41799927 -0.827112 0.532894 -0.178632
41.83200073 -28.24699974 377.41799927 -0.839271 0.507782 -0.194373
42.06000137 -27.94700050 377.11801147 -0.827604 0.534276 -0.172106
42.00000000 -27.94700050 377.41799927 -0.856895 0.472718 -0.205595
41.56900024 -28.54700089 377.71798706 -0.828590 0.518439 -0.211328
41.73799896 -28.24699974 377.71798706 -0.842288 0.488923 -0.226946
41.67100143 -28.24699974 378.01800537 -0.846609 0.486157 -0.216574
41.91699982 -27.94700050 377.71798706 -0.829908 0.504694 -0.237774
42.10200119 -27.64699936 377.71798706 -0.823759 0.528363 -0.205559
41.82799911 -27.94700050 378.01800537 -0.845288 0.484106 -0.226118
42.01399994 -27.64699936 378.01800537 -0.829895 0.516210 -0.211661
41.48500061 -28.54700089 378.01800537 -0.822105 0.516708 -0.239074
37.61800003 -30.34700012 365.16299438 0.076210 0.453104 0.888194
37.31800079 -30.34700012 365.18798828 0.064847 0.462205 0.884399
41.58399963 -28.24699974 378.31799316 -0.832867 0.505833 -0.224645
41.39400101 -28.54700089 378.31799316 -0.830587 0.517788 -0.204989
41.33700180 -28.54700089 378.61801147 -0.847309 0.487845 -0.209939
41.50899887 -28.24699974 378.61801147 -0.837087 0.511302 -0.194566
41.24499893 -28.54700089 378.91799927 -0.829221 0.507342 -0.234512
41.44400024 -28.24699974 378.91799927 -0.807873 0.554363 -0.200059
41.16799927 -28.54700089 379.21798706 -0.832479 0.523487 -0.181495
41.36000061 -28.24699974 379.21798706 -0.835847 0.503944 -0.217716
41.11500168 -28.54700089 379.51800537 -0.843851 0.511649 -0.161652
41.28799820 -28.24699974 379.51800537 -0.847179 0.479105 -0.229666
41.05199814 -28.54700089 379.81799316 -0.863022 0.435303 -0.256328
41.19800186 -28.24699974 379.81799316 -0.845121 0.470875 -0.253076
40.92399979 -28.84700012 379.51800537 -0.825971 0.551135 -0.118414
40.93799973 -28.54700089 380.11801147 -0.840887 0.478091 -0.253650
41.10900116 -28.24699974 380.11801147 -0.826321 0.521967 -0.211526
41.04499817 -28.24699974 380.41799927 -0.850989 0.499974 -0.160759
41.81800079 -30.83099937 365.11801147 0.107695 0.644695 0.756816
41.51800156 -30.94700050 365.26000977 0.052707 0.645300 0.762109
39.03300095 -33.94699860 374.41799927 -0.846813 0.501540 -0.177102
40.58499908 -29.14699936 380.11801147 -0.836569 0.501332 -0.220952
40.76900101 -28.84700012 380.11801147 -0.826038 0.490023 -0.278457
40.50099945 -29.14699936 380.41799927 -0.838752 0.497771 -0.220724
40.69599915 -28.84700012 380.41799927 -0.833469 0.515813 -0.198157
39.08700180 -33.94699860 374.11801147 -0.829927 0.521539 -0.198034
40.87200165 -28.54700089 380.41799927 -0.853085 0.495292 -0.164112
40.82199860 -28.54700089 380.71798706 -0.839567 0.514477 -0.174475
34.01800156 -28.84700012 364.44500732 0.201895 0.618013 0.759802
40.74800110 -28.54700089 381.01800537 -0.848145 0.482279 -0.219218
40.90200043 -28.24699974 381.01800537 -0.841712 0.501413 -0.200264
40.42800140 -29.14699936 380.71798706 -0.832139 0.512670 -0.211458
40.62699890 -28.84700012 380.71798706 -0.822446 0.538740 -0.182598
40.34799957 -29.14699936 381.01800537 -0.816731 0.543982 -0.192439
40.56200027 -28.84700012 381.01800537 -0.817326 0.545388 -0.185825
40.49000168 -28.84700012 381.31799316 -0.823837 0.524260 -0.215512
40.40499878 -28.84700012 381.61801147 -0.834510 0.481508 -0.267848
40.28699875 -29.14699936 381.31799316 -0.839532 0.513297 -0.178082
40.22000122 -29.14699936 381.61801147 -0.827328 0.527856 -0.192085
42.41799927 -30.86300087 365.11801147 -0.084616 0.827519 0.555025
40.14799881 -29.14699936 381.91799927 -0.842288 0.488923 -0.226946
40.29800034 -28.84700012 381.91799927 -0.847614 0.461360 -0.262101
40.05899811 -29.14699936 382.21798706 -0.843628 0.480548 -0.239511
40.22000122 -28.84700012 382.21798706 -0.827233 0.544116 -0.140084
41.20500183 -29.44700050 376.81799316 -0.826226 0.535323 -0.175442
41.01200104 -29.74699974 376.81799316 -0.843851 0.497887 -0.200057
41.26499939 -29.44700050 376.51800537 -0.820622 0.534394 -0.202491
41.09400177 -29.74699974 376.51800537 -0.840867 0.486818 -0.236541
39.97800064 -29.14699936 382.51800537 -0.819402 0.532535 -0.212099
40.19699860 -28.84700012 382.51800537 -0.825642 0.542989 -0.153227
39.90399933 -29.14699936 382.81799316 -0.821406 0.537015 -0.192115
40.11000061 -28.84700012 382.81799316 -0.816040 0.537392 -0.212813
41.35200119 -29.44700050 376.21798706 -0.833576 0.503205 -0.227895
41.18000031 -29.74699974 376.21798706 -0.829904 0.512003 -0.221613
41.42800140 -29.44700050 375.91799927 -0.837660 0.512823 -0.187985
41.25500107 -29.74699974 375.91799927 -0.845989 0.504025 -0.173956
39.80699921 -29.44700050 382.51800537 -0.836002 0.500992 -0.223848
39.71799850 -29.44700050 382.81799316 -0.838144 0.473868 -0.270120
36.41799927 -35.34700012 375.31799316 0.546797 0.803931 -0.233899
42.33200073 -27.64699936 376.81799316 -0.812861 0.548491 -0.195998
42.12400055 -27.94700050 376.81799316 -0.830533 0.523040 -0.191429
42.40900040 -27.64699936 376.51800537 -0.812004 0.545923 -0.206442
42.19900131 -27.94700050 376.51800537 -0.820936 0.523251 -0.228634
39.83800125 -29.14699936 383.11801147 -0.798878 0.570627 -0.190209
40.04100037 -28.84700012 383.11801147 -0.809583 0.554405 -0.192902
39.76100159 -29.14699936 383.41799927 -0.825271 0.536652 -0.175877
39.96799850 -28.84700012 383.41799927 -0.816300 0.534500 -0.219007
42.69900131 -27.04700089 376.81799316 -0.852941 0.481185 -0.202367
42.52899933 -27.34700012 376.81799316 -0.840012 0.515901 -0.168002
42.60300064 -27.34700012 376.51800537 -0.815088 0.527410 -0.239732
39.48099899 -29.74699974 383.11801147 -0.858356 0.443662 -0.257659
39.61299896 -29.44700050 383.11801147 -0.842216 0.501714 -0.197371
39.38600159 -29.74699974 383.41799927 -0.798179 0.556401 -0.230929
39.57699966 -29.44700050 383.41799927 -0.843522 0.528454 -0.095952
43.30300140 -25.84700012 377.41799927 -0.810194 0.555778 -0.186269
43.11800003 -26.14699936 377.41799927 -0.837660 0.512823 -0.187985
43.17499924 -26.14699936 377.11801147 -0.835813 0.508162 -0.207816
39.30699921 -29.74699974 383.71798706 -0.811295 0.558424 -0.173096
39.54499817 -29.44700050 383.71798706 -0.821678 0.553194 -0.137192
39.25899887 -29.74699974 384.01800537 -0.807441 0.567755 -0.160290
39.47700119 -29.44700050 384.01800537 -0.819190 0.511411 -0.259591
39.70899963 -29.14699936 383.71798706 -0.857869 0.480228 -0.182873
39.63299942 -29.14699936 384.01800537 -0.864134 0.461170 -0.201482
39.18799973 -29.74699974 384.31799316 -0.830746 0.528385 -0.175130
39.35499954 -29.44700050 384.31799316 -0.817540 0.520815 -0.245726
39.13399887 -29.74699974 384.61801147 -0.845944 0.509338 -0.157969
39.29700089 -29.44700050 384.61801147 -0.835148 0.520281 -0.178425
39.22800064 -29.44700050 384.91799927 -0.854099 0.484437 -0.189303
39.16400146 -29.44700050 385.21798706 -0.832168 0.518028 -0.197848
39.07699966 -29.74699974 384.91799927 -0.843061 0.490646 -0.220259
38.97700119 -29.74699974 385.21798706 -0.824340 0.498330 -0.268570
38.88100052 -29.74699974 385.51800537 -0.817878 0.516800 -0.252968
39.08599854 -29.44700050 385.51800537 -0.805566 0.530266 -0.264351
38.79199982 -29.74699974 385.81799316 -0.852777 0.468043 -0.231749
38.96599960 -29.44700050 385.81799316 -0.835198 0.499287 -0.230557
38.70700073 -30.04700089 385.51800537 -0.813685 0.536817 -0.223033
38.63700104 -30.04700089 385.81799316 -0.833080 0.507158 -0.220835
38.71699905 -29.74699974 386.11801147 -0.838957 0.523426 -0.148918
38.92200089 -29.44700050 386.11801147 -0.829793 0.534822 -0.159404
38.68600082 -29.74699974 386.41799927 -0.853449 0.496740 -0.157719
38.85100174 -29.44700050 386.41799927 -0.852050 0.487952 -0.189510
38.54800034 -30.04700089 386.11801147 -0.839363 0.509023 -0.190696
39.20999908 -33.64699936 374.41799927 -0.831369 0.515236 -0.208222
39.29899979 -33.64699936 374.11801147 -0.817540 0.520815 -0.245726
43.91799927 -30.13599968 364.81799316 -0.600702 0.730233 -0.325448
39.56499863 -33.04700089 374.41799927 -0.848436 0.473723 -0.236100
39.40499878 -33.34700012 374.41799927 -0.840382 0.498172 -0.213502
39.65700150 -33.04700089 374.11801147 -0.851947 0.469254 -0.232349
39.46900177 -33.34700012 374.11801147 -0.843667 0.502004 -0.190312
19.25699997 -18.94700050 361.21798706 0.815043 -0.357475 0.455979
15.40299988 -22.24699974 371.11801147 0.826338 0.517797 -0.221477
19.70400047 -18.34700012 360.91799927 0.819131 -0.402408 0.408770
19.85199928 -18.04700089 360.91799927 0.810916 -0.477663 0.338014
19.62000084 -18.34700012 361.21798706 0.826321 -0.521967 0.211526
19.78400040 -18.04700089 361.21798706 0.847625 -0.499041 0.180251
19.33399963 -18.64699936 361.51800537 0.825156 -0.532505 0.188564
15.43700027 -19.84700012 374.41799927 0.830111 -0.513298 0.217809
15.49899960 -19.84700012 374.11801147 0.877609 -0.463777 0.121296
15.35299969 -20.14699936 374.11801147 0.844698 -0.505031 0.177282
19.55200005 -18.34700012 361.51800537 0.814355 -0.530026 0.236426
15.61100006 -19.54700089 374.41799927 0.830804 -0.538621 0.140189
15.66899967 -19.54700089 374.11801147 0.845003 -0.501019 0.186948
19.72400093 -18.04700089 361.51800537 0.845860 -0.493041 0.203549
19.44599915 -18.34700012 361.81799316 0.826433 -0.505129 0.248702
15.66199970 -19.24699974 375.01800537 0.848690 -0.486904 0.206520
15.44499969 -19.54700089 375.01800537 0.826575 -0.487228 0.281751
19.63899994 -18.04700089 361.81799316 0.827370 -0.506899 0.241894
15.56799984 -19.54700089 374.71798706 0.820936 -0.523251 0.228634
15.72299957 -19.24699974 374.71798706 0.847179 -0.479105 0.229666
16.01399994 -18.64699936 375.01800537 0.776848 -0.579901 0.245403
15.78699970 -18.94700050 375.01800537 0.842469 -0.498850 0.203458
16.13699913 -18.64699936 374.71798706 0.807873 -0.554363 0.200059
15.90799999 -18.94700050 374.71798706 0.792441 -0.550786 0.262055
15.89999962 -18.64699936 375.61801147 0.848213 -0.513583 0.129487
15.74699974 -18.94700050 375.61801147 0.856969 -0.493673 0.147955
15.94900036 -18.64699936 375.31799316 0.822008 -0.547508 0.156644
15.76399994 -18.94700050 375.31799316 0.848094 -0.526740 0.057285
19.37199974 -18.34700012 362.11801147 0.846565 -0.495952 0.193286
16.31399918 -18.04700089 375.61801147 0.828404 -0.517180 0.215110
16.10899925 -18.34700012 375.61801147 0.807781 -0.559233 0.186411
19.54800034 -18.04700089 362.11801147 0.842982 -0.499154 0.200566
16.16399956 -18.34700012 375.31799316 0.797147 -0.580154 0.167265
15.77799988 -18.64699936 376.21798706 0.813124 -0.536447 0.225953
15.85799980 -18.64699936 375.91799927 0.838709 -0.516931 0.171317
15.71800041 -18.84600067 375.91799927 0.741240 -0.610527 0.278961
19.49600029 -18.04700089 362.41799927 0.841191 -0.508313 0.184432
16.15299988 -18.04700089 376.21798706 0.832138 -0.501122 0.237535
15.96500015 -18.34700012 376.21798706 0.839004 -0.522343 0.152412
16.22999954 -18.04700089 375.91799927 0.821748 -0.524878 0.221887
16.02599907 -18.34700012 375.91799927 0.832966 -0.515502 0.201061
16.00099945 -18.04700089 376.81799316 0.801335 -0.534746 0.268157
15.81400013 -18.34700012 376.81799316 0.809906 -0.511105 0.287792
16.05900002 -18.04700089 376.51800537 0.843789 -0.492337 0.213598
15.91600037 -18.34700012 376.51800537 0.829119 -0.518770 0.208421
16.20999908 -17.74699974 376.81799316 0.842434 -0.477226 0.250122
16.26600075 -17.74699974 376.51800537 0.841299 -0.514869 0.164699
19.30999947 -18.34700012 362.41799927 0.820113 -0.534062 0.205409
18.71800041 -9.90299988 386.11801147 0.900325 -0.338546 0.273498
19.72599983 -17.74699974 362.11801147 0.833585 -0.517034 0.194453
19.67300034 -17.74699974 362.41799927 0.851432 -0.494811 0.173853
19.84499931 -17.44700050 362.41799927 0.844473 -0.493994 0.206964
19.32900047 -17.74699974 363.91799927 0.842160 -0.511258 0.171413
19.50300026 -17.44700050 363.91799927 0.849913 -0.490161 0.193366
19.43600082 -17.44700050 364.21798706 0.849150 -0.492717 0.190198
19.25799942 -17.74699974 364.21798706 0.840181 -0.501081 0.207396
19.67499924 -17.14699936 363.91799927 0.834524 -0.510408 0.207495
19.86899948 -16.84700012 363.91799927 0.846565 -0.495952 0.193286
19.60700035 -17.14699936 364.21798706 0.834563 -0.506211 0.217382
19.79999924 -16.84700012 364.21798706 0.832406 -0.522323 0.185146
19.36899948 -17.44700050 364.51800537 0.850097 -0.481671 0.212902
19.51899910 -17.14699936 364.51800537 0.830059 -0.509042 0.227769
19.73600006 -16.84700012 364.51800537 0.807497 -0.550079 0.212983
19.44300079 -17.14699936 364.81799316 0.842216 -0.501714 0.197371
19.64299965 -16.84700012 364.81799316 0.808325 -0.547575 0.216269
19.51099968 -15.94699955 367.51800537 0.825244 -0.527366 0.202132
19.73299980 -15.64700031 367.51800537 0.810494 -0.542893 0.219925
19.44899940 -15.94699955 367.81799316 0.839908 -0.510532 0.184151
19.64100075 -15.64700031 367.81799316 0.814215 -0.546361 0.196325
19.91099930 -15.34700012 367.51800537 0.849982 -0.491466 0.189715
19.85099983 -15.34700012 367.81799316 0.828330 -0.521316 0.205183
31.31800079 -29.74699974 365.12899780 0.030574 0.429371 0.902610
19.76199913 -15.34700012 368.11801147 0.836029 -0.505259 0.213938
19.69700050 -15.34700012 368.41799927 0.851229 -0.489195 0.189993
19.87700081 -15.04699993 368.41799927 0.850662 -0.487593 0.196537
19.95100021 -15.04699993 368.11801147 0.840058 -0.505241 0.197572
32.21799850 -30.04700089 365.23400879 0.038562 0.410889 0.910870
31.91799927 -30.04700089 365.24700928 0.035874 0.418536 0.907492
32.21799850 -30.34700012 365.35900879 0.019524 0.396984 0.917618
31.91799927 -30.34700012 365.37399292 0.044143 0.416018 0.908284
32.81800079 -30.04700089 365.20999146 0.041095 0.399019 0.916021
32.51800156 -30.04700089 365.22100830 0.035967 0.424944 0.904505
32.81800079 -30.34700012 365.35101318 0.014380 0.411789 0.911166
32.51800156 -30.34700012 365.36199951 0.011768 0.417121 0.908775
19.70599937 -13.54699993 372.91799927 0.848074 -0.490832 0.199635
19.88100052 -13.24699974 372.91799927 0.830067 -0.517464 0.207896
19.62899971 -13.54699993 373.21798706 0.834366 -0.504891 0.221176
19.81699944 -13.24699974 373.21798706 0.825622 -0.532805 0.185652
33.41799927 -30.04700089 365.17401123 0.052808 0.437358 0.897735
33.11800003 -30.04700089 365.19400024 0.052870 0.435164 0.898797
33.41799927 -30.34700012 365.34298706 0.052870 0.435164 0.898797
33.11800003 -30.34700012 365.35198975 0.011798 0.423430 0.905852
19.93499947 -12.94699955 373.51800537 0.843070 -0.494944 0.210389
20.09700012 -12.64700031 373.51800537 0.839137 -0.518334 0.164857
20.04800034 -12.64700031 373.81799316 0.836494 -0.519255 0.175080
33.41799927 -29.44700050 364.89199829 0.069654 0.430214 0.900036
33.11800003 -29.44700050 364.92898560 0.086631 0.413904 0.906189
33.41799927 -29.74699974 365.05099487 0.046996 0.425650 0.903667
33.11800003 -29.74699974 365.06100464 0.060477 0.404522 0.912526
34.01800156 -29.44700050 364.86599731 0.065671 0.507207 0.859318
33.71799850 -29.44700050 364.88198853 0.038961 0.436634 0.898795
34.01800156 -29.74699974 365.04299927 0.017100 0.422247 0.906319
33.71799850 -29.74699974 365.02999878 0.011783 0.420274 0.907321
19.95899963 -11.44699955 377.11801147 0.826687 -0.509560 0.238615
19.78199959 -11.74699974 377.11801147 0.851398 -0.485012 0.199711
19.70899963 -11.74699974 377.41799927 0.843667 -0.502004 0.190312
19.87700081 -11.44699955 377.41799927 0.832966 -0.515502 0.201061
19.99099922 -11.14700031 377.71798706 0.816586 -0.542870 0.196163
20.21299934 -10.84700012 377.71798706 0.809104 -0.540944 0.229631
19.93600082 -11.14700031 378.01800537 0.839513 -0.525978 0.136256
20.12800026 -10.84700012 378.01800537 0.828330 -0.521316 0.205183
20.06399918 -10.84700012 378.31799316 0.851432 -0.494811 0.173853
20.00600052 -10.84700012 378.61801147 0.835795 -0.513525 0.194266
21.25900078 -15.64700031 359.41799927 0.986960 -0.160930 -0.003376
34.01800156 -35.59500122 371.11801147 0.326328 0.902202 -0.282030
34.31800079 -35.65299988 371.41799927 0.448776 0.881679 -0.145744
34.31800079 -35.70299911 371.11801147 0.468262 0.835404 -0.287802
39.80500031 -32.44699860 375.01800537 -0.852777 0.468043 -0.231749
39.87200165 -32.44699860 374.71798706 -0.846591 0.490449 -0.206743
37.61800003 -31.84700012 385.29098511 -0.780077 0.373080 -0.502286
37.69900131 -31.84700012 385.21798706 -0.837228 0.422541 -0.347143
37.78799820 -31.84700012 384.91799927 -0.899329 0.411895 -0.146800
40.01800156 -31.84700012 365.84600830 0.022297 0.410535 0.911572
39.71799850 -31.84700012 365.83200073 0.011664 0.400452 0.916244
40.01800156 -32.14699936 365.95901489 0.014153 0.379547 0.925064
39.71799850 -32.14699936 365.95599365 0.030124 0.388993 0.920748
37.81999969 -31.54700089 385.21798706 -0.815290 0.452939 -0.360762
37.89699936 -31.54700089 384.91799927 -0.878722 0.419220 -0.228259
38.01699829 -31.24699974 385.21798706 -0.800558 0.579095 -0.154126
38.07300186 -31.24699974 384.91799927 -0.828927 0.532132 -0.172381
40.51100159 -27.04700089 385.81799316 -0.839489 0.499443 -0.214047
40.31900024 -27.34700012 385.81799316 -0.829119 0.518770 -0.208421
40.58200073 -27.04700089 385.51800537 -0.838754 0.502039 -0.210826
40.40100098 -27.34700012 385.51800537 -0.831408 0.511049 -0.218149
43.91799927 -28.51799965 368.71798706 -0.780379 0.544191 -0.308002
43.77899933 -28.54700089 369.01800537 -0.742324 0.615701 -0.264324
43.57600021 -29.14699936 368.11801147 -0.808076 0.546413 -0.220104
43.53400040 -29.14699936 368.41799927 -0.795510 0.580344 -0.174255
43.75999832 -28.84700012 368.41799927 -0.729809 0.593275 -0.339711
43.91799927 -28.81200027 368.11801147 -0.679135 0.685497 -0.262429
43.91799927 -28.68799973 368.41799927 -0.706433 0.635305 -0.311994
43.44400024 -29.14699936 368.71798706 -0.823342 0.499608 -0.269259
43.61100006 -28.84700012 368.71798706 -0.801939 0.517227 -0.298948
43.33700180 -29.14699936 369.01800537 -0.803533 0.508746 -0.309051
43.53699875 -28.84700012 369.01800537 -0.787370 0.581702 -0.204133
42.24800110 -31.24699974 368.11801147 -0.842313 0.502985 -0.193687
42.17300034 -31.24699974 368.41799927 -0.827644 0.515556 -0.221827
29.81800079 -30.94700050 365.73300171 0.035828 0.415336 0.908962
29.51799965 -30.94700050 365.74700928 0.040995 0.398052 0.916446
30.41799927 -30.64699936 365.58599854 0.025044 0.417840 0.908175
30.11800003 -30.64699936 365.58999634 0.006500 0.417317 0.908738
30.41799927 -30.94700050 365.71200562 0.030379 0.413413 0.910037
42.06000137 -31.54700089 368.11801147 -0.843442 0.511402 -0.164538
41.99300003 -31.54700089 368.41799927 -0.840916 0.494209 -0.220493
42.18600082 -29.44700050 372.91799927 -0.834524 0.510408 -0.207495
41.68799973 -32.14699936 368.11801147 -0.824370 0.539069 -0.172682
41.88600159 -31.84700012 368.11801147 -0.837839 0.519371 -0.168163
41.61700058 -32.14699936 368.41799927 -0.811154 0.548407 -0.203170
41.82099915 -31.84700012 368.41799927 -0.826109 0.516510 -0.225303
34.01800156 -30.04700089 365.14498901 0.052472 0.421124 0.905484
33.71799850 -30.04700089 365.15899658 0.044321 0.431127 0.901202
34.01800156 -30.34700012 365.32000732 0.036324 0.445303 0.894643
33.71799850 -30.34700012 365.31600952 0.033474 0.437835 0.898432
34.61800003 -29.44700050 364.82000732 0.057369 0.524717 0.849342
34.31800079 -29.44700050 364.83599854 0.066044 0.526946 0.847329
34.61800003 -29.74699974 365.00299072 0.050410 0.459135 0.886935
34.31800079 -29.74699974 365.01901245 0.061274 0.437090 0.897328
34.61800003 -30.04700089 365.12799072 -0.011664 0.400452 0.916244
34.31800079 -30.04700089 365.12500000 0.025039 0.412481 0.910622
34.61800003 -30.34700012 365.26599121 0.014561 0.443456 0.896178
34.31800079 -30.34700012 365.29098511 0.079153 0.459643 0.884570
35.21799850 -29.74699974 365.00399780 0.060190 0.519315 0.852461
34.91799927 -29.74699974 364.98599243 -0.001330 0.490829 0.871255
35.21799850 -29.44700050 364.75698853 0.117095 0.638837 0.760379
34.91799927 -29.44700050 364.79598999 0.087388 0.542954 0.835203
40.33499908 -34.54700089 367.51800537 -0.797122 0.598202 0.082163
40.53300095 -34.24700165 367.51800537 -0.828576 0.558418 0.040384
40.48400116 -34.24700165 367.81799316 -0.848860 0.483986 -0.212592
40.29999924 -34.54700089 367.81799316 -0.823939 0.538787 -0.175594
39.79199982 -35.14699936 367.51800537 -0.506408 0.661190 0.553515
40.08900070 -34.84700012 367.51800537 -0.694435 0.691342 0.199515
39.88100052 -35.14699936 367.81799316 -0.801521 0.596579 0.040708
40.09299850 -34.84700012 367.81799316 -0.816005 0.573061 -0.075741
43.79299927 -20.14699936 389.71798706 -0.809915 0.546578 -0.212813
28.31800079 -33.34700012 366.89401245 0.119949 0.433228 0.893267
28.61800003 -33.34700012 366.85400391 0.109685 0.480050 0.870357
28.31800079 -33.04700089 366.74899292 0.163580 0.484846 0.859166
28.61800003 -33.04700089 366.69000244 0.090177 0.431464 0.897612
28.91799927 -33.34700012 366.81900024 0.090749 0.448158 0.889336
29.21800041 -33.34700012 366.79299927 0.064301 0.439160 0.896105
28.91799927 -33.04700089 366.68798828 0.032728 0.383573 0.922931
29.21800041 -33.04700089 366.66799927 0.058729 0.340629 0.938362
28.01799965 -33.04700089 366.80398560 0.144849 0.595820 0.789947
27.71800041 -32.74700165 366.61199951 0.093029 0.525254 0.845845
28.01799965 -32.74700165 366.57800293 0.077823 0.524953 0.847566
27.71800041 -32.44699860 366.42599487 0.017389 0.466833 0.884174
28.01799965 -32.44699860 366.43499756 0.022327 0.413700 0.910140
27.11800003 -32.44699860 366.48999023 0.122161 0.478585 0.869502
27.41799927 -32.44699860 366.44699097 0.092175 0.500579 0.860770
27.41799927 -32.71300125 366.61801147 0.093669 0.551929 0.828614
27.41799927 -32.74700165 366.65100098 0.093669 0.551929 0.828614
27.11800003 -32.14699936 366.32501221 0.108671 0.447385 0.887714
26.81800079 -32.44699860 366.53201294 0.123971 0.454560 0.882047
26.51799965 -32.03300095 366.31799316 0.030947 0.456125 0.889377
26.51799965 -32.14699936 366.37100220 -0.014544 0.440278 0.897744
26.81800079 -32.14699936 366.37701416 0.062080 0.473185 0.878773
39.79299927 -27.34700012 387.91799927 -0.805932 0.564001 -0.179936
39.99000168 -27.04700089 387.91799927 -0.822740 0.534856 -0.192427
39.72499847 -27.34700012 388.21798706 -0.818447 0.539051 -0.198918
26.51799965 -31.84700012 366.22399902 0.044316 0.425702 0.903778
26.81800079 -31.84700012 366.21099854 0.047175 0.435358 0.899021
39.90700150 -27.04700089 388.21798706 -0.837535 0.487154 -0.247419
21.11800003 -21.34700012 361.71499634 0.043621 0.392587 0.918680
21.41799927 -21.34700012 361.70700073 0.027181 0.371477 0.928044
25.91799927 -31.84700012 366.25299072 0.036280 0.442075 0.896244
21.11800003 -21.04700089 361.59600830 0.035492 0.393036 0.918838
26.21800041 -31.84700012 366.24099731 0.038571 0.416299 0.908409
21.41799927 -21.04700089 361.58499146 0.052323 0.409189 0.910948
20.51799965 -21.34700012 361.74700928 0.027336 0.384009 0.922924
20.81800079 -21.34700012 361.73599243 0.049135 0.394405 0.917622
20.51799965 -21.04700089 361.62298584 0.048907 0.379363 0.923954
20.81800079 -21.04700089 361.60800171 0.041095 0.399019 0.916021
19.91799927 -21.34700012 361.76000977 0.048551 0.363475 0.930338
20.21800041 -21.34700012 361.75299072 0.019326 0.369766 0.928924
19.91799927 -21.04700089 361.63900757 0.021985 0.373752 0.927268
20.21800041 -21.04700089 361.64001465 0.024734 0.384035 0.922987
25.91799927 -31.24699974 365.95401001 -0.017269 0.447678 0.894028
26.21800041 -31.24699974 365.97000122 -0.003915 0.426736 0.904368
25.91799927 -31.54700089 366.10501099 -0.022608 0.445503 0.894995
19.31800079 -21.34700012 361.79699707 0.046436 0.396694 0.916775
19.61800003 -21.34700012 361.78399658 0.056761 0.368287 0.927978
26.21800041 -31.54700089 366.10598755 0.024979 0.411494 0.911070
19.31800079 -21.04700089 361.66799927 0.024872 0.396639 0.917638
19.61800003 -21.04700089 361.65499878 0.043861 0.405378 0.913096
25.31800079 -31.24699974 365.96499634 0.008895 0.357091 0.934027
25.61800003 -31.24699974 365.95800781 0.016944 0.400146 0.916295
25.31800079 -31.54700089 366.06900024 -0.069315 0.325650 0.942946
25.61800003 -31.54700089 366.09100342 -0.054832 0.397197 0.916094
25.01799965 -31.24699974 365.96398926 -0.003780 0.351535 0.936167
17.69099998 -17.74699974 370.51800537 0.840916 -0.494209 0.220493
17.86800003 -17.44700050 370.51800537 0.830163 -0.525820 0.185318
17.62199974 -17.74699974 370.81799316 0.816260 -0.530338 0.229045
17.82600021 -17.44700050 370.81799316 0.836367 -0.515034 0.187695
17.77799988 -15.94699955 374.71798706 0.811487 -0.545576 0.209367
17.97800064 -15.64700031 374.71798706 0.837376 -0.508461 0.200669
17.69899940 -15.94699955 375.01800537 0.815237 -0.545010 0.195839
17.89900017 -15.64700031 375.01800537 0.829927 -0.521539 0.198034
17.63299942 -15.94699955 375.31799316 0.819930 -0.532878 0.209181
17.83600044 -15.64700031 375.31799316 0.843070 -0.494944 0.210389
17.54700089 -15.94699955 375.61801147 0.840181 -0.501081 0.207396
17.74900055 -15.64700031 375.61801147 0.825583 -0.520377 0.218222
19.61800003 -19.24699974 360.91400146 0.262084 0.239660 0.934813
17.63400078 -14.74699974 378.31799316 0.818649 -0.530974 0.218816
17.81299973 -14.44699955 378.31799316 0.824562 -0.525830 0.208808
17.55200005 -14.74699974 378.61801147 0.810453 -0.538758 0.230014
17.75099945 -14.44699955 378.61801147 0.824294 -0.534962 0.185353
17.85400009 -14.14700031 378.91799927 0.836568 -0.505585 0.211040
18.04000092 -13.84700012 378.91799927 0.835684 -0.512291 0.197965
17.78899956 -14.14700031 379.21798706 0.825156 -0.532505 0.188564
17.97200012 -13.84700012 379.21798706 0.837660 -0.512823 0.187985
15.45300007 -23.74699974 364.51800537 0.840181 -0.501081 0.207396
15.64000034 -23.44700050 364.51800537 0.817059 -0.536052 0.212283
15.38399982 -23.74699974 364.81799316 0.840922 -0.498492 0.210609
15.57900047 -23.44700050 364.81799316 0.830168 -0.536119 0.152965
18.01600075 -12.94699955 381.31799316 0.834257 -0.527917 0.159119
17.95899963 -12.94699955 381.61801147 0.838250 -0.520754 0.161716
17.90099907 -12.94699955 381.91799927 0.820187 -0.525839 0.225360
18.05800056 -12.64700031 381.91799927 0.856234 -0.471004 0.212177
34.31800079 -29.14699936 364.64599609 0.162986 0.551761 0.817922
17.79400063 -12.94699955 382.21798706 0.838057 -0.493064 0.233557
34.61800003 -29.06999969 364.51800537 0.168609 0.615195 0.770133
17.97699928 -12.64700031 382.21798706 0.837986 -0.510013 0.194076
17.55800056 -13.24699974 382.51800537 0.814845 -0.523053 0.249886
15.84700012 -23.14699936 364.51800537 0.822740 -0.534856 0.192427
16.03100014 -22.84700012 364.51800537 0.832479 -0.523487 0.181495
15.77200031 -23.14699936 364.81799316 0.821445 -0.531882 0.205742
15.96599960 -22.84700012 364.81799316 0.814721 -0.535476 0.222476
15.86699963 -22.84700012 365.11801147 0.841437 -0.504260 0.194178
15.82699966 -22.84700012 365.41799927 0.837351 -0.523159 0.158578
16.22400093 -22.54700089 364.51800537 0.837246 -0.507192 0.204391
16.16500092 -22.54700089 364.81799316 0.844241 -0.480897 0.236632
16.30599976 -22.24699974 364.81799316 0.849323 -0.488548 0.199929
18.10099983 -11.14700031 385.51800537 0.835193 -0.521435 0.174808
18.06500053 -11.14700031 385.81799316 0.831009 -0.523339 0.188523
17.96599960 -11.14700031 386.11801147 0.815719 -0.545331 0.192917
17.92300034 -11.14700031 386.41799927 0.819409 -0.555657 0.140766
18.11499977 -10.84700012 386.41799927 0.831636 -0.531117 0.162162
16.05599976 -22.54700089 365.11801147 0.818335 -0.525522 0.232709
16.25300026 -22.24699974 365.11801147 0.843942 -0.493683 0.209853
15.99400043 -22.54700089 365.41799927 0.866549 -0.474921 0.153436
16.15600014 -22.24699974 365.41799927 0.844241 -0.477844 0.242738
16.40600014 -21.94700050 365.11801147 0.834092 -0.493082 0.247309
16.60700035 -21.64699936 365.11801147 0.819667 -0.541916 0.185670
16.33300018 -21.94700050 365.41799927 0.813725 -0.546032 0.199249
16.55699921 -21.64699936 365.41799927 0.812456 -0.551255 0.189826
16.46699905 -21.64699936 365.71798706 0.800302 -0.544455 0.251167
16.36800003 -21.64699936 366.01800537 0.819113 -0.535398 0.205922
16.66900063 -21.34700012 365.71798706 0.841648 -0.495890 0.213824
16.81900024 -21.04700089 365.71798706 0.840159 -0.506500 0.193883
16.58699989 -21.34700012 366.01800537 0.822114 -0.533386 0.199070
16.75499916 -21.04700089 366.01800537 0.834162 -0.518533 0.187874
16.80299950 -21.34700012 365.11801147 0.828590 -0.518439 0.211328
16.73999977 -21.34700012 365.41799927 0.856867 -0.478355 0.192236
16.89299965 -21.04700089 365.41799927 0.837971 -0.496066 0.227427
17.03000069 -20.74699974 365.71798706 0.818672 -0.543260 0.186131
17.21800041 -20.44700050 365.71798706 0.841300 -0.513714 0.168260
16.95800018 -20.74699974 366.01800537 0.810466 -0.551968 0.196154
17.16300011 -20.44700050 366.01800537 0.838906 -0.503343 0.207081
17.07099915 -20.44700050 366.31799316 0.838038 -0.500389 0.217494
17.00799942 -20.44700050 366.61801147 0.820669 -0.521964 0.232497
17.84700012 -18.94700050 366.91799927 0.817059 -0.536052 0.212283
18.03899956 -18.64699936 366.91799927 0.827527 -0.523848 0.201947
17.74600029 -18.94700050 367.21798706 0.836002 -0.500992 0.223848
17.94899940 -18.64699936 367.21798706 0.812078 -0.537790 0.226519
17.96899986 -18.94700050 366.31799316 0.842288 -0.488923 0.226946
17.90099907 -18.94700050 366.61801147 0.848093 -0.500539 0.173777
18.09600067 -18.64699936 366.61801147 0.823903 -0.542789 0.162986
18.22599983 -18.34700012 366.91799927 0.834363 -0.509129 0.211250
18.40600014 -18.04700089 366.91799927 0.819113 -0.535398 0.205922
18.14399910 -18.34700012 367.21798706 0.828381 -0.512953 0.225087
18.32099915 -18.04700089 367.21798706 0.832347 -0.509755 0.217597
18.24799919 -18.04700089 367.51800537 0.820113 -0.534062 0.205409
18.17200089 -18.04700089 367.81799316 0.840349 -0.493876 0.223384
18.06299973 -18.34700012 367.51800537 0.830421 -0.521849 0.195126
18.00399971 -18.34700012 367.81799316 0.838776 -0.507482 0.197271
18.45199966 -17.74699974 367.51800537 0.832895 -0.510091 0.214695
18.61400032 -17.44700050 367.51800537 0.851473 -0.480743 0.209477
18.35600090 -17.74699974 367.81799316 0.817540 -0.520815 0.245726
18.55299950 -17.44700050 367.81799316 0.819194 -0.531328 0.215900
18.61700058 -17.74699974 366.91799927 0.825365 -0.519107 0.222037
18.51099968 -17.74699974 367.21798706 0.821508 -0.523616 0.225723
18.70100021 -17.44700050 367.21798706 0.832741 -0.501485 0.234640
18.79100037 -17.14699936 367.51800537 0.827552 -0.533178 0.175723
19.00000000 -16.84700012 367.51800537 0.826054 -0.524841 0.205372
18.74500084 -17.14699936 367.81799316 0.827112 -0.532894 0.178632
18.93799973 -16.84700012 367.81799316 0.842982 -0.499154 0.200566
18.85799980 -16.84700012 368.11801147 0.824688 -0.514470 0.234967
18.76700020 -16.84700012 368.41799927 0.825096 -0.510480 0.242131
18.66200066 -17.14699936 368.11801147 0.810494 -0.542893 0.219925
18.58200073 -17.14699936 368.41799927 0.827557 -0.511274 0.231839
19.03599930 -16.54700089 368.11801147 0.845337 -0.492737 0.206437
19.20800018 -16.24699974 368.11801147 0.852570 -0.489521 0.183012
18.95400047 -16.54700089 368.41799927 0.827527 -0.523848 0.201947
19.14699936 -16.24699974 368.41799927 0.838623 -0.522105 0.155300
19.46400070 -15.64700031 368.71798706 0.837733 -0.514029 0.184331
19.39999962 -15.64700031 369.01800537 0.831408 -0.511049 0.218149
19.26000023 -15.94699955 368.71798706 0.837733 -0.514029 0.184331
19.19499969 -15.94699955 369.01800537 0.827810 -0.520988 0.208092
19.37999916 -15.94699955 368.11801147 0.832525 -0.527614 0.168896
19.58900070 -15.64700031 368.11801147 0.833312 -0.531366 0.152453
19.32699966 -15.94699955 368.41799927 0.830309 -0.532173 0.165466
19.53100014 -15.64700031 368.41799927 0.837389 -0.517957 0.174643
19.62700081 -15.34700012 368.71798706 0.849982 -0.491466 0.189715
19.81200027 -15.04699993 368.71798706 0.845114 -0.495620 0.200357
19.56399918 -15.34700012 369.01800537 0.856294 -0.476715 0.198756
19.73399925 -15.04699993 369.01800537 0.852802 -0.485395 0.192665
19.90500069 -14.74699974 369.01800537 0.849913 -0.490161 0.193366
19.97900009 -14.74699974 368.71798706 0.844935 -0.499757 0.190598
20.16600037 -14.44699955 368.71798706 0.829338 -0.511654 0.224517
20.07900047 -14.44699955 369.01800537 0.827016 -0.523524 0.204857
19.84199905 -14.74699974 369.31799316 0.849400 -0.484294 0.209710
19.75699997 -14.74699974 369.61801147 0.836568 -0.505585 0.211040
20.01799965 -14.44699955 369.31799316 0.839908 -0.510532 0.184151
19.94799995 -14.44699955 369.61801147 0.825352 -0.523283 0.212059
20.20700073 -14.14700031 369.31799316 0.840181 -0.501081 0.207396
20.37599945 -13.84700012 369.31799316 0.845361 -0.488465 0.216255
20.13800049 -14.14700031 369.61801147 0.834264 -0.513277 0.201374
20.31800079 -13.84700012 369.61801147 0.853049 -0.491060 0.176544
36.11800003 -30.64699936 365.36401367 0.071585 0.398444 0.914395
36.41799927 -30.64699936 365.35400391 0.001287 0.402911 0.915238
36.11800003 -30.94700050 365.50399780 0.033348 0.428192 0.903072
36.41799927 -30.94700050 365.50399780 -0.006588 0.446677 0.894671
20.48399925 -13.54699993 369.61801147 0.832060 -0.526222 0.175407
20.06200027 -14.14700031 369.91799927 0.819930 -0.532878 0.209181
20.25200081 -13.84700012 369.91799927 0.830766 -0.506415 0.231023
19.98500061 -14.14700031 370.21798706 0.844663 -0.503808 0.180892
20.14999962 -13.84700012 370.21798706 0.827633 -0.519748 0.211862
20.42700005 -13.54699993 369.91799927 0.848093 -0.500539 0.173777
20.36100006 -13.54699993 370.21798706 0.821445 -0.531882 0.205742
20.55400085 -13.54699993 369.31799316 0.817590 -0.528123 0.229418
20.76300049 -13.24699974 369.31799316 0.837376 -0.508461 0.200669
20.69799995 -13.24699974 369.61801147 0.823837 -0.524260 0.215512
20.60600090 -13.24699974 369.91799927 0.844418 -0.485350 0.226700
20.53700066 -13.24699974 370.21798706 0.854772 -0.480529 0.196104
20.77099991 -12.94699955 369.91799927 0.843605 -0.483585 0.233402
20.95000076 -12.64700031 369.91799927 0.835283 -0.507840 0.210716
20.69799995 -12.94699955 370.21798706 0.851612 -0.477807 0.215541
20.87500000 -12.64700031 370.21798706 0.840318 -0.502380 0.203668
21.05699921 -12.34700012 370.21798706 0.854099 -0.484437 0.189303
30.11800003 -30.94700050 365.72299194 0.033045 0.405794 0.913367
20.62000084 -12.94699955 370.51800537 0.859112 -0.479263 0.179538
20.80400085 -12.64700031 370.51800537 0.829815 -0.529701 0.175567
20.57299995 -12.94699955 370.81799316 0.885614 -0.444953 0.133057
20.74799919 -12.64700031 370.81799316 0.841726 -0.510995 0.174304
21.00399971 -12.34700012 370.51800537 0.843023 -0.509977 0.170984
20.93600082 -12.34700012 370.81799316 0.847294 -0.483518 0.219781
21.08900070 -12.04699993 370.81799316 0.879992 -0.418405 0.224837
21.16799927 -12.04699993 370.51800537 0.880839 -0.435290 0.186134
21.51399994 -6.34700012 383.41799927 0.881094 -0.439816 0.173881
21.56699944 -6.34700012 383.11801147 0.888132 -0.431791 0.157409
21.58200073 -6.64699984 382.21798706 0.929283 -0.344535 0.133147
21.47100067 -6.94700003 382.21798706 0.881543 -0.428262 0.198678
21.49900055 -6.94700003 381.91799927 0.870893 -0.486307 0.071065
21.29999924 -11.74699974 370.51800537 0.918439 -0.355205 0.174065
21.39999962 -11.44699955 370.51800537 0.941381 -0.311993 0.128309
21.22100067 -11.74699974 370.81799316 0.898053 -0.405061 0.171538
21.35899925 -11.44699955 370.81799316 0.927600 -0.344221 0.145154
21.51899910 -6.94700003 381.61801147 0.903596 -0.424026 0.060962
21.51499939 -7.54699993 380.41799927 0.876735 -0.450767 0.167761
21.55599976 -7.54699993 380.11801147 0.882355 -0.454719 0.121163
21.44300079 -11.14700031 370.81799316 0.961613 -0.269552 0.051403
21.18499947 -11.74699974 371.11801147 0.893563 -0.439114 0.093399
21.30699921 -11.44699955 371.11801147 0.921227 -0.373693 0.108138
21.15800095 -11.74699974 371.41799927 0.878379 -0.439925 0.186858
21.28899956 -11.44699955 371.41799927 0.914214 -0.393373 0.097315
21.42700005 -11.14700031 371.11801147 0.925427 -0.376734 0.040693
21.41600037 -11.14700031 371.41799927 0.928902 -0.360569 0.084446
21.40699959 -10.24699974 373.81799316 0.921389 -0.336470 0.194500
21.28499985 -10.54699993 373.81799316 0.885473 -0.427419 0.182346
21.48200035 -10.24699974 373.51800537 0.923844 -0.352538 0.149097
21.35000038 -10.54699993 373.51800537 0.878600 -0.445878 0.171042
21.46699905 -10.54699993 372.61801147 0.942333 -0.318554 0.102630
21.49099922 -10.54699993 372.31799316 0.976796 -0.199771 0.077212
21.43300056 -10.84700012 372.01800537 0.945015 -0.325208 0.034434
21.33499908 -11.14700031 372.01800537 0.928063 -0.355689 0.110386
21.45199966 -10.84700012 371.71798706 0.964430 -0.257098 0.061453
21.37199974 -11.14700031 371.71798706 0.936687 -0.326688 0.126066
21.44000053 -11.44699955 370.21798706 0.943716 -0.314572 0.102203
21.33499908 -11.74699974 370.21798706 0.928359 -0.347963 0.130658
21.46500015 -11.44699955 369.91799927 0.962954 -0.257549 0.079929
21.38500023 -11.74699974 369.91799927 0.943685 -0.312787 0.107812
37.61800003 -37.84700012 368.54598999 -0.301755 0.507138 0.807313
21.40299988 -11.74699974 369.61801147 0.937585 -0.342251 0.061631
37.31800079 -37.84700012 368.54501343 -0.044201 0.419243 0.906797
21.42499924 -11.74699974 369.31799316 0.973811 -0.215445 0.072636
21.21500015 -12.04699993 370.21798706 0.896653 -0.417678 0.146829
21.26600075 -12.04699993 369.91799927 0.916231 -0.381185 0.123365
21.13599968 -12.34700012 369.91799927 0.868614 -0.457243 0.190888
37.31800079 -38.14699936 368.67098999 -0.130717 0.461099 0.877668
21.29500008 -12.04699993 369.61801147 0.931335 -0.334290 0.144446
21.18799973 -12.34700012 369.61801147 0.896605 -0.404124 0.181059
21.35899925 -12.04699993 369.31799316 0.950204 -0.267455 0.159935
21.25699997 -12.34700012 369.31799316 0.899189 -0.413371 0.143472
21.39500046 -12.04699993 369.01800537 0.931826 -0.345874 0.109866
21.28300095 -12.34700012 369.01800537 0.916916 -0.375419 0.135374
21.43000031 -12.04699993 368.71798706 0.973379 -0.226114 0.037484
21.34499931 -12.34700012 368.71798706 0.922649 -0.353147 0.154938
20.98699951 -12.94699955 369.01800537 0.864644 -0.446607 0.230071
21.07500076 -12.94699955 368.71798706 0.874809 -0.421649 0.238584
21.14999962 -12.64700031 369.01800537 0.883512 -0.435206 0.173209
21.20199966 -12.64700031 368.71798706 0.896126 -0.402313 0.187359
21.27599907 -12.64700031 368.41799927 0.913644 -0.354270 0.199367
21.15099907 -12.94699955 368.41799927 0.869956 -0.452022 0.197111
21.33300018 -12.64700031 368.11801147 0.943821 -0.309252 0.116471
21.20999908 -12.94699955 368.11801147 0.874275 -0.463871 0.143063
21.39999962 -12.64700031 367.21798706 0.970718 -0.233120 0.057972
21.31999969 -12.94699955 367.21798706 0.941400 -0.305649 0.142636
21.40600014 -12.64700031 366.91799927 0.990603 -0.135438 0.019029
21.36499977 -12.94699955 366.91799927 0.966107 -0.239940 0.095214
21.30999947 -13.24699974 366.61801147 0.925929 -0.348438 0.145761
21.15600014 -13.54699993 366.61801147 0.884348 -0.426775 0.189189
21.35199928 -13.24699974 366.31799316 0.961164 -0.260503 0.091112
21.21899986 -13.54699993 366.31799316 0.893776 -0.412846 0.175279
21.36599922 -13.24699974 366.01800537 0.982292 -0.187267 0.005744
21.27400017 -13.54699993 366.01800537 0.920892 -0.357424 0.155584
21.35600090 -13.24699974 365.71798706 0.991968 -0.123857 -0.025664
21.31999969 -13.54699993 365.71798706 0.976583 -0.203607 0.069495
20.94799995 -14.14700031 366.01800537 0.851598 -0.482122 0.205765
21.04299927 -14.14700031 365.71798706 0.823290 -0.523912 0.218424
21.13299942 -13.84700012 366.01800537 0.854779 -0.467481 0.225420
21.23100090 -13.84700012 365.71798706 0.894539 -0.416299 0.162774
21.10600090 -14.14700031 365.41799927 0.883676 -0.446867 0.139377
37.86600113 -37.84700012 369.01800537 -0.821309 0.568599 -0.046330
21.24200058 -13.84700012 365.41799927 0.942865 -0.332102 0.026721
21.24799919 -13.84700012 365.11801147 0.950320 -0.300306 0.081902
21.13800049 -14.14700031 365.11801147 0.930223 -0.335875 0.147896
37.65700150 -38.14699936 369.01800537 -0.757036 0.641026 0.126421
37.61800003 -38.04899979 368.71798706 -0.475377 0.727145 0.495254
21.29299927 -13.84700012 364.81799316 0.959218 -0.252564 0.126936
21.20199966 -14.14700031 364.81799316 0.935098 -0.319938 0.152417
18.00000000 -14.74699974 376.81799316 0.839023 -0.511819 0.184615
21.32799911 -13.84700012 364.51800537 0.982544 -0.181953 0.038738
21.23500061 -14.14700031 364.51800537 0.933652 -0.345250 0.095380
18.06200027 -14.74699974 376.51800537 0.813155 -0.553669 0.179528
21.08699989 -14.44699955 364.81799316 0.908619 -0.402130 0.112708
20.93700027 -14.74699974 364.81799316 0.859682 -0.467966 0.204829
21.10600090 -14.44699955 364.51800537 0.910780 -0.402502 0.092040
20.97100067 -14.74699974 364.51800537 0.901400 -0.422315 0.095540
17.94499969 -15.04699993 376.21798706 0.845361 -0.488465 0.216255
17.78700066 -15.34700012 376.21798706 0.873356 -0.452142 0.181151
21.00000000 -14.74699974 364.21798706 0.900447 -0.412646 0.137549
18.01499939 -15.04699993 375.91799927 0.849286 -0.472501 0.235491
21.06299973 -14.74699974 363.91799927 0.886433 -0.406960 0.220498
17.84199905 -15.34700012 375.91799927 0.853541 -0.482826 0.195821
17.63500023 -15.64700031 376.21798706 0.845578 -0.506752 0.167927
17.67700005 -15.64700031 375.91799927 0.848083 -0.504706 0.161328
21.14800072 -14.44699955 364.21798706 0.906318 -0.398893 0.139542
21.19799995 -14.44699955 363.91799927 0.920694 -0.346498 0.179613
21.26499939 -14.44699955 363.61801147 0.946306 -0.289411 0.144032
21.14900017 -14.74699974 363.61801147 0.888460 -0.397663 0.229137
21.28899956 -14.44699955 363.31799316 0.980518 -0.184073 0.068576
21.21699905 -14.74699974 363.31799316 0.923739 -0.343423 0.169609
20.94400024 -15.34700012 363.01800537 0.825884 -0.528869 0.195484
21.03000069 -15.34700012 362.71798706 0.843747 -0.488005 0.223479
21.13999939 -15.04699993 363.01800537 0.869101 -0.457500 0.188034
21.19700050 -15.04699993 362.71798706 0.913721 -0.382000 0.138527
21.00399971 -15.94699955 361.21798706 0.867892 -0.442190 0.226342
21.10099983 -15.94699955 360.91799927 0.895553 -0.395913 0.203070
21.14100075 -15.64700031 361.21798706 0.918439 -0.355205 0.174065
21.20499992 -15.64700031 360.91799927 0.945366 -0.290778 0.147418
21.23500061 -15.64700031 360.61801147 0.972934 -0.227139 0.042513
21.13999939 -15.94699955 360.61801147 0.936961 -0.332036 0.108886
21.23100090 -15.64700031 360.31799316 0.988098 -0.151577 0.026213
21.17000008 -15.94699955 360.31799316 0.966469 -0.245073 0.076664
21.02199936 -16.24699974 360.61801147 0.867987 -0.454093 0.200992
20.82799911 -16.54700089 360.61801147 0.829160 -0.514599 0.218361
21.07900047 -16.24699974 360.31799316 0.899872 -0.410842 0.146425
20.89800072 -16.54700089 360.31799316 0.826109 -0.516510 0.225303
20.99200058 -16.54700089 360.01800537 0.874809 -0.421649 0.238584
21.11800003 -16.24699974 360.01800537 0.944112 -0.308472 0.116178
21.15200043 -16.24699974 359.71798706 0.975267 -0.191057 0.111138
37.91799927 -37.77600098 368.71798706 -0.580536 0.742245 0.334738
40.91799927 -32.74700165 366.24200439 0.006580 0.448783 0.893617
41.21799850 -32.74700165 366.23699951 -0.151670 0.505075 0.849645
40.91799927 -32.44699860 366.08499146 -0.009245 0.452996 0.891465
41.21799850 -32.44699860 366.09698486 -0.072913 0.438855 0.895595
40.91799927 -32.14699936 365.93798828 -0.016195 0.310200 0.950533
41.21799850 -32.14699936 365.94299316 -0.033348 0.428192 0.903072
40.91799927 -31.84700012 365.89300537 -0.014383 0.417107 0.908744
41.21799850 -31.84700012 365.81201172 0.110885 0.428099 0.896903
40.31800079 -32.14699936 365.94699097 0.038814 0.426958 0.903438
40.61800003 -32.14699936 365.93301392 0.014474 0.432900 0.901326
40.31800079 -31.84700012 365.81799316 0.066064 0.403123 0.912758
40.61800003 -31.84700012 365.80300903 -0.113805 0.431335 0.894985
37.81900024 -32.44699860 383.11801147 -0.809963 0.570084 -0.137709
38.20700073 -31.84700012 382.81799316 -0.808793 0.560864 -0.176876
38.02299881 -32.14699936 382.81799316 -0.863546 0.489965 -0.119258
38.29399872 -31.84700012 382.51800537 -0.827669 0.525047 -0.198217
38.11199951 -32.14699936 382.51800537 -0.850344 0.458113 -0.258934
36.71799850 -32.74700165 366.32199097 0.022179 0.397912 0.917155
37.01800156 -32.74700165 366.30700684 0.051765 0.388901 0.919824
36.71799850 -32.44699860 366.19198608 0.003885 0.407937 0.913002
37.01800156 -32.44699860 366.18798828 0.019649 0.407397 0.913040
36.41799927 -32.74700165 366.32101440 -0.017081 0.424406 0.905311
38.52799988 -31.84700012 381.61801147 -0.833129 0.491254 -0.254097
38.63600159 -31.84700012 381.31799316 -0.824794 0.502923 -0.258425
36.11800003 -32.74700165 366.31100464 0.030339 0.410231 0.911477
36.11800003 -32.44699860 366.18701172 0.014206 0.383568 0.923404
36.41799927 -32.44699860 366.19100952 -0.006500 0.417317 0.908738
35.51800156 -32.74700165 366.32998657 0.027599 0.406106 0.913409
35.81800079 -32.74700165 366.34100342 0.030135 0.394373 0.918456
18.68099976 -9.94699955 386.11801147 0.900325 -0.338546 0.273498
39.35699844 -31.24699974 379.81799316 -0.832138 0.501122 -0.237535
39.20500183 -31.54700089 379.81799316 -0.850131 0.502417 -0.157650
39.45899963 -31.24699974 379.51800537 -0.833469 0.515813 -0.198157
39.25600052 -31.54700089 379.51800537 -0.821044 0.549846 -0.153480
34.91799927 -32.74700165 366.38198853 0.051670 0.380241 0.923443
35.21799850 -32.74700165 366.35900879 0.079667 0.384831 0.919543
39.49900055 -31.24699974 379.21798706 -0.841481 0.520215 -0.145896
39.31800079 -31.54700089 379.21798706 -0.848423 0.496529 -0.183403
39.56299973 -31.24699974 378.91799927 -0.819310 0.545705 -0.175889
39.38600159 -31.54700089 378.91799927 -0.849286 0.472501 -0.235491
39.74399948 -31.24699974 378.31799316 -0.845010 0.467746 -0.259177
40.15399933 -30.94700050 377.41799927 -0.858899 0.469172 -0.205356
40.20800018 -30.94700050 377.11801147 -0.867892 0.442190 -0.226342
40.31000137 -30.94700050 376.81799316 -0.817590 0.528123 -0.229418
40.61899948 -30.64699936 376.21798706 -0.848093 0.500539 -0.173777
40.42800140 -30.94700050 376.21798706 -0.842695 0.519147 -0.142655
40.66899872 -30.64699936 375.91799927 -0.825534 0.524511 -0.208284
40.47800064 -30.94700050 375.91799927 -0.846335 0.509573 -0.155088
31.91799927 -33.04700089 366.59100342 0.051838 0.392106 0.918458
32.21799850 -33.04700089 366.57800293 0.051692 0.385701 0.921175
31.91799927 -33.34700012 366.72399902 0.062936 0.386988 0.919934
32.21799850 -33.34700012 366.69601440 0.042973 0.355504 0.933686
31.61800003 -33.04700089 366.61099243 0.054983 0.403657 0.913257
31.31800079 -33.34700012 366.73300171 0.001251 0.341642 0.939829
31.61800003 -33.34700012 366.73699951 0.014231 0.392005 0.919853
31.31800079 -33.04700089 366.62799072 0.037996 0.381265 0.923684
40.99700165 -30.64699936 374.71798706 -0.826433 0.505129 -0.248702
30.71800041 -33.94699860 367.00500488 0.043499 0.386216 0.921382
31.01799965 -33.94699860 366.99398804 0.038156 0.390772 0.919696
30.71800041 -33.34700012 366.74099731 0.027413 0.390303 0.920278
31.01799965 -33.34700012 366.73800659 0.011497 0.364086 0.931294
30.71800041 -33.04700089 366.63101196 -0.016670 0.368020 0.929668
31.01799965 -33.04700089 366.63500977 0.003811 0.364588 0.931161
30.71800041 -33.64699936 366.88500977 0.030258 0.403876 0.914313
31.01799965 -33.64699936 366.86898804 0.060142 0.391593 0.918171
30.11800003 -33.94699860 367.04400635 0.077679 0.518331 0.851645
30.41799927 -33.94699860 367.02301025 0.056315 0.465630 0.883186
41.37500000 -30.34700012 373.81799316 -0.817857 0.562368 -0.121871
41.42800140 -30.34700012 373.51800537 -0.806451 0.547400 -0.223586
41.17699814 -30.64699936 373.81799316 -0.854061 0.499545 -0.145029
41.02600098 -30.94700050 373.81799316 -0.844601 0.495318 -0.203246
41.26399994 -30.64699936 373.51800537 -0.845543 0.464972 -0.262410
30.11800003 -33.64699936 366.89300537 0.025044 0.417840 0.908175
41.09799957 -30.94700050 373.51800537 -0.843734 0.496581 -0.203764
30.41799927 -33.64699936 366.88800049 0.011695 0.406713 0.913481
30.11800003 -33.34700012 366.76800537 0.021964 0.375974 0.926370
30.41799927 -33.34700012 366.75601196 0.041051 0.401245 0.915050
30.11800003 -33.04700089 366.64999390 0.043188 0.370367 0.927881
30.41799927 -33.04700089 366.62500000 0.030135 0.394373 0.918456
41.36299896 -30.64699936 373.21798706 -0.822519 0.509621 -0.252487
41.17100143 -30.94700050 373.21798706 -0.819824 0.508695 -0.262904
41.44800186 -30.64699936 372.91799927 -0.860352 0.465338 -0.207981
41.29100037 -30.94700050 372.91799927 -0.823587 0.532374 -0.195659
29.81800079 -33.64699936 366.90399170 0.039244 0.456048 0.889090
41.74399948 -30.04700089 373.21798706 -0.830746 0.528385 -0.175130
41.54199982 -30.34700012 373.21798706 -0.814884 0.519974 -0.256107
41.79800034 -30.04700089 372.91799927 -0.843315 0.515441 -0.152122
41.61500168 -30.34700012 372.91799927 -0.845860 0.493041 -0.203549
41.85300064 -30.04700089 372.61801147 -0.840368 0.510812 -0.181256
41.68600082 -30.34700012 372.61801147 -0.853492 0.491315 -0.173667
41.92800140 -30.04700089 372.31799316 -0.826054 0.524841 -0.205372
41.73699951 -30.34700012 372.31799316 -0.833195 0.537403 -0.130324
18.21999931 -10.84700012 385.81799316 0.856669 -0.492254 0.154289
18.28199959 -10.84700012 385.51800537 0.827552 -0.533178 0.175723
42.62799835 -29.74699974 370.21798706 -0.821880 0.537325 -0.189199
42.69100189 -29.74699974 369.91799927 -0.837059 0.479421 -0.263604
18.12599945 -12.64700031 381.61801147 0.837386 -0.495720 0.230319
18.22299957 -12.64700031 381.31799316 0.829280 -0.520006 0.204667
18.07399940 -12.94699955 381.01800537 0.845101 -0.510613 0.158364
18.11400032 -13.84700012 378.61801147 0.843937 -0.489392 0.219696
17.94099998 -14.14700031 378.61801147 0.832292 -0.505484 0.227544
18.01700020 -14.14700031 378.31799316 0.830285 -0.531083 0.169049
36.41799927 -35.89899826 374.11801147 0.584245 0.730713 -0.353151
36.41799927 -35.75099945 374.41799927 0.583136 0.744670 -0.324683
39.18999863 -35.44699860 369.61801147 -0.780982 0.493167 -0.383215
39.33700180 -35.44699860 369.31799316 -0.801715 0.513920 -0.305189
39.16600037 -35.74700165 369.31799316 -0.823514 0.470804 -0.316494
16.01799965 -16.03800011 385.81799316 0.586239 0.755561 -0.292321
16.01799965 -16.10000038 385.51800537 0.508974 0.777196 -0.370016
15.71800041 -15.95699978 385.51800537 0.593497 0.699302 -0.398420
16.31800079 -16.53599930 385.21798706 0.554014 0.740320 -0.380782
16.31800079 -16.23100090 385.81799316 0.545447 0.788922 -0.283000
16.61800003 -16.45199966 385.81799316 0.552742 0.756982 -0.348503
16.31800079 -16.34399986 385.51800537 0.587038 0.721125 -0.367921
16.61800003 -16.58600044 385.51800537 0.565441 0.729337 -0.385155
21.41799927 -21.64699936 361.82501221 0.040982 0.392631 0.918783
21.11800003 -21.64699936 361.85198975 0.060722 0.414259 0.908131
21.41799927 -21.94700050 361.96398926 0.043788 0.396742 0.916885
21.11800003 -21.94700050 361.98800659 0.041217 0.410845 0.910773
15.41800022 -24.60400009 365.71798706 0.608747 0.709933 -0.354150
21.71800041 -21.64699936 361.82501221 0.014304 0.399208 0.916749
22.01799965 -21.94700050 361.95700073 0.032921 0.401638 0.915207
21.71800041 -21.94700050 361.95901489 0.011648 0.397326 0.917604
22.01799965 -21.64699936 361.81500244 0.046989 0.420212 0.906208
22.61800003 -21.94700050 361.91598511 0.080996 0.424200 0.901939
22.31800079 -21.94700050 361.93798828 0.060952 0.418537 0.906152
22.61800003 -21.64699936 361.77301025 0.064139 0.432594 0.899305
15.71800041 -24.63699913 366.01800537 0.530568 0.755855 -0.383641
22.31800079 -21.64699936 361.79400635 0.063891 0.422766 0.903984
16.01799965 -24.86199951 366.01800537 0.587182 0.744836 -0.316917
15.71800041 -24.81200027 365.71798706 0.508570 0.760402 -0.403912
16.01799965 -25.00499916 365.71798706 0.549082 0.747860 -0.373115
21.46699905 -6.64699984 382.81799316 0.840429 -0.516157 0.165111
21.29199982 -6.94700003 382.81799316 0.856969 -0.493673 0.147955
21.53899956 -6.64699984 382.51800537 0.864664 -0.474171 0.165886
21.36499977 -6.94700003 382.51800537 0.831883 -0.496670 0.247566
21.12299919 -7.24700022 382.81799316 0.858226 -0.495186 0.135051
21.18199921 -7.24700022 382.51800537 0.841502 -0.484131 0.239775
21.08399963 -7.54699993 382.21798706 0.830840 -0.514908 0.211128
21.29299927 -7.24700022 382.21798706 0.821613 -0.533061 0.201986
21.32900047 -7.24700022 381.91799927 0.871390 -0.475173 0.122023
21.17099953 -7.54699993 381.91799927 0.849400 -0.484294 0.209710
21.37800026 -7.24700022 381.61801147 0.890115 -0.425582 0.163019
21.23200035 -7.54699993 381.61801147 0.855576 -0.479302 0.195603
21.43899918 -7.24700022 381.31799316 0.895605 -0.400474 0.193684
21.30699921 -7.54699993 381.31799316 0.865531 -0.452946 0.213767
21.12599945 -7.84700012 381.31799316 0.835813 -0.508162 0.207816
21.19400024 -7.84700012 381.01800537 0.831357 -0.520541 0.194637
21.26600075 -7.84700012 380.71798706 0.843061 -0.490646 0.220259
21.35099983 -7.84700012 380.41799927 0.852802 -0.485395 0.192665
21.17499924 -8.14700031 380.41799927 0.843070 -0.494944 0.210389
21.40099907 -7.84700012 380.11801147 0.876119 -0.460432 0.142893
21.24200058 -8.14700031 380.11801147 0.867795 -0.468404 0.165924
21.44799995 -7.84700012 379.81799316 0.877335 -0.460924 0.133539
21.29000092 -8.14700031 379.81799316 0.865873 -0.480074 0.140686
21.49300003 -7.84700012 379.51800537 0.886480 -0.446786 0.120561
21.33900070 -8.14700031 379.51800537 0.879718 -0.460533 0.118341
21.11599922 -8.44699955 379.81799316 0.849940 -0.506441 0.145327
20.93300056 -8.74699974 379.81799316 0.836029 -0.505259 0.213938
21.01600075 -8.74699974 379.51800537 0.849043 -0.471013 0.239317
21.17900085 -8.44699955 379.51800537 0.860352 -0.465338 0.207981
21.10199928 -8.74699974 379.21798706 0.838754 -0.502039 0.210826
21.26000023 -8.44699955 379.21798706 0.891657 -0.401026 0.210061
21.32099915 -8.44699955 378.91799927 0.901927 -0.391075 0.183271
21.16699982 -8.74699974 378.91799927 0.855091 -0.487565 0.176353
21.06399918 -9.04699993 378.61801147 0.851786 -0.492044 0.179871
20.87999916 -9.34700012 378.61801147 0.832992 -0.502852 0.230792
21.10600090 -9.04699993 378.31799316 0.882320 -0.447637 0.145374
20.95599937 -9.34700012 378.31799316 0.868876 -0.461729 0.178496
21.03300095 -10.54699993 375.01800537 0.867326 -0.456722 0.197863
21.08399963 -10.54699993 374.71798706 0.884956 -0.440313 0.151583
21.06200027 -11.14700031 373.21798706 0.831235 -0.519333 0.198346
21.02700043 -12.64700031 369.61801147 0.863526 -0.465204 0.194702
20.86400032 -12.94699955 369.61801147 0.856363 -0.472424 0.208467
21.08499908 -12.64700031 369.31799316 0.855091 -0.487565 0.176353
20.91600037 -12.94699955 369.31799316 0.866960 -0.465234 0.178709
20.84099960 -13.24699974 369.01800537 0.854207 -0.474560 0.212422
20.65299988 -13.54699993 369.01800537 0.823167 -0.506922 0.255786
20.91300011 -13.24699974 368.71798706 0.859112 -0.479263 0.179538
20.73999977 -13.54699993 368.71798706 0.827328 -0.527856 0.192085
20.61700058 -13.84700012 368.41799927 0.841245 -0.509528 0.180800
20.65900040 -13.84700012 368.11801147 0.851488 -0.486351 0.196037
20.96599960 -13.24699974 368.41799927 0.849574 -0.506223 0.148199
20.79299927 -13.54699993 368.41799927 0.857493 -0.498879 0.125804
21.01700020 -13.24699974 368.11801147 0.831211 -0.529766 0.168630
20.82799911 -13.54699993 368.11801147 0.850198 -0.507777 0.139017
20.75499916 -13.84700012 367.81799316 0.845076 -0.482683 0.229922
20.54999924 -14.14700031 367.81799316 0.828404 -0.517180 0.215110
20.82200050 -13.84700012 367.51800537 0.874898 -0.454246 0.167969
20.64200020 -14.14700031 367.51800537 0.827328 -0.527856 0.192085
21.02000046 -13.84700012 366.61801147 0.874206 -0.436358 0.212967
20.85700035 -14.14700031 366.61801147 0.842002 -0.505801 0.187612
21.07399940 -13.84700012 366.31799316 0.870416 -0.463734 0.165306
20.89900017 -14.14700031 366.31799316 0.864478 -0.485092 0.131771
42.01200104 -23.14699936 389.41799927 -0.806657 0.552567 -0.209700
42.09000015 -23.14699936 389.11801147 -0.820418 0.538352 -0.192593
42.19499969 -22.84700012 389.41799927 -0.846932 0.471535 -0.245686
42.27099991 -22.84700012 389.11801147 -0.834366 0.504891 -0.221176
40.62900162 -33.04700089 370.21798706 -0.830766 0.506415 -0.231023
40.44100189 -33.34700012 370.21798706 -0.826893 0.518146 -0.218569
40.70700073 -33.04700089 369.91799927 -0.844144 0.502288 -0.187421
40.51100159 -33.34700012 369.91799927 -0.831938 0.522030 -0.188051
21.71800041 -23.44700050 362.63900757 0.033053 0.411185 0.910953
22.01799965 -23.44700050 362.62899780 0.038249 0.391720 0.919289
20.79299927 -14.44699955 366.01800537 0.872297 -0.460257 0.165108
20.63100052 -14.74699974 366.01800537 0.849209 -0.494004 0.186557
20.85000038 -14.44699955 365.71798706 0.840318 -0.502380 0.203668
20.68400002 -14.74699974 365.71798706 0.875654 -0.450294 0.174544
20.54100037 -15.04699993 365.71798706 0.862965 -0.459151 0.210881
20.93799973 -14.44699955 365.41799927 0.832514 -0.493968 0.250831
20.75000000 -14.74699974 365.41799927 0.845860 -0.493041 0.203549
21.03100014 -14.44699955 365.11801147 0.866143 -0.450274 0.216910
20.82900047 -14.74699974 365.11801147 0.824794 -0.502923 0.258425
20.58900070 -15.04699993 365.41799927 0.868876 -0.461729 0.178496
20.66500092 -15.04699993 365.11801147 0.849004 -0.467943 0.245403
20.76300049 -15.04699993 364.81799316 0.828604 -0.514253 0.221266
20.56500053 -15.34700012 364.81799316 0.824559 -0.531046 0.195171
20.82500076 -15.04699993 364.51800537 0.864284 -0.476897 0.159944
20.63999939 -15.34700012 364.51800537 0.827633 -0.519748 0.211862
20.58799934 -15.64700031 363.91799927 0.837183 -0.512531 0.190884
20.87299919 -15.04699993 364.21798706 0.895018 -0.421101 0.147028
20.71800041 -15.34700012 364.21798706 0.843007 -0.508788 0.174570
20.92300034 -15.04699993 363.91799927 0.880657 -0.438131 0.180234
20.76499939 -15.34700012 363.91799927 0.863933 -0.483512 0.140843
20.99600029 -15.04699993 363.61801147 0.854872 -0.476264 0.205830
20.81599998 -15.34700012 363.61801147 0.851432 -0.494811 0.173853
21.06800079 -15.04699993 363.31799316 0.857689 -0.471505 0.205067
20.88800049 -15.34700012 363.31799316 0.843390 -0.506034 0.180620
20.64699936 -15.64700031 363.61801147 0.850614 -0.497305 0.170717
20.70800018 -15.64700031 363.31799316 0.846335 -0.509573 0.155088
20.52700043 -15.94699955 363.31799316 0.848663 -0.492434 0.193082
20.75699997 -15.64700031 363.01800537 0.850053 -0.485959 0.203110
20.60099983 -15.94699955 363.01800537 0.856234 -0.471004 0.212177
20.85099983 -15.64700031 362.71798706 0.837386 -0.495720 0.230319
20.67600060 -15.94699955 362.71798706 0.842313 -0.502985 0.193687
20.58200073 -16.24699974 362.41799927 0.846584 -0.478768 0.232545
20.65699959 -16.24699974 362.11801147 0.845911 -0.488782 0.213369
20.83699989 -16.24699974 361.21798706 0.848860 -0.483986 0.212592
20.66399956 -16.54700089 361.21798706 0.861102 -0.475755 0.179334
20.94099998 -16.24699974 360.91799927 0.828685 -0.498446 0.254624
20.74099922 -16.54700089 360.91799927 0.834506 -0.501924 0.227315
20.49099922 -17.14699936 360.61801147 0.859392 -0.457638 0.228064
20.64999962 -16.84700012 360.61801147 0.858341 -0.481798 0.176412
20.70400047 -16.84700012 360.31799316 0.845121 -0.470875 0.253076
20.56500053 -17.14699936 360.31799316 0.843950 -0.396140 0.361693
20.82999992 -16.84700012 360.01800537 0.837021 -0.343917 0.425578
20.74500084 -17.14699936 360.01800537 0.832138 -0.237535 0.501122
40.80599976 -32.74700165 370.21798706 -0.851398 0.485012 -0.199711
40.86899948 -32.74700165 369.91799927 -0.865466 0.470330 -0.172504
34.91799927 -36.31100082 370.81799316 0.549859 0.757475 -0.351975
15.83100033 -16.24699974 381.91799927 0.838906 -0.503343 0.207081
15.75500011 -16.24699974 382.21798706 0.831938 -0.522030 0.188051
16.01199913 -15.94699955 381.91799927 0.841191 -0.508313 0.184432
16.19300079 -15.64700031 381.91799927 0.834985 -0.516036 0.191069
15.95199966 -15.94699955 382.21798706 0.830715 -0.532433 0.162564
16.13899994 -15.64700031 382.21798706 0.836064 -0.523099 0.165424
16.44300079 -15.04699993 382.51800537 0.843257 -0.516550 0.148637
16.36000061 -15.04699993 382.81799316 0.803127 -0.557429 0.210379
16.62700081 -14.74699974 382.51800537 0.846295 -0.518228 0.123388
16.81100082 -14.44699955 382.51800537 0.833752 -0.512961 0.204277
16.57600021 -14.74699974 382.81799316 0.831235 -0.519333 0.198346
16.73399925 -14.44699955 382.81799316 0.850884 -0.484719 0.202592
15.21500015 -21.94700050 371.11801147 0.945258 0.317701 -0.074522
15.20899963 -21.64699936 371.11801147 0.974306 -0.207273 0.088122
15.25599957 -21.94700050 371.41799927 0.983012 0.124846 -0.134543
15.21800041 -21.64699936 371.41799927 0.992505 -0.085267 0.087541
15.15900040 -21.64699936 371.71798706 0.947393 -0.267771 0.175342
16.84700012 -14.14700031 383.11801147 0.862651 -0.481854 0.153783
16.81100082 -14.14700031 383.41799927 0.805496 -0.586471 0.085017
15.25500011 -21.04700089 372.31799316 0.818044 -0.506408 0.272681
15.13199997 -21.04700089 372.61801147 0.764459 -0.569753 0.301634
17.00300026 -13.84700012 383.11801147 0.858253 -0.509370 0.062799
15.05099964 -21.34700012 372.31799316 0.773077 -0.524530 0.356680
17.03300095 -13.84700012 383.41799927 0.825025 -0.561810 -0.060851
17.55699921 -13.84700012 381.01800537 0.821394 -0.519343 0.235785
17.62500000 -13.84700012 380.71798706 0.843942 -0.493683 0.209853
17.90999985 -13.24699974 381.01800537 0.859934 -0.483621 0.163167
17.73699951 -13.54699993 381.01800537 0.840916 -0.494209 0.220493
17.95800018 -13.24699974 380.71798706 0.859562 -0.480822 0.173096
17.79400063 -13.54699993 380.71798706 0.861529 -0.478627 0.169360
17.75499916 -13.24699974 381.61801147 0.807250 -0.544855 0.226894
17.55400085 -13.54699993 381.61801147 0.852667 -0.495049 0.166987
17.84399986 -13.24699974 381.31799316 0.824815 -0.522942 0.214970
17.63699913 -13.54699993 381.31799316 0.811764 -0.529277 0.246789
15.11800003 -20.91399956 372.91799927 0.802647 -0.529339 0.274879
17.62400055 -13.24699974 382.21798706 0.851857 -0.496300 0.167409
17.67499924 -13.24699974 381.91799927 0.829305 -0.528287 0.182116
17.52000046 -13.54699993 381.91799927 0.854246 -0.495492 0.157322
17.44400024 -13.54699993 382.21798706 0.817009 -0.527748 0.232332
15.25899982 -18.64699936 378.91799927 0.968481 -0.244889 0.045532
16.91799927 -14.14700031 382.81799316 0.849400 -0.484294 0.209710
16.78300095 -14.14700031 383.71798706 0.493996 -0.868277 0.045409
17.21400070 -13.84700012 384.01800537 0.685537 -0.609549 -0.398107
16.91799927 -14.05399990 384.01800537 0.637617 -0.761885 -0.113913
17.04700089 -13.84700012 383.71798706 0.744315 -0.643443 -0.178819
17.21800041 -14.14700031 384.77600098 0.063138 -0.990699 -0.120537
17.21800041 -14.06299973 384.61801147 -0.003629 -0.961563 -0.274560
16.91799927 -14.08300018 384.61801147 0.152906 -0.983653 -0.095115
17.37899971 -13.84700012 384.31799316 0.749456 -0.485911 -0.449674
17.21800041 -13.98999977 384.31799316 0.401478 -0.859871 -0.315337
16.91799927 -14.07199955 384.31799316 0.450552 -0.891633 -0.044649
17.28000069 -13.54699993 383.71798706 0.836568 -0.505585 -0.211040
17.40200043 -13.24699974 383.71798706 0.889676 -0.396887 -0.225739
17.36899948 -13.54699993 384.01800537 0.839995 -0.420780 -0.342568
17.51199913 -13.24699974 384.01800537 0.903361 -0.328629 -0.275577
16.17799950 -14.14700031 385.81799316 0.812516 -0.523553 0.256339
16.27599907 -14.14700031 385.51800537 0.775051 -0.569844 0.273083
16.00000000 -14.44699955 385.81799316 0.837087 -0.511302 0.194566
15.81200027 -14.74699974 385.81799316 0.846813 -0.501540 0.177102
16.06299973 -14.44699955 385.51800537 0.799022 -0.561933 0.213996
15.85400009 -14.74699974 385.51800537 0.846783 -0.500304 0.180707
17.54599953 -12.94699955 383.71798706 0.908923 -0.410174 -0.074949
17.67300034 -12.64700031 383.71798706 0.902418 -0.414018 0.119293
17.58699989 -12.94699955 384.01800537 0.963493 -0.203186 -0.174346
17.63899994 -12.64700031 384.01800537 0.969245 -0.245027 0.022934
17.65500069 -12.94699955 384.31799316 0.982009 -0.120769 -0.145167
17.65900040 -12.64700031 384.31799316 0.993852 -0.105257 0.034347
17.67600060 -12.94699955 384.61801147 0.988783 0.042393 0.143219
17.61800003 -12.64700031 384.61801147 0.974462 -0.059910 0.216411
17.51799965 -26.00499916 366.01800537 0.486447 0.802239 -0.346095
17.51799965 -26.14599991 365.71798706 0.525231 0.770877 -0.360389
16.01799965 -16.42200089 384.91799927 0.594614 0.761800 -0.257088
15.71800041 -16.18199921 384.91799927 0.668034 0.708710 -0.226850
16.01799965 -16.32099915 385.21798706 0.549932 0.733790 -0.398906
15.71800041 -16.09099960 385.21798706 0.650011 0.725193 -0.227112
16.01799965 -15.63000011 386.71798706 0.564169 0.737508 -0.371207
16.01799965 -15.46300030 387.01800537 0.594100 0.718485 -0.361697
22.01799965 -29.44700050 365.26699829 -0.032079 0.345171 0.937992
41.27000046 -30.04700089 375.01800537 -0.830294 0.497560 -0.251091
34.01800156 -35.68899918 370.81799316 0.421229 0.840893 -0.339802
41.11199951 -30.34700012 375.01800537 -0.836724 0.506876 -0.207290
34.01800156 -35.83700180 370.51800537 0.472933 0.810515 -0.345544
41.35900116 -30.04700089 374.71798706 -0.821613 0.533061 -0.201986
41.16199875 -30.34700012 374.71798706 -0.837476 0.504303 -0.210505
37.99700165 -31.84700012 384.01800537 -0.799300 0.555026 -0.230359
38.08499908 -31.84700012 383.71798706 -0.838754 0.502039 -0.210826
38.14899826 -31.84700012 383.41799927 -0.858004 0.501580 -0.110664
37.96300125 -32.14699936 383.41799927 -0.790612 0.551699 -0.265633
38.16299820 -31.84700012 383.11801147 -0.864796 0.495177 -0.083235
38.02999878 -32.14699936 383.11801147 -0.863875 0.496268 -0.086246
38.21799850 -30.94700050 365.45800781 0.014662 0.467837 0.883693
37.91799927 -30.94700050 365.44799805 0.036367 0.453908 0.890306
38.21799850 -30.64699936 365.29000854 0.042690 0.502641 0.863441
37.91799927 -30.64699936 365.29800415 0.036539 0.461471 0.886403
38.81800079 -30.94700050 365.41799927 0.076730 0.478515 0.874720
38.51800156 -30.94700050 365.43798828 0.059383 0.481969 0.874174
38.81800079 -30.64699936 365.24899292 0.057285 0.526740 0.848094
38.81800079 -30.47400093 365.11801147 0.058082 0.585071 0.808900
38.51800156 -30.64699936 365.26800537 0.069170 0.529364 0.845571
38.51800156 -30.43099976 365.11801147 0.102637 0.550770 0.828323
38.81800079 -31.84700012 365.84698486 -0.022470 0.429568 0.902755
38.51800156 -31.84700012 365.85400391 0.011738 0.410824 0.911639
38.81800079 -32.14699936 365.98999023 -0.003886 0.413214 0.910626
38.51800156 -32.14699936 365.98999023 0.019730 0.422227 0.906275
42.18500137 -24.64699936 384.91799927 -0.821525 0.527795 -0.215708
42.07899857 -24.94700050 384.61801147 -0.833752 0.512961 -0.204277
41.09700012 -26.44700050 384.91799927 -0.845865 0.484436 -0.223235
41.00999832 -26.44700050 385.21798706 -0.838145 0.484433 -0.250675
18.24900055 -26.14699936 366.91799927 0.476814 0.872498 -0.106749
38.24599838 -35.44699860 370.81799316 -0.871082 0.222626 0.437782
38.22999954 -35.74700165 370.81799316 -0.958193 0.001218 0.286119
38.21799850 -35.23600006 370.51800537 -0.661194 0.723133 0.199752
38.09799957 -35.44699860 370.51800537 -0.938529 0.151640 0.310111
38.12799835 -35.74700165 370.51800537 -0.983033 -0.067919 0.170392
38.15900040 -36.04700089 370.21798706 -0.889225 -0.373862 -0.263640
38.37500000 -36.34700012 370.21798706 -0.888705 -0.172522 -0.424781
38.42200089 -36.04700089 369.91799927 -0.665427 -0.067842 -0.743373
38.50400162 -36.34700012 369.91799927 -0.867195 0.017533 -0.497660
38.12900162 -35.74700165 370.21798706 -0.995021 -0.099609 -0.003213
38.44300079 -35.74700165 369.91799927 -0.599727 0.040731 -0.799168
41.47000122 -29.74699974 375.01800537 -0.821180 0.514977 -0.245890
35.51800156 -36.46500015 371.41799927 0.527918 0.765075 -0.368731
35.81800079 -36.66999817 371.41799927 0.544033 0.766813 -0.340626
35.51800156 -36.60900116 371.11801147 0.535454 0.765165 -0.357508
35.81800079 -36.80099869 371.11801147 0.519914 0.772582 -0.364426
31.61800003 -33.64699936 366.86700439 0.003849 0.386161 0.922424
31.31800079 -33.64699936 366.84600830 0.003834 0.382161 0.924088
31.61800003 -33.94699860 366.98800659 0.019390 0.381328 0.924236
31.31800079 -33.94699860 366.98098755 0.009133 0.421439 0.906811
32.21799850 -33.64699936 366.80700684 0.059972 0.385153 0.920902
31.91799927 -33.64699936 366.84298706 0.090985 0.376163 0.922075
32.21799850 -33.94699860 366.94699097 0.041372 0.415057 0.908854
31.91799927 -33.94699860 366.96899414 0.062936 0.386988 0.919934
32.81800079 -33.94699860 366.94400024 0.003854 0.389260 0.921120
32.51800156 -33.94699860 366.94100952 0.003880 0.404815 0.914390
32.81800079 -33.34700012 366.68499756 0.016781 0.378228 0.925561
32.51800156 -33.34700012 366.69601440 0.016765 0.380437 0.924655
32.81800079 -33.04700089 366.56298828 0.019550 0.400127 0.916251
32.51800156 -33.04700089 366.55801392 0.022321 0.408351 0.912552
32.81800079 -33.64699936 366.80899048 -0.011648 0.397326 0.917604
32.51800156 -33.64699936 366.80398560 -0.003829 0.379077 0.925357
16.95800018 -16.54700089 376.51800537 0.808930 -0.552997 0.199566
17.16099930 -16.24699974 376.51800537 0.817540 -0.520815 0.245726
33.11800003 -33.94699860 366.93798828 0.051838 0.392106 0.918458
17.06699944 -16.24699974 376.81799316 0.841803 -0.492948 0.219931
33.41799927 -33.64699936 366.78298950 0.029839 0.372343 0.927615
17.13800049 -16.54700089 375.91799927 0.788918 -0.571927 0.224741
33.11800003 -33.64699936 366.81100464 0.040825 0.388499 0.920544
33.41799927 -33.94699860 366.91101074 0.019701 0.413723 0.910190
17.32999992 -16.24699974 375.91799927 0.847966 -0.489501 0.203331
17.05599976 -16.54700089 376.21798706 0.794749 -0.558346 0.237958
33.41799927 -33.34700012 366.67098999 0.032463 0.370075 0.928434
33.11800003 -33.34700012 366.68499756 0.022238 0.404217 0.914393
33.41799927 -33.04700089 366.54400635 0.009108 0.409861 0.912103
33.11800003 -33.04700089 366.54598999 0.027775 0.416631 0.908651
17.24699974 -16.24699974 376.21798706 0.827557 -0.511274 0.231839
17.34000015 -15.94699955 376.51800537 0.812078 -0.537790 0.226519
17.26000023 -15.94699955 376.81799316 0.808808 -0.539721 0.233518
17.46800041 -15.64700031 376.81799316 0.819176 -0.519892 0.242205
34.01800156 -33.64699936 366.78500366 0.037979 0.375860 0.925898
33.71799850 -33.64699936 366.79098511 -0.003870 0.398582 0.917125
34.01800156 -33.94699860 366.90200806 0.060057 0.388371 0.919544
17.55699921 -15.64700031 376.51800537 0.824556 -0.517459 0.228787
34.01800156 -33.34700012 366.65798950 0.019354 0.372878 0.927679
33.71799850 -33.34700012 366.66400146 0.019463 0.385372 0.922556
34.01800156 -33.04700089 366.54299927 0.019602 0.406424 0.913474
33.71799850 -33.04700089 366.54000854 0.001292 0.406977 0.913437
17.71699905 -15.34700012 376.51800537 0.870492 -0.443458 0.213517
34.61800003 -33.64699936 366.75799561 0.001289 0.400751 0.916186
17.86300087 -15.04699993 376.51800537 0.849417 -0.489875 0.196250
34.31800079 -33.64699936 366.76599121 0.043061 0.364061 0.930379
17.63999939 -15.34700012 376.81799316 0.848813 -0.479632 0.222416
34.61800003 -33.94699860 366.89401245 0.003854 0.389260 0.921120
34.31800079 -33.94699860 366.88598633 0.011628 0.388897 0.921208
17.80599976 -15.04699993 376.81799316 0.845578 -0.506752 0.167927
34.61800003 -33.34700012 366.63101196 0.038314 0.400317 0.915576
34.31800079 -33.34700012 366.65100098 0.040575 0.370408 0.927983
34.61800003 -33.04700089 366.49600220 0.056761 0.368287 0.927978
34.31800079 -33.04700089 366.52700806 0.071662 0.396168 0.915377
17.56100082 -15.34700012 377.11801147 0.832292 -0.505484 0.227544
17.74300003 -15.04699993 377.11801147 0.832825 -0.514258 0.204793
35.21799850 -33.64699936 366.76400757 -0.001287 0.397643 0.917539
34.91799927 -33.64699936 366.76501465 -0.009048 0.394215 0.918974
35.21799850 -33.94699860 366.87100220 -0.014192 0.385767 0.922487
34.91799927 -33.94699860 366.88299561 0.035175 0.368689 0.928887
17.65900040 -15.04699993 377.41799927 0.818123 -0.509574 0.266474
34.91799927 -33.34700012 366.62600708 0.027775 0.416631 0.908651
35.21799850 -33.04700089 366.49099731 0.022141 0.389417 0.920795
34.91799927 -33.04700089 366.49099731 0.008964 0.377770 0.925856
35.21799850 -33.34700012 366.61199951 0.038613 0.414096 0.909414
17.93099976 -14.74699974 377.11801147 0.843070 -0.494944 0.210389
18.09600067 -14.44699955 377.11801147 0.855379 -0.483475 0.185952
17.85000038 -14.74699974 377.41799927 0.824034 -0.525493 0.211720
18.04100037 -14.44699955 377.41799927 0.838754 -0.502039 0.210826
35.81800079 -33.04700089 366.45800781 0.029796 0.369215 0.928866
35.51800156 -33.04700089 366.47601318 0.049591 0.411475 0.910071
35.81800079 -33.34700012 366.57998657 0.025172 0.430569 0.902207
35.51800156 -33.34700012 366.60101318 0.047290 0.436415 0.898502
36.41799927 -33.04700089 366.47100830 0.006473 0.402643 0.915334
36.11800003 -33.04700089 366.45700073 -0.019701 0.413723 0.910190
36.41799927 -33.34700012 366.58499146 -0.003807 0.366788 0.930297
36.11800003 -33.34700012 366.58401489 -0.006516 0.418305 0.908283
37.01800156 -33.04700089 366.44198608 0.016990 0.406444 0.913518
36.71799850 -33.04700089 366.45199585 0.043908 0.403153 0.914079
37.01800156 -33.34700012 366.57501221 0.032876 0.398462 0.916595
36.71799850 -33.34700012 366.58700562 0.014265 0.392940 0.919454
37.61800003 -33.04700089 366.42800903 0.019752 0.420062 0.907281
37.31800079 -33.04700089 366.44000244 0.022384 0.420038 0.907230
37.61800003 -33.34700012 366.57101440 0.014420 0.423416 0.905821
37.31800079 -33.34700012 366.56600952 0.006490 0.408898 0.912557
38.21799850 -33.04700089 366.41400146 0.046613 0.400872 0.914947
37.91799927 -33.04700089 366.42700195 0.022202 0.395713 0.918106
38.21799850 -33.34700012 366.53900146 0.030570 0.423997 0.905147
37.91799927 -33.34700012 366.55700684 0.049404 0.407252 0.911978
38.81800079 -33.04700089 366.40499878 0.011844 0.438211 0.898794
38.51800156 -33.04700089 366.39599609 0.014346 0.410810 0.911608
38.81800079 -33.34700012 366.54199219 0.022467 0.424225 0.905278
38.51800156 -33.34700012 366.53698730 -0.003934 0.439324 0.898320
39.41799927 -33.04700089 366.37399292 0.025076 0.421018 0.906706
39.11800003 -33.04700089 366.38800049 0.046485 0.394455 0.917739
39.41799927 -33.34700012 366.51501465 0.006532 0.424592 0.905361
39.11800003 -33.34700012 366.52200317 0.041380 0.420476 0.906359
40.01800156 -33.04700089 366.35000610 0.016967 0.403293 0.914914
39.71799850 -33.04700089 366.37200928 0.036193 0.441013 0.896771
40.01800156 -33.34700012 366.49301147 -0.025169 0.425216 0.904742
39.71799850 -33.34700012 366.51800537 0.033140 0.417567 0.908042
40.61800003 -32.44699860 366.09100342 0.025416 0.456142 0.889544
40.31800079 -32.44699860 366.10198975 0.001305 0.432009 0.901868
40.61800003 -32.74700165 366.24099731 -0.011981 0.469932 0.882621
40.31800079 -32.74700165 366.23400879 -0.019524 0.396984 0.917618
18.89999962 -12.94699955 377.71798706 0.843089 -0.500443 0.196871
19.04999924 -12.64700031 377.71798706 0.832406 -0.522323 0.185146
18.81999969 -12.94699955 378.01800537 0.822302 -0.525232 0.218974
19.00600052 -12.64700031 378.01800537 0.818718 -0.553269 0.153603
18.74099922 -12.94699955 378.31799316 0.823715 -0.533526 0.191948
18.93799973 -12.64700031 378.31799316 0.814696 -0.539564 0.212463
18.85000038 -12.64700031 378.61801147 0.843070 -0.494944 0.210389
38.51800156 -36.64699936 368.00100708 -0.292696 0.483652 0.824870
19.27499962 -12.34700012 377.71798706 0.815422 -0.549162 0.183054
19.22500038 -12.34700012 378.01800537 0.821989 -0.538441 0.185513
19.13899994 -12.34700012 378.31799316 0.818525 -0.510996 0.262487
19.31299973 -12.04699993 378.31799316 0.821180 -0.514977 0.245890
19.03300095 -12.34700012 378.61801147 0.821457 -0.504676 0.265537
19.21800041 -12.04699993 378.61801147 0.806681 -0.544471 0.229819
43.83000183 -24.34700012 379.21798706 -0.783108 0.586177 -0.207700
34.61800003 -36.22299957 370.51800537 0.556345 0.759532 -0.337032
34.31800079 -35.99800110 370.51800537 0.507514 0.784632 -0.356065
34.61800003 -36.08000183 370.81799316 0.562798 0.742241 -0.363780
34.31800079 -35.85699844 370.81799316 0.504857 0.774331 -0.381484
34.61800003 -35.92800140 371.11801147 0.569215 0.747602 -0.342178
34.61800003 -35.80500031 371.41799927 0.500586 0.814434 -0.293447
21.26499939 -15.34700012 360.01800537 0.998880 -0.046388 0.009278
43.53200150 -24.94700050 378.91799927 -0.827807 0.512598 -0.227991
43.71300125 -24.64699936 378.91799927 -0.831621 0.484725 -0.271012
43.43500137 -24.94700050 379.21798706 -0.825411 0.500202 -0.261716
43.60599899 -24.64699936 379.21798706 -0.809362 0.532843 -0.247003
42.01499939 -26.44700050 381.01800537 -0.854616 0.486016 -0.182813
41.84000015 -26.74699974 381.01800537 -0.857113 0.489569 -0.160249
42.07500076 -26.44700050 380.71798706 -0.832292 0.505484 -0.227544
41.91099930 -26.74699974 380.71798706 -0.848436 0.473723 -0.236100
19.51399994 -11.74699974 378.31799316 0.823973 -0.517093 0.231695
19.68799973 -11.44699955 378.31799316 0.828279 -0.526538 0.191605
19.43700027 -11.74699974 378.61801147 0.805939 -0.534694 0.254097
43.34299850 -24.94700050 379.51800537 -0.832144 0.508448 -0.221396
19.61499977 -11.44699955 378.61801147 0.831459 -0.503775 0.234279
43.52999878 -24.64699936 379.51800537 -0.808235 0.551555 -0.206260
43.45399857 -24.64699936 379.81799316 -0.825043 0.531358 -0.192258
41.67300034 -27.04700089 381.01800537 -0.841068 0.499809 -0.206870
41.74000168 -27.04700089 380.71798706 -0.840058 0.505241 -0.197572
41.55099869 -27.34700012 380.71798706 -0.834630 0.518824 -0.184972
36.41799927 -37.11999893 371.41799927 0.539055 0.742225 -0.398147
19.32500076 -11.74699974 378.91799927 0.820794 -0.518964 0.238692
19.51899910 -11.44699955 378.91799927 0.814696 -0.539564 0.212463
19.45899963 -11.44699955 379.21798706 0.823035 -0.541194 0.172403
43.27500153 -24.94700050 379.81799316 -0.844698 0.505031 -0.177282
36.11800003 -37.01300049 371.11801147 0.554866 0.758694 -0.341331
36.41799927 -37.26200104 371.11801147 0.579597 0.747503 -0.324510
19.72299957 -11.14700031 378.91799927 0.812456 -0.551255 0.189826
19.65900040 -11.14700031 379.21798706 0.817595 -0.541524 0.195677
19.85600090 -10.84700012 379.21798706 0.835081 -0.502270 0.224419
19.89399910 -11.14700031 378.31799316 0.831938 -0.522030 0.188051
19.79999924 -11.14700031 378.61801147 0.814650 -0.531293 0.232537
42.27399826 -26.14699936 380.71798706 -0.789452 0.546786 -0.278908
42.49000168 -25.84700012 380.71798706 -0.802243 0.547760 -0.237414
42.18099976 -26.14699936 381.01800537 -0.832966 0.515502 -0.201061
42.38600159 -25.84700012 381.01800537 -0.797669 0.560066 -0.223718
19.92499924 -10.84700012 378.91799927 0.831369 -0.515236 0.208222
42.68199921 -25.54700089 380.71798706 -0.827112 0.532894 -0.178632
42.60100174 -25.54700089 381.01800537 -0.813021 0.532243 -0.236038
21.33300018 -14.14700031 363.01800537 0.996140 -0.086667 0.013910
41.79899979 -26.74699974 381.31799316 -0.847585 0.497788 -0.183868
41.94599915 -26.44700050 381.31799316 -0.858872 0.474835 -0.192018
41.70899963 -26.74699974 381.61801147 -0.831408 0.511049 -0.218149
41.88199997 -26.44700050 381.61801147 -0.839840 0.509313 -0.187800
20.09399986 -10.54699993 378.91799927 0.847443 -0.489199 0.206216
20.27099991 -10.24699974 378.91799927 0.856642 -0.482511 0.182612
20.02000046 -10.54699993 379.21798706 0.845361 -0.488465 0.216255
42.07199860 -26.14699936 381.61801147 -0.839532 0.513297 -0.178082
20.20299911 -10.24699974 379.21798706 0.840382 -0.498172 0.213502
19.94099998 -10.54699993 379.51800537 0.843089 -0.500443 0.196871
20.11899948 -10.24699974 379.51800537 0.841648 -0.495890 0.213824
20.04999924 -10.24699974 379.81799316 0.858142 -0.477406 0.188880
41.59299850 -27.04700089 381.31799316 -0.823290 0.523912 -0.218424
20.29500008 -9.94699955 379.51800537 0.834366 -0.504891 0.221176
41.26200104 -27.34700012 381.91799927 -0.814845 0.523053 -0.249886
41.46200180 -27.04700089 381.91799927 -0.827527 0.523848 -0.201947
41.16299820 -27.34700012 382.21798706 -0.822503 0.522297 -0.225154
41.36899948 -27.04700089 382.21798706 -0.814355 0.530026 -0.236426
20.48299980 -9.64700031 379.51800537 0.836568 -0.505585 0.211040
20.21500015 -9.94699955 379.81799316 0.850044 -0.477297 0.222739
20.38800049 -9.64700031 379.81799316 0.835081 -0.502270 0.224419
40.79000092 -29.44700050 378.61801147 -0.833824 0.508800 -0.214151
40.60800171 -29.74699974 378.61801147 -0.838683 0.515768 -0.174913
40.86800003 -29.44700050 378.31799316 -0.826712 0.526365 -0.198714
40.66299820 -29.74699974 378.31799316 -0.834884 0.514820 -0.194756
40.74900055 -29.74699974 378.01800537 -0.833800 0.504548 -0.224074
40.82400131 -29.74699974 377.71798706 -0.857104 0.482771 -0.179739
40.56999969 -30.04700089 378.01800537 -0.830587 0.517788 -0.204989
40.37500000 -30.34700012 378.01800537 -0.828435 0.530739 -0.178918
40.64599991 -30.04700089 377.71798706 -0.829862 0.530812 -0.171953
40.43999863 -30.34700012 377.71798706 -0.825884 0.528869 -0.195484
41.07699966 -27.64699936 381.91799927 -0.824406 0.513135 -0.238847
40.98799896 -27.64699936 382.21798706 -0.840812 0.489838 -0.230422
40.69400024 -30.04700089 377.41799927 -0.846839 0.505730 -0.164622
40.51699829 -30.34700012 377.41799927 -0.842469 0.498850 -0.203458
40.76300049 -30.04700089 377.11801147 -0.831408 0.511049 -0.218149
40.58399963 -30.34700012 377.11801147 -0.822740 0.534856 -0.192427
40.74700165 -27.94700050 382.51800537 -0.834722 0.493454 -0.244421
40.91199875 -27.64699936 382.51800537 -0.838714 0.490395 -0.236795
40.63800049 -27.94700050 382.81799316 -0.833951 0.484279 -0.264574
40.81900024 -27.64699936 382.81799316 -0.823818 0.520064 -0.225515
39.63800049 -32.44699860 375.61801147 -0.834162 0.518533 -0.187874
39.46900177 -32.74700165 375.61801147 -0.858748 0.484611 -0.166447
39.70899963 -32.44699860 375.31799316 -0.804002 0.550919 -0.223762
39.52199936 -32.74700165 375.31799316 -0.833800 0.504548 -0.224074
40.38700104 -28.24699974 383.11801147 -0.868606 0.447011 -0.213788
40.32199860 -28.24699974 383.41799927 -0.849417 0.489875 -0.196250
20.49699974 -9.34700012 380.11801147 0.841806 -0.497225 0.210074
20.42499924 -9.34700012 380.41799927 0.837376 -0.508461 0.200669
40.24800110 -28.54700089 383.11801147 -0.846591 0.490449 -0.206743
40.15299988 -28.54700089 383.41799927 -0.830491 0.490252 -0.264458
38.24499893 -36.04700089 370.81799316 -0.977725 0.044388 0.205142
38.20299911 -36.34700012 370.81799316 -0.972391 0.198525 -0.122655
38.13800049 -36.04700089 370.51800537 -0.964156 -0.224494 0.141444
38.26499939 -36.34700012 370.51800537 -0.951475 -0.060350 -0.301750
21.09199905 -8.14700031 380.71798706 0.827658 -0.508265 0.238009
21.00300026 -8.14700031 381.01800537 0.835283 -0.507840 0.210716
21.44199944 -7.54699993 380.71798706 0.868061 -0.455546 0.197354
21.57900047 -7.24700022 380.71798706 0.888825 -0.405351 0.213731
21.37899971 -7.54699993 381.01800537 0.868061 -0.455546 0.197354
21.50699997 -7.24700022 381.01800537 0.898122 -0.386996 0.208832
36.11800003 -36.88899994 371.41799927 0.565550 0.755678 -0.330307
21.51799965 -6.04699993 384.01800537 0.873818 -0.427166 0.232319
21.41799927 -6.25299978 384.01800537 0.875886 -0.428244 0.222329
21.37100029 -6.34700012 384.01800537 0.832787 -0.489784 0.258025
21.59799957 -6.04699993 383.71798706 0.870124 -0.434311 0.232935
21.44799995 -6.34700012 383.71798706 0.852830 -0.479811 0.206063
34.91799927 -36.59899902 370.21798706 0.579898 0.739085 -0.342741
20.98699951 -7.24700022 383.41799927 0.832803 -0.498455 0.240792
20.80900002 -7.54699993 383.41799927 0.846591 -0.490449 0.206743
21.08799934 -7.24700022 383.11801147 0.834985 -0.516036 0.191069
35.21799850 -36.81900024 370.21798706 0.518270 0.768470 -0.375299
20.88999939 -7.54699993 383.11801147 0.830533 -0.523040 0.191429
20.42600060 -8.14700031 383.41799927 0.813041 -0.544570 0.205930
20.51399994 -8.14700031 383.11801147 0.816831 -0.530710 0.226128
20.63899994 -7.84700012 383.41799927 0.824562 -0.525830 0.208808
20.71100044 -7.84700012 383.11801147 0.834746 -0.524143 0.168741
20.76000023 -7.84700012 382.81799316 0.847690 -0.503269 0.167756
20.59199905 -8.14700031 382.81799316 0.846714 -0.491786 0.203031
20.82999992 -7.84700012 382.51800537 0.834506 -0.501924 0.227315
20.65800095 -8.14700031 382.51800537 0.846813 -0.501540 0.177102
34.91799927 -36.71599960 369.91799927 0.580443 0.761732 -0.287836
20.38800049 -8.74699974 382.21798706 0.874196 -0.445234 0.193773
20.44799995 -8.74699974 381.91799927 0.867287 -0.479252 0.134654
20.41200066 -8.44699955 382.81799316 0.833071 -0.511375 0.210923
20.22400093 -8.74699974 382.81799316 0.817878 -0.516800 0.252968
20.47400093 -8.44699955 382.51800537 0.855952 -0.489327 0.167051
20.31500053 -8.74699974 382.51800537 0.830059 -0.509042 0.227769
20.03300095 -9.04699993 382.81799316 0.849209 -0.494004 0.186557
20.10600090 -9.04699993 382.51800537 0.793931 -0.553724 0.251125
43.06100082 -24.94700050 380.71798706 -0.834363 0.509129 -0.211250
20.22299957 -9.04699993 382.21798706 0.808881 -0.543876 0.223405
43.24300003 -24.64699936 380.71798706 -0.839532 0.513297 -0.178082
19.98500061 -9.34700012 382.21798706 0.786627 -0.572516 0.231178
20.27099991 -9.04699993 381.91799927 0.840705 -0.524893 0.133051
42.97800064 -24.94700050 381.01800537 -0.805297 0.534269 -0.257010
20.07399940 -9.34700012 381.91799927 0.818649 -0.530974 0.218816
43.17800140 -24.64699936 381.01800537 -0.814464 0.534252 -0.226326
42.87699890 -25.24699974 380.71798706 -0.822253 0.521016 -0.229001
42.77899933 -25.24699974 381.01800537 -0.821496 0.516325 -0.241979
19.78800011 -9.64700031 382.21798706 0.838007 -0.504623 0.207607
19.62299919 -9.94699955 382.21798706 0.851754 -0.490766 0.183478
19.88199997 -9.64700031 381.91799927 0.814210 -0.522645 0.252793
19.68899918 -9.94699955 381.91799927 0.833752 -0.512961 0.204277
19.77000046 -9.94699955 381.61801147 0.808971 -0.536736 0.239752
19.86599922 -9.94699955 381.31799316 0.825352 -0.523283 0.212059
42.86999893 -24.94700050 381.31799316 -0.823973 0.517093 -0.231695
43.07699966 -24.64699936 381.31799316 -0.801779 0.551513 -0.230183
42.80899811 -24.94700050 381.61801147 -0.840818 0.517540 -0.158673
43.00699997 -24.64699936 381.61801147 -0.830587 0.517788 -0.204989
35.21799850 -36.51599884 370.81799316 0.549131 0.759713 -0.348269
19.44199944 -10.24699974 382.21798706 0.848910 -0.498047 0.176918
19.51300049 -10.24699974 381.91799927 0.847896 -0.494980 0.189917
19.34000015 -10.54699993 381.91799927 0.859119 -0.480574 0.175964
34.91799927 -36.43799973 370.51800537 0.547030 0.754803 -0.361981
35.21799850 -36.65700150 370.51800537 0.526910 0.758554 -0.383355
19.57600021 -10.24699974 381.61801147 0.828590 -0.518439 0.211328
19.39399910 -10.54699993 381.61801147 0.856072 -0.479580 0.192728
19.66500092 -10.24699974 381.31799316 0.814355 -0.530026 0.236426
19.47500038 -10.54699993 381.31799316 0.828038 -0.504225 0.245173
19.18199921 -11.14700031 381.01800537 0.827644 -0.515556 0.221827
19.27199936 -11.14700031 380.71798706 0.825352 -0.523283 0.212059
19.23999977 -10.84700012 381.61801147 0.857114 -0.484070 0.176160
19.05699921 -11.14700031 381.61801147 0.848340 -0.512508 0.132872
19.29999924 -10.84700012 381.31799316 0.838472 -0.510309 0.191178
19.11000061 -11.14700031 381.31799316 0.837389 -0.517957 0.174643
18.87599945 -11.44699955 381.61801147 0.843341 -0.504806 0.184247
18.92799950 -11.44699955 381.31799316 0.852238 -0.492305 0.176992
18.76399994 -11.74699974 381.31799316 0.840854 -0.512279 0.174742
19.00099945 -11.44699955 381.01800537 0.841712 -0.501413 0.200264
18.82299995 -11.74699974 381.01800537 0.826579 -0.531480 0.185190
19.06999969 -11.44699955 380.71798706 0.832768 -0.519539 0.191251
18.89800072 -11.74699974 380.71798706 0.843867 -0.507511 0.174131
42.37099838 -25.54700089 381.91799927 -0.824559 0.531046 -0.195171
42.56999969 -25.24699974 381.91799927 -0.825884 0.528869 -0.195484
42.30500031 -25.54700089 382.21798706 -0.833244 0.519836 -0.188346
42.49499893 -25.24699974 382.21798706 -0.828949 0.505982 -0.238381
18.61499977 -12.34700012 380.41799927 0.828949 -0.505982 0.238381
18.69099998 -12.34700012 380.11801147 0.823290 -0.523912 0.218424
18.27300072 -12.64700031 381.01800537 0.852010 -0.502994 0.145179
18.32500076 -12.64700031 380.71798706 0.820113 -0.534062 0.205409
18.12899971 -12.94699955 380.71798706 0.835045 -0.510726 0.204594
18.61599922 -12.04699993 381.01800537 0.816941 -0.540063 0.202334
18.42700005 -12.34700012 381.01800537 0.852570 -0.489521 0.183012
18.70999908 -12.04699993 380.71798706 0.820794 -0.518964 0.238692
18.51899910 -12.34700012 380.71798706 0.812516 -0.523553 0.256339
18.42300034 -12.64700031 380.41799927 0.817585 -0.536397 0.209363
18.22100067 -12.94699955 380.41799927 0.812710 -0.530971 0.239943
18.47900009 -12.64700031 380.11801147 0.821525 -0.527795 0.215708
18.30699921 -12.94699955 380.11801147 0.840058 -0.505241 0.197572
42.23600006 -25.54700089 382.51800537 -0.847966 0.489501 -0.203331
42.39699936 -25.24699974 382.51800537 -0.848690 0.486904 -0.206520
42.16099930 -25.54700089 382.81799316 -0.820669 0.521964 -0.232497
42.34999847 -25.24699974 382.81799316 -0.840419 0.517295 -0.161562
18.11899948 -13.24699974 380.11801147 0.819078 -0.540500 0.192279
36.41799927 -29.74699974 387.56201172 0.999244 0.009186 -0.037765
36.45399857 -29.74699974 387.61801147 0.659653 0.750444 -0.041140
36.41799927 -29.72500038 387.61801147 0.555211 0.830730 -0.040354
18.00300026 -13.54699993 379.81799316 0.826077 -0.509183 0.241516
18.08799934 -13.54699993 379.51800537 0.848145 -0.482279 0.219218
17.70599937 -13.84700012 380.41799927 0.857869 -0.480228 0.182873
17.51899910 -14.14700031 380.41799927 0.828847 -0.527995 0.185024
17.75200081 -13.84700012 380.11801147 0.865015 -0.482496 0.137649
17.57799911 -14.14700031 380.11801147 0.848522 -0.502005 0.167335
18.03100014 -13.24699974 380.41799927 0.831579 -0.508102 0.224297
17.85499954 -13.54699993 380.41799927 0.866639 -0.469368 0.169208
17.91200066 -13.54699993 380.11801147 0.834524 -0.510408 0.207495
17.80200005 -13.84700012 379.81799316 0.833824 -0.508800 0.214151
17.63699913 -14.14700031 379.81799316 0.859513 -0.470864 0.198809
17.90600014 -13.84700012 379.51800537 0.826964 -0.510907 0.234741
17.71699905 -14.14700031 379.51800537 0.834363 -0.509129 0.211250
42.28200150 -25.24699974 383.11801147 -0.801779 0.551513 -0.230183
42.17900085 -25.24699974 383.41799927 -0.827286 0.495130 -0.265414
17.58600044 -14.44699955 379.21798706 0.831841 -0.520844 0.191731
17.67900085 -14.44699955 378.91799927 0.815497 -0.532914 0.225759
17.47400093 -14.44699955 379.81799316 0.817595 -0.541524 0.195677
17.24099922 -14.74699974 379.81799316 0.810292 -0.550877 0.199903
17.33499908 -14.74699974 379.51800537 0.800671 -0.552881 0.230754
17.54100037 -14.44699955 379.51800537 0.833336 -0.530305 0.155972
17.41399956 -14.74699974 379.21798706 0.841245 -0.509528 0.180800
17.46299934 -14.74699974 378.91799927 0.820542 -0.539473 0.188891
17.22299957 -15.04699993 379.21798706 0.828604 -0.514253 0.221266
17.04299927 -15.34700012 379.21798706 0.843584 -0.500737 0.193979
17.28599930 -15.04699993 378.91799927 0.852570 -0.489521 0.183012
17.11899948 -15.34700012 378.91799927 0.854207 -0.474560 0.212422
42.06700134 -25.54700089 383.11801147 -0.803443 0.550536 -0.226691
41.99200058 -25.54700089 383.41799927 -0.836568 0.505585 -0.211040
16.95199966 -15.64700031 378.91799927 0.836568 -0.505585 0.211040
16.86599922 -15.64700031 379.21798706 0.830111 -0.513298 0.217809
16.67300034 -15.94699955 379.21798706 0.832867 -0.505833 0.224645
16.75799942 -15.94699955 378.91799927 0.817851 -0.529378 0.225561
17.01799965 -15.64700031 378.61801147 0.844448 -0.499469 0.193488
17.09000015 -15.64700031 378.31799316 0.841703 -0.488583 0.229832
41.91600037 -25.54700089 383.71798706 -0.843851 0.497887 -0.200057
42.08900070 -25.24699974 383.71798706 -0.845217 0.496921 -0.196667
16.83799934 -15.94699955 378.61801147 0.828404 -0.517180 0.215110
16.91399956 -15.94699955 378.31799316 0.840942 -0.503963 0.197072
41.84999847 -25.54700089 384.01800537 -0.824815 0.522942 -0.214970
42.04000092 -25.24699974 384.01800537 -0.841726 0.510995 -0.174304
16.80200005 -16.24699974 378.01800537 0.845517 -0.502538 0.180437
16.62100029 -16.54700089 378.01800537 0.832037 -0.516803 0.201568
16.85899925 -16.24699974 377.71798706 0.832037 -0.516803 0.201568
16.67799950 -16.54700089 377.71798706 0.847966 -0.489501 0.203331
16.64399910 -16.24699974 378.61801147 0.824556 -0.517459 0.228787
16.46299934 -16.54700089 378.61801147 0.832662 -0.518336 0.194943
16.73100090 -16.24699974 378.31799316 0.823837 -0.524260 0.215512
16.53199959 -16.54700089 378.31799316 0.817860 -0.533520 0.215548
16.34000015 -16.84700012 378.31799316 0.834366 -0.504891 0.221176
41.75999832 -25.54700089 384.31799316 -0.820734 0.530344 -0.212443
41.96599960 -25.24699974 384.31799316 -0.828330 0.521316 -0.205183
41.69599915 -25.54700089 384.61801147 -0.835626 0.521706 -0.171909
16.43000031 -16.84700012 378.01800537 0.805022 -0.545437 0.233317
16.51300049 -16.84700012 377.71798706 0.826844 -0.527547 0.194996
16.21500015 -17.14699936 378.01800537 0.827552 -0.533178 0.175723
16.29700089 -17.14699936 377.71798706 0.810737 -0.544067 0.216094
41.89099884 -25.24699974 384.61801147 -0.824734 0.527040 -0.205044
16.04299927 -17.44700050 378.01800537 0.851229 -0.489195 0.189993
15.86900043 -17.74699974 378.01800537 0.805925 -0.567913 0.167211
16.11100006 -17.44700050 377.71798706 0.834524 -0.510408 0.207495
15.92899990 -17.74699974 377.71798706 0.820542 -0.539473 0.188891
41.57799911 -25.84700012 384.31799316 -0.856895 0.472718 -0.205595
35.81800079 -37.21300125 370.21798706 0.553546 0.751589 -0.358750
35.51800156 -37.00400162 370.21798706 0.510255 0.775911 -0.370947
35.51800156 -37.13999939 369.91799927 0.532397 0.776882 -0.336166
35.81800079 -37.35900116 369.91799927 0.557844 0.755111 -0.344408
41.63700104 -25.54700089 384.91799927 -0.840412 0.512009 -0.177636
41.81600189 -25.24699974 384.91799927 -0.843851 0.497887 -0.200057
41.56999969 -25.54700089 385.21798706 -0.844473 0.493994 -0.206964
41.74900055 -25.24699974 385.21798706 -0.845712 0.497213 -0.193778
41.25899887 -26.14699936 384.91799927 -0.839452 0.495140 -0.223956
41.45100021 -25.84700012 384.91799927 -0.834759 0.525259 -0.165166
41.18000031 -26.14699936 385.21798706 -0.814355 0.530026 -0.236426
41.39799881 -25.84700012 385.21798706 -0.824831 0.536366 -0.178789
41.48899841 -25.54700089 385.51800537 -0.841712 0.501413 -0.200264
41.42699814 -25.54700089 385.81799316 -0.842469 0.498850 -0.203458
41.08499908 -26.14699936 385.51800537 -0.813948 0.550210 -0.186435
41.32099915 -25.84700012 385.51800537 -0.810440 0.546932 -0.209887
41.04299927 -26.14699936 385.81799316 -0.830285 0.531083 -0.169049
41.24300003 -25.84700012 385.81799316 -0.819931 0.524571 -0.229212
35.51800156 -36.74399948 370.81799316 0.559373 0.767736 -0.312544
35.51800156 -36.85400009 370.51800537 0.538319 0.772929 -0.335847
40.96300125 -26.14699936 386.11801147 -0.832144 0.508448 -0.221396
41.15399933 -25.84700012 386.11801147 -0.822302 0.525232 -0.218974
41.08300018 -25.84700012 386.41799927 -0.819067 0.522907 -0.236002
36.11800003 -37.44400024 370.21798706 0.550642 0.752057 -0.362222
41.34500122 -25.54700089 386.11801147 -0.829904 0.512003 -0.221613
41.26599884 -25.54700089 386.41799927 -0.844241 0.480897 -0.236632
41.42499924 -25.24699974 386.41799927 -0.828338 0.505609 -0.241278
40.88399887 -26.14699936 386.41799927 -0.829119 0.518770 -0.208421
40.98099899 -25.84700012 386.71798706 -0.829625 0.503316 -0.241653
40.81200027 -26.14699936 386.71798706 -0.844473 0.493994 -0.206964
40.73600006 -26.14699936 387.01800537 -0.841524 0.505514 -0.190505
40.90800095 -25.84700012 387.01800537 -0.835684 0.512291 -0.197965
35.81800079 -36.95399857 370.81799316 0.531712 0.770902 -0.350704
35.81800079 -37.07400131 370.51800537 0.558398 0.761160 -0.329890
39.98500061 -26.74699974 388.51800537 -0.835198 0.499287 -0.230557
40.16999817 -26.44700050 388.51800537 -0.819952 0.557921 -0.128072
39.90999985 -26.74699974 388.81799316 -0.809282 0.558177 -0.183034
40.15200043 -26.44700050 388.81799316 -0.810637 0.565803 -0.150781
36.11800003 -37.15800095 370.81799316 0.542709 0.759792 -0.358026
36.41799927 -37.38100052 370.81799316 0.558398 0.761160 -0.329890
39.72499847 -26.44700050 390.31799316 -0.833455 0.495775 -0.244050
36.41799927 -37.52199936 370.51800537 0.561301 0.755411 -0.338075
36.11800003 -37.29499817 370.51800537 0.557793 0.749687 -0.356142
39.40700150 -26.74699974 390.91799927 -0.850662 0.487593 -0.196537
39.58800125 -26.44700050 390.91799927 -0.836052 0.518980 -0.177979
39.34199905 -26.74699974 391.21798706 -0.819078 0.540500 -0.192279
39.51699829 -26.44700050 391.21798706 -0.843584 0.500737 -0.193979
39.26699829 -26.74699974 391.51800537 -0.813155 0.553669 -0.179528
39.44900131 -26.44700050 391.51800537 -0.843212 0.496273 -0.206655
39.20999908 -26.74699974 391.81799316 -0.829305 0.528287 -0.182116
39.36899948 -26.44700050 391.81799316 -0.846813 0.501540 -0.177102
38.86600113 -27.34700012 391.51800537 -0.839168 0.468265 -0.276632
39.04100037 -27.04700089 391.51800537 -0.816432 0.547809 -0.182603
38.76699829 -27.34700012 391.81799316 -0.833336 0.530305 -0.155972
38.98699951 -27.04700089 391.81799316 -0.798729 0.589081 -0.122541
38.75400162 -27.34700012 392.11801147 -0.820706 0.563060 -0.096979
38.94900131 -27.04700089 392.11801147 -0.831178 0.528659 -0.172226
38.69599915 -27.34700012 392.41799927 -0.817202 0.519473 -0.249657
38.86199951 -27.04700089 392.41799927 -0.828343 0.482030 -0.285474
39.04499817 -26.74699974 392.41799927 -0.836569 0.501332 -0.220952
38.57099915 -27.34700012 392.71798706 -0.814838 0.482574 -0.321188
38.74300003 -27.04700089 392.71798706 -0.773767 0.553602 -0.307911
38.60100174 -27.04700089 393.01800537 -0.793850 0.545477 -0.268808
38.81800079 -26.82799911 393.01800537 -0.722442 0.639877 -0.261984
38.45899963 -27.34700012 393.01800537 -0.830504 0.439679 -0.341972
38.97600174 -26.74699974 392.71798706 -0.822515 0.526471 -0.215166
38.89400101 -26.74699974 393.01800537 -0.714660 0.671441 -0.196030
35.21799850 -28.00799942 389.71798706 0.526607 0.777832 -0.343019
21.41799927 -28.84700012 365.06100464 0.003676 0.297785 0.954626
21.11800003 -28.84700012 365.04400635 -0.053593 0.351621 0.934607
21.41799927 -29.14699936 365.09298706 -0.286963 0.100896 0.952613
41.31900024 -31.54700089 371.11801147 -0.836064 0.523099 -0.165424
41.49200058 -31.24699974 371.11801147 -0.843070 0.494944 -0.210389
41.24100113 -31.54700089 371.41799927 -0.838007 0.504623 -0.207607
41.41600037 -31.24699974 371.41799927 -0.822519 0.509621 -0.252487
40.94699860 -32.14699936 371.11801147 -0.833469 0.515813 -0.198157
41.11700058 -31.84700012 371.11801147 -0.831369 0.515236 -0.208222
41.05400085 -31.84700012 371.41799927 -0.847822 0.493687 -0.193574
37.01800156 -37.77299881 370.81799316 0.390822 0.848598 -0.356567
36.71799850 -37.59799957 370.81799316 0.517818 0.787147 -0.335059
36.71799850 -37.74200058 370.51800537 0.518615 0.773883 -0.363515
37.61800003 -30.35899925 388.21798706 0.118414 0.932344 -0.341633
37.61800003 -30.41799927 387.91799927 0.069012 0.910682 -0.407303
37.01800156 -37.92300034 370.51800537 0.360475 0.832714 -0.420292
37.91799927 -30.53499985 387.31799316 -0.601796 0.715958 -0.353902
38.19300079 -30.04700089 387.61801147 -0.801946 0.577101 -0.154393
37.96699905 -30.34700012 387.61801147 -0.777577 0.584351 -0.232182
38.24800110 -30.04700089 387.31799316 -0.811487 0.545576 -0.209367
38.05400085 -30.34700012 387.31799316 -0.795111 0.529547 -0.295598
38.39899826 -29.74699974 387.61801147 -0.810263 0.559790 -0.173520
38.45700073 -29.74699974 387.31799316 -0.821880 0.537325 -0.189199
39.02899933 -29.14699936 386.41799927 -0.848374 0.495259 -0.187031
39.10300064 -29.14699936 386.11801147 -0.836949 0.520669 -0.168583
40.46099854 -32.44699860 372.31799316 -0.839751 0.473034 -0.266563
40.37500000 -32.44699860 372.61801147 -0.834366 0.504891 -0.221176
39.60699844 -28.24699974 386.41799927 -0.830733 0.519019 -0.201252
39.40200043 -28.54700089 386.41799927 -0.815964 0.550512 -0.176465
39.67900085 -28.24699974 386.11801147 -0.819113 0.535398 -0.205922
39.47499847 -28.54700089 386.11801147 -0.820979 0.527445 -0.218622
39.20199966 -28.84700012 386.41799927 -0.832662 0.518336 -0.194943
39.29499817 -28.84700012 386.11801147 -0.834070 0.517335 -0.191550
39.34000015 -28.84700012 385.81799316 -0.806657 0.552567 -0.209700
39.15000153 -29.14699936 385.81799316 -0.822105 0.516708 -0.239074
39.45000076 -28.84700012 385.51800537 -0.824800 0.518752 -0.224946
39.27700043 -29.14699936 385.51800537 -0.820937 0.500039 -0.275723
39.56100082 -28.54700089 385.81799316 -0.796473 0.557376 -0.234440
39.65200043 -28.54700089 385.51800537 -0.824294 0.534962 -0.185353
39.69599915 -28.54700089 385.21798706 -0.818718 0.553269 -0.153603
39.75799942 -28.24699974 385.81799316 -0.820979 0.527445 -0.218622
39.83900070 -28.24699974 385.51800537 -0.822433 0.530553 -0.205228
39.90800095 -28.24699974 385.21798706 -0.828027 0.534549 -0.169199
39.96200180 -28.24699974 384.91799927 -0.826192 0.539340 -0.162848
39.76499939 -28.54700089 384.91799927 -0.837880 0.508767 -0.197770
40.27399826 -27.64699936 385.21798706 -0.818283 0.537903 -0.202666
40.08300018 -27.94700050 385.21798706 -0.842167 0.512430 -0.167839
40.15700150 -27.94700050 384.91799927 -0.819226 0.544642 -0.179536
37.31800079 -37.60200119 371.41799927 0.244164 0.879291 -0.408938
37.31800079 -37.75299835 371.11801147 -0.205657 0.877370 -0.433506
40.36100006 -27.64699936 384.91799927 -0.831841 0.520844 -0.191731
37.31800079 -37.86999893 370.81799316 0.296031 0.885088 -0.359144
37.61800003 -37.79899979 370.51800537 -0.666464 0.663205 -0.340565
37.31800079 -37.99700165 370.51800537 -0.200963 0.864887 -0.459983
40.92300034 -27.04700089 384.01800537 -0.839452 0.495140 -0.223956
41.00199890 -27.04700089 383.71798706 -0.815925 0.541408 -0.202837
41.28900146 -26.44700050 384.01800537 -0.822942 0.530882 -0.202313
41.09600067 -26.74699974 384.01800537 -0.834524 0.510408 -0.207495
41.38100052 -26.44700050 383.71798706 -0.832292 0.505484 -0.227544
41.18899918 -26.74699974 383.71798706 -0.823818 0.520064 -0.225515
41.45399857 -26.44700050 383.41799927 -0.828279 0.526538 -0.191605
41.25899887 -26.74699974 383.41799927 -0.826054 0.524841 -0.205372
41.33900070 -26.74699974 383.11801147 -0.826226 0.535323 -0.175442
41.52099991 -26.44700050 383.11801147 -0.844663 0.503808 -0.180892
41.81600189 -25.84700012 383.41799927 -0.846565 0.495952 -0.193286
41.63999939 -26.14699936 383.41799927 -0.838660 0.506218 -0.200976
41.87099838 -25.84700012 383.11801147 -0.830840 0.514908 -0.211128
41.69599915 -26.14699936 383.11801147 -0.847896 0.494980 -0.189917
41.96799850 -25.84700012 382.81799316 -0.815189 0.524382 -0.245949
41.77500153 -26.14699936 382.81799316 -0.823240 0.528030 -0.208473
42.05099869 -25.84700012 382.51800537 -0.820927 0.531546 -0.208659
41.84799957 -26.14699936 382.51800537 -0.820197 0.529997 -0.215359
18.71800041 -17.02700043 387.91799927 0.539815 0.768632 -0.343226
18.71800041 -16.87599945 388.21798706 0.677509 0.648123 -0.347733
19.01799965 -17.12599945 388.21798706 0.586579 0.758260 -0.284546
19.01799965 -17.21400070 387.91799927 0.523596 0.786194 -0.328248
42.66999817 -24.94700050 382.21798706 -0.830286 0.500636 -0.244927
42.85699844 -24.64699936 382.21798706 -0.835813 0.508162 -0.207816
42.92900085 -24.64699936 381.91799927 -0.832305 0.513937 -0.207697
42.75600052 -24.94700050 381.91799927 -0.841437 0.504260 -0.194178
43.18299866 -24.34700012 381.61801147 -0.832895 0.510091 -0.214695
43.28099823 -24.34700012 381.31799316 -0.810772 0.527547 -0.253658
43.37400055 -24.04700089 381.61801147 -0.814476 0.538382 -0.216273
43.46699905 -24.04700089 381.31799316 -0.822519 0.509621 -0.252487
38.21300125 -35.14699936 374.71798706 -0.808894 0.561857 -0.173227
38.42499924 -34.84700012 374.71798706 -0.821406 0.537015 -0.192115
38.14799881 -35.14699936 375.01800537 -0.814839 0.547778 -0.189674
37.83700180 -37.24700165 370.81799316 -0.867706 0.440620 -0.230085
38.34199905 -34.84700012 375.01800537 -0.837480 0.500056 -0.220389
37.67100143 -37.54700089 370.81799316 -0.848149 0.469156 -0.246040
37.75799942 -37.54700089 370.51800537 -0.847443 0.489199 -0.206216
18.41799927 -16.79199982 387.91799927 0.598246 0.709700 -0.372060
18.41799927 -16.61100006 388.21798706 0.547723 0.752509 -0.365690
27.41799927 -25.84700012 363.47698975 0.074173 0.494019 0.866282
27.11800003 -25.84700012 363.48300171 0.030762 0.440033 0.897454
27.41799927 -26.14699936 363.61199951 0.014456 0.429736 0.902839
27.11800003 -26.14699936 363.61199951 0.027739 0.413445 0.910107
37.67699814 -35.74700165 375.31799316 -0.777577 0.584351 -0.232182
37.89400101 -35.44699860 375.31799316 -0.816941 0.540063 -0.202334
37.61800003 -35.69800186 375.61801147 -0.502216 0.724317 -0.472381
37.79000092 -35.44699860 375.61801147 -0.795858 0.537401 -0.278944
37.69400024 -37.24700165 371.41799927 -0.838215 0.501716 -0.213722
37.77799988 -37.24700165 371.11801147 -0.839554 0.504938 -0.200468
37.58399963 -37.54700089 371.11801147 -0.698335 0.633222 -0.333703
37.93600082 -37.24700165 370.51800537 -0.848620 0.455769 -0.268551
37.87900162 -36.94699860 371.41799927 -0.815573 0.555188 -0.163115
18.71800041 -17.58699989 386.71798706 0.563832 0.715951 -0.411713
18.71800041 -17.40600014 387.01800537 0.464966 0.757418 -0.458394
38.12300110 -36.64699936 370.81799316 -0.928023 0.360673 -0.093208
37.97399902 -36.94699860 370.81799316 -0.883236 0.423186 -0.202009
38.17200089 -36.64699936 370.51800537 -0.935151 0.286556 -0.208277
18.11800003 -17.11100006 386.71798706 0.571421 0.760294 -0.308919
18.29999924 -17.14699936 387.01800537 0.577795 0.762434 -0.291285
18.11800003 -17.01199913 387.01800537 0.572992 0.764521 -0.295274
38.08100128 -36.94699860 370.51800537 -0.890444 0.351688 -0.288833
18.41799927 -17.35499954 386.71798706 0.583301 0.741648 -0.331237
18.41799927 -17.22200012 387.01800537 0.508900 0.780313 -0.363500
16.91799927 -16.25099945 386.71798706 0.534743 0.767381 -0.353803
17.21800041 -16.48200035 386.71798706 0.546843 0.771354 -0.325540
17.21800041 -16.38100052 387.01800537 0.556177 0.762527 -0.330482
16.91799927 -16.14599991 387.01800537 0.551388 0.758361 -0.347649
16.61800003 -16.06599998 386.71798706 0.534680 0.796499 -0.282323
16.61800003 -15.94900036 387.01800537 0.544778 0.764629 -0.344325
16.61800003 -16.30999947 386.11801147 0.541164 0.755680 -0.368902
16.31800079 -16.12899971 386.11801147 0.531818 0.767822 -0.357239
16.31800079 -15.95300007 386.41799927 0.514954 0.776466 -0.363212
16.61800003 -16.16099930 386.41799927 0.572814 0.758938 -0.309672
16.01799965 -15.86900043 386.11801147 0.621463 0.712329 -0.326146
15.71800041 -15.63000011 386.11801147 0.698024 0.653094 -0.293651
16.01799965 -15.76500034 386.41799927 0.523575 0.790933 -0.316692
15.71800041 -15.50699997 386.41799927 0.765040 0.592238 -0.252919
42.21900177 -28.24699974 375.61801147 -0.826928 0.542902 -0.146451
38.10100174 -36.64699936 371.41799927 -0.854246 0.495492 -0.157322
38.11199951 -36.64699936 371.11801147 -0.922848 0.383538 -0.035343
15.53699970 -15.34700012 386.11801147 0.958581 0.255011 -0.126852
15.60099983 -15.04699993 386.11801147 0.940741 -0.303596 0.151118
15.54899979 -15.34700012 386.41799927 0.903172 0.307933 -0.299093
37.94400024 -36.94699860 371.11801147 -0.865015 0.482496 -0.137649
15.55099964 -15.04699993 386.41799927 0.975941 -0.192212 0.102926
42.30599976 -28.24699974 375.31799316 -0.798544 0.545385 -0.254721
15.66499996 -14.74699974 386.41799927 0.871673 -0.451376 0.190910
15.72900009 -14.74699974 386.11801147 0.860229 -0.463893 0.211680
15.92300034 -14.44699955 386.11801147 0.840942 -0.503963 0.197072
15.85999966 -14.44699955 386.41799927 0.832929 -0.523770 0.178592
15.79500008 -14.44699955 386.71798706 0.849913 -0.490161 0.193366
15.72399998 -14.44699955 387.01800537 0.866832 -0.476394 0.147143
15.59799957 -14.74699974 386.71798706 0.902348 -0.394508 0.173584
15.55200005 -14.74699974 387.01800537 0.966000 -0.251185 0.061234
42.12200165 -28.54700089 375.31799316 -0.832992 0.502852 -0.230792
16.08799934 -14.14700031 386.11801147 0.844935 -0.499757 0.190598
16.27599907 -13.84700012 386.11801147 0.771592 -0.550220 0.319224
16.04199982 -14.14700031 386.41799927 0.845860 -0.493041 0.203549
16.20899963 -13.84700012 386.41799927 0.846609 -0.486157 0.216574
15.94400024 -14.14700031 386.71798706 0.853372 -0.468369 0.228880
16.12299919 -13.84700012 386.71798706 0.805892 -0.547020 0.226513
15.88099957 -14.14700031 387.01800537 0.872297 -0.460257 0.165108
16.04100037 -13.84700012 387.01800537 0.836281 -0.513823 0.191365
16.24799919 -13.54699993 387.01800537 0.793784 -0.556740 0.244841
16.35000038 -13.54699993 386.71798706 0.826006 -0.530033 0.191778
16.50600052 -13.24699974 386.71798706 0.861505 -0.482854 0.157038
16.46100044 -13.24699974 387.01800537 0.834389 -0.514515 0.197658
16.36499977 -13.24699974 387.31799316 0.802852 -0.537833 0.257224
16.16399956 -13.54699993 387.31799316 0.826850 -0.522301 0.208616
38.33200073 -36.04700089 371.41799927 -0.926724 0.357275 0.116354
38.22499847 -36.34700012 371.41799927 -0.929335 0.362959 -0.067806
38.26300049 -36.04700089 371.11801147 -0.971607 0.189737 0.141348
38.18999863 -36.34700012 371.11801147 -0.968888 0.244964 0.035343
16.91799927 -15.68200016 387.91799927 0.572031 0.747044 -0.338682
17.21800041 -15.91199970 387.91799927 0.587778 0.745593 -0.314019
17.21800041 -15.77400017 388.21798706 0.548198 0.770050 -0.326347
16.91799927 -15.57699966 388.21798706 0.580135 0.750479 -0.316583
16.91799927 -15.84799957 387.61801147 0.504857 0.774331 -0.381484
16.61800003 -15.45400047 387.91799927 0.528120 0.750486 -0.397316
21.35899925 -13.54699993 364.81799316 0.985757 -0.165256 0.031202
21.34499931 -13.54699993 364.51800537 0.997312 -0.056897 -0.046162
21.35000038 -13.24699974 365.41799927 0.993340 -0.113305 -0.020901
38.45500183 -35.74700165 371.41799927 -0.887468 0.355888 0.292820
21.31599998 -13.54699993 365.41799927 0.984055 -0.177565 0.010310
38.43000031 -35.44699860 371.11801147 -0.838483 0.303347 0.452688
38.30699921 -35.74700165 371.11801147 -0.905432 0.253053 0.340817
21.32600021 -13.54699993 365.11801147 0.959412 -0.273210 0.069891
16.31800079 -15.26000023 387.91799927 0.475208 0.812144 -0.338526
16.61800003 -15.34700012 388.14401245 0.571468 0.737536 -0.359813
16.65399933 -15.34700012 388.21798706 0.622236 0.709967 -0.329802
37.61800003 -29.31800079 390.61801147 0.447955 0.773740 -0.447955
37.31800079 -29.30900002 390.31799316 0.604391 0.765976 -0.219072
37.61800003 -29.47200012 390.31799316 0.145762 0.907118 -0.394830
16.01799965 -15.10000038 387.91799927 0.463459 0.827942 -0.315781
15.94499969 -15.04699993 387.91799927 0.629676 0.719401 -0.293208
15.71800041 -14.82100010 387.91799927 0.797770 0.452875 -0.398079
40.32799911 -25.24699974 390.91799927 -0.829380 0.533493 -0.165876
40.61399841 -24.64699936 391.21798706 -0.841784 0.476858 -0.252995
40.44300079 -24.94700050 391.21798706 -0.847815 0.476420 -0.232883
40.72000122 -24.64699936 390.91799927 -0.826750 0.506519 -0.244792
40.52299881 -24.94700050 390.91799927 -0.818396 0.533870 -0.212630
40.78200150 -24.34700012 391.21798706 -0.825365 0.519107 -0.222037
40.88999939 -24.34700012 390.91799927 -0.837496 0.484057 -0.253554
40.99000168 -24.04700089 391.21798706 -0.826338 0.517797 -0.221477
41.06600189 -24.04700089 390.91799927 -0.830658 0.513637 -0.214904
41.23600006 -23.44700050 391.51800537 -0.841380 0.435519 -0.320005
41.21799850 -23.47999954 391.51800537 -0.841380 0.435519 -0.320005
41.08100128 -23.74699974 391.51800537 -0.851939 0.466213 -0.238422
16.01799965 -15.32900047 387.31799316 0.594800 0.739873 -0.314325
41.34999847 -23.44700050 391.21798706 -0.835585 0.475927 -0.274394
41.15700150 -23.74699974 391.21798706 -0.830294 0.497560 -0.251091
41.43299866 -23.44700050 390.91799927 -0.875469 0.439957 -0.199980
16.01799965 -15.20800018 387.61801147 0.550761 0.782493 -0.290459
41.26200104 -23.74699974 390.91799927 -0.829221 0.507342 -0.234512
15.71800041 -14.97000027 387.61801147 0.681234 0.678043 -0.276003
42.50899887 -25.54700089 381.31799316 -0.827096 0.519410 -0.214771
42.70100021 -25.24699974 381.31799316 -0.840058 0.505241 -0.197572
42.44599915 -25.54700089 381.61801147 -0.824190 0.533833 -0.189034
42.63700104 -25.24699974 381.61801147 -0.841191 0.508313 -0.184432
19.75499916 -17.14699936 363.61801147 0.835283 -0.507840 0.210716
19.82699966 -17.14699936 363.31799316 0.840831 -0.502687 0.200773
15.64200020 -14.74699974 387.91799927 0.922904 0.301911 -0.238953
15.62199974 -14.44699955 387.91799927 0.979162 -0.142356 -0.144832
19.57200050 -17.44700050 363.61801147 0.832037 -0.516803 0.201568
19.38100052 -17.74699974 363.61801147 0.843442 -0.511402 0.164538
19.64900017 -17.44700050 363.31799316 0.828162 -0.525360 0.195307
19.44599915 -17.74699974 363.31799316 0.836761 -0.502664 0.217163
42.72100067 -24.04700089 384.31799316 -0.842584 0.512683 -0.164950
35.85900116 -29.14699936 388.21798706 0.542520 0.771119 -0.333239
35.81800079 -29.12000084 388.21798706 0.542520 0.771119 -0.333239
41.48199844 -26.14699936 384.01800537 -0.837822 0.518225 -0.171746
19.71299934 -17.44700050 363.01800537 0.843007 -0.508788 0.174570
19.53599930 -17.74699974 363.01800537 0.830111 -0.513298 0.217809
19.77300072 -17.44700050 362.71798706 0.845003 -0.501019 0.186948
19.60300064 -17.74699974 362.71798706 0.844448 -0.499469 0.193488
19.34300041 -18.04700089 363.01800537 0.841245 -0.509528 0.180800
19.41699982 -18.04700089 362.71798706 0.824034 -0.525493 0.211720
19.17300034 -18.34700012 363.01800537 0.854730 -0.490322 0.170354
19.22200012 -18.34700012 362.71798706 0.843584 -0.500737 0.193979
38.43799973 -31.54700089 382.81799316 -0.803565 0.572259 -0.163717
38.49200058 -31.54700089 382.51800537 -0.828965 0.533226 -0.168780
36.41799927 -30.34700012 365.23999023 0.039150 0.454952 0.889655
36.11800003 -30.34700012 365.24301147 0.014454 0.424423 0.905349
37.01800156 -30.94700050 365.49700928 0.031083 0.474354 0.879785
36.71799850 -30.94700050 365.50900269 0.009201 0.435061 0.900354
37.01800156 -30.64699936 365.32901001 0.030651 0.435774 0.899534
36.71799850 -30.64699936 365.36300659 0.036235 0.438849 0.897830
37.61800003 -30.94700050 365.48199463 0.059397 0.476554 0.877136
37.31800079 -30.94700050 365.48800659 0.022580 0.442311 0.896577
37.61800003 -30.64699936 365.31500244 0.064996 0.468803 0.880908
37.31800079 -30.64699936 365.34298706 0.019973 0.448721 0.893448
19.01799965 -21.64699936 361.94601440 0.041318 0.411842 0.910318
18.71800041 -21.64699936 361.95498657 0.038049 0.384430 0.922370
19.01799965 -21.94700050 362.08499146 0.027921 0.434765 0.900111
18.71800041 -21.94700050 362.08099365 0.019705 0.419060 0.907745
19.61800003 -21.64699936 361.89300537 0.079980 0.389055 0.917736
19.31800079 -21.64699936 361.92700195 0.080345 0.404446 0.911026
19.61800003 -21.94700050 362.03698730 0.061351 0.440362 0.895722
19.31800079 -21.94700050 362.06298828 0.072728 0.432254 0.898814
37.95800018 -31.24699974 385.51800537 -0.797477 0.543663 -0.261648
20.21800041 -21.64699936 361.87899780 0.001286 0.399807 0.916599
19.91799927 -21.64699936 361.87399292 0.022209 0.401063 0.915781
20.21800041 -21.94700050 362.01400757 0.027780 0.421998 0.906171
19.91799927 -21.94700050 362.02200317 0.033556 0.444275 0.895262
36.41799927 -36.55199814 372.61801147 0.557710 0.758163 -0.337859
36.11800003 -36.34700012 372.61801147 0.491702 0.762873 -0.419825
36.11800003 -36.49200058 372.31799316 0.535454 0.765165 -0.357508
36.41799927 -36.70600128 372.31799316 0.540824 0.746697 -0.387237
37.31800079 -31.46699905 385.81799316 -0.126825 0.714697 -0.687840
37.61800003 -31.41399956 385.81799316 -0.333536 0.799529 -0.499506
37.31800079 -31.24699974 386.04598999 0.086179 0.728870 -0.679207
37.82199860 -31.24699974 385.81799316 -0.689111 0.592802 -0.416788
42.11800003 -31.54700089 365.66699219 -0.197648 0.589878 0.782930
42.11800003 -31.24699974 365.47601318 -0.089270 0.497359 0.862940
42.41799927 -31.24699974 365.53500366 -0.286828 0.716270 0.636150
43.00400162 -27.04700089 375.61801147 -0.817745 0.525143 -0.235621
42.80099869 -27.34700012 375.61801147 -0.815806 0.524778 -0.243039
43.09799957 -27.04700089 375.31799316 -0.840139 0.492495 -0.227188
42.91799927 -27.34700012 375.31799316 -0.821457 0.504676 -0.265537
37.31800079 -31.19000053 386.11801147 0.062285 0.873372 -0.483054
37.61800003 -31.22100067 386.11801147 -0.086748 0.904657 -0.417216
37.31800079 -31.03599930 386.41799927 0.120104 0.891596 -0.436614
37.61800003 -31.08099937 386.41799927 -0.213673 0.902659 -0.373564
28.61800003 -27.04700089 364.02700806 0.055984 0.449241 0.891655
28.31800079 -27.04700089 364.02600098 0.001308 0.443546 0.896251
28.61800003 -27.34700012 364.14801025 0.027181 0.371477 0.928044
28.31800079 -27.34700012 364.14001465 0.008939 0.371596 0.928352
24.71800041 -25.24699974 363.32000732 0.003886 0.413214 0.910626
25.01799965 -25.54700089 363.44799805 0.046677 0.404087 0.913529
24.71800041 -25.54700089 363.45800781 0.027666 0.407083 0.912972
25.61800003 -25.24699974 363.27398682 0.017034 0.412755 0.910683
25.31800079 -25.24699974 363.28201294 0.055280 0.416621 0.907398
25.61800003 -25.54700089 363.41299438 0.017144 0.428590 0.903336
25.31800079 -25.54700089 363.42700195 0.052736 0.428653 0.901929
37.01800156 -35.80400085 375.31799316 0.417680 0.821066 -0.389093
25.61800003 -26.14699936 363.68701172 0.014361 0.408639 0.912583
25.31800079 -26.14699936 363.69799805 0.033140 0.417567 0.908042
25.61800003 -25.84700012 363.55899048 0.017057 0.415916 0.909243
25.31800079 -25.84700012 363.56698608 0.025039 0.412481 0.910622
21.50399971 -9.94699955 373.81799316 0.941032 -0.305530 0.145296
43.18700027 -26.74699974 375.61801147 -0.817059 0.536052 -0.212283
37.01800156 -35.63100052 375.61801147 0.373854 0.816115 -0.440670
36.71799850 -35.50099945 375.61801147 0.430672 0.821614 -0.373461
36.71799850 -35.59799957 375.31799316 0.550187 0.796446 -0.250935
21.50300026 -10.24699974 373.21798706 0.945548 -0.318651 0.066331
21.40200043 -10.54699993 373.21798706 0.926724 -0.357275 0.116354
21.42499924 -10.54699993 372.91799927 0.933678 -0.343561 0.101047
21.27199936 -10.84700012 373.21798706 0.850884 -0.484719 0.202592
43.27000046 -26.74699974 375.31799316 -0.836541 0.493972 -0.237045
21.32099915 -10.84700012 372.91799927 0.899016 -0.417653 0.131667
21.14800072 -11.14700031 372.91799927 0.843747 -0.488005 0.223479
21.36000061 -10.84700012 372.61801147 0.911266 -0.376733 0.166331
21.21999931 -11.14700031 372.61801147 0.864066 -0.452320 0.220900
21.43000031 -10.84700012 372.31799316 0.946219 -0.302098 0.115782
21.30100060 -11.14700031 372.31799316 0.882832 -0.437780 0.170167
26.21800041 -26.14699936 363.66699219 0.055280 0.416621 0.907398
25.91799927 -26.14699936 363.68899536 0.030217 0.400705 0.915709
21.13299942 -11.44699955 372.31799316 0.837480 -0.500056 0.220389
26.21800041 -25.84700012 363.53698730 0.058120 0.423058 0.904237
25.91799927 -25.84700012 363.55499268 0.033097 0.414374 0.909505
37.31800079 -35.77500153 375.61801147 0.105612 0.885734 -0.452020
21.04599953 -11.44699955 372.61801147 0.844619 -0.486755 0.222907
20.87500000 -11.74699974 372.61801147 0.847228 -0.492084 0.200144
20.94199944 -11.74699974 372.31799316 0.829696 -0.525524 0.188225
37.31800079 -35.90200043 375.31799316 0.292900 0.875664 -0.383957
21.01099968 -11.74699974 372.01800537 0.840419 -0.517295 0.161562
21.05699921 -11.74699974 371.71798706 0.855560 -0.473640 0.209003
20.69799995 -12.04699993 372.61801147 0.817774 -0.537569 0.205586
20.75200081 -12.04699993 372.31799316 0.836281 -0.513823 0.191365
20.57399940 -12.34700012 372.31799316 0.826077 -0.509183 0.241516
20.83499908 -12.04699993 372.01800537 0.839452 -0.495140 0.223956
20.65600014 -12.34700012 372.01800537 0.827557 -0.511274 0.231839
20.91300011 -12.04699993 371.71798706 0.864066 -0.452320 0.220900
20.74300003 -12.34700012 371.71798706 0.831235 -0.519333 0.198346
26.21800041 -26.44700050 363.81298828 0.025076 0.421018 0.906706
25.91799927 -26.44700050 363.81698608 0.022321 0.408351 0.912552
20.53800011 -12.64700031 371.71798706 0.824607 -0.521690 0.218773
20.46199989 -12.94699955 371.41799927 0.844241 -0.480897 0.236632
20.46299934 -12.64700031 372.01800537 0.827096 -0.519410 0.214771
20.27799988 -12.94699955 372.01800537 0.825991 -0.512206 0.235338
20.36300087 -12.94699955 371.71798706 0.824810 -0.506028 0.252240
20.09000015 -13.24699974 372.01800537 0.847585 -0.497788 0.183868
19.92600060 -13.54699993 372.01800537 0.837822 -0.518225 0.171746
20.17099953 -13.24699974 371.71798706 0.807723 -0.530700 0.256790
19.96899986 -13.54699993 371.71798706 0.814476 -0.538382 0.216273
20.28000069 -13.24699974 371.41799927 0.815784 -0.513179 0.266728
20.08499908 -13.54699993 371.41799927 0.790643 -0.548577 0.271931
20.36800003 -13.24699974 371.11801147 0.835877 -0.496636 0.233801
20.17399979 -13.54699993 371.11801147 0.815230 -0.531672 0.229621
19.97699928 -13.84700012 371.11801147 0.811464 -0.521767 0.263220
20.05900002 -13.84700012 370.81799316 0.840000 -0.514742 0.171581
20.09900093 -13.84700012 370.51800537 0.861300 -0.490724 0.131728
19.93300056 -14.14700031 370.51800537 0.849275 -0.510149 0.135942
19.86499977 -13.84700012 371.41799927 0.797509 -0.540551 0.267925
19.68000031 -14.14700031 371.41799927 0.826689 -0.497874 0.262121
19.79000092 -14.14700031 371.11801147 0.808738 -0.516650 0.281095
26.81800079 -26.44700050 363.77301025 0.066598 0.422691 0.903824
26.51799965 -26.44700050 363.80099487 0.058634 0.440434 0.895868
26.81800079 -26.74699974 363.91101074 0.087093 0.427173 0.899966
19.88899994 -14.14700031 370.81799316 0.821272 -0.535876 0.195830
19.66799927 -14.44699955 370.81799316 0.795262 -0.575459 0.190802
19.45499992 -14.74699974 370.81799316 0.808930 -0.552997 0.199566
19.73900032 -14.44699955 370.51800537 0.833411 -0.525184 0.172069
19.55400085 -14.74699974 370.51800537 0.813757 -0.529637 0.239340
19.79199982 -14.44699955 370.21798706 0.847256 -0.501802 0.174216
19.63100052 -14.74699974 370.21798706 0.854038 -0.483107 0.192944
19.86300087 -14.44699955 369.91799927 0.830658 -0.513637 0.214904
19.69000053 -14.74699974 369.91799927 0.862612 -0.471995 0.181992
27.41799927 -26.44700050 363.76199341 0.019829 0.434922 0.900250
27.11800003 -26.44700050 363.75601196 0.017079 0.419080 0.907789
19.34900093 -15.04699993 370.51800537 0.804889 -0.532946 0.261003
27.41799927 -26.74699974 363.90200806 0.001304 0.434129 0.900850
27.11800003 -26.74699974 363.88900757 0.014474 0.432900 0.901326
19.45199966 -15.04699993 370.21798706 0.811835 -0.526218 0.253019
19.53599930 -15.04699993 369.91799927 0.847052 -0.496237 0.190399
19.33900070 -15.34700012 369.91799927 0.817082 -0.531946 0.222283
19.24200058 -15.34700012 370.21798706 0.804858 -0.541224 0.243473
19.04999924 -15.64700031 370.21798706 0.813130 -0.540555 0.215916
18.84399986 -15.94699955 370.21798706 0.842932 -0.515207 0.155005
19.14599991 -15.64700031 369.91799927 0.799933 -0.548304 0.243863
18.92700005 -15.94699955 369.91799927 0.807145 -0.540679 0.237031
19.23200035 -15.64700031 369.61801147 0.822302 -0.525232 0.218974
19.02099991 -15.94699955 369.61801147 0.806209 -0.539026 0.243882
19.30599976 -15.64700031 369.31799316 0.821671 -0.520648 0.231911
19.10899925 -15.94699955 369.31799316 0.810630 -0.535788 0.236241
18.83099937 -16.24699974 369.61801147 0.834271 -0.500563 0.231147
18.90999985 -16.24699974 369.31799316 0.800388 -0.541393 0.257435
18.65999985 -16.54700089 369.61801147 0.851389 -0.500210 0.157883
18.70400047 -16.54700089 369.31799316 0.824734 -0.527040 0.205044
18.60499954 -16.84700012 369.01800537 0.827096 -0.519410 0.214771
18.43000031 -17.14699936 369.01800537 0.845712 -0.497213 0.193778
18.68199921 -16.84700012 368.71798706 0.813932 -0.538023 0.219194
18.49300003 -17.14699936 368.71798706 0.841648 -0.495890 0.213824
18.47800064 -16.84700012 369.61801147 0.843894 -0.518077 0.139426
18.29299927 -17.14699936 369.61801147 0.834759 -0.525259 0.165166
18.52700043 -16.84700012 369.31799316 0.850967 -0.493293 0.180327
18.35600090 -17.14699936 369.31799316 0.844448 -0.499469 0.193488
18.09000015 -17.74699974 369.01800537 0.841648 -0.495890 0.213824
18.25200081 -17.44700050 369.01800537 0.849381 -0.479953 0.219537
18.32900047 -17.44700050 368.71798706 0.846714 -0.491786 0.203031
18.14500046 -17.74699974 368.71798706 0.827986 -0.530452 0.181826
18.01300049 -18.04700089 368.41799927 0.815719 -0.545331 0.192917
17.81900024 -18.34700012 368.41799927 0.839650 -0.500764 0.210291
18.08799934 -18.04700089 368.11801147 0.841609 -0.491573 0.223719
17.92200089 -18.34700012 368.11801147 0.837163 -0.482563 0.257470
16.61300087 -21.04700089 366.61801147 0.852105 -0.473728 0.222486
16.46699905 -21.34700012 366.61801147 0.851398 -0.485012 0.199711
16.68499947 -21.04700089 366.31799316 0.840058 -0.505241 0.197572
16.52400017 -21.34700012 366.31799316 0.839134 -0.517193 0.168423
16.19499969 -21.94700050 366.01800537 0.842313 -0.502985 0.193687
16.26000023 -21.94700050 365.71798706 0.824190 -0.533833 0.189034
21.30699921 -14.44699955 363.01800537 0.990959 -0.124012 0.051198
21.25799942 -14.74699974 363.01800537 0.958582 -0.267782 0.097022
21.31999969 -14.44699955 362.71798706 0.990568 -0.132453 0.035094
21.27799988 -14.74699974 362.71798706 0.977876 -0.201363 0.056671
29.21800041 -28.24699974 364.53100586 0.053002 0.441686 0.895603
28.91799927 -28.24699974 364.55398560 0.047407 0.442914 0.895310
29.21800041 -28.54700089 364.66799927 0.060205 0.389326 0.919130
28.91799927 -28.54700089 364.69000244 0.054679 0.390753 0.918870
21.32799911 -14.44699955 362.41799927 0.994753 -0.102164 0.005377
21.29299927 -14.74699974 362.41799927 0.985783 -0.161776 0.045390
21.32299995 -14.44699955 362.11801147 0.998085 -0.059822 -0.015743
21.30500031 -14.74699974 362.11801147 0.995492 -0.092075 0.022748
21.10300064 -15.34700012 362.41799927 0.871177 -0.451119 0.193759
21.22999954 -15.04699993 362.41799927 0.946784 -0.301431 0.112870
21.26799965 -15.04699993 362.11801147 0.970309 -0.230433 0.073489
21.16300011 -15.34700012 362.11801147 0.907335 -0.396518 0.139699
29.81800079 -28.24699974 364.51400757 0.019827 0.429593 0.902805
20.92099953 -15.64700031 362.41799927 0.835112 -0.506543 0.214482
20.73900032 -15.94699955 362.41799927 0.852121 -0.482418 0.202886
21.00600052 -15.64700031 362.11801147 0.850662 -0.487593 0.196537
20.81900024 -15.94699955 362.11801147 0.843061 -0.490646 0.220259
21.05999947 -15.64700031 361.81799316 0.887494 -0.443035 0.126785
20.89599991 -15.94699955 361.81799316 0.863816 -0.469690 0.182246
21.09099960 -15.64700031 361.51800537 0.900001 -0.418310 0.122535
20.94599915 -15.94699955 361.51800537 0.883536 -0.441045 0.157619
20.73399925 -16.24699974 361.81799316 0.860084 -0.472525 0.192289
20.56599998 -16.54700089 361.81799316 0.829927 -0.521539 0.198034
20.79199982 -16.24699974 361.51800537 0.866457 -0.476187 0.149992
20.61599922 -16.54700089 361.51800537 0.846013 -0.514646 0.139292
20.58099937 -16.84700012 360.91799927 0.853647 -0.478583 0.205535
20.35799980 -16.84700012 361.81799316 0.825884 -0.528869 0.195484
20.18199921 -17.14699936 361.81799316 0.851754 -0.490766 0.183478
20.42700005 -16.84700012 361.51800537 0.829280 -0.520006 0.204667
20.24099922 -17.14699936 361.51800537 0.859886 -0.478043 0.179081
20.50499916 -16.84700012 361.21798706 0.839489 -0.499443 0.214047
20.30599976 -17.14699936 361.21798706 0.845719 -0.480003 0.233144
20.40500069 -17.14699936 360.91799927 0.850856 -0.455323 0.262156
17.21800041 -26.07799911 365.41799927 0.546057 0.773448 -0.321870
16.91799927 -25.86100006 365.41799927 0.548391 0.767104 -0.332894
16.91799927 -25.99500084 365.11801147 0.545817 0.776308 -0.315325
20.33200073 -17.44700050 360.61801147 0.844481 -0.482343 0.232803
20.14900017 -17.74699974 360.61801147 0.801872 -0.342748 0.489413
20.42499924 -17.44700050 360.31799316 0.872511 -0.406768 0.270675
39.23699951 -26.14699936 392.71798706 -0.877665 0.313776 -0.362283
39.22100067 -26.44700050 392.41799927 -0.852880 0.451705 -0.261836
29.51799965 -28.24699974 364.51901245 0.025140 0.427382 0.903721
39.32400131 -26.44700050 392.11801147 -0.862199 0.460339 -0.211426
39.13499832 -26.74699974 392.11801147 -0.825535 0.516151 -0.228209
29.81800079 -28.54700089 364.64801025 0.014153 0.379547 0.925064
20.16500092 -17.44700050 361.21798706 0.848436 -0.473723 0.236100
19.97299957 -17.74699974 361.21798706 0.825352 -0.523283 0.212059
20.26099968 -17.44700050 360.91799927 0.839317 -0.490748 0.233908
20.05400085 -17.74699974 360.91799927 0.803345 -0.546398 0.236824
29.51799965 -28.54700089 364.65100098 0.029868 0.370105 0.928510
39.58100128 -25.84700012 392.41799927 -0.806992 0.556810 -0.196790
39.36100006 -26.14699936 392.41799927 -0.815462 0.494934 -0.300103
39.64500046 -25.84700012 392.11801147 -0.818447 0.539051 -0.198918
39.45600128 -26.14699936 392.11801147 -0.843121 0.453274 -0.289291
20.03199959 -18.04700089 360.61801147 0.697182 -0.179275 0.694117
20.21800041 -18.04700089 360.46398926 0.585640 -0.091100 0.805436
20.21800041 -18.34700012 360.50201416 0.446167 -0.047465 0.893690
19.91799927 -18.34700012 360.60598755 0.637809 -0.098237 0.763904
19.40800095 -18.64699936 361.21798706 0.812255 -0.493662 0.310707
19.56299973 -18.64699936 360.91799927 0.799272 -0.210173 0.563019
17.81800079 -26.44300079 365.41799927 0.526679 0.782815 -0.331376
17.51799965 -26.28400040 365.41799927 0.494929 0.811178 -0.311505
19.61800003 -18.94700050 360.81900024 0.346647 0.026862 0.937611
17.51799965 -26.37700081 365.11801147 0.543214 0.791990 -0.278692
17.81800079 -26.59000015 365.11801147 0.533140 0.766490 -0.358127
17.81800079 -26.77000046 364.51800537 0.545511 0.827824 0.130864
39.69900131 -26.14699936 391.21798706 -0.823290 0.523912 -0.218424
19.91799927 -18.64699936 360.63900757 0.999999 -0.000978 -0.000978
20.21800041 -18.94700050 360.71899414 0.184576 0.367722 0.911434
19.91799927 -18.94700050 360.77999878 0.154443 0.346453 0.925266
40.27600098 -25.24699974 391.21798706 -0.841590 0.500119 -0.203976
40.08700180 -25.54700089 391.21798706 -0.831619 0.525943 -0.178311
18.11800003 -26.68600082 365.41799927 0.565441 0.729337 -0.385155
40.13700104 -25.54700089 390.91799927 -0.848074 0.490832 -0.199635
39.89799881 -25.84700012 391.21798706 -0.819194 0.531328 -0.215900
39.98199844 -25.84700012 390.91799927 -0.844698 0.505031 -0.177282
39.77899933 -26.14699936 390.91799927 -0.820418 0.538352 -0.192593
30.41799927 -28.54700089 364.61700439 0.070767 0.372531 0.925318
30.11800003 -28.54700089 364.64199829 0.046613 0.400872 0.914947
20.21800041 -19.24699974 360.83999634 0.062601 0.379601 0.923030
19.91799927 -19.24699974 360.86300659 0.118092 0.293240 0.948717
20.51799965 -19.24699974 360.82299805 0.052472 0.421124 0.905484
19.01799965 -27.24699974 365.41799927 0.386470 0.721958 -0.573949
18.71800041 -27.08600044 365.41799927 0.447125 0.782062 -0.434118
18.71800041 -27.27199936 365.11801147 0.549746 0.765776 -0.333717
19.01799965 -27.58099937 364.81799316 0.505730 0.846839 -0.164622
19.41300011 -27.64699936 365.41799927 0.574134 0.759648 -0.305458
19.63400078 -27.94700050 365.11801147 0.556169 0.781172 0.283630
19.31800079 -27.66500092 365.11801147 0.480639 0.863398 -0.153396
19.61800003 -27.87400055 364.81799316 0.385441 0.807667 0.446216
19.31800079 -27.70100021 364.81799316 0.355605 0.907156 0.224975
19.61800003 -27.64699936 364.60000610 0.291643 0.572130 0.766558
20.21800041 -27.64699936 364.53201294 0.038671 0.422715 0.905437
19.91799927 -27.64699936 364.55099487 0.100592 0.480290 0.871323
20.21800041 -27.94700050 364.69198608 0.153611 0.478388 0.864609
19.91799927 -27.94700050 364.75900269 0.234836 0.576982 0.782269
20.21800041 -28.24699974 364.86499023 0.147955 0.493673 0.856969
22.01799965 -28.84700012 365.03100586 0.022292 0.405186 0.913963
21.71800041 -28.84700012 365.04199219 0.044373 0.428936 0.902244
22.01799965 -29.14699936 365.15701294 0.045888 0.365794 0.929564
21.71800041 -29.14699936 365.18301392 -0.100399 0.330648 0.938398
22.61800003 -28.84700012 365.02398682 0.027780 0.421998 0.906171
22.31800079 -28.84700012 365.02700806 0.011644 0.392018 0.919884
22.01799965 -20.74699974 361.39498901 0.053193 0.456916 0.887918
21.71800041 -20.74699974 361.41299438 0.064143 0.438085 0.896642
22.61800003 -29.14699936 365.17001343 0.008973 0.375571 0.926750
22.31800079 -29.14699936 365.15399170 -0.019463 0.385372 0.922556
22.61800003 -29.44700050 365.26699829 0.008728 0.322941 0.946379
22.31800079 -29.44700050 365.27700806 -0.001264 0.362873 0.931838
22.61800003 -29.74699974 365.37500000 -0.053263 0.339067 0.939253
23.21800041 -29.14699936 365.12799072 0.063395 0.408698 0.910465
22.91799927 -29.14699936 365.14801025 0.063291 0.399945 0.914351
23.21800041 -29.44700050 365.26599121 0.014231 0.392005 0.919853
22.91799927 -29.44700050 365.27200317 0.001275 0.376001 0.926619
23.21800041 -29.74699974 365.38299561 0.003822 0.370729 0.928733
22.91799927 -29.74699974 365.39199829 -0.011413 0.348737 0.937151
41.52500153 -25.24699974 386.11801147 -0.833415 0.498821 -0.237899
23.81800079 -30.04700089 365.51998901 -0.006447 0.393289 0.919393
23.51799965 -30.04700089 365.51699829 -0.021964 0.375974 0.926370
23.81800079 -30.34700012 365.64401245 -0.029034 0.316852 0.948031
23.51799965 -30.34700012 365.63198853 -0.037646 0.356984 0.933352
31.01799965 -29.44700050 364.98901367 0.030531 0.420798 0.906640
30.71800041 -29.44700050 365.00100708 0.003934 0.439324 0.898320
23.81800079 -29.44700050 365.25399780 0.033348 0.428192 0.903072
23.51799965 -29.44700050 365.26300049 0.017103 0.427571 0.903820
23.81800079 -29.74699974 365.38699341 0.024973 0.406134 0.913472
23.51799965 -29.74699974 365.38900757 -0.006423 0.389255 0.921108
23.51799965 -22.24699974 361.97299194 0.110550 0.498192 0.859991
23.81800079 -22.54700089 362.10198975 0.132720 0.443828 0.886229
24.41799927 -29.44700050 365.24099731 0.019649 0.407397 0.913040
24.11800003 -29.44700050 365.23999023 0.019701 0.413723 0.910190
24.41799927 -29.74699974 365.36700439 0.022268 0.407374 0.912990
24.11800003 -29.74699974 365.37200928 0.030570 0.423997 0.905147
31.61800003 -29.44700050 364.97799683 -0.001297 0.416342 0.909207
31.31800079 -29.44700050 364.98001099 0.017144 0.428590 0.903336
31.61800003 -29.74699974 365.11700439 0.046989 0.420212 0.906208
42.63600159 -24.04700089 384.61801147 -0.810453 0.538758 -0.230014
42.42399979 -24.34700012 384.61801147 -0.829791 0.520326 -0.201759
42.52000046 -24.34700012 384.31799316 -0.830634 0.509394 -0.224868
24.41799927 -30.04700089 365.50799561 0.033010 0.407999 0.912386
24.11800003 -30.04700089 365.52099609 0.016972 0.408622 0.912546
24.41799927 -30.34700012 365.63500977 0.016875 0.390728 0.920352
24.11800003 -30.34700012 365.64001465 0.014072 0.367159 0.930052
32.21799850 -29.44700050 364.96398926 0.069012 0.407303 0.910682
31.91799927 -29.44700050 364.98098755 0.022149 0.394766 0.918515
32.21799850 -29.74699974 365.08898926 0.025006 0.409306 0.912055
31.91799927 -29.74699974 365.09698486 0.043861 0.405378 0.913096
25.01799965 -30.04700089 365.49099731 0.019497 0.393844 0.918970
24.71800041 -30.04700089 365.49899292 0.024973 0.406134 0.913472
25.01799965 -30.34700012 365.61099243 0.029444 0.344369 0.938373
24.71800041 -30.34700012 365.62298584 0.037442 0.349887 0.936044
25.61800003 -30.64699936 365.71499634 0.037722 0.365513 0.930042
25.31800079 -30.64699936 365.71398926 -0.008900 0.362371 0.931992
25.61800003 -30.04700089 365.48400879 0.024812 0.395688 0.918050
25.31800079 -30.04700089 365.48699951 0.011664 0.400452 0.916244
25.61800003 -30.34700012 365.59399414 0.029666 0.359858 0.932535
25.31800079 -30.34700012 365.60501099 0.027008 0.353672 0.934980
25.61800003 -30.94700050 365.82901001 0.051521 0.373857 0.926054
25.31800079 -30.94700050 365.83898926 0.032774 0.386735 0.921608
43.23799896 -24.04700089 382.21798706 -0.797305 0.571682 -0.193609
43.03599930 -24.34700012 382.21798706 -0.820079 0.521588 -0.235407
43.30699921 -24.04700089 381.91799927 -0.835462 0.516330 -0.188167
43.12599945 -24.34700012 381.91799927 -0.827527 0.523848 -0.201947
26.21800041 -30.64699936 365.69400024 -0.003802 0.363728 0.931498
25.91799927 -30.64699936 365.69000244 0.032107 0.342907 0.938820
26.21800041 -30.94700050 365.82299805 -0.030492 0.417602 0.908118
25.91799927 -30.94700050 365.80499268 0.009084 0.403592 0.914894
26.81800079 -30.64699936 365.69299316 0.027666 0.407083 0.912972
26.51799965 -30.64699936 365.69198608 0.001282 0.388343 0.921514
26.81800079 -30.94700050 365.82901001 0.003880 0.404815 0.914390
26.51799965 -30.94700050 365.82501221 -0.009084 0.403592 0.914894
27.41799927 -30.94700050 365.80099487 0.049667 0.420158 0.906091
27.11800003 -30.94700050 365.82199097 0.041318 0.411842 0.910318
28.01799965 -30.94700050 365.77801514 0.027703 0.410262 0.911547
27.71800041 -30.94700050 365.79000854 0.035828 0.415336 0.908962
27.41799927 -31.54700089 366.07800293 -0.003818 0.372924 0.927854
27.11800003 -31.54700089 366.06900024 0.011563 0.376455 0.926363
27.41799927 -31.24699974 365.94000244 0.014417 0.418100 0.908287
27.11800003 -31.24699974 365.94500732 0.029967 0.381758 0.923776
28.01799965 -31.54700089 366.05599976 0.038562 0.410889 0.910870
27.71800041 -31.54700089 366.07101440 0.035243 0.377228 0.925449
28.01799965 -31.24699974 365.91799927 0.035961 0.419547 0.907021
27.71800041 -31.24699974 365.93499756 0.033226 0.423961 0.905071
28.61800003 -31.54700089 366.02999878 0.038562 0.410889 0.910870
28.31800079 -31.54700089 366.04501343 0.040939 0.394864 0.917827
28.61800003 -31.24699974 365.89898682 0.014246 0.389812 0.920784
28.31800079 -31.24699974 365.91101074 0.027739 0.413445 0.910107
18.86100006 -9.94699955 385.51800537 0.840875 -0.513455 0.171152
19.03800011 -9.64700031 385.51800537 0.859059 -0.502899 0.095451
18.78300095 -9.94699955 385.81799316 0.800683 -0.545708 0.247201
19.00499916 -9.64700031 385.81799316 0.821417 -0.557861 0.118600
28.61800003 -31.84700012 366.17001343 0.014231 0.392005 0.919853
28.31800079 -31.84700012 366.16799927 0.027247 0.372371 0.927684
28.61800003 -32.14699936 366.28500366 -0.003780 0.351535 0.936167
28.31800079 -32.14699936 366.28500366 0.035243 0.377228 0.925449
19.01799965 -9.62100029 385.81799316 0.846887 -0.523035 0.096009
28.91799927 -31.54700089 366.01901245 0.054622 0.393010 0.917911
29.21800041 -31.24699974 365.88598633 0.053917 0.364266 0.929733
28.91799927 -31.24699974 365.90200806 0.019517 0.391645 0.919910
29.21800041 -31.54700089 365.99499512 0.035528 0.390810 0.919785
18.96800041 -9.94699955 384.91799927 0.838754 -0.502039 0.210826
19.15299988 -9.64700031 384.91799927 0.808738 -0.532432 0.249917
18.90500069 -9.94699955 385.21798706 0.855428 -0.494476 0.154065
19.07099915 -9.64700031 385.21798706 0.849764 -0.500991 0.164041
29.21800041 -31.84700012 366.14099121 0.033133 0.412177 0.910501
28.91799927 -31.84700012 366.15899658 0.043920 0.408585 0.911663
29.21800041 -32.14699936 366.26599121 0.049471 0.410474 0.910529
28.91799927 -32.14699936 366.28799438 0.027666 0.407083 0.912972
30.41799927 -31.84700012 366.11099243 0.016904 0.399192 0.916712
30.11800003 -31.84700012 366.11499023 0.022351 0.411519 0.911127
30.41799927 -32.14699936 366.23999023 0.024804 0.390329 0.920341
30.11800003 -32.14699936 366.25000000 0.022202 0.395713 0.918106
29.81800079 -31.84700012 366.12600708 0.033133 0.412177 0.910501
29.51799965 -31.84700012 366.13699341 0.022179 0.397912 0.917155
29.81800079 -32.14699936 366.25500488 0.009026 0.393281 0.919374
29.51799965 -32.14699936 366.25601196 0.016927 0.402332 0.915337
30.41799927 -32.44699860 366.36599731 0.009048 0.394215 0.918974
30.11800003 -32.44699860 366.37298584 0.025076 0.421018 0.906706
30.41799927 -32.74700165 366.49798584 0.038262 0.397131 0.916964
30.11800003 -32.74700165 366.52899170 0.049723 0.417943 0.907111
31.01799965 -32.44699860 366.36599731 0.011753 0.413971 0.910214
30.71800041 -32.44699860 366.36700439 -0.001292 0.412244 0.911072
31.01799965 -32.74700165 366.50299072 0.027636 0.409277 0.911991
30.71800041 -32.74700165 366.50399780 -0.006473 0.402643 0.915334
31.61800003 -32.44699860 366.34698486 0.040939 0.394864 0.917827
31.31800079 -32.44699860 366.35900879 0.030217 0.400705 0.915709
31.61800003 -32.74700165 366.47100830 0.027562 0.402937 0.914812
31.31800079 -32.74700165 366.48599243 0.049525 0.408246 0.911527
15.82499981 -19.24699974 374.41799927 0.833327 -0.521017 0.184683
15.85499954 -19.24699974 374.11801147 0.824833 -0.540408 0.166164
32.21799850 -32.44699860 366.32501221 0.035578 0.393988 0.918427
31.91799927 -32.44699860 366.33300781 0.033097 0.414374 0.909505
32.21799850 -32.74700165 366.44400024 0.062936 0.386988 0.919934
31.91799927 -32.74700165 366.46798706 0.040939 0.394864 0.917827
15.94600010 -19.24699974 373.81799316 0.796119 -0.545865 0.261202
15.74400043 -19.54700089 373.81799316 0.794319 -0.566049 0.220558
16.05100060 -19.24699974 373.51800537 0.803878 -0.539547 0.250337
15.83500004 -19.54700089 373.51800537 0.776445 -0.567706 0.273574
16.13199997 -19.24699974 373.21798706 0.844698 -0.505031 0.177282
15.95499992 -19.54700089 373.21798706 0.795851 -0.530040 0.292709
16.17600060 -19.24699974 372.91799927 0.860339 -0.478295 0.176214
16.05599976 -19.54700089 372.91799927 0.862943 -0.463515 0.201204
16.85199928 -16.54700089 377.11801147 0.842469 -0.498850 0.203458
16.76499939 -16.54700089 377.41799927 0.823101 -0.515400 0.238469
16.25399971 -19.24699974 372.61801147 0.834271 -0.500563 0.231147
16.09399986 -19.54700089 372.61801147 0.869600 -0.479927 0.116042
16.13599968 -19.54700089 372.31799316 0.834759 -0.525259 0.165166
33.71799850 -33.94699860 366.92498779 0.014251 0.395130 0.918515
16.34300041 -19.24699974 372.31799316 0.819194 -0.531328 0.215900
34.61800003 -34.24700165 367.01199341 0.024640 0.379982 0.924666
34.31800079 -34.24700165 367.01901245 0.038511 0.407685 0.912310
34.61800003 -34.54700089 367.14001465 0.024906 0.399800 0.916264
34.31800079 -34.54700089 367.15399170 0.027703 0.410262 0.911547
16.60099983 -17.14699936 376.51800537 0.863346 -0.469435 0.185108
16.75099945 -16.84700012 376.51800537 0.849940 -0.506441 0.145327
16.52700043 -17.14699936 376.81799316 0.826579 -0.531480 0.185190
16.72400093 -16.84700012 376.81799316 0.833995 -0.532871 0.143181
16.21299934 -19.54700089 372.01800537 0.819179 -0.527164 0.225928
16.30200005 -19.54700089 371.71798706 0.816831 -0.530710 0.226128
16.42399979 -17.44700050 376.51800537 0.846065 -0.472756 0.246323
16.33900070 -17.44700050 376.81799316 0.861543 -0.455580 0.224031
15.97900009 -13.84700012 387.61801147 0.860128 -0.509555 0.023100
35.21799850 -34.24700165 367.01400757 -0.033177 0.415374 0.909045
34.91799927 -34.24700165 367.00299072 -0.003854 0.389260 0.921120
35.21799850 -34.54700089 367.14599609 -0.011628 0.388897 0.921208
34.91799927 -34.54700089 367.13699341 -0.009086 0.408890 0.912538
15.80000019 -14.14700031 387.61801147 0.889418 -0.454893 0.044810
16.01799965 -13.79100037 387.31799316 0.874052 -0.477140 0.091487
16.41300011 -19.24699974 372.01800537 0.820622 -0.534394 0.202491
16.49200058 -19.24699974 371.71798706 0.830658 -0.513637 0.214904
15.98799992 -13.84700012 387.31799316 0.872206 -0.480488 0.091589
15.83100033 -14.14700031 387.31799316 0.891596 -0.436614 0.120104
35.81800079 -34.24700165 367.01000977 0.033045 0.405794 0.913367
35.51800156 -34.24700165 367.02499390 0.006423 0.389255 0.921108
35.81800079 -34.54700089 367.14898682 -0.089803 0.517439 0.850995
35.51800156 -34.54700089 367.14498901 -0.003870 0.398582 0.917125
16.56900024 -19.24699974 371.41799927 0.818414 -0.529743 0.222645
36.41799927 -34.24700165 366.99301147 0.014908 0.513641 0.857876
16.37999916 -19.54700089 371.41799927 0.817009 -0.527748 0.232332
36.11800003 -34.24700165 367.00299072 0.025643 0.481812 0.875899
16.65600014 -19.24699974 371.11801147 0.837386 -0.495720 0.230319
36.11800003 -34.54700089 367.20800781 -0.090054 0.527460 0.844794
16.47200012 -19.54700089 371.11801147 0.826077 -0.509183 0.241516
37.01800156 -35.12799835 367.81799316 0.294199 0.813373 0.501868
36.71799850 -35.14699936 367.97601318 0.010059 0.146420 0.989171
36.71799850 -35.01300049 367.81799316 -0.018050 0.781689 0.623407
36.71799850 -34.83100128 367.51800537 0.268551 0.848620 0.455769
37.01800156 -34.96699905 367.51800537 0.390474 0.798624 0.457963
36.41799927 -34.55500031 367.21798706 0.086230 0.708844 0.700075
37.01800156 -34.84700012 367.33300781 0.305146 0.660342 0.686174
16.73399925 -19.24699974 370.81799316 0.846714 -0.491786 0.203031
16.55599976 -19.54700089 370.81799316 0.815982 -0.529077 0.232917
16.79999924 -19.24699974 370.51800537 0.843667 -0.502004 0.190312
16.64200020 -19.54700089 370.51800537 0.840854 -0.512279 0.174742
16.50000000 -19.84700012 370.21798706 0.832525 -0.527614 0.168896
16.55599976 -19.84700012 369.91799927 0.861505 -0.482854 0.157038
16.39399910 -20.14699936 369.91799927 0.860641 -0.475500 0.182201
16.86800003 -19.24699974 370.21798706 0.834698 -0.520000 0.181326
16.68099976 -19.54700089 370.21798706 0.845160 -0.519315 0.126556
16.73100090 -19.54700089 369.91799927 0.835648 -0.522839 0.168321
34.31800079 -36.12699890 370.21798706 0.514619 0.767870 -0.381500
16.93000031 -19.24699974 369.91799927 0.835626 -0.521706 0.171909
34.31800079 -36.29499817 369.91799927 0.526260 0.760878 -0.379624
34.61800003 -36.34700012 370.21798706 0.568462 0.749852 -0.338486
34.61800003 -36.49399948 369.91799927 0.532247 0.760120 -0.372735
34.91799927 -36.82400131 369.61801147 0.521476 0.776563 -0.353570
16.80100060 -19.54700089 369.61801147 0.824562 -0.525830 0.208808
16.88400078 -19.54700089 369.31799316 0.821856 -0.512306 0.249188
35.21799850 -37.07400131 369.61801147 0.496760 0.797052 -0.343419
35.21799850 -37.20700073 369.31799316 0.541661 0.778139 -0.317966
34.91799927 -36.98799896 369.31799316 0.547671 0.755688 -0.359155
16.99200058 -19.24699974 369.61801147 0.833244 -0.519836 0.188346
17.06500053 -19.24699974 369.31799316 0.821508 -0.523616 0.225723
35.81800079 -37.48699951 369.61801147 0.569505 0.758805 -0.316035
35.51800156 -37.26300049 369.61801147 0.532563 0.773905 -0.342706
35.51800156 -37.40499878 369.31799316 0.531715 0.792017 -0.299982
38.21799850 -30.34700012 365.10800171 0.099088 0.524160 0.845836
17.15699959 -19.24699974 369.01800537 0.839751 -0.473034 0.266563
16.98299980 -19.54700089 369.01800537 0.815102 -0.512750 0.269623
17.25499916 -19.24699974 368.71798706 0.848436 -0.473723 0.236100
17.08200073 -19.54700089 368.71798706 0.831525 -0.516485 0.204473
17.43600082 -19.24699974 367.81799316 0.835626 -0.521706 0.171909
17.25000000 -19.54700089 367.81799316 0.860675 -0.485321 0.153954
17.51399994 -19.24699974 367.51800537 0.814696 -0.539564 0.212463
17.29100037 -19.54700089 367.51800537 0.833469 -0.515813 0.198157
17.39299965 -19.54700089 367.21798706 0.821856 -0.512306 0.249188
17.47400093 -19.54700089 366.91799927 0.847309 -0.487845 0.209939
17.21599960 -19.84700012 367.21798706 0.814696 -0.539564 0.212463
16.99799919 -20.14699936 367.21798706 0.834070 -0.517335 0.191550
17.29899979 -19.84700012 366.91799927 0.821445 -0.531882 0.205742
17.08699989 -20.14699936 366.91799927 0.806941 -0.536406 0.247213
17.36700058 -19.84700012 366.61801147 0.842872 -0.504525 0.187139
17.18199921 -20.14699936 366.61801147 0.836761 -0.502664 0.217163
17.43199921 -19.84700012 366.31799316 0.843023 -0.509977 0.170984
17.24300003 -20.14699936 366.31799316 0.841524 -0.505514 0.190505
17.74200058 -19.24699974 366.61801147 0.835198 -0.499287 0.230557
17.54199982 -19.54700089 366.61801147 0.833327 -0.521017 0.184683
17.80999947 -19.24699974 366.31799316 0.832292 -0.505484 0.227544
17.60700035 -19.54700089 366.31799316 0.828330 -0.521316 0.205183
17.48800087 -19.84700012 366.01800537 0.834070 -0.517335 0.191550
17.31699944 -20.14699936 366.01800537 0.857540 -0.465694 0.218529
17.39599991 -20.14699936 365.71798706 0.845712 -0.497213 0.193778
17.90500069 -19.24699974 366.01800537 0.825991 -0.512206 0.235338
17.69000053 -19.54700089 366.01800537 0.803127 -0.557429 0.210379
17.98100090 -19.24699974 365.71798706 0.831369 -0.515236 0.208222
17.76399994 -19.54700089 365.71798706 0.806427 -0.551442 0.213511
17.56999969 -19.84700012 365.71798706 0.830852 -0.510707 0.221052
18.05500031 -19.24699974 365.41799927 0.842160 -0.511258 0.171413
17.85000038 -19.54700089 365.41799927 0.809795 -0.550538 0.202830
18.10199928 -19.24699974 365.11801147 0.837389 -0.517957 0.174643
17.91399956 -19.54700089 365.11801147 0.821445 -0.531882 0.205742
17.64800072 -19.84700012 365.41799927 0.818938 -0.539375 0.195998
17.71299934 -19.84700012 365.11801147 0.828481 -0.522534 0.201440
17.53700066 -20.14699936 365.11801147 0.824406 -0.513135 0.238847
17.79299927 -19.84700012 364.81799316 0.825991 -0.512206 0.235338
17.62899971 -20.14699936 364.81799316 0.824688 -0.514470 0.234967
17.88400078 -19.84700012 364.51800537 0.836029 -0.505259 0.213938
17.70700073 -20.14699936 364.51800537 0.795987 -0.561055 0.227204
17.94599915 -19.84700012 364.21798706 0.850884 -0.484719 0.202592
17.79999924 -20.14699936 364.21798706 0.844356 -0.498185 0.197167
18.02599907 -19.84700012 363.91799927 0.835045 -0.510726 0.204594
17.84700012 -20.14699936 363.91799927 0.849574 -0.506223 0.148199
18.09399986 -19.84700012 363.61801147 0.822256 -0.534542 0.195343
17.90399933 -20.14699936 363.61801147 0.825244 -0.527366 0.202132
17.99399948 -20.14699936 363.31799316 0.820197 -0.529997 0.215359
18.16799927 -19.84700012 363.31799316 0.844356 -0.498185 0.197167
18.06100082 -20.14699936 363.01800537 0.835998 -0.517808 0.181608
18.23500061 -19.84700012 363.01800537 0.823067 -0.522655 0.222243
18.33099937 -19.84700012 362.71798706 0.824052 -0.521339 0.221684
18.12400055 -20.14699936 362.71798706 0.817441 -0.540394 0.199413
18.39500046 -19.84700012 362.41799927 0.853049 -0.491060 0.176544
18.20700073 -20.14699936 362.41799927 0.819979 -0.528771 0.219172
18.45499992 -19.84700012 362.11801147 0.846769 -0.487533 0.212824
18.28499985 -20.14699936 362.11801147 0.844241 -0.480897 0.236632
18.71800041 -20.74699974 361.54000854 0.139899 0.399914 0.905813
18.54500008 -19.84700012 361.81799316 0.827708 -0.470964 0.305110
18.37599945 -20.14699936 361.81799316 0.801483 -0.475131 0.363147
18.67600060 -19.84700012 361.51800537 0.819066 -0.292859 0.493319
18.55299950 -20.14699936 361.51800537 0.702977 -0.169263 0.690778
20.81800079 -19.54700089 360.94601440 0.048478 0.360312 0.931571
20.51799965 -19.54700089 360.96200562 0.019390 0.381328 0.924236
20.81800079 -19.84700012 361.06201172 0.027063 0.362127 0.931736
20.51799965 -19.84700012 361.07101440 0.060033 0.382879 0.921846
20.81800079 -20.14699936 361.17898560 0.052600 0.422152 0.904998
20.51799965 -20.14699936 361.21200562 0.066598 0.422691 0.903824
42.84999847 -27.04700089 376.21798706 -0.855379 0.483475 -0.185952
42.92599869 -27.04700089 375.91799927 -0.827633 0.519748 -0.211862
42.73899841 -27.34700012 375.91799927 -0.840705 0.524893 -0.133051
42.70600128 -27.34700012 376.21798706 -0.837183 0.512531 -0.190884
33.11800003 -29.14699936 364.78698730 0.028407 0.482918 0.875205
33.41799927 -29.14699936 364.76501465 0.073269 0.457586 0.886141
33.11800003 -28.84700012 364.59899902 0.051940 0.551682 0.832436
33.41799927 -28.84700012 364.58401489 0.102716 0.545407 0.831854
32.51800156 -29.14699936 364.78900146 0.055779 0.439429 0.896544
32.81800079 -29.14699936 364.78399658 0.003993 0.480433 0.877023
32.51800156 -28.84700012 364.64199829 0.082791 0.392239 0.916130
32.81800079 -28.84700012 364.62100220 0.062231 0.474335 0.878142
32.51800156 -28.54700089 364.53201294 0.157035 0.377733 0.912501
31.91799927 -28.84700012 364.69299316 0.066333 0.412892 0.908361
32.21799850 -28.84700012 364.67498779 0.077313 0.394704 0.915550
31.91799927 -29.14699936 364.83999634 0.030686 0.433611 0.900577
32.21799850 -29.14699936 364.82101440 0.075644 0.433234 0.898101
31.91799927 -28.54700089 364.56799316 0.030944 0.461471 0.886616
32.21799850 -28.54700089 364.56298828 0.051398 0.512590 0.857094
33.41799927 -31.24699974 365.74099731 0.014456 0.429736 0.902839
33.11800003 -31.24699974 365.74700928 0.011872 0.439250 0.898286
33.41799927 -31.54700089 365.87701416 0.044094 0.418227 0.907272
33.11800003 -31.54700089 365.89300537 0.025039 0.412481 0.910622
31.31800079 -28.84700012 364.74200439 0.045888 0.365794 0.929564
31.61800003 -28.84700012 364.71798706 0.074431 0.393806 0.916175
31.31800079 -29.14699936 364.84399414 0.027142 0.368355 0.929289
31.61800003 -29.14699936 364.84201050 0.006449 0.398576 0.917112
35.81800079 -31.24699974 365.65100098 0.022141 0.389417 0.920795
35.51800156 -31.24699974 365.66400146 0.049537 0.413698 0.909065
30.71800041 -28.84700012 364.74398804 0.006482 0.405769 0.913953
31.01799965 -28.84700012 364.74798584 0.003861 0.397641 0.917533
30.71800041 -29.14699936 364.86199951 -0.001282 0.393609 0.919277
31.01799965 -29.14699936 364.85900879 0.027247 0.372371 0.927684
38.14899826 -27.64699936 393.31799316 -0.815521 0.449888 -0.364043
37.98400116 -27.94700050 393.31799316 -0.750398 0.537867 -0.384191
30.11800003 -28.84700012 364.76901245 0.011470 0.363222 0.931632
30.41799927 -28.84700012 364.75299072 0.037887 0.374950 0.926270
30.11800003 -29.14699936 364.87500000 0.035379 0.381302 0.923773
30.41799927 -29.14699936 364.85900879 0.019326 0.369766 0.928924
38.28300095 -27.64699936 393.01800537 -0.834210 0.438314 -0.334627
38.14500046 -27.94700050 393.01800537 -0.784319 0.553915 -0.279325
38.38800049 -27.64699936 392.71798706 -0.807321 0.526242 -0.267025
38.18099976 -27.94700050 392.71798706 -0.819952 0.557921 -0.128072
37.91799927 -28.17399979 393.01800537 -0.359197 0.850566 -0.384076
37.97999954 -28.24699974 392.71798706 -0.561875 0.782218 -0.269133
37.31800079 -27.94700050 393.11300659 0.455890 0.766353 -0.452622
37.01800156 -27.98200035 392.71798706 0.497718 0.753969 -0.428728
37.61800003 -28.17600060 393.01800537 0.209574 0.743600 -0.634932
37.31800079 -28.01199913 393.01800537 0.454211 0.762485 -0.460770
37.31800079 -28.18400002 392.71798706 0.492577 0.775444 -0.395037
37.61800003 -28.36400032 392.71798706 0.066081 0.850616 -0.521618
29.51799965 -28.84700012 364.75698853 0.038195 0.388539 0.920640
29.81800079 -28.84700012 364.76000977 -0.019224 0.362688 0.931712
29.51799965 -29.14699936 364.90399170 0.078869 0.444159 0.892470
29.81800079 -29.14699936 364.88198853 0.044152 0.421447 0.905777
38.55799866 -35.44699860 372.61801147 -0.823973 0.517093 -0.231695
38.63199997 -35.44699860 372.31799316 -0.838381 0.526014 -0.142923
29.51799965 -29.44700050 365.05599976 0.041898 0.447361 0.893371
29.81800079 -29.44700050 365.03799438 0.058847 0.455720 0.888176
28.91799927 -28.84700012 364.80999756 0.043481 0.380787 0.923640
29.21800041 -28.84700012 364.78500366 0.080544 0.405452 0.910561
28.91799927 -29.14699936 364.93798828 0.016972 0.408622 0.912546
29.21800041 -29.14699936 364.93499756 0.052540 0.424365 0.903965
28.91799927 -29.44700050 365.07800293 0.033177 0.415374 0.909045
29.21800041 -29.44700050 365.06698608 0.033089 0.408984 0.911941
28.61800003 -28.84700012 364.81399536 0.048766 0.372993 0.926552
28.31800079 -29.14699936 364.96301270 0.057418 0.393914 0.917352
28.61800003 -29.14699936 364.94601440 0.038571 0.416299 0.908409
28.31800079 -28.84700012 364.84201050 0.068310 0.379052 0.922851
38.92800140 -34.84700012 372.61801147 -0.828279 0.526538 -0.191605
38.72600174 -35.14699936 372.61801147 -0.830658 0.513637 -0.214904
38.97900009 -34.84700012 372.31799316 -0.848945 0.520781 -0.089888
38.80599976 -35.14699936 372.31799316 -0.854246 0.495492 -0.157322
38.66099930 -35.44699860 372.01800537 -0.852333 0.521865 -0.034424
38.65599823 -35.44699860 371.71798706 -0.857323 0.497566 0.132007
25.91799927 -29.74699974 365.33200073 0.030724 0.436821 0.899023
26.21800041 -29.74699974 365.31500244 0.044377 0.434358 0.899646
25.91799927 -29.44700050 365.17898560 0.055433 0.428590 0.901797
26.21800041 -29.44700050 365.16299438 0.019805 0.431745 0.901778
25.31800079 -29.74699974 365.34399414 0.025172 0.430569 0.902207
25.61800003 -29.74699974 365.33599854 0.017144 0.428590 0.903336
25.31800079 -29.44700050 365.20098877 0.027780 0.421998 0.906171
25.61800003 -29.44700050 365.19900513 0.033393 0.436784 0.898947
24.71800041 -29.74699974 365.35699463 0.022327 0.413700 0.910140
25.01799965 -29.74699974 365.35299683 0.019680 0.415896 0.909199
24.71800041 -29.44700050 365.22698975 0.035867 0.413136 0.909963
25.01799965 -29.44700050 365.21701050 0.038664 0.417307 0.907943
23.21800041 -30.04700089 365.50601196 -0.032682 0.380415 0.924238
38.99200058 -34.84700012 372.01800537 -0.832985 0.544255 -0.099612
38.83599854 -35.14699936 372.01800537 -0.874314 0.482047 -0.056630
39.05099869 -34.84700012 371.71798706 -0.795152 0.594520 -0.119494
38.84500122 -35.14699936 371.71798706 -0.828565 0.550931 0.099775
37.61800003 -37.24700165 368.26800537 -0.001308 0.438294 0.898831
37.31800079 -37.24700165 368.25399780 -0.009110 0.415158 0.909704
37.61800003 -37.54700089 368.41000366 -0.033183 0.420762 0.906564
37.31800079 -37.54700089 368.39401245 -0.003929 0.436174 0.899854
35.51800156 -28.68600082 388.81799316 0.560685 0.754582 -0.340936
35.81800079 -28.87199974 388.81799316 0.491147 0.790666 -0.365542
35.64699936 -28.84700012 388.51800537 0.541393 0.800388 -0.257435
35.81800079 -28.98900032 388.51800537 0.586957 0.747767 -0.310364
36.41799927 -29.23399925 388.81799316 0.541998 0.762033 -0.354321
36.41799927 -29.40399933 388.51800537 0.501801 0.771377 -0.391373
36.11800003 -29.21999931 388.51800537 0.528594 0.762801 -0.372455
36.11800003 -29.03800011 388.81799316 0.469431 0.778054 -0.417453
37.01800156 -29.71400070 388.81799316 0.568429 0.763777 -0.305831
36.71799850 -29.46199989 388.81799316 0.605409 0.737090 -0.300296
36.71799850 -29.61100006 388.51800537 0.520782 0.747495 -0.412355
37.01800156 -29.40999985 389.41799927 0.537654 0.766925 -0.350363
36.71799850 -29.22500038 389.41799927 0.476509 0.789875 -0.386053
36.71799850 -29.36700058 389.11801147 0.577386 0.759718 -0.299089
37.01800156 -29.58200073 389.11801147 0.478340 0.783180 -0.397265
37.61800003 -29.84000015 389.41799927 0.129488 0.949135 -0.287010
37.61800003 -29.88899994 389.11801147 0.008597 0.956668 -0.291053
19.01799965 -19.84700012 361.19601440 0.260265 0.168565 0.950709
18.71800041 -20.14699936 361.37701416 0.489455 -0.095054 0.866832
19.01799965 -20.14699936 361.26998901 0.194226 0.306011 0.932005
38.53200150 -28.84700012 389.11801147 -0.837889 0.530809 -0.127219
38.84899902 -28.24699974 389.41799927 -0.821989 0.538441 -0.185513
38.64500046 -28.54700089 389.41799927 -0.847822 0.493687 -0.193574
38.91299820 -28.24699974 389.11801147 -0.831192 0.502403 -0.238142
38.73500061 -28.54700089 389.11801147 -0.817202 0.519473 -0.249657
38.70899963 -28.24699974 390.01800537 -0.846268 0.498774 -0.187228
38.53599930 -28.54700089 390.01800537 -0.840058 0.505241 -0.197572
38.77799988 -28.24699974 389.71798706 -0.840942 0.503963 -0.197072
38.59899902 -28.54700089 389.71798706 -0.841169 0.518893 -0.152268
39.03900146 -27.94700050 389.41799927 -0.837183 0.512531 -0.190884
39.09600067 -27.94700050 389.11801147 -0.813664 0.540911 -0.212993
39.21500015 -27.64699936 389.41799927 -0.828330 0.521316 -0.205183
39.31200027 -27.64699936 389.11801147 -0.808808 0.539721 -0.233518
39.11100006 -27.64699936 390.01800537 -0.825711 0.533930 -0.181987
38.88899994 -27.94700050 390.01800537 -0.812195 0.547051 -0.202668
38.95999908 -27.94700050 389.71798706 -0.823759 0.528363 -0.205559
43.91799927 -27.42399979 371.41799927 -0.694823 0.682275 -0.227425
43.91799927 -27.78000069 370.51800537 -0.614860 0.736235 -0.282676
43.91799927 -27.67399979 370.81799316 -0.697496 0.672190 -0.248315
39.16299820 -27.64699936 389.71798706 -0.825952 0.545217 -0.143323
43.72600174 -27.94700050 370.51800537 -0.726630 0.627617 -0.279473
43.65299988 -27.94700050 370.81799316 -0.763086 0.622958 -0.172113
40.19900131 -25.84700012 390.01800537 -0.815712 0.498229 -0.293908
40.02099991 -26.14699936 390.01800537 -0.809329 0.513885 -0.284444
40.30699921 -25.84700012 389.71798706 -0.833080 0.507158 -0.220835
40.10300064 -26.14699936 389.71798706 -0.812590 0.552319 -0.186124
40.02299881 -25.84700012 390.61801147 -0.829217 0.538472 -0.149823
18.62999916 -19.54700089 362.11801147 0.813685 -0.536817 0.223033
39.83900070 -26.14699936 390.61801147 -0.835548 0.526855 -0.155830
40.09000015 -25.84700012 390.31799316 -0.795095 0.559511 -0.234034
18.55200005 -19.54700089 362.41799927 0.850967 -0.493293 0.180327
39.89199829 -26.14699936 390.31799316 -0.825795 0.504738 -0.251597
40.22800064 -25.54700089 390.61801147 -0.822802 0.514058 -0.242364
40.31399918 -25.54700089 390.31799316 -0.813130 0.540555 -0.215916
43.59099960 -27.94700050 371.11801147 -0.778784 0.590642 -0.211274
43.83200073 -27.64699936 371.11801147 -0.739648 0.615578 -0.272000
43.49100113 -27.94700050 371.41799927 -0.803878 0.539547 -0.250337
43.71200180 -27.64699936 371.41799927 -0.752874 0.611415 -0.243623
40.56000137 -25.24699974 390.01800537 -0.852529 0.488226 -0.186631
40.38700104 -25.54700089 390.01800537 -0.837310 0.502994 -0.214266
40.61899948 -25.24699974 389.71798706 -0.829594 0.524352 -0.191910
40.46699905 -25.54700089 389.71798706 -0.870994 0.453982 -0.187803
40.39599991 -25.24699974 390.61801147 -0.830852 0.510707 -0.221052
40.48699951 -25.24699974 390.31799316 -0.829104 0.510336 -0.228349
18.50200081 -19.54700089 362.71798706 0.870767 -0.465284 0.158984
18.65200043 -19.24699974 362.71798706 0.837183 -0.512531 0.190884
18.44300079 -19.54700089 363.01800537 0.829895 -0.516210 0.211661
18.60799980 -19.24699974 363.01800537 0.846815 -0.506907 0.161087
40.79100037 -24.64699936 390.61801147 -0.839081 0.513021 -0.180978
40.59799957 -24.94700050 390.61801147 -0.814476 0.538382 -0.216273
40.84899902 -24.64699936 390.31799316 -0.862189 0.488332 -0.134762
40.68299866 -24.94700050 390.31799316 -0.841191 0.508313 -0.184432
43.26900101 -28.54700089 370.81799316 -0.829908 0.504694 -0.237774
41.14599991 -24.04700089 390.61801147 -0.837246 0.507192 -0.204391
40.96400070 -24.34700012 390.61801147 -0.845003 0.501019 -0.186948
41.21300125 -24.04700089 390.31799316 -0.826321 0.521967 -0.211526
41.02199936 -24.34700012 390.31799316 -0.841245 0.509528 -0.180800
41.48799896 -23.44700050 390.61801147 -0.847326 0.493399 -0.196460
41.32600021 -23.74699974 390.61801147 -0.851488 0.486351 -0.196037
41.40000153 -23.74699974 390.31799316 -0.838038 0.500389 -0.217494
42.94499969 -29.14699936 370.51800537 -0.816879 0.548109 -0.179683
43.16799927 -28.84700012 370.51800537 -0.812659 0.556347 -0.173387
42.88800049 -29.14699936 370.81799316 -0.811331 0.568080 -0.137941
43.08700180 -28.84700012 370.81799316 -0.820079 0.521588 -0.235407
41.57199860 -23.44700050 390.31799316 -0.833778 0.491636 -0.251212
41.84400177 -22.84700012 390.61801147 -0.846769 0.487533 -0.212824
41.67599869 -23.14699936 390.61801147 -0.828937 0.494264 -0.261851
41.92300034 -22.84700012 390.31799316 -0.835877 0.496636 -0.233801
41.75400162 -23.14699936 390.31799316 -0.837804 0.491655 -0.237403
41.72499847 -22.84700012 391.21798706 -0.790988 0.598786 -0.125671
41.77299881 -22.84700012 390.91799927 -0.805016 0.571157 -0.160404
41.56399918 -23.14699936 390.91799927 -0.841199 0.479591 -0.249755
18.34900093 -19.54700089 363.31799316 0.832825 -0.514258 0.204793
18.53899956 -19.24699974 363.31799316 0.833601 -0.511700 0.208021
18.29500008 -19.54700089 363.61801147 0.839840 -0.509313 0.187800
18.45800018 -19.24699974 363.61801147 0.836724 -0.506876 0.207290
42.02099991 -22.54700089 390.61801147 -0.831460 0.535039 -0.149692
42.11100006 -22.54700089 390.31799316 -0.826077 0.509183 -0.241516
42.41799927 -21.96500015 390.61801147 -0.813546 0.571089 -0.109544
42.22100067 -22.24699974 390.61801147 -0.822366 0.556521 -0.118316
42.29299927 -22.24699974 390.31799316 -0.832741 0.501485 -0.234640
41.99100113 -22.54700089 390.91799927 -0.810373 0.579251 -0.088115
42.20199966 -22.24699974 390.91799927 -0.816863 0.574202 -0.055022
42.11800003 -22.36199951 390.91799927 -0.822746 0.564128 -0.069628
42.76599884 -29.44700050 370.51800537 -0.816831 0.530710 -0.226128
42.87400055 -29.44700050 369.91799927 -0.811217 0.562304 -0.160444
42.83399963 -29.44700050 370.21798706 -0.827892 0.540573 -0.149583
18.21500015 -19.54700089 363.91799927 0.835112 -0.506543 0.214482
18.39100075 -19.24699974 363.91799927 0.854038 -0.483107 0.192944
18.13999939 -19.54700089 364.21798706 0.830733 -0.519019 0.201252
18.32200050 -19.24699974 364.21798706 0.830587 -0.517788 0.204989
15.79399967 -16.54700089 381.31799316 0.831235 -0.519333 0.198346
42.55400085 -29.74699974 370.51800537 -0.810737 0.544067 -0.216094
15.98400021 -16.24699974 381.31799316 0.843007 -0.508788 0.174570
42.46900177 -29.74699974 370.81799316 -0.847115 0.497512 -0.186754
42.66699982 -29.44700050 370.81799316 -0.806892 0.565579 -0.170428
15.72900009 -16.54700089 381.61801147 0.851398 -0.485012 0.199711
15.90299988 -16.24699974 381.61801147 0.840382 -0.498172 0.213502
18.24200058 -19.24699974 364.51800537 0.846714 -0.491786 0.203031
18.17900085 -19.24699974 364.81799316 0.848579 -0.491124 0.196750
18.06999969 -19.54700089 364.51800537 0.842216 -0.501714 0.197371
18.00000000 -19.54700089 364.81799316 0.820734 -0.530344 0.212443
34.52899933 -26.14699936 392.71798706 0.579281 0.659876 -0.478536
42.16299820 -30.64699936 369.91799927 -0.841684 0.516252 -0.158278
41.98600006 -30.94700050 369.91799927 -0.840922 0.498492 -0.210609
41.90700150 -30.94700050 370.21798706 -0.815719 0.545331 -0.192917
42.11600113 -30.64699936 370.21798706 -0.839271 0.507782 -0.194373
17.64500046 -19.24699974 366.91799927 0.830067 -0.517464 0.207896
17.59099960 -19.24699974 367.21798706 0.847585 -0.497788 0.183868
41.36500168 -32.14699936 369.31799316 -0.822857 0.511005 -0.248555
41.27600098 -32.14699936 369.61801147 -0.829280 0.520006 -0.204667
41.47800064 -31.84700012 369.61801147 -0.815422 0.549162 -0.183054
41.03400040 -32.44699860 369.91799927 -0.848374 0.495259 -0.187031
40.97000122 -32.44699860 370.21798706 -0.855076 0.486278 -0.179938
41.00699997 -32.74700165 369.31799316 -0.837386 0.495720 -0.230319
41.18799973 -32.44699860 369.31799316 -0.829301 0.495728 -0.257902
40.92599869 -32.74700165 369.61801147 -0.852727 0.484061 -0.196322
41.10300064 -32.44699860 369.61801147 -0.843240 0.492016 -0.216487
40.65700150 -33.34700012 369.31799316 -0.833071 0.511375 -0.210923
40.83300018 -33.04700089 369.31799316 -0.847896 0.494980 -0.189917
40.57699966 -33.34700012 369.61801147 -0.841590 0.500119 -0.203976
40.76300049 -33.04700089 369.61801147 -0.849715 0.495543 -0.180062
17.49300003 -18.94700050 368.41799927 0.860084 -0.472525 0.192289
40.46500015 -33.64699936 369.31799316 -0.838649 0.521002 -0.158824
40.40599823 -33.64699936 369.61801147 -0.837660 0.512823 -0.187985
40.28400040 -33.94699860 369.31799316 -0.848939 0.502252 -0.164454
40.20999908 -33.94699860 369.61801147 -0.837986 0.510013 -0.194076
39.90700150 -34.54700089 369.31799316 -0.829380 0.533493 -0.165876
40.11000061 -34.24700165 369.31799316 -0.832479 0.523487 -0.181495
39.85400009 -34.54700089 369.61801147 -0.841524 0.505514 -0.190505
40.04000092 -34.24700165 369.61801147 -0.845472 0.501298 -0.184059
17.26700020 -18.94700050 369.31799316 0.829791 -0.520326 0.201759
17.44099998 -18.64699936 369.31799316 0.841590 -0.500119 0.203976
17.17499924 -18.94700050 369.61801147 0.827644 -0.515556 0.221827
17.36499977 -18.64699936 369.61801147 0.824800 -0.518752 0.224946
40.02600098 -34.54700089 368.71798706 -0.828847 0.527995 -0.185024
40.22200012 -34.24700165 368.71798706 -0.812861 0.548491 -0.195998
39.97399902 -34.54700089 369.01800537 -0.826192 0.539340 -0.162848
40.17100143 -34.24700165 369.01800537 -0.851389 0.500210 -0.157883
39.83900070 -34.84700012 368.71798706 -0.825143 0.507424 -0.248314
39.78099823 -34.84700012 369.01800537 -0.845976 0.508178 -0.161491
17.10600090 -18.94700050 369.91799927 0.851431 -0.496051 0.170286
17.27799988 -18.64699936 369.91799927 0.833469 -0.515813 0.198157
17.05599976 -18.94700050 370.21798706 0.851335 -0.501391 0.154387
17.22200012 -18.64699936 370.21798706 0.854061 -0.499545 0.145029
39.72499847 -34.84700012 369.31799316 -0.847852 0.509887 -0.145472
39.65800095 -35.14699936 368.71798706 -0.822857 0.511005 -0.248555
39.61399841 -35.14699936 369.01800537 -0.842969 0.514077 -0.158520
16.99799919 -18.94700050 370.51800537 0.829119 -0.518770 0.208421
17.17600060 -18.64699936 370.51800537 0.854340 -0.475968 0.208705
17.07600021 -18.64699936 370.81799316 0.840217 -0.489491 0.233309
39.32400131 -35.74700165 368.71798706 -0.859588 0.472252 -0.195158
39.47000122 -35.44699860 368.71798706 -0.854872 0.476264 -0.205830
39.22800064 -35.74700165 369.01800537 -0.840916 0.494209 -0.220493
39.41500092 -35.44699860 369.01800537 -0.827037 0.531774 -0.182280
16.90500069 -18.94700050 370.81799316 0.842745 -0.481787 0.240129
39.14199829 -36.04700089 368.71798706 -0.831067 0.539826 -0.133853
17.01000023 -18.64699936 371.11801147 0.843867 -0.507511 0.174131
16.95299911 -18.64699936 371.41799927 0.838148 -0.505909 0.203874
38.93600082 -36.34700012 368.71798706 -0.809034 0.583589 -0.069917
38.90100098 -36.34700012 369.01800537 -0.841169 0.518893 -0.152268
39.06399918 -36.04700089 369.01800537 -0.858899 0.469172 -0.205356
38.52700043 -36.94699860 368.71798706 -0.830559 0.556017 -0.031891
38.70999908 -36.64699936 368.71798706 -0.824956 0.564297 -0.031889
38.69400024 -36.64699936 369.01800537 -0.817077 0.559053 -0.140875
38.51800156 -36.81499863 368.11801147 -0.351373 0.674964 0.648815
38.81800079 -36.54000092 368.11801147 -0.655707 0.724237 0.213377
38.71699905 -36.64699936 368.41799927 -0.809822 0.585262 -0.040702
30.41799927 -28.24699974 364.51098633 0.049985 0.436358 0.898384
38.49300003 -36.94699860 369.01800537 -0.814389 0.561289 -0.147394
30.11800003 -28.24699974 364.50601196 0.003929 0.436174 0.899854
38.51699829 -36.94699860 368.41799927 -0.795311 0.589395 0.141753
16.52400017 -18.94700050 372.31799316 0.840922 -0.498492 0.210609
16.69899940 -18.64699936 372.31799316 0.829104 -0.510336 0.228349
16.45400047 -18.94700050 372.61801147 0.842799 -0.503276 0.190794
16.61100006 -18.64699936 372.61801147 0.832168 -0.518028 0.197848
37.91799927 -37.54700089 368.41598511 -0.413139 0.628834 0.658699
37.91799927 -37.24700165 368.25500488 -0.217706 0.460937 0.860315
38.25500107 -37.24700165 368.41799927 -0.000978 0.999999 -0.000978
38.10100174 -37.54700089 368.71798706 -0.767177 0.606641 0.208388
38.30899811 -37.24700165 368.71798706 -0.812862 0.581412 0.034857
38.07500076 -37.54700089 369.01800537 -0.816584 0.563516 -0.125062
38.27999878 -37.24700165 369.01800537 -0.814787 0.569913 -0.106403
16.38800049 -18.94700050 372.91799927 0.828162 -0.525360 0.195307
16.55699921 -18.64699936 372.91799927 0.849783 -0.499785 0.167584
16.49300003 -18.64699936 373.21798706 0.829119 -0.518770 0.208421
16.31200027 -18.94700050 373.21798706 0.837476 -0.504303 0.210505
16.40600014 -18.64699936 373.51800537 0.838038 -0.500389 0.217494
16.33799934 -18.64699936 373.81799316 0.834524 -0.510408 0.207495
16.23699951 -18.94700050 373.51800537 0.840209 -0.496833 0.217269
16.15699959 -18.94700050 373.81799316 0.812710 -0.530971 0.239943
16.06100082 -18.94700050 374.11801147 0.807458 -0.541907 0.233128
16.25699997 -18.64699936 374.11801147 0.819176 -0.519892 0.242205
15.98499966 -18.94700050 374.41799927 0.850780 -0.479036 0.216095
16.16200066 -18.64699936 374.41799927 0.839134 -0.517193 0.168423
15.53600025 -18.34700012 377.71798706 0.846529 -0.481777 0.226450
15.71700001 -18.04700089 377.71798706 0.814464 -0.534252 0.226326
15.45400047 -18.34700012 378.01800537 0.880363 -0.429122 0.202026
15.62199974 -18.04700089 378.01800537 0.800161 -0.556567 0.223552
15.39900017 -18.34700012 378.31799316 0.923565 -0.360315 0.131149
15.54899979 -18.04700089 378.31799316 0.870049 -0.460787 0.175187
15.36999989 -18.34700012 378.61801147 0.929708 -0.354881 0.098503
15.50100040 -18.04700089 378.61801147 0.847184 -0.513578 0.136076
15.33500004 -18.34700012 378.91799927 0.950049 -0.309936 0.036686
15.45400047 -18.04700089 378.91799927 0.864145 -0.484905 0.134615
15.34700012 -18.34700012 379.21798706 0.979079 -0.199155 -0.041739
15.40900040 -18.04700089 379.21798706 0.923927 -0.373617 0.082277
15.66899967 -17.74699974 378.91799927 0.829927 -0.521539 0.198034
15.58699989 -17.74699974 379.21798706 0.862767 -0.466401 0.195203
15.36100006 -18.34700012 379.51800537 0.989579 -0.136139 -0.046905
15.40200043 -18.04700089 379.51800537 0.960150 -0.278036 0.028421
15.39200020 -18.04700089 379.81799316 0.974563 -0.221764 0.032366
15.53299999 -17.74699974 379.51800537 0.887804 -0.419769 0.188677
15.68500042 -17.44700050 379.51800537 0.871705 -0.452815 0.187321
15.46000004 -17.74699974 379.81799316 0.925815 -0.330146 0.184039
15.60400009 -17.44700050 379.81799316 0.849635 -0.468291 0.242535
19.25900078 -9.34700012 385.21798706 0.807376 -0.554022 0.202989
19.48200035 -9.04699993 385.21798706 0.824831 -0.536366 0.178789
15.47399998 -18.04700089 380.41799927 0.788046 0.170920 -0.591413
19.54199982 -9.04699993 384.91799927 0.819179 -0.527164 0.225928
19.36300087 -9.34700012 384.91799927 0.790405 -0.515759 0.330533
15.41499996 -17.74699974 380.11801147 0.958043 -0.275742 0.078234
15.51500034 -17.44700050 380.11801147 0.859588 -0.472252 0.195158
15.41100025 -17.74699974 380.41799927 0.996627 0.007430 -0.081726
15.47000027 -17.44700050 380.41799927 0.902845 -0.411405 0.124966
19.25699997 -9.64700031 384.61801147 0.821394 -0.519343 0.235785
19.05599976 -9.94699955 384.61801147 0.808647 -0.523978 0.267464
19.16699982 -9.94699955 384.31799316 0.820936 -0.523251 0.228634
15.71800041 -18.07900047 380.71798706 0.541812 0.756584 -0.366089
15.71800041 -17.93000031 381.01800537 0.731555 0.626821 -0.268184
15.46399975 -17.74699974 380.71798706 0.894926 0.394002 -0.209451
15.43500042 -17.44700050 380.71798706 0.964796 -0.249757 0.082407
15.54599953 -17.74699974 381.01800537 0.826108 0.485670 -0.285780
15.42099953 -17.44700050 381.01800537 0.998690 0.048742 -0.015556
15.71800041 -17.69099998 381.61801147 0.562646 0.702062 -0.436507
15.71800041 -17.45899963 381.91799927 0.650926 0.670601 -0.355796
16.12500000 -17.74699974 382.21798706 0.613551 0.695796 -0.373394
15.71800041 -17.38199997 382.21798706 0.635761 0.738858 -0.223376
19.31599998 -10.24699974 382.81799316 0.851939 -0.466213 0.238422
19.15399933 -10.54699993 382.81799316 0.839651 -0.496503 0.220162
19.23500061 -10.54699993 382.51800537 0.853914 -0.492813 0.167231
19.38899994 -10.24699974 382.51800537 0.864565 -0.468491 0.181780
19.27199936 -10.54699993 382.21798706 0.864521 -0.479641 0.150161
16.01799965 -17.46899986 382.51800537 0.515092 0.804930 -0.294563
15.71800041 -17.27700043 382.51800537 0.515340 0.809821 -0.280383
15.71800041 -17.17399979 382.81799316 0.530251 0.775231 -0.343294
16.01799965 -17.35899925 382.81799316 0.528708 0.797007 -0.291973
16.34700012 -17.74699974 382.51800537 0.595037 0.700528 -0.393944
16.31800079 -17.57099915 382.81799316 0.564265 0.751814 -0.341146
16.01799965 -17.25000000 383.11801147 0.560185 0.765640 -0.316208
19.13800049 -11.44699955 380.41799927 0.819930 -0.532878 0.209181
18.94700050 -11.74699974 380.41799927 0.848663 -0.492434 0.193082
19.22400093 -11.44699955 380.11801147 0.815884 -0.521732 0.249255
19.03400040 -11.74699974 380.11801147 0.832292 -0.505484 0.227544
19.11000061 -11.74699974 379.81799316 0.815274 -0.535839 0.219556
19.19499969 -11.74699974 379.51800537 0.809597 -0.549424 0.206608
16.31800079 -17.45199966 383.11801147 0.543171 0.751957 -0.373532
16.61800003 -17.66799927 383.11801147 0.515904 0.766533 -0.382453
16.50099945 -17.44700050 383.41799927 0.691833 0.616241 -0.376318
16.31800079 -17.25699997 383.41799927 0.532430 0.768706 -0.354414
16.31800079 -17.05800056 384.01800537 0.551220 0.766565 -0.329446
16.31800079 -17.17799950 383.71798706 0.528458 0.804448 -0.271286
16.61800003 -17.42399979 383.71798706 0.546897 0.766301 -0.337173
16.61800003 -17.26799965 384.01800537 0.524519 0.756549 -0.390530
19.39800072 -12.04699993 378.01800537 0.828279 -0.526538 0.191605
19.45199966 -12.04699993 377.71798706 0.837822 -0.518225 0.171746
16.31800079 -16.92000008 384.31799316 0.523104 0.777413 -0.349273
16.61800003 -17.11300087 384.31799316 0.532913 0.757813 -0.376462
16.61800003 -16.96899986 384.61801147 0.516302 0.791237 -0.327684
16.31800079 -16.78899956 384.61801147 0.484853 0.798488 -0.356839
16.91799927 -17.05299950 384.91799927 0.536570 0.780029 -0.321942
16.91799927 -16.93199921 385.21798706 0.456760 0.823433 -0.336643
17.21800041 -17.10000038 385.21798706 0.469506 0.781426 -0.411020
19.13999939 -12.64700031 377.41799927 0.800658 -0.534294 0.271064
16.61800003 -16.86499977 384.91799927 0.536980 0.799991 -0.267707
16.31800079 -16.65099907 384.91799927 0.563983 0.760011 -0.322965
16.61800003 -16.76700020 385.21798706 0.514954 0.776466 -0.363212
18.95999908 -12.94699955 377.41799927 0.831841 -0.520844 0.191731
19.25300026 -12.64700031 377.11801147 0.795689 -0.541445 0.271507
19.03800011 -12.94699955 377.11801147 0.804501 -0.539965 0.247419
17.21800041 -16.96100044 385.51800537 0.505891 0.804034 -0.312416
16.91799927 -16.80699921 385.51800537 0.498744 0.793821 -0.347998
17.21800041 -16.86800003 385.81799316 0.560481 0.793368 -0.237545
16.91799927 -16.66900063 385.81799316 0.539630 0.776619 -0.325059
19.34399986 -12.64700031 376.81799316 0.840012 -0.515901 0.168002
19.37299919 -12.64700031 376.51800537 0.859645 -0.494332 0.129019
16.91799927 -16.55599976 386.11801147 0.589643 0.747095 -0.306871
17.21800041 -16.78199959 386.11801147 0.522782 0.792912 -0.313033
17.21800041 -16.63199997 386.41799927 0.498743 0.774920 -0.388272
17.51799965 -16.95000076 386.11801147 0.502889 0.781015 -0.370295
17.81800079 -17.00600052 386.41799927 0.556948 0.760355 -0.334169
17.51799965 -16.80800056 386.41799927 0.494163 0.790339 -0.362171
16.91799927 -16.42200089 386.41799927 0.551087 0.744049 -0.377748
19.14399910 -12.94699955 376.81799316 0.799933 -0.548304 0.243863
19.22100067 -12.94699955 376.51800537 0.849357 -0.499535 0.170464
17.81800079 -16.90600014 386.71798706 0.562334 0.772611 -0.294707
17.51799965 -16.67499924 386.71798706 0.552967 0.781125 -0.289951
17.51799965 -16.58399963 387.01800537 0.526406 0.790405 -0.313299
17.81800079 -16.77799988 387.01800537 0.543411 0.757531 -0.361733
18.07600021 -16.84700012 387.31799316 0.576876 0.721506 -0.382940
17.81800079 -16.62000084 387.31799316 0.550642 0.752057 -0.362222
17.51799965 -16.43899918 387.31799316 0.501420 0.751308 -0.429084
17.81800079 -16.49099922 387.61801147 0.534024 0.769576 -0.350101
17.51799965 -16.24200058 387.61801147 0.610724 0.714954 -0.340377
19.10499954 -13.24699974 376.21798706 0.842216 -0.501714 0.197371
18.90900040 -13.54699993 376.21798706 0.818077 -0.541843 0.192757
19.16200066 -13.24699974 375.91799927 0.840368 -0.510812 0.181256
18.97800064 -13.54699993 375.91799927 0.842695 -0.519147 0.142655
17.81800079 -16.34700012 387.91799927 0.491147 0.790666 -0.365542
17.51799965 -16.15600014 387.91799927 0.559921 0.770490 -0.304686
17.51799965 -16.00399971 388.21798706 0.555716 0.753376 -0.351575
17.81800079 -16.21500015 388.21798706 0.537354 0.777960 -0.325620
18.11800003 -16.52899933 387.91799927 0.518523 0.776977 -0.356989
18.11800003 -16.41799927 388.21798706 0.524479 0.797017 -0.299476
17.81800079 -16.09700012 388.51800537 0.549418 0.773670 -0.315555
18.11800003 -16.30299950 388.51800537 0.507271 0.773061 -0.380858
18.41799927 -16.50099945 388.51800537 0.515255 0.768819 -0.378721
18.41799927 -16.31599998 388.81799316 0.464710 0.753717 -0.464710
18.30599976 -16.24699974 388.81799316 0.473263 0.764753 -0.437236
38.56999969 -35.44699860 371.41799927 -0.838160 0.441712 0.319968
17.35099983 -15.04699993 378.61801147 0.841437 -0.504260 0.194178
17.19300079 -15.34700012 378.61801147 0.856201 -0.475334 0.202429
17.42399979 -15.04699993 378.31799316 0.829357 -0.515875 0.214568
17.26099968 -15.34700012 378.31799316 0.857591 -0.475777 0.195382
36.42499924 -35.44699860 375.01800537 0.521272 0.768105 -0.371873
36.11800003 -35.28699875 375.01800537 0.427054 0.820768 -0.379427
36.11800003 -35.42599869 374.71798706 0.533362 0.788102 -0.307280
36.41799927 -35.63600159 374.71798706 0.551052 0.740731 -0.384265
36.71799850 -35.69100189 375.01800537 0.585469 0.737918 -0.335712
19.22299957 -14.44699955 372.61801147 0.801391 -0.562353 0.203795
37.01800156 -35.91299820 375.01800537 0.475208 0.812144 -0.338526
36.71799850 -35.86899948 374.71798706 0.526260 0.760878 -0.379624
37.01800156 -36.04899979 374.71798706 0.389495 0.843124 -0.370724
19.02400017 -14.74699974 372.61801147 0.813436 -0.528346 0.243256
19.29899979 -14.44699955 372.31799316 0.816844 -0.534857 0.216088
19.11700058 -14.74699974 372.31799316 0.830059 -0.509042 0.227769
39.08200073 -34.84700012 371.41799927 -0.623917 0.778821 -0.064543
38.76499939 -35.14699936 371.41799927 -0.801315 0.580468 0.144744
38.81800079 -35.03400040 371.11801147 -0.577934 0.807343 0.119116
39.11800003 -34.84299850 371.11801147 -0.546413 0.836911 -0.031816
39.56600189 -34.24700165 371.41799927 -0.839356 0.487713 -0.240035
39.39300156 -34.54700089 371.41799927 -0.827079 0.515204 -0.224733
39.65499878 -34.24700165 371.11801147 -0.822105 0.516708 -0.239074
39.45299911 -34.54700089 371.11801147 -0.807343 0.577934 -0.119116
39.41899872 -34.24700165 372.01800537 -0.829119 0.518770 -0.208421
39.22700119 -34.54700089 372.01800537 -0.802957 0.574827 -0.157590
39.48400116 -34.24700165 371.71798706 -0.835045 0.510726 -0.204594
39.29100037 -34.54700089 371.71798706 -0.789232 0.573004 -0.220861
40.87500000 -29.74699974 377.41799927 -0.855849 0.483741 -0.183077
41.03300095 -29.44700050 377.41799927 -0.824034 0.525493 -0.211720
41.13700104 -29.44700050 377.11801147 -0.831192 0.502403 -0.238142
40.95299911 -29.74699974 377.11801147 -0.832768 0.519539 -0.191251
42.16299820 -27.64699936 377.41799927 -0.836701 0.498363 -0.227083
42.26399994 -27.64699936 377.11801147 -0.796543 0.561447 -0.224269
19.27599907 -16.24699974 367.81799316 0.847228 -0.492084 0.200144
19.10000038 -16.54700089 367.81799316 0.854844 -0.481875 0.192452
19.17099953 -16.54700089 367.51800537 0.843240 -0.492016 0.216487
39.60300064 -33.94699860 372.01800537 -0.822942 0.530882 -0.202313
39.65800095 -33.94699860 371.71798706 -0.830421 0.521849 -0.195126
39.94100189 -33.64699936 371.41799927 -0.813130 0.540555 -0.215916
15.67300034 -14.44699955 387.61801147 0.931185 -0.346646 0.112830
15.57699966 -14.74699974 387.61801147 0.981552 0.068313 -0.178573
15.69400024 -14.44699955 387.31799316 0.908734 -0.410088 0.077658
15.56099987 -14.74699974 387.31799316 0.998880 -0.009278 -0.046388
15.68900013 -15.04699993 387.31799316 0.874523 0.426050 -0.231711
15.71800041 -15.22599983 387.01800537 0.641228 0.702605 -0.308500
15.72799969 -15.34700012 386.71798706 0.796809 0.521173 -0.305734
16.61800003 -15.63599968 387.61801147 0.552271 0.723722 -0.413791
16.31800079 -15.39200020 387.61801147 0.534803 0.747416 -0.394151
16.31800079 -15.57499981 387.31799316 0.564460 0.725734 -0.393312
16.61800003 -15.79599953 387.31799316 0.511054 0.762499 -0.396761
17.21800041 -16.02700043 387.61801147 0.506102 0.766476 -0.395443
17.21800041 -16.22100067 387.31799316 0.550310 0.718873 -0.424713
16.91799927 -15.97799969 387.31799316 0.536561 0.755099 -0.376734
39.74300003 -33.94699860 371.41799927 -0.823702 0.515776 -0.235563
40.02000046 -33.64699936 371.11801147 -0.826712 0.526365 -0.198714
39.83000183 -33.94699860 371.11801147 -0.830510 0.505061 -0.234876
19.31800079 -17.34099960 388.21798706 0.519153 0.795399 -0.312762
19.31800079 -17.42600060 387.91799927 0.561447 0.796543 -0.224269
19.31800079 -17.19199944 388.51800537 0.518287 0.765245 -0.381810
37.91099930 -34.54700089 377.41799927 -0.858528 0.452734 -0.240751
26.81800079 -26.14699936 363.63101196 0.060803 0.417512 0.906635
26.51799965 -26.14699936 363.65200806 0.055433 0.428590 0.901797
26.81800079 -25.84700012 363.49700928 0.052540 0.424365 0.903965
26.51799965 -25.84700012 363.51699829 0.060871 0.415276 0.907656
19.61800003 -20.14699936 361.24499512 0.019829 0.434922 0.900250
19.31800079 -20.14699936 361.25299072 0.038262 0.397131 0.916964
19.61800003 -19.84700012 361.10800171 0.066422 0.416155 0.906865
19.31800079 -19.84700012 361.12799072 0.136098 0.339557 0.930687
20.21800041 -20.14699936 361.22399902 0.041427 0.418275 0.907375
19.91799927 -20.14699936 361.23999023 0.031018 0.462574 0.886038
19.91799927 -19.84700012 361.08401489 0.070429 0.459859 0.885194
38.09000015 -34.24700165 377.41799927 -0.841726 0.510995 -0.174304
38.17300034 -34.24700165 377.11801147 -0.839321 0.478952 -0.257186
38.02799988 -34.54700089 377.11801147 -0.815982 0.529077 -0.232917
15.57499981 -15.04699993 387.01800537 0.925156 0.297932 -0.235209
15.53899956 -15.04699993 386.71798706 0.972934 0.227139 -0.042513
15.80000019 -14.14700031 387.91799927 0.860313 -0.509765 -0.001338
32.21799850 -34.54700089 367.19799805 0.040924 0.389443 0.920141
31.91799927 -34.24700165 367.09500122 0.049066 0.391203 0.918995
32.21799850 -34.24700165 367.08200073 0.038142 0.385363 0.921977
31.91799927 -34.54700089 367.22399902 0.060119 0.386100 0.920496
38.46300125 -33.64699936 377.41799927 -0.811545 0.541542 -0.219378
38.27399826 -33.94699860 377.41799927 -0.825991 0.512206 -0.235338
38.36999893 -33.94699860 377.11801147 -0.820552 0.514584 -0.248793
37.31800079 -36.58200073 373.81799316 0.397047 0.830477 -0.390720
37.61800003 -36.56399918 373.51800537 -0.578507 0.740554 -0.341919
37.31800079 -36.72000122 373.51800537 -0.041217 0.910773 -0.410845
37.63499832 -36.64699936 373.21798706 -0.647967 0.729158 -0.220153
37.31800079 -36.82500076 373.21798706 -0.132940 0.910987 -0.390423
37.72200012 -36.64699936 372.91799927 -0.813160 0.523968 -0.253432
37.31800079 -36.94599915 372.91799927 0.307703 0.864935 -0.396492
37.84500122 -36.34700012 373.21798706 -0.827669 0.525047 -0.198217
37.94100189 -36.04700089 373.51800537 -0.848809 0.488253 -0.202813
38.25099945 -35.44699860 373.81799316 -0.835181 0.511982 -0.200866
38.06100082 -35.74700165 373.81799316 -0.828162 0.525360 -0.195307
38.31399918 -35.44699860 373.51800537 -0.839023 0.511819 -0.184615
38.12099838 -35.74700165 373.51800537 -0.835998 0.517808 -0.181608
39.95100021 -32.44699860 374.41799927 -0.811715 0.558713 -0.170174
39.74000168 -32.74700165 374.41799927 -0.829395 0.534565 -0.162305
39.99800110 -32.44699860 374.11801147 -0.800499 0.573514 -0.174021
39.79800034 -32.74700165 374.11801147 -0.846529 0.481777 -0.226450
40.15299988 -32.14699936 374.41799927 -0.806229 0.527571 -0.267699
40.22700119 -32.14699936 374.11801147 -0.815388 0.558995 -0.150556
41.64500046 -29.44700050 375.01800537 -0.834366 0.504891 -0.221176
41.72600174 -29.44700050 374.71798706 -0.819179 0.527164 -0.225928
41.55099869 -29.74699974 374.71798706 -0.835045 0.510726 -0.204594
43.53099823 -26.44700050 375.01800537 -0.824800 0.518752 -0.224946
43.35699844 -26.74699974 375.01800537 -0.832867 0.505833 -0.224645
43.61600113 -26.44700050 374.71798706 -0.786888 0.564745 -0.248738
43.43299866 -26.74699974 374.71798706 -0.838906 0.503343 -0.207081
43.91799927 -25.95100021 375.01800537 -0.698024 0.653094 -0.293651
38.54999924 -33.64699936 377.11801147 -0.827409 0.503841 -0.248069
18.25200081 -15.94699955 372.91799927 0.832144 -0.508448 0.221396
18.41699982 -15.64700031 372.91799927 0.864022 -0.465471 0.191840
18.15399933 -15.94699955 373.21798706 0.802852 -0.537833 0.257224
18.36100006 -15.64700031 373.21798706 0.830634 -0.509394 0.224868
38.82600021 -33.04700089 377.41799927 -0.852238 0.492305 -0.176992
31.61800003 -27.94700050 364.20001221 0.180992 0.582520 0.792409
31.31800079 -27.94700050 364.27899170 0.151136 0.500362 0.852523
38.67399979 -33.34700012 377.41799927 -0.837246 0.507192 -0.204391
38.90100098 -33.04700089 377.11801147 -0.847443 0.489199 -0.206216
38.73400116 -33.34700012 377.11801147 -0.848910 0.498047 -0.176918
30.11800003 -27.64699936 364.19500732 0.034125 0.492760 0.869496
30.41799927 -27.64699936 364.19299316 0.071065 0.486307 0.870893
30.11800003 -27.94700050 364.35101318 0.050532 0.460247 0.886352
30.41799927 -27.94700050 364.32699585 0.036622 0.467948 0.882997
29.81800079 -27.64699936 364.21701050 0.073274 0.452084 0.888961
29.51799965 -27.94700050 364.36801147 0.014399 0.414943 0.909733
29.81800079 -27.94700050 364.36199951 0.025296 0.443339 0.895997
29.51799965 -27.64699936 364.24499512 0.049537 0.413698 0.909065
28.91799927 -27.94700050 364.39300537 0.055643 0.438359 0.897076
29.21800041 -27.94700050 364.37200928 0.038721 0.425928 0.903928
28.91799927 -27.64699936 364.26199341 0.025006 0.409306 0.912055
29.21800041 -27.64699936 364.24899292 0.025108 0.424199 0.905221
28.31800079 -27.94700050 364.43200684 0.064922 0.465504 0.882662
28.61800003 -27.94700050 364.40899658 0.058563 0.442629 0.894791
28.31800079 -27.64699936 364.26699829 0.044432 0.437593 0.898075
28.61800003 -27.64699936 364.26599121 0.006465 0.399521 0.916701
24.41799927 -25.24699974 363.31399536 0.033140 0.417567 0.908042
24.11800003 -25.54700089 363.47198486 0.030492 0.417602 0.908118
37.79700089 -31.84700012 384.61801147 -0.876575 0.444895 -0.183537
24.41799927 -25.54700089 363.46600342 0.019877 0.435960 0.899747
37.67300034 -32.14699936 384.61801147 -0.911266 0.376733 -0.166331
24.11800003 -25.24699974 363.34201050 0.074965 0.415717 0.906399
37.91199875 -31.84700012 384.31799316 -0.833928 0.476752 -0.277976
37.72800064 -32.14699936 384.31799316 -0.834731 0.538583 -0.114685
27.71800041 -27.94700050 364.45800781 0.030724 0.436821 0.899023
28.01799965 -27.94700050 364.45401001 0.039150 0.454952 0.889655
27.71800041 -27.64699936 364.30700684 0.030613 0.432572 0.901080
28.01799965 -27.64699936 364.29598999 0.058778 0.446987 0.892607
37.61800003 -32.37500000 384.01800537 -0.821678 0.553194 -0.137192
23.51799965 -25.54700089 363.50000000 0.055132 0.410132 0.910358
23.81800079 -25.54700089 363.48699951 0.041326 0.417262 0.907846
23.51799965 -25.24699974 363.38500977 0.046751 0.412747 0.909645
23.81800079 -25.24699974 363.36401367 0.066333 0.412892 0.908361
27.11800003 -28.54700089 364.74200439 0.038355 0.398094 0.916542
27.41799927 -28.54700089 364.73901367 0.016967 0.403293 0.914914
27.11800003 -28.24699974 364.60800171 0.043788 0.396742 0.916885
27.41799927 -28.24699974 364.60800171 0.014323 0.402348 0.915375
27.11800003 -27.94700050 364.48199463 0.022495 0.427409 0.903778
27.41799927 -27.94700050 364.47500610 0.036148 0.437794 0.898348
27.11800003 -27.64699936 364.32501221 0.044487 0.440829 0.896488
27.41799927 -27.64699936 364.31600952 0.028023 0.444367 0.895406
23.51799965 -26.14699936 363.79299927 0.033183 0.420762 0.906564
23.81800079 -26.14699936 363.78500366 0.044377 0.434358 0.899646
23.51799965 -25.84700012 363.65499878 0.047234 0.438599 0.897441
23.81800079 -25.84700012 363.63900757 0.055781 0.444884 0.893849
26.51799965 -28.54700089 364.76199341 0.032682 0.380415 0.924238
26.81800079 -28.54700089 364.76400757 0.030052 0.388057 0.921145
22.91799927 -26.14699936 363.81799316 0.022297 0.410535 0.911572
26.51799965 -28.24699974 364.64099121 0.022202 0.395713 0.918106
23.21800041 -26.14699936 363.80700684 0.038418 0.406699 0.912754
26.81800079 -28.24699974 364.63699341 0.049658 0.414708 0.908599
22.91799927 -25.84700012 363.68399048 0.035961 0.419547 0.907021
23.21800041 -25.84700012 363.67098999 0.044265 0.427897 0.902743
25.91799927 -28.54700089 364.78900146 0.038262 0.397131 0.916964
26.21800041 -28.54700089 364.78601074 0.040751 0.379905 0.924128
25.91799927 -28.24699974 364.66198730 0.033053 0.411185 0.910953
26.21800041 -28.24699974 364.65200806 0.030492 0.417602 0.908118
25.91799927 -27.94700050 364.51800537 0.050107 0.437419 0.897861
25.61800003 -28.54700089 364.81100464 0.049117 0.388953 0.919947
25.31800079 -28.24699974 364.67999268 0.038621 0.419505 0.906931
25.61800003 -28.24699974 364.67300415 0.027666 0.407083 0.912972
25.31800079 -28.54700089 364.82101440 0.014270 0.398259 0.917162
25.31800079 -27.94700050 364.54299927 0.024879 0.402000 0.915302
25.61800003 -27.94700050 364.54299927 0.038562 0.410889 0.910870
23.51799965 -29.14699936 365.10598755 0.038961 0.436634 0.898795
23.81800079 -29.14699936 365.10198975 0.011800 0.428733 0.903354
23.51799965 -28.84700012 364.97100830 0.043375 0.379863 0.924025
23.81800079 -28.84700012 364.96899414 0.019497 0.393844 0.918970
22.91799927 -28.84700012 365.00900269 0.040995 0.398052 0.916446
23.21800041 -28.84700012 364.99700928 0.057498 0.397137 0.915956
43.71099854 -25.54700089 376.51800537 -0.797640 0.564034 -0.213626
43.66400146 -25.54700089 376.81799316 -0.799211 0.584897 -0.138411
43.89199829 -25.24699974 376.81799316 -0.786521 0.597034 -0.157906
43.60699844 -25.54700089 377.11801147 -0.781131 0.598411 -0.178153
43.83200073 -25.24699974 377.11801147 -0.797373 0.562943 -0.217465
43.52799988 -25.54700089 377.41799927 -0.796835 0.562563 -0.220401
43.72800064 -25.24699974 377.41799927 -0.798175 0.541003 -0.265013
19.91099930 -12.34700012 375.01800537 0.823290 -0.523912 0.218424
43.37200165 -25.84700012 377.11801147 -0.794106 0.573776 -0.200439
43.04100037 -26.14699936 377.71798706 -0.826321 0.521967 -0.211526
43.23400116 -25.84700012 377.71798706 -0.816432 0.547809 -0.182603
42.96400070 -26.14699936 378.01800537 -0.813436 0.528346 -0.243256
43.16999817 -25.84700012 378.01800537 -0.797066 0.550615 -0.248011
23.81800079 -23.74699974 362.67898560 0.088493 0.390730 0.916242
23.51799965 -23.44700050 362.60000610 0.060871 0.415276 0.907656
23.81800079 -23.44700050 362.55899048 0.089583 0.414837 0.905475
22.91799927 -23.74699974 362.70498657 0.014346 0.410810 0.911608
22.91799927 -23.44700050 362.58700562 -0.001266 0.360674 0.932691
23.21800041 -23.44700050 362.60000610 -0.019362 0.378210 0.925517
37.46900177 -34.84700012 378.31799316 -0.776331 0.614783 -0.139111
21.20299911 -11.44699955 372.01800537 0.868152 -0.469944 0.159576
21.24399948 -11.44699955 371.71798706 0.877490 -0.462364 0.127401
20.98900032 -12.04699993 371.41799927 0.849033 -0.508833 0.142239
20.79899979 -12.34700012 371.41799927 0.843257 -0.516550 0.148637
21.01399994 -12.04699993 371.11801147 0.862089 -0.485745 0.144411
20.84799957 -12.34700012 371.11801147 0.856799 -0.476996 0.195882
37.84099960 -34.24700165 378.61801147 -0.861548 0.462988 -0.208270
37.67800140 -34.54700089 378.61801147 -0.867536 0.485763 -0.106839
37.88000107 -34.24700165 378.31799316 -0.851857 0.496300 -0.167409
37.70700073 -34.54700089 378.31799316 -0.814241 0.566876 -0.125155
38.04800034 -33.64699936 379.21798706 -0.839840 0.509313 -0.187800
38.09600067 -33.64699936 378.91799927 -0.840645 0.506793 -0.190987
38.18299866 -33.64699936 378.61801147 -0.848077 0.499307 -0.177366
38.00000000 -33.94699860 378.61801147 -0.841502 0.484131 -0.239775
38.22100067 -33.64699936 378.31799316 -0.835148 0.520281 -0.178425
38.05699921 -33.94699860 378.31799316 -0.849530 0.485660 -0.205992
38.35200119 -33.34700012 378.61801147 -0.826433 0.502039 -0.254881
38.43099976 -33.34700012 378.31799316 -0.805621 0.558909 -0.196456
38.54600143 -33.04700089 378.61801147 -0.818902 0.515490 -0.252327
38.63700104 -33.04700089 378.31799316 -0.812710 0.530971 -0.239943
42.85499954 -26.44700050 377.71798706 -0.832347 0.509755 -0.217597
42.77999878 -26.44700050 378.01800537 -0.812819 0.527945 -0.246168
36.11800003 -29.33099937 388.21798706 0.546431 0.779023 -0.307467
36.41799927 -29.53700066 388.21798706 0.553025 0.736819 -0.388922
36.41799927 -29.71500015 387.91799927 0.663984 0.722525 -0.192571
36.45600128 -29.74699974 387.91799927 0.663984 0.722525 -0.192571
36.11800003 -29.45800018 387.91799927 0.574861 0.725537 -0.378327
37.01800156 -29.82299995 388.51800537 0.554189 0.752462 -0.355916
37.01800156 -29.99699974 388.21798706 0.464052 0.790667 -0.399376
36.71799850 -29.79299927 388.21798706 0.554702 0.741239 -0.377983
36.71799850 -29.91699982 387.91799927 0.534746 0.801335 -0.268157
37.01800156 -30.12400055 387.91799927 0.514230 0.794430 -0.323185
37.31800079 -30.14500046 388.21798706 0.490161 0.807417 -0.328360
37.31800079 -30.29400063 387.91799927 0.384253 0.773370 -0.504231
37.61800003 -29.99099922 388.81799316 0.062920 0.854310 -0.515942
37.31800079 -29.93000031 388.81799316 0.380823 0.814228 -0.438185
37.61800003 -30.23200035 388.51800537 0.382487 0.785955 -0.485775
37.31800079 -30.05100060 388.51800537 0.541863 0.791467 -0.282780
41.65999985 -25.84700012 384.01800537 -0.832347 0.509755 -0.217597
41.73500061 -25.84700012 383.71798706 -0.834563 0.506211 -0.217382
41.55300140 -26.14699936 383.71798706 -0.839651 0.496503 -0.220162
37.91799927 -29.97100067 388.81799316 -0.389606 0.803261 -0.450532
37.97700119 -30.04700089 388.51800537 -0.831369 0.515236 -0.208222
39.13199997 -26.44700050 392.71798706 -0.875108 0.380679 -0.298780
39.11800003 -26.47599983 392.71798706 -0.875108 0.380679 -0.298780
21.36000061 -6.64699984 383.41799927 0.844418 -0.485350 0.226700
21.16900063 -6.94700003 383.41799927 0.821872 -0.509220 0.255384
21.42099953 -6.64699984 383.11801147 0.879977 -0.447962 0.158019
21.26099968 -6.94700003 383.11801147 0.860339 -0.478295 0.176214
21.36599922 -9.34700012 376.51800537 0.883954 -0.435424 0.170383
21.49399948 -9.04699993 376.51800537 0.934436 -0.348591 0.072899
21.27199936 -9.34700012 376.81799316 0.855526 -0.489083 0.169923
21.44599915 -9.04699993 376.81799316 0.896709 -0.396761 0.196200
39.38800049 -27.64699936 388.81799316 -0.836471 0.509748 -0.201177
39.19599915 -27.94700050 388.81799316 -0.830634 0.509394 -0.224868
39.45700073 -27.64699936 388.51800537 -0.825329 0.537737 -0.172256
39.25799942 -27.94700050 388.51800537 -0.832525 0.527614 -0.168896
21.11800003 -6.64699984 384.22900391 0.908513 -0.376282 0.181703
21.16900063 -6.64699984 384.01800537 0.846348 -0.477310 0.236368
42.49200058 -26.74699974 378.31799316 -0.840368 0.510812 -0.181256
42.67300034 -26.44700050 378.31799316 -0.829104 0.510336 -0.228349
21.26000023 -6.64699984 383.71798706 0.818525 -0.510996 0.262487
42.44400024 -26.74699974 378.61801147 -0.830746 0.528385 -0.175130
42.61500168 -26.44700050 378.61801147 -0.830587 0.517788 -0.204989
20.86700058 -7.24700022 384.01800537 0.855490 -0.493269 0.157552
20.68700027 -7.54699993 384.01800537 0.813592 -0.553967 0.176605
20.91500092 -7.24700022 383.71798706 0.862308 -0.476112 0.172462
20.74399948 -7.54699993 383.71798706 0.846424 -0.504284 0.171070
21.03300095 -6.94700003 384.01800537 0.890725 -0.428867 0.150606
21.07500076 -6.94700003 383.71798706 0.849913 -0.490161 0.193366
39.60800171 -27.04700089 389.41799927 -0.833854 0.526566 -0.165577
39.41699982 -27.34700012 389.41799927 -0.820418 0.538352 -0.192593
39.66999817 -27.04700089 389.11801147 -0.845003 0.501019 -0.186948
39.49599838 -27.34700012 389.11801147 -0.841712 0.501413 -0.200264
21.06200027 -6.64699984 384.61801147 0.934546 -0.336761 0.114959
20.95400047 -6.94700003 384.61801147 0.874513 -0.451219 0.177842
21.09900093 -6.64699984 384.31799316 0.911615 -0.378540 0.160206
20.98399925 -6.94700003 384.31799316 0.896068 -0.429044 0.113943
20.81800079 -7.14699984 384.61801147 0.826242 -0.546410 0.136971
20.75699997 -7.24700022 384.61801147 0.835393 -0.534008 0.130210
20.51799965 -7.54699993 384.79299927 0.828481 -0.522534 0.201440
20.56900024 -7.54699993 384.61801147 0.821108 -0.540877 0.182301
20.80500031 -7.24700022 384.31799316 0.840251 -0.521280 0.149148
20.61300087 -7.54699993 384.31799316 0.834759 -0.525259 0.165166
40.24100113 -30.34700012 378.61801147 -0.822302 0.525232 -0.218974
40.31000137 -30.34700012 378.31799316 -0.815422 0.549162 -0.183054
40.69900131 -25.24699974 389.41799927 -0.829594 0.524352 -0.191910
40.51599884 -25.54700089 389.41799927 -0.853839 0.488544 -0.179677
40.75799942 -25.24699974 389.11801147 -0.831350 0.506771 -0.228124
40.59199905 -25.54700089 389.11801147 -0.838038 0.500389 -0.217494
40.89599991 -24.94700050 389.41799927 -0.841684 0.516252 -0.158278
42.30899811 -27.04700089 378.31799316 -0.823052 0.526815 -0.212253
42.23300171 -27.04700089 378.61801147 -0.811487 0.545576 -0.209367
40.88399887 -24.64699936 390.01800537 -0.835283 0.507840 -0.210716
40.72999954 -24.94700050 390.01800537 -0.853380 0.465342 -0.234945
40.84600067 -24.94700050 389.71798706 -0.820936 0.523251 -0.228634
41.06800079 -24.64699936 389.41799927 -0.837246 0.507192 -0.204391
41.14500046 -24.64699936 389.11801147 -0.825583 0.520377 -0.218222
40.95800018 -24.94700050 389.11801147 -0.822255 0.529355 -0.208996
39.51300049 -32.44699860 376.21798706 -0.841245 0.509528 -0.180800
39.33599854 -32.74700165 376.21798706 -0.823796 0.512755 -0.241749
39.57400131 -32.44699860 375.91799927 -0.850989 0.494554 -0.176732
39.40599823 -32.74700165 375.91799927 -0.831096 0.524507 -0.184855
40.99900055 -24.64699936 389.71798706 -0.849666 0.457748 -0.261789
38.95800018 -33.34700012 376.21798706 -0.847966 0.489501 -0.203331
39.00999832 -33.34700012 375.91799927 -0.842530 0.494627 -0.213279
39.13899994 -33.04700089 376.21798706 -0.832479 0.523487 -0.181495
39.19499969 -33.04700089 375.91799927 -0.813932 0.538023 -0.219194
41.45600128 -24.04700089 389.41799927 -0.833585 0.517034 -0.194453
41.25899887 -24.34700012 389.41799927 -0.817590 0.528123 -0.229418
41.51499939 -24.04700089 389.11801147 -0.840139 0.492495 -0.227188
41.33599854 -24.34700012 389.11801147 -0.830658 0.513637 -0.214904
41.29899979 -24.04700089 390.01800537 -0.817082 0.531946 -0.222283
41.09199905 -24.34700012 390.01800537 -0.805621 0.558909 -0.196456
41.37599945 -24.04700089 389.71798706 -0.836569 0.501332 -0.220952
41.16799927 -24.34700012 389.71798706 -0.824556 0.517459 -0.228787
41.48199844 -23.74699974 390.01800537 -0.838683 0.515768 -0.174913
42.15399933 -27.04700089 378.91799927 -0.799797 0.568237 -0.193475
41.66799927 -23.44700050 390.01800537 -0.837880 0.508767 -0.197770
41.71300125 -23.44700050 389.71798706 -0.814997 0.557787 -0.157018
41.52600098 -23.74699974 389.71798706 -0.851473 0.480743 -0.209477
35.21799850 -28.14299965 389.41799927 0.508228 0.798189 -0.323418
42.01100159 -22.84700012 390.01800537 -0.836911 0.489862 -0.244163
41.84600067 -23.14699936 390.01800537 -0.839650 0.480458 -0.253276
42.09700012 -22.84700012 389.71798706 -0.840228 0.477716 -0.256523
41.93500137 -23.14699936 389.71798706 -0.818607 0.526796 -0.228841
34.91799927 -27.95400047 389.41799927 0.499454 0.791738 -0.351705
35.21799850 -28.25200081 389.11801147 0.588291 0.759546 -0.277496
42.39099884 -22.24699974 390.01800537 -0.829895 0.516210 -0.211661
42.19699860 -22.54700089 390.01800537 -0.823818 0.520064 -0.225515
42.44599915 -22.24699974 389.71798706 -0.840058 0.505241 -0.197572
42.27600098 -22.54700089 389.71798706 -0.846060 0.490141 -0.209630
41.93999863 -27.34700012 378.91799927 -0.835112 0.506543 -0.214482
41.88700104 -27.34700012 379.21798706 -0.832101 0.527346 -0.171798
42.08800125 -27.04700089 379.21798706 -0.811095 0.553364 -0.189508
42.56999969 -21.94700050 390.01800537 -0.837386 0.495720 -0.230319
42.63700104 -21.94700050 389.71798706 -0.827902 0.529314 -0.185486
42.43299866 -21.94700050 390.61801147 -0.813546 0.571089 -0.109544
42.67300034 -21.64699936 390.31799316 -0.833415 0.498821 -0.237899
42.47200012 -21.94700050 390.31799316 -0.830241 0.526971 -0.181662
42.74499893 -21.64699936 390.01800537 -0.860765 0.456763 -0.224613
42.83000183 -21.64699936 389.71798706 -0.814650 0.531293 -0.232537
43.13800049 -21.04700089 390.01800537 -0.752874 0.611415 -0.243623
43.01800156 -21.17600060 390.01800537 -0.765192 0.570300 -0.298728
42.88899994 -21.34700012 390.01800537 -0.832869 0.482350 -0.271419
43.22600174 -21.04700089 389.71798706 -0.801509 0.558441 -0.213838
43.02799988 -21.34700012 389.71798706 -0.793769 0.527595 -0.302614
42.83200073 -21.34700012 390.31799316 -0.871596 0.461433 -0.165530
18.71800041 -17.14299965 387.61801147 0.571984 0.761043 -0.306019
35.51800156 -28.33600044 389.41799927 0.538319 0.772929 -0.335847
35.51800156 -28.48399925 389.11801147 0.525922 0.733653 -0.430300
35.81800079 -28.55900002 389.41799927 0.587958 0.751368 -0.299586
35.81800079 -28.68099976 389.11801147 0.525142 0.754176 -0.394265
36.41799927 -28.80200005 390.01800537 0.546618 0.774242 -0.318994
36.11800003 -28.61599922 390.01800537 0.519304 0.782975 -0.342451
36.11800003 -28.69599915 389.71798706 0.537337 0.805227 -0.250757
36.41799927 -28.90600014 389.71798706 0.504806 0.797816 -0.329637
36.11800003 -28.80400085 389.41799927 0.610897 0.749810 -0.254146
36.41799927 -29.04800034 389.41799927 0.550761 0.782493 -0.290459
36.41799927 -29.12700081 389.11801147 0.599161 0.764987 -0.236223
36.11800003 -28.89900017 389.11801147 0.570300 0.765192 -0.298728
21.43400002 -9.94699955 374.41799927 0.929443 -0.342861 0.136318
21.45800018 -9.94699955 374.11801147 0.933050 -0.342615 0.109691
21.11899948 -10.84700012 373.81799316 0.842160 -0.511258 0.171413
21.17799950 -10.84700012 373.51800537 0.845361 -0.488465 0.216255
16.51300049 -17.44700050 376.21798706 0.854961 -0.468947 0.221656
16.32699966 -17.74699974 376.21798706 0.840831 -0.502687 0.200773
16.57999992 -17.44700050 375.91799927 0.871243 -0.446753 0.203340
16.40999985 -17.74699974 375.91799927 0.841803 -0.492948 0.219931
20.89599991 -11.44699955 373.21798706 0.848014 -0.485227 0.213137
20.71800041 -11.74699974 373.21798706 0.843070 -0.494944 0.210389
20.97400093 -11.44699955 372.91799927 0.845199 -0.491395 0.210166
20.79999924 -11.74699974 372.91799927 0.827856 -0.516839 0.218017
19.00600052 -15.04699993 372.01800537 0.851473 -0.480743 0.209477
18.84900093 -15.34700012 372.01800537 0.847179 -0.479105 0.229666
19.07900047 -15.04699993 371.71798706 0.831579 -0.508102 0.224297
18.90900040 -15.34700012 371.71798706 0.852570 -0.489521 0.183012
18.60300064 -15.94699955 371.41799927 0.823921 -0.529555 0.201807
18.68000031 -15.94699955 371.11801147 0.832144 -0.508448 0.221396
17.99200058 -17.14699936 370.81799316 0.848663 -0.492434 0.193082
18.06999969 -17.14699936 370.51800537 0.813124 -0.536447 0.225953
18.17300034 -16.84700012 370.81799316 0.813130 -0.540555 0.215916
18.26499939 -16.84700012 370.51800537 0.819179 -0.527164 0.225928
17.95999908 -17.44700050 370.21798706 0.822984 -0.518403 0.232282
17.78000069 -17.74699974 370.21798706 0.832292 -0.505484 0.227544
18.03800011 -17.44700050 369.91799927 0.827328 -0.527856 0.192085
17.85400009 -17.74699974 369.91799927 0.831096 -0.524507 0.184855
17.59700012 -18.04700089 370.21798706 0.832037 -0.516803 0.201568
17.65999985 -18.04700089 369.91799927 0.832479 -0.523487 0.181495
16.42200089 -20.44700050 369.01800537 0.836569 -0.501332 0.220952
16.48100090 -20.44700050 368.71798706 0.842002 -0.505801 0.187612
16.78100014 -19.84700012 369.01800537 0.808404 -0.528033 0.260122
16.59099960 -20.14699936 369.01800537 0.834271 -0.500563 0.231147
16.88299942 -19.84700012 368.71798706 0.799170 -0.550884 0.240527
16.66699982 -20.14699936 368.71798706 0.808881 -0.543876 0.223405
16.55599976 -20.44700050 368.41799927 0.809707 -0.534128 0.243067
16.36300087 -20.74699974 368.41799927 0.825244 -0.527366 0.202132
16.65999985 -20.44700050 368.11801147 0.827079 -0.515204 0.224733
16.45400047 -20.74699974 368.11801147 0.801752 -0.559540 0.210019
16.17200089 -21.04700089 368.41799927 0.839532 -0.513297 0.178082
15.99600029 -21.34700012 368.41799927 0.832052 -0.504135 0.231381
16.24099922 -21.04700089 368.11801147 0.818447 -0.539051 0.198918
16.05900002 -21.34700012 368.11801147 0.850167 -0.495806 0.177180
15.80900002 -21.64699936 368.41799927 0.838215 -0.501716 0.213722
15.89099979 -21.64699936 368.11801147 0.836724 -0.506876 0.207290
16.31699944 -21.04700089 367.81799316 0.816586 -0.542870 0.196163
16.12100029 -21.34700012 367.81799316 0.838215 -0.501716 0.213722
16.21100044 -21.34700012 367.51800537 0.827658 -0.508265 0.238009
38.34799957 -28.84700012 390.01800537 -0.832037 0.516803 -0.201568
38.16500092 -29.14699936 390.01800537 -0.810453 0.538758 -0.230014
38.40800095 -28.84700012 389.71798706 -0.838215 0.501716 -0.213722
38.23899841 -29.14699936 389.71798706 -0.839271 0.507782 -0.194373
15.95699978 -21.64699936 367.81799316 0.841696 -0.509801 0.177907
15.75899982 -21.94700050 367.81799316 0.821445 -0.531882 0.205742
16.01799965 -21.64699936 367.51800537 0.842564 -0.508521 0.177460
15.84799957 -21.94700050 367.51800537 0.839489 -0.499443 0.214047
15.56999969 -22.24699974 367.81799316 0.854872 -0.476264 0.205830
15.42399979 -22.54700089 367.81799316 0.875670 -0.456048 0.158815
15.66100025 -22.24699974 367.51800537 0.829895 -0.516210 0.211661
15.47500038 -22.54700089 367.51800537 0.842160 -0.511258 0.171413
15.72200012 -22.24699974 367.21798706 0.837087 -0.511302 0.194566
15.80099964 -22.24699974 366.91799927 0.835684 -0.512291 0.197965
15.54699993 -22.54700089 367.21798706 0.843212 -0.496273 0.206655
15.62199974 -22.54700089 366.91799927 0.840645 -0.506793 0.190987
15.36900043 -22.84700012 367.21798706 0.848074 -0.490832 0.199635
15.19999981 -23.14699936 367.21798706 0.917412 -0.362173 0.164881
15.43799973 -22.84700012 366.91799927 0.844495 -0.489716 0.216809
15.27299976 -23.14699936 366.91799927 0.867885 -0.458421 0.191380
16.01799965 -24.37700081 367.21798706 0.512845 0.763569 -0.392367
16.01799965 -24.51899910 366.91799927 0.560185 0.765640 -0.316208
16.01799965 -24.62400055 366.61801147 0.575130 0.763123 -0.294734
15.71800041 -24.39900017 366.61801147 0.583380 0.774191 -0.245552
15.71800041 -24.50799942 366.31799316 0.571146 0.763128 -0.302371
16.01799965 -24.75000000 366.31799316 0.567041 0.765106 -0.305084
16.31800079 -24.62899971 367.21798706 0.538877 0.753777 -0.376074
16.61800003 -24.82600021 367.21798706 0.452939 0.780874 -0.430211
16.31800079 -24.75399971 366.91799927 0.577450 0.765161 -0.284748
16.31800079 -24.85300064 366.61801147 0.575774 0.776588 -0.255725
16.61800003 -24.96999931 366.91799927 0.501672 0.801082 -0.326485
39.93199921 -29.74699974 381.31799316 -0.808035 0.542295 -0.230205
40.12400055 -29.44700050 381.31799316 -0.842216 0.501714 -0.197371
39.82600021 -29.74699974 381.61801147 -0.814147 0.525707 -0.246570
17.21800041 -25.63899994 366.31799316 0.553364 0.745981 -0.370542
40.02199936 -29.44700050 381.61801147 -0.811971 0.533581 -0.236632
18.08600044 -25.84700012 367.21798706 0.635428 0.690967 -0.344667
17.81800079 -25.75000000 366.91799927 0.564332 0.722279 -0.399804
17.51799965 -25.37199974 367.21798706 0.524415 0.806190 -0.273948
17.76099968 -25.54700089 367.21798706 0.621488 0.735931 -0.268623
17.51799965 -25.52000046 366.91799927 0.537920 0.738612 -0.406319
17.51799965 -25.70499992 366.61801147 0.525553 0.724501 -0.445974
17.81800079 -25.92399979 366.61801147 0.511578 0.756743 -0.406974
17.81800079 -26.07200050 366.31799316 0.472955 0.824922 -0.309542
17.51799965 -25.88899994 366.31799316 0.525608 0.759934 -0.382408
31.61800003 -35.28300095 367.81799316 0.342264 0.734814 0.585580
31.91799927 -35.42200089 367.81799316 -0.000978 -0.000978 0.999999
32.21799850 -35.54000092 367.81799316 0.279183 0.617393 0.735447
32.51800156 -35.69300079 367.81799316 0.299832 0.610888 0.732745
32.81800079 -35.44699860 367.58999634 0.058635 0.445899 0.893161
32.51800156 -35.44699860 367.61599731 0.226143 0.539975 0.810732
32.81800079 -35.74700165 367.74600220 0.168163 0.519371 0.837839
32.81800079 -36.00199890 368.11801147 0.306812 0.868538 0.389239
33.41799927 -36.04700089 367.88699341 0.293286 0.610612 0.735619
33.41799927 -36.29299927 368.41799927 0.486117 0.869374 -0.088769
33.11800003 -36.13299942 368.41799927 0.585837 0.795600 -0.154325
33.41799927 -36.24900055 368.11801147 0.420737 0.824010 0.379457
33.11800003 -36.11100006 368.11801147 0.300416 0.901248 0.312255
34.01800156 -36.63399887 368.41799927 0.528267 0.848261 0.037241
33.71799850 -36.45899963 368.41799927 0.502580 0.863336 -0.045439
34.01800156 -36.54999924 368.11801147 0.360365 0.802412 0.475681
33.71799850 -36.40399933 368.11801147 0.345294 0.845268 0.407791
39.72200012 -30.04700089 381.31799316 -0.794286 0.562039 -0.230699
38.55799866 -28.24699974 390.61801147 -0.821856 0.512306 -0.249188
38.64500046 -28.24699974 390.31799316 -0.842530 0.494627 -0.213279
39.39699936 -30.34700012 381.91799927 -0.860767 0.479845 -0.169791
39.56700134 -30.04700089 381.91799927 -0.845790 0.498492 -0.190116
39.35100174 -30.34700012 382.21798706 -0.851598 0.482122 -0.205765
39.49900055 -30.04700089 382.21798706 -0.864718 0.462870 -0.194971
17.49699974 -12.04699993 385.81799316 0.835081 -0.502270 0.224419
17.31900024 -12.34700012 385.81799316 0.831527 -0.472707 0.291737
17.41900063 -12.34700012 385.51800537 0.868312 -0.401346 0.291472
16.61800003 -25.75799942 365.11801147 0.616005 0.725374 -0.307198
16.61800003 -25.60499954 365.41799927 0.603774 0.720949 -0.340132
16.31800079 -25.48600006 365.11801147 0.510255 0.775911 -0.370947
16.31800079 -25.36100006 365.41799927 0.569753 0.764459 -0.301634
39.23300171 -30.64699936 381.91799927 -0.854099 0.484437 -0.189303
16.01799965 -25.30100060 365.11801147 0.477670 0.796117 -0.371521
15.71800041 -25.12599945 365.11801147 0.518615 0.773883 -0.363515
39.15999985 -30.64699936 382.21798706 -0.827037 0.531774 -0.182280
15.71800041 -24.95499992 365.41799927 0.545779 0.742456 -0.388437
16.01799965 -25.15900040 365.41799927 0.518928 0.766192 -0.379029
15.41800022 -25.30200005 363.91799927 0.619057 0.785247 0.012464
15.41800022 -25.22400093 364.21798706 0.582273 0.773748 -0.249545
15.71800041 -25.47299957 363.91799927 0.496964 0.860736 -0.110277
15.71800041 -25.43600082 364.21798706 0.569004 0.804454 -0.170550
37.72299957 -33.64699936 381.01800537 -0.983345 0.097731 -0.153233
37.77000046 -33.64699936 380.71798706 -0.984185 0.143001 -0.104547
37.75199890 -33.94699860 380.71798706 -0.955657 0.057263 0.288860
37.78599930 -33.64699936 380.41799927 -0.933730 0.356749 -0.029622
37.66099930 -33.94699860 380.41799927 -0.949714 0.290080 0.117886
37.78900146 -33.64699936 380.11801147 -0.902236 0.418448 -0.104265
37.67800140 -33.94699860 380.11801147 -0.993520 0.029905 -0.109653
38.83800125 -30.94700050 382.51800537 -0.823796 0.512755 -0.241749
39.09999847 -30.64699936 382.51800537 -0.858893 0.464795 -0.215099
38.78900146 -30.94700050 382.81799316 -0.842693 0.529734 -0.096185
39.00899887 -30.64699936 382.81799316 -0.810630 0.535788 -0.236241
38.97299957 -33.04700089 376.81799316 -0.839554 0.492152 -0.230077
38.79899979 -33.34700012 376.81799316 -0.858872 0.474835 -0.192018
39.06499863 -33.04700089 376.51800537 -0.832992 0.502852 -0.230792
38.86700058 -33.34700012 376.51800537 -0.840349 0.493876 -0.223384
40.89199829 -32.14699936 371.41799927 -0.851985 0.486634 -0.193156
35.51800156 -37.49000168 369.01800537 0.493994 0.844473 -0.206964
35.81800079 -37.54700089 368.46701050 0.165958 0.650127 0.741480
35.51800156 -37.41099930 368.41799927 0.146026 0.736149 0.660879
35.81800079 -37.24700165 368.30700684 0.036451 0.460366 0.886981
35.51800156 -37.24700165 368.29598999 0.103676 0.475774 0.873436
38.67900085 -31.24699974 382.51800537 -0.848663 0.492434 -0.193082
38.63299942 -31.24699974 382.81799316 -0.855632 0.501177 -0.129289
38.58800125 -31.24699974 383.11801147 -0.816586 0.542870 -0.196163
43.61800003 -30.24799919 365.11801147 -0.613793 0.762217 -0.205628
43.39599991 -30.34700012 365.41799927 -0.650318 0.751050 -0.114065
43.61800003 -30.15800095 365.41799927 -0.640296 0.728395 -0.243847
43.31800079 -30.48100090 365.11801147 -0.636967 0.768654 -0.058687
41.49800110 -23.14699936 391.21798706 -0.841486 0.528644 -0.111522
37.61800003 -31.58699989 385.51800537 -0.797075 0.465363 -0.384850
15.41800022 -20.14699936 373.51800537 0.842525 -0.507311 0.181075
15.61200047 -19.84700012 373.51800537 0.788260 -0.548149 0.279603
15.38799953 -20.14699936 373.81799316 0.916370 -0.387643 0.099993
15.51900005 -19.84700012 373.81799316 0.846815 -0.506907 0.161087
41.64099884 -32.44699860 367.51800537 -0.854638 0.495720 -0.154453
41.56499863 -32.44699860 367.81799316 -0.837246 0.507192 -0.204391
17.84900093 -12.64700031 382.81799316 0.810292 -0.550877 0.199903
17.63899994 -12.94699955 382.81799316 0.807258 -0.548935 0.216806
17.92000008 -12.64700031 382.51800537 0.832929 -0.523770 0.178592
17.73399925 -12.94699955 382.51800537 0.834563 -0.506211 0.217382
17.71800041 -12.64700031 383.41799927 0.838305 -0.527060 0.139473
17.53700066 -12.94699955 383.41799927 0.858505 -0.511245 0.039963
17.77199936 -12.64700031 383.11801147 0.817880 -0.546759 0.179241
17.57399940 -12.94699955 383.11801147 0.824966 -0.547518 0.140200
35.51800156 -36.20500183 372.01800537 0.586369 0.747018 -0.313266
35.51800156 -36.31999969 371.71798706 0.551990 0.764418 -0.333125
35.81800079 -36.43999863 372.01800537 0.546618 0.774242 -0.318994
35.81800079 -36.53400040 371.71798706 0.558242 0.774540 -0.297411
36.11800003 -36.62799835 372.01800537 0.542520 0.771119 -0.333239
36.41799927 -36.86199951 372.01800537 0.567592 0.765849 -0.302183
36.41799927 -36.94100189 371.71798706 0.552580 0.765235 -0.330259
36.11800003 -36.75099945 371.71798706 0.528187 0.778634 -0.338746
36.71799850 -37.07099915 372.01800537 0.523800 0.783297 -0.334783
37.01800156 -37.26200104 372.01800537 0.389946 0.844099 -0.368021
36.71799850 -37.18099976 371.71798706 0.554033 0.766011 -0.325996
37.01800156 -37.37200165 371.71798706 0.412124 0.832143 -0.371069
39.10699844 -34.54700089 372.61801147 -0.851473 0.480743 -0.209477
40.21099854 -32.74700165 372.61801147 -0.845865 0.484436 -0.223235
40.29800034 -32.74700165 372.31799316 -0.839321 0.478952 -0.257186
40.58599854 -31.84700012 373.21798706 -0.846963 0.474605 -0.239591
40.42800140 -32.14699936 373.21798706 -0.846529 0.481777 -0.226450
40.68799973 -31.84700012 372.91799927 -0.826013 0.497468 -0.265006
40.49399948 -32.14699936 372.91799927 -0.823921 0.529555 -0.201807
40.76300049 -31.54700089 373.21798706 -0.812590 0.552319 -0.186124
40.85499954 -31.54700089 372.91799927 -0.819190 0.511411 -0.259591
40.99200058 -31.24699974 373.21798706 -0.808741 0.551901 -0.203332
41.06200027 -31.24699974 372.91799927 -0.797147 0.580154 -0.167265
41.58900070 -30.04700089 373.81799316 -0.808076 0.546413 -0.220104
41.67100143 -30.04700089 373.51800537 -0.792480 0.574816 -0.203868
42.09700012 -29.44700050 373.21798706 -0.840181 0.501081 -0.207396
41.92300034 -29.74699974 373.21798706 -0.849783 0.499785 -0.167584
41.98099899 -29.74699974 372.91799927 -0.826658 0.535602 -0.172533
41.94100189 -29.44700050 373.81799316 -0.834563 0.506211 -0.217382
41.78200150 -29.74699974 373.81799316 -0.836911 0.489862 -0.244163
42.03699875 -29.44700050 373.51800537 -0.843061 0.490646 -0.220259
41.86199951 -29.74699974 373.51800537 -0.836592 0.511000 -0.197466
43.28699875 -27.34700012 373.81799316 -0.854979 0.477650 -0.202140
43.37200165 -27.04700089 374.11801147 -0.845337 0.492737 -0.206437
43.45999908 -27.04700089 373.81799316 -0.825280 0.514840 -0.232062
43.54100037 -27.04700089 373.51800537 -0.797266 0.554822 -0.237781
43.34799957 -27.34700012 373.51800537 -0.836949 0.520669 -0.168583
43.90399933 -26.44700050 373.81799316 -0.742101 0.618681 -0.257916
43.66099930 -26.74699974 373.81799316 -0.773050 0.573859 -0.270330
43.76499939 -26.74699974 373.51800537 -0.755243 0.596911 -0.270748
43.72000122 -26.44700050 374.41799927 -0.785947 0.560046 -0.261982
43.50400162 -26.74699974 374.41799927 -0.815522 0.554195 -0.166709
43.81600189 -26.44700050 374.11801147 -0.000978 0.999999 -0.000978
43.55599976 -26.74699974 374.11801147 -0.809915 0.546578 -0.212813
39.77199936 -34.54700089 369.91799927 -0.782610 0.566176 -0.258779
39.97999954 -34.24700165 369.91799927 -0.830587 0.517788 -0.204989
43.91799927 -26.57500076 373.51800537 -0.733836 0.622407 -0.272204
39.89300156 -34.24700165 370.21798706 -0.804274 0.552073 -0.219907
39.65599823 -34.54700089 370.21798706 -0.741736 0.632427 -0.223302
39.59199905 -34.54700089 370.51800537 -0.743004 0.637964 -0.202356
37.01800156 -36.34700012 367.90600586 0.061845 0.271360 0.960489
36.71799850 -36.34700012 367.92800903 0.029622 0.356749 0.933730
36.71799850 -35.44699860 367.88400269 -0.062745 -0.293236 0.953979
37.25899887 -35.44699860 367.81799316 0.520567 0.473998 0.710166
36.11800003 -35.44699860 367.79299927 -0.250761 0.167621 0.953427
36.11800003 -35.74700165 367.82800293 -0.146007 0.107394 0.983437
36.41799927 -35.44699860 367.86401367 -0.149652 0.069524 0.986291
37.61800003 -36.34700012 367.88000488 0.029622 0.356749 0.933730
37.31800079 -36.34700012 367.89498901 0.042143 0.320541 0.946297
37.31800079 -36.11899948 367.81799316 0.042312 0.324394 0.944975
37.61800003 -36.04700089 367.77600098 0.052285 0.299682 0.952605
36.11800003 -36.34700012 367.92800903 -0.013384 0.271320 0.962396
36.41799927 -36.34700012 367.92498779 0.001264 0.362873 0.931838
36.11800003 -36.04700089 367.85800171 0.003389 0.166046 0.986112
36.41799927 -36.04700089 367.82199097 0.111556 0.323914 0.939486
38.50199890 -35.74700165 371.71798706 -0.881839 0.471120 0.020133
38.46900177 -35.74700165 372.01800537 -0.858807 0.501566 -0.104314
35.51800156 -36.04700089 367.77499390 -0.081025 0.341366 0.936432
35.51800156 -36.34700012 367.89999390 -0.006447 0.393289 0.919393
35.81800079 -36.34700012 367.91699219 -0.045085 0.333627 0.941626
35.81800079 -36.04700089 367.82400513 -0.135488 0.218071 0.966482
35.51800156 -35.74700165 367.68200684 -0.225923 0.305493 0.925004
35.81800079 -35.74700165 367.78201294 -0.232268 0.186620 0.954581
35.51800156 -35.44699860 367.57800293 -0.253470 0.344309 0.903994
35.81800079 -35.44699860 367.70700073 -0.320665 0.314699 0.893386
37.91799927 -30.29100037 387.91799927 -0.560892 0.793950 -0.234612
38.13299942 -30.04700089 387.91799927 -0.780203 0.588628 -0.211659
37.91799927 -30.20999908 388.21798706 -0.546374 0.792006 -0.272400
38.03099823 -30.04700089 388.21798706 -0.820197 0.529997 -0.215359
38.14699936 -36.34700012 371.71798706 -0.854979 0.477650 -0.202140
38.33700180 -36.04700089 371.71798706 -0.859782 0.509855 -0.028705
38.08399963 -36.34700012 372.01800537 -0.824640 0.553166 -0.118223
38.31200027 -36.04700089 372.01800537 -0.835882 0.537456 -0.111547
38.21799850 -36.34700012 367.88500977 0.058360 0.328112 0.942835
37.91799927 -36.34700012 367.88198853 -0.008939 0.371596 0.928352
38.21799850 -36.04700089 367.76300049 0.032911 0.396246 0.917554
37.91799927 -36.04700089 367.76199341 0.019436 0.382241 0.923858
37.79199982 -33.04700089 382.21798706 -0.949512 0.306169 -0.068468
37.80199814 -33.04700089 381.91799927 -0.902381 0.430890 0.006548
35.81800079 -35.33700180 374.41799927 0.518602 0.814500 -0.260079
35.81800079 -35.42200089 374.11801147 0.306989 0.881648 -0.358406
35.51800156 -35.34299850 374.11801147 0.254700 0.966893 0.015692
36.11800003 -35.52099991 374.41799927 0.543591 0.787653 -0.290021
36.23600006 -35.74700165 374.11801147 0.602489 0.716782 -0.351043
35.81800079 -28.44199944 389.71798706 0.622930 0.758283 -0.192262
35.51800156 -28.22500038 389.71798706 0.563260 0.780991 -0.269797
35.81800079 -28.40699959 390.01800537 0.637471 0.726052 -0.257836
35.51800156 -28.12800026 390.01800537 0.999999 -0.000978 -0.000978
36.41799927 -36.18899918 373.51800537 0.539815 0.768632 -0.343226
36.11800003 -35.94400024 373.51800537 0.588781 0.740412 -0.324233
36.11800003 -35.79299927 373.81799316 0.567190 0.742711 -0.355916
36.41799927 -36.04100037 373.81799316 0.570760 0.739875 -0.356115
21.11800003 -22.24699974 362.12200928 0.066762 0.423731 0.903324
21.41799927 -22.54700089 362.23901367 0.038867 0.435582 0.899310
21.11800003 -22.54700089 362.26800537 0.046563 0.403104 0.913969
22.01799965 -22.24699974 362.07901001 0.017079 0.419080 0.907789
21.71800041 -22.24699974 362.08401489 0.009178 0.428745 0.903379
34.91799927 -27.82099915 389.71798706 0.501538 0.785366 -0.362849
34.91799927 -27.67600060 390.01800537 0.558502 0.747384 -0.359851
35.21799850 -27.87800026 390.01800537 0.568937 0.776970 -0.269497
22.01799965 -22.54700089 362.23400879 0.052939 0.443870 0.894526
21.71800041 -22.54700089 362.24301147 0.006572 0.440356 0.897799
28.01799965 -28.24699974 364.60198975 0.022438 0.421044 0.906763
27.71800041 -28.24699974 364.59899902 0.009110 0.415158 0.909704
28.01799965 -28.54700089 364.73199463 0.022171 0.392563 0.919458
27.71800041 -28.54700089 364.73098755 0.011648 0.397326 0.917604
34.61800003 -27.34700012 390.20700073 0.580536 0.742245 -0.334738
43.21200180 -30.34700012 366.61801147 -0.838683 0.515768 -0.174913
43.26499939 -30.34700012 366.31799316 -0.834322 0.523876 -0.171640
34.61800003 -27.43199921 390.01800537 0.593852 0.733011 -0.331716
35.21799850 -27.79999924 390.31799316 0.615257 0.753025 -0.233265
34.91799927 -27.53199959 390.31799316 0.629798 0.731327 -0.261755
35.21799850 -27.69199944 390.61801147 0.531571 0.762406 -0.369011
35.51800156 -27.30800056 391.81799316 0.554899 0.750171 -0.359626
34.91799927 -27.46500015 390.61801147 0.612805 0.756260 -0.229217
35.81800079 -27.55599976 391.81799316 0.546897 0.766301 -0.337173
35.51800156 -27.45700073 391.51800537 0.544465 0.731984 -0.409582
35.81800079 -27.66399956 391.51800537 0.507619 0.781572 -0.362585
36.41799927 -27.91200066 391.81799316 0.497409 0.764868 -0.409343
36.11800003 -27.73500061 391.81799316 0.481857 0.809456 -0.335551
36.11800003 -27.84300041 391.51800537 0.514150 0.781702 -0.352975
36.41799927 -28.10199928 391.51800537 0.999999 0.000978 0.000978
34.68299866 -27.34700012 390.31799316 0.571596 0.765843 -0.294555
34.61800003 -27.29800034 390.31799316 0.571596 0.765843 -0.294555
37.31800079 -29.13199997 390.61801147 0.453990 0.790040 -0.411984
34.61800003 -27.20000076 390.61801147 0.603129 0.759786 -0.242818
34.42900085 -27.04700089 390.61801147 0.592698 0.775305 -0.218200
34.31800079 -26.96400070 390.61801147 0.550187 0.796446 -0.250935
35.81800079 -35.22999954 374.71798706 0.524731 0.802066 -0.285214
34.01800156 -26.78199959 390.61801147 0.493662 0.812255 -0.310707
33.44699860 -26.14699936 391.21798706 0.536030 0.774266 -0.336427
16.25499916 -14.74699974 384.01800537 0.802086 -0.563752 0.197084
16.30999947 -14.74699974 383.71798706 0.820123 -0.542218 0.182753
16.48800087 -14.44699955 384.01800537 0.736922 -0.665751 0.117137
16.52899933 -14.44699955 383.71798706 0.787748 -0.599406 0.142004
16.59600067 -14.44699955 383.41799927 0.802900 -0.566128 0.186686
16.38899994 -14.74699974 383.41799927 0.814355 -0.530026 0.236426
16.66799927 -14.44699955 383.11801147 0.840159 -0.506500 0.193883
16.48500061 -14.74699974 383.11801147 0.815529 -0.520385 0.253202
16.15800095 -15.34700012 382.81799316 0.835651 -0.492191 0.243795
16.26199913 -15.34700012 382.51800537 0.826964 -0.510907 0.234741
16.20700073 -15.04699993 383.41799927 0.826850 -0.522301 0.208616
16.01099968 -15.34700012 383.41799927 0.839908 -0.510532 0.184151
16.28499985 -15.04699993 383.11801147 0.813875 -0.542074 0.209195
16.08699989 -15.34700012 383.11801147 0.835959 -0.509436 0.204077
15.84200001 -15.64700031 383.41799927 0.856761 -0.486830 0.170168
15.92000008 -15.64700031 383.11801147 0.855398 -0.461764 0.234667
15.76399994 -15.94699955 383.11801147 0.845719 -0.480003 0.233144
16.00699997 -15.64700031 382.81799316 0.860155 -0.459453 0.221441
15.83699989 -15.94699955 382.81799316 0.832479 -0.523487 0.181495
16.07399940 -15.64700031 382.51800537 0.839023 -0.511819 0.184615
15.89500046 -15.94699955 382.51800537 0.834257 -0.527917 0.159119
15.63000011 -16.24699974 382.81799316 0.856739 -0.488091 0.166629
15.49800014 -16.54700089 382.81799316 0.965746 -0.242388 0.092641
15.69499969 -16.24699974 382.51800537 0.840854 -0.512279 0.174742
15.52999973 -16.54700089 382.51800537 0.916983 -0.380347 0.120328
15.46899986 -16.84700012 382.21798706 0.974853 -0.195969 0.106098
15.45600033 -17.14699936 382.21798706 0.837154 0.403656 -0.369102
15.51299953 -16.84700012 381.91799927 0.935386 -0.321838 0.146539
15.44799995 -17.14699936 381.91799927 0.979437 -0.201478 -0.010481
15.48299980 -16.84700012 382.81799316 0.987160 -0.021633 -0.158264
15.44799995 -16.84700012 382.51800537 0.977712 -0.208752 -0.022408
35.51800156 -29.44700050 364.70401001 0.135675 0.618737 0.773794
35.51800156 -29.74699974 364.94400024 0.099932 0.557592 0.824078
35.81800079 -29.74699974 364.93301392 0.140309 0.542035 0.828560
16.91799927 -13.24699974 385.62200928 0.858976 -0.390163 0.331562
16.96299934 -13.24699974 385.51800537 0.897548 -0.277424 0.342700
16.91799927 -13.37300014 385.51800537 0.897548 -0.277424 0.342700
20.25399971 -9.64700031 380.41799927 0.829338 -0.511654 0.224517
20.05500031 -9.94699955 380.41799927 0.830766 -0.506415 0.231023
20.32299995 -9.64700031 380.11801147 0.842002 -0.505801 0.187612
20.13699913 -9.94699955 380.11801147 0.849467 -0.476973 0.225616
19.98699951 -10.24699974 380.11801147 0.867103 -0.440314 0.232931
19.88100052 -10.54699993 379.81799316 0.847553 -0.508532 0.151822
19.69000053 -10.84700012 379.81799316 0.829109 -0.524045 0.194818
19.50099945 -11.14700031 379.81799316 0.829338 -0.511654 0.224517
19.76399994 -10.84700012 379.51800537 0.832992 -0.502852 0.230792
19.57900047 -11.14700031 379.51800537 0.831408 -0.511049 0.218149
19.31999969 -11.44699955 379.81799316 0.815230 -0.531672 0.229621
19.39399910 -11.44699955 379.51800537 0.826006 -0.530033 0.191778
19.26399994 -11.74699974 379.21798706 0.824831 -0.536366 0.178789
19.06800079 -12.04699993 379.21798706 0.830658 -0.513637 0.214904
18.89299965 -12.34700012 379.21798706 0.847256 -0.501802 0.174216
19.14200020 -12.04699993 378.91799927 0.826054 -0.524841 0.205372
18.94499969 -12.34700012 378.91799927 0.844356 -0.498185 0.197167
18.19599915 -13.84700012 378.31799316 0.831369 -0.515236 0.208222
18.06299973 -14.14700031 378.01800537 0.845101 -0.510613 0.158364
17.90399933 -14.44699955 378.01800537 0.848374 -0.495259 0.187031
17.71299934 -14.74699974 378.01800537 0.816586 -0.542870 0.196163
17.94499969 -14.44699955 377.71798706 0.845712 -0.497213 0.193778
17.77799988 -14.74699974 377.71798706 0.818208 -0.542951 0.189050
17.54800034 -15.04699993 377.71798706 0.819930 -0.532878 0.209181
17.47599983 -15.34700012 377.41799927 0.845472 -0.475482 0.243092
16.90900040 -16.54700089 376.81799316 0.857831 -0.491237 0.151037
37.61800003 -28.50900078 392.41799927 0.287502 0.856357 -0.428947
37.31800079 -28.31800079 392.41799927 0.460308 0.789792 -0.405394
37.31800079 -28.49200058 392.11801147 0.472795 0.792295 -0.385659
38.08200073 -28.24699974 392.41799927 -0.834186 0.470686 -0.287382
37.91799927 -28.51099968 392.41799927 -0.412295 0.707028 -0.574564
38.18600082 -28.24699974 392.11801147 -0.826575 0.487228 -0.281751
38.01300049 -28.54700089 392.11801147 -0.790425 0.578622 -0.201060
37.61800003 -28.65099907 392.11801147 0.388249 0.872419 -0.296897
37.91799927 -28.70499992 391.81799316 -0.222913 0.869212 -0.441338
37.91799927 -28.85799980 391.51800537 -0.330641 0.903752 -0.271860
38.28599930 -28.24699974 391.81799316 -0.829696 0.525524 -0.188225
38.06600189 -28.54700089 391.81799316 -0.770668 0.604536 -0.201512
38.32099915 -28.24699974 391.51800537 -0.862835 0.484526 -0.144048
38.16799927 -28.54700089 391.51800537 -0.849381 0.479953 -0.219537
38.38600159 -28.24699974 391.21798706 -0.840058 0.505241 -0.197572
38.22100067 -28.54700089 391.21798706 -0.840000 0.514742 -0.171581
38.46300125 -28.24699974 390.91799927 -0.822393 0.518031 -0.235189
38.29100037 -28.54700089 390.91799927 -0.824800 0.518752 -0.224946
38.96500015 -27.64699936 390.61801147 -0.836471 0.509748 -0.201177
38.75699997 -27.94700050 390.61801147 -0.811984 0.550935 -0.192751
39.02999878 -27.64699936 390.31799316 -0.832825 0.514258 -0.204793
38.81100082 -27.94700050 390.31799316 -0.827037 0.531774 -0.182280
38.81399918 -27.64699936 391.21798706 -0.817540 0.520815 -0.245726
38.58300018 -27.94700050 391.21798706 -0.794856 0.566432 -0.217621
38.88499832 -27.64699936 390.91799927 -0.815417 0.541071 -0.205759
38.66899872 -27.94700050 390.91799927 -0.795668 0.559915 -0.231101
39.12099838 -27.04700089 391.21798706 -0.813361 0.513619 -0.273202
39.24300003 -27.04700089 390.91799927 -0.836099 0.473117 -0.277666
38.96400070 -27.34700012 391.21798706 -0.854009 0.435468 -0.284670
39.06700134 -27.34700012 390.91799927 -0.836569 0.501332 -0.220952
39.32099915 -27.04700089 390.61801147 -0.849574 0.506223 -0.148199
39.12300110 -27.34700012 390.61801147 -0.849311 0.503678 -0.158046
39.34700012 -27.04700089 390.31799316 -0.846839 0.505730 -0.164622
39.17900085 -27.34700012 390.31799316 -0.862120 0.455886 -0.221172
39.64400101 -26.44700050 390.61801147 -0.842313 0.502985 -0.193687
39.48099899 -26.74699974 390.61801147 -0.864545 0.467121 -0.185365
39.53599930 -26.74699974 390.31799316 -0.831096 0.524507 -0.184855
39.43799973 -27.04700089 390.01800537 -0.835866 0.469884 -0.283791
39.27600098 -27.34700012 390.01800537 -0.850776 0.462810 -0.248970
39.54999924 -27.04700089 389.71798706 -0.834349 0.497548 -0.237292
39.35499954 -27.34700012 389.71798706 -0.824559 0.531046 -0.195171
39.61399841 -26.74699974 390.01800537 -0.819785 0.520278 -0.239297
39.71200180 -26.74699974 389.71798706 -0.835322 0.487656 -0.253827
39.81999969 -26.44700050 390.01800537 -0.803931 0.546797 -0.233899
39.90000153 -26.44700050 389.71798706 -0.817082 0.531946 -0.222283
39.98300171 -26.44700050 389.41799927 -0.835289 0.503608 -0.220614
39.79600143 -26.74699974 389.41799927 -0.831841 0.520844 -0.191731
40.05799866 -26.44700050 389.11801147 -0.822984 0.518403 -0.232282
39.85100174 -26.74699974 389.11801147 -0.828859 0.537196 -0.156248
40.15900040 -26.14699936 389.41799927 -0.835193 0.521435 -0.174808
40.22800064 -26.14699936 389.11801147 -0.844241 0.480897 -0.236632
40.35699844 -25.84700012 389.41799927 -0.851224 0.507824 -0.132413
40.40000153 -25.84700012 389.11801147 -0.843448 0.510234 -0.168095
40.47700119 -25.84700012 388.81799316 -0.853031 0.489786 -0.180134
40.32799911 -26.14699936 388.81799316 -0.854583 0.462962 -0.235276
40.52700043 -25.84700012 388.51800537 -0.840607 0.485378 -0.240392
40.39300156 -26.14699936 388.51800537 -0.842065 0.507034 -0.183968
34.91799927 -36.15900040 371.11801147 0.562099 0.744577 -0.360069
35.21799850 -36.25600052 371.41799927 0.557074 0.751969 -0.352435
34.91799927 -36.02099991 371.41799927 0.568336 0.755098 -0.326834
22.61800003 -22.24699974 362.05499268 0.060459 0.399028 0.914943
22.31800079 -22.24699974 362.07199097 0.035820 0.409936 0.911411
16.91799927 -18.01300049 382.81799316 0.516182 0.740466 -0.430427
40.56499863 -32.44699860 372.01800537 -0.846340 0.474256 -0.242465
40.39500046 -32.74700165 372.01800537 -0.826338 0.517797 -0.221477
40.63199997 -32.44699860 371.71798706 -0.843212 0.496273 -0.206655
40.45899963 -32.74700165 371.71798706 -0.843823 0.512796 -0.158124
15.24899960 -18.94700050 377.71798706 0.855724 -0.504805 0.113617
15.37699986 -18.64699936 377.71798706 0.890115 -0.425582 0.163019
15.14500046 -18.94700050 378.01800537 0.817456 -0.501727 0.282905
15.32900047 -18.64699936 378.01800537 0.883034 -0.460409 0.090962
40.18600082 -30.64699936 378.01800537 -0.823973 0.517093 -0.231695
39.99900055 -30.94700050 378.01800537 -0.826109 0.516510 -0.225303
40.26100159 -30.64699936 377.71798706 -0.829895 0.516210 -0.211661
40.06600189 -30.94700050 377.71798706 -0.827096 0.519410 -0.214771
40.41999817 -30.04700089 378.61801147 -0.826433 0.505129 -0.248702
40.49700165 -30.04700089 378.31799316 -0.843070 0.494944 -0.210389
40.90900040 -31.84700012 372.01800537 -0.842494 0.490316 -0.223147
40.72999954 -32.14699936 372.01800537 -0.841230 0.482673 -0.243635
40.81100082 -32.14699936 371.71798706 -0.842288 0.488923 -0.226946
40.86399841 -25.24699974 388.81799316 -0.818902 0.515490 -0.252327
40.67200089 -25.54700089 388.81799316 -0.822942 0.530882 -0.202313
40.73899841 -25.54700089 388.51800537 -0.798978 0.553855 -0.234263
40.94200134 -25.24699974 388.51800537 -0.811984 0.550935 -0.192751
40.84700012 -25.54700089 388.21798706 -0.842525 0.507311 -0.181075
40.86800003 -25.54700089 387.91799927 -0.849940 0.506441 -0.145327
42.04100037 -27.34700012 378.61801147 -0.836541 0.493972 -0.237045
42.10900116 -27.34700012 378.31799316 -0.835081 0.502270 -0.224419
41.00600052 -25.24699974 388.21798706 -0.855090 0.493038 -0.160421
41.05400085 -25.24699974 387.91799927 -0.833844 0.522463 -0.178146
41.35699844 -24.64699936 388.21798706 -0.855684 0.470701 -0.215049
41.19200134 -24.94700050 388.21798706 -0.855097 0.499657 -0.138389
41.45000076 -24.64699936 387.91799927 -0.834162 0.518533 -0.187874
41.24300003 -24.94700050 387.91799927 -0.825626 0.543994 -0.149709
43.34099960 -25.24699974 378.91799927 -0.824734 0.527040 -0.205044
43.80199814 -24.64699936 378.61801147 -0.810453 0.538758 -0.230014
43.59999847 -24.94700050 378.61801147 -0.804814 0.552444 -0.216977
43.88399887 -24.64699936 378.31799316 -0.828404 0.517180 -0.215110
43.69400024 -24.94700050 378.31799316 -0.799106 0.580214 -0.157422
41.49100113 -24.64699936 387.61801147 -0.831938 0.522030 -0.188051
41.29999924 -24.94700050 387.61801147 -0.841590 0.500119 -0.203976
41.38800049 -24.94700050 387.31799316 -0.811508 0.537412 -0.229440
41.58499908 -24.64699936 387.31799316 -0.824556 0.517459 -0.228787
41.85499954 -24.04700089 387.61801147 -0.815504 0.537040 -0.215734
41.67599869 -24.34700012 387.61801147 -0.835813 0.508162 -0.207816
41.94599915 -24.04700089 387.31799316 -0.815393 0.528695 -0.235832
41.76399994 -24.34700012 387.31799316 -0.827057 0.499326 -0.258166
42.02899933 -24.04700089 387.01800537 -0.845076 0.482683 -0.229922
41.86199951 -24.34700012 387.01800537 -0.833469 0.515813 -0.198157
42.10900116 -24.04700089 386.71798706 -0.837828 0.488605 -0.243537
41.90700150 -24.34700012 386.71798706 -0.831715 0.537302 -0.139846
42.39599991 -23.44700050 387.01800537 -0.839602 0.524935 -0.139689
42.20500183 -23.74699974 387.01800537 -0.844469 0.515493 -0.145395
42.43399811 -23.44700050 386.71798706 -0.812861 0.548491 -0.195998
42.25600052 -23.74699974 386.71798706 -0.859682 0.467966 -0.204829
40.98099899 -31.84700012 371.71798706 -0.840318 0.502380 -0.203668
42.54000092 -23.44700050 386.41799927 -0.803009 0.545176 -0.240747
42.34700012 -23.74699974 386.41799927 -0.833707 0.469057 -0.291408
42.61399841 -23.44700050 386.11801147 -0.838192 0.514311 -0.181433
42.46599960 -23.74699974 386.11801147 -0.835322 0.487656 -0.253827
42.96599960 -22.84700012 386.41799927 -0.820552 0.514584 -0.248793
42.75199890 -23.14699936 386.41799927 -0.793465 0.564551 -0.227367
43.05099869 -22.84700012 386.11801147 -0.816040 0.537392 -0.212813
42.83200073 -23.14699936 386.11801147 -0.791335 0.576215 -0.204364
42.74900055 -23.44700050 385.51800537 -0.820936 0.523251 -0.228634
43.12300110 -22.84700012 385.81799316 -0.827810 0.520988 -0.208092
42.90800095 -23.14699936 385.81799316 -0.783109 0.593820 -0.184710
43.20100021 -22.84700012 385.51800537 -0.804037 0.568709 -0.173479
42.97399902 -23.14699936 385.51800537 -0.789528 0.594768 -0.151314
43.25199890 -22.84700012 385.21798706 -0.797059 0.584709 -0.151037
43.02299881 -23.14699936 385.21798706 -0.801752 0.559540 -0.210019
43.31399918 -22.84700012 384.91799927 -0.823715 0.533526 -0.191948
43.13100052 -23.14699936 384.91799927 -0.815712 0.510015 -0.272944
43.28300095 -22.54700089 385.81799316 -0.849004 0.467943 -0.245403
43.45299911 -22.24699974 385.81799316 -0.835619 0.495239 -0.237653
43.56000137 -22.24699974 385.51800537 -0.822591 0.491682 -0.285644
43.39799881 -22.54700089 385.51800537 -0.830933 0.497943 -0.248201
43.65999985 -22.24699974 385.21798706 -0.805892 0.547020 -0.226513
43.46200180 -22.54700089 385.21798706 -0.815573 0.555188 -0.163115
43.72900009 -22.24699974 384.91799927 -0.812738 0.557349 -0.169759
43.51900101 -22.54700089 384.91799927 -0.813021 0.562402 -0.150670
43.78499985 -22.24699974 384.61801147 -0.793969 0.581434 -0.177618
43.57400131 -22.54700089 384.61801147 -0.824833 0.540408 -0.166164
43.86399841 -22.24699974 384.31799316 -0.785701 0.582741 -0.207573
43.64099884 -22.54700089 384.31799316 -0.821180 0.514977 -0.245890
43.86800003 -21.94700050 385.21798706 -0.784980 0.543936 -0.296548
41.11899948 -31.24699974 372.61801147 -0.842065 0.507034 -0.183968
40.95199966 -31.54700089 372.61801147 -0.844864 0.478196 -0.239862
41.19200134 -31.24699974 372.31799316 -0.857355 0.478628 -0.189364
41.02600098 -31.54700089 372.31799316 -0.837349 0.516790 -0.178255
38.40100098 -35.14699936 370.21798706 -0.495049 0.852667 -0.166987
41.25199890 -31.24699974 372.01800537 -0.850604 0.498528 -0.167162
41.07899857 -31.54700089 372.01800537 -0.850053 0.485959 -0.203110
41.30899811 -31.24699974 371.71798706 -0.846584 0.478768 -0.232545
41.16999817 -31.54700089 371.71798706 -0.852777 0.468043 -0.231749
35.51800156 -36.06900024 372.31799316 0.553470 0.754732 -0.352208
35.81800079 -36.28599930 372.31799316 0.541890 0.765117 -0.347780
35.81800079 -36.16699982 372.61801147 0.528725 0.748072 -0.401045
35.51800156 -35.92499924 372.61801147 0.575571 0.726434 -0.375515
18.39599991 -10.54699993 386.11801147 0.825500 -0.564387 0.004080
18.41799927 -10.51099968 386.11801147 0.859609 -0.510937 0.004023
18.58099937 -10.24699974 386.11801147 0.890237 -0.432972 0.141466
18.40699959 -10.54699993 386.41799927 0.853161 -0.520689 -0.031599
41.78400040 -23.44700050 389.41799927 -0.820187 0.525839 -0.225360
41.63000107 -23.74699974 389.41799927 -0.854193 0.467160 -0.228289
41.87599945 -23.44700050 389.11801147 -0.810440 0.546932 -0.209887
41.68600082 -23.74699974 389.11801147 -0.837476 0.504303 -0.210505
43.91799927 -29.83799934 365.71798706 -0.627396 0.734859 -0.257596
39.56000137 -27.34700012 388.81799316 -0.841648 0.495890 -0.213824
39.64799881 -27.34700012 388.51800537 -0.837386 0.495720 -0.230319
36.41799927 -37.84700012 368.54998779 0.201061 0.515502 0.832966
36.41799927 -38.07799911 369.01800537 0.545602 0.838034 0.004062
36.11800003 -37.86399841 369.01800537 0.559944 0.818605 -0.127861
36.41799927 -38.01699829 368.71798706 0.198714 0.826712 0.526365
36.11800003 -37.89799881 368.71798706 0.346802 0.913773 0.211535
18.41799927 -17.44700050 386.53298950 0.580707 0.733611 -0.352979
18.11800003 -17.25699997 386.41799927 0.612193 0.725263 -0.314981
18.35300064 -17.44700050 386.41799927 0.597689 0.736236 -0.317371
18.11800003 -17.37100029 386.11801147 0.571699 0.755286 -0.320473
19.01799965 -17.37599945 387.61801147 0.563114 0.727287 -0.392374
38.15100098 -37.24700165 369.61801147 -0.833469 0.515813 -0.198157
37.96099854 -37.54700089 369.61801147 -0.819271 0.549675 -0.163255
38.22999954 -37.24700165 369.31799316 -0.812231 0.556054 -0.176310
38.00899887 -37.54700089 369.31799316 -0.824310 0.544074 -0.156514
38.51499939 -36.64699936 369.61801147 -0.820486 0.498543 -0.279747
38.33200073 -36.94699860 369.61801147 -0.837246 0.507192 -0.204391
38.41799927 -36.94699860 369.31799316 -0.825365 0.519107 -0.222037
38.60800171 -36.64699936 369.31799316 -0.801649 0.547354 -0.240340
38.51800156 -36.04700089 369.84600830 -0.645748 -0.064719 -0.760803
38.80599976 -36.04700089 369.61801147 -0.683240 0.362101 -0.634086
38.69699860 -36.34700012 369.61801147 -0.809084 0.392526 -0.437386
38.99800110 -36.04700089 369.31799316 -0.810227 0.466398 -0.354972
38.82699966 -36.34700012 369.31799316 -0.806190 0.524415 -0.273948
38.81800079 -35.44699860 369.86599731 -0.459768 0.526161 -0.715380
39.00000000 -35.74700165 369.61801147 -0.761674 0.489765 -0.424244
40.33100128 -33.64699936 369.91799927 -0.833824 0.508800 -0.214151
40.25299835 -33.64699936 370.21798706 -0.827096 0.519410 -0.214771
40.06499863 -33.94699860 370.21798706 -0.840831 0.502687 -0.200773
40.14599991 -33.94699860 369.91799927 -0.844601 0.495318 -0.203246
42.77199936 -28.84700012 372.01800537 -0.828754 0.526840 -0.188696
42.83599854 -28.84700012 371.71798706 -0.822942 0.530882 -0.202313
21.41799927 -12.04699993 368.41799927 0.992530 -0.115515 -0.039253
21.38299942 -12.34700012 368.41799927 0.968097 -0.229653 0.100235
21.40600014 -12.34700012 368.11801147 0.977628 -0.207880 0.032073
21.40200043 -12.34700012 367.81799316 0.985343 -0.170123 -0.012559
21.35000038 -12.64700031 367.81799316 0.966167 -0.250580 0.061087
21.24799919 -12.94699955 367.81799316 0.910843 -0.400991 0.097836
21.37000084 -12.64700031 367.51800537 0.947478 -0.309727 0.079719
21.27499962 -12.94699955 367.51800537 0.932417 -0.343379 0.112650
21.08799934 -13.24699974 367.81799316 0.845003 -0.501019 0.186948
20.89200020 -13.54699993 367.81799316 0.859112 -0.479263 0.179538
20.95299911 -13.54699993 367.51800537 0.862589 -0.470638 0.185583
21.14900017 -13.24699974 367.51800537 0.866639 -0.469368 0.169208
21.20499992 -13.24699974 367.21798706 0.882491 -0.441970 0.160848
21.25799942 -13.24699974 366.91799927 0.897714 -0.410915 0.158926
21.02099991 -13.54699993 367.21798706 0.856799 -0.476996 0.195882
21.09099960 -13.54699993 366.91799927 0.860084 -0.472525 0.192289
20.66099930 -14.44699955 366.61801147 0.819930 -0.532878 0.209181
20.73699951 -14.44699955 366.31799316 0.850460 -0.491743 0.186832
20.55299950 -14.74699974 366.31799316 0.823818 -0.520064 0.225515
20.87000084 -13.84700012 367.21798706 0.865728 -0.477392 0.150371
20.69000053 -14.14700031 367.21798706 0.848093 -0.500539 0.173777
20.92700005 -13.84700012 366.91799927 0.857691 -0.467149 0.214798
20.76499939 -14.14700031 366.91799927 0.843001 -0.483239 0.236284
20.58300018 -14.44699955 366.91799927 0.851598 -0.482122 0.205765
20.46599960 -14.74699974 366.61801147 0.850506 -0.493025 0.183209
20.31500053 -15.04699993 366.61801147 0.861914 -0.480146 0.162985
20.13199997 -15.34700012 366.61801147 0.831565 -0.495237 0.251475
20.35899925 -15.04699993 366.31799316 0.861382 -0.472945 0.185323
20.22500038 -15.34700012 366.31799316 0.826964 -0.510907 0.234741
20.44300079 -15.04699993 366.01800537 0.846549 -0.466903 0.255649
20.30100060 -15.34700012 366.01800537 0.842216 -0.501714 0.197371
20.36599922 -15.34700012 365.71798706 0.853341 -0.486985 0.186156
19.77700043 -15.94699955 366.61801147 0.838940 -0.499116 0.216941
19.83699989 -15.94699955 366.31799316 0.876335 -0.449140 0.174097
19.95700073 -15.64700031 366.61801147 0.848911 -0.503441 0.160924
19.99099922 -15.64700031 366.31799316 0.824831 -0.536366 0.178789
20.08600044 -15.64700031 366.01800537 0.796356 -0.538758 0.274876
20.19799995 -15.64700031 365.71798706 0.814480 -0.527016 0.242644
19.97800064 -15.94699955 365.71798706 0.822433 -0.530553 0.205228
19.89599991 -15.94699955 366.01800537 0.854979 -0.477650 0.202140
19.90999985 -16.24699974 365.41799927 0.845141 -0.505296 0.174394
19.68899918 -16.54700089 365.41799927 0.793876 -0.572758 0.204227
19.76799965 -16.54700089 365.11801147 0.836569 -0.501332 0.220952
19.75099945 -16.24699974 366.01800537 0.833786 -0.521304 0.181780
19.52300072 -16.54700089 366.01800537 0.806474 -0.565286 0.173354
19.81299973 -16.24699974 365.71798706 0.832144 -0.508448 0.221396
19.61300087 -16.54700089 365.71798706 0.794319 -0.566049 0.220558
19.33099937 -16.84700012 366.01800537 0.842564 -0.508521 0.177460
19.38699913 -16.84700012 365.71798706 0.823095 -0.532056 0.198574
19.47599983 -16.84700012 365.41799927 0.810129 -0.527128 0.256567
19.57600021 -16.84700012 365.11801147 0.816260 -0.530338 0.229045
19.37899971 -17.14699936 365.11801147 0.844601 -0.495318 0.203246
19.29999924 -17.14699936 365.41799927 0.854316 -0.471606 0.218476
19.14500046 -17.44700050 365.41799927 0.830658 -0.513637 0.214904
18.93199921 -17.74699974 365.41799927 0.824734 -0.527040 0.205044
19.22599983 -17.44700050 365.11801147 0.843851 -0.497887 0.200057
19.02599907 -17.74699974 365.11801147 0.808971 -0.536736 0.239752
19.28599930 -17.44700050 364.81799316 0.854872 -0.476264 0.205830
19.10899925 -17.74699974 364.81799316 0.832895 -0.510091 0.214695
19.18000031 -17.74699974 364.51800537 0.824734 -0.527040 0.205044
18.76199913 -18.04700089 365.41799927 0.835539 -0.517524 0.184509
18.82900047 -18.04700089 365.11801147 0.817059 -0.536052 0.212283
18.91799927 -18.04700089 364.81799316 0.827856 -0.516839 0.218017
18.73500061 -18.34700012 364.81799316 0.818525 -0.510996 0.262487
18.98600006 -18.04700089 364.51800537 0.838185 -0.497435 0.223617
18.82500076 -18.34700012 364.51800537 0.845361 -0.488465 0.216255
18.69799995 -18.64699936 364.21798706 0.835148 -0.520281 0.178425
18.51399994 -18.94700050 364.21798706 0.830533 -0.523040 0.191429
18.55400085 -18.94700050 363.91799927 0.829927 -0.521539 0.198034
18.54299927 -18.64699936 364.81799316 0.813521 -0.525302 0.249480
18.34700012 -18.94700050 364.81799316 0.839840 -0.509313 0.187800
18.63899994 -18.64699936 364.51800537 0.809081 -0.549074 0.209535
18.41699982 -18.94700050 364.51800537 0.812078 -0.537790 0.226519
17.59199905 -20.44700050 364.21798706 0.792006 -0.546374 0.272400
17.66900063 -20.44700050 363.91799927 0.846422 -0.505481 0.167506
17.70999908 -20.44700050 363.61801147 0.848047 -0.505878 0.157810
17.54700089 -20.74699974 363.61801147 0.859833 -0.487776 0.150874
17.78000069 -20.44700050 363.31799316 0.812840 -0.543424 0.209716
17.59300041 -20.74699974 363.31799316 0.857889 -0.481544 0.179282
17.50799942 -21.04700089 363.01800537 0.854193 -0.467160 0.228289
17.34600067 -21.34700012 363.01800537 0.829908 -0.504694 0.237774
17.41500092 -21.34700012 362.71798706 0.825352 -0.523283 0.212059
17.37000084 -21.04700089 363.61801147 0.849764 -0.500991 0.164041
17.19400024 -21.34700012 363.61801147 0.840190 -0.522360 0.145672
17.44400024 -21.04700089 363.31799316 0.847326 -0.493399 0.196460
17.24399948 -21.34700012 363.31799316 0.828590 -0.518439 0.211328
16.99699974 -21.64699936 363.61801147 0.819113 -0.535398 0.205922
17.06800079 -21.64699936 363.31799316 0.833752 -0.512961 0.204277
17.14299965 -21.64699936 363.01800537 0.817059 -0.536052 0.212283
16.95299911 -21.94700050 363.01800537 0.824052 -0.521339 0.221684
17.22299957 -21.64699936 362.71798706 0.827810 -0.520988 0.208092
17.03800011 -21.94700050 362.71798706 0.822102 -0.490129 0.289693
16.76399994 -22.24699974 363.01800537 0.839651 -0.496503 0.220162
16.59799957 -22.54700089 363.01800537 0.837059 -0.479421 0.263604
16.86700058 -22.24699974 362.71798706 0.795879 -0.384273 0.467880
16.70700073 -22.54700089 362.71798706 0.789415 -0.364964 0.493585
16.42000008 -22.84700012 363.01800537 0.840590 -0.459770 0.286389
16.61800003 -22.84700012 362.68200684 0.460620 -0.140063 0.876477
16.61800003 -23.14699936 362.66900635 0.227627 0.108091 0.967731
17.21800041 -23.44700050 362.77398682 -0.065603 0.386922 0.919776
16.91799927 -23.44700050 362.76199341 -0.038571 0.416299 0.908409
17.21800041 -23.74699974 362.93600464 -0.022380 0.414691 0.909687
16.91799927 -23.74699974 362.90600586 -0.046613 0.400872 0.914947
17.81800079 -23.44700050 362.79998779 0.016829 0.384469 0.922984
17.51799965 -23.44700050 362.80398560 -0.040358 0.363219 0.930829
17.81800079 -23.74699974 362.92199707 -0.001279 0.387428 0.921899
17.51799965 -23.74699974 362.92098999 0.022026 0.382221 0.923808
42.04899979 -29.74699974 372.61801147 -0.821880 0.537325 -0.189199
42.24499893 -29.44700050 372.61801147 -0.835158 0.526609 -0.158725
42.29999924 -29.44700050 372.31799316 -0.825622 0.532805 -0.185652
42.11899948 -29.74699974 372.31799316 -0.832037 0.516803 -0.201568
20.81800079 -25.84700012 363.75500488 0.035781 0.412140 0.910418
20.51799965 -25.84700012 363.76800537 0.022413 0.423212 0.905753
20.81800079 -26.14699936 363.90798950 0.017079 0.419080 0.907789
20.51799965 -26.14699936 363.91699219 0.011770 0.422427 0.906321
21.41799927 -25.84700012 363.72900391 0.009143 0.419289 0.907807
21.11800003 -25.84700012 363.74499512 0.038613 0.414096 0.909414
21.41799927 -26.14699936 363.89300537 0.030574 0.429371 0.902610
21.11800003 -26.14699936 363.90499878 0.022327 0.413700 0.910140
22.01799965 -25.84700012 363.73999023 0.024973 0.406134 0.913472
21.71800041 -25.84700012 363.73901367 -0.017060 0.421243 0.906787
22.01799965 -26.14699936 363.86401367 0.046436 0.396694 0.916775
21.71800041 -26.14699936 363.88500977 0.044085 0.412797 0.909756
22.01799965 -26.44700050 364.00000000 0.046689 0.409529 0.911102
21.71800041 -26.44700050 364.01199341 0.022149 0.394766 0.918515
22.01799965 -26.74699974 364.13299561 0.030258 0.403876 0.914313
21.71800041 -26.74699974 364.14199829 0.009072 0.400462 0.916268
22.61800003 -26.44700050 363.96200562 0.041692 0.434409 0.899750
22.31800079 -26.44700050 363.98199463 0.057735 0.406831 0.911677
22.61800003 -26.74699974 364.11099243 0.036235 0.438849 0.897830
22.31800079 -26.74699974 364.12200928 0.033263 0.421777 0.906089
23.21800041 -26.44700050 363.93899536 0.030531 0.420798 0.906640
22.91799927 -26.44700050 363.95401001 0.035921 0.421738 0.906006
23.21800041 -26.74699974 364.08499146 0.041746 0.443049 0.895525
22.91799927 -26.74699974 364.09698486 0.039105 0.446332 0.894013
20.94700050 -7.54699993 382.81799316 0.840368 -0.510812 0.181256
21.02000046 -7.54699993 382.51800537 0.846565 -0.495952 0.193286
28.01799965 -30.34700012 365.51400757 0.035589 0.399389 0.916090
27.71800041 -30.34700012 365.52899170 0.049458 0.405021 0.912969
28.01799965 -30.04700089 365.38699341 0.027780 0.421998 0.906171
27.71800041 -30.04700089 365.39300537 0.030648 0.430404 0.902116
28.01799965 -30.64699936 365.64801025 0.019576 0.403274 0.914870
27.71800041 -30.64699936 365.66000366 0.022232 0.398867 0.916739
28.61800003 -30.64699936 365.64099121 0.041481 0.421496 0.905881
28.31800079 -30.64699936 365.64700317 0.011695 0.406713 0.913481
28.61800003 -30.94700050 365.77600098 0.014251 0.395130 0.918515
28.31800079 -30.94700050 365.77200317 0.003871 0.403860 0.914813
29.21800041 -30.64699936 365.60699463 0.017124 0.430740 0.902314
28.91799927 -30.64699936 365.61898804 0.052404 0.417886 0.906987
29.21800041 -30.94700050 365.76000977 0.025076 0.421018 0.906706
28.91799927 -30.94700050 365.76300049 0.025140 0.427382 0.903721
29.81800079 -31.24699974 365.86401367 0.016829 0.384469 0.922984
29.51799965 -31.24699974 365.86801147 0.032728 0.383573 0.922931
29.81800079 -31.54700089 365.98300171 0.024906 0.399800 0.916264
29.51799965 -31.54700089 365.99600220 0.017012 0.409598 0.912108
30.41799927 -31.24699974 365.85800171 0.009096 0.406724 0.913506
30.11800003 -31.24699974 365.85699463 0.009026 0.393281 0.919374
30.41799927 -31.54700089 365.97900391 0.001279 0.387428 0.921899
30.11800003 -31.54700089 365.97900391 0.006441 0.395465 0.918458
31.01799965 -31.84700012 366.09399414 0.032921 0.401638 0.915207
30.71800041 -31.84700012 366.10400391 0.024804 0.390329 0.920341
31.01799965 -32.14699936 366.23001099 0.014364 0.413957 0.910183
30.71800041 -32.14699936 366.23300171 0.014323 0.402348 0.915375
42.64500046 -28.84700012 372.61801147 -0.812315 0.543073 -0.212640
42.42800140 -29.14699936 372.61801147 -0.812088 0.541904 -0.216455
42.70000076 -28.84700012 372.31799316 -0.826226 0.535323 -0.175442
42.50699997 -29.14699936 372.31799316 -0.808808 0.539721 -0.233518
34.01800156 -34.24700165 367.03799438 0.043621 0.392587 0.918680
33.71799850 -34.24700165 367.04800415 0.027168 0.366118 0.930172
34.01800156 -34.54700089 367.15798950 0.011648 0.397326 0.917604
33.71799850 -34.54700089 367.16101074 0.003840 0.385249 0.922805
34.61800003 -34.84700012 367.27398682 0.027780 0.421998 0.906171
34.31800079 -34.84700012 367.28900146 0.035914 0.416340 0.908499
34.61800003 -35.14699936 367.42001343 0.024939 0.402965 0.914875
34.31800079 -35.14699936 367.42898560 0.035675 0.400356 0.915665
35.21799850 -34.84700012 367.26800537 -0.022384 0.420038 0.907230
34.91799927 -34.84700012 367.27099609 0.009132 0.416143 0.909253
35.21799850 -35.14699936 367.42300415 -0.069198 0.413833 0.907719
34.91799927 -35.14699936 367.41198730 -0.003870 0.398582 0.917125
35.81800079 -34.84700012 367.37399292 -0.311891 0.548608 0.775728
35.51800156 -34.84700012 367.28601074 -0.155369 0.457395 0.875585
35.51800156 -35.14699936 367.45700073 -0.222337 0.434228 0.872933
35.81800079 -35.14699936 367.57199097 -0.361698 0.454115 0.814220
20.36300087 -7.84700012 384.61801147 0.819740 -0.545992 0.172973
20.16099930 -8.14700031 384.61801147 0.829221 -0.507342 0.234512
20.42900085 -7.84700012 384.31799316 0.834183 -0.535108 0.133411
20.22800064 -8.14700031 384.31799316 0.846060 -0.490141 0.209630
20.47900009 -7.54699993 384.91799927 0.839057 -0.483186 0.250030
43.01200104 -28.24699974 372.61801147 -0.829793 0.534822 -0.159404
42.82899857 -28.54700089 372.61801147 -0.832895 0.510091 -0.214695
43.06600189 -28.24699974 372.31799316 -0.850662 0.487593 -0.196537
42.89599991 -28.54700089 372.31799316 -0.833824 0.508800 -0.214151
42.85200119 -28.24699974 373.21798706 -0.840974 0.470637 -0.266951
42.95100021 -28.24699974 372.91799927 -0.814476 0.538382 -0.216273
42.74200058 -28.54700089 372.91799927 -0.811337 0.549517 -0.199409
43.21599960 -27.94700050 372.61801147 -0.852811 0.501739 -0.144817
43.24000168 -27.94700050 372.31799316 -0.815522 0.554195 -0.166709
43.22000122 -27.64699936 373.21798706 -0.821989 0.538441 -0.185513
43.01800156 -27.94700050 373.21798706 -0.830658 0.513637 -0.214904
43.30099869 -27.64699936 372.91799927 -0.812861 0.548491 -0.195998
43.13899994 -27.94700050 372.91799927 -0.829958 0.485564 -0.274584
43.36399841 -27.64699936 372.61801147 -0.814650 0.531293 -0.232537
43.47100067 -27.64699936 372.31799316 -0.773786 0.571240 -0.273752
43.86800003 -27.04700089 372.61801147 -0.746336 0.620637 -0.240399
43.60400009 -27.34700012 372.61801147 -0.762022 0.621529 -0.181725
43.68299866 -27.34700012 372.31799316 -0.760474 0.607443 -0.229548
43.63800049 -27.04700089 373.21798706 -0.754654 0.595779 -0.274853
43.40900040 -27.34700012 373.21798706 -0.792146 0.554658 -0.254674
43.75899887 -27.04700089 372.91799927 -0.759690 0.581314 -0.291453
43.54000092 -27.34700012 372.91799927 -0.768364 0.589236 -0.249836
43.91799927 -26.85799980 372.91799927 -0.749225 0.595866 -0.289147
43.91799927 -26.69400024 373.21798706 -0.731258 0.616049 -0.292823
19.89999962 -17.74699974 361.51800537 0.829904 -0.512003 0.221613
19.81200027 -17.74699974 361.81799316 0.824406 -0.513135 0.238847
19.89900017 -17.14699936 363.01800537 0.837733 -0.514029 0.184331
19.84799957 -16.54700089 364.81799316 0.813130 -0.540555 0.215916
41.94100189 -31.84700012 367.81799316 -0.844469 0.515493 -0.145395
41.74300003 -32.14699936 367.81799316 -0.837351 0.523159 -0.158578
41.98899841 -31.84700012 367.51800537 -0.838776 0.507482 -0.197271
41.80099869 -32.14699936 367.51800537 -0.846714 0.491786 -0.203031
37.91799927 -29.40099907 390.31799316 -0.521116 0.726253 -0.448325
43.01100159 -30.64699936 366.61801147 -0.822433 0.530553 -0.205228
42.82400131 -30.94700050 366.61801147 -0.824815 0.522942 -0.214970
43.07799911 -30.64699936 366.31799316 -0.839134 0.517193 -0.168423
42.89500046 -30.94700050 366.31799316 -0.836958 0.521798 -0.165013
41.51499939 -27.04700089 381.61801147 -0.841191 0.508313 -0.184432
41.34700012 -27.34700012 381.61801147 -0.839651 0.496503 -0.220162
41.41899872 -27.34700012 381.31799316 -0.827435 0.529016 -0.188396
41.16099930 -27.64699936 381.61801147 -0.828847 0.527995 -0.185024
40.96500015 -27.94700050 381.61801147 -0.825751 0.538012 -0.169346
41.21099854 -27.64699936 381.31799316 -0.810946 0.552295 -0.193227
41.01200104 -27.94700050 381.31799316 -0.841437 0.504260 -0.194178
42.57400131 -26.74699974 378.01800537 -0.810430 0.531506 -0.246383
42.67300034 -26.74699974 377.71798706 -0.826338 0.517797 -0.221477
43.22700119 -26.44700050 376.21798706 -0.821272 0.535876 -0.195830
43.04299927 -26.74699974 376.21798706 -0.827096 0.519410 -0.214771
43.30300140 -26.44700050 375.91799927 -0.820669 0.521964 -0.232497
43.11500168 -26.74699974 375.91799927 -0.829927 0.521539 -0.198034
43.53799820 -30.04700089 366.01800537 -0.809942 0.542523 -0.222849
43.33599854 -30.34700012 366.01800537 -0.814513 0.551572 -0.179827
43.61899948 -30.04700089 365.71798706 -0.674913 0.703100 -0.223927
17.45999908 -11.74699974 386.71798706 0.813130 -0.540555 0.215916
43.39699936 -30.34700012 365.71798706 -0.773610 0.629010 -0.076638
27.41799927 -31.84700012 366.18099976 0.013970 0.351785 0.935977
27.11800003 -31.84700012 366.18899536 0.046420 0.391253 0.919112
27.41799927 -32.14699936 366.30300903 0.043861 0.405378 0.913096
28.01799965 -31.84700012 366.18798828 0.019463 0.385372 0.922556
27.71800041 -31.84700012 366.17999268 -0.011403 0.350962 0.936320
28.01799965 -32.14699936 366.30700684 0.016805 0.381346 0.924280
27.71800041 -32.14699936 366.29598999 -0.006397 0.379970 0.924977
31.01799965 -31.24699974 365.83499146 0.051838 0.392106 0.918458
30.71800041 -31.24699974 365.85101318 0.035874 0.418536 0.907492
31.01799965 -31.54700089 365.96701050 0.024812 0.395688 0.918050
30.71800041 -31.54700089 365.97900391 0.019444 0.387578 0.921632
31.61800003 -31.24699974 365.80700684 0.022356 0.416868 0.908692
31.31800079 -31.24699974 365.81698608 0.043801 0.402174 0.914515
31.61800003 -31.54700089 365.95498657 0.052195 0.408191 0.911403
31.31800079 -31.54700089 365.96301270 0.019602 0.406424 0.913474
43.91799927 -29.88100052 365.41799927 -0.999999 -0.000978 -0.000978
32.21799850 -31.24699974 365.79299927 0.049732 0.423392 0.904581
31.91799927 -31.24699974 365.80300903 0.022179 0.397912 0.917155
32.21799850 -31.54700089 365.92199707 0.038511 0.407685 0.912310
31.91799927 -31.54700089 365.92898560 0.049458 0.405021 0.912969
43.91799927 -30.00200081 365.11801147 -0.594800 0.739873 -0.314325
32.81800079 -31.24699974 365.74899292 0.033390 0.431404 0.901541
32.51800156 -31.24699974 365.76998901 0.066333 0.412892 0.908361
32.81800079 -31.54700089 365.89401245 0.014472 0.427589 0.903857
32.51800156 -31.54700089 365.90301514 0.041534 0.424720 0.904372
34.01800156 -30.64699936 365.44299316 0.022268 0.407374 0.912990
33.71799850 -30.64699936 365.45001221 0.033177 0.415374 0.909045
34.01800156 -30.94700050 365.58801270 0.038819 0.432361 0.900864
33.71799850 -30.94700050 365.59100342 0.006548 0.430890 0.902381
34.61800003 -30.64699936 365.42401123 0.036280 0.442075 0.896244
34.31800079 -30.64699936 365.43600464 0.027775 0.416631 0.908651
34.61800003 -30.94700050 365.56201172 0.022268 0.407374 0.912990
34.31800079 -30.94700050 365.56600952 0.038511 0.407685 0.912310
35.21799850 -30.94700050 365.54400635 0.025072 0.415660 0.909174
34.91799927 -30.94700050 365.55200195 0.027745 0.418813 0.907649
35.21799850 -30.64699936 365.40798950 0.019727 0.416891 0.908743
34.91799927 -30.64699936 365.41198730 0.024979 0.411494 0.911070
19.01799965 -21.34700012 361.81399536 0.052335 0.414651 0.908474
18.71800041 -21.04700089 361.69500732 0.064063 0.434809 0.898241
19.01799965 -21.04700089 361.67199707 0.039150 0.454952 0.889655
18.71800041 -21.34700012 361.83099365 0.049203 0.397611 0.916234
18.11800003 -21.04700089 361.76599121 0.306215 0.130850 0.942927
18.41799927 -21.04700089 361.71398926 0.108300 0.376993 0.919863
18.11800003 -21.34700012 361.86999512 0.214976 0.353485 0.910403
18.41799927 -21.34700012 361.84600830 0.060142 0.391593 0.918171
18.41799927 -21.94700050 362.09799194 0.086395 0.407290 0.909203
18.11800003 -21.64699936 361.99700928 0.103695 0.405103 0.908371
18.41799927 -21.64699936 361.97000122 0.065603 0.386922 0.919776
17.65699959 -21.34700012 362.11801147 0.720301 -0.146476 0.678020
17.77899933 -21.04700089 362.11801147 0.831114 -0.305211 0.464860
17.66900063 -21.04700089 362.41799927 0.843962 -0.476356 0.246602
17.81800079 -21.34700012 361.98599243 0.495059 -0.086036 0.864589
18.11800003 -21.94700050 362.13800049 0.080233 0.401167 0.912484
17.81800079 -21.64699936 362.03799438 0.325632 0.190304 0.926147
17.51799965 -21.94700050 362.18499756 0.173953 0.112268 0.978333
17.81800079 -21.94700050 362.15100098 0.072832 0.350916 0.933570
17.51799965 -21.64699936 362.17999268 0.648905 -0.185621 0.737880
17.50000000 -21.34700012 362.41799927 0.804420 -0.447970 0.390168
17.16500092 -21.94700050 362.41799927 0.840368 -0.181256 0.510812
17.29299927 -21.64699936 362.41799927 0.783279 -0.449210 0.429749
17.60300064 -21.04700089 362.71798706 0.841033 -0.491236 0.226607
34.01800156 -35.94400024 370.21798706 0.473033 0.817920 -0.327484
33.71799850 -35.86500168 369.91799927 0.552967 0.781125 -0.289951
34.01800156 -36.07799911 369.91799927 0.549746 0.765776 -0.333717
33.71799850 -35.97600174 369.61801147 0.577795 0.762434 -0.291285
34.01800156 -36.20600128 369.61801147 0.568932 0.755890 -0.323953
34.01800156 -36.33599854 369.31799316 0.586827 0.738787 -0.331403
33.71799850 -36.09500122 369.31799316 0.530872 0.781072 -0.328788
17.16300011 -20.74699974 365.11801147 0.839428 -0.503657 0.204185
17.34099960 -20.44700050 365.11801147 0.833244 -0.519836 0.188346
17.09499931 -20.74699974 365.41799927 0.824751 -0.535259 0.182440
17.28300095 -20.44700050 365.41799927 0.843867 -0.507511 0.174131
17.45499992 -20.14699936 365.41799927 0.836592 -0.511000 0.197466
17.47699928 -18.34700012 369.91799927 0.826712 -0.526365 0.198714
17.40699959 -18.34700012 370.21798706 0.830733 -0.519019 0.201252
16.96599960 -17.74699974 373.51800537 0.838876 -0.494800 0.226847
17.13100052 -17.44700050 373.51800537 0.836367 -0.515034 0.187695
17.07099915 -17.44700050 373.81799316 0.834884 -0.514820 0.194756
17.33399963 -17.14699936 373.51800537 0.814650 -0.531293 0.232537
17.25499916 -17.14699936 373.81799316 0.811270 -0.544425 0.213169
17.47299957 -16.84700012 373.81799316 0.825391 -0.528553 0.198397
17.52099991 -16.84700012 373.51800537 0.838709 -0.516931 0.171317
16.98999977 -17.44700050 374.11801147 0.833752 -0.512961 0.204277
16.92399979 -17.44700050 374.41799927 0.846813 -0.501540 0.177102
17.17700005 -17.14699936 374.11801147 0.821445 -0.531882 0.205742
17.37800026 -16.84700012 374.11801147 0.819150 -0.508277 0.265796
17.10499954 -17.14699936 374.41799927 0.842982 -0.499154 0.200566
17.27899933 -16.84700012 374.41799927 0.831459 -0.503775 0.234279
17.03400040 -17.14699936 374.71798706 0.853492 -0.491315 0.173667
17.20999908 -16.84700012 374.71798706 0.853914 -0.492813 0.167231
16.98299980 -17.14699936 375.01800537 0.835684 -0.512291 0.197965
17.16099930 -16.84700012 375.01800537 0.858346 -0.487328 0.160480
17.37999916 -16.54700089 374.71798706 0.837376 -0.508461 0.200669
17.32399940 -16.54700089 375.01800537 0.862835 -0.484526 0.144048
17.49799919 -16.24699974 375.01800537 0.835148 -0.520281 0.178425
17.57500076 -16.24699974 374.71798706 0.814696 -0.539564 0.212463
34.91799927 -36.04700089 367.78100586 0.046751 0.412747 0.909645
35.21799850 -36.04700089 367.77200317 0.009122 0.418297 0.908265
34.91799927 -36.34700012 367.92300415 0.016990 0.406444 0.913518
35.21799850 -36.34700012 367.91299438 0.035685 0.405757 0.913284
17.28000069 -16.54700089 375.31799316 0.856341 -0.497466 0.138590
17.44599915 -16.24699974 375.31799316 0.851718 -0.501617 0.151515
17.22699928 -16.54700089 375.61801147 0.845114 -0.495620 0.200357
17.39100075 -16.24699974 375.61801147 0.869278 -0.464690 0.168578
17.09799957 -16.84700012 375.31799316 0.811139 -0.528869 0.249701
16.97800064 -16.84700012 375.61801147 0.798859 -0.538328 0.268379
34.91799927 -35.74700165 367.65200806 0.030040 0.382679 0.923393
35.21799850 -35.74700165 367.63699341 -0.045752 0.359479 0.932031
34.91799927 -35.44699860 367.53201294 -0.003822 0.370729 0.928733
35.21799850 -35.44699860 367.54098511 -0.072443 0.335870 0.939118
17.48500061 -15.94699955 375.91799927 0.852681 -0.493814 0.170536
17.42700005 -15.94699955 376.21798706 0.822114 -0.533386 0.199070
17.16699982 -15.94699955 377.11801147 0.828590 -0.518439 0.211328
17.37899971 -15.64700031 377.11801147 0.818447 -0.539051 0.198918
17.10700035 -15.94699955 377.41799927 0.836064 -0.524211 0.161867
17.32200050 -15.64700031 377.41799927 0.832825 -0.514258 0.204793
17.00399971 -16.24699974 377.11801147 0.871935 -0.457288 0.174975
16.94700050 -16.24699974 377.41799927 0.849530 -0.485660 0.205992
17.05100060 -15.94699955 377.71798706 0.835148 -0.520281 0.178425
17.23200035 -15.64700031 377.71798706 0.852941 -0.481185 0.202367
16.97800064 -15.94699955 378.01800537 0.831009 -0.523339 0.188523
17.18099976 -15.64700031 378.01800537 0.845114 -0.495620 0.200357
17.38899994 -15.34700012 377.71798706 0.864149 -0.456786 0.211170
17.32900047 -15.34700012 378.01800537 0.863346 -0.469435 0.185108
17.50600052 -15.04699993 378.01800537 0.828927 -0.532132 0.172381
16.98100090 -15.34700012 379.51800537 0.863128 -0.477882 0.163215
17.12599945 -15.04699993 379.51800537 0.839651 -0.496503 0.220162
16.92900085 -15.34700012 379.81799316 0.867190 -0.461019 0.188262
17.06699944 -15.04699993 379.81799316 0.873804 -0.453790 0.174761
34.31800079 -35.74700165 367.66900635 0.040924 0.389443 0.920141
17.18700027 -14.74699974 380.11801147 0.824370 -0.539069 0.172682
17.39800072 -14.44699955 380.11801147 0.819113 -0.535398 0.205922
17.11599922 -14.74699974 380.41799927 0.833312 -0.531366 0.152453
17.32299995 -14.44699955 380.41799927 0.810737 -0.544067 0.216094
34.61800003 -35.74700165 367.65600586 0.024879 0.402000 0.915302
34.31800079 -35.44699860 367.55099487 0.035141 0.370937 0.927993
34.61800003 -35.44699860 367.53900146 0.029753 0.366091 0.930103
17.00600052 -15.04699993 380.11801147 0.857889 -0.481544 0.179282
16.94199944 -15.04699993 380.41799927 0.830067 -0.517464 0.207896
17.07799911 -14.74699974 380.71798706 0.826481 -0.530338 0.188867
17.23900032 -14.44699955 380.71798706 0.836471 -0.509748 0.201177
16.97900009 -14.74699974 381.01800537 0.803762 -0.542578 0.244082
17.17900085 -14.44699955 381.01800537 0.831009 -0.523339 0.188523
17.44400024 -14.14700031 380.71798706 0.819424 -0.528414 0.222087
17.35700035 -14.14700031 381.01800537 0.832979 -0.524911 0.174970
17.10199928 -14.44699955 381.31799316 0.797373 -0.562943 0.217465
17.01499939 -14.44699955 381.61801147 0.813549 -0.544910 0.203006
17.31800079 -14.14700031 381.31799316 0.848884 -0.496799 0.180518
17.45199966 -13.84700012 381.31799316 0.861649 -0.460046 0.214288
17.22900009 -14.14700031 381.61801147 0.810074 -0.530202 0.250330
17.40699959 -13.84700012 381.61801147 0.865026 -0.468741 0.178920
16.95199966 -14.44699955 381.91799927 0.824294 -0.534962 0.185353
17.13199997 -14.14700031 381.91799927 0.821496 -0.516325 0.241979
34.31800079 -36.04700089 367.80499268 -0.006482 0.405769 0.913953
34.61800003 -36.04700089 367.80200195 0.035820 0.409936 0.911411
17.32799911 -13.84700012 381.91799927 0.817009 -0.527748 0.232332
17.05299950 -14.14700031 382.21798706 0.842313 -0.502985 0.193687
34.31800079 -36.34700012 367.93600464 0.078278 0.429840 0.899505
17.23699951 -13.84700012 382.21798706 0.817860 -0.533520 0.215548
34.61800003 -36.34700012 367.92498779 0.019242 0.360459 0.932576
16.99500084 -14.14700031 382.51800537 0.843667 -0.502004 0.190312
17.16900063 -13.84700012 382.51800537 0.839452 -0.495140 0.223956
17.07600021 -13.84700012 382.81799316 0.840217 -0.489491 0.233309
17.34900093 -13.54699993 382.51800537 0.813757 -0.529637 0.239340
17.26799965 -13.54699993 382.81799316 0.834524 -0.510408 0.207495
17.44099998 -13.24699974 382.81799316 0.822519 -0.509621 0.252487
17.20100021 -13.54699993 383.11801147 0.845571 -0.529364 0.069170
17.37400055 -13.24699974 383.11801147 0.843611 -0.525267 0.111420
17.21999931 -13.54699993 383.41799927 0.870296 -0.478734 -0.115754
17.36100006 -13.24699974 383.41799927 0.883332 -0.466846 -0.042193
17.52400017 -13.54699993 384.31799316 0.876318 -0.302231 -0.375131
17.58499908 -13.24699974 384.31799316 0.955847 -0.207793 -0.207793
17.79000092 -13.54699993 384.61801147 -0.000978 -0.000978 -0.999999
17.64299965 -13.24699974 384.61801147 0.913807 0.177645 -0.365239
17.29299927 -12.64700031 385.51800537 0.863168 -0.321572 0.389272
17.02099991 -12.94699955 385.81799316 0.825017 -0.438637 0.356293
17.15600014 -12.64700031 385.81799316 0.819131 -0.408770 0.402408
33.71799850 -35.74700165 367.69299316 0.030298 0.407052 0.912902
34.01800156 -35.74700165 367.68301392 0.037813 0.366399 0.929689
33.71799850 -35.44699860 367.55999756 0.014265 0.392940 0.919454
34.01800156 -35.44699860 367.56100464 0.014093 0.370249 0.928826
33.11800003 -35.74700165 367.73199463 0.064460 0.445735 0.892841
33.41799927 -35.74700165 367.70300293 0.056315 0.465630 0.883186
33.11800003 -35.44699860 367.57699585 0.027988 0.435808 0.899604
33.41799927 -35.44699860 367.57101440 0.024973 0.406134 0.913472
32.51800156 -35.14699936 367.46301270 0.041434 0.423693 0.904858
32.81800079 -35.14699936 367.44601440 0.033140 0.417567 0.908042
32.51800156 -34.84700012 367.33599854 0.033045 0.405794 0.913367
32.81800079 -34.84700012 367.31399536 0.046157 0.378486 0.924455
33.11800003 -35.14699936 367.44100952 0.014346 0.410810 0.911608
33.41799927 -35.14699936 367.43701172 0.006509 0.420452 0.907291
33.11800003 -34.84700012 367.30599976 0.030176 0.397537 0.917090
33.41799927 -34.84700012 367.29400635 0.011768 0.417121 0.908775
31.91799927 -35.14699936 367.53399658 0.151890 0.517605 0.842030
39.06700134 -31.54700089 380.41799927 -0.829104 0.510336 -0.228349
32.21799850 -35.14699936 367.47299194 0.105741 0.455389 0.883991
31.91799927 -34.84700012 367.34600830 0.067680 0.459947 0.885363
32.21799850 -34.84700012 367.33599854 0.014383 0.417107 0.908744
31.31800079 -34.84700012 367.40701294 0.155540 0.519949 0.839917
31.61800003 -34.84700012 367.38198853 0.088793 0.480610 0.872427
31.61800003 -35.04499817 367.51800537 0.216499 0.711797 0.668186
30.71800041 -34.24700165 367.13598633 0.118325 0.466172 0.876746
31.01799965 -34.24700165 367.12298584 0.016972 0.408622 0.912546
30.71800041 -34.54700089 367.32299805 0.238917 0.591827 0.769844
31.01799965 -34.54700089 367.26199341 0.084270 0.538473 0.838418
42.54000092 -24.64699936 383.41799927 -0.824734 0.527040 -0.205044
42.34999847 -24.94700050 383.41799927 -0.819815 0.493770 -0.289992
42.63000107 -24.64699936 383.11801147 -0.843833 0.485014 -0.229583
42.47900009 -24.94700050 383.11801147 -0.835322 0.487656 -0.253827
31.01799965 -34.84700012 367.50500488 0.250595 0.609938 0.751784
30.71800041 -34.73799896 367.51800537 0.279542 0.685276 0.672497
40.85200119 -30.04700089 376.81799316 -0.841648 0.495890 -0.213824
40.65800095 -30.34700012 376.81799316 -0.837389 0.517957 -0.174643
40.91600037 -30.04700089 376.51800537 -0.827112 0.532894 -0.178632
40.70899963 -30.34700012 376.51800537 -0.838709 0.516931 -0.171317
40.33900070 -30.64699936 377.41799927 -0.843823 0.512796 -0.158124
40.37300110 -30.64699936 377.11801147 -0.829927 0.521539 -0.198034
30.41799927 -34.24700165 367.20300293 0.170717 0.497305 0.850614
30.11800003 -34.24700165 367.25698853 0.103122 0.562090 0.820622
36.41799927 -35.14699936 367.82598877 -0.311487 0.259331 0.914179
36.41799927 -34.77500153 367.51800537 -0.004151 0.751283 0.659967
36.11800003 -34.83499908 367.51800537 -0.256736 0.600100 0.757606
36.11800003 -35.14699936 367.72198486 -0.363380 0.388334 0.846848
37.01800156 -34.24700165 366.97100830 0.027775 0.416631 0.908651
36.71799850 -34.24700165 366.99200439 0.033556 0.444275 0.895262
37.01800156 -34.54700089 367.10998535 0.014901 0.518815 0.854757
36.71799850 -34.54700089 367.13598633 0.150026 0.470470 0.869569
37.61800003 -34.84700012 367.23498535 0.061724 0.456755 0.887449
37.31800079 -34.84700012 367.26800537 0.145555 0.451077 0.880536
37.61800003 -35.14699936 367.41198730 0.251346 0.501150 0.828054
37.61800003 -34.24700165 366.97900391 0.014323 0.402348 0.915375
37.31800079 -34.24700165 366.97299194 -0.011843 0.432915 0.901357
37.61800003 -34.54700089 367.10299683 0.060142 0.391593 0.918171
37.31800079 -34.54700089 367.12600708 0.009223 0.441388 0.897269
38.21799850 -34.24700165 366.95300293 0.022179 0.397912 0.917155
37.91799927 -34.24700165 366.96301270 0.040939 0.394864 0.917827
38.21799850 -34.54700089 367.07800293 0.011644 0.392018 0.919884
37.91799927 -34.54700089 367.08700562 0.038366 0.403506 0.914172
38.81800079 -34.24700165 366.95098877 0.032741 0.388961 0.920672
38.51800156 -34.24700165 366.94900513 0.003855 0.394537 0.918872
38.81800079 -34.54700089 367.07699585 0.022079 0.383138 0.923427
38.51800156 -34.54700089 367.07901001 0.001289 0.406019 0.913864
40.61800003 -31.24699974 365.51699829 -0.006573 0.445626 0.895195
40.31800079 -31.24699974 365.52398682 0.014821 0.494487 0.869058
40.61800003 -31.54700089 365.64999390 0.017165 0.431766 0.901822
40.31800079 -31.54700089 365.68301392 0.058634 0.440434 0.895868
39.41799927 -34.24700165 366.92800903 -0.019730 0.422227 0.906275
39.11800003 -34.24700165 366.92800903 0.035528 0.390810 0.919785
39.41799927 -34.54700089 367.06500244 -0.038103 0.387599 0.921040
39.11800003 -34.54700089 367.06500244 0.016990 0.406444 0.913518
40.23899841 -34.54700089 367.21798706 -0.659519 0.602750 0.449141
40.01800156 -34.24700165 366.95700073 -0.131846 0.421056 0.897401
39.71799850 -34.24700165 366.94100952 -0.041948 0.450605 0.891737
40.01800156 -34.54700089 367.09100342 -0.198577 0.467327 0.861494
39.71799850 -34.54700089 367.08999634 -0.061191 0.428336 0.901545
29.81800079 -34.15800095 367.21798706 0.122137 0.572424 0.810811
29.51799965 -33.94699860 367.13598633 0.160290 0.567755 0.807441
29.81800079 -33.94699860 367.07800293 0.129932 0.518269 0.845290
29.51799965 -33.64699936 366.92001343 0.077718 0.512940 0.854899
28.91799927 -33.52899933 366.91799927 0.088769 0.486117 0.869374
28.91799927 -33.64699936 366.99200439 0.089052 0.496145 0.863661
29.21800041 -33.64699936 366.95901489 0.094743 0.479371 0.872483
31.01799965 -28.54700089 364.60000610 -0.017124 0.430740 0.902314
30.71800041 -28.54700089 364.59698486 0.025039 0.412481 0.910622
16.91799927 -24.36599922 368.71798706 0.585469 0.737918 -0.335712
16.61800003 -24.12800026 368.71798706 0.598792 0.745695 -0.292210
16.31800079 -23.88299942 368.71798706 0.557406 0.766233 -0.319665
16.31800079 -23.77700043 369.01800537 0.558262 0.735072 -0.384726
16.61800003 -23.99399948 369.01800537 0.551261 0.761420 -0.341103
43.36700058 -20.74699974 390.01800537 -0.787639 0.604398 -0.119697
43.59099960 -20.44700050 389.71798706 -0.829109 0.524045 -0.194818
43.41500092 -20.74699974 389.71798706 -0.844214 0.513034 -0.155241
15.23099995 -19.24699974 376.81799316 0.847585 -0.497788 0.183868
15.29599953 -19.24699974 376.51800537 0.836067 -0.541657 0.087180
15.11800003 -19.49099922 376.51800537 0.807250 -0.588999 0.037774
21.37899971 -12.94699955 366.61801147 0.977448 -0.209707 0.024880
21.37999916 -12.94699955 366.31799316 0.994798 -0.100890 0.014103
21.38800049 -12.94699955 366.01800537 0.996907 -0.073885 0.026770
21.31699944 -13.84700012 364.21798706 0.977014 -0.211983 0.022501
21.26399994 -14.14700031 364.21798706 0.958990 -0.270879 0.083446
21.34199905 -13.84700012 363.91799927 0.980213 -0.180534 0.081180
21.28700066 -14.14700031 363.91799927 0.965822 -0.234100 0.111293
21.33200073 -14.14700031 363.61801147 0.983429 -0.168077 0.067946
21.32900047 -14.14700031 363.31799316 0.990125 -0.140185 0.001104
21.27499962 -15.04699993 361.81799316 0.982880 -0.182618 0.024427
21.19599915 -15.34700012 361.81799316 0.936648 -0.336336 0.097819
21.28300095 -15.04699993 361.51800537 0.990501 -0.134095 0.030425
21.22500038 -15.34700012 361.51800537 0.950488 -0.304825 0.060451
16.31800079 -15.71800041 387.01800537 0.581297 0.739979 -0.338415
16.31800079 -15.84799957 386.71798706 0.560463 0.771236 -0.301788
15.71800041 -23.45999908 368.71798706 0.577755 0.742828 -0.338238
16.01799965 -23.69199944 368.71798706 0.537534 0.758394 -0.368641
16.01799965 -23.54400063 369.01800537 0.562798 0.742241 -0.363780
15.71800041 -23.32200050 369.01800537 0.542535 0.784369 -0.300701
15.71800041 -23.22999954 369.31799316 0.505364 0.757229 -0.413777
16.01799965 -23.39900017 369.31799316 0.457925 0.801771 -0.384015
15.41800022 -23.20800018 368.71798706 0.713678 0.646920 -0.268623
15.18900013 -22.84700012 368.71798706 0.993350 -0.057244 -0.099896
15.41800022 -23.07099915 369.01800537 0.778362 0.593405 -0.204994
15.22799969 -22.84700012 369.01800537 0.892405 0.425432 -0.150405
15.41800022 -23.00200081 369.31799316 0.662262 0.721199 -0.203176
15.25899982 -22.84700012 369.31799316 0.846549 0.466903 -0.255649
15.41800022 -22.86899948 369.61801147 0.478154 0.801188 -0.359815
15.21199989 -22.54700089 368.71798706 0.946405 -0.282974 0.155703
15.36600018 -22.24699974 368.71798706 0.850053 -0.485959 0.203110
15.18500042 -22.54700089 369.01800537 0.990987 -0.102437 0.086323
15.28800011 -22.24699974 369.01800537 0.878524 -0.428151 0.211853
40.29899979 -28.54700089 382.81799316 -0.843867 0.507511 -0.174131
15.16199970 -22.54700089 369.31799316 0.998128 0.061152 0.001036
15.22299957 -22.24699974 369.31799316 0.934773 -0.318016 0.158319
15.18400002 -22.54700089 369.61801147 0.985430 0.050265 -0.162485
15.18700027 -22.24699974 369.61801147 0.964314 -0.261194 0.043326
15.36499977 -21.94700050 369.31799316 0.858088 -0.476052 0.192510
15.55500031 -21.64699936 369.31799316 0.821525 -0.527795 0.215708
15.34200001 -21.94700050 369.61801147 0.876166 -0.472650 0.094530
15.51099968 -21.64699936 369.61801147 0.856562 -0.501226 0.122779
15.26000023 -22.54700089 369.91799927 0.852071 0.392666 -0.346105
15.19600010 -22.24699974 369.91799927 0.995924 -0.069024 -0.058068
15.41800022 -22.53700066 370.21798706 0.754342 0.549940 -0.358515
15.22000027 -22.24699974 370.21798706 0.940406 0.295164 -0.168861
15.30000019 -21.94700050 369.91799927 0.898012 -0.412600 0.152762
15.47000027 -21.64699936 369.91799927 0.861505 -0.482854 0.157038
15.24100018 -21.94700050 370.21798706 0.946790 -0.293277 0.132577
15.40200043 -21.64699936 370.21798706 0.860884 -0.465626 0.205115
43.91799927 -24.71100044 378.01800537 -0.724152 0.635026 -0.268971
20.55900002 -7.84700012 383.71798706 0.818855 -0.518557 0.246121
34.91799927 -35.67200089 372.31799316 0.418889 0.869534 -0.261616
35.21799850 -35.69300079 372.61801147 0.563357 0.788075 -0.248127
43.84400177 -24.94700050 377.71798706 -0.755418 0.575786 -0.312753
43.71799850 -24.94700050 378.01800537 -0.784345 0.587875 -0.198005
20.92300034 -7.84700012 382.21798706 0.832347 -0.509755 0.217597
20.71699905 -8.14700031 382.21798706 0.818447 -0.539051 0.198918
20.98699951 -7.84700012 381.91799927 0.841300 -0.513714 0.168260
20.80400085 -8.14700031 381.91799927 0.823240 -0.528030 0.208473
20.52899933 -8.44699955 382.21798706 0.861382 -0.472945 0.185323
20.60300064 -8.44699955 381.91799927 0.839650 -0.500764 0.210291
23.51799965 -22.54700089 362.14700317 0.073873 0.475296 0.876719
15.80700016 -21.04700089 369.91799927 0.834630 -0.518824 0.184972
20.48100090 -8.74699974 381.61801147 0.844301 -0.507772 0.171243
15.74100018 -21.04700089 370.21798706 0.834389 -0.514515 0.197658
20.67900085 -8.44699955 381.61801147 0.819979 -0.528771 0.219172
20.76399994 -8.44699955 381.31799316 0.831369 -0.515236 0.208222
20.56900024 -8.74699974 381.31799316 0.819176 -0.519892 0.242205
20.82900047 -8.44699955 381.01800537 0.851229 -0.489195 0.189993
15.63599968 -21.34700012 369.91799927 0.856642 -0.482511 0.182612
20.65800095 -8.74699974 381.01800537 0.834271 -0.500563 0.231147
20.89699936 -8.44699955 380.71798706 0.834952 -0.497907 0.234399
20.73600006 -8.74699974 380.71798706 0.852298 -0.479512 0.208941
15.56599998 -21.34700012 370.21798706 0.852830 -0.479811 0.206063
22.91799927 -22.24699974 362.03201294 0.063981 0.431535 0.899825
23.21800041 -22.24699974 362.01199341 0.087431 0.437155 0.895127
20.46800041 -9.04699993 381.01800537 0.835651 -0.492191 0.243795
20.30500031 -9.34700012 381.01800537 0.853449 -0.496740 0.157719
20.35400009 -9.34700012 380.71798706 0.821596 -0.546234 0.163122
22.91799927 -21.94700050 361.88500977 0.084256 0.435095 0.896434
23.21800041 -21.94700050 361.85900879 0.076210 0.453104 0.888194
20.55900002 -9.04699993 380.71798706 0.826054 -0.524841 0.205372
20.99799919 -8.44699955 380.41799927 0.825143 -0.507424 0.248314
20.80500031 -8.74699974 380.41799927 0.832060 -0.526222 0.175407
21.07699966 -8.44699955 380.11801147 0.832543 -0.528717 0.165317
20.86300087 -8.74699974 380.11801147 0.819310 -0.545705 0.175889
20.61800003 -9.04699993 380.41799927 0.832543 -0.528717 0.165317
20.67700005 -9.04699993 380.11801147 0.837660 -0.512823 0.187985
20.75300026 -9.04699993 379.81799316 0.834952 -0.497907 0.234399
20.57600021 -9.34700012 379.81799316 0.833080 -0.507158 0.220835
20.84600067 -9.04699993 379.51800537 0.838906 -0.503343 0.207081
20.65600014 -9.34700012 379.51800537 0.840368 -0.510812 0.181256
20.90099907 -9.04699993 379.21798706 0.821108 -0.540877 0.182301
20.70599937 -9.34700012 379.21798706 0.842002 -0.505801 0.187612
20.97900009 -9.04699993 378.91799927 0.824800 -0.518752 0.224946
20.79000092 -9.34700012 378.91799927 0.824406 -0.513135 0.238847
20.37500000 -9.94699955 379.21798706 0.854772 -0.480529 0.196104
20.43199921 -9.94699955 378.91799927 0.854872 -0.476264 0.205830
20.54000092 -9.64700031 379.21798706 0.862318 -0.474792 0.176013
20.60600090 -9.64700031 378.91799927 0.835783 -0.499636 0.227663
20.70299911 -9.64700031 378.61801147 0.829333 -0.498835 0.251734
20.52000046 -9.94699955 378.61801147 0.828604 -0.514253 0.221266
20.78800011 -9.64700031 378.31799316 0.839908 -0.510532 0.184151
20.59199905 -9.94699955 378.31799316 0.828495 -0.531855 0.175287
20.33099937 -10.24699974 378.61801147 0.847585 -0.497788 0.183868
20.16699982 -10.54699993 378.61801147 0.859679 -0.463597 0.214545
20.40200043 -10.24699974 378.31799316 0.847326 -0.493399 0.196460
20.24300003 -10.54699993 378.31799316 0.852830 -0.479811 0.206063
20.46899986 -10.24699974 378.01800537 0.859869 -0.476715 0.182667
20.31299973 -10.54699993 378.01800537 0.850238 -0.483055 0.209174
20.38999939 -10.54699993 377.71798706 0.869101 -0.457500 0.188034
20.48100090 -12.34700012 372.61801147 0.823067 -0.522655 0.222243
20.62199974 -12.64700031 371.41799927 0.852941 -0.481185 0.202367
20.68000031 -12.64700031 371.11801147 0.869596 -0.459158 0.181596
20.53000069 -12.94699955 371.11801147 0.875261 -0.455835 0.161654
43.44200134 -25.54700089 377.71798706 -0.814392 0.542419 -0.206272
20.44799995 -13.24699974 370.81799316 0.873225 -0.464851 0.146261
20.25499916 -13.54699993 370.81799316 0.830804 -0.538621 0.140189
43.63299942 -25.24699974 377.71798706 -0.797009 0.536056 -0.278246
20.46899986 -13.24699974 370.51800537 0.858412 -0.496518 0.128834
20.27599907 -13.54699993 370.51800537 0.841116 -0.519989 0.148779
43.37599945 -25.54700089 378.01800537 -0.836911 0.489862 -0.244163
43.52000046 -25.24699974 378.01800537 -0.839321 0.478952 -0.257186
20.53000069 -13.84700012 368.71798706 0.822114 -0.533386 0.199070
20.47100067 -13.84700012 369.01800537 0.832895 -0.510091 0.214695
20.28599930 -14.14700031 369.01800537 0.821272 -0.535876 0.195830
20.35000038 -14.14700031 368.71798706 0.837376 -0.508461 0.200669
20.43000031 -14.14700031 368.41799927 0.830533 -0.523040 0.191429
20.48699951 -14.14700031 368.11801147 0.845578 -0.506752 0.167927
20.24099922 -14.44699955 368.41799927 0.824751 -0.535259 0.182440
20.04100037 -14.74699974 368.41799927 0.837376 -0.508461 0.200669
20.29899979 -14.44699955 368.11801147 0.839271 -0.507782 0.194373
20.12299919 -14.74699974 368.11801147 0.839356 -0.487713 0.240035
20.37999916 -14.44699955 367.81799316 0.853455 -0.481475 0.199490
20.21299934 -14.74699974 367.81799316 0.837246 -0.507192 0.204391
20.44000053 -14.44699955 367.51800537 0.832768 -0.519539 0.191251
20.26899910 -14.74699974 367.51800537 0.843390 -0.506034 0.180620
43.45000076 -25.24699974 378.31799316 -0.801582 0.572127 -0.173601
16.00900078 -20.74699974 369.91799927 0.807306 -0.561934 0.180243
20.51700020 -14.44699955 367.21798706 0.846714 -0.491786 0.203031
20.34099960 -14.74699974 367.21798706 0.843061 -0.490646 0.220259
20.42499924 -14.74699974 366.91799927 0.857889 -0.481544 0.179282
43.39099884 -25.24699974 378.61801147 -0.821040 0.550824 -0.149955
16.22599983 -20.44700050 369.91799927 0.825043 -0.531358 0.192258
20.01700020 -15.04699993 367.81799316 0.842525 -0.507311 0.181075
15.93500042 -20.74699974 370.21798706 0.827669 -0.525047 0.198217
20.07999992 -15.04699993 367.51800537 0.838754 -0.502039 0.210826
16.12199974 -20.44700050 370.21798706 0.825143 -0.507424 0.248314
20.16799927 -15.04699993 367.21798706 0.836471 -0.496989 0.230909
19.98500061 -15.34700012 367.21798706 0.839840 -0.509313 0.187800
20.24600029 -15.04699993 366.91799927 0.827527 -0.523848 0.201947
20.04400063 -15.34700012 366.91799927 0.833752 -0.512961 0.204277
19.93600082 -16.24699974 365.11801147 0.836899 -0.516512 0.181153
20.26399994 -15.64700031 365.41799927 0.828027 -0.534549 0.169199
20.04599953 -15.94699955 365.41799927 0.838752 -0.497771 0.220724
20.32099915 -15.64700031 365.11801147 0.844701 -0.510371 0.161248
20.13599968 -15.94699955 365.11801147 0.820187 -0.525839 0.225360
20.37800026 -15.64700031 364.81799316 0.845517 -0.502538 0.180437
20.20999908 -15.94699955 364.81799316 0.854844 -0.481875 0.192452
20.44799995 -15.64700031 364.51800537 0.836836 -0.515322 0.184795
20.27199936 -15.94699955 364.51800537 0.856761 -0.486830 0.170168
20.04000092 -16.24699974 364.81799316 0.832741 -0.501485 0.234640
20.10600090 -16.24699974 364.51800537 0.849913 -0.490161 0.193366
19.92600060 -16.54700089 364.51800537 0.835462 -0.516330 0.188167
15.86499977 -20.74699974 370.51800537 0.826712 -0.526365 0.198714
16.04700089 -20.44700050 370.51800537 0.824422 -0.529877 0.198894
15.78999996 -20.74699974 370.81799316 0.819350 -0.524199 0.232123
15.97700024 -20.44700050 370.81799316 0.829160 -0.514599 0.218361
20.17600060 -16.24699974 364.21798706 0.853887 -0.494045 0.163698
19.98299980 -16.54700089 364.21798706 0.839602 -0.524935 0.139689
20.21999931 -16.24699974 363.91799927 0.839004 -0.522343 0.152412
20.02599907 -16.54700089 363.91799927 0.848910 -0.498047 0.176918
20.28499985 -16.24699974 363.61801147 0.843089 -0.500443 0.196871
20.10799980 -16.54700089 363.61801147 0.844659 -0.491081 0.213053
20.36000061 -16.24699974 363.31799316 0.845972 -0.494360 0.199848
20.17700005 -16.54700089 363.31799316 0.848374 -0.495259 0.187031
19.93600082 -16.84700012 363.61801147 0.845217 -0.496921 0.196667
20.00900078 -16.84700012 363.31799316 0.845337 -0.492737 0.206437
20.42600060 -16.24699974 363.01800537 0.842872 -0.504525 0.187139
20.24099922 -16.54700089 363.01800537 0.849323 -0.488548 0.199929
20.49300003 -16.24699974 362.71798706 0.838038 -0.500389 0.217494
20.31900024 -16.54700089 362.71798706 0.830852 -0.510707 0.221052
20.08200073 -16.84700012 363.01800537 0.856739 -0.488091 0.166629
20.12500000 -16.84700012 362.71798706 0.843390 -0.506034 0.180620
19.95899963 -17.14699936 362.71798706 0.848077 -0.499307 0.177366
20.20999908 -16.84700012 362.41799927 0.826338 -0.517797 0.221477
20.02499962 -17.14699936 362.41799927 0.833824 -0.508800 0.214151
20.28499985 -16.84700012 362.11801147 0.838007 -0.504623 0.207607
20.11199951 -17.14699936 362.11801147 0.834563 -0.506211 0.217382
19.92099953 -17.44700050 362.11801147 0.818607 -0.526796 0.228841
20.01199913 -17.44700050 361.81799316 0.826687 -0.509560 0.238615
20.09499931 -17.44700050 361.51800537 0.848704 -0.482597 0.216336
43.26800156 -25.54700089 378.31799316 -0.805463 0.541631 -0.240552
43.19699860 -25.54700089 378.61801147 -0.832543 0.528717 -0.165317
38.21799850 -35.44699860 367.48498535 0.086864 0.420532 0.903110
16.25099945 -20.14699936 370.51800537 0.823715 -0.533526 0.191948
16.16300011 -20.14699936 370.81799316 0.833601 -0.511700 0.208021
42.86100006 -26.14699936 378.31799316 -0.829280 0.520006 -0.204667
43.04800034 -25.84700012 378.31799316 -0.806427 0.551442 -0.213511
42.81600189 -26.14699936 378.61801147 -0.816762 0.538910 -0.206099
43.01100159 -25.84700012 378.61801147 -0.833336 0.530305 -0.155972
16.43400002 -19.84700012 370.51800537 0.818396 -0.533870 0.212630
16.34499931 -19.84700012 370.81799316 0.819286 -0.536564 0.202162
42.93600082 -25.84700012 378.91799927 -0.783673 0.574901 -0.235258
42.83200073 -25.84700012 379.21798706 -0.799866 0.555420 -0.227428
16.10199928 -20.14699936 371.11801147 0.812078 -0.537790 0.226519
16.28599930 -19.84700012 371.11801147 0.829338 -0.511654 0.224517
15.99499989 -20.14699936 371.41799927 0.807660 -0.533772 0.250546
16.18300056 -19.84700012 371.41799927 0.814845 -0.523053 0.249886
39.05599976 -30.04700089 384.01800537 -0.814696 0.539564 -0.212463
38.86199951 -30.34700012 384.01800537 -0.836701 0.498363 -0.227083
38.95100021 -30.34700012 383.71798706 -0.826257 0.513536 -0.231475
39.13199997 -30.04700089 383.71798706 -0.849940 0.506441 -0.145327
39.79700089 -28.84700012 384.01800537 -0.855534 0.487818 -0.173479
39.88000107 -28.84700012 383.71798706 -0.839356 0.487713 -0.240035
42.70899963 -26.14699936 378.91799927 -0.798811 0.549669 -0.244470
42.63199997 -26.14699936 379.21798706 -0.848939 0.502252 -0.164454
40.21400070 -27.94700050 384.61801147 -0.828027 0.534549 -0.169199
40.27899933 -27.94700050 384.31799316 -0.831235 0.519333 -0.198346
40.74300003 -27.34700012 384.01800537 -0.841299 0.514869 -0.164699
40.79100037 -27.34700012 383.71798706 -0.821145 0.544928 -0.169633
40.41299820 -27.64699936 384.61801147 -0.817877 0.550754 -0.166577
40.48300171 -27.64699936 384.31799316 -0.819935 0.538035 -0.195511
40.80599976 -27.04700089 384.61801147 -0.847553 0.508532 -0.151822
40.61800003 -27.34700012 384.61801147 -0.819935 0.538035 -0.195511
40.84099960 -27.04700089 384.31799316 -0.841299 0.514869 -0.164699
40.67300034 -27.34700012 384.31799316 -0.844698 0.505031 -0.177282
41.16899872 -26.44700050 384.61801147 -0.840645 0.506793 -0.190987
40.97800064 -26.74699974 384.61801147 -0.841726 0.510995 -0.174304
41.23300171 -26.44700050 384.31799316 -0.827115 0.536952 -0.166021
41.04000092 -26.74699974 384.31799316 -0.826192 0.539340 -0.162848
41.51599884 -25.84700012 384.61801147 -0.845517 0.502538 -0.180437
41.34000015 -26.14699936 384.61801147 -0.840607 0.485378 -0.240392
41.43000031 -26.14699936 384.31799316 -0.849323 0.488548 -0.199929
42.10200119 -24.64699936 385.21798706 -0.825711 0.533930 -0.181987
41.92200089 -24.94700050 385.21798706 -0.845712 0.497213 -0.193778
41.99000168 -24.94700050 384.91799927 -0.831408 0.511049 -0.218149
42.36600113 -26.74699974 378.91799927 -0.831525 0.516485 -0.204473
42.48300171 -24.04700089 385.21798706 -0.837087 0.511302 -0.194566
42.31000137 -24.34700012 385.21798706 -0.829305 0.528287 -0.182116
42.55199814 -24.04700089 384.91799927 -0.826321 0.521967 -0.211526
42.37400055 -24.34700012 384.91799927 -0.842969 0.514077 -0.158520
42.52500153 -26.44700050 378.91799927 -0.851488 0.486351 -0.196037
42.29600143 -26.74699974 379.21798706 -0.818414 0.529743 -0.222645
42.47700119 -26.44700050 379.21798706 -0.859973 0.482352 -0.166684
42.67499924 -23.74699974 385.21798706 -0.840916 0.494209 -0.220493
16.82699966 -18.94700050 371.11801147 0.844935 -0.499757 0.190598
16.76899910 -18.94700050 371.41799927 0.823240 -0.528030 0.208473
16.67399979 -18.94700050 371.71798706 0.826840 -0.513899 0.228570
16.86400032 -18.64699936 371.71798706 0.821496 -0.516325 0.241979
16.60300064 -18.94700050 372.01800537 0.835283 -0.507840 0.210716
16.77599907 -18.64699936 372.01800537 0.835198 -0.499287 0.230557
43.84999847 -21.64699936 385.81799316 -0.795706 0.563947 -0.220944
43.63700104 -21.94700050 385.81799316 -0.801951 0.528879 -0.277779
43.75500107 -21.94700050 385.51800537 -0.799801 0.514723 -0.308834
42.20199966 -26.74699974 379.51800537 -0.813124 0.536447 -0.225953
42.40900040 -26.44700050 379.51800537 -0.820113 0.534062 -0.205409
42.12900162 -26.74699974 379.81799316 -0.834286 0.522739 -0.175245
42.32699966 -26.44700050 379.81799316 -0.821748 0.524878 -0.221887
17.05100060 -18.34700012 371.71798706 0.822984 -0.518403 0.232282
17.24099922 -18.04700089 371.71798706 0.830587 -0.517788 0.204989
16.96100044 -18.34700012 372.01800537 0.823837 -0.524260 0.215512
17.15699959 -18.04700089 372.01800537 0.834363 -0.509129 0.211250
37.31800079 -35.16199875 377.11801147 -0.453062 0.859151 -0.237895
41.70399857 -27.34700012 380.11801147 -0.842872 0.504525 -0.187139
41.89400101 -27.04700089 380.11801147 -0.832768 0.519539 -0.191251
41.61600113 -27.34700012 380.41799927 -0.837310 0.502994 -0.214266
41.81399918 -27.04700089 380.41799927 -0.819930 0.532878 -0.209181
37.92599869 -34.84700012 376.51800537 -0.835959 0.509436 -0.204077
17.09000015 -18.04700089 372.31799316 0.831178 -0.528659 0.172226
38.39300156 -34.24700165 376.21798706 -0.809963 0.570084 -0.137709
38.18500137 -34.54700089 376.21798706 -0.815189 0.524382 -0.245949
38.45600128 -34.24700165 375.91799927 -0.837986 0.510013 -0.194076
38.29399872 -34.54700089 375.91799927 -0.846963 0.474605 -0.239591
17.03199959 -18.04700089 372.61801147 0.820197 -0.529997 0.215359
39.10900116 -33.34700012 375.61801147 -0.817860 0.533520 -0.215548
39.29999924 -33.04700089 375.61801147 -0.837310 0.502994 -0.214266
41.81700134 -27.34700012 379.51800537 -0.828279 0.526538 -0.191605
39.34700012 -33.04700089 375.31799316 -0.843667 0.502004 -0.190312
39.16699982 -33.34700012 375.31799316 -0.829793 0.534822 -0.159404
42.01300049 -27.04700089 379.51800537 -0.826481 0.530338 -0.188867
41.74900055 -27.34700012 379.81799316 -0.831107 0.533752 -0.156111
41.95100021 -27.04700089 379.81799316 -0.832543 0.528717 -0.165317
17.42499924 -17.74699974 371.71798706 0.838215 -0.501716 0.213722
17.32699966 -17.74699974 372.01800537 0.832305 -0.513937 0.207697
41.53699875 -27.64699936 380.11801147 -0.828859 0.537196 -0.156248
17.27599907 -17.74699974 372.31799316 0.840818 -0.517540 0.158673
17.45999908 -17.44700050 372.31799316 0.832662 -0.518336 0.194943
17.21400070 -17.74699974 372.61801147 0.845712 -0.497213 0.193778
17.38500023 -17.44700050 372.61801147 0.838660 -0.506218 0.200976
21.04400063 -7.84700012 381.61801147 0.839271 -0.507782 0.194373
20.86899948 -8.14700031 381.61801147 0.838472 -0.510309 0.191178
20.94099998 -8.14700031 381.31799316 0.840722 -0.508030 0.187327
41.31600189 -27.94700050 380.11801147 -0.795130 0.567510 -0.213778
41.22399902 -27.94700050 380.41799927 -0.814164 0.556271 -0.166431
41.45399857 -27.64699936 380.41799927 -0.812851 0.535217 -0.229819
41.48300171 -27.34700012 381.01800537 -0.837733 0.514029 -0.184331
41.19400024 -27.94700050 380.71798706 -0.836949 0.520669 -0.168583
41.36800003 -27.64699936 380.71798706 -0.839650 0.500764 -0.210291
41.10400009 -27.94700050 381.01800537 -0.806209 0.539026 -0.243882
41.30400085 -27.64699936 381.01800537 -0.826129 0.520721 -0.215313
43.14899826 -25.54700089 378.91799927 -0.811154 0.548407 -0.203170
43.04800034 -25.54700089 379.21798706 -0.799933 0.548304 -0.243863
43.24300003 -25.24699974 379.21798706 -0.815088 0.527410 -0.239732
38.01499939 -36.04700089 373.21798706 -0.850506 0.493025 -0.183209
38.07099915 -36.04700089 372.91799927 -0.849381 0.479953 -0.219537
37.91999817 -36.34700012 372.91799927 -0.838714 0.490395 -0.236795
17.13899994 -17.74699974 372.91799927 0.819931 -0.524571 0.229212
17.31599998 -17.44700050 372.91799927 0.826433 -0.505129 0.248702
17.04599953 -17.74699974 373.21798706 0.838449 -0.488968 0.240652
38.17100143 -36.04700089 372.61801147 -0.842561 0.469801 -0.263397
38.01399994 -36.34700012 372.61801147 -0.847228 0.492084 -0.200144
38.25799942 -36.04700089 372.31799316 -0.836592 0.511000 -0.197466
38.06200027 -36.34700012 372.31799316 -0.834101 0.543102 -0.096519
17.20499992 -17.44700050 373.21798706 0.816566 -0.519069 0.252562
38.34899902 -35.74700165 372.61801147 -0.817590 0.528123 -0.229418
38.42900085 -35.74700165 372.31799316 -0.835648 0.522839 -0.168321
38.38199997 -35.44699860 373.21798706 -0.829119 0.518770 -0.208421
38.19200134 -35.74700165 373.21798706 -0.837087 0.511302 -0.194566
38.46400070 -35.44699860 372.91799927 -0.813757 0.529637 -0.239340
38.25999832 -35.74700165 372.91799927 -0.818396 0.533870 -0.212630
17.50499916 -17.14699936 372.91799927 0.836568 -0.505585 0.211040
17.42600060 -17.14699936 373.21798706 0.814650 -0.531293 0.232537
17.64800072 -17.14699936 372.31799316 0.829927 -0.521539 0.198034
17.83699989 -16.84700012 372.31799316 0.834363 -0.509129 0.211250
17.57600021 -17.14699936 372.61801147 0.835684 -0.512291 0.197965
17.75200081 -16.84700012 372.61801147 0.835289 -0.503608 0.220614
38.75899887 -34.84700012 373.21798706 -0.827810 0.520988 -0.208092
38.56800079 -35.14699936 373.21798706 -0.824800 0.518752 -0.224946
38.84000015 -34.84700012 372.91799927 -0.825280 0.514840 -0.232062
38.65000153 -35.14699936 372.91799927 -0.826893 0.518146 -0.218569
40.99499893 -28.24699974 380.71798706 -0.831235 0.519333 -0.198346
17.67900085 -16.84700012 372.91799927 0.838038 -0.500389 0.217494
17.59600067 -16.84700012 373.21798706 0.838752 -0.497771 0.220724
39.38999939 -33.64699936 373.81799316 -0.835045 0.510726 -0.204594
39.17499924 -33.94699860 373.81799316 -0.804002 0.550919 -0.223762
39.44599915 -33.64699936 373.51800537 -0.840012 0.515901 -0.168002
39.25400162 -33.94699860 373.51800537 -0.833752 0.512961 -0.204277
40.26399994 -32.14699936 373.81799316 -0.820411 0.553369 -0.143906
34.61800003 -36.64199829 369.61801147 0.515556 0.777374 -0.360404
34.31800079 -36.42699814 369.61801147 0.551388 0.758361 -0.347649
34.31800079 -36.57099915 369.31799316 0.552742 0.756982 -0.348503
34.61800003 -36.77299881 369.31799316 0.542210 0.778927 -0.315089
17.86400032 -16.54700089 372.91799927 0.830658 -0.513637 0.214904
18.04999924 -16.24699974 372.91799927 0.820734 -0.530344 0.212443
17.78300095 -16.54700089 373.21798706 0.833800 -0.504548 0.224074
34.61800003 -36.96799850 368.71798706 0.533723 0.832371 -0.149324
40.34400177 -31.84700012 374.41799927 -0.840217 0.489491 -0.233309
40.40999985 -31.84700012 374.11801147 -0.841712 0.501413 -0.200264
34.61800003 -36.88399887 369.01800537 0.542307 0.798614 -0.260995
34.31800079 -36.70299911 369.01800537 0.540989 0.793345 -0.279169
34.31800079 -36.78099823 368.71798706 0.541454 0.824860 -0.162585
17.95999908 -16.24699974 373.21798706 0.827807 -0.512598 0.227991
40.48699951 -31.84700012 373.81799316 -0.819082 0.554478 -0.147167
40.51800156 -31.84700012 373.51800537 -0.834268 0.534108 -0.136838
40.33300018 -32.14699936 373.51800537 -0.834506 0.501924 -0.227315
40.66799927 -28.54700089 381.31799316 -0.828054 0.501150 -0.251346
40.85300064 -28.24699974 381.31799316 -0.852529 0.488226 -0.186631
40.56600189 -28.54700089 381.61801147 -0.822744 0.502356 -0.265953
40.77000046 -28.24699974 381.61801147 -0.815076 0.543892 -0.199579
34.61800003 -36.99100113 368.41799927 0.401263 0.879173 0.256989
40.82699966 -31.24699974 373.81799316 -0.842216 0.501714 -0.197371
40.66999817 -31.54700089 373.81799316 -0.853290 0.485673 -0.189786
40.91099930 -31.24699974 373.51800537 -0.823818 0.520064 -0.225515
40.71799850 -31.54700089 373.51800537 -0.829060 0.544392 -0.127661
34.31800079 -36.82099915 368.41799927 0.519539 0.832768 0.191251
35.21799850 -36.64699936 368.03799438 0.022079 0.383138 0.923427
34.91799927 -36.64699936 368.04699707 -0.006580 0.448783 0.893617
34.91799927 -37.15000153 368.41799927 0.475208 0.812144 0.338526
35.21799850 -37.31999969 368.41799927 0.301828 0.862585 0.406013
35.21799850 -36.94699860 368.16198730 0.075744 0.442069 0.893777
34.91799927 -36.94699860 368.22198486 0.288017 0.571260 0.768575
35.81800079 -36.64699936 368.03698730 0.008977 0.380863 0.924588
35.51800156 -36.64699936 368.03201294 0.001292 0.412244 0.911072
35.81800079 -36.94699860 368.16400146 0.027703 0.410262 0.911547
35.51800156 -36.94699860 368.17098999 -0.003871 0.403860 0.914813
36.41799927 -36.64699936 368.05499268 -0.011396 0.345683 0.938282
36.11800003 -36.64699936 368.02600098 -0.026967 0.350574 0.936147
36.41799927 -36.94699860 368.14498901 0.006330 0.353197 0.935528
36.11800003 -36.94699860 368.15200806 0.030176 0.397537 0.917090
41.41799927 -30.04700089 374.41799927 -0.842337 0.497538 -0.207182
41.26200104 -30.34700012 374.41799927 -0.848720 0.466414 -0.249264
41.50699997 -30.04700089 374.11801147 -0.840607 0.485378 -0.240392
41.33900070 -30.34700012 374.11801147 -0.855090 0.493038 -0.160421
37.01800156 -36.64699936 367.98800659 0.059328 0.357286 0.932109
36.71799850 -36.64699936 368.03399658 0.103713 0.343466 0.933421
37.01800156 -36.94699860 368.13500977 0.041372 0.415057 0.908854
36.71799850 -36.94699860 368.14801025 0.014146 0.374234 0.927226
38.21799850 -36.64699936 367.97100830 -0.056508 0.358758 0.931719
37.91799927 -36.64699936 368.00299072 0.059056 0.347777 0.935716
38.21799850 -36.94699860 368.09100342 -0.117317 0.436760 0.891895
37.91799927 -36.94699860 368.10501099 0.040825 0.388499 0.920544
37.61800003 -36.64699936 368.00900269 -0.011503 0.369382 0.929206
37.31800079 -36.64699936 367.99600220 -0.032176 0.351365 0.935686
41.80899811 -29.44700050 374.41799927 -0.820734 0.530344 -0.212443
41.61600113 -29.74699974 374.41799927 -0.823324 0.536294 -0.185814
41.88100052 -29.44700050 374.11801147 -0.837733 0.514029 -0.184331
41.68600082 -29.74699974 374.11801147 -0.825535 0.516151 -0.228209
37.61800003 -36.94699860 368.11801147 0.022179 0.397912 0.917155
37.31800079 -36.94699860 368.11999512 0.024838 0.393482 0.918997
31.01799965 -28.24699974 364.46200562 0.052937 0.438424 0.897208
30.71800041 -28.24699974 364.47299194 0.074865 0.412437 0.907905
17.70299911 -16.54700089 373.51800537 0.837246 -0.507192 0.204391
17.88400078 -16.24699974 373.51800537 0.835783 -0.499636 0.227663
16.31200027 -22.54700089 364.21798706 0.829280 -0.520006 0.204667
17.63699913 -16.54700089 373.81799316 0.859531 -0.462130 0.218270
17.79599953 -16.24699974 373.81799316 0.835289 -0.503608 0.220614
42.00299835 -29.14699936 374.41799927 -0.845568 0.507933 -0.164375
42.05300140 -29.14699936 374.11801147 -0.822256 0.534542 -0.195343
42.16999817 -28.84700012 374.41799927 -0.822776 0.494915 -0.279463
42.27099991 -28.84700012 374.11801147 -0.805792 0.542866 -0.236634
41.99300003 -28.84700012 375.01800537 -0.839567 0.514477 -0.174475
41.83399963 -29.14699936 375.01800537 -0.834317 0.485786 -0.260628
42.06800079 -28.84700012 374.71798706 -0.849276 0.463659 -0.252488
41.93700027 -29.14699936 374.71798706 -0.842745 0.481787 -0.240129
16.09700012 -22.84700012 364.21798706 0.817204 -0.544297 0.189519
15.91300011 -23.14699936 364.21798706 0.838776 -0.507482 0.197271
16.17099953 -22.84700012 363.91799927 0.823759 -0.528363 0.205559
15.98700047 -23.14699936 363.91799927 0.840209 -0.496833 0.217269
42.55099869 -28.24699974 374.41799927 -0.819078 0.540500 -0.192279
42.36399841 -28.54700089 374.41799927 -0.813838 0.518180 -0.262980
42.63000107 -28.24699974 374.11801147 -0.829927 0.521539 -0.198034
42.45700073 -28.54700089 374.11801147 -0.837480 0.500056 -0.220389
16.27000046 -23.14699936 363.01800537 0.799668 -0.370187 0.472750
16.61800003 -23.44700050 362.74899292 0.140564 0.366023 0.919929
16.31800079 -23.44700050 362.85198975 0.483656 -0.100703 0.869446
16.61800003 -23.74699974 362.90600586 0.027886 0.431570 0.901649
16.31800079 -23.74699974 362.92498779 0.263944 0.211432 0.941079
17.21800041 -22.84700012 362.53601074 -0.024812 0.395688 0.918050
42.40999985 -28.24699974 375.01800537 -0.801296 0.546126 -0.244278
16.91799927 -22.84700012 362.54400635 0.236586 0.175101 0.955702
17.21800041 -23.14699936 362.68399048 -0.087588 0.367871 0.925742
42.20000076 -28.54700089 375.01800537 -0.806262 0.560284 -0.189798
16.91799927 -23.14699936 362.63101196 -0.024210 0.342768 0.939108
42.49000168 -28.24699974 374.71798706 -0.812456 0.551255 -0.189826
42.26399994 -28.54700089 374.71798706 -0.797373 0.562943 -0.217465
17.81800079 -22.84700012 362.55499268 0.035589 0.399389 0.916090
17.51799965 -22.84700012 362.55999756 -0.030217 0.400705 0.915709
17.81800079 -23.14699936 362.67199707 0.037941 0.378105 0.924985
17.51799965 -23.14699936 362.68701172 0.019381 0.375994 0.926419
18.41799927 -22.84700012 362.53201294 0.054983 0.403657 0.913257
18.11800003 -22.84700012 362.53601074 0.035828 0.415336 0.908962
18.41799927 -23.14699936 362.65600586 0.011616 0.391087 0.920280
18.11800003 -23.14699936 362.66198730 0.024838 0.393482 0.918997
19.01799965 -22.84700012 362.48699951 0.022297 0.410535 0.911572
18.71800041 -22.84700012 362.50000000 0.067020 0.433580 0.898619
19.01799965 -23.14699936 362.62600708 0.047050 0.423447 0.904698
18.71800041 -23.14699936 362.65499878 0.044429 0.432172 0.900696
19.61800003 -22.24699974 362.18798828 0.067020 0.433580 0.898619
19.31800079 -22.24699974 362.21600342 0.072635 0.428958 0.900400
19.61800003 -22.54700089 362.32598877 0.047175 0.435358 0.899021
19.31800079 -22.54700089 362.34899902 0.046689 0.409529 0.911102
19.61800003 -22.84700012 362.47799683 0.044209 0.424671 0.904268
19.31800079 -22.84700012 362.48498535 0.014399 0.414943 0.909733
19.61800003 -23.14699936 362.60800171 0.063481 0.411950 0.908992
19.31800079 -23.14699936 362.62298584 0.027816 0.425186 0.904679
20.21800041 -22.84700012 362.44400024 0.071254 0.383160 0.920929
19.91799927 -22.84700012 362.45599365 0.052053 0.401745 0.914271
20.21800041 -23.14699936 362.55599976 0.055497 0.426379 0.902841
19.91799927 -23.14699936 362.58200073 0.078061 0.417693 0.905229
43.16500092 -27.04700089 375.01800537 -0.834366 0.504891 -0.221176
42.99399948 -27.34700012 375.01800537 -0.836895 0.486781 -0.250301
43.25699997 -27.04700089 374.71798706 -0.850932 0.480437 -0.212356
43.09600067 -27.34700012 374.71798706 -0.828162 0.525360 -0.195307
20.21800041 -22.24699974 362.15899658 0.041644 0.436587 0.898698
19.91799927 -22.24699974 362.17098999 0.044487 0.440829 0.896488
20.21800041 -22.54700089 362.30599976 0.058338 0.427357 0.902199
19.91799927 -22.54700089 362.31799316 0.030574 0.429371 0.902610
20.81800079 -23.14699936 362.53799438 0.030648 0.430404 0.902116
20.51799965 -23.14699936 362.54501343 0.028057 0.447572 0.893808
20.81800079 -22.84700012 362.40100098 0.035733 0.408947 0.911858
20.51799965 -22.84700012 362.40899658 0.066227 0.404118 0.912306
20.81800079 -22.24699974 362.13000488 0.033263 0.421777 0.906089
20.51799965 -22.24699974 362.14401245 0.044143 0.416018 0.908284
20.81800079 -22.54700089 362.26998901 0.016994 0.411772 0.911128
20.51799965 -22.54700089 362.27899170 0.054983 0.403657 0.913257
43.73500061 -26.14699936 375.01800537 -0.760211 0.588807 -0.274565
43.86199951 -26.14699936 374.71798706 -0.725351 0.619202 -0.300755
43.39599991 -26.44700050 375.61801147 -0.815925 0.541408 -0.202837
43.45299911 -26.44700050 375.31799316 -0.831938 0.522030 -0.188051
43.79999924 -25.84700012 375.61801147 -0.790591 0.566927 -0.231430
43.58499908 -26.14699936 375.61801147 -0.812195 0.547051 -0.202668
43.88899994 -25.84700012 375.31799316 -0.742667 0.619677 -0.253863
43.64599991 -26.14699936 375.31799316 -0.792056 0.577572 -0.197631
18.25399971 -15.64700031 373.51800537 0.823067 -0.522655 0.222243
18.19899940 -15.64700031 373.81799316 0.833439 -0.526304 0.168477
18.06100082 -15.94699955 373.51800537 0.830658 -0.513637 0.214904
17.99799919 -15.94699955 373.81799316 0.817398 -0.549448 0.173114
29.21800041 -26.74699974 363.77499390 0.153808 0.568941 0.807867
29.21800041 -26.56399918 363.61801147 0.182073 0.638021 0.748183
28.91799927 -26.74699974 363.81799316 0.099536 0.549613 0.829469
28.91799927 -26.44700050 363.59201050 0.164350 0.592565 0.788579
39.75000000 -29.74699974 381.91799927 -0.823052 0.526815 -0.212253
39.95000076 -29.44700050 381.91799927 -0.816586 0.542870 -0.196163
39.87799835 -29.44700050 382.21798706 -0.823587 0.532374 -0.195659
29.81800079 -27.04700089 363.87600708 0.192085 0.527856 0.827328
29.51799965 -26.74699974 363.70300293 0.178436 0.608512 0.773223
30.41799927 -27.34700012 363.99200439 0.138255 0.590187 0.795340
30.11800003 -27.34700012 364.01199341 0.090592 0.559368 0.823954
30.11800003 -27.04700089 363.79000854 0.225035 0.578883 0.783743
31.01799965 -27.94700050 364.30700684 0.066142 0.524911 0.848583
30.71800041 -27.94700050 364.32598877 0.028413 0.477616 0.878109
31.01799965 -27.64699936 364.09298706 0.144548 0.573723 0.806193
30.71800041 -27.64699936 364.14700317 0.134705 0.566943 0.812668
30.71800041 -27.36000061 363.91799927 0.215299 0.608722 0.763613
41.33399963 -33.04700089 366.61801147 -0.789776 0.606513 0.091631
40.91799927 -33.04700089 366.38699341 0.078074 0.423244 0.902646
40.91799927 -33.34700012 366.52301025 -0.027673 0.412453 0.910559
18.44199944 -15.34700012 373.51800537 0.828481 -0.522534 0.201440
18.63199997 -15.04699993 373.51800537 0.836471 -0.509748 0.201177
18.37500000 -15.34700012 373.81799316 0.842337 -0.497538 0.207182
18.55299950 -15.04699993 373.81799316 0.849150 -0.492717 0.190198
39.67100143 -29.74699974 382.21798706 -0.831096 0.524507 -0.184855
42.17599869 -31.84700012 366.91799927 -0.831938 0.522030 -0.188051
39.61700058 -29.74699974 382.51800537 -0.838024 0.525790 -0.145807
32.51800156 -28.22699928 364.21798706 0.193142 0.687585 0.699946
39.56600189 -29.74699974 382.81799316 -0.856072 0.479580 -0.192728
18.29400063 -15.34700012 374.11801147 0.830580 -0.502033 0.241037
32.81800079 -28.54700089 364.45999146 0.204871 0.462081 0.862850
18.49699974 -15.04699993 374.11801147 0.822433 -0.530553 0.205228
18.20199966 -15.34700012 374.41799927 0.836029 -0.505259 0.213938
42.48600006 -31.24699974 367.21798706 -0.819194 0.531328 -0.215900
42.27600098 -31.54700089 367.21798706 -0.803762 0.542578 -0.244082
42.55599976 -31.24699974 366.91799927 -0.818938 0.539375 -0.195998
42.34400177 -31.54700089 366.91799927 -0.834584 0.530293 -0.149191
18.40299988 -15.04699993 374.41799927 0.791623 -0.561446 0.241064
18.13400078 -15.64700031 374.11801147 0.835289 -0.503608 0.220614
42.66400146 -30.94700050 367.21798706 -0.829109 0.524045 -0.194818
42.79600143 -30.64699936 367.51800537 -0.829908 0.504694 -0.237774
42.86600113 -30.64699936 367.21798706 -0.840722 0.508030 -0.187327
42.92900085 -30.64699936 366.91799927 -0.815237 0.545010 -0.195839
42.73899841 -30.94700050 366.91799927 -0.828604 0.514253 -0.221266
43.21400070 -30.04700089 367.21798706 -0.816968 0.549159 -0.176032
43.02600098 -30.34700012 367.21798706 -0.838449 0.485902 -0.246783
43.29700089 -30.04700089 366.91799927 -0.819931 0.524571 -0.229212
43.13999939 -30.34700012 366.91799927 -0.823167 0.506922 -0.255786
43.69599915 -29.14699936 367.81799316 -0.726523 0.603548 -0.328472
43.84600067 -29.14699936 367.51800537 -0.692583 0.657231 -0.297281
43.91799927 -28.91699982 367.81799316 -0.667860 0.680734 -0.300939
39.25199890 -30.34700012 382.51800537 -0.849891 0.469796 -0.238699
39.43099976 -30.04700089 382.51800537 -0.842584 0.512683 -0.164950
39.18299866 -30.34700012 382.81799316 -0.831525 0.516485 -0.204473
39.38100052 -30.04700089 382.81799316 -0.829815 0.529701 -0.175567
39.30400085 -30.04700089 383.11801147 -0.806782 0.509962 -0.298399
39.15900040 -30.04700089 383.41799927 -0.832803 0.498455 -0.240792
18.68000031 -14.74699974 374.11801147 0.852148 -0.505462 0.135470
18.62800026 -14.74699974 374.41799927 0.822255 -0.529355 0.208996
16.86800003 -13.54699993 385.51800537 0.817274 -0.296478 0.494129
16.67700005 -13.54699993 385.81799316 0.754817 -0.455521 0.471966
39.10400009 -30.34700012 383.11801147 -0.827633 0.519748 -0.211862
16.84600067 -13.24699974 385.81799316 0.811957 -0.457823 0.362111
39.02999878 -30.34700012 383.41799927 -0.858963 0.461824 -0.221134
16.61800003 -13.88300037 385.51800537 0.737583 -0.547027 0.395896
16.31800079 -13.95899963 385.81799316 0.648144 -0.680796 0.341214
16.48399925 -13.84700012 385.81799316 0.697046 -0.570613 0.434198
18.85300064 -14.44699955 374.11801147 0.844935 -0.499757 0.190598
18.78700066 -14.44699955 374.41799927 0.850884 -0.484719 0.202592
18.52700043 -14.74699974 374.71798706 0.807027 -0.533353 0.253459
18.71100044 -14.44699955 374.71798706 0.834363 -0.509129 0.211250
18.43899918 -14.74699974 375.01800537 0.824034 -0.525493 0.211720
18.63400078 -14.44699955 375.01800537 0.832662 -0.518336 0.194943
38.62599945 -30.94700050 383.71798706 -0.860555 0.452207 -0.234422
38.75899887 -30.64699936 383.71798706 -0.861494 0.467327 -0.198577
38.53499985 -30.94700050 384.01800537 -0.834510 0.481508 -0.267848
38.69900131 -30.64699936 384.01800537 -0.865466 0.470330 -0.172504
18.89399910 -14.14700031 374.71798706 0.840209 -0.496833 0.217269
19.06599998 -13.84700012 374.71798706 0.836569 -0.501332 0.220952
18.81299973 -14.14700031 375.01800537 0.853887 -0.494045 0.163698
18.98100090 -13.84700012 375.01800537 0.849323 -0.488548 0.199929
38.77000046 -30.94700050 383.11801147 -0.862523 0.488521 -0.131915
38.92699814 -30.64699936 383.11801147 -0.847563 0.471887 -0.242815
38.69800186 -30.94700050 383.41799927 -0.845860 0.493041 -0.203549
38.83700180 -30.64699936 383.41799927 -0.849043 0.471013 -0.239317
33.71799850 -28.84700012 364.52499390 0.183932 0.582197 0.791970
34.01800156 -29.14699936 364.68899536 0.125034 0.572215 0.810516
33.71799850 -29.14699936 364.73800659 0.107883 0.510647 0.852996
19.25300026 -13.54699993 374.71798706 0.816059 -0.533282 0.222841
19.15800095 -13.54699993 375.01800537 0.816059 -0.533282 0.222841
18.78000069 -14.14700031 375.31799316 0.850172 -0.501232 0.161163
18.92499924 -13.84700012 375.31799316 0.879512 -0.452031 0.148752
18.87999916 -13.84700012 375.61801147 0.869292 -0.454638 0.193999
38.25699997 -31.54700089 383.71798706 -0.840831 0.502687 -0.200773
38.44400024 -31.24699974 383.71798706 -0.834985 0.516036 -0.191069
38.16999817 -31.54700089 384.01800537 -0.830570 0.493393 -0.258296
38.35200119 -31.24699974 384.01800537 -0.822060 0.501938 -0.268840
38.06999969 -31.54700089 384.31799316 -0.838663 0.471072 -0.273376
38.24900055 -31.24699974 384.31799316 -0.819283 0.496583 -0.286671
37.97499847 -31.54700089 384.61801147 -0.839985 0.485019 -0.243274
38.14199829 -31.24699974 384.61801147 -0.809567 0.537132 -0.236833
19.08900070 -13.54699993 375.31799316 0.835045 -0.510726 0.204594
19.29100037 -13.24699974 375.31799316 0.818208 -0.542951 0.189050
19.01099968 -13.54699993 375.61801147 0.848047 -0.505878 0.157810
19.23500061 -13.24699974 375.61801147 0.810263 -0.559790 0.173520
19.48600006 -12.94699955 375.31799316 0.828279 -0.526538 0.191605
19.67200089 -12.64700031 375.31799316 0.845578 -0.506752 0.167927
19.42499924 -12.94699955 375.61801147 0.832168 -0.518028 0.197848
19.60799980 -12.64700031 375.61801147 0.829357 -0.515875 0.214568
19.34300041 -12.94699955 375.91799927 0.838185 -0.497435 0.223617
19.51700020 -12.64700031 375.91799927 0.818468 -0.522524 0.238912
19.43400002 -12.64700031 376.21798706 0.837376 -0.508461 0.200669
35.21799850 -30.04700089 365.11801147 0.043861 0.405378 0.913096
34.91799927 -30.04700089 365.13198853 0.014544 0.440278 0.897744
35.21799850 -30.34700012 365.26901245 0.081311 0.434119 0.897179
34.91799927 -30.34700012 365.28100586 -0.003910 0.423596 0.905843
19.84600067 -12.34700012 375.31799316 0.841684 -0.516252 0.158278
19.79800034 -12.34700012 375.61801147 0.851431 -0.496051 0.170286
19.72599983 -12.34700012 375.91799927 0.817590 -0.528123 0.229418
19.90500069 -12.04699993 375.91799927 0.845199 -0.491395 0.210166
19.62899971 -12.34700012 376.21798706 0.826338 -0.517797 0.221477
19.80900002 -12.04699993 376.21798706 0.835783 -0.499636 0.227663
38.43299866 -30.94700050 384.31799316 -0.817082 0.531946 -0.222283
38.37300110 -30.94700050 384.61801147 -0.806309 0.555389 -0.203490
35.81800079 -30.94700050 365.52600098 0.048928 0.384812 0.921697
35.51800156 -30.94700050 365.53500366 0.027629 0.403907 0.914383
35.81800079 -30.64699936 365.40100098 0.052532 0.418907 0.906509
35.51800156 -30.64699936 365.39898682 0.009277 0.457238 0.889296
20.21800041 -25.84700012 363.76901245 0.003871 0.403860 0.914813
19.91799927 -25.84700012 363.76998901 0.041318 0.411842 0.910318
20.21800041 -26.14699936 363.91598511 0.003896 0.419467 0.907762
20.07399940 -11.74699974 375.91799927 0.845860 -0.493041 0.203549
35.81800079 -30.34700012 365.24899292 -0.022662 0.446565 0.894464
20.25399971 -11.44699955 375.91799927 0.824422 -0.529877 0.198894
19.98699951 -11.74699974 376.21798706 0.833824 -0.508800 0.214151
20.17499924 -11.44699955 376.21798706 0.820215 -0.543298 0.179093
35.51800156 -30.34700012 365.22698975 0.030726 0.442187 0.896397
41.51800156 -32.44699860 366.13299561 -0.391373 0.501801 0.771377
35.81800079 -33.64699936 366.74398804 0.047464 0.451585 0.890965
35.51800156 -33.64699936 366.76599121 0.030651 0.435774 0.899534
35.81800079 -33.94699860 366.88299561 0.016990 0.406444 0.913518
35.51800156 -33.94699860 366.89199829 -0.019524 0.396984 0.917618
36.41799927 -33.64699936 366.70700073 0.038520 0.413095 0.909873
36.11800003 -33.64699936 366.73400879 0.055712 0.441620 0.895470
36.41799927 -33.94699860 366.85699463 0.064057 0.429315 0.900880
36.11800003 -33.94699860 366.88000488 0.038511 0.407685 0.912310
19.92099953 -11.74699974 376.51800537 0.828754 -0.526840 0.188696
20.12199974 -11.44699955 376.51800537 0.831178 -0.528659 0.172226
20.04999924 -11.44699955 376.81799316 0.824800 -0.518752 0.224946
19.85000038 -11.74699974 376.81799316 0.835795 -0.513525 0.194266
20.30100060 -11.14700031 376.51800537 0.835289 -0.503608 0.220614
20.48299980 -10.84700012 376.51800537 0.832347 -0.509755 0.217597
20.22599983 -11.14700031 376.81799316 0.840181 -0.501081 0.207396
20.40900040 -10.84700012 376.81799316 0.835112 -0.506543 0.214482
20.15200043 -11.14700031 377.11801147 0.834264 -0.513277 0.201374
20.32900047 -10.84700012 377.11801147 0.845944 -0.509338 0.157969
20.08099937 -11.14700031 377.41799927 0.800132 -0.560553 0.213471
20.29700089 -10.84700012 377.41799927 0.844720 -0.509208 0.164787
20.51199913 -10.54699993 377.11801147 0.840181 -0.501081 0.207396
20.44199944 -10.54699993 377.41799927 0.876355 -0.447719 0.177620
43.91799927 -29.67300034 366.01800537 -0.999999 0.000978 0.000978
20.68600082 -10.24699974 377.11801147 0.845076 -0.482683 0.229922
20.60400009 -10.24699974 377.41799927 0.848813 -0.479632 0.222416
41.51800156 -32.14699936 365.96099854 -0.079246 0.462963 0.882828
41.81800079 -32.14699936 365.99600220 -0.435633 0.662629 0.609218
41.51800156 -31.84700012 365.81900024 -0.006573 0.445626 0.895195
41.81800079 -31.84700012 365.81600952 -0.006704 0.497427 0.867480
40.31800079 -30.66699982 365.11801147 0.079369 0.616191 0.783587
40.31800079 -30.94700050 365.34298706 0.017930 0.575128 0.817867
40.61800003 -30.69499969 365.11801147 0.058894 0.676566 0.734023
40.61800003 -30.94700050 365.35198975 0.004105 0.584336 0.811502
39.71799850 -30.94700050 365.38101196 0.020518 0.540298 0.841224
40.01800156 -30.94700050 365.36499023 0.056494 0.480885 0.874962
39.71799850 -30.64699936 365.16000366 0.037926 0.599793 0.799256
40.01800156 -30.61899948 365.11801147 0.076814 0.481835 0.872889
39.11800003 -30.94700050 365.38598633 0.054192 0.507186 0.860131
39.41799927 -30.94700050 365.38000488 0.006795 0.553118 0.833075
39.11800003 -30.64699936 365.22799683 0.093113 0.528597 0.843750
39.41799927 -30.64699936 365.16799927 0.093294 0.543973 0.833900
20.85499954 -9.94699955 377.11801147 0.827658 -0.508265 0.238009
21.05500031 -9.64700031 377.11801147 0.819113 -0.535398 0.205922
20.78000069 -9.94699955 377.41799927 0.846565 -0.495952 0.193286
20.95499992 -9.64700031 377.41799927 0.819176 -0.519892 0.242205
20.52899933 -10.24699974 377.71798706 0.859588 -0.472252 0.195158
20.71800041 -9.94699955 377.71798706 0.849150 -0.492717 0.190198
20.87700081 -9.64700031 377.71798706 0.845578 -0.506752 0.167927
20.64599991 -9.94699955 378.01800537 0.840412 -0.512009 0.177636
20.83499908 -9.64700031 378.01800537 0.851405 -0.509103 0.126188
21.07699966 -9.34700012 377.71798706 0.828404 -0.517180 0.215110
21.00399971 -9.34700012 378.01800537 0.864278 -0.471290 0.175810
21.25099945 -9.04699993 377.71798706 0.851449 -0.476388 0.219290
21.16200066 -9.04699993 378.01800537 0.849530 -0.485660 0.205992
21.41200066 -8.74699974 377.71798706 0.895144 -0.419644 0.150384
21.53100014 -8.44699955 377.71798706 0.921818 -0.364569 0.131688
21.34600067 -8.74699974 378.01800537 0.857691 -0.467149 0.214798
21.48800087 -8.44699955 378.01800537 0.898949 -0.411721 0.149587
21.26099968 -8.74699974 378.31799316 0.865466 -0.470330 0.172504
21.43099976 -8.44699955 378.31799316 0.856594 -0.493457 0.150819
21.22599983 -8.74699974 378.61801147 0.875659 -0.463075 0.137047
21.38199997 -8.44699955 378.61801147 0.892881 -0.419755 0.162998
18.20100021 -12.04699993 382.81799316 0.853085 -0.495292 0.164112
18.25099945 -12.04699993 382.51800537 0.835181 -0.511982 0.200866
18.04599953 -12.34700012 382.81799316 0.847052 -0.496237 0.190399
18.11100006 -12.34700012 382.51800537 0.863128 -0.477882 0.163215
18.13500023 -12.04699993 383.11801147 0.856739 -0.488091 0.166629
18.08499908 -12.04699993 383.41799927 0.848014 -0.485227 0.213137
17.91500092 -12.34700012 383.41799927 0.832895 -0.510091 0.214695
17.97599983 -12.34700012 383.11801147 0.839908 -0.510532 0.184151
17.93300056 -12.04699993 384.01800537 0.835891 -0.528165 0.149425
17.73800087 -12.34700012 384.01800537 0.885687 -0.437787 0.154598
17.98399925 -12.04699993 383.71798706 0.820927 -0.531546 0.208659
17.82099915 -12.34700012 383.71798706 0.858664 -0.445289 0.253800
16.96899986 -12.64700031 386.41799927 0.854638 -0.495720 0.154453
16.99799919 -12.64700031 386.11801147 0.836133 -0.480661 0.264286
16.77199936 -12.64700031 387.31799316 0.807421 -0.562931 0.176576
16.61800003 -12.84799957 387.31799316 0.810234 -0.564617 0.157254
16.56699944 -12.94699955 387.31799316 0.821402 -0.551067 0.147050
21.50900078 -8.14700031 378.61801147 0.893104 -0.377681 0.244382
21.42700005 -8.14700031 378.91799927 0.912859 -0.349330 0.211323
21.37100029 -8.14700031 379.21798706 0.903420 -0.407314 0.133892
21.52899933 -7.84700012 379.21798706 0.879816 -0.463285 0.106258
40.37200165 -28.54700089 382.51800537 -0.838215 0.501716 -0.213722
40.55699921 -28.24699974 382.51800537 -0.825280 0.514840 -0.232062
40.47000122 -28.24699974 382.81799316 -0.845735 0.476964 -0.239244
22.91799927 -22.54700089 362.17199707 0.036008 0.422757 0.905527
23.21800041 -22.54700089 362.15301514 0.036368 0.448533 0.893026
22.91799927 -22.84700012 362.31298828 0.030800 0.448608 0.893198
23.21800041 -22.84700012 362.31298828 0.022871 0.472210 0.881189
22.91799927 -23.14699936 362.47299194 0.022356 0.416868 0.908692
23.21800041 -23.14699936 362.47399902 0.044429 0.432172 0.900696
21.71800041 -23.74699974 362.78298950 0.060962 0.424026 0.903596
22.01799965 -23.74699974 362.75399780 0.052393 0.412425 0.909484
43.45199966 -28.24699974 370.81799316 -0.827902 0.529314 -0.185486
43.51200104 -28.24699974 370.51800537 -0.826687 0.509560 -0.238615
43.35699844 -28.54700089 370.51800537 -0.848014 0.485227 -0.213137
43.62500000 -28.24699974 370.21798706 -0.788890 0.538096 -0.296826
43.41999817 -28.54700089 370.21798706 -0.815997 0.556430 -0.156636
43.73799896 -28.24699974 369.91799927 -0.718846 0.642677 -0.265005
43.47299957 -28.54700089 369.91799927 -0.822114 0.533386 -0.199070
43.21599960 -28.84700012 370.21798706 -0.818814 0.548380 -0.169772
43.02000046 -29.14699936 370.21798706 -0.821748 0.524878 -0.221887
43.29299927 -28.84700012 369.91799927 -0.834524 0.510408 -0.207495
43.10599899 -29.14699936 369.91799927 -0.805802 0.562999 -0.183620
43.36600113 -28.84700012 369.61801147 -0.807258 0.548935 -0.216806
43.45500183 -28.84700012 369.31799316 -0.768690 0.600976 -0.218960
43.15700150 -29.14699936 369.61801147 -0.815741 0.560172 -0.144129
43.21300125 -29.14699936 369.31799316 -0.796673 0.554410 -0.240710
42.95299911 -29.44700050 369.61801147 -0.844481 0.482343 -0.232803
42.81600189 -29.74699974 369.61801147 -0.841749 0.446547 -0.303403
43.03799820 -29.44700050 369.31799316 -0.852799 0.433339 -0.291463
42.90800095 -29.74699974 369.31799316 -0.855591 0.466274 -0.224838
22.61800003 -27.04700089 364.25601196 0.011725 0.412989 0.910660
22.31800079 -27.04700089 364.26098633 0.014251 0.395130 0.918515
22.61800003 -27.34700012 364.38198853 -0.008934 0.366309 0.930450
22.31800079 -27.34700012 364.38000488 0.001261 0.356781 0.934187
22.61800003 -27.64699936 364.49200439 -0.024570 0.373730 0.927212
22.31800079 -27.64699936 364.48999023 0.011547 0.373356 0.927616
23.21800041 -27.64699936 364.48800659 0.040335 0.357815 0.932921
22.91799927 -27.64699936 364.50601196 0.006352 0.364584 0.931149
23.21800041 -27.04700089 364.23599243 0.061347 0.434883 0.898395
22.91799927 -27.04700089 364.25399780 0.030686 0.433611 0.900577
23.21800041 -27.34700012 364.37500000 0.032774 0.386735 0.921608
22.91799927 -27.34700012 364.38598633 0.011601 0.387973 0.921598
23.81800079 -27.64699936 364.46301270 0.019354 0.372878 0.927679
23.51799965 -27.64699936 364.48001099 0.037832 0.371799 0.927542
23.81800079 -27.34700012 364.35198975 0.024973 0.406134 0.913472
23.51799965 -27.34700012 364.36401367 0.035772 0.406739 0.912844
23.81800079 -27.04700089 364.19699097 0.044487 0.440829 0.896488
23.51799965 -27.04700089 364.21301270 0.058634 0.440434 0.895868
24.41799927 -27.64699936 364.45901489 0.032728 0.383573 0.922931
24.11800003 -27.64699936 364.46701050 0.006342 0.361521 0.932343
24.41799927 -27.34700012 364.32901001 0.047234 0.438599 0.897441
24.11800003 -27.34700012 364.34799194 0.036013 0.428153 0.902989
24.41799927 -27.04700089 364.16699219 0.036324 0.450681 0.891946
24.11800003 -27.04700089 364.18399048 0.044863 0.458147 0.887744
25.01799965 -27.34700012 364.30700684 0.052675 0.430857 0.900882
24.71800041 -27.34700012 364.31698608 0.033310 0.430367 0.902039
25.01799965 -27.04700089 364.15301514 0.036411 0.451765 0.891393
24.71800041 -27.04700089 364.16000366 0.020041 0.463614 0.885810
25.61800003 -27.34700012 364.25900269 0.052874 0.440613 0.896139
25.31800079 -27.34700012 364.28201294 0.072362 0.424615 0.902478
25.61800003 -27.04700089 364.10699463 0.052804 0.431907 0.900371
25.31800079 -27.04700089 364.13500977 0.069919 0.440077 0.895234
26.21800041 -26.74699974 363.94601440 0.014399 0.414943 0.909733
25.91799927 -26.74699974 363.95700073 0.038721 0.425928 0.903928
26.21800041 -27.34700012 364.24499512 0.028022 0.439014 0.898043
25.91799927 -27.34700012 364.24700928 0.022297 0.410535 0.911572
26.21800041 -27.04700089 364.08700562 0.022662 0.446565 0.894464
25.91799927 -27.04700089 364.10000610 0.030651 0.435774 0.899534
26.51799965 -27.34700012 364.22799683 0.061652 0.448006 0.891902
26.81800079 -27.04700089 364.05801392 0.058561 0.437161 0.897475
26.51799965 -27.04700089 364.08401489 0.044259 0.422471 0.905295
26.81800079 -27.34700012 364.20300293 0.061269 0.431608 0.899978
26.51799965 -26.74699974 363.94799805 0.052669 0.425401 0.903471
27.41799927 -27.04700089 364.04998779 0.011768 0.417121 0.908775
27.11800003 -27.04700089 364.04400635 0.011900 0.445595 0.895156
27.41799927 -27.34700012 364.17800903 0.024973 0.406134 0.913472
27.11800003 -27.34700012 364.18701172 0.038671 0.422715 0.905437
28.01799965 -26.44700050 363.72198486 0.058706 0.443710 0.894246
27.71800041 -26.44700050 363.74301147 0.061119 0.430553 0.900494
28.01799965 -26.74699974 363.86898804 0.064617 0.452318 0.889513
27.71800041 -26.74699974 363.88800049 0.050047 0.439606 0.896795
18.41799927 -26.27599907 366.61801147 0.603258 0.787052 -0.128952
18.53800011 -26.44700050 366.61801147 0.790342 0.555587 -0.258231
18.11800003 -26.23200035 366.31799316 0.451968 0.788920 -0.416329
18.69700050 -26.74699974 366.31799316 0.641143 0.693084 -0.329499
28.01799965 -27.04700089 364.02700806 0.014472 0.427589 0.903857
27.71800041 -27.04700089 364.03601074 0.035967 0.424944 0.904505
28.01799965 -27.34700012 364.15301514 0.046689 0.409529 0.911102
27.71800041 -27.34700012 364.17001343 0.038562 0.410889 0.910870
23.81800079 -26.44700050 363.92800903 0.052393 0.412425 0.909484
23.51799965 -26.44700050 363.93301392 0.017038 0.418083 0.908249
23.81800079 -26.74699974 364.05700684 0.046689 0.409529 0.911102
23.51799965 -26.74699974 364.06900024 0.041481 0.421496 0.905881
28.61800003 -26.44700050 363.65399170 0.152851 0.541658 0.826585
28.31800079 -26.44700050 363.70300293 0.100480 0.476924 0.873182
28.61800003 -26.74699974 363.84600830 0.037241 0.528267 0.848261
28.31800079 -26.74699974 363.84399414 0.033907 0.473342 0.880226
21.30699921 -14.74699974 361.81799316 0.994789 -0.101947 0.001073
21.30599976 -14.74699974 361.51800537 0.997050 -0.076696 -0.003152
21.29299927 -15.04699993 361.21798706 0.976826 -0.206986 0.054470
21.23399925 -15.34700012 361.21798706 0.964150 -0.246465 0.098331
21.31699944 -15.04699993 360.91799927 0.999153 -0.032031 -0.025831
21.28599930 -15.34700012 360.91799927 0.980250 -0.182513 0.076148
35.21799850 -26.52400017 393.01800537 0.376229 0.823894 -0.423853
35.21799850 -26.67799950 392.71798706 0.543395 0.740397 -0.395644
34.91799927 -26.45800018 392.71798706 0.553651 0.734368 -0.392649
19.21299934 -9.34700012 385.51800537 0.844562 -0.526238 0.098938
19.18899918 -9.34700012 385.81799316 0.856776 -0.508401 0.086386
20.51799965 -21.94700050 362.00399780 0.035781 0.412140 0.910418
20.81800079 -21.94700050 361.99099731 0.024913 0.405161 0.913906
20.51799965 -21.64699936 361.87298584 0.022149 0.394766 0.918515
20.81800079 -21.64699936 361.86499023 0.032786 0.392124 0.919328
21.41799927 -22.24699974 362.08499146 0.057968 0.416557 0.907259
18.71800041 -22.54700089 362.36599731 0.052323 0.409189 0.910948
19.01799965 -22.54700089 362.35598755 0.027375 0.387154 0.921609
18.71800041 -22.24699974 362.23098755 0.003920 0.429880 0.902878
19.01799965 -22.24699974 362.23599243 0.022351 0.411519 0.911127
18.11800003 -22.54700089 362.38800049 0.030492 0.417602 0.908118
18.41799927 -22.54700089 362.39099121 0.033434 0.439996 0.897377
18.11800003 -22.24699974 362.26000977 0.038049 0.384430 0.922370
18.41799927 -22.24699974 362.23901367 0.044432 0.437593 0.898075
15.16199970 -20.44700050 374.11801147 0.776308 -0.545817 0.315325
15.11800003 -20.44700050 374.18600464 0.779549 -0.514857 0.356688
15.11800003 -20.29899979 374.41799927 0.108534 -0.886592 0.449639
17.81800079 -22.54700089 362.41101074 0.055709 0.436163 0.898142
17.51799965 -22.24699974 362.24798584 0.105166 0.372861 0.921908
17.81800079 -22.24699974 362.26300049 -0.019550 0.400127 0.916251
17.51799965 -22.54700089 362.42498779 0.022740 0.461486 0.886856
37.01800156 -38.14699936 368.68200684 0.104985 0.516298 0.849950
36.71799850 -37.84700012 368.54299927 0.091887 0.490534 0.866564
37.01800156 -37.84700012 368.51599121 -0.003891 0.416339 0.909201
17.21800041 -22.24699974 362.32998657 0.440613 0.052874 0.896139
16.91799927 -22.54700089 362.52200317 0.499809 -0.206870 0.841068
17.21800041 -22.54700089 362.42599487 0.153067 0.324061 0.933571
37.01800156 -37.54700089 368.40798950 0.046307 0.390301 0.919522
36.71799850 -37.24700165 368.27700806 0.027775 0.416631 0.908651
37.01800156 -37.24700165 368.26199341 0.035828 0.415336 0.908962
36.71799850 -37.54700089 368.42401123 0.032965 0.404816 0.913804
16.39399910 -22.24699974 364.51800537 0.828521 -0.509977 0.231251
16.59199905 -21.94700050 364.51800537 0.834286 -0.522739 0.175245
16.77099991 -21.64699936 364.51800537 0.818938 -0.539375 0.195998
16.51000023 -21.94700050 364.81799316 0.814210 -0.522645 0.252793
16.69199944 -21.64699936 364.81799316 0.820187 -0.525839 0.225360
36.11800003 -37.54700089 368.40798950 0.055848 0.448149 0.892212
36.11800003 -37.24700165 368.28601074 0.040882 0.391679 0.919193
36.41799927 -37.24700165 368.28100586 0.014472 0.427589 0.903857
36.41799927 -37.54700089 368.42898560 -0.024946 0.408325 0.912495
16.30599976 -20.74699974 368.71798706 0.837733 -0.514029 0.184331
16.23100090 -20.74699974 369.01800537 0.809104 -0.540944 0.229631
16.32299995 -20.44700050 369.31799316 0.832144 -0.508448 0.221396
16.50099945 -20.14699936 369.31799316 0.830634 -0.509394 0.224868
16.69099998 -19.84700012 369.31799316 0.819067 -0.522907 0.236002
16.42799950 -20.14699936 369.61801147 0.855428 -0.494476 0.154065
16.60899925 -19.84700012 369.61801147 0.834162 -0.518533 0.187874
16.59499931 -18.34700012 373.51800537 0.828381 -0.512953 0.225087
16.77799988 -18.04700089 373.51800537 0.832966 -0.515502 0.201061
16.52300072 -18.34700012 373.81799316 0.829357 -0.515875 0.214568
16.70999908 -18.04700089 373.81799316 0.838007 -0.504623 0.207607
34.31800079 -36.64699936 368.09100342 0.220439 0.708218 0.670697
34.61800003 -36.64699936 368.03298950 0.066227 0.404118 0.912306
35.51800156 -26.66099930 393.01800537 0.451095 0.731997 -0.510581
16.46699905 -17.14699936 377.11801147 0.826321 -0.521967 0.211526
16.64800072 -16.84700012 377.11801147 0.822255 -0.529355 0.208996
16.37400055 -17.14699936 377.41799927 0.822984 -0.518403 0.232282
16.57099915 -16.84700012 377.41799927 0.823324 -0.536294 0.185814
16.08799934 -17.74699974 377.11801147 0.794533 -0.542800 0.272187
16.26899910 -17.44700050 377.11801147 0.827527 -0.523848 0.201947
16.00600052 -17.74699974 377.41799927 0.809682 -0.545422 0.216632
16.19199944 -17.44700050 377.41799927 0.831408 -0.511049 0.218149
34.01800156 -36.04700089 367.79800415 0.033475 0.443210 0.895793
34.01800156 -36.34700012 367.97799683 0.199070 0.533386 0.822114
33.71799850 -36.04700089 367.82699585 0.132038 0.430188 0.893031
16.16900063 -17.14699936 378.31799316 0.837986 -0.510013 0.194076
16.07699966 -17.14699936 378.61801147 0.827557 -0.511274 0.231839
16.27000046 -16.84700012 378.61801147 0.823921 -0.529555 0.201807
16.00200081 -17.14699936 378.91799927 0.836724 -0.506876 0.207290
16.19400024 -16.84700012 378.91799927 0.820927 -0.531546 0.208659
15.92899990 -17.14699936 379.21798706 0.821525 -0.527795 0.215708
16.11800003 -16.84700012 379.21798706 0.817441 -0.540394 0.199413
16.39100075 -16.54700089 378.91799927 0.834985 -0.516036 0.191069
16.56399918 -16.24699974 378.91799927 0.835684 -0.512291 0.197965
16.32500076 -16.54700089 379.21798706 0.832371 -0.533723 0.149324
16.50099945 -16.24699974 379.21798706 0.853085 -0.495292 0.164112
16.44899940 -16.24699974 379.51800537 0.866825 -0.452062 0.210366
16.35499954 -16.24699974 379.81799316 0.817886 -0.513701 0.259178
16.28300095 -16.54700089 379.51800537 0.810737 -0.544067 0.216094
16.16600037 -16.54700089 379.81799316 0.810529 -0.515791 0.277493
16.07699966 -16.54700089 380.11801147 0.834366 -0.504891 0.221176
16.25900078 -16.24699974 380.11801147 0.820750 -0.526201 0.222446
16.00799942 -16.54700089 380.41799927 0.849209 -0.494004 0.186557
16.19300079 -16.24699974 380.41799927 0.819402 -0.532535 0.212099
16.46199989 -15.94699955 380.11801147 0.806992 -0.556810 0.196790
16.67300034 -15.64700031 380.11801147 0.815088 -0.527410 0.239732
16.39699936 -15.94699955 380.41799927 0.834257 -0.527917 0.159119
16.57099915 -15.64700031 380.41799927 0.847822 -0.493687 0.193574
16.34700012 -15.94699955 380.71798706 0.794106 -0.573776 0.200439
16.53599930 -15.64700031 380.71798706 0.861007 -0.462698 0.211134
16.42499924 -15.64700031 381.01800537 0.822610 -0.487299 0.293006
16.24699974 -15.94699955 381.01800537 0.805297 -0.534269 0.257010
15.94600010 -16.54700089 380.71798706 0.856072 -0.479580 0.192728
16.10400009 -16.24699974 380.71798706 0.808881 -0.543876 0.223405
15.87199974 -16.54700089 381.01800537 0.853657 -0.474254 0.215296
16.02799988 -16.24699974 381.01800537 0.835648 -0.522839 0.168321
16.15500069 -15.94699955 381.31799316 0.849263 -0.475526 0.229407
16.08399963 -15.94699955 381.61801147 0.833469 -0.515813 0.198157
16.27499962 -15.64700031 381.61801147 0.832929 -0.523770 0.178592
16.32099915 -15.64700031 381.31799316 0.852162 -0.478116 0.212663
16.38100052 -15.34700012 381.91799927 0.842002 -0.505801 0.187612
16.55299950 -15.04699993 381.91799927 0.828693 -0.501537 0.248454
16.32699966 -15.34700012 382.21798706 0.865466 -0.470330 0.172504
16.46500015 -15.04699993 382.21798706 0.861505 -0.482854 0.157038
16.17000008 -14.74699974 384.31799316 0.829904 -0.512003 0.221613
16.09399986 -14.74699974 384.61801147 0.821406 -0.537015 0.192115
17.80400085 -25.54700089 367.51800537 0.624532 0.775934 -0.088803
17.51799965 -25.31699944 367.51800537 0.596737 0.747122 -0.292769
16.31800079 -14.54699993 384.31799316 0.770474 -0.599947 0.215485
16.61800003 -14.28600025 384.31799316 0.575540 -0.799109 0.173719
16.31800079 -14.45300007 384.61801147 0.686174 -0.698565 0.202909
17.51799965 -25.13899994 367.81799316 0.586049 0.741037 -0.327735
16.61800003 -14.22299957 384.61801147 0.515891 -0.819539 0.249425
16.31800079 -14.24699974 385.21798706 0.533841 -0.764253 0.361844
16.03000069 -14.74699974 384.91799927 0.819402 -0.532535 0.212099
16.24600029 -14.44699955 384.91799927 0.789680 -0.577252 0.207811
15.93999958 -14.74699974 385.21798706 0.817446 -0.523845 0.239516
16.15999985 -14.44699955 385.21798706 0.775772 -0.585341 0.235697
16.61800003 -14.10599995 384.91799927 0.240033 -0.950641 0.196638
16.61800003 -14.10000038 385.21798706 0.470333 -0.822690 0.319323
27.71800041 -26.14699936 363.60198975 0.061796 0.460039 0.885746
28.01799965 -26.14699936 363.57101440 0.119932 0.501402 0.856862
27.71800041 -25.84700012 363.43200684 0.151358 0.498157 0.853774
28.01799965 -25.84700012 363.37100220 0.166442 0.547309 0.820213
31.31800079 -34.24700165 367.12500000 0.014438 0.426574 0.904337
31.61800003 -34.24700165 367.11401367 0.046176 0.383924 0.922209
31.31800079 -34.54700089 367.26300049 0.036054 0.425970 0.904019
31.61800003 -34.54700089 367.23800659 0.060559 0.407764 0.911077
37.61800003 -35.93199921 375.01800537 -0.494144 0.813049 -0.307853
37.31800079 -36.03699875 375.01800537 0.030176 0.917090 -0.397537
37.61800003 -36.00600052 374.71798706 -0.583926 0.777011 -0.235127
37.31800079 -36.14500046 374.71798706 -0.070177 0.890287 -0.449960
37.76599884 -35.74700165 375.01800537 -0.818396 0.533870 -0.212630
37.83300018 -35.74700165 374.71798706 -0.804548 0.560283 -0.196939
37.93799973 -35.44699860 375.01800537 -0.832947 0.530057 -0.158869
38.00799942 -35.44699860 374.71798706 -0.824052 0.521339 -0.221684
37.91199875 -35.74700165 374.41799927 -0.813725 0.546032 -0.199249
38.09899902 -35.44699860 374.41799927 -0.832867 0.505833 -0.224645
38.16999817 -35.44699860 374.11801147 -0.835283 0.507840 -0.210716
37.97999954 -35.74700165 374.11801147 -0.830587 0.517788 -0.204989
38.48199844 -34.84700012 374.41799927 -0.829217 0.538472 -0.149823
38.27600098 -35.14699936 374.41799927 -0.827986 0.530452 -0.181826
38.34400177 -35.14699936 374.11801147 -0.835112 0.506543 -0.214482
38.53400040 -34.84700012 374.11801147 -0.824734 0.527040 -0.205044
38.42900085 -35.14699936 373.81799316 -0.827669 0.525047 -0.198217
38.48699951 -35.14699936 373.51800537 -0.831841 0.520844 -0.191731
38.63100052 -34.84700012 373.81799316 -0.817059 0.536052 -0.212283
38.68999863 -34.84700012 373.51800537 -0.816968 0.549159 -0.176032
38.97999954 -34.24700165 373.81799316 -0.841648 0.495890 -0.213824
38.82199860 -34.54700089 373.81799316 -0.842288 0.488923 -0.226946
39.07699966 -34.24700165 373.51800537 -0.831350 0.506771 -0.228124
38.88899994 -34.54700089 373.51800537 -0.827604 0.534276 -0.172106
38.94699860 -34.54700089 373.21798706 -0.825156 0.532505 -0.188564
39.02500153 -34.54700089 372.91799927 -0.830852 0.510707 -0.221052
39.14500046 -34.24700165 373.21798706 -0.833786 0.521304 -0.181780
39.20800018 -34.24700165 372.91799927 -0.839134 0.517193 -0.168423
39.50899887 -33.64699936 373.21798706 -0.828330 0.521316 -0.205183
39.32099915 -33.94699860 373.21798706 -0.837880 0.508767 -0.197770
39.59400177 -33.64699936 372.91799927 -0.833800 0.504548 -0.224074
39.39599991 -33.94699860 372.91799927 -0.826579 0.531480 -0.185190
39.26599884 -34.24700165 372.61801147 -0.850967 0.493293 -0.180327
39.33399963 -34.24700165 372.31799316 -0.850780 0.479036 -0.216095
39.17300034 -34.54700089 372.31799316 -0.847264 0.503017 -0.170640
35.81800079 -26.89299965 393.01800537 0.539099 0.663377 -0.518945
35.99000168 -27.04700089 393.01800537 0.553597 0.647826 -0.523309
39.66999817 -33.64699936 372.61801147 -0.831009 0.523339 -0.188523
39.45500183 -33.94699860 372.61801147 -0.819689 0.550938 -0.156771
39.51100159 -33.94699860 372.31799316 -0.816941 0.540063 -0.202334
35.51800156 -26.89900017 392.71798706 0.541972 0.702062 -0.461927
35.81800079 -27.13699913 392.71798706 0.511817 0.730458 -0.452188
40.03200150 -33.04700089 372.61801147 -0.826321 0.521967 -0.211526
39.83300018 -33.34700012 372.61801147 -0.835847 0.503944 -0.217716
40.11800003 -33.04700089 372.31799316 -0.822515 0.526471 -0.215166
39.91500092 -33.34700012 372.31799316 -0.821728 0.529016 -0.211911
39.73099899 -33.64699936 372.31799316 -0.815422 0.549162 -0.183054
39.80500031 -33.64699936 372.01800537 -0.828435 0.530739 -0.178918
39.86100006 -33.64699936 371.71798706 -0.823324 0.536294 -0.185814
40.14099884 -33.34700012 371.41799927 -0.814721 0.535476 -0.222476
40.21200180 -33.34700012 371.11801147 -0.838776 0.507482 -0.197271
40.18899918 -33.04700089 372.01800537 -0.809795 0.550538 -0.202830
39.98699951 -33.34700012 372.01800537 -0.827902 0.529314 -0.185486
40.26800156 -33.04700089 371.71798706 -0.809418 0.553331 -0.196638
40.04899979 -33.34700012 371.71798706 -0.809597 0.549424 -0.206608
40.33399963 -33.04700089 371.41799927 -0.842569 0.513834 -0.161406
40.38299942 -33.04700089 371.11801147 -0.840942 0.503963 -0.197072
40.71099854 -32.44699860 371.41799927 -0.830717 0.533502 -0.159010
40.50699997 -32.74700165 371.41799927 -0.835158 0.526609 -0.158725
40.74599838 -32.44699860 371.11801147 -0.836064 0.524211 -0.161867
40.57199860 -32.74700165 371.11801147 -0.839271 0.507782 -0.194373
40.82600021 -32.44699860 370.81799316 -0.817082 0.531946 -0.222283
40.64599991 -32.74700165 370.81799316 -0.841803 0.492948 -0.219931
40.90800095 -32.44699860 370.51800537 -0.844601 0.495318 -0.203246
40.72800064 -32.74700165 370.51800537 -0.830852 0.510707 -0.221052
41.20399857 -31.84700012 370.81799316 -0.861494 0.467327 -0.198577
41.03499985 -32.14699936 370.81799316 -0.831096 0.524507 -0.184855
41.25600052 -31.84700012 370.51800537 -0.837660 0.512823 -0.187985
41.08000183 -32.14699936 370.51800537 -0.854296 0.494282 -0.160826
19.31800079 -9.11400032 385.81799316 0.863128 -0.477882 0.163215
19.41200066 -9.04699993 385.51800537 0.834746 -0.524143 0.168741
19.59099960 -8.74699974 385.51800537 0.848083 -0.504706 0.161328
41.33900070 -31.84700012 370.21798706 -0.817590 0.528123 -0.229418
41.14799881 -32.14699936 370.21798706 -0.836281 0.513823 -0.191365
41.42399979 -31.84700012 369.91799927 -0.826006 0.530033 -0.191778
41.21799850 -32.14699936 369.91799927 -0.825271 0.536652 -0.175877
35.81800079 -27.27599907 392.41799927 0.562894 0.747822 -0.352012
35.90700150 -27.34700012 392.41799927 0.629439 0.716369 -0.301036
35.51800156 -27.05299950 392.41799927 0.548395 0.761929 -0.344567
35.51800156 -27.17000008 392.11801147 0.544017 0.771894 -0.328978
41.55899811 -31.84700012 369.31799316 -0.809418 0.553331 -0.196638
41.71500015 -31.24699974 370.21798706 -0.828381 0.512953 -0.225087
41.53599930 -31.54700089 370.21798706 -0.828404 0.517180 -0.215110
41.80799866 -31.24699974 369.91799927 -0.815884 0.521732 -0.249255
41.60300064 -31.54700089 369.91799927 -0.825391 0.528553 -0.198397
41.89799881 -31.24699974 369.61801147 -0.826129 0.520721 -0.215313
41.68000031 -31.54700089 369.61801147 -0.797367 0.558931 -0.227598
41.96400070 -31.24699974 369.31799316 -0.844698 0.505031 -0.177282
41.77500153 -31.54700089 369.31799316 -0.810440 0.546932 -0.209887
42.05799866 -30.94700050 369.61801147 -0.856234 0.471004 -0.212177
42.22800064 -30.64699936 369.61801147 -0.827644 0.515556 -0.221827
42.32300186 -30.64699936 369.31799316 -0.820936 0.523251 -0.228634
42.13399887 -30.94700050 369.31799316 -0.841437 0.504260 -0.194178
42.39500046 -30.64699936 369.01800537 -0.825991 0.512206 -0.235338
42.19699860 -30.94700050 369.01800537 -0.833585 0.517034 -0.194453
42.49399948 -30.64699936 368.71798706 -0.812851 0.535217 -0.229819
42.27299881 -30.94700050 368.71798706 -0.805892 0.547020 -0.226513
42.56399918 -30.64699936 368.41799927 -0.834286 0.522739 -0.175245
42.36600113 -30.94700050 368.41799927 -0.820780 0.535555 -0.198747
42.62099838 -30.64699936 368.11801147 -0.818318 0.547052 -0.176323
42.41699982 -30.94700050 368.11801147 -0.830733 0.519019 -0.201252
43.06399918 -30.04700089 367.81799316 -0.818855 0.518557 -0.246121
42.87900162 -30.34700012 367.81799316 -0.833752 0.512961 -0.204277
43.16699982 -30.04700089 367.51800537 -0.821445 0.531882 -0.205742
42.96400070 -30.34700012 367.51800537 -0.831525 0.516485 -0.204473
43.65399933 -29.44700050 367.21798706 -0.712893 0.615458 -0.336148
43.42900085 -29.74699974 367.21798706 -0.785478 0.577877 -0.221545
43.52199936 -29.74699974 366.91799927 -0.789767 0.573393 -0.217920
43.91799927 -29.18099976 367.21798706 -0.674536 0.687294 -0.269496
43.91799927 -29.31200027 366.91799927 -0.999999 0.000978 0.000978
43.91799927 -29.41600037 366.61801147 -0.999999 -0.000978 -0.000978
43.91799927 -29.52099991 366.31799316 -0.629654 0.713393 -0.307580
35.81800079 -37.60800171 369.31799316 0.539026 0.806209 -0.243882
16.01799965 -16.80400085 384.01800537 0.568658 0.720300 -0.397236
15.71800041 -16.62000084 384.01800537 0.456602 0.795423 -0.398518
15.71800041 -16.78800011 383.71798706 0.601937 0.739981 -0.300166
16.01799965 -17.03899956 383.71798706 0.513461 0.761226 -0.396098
17.21800041 -17.42200089 384.61801147 0.573056 0.756048 -0.316224
16.91799927 -17.18000031 384.61801147 0.562099 0.744577 -0.360069
16.91799927 -17.34199905 384.31799316 0.525602 0.763181 -0.375895
17.21800041 -17.52599907 384.31799316 0.542507 0.751038 -0.376334
17.21800041 -17.71999931 384.01800537 0.549247 0.708545 -0.443048
16.91799927 -17.47500038 384.01800537 0.569116 0.752910 -0.330506
16.91799927 -17.60499954 383.71798706 0.494917 0.785097 -0.372397
17.51799965 -17.63400078 384.61801147 0.500184 0.752735 -0.428026
19.01799965 -27.48500061 365.11801147 0.500885 0.753790 -0.425341
16.44000053 -18.34700012 374.11801147 0.827557 -0.511274 0.231839
16.62899971 -18.04700089 374.11801147 0.829104 -0.510336 0.228349
16.35400009 -18.34700012 374.41799927 0.829862 -0.530812 0.171953
16.54400063 -18.04700089 374.41799927 0.822532 -0.543860 0.166304
16.31599998 -18.34700012 374.71798706 0.837839 -0.519371 0.168163
16.23500061 -18.34700012 375.01800537 0.795501 -0.571718 0.200791
16.50699997 -18.04700089 374.71798706 0.850198 -0.507777 0.139017
16.44599915 -18.04700089 375.01800537 0.842160 -0.511258 0.171413
16.67499924 -17.74699974 374.71798706 0.838215 -0.501716 0.213722
16.86499977 -17.44700050 374.71798706 0.843341 -0.504806 0.184247
16.59799957 -17.74699974 375.01800537 0.855428 -0.494476 0.154065
16.79299927 -17.44700050 375.01800537 0.827986 -0.530452 0.181826
18.41799927 -27.05900002 365.11801147 0.562406 0.777862 -0.280411
18.11800003 -26.84099960 365.11801147 0.588591 0.743398 -0.317678
18.41799927 -26.90600014 365.41799927 0.503339 0.752549 -0.424641
16.89100075 -17.14699936 375.31799316 0.822744 -0.502356 0.265953
16.78899956 -17.14699936 375.61801147 0.851617 -0.461610 0.248325
16.88500023 -20.74699974 366.31799316 0.821525 -0.527795 0.215708
16.79999924 -20.74699974 366.61801147 0.818283 -0.537903 0.202666
15.16800022 -22.84700012 368.41799927 0.997764 -0.041618 0.052289
15.25800037 -23.14699936 368.41799927 0.854001 0.429309 -0.293899
15.21899986 -22.84700012 368.11801147 0.945281 -0.292619 0.144287
15.18400002 -23.14699936 368.11801147 0.986706 -0.054882 -0.152969
15.71800041 -23.59499931 368.41799927 0.574986 0.737872 -0.353462
15.71800041 -23.74600029 368.11801147 0.999999 -0.000978 -0.000978
15.41800022 -23.31900024 368.41799927 0.736235 0.614860 -0.282676
15.41800022 -23.48299980 368.11801147 0.743886 0.582523 -0.327568
15.25699997 -22.84700012 367.81799316 0.910535 -0.396187 0.118161
15.16499996 -23.14699936 367.81799316 0.999511 -0.001009 -0.031266
15.29599953 -22.84700012 367.51800537 0.876005 -0.453307 0.164706
15.16600037 -23.14699936 367.51800537 0.980955 -0.185199 0.058547
15.25599957 -23.44700050 367.81799316 0.854467 0.418735 -0.307485
15.41800022 -23.65500069 367.81799316 0.644166 0.673670 -0.362241
15.18599987 -23.44700050 367.51800537 0.976577 0.084759 -0.197772
15.13500023 -23.44700050 367.21798706 0.992161 0.055434 -0.112000
15.23299980 -23.74699974 367.21798706 0.822690 0.470333 -0.319323
15.12100029 -23.44700050 366.91799927 0.978748 -0.194782 0.064121
15.15799999 -23.74699974 366.91799927 0.864773 0.464278 -0.191348
15.10799980 -23.74699974 366.61801147 0.980609 -0.169323 -0.098670
15.09799957 -23.74699974 366.31799316 0.993178 -0.112079 0.032181
15.17300034 -23.44700050 366.61801147 0.922811 -0.348680 0.163837
15.22599983 -23.44700050 366.31799316 0.883954 -0.435424 0.170383
18.17300034 -10.84700012 386.11801147 0.803412 -0.576847 0.147566
15.41800022 -24.17200089 366.61801147 0.574206 0.745659 -0.338054
15.16199970 -24.04700089 366.31799316 0.796860 0.468457 -0.381527
15.41800022 -24.30100060 366.31799316 0.604823 0.736376 -0.303214
17.68700027 -18.94700050 367.51800537 0.846424 -0.504284 0.171070
17.87100029 -18.64699936 367.51800537 0.831841 -0.520844 0.191731
17.62500000 -18.94700050 367.81799316 0.834630 -0.518824 0.184972
18.11800003 -10.84200001 386.41799927 0.831636 -0.531117 0.162162
17.80999947 -18.64699936 367.81799316 0.830241 -0.526971 0.181662
15.10200024 -24.04700089 366.01800537 0.930687 0.343028 -0.127098
15.08699989 -24.04700089 365.71798706 0.997923 -0.034996 0.054085
15.33100033 -24.34700012 366.01800537 0.755625 0.554988 -0.347879
15.17700005 -24.34700012 365.71798706 0.810166 0.483563 -0.331359
17.51799965 -11.65699959 386.71798706 0.781886 -0.575880 0.238780
17.67900085 -11.44699955 386.71798706 0.803152 -0.590511 0.079022
17.81800079 -13.24400043 385.51800537 0.256678 0.935541 0.242652
17.51799965 -14.03999996 384.91799927 0.497466 -0.856341 -0.138590
17.78499985 -13.84700012 384.91799927 0.579597 -0.747503 -0.324510
17.51799965 -13.98600006 385.21798706 0.118229 -0.960123 0.253348
17.81800079 -13.91300011 385.21798706 0.229735 -0.945078 -0.232486
17.81900024 -13.24699974 384.91799927 0.649761 0.639790 -0.410463
18.02199936 -13.24699974 385.21798706 0.290419 0.953865 -0.076154
17.81800079 -13.04399967 385.21798706 0.594083 0.804402 0.001366
18.27300072 -17.74699974 368.11801147 0.837660 -0.512823 0.187985
18.45599937 -17.44700050 368.11801147 0.819194 -0.531328 0.215900
18.22100067 -17.74699974 368.41799927 0.829374 -0.529420 0.178473
18.39599991 -17.44700050 368.41799927 0.843841 -0.506305 0.177729
17.56699944 -13.84700012 384.61801147 0.672959 -0.613140 -0.413745
36.11800003 -27.52799988 392.41799927 0.620014 0.751200 -0.226453
36.41799927 -27.76600075 392.41799927 0.559071 0.799333 -0.220240
38.52600098 -29.44700050 387.91799927 -0.815712 0.510015 -0.272944
38.32899857 -29.74699974 387.91799927 -0.811373 0.533188 -0.239548
38.22200012 -29.74699974 388.21798706 -0.816191 0.514589 -0.262736
38.40800095 -29.44700050 388.21798706 -0.811014 0.505506 -0.294485
15.34700012 -24.04700089 364.21798706 0.847964 -0.480867 0.222989
15.19200039 -24.34700012 364.21798706 0.873352 -0.453556 0.177606
15.43999958 -24.04700089 363.91799927 0.838741 -0.481699 0.253931
15.26399994 -24.34700012 363.91799927 0.831459 -0.503775 0.234279
36.11800003 -27.59399986 392.11801147 0.460557 0.838927 -0.289980
15.71800041 -24.64699936 363.32000732 0.096299 0.310005 0.945845
16.01799965 -24.94700050 363.41900635 -0.019213 0.357367 0.933766
15.71800041 -24.94700050 363.42498779 0.009063 0.402635 0.915316
18.88999939 -16.54700089 368.71798706 0.806992 -0.556810 0.196790
19.09600067 -16.24699974 368.71798706 0.837822 -0.518225 0.171746
36.41799927 -27.78199959 392.11801147 0.558909 0.805621 -0.196456
18.80800056 -16.54700089 369.01800537 0.793175 -0.556313 0.247770
19.02400017 -16.24699974 369.01800537 0.811835 -0.526218 0.253019
15.52900028 -24.04700089 363.61801147 0.835404 -0.468262 0.287802
15.35999966 -24.34700012 363.61801147 0.830286 -0.500636 0.244927
15.64700031 -24.04700089 363.31799316 0.831096 -0.184855 0.524507
16.01799965 -24.04700089 363.07299805 0.156047 0.257410 0.953619
16.01799965 -24.34700012 363.18200684 0.099358 0.368849 0.924164
15.71800041 -24.34700012 363.22900391 0.346913 0.045475 0.936794
17.81800079 -26.14900017 366.01800537 0.489097 0.796987 -0.354395
17.81800079 -26.33699989 365.71798706 0.496858 0.778465 -0.383568
18.41799927 -26.44700050 366.25100708 0.588770 0.707513 -0.390864
18.14900017 -26.44700050 366.01800537 0.568503 0.716808 -0.403720
18.41799927 -26.66399956 366.01800537 0.547465 0.746841 -0.377506
18.41799927 -26.71999931 365.71798706 0.543011 0.776874 -0.318758
18.11800003 -26.52599907 365.71798706 0.508319 0.790540 -0.341552
16.61800003 -24.04700089 363.03500366 0.030135 0.394373 0.918456
16.31800079 -24.04700089 363.04299927 0.059538 0.369134 0.927467
16.61800003 -24.34700012 363.16400146 0.014206 0.383568 0.923404
16.31800079 -24.34700012 363.16400146 0.027440 0.388086 0.921215
19.48800087 -15.34700012 369.31799316 0.829904 -0.512003 0.221613
19.67700005 -15.04699993 369.31799316 0.842337 -0.497538 0.207182
19.40399933 -15.34700012 369.61801147 0.841806 -0.497225 0.210074
19.58699989 -15.04699993 369.61801147 0.843851 -0.497887 0.200057
17.21800041 -24.04700089 363.04699707 -0.043102 0.361794 0.931261
16.91799927 -24.04700089 363.02398682 -0.019390 0.381328 0.924236
17.21800041 -24.34700012 363.16900635 -0.043666 0.390347 0.919632
16.91799927 -24.34700012 363.15399170 -0.006467 0.404810 0.914378
17.81800079 -24.04700089 363.05300903 0.011612 0.385780 0.922518
17.51799965 -24.04700089 363.05200195 -0.009072 0.400462 0.916268
17.81800079 -24.34700012 363.17300415 0.022048 0.380005 0.924722
17.51799965 -24.34700012 363.18301392 -0.006423 0.389255 0.921108
18.41799927 -23.44700050 362.78601074 0.006482 0.405769 0.913953
18.11800003 -23.44700050 362.79299927 0.022202 0.395713 0.918106
18.41799927 -23.74699974 362.92199707 -0.014251 0.395130 0.918515
18.11800003 -23.74699974 362.92098999 0.001279 0.387428 0.921899
18.41799927 -24.04700089 363.04400635 0.019362 0.378210 0.925517
18.11800003 -24.04700089 363.04400635 0.014186 0.380452 0.924692
18.41799927 -24.34700012 363.16799927 0.011596 0.382667 0.923813
18.11800003 -24.34700012 363.16799927 0.008964 0.377770 0.925856
19.01799965 -24.04700089 363.01800537 0.051765 0.388901 0.919824
18.71800041 -24.04700089 363.03201294 0.040298 0.360081 0.932050
19.01799965 -24.34700012 363.14700317 0.046677 0.404087 0.913529
18.71800041 -24.34700012 363.16101074 0.032774 0.386735 0.921608
19.01799965 -23.44700050 362.76800537 0.033045 0.405794 0.913367
18.71800041 -23.44700050 362.78799438 0.027775 0.416631 0.908651
19.01799965 -23.74699974 362.89300537 0.071254 0.383160 0.920929
18.71800041 -23.74699974 362.92999268 0.046045 0.377565 0.924837
19.61800003 -24.34700012 363.13198853 0.001286 0.399807 0.916599
19.31800079 -24.34700012 363.13000488 0.022438 0.421044 0.906763
19.61800003 -24.04700089 363.00799561 -0.008977 0.380863 0.924588
19.31800079 -24.04700089 362.99899292 0.014186 0.380452 0.924692
19.61800003 -23.44700050 362.74899292 0.049667 0.420158 0.906091
19.31800079 -23.44700050 362.76599121 0.030176 0.397537 0.917090
19.61800003 -23.74699974 362.88598633 0.014285 0.396072 0.918108
19.31800079 -23.74699974 362.88299561 0.011470 0.363222 0.931632
20.21800041 -23.44700050 362.72601318 0.036235 0.438849 0.897830
19.91799927 -23.44700050 362.73300171 0.033474 0.437835 0.898432
20.21800041 -23.74699974 362.84799194 0.046420 0.391253 0.919112
19.91799927 -23.74699974 362.87399292 0.057955 0.411076 0.909757
20.81800079 -23.44700050 362.68798828 0.072635 0.428958 0.900400
20.51799965 -23.44700050 362.70800781 0.055917 0.445968 0.893300
21.41799927 -23.44700050 362.65100098 0.030536 0.426174 0.904126
21.11800003 -23.44700050 362.65899658 0.055353 0.419871 0.905894
20.81800079 -23.74699974 362.82400513 0.063465 0.406447 0.911467
20.51799965 -23.74699974 362.84399414 0.035675 0.400356 0.915665
21.41799927 -23.74699974 362.79501343 0.027811 0.419820 0.907181
21.11800003 -23.74699974 362.80200195 0.044265 0.427897 0.902743
23.51799965 -23.14699936 362.44299316 0.099665 0.447792 0.888566
23.81800079 -22.84700012 362.25201416 0.105746 0.449775 0.886860
23.51799965 -22.84700012 362.29699707 0.090523 0.441474 0.892696
23.81800079 -23.14699936 362.40600586 0.090745 0.453725 0.886509
16.74300003 -14.74699974 381.91799927 0.812341 -0.539001 0.222664
16.66300011 -14.74699974 382.21798706 0.812624 -0.561204 0.157137
16.87999916 -14.44699955 382.21798706 0.822740 -0.534856 0.192427
16.89599991 -14.74699974 381.31799316 0.813041 -0.544570 0.205930
16.82699966 -14.74699974 381.61801147 0.832139 -0.512670 0.211458
24.11800003 -22.84700012 362.22500610 0.079246 0.462963 0.882828
24.41799927 -23.14699936 362.34799194 0.100252 0.470195 0.876850
24.11800003 -23.14699936 362.38198853 0.085297 0.462838 0.882329
16.59499931 -15.94699955 379.51800537 0.851754 -0.490766 0.183478
16.79500008 -15.64700031 379.51800537 0.829395 -0.534565 0.162305
16.54400063 -15.94699955 379.81799316 0.822446 -0.538740 0.182598
16.74799919 -15.64700031 379.81799316 0.828965 -0.533226 0.168780
43.35200119 -29.74699974 367.51800537 -0.828260 0.508635 -0.235109
43.53599930 -29.44700050 367.51800537 -0.803009 0.545176 -0.240747
43.47399902 -29.44700050 367.81799316 -0.793969 0.581434 -0.177618
15.86100006 -18.04700089 377.11801147 0.806202 -0.517038 0.287593
15.78800011 -18.04700089 377.41799927 0.820780 -0.535555 0.198747
15.70400047 -18.34700012 377.11801147 0.846381 -0.451712 0.282127
15.61499977 -18.34700012 377.41799927 0.839969 -0.488069 0.237150
43.25799942 -29.74699974 367.81799316 -0.803443 0.550536 -0.226691
15.31599998 -18.94700050 377.11801147 0.775198 -0.584908 0.238643
15.54100037 -18.64699936 377.11801147 0.812469 -0.526629 0.250110
15.22299957 -18.94700050 377.41799927 0.853050 -0.512973 0.095736
15.43900013 -18.64699936 377.41799927 0.813685 -0.536817 0.223033
15.46899986 -18.94700050 376.51800537 0.829483 -0.540711 0.139966
15.68599987 -18.64699936 376.51800537 0.784789 -0.585136 0.204260
15.40699959 -18.94700050 376.81799316 0.817585 -0.536397 0.209363
15.62199974 -18.64699936 376.81799316 0.811826 -0.549848 0.196483
15.50699997 -18.94700050 376.21798706 0.749655 -0.629092 0.205575
15.11800003 -19.49500084 375.91799927 0.757159 -0.610411 0.232612
15.38099957 -19.24699974 375.91799927 0.659545 -0.718795 0.219848
15.11800003 -19.51000023 376.21798706 0.821204 -0.570621 0.004086
15.29300022 -19.24699974 376.21798706 0.815721 -0.566758 0.115695
15.41800022 -19.45400047 375.31799316 0.783192 -0.578477 0.227979
15.57699966 -19.24699974 375.31799316 0.806681 -0.544471 0.229819
15.26900005 -19.54700089 375.61801147 0.825356 -0.394460 0.403965
15.49199963 -19.24699974 375.61801147 0.783506 -0.570818 0.245530
15.22500038 -19.84700012 375.31799316 -0.000978 -0.999999 -0.000978
15.19299984 -19.84700012 375.61801147 0.964077 -0.244540 0.103706
15.24499989 -20.14699936 374.71798706 0.886637 -0.460291 0.044807
15.34200001 -19.84700012 374.71798706 0.862589 -0.470638 0.185583
15.16699982 -20.14699936 375.01800537 0.880491 -0.415663 0.227944
15.30900002 -19.84700012 375.01800537 0.892705 -0.415245 0.175069
26.81800079 -31.54700089 366.08499146 0.030082 0.385834 0.922078
26.51799965 -31.54700089 366.08898926 0.033045 0.405794 0.913367
26.81800079 -31.24699974 365.95901489 0.019497 0.393844 0.918970
26.51799965 -31.24699974 365.95700073 0.016927 0.402332 0.915337
15.71800041 -17.82900047 381.31799316 0.567706 0.776445 -0.273574
16.01799965 -17.99600029 381.31799316 0.528099 0.794527 -0.299732
16.20800018 -18.04700089 381.61801147 0.606873 0.726629 -0.322047
16.01799965 -17.87899971 381.61801147 0.559732 0.778550 -0.283830
36.71799850 -27.94199944 392.41799927 0.530040 0.795851 -0.292709
35.81800079 -30.04700089 365.10101318 0.031053 0.465800 0.884345
35.51800156 -30.04700089 365.10400391 0.025140 0.427382 0.903721
36.41799927 -30.04700089 365.04901123 0.085318 0.594336 0.799678
36.41799927 -29.78000069 364.81799316 0.120369 0.646427 0.753421
36.11800003 -30.04700089 365.08300781 0.072461 0.555535 0.828330
37.01800156 -28.15999985 392.41799927 0.485726 0.774887 -0.404501
36.71799850 -28.00600052 392.11801147 0.645701 0.730127 -0.223572
36.94300079 -28.24699974 392.11801147 0.646541 0.716437 -0.262111
28.31800079 -26.14699936 363.51800537 0.148779 0.519989 0.841116
29.21800041 -27.04700089 363.96200562 0.088175 0.466065 0.880346
28.91799927 -27.04700089 363.98901367 0.096640 0.452388 0.886569
29.21800041 -27.34700012 364.09201050 0.041539 0.430135 0.901809
28.91799927 -27.34700012 364.12298584 0.083692 0.412971 0.906890
29.51799965 -27.04700089 363.92999268 0.118220 0.544394 0.830457
29.81800079 -27.34700012 364.05700684 0.119555 0.491184 0.862812
29.51799965 -27.34700012 364.09600830 0.050590 0.463515 0.884644
32.21799850 -28.24699974 364.32101440 0.185324 0.632553 0.752018
31.91799927 -28.24699974 364.38299561 0.141086 0.565831 0.812361
31.91799927 -28.04899979 364.21798706 0.162294 0.629457 0.759898
31.61800003 -28.24699974 364.42599487 0.075275 0.538290 0.839391
31.31800079 -28.24699974 364.43701172 0.053617 0.479800 0.875738
31.61800003 -28.54700089 364.58401489 0.058561 0.437161 0.897475
31.31800079 -28.54700089 364.60800171 0.022715 0.452968 0.891237
15.56299973 -22.54700089 370.51800537 0.083834 0.996452 -0.007428
15.29800034 -22.24699974 370.51800537 0.965326 0.201924 -0.165447
15.58800030 -22.54700089 370.81799316 0.740021 0.659292 -0.133054
15.32299995 -22.24699974 370.81799316 0.903501 0.398226 -0.158434
39.11800003 -32.14699936 365.99200439 0.016858 0.392924 0.919416
39.41799927 -32.14699936 365.97900391 0.054679 0.390753 0.918870
39.11800003 -31.84700012 365.86898804 -0.009086 0.408890 0.912538
37.01800156 -28.54999924 391.51800537 0.497474 0.779429 -0.380802
39.41799927 -31.84700012 365.85299683 0.057657 0.403596 0.913119
36.71799850 -28.12500000 391.81799316 0.596834 0.683284 -0.420610
37.01800156 -28.37899971 391.81799316 0.520158 0.785839 -0.334502
36.71799850 -28.37299919 391.51800537 0.611497 0.709336 -0.350591
41.21799850 -30.94700050 365.26300049 0.101206 0.626305 0.772981
41.21799850 -30.77899933 365.11801147 0.061562 0.639955 0.765942
40.91799927 -30.94700050 365.33898926 0.116365 0.608341 0.785099
40.91799927 -30.71999931 365.11801147 0.098625 0.710981 0.696261
41.21799850 -31.24699974 365.50299072 0.049063 0.553709 0.831264
40.91799927 -31.24699974 365.52801514 0.020220 0.483940 0.874867
41.21799850 -31.54700089 365.66000366 0.014612 0.458289 0.888683
40.91799927 -31.54700089 365.67098999 -0.014927 0.525174 0.850864
41.81800079 -31.24699974 365.47299194 0.023010 0.496736 0.867597
41.51800156 -31.24699974 365.49200439 0.040447 0.556497 0.829864
41.81800079 -31.54700089 365.65200806 -0.006704 0.497427 0.867480
41.51800156 -31.54700089 365.66198730 0.012020 0.479472 0.877475
21.48200035 -9.34700012 375.61801147 0.905936 -0.404661 0.124619
21.51300049 -9.34700012 375.31799316 0.936976 -0.335493 0.097574
42.53300095 -22.24699974 389.41799927 -0.836701 0.498363 -0.227083
42.34500122 -22.54700089 389.41799927 -0.843321 0.475994 -0.249476
42.60800171 -22.24699974 389.11801147 -0.840887 0.478091 -0.253650
42.45399857 -22.54700089 389.11801147 -0.840438 0.473421 -0.263697
16.98200035 -21.04700089 365.11801147 0.829333 -0.498835 0.251734
21.45599937 -9.64700031 375.01800537 0.905111 -0.405546 0.127698
21.31599998 -9.94699955 375.01800537 0.905004 -0.384159 0.182727
21.48999977 -9.64700031 374.71798706 0.923249 -0.369573 0.105008
21.37000084 -9.94699955 374.71798706 0.905993 -0.383360 0.179476
21.20100021 -10.24699974 375.01800537 0.888421 -0.418681 0.188188
21.23600006 -10.24699974 374.71798706 0.890115 -0.425582 0.163019
21.30999947 -10.24699974 374.41799927 0.881094 -0.439816 0.173881
21.13599968 -10.54699993 374.41799927 0.864797 -0.458536 0.204624
21.35499954 -10.24699974 374.11801147 0.922520 -0.355889 0.149334
21.22699928 -10.54699993 374.11801147 0.872941 -0.437217 0.216370
20.99099922 -10.84700012 374.41799927 0.844304 -0.508956 0.167674
20.77799988 -11.14700031 374.41799927 0.853839 -0.488544 0.179677
21.05599976 -10.84700012 374.11801147 0.837349 -0.516790 0.178255
20.85600090 -11.14700031 374.11801147 0.835684 -0.512291 0.197965
20.64900017 -11.44699955 374.41799927 0.860796 -0.469932 0.195432
20.68799973 -11.44699955 374.11801147 0.866720 -0.477639 0.143727
20.52499962 -11.74699974 374.11801147 0.860339 -0.478295 0.176214
20.92099953 -11.14700031 373.81799316 0.832825 -0.514258 0.204793
21.00399971 -11.14700031 373.51800537 0.844356 -0.498185 0.197167
20.74799919 -11.44699955 373.81799316 0.849150 -0.492717 0.190198
20.57399940 -11.74699974 373.81799316 0.865026 -0.468741 0.178920
20.82299995 -11.44699955 373.51800537 0.842337 -0.497538 0.207182
20.64999962 -11.74699974 373.51800537 0.858899 -0.469172 0.205356
20.42200089 -12.04699993 373.81799316 0.854979 -0.477650 0.202140
20.23800087 -12.34700012 373.81799316 0.827644 -0.515556 0.221827
20.49600029 -12.04699993 373.51800537 0.852247 -0.493562 0.173414
20.30400085 -12.34700012 373.51800537 0.819740 -0.545992 0.172973
20.54299927 -12.04699993 373.21798706 0.852898 -0.500582 0.148266
20.60099983 -12.04699993 372.91799927 0.820734 -0.530344 0.212443
20.36499977 -12.34700012 373.21798706 0.835891 -0.528165 0.149425
20.41200066 -12.34700012 372.91799927 0.851021 -0.498772 0.164284
20.16500092 -12.64700031 373.21798706 0.843789 -0.492337 0.213598
20.01700020 -12.94699955 373.21798706 0.845337 -0.492737 0.206437
20.24900055 -12.64700031 372.91799927 0.854875 -0.471915 0.215603
20.07999992 -12.94699955 372.91799927 0.838241 -0.515496 0.177809
20.31699944 -12.64700031 372.61801147 0.854844 -0.481875 0.192452
20.14399910 -12.94699955 372.61801147 0.853048 -0.496507 0.160591
20.38299942 -12.64700031 372.31799316 0.826210 -0.526046 0.201626
20.19199944 -12.94699955 372.31799316 0.852050 -0.487952 0.189510
19.96800041 -13.24699974 372.61801147 0.829160 -0.514599 0.218361
20.04000092 -13.24699974 372.31799316 0.852247 -0.493562 0.173414
19.77099991 -13.54699993 372.61801147 0.829594 -0.524352 0.191910
19.84499931 -13.54699993 372.31799316 0.821728 -0.529016 0.211911
19.58799934 -13.84700012 372.61801147 0.865466 -0.470330 0.172504
19.44499969 -14.14700031 372.61801147 0.836592 -0.511000 0.197466
19.65399933 -13.84700012 372.31799316 0.856608 -0.481191 0.186219
19.50900078 -14.14700031 372.31799316 0.848522 -0.502005 0.167335
19.71800041 -13.84700012 372.01800537 0.842160 -0.511258 0.171413
19.56200027 -14.14700031 372.01800537 0.865532 -0.484062 0.128602
19.77599907 -13.84700012 371.71798706 0.832825 -0.514258 0.204793
19.59900093 -14.14700031 371.71798706 0.859546 -0.482113 0.169550
19.18799973 -14.74699974 372.01800537 0.828404 -0.517180 0.215110
19.27400017 -14.74699974 371.71798706 0.837476 -0.504303 0.210505
19.38199997 -14.44699955 372.01800537 0.832662 -0.518336 0.194943
19.44000053 -14.44699955 371.71798706 0.866220 -0.467788 0.175605
19.50399971 -14.44699955 371.41799927 0.848704 -0.482597 0.216336
19.33799934 -14.74699974 371.41799927 0.856130 -0.480922 0.189093
19.59399986 -14.44699955 371.11801147 0.820187 -0.525839 0.225360
19.40699959 -14.74699974 371.11801147 0.837365 -0.522052 0.162119
19.16699982 -15.04699993 371.41799927 0.840058 -0.505241 0.197572
18.97800064 -15.34700012 371.41799927 0.828481 -0.522534 0.201440
19.21999931 -15.04699993 371.11801147 0.854385 -0.503348 0.129101
19.05500031 -15.34700012 371.11801147 0.838192 -0.514311 0.181433
18.78899956 -15.64700031 371.41799927 0.836064 -0.523099 0.165424
18.85300064 -15.64700031 371.11801147 0.827856 -0.516839 0.218017
19.25699997 -15.04699993 370.81799316 0.850506 -0.493025 0.183209
19.10799980 -15.34700012 370.81799316 0.878472 -0.452985 0.151960
19.15800095 -15.34700012 370.51800537 0.839840 -0.509313 0.187800
18.94700050 -15.64700031 370.81799316 0.849982 -0.491466 0.189715
18.76199913 -15.94699955 370.81799316 0.828279 -0.526538 0.191605
18.98600006 -15.64700031 370.51800537 0.860969 -0.486761 0.147636
18.81800079 -15.94699955 370.51800537 0.852635 -0.509272 0.116859
18.56500053 -16.24699974 370.81799316 0.832168 -0.518028 0.197848
18.38999939 -16.54700089 370.81799316 0.815497 -0.532914 0.225759
18.62800026 -16.24699974 370.51800537 0.843448 -0.510234 0.168095
18.45599937 -16.54700089 370.51800537 0.838776 -0.507482 0.197271
18.74300003 -16.24699974 369.91799927 0.854340 -0.475968 0.208705
18.11599922 -11.74699974 384.01800537 0.827081 -0.502432 0.251989
18.68499947 -16.24699974 370.21798706 0.874210 -0.455409 0.168399
18.53100014 -16.54700089 370.21798706 0.848663 -0.492434 0.193082
18.59199905 -16.54700089 369.91799927 0.869101 -0.457500 0.188034
18.33799934 -16.84700012 370.21798706 0.827079 -0.515204 0.224733
18.15800095 -17.14699936 370.21798706 0.823245 -0.519702 0.228424
18.42700005 -16.84700012 369.91799927 0.843089 -0.500443 0.196871
18.23699951 -17.14699936 369.91799927 0.824294 -0.534962 0.185353
18.17300034 -17.44700050 369.31799316 0.836568 -0.505585 0.211040
18.10000038 -17.44700050 369.61801147 0.829696 -0.525524 0.188225
17.91399956 -17.74699974 369.61801147 0.834070 -0.517335 0.191550
17.99200058 -17.74699974 369.31799316 0.831239 -0.499358 0.244301
39.71799850 -33.94699860 366.78601074 -0.036235 0.438849 0.897830
40.01800156 -33.94699860 366.81100464 -0.022920 0.478632 0.877716
39.71799850 -33.64699936 366.64700317 0.038511 0.407685 0.912310
40.01800156 -33.64699936 366.63000488 0.028320 0.467948 0.883302
40.31800079 -33.94699860 366.80099487 -0.156513 0.553013 0.818340
40.31800079 -33.64699936 366.62799072 -0.060625 0.405516 0.912075
40.61800003 -33.64699936 366.67001343 -0.203490 0.555389 0.806309
17.72699928 -18.04700089 369.61801147 0.836029 -0.505259 0.213938
17.55100060 -18.34700012 369.61801147 0.838148 -0.505909 0.203874
17.81299973 -18.04700089 369.31799316 0.827658 -0.508265 0.238009
17.62299919 -18.34700012 369.31799316 0.830658 -0.513637 0.214904
39.11800003 -33.94699860 366.80999756 0.057578 0.400365 0.914545
39.41799927 -33.94699860 366.78601074 0.035867 0.413136 0.909963
39.11800003 -33.64699936 366.66598511 0.044429 0.432172 0.900696
39.41799927 -33.64699936 366.65600586 0.027703 0.410262 0.911547
17.89900017 -18.04700089 369.01800537 0.828847 -0.527995 0.185024
17.70700073 -18.34700012 369.01800537 0.822433 -0.530553 0.205228
17.94599915 -18.04700089 368.71798706 0.838649 -0.521002 0.158824
17.77199936 -18.34700012 368.71798706 0.843823 -0.512796 0.158124
38.55300140 -30.64699936 384.61801147 -0.840139 0.492495 -0.227188
38.63899994 -30.64699936 384.31799316 -0.841590 0.500119 -0.203976
38.51800156 -33.94699860 366.82199097 -0.011648 0.397326 0.917604
38.81800079 -33.94699860 366.82400513 0.019576 0.403274 0.914870
38.51800156 -33.64699936 366.69000244 0.014456 0.429736 0.902839
38.81800079 -33.64699936 366.68600464 0.035967 0.424944 0.904505
37.91799927 -33.94699860 366.82901001 0.033010 0.407999 0.912386
38.21799850 -33.94699860 366.81698608 0.011632 0.394205 0.918949
37.91799927 -33.64699936 366.69500732 0.022327 0.413700 0.910140
38.21799850 -33.64699936 366.69500732 0.006524 0.421447 0.906829
37.31800079 -33.94699860 366.83700562 -0.006473 0.402643 0.915334
37.61800003 -33.94699860 366.83898926 0.011738 0.410824 0.911639
37.31800079 -33.64699936 366.70901489 -0.009098 0.412022 0.911128
37.61800003 -33.64699936 366.70901489 0.022268 0.407374 0.912990
36.71799850 -33.94699860 366.83801270 0.033268 0.427163 0.903562
37.01800156 -33.94699860 366.83499146 0.001292 0.406977 0.913437
36.71799850 -33.64699936 366.70901489 0.006415 0.386156 0.922411
37.01800156 -33.64699936 366.70300293 0.001284 0.396706 0.917945
41.16299820 -28.84700012 378.61801147 -0.839840 0.509313 -0.187800
40.97299957 -29.14699936 378.61801147 -0.829895 0.516210 -0.211661
41.20999908 -28.84700012 378.31799316 -0.849209 0.494004 -0.186557
41.04499817 -29.14699936 378.31799316 -0.851398 0.485012 -0.199711
40.93399811 -29.44700050 378.01800537 -0.842569 0.513834 -0.161406
40.98300171 -29.44700050 377.71798706 -0.851914 0.504134 -0.141742
41.29399872 -28.84700012 378.01800537 -0.830658 0.513637 -0.214904
41.11399841 -29.14699936 378.01800537 -0.842002 0.505801 -0.187612
41.36399841 -28.84700012 377.71798706 -0.820113 0.534062 -0.205409
41.17900085 -29.14699936 377.71798706 -0.827669 0.525047 -0.198217
41.44499969 -28.84700012 377.41799927 -0.829109 0.524045 -0.194818
41.25699997 -29.14699936 377.41799927 -0.810194 0.555778 -0.186269
41.50400162 -28.84700012 377.11801147 -0.826712 0.526365 -0.198714
41.31600189 -29.14699936 377.11801147 -0.835684 0.512291 -0.197965
41.40000153 -29.14699936 376.81799316 -0.819931 0.524571 -0.229212
41.48400116 -29.14699936 376.51800537 -0.815719 0.545331 -0.192917
41.59000015 -28.84700012 376.81799316 -0.825365 0.519107 -0.222037
41.66600037 -28.84700012 376.51800537 -0.823290 0.523912 -0.218424
41.74800110 -28.84700012 376.21798706 -0.814577 0.543559 -0.202502
41.54199982 -29.14699936 376.21798706 -0.819551 0.540813 -0.189360
41.81499863 -28.84700012 375.91799927 -0.838709 0.516931 -0.171317
41.62200165 -29.14699936 375.91799927 -0.825043 0.531358 -0.192258
41.94300079 -28.54700089 376.21798706 -0.826658 0.535602 -0.172533
41.99100113 -28.54700089 375.91799927 -0.834400 0.536296 -0.127133
32.51800156 -34.54700089 367.19699097 -0.003880 0.404815 0.914390
32.81800079 -34.54700089 367.20001221 0.024710 0.386252 0.922062
32.51800156 -34.24700165 367.07000732 0.030093 0.391213 0.919808
32.81800079 -34.24700165 367.06298828 0.003859 0.392363 0.919802
18.11800003 -13.20100021 385.51800537 -0.140646 0.984521 -0.104583
15.68799973 -18.04700089 380.71798706 0.730118 0.548825 -0.407086
37.61800003 -28.71299934 391.81799316 0.153575 0.894182 -0.420538
37.31800079 -28.60899925 391.81799316 0.461530 0.809674 -0.362517
37.31800079 -28.75499916 391.51800537 0.472595 0.777914 -0.414130
37.61800003 -28.91300011 391.51800537 0.153396 0.863398 -0.480639
20.45800018 -7.84700012 384.01800537 0.830241 -0.526971 0.181662
20.30900002 -8.14700031 384.01800537 0.868566 -0.455811 0.194499
20.36300087 -8.14700031 383.71798706 0.846839 -0.505730 0.164622
22.61800003 -25.84700012 363.69500732 0.057719 0.401347 0.914105
22.31800079 -25.84700012 363.72198486 0.069012 0.407303 0.910682
22.61800003 -26.14699936 363.82101440 0.055058 0.406893 0.911815
22.31800079 -26.14699936 363.85501099 0.065881 0.396630 0.915611
26.21800041 -25.24699974 363.23999023 0.070262 0.453258 0.888606
25.91799927 -25.24699974 363.26998901 0.050044 0.434167 0.899442
26.21800041 -25.54700089 363.38598633 0.058563 0.442629 0.894791
25.91799927 -25.54700089 363.41598511 0.041539 0.430135 0.901809
17.58099937 -18.64699936 368.71798706 0.843734 -0.496581 0.203764
17.65600014 -18.64699936 368.41799927 0.855398 -0.464792 0.228611
17.74099922 -18.64699936 368.11801147 0.831600 -0.512339 0.214361
17.55299950 -18.94700050 368.11801147 0.848374 -0.495259 0.187031
17.51099968 -18.64699936 369.01800537 0.825043 -0.531358 0.192258
17.31999969 -18.94700050 369.01800537 0.840382 -0.498172 0.213502
17.41799927 -18.94700050 368.71798706 0.852258 -0.461957 0.245462
42.59899902 -30.94700050 367.51800537 -0.815222 0.539913 -0.209541
42.50999832 -30.94700050 367.81799316 -0.816511 0.522133 -0.246348
42.69400024 -30.64699936 367.81799316 -0.826077 0.509183 -0.241516
17.32500076 -19.24699974 368.41799927 0.839840 -0.509313 0.187800
17.12999916 -19.54700089 368.41799927 0.845664 -0.514433 0.142165
17.38999939 -19.24699974 368.11801147 0.840786 -0.518657 0.155154
17.18300056 -19.54700089 368.11801147 0.849357 -0.499535 0.170464
42.16299820 -31.54700089 367.51800537 -0.804002 0.550919 -0.223762
42.39799881 -31.24699974 367.51800537 -0.786627 0.572516 -0.231178
42.31000137 -31.24699974 367.81799316 -0.813549 0.544910 -0.203006
16.96100044 -19.84700012 368.41799927 0.829357 -0.515875 0.214568
17.03800011 -19.84700012 368.11801147 0.844448 -0.499469 0.193488
16.75699997 -20.14699936 368.41799927 0.809140 -0.545056 0.219558
16.82900047 -20.14699936 368.11801147 0.829109 -0.524045 0.194818
17.09799957 -19.84700012 367.81799316 0.852523 -0.500362 0.151136
17.14399910 -19.84700012 367.51800537 0.855526 -0.489083 0.169923
16.94899940 -20.14699936 367.51800537 0.857232 -0.495063 0.141655
42.10900116 -31.54700089 367.81799316 -0.842338 0.518927 -0.145535
16.89800072 -20.14699936 367.81799316 0.832543 -0.528717 0.165317
16.38599968 -21.04700089 367.51800537 0.830533 -0.523040 0.191429
16.71800041 -20.44700050 367.81799316 0.831009 -0.523339 0.188523
16.52000046 -20.74699974 367.81799316 0.817782 -0.545692 0.182905
16.79700089 -20.44700050 367.51800537 0.842525 -0.507311 0.181075
16.58799934 -20.74699974 367.51800537 0.810054 -0.554727 0.189975
16.84600067 -20.44700050 367.21798706 0.861722 -0.485539 0.147266
16.66099930 -20.74699974 367.21798706 0.820622 -0.534394 0.202491
16.89999962 -20.44700050 366.91799927 0.840139 -0.492495 0.227188
16.73699951 -20.74699974 366.91799927 0.833585 -0.517034 0.194453
20.43199921 -15.34700012 365.41799927 0.862824 -0.467796 0.191574
20.49900055 -15.34700012 365.11801147 0.852050 -0.487952 0.189510
16.45499992 -21.04700089 367.21798706 0.835684 -0.512291 0.197965
16.52899933 -21.04700089 366.91799927 0.838752 -0.497771 0.220724
16.38299942 -21.34700012 366.91799927 0.841230 -0.482673 0.243635
16.29299927 -21.34700012 367.21798706 0.825389 -0.511834 0.238241
16.08300018 -21.64699936 367.21798706 0.822253 -0.521016 0.229001
15.91300011 -21.94700050 367.21798706 0.840058 -0.505241 0.197572
16.18499947 -21.64699936 366.91799927 0.809441 -0.529787 0.253241
15.98999977 -21.94700050 366.91799927 0.825244 -0.527366 0.202132
20.51099968 -15.64700031 364.21798706 0.823715 -0.533526 0.191948
20.32999992 -15.94699955 364.21798706 0.858651 -0.479006 0.182408
20.39900017 -15.94699955 363.91799927 0.837660 -0.512823 0.187985
20.46500015 -15.94699955 363.61801147 0.841245 -0.509528 0.180800
16.27099991 -21.64699936 366.61801147 0.813155 -0.553669 0.179528
16.05999947 -21.94700050 366.61801147 0.814513 -0.551572 0.179827
16.31699944 -21.64699936 366.31799316 0.822961 -0.552076 0.133970
16.12199974 -21.94700050 366.31799316 0.839363 -0.509023 0.190696
20.39999962 -16.54700089 362.41799927 0.829357 -0.515875 0.214568
20.47299957 -16.54700089 362.11801147 0.826840 -0.513899 0.228570
15.86499977 -22.24699974 366.61801147 0.827633 -0.519748 0.211862
15.95499992 -22.24699974 366.31799316 0.845860 -0.493041 0.203549
15.77400017 -22.54700089 366.31799316 0.828949 -0.505982 0.238381
16.01000023 -22.24699974 366.01800537 0.857104 -0.482771 0.179739
15.85700035 -22.54700089 366.01800537 0.848720 -0.466414 0.249264
16.07999992 -22.24699974 365.71798706 0.867993 -0.449683 0.210649
15.94900036 -22.54700089 365.71798706 0.860291 -0.469656 0.198299
40.91799927 -33.60300064 366.91799927 -0.794415 0.606005 0.040775
15.75399971 -22.84700012 365.71798706 0.815076 -0.543892 0.199579
15.68000031 -22.84700012 366.01800537 0.812078 -0.537790 0.226519
15.46000004 -23.14699936 366.01800537 0.818396 -0.533870 0.212630
15.54899979 -23.14699936 365.71798706 0.816844 -0.534857 0.216088
15.61900043 -23.14699936 365.41799927 0.821613 -0.533061 0.201986
15.69600010 -23.14699936 365.11801147 0.850780 -0.479036 0.216095
15.28800011 -23.44700050 366.01800537 0.857591 -0.475777 0.195382
15.12699986 -23.74699974 366.01800537 0.940777 -0.299028 0.159755
15.36200047 -23.44700050 365.71798706 0.842530 -0.494627 0.213279
15.19699955 -23.74699974 365.71798706 0.893319 -0.412635 0.178085
40.61800003 -33.93799973 366.91799927 -0.498237 0.704864 0.504903
40.72200012 -33.94699860 367.21798706 -0.802574 0.574553 0.160515
40.90000153 -33.64699936 367.21798706 -0.847706 0.530325 -0.012207
15.43900013 -23.44700050 365.41799927 0.826257 -0.513536 0.231475
15.24600029 -23.74699974 365.41799927 0.878571 -0.451629 0.155384
15.52900028 -23.44700050 365.11801147 0.819078 -0.540500 0.192279
15.30200005 -23.74699974 365.11801147 0.828279 -0.526538 0.191605
15.09099960 -24.34700012 365.41799927 0.985294 -0.057544 -0.160888
15.07999992 -24.34700012 365.11801147 0.998725 0.038694 -0.032419
15.13300037 -24.04700089 365.41799927 0.962738 -0.250646 0.101544
15.14999962 -24.04700089 365.11801147 0.927969 -0.344358 0.142445
15.41800022 -24.71899986 365.41799927 0.541840 0.753370 -0.372617
15.17199993 -24.64699936 365.11801147 0.793114 0.487451 -0.365186
15.41800022 -24.89999962 365.11801147 0.620325 0.708245 -0.337027
15.07199955 -24.34700012 364.81799316 0.973392 -0.204199 0.103979
15.22399998 -24.04700089 364.81799316 0.870507 -0.453728 0.190654
15.28199959 -24.04700089 364.51800537 0.872653 -0.454721 0.178062
15.14200020 -24.34700012 364.51800537 0.920643 -0.343650 0.185260
15.10200024 -24.64699936 364.81799316 0.974788 0.129219 -0.181910
15.06000042 -24.64699936 364.51800537 0.979621 0.161422 -0.119526
15.23200035 -24.94700050 364.51800537 0.757616 0.560539 -0.334385
15.41800022 -25.00399971 364.81799316 0.604030 0.755431 -0.253913
15.41800022 -25.10799980 364.51800537 0.608182 0.744746 -0.274714
37.01800156 -30.34700012 365.20700073 0.042472 0.486368 0.872721
36.71799850 -30.34700012 365.21701050 0.048204 0.497193 0.866300
15.71800041 -25.23600006 364.81799316 0.563288 0.775910 -0.284024
16.01799965 -25.44000053 364.81799316 0.536015 0.779222 -0.324809
15.71800041 -25.34600067 364.51800537 0.574608 0.776114 -0.259754
16.01799965 -25.55200005 364.51800537 0.549943 0.789460 -0.272608
16.31800079 -25.84300041 364.21798706 0.540976 0.838865 -0.060421
16.61800003 -26.02799988 364.21798706 0.556532 0.817732 -0.146925
16.31800079 -25.80599976 363.91799927 0.369539 0.807866 0.459124
16.31800079 -25.64800072 364.81799316 0.536071 0.766047 -0.354682
16.61800003 -25.85899925 364.81799316 0.581314 0.759690 -0.291453
16.31800079 -25.76300049 364.51800537 0.568759 0.781848 -0.255393
16.61800003 -25.98699951 364.51800537 0.594123 0.774066 -0.218724
17.21800041 -26.14699936 363.94900513 0.119776 0.622539 0.773368
16.91799927 -26.04599953 363.91799927 0.120663 0.680775 0.722486
16.91799927 -26.10499954 364.81799316 0.574798 0.765866 -0.288195
17.21800041 -26.39800072 364.21798706 0.403908 0.828408 0.388069
16.91799927 -26.25099945 364.21798706 0.525707 0.814147 0.246570
17.21800041 -26.30699921 364.81799316 0.520026 0.801378 -0.295577
17.21800041 -26.39999962 364.51800537 0.510173 0.850288 -0.129360
16.91799927 -26.22100067 364.51800537 0.556810 0.806992 -0.196790
17.81800079 -26.72299957 364.81799316 0.583926 0.777011 -0.235127
17.51799965 -26.49399948 364.81799316 0.551699 0.790612 -0.265633
17.51799965 -26.57699966 364.51800537 0.533864 0.844477 -0.042986
18.11800003 -26.74699974 364.22299194 0.172885 0.674710 0.717549
18.41799927 -26.44700050 364.05200195 -0.003886 0.413214 0.910626
18.11800003 -26.44700050 364.04901123 0.011969 0.461487 0.887066
18.41799927 -26.74699974 364.18399048 0.069735 0.427984 0.901092
17.81800079 -26.63199997 364.21798706 0.296587 0.791427 0.534491
17.51799965 -26.52300072 364.21798706 0.269837 0.878855 0.393450
17.81800079 -26.44700050 364.05999756 0.162855 0.548329 0.820252
18.11800003 -26.94099998 364.81799316 0.547250 0.821621 -0.159552
18.41799927 -27.12100029 364.81799316 0.563742 0.823713 -0.060754
18.11800003 -26.95700073 364.51800537 0.483599 0.828805 0.281451
18.41799927 -27.10300064 364.51800537 0.328616 0.889814 0.316612
37.61800003 -29.03499985 391.21798706 0.290708 0.901636 -0.320221
18.71800041 -27.34499931 364.81799316 0.623105 0.779950 0.058461
18.71800041 -27.22800064 364.51800537 0.346275 0.805847 0.480317
37.31800079 -28.92799950 391.21798706 0.406716 0.846157 -0.344384
19.01799965 -27.04700089 364.29299927 0.091589 0.480488 0.872206
18.71800041 -27.04700089 364.34100342 0.245020 0.560268 0.791242
19.01799965 -27.34700012 364.50399780 0.224741 0.571927 0.788918
37.61800003 -29.12500000 390.91799927 0.155190 0.880377 -0.448166
19.61800003 -27.04700089 364.28500366 -0.027554 0.397567 0.917159
19.31800079 -27.04700089 364.27899170 0.011753 0.413971 0.910214
19.61800003 -27.34700012 364.43200684 0.003971 0.464597 0.885513
19.31800079 -27.34700012 364.43301392 0.101691 0.508455 0.855063
20.81800079 -27.04700089 364.29098511 0.021901 0.369746 0.928875
20.51799965 -27.04700089 364.29699707 0.001278 0.382163 0.924094
20.81800079 -27.34700012 364.40100098 0.016661 0.362705 0.931755
20.51799965 -27.34700012 364.40899658 0.019167 0.356514 0.934093
37.31800079 -28.99699974 390.91799927 0.506639 0.814073 -0.283906
20.21800041 -27.04700089 364.29199219 0.001280 0.390517 0.920595
19.91799927 -27.04700089 364.29699707 -0.011664 0.400452 0.916244
20.21800041 -27.34700012 364.41299438 0.035141 0.370937 0.927993
19.91799927 -27.34700012 364.43099976 0.030124 0.388993 0.920748
20.81800079 -27.64699936 364.52499390 -0.006430 0.387071 0.922027
20.51799965 -27.64699936 364.52600098 0.011536 0.375561 0.926726
20.81800079 -27.94700050 364.65399170 -0.027703 0.410262 0.911547
20.51799965 -27.94700050 364.65200806 0.058413 0.430623 0.900640
43.75099945 -24.34700012 379.51800537 -0.789232 0.573004 -0.220861
43.66199875 -24.34700012 379.81799316 -0.797286 0.566856 -0.207386
43.88000107 -24.04700089 379.81799316 -0.777160 0.565064 -0.276992
21.41799927 -27.64699936 364.51998901 0.006482 0.405769 0.913953
21.11800003 -27.64699936 364.53100586 0.006507 0.415166 0.909722
21.41799927 -27.94700050 364.66900635 0.027883 0.426207 0.904196
21.11800003 -27.94700050 364.67098999 -0.022321 0.408351 0.912552
22.01799965 -27.64699936 364.49899292 0.054545 0.389798 0.919284
21.71800041 -27.64699936 364.52600098 0.032786 0.392124 0.919328
22.01799965 -27.94700050 364.63699341 0.044201 0.419243 0.906797
21.71800041 -27.94700050 364.65200806 0.049537 0.413698 0.909065
22.01799965 -28.54700089 364.89099121 -0.001280 0.390517 0.920595
21.71800041 -28.54700089 364.89700317 0.027259 0.377734 0.925513
22.01799965 -28.24699974 364.77700806 0.057337 0.390695 0.918733
21.71800041 -28.24699974 364.79800415 0.038033 0.379023 0.924605
23.21800041 -27.94700050 364.60501099 0.027375 0.387154 0.921609
22.91799927 -27.94700050 364.62100220 0.027375 0.387154 0.921609
22.61800003 -27.94700050 364.62298584 0.001292 0.406977 0.913437
22.31800079 -27.94700050 364.62200928 0.022297 0.410535 0.911572
22.61800003 -28.54700089 364.89099121 0.014308 0.404527 0.914414
22.31800079 -28.54700089 364.89801025 -0.001289 0.406019 0.913864
22.61800003 -28.24699974 364.75900269 0.006475 0.407932 0.912990
22.31800079 -28.24699974 364.76098633 0.027745 0.418813 0.907649
23.21800041 -28.54700089 364.86801147 0.043681 0.395779 0.917306
22.91799927 -28.54700089 364.88800049 0.035393 0.386700 0.921526
23.21800041 -28.24699974 364.73901367 0.022262 0.402024 0.915358
22.91799927 -28.24699974 364.75698853 0.030298 0.407052 0.912902
23.81800079 -28.54700089 364.84600830 0.022017 0.376876 0.926002
23.51799965 -28.54700089 364.85998535 0.034968 0.356155 0.933773
43.59400177 -24.34700012 380.11801147 -0.819350 0.524199 -0.232123
23.81800079 -28.24699974 364.72399902 0.046355 0.388054 0.920470
23.51799965 -28.24699974 364.74200439 0.022171 0.392563 0.919458
43.77299881 -24.04700089 380.11801147 -0.819917 0.501321 -0.276429
43.49300003 -24.34700012 380.41799927 -0.826840 0.513899 -0.228570
43.67800140 -24.04700089 380.41799927 -0.808234 0.559546 -0.183483
24.41799927 -28.84700012 364.96701050 0.009063 0.402635 0.915316
24.11800003 -28.84700012 364.95901489 0.003854 0.389260 0.921120
24.41799927 -29.14699936 365.09899902 0.022356 0.416868 0.908692
24.11800003 -29.14699936 365.09899902 0.003910 0.423596 0.905843
24.41799927 -28.54700089 364.83499146 0.019463 0.385372 0.922556
24.11800003 -28.54700089 364.84500122 0.016805 0.381346 0.924280
24.41799927 -28.24699974 364.71600342 -0.001283 0.391439 0.920203
24.11800003 -28.24699974 364.71200562 0.011707 0.404541 0.914445
25.01799965 -28.54700089 364.82000732 0.016686 0.365800 0.930544
24.71800041 -28.54700089 364.83200073 0.021954 0.370633 0.928520
25.01799965 -28.24699974 364.69799805 0.049323 0.398582 0.915805
24.71800041 -28.24699974 364.71301270 0.027450 0.393455 0.918934
25.01799965 -28.84700012 364.93399048 0.019497 0.393844 0.918970
24.71800041 -28.84700012 364.95300293 0.051765 0.388901 0.919824
25.01799965 -29.14699936 365.07699585 0.030536 0.426174 0.904126
24.71800041 -29.14699936 365.08499146 0.033177 0.415374 0.909045
25.61800003 -28.84700012 364.92700195 0.029709 0.362972 0.931326
25.31800079 -28.84700012 364.94100952 0.011563 0.376455 0.926363
25.61800003 -29.14699936 365.04501343 0.025039 0.412481 0.910622
25.31800079 -29.14699936 365.06500244 0.049203 0.397611 0.916234
26.21800041 -28.84700012 364.89801025 0.054155 0.373804 0.925925
25.91799927 -28.84700012 364.92199707 0.043788 0.396742 0.916885
26.21800041 -29.14699936 365.02801514 0.030258 0.403876 0.914313
25.91799927 -29.14699936 365.04800415 0.024838 0.393482 0.918997
26.81800079 -28.84700012 364.88900757 0.027364 0.381787 0.923845
26.51799965 -28.84700012 364.88699341 0.014308 0.404527 0.914414
26.81800079 -29.14699936 365.01199341 0.054756 0.393973 0.917490
26.51799965 -29.14699936 365.02801514 0.025076 0.421018 0.906706
26.81800079 -29.44700050 365.14700317 0.058033 0.414325 0.908277
26.51799965 -29.44700050 365.16598511 0.025044 0.417840 0.908175
26.81800079 -29.74699974 365.28500366 0.052323 0.409189 0.910948
26.51799965 -29.74699974 365.30300903 0.046500 0.399897 0.915380
27.41799927 -29.44700050 365.12100220 0.024879 0.402000 0.915302
27.11800003 -29.44700050 365.12701416 0.038664 0.417307 0.907943
27.41799927 -29.74699974 365.25900269 0.038819 0.432361 0.900864
27.11800003 -29.74699974 365.26800537 0.038770 0.429143 0.902404
28.01799965 -29.44700050 365.10400391 0.019444 0.387578 0.921632
27.71800041 -29.44700050 365.11099243 0.024973 0.406134 0.913472
28.01799965 -29.74699974 365.23498535 0.022442 0.426389 0.904262
27.71800041 -29.74699974 365.24301147 0.035967 0.424944 0.904505
28.61800003 -29.44700050 365.08898926 0.033053 0.411185 0.910953
28.31800079 -29.44700050 365.09899902 0.022238 0.404217 0.914393
28.61800003 -29.74699974 365.21600342 0.025044 0.417840 0.908175
28.31800079 -29.74699974 365.22799683 0.027775 0.416631 0.908651
29.21800041 -29.74699974 365.20401001 0.009223 0.441388 0.897269
28.91799927 -29.74699974 365.21200562 0.017100 0.422247 0.906319
29.21800041 -30.34700012 365.47399902 0.022017 0.376876 0.926002
28.91799927 -30.34700012 365.48599243 0.035589 0.399389 0.916090
29.21800041 -30.04700089 365.36199951 0.011710 0.409850 0.912078
28.91799927 -30.04700089 365.35800171 0.003891 0.416339 0.909201
29.81800079 -29.74699974 365.19000244 0.052870 0.435164 0.898797
29.51799965 -29.74699974 365.20498657 0.019925 0.442336 0.896628
29.81800079 -30.34700012 365.45401001 0.035675 0.400356 0.915665
29.51799965 -30.34700012 365.47100830 0.030135 0.394373 0.918456
29.81800079 -30.04700089 365.32800293 0.052181 0.402728 0.913831
29.51799965 -30.04700089 365.35101318 0.052124 0.404966 0.912845
30.41799927 -30.34700012 365.43701172 0.033348 0.428192 0.903072
30.11800003 -30.34700012 365.44699097 0.025072 0.415660 0.909174
30.41799927 -30.04700089 365.30200195 0.038721 0.425928 0.903928
30.11800003 -30.04700089 365.31600952 0.038715 0.420521 0.906456
43.38999939 -24.64699936 380.11801147 -0.828330 0.521316 -0.205183
31.01799965 -30.64699936 365.57101440 0.017269 0.447678 0.894028
30.71800041 -30.64699936 365.57400513 0.022438 0.421044 0.906763
31.01799965 -30.94700050 365.71099854 0.003875 0.401697 0.915765
30.71800041 -30.94700050 365.70300293 0.001299 0.419470 0.907768
30.71800041 -30.34700012 365.42401123 0.038814 0.426958 0.903438
31.01799965 -30.04700089 365.28298950 0.035828 0.415336 0.908962
30.71800041 -30.04700089 365.29000854 0.027703 0.410262 0.911547
31.01799965 -30.34700012 365.41101074 0.019852 0.432775 0.901283
43.91799927 -27.35899925 371.71798706 -0.769352 0.583701 -0.259597
31.61800003 -30.04700089 365.25698853 0.027739 0.413445 0.910107
31.31800079 -30.04700089 365.26599121 0.038721 0.425928 0.903928
31.61800003 -30.34700012 365.38900757 0.055503 0.431844 0.900239
31.31800079 -30.34700012 365.41101074 0.033475 0.443210 0.895793
43.37799835 -28.24699974 371.11801147 -0.813341 0.548815 -0.193074
31.61800003 -30.64699936 365.54400635 0.061274 0.437090 0.897328
31.31800079 -30.64699936 365.56201172 0.041592 0.433360 0.900261
31.61800003 -30.94700050 365.68099976 0.049270 0.400821 0.914831
31.31800079 -30.94700050 365.70001221 0.046307 0.390301 0.919522
32.21799850 -30.64699936 365.49398804 0.036054 0.425970 0.904019
31.91799927 -30.64699936 365.52099609 0.075649 0.438765 0.895412
32.21799850 -30.94700050 365.64199829 0.055781 0.444884 0.893849
31.91799927 -30.94700050 365.66799927 0.058262 0.424095 0.903742
32.81800079 -30.64699936 365.48098755 0.032866 0.393072 0.918920
32.51800156 -30.64699936 365.49700928 0.019628 0.409578 0.912064
32.81800079 -30.94700050 365.60800171 0.046740 0.407305 0.912096
32.51800156 -30.94700050 365.63101196 0.052335 0.414651 0.908474
33.41799927 -30.64699936 365.46499634 0.038088 0.382190 0.923298
33.11800003 -30.64699936 365.47500610 0.024700 0.380895 0.924288
33.41799927 -30.94700050 365.59201050 0.014383 0.417107 0.908744
33.11800003 -30.94700050 365.60000610 0.025039 0.412481 0.910622
34.01800156 -31.24699974 365.73098755 0.049338 0.404035 0.913412
33.71799850 -31.24699974 365.73699951 0.014399 0.414943 0.909733
34.01800156 -31.54700089 365.85299683 0.038262 0.397131 0.916964
33.71799850 -31.54700089 365.86401367 0.035627 0.397170 0.917053
38.01800156 -28.84700012 391.21798706 -0.799022 0.561933 -0.213996
34.61800003 -31.24699974 365.69100952 0.024879 0.402000 0.915302
34.31800079 -31.24699974 365.70498657 0.060722 0.414259 0.908131
34.61800003 -31.54700089 365.82598877 0.022356 0.416868 0.908692
34.31800079 -31.54700089 365.83898926 0.041107 0.404441 0.913640
38.08700180 -28.84700012 390.91799927 -0.805022 0.545437 -0.233317
35.21799850 -31.24699974 365.68301392 0.038571 0.416299 0.908409
37.91799927 -29.09499931 390.91799927 -0.435076 0.729538 -0.527716
34.91799927 -31.24699974 365.68899536 0.011753 0.413971 0.910214
43.18500137 -28.54700089 371.11801147 -0.820936 0.523251 -0.228634
43.10300064 -28.54700089 371.41799927 -0.823095 0.532056 -0.198574
43.30899811 -28.24699974 371.41799927 -0.823715 0.533526 -0.191948
35.21799850 -32.14699936 366.07699585 0.030651 0.435774 0.899534
34.91799927 -32.14699936 366.08700562 0.052472 0.421124 0.905484
35.21799850 -31.84700012 365.94900513 0.032832 0.395291 0.917969
34.91799927 -31.84700012 365.96499634 0.027525 0.399773 0.916201
35.21799850 -31.54700089 365.81900024 0.024973 0.406134 0.913472
34.91799927 -31.54700089 365.82501221 0.011755 0.419278 0.907782
35.81800079 -32.14699936 366.07299805 0.009110 0.415158 0.909704
35.51800156 -32.14699936 366.06698608 0.006482 0.405769 0.913953
35.81800079 -31.84700012 365.92700195 0.025265 0.440143 0.897572
35.51800156 -31.84700012 365.94299316 0.032911 0.396246 0.917554
35.81800079 -31.54700089 365.77899170 0.049723 0.417943 0.907111
35.51800156 -31.54700089 365.80801392 0.060883 0.420767 0.905123
42.84400177 -29.14699936 371.11801147 -0.841590 0.500119 -0.203976
42.99599838 -28.84700012 371.11801147 -0.845115 0.479660 -0.236023
36.41799927 -31.54700089 365.78100586 -0.019623 0.404239 0.914443
36.11800003 -31.54700089 365.77499390 -0.003896 0.419467 0.907762
42.74200058 -29.14699936 371.41799927 -0.831167 0.490652 -0.261578
42.91999817 -28.84700012 371.41799927 -0.836002 0.500992 -0.223848
36.41799927 -32.14699936 366.04598999 0.011753 0.413971 0.910214
36.11800003 -32.14699936 366.06100464 0.041095 0.399019 0.916021
36.41799927 -31.84700012 365.91799927 0.014308 0.404527 0.914414
36.11800003 -31.84700012 365.92599487 0.014456 0.429736 0.902839
37.01800156 -32.14699936 366.03900146 0.030686 0.433611 0.900577
36.71799850 -32.14699936 366.05300903 0.011740 0.416132 0.909229
37.01800156 -31.84700012 365.89898682 0.051765 0.388901 0.919824
36.71799850 -31.84700012 365.91699219 0.030258 0.403876 0.914313
37.61800003 -32.44699860 366.15798950 0.046751 0.412747 0.909645
37.31800079 -32.44699860 366.17898560 0.046372 0.393496 0.918156
37.61800003 -32.74700165 366.29299927 -0.014346 0.410810 0.911608
37.31800079 -32.74700165 366.28900146 0.022232 0.398867 0.916739
37.61800003 -32.14699936 366.02099609 0.063891 0.422766 0.903984
37.31800079 -32.14699936 366.03298950 0.027989 0.441164 0.896990
37.61800003 -31.84700012 365.87701416 0.035828 0.415336 0.908962
37.31800079 -31.84700012 365.88400269 0.033053 0.411185 0.910953
38.19100189 -28.84700012 390.61801147 -0.808221 0.539329 -0.236439
38.21799850 -31.84700012 365.85501099 0.011725 0.412989 0.910660
37.91799927 -31.84700012 365.86099243 0.032728 0.383573 0.922931
38.21799850 -32.14699936 366.00299072 0.001290 0.403862 0.914819
37.91799927 -32.14699936 365.99099731 0.027886 0.431570 0.901649
38.21799850 -32.44699860 366.11999512 0.022380 0.414691 0.909687
37.91799927 -32.44699860 366.14801025 0.055982 0.454686 0.888891
38.21799850 -32.74700165 366.27600098 0.047348 0.439664 0.896914
37.91799927 -32.74700165 366.29800415 0.025136 0.422027 0.906235
43.21699905 -24.94700050 380.11801147 -0.839428 0.503657 -0.204185
37.98500061 -29.14699936 390.61801147 -0.791242 0.560268 -0.245020
43.13000107 -24.94700050 380.41799927 -0.836761 0.502664 -0.217163
43.30599976 -24.64699936 380.41799927 -0.837246 0.507192 -0.204391
38.81800079 -32.44699860 366.11898804 0.011676 0.398272 0.917193
38.51800156 -32.44699860 366.13299561 0.001299 0.419470 0.907768
38.81800079 -32.74700165 366.25000000 0.003920 0.429880 0.902878
38.51800156 -32.74700165 366.26699829 0.038407 0.401287 0.915147
38.26200104 -28.84700012 390.31799316 -0.817860 0.533520 -0.215548
39.41799927 -32.44699860 366.10800171 0.060227 0.394819 0.916783
39.11800003 -32.44699860 366.12500000 0.017016 0.414926 0.909696
39.41799927 -32.74700165 366.23699951 0.063309 0.405449 0.911923
39.11800003 -32.74700165 366.26501465 0.019597 0.401085 0.915831
38.06800079 -29.14699936 390.31799316 -0.823486 0.511395 -0.245655
40.01800156 -32.44699860 366.09201050 -0.025006 0.409306 0.912055
39.71799850 -32.44699860 366.08499146 0.024946 0.408325 0.912495
40.01800156 -32.74700165 366.22799683 -0.014285 0.396072 0.918108
39.71799850 -32.74700165 366.22399902 0.014474 0.432900 0.901326
42.42200089 -29.74699974 371.11801147 -0.817880 0.546759 -0.179241
42.63999939 -29.44700050 371.11801147 -0.809963 0.570084 -0.137709
40.61800003 -33.04700089 366.41000366 -0.038613 0.414096 0.909414
40.31800079 -33.04700089 366.36099243 -0.087760 0.447159 0.890139
40.61800003 -33.34700012 366.51400757 0.019524 0.396984 0.917618
40.31800079 -33.34700012 366.53500366 -0.033010 0.407999 0.912386
42.33900070 -29.74699974 371.41799927 -0.813948 0.550210 -0.186435
42.56499863 -29.44700050 371.41799927 -0.806681 0.544471 -0.229819
43.91799927 -25.58699989 375.91799927 -0.746356 0.589059 -0.309778
43.82500076 -25.54700089 376.21798706 -0.785547 0.536976 -0.307526
43.49700165 -26.14699936 375.91799927 -0.808741 0.551901 -0.203332
43.71300125 -25.84700012 375.91799927 -0.778804 0.582937 -0.231620
43.43399811 -26.14699936 376.21798706 -0.820418 0.538352 -0.192593
43.62200165 -25.84700012 376.21798706 -0.810129 0.527128 -0.256567
22.31800079 -21.34700012 361.65701294 0.077445 0.403531 0.911682
22.61800003 -21.34700012 361.62799072 0.087103 0.432749 0.897297
22.31800079 -21.04700089 361.52899170 0.060290 0.392556 0.917750
21.71800041 -21.34700012 361.69699097 0.043801 0.402174 0.914515
22.01799965 -21.34700012 361.67898560 0.060477 0.404522 0.912526
21.71800041 -21.04700089 361.56100464 0.055433 0.428590 0.901797
22.01799965 -21.04700089 361.54901123 0.047110 0.426685 0.903172
17.76499939 -20.74699974 362.71798706 0.849286 -0.472501 0.235491
17.93499947 -20.44700050 362.71798706 0.840318 -0.502380 0.203668
17.67300034 -20.74699974 363.01800537 0.835007 -0.494876 0.240543
17.86400032 -20.44700050 363.01800537 0.820734 -0.530344 0.212443
41.84500122 -30.94700050 370.51800537 -0.823290 0.523912 -0.218424
42.02399826 -30.64699936 370.51800537 -0.843451 0.468584 -0.262714
41.74900055 -30.94700050 370.81799316 -0.831192 0.502403 -0.238142
41.92900085 -30.64699936 370.81799316 -0.831459 0.503775 -0.234279
42.13000107 -26.14699936 381.31799316 -0.836822 0.525791 -0.152553
42.32300186 -25.84700012 381.31799316 -0.830533 0.523040 -0.191429
18.18899918 -15.04699993 375.31799316 0.822740 -0.534856 0.192427
17.98299980 -15.34700012 375.31799316 0.841648 -0.495890 0.213824
17.92399979 -15.34700012 375.61801147 0.838776 -0.507482 0.197271
42.24800110 -25.84700012 381.61801147 -0.832662 0.518336 -0.194943
18.11100006 -15.04699993 375.61801147 0.835007 -0.494876 0.240543
18.24600029 -13.24699974 379.51800537 0.842494 -0.490316 0.223147
18.17099953 -13.24699974 379.81799316 0.843841 -0.506305 0.177729
42.18299866 -25.84700012 381.91799927 -0.838241 0.515496 -0.177809
42.11999893 -25.84700012 382.21798706 -0.835539 0.517524 -0.184509
43.35499954 -26.14699936 376.51800537 -0.832052 0.504135 -0.231381
43.52299881 -25.84700012 376.51800537 -0.834952 0.497907 -0.234399
43.45299911 -25.84700012 376.81799316 -0.816762 0.538910 -0.206099
43.26800156 -26.14699936 376.81799316 -0.825143 0.507424 -0.248314
41.64400101 -31.24699974 370.51800537 -0.815925 0.541408 -0.202837
41.56600189 -31.24699974 370.81799316 -0.819930 0.532878 -0.209181
42.95999908 -26.74699974 376.51800537 -0.830286 0.500636 -0.244927
43.15900040 -26.44700050 376.51800537 -0.818938 0.539375 -0.195998
42.86600113 -26.74699974 376.81799316 -0.820750 0.526201 -0.222446
43.08300018 -26.44700050 376.81799316 -0.812004 0.545923 -0.206442
42.00199890 -26.14699936 381.91799927 -0.833585 0.517034 -0.194453
41.44599915 -31.54700089 370.51800537 -0.815088 0.527410 -0.239732
41.35900116 -31.54700089 370.81799316 -0.841696 0.509801 -0.177907
41.93299866 -26.14699936 382.21798706 -0.820734 0.530344 -0.212443
42.79700089 -27.04700089 376.51800537 -0.839650 0.500764 -0.210291
42.79800034 -26.74699974 377.11801147 -0.847115 0.497512 -0.186754
43.00600052 -26.44700050 377.11801147 -0.829280 0.520006 -0.204667
42.73400116 -26.74699974 377.41799927 -0.831178 0.528659 -0.172226
42.93600082 -26.44700050 377.41799927 -0.823240 0.528030 -0.208473
42.48300171 -27.34700012 377.11801147 -0.813610 0.532629 -0.233122
42.65599823 -27.04700089 377.11801147 -0.864905 0.455606 -0.210625
42.35800171 -27.34700012 377.41799927 -0.810430 0.531506 -0.246383
42.55400085 -27.04700089 377.41799927 -0.821496 0.516325 -0.241979
42.30199814 -27.34700012 377.71798706 -0.826129 0.520721 -0.215313
42.47900009 -27.04700089 377.71798706 -0.827807 0.512598 -0.227991
42.20199966 -27.34700012 378.01800537 -0.818525 0.510996 -0.262487
42.38800049 -27.04700089 378.01800537 -0.825991 0.512206 -0.235338
40.35200119 -33.34700012 370.51800537 -0.833080 0.507158 -0.220835
40.54000092 -33.04700089 370.51800537 -0.827096 0.519410 -0.214771
40.47399902 -33.04700089 370.81799316 -0.833637 0.507498 -0.217934
35.21799850 -27.21899986 391.51800537 0.595811 0.743560 -0.303526
34.91799927 -26.97699928 391.51800537 0.578325 0.775802 -0.252332
35.21799850 -27.11300087 391.81799316 0.502637 0.796240 -0.336687
34.91799927 -26.93099976 391.81799316 0.594390 0.744990 -0.302803
39.54000092 -33.34700012 373.81799316 -0.849547 0.481360 -0.215782
39.62200165 -33.34700012 373.51800537 -0.836569 0.501332 -0.220952
40.28200150 -33.34700012 370.81799316 -0.823715 0.533526 -0.191948
34.01800156 -26.66699982 390.91799927 0.559226 0.777847 -0.286742
34.01800156 -26.55999947 391.21798706 0.534180 0.749813 -0.390425
33.71799850 -26.33499908 391.21798706 0.550651 0.760577 -0.343955
39.69900131 -33.34700012 373.21798706 -0.826481 0.530338 -0.188867
41.64099884 -26.74699974 381.91799927 -0.843061 0.490646 -0.220259
41.81100082 -26.44700050 381.91799927 -0.837476 0.504303 -0.210505
41.55300140 -26.74699974 382.21798706 -0.832992 0.502852 -0.230792
41.73199844 -26.44700050 382.21798706 -0.827527 0.523848 -0.201947
40.00199890 -33.94699860 370.51800537 -0.838215 0.501716 -0.213722
40.17499924 -33.64699936 370.51800537 -0.839317 0.490748 -0.233908
39.91299820 -33.94699860 370.81799316 -0.841502 0.484131 -0.239775
40.08499908 -33.64699936 370.81799316 -0.831600 0.512339 -0.214361
41.66400146 -26.44700050 382.51800537 -0.830587 0.517788 -0.204989
41.58300018 -26.44700050 382.81799316 -0.823587 0.532374 -0.195659
41.75699997 -27.94700050 378.31799316 -0.841726 0.510995 -0.174304
41.94800186 -27.64699936 378.31799316 -0.847115 0.497512 -0.186754
41.70399857 -27.94700050 378.61801147 -0.841756 0.521507 -0.139558
41.88100052 -27.64699936 378.61801147 -0.850044 0.477297 -0.222739
39.89300156 -33.04700089 373.21798706 -0.835289 0.503608 -0.220614
39.81600189 -34.24700165 370.51800537 -0.807171 0.552920 -0.206771
39.74000168 -34.24700165 370.81799316 -0.840139 0.492495 -0.227188
39.96400070 -33.04700089 372.91799927 -0.829594 0.524352 -0.191910
39.75899887 -33.34700012 372.91799927 -0.836367 0.515034 -0.187695
43.80899811 -21.34700012 386.71798706 -0.820215 0.543298 -0.179093
43.75199890 -21.34700012 387.01800537 -0.807575 0.572590 -0.141289
39.72900009 -33.04700089 373.81799316 -0.838007 0.504623 -0.207607
15.26599979 -20.44700050 373.81799316 0.869043 -0.477037 0.131149
15.11800003 -20.64599991 373.81799316 0.877282 -0.458152 0.143082
15.25199986 -20.44700050 373.51800537 0.885723 -0.453389 0.099661
15.11800003 -20.74699974 373.53900146 0.906554 -0.414308 0.080674
15.12399960 -20.74699974 373.51800537 0.906554 -0.414308 0.080674
43.88199997 -21.34700012 386.41799927 -0.832037 0.516803 -0.201568
41.47499847 -26.74699974 382.51800537 -0.824556 0.517459 -0.228787
39.80599976 -33.04700089 373.51800537 -0.837386 0.495720 -0.230319
41.38700104 -26.74699974 382.81799316 -0.833244 0.519836 -0.188346
43.42900085 -21.94700050 386.71798706 -0.809597 0.549424 -0.206608
43.61600113 -21.64699936 386.71798706 -0.825352 0.523283 -0.212059
43.34400177 -21.94700050 387.01800537 -0.815526 0.550216 -0.179386
43.54199982 -21.64699936 387.01800537 -0.813044 0.552628 -0.183200
41.85200119 -24.94700050 385.51800537 -0.833244 0.519836 -0.188346
42.05300140 -24.64699936 385.51800537 -0.831067 0.539826 -0.133853
41.78599930 -24.94700050 385.81799316 -0.810292 0.550877 -0.199903
42.00500107 -24.64699936 385.81799316 -0.816122 0.526082 -0.239128
38.38399887 -28.54700089 390.61801147 -0.829814 0.507705 -0.231612
41.67800140 -25.24699974 385.51800537 -0.836568 0.505585 -0.211040
41.59700012 -25.24699974 385.81799316 -0.838215 0.501716 -0.213722
40.08200073 -32.44699860 373.81799316 -0.834366 0.504891 -0.221176
38.45800018 -28.54700089 390.31799316 -0.824562 0.525830 -0.208808
39.90100098 -32.74700165 373.81799316 -0.835354 0.490751 -0.247683
40.15800095 -32.44699860 373.51800537 -0.836701 0.498363 -0.227083
39.97600174 -32.74700165 373.51800537 -0.840349 0.493876 -0.223384
36.41799927 -28.20100021 391.21798706 0.539238 0.784202 -0.307000
36.11800003 -28.00399971 391.21798706 0.481431 0.779691 -0.400382
36.11800003 -28.14999962 390.91799927 0.456779 0.781889 -0.424268
36.41799927 -28.33600044 390.91799927 0.468937 0.783724 -0.407277
36.71799850 -28.41500092 391.21798706 0.603724 0.777085 -0.177924
36.71799850 -28.50900078 390.91799927 0.529571 0.766015 -0.364384
37.01800156 -28.67099953 391.21798706 0.999999 0.000978 0.000978
37.01800156 -28.76300049 390.91799927 0.594231 0.766700 -0.243023
40.91699982 -26.74699974 384.91799927 -0.836471 0.509748 -0.201177
40.83300018 -26.74699974 385.21798706 -0.842494 0.490316 -0.223147
40.53099823 -27.34700012 384.91799927 -0.832662 0.518336 -0.194943
40.73300171 -27.04700089 384.91799927 -0.824422 0.529877 -0.198894
40.47700119 -27.34700012 385.21798706 -0.826160 0.534220 -0.179077
40.66199875 -27.04700089 385.21798706 -0.840922 0.498492 -0.210609
39.56600189 -26.14699936 391.81799316 -0.835783 0.499636 -0.227663
39.61999893 -26.14699936 391.51800537 -0.833327 0.521017 -0.184683
39.71799850 -25.63400078 392.41799927 -0.815719 0.545331 -0.192917
41.09799957 -27.34700012 382.51800537 -0.829280 0.520006 -0.204667
39.72600174 -25.84700012 391.81799316 -0.836280 0.489492 -0.247048
39.82300186 -25.84700012 391.51800537 -0.815982 0.529077 -0.232917
41.28799820 -27.04700089 382.51800537 -0.825365 0.519107 -0.222037
41.01599884 -27.34700012 382.81799316 -0.819402 0.532535 -0.212099
40.24499893 -32.44699860 373.21798706 -0.834264 0.513277 -0.201374
41.20800018 -27.04700089 382.81799316 -0.830658 0.513637 -0.214904
40.06000137 -32.74700165 373.21798706 -0.840139 0.492495 -0.227188
40.30300140 -32.44699860 372.91799927 -0.846322 0.500032 -0.183594
40.10200119 -25.24699974 391.81799316 -0.832138 0.501122 -0.237535
39.91699982 -25.54700089 391.81799316 -0.826129 0.520721 -0.215313
40.18199921 -25.24699974 391.51800537 -0.839080 0.486268 -0.243901
40.00899887 -25.54700089 391.51800537 -0.834349 0.497548 -0.237292
40.13899994 -32.74700165 372.91799927 -0.850097 0.481671 -0.212902
39.77600098 -25.54700089 392.41799927 -0.819930 0.532878 -0.209181
40.01200104 -25.24699974 392.11801147 -0.828162 0.525360 -0.195307
39.85200119 -25.54700089 392.11801147 -0.837087 0.511302 -0.194566
40.27700043 -24.94700050 391.81799316 -0.844304 0.508956 -0.167674
40.61800003 -24.42399979 391.81799316 -0.817782 0.545692 -0.182905
40.45999908 -24.64699936 391.81799316 -0.828470 0.536944 -0.159150
40.53900146 -24.64699936 391.51800537 -0.828481 0.522534 -0.201440
40.35699844 -24.94700050 391.51800537 -0.836471 0.496989 -0.230909
40.23099899 -24.94700050 392.11801147 -0.808941 0.571454 -0.138039
40.31800079 -24.80999947 392.11801147 -0.845468 0.519504 -0.123691
40.71500015 -29.14699936 379.51800537 -0.827328 0.527856 -0.192085
40.65900040 -29.14699936 379.81799316 -0.798013 0.576932 -0.174140
40.89699936 -28.84700012 379.81799316 -0.816040 0.537392 -0.212813
40.35900116 -29.74699974 379.51800537 -0.829160 0.514599 -0.218361
40.54100037 -29.44700050 379.51800537 -0.830570 0.493393 -0.258296
40.46400070 -29.44700050 379.81799316 -0.839908 0.510532 -0.184151
38.78799820 -30.34700012 384.31799316 -0.854772 0.480529 -0.196104
38.97600174 -30.04700089 384.31799316 -0.821596 0.546234 -0.163122
38.72499847 -30.34700012 384.61801147 -0.827986 0.530452 -0.181826
38.93600082 -30.04700089 384.61801147 -0.818670 0.559056 -0.131282
40.40999985 -29.44700050 380.11801147 -0.840854 0.512279 -0.174742
40.34000015 -29.44700050 380.41799927 -0.845911 0.488782 -0.213369
40.21900177 -29.74699974 380.11801147 -0.827328 0.527856 -0.192085
40.15399933 -29.74699974 380.41799927 -0.816466 0.551829 -0.169909
40.94300079 -27.34700012 383.11801147 -0.823759 0.528363 -0.205559
41.13299942 -27.04700089 383.11801147 -0.819667 0.541916 -0.185670
41.07300186 -27.04700089 383.41799927 -0.823867 0.537698 -0.179233
39.82300186 -30.34700012 380.11801147 -0.832992 0.502852 -0.230792
40.02600098 -30.04700089 380.11801147 -0.814721 0.535476 -0.222476
39.75199890 -30.34700012 380.41799927 -0.844473 0.493994 -0.206964
39.93600082 -30.04700089 380.41799927 -0.811487 0.545576 -0.209367
39.87200165 -30.04700089 380.71798706 -0.807848 0.563229 -0.173650
38.27099991 -36.94699860 369.91799927 -0.859376 0.454609 -0.234101
38.40299988 -36.64699936 369.91799927 -0.864642 0.336335 -0.373194
39.80799866 -30.04700089 381.01800537 -0.815925 0.541408 -0.202837
38.16899872 -36.94699860 370.21798706 -0.894881 0.343956 -0.284397
38.25600052 -36.64699936 370.21798706 -0.888013 0.305020 -0.344086
40.09400177 -29.74699974 380.71798706 -0.820197 0.529997 -0.215359
40.25799942 -29.44700050 380.71798706 -0.846644 0.470018 -0.249553
39.99700165 -29.74699974 381.01800537 -0.837971 0.496066 -0.227427
42.07699966 -26.74699974 380.11801147 -0.848093 0.500539 -0.173777
42.00699997 -26.74699974 380.41799927 -0.832052 0.504135 -0.231381
40.16299820 -29.44700050 381.01800537 -0.847052 0.496237 -0.190399
39.67599869 -30.34700012 380.71798706 -0.832139 0.512670 -0.211458
39.59899902 -30.34700012 381.01800537 -0.812078 0.537790 -0.226519
38.08700180 -37.24700165 369.91799927 -0.831178 0.528659 -0.172226
38.02600098 -37.24700165 370.21798706 -0.841648 0.495890 -0.213824
39.50799942 -30.34700012 381.31799316 -0.822972 0.540122 -0.176029
39.47000122 -30.34700012 381.61801147 -0.857513 0.489798 -0.157382
39.63399887 -30.04700089 381.61801147 -0.838940 0.499116 -0.216941
39.34400177 -30.94700050 380.71798706 -0.861237 0.434430 -0.263706
39.50299835 -30.64699936 380.71798706 -0.848149 0.469156 -0.246040
39.24100113 -30.94700050 381.01800537 -0.842686 0.456133 -0.286049
39.41199875 -30.64699936 381.01800537 -0.832803 0.498455 -0.240792
39.14099884 -30.94700050 381.31799316 -0.842216 0.501714 -0.197371
39.33000183 -30.64699936 381.31799316 -0.840012 0.515901 -0.168002
39.29199982 -30.64699936 381.61801147 -0.843795 0.519146 -0.136002
39.10100174 -30.94700050 381.61801147 -0.827179 0.549994 -0.115251
40.29399872 -29.74699974 379.81799316 -0.837087 0.511302 -0.194566
43.18399811 -29.74699974 368.11801147 -0.808357 0.560562 -0.179803
43.12500000 -29.74699974 368.41799927 -0.826205 0.540383 -0.159286
40.01100159 -30.34700012 379.51800537 -0.850097 0.481671 -0.212902
40.16899872 -30.04700089 379.51800537 -0.849150 0.492717 -0.190198
39.91799927 -30.34700012 379.81799316 -0.835566 0.483424 -0.261018
40.09899902 -30.04700089 379.81799316 -0.829927 0.521539 -0.198034
40.86700058 -27.34700012 383.41799927 -0.820927 0.531546 -0.208659
39.82799911 -30.64699936 379.51800537 -0.825884 0.528869 -0.195484
39.75199890 -30.64699936 379.81799316 -0.840139 0.492495 -0.227188
43.40100098 -29.44700050 368.11801147 -0.819113 0.535398 -0.205922
39.62599945 -30.94700050 379.51800537 -0.838709 0.516931 -0.171317
43.32400131 -29.44700050 368.41799927 -0.808235 0.551555 -0.206260
39.56600189 -30.94700050 379.81799316 -0.821108 0.540877 -0.182301
37.88899994 -37.54700089 369.91799927 -0.826712 0.526365 -0.198714
37.81600189 -37.54700089 370.21798706 -0.829305 0.528287 -0.182116
39.68899918 -30.94700050 379.21798706 -0.814476 0.538382 -0.216273
39.05699921 -30.94700050 381.91799927 -0.825156 0.532505 -0.188564
38.96500015 -30.94700050 382.21798706 -0.800802 0.522812 -0.292206
38.61999893 -31.54700089 381.91799927 -0.816059 0.533282 -0.222841
38.84500122 -31.24699974 381.91799927 -0.797545 0.580444 -0.164334
38.56000137 -31.54700089 382.21798706 -0.808894 0.561857 -0.173227
38.76800156 -31.24699974 382.21798706 -0.807525 0.546041 -0.223031
40.55599976 -27.94700050 383.11801147 -0.840159 0.506500 -0.193883
40.74800110 -27.64699936 383.11801147 -0.825622 0.532805 -0.185652
40.49900055 -27.94700050 383.41799927 -0.842525 0.507311 -0.181075
40.68399811 -27.64699936 383.41799927 -0.834264 0.513277 -0.201374
42.81800079 -30.34700012 368.11801147 -0.838472 0.510309 -0.191178
42.98600006 -30.04700089 368.11801147 -0.839023 0.511819 -0.184615
42.74300003 -30.34700012 368.41799927 -0.833601 0.511700 -0.208021
42.93199921 -30.04700089 368.41799927 -0.829374 0.529420 -0.178473
15.31599998 -18.64699936 378.31799316 0.950907 -0.296099 0.090004
15.27299976 -18.64699936 378.61801147 0.956129 -0.278170 0.091861
37.31800079 -38.38999939 369.31799316 0.063994 0.993590 -0.093184
37.31800079 -38.36199951 369.61801147 -0.285700 0.948308 -0.138155
16.38500023 -18.04700089 375.31799316 0.815526 -0.550216 0.179386
40.42699814 -27.94700050 383.71798706 -0.844356 0.498185 -0.197167
40.60300064 -27.64699936 383.71798706 -0.841245 0.509528 -0.180800
16.56800079 -17.74699974 375.31799316 0.851834 -0.497518 0.163871
40.35800171 -27.94700050 384.01800537 -0.822942 0.530882 -0.202313
16.73399925 -17.44700050 375.31799316 0.862179 -0.464710 0.201723
16.48299980 -17.74699974 375.61801147 0.850044 -0.477297 0.222739
40.55599976 -27.64699936 384.01800537 -0.829380 0.533493 -0.165876
16.65200043 -17.44700050 375.61801147 0.868478 -0.442489 0.223494
42.85800171 -30.04700089 368.71798706 -0.811545 0.541542 -0.219378
42.77000046 -30.04700089 369.01800537 -0.814215 0.546361 -0.196325
38.89199829 -31.24699974 381.61801147 -0.832929 0.523770 -0.178592
38.72399902 -31.54700089 381.61801147 -0.819765 0.498105 -0.282624
38.97299957 -31.24699974 381.31799316 -0.851181 0.444831 -0.278596
38.82799911 -31.54700089 381.31799316 -0.846340 0.474256 -0.242465
38.76200104 -33.94699860 375.31799316 -0.834952 0.497907 -0.234399
38.96200180 -33.64699936 375.31799316 -0.811984 0.550935 -0.192751
38.69599915 -33.94699860 375.61801147 -0.835841 0.529218 -0.145940
38.90999985 -33.64699936 375.61801147 -0.813207 0.558612 -0.163240
42.66799927 -30.34700012 368.71798706 -0.829625 0.503316 -0.241653
42.56900024 -30.34700012 369.01800537 -0.829119 0.518770 -0.208421
40.05799866 -28.54700089 383.71798706 -0.825772 0.507811 -0.245416
40.24900055 -28.24699974 383.71798706 -0.831600 0.512339 -0.214361
39.97499847 -28.54700089 384.01800537 -0.835539 0.517524 -0.184509
40.16799927 -28.24699974 384.01800537 -0.826844 0.527547 -0.194996
38.65800095 -33.94699860 375.91799927 -0.834583 0.537454 -0.120891
38.84199905 -33.64699936 375.91799927 -0.850604 0.498528 -0.167162
38.60800171 -33.94699860 376.21798706 -0.819226 0.544642 -0.179536
38.79299927 -33.64699936 376.21798706 -0.849679 0.494277 -0.183674
43.06900024 -29.74699974 368.71798706 -0.819930 0.532878 -0.209181
43.24800110 -29.44700050 368.71798706 -0.824556 0.517459 -0.228787
42.97200012 -29.74699974 369.01800537 -0.819979 0.528771 -0.219172
43.15700150 -29.44700050 369.01800537 -0.818008 0.498938 -0.286224
38.11399841 -34.54700089 376.51800537 -0.805157 0.576807 -0.137900
38.35499954 -34.24700165 376.51800537 -0.812189 0.559975 -0.163639
38.08200073 -34.54700089 376.81799316 -0.819114 0.561217 -0.118691
38.27299881 -34.24700165 376.81799316 -0.821856 0.512306 -0.249188
38.52600098 -33.94699860 376.51800537 -0.839489 0.499443 -0.214047
38.71200180 -33.64699936 376.51800537 -0.848860 0.483986 -0.212592
38.64199829 -33.64699936 376.81799316 -0.845076 0.482683 -0.229922
38.45600128 -33.94699860 376.81799316 -0.832347 0.509755 -0.217597
20.81800079 -28.54700089 364.93099976 -0.001294 0.415362 0.909655
20.81800079 -28.24699974 364.79400635 0.019705 0.419060 0.907745
20.51799965 -28.24699974 364.81298828 0.101276 0.494970 0.862988
39.92599869 -28.54700089 384.31799316 -0.846477 0.494655 -0.196960
21.41799927 -28.54700089 364.90899658 0.052037 0.396282 0.916653
21.11800003 -28.54700089 364.93099976 0.035243 0.377228 0.925449
21.41799927 -28.24699974 364.80200195 0.003818 0.372924 0.927854
21.11800003 -28.24699974 364.79998779 -0.011676 0.398272 0.917193
40.10800171 -28.24699974 384.31799316 -0.843851 0.497887 -0.200057
39.83700180 -28.54700089 384.61801147 -0.837277 0.498706 -0.224189
40.02600098 -28.24699974 384.61801147 -0.829791 0.520326 -0.201759
23.81800079 -27.94700050 364.59298706 0.035627 0.397170 0.917053
23.51799965 -27.94700050 364.60400391 0.019550 0.400127 0.916251
24.41799927 -27.94700050 364.57901001 0.006447 0.393289 0.919393
24.11800003 -27.94700050 364.57998657 0.021995 0.379095 0.925096
39.75799942 -28.84700012 384.31799316 -0.844663 0.503808 -0.180892
39.56900024 -29.14699936 384.31799316 -0.818393 0.548098 -0.172688
39.50699997 -29.14699936 384.61801147 -0.830840 0.514908 -0.211128
39.66799927 -28.84700012 384.61801147 -0.852159 0.470731 -0.228554
42.51699829 -30.34700012 369.31799316 -0.822858 0.535990 -0.188729
42.71300125 -30.04700089 369.31799316 -0.823324 0.536294 -0.185814
42.43199921 -30.34700012 369.61801147 -0.809140 0.545056 -0.219558
42.63399887 -30.04700089 369.61801147 -0.816511 0.522133 -0.246348
39.41600037 -29.14699936 384.91799927 -0.830658 0.513637 -0.214904
39.59799957 -28.84700012 384.91799927 -0.840812 0.489838 -0.230422
39.35100174 -29.14699936 385.21798706 -0.852221 0.483774 -0.199201
33.71799850 -36.37400055 368.71798706 0.516030 0.798655 -0.309618
34.01800156 -36.57500076 368.71798706 0.550079 0.807497 -0.212983
42.35499954 -30.34700012 369.91799927 -0.829338 0.511654 -0.224517
42.53200150 -30.04700089 369.91799927 -0.840278 0.470248 -0.269814
42.27000046 -30.34700012 370.21798706 -0.850126 0.462456 -0.251833
34.01800156 -36.47600174 369.01800537 0.593544 0.747129 -0.299172
42.44200134 -30.04700089 370.21798706 -0.834349 0.497548 -0.237292
33.41799927 -35.93000031 369.31799316 0.454626 0.829023 -0.325632
33.71799850 -36.22800064 369.01800537 0.543337 0.760671 -0.355196
39.50299835 -28.84700012 385.21798706 -0.847309 0.487845 -0.209939
21.09399986 -9.94699955 376.21798706 0.877370 -0.433506 0.205657
42.17800140 -30.34700012 370.51800537 -0.848620 0.478203 -0.226198
42.36199951 -30.04700089 370.51800537 -0.834286 0.522739 -0.175245
42.31499863 -30.04700089 370.81799316 -0.845153 0.506498 -0.170813
33.41799927 -36.18999863 368.71798706 0.504050 0.799801 -0.325963
33.11800003 -35.99700165 368.71798706 0.506233 0.785866 -0.355166
33.41799927 -36.04800034 369.01800537 0.465719 0.812226 -0.351276
42.11100006 -30.34700012 370.81799316 -0.828965 0.533226 -0.168780
36.71799850 -35.99000168 374.41799927 0.544033 0.766813 -0.340626
37.01800156 -36.17499924 374.41799927 0.444528 0.830937 -0.334574
37.01800156 -36.28900146 374.11801147 0.421396 0.831745 -0.361422
36.71799850 -36.13299942 374.11801147 0.512143 0.785072 -0.348386
37.31800079 -36.43700027 374.11801147 -0.011983 0.885403 -0.464670
37.69599915 -36.04700089 374.41799927 -0.774973 0.572944 -0.266742
37.31800079 -36.30899811 374.41799927 0.344854 0.844189 -0.410391
37.79499817 -36.04700089 374.11801147 -0.805792 0.542866 -0.236634
37.61800003 -36.28200150 374.11801147 -0.576436 0.738813 -0.349109
42.24200058 -30.04700089 371.11801147 -0.833824 0.508800 -0.214151
42.15999985 -30.04700089 371.41799927 -0.828404 0.517180 -0.215110
39.43399811 -33.04700089 375.01800537 -0.812861 0.548491 -0.195998
39.22499847 -33.34700012 375.01800537 -0.824734 0.527040 -0.205044
39.49100113 -33.04700089 374.71798706 -0.839908 0.510532 -0.184151
39.31700134 -33.34700012 374.71798706 -0.839650 0.480458 -0.253276
39.63000107 -32.74700165 375.01800537 -0.828604 0.514253 -0.221266
39.68099976 -32.74700165 374.71798706 -0.834622 0.529236 -0.152693
42.05599976 -30.34700012 371.11801147 -0.823921 0.529555 -0.201807
40.15999985 -31.84700012 375.01800537 -0.836592 0.511000 -0.197466
39.95899963 -32.14699936 375.01800537 -0.852481 0.505660 -0.132608
40.24399948 -31.84700012 374.71798706 -0.806941 0.536406 -0.247213
40.02799988 -32.14699936 374.71798706 -0.819150 0.508277 -0.265796
41.96400070 -30.34700012 371.41799927 -0.826750 0.506519 -0.244792
41.86999893 -28.84700012 375.61801147 -0.847585 0.497788 -0.183868
41.68199921 -29.14699936 375.61801147 -0.829815 0.529701 -0.175567
41.94400024 -28.84700012 375.31799316 -0.836525 0.520405 -0.171480
41.74900055 -29.14699936 375.31799316 -0.829119 0.518770 -0.208421
42.03400040 -28.54700089 375.61801147 -0.849209 0.494004 -0.186557
41.67200089 -30.94700050 371.11801147 -0.838472 0.510309 -0.191178
41.85599899 -30.64699936 371.11801147 -0.827435 0.529016 -0.188396
41.61199951 -30.94700050 371.41799927 -0.824800 0.518752 -0.224946
41.79199982 -30.64699936 371.41799927 -0.840139 0.492495 -0.227188
25.31800079 -24.04700089 362.69601440 0.113427 0.492473 0.862905
25.61800003 -24.04700089 362.65701294 0.111149 0.523987 0.844442
38.48699951 -30.34700012 385.51800537 -0.814476 0.538382 -0.216273
38.42699814 -30.34700012 385.81799316 -0.797589 0.576625 -0.177074
41.87900162 -30.34700012 371.71798706 -0.808738 0.532432 -0.249917
42.08700180 -30.04700089 371.71798706 -0.809915 0.546578 -0.212813
41.77999878 -30.34700012 372.01800537 -0.819935 0.538035 -0.195511
42.00299835 -30.04700089 372.01800537 -0.803977 0.554944 -0.213677
41.69300079 -30.64699936 371.71798706 -0.823517 0.508325 -0.251845
41.60900116 -30.64699936 372.01800537 -0.843789 0.492337 -0.213598
17.51799965 -17.78400040 384.31799316 0.999999 0.000978 0.000978
17.21800041 -17.90099907 383.71798706 0.600294 0.705551 -0.376623
17.51799965 -17.94000053 384.01800537 0.544453 0.743922 -0.387493
38.35400009 -30.34700012 386.11801147 -0.821596 0.546234 -0.163122
38.30699921 -30.34700012 386.41799927 -0.819370 0.556581 -0.137300
38.50199890 -30.04700089 386.41799927 -0.829696 0.525524 -0.188225
18.12700081 -11.44699955 384.61801147 0.857575 -0.470089 0.208762
18.21500015 -11.44699955 384.31799316 0.824688 -0.514470 0.234967
17.97900009 -11.74699974 384.61801147 0.872653 -0.454721 0.178062
18.02499962 -11.74699974 384.31799316 0.853541 -0.482826 0.195821
17.81399918 -12.04699993 384.61801147 0.889800 -0.399893 0.219868
17.71100044 -12.34700012 384.61801147 0.934374 -0.309607 0.176323
17.87599945 -12.04699993 384.31799316 0.876335 -0.449140 0.174097
17.71699905 -12.34700012 384.31799316 0.938368 -0.342990 0.042712
17.68799973 -12.04699993 385.21798706 0.862714 -0.450177 0.230358
17.52000046 -12.34700012 385.21798706 0.879478 -0.387695 0.276063
17.72999954 -12.04699993 384.91799927 0.879049 -0.438791 0.186376
17.60499954 -12.34700012 384.91799927 0.908467 -0.299896 0.291119
37.96300125 -30.94700050 386.11801147 -0.834630 0.518824 -0.184972
38.14799881 -30.64699936 386.11801147 -0.827892 0.540573 -0.149583
37.91799927 -30.90699959 386.41799927 -0.625935 0.694575 -0.354642
38.09500122 -30.64699936 386.41799927 -0.808351 0.564491 -0.167089
17.51799965 -12.94699955 385.29998779 0.551481 0.701430 0.451514
17.53300095 -12.64700031 384.91799927 0.948877 -0.057937 0.310284
17.56900024 -12.94699955 384.91799927 0.955969 0.196542 0.217934
17.42600060 -12.64700031 385.21798706 0.927338 0.051446 0.370671
17.21800041 -12.94699955 385.46701050 0.468961 -0.259850 0.844129
41.54100037 -30.64699936 372.31799316 -0.839253 0.524717 -0.142570
39.49200058 -30.94700050 380.11801147 -0.830421 0.521849 -0.195126
39.66500092 -30.64699936 380.11801147 -0.850504 0.470136 -0.235829
39.42499924 -30.94700050 380.41799927 -0.855019 0.473341 -0.211876
39.58499908 -30.64699936 380.41799927 -0.854803 0.464468 -0.231478
39.14500046 -31.54700089 380.11801147 -0.860291 0.469656 -0.198299
39.28900146 -31.24699974 380.11801147 -0.854943 0.497128 -0.148112
39.25299835 -31.24699974 380.41799927 -0.851405 0.509103 -0.126188
41.50899887 -30.94700050 371.71798706 -0.816511 0.522133 -0.246348
41.43099976 -30.94700050 372.01800537 -0.841068 0.499809 -0.206870
41.36199951 -30.94700050 372.31799316 -0.851857 0.496300 -0.167409
41.31299973 -30.94700050 372.61801147 -0.835169 0.540913 -0.099528
41.50699997 -30.64699936 372.61801147 -0.841882 0.523805 -0.129857
39.74100113 -27.04700089 388.81799316 -0.845972 0.494360 -0.199848
39.81200027 -27.04700089 388.51800537 -0.847210 0.476080 -0.235759
40.95399857 -30.94700050 374.11801147 -0.816059 0.533282 -0.222841
41.16199875 -30.64699936 374.11801147 -0.834707 0.536493 -0.124256
41.08800125 -30.64699936 374.41799927 -0.811293 0.540349 -0.223221
40.86199951 -30.94700050 374.41799927 -0.808858 0.547936 -0.213342
40.58399963 -31.54700089 374.11801147 -0.833677 0.500206 -0.234042
40.77000046 -31.24699974 374.11801147 -0.834264 0.513277 -0.201374
40.50199890 -31.54700089 374.41799927 -0.848813 0.479632 -0.222416
40.68199921 -31.24699974 374.41799927 -0.831860 0.499731 -0.241408
40.79499817 -30.94700050 374.71798706 -0.812004 0.545923 -0.206442
40.70899963 -30.94700050 375.01800537 -0.810129 0.527128 -0.256567
40.90800095 -30.64699936 375.01800537 -0.808035 0.542295 -0.230205
37.61800003 -30.74099922 387.31799316 -0.057418 0.917352 -0.393914
37.31800079 -30.56599998 387.31799316 0.484165 0.800549 -0.353137
37.31800079 -30.52899933 387.61801147 0.379083 0.838387 -0.391667
37.61800003 -30.58900070 387.61801147 0.155926 0.869982 -0.467779
40.42699814 -31.54700089 374.71798706 -0.836280 0.489492 -0.247048
40.59500122 -31.24699974 374.71798706 -0.830059 0.509042 -0.227769
40.32500076 -31.54700089 375.01800537 -0.837480 0.500056 -0.220389
40.51699829 -31.24699974 375.01800537 -0.827037 0.531774 -0.182280
36.94599915 -30.34700012 387.31799316 0.493067 0.740425 -0.456788
36.71799850 -30.19300079 387.31799316 0.416514 0.732603 -0.538340
36.71799850 -29.99399948 387.61801147 0.711118 0.637277 -0.296968
37.31800079 -30.34700012 387.85501099 0.353766 0.718944 -0.598305
30.41799927 -29.44700050 364.99200439 0.022580 0.442311 0.896577
30.11800003 -29.44700050 365.01599121 0.069919 0.440077 0.895234
37.01800156 -30.39200020 387.31799316 0.462680 0.745886 -0.479146
32.81800079 -29.44700050 364.95001221 0.009267 0.454065 0.890920
32.51800156 -29.44700050 364.93600464 0.019877 0.435960 0.899747
32.81800079 -29.74699974 365.08999634 0.030176 0.397537 0.917090
32.51800156 -29.74699974 365.07998657 -0.001304 0.428870 0.903365
40.46200180 -31.24699974 375.31799316 -0.854267 0.480245 -0.198980
40.37699890 -31.24699974 375.61801147 -0.860155 0.459453 -0.221441
36.41799927 -30.04899979 387.31799316 0.288731 0.601391 -0.744959
36.41799927 -30.04700089 387.32000732 0.288731 0.601391 -0.744959
40.60599899 -30.94700050 375.31799316 -0.830510 0.505061 -0.234876
40.82600021 -30.64699936 375.31799316 -0.811095 0.553364 -0.189508
40.53900146 -30.94700050 375.61801147 -0.822972 0.540122 -0.176029
40.76900101 -30.64699936 375.61801147 -0.807497 0.550079 -0.212983
40.27000046 -31.54700089 375.31799316 -0.848380 0.507264 -0.151444
40.21799850 -31.54700089 375.61801147 -0.849417 0.489875 -0.196250
40.13199997 -31.54700089 375.91799927 -0.843734 0.496581 -0.203764
40.30699921 -31.24699974 375.91799927 -0.851754 0.490766 -0.183478
40.07199860 -31.54700089 376.21798706 -0.829280 0.520006 -0.204667
40.24900055 -31.24699974 376.21798706 -0.844144 0.502288 -0.187421
21.44700050 -8.74699974 377.41799927 0.900092 -0.412483 0.140329
39.98500061 -31.54700089 376.51800537 -0.835651 0.492191 -0.243795
21.50499916 -8.74699974 377.11801147 0.905649 -0.401415 0.136622
40.17300034 -31.24699974 376.51800537 -0.818595 0.535059 -0.208841
39.89799881 -31.54700089 376.81799316 -0.837087 0.511302 -0.194566
40.09600067 -31.24699974 376.81799316 -0.815741 0.560172 -0.144129
21.31699944 -9.04699993 377.41799927 0.890184 -0.424104 0.166457
21.15999985 -9.34700012 377.41799927 0.831192 -0.502403 0.238142
21.36400032 -9.04699993 377.11801147 0.901945 -0.386548 0.192550
21.24699974 -9.34700012 377.11801147 0.876005 -0.453307 0.164706
39.84500122 -31.54700089 377.11801147 -0.820240 0.560910 -0.112182
40.06700134 -31.24699974 377.11801147 -0.848518 0.516050 -0.117087
39.81700134 -31.54700089 377.41799927 -0.801020 0.574743 -0.167445
40.01300049 -31.24699974 377.41799927 -0.840792 0.474963 -0.259769
21.19899940 -9.64700031 376.51800537 0.847822 -0.493687 0.193574
17.05999947 -12.34700012 386.71798706 0.824190 -0.533833 0.189034
17.27700043 -12.04699993 386.71798706 0.801335 -0.534746 0.268157
16.98699951 -12.34700012 387.01800537 0.871212 -0.442308 0.212963
17.51799965 -17.44300079 384.91799927 0.583075 0.761017 -0.284388
17.81800079 -17.65099907 385.21798706 0.573949 0.721958 -0.386470
17.51799965 -17.41300011 385.21798706 0.697859 0.656148 -0.287165
18.08900070 -17.74699974 385.51800537 0.585019 0.618737 -0.524325
17.81800079 -17.48999977 385.51800537 0.640902 0.680241 -0.355692
17.51799965 -17.18400002 385.51800537 0.626635 0.685845 -0.370060
17.81800079 -17.33699989 385.81799316 0.532376 0.745326 -0.401329
18.11800003 -17.74699974 385.54901123 0.569280 0.626715 -0.532117
18.11800003 -17.51899910 385.81799316 0.518539 0.708614 -0.478523
17.51799965 -17.09199905 385.81799316 0.589193 0.752059 -0.295395
17.81800079 -17.16799927 386.11801147 0.523171 0.746216 -0.411649
17.20899963 -12.34700012 386.11801147 0.796766 -0.546309 0.258284
17.40800095 -12.04699993 386.11801147 0.808793 -0.560864 0.176876
17.12400055 -12.34700012 386.41799927 0.815925 -0.541408 0.202837
21.10499954 -9.64700031 376.81799316 0.862318 -0.461796 0.207733
20.95199966 -9.94699955 376.81799316 0.848034 -0.477873 0.229075
17.36599922 -12.04699993 386.41799927 0.802541 -0.569789 0.176831
40.31800079 -34.24700165 367.02899170 -0.407432 0.569085 0.714242
40.45600128 -34.24700165 367.21798706 -0.799472 0.493088 0.343087
21.01700020 -9.94699955 376.51800537 0.835684 -0.512291 0.197965
17.62400055 -11.74699974 386.11801147 0.838554 -0.511533 0.187512
17.77199936 -11.44699955 386.11801147 0.851985 -0.486634 0.193156
17.54800034 -11.74699974 386.41799927 0.845288 -0.484106 0.226118
17.70700073 -11.44699955 386.41799927 0.841029 -0.525095 0.130177
43.15499878 -23.44700050 384.01800537 -0.775715 0.596822 -0.205109
42.93500137 -23.74699974 384.01800537 -0.806379 0.543261 -0.233711
43.24700165 -23.44700050 383.71798706 -0.814476 0.538382 -0.216273
43.05899811 -23.74699974 383.71798706 -0.802143 0.540473 -0.253882
17.56999969 -12.04699993 385.51800537 0.855566 -0.439262 0.273965
17.72699928 -11.74699974 385.51800537 0.850097 -0.481671 0.212902
17.90999985 -11.44699955 385.51800537 0.830587 -0.517788 0.204989
17.68099976 -11.74699974 385.81799316 0.856969 -0.493673 0.147955
17.84300041 -11.44699955 385.81799316 0.826006 -0.530033 0.191778
17.90299988 -11.74699974 384.91799927 0.851473 -0.480743 0.209477
18.06800079 -11.44699955 384.91799927 0.851229 -0.489195 0.189993
17.83099937 -11.74699974 385.21798706 0.862546 -0.438095 0.253155
17.99200058 -11.44699955 385.21798706 0.836569 -0.501332 0.220952
39.32600021 -32.14699936 377.71798706 -0.808688 0.556826 -0.189655
39.52000046 -31.84700012 377.71798706 -0.816844 0.534857 -0.216088
39.26499939 -32.14699936 378.01800537 -0.837246 0.507192 -0.204391
39.42399979 -31.84700012 378.01800537 -0.844495 0.489716 -0.216809
39.71900177 -31.54700089 377.71798706 -0.821503 0.497267 -0.279031
39.88299942 -31.24699974 377.71798706 -0.831015 0.479969 -0.281147
39.81100082 -31.24699974 378.01800537 -0.826006 0.530033 -0.191778
39.61299896 -31.54700089 378.01800537 -0.821445 0.531882 -0.205742
20.76799965 -10.24699974 376.81799316 0.838148 -0.505909 0.203874
20.59000015 -10.54699993 376.81799316 0.837480 -0.500056 0.220389
20.83099937 -10.24699974 376.51800537 0.837535 -0.487154 0.247419
20.66900063 -10.54699993 376.51800537 0.836895 -0.486781 0.250301
20.94499969 -10.24699974 376.21798706 0.851617 -0.461610 0.248325
20.77000046 -10.54699993 376.21798706 0.820794 -0.518964 0.238692
21.00600052 -10.24699974 375.91799927 0.877668 -0.461099 0.130717
20.84300041 -10.54699993 375.91799927 0.854061 -0.499545 0.145029
39.17900085 -32.14699936 378.31799316 -0.835081 0.502270 -0.224419
39.36700058 -31.84700012 378.31799316 -0.825329 0.537737 -0.172256
39.29899979 -31.84700012 378.61801147 -0.829696 0.525524 -0.188225
20.56599998 -10.84700012 376.21798706 0.817745 -0.525143 0.235621
20.65600014 -10.84700012 375.91799927 0.824734 -0.527040 0.205044
39.56900024 -31.54700089 378.31799316 -0.832479 0.523487 -0.181495
39.48300171 -31.54700089 378.61801147 -0.847089 0.464137 -0.258875
39.62799835 -31.24699974 378.61801147 -0.837496 0.484057 -0.253554
20.38400078 -11.14700031 376.21798706 0.817860 -0.533520 0.215548
20.45899963 -11.14700031 375.91799927 0.810737 -0.544067 0.216094
39.23099899 -31.84700012 378.91799927 -0.851612 0.477807 -0.215541
39.14799881 -31.84700012 379.21798706 -0.839985 0.485019 -0.243274
39.04999924 -32.14699936 378.91799927 -0.819226 0.544642 -0.179536
38.97299957 -32.14699936 379.21798706 -0.825389 0.511834 -0.238241
20.31900024 -11.44699955 375.61801147 0.811786 -0.559697 0.166559
20.13100052 -11.74699974 375.61801147 0.845944 -0.509338 0.157969
20.37599945 -11.44699955 375.31799316 0.795706 -0.563947 0.220944
20.18499947 -11.74699974 375.31799316 0.852162 -0.478116 0.212663
38.87699890 -32.14699936 379.51800537 -0.826257 0.513536 -0.231475
39.05799866 -31.84700012 379.51800537 -0.828983 0.522850 -0.198532
38.80599976 -32.14699936 379.81799316 -0.822446 0.538740 -0.182598
39.00400162 -31.84700012 379.81799316 -0.825562 0.548903 -0.130971
19.95800018 -12.04699993 375.61801147 0.858088 -0.476052 0.192510
20.04000092 -12.04699993 375.31799316 0.849547 -0.481360 0.215782
19.72800064 -12.64700031 375.01800537 0.844495 -0.489716 0.216809
19.56299973 -12.94699955 375.01800537 0.843089 -0.500443 0.196871
19.82500076 -12.64700031 374.71798706 0.822503 -0.522297 0.225154
19.62599945 -12.94699955 374.71798706 0.836281 -0.513823 0.191365
38.74300003 -32.14699936 380.11801147 -0.820252 0.548329 -0.162855
38.96200180 -31.84700012 380.11801147 -0.818867 0.549404 -0.166169
38.68799973 -32.14699936 380.41799927 -0.830733 0.519019 -0.201252
38.88299942 -31.84700012 380.41799927 -0.824052 0.521339 -0.221684
41.13499832 -25.24699974 387.61801147 -0.848374 0.495259 -0.187031
40.95000076 -25.54700089 387.61801147 -0.832406 0.522323 -0.185146
41.18700027 -25.24699974 387.31799316 -0.825622 0.532805 -0.185652
41.00099945 -25.54700089 387.31799316 -0.843240 0.492016 -0.216487
19.37299919 -13.24699974 375.01800537 0.807525 -0.546041 0.223031
19.45800018 -13.24699974 374.71798706 0.830587 -0.517788 0.204989
38.56200027 -32.44699860 380.11801147 -0.844469 0.515493 -0.145395
19.13999939 -13.84700012 374.41799927 0.844473 -0.493994 0.206964
38.21799850 -32.74700165 380.71798706 -0.827016 0.523524 -0.204857
18.96899986 -14.14700031 374.41799927 0.844356 -0.498185 0.197167
19.21400070 -13.84700012 374.11801147 0.848034 -0.477873 0.229075
38.41500092 -32.44699860 380.71798706 -0.812300 0.514926 -0.273897
38.16099930 -32.74700165 381.01800537 -0.857540 0.465694 -0.218529
19.03499985 -14.14700031 374.11801147 0.829656 -0.500256 0.247819
38.30599976 -32.44699860 381.01800537 -0.833576 0.503205 -0.227895
27.71800041 -29.14699936 364.97698975 0.019444 0.387578 0.921632
28.01799965 -29.14699936 364.98300171 0.021995 0.379095 0.925096
27.71800041 -28.84700012 364.85800171 0.021995 0.379095 0.925096
28.01799965 -28.84700012 364.85900879 0.024710 0.386252 0.922062
27.11800003 -29.14699936 364.99200439 0.024812 0.395688 0.918050
27.41799927 -29.14699936 364.99499512 0.022079 0.383138 0.923427
27.11800003 -28.84700012 364.86898804 0.024734 0.384035 0.922987
27.41799927 -28.84700012 364.87298584 0.016858 0.392924 0.919416
38.59799957 -32.14699936 380.71798706 -0.819179 0.527164 -0.225928
38.80099869 -31.84700012 380.71798706 -0.822253 0.521016 -0.229001
38.52299881 -32.14699936 381.01800537 -0.811683 0.554726 -0.182893
26.21800041 -27.94700050 364.50900269 0.022327 0.413700 0.910140
38.71599960 -31.84700012 381.01800537 -0.827807 0.512598 -0.227991
25.91799927 -27.64699936 364.36898804 0.033133 0.412177 0.910501
26.21800041 -27.64699936 364.38000488 -0.024879 0.402000 0.915302
25.31800079 -27.64699936 364.41699219 0.057498 0.397137 0.915956
25.61800003 -27.64699936 364.40200806 0.072456 0.427901 0.900917
25.31800079 -26.74699974 363.98800659 0.047290 0.436415 0.898502
25.61800003 -26.74699974 363.97100830 0.046989 0.420212 0.906208
24.71800041 -26.74699974 364.00299072 0.036454 0.454999 0.889746
25.01799965 -26.74699974 364.00201416 0.022608 0.445503 0.894995
25.31800079 -26.44700050 363.84298706 0.038867 0.435582 0.899310
25.61800003 -26.44700050 363.82800293 0.038814 0.426958 0.903438
24.71800041 -26.44700050 363.85400391 0.038961 0.436634 0.898795
25.01799965 -26.44700050 363.85400391 0.017207 0.438124 0.898750
24.11800003 -26.74699974 364.03799438 0.044373 0.428936 0.902244
24.41799927 -26.74699974 364.02700806 0.052675 0.430857 0.900882
24.71800041 -25.84700012 363.58801270 0.043605 0.387156 0.920982
25.01799965 -25.84700012 363.57598877 0.032876 0.398462 0.916595
24.71800041 -26.14699936 363.71099854 0.046626 0.406315 0.912543
25.01799965 -26.14699936 363.70901489 0.019752 0.420062 0.907281
24.41799927 -25.84700012 363.60501099 0.046751 0.412747 0.909645
24.11800003 -26.14699936 363.76400757 0.069554 0.421413 0.904198
24.41799927 -26.14699936 363.73901367 0.080674 0.414308 0.906554
24.11800003 -25.84700012 363.61801147 0.050107 0.437419 0.897861
24.41799927 -30.94700050 365.89401245 0.129857 0.389572 0.911795
24.11800003 -30.54599953 365.71798706 -0.034566 0.336703 0.940976
24.11800003 -30.64699936 365.75698853 -0.083130 0.328560 0.940817
24.41799927 -30.64699936 365.76599121 0.043741 0.398974 0.915918
23.81800079 -30.64699936 365.71301270 -0.111502 0.237101 0.965065
19.01799965 -19.54700089 361.16400146 0.493754 -0.101027 0.863713
19.10000038 -19.24699974 361.21798706 0.787266 -0.368679 0.494255
19.31800079 -19.54700089 361.03399658 0.305686 0.157641 0.938992
19.61800003 -19.54700089 360.97000122 0.116273 0.306053 0.944887
19.31800079 -19.24699974 361.02801514 0.508162 -0.207816 0.835813
18.80599976 -19.54700089 361.51800537 0.837939 -0.450958 0.307400
18.99799919 -19.24699974 361.51800537 0.831860 -0.499731 0.241408
18.92499924 -19.24699974 361.81799316 0.817441 -0.540394 0.199413
18.85099983 -19.24699974 362.11801147 0.808637 -0.535470 0.243677
18.74399948 -19.24699974 362.41799927 0.803792 -0.531161 0.267931
18.71699905 -19.54700089 361.81799316 0.819176 -0.519892 0.242205
19.02599907 -18.94700050 362.11801147 0.842954 -0.486261 0.230174
19.19799995 -18.64699936 362.11801147 0.842359 -0.485918 0.233058
18.94899940 -18.94700050 362.41799927 0.835847 -0.503944 0.217716
19.10600090 -18.64699936 362.41799927 0.840645 -0.506793 0.190987
18.86899948 -18.94700050 362.71798706 0.808930 -0.552997 0.199566
19.06100082 -18.64699936 362.71798706 0.852523 -0.500362 0.151136
18.80200005 -18.94700050 363.01800537 0.818595 -0.535059 0.208841
19.00000000 -18.64699936 363.01800537 0.826964 -0.510907 0.234741
22.31800079 -23.44700050 362.61401367 0.046355 0.388054 0.920470
18.71800041 -26.74699974 364.17599487 0.009201 0.435061 0.900354
22.61800003 -23.44700050 362.59899902 0.040575 0.370408 0.927983
19.01799965 -26.74699974 364.17700195 0.021964 0.375974 0.926370
18.71800041 -26.44700050 364.05099487 0.003870 0.398582 0.917125
19.01799965 -26.44700050 364.04998779 0.001282 0.393609 0.919277
18.89100075 -18.64699936 363.31799316 0.816838 -0.523456 0.242426
18.82299995 -18.64699936 363.61801147 0.841726 -0.510995 0.174304
18.71699905 -18.94700050 363.31799316 0.843734 -0.496581 0.203764
18.65699959 -18.94700050 363.61801147 0.832292 -0.505484 0.227544
38.06499863 -32.74700165 381.31799316 -0.819765 0.498105 -0.282624
19.10199928 -18.34700012 363.31799316 0.816244 -0.538569 0.209020
19.28800011 -18.04700089 363.31799316 0.850742 -0.488915 0.192875
19.02000046 -18.34700012 363.61801147 0.825043 -0.531358 0.192258
19.20800018 -18.04700089 363.61801147 0.838007 -0.504623 0.207607
38.25099945 -32.44699860 381.31799316 -0.820723 0.544648 -0.172547
37.95399857 -32.74700165 381.61801147 -0.821634 0.542248 -0.175742
18.76700020 -18.64699936 363.91799927 0.815110 -0.553915 0.169627
38.18000031 -32.44699860 381.61801147 -0.811657 0.564436 -0.150417
18.96199989 -18.34700012 363.91799927 0.835539 -0.517524 0.184509
19.13899994 -18.04700089 363.91799927 0.839081 -0.513021 0.180978
18.88800049 -18.34700012 364.21798706 0.829696 -0.525524 0.188225
19.07799911 -18.04700089 364.21798706 0.832139 -0.512670 0.211458
19.16699982 -18.94700050 361.51800537 0.853647 -0.478583 0.205535
19.11300087 -18.94700050 361.81799316 0.848074 -0.490832 0.199635
19.27199936 -18.64699936 361.81799316 0.857591 -0.475777 0.195382
19.25399971 -16.54700089 367.21798706 0.854316 -0.471606 0.218476
38.46300125 -32.14699936 381.31799316 -0.822255 0.529355 -0.208996
18.67099953 -17.74699974 366.61801147 0.846581 -0.512057 0.145254
38.36999893 -32.14699936 381.61801147 -0.836895 0.486781 -0.250301
18.78300095 -17.44700050 366.91799927 0.862824 -0.467796 0.191574
18.94099998 -17.14699936 366.91799927 0.841806 -0.497225 0.210074
19.13599968 -16.84700012 366.91799927 0.833312 -0.531366 0.152453
18.87299919 -17.14699936 367.21798706 0.823759 -0.528363 0.205559
19.08600044 -16.84700012 367.21798706 0.828754 -0.526840 0.188696
37.93700027 -32.74700165 381.91799927 -0.863691 0.492518 -0.107069
38.13999939 -32.44699860 381.91799927 -0.856874 0.494856 -0.144515
38.07899857 -32.44699860 382.21798706 -0.852522 0.463492 -0.241624
18.79199982 -13.84700012 375.91799927 0.833415 -0.498821 0.237899
38.28300095 -32.14699936 381.91799927 -0.862507 0.448625 -0.234131
38.45299911 -31.84700012 381.91799927 -0.844549 0.473622 -0.249839
38.20600128 -32.14699936 382.21798706 -0.881197 0.399456 -0.252839
38.35100174 -31.84700012 382.21798706 -0.838185 0.497435 -0.223617
18.83600044 -13.54699993 376.51800537 0.817851 -0.529378 0.225561
19.02099991 -13.24699974 376.51800537 0.817745 -0.525143 0.235621
18.74399948 -13.54699993 376.81799316 0.823067 -0.522655 0.222243
18.93199921 -13.24699974 376.81799316 0.810453 -0.538758 0.230014
18.85000038 -13.24699974 377.11801147 0.832052 -0.504135 0.231381
18.76399994 -13.24699974 377.41799927 0.829357 -0.515875 0.214568
18.82200050 -12.34700012 379.51800537 0.851431 -0.496051 0.170286
18.98600006 -12.04699993 379.51800537 0.832168 -0.518028 0.197848
18.77400017 -12.34700012 379.81799316 0.851285 -0.490495 0.186358
18.92600060 -12.04699993 379.81799316 0.857869 -0.480228 0.182873
18.84600067 -11.14700031 382.51800537 0.823867 -0.537698 0.179233
19.04299927 -10.84700012 382.51800537 0.821613 -0.533061 0.201986
18.78899956 -11.14700031 382.81799316 0.825884 -0.528869 0.195484
18.96299934 -10.84700012 382.81799316 0.832867 -0.505833 0.224645
37.97000122 -32.44699860 382.51800537 -0.832487 0.471483 -0.290981
15.89200020 -21.34700012 368.71798706 0.825535 -0.516151 0.228209
16.11300087 -21.04700089 368.71798706 0.806309 -0.555389 0.203490
15.83100033 -21.34700012 369.01800537 0.844601 -0.495318 0.203246
16.02000046 -21.04700089 369.01800537 0.809104 -0.540944 0.229631
37.88100052 -32.74700165 382.21798706 -0.869146 0.429301 -0.245530
37.77299881 -32.74700165 382.51800537 -0.890436 0.327740 -0.315768
37.67800140 -32.74700165 382.81799316 -0.813838 0.521292 -0.256756
37.86999893 -32.44699860 382.81799316 -0.845911 0.488782 -0.213369
19.74699974 -8.74699974 384.91799927 0.805895 -0.551078 0.216440
19.64800072 -8.74699974 385.21798706 0.835847 -0.503944 0.217716
15.85499954 -19.84700012 372.91799927 0.784297 -0.568263 0.248909
15.73200035 -19.84700012 373.21798706 0.766359 -0.561570 0.311983
19.97400093 -9.04699993 383.11801147 0.853341 -0.486985 0.186156
15.62300014 -20.14699936 372.91799927 0.784451 -0.565243 0.255221
15.51599979 -20.14699936 373.21798706 0.789949 -0.551236 0.268551
19.54800034 -9.64700031 383.41799927 0.848579 -0.491124 0.196750
19.37000084 -9.94699955 383.41799927 0.836494 -0.519255 0.175080
19.60700035 -9.64700031 383.11801147 0.839545 -0.518586 0.161965
19.41799927 -9.94699955 383.11801147 0.829787 -0.535873 0.155863
19.40399933 -9.64700031 384.01800537 0.819935 -0.538035 0.195511
19.46699905 -9.64700031 383.71798706 0.836471 -0.509748 0.201177
19.17499924 -10.24699974 383.41799927 0.837677 -0.529599 0.133500
18.98999977 -10.54699993 383.41799927 0.832060 -0.526222 0.175407
19.22100067 -10.24699974 383.11801147 0.853455 -0.481475 0.199490
19.07900047 -10.54699993 383.11801147 0.845719 -0.480003 0.233144
34.91799927 -35.16999817 373.51800537 0.429415 0.789152 -0.439138
35.21799850 -35.35800171 373.51800537 0.000978 0.000978 -0.999999
19.06999969 -10.24699974 384.01800537 0.814147 -0.525707 0.246570
18.83600044 -10.54699993 384.01800537 0.781074 -0.571327 0.252010
19.12500000 -10.24699974 383.71798706 0.859833 -0.487776 0.150874
18.95199966 -10.54699993 383.71798706 0.804727 -0.556412 0.206930
18.63299942 -10.84700012 384.01800537 0.844663 -0.503808 0.180892
18.47800064 -11.14700031 384.01800537 0.850693 -0.474629 0.225942
18.71100044 -10.84700012 383.71798706 0.813685 -0.536817 0.223033
18.55800056 -11.14700031 383.71798706 0.864265 -0.458254 0.207483
18.49799919 -10.84700012 384.61801147 0.826077 -0.509183 0.241516
18.30800056 -11.14700031 384.61801147 0.831369 -0.515236 0.208222
18.58200073 -10.84700012 384.31799316 0.841524 -0.505514 0.190505
18.39900017 -11.14700031 384.31799316 0.829221 -0.507342 0.234512
15.80500031 -17.74699974 378.31799316 0.847326 -0.493399 0.196460
18.29800034 -11.44699955 384.01800537 0.830286 -0.500636 0.244927
18.39299965 -11.44699955 383.71798706 0.849715 -0.495543 0.180062
18.20800018 -11.74699974 383.71798706 0.809583 -0.554405 0.192902
15.97599983 -17.44700050 378.31799316 0.837376 -0.508461 0.200669
15.72999954 -17.74699974 378.61801147 0.817326 -0.545388 0.185825
15.89900017 -17.44700050 378.61801147 0.847443 -0.489199 0.206216
15.82999992 -17.44700050 378.91799927 0.849286 -0.472501 0.235491
15.73299980 -17.44700050 379.21798706 0.849530 -0.485660 0.205992
15.84399986 -17.14699936 379.51800537 0.839271 -0.507782 0.194373
16.04700089 -16.84700012 379.51800537 0.791332 -0.580920 0.190591
15.78999996 -17.14699936 379.81799316 0.842338 -0.518927 0.145535
15.97399998 -16.84700012 379.81799316 0.829119 -0.518770 0.208421
15.73999977 -17.14699936 380.11801147 0.832947 -0.530057 0.158869
15.89599991 -16.84700012 380.11801147 0.856608 -0.481191 0.186219
15.84399986 -16.84700012 380.41799927 0.860614 -0.474155 0.185797
15.67700005 -17.14699936 380.41799927 0.834698 -0.520000 0.181326
41.80500031 -24.64699936 386.41799927 -0.852931 0.472508 -0.221913
41.63100052 -24.94700050 386.41799927 -0.824815 0.522942 -0.214970
41.87699890 -24.64699936 386.11801147 -0.828276 0.486399 -0.278164
41.70399857 -24.94700050 386.11801147 -0.842362 0.493275 -0.217041
15.70899963 -15.34700012 384.61801147 0.840078 -0.529583 0.117524
15.76000023 -15.34700012 384.31799316 0.806716 -0.548567 0.219734
16.00499916 -15.04699993 384.31799316 0.810765 -0.557118 0.179667
15.93099976 -15.04699993 384.61801147 0.822433 -0.530553 0.205228
15.67700005 -15.34700012 384.91799927 0.870533 -0.470754 0.143399
15.61100006 -15.34700012 385.21798706 0.889022 -0.411557 0.200652
41.96300125 -24.34700012 386.41799927 -0.815925 0.541408 -0.202837
16.82699966 -18.34700012 372.61801147 0.801391 -0.562353 0.203795
16.89399910 -18.34700012 372.31799316 0.824751 -0.535259 0.182440
42.05500031 -24.34700012 386.11801147 -0.805010 0.522551 -0.280891
43.67800140 -29.74699974 366.31799316 -0.724152 0.635026 -0.268971
43.59400177 -29.74699974 366.61801147 -0.790835 0.575851 -0.207306
43.45399857 -30.04700089 366.31799316 -0.805060 0.553575 -0.213149
43.38000107 -30.04700089 366.61801147 -0.823837 0.524260 -0.215512
16.61800003 -17.80800056 382.81799316 0.544606 0.735465 -0.403107
16.61800003 -17.99600029 382.51800537 0.611549 0.703363 -0.362338
16.69499969 -18.04700089 382.51800537 0.318017 0.913393 -0.254124
16.91799927 -17.76000023 383.41799927 0.999999 -0.000978 -0.000978
16.91799927 -17.85499954 383.11801147 0.540406 0.774529 -0.328734
37.64400101 -37.84700012 370.21798706 -0.859166 0.484846 -0.163580
37.70500183 -37.84700012 369.91799927 -0.833639 0.532644 -0.146071
37.50600052 -38.14699936 369.91799927 -0.730467 0.607917 -0.311215
37.74900055 -37.84700012 369.61801147 -0.827112 0.532894 -0.178632
37.57600021 -38.14699936 369.61801147 -0.758233 0.630595 -0.165626
37.83399963 -37.84700012 369.31799316 -0.837365 0.522052 -0.162119
37.63499832 -38.14699936 369.31799316 -0.812189 0.573053 -0.109361
42.28499985 -29.74699974 371.71798706 -0.826712 0.526365 -0.198714
42.47000122 -29.44700050 371.71798706 -0.824810 0.506028 -0.252240
42.19400024 -29.74699974 372.01800537 -0.823245 0.519702 -0.228424
42.38100052 -29.44700050 372.01800537 -0.804807 0.548381 -0.227076
37.01800156 -38.30599976 369.61801147 0.361861 0.896530 -0.255519
37.01800156 -38.37099838 369.31799316 0.281557 0.945325 -0.164582
36.71799850 -38.21500015 369.31799316 0.496799 0.848884 -0.180518
42.20199966 -24.04700089 386.41799927 -0.820197 0.529997 -0.215359
36.71799850 -38.10300064 368.71798706 0.209260 0.754885 0.621578
37.01800156 -38.40900040 369.01800537 0.464154 0.878628 -0.112135
36.71799850 -38.25000000 369.01800537 0.491570 0.854712 0.166809
15.78800011 -20.44700050 371.41799927 0.824562 -0.525830 0.208808
42.26499939 -24.04700089 386.11801147 -0.815389 0.559930 -0.147037
15.88799953 -20.44700050 371.11801147 0.799672 -0.544026 0.254087
26.51799965 -27.94700050 364.50399780 0.030166 0.392157 0.919404
26.81800079 -27.94700050 364.48999023 0.033393 0.436784 0.898947
26.51799965 -27.64699936 364.38500977 0.052404 0.417886 0.906987
26.81800079 -27.64699936 364.34600830 0.089953 0.430392 0.898149
24.71800041 -27.94700050 364.57501221 0.027666 0.407083 0.912972
25.01799965 -27.94700050 364.55999756 0.049255 0.395368 0.917201
24.71800041 -27.64699936 364.44601440 0.030207 0.395324 0.918045
25.01799965 -27.64699936 364.43899536 0.043605 0.387156 0.920982
42.31000137 -24.04700089 385.81799316 -0.838906 0.503343 -0.207081
42.17100143 -24.34700012 385.81799316 -0.858604 0.437690 -0.266884
42.41199875 -24.04700089 385.51800537 -0.836272 0.492557 -0.240908
37.91799927 -30.34700012 365.13598633 0.079715 0.474092 0.876860
42.24200058 -24.34700012 385.51800537 -0.841437 0.504260 -0.194178
18.71800041 -26.94000053 365.71798706 0.621865 0.733197 -0.275148
18.93400002 -27.04700089 366.01800537 0.658515 0.720786 -0.216392
18.71800041 -26.85000038 366.01800537 0.577401 0.782837 -0.231894
37.31800079 -29.93400002 364.81799316 0.101245 0.755666 0.647085
15.59300041 -21.04700089 370.81799316 0.827810 -0.520988 0.208092
15.41300011 -21.34700012 370.81799316 0.860874 -0.461236 0.214843
15.66499996 -21.04700089 370.51800537 0.829280 -0.520006 0.204667
15.48999977 -21.34700012 370.51800537 0.850780 -0.479036 0.216095
42.66899872 -23.44700050 385.81799316 -0.828754 0.526840 -0.188696
42.52899933 -23.74699974 385.81799316 -0.842525 0.507311 -0.181075
15.27200031 -21.64699936 370.81799316 0.930352 -0.317579 0.183272
15.21000004 -21.94700050 370.81799316 0.996069 0.088421 0.005327
42.59500122 -23.74699974 385.51800537 -0.852298 0.479512 -0.208941
15.32600021 -21.64699936 370.51800537 0.892919 -0.406402 0.193733
15.21800041 -21.94700050 370.51800537 0.997319 -0.048414 0.054869
36.71799850 -29.83200073 364.81799316 0.130293 0.684412 0.717359
36.71799850 -30.04700089 365.01998901 0.070205 0.606058 0.792316
37.01800156 -29.89399910 364.81799316 0.126672 0.737677 0.663164
37.01800156 -30.04700089 364.99700928 0.136009 0.638196 0.757765
19.35000038 -16.24699974 367.51800537 0.852221 -0.483774 0.199201
18.06200027 -18.94700050 366.01800537 0.849286 -0.472501 0.235491
16.89299965 -21.34700012 364.81799316 0.815884 -0.521732 0.249255
17.21800041 -25.54700089 363.66598511 -0.027298 0.380869 0.924226
16.91799927 -25.54700089 363.65600586 0.011628 0.388897 0.921208
17.21800041 -25.24699974 363.54000854 -0.001270 0.372047 0.928213
16.91799927 -25.24699974 363.54098511 0.011503 0.369382 0.929206
36.11800003 -29.74699974 364.84201050 0.181429 0.596123 0.782126
43.91799927 -27.16900063 372.01800537 -0.719283 0.632776 -0.286752
35.21799850 -36.38100052 371.11801147 0.566150 0.756480 -0.327432
15.41800022 -22.70400047 369.91799927 0.578001 0.713033 -0.396861
43.91799927 -27.08799934 372.31799316 -0.732785 0.652564 -0.192838
33.46099854 -25.54700089 392.41799927 0.627736 0.720853 -0.293800
33.11800003 -25.24699974 392.40701294 0.620512 0.699100 -0.355280
33.41799927 -25.54700089 392.33898926 0.627736 0.720853 -0.293800
33.11800003 -25.39399910 392.11801147 0.581343 0.725451 -0.368457
33.41799927 -25.63400078 392.11801147 0.603838 0.717770 -0.346678
33.65999985 -25.84700012 392.11801147 0.568692 0.760926 -0.312380
33.41799927 -25.80500031 391.81799316 0.546241 0.760200 -0.351734
33.48600006 -25.84700012 391.81799316 0.546241 0.760200 -0.351734
43.78499985 -27.34700012 372.01800537 -0.770419 0.555791 -0.312332
33.71799850 -25.77300072 392.41799927 0.596576 0.732382 -0.328198
34.01800156 -25.99600029 392.41799927 0.523576 0.769965 -0.364720
34.01800156 -26.12500000 392.11801147 0.532470 0.799490 -0.278015
33.71799850 -25.98800087 391.81799316 0.512257 0.757748 -0.404241
34.01800156 -26.20400047 391.81799316 0.570300 0.765192 -0.298728
34.01800156 -26.35799980 391.51800537 0.448889 0.768825 -0.455419
33.71799850 -26.20400047 391.51800537 0.469359 0.763730 -0.443192
34.31800079 -26.43400002 391.81799316 0.574964 0.757543 -0.309103
34.61800003 -26.65900040 391.81799316 0.530194 0.766917 -0.361570
34.31800079 -26.55299950 391.51800537 0.522592 0.748666 -0.407917
34.61800003 -26.77300072 391.51800537 0.550557 0.777163 -0.304801
34.61800003 -26.89500046 391.21798706 0.472230 0.769621 -0.429746
34.31800079 -26.75799942 391.21798706 0.439027 0.785713 -0.435787
34.31800079 -26.88500023 390.91799927 0.569694 0.779995 -0.258952
34.61800003 -27.10600090 390.91799927 0.593356 0.726658 -0.346260
34.91799927 -27.12400055 391.21798706 0.549247 0.708545 -0.443048
35.21799850 -27.35700035 391.21798706 0.582095 0.732103 -0.353823
16.49500084 -13.54699993 386.11801147 0.757009 -0.538860 0.369551
35.21799850 -27.50900078 390.91799927 0.457180 0.776067 -0.434403
16.70100021 -13.24699974 386.11801147 0.790666 -0.491147 0.365542
34.91799927 -27.35099983 390.91799927 0.505118 0.748628 -0.429433
16.38599968 -13.54699993 386.41799927 0.838148 -0.505909 0.203874
16.56999969 -13.24699974 386.41799927 0.807991 -0.526679 0.264121
35.51800156 -27.64299965 391.21798706 0.586957 0.747767 -0.310364
35.81800079 -27.83200073 391.21798706 0.489914 0.810182 -0.321853
35.81800079 -27.90099907 390.91799927 0.591294 0.742742 -0.314175
35.51800156 -27.70499992 390.91799927 0.524362 0.788934 -0.320355
35.51800156 -27.88299942 390.61801147 0.496082 0.761315 -0.417495
35.81800079 -28.08399963 390.61801147 0.548235 0.732627 -0.403356
35.81800079 -28.22999954 390.31799316 0.509158 0.758008 -0.407654
35.51800156 -28.03499985 390.31799316 0.553013 0.771013 -0.315779
43.05199814 -23.44700050 384.61801147 -0.813549 0.544910 -0.203006
42.82300186 -23.74699974 384.61801147 -0.808793 0.560864 -0.176876
43.08800125 -23.44700050 384.31799316 -0.815722 0.561086 -0.140642
42.88499832 -23.74699974 384.31799316 -0.841684 0.516252 -0.158278
36.41799927 -28.65900040 390.31799316 0.496219 0.780696 -0.379842
36.41799927 -28.51199913 390.61801147 0.476866 0.773075 -0.418275
36.11800003 -28.32999992 390.61801147 0.543411 0.757531 -0.361733
36.11800003 -28.43600082 390.31799316 0.543411 0.757531 -0.361733
16.86700058 -12.94699955 386.11801147 0.839269 -0.418850 0.346689
16.77599907 -12.94699955 386.41799927 0.807292 -0.537678 0.243272
16.68700027 -12.94699955 386.71798706 0.821525 -0.527795 0.215708
16.88999939 -12.64700031 386.71798706 0.833244 -0.519836 0.188346
16.61800003 -12.94699955 387.01800537 0.835998 -0.517808 0.181608
16.83399963 -12.64700031 387.01800537 0.839137 -0.518334 0.164857
36.71799850 -28.69799995 390.61801147 0.461485 0.788572 -0.406430
37.01800156 -28.86100006 390.61801147 0.482082 0.814007 -0.324022
36.71799850 -28.81699944 390.31799316 0.447475 0.776166 -0.444221
37.01800156 -29.00099945 390.31799316 0.495666 0.775190 -0.391658
37.01800156 -29.16500092 390.01800537 0.364630 0.828704 -0.424612
37.01800156 -29.30900002 389.71798706 0.574964 0.757543 -0.309103
36.71799850 -29.03800011 390.01800537 0.491380 0.798692 -0.347327
36.71799850 -29.07399940 389.71798706 0.543098 0.801420 -0.250541
18.11800003 -16.69400024 387.61801147 0.529047 0.733414 -0.426864
18.41799927 -16.92399979 387.61801147 0.567548 0.757267 -0.323165
19.01799965 -16.88599968 388.81799316 0.630318 0.734581 -0.251179
18.71800041 -16.70400047 388.51800537 0.572855 0.732797 -0.367214
18.85199928 -16.84700012 388.51800537 0.658770 0.681431 -0.318864
19.01799965 -16.98900032 388.51800537 0.558553 0.769811 -0.308885
37.31800079 -29.30100060 390.01800537 0.587995 0.756904 -0.285233
37.61800003 -29.56599998 390.01800537 -0.366361 0.857934 -0.360178
37.61800003 -29.72400093 389.71798706 0.151582 0.882062 -0.446083
37.31800079 -29.52899933 389.71798706 0.510854 0.735696 -0.444724
42.98400116 -27.94700050 373.51800537 -0.821128 0.557665 -0.121486
43.16699982 -27.64699936 373.51800537 -0.847184 0.513578 -0.136076
42.93000031 -27.94700050 373.81799316 -0.795501 0.571718 -0.200791
43.12400055 -27.64699936 373.81799316 -0.842216 0.501714 -0.197371
42.76100159 -28.24699974 373.51800537 -0.810737 0.544067 -0.216094
37.94900131 -29.44700050 390.01800537 -0.608019 0.736361 -0.296790
38.04399872 -29.44700050 389.71798706 -0.810466 0.551968 -0.196154
37.91799927 -29.62199974 389.71798706 -0.608420 0.750648 -0.257591
42.83399963 -23.44700050 385.21798706 -0.834889 0.483032 -0.263893
42.93799973 -23.44700050 384.91799927 -0.808634 0.509140 -0.294765
42.75299835 -23.74699974 384.91799927 -0.822942 0.530882 -0.202313
37.31800079 -29.66200066 389.41799927 0.532050 0.801998 -0.271518
37.31800079 -29.73299980 389.11801147 0.426959 0.823761 -0.372994
38.23300171 -29.44700050 388.81799316 -0.834322 0.523876 -0.171640
38.03300095 -29.74699974 388.81799316 -0.825411 0.500202 -0.261716
38.30799866 -29.44700050 388.51800537 -0.818468 0.522524 -0.238912
38.13600159 -29.74699974 388.51800537 -0.843977 0.465802 -0.265953
38.09400177 -29.44700050 389.41799927 -0.818938 0.539375 -0.195998
37.91799927 -29.73699951 389.41799927 -0.618395 0.760271 -0.198935
38.18500137 -29.44700050 389.11801147 -0.811095 0.553364 -0.189508
37.94599915 -29.74699974 389.11801147 -0.639513 0.713241 -0.286899
38.50000000 -28.84700012 389.41799927 -0.856325 0.485300 -0.176608
38.30500031 -29.14699936 389.41799927 -0.818340 0.553013 -0.156513
38.35400009 -29.14699936 389.11801147 -0.855729 0.495884 -0.147741
43.85800171 -22.54700089 383.41799927 -0.846436 0.517186 -0.126747
38.40800095 -29.14699936 388.81799316 -0.834271 0.500563 -0.231147
18.11800003 -26.11199951 366.61801147 0.509977 0.828521 -0.231251
39.02099991 -28.24699974 388.81799316 -0.830059 0.509042 -0.227769
38.82799911 -28.54700089 388.81799316 -0.799938 0.572252 -0.180631
39.07699966 -28.24699974 388.51800537 -0.828057 0.535626 -0.165611
38.87099838 -28.54700089 388.51800537 -0.827669 0.525047 -0.198217
38.59199905 -28.84700012 388.81799316 -0.799872 0.559448 -0.217306
38.69599915 -28.84700012 388.51800537 -0.831063 0.487495 -0.267735
43.55799866 -23.14699936 383.11801147 -0.807497 0.550079 -0.212983
38.51900101 -29.14699936 388.51800537 -0.811457 0.524877 -0.256987
43.77899933 -22.84700012 383.11801147 -0.777627 0.569418 -0.266570
43.48300171 -23.14699936 383.41799927 -0.847852 0.509887 -0.145472
43.67499924 -22.84700012 383.41799927 -0.828590 0.518439 -0.211328
38.78599930 -28.84700012 388.21798706 -0.822802 0.514058 -0.242364
38.59700012 -29.14699936 388.21798706 -0.817878 0.516800 -0.252968
38.87300110 -28.84700012 387.91799927 -0.846726 0.483194 -0.222663
38.70500183 -29.14699936 387.91799927 -0.833265 0.483881 -0.267449
38.97100067 -28.54700089 388.21798706 -0.834722 0.493454 -0.244421
39.04700089 -28.54700089 387.91799927 -0.826579 0.531480 -0.185190
39.51300049 -27.64699936 388.21798706 -0.818340 0.553013 -0.156513
39.31800079 -27.94700050 388.21798706 -0.824406 0.513135 -0.238847
39.57099915 -27.64699936 387.91799927 -0.839840 0.509313 -0.187800
39.43099976 -27.94700050 387.91799927 -0.861941 0.451349 -0.230958
39.13999939 -28.24699974 388.21798706 -0.838145 0.484433 -0.250675
39.25699997 -28.24699974 387.91799927 -0.821525 0.527795 -0.215708
43.36999893 -23.44700050 383.11801147 -0.833824 0.508800 -0.214151
39.63800049 -27.94700050 387.01800537 -0.868517 0.467212 -0.165502
39.68299866 -27.94700050 386.71798706 -0.849913 0.490161 -0.193366
39.81700134 -27.64699936 387.01800537 -0.837660 0.512823 -0.187985
39.87900162 -27.64699936 386.71798706 -0.827112 0.532894 -0.178632
17.21800041 -26.17799950 365.11801147 0.511587 0.803017 -0.305685
43.19200134 -23.74699974 383.11801147 -0.829338 0.511654 -0.224517
40.18999863 -27.04700089 387.01800537 -0.840349 0.493876 -0.223384
40.00500107 -27.34700012 387.01800537 -0.830587 0.517788 -0.204989
43.12400055 -23.74699974 383.41799927 -0.818779 0.544345 -0.182454
40.27099991 -27.04700089 386.71798706 -0.824422 0.529877 -0.198894
40.06900024 -27.34700012 386.71798706 -0.819113 0.535398 -0.205922
17.21800041 -25.92900085 365.71798706 0.523632 0.766804 -0.371243
43.31399918 -23.44700050 383.41799927 -0.845141 0.505296 -0.174394
16.91799927 -25.73600006 365.71798706 0.524530 0.773077 -0.356680
17.21800041 -25.78800011 366.01800537 0.550642 0.752057 -0.362222
40.15499878 -27.34700012 386.41799927 -0.812819 0.527945 -0.246168
40.25099945 -27.34700012 386.11801147 -0.837386 0.495720 -0.230319
40.33599854 -27.04700089 386.41799927 -0.824815 0.522942 -0.214970
40.42800140 -27.04700089 386.11801147 -0.836911 0.489862 -0.244163
40.70700073 -26.44700050 386.41799927 -0.843061 0.490646 -0.220259
40.53499985 -26.74699974 386.41799927 -0.832825 0.514258 -0.204793
40.78699875 -26.44700050 386.11801147 -0.838215 0.501716 -0.213722
40.60300064 -26.74699974 386.11801147 -0.841712 0.501413 -0.200264
40.86000061 -26.44700050 385.81799316 -0.839081 0.513021 -0.180978
40.67699814 -26.74699974 385.81799316 -0.843061 0.490646 -0.220259
40.91699982 -26.44700050 385.51800537 -0.857691 0.467149 -0.214798
40.75899887 -26.74699974 385.51800537 -0.850881 0.476070 -0.222166
43.22299957 -23.14699936 384.61801147 -0.846348 0.477310 -0.236368
42.77899933 -24.64699936 382.51800537 -0.828590 0.518439 -0.211328
43.29800034 -23.14699936 384.31799316 -0.808808 0.539721 -0.233518
42.58000183 -24.94700050 382.51800537 -0.827328 0.527856 -0.192085
42.53099823 -24.94700050 382.81799316 -0.852811 0.501739 -0.144817
42.70299911 -24.64699936 382.81799316 -0.850932 0.480437 -0.212356
42.25999832 -24.64699936 384.61801147 -0.842115 0.484484 -0.236893
42.35400009 -24.64699936 384.31799316 -0.814210 0.522645 -0.252793
42.13600159 -24.94700050 384.31799316 -0.824294 0.534962 -0.185353
42.44499969 -24.64699936 384.01800537 -0.835148 0.520281 -0.178425
42.21300125 -24.94700050 384.01800537 -0.813155 0.553669 -0.179528
42.48099899 -24.64699936 383.71798706 -0.831973 0.538508 -0.133527
42.26699829 -24.94700050 383.71798706 -0.821880 0.537325 -0.189199
42.58499908 -24.34700012 384.01800537 -0.871833 0.448498 -0.196866
42.65499878 -24.34700012 383.71798706 -0.837246 0.507192 -0.204391
42.75299835 -24.04700089 384.01800537 -0.850179 0.497051 -0.173597
42.84299850 -24.04700089 383.71798706 -0.809140 0.545056 -0.219558
42.91600037 -24.04700089 383.41799927 -0.818396 0.533870 -0.212630
42.73199844 -24.34700012 383.41799927 -0.824556 0.517459 -0.228787
43.00000000 -24.04700089 383.11801147 -0.830658 0.513637 -0.214904
42.82199860 -24.34700012 383.11801147 -0.834884 0.514820 -0.194756
43.07099915 -24.04700089 382.81799316 -0.802353 0.555949 -0.217143
42.87099838 -24.34700012 382.81799316 -0.836836 0.515322 -0.184795
43.16199875 -24.04700089 382.51800537 -0.808321 0.543500 -0.226330
42.95500183 -24.34700012 382.51800537 -0.821508 0.523616 -0.225723
39.71799850 -31.54700089 365.69400024 0.038819 0.432361 0.900864
40.01800156 -31.54700089 365.69000244 0.017367 0.468922 0.883069
39.71799850 -31.24699974 365.54400635 0.056250 0.462349 0.884912
40.01800156 -31.24699974 365.52801514 0.028346 0.476483 0.878727
39.41799927 -31.54700089 365.71499634 0.044429 0.432172 0.900696
39.11800003 -31.24699974 365.58200073 0.014806 0.491293 0.870868
39.41799927 -31.24699974 365.56600952 0.056615 0.487441 0.871318
39.11800003 -31.54700089 365.72399902 -0.014490 0.430757 0.902351
43.28599930 -23.74699974 382.81799316 -0.813124 0.536447 -0.225953
38.51800156 -31.54700089 365.71899414 0.040982 0.392631 0.918783
38.81800079 -31.54700089 365.70498657 -0.006499 0.412031 0.911147
38.51800156 -31.24699974 365.59799194 0.044209 0.424671 0.904268
38.81800079 -31.24699974 365.57699585 0.025203 0.433758 0.900677
37.91799927 -31.54700089 365.74099731 0.022202 0.395713 0.918106
38.21799850 -31.54700089 365.73199463 0.032682 0.380415 0.924238
37.91799927 -31.24699974 365.60299683 0.050169 0.440674 0.896264
38.21799850 -31.24699974 365.60699463 0.006507 0.415166 0.909722
37.31800079 -31.24699974 365.63900757 0.017038 0.418083 0.908249
37.61800003 -31.24699974 365.64099121 0.054983 0.403657 0.913257
37.31800079 -31.54700089 365.76300049 0.059800 0.378731 0.923573
37.61800003 -31.54700089 365.74700928 0.035124 0.365548 0.930130
36.71799850 -31.54700089 365.78799438 -0.006458 0.401691 0.915752
37.01800156 -31.54700089 365.78500366 0.037996 0.381265 0.923684
36.71799850 -31.24699974 365.65399170 0.001297 0.421606 0.906778
37.01800156 -31.24699974 365.65200806 0.022498 0.432751 0.901233
36.11800003 -31.24699974 365.64898682 -0.003886 0.413214 0.910626
36.41799927 -31.24699974 365.65301514 -0.006516 0.418305 0.908283
43.88100052 -22.84700012 382.81799316 -0.754823 0.603543 -0.256860
43.64099884 -23.14699936 382.81799316 -0.798045 0.552253 -0.241125
43.73899841 -23.14699936 382.51800537 -0.838714 0.490395 -0.236795
43.46799850 -23.44700050 382.81799316 -0.831526 0.492128 -0.257634
43.55500031 -23.44700050 382.51800537 -0.820936 0.523251 -0.228634
34.31800079 -31.84700012 365.97000122 0.035685 0.405757 0.913284
34.61800003 -31.84700012 365.96701050 0.006540 0.427740 0.903878
43.35800171 -23.74699974 382.51800537 -0.811046 0.531910 -0.243469
34.31800079 -32.14699936 366.10598755 0.025006 0.409306 0.912055
34.61800003 -32.14699936 366.11099243 0.027739 0.413445 0.910107
33.71799850 -31.84700012 365.99798584 0.041487 0.426912 0.903341
34.01800156 -31.84700012 365.98999023 0.041372 0.415057 0.908854
33.71799850 -32.14699936 366.14700317 0.011664 0.400452 0.916244
34.01800156 -32.14699936 366.12799072 0.060871 0.415276 0.907656
43.63399887 -23.44700050 382.21798706 -0.849982 0.491466 -0.189715
43.46500015 -23.74699974 382.21798706 -0.819551 0.540813 -0.189360
43.68799973 -23.44700050 381.91799927 -0.808365 0.531122 -0.253880
43.49700165 -23.74699974 381.91799927 -0.832034 0.531371 -0.159262
33.41799927 -31.84700012 366.01699829 0.030207 0.395324 0.918045
33.11800003 -32.14699936 366.14700317 0.025039 0.412481 0.910622
33.41799927 -32.14699936 366.13500977 0.001282 0.393609 0.919277
33.11800003 -31.84700012 366.01800537 0.024744 0.389393 0.920739
32.51800156 -32.14699936 366.17999268 0.051910 0.395315 0.917078
32.81800079 -32.14699936 366.15200806 0.049391 0.401800 0.914395
32.51800156 -31.84700012 366.05099487 0.041427 0.418275 0.907375
32.81800079 -31.84700012 366.03298950 0.049255 0.395368 0.917201
43.81100082 -23.14699936 382.21798706 -0.838754 0.502039 -0.210826
43.88999939 -23.14699936 381.91799927 -0.809915 0.546578 -0.212813
43.39099884 -22.84700012 384.61801147 -0.837828 0.488605 -0.243537
31.91799927 -32.14699936 366.19500732 0.038407 0.401287 0.915147
32.21799850 -32.14699936 366.18600464 0.022238 0.404217 0.914393
31.91799927 -31.84700012 366.06900024 0.022292 0.405186 0.913963
32.21799850 -31.84700012 366.05999756 0.027562 0.402937 0.914812
31.31800079 -32.14699936 366.22399902 0.027745 0.418813 0.907649
31.61800003 -32.14699936 366.21200562 0.044085 0.412797 0.909756
31.31800079 -31.84700012 366.08300781 0.030176 0.397537 0.917090
31.61800003 -31.84700012 366.07501221 0.022149 0.394766 0.918515
26.51799965 -24.94700050 363.05099487 0.083235 0.495177 0.864796
43.48799896 -22.84700012 384.31799316 -0.835989 0.477487 -0.270422
29.51799965 -32.74700165 366.54501343 0.068508 0.385523 0.920151
29.81800079 -32.74700165 366.53100586 0.024979 0.411494 0.911070
29.51799965 -32.44699860 366.39999390 0.044377 0.434358 0.899646
29.81800079 -32.44699860 366.38198853 0.041326 0.417262 0.907846
28.91799927 -32.74700165 366.57101440 -0.014304 0.399208 0.916749
29.21800041 -32.74700165 366.57598877 0.040939 0.394864 0.917827
28.91799927 -32.44699860 366.42700195 -0.025140 0.427382 0.903721
29.21800041 -32.44699860 366.41101074 0.039290 0.459289 0.887417
28.31800079 -32.74700165 366.55700684 0.017520 0.489226 0.871981
28.61800003 -32.74700165 366.56600952 -0.019925 0.442336 0.896628
28.31800079 -32.44699860 366.41198730 0.060790 0.412020 0.909145
28.61800003 -32.44699860 366.39498901 -0.022467 0.424225 0.905278
25.91799927 -24.64699936 362.98498535 0.098312 0.497261 0.862013
26.21800041 -24.64699936 362.92999268 0.160848 0.441970 0.882491
25.91799927 -24.94700050 363.12600708 0.090060 0.428133 0.899217
26.21800041 -24.94700050 363.07998657 0.109071 0.457530 0.882480
25.91799927 -24.34700012 362.78201294 0.166301 0.552840 0.816525
25.31800079 -24.64699936 363.00201416 0.038520 0.413095 0.909873
25.61800003 -24.64699936 362.99899292 0.025296 0.443339 0.895997
25.31800079 -24.94700050 363.15200806 0.061032 0.421800 0.904632
25.61800003 -24.94700050 363.14001465 0.038664 0.417307 0.907943
25.31800079 -24.34700012 362.87899780 0.070434 0.454370 0.888024
25.61800003 -24.34700012 362.84298706 0.138296 0.490587 0.860348
24.71800041 -24.94700050 363.18600464 0.016972 0.408622 0.912546
25.01799965 -24.94700050 363.17999268 0.049981 0.430916 0.901007
24.71800041 -24.64699936 363.05099487 0.066333 0.412892 0.908361
25.01799965 -24.64699936 363.02398682 0.072728 0.432254 0.898814
37.82799911 -32.14699936 383.71798706 0.000978 0.999999 0.000978
37.75600052 -32.14699936 384.01800537 -0.803053 0.580395 -0.135079
27.41799927 -25.54700089 363.27099609 0.128169 0.561293 0.817632
27.11800003 -25.24699974 363.15100098 0.137649 0.482496 0.865015
43.58399963 -22.84700012 384.01800537 -0.841437 0.504260 -0.194178
43.39599991 -23.14699936 384.01800537 -0.794769 0.570327 -0.207531
26.51799965 -25.24699974 363.22299194 0.059397 0.476554 0.877136
26.81800079 -25.24699974 363.19900513 0.106118 0.465506 0.878660
26.51799965 -25.54700089 363.37701416 0.052937 0.438424 0.897208
26.81800079 -25.54700089 363.35000610 0.087651 0.443822 0.891818
27.11800003 -25.54700089 363.31799316 0.115882 0.482128 0.868403
43.62699890 -22.84700012 383.71798706 -0.851548 0.508018 -0.129552
40.88800049 -27.94700050 381.91799927 -0.830840 0.514908 -0.211128
24.11800003 -24.94700050 363.19699097 0.035781 0.412140 0.910418
40.81299973 -27.94700050 382.21798706 -0.845972 0.494360 -0.199848
24.41799927 -24.94700050 363.19100952 0.016765 0.380437 0.924655
43.45500183 -23.14699936 383.71798706 -0.838065 0.531989 -0.120973
24.11800003 -24.64699936 363.07101440 0.027666 0.407083 0.912972
24.41799927 -24.64699936 363.06698608 0.030452 0.414409 0.909581
17.21800041 -17.27599907 384.91799927 0.498652 0.763509 -0.410366
16.01799965 -16.70999908 384.31799316 0.549229 0.756608 -0.354812
40.47399902 -28.54700089 381.91799927 -0.815997 0.556430 -0.156636
23.51799965 -24.94700050 363.22900391 0.039057 0.448488 0.892935
23.81800079 -24.94700050 363.21398926 0.046989 0.420212 0.906208
40.70600128 -28.24699974 381.91799927 -0.808357 0.560562 -0.179803
23.51799965 -24.64699936 363.08300781 0.014361 0.408639 0.912583
40.45199966 -28.54700089 382.21798706 -0.812341 0.566715 -0.137610
23.81800079 -24.64699936 363.08499146 0.019471 0.390709 0.920308
40.63800049 -28.24699974 382.21798706 -0.838007 0.504623 -0.207607
22.91799927 -25.54700089 363.54000854 0.052608 0.427610 0.902431
23.21800041 -25.54700089 363.52301025 0.060952 0.418537 0.906152
22.91799927 -25.24699974 363.39999390 0.027780 0.421998 0.906171
23.21800041 -25.24699974 363.39401245 0.022442 0.426389 0.904262
22.91799927 -24.94700050 363.26000977 0.067105 0.436869 0.897019
23.21800041 -24.94700050 363.23999023 0.047465 0.446167 0.893690
22.91799927 -24.64699936 363.10699463 0.072059 0.409241 0.909576
23.21800041 -24.64699936 363.09399414 0.035867 0.413136 0.909963
22.31800079 -25.54700089 363.58599854 0.060803 0.417512 0.906635
22.61800003 -25.54700089 363.55801392 0.069564 0.426932 0.901604
22.31800079 -25.24699974 363.44601440 0.052870 0.435164 0.898797
22.61800003 -25.24699974 363.41198730 0.069198 0.413833 0.907719
21.71800041 -25.54700089 363.60699463 0.027851 0.428376 0.903171
22.01799965 -25.54700089 363.59799194 0.030724 0.436821 0.899023
21.71800041 -25.24699974 363.45498657 0.036237 0.444234 0.895178
22.01799965 -25.24699974 363.44799805 0.014509 0.439235 0.898255
43.75400162 -22.54700089 384.01800537 -0.862705 0.441207 -0.247137
43.81299973 -22.54700089 383.71798706 -0.845746 0.513331 -0.145615
21.41799927 -25.54700089 363.61599731 0.040939 0.394864 0.917827
21.11800003 -25.24699974 363.47601318 0.030873 0.455036 0.889938
21.41799927 -25.24699974 363.47198486 0.030837 0.446465 0.894270
21.11800003 -25.54700089 363.63299561 0.030339 0.410231 0.911477
21.11800003 -24.94700050 363.32501221 0.038770 0.429143 0.902404
20.51799965 -25.24699974 363.50299072 0.035961 0.419547 0.907021
20.81800079 -25.24699974 363.49200439 0.039009 0.439865 0.897216
20.51799965 -25.54700089 363.63699341 0.022238 0.404217 0.914393
20.81800079 -25.54700089 363.63598633 0.006458 0.401691 0.915752
38.97900009 -31.54700089 380.71798706 -0.809874 0.538373 -0.232935
38.89500046 -31.54700089 381.01800537 -0.831369 0.515236 -0.208222
39.08800125 -31.24699974 381.01800537 -0.821877 0.476154 -0.312722
39.20000076 -31.24699974 380.71798706 -0.831350 0.506771 -0.228124
19.91799927 -25.24699974 363.52200317 0.052109 0.399503 0.915250
20.21800041 -25.24699974 363.51599121 0.027666 0.407083 0.912972
19.91799927 -25.54700089 363.64898682 0.038088 0.382190 0.923298
20.21800041 -25.54700089 363.65100098 0.019444 0.387578 0.921632
19.31800079 -25.24699974 363.57299805 0.022321 0.408351 0.912552
19.61800003 -25.24699974 363.54998779 0.077445 0.403531 0.911682
19.31800079 -25.54700089 363.69198608 0.016548 0.352609 0.935624
19.61800003 -25.54700089 363.67599487 0.065414 0.380471 0.922476
18.71800041 -25.24699974 363.55099487 -0.025039 0.412481 0.910622
19.01799965 -25.24699974 363.56500244 -0.032911 0.396246 0.917554
18.71800041 -25.54700089 363.67898560 -0.019280 0.368883 0.929276
19.01799965 -25.54700089 363.68600464 -0.021611 0.341969 0.939463
18.71800041 -26.14699936 363.91500854 -0.014289 0.401391 0.915795
18.71800041 -25.84700012 363.78900146 -0.001266 0.365926 0.930643
19.01799965 -25.84700012 363.78298950 -0.016646 0.364928 0.930887
19.31800079 -25.84700012 363.79901123 -0.021806 0.360440 0.932527
19.61800003 -25.84700012 363.79699707 0.043481 0.380787 0.923640
18.11800003 -26.14699936 363.91101074 -0.016972 0.408622 0.912546
18.41799927 -26.14699936 363.91101074 -0.006490 0.408898 0.912557
18.11800003 -25.84700012 363.78100586 -0.006406 0.383061 0.923701
18.41799927 -25.84700012 363.78298950 -0.011514 0.367171 0.930082
30.11800003 -29.74699974 365.16900635 0.053003 0.447129 0.892898
30.41799927 -29.74699974 365.15499878 0.020043 0.458313 0.888565
18.11800003 -25.24699974 363.54299927 0.001270 0.372047 0.928213
18.41799927 -25.24699974 363.54800415 -0.011563 0.376455 0.926363
18.11800003 -25.54700089 363.66299438 -0.011503 0.369382 0.929206
18.41799927 -25.54700089 363.67401123 -0.024523 0.365263 0.930581
37.85499954 -33.64699936 379.81799316 -0.852258 0.461957 -0.245462
37.72399902 -33.94699860 379.81799316 -0.979613 0.116767 -0.163474
37.77199936 -33.94699860 379.51800537 -0.902930 0.381173 -0.198558
37.78799820 -34.24700165 379.81799316 -0.988727 -0.113768 0.097348
37.71300125 -34.24700165 379.51800537 -0.988176 0.104824 0.111891
37.88999939 -33.34700012 380.41799927 -0.871205 0.459843 -0.171890
17.51799965 -26.14699936 363.90798950 0.074559 0.402617 0.912327
17.81800079 -26.14699936 363.89999390 -0.003910 0.423596 0.905843
17.51799965 -25.84700012 363.78698730 0.011497 0.364086 0.931294
17.81800079 -25.84700012 363.77899170 0.008900 0.362371 0.931992
17.51799965 -15.87600040 388.51800537 0.561786 0.761388 -0.323550
16.91799927 -25.84700012 363.79400635 0.047631 0.461343 0.885942
17.21800041 -25.84700012 363.78698730 0.027955 0.437964 0.898558
21.41799927 -24.94700050 363.31698608 0.025172 0.430569 0.902207
21.11800003 -24.64699936 363.19100952 0.032866 0.393072 0.918920
21.41799927 -24.64699936 363.18499756 0.027413 0.390303 0.920278
21.11800003 -20.74699974 361.45901489 0.057578 0.400365 0.914545
21.41799927 -20.74699974 361.43701172 0.069382 0.420376 0.904693
21.11800003 -20.44700050 361.33401489 0.052109 0.399503 0.915250
21.41799927 -20.44700050 361.30700684 0.082908 0.395514 0.914710
20.51799965 -20.74699974 361.50100708 0.041318 0.411842 0.910318
20.81800079 -20.74699974 361.47500610 0.063309 0.405449 0.911923
20.51799965 -20.44700050 361.35101318 0.033352 0.433574 0.900500
20.81800079 -20.44700050 361.34201050 0.025296 0.443339 0.895997
19.91799927 -20.74699974 361.51800537 0.021985 0.373752 0.927268
20.21800041 -20.74699974 361.50299072 0.025104 0.418842 0.907712
19.91799927 -20.44700050 361.39801025 0.049667 0.420158 0.906091
20.21800041 -20.44700050 361.36401367 0.069554 0.421413 0.904198
19.31800079 -20.74699974 361.53799438 -0.014454 0.424423 0.905349
19.61800003 -20.74699974 361.51800537 0.030207 0.395324 0.918045
16.01799965 -24.64699936 363.31298828 0.037813 0.366399 0.929689
19.31800079 -20.44700050 361.38699341 -0.009178 0.428745 0.903379
19.61800003 -20.44700050 361.39700317 -0.017016 0.414926 0.909696
19.01799965 -20.74699974 361.50799561 0.003906 0.425731 0.904841
18.71800041 -20.44700050 361.42999268 0.292379 0.174329 0.940279
19.01799965 -20.44700050 361.39099121 0.067841 0.368470 0.927161
17.91900063 -20.74699974 362.11801147 0.811017 -0.457292 0.364878
18.11400032 -20.44700050 362.11801147 0.825450 -0.503323 0.255533
17.83799934 -20.74699974 362.41799927 0.848145 -0.482279 0.219218
18.00900078 -20.44700050 362.41799927 0.825772 -0.507811 0.245416
37.96200180 -33.64699936 379.51800537 -0.804198 0.535611 -0.257656
38.27500153 -33.04700089 379.81799316 -0.810292 0.550877 -0.199903
38.04800034 -33.34700012 379.81799316 -0.784991 0.551231 -0.282723
38.33599854 -33.04700089 379.51800537 -0.863128 0.477882 -0.163215
38.17100143 -33.34700012 379.51800537 -0.825280 0.514840 -0.232062
38.38899994 -33.04700089 379.21798706 -0.849764 0.500991 -0.164041
38.21699905 -33.34700012 379.21798706 -0.864636 0.490199 -0.110045
38.45199966 -33.04700089 378.91799927 -0.804214 0.556056 -0.209861
38.24700165 -33.34700012 378.91799927 -0.843667 0.502004 -0.190312
38.77500153 -32.44699860 379.21798706 -0.813725 0.546032 -0.199249
38.57099915 -32.74700165 379.21798706 -0.821525 0.527795 -0.215708
38.83200073 -32.44699860 378.91799927 -0.822858 0.535990 -0.188729
38.66099930 -32.74700165 378.91799927 -0.824607 0.521690 -0.218773
16.61800003 -25.84700012 363.81900024 0.198034 0.521539 0.829927
38.91199875 -32.44699860 378.61801147 -0.824406 0.513135 -0.238847
38.72999954 -32.74700165 378.61801147 -0.830634 0.509394 -0.224868
39.00600052 -32.44699860 378.31799316 -0.841806 0.497225 -0.210074
38.82400131 -32.74700165 378.31799316 -0.829904 0.512003 -0.221613
39.10400009 -32.14699936 378.61801147 -0.827112 0.532894 -0.178632
39.58300018 -31.84700012 377.41799927 -0.810194 0.555778 -0.186269
39.40599823 -32.14699936 377.41799927 -0.836471 0.509748 -0.201177
39.65700150 -31.84700012 377.11801147 -0.829280 0.520006 -0.204667
39.46900177 -32.14699936 377.11801147 -0.834070 0.517335 -0.191550
40.48199844 -30.64699936 376.81799316 -0.837828 0.488605 -0.243537
40.54700089 -30.64699936 376.51800537 -0.857591 0.475777 -0.195382
40.37699890 -30.94700050 376.51800537 -0.836958 0.521798 -0.165013
40.78099823 -30.34700012 376.21798706 -0.836724 0.506876 -0.207290
40.85699844 -30.34700012 375.91799927 -0.808881 0.543876 -0.223405
40.98099899 -30.04700089 376.21798706 -0.813875 0.542074 -0.209195
41.07099915 -30.04700089 375.91799927 -0.818077 0.541843 -0.192757
41.12300110 -30.04700089 375.61801147 -0.849645 0.505075 -0.151670
40.94699860 -30.34700012 375.61801147 -0.839651 0.496503 -0.220162
41.17800140 -30.04700089 375.31799316 -0.841068 0.499809 -0.206870
41.01399994 -30.34700012 375.31799316 -0.838651 0.493414 -0.230667
41.48600006 -29.44700050 375.61801147 -0.829594 0.524352 -0.191910
41.30400085 -29.74699974 375.61801147 -0.843442 0.511402 -0.164538
41.37099838 -29.74699974 375.31799316 -0.816831 0.530710 -0.226128
41.56700134 -29.44700050 375.31799316 -0.825583 0.520377 -0.218222
19.01499939 -11.14700031 381.91799927 0.827328 -0.527856 0.192085
19.17799950 -10.84700012 381.91799927 0.864066 -0.466862 0.188227
18.91900063 -11.14700031 382.21798706 0.809104 -0.540944 0.229631
19.11000061 -10.84700012 382.21798706 0.845790 -0.498492 0.190116
16.31800079 -25.25000000 365.71798706 0.586369 0.747018 -0.313266
16.61800003 -25.47500038 365.71798706 0.554988 0.755625 -0.347879
16.86199951 -25.54700089 366.01800537 0.592543 0.710724 -0.379162
16.61800003 -25.32900047 366.01800537 0.587052 0.730157 -0.349630
16.31800079 -25.10899925 366.01800537 0.572855 0.732797 -0.367214
42.34600067 -28.84700012 373.81799316 -0.836064 0.523099 -0.165424
42.14500046 -29.14699936 373.81799316 -0.809915 0.546578 -0.212813
42.38999939 -28.84700012 373.51800537 -0.838255 0.519629 -0.165269
33.11800003 -28.54700089 364.38900757 0.189938 0.563737 0.803819
42.21099854 -29.14699936 373.51800537 -0.847052 0.496237 -0.190399
42.69300079 -28.24699974 373.81799316 -0.811201 0.557418 -0.176742
42.52099991 -28.54700089 373.81799316 -0.852238 0.492305 -0.176992
42.58200073 -28.54700089 373.51800537 -0.828604 0.514253 -0.221266
17.09000015 -14.14700031 384.91799927 -0.076492 -0.992111 0.099325
16.91799927 -14.06900024 384.91799927 -0.146826 -0.956353 0.252647
17.21800041 -14.14700031 385.02200317 0.074217 -0.946587 0.313793
16.91799927 -13.91899967 385.21798706 0.187938 -0.950504 0.247429
17.21800041 -13.98700047 385.21798706 -0.103817 -0.796904 0.595119
16.31800079 -24.95100021 366.31799316 0.557619 0.763312 -0.326215
16.61800003 -25.18799973 366.31799316 0.579597 0.747503 -0.324510
16.61800003 -25.06999969 366.61801147 0.535058 0.793906 -0.288837
16.91799927 -25.41600037 366.31799316 0.547506 0.731652 -0.406108
16.91799927 -25.25699997 366.61801147 0.533213 0.763353 -0.364659
17.21800041 -25.48999977 366.61801147 0.550651 0.734749 -0.396140
17.21800041 -25.31500053 366.91799927 0.504209 0.776580 -0.377752
16.91799927 -25.12999916 366.91799927 0.462921 0.802502 -0.376423
16.91799927 -24.97500038 367.21798706 0.502240 0.806435 -0.312117
17.21800041 -25.19799995 367.21798706 0.526119 0.793152 -0.306770
16.91799927 -24.50300026 368.41799927 0.999999 0.000978 0.000978
17.21800041 -24.75399971 368.41799927 0.615952 0.770319 -0.164960
16.91799927 -24.57999992 368.11801147 0.555587 0.790342 -0.258231
17.21800041 -24.80200005 368.11801147 0.612107 0.760873 -0.215400
17.38400078 -24.94700050 368.11801147 0.580392 0.767003 -0.273591
17.21800041 -25.08399963 367.51800537 0.537654 0.766925 -0.350363
17.24799919 -24.94700050 367.81799316 0.539658 0.771631 -0.336682
16.91799927 -24.69799995 367.81799316 0.572588 0.723528 -0.385553
16.91799927 -24.89800072 367.51800537 0.573527 0.742499 -0.346066
