36.50199890 -39.34700012 271.51800537 0.837386 -0.495720 0.230319
36.67900085 -39.04700089 271.51800537 0.847179 -0.479105 0.229666
36.39699936 -39.34700012 271.81799316 0.835081 -0.502270 0.224419
36.57600021 -39.04700089 271.81799316 0.839650 -0.500764 0.210291
49.29700089 -40.84700012 271.51800537 -0.887313 -0.435747 0.151001
49.21900177 -44.44699860 274.81799316 -0.838554 0.511533 -0.187512
49.03799820 -44.74700165 274.81799316 -0.836592 0.511000 -0.197466
49.29399872 -44.44699860 274.51800537 -0.839428 0.503657 -0.204185
49.11399841 -44.74700165 274.51800537 -0.851473 0.480743 -0.209477
46.01800156 -47.92800140 278.11801147 -0.304066 0.834234 -0.459998
45.71799850 -48.00099945 278.11801147 -0.126297 0.892592 -0.432815
36.83200073 -38.74700165 271.51800537 0.833800 -0.504548 0.224074
37.02600098 -38.44699860 271.51800537 0.814392 -0.542419 0.206272
36.75099945 -38.74700165 271.81799316 0.839023 -0.511819 0.184615
36.95299911 -38.44699860 271.81799316 0.817880 -0.546759 0.179241
36.71400070 -38.74700165 272.11801147 0.832060 -0.526222 0.175407
36.65499878 -38.74700165 272.41799927 0.828481 -0.522534 0.201440
36.90000153 -38.44699860 272.11801147 0.822532 -0.539834 0.178942
36.83599854 -38.44699860 272.41799927 0.821613 -0.533061 0.201986
37.11199951 -38.14699936 272.11801147 0.831938 -0.522030 0.188051
37.28099823 -37.84700012 272.11801147 0.840139 -0.492495 0.227188
37.02399826 -38.14699936 272.41799927 0.838754 -0.502039 0.210826
37.18600082 -37.84700012 272.41799927 0.844418 -0.485350 0.226700
48.97999954 -40.24700165 271.21798706 -0.886225 -0.462553 0.025474
49.44599915 -41.14699936 271.51800537 -0.904283 -0.392856 0.167142
49.13000107 -40.54700089 271.21798706 -0.915944 -0.387038 0.106057
48.97499847 -40.24700165 270.91799927 -0.886406 -0.435250 0.157615
49.09500122 -40.54700089 270.91799927 -0.901379 -0.393722 0.180276
49.48899841 -41.14699936 271.81799316 -0.895379 -0.410923 0.171578
49.38100052 -40.84700012 271.81799316 -0.878980 -0.447507 0.164718
36.95399857 -38.14699936 272.71798706 0.841803 -0.492948 0.219931
37.09400177 -37.84700012 272.71798706 0.840382 -0.498172 0.213502
36.88000107 -38.14699936 273.01800537 0.843667 -0.502004 0.190312
37.02399826 -37.84700012 273.01800537 0.834698 -0.520000 0.181326
44.81800079 -37.06200027 268.21798706 -0.110725 -0.852727 0.510486
44.51800156 -37.05500031 268.21798706 -0.087863 -0.885605 0.456052
48.81200027 -39.94699860 271.21798706 -0.799572 -0.595731 -0.076081
48.81499863 -39.94699860 270.91799927 -0.857070 -0.505085 0.101589
48.41799927 -39.45999908 271.21798706 -0.773367 -0.585884 -0.242165
48.59299850 -39.64699936 271.21798706 -0.727543 -0.656487 -0.199263
48.66400146 -39.64699936 270.91799927 -0.830951 -0.554433 -0.046086
46.91799927 -37.17900085 268.81799316 -0.595736 -0.769946 0.228651
47.22499847 -37.54700089 268.81799316 -0.833411 -0.525184 0.172069
46.91799927 -37.23699951 268.51800537 -0.546426 -0.815855 0.189206
47.18000031 -37.54700089 268.51800537 -0.856363 -0.472424 0.208467
46.61800003 -37.03599930 268.81799316 -0.357010 -0.904910 0.231692
46.61800003 -37.08800125 268.51800537 -0.242503 -0.919790 0.308510
46.31800079 -37.06000137 268.51800537 -0.159062 -0.916364 0.367390
46.31800079 -36.93899918 268.81799316 -0.216343 -0.904573 0.367347
48.57500076 -39.64699936 270.61801147 -0.869655 -0.485027 0.091915
48.69800186 -39.94699860 270.61801147 -0.877293 -0.436427 0.199721
48.54000092 -39.64699936 270.31799316 -0.900241 -0.398987 0.174287
48.62300110 -39.94699860 270.31799316 -0.895295 -0.388303 0.218329
48.11800003 -38.85300064 271.21798706 -0.947069 0.042177 -0.318246
48.11800003 -39.14799881 271.21798706 -0.760211 -0.274565 -0.588807
48.11800003 -39.04700089 271.13101196 -0.869887 -0.210384 -0.446134
48.31999969 -39.04700089 270.91799927 -0.914048 -0.303714 -0.268838
35.72299957 -42.94699860 276.31799316 0.898983 0.405761 -0.164885
48.45500183 -39.34700012 270.91799927 -0.860633 -0.502857 -0.080288
34.95100021 -41.74700165 275.11801147 0.929535 0.333857 -0.156539
35.02099991 -41.74700165 275.41799927 0.909570 0.384545 -0.157507
34.85300064 -41.44699860 275.11801147 0.958802 0.268979 -0.091376
34.85800171 -41.44699860 275.41799927 0.940403 0.312566 -0.133957
37.55300140 -36.94699860 273.31799316 0.832037 -0.516803 0.201568
37.76499939 -36.64699936 273.31799316 0.829908 -0.504694 0.237774
37.49000168 -36.94699860 273.61801147 0.832803 -0.498455 0.240792
37.62400055 -36.64699936 273.61801147 0.837222 -0.475096 0.270820
37.68199921 -36.94699860 272.71798706 0.821108 -0.540877 0.182301
37.90000153 -36.64699936 272.71798706 0.820654 -0.543589 0.176177
37.62699890 -36.94699860 273.01800537 0.819740 -0.545992 0.172973
37.83399963 -36.64699936 273.01800537 0.824034 -0.525493 0.211720
37.82799911 -47.44699860 276.61801147 0.879767 0.431778 -0.198942
37.77000046 -47.44699860 276.31799316 0.872868 0.450465 -0.187571
37.89199829 -48.64699936 274.21798706 0.817456 0.501727 -0.282905
37.80400085 -48.64699936 273.91799927 0.811711 0.510263 -0.284177
39.71799850 -36.36999893 269.11801147 -0.019298 -0.930155 0.366659
40.01800156 -36.26399994 269.41799927 -0.029825 -0.929753 0.366974
39.71799850 -36.24700165 269.41799927 -0.024665 -0.925575 0.377759
40.01800156 -36.33599854 269.11801147 -0.016573 -0.934460 0.355681
36.69300079 -39.34700012 270.61801147 0.820418 -0.538352 0.192593
38.41699982 -36.34700012 271.21798706 0.844935 -0.499757 0.190598
38.47900009 -36.34700012 270.91799927 0.833601 -0.511700 0.208021
38.45800018 -36.04700089 271.81799316 0.841437 -0.504260 0.194178
38.28400040 -36.34700012 271.81799316 0.843584 -0.500737 0.193979
38.36000061 -36.34700012 271.51800537 0.844144 -0.502288 0.187421
40.31800079 -36.79199982 268.21798706 0.014935 -0.854025 0.520018
40.61800003 -36.94699860 268.08300781 -0.048664 -0.846759 0.529746
40.31800079 -36.94699860 268.07598877 0.014935 -0.854025 0.520018
34.86199951 -40.54700089 275.11801147 0.944432 -0.261809 0.198756
34.80599976 -40.54700089 275.41799927 0.961183 -0.239315 0.137312
35.00600052 -40.24700165 275.11801147 0.871766 -0.447021 0.200491
47.20299911 -35.44699860 273.01800537 -0.723237 -0.527947 0.445196
47.34199905 -35.74700165 273.01800537 -0.817009 -0.507702 0.273378
46.95199966 -35.44699860 272.71798706 -0.598526 -0.756448 0.263730
47.23600006 -35.74700165 272.71798706 -0.798883 -0.527862 0.288354
50.42900085 -42.94699860 273.31799316 -0.992530 0.115515 -0.039253
38.51800156 -47.42200089 278.11801147 0.392527 0.786669 -0.476524
38.81800079 -47.52600098 278.11801147 0.132501 0.932974 -0.334669
44.81800079 -48.30400085 277.21798706 0.057657 0.913119 -0.403596
44.51800156 -48.29299927 277.21798706 0.052335 0.908474 -0.414651
50.42699814 -42.64699936 273.31799316 -0.993971 -0.075250 0.079742
45.71799850 -48.37400055 277.21798706 -0.043801 0.914515 -0.402174
46.01800156 -48.42900085 276.91799927 -0.379236 0.855989 -0.351373
45.71799850 -48.52999878 276.91799927 -0.123350 0.891809 -0.435271
50.38100052 -42.94699860 273.61801147 -0.965014 0.239652 -0.106369
50.43399811 -42.64699936 273.61801147 -0.999494 0.023481 0.021440
46.31800079 -49.12300110 274.81799316 -0.703784 0.655908 -0.272896
46.65700150 -48.64699936 274.81799316 -0.816244 0.538569 -0.209020
46.45700073 -48.94699860 274.81799316 -0.737718 0.630757 -0.240663
46.70199966 -48.64699936 274.51800537 -0.829280 0.520006 -0.204667
46.50600052 -48.94699860 274.51800537 -0.805060 0.553575 -0.213149
46.79199982 -48.64699936 274.21798706 -0.819194 0.531328 -0.215900
46.61999893 -48.94699860 274.21798706 -0.823052 0.526815 -0.212253
46.84700012 -48.64699936 273.91799927 -0.805895 0.551078 -0.216440
46.67300034 -48.94699860 273.91799927 -0.827527 0.523848 -0.201947
47.14899826 -48.04700089 274.21798706 -0.822744 0.502356 -0.265953
46.97900009 -48.34700012 274.21798706 -0.816838 0.523456 -0.242426
47.27600098 -48.04700089 273.91799927 -0.818736 0.506837 -0.269793
47.08900070 -48.34700012 273.91799927 -0.798811 0.549669 -0.244470
48.07400131 -37.84700012 272.11801147 -0.922730 -0.304715 0.236047
47.81800079 -38.58800125 271.81799316 -0.767741 0.577784 0.277020
47.51800156 -38.69300079 271.81799316 -0.339240 0.807486 0.482580
48.02799988 -38.44699860 271.51800537 -0.958561 0.121618 -0.257622
47.81800079 -39.04100037 271.21798706 -0.681495 -0.169230 -0.711987
47.81800079 -39.06499863 271.21798706 -0.681495 -0.169230 -0.711987
48.11800003 -38.52299881 271.21798706 -0.989873 -0.042147 -0.135552
48.16699982 -38.74700165 271.21798706 -0.935084 0.064443 -0.348519
48.19699860 -38.74700165 270.91799927 -0.947931 -0.233232 -0.216865
35.96400070 -39.94699860 272.11801147 0.832662 -0.518336 0.194943
35.90299988 -39.94699860 272.41799927 0.823240 -0.528030 0.208473
36.08900070 -39.64699936 272.41799927 0.831369 -0.515236 0.208222
48.65299988 -40.24700165 269.71798706 -0.900993 -0.346536 0.261008
37.20999908 -45.64699936 277.51800537 0.897224 0.394081 -0.199222
37.35499954 -45.94699860 277.51800537 0.888905 0.420448 -0.181855
37.16400146 -45.64699936 277.21798706 0.890628 0.406432 -0.203949
37.29999924 -45.94699860 277.21798706 0.893929 0.399415 -0.203365
37.07799911 -45.64699936 276.91799927 0.891217 0.408292 -0.197560
37.22600174 -45.94699860 276.91799927 0.888950 0.409945 -0.204238
37.19200134 -46.84700012 274.81799316 0.911076 0.355507 -0.208698
37.12599945 -46.84700012 274.51800537 0.902659 0.373564 -0.213673
37.25400162 -47.14699936 274.51800537 0.897455 0.385042 -0.215214
37.00299835 -46.24700165 274.81799316 0.944882 -0.001245 -0.327410
37.06499863 -46.54700089 274.81799316 0.947568 0.186251 -0.259664
36.89500046 -46.24700165 274.51800537 0.904454 0.198256 -0.377700
37.00600052 -46.54700089 274.51800537 0.900518 0.356975 -0.248267
36.78699875 -46.24700165 274.21798706 0.886332 0.384127 -0.258576
36.93099976 -46.54700089 274.21798706 0.893342 0.379486 -0.240686
36.84400177 -46.54700089 273.91799927 0.897455 0.385042 -0.215214
37.05799866 -46.84700012 274.21798706 0.896312 0.385810 -0.218577
37.18399811 -47.14699936 274.21798706 0.895865 0.388550 -0.215535
36.97000122 -46.84700012 273.91799927 0.894374 0.393759 -0.212249
37.09099960 -47.14699936 273.91799927 0.895553 0.395913 -0.203070
36.74800110 -46.54700089 273.61801147 0.887761 0.407810 -0.213475
36.73300171 -46.54700089 273.31799316 0.880828 0.409861 -0.236974
36.91799927 -46.84700012 273.61801147 0.895507 0.392971 -0.208903
37.03900146 -47.14699936 273.61801147 0.893541 0.390096 -0.222281
36.86399841 -46.84700012 273.31799316 0.880906 0.397683 -0.256618
36.99399948 -47.14699936 273.31799316 0.879538 0.392409 -0.269124
43.31800079 -35.01499939 272.71798706 -0.052937 -0.897208 0.438424
43.61800003 -35.02000046 272.71798706 -0.033268 -0.903562 0.427163
42.71799850 -34.96699905 272.71798706 -0.076295 -0.883629 0.461929
43.01800156 -35.01399994 272.71798706 -0.072635 -0.900400 0.428958
42.71799850 -34.84700012 272.88198853 -0.076295 -0.883629 0.461929
49.33700180 -43.84700012 275.71798706 -0.826964 0.510907 -0.234741
43.91799927 -35.00999832 272.71798706 -0.028444 -0.876347 0.480840
44.21799850 -35.04899979 272.71798706 -0.070593 -0.881718 0.466466
43.91799927 -35.32300186 272.11801147 -0.062691 -0.921695 0.382817
44.21799850 -35.34600067 272.11801147 -0.065670 -0.920727 0.384641
43.91799927 -35.20999908 272.41799927 -0.055072 -0.909353 0.412365
44.21799850 -35.19100189 272.41799927 -0.058195 -0.902702 0.426313
44.51800156 -35.36000061 272.11801147 -0.080208 -0.914913 0.395601
44.81800079 -35.36800003 272.11801147 -0.065765 -0.919362 0.387877
44.51800156 -35.22600174 272.41799927 -0.072362 -0.902478 0.424615
44.81800079 -35.26499939 272.41799927 -0.092065 -0.908280 0.408108
44.51800156 -35.61399841 271.51800537 -0.019497 -0.918970 0.393844
44.81800079 -35.63499832 271.51800537 -0.048837 -0.925260 0.376176
44.51800156 -35.50400162 271.81799316 -0.079633 -0.921853 0.379269
44.81800079 -35.51900101 271.81799316 -0.073387 -0.927347 0.366936
45.11800003 -35.63700104 271.51800537 -0.064997 -0.929860 0.362128
45.41799927 -35.66299820 271.51800537 -0.071151 -0.922279 0.379920
45.11800003 -35.52899933 271.81799316 -0.056677 -0.929239 0.365105
45.41799927 -35.55500031 271.81799316 -0.048788 -0.924340 0.378439
46.61800003 -36.09400177 270.91799927 -0.269344 -0.891366 0.364582
46.31800079 -36.04100037 270.91799927 -0.180482 -0.916620 0.356700
46.31800079 -35.91400146 271.21798706 -0.161398 -0.904113 0.395639
46.61800003 -35.96900177 271.21798706 -0.202473 -0.898746 0.388922
46.31800079 -36.27199936 270.31799316 -0.137761 -0.896159 0.421806
46.61800003 -36.34000015 270.31799316 -0.309106 -0.846548 0.433370
46.31800079 -36.14400101 270.61801147 -0.185430 -0.907026 0.378047
46.61800003 -36.20100021 270.61801147 -0.282872 -0.887531 0.363693
43.61800003 -49.77099991 273.61801147 0.111987 0.964116 -0.240707
43.31800079 -49.75099945 273.61801147 0.067244 0.960441 -0.270243
46.91799927 -36.34099960 270.61801147 -0.530932 -0.761489 0.371814
47.26200104 -36.94699860 270.31799316 -0.824800 -0.518752 0.224946
47.05400085 -36.64699936 270.31799316 -0.678049 -0.678049 0.283723
47.32600021 -36.94699860 270.61801147 -0.859682 -0.467966 0.204829
47.15599823 -36.64699936 270.61801147 -0.803792 -0.531161 0.267931
47.40700150 -36.94699860 270.91799927 -0.882068 -0.421088 0.211283
47.24900055 -36.64699936 270.91799927 -0.829527 -0.491514 0.265139
47.45899963 -36.94699860 271.21798706 -0.885335 -0.400261 0.236585
47.32799911 -36.64699936 271.21798706 -0.879465 -0.403026 0.253202
47.41899872 -37.24700165 270.31799316 -0.884359 -0.417819 0.208171
47.47800064 -37.24700165 270.61801147 -0.890112 -0.415191 0.187929
47.54800034 -37.54700089 270.31799316 -0.896137 -0.397797 0.196713
47.61399841 -37.54700089 270.61801147 -0.895058 -0.403140 0.190655
47.67100143 -37.54700089 270.91799927 -0.894558 -0.402915 0.193457
47.54000092 -37.24700165 270.91799927 -0.893420 -0.406630 0.190927
47.74200058 -37.54700089 271.21798706 -0.887877 -0.412386 0.203992
47.59700012 -37.24700165 271.21798706 -0.888825 -0.405351 0.213731
47.93700027 -38.14699936 270.91799927 -0.909159 -0.384372 0.160273
47.80400085 -37.84700012 270.91799927 -0.889564 -0.408877 0.203706
48.02999878 -38.14699936 271.21798706 -0.943793 -0.301096 0.136371
47.89199829 -37.84700012 271.21798706 -0.905009 -0.379613 0.191972
38.52199936 -35.44699860 273.01800537 0.836568 -0.505585 0.211040
38.59199905 -35.44699860 272.71798706 0.840722 -0.508030 0.187327
47.83300018 -38.14699936 270.31799316 -0.886761 -0.431044 0.166903
47.68099976 -37.84700012 270.31799316 -0.892851 -0.409284 0.187892
47.88600159 -38.14699936 270.61801147 -0.896019 -0.406755 0.178046
47.75400162 -37.84700012 270.61801147 -0.892327 -0.407462 0.194238
38.64899826 -35.44699860 272.41799927 0.790926 -0.571995 0.217389
38.72299957 -35.44699860 272.11801147 0.753919 -0.612853 0.236677
38.56999969 -35.74700165 272.11801147 0.851473 -0.480743 0.209477
38.87799835 -35.14699936 272.41799927 0.585691 -0.760288 0.280941
39.41799927 -35.18000031 271.81799316 0.074640 -0.913321 0.400341
39.11800003 -35.23300171 271.81799316 0.340128 -0.881309 0.328035
39.41799927 -35.27199936 271.51800537 0.057968 -0.907259 0.416557
39.11800003 -35.31999969 271.51800537 0.361855 -0.826420 0.431382
38.81299973 -35.44699860 271.81799316 0.721309 -0.645548 0.250959
38.63800049 -35.74700165 271.81799316 0.831579 -0.508102 0.224297
38.93600082 -35.44699860 271.51800537 0.530554 -0.788662 0.310685
38.72299957 -35.74700165 271.51800537 0.767787 -0.599590 0.225820
39.41799927 -35.45999908 271.21798706 0.050231 -0.894652 0.443932
39.11800003 -35.45700073 271.21798706 0.345653 -0.828621 0.440353
39.41799927 -35.61100006 270.91799927 0.120859 -0.912695 0.390361
39.11800003 -35.63999939 270.91799927 0.355339 -0.843735 0.402300
38.80199814 -35.74700165 271.21798706 0.725175 -0.639860 0.254364
48.08000183 -38.44699860 270.91799927 -0.956442 -0.288571 0.044105
48.10800171 -38.44699860 271.21798706 -0.975705 -0.216690 0.032324
38.58200073 -36.04700089 271.21798706 0.827669 -0.525047 0.198217
38.81800079 -35.82500076 270.91799927 0.627930 -0.696432 0.347400
38.65499878 -36.04700089 270.91799927 0.740607 -0.627393 0.240579
49.68600082 -41.74700165 271.51800537 -0.901446 -0.390867 0.186058
49.57899857 -41.44699860 271.51800537 -0.904525 -0.383956 0.185507
49.77700043 -41.74700165 271.81799316 -0.897741 -0.394307 0.196426
49.63499832 -41.44699860 271.81799316 -0.898250 -0.391620 0.199449
39.11800003 -35.76900101 270.61801147 0.369562 -0.882423 0.291124
39.41799927 -35.81399918 270.31799316 0.045911 -0.927407 0.371225
39.11800003 -35.88499832 270.31799316 0.408770 -0.819131 0.402408
49.83300018 -42.04700089 271.51800537 -0.897741 -0.394307 0.196426
49.90599823 -42.04700089 271.81799316 -0.892257 -0.399977 0.209512
49.96900177 -42.34700012 271.51800537 -0.897178 -0.401483 0.184074
50.03699875 -42.34700012 271.81799316 -0.897648 -0.389710 0.205802
50.10800171 -42.34700012 272.11801147 -0.901246 -0.380008 0.208204
49.97000122 -42.04700089 272.11801147 -0.893409 -0.402107 0.200323
50.17399979 -42.34700012 272.41799927 -0.908469 -0.370010 0.194363
50.04800034 -42.04700089 272.41799927 -0.894515 -0.401291 0.196998
50.34600067 -42.94699860 272.11801147 -0.959279 -0.248021 0.135165
50.24700165 -42.64699936 272.11801147 -0.922319 -0.335775 0.191264
50.39699936 -42.94699860 272.41799927 -0.983554 -0.159333 0.085058
50.30199814 -42.64699936 272.41799927 -0.938879 -0.298297 0.171830
50.22700119 -42.94699860 271.51800537 -0.927496 -0.337903 0.159913
50.09700012 -42.64699936 271.51800537 -0.909365 -0.379969 0.169350
50.29600143 -42.94699860 271.81799316 -0.937286 -0.297661 0.181365
50.15800095 -42.64699936 271.81799316 -0.908027 -0.374400 0.187917
39.41799927 -35.73899841 270.61801147 0.039995 -0.937944 0.344472
39.71799850 -35.61299896 270.91799927 0.019463 -0.922556 0.385372
40.01800156 -35.57500076 270.91799927 -0.014251 -0.918515 0.395130
39.71799850 -35.46699905 271.21798706 -0.022498 -0.901233 0.432751
40.01800156 -35.47999954 271.21798706 -0.030290 -0.915283 0.401671
40.31800079 -35.60300064 270.91799927 -0.032649 -0.923317 0.382648
40.61800003 -35.63000107 270.91799927 -0.048718 -0.925639 0.375259
40.31800079 -35.48799896 271.21798706 -0.049186 -0.918582 0.392159
40.61800003 -35.49800110 271.21798706 -0.046090 -0.925754 0.375306
34.91799927 -42.39899826 270.61801147 0.917980 -0.281899 0.279008
35.08800125 -42.04700089 270.61801147 0.835376 -0.472708 0.280525
34.93799973 -42.34700012 270.61801147 0.877715 -0.406599 0.253562
34.76599884 -42.34700012 271.21798706 0.951629 -0.257088 0.168251
34.83800125 -42.34700012 270.91799927 0.921840 -0.302501 0.242288
34.93299866 -42.04700089 271.21798706 0.877240 -0.442294 0.186616
35.01499939 -42.04700089 270.91799927 0.867324 -0.444897 0.223197
35.27099991 -41.44699860 271.21798706 0.843212 -0.496273 0.206655
35.11199951 -41.74700165 271.21798706 0.849982 -0.491466 0.189715
35.36100006 -41.44699860 270.91799927 0.832741 -0.501485 0.234640
35.17300034 -41.74700165 270.91799927 0.844241 -0.480897 0.236632
35.13399887 -41.44699860 271.81799316 0.836592 -0.511000 0.197466
34.98199844 -41.74700165 271.81799316 0.886133 -0.418819 0.198388
35.22100067 -41.44699860 271.51800537 0.845712 -0.497213 0.193778
35.05199814 -41.74700165 271.51800537 0.859400 -0.476455 0.185535
35.48300171 -40.84700012 271.81799316 0.853811 -0.487253 0.183279
35.37500000 -41.14699936 271.81799316 0.847585 -0.497788 0.183868
35.37799835 -41.14699936 271.51800537 0.851229 -0.489195 0.189993
35.36000061 -40.84700012 272.41799927 0.843584 -0.500737 0.193979
35.17599869 -41.14699936 272.41799927 0.829160 -0.514599 0.218361
35.43600082 -40.84700012 272.11801147 0.858807 -0.473464 0.195659
35.27399826 -41.14699936 272.11801147 0.834389 -0.514515 0.197658
47.72299957 -38.74700165 268.81799316 -0.869601 -0.277726 0.408242
47.58599854 -38.44699860 268.81799316 -0.877308 -0.282369 0.388069
47.41899872 -38.44699860 268.51800537 -0.847294 -0.219781 0.483518
38.10100174 -36.64699936 271.81799316 0.828983 -0.522850 0.198532
38.16500092 -36.64699936 271.51800537 0.832406 -0.522323 0.185146
37.97999954 -36.94699860 271.51800537 0.849150 -0.492717 0.190198
47.31499863 -38.14699936 268.51800537 -0.874781 -0.216087 0.433665
47.33599854 -37.84700012 268.51800537 -0.918006 -0.257964 0.301198
47.48600006 -38.14699936 268.81799316 -0.882068 -0.319239 0.346473
47.41199875 -37.84700012 268.81799316 -0.899297 -0.357658 0.251685
37.94400024 -36.64699936 272.41799927 0.821989 -0.538441 0.185513
38.03900146 -36.64699936 272.11801147 0.824559 -0.531046 0.195171
37.74300003 -36.94699860 272.41799927 0.823921 -0.529555 0.201807
37.83300018 -36.94699860 272.11801147 0.834563 -0.506211 0.217382
47.47800064 -37.84700012 269.11801147 -0.880189 -0.437898 0.183068
47.49900055 -37.84700012 269.41799927 -0.885580 -0.439190 0.151197
47.62099838 -38.14699936 269.11801147 -0.900828 -0.372303 0.223382
47.67900085 -38.14699936 269.41799927 -0.896126 -0.402313 0.187359
47.28900146 -37.54700089 269.11801147 -0.812738 -0.557349 0.169759
47.06000137 -37.24700165 269.11801147 -0.700848 -0.672499 0.237816
47.35100174 -37.54700089 269.41799927 -0.840368 -0.510812 0.181256
47.15000153 -37.24700165 269.41799927 -0.815884 -0.521732 0.249255
47.41600037 -37.54700089 269.71798706 -0.869956 -0.452022 0.197111
47.24599838 -37.24700165 269.71798706 -0.834714 -0.490375 0.250568
47.47800064 -37.54700089 270.01800537 -0.887327 -0.415064 0.200932
47.34799957 -37.24700165 270.01800537 -0.874320 -0.424413 0.235452
45.11800003 -35.15999985 272.71798706 -0.078278 -0.899505 0.429840
45.41799927 -35.15499878 272.71798706 -0.043681 -0.917306 0.395779
47.09099960 -36.94699860 269.71798706 -0.685495 -0.659689 0.308070
46.91799927 -36.76699829 269.71798706 -0.538506 -0.748016 0.387921
47.19200134 -36.94699860 270.01800537 -0.806549 -0.540279 0.239952
46.91799927 -36.65399933 270.01800537 -0.533362 -0.788102 0.307280
37.69800186 -46.84700012 277.21798706 0.888315 0.408065 -0.210662
37.85400009 -47.14699936 277.21798706 0.866779 0.435651 -0.242698
37.63600159 -46.84700012 276.91799927 0.893409 0.402107 -0.200323
37.76399994 -47.14699936 276.91799927 0.892257 0.399977 -0.209512
37.84700012 -46.84700012 277.81799316 0.852021 0.439107 -0.285034
37.77799988 -46.84700012 277.51800537 0.874602 0.429078 -0.225752
38.02099991 -47.14699936 277.81799316 0.725870 0.606238 -0.324944
37.91899872 -47.14699936 277.51800537 0.842492 0.462211 -0.276708
38.21799850 -47.42100143 277.81799316 0.550405 0.743128 -0.380547
38.13499832 -47.44699860 277.51800537 0.699671 0.627910 -0.340865
37.99300003 -47.44699860 277.21798706 0.820486 0.498543 -0.279747
38.21799850 -47.73699951 277.21798706 0.559893 0.742716 -0.367277
38.06900024 -47.74700165 276.91799927 0.689558 0.673633 -0.265950
49.03599930 -44.14699936 276.31799316 -0.835626 0.521706 -0.171909
49.22499847 -43.84700012 276.31799316 -0.836465 0.530692 -0.136716
48.99599838 -44.14699936 276.61801147 -0.833195 0.537403 -0.130324
49.21099854 -43.84700012 276.61801147 -0.830708 0.546557 -0.105832
37.36500168 -48.04700089 273.01800537 0.895019 0.426943 -0.129076
44.81800079 -35.13499832 272.71798706 -0.095264 -0.907075 0.410048
44.51800156 -35.05199814 272.71798706 -0.114099 -0.891663 0.438084
43.61800003 -35.17900085 272.41799927 -0.052323 -0.910948 0.409189
43.31800079 -35.14699936 272.41799927 -0.063025 -0.918562 0.390221
43.61800003 -35.28799820 272.11801147 -0.065765 -0.919362 0.387877
43.31800079 -35.27000046 272.11801147 -0.046563 -0.913969 0.403104
43.01800156 -35.25299835 272.11801147 -0.025039 -0.910622 0.412481
42.71799850 -35.26399994 272.11801147 -0.036008 -0.905527 0.422757
42.41799927 -35.36500168 271.81799316 -0.077445 -0.911682 0.403531
42.11800003 -35.33200073 271.81799316 -0.080208 -0.914913 0.395601
42.41799927 -35.50799942 271.51800537 -0.100615 -0.874360 0.474733
42.11800003 -35.47900009 271.51800537 -0.114388 -0.888274 0.444843
43.01800156 -35.40999985 271.81799316 -0.054116 -0.858918 0.509246
42.71799850 -35.39599991 271.81799316 -0.056315 -0.883186 0.465630
43.01800156 -35.56299973 271.51800537 -0.067802 -0.714082 0.696771
42.71799850 -35.53300095 271.51800537 -0.132311 -0.780487 0.611010
41.21799850 -35.52299881 271.21798706 -0.037777 -0.928799 0.368654
40.91799927 -35.51300049 271.21798706 -0.032416 -0.929678 0.366944
41.21799850 -35.64699936 270.91799927 -0.065603 -0.919776 0.386922
40.91799927 -35.64099884 270.91799927 -0.043293 -0.927516 0.371269
36.20800018 -40.24700165 270.31799316 0.851181 -0.444831 0.278596
36.13800049 -40.24700165 270.61801147 0.860155 -0.459453 0.221441
41.21799850 -35.77399826 270.61801147 -0.074431 -0.916175 0.393806
40.91799927 -35.76800156 270.61801147 -0.040751 -0.924128 0.379905
41.21799850 -35.89899826 270.31799316 -0.071881 -0.910044 0.408231
40.91799927 -35.88700104 270.31799316 -0.060559 -0.911077 0.407764
40.61800003 -35.75099945 270.61801147 -0.038049 -0.922370 0.384430
40.31800079 -35.75400162 270.61801147 -0.035243 -0.925449 0.377228
40.61800003 -35.86199951 270.31799316 -0.054602 -0.920235 0.387538
40.31800079 -35.84700012 270.31799316 -0.043419 -0.924946 0.377610
40.61800003 -36.01399994 270.01800537 -0.066674 -0.904861 0.420454
40.31800079 -35.97299957 270.01800537 -0.058262 -0.903742 0.424095
40.61800003 -36.18000031 269.71798706 -0.051544 -0.923832 0.379313
40.31800079 -36.16099930 269.71798706 -0.055058 -0.911815 0.406893
40.01800156 -35.84199905 270.31799316 -0.027413 -0.920278 0.390303
39.71799850 -35.82799911 270.31799316 0.008921 -0.931656 0.363231
39.41799927 -35.95800018 270.01800537 0.055132 -0.910358 0.410132
39.11800003 -36.00400162 270.01800537 0.410391 -0.844189 0.344854
39.41799927 -36.10100174 269.71798706 0.123679 -0.915784 0.382156
39.11800003 -36.16999817 269.71798706 0.327479 -0.892718 0.309535
40.01800156 -35.96699905 270.01800537 -0.038520 -0.909873 0.413095
39.71799850 -35.98199844 270.01800537 0.003876 -0.913431 0.406974
40.01800156 -36.11299896 269.71798706 -0.055058 -0.911815 0.406893
39.71799850 -36.10599899 269.71798706 -0.003895 -0.910182 0.414191
39.41799927 -36.24499893 269.41799927 0.105961 -0.937558 0.331297
39.11800003 -36.25099945 269.41799927 0.348565 -0.867574 0.354707
39.41799927 -36.34099960 269.11801147 0.001234 -0.949175 0.314746
40.01800156 -35.73600006 270.61801147 -0.011536 -0.926726 0.375561
39.71799850 -35.73400116 270.61801147 0.008985 -0.925489 0.378668
38.46200180 -36.94699860 269.41799927 0.812861 -0.548491 0.195998
38.14300156 -37.24700165 270.01800537 0.835462 -0.516330 0.188167
37.94400024 -37.54700089 270.01800537 0.830587 -0.517788 0.204989
38.20800018 -37.24700165 269.71798706 0.839023 -0.511819 0.184615
38.04499817 -37.54700089 269.71798706 0.835112 -0.506543 0.214482
38.00899887 -37.24700165 270.61801147 0.827527 -0.523848 0.201947
38.08499908 -37.24700165 270.31799316 0.829696 -0.525524 0.188225
37.31399918 -38.14699936 271.21798706 0.816879 -0.548109 0.179683
35.45399857 -39.94699860 274.21798706 0.805196 -0.561658 0.190264
35.51200104 -39.94699860 273.91799927 0.808688 -0.556826 0.189655
35.67300034 -39.64699936 274.21798706 0.808930 -0.552997 0.199566
35.73600006 -39.64699936 273.91799927 0.818393 -0.548098 0.172688
35.50099945 -39.64699936 274.81799316 0.802852 -0.537833 0.257224
35.31100082 -39.94699860 274.81799316 0.799300 -0.555026 0.230359
35.37099838 -39.94699860 274.51800537 0.797669 -0.560066 0.223718
35.58300018 -39.64699936 274.51800537 0.812893 -0.539368 0.219742
35.17200089 -39.94699860 275.11801147 0.801420 -0.543098 0.250541
45.11800003 -35.42300034 272.11801147 -0.059800 -0.923573 0.378731
45.41799927 -35.42599869 272.11801147 -0.051892 -0.919414 0.389853
45.11800003 -35.28400040 272.41799927 -0.057337 -0.918733 0.390695
45.41799927 -35.29000092 272.41799927 -0.052037 -0.916653 0.396282
36.07300186 -43.54700089 276.61801147 0.884254 0.438509 -0.160642
35.86600113 -43.24700165 276.31799316 0.888481 0.427573 -0.166681
36.04800034 -43.54700089 276.31799316 0.887666 0.424155 -0.179282
36.20100021 -43.84700012 276.61801147 0.900002 0.409351 -0.149763
36.36899948 -44.14699936 276.61801147 0.911044 0.381136 -0.157272
36.18199921 -43.84700012 276.31799316 0.896179 0.399431 -0.193180
36.30599976 -44.14699936 276.31799316 0.909012 0.373625 -0.184665
35.95800018 -43.84700012 275.41799927 0.904525 0.383956 -0.185507
36.08100128 -44.14699936 275.41799927 0.865015 0.482496 -0.137649
35.90000153 -43.84700012 275.11801147 0.900817 0.396359 -0.177281
36.03200150 -44.14699936 275.11801147 0.827245 0.552940 -0.099616
36.41799927 -44.51900101 274.81799316 0.654020 0.754198 0.058676
36.11800003 -44.32400131 274.51800537 0.738352 0.638868 -0.216065
36.41799927 -44.61899948 274.51800537 0.605280 0.791073 -0.088542
36.67800140 -44.74700165 274.51800537 0.538065 0.840286 -0.066376
35.96400070 -44.44699860 273.91799927 0.856674 0.412130 -0.310255
36.09000015 -44.74700165 273.91799927 0.877485 0.339132 -0.339132
36.13700104 -44.44699860 274.21798706 0.757531 0.543411 -0.361733
36.23899841 -45.64699936 273.01800537 0.905523 0.383161 -0.182253
36.36600113 -45.94699860 273.01800537 0.907790 0.365136 -0.206381
36.20700073 -45.64699936 272.71798706 0.919763 0.353538 -0.170431
36.30099869 -45.94699860 272.71798706 0.919789 0.347224 -0.182824
38.76300049 -36.04700089 270.61801147 0.700079 -0.658617 0.275885
38.56800079 -36.34700012 270.61801147 0.823290 -0.523912 0.218424
38.81800079 -36.10900116 270.31799316 0.706421 -0.658797 0.258757
38.64799881 -36.34700012 270.31799316 0.743071 -0.627308 0.233090
38.23300171 -36.64699936 271.21798706 0.833327 -0.521017 0.184683
38.04399872 -36.94699860 271.21798706 0.844935 -0.499757 0.190598
38.30400085 -36.64699936 270.91799927 0.832966 -0.515502 0.201061
38.10900116 -36.94699860 270.91799927 0.837880 -0.508767 0.197770
37.90599823 -36.94699860 271.81799316 0.843942 -0.493683 0.209853
38.21799850 -47.90700150 276.91799927 0.562800 0.750940 -0.345465
48.54800034 -38.44699860 273.01800537 -0.889648 -0.363335 0.276613
48.68099976 -38.74700165 273.01800537 -0.878881 -0.304053 0.367587
48.48699951 -38.44699860 272.71798706 -0.882053 -0.205369 0.424035
48.58900070 -38.74700165 272.71798706 -0.795673 -0.131871 0.591198
49.40999985 -41.14699936 271.21798706 -0.904054 -0.401644 0.146181
49.36100006 -41.14699936 270.91799927 -0.905961 -0.393958 0.155023
49.22200012 -40.84700012 271.21798706 -0.899068 -0.410227 0.152942
49.19699860 -40.84700012 270.91799927 -0.907668 -0.387783 0.160511
49.30799866 -41.44699860 270.31799316 -0.894263 -0.340742 0.290152
49.44100189 -41.44699860 270.61801147 -0.905696 -0.359080 0.225334
49.54499817 -41.74700165 270.61801147 -0.901062 -0.351311 0.254297
49.44800186 -41.74700165 270.31799316 -0.894142 -0.326907 0.306009
48.73500061 -46.24700165 272.11801147 -0.789877 0.600897 -0.122542
48.72000122 -46.24700165 272.41799927 -0.795638 0.581253 -0.170602
48.50799942 -46.54700089 272.11801147 -0.767134 0.637599 -0.070524
48.45999908 -46.54700089 272.41799927 -0.783393 0.608647 -0.125876
48.44400024 -46.54700089 272.71798706 -0.802721 0.579329 -0.141481
48.65700150 -46.24700165 272.71798706 -0.816731 0.543982 -0.192439
48.32600021 -46.54700089 273.01800537 -0.835158 0.526609 -0.158725
48.53099823 -46.24700165 273.01800537 -0.827633 0.519748 -0.211862
48.22600174 -46.84700012 272.71798706 -0.830586 0.551350 -0.078357
48.18299866 -46.84700012 273.01800537 -0.848383 0.514831 -0.123269
48.31600189 -46.54700089 273.31799316 -0.848423 0.496529 -0.183403
48.48899841 -46.24700165 273.31799316 -0.841524 0.505514 -0.190505
48.25299835 -46.54700089 273.61801147 -0.842469 0.498850 -0.203458
48.40999985 -46.24700165 273.61801147 -0.838472 0.510309 -0.191178
48.14099884 -46.84700012 273.31799316 -0.849783 0.499785 -0.167584
47.95500183 -47.14699936 273.31799316 -0.844698 0.505031 -0.177282
47.86600113 -47.14699936 273.61801147 -0.835847 0.503944 -0.217716
48.05699921 -46.84700012 273.61801147 -0.835959 0.509436 -0.204077
47.80699921 -47.14699936 273.91799927 -0.833455 0.495775 -0.244050
47.98600006 -46.84700012 273.91799927 -0.829160 0.514599 -0.218361
47.67499924 -47.14699936 274.21798706 -0.817636 0.532307 -0.219366
47.90700150 -46.84700012 274.21798706 -0.823759 0.528363 -0.205559
47.65200043 -47.44699860 273.91799927 -0.847208 0.467267 -0.252784
47.52999878 -47.44699860 274.21798706 -0.835585 0.475927 -0.274394
47.73099899 -36.64699936 273.01800537 -0.905439 -0.374017 0.200727
47.85499954 -36.94699860 273.01800537 -0.896886 -0.384798 0.218003
47.67200089 -36.64699936 272.71798706 -0.902483 -0.385541 0.192048
47.80099869 -36.94699860 272.71798706 -0.903760 -0.393873 0.167575
47.45100021 -47.74700165 273.91799927 -0.831167 0.490652 -0.261578
47.35499954 -47.74700165 274.21798706 -0.819760 0.505545 -0.269105
47.50299835 -36.64699936 271.81799316 -0.882608 -0.418389 0.214369
47.42399979 -36.64699936 271.51800537 -0.883177 -0.398999 0.246572
46.91799927 -36.04199982 271.21798706 -0.483185 -0.794606 0.367606
47.20500183 -36.34700012 271.21798706 -0.809726 -0.522655 0.266788
46.91799927 -36.19800186 270.91799927 -0.499100 -0.757650 0.420553
47.08599854 -36.34700012 270.91799927 -0.670400 -0.657351 0.344171
45.41799927 -36.35800171 270.01800537 -0.069554 -0.904198 0.421413
45.41799927 -36.48500061 269.71798706 -0.076646 -0.923785 0.375162
45.11800003 -36.45500183 269.71798706 -0.054155 -0.925925 0.373804
44.81800079 -36.31499863 270.01800537 -0.049859 -0.901513 0.429870
44.51800156 -36.30300140 270.01800537 -0.001277 -0.923189 0.384343
39.11800003 -34.88999939 272.71798706 0.389712 -0.912122 0.127110
39.41799927 -34.81499863 272.71798706 0.091219 -0.942592 0.321248
39.71799850 -34.80300140 272.71798706 0.035039 -0.930479 0.364665
40.01800156 -34.78799820 272.71798706 -0.016990 -0.913518 0.406444
39.71799850 -35.05899811 272.11801147 -0.011644 -0.919884 0.392018
40.01800156 -35.06000137 272.11801147 -0.043681 -0.917306 0.395779
39.71799850 -34.91999817 272.41799927 -0.014192 -0.922487 0.385767
40.01800156 -34.96400070 272.41799927 -0.054908 -0.914683 0.400425
41.72600174 -36.94699860 268.21798706 -0.057620 -0.839004 0.541066
41.51800156 -36.94699860 268.20098877 -0.098414 -0.860051 0.500627
46.98600006 -36.94699860 269.41799927 -0.631377 -0.714918 0.300426
47.81000137 -45.94699860 276.91799927 -0.835684 0.512291 -0.197965
47.98500061 -45.64699936 276.91799927 -0.822255 0.529355 -0.208996
47.69200134 -45.94699860 277.21798706 -0.841437 0.504260 -0.194178
47.89899826 -45.64699936 277.21798706 -0.827669 0.525047 -0.198217
47.61899948 -46.24700165 276.91799927 -0.838148 0.505909 -0.203874
47.54000092 -46.24700165 277.21798706 -0.840722 0.508030 -0.187327
40.31800079 -35.07699966 272.11801147 -0.056928 -0.925411 0.374666
40.61800003 -35.09299850 272.11801147 -0.074865 -0.907905 0.412437
40.31800079 -34.97299957 272.41799927 -0.049471 -0.910529 0.410474
40.61800003 -34.98600006 272.41799927 -0.044152 -0.905777 0.421447
46.61800003 -36.75500107 269.41799927 -0.321281 -0.875529 0.360870
46.31800079 -36.69300079 269.41799927 -0.161626 -0.920566 0.355577
46.61800003 -36.88899994 269.11801147 -0.370756 -0.863045 0.343064
46.31800079 -36.79800034 269.11801147 -0.150269 -0.917060 0.369352
47.43700027 -46.54700089 276.91799927 -0.822255 0.529355 -0.208996
47.35699844 -46.54700089 277.21798706 -0.816466 0.551829 -0.169909
44.81800079 -49.27700043 275.11801147 0.055280 0.907398 -0.416621
44.51800156 -49.24100113 275.11801147 0.057891 0.908747 -0.413312
44.51800156 -49.08499908 275.41799927 0.049537 0.909065 -0.413698
44.81800079 -49.12500000 275.41799927 0.049471 0.910529 -0.410474
43.31800079 -48.96699905 275.71798706 0.090667 0.827515 -0.554075
46.61800003 -36.49499893 270.01800537 -0.302231 -0.876318 0.375131
46.31800079 -36.44400024 270.01800537 -0.182818 -0.884841 0.428526
40.31800079 -35.36399841 271.51800537 -0.080321 -0.913478 0.398881
40.61800003 -35.40100098 271.51800537 -0.065603 -0.919776 0.386922
40.31800079 -35.21599960 271.81799316 -0.077851 -0.908257 0.411106
40.61800003 -35.24200058 271.81799316 -0.086416 -0.906679 0.412875
46.31800079 -36.60400009 269.71798706 -0.183809 -0.913344 0.363343
46.61800003 -36.66400146 269.71798706 -0.309725 -0.880826 0.358072
47.08000183 -47.14699936 276.91799927 -0.847563 0.471887 -0.242815
47.24300003 -46.84700012 276.91799927 -0.832992 0.502852 -0.230792
46.97600174 -47.14699936 277.21798706 -0.845424 0.472398 -0.249194
47.12300110 -46.84700012 277.21798706 -0.819286 0.536564 -0.202162
40.91799927 -35.42300034 271.51800537 -0.043293 -0.927516 0.371269
41.21799850 -35.40900040 271.51800537 -0.024500 -0.929702 0.367497
40.91799927 -35.27999878 271.81799316 -0.066227 -0.912306 0.404118
46.01800156 -36.40200043 270.01800537 -0.107981 -0.896099 0.430520
45.71799850 -36.37699890 270.01800537 -0.089703 -0.903935 0.418156
46.01800156 -36.54800034 269.71798706 -0.134411 -0.921478 0.364434
41.21799850 -35.29800034 271.81799316 -0.043543 -0.922319 0.383970
45.71799850 -36.49800110 269.71798706 -0.102662 -0.918483 0.381903
41.21799850 -35.16299820 272.11801147 -0.071881 -0.910044 0.408231
41.51800156 -35.41500092 271.51800537 -0.043356 -0.926238 0.374437
41.81800079 -35.43799973 271.51800537 -0.091938 -0.909772 0.404800
41.51800156 -35.30400085 271.81799316 -0.040594 -0.925803 0.375821
41.81800079 -35.31399918 271.81799316 -0.059947 -0.923181 0.379663
45.11800003 -36.31900024 270.01800537 -0.061112 -0.903097 0.425067
46.68000031 -47.74700165 276.91799927 -0.812128 0.555030 -0.179969
46.89799881 -47.44699860 276.91799927 -0.831235 0.519333 -0.198346
46.64699936 -47.74700165 277.21798706 -0.811270 0.544425 -0.213169
46.81299973 -47.44699860 277.21798706 -0.838449 0.485902 -0.246783
41.51800156 -35.66999817 270.91799927 -0.130938 -0.905304 0.404078
41.81800079 -35.73099899 270.91799927 -0.201456 -0.886700 0.416146
41.51800156 -35.53499985 271.21798706 -0.097420 -0.915198 0.391052
41.81800079 -35.56299973 271.21798706 -0.166911 -0.883903 0.436871
46.31800079 -48.25699997 276.91799927 -0.612149 0.742529 -0.271890
46.47200012 -48.04700089 276.91799927 -0.709247 0.671836 -0.213553
46.44300079 -48.04700089 277.21798706 -0.663794 0.707942 -0.241236
42.11800003 -35.66199875 271.21798706 -0.202502 -0.814577 0.543559
42.41799927 -35.73699951 271.21798706 -0.213107 -0.707763 0.673541
42.11800003 -35.83700180 270.91799927 -0.332487 -0.824127 0.458549
48.17499924 -45.64699936 276.01800537 -0.829791 0.520326 -0.201759
48.26499939 -45.64699936 275.71798706 -0.829338 0.511654 -0.224517
48.70500183 -45.34700012 274.81799316 -0.844418 0.485350 -0.226700
48.86600113 -45.04700089 274.81799316 -0.842954 0.486261 -0.230174
48.94300079 -45.04700089 274.51800537 -0.851527 0.473407 -0.225360
48.77099991 -45.34700012 274.51800537 -0.833824 0.508800 -0.214151
45.11800003 -36.02399826 270.61801147 -0.024665 -0.925575 0.377759
45.41799927 -36.04800034 270.61801147 -0.063048 -0.916203 0.395724
45.41799927 -36.18500137 270.31799316 -0.078471 -0.898979 0.430904
45.11800003 -36.16299820 270.31799316 -0.055503 -0.900239 0.431844
49.81800079 -44.74700165 271.81799316 -0.762813 0.626866 -0.158605
45.41799927 -35.79100037 271.21798706 -0.097279 -0.916618 0.387747
45.11800003 -35.74800110 271.21798706 -0.077230 -0.914568 0.396990
45.41799927 -35.93600082 270.91799927 -0.068800 -0.915987 0.395264
45.11800003 -35.90900040 270.91799927 -0.035820 -0.911411 0.409936
44.81800079 -36.02099991 270.61801147 0.035124 -0.930130 0.365548
44.51800156 -36.06499863 270.61801147 0.138795 -0.930336 0.339428
44.81800079 -36.13299942 270.31799316 0.022409 -0.908232 0.417866
44.51800156 -36.14099884 270.31799316 0.056984 -0.926327 0.372386
42.71799850 -35.74700165 271.27499390 -0.176307 -0.694495 0.697562
43.01800156 -35.74700165 271.31500244 -0.091993 -0.652709 0.752003
42.71799850 -36.22499847 270.91799927 -0.468706 -0.692218 0.548770
43.01800156 -36.34700012 270.96301270 -0.280783 -0.763032 0.582188
42.71799850 -36.04700089 271.11300659 -0.329596 -0.647827 0.686794
43.01800156 -36.04700089 271.24700928 -0.144447 -0.570343 0.808606
43.61800003 -47.87200165 278.11801147 0.033306 0.904588 -0.424983
43.31800079 -47.84199905 278.11801147 0.024778 0.919402 -0.392539
44.21799850 -47.90200043 278.11801147 0.060559 0.911077 -0.407764
43.91799927 -47.83900070 278.11801147 0.046996 0.903667 -0.425650
44.81800079 -35.90200043 270.91799927 0.058044 -0.905756 0.419806
44.51800156 -35.92599869 270.91799927 0.159365 -0.894455 0.417795
44.81800079 -35.72600174 271.21798706 -0.022321 -0.912552 0.408351
44.51800156 -35.71400070 271.21798706 0.047847 -0.879023 0.474372
46.01800156 -48.61000061 276.61801147 -0.348961 0.843454 -0.408426
45.71799850 -48.63000107 276.61801147 -0.043681 0.917306 -0.395779
44.21799850 -35.75699997 271.21798706 0.110292 -0.786749 0.607340
46.01800156 -48.72299957 276.31799316 -0.333355 0.840431 -0.427258
45.71799850 -48.76200104 276.31799316 -0.102511 0.919863 -0.378606
44.21799850 -36.04700089 270.94000244 0.351462 -0.787982 0.505528
43.91799927 -36.04700089 271.10400391 0.378844 -0.569086 0.729807
43.91799927 -36.31100082 270.91799927 0.474195 -0.655160 0.588136
43.61800003 -36.34299850 270.01800537 0.085761 -0.996311 0.003176
36.95700073 -39.64699936 269.41799927 0.822253 -0.408741 0.396018
36.71799850 -39.94699860 269.51199341 0.803096 -0.453645 0.386320
43.91799927 -36.31100082 270.01800537 0.115873 -0.981869 0.150025
44.21799850 -36.27299881 270.01800537 0.018879 -0.945191 0.325971
43.01800156 -36.64699936 270.61801147 -0.362941 -0.916532 0.168054
43.01900101 -36.64699936 270.61801147 -0.362941 -0.916532 0.168054
42.71799850 -36.41799927 270.61801147 -0.542074 -0.813875 0.209195
43.01800156 -36.64699936 270.61700439 -0.362941 -0.916532 0.168054
43.01800156 -36.44100189 270.31799316 -0.205401 -0.954512 -0.216141
42.71799850 -36.37200165 270.31799316 -0.437565 -0.890707 -0.123198
43.31800079 -36.57899857 270.61801147 0.078314 -0.996623 0.024674
43.61800003 -36.46500015 270.31799316 0.219769 -0.969271 -0.110520
43.31800079 -36.50999832 270.31799316 0.015880 -0.961357 -0.274848
43.91799927 -36.38800049 269.71798706 -0.023816 -0.951380 0.307099
44.21799850 -36.38800049 269.71798706 -0.042513 -0.941733 0.333665
45.41799927 -37.21500015 268.21798706 -0.064241 -0.792312 0.606725
45.11800003 -37.20600128 268.21798706 -0.112266 -0.817938 0.564246
43.91799927 -35.74700165 271.29299927 0.101500 -0.751689 0.651660
44.51800156 -36.43600082 269.71798706 -0.062419 -0.925655 0.373184
44.81800079 -36.44200134 269.71798706 -0.054367 -0.924241 0.377918
43.91799927 -36.60100174 269.11801147 -0.062846 -0.921292 0.383760
44.21799850 -36.64199829 269.11801147 -0.065696 -0.918403 0.390154
43.91799927 -36.48899841 269.41799927 -0.066547 -0.943402 0.324906
44.21799850 -36.51599884 269.41799927 -0.073497 -0.926058 0.370156
44.51800156 -36.65000153 269.11801147 -0.059238 -0.933326 0.354111
44.81800079 -36.67399979 269.11801147 -0.045365 -0.937111 0.346070
44.51800156 -36.55500031 269.41799927 -0.067841 -0.927161 0.368470
44.81800079 -36.56700134 269.41799927 -0.053806 -0.933072 0.355643
44.21799850 -35.44300079 271.81799316 -0.077530 -0.912680 0.401253
43.91799927 -35.41600037 271.81799316 -0.039011 -0.894552 0.445258
44.21799850 -35.59199905 271.51800537 0.001305 -0.899331 0.437266
43.91799927 -35.59000015 271.51800537 0.058287 -0.803222 0.592821
37.38199997 -47.74700165 273.91799927 0.896050 0.393210 -0.206106
37.43999863 -47.74700165 274.21798706 0.885364 0.409425 -0.220232
37.25099945 -47.44699860 273.91799927 0.892288 0.402921 -0.203658
37.31399918 -47.44699860 274.21798706 0.890265 0.397150 -0.222935
37.54399872 -47.74700165 274.51800537 0.881410 0.422188 -0.211835
37.38800049 -47.44699860 274.51800537 0.891657 0.401026 -0.210061
37.59899902 -47.74700165 274.81799316 0.880279 0.432030 -0.196109
37.46300125 -47.44699860 274.81799316 0.891817 0.407229 -0.197046
37.31900024 -47.14699936 274.81799316 0.897159 0.392416 -0.202772
37.38800049 -47.14699936 275.11801147 0.906539 0.377844 -0.188204
37.45500183 -47.14699936 275.41799927 0.905456 0.386003 -0.176499
37.26300049 -46.84700012 275.11801147 0.917775 0.343987 -0.198399
37.31600189 -46.84700012 275.41799927 0.917412 0.362173 -0.164881
37.49599838 -47.14699936 275.71798706 0.898771 0.399614 -0.180331
37.37099838 -46.84700012 275.71798706 0.913188 0.372354 -0.165648
37.56000137 -47.14699936 276.01800537 0.893420 0.406630 -0.190927
37.41999817 -46.84700012 276.01800537 0.900934 0.389007 -0.192334
37.64300156 -47.14699936 276.31799316 0.891752 0.402679 -0.206465
37.49599838 -46.84700012 276.31799316 0.892288 0.402921 -0.203658
37.70899963 -47.14699936 276.61801147 0.899227 0.386216 -0.205496
37.57699966 -46.84700012 276.61801147 0.892288 0.402921 -0.203658
37.35800171 -46.54700089 276.31799316 0.896696 0.401268 -0.186872
37.42900085 -46.54700089 276.61801147 0.894006 0.405573 -0.190431
37.22999954 -46.24700165 276.31799316 0.899786 0.398785 -0.177078
37.29399872 -46.24700165 276.61801147 0.893997 0.401059 -0.199800
37.49700165 -46.54700089 276.91799927 0.892802 0.400221 -0.206708
37.36700058 -46.24700165 276.91799927 0.893929 0.399415 -0.203365
37.54600143 -46.54700089 277.21798706 0.892150 0.398308 -0.213117
37.43999863 -46.24700165 277.21798706 0.892883 0.401870 -0.203127
43.61800003 -35.41299820 271.81799316 -0.006663 -0.878131 0.478375
43.31800079 -35.42100143 271.81799316 -0.028718 -0.854716 0.518300
37.65100098 -46.54700089 277.51800537 0.887761 0.407810 -0.213475
37.50400162 -46.24700165 277.51800537 0.889564 0.408877 -0.203706
37.71400070 -46.54700089 277.81799316 0.882410 0.413769 -0.223939
37.55899811 -46.24700165 277.81799316 0.881772 0.437230 -0.176939
43.61800003 -35.60400009 271.51800537 0.006932 -0.716727 0.697319
45.11800003 -36.69100189 269.11801147 -0.078485 -0.932508 0.352517
45.41799927 -36.72299957 269.11801147 -0.078922 -0.929674 0.359831
45.11800003 -36.57199860 269.41799927 -0.053755 -0.932199 0.357933
45.41799927 -36.59799957 269.41799927 -0.076229 -0.926786 0.367772
45.11800003 -36.93000031 268.51800537 -0.051091 -0.868550 0.492961
45.11800003 -36.77299881 268.81799316 -0.048997 -0.920354 0.388005
45.41799927 -36.82199860 268.81799316 -0.098904 -0.928069 0.359034
40.01800156 -49.51399994 273.61801147 0.047737 0.943124 -0.328997
40.15900040 -49.54700089 273.61801147 0.058221 0.945772 -0.319570
39.71799850 -49.50899887 273.61801147 0.026427 0.950099 -0.310827
40.61800003 -49.57799911 273.61801147 0.052417 0.949905 -0.308112
45.71799850 -36.84500122 268.81799316 -0.110956 -0.921891 0.371222
46.01800156 -36.90599823 268.81799316 -0.141632 -0.912898 0.382828
43.01800156 -35.12599945 272.41799927 -0.063900 -0.901392 0.428263
42.71799850 -35.11299896 272.41799927 -0.053196 -0.890692 0.451484
37.18299866 -38.74700165 270.31799316 0.852529 -0.488226 0.186631
37.30799866 -38.44699860 270.31799316 0.866740 -0.447591 0.220053
37.11299896 -38.74700165 270.61801147 0.849547 -0.481360 0.215782
37.25600052 -38.44699860 270.61801147 0.874840 -0.442601 0.196876
45.71799850 -36.97100067 268.51800537 -0.076295 -0.883629 0.461929
46.01800156 -37.01599884 268.51800537 -0.084149 -0.898045 0.431779
45.71799850 -37.21699905 268.21798706 0.009600 -0.810533 0.585614
46.01800156 -37.17800140 268.21798706 0.009288 -0.887656 0.460413
36.95000076 -39.34700012 269.71798706 0.846361 -0.447163 0.289341
37.12900162 -39.04700089 269.71798706 0.833153 -0.494348 0.247944
36.85200119 -39.34700012 270.01800537 0.826077 -0.509183 0.241516
37.02000046 -39.04700089 270.01800537 0.831357 -0.520541 0.194637
37.33399963 -39.04700089 269.11801147 0.837244 -0.461339 0.293579
37.31800079 -39.04700089 269.14498901 0.836099 -0.473117 0.277666
37.06200027 -39.34700012 269.41799927 0.848599 -0.420421 0.321133
37.19800186 -39.04700089 269.41799927 0.849179 -0.437737 0.295434
46.31800079 -37.18000031 268.21798706 -0.061347 -0.898395 0.434883
46.61800003 -37.16899872 268.21798706 -0.265126 -0.868099 0.419657
41.51800156 -49.43600082 274.21798706 0.115782 0.946219 -0.302098
41.81800079 -49.45600128 274.21798706 0.132155 0.916740 -0.376990
41.51800156 -49.54700089 273.91799927 0.129488 0.949135 -0.287010
41.81800079 -49.61199951 273.91799927 0.175101 0.955702 -0.236586
41.53799820 -49.54700089 273.61801147 0.064574 0.975922 -0.208343
41.51800156 -49.54000092 273.61801147 0.064574 0.975922 -0.208343
40.91799927 -49.50400162 273.91799927 0.050470 0.940805 -0.335170
41.21799850 -49.50799942 273.91799927 0.065625 0.950922 -0.302391
40.91799927 -49.36999893 274.21798706 0.042608 0.938676 -0.342158
41.21799850 -49.38499832 274.21798706 0.064542 0.933889 -0.351690
40.91799927 -49.27099991 274.51800537 0.016710 0.929319 -0.368900
41.21799850 -49.25600052 274.51800537 0.029709 0.931326 -0.362972
40.91799927 -49.15900040 274.81799316 0.040809 0.922813 -0.383079
41.21799850 -49.16299820 274.81799316 0.048360 0.931916 -0.359435
40.61800003 -49.29499817 274.51800537 0.050986 0.934735 -0.351669
40.31800079 -49.24200058 274.51800537 0.099657 0.921482 -0.375419
40.31800079 -49.09099960 274.81799316 0.098644 0.901693 -0.420975
40.61800003 -49.14099884 274.81799316 0.086395 0.909203 -0.407290
40.31800079 -49.44900131 273.91799927 0.063791 0.943848 -0.324163
40.61800003 -49.45999908 273.91799927 0.063532 0.945199 -0.320253
40.31800079 -49.35300064 274.21798706 0.067123 0.935777 -0.346145
40.61800003 -49.37300110 274.21798706 0.045155 0.940518 -0.336729
49.26699829 -39.64699936 273.91799927 -0.892705 -0.415245 0.175069
49.37400055 -39.94699860 273.61801147 -0.893466 -0.403736 0.196766
49.21699905 -39.64699936 273.61801147 -0.890092 -0.409120 0.200894
49.14199829 -39.64699936 273.31799316 -0.889931 -0.392399 0.232478
49.27899933 -39.94699860 273.31799316 -0.880159 -0.386668 0.275332
47.59899902 -47.14699936 274.51800537 -0.803650 0.562707 -0.193669
47.85599899 -46.84700012 274.51800537 -0.827902 0.529314 -0.185486
47.59299850 -47.14699936 274.81799316 -0.799938 0.572252 -0.180631
47.77000046 -46.84700012 274.81799316 -0.829895 0.516210 -0.211661
47.25099945 -47.74700165 274.51800537 -0.842359 0.485918 -0.233058
47.40900040 -47.44699860 274.51800537 -0.834952 0.497907 -0.234399
47.19800186 -47.74700165 274.81799316 -0.849381 0.479953 -0.219537
47.33900070 -47.44699860 274.81799316 -0.825391 0.528553 -0.198397
47.50299835 -47.14699936 275.11801147 -0.811337 0.549517 -0.199409
47.39699936 -47.14699936 275.41799927 -0.826129 0.520721 -0.215313
46.01800156 -48.32099915 277.21798706 -0.354817 0.883268 -0.306501
45.71799850 -48.22200012 277.51800537 -0.102206 0.922577 -0.372029
46.01800156 -48.18700027 277.51800537 -0.258551 0.896804 -0.359017
45.71799850 -48.11500168 277.81799316 -0.030290 0.915283 -0.401671
46.01800156 -48.06900024 277.81799316 -0.285960 0.863996 -0.414412
43.31800079 -36.39300156 270.01800537 -0.023790 -0.988978 -0.146138
43.61800003 -36.40000153 269.71798706 -0.026104 -0.988541 0.148678
43.31800079 -36.35699844 269.71798706 -0.083694 -0.991715 0.097452
43.61800003 -36.48400116 269.41799927 -0.068695 -0.947474 0.312368
43.31800079 -36.44499969 269.41799927 -0.078507 -0.956240 0.281853
43.61800003 -36.58599854 269.11801147 -0.076304 -0.927696 0.365456
43.31800079 -36.57500076 269.11801147 -0.073055 -0.931125 0.357308
43.01800156 -36.34400177 270.01800537 -0.143269 -0.986306 -0.081699
42.71799850 -36.30599976 270.01800537 -0.210696 -0.976423 -0.046955
43.01800156 -36.33200073 269.71798706 -0.104392 -0.988792 0.106738
42.71799850 -36.28599930 269.71798706 -0.108740 -0.981100 0.160055
43.01800156 -36.41799927 269.41799927 -0.081624 -0.952281 0.294106
42.71799850 -36.40399933 269.41799927 -0.072774 -0.958830 0.274499
43.01800156 -36.54899979 269.11801147 -0.070943 -0.924932 0.373453
42.71799850 -36.51900101 269.11801147 -0.060057 -0.919544 0.388371
49.28300095 -43.84700012 276.01800537 -0.830163 0.525820 -0.185318
49.11600113 -44.14699936 276.01800537 -0.847966 0.489501 -0.203331
49.19100189 -44.14699936 275.71798706 -0.837971 0.496066 -0.227427
43.61800003 -49.10200119 275.41799927 0.001292 0.913437 -0.406977
43.31800079 -49.16600037 275.41799927 0.094599 0.914455 -0.393476
43.61800003 -49.19400024 275.11801147 0.027220 0.926786 -0.374603
43.31800079 -49.24300003 275.11801147 0.078922 0.929674 -0.359831
44.21799850 -49.09799957 275.41799927 0.024913 0.913906 -0.405161
43.91799927 -49.08700180 275.41799927 -0.022209 0.915781 -0.401063
44.21799850 -49.22900009 275.11801147 0.049525 0.911527 -0.408246
43.91799927 -49.20600128 275.11801147 0.014289 0.915795 -0.401391
44.21799850 -49.36100006 274.81799316 0.057891 0.908747 -0.413312
43.91799927 -49.34099960 274.81799316 0.046875 0.906687 -0.419192
44.21799850 -49.51599884 274.51800537 0.045849 0.848897 -0.526566
43.91799927 -49.48500061 274.51800537 0.053439 0.881054 -0.469987
44.81800079 -49.40999985 274.81799316 0.068631 0.916420 -0.394289
44.51800156 -49.37599945 274.81799316 0.054983 0.913257 -0.403657
44.81800079 -49.52099991 274.51800537 0.019996 0.891836 -0.451917
44.51800156 -49.50500107 274.51800537 0.023010 0.867597 -0.496736
45.41799927 -49.45899963 274.81799316 -0.027739 0.910107 -0.413445
45.11800003 -49.41699982 274.81799316 0.043681 0.917306 -0.395779
45.11800003 -49.54199982 274.51800537 0.033183 0.906564 -0.420762
45.41799927 -49.55400085 274.51800537 -0.032921 0.915207 -0.401638
46.31399918 -49.54700089 273.91799927 -0.627078 0.714127 -0.311121
45.41799927 -49.71099854 274.21798706 -0.075263 0.901787 -0.425578
45.11800003 -49.70399857 274.21798706 -0.037123 0.859319 -0.510092
45.41799927 -49.86399841 273.91799927 -0.108671 0.887714 -0.447385
45.11800003 -49.89099884 273.91799927 -0.096355 0.838431 -0.536423
46.01800156 -49.58599854 274.21798706 -0.380657 0.832392 -0.402770
45.71799850 -49.68299866 274.21798706 -0.125110 0.903886 -0.409068
46.01800156 -49.75899887 273.91799927 -0.361477 0.873952 -0.324872
45.71799850 -49.80699921 273.91799927 -0.224743 0.894564 -0.386323
46.07799911 -49.84700012 273.61801147 -0.479890 0.812487 -0.331013
46.55500031 -49.24700165 273.61801147 -0.843089 0.500443 -0.196871
46.37300110 -49.54700089 273.61801147 -0.738278 0.642317 -0.205851
47.72299957 -39.04700089 272.11801147 -0.882165 -0.154995 0.444704
47.83399963 -39.34700012 272.11801147 -0.776002 -0.460395 0.431112
47.92599869 -38.44699860 270.01800537 -0.897217 -0.396986 0.193403
48.04199982 -38.74700165 270.01800537 -0.913332 -0.361616 0.187240
47.86899948 -38.44699860 269.71798706 -0.904979 -0.376714 0.197739
47.96699905 -38.74700165 269.71798706 -0.902869 -0.378249 0.204341
47.60900116 -37.84700012 270.01800537 -0.887198 -0.423932 0.182101
47.76200104 -38.14699936 270.01800537 -0.873409 -0.459305 0.161850
47.56600189 -37.84700012 269.71798706 -0.879622 -0.450680 0.152159
47.72499847 -38.14699936 269.71798706 -0.893536 -0.417176 0.166004
49.47700119 -45.04700089 272.41799927 -0.824541 0.551164 -0.127870
49.47999954 -45.04700089 272.11801147 -0.798693 0.589826 -0.119142
49.36199951 -45.04700089 273.01800537 -0.836761 0.502664 -0.217163
49.41299820 -45.04700089 272.71798706 -0.829380 0.533493 -0.165876
49.95700073 -44.44699860 272.11801147 -0.838876 0.494800 -0.226847
49.88899994 -44.44699860 272.41799927 -0.851327 0.471948 -0.229145
49.70399857 -44.74700165 272.41799927 -0.798134 0.577855 -0.170490
49.74100113 -44.74700165 272.11801147 -0.784323 0.600662 -0.155058
49.70199966 -44.44699860 273.01800537 -0.851343 0.468921 -0.235219
49.54299927 -44.74700165 273.01800537 -0.835007 0.494876 -0.240543
49.78499985 -44.44699860 272.71798706 -0.861659 0.446730 -0.240780
49.61600113 -44.74700165 272.71798706 -0.828590 0.518439 -0.211328
46.91799927 -37.30699921 268.21798706 -0.482825 -0.812096 0.327688
47.11500168 -37.54700089 268.21798706 -0.730041 -0.652542 0.203048
38.06600189 -36.04700089 273.31799316 0.833928 -0.476752 0.277976
36.74700165 -44.74700165 274.81799316 0.575722 0.817552 0.012366
36.71799850 -44.74700165 274.63598633 0.549137 0.835405 -0.023397
37.01800156 -44.93799973 274.81799316 0.594696 0.802769 0.043583
37.30899811 -45.94699860 275.11801147 0.939425 -0.314048 -0.137311
40.91799927 -49.59899902 273.61801147 -0.016156 0.953176 -0.301984
41.21799850 -49.57500076 273.61801147 0.015880 0.961357 -0.274848
39.11800003 -49.14899826 274.51800537 0.074949 0.908923 -0.410174
39.41799927 -49.15999985 274.51800537 0.058270 0.901151 -0.429571
39.11800003 -49.00000000 274.81799316 0.094599 0.914455 -0.393476
39.41799927 -49.02600098 274.81799316 0.049270 0.914831 -0.400821
38.51800156 -49.07500076 274.51800537 0.237173 0.897131 -0.372700
38.81800079 -49.11199951 274.51800537 0.155293 0.901842 -0.403193
38.81800079 -48.99100113 274.81799316 0.103110 0.914246 -0.391820
38.51800156 -48.90499878 274.81799316 0.283180 0.888494 -0.361091
38.21799850 -48.93500137 274.51800537 0.516302 0.791237 -0.327684
37.97200012 -48.64699936 274.51800537 0.822857 0.511005 -0.248555
38.08599854 -48.64699936 274.81799316 0.677161 0.683535 -0.272458
38.21799850 -48.66699982 275.11801147 0.542535 0.784369 -0.300701
38.21799850 -48.53900146 275.41799927 0.578988 0.746717 -0.327394
38.51800156 -48.80599976 275.11801147 0.295562 0.886685 -0.355574
38.81800079 -48.85699844 275.11801147 0.150568 0.913260 -0.378531
38.51800156 -48.69200134 275.41799927 0.304555 0.864692 -0.399442
38.81800079 -48.76300049 275.41799927 0.140523 0.898493 -0.415890
37.96400070 -48.34700012 275.11801147 0.817082 0.531946 -0.222283
38.04000092 -48.34700012 275.41799927 0.707592 0.653529 -0.268726
43.01800156 -48.39199829 276.61801147 0.238608 0.930432 -0.278141
43.01800156 -48.49100113 276.31799316 0.351053 0.891825 -0.285324
48.02000046 -47.14699936 273.01800537 -0.852919 0.509442 -0.114011
48.02899933 -47.14699936 272.71798706 -0.870403 0.489688 -0.051038
41.81800079 -49.06200027 275.11801147 -0.001358 0.824239 -0.566240
41.51800156 -49.08200073 275.11801147 -0.001339 0.858436 -0.512919
41.81800079 -48.64699936 275.50399780 0.029139 0.567524 -0.822841
41.81800079 -48.76900101 275.41799927 -0.020799 0.592077 -0.805613
41.81800079 -48.94699860 275.29000854 0.001371 0.788169 -0.615457
43.01800156 -48.59400177 276.01800537 0.390562 0.814600 -0.428821
42.71799850 -48.38499832 276.01800537 0.539651 0.799309 -0.264351
46.91799927 -35.48300171 272.41799927 -0.467841 -0.834653 0.290652
47.17499924 -35.74700165 272.41799927 -0.769978 -0.584175 0.256659
46.91799927 -35.61399841 272.11801147 -0.482055 -0.780701 0.397654
46.91799927 -35.77399826 271.81799316 -0.484996 -0.813592 0.320698
47.16799927 -36.04700089 271.81799316 -0.770130 -0.581141 0.263010
47.35400009 -36.34700012 271.81799316 -0.865401 -0.460256 0.198104
46.91799927 -35.93000031 271.51800537 -0.497477 -0.795003 0.347114
47.28499985 -36.34700012 271.51800537 -0.825143 -0.507424 0.248314
46.61800003 -35.80599976 271.51800537 -0.209030 -0.876146 0.434367
46.31800079 -35.76399994 271.51800537 -0.158224 -0.881119 0.445640
46.61800003 -35.66199875 271.81799316 -0.202026 -0.880363 0.429122
46.31800079 -35.60400009 271.81799316 -0.143440 -0.901826 0.407597
44.21799850 -36.11100006 270.61801147 0.365666 -0.900215 0.236435
44.21799850 -36.23799896 270.31799316 0.224442 -0.938193 0.263475
43.61800003 -36.04700089 271.23599243 0.121096 -0.544204 0.830167
43.31800079 -36.04700089 271.24499512 -0.040017 -0.522985 0.851402
43.61800003 -36.34700012 271.14599609 0.052703 -0.628160 0.776297
43.86000061 -36.34700012 270.91799927 0.464940 -0.824283 0.323094
43.61800003 -36.53499985 270.91799927 0.205925 -0.875554 0.437036
43.31800079 -36.49100113 270.91799927 -0.043702 -0.790870 0.610422
48.71799850 -39.94699860 272.46398926 -0.600839 -0.686910 0.408836
49.01800156 -39.94699860 272.71499634 -0.730458 -0.511817 0.452188
36.86899948 -37.84700012 273.91799927 0.855576 -0.479302 0.195603
36.74800110 -37.84700012 274.21798706 0.863596 -0.443141 0.240476
48.41799927 -39.92699814 272.11801147 -0.646616 -0.755613 0.104578
48.16899872 -39.64699936 272.11801147 -0.675806 -0.691633 0.254812
48.41799927 -39.64699936 272.39300537 -0.681175 -0.493726 0.540588
49.21200180 -40.54700089 272.11801147 -0.738986 -0.657713 0.145991
49.01800156 -40.30799866 272.11801147 -0.690755 -0.708814 0.142967
48.71799850 -40.12900162 272.11801147 -0.642247 -0.761667 0.085924
49.28699875 -40.54700089 272.41799927 -0.803548 -0.535178 0.260568
49.01800156 -40.23199844 272.41799927 -0.693379 -0.654768 0.300839
48.76499939 -39.94699860 271.51800537 -0.657278 -0.714022 -0.241160
49.18500137 -40.54700089 271.51800537 -0.877695 -0.473034 0.076746
49.00600052 -40.24700165 271.51800537 -0.821795 -0.568721 -0.034763
49.15599823 -40.54700089 271.81799316 -0.828631 -0.552899 0.087602
48.93000031 -40.24700165 271.81799316 -0.634793 -0.772122 -0.029428
48.71799850 -40.03300095 271.81799316 -0.571262 -0.812102 -0.118952
49.56399918 -41.14699936 272.11801147 -0.896605 -0.404124 0.181059
49.42399979 -40.84700012 272.11801147 -0.854291 -0.488803 0.176801
49.62599945 -41.14699936 272.41799927 -0.888905 -0.418909 0.185371
49.48099899 -40.84700012 272.41799927 -0.866651 -0.459340 0.194736
36.71099854 -38.14699936 273.91799927 0.837476 -0.504303 0.210505
36.63800049 -38.14699936 274.21798706 0.825025 -0.498744 0.265686
49.67900085 -41.14699936 272.71798706 -0.893420 -0.406630 0.190927
49.54800034 -40.84700012 272.71798706 -0.884722 -0.410499 0.220810
49.75099945 -41.14699936 273.01800537 -0.900315 -0.385434 0.202171
49.62799835 -40.84700012 273.01800537 -0.900864 -0.384427 0.201643
36.79800034 -38.14699936 273.31799316 0.848047 -0.505878 0.157810
36.96099854 -37.84700012 273.31799316 0.838623 -0.522105 0.155300
36.77199936 -38.14699936 273.61801147 0.848380 -0.507264 0.151444
36.92900085 -37.84700012 273.61801147 0.842525 -0.507311 0.181075
49.82799911 -41.44699860 272.71798706 -0.895419 -0.409376 0.175033
49.88100052 -41.44699860 273.01800537 -0.900817 -0.396359 0.177281
49.96699905 -41.74700165 272.71798706 -0.894384 -0.410228 0.178297
50.01699829 -41.74700165 273.01800537 -0.894384 -0.410228 0.178297
50.07600021 -41.74700165 273.31799316 -0.899805 -0.397185 0.180539
49.95199966 -41.44699860 273.31799316 -0.901917 -0.392701 0.179808
50.14300156 -41.74700165 273.61801147 -0.898651 -0.402446 0.174537
50.00299835 -41.44699860 273.61801147 -0.900241 -0.398987 0.174287
50.34799957 -42.34700012 273.31799316 -0.942511 -0.299705 0.147818
50.22499847 -42.04700089 273.31799316 -0.905993 -0.383360 0.179476
50.41299820 -42.34700012 273.61801147 -0.964894 -0.221472 0.141172
50.26800156 -42.04700089 273.61801147 -0.916153 -0.359359 0.177549
34.95000076 -40.84700012 274.21798706 0.915638 -0.363708 0.171240
35.01399994 -40.84700012 273.91799927 0.886686 -0.420626 0.191993
35.25799942 -40.24700165 274.21798706 0.834563 -0.506211 0.217382
35.09899902 -40.54700089 274.21798706 0.875302 -0.427958 0.225163
35.31700134 -40.24700165 273.91799927 0.843240 -0.492016 0.216487
35.15200043 -40.54700089 273.91799927 0.862890 -0.454705 0.220600
50.44499969 -42.34700012 273.91799927 -0.984012 -0.145735 0.102376
50.34799957 -42.04700089 273.91799927 -0.937477 -0.311577 0.155102
50.47900009 -42.34700012 274.21798706 -0.999794 -0.017048 0.011031
50.38700104 -42.04700089 274.21798706 -0.949298 -0.279835 0.143265
35.40299988 -40.24700165 273.61801147 0.846726 -0.483194 0.222663
35.24399948 -40.54700089 273.61801147 0.860936 -0.458264 0.220868
35.48899841 -40.24700165 273.31799316 0.854340 -0.475968 0.208705
35.32899857 -40.54700089 273.31799316 0.852746 -0.471055 0.225682
50.36399841 -42.94699860 273.91799927 -0.930836 0.328775 -0.159532
50.44400024 -42.64699936 273.91799927 -0.985018 0.161614 -0.060163
50.26399994 -42.94699860 274.21798706 -0.899828 0.388133 -0.199154
50.42100143 -42.64699936 274.21798706 -0.968906 0.206069 -0.136952
35.38499832 -40.54700089 273.01800537 0.858999 -0.470582 0.201678
35.48400116 -40.54700089 272.71798706 0.851598 -0.482122 0.205765
35.56000137 -40.24700165 273.01800537 0.854875 -0.471915 0.215603
35.61299896 -40.24700165 272.71798706 0.846609 -0.486157 0.216574
50.47499847 -42.34700012 274.51800537 -0.997578 0.037342 -0.058681
50.42699814 -42.04700089 274.51800537 -0.985490 -0.148596 0.082025
50.43399811 -42.34700012 274.81799316 -0.975504 0.183610 -0.121157
50.46599960 -42.04700089 274.81799316 -0.999616 -0.005043 0.027235
35.71500015 -40.24700165 272.41799927 0.845199 -0.491395 0.210166
35.53400040 -40.54700089 272.41799927 0.849530 -0.485660 0.205992
35.78200150 -40.24700165 272.11801147 0.838215 -0.501716 0.213722
35.61399841 -40.54700089 272.11801147 0.841437 -0.504260 0.194178
36.74700165 -38.44699860 272.71798706 0.819402 -0.532535 0.212099
50.19699860 -42.94699860 274.51800537 -0.869773 0.438629 -0.226051
50.33399963 -42.64699936 274.51800537 -0.930459 0.322243 -0.174374
50.11899948 -42.94699860 274.81799316 -0.871120 0.449658 -0.197375
50.26900101 -42.64699936 274.81799316 -0.900817 0.396359 -0.177281
35.85900116 -40.24700165 271.81799316 0.845361 -0.488465 0.216255
35.66699982 -40.54700089 271.81799316 0.827810 -0.520988 0.208092
35.94800186 -40.24700165 271.51800537 0.845187 -0.487083 0.220022
35.76699829 -40.54700089 271.51800537 0.819113 -0.535398 0.205922
35.53900146 -40.84700012 271.51800537 0.838776 -0.507482 0.197271
50.05300140 -42.94699860 275.11801147 -0.857869 0.480228 -0.182873
50.22600174 -42.64699936 275.11801147 -0.896392 0.416029 -0.152973
49.99599838 -42.94699860 275.41799927 -0.846335 0.509573 -0.155088
50.17900085 -42.64699936 275.41799927 -0.875205 0.469726 -0.115647
35.63199997 -40.84700012 271.21798706 0.827644 -0.515556 0.221827
35.72600174 -40.84700012 270.91799927 0.830510 -0.505061 0.234876
35.56700134 -41.14699936 270.91799927 0.828260 -0.508635 0.235109
36.02399826 -40.24700165 271.21798706 0.852802 -0.485395 0.192665
35.84700012 -40.54700089 271.21798706 0.824734 -0.527040 0.205044
36.07099915 -40.24700165 270.91799927 0.856325 -0.485300 0.176608
35.89799881 -40.54700089 270.91799927 0.838007 -0.504623 0.207607
35.96900177 -40.54700089 270.61801147 0.852522 -0.463492 0.241624
36.08800125 -40.54700089 270.31799316 0.854009 -0.435468 0.284670
35.79600143 -40.84700012 270.61801147 0.829958 -0.485564 0.274584
35.60800171 -41.14699936 270.61801147 0.826601 -0.494720 0.268296
35.90900040 -40.84700012 270.31799316 0.827602 -0.481599 0.288336
35.73300171 -41.14699936 270.31799316 0.815181 -0.501046 0.290575
50.14199829 -42.64699936 275.71798706 -0.844573 0.527322 -0.092889
49.91999817 -42.94699860 276.01800537 -0.810163 0.579101 -0.090981
50.13499832 -42.64699936 276.01800537 -0.823579 0.564539 -0.054905
49.56999969 -43.54700089 275.71798706 -0.819979 0.528771 -0.219172
49.74100113 -43.24700165 275.71798706 -0.834322 0.523876 -0.171640
49.48099899 -43.54700089 276.01800537 -0.808357 0.560562 -0.179803
49.67300034 -43.24700165 276.01800537 -0.821044 0.549846 -0.153480
49.91299820 -42.94699860 275.71798706 -0.820664 0.555458 -0.134076
37.16899872 -47.44699860 273.61801147 0.893997 0.401059 -0.199800
37.11100006 -47.44699860 273.31799316 0.882899 0.411030 -0.227031
37.26100159 -47.74700165 273.31799316 0.891061 0.417185 -0.178794
37.31999969 -47.74700165 273.61801147 0.895635 0.402092 -0.190159
37.43700027 -48.04700089 273.61801147 0.900785 0.397954 -0.173836
37.58499908 -48.34700012 273.61801147 0.892791 0.374587 -0.250218
37.38399887 -48.04700089 273.31799316 0.906967 0.382560 -0.176235
37.53099823 -48.34700012 273.31799316 0.915805 0.345397 -0.204945
37.68500137 -48.64699936 273.61801147 0.876039 0.405601 -0.260851
37.86600113 -48.94699860 273.61801147 0.762246 0.602597 -0.236343
37.59400177 -48.64699936 273.31799316 0.880885 0.386987 -0.272547
37.61800003 -48.67599869 273.31799316 0.871065 0.407507 -0.274196
37.91799927 -49.00000000 273.61801147 0.762246 0.602597 -0.236343
38.16199875 -49.24700165 273.61801147 0.546316 0.787012 -0.286618
38.21799850 -49.32400131 273.61801147 0.477487 0.835989 -0.270422
49.42599869 -43.54700089 276.31799316 -0.818670 0.559056 -0.131282
49.66899872 -43.24700165 276.31799316 -0.796904 0.595119 -0.103817
35.83700180 -43.84700012 274.81799316 0.876747 0.455094 -0.155575
36.00400162 -44.14699936 274.81799316 0.770340 0.624318 -0.129632
35.76399994 -43.84700012 274.51800537 0.854616 0.486016 -0.182813
35.96300125 -44.14699936 274.51800537 0.772299 0.615119 -0.158692
42.41799927 -35.09299850 272.41799927 -0.047464 -0.890965 0.451585
42.11800003 -35.07300186 272.41799927 -0.052804 -0.900371 0.431907
42.41799927 -48.34700012 275.65301514 0.314977 0.702642 -0.638031
42.11800003 -48.34700012 275.65701294 0.100787 0.612027 -0.784388
35.78499985 -39.34700012 274.51800537 0.824607 -0.521690 0.218773
35.96900177 -39.04700089 274.51800537 0.840599 -0.482311 0.246514
35.68000031 -39.34700012 274.81799316 0.818157 -0.521208 0.242818
40.61800003 -47.68299866 278.11801147 0.074460 0.944470 -0.320049
40.31800079 -47.66600037 278.11801147 0.078364 0.933722 -0.349316
41.21799850 -47.72999954 278.11801147 0.076613 0.949217 -0.305152
40.91799927 -47.71599960 278.11801147 0.090310 0.948911 -0.302343
47.68000031 -46.24700165 276.61801147 -0.837476 0.504303 -0.210505
47.76300049 -46.24700165 276.31799316 -0.837476 0.504303 -0.210505
47.59999847 -46.54700089 276.31799316 -0.828983 0.522850 -0.198532
47.49499893 -46.54700089 276.61801147 -0.833752 0.512961 -0.204277
43.01800156 -47.84500122 278.11801147 0.030082 0.922078 -0.385834
42.71799850 -47.82600021 278.11801147 0.024500 0.929702 -0.367497
47.31600189 -46.84700012 276.61801147 -0.834563 0.506211 -0.217382
47.15299988 -47.14699936 276.61801147 -0.840058 0.505241 -0.197572
47.39400101 -46.84700012 276.31799316 -0.838554 0.511533 -0.187512
47.21099854 -47.14699936 276.31799316 -0.840412 0.512009 -0.177636
46.96900177 -47.44699860 276.61801147 -0.821108 0.540877 -0.182301
47.00299835 -47.44699860 276.31799316 -0.827986 0.530452 -0.181826
47.44699860 -46.84700012 276.01800537 -0.832929 0.523770 -0.178592
47.27700043 -47.14699936 276.01800537 -0.839532 0.513297 -0.178082
47.51300049 -46.84700012 275.71798706 -0.830421 0.521849 -0.195126
47.33499908 -47.14699936 275.71798706 -0.840159 0.506500 -0.193883
47.08800125 -47.44699860 276.01800537 -0.832929 0.523770 -0.178592
47.16199875 -47.44699860 275.71798706 -0.835998 0.517808 -0.181608
46.95700073 -47.74700165 275.71798706 -0.818208 0.542951 -0.189050
46.90800095 -47.74700165 276.01800537 -0.825622 0.532805 -0.185652
47.21400070 -47.44699860 275.41799927 -0.828847 0.527995 -0.185024
47.02899933 -47.74700165 275.41799927 -0.825391 0.528553 -0.198397
47.27899933 -47.44699860 275.11801147 -0.822740 0.534856 -0.192427
47.10400009 -47.74700165 275.11801147 -0.842362 0.493275 -0.217041
46.83499908 -48.04700089 275.41799927 -0.838057 0.493064 -0.233557
46.67800140 -48.34700012 275.41799927 -0.829895 0.516210 -0.211661
46.91400146 -48.04700089 275.11801147 -0.837386 0.495720 -0.230319
46.75500107 -48.34700012 275.11801147 -0.833080 0.507158 -0.220835
47.03400040 -48.04700089 274.81799316 -0.840382 0.498172 -0.213502
47.06499863 -48.04700089 274.51800537 -0.832867 0.505833 -0.224645
44.81800079 -47.94499969 278.11801147 0.065414 0.922476 -0.380471
44.51800156 -47.90999985 278.11801147 0.085699 0.915482 -0.393127
46.39699936 -49.24700165 274.21798706 -0.731940 0.630765 -0.257681
46.50999832 -49.24700165 273.91799927 -0.826109 0.516510 -0.225303
50.07300186 -42.64699936 271.21798706 -0.907668 -0.387783 0.160511
50.17499924 -42.94699860 271.21798706 -0.921057 -0.360898 0.146310
50.02999878 -42.64699936 270.91799927 -0.884344 -0.414859 0.214073
50.14599991 -42.94699860 270.91799927 -0.917505 -0.368403 0.149882
50.23099899 -43.24700165 270.61801147 -0.928063 -0.355689 0.110386
50.21799850 -43.24700165 270.57800293 -0.928063 -0.355689 0.110386
45.11800003 -48.22600174 277.51800537 0.049066 0.918995 -0.391203
45.41799927 -48.22999954 277.51800537 0.003875 0.915765 -0.401697
45.11800003 -48.08700180 277.81799316 0.054468 0.920642 -0.386590
45.41799927 -48.09400177 277.81799316 0.014166 0.925966 -0.377341
44.51800156 -48.16899872 277.51800537 0.049203 0.916234 -0.397611
44.81800079 -48.20299911 277.51800537 0.065881 0.915611 -0.396630
44.81800079 -48.06399918 277.81799316 0.065670 0.920727 -0.384641
44.51800156 -48.03300095 277.81799316 0.060205 0.919130 -0.389326
43.91799927 -48.15999985 277.51800537 0.049537 0.909065 -0.413698
44.21799850 -48.16500092 277.51800537 0.035724 0.914262 -0.403545
43.91799927 -48.00899887 277.81799316 0.035874 0.907492 -0.418536
44.21799850 -48.02500153 277.81799316 0.046927 0.907703 -0.416980
43.31800079 -48.08900070 277.51800537 0.063048 0.916203 -0.395724
43.61800003 -48.14699936 277.51800537 0.057418 0.917352 -0.393914
43.31800079 -47.98600006 277.81799316 0.054698 0.916522 -0.396226
43.61800003 -48.00500107 277.81799316 0.046989 0.906208 -0.420212
41.51800156 -47.97600174 277.51800537 0.100725 0.936068 -0.337092
41.81800079 -48.01399994 277.51800537 0.094618 0.939520 -0.329165
41.51800156 -47.85200119 277.81799316 0.069869 0.937304 -0.341437
41.81800079 -47.86899948 277.81799316 0.070197 0.933747 -0.350983
40.91799927 -47.90800095 277.51800537 0.056845 0.926702 -0.371474
41.21799850 -47.92699814 277.51800537 0.081533 0.931609 -0.354199
40.91799927 -47.81499863 277.81799316 0.075418 0.935445 -0.345334
41.21799850 -47.83800125 277.81799316 0.083471 0.939381 -0.332559
40.31800079 -47.90900040 277.51800537 0.043967 0.912653 -0.406364
40.61800003 -47.90100098 277.51800537 0.032774 0.921608 -0.386735
40.31800079 -47.75699997 277.81799316 0.067740 0.928436 -0.365264
40.61800003 -47.76100159 277.81799316 0.075300 0.936623 -0.342151
39.71799850 -47.60300064 278.11801147 0.095830 0.929952 -0.354974
40.01800156 -47.64300156 278.11801147 0.084656 0.928533 -0.361469
39.71799850 -47.70899963 277.81799316 0.091120 0.920719 -0.379439
40.01800156 -47.72399902 277.81799316 0.076568 0.922851 -0.377469
39.71799850 -47.84999847 277.51800537 0.083463 0.909888 -0.406371
40.01800156 -47.88499832 277.51800537 0.069012 0.910682 -0.407303
39.11800003 -47.54199982 278.11801147 0.126602 0.914036 -0.385370
39.41799927 -47.57199860 278.11801147 0.095738 0.929058 -0.357330
39.11800003 -47.63700104 277.81799316 0.092040 0.910780 -0.402502
39.41799927 -47.67499924 277.81799316 0.097176 0.915642 -0.390072
42.41799927 -48.16199875 277.21798706 0.089459 0.968933 -0.230578
42.11800003 -48.13299942 277.21798706 0.087575 0.975658 -0.201052
42.41799927 -48.19400024 276.91799927 0.159268 0.985101 -0.064887
42.11800003 -48.17100143 276.91799927 0.096437 0.994301 0.045447
42.71799850 -48.29600143 276.61801147 0.295928 0.946702 -0.127209
42.71799850 -48.32300186 276.31799316 0.470195 0.872809 -0.130849
47.23899841 -48.34700012 273.01800537 -0.828393 0.556510 -0.063723
47.44900131 -48.04700089 273.01800537 -0.830580 0.553248 -0.063673
34.82799911 -41.44699860 274.81799316 0.983927 0.156997 -0.085090
34.81299973 -41.44699860 274.51800537 0.993577 0.075390 -0.084392
34.84099960 -41.74700165 274.51800537 0.958132 0.237214 -0.160351
34.92200089 -41.74700165 274.81799316 0.946724 0.280360 -0.158465
36.05699921 -40.84700012 270.01800537 0.827271 -0.473843 0.301821
35.81800079 -41.14699936 270.06799316 0.815897 -0.481332 0.320362
35.83700180 -41.14699936 270.01800537 0.816304 -0.478414 0.323679
36.11800003 -40.67499924 270.01800537 0.835820 -0.454624 0.307769
36.51800156 -39.64699936 270.61801147 0.814839 -0.547778 0.189674
36.30400085 -39.94699860 270.61801147 0.826844 -0.527547 0.194996
36.59299850 -39.64699936 270.31799316 0.814721 -0.535476 0.222476
36.37500000 -39.94699860 270.31799316 0.828937 -0.494264 0.261851
36.58900070 -39.34700012 271.21798706 0.836471 -0.509748 0.201177
36.63999939 -39.34700012 270.91799927 0.830533 -0.523040 0.191429
48.05599976 -46.54700089 274.21798706 -0.847294 0.483518 -0.219781
48.15200043 -46.54700089 273.91799927 -0.838940 0.499116 -0.216941
48.34199905 -46.24700165 273.91799927 -0.820734 0.530344 -0.212443
48.26499939 -46.24700165 274.21798706 -0.812088 0.541904 -0.216455
48.01900101 -46.54700089 274.51800537 -0.857575 0.470089 -0.208762
47.93099976 -46.54700089 274.81799316 -0.857513 0.474400 -0.199039
48.08300018 -46.24700165 274.81799316 -0.821406 0.537015 -0.192115
48.60400009 -45.34700012 275.11801147 -0.850732 0.471618 -0.232018
48.52000046 -45.34700012 275.41799927 -0.843937 0.489392 -0.219696
48.70299911 -45.04700089 275.41799927 -0.829696 0.525524 -0.188225
48.76300049 -45.04700089 275.11801147 -0.836568 0.505585 -0.211040
48.45199966 -45.34700012 275.71798706 -0.827527 0.523848 -0.201947
48.65000153 -45.04700089 275.71798706 -0.828162 0.525360 -0.195307
48.38600159 -45.34700012 276.01800537 -0.826712 0.526365 -0.198714
48.58300018 -45.04700089 276.01800537 -0.835045 0.510726 -0.204594
48.83900070 -44.74700165 275.71798706 -0.835959 0.509436 -0.204077
49.00699997 -44.44699860 275.71798706 -0.834363 0.509129 -0.211250
48.75299835 -44.74700165 276.01800537 -0.829338 0.511654 -0.224517
48.94499969 -44.44699860 276.01800537 -0.835283 0.507840 -0.210716
48.85800171 -44.44699860 276.31799316 -0.830746 0.528385 -0.175130
48.79499817 -44.44699860 276.61801147 -0.828859 0.537196 -0.156248
38.51800156 -48.31700134 276.31799316 0.327496 0.882881 -0.336551
38.81800079 -48.34500122 276.31799316 0.109054 0.915227 -0.387901
38.51800156 -48.18899918 276.61801147 0.370641 0.846062 -0.383152
38.81800079 -48.23600006 276.61801147 0.109054 0.915227 -0.387901
40.31800079 -49.54700089 273.70599365 0.066331 0.945548 -0.318651
39.71799850 -49.43999863 273.91799927 0.031480 0.950701 -0.308506
40.01800156 -49.40999985 273.91799927 0.026739 0.940972 -0.337426
39.71799850 -49.31900024 274.21798706 0.019354 0.927679 -0.372878
40.01800156 -49.33200073 274.21798706 0.042712 0.938368 -0.342990
39.71799850 -49.15999985 274.51800537 0.049796 0.903055 -0.426629
40.01800156 -49.19599915 274.51800537 0.090758 0.922481 -0.375223
39.71799850 -49.06499863 274.81799316 0.055145 0.907872 -0.415604
40.01800156 -49.05099869 274.81799316 0.075350 0.902835 -0.423333
48.11800003 -39.64699936 269.05099487 -0.861725 -0.314891 0.397837
45.11800003 -48.47200012 276.91799927 0.057968 0.907259 -0.416557
45.41799927 -48.49200058 276.91799927 0.001294 0.912042 -0.410095
45.11800003 -48.34899902 277.21798706 0.057719 0.914105 -0.401347
45.41799927 -48.36000061 277.21798706 0.024946 0.912495 -0.408325
44.51800156 -48.45100021 276.91799927 0.038571 0.908409 -0.416299
44.81800079 -48.47200012 276.91799927 0.049658 0.908599 -0.414708
48.55300140 -44.74700165 276.91799927 -0.830736 0.539611 -0.136741
35.00000000 -40.54700089 274.51800537 0.898727 -0.376791 0.224315
35.16099930 -40.24700165 274.51800537 0.846529 -0.481777 0.226450
35.08200073 -40.24700165 274.81799316 0.856809 -0.460894 0.231203
37.16099930 -38.14699936 271.81799316 0.820542 -0.539473 0.188891
37.22200012 -38.14699936 271.51800537 0.816731 -0.543982 0.192439
47.81800079 -39.37300110 271.81799316 -0.745272 -0.660349 -0.092244
36.33100128 -40.24700165 270.01800537 0.843702 -0.436612 0.312310
36.15399933 -40.54700089 270.01800537 0.845131 -0.421787 0.328403
36.41799927 -40.24700165 269.82699585 0.826949 -0.437983 0.352600
36.46500015 -40.24700165 269.71798706 0.826751 -0.425231 0.368323
36.66899872 -39.64699936 270.01800537 0.821639 -0.500467 0.272840
36.47600174 -39.94699860 270.01800537 0.824922 -0.472955 0.309542
36.60900116 -39.94699860 269.71798706 0.812197 -0.454766 0.365409
37.83300018 -38.44699860 268.81799316 0.826470 -0.444050 0.346074
37.58300018 -38.44699860 269.41799927 0.837527 -0.469077 0.280208
37.38800049 -38.74700165 269.41799927 0.830917 -0.494850 0.254362
37.66099930 -38.44699860 269.11801147 0.831114 -0.464860 0.305211
37.49700165 -38.74700165 269.11801147 0.810206 -0.500654 0.304814
34.98600006 -43.84700012 271.21798706 0.941727 0.239235 -0.236469
35.13700104 -44.14699936 271.51800537 0.924721 0.284420 -0.252976
35.04700089 -43.84700012 271.51800537 0.929314 0.281482 -0.239047
35.24000168 -44.14699936 271.81799316 0.899850 0.315763 -0.300938
35.13999939 -43.84700012 271.81799316 0.918525 0.311925 -0.242928
34.97299957 -43.54700089 271.51800537 0.935064 0.291249 -0.202063
35.03799820 -43.54700089 271.81799316 0.924325 0.319467 -0.208719
34.92599869 -43.24700165 271.81799316 0.929995 0.320254 -0.180405
34.86500168 -43.24700165 271.51800537 0.946031 0.280959 -0.161517
35.09999847 -43.54700089 272.11801147 0.913879 0.341086 -0.220194
34.98199844 -43.24700165 272.11801147 0.923974 0.329688 -0.193851
35.17200089 -43.54700089 272.41799927 0.904573 0.367347 -0.216343
35.06100082 -43.24700165 272.41799927 0.908027 0.374400 -0.187917
35.25699997 -43.54700089 272.71798706 0.897736 0.398833 -0.187089
35.11199951 -43.24700165 272.71798706 0.904525 0.383956 -0.185507
35.30899811 -43.54700089 273.01800537 0.901379 0.393722 -0.180276
35.16600037 -43.24700165 273.01800537 0.908513 0.376282 -0.181703
34.94900131 -42.94699860 272.41799927 0.926638 0.341393 -0.157459
34.97299957 -42.94699860 272.71798706 0.912385 0.364097 -0.187046
35.05099869 -42.94699860 273.01800537 0.913780 0.358934 -0.190192
34.94900131 -42.64699936 273.01800537 0.923046 0.330368 -0.197087
35.35599899 -43.54700089 273.31799316 0.905009 0.379613 -0.191972
35.23799896 -43.24700165 273.31799316 0.909489 0.373822 -0.181898
35.43099976 -43.54700089 273.61801147 0.893301 0.397512 -0.209757
35.29000092 -43.24700165 273.61801147 0.900903 0.391886 -0.186543
35.13000107 -42.94699860 273.31799316 0.914730 0.364474 -0.174437
35.00600052 -42.64699936 273.31799316 0.914613 0.368955 -0.165394
35.15999985 -42.94699860 273.61801147 0.905558 0.393783 -0.157797
35.04100037 -42.64699936 273.61801147 0.910165 0.391273 -0.136034
35.20899963 -42.94699860 273.91799927 0.900571 0.402322 -0.164651
35.09099960 -42.64699936 273.91799927 0.906863 0.393116 -0.151853
35.27199936 -42.94699860 274.21798706 0.892859 0.410861 -0.184379
35.13899994 -42.64699936 274.21798706 0.905867 0.387820 -0.170297
34.95399857 -42.34700012 273.91799927 0.917835 0.362340 -0.162137
35.01399994 -42.34700012 274.21798706 0.914287 0.362587 -0.180582
35.34099960 -42.94699860 274.51800537 0.882706 0.422933 -0.204835
35.19100189 -42.64699936 274.51800537 0.904000 0.384957 -0.185990
35.41299820 -42.94699860 274.81799316 0.874947 0.439694 -0.202822
35.25600052 -42.64699936 274.81799316 0.893929 0.399415 -0.203365
35.07799911 -42.34700012 274.51800537 0.909982 0.371158 -0.184863
34.97100067 -42.04700089 274.51800537 0.931023 0.312208 -0.189005
35.12799835 -42.34700012 274.81799316 0.916067 0.351895 -0.192331
35.01800156 -42.04700089 274.81799316 0.920121 0.341678 -0.191397
41.21799850 -36.32300186 269.41799927 -0.068339 -0.920562 0.384572
40.91799927 -36.29299927 269.41799927 -0.048433 -0.930690 0.362589
35.20100021 -42.34700012 275.11801147 0.905009 0.379613 -0.191972
35.08300018 -42.04700089 275.11801147 0.915673 0.362010 -0.174617
35.26200104 -42.34700012 275.41799927 0.903512 0.384749 -0.188772
35.14899826 -42.04700089 275.41799927 0.902994 0.387409 -0.185784
48.95600128 -41.14699936 269.71798706 -0.874172 -0.334107 0.352415
48.84999847 -40.84700012 269.71798706 -0.889718 -0.334582 0.310576
49.10400009 -41.14699936 270.01800537 -0.879767 -0.337673 0.334645
48.96200180 -40.84700012 270.01800537 -0.878302 -0.376415 0.294783
35.31600189 -42.34700012 275.71798706 0.893997 0.401059 -0.199800
35.19200134 -42.04700089 275.71798706 0.908002 0.372698 -0.191386
35.38999939 -42.34700012 276.01800537 0.889676 0.396887 -0.225739
35.28499985 -42.04700089 276.01800537 0.894515 0.398373 -0.202835
35.06299973 -41.74700165 275.71798706 0.903401 0.378471 -0.201561
34.96799850 -41.44699860 275.71798706 0.908078 0.387958 -0.157741
49.29600143 -41.74700165 270.01800537 -0.885392 -0.302146 0.353255
49.21099854 -41.44699860 270.01800537 -0.873164 -0.330675 0.358104
49.20500183 -41.14699936 270.31799316 -0.876116 -0.378081 0.299125
49.06600189 -40.84700012 270.31799316 -0.872511 -0.406768 0.270675
49.30300140 -41.14699936 270.61801147 -0.891912 -0.393621 0.222610
49.15999985 -40.84700012 270.61801147 -0.891588 -0.398057 0.215920
48.75000000 -40.54700089 269.71798706 -0.904112 -0.336653 0.263148
48.82099915 -40.54700089 270.01800537 -0.893646 -0.361324 0.266161
48.72100067 -40.24700165 270.01800537 -0.896843 -0.369635 0.242987
48.88499832 -40.54700089 270.31799316 -0.875007 -0.403501 0.267489
48.78099823 -40.24700165 270.31799316 -0.886805 -0.393640 0.242126
49.02500153 -40.54700089 270.61801147 -0.891496 -0.381222 0.244754
48.90800095 -40.24700165 270.61801147 -0.873818 -0.427166 0.232319
48.11800003 -38.74700165 272.39599609 -0.597181 0.100747 0.795754
48.14699936 -38.44699860 272.11801147 -0.867308 0.217201 0.447884
48.41799927 -38.74700165 272.49200439 -0.751630 -0.020995 0.659251
48.33900070 -38.44699860 272.41799927 -0.781150 0.049619 0.622368
48.17900085 -38.14699936 272.11801147 -0.922704 -0.088070 0.375314
48.31200027 -38.14699936 272.41799927 -0.936678 -0.134980 0.323133
48.16699982 -37.84700012 272.41799927 -0.908254 -0.354900 0.221631
48.36700058 -38.14699936 272.71798706 -0.914829 -0.319395 0.247134
48.22399902 -37.84700012 272.71798706 -0.891263 -0.409893 0.194006
48.41500092 -38.14699936 273.01800537 -0.899327 -0.390822 0.196137
48.28900146 -37.84700012 273.01800537 -0.893394 -0.399176 0.206168
48.13899994 -37.54700089 273.01800537 -0.885000 -0.416731 0.207629
48.09099960 -37.54700089 272.71798706 -0.884364 -0.428295 0.185643
47.94400024 -37.24700165 272.71798706 -0.891187 -0.412776 0.188156
47.99399948 -37.24700165 273.01800537 -0.883882 -0.422087 0.201484
35.41999817 -41.74700165 270.31799316 0.823737 -0.453767 0.339930
35.24700165 -41.74700165 270.61801147 0.832164 -0.481942 0.274289
35.42100143 -41.44699860 270.61801147 0.825487 -0.492805 0.275162
48.03400040 -39.04700089 269.41799927 -0.892058 -0.395327 0.218973
47.93500137 -39.04700089 269.11801147 -0.887476 -0.328862 0.322855
48.08300018 -39.34700012 269.11801147 -0.864642 -0.336335 0.373194
34.80799866 -41.14699936 275.11801147 0.995083 0.093050 0.033936
34.77000046 -40.84700012 275.11801147 0.982544 -0.127840 0.135145
34.75000000 -41.14699936 275.41799927 0.975967 0.187734 -0.110651
34.72700119 -40.84700012 275.41799927 0.994704 0.018481 0.101101
34.91699982 -40.54700089 274.81799316 0.918784 -0.328240 0.219304
49.78699875 -42.64699936 270.31799316 -0.854730 -0.392462 0.339720
49.91799927 -42.64699936 270.61801147 -0.865163 -0.416560 0.279233
46.31800079 -35.17399979 272.71798706 -0.036696 -0.876628 0.479767
46.61800003 -35.23400116 272.71798706 -0.225929 -0.905172 0.360028
47.73400116 -39.04700089 268.81799316 -0.820864 -0.256035 0.510518
34.70600128 -42.64699936 271.21798706 0.995239 -0.060753 0.076217
34.75500107 -42.94699860 271.21798706 0.987915 0.151899 -0.030837
34.74399948 -42.64699936 270.91799927 0.960095 -0.210559 0.184073
34.75799942 -42.94699860 270.91799927 0.984464 0.031308 0.172774
39.41799927 -48.35699844 276.31799316 0.065670 0.920727 -0.384641
40.61800003 -48.42200089 276.31799316 -0.398703 0.882523 -0.249376
40.31800079 -48.47600174 276.31799316 -0.068897 0.914568 -0.398520
40.61800003 -48.26200104 276.61801147 -0.225703 0.935055 -0.273367
40.31800079 -48.29199982 276.61801147 -0.030339 0.911477 -0.410231
41.21799850 -48.05699921 276.61801147 -0.140329 0.900092 0.412483
40.91799927 -48.20199966 276.61801147 -0.404118 0.912306 0.066227
41.03900146 -48.04700089 276.31799316 -0.556732 0.680451 0.476483
41.21799850 -48.06999969 277.21798706 0.051492 0.960768 -0.272532
40.91799927 -48.05899811 277.21798706 0.034726 0.937601 -0.345974
41.21799850 -48.17100143 276.91799927 -0.016055 0.996469 -0.082415
40.91799927 -48.18199921 276.91799927 -0.048906 0.996601 -0.066295
35.06800079 -40.84700012 273.61801147 0.855493 -0.477938 0.199266
35.16699982 -40.84700012 273.31799316 0.847326 -0.493399 0.196460
34.95800018 -41.14699936 273.31799316 0.880189 -0.437898 0.183068
35.22200012 -40.84700012 273.01800537 0.838148 -0.505909 0.203874
35.03900146 -41.14699936 273.01800537 0.844203 -0.503533 0.183782
35.28699875 -40.84700012 272.71798706 0.842313 -0.502985 0.193687
35.11500168 -41.14699936 272.71798706 0.835813 -0.508162 0.207816
34.92399979 -41.44699860 272.71798706 0.889147 -0.424992 0.169707
34.82699966 -41.74700165 272.41799927 0.939180 -0.293752 0.177906
34.90399933 -41.74700165 272.11801147 0.914246 -0.345892 0.210980
34.99200058 -41.44699860 272.41799927 0.860980 -0.467048 0.201443
35.05099869 -41.44699860 272.11801147 0.850881 -0.476070 0.222166
37.22900009 -38.74700165 270.01800537 0.843851 -0.497887 0.200057
37.30599976 -38.74700165 269.71798706 0.827658 -0.508265 0.238009
37.39500046 -38.44699860 270.01800537 0.850732 -0.471618 0.232018
37.49499893 -38.44699860 269.71798706 0.842115 -0.484484 0.236893
36.10400009 -38.74700165 274.51800537 0.844984 -0.460201 0.272427
42.71799850 -49.65200043 273.61801147 0.052009 0.994813 -0.087420
43.01800156 -49.70500183 273.61801147 0.078433 0.981012 -0.177379
37.90800095 -36.34700012 273.31799316 0.837222 -0.475096 0.270820
38.23899841 -35.74700165 273.31799316 0.833928 -0.476752 0.277976
38.79199982 -35.14699936 272.71798706 0.721199 -0.662262 0.203176
38.70199966 -35.14699936 273.01800537 0.731462 -0.657856 0.179415
48.75400162 -45.64699936 273.91799927 -0.821525 0.527795 -0.215708
48.55500031 -45.94699860 273.91799927 -0.811095 0.553364 -0.189508
48.48099899 -45.94699860 274.21798706 -0.813549 0.544910 -0.203006
48.65999985 -45.64699936 274.21798706 -0.829904 0.512003 -0.221613
48.39099884 -45.94699860 274.51800537 -0.807376 0.554022 -0.202989
48.56399918 -45.64699936 274.51800537 -0.828330 0.521316 -0.205183
48.32500076 -45.94699860 274.81799316 -0.808688 0.556826 -0.189655
48.52399826 -45.64699936 274.81799316 -0.835181 0.511982 -0.200866
48.16799927 -46.24700165 274.51800537 -0.815925 0.541408 -0.202837
48.26499939 -45.94699860 275.11801147 -0.808741 0.551901 -0.203332
48.45199966 -45.64699936 275.11801147 -0.837480 0.500056 -0.220389
48.16799927 -45.94699860 275.41799927 -0.824800 0.518752 -0.224946
48.35900116 -45.64699936 275.41799927 -0.833455 0.495775 -0.244050
47.86000061 -46.54700089 275.11801147 -0.840922 0.498492 -0.210609
48.05599976 -46.24700165 275.11801147 -0.822532 0.539834 -0.178942
47.78799820 -46.54700089 275.41799927 -0.822942 0.530882 -0.202313
47.97100067 -46.24700165 275.41799927 -0.827902 0.529314 -0.185486
47.71400070 -46.54700089 275.71798706 -0.820123 0.542218 -0.182753
47.91899872 -46.24700165 275.71798706 -0.834264 0.513277 -0.201374
47.63999939 -46.54700089 276.01800537 -0.821406 0.537015 -0.192115
47.84799957 -46.24700165 276.01800537 -0.841712 0.501413 -0.200264
40.31800079 -36.47200012 268.81799316 -0.063974 -0.902440 0.426039
40.61800003 -36.67100143 268.51800537 -0.042279 -0.876954 0.478711
40.31800079 -36.65200043 268.51800537 -0.031510 -0.858995 0.511013
41.21799850 -36.89199829 268.21798706 -0.083847 -0.845571 0.527238
40.91799927 -36.83100128 268.21798706 -0.065143 -0.877352 0.475405
41.21799850 -36.42499924 269.11801147 -0.063135 -0.914791 0.398962
40.91799927 -36.43500137 269.11801147 -0.077230 -0.914568 0.396990
38.81800079 -47.79999924 277.51800537 0.064922 0.882662 -0.465504
38.51800156 -47.77099991 277.51800537 0.274394 0.835585 -0.475927
38.81800079 -47.59099960 277.81799316 0.154795 0.881027 -0.447024
38.51800156 -47.57300186 277.81799316 0.376981 0.803691 -0.460398
38.81800079 -47.92499924 277.21798706 0.111320 0.889150 -0.443870
38.51800156 -47.90299988 277.21798706 0.250981 0.889571 -0.381669
38.81800079 -48.07600021 276.91799927 0.138844 0.888891 -0.436573
38.51800156 -48.06499863 276.91799927 0.355374 0.840687 -0.408602
39.41799927 -47.94900131 277.21798706 0.069474 0.903157 -0.423653
39.11800003 -47.91699982 277.21798706 0.052608 0.902431 -0.427610
39.41799927 -48.09700012 276.91799927 0.047056 0.902134 -0.428883
39.11800003 -48.10599899 276.91799927 0.033268 0.903562 -0.427163
39.41799927 -48.24399948 276.61801147 0.032603 0.924618 -0.379498
39.11800003 -48.26699829 276.61801147 0.043481 0.923640 -0.380787
39.11800003 -48.31100082 276.31799316 0.043061 0.930379 -0.364061
40.01800156 -48.01900101 277.21798706 0.080094 0.916332 -0.392326
39.71799850 -47.99100113 277.21798706 0.095000 0.910076 -0.403407
40.01800156 -48.14400101 276.91799927 0.051838 0.918458 -0.392106
39.71799850 -48.11700058 276.91799927 0.055206 0.908886 -0.413375
38.81800079 -36.92499924 268.21798706 0.642617 -0.649259 0.406825
38.81800079 -36.94699860 268.15100098 0.598119 -0.614967 0.513877
50.06299973 -42.94699860 270.61801147 -0.867324 -0.444897 0.223197
38.66999817 -37.24700165 268.21798706 0.854839 -0.434326 0.283923
35.51800156 -41.54499817 270.31799316 0.828927 -0.462256 0.314961
35.54800034 -41.44699860 270.31799316 0.828927 -0.462256 0.314961
35.44499969 -41.14699936 271.21798706 0.845972 -0.494360 0.199848
40.01800156 -35.19100189 271.81799316 -0.051910 -0.917078 0.395315
39.71799850 -35.17599869 271.81799316 -0.011632 -0.918949 0.394205
40.01800156 -35.33599854 271.51800537 -0.080544 -0.910561 0.405452
39.71799850 -35.30699921 271.51800537 -0.038715 -0.906456 0.420521
43.91799927 -36.90200043 268.51800537 -0.053067 -0.893982 0.444950
44.21799850 -36.89099884 268.51800537 -0.035921 -0.906006 0.421738
43.91799927 -36.78200150 268.81799316 -0.061269 -0.899978 0.431608
44.21799850 -36.77000046 268.81799316 -0.046865 -0.909183 0.413752
43.31800079 -36.85100174 268.51800537 -0.070674 -0.879955 0.469771
43.61800003 -36.89599991 268.51800537 -0.070262 -0.888606 0.453258
43.31800079 -36.69400024 268.81799316 -0.072541 -0.901969 0.425664
43.61800003 -36.72000122 268.81799316 -0.083917 -0.903829 0.419586
42.11800003 -36.49700165 269.11801147 -0.040867 -0.921485 0.386259
42.41799927 -36.47499847 269.11801147 -0.065509 -0.921134 0.383694
42.11800003 -36.36199951 269.41799927 -0.053917 -0.929733 0.364266
42.41799927 -36.39099884 269.41799927 -0.048259 -0.935185 0.350857
48.59000015 -39.04700089 272.71798706 -0.669886 -0.136375 0.729832
48.41799927 -39.04700089 272.59698486 -0.716374 -0.079920 0.693124
48.11800003 -39.04700089 272.42300415 -0.553118 0.006795 0.833075
48.41799927 -39.34700012 272.55899048 -0.633874 -0.165689 0.755481
48.24300003 -39.34700012 272.41799927 -0.609643 -0.171795 0.773836
48.11999893 -39.64699936 271.81799316 -0.675817 -0.735573 -0.046951
48.40999985 -39.94699860 271.81799316 -0.628585 -0.776154 -0.049662
48.11800003 -39.37799835 271.51800537 -0.567036 -0.674087 -0.473367
48.41799927 -39.69300079 271.51800537 -0.648857 -0.678276 -0.344858
48.41799927 -39.95399857 271.81799316 -0.628585 -0.776154 -0.049662
49.62799835 -42.04700089 270.61801147 -0.910089 -0.338199 0.239497
49.77999878 -42.34700012 270.61801147 -0.881247 -0.388830 0.268728
49.52399826 -42.04700089 270.31799316 -0.886193 -0.353575 0.299410
49.66099930 -42.34700012 270.31799316 -0.882624 -0.366628 0.294208
37.57899857 -48.04700089 274.21798706 0.871870 0.427682 -0.238601
37.75500107 -48.34700012 274.21798706 0.872491 0.427986 -0.235768
37.50899887 -48.04700089 273.91799927 0.881751 0.414854 -0.224527
37.66699982 -48.34700012 273.91799927 0.880157 0.410939 -0.237598
38.45399857 -37.24700165 268.81799316 0.849158 -0.448466 0.278943
38.31100082 -37.54700089 268.81799316 0.852517 -0.422391 0.307896
38.39899826 -37.54700089 268.51800537 0.859920 -0.410731 0.303049
49.76100159 -42.04700089 271.21798706 -0.896696 -0.401268 0.186872
49.90200043 -42.34700012 271.21798706 -0.892078 -0.417845 0.172054
49.71699905 -42.04700089 270.91799927 -0.900247 -0.382496 0.207973
49.86000061 -42.34700012 270.91799927 -0.881952 -0.419483 0.214929
49.50699997 -41.44699860 271.21798706 -0.919823 -0.362609 0.149804
49.63899994 -41.74700165 271.21798706 -0.908426 -0.380769 0.172558
49.45299911 -41.44699860 270.91799927 -0.908461 -0.379122 0.175970
49.59600067 -41.74700165 270.91799927 -0.913246 -0.370696 0.169014
42.71799850 -36.98699951 268.21798706 -0.022986 -0.869425 0.493530
43.01800156 -36.98600006 268.21798706 -0.033937 -0.875568 0.481902
42.11800003 -36.97200012 268.21798706 -0.037455 -0.839279 0.542410
42.41799927 -36.99200058 268.21798706 -0.034516 -0.846328 0.531543
42.11800003 -36.75500107 268.51800537 -0.048055 -0.871849 0.487412
42.41799927 -36.79199982 268.51800537 -0.059654 -0.869838 0.489717
42.11800003 -36.60599899 268.81799316 -0.061112 -0.903097 0.425067
42.41799927 -36.64300156 268.81799316 -0.063734 -0.904479 0.421729
34.83300018 -42.04700089 271.81799316 0.943225 -0.305438 0.130518
34.72399902 -42.34700012 271.81799316 0.990417 -0.137341 -0.014516
34.86600113 -42.04700089 271.51800537 0.903675 -0.401476 0.148957
34.72000122 -42.34700012 271.51800537 0.981673 -0.180551 0.060981
47.76399994 -38.44699860 269.41799927 -0.898318 -0.379550 0.221282
47.90999985 -38.74700165 269.41799927 -0.902725 -0.366048 0.226046
47.73300171 -38.44699860 269.11801147 -0.899029 -0.346916 0.267199
47.85200119 -38.74700165 269.11801147 -0.895390 -0.332233 0.296477
45.11800003 -47.96500015 278.11801147 0.062572 0.925274 -0.374103
45.41799927 -47.96699905 278.11801147 0.006397 0.924977 -0.379970
45.11800003 -47.85699844 278.41799927 0.045434 0.935948 -0.349196
45.41799927 -47.87500000 278.41799927 0.053394 0.938946 -0.339896
46.83700180 -48.34700012 274.81799316 -0.833601 0.511700 -0.208021
46.89699936 -48.34700012 274.51800537 -0.834363 0.509129 -0.211250
47.40599823 -48.04700089 273.61801147 -0.830587 0.517788 -0.204989
47.18399811 -48.34700012 273.61801147 -0.797947 0.573002 -0.186948
47.42800140 -48.04700089 273.31799316 -0.835006 0.538760 -0.111818
47.22100067 -48.34700012 273.31799316 -0.813099 0.569902 -0.118668
47.70299911 -47.44699860 273.61801147 -0.848860 0.483986 -0.212592
47.55599976 -47.74700165 273.61801147 -0.854979 0.477650 -0.202140
47.75299835 -47.44699860 273.31799316 -0.853049 0.491060 -0.176544
47.59600067 -47.74700165 273.31799316 -0.852148 0.505462 -0.135470
47.51800156 -47.95700073 272.71798706 -0.827492 0.555949 -0.078605
47.85699844 -47.44699860 273.01800537 -0.847486 0.509667 -0.148347
47.65200043 -47.74700165 273.01800537 -0.836908 0.535215 -0.114585
47.88199997 -47.44699860 272.71798706 -0.855349 0.514884 -0.057209
47.67599869 -47.74700165 272.71798706 -0.819423 0.565963 -0.090727
46.35200119 -48.94699860 275.11801147 -0.704945 0.660589 -0.258216
46.55199814 -48.64699936 275.11801147 -0.811270 0.544425 -0.213169
46.31800079 -48.84000015 275.41799927 -0.717967 0.651693 -0.244582
46.48199844 -48.64699936 275.41799927 -0.737376 0.641129 -0.212675
45.71799850 -49.30599976 275.11801147 -0.068631 0.916420 -0.394289
46.01800156 -49.24700165 275.11801147 -0.420914 0.830793 -0.364162
45.71799850 -49.16400146 275.41799927 -0.046626 0.912543 -0.406315
46.01800156 -49.10499954 275.41799927 -0.427050 0.830463 -0.357714
46.42399979 -48.64699936 275.71798706 -0.714192 0.670813 -0.199850
46.36899948 -48.64699936 276.01800537 -0.676159 0.695073 -0.244300
45.71799850 -48.91799927 276.01800537 -0.041162 0.912214 -0.407641
46.01800156 -48.86000061 276.01800537 -0.315342 0.882656 -0.348536
46.60300064 -48.34700012 275.71798706 -0.840942 0.503963 -0.197072
46.75500107 -48.04700089 275.71798706 -0.839840 0.509313 -0.187800
46.52299881 -48.34700012 276.01800537 -0.845865 0.484436 -0.223235
46.68099976 -48.04700089 276.01800537 -0.838241 0.515496 -0.177809
38.56299973 -37.24700165 268.51800537 0.859627 -0.413667 0.299870
38.27700043 -37.24700165 269.41799927 0.848860 -0.483986 0.212592
38.11100006 -37.54700089 269.41799927 0.842115 -0.484484 0.236893
38.33399963 -37.24700165 269.11801147 0.848070 -0.466056 0.252129
38.21400070 -37.54700089 269.11801147 0.845185 -0.463389 0.266333
46.45399857 -48.34700012 276.31799316 -0.742667 0.619677 -0.253863
46.65700150 -48.04700089 276.31799316 -0.823921 0.529555 -0.201807
46.31999969 -48.34700012 276.61801147 -0.682294 0.669451 -0.293788
46.58200073 -48.04700089 276.61801147 -0.809583 0.554405 -0.192902
46.31800079 -48.57600021 276.31799316 -0.601080 0.718364 -0.350223
48.12200165 -45.64699936 276.31799316 -0.831009 0.523339 -0.188523
48.05699921 -45.64699936 276.61801147 -0.833244 0.519836 -0.188346
47.86899948 -45.94699860 276.61801147 -0.834524 0.510408 -0.207495
47.93799973 -45.94699860 276.31799316 -0.844448 0.499469 -0.193488
48.00699997 -45.94699860 276.01800537 -0.848158 0.486599 -0.209403
48.07699966 -45.94699860 275.71798706 -0.839452 0.495140 -0.223956
47.58800125 -46.84700012 275.41799927 -0.825365 0.519107 -0.222037
47.68600082 -46.84700012 275.11801147 -0.831192 0.502403 -0.238142
46.82300186 -47.74700165 276.31799316 -0.830241 0.526971 -0.181662
46.75699997 -47.74700165 276.61801147 -0.825156 0.532505 -0.188564
46.96099854 -48.64699936 273.61801147 -0.795715 0.572731 -0.197020
47.02099991 -48.64699936 273.31799316 -0.806394 0.569131 -0.160678
46.72800064 -48.94699860 273.61801147 -0.830163 0.525820 -0.185318
46.80099869 -48.94699860 273.31799316 -0.810765 0.557118 -0.179667
44.21799850 -48.29199982 277.21798706 0.027636 0.911991 -0.409277
43.91799927 -48.27399826 277.21798706 0.043741 0.915918 -0.398974
45.41799927 -48.64400101 276.61801147 0.016944 0.916295 -0.400146
45.11800003 -48.62200165 276.61801147 0.038511 0.912310 -0.407685
45.41799927 -48.76399994 276.31799316 0.009072 0.916268 -0.400462
45.11800003 -48.75299835 276.31799316 0.049066 0.918995 -0.391203
47.91799927 -36.94699860 273.31799316 -0.889315 -0.392127 0.235276
47.82400131 -36.64699936 273.31799316 -0.899009 -0.360486 0.248662
48.03799820 -36.94699860 273.61801147 -0.883319 -0.388420 0.262446
48.22200012 -37.54700089 273.31799316 -0.881641 -0.411829 0.230446
48.30199814 -37.54700089 273.61801147 -0.884060 -0.401032 0.240023
48.15399933 -37.24700165 273.61801147 -0.874157 -0.413758 0.254273
48.08599854 -37.24700165 273.31799316 -0.884443 -0.405803 0.230401
48.39400101 -37.54700089 273.91799927 -0.892782 -0.388102 0.228729
48.49300003 -38.14699936 273.31799316 -0.896624 -0.392182 0.205568
48.35900116 -37.84700012 273.31799316 -0.886915 -0.404220 0.223580
48.56900024 -38.14699936 273.61801147 -0.903637 -0.371059 0.213904
48.45399857 -37.84700012 273.61801147 -0.898318 -0.379550 0.221282
48.61800003 -38.14699936 273.91799927 -0.915617 -0.342461 0.210635
48.51100159 -37.84700012 273.91799927 -0.905850 -0.354463 0.231932
48.63399887 -38.44699860 273.31799316 -0.897217 -0.396986 0.193403
48.68999863 -38.44699860 273.61801147 -0.911902 -0.369613 0.178385
48.76800156 -38.74700165 273.31799316 -0.894558 -0.402915 0.193457
48.79999924 -38.74700165 273.61801147 -0.906378 -0.386817 0.169857
49.04000092 -39.34700012 273.31799316 -0.881974 -0.375404 0.284945
48.89799881 -39.04700089 273.31799316 -0.891611 -0.361705 0.272395
49.07600021 -39.34700012 273.61801147 -0.900903 -0.391886 0.186543
48.93700027 -39.04700089 273.61801147 -0.898001 -0.406615 0.168106
48.71799850 -39.34700012 272.78698730 -0.745984 -0.222705 0.627623
48.91099930 -39.34700012 273.01800537 -0.859383 -0.309009 0.407400
48.80099869 -39.04700089 273.01800537 -0.851038 -0.327084 0.410792
48.80400085 -39.64699936 272.71798706 -0.674033 -0.329708 0.661039
49.19900131 -39.94699860 273.01800537 -0.816719 -0.481817 0.317525
49.02899933 -39.64699936 273.01800537 -0.846020 -0.367495 0.386261
49.42499924 -40.54700089 272.71798706 -0.843859 -0.458183 0.279230
49.51200104 -40.54700089 273.01800537 -0.883491 -0.411306 0.224214
49.34199905 -40.24700165 273.01800537 -0.848436 -0.473723 0.236100
49.27199936 -40.24700165 272.71798706 -0.803046 -0.500910 0.322809
49.82099915 -41.74700165 272.11801147 -0.893394 -0.399176 0.206168
49.71099854 -41.44699860 272.11801147 -0.895058 -0.403140 0.190655
49.89699936 -41.74700165 272.41799927 -0.894497 -0.405796 0.187626
49.77999878 -41.44699860 272.41799927 -0.892268 -0.411928 0.184858
46.01800156 -35.45199966 272.11801147 -0.076792 -0.920152 0.383958
45.71799850 -35.43500137 272.11801147 -0.051765 -0.919824 0.388901
45.71799850 -35.30699921 272.41799927 -0.063114 -0.917174 0.393458
46.01800156 -35.35599899 272.41799927 -0.060394 -0.913961 0.401284
43.01800156 -36.65499878 268.81799316 -0.049853 -0.904090 0.424424
42.71799850 -36.69300079 268.81799316 -0.064459 -0.890085 0.451214
43.01800156 -36.83399963 268.51800537 -0.053255 -0.886226 0.460182
42.71799850 -36.82600021 268.51800537 -0.050819 -0.877652 0.476597
43.91799927 -49.76200104 273.61801147 0.151904 0.975451 -0.159437
44.21799850 -49.79800034 273.61801147 0.237175 0.962956 -0.128308
44.21799850 -49.84700012 273.70901489 0.209512 0.956818 -0.201506
45.71799850 -35.69800186 271.51800537 -0.085699 -0.915482 0.393127
46.01800156 -35.70899963 271.51800537 -0.101238 -0.905594 0.411886
45.71799850 -35.56900024 271.81799316 -0.051965 -0.918041 0.393065
46.01800156 -35.57400131 271.81799316 -0.079980 -0.917736 0.389055
44.51800156 -49.98699951 273.91799927 0.094393 0.958152 -0.270248
44.81800079 -49.92599869 273.91799927 0.003900 0.908750 -0.417323
44.51800156 -49.75999832 274.21798706 0.048442 0.856730 -0.513485
44.81800079 -49.70299911 274.21798706 -0.020691 0.823503 -0.566934
43.91799927 -49.80199814 273.91799927 0.233950 0.955853 -0.177802
44.21799850 -49.84700012 274.04400635 0.181978 0.907027 -0.379719
43.91799927 -49.66199875 274.21798706 0.177838 0.928398 -0.326269
44.21799850 -49.71599960 274.21798706 0.113049 0.902995 -0.414512
43.31800079 -49.65499878 273.91799927 0.067895 0.954373 -0.290796
43.61800003 -49.64799881 273.91799927 0.155703 0.946405 -0.282974
43.31800079 -49.54800034 274.21798706 0.029334 0.942514 -0.332877
43.61800003 -49.60200119 274.21798706 0.120019 0.939921 -0.319600
45.71799850 -35.94800186 270.91799927 -0.094091 -0.917726 0.385909
50.12099838 -44.14699936 272.11801147 -0.867478 0.428440 -0.252825
46.01800156 -35.98199844 270.91799927 -0.124044 -0.912909 0.388857
45.71799850 -35.82699966 271.21798706 -0.106211 -0.914516 0.390359
50.23400116 -43.84700012 272.11801147 -0.913279 0.358737 -0.192946
46.01800156 -35.86000061 271.21798706 -0.130189 -0.911322 0.390567
49.99700165 -44.14699936 272.41799927 -0.871148 0.428803 -0.239227
50.17499924 -43.84700012 272.41799927 -0.880853 0.421921 -0.214662
45.71799850 -36.20999908 270.31799316 -0.081414 -0.895559 0.437430
46.01800156 -36.24399948 270.31799316 -0.110895 -0.894181 0.433755
45.71799850 -36.06600189 270.61801147 -0.088493 -0.916242 0.390730
46.01800156 -36.10300064 270.61801147 -0.117649 -0.914896 0.386166
42.71799850 -49.68199921 273.91799927 -0.001129 0.985368 -0.170436
43.01800156 -49.67900085 273.91799927 -0.020722 0.964162 -0.264505
42.71799850 -49.61999893 274.21798706 0.032030 0.939124 -0.342082
43.01800156 -49.58700180 274.21798706 0.018924 0.944922 -0.326749
50.12699890 -44.44699860 271.51800537 -0.861529 0.478627 -0.169360
49.91799927 -44.61600113 271.81799316 -0.812738 0.557349 -0.169759
50.03200150 -44.44699860 271.81799316 -0.804868 0.565378 -0.180375
42.71799850 -49.38899994 274.51800537 0.053385 0.885638 -0.461298
43.01800156 -49.42300034 274.51800537 0.052600 0.904998 -0.422152
42.71799850 -49.27000046 274.81799316 0.055643 0.897076 -0.438359
43.01800156 -49.27000046 274.81799316 0.071485 0.915814 -0.395189
41.51800156 -35.17200089 272.11801147 -0.060119 -0.920496 0.386100
41.81800079 -35.19400024 272.11801147 -0.065576 -0.922077 0.381411
42.11800003 -35.22200012 272.11801147 -0.071585 -0.914395 0.398444
42.41799927 -35.25999832 272.11801147 -0.057891 -0.908747 0.413312
43.61800003 -48.79800034 276.01800537 0.127260 0.882240 -0.453274
43.31800079 -48.76599884 276.01800537 0.164375 0.845568 -0.507933
43.61800003 -48.92800140 275.71798706 0.011844 0.898794 -0.438211
44.21799850 -48.95800018 275.71798706 0.041039 0.917409 -0.395823
44.21799850 -48.84199905 276.01800537 0.041318 0.910318 -0.411842
43.91799927 -48.83100128 276.01800537 0.055145 0.907872 -0.415604
43.91799927 -48.93299866 275.71798706 0.016972 0.912546 -0.408622
44.81800079 -49.00099945 275.71798706 0.054756 0.917490 -0.393973
44.51800156 -48.96900177 275.71798706 0.052053 0.914271 -0.401745
45.41799927 -48.88899994 276.01800537 0.019497 0.918970 -0.393844
45.11800003 -48.87900162 276.01800537 0.051910 0.917078 -0.395315
45.41799927 -49.01499939 275.71798706 -0.001283 0.920203 -0.391439
45.11800003 -49.00600052 275.71798706 0.046500 0.915380 -0.399897
46.01800156 -48.95000076 275.71798706 -0.416818 0.868498 -0.268279
45.71799850 -49.04299927 275.71798706 -0.038562 0.910870 -0.410889
37.22700119 -45.94699860 274.81799316 0.879042 -0.307135 -0.364628
48.96699905 -44.74700165 275.11801147 -0.831357 0.520541 -0.194637
49.15700150 -44.44699860 275.11801147 -0.831938 0.522030 -0.188051
48.90800095 -44.74700165 275.41799927 -0.830533 0.523040 -0.191429
49.08000183 -44.44699860 275.41799927 -0.830421 0.521849 -0.195126
49.29199982 -44.14699936 275.41799927 -0.830658 0.513637 -0.214904
36.72299957 -46.84700012 273.01800537 0.882656 0.348536 -0.315342
36.83300018 -47.14699936 273.01800537 0.870699 0.379692 -0.312598
36.73099899 -47.14699936 272.71798706 0.869967 0.356243 -0.340953
48.65800095 -44.74700165 276.31799316 -0.833752 0.512961 -0.204277
48.59799957 -44.74700165 276.61801147 -0.827137 0.538011 -0.162447
35.81299973 -39.94699860 272.71798706 0.824607 -0.521690 0.218773
36.01599884 -39.64699936 272.71798706 0.825365 -0.519107 0.222037
35.72000122 -39.94699860 273.01800537 0.830111 -0.513298 0.217809
35.91699982 -39.64699936 273.01800537 0.826321 -0.521967 0.211526
42.41799927 -49.10300064 275.11801147 0.061562 0.765942 -0.639955
42.11800003 -49.04700089 275.11801147 0.029525 0.743739 -0.667818
42.41799927 -48.64699936 275.48098755 0.096892 0.568335 -0.817072
42.11800003 -48.64699936 275.43499756 0.072625 0.565335 -0.821658
42.41799927 -48.94699860 275.31399536 0.107556 0.749943 -0.652701
42.11800003 -48.94699860 275.29098511 0.061776 0.754246 -0.653680
42.71799850 -48.64699936 275.61599731 0.424517 0.604313 -0.674233
43.01800156 -48.94699860 275.63598633 0.256107 0.814884 -0.519974
42.71799850 -48.93700027 275.41799927 0.237369 0.730970 -0.639796
43.01800156 -49.05799866 275.41799927 0.244532 0.855103 -0.457169
43.01800156 -49.12099838 275.11801147 0.147437 0.914107 -0.377718
42.71799850 -49.11299896 275.11801147 0.126624 0.889211 -0.439626
43.61800003 -49.32400131 274.81799316 0.038249 0.919289 -0.391720
43.31800079 -49.31999969 274.81799316 0.073125 0.932007 -0.354987
43.61800003 -49.48500061 274.51800537 0.073679 0.925676 -0.371074
43.31800079 -49.47200012 274.51800537 0.070732 0.927525 -0.367006
36.10599899 -39.34700012 273.01800537 0.830658 -0.513637 0.214904
42.11800003 -48.04299927 276.01800537 0.439706 0.859633 -0.260172
42.41799927 -48.18500137 276.01800537 0.406352 0.874639 -0.264356
42.41799927 -48.29600143 275.71798706 0.359626 0.750171 -0.554899
42.11800003 -48.28499985 275.71798706 0.100787 0.612027 -0.784388
42.41799927 -48.20000076 276.61801147 0.293526 0.955519 0.028728
42.11800003 -48.11899948 276.61801147 0.212156 0.964462 0.157490
42.11800003 -47.97399902 276.31799316 0.370365 0.923878 0.096322
42.41799927 -48.14300156 276.31799316 0.444068 0.894885 -0.044542
35.80699921 -39.64699936 273.61801147 0.829380 -0.533493 0.165876
35.58000183 -39.94699860 273.61801147 0.820542 -0.539473 0.188891
35.84400177 -39.64699936 273.31799316 0.829696 -0.525524 0.188225
35.65900040 -39.94699860 273.31799316 0.832966 -0.515502 0.201061
35.97100067 -39.34700012 273.61801147 0.841707 -0.515119 0.161810
36.01900101 -39.34700012 273.31799316 0.838472 -0.510309 0.191178
36.04199982 -39.04700089 274.21798706 0.842216 -0.501714 0.197371
35.86299896 -39.34700012 274.21798706 0.828983 -0.522850 0.198532
36.11299896 -39.04700089 273.91799927 0.828495 -0.531855 0.175287
35.91600037 -39.34700012 273.91799927 0.845568 -0.507933 0.164375
43.61800003 -37.04199982 268.21798706 -0.061351 -0.895722 0.440362
43.31800079 -36.99900055 268.21798706 -0.070684 -0.882855 0.464296
44.21799850 -37.04800034 268.21798706 -0.017144 -0.903336 0.428590
43.91799927 -37.07199860 268.21798706 -0.028056 -0.896467 0.442221
44.81800079 -36.95999908 268.51800537 -0.056615 -0.871318 0.487441
44.51800156 -36.95100021 268.51800537 -0.030531 -0.906640 0.420798
44.81800079 -36.77500153 268.81799316 -0.024846 -0.916683 0.398842
44.51800156 -36.78799820 268.81799316 -0.019597 -0.915831 0.401085
38.08000183 -36.34700012 272.71798706 0.837986 -0.510013 0.194076
38.25699997 -36.04700089 272.71798706 0.845337 -0.492737 0.206437
38.01599884 -36.34700012 273.01800537 0.847964 -0.480867 0.222989
38.19200134 -36.04700089 273.01800537 0.842745 -0.481787 0.240129
41.51800156 -48.16899872 276.91799927 0.001032 0.998386 -0.056785
41.81800079 -48.14599991 276.91799927 0.038020 0.996126 0.079299
41.51800156 -48.09099960 277.21798706 0.060575 0.970433 -0.233646
41.81800079 -48.11999893 277.21798706 0.071991 0.977374 -0.198891
40.31800079 -48.16299820 276.91799927 0.037777 0.928799 -0.368654
40.61800003 -48.15000153 276.91799927 -0.001266 0.930643 -0.365926
40.61800003 -48.05199814 277.21798706 0.029925 0.925070 -0.378615
40.31800079 -48.04700089 277.21798706 0.040939 0.917827 -0.394864
41.81800079 -49.63700104 273.61801147 0.195375 0.952623 -0.233103
49.61800003 -44.95600128 271.81799316 -0.783364 0.607962 -0.129322
43.61800003 -48.46300125 276.61801147 0.122997 0.919025 -0.374520
43.31800079 -48.43799973 276.61801147 0.172943 0.923771 -0.341669
43.31800079 -48.60599899 276.31799316 0.189610 0.898839 -0.395142
43.61800003 -48.64899826 276.31799316 0.129256 0.890586 -0.436061
40.91799927 -36.68700027 268.51800537 -0.055848 -0.894930 0.442698
41.21799850 -36.70999908 268.51800537 -0.082210 -0.882013 0.463998
40.91799927 -36.59899902 268.81799316 -0.078370 -0.900566 0.427597
41.21799850 -36.55699921 268.81799316 -0.035733 -0.911858 0.408947
50.08700180 -43.54700089 273.31799316 -0.848910 0.498047 -0.176918
50.30300140 -43.24700165 273.31799316 -0.913839 0.375955 -0.153480
50.06700134 -43.54700089 273.61801147 -0.838255 0.519629 -0.165269
50.23500061 -43.24700165 273.61801147 -0.888740 0.430686 -0.157006
50.11899948 -41.44699860 274.21798706 -0.893379 -0.387082 0.228128
50.24900055 -41.74700165 274.21798706 -0.907957 -0.369802 0.197132
50.05400085 -41.44699860 273.91799927 -0.900387 -0.390023 0.192836
50.20999908 -41.74700165 273.91799927 -0.899805 -0.397185 0.180539
50.31600189 -41.44699860 274.81799316 -0.915181 -0.355507 0.189889
50.40800095 -41.74700165 274.81799316 -0.961976 -0.240819 0.128871
50.23099899 -41.44699860 274.51800537 -0.906057 -0.363872 0.216004
50.32699966 -41.74700165 274.51800537 -0.927839 -0.313973 0.201337
39.41799927 -36.42100143 268.81799316 0.058689 -0.940325 0.335178
39.11800003 -36.46500015 268.81799316 0.252976 -0.924721 0.284420
39.41799927 -36.48500061 268.51800537 0.011464 -0.933678 0.357931
39.11800003 -36.54000092 268.51800537 0.296704 -0.856292 0.422765
38.86500168 -36.64699936 268.81799316 0.584633 -0.767430 0.263164
38.62799835 -36.94699860 268.81799316 0.806941 -0.536406 0.247213
38.93299866 -36.64699936 268.51800537 0.475484 -0.816695 0.326994
38.71699905 -36.94699860 268.51800537 0.774218 -0.575539 0.263329
35.82199860 -43.24700165 276.01800537 0.890694 0.412547 -0.190967
35.94499969 -43.54700089 276.01800537 0.891764 0.410124 -0.191196
35.76300049 -43.24700165 275.71798706 0.894497 0.405796 -0.187626
35.88999939 -43.54700089 275.71798706 0.897224 0.394081 -0.199222
36.09199905 -43.84700012 276.01800537 0.893394 0.399176 -0.206168
36.01699829 -43.84700012 275.71798706 0.894435 0.396713 -0.206408
36.24300003 -44.14699936 276.01800537 0.901132 0.377049 -0.214001
36.15100098 -44.14699936 275.71798706 0.891217 0.408292 -0.197560
36.34999847 -44.44699860 276.01800537 0.906424 0.385194 -0.173266
36.47800064 -44.74700165 276.01800537 0.905141 0.402442 -0.136971
36.29399872 -44.44699860 275.71798706 0.882212 0.464102 -0.079441
36.44400024 -44.74700165 275.71798706 0.863837 0.500554 0.056850
34.83300018 -42.64699936 272.71798706 0.941478 0.291899 -0.168562
40.01800156 -48.26300049 276.61801147 0.041318 0.910318 -0.411842
39.71799850 -48.26900101 276.61801147 0.041262 0.911766 -0.408631
40.01800156 -48.43099976 276.31799316 0.057639 0.915524 -0.398112
39.71799850 -48.39099884 276.31799316 0.102812 0.917086 -0.385204
40.90200043 -48.04700089 276.01800537 -0.861790 0.425557 0.276078
40.81999969 -48.34700012 276.01800537 -0.625846 0.649211 -0.432251
40.01800156 -48.52999878 276.01800537 0.068534 0.917816 -0.391046
39.71799850 -48.51900101 276.01800537 0.068240 0.921912 -0.381342
39.71799850 -48.63700104 275.71798706 0.068897 0.914568 -0.398520
40.01800156 -48.67200089 275.71798706 0.079633 0.921853 -0.379269
40.61800003 -48.55099869 276.01800537 -0.289421 0.727551 -0.622016
40.31800079 -48.54600143 276.01800537 -0.052181 0.913831 -0.402728
40.61800003 -48.72499847 275.71798706 -0.014901 0.854757 -0.518815
40.31800079 -48.70199966 275.71798706 0.074325 0.917578 -0.390545
40.61800003 -48.98600006 275.11801147 0.103551 0.909864 -0.401776
40.61800003 -48.87799835 275.41799927 0.086180 0.909677 -0.406277
40.31800079 -48.83100128 275.41799927 0.105635 0.917790 -0.382756
40.31800079 -48.92800140 275.11801147 0.097560 0.913762 -0.394361
41.21799850 -49.04700089 275.11801147 0.040809 0.922813 -0.383079
40.91799927 -49.00799942 275.11801147 0.091552 0.914150 -0.394902
40.91799927 -48.88899994 275.41799927 0.072076 0.907065 -0.414775
41.21799850 -48.94699860 275.32998657 -0.001313 0.891519 -0.452981
42.11800003 -36.09799957 270.31799316 -0.330382 -0.909643 0.251789
42.41799927 -36.25199890 270.31799316 -0.392694 -0.913529 0.106096
42.41799927 -36.22000122 270.61801147 -0.484279 -0.833951 0.264574
42.11800003 -36.00400162 270.61801147 -0.388928 -0.870893 0.300466
42.41799927 -36.04700089 270.87701416 -0.456411 -0.743109 0.489365
41.51800156 -35.93700027 270.31799316 -0.133133 -0.909507 0.393793
41.81800079 -35.98500061 270.31799316 -0.252882 -0.907744 0.334740
41.51800156 -35.80899811 270.61801147 -0.157974 -0.906570 0.391376
41.81800079 -35.85900116 270.61801147 -0.224975 -0.907156 0.355605
41.81800079 -49.20700073 274.81799316 0.066684 0.902280 -0.425963
41.51800156 -49.15999985 274.81799316 0.038088 0.923298 -0.382190
41.81800079 -49.32199860 274.51800537 0.101099 0.907120 -0.408550
41.51800156 -49.28499985 274.51800537 0.081950 0.925631 -0.369447
41.51800156 -36.21500015 269.71798706 -0.044143 -0.908284 0.416018
41.81800079 -36.20100021 269.71798706 -0.077093 -0.918357 0.388172
41.81800079 -36.07500076 270.01800537 -0.125003 -0.927223 0.353032
41.51800156 -36.04600143 270.01800537 -0.068727 -0.915009 0.397537
42.11800003 -36.24200058 269.71798706 -0.083605 -0.938235 0.335747
42.41799927 -36.28300095 269.71798706 -0.119143 -0.967234 0.224193
42.11800003 -36.14500046 270.01800537 -0.225371 -0.941583 0.250259
42.41799927 -36.19499969 270.01800537 -0.238597 -0.965873 0.100798
41.51800156 -36.33700180 269.41799927 -0.054602 -0.920235 0.387538
41.51800156 -36.46400070 269.11801147 -0.056845 -0.926702 0.371474
41.81800079 -36.47299957 269.11801147 -0.040825 -0.920544 0.388499
41.81800079 -36.36199951 269.41799927 -0.049066 -0.918995 0.391203
41.51800156 -36.75099945 268.51800537 -0.062888 -0.859473 0.507298
41.81800079 -36.77500153 268.51800537 -0.045723 -0.854880 0.516807
41.51800156 -36.58000183 268.81799316 -0.036008 -0.905527 0.422757
41.81800079 -36.59999847 268.81799316 -0.052195 -0.911403 0.408191
37.96300125 -48.04700089 275.71798706 0.822511 0.506518 -0.258680
38.21799850 -48.26599884 276.01800537 0.587051 0.724411 -0.361388
38.04600143 -48.04700089 276.01800537 0.722374 0.622625 -0.300855
38.21799850 -48.41199875 275.71798706 0.571420 0.740729 -0.353271
37.81800079 -48.04700089 275.11801147 0.875387 0.444336 -0.190430
37.85400009 -48.04700089 275.41799927 0.846584 0.478768 -0.232545
37.65000153 -47.74700165 275.11801147 0.888465 0.414227 -0.197599
37.52700043 -47.44699860 275.11801147 0.895096 0.400246 -0.196484
37.72900009 -47.74700165 275.41799927 0.879744 0.427304 -0.208477
37.58700180 -47.44699860 275.41799927 0.891187 0.412776 -0.188156
36.58499908 -45.94699860 273.91799927 0.898727 0.376791 -0.224315
36.44499969 -45.64699936 273.91799927 0.893172 0.358161 -0.271964
36.67200089 -45.94699860 274.21798706 0.893362 0.347502 -0.284862
36.53099823 -45.64699936 274.21798706 0.898117 0.331042 -0.289476
36.45299911 -45.94699860 273.31799316 0.897894 0.382301 -0.218248
36.30799866 -45.64699936 273.31799316 0.898280 0.396172 -0.190105
36.50000000 -45.94699860 273.61801147 0.895734 0.385561 -0.221368
36.39199829 -45.64699936 273.61801147 0.891151 0.391634 -0.229069
36.16400146 -45.34700012 273.31799316 0.887846 0.415307 -0.198114
36.23400116 -45.34700012 273.61801147 0.880885 0.386987 -0.272547
36.02199936 -45.04700089 273.31799316 0.889720 0.389345 -0.238344
36.10200119 -45.04700089 273.61801147 0.880247 0.392725 -0.266331
36.06600189 -45.34700012 272.71798706 0.885292 0.430249 -0.176475
35.88299942 -45.04700089 272.71798706 0.877034 0.446570 -0.177164
36.10900116 -45.34700012 273.01800537 0.889798 0.422400 -0.172734
35.94900131 -45.04700089 273.01800537 0.887846 0.415307 -0.198114
35.75099945 -44.74700165 272.71798706 0.900315 0.385434 -0.202171
35.60699844 -44.44699860 272.71798706 0.906057 0.363872 -0.216004
35.81200027 -44.74700165 273.01800537 0.897732 0.379303 -0.224067
35.70100021 -44.44699860 273.01800537 0.899586 0.380538 -0.214326
35.62500000 -44.74700165 272.11801147 0.864905 0.455606 -0.210625
35.69499969 -44.74700165 272.41799927 0.896126 0.402313 -0.187359
35.55899811 -44.44699860 272.41799927 0.887573 0.388034 -0.248282
35.47000122 -44.44699860 272.11801147 0.873198 0.401035 -0.276941
35.30599976 -44.14699936 272.11801147 0.890887 0.353669 -0.285024
35.21400070 -43.84700012 272.11801147 0.897753 0.356439 -0.258825
35.45600128 -44.14699936 272.41799927 0.890578 0.379127 -0.251265
35.31100082 -43.84700012 272.41799927 0.896501 0.372438 -0.239950
50.43299866 -42.04700089 275.41799927 -0.979766 0.200117 -0.003470
50.32400131 -42.34700012 275.41799927 -0.937774 0.334824 -0.092043
50.42200089 -42.04700089 275.11801147 -0.997311 0.072666 0.009478
50.38399887 -42.34700012 275.11801147 -0.955024 0.270041 -0.122506
39.41799927 -36.64699936 268.27200317 -0.071783 -0.911510 0.404965
39.41799927 -36.76200104 268.21798706 0.116806 -0.776244 0.619517
39.11800003 -36.64899826 268.21798706 0.409740 -0.805018 0.429022
40.01800156 -36.49700165 268.81799316 -0.057891 -0.908747 0.413312
39.71799850 -36.47100067 268.81799316 -0.067907 -0.928068 0.366167
39.71799850 -36.61500168 268.51800537 -0.121891 -0.903674 0.410506
40.01800156 -36.69200134 268.51800537 -0.118482 -0.877910 0.463936
40.61800003 -36.35699844 269.11801147 -0.081827 -0.926927 0.366210
40.31800079 -36.36800003 269.11801147 -0.034620 -0.939865 0.339787
40.61800003 -36.26200104 269.41799927 -0.045777 -0.929919 0.364905
40.31800079 -36.29499817 269.41799927 -0.039656 -0.945348 0.323644
41.81800079 -36.95500183 268.21798706 -0.054642 -0.842055 0.536617
49.94900131 -43.24700165 274.81799316 -0.852941 0.481185 -0.202367
50.05799866 -43.24700165 274.51800537 -0.849400 0.484294 -0.209710
50.50199890 -42.04700089 275.71798706 -0.960305 0.265398 0.085902
50.32600021 -42.34700012 275.71798706 -0.906189 0.413904 -0.086631
50.11399841 -43.24700165 274.21798706 -0.847966 0.489501 -0.203331
49.92699814 -43.54700089 274.21798706 -0.826006 0.530033 -0.191778
50.17800140 -43.24700165 273.91799927 -0.872192 0.454481 -0.180910
50.00600052 -43.54700089 273.91799927 -0.835193 0.521435 -0.174808
34.80500031 -41.14699936 274.51800537 0.988823 -0.144845 0.035356
34.89400101 -40.84700012 274.51800537 0.937621 -0.296890 0.180896
34.79600143 -41.14699936 274.81799316 0.998844 0.001022 0.048051
34.83900070 -40.84700012 274.81799316 0.964634 -0.204936 0.165776
49.72800064 -43.84700012 274.21798706 -0.825884 0.528869 -0.195484
49.53900146 -44.14699936 274.21798706 -0.833637 0.507498 -0.217934
49.79800034 -43.84700012 273.91799927 -0.833585 0.517034 -0.194453
49.62900162 -44.14699936 273.91799927 -0.840867 0.486818 -0.236541
35.72999954 -43.84700012 274.21798706 0.874319 0.437902 -0.209302
35.88700104 -44.14699936 274.21798706 0.814464 0.534252 -0.226326
35.63000107 -43.84700012 273.91799927 0.882242 0.412110 -0.227627
35.78300095 -44.14699936 273.91799927 0.849100 0.452956 -0.271773
49.92800140 -43.84700012 273.31799316 -0.864149 0.456786 -0.211170
49.87599945 -43.84700012 273.61801147 -0.851398 0.485012 -0.199711
49.71500015 -44.14699936 273.61801147 -0.855591 0.466274 -0.224838
49.79600143 -44.14699936 273.31799316 -0.857691 0.467149 -0.214798
39.11800003 -36.36700058 269.11801147 0.348487 -0.897169 0.271375
38.81800079 -36.46200180 269.41799927 0.609982 -0.740578 0.281898
38.67300034 -36.64699936 269.41799927 0.724227 -0.652274 0.223681
38.74599838 -36.64699936 269.11801147 0.698537 -0.679785 0.223469
38.52999878 -36.94699860 269.11801147 0.803184 -0.553441 0.220452
38.71400070 -36.34700012 270.01800537 0.714622 -0.658081 0.237160
38.33200073 -36.94699860 270.01800537 0.833327 -0.521017 0.184683
38.40200043 -36.94699860 269.71798706 0.827902 -0.529314 0.185486
38.52299881 -36.64699936 270.01800537 0.818283 -0.537903 0.202666
38.81800079 -36.34799957 269.71798706 0.598792 -0.745695 0.292210
38.58499908 -36.64699936 269.71798706 0.808741 -0.551901 0.203332
38.37200165 -36.64699936 270.61801147 0.829119 -0.518770 0.208421
38.19400024 -36.94699860 270.61801147 0.835045 -0.510726 0.204594
38.45100021 -36.64699936 270.31799316 0.822256 -0.534542 0.195343
38.26599884 -36.94699860 270.31799316 0.834264 -0.513277 0.201374
37.19599915 -37.24700165 273.91799927 0.830294 -0.497560 0.251091
37.03200150 -37.54700089 273.91799927 0.831883 -0.496670 0.247566
49.54899979 -44.44699860 273.61801147 -0.834349 0.497548 -0.237292
49.35699844 -44.74700165 273.61801147 -0.830580 0.502033 -0.241037
49.60699844 -44.44699860 273.31799316 -0.844418 0.485350 -0.226700
49.44100189 -44.74700165 273.31799316 -0.836272 0.492557 -0.240908
45.71799850 -36.61299896 269.41799927 -0.090351 -0.926436 0.365450
46.01800156 -36.65900040 269.41799927 -0.117072 -0.921426 0.370498
46.01800156 -36.76200104 269.11801147 -0.119605 -0.922474 0.367065
45.71799850 -36.76300049 269.11801147 -0.087456 -0.927038 0.364626
43.61800003 -35.74700165 271.35000610 0.044042 -0.654944 0.754393
43.31800079 -35.74700165 271.37701416 -0.021037 -0.694216 0.719460
49.17100143 -45.34700012 273.01800537 -0.830587 0.517788 -0.204989
49.25600052 -45.34700012 272.71798706 -0.831636 0.531117 -0.162162
34.72999954 -42.04700089 272.41799927 0.986131 -0.136797 0.093974
34.75899887 -42.34700012 272.41799927 0.993285 0.104144 -0.050392
34.80899811 -42.04700089 272.11801147 0.965469 -0.230118 0.122130
34.76399994 -42.34700012 272.11801147 0.999488 -0.019358 -0.025471
36.63199997 -46.84700012 272.71798706 0.916883 0.331455 -0.222405
49.55799866 -40.54700089 273.31799316 -0.893923 -0.408443 0.184599
49.40599823 -40.24700165 273.31799316 -0.888950 -0.409945 0.204238
49.61399841 -40.54700089 273.61801147 -0.901379 -0.393722 0.180276
49.48699951 -40.24700165 273.61801147 -0.900387 -0.390023 0.192836
49.29000092 -45.34700012 272.41799927 -0.848687 0.518403 -0.104829
36.44800186 -39.04700089 272.41799927 0.828983 -0.522850 0.198532
36.26800156 -39.34700012 272.41799927 0.838660 -0.506218 0.200976
36.52799988 -39.04700089 272.11801147 0.831841 -0.520844 0.191731
36.32799911 -39.34700012 272.11801147 0.840318 -0.502380 0.203668
49.31600189 -45.34700012 272.11801147 -0.832696 0.548984 -0.072347
36.29199982 -39.04700089 273.01800537 0.829357 -0.515875 0.214568
36.37099838 -39.04700089 272.71798706 0.829160 -0.514599 0.218361
36.19800186 -39.34700012 272.71798706 0.834366 -0.504891 0.221176
36.67300034 -38.44699860 273.01800537 0.819551 -0.540813 0.189360
36.47600174 -38.74700165 273.01800537 0.829927 -0.521539 0.198034
36.55899811 -38.74700165 272.71798706 0.823837 -0.524260 0.215512
36.14300156 -39.04700089 273.61801147 0.822961 -0.545156 0.159813
36.22700119 -39.04700089 273.31799316 0.825271 -0.536652 0.175877
36.57600021 -38.44699860 273.61801147 0.822532 -0.543860 0.166304
36.37500000 -38.74700165 273.61801147 0.819302 -0.550678 0.159682
36.59799957 -38.44699860 273.31799316 0.824678 -0.545328 0.150077
36.41099930 -38.74700165 273.31799316 0.823498 -0.542522 0.165895
36.38100052 -38.44699860 274.21798706 0.798045 -0.552253 0.241125
36.21799850 -38.74700165 274.21798706 0.831860 -0.499731 0.241408
36.51499939 -38.44699860 273.91799927 0.811558 -0.553680 0.186582
36.31000137 -38.74700165 273.91799927 0.817585 -0.536397 0.209363
50.07400131 -41.14699936 274.51800537 -0.887065 -0.405895 0.219921
49.92200089 -40.84700012 274.51800537 -0.887846 -0.415307 0.198114
50.15299988 -41.14699936 274.81799316 -0.890698 -0.408054 0.200371
50.01200104 -40.84700012 274.81799316 -0.892513 -0.392588 0.222025
35.72399902 -45.04700089 271.81799316 0.882420 0.436105 -0.176484
35.82899857 -45.04700089 272.41799927 0.884833 0.430026 -0.179299
35.99700165 -45.34700012 272.41799927 0.882592 0.430282 -0.189442
35.77299881 -45.04700089 272.11801147 0.879525 0.440494 -0.180003
35.81800079 -45.12799835 272.11801147 0.879985 0.440725 -0.177168
35.90499878 -45.34700012 272.11801147 0.877353 0.437939 -0.196114
49.09099960 -45.64699936 272.41799927 -0.832196 0.539684 -0.127243
48.87799835 -45.94699860 272.41799927 -0.823867 0.537698 -0.179233
49.13199997 -45.64699936 272.11801147 -0.861743 0.495895 -0.107182
49.00500107 -45.94699860 272.11801147 -0.846938 0.512273 -0.142380
50.53599930 -41.74700165 275.71798706 -0.983341 0.129738 0.127313
49.31800079 -45.36399841 271.81799316 -0.852813 0.512830 -0.098566
36.70500183 -44.74700165 275.11801147 0.607347 0.772570 0.185111
36.41799927 -44.56299973 275.11801147 0.738771 0.664746 0.111038
36.43600082 -44.74700165 275.41799927 0.827502 0.545299 0.133753
36.25600052 -44.44699860 275.41799927 0.783452 0.620291 0.037977
49.11899948 -45.64699936 271.81799316 -0.884418 0.460894 -0.073356
49.01800156 -45.93299866 271.81799316 -0.858004 0.493826 -0.141301
49.01200104 -45.94699860 271.81799316 -0.858004 0.493826 -0.141301
44.51800156 -48.84000015 276.01800537 0.046436 0.916775 -0.396694
44.81800079 -48.86000061 276.01800537 0.049203 0.916234 -0.397611
45.11800003 -49.27600098 275.11801147 0.046875 0.906687 -0.419192
45.41799927 -49.29100037 275.11801147 0.001297 0.906778 -0.421606
45.11800003 -49.14300156 275.41799927 0.044026 0.911212 -0.409578
45.41799927 -49.14699936 275.41799927 0.011695 0.913481 -0.406713
44.51800156 -48.70100021 276.31799316 0.060459 0.914943 -0.399028
44.81800079 -48.73099899 276.31799316 0.065881 0.915611 -0.396630
44.51800156 -48.58399963 276.61801147 0.071384 0.917218 -0.391939
44.81800079 -48.60699844 276.61801147 0.063291 0.914351 -0.399945
43.91799927 -48.67399979 276.31799316 0.077867 0.905722 -0.416659
44.21799850 -48.67900085 276.31799316 0.055072 0.909353 -0.412365
43.91799927 -48.53300095 276.61801147 0.100099 0.917342 -0.385311
44.21799850 -48.55400085 276.61801147 0.082760 0.918499 -0.386665
43.91799927 -48.43299866 276.91799927 0.076792 0.920152 -0.383958
44.21799850 -48.43299866 276.91799927 0.054908 0.914683 -0.400425
43.31800079 -48.36100006 276.91799927 0.122179 0.926636 -0.355554
43.61800003 -48.38700104 276.91799927 0.096177 0.925197 -0.367098
43.31800079 -48.24000168 277.21798706 0.067638 0.929696 -0.362064
43.61800003 -48.26499939 277.21798706 0.070872 0.924006 -0.375753
42.71799850 -48.25000000 276.91799927 0.174414 0.967675 -0.182166
43.01800156 -48.31399918 276.91799927 0.152278 0.947358 -0.281647
42.71799850 -48.20399857 277.21798706 0.097541 0.955902 -0.277016
43.01800156 -48.22100067 277.21798706 0.080823 0.936758 -0.340519
42.71799850 -48.08300018 277.51800537 0.048360 0.931916 -0.359435
43.01800156 -48.09999847 277.51800537 0.054367 0.924241 -0.377918
42.71799850 -47.94499969 277.81799316 0.062691 0.921695 -0.382817
43.01800156 -47.96099854 277.81799316 0.051892 0.919414 -0.389853
42.11800003 -48.04999924 277.51800537 0.080179 0.942427 -0.324658
42.41799927 -48.06399918 277.51800537 0.074823 0.941192 -0.329483
42.11800003 -47.88700104 277.81799316 0.075840 0.932700 -0.352590
42.41799927 -47.91699982 277.81799316 0.062142 0.929482 -0.363595
42.11800003 -47.82099915 278.11801147 0.056077 0.937666 -0.342985
42.41799927 -47.84000015 278.11801147 0.050861 0.935064 -0.350812
41.51800156 -47.77299881 278.11801147 0.077122 0.945071 -0.317638
41.81800079 -47.78099823 278.11801147 0.080247 0.943229 -0.322303
36.52399826 -44.44699860 276.91799927 0.905523 0.383161 -0.182253
36.66400146 -44.74700165 276.91799927 0.895559 0.404961 -0.184337
36.86700058 -45.04700089 277.21798706 0.880946 0.426455 -0.205111
37.03799820 -45.34700012 277.21798706 0.884977 0.419665 -0.201734
36.79800034 -45.04700089 276.91799927 0.886184 0.420388 -0.194814
36.93600082 -45.34700012 276.91799927 0.886762 0.417731 -0.197873
36.68299866 -45.04700089 276.31799316 0.889349 0.422187 -0.175548
36.74599838 -45.04700089 276.61801147 0.893923 0.408443 -0.184599
36.88000107 -45.34700012 276.61801147 0.892851 0.409284 -0.187892
36.82899857 -45.34700012 276.31799316 0.893104 0.416974 -0.168810
36.60599899 -45.04700089 276.01800537 0.895263 0.434363 -0.099163
36.58000183 -45.04700089 275.71798706 0.776880 0.602883 0.181628
36.90100098 -45.64699936 276.01800537 0.929276 0.368883 -0.019280
37.04299927 -45.94699860 276.01800537 0.907987 0.393979 -0.142623
36.87599945 -45.64699936 275.71798706 0.939170 0.332485 0.086102
37.01900101 -45.94699860 275.71798706 0.962603 0.270694 0.010925
36.75999832 -45.34700012 276.01800537 0.876168 0.481691 -0.017443
36.72700119 -45.34700012 275.71798706 0.835055 0.478724 0.271122
36.71500015 -46.24700165 273.91799927 0.889870 0.384768 -0.245123
36.65200043 -46.24700165 273.61801147 0.894374 0.393759 -0.212249
36.56399918 -46.24700165 273.31799316 0.893789 0.384315 -0.231178
34.83800125 -43.24700165 271.21798706 0.964931 0.243463 -0.098150
34.90299988 -43.54700089 271.21798706 0.948843 0.251124 -0.191398
37.30400085 -37.24700165 273.61801147 0.836029 -0.505259 0.213938
37.12900162 -37.54700089 273.61801147 0.831235 -0.519333 0.198346
37.19400024 -37.54700089 273.31799316 0.819740 -0.545992 0.172973
37.37900162 -37.24700165 273.31799316 0.835795 -0.513525 0.194266
37.24599838 -37.54700089 273.01800537 0.815573 -0.555188 0.163115
37.30699921 -37.54700089 272.71798706 0.820123 -0.542218 0.182753
37.42900085 -37.24700165 273.01800537 0.836052 -0.518980 0.177979
37.49100113 -37.24700165 272.71798706 0.830533 -0.523040 0.191429
37.57300186 -37.24700165 272.41799927 0.824607 -0.521690 0.218773
37.36899948 -37.54700089 272.41799927 0.819402 -0.532535 0.212099
37.66799927 -37.24700165 272.11801147 0.822984 -0.518403 0.232282
37.44900131 -37.54700089 272.11801147 0.816300 -0.534500 0.219007
37.75199890 -37.24700165 271.81799316 0.829357 -0.515875 0.214568
37.53499985 -37.54700089 271.81799316 0.815417 -0.541071 0.205759
37.83100128 -37.24700165 271.51800537 0.834698 -0.520000 0.181326
37.61600113 -37.54700089 271.51800537 0.824190 -0.533833 0.189034
37.34700012 -37.84700012 271.81799316 0.832895 -0.510091 0.214695
37.43099976 -37.84700012 271.51800537 0.831369 -0.515236 0.208222
37.51800156 -37.84700012 271.21798706 0.835795 -0.513525 0.194266
37.58499908 -37.84700012 270.91799927 0.834746 -0.524143 0.168741
37.36100006 -38.14699936 270.91799927 0.823498 -0.542522 0.165895
37.93099976 -37.24700165 270.91799927 0.826579 -0.531480 0.185190
37.87500000 -37.24700165 271.21798706 0.833439 -0.526304 0.168477
37.65999985 -37.54700089 271.21798706 0.838192 -0.514311 0.181433
37.72299957 -37.54700089 270.91799927 0.841437 -0.504260 0.194178
37.81100082 -37.54700089 270.61801147 0.832168 -0.518028 0.197848
37.89899826 -37.54700089 270.31799316 0.824734 -0.527040 0.205044
37.63499832 -37.84700012 270.61801147 0.816045 -0.551544 0.172827
37.39099884 -38.14699936 270.61801147 0.828495 -0.531855 0.175287
37.68600082 -37.84700012 270.31799316 0.814215 -0.546361 0.196325
37.47299957 -38.14699936 270.31799316 0.828330 -0.521316 0.205183
47.67900085 -45.94699860 277.51800537 -0.844663 0.503808 -0.180892
37.76800156 -37.84700012 270.01800537 0.818283 -0.537903 0.202666
37.58900070 -38.14699936 270.01800537 0.825991 -0.512206 0.235338
37.85800171 -37.84700012 269.71798706 0.824607 -0.521690 0.218773
37.64699936 -38.14699936 269.71798706 0.836471 -0.496989 0.230909
37.91199875 -37.84700012 269.41799927 0.810430 -0.531506 0.246383
37.72499847 -38.14699936 269.41799927 0.836280 -0.489492 0.247048
37.81700134 -38.14699936 269.11801147 0.827118 -0.462998 0.318605
38.01599884 -37.84700012 269.11801147 0.812906 -0.512178 0.277234
47.30400085 -46.54700089 277.51800537 -0.815029 0.563568 -0.134606
47.48300171 -46.24700165 277.51800537 -0.855729 0.495884 -0.147741
47.28099823 -46.54700089 277.81799316 -0.818182 0.566211 -0.099920
38.15399933 -37.84700012 268.81799316 0.814838 -0.482574 0.321188
37.96599960 -38.14699936 268.81799316 0.807866 -0.459124 0.369539
38.29199982 -37.84700012 268.51800537 0.835671 -0.431162 0.340226
47.06600189 -46.84700012 277.51800537 -0.802957 0.574827 -0.157590
47.05799866 -46.84700012 277.81799316 -0.798431 0.595563 -0.088393
46.87099838 -47.14699936 277.51800537 -0.827644 0.515556 -0.221827
46.81800079 -47.14699936 277.81799316 -0.825786 0.539076 -0.165755
38.20800018 -36.34700012 272.11801147 0.840058 -0.505241 0.197572
38.38600159 -36.04700089 272.11801147 0.844448 -0.499469 0.193488
38.14500046 -36.34700012 272.41799927 0.840722 -0.508030 0.187327
38.32400131 -36.04700089 272.41799927 0.846268 -0.498774 0.187228
38.49300003 -35.74700165 272.41799927 0.858088 -0.476052 0.192510
46.60200119 -47.44699860 278.11801147 -0.806262 0.560284 -0.189798
46.56299973 -47.74700165 277.51800537 -0.815545 0.517288 -0.259421
46.72100067 -47.44699860 277.51800537 -0.842115 0.484484 -0.236893
46.42900085 -47.74700165 277.81799316 -0.694841 0.652924 -0.301474
46.60300064 -47.44699860 277.81799316 -0.826687 0.509560 -0.238615
46.31800079 -47.76599884 278.11801147 -0.575702 0.741115 -0.345421
46.31800079 -48.04899979 277.51800537 -0.544786 0.769771 -0.332657
46.61800003 -35.38199997 272.41799927 -0.196484 -0.895096 0.400246
46.31800079 -35.36100006 272.41799927 -0.106992 -0.904569 0.412684
46.61800003 -35.52799988 272.11801147 -0.181317 -0.894979 0.407600
46.31800079 -35.48699951 272.11801147 -0.120328 -0.916983 0.380347
46.01800156 -35.19699860 272.71798706 -0.049667 -0.906091 0.420158
45.71799850 -35.18500137 272.71798706 -0.035781 -0.910418 0.412140
41.81800079 -35.06999969 272.41799927 -0.055353 -0.905894 0.419871
41.51800156 -35.04999924 272.41799927 -0.060952 -0.906152 0.418537
36.77799988 -39.64699936 269.71798706 0.820837 -0.471075 0.322978
34.83800125 -42.04700089 273.91799927 0.948986 0.271332 -0.160639
34.88899994 -42.04700089 274.21798706 0.932385 0.313583 -0.179787
39.71799850 -48.91099930 275.11801147 0.035772 0.912844 -0.406739
40.01800156 -48.90100098 275.11801147 0.066154 0.911308 -0.406376
39.71799850 -48.76100159 275.41799927 0.049255 0.917201 -0.395368
40.01800156 -48.79499817 275.41799927 0.082760 0.918499 -0.386665
34.86899948 -42.34700012 273.31799316 0.934457 0.334994 -0.120706
34.76100159 -42.04700089 273.31799316 0.981806 0.176222 -0.070728
34.89300156 -42.34700012 273.61801147 0.927798 0.350501 -0.127830
34.77999878 -42.04700089 273.61801147 0.968019 0.225150 -0.110667
39.11800003 -48.87599945 275.11801147 0.060375 0.916354 -0.395790
39.41799927 -48.89199829 275.11801147 0.041262 0.911766 -0.408631
39.11800003 -48.75999832 275.41799927 0.046740 0.912096 -0.407305
39.41799927 -48.76499939 275.41799927 0.027703 0.911547 -0.410262
34.76200104 -41.74700165 273.91799927 0.992229 0.094552 -0.080882
34.76900101 -41.44699860 273.91799927 0.988648 -0.148354 0.023782
34.80300140 -41.74700165 274.21798706 0.973394 0.181008 -0.140503
34.75600052 -41.44699860 274.21798706 0.998373 -0.045237 -0.034717
34.73699951 -41.74700165 273.31799316 0.995936 -0.088980 0.013937
34.81999969 -41.44699860 273.31799316 0.954646 -0.272568 0.119825
34.75000000 -41.74700165 273.61801147 0.999461 -0.009151 -0.031519
34.79299927 -41.44699860 273.61801147 0.979436 -0.185692 0.078889
39.11800003 -48.60400009 275.71798706 0.055425 0.904375 -0.423123
39.41799927 -48.62200165 275.71798706 0.055058 0.911815 -0.406893
39.11800003 -48.47700119 276.01800537 0.065385 0.924731 -0.374963
39.41799927 -48.48600006 276.01800537 0.063203 0.915770 -0.396699
34.85400009 -41.14699936 273.91799927 0.942774 -0.307982 0.127765
34.80799866 -41.14699936 274.21798706 0.974342 -0.209230 0.082949
38.51800156 -48.54299927 275.71798706 0.297421 0.880184 -0.369889
38.81800079 -48.58100128 275.71798706 0.133892 0.903420 -0.407314
38.51800156 -48.40800095 276.01800537 0.330509 0.875773 -0.351832
38.81800079 -48.45999908 276.01800537 0.125591 0.923298 -0.362971
38.17499924 -47.14699936 278.11801147 0.682625 0.636789 -0.358501
34.77000046 -42.34700012 272.71798706 0.975774 0.190183 -0.108143
34.72100067 -42.04700089 272.71798706 0.999109 -0.040046 0.013349
34.84999847 -42.34700012 273.01800537 0.955747 0.262336 -0.133145
34.74700165 -42.04700089 273.01800537 0.993794 0.099268 -0.050192
34.85699844 -41.44699860 273.01800537 0.921713 -0.356657 0.152453
34.76399994 -41.74700165 273.01800537 0.993893 -0.093002 0.059387
34.76800156 -41.74700165 272.71798706 0.966936 -0.224124 0.121667
34.91099930 -41.14699936 273.61801147 0.909365 -0.379969 0.169350
36.91899872 -39.04700089 270.61801147 0.816095 -0.542544 0.199085
36.99300003 -39.04700089 270.31799316 0.816731 -0.543982 0.192439
36.78900146 -39.34700012 270.31799316 0.823921 -0.529555 0.201807
36.75000000 -39.04700089 271.21798706 0.840217 -0.489491 0.233309
36.82600021 -39.04700089 270.91799927 0.826129 -0.520721 0.215313
49.83100128 -43.24700165 275.41799927 -0.854171 0.478876 -0.202659
49.65999985 -43.54700089 275.41799927 -0.829160 0.514599 -0.218361
49.89199829 -43.24700165 275.11801147 -0.854979 0.477650 -0.202140
49.72700119 -43.54700089 275.11801147 -0.846268 0.498774 -0.187228
37.11600113 -38.44699860 271.21798706 0.827856 -0.516839 0.218017
36.92100143 -38.74700165 271.21798706 0.831239 -0.499358 0.244301
37.19100189 -38.44699860 270.91799927 0.854267 -0.480245 0.198980
37.02199936 -38.74700165 270.91799927 0.835007 -0.494876 0.240543
49.77500153 -43.54700089 274.81799316 -0.840645 0.506793 -0.190987
49.85499954 -43.54700089 274.51800537 -0.831235 0.519333 -0.198346
49.47100067 -43.84700012 275.41799927 -0.826840 0.513899 -0.228570
49.54600143 -43.84700012 275.11801147 -0.830733 0.519019 -0.201252
49.35699844 -44.14699936 275.11801147 -0.827037 0.531774 -0.182280
36.23400116 -39.94699860 270.91799927 0.832979 -0.524911 0.174970
36.45000076 -39.64699936 270.91799927 0.820654 -0.543589 0.176177
36.19499969 -39.94699860 271.21798706 0.834070 -0.517335 0.191550
36.39599991 -39.64699936 271.21798706 0.817204 -0.544297 0.189519
47.67800140 -36.34700012 273.31799316 -0.909821 -0.341001 0.236524
47.60599899 -36.04700089 273.31799316 -0.887895 -0.374557 0.267114
42.11800003 -49.50199890 274.21798706 0.129750 0.888288 -0.440579
42.11800003 -49.66999817 273.91799927 0.129389 0.935690 -0.328241
42.41799927 -49.69100189 273.91799927 0.054341 0.976937 -0.206497
42.41799927 -49.55199814 274.21798706 0.089823 0.902379 -0.421479
42.11800003 -49.36399841 274.51800537 0.100984 0.906091 -0.410854
42.41799927 -49.39599991 274.51800537 0.087757 0.887325 -0.452717
42.41799927 -49.29199982 274.81799316 0.062090 0.881680 -0.467746
42.11800003 -49.20299911 274.81799316 0.079338 0.881070 -0.466285
36.31100082 -39.64699936 271.51800537 0.817636 -0.532307 0.219366
49.59700012 -43.84700012 274.81799316 -0.832979 0.524911 -0.174970
49.39400101 -44.14699936 274.81799316 -0.831178 0.528659 -0.172226
49.67100143 -43.84700012 274.51800537 -0.827037 0.531774 -0.182280
36.23500061 -39.64699936 271.81799316 0.825352 -0.523283 0.212059
49.47000122 -44.14699936 274.51800537 -0.829696 0.525524 -0.188225
36.10400009 -39.94699860 271.51800537 0.832305 -0.513937 0.207697
36.01900101 -39.94699860 271.81799316 0.832305 -0.513937 0.207697
48.09999847 -45.34700012 277.21798706 -0.826850 0.522301 -0.208616
48.35499954 -45.04700089 276.91799927 -0.838683 0.515768 -0.174913
48.18399811 -45.34700012 276.91799927 -0.827527 0.523848 -0.201947
48.43700027 -45.04700089 276.61801147 -0.844144 0.502288 -0.187421
48.24399948 -45.34700012 276.61801147 -0.837183 0.512531 -0.190884
48.47100067 -45.04700089 276.31799316 -0.841068 0.499809 -0.206870
48.31200027 -45.34700012 276.31799316 -0.830163 0.525820 -0.185318
39.11800003 -49.37900162 273.91799927 0.120706 0.934457 -0.334994
39.41799927 -49.45600128 273.91799927 0.044473 0.951732 -0.303690
39.11800003 -49.29700089 274.21798706 0.102511 0.919863 -0.378606
39.41799927 -49.34799957 274.21798706 0.054545 0.919284 -0.389798
49.31999969 -39.64699936 274.21798706 -0.892748 -0.397265 0.212559
49.45899963 -39.94699860 274.21798706 -0.900785 -0.397954 0.173836
49.41799927 -39.94699860 273.91799927 -0.897378 -0.409205 0.165118
39.11800003 -49.50199890 273.61801147 0.097812 0.953341 -0.285611
39.41799927 -49.52399826 273.61801147 0.043202 0.966491 -0.253040
49.74399948 -40.24700165 274.81799316 -0.887602 -0.377417 0.264043
49.87599945 -40.54700089 274.81799316 -0.888895 -0.394900 0.232207
49.65000153 -40.24700165 274.51800537 -0.896655 -0.395111 0.199743
49.78300095 -40.54700089 274.51800537 -0.885425 -0.412410 0.214335
38.51800156 -49.40100098 273.61801147 0.250339 0.922677 -0.293254
38.81800079 -49.46699905 273.61801147 0.153903 0.941124 -0.300996
38.51800156 -49.29199982 273.91799927 0.254323 0.911203 -0.324080
38.81800079 -49.35800171 273.91799927 0.196901 0.922179 -0.332891
38.81800079 -49.25799942 274.21798706 0.193451 0.912803 -0.359676
38.51800156 -49.20100021 274.21798706 0.268065 0.896019 -0.353965
49.59299850 -40.24700165 274.21798706 -0.895419 -0.409376 0.175033
49.74300003 -40.54700089 274.21798706 -0.896019 -0.406755 0.178046
49.54600143 -40.24700165 273.91799927 -0.899204 -0.401405 0.174086
49.67800140 -40.54700089 273.91799927 -0.904451 -0.388441 0.176303
50.00500107 -41.14699936 274.21798706 -0.898685 -0.385983 0.208285
49.92200089 -41.14699936 273.91799927 -0.904000 -0.384957 0.185990
49.86999893 -40.84700012 274.21798706 -0.899327 -0.390822 0.196137
49.81700134 -40.84700012 273.91799927 -0.904472 -0.386809 0.179744
49.73400116 -40.84700012 273.61801147 -0.902913 -0.391884 0.176563
49.88499832 -41.14699936 273.61801147 -0.902913 -0.391884 0.176563
49.69599915 -40.84700012 273.31799316 -0.900414 -0.391673 0.189333
49.82699966 -41.14699936 273.31799316 -0.902463 -0.390060 0.182796
49.34799957 -44.44699860 274.21798706 -0.834506 0.501924 -0.227315
50.15999985 -42.04700089 273.01800537 -0.903167 -0.396478 0.164603
50.29999924 -42.34700012 273.01800537 -0.939504 -0.292993 0.177447
50.10699844 -42.04700089 272.71798706 -0.898297 -0.397797 0.186603
50.24499893 -42.34700012 272.71798706 -0.926688 -0.329458 0.180851
50.40200043 -42.64699936 273.01800537 -0.978607 -0.169066 0.117235
50.40599823 -42.94699860 273.01800537 -0.995910 0.090344 -0.001063
50.34099960 -42.64699936 272.71798706 -0.959556 -0.245468 0.137830
50.39199829 -42.94699860 272.71798706 -0.998115 -0.032812 0.051864
49.46300125 -44.44699860 273.91799927 -0.832741 0.501485 -0.234640
50.40700150 -43.24700165 272.41799927 -0.994060 0.098851 -0.045538
50.34199905 -43.54700089 272.41799927 -0.942608 0.293286 -0.159602
50.40900040 -43.24700165 272.11801147 -0.998124 -0.013616 0.059699
50.38999939 -43.54700089 272.11801147 -0.968996 0.222247 -0.107948
50.39300156 -43.24700165 271.81799316 -0.983099 -0.146316 0.110039
50.39199829 -43.54700089 271.81799316 -0.994206 0.102621 -0.032000
50.31299973 -43.24700165 271.51800537 -0.965294 -0.230691 0.122434
50.40000153 -43.54700089 271.51800537 -0.997690 -0.062554 0.026506
50.30799866 -43.84700012 271.81799316 -0.953464 0.240719 -0.181548
50.19699860 -44.14699936 271.81799316 -0.892782 0.388102 -0.228729
50.34799957 -43.84700012 271.51800537 -0.977904 0.179262 -0.107557
50.31399918 -44.14699936 271.51800537 -0.921828 0.353904 -0.158068
50.28099823 -43.24700165 271.21798706 -0.951526 -0.286382 0.112177
50.39300156 -43.54700089 271.21798706 -0.989507 -0.121803 0.077722
50.26399994 -43.24700165 270.91799927 -0.947570 -0.294533 0.123944
50.33900070 -43.54700089 270.91799927 -0.967399 -0.223639 0.118848
50.41099930 -43.84700012 271.21798706 -0.999668 0.017183 -0.019205
50.29600143 -44.14699936 271.21798706 -0.948354 0.314421 -0.042008
50.35800171 -43.84700012 270.91799927 -0.997670 -0.015803 0.066371
50.11299896 -44.44699860 271.21798706 -0.811564 0.578041 -0.085048
41.59600067 -47.74700165 276.01800537 0.432030 0.880279 -0.196109
41.51800156 -47.70299911 276.01800537 0.435100 0.898665 -0.055574
41.81800079 -48.16500092 275.71798706 0.149632 0.663518 -0.733044
41.81800079 -48.04700089 275.81500244 0.387510 0.839343 -0.381234
41.81800079 -47.89500046 276.01800537 0.579095 0.800558 -0.154126
41.51800156 -47.83100128 276.31799316 0.204275 0.886172 0.415898
41.81800079 -47.90499878 276.31799316 0.357275 0.926724 0.116354
41.51800156 -48.06100082 276.61801147 -0.042869 0.934019 0.354641
41.81800079 -48.06200027 276.61801147 0.114782 0.951241 0.286296
41.21799850 -47.74700165 276.35198975 -0.061677 0.750166 0.658367
40.91799927 -47.48300171 276.01800537 -0.038613 0.414096 0.909414
40.91799927 -47.74700165 276.25000000 -0.543015 0.597147 0.590381
41.21799850 -47.53799820 276.01800537 -0.025876 0.510714 0.859361
39.11800003 -47.80599976 277.51800537 0.063734 0.904479 -0.421729
39.41799927 -47.82400131 277.51800537 0.077745 0.909747 -0.407818
50.40000153 -41.44699860 275.41799927 -0.961506 -0.224308 0.158721
50.43799973 -41.74700165 275.41799927 -0.991470 -0.065033 0.112952
50.29800034 -41.44699860 275.11801147 -0.943144 -0.301752 0.139374
50.44400024 -41.74700165 275.11801147 -0.979126 -0.164217 0.119767
50.30500031 -41.14699936 275.41799927 -0.927359 -0.293972 0.231485
50.07600021 -40.84700012 275.11801147 -0.902661 -0.353726 0.245113
50.19499969 -41.14699936 275.11801147 -0.907450 -0.370770 0.197648
49.97499847 -40.54700089 275.11801147 -0.894943 -0.360649 0.262695
49.17300034 -44.74700165 274.21798706 -0.843747 0.488005 -0.223479
49.27000046 -44.74700165 273.91799927 -0.837804 0.491655 -0.237403
49.51900101 -39.64699936 274.81799316 -0.895875 -0.334282 0.292682
49.60599899 -39.94699860 274.81799316 -0.893385 -0.364192 0.263110
49.40700150 -39.64699936 274.51800537 -0.899297 -0.357658 0.251685
49.51599884 -39.94699860 274.51800537 -0.902349 -0.368811 0.223036
49.03300095 -45.04700089 274.21798706 -0.848145 0.482279 -0.219218
36.15499878 -39.64699936 272.11801147 0.834884 -0.514820 0.194756
48.85100174 -45.34700012 274.21798706 -0.834563 0.506211 -0.217382
49.09299850 -45.04700089 273.91799927 -0.845288 0.484106 -0.226118
40.91799927 -48.73099899 275.71798706 -0.064387 0.791245 -0.608100
48.91500092 -45.34700012 273.91799927 -0.839452 0.495140 -0.223956
49.86800003 -44.14699936 273.01800537 -0.859679 0.463597 -0.214545
50.03099823 -43.84700012 273.01800537 -0.866740 0.447591 -0.220053
50.10200119 -43.84700012 272.71798706 -0.856894 0.468355 -0.215353
49.92599869 -44.14699936 272.71798706 -0.864074 0.449318 -0.226913
50.34700012 -43.24700165 273.01800537 -0.946512 0.294023 -0.132914
50.17499924 -43.54700089 273.01800537 -0.879744 0.427304 -0.208477
50.40200043 -43.24700165 272.71798706 -0.984430 0.143037 -0.102169
50.25600052 -43.54700089 272.71798706 -0.910403 0.353485 -0.214976
49.17900085 -39.04700089 274.51800537 -0.889509 -0.371001 0.266704
49.29899979 -39.34700012 274.51800537 -0.891840 -0.358820 0.275443
49.05199814 -39.04700089 274.21798706 -0.890957 -0.388593 0.234929
49.17900085 -39.34700012 274.21798706 -0.894711 -0.389324 0.218903
49.00899887 -39.04700089 273.91799927 -0.893975 -0.403966 0.193962
49.13700104 -39.34700012 273.91799927 -0.897171 -0.403077 0.180590
48.81399918 -38.44699860 274.21798706 -0.911549 -0.340563 0.230423
48.93399811 -38.74700165 274.21798706 -0.897204 -0.362133 0.252754
48.72900009 -38.44699860 273.91799927 -0.917386 -0.346695 0.195462
48.84099960 -38.74700165 273.91799927 -0.906424 -0.385194 0.173266
48.72499847 -38.14699936 274.21798706 -0.911212 -0.337540 0.236133
46.01800156 -49.32799911 274.81799316 -0.428604 0.836799 -0.340685
45.71799850 -49.43000031 274.81799316 -0.094190 0.918690 -0.383584
46.28599930 -49.24700165 274.51800537 -0.623066 0.739793 -0.253959
46.01800156 -49.45500183 274.51800537 -0.401346 0.868312 -0.291472
45.71799850 -49.53699875 274.51800537 -0.208285 0.898685 -0.385983
47.81800079 -39.24599838 271.51800537 -0.775911 -0.510255 -0.370947
47.78099823 -39.34700012 271.81799316 -0.745272 -0.660349 -0.092244
47.81800079 -38.74700165 272.24301147 -0.641746 0.261452 0.720974
45.41799927 -36.96799850 268.51800537 -0.048464 -0.859887 0.508178
49.18099976 -45.04700089 273.61801147 -0.839317 0.490748 -0.233908
49.00699997 -45.34700012 273.61801147 -0.842288 0.488923 -0.226946
49.25799942 -45.04700089 273.31799316 -0.835877 0.496636 -0.233801
49.09299850 -45.34700012 273.31799316 -0.827807 0.512598 -0.227991
41.21799850 -36.05500031 270.01800537 -0.044259 -0.905295 0.422471
40.91799927 -36.05199814 270.01800537 -0.047171 -0.901631 0.429926
41.21799850 -36.18099976 269.71798706 -0.024778 -0.919402 0.392539
40.91799927 -36.17900085 269.71798706 -0.046420 -0.919112 0.391253
48.58399963 -45.94699860 273.61801147 -0.810759 0.561063 -0.166965
48.67200089 -45.94699860 273.31799316 -0.804990 0.566363 -0.176705
48.83100128 -45.64699936 273.61801147 -0.812195 0.547051 -0.202668
48.90100098 -45.64699936 273.31799316 -0.793865 0.577495 -0.190467
37.01599884 -45.64699936 276.61801147 0.892268 0.411928 -0.184858
37.15200043 -45.94699860 276.61801147 0.891187 0.412776 -0.188156
36.97000122 -45.64699936 276.31799316 0.900364 0.405092 -0.158888
37.09600067 -45.94699860 276.31799316 0.900992 0.402510 -0.161863
37.17599869 -46.24700165 276.01800537 0.913509 0.380278 -0.144534
37.30799866 -46.54700089 276.01800537 0.908666 0.385365 -0.160687
37.13000107 -46.24700165 275.71798706 0.917773 0.381144 -0.111454
37.25999832 -46.54700089 275.71798706 0.921642 0.362818 -0.137621
37.10100174 -46.24700165 275.41799927 0.976642 0.210224 -0.044447
37.22100067 -46.54700089 275.41799927 0.925354 0.344740 -0.157715
37.09099960 -46.24700165 275.11801147 0.983652 -0.010306 -0.179783
37.17800140 -46.54700089 275.11801147 0.959933 0.178746 -0.215819
35.68299866 -43.24700165 275.41799927 0.887816 0.421312 -0.185144
35.84000015 -43.54700089 275.41799927 0.900353 0.396155 -0.180071
35.62099838 -43.24700165 275.11801147 0.882098 0.430041 -0.192271
35.77099991 -43.54700089 275.11801147 0.896696 0.401268 -0.186872
48.77399826 -44.44699860 276.91799927 -0.823414 0.554305 -0.121391
48.95800018 -45.64699936 273.01800537 -0.794323 0.577828 -0.187527
49.05300140 -45.64699936 272.71798706 -0.798541 0.578150 -0.167558
48.82799911 -45.94699860 272.71798706 -0.811293 0.540349 -0.223221
48.71099854 -45.94699860 273.01800537 -0.806309 0.555389 -0.203490
37.19100189 -47.74700165 273.01800537 0.874047 0.449552 -0.184243
37.02199936 -47.44699860 273.01800537 0.845690 0.460585 -0.269573
37.74399948 -48.04700089 274.81799316 0.878379 0.439925 -0.186858
37.88700104 -48.34700012 274.81799316 0.850932 0.480437 -0.212356
37.70100021 -48.04700089 274.51800537 0.872220 0.435362 -0.222917
37.84000015 -48.34700012 274.51800537 0.866578 0.446055 -0.223778
38.21799850 -49.03499985 274.21798706 0.564885 0.752641 -0.338284
38.21799850 -49.15299988 273.91799927 0.541183 0.785589 -0.299952
37.93399811 -48.94699860 273.91799927 0.768552 0.564031 -0.301988
48.21400070 -46.84700012 272.41799927 -0.799691 0.597274 -0.061295
38.52999878 -36.04700089 271.51800537 0.837183 -0.512531 0.190884
38.42800140 -35.74700165 272.71798706 0.856234 -0.471004 0.212177
38.36700058 -35.74700165 273.01800537 0.842745 -0.481787 0.240129
48.00000000 -47.14699936 272.41799927 -0.859740 0.510428 0.017601
35.54800034 -44.74700165 271.81799316 0.838082 0.481320 -0.256807
35.23199844 -44.44699860 271.51800537 0.875849 0.368859 -0.311177
35.34999847 -44.44699860 271.81799316 0.870117 0.397724 -0.291055
35.48799896 -43.84700012 273.31799316 0.898771 0.399614 -0.180331
35.63199997 -44.14699936 273.31799316 0.891263 0.409893 -0.194006
35.69800186 -44.14699936 273.61801147 0.873300 0.429909 -0.229185
35.55199814 -43.84700012 273.61801147 0.888126 0.403425 -0.220184
35.51900101 -43.54700089 273.91799927 0.883698 0.415945 -0.214634
35.59199905 -43.54700089 274.21798706 0.884402 0.422335 -0.198659
35.35699844 -43.24700165 273.91799927 0.887310 0.419535 -0.191495
35.42200089 -43.24700165 274.21798706 0.872989 0.446129 -0.197127
35.48799896 -43.24700165 274.51800537 0.874840 0.442601 -0.196876
35.63000107 -43.54700089 274.51800537 0.889504 0.416270 -0.188417
35.71400070 -43.54700089 274.81799316 0.893975 0.403966 -0.193962
35.57799911 -43.24700165 274.81799316 0.884402 0.422335 -0.198659
35.54600143 -42.94699860 275.41799927 0.885041 0.421238 -0.198143
35.48699951 -42.94699860 275.11801147 0.880940 0.430911 -0.195601
35.33800125 -42.64699936 275.11801147 0.890628 0.406432 -0.203949
35.41099930 -42.64699936 275.41799927 0.890092 0.409120 -0.200894
35.61100006 -42.94699860 275.71798706 0.888421 0.418681 -0.188188
35.68899918 -42.94699860 276.01800537 0.892265 0.413489 -0.181355
35.54899979 -42.64699936 276.01800537 0.891217 0.408292 -0.197560
35.46300125 -42.64699936 275.71798706 0.884402 0.422335 -0.198659
37.01800156 -44.97800064 275.11801147 0.513969 0.770144 0.377776
37.01800156 -45.04700089 275.23999023 0.563565 0.683970 0.463227
37.01800156 -45.34700012 275.48498535 0.774274 0.418923 0.474345
36.66500092 -45.04700089 275.41799927 0.656175 0.642952 0.395027
36.53599930 -44.74700165 276.31799316 0.903464 0.389251 -0.179544
36.39599991 -44.44699860 276.31799316 0.915688 0.357446 -0.183707
36.60400009 -44.74700165 276.61801147 0.900414 0.391673 -0.189333
36.47999954 -44.44699860 276.61801147 0.904994 0.385806 -0.179278
36.39300156 -44.14699936 276.91799927 0.902324 0.412451 -0.125284
47.62799835 -36.34700012 273.01800537 -0.901102 -0.361906 0.238829
47.54999924 -36.34700012 272.71798706 -0.897159 -0.392416 0.202772
47.48899841 -36.04700089 273.01800537 -0.884225 -0.395143 0.249014
47.39599991 -36.04700089 272.71798706 -0.868658 -0.432071 0.242381
47.33100128 -36.04700089 272.41799927 -0.866701 -0.450565 0.214056
47.46900177 -36.34700012 272.41799927 -0.890694 -0.412547 0.190967
47.26200104 -36.04700089 272.11801147 -0.810313 -0.534528 0.240150
47.42599869 -36.34700012 272.11801147 -0.872381 -0.450214 0.190418
47.60800171 -36.64699936 272.41799927 -0.903167 -0.396478 0.164603
47.73600006 -36.94699860 272.41799927 -0.902117 -0.404887 0.149169
47.57600021 -36.64699936 272.11801147 -0.894177 -0.414586 0.169013
47.71400070 -36.94699860 272.11801147 -0.901177 -0.399727 0.167627
47.87099838 -37.24700165 272.41799927 -0.896817 -0.410261 0.165544
48.01599884 -37.54700089 272.41799927 -0.891263 -0.409893 0.194006
47.82199860 -37.24700165 272.11801147 -0.907027 -0.379719 0.181978
47.96599960 -37.54700089 272.11801147 -0.905798 -0.369566 0.207247
47.65800095 -36.94699860 271.81799316 -0.896886 -0.384798 0.218003
47.55099869 -36.94699860 271.51800537 -0.888225 -0.388319 0.245489
47.77299881 -37.24700165 271.81799316 -0.901552 -0.374312 0.217013
47.88199997 -37.54700089 271.81799316 -0.911454 -0.352774 0.211665
47.67900085 -37.24700165 271.51800537 -0.894799 -0.381800 0.231439
47.80699921 -37.54700089 271.51800537 -0.898460 -0.381297 0.217676
48.00699997 -37.84700012 271.81799316 -0.915955 -0.339720 0.213580
48.08700180 -38.14699936 271.81799316 -0.968423 -0.060759 0.241796
47.95299911 -37.84700012 271.51800537 -0.936537 -0.292754 0.192857
48.03699875 -38.14699936 271.51800537 -0.984120 -0.163028 0.070209
48.02299881 -38.44699860 270.61801147 -0.912785 -0.387200 0.129998
48.00299835 -38.44699860 270.31799316 -0.901941 -0.401657 0.158662
48.10499954 -38.74700165 270.31799316 -0.910634 -0.380965 0.160034
48.13600159 -38.74700165 270.61801147 -0.937218 -0.346110 0.042778
48.25799942 -39.04700089 270.61801147 -0.919289 -0.391720 -0.038249
48.38800049 -39.34700012 270.61801147 -0.873769 -0.486026 0.017502
48.23699951 -39.04700089 270.31799316 -0.908625 -0.391429 0.145550
48.39300156 -39.34700012 270.31799316 -0.894518 -0.425216 0.137946
48.09700012 -39.04700089 269.71798706 -0.891455 -0.396366 0.219548
48.17699814 -39.04700089 270.01800537 -0.893923 -0.408443 0.184599
48.33499908 -39.34700012 270.01800537 -0.886566 -0.426542 0.179060
48.25500107 -39.34700012 269.71798706 -0.882899 -0.411030 0.227031
48.17699814 -39.34700012 269.41799927 -0.882423 -0.369562 0.291124
48.46500015 -39.64699936 270.01800537 -0.901930 -0.383646 0.198338
48.58900070 -39.94699860 270.01800537 -0.904826 -0.372064 0.207024
48.39500046 -39.64699936 269.71798706 -0.885315 -0.381989 0.265145
48.51100159 -39.94699860 269.71798706 -0.900059 -0.370268 0.229771
48.52799988 -40.24700165 269.41799927 -0.892399 -0.339321 0.297466
48.63800049 -40.54700089 269.41799927 -0.895978 -0.331348 0.295688
48.30899811 -39.64699936 269.41799927 -0.883929 -0.353873 0.305686
48.41099930 -39.94699860 269.41799927 -0.877355 -0.351246 0.326917
48.15700150 -39.64699936 269.11801147 -0.874759 -0.327084 0.357510
39.11800003 -35.09400177 272.11801147 0.424773 -0.844878 0.325192
39.41799927 -35.04999924 272.11801147 0.122249 -0.924420 0.361252
39.11800003 -34.96900177 272.41799927 0.319642 -0.902953 0.287236
39.41799927 -34.89300156 272.41799927 0.117072 -0.921426 0.370498
40.31800079 -34.80099869 272.71798706 -0.028407 -0.875205 0.482918
40.61800003 -34.82500076 272.71798706 -0.058195 -0.902702 0.426313
41.21799850 -34.88299942 272.71798706 -0.070092 -0.891952 0.446663
40.91799927 -34.83100128 272.71798706 -0.067191 -0.892680 0.445654
40.91799927 -35.13600159 272.11801147 -0.075065 -0.904878 0.419001
40.91799927 -34.98600006 272.41799927 -0.066770 -0.900720 0.429239
41.21799850 -35.01499939 272.41799927 -0.069743 -0.898451 0.433499
41.51800156 -34.89199829 272.71798706 -0.062090 -0.881680 0.467746
41.81800079 -34.90499878 272.71798706 -0.036581 -0.884708 0.464709
42.11800003 -34.91999817 272.71798706 -0.042233 -0.878721 0.475463
42.41799927 -34.93199921 272.71798706 -0.067915 -0.880124 0.469861
36.07400131 -45.64699936 272.11801147 0.887253 0.413463 -0.204524
36.34799957 -46.24700165 272.41799927 0.910324 0.392936 -0.130046
36.41799927 -46.36500168 272.41799927 0.913257 0.382979 -0.138882
36.57500076 -46.54700089 272.41799927 0.903008 0.417520 -0.101259
36.14799881 -45.64699936 272.41799927 0.909489 0.373822 -0.181898
36.23899841 -45.94699860 272.41799927 0.921965 0.349420 -0.166992
36.11800003 -45.74100113 272.11801147 0.904979 0.376714 -0.197739
36.20899963 -45.94699860 272.11801147 0.924054 0.348093 -0.157970
36.48899841 -46.24700165 273.01800537 0.899501 0.371246 -0.230378
36.61100006 -46.54700089 273.01800537 0.905365 0.372286 -0.204250
36.39099884 -46.24700165 272.71798706 0.913807 0.365239 -0.177645
36.53099823 -46.54700089 272.71798706 0.914246 0.345892 -0.210980
37.88600159 -47.44699860 276.91799927 0.847508 0.468802 -0.248908
38.21799850 -48.06999969 276.31799316 0.675012 0.690895 -0.258887
38.33900070 -48.04700089 276.61801147 0.493075 0.806995 -0.325017
37.92900085 -47.74700165 276.31799316 0.792480 0.574816 -0.203868
38.03699875 -47.74700165 276.61801147 0.721755 0.659668 -0.209542
37.82600021 -47.74700165 275.71798706 0.869887 0.446134 -0.210384
37.65100098 -47.44699860 275.71798706 0.876355 0.447719 -0.177620
37.87200165 -47.74700165 276.01800537 0.829357 0.515875 -0.214568
37.70500183 -47.44699860 276.01800537 0.874513 0.451219 -0.177842
36.31900024 -45.34700012 273.91799927 0.884258 0.363043 -0.293748
36.41799927 -45.34700012 274.08898926 0.880268 0.356046 -0.313624
36.21799850 -45.04700089 273.91799927 0.873083 0.361118 -0.327597
36.49599838 -45.34700012 274.21798706 0.883131 0.303435 -0.357781
35.90499878 -44.74700165 273.31799316 0.890111 0.386554 -0.241411
35.78200150 -44.44699860 273.31799316 0.890111 0.386554 -0.241411
35.98199844 -44.74700165 273.61801147 0.887539 0.372676 -0.270901
35.83200073 -44.44699860 273.61801147 0.882342 0.404593 -0.240367
35.57400131 -44.14699936 273.01800537 0.903512 0.384749 -0.188772
35.51200104 -44.14699936 272.71798706 0.901805 0.369784 -0.223624
35.38700104 -43.84700012 272.71798706 0.901388 0.384650 -0.198857
35.43500137 -43.84700012 273.01800537 0.900198 0.400567 -0.170851
34.87400055 -42.94699860 272.11801147 0.941040 0.291764 -0.171223
34.79800034 -42.64699936 272.11801147 0.978072 0.176820 -0.110049
34.81100082 -42.64699936 272.41799927 0.955070 0.267420 -0.127782
34.75500107 -42.94699860 271.51800537 0.968970 0.226135 -0.099803
34.71099854 -42.64699936 271.51800537 0.998614 0.030388 -0.042962
34.82799911 -42.94699860 271.81799316 0.951402 0.261669 -0.162369
34.74300003 -42.64699936 271.81799316 0.988231 0.104581 -0.111631
