570.44116211 359.45489502 -56.30175400 -0.327367 -0.932375 0.153324
570.46057129 359.55722046 -53.64760971 -0.152034 -0.839877 0.521049
570.68078613 359.47677612 -53.73454285 0.038688 -0.959713 0.278304
570.71673584 359.68225098 -53.45641327 -0.143232 -0.467312 0.872413
570.46844482 359.77767944 -53.46153259 -0.081159 -0.228493 0.970157
570.89715576 359.39846802 -53.83432388 -0.162669 -0.950472 0.264842
570.96038818 359.58932495 -53.46649933 -0.222328 -0.598575 0.769596
571.09899902 359.32788086 -53.98177719 -0.185890 -0.882610 0.431791
571.20593262 359.49536133 -53.47044754 -0.449141 -0.602750 0.659519
571.44653320 359.40405273 -53.49057007 0.023949 -0.321426 0.946632
569.96960449 359.96972656 -53.47918320 -0.253665 -0.223170 0.941195
570.21905518 359.87368774 -53.47029877 -0.135827 -0.259786 0.956066
570.18298340 360.11767578 -53.42851639 -0.054456 -0.087796 0.994649
569.93469238 360.21307373 -53.43351364 -0.107374 -0.114454 0.987609
570.42895508 360.02346802 -53.43091202 -0.013270 -0.033686 0.999344
570.67523193 359.92913818 -53.43251419 -0.018940 -0.000997 0.999820
570.92205811 359.83450317 -53.43213272 -0.007328 -0.068046 0.997655
571.16864014 359.73999023 -53.43274307 0.050292 -0.101701 0.993543
571.41564941 359.64529419 -53.43188858 0.001005 -0.029133 0.999575
571.68084717 359.31613159 -53.53144836 -0.630079 -0.538861 -0.559132
571.65985107 359.55206299 -53.44025421 0.005776 -0.195224 0.980742
571.90002441 359.46096802 -53.46177292 0.021960 -0.179147 0.983577
569.68621826 360.30859375 -53.43935776 -0.317176 -0.253451 0.913872
569.88745117 360.46304321 -53.42859268 -0.000981 0.002944 0.999995
569.64093018 360.55749512 -53.42792130 0.003044 -0.035510 0.999365
570.13427734 360.36837769 -53.42823029 0.006896 0.000985 0.999976
570.38000488 360.27432251 -53.43151093 0.010923 0.006951 0.999916
570.62658691 360.17984009 -53.43206406 0.000981 0.002944 0.999995
570.87347412 360.08517456 -53.43158340 0.002944 -0.000981 0.999995
571.12054443 359.99041748 -53.43047714 0.023435 0.019359 0.999538
571.36645508 359.89627075 -53.43323517 0.015929 0.073276 0.997185
571.61309814 359.80172729 -53.43342972 0.011053 0.017082 0.999793
571.85913086 359.70748901 -53.43572617 0.004936 0.004936 0.999976
568.89428711 360.84469604 -53.44890976 -0.260165 -0.207857 0.942926
569.14672852 360.74707031 -53.43031311 -0.180034 -0.112987 0.977150
569.09930420 360.99716187 -53.42573547 -0.003014 -0.025118 0.999680
568.85284424 361.09161377 -53.42497253 -0.029724 -0.021524 0.999326
569.39453125 360.65188599 -53.42665100 -0.058779 -0.083177 0.994800
569.34631348 360.90243530 -53.42493820 -0.006924 -0.006924 0.999952
569.59289551 360.80792236 -53.42541885 0.014924 -0.004975 0.999876
569.83843994 360.71398926 -53.42937469 0.004936 -0.006910 0.999964
570.08477783 360.61959839 -53.43058777 0.006937 -0.008919 0.999936
570.33056641 360.52554321 -53.43387222 0.002956 -0.006896 0.999972
570.57739258 360.43090820 -53.43349075 -0.006910 0.002961 0.999972
570.82458496 360.33609009 -53.43207169 0.000979 0.002938 0.999995
571.07141113 360.24142456 -53.43167877 0.008937 0.006951 0.999936
571.31762695 360.14712524 -53.43338013 0.002973 -0.012883 0.999913
571.56365967 360.05291748 -53.43573380 -0.047726 0.041363 0.998004
571.81018066 359.95843506 -53.43643570 -0.004945 -0.006924 0.999964
569.05096436 361.24768066 -53.42433548 0.004926 -0.002956 0.999984
568.80487061 361.34194946 -53.42234039 -0.008990 -0.014983 0.999847
569.29730225 361.15332031 -53.42566299 0.000979 0.000979 0.999999
569.54406738 361.05874634 -53.42564011 0.000981 0.002944 0.999995
569.79046631 360.96432495 -53.42673874 0.006910 -0.002961 0.999972
570.03643799 360.87014771 -53.42927551 0.000981 -0.002944 0.999995
570.28271484 360.77581787 -53.43082047 0.004955 -0.010901 0.999928
570.52905273 360.68142700 -53.43194962 -0.000989 -0.012857 0.999917
570.77575684 360.58685303 -53.43209457 0.008867 -0.000985 0.999960
571.02239990 360.49230957 -53.43240356 0.006883 -0.000983 0.999976
571.26885986 360.39785767 -53.43326950 0.010858 0.000987 0.999941
573.49298096 359.32003784 -53.58198929 0.226699 -0.655082 0.720746
573.66162109 359.26724243 -53.83855057 -0.088682 -0.980361 0.176149
573.70849609 359.46682739 -53.52433777 0.235969 -0.770415 0.592266
573.92126465 359.39041138 -53.63589096 0.165910 -0.744311 0.646896
569.00225830 361.49841309 -53.42404938 0.010880 0.000989 0.999940
568.75616455 361.59268188 -53.42203140 0.000983 0.004916 0.999987
569.24847412 361.40411377 -53.42580032 0.002944 0.000981 0.999995
569.49511719 361.30960083 -53.42619705 0.002938 0.000979 0.999995
569.74169922 361.21508789 -53.42660904 0.000979 -0.000979 0.999999
569.98773193 361.12084961 -53.42891693 0.012883 0.002973 0.999913
568.50939941 361.68728638 -53.42210388 -0.000991 -0.014865 0.999889
568.70721436 361.84350586 -53.42249680 0.012883 0.000991 0.999917
568.46118164 361.93774414 -53.42023087 -0.031838 -0.019514 0.999303
568.95312500 361.74938965 -53.42528152 0.006924 0.006924 0.999952
569.19964600 361.65490723 -53.42598724 0.000981 0.002944 0.999995
569.44653320 361.56024170 -53.42544174 -0.000978 -0.000978 0.999999
569.69299316 361.46578979 -53.42633057 0.000979 0.000979 0.999999
569.93927002 361.37149048 -53.42795563 0.012883 -0.002973 0.999913
574.97106934 359.57723999 -56.34970856 0.100837 -0.781854 0.615253
568.65838623 362.09439087 -53.42280197 0.010901 0.004955 0.999928
568.90429688 362.00024414 -53.42549133 0.006896 0.000985 0.999976
569.15069580 361.90585327 -53.42663574 -0.000979 -0.000979 0.999999
569.39770508 361.81112671 -53.42575836 0.000985 -0.008867 0.999960
569.64459229 361.71643066 -53.42512512 0.002950 -0.002950 0.999991
569.89068604 361.62219238 -53.42734909 0.008884 -0.002961 0.999956
575.17303467 359.73135376 -56.33662033 0.569200 -0.808235 0.150890
568.85528564 362.25112915 -53.42616272 0.008867 0.000985 0.999960
568.60980225 362.34506226 -53.42212677 0.012908 -0.002979 0.999912
569.10198975 362.15655518 -53.42633438 -0.004907 0.000981 0.999987
569.34899902 362.06185913 -53.42548370 -0.021482 0.025574 0.999442
569.59600830 361.96710205 -53.42457199 -0.002938 0.000979 0.999995
569.84246826 361.87268066 -53.42555237 0.006910 -0.002961 0.999972
574.78497314 359.75210571 -53.56017685 0.217389 -0.571995 0.790926
574.98272705 359.68371582 -53.72090530 0.344171 -0.657351 0.670400
574.99340820 359.90267944 -53.52578354 0.201944 -0.387906 0.899304
575.20141602 359.82882690 -53.65296173 0.279958 -0.459379 0.842968
567.87078857 362.62817383 -53.41810989 0.002950 -0.002950 0.999991
568.06878662 362.78433228 -53.41811371 0.006910 0.002961 0.999972
567.82202148 362.87896729 -53.41823578 0.000979 0.000979 0.999999
568.36401367 362.43911743 -53.41896057 0.006937 -0.008919 0.999936
568.56134033 362.59567261 -53.42112732 0.014894 -0.002979 0.999885
568.31555176 362.68972778 -53.41790390 0.010880 0.000989 0.999940
568.80688477 362.50170898 -53.42496490 0.010901 -0.004955 0.999928
569.05297852 362.40744019 -53.42700577 -0.010988 0.010988 0.999879
569.29992676 362.31277466 -53.42644119 -0.015222 0.025370 0.999562
569.54693604 362.21801758 -53.42541504 -0.008919 0.006937 0.999936
575.19683838 360.05590820 -53.50762558 0.268118 -0.279588 0.921924
574.96490479 360.14260864 -53.45913696 0.083163 -0.092276 0.992255
568.02001953 363.03509521 -53.41803360 -0.004916 0.000983 0.999987
567.77349854 363.12954712 -53.41720200 -0.000985 -0.006896 0.999976
568.26660156 362.94058228 -53.41844940 0.004907 -0.000981 0.999987
568.51269531 362.84634399 -53.42053986 0.008867 -0.000985 0.999960
568.75866699 362.75219727 -53.42322922 0.008919 -0.004955 0.999948
569.00451660 362.65805054 -53.42598724 0.004936 -0.004936 0.999976
569.25109863 362.56353760 -53.42651367 -0.000979 -0.000979 0.999999
571.02496338 361.65179443 -53.43333817 -0.002956 0.004926 0.999984
571.27160645 361.55725098 -53.43368530 0.006883 0.000983 0.999976
571.22283936 361.80804443 -53.43370438 0.010901 -0.004955 0.999928
570.97631836 361.90249634 -53.43291473 0.002950 -0.002950 0.999991
571.51776123 361.46298218 -53.43550873 0.008884 -0.002961 0.999956
571.46911621 361.71368408 -53.43510056 0.008884 -0.000987 0.999960
571.76373291 361.36880493 -53.43800735 0.004916 -0.000983 0.999987
571.71514893 361.61947632 -53.43750000 0.008884 -0.002961 0.999956
572.01025391 361.27432251 -53.43878937 0.002944 -0.000981 0.999995
571.96148682 361.52511597 -53.43883896 0.004907 0.000981 0.999987
572.25665283 361.17993164 -53.43988419 0.006883 0.000983 0.999976
572.20788574 361.43066406 -53.43976593 0.004916 0.000983 0.999987
572.50286865 361.08560181 -53.44160080 0.004907 0.000981 0.999987
572.45404053 361.33639526 -53.44168091 0.004916 -0.000983 0.999987
572.74938965 360.99114990 -53.44235229 0.002938 -0.000979 0.999995
572.70050049 361.24200439 -53.44276810 0.002938 -0.000979 0.999995
572.99584961 360.89672852 -53.44329071 0.004955 -0.008919 0.999948
572.94732666 361.14733887 -53.44239426 -0.000978 -0.000978 0.999999
573.24188232 360.80249023 -53.44549561 0.000985 -0.006896 0.999976
573.19403076 361.05276489 -53.44240952 0.000983 -0.004916 0.999987
573.48846436 360.70800781 -53.44607925 -0.002956 -0.004926 0.999984
573.44042969 360.95837402 -53.44355392 0.000985 -0.006896 0.999976
573.73516846 360.61340332 -53.44609070 -0.000979 0.000979 0.999999
573.68676758 360.86398315 -53.44485855 0.002956 -0.004926 0.999984
573.98187256 360.51885986 -53.44621658 0.008902 0.002967 0.999956
573.93298340 360.76968384 -53.44661331 0.004916 -0.002950 0.999984
574.17926025 360.67532349 -53.44806671 0.002950 -0.004916 0.999984
575.16424561 360.29803467 -53.45451355 0.043580 -0.106156 0.993394
575.40118408 360.20867920 -53.48669434 0.017960 -0.238268 0.971033
567.97155762 363.28576660 -53.41707993 -0.012934 -0.006964 0.999892
567.72497559 363.38027954 -53.41649246 0.002950 -0.002950 0.999991
568.21826172 363.19122314 -53.41721344 0.004926 -0.002956 0.999984
568.46392822 363.09719849 -53.42066574 0.006896 -0.000985 0.999976
568.71032715 363.00277710 -53.42176437 0.002944 -0.002944 0.999991
568.95648193 362.90850830 -53.42362213 0.000987 -0.008884 0.999960
569.20275879 362.81414795 -53.42506790 0.000987 -0.010858 0.999941
571.17468262 362.05853271 -53.43165588 0.000987 -0.008884 0.999960
570.92822266 362.15295410 -53.43071365 -0.000983 -0.006883 0.999976
571.42095947 361.96420288 -53.43318558 0.004955 -0.008919 0.999948
571.66693115 361.86999512 -53.43555450 0.006951 -0.008937 0.999936
571.91290283 361.77581787 -53.43816757 0.006924 -0.006924 0.999952
572.15911865 361.68151855 -53.43980789 0.002950 -0.002950 0.999991
572.40557861 361.58706665 -53.44077682 0.000981 -0.004907 0.999987
572.65216064 361.49258423 -53.44130325 0.000985 -0.006896 0.999976
572.89849854 361.39819336 -53.44263077 -0.000981 -0.004907 0.999987
573.14544678 361.30349731 -53.44187546 -0.000979 -0.002938 0.999995
573.39202881 361.20901489 -53.44241333 0.002950 -0.002950 0.999991
573.63836670 361.11462402 -53.44378662 0.004916 -0.000983 0.999987
573.88470459 361.02026367 -53.44501495 0.002950 -0.002950 0.999991
574.13110352 360.92584229 -53.44612503 0.004955 -0.010901 0.999928
574.37731934 360.83154297 -53.44793320 0.002961 -0.008884 0.999956
567.92260742 363.53662109 -53.41755295 0.000981 0.002944 0.999995
567.67596436 363.63113403 -53.41718674 0.008884 0.002961 0.999956
568.16937256 363.44201660 -53.41744995 0.004916 0.002950 0.999984
568.41552734 363.34774780 -53.41942215 0.008867 0.000985 0.999960
568.66156006 363.25354004 -53.42170715 0.004916 0.002950 0.999984
568.90814209 363.15902710 -53.42225266 0.002944 -0.002944 0.999991
569.15478516 363.06448364 -53.42245483 -0.000989 -0.010880 0.999940
571.12670898 362.30883789 -53.42893219 -0.000985 -0.008867 0.999960
570.88000488 362.40344238 -53.42891693 -0.000983 -0.006883 0.999976
571.37316895 362.21441650 -53.42994690 0.002967 -0.008902 0.999956
571.61932373 362.12014771 -53.43183136 0.004965 -0.012908 0.999904
571.86517334 362.02606201 -53.43479538 0.006978 -0.012960 0.999892
572.11090088 361.93197632 -53.43804550 0.004965 -0.010923 0.999928
572.35723877 361.83761597 -53.43942261 0.000983 -0.006883 0.999976
572.60406494 361.74298096 -53.43896866 -0.000983 -0.006883 0.999976
572.85046387 361.64859009 -53.44022369 0.000985 -0.006896 0.999976
573.09686279 361.55416870 -53.44120026 0.000981 -0.004907 0.999987
573.34356689 361.45959473 -53.44140244 0.002944 -0.002944 0.999991
573.58966064 361.36535645 -53.44345474 0.004926 -0.004926 0.999976
573.83593750 361.27099609 -53.44490814 0.004916 -0.002950 0.999984
574.08251953 361.17651367 -53.44556808 0.002938 -0.000979 0.999995
574.32897949 361.08206177 -53.44637299 0.006924 -0.004945 0.999964
574.57513428 360.98779297 -53.44832230 0.004936 -0.004936 0.999976
575.60113525 360.36386108 -53.48016357 0.046348 -0.191332 0.980430
575.80139160 360.51882935 -53.47265244 0.174545 -0.156708 0.972099
575.56072998 360.61016846 -53.45276642 0.011207 -0.031583 0.999438
567.87359619 363.78753662 -53.41838837 0.004916 -0.002950 0.999984
567.62750244 363.88177490 -53.41627884 0.010923 -0.006951 0.999916
568.12017822 363.69299316 -53.41875076 0.002944 0.002944 0.999991
568.36669922 363.59854126 -53.41960907 0.004907 -0.000981 0.999987
568.61291504 363.50424194 -53.42126465 0.004926 -0.002956 0.999984
568.85919189 363.40988159 -53.42269135 -0.000981 0.004907 0.999987
571.07824707 362.55944824 -53.42787170 -0.000978 -0.000978 0.999999
570.83154297 362.65402222 -53.42782593 0.000979 -0.002938 0.999995
571.32495117 362.46490479 -53.42808151 0.002944 -0.002944 0.999991
571.57128906 362.37051392 -53.42930222 0.002956 -0.004926 0.999984
571.81756592 362.27618408 -53.43087006 0.004955 -0.008919 0.999948
572.06335449 362.18209839 -53.43392181 0.008972 -0.012960 0.999876
572.30908203 362.08804321 -53.43726730 0.004955 -0.010901 0.999928
572.55554199 361.99359131 -53.43812561 -0.000985 -0.006896 0.999976
572.80218506 361.89904785 -53.43840027 0.000985 -0.006896 0.999976
573.04852295 361.80471802 -53.43983459 0.002956 -0.006896 0.999972
573.29492188 361.71029663 -53.44087601 0.000981 -0.004907 0.999987
573.54162598 361.61572266 -53.44105148 0.002956 -0.006896 0.999972
573.78771973 361.52148438 -53.44319916 0.004945 -0.008902 0.999948
574.03381348 361.42724609 -53.44519043 0.002956 -0.004926 0.999984
574.28027344 361.33282471 -53.44618988 0.004907 -0.000981 0.999987
574.52667236 361.23837280 -53.44717789 0.002938 -0.000979 0.999995
574.77307129 361.14398193 -53.44831848 0.002956 -0.006896 0.999972
575.75878906 360.76629639 -53.45229721 0.019015 -0.007006 0.999795
575.99957275 360.67489624 -53.47186279 0.160807 -0.189109 0.968700
567.82519531 364.03805542 -53.41697311 0.004926 -0.004926 0.999976
567.57904053 364.13235474 -53.41513062 0.004916 0.000983 0.999987
568.07165527 363.94366455 -53.41804504 0.002956 -0.004926 0.999984
568.31781006 363.84936523 -53.41989136 0.002944 -0.000981 0.999995
568.56445313 363.75485229 -53.42024231 0.002944 -0.000981 0.999995
568.81072998 363.66049194 -53.42178345 0.002961 -0.006910 0.999972
570.58502197 362.74850464 -53.42710495 0.000983 -0.006883 0.999976
570.78308105 362.90463257 -53.42678452 0.002950 -0.004916 0.999984
570.53668213 362.99902344 -53.42560577 0.002956 -0.004926 0.999984
571.02954102 362.81018066 -53.42770004 0.000981 -0.002944 0.999995
571.27606201 362.71572876 -53.42843628 0.002944 -0.000981 0.999995
571.52252197 362.62127686 -53.42932892 0.002944 -0.000981 0.999995
571.76904297 362.52682495 -53.43008804 0.002944 -0.000981 0.999995
572.01544189 362.43240356 -53.43107605 0.006910 -0.004936 0.999964
572.26123047 362.33831787 -53.43423462 0.006937 -0.008919 0.999936
572.50732422 362.24407959 -53.43624496 0.000985 -0.008867 0.999960
572.75415039 362.14944458 -53.43611145 -0.000987 -0.008884 0.999960
573.00042725 362.05511475 -53.43753052 0.002967 -0.010880 0.999936
573.24658203 361.96081543 -53.43939209 0.002961 -0.008884 0.999956
573.49310303 361.86633301 -53.44008255 0.000981 -0.004907 0.999987
573.73968506 361.77185059 -53.44058609 0.002956 -0.004926 0.999984
573.98590088 361.67755127 -53.44233322 0.004945 -0.006924 0.999964
574.23187256 361.58334351 -53.44483185 0.006924 -0.004945 0.999964
574.47784424 361.48919678 -53.44734955 0.004916 -0.002950 0.999984
574.72442627 361.39471436 -53.44799423 0.000978 -0.000978 0.999999
575.01904297 361.04980469 -53.45078659 0.008919 -0.006937 0.999936
574.97094727 361.30020142 -53.44858932 0.004926 -0.004926 0.999976
575.21710205 361.20596313 -53.45061493 0.000985 -0.008867 0.999960
575.95715332 360.92224121 -53.45096588 0.010880 -0.000989 0.999940
575.71014404 361.01696777 -53.45183945 0.006910 -0.002961 0.999972
576.19805908 360.83078003 -53.47012329 0.234303 -0.220601 0.946804
567.33294678 364.22662354 -53.41309738 0.000981 0.004907 0.999987
567.52990723 364.38339233 -53.41635895 0.004936 0.004936 0.999976
567.28381348 364.47763062 -53.41433716 0.004936 -0.004936 0.999976
567.77679443 364.28872681 -53.41590881 0.000979 -0.002938 0.999995
568.02337646 364.19421387 -53.41633987 0.002956 -0.004926 0.999984
568.26947021 364.09997559 -53.41857147 0.004916 -0.002950 0.999984
568.51568604 364.00567627 -53.42024612 0.006883 0.000983 0.999976
568.76220703 363.91119385 -53.42085648 0.000979 -0.000979 0.999999
570.29058838 363.09329224 -53.42362213 0.002950 -0.004916 0.999984
570.48840332 363.24960327 -53.42413330 0.002967 -0.010880 0.999936
570.24206543 363.34399414 -53.42280197 0.002938 0.000979 0.999995
570.73461914 363.15530396 -53.42580414 0.002950 -0.002950 0.999991
570.98107910 363.06085205 -53.42661667 0.000981 -0.002944 0.999995
571.22772217 362.96633911 -53.42707825 0.000983 -0.004916 0.999987
571.47406006 362.87194824 -53.42835999 0.002956 -0.006896 0.999972
571.72039795 362.77755737 -53.42951965 0.002950 -0.004916 0.999984
571.96679688 362.68316650 -53.43067932 0.004926 -0.002956 0.999984
572.21301270 362.58883667 -53.43233490 0.006910 -0.002961 0.999972
572.45916748 362.49459839 -53.43442535 0.002950 -0.004916 0.999984
572.70587158 362.39999390 -53.43442535 -0.000983 -0.004916 0.999987
572.95263672 362.30541992 -53.43442535 0.000985 -0.006896 0.999976
573.19879150 362.21115112 -53.43635559 0.004945 -0.008902 0.999948
573.44482422 362.11691284 -53.43850708 0.002961 -0.008884 0.999956
573.69104004 362.02261353 -53.44020844 0.002956 -0.006896 0.999972
573.93756104 361.92813110 -53.44097137 0.004936 -0.004936 0.999976
574.18359375 361.83392334 -53.44324875 0.006924 -0.006924 0.999952
574.42968750 361.73968506 -53.44544601 0.004945 -0.008902 0.999948
574.67590332 361.64538574 -53.44718170 0.000985 -0.006896 0.999976
574.92254639 361.55087280 -53.44748306 -0.000981 -0.004907 0.999987
575.16888428 361.45648193 -53.44872665 0.002956 -0.006896 0.999972
575.41528320 361.36206055 -53.44977188 0.000979 -0.000979 0.999999
575.90826416 361.17318726 -53.45153427 0.002961 0.006910 0.999972
576.15496826 361.07861328 -53.45161057 0.031203 0.001007 0.999513
567.03698730 364.57226563 -53.41452026 -0.188796 -0.031661 0.981506
567.23492432 364.72845459 -53.41456223 -0.010858 -0.000987 0.999941
567.48150635 364.63397217 -53.41519547 0.002944 -0.000981 0.999995
567.72821045 364.53939819 -53.41528702 -0.000979 -0.000979 0.999999
567.97509766 364.44470215 -53.41473389 0.002944 -0.002944 0.999991
568.22106934 364.35052490 -53.41715240 0.006910 -0.004936 0.999964
568.46722412 364.25625610 -53.41907883 0.002950 -0.004916 0.999984
570.43969727 363.50033569 -53.42390442 0.000978 0.000978 0.999999
570.19305420 363.59487915 -53.42358398 0.000978 0.000978 0.999999
570.68609619 363.40591431 -53.42491531 0.004916 -0.002950 0.999984
570.93249512 363.31149292 -53.42597198 0.000979 -0.002938 0.999995
571.17938232 363.21685791 -53.42551804 -0.000981 -0.002944 0.999995
571.42590332 363.12237549 -53.42629242 0.000983 -0.004916 0.999987
571.67230225 363.02798462 -53.42734528 0.000985 -0.006896 0.999976
571.91857910 362.93362427 -53.42877960 0.004945 -0.006924 0.999964
572.16473389 362.83935547 -53.43080902 0.008902 -0.004945 0.999948
572.41058350 362.74523926 -53.43363953 0.004926 -0.002956 0.999984
572.65728760 362.65069580 -53.43382263 -0.000979 -0.002938 0.999995
572.90399170 362.55612183 -53.43393326 0.000979 -0.002938 0.999995
573.15039063 362.46170044 -53.43494797 0.002956 -0.004926 0.999984
573.39666748 362.36734009 -53.43644714 0.004936 -0.004936 0.999976
573.64306641 362.27294922 -53.43758011 0.002956 -0.006896 0.999972
573.88946533 362.17855835 -53.43877411 0.002961 -0.006910 0.999972
574.13555908 362.08428955 -53.44078827 0.004945 -0.006924 0.999964
574.38177490 361.99002075 -53.44263077 0.002961 -0.008884 0.999956
574.62805176 361.89566040 -53.44407654 0.002967 -0.008902 0.999956
574.87432861 361.80133057 -53.44560242 0.000985 -0.006896 0.999976
575.12091064 361.70681763 -53.44615173 0.002961 -0.008884 0.999956
575.36706543 361.61254883 -53.44797516 0.004945 -0.006924 0.999964
575.61334229 361.51821899 -53.44958115 0.004945 -0.006924 0.999964
576.10571289 361.32962036 -53.45319748 0.008919 -0.006937 0.999936
576.35180664 361.23535156 -53.45516968 0.053899 -0.078099 0.995488
567.43273926 364.88470459 -53.41503906 0.006924 -0.004945 0.999964
567.18640137 364.97906494 -53.41371536 -0.031266 0.003026 0.999507
567.67938232 364.79016113 -53.41534424 0.000981 -0.002944 0.999995
567.92614746 364.69558716 -53.41534805 0.000978 -0.000978 0.999999
568.17279053 364.60104370 -53.41564178 0.004916 -0.000983 0.999987
568.41900635 364.50674438 -53.41731644 0.002950 -0.004916 0.999984
570.39111328 363.75100708 -53.42324066 -0.000981 -0.004907 0.999987
570.14447021 363.84555054 -53.42294312 0.002944 -0.002944 0.999991
570.63769531 363.65649414 -53.42365265 0.000983 -0.004916 0.999987
570.88409424 363.56207275 -53.42467499 0.000983 -0.004916 0.999987
571.13073730 363.46752930 -53.42505264 0.000979 -0.002938 0.999995
571.37738037 363.37301636 -53.42537689 0.000979 -0.000979 0.999999
571.62396240 363.27850342 -53.42580795 0.000981 -0.002944 0.999995
571.87054443 363.18399048 -53.42635345 0.002956 -0.004926 0.999984
572.11651611 363.08981323 -53.42882156 0.008937 -0.006951 0.999936
572.36218262 362.99581909 -53.43243027 0.006937 -0.006937 0.999952
572.60845947 362.90145874 -53.43384171 -0.000981 -0.004907 0.999987
572.85546875 362.80676270 -53.43313217 -0.002950 -0.002950 0.999991
573.10223389 362.71212769 -53.43295670 0.000983 -0.006883 0.999976
573.34844971 362.61782837 -53.43463516 0.004945 -0.006924 0.999964
573.59448242 362.52362061 -53.43698883 0.004926 -0.002956 0.999984
573.84100342 362.42913818 -53.43762970 0.004907 -0.000981 0.999987
574.08728027 362.33480835 -53.43922424 0.006896 -0.002956 0.999972
574.33337402 362.24053955 -53.44122696 0.002950 -0.002950 0.999991
574.57995605 362.14608765 -53.44189072 0.002956 -0.004926 0.999984
574.82604980 362.05181885 -53.44388580 0.004936 -0.006910 0.999964
575.07257080 361.95736694 -53.44470978 0.002950 -0.002950 0.999991
575.31896973 361.86294556 -53.44571304 0.004926 -0.004926 0.999976
575.56500244 361.76870728 -53.44798660 0.006896 -0.002956 0.999972
575.81127930 361.67437744 -53.44948959 0.006924 -0.006924 0.999952
576.30395508 361.48565674 -53.45223618 -0.000985 -0.008867 0.999960
576.05725098 361.58023071 -53.45209503 0.011009 -0.013011 0.999855
576.54974365 361.39154053 -53.45522308 0.085284 -0.085284 0.992700
567.38439941 365.13525391 -53.41366196 0.017082 -0.011053 0.999793
567.13763428 365.22982788 -53.41364670 -0.017423 0.033822 0.999276
567.63098145 365.04074097 -53.41416550 -0.000983 -0.006883 0.999976
567.87762451 364.94619751 -53.41438293 0.000983 -0.004916 0.999987
568.12402344 364.85180664 -53.41552353 0.002950 -0.002950 0.999991
568.37048340 364.75738525 -53.41653824 0.000979 -0.000979 0.999999
569.89825439 363.93984985 -53.42115784 0.006896 -0.002956 0.999972
570.09594727 364.09616089 -53.42199326 0.002956 -0.004926 0.999984
569.84973145 364.19046021 -53.42024231 0.006896 -0.002956 0.999972
570.34265137 364.00158691 -53.42218018 -0.000983 -0.004916 0.999987
570.58935547 363.90701294 -53.42222595 -0.000983 -0.004916 0.999987
570.83593750 363.81253052 -53.42271042 0.000985 -0.006896 0.999976
571.08215332 363.71823120 -53.42448044 0.002956 -0.004926 0.999984
571.32867432 363.62374878 -53.42523193 0.000979 -0.000979 0.999999
571.57531738 363.52920532 -53.42541885 0.000979 -0.000979 0.999999
571.82183838 363.43472290 -53.42606735 0.002938 -0.000979 0.999995
572.06842041 363.34020996 -53.42663574 0.004926 -0.002956 0.999984
572.31427002 363.24612427 -53.42954636 0.006951 -0.008937 0.999936
572.56030273 363.15191650 -53.43194580 0.002961 -0.008884 0.999956
572.80694580 363.05737305 -53.43223190 -0.002956 -0.006896 0.999972
573.05383301 362.96270752 -53.43165588 -0.002956 -0.004926 0.999984
573.30053711 362.86813354 -53.43185806 0.004945 -0.006924 0.999964
573.54626465 362.77407837 -53.43516159 0.010923 -0.006951 0.999916
573.79211426 362.67999268 -53.43807220 0.008867 0.000985 0.999960
574.03845215 362.58560181 -53.43934250 0.006896 0.002956 0.999972
574.28491211 362.49118042 -53.44033432 0.004916 0.000983 0.999987
574.53137207 362.39669800 -53.44105530 0.000979 -0.000979 0.999999
574.77789307 362.30224609 -53.44189835 0.004926 -0.004926 0.999976
575.02398682 362.20800781 -53.44404602 0.006896 -0.002956 0.999972
575.27032471 362.11364746 -53.44526672 0.004907 0.000981 0.999987
575.51660156 362.01928711 -53.44674301 0.006896 -0.002956 0.999972
575.76269531 361.92507935 -53.44897079 0.006896 -0.000985 0.999976
576.00885010 361.83078003 -53.45074844 0.004916 -0.000983 0.999987
576.25518799 361.73638916 -53.45211029 0.002973 -0.010901 0.999936
576.50225830 361.64163208 -53.45096970 -0.000983 -0.006883 0.999976
576.74707031 361.54809570 -53.45735931 0.084567 -0.077801 0.993376
567.33642578 365.38562012 -53.41093445 -0.010966 -0.008972 0.999900
567.58258057 365.29135132 -53.41287231 0.004955 -0.008919 0.999948
567.82940674 365.19674683 -53.41266251 -0.002950 -0.004916 0.999984
568.07562256 365.10241699 -53.41433334 0.004936 -0.006910 0.999964
570.04785156 364.34661865 -53.41973495 0.000983 -0.004916 0.999987
569.80120850 364.44116211 -53.41945267 0.002950 -0.002950 0.999991
570.29425049 364.25222778 -53.42086411 -0.000983 -0.004916 0.999987
570.54101563 364.15762329 -53.42082977 -0.002950 -0.004916 0.999984
570.78771973 364.06304932 -53.42083740 0.000983 -0.006883 0.999976
571.03411865 363.96862793 -53.42197800 0.004936 -0.006910 0.999964
571.28021240 363.87438965 -53.42414856 0.002956 -0.006896 0.999972
571.52661133 363.77999878 -53.42529678 0.000981 -0.004907 0.999987
571.77331543 363.68545532 -53.42546082 0.000981 -0.002944 0.999995
572.01971436 363.59100342 -53.42639923 0.002944 -0.002944 0.999991
572.26617432 363.49661255 -53.42745972 0.004926 -0.002956 0.999984
572.51257324 363.40219116 -53.42857742 0.002961 -0.006910 0.999972
572.75872803 363.30792236 -53.43043900 0.000983 -0.006883 0.999976
573.00543213 363.21331787 -53.43044662 -0.002950 -0.004916 0.999984
573.25219727 363.11874390 -53.43039322 0.002950 -0.004916 0.999984
573.49835205 363.02447510 -53.43235779 0.012934 -0.004975 0.999904
573.74359131 362.93069458 -53.43729782 0.012908 -0.002979 0.999912
573.98944092 362.83654785 -53.44008255 0.008867 0.000985 0.999960
574.23583984 362.74215698 -53.44120407 0.006896 0.002956 0.999972
574.48236084 362.64767456 -53.44198990 0.000983 0.004916 0.999987
574.72937012 362.55294800 -53.44105530 0.000979 0.000979 0.999999
574.97570801 362.45855713 -53.44233704 0.008884 -0.000987 0.999960
575.22143555 362.36453247 -53.44565582 0.006883 -0.000983 0.999976
575.46801758 362.27001953 -53.44620895 0.002944 -0.002944 0.999991
575.71417236 362.17575073 -53.44806671 0.006924 -0.004945 0.999964
575.96014404 362.08157349 -53.45067215 0.006910 -0.002961 0.999972
576.20666504 361.98712158 -53.45142746 -0.000979 -0.002938 0.999995
576.45367432 361.89236450 -53.45035934 -0.006910 0.002961 0.999972
576.70056152 361.79772949 -53.45002365 0.002944 0.000981 0.999995
576.94665527 361.70346069 -53.45208359 0.177337 -0.094172 0.979634
569.99920654 364.59732056 -53.41938019 0.000979 -0.002938 0.999995
569.75268555 364.69180298 -53.41869736 0.002950 -0.002950 0.999991
570.24578857 364.50280762 -53.41981888 0.000979 -0.002938 0.999995
570.49249268 364.40826416 -53.41998672 -0.000979 -0.002938 0.999995
570.73931885 364.31362915 -53.41969681 -0.000979 -0.002938 0.999995
570.98590088 364.21911621 -53.42024612 0.002950 -0.002950 0.999991
571.23205566 364.12484741 -53.42212296 0.004926 -0.004926 0.999976
571.47845459 364.03045654 -53.42326355 0.000985 -0.006896 0.999976
571.72485352 363.93603516 -53.42438889 -0.000983 -0.006883 0.999976
571.97137451 363.84155273 -53.42501831 0.000985 -0.008867 0.999960
572.21765137 363.74722290 -53.42654037 0.002961 -0.006910 0.999972
572.46398926 363.65283203 -53.42778778 0.004926 -0.002956 0.999984
572.71038818 363.55844116 -53.42895889 0.002950 -0.002950 0.999991
572.95697021 363.46395874 -53.42952347 -0.000979 -0.002938 0.999995
573.20373535 363.36932373 -53.42934799 0.000981 -0.002944 0.999995
573.45001221 363.27499390 -53.43092346 0.010901 -0.004955 0.999928
573.69531250 363.18118286 -53.43561935 0.014924 -0.004975 0.999876
573.94110107 363.08709717 -53.43872452 0.008919 -0.004955 0.999948
574.18707275 362.99291992 -53.44118500 0.006896 -0.002956 0.999972
574.43316650 362.89865112 -53.44326782 0.002944 0.000981 0.999995
574.68017578 362.80395508 -53.44248581 -0.000981 0.002944 0.999995
574.92706299 362.70928955 -53.44200516 0.004907 0.000981 0.999987
575.17272949 362.61526489 -53.44541550 0.006910 -0.002961 0.999972
575.41943359 362.52069092 -53.44556808 -0.000981 -0.002944 0.999995
575.66613770 362.42611694 -53.44563293 0.002961 -0.006910 0.999972
575.91217041 362.33190918 -53.44796371 0.006937 -0.008919 0.999936
576.15814209 362.23773193 -53.45048141 0.004926 -0.004926 0.999976
576.40484619 362.14315796 -53.45056915 -0.000979 0.000979 0.999999
576.65167236 362.04855347 -53.45034409 -0.008955 0.008955 0.999920
576.89813232 361.95410156 -53.45122147 -0.002979 -0.012908 0.999912
577.13824463 361.86303711 -53.47296906 0.337327 -0.154088 0.928691
569.50653076 364.78607178 -53.41674042 0.006896 -0.002956 0.999972
569.70422363 364.94238281 -53.41756439 0.002944 -0.002944 0.999991
569.45782471 365.03680420 -53.41652298 0.004907 0.000981 0.999987
569.95074463 364.84793091 -53.41827011 0.002950 -0.002950 0.999991
570.19720459 364.75347900 -53.41921997 0.002944 -0.000981 0.999995
570.44372559 364.65899658 -53.41986465 0.000978 -0.000978 0.999999
570.69061279 364.56436157 -53.41952133 -0.000978 -0.000978 0.999999
570.93725586 364.46978760 -53.41968155 0.002938 -0.000979 0.999995
571.18353271 364.37545776 -53.42119980 0.004907 -0.000981 0.999987
571.42999268 364.28103638 -53.42214966 0.000981 -0.004907 0.999987
571.67657471 364.18652344 -53.42270660 -0.004955 -0.010901 0.999928
571.92346191 364.09185791 -53.42212677 -0.004984 -0.014953 0.999876
572.16998291 363.99740601 -53.42287827 0.000995 -0.018902 0.999821
572.41583252 363.90328979 -53.42579269 0.004984 -0.014953 0.999876
572.66180420 363.80911255 -53.42830658 0.002967 -0.008902 0.999956
572.90826416 363.71466064 -53.42924500 -0.000983 -0.004916 0.999987
573.15509033 363.62002563 -53.42892838 -0.000979 -0.002938 0.999995
573.40173340 363.52548218 -53.42916489 0.006910 -0.002961 0.999972
573.64727783 363.43151855 -53.43306351 0.012934 -0.006964 0.999892
573.89294434 363.33752441 -53.43659210 0.010944 -0.008954 0.999900
574.13873291 363.24343872 -53.43974304 0.008919 -0.006937 0.999936
574.38476563 363.14926147 -53.44211578 0.004936 -0.004936 0.999976
574.63116455 363.05484009 -53.44324875 -0.000979 -0.002938 0.999995
574.87811279 362.96011353 -53.44240189 -0.000978 0.000978 0.999999
575.12469482 362.86563110 -53.44295502 0.004926 -0.004926 0.999976
575.37091064 362.77133179 -53.44475555 -0.000983 -0.004916 0.999987
575.61791992 362.67660522 -53.44380951 -0.000983 -0.004916 0.999987
575.86413574 362.58227539 -53.44543076 0.004955 -0.008919 0.999948
576.11004639 362.48815918 -53.44828033 0.008937 -0.008937 0.999920
576.35583496 362.39404297 -53.45130157 0.004926 -0.002956 0.999984
576.85040283 362.20431519 -53.44781494 -0.008884 0.000987 0.999960
577.09790039 362.10928345 -53.44515610 0.075076 -0.009517 0.997132
577.32336426 362.02609253 -53.51515579 0.372990 -0.114237 0.920776
569.65551758 365.19311523 -53.41734695 -0.000981 -0.002944 0.999995
569.40893555 365.28762817 -53.41681290 0.002938 -0.000979 0.999995
569.90234375 365.09851074 -53.41714478 0.000983 -0.004916 0.999987
570.14855957 365.00418091 -53.41867447 0.004926 -0.002956 0.999984
570.39489746 364.90979004 -53.42003632 0.000978 -0.000978 0.999999
570.64178467 364.81515503 -53.41960144 -0.000978 -0.000978 0.999999
570.88848877 364.72058105 -53.41974258 0.002938 0.000979 0.999995
571.13482666 364.62619019 -53.42096329 0.002938 -0.000979 0.999995
571.38146973 364.53164673 -53.42125702 -0.002950 -0.004916 0.999984
571.62860107 364.43688965 -53.42006302 -0.008955 -0.008955 0.999920
571.87585449 364.34197998 -53.41822433 -0.011009 -0.015012 0.999827
572.12292480 364.24725342 -53.41725540 -0.005004 -0.019015 0.999807
572.36889648 364.15304565 -53.41968155 0.005014 -0.023063 0.999721
572.61437988 364.05914307 -53.42377090 0.005014 -0.021058 0.999766
572.86029053 363.96499634 -53.42646027 0.000995 -0.016913 0.999856
573.10681152 363.87054443 -53.42731857 0.000989 -0.010880 0.999940
573.35308838 363.77618408 -53.42867279 0.004926 -0.002956 0.999984
573.59918213 363.68194580 -53.43083572 0.008919 -0.004955 0.999948
573.84503174 363.58782959 -53.43383789 0.008937 -0.006951 0.999936
574.09075928 363.49377441 -53.43705368 0.008937 -0.008937 0.999920
574.33666992 363.39965820 -53.43984222 0.006937 -0.008919 0.999936
574.58288574 363.30532837 -53.44156647 0.002956 -0.006896 0.999972
574.82934570 363.21090698 -53.44251251 -0.000981 -0.002944 0.999995
575.07611084 363.11630249 -53.44234085 0.000979 -0.002938 0.999995
575.32263184 363.02182007 -53.44294357 0.000981 -0.004907 0.999987
575.56927490 362.92727661 -53.44325638 -0.002944 -0.002944 0.999991
575.81616211 362.83261108 -53.44289398 0.000983 -0.004916 0.999987
576.06231689 362.73834229 -53.44476318 0.008937 -0.008937 0.999920
576.30792236 362.64434814 -53.44845963 0.008937 -0.008937 0.999920
576.55383301 362.55023193 -53.45121765 0.004916 -0.002950 0.999984
577.04779053 362.36080933 -53.44966125 0.011053 0.019091 0.999757
577.29254150 362.26724243 -53.45609665 0.098041 -0.093427 0.990787
569.60711670 365.44369507 -53.41608047 -0.002950 -0.002950 0.999991
569.36041260 365.53826904 -53.41598511 0.004916 -0.002950 0.999984
569.85406494 365.34896851 -53.41533279 -0.000981 -0.004907 0.999987
570.10021973 365.25469971 -53.41722488 0.006924 -0.006924 0.999952
570.34619141 365.16052246 -53.41981506 0.002950 -0.004916 0.999984
570.59313965 365.06582642 -53.41910172 -0.002944 -0.002944 0.999991
570.83966064 364.97134399 -53.41973877 0.000981 -0.002944 0.999995
571.08618164 364.87689209 -53.42051697 -0.000979 -0.002938 0.999995
571.33300781 364.78225708 -53.42018509 -0.004926 -0.004926 0.999976
571.58026123 364.68740845 -53.41854477 -0.010923 -0.004965 0.999928
571.82781982 364.59237671 -53.41587830 -0.012960 -0.008972 0.999876
572.07519531 364.49743652 -53.41376877 -0.006951 -0.010923 0.999916
572.32183838 364.40289307 -53.41397858 0.002979 -0.012908 0.999912
572.56750488 364.30889893 -53.41752625 0.006992 -0.016980 0.999831
572.81335449 364.21478271 -53.42039871 0.000999 -0.020974 0.999780
573.05938721 364.12057495 -53.42287827 0.005004 -0.019015 0.999807
573.30474854 364.02670288 -53.42721558 0.008972 -0.010966 0.999900
573.55078125 363.93252563 -53.42962646 0.006924 -0.004945 0.999964
573.79681396 363.83828735 -53.43192291 0.006924 -0.006924 0.999952
574.04278564 363.74414063 -53.43446350 0.006951 -0.008937 0.999936
574.28869629 363.64999390 -53.43719101 0.006951 -0.010923 0.999916
574.53472900 363.55578613 -53.43949890 0.004945 -0.008902 0.999948
574.78094482 363.46145630 -53.44115067 0.000983 -0.006883 0.999976
575.02764893 363.36688232 -53.44123840 -0.000983 -0.004916 0.999987
575.27416992 363.27239990 -53.44191360 0.000983 -0.006883 0.999976
575.52062988 363.17797852 -53.44292831 -0.000983 -0.004916 0.999987
575.76751709 363.08331299 -53.44247055 -0.000981 -0.002944 0.999995
576.01403809 362.98883057 -53.44311905 0.004936 -0.004936 0.999976
576.25988770 362.89471436 -53.44595718 0.008919 -0.006937 0.999936
576.50585938 362.80053711 -53.44844818 0.006951 -0.008937 0.999936
576.75170898 362.70642090 -53.45140457 0.006924 -0.006924 0.999952
569.11437988 365.63247681 -53.41372299 0.008902 -0.002967 0.999956
569.31182861 365.78897095 -53.41533661 0.006883 0.000983 0.999976
569.06597900 365.88308716 -53.41241837 0.008867 0.000985 0.999960
569.55841064 365.69448853 -53.41586685 -0.002938 -0.000979 0.999995
569.80554199 365.59967041 -53.41458893 -0.002944 -0.000981 0.999995
570.05212402 365.50518799 -53.41518021 0.004926 -0.002956 0.999984
570.29809570 365.41101074 -53.41767120 0.004936 -0.004936 0.999976
570.54467773 365.31652832 -53.41820908 -0.000981 -0.004907 0.999987
570.79150391 365.22189331 -53.41790390 0.002944 -0.002944 0.999991
571.03771973 365.12756348 -53.41954041 -0.000979 -0.002938 0.999995
571.28479004 365.03280640 -53.41846466 -0.002950 -0.002950 0.999991
571.53161621 364.93817139 -53.41820526 -0.006910 -0.002961 0.999972
571.77929688 364.84304810 -53.41498566 -0.012883 -0.000991 0.999917
572.02679443 364.74807739 -53.41255569 -0.004926 -0.002956 0.999984
572.27349854 364.65350342 -53.41262817 0.002944 -0.002944 0.999991
572.51953125 364.55929565 -53.41494751 0.006924 -0.004945 0.999964
572.76580811 364.46496582 -53.41652298 0.000987 -0.008884 0.999960
573.01220703 364.37057495 -53.41764832 0.004984 -0.016947 0.999844
573.25750732 364.27673340 -53.42233276 0.013089 -0.017116 0.999768
573.50268555 364.18298340 -53.42745590 0.010987 -0.012985 0.999855
573.74859619 364.08880615 -53.43004227 0.006937 -0.006937 0.999952
573.99481201 363.99453735 -53.43188858 0.004945 -0.006924 0.999964
574.24090576 363.90029907 -53.43398666 0.004965 -0.010923 0.999928
574.48681641 363.80615234 -53.43675232 0.006965 -0.010944 0.999916
574.73266602 363.71200562 -53.43952560 0.004945 -0.006924 0.999964
574.97924805 363.61752319 -53.43999863 -0.000981 -0.004907 0.999987
575.22607422 363.52291870 -53.43989182 -0.002956 -0.006896 0.999972
575.47271729 363.42837524 -53.44015503 0.000985 -0.008867 0.999960
575.71911621 363.33395386 -53.44127274 0.000983 -0.004916 0.999987
575.96569824 363.23944092 -53.44166946 0.002950 -0.004916 0.999984
576.21173096 363.14523315 -53.44398880 0.008902 -0.004945 0.999948
576.45782471 363.05099487 -53.44617844 0.006924 -0.004945 0.999964
576.70385742 362.95678711 -53.44847107 0.008937 -0.006951 0.999936
577.48529053 362.42620850 -53.47313690 0.214813 -0.152322 0.964704
577.67242432 362.58828735 -53.50888443 0.414465 -0.194784 0.888976
577.44158936 362.67434692 -53.45666122 0.072197 -0.035560 0.996756
567.83203125 366.35617065 -53.41332626 0.000979 -0.002938 0.999995
568.07879639 366.26156616 -53.41327286 -0.002956 -0.004926 0.999984
568.03021240 366.51220703 -53.41250992 -0.025117 -0.005023 0.999672
567.78344727 366.60684204 -53.41273880 -0.019053 -0.007020 0.999794
568.32568359 366.16690063 -53.41274261 -0.002944 -0.000981 0.999995
568.27740479 366.41741943 -53.41111374 -0.000985 -0.008867 0.999960
568.57275391 366.07214355 -53.41174316 -0.000978 0.000978 0.999999
568.52416992 366.32281494 -53.41106415 -0.000983 -0.006883 0.999976
568.81951904 365.97753906 -53.41160583 0.000978 0.000978 0.999999
568.77056885 366.22839355 -53.41202545 0.002944 -0.002944 0.999991
569.01702881 366.13397217 -53.41310120 0.006883 0.000983 0.999976
569.26312256 366.03970337 -53.41511917 0.008867 -0.000985 0.999960
569.50946045 365.94534302 -53.41653061 -0.000978 -0.000978 0.999999
569.75677490 365.85046387 -53.41458130 -0.002938 -0.000979 0.999995
570.00341797 365.75592041 -53.41486740 0.002938 -0.000979 0.999995
570.24975586 365.66152954 -53.41619873 0.004916 -0.002950 0.999984
570.49609375 365.56713867 -53.41739655 0.000981 -0.004907 0.999987
570.74273682 365.47262573 -53.41784286 0.002944 -0.000981 0.999995
570.98901367 365.37829590 -53.41934204 0.002938 -0.000979 0.999995
571.23596191 365.28356934 -53.41854477 -0.002938 0.000979 0.999995
571.48284912 365.18890381 -53.41805649 -0.002938 0.000979 0.999995
571.73004150 365.09408569 -53.41654205 -0.012883 0.002973 0.999913
571.97802734 364.99884033 -53.41259766 -0.006896 0.000985 0.999976
572.22473145 364.90426636 -53.41262817 0.002938 -0.000979 0.999995
572.47106934 364.80987549 -53.41387177 0.004916 -0.000983 0.999987
572.71734619 364.71554565 -53.41538620 0.000981 -0.002944 0.999995
572.96417236 364.62091064 -53.41507721 0.000983 -0.006883 0.999976
573.21044922 364.52658081 -53.41657257 0.010987 -0.012985 0.999855
573.45526123 364.43301392 -53.42292404 0.017115 -0.015102 0.999739
573.70068359 364.33914185 -53.42726135 0.010966 -0.010966 0.999880
573.94653320 364.24502563 -53.43024826 0.006924 -0.006924 0.999952
574.19287109 364.15066528 -53.43154144 0.004926 -0.004926 0.999976
574.43902588 364.05636597 -53.43334579 0.006937 -0.008919 0.999936
574.68481445 363.96231079 -53.43651199 0.008937 -0.008937 0.999920
574.93060303 363.86819458 -53.43954468 0.002950 -0.004916 0.999984
575.17755127 363.77352905 -53.43897629 -0.002950 -0.004916 0.999984
575.42443848 363.67886353 -53.43843079 0.000981 -0.004907 0.999987
575.67071533 363.58450317 -53.43986893 0.002956 -0.004926 0.999984
575.91717529 363.49008179 -53.44089890 0.002944 -0.002944 0.999991
576.16357422 363.39569092 -53.44204330 0.006910 -0.004936 0.999964
576.40930176 363.30160522 -53.44525146 0.008919 -0.004955 0.999948
576.65545654 363.20733643 -53.44713593 0.006910 -0.002961 0.999972
576.90148926 363.11312866 -53.44946671 0.006937 -0.006937 0.999952
577.63446045 362.83325195 -53.47336960 0.133318 -0.066079 0.988868
567.98187256 366.76275635 -53.41111755 -0.000991 -0.012883 0.999917
568.22882080 366.66806030 -53.41047668 0.000981 -0.002944 0.999995
568.47595215 366.57327271 -53.40911484 -0.000981 -0.002944 0.999995
568.72229004 366.47888184 -53.41037750 0.002956 -0.004926 0.999984
568.96850586 366.38458252 -53.41216660 0.004926 -0.004926 0.999976
569.21478271 366.29025269 -53.41374969 0.004936 -0.004936 0.999976
569.46081543 366.19604492 -53.41601563 0.000983 -0.006883 0.999976
569.70788574 366.10128784 -53.41497421 -0.004936 -0.004936 0.999976
569.95477295 366.00662231 -53.41442490 0.000981 -0.002944 0.999995
570.20117188 365.91220093 -53.41547394 0.002944 -0.002944 0.999991
570.44775391 365.81771851 -53.41611481 0.000981 -0.004907 0.999987
570.69427490 365.72323608 -53.41677094 0.002956 -0.004926 0.999984
570.94042969 365.62896729 -53.41865540 0.004916 -0.000983 0.999987
571.18701172 365.53445435 -53.41922760 -0.000978 0.000978 0.999999
571.43395996 365.43975830 -53.41852570 -0.000979 0.002938 0.999995
571.68078613 365.34512329 -53.41814423 -0.008902 0.002967 0.999956
571.92901611 365.24975586 -53.41332245 -0.012883 0.000991 0.999917
572.17614746 365.15490723 -53.41187668 -0.000978 -0.000978 0.999999
572.42248535 365.06054688 -53.41321945 0.004916 -0.000983 0.999987
572.66882324 364.96618652 -53.41448593 0.002944 -0.000981 0.999995
572.91558838 364.87158203 -53.41446686 0.000978 -0.000978 0.999999
573.16217041 364.77706909 -53.41490173 0.006896 -0.002956 0.999972
573.40795898 364.68301392 -53.41820145 0.017014 -0.009007 0.999815
573.65283203 364.58941650 -53.42426682 0.015012 -0.011009 0.999827
573.89849854 364.49542236 -53.42782211 0.010923 -0.006951 0.999916
574.14428711 364.40130615 -53.43080139 0.004936 -0.004936 0.999976
574.39074707 364.30688477 -53.43172836 0.006910 -0.004936 0.999964
574.63665771 364.21273804 -53.43450165 0.008919 -0.004955 0.999948
574.88244629 364.11865234 -53.43750381 0.004945 -0.006924 0.999964
575.12896729 364.02416992 -53.43824387 -0.002950 -0.004916 0.999984
575.37597656 363.92944336 -53.43730927 0.000979 -0.002938 0.999995
575.62237549 363.83505249 -53.43854523 0.004916 -0.002950 0.999984
575.86859131 363.74075317 -53.44024277 0.002950 -0.002950 0.999991
576.11505127 363.64630127 -53.44105911 0.002950 -0.002950 0.999991
576.36138916 363.55191040 -53.44236374 0.008902 -0.004945 0.999948
576.60699463 363.45794678 -53.44606400 0.006924 -0.004945 0.999964
576.85333252 363.36358643 -53.44747925 0.004945 -0.006924 0.999964
577.09948730 363.26928711 -53.44937515 0.006937 -0.008919 0.999936
568.18060303 366.91854858 -53.40866852 -0.000987 -0.010858 0.999941
567.93353271 367.01330566 -53.40966415 -0.002973 -0.010901 0.999936
568.42724609 366.82400513 -53.40888596 -0.000985 -0.006896 0.999976
568.67376709 366.72952271 -53.40953064 0.004907 -0.000981 0.999987
568.92010498 366.63513184 -53.41083527 0.004907 -0.000981 0.999987
569.16650391 366.54074097 -53.41193771 0.002950 -0.004916 0.999984
569.41290283 366.44635010 -53.41323853 0.000985 -0.006896 0.999976
569.65966797 366.35174561 -53.41313553 -0.004945 -0.006924 0.999964
569.90655518 366.25704956 -53.41247940 -0.000983 -0.006883 0.999976
570.15264893 366.16284180 -53.41467285 0.002956 -0.004926 0.999984
570.39929199 366.06829834 -53.41493225 -0.000981 -0.004907 0.999987
570.64593506 365.97375488 -53.41530991 0.004926 -0.004926 0.999976
570.89190674 365.87957764 -53.41779709 0.006910 -0.002961 0.999972
571.13812256 365.78527832 -53.41942215 0.002944 -0.000981 0.999995
571.38482666 365.69070435 -53.41950607 -0.000979 0.002938 0.999995
571.63177490 365.59600830 -53.41889191 -0.006896 0.002956 0.999972
571.87969971 365.50079346 -53.41507339 -0.014894 0.002979 0.999885
572.12738037 365.40570068 -53.41187668 -0.004907 0.000981 0.999987
572.37396240 365.31118774 -53.41235733 0.004907 -0.000981 0.999987
572.62017822 365.21688843 -53.41407013 0.002944 -0.000981 0.999995
572.86688232 365.12231445 -53.41421127 0.000978 0.000978 0.999999
573.11340332 365.02783203 -53.41491318 0.002938 -0.000979 0.999995
573.35968018 364.93350220 -53.41637039 0.010880 -0.002967 0.999936
573.60516357 364.83959961 -53.42061615 0.017014 -0.007006 0.999831
573.85040283 364.74581909 -53.42552185 0.012934 -0.004975 0.999904
574.09619141 364.65173340 -53.42868042 0.008902 -0.004945 0.999948
574.34234619 364.55746460 -53.43053436 0.006910 -0.002961 0.999972
574.58843994 364.46322632 -53.43271255 0.008902 -0.002967 0.999956
574.83422852 364.36911011 -53.43564606 0.006910 -0.002961 0.999972
575.08062744 364.27471924 -53.43691254 0.000981 -0.002944 0.999995
575.32739258 364.18011475 -53.43682480 0.002938 -0.000979 0.999995
575.57360840 364.08578491 -53.43839645 0.004916 0.000983 0.999987
575.82012939 363.99133301 -53.43920135 0.002944 -0.000981 0.999995
576.06646729 363.89697266 -53.44044113 0.002950 -0.002950 0.999991
576.31286621 363.80255127 -53.44158554 0.004916 -0.002950 0.999984
576.55895996 363.70831299 -53.44362640 0.008902 -0.004945 0.999948
576.80493164 363.61413574 -53.44621277 0.004926 -0.004926 0.999976
577.05133057 363.51971436 -53.44725037 0.004945 -0.006924 0.999964
577.29742432 363.42547607 -53.44934464 -0.002950 -0.004916 0.999984
568.13275146 367.16888428 -53.40560532 0.004945 -0.006924 0.999964
567.88507080 367.26397705 -53.40867615 -0.004965 -0.010923 0.999928
568.37902832 367.07455444 -53.40720749 0.004936 -0.006910 0.999964
568.62518311 366.98025513 -53.40905762 0.004916 -0.000983 0.999987
568.87133789 366.88598633 -53.41095734 0.004907 -0.000981 0.999987
569.11791992 366.79147339 -53.41136932 0.000979 0.000979 0.999999
569.36462402 366.69689941 -53.41145706 0.000979 -0.000979 0.999999
569.61120605 366.60241699 -53.41214752 -0.002944 -0.002944 0.999991
569.85827637 366.50762939 -53.41092300 -0.000981 -0.004907 0.999987
570.10455322 366.41329956 -53.41251373 0.002961 -0.006910 0.999972
570.35089111 366.31890869 -53.41372299 0.000983 -0.004916 0.999987
570.59747314 366.22442627 -53.41420746 0.002950 -0.004916 0.999984
570.84362793 366.13015747 -53.41622925 0.006910 -0.004936 0.999964
571.08978271 366.03588867 -53.41814423 0.004936 -0.004936 0.999976
571.33605957 365.94152832 -53.41963196 0.000981 -0.002944 0.999995
571.58276367 365.84698486 -53.41978836 -0.004916 -0.000983 0.999987
571.83044434 365.75189209 -53.41664886 -0.012883 0.002973 0.999913
572.07836914 365.65667725 -53.41277695 -0.006910 0.002961 0.999972
572.32519531 365.56201172 -53.41238022 0.002950 0.002950 0.999991
572.57153320 365.46762085 -53.41365814 0.006883 0.000983 0.999976
572.81799316 365.37319946 -53.41460037 0.002950 0.002950 0.999991
573.06469727 365.27862549 -53.41472244 0.002944 0.002944 0.999991
573.31121826 365.18414307 -53.41539764 0.006883 0.000983 0.999976
573.55718994 365.08996582 -53.41790009 0.016913 -0.002985 0.999852
573.80206299 364.99639893 -53.42402649 0.016947 -0.002991 0.999852
574.04772949 364.90237427 -53.42759705 0.010880 -0.000989 0.999940
574.29388428 364.80810547 -53.42954254 0.008867 -0.000985 0.999960
574.53979492 364.71398926 -53.43227768 0.008884 -0.000987 0.999960
574.78582764 364.61978149 -53.43461227 0.006910 -0.002961 0.999972
575.03198242 364.52548218 -53.43643570 0.002950 -0.002950 0.999991
575.27862549 364.43096924 -53.43685913 0.002944 -0.000981 0.999995
575.52478027 364.33666992 -53.43875885 0.004916 0.000983 0.999987
575.77130127 364.24218750 -53.43939590 0.000979 0.000979 0.999999
576.01806641 364.14758301 -53.43919754 0.002944 -0.000981 0.999995
576.26428223 364.05328369 -53.44099045 0.004916 -0.000983 0.999987
576.51068115 363.95889282 -53.44218063 0.006896 -0.000985 0.999976
576.75659180 363.86474609 -53.44478226 0.004926 -0.004926 0.999976
577.00311279 363.77026367 -53.44552612 0.004936 -0.004936 0.999976
577.24902344 363.67614746 -53.44832611 0.006910 -0.002961 0.999972
577.49572754 363.58157349 -53.44837952 -0.004916 0.002950 0.999984
568.08398438 367.41964722 -53.40552521 -0.000979 -0.000979 0.999999
568.33074951 367.32501221 -53.40538788 0.006910 -0.002961 0.999972
568.57647705 367.23098755 -53.40882874 0.010901 -0.004955 0.999928
568.82275391 367.13662720 -53.41022873 0.004916 -0.002950 0.999984
569.06909180 367.04226685 -53.41157913 0.002944 -0.002944 0.999991
569.31573486 366.94775391 -53.41196442 0.000979 0.000979 0.999999
569.56237793 366.85321045 -53.41215897 -0.000979 0.000979 0.999999
569.80944824 366.75842285 -53.41104126 -0.002938 0.000979 0.999995
570.05627441 366.66378784 -53.41075134 0.000981 -0.002944 0.999995
570.30261230 366.56942749 -53.41218185 0.000983 -0.004916 0.999987
570.54913330 366.47497559 -53.41284943 0.002956 -0.006896 0.999972
570.79522705 366.38073730 -53.41503143 0.004936 -0.004936 0.999976
571.04156494 366.28634644 -53.41619873 0.002956 -0.006896 0.999972
571.28784180 366.19198608 -53.41769028 0.000987 -0.008884 0.999960
571.53436279 366.09753418 -53.41851425 -0.002961 -0.006910 0.999972
571.78137207 366.00280762 -53.41753387 -0.008884 -0.000987 0.999960
572.02905273 365.90771484 -53.41443253 -0.006910 0.004936 0.999964
572.27606201 365.81298828 -53.41359329 0.002961 0.006910 0.999972
572.52264404 365.71847534 -53.41400528 0.008937 0.008937 0.999920
572.76892090 365.62414551 -53.41566467 0.006951 0.008937 0.999936
573.01550293 365.52963257 -53.41604996 0.002967 0.008902 0.999956
573.26239014 365.43496704 -53.41569901 0.006937 0.008919 0.999936
573.50854492 365.34069824 -53.41762161 0.014924 0.004975 0.999876
573.75378418 365.24688721 -53.42240906 0.016913 -0.000995 0.999856
573.99932861 365.15295410 -53.42637634 0.012908 -0.004965 0.999904
574.24505615 365.05889893 -53.42970657 0.008884 -0.002961 0.999956
574.49127197 364.96459961 -53.43131638 0.004926 -0.004926 0.999976
574.73748779 364.87026978 -53.43300247 0.004945 -0.006924 0.999964
574.98364258 364.77600098 -53.43500519 0.004945 -0.006924 0.999964
575.22991943 364.68167114 -53.43653488 0.004916 -0.002950 0.999984
575.47631836 364.58724976 -53.43752289 0.006883 -0.000983 0.999976
575.72247314 364.49298096 -53.43951416 0.002938 -0.000979 0.999995
575.96929932 364.39834595 -53.43923950 0.000979 0.000979 0.999999
576.21563721 364.30398560 -53.44052887 0.006883 0.000983 0.999976
576.46179199 364.20971680 -53.44247437 0.006896 0.000985 0.999976
576.70812988 364.11535645 -53.44383621 0.004907 -0.000981 0.999987
576.95471191 364.02084351 -53.44427490 0.002950 -0.004916 0.999984
577.20074463 363.92663574 -53.44655991 0.004955 -0.008919 0.999948
577.44683838 363.83236694 -53.44869614 0.000981 -0.002944 0.999995
568.28228760 367.57562256 -53.40441513 0.002938 -0.000979 0.999995
568.52819824 367.48150635 -53.40721893 0.008902 -0.004945 0.999948
568.77429199 367.38723755 -53.40917206 0.002950 -0.002950 0.999991
569.02081299 367.29278564 -53.40993881 0.002956 -0.004926 0.999984
569.26708984 367.19842529 -53.41146851 0.004916 -0.002950 0.999984
569.51348877 367.10403442 -53.41262817 0.000979 0.000979 0.999999
569.76055908 367.00927734 -53.41155243 -0.002950 0.002950 0.999991
570.00756836 366.91452026 -53.41057205 -0.000978 0.000978 0.999999
570.25421143 366.82000732 -53.41085434 0.000979 -0.000979 0.999999
570.50091553 366.72543335 -53.41107559 0.000981 -0.002944 0.999995
570.74713135 366.63113403 -53.41268539 0.004945 -0.006924 0.999964
570.99316406 366.53692627 -53.41506958 0.000985 -0.006896 0.999976
571.23992920 366.44232178 -53.41498184 -0.000985 -0.006896 0.999976
571.48645020 366.34783936 -53.41562653 0.000985 -0.008867 0.999960
571.73284912 366.25341797 -53.41671371 -0.000983 -0.004916 0.999987
571.97979736 366.15875244 -53.41606140 -0.002944 0.000981 0.999995
572.22674561 366.06402588 -53.41534805 0.002950 0.004916 0.999984
572.47308350 365.96966553 -53.41667175 0.008937 0.006951 0.999936
572.71923828 365.87536621 -53.41849518 0.013011 0.013011 0.999831
572.96569824 365.78094482 -53.41939163 0.006992 0.016980 0.999831
573.21258545 365.68627930 -53.41891098 0.004984 0.014953 0.999876
573.45910645 365.59182739 -53.41976166 0.010987 0.012985 0.999855
573.70513916 365.49758911 -53.42193222 0.010923 0.004965 0.999928
573.95117188 365.40338135 -53.42433548 0.010901 -0.002973 0.999936
574.19683838 365.30938721 -53.42784119 0.008919 -0.004955 0.999948
574.44305420 365.21508789 -53.42960358 0.000983 -0.006883 0.999976
574.68963623 365.12057495 -53.43009186 0.000987 -0.008884 0.999960
574.93572998 365.02630615 -53.43207550 0.006951 -0.008937 0.999936
575.18145752 364.93228149 -53.43543243 0.008902 -0.004945 0.999948
575.42755127 364.83801270 -53.43748856 0.006883 -0.000983 0.999976
575.67382813 364.74368286 -53.43904495 0.002944 -0.000981 0.999995
575.92041016 364.64920044 -53.43965530 0.000979 -0.000979 0.999999
576.16699219 364.55468750 -53.44003296 0.004907 -0.000981 0.999987
576.41302490 364.46044922 -53.44233704 0.006896 -0.000985 0.999976
576.65930176 364.36611938 -53.44386292 0.002944 -0.000981 0.999995
576.90600586 364.27154541 -53.44399643 -0.000981 -0.002944 0.999995
577.15283203 364.17691040 -53.44363022 0.002956 -0.006896 0.999972
577.39892578 364.08267212 -53.44582367 0.002973 -0.010901 0.999936
577.64501953 363.98843384 -53.44788742 0.008919 -0.006937 0.999936
568.47973633 367.73208618 -53.40601730 0.004907 0.000981 0.999987
568.23291016 367.82672119 -53.40638351 -0.027234 -0.007061 0.999604
568.72570801 367.63790894 -53.40853882 0.008884 -0.002961 0.999956
568.97247314 367.54330444 -53.40853882 0.000979 -0.002938 0.999995
569.21881104 367.44894409 -53.40987778 0.004936 -0.004936 0.999976
569.46478271 367.35476685 -53.41233063 0.006896 -0.002956 0.999972
569.71124268 367.26031494 -53.41317749 -0.000981 0.004907 0.999987
569.95855713 367.16543579 -53.41133118 -0.000983 0.004916 0.999987
570.20526123 367.07086182 -53.41141891 0.000979 0.002938 0.999995
570.45196533 366.97628784 -53.41148376 0.000978 0.000978 0.999999
570.69879150 366.88165283 -53.41116714 0.002944 -0.002944 0.999991
570.94494629 366.78738403 -53.41315842 0.004926 -0.004926 0.999976
571.19152832 366.69287109 -53.41367340 -0.002950 -0.004916 0.999984
571.43829346 366.59826660 -53.41358566 0.000985 -0.006896 0.999976
571.68450928 366.50396729 -53.41524887 0.004926 -0.004926 0.999976
571.93090820 366.40954590 -53.41630936 0.000978 0.000978 0.999999
572.17773438 366.31491089 -53.41606522 0.000978 0.000978 0.999999
572.42425537 366.22045898 -53.41677856 0.006883 -0.000983 0.999976
572.67010498 366.12634277 -53.41971970 0.014865 -0.000991 0.999889
572.91546631 366.03247070 -53.42413712 0.010944 0.008954 0.999900
573.16253662 365.93771362 -53.42304230 0.002979 0.014894 0.999885
573.40936279 365.84310913 -53.42284775 0.004955 0.008919 0.999948
573.65588379 365.74862671 -53.42354965 0.004926 0.004926 0.999976
573.90258789 365.65405273 -53.42372894 0.006883 0.000983 0.999976
574.14855957 365.55987549 -53.42623138 0.008884 -0.002961 0.999956
574.39459229 365.46563721 -53.42837524 0.002950 -0.004916 0.999984
574.64141846 365.37103271 -53.42821121 0.000981 -0.004907 0.999987
574.88781738 365.27661133 -53.42922592 0.006937 -0.006937 0.999952
575.13330078 365.18270874 -53.43333435 0.012934 -0.006964 0.999892
575.37915039 365.08862305 -53.43640518 0.008902 -0.002967 0.999956
575.62524414 364.99435425 -53.43851471 0.002950 -0.002950 0.999991
575.87188721 364.89981079 -53.43864059 0.000981 -0.002944 0.999995
576.11822510 364.80545044 -53.44003296 0.002950 -0.004916 0.999984
576.36456299 364.71105957 -53.44124985 0.002950 -0.004916 0.999984
576.61096191 364.61666870 -53.44252777 0.000985 -0.008867 0.999960
576.85742188 364.52221680 -53.44339371 -0.002956 -0.006896 0.999972
577.10449219 364.42745972 -53.44234467 -0.000981 -0.004907 0.999987
577.35070801 364.33312988 -53.44390106 0.002956 -0.004926 0.999984
577.59729004 364.23864746 -53.44453430 -0.006910 -0.002961 0.999972
568.43048096 367.98315430 -53.40761948 0.014894 0.002979 0.999885
568.67718506 367.88861084 -53.40786743 0.002938 -0.000979 0.999995
568.92358398 367.79418945 -53.40882492 0.000979 -0.000979 0.999999
569.17041016 367.69958496 -53.40864182 0.002944 -0.000981 0.999995
569.41656494 367.60528564 -53.41052628 0.008902 -0.004945 0.999948
569.66229248 367.51123047 -53.41378403 0.004916 -0.002950 0.999984
569.90911865 367.41662598 -53.41355133 -0.000981 0.002944 0.999995
570.15618896 367.32183838 -53.41237259 -0.002950 0.002950 0.999991
570.40325928 367.22708130 -53.41141129 -0.002938 0.000979 0.999995
570.65002441 367.13247681 -53.41121292 0.000978 -0.000978 0.999999
570.89660645 367.03799438 -53.41183472 0.002950 -0.002950 0.999991
571.14288330 366.94363403 -53.41333008 -0.000981 -0.002944 0.999995
571.39007568 366.84881592 -53.41184235 -0.000981 -0.004907 0.999987
571.63623047 366.75454712 -53.41367340 0.008902 -0.004945 0.999948
571.88201904 366.66046143 -53.41674805 0.006883 0.000983 0.999976
572.12878418 366.56585693 -53.41666412 -0.000981 0.002944 0.999995
572.37579346 366.47113037 -53.41577911 0.000978 -0.000978 0.999999
572.62219238 366.37670898 -53.41686630 0.010901 -0.004955 0.999928
572.86743164 366.28292847 -53.42184067 0.016980 -0.006992 0.999831
573.11285400 366.18905640 -53.42617416 0.004926 0.002956 0.999984
573.36010742 366.09420776 -53.42453003 -0.002961 0.008884 0.999956
573.60717773 365.99942017 -53.42340851 -0.000979 0.000979 0.999999
573.85382080 365.90487671 -53.42359543 0.002944 -0.000981 0.999995
574.10009766 365.81054688 -53.42518997 0.004926 -0.002956 0.999984
574.34637451 365.71618652 -53.42662048 0.002956 -0.004926 0.999984
574.59283447 365.62176514 -53.42755127 0.002944 -0.002944 0.999991
574.83935547 365.52728271 -53.42832184 0.002944 -0.002944 0.999991
575.08544922 365.43304443 -53.43032074 0.010944 -0.006965 0.999916
575.33081055 365.33920288 -53.43488693 0.010966 -0.008972 0.999900
575.57672119 365.24502563 -53.43756104 0.004936 -0.004936 0.999976
575.82330322 365.15054321 -53.43814087 -0.000981 -0.002944 0.999995
576.07019043 365.05587769 -53.43763351 0.000985 -0.006896 0.999976
576.31628418 364.96163940 -53.43983078 0.000985 -0.006896 0.999976
576.56311035 364.86703491 -53.43956375 -0.000987 -0.008884 0.999960
576.80950928 364.77261353 -53.44062424 -0.000987 -0.010858 0.999941
577.05615234 364.67807007 -53.44092941 -0.000983 -0.006883 0.999976
577.30236816 364.58374023 -53.44249725 0.002956 -0.004926 0.999984
577.54895020 364.48922729 -53.44304276 0.000983 -0.004916 0.999987
577.79528809 364.39486694 -53.44433212 0.046011 -0.001022 0.998940
568.62841797 368.13937378 -53.40780258 0.008902 -0.004945 0.999948
568.87506104 368.04483032 -53.40806198 0.002944 -0.000981 0.999995
569.12152100 367.95037842 -53.40885925 0.000978 -0.000978 0.999999
569.36822510 367.85583496 -53.40904617 0.002950 -0.002950 0.999991
569.61425781 367.76162720 -53.41146469 0.006937 -0.008919 0.999936
569.86029053 367.66741943 -53.41369247 0.000983 -0.006883 0.999976
570.10711670 367.57275391 -53.41335678 -0.004916 -0.000983 0.999987
570.35437012 367.47790527 -53.41170502 -0.004907 -0.000981 0.999987
570.60137939 367.38317871 -53.41078568 -0.000978 -0.000978 0.999999
570.84790039 367.28869629 -53.41142273 0.000979 -0.000979 0.999999
571.09448242 367.19421387 -53.41198349 0.000979 -0.002938 0.999995
571.34130859 367.09957886 -53.41179276 -0.000979 -0.000979 0.999999
571.58801270 367.00500488 -53.41188049 0.006896 -0.000985 0.999976
571.83355713 366.91104126 -53.41574478 0.010901 -0.002973 0.999936
572.07958984 366.81683350 -53.41807938 0.002938 0.000979 0.999995
572.32666016 366.72207642 -53.41691589 -0.004916 0.002950 0.999984
572.57373047 366.62731934 -53.41594696 0.002944 -0.002944 0.999991
572.81951904 366.53323364 -53.41899872 0.014983 -0.006992 0.999863
573.06457520 366.43954468 -53.42446518 0.014983 -0.006992 0.999863
573.31054688 366.34536743 -53.42707443 -0.000978 0.000978 0.999999
573.55804443 366.25039673 -53.42457199 -0.006910 0.004936 0.999964
573.80523682 366.15554810 -53.42300034 -0.000978 0.000978 0.999999
574.05169678 366.06112671 -53.42399216 0.002950 -0.002950 0.999991
574.29815674 365.96664429 -53.42476273 0.002956 -0.004926 0.999984
574.54443359 365.87234497 -53.42638397 0.006910 -0.004936 0.999964
574.79052734 365.77807617 -53.42837143 0.004907 -0.000981 0.999987
575.03723145 365.68353271 -53.42860413 0.002950 -0.002950 0.999991
575.28326416 365.58929443 -53.43080902 0.010966 -0.008972 0.999900
575.52868652 365.49545288 -53.43527603 0.008954 -0.010944 0.999900
575.77478027 365.40118408 -53.43731308 0.000981 -0.004907 0.999987
576.02178955 365.30642700 -53.43630981 -0.002950 -0.004916 0.999984
576.26824951 365.21200562 -53.43722153 0.000985 -0.006896 0.999976
576.51470947 365.11755371 -53.43814468 -0.002956 -0.006896 0.999972
576.76159668 365.02288818 -53.43767929 0.000983 -0.006883 0.999976
577.00781250 364.92858887 -53.43933868 0.002956 -0.006896 0.999972
577.25421143 364.83419800 -53.44060516 0.002956 -0.006896 0.999972
577.50042725 364.73986816 -53.44216156 0.000981 -0.004907 0.999987
577.74719238 364.64526367 -53.44212723 0.023063 -0.003008 0.999730
568.82641602 368.29553223 -53.40761948 0.008902 -0.004945 0.999948
569.07269287 368.20117188 -53.40904999 0.004926 0.002956 0.999984
569.31945801 368.10659790 -53.40903854 0.000978 0.000978 0.999999
569.56622314 368.01199341 -53.40892410 0.002950 -0.002950 0.999991
569.81237793 367.91772461 -53.41083145 0.002961 -0.008884 0.999956
570.05883789 367.82327271 -53.41174316 -0.002961 -0.008884 0.999956
570.30566406 367.72863770 -53.41147995 -0.004926 -0.004926 0.999976
570.55261230 367.63394165 -53.41073227 -0.000979 -0.000979 0.999999
570.79931641 367.53939819 -53.41093826 0.000978 -0.000978 0.999999
571.04589844 367.44488525 -53.41141891 -0.000979 -0.000979 0.999999
571.29260254 367.35028076 -53.41137314 0.000979 -0.002938 0.999995
571.53912354 367.25582886 -53.41227341 0.006883 0.000983 0.999976
571.78521729 367.16159058 -53.41435623 0.008884 -0.000987 0.999960
572.03106689 367.06747437 -53.41717148 0.004926 -0.002956 0.999984
572.27777100 366.97293091 -53.41740799 -0.004907 -0.000981 0.999987
572.52502441 366.87802124 -53.41555023 -0.002944 -0.000981 0.999995
572.77148438 366.78359985 -53.41644287 0.006924 -0.006924 0.999952
573.01696777 366.68966675 -53.42054749 0.013037 -0.013037 0.999830
573.26220703 366.59588623 -53.42548752 0.006965 -0.010944 0.999916
573.50885010 366.50137329 -53.42591476 -0.004907 -0.000981 0.999987
573.75622559 366.40643311 -53.42375946 -0.004916 0.002950 0.999984
574.00317383 366.31173706 -53.42304993 0.000978 0.000978 0.999999
574.24969482 366.21725464 -53.42374802 0.000981 -0.002944 0.999995
574.49621582 366.12280273 -53.42447281 0.006910 -0.004936 0.999964
574.74194336 366.02874756 -53.42778015 0.008884 -0.002961 0.999956
574.98828125 365.93435669 -53.42902374 0.002938 0.000979 0.999995
575.23510742 365.83972168 -53.42872620 0.004916 -0.000983 0.999987
575.48095703 365.74563599 -53.43175888 0.010944 -0.008954 0.999900
575.72662354 365.65161133 -53.43521500 0.004955 -0.008919 0.999948
575.97314453 365.55715942 -53.43601227 -0.000981 -0.004907 0.999987
576.21997070 365.46252441 -53.43570709 0.000979 -0.002938 0.999995
576.46636963 365.36810303 -53.43666840 -0.000981 -0.004907 0.999987
576.71319580 365.27346802 -53.43647766 -0.000981 -0.004907 0.999987
576.95947266 365.17910767 -53.43787766 0.004926 -0.004926 0.999976
577.20587158 365.08474731 -53.43917465 0.002956 -0.004926 0.999984
577.45214844 364.99035645 -53.44050217 0.002950 -0.004916 0.999984
577.69879150 364.89584351 -53.44080353 -0.000979 -0.002938 0.999995
569.02404785 368.45187378 -53.40858841 0.006910 -0.004936 0.999964
569.27075195 368.35729980 -53.40872955 -0.002938 -0.000979 0.999995
569.51733398 368.26281738 -53.40929794 0.000979 -0.000979 0.999999
569.76397705 368.16827393 -53.40948486 0.000979 -0.000979 0.999999
570.01068115 368.07373047 -53.40972137 -0.002956 -0.004926 0.999984
570.25750732 367.97909546 -53.40946960 -0.002967 -0.008902 0.999956
570.50408936 367.88455200 -53.40983963 0.000983 -0.006883 0.999976
570.75048828 367.79016113 -53.41093063 0.000981 -0.002944 0.999995
570.99713135 367.69561768 -53.41129303 -0.000978 -0.000978 0.999999
571.24407959 367.60092163 -53.41055679 0.000978 -0.000978 0.999999
571.49047852 367.50653076 -53.41174698 0.004916 -0.000983 0.999987
571.73645020 367.41235352 -53.41428757 0.006896 -0.000985 0.999976
571.98278809 367.31799316 -53.41560745 0.004926 -0.002956 0.999984
572.22912598 367.22360229 -53.41683197 -0.000981 -0.002944 0.999995
572.47625732 367.12881470 -53.41565323 -0.002938 -0.000979 0.999995
572.72308350 367.03417969 -53.41534042 0.002938 -0.000979 0.999995
572.96936035 366.93981934 -53.41676712 0.008919 -0.004955 0.999948
573.21484375 366.84588623 -53.42079163 0.012985 -0.010987 0.999855
573.46044922 366.75192261 -53.42451477 0.004936 -0.006910 0.999964
573.70709229 366.65737915 -53.42485809 -0.000979 0.000979 0.999999
573.95410156 366.56265259 -53.42399216 -0.000981 0.004907 0.999987
574.20098877 366.46798706 -53.42350388 0.000978 0.000978 0.999999
574.44775391 366.37338257 -53.42336273 0.002944 -0.000981 0.999995
574.69378662 366.27917480 -53.42572021 0.008902 -0.002967 0.999956
574.93963623 366.18508911 -53.42868042 0.006896 -0.002956 0.999972
575.18609619 366.09063721 -53.42951965 0.002944 0.002944 0.999991
575.43267822 365.99612427 -53.43007660 0.004916 -0.000983 0.999987
575.67871094 365.90191650 -53.43240738 0.006924 -0.006924 0.999952
575.92498779 365.80758667 -53.43397522 0.004936 -0.004936 0.999976
576.17120361 365.71325684 -53.43556213 0.002938 -0.000979 0.999995
576.41784668 365.61871338 -53.43582916 0.000978 -0.000978 0.999999
576.66467285 365.52407837 -53.43551254 0.000978 -0.000978 0.999999
576.91119385 365.42962646 -53.43631744 0.004916 -0.000983 0.999987
577.15740967 365.33532715 -53.43798828 0.002950 -0.002950 0.999991
577.40380859 365.24093628 -53.43918228 0.004926 -0.004926 0.999976
577.64996338 365.14663696 -53.44097137 0.008867 0.000985 0.999960
569.22186279 368.60821533 -53.40911484 -0.004916 0.000983 0.999987
569.46868896 368.51358032 -53.40892029 0.000979 -0.000979 0.999999
569.71520996 368.41912842 -53.40965271 0.000979 -0.002938 0.999995
569.96203613 368.32446289 -53.40931320 -0.002944 -0.000981 0.999995
570.20922852 368.22964478 -53.40785980 -0.004926 -0.002956 0.999984
570.45611572 368.13497925 -53.40738678 -0.000987 -0.008884 0.999960
570.70220947 368.04071045 -53.40933228 0.002967 -0.008902 0.999956
570.94866943 367.94631958 -53.41041565 0.002944 -0.002944 0.999991
571.19519043 367.85183716 -53.41106415 0.002938 0.000979 0.999995
571.44177246 367.75729370 -53.41144943 0.002950 0.002950 0.999991
571.68817139 367.66293335 -53.41268158 0.004916 -0.002950 0.999984
571.93432617 367.56863403 -53.41456985 0.004926 -0.004926 0.999976
572.18078613 367.47418213 -53.41542816 0.002944 -0.002944 0.999991
572.42736816 367.37969971 -53.41592789 -0.000978 -0.000978 0.999999
572.67413330 367.28509521 -53.41592407 0.000979 0.000979 0.999999
572.92065430 367.19061279 -53.41657257 0.004907 -0.000981 0.999987
573.16680908 367.09634399 -53.41854095 0.012883 -0.002973 0.999913
573.41235352 367.00241089 -53.42242050 0.010901 -0.004955 0.999928
573.65826416 366.90826416 -53.42509460 0.004916 -0.000983 0.999987
573.90490723 366.81372070 -53.42551041 -0.002944 0.002944 0.999991
574.15209961 366.71890259 -53.42401886 -0.002938 0.000979 0.999995
574.39880371 366.62432861 -53.42412567 0.000978 -0.000978 0.999999
574.64526367 366.52987671 -53.42485809 0.006896 -0.000985 0.999976
574.89123535 366.43569946 -53.42737961 0.008902 -0.002967 0.999956
575.13720703 366.34152222 -53.42987823 0.006883 -0.000983 0.999976
575.38366699 366.24707031 -53.43078995 0.002938 0.000979 0.999995
575.63037109 366.15252686 -53.43095016 0.002944 -0.002944 0.999991
575.87664795 366.05816650 -53.43240738 0.008902 -0.004945 0.999948
576.12249756 365.96408081 -53.43549347 0.006883 -0.000983 0.999976
576.36907959 365.86956787 -53.43587494 0.000979 0.002938 0.999995
576.61584473 365.77496338 -53.43590927 0.000979 0.000979 0.999999
576.86242676 365.68048096 -53.43640137 0.004907 0.000981 0.999987
577.10870361 365.58612061 -53.43788910 0.002944 0.000981 0.999995
577.35546875 365.49151611 -53.43771362 0.002944 -0.000981 0.999995
577.60168457 365.39721680 -53.43941879 0.016913 -0.000995 0.999856
569.42028809 368.76412964 -53.40754700 0.000985 -0.006896 0.999976
569.66680908 368.66967773 -53.40832901 -0.006883 -0.000983 0.999976
569.91351318 368.57510376 -53.40849686 -0.000981 -0.004907 0.999987
570.16015625 368.48056030 -53.40866470 -0.004907 0.000981 0.999987
570.40771484 368.38552856 -53.40599442 -0.006883 -0.000983 0.999976
570.65454102 368.29089355 -53.40568924 0.002967 -0.008902 0.999956
570.90020752 368.19689941 -53.40921402 0.006937 -0.006937 0.999952
571.14648438 368.10256958 -53.41086960 0.004916 -0.000983 0.999987
571.39270020 368.00827026 -53.41255188 0.002944 0.000981 0.999995
571.63940430 367.91369629 -53.41264343 0.000978 -0.000978 0.999999
571.88598633 367.81915283 -53.41300583 0.002950 -0.004916 0.999984
572.13226318 367.72482300 -53.41456223 0.002956 -0.004926 0.999984
572.37866211 367.63040161 -53.41565704 0.002944 -0.000981 0.999995
572.62530518 367.53588867 -53.41610718 0.000979 0.000979 0.999999
572.87200928 367.44131470 -53.41616440 0.000979 0.000979 0.999999
573.11834717 367.34695435 -53.41743851 0.008902 -0.002967 0.999956
573.36389160 367.25299072 -53.42136002 0.010923 -0.004965 0.999928
573.60986328 367.15881348 -53.42381287 0.006924 -0.004945 0.999964
573.85607910 367.06451416 -53.42555237 0.000979 -0.002938 0.999995
574.10314941 366.96972656 -53.42438889 -0.004916 -0.000983 0.999987
574.35028076 366.87493896 -53.42314911 -0.000979 -0.002938 0.999995
574.59674072 366.78051758 -53.42414093 0.004916 -0.002950 0.999984
574.84295654 366.68621826 -53.42581940 0.006910 -0.002961 0.999972
575.08898926 366.59197998 -53.42811584 0.008884 -0.002961 0.999956
575.33502197 366.49777222 -53.43040848 0.002944 -0.002944 0.999991
575.58178711 366.40316772 -53.43027878 0.000979 -0.000979 0.999999
575.82836914 366.30868530 -53.43082047 0.008867 -0.000985 0.999960
576.07397461 366.21469116 -53.43457031 0.012857 -0.000989 0.999917
576.31994629 366.12051392 -53.43705750 0.002944 0.000981 0.999995
576.56689453 366.02581787 -53.43641281 -0.000979 0.000979 0.999999
576.81365967 365.93121338 -53.43623352 0.002938 -0.000979 0.999995
577.05999756 365.83685303 -53.43756485 0.004907 -0.000981 0.999987
577.30651855 365.74237061 -53.43831635 0.002938 0.000979 0.999995
577.55316162 365.64785767 -53.43869781 0.012883 -0.000991 0.999917
577.79772949 365.55441284 -53.44575882 0.085761 0.003176 0.996311
569.61859131 368.92013550 -53.40649796 -0.000981 -0.002944 0.999995
569.86529541 368.82559204 -53.40668106 0.002956 -0.004926 0.999984
570.11151123 368.73126221 -53.40820313 0.004926 0.004926 0.999976
570.35845947 368.63656616 -53.40767288 -0.006896 0.002956 0.999972
570.60607910 368.54150391 -53.40473557 -0.002944 0.000981 0.999995
570.85235596 368.44717407 -53.40628433 0.008919 -0.006937 0.999936
571.09796143 368.35321045 -53.41002274 0.008919 -0.006937 0.999936
571.34405518 368.25894165 -53.41197205 0.004916 -0.002950 0.999984
571.59069824 368.16439819 -53.41237259 -0.000979 -0.002938 0.999995
571.83752441 368.06976318 -53.41201401 -0.000979 -0.002938 0.999995
572.08410645 367.97525024 -53.41246033 0.002956 -0.004926 0.999984
572.33032227 367.88095093 -53.41429901 0.004936 -0.006910 0.999964
572.57635498 367.78674316 -53.41650391 0.004916 -0.002950 0.999984
572.82293701 367.69223022 -53.41701889 0.000979 0.002938 0.999995
573.06994629 367.59753418 -53.41624451 0.004907 0.000981 0.999987
573.31591797 367.50332642 -53.41871643 0.010880 -0.002967 0.999936
573.56176758 367.40921021 -53.42154312 0.008902 -0.004945 0.999948
573.80780029 367.31503296 -53.42399597 0.002956 -0.004926 0.999984
574.05432129 367.22052002 -53.42458344 -0.004916 -0.002950 0.999984
574.30163574 367.12564087 -53.42276382 -0.002944 -0.000981 0.999995
574.54821777 367.03112793 -53.42323303 0.002950 -0.002950 0.999991
574.79437256 366.93685913 -53.42517090 0.006910 -0.002961 0.999972
575.04046631 366.84265137 -53.42733002 0.006896 -0.002956 0.999972
575.28656006 366.74838257 -53.42945480 0.004916 -0.002950 0.999984
575.53308105 366.65390015 -53.43002319 0.000979 -0.000979 0.999999
575.77960205 366.55944824 -53.43078613 0.006883 -0.000983 0.999976
576.02539063 366.46536255 -53.43392563 0.012883 -0.000991 0.999917
576.27111816 366.37130737 -53.43716431 0.004916 -0.000983 0.999987
576.51800537 366.27664185 -53.43662262 -0.004907 -0.000981 0.999987
576.76519775 366.18182373 -53.43531036 -0.000979 -0.002938 0.999995
577.01147461 366.08746338 -53.43665695 0.006896 -0.002956 0.999972
577.25762939 365.99322510 -53.43873596 0.002938 -0.000979 0.999995
577.50433350 365.89862061 -53.43872833 0.000979 -0.002938 0.999995
577.75012207 365.80456543 -53.44188309 0.013011 -0.013011 0.999831
569.81652832 369.07635498 -53.40662766 0.008990 -0.012985 0.999875
570.06292725 368.98193359 -53.40772247 0.002979 -0.014894 0.999885
570.30950928 368.88742065 -53.40821075 0.008919 -0.006937 0.999936
570.55664063 368.79260254 -53.40679169 -0.004936 0.006910 0.999964
570.80395508 368.69772339 -53.40490341 0.000981 0.002944 0.999995
571.05010986 368.60348511 -53.40695572 0.008919 -0.004955 0.999948
571.29577637 368.50942993 -53.41039658 0.006924 -0.006924 0.999952
571.54211426 368.41506958 -53.41167831 0.000981 -0.004907 0.999987
571.78887939 368.32046509 -53.41153336 -0.000979 -0.002938 0.999995
572.03564453 368.22589111 -53.41158295 0.000978 -0.000978 0.999999
572.28216553 368.13137817 -53.41211700 0.002956 -0.004926 0.999984
572.52832031 368.03710938 -53.41405487 0.006937 -0.006937 0.999952
572.77416992 367.94299316 -53.41695786 0.004936 -0.004936 0.999976
573.02069092 367.84854126 -53.41772842 0.002938 0.000979 0.999995
573.26733398 367.75402832 -53.41813660 0.008867 0.000985 0.999960
573.51330566 367.65982056 -53.42058563 0.010858 0.000987 0.999941
573.75933838 367.56561279 -53.42287064 0.004916 -0.000983 0.999987
574.00592041 367.47113037 -53.42345047 -0.000981 -0.002944 0.999995
574.25286865 367.37640381 -53.42261124 -0.002944 -0.002944 0.999991
574.49963379 367.28182983 -53.42266846 0.000979 -0.000979 0.999999
574.74597168 367.18740845 -53.42380142 0.006896 -0.002956 0.999972
574.99194336 367.09326172 -53.42643356 0.006910 -0.004936 0.999964
575.23815918 366.99896240 -53.42821503 0.004926 -0.002956 0.999984
575.48449707 366.90457153 -53.42940140 0.002944 -0.000981 0.999995
575.73095703 366.81011963 -53.43025970 0.004916 -0.000983 0.999987
575.97698975 366.71594238 -53.43271637 0.010901 -0.002973 0.999936
576.22265625 366.62188721 -53.43606567 0.006910 -0.004936 0.999964
576.46917725 366.52743530 -53.43690109 -0.002956 -0.004926 0.999984
576.71643066 366.43258667 -53.43524551 -0.004926 -0.002956 0.999984
576.96307373 366.33804321 -53.43547821 0.002956 -0.004926 0.999984
577.20904541 366.24386597 -53.43802643 0.004936 -0.006910 0.999964
577.45562744 366.14938354 -53.43859863 -0.004926 -0.004926 0.999976
577.70239258 366.05477905 -53.43850327 0.004965 -0.010923 0.999928
570.01385498 369.23294067 -53.40876007 0.000987 -0.008884 0.999960
570.26037598 369.13845825 -53.40938568 0.011075 -0.019129 0.999756
570.50732422 369.04376221 -53.40876389 0.004926 0.002956 0.999984
570.75451660 368.94894409 -53.40724564 -0.000987 0.008884 0.999960
571.00146484 368.85424805 -53.40655899 0.004936 0.004936 0.999976
571.24755859 368.75997925 -53.40858459 0.006896 -0.000985 0.999976
571.49371338 368.66571045 -53.41052628 0.002950 -0.002950 0.999991
571.74041748 368.57113647 -53.41064072 0.000979 -0.002938 0.999995
571.98675537 368.47674561 -53.41183090 0.000979 -0.002938 0.999995
572.23358154 368.38211060 -53.41155624 0.000979 -0.002938 0.999995
572.48010254 368.28762817 -53.41224670 0.004916 -0.002950 0.999984
572.72625732 368.19335938 -53.41415024 0.006924 -0.006924 0.999952
572.97216797 368.09921265 -53.41688919 0.004936 -0.006910 0.999964
573.21856689 368.00485229 -53.41813278 0.004926 -0.002956 0.999984
573.46453857 367.91067505 -53.42063141 0.008902 -0.002967 0.999956
573.71044922 367.81649780 -53.42330933 0.004916 -0.000983 0.999987
573.95715332 367.72195435 -53.42346573 -0.000978 -0.000978 0.999999
574.20416260 367.62719727 -53.42244339 -0.002938 -0.000979 0.999995
574.45098877 367.53256226 -53.42220306 0.000978 -0.000978 0.999999
574.69750977 367.43811035 -53.42298508 0.004916 -0.000983 0.999987
574.94372559 367.34378052 -53.42456055 0.006896 -0.002956 0.999972
575.18981934 367.24954224 -53.42665100 0.006924 -0.004945 0.999964
575.43585205 367.15536499 -53.42913818 0.004926 -0.004926 0.999976
575.68237305 367.06088257 -53.42983246 0.002944 -0.002944 0.999991
575.92877197 366.96646118 -53.43093109 0.006910 -0.004936 0.999964
576.17456055 366.87237549 -53.43398285 0.004955 -0.008919 0.999948
576.42102051 366.77795410 -53.43493652 -0.002973 -0.010901 0.999936
576.66802979 366.68319702 -53.43394852 -0.006937 -0.008919 0.999936
576.91491699 366.58853149 -53.43348694 -0.000987 -0.008884 0.999960
577.16119385 366.49420166 -53.43492508 0.002973 -0.010901 0.999936
577.40740967 366.39990234 -53.43664551 -0.008937 -0.008937 0.999920
577.65417480 366.30529785 -53.43667603 0.004945 -0.008902 0.999948
577.89892578 366.21176147 -53.44312286 0.134687 0.032823 0.990344
570.21118164 369.38946533 -53.41078949 0.014894 -0.002979 0.999885
570.45812988 369.29473877 -53.41005707 -0.000985 0.008867 0.999960
570.70495605 369.20010376 -53.40975571 -0.002973 0.012883 0.999913
570.95190430 369.10540771 -53.40900040 0.002973 0.012883 0.999913
571.19873047 369.01077271 -53.40869141 0.004936 0.004936 0.999976
571.44519043 368.91635132 -53.40974045 0.004916 0.000983 0.999987
571.69165039 368.82189941 -53.41060257 0.000978 0.000978 0.999999
571.93841553 368.72729492 -53.41049957 -0.000979 -0.002938 0.999995
572.18511963 368.63272095 -53.41063690 0.000979 -0.002938 0.999995
572.43151855 368.53833008 -53.41174316 0.002950 -0.002950 0.999991
572.67785645 368.44393921 -53.41291428 0.004916 -0.002950 0.999984
572.92413330 368.34960938 -53.41459656 0.004936 -0.006910 0.999964
573.17028809 368.25531006 -53.41636658 0.004936 -0.006910 0.999964
573.41644287 368.16104126 -53.41822433 0.006937 -0.008919 0.999936
573.66235352 368.06692505 -53.42103958 0.004955 -0.008919 0.999948
573.90863037 367.97256470 -53.42259979 0.000985 -0.006896 0.999976
574.15533447 367.87802124 -53.42272186 -0.002950 -0.002950 0.999991
574.40228271 367.78329468 -53.42197037 -0.000978 -0.000978 0.999999
574.64886475 367.68878174 -53.42241287 0.004907 -0.000981 0.999987
574.89514160 367.59448242 -53.42406082 0.004916 -0.000983 0.999987
575.14147949 367.50009155 -53.42524719 0.004916 -0.000983 0.999987
575.38769531 367.40579224 -53.42700958 0.004926 -0.004926 0.999976
575.63397217 367.31143188 -53.42850494 0.002950 -0.004916 0.999984
575.88031006 367.21704102 -53.42974091 0.000983 -0.004916 0.999987
576.12670898 367.12265015 -53.43083191 0.000987 -0.010858 0.999941
576.37310791 367.02825928 -53.43207932 -0.002973 -0.012883 0.999913
576.61999512 366.93356323 -53.43148804 -0.004955 -0.010901 0.999928
576.86682129 366.83895874 -53.43124771 -0.002961 -0.008884 0.999956
577.11334229 366.74447632 -53.43194580 0.002961 -0.008884 0.999956
577.35949707 366.65020752 -53.43389893 0.004945 -0.006924 0.999964
577.60571289 366.55587769 -53.43551636 0.008937 -0.006951 0.999936
577.85095215 366.46209717 -53.44044876 0.120775 0.067864 0.990357
578.08203125 366.37588501 -53.49179459 0.490590 0.039630 0.870489
570.40905762 369.54568481 -53.41102982 0.004965 -0.012908 0.999904
570.65551758 369.45123291 -53.41190338 0.019129 -0.011075 0.999756
570.90228271 369.35662842 -53.41177368 0.004926 0.002956 0.999984
571.14935303 369.26184082 -53.41065979 0.000985 0.006896 0.999976
571.39617920 369.16723633 -53.41046906 0.004936 0.006910 0.999964
571.64270020 369.07275391 -53.41107559 0.000983 0.004916 0.999987
571.88958740 368.97808838 -53.41061401 -0.000979 0.000979 0.999999
572.13647461 368.88342285 -53.41019058 -0.000978 -0.000978 0.999999
572.38305664 368.78894043 -53.41069031 0.002944 -0.002944 0.999991
572.62933350 368.69458008 -53.41212463 0.002950 -0.002950 0.999991
572.87579346 368.60012817 -53.41304016 0.002950 -0.002950 0.999991
573.12213135 368.50576782 -53.41432953 0.004926 -0.004926 0.999976
573.36840820 368.41143799 -53.41588974 0.004936 -0.004936 0.999976
573.61444092 368.31723022 -53.41818237 0.004945 -0.006924 0.999964
573.86071777 368.22286987 -53.41973495 0.000989 -0.010880 0.999940
574.10699463 368.12854004 -53.42122269 0.000985 -0.008867 0.999960
574.35369873 368.03396606 -53.42127609 0.000981 -0.002944 0.999995
574.60015869 367.93954468 -53.42228699 0.004907 -0.000981 0.999987
574.84643555 367.84518433 -53.42365646 0.004907 -0.000981 0.999987
575.09277344 367.75082397 -53.42501068 0.004907 -0.000981 0.999987
575.33905029 367.65646362 -53.42644882 0.004916 -0.000983 0.999987
575.58544922 367.56204224 -53.42755890 0.002950 -0.002950 0.999991
575.83190918 367.46762085 -53.42848587 0.000981 -0.004907 0.999987
576.07867432 367.37301636 -53.42849350 -0.002961 -0.006910 0.999972
576.32543945 367.27841187 -53.42835236 -0.002967 -0.010880 0.999936
576.57189941 367.18399048 -53.42928314 -0.000987 -0.010858 0.999941
576.81842041 367.08950806 -53.42991638 -0.000983 -0.006883 0.999976
577.06518555 366.99490356 -53.42989349 0.000983 -0.006883 0.999976
577.31134033 366.90063477 -53.43185043 0.021058 -0.007019 0.999754
577.55700684 366.80661011 -53.43529129 0.019091 -0.009043 0.999777
577.80218506 366.71286011 -53.44033051 0.127967 0.041901 0.990893
578.02569580 366.63070679 -53.51662827 0.500517 -0.045502 0.864530
570.60650635 369.70211792 -53.41256332 0.039885 -0.009204 0.999162
570.85308838 369.60763550 -53.41321182 0.006924 -0.006924 0.999952
571.10015869 369.51284790 -53.41201019 -0.000979 0.000979 0.999999
571.34686279 369.41827393 -53.41216278 0.014953 -0.004984 0.999876
571.59344482 369.32376099 -53.41262817 0.002956 0.004926 0.999984
571.84039307 369.22906494 -53.41190338 -0.002956 0.004926 0.999984
572.08770752 369.13418579 -53.41015625 -0.002944 0.000981 0.999995
572.33441162 369.03961182 -53.41012573 0.002938 -0.000979 0.999995
572.58074951 368.94522095 -53.41142273 0.002944 -0.002944 0.999991
572.82727051 368.85076904 -53.41213989 0.002950 -0.002950 0.999991
573.07360840 368.75637817 -53.41347885 0.004926 -0.002956 0.999984
573.31988525 368.66204834 -53.41499710 0.006896 -0.000985 0.999976
573.56610107 368.56774902 -53.41666794 0.004907 -0.000981 0.999987
573.81256104 368.47329712 -53.41763306 0.000983 -0.004916 0.999987
574.05908203 368.37881470 -53.41825867 0.002961 -0.008884 0.999956
574.30529785 368.28454590 -53.42008591 0.004926 -0.004926 0.999976
574.55157471 368.19018555 -53.42154694 0.004916 -0.002950 0.999984
574.79779053 368.09588623 -53.42333221 0.004916 -0.000983 0.999987
575.04412842 368.00149536 -53.42454529 0.002950 -0.002950 0.999991
575.29046631 367.90713501 -53.42586899 0.002950 -0.004916 0.999984
575.53704834 367.81262207 -53.42635345 0.000983 -0.004916 0.999987
575.78350830 367.71820068 -53.42727280 0.000981 -0.004907 0.999987
576.03021240 367.62362671 -53.42748260 -0.002944 -0.002944 0.999991
576.27728271 367.52886963 -53.42629242 -0.002950 -0.002950 0.999991
576.52392578 367.43432617 -53.42669296 0.000985 -0.006896 0.999976
576.77014160 367.33999634 -53.42826080 0.000983 -0.004916 0.999987
577.01666260 367.24554443 -53.42899704 0.000981 -0.004907 0.999987
577.26324463 367.15106201 -53.42959213 0.006896 -0.000985 0.999976
577.50854492 367.05722046 -53.43419647 0.046074 -0.052503 0.997557
577.75274658 366.96398926 -53.44252777 0.155958 0.097927 0.982897
571.05145264 369.76364136 -53.41184235 -0.008884 -0.000987 0.999960
571.29827881 369.66900635 -53.41150284 0.006951 -0.008937 0.999936
571.54449463 369.57470703 -53.41333771 0.006951 -0.008937 0.999936
571.79113770 369.48016357 -53.41359329 -0.000981 -0.004907 0.999987
572.03851318 369.38525391 -53.41148758 -0.004926 0.002956 0.999984
572.28582764 369.29034424 -53.40959930 0.000979 0.002938 0.999995
572.53216553 369.19595337 -53.41082001 0.002938 0.000979 0.999995
572.77893066 369.10137939 -53.41082001 0.000979 -0.000979 0.999999
573.02526855 369.00698853 -53.41205597 0.004926 -0.002956 0.999984
573.27136230 368.91278076 -53.41429520 0.008902 -0.004945 0.999948
573.51708984 368.81869507 -53.41750336 0.004916 -0.000983 0.999987
573.76403809 368.72402954 -53.41688156 -0.000978 -0.000978 0.999999
574.01080322 368.62939453 -53.41669083 0.002944 -0.000981 0.999995
574.25701904 368.53509521 -53.41847229 0.006896 -0.002956 0.999972
574.50305176 368.44088745 -53.42084122 0.006896 -0.000985 0.999976
574.74926758 368.34658813 -53.42251205 0.004916 -0.002950 0.999984
574.99572754 368.25213623 -53.42340469 0.000981 -0.004907 0.999987
575.24224854 368.15765381 -53.42401886 0.000983 -0.006883 0.999976
575.48883057 368.06317139 -53.42470169 0.000983 -0.006883 0.999976
575.73516846 367.96878052 -53.42584610 0.002961 -0.006910 0.999972
575.98150635 367.87442017 -53.42717743 0.000981 -0.002944 0.999995
576.22833252 367.77981567 -53.42702484 -0.000979 0.000979 0.999999
576.47540283 367.68499756 -53.42577362 0.000978 0.000978 0.999999
576.72174072 367.59066772 -53.42720795 0.004916 -0.002950 0.999984
576.96832275 367.49615479 -53.42774200 0.000978 0.000978 0.999999
577.21466064 367.40179443 -53.42903137 0.006910 0.002961 0.999972
577.46087646 367.30746460 -53.43065643 0.025067 0.003008 0.999681
577.70141602 367.21621704 -53.45111084 0.278677 0.064897 0.958190
571.24920654 369.91995239 -53.41260910 -0.152130 -0.012396 0.988283
571.49615479 369.82525635 -53.41186523 -0.037842 -0.009205 0.999241
571.74243164 369.73089600 -53.41329193 -0.021016 0.003002 0.999775
571.98944092 369.63613892 -53.41235733 0.000978 -0.000978 0.999999
572.23651123 369.54138184 -53.41126251 -0.002944 -0.002944 0.999991
572.48327637 369.44680786 -53.41121674 0.002950 0.002950 0.999991
572.72991943 369.35226440 -53.41164017 0.000981 0.002944 0.999995
572.97662354 369.25769043 -53.41162872 0.002938 0.000979 0.999995
573.22314453 369.16320801 -53.41237640 0.006896 -0.000985 0.999976
573.46893311 369.06915283 -53.41549301 0.006910 -0.004936 0.999964
573.71533203 368.97473145 -53.41655350 0.002944 -0.002944 0.999991
573.96185303 368.88027954 -53.41732025 0.002950 0.002950 0.999991
574.20831299 368.78585815 -53.41830444 0.006910 0.002961 0.999972
574.45440674 368.69155884 -53.42024612 0.008867 0.000985 0.999960
574.70062256 368.59729004 -53.42207718 0.004907 0.000981 0.999987
574.94726563 368.50274658 -53.42239761 -0.000981 -0.002944 0.999995
575.19396973 368.40817261 -53.42240524 -0.000983 -0.006883 0.999976
575.44061279 368.31365967 -53.42280960 0.000983 -0.006883 0.999976
575.68719482 368.21911621 -53.42323685 0.002956 -0.006896 0.999972
575.93310547 368.12496948 -53.42593765 0.004936 -0.004936 0.999976
576.17950439 368.03057861 -53.42712021 0.002938 -0.000979 0.999995
576.42608643 367.93606567 -53.42757034 0.000981 0.004907 0.999987
576.67321777 367.84130859 -53.42638016 0.000979 0.002938 0.999995
576.91943359 367.74697876 -53.42798615 -0.023388 0.017287 0.999577
577.16552734 367.65270996 -53.43008041 0.027234 0.007061 0.999604
577.41064453 367.55902100 -53.43550873 0.049442 0.030507 0.998311
577.64739990 367.46975708 -53.46818161 0.366399 0.037813 0.929689
571.69342041 369.98178101 -53.41407776 -0.025017 -0.001001 0.999686
571.94049072 369.88702393 -53.41291428 -0.014865 0.000991 0.999889
572.18750000 369.79229736 -53.41207123 -0.016913 -0.000995 0.999856
572.43426514 369.69769287 -53.41202164 0.010901 -0.002973 0.999936
572.68090820 369.60314941 -53.41224289 0.000978 -0.000978 0.999999
572.92761230 369.50857544 -53.41233063 0.000978 0.000978 0.999999
573.17431641 369.41400146 -53.41247177 0.002944 -0.000981 0.999995
573.42053223 369.31970215 -53.41419601 0.004926 -0.002956 0.999984
573.66699219 369.22528076 -53.41511154 0.004926 -0.004926 0.999976
573.91284180 369.13113403 -53.41799164 0.006896 -0.000985 0.999976
574.15930176 369.03671265 -53.41895676 0.006910 0.002961 0.999972
574.40551758 368.94241333 -53.42071915 0.008902 0.004945 0.999948
574.65179443 368.84808350 -53.42225266 0.004926 0.002956 0.999984
574.89843750 368.75354004 -53.42243576 -0.000981 0.002944 0.999995
575.14575195 368.65866089 -53.42063141 -0.002944 -0.000981 0.999995
575.39227295 368.56417847 -53.42134094 0.000983 -0.004916 0.999987
575.63861084 368.46978760 -53.42256927 0.004916 -0.002950 0.999984
575.88507080 368.37536621 -53.42357254 0.008867 -0.000985 0.999960
576.13092041 368.28125000 -53.42636871 0.006896 -0.000985 0.999976
576.37713623 368.18692017 -53.42807770 0.002938 -0.000979 0.999995
576.62371826 368.09243774 -53.42860031 -0.004916 -0.002950 0.999984
576.87084961 367.99761963 -53.42733383 -0.014865 -0.000991 0.999889
577.11639404 367.90368652 -53.43124771 0.031203 0.001007 0.999513
577.36035156 367.81057739 -53.44040298 0.071010 0.018017 0.997313
577.58880615 367.72576904 -53.50035858 0.461681 0.194470 0.865466
571.89062500 370.13839722 -53.41659927 0.039563 -0.001014 0.999217
572.13830566 370.04330444 -53.41350555 -0.016980 -0.006992 0.999831
572.38507080 369.94866943 -53.41336441 0.008919 -0.006937 0.999936
572.63232422 369.85382080 -53.41172791 0.002950 -0.004916 0.999984
572.87902832 369.75924683 -53.41183472 -0.006924 -0.006924 0.999952
573.12579346 369.66467285 -53.41173553 0.000983 -0.004916 0.999987
573.37207031 369.57031250 -53.41316223 0.000981 -0.002944 0.999995
573.61853027 369.47586060 -53.41406631 0.000983 -0.004916 0.999987
573.86462402 369.38162231 -53.41610718 0.004975 -0.012934 0.999904
574.11053467 369.28747559 -53.41883469 0.006924 -0.004945 0.999964
574.35656738 369.19326782 -53.42121506 0.008884 -0.002961 0.999956
574.60260010 369.09906006 -53.42343140 0.006883 -0.000983 0.999976
574.84918213 369.00454712 -53.42403793 -0.000979 0.002938 0.999995
575.09637451 368.90972900 -53.42257690 -0.004926 0.002956 0.999984
575.34375000 368.81478882 -53.42045212 -0.002938 0.000979 0.999995
575.59039307 368.72024536 -53.42066193 0.004926 -0.004926 0.999976
575.83605957 368.62625122 -53.42423248 0.010880 -0.000989 0.999940
576.08215332 368.53201294 -53.42643356 0.006883 -0.000983 0.999976
576.32855225 368.43762207 -53.42752838 -0.025370 -0.015222 0.999562
576.57531738 368.34301758 -53.42744827 -0.036309 -0.025935 0.999004
576.82116699 368.24887085 -53.43025208 0.027235 0.005043 0.999616
577.06799316 368.15423584 -53.42994690 -0.011228 0.035726 0.999299
577.30847168 368.06301880 -53.45059967 0.303913 0.235425 0.923153
572.33569336 370.19976807 -53.41534424 0.008990 -0.014983 0.999847
572.58270264 370.10501099 -53.41432953 0.014865 0.000991 0.999889
572.82971191 370.01031494 -53.41351318 -0.002956 0.004926 0.999984
573.32324219 369.82107544 -53.41324234 0.006896 -0.002956 0.999972
573.57031250 369.72631836 -53.41221619 -0.002938 -0.000979 0.999995
573.81640625 369.63211060 -53.41442490 0.006910 -0.004936 0.999964
574.06243896 369.53787231 -53.41658401 0.006951 -0.008937 0.999936
574.30847168 369.44366455 -53.41897964 0.004955 -0.010901 0.999928
574.55450439 369.34945679 -53.42118073 0.002979 -0.014894 0.999885
574.80059814 369.25521851 -53.42345428 -0.000985 -0.008867 0.999960
575.04754639 369.16052246 -53.42275620 -0.006937 -0.006937 0.999952
575.29479980 369.06567383 -53.42105865 -0.004926 -0.002956 0.999984
575.54168701 368.97097778 -53.42040253 0.000979 -0.000979 0.999999
575.78802490 368.87661743 -53.42174530 0.004945 -0.006924 0.999964
576.03350830 368.78271484 -53.42601776 -0.007075 -0.027289 0.999603
576.28015137 368.68817139 -53.42627716 -0.013271 -0.031646 0.999411
576.52685547 368.59359741 -53.42630386 0.004994 -0.018977 0.999807
576.77160645 368.50009155 -53.43289566 0.040128 0.015434 0.999075
577.01580811 368.40682983 -53.44119644 0.245376 0.092811 0.964975
573.52087402 369.97750854 -53.41440964 -0.016947 -0.002991 0.999852
573.76867676 369.88238525 -53.41104507 0.002950 0.004916 0.999984
574.01446533 369.78826904 -53.41397095 0.013011 -0.013011 0.999831
574.26062012 369.69403076 -53.41601181 0.000993 -0.014894 0.999889
574.50689697 369.59970093 -53.41757584 0.006964 -0.012934 0.999892
574.75280762 369.50552368 -53.42013550 0.004965 -0.010923 0.999928
574.99914551 369.41113281 -53.42143631 -0.000983 -0.006883 0.999976
575.24633789 369.31634521 -53.42005539 -0.006910 -0.002961 0.999972
575.49328613 369.22161865 -53.41930008 -0.000981 -0.004907 0.999987
575.73974609 369.12719727 -53.42026138 0.004907 0.000981 0.999987
575.98547363 369.03314209 -53.42353058 0.011140 0.027344 0.999564
576.23132324 368.93902588 -53.42634964 0.025168 -0.005034 0.999671
576.47680664 368.84509277 -53.43049622 0.057020 0.005184 0.998360
576.72100830 368.75189209 -53.43893433 0.145079 0.147559 0.978355
576.95257568 368.66540527 -53.48860931 -0.916500 -0.264960 0.299708
573.96551514 370.03915405 -53.41460419 -0.008919 -0.004955 0.999948
574.21197510 369.94470215 -53.41550446 -0.064388 0.055657 0.996372
574.45837402 369.85031128 -53.41665649 0.004916 -0.000983 0.999987
574.70520020 369.75567627 -53.41632080 0.043930 0.054645 0.997539
574.95050049 369.66183472 -53.42100525 0.021439 0.025522 0.999444
575.19708252 369.56735229 -53.42153168 0.002973 0.012883 0.999913
575.44445801 369.47241211 -53.41949463 -0.006924 0.006924 0.999952
575.69024658 369.37832642 -53.42258072 0.027454 0.013219 0.999536
575.93591309 369.28433228 -53.42615509 0.054089 0.032878 0.997995
576.18041992 369.19091797 -53.43339157 0.047870 0.096854 0.994147
576.42639160 369.09674072 -53.43589401 0.262487 0.259649 0.929345
576.65747070 369.01055908 -53.48742676 0.535752 0.620255 0.572934
575.63940430 369.63021851 -53.42940140 0.022286 0.200577 0.979424
575.88354492 369.53701782 -53.43785095 0.178701 0.306146 0.935062
576.11059570 369.45294189 -53.50243759 0.693261 0.308655 0.651246
569.07415771 360.57873535 -53.46902084 -0.233042 -0.364952 0.901388
569.31347656 360.46133423 -53.45885849 -0.194733 -0.306810 0.931637
569.29553223 360.70947266 -53.42730713 -0.070314 -0.121032 0.990155
569.05834961 360.82534790 -53.42956924 -0.013777 -0.073123 0.997228
569.55371094 360.34332275 -53.44539642 -0.159754 -0.261782 0.951813
569.53228760 360.59390259 -53.42650223 -0.031306 -0.078805 0.996398
569.76812744 360.47897339 -53.42913437 -0.025067 -0.001003 0.999685
568.57580566 361.06286621 -53.46416855 -0.157588 -0.185775 0.969873
568.81817627 360.94332886 -53.44292831 -0.118998 -0.158255 0.980201
568.79675293 361.19390869 -53.42395401 -0.038227 -0.019630 0.999076
568.55938721 361.30990601 -53.42701340 -0.062886 -0.115482 0.991317
569.03302002 361.07867432 -53.42501831 -0.000993 -0.014894 0.999889
569.26959229 360.96325684 -53.42506409 -0.006924 -0.006924 0.999952
569.50622559 360.84774780 -53.42475128 0.008884 -0.000987 0.999960
569.74182129 360.73300171 -53.42829895 0.008972 -0.012960 0.999876
569.97784424 360.61791992 -53.43012619 0.006924 -0.006924 0.999952
568.77081299 361.44766235 -53.42161560 -0.002950 -0.002950 0.999991
568.53375244 361.56344604 -53.42345428 -0.006978 -0.012960 0.999892
569.00671387 361.33267212 -53.42404938 0.006896 -0.000985 0.999976
569.24285889 361.21752930 -53.42556000 0.004907 -0.000981 0.999987
569.47930908 361.10217285 -53.42586136 0.000981 0.004907 0.999987
569.71582031 360.98678589 -53.42614365 0.006883 -0.000983 0.999976
569.95166016 360.87185669 -53.42867279 0.004936 -0.004936 0.999976
568.74395752 361.70211792 -53.42269516 0.008902 0.004945 0.999948
568.98010254 361.58697510 -53.42426300 0.008902 0.004945 0.999948
569.68908691 361.24114990 -53.42660522 0.000979 -0.000979 0.999999
569.92523193 361.12600708 -53.42819595 0.010901 0.004955 0.999928
573.21728516 359.28820801 -53.59738541 0.474483 -0.843014 -0.253365
573.40551758 359.20675659 -53.77429199 -0.016285 -0.948307 0.316937
573.44775391 359.41262817 -53.52240753 0.020477 -0.525586 0.850494
573.64965820 359.32156372 -53.64917374 0.198532 -0.828983 0.522850
574.32403564 359.38809204 -56.27771759 0.526749 -0.774820 0.349555
573.88165283 359.44485474 -53.56859970 0.171795 -0.609643 0.773836
574.06732178 359.36517334 -53.75484085 0.329641 -0.937795 0.108983
574.10375977 359.57507324 -53.52421188 0.068271 -0.491827 0.868012
574.30963135 359.48123169 -53.63658142 0.166305 -0.697260 0.697260
571.02691650 361.31237793 -53.43295670 0.000981 -0.002944 0.999995
571.26287842 361.19735718 -53.43513870 0.006910 -0.004936 0.999964
571.23681641 361.45129395 -53.43347931 0.008884 -0.002961 0.999956
571.00036621 361.56661987 -53.43299866 -0.006951 0.008937 0.999936
571.49877930 361.08236694 -53.43750763 0.004916 -0.000983 0.999987
571.47265625 361.33633423 -53.43587494 0.006910 -0.004936 0.999964
571.73510742 360.96710205 -53.43833160 0.002944 0.002944 0.999991
571.70867920 361.22128296 -53.43789291 0.004916 -0.002950 0.999984
571.97155762 360.85174561 -53.43875885 0.004916 -0.002950 0.999984
571.94494629 361.10601807 -53.43887329 0.002938 -0.000979 0.999995
572.20758057 360.73669434 -53.44066620 0.004916 -0.000983 0.999987
572.18127441 360.99078369 -53.43979645 0.006896 -0.002956 0.999972
572.44403076 360.62133789 -53.44115448 -0.000979 0.002938 0.999995
572.41735840 360.87567139 -53.44142532 0.002938 0.000979 0.999995
572.68060303 360.50588989 -53.44100952 0.000987 -0.010858 0.999941
572.65368652 360.76040649 -53.44234467 0.004916 0.002950 0.999984
572.91595459 360.39129639 -53.44538498 0.016947 -0.002991 0.999852
572.88970947 360.64535522 -53.44437408 0.017014 -0.009007 0.999815
573.15228271 360.27603149 -53.44617462 -0.004907 0.000981 0.999987
573.12554932 360.53042603 -53.44698334 0.004955 -0.008919 0.999948
573.38934326 360.16024780 -53.44437408 -0.002950 -0.004916 0.999984
573.36242676 360.41476440 -53.44575882 -0.004936 -0.006910 0.999964
573.59918213 360.29919434 -53.44505310 0.000978 0.000978 0.999999
575.17633057 359.69900513 -56.32965469 0.717826 -0.695172 0.038227
571.21008301 361.70556641 -53.43387604 0.006896 0.000985 0.999976
570.97369385 361.82089233 -53.43338394 -0.008937 0.006951 0.999936
571.44635010 361.59033203 -53.43495941 0.006896 -0.000985 0.999976
571.68225098 361.47534180 -53.43725967 0.008884 0.000987 0.999960
571.91851807 361.36013794 -53.43838501 0.002944 0.000981 0.999995
572.15484619 361.24487305 -53.43931198 0.004916 0.000983 0.999987
572.39093018 361.12976074 -53.44096375 0.008867 0.000985 0.999960
572.62713623 361.01455688 -53.44209290 0.004907 0.000981 0.999987
572.86352539 360.89926147 -53.44279480 0.002950 -0.004916 0.999984
573.09948730 360.78424072 -53.44498444 0.004955 -0.008919 0.999948
573.33563232 360.66909790 -53.44651794 0.000981 -0.004907 0.999987
573.57226563 360.55361938 -53.44624329 -0.002944 -0.000981 0.999995
573.83538818 360.18402100 -53.44631958 0.000985 -0.006896 0.999976
573.80895996 360.43807983 -53.44564819 0.000978 -0.000978 0.999999
574.04553223 360.32263184 -53.44563675 0.002956 -0.006896 0.999972
575.38464355 359.83892822 -56.33565140 0.162546 -0.296407 0.941128
571.18383789 361.95956421 -53.43273163 0.004936 -0.006910 0.999964
570.94763184 362.07473755 -53.43146133 -0.002944 -0.002944 0.999991
571.41998291 361.84439087 -53.43420792 0.004936 -0.006910 0.999964
571.65588379 361.72940063 -53.43644333 0.006924 -0.004945 0.999964
571.89184570 361.61441040 -53.43881226 0.004916 -0.000983 0.999987
572.12823486 361.49911499 -53.43939590 0.004907 0.000981 0.999987
572.36431885 361.38397217 -53.44103241 0.004916 -0.000983 0.999987
572.60052490 361.26879883 -53.44238663 0.002944 -0.000981 0.999995
572.83703613 361.15341187 -53.44247818 0.000978 0.000978 0.999999
573.07360840 361.03793335 -53.44231796 0.000983 -0.004916 0.999987
573.30969238 360.92282104 -53.44399261 0.000987 -0.008884 0.999960
573.54595947 360.80761719 -53.44510651 0.000983 -0.006883 0.999976
573.78222656 360.69238281 -53.44622421 0.004926 -0.002956 0.999984
574.01861572 360.57705688 -53.44672394 0.010901 0.004955 0.999928
574.25469971 360.46197510 -53.44860458 0.004945 0.008902 0.999948
574.75128174 359.97909546 -53.45995331 0.069364 -0.200790 0.977176
574.96752930 359.87796021 -53.53427887 0.376847 -0.650020 0.659894
574.96069336 360.11825562 -53.46191406 0.081651 -0.188895 0.978597
574.72760010 360.23126221 -53.44930649 0.017390 -0.029665 0.999409
575.18450928 360.01177979 -53.50851822 0.234667 0.461764 0.855398
568.58489990 363.22708130 -53.42126083 0.004926 -0.002956 0.999984
568.82122803 363.11178589 -53.42187881 0.002950 -0.004916 0.999984
568.79455566 363.36605835 -53.42232895 0.000987 0.008884 0.999960
568.55834961 363.48123169 -53.42091751 0.006896 0.000985 0.999976
569.05743408 362.99661255 -53.42324829 0.000989 -0.010880 0.999940
569.03112793 363.25061035 -53.42224884 -0.004926 -0.002956 0.999984
569.29376221 362.88134766 -53.42407227 -0.004994 -0.016980 0.999843
569.26788330 363.13504028 -53.42148972 -0.002979 -0.012908 0.999912
569.53009033 362.76605225 -53.42486572 -0.002973 -0.012883 0.999913
569.50421143 363.01977539 -53.42232513 0.000989 -0.010880 0.999940
569.76623535 362.65090942 -53.42633057 -0.000985 -0.006896 0.999976
569.74023438 362.90469360 -53.42419434 0.002973 -0.012883 0.999913
570.00231934 362.53579712 -53.42802811 0.014983 -0.006992 0.999863
569.97644043 362.78952026 -53.42557907 0.002950 -0.004916 0.999984
570.23846436 362.42068481 -53.42964935 0.008937 -0.006951 0.999936
570.21228027 362.67459106 -53.42815399 0.002956 -0.006896 0.999972
570.47479248 362.30541992 -53.43048859 -0.000981 -0.004907 0.999987
570.44866943 362.55926514 -53.42873764 -0.000983 -0.004916 0.999987
570.71124268 362.19003296 -53.43072510 0.002961 -0.008884 0.999956
570.68518066 362.44387817 -53.42896652 -0.000983 -0.004916 0.999987
570.92163086 362.32852173 -53.42927170 -0.002961 -0.008884 0.999956
571.15802002 362.21319580 -53.42981339 0.000985 -0.008867 0.999960
571.39410400 362.09808350 -53.43158722 0.002973 -0.010901 0.999936
572.57434082 361.52270508 -53.44086075 0.000985 -0.006896 0.999976
572.81048584 361.40759277 -53.44238663 0.000983 -0.004916 0.999987
573.04699707 361.29217529 -53.44247818 -0.000979 -0.000979 0.999999
573.28363037 361.17669678 -53.44224167 0.000981 -0.002944 0.999995
573.51989746 361.06143188 -53.44322205 0.002956 -0.004926 0.999984
573.75604248 360.94628906 -53.44472122 0.002956 -0.004926 0.999984
573.99212646 360.83120728 -53.44651413 0.004945 -0.008902 0.999948
574.22821045 360.71609497 -53.44821167 0.006896 -0.000985 0.999976
574.46447754 360.60086060 -53.44919968 0.002938 -0.000979 0.999995
574.93750000 360.37002563 -53.44938660 0.015466 -0.040210 0.999072
575.17199707 360.25607300 -53.45693970 0.065800 -0.175865 0.982213
575.39544678 360.14984131 -53.50489807 0.205090 -0.420508 0.883805
568.76818848 363.62017822 -53.42163086 0.004926 -0.002956 0.999984
568.53204346 363.73535156 -53.42020035 0.002938 -0.000979 0.999995
569.00439453 363.50497437 -53.42275620 -0.002956 0.004926 0.999984
569.24145508 363.38922119 -53.42111588 -0.002944 0.002944 0.999991
569.47821045 363.27362061 -53.42021561 -0.002944 -0.002944 0.999991
569.71459961 363.15829468 -53.42078400 0.002956 -0.006896 0.999972
569.95056152 363.04327393 -53.42293549 0.002961 -0.006910 0.999972
570.18664551 362.92822266 -53.42480087 0.008955 -0.008955 0.999920
570.42272949 362.81311035 -53.42655563 0.000985 -0.006896 0.999976
570.65899658 362.69787598 -53.42751694 0.000981 -0.004907 0.999987
570.89538574 362.58255005 -53.42805099 0.000981 -0.002944 0.999995
571.13201904 362.46707153 -53.42784500 0.000981 -0.004907 0.999987
573.96594238 361.08517456 -53.44504547 0.002938 -0.000979 0.999995
574.20227051 360.96994019 -53.44598007 0.006937 -0.006937 0.999952
574.43811035 360.85498047 -53.44849014 0.006924 -0.004945 0.999964
575.14709473 360.50915527 -53.45098114 0.009008 -0.015013 0.999847
575.38238525 360.39462280 -53.45556259 0.040789 -0.168985 0.984774
575.60766602 360.28710938 -53.49688721 0.187929 -0.152133 0.970329
568.74182129 363.87423706 -53.42090225 0.002938 -0.000979 0.999995
568.50543213 363.98956299 -53.42027283 0.002944 -0.000981 0.999995
568.97821045 363.75891113 -53.42138290 -0.000983 -0.004916 0.999987
569.21478271 363.64346313 -53.42126465 -0.004926 -0.002956 0.999984
569.45172119 363.52780151 -53.42002487 -0.002944 -0.000981 0.999995
569.68835449 363.41226196 -53.41953278 0.002944 -0.000981 0.999995
569.92431641 363.29727173 -53.42182922 0.004916 -0.000983 0.999987
570.16058350 363.18203735 -53.42290115 0.002950 -0.004916 0.999984
570.39666748 363.06689453 -53.42443466 0.002961 -0.006910 0.999972
570.63281250 362.95181274 -53.42613220 0.004936 -0.004936 0.999976
570.86895752 362.83663940 -53.42746735 0.002956 -0.004926 0.999984
571.10534668 362.72131348 -53.42815399 0.000979 -0.000979 0.999999
574.17572021 361.22409058 -53.44574738 0.002938 0.000979 0.999995
574.41198730 361.10885620 -53.44680405 0.006910 -0.004936 0.999964
574.64813232 360.99374390 -53.44838715 0.004936 -0.006910 0.999964
575.35681152 360.64810181 -53.45189285 0.015102 -0.015102 0.999772
575.59252930 360.53326416 -53.45495224 0.051009 -0.116755 0.991850
575.81665039 360.42654419 -53.50033569 0.210886 -0.189665 0.958934
568.71527100 364.12841797 -53.42070007 0.000979 -0.000979 0.999999
568.47912598 364.24356079 -53.41925430 0.002950 -0.002950 0.999991
568.95202637 364.01284790 -53.41992950 -0.002956 -0.004926 0.999984
569.18872070 363.89730835 -53.41942978 -0.002961 -0.006910 0.999972
569.42523193 363.78189087 -53.41954041 -0.000983 -0.004916 0.999987
569.66162109 363.66659546 -53.42018127 0.002944 -0.000981 0.999995
569.89776611 363.55142212 -53.42160416 0.006896 0.000985 0.999976
570.13403320 363.43621826 -53.42276001 0.004907 0.000981 0.999987
570.37048340 363.32083130 -53.42306137 0.002938 -0.000979 0.999995
570.60650635 363.20578003 -53.42504883 0.002967 -0.008902 0.999956
570.84271240 363.09060669 -53.42632294 0.000981 -0.002944 0.999995
571.07910156 362.97531128 -53.42695618 0.000981 -0.004907 0.999987
574.38543701 361.36306763 -53.44674683 0.002950 0.002950 0.999991
574.62176514 361.24777222 -53.44755173 0.004907 -0.000981 0.999987
574.85797119 361.13256836 -53.44874191 0.008919 -0.006937 0.999936
575.56671143 360.78692627 -53.45211029 -0.000985 -0.008867 0.999960
575.80279541 360.67181396 -53.45386124 0.062368 -0.107727 0.992222
576.02282715 360.56802368 -53.51433945 0.265455 -0.360366 0.894243
568.68908691 364.38232422 -53.41917801 0.000985 -0.006896 0.999976
568.45300293 364.49743652 -53.41749954 0.000985 -0.006896 0.999976
568.92559814 364.26690674 -53.41925430 -0.002956 -0.004926 0.999984
569.16247559 364.15127563 -53.41820145 -0.004916 -0.002950 0.999984
569.39910889 364.03576660 -53.41781616 -0.000979 -0.002938 0.999995
569.63531494 363.92056274 -53.41904831 0.004926 -0.002956 0.999984
569.87127686 363.80557251 -53.42125320 0.006896 -0.002956 0.999972
570.10723877 363.69052124 -53.42336273 0.004907 -0.000981 0.999987
570.34368896 363.57522583 -53.42392349 0.000979 -0.000979 0.999999
570.58013916 363.45983887 -53.42425919 0.004907 0.000981 0.999987
574.59509277 361.50204468 -53.44790649 0.002938 0.000979 0.999995
574.83154297 361.38665771 -53.44809723 0.002944 -0.002944 0.999991
575.77661133 360.92572021 -53.45230103 -0.008902 -0.004945 0.999948
576.01293945 360.81045532 -53.45307922 0.062258 -0.103008 0.992730
576.22833252 360.70989990 -53.53051376 0.287149 -0.399578 0.870564
568.66314697 364.63613892 -53.41691971 -0.000981 -0.004907 0.999987
568.42663574 364.75152588 -53.41668320 -0.000978 -0.000978 0.999999
568.89947510 364.52084351 -53.41764832 -0.002956 -0.006896 0.999972
569.13604736 364.40542603 -53.41772461 -0.002950 -0.004916 0.999984
569.37261963 364.28997803 -53.41765976 0.000979 -0.000979 0.999999
569.60894775 364.17468262 -53.41833878 0.004916 -0.000983 0.999987
569.84497070 364.05966187 -53.42039871 0.006910 -0.002961 0.999972
570.08093262 363.94461060 -53.42245483 0.002950 -0.002950 0.999991
570.31738281 363.82928467 -53.42292404 -0.000981 -0.002944 0.999995
570.55383301 363.71392822 -53.42329025 -0.000981 -0.004907 0.999987
575.98687744 361.06439209 -53.45143509 0.002938 0.000979 0.999995
576.22259521 360.94952393 -53.45436478 0.089721 -0.192961 0.977096
576.43493652 360.85110474 -53.54296112 0.403908 -0.388069 0.828408
568.63677979 364.89019775 -53.41621780 -0.000979 -0.002938 0.999995
568.40032959 365.00558472 -53.41585541 -0.000979 -0.002938 0.999995
568.87341309 364.77471924 -53.41593552 -0.000981 -0.002944 0.999995
569.10998535 364.65927124 -53.41584396 -0.000983 -0.004916 0.999987
569.34625244 364.54403687 -53.41688919 0.002950 -0.002950 0.999991
569.58251953 364.42880249 -53.41785431 0.004916 -0.000983 0.999987
569.81860352 364.31372070 -53.41965485 0.004916 -0.002950 0.999984
570.05468750 364.19857788 -53.42120361 0.002956 -0.004926 0.999984
570.29101563 364.08331299 -53.42201233 -0.000983 -0.004916 0.999987
570.52764893 363.96783447 -53.42191696 -0.002950 -0.004916 0.999984
576.42687988 361.09231567 -53.47526932 0.164339 -0.222186 0.961055
568.61041260 365.14422607 -53.41528702 0.000983 -0.004916 0.999987
568.37408447 365.25949097 -53.41445923 0.000983 -0.004916 0.999987
568.84686279 365.02890015 -53.41578293 -0.000979 -0.002938 0.999995
569.08355713 364.91336060 -53.41522217 -0.000978 -0.000978 0.999999
569.32000732 364.79800415 -53.41566086 0.002944 -0.002944 0.999991
569.55603027 364.68292236 -53.41740417 0.004926 -0.002956 0.999984
569.79205322 364.56784058 -53.41934204 0.002944 -0.002944 0.999991
570.02862549 364.45242310 -53.41930389 0.000981 -0.002944 0.999995
570.26495361 364.33715820 -53.42025757 0.000981 -0.004907 0.999987
567.66510010 365.60534668 -53.41211319 0.010880 -0.002967 0.999936
567.90167236 365.48986816 -53.41192245 0.000978 0.000978 0.999999
567.87481689 365.74426270 -53.41286850 0.000979 0.000979 0.999999
567.63836670 365.85961914 -53.41252518 0.016879 0.000993 0.999857
568.13781738 365.37472534 -53.41339111 0.002956 -0.004926 0.999984
568.11138916 365.62881470 -53.41279984 0.004916 0.002950 0.999984
568.34783936 365.51345825 -53.41324234 0.000981 -0.002944 0.999995
568.58416748 365.39819336 -53.41398239 0.000981 -0.002944 0.999995
568.82049561 365.28292847 -53.41488266 0.000981 -0.004907 0.999987
569.05694580 365.16757202 -53.41526794 0.000979 -0.000979 0.999999
569.29339600 365.05221558 -53.41563797 0.002944 0.000981 0.999995
569.52960205 364.93701172 -53.41690445 0.004907 -0.000981 0.999987
569.76580811 364.82183838 -53.41827393 0.002950 -0.002950 0.999991
570.00213623 364.70654297 -53.41897583 0.000981 -0.002944 0.999995
567.84820557 365.99856567 -53.41306305 0.000983 0.004916 0.999987
568.08483887 365.88311768 -53.41296387 0.000981 0.002944 0.999995
568.32153320 365.76757813 -53.41241074 -0.000979 -0.000979 0.999999
568.55798340 365.65222168 -53.41280365 -0.000981 -0.004907 0.999987
568.79443359 365.53683472 -53.41307068 0.000983 -0.004916 0.999987
569.03070068 365.42163086 -53.41421890 0.004926 -0.004926 0.999976
569.26672363 365.30654907 -53.41614151 0.004907 -0.000981 0.999987
569.50305176 365.19125366 -53.41688538 0.002938 -0.000979 0.999995
569.73950195 365.07589722 -53.41724014 0.000979 -0.002938 0.999995
569.97589111 364.96057129 -53.41781998 0.002950 -0.002950 0.999991
568.05804443 366.13742065 -53.41361237 -0.000979 -0.000979 0.999999
567.82153320 366.25280762 -53.41338730 0.000981 -0.004907 0.999987
568.29486084 366.02182007 -53.41272354 -0.002944 0.000981 0.999995
568.53173828 365.90615845 -53.41155624 -0.000979 -0.000979 0.999999
568.76818848 365.79080200 -53.41191101 0.000979 -0.002938 0.999995
569.00445557 365.67553711 -53.41279221 0.004926 -0.002956 0.999984
569.24041748 365.56054688 -53.41497421 0.006896 -0.002956 0.999972
569.47656250 365.44537354 -53.41645050 0.000979 -0.002938 0.999995
569.71319580 365.32989502 -53.41620255 -0.002956 -0.004926 0.999984
576.59045410 361.73477173 -53.45047379 -0.006924 -0.006924 0.999952
576.82574463 361.62023926 -53.45519638 0.091493 -0.105391 0.990213
576.80035400 361.87359619 -53.45084763 0.004926 -0.004926 0.999976
576.56396484 361.98892212 -53.45022964 -0.010923 0.006951 0.999916
577.03094482 361.76235962 -53.47262955 0.221066 -0.173411 0.959718
568.03161621 366.39151001 -53.41304016 -0.006951 -0.010923 0.999916
567.79510498 366.50695801 -53.41299820 0.014924 -0.004975 0.999876
568.26831055 366.27597046 -53.41246033 -0.000983 -0.006883 0.999976
568.50506592 366.16043091 -53.41182327 -0.002944 -0.002944 0.999991
568.74163818 366.04498291 -53.41172791 0.000979 0.000979 0.999999
568.97814941 365.92959595 -53.41193390 0.004916 0.000983 0.999987
569.21411133 365.81457520 -53.41413116 0.008867 -0.000985 0.999960
569.45007324 365.69955444 -53.41622925 0.000978 -0.000978 0.999999
569.68688965 365.58392334 -53.41520309 -0.004916 -0.002950 0.999984
576.77416992 362.12750244 -53.44931030 -0.006937 -0.008919 0.999936
577.01086426 362.01196289 -53.44873047 -0.003014 -0.025118 0.999680
568.00531006 366.64553833 -53.41202927 -0.019129 -0.011075 0.999756
568.24230957 366.52981567 -53.41049576 0.002950 -0.002950 0.999991
568.47894287 366.41430664 -53.41015244 -0.000985 -0.006896 0.999976
568.71508789 366.29913330 -53.41151428 0.002950 -0.004916 0.999984
568.95135498 366.18392944 -53.41271210 0.004907 -0.000981 0.999987
569.18743896 366.06881714 -53.41432571 0.008867 -0.000985 0.999960
569.42340088 365.95379639 -53.41651535 0.002938 0.000979 0.999995
569.66027832 365.83813477 -53.41532135 -0.004916 -0.000983 0.999987
569.16113281 366.32281494 -53.41337585 0.004936 -0.004936 0.999976
569.39709473 366.20779419 -53.41551590 0.006910 -0.004936 0.999964
577.48144531 366.12408447 -53.43843079 -0.004926 -0.004926 0.999976
577.71795654 366.00869751 -53.43866730 0.004955 -0.008919 0.999948
577.69195557 366.26257324 -53.43671799 0.008972 -0.010966 0.999900
577.45538330 366.37802124 -53.43665695 -0.004945 -0.008902 0.999948
577.92620850 366.14877319 -53.44513321 0.176981 0.041022 0.983359
577.66558838 366.51663208 -53.43589401 0.015012 -0.011009 0.999827
577.42932129 366.63183594 -53.43471527 0.004936 -0.004936 0.999976
577.89959717 366.40298462 -53.44521713 0.126280 0.046644 0.990897
577.63885498 366.77090454 -53.43630981 0.019053 -0.009025 0.999778
577.40313721 366.88577271 -53.43332291 0.014894 0.002979 0.999885
577.87121582 366.65841675 -53.45163727 0.208768 0.080295 0.974663
577.61120605 367.02584839 -53.44021225 0.017081 0.013062 0.999769
577.37725830 367.13943481 -53.43062592 0.000983 -0.004916 0.999987
577.84130859 366.91497803 -53.46388626 0.339864 0.124207 0.932237
577.58660889 367.27874756 -53.43314362 0.096844 0.076336 0.992368
577.35113525 367.39340210 -53.42907333 0.000983 0.006883 0.999976
577.80725098 367.17449951 -53.49125671 0.390567 0.130189 0.911322
577.11486816 367.50863647 -53.42800522 0.000979 -0.002938 0.999995
577.32263184 367.64895630 -53.43604279 0.029903 0.027841 0.999165
577.08776855 367.76318359 -53.42985535 0.029309 0.007075 0.999545
577.55798340 367.53436279 -53.44051743 0.123322 -0.068000 0.990034
576.85211182 367.87802124 -53.42666245 -0.008902 -0.004945 0.999948
577.06115723 368.01742554 -53.43000412 0.008919 0.006937 0.999936
576.82495117 368.13259888 -53.42869568 -0.004936 0.006910 0.999964
577.29583740 367.90328979 -53.43680954 0.269868 0.030807 0.962404
577.51708984 367.79861450 -53.49279022 0.515204 0.224733 0.827079
576.58856201 368.24792480 -53.42808914 -0.025370 -0.015222 0.999562
576.79730225 368.38757324 -53.43276596 0.004984 0.016947 0.999844
576.56243896 368.50180054 -53.42650223 -0.008867 -0.000985 0.999960
577.03240967 368.27313232 -53.43795776 0.135051 0.056560 0.989223
577.25775146 368.16558838 -53.47890091 0.284223 0.217017 0.933874
576.32568359 368.61740112 -53.42732239 -0.023295 -0.013167 0.999642
576.53491211 368.75665283 -53.42985916 0.057489 0.015679 0.998223
576.29937744 368.87136841 -53.42614365 0.025370 0.015222 0.999562
576.76885986 368.64306641 -53.43938065 0.087796 0.054456 0.994649
577.00646973 368.52688599 -53.43561554 0.170075 0.217537 0.961120
576.50665283 369.01211548 -53.43613815 0.188911 0.204764 0.960408
576.73846436 368.90002441 -53.45352936 0.479814 0.313059 0.819617
570.01104736 359.67205811 -56.26473618 -0.638434 -0.729864 -0.244339
570.24725342 359.55895996 -56.26689911 -0.727189 -0.652446 -0.213330
570.32629395 359.77832031 -53.48012543 -0.062380 -0.286438 0.956066
570.55133057 359.91088867 -53.43633270 -0.042159 -0.133315 0.990177
570.31500244 360.02401733 -53.43450546 -0.032181 -0.112079 0.993178
569.36566162 360.47845459 -53.44120026 -0.189210 -0.232151 0.954099
569.60321045 360.36474609 -53.43883133 -0.134058 -0.171645 0.975995
569.58209229 360.61495972 -53.42687607 -0.024048 -0.049141 0.998502
569.34552002 360.72821045 -53.42606354 -0.069166 -0.060383 0.995776
569.84094238 360.25094604 -53.43576050 -0.196021 -0.144773 0.969854
569.81835938 360.50183105 -53.42886353 -0.006910 0.004936 0.999964
570.07879639 360.13711548 -53.43233490 -0.057950 -0.112490 0.991962
570.05535889 360.38839722 -53.42844391 -0.009007 -0.017014 0.999815
570.29180908 360.27517700 -53.42970276 0.021016 0.005004 0.999767
570.52819824 360.16201782 -53.43129349 0.002967 0.008902 0.999956
569.55804443 360.86651611 -53.42508316 0.008884 -0.000987 0.999960
569.79388428 360.75360107 -53.42858505 0.006978 -0.012960 0.999892
570.03027344 360.64041138 -53.43017960 0.006937 -0.008919 0.999936
570.26629639 360.52740479 -53.43287277 0.019091 0.011053 0.999757
570.50292969 360.41412354 -53.43366623 -0.002944 0.000981 0.999995
572.16778564 359.37670898 -53.49389648 0.047009 -0.303655 0.951622
572.38555908 359.27206421 -53.55921555 0.534394 -0.202491 0.820622
572.39215088 359.50958252 -53.45249939 0.081123 -0.279423 0.956735
572.15887451 359.62133789 -53.44032669 0.056805 -0.201839 0.977770
572.57434082 359.18069458 -53.72378540 0.456048 -0.875670 -0.158815
572.61926270 359.40066528 -53.48572159 0.268184 -0.626821 0.731555
572.83831787 359.29541016 -53.54666901 0.076884 -0.706463 0.703562
569.76989746 361.00515747 -53.42656708 0.006883 -0.000983 0.999976
570.00604248 360.89212036 -53.42892838 0.002944 -0.000981 0.999995
570.24237061 360.77896118 -53.43064880 0.004955 -0.008919 0.999948
570.47869873 360.66583252 -53.43251419 -0.000989 -0.012857 0.999917
570.71557617 360.55239868 -53.43225479 -0.000983 -0.004916 0.999987
572.37164307 359.75958252 -53.43852234 -0.004926 0.002956 0.999984
572.13507080 359.87283325 -53.43762589 0.013296 -0.035798 0.999271
572.60754395 359.64663696 -53.44190216 0.011633 -0.072971 0.997266
572.84033203 359.53509521 -53.45560455 0.413957 0.014364 0.910183
573.03338623 359.20114136 -53.68959808 -0.112013 -0.883345 0.455142
573.06457520 359.42749023 -53.49874496 0.068992 -0.401779 0.913134
573.27899170 359.32437134 -53.57555389 0.219707 -0.649773 0.727684
573.44189453 359.22991943 -56.26089096 0.135983 -0.912625 0.385518
568.58715820 361.57141113 -53.42156601 -0.017081 -0.013062 0.999769
568.79882813 361.71008301 -53.42341232 0.010901 0.002973 0.999936
568.56286621 361.82305908 -53.42054367 0.000981 -0.002944 0.999995
569.98150635 361.14389038 -53.42884064 0.012883 0.002973 0.999913
570.21795654 361.03067017 -53.43004608 0.004916 -0.000983 0.999987
570.45489502 360.91723633 -53.42974472 0.002938 0.000979 0.999995
570.69134521 360.80404663 -53.43109512 0.004916 -0.002950 0.999984
572.34680176 360.01147461 -53.43936920 -0.000995 0.016913 0.999856
572.58392334 359.89797974 -53.43842316 0.000985 0.006896 0.999976
572.81964111 359.78512573 -53.44239426 0.008919 -0.006937 0.999936
573.05505371 359.67239380 -53.44731903 0.031561 -0.085976 0.995797
573.28668213 359.56140137 -53.46514893 0.096200 -0.208643 0.973249
573.51049805 359.45397949 -53.50957108 -0.053196 -0.451484 0.890692
568.32568359 361.93658447 -53.42156982 -0.013115 -0.019167 0.999730
568.53778076 362.07507324 -53.42210007 0.006924 0.004945 0.999964
568.30151367 362.18820190 -53.42023468 -0.000981 0.004907 0.999987
568.77416992 361.96191406 -53.42372513 0.012908 0.002979 0.999912
569.01037598 361.84881592 -53.42581940 0.006883 0.000983 0.999976
572.55859375 360.15011597 -53.44090271 0.006951 0.008937 0.999936
572.79510498 360.03689575 -53.44215775 0.034095 0.025829 0.999085
573.03112793 359.92388916 -53.44492722 0.017048 0.009025 0.999814
573.26757813 359.81066895 -53.44617844 0.003055 -0.041757 0.999123
573.50244141 359.69821167 -53.45303345 0.041666 -0.118242 0.992110
568.51336670 362.32678223 -53.42154694 0.008919 -0.004955 0.999948
568.27746582 362.43975830 -53.41833115 0.002973 -0.012883 0.999913
568.74926758 362.21383667 -53.42470551 0.010880 0.000989 0.999940
568.98571777 362.10064697 -53.42620468 0.000979 0.002938 0.999995
569.24713135 361.73547363 -53.42625046 -0.000978 0.000978 0.999999
569.22253418 361.98727417 -53.42622375 -0.006910 -0.002961 0.999972
569.48419189 361.62197876 -53.42539215 -0.002944 -0.002944 0.999991
569.45959473 361.87380981 -53.42549515 0.000985 -0.008867 0.999960
569.69653320 361.76037598 -53.42515564 0.004926 -0.002956 0.999984
572.77032471 360.28875732 -53.44269943 0.019015 -0.005004 0.999807
573.00659180 360.17565918 -53.44476700 0.016913 0.002985 0.999852
573.24340820 360.06228638 -53.44493103 0.016913 0.002985 0.999852
573.47998047 359.94900513 -53.44567490 -0.003002 -0.023017 0.999731
567.80395508 362.66644287 -53.41777420 -0.031266 -0.001009 0.999511
568.04052734 362.55316162 -53.41864395 -0.004945 -0.008902 0.999948
568.01605225 362.80499268 -53.41842651 -0.000993 -0.014894 0.999889
567.77935791 362.91830444 -53.41795349 0.006910 -0.002961 0.999972
568.25311279 362.69149780 -53.41764450 -0.002944 -0.000981 0.999995
568.48925781 362.57846069 -53.42010117 0.012857 -0.000989 0.999917
568.72497559 362.46557617 -53.42391968 0.012883 -0.002973 0.999913
568.96093750 362.35260010 -53.42685318 0.002944 -0.000981 0.999995
569.19799805 362.23913574 -53.42616272 -0.013089 0.017116 0.999768
569.43505859 362.12561035 -53.42526627 -0.004945 0.006924 0.999964
569.67218018 362.01214600 -53.42451096 0.002938 0.000979 0.999995
574.74523926 359.56573486 -56.32717133 0.394933 -0.354347 0.847624
567.99157715 363.05673218 -53.41798401 -0.002938 0.000979 0.999995
567.75500488 363.16998291 -53.41698456 -0.002961 -0.008884 0.999956
568.22833252 362.94338989 -53.41823959 0.000978 -0.000978 0.999999
568.46472168 362.83023071 -53.41987991 0.008902 0.002967 0.999956
568.70068359 362.71722412 -53.42274094 0.010880 -0.002967 0.999936
568.93670654 362.60424805 -53.42572403 0.006910 -0.004936 0.999964
569.17321777 362.49099731 -53.42675018 -0.008955 0.008955 0.999920
569.41015625 362.37759399 -53.42648697 -0.002956 0.006896 0.999972
574.97436523 359.69641113 -56.26926422 0.246526 -0.095800 0.964390
567.96722412 363.30841064 -53.41705322 -0.012934 -0.006964 0.999892
568.20404053 363.19503784 -53.41714859 -0.000983 -0.004916 0.999987
569.14892578 362.74264526 -53.42567825 0.000985 -0.008867 0.999960
569.38574219 362.62927246 -53.42575455 -0.002950 -0.002950 0.999991
568.15435791 363.69894409 -53.41899109 0.004916 0.000983 0.999987
568.39099121 363.58563232 -53.41966248 0.004916 -0.002950 0.999984
568.36633301 363.83746338 -53.41997147 0.002944 0.000981 0.999995
568.12994385 363.95065308 -53.41847992 0.004926 -0.004926 0.999976
568.60308838 363.72412109 -53.42015839 0.004916 -0.002950 0.999984
568.34204102 364.08914185 -53.41894913 0.004926 -0.002956 0.999984
568.57849121 363.97592163 -53.42028809 0.002944 0.000981 0.999995
571.97900391 358.52996826 -54.42736816 -0.113567 -0.629783 0.768424
571.75860596 358.64035034 -54.38006592 0.383119 -0.718553 0.580433
572.01953125 358.74353027 -54.17862320 -0.099492 -0.108856 0.989066
571.80316162 358.85125732 -54.11459351 -0.409174 -0.431638 0.803906
571.94299316 359.03378296 -54.41484833 0.261752 -0.883975 0.387394
569.38476563 360.30142212 -53.48776627 -0.390274 -0.307628 0.867785
569.61950684 360.18164063 -53.47567368 -0.306731 -0.336656 0.890269
569.61010742 360.42800903 -53.43394852 -0.104516 -0.081545 0.991175
569.37817383 360.54592896 -53.43432999 -0.144252 -0.112735 0.983098
569.84210205 360.31002808 -53.43331146 -0.100519 -0.121805 0.987451
569.14501953 360.66464233 -53.43978500 -0.186818 -0.141066 0.972214
569.36083984 360.79739380 -53.42539978 -0.042788 -0.026090 0.998743
569.59240723 360.67971802 -53.42652512 -0.004984 -0.016947 0.999844
569.82354736 360.56228638 -53.42921066 -0.006910 0.004936 0.999964
568.66333008 361.15231323 -53.43379211 -0.149235 -0.087153 0.984953
568.87817383 361.28567505 -53.42317963 -0.002956 -0.004926 0.999984
568.64642334 361.40350342 -53.42295074 -0.023435 -0.019359 0.999538
569.57318115 360.93243408 -53.42525101 0.004916 0.000983 0.999987
569.80438232 360.81500244 -53.42795944 0.006965 -0.010944 0.999916
570.03570557 360.69744873 -53.42989349 0.006937 -0.008919 0.999936
568.41442871 361.52145386 -53.42356110 -0.105860 -0.018553 0.994208
568.62707520 361.65628052 -53.42226791 -0.004926 -0.002956 0.999984
568.39581299 361.77374268 -53.41975403 -0.054614 -0.001030 0.998507
568.85876465 361.53851318 -53.42272186 0.010901 0.004955 0.999928
569.78515625 361.06771851 -53.42676544 0.006883 -0.000983 0.999976
570.01647949 360.95016479 -53.42873001 0.000981 -0.002944 0.999995
568.16149902 361.89321899 -53.43001175 -0.058898 -0.085568 0.994590
568.37603760 362.02691650 -53.42105103 -0.016947 -0.002991 0.999852
568.14453125 362.14456177 -53.41982651 -0.010988 -0.010988 0.999879
568.60778809 361.90908813 -53.42134857 0.000981 0.002944 0.999995
568.83892822 361.79171753 -53.42436600 0.010858 -0.000987 0.999941
567.91253662 362.26251221 -53.42044067 0.044783 -0.021871 0.998757
568.12524414 362.39730835 -53.41887665 0.000985 -0.008867 0.999960
567.89331055 362.51522827 -53.41925430 0.000989 -0.012857 0.999917
568.35675049 362.27969360 -53.42024612 0.000983 -0.004916 0.999987
568.58801270 362.16220093 -53.42258453 0.010880 -0.000989 0.999940
568.10589600 362.65008545 -53.41803741 -0.012857 -0.000989 0.999917
568.33770752 362.53225708 -53.41811371 0.010880 -0.002967 0.999936
568.56878662 362.41491699 -53.42140198 0.012908 -0.002979 0.999912
574.58697510 359.45913696 -56.34243774 0.272719 -0.780323 0.562779
574.81127930 359.58633423 -56.29279709 -0.095031 0.027308 0.995100
570.38214111 361.97943115 -53.43099976 0.006910 -0.004936 0.999964
570.61370850 361.86175537 -53.43212509 0.002956 -0.004926 0.999984
570.59442139 362.11450195 -53.43115997 0.000983 -0.006883 0.999976
570.36273193 362.23223877 -53.43040466 0.002950 -0.004916 0.999984
570.84521484 361.74404907 -53.43325043 0.000979 -0.000979 0.999999
570.82598877 361.99676514 -53.43207932 0.002961 -0.008884 0.999956
571.07714844 361.62615967 -53.43302917 -0.006937 0.006937 0.999952
571.05767822 361.87905884 -53.43290710 -0.008884 0.000987 0.999960
571.28930664 361.76132202 -53.43368149 0.004926 -0.002956 0.999984
570.57519531 362.36718750 -53.42979050 -0.002961 -0.008884 0.999956
570.34350586 362.48495483 -53.42922211 -0.002944 -0.000981 0.999995
570.80700684 362.24935913 -53.43003464 0.000985 -0.006896 0.999976
571.03869629 362.13156128 -53.43051147 0.000989 -0.010880 0.999940
571.27020264 362.01394653 -53.43193054 0.002967 -0.010880 0.999936
570.55615234 362.61978149 -53.42789078 -0.002950 -0.004916 0.999984
570.78790283 362.50198364 -53.42829514 0.000981 -0.004907 0.999987
571.01971436 362.38412476 -53.42834091 -0.002950 -0.004916 0.999984
571.25134277 362.26641846 -53.42924500 0.000987 -0.008884 0.999960
567.68035889 365.29629517 -53.41275024 -0.000983 -0.004916 0.999987
567.91210938 365.17846680 -53.41291809 0.002961 -0.006910 0.999972
567.89282227 365.43121338 -53.41198730 0.002938 0.000979 0.999995
567.66094971 365.54910278 -53.41224289 0.010880 -0.002967 0.999936
568.14349365 365.06091309 -53.41485214 0.002956 -0.006896 0.999972
568.12432861 365.31356812 -53.41337967 0.006896 0.000985 0.999976
568.37506104 364.94320679 -53.41594315 -0.000981 -0.004907 0.999987
568.35583496 365.19595337 -53.41484833 0.000983 -0.006883 0.999976
568.60687256 364.82537842 -53.41605377 -0.002950 -0.002950 0.999991
568.58752441 365.07818604 -53.41537476 -0.002950 -0.002950 0.999991
568.81921387 364.96041870 -53.41595078 -0.000979 -0.002938 0.999995
567.87322998 365.68417358 -53.41239548 0.000979 0.000979 0.999999
567.64147949 365.80197144 -53.41200256 0.012960 0.008972 0.999876
568.10504150 365.56631470 -53.41241455 0.000981 -0.002944 0.999995
568.33666992 365.44860840 -53.41331100 0.000981 -0.004907 0.999987
568.56829834 365.33087158 -53.41418076 0.000981 -0.004907 0.999987
568.79986572 365.21319580 -53.41518402 0.000981 -0.004907 0.999987
567.85357666 365.93716431 -53.41295624 0.000981 0.002944 0.999995
568.08538818 365.81930542 -53.41301346 0.000978 0.000978 0.999999
568.31738281 365.70135498 -53.41239166 -0.000978 -0.000978 0.999999
568.54907227 365.58358765 -53.41291046 0.000981 -0.002944 0.999995
568.78076172 365.46582031 -53.41357803 0.000981 -0.004907 0.999987
577.63861084 366.06658936 -53.43793106 -0.000979 -0.000979 0.999999
577.86987305 365.94912720 -53.44041824 0.075388 -0.015927 0.997027
577.85034180 366.20211792 -53.44060516 0.081895 0.011699 0.996572
577.61962891 366.31924438 -53.43605042 0.004945 -0.008902 0.999948
578.07519531 366.08880615 -53.46937561 0.483433 -0.109806 0.868467
577.83087158 366.45498657 -53.44053268 0.094637 0.050102 0.994250
578.05383301 366.34295654 -53.47726059 0.428590 -0.017144 0.903336
577.34973145 366.94226074 -53.43195724 0.008919 -0.004955 0.999948
577.58074951 366.82495117 -53.43546295 0.019091 -0.009043 0.999777
577.56085205 367.07809448 -53.43694305 0.072048 -0.033336 0.996844
577.33074951 367.19482422 -53.42989349 0.017081 -0.013062 0.999769
577.79138184 366.96109009 -53.44231415 0.282250 0.155305 0.946686
577.54211426 367.33056641 -53.43386841 0.099069 0.045639 0.994033
577.31127930 367.44775391 -53.42975998 0.004907 -0.000981 0.999987
577.76257324 367.22015381 -53.48099899 0.390154 0.065696 0.918403
577.07983398 367.56533813 -53.42800903 0.010880 0.000989 0.999940
577.29046631 367.70150757 -53.43502808 0.048149 0.003073 0.998835
577.06005859 367.81845093 -53.42934799 0.033619 0.009169 0.999393
577.52081299 367.58462524 -53.44132233 0.169805 0.144648 0.974804
577.27191162 367.95379639 -53.43114853 0.236512 0.063152 0.969574
577.50012207 367.83831787 -53.44620132 0.373451 0.257399 0.891224
576.57727051 368.30679321 -53.42763901 -0.036309 -0.025935 0.999004
576.80871582 368.18917847 -53.42918777 -0.000991 0.014865 0.999889
576.78845215 368.44259644 -53.43228531 -0.016947 0.002991 0.999852
576.55810547 368.55947876 -53.42628098 0.002990 -0.018940 0.999816
577.01867676 368.32580566 -53.43903732 0.209328 0.052029 0.976460
575.86352539 368.91244507 -53.42243195 0.005014 -0.021058 0.999766
576.09454346 368.79513550 -53.42588043 -0.009151 -0.031519 0.999461
576.07513428 369.04794312 -53.42532349 0.000997 0.018940 0.999820
575.84429932 369.16516113 -53.42127609 -0.002956 0.006896 0.999972
576.32629395 368.67730713 -53.42599869 -0.019281 -0.021311 0.999587
576.30664063 368.93032837 -53.42675400 0.031266 -0.001009 0.999511
576.53735352 368.81317139 -53.43125153 0.057020 0.005184 0.998360
576.76672363 368.69696045 -53.44156647 0.192678 0.103176 0.975823
576.99975586 368.57830811 -53.43652725 0.442193 0.484933 0.754523
576.05346680 369.30233765 -53.43428040 0.119011 0.072793 0.990221
576.28521729 369.18453979 -53.43477249 0.175734 0.215373 0.960590
576.50793457 369.07263184 -53.47241592 0.242871 0.338857 0.908950
576.73199463 368.95989990 -53.50479889 0.765576 0.385226 0.515261
569.43939209 360.20547485 -53.51256561 -0.205228 -0.530553 0.822433
569.67578125 360.09362793 -53.50246811 -0.174334 -0.404859 0.897606
569.66149902 360.33654785 -53.44272232 -0.150233 -0.193890 0.969452
569.42681885 360.44714355 -53.44510651 -0.137226 -0.241778 0.960579
569.89715576 360.22515869 -53.43563461 -0.108354 -0.193045 0.975189
569.19183350 360.55801392 -53.44912720 -0.212875 -0.226434 0.950480
569.40344238 360.69677734 -53.42676544 -0.007117 -0.033551 0.999412
569.16888428 360.80734253 -53.42887878 0.061698 -0.048709 0.996906
569.63720703 360.58685303 -53.42862320 -0.028402 -0.051544 0.998267
569.87121582 360.47671509 -53.42916107 -0.000981 0.002944 0.999995
568.69842529 361.02938843 -53.43879700 -0.189109 -0.160807 0.968700
568.93432617 360.91787720 -53.43079376 -0.082232 -0.112345 0.990261
568.90838623 361.16931152 -53.42407608 0.002967 -0.008902 0.999956
568.67382813 361.27987671 -53.42611694 -0.064116 -0.053249 0.996521
569.14221191 361.05929565 -53.42541122 0.000978 0.000978 0.999999
569.37640381 360.94900513 -53.42501831 -0.002938 -0.000979 0.999995
569.61035156 360.83892822 -53.42590714 0.014924 -0.004975 0.999876
569.84375000 360.72921753 -53.42922211 0.006964 -0.012934 0.999892
568.43908691 361.39056396 -53.42899704 -0.130514 -0.108961 0.985441
568.64709473 361.53182983 -53.42278290 -0.010923 -0.004965 0.999928
568.41308594 361.64202881 -53.42246628 -0.072805 -0.042379 0.996445
568.88122559 361.42163086 -53.42293549 0.006896 -0.002956 0.999972
569.58288574 361.09146118 -53.42595673 0.002950 0.002950 0.999991
569.81683350 360.98135376 -53.42680359 0.006910 -0.002961 0.999972
570.05047607 360.87152100 -53.42921066 0.000981 -0.002944 0.999995
568.17413330 361.75576782 -53.44441605 -0.169323 -0.098670 0.980609
568.38592529 361.89434814 -53.42123032 -0.042270 -0.013403 0.999016
568.15191650 362.00445557 -53.42050171 -0.015466 -0.040210 0.999072
568.61987305 361.78421021 -53.42190552 0.004936 -0.004936 0.999976
569.78942871 361.23388672 -53.42678833 -0.000981 -0.002944 0.999995
569.55541992 361.34402466 -53.42629242 0.000979 -0.000979 0.999999
570.02307129 361.12399292 -53.42899323 0.008902 0.002967 0.999956
567.42663574 362.35186768 -53.52461624 -0.483741 -0.183077 0.855849
567.67535400 362.23101807 -53.45845795 -0.264881 -0.130464 0.955415
567.65344238 362.47958374 -53.43360901 -0.058686 -0.035211 0.997655
567.91674805 362.11547852 -53.42546082 -0.058195 -0.069175 0.995906
567.89038086 362.36724854 -53.42059708 -0.025118 -0.003014 0.999680
568.12463379 362.25698853 -53.42020416 -0.012857 -0.000989 0.999917
568.35864258 362.14682007 -53.42064285 -0.008955 -0.008955 0.999920
569.76208496 361.48641968 -53.42657471 0.002944 0.002944 0.999991
569.99578857 361.37649536 -53.42856598 0.014894 -0.000993 0.999889
573.73205566 359.38739014 -53.59713364 0.223302 -0.741736 0.632427
573.92401123 359.30795288 -53.78859711 0.120196 -0.986562 -0.110676
573.95281982 359.51950073 -53.53330994 0.205657 -0.433506 0.877370
574.15704346 359.43109131 -53.66902924 0.302337 -0.753444 0.583879
567.86352539 362.61935425 -53.41795349 0.000987 -0.010858 0.999941
567.62939453 362.72961426 -53.41810608 -0.087956 -0.027147 0.995754
568.09753418 362.50921631 -53.41851807 -0.006924 -0.006924 0.999952
568.33160400 362.39904785 -53.41888046 -0.004955 -0.010901 0.999928
567.83612061 362.87188721 -53.41810226 0.002944 -0.002944 0.999991
567.60137939 362.98254395 -53.42073441 -0.019358 -0.025471 0.999488
568.07019043 362.76168823 -53.41828537 0.006910 0.002961 0.999972
568.30438232 362.65139771 -53.41786194 0.004926 -0.002956 0.999984
567.80877686 363.12432861 -53.41764832 0.010901 -0.004955 0.999928
567.57507324 363.23425293 -53.41565323 0.000987 -0.010858 0.999941
568.04284668 363.01416016 -53.41796875 -0.000979 -0.000979 0.999999
574.59716797 359.69616699 -53.54777145 0.284509 -0.371818 0.883632
574.80358887 359.60614014 -53.67339706 0.376407 -0.688710 0.619675
574.80963135 359.83425903 -53.52156067 0.310395 -0.389905 0.866965
575.01104736 359.74786377 -53.66996384 0.330430 -0.662488 0.672254
567.78155518 363.37677002 -53.41675186 0.000981 -0.002944 0.999995
567.54766846 363.48681641 -53.41559219 0.008902 -0.002967 0.999956
568.01562500 363.26660156 -53.41701126 -0.006937 -0.006937 0.999952
575.01983643 359.97406006 -53.50571442 -0.061869 -0.097865 0.993275
575.22753906 359.88311768 -53.62577438 0.393344 -0.514122 0.762206
567.31329346 363.59722900 -53.41683197 -0.070321 -0.077019 0.994547
567.52014160 363.73941040 -53.41616440 0.016947 -0.002991 0.999852
567.28662109 363.84921265 -53.41341782 -0.021142 -0.011074 0.999715
567.75396729 363.62942505 -53.41751099 0.000981 0.004907 0.999987
575.22985840 360.11389160 -53.49041367 0.212266 -0.293798 0.932001
575.77050781 360.02285767 -56.35283661 0.531547 -0.846941 -0.012235
567.49304199 363.99169922 -53.41473389 0.010880 0.000989 0.999940
567.25921631 364.10168457 -53.41319275 -0.057847 0.019984 0.998125
567.72662354 363.88183594 -53.41699982 0.006910 -0.002961 0.999972
567.46557617 364.24423218 -53.41482544 0.010923 0.004965 0.999928
567.69946289 364.13418579 -53.41592026 0.006883 0.000983 0.999976
567.67193604 364.38684082 -53.41635895 -0.002944 -0.002944 0.999991
567.43798828 364.49694824 -53.41571808 0.006883 -0.000983 0.999976
576.39105225 360.44946289 -56.35068893 -0.247160 -0.750926 0.612390
576.63049316 361.60882568 -53.45160294 0.007103 -0.031456 0.999480
576.85839844 361.50314331 -53.47982025 0.092508 -0.152579 0.983952
576.83728027 361.75103760 -53.45114899 -0.004994 -0.018977 0.999807
576.60351563 361.86099243 -53.44939423 -0.006910 -0.002961 0.999972
577.06134033 361.64816284 -53.49693680 0.309566 -0.309566 0.899076
576.81024170 362.00335693 -53.44962692 -0.002961 -0.006910 0.999972
577.04412842 361.89328003 -53.45045853 0.086676 -0.107479 0.990422
577.22320557 362.28826904 -53.45154190 0.067764 0.001043 0.997701
577.44268799 362.18869019 -53.51789856 0.309216 -0.265664 0.913131
577.42877197 362.43136597 -53.45656204 0.147463 -0.097110 0.984289
577.78778076 363.22070313 -53.45444107 0.256971 -0.170865 0.951195
577.98168945 363.37231445 -53.51256561 0.411333 -0.213775 0.886062
577.76141357 363.47247314 -53.44985580 0.172355 -0.062999 0.983018
577.95892334 363.62155151 -53.49171448 0.289476 -0.062486 0.955144
577.09338379 367.61965942 -53.42785645 0.016980 0.004994 0.999843
577.32702637 367.50979614 -53.43003082 0.025420 0.017286 0.999527
577.29852295 367.76315308 -53.43488312 0.081212 0.001055 0.996696
577.06561279 367.87249756 -53.42943954 0.033281 -0.001009 0.999445
577.53002930 367.65481567 -53.44670486 0.359659 0.116240 0.925815
576.83203125 367.98233032 -53.42690277 -0.008902 -0.002967 0.999956
577.03790283 368.12518311 -53.43058014 -0.008919 0.004955 0.999948
576.80426025 368.23507690 -53.42847824 0.012985 -0.008990 0.999875
577.27282715 368.01440430 -53.42698288 0.243251 0.181430 0.952844
577.49072266 367.91604614 -53.50088120 0.659839 0.559100 0.502015
576.57037354 368.34515381 -53.42743301 -0.036309 -0.025935 0.999004
576.77618408 368.48806763 -53.43137741 -0.003014 -0.027126 0.999627
576.54345703 368.59729004 -53.42515945 0.002996 -0.018978 0.999815
577.00854492 368.37915039 -53.43958664 0.352182 0.034831 0.935283
577.23175049 368.27691650 -53.48919296 0.284965 0.256325 0.923630
575.84179688 368.92745972 -53.42192459 0.005014 -0.021058 0.999766
576.07519531 368.81774902 -53.42515182 -0.011184 -0.031518 0.999441
576.04791260 369.07015991 -53.42452621 0.002967 0.008902 0.999956
575.81457520 369.17980957 -53.42095184 -0.002956 0.006896 0.999972
576.30926514 368.70755005 -53.42530441 -0.013271 -0.031646 0.999411
576.28161621 368.96026611 -53.42646027 0.029428 -0.009133 0.999525
576.51513672 368.85043335 -53.42904663 0.057020 0.005184 0.998360
576.74682617 368.74203491 -53.44034576 0.177748 0.162403 0.970583
576.97027588 368.63958740 -53.48884201 -0.784318 -0.171427 0.596203
576.01873779 369.32397461 -53.43252182 0.101585 0.076474 0.991883
576.25286865 369.21371460 -53.43241501 0.124734 0.261285 0.957169
576.48095703 369.10791016 -53.45980453 0.212406 0.429268 0.877846
568.96630859 360.76110840 -53.44482040 -0.175475 -0.191073 0.965764
569.18847656 360.88012695 -53.42703629 -0.009043 -0.019091 0.999777
568.96722412 361.01165771 -53.42710495 -0.009132 -0.031455 0.999463
568.30041504 361.40908813 -53.44417191 -0.093497 -0.208186 0.973610
568.52532959 361.27410889 -53.42398834 -0.058461 -0.180154 0.981900
568.52301025 361.52767944 -53.42382431 -0.004975 -0.012934 0.999904
568.29949951 361.66134644 -53.43651581 -0.100554 -0.093619 0.990517
568.74548340 361.14364624 -53.43004990 -0.061062 -0.039637 0.997347
568.74438477 361.39608765 -53.42325211 -0.003008 -0.023063 0.999730
568.96551514 361.26467896 -53.42390442 0.006910 -0.004936 0.999964
569.18646240 361.13345337 -53.42551804 0.002944 -0.000981 0.999995
567.40496826 362.69924927 -53.46356583 -0.312686 -0.194903 0.929645
567.63238525 362.56195068 -53.42989349 -0.074817 -0.037951 0.996475
567.63250732 362.81323242 -53.41639709 -0.081470 0.033674 0.996107
570.72943115 360.72122192 -53.43159103 0.006896 -0.002956 0.999972
570.95043945 360.58993530 -53.43286896 -0.000981 0.004907 0.999987
570.94805908 360.84362793 -53.43346786 0.014894 0.000993 0.999889
570.72717285 360.97482300 -53.43154526 0.006883 0.000983 0.999976
571.17175293 360.45840454 -53.43266678 -0.000981 0.002944 0.999995
571.16912842 360.71224976 -53.43413925 0.004907 -0.000981 0.999987
571.39263916 360.32723999 -53.43465424 0.010901 -0.004955 0.999928
571.39025879 360.58087158 -53.43482590 0.006896 0.002956 0.999972
571.61114502 360.44970703 -53.43690872 0.008902 -0.004945 0.999948
570.94567871 361.09725952 -53.43366623 0.008884 -0.000987 0.999960
570.72473145 361.22848511 -53.43195724 0.004907 0.000981 0.999987
571.16668701 360.96597290 -53.43496704 0.006883 0.000983 0.999976
571.38769531 360.83471680 -53.43627930 0.006910 0.002961 0.999972
571.60894775 360.70321655 -53.43626404 0.004926 0.002956 0.999984
571.82995605 360.57189941 -53.43748856 0.000985 -0.006896 0.999976
572.05316162 360.18713379 -53.43928528 0.002961 0.006910 0.999972
572.27423096 360.05578613 -53.44025803 -0.002979 0.012908 0.999912
572.27160645 360.30969238 -53.44206238 0.000979 -0.002938 0.999995
572.05084229 360.44076538 -53.43951035 0.008902 -0.002967 0.999956
572.49298096 360.17810059 -53.44148254 -0.006937 0.008919 0.999936
570.94348145 361.35073853 -53.43298340 -0.000978 0.000978 0.999999
570.72235107 361.48217773 -53.43262863 0.002944 0.000981 0.999995
571.16455078 361.21942139 -53.43413544 0.006924 -0.004945 0.999964
571.38537598 361.08828735 -53.43631363 0.006896 -0.002956 0.999972
571.60632324 360.95706177 -53.43788147 0.004926 0.002956 0.999984
571.82757568 360.82559204 -53.43799591 0.002950 0.002950 0.999991
572.04858398 360.69430542 -53.43930054 0.008867 0.000985 0.999960
572.26953125 360.56307983 -53.44084167 0.000979 -0.000979 0.999999
572.49072266 360.43164063 -53.44116974 0.004926 -0.002956 0.999984
572.71435547 360.04641724 -53.44054794 0.009061 0.023155 0.999691
572.71179199 360.30029297 -53.44209290 0.008867 0.000985 0.999960
572.93255615 360.16918945 -53.44448090 0.006910 0.002961 0.999972
570.94122314 361.60440063 -53.43312073 0.004907 -0.000981 0.999987
570.72003174 361.73580933 -53.43262482 0.002938 -0.000979 0.999995
571.16253662 361.47280884 -53.43265533 0.004907 0.000981 0.999987
571.38336182 361.34167480 -53.43477631 0.006910 -0.004936 0.999964
571.60418701 361.21057129 -53.43712616 0.004926 -0.002956 0.999984
571.82519531 361.07928467 -53.43836212 0.002938 -0.000979 0.999995
572.04638672 360.94787598 -53.43883514 0.004907 0.000981 0.999987
572.26727295 360.81668091 -53.44065475 0.004916 -0.000983 0.999987
572.48840332 360.68530273 -53.44137955 -0.000979 0.002938 0.999995
572.70959473 360.55383301 -53.44156265 0.021269 -0.017217 0.999626
572.93011475 360.42300415 -53.44542313 0.018940 0.000997 0.999820
573.15118408 360.29168701 -53.44650650 -0.006883 0.000983 0.999976
568.50970459 363.04885864 -53.42114258 0.004916 0.002950 0.999984
568.73071289 362.91757202 -53.42235184 0.008902 -0.004945 0.999948
568.72857666 363.17102051 -53.42144012 -0.000979 -0.002938 0.999995
568.50756836 363.30230713 -53.42024994 0.006883 -0.000983 0.999976
568.94958496 363.03973389 -53.42271805 0.004936 -0.004936 0.999976
570.93896484 361.85791016 -53.43270111 0.008919 -0.004955 0.999948
570.71789551 361.98922729 -53.43156815 0.000983 -0.006883 0.999976
571.16021729 361.72640991 -53.43260956 0.000979 0.002938 0.999995
571.38122559 361.59512329 -53.43392563 0.006883 0.000983 0.999976
571.60205078 361.46398926 -53.43607712 0.008884 -0.000987 0.999960
571.82299805 361.33279419 -53.43785477 0.002944 -0.000981 0.999995
572.04406738 361.20141602 -53.43859482 0.002944 -0.000981 0.999995
572.26513672 361.07009888 -53.43971634 0.006883 -0.000983 0.999976
572.48602295 360.93893433 -53.44151688 0.004907 0.000981 0.999987
572.70703125 360.80764771 -53.44283295 0.004916 -0.002950 0.999984
572.92791748 360.67648315 -53.44474792 0.010988 -0.010988 0.999879
573.14874268 360.54537964 -53.44709396 0.000989 -0.012857 0.999917
568.72625732 363.42465210 -53.42174530 0.004916 0.000983 0.999987
568.50524902 363.55590820 -53.42037201 0.004926 -0.002956 0.999984
568.94744873 363.29318237 -53.42186356 -0.002944 -0.000981 0.999995
569.17059326 362.90844727 -53.42399216 -0.000987 -0.010858 0.999941
569.16882324 363.16156006 -53.42121506 -0.002967 -0.010880 0.999936
569.39172363 362.77706909 -53.42470551 -0.000985 -0.006896 0.999976
569.39001465 363.03009033 -53.42150879 -0.004965 -0.012908 0.999904
569.61273193 362.64578247 -53.42599106 -0.000983 -0.006883 0.999976
569.61090088 362.89892578 -53.42336655 -0.000989 -0.012857 0.999917
569.83380127 362.51443481 -53.42685318 0.008937 0.008937 0.999920
569.83184814 362.76770020 -53.42500305 -0.002944 0.000981 0.999995
570.05480957 362.38317871 -53.42828751 0.008884 0.000987 0.999960
570.05267334 362.63659668 -53.42734909 0.018940 -0.002990 0.999816
570.27569580 362.25195313 -53.43002701 0.004907 0.000981 0.999987
570.27362061 362.50537109 -53.42897034 0.000991 -0.012883 0.999917
570.49682617 362.12057495 -53.43074036 0.000979 -0.002938 0.999995
570.49475098 362.37396240 -53.42943573 -0.000983 -0.004916 0.999987
570.71594238 362.24249268 -53.42964554 -0.000983 -0.004916 0.999987
570.93707275 362.11111450 -53.43044662 -0.002950 -0.004916 0.999984
571.15808105 361.97979736 -53.43154907 -0.000979 0.000979 0.999999
571.37896729 361.84863281 -53.43344498 0.004936 -0.006910 0.999964
568.28424072 363.68719482 -53.41905975 0.002944 0.000981 0.999995
568.50305176 363.80935669 -53.41953278 0.000979 0.000979 0.999999
568.28192139 363.94076538 -53.41898346 0.004926 -0.002956 0.999984
568.72412109 363.67807007 -53.42073059 0.004926 -0.002956 0.999984
568.94500732 363.54690552 -53.42263412 0.000979 -0.000979 0.999999
569.16644287 363.41522217 -53.42158508 -0.004916 0.002950 0.999984
569.38787842 363.28353882 -53.42062378 -0.002944 -0.000981 0.999995
569.60906982 363.15206909 -53.42086029 -0.000983 -0.004916 0.999987
569.83001709 363.02084351 -53.42232132 0.004936 -0.006910 0.999964
570.05102539 362.88958740 -53.42376328 0.004926 -0.002956 0.999984
570.27166748 362.75860596 -53.42685699 0.000985 -0.006896 0.999976
570.49273682 362.62725830 -53.42773056 -0.000983 -0.006883 0.999976
570.71398926 362.49575806 -53.42785645 -0.000981 -0.004907 0.999987
568.06097412 364.07199097 -53.41737366 0.004936 -0.006910 0.999964
568.27978516 364.19430542 -53.41827011 0.006910 -0.004936 0.999964
568.05895996 364.32537842 -53.41585159 0.004936 -0.004936 0.999976
568.50085449 364.06298828 -53.41938019 0.004916 -0.002950 0.999984
568.72192383 363.93164063 -53.42027664 -0.000978 0.000978 0.999999
568.94299316 363.80026245 -53.42109299 -0.000981 -0.004907 0.999987
568.27770996 364.44766235 -53.41706848 0.004936 -0.004936 0.999976
568.05682373 364.57882690 -53.41493988 0.002944 -0.000981 0.999995
568.49871826 364.31640625 -53.41835785 0.004936 -0.006910 0.999964
568.71966553 364.18515015 -53.41978836 0.000981 -0.004907 0.999987
568.94091797 364.05361938 -53.41976547 -0.004916 -0.002950 0.999984
567.61431885 364.84182739 -53.41504669 0.000981 -0.004907 0.999987
567.83551025 364.71041870 -53.41551971 0.000979 -0.002938 0.999995
567.83343506 364.96377563 -53.41423416 -0.000983 -0.006883 0.999976
567.61224365 365.09524536 -53.41399002 0.000983 -0.004916 0.999987
568.05450439 364.83245850 -53.41521835 0.002950 -0.002950 0.999991
568.27557373 364.70111084 -53.41613770 0.004907 -0.000981 0.999987
568.49670410 364.56967163 -53.41650391 -0.000979 -0.002938 0.999995
568.71771240 364.43841553 -53.41799927 0.000985 -0.006896 0.999976
567.83142090 365.21710205 -53.41256332 -0.002950 -0.004916 0.999984
567.61022949 365.34854126 -53.41227341 0.004955 -0.008919 0.999948
568.05230713 365.08587646 -53.41431046 0.004926 -0.004926 0.999976
568.27331543 364.95462036 -53.41565323 0.002950 -0.002950 0.999991
568.49444580 364.82321167 -53.41621780 -0.000979 -0.002938 0.999995
568.71575928 364.69168091 -53.41600800 0.000981 -0.004907 0.999987
567.82928467 365.47058105 -53.41170120 0.000978 0.000978 0.999999
568.05035400 365.33923340 -53.41256332 0.006910 0.002961 0.999972
568.27130127 365.20800781 -53.41414642 0.002956 -0.004926 0.999984
568.49237061 365.07666016 -53.41508865 0.000981 -0.004907 0.999987
568.71362305 364.94515991 -53.41517639 0.000979 -0.002938 0.999995
568.04815674 365.59271240 -53.41192245 0.000981 0.002944 0.999995
568.26928711 365.46136475 -53.41276550 0.000983 -0.004916 0.999987
568.49035645 365.33001709 -53.41371536 0.000983 -0.004916 0.999987
568.71142578 365.19863892 -53.41448975 0.000983 -0.004916 0.999987
577.27258301 367.17355347 -53.42950439 0.006896 -0.000985 0.999976
577.49322510 367.04266357 -53.43305588 0.046074 -0.052503 0.997557
577.49133301 367.29586792 -53.43080902 0.035510 -0.003044 0.999365
577.27026367 367.42718506 -53.42976379 0.002950 0.002950 0.999991
577.71014404 367.16662598 -53.44404602 0.247293 0.030455 0.968462
577.48779297 367.55053711 -53.43722153 0.049993 0.152304 0.987068
577.70025635 367.42733765 -53.48539734 0.363875 0.116715 0.924106
576.38110352 368.45993042 -53.42724991 -0.012985 -0.008990 0.999875
576.60260010 368.32821655 -53.42599487 -0.036309 -0.025935 0.999004
576.60058594 368.58160400 -53.42443848 0.000981 0.002944 0.999995
576.37939453 368.71304321 -53.42404175 -0.002979 -0.014894 0.999885
576.82354736 368.19696045 -53.42746735 -0.000991 0.014865 0.999889
576.82067871 368.45120239 -53.43079758 0.027040 0.083284 0.996159
577.04064941 368.32089233 -53.43777466 0.252240 0.112538 0.961098
575.93737793 368.97558594 -53.42149353 -0.002967 0.010880 0.999936
576.15820313 368.84451294 -53.42392349 -0.002967 -0.008902 0.999956
576.15570068 369.09826660 -53.42494583 0.025067 0.001003 0.999685
575.93493652 369.22930908 -53.42221451 0.015587 0.050916 0.998581
576.37658691 368.96710205 -53.42680359 0.047343 0.030510 0.998413
576.59661865 368.83676147 -53.43350983 0.078785 0.001050 0.996891
576.81597900 368.70700073 -53.44376755 0.206028 0.241504 0.948277
577.02807617 368.58407593 -53.49370193 0.255047 0.459695 0.850665
576.14813232 369.35678101 -53.45354080 0.055952 0.334408 0.940766
576.36810303 369.22650146 -53.46066284 0.063272 0.308613 0.949081
571.30761719 359.22467041 -56.27829361 -0.964441 -0.258266 -0.056145
571.75842285 359.17791748 -56.24954987 0.095330 -0.746508 -0.658511
569.65930176 360.72888184 -53.42769623 0.012985 -0.008990 0.999875
569.87188721 360.58221436 -53.42960358 0.004916 0.002950 0.999984
569.89013672 360.83285522 -53.42813873 0.008972 -0.010966 0.999900
569.67761230 360.97946167 -53.42581177 0.006883 0.000983 0.999976
570.10266113 360.68618774 -53.43033218 0.006937 -0.008919 0.999936
571.56121826 359.41485596 -53.49312210 0.035914 -0.416340 0.908499
571.74731445 359.28237915 -53.60670471 -0.429405 -0.883725 -0.186124
571.80102539 359.51400757 -53.45590210 0.602211 -0.464658 0.649180
571.59326172 359.65814209 -53.43380737 -0.035922 -0.081641 0.996014
572.00134277 359.37390137 -53.50949097 -0.225154 -0.463908 0.856794
569.90826416 361.08349609 -53.42714691 0.008902 0.002967 0.999956
570.12078857 360.93682861 -53.42926407 0.004916 0.000983 0.999987
570.31500244 360.53967285 -53.43347168 0.004926 -0.004926 0.999976
570.33355713 360.79006958 -53.43047333 0.004965 -0.012908 0.999904
570.52801514 360.39273071 -53.43353653 -0.002944 0.000981 0.999995
570.54620361 360.64334106 -53.43216324 -0.000989 -0.012857 0.999917
570.74139404 360.24566650 -53.43230438 -0.000979 0.000979 0.999999
570.75921631 360.49645996 -53.43243408 0.000985 -0.006896 0.999976
570.97241211 360.34945679 -53.43189240 0.016913 0.000995 0.999856
571.82342529 359.76239014 -53.43703842 -0.031266 -0.001009 0.999511
571.61071777 359.90911865 -53.43544769 -0.007117 -0.033551 0.999412
572.03485107 359.61630249 -53.44370651 -0.097660 -0.059494 0.993440
572.18920898 359.24047852 -53.61560822 0.802568 -0.548963 0.233503
572.24096680 359.47311401 -53.47293091 0.292847 0.026169 0.955801
572.34173584 359.12594604 -53.87019730 -0.303690 -0.951732 0.044473
572.44012451 359.33364868 -53.53157425 -0.313143 -0.570081 0.759572
572.62170410 359.20355225 -53.66386795 0.630198 -0.728616 -0.268271
570.13848877 361.18771362 -53.43003082 0.004916 0.002950 0.999984
570.35144043 361.04083252 -53.43038559 0.000978 -0.000978 0.999999
570.56457520 360.89385986 -53.43004227 0.002956 -0.004926 0.999984
570.77728271 360.74710083 -53.43150711 0.006924 -0.004945 0.999964
570.99005127 360.60034180 -53.43277359 -0.000981 0.002944 0.999995
571.84124756 360.01315308 -53.43705750 0.000981 -0.004907 0.999987
572.05432129 359.86624146 -53.43710709 0.013271 -0.031646 0.999411
572.26635742 359.71984863 -53.44138336 -0.073452 0.089272 0.993295
572.47698975 359.57421875 -53.45159912 0.021682 -0.158621 0.987101
572.68188477 359.43167114 -53.48602295 0.091384 -0.473792 0.875882
572.07177734 360.11724854 -53.43888855 0.002950 0.004916 0.999984
572.28466797 359.97042847 -53.43964386 -0.002979 0.014894 0.999885
572.49780273 359.82342529 -53.43919754 0.000981 -0.002944 0.999995
569.09210205 362.17257690 -53.42587280 -0.000978 0.000978 0.999999
569.30523682 362.02560425 -53.42530823 -0.021482 0.025574 0.999442
569.32305908 362.27645874 -53.42565536 -0.015222 0.025370 0.999562
569.10980225 362.42349243 -53.42650986 -0.010988 0.010988 0.999879
569.53631592 362.12945557 -53.42501831 -0.002944 0.000981 0.999995
572.30206299 360.22149658 -53.44178772 0.000979 0.000979 0.999999
572.51550293 360.07437134 -53.44009781 -0.010880 0.002967 0.999936
568.89709473 362.57025146 -53.42515945 0.008902 -0.002967 0.999956
569.12792969 362.67416382 -53.42566681 0.000983 -0.004916 0.999987
568.91522217 362.82089233 -53.42409897 0.006924 -0.006924 0.999952
569.34094238 362.52725220 -53.42577744 -0.000979 -0.002938 0.999995
569.55395508 362.38034058 -53.42602158 -0.004926 0.002956 0.999984
569.76715088 362.23333740 -53.42525864 0.004916 0.000983 0.999987
573.54937744 359.35653687 -53.57212830 0.257221 -0.598078 0.759039
573.68530273 359.25091553 -53.89688110 -0.092851 -0.991553 0.090558
573.78509521 359.45782471 -53.55211258 0.129110 -0.598060 0.790983
573.95721436 359.33282471 -53.72438431 0.307485 -0.854467 0.418735
568.70288086 362.96743774 -53.42113495 0.004916 -0.002950 0.999984
568.93377686 363.07128906 -53.42116928 0.004907 -0.000981 0.999987
568.72094727 363.21810913 -53.42032623 0.002944 0.002944 0.999991
569.14636230 362.92462158 -53.42325211 -0.000987 -0.010858 0.999941
569.35900879 362.77789307 -53.42480850 -0.000985 -0.006896 0.999976
569.57183838 362.63110352 -53.42588425 0.000979 -0.002938 0.999995
569.78472900 362.48428345 -53.42661667 0.004926 0.002956 0.999984
569.99761963 362.33743286 -53.42734146 0.010880 0.002967 0.999936
568.95172119 363.32202148 -53.42090607 -0.002944 -0.000981 0.999995
569.16497803 363.17501831 -53.42013931 -0.004936 -0.004936 0.999976
569.37799072 363.02810669 -53.42029953 0.000987 -0.010858 0.999941
569.59057617 362.88140869 -53.42218781 0.002967 -0.008902 0.999956
569.80322266 362.73471069 -53.42397308 -0.004916 0.000983 0.999987
570.01562500 362.58813477 -53.42666245 0.015043 -0.011031 0.999826
570.22821045 362.44143677 -53.42862320 0.010944 -0.008954 0.999900
574.20941162 359.32675171 -56.32452011 0.191069 -0.834985 0.516036
569.39581299 363.27890015 -53.42053223 -0.002944 -0.000981 0.999995
569.60906982 363.13183594 -53.41952515 -0.000985 -0.008867 0.999960
569.82171631 362.98516846 -53.42137527 0.002967 -0.010880 0.999936
570.03417969 362.83853149 -53.42373657 0.010988 -0.010988 0.999879
570.24645996 362.69204712 -53.42718506 0.002956 -0.006896 0.999972
574.44116211 359.52868652 -53.63145828 0.149409 -0.674606 0.722900
574.67828369 359.62918091 -53.60520172 0.532908 -0.382977 0.754545
574.49273682 359.76141357 -53.48967361 0.396518 0.139699 0.907335
574.68121338 359.52911377 -56.28265762 0.196929 -0.955175 0.221043
574.72314453 359.86560059 -53.49183273 0.181606 -0.416967 0.890594
574.90270996 359.73660278 -53.63291931 0.308500 -0.641228 0.702605
574.91070557 359.63378906 -56.28878021 -0.148041 -0.057118 0.987330
575.14855957 359.73391724 -56.25956345 0.332378 -0.718260 0.611251
570.49597168 363.04632568 -53.42430878 0.006896 -0.002956 0.999972
570.70861816 362.89962769 -53.42589569 0.002956 -0.004926 0.999984
570.72650146 363.15039063 -53.42581558 0.002950 -0.002950 0.999991
570.51409912 363.29696655 -53.42314529 0.006896 -0.002956 0.999972
570.93945313 363.00350952 -53.42624283 0.000981 -0.004907 0.999987
575.13403320 359.84024048 -53.63123703 0.177180 -0.495806 0.850167
575.35833740 359.94763184 -53.65910339 0.365810 -0.638117 0.677487
575.18359375 360.07403564 -53.49783707 0.063117 -0.307858 0.949336
570.74456787 363.40106201 -53.42516708 0.002950 -0.002950 0.999991
570.95739746 363.25427246 -53.42617035 -0.000979 -0.000979 0.999999
575.41491699 360.17767334 -53.49625778 -0.032371 -0.657262 0.752966
575.21173096 360.31930542 -53.45457458 0.114341 -0.163520 0.979891
575.58917236 360.05154419 -53.65949249 0.465868 -0.696298 0.546018
575.59143066 359.95181274 -56.33964157 0.184827 -0.334382 0.924136
575.44171143 360.42373657 -53.45877075 0.083846 -0.102223 0.991222
575.23046875 360.56970215 -53.45121002 0.019435 -0.029664 0.999371
575.64477539 360.28216553 -53.50072861 0.236840 -0.264868 0.934747
575.81457520 360.15838623 -53.68283844 0.189279 -0.348672 0.917933
575.82763672 360.05288696 -56.31750870 0.334910 -0.739390 0.584070
575.46105957 360.67373657 -53.45267487 0.000991 -0.014865 0.999889
575.67193604 360.52798462 -53.46177673 0.064634 -0.153947 0.985963
575.87121582 360.38839722 -53.51957703 0.189327 -0.229609 0.954691
575.69219971 360.77746582 -53.45170975 0.000978 -0.000978 0.999999
575.90136719 360.63262939 -53.46813965 0.112124 -0.246158 0.962722
576.09020996 360.49865723 -53.57001114 0.350801 -0.429456 0.832169
575.92327881 360.88119507 -53.45090866 -0.007201 -0.046293 0.998902
576.12866211 360.73840332 -53.48326492 0.228409 -0.299343 0.926403
576.31060791 360.60815430 -53.61434555 0.334208 -0.434627 0.836304
576.15362549 360.98544312 -53.45351028 0.038255 -0.084161 0.995718
576.35418701 360.84518433 -53.50608063 0.274820 -0.376938 0.884529
576.56176758 360.70123291 -53.52928162 0.503775 -0.831459 -0.234279
576.38153076 361.09091187 -53.46644974 0.111360 -0.231679 0.966397
576.57171631 360.95623779 -53.56260681 0.311914 -0.508246 0.802743
576.60949707 361.19635010 -53.47891617 0.135051 -0.495186 0.858226
576.78857422 361.06759644 -53.62174606 0.543165 -0.380052 0.748687
576.83148193 361.30499268 -53.51657486 0.234365 -0.291181 0.927517
576.65209961 361.69427490 -53.45005417 -0.023109 -0.005024 0.999720
576.86199951 361.54907227 -53.46347809 0.092508 -0.152579 0.983952
576.88281250 361.79824829 -53.45106125 -0.006992 -0.014983 0.999863
576.67022705 361.94491577 -53.44897461 -0.008937 0.008937 0.999920
577.08410645 361.65762329 -53.50040817 0.364072 -0.345638 0.864862
576.90155029 362.04855347 -53.44735336 -0.006924 -0.006924 0.999952
577.11389160 361.90200806 -53.45041275 0.186733 -0.184121 0.965003
577.13220215 362.15255737 -53.44842529 0.120462 -0.041655 0.991844
576.91918945 362.29946899 -53.44834518 -0.005004 0.019015 0.999807
577.33367920 362.01181030 -53.49715805 0.370322 -0.141141 0.918118
577.14953613 362.40368652 -53.45086288 0.036089 0.019591 0.999156
577.35784912 362.25930786 -53.47095108 0.230650 -0.139432 0.962995
577.54626465 362.12554932 -53.57458115 0.594022 -0.343394 0.727474
577.57958984 362.36804199 -53.50950623 0.285113 -0.106425 0.952567
577.62426758 362.86483765 -53.47201157 0.146458 -0.026113 0.988872
577.84600830 362.97366333 -53.51079559 0.368922 -0.239579 0.898053
577.64739990 363.11285400 -53.44988251 0.034234 -0.028010 0.999021
576.87359619 367.85711670 -53.42715073 -0.006924 -0.006924 0.999952
577.08660889 367.71023560 -53.42734146 0.016980 0.006992 0.999831
577.10430908 367.96118164 -53.42838669 0.000983 -0.006883 0.999976
576.89166260 368.10787964 -53.42665863 -0.014983 0.006992 0.999863
577.31622314 367.81488037 -53.43319321 0.098739 0.016276 0.994980
577.12139893 368.21237183 -53.43158722 0.135748 0.160655 0.977631
577.32476807 368.07064819 -53.47244263 0.302875 0.248329 0.920108
575.84570313 369.09252930 -53.42041016 0.006910 -0.004936 0.999964
576.05853271 368.94570923 -53.42131042 0.000978 -0.000978 0.999999
576.07604980 369.19668579 -53.42301178 0.065318 0.071960 0.995266
575.86273193 369.34375000 -53.42409515 -0.001001 0.025017 0.999686
576.27136230 368.79888916 -53.42229843 0.002950 -0.002950 0.999991
576.28887939 369.04989624 -53.42397308 0.054981 0.050669 0.997201
576.50097656 368.90344238 -53.42790222 0.054200 0.035070 0.997914
576.08648682 369.45144653 -53.45419312 0.735772 0.166044 0.656558
576.29058838 369.30929565 -53.49181366 0.270213 0.344042 0.899233
576.49969482 369.16448975 -53.50850296 0.220541 0.412959 0.883644
567.97924805 361.48812866 -53.53702927 -0.372990 -0.114237 0.920776
568.22235107 361.37133789 -53.47773743 -0.341651 -0.290926 0.893665
568.21765137 361.62063599 -53.44838333 -0.188179 -0.092245 0.977793
567.98852539 361.73648071 -53.45078278 0.226133 0.116260 0.967134
568.45739746 361.25506592 -53.45122910 -0.207430 -0.231834 0.950382
568.45184326 361.50445557 -53.42538071 -0.060314 -0.026454 0.997829
568.69030762 361.13897705 -53.43343735 -0.134175 -0.073505 0.988228
568.68060303 361.38861084 -53.42453766 -0.019398 -0.025523 0.999486
568.21221924 361.87005615 -53.42232513 -0.042883 -0.089064 0.995102
568.44110107 361.75421143 -53.42094421 -0.000983 0.006883 0.999976
569.59466553 360.92541504 -53.42538834 0.004916 0.000983 0.999987
569.82263184 360.80963135 -53.42795563 0.008972 -0.010966 0.999900
569.81115723 361.05947876 -53.42654419 0.006896 0.000985 0.999976
569.58270264 361.17526245 -53.42610931 0.002944 0.002944 0.999991
570.05078125 360.69387817 -53.42967606 0.006937 -0.008919 0.999936
570.03936768 360.94369507 -53.42796326 0.000981 -0.002944 0.999995
570.26751709 360.82791138 -53.42974472 0.002961 -0.006910 0.999972
569.79931641 361.30926514 -53.42661667 -0.000981 -0.002944 0.999995
569.57086182 361.42507935 -53.42593765 0.002944 -0.002944 0.999991
570.02722168 361.19351196 -53.42918396 0.006896 0.000985 0.999976
570.25567627 361.07772827 -53.42977142 0.002944 0.002944 0.999991
570.49572754 360.71212769 -53.43114853 -0.000991 -0.012883 0.999917
570.48419189 360.96191406 -53.42980957 0.000979 0.000979 0.999999
570.72412109 360.59634399 -53.43176651 -0.002950 -0.004916 0.999984
570.71246338 360.84613037 -53.43106842 0.004907 -0.000981 0.999987
570.94061279 360.73034668 -53.43275833 0.002944 -0.000981 0.999995
569.78741455 361.55908203 -53.42665100 0.006896 -0.000985 0.999976
569.55932617 361.67486572 -53.42491913 -0.002938 0.000979 0.999995
570.01550293 361.44329834 -53.42867661 0.014894 -0.000993 0.999889
570.24365234 361.32751465 -53.43042755 0.004916 0.000983 0.999987
570.47216797 361.21173096 -53.43059540 0.002950 0.002950 0.999991
570.70056152 361.09591675 -53.43140411 0.006896 0.002956 0.999972
570.92864990 360.98016357 -53.43317795 0.014894 0.000993 0.999889
571.15692139 360.86437988 -53.43440628 0.008884 0.002961 0.999956
567.25500488 362.83419800 -53.50111771 -0.362077 -0.219573 0.905919
567.50054932 362.71722412 -53.43173218 -0.216185 -0.032249 0.975820
567.49023438 362.96691895 -53.42540741 -0.095954 -0.095954 0.990750
567.26092529 363.08279419 -53.42835236 -0.379863 -0.043375 0.924025
569.33056641 361.79067993 -53.42568207 -0.002938 -0.000979 0.999995
569.54754639 361.92465210 -53.42444992 -0.004907 0.000981 0.999987
569.31903076 362.04046631 -53.42430878 -0.021482 0.025574 0.999442
569.77593994 361.80886841 -53.42535782 0.004926 -0.004926 0.999976
570.00378418 361.69308472 -53.42810440 0.010880 -0.002967 0.999936
570.23175049 361.57733154 -53.43069458 0.006896 -0.000985 0.999976
570.46008301 361.46154785 -53.43169022 0.002950 0.002950 0.999991
570.68853760 361.34573364 -53.43207932 0.002944 0.000981 0.999995
570.91693115 361.22994995 -53.43267441 0.004907 -0.000981 0.999987
571.14514160 361.11416626 -53.43421936 0.006896 -0.002956 0.999972
569.53570557 362.17449951 -53.42456436 -0.008919 0.006937 0.999936
569.30712891 362.29031372 -53.42479324 -0.015222 0.025370 0.999562
569.76422119 362.05871582 -53.42492676 0.002938 0.000979 0.999995
569.99230957 361.94293213 -53.42686081 0.010880 -0.002967 0.999936
570.22009277 361.82717896 -53.42996216 0.008902 -0.002967 0.999956
570.44818115 361.71139526 -53.43186951 0.004907 -0.000981 0.999987
570.67663574 361.59561157 -53.43238449 0.002938 0.000979 0.999995
570.90515137 361.47979736 -53.43253708 0.000978 0.000978 0.999999
571.13372803 361.36398315 -53.43254089 0.006910 -0.004936 0.999964
569.52368164 362.42431641 -53.42529678 -0.000979 0.000979 0.999999
569.75231934 362.30850220 -53.42496109 -0.000983 0.004916 0.999987
569.98046875 362.19271851 -53.42668152 0.008867 0.000985 0.999960
570.20849609 362.07696533 -53.42893982 0.008884 -0.000987 0.999960
570.43658447 361.96118164 -53.43090439 0.004926 -0.002956 0.999984
570.66491699 361.84539795 -53.43180466 0.002950 -0.004916 0.999984
570.89337158 361.72958374 -53.43226624 0.002938 -0.000979 0.999995
571.12207031 361.61376953 -53.43173599 -0.002961 0.008884 0.999956
569.74041748 362.55831909 -53.42541885 -0.002961 -0.008884 0.999956
569.96875000 362.44253540 -53.42622757 0.004916 -0.000983 0.999987
570.19665527 362.32675171 -53.42900467 0.006910 -0.002961 0.999972
570.42504883 362.21096802 -53.42975616 0.000981 -0.004907 0.999987
570.65350342 362.09518433 -53.43025589 -0.000983 -0.006883 0.999976
570.88189697 361.97937012 -53.43096924 0.000987 -0.008884 0.999960
571.11041260 361.86355591 -53.43102264 0.002950 -0.002950 0.999991
569.95751953 362.69229126 -53.42379379 0.008919 -0.006937 0.999936
570.18530273 362.57653809 -53.42689514 0.002956 -0.004926 0.999984
570.41351318 362.46075439 -53.42832184 -0.002950 -0.004916 0.999984
570.64208984 362.34494019 -53.42850494 -0.002961 -0.006910 0.999972
575.41186523 360.16403198 -53.50314331 0.058616 -0.627623 0.776308
575.60095215 360.05093384 -53.66454697 0.227164 -0.653291 0.722224
575.62988281 360.29800415 -53.49806595 0.186382 -0.257125 0.948234
575.84429932 360.43215942 -53.50752258 0.279629 -0.191470 0.940822
576.03942871 360.31863403 -53.64430237 0.341911 -0.445903 0.827205
576.05712891 360.56640625 -53.52325821 0.320267 -0.353660 0.878837
575.84423828 360.68115234 -53.45914078 0.069330 -0.103427 0.992218
576.24920654 360.45309448 -53.67264938 0.415654 -0.399729 0.816975
576.06011963 360.81518555 -53.46261215 0.113838 -0.160352 0.980473
576.26770020 360.70083618 -53.54841614 0.318759 -0.430713 0.844322
576.49023438 360.58544922 -53.57311630 0.120715 -0.701936 0.701936
576.27502441 360.94937134 -53.47031784 0.207825 -0.148446 0.966836
576.47778320 360.83532715 -53.57587051 0.452293 -0.400786 0.796744
576.48773193 361.08364868 -53.48657608 0.248645 -0.231976 0.940406
576.69006348 360.96963501 -53.59400940 0.423074 -0.478613 0.769375
576.70227051 361.21777344 -53.49549103 0.361806 -0.695781 0.620472
576.48352051 361.33291626 -53.45546722 0.055770 -0.066706 0.996213
576.88922119 361.10482788 -53.66573334 0.132692 -0.381314 0.914873
576.69940186 361.46697998 -53.45895767 0.088265 -0.095142 0.991543
576.91436768 361.35211182 -53.51454163 0.003979 -0.476151 0.879354
576.91387939 361.60116577 -53.46819687 0.205790 -0.171710 0.963414
576.69024658 361.71664429 -53.44790268 -0.012883 0.002973 0.999913
577.11602783 361.48718262 -53.57614136 0.420229 -0.382171 0.823015
576.90673828 361.85064697 -53.44900131 -0.000979 -0.000979 0.999999
576.67822266 361.96646118 -53.44882202 -0.004936 0.006910 0.999964
577.12554932 361.73550415 -53.48877716 0.401035 -0.276941 0.873198
577.34680176 361.62020874 -53.51863480 -0.277171 0.430304 0.859078
576.89501953 362.10046387 -53.44851303 -0.004936 -0.004936 0.999976
577.12322998 361.98468018 -53.44987106 0.188776 -0.063727 0.979950
577.33123779 361.87026978 -53.53396988 0.431846 -0.319597 0.843425
577.11224365 362.23440552 -53.44643021 0.025523 0.019398 0.999486
577.32971191 362.11935425 -53.49178314 0.288182 -0.150180 0.945726
577.52563477 362.00579834 -53.62537003 -0.337877 -0.869918 0.359281
577.32653809 362.36862183 -53.45640182 0.023201 0.011096 0.999669
577.53881836 362.25393677 -53.52303696 0.473257 -0.252710 0.843899
577.75225830 362.13916016 -53.58477402 -0.794749 0.237958 0.558346
577.53759766 362.50302124 -53.47961426 0.277876 -0.049037 0.959364
577.73645020 362.38922119 -53.60109711 0.424414 0.677398 0.600837
577.74072266 362.63793945 -53.53522110 0.380489 -0.241322 0.892744
577.52941895 362.75256348 -53.46463394 0.128794 -0.049010 0.990460
577.74316406 362.88674927 -53.47675323 0.353582 -0.140046 0.924860
577.93835449 362.77322388 -53.61336136 0.625087 -0.199102 0.754735
577.73681641 363.13623047 -53.45427322 0.245058 -0.008368 0.969472
577.93695068 363.27136230 -53.52217865 0.298749 -0.190365 0.935153
577.72601318 363.38595581 -53.45006180 0.192055 -0.017460 0.981229
577.93774414 363.52029419 -53.47055817 0.238278 0.015566 0.971072
577.93017578 363.76980591 -53.45292282 0.160024 -0.031084 0.986624
578.13165283 363.90490723 -53.51543808 0.466466 -0.070593 0.881718
577.91894531 364.01962280 -53.45056152 0.155160 0.001116 0.987889
574.23120117 359.33581543 -56.32983017 0.214695 -0.832895 0.510091
574.47277832 359.50958252 -56.21052933 0.148530 -0.394665 0.906740
569.08374023 362.07662964 -53.42604828 0.002938 -0.000979 0.999995
569.33496094 361.99945068 -53.42396164 -0.021482 0.025574 0.999442
569.28399658 362.24432373 -53.42472839 -0.000981 0.004907 0.999987
569.03302002 362.32150269 -53.42625809 -0.000979 0.002938 0.999995
569.53485107 362.16708374 -53.42367935 -0.000981 0.002944 0.999995
569.23309326 362.48910522 -53.42533112 -0.002944 -0.000981 0.999995
569.48333740 362.41180420 -53.42604828 -0.002938 -0.000979 0.999995
577.83233643 362.35269165 -56.31647491 0.395970 -0.286737 -0.872347
578.01794434 362.51812744 -56.35702133 0.404123 -0.366383 0.838122
577.77465820 363.05490112 -53.47340012 0.331884 -0.072149 0.940557
577.95568848 363.21966553 -53.52702332 0.375499 -0.178469 0.909478
577.73284912 363.30108643 -53.44802094 -0.099610 -0.001071 0.995026
577.92346191 363.46731567 -53.47436523 0.300306 -0.081902 0.950320
578.10638428 363.63235474 -53.52259064 0.404901 -0.089215 0.909998
577.88092041 363.71337891 -53.45102692 0.063735 -0.088335 0.994050
578.06695557 363.87887573 -53.49037933 0.301050 -0.082105 0.950067
578.32727051 363.34463501 -56.32523346 0.781963 -0.427560 0.453571
578.24096680 364.04257202 -53.56406784 -0.465504 0.064922 -0.882662
578.02478027 364.12496948 -53.46609497 0.046577 -0.013456 0.998824
578.20568848 364.28976440 -53.51998520 0.388034 -0.248282 0.887573
577.57922363 366.33023071 -53.43574142 -0.002956 -0.006896 0.999972
577.82855225 366.25277710 -53.43903351 0.070423 0.007358 0.997490
577.77801514 366.49768066 -53.43860626 0.068757 0.015867 0.997507
577.52917480 366.57522583 -53.43400574 0.006883 0.000983 0.999976
578.01873779 366.41894531 -53.46664047 0.345934 0.100954 0.932812
577.72741699 366.74252319 -53.43841553 0.050151 0.045883 0.997687
577.47875977 366.82009888 -53.43313599 0.004984 -0.016947 0.999844
577.95947266 366.66250610 -53.49107742 0.368856 0.111068 0.922827
577.67694092 366.98739624 -53.43783569 0.057715 0.062071 0.996402
577.42895508 367.06506348 -53.43068695 -0.001001 -0.025017 0.999686
577.90814209 366.90725708 -53.49290085 0.377064 0.184948 0.907534
577.62701416 367.23236084 -53.43566132 0.083307 -0.001055 0.996523
577.85308838 367.15142822 -53.50540924 0.407139 0.121722 0.905219
577.07818604 367.63226318 -53.42752838 0.016980 0.004994 0.999843
577.32800293 367.55487061 -53.42949677 0.027785 0.027785 0.999228
577.27709961 367.79968262 -53.43008041 0.088420 0.007457 0.996055
577.02789307 367.87713623 -53.42650223 0.033281 -0.001009 0.999445
577.52166748 367.72149658 -53.44704056 0.393839 0.118291 0.911536
577.22668457 368.04455566 -53.42931366 0.171300 0.232384 0.957421
577.45513916 367.96398926 -53.49220276 0.466666 0.318967 0.824914
575.97851563 368.96524048 -53.42025375 0.002985 0.014924 0.999884
576.21820068 368.88607788 -53.42096710 0.018940 0.002990 0.999816
576.17584229 369.13540649 -53.42316437 0.024050 0.047055 0.998603
575.93688965 369.21527100 -53.41918182 0.013616 0.059699 0.998124
576.45727539 368.80630493 -53.42443848 0.043880 -0.001020 0.999036
576.41326904 369.05413818 -53.43399048 0.149562 0.190467 0.970234
576.65295410 368.97491455 -53.43487930 0.640632 0.666982 0.380427
576.12780762 369.37954712 -53.45040894 0.282937 0.285839 0.915556
575.89324951 369.46347046 -53.42690659 -0.029555 0.095233 0.995016
576.35980225 369.29321289 -53.48543549 0.323332 0.350656 0.878918
576.58782959 369.20321655 -53.53805923 0.096403 0.445689 0.889982
576.07037354 369.61492920 -53.51959610 0.179060 0.426542 0.886566
575.83624268 369.69927979 -53.49408340 0.205460 0.318817 0.925279
576.29998779 369.52639771 -53.56520081 0.314455 0.314455 0.895676
576.01092529 369.84848022 -53.59778976 0.327968 0.418120 0.847120
575.77502441 369.93118286 -53.58019638 0.288366 0.410426 0.865099
575.79797363 360.03280640 -56.35546494 0.003643 -0.278086 0.960549
576.45300293 360.41397095 -56.35035706 0.113698 -0.760449 0.639367
576.64624023 360.62069702 -56.35572815 0.501672 -0.801082 0.326485
577.46240234 361.78567505 -56.12335205 0.411208 0.851898 -0.324311
577.59008789 361.93774414 -56.28084183 0.810440 -0.546932 0.209887
576.70971680 368.01208496 -53.42779541 0.000987 0.010858 0.999941
576.97247314 367.97491455 -53.42542648 0.010966 0.008972 0.999900
576.90521240 368.22073364 -53.42787170 0.025624 0.025624 0.999343
576.64379883 368.25906372 -53.42704773 -0.036309 -0.025935 0.999004
577.16534424 368.18130493 -53.43170547 0.276815 0.128474 0.952296
576.83850098 368.46701050 -53.42915726 0.055214 0.107047 0.992720
577.08001709 368.41210938 -53.47605133 0.334278 0.069477 0.939910
574.24786377 360.46160889 -53.44837189 0.004945 0.008902 0.999948
574.50714111 360.41815186 -53.44917297 0.004916 0.002950 0.999984
574.44750977 360.66833496 -53.44871902 0.004916 -0.002950 0.999984
574.18829346 360.71188354 -53.44765472 0.004916 -0.002950 0.999984
574.76660156 360.37481689 -53.44963074 0.008972 0.010966 0.999900
574.70642090 360.62454224 -53.45037079 0.004907 0.000981 0.999987
575.02545166 360.33096313 -53.45143890 0.015282 -0.029545 0.999447
574.96557617 360.58099365 -53.45143509 0.000985 0.006896 0.999976
575.22540283 360.53796387 -53.45104599 0.019435 -0.029664 0.999371
574.38824463 360.91882324 -53.44732666 0.000985 -0.006896 0.999976
574.12939453 360.96267700 -53.44549179 0.002961 -0.006910 0.999972
574.64715576 360.87506104 -53.44889832 0.004936 -0.004936 0.999976
574.90582275 360.83105469 -53.45118332 0.006910 -0.004936 0.999964
575.16455078 360.78710938 -53.45328522 -0.000983 0.004916 0.999987
575.48291016 360.49295044 -53.45598221 0.065451 -0.074326 0.995084
575.42468262 360.74435425 -53.45217896 0.010987 -0.012985 0.999855
575.68432617 360.70126343 -53.45204926 0.002961 -0.008884 0.999956
574.32904053 361.16943359 -53.44570923 0.004907 0.000981 0.999987
574.58807373 361.12573242 -53.44712067 0.004916 -0.002950 0.999984
574.84698486 361.08193970 -53.44887543 0.006951 -0.008937 0.999936
575.10552979 361.03781128 -53.45142746 0.004936 -0.006910 0.999964
575.36492920 360.99447632 -53.45185852 -0.002956 -0.004926 0.999984
575.62506104 360.95172119 -53.45080185 0.006896 0.000985 0.999976
575.88476563 360.90866089 -53.45059967 -0.004926 0.002956 0.999984
574.52838135 361.37585449 -53.44678879 0.004907 0.000981 0.999987
574.78771973 361.33245850 -53.44740295 0.002944 -0.002944 0.999991
575.04663086 361.28863525 -53.44918442 0.006924 -0.006924 0.999952
575.30584717 361.24511719 -53.45014572 0.002956 -0.006896 0.999972
575.56542969 361.20190430 -53.45026016 0.006883 -0.000983 0.999976
575.82446289 361.15826416 -53.45156479 0.000981 0.004907 0.999987
574.72784424 361.58242798 -53.44745636 -0.000981 -0.002944 0.999995
574.98742676 361.53921509 -53.44764709 0.002956 -0.006896 0.999972
575.24670410 361.49575806 -53.44842148 0.002950 -0.004916 0.999984
575.50579834 361.45211792 -53.44969940 0.004936 -0.004936 0.999976
575.76470947 361.40832520 -53.45135117 0.006937 -0.006937 0.999952
576.68774414 360.67965698 -56.33661270 0.568891 -0.633039 0.525000
574.94244385 359.74523926 -53.64260483 0.261148 -0.628338 0.732798
575.22363281 359.81265259 -53.64398575 0.307400 -0.450958 0.837939
575.11297607 360.01394653 -53.50826645 -0.021440 0.023481 0.999494
575.37408447 360.07525635 -53.54527664 0.235267 -0.587388 0.774355
575.62902832 360.13464355 -53.59322357 0.272391 -0.696111 0.664253
575.86041260 360.18682861 -53.68305969 0.229857 -0.617644 0.752118
575.77667236 360.39636230 -53.49961853 0.216004 -0.363872 0.906057
576.12646484 360.24963379 -53.71131134 0.254706 -0.354822 0.899570
576.02160645 360.45269775 -53.56528854 0.341972 -0.439679 0.830504
576.25665283 360.50601196 -53.64857483 0.368274 -0.447987 0.814667
576.39349365 360.76440430 -53.57418823 0.406115 -0.402930 0.820194
576.62048340 360.81527710 -53.67175674 -0.039324 0.049952 0.997977
576.51843262 361.01919556 -53.52081299 0.263321 -0.342759 0.901764
576.75537109 361.07308960 -53.60068130 0.459150 -0.397930 0.794250
577.04174805 361.14212036 -53.59286118 -0.764521 0.295274 0.572992
576.89361572 361.33193970 -53.52369308 -0.013748 -0.316198 0.948594
577.10772705 361.37884521 -53.64416122 0.266720 -0.396313 0.878519
577.00286865 361.58190918 -53.49821472 0.327156 -0.248638 0.911673
577.23040771 361.63290405 -53.59488678 -0.031582 0.314554 0.948714
577.51251221 361.70062256 -53.59463882 -0.771563 -0.104345 0.627538
577.35662842 361.88806152 -53.53924942 0.492878 -0.307065 0.814115
577.62133789 361.95046997 -53.56984329 -0.316686 -0.927537 0.198456
577.45440674 362.13452148 -53.53409576 0.361422 -0.189996 0.912839
577.21051025 362.07849121 -53.46653366 0.223618 -0.067950 0.972305
577.66638184 362.18078613 -53.65832520 -0.126435 -0.210725 0.969334
577.30950928 362.32531738 -53.45927811 0.095434 -0.031811 0.994927
577.03503418 362.25994873 -53.44593048 0.007006 0.017014 0.999831
577.56439209 362.38470459 -53.50730515 0.298369 -0.127108 0.945949
577.75628662 362.42483521 -53.66716003 0.667240 0.449843 0.593660
577.12646484 362.50448608 -53.45206070 0.014983 0.006992 0.999863
576.84509277 362.43698120 -53.45104599 -0.000989 0.010880 0.999940
577.40454102 362.57095337 -53.45901489 -0.025778 -0.031965 0.999156
577.66265869 362.63131714 -53.50130844 0.200097 0.034336 0.979174
578.00048828 362.48095703 -53.73417282 0.786726 0.023671 0.616849
577.88916016 362.68200684 -53.59976959 0.598903 -0.375750 0.707197
578.10595703 362.72976685 -53.71540070 -0.228554 0.470731 0.852159
576.93927002 362.68234253 -53.45228195 0.006910 0.002961 0.999972
576.65771484 362.61480713 -53.45156097 0.006937 -0.006937 0.999952
577.21978760 362.74954224 -53.45492554 0.020974 0.002996 0.999776
577.49914551 362.81643677 -53.45951462 0.092408 -0.054554 0.994226
577.76013184 362.87768555 -53.49670792 0.339631 -0.089236 0.936316
577.97467041 362.92471313 -53.61643982 -0.296937 0.491753 0.818540
576.75347900 362.86062622 -53.45003510 0.012960 -0.008972 0.999876
577.03417969 362.92791748 -53.45225906 0.008955 -0.008955 0.999920
577.31628418 362.99563599 -53.45200729 0.002985 -0.016913 0.999852
577.59948730 363.06365967 -53.44981384 0.121013 -0.095166 0.988079
577.84552002 363.12036133 -53.51353836 0.386323 -0.224743 0.894564
578.06939697 363.17022705 -53.61672974 0.522582 -0.142790 0.840547
576.84887695 363.10635376 -53.44916916 0.006937 -0.006937 0.999952
577.12988281 363.17373657 -53.45084000 0.002961 -0.008884 0.999956
577.41247559 363.24160767 -53.44969559 -0.004945 -0.006924 0.999964
577.69738770 363.31018066 -53.44442368 -0.247821 0.090232 0.964595
577.94958496 363.36871338 -53.49734116 0.356922 -0.170702 0.918405
578.30206299 363.22283936 -53.70420074 0.553364 0.189508 0.811095
578.16949463 363.41741943 -53.60747528 0.489786 -0.180134 0.853031
578.38116455 363.46356201 -53.73225784 0.571106 -0.323359 0.754504
576.94445801 363.35214233 -53.44788361 0.004945 -0.008902 0.999948
577.22576904 363.41961670 -53.44907761 0.004945 -0.006924 0.999964
577.50878906 363.48760986 -53.44717407 0.000979 -0.000979 0.999999
577.78942871 363.55487061 -53.44947433 0.124110 -0.075394 0.989400
578.03784180 363.61227417 -53.50901794 0.313985 -0.390567 0.865373
578.25848389 363.66116333 -53.61794281 0.178331 -0.416107 0.891657
577.04016113 363.59796143 -53.44651413 0.006910 -0.004936 0.999964
577.32104492 363.66528320 -53.44842148 0.000979 -0.000979 0.999999
577.60321045 363.73303223 -53.44796371 0.002938 -0.000979 0.999995
577.88336182 363.80014038 -53.45118332 0.081634 0.038096 0.995934
578.12713623 363.85614014 -53.51903534 0.468984 -0.047856 0.881909
578.31939697 363.89636230 -53.67818451 0.053955 0.499434 0.864670
577.13507080 363.84353638 -53.44646454 0.006924 -0.004945 0.999964
577.41619873 363.91094971 -53.44792175 0.002973 -0.010901 0.999936
577.69921875 363.97894287 -53.44599152 0.006924 -0.006924 0.999952
577.97277832 364.04403687 -53.46094131 0.216021 -0.017707 0.976228
578.20898438 364.09771729 -53.54212570 -0.458187 0.039196 -0.887991
578.45141602 364.15328979 -53.61226654 -0.471362 -0.100501 0.876195
577.23077393 364.08935547 -53.44501877 0.004945 -0.008902 0.999948
577.51232910 364.15692139 -53.44571686 0.002961 -0.008884 0.999956
577.79541016 364.22491455 -53.44367981 0.040374 -0.019669 0.998991
578.06060791 364.28747559 -53.47343063 0.229167 0.025196 0.973061
578.28875732 364.33865356 -53.56897354 0.333512 -0.184346 0.924546
578.50268555 364.38552856 -53.68972778 0.881447 0.234158 0.410149
578.37011719 365.24832153 -53.59785843 0.583439 0.177305 0.792567
578.50244141 365.27020264 -53.86347198 0.740999 -0.095376 0.664698
578.42498779 365.48162842 -53.66890717 0.771670 -0.012469 0.635901
578.16839600 365.42175293 -53.62380219 0.480198 0.106869 0.870626
578.30206299 365.67916870 -53.55504227 0.649546 0.230080 0.724674
576.78906250 368.21728516 -53.42536545 0.006896 -0.002956 0.999972
577.06311035 368.28253174 -53.43942261 0.201087 0.139608 0.969574
576.88073730 368.46185303 -53.43107224 0.026827 0.074043 0.996894
576.60290527 368.39544678 -53.42380142 -0.062041 -0.017876 0.997913
577.13201904 368.52014160 -53.48554230 0.381053 0.228043 0.895989
576.69506836 368.64019775 -53.42858887 0.051385 0.073251 0.995989
576.41558838 368.57327271 -53.42420959 -0.015072 -0.015072 0.999773
576.94714355 368.69873047 -53.48161316 -0.154496 -0.580485 0.799480
577.15362549 368.74328613 -53.61562347 0.376423 0.462921 0.802502
576.50921631 368.81848145 -53.42642212 0.057020 0.005184 0.998360
576.76092529 368.87689209 -53.48010254 0.306278 0.288693 0.907111
576.94921875 368.91589355 -53.64637375 0.425904 0.185875 0.885470
576.58215332 369.05731201 -53.46544266 0.443125 0.620374 0.647129
576.32312012 368.99667358 -53.42475128 0.013667 0.066234 0.997711
576.83294678 369.11544800 -53.52072906 -0.114598 0.238210 0.964429
576.38012695 369.23065186 -53.49196243 0.287922 0.296691 0.910536
576.13641357 369.17468262 -53.42405701 0.052124 0.087613 0.994790
576.61297607 369.28329468 -53.57911682 0.209181 0.532878 0.819930
576.19628906 369.40954590 -53.48621750 0.292558 0.386540 0.874641
575.94903564 369.35250854 -53.42462158 0.053426 0.021999 0.998329
576.42285156 369.46026611 -53.58462524 0.463819 0.283876 0.839218
575.99993896 369.58459473 -53.50276947 0.262413 0.363227 0.893983
575.76055908 369.52996826 -53.42710876 0.162615 0.155052 0.974431
576.23803711 369.63885498 -53.58061600 0.211150 0.781408 0.587212
575.80645752 369.76055908 -53.51411819 0.239735 0.403530 0.883001
576.04315186 369.81439209 -53.59443283 0.107915 -0.036713 0.993482
578.14239502 366.09609985 -53.51326752 0.489710 0.068364 0.869201
578.27410889 366.28845215 -53.61014938 0.630686 0.175615 0.755907
578.06256104 366.33258057 -53.48412323 0.449818 -0.014596 0.893001
577.80932617 366.38192749 -53.43642807 0.063742 0.009405 0.997922
577.97497559 366.57000732 -53.46943283 0.300763 0.109971 0.947337
577.71429443 366.62030029 -53.43579483 0.021016 0.003002 0.999775
578.19287109 366.52508545 -53.58348846 0.619264 0.212630 0.755844
577.88543701 366.80773926 -53.45846939 0.309025 0.076930 0.947937
577.61999512 366.85861206 -53.43385696 0.020974 0.002996 0.999776
578.10260010 366.76287842 -53.57393646 0.731056 0.182381 0.657491
577.34228516 366.91101074 -53.43225479 0.012960 -0.008972 0.999876
577.52581787 367.09686279 -53.43151093 0.056554 -0.037347 0.997701
577.24829102 367.14923096 -53.42963028 0.006896 -0.000985 0.999976
577.79010010 367.04614258 -53.45838547 0.330275 0.114585 0.936904
578.00488281 367.00158691 -53.57836151 0.493814 0.170536 0.852681
577.43255615 367.33502197 -53.42765045 0.020974 -0.000999 0.999780
577.70190430 367.28366089 -53.44497299 0.316468 0.058127 0.946821
577.92510986 367.23806763 -53.54898453 0.438514 0.081616 0.895011
577.60595703 367.52215576 -53.44600677 0.292096 0.124041 0.948311
577.33648682 367.57351685 -53.42892456 0.036380 0.030143 0.998883
577.82751465 367.47674561 -53.55321884 0.498539 0.074430 0.863666
577.05810547 367.62600708 -53.42856216 0.016980 0.004994 0.999843
577.24176025 367.81188965 -53.42774200 0.109478 -0.005420 0.993974
576.96405029 367.86428833 -53.42610168 0.008990 -0.012985 0.999875
577.50689697 367.76104736 -53.45296097 0.406718 0.140297 0.902716
577.72406006 367.71618652 -53.56840134 0.658880 0.304470 0.687877
577.14660645 368.05026245 -53.42736053 -0.006964 0.012934 0.999892
576.86920166 368.10263062 -53.42517090 -0.000979 0.000979 0.999999
577.39953613 368.00094604 -53.47555161 0.263022 0.074968 0.961873
577.62091064 367.95556641 -53.58312607 0.445223 0.285005 0.848851
577.04486084 368.28948975 -53.43931961 0.198851 0.106304 0.974247
576.77392578 368.34106445 -53.42500687 0.080282 0.020338 0.996565
577.29156494 368.24096680 -53.49926376 -0.054341 -0.206497 0.976937
577.51892090 368.19485474 -53.59556580 0.537791 0.311184 0.783547
576.94024658 368.52905273 -53.45668030 0.096200 0.208643 0.973249
576.67834473 368.57946777 -53.42532730 0.062426 0.024335 0.997753
577.19329834 368.47973633 -53.50472260 0.386291 0.114918 0.915190
577.40563965 368.43548584 -53.62928391 0.563613 0.355709 0.745528
576.83343506 368.76892090 -53.47826385 0.240289 0.262772 0.934458
576.57897949 368.81842041 -53.43285751 0.074451 0.001049 0.997224
577.06719971 368.72198486 -53.56251526 0.406497 0.432204 0.804960
577.29718018 368.67553711 -53.65388489 0.440522 0.389262 0.808959
576.71905518 369.00970459 -53.51397324 0.662715 0.287230 0.691598
576.47308350 369.05813599 -53.45266724 0.177906 0.293752 0.939180
576.91943359 368.96694946 -53.66099548 0.703931 0.608761 0.365913
576.21014404 369.10870361 -53.42338943 0.035489 0.069903 0.996922
576.35192871 369.29980469 -53.50124741 0.567978 0.415634 0.710387
576.10156250 369.34878540 -53.44822693 0.181524 0.126441 0.975224
576.59619141 369.25155640 -53.56568909 0.183279 0.487253 0.853811
576.88598633 369.19763184 -53.54457092 0.942141 0.069256 0.327985
575.83721924 369.39950562 -53.42143631 -0.032158 0.032158 0.998965
575.98181152 369.59024048 -53.49406433 0.241411 0.386554 0.890111
575.72521973 369.64001465 -53.45278549 0.219455 0.278162 0.935129
576.23199463 369.54125977 -53.54743576 0.300938 0.315763 0.899850
576.46905518 369.49392700 -53.62546921 0.555964 0.439792 0.705327
575.84893799 369.83334351 -53.56460953 0.318041 0.394862 0.861936
576.10095215 369.78414917 -53.61449432 0.281847 0.536927 0.795155
576.55157471 360.99508667 -53.54159164 0.341819 -0.338781 0.876577
576.74798584 360.91848755 -53.67898941 0.686504 -0.189753 0.701931
576.75311279 361.14852905 -53.55720901 0.378093 -0.438716 0.815214
577.85284424 362.80960083 -53.55609512 0.505188 -0.083490 0.858961
578.02606201 362.97451782 -53.63320541 -0.350704 0.770902 0.531712
577.82196045 363.05422974 -53.51229477 0.383441 -0.051745 0.922115
578.01055908 363.21286011 -53.55606461 0.502380 -0.203668 0.840318
578.16052246 363.61932373 -53.57275391 0.469132 -0.172064 0.866204
578.36395264 363.77191162 -53.58421707 -0.490703 0.534247 0.688324
578.13397217 363.86218262 -53.51954651 0.483142 -0.050929 0.874060
578.19299316 365.70120239 -53.63226318 0.973382 -0.116806 0.197188
578.39813232 365.85311890 -53.64001083 0.700489 0.136498 0.700489
578.19525146 365.93234253 -53.51660538 0.414586 -0.169013 0.894177
577.96679688 366.02194214 -53.44852829 0.189232 -0.031735 0.981420
578.14453125 366.18502808 -53.51581955 0.461486 0.022740 0.886856
577.91662598 366.27441406 -53.44662476 0.173106 0.017196 0.984753
578.34918213 366.10504150 -53.63539124 0.460409 0.090962 0.883034
578.09887695 366.43566895 -53.50403976 0.480290 0.100592 0.871323
577.86474609 366.52761841 -53.44836807 0.136153 0.044622 0.989682
578.29357910 366.35977173 -53.64521790 0.691521 0.149804 0.706653
578.04229736 366.69073486 -53.51594543 0.431593 0.160224 0.887725
577.81262207 366.78085327 -53.45057678 0.138275 0.083910 0.986833
578.23620605 366.61514282 -53.65880585 0.664423 0.308771 0.680589
577.98559570 366.94583130 -53.52808380 0.537252 0.293191 0.790822
577.75903320 367.03466797 -53.45600510 0.222219 0.075728 0.972052
578.16064453 366.87789917 -53.71185303 0.678027 0.381081 0.628536
577.51116943 367.13217163 -53.43000412 0.043488 -0.043488 0.998107
577.70849609 367.28726196 -53.45481110 0.376188 0.117128 0.919110
577.46063232 367.38476563 -53.42890549 0.029251 0.003026 0.999568
577.92718506 367.20162964 -53.54404449 0.446472 0.076025 0.891562
577.65002441 367.54315186 -53.47088242 0.346928 0.139600 0.927444
577.40637207 367.63894653 -53.43578339 0.049846 0.039241 0.997986
577.86163330 367.46035767 -53.57535934 0.521483 0.132927 0.842844
577.58380127 367.80212402 -53.50371552 0.872970 0.134192 -0.468951
577.78167725 367.72491455 -53.63795471 0.530876 0.631995 0.564582
578.42584229 365.02572632 -53.60261154 0.321887 0.460063 0.827485
578.22735596 364.87533569 -53.51974106 0.398112 -0.057639 0.915524
578.42608643 364.75357056 -53.61446762 0.556047 0.057716 0.829144
578.22961426 364.60012817 -53.52551270 0.407681 -0.011722 0.913049
578.43212891 364.47256470 -53.60884094 0.596346 -0.082304 0.798497
578.23150635 364.32553101 -53.53248978 0.419377 0.107282 0.901451
575.34356689 360.12420654 -53.50769806 0.113049 -0.414512 0.902995
575.11730957 360.01638794 -53.50854111 0.005023 0.025117 0.999672
575.29931641 359.92025757 -53.65371704 0.403563 -0.514665 0.756476
575.07873535 359.80371094 -53.63734436 0.387713 -0.697884 0.602193
573.77294922 359.89260864 -53.44829178 0.004955 -0.008919 0.999948
573.54351807 360.06137085 -53.44606400 -0.002950 0.004916 0.999984
573.54663086 359.78488159 -53.44929123 0.037724 -0.067902 0.996979
573.76873779 359.62731934 -53.47360611 -0.163698 0.040634 0.985673
573.31341553 360.23107910 -53.44564438 -0.016879 0.000993 0.999857
573.31744385 359.95324707 -53.44624329 0.010858 0.000987 0.999941
573.08276367 360.40176392 -53.44719696 -0.006883 -0.000983 0.999976
573.08746338 360.12286377 -53.44569397 0.014983 -0.008990 0.999847
572.85772705 360.29208374 -53.44431686 0.014924 0.002985 0.999884
574.15112305 359.40692139 -53.70859528 0.256339 -0.812516 0.523553
573.97149658 359.49935913 -53.55611420 0.277294 -0.521688 0.806815
573.91235352 359.31820679 -53.74698257 0.185974 -0.929872 0.317415
573.73626709 359.40533447 -53.58410645 0.192494 -0.728397 0.657559
573.53735352 359.52737427 -53.48986816 -0.036387 -0.294861 0.954847
573.31860352 359.67974854 -53.45540619 -0.034686 -0.117485 0.992469
573.09124756 359.84533691 -53.44690323 0.006896 0.002956 0.999972
572.86218262 360.01354980 -53.44355011 0.031203 -0.001007 0.999513
572.63262939 360.18240356 -53.44151688 0.006924 0.004945 0.999964
573.30297852 359.43179321 -53.51489258 0.255094 -0.453671 0.853879
573.09033203 359.57492065 -53.46216965 0.047845 -0.236770 0.970387
572.86608887 359.73568726 -53.44421768 0.017252 -0.021312 0.999624
572.63745117 359.90325928 -53.43965149 0.027071 0.001003 0.999633
573.06481934 359.34222412 -53.55161285 0.072632 -0.556845 0.827435
573.25531006 359.23312378 -53.67131042 0.128023 -0.904602 0.406578
572.85955811 359.47399902 -53.47655869 -0.106992 -0.412684 0.904569
572.99914551 359.17105103 -53.76212311 0.231551 -0.961526 -0.147826
573.13336182 359.14801025 -54.05120468 0.040048 -0.999134 -0.011295
572.82305908 359.25814819 -53.59920502 0.336250 -0.825629 0.453070
573.77874756 359.25488281 -56.26788712 0.151640 -0.938529 0.310111
573.53533936 359.17327881 -56.32032013 0.644218 -0.754315 0.126463
572.71478271 359.15213013 -53.93793106 -0.036037 -0.984631 0.170886
573.10455322 359.19601440 -56.24380493 -0.116493 -0.991887 -0.050895
572.85949707 359.11691284 -56.30113602 0.036493 -0.463597 0.885294
568.74639893 361.67080688 -53.42344666 0.004926 0.002956 0.999984
568.51715088 361.83932495 -53.42067337 -0.004936 -0.004936 0.999976
568.51995850 361.56323242 -53.42472839 -0.002979 -0.014894 0.999885
568.75061035 361.39263916 -53.42335892 -0.003008 -0.023063 0.999730
568.28637695 361.73834229 -53.43497467 -0.110653 -0.018625 0.993685
569.21026611 361.05392456 -53.42551041 -0.000979 0.002938 0.999995
568.98046875 361.22323608 -53.42435455 0.006910 -0.004936 0.999964
568.98303223 360.94763184 -53.42935944 -0.053249 -0.064116 0.996521
569.21325684 360.77764893 -53.42916870 -0.074817 -0.037951 0.996475
568.75164795 361.11932373 -53.43282318 -0.059649 -0.055311 0.996686
568.52490234 361.28396606 -53.42249680 -0.052942 -0.165885 0.984723
568.28692627 361.46585083 -53.44609451 -0.120196 -0.110676 0.986562
569.44268799 360.60885620 -53.43138123 -0.026774 -0.071754 0.997063
569.20550537 360.51782227 -53.46524429 -0.173595 -0.254337 0.951408
569.43280029 360.35229492 -53.47385406 -0.264021 -0.343670 0.901212
568.97668457 360.68560791 -53.46102524 -0.321371 -0.297675 0.898950
568.74530029 360.85739136 -53.46473694 -0.145811 0.023737 0.989028
568.50915527 361.03637695 -53.48260117 -0.257447 -0.210639 0.943055
568.27258301 361.21603394 -53.50180054 -0.308304 -0.426048 0.850548
569.17352295 360.29489136 -53.57399750 -0.035386 -0.683654 0.728948
568.94360352 360.46444702 -53.57327271 -0.380774 -0.211541 0.900145
568.71197510 360.63650513 -53.57753754 -0.667001 -0.159533 0.727776
568.49005127 360.79379272 -53.55271149 -0.583470 -0.433862 0.686533
568.21765137 361.02828979 -53.67984009 -0.508131 -0.451856 0.733232
567.96990967 361.22512817 -53.73282242 -0.639049 -0.510902 0.574975
567.40826416 361.99566650 -56.13114548 -0.825786 -0.561309 0.054865
568.14886475 361.13763428 -55.99300003 -0.444831 -0.851181 0.278596
567.82971191 361.44372559 -56.26104736 -0.689929 -0.721485 0.058809
575.88549805 360.11300659 -56.32358170 0.716771 -0.463989 0.520532
568.08935547 361.96051025 -53.42754745 -0.088717 -0.066257 0.993851
567.88061523 362.15136719 -53.42557526 -0.064903 -0.110449 0.991760
567.84375000 361.89544678 -53.46196747 -0.316916 -0.233743 0.919200
568.04595947 361.71740723 -53.48847961 -0.092343 -0.287432 0.953339
568.47845459 361.30642700 -53.43643188 -0.132117 -0.154342 0.979144
568.26605225 361.50442505 -53.44812012 -0.135614 -0.063750 0.988709
568.22216797 361.26232910 -53.51097488 -0.427644 -0.192513 0.883210
568.43231201 361.06869507 -53.50769424 -0.471728 -0.256608 0.843579
569.32214355 360.08380127 -56.14097595 -0.712727 0.682334 0.162605
569.12255859 360.25671387 -56.10465240 0.882231 -0.458760 0.105868
568.93615723 360.40383911 -56.01890182 -0.793179 -0.608975 -0.004124
568.55010986 360.72399902 -55.89704132 -0.895875 -0.292682 -0.334282
567.87817383 361.38574219 -56.06183624 -0.341086 -0.913879 -0.220194
567.64031982 361.63345337 -56.16872787 -0.625741 -0.678574 0.384690
578.14489746 363.20214844 -53.65810394 0.466325 -0.140042 0.873458
577.91210938 363.14379883 -53.53152466 0.371803 -0.217249 0.902533
578.04278564 362.85971069 -53.51168442 -0.635942 0.722009 0.272546
577.78839111 362.88973999 -53.51908112 0.638907 0.012473 0.769183
577.90100098 362.67932129 -53.61091995 0.652342 -0.391405 0.649039
577.01293945 360.99017334 -53.65918732 -0.468926 0.689204 0.552364
576.89660645 361.21569824 -53.59022522 0.228570 -0.513899 0.826840
576.76409912 360.99731445 -53.63188553 0.452293 -0.400786 0.796744
576.65667725 361.18652344 -53.50783157 0.252793 -0.522645 0.814210
576.52508545 360.96475220 -53.54435349 0.289159 -0.417674 0.861357
576.64721680 360.71557617 -53.57745361 -0.139376 -0.928712 -0.343610
576.39270020 360.74578857 -53.58512878 0.414102 -0.407707 0.813815
575.88641357 360.28555298 -53.59469986 -0.101755 -0.703437 0.703437
575.64666748 360.25561523 -53.51115799 0.257001 -0.369903 0.892817
575.74468994 360.10491943 -53.69358063 0.053446 -0.464572 0.883921
575.50677490 360.06738281 -53.59856033 0.275885 -0.658617 0.700079
575.26434326 360.04855347 -53.53185654 0.270836 -0.530713 0.803114
575.36181641 359.89971924 -53.71709442 0.398276 -0.702355 0.589978
575.12536621 359.85662842 -53.61360931 0.206442 -0.545923 0.812004
574.88317871 359.83663940 -53.54515076 0.216574 -0.486157 0.846609
574.98291016 359.67886353 -53.71686935 0.344182 -0.660634 0.667159
574.74200439 359.65335083 -53.64006424 -0.015299 -0.635584 0.771880
574.25457764 359.62619019 -53.52254105 -0.302867 -0.791260 0.531206
574.13861084 359.85031128 -53.45146942 0.012113 -0.124432 0.992154
574.00573730 359.63351440 -53.49550247 0.189053 -0.388209 0.901972
574.11187744 359.44949341 -53.62741852 0.232816 -0.751574 0.617197
574.01184082 360.11828613 -53.44685745 0.002961 -0.008884 0.999956
573.88549805 359.87481689 -53.45045853 0.011520 -0.061787 0.998023
573.88452148 360.38848877 -53.44564438 0.000979 0.000979 0.999999
573.75860596 360.14334106 -53.44669342 -0.010944 -0.008954 0.999900
573.63116455 360.41397095 -53.44610977 -0.006910 0.004936 0.999964
573.86627197 359.44345093 -53.58010483 0.170137 -0.567625 0.805516
573.95758057 359.31988525 -53.80368042 0.264813 -0.930387 -0.253484
573.75628662 359.64324951 -53.47211075 -0.133318 -0.066079 0.988868
573.63262939 359.89859009 -53.44837570 0.008972 -0.012960 0.999876
573.50549316 360.16787720 -53.44577026 0.004936 -0.004936 0.999976
573.37799072 360.43902588 -53.44595718 0.004926 0.002956 0.999984
573.72009277 359.28057861 -53.70597076 0.311736 -0.861497 0.400803
573.62023926 359.43908691 -53.53536224 0.192902 -0.554405 0.809583
573.50427246 359.66305542 -53.46406174 0.069935 -0.157650 0.985016
573.37945557 359.92315674 -53.44749832 -0.008972 0.012960 0.999876
573.25213623 360.19338989 -53.44630814 -0.006924 0.006924 0.999952
573.12438965 360.46536255 -53.44780731 0.004955 -0.008919 0.999948
573.47869873 359.25750732 -53.63283157 0.009716 -0.734290 0.678767
573.55139160 359.20980835 -53.97142029 0.200909 -0.947143 0.250111
573.37103271 359.44772339 -53.51030731 0.076189 -0.362231 0.928969
573.25213623 359.68362427 -53.45706940 -0.015961 -0.075548 0.997014
573.12615967 359.94845581 -53.44772720 0.002961 0.006910 0.999972
572.99890137 360.21844482 -53.44615936 0.023201 0.011096 0.999669
572.87152100 360.48886108 -53.44527054 0.012857 0.000989 0.999917
573.31463623 359.16793823 -53.86978912 0.227891 -0.918731 -0.322488
573.22796631 359.27243042 -53.61727905 0.228602 -0.927187 0.296757
573.11926270 359.46685791 -53.50119019 0.048111 -0.344582 0.937523
572.87341309 359.97167969 -53.44475937 0.029309 -0.007075 0.999545
572.74621582 360.24148560 -53.44295120 0.014983 -0.006992 0.999863
573.07031250 359.15658569 -53.81444550 0.195439 -0.966842 0.164376
572.97808838 359.28405762 -53.59677887 -0.058796 -0.684045 0.727066
572.86938477 359.47836304 -53.48043823 0.051765 -0.388901 0.919824
572.62091064 359.99368286 -53.43996048 0.006924 0.004945 0.999964
572.74804688 359.72442627 -53.44262695 0.004907 -0.000981 0.999987
572.49316406 360.26577759 -53.44165039 0.000978 0.000978 0.999999
572.82049561 359.16766357 -53.79313278 -0.023949 -0.946632 0.321426
572.72882080 359.29278564 -53.57191849 -0.095219 -0.646023 0.757356
572.61877441 359.49252319 -53.46380997 -0.044656 -0.315147 0.947992
572.49493408 359.74865723 -53.44126129 0.008884 0.002961 0.999956
572.36743164 360.01962280 -53.44120789 -0.000995 0.016913 0.999856
572.56658936 359.19561768 -53.79735184 0.282752 -0.943874 -0.170744
572.47851563 359.30584717 -53.55353928 -0.290754 -0.657007 0.695560
572.36584473 359.51654053 -53.46210480 0.057068 -0.282805 0.957478
572.32403564 359.17709351 -53.73111343 -0.580892 -0.460361 -0.671291
572.22637939 359.32653809 -53.54677200 0.088340 -0.592312 0.800852
571.60852051 360.09194946 -53.43643570 -0.004936 0.006910 0.999964
571.48101807 360.36273193 -53.43605423 0.004916 -0.000983 0.999987
571.35528564 360.11676025 -53.43592453 0.013166 -0.025319 0.999593
571.48291016 359.84527588 -53.43518448 0.017184 0.017184 0.999705
571.35369873 360.63299561 -53.43494034 0.006924 0.004945 0.999964
571.22802734 360.38665771 -53.43424225 -0.004975 -0.014924 0.999876
571.10058594 360.65740967 -53.43383789 0.006896 0.002956 0.999972
571.23016357 359.86834717 -53.43205261 0.023481 0.021440 0.999494
571.10253906 360.13998413 -53.43301010 0.008902 0.004945 0.999948
570.97491455 360.41134644 -53.43353653 0.002956 -0.006896 0.999972
570.84753418 360.68194580 -53.43291473 0.006896 -0.002956 0.999972
570.97729492 359.89202881 -53.42977905 -0.000979 -0.000979 0.999999
571.10296631 359.62863159 -53.44134521 -0.073144 -0.173867 0.982049
570.84942627 360.16448975 -53.43201065 0.000981 0.002944 0.999995
570.72167969 360.43646240 -53.43343353 -0.002938 -0.000979 0.999995
568.30059814 366.08883667 -53.41278839 -0.002944 -0.000981 0.999995
568.17333984 366.35888672 -53.41135788 -0.002967 -0.010880 0.999936
568.04718018 366.11456299 -53.41364670 -0.000978 -0.000978 0.999999
568.17486572 365.84301758 -53.41284180 -0.002938 0.000979 0.999995
568.04589844 366.62954712 -53.41078568 -0.023201 -0.011096 0.999669
567.91992188 366.38467407 -53.41230392 -0.000983 -0.004916 0.999987
567.91857910 366.89968872 -53.40948486 -0.000979 -0.002938 0.999995
567.79254150 366.65524292 -53.41160583 -0.002973 -0.010901 0.999936
567.79125977 367.17007446 -53.40853500 0.010944 -0.006965 0.999916
567.66552734 366.92416382 -53.40846252 0.004936 -0.004936 0.999976
567.53845215 367.19332886 -53.40568161 -0.075433 0.049196 0.995937
571.21514893 359.41998291 -53.53587341 -0.402785 -0.614951 0.677938
570.95703125 359.46502686 -53.56601715 -0.602337 -0.595588 0.531474
571.03784180 359.38421631 -53.85445404 -0.135418 -0.947926 0.288266
570.84735107 359.66333008 -53.45581055 -0.096998 -0.456874 0.884227
570.72357178 359.91912842 -53.43273544 -0.019669 -0.040374 0.998991
567.92169189 365.86785889 -53.41236115 0.000978 0.000978 0.999999
568.04925537 365.59674072 -53.41216278 0.000981 0.002944 0.999995
567.79400635 366.13955688 -53.41337967 -0.020974 -0.000999 0.999780
567.66699219 366.40850830 -53.41028595 0.014894 -0.002979 0.999885
567.53973389 366.67846680 -53.40867996 -0.019053 -0.009025 0.999778
567.41204834 366.95028687 -53.40990067 -0.155268 0.052534 0.986475
570.78143311 359.42187500 -53.87342072 -0.198152 -0.938106 0.284065
570.69799805 359.51333618 -53.60120773 0.215909 -0.759563 0.613553
570.59075928 359.70193481 -53.47620773 -0.151772 -0.449533 0.880276
570.46960449 359.94696045 -53.43683243 -0.031867 -0.099997 0.994477
567.79595947 365.62167358 -53.41189194 0.000979 0.000979 0.999999
567.92352295 365.35061646 -53.41180801 0.000981 -0.002944 0.999995
567.66845703 365.89273071 -53.41195297 0.012883 0.002973 0.999913
567.54125977 366.16253662 -53.41010666 0.016913 -0.000995 0.999856
567.41400146 366.43237305 -53.40835953 -0.025268 0.011118 0.999619
567.28546143 366.70776367 -53.41498566 -0.240999 0.030276 0.970053
570.52459717 359.46166992 -53.89563751 -0.273367 -0.935055 0.225703
570.60192871 359.39495850 -54.20544434 -0.392694 -0.913529 0.106096
570.43914795 359.56146240 -53.63600922 -0.113502 -0.857728 0.501419
570.33551025 359.73529053 -53.48865509 -0.144568 -0.489196 0.860109
570.34295654 360.21463013 -53.43177795 0.012985 -0.010987 0.999855
570.21478271 359.97851563 -53.44652557 -0.078619 -0.177800 0.980921
570.08984375 360.23910522 -53.43071747 -0.021184 -0.013114 0.999690
568.05059814 365.08132935 -53.41439819 0.004926 -0.004926 0.999976
567.79754639 365.10565186 -53.41314697 0.000985 -0.006896 0.999976
567.92480469 364.83578491 -53.41485214 0.000981 -0.004907 0.999987
567.67022705 365.37579346 -53.41181946 0.006951 -0.008937 0.999936
567.54327393 365.64462280 -53.40851974 0.027126 0.001005 0.999632
567.41625977 365.91366577 -53.40552521 0.012934 -0.006964 0.999892
567.28887939 366.18402100 -53.40456390 -0.002950 -0.002950 0.999991
567.15924072 366.46386719 -53.41794205 -0.279493 0.108910 0.953951
570.33282471 359.48486328 -54.30357742 -0.366846 -0.928371 0.059596
570.26013184 359.53268433 -53.96515656 -0.361677 -0.920252 0.149419
570.17260742 359.64077759 -53.71809769 -0.396887 -0.889676 0.225739
570.07867432 359.77496338 -53.51063156 -0.241009 -0.723027 0.647416
569.95758057 360.02001953 -53.47130585 -0.118874 -0.188947 0.974766
569.83508301 360.27050781 -53.44019699 -0.203260 -0.101006 0.973901
567.67156982 364.86087036 -53.41475296 -0.000981 -0.004907 0.999987
567.54437256 365.13055420 -53.41275406 0.004916 -0.002950 0.999984
567.41748047 365.39901733 -53.40886307 -0.000991 -0.014865 0.999889
567.29028320 365.66870117 -53.40685272 -0.059453 -0.009387 0.998187
567.16320801 365.93795776 -53.40423965 -0.072203 -0.033407 0.996830
567.03137207 366.22656250 -53.43090820 -0.134184 0.315807 0.939287
570.05926514 359.59262085 -54.42884064 -0.399208 -0.916749 0.014304
569.98718262 359.63803101 -54.08675766 -0.412437 -0.907905 0.074865
569.89068604 359.78280640 -53.89532089 -0.417561 -0.883813 0.210994
569.80761719 359.87265015 -53.62061691 -0.346490 -0.824298 0.447747
569.69805908 360.07073975 -53.51004791 -0.136624 -0.351911 0.926009
569.70904541 360.53543091 -53.43094254 -0.011141 -0.025320 0.999617
569.57867432 360.30856323 -53.45972824 -0.263611 -0.249514 0.931800
569.45513916 360.56335449 -53.43514633 -0.040841 -0.096032 0.994540
567.41839600 364.88565063 -53.41415787 0.008902 -0.004945 0.999948
567.54571533 364.61544800 -53.41538620 0.000981 -0.002944 0.999995
567.29150391 365.15414429 -53.41034317 0.008955 -0.008955 0.999920
567.16448975 365.42321777 -53.40742493 -0.088048 -0.003182 0.996111
567.03680420 365.69488525 -53.40842056 -0.054774 -0.097251 0.993752
569.78149414 359.71765137 -54.58032990 -0.404239 -0.914443 0.019623
569.85101318 359.68276978 -54.93839645 -0.343250 -0.939223 0.006287
569.71282959 359.74890137 -54.21677399 -0.208267 -0.974786 -0.080103
569.53845215 359.96252441 -53.71878433 -0.530251 -0.775231 0.343294
569.43536377 360.13400269 -53.56785583 -0.342095 -0.582048 0.737693
569.31860352 360.36126709 -53.50151825 -0.332039 -0.393814 0.857124
569.19897461 360.60025024 -53.45299149 -0.085259 -0.159710 0.983475
567.67309570 364.34497070 -53.41619873 0.000978 -0.000978 0.999999
567.42010498 364.36892700 -53.41439819 0.008902 0.004945 0.999948
567.54754639 364.09808350 -53.41464233 0.006883 0.000983 0.999976
567.29278564 364.63909912 -53.41312027 -0.000978 0.000978 0.999999
567.16552734 364.90914917 -53.41169357 -0.027126 -0.001005 0.999632
567.03863525 365.17755127 -53.40773773 -0.223163 -0.083530 0.971196
566.91217041 365.44421387 -53.40117264 -0.883392 0.374727 0.281421
569.94982910 359.77682495 -55.90290833 0.011660 -0.918546 0.395143
569.67712402 359.88131714 -56.02320862 -0.647309 -0.701920 0.297152
569.76269531 359.78097534 -56.28199005 0.182829 -0.434402 -0.881968
569.56982422 359.82162476 -55.11078262 -0.526218 -0.849406 -0.040053
569.61987305 359.86621094 -55.58933640 -0.502994 -0.852010 -0.145179
569.49908447 359.86154175 -54.76036453 -0.488268 -0.872391 0.022993
569.24584961 360.14791870 -53.96177292 -0.431551 -0.773535 0.464121
569.16442871 360.23126221 -53.67718887 0.207349 -0.916625 0.341768
569.05664063 360.42196655 -53.55543137 -0.272771 -0.337647 0.900883
568.93994141 360.64898682 -53.48871613 -0.423247 -0.372521 0.825887
568.05694580 363.01657104 -53.41849136 -0.002944 -0.000981 0.999995
567.92962646 363.28695679 -53.41751480 -0.004945 -0.008902 0.999948
567.80383301 363.04138184 -53.41793442 0.014924 -0.002985 0.999884
567.93139648 362.77001953 -53.41739655 -0.000985 -0.006896 0.999976
567.80218506 363.55770874 -53.41716003 0.000981 0.004907 0.999987
567.67645264 363.31192017 -53.41724014 0.000981 0.002944 0.999995
567.67468262 363.82861328 -53.41699219 0.006896 -0.002956 0.999972
567.54925537 363.58157349 -53.41517639 0.012908 0.002979 0.999912
567.42218018 363.85089111 -53.41263962 0.000983 -0.004916 0.999987
567.29455566 364.12228394 -53.41321564 -0.033348 -0.001011 0.999443
567.16693115 364.39373779 -53.41389465 -0.056902 0.005173 0.998366
567.03961182 364.66397095 -53.41270447 -0.205480 0.005805 0.978644
566.90618896 364.95910645 -53.44931030 -0.234610 -0.040115 0.971262
569.39147949 360.03839111 -56.22322464 -0.450899 -0.557384 -0.697146
569.32061768 360.07870483 -55.87339020 -0.570717 -0.821007 0.015127
568.89093018 360.33895874 -53.80236053 -0.873458 -0.466325 0.140042
568.78381348 360.52685547 -53.67632675 -0.593404 -0.603548 0.532542
568.67517090 360.72106934 -53.55986023 -0.525710 -0.532429 0.663437
567.67816162 362.79534912 -53.41767502 -0.063462 0.041949 0.997102
567.80535889 362.52542114 -53.41930389 -0.040702 -0.028179 0.998774
567.55017090 363.06829834 -53.42062378 -0.042098 -0.011294 0.999050
567.42352295 363.33569336 -53.41514206 -0.064941 -0.026615 0.997534
567.29620361 363.60595703 -53.41399002 -0.084057 -0.068366 0.994113
567.16851807 363.87759399 -53.41494751 -0.160738 -0.114112 0.980378
567.03698730 364.16494751 -53.43976212 -0.297113 -0.150591 0.942892
566.90869141 364.43936157 -53.44492340 -0.371922 -0.137903 0.917964
566.76971436 364.75708008 -53.51572418 -0.555535 -0.072461 0.828330
569.12786865 360.10580444 -56.28727722 -0.741404 -0.534271 0.406046
568.50311279 360.66400146 -53.84611130 -0.654460 -0.680443 0.329666
568.55834961 360.94863892 -53.49402618 0.074192 -0.031182 0.996756
568.40344238 360.82147217 -53.67396164 -0.524507 -0.831096 0.184855
568.43499756 361.20275879 -53.46838379 -0.282776 -0.223688 0.932739
568.28509521 361.05523682 -53.61749649 -0.508607 -0.436184 0.742336
568.31085205 361.45989990 -53.44735336 -0.129738 -0.127313 0.983341
568.16778564 361.28472900 -53.55452728 -0.431061 -0.431061 0.792700
568.04742432 361.52651978 -53.51025391 -0.220601 -0.234303 0.946804
568.05847168 361.99133301 -53.43130112 -0.115727 -0.065312 0.991131
567.93267822 362.25531006 -53.42064667 0.027565 -0.017355 0.999469
567.80072021 362.03463745 -53.45884705 -0.248578 -0.191527 0.949487
567.92755127 361.76660156 -53.46334457 -0.246498 -0.336930 0.908690
567.67553711 362.29629517 -53.44466782 -0.241315 -0.087177 0.966523
567.54846191 362.56542969 -53.44182587 -0.181805 0.019686 0.983137
567.42034912 362.83892822 -53.44559479 -0.207729 -0.090804 0.973963
567.29516602 363.10061646 -53.43148041 -0.109478 -0.005420 0.993974
567.16497803 363.38238525 -53.44779968 -0.353042 -0.241709 0.903846
567.03399658 363.66760254 -53.46934509 -0.543262 -0.115061 0.831642
566.90283203 363.95352173 -53.49195099 -0.305745 -0.104562 0.946354
566.76763916 364.25592041 -53.53953934 -0.574268 -0.291111 0.765161
567.89666748 361.38235474 -53.66448593 -0.741831 -0.474177 0.474177
567.78015137 361.60867310 -53.59670639 -0.643535 -0.370321 0.669869
567.65698242 361.86203003 -53.56995392 -0.304262 -0.252350 0.918555
567.54101563 362.08596802 -53.49854279 -0.558767 -0.009563 0.829270
567.40820313 362.37854004 -53.53124619 -0.476858 -0.252995 0.841784
567.28015137 362.65182495 -53.53472900 -0.401268 -0.186872 0.896696
567.15423584 362.91641235 -53.52496719 -0.323504 -0.097184 0.941223
567.01629639 363.22985840 -53.58933258 -0.484515 -0.001327 0.874782
566.89074707 363.49288940 -53.57722092 -0.605428 -0.046571 0.794536
566.65405273 363.17633057 -55.85936737 -0.488455 0.871557 -0.042415
570.74298096 370.14739990 -53.40920639 -0.003122 0.065552 0.997844
570.50445557 370.32797241 -53.46298599 -0.203609 0.444373 0.872397
570.53576660 369.99920654 -53.41172409 0.018977 -0.004994 0.999807
570.76562500 369.85278320 -53.41168213 -0.017355 -0.027565 0.999469
570.30139160 370.16329956 -53.43959045 -0.032541 0.370970 0.928075
570.55908203 369.70205688 -53.41013718 0.021610 -0.033958 0.999190
570.78851318 369.55740356 -53.41290665 0.014894 0.002979 0.999885
570.32910156 369.84878540 -53.41067505 0.019167 -0.015132 0.999702
570.09753418 370.00204468 -53.42146301 -0.139315 0.171947 0.975205
570.58203125 369.40652466 -53.41109467 0.010901 -0.004955 0.999928
570.81201172 369.25973511 -53.41048050 0.004945 0.008902 0.999948
570.35217285 369.55270386 -53.41075134 0.030085 -0.032160 0.999030
570.12261963 369.69781494 -53.40874863 0.000979 0.002938 0.999995
569.89166260 369.84844971 -53.41541290 -0.101123 0.166914 0.980772
570.60540771 369.10916138 -53.40915298 -0.000985 0.006896 0.999976
570.37542725 369.25598145 -53.40985870 0.010923 -0.004965 0.999928
570.14550781 369.40264893 -53.41025543 0.025319 -0.013166 0.999593
569.91613770 369.54693604 -53.40692520 0.019091 -0.009043 0.999777
569.68518066 369.69760132 -53.41366577 -0.090058 0.157302 0.983436
570.39874268 368.95880127 -53.40827560 0.000985 0.006896 0.999976
570.16870117 369.10571289 -53.40911865 0.008937 -0.006951 0.999936
569.93902588 369.25146484 -53.40809631 0.008919 -0.006937 0.999936
569.70916748 369.39758301 -53.40763855 0.025829 -0.034095 0.999085
569.47961426 369.54275513 -53.40571213 -0.077409 0.116692 0.990147
570.19195557 368.80895996 -53.40813446 -0.000978 0.000978 0.999999
569.96228027 368.95468140 -53.40706253 0.000981 -0.002944 0.999995
569.73248291 369.10058594 -53.40632248 -0.002967 -0.008902 0.999956
569.50238037 369.24795532 -53.40782928 -0.007102 -0.033483 0.999414
575.79583740 360.04446411 -56.33156204 0.125121 -0.808134 0.575556
575.58575439 359.90780640 -56.35216522 0.184041 -0.297510 0.936812
567.10675049 363.48025513 -53.45373535 -0.492016 -0.216487 0.843240
566.85717773 363.70471191 -53.57663727 -0.567918 -0.118867 0.814457
566.87634277 363.42431641 -53.60139847 -0.751329 -0.073830 0.655785
567.12292480 363.21157837 -53.49693298 -0.833954 -0.364165 0.414613
567.36315918 363.02410889 -53.43226242 0.030611 0.139450 0.989756
567.14251709 362.92929077 -53.51884842 -0.322234 -0.082860 0.943027
567.38037109 362.75112915 -53.46882248 -0.222961 -0.206746 0.952651
567.15643311 362.66943359 -53.57600784 -0.120973 -0.531989 0.838065
567.39739990 362.47921753 -53.50697327 -0.435551 -0.196367 0.878485
567.63488770 362.30261230 -53.45943832 -0.284486 -0.054368 0.957137
567.41271973 362.21371460 -53.55521011 -0.416876 -0.248320 0.874386
567.64904785 362.04187012 -53.51516724 -0.156248 -0.537196 0.828859
567.88739014 361.86190796 -53.46229553 -0.256006 -0.242016 0.935890
567.65954590 361.79571533 -53.59384918 -0.546300 -0.340028 0.765465
567.89709473 361.61901855 -53.54614639 -0.633222 -0.333703 0.698335
568.61724854 360.85409546 -53.49965286 -0.174086 -0.401405 0.899204
568.37683105 361.04211426 -53.56520081 -0.554112 -0.337637 0.760895
568.37274170 360.85409546 -53.73543167 -0.912764 -0.391976 0.114961
568.61364746 360.66384888 -53.66635895 -0.695278 -0.416503 0.585759
576.66961670 361.15411377 -53.52691269 0.296129 -0.451170 0.841875
576.44531250 361.25119019 -53.45985413 0.045086 -0.086874 0.995199
576.47192383 361.00006104 -53.51328278 0.217239 -0.343841 0.913554
576.67803955 360.93103027 -53.63947678 0.294310 -0.654558 0.696373
576.24481201 361.10137939 -53.45515823 0.054614 -0.003091 0.998503
576.48254395 360.77359009 -53.61878586 0.285659 -0.126221 0.949983
576.27490234 360.84487915 -53.49734497 0.249322 0.068908 0.965966
573.20483398 360.41421509 -53.44873428 0.004916 0.000983 0.999987
572.96044922 360.54211426 -53.44667816 0.014894 -0.002979 0.999885
573.00329590 360.26599121 -53.44749451 0.021269 0.015192 0.999658
573.24829102 360.13717651 -53.44755936 -0.004945 0.006924 0.999964
572.75976563 360.39260864 -53.44275665 0.012883 -0.002973 0.999913
573.04626465 359.98980713 -53.44800568 0.017150 0.015132 0.999738
572.80236816 360.11697388 -53.44447327 0.014894 0.002979 0.999885
572.51538086 360.52056885 -53.44087601 0.000978 0.000978 0.999999
572.55780029 360.24511719 -53.44294739 0.004926 0.002956 0.999984
572.31317139 360.37347412 -53.44189835 -0.000985 -0.006896 0.999976
572.84527588 359.84085083 -53.44509888 0.012883 0.002973 0.999913
572.60168457 359.96752930 -53.44055557 0.000978 0.000978 0.999999
572.35620117 360.09713745 -53.44214630 0.004955 0.010901 0.999928
572.06884766 360.50125122 -53.43968201 0.008902 -0.002967 0.999956
572.11175537 360.22512817 -53.44034195 0.012934 0.006964 0.999892
571.82452393 360.62908936 -53.43752289 -0.004965 -0.010923 0.999928
571.86749268 360.35290527 -53.43803787 0.008919 -0.004955 0.999948
571.62286377 360.48117065 -53.43683624 0.006896 0.002956 0.999972
572.64324951 359.69342041 -53.44543076 0.009295 -0.050605 0.998676
572.39941406 359.82046509 -53.44166183 -0.015192 0.023294 0.999613
572.15478516 359.94879150 -53.44051743 -0.000993 0.014894 0.999889
571.91070557 360.07623291 -53.43756866 0.006883 -0.000983 0.999976
571.66583252 360.20489502 -53.43717575 0.000985 0.006896 0.999976
571.42102051 360.33346558 -53.43656540 0.006883 -0.000983 0.999976
568.19775391 362.27770996 -53.42127991 0.004916 -0.000983 0.999987
567.95294189 362.40628052 -53.42068100 -0.019053 -0.007020 0.999794
567.99414063 362.13281250 -53.42691040 0.038303 0.023810 0.998982
568.23986816 362.00283813 -53.42455673 -0.004994 0.016980 0.999843
567.74505615 362.26791382 -53.44012833 -0.171641 -0.040867 0.984311
574.69470215 359.51480103 -56.33081818 0.559975 -0.812189 0.163639
574.44677734 359.64816284 -56.34034729 0.158216 -0.878171 -0.451424
574.29498291 359.42333984 -56.17748260 0.407028 -0.907131 0.106966
573.73565674 359.25317383 -53.87588882 0.153215 -0.973737 0.168410
573.55938721 359.27624512 -53.65267181 0.368021 -0.844099 0.389946
573.43029785 359.26483154 -54.21194077 0.281143 -0.942172 -0.182400
573.34216309 359.36239624 -53.56260300 0.381231 -0.561211 0.734646
573.31646729 359.19174194 -53.78590012 0.598535 -0.697466 0.394077
573.11499023 359.46383667 -53.50474167 0.045434 -0.349196 0.935948
573.11560059 359.25268555 -53.64266205 0.150305 -0.814029 0.561040
572.89733887 359.34042358 -53.55588150 0.495982 -0.593497 0.633848
572.43664551 359.55303955 -53.46073532 0.032886 -0.137216 0.989995
572.67248535 359.43823242 -53.49042511 0.112104 -0.394441 0.912058
572.19647217 359.67440796 -53.44496536 0.007401 -0.077179 0.996990
571.95318604 359.80068970 -53.43952942 0.013270 -0.033686 0.999344
571.70837402 359.92926025 -53.43893433 0.013167 -0.023295 0.999642
571.46368408 360.05767822 -53.43806458 -0.000989 -0.010880 0.999940
571.21936035 360.18545532 -53.43580246 0.012934 0.006964 0.999892
568.48522949 361.87341309 -53.42332077 -0.014983 -0.006992 0.999863
568.27941895 361.73178101 -53.43601990 -0.111127 -0.023106 0.993538
568.52722168 361.59857178 -53.42680740 -0.004955 -0.010901 0.999928
568.03094482 361.86596680 -53.44725037 -0.124277 -0.053588 0.990799
567.77783203 362.00735474 -53.47372818 -0.386323 -0.224743 0.894564
573.15966797 359.22299194 -54.43507767 0.179214 -0.977641 -0.110000
573.03851318 359.16122437 -54.03290558 -0.195779 -0.916018 0.350116
572.87084961 359.17111206 -53.78189087 -0.016449 -0.940146 0.340376
572.67156982 359.22961426 -53.63344574 0.527856 -0.827328 0.192085
572.45214844 359.31903076 -53.55029678 -0.192699 -0.679841 0.707590
572.22406006 359.42193604 -53.49551773 0.592004 -0.357160 0.722474
571.99023438 359.53353882 -53.45915985 0.028173 -0.134104 0.990567
571.75000000 359.65512085 -53.44380188 -0.013011 -0.011009 0.999855
571.50744629 359.78018188 -53.43583298 -0.023063 0.003008 0.999730
571.26165771 359.91030884 -53.43849945 -0.020947 0.113553 0.993311
568.31860352 361.46139526 -53.44876862 -0.127557 -0.108483 0.985881
568.56903076 361.32415771 -53.43106079 -0.047765 -0.096640 0.994173
568.06250000 361.60736084 -53.48486328 -0.213937 -0.169312 0.962062
572.92199707 359.13055420 -54.55138016 0.066151 -0.980239 -0.186426
573.02117920 359.22610474 -55.02481842 0.456273 -0.822554 0.339442
572.76251221 359.12780762 -54.27373123 0.113210 -0.976596 0.182878
572.59436035 359.13833618 -54.02409744 0.078457 -0.992654 -0.092102
572.41918945 359.15969849 -53.79735565 0.047343 -0.998413 0.030510
572.21502686 359.22570801 -53.66473770 0.568047 -0.722819 0.393517
572.00756836 359.29678345 -53.54285431 0.714622 -0.658081 0.237160
571.77575684 359.40536499 -53.50009918 0.233745 -0.710647 0.663584
568.34594727 361.20919800 -53.49991608 -0.309025 -0.306067 0.900459
568.08087158 361.36892700 -53.56507874 -0.546032 -0.199249 0.813725
572.77008057 359.15432739 -55.18476868 0.458186 -0.857397 0.234385
572.63641357 359.11178589 -54.82319260 0.028515 -0.998025 0.055974
572.31091309 359.11627197 -54.28894424 0.237253 -0.963274 0.125757
572.11730957 359.16604614 -54.12206650 0.350252 -0.926160 0.139824
571.92602539 359.21218872 -53.94757843 -0.203413 -0.939572 0.275368
571.73278809 359.26141357 -53.77961349 0.001239 -0.947936 0.318457
572.50274658 359.10733032 -55.39710999 0.023563 -0.990766 -0.133523
572.61486816 359.18307495 -55.82874680 0.117990 -0.992236 -0.039330
571.84118652 359.13262939 -54.36311340 -0.382171 -0.823015 0.420229
571.65319824 359.17373657 -54.17796707 0.096425 -0.992605 0.073736
572.96594238 359.13919067 -56.27986908 -0.503954 -0.530743 0.681427
572.31231689 359.19033813 -56.15547943 -0.133270 -0.943662 0.302887
572.52734375 359.10769653 -56.25293732 -0.165787 -0.929244 0.330181
572.06860352 359.10723877 -56.29149628 -0.049525 -0.911527 0.408246
571.00518799 359.25451660 -54.97116470 -0.239756 -0.967809 -0.076571
570.81451416 359.29977417 -54.79475784 0.429519 -0.799516 -0.419867
570.56213379 359.47814941 -55.75431442 -0.383396 -0.919879 -0.082640
570.77087402 359.40509033 -55.87204742 -0.225024 -0.974318 0.008247
570.40490723 359.47189331 -55.46927643 -0.326702 -0.940101 -0.097344
570.19415283 359.58615112 -56.29371262 -0.444721 -0.824554 -0.349763
569.95587158 359.70471191 -56.27197266 -0.264526 -0.736554 -0.622507
569.73144531 359.80181885 -56.20503616 -0.098042 -0.345160 0.933409
569.47625732 359.94641113 -56.23824310 -0.799691 -0.597274 -0.061295
569.23016357 360.07696533 -56.24179840 -0.580160 -0.137992 0.802728
575.59313965 360.47467041 -53.46485901 0.077879 -0.124373 0.989175
575.37695313 360.63543701 -53.45231247 0.015102 -0.017115 0.999739
575.36437988 360.37237549 -53.45997238 0.034272 -0.105026 0.993879
575.56866455 360.22808838 -53.51431274 0.233827 -0.406591 0.883181
575.14709473 360.53472900 -53.45143890 0.006992 -0.014983 0.999863
575.34014893 360.12533569 -53.50837708 0.116070 -0.409741 0.904787
575.51812744 360.01745605 -53.65494919 0.308436 -0.705688 0.637865
575.13537598 360.27038574 -53.45592880 0.007487 -0.090919 0.995830
578.39111328 365.00665283 -53.59750748 0.738435 0.038268 0.673238
578.22772217 364.81179810 -53.52694321 0.383694 -0.065509 0.921134
578.44665527 364.75946045 -53.63881302 0.432842 0.173428 0.884630
578.28594971 364.56127930 -53.55924606 0.459135 -0.050410 0.886935
577.34973145 362.04827881 -53.51262665 0.365822 -0.152776 0.918060
577.11688232 362.11782837 -53.44841385 0.131794 -0.009968 0.991227
577.17462158 361.86788940 -53.48225403 0.450986 -0.164924 0.877161
577.39221191 361.81719971 -53.59869003 0.014865 -0.504067 0.863536
576.93286133 361.94839478 -53.44841385 0.000987 -0.010858 0.999941
577.21313477 361.64175415 -53.58180237 0.058267 -0.324998 0.943918
576.99261475 361.69601440 -53.47526550 0.330860 -0.232614 0.914561
577.03796387 361.46145630 -53.55156708 0.482055 -0.397654 0.780701
577.27471924 361.38714600 -53.60256958 0.499307 -0.469448 0.728225
576.81011963 361.52478027 -53.47012329 0.114463 -0.133741 0.984384
577.09570313 361.21157837 -53.58542633 -0.155467 -0.220789 0.962851
576.85723877 361.28802490 -53.54032135 0.180539 -0.397185 0.899805
576.62707520 361.35424805 -53.46690369 0.055762 -0.068883 0.996065
576.88269043 361.07812500 -53.68476868 0.414465 -0.194784 0.888976
576.67279053 361.11926270 -53.54197311 0.342928 -0.364457 0.865778
576.44250488 361.18557739 -53.46883392 0.110962 -0.094609 0.989311
576.70764160 360.89764404 -53.65404892 0.438999 -0.338297 0.832367
576.48919678 360.94934082 -53.54044342 0.345416 -0.339330 0.874953
576.52270508 360.72943115 -53.65719223 0.739959 -0.192297 -0.644580
575.96722412 360.22552490 -53.66888428 0.248199 -0.554155 0.794550
575.75048828 360.27514648 -53.54953384 0.377564 -0.159793 0.912092
575.77026367 360.07220459 -53.71320724 0.167220 -0.310946 0.935602
575.55798340 360.11633301 -53.57868195 0.258715 -0.655517 0.709482
575.02416992 360.51803589 -53.45160294 -0.002956 -0.004926 0.999984
574.77258301 360.61071777 -53.45136642 0.002956 -0.006896 0.999972
574.84075928 360.34793091 -53.44952011 0.000999 -0.020974 0.999780
575.09063721 360.25735474 -53.45561218 0.011954 -0.105413 0.994357
574.52136230 360.70288086 -53.44972992 0.004916 -0.000983 0.999987
574.58892822 360.44085693 -53.45000839 0.002944 0.000981 0.999995
574.27008057 360.79519653 -53.44846725 0.004936 -0.006910 0.999964
574.33752441 360.53335571 -53.44929886 0.002944 0.002944 0.999991
574.08618164 360.62567139 -53.44804001 0.004916 0.002950 0.999984
575.56127930 359.93368530 -53.79858780 0.246000 -0.775604 0.581311
575.33105469 360.17849731 -53.49404907 0.096151 -0.252557 0.962793
575.35528564 359.97003174 -53.64255142 0.358593 -0.643503 0.676251
575.14038086 360.01733398 -53.51676941 0.107374 -0.114454 0.987609
574.90411377 360.09112549 -53.46427155 0.053248 -0.173944 0.983315
574.65667725 360.17864990 -53.44983292 0.011496 -0.061658 0.998031
574.40545654 360.27081299 -53.44815445 0.004907 0.000981 0.999987
574.15417480 360.36315918 -53.44699097 0.010901 0.002973 0.999936
573.90295410 360.45535278 -53.44545746 0.004916 -0.000983 0.999987
575.16662598 359.80642700 -53.65843582 0.212663 -0.478116 0.852162
574.94610596 359.86068726 -53.55192566 0.216269 -0.547575 0.808325
574.71777344 359.92462158 -53.47218323 0.073351 -0.292118 0.953565
574.47247314 360.00955200 -53.45049667 0.020462 -0.085078 0.996164
574.22167969 360.10122681 -53.44750977 0.005004 -0.021016 0.999767
573.97003174 360.19396973 -53.44742966 0.002967 -0.008902 0.999956
573.65106201 360.54843140 -53.44628143 -0.000978 0.000978 0.999999
573.71850586 360.28652954 -53.44689941 -0.000979 -0.002938 0.999995
573.46685791 360.37930298 -53.44695282 0.000979 -0.000979 0.999999
575.90679932 360.20132446 -56.29039001 0.856693 -0.254117 0.448889
574.96350098 359.66070557 -53.72380829 0.268916 -0.676269 0.685816
574.74743652 359.70947266 -53.60212326 0.085894 -0.639106 0.764307
574.52575684 359.76513672 -53.49950790 0.471075 0.109585 0.875260
574.28552246 359.84384155 -53.46055984 0.104581 0.029723 0.994072
574.03680420 359.93292236 -53.45043182 0.005004 -0.021016 0.999767
573.78558350 360.02511597 -53.44883347 -0.041843 -0.003062 0.999120
573.53448486 360.11724854 -53.44706345 0.004936 -0.004936 0.999976
573.21490479 360.47238159 -53.44783401 0.000989 -0.012857 0.999917
573.28277588 360.21008301 -53.44727325 -0.008919 -0.006937 0.999936
573.03076172 360.30322266 -53.44831467 0.004955 0.008919 0.999948
575.52191162 359.88345337 -56.34813690 0.181365 -0.297661 0.937286
574.55676270 359.54833984 -53.62492371 0.098236 -0.658324 0.746297
574.32861328 359.61203003 -53.54449463 -0.058480 -0.788769 0.611902
574.09277344 359.68524170 -53.49044037 -0.063610 -0.248202 0.966617
573.84960938 359.76745605 -53.46125793 -0.080450 -0.022526 0.996504
573.35009766 359.94827271 -53.44822693 0.000981 0.002944 0.999995
573.09832764 360.04116821 -53.44858932 0.008867 0.000985 0.999960
574.33154297 359.42987061 -53.76564789 0.218975 -0.928171 0.300914
574.50823975 359.42980957 -54.02212524 0.396403 -0.918054 -0.006456
574.12426758 359.46777344 -53.61396408 0.265066 -0.715838 0.646000
573.89569092 359.53201294 -53.53507233 0.471295 -0.491139 0.732574
573.65960693 359.60552979 -53.48179626 0.107193 -0.609386 0.785594
571.84289551 360.50143433 -53.43878937 -0.000983 -0.004916 0.999987
571.59197998 360.59326172 -53.43625641 0.006896 -0.002956 0.999972
571.65911865 360.33184814 -53.43811798 -0.006910 -0.004936 0.999964
571.91040039 360.23953247 -53.43942642 0.008902 -0.004945 0.999948
571.34063721 360.68563843 -53.43516922 0.006924 0.004945 0.999964
571.40795898 360.42391968 -53.43624878 0.010858 -0.000987 0.999941
571.08911133 360.77822876 -53.43463516 0.006883 0.000983 0.999976
571.15673828 360.51614380 -53.43476868 0.000985 0.008867 0.999960
570.90527344 360.60870361 -53.43418121 0.002944 0.000981 0.999995
575.12347412 359.76083374 -56.22084045 0.067160 -0.590152 0.804493
574.91522217 359.62139893 -56.30366135 -0.001181 -0.235025 0.971989
574.22491455 359.38317871 -54.36166763 0.102994 -0.992588 0.064513
574.32861328 359.47323608 -54.86741257 0.406724 -0.913506 0.009096
574.09039307 359.33111572 -53.96107864 0.208007 -0.971959 0.109676
573.91278076 359.33233643 -53.70784760 0.202813 -0.848809 0.488253
573.69274902 359.38604736 -53.59980011 0.192618 -0.744277 0.639492
573.46508789 359.44912720 -53.51766586 -0.121380 -0.400415 0.908259
571.72650146 360.06997681 -53.43893814 0.004916 -0.000983 0.999987
571.97766113 359.97784424 -53.44062805 -0.012934 -0.006964 0.999892
571.47497559 360.16256714 -53.43844604 0.006924 0.006924 0.999952
571.22412109 360.25433350 -53.43567657 0.008867 -0.000985 0.999960
570.97271729 360.34683228 -53.43495560 0.002944 0.000981 0.999995
574.08386230 359.37896729 -55.07509613 0.288125 -0.957554 -0.008582
574.22161865 359.42700195 -55.46454239 0.326641 -0.945148 0.001242
573.94732666 359.32949829 -54.68166351 0.173938 -0.984091 -0.036188
573.78430176 359.31265259 -54.37844849 0.146745 -0.987926 -0.049685
573.64929199 359.26129150 -53.97975922 0.304697 -0.946025 -0.110436
573.48425293 359.24697876 -53.68360519 0.205435 -0.934939 0.289286
571.79315186 359.80914307 -53.44242477 -0.061951 -0.053256 0.996657
572.04364014 359.71777344 -53.44633865 -0.024146 -0.051441 0.998384
571.54223633 359.90093994 -53.43977356 -0.017082 0.011053 0.999793
571.29040527 359.99392700 -53.44037628 -0.009043 0.019091 0.999777
574.50128174 359.51797485 -56.22945023 0.371195 -0.920398 0.122812
574.29736328 359.37319946 -56.29750061 0.435579 -0.825224 0.359551
573.96051025 359.35290527 -55.72817993 0.215337 -0.975632 -0.042105
574.12255859 359.37094116 -56.03465652 0.198093 -0.967160 0.159251
573.80883789 359.32211304 -55.38638306 0.177962 -0.983956 -0.012630
573.65332031 359.29605103 -55.05769348 0.156536 -0.987641 -0.007883
573.49395752 359.27471924 -54.74206543 0.188948 -0.981833 -0.017388
571.85504150 359.55407715 -53.46205521 0.219857 -0.281473 0.934043
571.61029053 359.63833618 -53.43847656 -0.025905 -0.138535 0.990019
571.36083984 359.72833252 -53.43085098 0.021697 0.036162 0.999110
569.53173828 360.63958740 -53.43028641 -0.019359 -0.023435 0.999538
569.27966309 360.73291016 -53.43181610 -0.042379 -0.072805 0.996445
569.33728027 360.48312378 -53.46595383 -0.198797 -0.320049 0.926309
569.59375000 360.38442993 -53.44959259 -0.101550 -0.135001 0.985628
569.02508545 360.82928467 -53.44179535 -0.073651 -0.136781 0.987860
569.07971191 360.58319092 -53.48616028 -0.184074 -0.401483 0.897178
568.81976318 360.68618774 -53.51447296 -0.305333 -0.372172 0.876504
573.87420654 359.28109741 -56.25461578 -0.052939 -0.894526 0.443870
573.67755127 359.30584717 -56.06649399 0.405534 -0.840818 0.358561
573.52087402 359.28121948 -55.74170303 0.137640 -0.990340 -0.016785
573.36730957 359.25271606 -55.40631104 0.104365 -0.994218 -0.025267
569.38519287 360.24542236 -53.53349304 -0.463452 -0.402089 0.789644
569.12347412 360.35058594 -53.56782532 0.083332 -0.170287 0.981865
568.85241699 360.46737671 -53.63428879 -0.718343 -0.439633 0.539172
573.43212891 359.21243286 -56.27657700 0.145598 -0.906102 0.397215
573.24957275 359.21978760 -56.04031372 0.453278 -0.822849 0.342722
572.99536133 359.13714600 -56.28024673 0.344185 -0.757854 0.554251
572.80029297 359.16000366 -56.08683014 0.163061 -0.969381 0.183605
568.54895020 360.70370483 -55.99485016 -0.512656 -0.856290 -0.062860
568.20965576 360.90478516 -56.29447556 -0.684429 -0.720061 0.114319
571.15502930 359.26864624 -55.05974579 -0.231090 -0.968556 0.092183
570.70495605 359.42816162 -55.96944046 -0.108264 -0.890012 0.442897
570.93548584 359.36154175 -56.04176712 -0.262250 -0.959859 0.099474
571.61499023 359.17651367 -56.29969406 0.003512 -0.221266 -0.975207
571.38861084 359.23803711 -56.21331024 -0.759386 -0.650303 0.020978
571.18286133 359.27407837 -56.05641174 -0.381669 -0.889571 0.250981
570.44976807 359.52532959 -55.98160172 -0.447884 -0.867308 0.217201
570.16918945 359.65380859 -56.08043289 -0.613551 -0.695796 0.373394
569.90637207 359.76034546 -56.11851120 -0.861105 -0.477079 -0.175766
575.53344727 360.35131836 -53.48212433 0.059577 -0.207911 0.976332
575.33642578 360.51528931 -53.45473099 0.017287 -0.023388 0.999577
575.30133057 360.25836182 -53.47466660 0.068576 -0.184073 0.980518
575.48858643 360.12033081 -53.56652832 0.229952 -0.621026 0.749299
575.10363770 360.42407227 -53.45169067 0.000989 -0.010880 0.999940
575.25689697 360.02627563 -53.55638123 0.311184 -0.537791 0.783547
575.06884766 360.16629028 -53.46952438 0.117777 -0.206427 0.971348
574.87066650 360.33340454 -53.45001221 0.000999 -0.020974 0.999780
575.02673340 359.92800903 -53.53593445 -0.115583 -0.298922 0.947252
574.83660889 360.07363892 -53.46300125 0.102256 -0.111659 0.988472
574.79388428 359.83703613 -53.53346252 0.219497 -0.434515 0.873509
574.97296143 359.72067261 -53.67915344 0.251813 -0.669919 0.698426
574.74230957 359.62380981 -53.66203690 0.234378 -0.690550 0.684258
574.56237793 359.74230957 -53.52168274 0.375250 -0.270598 0.886546
574.51019287 359.53091431 -53.65481949 0.090941 -0.818473 0.567302
574.88269043 359.62982178 -56.29996872 -0.050292 -0.236741 0.970270
567.91668701 363.44436646 -53.41715240 0.002944 0.000981 0.999995
567.71533203 363.61984253 -53.41848755 0.004926 0.002956 0.999984
567.68334961 363.35467529 -53.41791153 0.002944 -0.000981 0.999995
567.88427734 363.18023682 -53.41920090 0.013037 -0.015042 0.999802
567.48260498 363.52847290 -53.41501236 -0.000978 0.000978 0.999999
567.65087891 363.09072876 -53.42036819 -0.012985 -0.008990 0.999875
567.85223389 362.91528320 -53.41921616 0.004907 0.000981 0.999987
567.45025635 363.26437378 -53.41714478 -0.071222 -0.053691 0.996014
571.67065430 359.60021973 -53.44209290 0.022837 -0.096786 0.995043
571.46966553 359.77484131 -53.44123840 -0.019321 0.021354 0.999585
571.43634033 359.51293945 -53.44894409 -0.074299 -0.248083 0.965885
571.62640381 359.36746216 -53.52227020 -0.182796 -0.316754 0.930727
571.23779297 359.68099976 -53.43178558 0.064485 -0.203190 0.977014
568.05334473 362.74044800 -53.41950989 0.006910 0.002961 0.999972
567.82006836 362.65032959 -53.41930389 -0.006883 0.000983 0.999976
568.02117920 362.47561646 -53.41989899 -0.008937 -0.008937 0.999920
567.61834717 362.82684326 -53.42316437 -0.109412 0.029840 0.993549
571.36468506 359.35324097 -53.71064758 -0.161972 -0.943247 0.289916
571.19268799 359.45077515 -53.51812363 -0.463928 -0.621362 0.631411
570.99926758 359.60504150 -53.46667480 -0.104204 -0.617887 0.779331
568.22210693 362.30120850 -53.42124939 0.002950 -0.002950 0.999991
567.98822021 362.21295166 -53.42560577 0.007159 -0.039885 0.999179
568.18920898 362.03842163 -53.42663574 0.025067 -0.001003 0.999685
567.78668213 362.38885498 -53.42792130 -0.104818 -0.055227 0.992957
567.58410645 362.56762695 -53.43735123 -0.131791 0.012182 0.991203
571.09881592 359.35012817 -53.92667770 -0.096996 -0.919410 0.381152
570.93371582 359.42910767 -53.68797302 -0.335174 -0.895286 0.293463
570.75219727 359.55187988 -53.55817795 -0.212413 -0.874906 0.435225
568.39031982 361.86352539 -53.42679977 -0.038536 -0.030204 0.998801
568.15423584 361.78115845 -53.44574356 -0.223209 -0.081053 0.971395
568.35601807 361.60452271 -53.44154358 -0.158316 -0.097890 0.982524
567.95257568 361.95755005 -53.44928741 -0.112952 -0.065033 0.991470
567.75219727 362.13040161 -53.44408035 -0.259794 -0.183624 0.948045
567.54370117 362.32479858 -53.49239349 -0.338135 -0.175381 0.924611
568.11486816 361.53567505 -53.49411392 -0.241047 -0.227273 0.943527
568.31896973 361.35281372 -53.47446060 -0.155026 -0.279047 0.947681
567.91448975 361.70858765 -53.48899841 -0.584796 -0.277342 0.762295
567.70623779 361.90234375 -53.53578186 -0.351053 -0.285324 0.891825
567.50549316 362.07617188 -53.53293991 0.349380 -0.337174 0.874212
568.07617188 361.28802490 -53.53723526 -0.902537 -0.253884 -0.347807
568.27124023 361.12939453 -53.57784271 -0.334994 -0.571270 0.749286
567.86132813 361.49945068 -53.62792206 -0.358561 -0.405534 0.840818
567.65832520 361.67935181 -53.64019012 -0.552085 -0.538579 0.636502
569.07922363 360.42041016 -53.55517197 -0.248526 -0.354408 0.901460
568.87908936 360.59283447 -53.54880142 -0.227348 -0.414575 0.881158
568.81787109 360.40524292 -53.74115753 -0.834049 -0.549999 0.043164
566.46441650 363.41442871 -56.21440506 -0.638144 0.761941 0.110533
567.42553711 361.95788574 -56.08550644 -0.821485 -0.566980 0.060798
574.82385254 360.60864258 -53.45136261 0.002956 -0.006896 0.999972
574.59973145 360.75704956 -53.44969940 0.002956 -0.004926 0.999984
574.60845947 360.47994995 -53.45023727 0.002944 0.002944 0.999991
574.83294678 360.33050537 -53.44976807 0.004965 -0.010923 0.999928
574.37567139 360.90536499 -53.44778824 0.002961 -0.008884 0.999956
574.38415527 360.62878418 -53.44939041 0.002950 -0.002950 0.999991
574.16003418 360.77716064 -53.44768524 0.008919 -0.004955 0.999948
574.61743164 360.20230103 -53.44946671 0.023527 -0.025573 0.999396
574.39312744 360.35122681 -53.44886398 0.002950 0.002950 0.999991
574.16876221 360.50021362 -53.44841003 0.006910 0.002961 0.999972
573.94458008 360.64880371 -53.44705200 0.008884 0.000987 0.999960
574.17779541 360.22247314 -53.44747162 0.006883 -0.000983 0.999976
573.95349121 360.37127686 -53.44658279 0.002944 -0.000981 0.999995
573.72918701 360.52023315 -53.44602966 -0.002944 0.000981 0.999995
573.96197510 360.09497070 -53.44865036 0.002973 -0.010901 0.999936
573.73779297 360.24346924 -53.44715881 -0.002950 -0.004916 0.999984
573.50476074 360.66943359 -53.44602585 -0.002950 -0.004916 0.999984
573.51336670 360.39270020 -53.44713974 -0.002950 0.002950 0.999991
573.28906250 360.54165649 -53.44659805 -0.008884 -0.002961 0.999956
574.61468506 359.70126343 -53.56047821 0.291573 -0.373153 0.880762
574.40545654 359.81066895 -53.47796631 0.227423 0.238450 0.944151
574.39520264 359.58322144 -53.58137894 0.165104 -0.607401 0.777049
574.18591309 359.69281006 -53.49925232 0.371359 0.325512 0.869560
573.52215576 360.11541748 -53.44730759 0.002973 -0.012883 0.999913
573.29766846 360.26489258 -53.44780350 -0.008902 0.002967 0.999956
573.06481934 360.69042969 -53.44568253 0.004945 -0.006924 0.999964
573.07305908 360.41452026 -53.44869232 0.006924 -0.006924 0.999952
572.84936523 360.56185913 -53.44476700 0.019091 -0.009043 0.999777
574.17120361 359.47717285 -53.62702179 0.243512 -0.755674 0.607996
574.36077881 359.41934204 -53.81643295 0.136486 -0.970711 0.197714
573.96575928 359.57678223 -53.52418137 0.194566 -0.511302 0.837087
573.30639648 359.98794556 -53.44852448 0.014924 -0.004975 0.999876
573.08190918 360.13717651 -53.44854736 0.014983 -0.008990 0.999847
572.85803223 360.28509521 -53.44583511 0.014924 0.002985 0.999884
572.63415527 360.43276978 -53.44263840 0.004955 -0.008919 0.999948
574.12664795 359.33993530 -53.91730499 0.152450 -0.981781 0.113423
574.28277588 359.36978149 -54.28845596 0.260927 -0.959327 -0.107746
573.94610596 359.37417603 -53.67900085 0.171953 -0.829862 0.530812
573.74420166 359.46429443 -53.55651855 0.230857 -0.701995 0.673727
572.86688232 360.00775146 -53.44577026 0.029251 -0.003026 0.999568
572.64288330 360.15573120 -53.44320679 0.004955 0.008919 0.999948
574.40075684 359.49942017 -54.86643219 0.442075 -0.896244 -0.036280
574.17285156 359.40365601 -54.93339157 0.338795 -0.940819 -0.008816
574.31823730 359.46166992 -55.36291504 0.376883 -0.926239 0.006388
574.03100586 359.33642578 -54.48479843 0.329569 -0.893267 -0.305709
573.88183594 359.28848267 -54.07609940 0.044709 -0.989323 0.138712
573.70977783 359.30041504 -53.79156494 0.124408 -0.931007 0.343146
573.52270508 359.35171509 -53.58861923 0.229857 -0.617644 0.752118
572.19445801 360.45318604 -53.44110870 0.004936 -0.006910 0.999964
571.97045898 360.60113525 -53.43851471 0.010858 -0.000987 0.999941
571.97906494 360.32446289 -53.43979263 0.008919 -0.004955 0.999948
572.20306396 360.17645264 -53.44229126 0.008919 0.006937 0.999936
571.75482178 360.47320557 -53.43877411 0.006910 -0.004936 0.999964
574.08410645 359.38217163 -55.46360779 0.265128 -0.963990 0.020770
574.23449707 359.42706299 -55.86596298 0.520642 -0.853084 0.034343
573.93322754 359.33862305 -55.06410599 0.220265 -0.975120 -0.025003
573.77581787 359.31219482 -54.70000839 0.106544 -0.994040 0.023066
573.62133789 359.27816772 -54.32018661 0.176237 -0.982908 -0.053226
573.48077393 359.20751953 -53.86450195 -0.053256 -0.996657 -0.061951
571.98797607 360.04711914 -53.43968582 -0.002961 -0.006910 0.999972
571.76354980 360.19622803 -53.43942261 0.006910 -0.004936 0.999964
574.38824463 359.46304321 -56.24983597 0.481165 -0.800877 0.356478
574.16693115 359.34979248 -56.28064728 0.086298 -0.908186 0.409574
573.99279785 359.36727905 -56.00764084 0.163135 -0.977564 0.133248
573.84039307 359.32769775 -55.61628723 0.181597 -0.983367 -0.003426
573.68286133 359.30163574 -55.25297928 0.158384 -0.987372 -0.003370
573.52630615 359.27288818 -54.88412476 0.116899 -0.993095 0.009833
573.38067627 359.21554565 -54.45595551 0.145172 -0.988772 0.035436
573.22998047 359.17160034 -54.05559921 0.010966 -0.999880 0.010966
573.94616699 359.23541260 -56.30902863 0.169456 -0.728202 0.664083
573.75164795 359.30615234 -56.14637375 0.162099 -0.943988 0.287419
573.58862305 359.29446411 -55.81285858 0.153803 -0.987754 0.026203
573.43554688 359.25668335 -55.42524719 -0.018148 -0.966695 -0.255285
573.26739502 359.25845337 -55.11964035 0.064388 -0.996372 -0.055657
573.10754395 359.23828125 -54.76856613 0.247821 -0.964595 -0.090232
572.85888672 359.26623535 -53.63318634 -0.759415 -0.566752 -0.319500
572.65234375 359.36856079 -53.53599548 -0.347565 -0.846313 0.403674
572.61706543 359.20681763 -53.77547073 0.359094 -0.920791 -0.152301
572.80682373 359.14859009 -53.96406174 0.104070 -0.994569 -0.001073
572.42346191 359.27526855 -53.60808563 0.330699 -0.559768 0.759801
573.51666260 359.22900391 -56.25189590 -0.137495 -0.866945 0.479063
573.32751465 359.28564453 -56.06001282 0.134439 -0.969243 0.206140
573.19000244 359.20715332 -55.58803940 0.128992 -0.988939 -0.073212
573.02624512 359.19726563 -55.25828552 0.340664 -0.939092 0.045335
572.55352783 359.11935425 -54.16894913 0.043908 -0.914079 0.403153
572.37322998 359.15289307 -53.92914963 0.387580 -0.851431 -0.353336
572.21386719 359.38562012 -53.52749252 0.094962 -0.623830 0.775770
572.18078613 359.21832275 -53.75545502 0.547362 -0.537257 -0.641677
571.98693848 359.28729248 -53.58911896 0.180234 -0.880657 0.438131
573.28857422 359.13369751 -56.31982422 0.303355 -0.786183 0.538416
573.10485840 359.17617798 -56.09858704 0.341234 -0.910442 0.233782
572.29296875 359.10913086 -54.41319656 0.343829 -0.921122 -0.182526
572.45886230 359.11331177 -54.73115921 -0.015466 -0.999072 -0.040210
572.10876465 359.15280151 -54.19444656 0.449384 -0.889028 0.087651
572.63330078 359.09518433 -55.00282288 0.174164 -0.916130 0.361071
572.36389160 359.10800171 -55.29501724 0.348184 -0.907609 -0.234551
572.20758057 359.07873535 -54.92502213 0.189222 -0.979855 -0.063877
572.03845215 359.08297729 -54.62454224 0.171617 -0.962891 0.208299
569.55584717 360.57592773 -53.43264771 -0.042635 -0.079803 0.995898
569.33184814 360.72412109 -53.43046951 -0.067810 -0.074480 0.994914
569.33282471 360.46734619 -53.47312927 -0.196733 -0.299984 0.933438
569.55828857 360.31533813 -53.46735001 -0.175256 -0.332285 0.926753
569.10839844 360.61654663 -53.47312164 -0.274452 -0.232229 0.933138
572.07562256 359.17034912 -55.68964005 0.180865 -0.947841 -0.262458
572.23278809 359.19750977 -56.05525970 -0.156876 -0.986578 0.045320
571.93371582 359.10339355 -55.24161911 0.569694 -0.779995 -0.258952
570.23144531 359.86810303 -53.46827316 -0.150903 -0.265750 0.952158
570.00671387 360.01809692 -53.46987915 -0.095784 -0.205251 0.974011
570.00183105 359.77679443 -53.54443741 -0.376362 -0.489431 0.786644
570.21594238 359.65457153 -53.60043716 -0.254087 -0.799672 0.544026
569.78137207 360.16967773 -53.47475815 -0.130937 -0.271133 0.953594
569.77777100 359.92504883 -53.54243088 -0.522262 -0.736439 0.430001
569.54962158 360.08401489 -53.56267548 -0.338460 -0.514908 0.787601
569.32543945 360.23257446 -53.56129456 -0.701001 -0.315693 0.639481
569.10028076 360.38357544 -53.56497955 -0.175381 -0.338135 0.924611
572.42218018 359.14004517 -56.24544907 -0.058033 -0.908277 0.414325
571.98468018 359.15466309 -56.23191452 0.075151 -0.905911 0.416746
571.81280518 359.16604614 -55.94617462 0.332842 -0.932780 0.138342
569.71075439 359.84652710 -53.95444870 -0.390235 -0.883635 0.258661
569.49462891 359.97390747 -53.90920258 -0.566839 -0.773251 0.284213
571.63970947 358.92660522 -55.71538925 -0.060397 0.166979 0.984109
571.35491943 359.23403931 -56.04326630 -0.287851 -0.957445 0.021002
569.25604248 360.09088135 -55.30121231 -0.543395 -0.740397 -0.395644
568.87158203 360.40542603 -56.21859741 -0.606351 -0.748835 0.267554
569.09832764 360.25012207 -56.20597458 0.518699 -0.449097 0.727504
568.64129639 360.56997681 -56.25036240 -0.334043 -0.659939 0.672975
568.40802002 360.74240112 -56.29849243 -0.644606 -0.747743 0.159256
567.96374512 365.64468384 -53.41209793 0.000981 0.002944 0.999995
567.72741699 365.76779175 -53.41193771 0.002938 0.000979 0.999995
567.76556396 365.48660278 -53.41193390 -0.000978 0.000978 0.999999
568.00177002 365.36364746 -53.41239548 0.006910 0.002961 0.999972
567.52972412 365.60818481 -53.40879059 0.018978 -0.002996 0.999815
567.80352783 365.20568848 -53.41258240 -0.000981 -0.002944 0.999995
567.56738281 365.32824707 -53.41130829 0.007006 -0.017014 0.999831
572.63171387 360.34957886 -53.44261932 0.000979 0.000979 0.999999
572.39562988 360.47195435 -53.44105530 0.000983 -0.006883 0.999976
572.43347168 360.19165039 -53.44272995 -0.000983 0.004916 0.999987
572.66992188 360.06805420 -53.44199753 0.010966 0.010966 0.999880
572.15942383 360.59484863 -53.44046021 0.004916 -0.000983 0.999987
572.19720459 360.31472778 -53.44248581 0.004916 -0.002950 0.999984
571.96136475 360.43643188 -53.43960190 0.006896 -0.000985 0.999976
572.47180176 359.90985107 -53.44155884 -0.019281 0.021311 0.999587
572.23547363 360.03305054 -53.44155884 -0.002979 0.014894 0.999885
571.99932861 360.15563965 -53.44036865 0.002950 0.004916 0.999984
567.98425293 362.24234009 -53.42535400 0.007172 -0.044059 0.999003
567.74591064 362.37158203 -53.43694305 -0.126706 -0.073233 0.989233
567.78076172 362.10000610 -53.45550919 -0.219804 -0.255747 0.941424
568.01910400 361.97076416 -53.44393539 -0.158991 -0.082484 0.983828
567.53613281 362.24804688 -53.50317383 -0.349047 -0.151578 0.924765
571.80108643 359.99761963 -53.44039536 -0.002944 -0.000981 0.999995
571.56500244 360.12011719 -53.43903351 -0.012985 0.008990 0.999875
571.60266113 359.84024048 -53.44158554 0.015132 0.019167 0.999702
571.83782959 359.72061157 -53.44844437 -0.029428 0.009133 0.999525
571.36645508 359.96316528 -53.44106293 0.003032 0.031329 0.999505
567.81011963 361.84506226 -53.50584793 -0.404299 -0.351225 0.844502
567.57135010 361.97558594 -53.51986694 0.180254 -0.290332 0.939796
572.07318115 359.60028076 -53.45396805 -0.028056 -0.131303 0.990945
571.86968994 359.45803833 -53.48418808 -0.124651 0.034812 0.991590
572.09844971 359.35760498 -53.52786636 0.012070 -0.492198 0.870399
571.63879395 359.56515503 -53.45328522 -0.012648 -0.182816 0.983066
571.40380859 359.68417358 -53.44525528 0.025409 0.113790 0.993180
571.87945557 359.26168823 -53.64693832 -0.449468 -0.535713 0.714836
571.66351318 359.32391357 -53.52994537 -0.549174 -0.472390 -0.689388
568.59796143 360.90533447 -53.49103546 -0.039047 -0.190502 0.980910
568.34802246 361.06915283 -53.56898117 -0.521351 -0.416094 0.745022
568.35864258 360.87011719 -53.72671509 -0.828435 -0.530739 0.178918
568.61077881 360.69964600 -53.63601685 -0.090154 -0.837148 0.539495
570.26434326 359.58688354 -56.08964920 -0.413009 -0.768883 0.488102
570.02050781 359.73245239 -56.13257217 -0.491184 -0.862812 0.119555
569.55902100 359.94534302 -56.06820679 -0.791404 -0.594671 0.141588
569.31634521 360.08755493 -56.10468674 -0.751089 0.458542 -0.474978
573.30505371 359.20996094 -53.76159286 0.494408 -0.732518 0.467951
573.05743408 359.17160034 -53.99301529 0.019730 -0.906275 -0.422227
573.21990967 359.21240234 -54.38737488 0.195544 -0.975231 -0.103377
571.75396729 359.99893188 -53.44082642 -0.002944 -0.000981 0.999995
571.52496338 360.13085938 -53.43866730 -0.010944 0.008954 0.999900
571.54534912 359.85937500 -53.44249344 0.001001 -0.023017 0.999735
571.77368164 359.72915649 -53.44859314 -0.044059 0.007172 0.999003
571.31628418 359.99151611 -53.44084930 -0.009061 0.021142 0.999735
572.97808838 359.15899658 -54.58456039 0.219655 -0.967254 -0.127169
573.12274170 359.24603271 -55.08386993 0.168628 -0.985020 0.036052
572.00122070 359.60095215 -53.45925140 -0.062995 -0.120263 0.990741
571.78814697 359.47311401 -53.48736572 -0.080884 -0.130118 0.988194
572.00946045 359.36105347 -53.53469086 -0.517227 -0.298948 0.801939
571.56567383 359.58801270 -53.44651794 -0.048649 -0.186291 0.981289
571.33691406 359.71932983 -53.44295883 0.030267 0.038616 0.998796
573.46728516 359.27651978 -55.75653076 0.148285 -0.988939 0.003345
573.29663086 359.25708008 -55.41068649 0.056459 -0.979017 -0.195803
573.21557617 359.24890137 -56.01224899 0.312007 -0.894222 0.320965
573.40753174 359.21313477 -56.23273849 0.199644 -0.943148 0.265734
573.05499268 359.20324707 -55.60684204 0.185456 -0.982571 -0.012671
572.91345215 359.10827637 -55.08951187 0.430214 -0.900036 0.069654
572.73321533 359.11367798 -54.80002213 0.064512 -0.996103 -0.060138
571.77294922 359.29406738 -53.70098495 0.404240 -0.873582 0.271007
571.97467041 359.23275757 -53.86352158 -0.155584 -0.945677 0.285462
571.57189941 359.35336304 -53.53385925 -0.016686 -0.365800 0.930544
571.35119629 359.46389771 -53.48310852 -0.120054 -0.504806 0.854844
571.12451172 359.58969116 -53.46702194 -0.214568 -0.515875 0.829357
568.58685303 361.30810547 -53.42952347 -0.076848 -0.070166 0.994571
568.35467529 361.44842529 -53.44636917 -0.157630 -0.111197 0.981218
568.36724854 361.19723511 -53.49617004 -0.339512 -0.283174 0.896964
568.60174561 361.05105591 -53.46603012 -0.201307 -0.185518 0.961800
568.13079834 361.34848022 -53.53788376 -0.338548 -0.204272 0.918509
573.18591309 359.10742188 -56.31114960 -0.242935 -0.757017 0.606554
572.98394775 359.16918945 -56.14960861 0.085441 -0.962807 0.256324
572.80438232 359.17282104 -55.85614395 0.138624 -0.990330 -0.005545
572.64703369 359.11883545 -55.43189621 -0.101487 -0.993680 -0.047955
571.72662354 359.19564819 -54.09762955 0.066727 -0.963135 0.260613
571.52789307 359.24908447 -53.91724777 -0.091746 -0.940064 0.328424
571.31933594 359.32794189 -53.79459381 -0.135028 -0.917359 0.374460
571.11370850 359.39926147 -53.65475082 -0.391665 -0.875575 0.282785
570.89776611 359.49728394 -53.57560349 -0.427241 -0.673279 0.603457
569.52307129 360.50933838 -53.44298553 -0.033741 -0.083809 0.995910
569.29333496 360.64318848 -53.44515610 -0.086640 -0.073138 0.993551
569.30407715 360.39678955 -53.50583649 -0.299787 -0.445797 0.843441
569.53552246 360.25848389 -53.49351883 -0.203908 -0.228214 0.952019
569.06390381 360.77633667 -53.44570923 -0.069089 -0.144034 0.987158
569.07391357 360.53176880 -53.51055145 -0.373153 -0.291573 0.880762
568.83386230 360.91098022 -53.44970322 -0.116578 -0.194297 0.973991
568.84307861 360.66857910 -53.51949310 -0.301086 -0.424608 0.853848
568.61071777 360.80914307 -53.53691101 -0.247089 -0.164281 0.954965
568.37225342 360.96569824 -53.59064102 -0.677996 -0.133204 0.722896
568.12854004 361.13586426 -53.67528534 -0.560402 -0.466723 0.684192
572.75079346 359.09338379 -56.29590607 0.032133 -0.797739 0.602146
572.54589844 359.16281128 -56.15184021 -0.255868 -0.884315 0.390535
572.36041260 359.18179321 -55.89319611 -0.080285 -0.996606 -0.018198
571.06921387 359.29626465 -54.04103851 -0.180800 -0.841245 0.509528
570.85815430 359.38156128 -53.93299103 -0.226121 -0.933979 0.276682
570.67681885 359.60833740 -53.52602386 0.539717 -0.143432 0.829538
570.65087891 359.45718384 -53.80294037 -0.158050 -0.935932 0.314726
570.45526123 359.72109985 -53.48033142 -0.100252 -0.470195 0.876850
570.43945313 359.54357910 -53.69738388 -0.151233 -0.928212 0.339928
570.22399902 359.64025879 -53.61520767 -0.282624 -0.819765 0.498105
569.76538086 360.12438965 -53.49081039 -0.256414 -0.220377 0.941109
569.53588867 360.03912354 -53.61562729 -0.743182 -0.459751 0.486117
569.76672363 359.90234375 -53.60676956 -0.586212 -0.760963 0.278014
569.30151367 360.18502808 -53.64513779 -0.910044 -0.408231 0.071881
568.84130859 360.45458984 -53.65377045 -0.778959 -0.411433 0.473230
572.31005859 359.09378052 -56.31364059 0.049203 -0.916234 0.397611
572.10522461 359.16314697 -56.16938400 -0.001213 -0.959249 0.282560
570.80065918 359.31225586 -54.39586639 -0.188376 -0.981661 -0.029251
571.00378418 359.24746704 -54.55049896 -0.629102 -0.776961 0.023713
570.38098145 359.47668457 -54.16574860 -0.334358 -0.940626 0.058545
569.49346924 359.93057251 -53.98942184 -0.496205 -0.814406 0.300873
569.71624756 359.81466675 -54.02800751 -0.162131 -0.896743 0.411784
570.68505859 359.39364624 -55.20080566 -0.361347 -0.925867 -0.110449
569.41827393 359.90719604 -54.55649567 -0.503909 -0.862059 0.054139
569.18499756 360.05020142 -54.57944107 -0.530325 -0.847706 0.012207
570.34820557 359.58700562 -55.95822525 -0.348561 -0.933502 0.084135
570.57324219 359.46536255 -55.98373413 -0.359054 -0.824083 0.438140
570.28302002 359.51235962 -54.86687469 -0.708204 -0.705388 0.029567
569.94250488 359.71517944 -55.64580536 -0.478780 -0.876621 -0.048015
570.13830566 359.66943359 -55.84364319 -0.472862 -0.876970 -0.085592
569.04425049 360.19699097 -55.53283691 -0.625190 -0.759705 0.178844
569.24877930 360.12850952 -55.67906570 -0.562831 -0.790457 -0.241659
570.30963135 359.46862793 -56.30958939 -0.483599 -0.828805 0.281451
570.08746338 359.58294678 -56.26738739 -0.403090 -0.557745 -0.725562
569.86083984 359.70867920 -56.25115585 -0.168580 -0.757849 -0.630275
569.64031982 359.81857300 -56.19894791 -0.335040 -0.832095 0.442001
569.40740967 359.96075439 -56.22000885 -0.516247 -0.775179 -0.364124
569.17376709 360.10461426 -56.24493027 -0.273827 -0.191266 0.942569
575.56768799 359.95471191 -56.33407211 0.184827 -0.334382 0.924136
566.98541260 363.22656250 -53.53957748 -0.491965 0.004000 0.870606
567.28472900 363.11352539 -53.44249725 -0.293221 0.101247 0.950668
567.22204590 363.36553955 -53.43842316 -0.308457 -0.220326 0.925371
566.90991211 363.48550415 -53.56674194 -0.575528 -0.055149 0.815920
576.33618164 360.84814453 -53.52042770 0.239950 -0.372438 0.896501
576.54394531 360.78457642 -53.64640427 0.442001 -0.335040 0.832095
576.52642822 361.01217651 -53.53219986 0.276966 -0.339172 0.899028
576.29559326 361.08822632 -53.46251678 0.081982 -0.040445 0.995813
576.73535156 360.94799805 -53.65552139 0.435096 -0.487636 0.756903
576.48999023 361.24996948 -53.46426773 0.066526 -0.093588 0.993386
576.71929932 361.17477417 -53.53780365 0.351274 -0.426885 0.833292
577.60943604 362.24584961 -53.58913422 0.637471 -0.257836 0.726052
577.77648926 362.42242432 -53.65751648 0.768550 0.055609 0.637369
577.58099365 362.47937012 -53.50165558 0.392843 -0.219227 0.893092
577.75799561 362.65051270 -53.54578400 0.452336 -0.372418 0.810368
567.63037109 366.44180298 -53.40949631 0.010923 -0.006951 0.999916
567.88916016 366.35067749 -53.41116714 -0.002967 -0.010880 0.999936
567.82501221 366.60342407 -53.41061783 -0.019053 -0.007020 0.999794
567.56683350 366.69424438 -53.40756226 0.004926 -0.004926 0.999976
568.08489990 366.51168823 -53.40958786 -0.023063 -0.005014 0.999721
567.30615234 366.78640747 -53.41051483 -0.291359 0.123728 0.948579
567.50292969 366.94689941 -53.40637207 -0.068187 -0.009441 0.997628
567.21575928 367.05340576 -53.47402191 -0.407378 0.066317 0.910849
567.76147461 366.85592651 -53.40874863 0.000983 -0.004916 0.999987
568.02056885 366.76461792 -53.40966797 -0.002973 -0.010901 0.999936
568.27984619 366.67321777 -53.41008377 0.000981 -0.002944 0.999995
567.43420410 367.20211792 -53.41704941 -0.184445 0.166387 0.968657
567.69818115 367.10821533 -53.40615845 0.021185 -0.011097 0.999714
567.95678711 367.01715088 -53.40814209 -0.006951 -0.008937 0.999936
568.21618652 366.92568970 -53.40842438 -0.000987 -0.010858 0.999941
567.63555908 367.36013794 -53.40195847 -0.094240 0.045457 0.994511
567.89324951 367.26959229 -53.40625763 -0.004975 -0.012934 0.999904
568.15374756 367.17749023 -53.40367126 0.004936 -0.004936 0.999976
567.83105469 367.52124023 -53.40089035 -0.005014 0.023063 0.999721
568.08935547 367.43038940 -53.40382004 -0.000979 -0.000979 0.999999
568.35083008 368.25891113 -53.40390015 -0.017116 -0.013089 0.999768
568.60931396 368.16793823 -53.40635681 0.008919 -0.004955 0.999948
568.54486084 368.42092896 -53.40663528 0.027731 -0.023623 0.999336
568.28912354 368.51040649 -53.39749527 -0.187140 -0.051255 0.980995
568.86810303 368.07678223 -53.40795135 0.004907 -0.000981 0.999987
568.80383301 368.32968140 -53.40784454 0.006883 0.000983 0.999976
569.06286621 368.23840332 -53.40886307 0.002956 0.004926 0.999984
568.48236084 368.67279053 -53.40214539 -0.193003 0.087282 0.977308
568.73870850 368.58294678 -53.40972900 0.004916 -0.002950 0.999984
568.99853516 368.49124146 -53.40880203 0.002938 0.000979 0.999995
569.25805664 368.39971924 -53.40865707 -0.002944 0.000981 0.999995
568.67626953 368.83477783 -53.40507126 -0.070309 -0.079237 0.994373
568.39831543 368.93627930 -53.45008469 -0.400477 0.329349 0.855072
568.93304443 368.74472046 -53.41160583 0.011163 -0.027399 0.999562
569.19348145 368.65267944 -53.40921402 -0.008919 0.004955 0.999948
569.45312500 368.56109619 -53.40877533 -0.000979 0.000979 0.999999
568.59887695 369.09469604 -53.43686676 -0.219919 0.365560 0.904434
568.87188721 368.99588013 -53.40389252 0.029965 -0.027898 0.999162
569.12915039 368.90554810 -53.40915298 -0.004926 0.004926 0.999976
569.38934326 368.81365967 -53.40741730 -0.000978 0.000978 0.999999
569.64855957 368.72229004 -53.40801239 -0.004926 -0.004926 0.999976
568.78997803 369.25820923 -53.44668198 -0.284261 0.322555 0.902859
569.06518555 369.15820313 -53.40825653 -0.040042 0.070344 0.996719
569.32476807 369.06661987 -53.40797424 0.013115 -0.019167 0.999730
569.58483887 368.97479248 -53.40645218 -0.000981 -0.002944 0.999995
569.84429932 368.88330078 -53.40647125 0.000981 -0.002944 0.999995
568.98248291 369.42105103 -53.45302582 -0.262887 0.339256 0.903214
569.26141357 369.31903076 -53.40563583 -0.060269 0.064652 0.996086
569.52008057 369.22796631 -53.40757751 0.003014 -0.027126 0.999627
569.78094482 369.13568115 -53.40409851 0.000987 -0.008884 0.999960
570.10321045 368.79208374 -53.40786743 0.004926 0.004926 0.999976
570.03973389 369.04452515 -53.40572739 0.006896 0.000985 0.999976
570.29907227 368.95312500 -53.40618515 0.002944 0.000981 0.999995
569.17480469 369.58392334 -53.45987320 -0.268494 0.357498 0.894486
569.45800781 369.47958374 -53.40198517 -0.054018 0.078270 0.995468
569.71636963 369.38867188 -53.40469360 0.021654 -0.034028 0.999186
569.97546387 369.29739380 -53.40567017 0.002956 -0.004926 0.999984
570.23419189 369.20626831 -53.40735626 0.009025 -0.019053 0.999778
569.36553955 369.74761963 -53.47046661 -0.287862 0.438720 0.851270
569.65277100 369.64111328 -53.40281677 -0.006978 0.012960 0.999892
569.91223145 369.54962158 -53.40283585 0.019091 -0.009043 0.999777
570.16986084 369.45910645 -53.40739441 0.034164 -0.027952 0.999025
569.54595947 369.91690063 -53.50627136 -0.337900 0.517260 0.786299
569.84692383 369.80300903 -53.40518951 -0.100761 0.159033 0.982118
570.10681152 369.71127319 -53.40422821 0.004916 0.002950 0.999984
570.36480713 369.62054443 -53.40776062 0.030085 -0.032160 0.999030
569.73016357 370.08422852 -53.53290558 -0.328521 0.587453 0.739576
570.03564453 369.96786499 -53.42075348 -0.202560 0.321546 0.924975
570.30242920 369.87240601 -53.40291977 0.070717 0.011610 0.997429
570.62371826 369.52932739 -53.40906143 0.027344 -0.011140 0.999564
570.56042480 369.78170776 -53.40655518 0.025831 -0.032031 0.999153
570.88189697 369.43853760 -53.41219330 -0.004926 0.002956 0.999984
570.81707764 369.69171143 -53.41342163 0.006924 -0.006924 0.999952
571.14178467 369.34683228 -53.41128540 0.000983 0.004916 0.999987
571.07714844 369.59988403 -53.41198349 0.002944 -0.000981 0.999995
571.33654785 369.50845337 -53.41218948 0.012960 -0.006978 0.999892
570.22924805 370.13003540 -53.42448044 -0.062572 0.374103 0.925274
570.49749756 370.03378296 -53.40307236 0.054241 0.137334 0.989039
570.75543213 369.94311523 -53.40686035 0.001009 -0.031266 0.999511
571.01251221 369.85290527 -53.41259384 0.025168 0.007047 0.999658
571.27252197 369.76110840 -53.41132736 0.084718 0.018230 0.996238
571.53149414 369.66986084 -53.41246796 0.011009 -0.013011 0.999855
570.40527344 370.30172729 -53.47109222 -0.123823 0.288921 0.949312
570.69030762 370.19641113 -53.40872574 -0.086461 0.070741 0.993741
570.94982910 370.10485840 -53.40860748 0.001014 -0.039563 0.999217
571.20709229 370.01452637 -53.41390991 -0.005033 -0.027180 0.999618
571.46722412 369.92266846 -53.41230392 -0.021610 -0.033958 0.999190
571.72631836 369.83139038 -53.41329956 0.001003 -0.027071 0.999633
570.56835938 370.48037720 -53.54911041 -0.262389 0.669491 0.694934
570.88482666 370.35806274 -53.41017914 -0.107550 0.257861 0.960177
571.14593506 370.26568604 -53.40621567 -0.013192 0.027398 0.999538
571.40588379 370.17391968 -53.40505981 0.000989 -0.012857 0.999917
571.66113281 370.08471680 -53.41533279 -0.057959 -0.064520 0.996232
571.92108154 369.99295044 -53.41415024 -0.014894 0.000993 0.999889
571.06335449 370.52847290 -53.45066833 -0.102964 0.555428 0.825166
571.34490967 370.42501831 -53.39673996 0.029964 0.112087 0.993247
571.60125732 370.33517456 -53.40436172 0.035944 0.015404 0.999235
571.85821533 370.24505615 -53.41056061 0.012960 -0.008972 0.999876
571.51660156 370.59902954 -53.45383453 -0.048707 0.532993 0.844717
571.79144287 370.49923706 -53.41644669 0.010614 0.220538 0.975321
576.26269531 368.69296265 -53.42623520 -0.013271 -0.031646 0.999411
576.52331543 368.60086060 -53.42347717 0.004994 -0.018977 0.999807
576.45825195 368.85409546 -53.42523575 0.044509 0.017596 0.998854
576.20068359 368.94458008 -53.42062378 0.021185 -0.011097 0.999714
576.70935059 368.76712036 -53.44563293 0.137685 0.078845 0.987333
576.38250732 369.11309814 -53.45288849 0.226092 0.228833 0.946846
576.62792969 369.02917480 -53.48719788 0.382453 0.515904 0.766533
578.78588867 366.04614258 -56.33479691 0.313508 0.149225 0.937787
578.77349854 366.36032104 -56.33000565 -0.067109 -0.064909 0.995632
577.98486328 367.76602173 -56.33162689 0.763691 0.624010 0.165492
578.01354980 367.76226807 -56.03447342 0.750049 0.657912 0.067663
577.86059570 367.93093872 -56.14621353 0.692231 0.707312 -0.143272
577.89111328 367.92907715 -55.84753418 0.792378 0.609841 -0.015211
577.72686768 368.08605957 -55.96862411 0.581438 0.777849 -0.238499
577.76605225 368.09317017 -55.66276169 0.717319 0.691022 -0.089117
577.79663086 368.09140015 -55.36402130 0.684362 0.727224 -0.052863
577.63128662 368.24722290 -55.48602676 0.768703 0.630542 -0.107295
577.67047119 368.25436401 -55.18016052 0.788492 0.609092 -0.085360
577.59210205 368.24011230 -55.79189301 0.732462 0.666285 -0.139875
577.61126709 368.32681274 -56.32278824 0.782087 0.443887 0.437383
577.71917725 368.17105103 -54.04621506 0.854385 0.503348 0.129101
577.72839355 368.21398926 -54.31200027 0.821701 0.564473 0.078598
577.60253906 368.37728882 -54.12786484 0.842507 0.533824 0.072215
577.59802246 368.33917236 -53.85821152 0.825367 0.485235 0.288645
577.59802246 368.40606689 -54.40497589 0.818815 0.573858 0.015138
577.69647217 368.24786377 -54.88520050 0.875542 0.482826 -0.017484
577.57238770 368.44641113 -54.97299957 0.842661 0.531832 -0.084124
577.58184814 368.42276001 -54.69177628 0.833087 0.553126 0.004077
577.54199219 368.44839478 -55.27158737 0.851925 0.517392 -0.080798
577.49969482 368.43801880 -55.58003998 0.819740 0.545992 -0.172973
577.44006348 368.40975952 -55.90283966 0.713976 0.700058 -0.012526
577.43927002 368.44235229 -56.17690659 0.734487 0.543882 0.405858
577.48126221 368.54528809 -53.93995285 0.828410 0.559212 0.031915
577.48089600 368.57833862 -54.21365356 0.814385 0.578900 0.040649
577.46435547 368.59469604 -54.50072479 0.801610 0.596645 -0.037904
577.44061279 368.60351563 -54.79383087 0.804334 0.593906 0.017997
577.43597412 368.63214111 -55.07106400 0.813082 0.581952 -0.015134
577.41601563 368.64492798 -55.36100006 0.805735 0.578892 -0.125206
577.34552002 368.60540771 -55.69278336 0.770820 0.593297 -0.232024
577.27264404 368.56338501 -56.02661133 0.771720 0.618279 0.148928
577.34063721 368.66726685 -56.24359894 0.470884 0.402922 0.784807
577.34387207 368.73004150 -54.03880692 0.779942 0.620770 0.079586
577.34472656 368.76440430 -54.31147385 0.778829 0.627199 0.006892
577.31793213 368.77008057 -54.60707474 0.793678 0.608071 -0.018007
577.31457520 368.80007935 -54.88321304 0.793948 0.607628 0.020857
577.29754639 368.81585693 -55.17074203 0.783175 0.621235 -0.026525
577.25604248 368.80633545 -55.47852707 0.744311 0.646896 -0.165910
577.18499756 368.76623535 -55.81079865 0.779671 0.604055 -0.165018
577.16998291 368.78411865 -56.09665298 0.760120 0.532247 0.372735
577.25292969 368.90344238 -56.30127716 0.575664 0.419720 0.701745
577.20703125 368.91540527 -54.13717651 0.759391 0.647420 0.064598
577.20471191 368.87957764 -53.86569977 0.659218 0.672240 0.336934
577.19622803 368.93765259 -54.41952896 0.778841 0.627208 0.004135
577.18206787 368.95648193 -54.70462036 0.773951 0.633232 0.004139
577.16650391 368.97381592 -54.99090195 0.757770 0.652485 -0.006927
577.14758301 368.98760986 -55.28001785 0.762897 0.640367 -0.088980
577.08874512 368.96011353 -55.60217667 0.743649 0.631400 -0.219821
577.01562500 368.91787720 -55.93615341 0.753081 0.656641 0.041129
577.05596924 368.99307251 -56.17610931 0.652123 0.551018 0.520687
577.06097412 369.05776978 -53.96979523 0.735317 0.663138 0.139846
577.06182861 369.09213257 -54.24246216 0.755513 0.654592 0.026632
577.03112793 369.12716675 -54.81471634 0.745961 0.665988 0.001379
577.01617432 369.14517212 -55.10047913 0.751398 0.659730 -0.012500
576.98980713 369.15127563 -55.39574432 0.725239 0.674187 -0.139642
576.91839600 369.11077881 -55.72832108 0.733371 0.649999 -0.199168
576.87762451 369.10202026 -56.03549957 0.732798 0.628338 0.261148
576.94274902 369.20291138 -56.25489426 0.585785 0.541893 0.602667
576.92199707 369.24087524 -54.06996155 0.722699 0.681148 0.117235
576.90106201 369.18576050 -53.81392288 0.823837 0.524260 0.215512
576.90966797 369.26156616 -54.35356140 0.724889 0.688853 0.004158
576.87878418 369.29647827 -54.92593765 0.718114 0.695890 0.006945
576.89276123 369.27752686 -54.64093781 0.723506 0.690305 0.004150
576.86474609 369.31539917 -55.21094131 0.718060 0.695664 -0.020996
576.81219482 369.29440308 -55.52792358 0.699052 0.683483 -0.210183
576.73974609 369.25283813 -55.86135483 0.679189 0.721170 -0.136438
576.75250244 369.29949951 -56.12414932 0.644110 0.640782 0.417756
576.82995605 369.41308594 -56.33337402 0.504203 0.534355 0.678413
576.75964355 369.36639404 -53.91606903 0.690695 0.696875 0.193147
576.76733398 369.40777588 -54.18310165 0.691541 0.720176 0.055839
576.74853516 369.42178345 -54.47206116 0.691689 0.722184 -0.004158
576.73211670 369.43820190 -54.75907516 0.687475 0.726206 0.001383
576.71520996 369.45413208 -55.04648209 0.680286 0.732935 0.004157
576.69836426 369.47012329 -55.33382797 0.682610 0.721277 -0.117486
576.62573242 369.42834473 -55.66744232 0.686566 0.692821 -0.220514
576.56237793 369.39624023 -55.99331665 0.597920 0.747799 0.288596
576.61926270 369.48858643 -56.21953583 0.554326 0.652049 0.517258
576.60455322 369.53280640 -54.02960587 0.658032 0.736693 0.155810
576.59960938 369.56115723 -54.30708694 0.674348 0.738307 0.012514
576.58099365 369.57528687 -54.59592438 0.670261 0.742124 -0.001382
576.56329346 369.59045410 -54.88394165 0.662897 0.748699 -0.004152
576.54675293 369.60671997 -55.17107391 0.642920 0.765647 -0.020919
576.51037598 369.60253906 -55.47459412 0.630348 0.753044 -0.188644
576.41973877 369.57553101 -56.09652710 0.580326 0.715133 0.389624
576.49005127 369.68179321 -56.31163025 0.376734 0.536561 0.755099
576.44836426 369.69812012 -54.14402771 0.647085 0.755666 0.101245
576.42755127 369.64315796 -53.88787079 0.591640 0.786318 0.177948
576.42889404 369.71139526 -54.43356705 0.651127 0.758957 -0.004147
576.41162109 369.72695923 -54.72124863 0.652716 0.757592 0.004140
576.38958740 369.73757935 -55.01292038 0.644897 0.764168 -0.012482
576.36083984 369.74124146 -55.31013489 0.610599 0.784215 -0.110349
576.27227783 369.74990845 -56.20370102 0.520970 0.707388 0.477695
576.27050781 369.80755615 -54.00302124 0.568817 0.802412 0.180505
576.27215576 369.84274292 -54.27501678 0.612844 0.789545 0.032255
576.25219727 369.85549927 -54.56495285 0.620780 0.783925 0.009678
576.23657227 369.87277222 -54.85129547 0.634246 0.773031 -0.012491
576.21307373 369.88186646 -55.14415359 0.634373 0.771226 -0.052746
576.16180420 369.86221313 -55.46007156 0.606146 0.771877 -0.191818
576.12420654 369.92364502 -56.31135941 0.281451 0.483599 0.828805
576.07598877 369.84027100 -56.07795334 0.670845 0.735434 0.095416
576.10650635 369.96478271 -54.12389755 0.681993 0.720794 0.123863
576.07214355 369.89575195 -53.87900925 -0.685495 0.723336 -0.082958
576.08544922 369.97640991 -54.41474915 0.576995 0.816607 0.015148
576.07556152 369.99966431 -54.69630814 0.594653 0.803547 0.026460
576.05670166 370.01351929 -54.98535919 0.587707 0.807569 -0.049328
576.02752686 370.01675415 -55.28293991 0.600322 0.796110 -0.076300
575.96386719 369.98428345 -55.60908890 0.325512 0.869560 0.371359
575.91558838 370.06069946 -53.99370575 0.494963 0.863703 0.095022
575.91253662 370.09097290 -54.26963043 0.528837 0.846977 0.054419
575.89801025 370.10937500 -54.55505753 0.544822 0.837438 0.043196
575.89013672 370.13464355 -54.83500290 0.542465 0.840077 0.001353
575.85266113 370.12930298 -55.13943481 0.535962 0.843413 -0.037393
575.83129883 370.14065552 -55.43050003 0.554310 0.820379 -0.140425
575.78247070 370.12353516 -55.74437332 0.285395 0.943578 0.167960
575.71685791 370.18197632 -54.14339447 0.356245 0.934350 0.008874
575.71606445 370.21456909 -54.41746140 0.520283 0.852260 0.054400
575.70660400 370.23825073 -54.69865417 0.511371 0.857829 0.051276
575.68444824 370.24874878 -54.99041748 0.517177 0.853552 -0.063070
575.65631104 370.25302124 -55.28714752 0.515989 0.856352 -0.020422
575.60797119 370.23641968 -55.60059738 0.497755 0.857647 -0.129155
575.78881836 370.16354370 -56.01250076 0.160655 0.984159 -0.074972
575.56707764 370.22753906 -55.90786362 0.703716 0.706618 0.073999
575.76416016 370.17144775 -56.30633545 -0.242061 0.428493 0.870517
575.55401611 370.24743652 -56.19210434 0.434500 0.864458 0.252828
575.52960205 370.31512451 -54.28355026 0.468970 0.882845 0.025531
575.53210449 370.28424072 -54.00811386 0.365917 0.837054 -0.406749
575.51971436 370.33831787 -54.56514359 0.469987 0.881054 0.053439
575.50775146 370.35937500 -54.84843826 0.481358 0.876523 0.001326
575.47772217 370.36169434 -55.14675140 0.489390 0.871684 -0.025757
575.44873047 370.36514282 -55.44414902 0.449367 0.876778 -0.171257
575.38403320 370.33157349 -55.77117920 0.488514 0.871069 -0.050916
575.34051514 370.32000732 -56.08060837 0.390347 0.919632 0.043666
575.38452148 370.39895630 -56.31754684 0.376191 0.820636 0.430159
575.32928467 370.40127563 -54.16118622 0.364561 0.923095 0.122437
575.31927490 370.42434692 -54.44286728 0.419806 0.905756 0.058044
575.31243896 370.45074463 -54.72189713 0.434409 0.899750 0.041692
575.29302979 370.46405029 -55.01140976 0.449799 0.892963 -0.017249
575.26806641 370.47167969 -55.30545425 0.455997 0.888992 -0.041946
575.20874023 370.44366455 -55.62804413 0.421538 0.888292 -0.182326
575.14685059 370.41302490 -55.95273209 0.416339 0.909201 0.003891
575.15783691 370.45788574 -56.21699142 0.410888 0.810584 0.417283
575.11669922 370.50814819 -54.32236099 0.418907 0.906509 0.052532
575.11816406 370.47625732 -54.04774475 0.417122 0.888397 0.191730
575.10992432 370.53463745 -54.60132980 0.406376 0.911308 0.066154
575.10058594 370.55841064 -54.88246536 0.419505 0.906931 0.038621
575.07794189 370.56838989 -55.17462158 0.415057 0.908854 -0.041372
575.03533936 370.55773926 -55.48332214 0.391259 0.904339 -0.170549
574.95513916 370.50814819 -55.82317734 0.415426 0.902188 -0.116095
574.93627930 370.52206421 -56.11219788 0.404259 0.868013 0.288321
574.91442871 370.59231567 -54.20157623 0.350846 0.931557 0.095441
574.90393066 370.61486816 -54.48368454 0.403596 0.913119 0.057657
574.89379883 370.63784790 -54.76545715 0.364316 0.929862 0.051294
574.87835693 370.65530396 -55.05164719 0.362873 0.931838 0.001264
574.84423828 370.65341187 -55.35330963 0.364633 0.924557 -0.110619
574.77746582 370.61773682 -55.68204880 0.351437 0.909686 -0.221275
574.72039795 370.59207153 -56.00274658 0.380341 0.915327 0.132353
574.76477051 370.67144775 -56.23934937 0.311017 0.809907 0.497311
574.68975830 370.68670654 -54.37277222 0.338941 0.937073 0.083738
574.67651367 370.70645142 -54.65713120 0.319680 0.946202 0.050070
574.66503906 370.72802734 -54.94003296 0.308506 0.950701 0.031480
574.64166260 370.73724365 -55.23279953 0.335126 0.940178 -0.061288
574.58624268 370.71334839 -55.55209732 0.302211 0.936992 -0.175255
574.51214600 370.67004395 -55.88692856 0.329546 0.941374 -0.072211
574.51092529 370.70220947 -56.16133118 0.222281 0.893541 0.390096
574.45550537 370.77127075 -54.55185318 0.259820 0.965565 0.013293
574.47064209 370.75347900 -54.26593781 0.282490 0.955822 0.081264
574.44091797 370.78955078 -54.83737183 0.275943 0.960180 0.043701
574.42553711 370.80706787 -55.12350082 0.277122 0.960772 0.010987
574.38592529 370.79953003 -55.42970276 0.299677 0.946978 -0.115875
574.30963135 370.75393677 -55.76636124 0.218811 0.970104 -0.104979
574.25366211 370.72943115 -56.08614349 0.182878 0.976596 0.113210
574.31689453 370.82833862 -56.30712509 0.117934 0.831360 0.543077
574.22961426 370.83093262 -54.45068741 0.225577 0.970852 0.081008
574.21392822 370.84811401 -54.73708725 0.254768 0.966149 0.040615
574.19567871 370.86267090 -55.02559280 0.223797 0.973818 0.039920
574.16552734 370.86489868 -55.32396698 0.275066 0.958253 0.078042
574.08856201 370.81866455 -55.66114044 0.163698 0.853887 -0.494045
574.01776123 370.77883911 -55.99319839 0.199650 0.979348 0.031897
574.04705811 370.84252930 -56.24235153 0.186818 0.800432 0.569568
573.97302246 370.89230347 -54.64831543 0.107564 0.994150 0.009779
573.95324707 370.90524292 -54.93809891 0.164418 0.985342 0.045477
573.92749023 370.91204834 -55.23281860 0.179385 0.983762 -0.005713
573.87115479 370.88711548 -55.55293655 -0.051074 0.996493 -0.066288
573.77581787 370.82189941 -55.90531158 0.146975 0.982668 -0.112964
573.78027344 370.85989380 -56.17505264 0.169405 0.864700 0.472860
573.71154785 370.94860840 -54.84999847 0.214073 0.976783 -0.008189
573.72668457 370.93081665 -54.56408310 -0.294673 0.853164 0.430439
573.68603516 370.95559692 -55.14456558 0.366639 0.930106 0.021870
573.63897705 370.94033813 -55.45694733 0.386959 0.908575 -0.157335
573.54534912 370.87683105 -55.80795288 0.169332 0.925031 -0.340064
573.51025391 370.87396240 -56.11040497 0.139739 0.940186 0.310682
573.59606934 370.99621582 -56.31268311 0.067805 0.711226 0.699685
573.45330811 370.97482300 -54.77560425 0.098435 0.994302 0.040922
573.42852783 370.98257446 -55.06956100 0.088658 0.987064 0.133579
573.39349365 370.97973633 -55.37198257 0.130653 0.991423 0.003294
573.30950928 370.92620850 -55.71500778 -0.054947 0.973166 -0.223450
573.24743652 370.89541626 -56.03981781 -0.001137 0.983924 0.178585
573.30468750 370.98812866 -56.26576233 0.087106 0.838213 0.538341
573.00201416 370.96835327 -56.22819138 0.582974 0.430171 0.689271
577.49499512 368.54284668 -54.10054398 0.818399 0.570744 0.066895
577.38159180 368.71563721 -54.24188614 0.778691 0.624946 0.055519
577.34448242 368.72830200 -53.96229935 0.776291 0.627059 0.064571
577.56689453 368.45422363 -54.97719193 0.841581 0.533998 -0.081168
577.56860352 368.39596558 -55.29088593 0.847810 0.518507 -0.111212
577.44464111 368.61566162 -55.12703705 0.816986 0.574289 -0.052208
577.41912842 368.64321899 -54.83631134 0.811057 0.583342 0.043575
577.45080566 368.56314087 -55.43644714 0.825626 0.543994 -0.149709
577.22332764 368.89117432 -54.11106110 0.762071 0.643943 0.067708
577.18371582 368.90060425 -53.83389664 0.606663 0.686009 0.401687
577.39807129 368.67648315 -54.54130173 0.788719 0.612501 -0.052581
577.25305176 368.86904907 -54.39775085 0.773001 0.634221 -0.015266
577.27404785 368.83563232 -54.69285583 0.790824 0.612029 0.004126
577.30206299 368.81127930 -54.98118973 0.786061 0.618111 0.006883
577.31872559 368.77236938 -55.28042221 0.780838 0.617981 -0.091607
577.06060791 369.06091309 -53.98457718 0.735535 0.663630 0.136321
577.09881592 369.04968262 -54.26310730 0.758164 0.651261 0.032352
577.12561035 369.02380371 -54.55259323 0.758770 0.651358 -0.001377
577.14807129 368.99230957 -54.84626770 0.758946 0.651117 0.006912
577.17303467 368.96401978 -55.13755417 0.762049 0.646970 -0.026665
577.17535400 368.90658569 -55.45062637 0.748183 0.638021 -0.182073
576.94152832 369.22647095 -54.13135147 0.730670 0.678376 0.076989
576.88775635 369.21762085 -53.86784363 0.727472 0.663148 0.176125
576.96679688 369.19854736 -54.42235565 0.735490 0.677534 0.001380
576.99230957 369.17105103 -54.71305084 0.738126 0.674661 -0.001380
577.01721191 369.14266968 -55.00439835 0.748688 0.662886 0.006919
577.03717041 369.10794067 -55.30049515 0.760245 0.643509 -0.089011
576.76763916 369.38183594 -54.01560974 0.694154 0.709082 0.123903
576.80566406 369.37036133 -54.29432297 0.704333 0.709868 -0.001384
576.83020020 369.34155273 -54.58598328 0.708486 0.705724 0.001381
576.85766602 369.31646729 -54.87487793 0.712624 0.701511 0.006946
576.88592529 369.29244995 -55.16296387 0.716641 0.696929 -0.026751
576.63574219 369.53082275 -54.17476273 0.676912 0.734157 0.052951
576.58660889 369.52798462 -53.90675354 0.635415 0.762794 0.119973
576.66040039 369.50216675 -54.46632767 0.681659 0.731638 -0.006942
576.68927002 369.47897339 -54.75379562 0.678911 0.734219 0.001383
576.71618652 369.45315552 -55.04322052 0.680286 0.732935 0.004157
576.45367432 369.67572021 -54.06684113 0.636723 0.757143 0.146010
576.31231689 369.81256104 -54.23509216 0.606321 0.795016 0.018037
576.26220703 369.80844116 -53.96804428 0.558995 0.815388 0.150556
576.57116699 369.58535767 -55.21494293 0.642570 0.765765 -0.026599
576.41046143 369.69726563 -55.40181351 0.636425 0.766899 -0.082634
576.39135742 369.73309326 -55.10491180 0.632243 0.773684 -0.041018
576.60485840 369.44747925 -56.12843323 0.607777 0.671053 0.424612
576.49365234 369.62310791 -56.26766205 0.493591 0.624991 0.604776
576.40148926 369.56491089 -56.04105759 0.566643 0.712021 0.414657
576.12615967 369.95214844 -54.13114166 0.566916 0.809239 0.154070
576.01043701 369.86361694 -53.92722321 -0.279992 0.956102 -0.086449
576.23431396 369.84970093 -55.28827667 0.616608 0.777074 -0.126293
576.28253174 369.73062134 -56.18770599 0.542496 0.711715 0.446273
575.91748047 370.06274414 -54.04888535 0.507266 0.855024 0.107776
576.17974854 369.91708374 -56.31883621 0.314667 0.498092 0.808015
576.07696533 369.84518433 -56.10247040 0.640830 0.754889 0.139572
575.95928955 370.01254272 -56.24790955 0.541270 0.723348 0.428712
575.78692627 370.16989136 -56.13067627 0.561857 0.808894 -0.173227
575.69390869 370.23135376 -55.27432251 0.522688 0.851940 -0.031553
575.70263672 370.18215942 -55.58124924 0.547572 0.826496 -0.130654
575.51483154 370.31967163 -55.47885513 0.497263 0.855992 -0.141450
575.49310303 370.35211182 -55.18446350 0.491636 0.870237 -0.031323
575.72009277 370.14428711 -55.87970734 0.019132 0.989221 0.145176
575.51507568 370.25958252 -55.79391098 0.451292 0.890239 -0.061727
575.54705811 370.24035645 -56.07843018 0.384461 0.916368 0.111618
575.62536621 370.28073120 -56.31835175 0.434011 0.567041 0.700071
575.31408691 370.44049072 -55.38896179 0.446267 0.888310 -0.108399
575.28826904 370.46762085 -55.09854889 0.467762 0.883845 -0.003975
575.31378174 370.37969971 -55.70455170 0.428335 0.889841 -0.157200
575.10357666 370.54873657 -55.30844498 0.413372 0.907236 -0.077763
575.07574463 370.57327271 -55.01998520 0.418483 0.908224 0.001296
575.10577393 370.49114990 -55.62164307 0.397150 0.890265 -0.222935
574.88458252 370.64599609 -55.23615265 0.363475 0.930338 -0.048551
574.89965820 370.60507202 -55.53690338 0.358956 0.919209 -0.161882
574.67785645 370.69873047 -55.46731186 0.314536 0.940907 -0.125544
574.65844727 370.73416138 -55.17068863 0.334385 0.942127 -0.024157
574.67187500 370.63067627 -55.78833008 0.299028 0.940777 -0.159755
574.44995117 370.78457642 -55.40355301 0.326283 0.935162 -0.137885
574.42169189 370.80859375 -55.11546707 0.274848 0.961357 0.015880
574.44836426 370.72210693 -55.72038269 0.295765 0.932149 -0.208857
574.28253174 370.81069946 -54.30349731 0.217799 0.970652 0.101975
574.32891846 370.81002808 -54.57414246 0.298479 0.954396 -0.006142
574.07769775 370.86584473 -54.53282166 0.344580 0.893521 0.287896
574.12738037 370.86938477 -54.80030060 0.237255 0.971447 0.001180
574.20935059 370.85409546 -55.35199356 0.262692 0.964818 -0.010895
574.21301270 370.79843140 -55.66376114 0.135876 0.931916 -0.336258
573.87188721 370.91976929 -54.76308060 0.207262 0.956078 -0.207262
573.81958008 370.91278076 -54.49817657 0.883645 0.385563 0.265543
573.96630859 370.86004639 -55.61812973 0.128244 0.953234 -0.273675
573.95544434 370.90646362 -55.31327820 0.208592 0.973012 -0.098675
573.70422363 370.90194702 -55.58723831 0.169659 0.967445 0.187791
573.69671631 370.95269775 -55.27915955 0.218282 0.974342 -0.054875
573.69989014 370.83593750 -55.90673447 0.141838 0.983168 -0.115168
573.45050049 370.95455933 -55.54833984 0.149263 0.970850 -0.187536
573.42602539 370.98345947 -55.25658798 0.191470 0.974869 -0.113881
573.43658447 370.87625122 -55.87702179 0.231117 0.964493 -0.127824
573.49194336 370.88708496 -56.13904190 0.129029 0.919852 0.370438
573.17419434 370.97808838 -55.53119659 0.178985 0.983846 0.003420
573.16766357 370.90930176 -55.85274124 0.212705 0.969274 -0.123547
573.22052002 370.91687012 -56.11721039 0.086177 0.939995 0.330125
573.34698486 371.01931763 -56.31073380 0.060370 0.840965 0.537712
572.89050293 370.93176270 -55.83640671 -0.010082 0.989123 -0.146744
572.88677979 370.98736572 -55.52470016 -0.081636 0.994169 -0.070453
572.93542480 370.92919922 -56.10844803 0.026384 0.951081 0.307813
573.05834961 371.02694702 -56.30548096 0.038215 0.754389 0.655314
572.58404541 370.91647339 -55.84828186 -0.145271 0.968046 -0.204408
572.64343262 370.93249512 -56.10642242 -0.039274 0.951439 0.305322
572.77221680 371.03787231 -56.29774094 -0.035302 0.758285 0.650967
572.33721924 370.91760254 -56.11801910 -0.048576 0.928193 0.368914
572.47674561 371.03674316 -56.29903412 0.132552 0.781906 0.609142
571.70849609 370.86676025 -56.15691757 -0.177271 0.941322 0.287206
571.37524414 370.81698608 -56.19458389 -0.221134 0.858963 0.461824
576.65557861 369.36221313 -53.65834808 0.496701 0.644870 0.580888
576.50152588 369.57318115 -53.72486877 0.602200 0.598826 0.527979
576.42504883 369.38626099 -53.56048965 0.436180 0.348000 0.829845
576.28112793 369.63708496 -53.59903336 0.144676 0.794971 0.589144
576.18829346 369.38531494 -53.48013687 0.149466 0.134643 0.979557
576.04174805 369.62585449 -53.52592468 0.155765 0.458561 0.874905
576.12371826 369.83453369 -53.67504501 0.576143 0.566005 0.589659
575.89160156 369.85198975 -53.58178329 0.212688 0.432812 0.876035
575.80078125 369.60800171 -53.45742798 0.167508 0.314250 0.934445
575.95343018 369.98062134 -53.78704453 0.698537 0.679785 0.223469
575.65356445 369.84582520 -53.50510406 0.247789 0.320242 0.914355
575.74023438 370.07339478 -53.64099121 0.404600 0.586257 0.701856
575.99328613 370.02185059 -54.05361176 0.519147 0.842695 0.142655
575.78314209 370.12680054 -53.89899445 0.460094 0.875194 0.149494
576.02246094 370.02069092 -54.34988403 0.557515 0.830139 0.006816
575.81573486 370.13916016 -54.18581009 0.487302 0.863262 0.131586
575.84558105 370.14050293 -54.48033142 0.533926 0.844574 0.040218
575.50598145 370.08255005 -53.55356979 0.422267 0.571302 0.703778
575.41326904 369.83090210 -53.43458176 0.136709 0.235661 0.962172
575.56799316 370.21170044 -53.75845337 0.441898 0.812007 0.381276
575.59814453 370.21444702 -54.05199432 0.456966 0.820641 -0.343120
575.63842773 370.25744629 -54.31732559 0.525391 0.849775 0.042974
575.66784668 370.25714111 -54.61299896 0.482953 0.875269 0.025703
576.00164795 370.05770874 -56.31119156 0.471591 0.656200 0.589070
575.77172852 370.08416748 -56.21163559 0.485673 0.853290 -0.189786
575.26171875 370.05160522 -53.49427032 0.184209 0.327639 0.926671
575.34674072 370.27249146 -53.63481140 0.286655 0.670996 0.683808
575.39050293 370.32925415 -53.89048004 0.382648 0.923317 0.032649
575.42883301 370.36456299 -54.16119766 0.367014 0.902183 0.226642
575.45837402 370.36465454 -54.45659637 0.363256 0.930924 0.037758
575.61260986 370.27456665 -56.29258728 0.369399 0.804362 0.465346
575.10980225 370.27099609 -53.55487061 0.279450 0.659503 0.697828
575.01635742 370.01647949 -53.43789673 0.101725 0.175260 0.979253
575.17346191 370.40689087 -53.75503540 0.360230 0.846774 0.391418
575.20947266 370.43273926 -54.03237915 0.403370 0.902238 0.152511
575.24432373 370.45407104 -54.31289673 0.397197 0.916094 0.054832
575.27545166 370.46075439 -54.60366058 0.420835 0.905269 0.058186
574.86871338 370.25262451 -53.48675156 0.153943 0.339784 0.927819
574.75915527 369.93414307 -53.41463852 0.086157 0.033808 0.995708
574.94763184 370.44918823 -53.64437103 0.297528 0.833391 0.465764
574.99096680 370.50445557 -53.90108490 0.377282 0.901690 0.211220
575.03173828 370.54925537 -54.16512680 0.407139 0.905219 0.121722
575.06079102 370.54754639 -54.46179581 0.392013 0.917391 0.068703
574.62316895 370.21682739 -53.43085861 0.104125 0.209504 0.972248
574.71173096 370.45178223 -53.56154633 0.240020 0.625934 0.742022
574.77020264 370.56707764 -53.77616119 0.321953 0.881213 0.346137
574.81109619 370.61239624 -54.03985977 0.358605 0.917065 0.174342
574.84570313 370.63296509 -54.32089233 0.378407 0.922451 0.076759
574.87646484 370.63796997 -54.61284256 0.405021 0.912969 0.049458
574.47009277 370.43127441 -53.49492264 0.028534 0.490513 0.870967
574.36517334 370.13143921 -53.40972900 -0.011475 0.057373 0.998287
574.54284668 370.60357666 -53.66956329 0.226156 0.759571 0.609840
574.58813477 370.66638184 -53.92099380 0.314120 0.919412 0.236666
574.62792969 370.70745850 -54.18764114 0.324998 0.943918 0.058267
574.65795898 370.70953369 -54.48165131 0.336637 0.938623 0.075248
574.93389893 370.63192749 -55.20801163 0.379313 0.923832 -0.051544
574.95141602 370.58438110 -55.53684235 0.382290 0.904511 -0.188981
574.74163818 370.69055176 -55.38136673 0.339260 0.933979 -0.112186
574.71850586 370.71572876 -55.06824112 0.331183 0.943559 0.003749
574.75341797 370.62014771 -55.72621155 0.372261 0.911397 -0.175433
574.22363281 370.39202881 -53.44146347 0.031859 0.327513 0.944309
574.30590820 370.60177612 -53.58982849 0.146177 0.718828 0.679646
574.36254883 370.70980835 -53.80952454 0.256722 0.905129 0.338873
574.40539551 370.76309204 -54.06762695 0.271332 0.948986 0.160639
574.43896484 370.77917480 -54.35181808 0.255767 0.955482 0.147099
574.46777344 370.77673340 -54.64900208 0.287877 0.956656 0.043999
574.52752686 370.77966309 -55.23787308 0.297176 0.954222 -0.033855
574.54425049 370.72900391 -55.56888580 0.300181 0.936511 -0.181215
574.06610107 370.58886719 -53.51786804 0.797346 0.309110 0.518354
573.96881104 370.31921387 -53.41151428 0.035987 0.086150 0.995632
574.13250732 370.73568726 -53.71037674 0.219931 0.841803 0.492948
574.17724609 370.79629517 -53.96332932 0.231963 0.950914 0.204833
574.21496582 370.82897949 -54.23588562 0.223613 0.965543 0.133134
574.24719238 370.83993530 -54.52368164 0.363256 0.930924 0.037758
574.33044434 370.81924438 -55.42457962 0.254671 0.956665 -0.141191
574.30664063 370.84197998 -55.11317062 0.266581 0.960457 0.080357
574.34185791 370.74755859 -55.77033234 0.245393 0.950389 -0.191162
574.41699219 370.81167603 -56.31629944 0.189576 0.855332 0.482150
573.81988525 370.55023193 -53.46396255 -0.005880 0.222278 0.974966
573.89739990 370.74118042 -53.62552643 0.135017 0.796751 0.589032
573.94891357 370.82888794 -53.85948181 0.200236 0.940418 0.274807
573.98809814 370.86752319 -54.12784958 0.199509 0.975239 0.095417
574.01910400 370.87350464 -54.41912842 0.373730 0.927212 -0.024570
574.05273438 370.88998413 -54.70304489 0.207439 0.977241 0.044366
574.10986328 370.88272095 -55.29907608 0.307647 0.925777 0.219748
574.08190918 370.88876343 -54.99937057 0.203055 0.975895 0.079991
574.12530518 370.82702637 -55.63358688 0.182253 0.905523 -0.383161
574.13751221 370.75830078 -55.97726059 0.242201 0.970010 -0.020485
573.65417480 370.71456909 -53.56317520 0.120441 0.715214 0.688449
573.71600342 370.84310913 -53.76850510 0.136427 0.907171 0.398030
573.75976563 370.89990234 -54.02415466 0.233522 0.959157 0.159640
573.79321289 370.91580200 -54.30846405 -0.063865 0.993823 0.090755
573.82629395 370.93014526 -54.59387207 0.746831 0.639484 0.182491
573.88360596 370.92355347 -55.18942261 0.204683 0.977931 0.041894
573.90704346 370.89947510 -55.50177765 0.038224 0.965467 -0.257705
573.91467285 370.81259155 -55.85816956 0.196021 0.969854 -0.144773
573.47918701 370.84213257 -53.68820190 0.143889 0.864786 0.481083
573.40850830 370.67819214 -53.50769043 -0.223935 -0.554433 0.801534
573.52600098 370.91107178 -53.93532181 0.119750 0.964435 0.235636
573.56579590 370.95202637 -54.20205688 0.110465 0.991904 0.062635
573.59497070 370.95095825 -54.49827957 0.136743 0.989374 -0.049411
573.62774658 370.96401978 -54.78458023 0.143544 0.988731 0.042489
573.68292236 370.94885254 -55.38615417 0.223641 0.945328 -0.237361
573.65795898 370.96676636 -55.07812500 0.266646 0.948828 -0.169192
573.69616699 370.88442993 -55.72681046 0.156322 0.717865 -0.678405
573.71331787 370.83529663 -56.05672073 0.131896 0.979978 0.149154
573.24072266 370.83432007 -53.61267090 -0.271890 0.612149 0.742529
573.29156494 370.91931152 -53.84852982 0.099762 0.957457 0.270783
573.33349609 370.96887207 -54.10924149 0.021266 0.990558 0.135432
573.36547852 370.97866821 -54.39784622 0.100950 0.992483 0.069190
573.39526367 370.97998047 -54.69238281 0.166703 0.985063 0.043133
573.42559814 370.98342896 -54.98543167 -0.088648 0.991244 0.097858
573.45513916 370.98355103 -55.28081131 -0.007719 0.991323 -0.131221
573.47332764 370.93869019 -55.60773468 0.084057 0.994113 -0.068366
573.48370361 370.86270142 -55.95650864 0.153474 0.987917 -0.021600
573.52795410 370.92132568 -56.21085358 0.051514 0.847888 0.527667
573.05426025 370.91613770 -53.76975632 0.064542 0.933889 0.351690
573.09722900 370.96997070 -54.02746582 0.065266 0.983740 0.167319
573.13403320 370.99902344 -54.30255890 0.071360 0.995752 0.058186
573.16503906 371.00515747 -54.59371948 0.068900 0.997461 0.018020
573.19525146 371.00793457 -54.88724518 0.088234 0.996086 0.005315
573.22363281 371.00357056 -55.18576813 0.204081 0.965809 0.159885
573.24737549 370.98074341 -55.49724579 -0.008027 0.982776 -0.184629
573.25836182 370.90716553 -55.84432220 0.096406 0.979925 -0.174507
573.29174805 370.92282104 -56.12880325 0.064641 0.932680 0.354867
572.93170166 371.01766968 -54.50395966 0.083709 0.994457 0.063618
572.96234131 371.02236938 -54.79611206 0.052666 0.998586 -0.007229
572.99157715 371.02130127 -55.09233475 0.102820 0.994652 -0.009741
573.01770020 371.00790405 -55.39720535 -0.207071 0.961495 -0.180692
573.03271484 370.95037842 -55.73300552 0.043999 0.956656 -0.287877
573.05328369 370.91497803 -56.05330276 0.079888 0.989921 0.116938
572.72644043 371.02471924 -54.71347809 -0.074346 0.996673 -0.033402
572.69616699 371.02166748 -54.42015457 -0.249592 0.968224 -0.015675
572.75683594 371.02847290 -55.00630188 -0.014460 0.991095 0.132368
572.78338623 371.01666260 -55.31005859 0.015805 0.997807 -0.064273
572.80096436 370.96945190 -55.63862991 -0.096941 0.941526 -0.322695
572.81732178 370.91738892 -55.97061920 0.032379 0.992576 -0.117233
572.86285400 370.98098755 -56.22147751 -0.428456 0.412409 0.803956
572.48876953 371.02014160 -54.63567734 0.209100 0.972879 -0.098916
572.45782471 371.01434326 -54.34428024 -0.057598 0.996549 0.059771
572.51910400 371.02352905 -54.92876053 -0.027344 0.999584 -0.009115
572.54748535 371.01931763 -55.22719574 -0.123323 0.992142 -0.021109
572.56719971 370.98028564 -55.55003738 -0.011251 0.999296 -0.035799
572.57849121 370.90805054 -55.89614868 -0.109554 0.990603 -0.081878
572.61773682 370.94683838 -56.16442871 -0.025140 0.903721 0.427382
572.24963379 371.00985718 -54.56190109 -0.077663 0.996852 0.015958
572.21844482 371.00308228 -54.27118683 -0.080618 0.996438 0.024723
572.28057861 371.01559448 -54.85333252 -0.061152 0.998128 -0.001036
572.31011963 371.01583862 -55.14862823 0.128539 0.991427 -0.023472
572.33325195 370.99069214 -55.46173859 0.008728 0.946379 -0.322941
572.34399414 370.91610718 -55.80951309 -0.041110 0.960476 -0.275311
572.37341309 370.91589355 -56.10511780 -0.055774 0.942974 0.328160
572.43627930 371.04858398 -56.30752945 -0.017812 0.837151 0.546683
572.00683594 370.98489380 -54.49839783 -0.132364 0.991061 0.016685
571.97534180 370.97683716 -54.20857620 -0.111840 0.993276 0.029898
572.03851318 370.99362183 -54.78773880 -0.102383 0.994730 -0.005389
572.06933594 370.99890137 -55.07951355 -0.212604 0.956051 0.201907
572.09484863 370.98306274 -55.38608551 0.608179 0.777202 -0.161477
572.10620117 370.91104126 -55.73205948 -0.157459 0.926638 -0.341393
572.12860107 370.88284302 -56.04729843 -0.102168 0.969968 0.220734
572.18664551 370.99652100 -56.26304245 -0.104355 0.862003 0.496045
571.76110840 370.94824219 -54.44310379 -0.167144 0.985576 0.026513
571.79351807 370.95989990 -54.73038101 -0.139227 0.990185 0.012252
571.82550049 370.96978760 -55.01891327 -0.103008 0.992730 0.062258
571.85375977 370.96505737 -55.31771088 -0.131482 0.975468 0.176561
571.86718750 370.90124512 -55.65792084 -0.321521 0.892782 -0.315539
571.88201904 370.84286499 -55.99433517 -0.122541 0.986277 0.110644
571.93554688 370.93862915 -56.22264481 -0.155072 0.903401 0.399773
571.54559326 370.91458130 -54.68117523 -0.195617 0.980428 0.022256
571.51269531 370.90109253 -54.39516449 -0.186429 0.982468 0.001144
571.57800293 370.92614746 -54.96852493 -0.163122 0.986605 0.001125
571.60864258 370.93090820 -55.26066208 -0.197890 0.980191 0.008101
571.62707520 370.88681030 -55.58705521 -0.196744 0.800704 -0.565831
571.63830566 370.81436157 -55.93332291 -0.139840 0.990067 0.014543
571.68420410 370.87951660 -56.18308640 -0.195488 0.938618 0.284220
571.29510498 370.85916138 -54.63904572 -0.216799 0.976182 0.008203
571.26379395 370.85171509 -54.34879684 -0.200916 0.978111 0.054139
571.32849121 370.87466431 -54.92362976 -0.232287 0.971715 0.042566
571.35882568 370.87805176 -55.21672821 -0.224228 0.969119 -0.102613
571.38079834 370.84805298 -55.53321838 -0.300473 0.942207 -0.148197
571.39111328 370.77194214 -55.88207626 -0.223188 0.969672 -0.099615
571.43011475 370.80966187 -56.15107727 -0.212867 0.891104 0.400777
571.04339600 370.79873657 -54.60039520 -0.224453 0.972630 0.060099
571.01159668 370.78952026 -54.31139755 -0.271545 0.962080 0.025803
571.07489014 370.80670166 -54.89028168 -0.239985 0.970688 0.013134
571.10620117 370.81381226 -55.18077087 -0.301050 0.950067 0.082105
571.13128662 370.79635620 -55.48847580 -0.530553 0.822433 -0.205228
571.13793945 370.70574951 -55.84749222 -0.252205 0.954108 -0.161464
571.17370605 370.73059082 -56.12552261 -0.239894 0.908688 0.341667
570.78948975 370.72958374 -54.56790543 -0.273205 0.961730 0.020827
570.75732422 370.71887207 -54.27994156 -0.327683 0.940597 0.088886
570.82147217 370.73953247 -54.85638809 -0.262692 0.964818 0.010895
570.85156250 370.74185181 -55.15022278 -0.401291 0.894515 -0.196998
570.87768555 370.72857666 -55.45500946 -0.001071 0.995026 -0.099610
570.88842773 370.65408325 -55.80271912 -0.205813 0.924027 -0.322203
570.91815186 370.65505981 -56.09749985 -0.230123 0.883374 0.408282
570.97900391 370.77969360 -56.30555725 -0.259177 0.845010 0.467746
570.53234863 370.64758301 -54.54441071 -0.254188 0.966405 -0.038067
570.49896240 370.63201904 -54.25984192 -0.326799 0.937004 0.123397
570.56524658 370.66122437 -54.83029938 -0.327410 0.944882 -0.001245
570.59429932 370.65948486 -55.12698364 -0.218537 0.975822 0.003506
570.62145996 370.65008545 -55.42904282 -0.484213 0.873778 -0.045266
570.63305664 370.57913208 -55.77428055 -0.332206 0.919626 -0.209589
570.66052246 370.57107544 -56.07539368 -0.299367 0.934302 0.193544
570.71997070 370.69027710 -56.28726196 -0.278848 0.867021 0.412939
570.26977539 370.54379272 -54.53619003 -0.381671 0.923142 -0.046223
570.23779297 370.53384399 -54.24768829 -0.402965 0.914875 0.024939
570.30261230 370.55728149 -54.82218170 -0.390772 0.919696 -0.038156
570.33428955 370.56597900 -55.11155319 -0.374681 0.927111 -0.008951
570.36279297 370.56198120 -55.40983582 -0.342448 0.939536 0.001254
570.37347412 370.48742676 -55.75757980 -0.356775 0.912713 -0.199163
570.40197754 370.48339844 -56.05587769 -0.275089 0.954256 0.117143
570.45971680 370.59570313 -56.27258682 -0.299227 0.873377 0.384286
570.00469971 370.43032837 -54.53474808 -0.455720 0.888176 0.058847
570.03710938 370.44213867 -54.82194138 -0.416143 0.909253 -0.009132
570.06903076 370.45172119 -55.11067963 -0.421243 0.906787 -0.017060
570.09790039 370.44931030 -55.40784836 -0.416950 0.902229 -0.110164
570.11016846 370.38082886 -55.75133514 -0.370696 0.913246 -0.169014
570.13568115 370.36502075 -56.05788803 -0.429122 0.880363 0.202026
570.19909668 370.50000000 -56.25870132 -0.393901 0.716933 0.575195
569.76898193 370.31643677 -54.82909775 -0.526725 0.850035 0.001347
569.80017090 370.32321167 -55.11981201 -0.541203 0.840180 0.034604
569.82739258 370.31423950 -55.42157745 -0.437058 0.878531 -0.192777
569.83758545 370.23748779 -55.77086258 -0.439626 0.871800 -0.216087
569.86541748 370.23074341 -56.07104874 -0.457281 0.851858 0.255405
569.93218994 370.37924194 -56.26239014 -0.336720 0.691333 0.639280
569.55407715 370.16799927 -55.44313431 -0.470445 0.877696 -0.091280
569.56152344 370.08032227 -55.80007553 -0.464972 0.845543 -0.262410
569.66064453 370.23995972 -56.27907562 -0.383288 0.715581 0.583980
569.27728271 369.89031982 -55.85231781 -0.588367 0.806701 -0.055292
576.86651611 369.19644165 -53.69451523 0.944361 0.289423 0.156261
576.69689941 369.39837646 -53.75113678 0.629971 0.633313 0.449502
576.64624023 369.23834229 -53.56335831 0.152900 0.464526 0.872260
576.47778320 369.44540405 -53.61633301 0.418674 0.441305 0.793702
576.31311035 369.67028809 -53.65669250 0.093284 0.892468 0.441361
576.24798584 369.44253540 -53.51679993 0.270039 0.337917 0.901605
576.08331299 369.66763306 -53.55704117 0.127415 0.456691 0.880454
576.14172363 369.86380005 -53.71924973 -0.816685 0.447346 0.364563
575.91497803 369.87527466 -53.60960007 0.210408 0.410517 0.887245
575.95910645 370.00460815 -53.81907654 0.434403 0.776067 0.457180
572.49328613 371.01309204 -55.29179764 -0.160012 0.986550 -0.033384
572.49877930 370.96102905 -55.62953186 0.063267 0.968852 -0.239422
572.27301025 370.97705078 -55.51667023 0.177447 0.939504 -0.292993
572.26373291 371.01126099 -55.19155502 0.159082 0.987213 0.010154
572.27343750 370.90133667 -55.87111664 -0.051039 0.981605 -0.183977
572.04321289 370.97418213 -55.41713715 0.007371 0.997174 -0.074762
572.03100586 370.99462891 -55.10176086 -0.183555 0.955291 0.231789
572.04254150 370.89315796 -55.77535248 -0.141284 0.945929 -0.291987
571.81072998 370.95874023 -55.32650757 0.062698 0.953260 0.295575
571.81237793 370.88867188 -55.67698288 -0.272532 0.926037 -0.261117
571.58197021 370.88305664 -55.57941437 -0.038262 0.916964 -0.397131
571.57421875 370.92459106 -55.24912643 -0.076881 0.977490 -0.196474
571.34454346 370.84442139 -55.50518799 0.273367 0.935055 0.225703
571.33398438 370.87252808 -55.18439484 -0.423086 0.898178 -0.119476
571.34387207 370.76330566 -55.86345291 -0.284039 0.905098 -0.316416
571.10528564 370.79696655 -55.43719482 -0.542775 0.742832 -0.391913
571.09149170 370.81024170 -55.12688446 -0.219035 0.975699 -0.005857
571.10223389 370.70492554 -55.80320358 -0.280841 0.925209 -0.255181
570.86230469 370.73242188 -55.38129807 -0.274125 0.927479 -0.254240
570.86431885 370.66397095 -55.73060989 -0.260629 0.927156 -0.269174
570.87463379 370.63464355 -56.05226898 -0.210896 0.955077 0.208209
570.62030029 370.59448242 -55.67820358 -0.089548 0.977665 -0.190136
570.61749268 370.65899658 -55.33165359 -0.539335 0.838175 -0.081114
570.62719727 370.54913330 -56.01118088 -0.410558 0.911622 0.019675
570.37634277 370.52523804 -55.62562561 -0.394680 0.886168 -0.242765
570.38061523 370.46762085 -55.96728134 -0.349316 0.933722 0.078364
570.12670898 370.35159302 -55.94778442 -0.442311 0.896577 0.022580
570.15997314 370.42974854 -56.19343567 -0.485905 0.760760 0.430279
569.90350342 370.30181885 -56.18235779 -0.412236 0.773962 0.480671
569.86871338 370.21643066 -55.94181061 -0.476403 0.878997 -0.020130
569.64282227 370.15414429 -56.18521881 -0.440245 0.737039 0.512794
569.38006592 369.99685669 -56.19490051 -0.416372 0.769063 0.484950
574.00811768 370.89968872 -54.53973770 0.324457 0.945596 -0.023987
573.81683350 370.94271851 -54.72531128 0.391376 0.906570 -0.157974
573.77581787 370.92419434 -54.41439056 -0.054622 0.917911 0.393010
573.96679688 370.87707520 -54.23246384 0.231172 0.966837 0.108562
573.58374023 370.95782471 -54.60832977 0.151311 0.987562 0.042737
573.73522949 370.91201782 -54.09775925 0.206140 0.969243 0.134439
573.54400635 370.95687866 -54.28171158 0.096786 0.995043 0.022837
573.39117432 370.98391724 -54.80899811 0.149329 0.986513 0.067022
573.35144043 370.98281860 -54.48250198 0.072989 0.993771 0.084218
573.19842529 371.00827026 -55.01120377 0.074607 0.997208 0.003152
573.15875244 371.00805664 -54.68391800 0.086487 0.996207 0.009610
572.96539307 371.02374268 -54.89382172 0.015556 0.998690 0.048742
574.66522217 370.34722900 -53.48118210 0.145744 0.448776 0.881679
574.48345947 370.51577759 -53.55500412 0.058780 0.678119 0.732598
574.42687988 370.29214478 -53.42668152 0.105223 0.268904 0.957402
574.60351563 370.05618286 -53.41286850 0.020219 0.073425 0.997096
574.29931641 370.65338135 -53.65637970 0.225313 0.778496 0.585814
574.24664307 370.48171997 -53.48180389 0.083288 0.503962 0.859701
574.06451416 370.64562988 -53.55975723 0.541671 0.615919 0.572045
573.50195313 370.92489624 -53.98276520 -0.082503 0.963382 0.255125
573.69183350 370.86282349 -53.81414795 0.139150 0.929965 0.340298
573.31109619 370.97375488 -54.16315079 0.016083 0.996092 0.086850
573.11871338 371.00253296 -54.36142731 0.074506 0.996659 0.033474
572.92553711 371.02087402 -54.56896210 0.076335 0.996660 0.029029
572.73132324 371.02554321 -54.78869247 0.019091 0.999777 -0.009043
574.36047363 369.93923950 -53.41343307 0.021016 0.003002 0.999775
574.18524170 370.19479370 -53.40982437 0.022174 0.062297 0.997811
574.00805664 370.42379761 -53.42983627 0.370999 0.076343 0.925490
573.87945557 370.77084351 -53.67217636 0.152721 0.828845 0.538230
573.82739258 370.60736084 -53.49028397 0.118930 0.186532 0.975224
573.64331055 370.74551392 -53.59117508 0.117341 0.741180 0.660972
573.45715332 370.85644531 -53.71629333 0.131179 0.872121 0.471378
573.26806641 370.92855835 -53.87597275 0.093379 0.963213 0.251996
573.07708740 370.97659302 -54.05710983 0.064634 0.985963 0.153947
572.88519287 371.01208496 -54.24938965 0.062836 0.995448 0.071655
572.69140625 371.02243042 -54.46405411 -0.014894 0.999889 0.000993
572.49676514 371.02114868 -54.68907166 0.023955 0.998801 -0.042702
574.11737061 369.82180786 -53.41446304 0.000993 -0.014894 0.999889
573.94201660 370.07592773 -53.41210938 -0.008884 -0.000987 0.999960
573.76654053 370.32742310 -53.41210556 0.109631 0.138545 0.984269
573.58746338 370.53161621 -53.45418167 0.039209 0.302292 0.952409
573.40679932 370.71551514 -53.51434708 0.359355 0.902055 0.239081
573.22216797 370.84643555 -53.62167740 0.046625 0.798281 0.600477
573.03326416 370.92141724 -53.77882767 0.067227 0.934590 0.349318
572.84265137 370.97299194 -53.95678329 0.069002 0.979345 0.190058
572.65130615 371.01593018 -54.14243698 0.009685 0.995356 0.095769
572.45666504 371.01528931 -54.36688614 -0.062333 0.996241 0.060146
572.30187988 371.01705933 -54.91660309 -0.048247 0.998822 0.005133
572.26177979 371.01126099 -54.59433746 -0.077663 0.996852 0.015958
572.06616211 370.99737549 -54.83057785 -0.118544 0.992943 -0.003263
573.87432861 369.70635986 -53.41363525 0.015072 -0.015072 0.999773
573.69891357 369.95867920 -53.41290283 0.006896 0.002956 0.999972
573.52343750 370.21051025 -53.41259384 -0.005004 0.021016 0.999767
573.34820557 370.46548462 -53.40946960 0.031971 0.200113 0.979251
573.16754150 370.64926147 -53.46973801 0.090727 0.565963 0.819423
572.98406982 370.79547119 -53.56347656 0.035381 0.680730 0.731679
572.79821777 370.91033936 -53.68508911 0.066330 0.836887 0.543342
572.60821533 370.97109985 -53.85487747 0.032383 0.975079 0.219483
572.41583252 370.99954224 -54.05344009 -0.029788 0.994046 0.104811
572.22149658 371.00277710 -54.27442551 -0.080618 0.996438 0.024723
572.02575684 370.98767090 -54.51176071 -0.115733 0.993104 0.018738
571.82952881 370.96557617 -54.75531769 -0.135555 0.990764 0.003306
573.63134766 369.59024048 -53.41349030 0.002973 -0.012883 0.999913
573.45587158 369.84201050 -53.41324234 -0.017252 0.023340 0.999579
573.28039551 370.09429932 -53.41250992 -0.000983 -0.004916 0.999987
573.10540771 370.35226440 -53.40673065 0.059186 -0.270745 0.960830
572.92956543 370.59915161 -53.41083908 0.036280 0.447457 0.893569
572.74536133 370.73605347 -53.51284409 0.035312 0.653984 0.755684
572.56121826 370.87377930 -53.61411667 0.001384 0.712619 0.701550
572.37243652 370.95001221 -53.77013016 -0.019490 0.921240 0.388506
572.18017578 370.98083496 -53.96656418 -0.054455 0.988294 0.142509
571.98529053 370.97689819 -54.19393158 -0.109419 0.993612 0.027631
571.78887939 370.95233154 -54.43969345 -0.167144 0.985576 0.026513
571.63262939 370.93557739 -55.00588226 -0.158264 0.987160 0.021633
571.59210205 370.92318726 -54.68951035 -0.189804 0.981622 0.019795
571.39495850 370.88931274 -54.94356155 -0.223803 0.974548 -0.013026
573.21289063 369.72680664 -53.41224670 0.010880 -0.002967 0.999936
573.03741455 369.97845459 -53.41210175 -0.000979 -0.000979 0.999999
572.86138916 370.22348022 -53.41786957 0.039083 -0.045421 0.998203
572.68768311 370.49819946 -53.39716339 0.214361 -0.512339 0.831600
572.50628662 370.67184448 -53.46646500 -0.057317 0.521441 0.851360
572.32208252 370.80844116 -53.56875229 -0.023840 0.719414 0.694172
572.13568115 370.91635132 -53.69654465 -0.051813 0.838818 0.541941
571.94366455 370.95013428 -53.89036560 -0.110098 0.970638 0.213869
571.74859619 370.94372559 -54.11994171 -0.152465 0.988200 0.014682
571.55133057 370.90829468 -54.37536621 -0.190078 0.981087 -0.036599
571.35400391 370.87216187 -54.63140488 -0.206010 0.976415 0.064607
571.15606689 370.82775879 -54.89481354 -0.260274 0.965534 0.001199
572.79437256 369.86184692 -53.41240311 -0.002950 -0.002950 0.999991
572.61865234 370.11044312 -53.41497040 0.019091 0.009043 0.999777
572.44451904 370.38021851 -53.39867783 -0.045790 0.047920 0.997801
572.26684570 370.60339355 -53.42387772 0.081213 0.099515 0.991716
572.08312988 370.74609375 -53.52071381 -0.052689 0.642232 0.764697
571.89666748 370.85281372 -53.64958191 -0.104154 0.781889 0.614656
571.70642090 370.91009521 -53.82247162 -0.158588 0.933600 0.321313
571.51116943 370.90161133 -54.05389023 -0.192961 0.977096 0.089721
571.31390381 370.86569214 -54.30976486 -0.182114 0.980521 0.073569
571.11553955 370.81637573 -54.57752991 -0.193664 0.978062 0.076735
570.91735840 370.76812744 -54.84436417 -0.261632 0.964995 -0.018253
572.55139160 369.74624634 -53.41176987 0.002950 -0.004916 0.999984
572.37567139 369.99542236 -53.41383362 0.000997 -0.020933 0.999780
572.20080566 370.25473022 -53.40686035 -0.005173 -0.056902 0.998366
572.02569580 370.51150513 -53.40213776 -0.021353 0.021353 0.999544
571.84313965 370.67031860 -53.48464966 -0.072625 0.565335 0.821658
571.65716553 370.78359985 -53.60768127 -0.110985 0.744341 0.658512
571.46685791 370.83990479 -53.78142166 -0.206057 0.909245 0.361681
571.27294922 370.84829712 -53.99782944 -0.239207 0.958148 0.157268
571.07537842 370.80923462 -54.25650024 -0.211131 0.976927 0.032206
570.87658691 370.75335693 -54.53012085 -0.266178 0.963831 -0.013370
570.67767334 370.69653320 -54.80459213 -0.297862 0.953913 -0.036447
572.13275146 369.88055420 -53.41249847 0.000987 -0.010858 0.999941
571.95690918 370.12792969 -53.41614151 -0.143911 -0.026063 0.989247
571.78259277 370.39459229 -53.40262604 -0.035560 0.072197 0.996756
571.60284424 370.59054565 -53.45207596 -0.036901 0.490641 0.870580
571.41766357 370.71411133 -53.56594849 -0.120441 0.715214 0.688449
571.22680664 370.76315308 -53.74617386 -0.224315 0.898727 0.376791
571.03302002 370.77368164 -53.96067810 -0.261362 0.949301 0.174693
570.83618164 370.74395752 -54.21101761 -0.324453 0.945367 0.031809
570.63714600 370.68505859 -54.48731232 -0.316967 0.948416 0.006215
570.43713379 370.61312866 -54.77523804 -0.324725 0.942623 -0.077566
571.88964844 369.76379395 -53.41292191 -0.013037 0.013037 0.999830
571.71429443 370.01721191 -53.41119385 -0.035799 -0.011251 0.999296
571.53979492 370.28121948 -53.40002823 0.010923 0.006951 0.999916
571.36285400 370.51385498 -53.41682053 -0.052195 0.408191 0.911403
571.17755127 370.63601685 -53.53192902 -0.133379 0.663898 0.735833
570.98718262 370.69152832 -53.70640182 -0.232881 0.885539 0.401978
570.79333496 370.70172119 -53.92120743 -0.258484 0.941324 0.217016
570.59588623 370.66369629 -54.17892456 -0.440118 0.884565 -0.154402
570.39611816 370.59521484 -54.46376801 -0.361841 0.932092 -0.016622
570.19525146 370.51202393 -54.76172256 -0.404035 0.913412 -0.049338
571.64660645 369.64706421 -53.41330338 -0.000979 -0.000979 0.999999
571.47149658 369.90319824 -53.40914536 -0.023621 -0.029783 0.999277
571.29656982 370.16299438 -53.40174866 -0.017183 -0.019205 0.999668
571.12109375 370.41470337 -53.40156174 -0.054947 0.223450 0.973166
570.93713379 370.55480957 -53.50070572 -0.212802 0.750243 0.625979
570.74652100 370.60690308 -53.67821884 -0.253479 0.860615 0.441691
570.55334473 370.62503052 -53.88595200 -0.292223 0.930313 0.221638
570.35534668 370.58001709 -54.14990997 -0.356245 0.934350 0.008874
570.15447998 370.49697876 -54.44770050 -0.435412 0.899132 -0.044485
569.99353027 370.41796875 -55.06931686 -0.428376 0.903171 -0.027851
569.95294189 370.40499878 -54.75345230 -0.451292 0.890239 -0.061727
569.78973389 370.29620361 -55.40160751 -0.439907 0.872358 -0.213243
569.74957275 370.28930664 -55.08033371 -0.528319 0.848345 0.034486
569.57922363 370.08670044 -55.81198120 -0.466181 0.844664 -0.263092
569.54467773 370.15356445 -55.42506790 0.049929 0.973011 0.225291
569.33331299 369.93225098 -55.84595490 -0.512670 0.832139 -0.211458
571.40362549 369.53106689 -53.41303635 0.012960 -0.006978 0.999892
571.22845459 369.78738403 -53.40873718 0.084718 0.018230 0.996238
571.05310059 370.04040527 -53.40735626 0.007019 -0.021058 0.999754
570.87847900 370.30398560 -53.39659500 0.003264 0.116399 0.993197
570.69555664 370.45718384 -53.48406982 -0.226819 0.664814 0.711742
570.50604248 370.52423096 -53.64826965 -0.282780 0.791467 0.541863
570.31243896 370.53680420 -53.86096954 -0.351426 0.905541 0.237686
570.11322021 370.47564697 -54.13927078 -0.415158 0.909704 0.009110
569.91131592 370.37908936 -54.44913483 -0.449831 0.893066 -0.009234
569.70898438 370.27673340 -54.76412582 -0.488514 0.871069 0.050916
569.50537109 370.15786743 -55.09382629 -0.512514 0.856968 -0.054168
569.29895020 370.00134277 -55.45703506 -0.569902 0.813099 -0.118668
568.88513184 369.67599487 -56.19443130 -0.483491 0.716098 0.503429
570.81005859 369.92443848 -53.40699387 -0.017562 -0.042355 0.998948
570.63470459 370.17837524 -53.40482330 0.010405 0.190766 0.981580
570.45312500 370.34924316 -53.47657776 -0.248563 0.561221 0.789461
570.26422119 370.42431641 -53.63364410 -0.309453 0.751986 0.582028
570.07031250 370.43331909 -53.84948730 -0.391586 0.885908 0.248650
569.87054443 370.36483765 -54.13434982 -0.440346 0.897781 -0.009201
569.66778564 370.25662231 -54.45456696 -0.478364 0.878112 -0.009327
569.46429443 370.13955688 -54.78266525 -0.516454 0.856263 -0.009439
569.25915527 370.00027466 -55.13051605 -0.549263 0.834376 -0.046121
569.05047607 369.81365967 -55.52054977 -0.625780 0.774567 -0.091898
568.63769531 369.50274658 -56.24507904 -0.441371 0.587939 0.677879
568.83666992 369.56008911 -55.97016144 -0.663228 0.747716 0.032387
570.56726074 369.81140137 -53.40411377 0.041283 -0.043400 0.998204
570.39208984 370.06741333 -53.40007782 -0.024678 0.076181 0.996789
570.21026611 370.23532104 -53.47446823 -0.242857 0.530574 0.812103
570.02172852 370.31484985 -53.62756348 -0.332001 0.727163 0.600841
569.82745361 370.31915283 -53.84759903 -0.436469 0.865386 0.246174
569.62664795 370.23684692 -54.14474106 -0.478714 0.877417 0.031191
569.42279053 370.11413574 -54.47786331 -0.517634 0.855516 -0.012164
569.21813965 369.98129272 -54.82002258 -0.536675 0.843735 -0.009511
569.01226807 369.83255005 -55.17631912 -0.558566 0.824137 -0.093816
568.80120850 369.61514282 -55.59374237 -0.611864 0.772801 -0.168528
568.58697510 369.35665894 -56.04771423 -0.415380 0.743744 0.523740
568.39154053 369.34515381 -56.28184891 -0.445479 0.429280 0.785663
570.32427979 369.69595337 -53.40333939 0.033416 0.003038 0.999437
570.14929199 369.95358276 -53.39788818 -0.093834 0.100785 0.990473
569.96728516 370.11990356 -53.47369385 -0.255533 0.503323 0.825450
569.77868652 370.19845581 -53.62764359 -0.348261 0.691617 0.632756
569.58343506 370.18997192 -53.85908127 -0.487533 0.846769 0.212824
569.38195801 370.09844971 -54.16442871 -0.522688 0.851940 0.031553
569.17687988 369.95977783 -54.51175308 -0.517894 0.853901 -0.051373
568.97204590 369.82464600 -54.85593796 -0.557248 0.829619 0.034741
568.76458740 369.65512085 -55.23073578 -0.609135 0.792016 -0.040797
568.54785156 369.36312866 -55.71456909 -0.662050 0.734438 -0.149301
568.33587646 369.13345337 -56.14291000 -0.822984 0.518403 0.232282
570.08129883 369.58010864 -53.40295410 0.020974 0.002996 0.999776
569.90600586 369.83404541 -53.40077972 -0.087327 0.151926 0.984527
569.72326660 369.98995972 -53.48584747 -0.280838 0.476339 0.833205
569.53515625 370.07577515 -53.63333130 -0.395650 0.673764 0.624101
569.33813477 370.04318237 -53.88622665 -0.500346 0.858760 0.110391
569.13519287 369.93347168 -54.20775986 -0.529390 0.837345 0.136380
568.93011475 369.79486084 -54.55504608 -0.546841 0.836263 -0.040352
568.72314453 369.63085938 -54.92493820 -0.617960 0.784823 0.046665
568.51153564 369.40698242 -55.34811401 -0.698214 0.709924 -0.092217
568.29199219 369.07791138 -55.86492920 -0.744266 0.662703 -0.083020
568.08618164 368.92932129 -56.22108841 -0.574446 0.396681 0.716000
569.83831787 369.46527100 -53.40159607 0.021312 -0.017252 0.999624
569.66247559 369.71221924 -53.40562439 -0.096596 0.177296 0.979406
569.47973633 369.86795044 -53.49087524 -0.304036 0.499375 0.811287
569.29052734 369.93884277 -53.65163040 -0.449602 0.673568 0.586656
569.09326172 369.90295410 -53.90748215 -0.453439 0.836758 0.306967
568.88897705 369.77529907 -54.24499893 -0.742478 0.669217 -0.029586
568.68054199 369.59234619 -54.63172913 -0.672594 0.739714 -0.020975
568.25781250 369.14981079 -55.47346115 -0.730346 0.670604 -0.129939
568.03576660 368.78811646 -56.01932907 -0.862199 0.460339 0.211426
567.83709717 368.73406982 -56.29132843 -0.473203 0.182457 0.861852
569.59552002 369.35140991 -53.39942551 0.041865 -0.061187 0.997248
569.41925049 369.59289551 -53.40831757 -0.108262 0.156920 0.981660
569.23522949 369.73205566 -53.50831223 -0.362902 0.511288 0.779029
569.04498291 369.78958130 -53.68100357 -0.525883 0.673735 0.519162
568.84521484 369.72097778 -53.96594620 -0.322020 0.707150 0.629477
568.63977051 369.57742310 -54.31762695 -0.741215 0.631984 -0.226266
568.42883301 369.36193848 -54.73332596 -0.713976 0.700058 0.012526
567.99639893 368.79089355 -55.68944550 -0.763955 0.633415 -0.123123
567.77972412 368.49975586 -56.17250824 -0.675130 0.671907 -0.304533
569.35241699 369.23422241 -53.40021515 0.004926 -0.004926 0.999976
569.17498779 369.46020508 -53.42292023 -0.177458 0.230829 0.956675
568.99023438 369.58993530 -53.53132629 -0.421758 0.547459 0.722778
568.79797363 369.62033081 -53.72814178 -0.570215 0.709050 0.414852
568.59631348 369.52697754 -54.03512955 -0.660397 0.743131 0.107850
568.38531494 369.31045532 -54.45174408 -0.684025 0.728971 -0.026687
568.17407227 369.09112549 -54.87088776 -0.780041 0.623749 -0.049729
567.73229980 368.39727783 -55.93632507 -0.864687 0.031418 0.501327
567.95965576 368.82965088 -55.32755280 -0.829514 0.550613 -0.093446
569.10919189 369.11578369 -53.40213394 0.014924 -0.004975 0.999876
568.93041992 369.32406616 -53.44060516 -0.239047 0.281482 0.929314
568.74462891 369.43981934 -53.56142807 -0.500495 0.588123 0.635308
568.55035400 369.44369507 -53.78184891 -0.608552 0.718903 0.335921
568.34436035 369.29278564 -54.14007187 -0.727634 0.685896 -0.009739
568.13067627 369.04119873 -54.58792496 -0.766875 0.641614 -0.015310
567.91717529 368.79177856 -55.03385162 -0.641320 0.759264 -0.110572
567.69818115 368.47024536 -55.54397964 -0.763275 0.642531 -0.067559
567.47430420 368.08374023 -56.11193085 -0.239660 0.262084 0.934813
568.86633301 369.00207520 -53.39976883 0.032093 -0.030023 0.999034
569.04113770 368.74108887 -53.40821838 0.030143 -0.036380 0.998883
568.68518066 369.17895508 -53.46619415 -0.292351 0.352320 0.889045
568.49786377 369.27459717 -53.60492706 -0.614381 0.607648 0.503288
568.29974365 369.22775269 -53.87050629 -0.687840 0.714697 0.126825
568.08630371 368.97940063 -54.31546021 -0.840894 0.541061 -0.012266
567.87298584 368.73211670 -54.75948334 -0.714566 0.681189 0.159298
567.65698242 368.44940186 -55.23506927 -0.778694 0.626064 -0.040984
567.42651367 367.97619629 -55.88018799 -0.506827 0.604488 0.614590
568.79815674 368.62530518 -53.40779114 0.002979 -0.014894 0.999885
568.62359619 368.88946533 -53.39650345 -0.052558 0.005153 0.998605
568.44006348 369.03500366 -53.49080658 -0.379457 0.420737 0.824010
568.24914551 369.08361816 -53.67139435 -0.681060 0.543844 0.490296
568.04351807 368.93771362 -54.02518082 -0.805199 0.591603 0.040752
567.39178467 368.04138184 -55.49477386 -0.831178 0.528659 -0.172226
567.16131592 367.56802368 -56.14005280 -0.986165 -0.066998 0.151627
568.55560303 368.51586914 -53.40166855 0.009186 -0.037765 0.999244
568.37927246 368.75646973 -53.41135025 -0.205064 0.285973 0.936039
568.19323730 368.86853027 -53.53547668 -0.657541 0.355826 0.664100
567.99719238 368.84912109 -53.77664185 -0.646049 0.738562 0.192735
568.31268311 368.40090942 -53.40047073 -0.056550 -0.039478 0.997619
568.13208008 368.58508301 -53.46041489 -0.287423 0.341036 0.895032
567.94433594 368.67480469 -53.60441589 -0.639398 0.565167 0.521303
569.10278320 369.91577148 -54.08024597 -0.556264 0.830996 -0.004080
568.84228516 369.74072266 -54.53987885 -0.671273 0.741051 -0.015351
568.91827393 369.77407837 -53.98872757 -0.472426 0.752261 0.459258
568.65704346 369.59124756 -54.46197128 -0.758215 0.650101 -0.049789
568.73284912 369.62216187 -53.91509247 -0.618395 0.760271 0.198935
568.46911621 369.41180420 -54.43653870 -0.852777 0.517304 -0.071887
568.54614258 369.45642090 -53.86567307 -0.662436 0.737203 0.133085
568.79663086 369.52178955 -53.59825516 -0.517846 0.639296 0.568450
568.28088379 369.22976685 -54.41571808 -0.712624 0.701511 0.006946
568.60833740 369.33847046 -53.57960510 -0.507876 0.605739 0.612488
568.35784912 369.27340698 -53.84651566 -0.684258 0.690550 0.234378
568.09094238 369.02883911 -54.42792511 -0.909843 0.243110 -0.336278
568.41992188 369.15414429 -53.56283188 -0.402690 0.460910 0.790824
568.66229248 369.13043213 -53.45151901 -0.275109 0.325128 0.904769
568.16888428 369.08248901 -53.84123611 -0.802353 0.555949 0.217143
568.90142822 369.07202148 -53.40100098 -0.092677 0.085812 0.991991
568.71240234 368.88058472 -53.39656830 0.014433 -0.129895 0.991423
568.94842529 368.78829956 -53.40543747 -0.018702 -0.113310 0.993384
568.47406006 368.94799805 -53.43129349 -0.272824 0.365256 0.890031
568.23052979 368.95895386 -53.56496429 -0.617510 0.499729 0.607414
567.97631836 368.85293579 -53.90362167 -0.754260 0.654453 0.052755
568.75903320 368.59292603 -53.40795898 0.004926 -0.004926 0.999976
568.99560547 368.50598145 -53.40748215 0.000981 0.002944 0.999995
568.52319336 368.68792725 -53.39435959 -0.291302 0.109403 0.950355
568.28387451 368.74432373 -53.44838715 -0.301709 0.281303 0.910956
568.04046631 368.75640869 -53.58006287 -0.663681 -0.070850 0.744653
568.80633545 368.31271362 -53.40634537 0.008902 -0.004945 0.999948
569.04284668 368.22479248 -53.40755463 0.002961 0.006910 0.999972
568.56982422 368.40008545 -53.40609360 0.025269 -0.009097 0.999639
568.33398438 368.49475098 -53.39302444 -0.021396 -0.023434 0.999496
568.09417725 368.54623413 -53.45566940 -0.251173 0.173269 0.952308
568.85351563 368.03051758 -53.40811157 0.002944 -0.002944 0.999991
568.61700439 368.11788940 -53.40784454 0.008902 -0.004945 0.999948
568.38061523 368.20648193 -53.40543365 0.008919 -0.004955 0.999948
568.14440918 368.29730225 -53.39919662 -0.064137 0.093393 0.993561
568.66424561 367.83670044 -53.40790176 0.006910 0.002961 0.999972
568.42779541 367.92498779 -53.40607452 0.019282 0.019282 0.999628
568.19165039 368.01654053 -53.39848709 0.016980 -0.006992 0.999831
567.95520020 368.10424805 -53.39763641 -0.205090 0.109465 0.972602
568.47503662 367.64379883 -53.40607452 0.006896 -0.000985 0.999976
568.23858643 367.73199463 -53.40435410 -0.006896 -0.002956 0.999972
568.00238037 367.82293701 -53.39787674 0.001005 -0.027126 0.999632
570.46453857 359.62252808 -53.56765747 -0.038225 -0.720605 0.692291
570.24316406 359.72827148 -53.51429367 0.026487 -0.611987 0.790425
570.26483154 359.59130859 -53.72469711 -0.367451 -0.891106 0.266290
570.48876953 359.50360107 -53.79310226 -0.236618 -0.928053 0.287626
570.02661133 359.86880493 -53.48994064 -0.252350 -0.304262 0.918555
570.04418945 359.70205688 -53.67549515 -0.512336 -0.857575 -0.045572
569.82855225 359.84924316 -53.65668106 -0.529825 -0.804897 0.267257
567.90985107 361.62362671 -53.53764725 -0.686283 -0.297336 0.663782
567.70184326 361.82550049 -53.56441879 -0.370474 -0.315589 0.873586
567.71215820 361.60684204 -53.70671844 -0.563613 -0.745528 0.355709
567.91656494 361.37915039 -53.65842056 -0.716470 -0.457144 0.526963
570.29559326 359.51940918 -53.98937607 -0.337614 -0.934202 0.115250
570.07373047 359.62170410 -53.93312073 -0.519473 -0.817202 0.249657
569.86065674 359.78707886 -53.92948151 -0.490375 -0.834714 0.250568
569.63903809 359.89117432 -53.87473679 -0.395602 -0.874569 0.280408
569.18347168 360.30343628 -53.61076736 -0.009702 -0.658376 0.752627
568.96783447 360.45071411 -53.59201050 -0.384982 -0.317495 0.866594
568.98211670 360.26016235 -53.75778580 -0.107640 -0.741682 0.662058
569.20971680 360.19918823 -53.84847641 -0.446800 -0.877485 0.174325
569.88671875 359.68179321 -54.16627121 -0.454952 -0.889655 0.039150
569.66528320 359.78710938 -54.11256027 -0.520648 -0.821671 0.231911
569.42175293 360.02642822 -53.84595490 -0.584175 -0.769978 0.256659
569.44769287 359.92004395 -54.08185577 -0.652702 -0.612638 0.445707
569.22888184 360.04409790 -54.04376602 -0.755217 -0.550578 0.355683
569.01330566 360.19171143 -54.02529907 -0.282775 -0.927899 0.242987
569.68511963 359.86901855 -55.98691177 -0.699819 -0.711363 0.064932
569.46856689 360.00967407 -55.96263504 -0.500618 -0.863183 0.065541
569.49481201 359.90521240 -56.20012665 -0.578582 -0.731784 0.360188
569.71148682 359.76574707 -56.22537231 0.062285 -0.483054 0.873372
569.24896240 360.12820435 -55.91992188 -0.670628 -0.719736 0.179550
569.27966309 360.05584717 -56.18418884 -0.541175 -0.772419 0.332413
569.06695557 360.22402954 -56.18286133 0.824340 -0.268570 0.498330
567.24945068 363.00155640 -53.47352982 -0.313975 -0.214526 0.924877
567.07257080 363.27297974 -53.52984238 -0.626037 -0.300949 0.719380
567.02770996 362.85659790 -53.56103134 -0.225577 -0.081008 0.970852
567.23071289 362.68173218 -53.56543350 -0.406507 -0.337977 0.848837
567.79650879 361.99731445 -53.47815323 -0.390023 -0.192836 0.900387
567.60046387 362.19799805 -53.48997879 -0.301236 -0.098658 0.948432
567.58251953 361.88098145 -53.58362961 -0.530872 -0.328788 0.781072
567.78167725 361.69158936 -53.57889557 -0.425578 -0.343917 0.837021
569.45324707 359.96520996 -53.99413681 -0.525608 -0.759934 0.382408
569.24981689 360.13848877 -53.98873901 -0.836800 0.464199 -0.290318
569.27716064 359.98864746 -54.18750381 -0.381484 -0.860270 0.338239
569.50738525 359.91378784 -54.25478745 -0.531046 -0.824559 0.195171
569.02996826 360.25140381 -53.94537735 -0.321139 -0.781279 0.535232
569.06817627 360.14151001 -54.16926956 -0.520218 -0.761574 0.386495
568.86950684 360.33239746 -54.17495346 -0.623315 -0.778783 0.070537
569.93774414 359.65362549 -54.31989670 -0.432405 -0.900955 0.036145
569.71875000 359.76974487 -54.27854919 -0.457197 -0.888920 0.028156
569.77362061 359.72125244 -54.54100800 -0.421777 -0.906089 0.033263
569.99749756 359.62298584 -54.59356689 -0.412453 -0.910559 -0.027673
569.55322266 359.83193970 -54.49626923 -0.476256 -0.875696 0.079609
569.33996582 359.96920776 -54.46823502 -0.518078 -0.853223 0.060047
569.12341309 360.09423828 -54.43250275 -0.534712 -0.844210 0.037306
568.91503906 360.24948120 -54.41575623 -0.596202 -0.798304 0.085172
568.66320801 360.49526978 -54.16300201 -0.444542 -0.895679 0.011872
568.70758057 360.40817261 -54.40119171 -0.640541 -0.767241 0.032379
568.51159668 360.60894775 -54.41308212 -0.667871 -0.743797 -0.026715
569.83343506 359.69070435 -54.81479645 -0.427740 -0.903878 0.006540
570.06085205 359.60580444 -54.87574768 -0.393458 -0.917174 -0.063114
569.61248779 359.79965210 -54.76895142 -0.463510 -0.886083 0.003962
569.39532471 359.92239380 -54.73178101 -0.504619 -0.863341 0.001339
569.18041992 360.05352783 -54.69988251 -0.543688 -0.839260 0.006779
568.96936035 360.19888306 -54.67692947 -0.597499 -0.801726 0.015179
568.76269531 360.36050415 -54.66421509 -0.658594 -0.751672 -0.035257
568.56652832 360.56063843 -54.67569733 -0.646807 -0.762653 -0.001379
570.28747559 359.51797485 -54.93487549 -0.519471 -0.853906 -0.031525
570.12792969 359.60214233 -55.16640472 -0.444120 -0.894990 -0.041847
570.34906006 359.49401855 -55.21275711 0.138645 -0.946286 0.292097
569.89398193 359.66323853 -55.09046173 -0.360572 -0.925423 -0.116535
569.67272949 359.77084351 -55.04377747 -0.397398 -0.913605 -0.086035
569.45349121 359.88595581 -55.00180817 -0.494251 -0.869293 -0.006697
569.23834229 360.01629639 -54.96943665 -0.531176 -0.845116 -0.060265
569.02478027 360.15231323 -54.94060898 -0.604491 -0.796261 -0.023624
568.82434082 360.33676147 -54.94222260 -0.571964 -0.817296 -0.069891
568.62115479 360.51116943 -54.93753815 -0.589055 -0.803256 -0.088286
569.96826172 359.68618774 -55.39787674 -0.356977 -0.913231 0.196409
569.74743652 359.79537964 -55.35218811 -0.500554 -0.863837 -0.056850
569.53100586 359.92105103 -55.31687164 -0.603887 -0.783705 0.145352
569.30053711 359.99481201 -55.24889374 -0.448396 -0.874740 -0.183769
569.08599854 360.12731934 -55.21786499 -0.507840 -0.835283 -0.210716
568.88134766 360.29608154 -55.20963287 -0.608794 -0.786907 -0.100736
568.90155029 360.31054688 -53.77596283 -0.563093 -0.680055 0.469522
568.70806885 360.52273560 -53.78200912 -0.614948 -0.706293 0.350700
568.73382568 360.44201660 -54.02897644 -0.586815 -0.806693 0.069961
568.92944336 360.23968506 -54.02960205 -0.742366 -0.669667 -0.020971
568.52343750 360.57745361 -53.98299408 -0.607080 -0.744111 0.278842
570.88586426 359.30630493 -54.63713837 -0.186503 -0.953983 0.234806
570.65643311 359.35537720 -54.53258514 -0.318455 -0.947871 0.011240
570.69555664 359.33538818 -54.82070923 -0.369382 -0.929206 0.011503
570.47491455 359.42410278 -54.74303055 -0.362972 -0.931326 0.029709
570.21423340 359.52896118 -54.37463760 -0.372926 -0.927860 0.001273
569.99450684 359.62197876 -54.29988861 -0.432361 -0.900864 0.038819
570.03387451 359.60305786 -54.58872223 -0.412453 -0.910559 -0.027673
570.25451660 359.51437378 -54.66641617 -0.394205 -0.918949 -0.011632
569.81579590 359.70355225 -54.51904678 -0.404239 -0.914443 0.019623
569.14746094 360.13885498 -54.09905624 -0.590194 -0.806830 0.026385
568.96685791 360.21179199 -54.31236649 -0.654553 -0.750768 0.088926
568.76184082 360.37158203 -54.28287888 -0.604866 -0.777684 0.171303
568.55340576 360.51599121 -54.24297714 -0.060838 -0.981760 -0.180128
570.51354980 359.40200806 -55.02976227 -0.333515 -0.940382 -0.066703
570.29016113 359.47851563 -54.94381332 -0.554953 -0.831745 0.015073
570.07635498 359.59823608 -54.88716125 -0.385802 -0.922002 -0.032695
569.85455322 359.68209839 -54.80619812 -0.427740 -0.903878 0.006540
568.59509277 360.50738525 -54.53885651 -0.697176 -0.716736 0.015369
568.39117432 360.67218018 -54.51277161 -0.637581 -0.770352 -0.006915
570.33349609 359.47738647 -55.24472427 -0.421447 -0.906829 0.006524
570.12133789 359.60482788 -55.19329834 -0.435774 -0.899534 -0.030651
569.89514160 359.66867065 -55.09875488 -0.367006 -0.927525 -0.070732
569.67694092 359.76858521 -55.02869034 -0.397398 -0.913605 -0.086035
568.42871094 360.64489746 -54.79594421 -0.763367 -0.644841 -0.038098
568.63189697 360.47698975 -54.81991959 -0.616391 -0.787381 -0.009653
569.94177246 359.68252563 -55.40982437 -0.276558 -0.948392 0.155142
569.72583008 359.79272461 -55.34672165 -0.478707 -0.875549 -0.065215
569.51458740 359.92437744 -55.29817963 -0.555535 -0.828330 -0.072461
568.83392334 360.30352783 -54.84010696 -0.524460 -0.836462 -0.158972
568.67071533 360.45538330 -55.10692978 -0.678558 -0.732843 0.049999
568.87170410 360.27746582 -55.12411880 -0.555643 -0.822468 -0.121684
568.46966553 360.63330078 -55.08974457 -0.731685 -0.681320 0.020985
568.27722168 360.84991455 -55.09880829 -0.777010 -0.629141 -0.020925
569.76947021 359.79321289 -55.64876938 -0.519333 -0.831235 -0.198346
569.55664063 359.91769409 -55.59534073 -0.492311 -0.862620 -0.116260
569.29925537 360.03729248 -55.23691177 -0.727293 -0.604187 -0.325581
569.33544922 360.00411987 -55.51611328 -0.575215 -0.815007 -0.069939
569.07904053 360.12814331 -55.16068268 -0.539891 -0.833847 -0.114963
569.13061523 360.16470337 -55.48717880 -0.409704 -0.910002 -0.063551
569.39074707 360.05743408 -55.85394287 -0.542740 -0.825262 -0.156131
569.18304443 360.20501709 -55.81619644 -0.332034 -0.943077 -0.018937
568.72808838 360.70184326 -53.54586792 -0.452939 -0.780874 0.430211
568.50085449 360.82778931 -53.59302139 0.077085 -0.870364 -0.486338
568.58276367 360.62155151 -53.73288345 -0.717557 -0.562499 0.410740
568.80780029 360.48623657 -53.67966080 -0.756227 -0.470796 0.454392
568.28106689 360.98526001 -53.66059875 -0.556001 -0.385429 0.736415
568.37231445 360.81884766 -53.82624435 -0.925095 -0.379559 -0.011580
568.06188965 361.14523315 -53.72978973 -0.531955 -0.505105 0.679627
568.15924072 361.00485229 -53.91231155 -0.636848 -0.719846 0.276127
568.68316650 360.49380493 -53.92357635 -0.570627 -0.798878 0.190209
568.45867920 360.63137817 -53.97826385 -0.514923 -0.741950 0.429377
568.25207520 360.84506226 -54.08224106 -0.779089 -0.617696 0.107106
568.56079102 360.51116943 -54.17384338 0.218279 -0.975766 0.015339
568.35028076 360.70831299 -54.26710892 -0.685223 -0.727608 0.032495
568.46234131 360.63034058 -54.49004745 -0.502657 -0.856965 -0.113782
568.24914551 360.81579590 -54.57574081 -0.657713 -0.738986 -0.145991
571.72436523 359.21234131 -54.05347824 -0.011168 -0.951801 0.306512
571.46679688 359.20916748 -54.01699829 -0.086455 -0.937703 0.336509
571.58911133 359.17474365 -54.26812744 0.023527 -0.999396 0.025573
571.84057617 359.15213013 -54.28790665 -0.175865 -0.982213 0.065800
571.22418213 359.26934814 -54.02155304 -0.337580 -0.907519 0.249897
571.33367920 359.18051147 -54.23746109 -0.206773 -0.974432 0.087909
571.08917236 359.23284912 -54.23693848 -0.332967 -0.933130 0.135653
568.36126709 360.73831177 -54.79899216 -0.777202 -0.608179 -0.161477
568.57214355 360.54269409 -54.70670319 -0.645394 -0.762220 0.049865
572.60321045 359.11907959 -54.36975861 0.024577 -0.996975 -0.073731
572.34552002 359.11517334 -54.33280563 0.214153 -0.968176 0.129518
572.47552490 359.11373901 -54.60532379 -0.003146 -0.997373 0.072365
572.73345947 359.11849976 -54.64281464 0.059943 -0.998002 -0.019981
572.09442139 359.13943481 -54.31411743 0.194778 -0.971343 0.136217
572.22082520 359.12274170 -54.57674026 0.019787 -0.998705 0.046863
571.95947266 359.10321045 -54.52966309 0.339815 -0.937467 -0.075368
571.71185303 359.14242554 -54.52064514 -0.095387 -0.988023 0.121295
571.46447754 359.18255615 -54.51221085 -0.190416 -0.957409 0.217048
570.85095215 359.31207275 -54.25382996 -0.201441 -0.968711 0.144986
570.97723389 359.29455566 -54.51591492 -0.381758 -0.924190 0.011568
570.60974121 359.37823486 -54.26225662 -0.391611 -0.915578 0.091421
570.73077393 359.33859253 -54.51002121 -0.232287 -0.971715 -0.042566
570.37463379 359.47073364 -54.28776169 -0.328246 -0.943866 0.037039
570.49255371 359.41757202 -54.52674866 -0.357091 -0.934027 -0.008895
570.13916016 359.56146240 -54.31209183 -0.392539 -0.919402 0.024778
570.25817871 359.51300049 -54.55414200 -0.388343 -0.921514 -0.001282
570.02362061 359.60772705 -54.58107758 -0.412453 -0.910559 -0.027673
568.46905518 360.64215088 -55.01013184 -0.720829 -0.692944 -0.015337
568.68090820 360.45077515 -54.92061234 -0.596689 -0.802443 -0.006858
572.60467529 359.10852051 -54.87537003 -0.021568 -0.999324 -0.029785
572.35217285 359.12683105 -54.85280609 0.019785 -0.998606 0.048941
572.08093262 359.06539917 -54.77859879 0.333754 -0.918181 0.213430
571.83050537 359.09259033 -54.76179886 -0.149233 -0.957466 0.246960
571.58233643 359.12924194 -54.75111771 -0.170880 -0.985142 0.017203
570.85827637 359.32629395 -54.77549362 0.393154 -0.715574 -0.577394
570.61242676 359.37310791 -54.77138901 -0.376443 -0.926332 0.014133
570.37683105 359.46331787 -54.79539108 -0.400789 -0.913582 -0.068822
570.14392090 359.56494141 -54.82680511 -0.383387 -0.921985 -0.054390
568.89495850 360.26876831 -54.83714676 -0.647903 -0.759462 -0.058640
568.78619385 360.34414673 -55.12498093 -0.637075 -0.769858 -0.038140
569.00311279 360.17428589 -55.04937744 -0.626305 -0.772981 -0.101206
568.57257080 360.52798462 -55.20963287 -0.664262 -0.747468 -0.006934
568.89892578 360.26904297 -55.34977341 -0.571072 -0.819241 -0.052172
569.12408447 360.13427734 -55.29689407 -0.419669 -0.873935 -0.245183
568.68774414 360.46325684 -55.44115067 -0.663215 -0.732709 -0.152585
573.37609863 359.24417114 -54.36892319 0.161640 -0.986797 -0.010173
573.37609863 359.21914673 -54.06229782 0.061533 -0.998078 0.007300
573.14044189 359.19046021 -54.14739609 -0.311555 -0.721581 -0.618267
573.13793945 359.20620728 -54.44821167 0.224074 -0.974182 -0.027560
573.08496094 359.16217041 -56.16625214 0.384269 -0.921449 0.057175
572.84259033 359.10861206 -56.23578644 -0.076118 -0.889886 0.449787
573.10650635 359.21612549 -55.90912247 0.213106 -0.977028 -0.001165
572.87219238 359.19213867 -55.99719238 0.582888 -0.586267 -0.562613
572.88000488 359.19580078 -55.70853043 0.180357 -0.983237 -0.026763
572.60284424 359.06491089 -56.31147766 -0.006704 -0.867480 0.497427
572.63372803 359.15298462 -56.07573700 -0.506166 -0.801298 0.318932
572.64007568 359.15112305 -55.78362274 0.029549 -0.994806 -0.097401
572.64624023 359.14889526 -55.49128342 0.135896 -0.945888 -0.294665
572.88616943 359.14337158 -54.80286789 0.226747 -0.973953 -0.001175
572.88946533 359.13037109 -54.50377274 0.159321 -0.986875 0.026363
572.65942383 359.12203979 -54.60164261 -0.048604 -0.996919 -0.061565
572.64916992 359.10943604 -54.88468170 0.104963 -0.994447 0.007575
572.40307617 359.14242554 -56.17220306 -0.182084 -0.981824 0.053554
572.42089844 359.18264771 -55.90647125 -0.123820 -0.984549 0.123820
572.41021729 359.11840820 -55.57527924 -0.063489 -0.994665 -0.081311
572.42077637 359.13223267 -55.29298401 0.152823 -0.945338 0.288064
572.43139648 359.12112427 -54.70415878 -0.093237 -0.995597 -0.009645
572.42449951 359.12081909 -54.99489975 -0.062043 -0.997949 0.015774
572.16967773 359.12170410 -56.26231003 -0.016852 -0.921675 0.387596
572.19549561 359.19140625 -56.01502991 -0.042489 -0.988731 -0.143544
572.19763184 359.17422485 -55.71332932 -0.050362 -0.984984 -0.165140
572.19049072 359.12292480 -55.39023972 0.150273 -0.985648 -0.076911
572.20507813 359.15151978 -55.11722565 0.179316 -0.979528 0.091488
572.20312500 359.11932373 -54.80610275 0.140688 -0.977346 0.158118
571.96875000 359.19509888 -56.12043381 -0.021209 -0.951905 0.305658
571.96990967 359.17422485 -55.81641388 0.377328 -0.852481 -0.361800
571.96459961 359.12976074 -55.49761581 0.351668 -0.906166 -0.234932
571.90820313 358.89819336 -55.06156158 0.387695 -0.884664 0.258963
571.93859863 358.98461914 -54.82478333 0.025072 -0.909174 0.415660
571.65539551 358.85647583 -55.72039413 -0.726261 -0.354154 0.589169
571.66003418 358.84851074 -55.42445755 -0.363020 -0.927117 -0.093117
571.68859863 358.92828369 -55.18349457 -0.748649 -0.654145 0.107794
571.74542236 359.11129761 -55.00724411 -0.757381 -0.250361 0.603070
571.75000000 359.10308838 -54.71115112 -0.178352 -0.983815 -0.017260
571.53778076 359.23498535 -55.76972580 -0.221150 -0.880149 0.420037
571.48278809 359.05847168 -55.95004654 -0.883372 -0.456527 0.106005
571.52978516 359.18066406 -55.44474030 -0.829547 -0.547704 -0.108960
571.52911377 359.15332031 -55.13666153 -0.550553 -0.834710 -0.012295
571.53167725 359.13754272 -54.83583069 -0.185461 -0.982597 -0.010367
571.54083252 359.14617920 -54.55031586 -0.244207 -0.948178 0.203278
571.31915283 359.26855469 -55.89383698 -0.371319 -0.920706 0.120092
571.28979492 359.18591309 -56.13299942 -0.017106 -0.986465 0.163080
571.31677246 359.23471069 -55.58168411 -0.214999 -0.966850 -0.137754
571.31549072 359.20507813 -55.27218628 -0.233610 -0.970285 -0.063038
571.31939697 359.19436646 -54.97452927 -0.371195 -0.920398 0.122812
571.32147217 359.17706299 -54.67273712 -0.200660 -0.970069 -0.136755
571.55041504 359.15615845 -54.26561737 0.199154 -0.899828 -0.388133
571.32885742 359.17901611 -54.38303375 -0.184051 -0.982763 0.017363
571.34082031 359.19796753 -54.10396194 -0.241853 -0.946917 0.211792
571.10113525 359.30413818 -56.01922607 -0.364251 -0.919700 0.146538
571.08575439 359.27276611 -56.29050064 -0.197981 -0.977758 -0.069233
571.10614014 359.29739380 -55.72406387 -0.258704 -0.962175 -0.085385
571.10565186 359.27078247 -55.41644287 -0.341987 -0.939511 -0.019070
571.10479736 359.24258423 -55.10783005 -0.076860 -0.994724 0.067949
571.10577393 359.22122192 -54.80350876 -0.244491 -0.969616 -0.008348
571.11248779 359.22070313 -54.51222992 -0.225542 -0.974198 0.008266
571.12066650 359.22576904 -54.22447205 -0.272083 -0.950280 0.151455
570.89172363 359.37149048 -56.16452408 -0.156625 -0.951799 0.263719
570.90081787 359.37982178 -55.87880325 -0.109325 -0.990829 -0.079404
570.89147949 359.32052612 -55.55068970 -0.328246 -0.943866 0.037039
570.89306641 359.30126953 -55.24768066 -0.196105 -0.980527 -0.010443
570.89410400 359.28005981 -54.94345474 -0.268003 -0.954511 -0.130701
570.90008545 359.27713013 -54.65067673 -0.260143 -0.958214 0.118960
570.65661621 359.34442139 -56.25064850 -0.286885 -0.913080 0.289797
570.68139648 359.41027832 -56.00097275 -0.064718 -0.740662 0.668753
570.68927002 359.41406250 -55.71239090 -0.387783 -0.914948 -0.111781
570.68395996 359.36975098 -55.39368820 -0.482732 -0.870617 -0.094848
570.68603516 359.35220337 -55.09175491 -0.380537 -0.922634 0.062755
570.68859863 359.33670044 -54.79109573 -0.384469 -0.922984 0.016829
570.46643066 359.45721436 -56.13346481 -0.441338 -0.869212 0.222913
570.48974609 359.51760864 -55.88035965 -0.479764 -0.875189 0.062217
570.47973633 359.45599365 -55.55081177 -0.238715 -0.961382 -0.136968
570.47863770 359.42678833 -55.24158096 -0.355943 -0.934189 -0.024415
570.48083496 359.40997314 -54.94010544 -0.339427 -0.940625 -0.003757
570.25152588 359.50415039 -56.26596069 -0.395314 -0.911303 0.115127
570.28253174 359.59286499 -56.03061676 -0.348121 -0.915429 0.201996
570.28411865 359.57366943 -55.72765350 -0.222456 -0.935992 -0.272823
570.27416992 359.51223755 -55.39821625 -0.454501 -0.888405 -0.064536
570.28375244 359.52221680 -55.11352158 -0.431127 -0.901202 -0.044321
570.07397461 359.66333008 -56.17785645 -0.555026 -0.642750 0.528033
570.09289551 359.70745850 -55.91456985 -0.473584 -0.863073 0.175565
570.07977295 359.63442993 -55.57786942 -0.368816 -0.906855 -0.203934
570.08337402 359.62268066 -55.27956390 -0.335672 -0.938023 -0.086240
569.87005615 359.72552490 -56.02897263 -0.417886 -0.906987 -0.052404
569.88610840 359.75927734 -55.75917816 -0.335436 -0.928365 -0.160063
569.87615967 359.69775391 -55.42969513 -0.054117 -0.995093 0.082832
569.68756104 359.86633301 -55.92935944 -0.651506 -0.757001 0.049896
569.68695068 359.83926392 -55.62143707 -0.502994 -0.852010 -0.145179
569.10119629 360.14627075 -55.54121017 -0.551388 -0.758361 0.347649
569.10278320 360.12716675 -55.23829651 -0.467966 -0.859682 -0.204829
568.91552734 360.27557373 -55.43438339 -0.592739 -0.792807 -0.141839
568.93444824 360.36972046 -55.78431320 -0.620425 -0.763717 -0.178353
568.91741943 360.25738525 -55.13203812 -0.577706 -0.796051 -0.180438
569.13616943 360.14950562 -54.08852386 -0.493225 -0.826190 0.272285
569.16680908 360.23660278 -53.85216904 -0.419508 -0.858993 0.293502
568.94042969 360.24172974 -53.95845795 -0.538988 -0.765590 0.351232
568.93609619 360.25091553 -54.25516891 -0.691433 -0.709431 0.136487
568.97332764 360.33718872 -53.72734451 -0.672640 0.092323 0.734188
568.74230957 360.47531128 -55.66262817 -0.613591 -0.764298 -0.198379
568.75720215 360.55496216 -56.00348282 -0.630214 -0.776391 0.006895
568.72857666 360.40002441 -55.32450867 -0.643509 -0.760245 -0.089011
568.73474121 360.39752197 -55.03199768 -0.664837 -0.744904 0.055761
568.75952148 360.41339111 -54.16911697 -0.564349 -0.809848 0.160173
568.77246094 360.43566895 -53.89214325 -0.636057 -0.761183 0.126616
568.56085205 360.64501953 -55.87205887 -0.624078 -0.759014 -0.185537
568.55841064 360.61105347 -55.55982971 -0.653348 -0.738634 -0.166002
568.54840088 360.54934692 -55.23021698 -0.677982 -0.734363 -0.032419
568.55432129 360.54589844 -54.93712234 -0.653680 -0.754246 -0.061776
568.38110352 360.79583740 -55.77871323 -0.706655 -0.697729 -0.117528
568.37615967 360.75265503 -55.46070480 -0.703149 -0.700163 -0.123909
568.37756348 360.73284912 -55.15736389 -0.743604 -0.668549 0.009729
568.56384277 360.55587769 -54.65242767 -0.727186 -0.684157 -0.055937
568.38000488 360.71679688 -54.85636139 -0.755174 -0.637602 -0.152241
568.38177490 360.69821167 -54.55377579 -0.642197 -0.765858 -0.032321
568.21051025 360.98016357 -55.70636749 -0.740918 -0.660739 -0.120269
568.20996094 361.00308228 -56.01166534 -0.771978 -0.628965 0.091937
568.20788574 360.94546509 -55.39368057 -0.763402 -0.644430 -0.043906
568.21026611 360.92938232 -55.09265900 -0.779472 -0.626088 -0.020916
568.21386719 360.91744995 -54.79424286 -0.767751 -0.633212 -0.097980
568.04132080 361.19476318 -55.94392776 -0.749107 -0.650814 -0.123610
568.02136230 361.14669800 -56.20473480 -0.722560 -0.466757 0.509945
568.03808594 361.15805054 -55.62997818 -0.755669 -0.652818 -0.052854
568.04052734 361.14196777 -55.32895660 -0.787121 -0.616784 -0.004121
568.04724121 361.14141846 -55.03766251 -0.800146 -0.599766 -0.006862
567.86773682 361.39309692 -56.17129135 -0.826801 -0.560091 0.051938
567.86859131 361.37127686 -55.86668777 -0.781106 -0.586216 -0.214998
567.87225342 361.35968018 -55.56846237 -0.795806 -0.605475 0.009654
567.88061523 361.36535645 -55.28108215 -0.830442 -0.554098 0.057807
567.70043945 361.58972168 -56.10664749 -0.739747 -0.640493 0.206261
567.70562744 361.58361816 -55.81187820 -0.806583 -0.590756 0.020753
567.71398926 361.58932495 -55.52451706 -0.832749 -0.549982 0.063623
567.53900146 361.80755615 -56.05529785 -0.789878 -0.600188 0.125965
567.54736328 361.81326294 -55.76793671 -0.829144 -0.556047 0.057716
567.36914063 362.01977539 -56.29135895 -0.821942 -0.554333 0.130864
567.38067627 362.03704834 -56.01124191 -0.827914 -0.558947 0.046229
567.21453857 362.26269531 -56.25573730 -0.877538 -0.474232 0.070926
567.08258057 362.58859253 -56.27209854 -0.898522 -0.424730 0.110738
573.62866211 359.28500366 -54.48864746 0.174323 -0.983931 -0.038608
573.71563721 359.28509521 -54.22428131 0.129542 -0.988486 -0.078192
573.44274902 359.22082520 -54.19207001 0.172139 -0.980340 -0.096447
573.36590576 359.25756836 -54.48075485 0.149994 -0.988129 0.033205
573.80718994 359.30151367 -53.97069550 0.216306 -0.975188 -0.047128
573.53442383 359.23779297 -53.93886185 0.224308 -0.961506 0.158721
573.64270020 359.31460571 -53.72516251 0.153417 -0.961149 0.229469
573.09582520 359.22451782 -55.25218964 0.341287 -0.939499 0.029399
573.18829346 359.24429321 -55.00083542 0.078457 -0.992654 -0.092102
572.91259766 359.16992188 -54.96196365 0.268591 -0.948841 0.166013
572.82623291 359.17221069 -55.22788620 0.499932 -0.766996 0.402225
573.00152588 359.17684937 -54.70211792 0.129267 -0.968862 -0.211179
573.18225098 359.20132446 -54.18944550 0.087208 -0.989517 -0.115114
573.09338379 359.19461060 -54.44942093 0.283243 -0.952488 -0.111980
573.26977539 359.20318604 -53.92625809 0.178297 -0.894384 -0.410228
573.37036133 359.25228882 -53.69425583 0.001329 -0.873026 0.487672
572.64251709 359.11593628 -54.93655396 0.170826 -0.979483 0.106920
572.55218506 359.10382080 -55.19297028 0.065009 -0.957295 -0.281707
572.73303223 359.12857056 -54.68047714 -0.040048 -0.999134 -0.011295
572.82153320 359.13403320 -54.41966629 -0.122061 -0.987153 -0.103100
572.39117432 359.12957764 -54.95580292 -0.027398 -0.999538 0.013192
572.30621338 359.13693237 -55.22506714 0.111599 -0.888557 0.444985
572.47760010 359.12741089 -54.68996048 0.002967 -0.999936 0.010880
572.56542969 359.13049316 -54.42756271 0.010101 -0.988746 -0.149266
572.65557861 359.14187622 -54.17066574 0.101365 -0.980679 0.167314
572.13031006 359.10879517 -54.95229721 0.479472 -0.877475 -0.012020
572.22088623 359.12167358 -54.69638824 0.178983 -0.983836 0.005700
572.30889893 359.12539673 -54.43442917 0.036849 -0.992680 -0.115012
572.39837646 359.13433838 -54.17591476 -0.045457 -0.994511 -0.094240
571.66613770 359.00314331 -56.20463562 0.184310 -0.266226 -0.946126
571.42926025 359.06900024 -56.25837708 -0.521767 -0.811464 -0.263220
571.49719238 359.00009155 -55.94845963 -0.892454 -0.247164 0.377406
571.95623779 359.08715820 -54.68384933 -0.078922 -0.991670 0.101798
572.05023193 359.11245728 -54.43613052 0.384656 -0.915120 -0.120812
571.29614258 359.19570923 -56.08785629 0.310086 -0.950343 -0.026364
571.06884766 359.29620361 -56.16447067 -0.488617 -0.870651 0.056751
570.82775879 359.34695435 -56.20820999 -0.268498 -0.719702 0.640264
570.92102051 359.36962891 -55.95875549 -0.263583 -0.963140 0.053716
570.58032227 359.37484741 -56.23686218 -0.384461 -0.916368 0.111618
570.67724609 359.41070557 -55.99614334 -0.095096 -0.750524 0.653965
570.21527100 359.58508301 -56.13176727 -0.448087 -0.811660 0.374735
569.98352051 359.66979980 -56.19793320 -0.231321 -0.906371 0.353528
570.07647705 359.69128418 -55.94769287 -0.218728 -0.919229 0.327377
569.74627686 359.73437500 -56.25082397 0.164651 -0.984352 -0.062781
569.83752441 359.74972534 -55.99653625 -0.457965 -0.880263 -0.124121
570.14636230 359.62933350 -55.64237976 -0.332660 -0.928387 -0.165634
569.91729736 359.72354126 -55.71483231 -0.333988 -0.938095 -0.091814
570.21020508 359.54565430 -55.32269669 -0.505777 -0.862638 -0.006708
569.98864746 359.66708374 -55.41312408 -0.416745 -0.899887 0.128555
570.06317139 359.62203979 -55.11896896 -0.232055 -0.967530 -0.100177
569.61694336 359.87463379 -56.08924866 -0.296350 -0.886041 0.356522
569.51019287 359.80331421 -56.30657196 -0.358688 -0.879315 0.313285
569.69836426 359.85455322 -55.81157684 -0.614955 -0.786172 -0.061353
569.76245117 359.77157593 -55.49237061 -0.533355 -0.844128 -0.054595
569.83374023 359.71490479 -55.19051361 -0.441244 -0.883935 -0.154797
569.39202881 359.98382568 -56.17160034 -0.663286 -0.747781 0.029573
569.47906494 359.98403931 -55.90733337 -0.501999 -0.864630 0.020296
569.54620361 359.91210938 -55.59541321 -0.476420 -0.847815 -0.232883
569.61480713 359.84564209 -55.28710175 -0.560002 -0.825042 -0.075522
569.16485596 360.08477783 -56.24850845 -0.265829 -0.105035 0.958281
569.25817871 360.10772705 -55.99925232 -0.449140 -0.876335 0.174097
569.33093262 360.05627441 -55.70085144 -0.534800 -0.831087 -0.152588
569.39544678 359.97497559 -55.38275909 -0.528267 -0.848261 -0.037241
569.46051025 359.89559937 -55.06590652 -0.495895 -0.861743 -0.107182
569.04333496 360.25338745 -56.10566330 0.049853 -0.424424 0.904090
569.11492920 360.19772339 -55.80447769 -0.590037 -0.804336 -0.070004
569.18353271 360.13113403 -55.49610138 -0.531499 -0.701446 0.474850
569.24517822 360.03964233 -55.17125702 -0.677083 -0.702102 -0.220482
568.83178711 360.41101074 -56.21999741 -0.592903 -0.555741 0.582768
568.91876221 360.41079712 -55.95543671 -0.699902 -0.713929 -0.021039
568.96990967 360.28115845 -55.60540771 -0.842234 -0.535711 -0.060461
569.02972412 360.18298340 -55.27616882 -0.457534 -0.835429 -0.304502
568.60626221 360.51791382 -56.30081558 -0.511966 -0.426364 0.745725
568.71765137 360.60629272 -56.09476852 -0.657596 -0.741481 0.133317
568.76751709 360.47192383 -55.74160767 -0.568972 -0.809633 -0.144100
568.81756592 360.33831787 -55.38897324 -0.610428 -0.771788 -0.178105
568.48547363 360.68917847 -56.15974808 -0.527479 -0.801454 0.281847
568.56011963 360.64443970 -55.86577225 -0.624078 -0.759014 -0.185537
568.61993408 360.54614258 -55.53645325 -0.658966 -0.729624 -0.182790
568.67810059 360.44198608 -55.20325470 -0.659251 -0.751630 0.020995
568.26605225 360.81817627 -56.25514984 -0.598526 -0.756448 -0.263730
568.35534668 360.82666016 -55.99633789 -0.683833 -0.719589 0.120676
568.42156982 360.75155640 -55.68232346 -0.689620 -0.707807 -0.153080
568.47637939 360.63500977 -55.34094620 -0.702419 -0.705352 -0.095318
568.15930176 361.04003906 -56.14749146 -0.732559 -0.645461 0.216190
568.22991943 360.98101807 -55.84409714 -0.798205 -0.593911 -0.100688
568.28332520 360.85958862 -55.49948883 -0.743042 -0.664827 -0.076767
567.94714355 361.19552612 -56.26039505 -0.747671 -0.633593 0.198865
568.03173828 361.18685913 -55.99024200 -0.728948 -0.683654 0.035386
568.09283447 361.09326172 -55.66402054 -0.734286 -0.672974 -0.089049
567.83160400 361.38555908 -56.13171387 -0.846511 -0.532286 -0.009481
567.90264893 361.32791138 -55.82921982 -0.667359 -0.744734 -0.001382
567.62701416 361.56835938 -56.26263809 -0.436814 -0.767288 0.469534
567.71362305 361.56716919 -55.99743652 -0.884171 -0.458199 0.091079
575.47784424 360.01721191 -53.65518570 0.264728 -0.610301 0.746627
575.23596191 360.04187012 -53.54473114 0.265796 -0.508277 0.819150
575.23602295 359.81826782 -53.69370270 0.340595 -0.467328 0.815843
573.65222168 359.27291870 -53.93788528 0.201233 -0.976897 0.071956
573.60675049 359.33053589 -53.67585373 0.211861 -0.898582 0.384272
573.39245605 359.23251343 -53.78312683 0.031556 -0.950458 0.309246
573.45214844 359.22698975 -54.08065796 0.124383 -0.991702 -0.032496
573.36883545 359.36993408 -53.57544708 0.190802 -0.575459 0.795262
573.52203369 359.25885010 -54.40364456 0.183394 -0.983039 -0.001139
573.26153564 359.21560669 -54.24693298 0.143241 -0.986112 -0.084050
573.32495117 359.22369385 -54.55373001 0.097660 -0.993440 0.059494
573.19476318 359.19515991 -53.93170547 0.121380 -0.908259 -0.400415
573.14923096 359.25244141 -53.66945648 0.168775 -0.927568 0.333366
573.45867920 359.26541138 -55.18471909 0.118676 -0.992660 0.023291
573.39495850 359.25607300 -54.87708664 0.107103 -0.994219 0.007573
573.20416260 359.24404907 -55.04291534 0.011997 -0.993598 -0.112339
573.26324463 359.23638916 -55.33900452 0.012461 -0.986712 -0.161998
573.13659668 359.22073364 -54.72574615 0.171602 -0.983458 -0.057990
573.06591797 359.18588257 -54.40073013 0.291462 -0.946915 -0.135657
573.00000000 359.16864014 -54.08769989 -0.494414 -0.779716 -0.384184
572.94628906 359.19583130 -53.80493546 -0.091898 -0.774567 -0.625780
573.00268555 359.19277954 -55.18204117 0.564539 -0.823579 0.054905
573.06964111 359.21392822 -55.49773788 0.173883 -0.984572 0.019576
572.93286133 359.16122437 -54.85925674 0.441376 -0.897244 -0.011858
572.86682129 359.14355469 -54.54592514 -0.050292 -0.970270 -0.236741
572.80511475 359.14151001 -54.24325180 0.139739 -0.940186 0.310682
572.74951172 359.16201782 -53.95592880 -0.022971 -0.994321 0.103917
572.70812988 359.23443604 -53.70398712 0.486270 -0.864320 0.128422
572.79425049 359.11627197 -55.30396271 0.181772 -0.972415 0.146180
572.73760986 359.13290405 -55.01401138 0.246960 -0.957466 0.149233
572.67523193 359.12854004 -54.70974350 -0.028010 -0.999021 0.034234
572.61499023 359.13195801 -54.41079330 0.011451 -0.998294 -0.057254
572.55718994 359.14437866 -54.11795807 0.003419 -0.983442 0.181190
572.50787354 359.18774414 -53.84622192 0.268977 -0.957661 -0.102653
572.54260254 359.10540771 -55.16931152 -0.008483 -0.963431 -0.267822
572.61444092 359.14431763 -55.49710846 0.111778 -0.964888 -0.237689
572.42651367 359.12826538 -54.58231354 -0.157567 -0.907075 0.390369
572.36614990 359.13143921 -54.28317642 0.208731 -0.962261 0.174599
572.31573486 359.17071533 -54.00864410 0.237779 -0.960311 -0.145820
572.27178955 359.23385620 -53.75038528 -0.126825 -0.687840 -0.714697
572.17730713 359.12643433 -54.45381927 0.051755 -0.998123 0.032743
572.23571777 359.11630249 -54.74819565 0.182821 -0.983092 0.010348
572.12683105 359.16567993 -54.17926788 0.358234 -0.929798 0.084527
572.08068848 359.22085571 -53.91556168 0.139596 -0.974656 0.174809
572.03527832 359.27859497 -53.65359497 -0.083453 -0.855747 -0.510619
572.32690430 360.10766602 -53.44177246 0.002961 0.008884 0.999956
572.38623047 360.54867554 -53.44090652 0.000981 0.002944 0.999995
572.12908936 360.29394531 -53.44142151 0.010944 0.006965 0.999916
572.06903076 359.85006714 -53.44032669 0.009133 -0.029428 0.999525
572.18829346 360.73458862 -53.44030380 0.006896 -0.000985 0.999976
571.98095703 359.09399414 -54.60575104 -0.052954 -0.992599 0.109287
571.92993164 359.13125610 -54.32984161 -0.141548 -0.956440 0.255315
571.88677979 359.19717407 -54.07345963 -0.137293 -0.968749 0.206581
571.84948730 359.28460693 -53.83174133 0.003726 -0.947678 0.319205
571.81176758 359.37063599 -53.58905029 0.133221 -0.719993 0.681074
571.87109375 360.03567505 -53.43953323 0.002950 -0.004916 0.999984
571.93017578 360.47604370 -53.43823242 0.006896 -0.002956 0.999972
572.30236816 359.15087891 -56.15094376 -0.121432 -0.946101 0.300244
572.25286865 359.19357300 -55.87873840 -0.077179 -0.996990 -0.007401
572.06115723 359.17831421 -56.04237366 -0.082317 -0.995488 0.047195
572.10333252 359.10870361 -56.29624557 -0.041796 -0.896592 0.440881
572.17730713 359.14089966 -55.54157639 0.067418 -0.985246 -0.157308
571.99670410 359.16625977 -55.73287964 0.390491 -0.873667 -0.290210
572.09594727 359.06698608 -55.18992996 0.320681 -0.947186 0.001238
571.90612793 359.05871582 -55.35834122 0.781506 -0.623822 0.009682
571.81103516 358.93453979 -54.97245407 0.588486 -0.652197 0.477831
571.74432373 359.13818359 -54.50860977 -0.245393 -0.950389 0.191162
571.69305420 359.17449951 -54.23206711 0.013885 -0.996516 -0.082242
571.64880371 359.23660278 -53.97308350 0.036145 -0.958460 0.282926
571.60943604 359.31634521 -53.72612000 -0.772347 -0.631920 -0.064482
571.58184814 359.43927002 -53.50856781 -0.025203 -0.433758 0.900677
571.67279053 360.22024536 -53.43800735 0.014894 0.002979 0.999885
571.73205566 360.66113281 -53.43705750 0.004916 0.002950 0.999984
571.86132813 359.13296509 -56.18553925 0.197045 -0.955737 -0.218493
571.73278809 358.88650513 -55.71634293 0.252483 -0.896241 0.364698
571.64947510 358.80538940 -55.35980225 -0.740607 -0.627393 0.240579
571.64398193 359.00936890 -55.19747543 -0.703476 -0.642304 0.304249
571.61547852 359.12884521 -54.97757721 -0.334206 -0.923651 0.187550
571.50421143 359.16964722 -54.40280151 -0.299710 -0.953848 0.018654
571.44805908 359.18786621 -54.11392212 -0.005857 -0.975699 0.219035
571.41363525 359.28598022 -53.87947464 -0.055503 -0.900239 0.431844
571.37585449 359.37170410 -53.63656616 -0.300503 -0.880368 0.366946
571.47448730 360.40457153 -53.43632507 0.004916 -0.000983 0.999987
571.41674805 359.96920776 -53.44102859 0.011119 0.023248 0.999668
571.53436279 360.84790039 -53.43705368 0.002956 0.006896 0.999972
571.54498291 358.88531494 -55.88958359 -0.929733 -0.145055 0.338461
571.63470459 358.98986816 -56.26209259 0.102653 -0.268977 -0.957661
571.54608154 359.11343384 -55.74369431 -0.887531 -0.282872 -0.363693
571.50683594 359.19378662 -55.49715042 -0.287455 -0.957775 -0.006116
571.43975830 359.17218018 -55.18113708 -0.396282 -0.916653 -0.052037
571.26208496 359.19369507 -54.29193497 -0.201052 -0.975658 0.087575
571.21990967 359.26312256 -54.03793335 -0.297421 -0.880184 0.369889
571.18524170 359.36026001 -53.80281830 -0.229625 -0.931179 0.283157
571.14892578 359.45123291 -53.56351089 -0.546480 -0.597236 0.587085
571.21630859 360.14593506 -53.43417358 0.006978 0.012960 0.999892
571.27587891 360.58795166 -53.43399429 0.000981 0.004907 0.999987
571.33630371 361.03320313 -53.43603134 0.008867 -0.000985 0.999960
571.40588379 359.06253052 -56.18433762 -0.340129 -0.895622 -0.286659
571.38055420 359.19375610 -55.97245407 -0.437612 -0.246819 0.864625
571.33514404 359.25164795 -55.71059036 -0.207923 -0.960155 -0.186734
571.26611328 359.22293091 -55.38974762 -0.237341 -0.968200 -0.079114
571.20416260 359.22006226 -55.08650589 -0.464636 -0.788423 0.403116
571.03198242 359.26153564 -54.21089554 -0.335493 -0.936976 0.097574
571.08410645 359.22842407 -54.48962021 -0.040416 -0.987309 -0.153581
570.99353027 359.34472656 -53.96627808 -0.138733 -0.912274 0.385369
570.95422363 359.42480469 -53.71955109 -0.274125 -0.927479 0.254240
570.93145752 359.56546021 -53.51408386 -0.299022 -0.590048 0.749953
571.01861572 360.33264160 -53.43411636 -0.000987 0.008884 0.999960
571.07788086 360.77355957 -53.43318558 0.006883 0.000983 0.999976
571.19915771 359.21615601 -56.16174698 -0.420630 -0.898939 0.122391
571.15997314 359.29681396 -55.91540146 -0.349316 -0.933722 0.078364
571.09558105 359.28506470 -55.60610962 -0.142350 -0.987038 -0.074116
571.03820801 359.29895020 -55.31429672 -0.266034 -0.961034 -0.075101
570.96759033 359.26437378 -54.98944855 -0.251757 -0.961840 -0.107158
570.85546875 359.30184937 -54.41241074 -0.258117 -0.942749 -0.211187
570.91021729 359.27832031 -54.69765472 -0.629295 -0.739147 -0.240105
570.80596924 359.34466553 -54.14027023 -0.255886 -0.945548 0.201151
570.76446533 359.41680908 -53.88813019 -0.176495 -0.942677 0.283213
570.72711182 359.50405884 -53.64627457 0.511735 -0.854781 0.086470
570.82025146 360.51684570 -53.43235779 0.002938 0.000979 0.999995
570.76043701 360.07385254 -53.43186569 -0.000979 -0.000979 0.999999
570.87994385 360.95932007 -53.43249893 0.008902 0.002967 0.999956
570.98162842 359.33035278 -56.11230087 -0.375314 -0.922704 0.088070
570.92987061 359.36468506 -55.83439636 -0.280998 -0.959356 -0.025995
570.85974121 359.33190918 -55.51077271 -0.264713 -0.953765 -0.142333
570.79882813 359.33297729 -55.21021271 -0.459742 -0.823112 -0.333352
570.68084717 359.34893799 -54.61850739 -0.301971 -0.953135 0.018640
570.62524414 359.36935425 -54.33113480 -0.292330 -0.952347 0.087049
570.57800293 359.42044067 -54.06464767 -0.327406 -0.936028 0.129060
570.53405762 359.48358154 -53.80636978 -0.249637 -0.925796 0.283873
570.50421143 359.59832764 -53.58325577 -0.079783 -0.764463 0.639712
570.56311035 360.26196289 -53.43276596 -0.000985 0.006896 0.999976
570.62231445 360.70266724 -53.43169785 0.000985 -0.008867 0.999960
570.68188477 361.14462280 -53.43146896 0.004907 0.000981 0.999987
570.78735352 359.30541992 -56.26934814 -0.208325 -0.591025 0.779289
570.75006104 359.39288330 -56.02764893 -0.191656 -0.955600 0.223822
570.69525146 359.41641235 -55.74238586 -0.349958 -0.930970 -0.104042
570.63391113 359.41580200 -55.44068527 -0.518898 -0.853759 -0.042896
570.45477295 359.43191528 -54.54779816 -0.376888 -0.926251 0.003833
570.40173340 359.46154785 -54.26669693 -0.351621 -0.934607 0.053593
570.35168457 359.50241089 -53.99323273 -0.300096 -0.947880 0.107083
570.30975342 359.57278442 -53.73990250 -0.347144 -0.903745 0.250471
570.28533936 359.70745850 -53.53036118 -0.202218 -0.631351 0.748668
570.36572266 360.44970703 -53.43341827 0.004945 0.006924 0.999964
570.42401123 360.88705444 -53.43005753 0.002961 -0.006910 0.999972
570.48406982 361.33090210 -53.43113708 0.002950 0.002950 0.999991
570.23138428 359.52447510 -54.48360443 -0.383066 -0.923713 -0.003843
570.28619385 359.50100708 -54.76889801 -0.403104 -0.913969 -0.046563
570.17706299 359.54959106 -54.19941711 -0.383037 -0.922711 0.043437
570.12957764 359.59973145 -53.93228912 -0.392082 -0.903367 0.173780
570.09191895 359.68588257 -53.68968201 -0.317408 -0.914540 0.250738
570.07275391 359.83950806 -53.49304962 -0.235688 -0.358655 0.903226
570.16717529 360.63323975 -53.43118286 0.006937 -0.008919 0.999936
570.22607422 361.07281494 -53.42934799 0.002944 0.002944 0.999991
570.06335449 359.59582520 -54.70624924 -0.412453 -0.910559 -0.027673
570.00781250 359.61651611 -54.41904449 -0.403545 -0.914262 0.035724
569.95684814 359.65386963 -54.14320374 -0.339581 -0.940474 -0.013886
569.92285156 359.75341797 -53.90973282 -0.543804 -0.774800 0.322432
569.87945557 359.81854248 -53.65281296 -0.496205 -0.814406 0.300873
569.84045410 359.69003296 -54.64317703 -0.417323 -0.908750 0.003900
569.78778076 359.72134399 -54.36321259 -0.460115 -0.885893 0.059060
569.74255371 359.77960205 -54.10161591 -0.363227 -0.893983 0.262413
569.70617676 359.87048340 -53.86224365 -0.390254 -0.878448 0.275739
569.62097168 359.79699707 -54.58878708 -0.471120 -0.881839 0.020133
569.57415771 359.84963989 -54.32336807 -0.570698 -0.814661 0.103103
569.52770996 359.90341187 -54.05870819 -0.407162 -0.867698 0.285166
569.49127197 359.99404907 -53.81916809 -0.416980 -0.907703 0.046927
569.40588379 359.91995239 -54.54529572 -0.523315 -0.850907 0.045807
569.35864258 359.97109985 -54.27885437 -0.252372 -0.967624 0.003588
569.31597900 360.03881836 -54.02371216 -0.965972 -0.244342 0.084823
569.28771973 360.15930176 -53.80450439 -0.595275 -0.767140 0.239048
569.14147949 360.08630371 -54.23009491 -0.487653 -0.827296 0.278881
569.10748291 360.18588257 -53.99663925 -0.884816 -0.451610 0.114672
567.87652588 361.36596680 -53.73576355 -0.779107 -0.470067 0.414765
567.87396240 361.58062744 -53.58071136 -0.530986 -0.346997 0.773077
567.69042969 361.59512329 -53.76462555 -0.584948 -0.694315 0.419240
567.68084717 361.78399658 -53.59200668 -0.418315 -0.364644 0.831894
567.69769287 362.06982422 -53.48542023 -0.356833 -0.265033 0.895783
567.49206543 362.00332642 -53.61417389 -0.358104 -0.330675 0.873164
573.09588623 359.21621704 -55.35870743 0.335874 -0.941715 0.019012
572.81524658 359.12539673 -55.23961639 0.421964 -0.816859 0.393303
572.93988037 359.16641235 -55.54980087 0.211031 -0.972739 -0.096150
572.67858887 359.15139771 -55.48031616 0.059494 -0.993440 -0.097660
572.79870605 359.17465210 -55.77888107 0.187684 -0.982175 0.010363
573.06317139 359.20227051 -55.85662079 0.175986 -0.984387 0.003406
572.31927490 359.12496948 -54.98788834 0.152231 -0.987787 -0.033193
572.18817139 359.11901855 -55.21883392 0.406906 -0.906858 0.109712
572.44757080 359.12301636 -55.26269531 0.020703 -0.994856 0.099159
572.70782471 359.13049316 -55.30881119 0.200562 -0.979076 0.034416
572.58123779 359.14172363 -55.55088425 0.102179 -0.994324 0.029665
572.32177734 359.13760376 -55.50692749 -0.127153 -0.991346 -0.032632
572.20379639 359.18194580 -55.77043915 -0.064404 -0.987131 -0.146372
571.92266846 359.09445190 -55.67250443 0.565044 -0.795989 -0.217088
572.07354736 359.17916870 -56.00344086 -0.044690 -0.998762 0.021825
572.32885742 359.16748047 -56.03715897 -0.156876 -0.986578 0.045320
571.74719238 358.91802979 -55.79308701 0.429674 -0.711699 0.555756
572.18939209 359.12954712 -56.24737930 -0.022202 -0.918106 0.395713
571.93444824 359.14239502 -56.21442413 0.198659 -0.884402 0.422335
574.91552734 359.76416016 -53.62434769 0.293885 -0.631129 0.717849
574.64465332 359.71047974 -53.56615829 0.366923 -0.363826 0.856153
574.75091553 359.57135010 -53.74468231 -0.227378 -0.704088 0.672725
574.47692871 359.50509644 -53.67826843 0.300406 -0.780421 0.548361
573.80108643 359.32598877 -53.76127625 0.231068 -0.928523 -0.290607
573.68817139 359.43862915 -53.56545639 0.156029 -0.686223 0.710460
573.53460693 359.28958130 -53.71434402 0.508102 -0.831579 0.224297
573.67297363 359.27841187 -53.97644043 0.330131 -0.918936 -0.215800
573.42657471 359.42153931 -53.53114700 0.017723 -0.527585 0.849317
573.40222168 359.22509766 -53.91849899 0.152617 -0.986767 -0.054756
573.27246094 359.27044678 -53.67872620 0.140230 -0.874633 0.464061
572.57165527 360.21621704 -53.44205475 0.000981 0.002944 0.999995
572.53369141 360.62750244 -53.44130325 -0.000981 0.002944 0.999995
572.32318115 360.25158691 -53.44200897 -0.000978 0.000978 0.999999
572.36053467 359.83807373 -53.44130707 -0.019358 0.025471 0.999488
572.28509521 360.66223145 -53.44084930 0.004907 -0.000981 0.999987
572.11175537 359.87228394 -53.44052887 0.013403 -0.042270 0.999016
572.16241455 359.51181030 -53.47446442 0.073853 -0.187658 0.979454
572.07421875 360.28515625 -53.44082260 0.012985 0.010987 0.999855
572.03601074 360.69519043 -53.43925476 0.006896 -0.000985 0.999976
573.51306152 359.26858521 -56.00948715 0.138697 -0.989219 -0.046997
573.25115967 359.25042725 -55.97447586 0.076181 -0.980680 0.180174
573.38281250 359.21234131 -56.21899796 0.272532 -0.926037 0.261117
572.25195313 359.30606079 -53.60944748 0.293724 -0.691776 0.659675
571.98925781 359.28472900 -53.57238007 0.198558 -0.902930 0.381173
572.11938477 359.24066162 -53.81298447 -0.019902 -0.998259 0.055517
571.91345215 359.54516602 -53.47309875 -0.008149 -0.203715 0.978996
571.86328125 359.90765381 -53.44048309 -0.002967 -0.010880 0.999936
571.82489014 360.31698608 -53.43847656 0.004936 -0.004936 0.999976
573.11425781 359.16772461 -56.16674042 0.540711 -0.829483 -0.139966
573.10137939 359.21594238 -55.68257523 0.083483 -0.996509 0.001057
572.97918701 359.19226074 -55.91336441 0.284394 -0.934439 -0.214346
572.94720459 359.16415405 -55.37935257 0.223566 -0.974365 0.025106
572.82971191 359.15914917 -55.62234497 0.126177 -0.981238 -0.145777
572.68237305 359.13436890 -55.33678055 0.151483 -0.982821 0.105432
572.51580811 359.13281250 -54.55071640 0.027508 -0.999471 0.017320
572.37518311 359.13500977 -54.28275681 0.206947 -0.967893 0.142677
572.25726318 359.12808228 -54.52450562 0.414042 -0.882993 -0.221119
572.39874268 359.12945557 -54.79478455 -0.079281 -0.996825 -0.007400
572.12298584 359.15548706 -54.27301025 0.279335 -0.950274 0.137663
571.87280273 359.28369141 -53.81796646 -0.126466 -0.960878 0.246413
571.75384521 359.37210083 -53.60632324 0.490583 -0.767656 0.412350
572.96575928 359.03912354 -56.32897186 -0.119006 -0.303532 0.945360
572.85113525 359.14477539 -56.12859344 -0.128090 -0.942474 0.308765
572.71502686 359.16488647 -55.87234497 -0.144121 -0.976265 -0.161666
572.56823730 359.14248657 -55.58832932 0.081212 -0.996696 -0.001055
572.13299561 359.09585571 -54.74969864 0.395891 -0.913699 0.091781
571.99609375 359.11276245 -54.49135971 0.368924 -0.893418 -0.256321
571.86639404 359.15859985 -54.25189972 -0.095272 -0.966693 0.237545
571.87158203 359.07968140 -54.71599579 -0.114391 -0.990231 -0.079727
571.74670410 359.14459229 -54.48899460 -0.242093 -0.930148 0.276071
571.74188232 359.22491455 -54.02582932 -0.050653 -0.967352 0.248324
571.61450195 359.18038940 -54.24298859 0.042615 -0.998853 0.021827
571.48571777 359.22952271 -54.00569916 0.067547 -0.957134 0.281660
571.62542725 359.12420654 -54.72195816 -0.169394 -0.985251 0.024199
571.49523926 359.16796875 -54.48114395 -0.213404 -0.971050 0.107333
571.35681152 359.17895508 -54.21893311 -0.154019 -0.979561 0.129376
571.23895264 359.27175903 -54.01016235 -0.347839 -0.898461 0.267910
571.24450684 359.19430542 -54.47520447 -0.202381 -0.979150 0.017547
571.11273193 359.23181152 -54.23031998 -0.289411 -0.946306 0.144032
570.99505615 359.32543945 -54.02208710 -0.274563 -0.894928 0.351738
571.00109863 359.24987793 -54.48838806 -0.632595 -0.763580 -0.129496
570.87432861 359.30746460 -54.25660324 -0.248941 -0.960571 0.123819
570.63287354 359.37054443 -54.27467346 -0.259572 -0.958721 0.116090
570.50982666 359.44284058 -54.05250931 -0.314973 -0.942238 0.113926
570.39819336 359.46087646 -54.31055832 -0.355463 -0.933579 0.045572
570.52526855 359.40490723 -54.54336929 -0.357091 -0.934027 -0.008895
570.27172852 359.51962280 -54.07952499 -0.317869 -0.945823 0.066169
570.92443848 359.30786133 -55.28815842 -0.203641 -0.976746 -0.067067
570.78686523 359.32220459 -55.02813721 -0.267236 -0.960258 -0.080554
570.68420410 359.37600708 -55.30952454 -0.465419 -0.882500 0.067672
570.81896973 359.35052490 -55.56227875 -0.337727 -0.930473 -0.141983
570.54742432 359.39352417 -55.05157852 -0.327985 -0.942141 -0.069256
570.29168701 359.49945068 -54.58198547 -0.375114 -0.926978 -0.001272
570.16369629 359.55197144 -54.34691620 -0.376888 -0.926251 0.003833
570.58612061 359.44827271 -55.60300064 -0.264142 -0.954361 -0.139371
570.44458008 359.44674683 -55.33260727 -0.358810 -0.931854 -0.053887
570.31579590 359.49606323 -55.09543228 -0.527460 -0.844794 -0.090054
570.34436035 359.51025391 -55.62033463 -0.384427 -0.900864 -0.201643
570.21221924 359.54611206 -55.37437439 -0.509147 -0.859616 -0.042774
570.08795166 359.61358643 -55.14905548 -0.322512 -0.944032 -0.069203
569.93157959 359.65258789 -54.38951492 -0.428406 -0.903235 0.025200
569.80920410 359.72753906 -54.16906357 -0.353111 -0.917522 0.182937
569.70178223 359.76217651 -54.43794632 -0.452618 -0.890285 0.050291
569.82635498 359.69616699 -54.66422272 -0.420452 -0.907291 0.006509
569.69750977 359.84475708 -53.97624969 -0.426054 -0.856721 0.290701
569.58435059 359.85681152 -54.23036575 -0.640291 -0.760990 0.104507
569.58459473 359.95730591 -53.78038025 -0.292096 -0.948311 0.124041
569.46600342 359.94772339 -54.02036667 -0.461643 -0.806677 0.368995
569.48028564 360.10430908 -53.60699844 -0.186041 -0.650376 0.736478
569.36016846 360.08847046 -53.84290314 -0.596153 -0.751947 0.281384
569.40045166 360.34869385 -53.49723053 -0.381692 -0.299575 0.874395
569.25708008 360.24032593 -53.67270660 -0.716470 -0.526963 0.457144
569.33935547 360.66744995 -53.43605423 -0.090577 -0.090577 0.991762
569.16381836 360.43099976 -53.52785873 -0.243523 -0.407863 0.879968
569.09655762 360.72552490 -53.45085526 -0.108303 -0.154545 0.982032
570.12078857 359.64492798 -55.68519211 -0.408443 -0.893923 -0.184599
570.25152588 359.60327148 -55.92736053 -0.382667 -0.923813 -0.011596
569.98590088 359.66979980 -55.43204498 -0.409189 -0.910948 0.052323
569.59741211 359.80935669 -54.71501923 -0.475200 -0.879853 0.006655
569.47528076 359.88513184 -54.49514389 -0.528454 -0.843522 0.095952
569.35595703 359.97219849 -54.28261566 -0.249551 -0.968355 -0.003582
569.24078369 360.07586670 -54.08092880 -0.750255 -0.658795 0.055733
569.13452148 360.21487427 -53.90235519 -0.368350 -0.869674 0.328611
569.01672363 360.30795288 -53.69374847 -0.541856 -0.582369 0.606001
568.93096924 360.52880859 -53.56862640 -0.008715 -0.319948 0.947395
568.85760498 360.79882813 -53.47560120 -0.207857 -0.260165 0.942926
570.36779785 359.50421143 -56.13204956 -0.422636 -0.827860 0.368817
570.13574219 359.60491943 -56.17469788 -0.518539 -0.708614 0.478523
570.01904297 359.70230103 -55.96889877 -0.301342 -0.867314 0.396181
569.88824463 359.74356079 -55.72646713 -0.460352 -0.887728 -0.003957
569.01525879 360.20260620 -54.14057922 -0.583337 -0.718079 0.379580
568.89691162 360.29339600 -53.93048477 -0.800910 -0.584768 0.128797
568.79461670 360.44824219 -53.76224899 -0.792607 -0.533151 0.295843
568.70275879 360.64483643 -53.62127304 -0.498603 0.782597 0.372742
568.62164307 360.88412476 -53.50817108 -0.180721 -0.291085 0.939473
569.90209961 359.69927979 -56.21319580 -0.290722 -0.947191 0.135313
569.78125000 359.78024292 -55.99670029 -0.611707 -0.789710 -0.046620
568.57427979 360.59576416 -53.83548737 -0.638384 -0.721167 0.269045
568.48004150 360.78280640 -53.68827057 -0.784651 -0.344990 0.515078
567.87390137 361.54327393 -53.59995651 -0.483324 -0.389569 0.783986
567.80334473 361.82443237 -53.51421356 -0.449634 -0.288940 0.845188
567.65130615 361.68164063 -53.66718292 -0.649352 -0.636066 0.416847
567.58087158 361.96340942 -53.58183289 -0.459150 -0.397930 0.794250
567.51544189 362.26525879 -53.50961304 -0.382290 -0.188981 0.904511
567.35906982 362.10519409 -53.65132904 -0.391901 -0.462863 0.795092
567.46112061 362.61108398 -53.46610260 -0.330403 -0.138468 0.933628
567.29370117 362.40707397 -53.57912445 -0.485207 -0.042370 0.873372
567.23925781 362.75250244 -53.53535461 -0.397375 -0.259419 0.880224
575.17138672 359.86294556 -53.63105392 0.248618 -0.465206 0.849572
574.90032959 359.80221558 -53.58920670 0.231023 -0.569029 0.789199
575.02062988 359.66436768 -53.75957870 0.481764 -0.602625 0.636197
574.74877930 359.60049438 -53.71572495 -0.174991 -0.765394 0.619315
573.81018066 359.32104492 -53.78341293 0.130533 -0.927468 0.350377
573.67944336 359.41717529 -53.58639526 0.199942 -0.695922 0.689722
573.54492188 359.28341675 -53.75633240 0.331585 -0.927598 0.172088
573.69946289 359.28219604 -54.01396179 0.189192 -0.979701 -0.066277
573.41595459 359.38668823 -53.56388092 -0.038027 -0.629553 0.776026
573.42968750 359.22659302 -53.97537994 0.043134 -0.998391 -0.036822
573.27838135 359.24072266 -53.72599411 0.091713 -0.873386 0.478316
572.69348145 359.13690186 -54.42264557 0.017556 -0.979611 -0.200136
572.53942871 359.14013672 -54.16632080 0.022292 -0.913963 0.405186
572.43707275 359.13482666 -54.41827393 0.044238 -0.998957 0.011317
572.59008789 359.12747192 -54.67196655 0.032417 -0.998642 -0.040782
572.28668213 359.15261841 -54.17121887 -0.142142 -0.943552 0.299175
571.93316650 360.42807007 -53.43830872 0.006883 -0.000983 0.999976
571.87969971 360.83261108 -53.43824005 0.002944 0.002944 0.999991
571.67785645 360.43017578 -53.43660355 0.008884 -0.002961 0.999956
571.73248291 360.03039551 -53.43972397 0.006910 0.002961 0.999972
571.62469482 360.83593750 -53.43730927 0.002956 0.006896 0.999972
573.53851318 359.20501709 -56.27188110 -0.225561 -0.817851 0.529378
573.39501953 359.25042725 -56.04247284 0.120868 -0.992445 -0.021069
573.27148438 359.16027832 -56.24024200 0.073004 -0.893961 0.442159
573.12957764 359.21194458 -56.01483154 0.195132 -0.939680 0.280935
572.33489990 359.13015747 -54.67061615 0.011318 -0.999046 0.042184
572.18243408 359.13955688 -54.41821289 -0.001032 -0.998267 0.058843
571.47802734 360.03576660 -53.44007492 -0.018902 -0.000995 0.999821
571.42272949 360.43304443 -53.43536758 0.004916 -0.000983 0.999987
573.00598145 359.12203979 -56.21276093 -0.049508 -0.989010 0.139313
572.96838379 359.18658447 -55.74024963 0.022971 -0.999736 -0.000999
572.86291504 359.16894531 -55.98431396 0.337433 -0.938774 -0.069587
572.80432129 359.14984131 -55.45838547 0.090932 -0.991039 -0.097838
572.70550537 359.15859985 -55.71931076 0.053328 -0.982413 -0.178944
572.64270020 359.12268066 -55.18263245 0.183372 -0.966280 -0.180771
572.54602051 359.14004517 -55.44906616 -0.070975 -0.922679 -0.378981
572.39025879 359.13623047 -55.18822098 0.001003 -0.999685 -0.025067
572.60491943 359.16040039 -55.97578049 -0.069470 -0.997167 0.028857
572.44799805 359.15185547 -55.71193314 0.007898 -0.987233 -0.159086
572.29089355 359.14276123 -55.44773102 -0.028176 -0.998687 -0.042786
572.12164307 359.08538818 -55.15269089 0.542523 -0.809942 0.222849
571.16748047 360.43545532 -53.43385696 -0.000981 0.002944 0.999995
571.11389160 360.83950806 -53.43345261 0.006910 0.002961 0.999972
570.91229248 360.43817139 -53.43250656 0.004916 -0.002950 0.999984
570.96594238 360.03442383 -53.43310165 -0.000983 0.004916 0.999987
570.85858154 360.84170532 -53.43178177 0.008867 0.000985 0.999960
572.35278320 359.17504883 -55.98208237 -0.102019 -0.988525 0.111400
572.49523926 359.12576294 -56.20901871 -0.063377 -0.948062 0.311709
572.19940186 359.18087769 -55.72740936 -0.057566 -0.985664 -0.158599
572.02325439 359.09582520 -55.41469193 0.135143 -0.978235 -0.157460
571.81829834 358.89572144 -55.02852249 0.106151 -0.815763 0.568562
570.71093750 360.03771973 -53.43213654 -0.002950 -0.002950 0.999991
570.65759277 360.44287109 -53.43245697 -0.002938 -0.000979 0.999995
572.24267578 359.13888550 -56.21432114 0.672462 -0.609366 -0.420081
572.09844971 359.18112183 -55.98289871 0.003109 -0.998124 -0.061152
571.92297363 359.09872437 -55.67187119 0.562563 -0.796835 -0.220401
571.71087646 358.87023926 -55.26757431 -0.365459 -0.850665 0.377900
571.98748779 359.14147949 -56.21292114 0.061347 -0.898395 0.434883
570.09344482 360.85147095 -53.42883682 0.000981 -0.002944 0.999995
570.04028320 361.25717163 -53.42949677 0.008867 -0.000985 0.999960
569.83837891 360.85443115 -53.42765045 0.006937 -0.008919 0.999936
569.89233398 360.45181274 -53.42897034 -0.000981 0.002944 0.999995
569.78430176 361.25646973 -53.42596054 -0.000981 -0.002944 0.999995
571.14044189 359.25375366 -55.24795151 -0.325208 -0.945015 -0.034434
570.98730469 359.26058960 -54.99390411 -0.251435 -0.963623 -0.090619
570.89959717 359.31362915 -55.28312683 -0.197989 -0.975001 -0.100862
571.04949951 359.29400635 -55.52899551 -0.229343 -0.973223 -0.015448
570.75134277 359.33990479 -55.04150391 -0.297599 -0.952058 -0.070857
569.64062500 360.46835327 -53.43645859 -0.053141 -0.061818 0.996672
569.58282471 360.85565186 -53.42538452 0.008884 -0.000987 0.999960
570.80914307 359.35574341 -55.56534195 -0.365189 -0.919268 -0.146915
570.66162109 359.38497925 -55.32561493 -0.476577 -0.878477 0.033944
570.09149170 359.58135986 -54.41740417 -0.383066 -0.923713 0.003843
569.95404053 359.65063477 -54.20324326 -0.419505 -0.906931 0.038621
569.86132813 359.68383789 -54.47978592 -0.423012 -0.905696 0.027847
570.00067139 359.62203979 -54.69871902 -0.412453 -0.910559 -0.027673
569.72650146 359.76361084 -54.27232361 -0.289104 -0.954686 0.070670
570.28326416 359.51403809 -55.14656448 -0.336415 -0.941713 -0.001251
570.14312744 359.57260132 -54.92556000 -0.395724 -0.916203 -0.063048
570.05633545 359.62930298 -55.21709442 -0.247228 -0.968001 -0.043050
570.19427490 359.56195068 -55.43247604 -0.516030 -0.854457 -0.060134
569.90960693 359.66177368 -54.97942352 -0.352366 -0.935854 0.003789
569.77001953 359.72253418 -54.75983047 -0.428745 -0.903379 0.009178
569.63311768 359.79403687 -54.54708481 -0.441307 -0.897191 0.017228
569.59777832 359.86791992 -54.08053207 -0.452946 -0.865531 0.213767
569.50207520 359.88912964 -54.34939575 -0.570091 -0.802966 0.173900
569.47302246 359.98803711 -53.89883041 -0.542295 -0.808035 0.230205
569.37048340 359.98193359 -54.15025711 -0.619909 -0.734648 0.275692
569.35626221 360.13992310 -53.73742676 -0.776604 -0.629866 0.012459
569.24822998 360.11172485 -53.97474289 -0.841978 0.437330 -0.315936
569.12634277 360.24328613 -53.80035400 -0.365822 -0.918060 0.152776
569.96917725 359.68463135 -55.50776291 -0.334986 -0.938755 -0.080767
570.11560059 359.65115356 -55.74479294 -0.266642 -0.944869 -0.190068
569.82537842 359.72875977 -55.27753067 -0.475450 -0.878281 -0.050696
569.68035889 359.76797485 -55.04418564 -0.401167 -0.912484 -0.080233
569.54309082 359.83795166 -54.83047104 -0.489031 -0.872216 0.009379
569.40844727 359.91864014 -54.62359238 -0.489017 -0.872191 0.012058
569.27612305 360.00839233 -54.42249298 -0.502794 -0.862131 0.062675
569.14141846 360.08886719 -54.21548462 -0.492503 -0.820839 0.289248
569.01971436 360.22094727 -54.04143143 -0.312856 -0.930150 0.192203
568.91265869 360.62625122 -53.52808380 -0.299798 -0.491292 0.817773
568.82916260 360.91098022 -53.45149612 -0.111085 -0.193462 0.974799
568.67840576 360.71270752 -53.58024597 -0.535510 -0.518723 0.666450
568.78045654 360.50192261 -53.70404816 -0.661484 -0.594498 0.457177
568.76593018 361.27658081 -53.42655182 -0.019321 -0.021354 0.999585
568.58990479 360.97729492 -53.49078369 0.010348 -0.182821 0.983092
568.51757813 361.30667114 -53.44271851 -0.053922 -0.129641 0.990094
569.88244629 359.74166870 -55.79950714 -0.541714 -0.825256 -0.159679
569.74176025 359.79821777 -55.57721710 -0.498395 -0.862661 -0.086125
569.60180664 359.85757446 -55.35672379 -0.570310 -0.819378 -0.058022
568.55902100 360.63934326 -53.78871918 -0.726789 -0.610761 0.314244
568.45410156 360.83831787 -53.65737915 -0.194772 -0.973862 0.116863
568.35974121 361.07989502 -53.55323029 -0.520036 -0.346154 0.780859
568.13470459 361.20260620 -53.62851715 -0.327227 -0.562573 0.759232
568.04412842 361.45916748 -53.53392792 -0.313624 -0.356046 0.880268
567.91021729 361.32788086 -53.70544052 -0.770212 -0.486878 0.411974
567.82086182 361.58923340 -53.61394119 -0.511771 -0.432784 0.742151
567.73657227 361.87069702 -53.53526306 -0.421530 -0.321981 0.847727
567.59820557 361.72155762 -53.69534683 -0.769576 -0.534024 0.350101
567.51080322 361.99078369 -53.60887527 -0.437995 0.167340 0.883265
567.43023682 362.28713989 -53.53971100 -0.527256 -0.178756 0.830691
567.36248779 362.63467407 -53.50323105 -0.384575 -0.228387 0.894394
567.20825195 362.42245483 -53.62306213 -0.525839 -0.225360 0.820187
567.29266357 362.97390747 -53.46144867 -0.446544 -0.532865 0.718786
567.12640381 362.71353149 -53.55052185 -0.094820 -0.488254 0.867535
573.71545410 359.26525879 -56.18449783 0.253660 -0.891520 0.375299
573.48345947 359.19647217 -56.26993942 -0.042145 -0.885044 0.463595
573.48510742 359.26577759 -56.01747131 0.084756 -0.993346 -0.077976
573.60534668 359.26098633 -54.09824753 0.121222 -0.947132 -0.297061
573.59564209 359.28451538 -53.81594849 0.208789 -0.941626 0.264098
573.36444092 359.21902466 -53.90354538 0.119177 -0.957342 -0.263236
573.38128662 359.22406006 -54.20447540 0.251685 -0.357658 -0.899297
573.36999512 359.30392456 -53.66123962 -0.006805 -0.828877 0.559390
573.23968506 359.08078003 -56.32481766 0.063262 -0.535618 0.842087
573.25573730 359.20782471 -56.10998154 0.395496 -0.854582 0.336560
573.25085449 359.25061035 -55.84023666 0.157663 -0.970332 -0.183299
573.14208984 359.18933105 -54.01448441 0.015291 -0.977464 0.210549
573.13641357 359.22891235 -53.74263763 0.315480 -0.899044 0.303631
573.02258301 359.13449097 -56.19247055 0.019868 -0.980566 0.195178
573.02221680 359.19558716 -55.93465424 0.199321 -0.968315 -0.150455
573.00622559 359.19396973 -55.63595963 0.172732 -0.982787 -0.065519
572.79705811 359.15444946 -56.03812408 0.458323 -0.788705 -0.409738
572.78381348 359.16387939 -55.74663925 0.182547 -0.978894 -0.091886
572.98669434 359.17785645 -55.32783508 0.345171 -0.937992 0.032079
572.76391602 359.14642334 -55.43761826 -0.074763 -0.909395 -0.409160
572.74621582 359.13793945 -55.13445282 0.569259 -0.761685 0.309484
572.56677246 359.15527344 -55.87131119 -0.056785 -0.998386 -0.001032
572.54742432 359.14001465 -55.56372452 0.116148 -0.993227 -0.003256
572.52832031 359.12600708 -55.25695801 0.041410 -0.992727 -0.113039
572.51049805 359.11691284 -54.95340347 -0.070754 -0.993931 0.084231
572.33660889 359.15661621 -55.70482635 -0.089375 -0.978225 -0.187320
572.31707764 359.14080811 -55.39688492 0.005224 -0.997818 -0.065825
572.29797363 359.12655640 -55.08995056 -0.103008 -0.992730 0.062258
572.61914063 359.99127197 -53.43976593 0.006924 0.004945 0.999964
572.71850586 360.45278931 -53.44291687 0.002967 -0.008902 0.999956
572.45336914 360.25125122 -53.44184494 -0.000981 0.002944 0.999995
572.35510254 359.79412842 -53.44156647 -0.021396 0.023434 0.999496
572.55139160 360.70745850 -53.44151688 0.000981 0.002944 0.999995
572.09735107 359.12149048 -55.51457596 0.015284 -0.976977 -0.212795
572.06457520 359.05224609 -55.17180634 0.176116 -0.984175 -0.019568
572.04498291 359.03613281 -54.86366653 0.258664 -0.931472 -0.255837
572.18841553 360.05017090 -53.44108200 0.004936 0.004936 0.999976
572.28625488 360.50585938 -53.44041443 0.000981 -0.002944 0.999995
571.81463623 358.91186523 -55.21060181 0.709014 -0.449983 -0.542968
571.86059570 359.03369141 -55.58763885 0.615648 -0.783684 0.082569
571.81475830 358.97470093 -54.95392609 0.860182 -0.432383 0.270430
572.02136230 360.30526733 -53.43996429 0.006896 0.002956 0.999972
571.92437744 359.85308838 -53.44291687 -0.008937 -0.006951 0.999936
572.11944580 360.76168823 -53.43980026 0.008884 -0.002961 0.999956
571.60766602 358.94372559 -55.36164856 -0.259415 -0.781390 0.567569
571.61798096 359.04766846 -55.13175583 -0.765819 -0.642616 0.023801
571.62121582 359.12313843 -54.88330078 -0.180746 -0.983026 -0.031485
571.75640869 360.10400391 -53.43908691 0.004916 -0.002950 0.999984
571.85369873 360.55746460 -53.43698120 0.000983 -0.004916 0.999987
574.17993164 370.35113525 -53.43899536 -0.025494 0.251302 0.967573
574.01409912 370.61093140 -53.44094467 0.541519 0.438846 0.717057
573.90509033 370.11053467 -53.41247940 -0.007020 -0.019053 0.999794
571.43664551 359.18240356 -55.34984589 -0.195917 -0.974592 -0.108565
571.45703125 359.20181274 -55.66012192 -0.811841 -0.444998 -0.378009
571.41900635 359.17425537 -55.04689407 -0.209694 -0.977387 -0.027248
573.74145508 370.37887573 -53.42000198 0.026717 0.071601 0.997075
571.23553467 359.23794556 -55.51630783 -0.197558 -0.975365 -0.098158
571.21636963 359.22351074 -55.20926285 -0.392527 -0.786669 -0.476524
573.57855225 370.65054321 -53.42969894 0.501321 0.276429 0.819917
573.47393799 370.16772461 -53.41267014 0.018902 0.000995 0.999821
573.30718994 370.42376709 -53.41218567 0.037003 0.117737 0.992355
570.60498047 359.41998291 -55.43051147 -0.409578 -0.911212 -0.044026
570.58087158 359.38589478 -55.11066055 -0.290814 -0.936448 -0.196195
570.38604736 359.46652222 -55.29348373 -0.278915 -0.959318 -0.043776
570.40710449 359.48849487 -55.60543823 -0.294123 -0.935340 -0.196547
570.36688232 359.45220947 -54.98653412 -0.457790 -0.886710 -0.064613
572.87530518 370.47808838 -53.41049957 -0.302994 0.175709 0.936654
572.66638184 370.56475830 -53.29962158 -0.019213 0.357367 0.933766
572.60864258 370.27029419 -53.40536880 0.030484 -0.136612 0.990155
570.19641113 359.56799316 -55.48991013 -0.436166 -0.885374 -0.160845
570.18103027 359.56890869 -55.19286346 -0.480891 -0.875468 0.047952
572.45117188 370.56365967 -53.42918777 0.075869 0.225120 0.971373
573.79699707 359.32199097 -55.72388077 0.167503 -0.985378 -0.031190
573.55694580 359.28451538 -55.53408051 0.183293 -0.981158 -0.061098
573.57507324 359.29159546 -55.83539200 0.138020 -0.990429 0.001104
573.33532715 359.25543213 -55.64642715 0.142183 -0.988348 -0.054330
573.35137939 359.25427246 -55.94243240 -0.671150 -0.658087 -0.341291
573.53887939 359.27761841 -55.23286438 0.147062 -0.989020 0.014594
573.31494141 359.23913574 -55.33916092 0.082317 -0.995488 -0.047195
573.30230713 359.25433350 -55.05220413 0.057605 -0.996676 -0.057605
573.09533691 359.21835327 -55.45685196 0.152794 -0.988071 0.019241
573.07843018 359.21633911 -55.15880966 0.326130 -0.941421 0.085824
571.49468994 359.14648438 -54.84440231 -0.188955 -0.981870 -0.015070
571.48040771 359.15484619 -54.55304718 -0.318754 -0.931207 0.176776
571.27392578 359.18685913 -54.70475388 -0.176380 -0.984316 0.003414
571.29376221 359.20080566 -55.01050186 -0.322190 -0.946668 -0.003732
571.46929932 359.17587280 -54.26984406 -0.050916 -0.998581 -0.015587
571.25903320 359.19271851 -54.41178131 -0.202846 -0.979053 0.017588
571.25158691 359.22854614 -54.13813019 -0.345980 -0.918342 0.192211
571.07110596 359.23358154 -54.86596680 -0.234394 -0.970708 -0.052769
571.05523682 359.23571777 -54.57059479 -0.307617 -0.946616 0.096378
571.04254150 359.25039673 -54.28330231 -0.337949 -0.936374 0.094840
571.04174805 359.31323242 -54.02705002 -0.203082 -0.873104 0.443223
570.85876465 359.30810547 -54.74833298 0.287878 -0.854397 -0.432587
570.87304688 359.29956055 -55.03957748 -0.287638 -0.948537 -0.132447
570.84240723 359.30804443 -54.45153809 -0.277825 -0.904034 -0.324864
570.83319092 359.33673096 -54.17327118 -0.270420 -0.947148 0.172579
570.65539551 359.35281372 -54.90823364 -0.306385 -0.951670 -0.021259
570.64160156 359.36291504 -54.61799240 -0.318445 -0.947842 0.013737
570.62713623 359.37057495 -54.32618332 -0.378668 -0.925489 0.008985
570.44439697 359.43252563 -54.79394913 -0.380863 -0.924588 0.008977
570.45959473 359.42776489 -55.08763504 -0.368470 -0.927161 -0.067841
570.43078613 359.44366455 -54.50437164 -0.378210 -0.925517 0.019362
570.25378418 359.52853394 -54.98691559 -0.484105 -0.874116 -0.039547
570.23608398 359.52319336 -54.68672180 -0.406977 -0.913437 -0.001292
570.22113037 359.52880859 -54.39358139 -0.383061 -0.923701 -0.006406
570.04327393 359.61032104 -54.87397385 -0.392556 -0.917750 -0.060290
570.02667236 359.60931396 -54.57656097 -0.412453 -0.910559 -0.027673
570.01300049 359.62008667 -54.28675842 -0.419243 -0.906797 0.044201
569.83312988 359.69363403 -54.76200485 -0.428745 -0.903379 0.009178
569.81945801 359.70446777 -54.47223282 -0.431404 -0.901541 0.033390
573.34051514 370.73348999 -53.46440506 0.331359 0.483563 0.810166
573.01800537 370.51559448 -53.29542923 0.060210 0.227322 0.971956
573.07769775 370.25708008 -53.40829468 -0.009241 -0.042099 0.999071
572.83587646 370.32058716 -53.40994263 0.001020 -0.043880 0.999036
570.07330322 361.30038452 -53.42956161 0.006896 -0.002956 0.999972
569.82897949 361.35528564 -53.42599869 0.008867 0.000985 0.999960
569.83581543 360.91238403 -53.42705154 0.006924 -0.004945 0.999964
570.07910156 360.85394287 -53.42846298 0.000981 -0.002944 0.999995
569.59234619 360.97021484 -53.42525864 0.004907 0.000981 0.999987
569.84326172 360.47167969 -53.42942810 -0.000981 0.002944 0.999995
569.60192871 360.53683472 -53.43207550 -0.043930 -0.054645 0.997539
569.17602539 360.39855957 -53.54412079 -0.185890 -0.431791 0.882610
568.94775391 360.50924683 -53.57438278 -0.357073 -0.394495 0.846683
569.02044678 360.29602051 -53.71469498 -0.664623 -0.526650 0.530015
569.25903320 360.22119141 -53.70618057 -0.405452 -0.910561 0.080544
568.80200195 360.44097900 -53.76573563 -0.720405 -0.647892 0.247492
569.12713623 360.20138550 -53.92692947 -0.375230 -0.851662 0.365888
568.89337158 360.29299927 -53.94562149 -0.847810 -0.518507 0.111212
574.60491943 359.46224976 -56.33246613 0.283426 -0.783774 0.552601
574.78448486 359.63568115 -56.34670258 -0.738378 -0.117368 0.664095
572.53308105 369.59860229 -53.41177750 0.000979 0.000979 0.999999
572.78686523 369.51867676 -53.41209412 0.000978 0.000978 0.999999
572.71710205 369.76898193 -53.41205215 0.002961 -0.006910 0.999972
572.46313477 369.84902954 -53.41228867 -0.004936 -0.006910 0.999964
573.04071045 369.43872070 -53.41229630 0.000978 -0.000978 0.999999
572.97106934 369.68893433 -53.41172409 -0.000981 -0.002944 0.999995
573.29431152 369.35891724 -53.41325378 0.004907 -0.000981 0.999987
573.22479248 369.60903931 -53.41226578 0.000979 -0.000979 0.999999
573.47827148 369.52935791 -53.41367722 0.002973 -0.012883 0.999913
572.20977783 369.92864990 -53.41051483 -0.025168 -0.007047 0.999658
572.39465332 370.09854126 -53.40812683 -0.016980 -0.006992 0.999831
572.14050293 370.17868042 -53.40886307 -0.011075 -0.019129 0.999756
572.64770508 370.01910400 -53.41072845 0.015404 0.035944 0.999235
572.90179443 369.93899536 -53.41024017 -0.000983 0.006883 0.999976
573.15576172 369.85897827 -53.41009140 0.002950 -0.002950 0.999991
573.40869141 369.77960205 -53.41302109 -0.002961 0.008884 0.999956
573.66314697 369.69921875 -53.41122437 0.000993 -0.014894 0.999889
572.32647705 370.34774780 -53.40299225 -0.029368 0.009114 0.999527
572.57989502 370.26812744 -53.40467072 0.039639 -0.127979 0.990984
572.83099365 370.19003296 -53.41347504 0.036235 -0.023812 0.999060
573.08618164 370.10913086 -53.40926361 -0.004945 -0.006924 0.999964
573.33941650 370.02960205 -53.41152573 -0.008919 0.006937 0.999936
573.59344482 369.94952393 -53.41111755 -0.011430 0.052992 0.998530
573.84759521 369.86932373 -53.41017151 -0.002950 0.004916 0.999984
572.76623535 370.43695068 -53.39761734 -0.057571 -0.537801 0.841104
573.01965332 370.35726929 -53.39912796 0.010272 -0.172344 0.984983
573.27020264 370.27954102 -53.40961838 0.012960 -0.006978 0.999892
573.52319336 370.20016479 -53.41253662 0.002961 0.006910 0.999972
573.77734375 370.11999512 -53.41168213 0.012960 0.008972 0.999876
573.45220947 370.45129395 -53.41617203 0.060094 0.109983 0.992115
573.70715332 370.37057495 -53.41290283 0.017668 0.046768 0.998750
574.20837402 359.38699341 -56.12138748 0.355739 -0.922132 0.152061
574.32586670 359.57894897 -56.31798935 0.349079 -0.479784 -0.804954
574.59027100 359.50793457 -56.29313660 0.303226 -0.749242 0.588804
574.76220703 359.68576050 -56.32971954 -0.608040 -0.684252 0.402599
575.02026367 359.61639404 -56.32355881 0.321643 -0.615810 0.719253
577.11889648 361.29394531 -56.32785034 0.093215 -0.126253 -0.987609
577.04595947 362.21987915 -53.44658661 -0.000985 0.006896 0.999976
577.29064941 362.15396118 -53.47949982 0.220144 -0.190792 0.956627
577.22766113 362.39517212 -53.45450211 0.043753 -0.050156 0.997783
576.97290039 362.46371460 -53.45116806 0.000995 0.018902 0.999821
577.46984863 362.32992554 -53.49488068 0.293358 -0.196036 0.935687
577.83270264 362.22341919 -56.18790436 0.955877 -0.288159 0.057124
577.15649414 362.63854980 -53.45365906 0.020974 0.002996 0.999776
577.41033936 362.57025146 -53.45968246 0.073562 -0.053799 0.995838
577.89739990 362.43157959 -55.78782272 0.825711 -0.533930 -0.181987
576.83038330 362.95046997 -53.44991302 0.010923 -0.006951 0.999916
577.08514404 362.88192749 -53.45322418 0.006937 -0.006937 0.999952
577.01464844 363.12509155 -53.45031738 0.006951 -0.008937 0.999936
576.75952148 363.19369507 -53.44804001 0.008884 -0.002961 0.999956
577.27008057 363.05636597 -53.45169830 -0.000987 -0.008884 0.999960
578.07049561 362.83148193 -56.36288452 0.909645 -0.412747 0.046751
576.94403076 363.36831665 -53.44780350 0.004945 -0.006924 0.999964
577.19921875 363.29965210 -53.44988251 0.002961 -0.006910 0.999972
577.76452637 362.92321777 -53.50268555 0.750371 -0.052883 0.658898
577.97692871 362.86569214 -53.63063431 -0.665757 0.336948 0.665757
577.93200684 363.10223389 -53.55252075 0.416974 -0.168810 0.893104
577.70819092 363.16275024 -53.45828629 -0.240925 0.346055 0.906753
578.10870361 362.82406616 -55.49882889 0.921891 -0.371222 -0.110956
578.06170654 363.05868530 -56.17877960 0.674319 0.409231 0.614674
577.88397217 363.33956909 -53.48363113 0.306297 -0.176017 0.935521
578.09887695 363.28137207 -53.60404587 0.517180 -0.215110 0.828404
577.29541016 361.47741699 -56.36702347 0.730190 -0.635565 -0.250757
577.73596191 362.12005615 -56.04215622 0.867486 -0.489460 -0.088864
578.20733643 363.08132935 -56.25697327 0.307916 -0.723844 0.617444
578.16448975 363.32781982 -56.27216721 -0.072832 0.350916 0.933570
578.27868652 363.98757935 -56.30545807 0.391259 0.170549 -0.904339
578.28613281 364.27175903 -56.11269760 0.860980 0.201443 -0.467048
578.38787842 364.64355469 -56.35948944 0.528346 -0.813436 -0.243256
576.61486816 361.10147095 -53.53023529 0.337712 -0.352994 0.872551
576.87133789 361.02130127 -53.47800064 -0.956248 -0.248014 -0.155175
576.81506348 361.26306152 -53.53655624 0.329269 -0.422899 0.844238
576.99255371 361.67727661 -53.47984695 0.307031 -0.216478 0.926752
577.20092773 361.58163452 -53.60132217 0.151051 -0.235114 0.960159
577.18969727 361.83786011 -53.49720001 0.280360 -0.158465 0.946724
576.96032715 361.92675781 -53.45156479 0.000978 -0.000978 0.999999
577.39245605 361.74044800 -53.63879395 0.003664 0.291937 0.956430
577.15991211 362.08816528 -53.45974350 0.183571 -0.048557 0.981807
577.38079834 361.99655151 -53.53612137 0.387039 -0.144964 0.910597
567.77703857 366.55108643 -53.41032791 -0.019053 -0.007020 0.999794
568.01898193 366.46621704 -53.41060257 -0.010901 -0.002973 0.999936
567.97900391 366.71325684 -53.41006851 -0.000993 -0.014894 0.999889
567.73736572 366.79818726 -53.40884018 0.000985 -0.008867 0.999960
568.22106934 366.62841797 -53.40983200 0.000981 -0.002944 0.999995
567.93927002 366.96032715 -53.40881729 -0.002950 -0.004916 0.999984
568.18127441 366.87551880 -53.40868378 0.000985 -0.008867 0.999960
578.00433350 363.88537598 -53.47709656 0.284535 0.008548 0.958627
578.21740723 363.79125977 -53.58148575 0.535051 -0.045862 0.843574
578.18920898 364.04205322 -53.53843307 -0.426379 0.055497 -0.902841
577.96850586 364.13369751 -53.46161652 0.146448 0.028381 0.988811
578.40924072 363.95016479 -53.61780167 0.615596 -0.372641 0.694392
578.15679932 364.29147339 -53.51078033 0.388961 -0.032741 0.920672
578.36437988 364.19561768 -53.63502502 0.287250 0.230649 0.929671
577.56536865 362.43267822 -53.50387573 0.341633 -0.118414 0.932344
577.78967285 362.31689453 -53.52584839 -0.023584 0.595161 0.803260
577.76037598 362.55844116 -53.59679031 0.530022 -0.402029 0.746625
577.96209717 362.43347168 -53.67902374 0.639507 0.001375 0.768784
577.96295166 362.68725586 -53.66975403 0.676251 -0.358593 0.643503
577.34069824 363.81555176 -53.44805908 0.006910 -0.004936 0.999964
577.57318115 363.70309448 -53.44827271 0.004907 0.000981 0.999987
577.57092285 363.95562744 -53.44732666 -0.002956 -0.006896 0.999972
577.33911133 364.06835938 -53.44527435 0.004965 -0.010923 0.999928
577.80230713 363.84268188 -53.45062256 0.046672 0.015557 0.998789
577.56921387 364.20837402 -53.44485855 -0.000989 -0.012857 0.999917
577.33697510 364.32095337 -53.44389343 0.002956 -0.004926 0.999984
577.80017090 364.09527588 -53.44928360 0.041673 0.001016 0.999131
578.02093506 363.97805786 -53.48069000 0.275518 -0.051581 0.959911
577.56719971 364.46102905 -53.44333649 0.000983 -0.006883 0.999976
577.33489990 364.57357788 -53.44258499 0.002956 -0.004926 0.999984
577.79943848 364.34844971 -53.44440079 0.052990 -0.013507 0.998504
578.02154541 364.23178101 -53.47219849 0.168272 0.017171 0.985591
578.21667480 363.85064697 -53.57872009 0.543553 -0.043095 0.838268
578.22351074 364.10693359 -53.55363083 -0.426313 0.058195 -0.902702
578.42443848 363.98162842 -53.63787460 0.723596 0.237013 0.648254
577.56506348 364.71362305 -53.44212341 -0.000981 -0.004907 0.999987
577.33282471 364.82620239 -53.44110489 0.002956 -0.006896 0.999972
577.79772949 364.60119629 -53.44189835 0.042013 -0.007173 0.999091
578.02203369 364.48541260 -53.46390152 0.215533 -0.015311 0.976376
578.22528076 364.36105347 -53.54203796 0.452807 -0.039198 0.890746
578.41351318 364.23065186 -53.65996170 0.542116 -0.130754 0.830069
577.56292725 364.96618652 -53.44074249 0.000981 -0.002944 0.999995
577.33081055 365.07882690 -53.43953705 0.002956 -0.004926 0.999984
577.79541016 364.85369873 -53.44112778 0.041673 -0.001016 0.999131
578.02130127 364.73855591 -53.45898438 0.203255 -0.005807 0.979109
578.22686768 364.61514282 -53.53089905 0.404815 0.003880 0.914390
578.42065430 364.48696899 -53.63413239 0.437510 -0.142011 0.887929
577.56048584 365.21865845 -53.44022369 0.008867 -0.000985 0.999960
577.32861328 365.33135986 -53.43838120 0.004926 -0.002956 0.999984
577.79278564 365.10607910 -53.44110107 0.052774 0.009313 0.998563
578.01794434 364.99066162 -53.46082687 0.217984 0.027397 0.975568
578.22576904 364.86813354 -53.52683258 0.394881 -0.057559 0.916927
578.42474365 364.74206543 -53.61624908 0.423590 -0.006517 0.905831
577.55834961 365.47125244 -53.43907166 0.014894 -0.000993 0.999889
577.32617188 365.58386230 -53.43798065 0.000979 0.000979 0.999999
577.78894043 365.35803223 -53.44437408 0.070276 0.007342 0.997501
578.01251221 365.24191284 -53.46842575 0.342791 0.098132 0.934272
578.21820068 365.11856079 -53.54003143 0.519471 -0.031525 0.853906
578.42889404 364.99725342 -53.59831238 0.738228 -0.006925 0.674516
578.58581543 364.85409546 -53.79957581 0.913119 0.057657 0.403596
577.55578613 365.72366333 -53.43898773 0.010880 -0.002967 0.999936
577.32336426 365.83618164 -53.43839264 0.002938 0.000979 0.999995
577.78619385 365.61035156 -53.44473267 0.081383 -0.003171 0.996678
578.00781250 365.49343872 -53.47400284 0.468970 0.042139 0.882208
578.19281006 365.36172485 -53.60052109 0.431593 0.160224 0.887725
578.40887451 365.24255371 -53.64459610 0.739036 0.073759 0.669616
578.57421875 365.10284424 -53.82345963 0.816040 0.537392 0.212813
578.61138916 364.91110229 -54.34324646 0.999577 -0.017287 -0.023388
577.55346680 365.97616577 -53.43817139 0.000978 -0.000978 0.999999
577.32061768 366.08850098 -53.43875122 -0.000979 -0.002938 0.999995
577.78527832 365.86340332 -53.44029617 0.005043 -0.027235 0.999616
578.00439453 365.74551392 -53.47613907 0.363757 -0.119422 0.923807
578.17810059 365.60919189 -53.63277817 0.412448 -0.092421 0.906281
578.40594482 365.49481201 -53.64543152 0.798882 -0.026490 0.600904
578.55798340 365.34970093 -53.85971451 0.842223 -0.454459 0.290047
578.58624268 365.15435791 -54.40312958 0.992565 0.109532 -0.053072
578.60052490 364.95333862 -54.98381805 0.999513 -0.031203 -0.001007
577.55126953 366.22872925 -53.43697357 0.000989 -0.012857 0.999917
577.78356934 366.11614990 -53.43780899 0.025168 -0.005034 0.999671
578.00762939 366.00024414 -53.46057510 0.382810 -0.224406 0.896158
578.20880127 365.87509155 -53.54402924 -0.498744 -0.265686 0.825025
578.40509033 365.74792480 -53.64071274 0.796832 0.006881 0.604161
578.54443359 365.59765625 -53.88869095 0.920295 0.082435 0.382443
578.52160645 365.38156128 -54.56811142 0.901208 0.315201 -0.297443
578.44671631 365.14437866 -55.38596725 0.837402 0.384922 -0.388064
578.31622314 364.63119507 -56.35854721 0.538262 -0.803493 -0.254309
577.78118896 366.36868286 -53.43723679 0.033416 0.003038 0.999437
578.00207520 366.25149536 -53.46840286 0.240582 0.003555 0.970622
578.20465088 366.12689209 -53.54822159 0.512336 0.045572 0.857575
578.39978027 365.99923706 -53.64791870 0.764258 0.158905 0.625027
578.42297363 365.59503174 -54.82355499 0.849317 0.527585 -0.017723
578.37353516 365.36816406 -55.57371521 0.975897 -0.174133 -0.131539
577.99572754 366.50238037 -53.47824478 0.361248 0.171416 0.916579
578.19519043 366.37649536 -53.56640625 0.592143 0.113139 0.797851
578.30755615 366.40185547 -56.33298492 0.056453 0.080806 0.995130
578.30096436 366.65261841 -56.34352493 -0.027126 0.003014 0.999627
578.06805420 367.27185059 -56.33048248 0.755722 0.202453 0.622814
578.06005859 367.52206421 -56.34482193 0.988410 0.150583 0.019247
577.84948730 367.89685059 -56.27933121 0.626162 0.728133 -0.278825
574.85437012 361.22616577 -53.44773865 0.004936 -0.004936 0.999976
575.09326172 361.13479614 -53.45010757 0.004945 -0.006924 0.999964
575.07373047 361.39093018 -53.44825363 0.002950 -0.004916 0.999984
574.83441162 361.48193359 -53.44725800 0.000978 -0.000978 0.999999
575.33245850 361.04370117 -53.45155716 -0.002961 -0.006910 0.999972
575.31304932 361.29989624 -53.44942474 0.000985 -0.006896 0.999976
575.57263184 360.95333862 -53.45027542 0.004926 -0.004926 0.999976
575.55261230 361.20904541 -53.44998932 0.004907 -0.000981 0.999987
575.81195068 360.86230469 -53.45141983 -0.006910 -0.002961 0.999972
575.79193115 361.11801147 -53.45111847 0.002956 -0.004926 0.999984
576.03137207 361.02706909 -53.45196152 0.004945 -0.006924 0.999964
575.05419922 361.64700317 -53.44665909 0.000985 -0.008867 0.999960
575.29339600 361.55590820 -53.44808578 0.002961 -0.008884 0.999956
575.53259277 361.46478271 -53.44959259 0.004936 -0.006910 0.999964
575.77172852 361.37356567 -53.45137787 0.006896 -0.002956 0.999972
576.01110840 361.28262329 -53.45225906 0.000983 0.004916 0.999987
576.24963379 361.19097900 -53.45569611 0.015072 -0.015072 0.999773
575.27410889 361.81216431 -53.44582748 0.004936 -0.004936 0.999976
575.51306152 361.72085571 -53.44798660 0.006910 -0.004936 0.999964
575.75219727 361.62969971 -53.44953537 0.006924 -0.006924 0.999952
575.99121094 361.53842163 -53.45166779 0.004926 -0.002956 0.999984
576.23059082 361.44744873 -53.45259094 -0.002950 -0.002950 0.999991
575.49334717 361.97686768 -53.44684601 0.008884 -0.002961 0.999956
575.73236084 361.88558960 -53.44888306 0.006883 -0.000983 0.999976
575.97155762 361.79446411 -53.45034790 0.008902 -0.002967 0.999956
576.21063232 361.70324707 -53.45220184 0.002973 -0.010901 0.999936
577.05151367 361.24816895 -56.19712067 -0.750479 -0.580135 0.316583
577.94378662 366.25418091 -53.45658493 0.213906 -0.032265 0.976321
578.15765381 366.14395142 -53.52783203 0.512862 0.068850 0.855706
578.13476563 366.39752197 -53.53538132 0.535135 0.023267 0.844446
577.92211914 366.50866699 -53.46078491 0.201491 0.024745 0.979178
578.35821533 366.02368164 -53.63570786 0.727109 0.203094 0.655793
578.32934570 366.27270508 -53.65978622 0.612624 0.184857 0.768453
577.69128418 366.60610962 -53.43612671 0.012857 0.000989 0.999917
577.89776611 366.76110840 -53.47233582 0.307946 -0.016208 0.951266
577.67065430 366.86135864 -53.43760300 0.039643 0.001016 0.999213
578.10772705 366.64794922 -53.55429077 0.566411 0.109205 0.816855
578.30224609 366.52313232 -53.67883301 0.674081 0.255358 0.693114
577.87060547 367.01144409 -53.49171829 0.364434 0.134411 0.921478
577.64855957 367.11550903 -53.44298553 0.109009 -0.003238 0.994035
578.07623291 366.89501953 -53.58559036 0.752617 0.278452 0.596684
578.25427246 366.75772095 -53.75563812 0.667358 0.355815 0.654240
577.84307861 367.26156616 -53.51205063 0.371681 0.067942 0.925871
577.62567139 367.36911011 -53.45061111 0.242130 0.103770 0.964679
578.04742432 367.14416504 -53.60948181 0.292607 -0.205805 0.933823
578.20605469 366.99221802 -53.83297729 0.852071 -0.346105 0.392666
577.39331055 367.46539307 -53.43024063 0.027619 0.021481 0.999388
577.59777832 367.61892700 -53.47183990 0.464972 0.262410 0.845543
577.37078857 367.71926880 -53.43670654 0.056204 0.032874 0.997878
577.80865479 367.50643921 -53.55133820 0.488525 0.068199 0.869881
578.00897217 367.38595581 -53.65999222 0.634410 0.329374 0.699311
577.56207275 367.86279297 -53.51473999 0.117087 0.516050 0.848518
577.34301758 367.96911621 -53.45780945 0.327405 0.053058 0.943393
577.76098633 367.74127197 -53.62722397 0.597590 0.260165 0.758419
577.95770264 367.61807251 -53.74576569 0.621145 0.365476 0.693257
577.11346436 368.06750488 -53.42973328 -0.004945 0.008902 0.999948
577.31048584 368.21539307 -53.49187469 -0.009965 -0.133970 0.990935
577.08441162 368.31643677 -53.45421219 0.205520 0.213579 0.955063
577.52233887 368.10363770 -53.56872177 0.467080 0.241908 0.850481
577.73242188 367.99053955 -53.65045547 0.558679 -0.023451 0.829052
577.27014160 368.45584106 -53.54758835 0.488035 0.250945 0.835971
577.47937012 368.34207153 -53.63168335 0.735696 0.444724 0.510854
578.17321777 366.96432495 -56.34304428 0.172798 0.045844 0.983890
577.90344238 367.84487915 -56.25928879 0.706807 0.700929 -0.095514
577.34826660 368.78170776 -56.30139923 0.657280 0.417664 0.627328
576.90289307 361.16098022 -56.32159805 0.374437 -0.043356 -0.926238
577.23205566 361.39868164 -55.99520111 0.794158 -0.607133 0.026518
567.93835449 366.78347778 -53.40952682 0.000983 -0.006883 0.999976
568.17852783 366.69338989 -53.40982437 0.000981 -0.002944 0.999995
568.15484619 366.94674683 -53.40833664 -0.000987 -0.010858 0.999941
567.91455078 367.03680420 -53.40819550 -0.002973 -0.010901 0.999936
568.39495850 366.85662842 -53.40874863 -0.000985 -0.006896 0.999976
568.13189697 367.20062256 -53.40439224 0.000985 0.006896 0.999976
568.37133789 367.11001587 -53.40697098 0.004936 -0.004936 0.999976
576.81433105 360.82943726 -56.18242264 0.606617 -0.701966 0.373176
566.54565430 364.72613525 -56.26262283 0.227219 -0.446915 0.865239
575.74938965 360.09310913 -53.70810699 0.166612 -0.340224 0.925466
576.01531982 360.03118896 -53.89923477 0.497198 -0.608435 0.618548
576.22833252 360.21957397 -53.74082565 0.198123 -0.781739 0.591296
575.82818604 360.30566406 -53.58250809 0.233615 0.142257 0.961866
576.18817139 360.45349121 -53.64429855 0.388330 -0.433076 0.813416
576.47869873 360.38711548 -53.82941818 0.606254 -0.734902 0.303931
576.63427734 360.58584595 -53.68504333 0.568582 -0.746769 0.345037
576.19476318 360.67901611 -53.53635025 0.299870 -0.413667 0.859627
576.68676758 360.56225586 -53.92833710 0.676192 -0.735731 0.038275
576.45391846 360.34921265 -54.60387802 0.617740 -0.785832 -0.029416
576.43615723 360.33828735 -54.86434937 0.639622 -0.767263 0.046802
576.65808105 360.52508545 -54.70376205 0.668528 -0.743581 -0.012509
576.67926025 360.53540039 -54.44244385 0.681415 -0.729986 -0.052856
576.64685059 360.51300049 -54.96265030 0.668346 -0.743692 -0.015348
576.51452637 360.83404541 -53.60796738 0.429022 -0.409740 0.805018
576.86614990 360.75668335 -53.77815247 0.471135 -0.622032 0.625386
576.68823242 360.54788208 -54.18411255 0.689258 -0.721048 0.070804
576.86511230 360.74276733 -54.03453445 0.707432 -0.704562 0.055963
576.87329102 360.72717285 -54.28867340 0.716557 -0.696771 0.032507
576.86297607 360.71490479 -54.54732895 0.713988 -0.700124 -0.006932
576.84558105 360.70394897 -54.80772400 0.709835 -0.704256 -0.012551
576.97143555 360.96444702 -53.64606476 0.009010 -0.922925 0.384874
577.05413818 360.93545532 -53.88198471 0.758017 -0.619073 0.205328
577.06121826 360.92007446 -54.13639450 0.716584 -0.696874 0.029564
577.04718018 360.90847778 -54.39595413 0.735674 -0.677265 -0.009735
577.03271484 360.89700317 -54.65563965 0.739754 -0.672631 -0.018179
577.01458740 360.88613892 -54.91620255 0.738239 -0.674526 0.004155
577.19488525 361.13684082 -53.74123001 0.749053 -0.398293 0.529418
576.83752441 361.21524048 -53.57246017 0.309482 -0.382660 0.870513
577.21606445 361.11889648 -53.99219894 0.769625 -0.633894 0.076529
577.22338867 361.10348511 -54.24654770 0.773209 -0.633892 0.018111
577.20574951 361.09252930 -54.50698853 0.765647 -0.642920 -0.020919
577.18957520 361.08132935 -54.76707458 0.760313 -0.649520 -0.006925
577.18072510 361.06881714 -55.02538300 0.706322 -0.706322 -0.047088
577.11889648 361.37722778 -53.65347672 0.206408 -0.396713 0.894435
577.36682129 361.31851196 -53.84899902 0.779716 -0.584399 0.224769
577.37384033 361.30313110 -54.10342789 0.788643 -0.613074 0.046724
577.36975098 361.28973389 -54.36055374 0.798841 -0.601528 -0.004111
577.35302734 361.27865601 -54.62078094 0.782580 -0.622475 -0.009661
577.34448242 361.26608276 -54.87900162 0.777929 -0.628167 0.015254
577.18707275 361.05355835 -55.27996445 0.768462 -0.639215 0.029502
577.34088135 361.25262451 -55.13602448 0.778659 -0.625480 -0.049641
577.30181885 361.24551392 -55.40171051 0.814464 -0.534252 -0.226326
577.46514893 361.52749634 -53.71862411 0.776580 -0.377752 0.504209
577.11608887 361.60440063 -53.54781723 0.438479 -0.316766 0.841068
577.51440430 361.50451660 -53.96271133 0.811815 -0.571060 0.121846
577.52197266 361.48904419 -54.21700668 0.814042 -0.580674 0.012355
577.50341797 361.47827148 -54.47767639 0.815309 -0.578828 -0.015124
577.49859619 361.46502686 -54.73498535 0.805308 -0.592585 0.017957
577.49328613 361.45187378 -54.99243164 0.806626 -0.590788 -0.017987
577.46105957 361.44357300 -55.25644302 0.826038 -0.559666 -0.066593
577.40167236 361.76562500 -53.62780762 -0.099901 -0.460108 0.882225
577.63165283 361.71014404 -53.82770920 0.805022 -0.545437 0.233317
577.65332031 361.69213867 -54.07855225 0.838693 -0.541860 0.054606
577.64404297 361.67968750 -54.33695984 0.844497 -0.535167 -0.020531
577.63067627 361.66799927 -54.59636688 0.837491 -0.545951 0.023378
577.63623047 361.65289307 -54.85114670 0.831382 -0.555620 0.009556
577.61938477 361.64178467 -55.11138916 0.828261 -0.557348 -0.057851
577.58898926 361.63314819 -55.37496185 0.803058 -0.587354 -0.100564
577.72937012 361.91925049 -53.69747925 0.934355 -0.155497 0.320626
577.76855469 361.89807129 -53.94403458 0.856766 -0.503727 0.110504
577.77221680 361.88333130 -54.19928741 0.864020 -0.503455 0.001335
577.75219727 361.87280273 -54.46031570 0.858436 -0.512919 -0.001339
577.76074219 361.85714722 -54.71436310 0.855347 -0.516514 0.039944
577.75354004 361.84436035 -54.97226334 0.860120 -0.508938 -0.034295
577.73065186 361.83435059 -55.23398972 0.860131 -0.507186 -0.054192
577.70904541 361.82412720 -55.49540329 0.825262 -0.542740 -0.156131
577.86511230 362.10742188 -53.81409836 0.847760 -0.409102 0.337548
577.60772705 362.16784668 -53.62089157 0.482892 -0.085879 0.871459
577.88293457 362.09011841 -54.06587219 0.879023 -0.474372 0.047847
577.87896729 362.07672119 -54.32298279 0.882434 -0.470007 -0.020086
577.86798096 362.06457520 -54.58181000 0.876954 -0.478711 0.042279
577.87542725 362.04913330 -54.83612823 0.875754 -0.482667 -0.009359
577.84973145 362.03964233 -55.09853363 0.883270 -0.464371 -0.064764
577.82965088 362.02914429 -55.35958481 0.887848 -0.454280 -0.073182
577.62823486 361.82455444 -55.77130127 0.774232 -0.606252 -0.181723
577.79010010 362.02215576 -55.62538910 0.900423 -0.415688 -0.128229
577.57189941 361.82058716 -56.04121017 0.903340 -0.422288 -0.075164
577.75177002 362.01492310 -55.89089203 0.857545 -0.485598 -0.169738
577.68914795 362.01208496 -56.16233444 0.929121 -0.276609 -0.245401
577.92822266 362.32275391 -53.69232559 0.706773 -0.567735 0.422077
577.58282471 362.39901733 -53.52062607 0.313000 -0.034215 0.949137
577.98583984 362.29827881 -53.93438339 0.898848 -0.416054 0.137738
577.98614502 362.28411865 -54.19043732 0.901361 -0.433019 -0.006541
577.96411133 362.27395630 -54.45195770 0.898255 -0.439235 0.014509
577.98553467 362.25601196 -54.70286942 0.892719 -0.448391 0.044704
577.96911621 362.24484253 -54.96300507 0.892680 -0.445654 -0.067191
577.93920898 362.23611450 -55.22645187 0.889135 -0.453473 -0.061650
577.91394043 362.22656250 -55.48877335 0.890237 -0.432972 -0.141466
577.85473633 362.22308350 -55.75938797 0.914496 -0.371735 -0.159719
577.80792236 362.21740723 -56.02696991 0.904110 -0.404804 -0.136815
577.76281738 362.21139526 -56.29413223 0.931719 0.056508 -0.358758
577.80413818 362.57180786 -53.61632919 0.456564 -0.450018 0.767485
578.05261230 362.51300049 -53.81172180 0.804765 0.359984 0.471979
578.07537842 362.49478149 -54.06228256 0.953590 -0.293906 0.065455
578.07385254 362.48092651 -54.31879425 0.938908 -0.344056 -0.008822
578.06732178 362.46801758 -54.57653809 0.923247 -0.378117 0.068141
578.07855225 362.45187378 -54.82992554 0.913949 -0.405475 -0.016949
578.04962158 362.44296265 -55.09313202 0.907398 -0.416621 -0.055280
578.04077148 362.43045044 -55.35143280 0.904062 -0.413723 -0.107262
577.97253418 362.42861938 -55.62424850 0.868635 -0.474196 -0.143564
577.93524170 362.42120361 -55.88949966 0.875079 -0.461405 -0.146088
577.82720947 362.42651367 -56.17204666 0.947540 -0.211932 -0.239278
578.02673340 362.74432373 -53.71170044 0.473294 0.045011 0.879754
578.10229492 362.71661377 -53.94936371 0.919345 -0.368572 0.137693
578.12927246 362.69766235 -54.19890594 0.924618 -0.379498 0.032603
578.12231445 362.68478394 -54.45674133 0.926327 -0.372386 0.056984
578.16302490 362.66336060 -54.70292664 0.924911 -0.371844 0.079201
578.15124512 362.65136719 -54.96194839 0.918156 -0.393496 -0.046372
578.13092041 362.64089966 -55.22304153 0.917391 -0.390465 -0.077012
578.09045410 362.63406372 -55.48907471 0.927897 -0.366100 -0.070557
578.10961914 362.61651611 -55.74052811 0.853274 -0.504406 -0.132279
578.02392578 362.61782837 -56.01761246 0.863929 -0.429687 -0.262671
577.94714355 362.61752319 -56.29251862 0.870564 -0.399578 0.287149
578.23175049 362.92004395 -53.81137848 0.785828 -0.400205 0.471497
578.24511719 362.90353394 -54.06423950 0.887632 -0.458089 0.047576
578.23315430 362.89157104 -54.32330704 0.912108 -0.409598 -0.017012
578.23077393 362.87786865 -54.58002090 0.929334 -0.361334 0.076000
578.24499512 362.86120605 -54.83268356 0.937151 -0.348737 0.011413
578.23168945 362.84948730 -55.09208298 0.927828 -0.369815 -0.048695
578.20526123 362.84014893 -55.35466766 0.918326 -0.367610 -0.146764
578.16723633 362.83285522 -55.62009811 0.954454 -0.278873 -0.106050
578.10998535 362.82907104 -55.89023590 0.947649 -0.205892 -0.244071
578.03924561 362.82766724 -56.16367340 0.963953 -0.254605 -0.077268
578.32067871 363.10250854 -54.19556427 0.952859 -0.302673 -0.021175
578.29437256 363.09313965 -54.45813370 0.948187 -0.317711 0.001236
578.31140137 363.07595825 -54.71011734 0.949523 -0.308819 0.055101
578.30877686 363.06231689 -54.96688461 0.949861 -0.312471 -0.011204
578.29980469 363.04980469 -55.22521973 0.940303 -0.329304 -0.085963
578.24682617 363.04522705 -55.49430847 0.918903 -0.352553 -0.176984
578.19323730 363.04077148 -55.76354599 0.935531 -0.281079 -0.213955
578.11206055 363.04125977 -56.03953171 0.903324 -0.423731 -0.066762
578.10491943 363.02844238 -56.29740906 0.715725 -0.230222 0.659344
578.37231445 363.30581665 -54.33275223 0.961417 -0.272381 -0.038556
578.37817383 363.31887817 -54.07517242 0.960332 -0.278728 0.008520
578.36810303 363.29244995 -54.58990097 0.956064 -0.290211 0.041459
578.37823486 363.27651978 -54.84356308 0.957940 -0.286521 0.015986
578.37103271 363.26370239 -55.10146332 0.955647 -0.293759 -0.021071
578.35498047 363.25250244 -55.36153030 0.939614 -0.309568 -0.145920
578.28613281 363.25076294 -55.63449860 0.936046 -0.277605 -0.216225
578.23553467 363.24575806 -55.90300369 0.936607 -0.277772 -0.213563
578.01104736 363.27203369 -56.21401215 0.951005 0.236737 0.198859
578.16674805 363.38513184 -53.61459732 0.510097 -0.245031 0.824476
578.37457275 363.33364868 -53.81991959 0.948508 -0.256463 0.185902
578.39654541 363.55636597 -53.70820618 0.583745 -0.135167 0.800607
578.08062744 363.62731934 -53.52929688 0.374322 -0.383719 0.844182
578.43109131 363.53604126 -53.95589828 0.973683 -0.215963 0.072810
578.43560791 363.52111816 -54.21093750 0.968557 -0.248440 0.013202
578.42492676 363.50894165 -54.46968079 0.962626 -0.270701 0.008497
578.43640137 363.49273682 -54.72300339 0.965718 -0.255959 0.043278
578.43261719 363.47930908 -54.98006439 0.966539 -0.256380 -0.008426
578.43103027 363.46548462 -55.23659515 0.962642 -0.264821 -0.056478
578.38531494 363.45959473 -55.50390244 0.940007 -0.217993 -0.262424
578.29534912 363.46166992 -55.78203583 0.961033 -0.183242 -0.206972
578.24945068 363.45581055 -56.04938889 0.942311 -0.310519 -0.125014
578.11865234 363.46524048 -56.33750534 0.499582 0.358221 0.788730
578.29241943 363.80181885 -53.62731934 0.108173 0.319176 0.941502
578.46313477 363.75698853 -53.84172821 0.938582 -0.064143 0.339042
578.48339844 363.72512817 -54.34904480 0.975653 -0.218783 -0.015374
578.47583008 363.71237183 -54.60702515 0.976135 -0.213041 0.042127
578.49346924 363.69506836 -54.85884857 0.976376 -0.215533 0.015311
578.47869873 363.68362427 -55.11860657 0.976228 -0.216021 -0.017707
578.47491455 363.67019653 -55.37566376 0.954983 -0.249068 -0.161162
578.35284424 363.67803955 -55.66164398 0.917165 -0.204609 -0.341970
578.31420898 363.67089844 -55.92721939 0.986936 -0.148684 -0.062049
578.33886719 363.65234375 -56.17733765 0.906746 -0.163698 -0.388606
578.48376465 363.97994995 -53.73034286 0.866239 0.265485 0.423259
578.19281006 364.04641724 -53.54534149 -0.426313 0.058195 -0.902702
578.51452637 363.96029663 -53.97895050 0.981559 -0.168233 0.090773
578.51800537 363.93145752 -54.49037552 0.985852 -0.167151 0.012508
578.52972412 363.91525269 -54.74365234 0.985063 -0.166703 0.043133
578.52795410 363.90145874 -55.00022507 0.984127 -0.177166 -0.010287
578.52215576 363.88839722 -55.25777817 0.981726 -0.188388 -0.026913
578.50524902 363.87731934 -55.51803970 0.929263 -0.195412 -0.313503
578.39447021 364.22274780 -53.64583206 -0.072632 0.556845 0.827435
578.54040527 364.18237305 -53.86629486 0.970377 -0.107539 0.216342
578.55084229 364.13815308 -54.63214493 0.990755 -0.128242 0.044261
578.56512451 364.12149048 -54.88479996 0.991672 -0.127707 0.016657
578.56079102 364.10815430 -55.14199448 0.989964 -0.141106 -0.007777
578.55554199 364.09497070 -55.39941025 0.991178 -0.072190 -0.111149
578.43884277 364.10186768 -55.68407440 0.663844 0.258249 -0.701868
578.54663086 364.40792847 -53.75843048 0.530534 0.752542 0.390146
578.28491211 364.46914673 -53.56628036 0.399800 -0.024906 0.916264
578.57220459 364.38922119 -54.00830841 0.994173 -0.075095 0.077337
578.58673096 364.34426880 -54.77317429 0.995345 -0.092464 0.027195
578.57525635 364.36044312 -54.51984024 0.992313 -0.123629 -0.005470
578.58361816 364.33071899 -55.03006744 0.995286 -0.095970 0.014018
578.58435059 364.31646729 -55.28601837 0.991232 -0.034958 -0.127428
578.51440430 364.64041138 -53.65996552 0.810210 -0.001366 0.586138
578.13232422 364.72326660 -53.49724197 0.325940 -0.008742 0.945350
578.58032227 364.61444092 -53.89999008 0.989015 -0.037731 0.142921
578.59130859 364.59835815 -54.15343094 0.997475 -0.039642 0.058927
578.59716797 364.56909180 -54.66427231 0.997961 -0.063611 0.005214
578.60870361 364.58111572 -54.40532684 0.997391 -0.070864 0.013750
578.60223389 364.55407715 -54.91918182 0.997772 -0.064270 0.017911
578.60650635 364.53918457 -55.17426300 0.979152 0.175682 -0.101969
578.55859375 364.53369141 -55.44212341 0.994762 0.102165 0.003226
578.37023926 364.89306641 -53.58886719 0.585640 0.091100 0.805436
578.55279541 364.84609985 -53.80037308 0.885644 0.261362 0.383829
578.59826660 364.82382202 -54.04539490 0.997071 -0.013775 0.075231
578.60522461 364.80844116 -54.29982758 0.999844 -0.004984 0.016947
578.60534668 364.79434204 -54.55594254 0.999972 -0.006910 0.002961
578.61096191 364.77920532 -54.81070328 0.999847 -0.014983 0.008990
578.61572266 364.76422119 -55.06567001 0.988880 -0.005587 -0.148611
578.41259766 364.78665161 -55.37146759 0.075584 -0.554758 -0.828572
578.48699951 365.08462524 -53.71012497 0.811301 0.094001 0.577022
578.58642578 365.05264282 -53.94194794 0.996331 0.068600 0.051178
578.60919189 365.03442383 -54.19252014 0.997164 0.059291 0.046355
578.59985352 365.02200317 -54.45093918 0.995813 0.081982 -0.040445
578.61108398 365.00585938 -54.70433807 0.992827 0.119314 -0.007662
578.60327148 364.99316406 -54.96237946 0.955796 0.273271 -0.108524
578.59259033 364.98095703 -55.22112274 0.934248 0.287138 -0.211501
578.38995361 365.00332642 -55.52680588 0.954305 0.167305 0.247611
578.51440430 365.29229736 -53.85322571 0.737966 -0.374710 0.561247
578.58251953 365.26593018 -54.09270859 0.992858 0.048350 0.109068
578.57928467 365.25241089 -54.34962845 0.968951 0.242546 -0.048017
578.47033691 365.25790405 -54.63240433 0.562206 0.814383 0.143889
578.44781494 365.24783325 -54.89403915 0.805157 0.575962 -0.141386
578.41461182 365.23971558 -55.15830231 0.931826 0.345874 -0.109866
578.39178467 365.22970581 -55.42002106 0.848634 0.040147 -0.527454
578.55834961 365.49697876 -53.99226761 0.991376 -0.005502 0.130936
578.46350098 365.52813721 -53.75932312 0.848887 0.108093 0.517403
578.47875977 365.49719238 -54.26787186 0.968431 0.153045 -0.196773
578.45654297 365.48706055 -54.52943420 0.724863 0.688126 -0.032499
578.12670898 365.60284424 -53.58551788 0.367882 0.174708 0.913313
578.44866943 365.75753784 -53.65660477 0.875269 0.025703 0.482953
578.52996826 365.72879028 -53.89287567 0.961132 0.041138 0.273006
578.57037354 365.70742798 -54.13913345 0.995250 -0.022842 -0.094630
578.48913574 365.96282959 -53.79651642 0.904828 0.110141 0.411285
578.51428223 365.94418335 -54.04650116 0.949654 0.308862 -0.052545
576.10943604 360.41497803 -53.62567139 0.384076 -0.435074 0.814369
576.42297363 360.34341431 -53.80642700 0.503287 -0.322294 0.801766
576.53985596 360.54788208 -53.67115784 0.553597 -0.647826 0.523309
576.42749023 360.32974243 -54.06131744 0.646603 -0.760793 0.055668
576.63916016 360.51644897 -53.90332031 0.663630 -0.735535 0.136321
576.63500977 360.50442505 -54.16028976 0.670946 -0.739614 0.052932
576.42767334 360.30401611 -54.57320786 0.615999 -0.787648 -0.012458
576.40557861 360.29534912 -54.83448792 0.631769 -0.773740 0.046850
576.60998535 360.48342896 -54.67822647 0.652590 -0.756892 -0.035237
576.64862061 360.48901367 -54.41298294 0.688487 -0.724944 -0.021033
576.38507080 360.28634644 -55.09537125 0.556166 -0.830816 -0.020599
576.60510254 360.47152710 -54.93537521 0.634886 -0.772605 -0.001377
576.33892822 360.28216553 -55.36242676 0.640198 -0.762696 -0.091874
576.57867432 360.46365356 -55.19768143 0.657912 -0.750049 -0.067663
576.53594971 360.45883179 -55.46391296 0.656536 -0.740669 -0.142725
576.81256104 360.71038818 -53.75449753 0.711931 -0.614183 0.340489
576.81719971 360.69668579 -54.00936508 0.716051 -0.696042 0.052882
576.82598877 360.68222046 -54.26323318 0.706663 -0.706663 0.035404
576.82043457 360.67044067 -54.52053070 0.701511 -0.712624 -0.006946
576.80529785 360.66043091 -54.78013992 0.702885 -0.711236 -0.009743
576.79132080 360.65020752 -55.03945541 0.691356 -0.722208 -0.021035
576.76861572 360.64166260 -55.30088806 0.673711 -0.732422 -0.098341
576.97436523 360.84231567 -54.88832855 0.735490 -0.677534 0.001380
576.97290039 360.82977295 -55.14466095 0.701451 -0.712607 -0.012551
576.94171143 360.82278442 -55.40811539 0.684157 -0.727186 -0.055937
577.14105225 361.02468872 -54.99710846 0.753069 -0.656993 0.035322
577.15509033 361.00921631 -55.24970627 0.750441 -0.659992 0.035331
577.30364990 361.20779419 -55.10685730 0.785423 -0.618608 0.020852
577.10339355 361.20681763 -55.92281723 0.042241 -0.881603 0.470097
577.13952637 361.18722534 -56.17012787 0.265376 -0.452521 -0.851352
577.29089355 361.38528442 -56.02659607 0.799835 -0.600218 -0.001367
577.30920410 361.39468384 -55.76623535 0.747873 -0.637305 -0.185817
577.25830078 361.37857056 -56.29039383 0.681368 -0.700078 -0.213610
577.44647217 361.39462280 -55.22134781 0.821623 -0.567075 -0.057980
577.38635254 361.39303589 -55.49174118 0.783628 -0.591158 -0.190943
577.55865479 361.58715820 -55.34320068 0.807711 -0.579857 -0.106624
577.50463867 361.58444214 -55.61212540 0.798160 -0.564402 -0.210690
577.41357422 361.58868408 -55.88994598 0.798436 -0.588865 -0.125447
577.41113281 361.57629395 -56.14650345 0.844930 -0.532096 -0.054467
577.68389893 361.77728271 -55.46191025 0.814701 -0.563341 -0.137509
577.59411621 361.78128052 -55.73941803 0.781983 -0.592226 -0.194348
577.54687500 361.77731323 -56.00673294 0.798355 -0.596968 -0.079116
577.54589844 361.76464844 -56.26294327 0.265700 0.938991 0.218402
577.78094482 361.97265625 -55.58737946 0.909159 -0.384372 -0.160273
577.73358154 361.96871948 -55.85472870 0.810054 -0.554727 -0.189975
577.66033936 361.96960449 -56.12826920 0.852590 -0.499185 -0.154615
578.36486816 363.62319946 -55.61348343 0.929141 -0.183586 -0.320925
578.31774902 363.61920166 -55.88077164 0.968966 -0.196360 -0.150158
578.35821533 363.83804321 -55.76383972 0.940720 -0.145669 -0.306312
578.49914551 363.82446289 -55.47406387 0.981396 -0.184383 -0.053531
578.57299805 365.18188477 -54.55709839 0.841462 0.292885 -0.454049
578.56744385 365.17010498 -54.81439590 0.898297 0.397797 -0.186603
578.48944092 365.41113281 -54.72590637 0.966201 0.172954 0.191160
578.51037598 365.42004395 -54.46490860 0.838389 0.535357 -0.102454
578.45965576 365.17745972 -55.09623718 0.911473 0.401596 -0.089091
578.45098877 365.40551758 -54.99110413 0.592464 0.538450 -0.599215
575.98681641 360.18347168 -53.70198822 0.216455 -0.541904 0.812088
576.17852783 360.13272095 -53.91438675 0.292823 -0.731258 -0.616049
576.34912109 360.32702637 -53.77027512 0.475927 -0.274394 0.835585
576.38195801 360.30679321 -54.01789093 0.639955 -0.765942 0.061562
576.12829590 360.08682251 -54.94513321 0.604916 -0.793684 0.064353
576.36206055 360.25509644 -55.04190445 0.630856 -0.775689 0.018104
576.35168457 360.27096558 -54.78930664 0.571982 -0.820071 -0.017918
576.59777832 360.49237061 -53.86375427 0.643187 -0.751640 0.146110
576.39666748 360.29010010 -54.26953125 0.621705 -0.783043 0.018081
576.59893799 360.47827148 -54.11838913 0.661405 -0.747488 0.061693
576.36523438 360.28225708 -54.53140259 0.580815 -0.813695 0.023565
576.60742188 360.46273804 -54.37141037 0.680398 -0.732842 -0.001380
576.57733154 360.45465088 -54.63298798 0.664548 -0.744925 -0.058848
576.56555176 360.44302368 -54.89049530 0.611198 -0.787478 -0.079470
576.54620361 360.43286133 -55.14967728 0.664548 -0.744925 -0.058848
576.79504395 360.65377808 -54.22352219 0.711481 -0.699982 0.061805
576.78796387 360.64123535 -54.47998428 0.704256 -0.709835 0.012551
576.50469971 360.42694092 -55.41378784 0.656035 -0.747437 -0.104671
576.73577881 360.60961914 -55.25625229 0.675208 -0.733291 -0.079863
576.67816162 360.60681152 -55.52392197 0.688082 -0.688082 -0.230406
576.90850830 360.78958130 -55.36656189 0.688421 -0.722914 -0.058925
577.09716797 360.96652222 -55.47334290 0.740647 -0.668459 -0.067857
577.11645508 360.97668457 -55.21416092 0.740873 -0.671632 0.004154
577.27325439 361.15969849 -55.32799149 0.824162 -0.560430 -0.081700
577.38970947 361.35052490 -55.45077896 0.955838 -0.285344 -0.070376
577.41137695 361.36026001 -55.19107056 0.827977 -0.558076 -0.054824
577.53387451 361.54986572 -55.31250381 0.810174 -0.582357 -0.066921
577.49121094 361.54418945 -55.57686615 0.751106 -0.642294 -0.152639
577.94195557 362.66241455 -53.67090225 0.675051 -0.391166 0.625536
578.07928467 362.62210083 -53.89536285 0.983352 -0.136677 0.119744
578.14172363 362.83715820 -53.77520752 0.721506 -0.382940 0.576876
577.89410400 362.89868164 -53.57518768 0.500256 -0.247819 0.829656
578.10418701 362.60342407 -54.14474487 0.970883 -0.236949 0.035239
578.18121338 362.81567383 -54.02135849 0.887325 -0.452717 0.087757
578.18621826 362.80084229 -54.27513885 0.908962 -0.415336 -0.035828
578.15893555 363.06094360 -53.66508102 0.478414 -0.323679 0.816304
577.79351807 363.14511108 -53.49116516 0.352063 -0.208364 0.912489
578.27777100 363.02420044 -53.89364243 0.888009 -0.400417 0.226066
578.28588867 363.00872803 -54.14673615 0.929579 -0.368516 0.008926
578.26562500 362.99874878 -54.40613937 0.947774 -0.317612 -0.029104
578.06579590 363.30596924 -53.57941055 0.541863 -0.282780 0.791467
578.33233643 363.24078369 -53.77523041 0.760372 -0.256606 0.596648
578.34912109 363.22369385 -54.02642059 0.958460 -0.282926 0.036145
578.34722900 363.21014404 -54.28173065 0.964032 -0.261790 -0.045906
578.33447266 363.19873047 -54.53945923 0.946976 -0.317372 0.050111
578.30029297 363.47402954 -53.67601776 0.517661 -0.270560 0.811680
578.40478516 363.44006348 -53.90776825 0.973060 -0.216924 0.078093
578.40893555 363.42538452 -54.16175079 0.964790 -0.262684 0.013316
578.40008545 363.41317749 -54.41860199 0.965162 -0.261019 -0.018211
578.43414307 363.66149902 -53.79494095 0.938749 -0.140335 0.314733
578.45898438 363.64285278 -54.04434204 0.976583 -0.207448 0.057018
578.46081543 363.62860107 -54.29883194 0.973408 -0.228828 -0.010671
578.49163818 363.86364746 -53.93078995 0.983012 -0.134543 0.124846
578.40576172 363.89404297 -53.69492722 0.288323 -0.518351 0.805098
578.50561523 363.84707642 -54.18259048 0.981087 -0.190078 0.036599
578.53753662 363.99859619 -55.34370041 0.984091 -0.173938 -0.036188
578.52160645 364.21484375 -55.49581909 0.927081 0.040535 -0.372663
578.57836914 364.21780396 -55.22833633 0.991433 -0.125198 -0.037221
578.56024170 364.43450928 -55.38094330 0.994314 0.065841 -0.083696
578.59637451 364.44146729 -55.11804199 0.995002 -0.098526 0.016241
578.50048828 364.67309570 -55.28787231 0.957018 0.138603 -0.254765
578.50634766 364.88519287 -55.43516922 0.949375 0.146368 -0.277964
578.59600830 364.88183594 -55.16040039 0.975980 -0.069626 -0.206434
575.38433838 359.99932861 -53.62965775 0.323207 -0.670777 0.667529
575.81744385 359.90841675 -53.79515457 0.129934 -0.106093 0.985830
575.79412842 360.13598633 -53.68500900 0.301988 -0.564031 0.768552
576.08032227 360.07446289 -53.88082886 0.523181 -0.852038 -0.017666
576.23986816 360.26544189 -53.73294830 0.311711 -0.670260 0.673490
576.31719971 360.24566650 -53.97185898 0.612327 -0.789691 0.038006
576.09490967 360.06295776 -54.38752747 0.608633 -0.791081 -0.061291
576.06842041 360.06396484 -54.64785767 0.591826 -0.806037 -0.006866
576.31372070 360.23779297 -54.48229218 0.575774 -0.817184 -0.026361
576.33605957 360.23760986 -54.22282791 0.668346 -0.743692 0.015348
576.30395508 360.23547363 -54.73917389 0.382583 -0.908813 0.166402
576.53222656 360.42126465 -54.06739807 0.630745 -0.773771 0.058641
576.55499268 360.41241455 -54.31755447 0.659288 -0.750421 0.046990
576.53735352 360.41168213 -54.57605743 0.647476 -0.760819 -0.043921
576.31384277 360.22918701 -54.99198151 0.623803 -0.781483 0.012448
576.52703857 360.40945435 -54.83304214 0.641990 -0.763175 -0.073576
576.51116943 360.61410522 -55.99565125 -0.221591 -0.950259 -0.218872
576.57409668 360.59722900 -56.23753738 0.592901 -0.701902 0.394717
576.71679688 360.79159546 -56.09313965 0.661482 -0.359465 0.658199
576.88470459 360.75372314 -56.31335449 0.416088 -0.491147 0.765275
576.90722656 360.97213745 -56.19374847 0.846714 -0.491786 0.203031
576.91540527 360.97479248 -55.93720627 0.336859 -0.681854 0.649308
577.08209229 360.95001221 -55.39309311 0.691356 -0.722208 -0.021035
577.20959473 361.14309692 -55.50669098 0.793372 -0.580182 -0.184257
577.25103760 361.13909912 -55.24328613 0.792607 -0.609377 0.020822
577.06457520 361.16354370 -56.04633713 0.755431 -0.654893 -0.020945
577.06085205 361.16000366 -56.30196381 0.264102 -0.608858 -0.748025
577.38299561 361.33132935 -55.35596085 0.780563 -0.624729 0.020871
577.25091553 361.34490967 -56.14778900 0.775646 -0.630822 0.020888
577.51910400 361.73278809 -56.11740494 0.546133 0.090305 0.832817
577.65173340 361.92486572 -56.22994995 0.708583 -0.255217 -0.657856
577.66754150 361.92599487 -55.97182846 0.797367 -0.558931 -0.227598
577.75885010 362.12634277 -56.09289169 0.819952 -0.557921 0.128072
577.83660889 362.10650635 -56.33171463 0.750185 0.012526 0.661109
577.88397217 362.31991577 -56.20697784 0.985536 -0.064760 -0.156603
577.86572266 362.54220581 -56.35065079 0.396014 -0.415099 0.819064
577.93896484 362.53186035 -56.08068085 0.753896 -0.573861 -0.319883
578.02697754 362.73284912 -56.20242691 0.889097 -0.442428 -0.117321
578.32745361 363.14855957 -54.12651825 0.954486 -0.294563 0.046776
578.31854248 363.14605713 -54.38321686 0.945149 -0.322765 -0.050151
578.38800049 363.35510254 -54.25392914 0.962396 -0.271320 -0.013384
578.38635254 363.35971069 -53.99940491 0.965056 -0.260528 0.028132
578.38269043 363.35186768 -54.50987625 0.959928 -0.280030 0.011006
578.44335938 363.56692505 -54.12755203 0.972579 -0.231452 0.022785
578.42730713 363.57440186 -53.87600327 0.971028 -0.199805 0.131082
578.44152832 363.56298828 -54.38278198 0.967722 -0.250168 -0.030508
578.44421387 363.55816650 -54.63709641 0.970012 -0.236016 0.058077
578.29742432 363.60467529 -53.64794159 0.354975 -0.148950 0.922934
578.42102051 363.79858398 -53.76234436 0.942798 -0.029264 0.332079
578.17810059 363.85147095 -53.55760956 0.507357 -0.098613 0.856075
578.48260498 363.78198242 -54.00450134 0.979897 -0.185320 0.073886
578.49298096 363.77563477 -54.25721741 0.980637 -0.195664 0.008104
578.48748779 363.77243042 -54.51320648 0.979187 -0.202389 0.015208
578.50091553 363.76547241 -54.76529312 0.980016 -0.192183 0.051328
578.28991699 363.56759644 -55.94322205 0.978510 -0.201915 -0.041817
578.27032471 363.56723022 -56.20212936 0.498186 0.350812 -0.792932
578.31402588 363.78143311 -56.07815552 0.852411 -0.023186 0.522358
578.17596436 363.80474854 -56.36149216 0.298635 0.062803 -0.952299
578.37371826 364.03094482 -53.65715408 0.346127 -0.224476 0.910937
578.50885010 363.99963379 -53.88413239 0.976460 -0.209328 0.052029
578.52874756 363.99136353 -54.13488388 0.986110 -0.161068 0.040557
578.52789307 363.98724365 -54.38992310 0.987835 -0.155503 -0.001119
578.53167725 363.98220825 -54.64399719 0.986896 -0.156191 0.040494
578.54083252 363.97607422 -54.89696503 0.987857 -0.154670 0.014677
578.43615723 363.97558594 -56.19285965 0.907165 0.160926 -0.388785
578.49133301 364.22604370 -53.77278900 0.515275 0.856998 -0.006727
578.25927734 364.27676392 -53.56581497 0.599829 -0.475495 0.643514
578.55395508 364.20925903 -54.01473618 0.985904 -0.118308 0.118308
578.56170654 364.20339966 -54.26798248 0.991285 -0.131508 0.007736
578.55657959 364.20013428 -54.52390289 0.991134 -0.132077 0.014429
578.56793213 364.19357300 -54.77641678 0.992576 -0.117233 0.032379
578.57031250 364.18881226 -55.03078842 0.993158 -0.116650 0.005451
578.53039551 363.96960449 -55.40884018 0.980463 -0.189883 -0.051352
578.50695801 364.19293213 -55.55357742 0.894481 0.064381 -0.442446
578.57006836 364.18460083 -55.28570175 0.990760 -0.134850 -0.014488
578.43701172 364.45980835 -53.66904068 0.651786 0.067625 0.755382
578.56427002 364.43008423 -53.89764786 0.970683 -0.076010 0.228029
578.58386230 364.42187500 -54.14846420 0.995685 -0.079961 0.047101
578.58721924 364.41690063 -54.40262604 0.994321 -0.106419 -0.001075
578.58605957 364.41284180 -54.65772629 0.995400 -0.094028 0.018373
578.59051514 364.40768433 -54.91165924 0.996572 -0.081895 0.011699
578.59234619 364.40301514 -55.16614914 0.995457 -0.095162 0.003208
578.54974365 364.40725708 -55.42980194 0.994429 0.009739 -0.104961
578.55047607 364.65576172 -53.78553391 0.909340 0.328413 0.255433
578.32720947 364.70471191 -53.57674026 0.432915 -0.011843 0.901357
578.58776855 364.64401245 -54.03270721 0.995186 -0.036209 0.091070
578.60144043 364.63699341 -54.28474045 0.998549 -0.042960 0.032482
578.60375977 364.63223267 -54.53912354 0.998940 -0.046011 -0.001022
578.60321045 364.62805176 -54.79409027 0.998650 -0.048841 0.017666
578.60839844 364.62274170 -55.04787827 0.990653 -0.039717 -0.130498
578.51782227 364.63656616 -55.32142258 0.887631 0.451504 -0.090860
578.53009033 364.62982178 -55.57375717 0.851925 -0.517392 0.080798
578.46343994 364.89605713 -53.68853760 0.737104 -0.035370 0.674853
578.57702637 364.86904907 -53.91996765 0.977028 0.001165 0.213106
578.60278320 364.85961914 -54.16950607 0.998730 -0.003079 0.050296
578.60406494 364.85507202 -54.42409897 0.999831 0.016980 0.006992
578.60870361 364.84985352 -54.67800522 0.999276 -0.017423 0.033822
578.54663086 365.09805298 -53.81128693 0.798920 0.523648 0.295838
578.34747314 365.14218140 -53.59751511 0.517005 -0.136208 0.845076
578.58886719 365.08532715 -54.05743027 0.991670 0.078922 0.101798
578.59576416 365.07965088 -54.31085968 0.994614 0.092032 -0.047679
578.44934082 365.34042358 -53.71640015 0.880473 -0.042186 0.472216
578.55163574 365.31567383 -53.95015717 0.874859 -0.438172 0.206461
573.02124023 371.02514648 -56.27259445 0.035117 0.790828 0.611030
573.61627197 370.96023560 -55.51903915 0.268977 0.957661 -0.102653
573.37615967 370.96694946 -55.61287689 0.030552 0.990111 -0.136918
573.43676758 370.98474121 -55.29887390 0.133268 0.987125 0.088452
573.67651367 370.97375488 -55.20806885 0.333512 0.942644 0.013844
573.13580322 370.96957397 -55.70965195 0.036052 0.985020 -0.168628
573.19708252 370.99670410 -55.38897324 -0.044360 0.990713 -0.128531
572.95654297 370.99673462 -55.48759079 -0.068353 0.993923 -0.086282
573.49566650 370.97891235 -55.00169373 0.072062 0.991711 0.106377
573.25677490 371.00210571 -55.08377075 0.037537 0.999291 -0.003044
573.01739502 371.01843262 -55.17073441 0.084540 0.996291 0.016052
572.71600342 370.99703979 -55.58601379 0.008426 0.966539 -0.256380
572.77691650 371.01956177 -55.26858902 -0.090480 0.988226 0.123381
572.47137451 370.94100952 -55.72469330 0.042380 0.943908 -0.327478
572.53546143 371.00765991 -55.37572479 -0.129625 0.989969 -0.056209
572.22772217 370.89877319 -55.85350418 -0.101599 0.989133 0.106270
572.29479980 371.00616455 -55.47544098 0.214798 0.857691 -0.467149
572.05065918 370.95718384 -55.60908890 -0.143008 0.950267 -0.276660
572.83679199 371.02761841 -54.96151352 -0.048649 0.981289 0.186291
572.59606934 371.02499390 -55.06204224 -0.222283 0.974442 0.032441
572.35498047 371.01806641 -55.16563797 0.017287 0.999577 -0.023388
572.11413574 371.01449585 -55.26684189 0.110702 0.976420 -0.185333
571.80334473 370.86355591 -55.77463150 -0.271213 0.948571 -0.163268
571.87103271 370.97924805 -55.39065933 0.023156 0.993509 -0.111370
571.55804443 370.79855347 -55.91971970 -0.177403 0.982263 -0.060722
571.62634277 370.92236328 -55.52995682 -0.063114 0.917174 -0.393458
571.37908936 370.83029175 -55.69436646 -0.333075 0.922690 -0.194176
574.03021240 370.89758301 -54.56119156 0.220792 0.971733 0.083577
573.79461670 370.96658325 -54.61053848 0.087721 0.992275 -0.087721
573.85076904 370.92297363 -54.34038925 0.143436 0.987728 0.061806
574.08648682 370.85595703 -54.28963852 0.200653 0.976184 0.082477
573.55407715 370.96652222 -54.70922852 0.086692 0.995315 0.042797
573.61322021 370.96438599 -54.40944672 0.138543 0.990074 0.023654
573.37500000 370.99661255 -54.48507690 0.085108 0.992922 0.082838
572.65533447 371.02450562 -54.76107788 -0.013166 0.999593 -0.025319
572.89709473 371.04104614 -54.65063095 0.038382 0.998978 0.023859
572.17297363 371.00805664 -54.97012329 -0.097305 0.983861 0.150162
571.93060303 370.98324585 -55.08648682 0.110895 0.894181 0.433755
571.68737793 370.94604492 -55.21172333 -0.202796 0.979215 -0.003477
571.44439697 370.91287231 -55.33407211 -0.153474 0.987917 0.021600
571.19787598 370.83059692 -55.49148560 -0.388033 0.910114 -0.145336
573.90667725 370.87661743 -54.07217789 0.202563 0.972553 0.114492
573.67077637 370.94073486 -54.12501526 0.180807 0.976359 0.118460
573.43298340 370.97900391 -54.19630814 0.077300 0.996194 0.040283
572.71582031 371.04141235 -54.44767380 0.006937 0.999952 0.006937
572.95428467 371.01199341 -54.37004089 0.058561 0.997665 0.035137
572.47497559 371.03762817 -54.54901886 -0.070862 0.997360 -0.015865
571.74731445 370.95544434 -54.90366745 -0.184463 0.982642 0.019722
571.50360107 370.91174316 -55.03352356 -0.192131 0.981363 -0.003451
571.26000977 370.86968994 -55.16223145 -0.215996 0.966163 0.140980
570.94927979 370.72015381 -55.66905594 -0.248215 0.913023 -0.323695
571.01416016 370.79721069 -55.31265259 -0.287286 0.954616 -0.078585
570.70001221 370.60031128 -55.85331726 -0.266642 0.944869 -0.190068
570.76666260 370.70156860 -55.47962952 -0.253609 0.966654 -0.035530
570.45178223 370.49462891 -56.02746964 -0.312915 0.935987 0.161282
570.51684570 370.57391357 -55.66947174 -0.326259 0.921788 -0.209433
570.20764160 370.44543457 -56.16125870 -0.350354 0.834251 0.425767
570.26538086 370.42401123 -55.87523270 -0.386064 0.916386 -0.105790
570.01684570 370.31436157 -56.05221939 -0.433769 0.877900 0.202820
569.77124023 370.24496460 -56.20044327 -0.427003 0.740248 0.519328
572.77307129 371.01312256 -54.16655731 0.081898 0.990851 0.107275
572.53265381 371.01522827 -54.26370621 -0.057019 0.997301 0.046261
571.07409668 370.80587769 -55.00514984 -0.232258 0.972654 0.001179
570.82836914 370.73437500 -55.15487671 -0.311531 0.920237 -0.236879
570.58148193 370.64749146 -55.31560516 -0.116311 0.796510 -0.593333
570.33319092 370.54153442 -55.48995209 -0.485237 0.865363 -0.125269
570.08074951 370.37747192 -55.70580673 -0.416731 0.885000 -0.207629
569.82690430 370.19427490 -55.93533707 -0.458187 0.887991 -0.039196
569.57769775 370.07537842 -56.11894608 -0.501148 0.800247 0.329326
569.33355713 370.02597046 -56.25287628 -0.341127 0.641449 0.687150
575.36376953 370.24792480 -53.62817383 0.384104 0.661055 0.644570
575.13073730 370.35159302 -53.65274429 0.317510 0.733334 0.601173
575.17449951 370.13809204 -53.50395584 0.202973 0.358442 0.911220
575.40557861 370.00732422 -53.49872208 0.203083 0.364396 0.908830
574.89904785 370.47454834 -53.66355515 0.311184 0.783547 0.537791
574.94366455 370.27163696 -53.50718689 0.209581 0.359901 0.909147
574.66552734 370.57110596 -53.69321060 0.384726 0.735072 0.558262
574.71295166 370.40719604 -53.50896454 0.206870 0.499809 0.841068
574.47998047 370.51251221 -53.53238678 0.055879 0.666255 0.743627
570.88946533 370.75933838 -54.83571625 -0.266782 0.963584 -0.018273
571.13531494 370.83227539 -54.68496323 -0.237306 0.970126 0.050412
570.64324951 370.68139648 -54.99003220 -0.369392 0.929231 -0.008947
570.39593506 370.58901978 -55.15468979 -0.344795 0.930809 0.121291
570.14752197 370.48016357 -55.33110809 -0.411521 0.906999 -0.089461
569.89587402 370.32757568 -55.53876877 -0.459836 0.867923 -0.187779
569.64099121 370.13076782 -55.77801895 -0.456113 0.832289 -0.315047
569.38635254 369.93695068 -56.01514816 -0.517392 0.851925 0.080798
569.13928223 369.84652710 -56.17839050 -0.463758 0.709766 0.530246
568.89569092 369.80505371 -56.30667114 -0.250237 0.599624 0.760153
575.21087646 369.82202148 -53.42845535 0.104759 0.145699 0.983767
575.44207764 369.69311523 -53.42190933 0.207255 0.125879 0.970155
574.98028564 369.95898438 -53.42926025 0.103427 0.069330 0.992218
574.74963379 370.09588623 -53.43008041 0.097340 0.147812 0.984214
574.51940918 370.23803711 -53.42716980 0.096217 0.171728 0.980434
574.28771973 370.36093140 -53.43801498 -0.036582 0.192353 0.980644
570.95050049 370.78369141 -54.51700592 -0.251851 0.967639 -0.015665
571.19580078 370.84857178 -54.37200546 -0.214935 0.975099 0.054644
570.70489502 370.71408081 -54.66537094 -0.276480 0.960982 -0.008526
570.45764160 370.62136841 -54.83026123 -0.375259 0.925639 -0.048718
570.20941162 370.51626587 -55.00400162 -0.393844 0.918970 -0.019497
569.96026611 370.39761353 -55.18741608 -0.428376 0.903171 -0.027851
569.71051025 370.27096558 -55.37654877 -0.454761 0.856289 -0.244871
569.45611572 370.08053589 -55.61125183 -0.503800 0.802584 -0.319444
569.19714355 369.82742310 -55.89073944 -0.591088 0.802088 -0.085267
568.94421387 369.65695190 -56.11118317 -0.487967 0.805860 0.335378
568.69830322 369.58279419 -56.26280975 -0.482222 0.518931 0.705813
575.24035645 369.41149902 -53.42042160 -0.002956 0.006896 0.999972
575.00976563 369.54843140 -53.42122650 0.000983 0.004916 0.999987
574.77954102 369.69094849 -53.41806412 0.023109 0.007033 0.999708
574.54937744 369.83410645 -53.41442490 0.013062 0.017081 0.999769
574.31909180 369.97607422 -53.41163635 0.000985 0.006896 0.999976
574.05603027 370.48291016 -53.44951630 0.501150 0.251346 0.828054
574.08868408 370.11596680 -53.41033554 0.042712 -0.084329 0.995522
573.85784912 370.25012207 -53.41312408 0.007117 0.033551 0.999412
571.01019287 370.78839111 -54.21229553 -0.253603 0.967088 0.020628
570.76550293 370.73220825 -54.35108185 -0.314554 0.948714 0.031582
570.51910400 370.65121460 -54.50761032 -0.309479 0.950808 -0.013672
570.27130127 370.55194092 -54.67717361 -0.413214 0.910626 -0.003886
569.77215576 370.30377197 -55.05177307 -0.541203 0.840180 0.034604
569.52111816 370.15948486 -55.25349808 -0.540416 0.838283 -0.072339
569.26727295 369.97662354 -55.48279953 -0.574584 0.806200 -0.141048
569.00885010 369.73043823 -55.75733185 -0.563578 0.783358 -0.262166
568.75109863 369.49371338 -56.02511215 -0.296652 0.901762 -0.314362
568.50115967 369.36441040 -56.21612549 -0.620383 0.566290 0.542624
575.03826904 369.12426758 -53.42297745 -0.006910 -0.004936 0.999964
574.80767822 369.26165771 -53.42346573 0.000983 -0.006883 0.999976
574.57745361 369.40368652 -53.42063904 0.004965 -0.012908 0.999904
574.34716797 369.54556274 -53.41791916 0.002967 -0.010880 0.999936
574.11688232 369.68731689 -53.41529083 0.002967 -0.010880 0.999936
573.88677979 369.83172607 -53.41074753 0.006992 -0.016980 0.999831
573.62713623 370.38583374 -53.41481400 -0.045477 0.164418 0.985342
573.65643311 369.97174072 -53.40935516 -0.003014 0.027126 0.999627
573.42572021 370.10821533 -53.41049957 -0.009025 0.019053 0.999778
570.57891846 370.65841675 -54.20115280 -0.404586 0.912671 -0.057798
570.33258057 370.57897949 -54.35654831 -0.338135 0.940953 0.016464
569.33178711 370.04824829 -55.13031387 -0.537097 0.842423 -0.043023
569.07769775 369.86181641 -55.36216354 -0.570445 0.815954 -0.093871
573.68457031 369.54324341 -53.41416550 -0.000981 -0.004907 0.999987
573.45434570 369.68545532 -53.41121674 -0.000978 -0.000978 0.999999
572.53295898 370.24850464 -53.40350723 0.001034 -0.061026 0.998136
572.30212402 370.38269043 -53.40628052 -0.029309 0.007075 0.999545
572.33056641 369.95681763 -53.40925217 -0.000989 -0.010880 0.999940
572.56109619 369.81927490 -53.40887451 0.000989 -0.012857 0.999917
572.07171631 370.52194214 -53.40543747 0.035654 0.007131 0.999339
572.09991455 370.09359741 -53.41016388 -0.004955 -0.010901 0.999928
571.86956787 370.23492432 -53.40785217 0.011053 -0.019091 0.999757
568.88793945 369.74505615 -55.24288559 -0.557715 0.827348 -0.066699
568.62957764 369.49945068 -55.51700974 -0.661959 0.706195 -0.251197
568.69641113 369.60342407 -55.14141464 -0.656737 0.751583 -0.061794
568.95184326 369.80828857 -54.89640808 -0.549999 0.834049 0.043164
572.35900879 369.53231812 -53.41119385 0.000978 0.000978 0.999999
572.12841797 369.66937256 -53.41190720 -0.008919 0.004955 0.999948
571.89794922 369.80902100 -53.41080093 0.000983 0.006883 0.999976
571.63928223 370.37591553 -53.40575409 0.006992 0.016980 0.999831
571.66772461 369.95095825 -53.40802765 0.012883 -0.000991 0.999917
571.43768311 370.09594727 -53.40307999 0.004965 -0.010923 0.999928
568.75988770 369.66049194 -54.79930115 -0.610295 0.792144 0.006888
569.01446533 369.85418701 -54.56226349 -0.557192 0.829536 -0.037517
568.50274658 369.43246460 -55.06085205 -0.693395 0.719024 -0.046986
571.69580078 369.52111816 -53.41383743 0.000978 -0.000978 0.999999
571.46569824 369.66516113 -53.40955734 0.021269 -0.017217 0.999626
571.23535156 369.80578613 -53.40772629 0.031266 -0.003026 0.999507
569.26727295 370.02243042 -54.34341431 -0.526274 0.849497 -0.037295
569.07690430 369.89678955 -54.23051834 -0.416340 0.908499 0.035914
569.32885742 370.05413818 -54.01945877 -0.505158 0.858056 0.092494
568.82312012 369.71527100 -54.45885849 -0.536207 0.832957 0.136623
568.56640625 369.49270630 -54.71651459 -0.660161 0.751123 -0.001378
568.30786133 369.24432373 -54.99262238 -0.744904 0.664837 -0.055761
567.50402832 368.11285400 -56.09695435 -0.504301 -0.305110 0.807830
571.26367188 369.37847900 -53.41168213 0.002950 0.002950 0.999991
571.00439453 369.93844604 -53.41159439 0.013166 -0.025319 0.999593
571.03314209 369.51748657 -53.41101837 0.004936 -0.004936 0.999976
570.77484131 370.08990479 -53.40203857 -0.029783 0.023621 0.999277
570.80255127 369.65426636 -53.41193008 0.006924 -0.006924 0.999952
570.57250977 369.79962158 -53.40673065 0.025831 -0.032031 0.999153
569.13836670 369.92684937 -53.90770721 -0.415082 0.856397 0.307068
568.88696289 369.77737427 -54.11315155 -0.583914 0.810128 0.052312
568.63012695 369.55355835 -54.37169266 -0.772981 0.626305 -0.101206
568.37127686 369.30108643 -54.65071869 -0.759481 0.649575 -0.035226
568.04492188 368.93606567 -55.31149673 -0.750730 0.654145 -0.092195
567.77447510 368.52432251 -55.70433044 -0.708468 0.699667 -0.092409
567.84588623 368.69161987 -55.28344345 -0.599599 0.793113 0.107019
567.57434082 368.26458740 -55.68720627 -0.538319 0.335847 0.772929
567.29956055 367.79339600 -56.12248993 -0.874085 0.473285 0.109438
571.06207275 369.09832764 -53.40919113 0.000987 0.008884 0.999960
570.83135986 369.23461914 -53.41045761 0.004945 0.006924 0.999964
570.60083008 369.37304688 -53.41019821 0.002944 0.002944 0.999991
568.94604492 369.77441406 -53.81395721 -0.597226 0.763384 0.246101
568.69421387 369.61901855 -54.02361679 -0.648923 0.735241 0.195756
567.64758301 368.45678711 -55.24856186 -0.779575 0.625619 -0.029392
575.93371582 370.00372314 -56.21168900 0.649600 0.750681 0.120406
575.70483398 370.18136597 -56.15240860 0.477701 0.871270 -0.112652
575.78936768 370.15805054 -55.87204742 -0.116578 0.973991 0.194297
576.01086426 369.91036987 -55.98297119 0.704880 0.667034 -0.241268
575.55004883 370.23791504 -55.88483429 0.482667 0.875754 -0.009359
575.86535645 370.05407715 -55.65114212 0.514646 0.846013 0.139292
575.63598633 370.22781372 -55.59474945 0.522877 0.845534 -0.108033
574.21325684 370.82949829 -55.58124161 0.169407 0.962600 -0.211431
573.97119141 370.88339233 -55.61320877 0.137068 0.951489 -0.275466
574.06048584 370.90475464 -55.29985809 0.230049 0.960948 0.153804
574.30279541 370.85357666 -55.26592636 0.217829 0.973463 -0.070148
573.72680664 370.91543579 -55.66127014 -0.112277 0.983930 -0.138837
573.81781006 370.95260620 -55.33626175 0.228427 0.972930 -0.035050
573.48150635 370.93832397 -55.71606064 0.224075 0.944413 -0.240571
573.57476807 370.99752808 -55.37483215 0.251289 0.952748 -0.170661
573.32836914 371.01040649 -55.43702316 0.054528 0.997549 -0.043837
572.98736572 370.95147705 -55.84975052 0.019503 0.985484 -0.168645
572.73803711 370.93725586 -55.93191528 0.038243 0.986200 -0.161083
572.82928467 370.97692871 -55.60508347 -0.092294 0.992440 -0.080899
573.08178711 371.02157593 -55.50047684 0.122955 0.991534 0.041737
572.57849121 370.94851685 -55.69771576 -0.078632 0.969794 -0.230903
574.14459229 370.87738037 -55.02249527 0.218799 0.972852 0.075405
573.90118408 370.91870117 -55.06371689 0.156721 0.987229 0.028599
573.66003418 370.98074341 -55.08967209 0.296578 0.946096 -0.130172
573.41473389 371.00436401 -55.14394379 -0.033483 0.999426 0.005073
573.16912842 371.02453613 -55.20075226 0.077784 0.995857 0.047109
572.92254639 371.03579712 -55.26413345 0.034301 0.998892 -0.032222
572.67449951 371.03295898 -55.33790588 -0.059747 0.993159 0.100330
573.00805664 371.02145386 -54.97712708 0.111848 0.993340 0.027685
572.76287842 371.04617310 -55.03056717 -0.031686 0.995375 0.090687
572.17694092 371.01437378 -55.49497986 0.050203 0.994012 -0.097058
571.92327881 370.95883179 -55.60760117 -0.135313 0.947191 -0.290722
572.01727295 371.02471924 -55.26144791 -0.091688 0.995619 0.018338
572.26733398 371.04592896 -55.17412567 0.153466 0.987866 0.023872
571.76538086 370.98608398 -55.36162186 -0.017806 0.998181 0.057607
572.10186768 371.00180054 -54.98078156 -0.089745 0.989527 -0.113056
571.85296631 370.99108887 -55.06036758 -0.106370 0.993160 0.048146
571.51177979 370.93075562 -55.47407913 -0.121106 0.948888 -0.291454
571.60076904 370.94946289 -55.16275787 -0.155400 0.969644 -0.188792
571.25091553 370.80767822 -55.63650131 -0.467115 0.654631 -0.594358
571.34863281 370.90841675 -55.26469421 -0.041819 0.991217 0.125456
571.09271240 370.83178711 -55.39287186 -0.389799 0.885636 -0.252399
575.96673584 370.06484985 -54.52463150 0.559160 0.828334 0.034687
575.73468018 370.21298218 -54.48709106 0.526497 0.848786 0.048621
575.81475830 370.14743042 -54.23783493 0.483656 0.869446 0.100703
576.04742432 370.00552368 -54.27077103 0.543688 0.839260 -0.006779
575.58197021 370.28863525 -54.20541763 0.494825 0.862735 0.104099
571.43444824 370.89749146 -54.97516251 -0.219533 0.975570 -0.008218
571.18005371 370.83499146 -55.09292603 -0.306908 0.951034 0.036627
570.83459473 370.73416138 -55.53652954 -0.252440 0.967485 0.015702
570.92614746 370.77740479 -55.20706558 -0.332851 0.942440 -0.031882
570.57360840 370.60971069 -55.69995880 -0.268333 0.946657 -0.178435
570.66992188 370.69760132 -55.33758545 -0.403615 0.911871 -0.074744
570.40991211 370.58206177 -55.49444962 -0.372960 0.919229 -0.126169
575.89392090 370.07369995 -53.99464417 0.498449 0.861991 0.092305
576.12542725 369.92013550 -54.03617096 0.528508 0.844758 0.084048
575.65911865 370.19564819 -53.97642899 0.523339 0.831009 -0.188523
570.76013184 370.72741699 -55.01805115 -0.268448 0.960561 0.072519
570.50262451 370.63595581 -55.15716171 -0.353302 0.932877 0.070131
575.96990967 369.96994019 -53.77355194 0.399507 0.761509 0.510390
575.73706055 370.11044312 -53.74166107 0.471258 0.753684 0.458122
575.50244141 370.23403931 -53.72222137 0.469022 0.769720 0.433070
569.71380615 370.20755005 -55.68806076 -0.434326 0.854839 -0.283923
569.44152832 369.97665405 -55.92998123 -0.505660 0.852481 -0.132608
569.54986572 370.17764282 -55.48420715 -0.472133 0.881404 0.014712
569.81475830 370.33898926 -55.29356766 -0.463595 0.885044 -0.042145
569.27600098 369.93188477 -55.73708344 -0.537412 0.811508 -0.229440
568.92230225 369.75384521 -56.23759460 -0.502724 0.576704 0.643958
568.73986816 369.54962158 -56.16226959 -0.503954 0.681427 0.530743
569.00225830 369.68734741 -55.98904037 -0.462870 0.864718 0.194971
568.48309326 369.46484375 -56.29645538 -0.530422 0.500303 0.684361
575.80377197 369.91909790 -53.58517075 0.318041 0.394862 0.861936
576.03765869 369.78863525 -53.60968018 -0.107332 -0.009757 0.994175
575.56927490 370.04400635 -53.56477356 0.311605 0.341711 0.886643
575.26672363 370.34802246 -53.70986938 0.359992 0.823064 0.439285
575.33343506 370.15643311 -53.55356216 0.249194 0.472398 0.845424
575.02941895 370.44635010 -53.70904922 0.362917 0.807370 0.465237
575.09722900 370.26553345 -53.54481888 0.387258 0.614669 0.687177
574.86090088 370.37316895 -53.53714371 0.239836 0.619184 0.747723
569.64263916 370.23175049 -55.14675903 -0.490829 0.871255 -0.001330
569.37829590 370.07586670 -55.33337784 -0.530230 0.845273 -0.066103
568.82818604 369.56195068 -55.85563660 -0.603277 0.792256 -0.091582
568.55749512 369.34582520 -56.08664322 -0.444275 0.816893 0.367840
576.27172852 369.65921021 -53.63341522 0.147426 0.859742 0.488988
576.09710693 369.52899170 -53.50350952 0.572259 0.163717 0.803565
576.33068848 369.39514160 -53.53050995 0.278332 0.349776 0.894532
575.86193848 369.64761353 -53.48775101 0.219341 0.364600 0.904962
575.62719727 369.77050781 -53.46883392 0.159602 0.293286 0.942608
575.39172363 369.88598633 -53.45538330 0.206542 0.299275 0.931545
575.15460205 369.98626709 -53.45311737 0.174764 0.233463 0.956532
574.91796875 370.09136963 -53.44731903 0.064453 0.205521 0.976528
570.42810059 370.62866211 -54.63908386 -0.272061 0.956769 -0.102836
570.16662598 370.49966431 -54.80588913 -0.398462 0.916595 -0.032876
570.25903320 370.55041504 -54.47089005 -0.402671 0.909123 -0.106549
570.51849365 370.66061401 -54.31795883 -0.326686 0.944187 0.042277
569.99932861 370.43823242 -54.62526321 -0.437189 0.899323 0.009190
577.02172852 368.90283203 -53.67842102 0.446170 0.593222 0.670090
576.80358887 369.18191528 -53.54434586 0.244199 0.968119 0.055782
576.85461426 368.84317017 -53.49653625 0.419923 0.403956 0.812702
577.08489990 368.67849731 -53.54627228 0.413863 0.338899 0.844905
576.15118408 369.21875000 -53.43469238 0.062886 0.115482 0.991317
575.91528320 369.33032227 -53.42412949 0.034303 0.030145 0.998957
575.67846680 369.43377686 -53.41954041 0.042099 0.009241 0.999071
575.44146729 369.53521729 -53.41642761 -0.017115 0.015102 0.999739
575.20318604 369.62460327 -53.42221451 0.003032 0.033348 0.999439
574.96563721 369.72076416 -53.42300034 0.019512 0.033890 0.999235
570.34893799 370.57754517 -54.15332031 -0.357931 0.933678 0.011464
570.08935547 370.46633911 -54.30699158 -0.420452 0.907291 0.006509
569.73590088 370.29061890 -54.80578232 -0.505480 0.862450 -0.025887
569.82794189 370.33804321 -54.47327805 -0.457199 0.889364 0.001318
569.56536865 370.19866943 -54.64769745 -0.495129 0.868810 -0.004004
575.95959473 368.92825317 -53.42295456 -0.001016 -0.041673 0.999131
575.72241211 369.02841187 -53.42079926 0.002961 -0.006910 0.999972
575.48510742 369.12692261 -53.41985703 -0.000981 -0.002944 0.999995
575.24761963 369.22332764 -53.42047882 -0.006910 -0.004936 0.999964
575.01000977 369.31918335 -53.42148209 -0.006910 -0.004936 0.999964
574.01770020 370.12753296 -53.40985107 -0.009079 0.023202 0.999690
573.78009033 370.22299194 -53.41116333 0.037689 0.007130 0.999264
573.82440186 369.82095337 -53.40996933 -0.000993 -0.016879 0.999857
574.06115723 369.71728516 -53.41472244 -0.000987 -0.010858 0.999941
573.54211426 370.31549072 -53.41463852 -0.006978 0.012960 0.999892
573.58709717 369.91921997 -53.40920258 -0.011430 0.052992 0.998530
573.34942627 370.01486206 -53.41038513 -0.010880 -0.000989 0.999940
569.92034912 370.38876343 -54.13829041 -0.416342 0.909207 0.001297
569.65802002 370.25189209 -54.31087112 -0.479472 0.877475 -0.012020
568.76397705 369.65161133 -55.26608658 -0.609135 0.792016 -0.040797
568.48431396 369.35131836 -55.55914688 -0.683946 0.693337 -0.226939
568.58642578 369.49343872 -55.15678787 -0.680088 0.729391 -0.073954
568.86157227 369.75146484 -54.89487076 -0.593369 0.802121 0.067201
568.30877686 369.21258545 -55.43553925 -0.736769 0.673576 -0.058884
573.86767578 369.40921021 -53.41598129 0.006937 -0.006937 0.999952
573.63055420 369.50912476 -53.41400528 0.000983 -0.004916 0.999987
573.39343262 369.60931396 -53.41181564 -0.002985 -0.014924 0.999884
572.63916016 370.32583618 -53.39616394 0.020378 -0.082584 0.996376
572.40075684 370.41412354 -53.40275955 -0.045810 0.106145 0.993295
572.44427490 370.00427246 -53.40736389 0.013037 -0.015042 0.999802
572.68145752 369.90472412 -53.40908813 0.012883 -0.002973 0.999913
572.20684814 370.10180664 -53.40714264 -0.002979 -0.014894 0.999885
568.68554688 369.60745239 -54.77518463 -0.624758 0.779890 0.038078
568.40856934 369.33273315 -55.04940414 -0.701565 0.710173 -0.058822
568.12762451 369.02053833 -55.35124969 -0.745272 0.660349 -0.092244
572.48779297 369.59472656 -53.41172791 0.000979 0.002938 0.999995
572.25054932 369.69427490 -53.41000748 -0.002950 -0.002950 0.999991
571.96917725 370.19726563 -53.40845108 -0.063092 -0.076374 0.995081
572.01306152 369.79119873 -53.41025162 -0.010880 -0.002967 0.999936
571.73242188 370.30096436 -53.40369797 0.017081 -0.013062 0.999769
571.77581787 369.89001465 -53.40907288 -0.031966 -0.023717 0.999207
571.53881836 369.99133301 -53.40605164 -0.017598 -0.042442 0.998944
568.50738525 369.44369507 -54.67001343 -0.451610 0.884816 0.114672
568.78216553 369.69796753 -54.41087723 0.495950 0.423930 0.757837
568.22827148 369.14849854 -54.95932007 -0.766006 0.641865 0.035267
571.81933594 369.48043823 -53.41347885 -0.000983 -0.004916 0.999987
571.58190918 369.57772827 -53.41345215 0.010923 -0.004965 0.999928
568.60595703 369.55279541 -54.29203796 -0.743828 0.649902 -0.156037
568.32623291 369.25164795 -54.58574677 -0.734161 0.677139 -0.049894
568.04608154 368.94696045 -54.88205338 -0.780176 0.625522 -0.006904
570.87030029 369.87634277 -53.40834045 0.005053 -0.031329 0.999496
570.63348389 369.97985840 -53.40369797 -0.051602 -0.134166 0.989614
570.67675781 369.56784058 -53.40988159 0.019053 -0.007020 0.999794
570.91400146 369.46896362 -53.41109848 -0.004907 0.000981 0.999987
570.43951416 369.66729736 -53.40825272 0.023717 -0.031966 0.999207
568.42620850 369.37408447 -54.19789505 -0.720809 0.692816 -0.020994
568.14471436 369.05661011 -54.50362015 -0.750243 0.625979 -0.212802
570.72094727 369.16488647 -53.40941620 -0.002973 0.012883 0.999913
570.48352051 369.26184082 -53.40962601 -0.000985 0.006896 0.999976
575.73480225 360.45068359 -53.48504257 0.137892 -0.185964 0.972833
575.50170898 360.58901978 -53.45473862 -0.000997 -0.018940 0.999820
575.54534912 360.18099976 -53.45798492 0.148651 -0.620132 0.770285
575.30493164 360.25006104 -53.47874451 0.081808 -0.191700 0.978038
575.07128906 360.38296509 -53.45244980 0.009025 -0.017048 0.999814
575.11505127 359.97592163 -53.45499802 -0.086123 -0.007443 0.996257
574.87487793 360.04714966 -53.47417068 0.121204 -0.218167 0.968356
574.44348145 359.83209229 -53.47850037 0.298750 0.225124 0.927398
574.20971680 359.96386719 -53.45301437 0.045054 -0.030385 0.998522
574.26141357 359.63156128 -53.40047455 0.105489 -0.541897 0.833798
573.99719238 359.47628784 -53.58662415 0.179683 -0.548109 0.816879
573.77758789 359.74200439 -53.46240234 -0.117488 -0.060455 0.991232
573.54193115 359.85586548 -53.45014572 -0.001010 -0.035367 0.999374
573.58715820 359.46246338 -53.44260025 0.009385 -0.867461 0.497416
573.34094238 359.47680664 -53.50370789 0.106248 -0.396015 0.912076
572.87469482 359.75277710 -53.44362259 0.014953 0.006978 0.999864
572.63763428 359.85360718 -53.44096375 0.008884 -0.000987 0.999960
572.67883301 359.42221069 -53.46146393 0.108873 -0.553077 0.825986
572.43957520 359.50286865 -53.47369003 0.150237 -0.326662 0.933124
571.96813965 359.72964478 -53.44985962 0.001016 -0.039643 0.999213
571.73175049 359.83670044 -53.44261551 0.001005 -0.027126 0.999632
571.77526855 359.42706299 -53.44703293 -0.024563 -0.190656 0.981350
571.53399658 359.48858643 -53.47336960 0.113364 -0.356482 0.927399
573.65753174 370.93237305 -55.63646317 0.280007 0.932886 -0.226538
573.40856934 370.95550537 -55.63127899 0.053922 0.990094 -0.129641
573.53881836 371.00283813 -55.32921600 0.029605 0.999411 0.017354
573.78625488 370.95907593 -55.34877777 0.111065 0.992850 -0.043753
573.16040039 370.98941040 -55.61859512 0.095623 0.993350 -0.064123
573.28948975 371.02172852 -55.32699585 0.021955 0.998446 -0.051229
572.91033936 370.99801636 -55.62352753 -0.122319 0.989038 -0.082711
573.04003906 371.03765869 -55.32680893 0.003582 0.968355 -0.249551
572.65802002 370.97531128 -55.65025330 0.042233 0.878721 -0.475463
572.78948975 371.04016113 -55.33598709 -0.072481 0.990578 0.116200
572.40716553 370.97299194 -55.66278839 0.159474 0.941851 -0.295777
572.53729248 371.01943970 -55.36135483 -0.129625 0.989969 -0.056209
572.15484619 370.95080566 -55.68916702 -0.102881 0.939287 -0.327347
572.28686523 371.02285767 -55.36988831 0.194089 0.977770 -0.079345
572.03576660 371.01721191 -55.38474274 0.081065 0.992193 -0.094766
573.66339111 370.97390747 -55.08022308 0.295026 0.939967 -0.171527
573.41448975 370.99841309 -55.07408142 0.088658 0.987064 0.133579
573.16461182 371.00918579 -55.07749939 0.118421 0.992741 0.021028
572.91674805 371.04681396 -55.06222153 0.197714 0.970711 -0.136486
572.66534424 371.03717041 -55.07986069 -0.130172 0.991311 0.018914
572.41345215 371.02093506 -55.10207748 -0.337994 0.941107 -0.008795
572.16387939 371.03607178 -55.10246277 -0.134748 0.987765 0.078506
571.27160645 370.85351563 -55.53150177 -0.151644 0.965594 -0.211264
571.01397705 370.75955200 -55.60785675 -0.269725 0.947427 -0.172136
571.14739990 370.85018921 -55.27558136 -0.292169 0.956075 0.023622
571.40338135 370.92126465 -55.21517563 -0.318084 0.932028 0.173627
570.75616455 370.66275024 -55.68617630 -0.283453 0.914319 -0.289268
570.89086914 370.77114868 -55.34154510 -0.181872 0.968695 -0.168973
570.63348389 370.68020630 -55.41580963 -0.859487 0.495469 0.125673
571.27490234 370.86080933 -54.99909210 -0.294229 0.954015 0.057317
571.01953125 370.79681396 -55.05457306 -0.237189 0.971404 0.010727
570.76409912 370.73263550 -55.11019516 -0.122061 0.987153 -0.103100
569.32238770 369.90051270 -56.01335907 -0.494332 0.859645 -0.129019
569.06219482 369.77230835 -56.11354446 -0.654537 0.741808 0.145954
569.19500732 369.85470581 -55.78707504 -0.531359 0.786666 -0.314347
569.46453857 370.10928345 -55.59888077 -0.530026 0.814355 -0.236426
568.80267334 369.65283203 -56.20767212 -0.511817 0.730458 0.452188
568.92993164 369.65951538 -55.93391037 -0.477140 0.874052 0.091487
568.54345703 369.53710938 -56.29918671 -0.341605 0.332496 0.879064
568.66510010 369.46856689 -56.07780838 -0.620166 0.745769 0.243356
568.40026855 369.27752686 -56.22175217 -0.475559 0.603271 0.640240
569.33551025 370.04049683 -55.38855362 -0.569902 0.813099 -0.118668
569.06945801 369.83267212 -55.54419708 -0.593734 0.797967 -0.103575
568.79956055 369.57363892 -55.73548889 -0.601926 0.769041 -0.215084
568.52856445 369.29916382 -55.93756104 -0.453473 0.889135 0.061650
574.65032959 370.72439575 -54.68297958 0.312846 0.948752 0.044692
574.40472412 370.79229736 -54.64660263 0.238028 0.970423 0.040282
574.52886963 370.75753784 -54.40170670 0.313529 0.948266 0.049909
574.77331543 370.67364502 -54.44920731 0.340398 0.935759 0.092108
574.16009521 370.87426758 -54.60044479 0.337485 0.940595 0.037213
574.28350830 370.82940674 -54.36259460 0.375571 0.926750 0.008973
574.03674316 370.88293457 -54.33622742 0.410558 0.911622 0.019675
569.20574951 369.96206665 -55.18498611 -0.554839 0.830152 -0.054782
568.94097900 369.77230835 -55.32806015 -0.530007 0.846053 -0.057336
574.65112305 370.69738770 -54.17446899 0.349277 0.935330 0.056251
574.40582275 370.77038574 -54.13455963 0.294206 0.955230 0.031298
574.15911865 370.82415771 -54.10803604 0.213449 0.966344 0.143593
567.85205078 368.60708618 -56.18314743 -0.778742 0.386943 0.493797
567.71081543 368.37344360 -56.08763885 -0.966705 0.127097 0.222098
567.98992920 368.75805664 -55.80889130 -0.719757 0.690909 -0.067793
567.44305420 368.14288330 -56.25910568 0.801020 -0.167445 0.574743
568.54248047 369.44931030 -55.30568695 -0.686003 0.718599 -0.114087
568.26971436 369.15087891 -55.52441406 -0.694479 0.688264 -0.209742
568.41088867 369.34671021 -55.11893463 -0.721603 0.690042 -0.055949
568.68127441 369.61300659 -54.92257309 -0.633552 0.772452 0.043938
568.13690186 369.03137207 -55.34944916 -0.647068 0.704871 0.290619
567.85705566 368.63717651 -55.63488007 -0.758856 0.640053 -0.120288
567.57379150 368.19741821 -55.95203018 -0.773949 0.239221 -0.586325
567.29913330 367.87313843 -56.18875885 -0.345318 0.414069 0.842201
568.54858398 369.49487305 -54.74666595 -0.675513 0.737050 -0.020979
568.81579590 369.71807861 -54.58031845 -0.737682 0.667006 -0.104542
568.27630615 369.20312500 -54.96074677 -0.758319 0.650191 0.046950
568.00238037 368.88922119 -55.19025040 -0.758005 0.651912 -0.020939
567.72460938 368.52255249 -55.45652008 -0.753027 0.655862 -0.052869
567.43518066 367.99908447 -55.83196640 -0.885687 0.437787 -0.154598
567.15063477 367.54147339 -56.16154480 -0.984572 0.019576 0.173883
574.39947510 370.64712524 -53.69311142 0.200468 0.839554 0.504938
574.15283203 370.70141602 -53.66622162 0.337855 0.792599 0.507583
574.26660156 370.52673340 -53.51873016 0.064571 0.627059 0.776291
574.51501465 370.49645996 -53.52887344 0.067659 0.637726 0.767286
574.01928711 370.57275391 -53.49760056 0.799668 0.472750 0.370187
569.08062744 369.90951538 -54.43607712 -0.460345 0.886741 -0.042096
568.95153809 369.84069824 -54.22578049 -0.619961 0.784355 -0.020898
569.21368408 369.99523926 -54.10725021 -0.547575 0.835919 0.037429
568.68566895 369.63516235 -54.37984085 -0.735007 0.674358 -0.070757
568.41430664 369.35562134 -54.58541107 -0.761989 0.646919 0.029469
568.14141846 369.05548096 -54.80533981 -0.640066 0.766074 0.058708
567.58856201 368.35946655 -55.31187057 -0.796108 0.601726 -0.064318
567.29541016 367.78549194 -55.72248077 -0.991935 0.078761 -0.099308
574.37432861 370.27011108 -53.42832184 -0.057959 0.064520 0.996232
574.12524414 370.29187012 -53.42407990 0.026013 0.141374 0.989614
573.87640381 370.31634521 -53.41797638 -0.011163 0.027399 0.999562
569.08312988 369.90658569 -53.91080475 -0.471104 0.834928 0.284528
568.82000732 369.73797607 -54.03913498 -0.749990 0.644357 0.149394
568.55218506 369.50610352 -54.21152496 -0.701451 0.712607 0.012551
568.27972412 369.21209717 -54.42718887 -0.753067 0.656264 -0.046978
568.00506592 368.88809204 -54.66372681 -0.758206 0.650899 0.038122
567.45312500 368.20458984 -55.16153336 -0.703271 0.687949 0.179265
567.73101807 368.57263184 -54.89432526 -0.788256 0.614644 -0.029402
567.15106201 367.51049805 -55.65578842 -0.751479 0.432470 -0.498245
566.59082031 366.71447754 -56.23194504 -0.257591 -0.608420 0.750648
574.22460938 369.92276001 -53.41198349 -0.053040 0.057370 0.996943
574.47393799 369.90399170 -53.41413498 0.006978 0.012960 0.999892
573.97528076 369.94076538 -53.41036987 0.006951 0.010923 0.999916
573.72589111 369.95779419 -53.40943527 0.006896 0.002956 0.999972
572.13110352 370.44445801 -53.40519714 0.008955 -0.008955 0.999920
571.88140869 370.45764160 -53.40694427 -0.028800 0.067199 0.997324
571.97924805 370.06768799 -53.40934753 -0.033550 0.009150 0.999395
572.22894287 370.05450439 -53.40761948 -0.023717 -0.031966 0.999207
571.73004150 370.08712769 -53.40674210 -0.039965 -0.011272 0.999137
568.41821289 369.37155151 -54.04701233 -0.695245 0.717901 0.035399
568.14532471 369.07147217 -54.26689148 -0.779285 0.626484 -0.015280
567.87072754 368.74774170 -54.50325394 -0.726310 0.687126 -0.018193
567.59442139 368.40127563 -54.75542068 -0.782031 0.622547 -0.029379
567.31359863 367.99420166 -55.04981995 -0.884082 0.459499 0.085196
567.00701904 367.23901367 -55.58661652 -0.772353 0.458840 -0.439245
566.04913330 367.84500122 -55.20832062 0.255870 -0.817233 -0.516392
575.71478271 369.73413086 -53.47780609 0.240419 0.318159 0.917046
575.46807861 369.78802490 -53.45121002 0.257966 0.213822 0.942196
575.56964111 369.44848633 -53.41854477 0.001011 -0.033348 0.999443
575.81787109 369.41516113 -53.43082809 0.023528 0.023528 0.999446
575.22009277 369.82437134 -53.43682098 0.097695 0.155588 0.982979
575.32006836 369.46347046 -53.41903687 -0.008972 0.010966 0.999900
574.97137451 369.85076904 -53.42935562 0.009204 0.039885 0.999162
575.07037354 369.47625732 -53.42104340 -0.000981 0.002944 0.999995
574.72265625 369.87786865 -53.42140579 0.000999 -0.022971 0.999736
574.82092285 369.49310303 -53.42023087 0.004955 -0.008919 0.999948
574.57159424 369.51119995 -53.41856384 0.000993 -0.014894 0.999889
574.32208252 369.52752686 -53.41809845 0.002967 -0.010880 0.999936
574.07275391 369.54537964 -53.41659164 0.006951 -0.008937 0.999936
573.82354736 369.56546021 -53.41353226 0.004936 -0.006910 0.999964
572.07708740 369.67724609 -53.41213989 -0.000985 -0.006896 0.999976
571.82769775 369.69451904 -53.41102982 -0.007006 0.019015 0.999795
567.73382568 368.57312012 -54.36665344 -0.766875 0.641614 0.015310
567.45587158 368.20477295 -54.63408661 -0.832587 0.553691 0.015039
567.16961670 367.72427368 -54.97961044 -0.918872 0.394537 -0.003855
566.39764404 367.45489502 -55.19995117 -0.136607 -0.304322 0.942723
566.65991211 367.61105347 -55.08028793 -0.157201 -0.949923 0.270063
566.16888428 367.75057983 -55.00497437 0.575748 -0.548734 -0.606140
565.90820313 367.61514282 -55.11020660 0.760994 -0.178429 -0.623740
575.66760254 369.05990601 -53.41999054 0.002944 -0.000981 0.999995
575.41802979 369.07489014 -53.42048264 -0.004936 -0.004936 0.999976
575.16833496 369.08853149 -53.42189789 -0.008884 -0.002961 0.999956
574.91864014 369.10180664 -53.42359161 -0.004916 -0.002950 0.999984
574.66912842 369.11752319 -53.42356110 0.004916 -0.002950 0.999984
567.59613037 368.38739014 -54.23777390 -0.809029 0.585165 0.055258
567.31451416 367.96951294 -54.53969193 -0.863893 0.503147 0.023055
567.02337646 367.42297363 -54.93120575 -0.774730 0.631314 0.035151
566.55194092 367.82714844 -54.67158508 0.396006 -0.831455 -0.389695
566.79321289 367.70025635 -54.74902344 -0.573325 -0.798397 0.184012
566.28814697 367.65014648 -54.80576706 0.635272 -0.534168 -0.557759
566.02459717 367.47619629 -54.93782425 0.809219 -0.085105 -0.581311
567.45642090 368.17462158 -54.12775421 -0.822110 0.568080 0.037686
567.17150879 367.71267700 -54.46036148 -0.885501 0.464590 0.006618
566.87231445 367.05673218 -54.92805099 -0.765106 0.305084 -0.567041
566.67572021 367.78726196 -54.43027496 0.587130 -0.634235 -0.503014
566.41143799 367.60369873 -54.56901550 0.689557 -0.475845 -0.545969
566.14306641 367.36441040 -54.74657440 0.865709 0.499184 0.036926
567.31500244 367.93890381 -54.03368759 -0.885236 0.462396 0.050468
567.59295654 368.30718994 -53.76630783 -0.727522 0.611377 0.311334
567.02435303 367.39868164 -54.42079926 -0.917628 0.397337 0.009060
566.72174072 366.69735718 -54.92010117 -0.933947 -0.294563 -0.202425
566.53076172 367.50399780 -54.36930084 0.485911 -0.449674 -0.749456
567.44976807 368.04766846 -53.68883896 -0.786622 0.452510 0.420072
567.71545410 368.25039673 -53.53674698 -0.578167 0.467561 0.668663
567.17034912 367.65945435 -53.97009659 -0.865796 0.492925 0.086156
566.87261963 367.02380371 -54.42366791 -0.957110 0.289700 -0.003667
566.64880371 367.38638306 -54.18210983 -0.552567 -0.806657 -0.209700
567.56793213 367.93264771 -53.49979401 -0.499287 0.230557 0.835198
567.82501221 368.01898193 -53.42876816 -0.346100 0.208235 0.914797
567.30200195 367.72592163 -53.65467453 -0.706140 0.390105 0.590919
567.02441406 367.36230469 -53.91881943 -0.916771 0.367554 0.156316
567.67492676 367.66564941 -53.41662979 -0.192678 0.103176 0.975823
567.41802979 367.58187866 -53.48588181 -0.483424 0.261018 0.835566
567.15411377 367.40270996 -53.62157822 -0.724990 0.272469 0.632574
566.86877441 366.93469238 -53.95839691 -0.945105 0.319380 0.069090
567.52362061 367.29608154 -53.41576385 -0.159292 0.062537 0.985249
567.26739502 367.22116089 -53.47885513 -0.405092 0.158888 0.900364
567.00305176 367.03692627 -53.61806488 -0.532173 -0.165466 0.830309
567.37182617 366.92034912 -53.41922379 -0.273596 0.140135 0.951581
567.11468506 366.83273315 -53.49115753 -0.404124 0.181059 0.896605
574.02691650 359.99346924 -53.44939423 0.005004 -0.021016 0.999767
573.77752686 360.01083374 -53.44821548 -0.000991 -0.012883 0.999917
573.87573242 359.62570190 -53.44725418 0.114585 -0.330275 0.936904
573.62286377 359.59655762 -53.47848892 -0.100421 -0.036416 0.994278
573.97412109 370.86141968 -55.63700485 0.092210 0.863932 -0.495094
573.72894287 370.92218018 -55.62342072 -0.053277 0.967662 0.246562
573.84753418 370.94653320 -55.32860184 0.245446 0.968216 0.048102
574.09381104 370.89739990 -55.33404541 0.272823 0.935992 0.222456
573.48144531 370.95858765 -55.62691879 0.079578 0.994163 -0.072853
573.60125732 370.99597168 -55.32296371 0.256324 0.962807 -0.085441
573.35260010 371.01968384 -55.33535385 0.160497 0.986889 -0.017074
573.96118164 370.91769409 -55.07111740 0.151577 0.988098 0.026213
573.71356201 370.95251465 -55.07571793 0.376714 0.904979 -0.197739
573.46728516 371.00210571 -55.06997681 0.056765 0.988167 0.142491
572.09686279 371.00396729 -55.49143982 -0.539535 0.751437 0.379794
571.83972168 370.93698120 -55.56741333 -0.294050 0.908482 -0.296976
571.96325684 371.01425171 -55.23555374 -0.204683 0.977931 0.041894
572.21679688 371.04260254 -55.18665695 0.127151 0.991779 -0.014374
571.70849609 370.97256470 -55.29377747 -0.040926 0.963611 0.264156
572.07818604 370.99893188 -54.96854401 -0.145182 0.989261 0.016882
571.82525635 370.97720337 -55.01279449 -0.105707 0.992284 0.064788
570.01208496 370.36370850 -55.64598465 -0.425457 0.879080 -0.214952
569.74426270 370.18176270 -55.80255508 -0.454955 0.850169 -0.265008
569.87567139 370.34390259 -55.41118240 -0.454898 0.869788 -0.191146
570.13934326 370.48150635 -55.28568649 -0.443710 0.894246 -0.058706
569.61071777 370.19265747 -55.54623032 -0.569961 0.794258 -0.210471
569.99908447 370.41976929 -55.08025742 -0.428376 0.903171 -0.027851
569.73577881 370.28662109 -55.20260620 -0.507999 0.860432 0.039924
575.51086426 370.34259033 -54.49605942 0.458025 0.887339 0.053322
575.27050781 370.45538330 -54.44598770 0.417103 0.906214 0.069291
575.38085938 370.39108276 -54.21335983 0.376154 0.920552 0.105323
575.62005615 370.26608276 -54.27197647 0.523539 0.851606 0.025972
575.13958740 370.49389648 -54.17030716 0.413877 0.902113 0.122059
575.48742676 370.28628540 -54.00909424 -0.167122 0.885022 -0.434518
575.24755859 370.40441895 -53.95528030 0.404186 0.903392 0.143238
567.64093018 368.28979492 -56.03048325 -0.835164 0.549986 -0.004074
567.36743164 368.04708862 -56.22965622 -0.275998 0.674839 0.684411
567.48956299 368.10952759 -55.90813065 -0.703346 0.662066 0.258793
567.78393555 368.57604980 -55.55206299 -0.754702 0.644981 -0.120100
567.20465088 367.74414063 -56.19329453 -0.188972 0.919284 0.345264
569.16662598 369.95379639 -54.44110489 -0.494466 0.869021 -0.017515
568.89959717 369.77990723 -54.59203339 -0.564624 0.823703 -0.052097
569.02581787 369.88638306 -54.23968124 -0.452388 0.886569 0.096640
569.29107666 370.04074097 -54.10245132 -0.503926 0.858804 0.092268
568.75732422 369.69735718 -54.40121078 0.256523 0.477716 0.840228
568.35247803 369.29309082 -54.99133682 -0.702419 0.705352 -0.095318
568.07092285 368.96401978 -55.25105286 -0.744803 0.664128 -0.064828
568.20202637 369.12258911 -54.86217880 -0.753081 0.656641 -0.041129
568.48193359 369.43377686 -54.61500549 -0.700802 0.709508 -0.073998
567.92053223 368.79357910 -55.12186050 -0.792126 0.610281 -0.009643
567.63464355 368.41809082 -55.41410065 -0.804328 0.588498 -0.082016
567.33392334 367.88320923 -55.81811523 -0.347360 0.719181 0.601764
574.81365967 370.07931519 -53.43709946 0.091488 0.179316 0.979528
574.56835938 370.13885498 -53.42437363 0.063092 0.076374 0.995081
574.64862061 369.75225830 -53.41766357 0.004926 -0.004926 0.999976
574.89483643 369.70230103 -53.42366791 0.013140 0.023248 0.999643
574.32159424 370.18295288 -53.42247391 -0.066109 0.088519 0.993878
574.40209961 369.79830933 -53.41438675 0.002961 -0.006910 0.999972
574.07501221 370.22866821 -53.41944122 0.022349 0.071305 0.997204
574.15527344 369.84204102 -53.41275024 0.002956 -0.006896 0.999972
573.82867432 370.27731323 -53.41434479 0.015712 0.057610 0.998216
573.90856934 369.88665771 -53.41048431 0.006965 -0.010944 0.999916
573.66168213 369.92938232 -53.40954971 0.006896 0.002956 0.999972
569.14739990 369.94299316 -53.92224121 -0.404637 0.871409 0.277335
568.88208008 369.78738403 -54.06034851 -0.596177 0.788396 0.151672
568.33209229 369.26986694 -54.48118973 -0.670198 0.741044 -0.041090
568.05120850 368.94775391 -54.73603439 -0.813341 0.580155 0.043547
574.72753906 369.35052490 -53.42158508 0.002979 -0.012908 0.999912
574.48071289 369.39379883 -53.42028046 0.004965 -0.012908 0.999904
574.23388672 369.43759155 -53.41859436 0.006951 -0.010923 0.999916
573.98718262 369.48211670 -53.41638184 0.006937 -0.006937 0.999952
573.74053955 369.52706909 -53.41388702 0.000978 -0.000978 0.999999
571.93280029 370.22097778 -53.40821075 -0.065307 -0.074162 0.995106
571.68627930 370.26736450 -53.40470505 0.027289 0.007075 0.999603
571.76501465 369.86380005 -53.40991592 -0.000983 -0.006883 0.999976
572.01196289 369.82168579 -53.41043472 -0.004975 0.014924 0.999876
571.43975830 370.31381226 -53.40114594 0.000995 -0.016913 0.999856
571.51818848 369.90728760 -53.40845490 -0.027731 -0.023623 0.999336
571.27130127 369.94961548 -53.40777969 -0.042355 0.017562 0.998948
571.84399414 369.46292114 -53.41326141 -0.002938 -0.000979 0.999995
571.59692383 369.50399780 -53.41347885 0.002944 0.000981 0.999995
571.35021973 369.54840088 -53.41136932 0.006910 -0.002961 0.999972
573.99102783 359.85205078 -53.45670700 0.005306 -0.083835 0.996466
573.74468994 359.90087891 -53.45148849 0.004955 -0.008919 0.999948
573.82519531 359.51635742 -53.44335938 0.122688 -0.595704 0.793779
573.56536865 359.42053223 -53.53955841 0.147760 -0.583578 0.798501
572.34338379 359.76733398 -53.44150543 -0.019435 0.029664 0.999371
572.09600830 359.80477905 -53.44425583 0.024387 -0.062558 0.997743
572.17602539 359.41494751 -53.43981934 0.336584 -0.606502 0.720323
571.84954834 359.85217285 -53.44005203 0.021016 0.003002 0.999775
571.92675781 359.43191528 -53.45694351 0.440633 0.292209 0.848797
571.67626953 359.43600464 -53.48308182 -0.114020 -0.320597 0.940328
565.95776367 367.45816040 -55.03345490 0.836387 0.048871 -0.545956
566.23065186 367.68899536 -54.89390564 0.479521 -0.686701 -0.546353
566.10284424 367.41232300 -54.81199646 0.622361 -0.406609 -0.668831
569.28369141 369.89819336 -55.89339066 -0.568081 0.809627 -0.147611
569.09027100 369.78811646 -55.77720261 -0.574007 0.787519 -0.224342
569.33105469 370.02093506 -55.49668884 -0.570314 0.810290 -0.134802
569.52416992 370.11581421 -55.62408066 -0.487897 0.831749 -0.264859
568.89672852 369.67611694 -55.66240692 -0.600449 0.775516 -0.195031
569.13732910 369.90039063 -55.38821030 -0.567302 0.818473 -0.090941
568.94342041 369.77066040 -55.28647995 -0.455101 0.890415 0.006596
569.71643066 370.17428589 -55.77828598 -0.438479 0.841068 -0.316766
569.76367188 370.29464722 -55.38336182 -0.439907 0.872358 -0.213243
569.95611572 370.35952759 -55.53284454 -0.454898 0.869788 -0.191146
569.57037354 370.19046021 -55.26280975 -0.531543 0.846328 -0.034516
569.37677002 370.07412720 -55.15121841 -0.530921 0.845851 -0.051559
569.18304443 369.95272827 -55.04337311 -0.550533 0.834678 -0.015027
568.35955811 369.28979492 -55.04883957 -0.736694 0.661674 -0.139537
568.16357422 369.07226563 -55.01177979 -0.780894 0.617417 0.094875
568.40533447 369.34826660 -54.69949341 -0.704308 0.707188 -0.061933
567.96740723 368.84637451 -54.98089600 -0.792016 0.609135 0.040797
568.20928955 369.12701416 -54.66516876 -0.733021 0.679964 -0.018151
567.77136230 368.62734985 -54.94494247 -0.750444 0.659653 -0.041140
568.01293945 368.89230347 -54.64077759 -0.756901 0.652985 0.026681
567.81713867 368.68338013 -54.59738922 -0.745020 0.664941 -0.052909
570.00195313 370.41915894 -55.18263245 -0.428376 0.903171 -0.027851
569.80895996 370.32785034 -55.05260086 -0.541203 0.840180 0.034604
568.45098877 369.39871216 -54.35604858 -0.724916 0.688318 -0.026744
568.25543213 369.19836426 -54.30632401 -0.766875 0.641614 -0.015310
568.05920410 368.96890259 -54.27807999 -0.796832 0.604161 -0.006881
567.86273193 368.73205566 -54.25524521 -0.756892 0.652590 -0.035237
570.57916260 370.61309814 -55.63161087 -0.319832 0.946753 -0.036953
570.38708496 370.56393433 -55.47054672 -0.406371 0.909888 -0.083463
570.62506104 370.67510986 -55.27966309 -0.493884 0.868743 -0.036939
570.81726074 370.73208618 -55.43497467 -0.255820 0.964052 -0.071831
570.43249512 370.60394287 -55.13479233 -0.344795 0.930809 0.121291
570.04711914 370.44769287 -54.85532761 -0.404815 0.914390 0.003880
569.85412598 370.35794067 -54.72415924 -0.457226 0.889126 0.019995
569.03460693 369.86672974 -54.60313797 -0.542724 0.839505 -0.026106
568.84100342 369.74911499 -54.49250412 -0.271813 0.926442 0.260428
569.08026123 369.91601563 -54.26055908 -0.418052 0.905552 0.072172
569.27368164 370.02471924 -54.37776184 -0.528319 0.848345 -0.034486
568.88641357 369.79116821 -54.15522766 -0.660210 0.749002 -0.055853
568.30102539 369.24591064 -53.96501541 -0.693077 0.713678 0.101534
568.10461426 369.01107788 -53.94071579 -0.820985 0.555676 0.131181
570.86230469 370.75500488 -55.11179352 -0.457181 0.885001 -0.088081
570.66992188 370.69235229 -54.96066284 -0.347308 0.937605 -0.016538
570.09222412 370.47528076 -54.52871323 -0.426629 0.903055 0.049796
570.28503418 370.55847168 -54.66473389 -0.435151 0.900357 0.001307
569.89898682 370.37564087 -54.40483475 -0.458263 0.888792 0.006603
569.31872559 370.05090332 -54.05219650 -0.505023 0.857827 0.095314
569.12506104 369.93237305 -53.94221497 -0.446867 0.883676 0.139377
571.43719482 370.85189819 -55.63226700 -0.324394 0.944975 -0.042312
571.24639893 370.85644531 -55.43162918 -0.090929 0.972812 -0.212997
571.48327637 370.92190552 -55.27440262 -0.056352 0.979572 -0.193037
571.67437744 370.92901611 -55.46644592 -0.030082 0.922078 -0.385834
571.29132080 370.87603760 -55.11091232 -0.230547 0.973026 0.008276
570.32989502 370.57577515 -54.34568405 -0.340516 0.939926 0.024231
570.13696289 370.48718262 -54.21366119 -0.414691 0.909687 0.022380
568.14782715 368.95602417 -53.67497253 -0.736045 0.572842 0.360679
567.95147705 368.72427368 -53.64841080 -0.650808 0.603964 0.460083
568.18817139 368.78054810 -53.49793625 -0.644582 0.421393 0.637920
568.38482666 369.02734375 -53.51343918 -0.442760 0.436273 0.783345
567.99121094 368.52151489 -53.49145889 -0.554875 0.400103 0.729405
571.71966553 370.96524048 -55.13348007 -0.262250 0.959859 0.099474
571.52770996 370.91885376 -54.97036743 -0.186848 0.982383 -0.003439
568.42266846 368.74404907 -53.41582489 -0.170258 0.196251 0.965659
568.22558594 368.47937012 -53.41349030 -0.268398 0.075050 0.960380
571.76397705 370.95980835 -54.83120346 -0.164518 0.985955 0.028762
571.57220459 370.92126465 -54.66230011 -0.192908 0.980910 0.024552
572.52807617 370.98226929 -55.60375977 0.012996 0.974666 -0.223287
572.33801270 371.01721191 -55.38075638 0.203702 0.973523 -0.103726
572.57354736 371.02587891 -55.26536560 -0.129625 0.989969 -0.056209
572.76422119 371.01623535 -55.46973419 0.103410 0.981787 -0.159373
572.38250732 371.01934814 -55.07288742 0.085390 0.994741 -0.056557
571.80847168 370.96011353 -54.52468872 -0.146109 0.988250 0.044868
572.00006104 370.99105835 -54.69916534 -0.135850 0.990714 0.005522
571.61669922 370.92282104 -54.35486603 -0.182821 0.983092 0.010348
572.80926514 371.04229736 -55.14425659 -0.054863 0.997213 -0.050560
572.99993896 371.03240967 -55.34882355 -0.212614 0.938004 -0.273758
572.61810303 371.02960205 -54.95632172 -0.045883 0.997687 -0.050151
572.42706299 371.02377319 -54.76333237 -0.025472 0.999525 0.017321
572.04455566 370.99057007 -54.39323044 -0.130460 0.991272 0.018956
572.23596191 371.01257324 -54.57431030 -0.077663 0.996852 0.015958
571.85296631 370.96243286 -54.21669388 -0.131881 0.990798 0.030434
573.18975830 370.98806763 -55.57876205 -0.121666 0.984167 0.128893
573.23492432 371.01849365 -55.25004578 0.153149 0.973319 0.170869
573.42510986 370.98864746 -55.46932602 0.111782 0.984407 -0.135822
573.04425049 371.02526855 -55.04779434 0.133681 0.991009 -0.005524
572.66259766 371.03198242 -54.64828873 -0.023155 0.999707 -0.007047
572.47149658 371.02093506 -54.45913696 -0.139917 0.988671 0.054348
572.28021240 371.00534058 -54.27335358 -0.054417 0.997651 0.041613
573.46990967 371.00177002 -55.15336609 -0.089171 0.995918 -0.013966
573.27893066 370.99911499 -54.95804596 0.091691 0.995656 0.016181
572.70703125 371.02914429 -54.34409332 -0.361521 0.932343 0.006342
572.51568604 371.00955200 -54.16123962 -0.054528 0.997549 0.043837
570.73059082 370.04016113 -53.40605545 -0.012960 0.006978 0.999892
570.53338623 369.77066040 -53.40727234 0.021610 -0.033958 0.999190
570.76513672 369.61654663 -53.41178131 0.014983 -0.006992 0.999863
570.96228027 369.88442993 -53.41176224 0.022971 -0.000999 0.999736
570.56799316 369.34976196 -53.41102600 0.004936 0.004936 0.999976
573.51379395 370.97644043 -54.86574936 0.080787 0.996368 0.026929
573.32330322 370.99267578 -54.65649414 0.154816 0.987383 0.033257
570.99700928 369.46777344 -53.41236496 0.002956 -0.004926 0.999984
570.79992676 369.20330811 -53.40987015 0.004955 0.010901 0.999928
573.55804443 370.96859741 -54.56523514 0.171957 0.985051 -0.010249
573.74822998 370.93899536 -54.78433228 0.174626 0.981518 -0.078281
573.36743164 370.98043823 -54.35923767 -0.001013 0.999371 0.035439
571.58874512 370.28411865 -53.40289688 0.046481 0.013428 0.998829
571.39147949 370.01156616 -53.40637207 -0.009150 -0.033550 0.999395
571.62322998 369.85910034 -53.40967941 0.005063 -0.033416 0.999429
571.82049561 370.12969971 -53.40764999 0.056550 -0.039478 0.997619
571.42602539 369.58773804 -53.41228867 0.015223 -0.023341 0.999612
573.79278564 370.94213867 -54.47572327 0.784650 0.532156 0.318015
573.98260498 370.89703369 -54.70621872 0.168087 0.977395 0.128244
573.60223389 370.95678711 -54.26764297 0.060392 0.995925 0.066981
572.01770020 370.40051270 -53.40546036 -0.002979 -0.012908 0.999912
572.05224609 369.97857666 -53.40995407 0.002961 -0.006910 0.999972
572.24957275 370.25167847 -53.40606308 -0.001047 -0.072214 0.997389
571.85510254 369.70883179 -53.41136932 -0.002979 0.012908 0.999912
571.65783691 369.43826294 -53.41337967 0.000983 0.004916 0.999987
574.02673340 370.88168335 -54.41125488 0.479869 0.875864 -0.050874
574.21673584 370.84393311 -54.63632202 0.295541 0.954534 -0.038986
573.83642578 370.90808105 -54.19452667 0.191573 0.979553 0.061448
572.28417969 369.83074951 -53.40981674 -0.008884 -0.002961 0.999956
572.08691406 369.56021118 -53.41182709 -0.004916 0.002950 0.999984
574.26080322 370.82934570 -54.34077454 0.387807 0.919196 0.068437
574.07037354 370.84786987 -54.12985611 0.236811 0.968545 0.076431
574.23187256 370.14935303 -53.41922379 0.009350 0.057136 0.998323
574.03497314 369.89135742 -53.41197205 0.007033 -0.023109 0.999708
574.26678467 369.73971558 -53.41467285 0.000991 -0.014865 0.999889
574.46380615 370.00289917 -53.41809082 -0.004994 0.018977 0.999807
574.06951904 369.46856689 -53.41709900 0.006937 -0.006937 0.999952
574.49853516 369.58752441 -53.41775513 0.002979 -0.014894 0.999885
574.30133057 369.31658936 -53.42003632 0.006937 -0.006937 0.999952
574.40350342 360.15774536 -53.44861603 0.004936 -0.004936 0.999976
574.43804932 359.73382568 -53.45459366 0.211036 0.260691 0.942074
574.63500977 359.99227905 -53.46148682 0.005648 -0.166045 0.986102
574.78009033 370.64157104 -54.16276169 0.376308 0.919404 0.114409
574.93829346 370.59942627 -54.42797089 0.403596 0.913119 0.057657
574.69512939 370.69686890 -54.41500854 0.306427 0.945811 0.107448
574.53668213 370.73184204 -54.15505981 0.288538 0.956333 0.046620
574.85321045 370.64859009 -54.68468475 0.330531 0.942721 0.045014
574.45141602 370.77905273 -54.41323090 0.287246 0.957067 0.038885
574.29260254 370.80422974 -54.16045761 0.237019 0.967089 0.092526
574.60943604 370.72964478 -54.68375778 0.290910 0.955847 0.041559
574.20721436 370.84643555 -54.42229080 0.102562 0.992931 0.059734
574.04797363 370.86065674 -54.17751694 0.216862 0.974040 0.064936
574.36541748 370.80310059 -54.68834686 0.260599 0.964586 0.040757
573.96252441 370.90133667 -54.44050217 0.360117 0.932145 0.037702
573.80322266 370.91351318 -54.19724655 0.220305 0.970603 0.096934
574.12109375 370.86776733 -54.69942093 0.245446 0.968216 -0.048102
573.71765137 370.95007324 -54.46318817 0.216310 0.976318 0.003508
573.55822754 370.95864868 -54.22257996 0.115221 0.991356 0.062744
573.87628174 370.91925049 -54.72010422 0.265901 0.958539 -0.102469
572.22961426 369.50671387 -53.41109848 -0.002944 -0.002944 0.999991
572.40057373 369.82827759 -53.40998077 0.006883 -0.000983 0.999976
572.15679932 369.90774536 -53.41017914 0.002944 0.000981 0.999995
571.98577881 369.58471680 -53.41239929 -0.002938 -0.000979 0.999995
572.32794189 370.23400879 -53.40560150 0.004994 -0.016980 0.999843
573.47204590 370.97769165 -54.50137711 0.158335 0.984533 0.075001
573.31237793 370.98059082 -54.26491547 -0.007089 0.999544 0.029369
573.63116455 370.96105957 -54.74789810 0.150981 0.987713 0.040338
571.91302490 369.98822021 -53.40965652 0.014953 -0.004984 0.999876
571.74194336 369.66442871 -53.41241837 -0.010858 0.000987 0.999941
572.08410645 370.31271362 -53.40637589 -0.000991 -0.012883 0.999917
573.22619629 371.00030518 -54.54322815 0.106137 0.991749 0.071899
573.38555908 370.98928833 -54.78562164 0.155924 0.985958 0.059791
573.54479980 370.97528076 -55.03023148 0.223627 0.884140 0.410229
571.57104492 369.34396362 -53.41276169 0.002950 0.002950 0.999991
571.49822998 369.74639893 -53.41079712 0.014924 0.002985 0.999884
571.32727051 369.42446899 -53.41220474 0.014953 -0.004984 0.999876
571.66931152 370.07141113 -53.40713501 -0.050566 -0.052717 0.997328
571.84045410 370.39627075 -53.40358353 -0.021958 0.049143 0.998550
573.29925537 371.00573730 -55.06633377 0.076532 0.994917 0.065440
573.70434570 370.97015381 -55.26831436 0.197380 0.979808 -0.031912
573.45892334 371.00378418 -55.30208969 0.164284 0.946331 0.278333
573.61657715 370.94467163 -55.57971954 0.227090 0.973751 0.015456
571.25451660 369.82775879 -53.40962601 0.029192 -0.001007 0.999573
571.08343506 369.50363159 -53.41265488 0.002938 -0.000979 0.999995
571.42572021 370.15579224 -53.40374756 -0.002985 -0.014924 0.999884
573.21270752 371.01486206 -55.35237885 -0.262034 0.953698 -0.147644
573.37023926 370.95263672 -55.63229370 -0.010310 0.984055 -0.177565
570.91259766 369.18591309 -53.41098022 0.000989 0.010880 0.999940
570.83966064 369.58367920 -53.41242218 0.002961 0.006910 0.999972
570.66876221 369.26498413 -53.41146851 0.000983 0.006883 0.999976
571.01055908 369.90356445 -53.41250992 0.017150 -0.015132 0.999738
570.59600830 369.66754150 -53.40943146 0.012934 -0.006964 0.999892
570.76708984 369.99203491 -53.40613174 -0.009133 -0.029428 0.999525
572.16687012 370.99682617 -54.25230408 -0.079140 0.996297 0.033607
572.32727051 371.01568604 -54.47283554 -0.093574 0.993234 0.068771
572.08001709 370.99740601 -54.54462433 -0.136918 0.990111 0.030552
571.91949463 370.97329712 -54.32793045 -0.134261 0.990871 0.012206
572.24029541 371.01361084 -54.76709747 -0.074607 0.997208 0.003152
571.83233643 370.96640015 -54.62572861 -0.154331 0.987942 0.012392
571.99285889 370.98861694 -54.84378815 -0.131223 0.991338 -0.005514
572.40039063 371.02282715 -54.99467468 -0.031266 0.999511 0.001009
572.15350342 371.01510620 -55.05875015 -0.153420 0.980662 0.121509
572.56018066 371.02633667 -55.22645187 -0.123052 0.992177 -0.021063
572.31329346 371.01736450 -55.29142761 0.142965 0.989497 0.021388
572.47192383 370.98626709 -55.54854584 0.030954 0.987103 -0.157065
572.06658936 371.01339722 -55.35272598 0.089344 0.985164 -0.146524
572.22454834 370.96310425 -55.62390137 -0.317939 0.834785 0.449499
570.85235596 370.74746704 -54.19984818 -0.316923 0.948265 0.018790
571.01373291 370.79528809 -54.39916611 -0.282936 0.959044 0.013473
570.76477051 370.72821045 -54.50669098 -0.272317 0.962188 -0.006051
570.60314941 370.67309570 -54.31270981 -0.212200 0.946001 0.245057
570.92602539 370.77191162 -54.70903778 -0.266584 0.963805 -0.003619
571.49707031 370.91415405 -55.01513672 -0.197001 0.980397 -0.003456
571.65814209 370.95217896 -55.22162628 -0.208833 0.977339 -0.034607
571.40979004 370.90274048 -55.31623077 0.015456 0.973751 -0.227090
571.24865723 370.86172485 -55.11194229 -0.296513 0.954595 0.028775
571.56915283 370.89328003 -55.55750656 -0.245249 0.779487 -0.576414
570.51531982 370.64654541 -54.62490845 -0.282623 0.958944 -0.023449
570.35357666 370.58761597 -54.43371964 -0.305053 0.950897 -0.052331
570.67694092 370.69961548 -54.82036591 -0.298578 0.953686 -0.036535
570.83813477 370.74221802 -55.02352142 -0.265189 0.943964 0.196487
571.16070557 370.83135986 -55.42691422 -0.314296 0.853089 -0.416481
570.99969482 370.79479980 -55.21934128 -0.285344 0.955838 0.070376
571.31927490 370.79876709 -55.68513107 -0.322697 0.919328 -0.225171
570.19128418 370.51385498 -54.25337982 -0.407397 0.913040 0.019649
570.10321045 370.48052979 -54.57053375 -0.403194 0.912917 0.063378
569.94055176 370.39688110 -54.39744186 -0.450893 0.892530 0.009256
570.26519775 370.54586792 -54.75703812 -0.404035 0.913412 -0.049338
570.58880615 370.66381836 -55.13932419 -0.221033 0.975145 0.015366
570.75036621 370.71691895 -55.33478165 -0.242925 0.967962 -0.063534
570.91058350 370.73052979 -55.55915070 -0.243432 0.959255 -0.143428
569.85229492 370.35650635 -54.71976852 -0.457226 0.889126 0.019995
570.01464844 370.43267822 -54.89832306 -0.406713 0.913481 -0.011695
570.49993896 370.60714722 -55.47357941 -0.348502 0.937307 0.001258
570.65985107 370.61331177 -55.70341110 -0.248448 0.948990 -0.194142
569.76336670 370.29745483 -55.05575562 -0.537986 0.842245 0.034575
569.92596436 370.38085938 -55.22901154 -0.360410 0.930728 -0.062049
569.67462158 370.24414063 -55.38752365 -0.521602 0.853162 0.006739
569.51165771 370.15286255 -55.22003937 -0.518635 0.854304 -0.034392
569.83569336 370.28344727 -55.59309769 -0.429979 0.879167 -0.205385
569.34875488 370.06051636 -55.05332565 -0.538789 0.841944 -0.028938
569.25915527 369.98410034 -55.40201950 -0.591215 0.797624 -0.119422
569.09594727 369.88293457 -55.24177551 -0.558559 0.827233 -0.060805
569.42187500 370.06964111 -55.57372284 -0.566176 0.782610 -0.258779
569.58276367 370.10290527 -55.78371048 -0.466181 0.844664 -0.263092
568.10705566 369.01025391 -54.47479248 -0.905522 0.381500 -0.185711
568.27343750 369.20111084 -54.56937790 -0.738407 0.673708 -0.029536
568.01617432 368.89550781 -54.85155869 -0.796814 0.604148 0.009633
567.85021973 368.71832275 -54.74697495 -0.717359 0.684412 0.130293
568.18286133 369.09417725 -54.94041061 -0.776391 0.630214 0.006895
569.00500488 369.76773071 -55.61886597 -0.658324 0.746297 -0.098236
569.16717529 369.83636475 -55.80293655 -0.536736 0.808971 -0.239752
567.75903320 368.59432983 -55.13052368 -0.738078 0.672152 -0.058760
567.92547607 368.78717041 -55.22362900 -0.771084 0.635757 -0.035242
567.66705322 368.44860840 -55.52997208 -0.773532 0.629485 -0.073464
567.49865723 368.20190430 -55.47628403 -0.825060 0.554405 -0.109135
568.25793457 369.15850830 -55.42038345 -0.759462 0.647903 -0.058640
568.42205811 369.28405762 -55.56278610 -0.676427 0.698400 -0.233846
568.16400146 368.95639038 -55.86114120 -0.757356 0.646023 0.095219
567.99841309 368.79003906 -55.74862671 -0.761276 0.636623 -0.123169
568.32891846 369.10580444 -55.98605728 -0.939051 0.201126 -0.278803
567.40515137 368.01135254 -55.90856934 -0.442166 0.619033 0.649067
567.23120117 367.60549927 -55.97143555 -0.465804 0.436385 0.769802
567.57318115 368.24810791 -55.96953964 -0.767664 0.270661 -0.580892
567.90753174 368.67529297 -56.12538147 -0.847815 0.476420 0.232883
568.07519531 368.90234375 -56.19347000 -0.787302 0.181217 0.589335
567.14727783 367.68933105 -56.20279694 -0.497660 0.867195 0.017533
567.31701660 367.97607422 -56.22714615 -0.393062 0.289864 0.872629
570.12701416 369.13238525 -53.40971756 0.016980 -0.006992 0.999831
569.89971924 369.34341431 -53.40741348 -0.009187 -0.035726 0.999319
569.87817383 369.06616211 -53.40803528 0.012908 -0.004965 0.999904
570.10485840 368.85589600 -53.40902710 -0.000979 -0.002938 0.999995
569.65191650 369.27593994 -53.40788269 0.038929 -0.038929 0.998483
569.85589600 368.78982544 -53.40705109 0.002956 -0.004926 0.999984
569.63000488 368.99911499 -53.40774918 0.000979 -0.002938 0.999995
569.40356445 369.20904541 -53.40733337 0.058082 -0.026401 0.997963
569.60888672 368.72122192 -53.40938568 -0.008937 -0.006951 0.999936
569.38244629 368.93121338 -53.40886307 0.002944 0.000981 0.999995
569.36114502 368.65362549 -53.41006470 -0.006910 -0.004936 0.999964
569.58697510 368.44439697 -53.40926361 0.000981 -0.002944 0.999995
569.13452148 368.86376953 -53.40924454 -0.008972 0.010966 0.999900
569.33880615 368.37738037 -53.40890503 0.002938 -0.000979 0.999995
569.11334229 368.58605957 -53.41067505 0.002944 0.000981 0.999995
568.88488770 368.79861450 -53.40570831 0.045719 -0.103705 0.993557
569.09130859 368.30938721 -53.41024399 0.006924 0.006924 0.999952
568.86499023 368.51925659 -53.40995026 -0.000979 -0.000979 0.999999
568.84259033 368.24298096 -53.40880203 0.008902 -0.004945 0.999948
569.06884766 368.03329468 -53.40882111 0.002944 -0.000981 0.999995
568.61566162 368.45358276 -53.40720367 0.027952 -0.034164 0.999025
568.42706299 368.92016602 -53.44181824 -0.363687 0.297288 0.882809
568.27264404 369.03854370 -53.59955978 -0.527943 0.608906 0.592039
568.20837402 368.81549072 -53.50644684 -0.579984 0.349290 0.735945
568.39080811 368.66152954 -53.41022110 -0.207413 0.029630 0.977805
568.08044434 368.90023804 -53.72227478 -0.663916 0.698943 0.265885
568.82049561 367.96643066 -53.40821075 0.002944 -0.002944 0.999991
568.59362793 368.17687988 -53.40688324 0.014953 -0.006978 0.999864
568.36431885 368.39050293 -53.40006256 -0.068607 -0.049005 0.996439
568.16223145 368.56954956 -53.45299530 -0.250303 0.313963 0.915847
567.99761963 368.70086670 -53.58836365 -0.489047 0.620131 0.613409
568.11926270 368.31945801 -53.40666962 -0.223582 0.173309 0.959153
567.93548584 368.47518921 -53.49988937 -0.328976 0.597991 0.730878
567.23754883 367.82528687 -56.08538437 -0.957978 0.264584 0.110787
567.05999756 367.66845703 -56.24016953 -0.141826 0.985629 0.091770
567.17645264 367.59826660 -55.99920654 -0.738007 0.265048 0.620561
566.57910156 365.09716797 -56.19992065 -0.863286 0.279613 0.420183
566.62133789 364.80541992 -56.20598984 -0.861004 0.497119 -0.107446
566.72656250 366.20376587 -56.23120499 -0.476528 -0.053558 0.877526
566.71228027 365.97653198 -56.12694168 -0.925070 -0.029925 0.378615
568.03967285 368.91812134 -56.24855804 -0.558300 0.422452 0.714027
567.85162354 368.75033569 -56.26295853 -0.674813 0.554251 0.487272
567.67218018 368.56845093 -56.30554962 -0.689209 0.698460 0.192732
567.67132568 368.38430786 -56.11705399 -0.625868 0.001376 0.779928
567.49041748 368.20486450 -56.15474701 -0.826593 0.156383 0.540637
567.58496094 368.33981323 -55.65011978 -0.869933 0.443174 0.216364
567.43841553 368.10433960 -55.79956818 -0.465381 0.702241 -0.538774
566.73443604 366.50872803 -56.26957703 -0.956312 0.280054 0.083887
566.76300049 366.27673340 -56.17672348 -0.898122 0.208832 0.386996
566.60778809 366.05535889 -56.29805756 -0.639249 -0.049830 0.767384
566.64324951 365.81204224 -56.22761154 -0.846650 0.098847 0.522889
566.66601563 365.58947754 -56.11593246 -0.832966 0.201061 0.515502
566.52832031 365.33950806 -56.29430389 -0.410810 -0.014346 0.911608
566.64831543 365.43289185 -55.87259674 -0.979829 0.198313 -0.024642
566.57458496 365.07861328 -56.25911713 -0.636164 0.049812 0.769944
566.61810303 364.82208252 -56.21506119 0.117087 -0.516050 0.848518
566.66284180 364.56362915 -56.17497635 -0.989259 0.136727 -0.051703
566.93231201 363.87887573 -53.50046158 -0.280783 -0.197793 0.939169
566.72357178 363.93023682 -53.63335419 -0.888272 -0.232819 0.395941
566.78436279 363.64556885 -53.64556122 -0.618430 -0.158766 0.769635
566.99279785 363.59475708 -53.51152802 -0.525095 -0.130177 0.841029
566.84362793 363.36346436 -53.65256119 -0.604391 -0.219072 0.765976
567.05633545 363.30563354 -53.53254700 -0.439233 -0.243012 0.864881
566.89514160 363.09396362 -53.63447189 -0.767168 -0.035191 0.640480
567.11474609 363.02487183 -53.53690720 -0.321281 -0.044800 0.945924
568.09210205 368.99838257 -56.25853729 -0.502015 0.659839 0.559100
567.91247559 368.81918335 -56.27048874 -0.450530 0.367747 0.813501
568.08398438 368.86068726 -55.97821426 -0.732346 0.652173 -0.195806
567.91070557 368.66979980 -56.01391220 -0.759481 0.649575 -0.035226
567.73504639 368.63595581 -56.29056931 -0.723417 0.678670 0.126785
567.74621582 368.46282959 -56.08218384 -0.804396 0.580051 -0.128408
566.71539307 366.33657837 -56.25755692 -0.718006 -0.026697 0.695525
566.74725342 366.12579346 -56.12589264 -0.987456 0.030966 0.154828
566.60699463 365.87463379 -56.28415680 -0.751050 0.114065 0.650318
566.57434082 364.15664673 -56.27123260 -0.880424 -0.112002 0.460770
566.76654053 363.34777832 -56.23519516 -0.888646 -0.304208 0.343170
566.98883057 363.54821777 -53.52236557 -0.474596 -0.103419 0.874107
566.84466553 363.30429077 -53.66600037 -0.591716 -0.167981 0.788451
567.05853271 363.26840210 -53.53118515 -0.467737 -0.362376 0.806167
572.42218018 360.61599731 -53.44151306 0.000981 0.002944 0.999995
572.17175293 360.71868896 -53.44041824 0.006896 -0.000985 0.999976
572.23925781 360.44287109 -53.44105530 -0.000985 -0.006896 0.999976
572.48968506 360.34020996 -53.44206619 0.006924 -0.004945 0.999964
571.92108154 360.82177734 -53.43852615 0.004916 -0.000983 0.999987
571.98852539 360.54602051 -53.43905640 0.010901 -0.002973 0.999936
571.67077637 360.92425537 -53.43792343 0.002956 0.004926 0.999984
571.73791504 360.64910889 -53.43718338 0.004916 0.002950 0.999984
571.48754883 360.75164795 -53.43641281 0.002961 0.006910 0.999972
572.30664063 360.16702271 -53.44160080 0.002950 0.004916 0.999984
572.05621338 360.26977539 -53.44044113 0.006910 0.002961 0.999972
571.80541992 360.37304688 -53.43818283 0.004916 0.002950 0.999984
571.55480957 360.47610474 -53.43637466 0.004916 -0.000983 0.999987
571.23699951 360.85446167 -53.43506241 0.006896 0.000985 0.999976
571.30419922 360.57913208 -53.43457031 0.002950 0.004916 0.999984
570.98651123 360.95727539 -53.43374634 0.006896 0.002956 0.999972
571.05371094 360.68182373 -53.43350220 0.006896 0.000985 0.999976
570.73590088 361.06024170 -53.43216324 0.006896 0.000985 0.999976
570.80328369 360.78451538 -53.43242645 0.006924 -0.004945 0.999964
570.48547363 361.16299438 -53.43097305 0.000981 0.002944 0.999995
570.55273438 360.88739014 -53.43102646 0.002956 -0.004926 0.999984
570.30230713 360.99005127 -53.42997742 0.000978 0.000978 0.999999
571.87322998 360.09671021 -53.43986511 0.000979 0.000979 0.999999
571.62268066 360.19958496 -53.43838501 -0.006937 0.006937 0.999952
571.37182617 360.30294800 -53.43597794 0.012934 -0.004975 0.999904
571.12115479 360.40612793 -53.43389511 0.002956 -0.004926 0.999984
570.87066650 360.50891113 -53.43267822 0.006896 0.002956 0.999972
570.62048340 360.61114502 -53.43250656 -0.002961 -0.006910 0.999972
570.37011719 360.71365356 -53.43179703 -0.003002 -0.021016 0.999775
573.39373779 359.44784546 -53.51280594 0.045820 -0.362634 0.930804
573.13116455 359.57278442 -53.46651459 0.063610 -0.248202 0.966617
573.19384766 359.30560303 -53.44955826 -0.006618 -0.885501 0.464590
572.97070313 359.35848999 -53.54984283 0.004012 -0.501454 0.865175
570.93792725 360.23342896 -53.43261719 -0.004965 0.012908 0.999904
570.68780518 360.33563232 -53.43252945 -0.002950 0.002950 0.999991
566.77685547 366.99288940 -56.06156158 -0.221049 -0.265537 0.938417
566.59704590 366.81237793 -56.07945633 0.163167 -0.483621 0.859934
566.87512207 366.65319824 -56.18802643 -0.621657 0.608180 0.493619
566.71160889 366.44201660 -56.26755905 -0.327478 -0.011292 0.944791
566.59393311 365.00549316 -56.24113083 -0.757706 -0.229655 0.610852
566.61260986 364.81497192 -56.06811142 -0.749433 0.643453 0.155943
566.60119629 364.68090820 -55.78193665 -0.997795 0.065961 -0.007329
567.45300293 362.46038818 -53.49761200 -0.252849 -0.161877 0.953868
567.29803467 362.23324585 -53.60912323 0.383027 -0.456748 0.802915
567.52539063 362.16912842 -53.52683258 -0.412341 -0.095156 0.906047
572.19195557 359.47244263 -53.47650146 0.695910 0.485635 0.529025
571.93914795 359.58425903 -53.46298981 0.148113 -0.584971 0.797416
572.00085449 359.31298828 -53.45208359 0.485670 -0.826108 0.285780
577.44293213 362.17294312 -53.52182007 0.316123 -0.266592 0.910492
577.50787354 362.41653442 -53.49131393 0.308075 -0.201163 0.929851
577.26928711 362.34805298 -53.46144867 0.070864 -0.013750 0.997391
577.20727539 362.10513306 -53.46727371 0.194089 -0.079345 0.977770
577.33105469 362.59091187 -53.45798111 -0.008990 -0.014983 0.999847
577.02874756 362.27914429 -53.44813156 0.005014 0.023063 0.999721
577.08947754 362.52175903 -53.45318985 0.000989 0.012857 0.999917
569.50872803 360.12789917 -53.56865692 -0.463476 -0.526602 0.712657
569.32879639 360.30154419 -53.56152725 -0.607906 -0.380559 0.696868
569.26477051 360.05816650 -53.58441162 0.284546 -0.758260 -0.586579
568.31915283 361.58825684 -53.44522095 -0.117239 -0.058050 0.991406
568.38269043 361.83151245 -53.42658615 -0.059453 -0.009387 0.998187
568.13793945 361.76159668 -53.44890976 -0.269055 -0.075233 0.960182
568.06884766 361.51705933 -53.51453018 -0.207857 -0.260165 0.942926
568.20190430 362.00497437 -53.42639542 -0.025118 -0.003014 0.999680
567.88763428 361.69046021 -53.51760864 -0.425680 -0.393794 0.814692
567.95629883 361.93487549 -53.45591736 -0.110465 -0.062635 0.991904
574.48168945 359.60702515 -53.58000565 -0.224613 -0.456763 0.860765
574.72955322 359.51278687 -53.45540619 0.021644 -0.938340 -0.345034
574.68487549 359.75979614 -53.55099487 0.217473 -0.451444 0.865392
574.89770508 359.66323853 -53.71453094 0.370724 -0.569967 0.733281
574.88812256 359.91262817 -53.52165222 0.196200 -0.396761 0.896709
575.10595703 359.81640625 -53.64421463 0.158278 -0.516252 0.841684
575.09057617 360.06536865 -53.49874496 0.084161 -0.038255 0.995718
574.86254883 360.16091919 -53.45996094 0.073885 -0.026770 0.996907
575.30828857 359.96911621 -53.62230301 0.321845 -0.622665 0.713235
575.06268311 360.31350708 -53.45579910 -0.001042 -0.069839 0.997558
575.29180908 360.21801758 -53.48590851 0.114980 -0.174325 0.977952
575.56018066 359.87515259 -53.46471405 0.318816 -0.871023 -0.373731
575.51379395 360.12203979 -53.57424164 0.213421 -0.658956 0.721269
575.72930908 360.02566528 -53.71578979 0.194700 -0.199998 0.960256
575.26245117 360.46606445 -53.45520782 -0.009461 -0.068330 0.997618
575.49304199 360.37066650 -53.47293472 0.087849 -0.160054 0.983191
575.71697998 360.27484131 -53.54533005 0.406907 -0.250751 0.878379
575.46221924 360.61865234 -53.45420074 0.002985 -0.014924 0.999884
575.69329834 360.52331543 -53.46788025 0.077212 -0.199771 0.976796
575.91772461 360.42749023 -53.53660965 0.315016 -0.052717 0.947621
575.66210938 360.77120972 -53.45251846 -0.000978 -0.000978 0.999999
575.89300537 360.67584229 -53.46785355 0.091681 -0.107928 0.989922
575.40612793 369.31158447 -53.41918945 -0.002950 -0.002950 0.999991
575.63879395 369.21630859 -53.41994858 0.004936 0.004936 0.999976
575.60552979 369.46417236 -53.42134857 0.019398 0.025523 0.999486
575.37255859 369.55941772 -53.42300034 -0.013037 0.015042 0.999802
575.83795166 369.36889648 -53.42407990 -0.038382 0.023859 0.998978
575.56842041 369.71170044 -53.45434189 0.152278 0.281647 0.947358
575.79974365 369.61633301 -53.46604156 0.152930 0.326526 0.932734
571.34161377 359.24090576 -53.96723175 -0.207629 -0.885000 0.416731
571.59887695 359.14367676 -53.59173965 -0.053180 0.335943 -0.940380
571.57611084 359.39285278 -53.54980087 -0.022202 -0.395713 0.918106
571.79003906 359.28866577 -53.74867249 0.149450 -0.975820 0.159497
568.10772705 361.16659546 -53.66689682 -0.583900 -0.466786 0.664208
568.34399414 361.06600952 -53.56959152 -0.523740 -0.415380 0.743744
568.32482910 361.31573486 -53.48074722 -0.174764 -0.233463 0.956532
568.09234619 361.41693115 -53.52780914 -0.151288 -0.176715 0.972566
568.55596924 361.21432495 -53.45113754 -0.169370 -0.238718 0.956205
568.30133057 361.56481934 -53.44923401 -0.081634 -0.038096 0.995934
568.07019043 361.66622925 -53.47858047 -0.054241 -0.137334 0.989039
568.53192139 361.46331787 -53.42677689 -0.015222 -0.025370 0.999562
568.27655029 361.81365967 -53.43419266 -0.065451 -0.074326 0.995084
568.50628662 361.71200562 -53.42344666 0.007019 -0.021058 0.999754
573.75213623 359.36825562 -53.67555618 0.317723 -0.780737 0.538054
573.98986816 359.26791382 -53.55901718 -0.040805 -0.985160 0.166719
573.96362305 359.51651001 -53.56348419 0.270420 -0.438478 0.857094
575.82336426 360.59094238 -53.47431564 0.103745 -0.099082 0.989656
576.04589844 360.48812866 -53.55910492 0.335697 -0.423134 0.841585
576.02636719 360.73782349 -53.47422028 0.080234 -0.119770 0.989554
575.79913330 360.83984375 -53.45247650 -0.006883 -0.000983 0.999976
576.24786377 360.63482666 -53.57296371 0.295768 -0.447523 0.843946
576.00213623 360.98678589 -53.45222092 0.004926 0.002956 0.999984
575.77325439 361.08856201 -53.45204163 0.002950 -0.004916 0.999984
576.22906494 360.88467407 -53.47850418 0.176244 -0.126246 0.976217
576.44964600 360.78158569 -53.58911514 0.426823 -0.426823 0.797273
575.97619629 361.23541260 -53.45283127 0.002956 0.004926 0.999984
575.74737549 361.33718872 -53.45217896 0.006883 -0.000983 0.999976
576.20495605 361.13360596 -53.45502853 0.031646 0.013271 0.999411
576.43041992 361.03128052 -53.50114059 0.163463 -0.339501 0.926293
576.65032959 360.92807007 -53.61953735 0.359803 -0.517923 0.776078
575.95031738 361.48406982 -53.45262527 0.004926 -0.004926 0.999976
576.17919922 361.38229370 -53.45359421 0.008990 -0.014983 0.999847
576.40777588 361.28045654 -53.45771790 0.036529 -0.032354 0.998809
576.63244629 361.17800903 -53.51398087 0.285163 -0.478389 0.830558
576.85083008 361.07455444 -53.65348053 0.535257 -0.501698 0.679558
576.15332031 361.63092041 -53.45289612 0.002938 -0.000979 0.999995
576.38232422 361.52917480 -53.45201874 0.004955 -0.008919 0.999948
576.61047363 361.42727661 -53.46168518 0.051488 -0.075589 0.995809
576.83471680 361.32476807 -53.52379990 0.189327 -0.229609 0.954691
577.05444336 361.22152710 -53.64473724 -0.549247 0.443048 0.708545
576.35644531 361.77789307 -53.45147324 -0.004926 -0.002956 0.999984
576.58532715 361.67611694 -53.45182800 -0.006965 -0.010944 0.999916
576.81311035 361.57415771 -53.46732712 0.094890 -0.152544 0.983731
577.03558350 361.47134399 -53.55210876 0.398140 -0.398140 0.826419
576.55957031 361.92477417 -53.45001984 -0.006910 0.004936 0.999964
576.78839111 361.82299805 -53.45104980 0.002944 -0.002944 0.999991
577.01519775 361.72088623 -53.47881317 0.260910 -0.141713 0.954905
567.70581055 367.24203491 -53.40351868 0.021227 -0.013140 0.999688
567.47216797 367.32885742 -53.43088150 -0.192628 0.105635 0.975569
567.51177979 367.08309937 -53.40802765 -0.088606 0.009608 0.996020
567.74530029 366.99353027 -53.40800095 0.000987 -0.010858 0.999941
567.27795410 367.16638184 -53.47066879 -0.270020 0.043552 0.961869
567.55126953 366.83508301 -53.40744400 0.008919 -0.004955 0.999948
567.31762695 366.92199707 -53.43389130 -0.310519 0.125014 0.942311
567.08355713 366.99899292 -53.55953979 -0.587404 -0.076118 0.805706
567.35723877 366.67605591 -53.41296387 -0.163172 -0.111644 0.980260
567.59075928 366.58685303 -53.40924072 0.014865 -0.000991 0.999889
567.12335205 366.75708008 -53.49808884 -0.745020 -0.052909 0.664941
566.60595703 366.92376709 -56.09960175 -0.299695 0.021140 0.953801
566.64501953 366.66445923 -56.21174240 -0.322758 -0.560411 0.762737
567.39672852 366.42855835 -53.40647888 -0.023388 0.017287 0.999577
567.63024902 366.33862305 -53.41018677 0.014894 -0.002979 0.999885
567.16308594 366.51550293 -53.43266678 -0.417394 0.119456 0.900840
566.92901611 366.59194946 -53.56399536 0.036616 0.473297 0.880142
566.45068359 366.49850464 -56.28568268 -0.366969 -0.131555 0.920884
566.68426514 366.41082764 -56.26685333 0.016402 -0.108256 0.993988
567.43621826 366.18041992 -53.40743637 0.012857 0.000989 0.999917
567.20269775 366.27014160 -53.40587997 -0.238813 0.020401 0.970851
566.96881104 366.35049438 -53.49770355 -0.014024 0.355695 0.934497
566.72393799 366.16622925 -56.23212814 -0.321546 -0.202560 0.924975
567.24218750 366.02209473 -53.40556335 -0.007033 0.023109 0.999708
567.47576904 365.93231201 -53.40773010 0.018940 0.002990 0.999816
567.00860596 366.11059570 -53.41632080 -0.311733 0.011178 0.950104
567.28173828 365.77389526 -53.40697098 -0.072365 -0.003146 0.997373
567.51525879 365.68420410 -53.40828323 0.027126 0.001005 0.999632
567.04809570 365.86111450 -53.43045807 -0.291892 0.033824 0.955853
566.81408691 365.94021606 -53.53487396 -0.406977 0.001292 0.913437
567.32122803 365.52572632 -53.40736008 -0.013089 -0.017116 0.999768
567.08758545 365.61383057 -53.42219543 -0.123322 -0.068000 0.990034
566.85369873 365.69497681 -53.50629044 -0.395465 0.006441 0.918458
567.12713623 365.36657715 -53.41400909 -0.117659 -0.014295 0.992951
567.36071777 365.27746582 -53.40953827 -0.008902 -0.004945 0.999948
566.89337158 365.44989014 -53.47649002 -0.766840 0.598167 0.232707
567.16668701 365.11880493 -53.41121292 -0.054726 0.005163 0.998488
567.40020752 365.02905273 -53.41297531 0.021016 -0.003002 0.999775
566.93298340 365.20455933 -53.44924927 -0.292216 0.049335 0.955079
567.20617676 364.87054443 -53.41313553 -0.002961 -0.006910 0.999972
566.97253418 364.95755005 -53.43858719 -0.220456 -0.039754 0.974586
567.64038086 362.13403320 -53.48942184 -0.301122 -0.151242 0.941516
567.40643311 362.21347046 -53.59049606 -0.419849 -0.299892 0.856616
567.44616699 361.97216797 -53.52295685 -0.271064 0.800658 0.534294
567.67956543 361.87887573 -53.56016541 -0.351437 -0.221275 0.909686
572.70196533 359.24264526 -53.67008972 0.290662 -0.942945 0.162389
572.46899414 359.34588623 -53.53364563 -0.431086 -0.664105 0.610843
572.50817871 359.09063721 -53.60541153 0.455769 -0.848620 -0.268551
577.29437256 363.48052979 -53.44901276 0.000981 -0.002944 0.999995
577.06835938 363.59469604 -53.44702148 0.008902 -0.004945 0.999948
577.08569336 363.34283447 -53.44906998 0.006924 -0.006924 0.999952
577.31164551 363.22872925 -53.45035172 -0.002956 -0.006896 0.999972
576.85968018 363.45700073 -53.44702911 0.002950 -0.004916 0.999984
577.10308838 363.09088135 -53.45157242 0.004945 -0.008902 0.999948
576.87701416 363.20513916 -53.44903183 0.006937 -0.006937 0.999952
576.65093994 363.31933594 -53.44672012 0.004936 -0.004936 0.999976
576.89428711 362.95321655 -53.45096207 0.010923 -0.006951 0.999916
577.12042236 362.83889771 -53.45395279 0.012883 -0.002973 0.999913
576.66809082 363.06753540 -53.44769669 0.008902 -0.004945 0.999948
576.44207764 363.18170166 -53.44577408 0.006910 -0.002961 0.999972
576.91149902 362.70144653 -53.45214081 0.006883 -0.000983 0.999976
577.13745117 362.58737183 -53.45332336 0.012934 0.006964 0.999892
576.68542480 362.81567383 -53.44974518 0.008955 -0.008955 0.999920
576.45935059 362.92993164 -53.44704056 0.006937 -0.006937 0.999952
577.36450195 362.47195435 -53.46512604 0.006951 0.010923 0.999916
577.15454102 362.33575439 -53.45332336 0.044690 0.021825 0.998762
576.92846680 362.44995117 -53.45112991 0.000995 0.018902 0.999821
576.70269775 362.56384277 -53.45140076 0.002938 -0.000979 0.999995
576.47668457 362.67800903 -53.44942093 0.006937 -0.008919 0.999936
576.25054932 362.79229736 -53.44660187 0.008955 -0.008955 0.999920
576.94525146 362.19876099 -53.44769287 -0.008867 0.000985 0.999960
577.17279053 362.08279419 -53.46392822 0.201028 -0.024688 0.979274
576.71966553 362.31243896 -53.44979858 -0.002950 0.004916 0.999984
576.49395752 362.42620850 -53.45092010 0.000979 -0.000979 0.999999
576.26794434 362.54034424 -53.44906616 0.008937 -0.008937 0.999920
576.04174805 362.65469360 -53.44569016 0.006951 -0.010923 0.999916
576.96270752 361.94662476 -53.45146942 0.000987 -0.008884 0.999960
576.73675537 362.06072998 -53.45002365 -0.002944 0.000981 0.999995
576.51098633 362.17459106 -53.45035172 -0.002944 0.000981 0.999995
576.28521729 362.28845215 -53.45084763 0.002944 -0.002944 0.999991
576.05914307 362.40267944 -53.44858551 0.006951 -0.008937 0.999936
576.75390625 361.80902100 -53.45069122 0.010923 0.004965 0.999928
576.52807617 361.92300415 -53.45028305 -0.006924 0.004945 0.999964
576.30236816 362.03680420 -53.45108032 -0.000979 -0.000979 0.999999
576.07647705 362.15078735 -53.45071793 0.004926 -0.004926 0.999976
575.85040283 362.26501465 -53.44816971 0.006937 -0.006937 0.999952
576.54534912 361.67120361 -53.45164108 -0.002967 -0.008902 0.999956
576.31951904 361.78512573 -53.45155716 -0.004926 -0.002956 0.999984
576.09362793 361.89910889 -53.45104218 0.004907 -0.000981 0.999987
575.86767578 362.01318359 -53.44984436 0.008867 -0.000985 0.999960
575.64160156 362.12741089 -53.44744110 0.006896 -0.000985 0.999976
576.33666992 361.53341675 -53.45233154 -0.004916 -0.002950 0.999984
576.56329346 361.41854858 -53.45978546 0.074315 -0.067660 0.994937
576.11083984 361.64733887 -53.45223236 0.013037 -0.015042 0.999802
575.88482666 361.76153564 -53.45007706 0.006883 -0.000983 0.999976
575.65887451 361.87567139 -53.44849396 0.006910 -0.002961 0.999972
576.35418701 361.28121948 -53.45645142 0.054226 -0.085213 0.994886
576.12805176 361.39553833 -53.45325089 0.002944 -0.002944 0.999991
575.90203857 361.50967407 -53.45159531 0.006937 -0.008919 0.999936
575.67602539 361.62387085 -53.44937134 0.004936 -0.004936 0.999976
576.14526367 361.14382935 -53.45405197 0.027289 -0.009096 0.999586
575.91925049 361.25793457 -53.45250702 0.004916 0.002950 0.999984
575.93634033 361.00637817 -53.45204926 0.004926 0.002956 0.999984
576.16400146 360.89025879 -53.46954727 -0.015072 -0.015072 0.999773
575.71044922 361.12039185 -53.45129395 0.002956 -0.006896 0.999972
575.95495605 360.75299072 -53.46604156 0.057014 -0.095024 0.993841
575.72760010 360.86871338 -53.45185852 0.002950 -0.004916 0.999984
575.50170898 360.98272705 -53.45112991 -0.006924 -0.006924 0.999952
575.51892090 360.73095703 -53.45222855 -0.002967 -0.010880 0.999936
575.29321289 360.84481812 -53.45284271 -0.002944 -0.000981 0.999995
575.31018066 360.59323120 -53.45204926 0.023670 -0.029844 0.999274
575.08447266 360.70706177 -53.45271683 -0.000985 0.006896 0.999976
575.10137939 360.45565796 -53.45112991 -0.000981 -0.002944 0.999995
575.32910156 360.33950806 -53.46880341 0.053815 -0.127096 0.990430
574.85845947 360.82122803 -53.45081329 0.006910 -0.004936 0.999964
574.87554932 360.56958008 -53.45122147 0.002950 0.002950 0.999991
574.64965820 360.68365479 -53.44998169 0.004936 -0.004936 0.999976
575.12054443 360.20159912 -53.47032928 0.012536 -0.167527 0.985788
574.89270020 360.31796265 -53.45120621 0.005014 -0.021058 0.999766
574.66674805 360.43203735 -53.44989395 0.000981 0.002944 0.999995
574.42370605 360.79772949 -53.44859695 0.010880 -0.002967 0.999936
574.44085693 360.54602051 -53.44938660 -0.002938 -0.000979 0.999995
574.19763184 360.91192627 -53.44654846 0.006965 -0.010944 0.999916
574.21496582 360.66009521 -53.44826508 0.004916 -0.002950 0.999984
573.98895264 360.77423096 -53.44652557 0.004916 -0.002950 0.999984
574.91278076 360.06283569 -53.47868347 0.059989 -0.221592 0.973292
574.68395996 360.18029785 -53.45085907 0.015712 -0.057610 0.998216
574.23199463 360.40847778 -53.44811630 0.006937 0.006937 0.999952
574.00604248 360.52258301 -53.44665527 0.006937 0.006937 0.999952
573.78015137 360.63662720 -53.44583130 0.002944 -0.000981 0.999995
574.02319336 360.27087402 -53.44711685 0.002944 -0.002944 0.999991
573.79724121 360.38494873 -53.44579697 -0.000981 -0.004907 0.999987
573.57147217 360.49884033 -53.44606018 -0.002944 -0.002944 0.999991
573.58862305 360.24713135 -53.44676971 0.002956 -0.004926 0.999984
573.34570313 360.61270142 -53.44638824 -0.006896 0.000985 0.999976
573.36279297 360.36105347 -53.44659424 0.002956 -0.004926 0.999984
573.11975098 360.72674561 -53.44547653 0.004945 -0.006924 0.999964
573.13702393 360.47491455 -53.44709015 0.004955 -0.008919 0.999948
572.91101074 360.58914185 -53.44475174 0.017014 -0.009007 0.999815
573.37994385 360.10937500 -53.44716644 0.007019 -0.021058 0.999754
573.15423584 360.22323608 -53.44763184 0.000981 -0.004907 0.999987
572.92822266 360.33737183 -53.44597244 0.018940 -0.002990 0.999816
572.70202637 360.45172119 -53.44264603 0.002967 -0.008902 0.999956
572.94531250 360.08572388 -53.44605637 0.014953 -0.004984 0.999876
572.71917725 360.20004272 -53.44300079 0.010923 -0.004965 0.999928
567.96386719 368.92825317 -56.29012299 -0.543281 0.336931 0.768976
567.78442383 368.75338745 -56.30199814 -0.536791 0.328484 0.777145
567.97460938 368.74996948 -55.95890808 -0.468315 0.729777 -0.498102
568.33172607 369.03689575 -53.55405045 -0.446729 0.617389 0.647506
568.15521240 368.85794067 -53.58483124 -0.710526 0.390707 0.585236
568.37683105 368.81079102 -53.44428253 -0.216665 0.304464 0.927555
567.80877686 368.55609131 -56.05883026 -0.895757 0.337209 0.289673
569.10192871 368.58557129 -53.41025162 -0.000981 0.004907 0.999987
568.85815430 368.66354370 -53.40826797 0.017082 -0.011053 0.999793
568.92034912 368.41348267 -53.40896225 -0.000979 0.002938 0.999995
569.16387939 368.33584595 -53.40951538 -0.002944 0.000981 0.999995
568.67669678 368.49130249 -53.40766525 0.023248 -0.013140 0.999643
568.19793701 368.63500977 -53.46011734 -0.392666 0.346105 0.852071
568.43261719 368.56970215 -53.40350342 -0.030935 0.065071 0.997401
567.97534180 368.68347168 -53.59458542 -0.556759 0.600758 0.573681
567.64117432 368.36456299 -56.14749908 -0.577046 -0.164225 0.800030
568.98242188 368.16375732 -53.40859985 0.002944 -0.000981 0.999995
568.73883057 368.24145508 -53.40770721 0.004936 -0.006910 0.999964
568.49493408 368.31964111 -53.40469742 0.019091 -0.009043 0.999777
568.25177002 368.39675903 -53.40651321 -0.149923 0.014654 0.988589
568.01855469 368.45999146 -53.47258377 0.227609 -0.124735 0.965730
567.80078125 368.50173950 -53.63821030 -0.508309 0.711632 0.484976
567.46374512 368.18682861 -56.17257309 -0.675388 0.448591 0.585336
568.55737305 368.06930542 -53.40703201 0.008902 -0.002967 0.999956
568.31341553 368.14752197 -53.40373230 0.027071 0.001003 0.999633
568.06964111 368.22555542 -53.40136337 -0.143632 0.131356 0.980875
567.83898926 368.28527832 -53.48377991 -0.605974 0.351171 0.713775
567.63018799 368.31451416 -53.70727158 -0.721155 0.552830 0.417511
567.29095459 368.00262451 -56.22760773 -0.258664 0.255837 0.931472
567.42449951 368.07812500 -55.51926041 -0.823012 0.566778 -0.037600
568.37573242 367.89743042 -53.40504074 0.015013 0.009008 0.999847
568.61956787 367.81942749 -53.40723419 0.006910 0.002961 0.999972
568.13122559 367.97647095 -53.39797211 0.025831 -0.032031 0.999153
567.89068604 368.04986572 -53.41700363 -0.227609 0.124735 0.965730
567.66198730 368.10687256 -53.51196289 -0.523575 0.316692 0.790933
567.11914063 367.81710815 -56.28883743 -0.744062 0.152435 0.650488
568.43798828 367.64739990 -53.40587616 0.002950 0.002950 0.999991
568.68182373 367.56936646 -53.40838623 0.006910 -0.002961 0.999972
568.19458008 367.72488403 -53.40609741 -0.000979 0.002938 0.999995
567.95062256 367.80310059 -53.40286636 -0.055405 0.015681 0.998341
567.71258545 367.87313843 -53.43746567 -0.289916 0.161972 0.943247
567.48870850 367.92337036 -53.56379700 -0.669637 0.376774 0.640022
568.50030518 367.39724731 -53.40722275 0.010901 -0.004955 0.999928
568.25653076 367.47521973 -53.40513611 0.004916 -0.002950 0.999984
568.01312256 367.55270386 -53.40527344 -0.004916 0.002950 0.999984
567.77026367 367.62939453 -53.40906906 -0.099488 0.050303 0.993766
567.53558350 367.69467163 -53.46580124 -0.404292 0.213172 0.889441
567.31848145 367.73550415 -53.63555908 -0.711215 0.382709 0.589667
568.31878662 367.22521973 -53.40585327 0.004945 -0.006924 0.999964
568.07525635 367.30282593 -53.40544891 -0.000979 -0.002938 0.999995
567.83166504 367.38055420 -53.40453720 -0.003020 -0.027180 0.999626
567.59020996 367.45529175 -53.41743851 -0.202607 0.077359 0.976200
567.36004639 367.51434326 -53.50283051 -0.512298 0.263156 0.817496
566.79223633 367.25924683 -56.11925507 -0.457714 0.412428 0.787656
568.13763428 367.05270386 -53.40688705 -0.007006 -0.017014 0.999831
567.89428711 367.13003540 -53.40772247 -0.008937 -0.008937 0.999920
567.65032959 367.20822144 -53.40457916 0.003002 -0.023017 0.999731
567.41259766 367.27783203 -53.44118500 -0.247933 0.137740 0.958935
567.18786621 367.32931519 -53.56180573 -0.627054 0.282414 0.725979
566.60729980 367.09197998 -56.09585571 -0.633564 0.268352 0.725661
566.87951660 366.97439575 -56.28139877 -0.064023 -0.988288 0.138523
567.71295166 366.95770264 -53.40784073 0.000985 -0.006896 0.999976
567.47021484 367.03430176 -53.41210938 -0.094430 0.020623 0.995318
567.23791504 367.09625244 -53.48408890 -0.403565 0.109559 0.908368
566.67248535 366.83789063 -56.11563873 0.689388 -0.472390 0.549174
566.44970703 366.88659668 -56.24898529 -0.795142 0.160832 0.584707
567.53167725 366.78521729 -53.40832901 -0.010901 -0.002973 0.999936
567.29290771 366.85623169 -53.43850708 -0.380507 0.185228 0.906038
567.06762695 366.90850830 -53.55535126 -0.641371 0.220033 0.735002
566.50720215 366.64312744 -56.21920395 0.138191 -0.977298 -0.160600
567.35107422 366.61196899 -53.41268921 -0.172020 -0.043298 0.984141
567.11834717 366.67453003 -53.48193741 -0.337951 0.132718 0.931759
566.89965820 366.71762085 -53.64135742 -0.489573 0.533016 0.690081
567.17138672 366.43731689 -53.42359161 -0.407378 0.066317 0.910849
567.41223145 366.36343384 -53.40676498 0.008867 0.000985 0.999960
566.94256592 366.49447632 -53.51787949 -0.488005 0.223479 0.843747
567.23071289 366.19137573 -53.40560913 -0.022045 -0.053538 0.998322
566.99450684 366.25888062 -53.45196533 -0.351668 0.401683 0.845565
566.77551270 366.30233765 -53.60956573 -0.721379 0.275493 0.635387
567.05084229 366.01696777 -53.41502762 -0.304322 -0.136607 0.942723
567.29290771 365.94140625 -53.40593338 -0.004916 -0.002950 0.999984
566.82244873 366.07351685 -53.51213455 -0.496225 0.138245 0.857117
567.11401367 365.76568604 -53.42176819 0.033602 0.081294 0.996124
566.88360596 365.82504272 -53.50585938 -0.377918 0.054367 0.924241
566.58123779 365.46191406 -56.26345444 -0.816432 -0.182603 0.547809
567.23657227 365.26840210 -53.41073990 -0.016913 -0.002985 0.999852
566.99755859 365.33969116 -53.43961716 -0.504550 -0.707702 0.494559
567.05682373 365.09381104 -53.42106247 -0.145182 -0.016882 0.989261
567.29882813 365.01824951 -53.41203308 0.004936 0.006910 0.999964
566.76751709 365.39862061 -53.52571487 -0.540588 0.493726 0.681175
566.82128906 365.16030884 -53.47216797 -0.450681 -0.036324 0.891946
566.60845947 365.19515991 -53.66958237 -0.776516 -0.155303 0.610658
567.11798096 364.84530640 -53.41495514 -0.055633 0.019944 0.998252
567.36126709 364.76800537 -53.41392517 0.008867 -0.000985 0.999960
566.88171387 364.91278076 -53.46147919 -0.335213 -0.047888 0.940925
566.65838623 364.96234131 -53.59093475 -0.656924 -0.038144 0.752991
567.17999268 364.59564209 -53.41419601 -0.004955 -0.008919 0.999948
566.94140625 364.66638184 -53.44560242 -0.357776 -0.042933 0.932820
566.71417236 364.72131348 -53.55014801 -0.555535 -0.072461 0.828330
567.00158691 364.41921997 -53.43318939 -0.238066 -0.184266 0.953609
567.24218750 364.34564209 -53.41500854 -0.031203 -0.001007 0.999513
566.77105713 364.47882080 -53.51625061 -0.480645 -0.082677 0.873009
566.57550049 364.48962402 -53.82502747 -0.957873 -0.062167 0.280384
567.06341553 364.16976929 -53.43128967 -0.268904 -0.105223 0.957402
566.83367920 364.22814941 -53.51983261 -0.512306 -0.249188 0.821856
566.68261719 364.07913208 -56.08424759 -0.886981 -0.036451 0.460366
566.74456787 363.82949829 -56.08298111 -0.866779 -0.402051 0.295041
567.01879883 363.48043823 -53.51165390 -0.505878 -0.157810 0.848047
566.86035156 363.27615356 -53.65946198 -0.593517 -0.138338 0.792843
567.08258057 363.22814941 -53.52273560 -0.693106 -0.408585 0.593854
567.55358887 363.09527588 -53.42016983 -0.019359 -0.023435 0.999538
567.31286621 363.16894531 -53.43795013 -0.245073 0.076664 0.966469
567.37701416 362.91629028 -53.45101547 -0.190593 -0.089763 0.977557
567.61669922 362.84402466 -53.42682266 -0.091111 0.009647 0.995794
567.14453125 362.97857666 -53.52160645 -0.427163 -0.033268 0.903562
567.85900879 362.76815796 -53.41913223 -0.006883 -0.000983 0.999976
567.67944336 362.59332275 -53.43078613 -0.070928 -0.049104 0.996272
567.92132568 362.51803589 -53.42043304 -0.000989 -0.012857 0.999917
567.44165039 362.66299438 -53.46714020 -0.375297 -0.217585 0.901005
567.21112061 362.72250366 -53.55048752 -0.234547 -0.323762 0.916606
567.74291992 362.34164429 -53.43932343 -0.153803 -0.026203 0.987754
567.50659180 362.40924072 -53.48533630 -0.343841 -0.217239 0.913554
567.27954102 362.46392822 -53.59104919 -0.541523 -0.045939 0.839430
567.57287598 362.15365601 -53.51197433 -0.387195 -0.142206 0.910965
567.34674072 362.20700073 -53.62390518 -0.336335 -0.373194 0.864642
572.11712646 359.18341064 -53.51494598 0.313996 -0.732657 0.603838
572.40612793 359.05020142 -53.58666229 0.883181 -0.406591 -0.233827
572.32916260 359.32540894 -53.56055069 -0.097767 -0.617243 0.780674
572.03710938 359.46142578 -53.48137665 0.107630 -0.309603 0.944755
572.62188721 359.18875122 -53.64154053 0.578136 -0.814454 -0.049233
567.17602539 362.36001587 -53.67809296 -0.670450 -0.337672 0.660662
567.39318848 362.29324341 -53.57345581 -0.403330 -0.250395 0.880129
567.31420898 362.57031250 -53.54238510 -0.501019 -0.186948 0.845003
567.07684326 362.65579224 -53.59734726 -0.212099 -0.532535 0.819402
567.23645020 362.84631348 -53.51423264 -0.335624 -0.239732 0.910980
566.99310303 362.93725586 -53.55467987 -0.132985 -0.085911 0.987388
567.47015381 362.76425171 -53.45022583 -0.347795 -0.070088 0.934947
567.16503906 363.11633301 -53.50188065 -0.499185 -0.154615 0.852590
566.94586182 363.18496704 -53.60155487 -0.406726 -0.095132 0.908584
567.39752197 363.03543091 -53.43477631 0.200632 0.368066 0.907896
566.93634033 362.86145020 -56.29226303 -0.661245 -0.286593 0.693267
566.79620361 363.18927002 -53.87192535 -0.869269 -0.351080 -0.348014
566.87890625 363.45101929 -53.59986115 -0.731182 -0.095244 0.675501
567.09301758 363.38705444 -53.48783493 -0.485836 -0.219459 0.846051
567.32891846 363.30294800 -53.42926788 -0.139426 -0.096526 0.985517
566.83874512 363.15579224 -56.21542358 -0.930687 -0.343028 0.127098
567.02673340 363.65240479 -53.48793030 -0.546629 -0.115157 0.829419
566.81658936 363.71270752 -53.60972595 -0.603887 -0.145352 0.783705
567.26000977 363.57073975 -53.42282867 -0.114391 -0.079727 0.990231
566.73730469 363.45358276 -56.12933731 -0.722689 -0.179522 -0.667452
566.66168213 363.72186279 -53.86725998 -0.978058 -0.195612 0.071684
566.74682617 363.98120117 -53.60139084 -0.840058 -0.197572 0.505241
566.61395264 363.97003174 -53.91291046 -0.920172 -0.206860 -0.332403
566.96087646 363.91735840 -53.48906708 -0.426595 -0.098659 0.899046
567.19183350 363.83782959 -53.41834641 -0.170510 -0.033638 0.984782
566.67401123 363.85028076 -55.49893951 -0.939565 -0.340608 -0.034703
566.68341064 364.24392700 -53.60845184 -0.691522 -0.237858 0.682071
566.57574463 364.20938110 -53.98196411 -0.974084 -0.185240 -0.129794
566.89758301 364.17990112 -53.49658203 -0.347102 -0.006311 0.937806
567.12939453 364.09960938 -53.42783737 -0.193849 -0.092603 0.976651
566.62231445 364.50451660 -53.62133026 -0.771978 -0.091937 0.628965
566.55590820 364.43182373 -54.09609985 -0.995283 -0.090878 0.033943
566.83026123 364.44628906 -53.49401093 -0.492961 -0.051091 0.868550
567.06298828 364.36511230 -53.42768097 -0.110592 -0.039098 0.993097
566.58343506 364.20806885 -56.24000168 -0.873136 -0.034054 0.486286
566.58172607 364.27383423 -54.79731369 -0.993265 -0.114987 -0.014236
566.54327393 364.64755249 -54.22786713 -0.998173 -0.057728 -0.017843
566.57470703 364.75256348 -53.66732788 -0.840251 -0.149148 0.521280
566.77368164 364.70260620 -53.51805878 -0.555535 -0.072461 0.828330
567.00030518 364.62713623 -53.43658447 -0.250728 0.023014 0.967784
566.54907227 364.98028564 -53.76726913 -0.963788 -0.040828 0.263526
566.52978516 364.86401367 -54.35773468 -0.999220 -0.029904 0.025780
566.72247314 364.95401001 -53.55520630 -0.617408 -0.052515 0.784888
566.93920898 364.88763428 -53.44952774 -0.219285 -0.078050 0.972534
566.53692627 365.19558716 -53.90018082 -0.994348 -0.088163 -0.059148
566.53338623 365.06475830 -54.52934265 -0.998165 0.059452 -0.011473
566.66473389 365.21142578 -53.57629395 -0.829821 -0.137075 0.540932
566.87841797 365.14791870 -53.46300888 -0.408639 0.014361 0.912583
567.11968994 365.05886841 -53.41762924 -0.072197 -0.035560 0.996756
566.61035156 364.92944336 -56.15677261 -0.993640 -0.109179 -0.027570
566.53295898 365.40335083 -54.05326843 -0.997164 0.059291 0.046355
566.56567383 365.23892212 -54.77156067 -0.996959 -0.077341 -0.009535
566.61987305 365.45706177 -53.62883759 -0.743739 0.029525 0.667818
566.82879639 365.39788818 -53.50406647 -0.458186 -0.234385 0.857397
567.05792236 365.32006836 -53.42882538 -0.168990 -0.007939 0.985586
567.30999756 365.22097778 -53.40999603 0.004965 -0.012908 0.999904
566.58282471 365.15890503 -56.25215149 0.107287 0.055337 0.992687
566.59820557 365.07476807 -55.48919678 -0.995468 -0.054018 -0.078270
566.60534668 365.27218628 -55.66954422 -0.990665 0.086698 -0.105193
566.54925537 365.45819092 -54.89399719 -0.999917 0.000989 0.012857
566.54656982 365.59472656 -54.24967957 -0.993233 0.113796 -0.023201
566.59686279 365.68231201 -53.73534775 -0.948707 -0.039371 0.313696
566.77807617 365.64880371 -53.54245758 -0.509555 -0.023100 0.860128
566.99938965 365.57821655 -53.44804001 -0.674926 0.467257 0.571092
567.24359131 365.48645020 -53.40974426 -0.033348 0.003032 0.999439
566.67303467 365.41360474 -55.99860001 -0.983446 0.180586 0.014953
566.57348633 365.63980103 -55.11637497 -0.991904 0.110465 -0.062635
566.57464600 365.77279663 -54.48143387 -0.992093 0.123317 -0.023330
566.59680176 365.88641357 -53.89802551 -0.980679 0.167314 0.101365
566.72241211 365.90435791 -53.56856155 -0.740951 0.012511 0.671443
566.94586182 365.83175659 -53.47942734 -0.368535 0.065192 0.927325
567.17962646 365.74963379 -53.41555405 -0.054528 0.043837 0.997549
566.66534424 365.62472534 -56.14266586 -0.695097 0.130050 0.707055
566.62420654 365.79690552 -55.40375900 -0.978355 0.147559 -0.145079
566.61047363 365.94369507 -54.73221970 -0.981051 0.191511 -0.029373
566.62237549 366.06677246 -54.12372589 -0.975327 0.220763 -0.001168
566.69085693 366.13757324 -53.65390396 -0.796041 0.254921 0.548940
566.88574219 366.09143066 -53.49460220 -0.452388 0.096640 0.886569
567.11175537 366.01647949 -53.41170120 -0.083307 0.001055 0.996523
566.64111328 365.85122681 -56.24599457 -0.746445 0.209501 0.631608
566.71972656 365.91259766 -55.80121994 -0.976543 0.191843 -0.097778
566.64788818 366.11318970 -54.98692322 -0.985788 0.167527 -0.012536
566.66607666 366.23046875 -54.39373398 -0.968509 0.248977 -0.001191
566.69586182 366.33703613 -53.82905960 -0.963101 0.248169 0.104154
566.84747314 366.33090210 -53.56346512 -0.567906 0.203589 0.797518
567.06030273 366.26812744 -53.44832993 -0.135513 0.432214 0.891531
566.76196289 366.07757568 -56.06776047 -0.967611 0.187321 0.169235
566.70117188 366.26791382 -55.28068542 -0.974907 0.212150 -0.067446
566.71179199 366.39221191 -54.66883087 -0.961171 0.275495 -0.015917
566.73352051 366.50622559 -54.08439255 -0.952050 0.304807 0.026341
566.81109619 366.56854248 -53.63712311 -0.702274 0.073847 0.708066
567.02069092 366.50881958 -53.51379395 -0.259717 0.336017 0.905340
566.52392578 366.36767578 -56.28400421 -0.155588 -0.097695 0.982979
566.75396729 366.28900146 -56.21098709 -0.738223 0.095397 0.667777
566.79888916 366.38153076 -55.68349838 -0.961386 0.271288 -0.046257
566.75903320 366.55252075 -54.94780731 -0.951413 0.092662 0.293646
566.78656006 366.66116333 -54.37755585 -0.951352 0.308045 -0.006186
566.82147217 366.76300049 -53.82539368 -0.859456 0.421302 0.289550
566.99169922 366.73965454 -53.60553360 -0.524795 0.305998 0.794327
567.19274902 366.68780518 -53.46130371 -0.381952 0.248195 0.890231
566.44726563 366.64263916 -56.25853348 -0.398427 -0.260105 0.879546
566.69873047 366.54409790 -56.23825073 -0.228833 -0.226092 0.946846
566.87799072 366.51245117 -56.04045486 -0.895144 0.419644 0.150384
566.81713867 366.70278931 -55.25332260 -0.968582 0.233014 -0.086908
566.83801270 366.81759644 -54.66674042 -0.948412 0.316137 0.023931
566.86437988 366.92733765 -54.09360504 -0.978758 0.205018 0.001158
566.95208740 366.98028564 -53.67120743 -0.805308 -0.017957 0.592585
567.14971924 366.93161011 -53.51853180 -0.470864 0.198809 0.859513
566.39520264 366.89486694 -56.29354858 -0.864625 0.246819 0.437612
566.56506348 366.87182617 -56.07289505 -0.425432 0.150405 0.892405
566.88415527 366.71081543 -56.21849060 -0.846683 0.357073 0.394495
566.90930176 366.82165527 -55.64243317 -0.957097 0.244900 -0.154883
566.89221191 366.97155762 -54.96267319 -0.877205 0.304522 -0.371184
566.91961670 367.08035278 -54.39200974 -0.866018 0.498200 0.042546
566.95764160 367.17926025 -53.84764099 -0.945357 0.266779 0.187430
567.10620117 367.17593384 -53.57460785 -0.647448 0.258029 0.717100
567.31872559 367.11349487 -53.45849609 -0.287137 0.062532 0.955846
566.54107666 367.09802246 -56.17686462 -0.690135 0.365559 0.624564
566.73065186 367.05679321 -56.00447083 -0.395891 0.091781 0.913699
567.01171875 366.93096924 -56.05668259 -0.936949 0.342979 -0.067019
566.94940186 367.12271118 -55.26585770 -0.936858 0.324977 -0.129175
566.97137451 367.23645020 -54.68206024 -0.897798 0.440405 -0.001307
566.98840332 367.35479736 -54.08607101 -0.928037 0.371987 0.019307
567.09338379 367.39181519 -53.70594025 -0.832469 0.327657 0.446806
567.27673340 367.35635376 -53.51830292 -0.498706 0.224189 0.837277
567.81793213 366.91992188 -53.40863419 0.002956 -0.004926 0.999984
568.07794189 366.81353760 -53.40923309 -0.000987 -0.010858 0.999941
568.01086426 367.07962036 -53.40731430 -0.006965 -0.010944 0.999916
567.75048828 367.18634033 -53.40587234 0.013089 -0.017116 0.999768
568.27087402 366.97323608 -53.40790176 -0.000987 -0.010858 0.999941
566.73962402 367.25253296 -56.18934250 -0.496300 0.851857 -0.167409
566.94049072 367.20086670 -56.04465103 -0.226819 0.711742 0.664814
567.04119873 367.24179077 -55.65420532 -0.835877 0.233801 -0.496636
567.11761475 367.57342529 -53.92831802 -0.847486 0.509667 0.148347
567.25164795 367.58358765 -53.61956024 -0.591869 0.338906 0.731323
567.94366455 367.34579468 -53.40523148 -0.007047 -0.025168 0.999658
568.20355225 367.23950195 -53.40551758 0.004936 0.006910 0.999964
566.84008789 367.49771118 -55.96109772 -0.812735 -0.416746 0.407166
566.91473389 367.56280518 -55.50650406 -0.919500 -0.213072 -0.330334
567.30914307 367.93850708 -54.08642197 -0.878674 0.474401 0.053628
567.40875244 367.98046875 -53.69323349 -0.843425 0.319597 0.431846
567.44769287 368.14849854 -53.95164490 -0.829060 0.544392 0.127661
567.38024902 368.07678223 -54.42381287 -0.858646 0.511912 0.025937
567.59246826 367.94464111 -53.50649261 -0.514730 0.288060 0.807512
567.57360840 368.16610718 -53.62303925 -0.686019 0.449000 0.572517
567.77239990 368.11633301 -53.47332382 -0.348622 0.240681 0.905834
568.33068848 367.66412354 -53.40559769 0.008902 0.002967 0.999956
568.59124756 367.55725098 -53.40740967 0.008902 -0.002967 0.999956
568.52447510 367.82302856 -53.40637589 0.008884 0.002961 0.999956
568.26281738 367.93093872 -53.40174484 0.011251 -0.035799 0.999296
568.78509521 367.71606445 -53.40850830 0.004916 -0.002950 0.999984
567.52069092 368.28497314 -54.29377365 -0.811057 0.583342 0.043575
567.45745850 368.20935059 -54.77639008 -0.812434 0.582683 0.020761
567.59875488 368.34689331 -53.84757233 -0.821728 0.529016 0.211911
567.74835205 368.34259033 -53.57716751 -0.570049 0.492697 0.657490
568.45788574 368.08862305 -53.40581894 0.008919 -0.006937 0.999936
568.71850586 367.98168945 -53.40777588 0.000978 -0.000978 0.999999
567.34814453 368.04223633 -55.78361511 -0.561683 -0.037631 -0.826496
567.37585449 368.15075684 -55.21372223 -0.884984 0.188699 0.425670
567.50909424 368.23150635 -55.70379639 -0.743609 0.627763 0.230128
567.44049072 368.16085815 -56.17324448 -0.635142 0.564383 0.527319
567.54614258 368.33135986 -55.15694809 -0.790824 0.612029 0.004126
567.60272217 368.41311646 -54.65803909 -0.767650 0.640856 0.004135
567.66839600 368.48648071 -54.18146896 -0.798517 0.598531 0.064281
567.75976563 368.53607178 -53.76796341 -0.762737 0.560411 0.322758
567.93023682 368.51251221 -53.54872131 -0.535312 0.558953 0.633255
567.62762451 368.32592773 -56.15766144 -0.664532 0.516485 -0.540038
567.65673828 368.43307495 -55.59134293 -0.763222 0.645588 -0.026608
567.70306396 368.52432251 -55.06733704 -0.779487 0.619218 -0.094704
567.75622559 368.60928345 -54.55997086 -0.766875 0.641614 -0.015310
567.82275391 368.68185425 -54.08545303 -0.657477 0.722758 0.212942
567.92614746 368.72030640 -53.70152664 -0.623066 0.704406 0.340002
568.11212158 368.68237305 -53.52039719 -0.449781 0.306598 0.838865
567.61981201 368.53723145 -56.30130005 -0.721755 0.659668 0.209542
567.78216553 368.52114868 -56.06213760 -0.824137 0.558566 0.093816
567.81610107 368.62387085 -55.50769806 -0.756524 0.649071 -0.079863
567.86468506 368.71304321 -54.98912048 -0.758257 0.634645 -0.149239
567.91851807 368.79736328 -54.48346329 -0.734219 0.678911 -0.001383
567.98474121 368.87020874 -54.00820541 -0.853586 0.520809 0.012175
568.10662842 368.89160156 -53.66963959 -0.725040 0.549973 0.414544
568.29589844 368.85061646 -53.49657059 -0.386937 0.313526 0.867168
567.79827881 368.71029663 -56.26451492 -0.496886 0.399138 0.770580
567.93896484 368.71429443 -55.97211456 -0.603572 0.653730 -0.456441
567.96795654 368.82156372 -55.40550613 -0.806800 0.583735 -0.091254
568.02545166 368.90243530 -54.90893173 -0.892030 0.450724 0.033636
568.08142090 368.98483276 -54.40840912 -0.992120 -0.012139 -0.124705
568.14825439 369.05706787 -53.93478012 -0.846657 0.523985 0.092804
568.28131104 369.06814575 -53.62359238 -0.507599 0.632390 0.585172
567.98529053 368.87545776 -56.24872971 -0.557354 0.641546 0.527044
568.10931396 368.89480591 -55.91547394 -0.738199 0.672263 -0.055902
568.12420654 369.01513672 -55.31421280 -0.966380 0.156956 -0.203653
568.18389893 369.09402466 -54.82300568 -0.759462 0.647903 -0.058640
568.23870850 369.17742920 -54.31973267 -0.764442 0.644255 -0.023758
568.31506348 369.24090576 -53.86943436 -0.688048 0.706355 0.166291
568.17041016 369.04235840 -56.22829056 -0.525852 0.479109 0.702805
568.28045654 369.07464600 -55.86075592 -0.752227 0.653288 -0.085844
568.28833008 369.20144653 -55.24230957 -0.762149 0.644453 -0.061718
568.44995117 369.25607300 -55.80189896 -0.681121 0.717366 -0.146494
568.46008301 369.38082886 -55.18891144 -0.701287 0.709927 -0.064801
568.62908936 369.42849731 -55.76676941 -0.658339 0.737037 -0.152856
568.53234863 369.38388062 -56.16703415 -0.661945 0.681366 0.312360
568.72210693 369.54650879 -56.15798950 -0.584480 0.709609 0.393495
570.46075439 369.41345215 -53.41095734 0.000981 0.004907 0.999987
570.72052002 369.30728149 -53.41091537 0.000981 0.002944 0.999995
570.65399170 369.57284546 -53.41045380 0.020933 0.000997 0.999780
570.39343262 369.67971802 -53.40857315 0.030085 -0.032160 0.999030
570.91442871 369.46606445 -53.41207886 -0.004907 0.000981 0.999987
570.58605957 369.83978271 -53.40641022 0.041283 -0.043400 0.998204
570.84771729 369.73184204 -53.41110611 -0.010988 -0.010988 0.999879
573.00769043 359.40090942 -53.52905273 -0.001300 -0.422600 0.906315
573.28350830 359.28796387 -53.54226685 -0.067928 -0.689396 -0.721192
573.17187500 359.58416748 -53.46506119 0.012764 -0.196100 0.980501
567.26733398 362.14819336 -53.65908051 0.377220 -0.334109 0.863757
567.49066162 362.07666016 -53.56506348 0.651092 -0.279953 0.705483
567.40789795 362.35006714 -53.54685974 -0.431254 -0.238918 0.870022
567.18908691 362.41802979 -53.65011978 -0.534202 -0.285223 0.795787
566.70465088 363.52810669 -53.81421280 -0.961746 -0.217084 0.167089
566.87176514 363.50091553 -53.60536575 -0.697079 -0.061803 0.714326
566.80078125 363.76504517 -53.61122894 -0.733167 -0.189056 0.653241
566.75524902 363.27758789 -56.26913834 -0.758338 -0.292160 0.582723
566.71093750 363.62539673 -55.77935028 -0.979922 0.039102 -0.195510
566.77563477 363.78244019 -56.06235886 -0.838876 -0.494800 0.226847
566.75164795 363.69793701 -55.31232834 -0.913684 0.232391 0.333430
566.61645508 364.01272583 -55.18704605 -0.957057 -0.289457 0.016013
566.63879395 363.89169312 -54.53155899 -0.977089 -0.199331 -0.074596
566.57916260 364.14682007 -54.56064987 -0.981649 -0.166237 -0.093433
566.55584717 364.26989746 -53.96283340 -0.967759 -0.038023 -0.248992
566.69848633 364.05145264 -56.05561066 -0.953510 -0.211741 0.214439
566.56927490 364.25805664 -55.24153900 -0.996525 -0.055544 -0.062079
566.56628418 364.36511230 -54.68520737 -0.993482 -0.107915 -0.036713
566.54541016 364.48623657 -54.09236908 -0.996845 -0.065880 0.044280
566.66125488 364.29141235 -53.62795258 -0.750363 -0.038154 0.659924
566.61846924 364.53329468 -53.69139481 -0.977177 -0.123236 0.173029
566.79809570 364.49621582 -53.50817108 -0.490795 -0.053918 0.869605
566.65570068 364.29327393 -56.11917114 -0.971167 -0.174836 0.162074
566.61230469 364.43218994 -55.48035812 -0.952780 0.303660 0.001229
566.54064941 364.59341431 -54.78372192 -0.995977 -0.085431 -0.027035
566.54095459 364.69787598 -54.23413086 -0.997701 -0.066373 0.013696
566.55395508 364.79226685 -53.71060562 -0.961474 0.104536 0.254242
566.73962402 364.75045776 -53.53961945 -0.573247 -0.020720 0.819121
566.63714600 364.51608276 -56.23213196 -0.545571 0.040258 0.837097
566.56005859 364.68157959 -55.52445221 -0.948827 -0.071389 -0.307622
566.52722168 364.81219482 -54.90713501 -0.999772 0.015102 -0.015102
566.52105713 364.92172241 -54.34440231 -0.999374 -0.001010 0.035367
566.53924561 365.01205444 -53.83132553 -0.985069 -0.151274 -0.082188
566.68554688 365.00128174 -53.58003616 -0.618111 -0.006883 0.786061
566.89770508 364.93856812 -53.46323395 -0.308561 -0.065844 0.948923
566.57659912 364.77200317 -56.25925827 -0.779836 0.085680 0.620093
566.63195801 364.83297729 -55.82219696 -0.982006 -0.022133 -0.187548
566.56372070 364.99148560 -55.13264084 -0.995704 0.082154 -0.042720
566.52398682 365.12753296 -54.50119781 -0.999735 0.023017 -0.001001
566.63732910 365.24746704 -53.63237000 -0.826370 -0.001357 0.563126
566.83459473 365.19650269 -53.48508835 -0.365159 -0.054049 0.929375
566.51379395 365.02963257 -56.28184891 -0.401638 0.032921 0.915207
566.65612793 365.02203369 -56.02240372 -0.923319 -0.341501 0.175669
566.56970215 365.19485474 -55.29574203 -0.997618 -0.009461 -0.068330
566.53039551 365.33056641 -54.66522980 -0.999120 0.003062 -0.041843
566.61596680 365.26181030 -56.09124374 -0.714466 -0.185915 0.674517
566.58209229 365.39318848 -55.47190475 -0.986976 0.112560 -0.114930
566.55175781 365.52182007 -54.85971451 -0.995271 0.094426 -0.022792
566.60205078 365.48095703 -56.21366119 -0.820421 -0.353876 0.449089
566.66705322 365.53436279 -55.79622650 -0.999291 0.037537 -0.003044
566.58001709 365.70770264 -55.06825638 -0.976897 0.201233 -0.071956
566.58142090 365.81127930 -54.52091980 -0.986409 0.157220 -0.047748
566.56585693 365.71762085 -56.29065704 -0.611770 -0.412821 0.674771
566.68896484 365.72515869 -55.99192810 -0.986224 -0.012513 0.164939
566.62316895 365.88177490 -55.30730820 -0.988357 0.118697 -0.095193
566.61944580 365.98937988 -54.74948502 -0.980374 0.195606 -0.024597
566.63122559 366.08477783 -54.22338104 -0.975321 0.220538 -0.010614
566.70257568 365.92254639 -56.17057800 -0.845592 -0.101930 0.524008
566.71221924 366.01962280 -55.64003372 -0.970129 0.230390 -0.075966
566.65826416 366.16687012 -54.97967529 -0.969610 0.242098 -0.035281
566.67388916 366.25918579 -54.46146011 -0.968913 0.246742 -0.018054
566.67077637 366.15823364 -53.75401306 -0.967851 0.132038 0.214081
566.69317627 366.34866333 -53.95066071 -0.982628 0.167179 0.080583
566.83288574 366.13500977 -53.53488541 -0.419076 0.128404 0.898826
566.79980469 366.36920166 -53.61822891 -0.538621 0.140189 0.830804
567.00311279 366.31347656 -53.48329926 -0.252031 0.327785 0.910515
566.66925049 366.15692139 -56.25341415 -0.267885 -0.193701 0.943778
566.77734375 366.17630005 -55.92404938 -0.998196 0.045517 0.039166
566.71844482 366.32748413 -55.25350571 -0.938060 0.327042 -0.114398
566.72241211 366.42904663 -54.71136093 -0.959806 0.279687 -0.023410
566.73883057 366.52075195 -54.19475937 -0.956876 0.290371 0.008576
566.78460693 366.58926392 -53.73814774 -0.714733 0.049931 0.697613
566.95935059 366.55609131 -53.54488754 -0.412776 0.188156 0.891187
566.60064697 366.41925049 -56.26405334 0.679544 -0.251859 0.689048
566.80676270 366.36129761 -56.13492584 -0.797605 -0.233861 0.556000
566.80114746 366.47039795 -55.57326889 -0.966037 0.227681 -0.122202
566.77349854 366.59689331 -54.96657944 -0.425086 -0.122865 0.896775
566.79516602 366.68444824 -54.46071243 -0.954113 0.299013 -0.016129
566.81793213 366.77114868 -53.95706177 -0.958043 0.275742 0.078234
566.94317627 366.77703857 -53.66268158 -0.581197 0.305809 0.754116
567.13275146 366.73211670 -53.49974823 -0.541234 0.001350 0.840871
566.77191162 366.59686279 -56.21466827 -0.224249 -0.417311 0.880661
566.49774170 366.70855713 -56.20472717 0.126389 -0.980432 0.150930
566.89172363 366.60702515 -55.90915298 -0.768105 0.521272 0.371873
566.83532715 366.75619507 -55.24383926 -0.964975 0.245376 -0.092811
566.84930420 366.84985352 -54.72212601 -0.968889 0.243753 0.042871
566.87023926 366.93801880 -54.21467972 -0.982938 0.172759 0.063146
566.92535400 366.99920654 -53.77708435 -0.933210 0.176628 0.312924
567.08874512 366.97497559 -53.56062317 -0.597706 -0.073101 0.798375
566.61340332 366.93005371 -56.04177856 -0.479700 -0.028377 0.876973
566.93127441 366.78393555 -56.14086151 -0.914524 0.302909 0.268125
566.91320801 366.90283203 -55.55378723 -0.958896 0.252479 -0.129510
566.84680176 367.05993652 -54.86795044 -0.811140 0.466924 -0.352185
566.92657471 367.10168457 -54.48067474 -0.839123 0.539133 0.072167
566.95269775 367.18572998 -53.98387146 -0.990473 0.118489 0.070173
567.05926514 367.20632935 -53.65130997 -0.787895 0.330820 0.519403
567.82287598 366.70974731 -53.40970993 -0.021226 -0.015162 0.999660
568.09240723 366.60174561 -53.41014862 -0.018940 -0.000997 0.999820
568.01788330 366.86865234 -53.40878677 -0.004945 -0.008902 0.999948
567.74810791 366.97686768 -53.40782166 0.000987 -0.010858 0.999941
568.28771973 366.76043701 -53.40970612 0.000985 -0.008867 0.999960
566.77142334 367.11816406 -55.96519852 -0.149409 0.674606 0.722900
567.02581787 367.02209473 -55.93469238 -0.887655 -0.395666 0.235621
566.97027588 367.17062378 -55.27095795 -0.966231 0.247526 -0.071619
566.96319580 367.28088379 -54.70633698 -0.921632 0.387578 -0.019444
567.00903320 367.34939575 -54.24977493 -0.996671 0.055431 0.059779
567.06402588 367.41067505 -53.81197357 -0.904573 0.367347 0.216343
567.94311523 367.13574219 -53.40690994 -0.004945 -0.006924 0.999964
568.21258545 367.02780151 -53.40715408 -0.000991 -0.012883 0.999917
566.93566895 367.30142212 -55.90137482 -0.334880 0.296182 0.894501
566.77154541 367.32623291 -56.11634827 -0.450408 -0.621195 0.641287
566.99566650 367.35876465 -55.47371292 -0.968193 0.166307 0.186935
568.13781738 367.29498291 -53.40528488 -0.000978 0.000978 0.999999
567.86804199 367.40316772 -53.40438080 -0.003020 -0.027180 0.999626
568.40802002 367.18643188 -53.40706635 0.010901 -0.004955 0.999928
567.05480957 367.41552734 -56.29560089 -0.522184 -0.357284 0.774385
567.19982910 367.40576172 -56.04163361 -0.921509 -0.076680 0.380711
567.10705566 367.58364868 -55.30195999 -0.798454 0.588100 -0.128878
568.06402588 367.56134033 -53.40534592 -0.004916 0.002950 0.999984
568.33331299 367.45352173 -53.40529251 0.002944 -0.002944 0.999991
567.14331055 367.65844727 -56.07710648 -0.900904 0.158479 0.404050
567.27813721 367.65676880 -55.80225372 -0.984607 0.169357 0.043215
567.21502686 367.81124878 -55.12314606 -0.894559 0.446617 -0.017229
567.18524170 367.73129272 -54.36130905 -0.881271 0.471188 0.036663
567.24407959 367.78958130 -53.93126678 -0.877538 0.474232 0.070926
567.31048584 367.94525146 -54.21783447 -0.855044 0.517419 0.034312
567.25946045 367.88085938 -54.66379166 -0.867900 0.496519 0.014801
567.38073730 367.99450684 -53.81114578 -0.840942 0.503963 0.197072
567.17584229 367.84091187 -56.29435349 -0.273809 0.872862 -0.403907
567.29772949 367.84939575 -55.99322891 -0.972895 0.191037 0.130310
567.32916260 367.92926025 -55.50726318 -0.842469 0.498850 -0.203458
567.33557129 368.02890015 -54.97016907 -0.896144 0.375233 0.236912
567.38922119 368.09124756 -54.52949142 -0.855100 0.518447 0.004040
567.44232178 368.15405273 -54.08773041 -0.827348 0.557715 0.066699
567.53424072 368.18618774 -53.72534943 -0.772208 0.530389 0.349831
567.32989502 368.03219604 -56.20974731 -0.815884 0.249255 0.521732
567.38616943 368.09249878 -55.77443314 -0.443159 0.623768 -0.643835
567.41387939 368.17529297 -55.28089523 -0.724302 0.442537 -0.528724
567.46911621 368.23638916 -54.84355927 -0.812636 0.582042 0.029172
567.52398682 368.29779053 -54.40543747 -0.802763 0.596220 0.009639
567.58850098 368.35156250 -53.98701859 -0.792316 0.606058 0.070205
567.70245361 368.36630249 -53.66965485 -0.707568 0.541082 0.454509
568.45495605 367.87838745 -53.40539169 0.019282 0.019282 0.999628
568.72546387 367.76965332 -53.40769196 0.006883 -0.000983 0.999976
568.65155029 368.03613281 -53.40761185 0.004916 -0.002950 0.999984
568.38073730 368.14517212 -53.40457153 0.012934 -0.004975 0.999904
568.92138672 367.92794800 -53.40851593 0.000981 -0.002944 0.999995
567.50103760 368.20993042 -56.16006088 -0.852010 0.145179 0.502994
567.54644775 368.27880859 -55.70255661 -0.485223 0.068126 0.871733
567.57458496 368.36126709 -55.20989609 -0.765786 0.638876 -0.073550
567.61737061 368.43218994 -54.74707031 -0.771670 0.635901 -0.012469
567.67242432 368.49343872 -54.30934525 -0.789779 0.613353 0.006892
567.74322510 368.54226685 -53.90373611 -0.696518 0.711181 0.095313
567.87683105 368.54147339 -53.62656403 -0.607110 0.583434 0.539465
568.57684326 368.30322266 -53.40583420 0.016947 0.002991 0.999852
568.84722900 368.19454956 -53.40798187 0.004907 0.000981 0.999987
569.11706543 368.08630371 -53.40898895 0.002944 -0.000981 0.999995
567.67419434 368.38607788 -56.11445618 -0.647303 0.020971 0.761944
567.70098877 368.46963501 -55.61898804 -0.733668 0.668188 -0.123518
567.73291016 368.54913330 -55.13395691 -0.779089 0.617696 -0.107106
567.77258301 368.62249756 -54.66487503 -0.771040 0.633201 -0.067484
567.82757568 368.68377686 -54.22698212 -0.744729 0.667354 -0.004145
567.90344238 368.72860718 -53.83174133 -0.789877 0.600897 0.122542
568.05236816 368.71578979 -53.58578491 -0.550884 0.240527 0.799170
568.77343750 368.46087646 -53.40813446 0.008902 0.004945 0.999948
569.04339600 368.35256958 -53.40932465 0.004926 0.002956 0.999984
569.31256104 368.24484253 -53.40896988 0.000978 -0.000978 0.999999
567.68255615 368.58761597 -56.28233337 -0.625431 0.598459 0.500682
567.82867432 368.57699585 -56.03068161 -0.808357 0.560562 0.179803
567.93579102 368.80651855 -54.59889984 -0.740988 0.669876 -0.046934
567.98687744 368.87088013 -54.15309906 -0.779472 0.626088 0.020916
568.07568359 368.90551758 -53.78423309 -0.693856 0.665145 0.275947
568.96936035 368.61907959 -53.40898514 -0.000979 0.002938 0.999995
569.23889160 368.51107788 -53.40937042 -0.006910 0.002961 0.999972
567.85760498 368.76226807 -56.24062729 -0.664201 0.553221 0.502775
567.98602295 368.76565552 -55.95270538 -0.753865 0.647645 0.110646
568.09484863 368.99380493 -54.52450180 -0.900110 0.424318 0.098776
568.14398193 369.05969238 -54.07469940 -0.763276 0.645634 0.023809
568.04638672 368.92614746 -56.22694778 -0.564159 0.421879 0.709749
568.15539551 368.94485474 -55.89935684 -0.771561 0.628083 0.101020
568.23248291 369.09213257 -56.20770264 -0.587742 0.365088 0.721990
568.32495117 369.12387085 -55.84635544 -0.792630 0.588080 0.160932
568.41363525 369.26199341 -56.17843628 -0.626373 0.623014 0.468520
568.32330322 369.22982788 -55.29284286 -0.728870 0.679207 -0.086179
568.49597168 369.30169678 -55.79641342 -0.682544 0.718546 -0.133509
568.59454346 369.43203735 -56.14865112 -0.675721 0.665999 0.315985
566.61614990 363.85516357 -54.04821396 -0.870830 -0.017497 0.491272
566.71392822 363.89019775 -53.71658707 -0.883813 -0.195586 0.424995
566.62854004 364.16436768 -53.71168900 -0.913064 -0.159963 0.375135
566.57116699 364.09616089 -54.11820984 -0.942627 0.096782 0.319512
566.65777588 363.90975952 -54.79151917 -0.931101 -0.361147 -0.051217
566.55804443 364.31103516 -54.24718094 -0.972499 0.101642 0.209558
566.59289551 364.16708374 -54.82463074 -0.984614 -0.174561 -0.007986
566.59271240 364.39785767 -53.79862595 -0.916415 -0.198723 0.347408
566.55541992 364.51724243 -54.39566040 -0.997991 -0.063348 -0.001038
566.56457520 364.39440918 -54.92549133 -0.997678 -0.067905 0.005223
566.55651855 364.63165283 -53.88487244 -0.966508 -0.119369 0.227187
566.66180420 364.08395386 -56.13138962 -0.899060 -0.110460 0.423663
566.61309814 364.44338989 -55.68159866 -0.972604 -0.211545 0.096384
566.61535645 364.32620239 -56.19868088 -0.809413 -0.029256 0.586511
566.53100586 364.74139404 -54.50381851 -0.997558 -0.069839 -0.001042
566.56530762 364.59790039 -55.08022690 -0.987153 -0.122061 -0.103100
566.54083252 364.84866333 -54.00911713 -0.997609 -0.039562 0.056670
566.62225342 364.89712524 -53.64717865 -0.746347 0.023805 0.665131
566.56561279 364.57110596 -56.25980759 -0.403928 -0.133704 0.904967
566.59857178 364.65936279 -55.80805969 -0.996660 0.029029 -0.076335
566.54760742 364.81649780 -55.20080566 -0.995916 0.022659 -0.087399
566.52502441 364.95034790 -54.64611816 -0.999494 0.023481 -0.021440
566.52502441 365.06567383 -54.13322449 -0.998944 -0.017598 0.042442
566.58093262 365.13510132 -53.72395706 -0.821308 -0.115246 0.558723
566.75598145 365.10665894 -53.53558731 -0.695563 0.107805 0.710331
566.63586426 364.83279419 -56.03054428 -0.689254 0.379994 0.616874
566.60302734 364.97506714 -55.45685959 -0.996059 -0.075277 -0.046912
566.55114746 365.13293457 -54.84790802 -0.998373 0.049445 -0.028405
566.52966309 365.26589966 -54.29520416 -0.999075 0.040128 -0.015434
566.55059814 365.36404419 -53.82117462 -0.951833 -0.139780 0.272903
566.69470215 365.36105347 -53.57532883 -0.745272 -0.092244 0.660349
566.60614014 365.06121826 -56.12887573 -0.675154 0.567933 0.470765
566.60040283 365.18124390 -55.60540390 -0.998536 -0.011406 -0.052882
566.55999756 365.32974243 -55.01764297 -0.998726 0.013454 -0.048643
566.54431152 365.45791626 -54.47576523 -0.997818 0.065825 -0.005224
566.55145264 365.56738281 -53.97612381 -0.991049 0.109096 0.076941
566.64758301 365.60379028 -53.64139557 -0.735007 0.070757 0.674358
566.57141113 365.29385376 -56.21785355 -0.947148 -0.172579 0.270420
566.62933350 365.36163330 -55.81230927 -0.944491 0.328245 -0.013834
566.57360840 365.52267456 -55.19623947 -0.991397 0.079083 -0.104297
566.56274414 365.64694214 -54.66318130 -0.988163 0.148052 -0.040169
566.56896973 365.75714111 -54.16189957 -0.987917 0.153474 0.021600
566.61346436 365.83593750 -53.73147202 -0.933479 0.149852 0.325824
566.78637695 365.80926514 -53.53915024 -0.386252 0.024710 0.922062
566.53088379 365.53118896 -56.29609299 -0.630890 0.073628 0.772371
566.66247559 365.53848267 -56.02706146 -0.985611 0.115884 0.123052
566.62030029 365.68841553 -55.43610001 -0.977237 0.135693 -0.163080
566.59527588 365.82424927 -54.87691879 -0.983667 0.174692 -0.043380
566.59802246 365.93731689 -54.36914444 -0.984846 0.173396 -0.003400
566.62115479 366.03366089 -53.89914322 -0.922170 0.372966 -0.102463
566.72937012 366.06015015 -53.58681107 -0.633707 0.155780 0.757726
566.65447998 365.74908447 -56.16569519 -0.820636 0.430159 0.376191
566.68402100 365.84011841 -55.70761871 -0.955840 0.210473 -0.205110
566.63568115 365.99514771 -55.10514450 -0.980023 0.190727 -0.056378
566.64276123 366.10467529 -54.60535431 -0.978409 0.206411 -0.010495
566.65863037 366.20693970 -54.12200546 -0.972520 0.232790 -0.003545
566.70739746 366.28225708 -53.69943237 -0.878137 0.272629 0.393128
566.89392090 366.24441528 -53.53229523 -0.704871 0.290619 0.647068
566.62573242 365.97674561 -56.26578140 -0.794195 0.004115 0.607649
566.74151611 365.99700928 -55.96744919 -0.963599 0.258219 0.069278
566.69366455 366.15158081 -55.36598969 -0.961973 0.211871 -0.172392
566.68511963 366.27392578 -54.83729935 -0.970853 0.239437 -0.010721
566.70324707 366.37435913 -54.35802460 -0.968195 0.250127 -0.005984
566.73297119 366.46530151 -53.90019989 -0.919014 0.393863 -0.016898
566.85504150 366.48034668 -53.61366653 -0.763119 0.256471 0.593188
566.74707031 366.19656372 -56.13113022 -0.959733 0.148765 0.238288
566.55657959 366.23767090 -56.29091263 -0.507772 -0.171243 0.844301
566.77398682 366.28979492 -55.66812134 -0.957585 0.254214 -0.135669
566.73760986 366.43496704 -55.08789444 -0.959209 0.273878 -0.070062
566.75421143 366.53665161 -54.60578537 -0.960142 0.279381 -0.008540
566.77618408 366.63391113 -54.13369370 -0.949663 0.313252 0.003714
566.84307861 366.69433594 -53.74477768 -0.761298 0.466602 0.450230
566.71405029 366.42773438 -56.22329712 -0.583998 -0.037813 0.810874
566.84210205 366.43792725 -55.94773483 -0.893629 -0.003948 -0.448789
566.80249023 366.58575439 -55.36151505 -0.962193 0.249266 -0.109780
566.80511475 366.69891357 -54.85347748 -0.831096 -0.184855 0.524507
566.82879639 366.79476929 -54.38456726 -0.963408 0.267815 0.010907
566.86157227 366.88317871 -53.93245697 -0.977879 0.203274 0.049315
566.98626709 366.89611816 -53.65067673 -0.697468 0.052990 0.714654
566.86218262 366.62548828 -56.13830185 -0.975530 0.181581 0.123976
566.59912109 366.72616577 -56.16363525 0.105377 -0.529770 0.841570
566.88720703 366.72024536 -55.67185593 -0.954901 0.254374 -0.153157
566.84942627 366.86660767 -55.08896255 -0.862612 0.471995 -0.181992
566.88177490 366.95532227 -54.63610077 -0.954175 0.298102 0.026193
566.90716553 367.04980469 -54.17030334 -0.939511 0.341987 -0.019070
566.97167969 367.11215210 -53.77703476 -0.940464 0.237547 0.243104
566.71582031 366.94973755 -56.02040100 0.024675 0.383115 0.923371
566.51855469 366.99633789 -56.16772079 -0.725520 0.064907 0.685133
566.96807861 366.85787964 -55.97513962 -0.823517 0.508325 -0.251845
566.92126465 367.01162720 -55.37555695 -0.915496 0.368173 -0.162222
566.89739990 367.14657593 -54.81838608 -0.897744 0.440278 -0.014544
566.94891357 367.21957397 -54.40108490 -0.957260 0.287551 -0.031120
566.98913574 367.30184937 -53.96277618 -0.922851 0.377469 0.076568
567.10125732 367.32513428 -53.65768814 -0.773050 0.270330 0.573859
566.67590332 367.18655396 -56.09979248 -0.351660 0.469410 0.809932
566.87048340 367.14205933 -55.94765854 -0.504570 -0.800628 0.323116
566.97894287 367.16836548 -55.63574982 -0.659422 0.732521 -0.169043
566.97100830 367.29016113 -55.10827255 -0.664397 -0.546656 0.509651
567.00933838 367.37402344 -54.66638184 -0.745145 0.665965 0.035348
567.05603027 367.45098877 -54.24010849 -0.906319 0.422247 0.017100
567.11340332 367.51919556 -53.83359146 -0.877972 0.435297 0.199204
566.84301758 367.36877441 -56.04999542 -0.945653 0.044909 0.322061
566.93524170 367.40838623 -55.70807266 -0.795373 0.605267 -0.032150
566.94281006 367.51745605 -55.20928192 -0.732446 0.497666 -0.464599
567.09399414 367.50863647 -54.97667313 -0.522199 0.478821 0.705719
567.11730957 367.60482788 -54.50695801 -0.901283 0.432775 0.019852
567.17047119 367.67648315 -54.09265900 -0.861811 0.504913 0.048416
567.12780762 367.45428467 -56.21838379 -0.711000 -0.290499 0.640382
567.22912598 367.48641968 -55.89333725 -0.972087 -0.020377 0.233732
567.15051270 367.66629028 -55.23475266 -0.511236 0.675503 -0.531351
567.18658447 367.75198364 -54.78879929 -0.885233 0.464714 0.020088
567.23394775 367.82843018 -54.36367416 -0.875906 0.480863 0.039504
567.29620361 367.89260864 -53.96622849 -0.854666 0.505882 0.116742
568.18304443 367.42166138 -53.40509415 0.002950 -0.002950 0.999991
568.46087646 367.30886841 -53.40712357 0.012908 -0.004965 0.999904
568.37707520 367.58172607 -53.40520477 0.006883 0.000983 0.999976
568.10040283 367.69357300 -53.40525055 0.005014 -0.021058 0.999766
568.65551758 367.46844482 -53.40834808 0.006896 -0.000985 0.999976
567.08703613 367.69186401 -56.29613495 -0.941295 -0.061191 0.331992
567.21447754 367.70248413 -56.01957321 -0.892115 0.175522 0.416320
567.26800537 367.77386475 -55.60589600 -0.850038 0.436590 -0.294659
567.25640869 367.89871216 -55.07156372 -0.881839 0.471120 0.020133
567.30737305 367.97216797 -54.65313339 -0.863536 0.504067 0.014865
567.36242676 368.04226685 -54.24237442 -0.848261 0.528267 0.037241
567.43487549 368.09811401 -53.86379242 -0.809150 0.557144 0.186727
568.29339600 367.85446167 -53.40352249 -0.000999 -0.020974 0.999780
568.57177734 367.74121094 -53.40658951 0.008867 0.000985 0.999960
567.23822021 367.88708496 -56.21687317 -0.794398 0.401227 0.456013
567.32946777 367.92745972 -55.87313461 -0.782905 0.602581 -0.154778
567.35961914 368.01803589 -55.41613388 -0.833439 0.526304 -0.168477
567.38146973 368.11541748 -54.94379425 -0.851940 0.522688 0.031553
567.43927002 368.18325806 -54.53806305 -0.848828 0.528668 0.001345
567.50140381 368.24752808 -54.14044189 -0.816863 0.574202 0.055022
567.38415527 368.08666992 -56.12787628 -0.575664 -0.701745 0.419720
567.44012451 368.15606689 -55.71869278 -0.575593 0.744217 -0.338870
567.47357178 368.24392700 -55.26783371 -0.765701 0.637842 -0.082818
567.52648926 368.31576538 -54.85306931 -0.785002 0.617497 0.049684
567.58453369 368.38342285 -54.44781494 -0.808861 0.587634 0.020740
567.65161133 368.44366455 -54.05931473 -0.800760 0.595217 0.067087
567.39355469 368.28302002 -56.29862595 -0.600510 -0.586977 0.542996
567.55242920 368.26788330 -56.08027649 -0.561814 0.826847 0.026227
567.59838867 368.34548950 -55.65254211 -0.830504 0.146560 0.537385
567.63439941 368.43124390 -55.20640945 -0.768396 0.639159 -0.032309
567.68188477 368.50753784 -54.78160095 -0.760471 0.649251 0.012512
567.73913574 368.57583618 -54.37489319 -0.766839 0.641584 0.018092
567.80786133 368.63473511 -53.98943329 -0.788492 0.609092 0.085360
567.57464600 368.45367432 -56.27481079 -0.805047 0.493826 0.328688
567.72076416 368.44906616 -56.03271866 -0.829908 -0.237774 -0.504694
567.75482178 368.53637695 -55.58304977 -0.746340 0.653979 -0.123645
567.79418945 368.61938477 -55.14311218 -0.743692 0.668346 0.015348
567.84112549 368.69619751 -54.71721268 -0.724087 0.686659 0.064779
567.89862061 368.76428223 -54.31093216 -0.728948 0.683654 0.035386
567.97045898 368.82058716 -53.93127823 -0.808900 0.585071 0.058082
568.87799072 368.33270264 -53.40840149 0.012883 -0.002973 0.999913
569.15496826 368.22058105 -53.40894318 0.000981 0.004907 0.999987
569.07250977 368.49234009 -53.40947723 0.008902 0.004945 0.999948
568.79528809 368.60464478 -53.40849686 0.002950 -0.004916 0.999984
569.34887695 368.38073730 -53.40882874 0.002938 -0.000979 0.999995
567.74768066 368.63101196 -56.23597336 -0.756545 0.012493 0.653822
567.87713623 368.64004517 -55.96303940 -0.760793 0.647874 -0.038110
567.90887451 368.72927856 -55.50906372 -0.781889 0.614656 -0.104154
567.95214844 368.80908203 -55.07632446 -0.787381 0.616391 -0.009653
568.00396729 368.88183594 -54.65954590 -0.756892 0.652590 0.035237
568.05712891 368.95349121 -54.24528122 -0.788078 0.615119 -0.023712
568.12976074 369.00918579 -53.86698914 -0.829305 0.528287 0.182116
568.98895264 368.76498413 -53.40798187 -0.003177 -0.083659 0.996489
569.26647949 368.65246582 -53.40943527 0.002944 -0.000981 0.999995
569.54302979 368.54071045 -53.40912628 -0.000978 -0.000978 0.999999
567.92272949 368.80673218 -56.20086288 -0.611502 0.681103 0.402696
568.03942871 368.82623291 -55.90428162 -0.723373 0.689399 -0.038221
568.06414795 368.92123413 -55.43730927 -0.637331 0.233323 -0.734418
568.10906982 368.99966431 -55.00773239 -0.827700 0.559709 0.040478
568.16174316 369.07174683 -54.59245682 -0.763113 0.645926 -0.020926
568.21343994 369.14459229 -54.17544174 -0.762981 0.646240 0.015287
569.18334961 368.92483521 -53.40874100 0.013063 -0.015072 0.999801
569.45977783 368.81320190 -53.40818024 -0.002956 -0.006896 0.999972
569.73632813 368.70141602 -53.40793228 -0.006883 -0.000983 0.999976
568.11077881 368.97171021 -56.18991089 -0.659876 0.579281 0.478536
568.21020508 369.00537109 -55.86136627 -0.695097 0.707055 -0.130050
568.22229004 369.11074829 -55.37093353 -0.768656 0.637942 -0.046887
568.26953125 369.18728638 -54.94559860 -0.749114 0.661646 0.032447
569.37677002 369.08535767 -53.40778732 0.015192 -0.021269 0.999658
569.65301514 368.97387695 -53.40687561 0.002950 0.004916 0.999984
569.92999268 368.86181641 -53.40729141 0.006896 -0.000985 0.999976
568.29541016 369.13946533 -56.17261887 -0.635186 -0.023732 0.771995
568.38079834 369.18466187 -55.81804657 -0.607467 0.686918 -0.398909
568.38928223 369.29299927 -55.32093430 -0.693240 0.718968 -0.050028
569.57061768 369.24560547 -53.40749741 -0.001003 -0.027071 0.999633
569.84692383 369.13403320 -53.40679932 0.010987 -0.012985 0.999855
568.47253418 369.31341553 -56.14141083 -0.628768 0.741665 0.233632
568.55639648 369.35986328 -55.78400040 -0.667842 0.728418 -0.152953
568.56604004 369.46725464 -55.28902435 -0.684763 0.722887 -0.092377
568.65734863 369.48110962 -56.12441635 -0.550034 0.825784 0.124674
568.74218750 369.52676392 -55.76882172 -0.611196 0.760496 -0.219284
568.61419678 369.54306030 -54.86535645 -0.632529 0.774326 0.018072
568.75061035 369.63513184 -55.27161789 -0.609135 0.792016 -0.040797
568.80804443 369.70333862 -54.86511230 -0.645226 0.763307 0.032332
568.85369873 369.63925171 -56.12884140 -0.455313 0.817025 0.353780
568.94049072 369.68331909 -55.77682495 -0.619634 0.774171 -0.129276
568.96179199 369.78115845 -55.30342102 -0.459239 0.887320 0.041995
569.01647949 369.85156250 -54.89192200 -0.542259 0.840024 -0.017757
569.06628418 369.78408813 -56.16336060 -0.534860 0.750767 0.387651
569.16424561 369.81896973 -55.83205795 -0.536736 0.808971 -0.239752
569.17285156 369.92721558 -55.33514404 -0.563396 0.824722 -0.049174
566.65716553 363.15435791 -55.82544327 -0.444227 0.823638 -0.352536
566.86822510 363.29809570 -55.85281372 -0.701001 0.322169 -0.636243
566.81512451 363.21707153 -56.25463104 -0.395368 0.049255 0.917201
566.72821045 363.62738037 -55.75357437 -0.980463 0.051352 -0.189883
566.71221924 363.51321411 -56.22112274 -0.961613 -0.164435 0.219685
566.63610840 363.89129639 -53.95328522 -0.973532 -0.226877 -0.027609
566.66949463 364.19396973 -53.66559982 -0.743982 -0.236508 0.624944
566.58380127 364.14212036 -54.00961685 -0.994073 -0.107791 -0.014154
566.75604248 363.80661011 -55.95185852 -0.996649 -0.072503 -0.037875
566.61334229 364.44830322 -53.71498489 -0.956718 -0.135920 0.257324
566.56207275 364.36566162 -54.12002182 -0.981678 -0.185467 -0.043709
566.78411865 364.42398071 -53.52194977 -0.465644 -0.103319 0.878920
566.56475830 364.69586182 -53.77785110 -0.995693 -0.029317 0.087951
566.72222900 364.68350220 -53.56118393 -0.555535 -0.072461 0.828330
566.58489990 364.03530884 -56.29330063 -0.880759 -0.139370 0.452592
566.62780762 364.32946777 -56.02251816 -0.837556 -0.304140 -0.453871
566.58728027 364.56979370 -56.09964371 -0.997156 -0.033274 -0.067622
566.57958984 364.70516968 -55.59004211 -0.970718 0.057972 -0.233120
566.56433105 364.79437256 -56.20798111 -0.834974 0.541799 -0.096288
566.62683105 364.86697388 -55.82283401 -0.995276 0.069747 -0.067533
566.54193115 364.86737061 -55.02733994 -0.993370 0.102143 -0.052755
566.57995605 365.03741455 -55.24377823 -0.996222 0.035773 -0.079134
566.51062012 365.04653931 -56.26170731 -0.464984 -0.293920 0.835105
566.61517334 365.08154297 -55.95110703 -0.414429 -0.898642 0.143840
566.58374023 365.23812866 -55.39950180 -0.997519 -0.022261 -0.066784
566.55346680 365.39373779 -54.84983063 -0.994388 -0.072542 -0.077006
566.60327148 365.29623413 -56.07903290 -0.957903 0.234507 0.165613
566.61035156 365.41839600 -55.59571457 -0.974679 0.145004 -0.170222
566.56689453 365.58581543 -55.02259827 -0.995424 0.073858 -0.060629
566.54968262 365.52566528 -54.34710693 -0.995264 0.084868 -0.047394
566.56896973 365.71243286 -54.53038406 -0.989221 0.145176 -0.019132
566.57385254 365.63253784 -53.89403915 -0.986178 0.108515 0.125210
566.58441162 365.82714844 -54.06181717 -0.984777 0.163933 0.057789
566.65405273 365.89337158 -53.68933868 -0.848887 0.108093 0.517403
566.59069824 365.51156616 -56.20574188 -0.839532 -0.178082 0.513297
566.65582275 365.58178711 -55.82529449 -0.967624 0.252372 0.003588
566.60845947 365.75265503 -55.24539948 -0.988833 0.108830 -0.101809
566.60180664 365.88714600 -54.73758698 -0.981862 0.186519 -0.034019
566.61328125 366.00537109 -54.26203537 -0.984753 0.173106 0.017196
566.65167236 366.09954834 -53.83414459 -0.962341 0.177239 0.206122
566.55151367 365.75061035 -56.28535080 -0.613768 -0.178191 0.769114
566.67785645 365.76614380 -56.01334763 -0.986742 0.160845 -0.021674
566.66705322 365.90429688 -55.49831772 -0.967050 0.185125 -0.174768
566.64086914 366.05624390 -54.95586395 -0.992356 0.123362 0.003275
566.73114014 366.05108643 -55.76096344 -0.972422 0.193473 -0.130246
566.69226074 366.21438599 -55.19603348 -0.976335 0.209301 -0.054442
566.76318359 366.35498047 -55.47084045 -0.958637 0.245906 -0.143335
566.76696777 366.22308350 -55.97350693 -0.976541 0.215328 -0.001164
566.74969482 366.49557495 -54.95095825 -0.954780 0.114258 0.274483
566.64044189 366.20776367 -56.24507523 -0.360898 -0.146310 0.921057
566.77374268 366.42108154 -56.13451767 -0.705693 -0.110958 0.699775
566.56787109 366.47677612 -56.26536179 -0.161369 -0.352205 0.921907
566.83410645 366.49563599 -55.74556732 -0.952912 0.280733 -0.114666
566.80682373 366.64852905 -55.20123672 -0.966523 0.241315 -0.087177
566.70507813 366.68661499 -56.16169357 -0.360343 -0.449239 0.817519
566.88403320 366.65499878 -55.98316574 -0.555548 0.662965 0.501840
566.87805176 366.78884888 -55.47659302 -0.961650 0.240738 -0.131430
566.85241699 366.94033813 -54.93511200 -0.946376 0.295826 -0.129842
566.82025146 366.91610718 -56.01906586 -0.303906 0.295098 0.905847
566.58837891 366.99505615 -56.10376740 -0.801020 0.167445 0.574743
566.95672607 366.92254639 -55.76510620 -0.931335 0.334290 -0.144446
566.92401123 367.08035278 -55.21109009 -0.932248 0.310749 -0.185335
567.94952393 366.85845947 -53.40892029 -0.000987 -0.008884 0.999960
568.22961426 366.73638916 -53.40967560 0.000981 -0.002944 0.999995
568.14428711 367.01678467 -53.40740204 -0.000987 -0.010858 0.999941
567.86425781 367.13876343 -53.40678024 -0.000985 -0.006896 0.999976
568.42462158 366.89456177 -53.40848541 -0.000985 -0.006896 0.999976
566.75976563 367.17434692 -56.06077194 -0.461327 0.547929 0.697819
566.93432617 367.14669800 -55.87440491 -0.070758 0.982218 0.173897
566.95483398 367.25689697 -55.41475296 -0.891818 0.443822 0.087651
568.05914307 367.29708862 -53.40535355 -0.002944 -0.000981 0.999995
568.33953857 367.17477417 -53.40664291 0.004936 -0.006910 0.999964
566.89520264 367.38580322 -55.95395279 -0.863339 -0.386271 0.324714
566.77197266 367.36749268 -56.23140717 0.236459 0.606024 0.759488
566.95434570 367.46136475 -55.56294250 -0.655074 0.387764 -0.648473
568.25469971 367.45471191 -53.40522385 0.004916 -0.002950 0.999984
567.97528076 367.57617188 -53.40564728 0.014953 -0.004984 0.999876
568.53588867 367.33166504 -53.40790176 0.010923 -0.004965 0.999928
567.00640869 367.49032593 -56.30022430 -0.790591 -0.231430 0.566927
567.17199707 367.47073364 -56.09785843 -0.955212 -0.092022 0.281250
567.19036865 367.58282471 -55.63447189 -0.609442 0.468414 -0.639663
568.17059326 367.73400879 -53.40507126 -0.013167 0.023295 0.999642
568.45074463 367.61193848 -53.40587234 0.002950 0.002950 0.999991
568.73205566 367.48876953 -53.40882111 0.008867 -0.000985 0.999960
567.13427734 367.70855713 -56.17997360 -0.471535 0.846932 0.245686
567.25103760 367.73257446 -55.89113617 -0.939826 0.245715 0.237386
568.36572266 367.89199829 -53.40418625 0.017014 0.007006 0.999831
568.64721680 367.76873779 -53.40733719 0.006910 0.002961 0.999972
567.28814697 367.90353394 -56.10585022 -0.478374 0.790847 0.381733
567.35076904 367.97601318 -55.72099686 0.256678 0.878110 -0.403781
567.29119873 368.10485840 -56.26031494 -0.080599 0.214518 0.973389
567.41931152 368.11874390 -55.99156189 -0.493836 0.753059 0.434773
567.37835693 368.07983398 -55.27395248 -0.996140 -0.013910 0.086667
567.47045898 368.20153809 -55.58623886 -0.773638 0.630637 0.061491
567.51287842 368.29208374 -55.16551590 -0.789131 0.613769 -0.023660
567.46771240 368.27951050 -56.22637177 -0.666536 -0.123764 0.735128
567.58441162 368.30364990 -55.93734360 -0.379911 0.529919 -0.758191
567.62939453 368.39190674 -55.52113342 -0.774999 0.628339 -0.067579
567.57025146 368.36929321 -54.77129364 -0.789761 0.613339 -0.009648
567.67456055 368.48001099 -55.10532379 -0.741563 0.661634 -0.111012
567.72778320 368.56088257 -54.70377731 -0.773167 0.633858 -0.020896
567.74511719 368.49246216 -55.87536240 -0.948923 0.308561 0.065844
567.78576660 368.58453369 -55.45158386 -0.741084 0.669963 0.044095
567.83502197 368.66903687 -55.04286957 -0.694969 0.704014 -0.146230
568.95532227 368.36239624 -53.40879059 0.006910 -0.002961 0.999972
569.23504639 368.24063110 -53.40895081 -0.000979 0.000979 0.999999
569.15130615 368.51962280 -53.40937805 -0.002961 0.006910 0.999972
568.87103271 368.64184570 -53.40833282 0.006910 0.004936 0.999964
569.43078613 368.39813232 -53.40902710 0.000979 -0.000979 0.999999
567.90173340 368.68496704 -55.80618286 -0.639774 0.704235 -0.307801
567.80798340 368.64031982 -56.13589096 -0.539834 0.822532 0.178942
567.94012451 368.77914429 -55.37825394 -0.833890 0.547904 -0.066541
569.06689453 368.79925537 -53.40870285 0.036825 -0.041033 0.998479
569.34680176 368.67736816 -53.40909576 -0.000989 -0.012857 0.999917
569.62634277 368.55581665 -53.40887451 0.000979 -0.002938 0.999995
567.97973633 368.81921387 -56.09352493 -0.624888 0.733011 0.268718
567.82104492 368.83270264 -56.30801392 -0.396174 0.325263 0.858633
568.06335449 368.87292480 -55.74587250 -0.803173 0.588219 -0.094405
568.09741211 368.97097778 -55.31031418 -0.673271 0.727252 -0.133455
569.26239014 368.95693970 -53.40841675 -0.000983 -0.006883 0.999976
569.54174805 368.83551025 -53.40792084 0.002973 -0.010901 0.999936
569.82128906 368.71398926 -53.40760422 -0.000985 -0.006896 0.999976
568.00744629 368.99853516 -56.29160309 -0.420229 0.382171 0.823015
568.16107178 368.98962402 -56.06807327 -0.678839 0.706673 0.199477
568.22900391 369.05734253 -55.69260406 -0.710107 0.682619 -0.172564
568.15124512 369.05136108 -54.90971375 -0.785606 0.618159 -0.026512
568.25866699 369.15930176 -55.24929428 -0.770584 0.630212 -0.095044
568.31262207 369.23953247 -54.84901428 -0.742118 0.670256 0.004146
569.45764160 369.11486816 -53.40770340 0.000979 -0.002938 0.999995
569.73687744 368.99356079 -53.40691376 -0.000979 -0.000979 0.999999
570.01708984 368.87139893 -53.40787506 0.006883 -0.000983 0.999976
568.19494629 369.16336060 -56.27717590 -0.575029 0.360004 0.734669
568.34082031 369.16134644 -56.03997040 -0.844477 0.533864 0.042986
568.39996338 369.23693848 -55.64888763 -0.691342 0.694435 -0.199515
568.42651367 369.34173584 -55.19995880 -0.729608 0.680486 -0.067904
568.48327637 369.41946411 -54.80464172 -0.846511 0.531976 -0.020513
569.65301514 369.27264404 -53.40719986 0.038929 -0.038929 0.998483
569.93280029 369.15087891 -53.40738297 0.010858 0.000987 0.999941
568.51629639 369.33700562 -56.00414276 -0.201151 0.945548 0.255886
568.57586670 369.41226196 -55.61375427 -0.662048 0.715262 -0.223813
568.60552979 369.51422119 -55.17044449 -0.686437 0.724010 -0.067921
568.66461182 369.58987427 -54.77927780 -0.626538 0.778596 0.035199
568.70465088 369.50109863 -55.99116516 -0.218766 0.761803 -0.609752
568.76135254 369.57888794 -55.59576035 -0.609519 0.769192 -0.191914
568.79455566 369.67770386 -55.15867233 -0.609135 0.792016 -0.040797
568.86523438 369.74298096 -54.78807831 -0.602936 0.796887 0.037947
568.90563965 369.65383911 -56.00067139 -0.600561 0.786271 0.145273
568.96264648 369.73141479 -55.60573196 -0.632034 0.772486 -0.061627
569.00427246 369.82266235 -55.18360901 -0.558188 0.825085 -0.087531
569.07287598 369.88983154 -54.80929184 -0.538357 0.842467 -0.020548
569.11590576 369.79830933 -56.02661896 -0.640219 0.744619 0.188842
569.17242432 369.87625122 -55.63087845 -0.568709 0.804037 -0.173479
569.21679688 369.96508789 -55.21360779 -0.554098 0.830442 -0.057807
569.29077148 370.02746582 -54.84874725 -0.541061 0.840894 -0.012266
569.38543701 370.01834106 -55.66164398 -0.502685 0.811545 -0.297829
569.43414307 370.10330200 -55.25204086 -0.509283 0.860513 0.012158
566.90600586 363.28259277 -53.62538910 -0.035021 0.595365 0.802692
567.03723145 363.49850464 -53.50072479 -0.531366 -0.152453 0.833312
566.83386230 363.56472778 -53.63163376 -0.728951 -0.240885 0.640784
566.77270508 363.21054077 -56.04281235 -0.861894 0.448306 -0.236983
566.70922852 363.43161011 -54.37388992 -0.970875 0.008339 0.239443
566.70794678 363.55801392 -53.89448166 -0.966428 -0.205706 0.153956
566.61401367 363.86071777 -53.86362457 -0.946528 -0.085332 0.311133
566.75976563 363.84875488 -53.63456726 -0.887801 -0.273976 0.369792
566.96490479 363.78088379 -53.50667191 -0.423793 -0.156588 0.892121
566.73779297 363.45767212 -56.11241150 -0.792601 -0.213925 -0.570981
566.65527344 363.66052246 -55.49466324 -0.977002 0.094867 0.190965
566.69232178 364.12646484 -53.64879608 -0.784863 -0.164836 0.597343
566.59979248 364.08831787 -53.96854019 -0.976854 -0.209754 -0.041951
566.72277832 363.68600464 -56.21597290 -0.720408 -0.185862 0.668182
566.72229004 363.81164551 -55.73793030 -0.983973 -0.067656 -0.164985
566.61175537 364.04092407 -55.07242584 -0.976960 -0.211971 0.024868
566.63653564 364.39318848 -53.68292999 -0.969364 -0.144700 0.198483
566.57110596 364.32952881 -54.04881668 -0.977307 -0.177579 -0.115489
566.63812256 363.97991943 -56.20094299 -0.895127 -0.087431 0.437155
566.67126465 364.07391357 -55.78014374 -0.976187 -0.192260 -0.100472
566.56018066 364.30368042 -55.11374283 -0.996272 -0.070928 -0.049104
566.58923340 364.65194702 -53.73148346 -0.952935 -0.219701 0.208918
566.55310059 364.56069946 -54.14727020 -0.984878 -0.116362 -0.128358
566.75469971 364.62139893 -53.53604126 -0.526389 -0.014962 0.850112
566.59265137 364.48739624 -55.29817200 -0.995468 -0.047298 -0.082497
566.54284668 364.65948486 -54.73607254 -0.997668 -0.068047 -0.005234
566.57263184 364.88183594 -53.83238602 -0.962680 -0.166341 0.213492
566.53735352 364.78985596 -54.24950409 -0.998419 -0.047244 0.030446
566.69964600 364.88748169 -53.57143402 -0.634859 -0.046869 0.771205
566.53363037 364.88238525 -54.84951401 -0.998923 0.013429 -0.044420
566.52899170 365.01196289 -54.36436081 -0.998654 -0.036677 -0.036677
566.54766846 365.11959839 -53.91891098 -0.988872 -0.026113 0.146458
566.65985107 365.13919067 -53.63272095 -0.728375 -0.368279 0.577789
566.54241943 365.21350098 -54.51641846 -0.997847 -0.013669 -0.064140
566.53826904 365.34265137 -54.03203201 -0.998711 0.019746 0.046766
566.62011719 365.39077759 -53.69425964 -0.851343 -0.235219 0.468921
566.57275391 365.02359009 -56.12885666 -0.882181 0.340464 0.325333
566.54467773 365.26431274 -56.21013641 -0.956375 -0.236093 0.172067
566.60626221 365.11724854 -55.70872116 -0.999156 -0.015435 -0.038073
566.61230469 365.32583618 -55.84809494 -0.918458 0.395465 -0.006441
566.57086182 365.27578735 -55.17115021 -0.997596 0.011563 -0.068328
566.58630371 365.47555542 -55.32651138 -0.992820 0.073752 -0.094176
566.56646729 365.61941528 -54.81554413 -0.994140 0.106085 -0.020780
566.60095215 365.80117798 -55.00340271 -0.985991 0.165665 -0.019423
566.57250977 365.73892212 -54.34858704 -0.990067 0.139840 -0.014543
566.60430908 365.92321777 -54.53186035 -0.981420 0.189232 -0.031735
566.60247803 365.83590698 -53.92241669 -0.990473 0.100785 0.093834
566.62377930 366.03012085 -54.08774185 -0.977391 0.211359 0.005839
566.68194580 366.10052490 -53.70964050 -0.955403 -0.166563 0.243848
566.64422607 366.09985352 -54.72899246 -0.977608 0.209234 -0.022460
566.66235352 366.20800781 -54.28261948 -0.971163 0.238344 -0.005929
566.69635010 366.30120850 -53.86324310 -0.965190 0.239060 0.106107
566.70758057 366.37966919 -54.48875809 -0.963234 0.268442 -0.010932
566.68963623 366.27139282 -54.93536758 -0.970765 0.240031 -0.001182
566.73400879 366.47998047 -54.05651855 -0.952643 0.301565 0.039115
566.75848389 366.54605103 -54.70450592 -0.956430 0.291937 -0.003664
566.74853516 366.43020630 -55.16483688 -0.966879 0.254186 -0.023108
566.78393555 366.64730835 -54.27062607 -0.950368 0.311007 -0.008674
566.76562500 366.28890991 -55.67118073 -0.956941 0.256676 -0.135578
566.81311035 366.58367920 -55.40387344 -0.965065 0.237101 -0.111502
566.81939697 366.45254517 -55.89180756 -0.938269 0.325356 -0.117452
566.79791260 366.72320557 -54.90071106 -0.965030 0.136011 0.224094
566.83673096 366.81182861 -54.48963928 -0.958944 0.282623 -0.023449
566.86822510 366.90740967 -54.06599808 -0.951537 0.307228 0.013682
566.88293457 366.73214722 -55.65192795 -0.956990 0.250167 -0.146924
566.83850098 366.64880371 -56.05347443 -0.910151 0.344028 0.230804
566.86022949 366.87875366 -55.13599777 -0.918427 0.393988 -0.035578
566.87719727 366.98797607 -54.68766403 -0.948730 0.289556 0.126764
566.91754150 367.07519531 -54.27915573 -0.983640 0.169675 -0.060513
566.96624756 367.15457153 -53.88484192 -0.944986 0.290661 0.150062
566.92919922 366.90286255 -55.85979843 -0.948382 0.315283 -0.034187
566.93341064 367.02410889 -55.38970566 -0.915496 0.368173 -0.162222
566.92022705 367.16171265 -54.89002228 -0.878052 0.326047 -0.350311
566.96356201 367.24609375 -54.48663712 -0.947882 0.314251 -0.052589
567.00469971 367.33261108 -54.07942200 -0.932123 0.360697 0.032320
566.96313477 367.21035767 -55.56945038 -0.775626 0.503590 -0.380527
566.94659424 367.35107422 -55.06412506 -0.953496 0.209041 0.217133
567.13458252 367.63891602 -54.55878448 -0.884756 0.465731 0.017348
567.18988037 367.71206665 -54.17572021 -0.876502 0.478715 0.050752
567.25738525 367.86273193 -54.41980743 -0.866925 0.497905 0.023064
567.20635986 367.78552246 -54.81019974 -0.880452 0.474089 0.006640
567.31689453 367.93191528 -54.04391861 -0.885236 0.462396 0.050468
567.33251953 368.00625610 -54.67684174 -0.859319 0.510092 0.037123
567.38934326 368.07797241 -54.29639053 -0.847960 0.529116 0.031610
567.45904541 368.13754272 -53.93787766 -0.864796 0.495177 0.083235
567.46856689 368.21759033 -54.56046677 -0.835535 0.549300 0.012267
567.40997314 368.14758301 -54.93786621 -0.837627 0.546160 0.009534
567.53070068 368.28433228 -54.18901825 -0.820282 0.569836 0.049245
567.37670898 368.05364990 -55.35850143 -0.850454 0.511431 -0.123149
567.50311279 368.27423096 -55.22555923 -0.774485 0.632147 0.023723
567.46301270 368.18673706 -55.63456345 -0.783646 0.619857 -0.040947
567.55749512 368.34820557 -54.84097290 -0.792126 0.610281 -0.009643
567.61700439 368.41741943 -54.46505737 -0.792607 0.609377 0.020822
567.68310547 368.48040771 -54.10041428 -0.797332 0.599077 0.073268
567.62084961 368.37759399 -55.55522537 -0.891494 0.435117 0.126141
567.57440186 368.29614258 -55.95332718 -0.431435 0.591349 -0.681301
567.66400146 368.46218872 -55.15147018 -0.779424 0.626049 -0.023703
567.71453857 368.53982544 -54.76032639 -0.766300 0.642481 -0.001376
567.77209473 368.61090088 -54.38102722 -0.775689 0.630856 0.018104
567.84106445 368.67114258 -54.02127838 -0.778292 0.621179 0.091649
567.73748779 368.48205566 -55.88298035 -0.966731 0.246373 0.068784
567.77697754 368.57006836 -55.47298813 -0.741106 0.671059 -0.021014
567.82373047 368.65127563 -55.07535934 -0.676210 0.729246 -0.104599
567.87396240 368.72921753 -54.68364716 -0.719467 0.694514 -0.004159
567.93096924 368.80075073 -54.30352783 -0.756412 0.654082 0.004149
568.00396729 368.85723877 -53.95058441 -0.829462 0.553449 0.075406
567.89263916 368.67547607 -55.79901886 -0.635138 0.766546 -0.094906
567.80596924 368.63180542 -56.12870407 -0.715318 0.560029 0.417957
567.93084717 368.76467896 -55.38691330 -0.806693 0.586815 -0.069961
568.03442383 368.91763306 -54.60874939 -0.790598 0.611489 0.032184
568.08959961 368.99087524 -54.22552109 -0.737165 0.655089 0.165672
567.97668457 368.81066895 -56.07122421 -0.570655 0.734167 0.367901
567.82891846 368.82455444 -56.29683685 0.446377 -0.078772 0.891371
568.05279541 368.86422729 -55.72361374 -0.777516 0.613357 -0.138789
568.08654785 368.95764160 -55.30391693 -0.603751 0.779278 -0.167961
568.01855469 368.98544312 -56.27171707 -0.359478 0.278931 0.890490
568.15649414 368.98083496 -56.02934647 -0.795523 0.584988 0.157902
568.21588135 369.05014038 -55.65322876 -0.709306 0.681731 -0.179242
568.13769531 369.03472900 -54.91372681 -0.759622 0.648874 -0.044015
568.24682617 369.14620972 -55.22873306 -0.749658 0.618194 -0.236322
568.29779053 369.22344971 -54.83828354 -0.748805 0.662672 0.012503
568.20709229 369.14739990 -56.24467850 -0.587742 0.365088 0.721990
568.33398438 369.15322876 -55.98346710 -0.980227 0.191758 0.048833
568.38421631 369.23114014 -55.59175491 -0.690320 0.690320 -0.216602
568.41259766 369.32962036 -55.16289902 -0.716443 0.676726 -0.169563
569.69940186 368.90591431 -53.40713882 0.002950 0.004916 0.999984
569.97979736 368.76721191 -53.40739822 0.004907 0.000981 0.999987
569.90386963 369.05288696 -53.40724182 -0.000979 -0.002938 0.999995
569.62359619 369.19146729 -53.40722275 -0.002956 0.004926 0.999984
570.18432617 368.91412354 -53.40761566 -0.004955 -0.008919 0.999948
569.82745361 369.33901978 -53.40626526 0.002985 -0.016913 0.999852
570.10870361 369.19949341 -53.40798187 0.004945 -0.006924 0.999964
568.71063232 369.63894653 -54.36781693 -0.684362 0.727224 -0.052863
568.79345703 369.68618774 -54.03164673 -0.625978 0.739506 0.247553
568.90570068 369.79486084 -54.35182190 -0.697242 0.716726 0.012525
568.84509277 369.72671509 -54.72583771 -0.615975 0.787618 -0.015226
568.99005127 369.84066772 -54.01824188 -0.626848 0.772967 0.097899
569.04815674 369.87503052 -54.72353745 -0.541762 0.840478 -0.009505
569.12139893 369.93127441 -54.37104416 -0.450890 0.892578 0.001315
569.20343018 369.97927856 -54.03346252 -0.530921 0.845851 0.051559
569.26416016 370.01113892 -54.74324799 -0.536659 0.843710 -0.012228
569.33978271 370.06515503 -54.39481735 -0.531175 0.846861 -0.026078
