ISO-10303-21;
HEADER;
FILE_DESCRIPTION (( 'STEP AP203' ),
    '1' );
FILE_NAME ('01436_index_3.step',
    '2022-11-07T22:21:01',
    ( '' ),
    ( '' ),
    'SwSTEP 2.0',
    'SolidWorks 2020',
    '' );
FILE_SCHEMA (( 'CONFIG_CONTROL_DESIGN' ));
ENDSEC;

DATA;
#1 = CARTESIAN_POINT ( 'NONE',  ( 300.4468775087387371, 41.07569828276894697, -10.91047127883836865 ) ) ;
#2 = LINE ( 'NONE', #505, #245 ) ;
#3 = CARTESIAN_POINT ( 'NONE',  ( 251.0000999999999465, 2.775557561562891351E-14, -42.50000000000001421 ) ) ;
#4 = PERSON_AND_ORGANIZATION ( #676, #668 ) ;
#5 = AXIS2_PLACEMENT_3D ( 'NONE', #1553, #1082, #1567 ) ;
#6 = CARTESIAN_POINT ( 'NONE',  ( 124.0001000000000033, -19.00000000000000355, -42.50000000000002132 ) ) ;
#7 = CARTESIAN_POINT ( 'NONE',  ( 299.3646552931787141, 41.05183822210340594, -10.99984448125681880 ) ) ;
#8 = CARTESIAN_POINT ( 'NONE',  ( 281.0000999999999749, -18.99999999999999645, -67.50000000000001421 ) ) ;
#9 = DIRECTION ( 'NONE',  ( 0.000000000000000000, 0.000000000000000000, 1.000000000000000000 ) ) ;
#10 = VECTOR ( 'NONE', #19, 1000.000000000000000 ) ;
#11 = ORIENTED_EDGE ( 'NONE', *, *, #382, .T. ) ;
#12 = CC_DESIGN_PERSON_AND_ORGANIZATION_ASSIGNMENT ( #1283, #149, ( #128 ) ) ;
#13 = VERTEX_POINT ( 'NONE', #783 ) ;
#14 = EDGE_CURVE ( 'NONE', #240, #240, #857, .T. ) ;
#15 = DIRECTION ( 'NONE',  ( 0.000000000000000000, -2.775557561562891844E-16, 1.000000000000000000 ) ) ;
#16 = CARTESIAN_POINT ( 'NONE',  ( 299.7250276089454815, 41.05661145656673483, -10.98207761072275623 ) ) ;
#17 = FACE_OUTER_BOUND ( 'NONE', #1355, .T. ) ;
#18 = VECTOR ( 'NONE', #1166, 1000.000000000000000 ) ;
#19 = DIRECTION ( 'NONE',  ( -1.000000000000000000, 0.000000000000000000, 0.000000000000000000 ) ) ;
#20 = EDGE_LOOP ( 'NONE', ( #709 ) ) ;
#21 = ORIENTED_EDGE ( 'NONE', *, *, #1207, .F. ) ;
#22 = SECURITY_CLASSIFICATION_LEVEL ( 'unclassified' ) ;
#23 = ADVANCED_FACE ( 'NONE', ( #1625 ), #492, .T. ) ;
#24 = CARTESIAN_POINT ( 'NONE',  ( 441.8766054319617069, -19.00000000000001421, 67.49999999999998579 ) ) ;
#25 = ADVANCED_FACE ( 'NONE', ( #1015 ), #1596, .T. ) ;
#26 = DIRECTION ( 'NONE',  ( 0.000000000000000000, 1.000000000000000000, 0.000000000000000000 ) ) ;
#27 = CARTESIAN_POINT ( 'NONE',  ( -66.87640543196171450, -42.49999999999999289, -42.50000000000002842 ) ) ;
#28 = ORIENTED_EDGE ( 'NONE', *, *, #994, .T. ) ;
#29 = AXIS2_PLACEMENT_3D ( 'NONE', #1568, #309, #974 ) ;
#30 = VERTEX_POINT ( 'NONE', #231 ) ;
#31 = ORIENTED_EDGE ( 'NONE', *, *, #1569, .T. ) ;
#32 = EDGE_CURVE ( 'NONE', #1468, #76, #465, .T. ) ;
#33 = FACE_OUTER_BOUND ( 'NONE', #347, .T. ) ;
#34 = CARTESIAN_POINT ( 'NONE',  ( -71.17691088670952126, 0.000000000000000000, 0.000000000000000000 ) ) ;
#35 = EDGE_LOOP ( 'NONE', ( #292, #261, #925, #952 ) ) ;
#36 = DIRECTION ( 'NONE',  ( 0.000000000000000000, -1.000000000000000000, -3.652049423109064868E-16 ) ) ;
#37 = APPROVAL_STATUS ( 'not_yet_approved' ) ;
#38 = FACE_OUTER_BOUND ( 'NONE', #140, .T. ) ;
#39 = LINE ( 'NONE', #1071, #687 ) ;
#40 = EDGE_CURVE ( 'NONE', #76, #475, #985, .T. ) ;
#41 = AXIS2_PLACEMENT_3D ( 'NONE', #788, #1174, #778 ) ;
#42 = VECTOR ( 'NONE', #176, 1000.000000000000000 ) ;
#43 = ORIENTED_EDGE ( 'NONE', *, *, #244, .T. ) ;
#44 = VECTOR ( 'NONE', #1514, 1000.000000000000000 ) ;
#45 = DIRECTION ( 'NONE',  ( 0.000000000000000000, -3.652049423109064868E-16, 1.000000000000000000 ) ) ;
#46 = APPROVAL_ROLE ( '' ) ;
#47 = EDGE_LOOP ( 'NONE', ( #428 ) ) ;
#48 = VERTEX_POINT ( 'NONE', #895 ) ;
#49 = CARTESIAN_POINT ( 'NONE',  ( 281.0000999999999749, -19.00000000000001421, 42.50000000000000711 ) ) ;
#50 = ADVANCED_FACE ( 'NONE', ( #595 ), #1357, .T. ) ;
#51 = FACE_OUTER_BOUND ( 'NONE', #601, .T. ) ;
#52 = ORIENTED_EDGE ( 'NONE', *, *, #784, .F. ) ;
#53 = AXIS2_PLACEMENT_3D ( 'NONE', #835, #169, #696 ) ;
#54 = CARTESIAN_POINT ( 'NONE',  ( 441.8766054319617069, -42.49999999999999289, -42.50000000000002842 ) ) ;
#55 = EDGE_LOOP ( 'NONE', ( #454, #195, #558, #269 ) ) ;
#56 = FACE_OUTER_BOUND ( 'NONE', #1398, .T. ) ;
#57 = CYLINDRICAL_SURFACE ( 'NONE', #1337, 4.964285714285716189 ) ;
#58 = DIRECTION ( 'NONE',  ( -1.000000000000000000, -0.000000000000000000, -0.000000000000000000 ) ) ;
#59 = CARTESIAN_POINT ( 'NONE',  ( -66.87640543196171450, 0.000000000000000000, 42.50000000000001421 ) ) ;
#60 = VERTEX_POINT ( 'NONE', #82 ) ;
#61 = ORIENTED_EDGE ( 'NONE', *, *, #1203, .F. ) ;
#62 = DIRECTION ( 'NONE',  ( 0.000000000000000000, -1.000000000000000000, -3.652049423109064868E-16 ) ) ;
#63 = CARTESIAN_POINT ( 'NONE',  ( 94.00010000000000332, -18.99999999999999645, -67.50000000000001421 ) ) ;
#64 = LINE ( 'NONE', #431, #1575 ) ;
#65 = ORIENTED_EDGE ( 'NONE', *, *, #1395, .T. ) ;
#66 = CARTESIAN_POINT ( 'NONE',  ( 80.88805348178927090, 41.33647545291236014, 9.880633312875714225 ) ) ;
#67 = AXIS2_PLACEMENT_3D ( 'NONE', #330, #980, #711 ) ;
#68 = LINE ( 'NONE', #419, #1029 ) ;
#69 = FACE_BOUND ( 'NONE', #692, .T. ) ;
#70 = AXIS2_PLACEMENT_3D ( 'NONE', #785, #927, #415 ) ;
#71 = EDGE_LOOP ( 'NONE', ( #1447 ) ) ;
#72 = EDGE_CURVE ( 'NONE', #1492, #60, #1609, .T. ) ;
#73 = DIRECTION ( 'NONE',  ( -0.000000000000000000, 0.000000000000000000, 1.000000000000000000 ) ) ;
#74 = CARTESIAN_POINT ( 'NONE',  ( 0.000000000000000000, 9.000000000000000000, 0.000000000000000000 ) ) ;
#75 = CARTESIAN_POINT ( 'NONE',  ( 66.11536049638097268, 42.22424263857966764, 4.879327183986403860 ) ) ;
#76 = VERTEX_POINT ( 'NONE', #1505 ) ;
#77 = LINE ( 'NONE', #873, #1145 ) ;
#78 = LINE ( 'NONE', #1630, #1123 ) ;
#79 = VERTEX_POINT ( 'NONE', #92 ) ;
#80 = ORIENTED_EDGE ( 'NONE', *, *, #429, .F. ) ;
#81 = LINE ( 'NONE', #706, #1461 ) ;
#82 = CARTESIAN_POINT ( 'NONE',  ( 124.0001000000000033, -19.00000000000001421, 67.49999999999998579 ) ) ;
#83 = ADVANCED_FACE ( 'NONE', ( #604, #477 ), #1243, .F. ) ;
#84 = CARTESIAN_POINT ( 'NONE',  ( 86.92901883393759022, 42.48143622158652022, 1.443589585965857403 ) ) ;
#85 = CARTESIAN_POINT ( 'NONE',  ( 441.8766054319617069, -19.00000000000001421, 42.50000000000000711 ) ) ;
#86 = EDGE_CURVE ( 'NONE', #1294, #1158, #485, .T. ) ;
#87 = LINE ( 'NONE', #339, #276 ) ;
#88 = CARTESIAN_POINT ( 'NONE',  ( 54.00009999999999621, 27.00000000000000000, 0.000000000000000000 ) ) ;
#89 = ORIENTED_EDGE ( 'NONE', *, *, #373, .T. ) ;
#90 = ORIENTED_EDGE ( 'NONE', *, *, #256, .T. ) ;
#91 = FACE_OUTER_BOUND ( 'NONE', #665, .T. ) ;
#92 = CARTESIAN_POINT ( 'NONE',  ( 251.0000999999999465, -45.00000000000000000, -67.50000000000001421 ) ) ;
#93 = CARTESIAN_POINT ( 'NONE',  ( 87.00055066636315360, 42.50011664303716685, -0.7139599234119586857 ) ) ;
#94 = FACE_BOUND ( 'NONE', #818, .T. ) ;
#95 = CARTESIAN_POINT ( 'NONE',  ( 124.0001000000000033, 2.775557561562891351E-14, -42.50000000000001421 ) ) ;
#96 = CARTESIAN_POINT ( 'NONE',  ( 301.5048635106269330, 41.12663282424129818, 10.71705926546482779 ) ) ;
#97 = DIRECTION ( 'NONE',  ( 0.000000000000000000, -1.000000000000000000, 0.000000000000000000 ) ) ;
#98 = EDGE_CURVE ( 'NONE', #691, #1468, #1252, .T. ) ;
#99 = VERTEX_POINT ( 'NONE', #1136 ) ;
#100 = CIRCLE ( 'NONE', #1040, 27.00000000000000000 ) ;
#101 = VERTEX_POINT ( 'NONE', #1375 ) ;
#102 = DIRECTION ( 'NONE',  ( 0.000000000000000000, 1.000000000000000000, 3.652049423109062403E-16 ) ) ;
#103 = CIRCLE ( 'NONE', #1476, 10.99999999999999645 ) ;
#104 = CARTESIAN_POINT ( 'NONE',  ( 71.13067895829927068, 41.33837738137810192, -9.870114433608273785 ) ) ;
#105 = DIRECTION ( 'NONE',  ( -1.000000000000000000, 0.000000000000000000, -0.000000000000000000 ) ) ;
#106 = ADVANCED_FACE ( 'NONE', ( #371, #1394 ), #457, .T. ) ;
#107 = FACE_OUTER_BOUND ( 'NONE', #1535, .T. ) ;
#108 = CARTESIAN_POINT ( 'NONE',  ( 309.7161219255571041, 42.42733099137281272, 2.509617208630728680 ) ) ;
#109 = ADVANCED_FACE ( 'NONE', ( #310, #946 ), #57, .T. ) ;
#110 = VERTEX_POINT ( 'NONE', #491 ) ;
#111 = CARTESIAN_POINT ( 'NONE',  ( 94.00010000000000332, -45.00000000000000000, -42.50000000000002842 ) ) ;
#112 = CARTESIAN_POINT ( 'NONE',  ( 83.26897757377747666, 41.68736341385981348, -8.287460722505972655 ) ) ;
#113 = CARTESIAN_POINT ( 'NONE',  ( 288.5647876087059558, 42.35651468252709861, 3.552487032897301056 ) ) ;
#114 = FACE_OUTER_BOUND ( 'NONE', #192, .T. ) ;
#115 = PLANE ( 'NONE',  #237 ) ;
#116 = DIRECTION ( 'NONE',  ( 0.000000000000000000, 0.000000000000000000, 1.000000000000000000 ) ) ;
#117 = CARTESIAN_POINT ( 'NONE',  ( 305.7047840402659631, 41.59480110618627435, 8.727944072064634184 ) ) ;
#118 = CARTESIAN_POINT ( 'NONE',  ( 76.00010000000001753, 41.05179655021203189, 11.00000000000000355 ) ) ;
#119 = VECTOR ( 'NONE', #1236, 1000.000000000000000 ) ;
#120 = VECTOR ( 'NONE', #312, 1000.000000000000000 ) ;
#121 = AXIS2_PLACEMENT_3D ( 'NONE', #1481, #367, #736 ) ;
#122 = CARTESIAN_POINT ( 'NONE',  ( 308.5262501516898510, 42.14226155891419978, -5.511970860673236494 ) ) ;
#123 = ORIENTED_EDGE ( 'NONE', *, *, #1429, .T. ) ;
#124 = CARTESIAN_POINT ( 'NONE',  ( 304.5185697843396042, 41.41684750516034086, 9.542624924430338496 ) ) ;
#125 = DATE_AND_TIME ( #386, #1588 ) ;
#126 = DIRECTION ( 'NONE',  ( -1.000000000000000000, -0.000000000000000000, -0.000000000000000000 ) ) ;
#127 = CARTESIAN_POINT ( 'NONE',  ( 288.0906167941259923, 42.47664788137758762, -1.453976541348679152 ) ) ;
#128 = PRODUCT_DEFINITION_FORMATION_WITH_SPECIFIED_SOURCE ( '任何', '', #1220, .NOT_KNOWN. ) ;
#129 = DIRECTION ( 'NONE',  ( 0.000000000000000000, 0.000000000000000000, 1.000000000000000000 ) ) ;
#130 = FACE_OUTER_BOUND ( 'NONE', #150, .T. ) ;
#131 = ADVANCED_FACE ( 'NONE', ( #447, #1101 ), #715, .T. ) ;
#132 = APPROVAL_ROLE ( '' ) ;
#133 = VECTOR ( 'NONE', #574, 1000.000000000000000 ) ;
#134 = DIRECTION ( 'NONE',  ( 0.000000000000000000, 0.000000000000000000, 1.000000000000000000 ) ) ;
#135 = CARTESIAN_POINT ( 'NONE',  ( 306.2689775737774767, 41.68736341385979216, -8.287460722505969102 ) ) ;
#136 = DIRECTION ( 'NONE',  ( 0.000000000000000000, 0.000000000000000000, 1.000000000000000000 ) ) ;
#137 = CARTESIAN_POINT ( 'NONE',  ( 441.8766054319617069, -19.00000000000000355, -42.50000000000002132 ) ) ;
#138 = EDGE_CURVE ( 'NONE', #394, #1080, #975, .T. ) ;
#139 = EDGE_LOOP ( 'NONE', ( #514, #1604, #1195, #729 ) ) ;
#140 = EDGE_LOOP ( 'NONE', ( #552, #944, #1108, #21 ) ) ;
#141 =( NAMED_UNIT ( * ) SI_UNIT ( $, .STERADIAN. ) SOLID_ANGLE_UNIT ( ) );
#142 = EDGE_CURVE ( 'NONE', #762, #762, #171, .T. ) ;
#143 = CARTESIAN_POINT ( 'NONE',  ( 124.0001000000000033, -45.00000000000000000, -67.50000000000001421 ) ) ;
#144 = CARTESIAN_POINT ( 'NONE',  ( 290.0594692189344528, 42.01365497992070175, -6.418162541751520678 ) ) ;
#145 = VECTOR ( 'NONE', #1327, 1000.000000000000000 ) ;
#146 = FACE_OUTER_BOUND ( 'NONE', #865, .T. ) ;
#147 = DIRECTION ( 'NONE',  ( -1.000000000000000000, -0.000000000000000000, -0.000000000000000000 ) ) ;
#148 = CARTESIAN_POINT ( 'NONE',  ( 65.70551466200228674, 42.32269120211475411, -3.892682316857405844 ) ) ;
#149 = PERSON_AND_ORGANIZATION_ROLE ( 'creator' ) ;
#150 = EDGE_LOOP ( 'NONE', ( #726, #1315, #1401, #1233 ) ) ;
#151 = ADVANCED_FACE ( 'NONE', ( #194, #334 ), #1218, .F. ) ;
#152 = VERTEX_POINT ( 'NONE', #351 ) ;
#153 = DIRECTION ( 'NONE',  ( 0.000000000000000000, 1.000000000000000000, 0.000000000000000000 ) ) ;
#154 = FACE_OUTER_BOUND ( 'NONE', #274, .T. ) ;
#155 = ORIENTED_EDGE ( 'NONE', *, *, #1321, .F. ) ;
#156 = CARTESIAN_POINT ( 'NONE',  ( 72.10138024976286886, 41.23519838383849390, 10.29216105001426662 ) ) ;
#157 = AXIS2_PLACEMENT_3D ( 'NONE', #723, #1595, #954 ) ;
#158 = CARTESIAN_POINT ( 'NONE',  ( -71.17691088670952126, 0.000000000000000000, 0.000000000000000000 ) ) ;
#159 = ORIENTED_EDGE ( 'NONE', *, *, #1172, .T. ) ;
#160 = LINE ( 'NONE', #527, #388 ) ;
#161 = ADVANCED_FACE ( 'NONE', ( #1602 ), #1363, .T. ) ;
#162 = AXIS2_PLACEMENT_3D ( 'NONE', #831, #809, #542 ) ;
#163 = CARTESIAN_POINT ( 'NONE',  ( 22.00009999999995358, 0.000000000000000000, 0.000000000000000000 ) ) ;
#164 = ORIENTED_EDGE ( 'NONE', *, *, #142, .T. ) ;
#165 = FACE_OUTER_BOUND ( 'NONE', #1526, .T. ) ;
#166 = APPROVAL_STATUS ( 'not_yet_approved' ) ;
#167 = VERTEX_POINT ( 'NONE', #472 ) ;
#168 = EDGE_LOOP ( 'NONE', ( #1299, #851, #808, #421 ) ) ;
#169 = DIRECTION ( 'NONE',  ( 1.000000000000000000, 0.000000000000000000, 0.000000000000000000 ) ) ;
#170 = CARTESIAN_POINT ( 'NONE',  ( -66.87640543196171450, -19.00000000000001421, 42.50000000000000711 ) ) ;
#171 = CIRCLE ( 'NONE', #1118, 12.59999999999999964 ) ;
#172 = AXIS2_PLACEMENT_3D ( 'NONE', #422, #1058, #1173 ) ;
#173 = VECTOR ( 'NONE', #853, 1000.000000000000000 ) ;
#174 = ORIENTED_EDGE ( 'NONE', *, *, #940, .T. ) ;
#175 = CIRCLE ( 'NONE', #549, 28.99999999999999645 ) ;
#176 = DIRECTION ( 'NONE',  ( 0.000000000000000000, 0.000000000000000000, 1.000000000000000000 ) ) ;
#177 = ORIENTED_EDGE ( 'NONE', *, *, #910, .T. ) ;
#178 = VERTEX_POINT ( 'NONE', #228 ) ;
#179 = DIRECTION ( 'NONE',  ( 1.000000000000000000, 0.000000000000000000, 0.000000000000000000 ) ) ;
#180 = CARTESIAN_POINT ( 'NONE',  ( 124.0001000000000033, -45.00000000000001421, 42.50000000000000000 ) ) ;
#181 = CARTESIAN_POINT ( 'NONE',  ( 251.0000999999999465, -1.552121004821352470E-14, 42.50000000000000000 ) ) ;
#182 = EDGE_LOOP ( 'NONE', ( #829 ) ) ;
#183 = ORIENTED_EDGE ( 'NONE', *, *, #1149, .F. ) ;
#184 = LINE ( 'NONE', #49, #1301 ) ;
#185 = DIRECTION ( 'NONE',  ( -1.000000000000000000, -0.000000000000000000, -0.000000000000000000 ) ) ;
#186 = AXIS2_PLACEMENT_3D ( 'NONE', #59, #45, #36 ) ;
#187 = ORIENTED_EDGE ( 'NONE', *, *, #623, .F. ) ;
#188 = EDGE_CURVE ( 'NONE', #867, #867, #1167, .T. ) ;
#189 = DIRECTION ( 'NONE',  ( -1.000000000000000000, -0.000000000000000000, -0.000000000000000000 ) ) ;
#190 = LINE ( 'NONE', #1593, #988 ) ;
#191 = ORIENTED_EDGE ( 'NONE', *, *, #619, .F. ) ;
#192 = EDGE_LOOP ( 'NONE', ( #1545, #513, #52, #1176 ) ) ;
#193 = DIRECTION ( 'NONE',  ( 0.000000000000000000, -1.000000000000000000, 0.000000000000000000 ) ) ;
#194 = FACE_OUTER_BOUND ( 'NONE', #270, .T. ) ;
#195 = ORIENTED_EDGE ( 'NONE', *, *, #449, .T. ) ;
#196 = AXIS2_PLACEMENT_3D ( 'NONE', #841, #471, #197 ) ;
#197 = DIRECTION ( 'NONE',  ( 0.000000000000000000, 0.000000000000000000, 1.000000000000000000 ) ) ;
#198 = EDGE_CURVE ( 'NONE', #1467, #1413, #190, .T. ) ;
#199 = ORIENTED_EDGE ( 'NONE', *, *, #790, .F. ) ;
#200 = ORIENTED_EDGE ( 'NONE', *, *, #1488, .T. ) ;
#201 = LINE ( 'NONE', #594, #255 ) ;
#202 = CARTESIAN_POINT ( 'NONE',  ( 84.27628010481302567, 41.87714782977625561, -7.254896518931041705 ) ) ;
#203 = LINE ( 'NONE', #1229, #1451 ) ;
#204 = ORIENTED_EDGE ( 'NONE', *, *, #1196, .F. ) ;
#205 = CARTESIAN_POINT ( 'NONE',  ( 251.0000999999999465, -45.00000000000001421, 42.50000000000000000 ) ) ;
#206 = DIRECTION ( 'NONE',  ( 0.000000000000000000, 0.000000000000000000, -1.000000000000000000 ) ) ;
#207 = EDGE_LOOP ( 'NONE', ( #1586 ) ) ;
#208 = AXIS2_PLACEMENT_3D ( 'NONE', #1341, #1578, #446 ) ;
#209 = ORIENTED_EDGE ( 'NONE', *, *, #348, .F. ) ;
#210 = CARTESIAN_POINT ( 'NONE',  ( 76.00010000000001753, 8.850852961085960757, 10.99999999999999645 ) ) ;
#211 = CARTESIAN_POINT ( 'NONE',  ( 94.00010000000000332, -42.50000000000000711, 42.50000000000000000 ) ) ;
#212 = CARTESIAN_POINT ( 'NONE',  ( 86.01985119142612746, 42.25668721379568638, 4.553324519267250459 ) ) ;
#213 = CYLINDRICAL_SURFACE ( 'NONE', #1091, 9.000000000000000000 ) ;
#214 = FACE_OUTER_BOUND ( 'NONE', #460, .T. ) ;
#215 = PLANE ( 'NONE',  #121 ) ;
#216 = CARTESIAN_POINT ( 'NONE',  ( 281.0000999999999749, -19.00000000000001421, 42.50000000000000711 ) ) ;
#217 = DIRECTION ( 'NONE',  ( 0.000000000000000000, 0.000000000000000000, -1.000000000000000000 ) ) ;
#218 = ORIENTED_EDGE ( 'NONE', *, *, #578, .T. ) ;
#219 = ADVANCED_FACE ( 'NONE', ( #69, #1231 ), #575, .F. ) ;
#220 = CARTESIAN_POINT ( 'NONE',  ( 1.999999999999988010, 0.000000000000000000, -12.59999999999999964 ) ) ;
#221 = CARTESIAN_POINT ( 'NONE',  ( 73.48788318008082854, 41.12707196610810456, 10.71537781456251714 ) ) ;
#222 = CARTESIAN_POINT ( 'NONE',  ( 83.52671912181207858, 41.73533843494090689, 8.029787937312542923 ) ) ;
#223 = VECTOR ( 'NONE', #531, 1000.000000000000000 ) ;
#224 = CARTESIAN_POINT ( 'NONE',  ( 299.0000999999999181, 41.05179655021203189, 11.00000000000001066 ) ) ;
#225 = ADVANCED_FACE ( 'NONE', ( #1223, #453 ), #443, .F. ) ;
#226 = CARTESIAN_POINT ( 'NONE',  ( 309.6267932294346679, 42.40478995408997775, 2.864187634439910646 ) ) ;
#227 = DIRECTION ( 'NONE',  ( 1.000000000000000000, 0.000000000000000000, 0.000000000000000000 ) ) ;
#228 = CARTESIAN_POINT ( 'NONE',  ( 281.0000999999999749, 0.000000000000000000, 42.50000000000001421 ) ) ;
#229 = CONICAL_SURFACE ( 'NONE', #1169, 1732.050807568851269, 1.047197551196591192 ) ;
#230 = CARTESIAN_POINT ( 'NONE',  ( 441.8766054319617069, -19.00000000000001421, 42.50000000000000711 ) ) ;
#231 = CARTESIAN_POINT ( 'NONE',  ( 251.0000999999999465, -45.00000000000001421, 42.50000000000000000 ) ) ;
#232 = AXIS2_PLACEMENT_3D ( 'NONE', #1519, #893, #512 ) ;
#233 = CARTESIAN_POINT ( 'NONE',  ( 70.49377751054258567, 41.41822993081403581, -9.529471803619308901 ) ) ;
#234 = CARTESIAN_POINT ( 'NONE',  ( 293.4778456665044928, 41.41732172172847015, 9.540654177790525381 ) ) ;
#235 = CARTESIAN_POINT ( 'NONE',  ( -66.87640543196171450, -45.00000000000000000, -67.50000000000001421 ) ) ;
#236 = VERTEX_POINT ( 'NONE', #220 ) ;
#237 = AXIS2_PLACEMENT_3D ( 'NONE', #230, #886, #1515 ) ;
#238 = CARTESIAN_POINT ( 'NONE',  ( 290.2705398841885653, 41.96910291049725572, 6.702485890672896574 ) ) ;
#239 = LINE ( 'NONE', #1353, #44 ) ;
#240 = VERTEX_POINT ( 'NONE', #118 ) ;
#241 = CARTESIAN_POINT ( 'NONE',  ( 307.9444032792866324, 42.01443725611395053, -6.413047741062001705 ) ) ;
#242 = CARTESIAN_POINT ( 'NONE',  ( 301.8542824985782431, 41.14944913492463741, 10.62942381477931164 ) ) ;
#243 = APPROVAL_DATE_TIME ( #125, #654 ) ;
#244 = EDGE_CURVE ( 'NONE', #79, #298, #842, .T. ) ;
#245 = VECTOR ( 'NONE', #392, 1000.000000000000000 ) ;
#246 = VECTOR ( 'NONE', #702, 1000.000000000000000 ) ;
#247 = AXIS2_PLACEMENT_3D ( 'NONE', #372, #621, #116 ) ;
#248 = EDGE_CURVE ( 'NONE', #152, #474, #1584, .T. ) ;
#249 = CARTESIAN_POINT ( 'NONE',  ( 288.5828002108319765, 42.35280160368362345, -3.550974903370709423 ) ) ;
#250 = DIRECTION ( 'NONE',  ( -1.000000000000000000, -0.000000000000000000, -0.000000000000000000 ) ) ;
#251 = DIRECTION ( 'NONE',  ( -1.000000000000000000, -0.000000000000000000, -0.000000000000000000 ) ) ;
#252 = CARTESIAN_POINT ( 'NONE',  ( 319.2501000000000317, 0.000000000000000000, -29.78571428571428825 ) ) ;
#253 = CARTESIAN_POINT ( 'NONE',  ( 251.0000999999999465, -19.00000000000001421, 67.49999999999998579 ) ) ;
#254 = CARTESIAN_POINT ( 'NONE',  ( 309.0219952569638622, 42.25719228070228439, -4.548883059729283751 ) ) ;
#255 = VECTOR ( 'NONE', #430, 1000.000000000000000 ) ;
#256 = EDGE_CURVE ( 'NONE', #273, #1557, #78, .T. ) ;
#257 = CARTESIAN_POINT ( 'NONE',  ( 281.0000999999999749, 0.000000000000000000, 0.000000000000000000 ) ) ;
#258 = CYLINDRICAL_SURFACE ( 'NONE', #1415, 42.50000000000000000 ) ;
#259 = ADVANCED_FACE ( 'NONE', ( #1147, #1634 ), #213, .T. ) ;
#260 = EDGE_LOOP ( 'NONE', ( #1473 ) ) ;
#261 = ORIENTED_EDGE ( 'NONE', *, *, #1282, .F. ) ;
#262 = APPROVAL_DATE_TIME ( #641, #301 ) ;
#263 = AXIS2_PLACEMENT_3D ( 'NONE', #1087, #189, #1448 ) ;
#264 = ADVANCED_FACE ( 'NONE', ( #743 ), #1612, .T. ) ;
#265 = CARTESIAN_POINT ( 'NONE',  ( 124.0001000000000033, -19.00000000000001421, 67.49999999999998579 ) ) ;
#266 = CARTESIAN_POINT ( 'NONE',  ( 288.3729435452757457, 42.40490682806374423, -2.862359751775773731 ) ) ;
#267 = CARTESIAN_POINT ( 'NONE',  ( 441.8766054319617069, -42.50000000000000711, 42.50000000000000000 ) ) ;
#268 = DIRECTION ( 'NONE',  ( 1.000000000000000000, 0.000000000000000000, 0.000000000000000000 ) ) ;
#269 = ORIENTED_EDGE ( 'NONE', *, *, #72, .F. ) ;
#270 = EDGE_LOOP ( 'NONE', ( #592 ) ) ;
#271 = ADVANCED_FACE ( 'NONE', ( #94, #606 ), #487, .F. ) ;
#272 = APPROVAL_STATUS ( 'not_yet_approved' ) ;
#273 = VERTEX_POINT ( 'NONE', #1132 ) ;
#274 = EDGE_LOOP ( 'NONE', ( #704 ) ) ;
#275 = DIRECTION ( 'NONE',  ( 0.000000000000000000, -0.000000000000000000, 1.000000000000000000 ) ) ;
#276 = VECTOR ( 'NONE', #329, 1000.000000000000000 ) ;
#277 = VECTOR ( 'NONE', #937, 1000.000000000000000 ) ;
#278 = CARTESIAN_POINT ( 'NONE',  ( 124.0001000000000033, 2.775557561562891351E-14, -42.50000000000001421 ) ) ;
#279 = DIRECTION ( 'NONE',  ( 0.000000000000000000, -0.000000000000000000, -1.000000000000000000 ) ) ;
#280 = EDGE_LOOP ( 'NONE', ( #1216 ) ) ;
#281 = CARTESIAN_POINT ( 'NONE',  ( 69.57965693162942955, 41.54978219694449137, 8.939113746441117669 ) ) ;
#282 = VERTEX_POINT ( 'NONE', #1011 ) ;
#283 = EDGE_CURVE ( 'NONE', #475, #474, #1500, .T. ) ;
#284 = CARTESIAN_POINT ( 'NONE',  ( 94.00010000000000332, 2.775557561562891351E-14, -42.50000000000001421 ) ) ;
#285 = CALENDAR_DATE ( 2022, 8, 11 ) ;
#286 = ORIENTED_EDGE ( 'NONE', *, *, #981, .T. ) ;
#287 = EDGE_LOOP ( 'NONE', ( #978 ) ) ;
#288 = FACE_OUTER_BOUND ( 'NONE', #287, .T. ) ;
#289 = CYLINDRICAL_SURFACE ( 'NONE', #926, 42.50000000000000000 ) ;
#290 = EDGE_LOOP ( 'NONE', ( #1179, #942, #320, #817 ) ) ;
#291 = CARTESIAN_POINT ( 'NONE',  ( -66.87640543196171450, 0.000000000000000000, 42.50000000000001421 ) ) ;
#292 = ORIENTED_EDGE ( 'NONE', *, *, #918, .T. ) ;
#293 = FACE_BOUND ( 'NONE', #47, .T. ) ;
#294 = CARTESIAN_POINT ( 'NONE',  ( 249.0000999999999465, 0.000000000000000000, 0.000000000000000000 ) ) ;
#295 = CARTESIAN_POINT ( 'NONE',  ( 65.01865853406322060, 42.49518617548444865, -0.7340401434828582872 ) ) ;
#296 = VERTEX_POINT ( 'NONE', #1000 ) ;
#297 = DIRECTION ( 'NONE',  ( 0.000000000000000000, 1.000000000000000000, 3.652049423109061417E-16 ) ) ;
#298 = VERTEX_POINT ( 'NONE', #775 ) ;
#299 = ORIENTED_EDGE ( 'NONE', *, *, #1234, .T. ) ;
#300 = CARTESIAN_POINT ( 'NONE',  ( -66.87640543196171450, -42.50000000000000711, 42.50000000000000000 ) ) ;
#301 = APPROVAL ( #272, '未指定' ) ;
#302 = DIRECTION ( 'NONE',  ( 0.000000000000000000, 0.000000000000000000, 1.000000000000000000 ) ) ;
#303 = ADVANCED_FACE ( 'NONE', ( #1528, #397 ), #953, .F. ) ;
#304 = AXIS2_PLACEMENT_3D ( 'NONE', #796, #126, #667 ) ;
#305 = CARTESIAN_POINT ( 'NONE',  ( 77.44737570668102933, 41.07126679120473511, 10.92804608351681672 ) ) ;
#306 = VECTOR ( 'NONE', #1140, 1000.000000000000000 ) ;
#307 = CARTESIAN_POINT ( 'NONE',  ( 94.00010000000000332, -19.00000000000001421, 67.49999999999998579 ) ) ;
#308 = ORIENTED_EDGE ( 'NONE', *, *, #854, .T. ) ;
#309 = DIRECTION ( 'NONE',  ( -1.000000000000000000, -0.000000000000000000, -0.000000000000000000 ) ) ;
#310 = FACE_OUTER_BOUND ( 'NONE', #1483, .T. ) ;
#311 = AXIS2_PLACEMENT_3D ( 'NONE', #1544, #923, #1042 ) ;
#312 = DIRECTION ( 'NONE',  ( 0.000000000000000000, 1.000000000000000000, 0.000000000000000000 ) ) ;
#313 = EDGE_CURVE ( 'NONE', #1306, #99, #1240, .T. ) ;
#314 = ORIENTED_EDGE ( 'NONE', *, *, #1569, .F. ) ;
#315 = CARTESIAN_POINT ( 'NONE',  ( 76.73016330919138284, 41.05179655021203899, 11.00000000000000533 ) ) ;
#316 = EDGE_CURVE ( 'NONE', #178, #540, #1107, .T. ) ;
#317 = CIRCLE ( 'NONE', #1377, 9.000000000000000000 ) ;
#318 = FACE_OUTER_BOUND ( 'NONE', #843, .T. ) ;
#319 = DIRECTION ( 'NONE',  ( 0.000000000000000000, 0.000000000000000000, 1.000000000000000000 ) ) ;
#320 = ORIENTED_EDGE ( 'NONE', *, *, #248, .F. ) ;
#321 = VERTEX_POINT ( 'NONE', #1465 ) ;
#322 = DIRECTION ( 'NONE',  ( 0.000000000000000000, 0.000000000000000000, -1.000000000000000000 ) ) ;
#323 = DIRECTION ( 'NONE',  ( 0.000000000000000000, 0.000000000000000000, 1.000000000000000000 ) ) ;
#324 = DIRECTION ( 'NONE',  ( 0.000000000000000000, -1.000000000000000000, 0.000000000000000000 ) ) ;
#325 = CIRCLE ( 'NONE', #5, 10.59999999999999609 ) ;
#326 = ADVANCED_FACE ( 'NONE', ( #1601 ), #1222, .T. ) ;
#327 = ORIENTED_EDGE ( 'NONE', *, *, #32, .F. ) ;
#328 = CARTESIAN_POINT ( 'NONE',  ( 83.26151771445228178, 41.68816232705823666, 8.270526499632554263 ) ) ;
#329 = DIRECTION ( 'NONE',  ( 0.000000000000000000, 0.000000000000000000, 1.000000000000000000 ) ) ;
#330 = CARTESIAN_POINT ( 'NONE',  ( 94.00010000000000332, 0.000000000000000000, 0.000000000000000000 ) ) ;
#331 = ORIENTED_EDGE ( 'NONE', *, *, #1454, .T. ) ;
#332 = VERTEX_POINT ( 'NONE', #461 ) ;
#333 = CARTESIAN_POINT ( 'NONE',  ( 251.0000999999999465, -42.50000000000000711, 42.50000000000000000 ) ) ;
#334 = FACE_BOUND ( 'NONE', #260, .T. ) ;
#335 = CONICAL_SURFACE ( 'NONE', #891, 10.59999999999999609, 0.7853981633974522758 ) ;
#336 = CARTESIAN_POINT ( 'NONE',  ( 85.52776462603121388, 42.14260579035517651, 5.509293923655934400 ) ) ;
#337 = DIRECTION ( 'NONE',  ( -1.000000000000000000, 0.000000000000000000, 0.000000000000000000 ) ) ;
#338 = VECTOR ( 'NONE', #1180, 1000.000000000000000 ) ;
#339 = CARTESIAN_POINT ( 'NONE',  ( 124.0001000000000033, -19.00000000000001421, 42.50000000000000711 ) ) ;
#340 = VECTOR ( 'NONE', #467, 1000.000000000000000 ) ;
#341 = VERTEX_POINT ( 'NONE', #1472 ) ;
#342 = LINE ( 'NONE', #300, #968 ) ;
#343 = CARTESIAN_POINT ( 'NONE',  ( -66.87640543196171450, -45.00000000000000000, -42.50000000000002842 ) ) ;
#344 = CARTESIAN_POINT ( 'NONE',  ( 78.87167274209345180, 41.14602531201502700, -10.64312832882564486 ) ) ;
#345 = DIRECTION ( 'NONE',  ( 0.000000000000000000, 0.000000000000000000, 1.000000000000000000 ) ) ;
#346 = CARTESIAN_POINT ( 'NONE',  ( 292.5796569316294722, 41.54978219694449848, 8.939113746441138986 ) ) ;
#347 = EDGE_LOOP ( 'NONE', ( #1426 ) ) ;
#348 = EDGE_CURVE ( 'NONE', #959, #60, #87, .T. ) ;
#349 = CARTESIAN_POINT ( 'NONE',  ( 300.4473757066812141, 41.07126679120467827, 10.92804608351682738 ) ) ;
#350 = CARTESIAN_POINT ( 'NONE',  ( 94.00010000000000332, -18.99999999999999645, -67.50000000000001421 ) ) ;
#351 = CARTESIAN_POINT ( 'NONE',  ( 124.0001000000000033, -45.00000000000001421, 67.49999999999998579 ) ) ;
#352 = ORIENTED_EDGE ( 'NONE', *, *, #693, .F. ) ;
#353 = VECTOR ( 'NONE', #15, 1000.000000000000000 ) ;
#354 = EDGE_LOOP ( 'NONE', ( #554 ) ) ;
#355 = CARTESIAN_POINT ( 'NONE',  ( 441.8766054319617069, -19.00000000000000355, -42.50000000000002132 ) ) ;
#356 = CARTESIAN_POINT ( 'NONE',  ( 76.00010000000004595, 41.05179655021204610, 11.00000000000000711 ) ) ;
#357 = CARTESIAN_POINT ( 'NONE',  ( 81.82567453647236277, 41.46204231692247788, -9.337590625449756487 ) ) ;
#358 = DIRECTION ( 'NONE',  ( -1.000000000000000000, -0.000000000000000000, -0.000000000000000000 ) ) ;
#359 = CARTESIAN_POINT ( 'NONE',  ( 294.1082894400466330, 41.33698212023927709, 9.878490194701127436 ) ) ;
#360 = VECTOR ( 'NONE', #1213, 1000.000000000000000 ) ;
#361 = DIRECTION ( 'NONE',  ( 1.000000000000000000, 0.000000000000000000, 0.000000000000000000 ) ) ;
#362 = LINE ( 'NONE', #205, #1607 ) ;
#363 = VERTEX_POINT ( 'NONE', #1135 ) ;
#364 = DIRECTION ( 'NONE',  ( 0.000000000000000000, 0.000000000000000000, -1.000000000000000000 ) ) ;
#365 = CARTESIAN_POINT ( 'NONE',  ( 76.72502760894552409, 41.05661145656674194, -10.98207761072275801 ) ) ;
#366 = CARTESIAN_POINT ( 'NONE',  ( 124.0001000000000033, -45.00000000000000000, -67.50000000000001421 ) ) ;
#367 = DIRECTION ( 'NONE',  ( 0.000000000000000000, 3.652049423109061417E-16, -1.000000000000000000 ) ) ;
#368 = VECTOR ( 'NONE', #861, 1000.000000000000000 ) ;
#369 = VECTOR ( 'NONE', #26, 1000.000000000000000 ) ;
#370 = DIRECTION ( 'NONE',  ( 0.000000000000000000, 0.000000000000000000, 1.000000000000000000 ) ) ;
#371 = FACE_OUTER_BOUND ( 'NONE', #705, .T. ) ;
#372 = CARTESIAN_POINT ( 'NONE',  ( 299.0000999999999749, 153.2202980891890149, 0.000000000000000000 ) ) ;
#373 = EDGE_CURVE ( 'NONE', #637, #637, #848, .T. ) ;
#374 = CARTESIAN_POINT ( 'NONE',  ( 124.0001000000000033, -42.50000000000000711, 42.50000000000000000 ) ) ;
#375 = VERTEX_POINT ( 'NONE', #515 ) ;
#376 = VECTOR ( 'NONE', #1414, 1000.000000000000000 ) ;
#377 = CARTESIAN_POINT ( 'NONE',  ( 304.5178777250019380, 41.41975097361007130, -9.522871800191030189 ) ) ;
#378 = DIRECTION ( 'NONE',  ( 0.000000000000000000, 0.000000000000000000, 1.000000000000000000 ) ) ;
#379 = EDGE_CURVE ( 'NONE', #1158, #540, #77, .T. ) ;
#380 = AXIS2_PLACEMENT_3D ( 'NONE', #922, #1423, #426 ) ;
#381 = PERSON_AND_ORGANIZATION_ROLE ( 'creator' ) ;
#382 = EDGE_CURVE ( 'NONE', #30, #332, #362, .T. ) ;
#383 = CARTESIAN_POINT ( 'NONE',  ( 300.8089772663899453, 41.09010713305362117, -10.85626504348452848 ) ) ;
#384 = CARTESIAN_POINT ( 'NONE',  ( 76.00010000000001753, 52.40519253897141283, 0.000000000000000000 ) ) ;
#385 = CARTESIAN_POINT ( 'NONE',  ( 92.00010000000000332, 0.000000000000000000, 0.000000000000000000 ) ) ;
#386 = CALENDAR_DATE ( 2022, 8, 11 ) ;
#387 = AXIS2_PLACEMENT_3D ( 'NONE', #74, #1589, #1006 ) ;
#388 = VECTOR ( 'NONE', #1435, 1000.000000000000000 ) ;
#389 = VECTOR ( 'NONE', #361, 1000.000000000000000 ) ;
#390 = ADVANCED_FACE ( 'NONE', ( #1128, #864 ), #635, .T. ) ;
#391 = CARTESIAN_POINT ( 'NONE',  ( 288.0704905682411550, 42.48161856309348394, 1.436349494587650044 ) ) ;
#392 = DIRECTION ( 'NONE',  ( 0.000000000000000000, -1.000000000000000000, -3.652049423109064868E-16 ) ) ;
#393 = CARTESIAN_POINT ( 'NONE',  ( 0.000000000000000000, 0.000000000000000000, 0.000000000000000000 ) ) ;
#394 = VERTEX_POINT ( 'NONE', #350 ) ;
#395 = EDGE_LOOP ( 'NONE', ( #1577 ) ) ;
#396 = EDGE_CURVE ( 'NONE', #178, #321, #1340, .T. ) ;
#397 = FACE_OUTER_BOUND ( 'NONE', #537, .T. ) ;
#398 = PLANE ( 'NONE',  #70 ) ;
#399 = CARTESIAN_POINT ( 'NONE',  ( 305.7170671163846123, 41.59353537370543563, -8.740367396816733248 ) ) ;
#400 = EDGE_CURVE ( 'NONE', #475, #341, #1354, .T. ) ;
#401 = EDGE_LOOP ( 'NONE', ( #164 ) ) ;
#402 = DIRECTION ( 'NONE',  ( 0.000000000000000000, 0.000000000000000000, 1.000000000000000000 ) ) ;
#403 = DIRECTION ( 'NONE',  ( 0.000000000000000000, 0.000000000000000000, -1.000000000000000000 ) ) ;
#404 = ORIENTED_EDGE ( 'NONE', *, *, #40, .F. ) ;
#405 = CARTESIAN_POINT ( 'NONE',  ( 67.05946921893445278, 42.01365497992070885, -6.418162541751517125 ) ) ;
#406 = ORIENTED_EDGE ( 'NONE', *, *, #98, .T. ) ;
#407 = LINE ( 'NONE', #1070, #1120 ) ;
#408 = CARTESIAN_POINT ( 'NONE',  ( 281.0000999999999749, -19.00000000000000355, -42.50000000000002132 ) ) ;
#409 = DIRECTION ( 'NONE',  ( 0.000000000000000000, 0.000000000000000000, 1.000000000000000000 ) ) ;
#410 = CARTESIAN_POINT ( 'NONE',  ( 67.27053988418863639, 41.96910291049726993, 6.702485890672902791 ) ) ;
#411 = ORIENTED_EDGE ( 'NONE', *, *, #816, .T. ) ;
#412 = DIRECTION ( 'NONE',  ( -0.000000000000000000, 1.000000000000000000, -0.000000000000000000 ) ) ;
#413 = PERSON_AND_ORGANIZATION ( #676, #668 ) ;
#414 = ORIENTED_EDGE ( 'NONE', *, *, #1622, .F. ) ;
#415 = DIRECTION ( 'NONE',  ( 0.000000000000000000, 0.000000000000000000, -1.000000000000000000 ) ) ;
#416 = VECTOR ( 'NONE', #1540, 1000.000000000000000 ) ;
#417 = FACE_OUTER_BOUND ( 'NONE', #1425, .T. ) ;
#418 = VERTEX_POINT ( 'NONE', #1482 ) ;
#419 = CARTESIAN_POINT ( 'NONE',  ( 94.00010000000000332, -45.00000000000000000, -67.50000000000001421 ) ) ;
#420 = ORIENTED_EDGE ( 'NONE', *, *, #1454, .F. ) ;
#421 = ORIENTED_EDGE ( 'NONE', *, *, #1276, .F. ) ;
#422 = CARTESIAN_POINT ( 'NONE',  ( -66.87640543196171450, -19.00000000000001421, 42.50000000000000711 ) ) ;
#423 = DIRECTION ( 'NONE',  ( 0.000000000000000000, 1.632680918566406054E-16, -1.000000000000000000 ) ) ;
#424 = VECTOR ( 'NONE', #1193, 1000.000000000000000 ) ;
#425 = CARTESIAN_POINT ( 'NONE',  ( 67.72550836902298954, 41.87683423989664533, 7.256698303691520024 ) ) ;
#426 = DIRECTION ( 'NONE',  ( 0.000000000000000000, 1.632680918566406054E-16, -1.000000000000000000 ) ) ;
#427 = VERTEX_POINT ( 'NONE', #216 ) ;
#428 = ORIENTED_EDGE ( 'NONE', *, *, #489, .T. ) ;
#429 = EDGE_CURVE ( 'NONE', #1148, #1148, #548, .T. ) ;
#430 = DIRECTION ( 'NONE',  ( 0.000000000000000000, -1.000000000000000000, 0.000000000000000000 ) ) ;
#431 = CARTESIAN_POINT ( 'NONE',  ( 251.0000999999999465, -42.50000000000000711, 42.50000000000000000 ) ) ;
#432 = ORIENTED_EDGE ( 'NONE', *, *, #396, .F. ) ;
#433 = PLANE ( 'NONE',  #186 ) ;
#434 = EDGE_LOOP ( 'NONE', ( #561 ) ) ;
#435 = VERTEX_POINT ( 'NONE', #1583 ) ;
#436 = CARTESIAN_POINT ( 'NONE',  ( 281.0000999999999749, -42.50000000000000711, 42.50000000000000000 ) ) ;
#437 = DIRECTION ( 'NONE',  ( 0.000000000000000000, 0.000000000000000000, 1.000000000000000000 ) ) ;
#438 = AXIS2_PLACEMENT_3D ( 'NONE', #591, #1495, #1574 ) ;
#439 = EDGE_CURVE ( 'NONE', #427, #1089, #452, .T. ) ;
#440 = AXIS2_PLACEMENT_3D ( 'NONE', #776, #1277, #649 ) ;
#441 = AXIS2_PLACEMENT_3D ( 'NONE', #760, #1238, #1113 ) ;
#442 = CARTESIAN_POINT ( 'NONE',  ( 281.0000999999999749, -42.49999999999999289, -42.50000000000002842 ) ) ;
#443 = PLANE ( 'NONE',  #1191 ) ;
#444 = EDGE_LOOP ( 'NONE', ( #1293 ) ) ;
#445 = EDGE_LOOP ( 'NONE', ( #931, #1562, #450, #1594 ) ) ;
#446 = DIRECTION ( 'NONE',  ( 0.000000000000000000, 0.000000000000000000, -1.000000000000000000 ) ) ;
#447 = FACE_OUTER_BOUND ( 'NONE', #852, .T. ) ;
#448 = CYLINDRICAL_SURFACE ( 'NONE', #1421, 27.00000000000000000 ) ;
#449 = EDGE_CURVE ( 'NONE', #341, #152, #933, .T. ) ;
#450 = ORIENTED_EDGE ( 'NONE', *, *, #379, .F. ) ;
#451 = CARTESIAN_POINT ( 'NONE',  ( 82.70478404026601993, 41.59480110618627435, 8.727944072064611092 ) ) ;
#452 = LINE ( 'NONE', #802, #42 ) ;
#453 = FACE_BOUND ( 'NONE', #354, .T. ) ;
#454 = ORIENTED_EDGE ( 'NONE', *, *, #517, .F. ) ;
#455 = ORIENTED_EDGE ( 'NONE', *, *, #1450, .F. ) ;
#456 = DIRECTION ( 'NONE',  ( 0.000000000000000000, -1.000000000000000000, 0.000000000000000000 ) ) ;
#457 = CYLINDRICAL_SURFACE ( 'NONE', #1143, 40.50000000000000000 ) ;
#458 = CARTESIAN_POINT ( 'NONE',  ( 69.28834830840901304, 41.59594957675940208, 8.722447703587175027 ) ) ;
#459 = ORIENTED_EDGE ( 'NONE', *, *, #994, .F. ) ;
#460 = EDGE_LOOP ( 'NONE', ( #420, #1517, #532, #65, #684, #585, #1303, #1099, #794, #1552, #1324, #969 ) ) ;
#461 = CARTESIAN_POINT ( 'NONE',  ( 251.0000999999999465, -45.00000000000001421, 67.49999999999998579 ) ) ;
#462 = ORIENTED_EDGE ( 'NONE', *, *, #1044, .F. ) ;
#463 = ORIENTED_EDGE ( 'NONE', *, *, #1051, .F. ) ;
#464 = DIRECTION ( 'NONE',  ( 1.000000000000000000, 0.000000000000000000, 0.000000000000000000 ) ) ;
#465 = LINE ( 'NONE', #211, #1064 ) ;
#466 = CARTESIAN_POINT ( 'NONE',  ( 86.43761105180487903, 42.35704541848149063, -3.547005719482211106 ) ) ;
#467 = DIRECTION ( 'NONE',  ( -0.000000000000000000, 1.000000000000000000, 3.652049423109062403E-16 ) ) ;
#468 = CIRCLE ( 'NONE', #1507, 27.00000000000000000 ) ;
#469 = CARTESIAN_POINT ( 'NONE',  ( 307.2840644961206635, 41.87634156979213174, 7.272268636344312753 ) ) ;
#470 = CIRCLE ( 'NONE', #1390, 40.50000000000000000 ) ;
#471 = DIRECTION ( 'NONE',  ( -0.000000000000000000, 1.000000000000000000, -0.000000000000000000 ) ) ;
#472 = CARTESIAN_POINT ( 'NONE',  ( 94.00010000000000332, -19.00000000000000355, -42.50000000000002132 ) ) ;
#473 = AXIS2_PLACEMENT_3D ( 'NONE', #1352, #734, #1479 ) ;
#474 = VERTEX_POINT ( 'NONE', #960 ) ;
#475 = VERTEX_POINT ( 'NONE', #1457 ) ;
#476 = VERTEX_POINT ( 'NONE', #631 ) ;
#477 = FACE_OUTER_BOUND ( 'NONE', #1201, .T. ) ;
#478 = CARTESIAN_POINT ( 'NONE',  ( 82.71706711638472598, 41.59353537370541432, -8.740367396816719037 ) ) ;
#479 = DIRECTION ( 'NONE',  ( 0.000000000000000000, 0.000000000000000000, -1.000000000000000000 ) ) ;
#480 = DIRECTION ( 'NONE',  ( -1.000000000000000000, 0.000000000000000000, 0.000000000000000000 ) ) ;
#481 = ORIENTED_EDGE ( 'NONE', *, *, #693, .T. ) ;
#482 = CARTESIAN_POINT ( 'NONE',  ( 307.7383399875336067, 41.96966431420549526, 6.720547231788875919 ) ) ;
#483 = CARTESIAN_POINT ( 'NONE',  ( 441.8766054319617069, -45.00000000000001421, 42.50000000000000000 ) ) ;
#484 = VERTEX_POINT ( 'NONE', #740 ) ;
#485 = LINE ( 'NONE', #1008, #1165 ) ;
#486 = CARTESIAN_POINT ( 'NONE',  ( 85.34184237750002922, 42.10083760976331746, -5.818899538006839123 ) ) ;
#487 = PLANE ( 'NONE',  #767 ) ;
#488 = LINE ( 'NONE', #633, #1248 ) ;
#489 = EDGE_CURVE ( 'NONE', #625, #625, #470, .T. ) ;
#490 = DIRECTION ( 'NONE',  ( 0.000000000000000000, -0.000000000000000000, 1.000000000000000000 ) ) ;
#491 = CARTESIAN_POINT ( 'NONE',  ( 281.0000999999999749, 0.000000000000000000, 40.50000000000000000 ) ) ;
#492 = PLANE ( 'NONE',  #950 ) ;
#493 = APPLICATION_CONTEXT ( 'configuration controlled 3d designs of mechanical parts and assemblies' ) ;
#494 = EDGE_CURVE ( 'NONE', #540, #296, #688, .T. ) ;
#495 = CARTESIAN_POINT ( 'NONE',  ( 124.0001000000000033, -19.00000000000001421, 42.50000000000000711 ) ) ;
#496 = DIRECTION ( 'NONE',  ( 0.000000000000000000, 0.000000000000000000, 1.000000000000000000 ) ) ;
#497 = VECTOR ( 'NONE', #971, 1000.000000000000000 ) ;
#498 = AXIS2_PLACEMENT_3D ( 'NONE', #1286, #928, #659 ) ;
#499 = VERTEX_POINT ( 'NONE', #1021 ) ;
#500 = EDGE_CURVE ( 'NONE', #1080, #691, #68, .T. ) ;
#501 = CARTESIAN_POINT ( 'NONE',  ( 288.2852508049879248, 42.42703540432086129, -2.514151938344955539 ) ) ;
#502 = CARTESIAN_POINT ( 'NONE',  ( 309.9283742256006349, 42.48127316076961080, -1.446400251680740601 ) ) ;
#503 = DIRECTION ( 'NONE',  ( 0.000000000000000000, 1.000000000000000000, 2.775557561562891844E-16 ) ) ;
#504 = CARTESIAN_POINT ( 'NONE',  ( 307.7313717086935867, 41.96945864412196414, -6.700266783992151254 ) ) ;
#505 = CARTESIAN_POINT ( 'NONE',  ( 124.0001000000000033, 0.000000000000000000, 42.50000000000001421 ) ) ;
#506 = LINE ( 'NONE', #660, #223 ) ;
#507 = VERTEX_POINT ( 'NONE', #252 ) ;
#508 = PLANE ( 'NONE',  #609 ) ;
#509 = CARTESIAN_POINT ( 'NONE',  ( 288.0186585340633201, 42.49518617548447708, -0.7340401434828759397 ) ) ;
#510 = ADVANCED_FACE ( 'NONE', ( #318, #165 ), #683, .T. ) ;
#511 = CYLINDRICAL_SURFACE ( 'NONE', #1066, 42.50000000000000000 ) ;
#512 = DIRECTION ( 'NONE',  ( 0.000000000000000000, 0.000000000000000000, -1.000000000000000000 ) ) ;
#513 = ORIENTED_EDGE ( 'NONE', *, *, #1051, .T. ) ;
#514 = ORIENTED_EDGE ( 'NONE', *, *, #198, .F. ) ;
#515 = CARTESIAN_POINT ( 'NONE',  ( 326.0001000000000317, 0.000000000000000000, -39.71428571428571530 ) ) ;
#516 = CONICAL_SURFACE ( 'NONE', #894, 1732.050807568856271, 1.047197551196592524 ) ;
#517 = EDGE_CURVE ( 'NONE', #341, #1492, #1313, .T. ) ;
#518 = PLANE ( 'NONE',  #1314 ) ;
#519 = AXIS2_PLACEMENT_3D ( 'NONE', #1373, #765, #496 ) ;
#520 = CARTESIAN_POINT ( 'NONE',  ( 294.4556044082421522, 41.30125685180168205, -10.02378162515904947 ) ) ;
#521 = CARTESIAN_POINT ( 'NONE',  ( 281.0000999999999749, -42.49999999999999289, -42.50000000000002842 ) ) ;
#522 = LINE ( 'NONE', #1400, #1392 ) ;
#523 = ORIENTED_EDGE ( 'NONE', *, *, #697, .T. ) ;
#524 = CARTESIAN_POINT ( 'NONE',  ( 67.27301344657624327, 41.96858252021475266, -6.705790409706025912 ) ) ;
#525 = ORIENTED_EDGE ( 'NONE', *, *, #1566, .T. ) ;
#526 = AXIS2_PLACEMENT_3D ( 'NONE', #1474, #1460, #73 ) ;
#527 = CARTESIAN_POINT ( 'NONE',  ( -66.87640543196171450, 2.775557561562891351E-14, -42.50000000000001421 ) ) ;
#528 = APPROVAL ( #166, '未指定' ) ;
#529 = SECURITY_CLASSIFICATION ( '', '', #22 ) ;
#530 = DIRECTION ( 'NONE',  ( -0.000000000000000000, 0.000000000000000000, -1.000000000000000000 ) ) ;
#531 = DIRECTION ( 'NONE',  ( 1.000000000000000000, 0.000000000000000000, 0.000000000000000000 ) ) ;
#532 = ORIENTED_EDGE ( 'NONE', *, *, #348, .T. ) ;
#533 = VERTEX_POINT ( 'NONE', #694 ) ;
#534 = COORDINATED_UNIVERSAL_TIME_OFFSET ( 8, 0, .AHEAD. ) ;
#535 = VECTOR ( 'NONE', #297, 1000.000000000000000 ) ;
#536 = ORIENTED_EDGE ( 'NONE', *, *, #578, .F. ) ;
#537 = EDGE_LOOP ( 'NONE', ( #1420 ) ) ;
#538 = ADVANCED_FACE ( 'NONE', ( #1197 ), #433, .T. ) ;
#539 = CYLINDRICAL_SURFACE ( 'NONE', #498, 40.50000000000000000 ) ;
#540 = VERTEX_POINT ( 'NONE', #181 ) ;
#541 = ORIENTED_EDGE ( 'NONE', *, *, #1386, .F. ) ;
#542 = DIRECTION ( 'NONE',  ( 0.000000000000000000, 0.000000000000000000, -1.000000000000000000 ) ) ;
#543 = COORDINATED_UNIVERSAL_TIME_OFFSET ( 8, 0, .AHEAD. ) ;
#544 = ORIENTED_EDGE ( 'NONE', *, *, #816, .F. ) ;
#545 = AXIS2_PLACEMENT_3D ( 'NONE', #617, #1130, #364 ) ;
#546 = LINE ( 'NONE', #1284, #338 ) ;
#547 = AXIS2_PLACEMENT_3D ( 'NONE', #24, #153, #275 ) ;
#548 = CIRCLE ( 'NONE', #896, 27.00000000000000000 ) ;
#549 = AXIS2_PLACEMENT_3D ( 'NONE', #1633, #1503, #378 ) ;
#550 = FACE_BOUND ( 'NONE', #713, .T. ) ;
#551 = EDGE_CURVE ( 'NONE', #1096, #1027, #673, .T. ) ;
#552 = ORIENTED_EDGE ( 'NONE', *, *, #1418, .F. ) ;
#553 = CARTESIAN_POINT ( 'NONE',  ( 65.35135184420208532, 42.41022743036148768, 2.850197346813921229 ) ) ;
#554 = ORIENTED_EDGE ( 'NONE', *, *, #1122, .T. ) ;
#555 = ADVANCED_FACE ( 'NONE', ( #564 ), #1431, .T. ) ;
#556 = CARTESIAN_POINT ( 'NONE',  ( -66.87640543196171450, -45.00000000000001421, 67.49999999999998579 ) ) ;
#557 = APPROVAL_DATE_TIME ( #962, #528 ) ;
#558 = ORIENTED_EDGE ( 'NONE', *, *, #1395, .F. ) ;
#559 = FACE_BOUND ( 'NONE', #395, .T. ) ;
#560 = CYLINDRICAL_SURFACE ( 'NONE', #1369, 42.50000000000000000 ) ;
#561 = ORIENTED_EDGE ( 'NONE', *, *, #188, .F. ) ;
#562 = EDGE_LOOP ( 'NONE', ( #951 ) ) ;
#563 = EDGE_CURVE ( 'NONE', #1025, #1025, #325, .T. ) ;
#564 = FACE_OUTER_BOUND ( 'NONE', #1411, .T. ) ;
#565 = COORDINATED_UNIVERSAL_TIME_OFFSET ( 8, 0, .AHEAD. ) ;
#566 = EDGE_CURVE ( 'NONE', #1413, #79, #949, .T. ) ;
#567 = FACE_OUTER_BOUND ( 'NONE', #1057, .T. ) ;
#568 = VECTOR ( 'NONE', #1322, 1000.000000000000000 ) ;
#569 = CARTESIAN_POINT ( 'NONE',  ( 326.0001000000000317, 0.000000000000000000, -34.75000000000000000 ) ) ;
#570 = CARTESIAN_POINT ( 'NONE',  ( 441.8766054319617069, -18.99999999999999645, -67.50000000000001421 ) ) ;
#571 = EDGE_CURVE ( 'NONE', #1458, #1096, #824, .T. ) ;
#572 = ORIENTED_EDGE ( 'NONE', *, *, #316, .F. ) ;
#573 = CARTESIAN_POINT ( 'NONE',  ( 76.00010000000004595, 41.05179655021204610, 11.00000000000000711 ) ) ;
#574 = DIRECTION ( 'NONE',  ( -1.000000000000000000, 0.000000000000000000, 0.000000000000000000 ) ) ;
#575 = PLANE ( 'NONE',  #1506 ) ;
#576 = ORIENTED_EDGE ( 'NONE', *, *, #1443, .T. ) ;
#577 = CARTESIAN_POINT ( 'NONE',  ( 94.00010000000000332, -42.49999999999999289, -42.50000000000002842 ) ) ;
#578 = EDGE_CURVE ( 'NONE', #99, #855, #584, .T. ) ;
#579 = CARTESIAN_POINT ( 'NONE',  ( -71.17691088670952126, 0.000000000000000000, 0.000000000000000000 ) ) ;
#580 = AXIS2_PLACEMENT_3D ( 'NONE', #483, #97, #1345 ) ;
#581 = PRODUCT_DEFINITION_SHAPE ( 'NONE', 'NONE',  #735 ) ;
#582 = EDGE_LOOP ( 'NONE', ( #1328 ) ) ;
#583 = CARTESIAN_POINT ( 'NONE',  ( 79.89022127714940780, 41.23437367001230314, 10.29547023816693319 ) ) ;
#584 = LINE ( 'NONE', #291, #568 ) ;
#585 = ORIENTED_EDGE ( 'NONE', *, *, #1257, .T. ) ;
#586 = LINE ( 'NONE', #714, #424 ) ;
#587 = EDGE_CURVE ( 'NONE', #1346, #435, #1097, .T. ) ;
#588 = EDGE_LOOP ( 'NONE', ( #462 ) ) ;
#589 = VECTOR ( 'NONE', #1208, 1000.000000000000000 ) ;
#590 = CARTESIAN_POINT ( 'NONE',  ( 126.0001000000000033, 0.000000000000000000, 0.000000000000000000 ) ) ;
#591 = CARTESIAN_POINT ( 'NONE',  ( -66.87640543196171450, -45.00000000000001421, 67.49999999999998579 ) ) ;
#592 = ORIENTED_EDGE ( 'NONE', *, *, #563, .T. ) ;
#593 = EDGE_LOOP ( 'NONE', ( #523 ) ) ;
#594 = CARTESIAN_POINT ( 'NONE',  ( 281.0000999999999749, -45.00000000000001421, 67.49999999999998579 ) ) ;
#595 = FACE_OUTER_BOUND ( 'NONE', #700, .T. ) ;
#596 = CARTESIAN_POINT ( 'NONE',  ( 85.86596701669172660, 42.22035059753108044, -4.877912206098703685 ) ) ;
#597 = FACE_OUTER_BOUND ( 'NONE', #1344, .T. ) ;
#598 = EDGE_LOOP ( 'NONE', ( #787, #1068, #1225, #455 ) ) ;
#599 = DIRECTION ( 'NONE',  ( -1.000000000000000000, 0.000000000000000000, 0.000000000000000000 ) ) ;
#600 = CARTESIAN_POINT ( 'NONE',  ( 281.0000999999999749, 42.50000000000000000, 0.000000000000000000 ) ) ;
#601 = EDGE_LOOP ( 'NONE', ( #1187 ) ) ;
#602 = ORIENTED_EDGE ( 'NONE', *, *, #98, .F. ) ;
#603 = DIRECTION ( 'NONE',  ( 1.000000000000000000, 0.000000000000000000, 0.000000000000000000 ) ) ;
#604 = FACE_BOUND ( 'NONE', #1168, .T. ) ;
#605 = CARTESIAN_POINT ( 'NONE',  ( 80.88005102641071176, 41.33961564544973299, -9.864939752742174051 ) ) ;
#606 = FACE_OUTER_BOUND ( 'NONE', #672, .T. ) ;
#607 = LINE ( 'NONE', #1124, #1524 ) ;
#608 = VERTEX_POINT ( 'NONE', #284 ) ;
#609 = AXIS2_PLACEMENT_3D ( 'NONE', #1404, #644, #1043 ) ;
#610 = CARTESIAN_POINT ( 'NONE',  ( 302.5468663345448590, 41.20328091068013521, 10.41880304725684070 ) ) ;
#611 = DIRECTION ( 'NONE',  ( 0.000000000000000000, 1.000000000000000000, 3.652049423109064868E-16 ) ) ;
#612 = CIRCLE ( 'NONE', #1610, 12.59999999999999964 ) ;
#613 = CC_DESIGN_PERSON_AND_ORGANIZATION_ASSIGNMENT ( #898, #381, ( #735 ) ) ;
#614 = ADVANCED_FACE ( 'NONE', ( #1307 ), #1189, .T. ) ;
#615 = ORIENTED_EDGE ( 'NONE', *, *, #1330, .T. ) ;
#616 = CARTESIAN_POINT ( 'NONE',  ( 20.00009999999999266, 0.000000000000000000, 12.59999999999999964 ) ) ;
#617 = CARTESIAN_POINT ( 'NONE',  ( 283.0000999999999749, 40.50000000000000000, 0.000000000000000000 ) ) ;
#618 = CARTESIAN_POINT ( 'NONE',  ( 70.18239837925915481, 41.46092835772879681, -9.342546724507180045 ) ) ;
#619 = EDGE_CURVE ( 'NONE', #1063, #321, #943, .T. ) ;
#620 = DIRECTION ( 'NONE',  ( 1.000000000000000000, 0.000000000000000000, 0.000000000000000000 ) ) ;
#621 = DIRECTION ( 'NONE',  ( -0.000000000000000000, 1.000000000000000000, -0.000000000000000000 ) ) ;
#622 = DIRECTION ( 'NONE',  ( 1.000000000000000000, 0.000000000000000000, -0.000000000000000000 ) ) ;
#623 = EDGE_CURVE ( 'NONE', #1063, #273, #1393, .T. ) ;
#624 = AXIS2_PLACEMENT_3D ( 'NONE', #355, #503, #1608 ) ;
#625 = VERTEX_POINT ( 'NONE', #1485 ) ;
#626 = DIRECTION ( 'NONE',  ( 0.000000000000000000, 1.000000000000000000, 0.000000000000000000 ) ) ;
#627 = ADVANCED_FACE ( 'NONE', ( #1030, #1273 ), #335, .T. ) ;
#628 = CARTESIAN_POINT ( 'NONE',  ( 86.62679322943473892, 42.40478995408999197, 2.864187634439917751 ) ) ;
#629 = DIRECTION ( 'NONE',  ( -1.000000000000000000, 0.000000000000000000, 0.000000000000000000 ) ) ;
#630 = LINE ( 'NONE', #1024, #306 ) ;
#631 = CARTESIAN_POINT ( 'NONE',  ( -29.99999999999999289, 0.000000000000000000, -7.000000000000006217 ) ) ;
#632 = EDGE_CURVE ( 'NONE', #167, #48, #506, .T. ) ;
#633 = CARTESIAN_POINT ( 'NONE',  ( -66.87640543196171450, -18.99999999999999645, -67.50000000000001421 ) ) ;
#634 = CARTESIAN_POINT ( 'NONE',  ( 309.9996449929143409, 42.49988223348179872, 0.7277799009198807623 ) ) ;
#635 = CONICAL_SURFACE ( 'NONE', #1550, 7.000000000000006217, 0.7853981633974410625 ) ;
#636 = CIRCLE ( 'NONE', #766, 40.50000000000000000 ) ;
#637 = VERTEX_POINT ( 'NONE', #751 ) ;
#638 = CARTESIAN_POINT ( 'NONE',  ( 291.7355593773327769, 41.68662614038975534, -8.291018537125237842 ) ) ;
#639 = ADVANCED_FACE ( 'NONE', ( #1053 ), #258, .T. ) ;
#640 = CARTESIAN_POINT ( 'NONE',  ( 76.00010000000001753, 8.850852961085960757, 0.000000000000000000 ) ) ;
#641 = DATE_AND_TIME ( #285, #1349 ) ;
#642 = CC_DESIGN_APPROVAL ( #301, ( #128 ) ) ;
#643 = EDGE_CURVE ( 'NONE', #1468, #282, #1541, .T. ) ;
#644 = DIRECTION ( 'NONE',  ( -0.000000000000000000, 0.000000000000000000, -1.000000000000000000 ) ) ;
#645 = CARTESIAN_POINT ( 'NONE',  ( 303.5526582460929603, 41.30214122632553142, -10.02014396053689538 ) ) ;
#646 = FACE_OUTER_BOUND ( 'NONE', #280, .T. ) ;
#647 = CARTESIAN_POINT ( 'NONE',  ( -66.87640543196171450, -19.00000000000000355, -42.50000000000002132 ) ) ;
#648 = COORDINATED_UNIVERSAL_TIME_OFFSET ( 8, 0, .AHEAD. ) ;
#649 = DIRECTION ( 'NONE',  ( 0.000000000000000000, 0.000000000000000000, -1.000000000000000000 ) ) ;
#650 = CARTESIAN_POINT ( 'NONE',  ( 298.2851589533337915, 41.05171402156150862, -11.00030799542784976 ) ) ;
#651 = FACE_OUTER_BOUND ( 'NONE', #839, .T. ) ;
#652 = DIRECTION ( 'NONE',  ( -0.000000000000000000, 1.000000000000000000, -0.000000000000000000 ) ) ;
#653 = ORIENTED_EDGE ( 'NONE', *, *, #400, .T. ) ;
#654 = APPROVAL ( #37, '未指定' ) ;
#655 = PERSON_AND_ORGANIZATION ( #676, #668 ) ;
#656 = AXIS2_PLACEMENT_3D ( 'NONE', #797, #1059, #669 ) ;
#657 = FACE_OUTER_BOUND ( 'NONE', #71, .T. ) ;
#658 = MANIFOLD_SOLID_BREP ( 'Fillet1', #1037 ) ;
#659 = DIRECTION ( 'NONE',  ( 0.000000000000000000, 0.000000000000000000, 1.000000000000000000 ) ) ;
#660 = CARTESIAN_POINT ( 'NONE',  ( -66.87640543196171450, -19.00000000000000355, -42.50000000000002132 ) ) ;
#661 = CARTESIAN_POINT ( 'NONE',  ( 65.37294354527585938, 42.40490682806375133, -2.862359751775755967 ) ) ;
#662 = EDGE_LOOP ( 'NONE', ( #1184, #177, #1334, #1331 ) ) ;
#663 = PERSON_AND_ORGANIZATION ( #676, #668 ) ;
#664 = EDGE_CURVE ( 'NONE', #882, #882, #689, .T. ) ;
#665 = EDGE_LOOP ( 'NONE', ( #1590, #1241, #1074, #1302, #804, #406, #1464, #1455, #653, #1211, #411, #973 ) ) ;
#666 = ORIENTED_EDGE ( 'NONE', *, *, #977, .F. ) ;
#667 = DIRECTION ( 'NONE',  ( 0.000000000000000000, 0.000000000000000000, 1.000000000000000000 ) ) ;
#668 = ORGANIZATION ( '未指定', '未指定', '' ) ;
#669 = DIRECTION ( 'NONE',  ( 0.000000000000000000, 0.000000000000000000, 1.000000000000000000 ) ) ;
#670 = ORIENTED_EDGE ( 'NONE', *, *, #623, .T. ) ;
#671 = CARTESIAN_POINT ( 'NONE',  ( 72.44037061623420470, 41.20439040344292891, 10.41442230498586419 ) ) ;
#672 = EDGE_LOOP ( 'NONE', ( #1463, #481, #90, #308, #43, #28, #810, #972, #11, #904, #1098, #844 ) ) ;
#673 = LINE ( 'NONE', #54, #133 ) ;
#674 = ORIENTED_EDGE ( 'NONE', *, *, #1203, .T. ) ;
#675 = ORIENTED_EDGE ( 'NONE', *, *, #1031, .T. ) ;
#676 = PERSON ( '未指定', '未指定', '未指定', ('未指定'), ('未指定'), ('未指定') ) ;
#677 = ADVANCED_FACE ( 'NONE', ( #1280 ), #789, .T. ) ;
#678 = DIRECTION ( 'NONE',  ( -0.000000000000000000, 0.000000000000000000, 1.000000000000000000 ) ) ;
#679 = CARTESIAN_POINT ( 'NONE',  ( 94.00010000000000332, -45.00000000000000000, -67.50000000000001421 ) ) ;
#680 = EDGE_CURVE ( 'NONE', #1347, #1347, #103, .T. ) ;
#681 = CARTESIAN_POINT ( 'NONE',  ( 65.14408796312373795, 42.46290542664793577, -1.809960191863908330 ) ) ;
#682 = ORIENTED_EDGE ( 'NONE', *, *, #932, .T. ) ;
#683 = CYLINDRICAL_SURFACE ( 'NONE', #1406, 27.00000000000000000 ) ;
#684 = ORIENTED_EDGE ( 'NONE', *, *, #248, .T. ) ;
#685 = VECTOR ( 'NONE', #1093, 1000.000000000000000 ) ;
#686 = PLANE ( 'NONE',  #526 ) ;
#687 = VECTOR ( 'NONE', #1084, 1000.000000000000000 ) ;
#688 = CIRCLE ( 'NONE', #263, 42.50000000000000000 ) ;
#689 = CIRCLE ( 'NONE', #749, 42.50000000000000000 ) ;
#690 = DIRECTION ( 'NONE',  ( 1.000000000000000000, 0.000000000000000000, 0.000000000000000000 ) ) ;
#691 = VERTEX_POINT ( 'NONE', #1151 ) ;
#692 = EDGE_LOOP ( 'NONE', ( #80 ) ) ;
#693 = EDGE_CURVE ( 'NONE', #296, #273, #1525, .T. ) ;
#694 = CARTESIAN_POINT ( 'NONE',  ( 281.0000999999999749, -45.00000000000001421, 67.49999999999998579 ) ) ;
#695 = EDGE_LOOP ( 'NONE', ( #572, #1441, #1069, #1081 ) ) ;
#696 = DIRECTION ( 'NONE',  ( 0.000000000000000000, 0.000000000000000000, -1.000000000000000000 ) ) ;
#697 = EDGE_CURVE ( 'NONE', #476, #476, #850, .T. ) ;
#698 = DIRECTION ( 'NONE',  ( -1.000000000000000000, 0.000000000000000000, 0.000000000000000000 ) ) ;
#699 = AXIS2_PLACEMENT_3D ( 'NONE', #996, #1624, #370 ) ;
#700 = EDGE_LOOP ( 'NONE', ( #602, #1332, #935, #1202 ) ) ;
#701 = ORIENTED_EDGE ( 'NONE', *, *, #198, .T. ) ;
#702 = DIRECTION ( 'NONE',  ( 1.000000000000000000, 0.000000000000000000, 0.000000000000000000 ) ) ;
#703 = ADVANCED_FACE ( 'NONE', ( #130 ), #1036, .T. ) ;
#704 = ORIENTED_EDGE ( 'NONE', *, *, #14, .T. ) ;
#705 = EDGE_LOOP ( 'NONE', ( #993 ) ) ;
#706 = CARTESIAN_POINT ( 'NONE',  ( 281.0000999999999749, -18.99999999999999645, -67.50000000000001421 ) ) ;
#707 = DIRECTION ( 'NONE',  ( -1.000000000000000000, -0.000000000000000000, -0.000000000000000000 ) ) ;
#708 = LINE ( 'NONE', #1200, #1290 ) ;
#709 = ORIENTED_EDGE ( 'NONE', *, *, #563, .F. ) ;
#710 = DIRECTION ( 'NONE',  ( 0.000000000000000000, 0.000000000000000000, 1.000000000000000000 ) ) ;
#711 = DIRECTION ( 'NONE',  ( 0.000000000000000000, 0.000000000000000000, 1.000000000000000000 ) ) ;
#712 = PERSON_AND_ORGANIZATION ( #676, #668 ) ;
#713 = EDGE_LOOP ( 'NONE', ( #1206 ) ) ;
#714 = CARTESIAN_POINT ( 'NONE',  ( 281.0000999999999749, -45.00000000000001421, 42.50000000000000000 ) ) ;
#715 = CYLINDRICAL_SURFACE ( 'NONE', #1387, 12.59999999999999964 ) ;
#716 = AXIS2_PLACEMENT_3D ( 'NONE', #343, #1475, #741 ) ;
#717 = AXIS2_PLACEMENT_3D ( 'NONE', #590, #979, #1592 ) ;
#718 = AXIS2_PLACEMENT_3D ( 'NONE', #1556, #947, #302 ) ;
#719 = ORIENTED_EDGE ( 'NONE', *, *, #439, .F. ) ;
#720 = DIRECTION ( 'NONE',  ( -1.000000000000000000, -0.000000000000000000, -0.000000000000000000 ) ) ;
#721 = EDGE_LOOP ( 'NONE', ( #781 ) ) ;
#722 = EDGE_LOOP ( 'NONE', ( #1023, #615, #1605, #905 ) ) ;
#723 = CARTESIAN_POINT ( 'NONE',  ( 251.0000999999999465, 0.000000000000000000, 0.000000000000000000 ) ) ;
#724 = CARTESIAN_POINT ( 'NONE',  ( 84.28406449612070617, 41.87634156979213174, 7.272268636344307424 ) ) ;
#725 = CARTESIAN_POINT ( 'NONE',  ( 1.999999999999988010, 0.000000000000000000, 0.000000000000000000 ) ) ;
#726 = ORIENTED_EDGE ( 'NONE', *, *, #745, .F. ) ;
#727 = CARTESIAN_POINT ( 'NONE',  ( -29.99999999999999289, 0.000000000000000000, 0.000000000000000000 ) ) ;
#728 = ORIENTED_EDGE ( 'NONE', *, *, #1159, .F. ) ;
#729 = ORIENTED_EDGE ( 'NONE', *, *, #566, .F. ) ;
#730 = VERTEX_POINT ( 'NONE', #1235 ) ;
#731 = DIRECTION ( 'NONE',  ( 1.000000000000000000, 0.000000000000000000, 0.000000000000000000 ) ) ;
#732 = CARTESIAN_POINT ( 'NONE',  ( 80.55265824609297454, 41.30214122632554563, -10.02014396053692380 ) ) ;
#733 = CARTESIAN_POINT ( 'NONE',  ( -71.17691088670952126, 0.000000000000000000, 0.000000000000000000 ) ) ;
#734 = DIRECTION ( 'NONE',  ( 0.000000000000000000, -0.000000000000000000, 1.000000000000000000 ) ) ;
#735 = PRODUCT_DEFINITION ( '未知', '', #128, #1367 ) ;
#736 = DIRECTION ( 'NONE',  ( 0.000000000000000000, 1.000000000000000000, 3.652049423109061417E-16 ) ) ;
#737 = DIRECTION ( 'NONE',  ( -1.000000000000000000, -0.000000000000000000, -0.000000000000000000 ) ) ;
#738 = DIRECTION ( 'NONE',  ( 1.000000000000000000, 0.000000000000000000, 0.000000000000000000 ) ) ;
#739 = EDGE_LOOP ( 'NONE', ( #719, #174, #795, #463 ) ) ;
#740 = CARTESIAN_POINT ( 'NONE',  ( 0.000000000000000000, 0.000000000000000000, 9.000000000000000000 ) ) ;
#741 = DIRECTION ( 'NONE',  ( 1.000000000000000000, 0.000000000000000000, -0.000000000000000000 ) ) ;
#742 = CARTESIAN_POINT ( 'NONE',  ( 79.55736293648074309, 41.20034529928527434, -10.43370340274984898 ) ) ;
#743 = FACE_OUTER_BOUND ( 'NONE', #662, .T. ) ;
#744 = CARTESIAN_POINT ( 'NONE',  ( 298.2700366908088654, 41.05179655021204610, 11.00000000000001066 ) ) ;
#745 = EDGE_CURVE ( 'NONE', #167, #394, #522, .T. ) ;
#746 = VECTOR ( 'NONE', #690, 1000.000000000000000 ) ;
#747 = LINE ( 'NONE', #235, #389 ) ;
#748 = DIRECTION ( 'NONE',  ( 0.000000000000000000, 0.000000000000000000, 1.000000000000000000 ) ) ;
#749 = AXIS2_PLACEMENT_3D ( 'NONE', #385, #251, #409 ) ;
#750 = ADVANCED_FACE ( 'NONE', ( #1047 ), #913, .T. ) ;
#751 = CARTESIAN_POINT ( 'NONE',  ( 299.0000999999999749, 3.850852961085976744, 11.00000000000001066 ) ) ;
#752 = CARTESIAN_POINT ( 'NONE',  ( -66.87640543196171450, -19.00000000000001421, 67.49999999999998579 ) ) ;
#753 = CARTESIAN_POINT ( 'NONE',  ( 85.34162315265415089, 42.10077821078147764, 5.819501136870495195 ) ) ;
#754 = PLANE ( 'NONE',  #441 ) ;
#755 = AXIS2_PLACEMENT_3D ( 'NONE', #1333, #193, #1587 ) ;
#756 = DIRECTION ( 'NONE',  ( 0.000000000000000000, -1.000000000000000000, 0.000000000000000000 ) ) ;
#757 = VECTOR ( 'NONE', #456, 1000.000000000000000 ) ;
#758 = ADVANCED_FACE ( 'NONE', ( #1629 ), #215, .T. ) ;
#759 = VERTEX_POINT ( 'NONE', #1251 ) ;
#760 = CARTESIAN_POINT ( 'NONE',  ( 124.0001000000000033, 42.50000000000000000, 0.000000000000000000 ) ) ;
#761 = CARTESIAN_POINT ( 'NONE',  ( 303.8880534817893135, 41.33647545291237435, 9.880633312875726659 ) ) ;
#762 = VERTEX_POINT ( 'NONE', #616 ) ;
#763 = EDGE_CURVE ( 'NONE', #1496, #1496, #175, .T. ) ;
#764 = CARTESIAN_POINT ( 'NONE',  ( 304.8256745364723201, 41.46204231692244235, -9.337590625449792014 ) ) ;
#765 = DIRECTION ( 'NONE',  ( -1.000000000000000000, -0.000000000000000000, -0.000000000000000000 ) ) ;
#766 = AXIS2_PLACEMENT_3D ( 'NONE', #257, #1046, #1164 ) ;
#767 = AXIS2_PLACEMENT_3D ( 'NONE', #1121, #620, #479 ) ;
#768 = AXIS2_PLACEMENT_3D ( 'NONE', #1133, #1370, #862 ) ;
#769 = DATE_AND_TIME ( #889, #1456 ) ;
#770 = CARTESIAN_POINT ( 'NONE',  ( 288.1440879631236953, 42.46290542664792156, -1.809960191863910550 ) ) ;
#771 = CARTESIAN_POINT ( 'NONE',  ( 251.0000999999999465, -42.49999999999999289, -42.50000000000002842 ) ) ;
#772 = DIRECTION ( 'NONE',  ( 1.000000000000000000, 0.000000000000000000, 0.000000000000000000 ) ) ;
#773 = MECHANICAL_CONTEXT ( 'NONE', #1534, 'mechanical' ) ;
#774 = CIRCLE ( 'NONE', #29, 42.50000000000000000 ) ;
#775 = CARTESIAN_POINT ( 'NONE',  ( 251.0000999999999465, -45.00000000000000000, -42.50000000000002842 ) ) ;
#776 = CARTESIAN_POINT ( 'NONE',  ( 249.0000999999999465, 0.000000000000000000, 0.000000000000000000 ) ) ;
#777 = CARTESIAN_POINT ( 'NONE',  ( 295.4495365062517749, 41.19978168076968927, -10.43590206385599295 ) ) ;
#778 = DIRECTION ( 'NONE',  ( 0.000000000000000000, 0.000000000000000000, 1.000000000000000000 ) ) ;
#779 = CC_DESIGN_DATE_AND_TIME_ASSIGNMENT ( #769, #1270, ( #735 ) ) ;
#780 = CARTESIAN_POINT ( 'NONE',  ( -71.17691088670952126, 0.000000000000000000, 0.000000000000000000 ) ) ;
#781 = ORIENTED_EDGE ( 'NONE', *, *, #874, .F. ) ;
#782 = ORIENTED_EDGE ( 'NONE', *, *, #1207, .T. ) ;
#783 = CARTESIAN_POINT ( 'NONE',  ( -27.99999999999996803, 0.000000000000000000, -9.000000000000000000 ) ) ;
#784 = EDGE_CURVE ( 'NONE', #332, #1294, #630, .T. ) ;
#785 = CARTESIAN_POINT ( 'NONE',  ( -29.99999999999999289, -1.540743955509788682E-30, 0.000000000000000000 ) ) ;
#786 = CARTESIAN_POINT ( 'NONE',  ( 308.3418423775000292, 42.10083760976332456, -5.818899538006846228 ) ) ;
#787 = ORIENTED_EDGE ( 'NONE', *, *, #1429, .F. ) ;
#788 = CARTESIAN_POINT ( 'NONE',  ( 0.000000000000000000, 0.000000000000000000, 0.000000000000000000 ) ) ;
#789 = PLANE ( 'NONE',  #1371 ) ;
#790 = EDGE_CURVE ( 'NONE', #363, #363, #1041, .T. ) ;
#791 = ORIENTED_EDGE ( 'NONE', *, *, #1090, .F. ) ;
#792 = ORIENTED_EDGE ( 'NONE', *, *, #429, .T. ) ;
#793 =( LENGTH_UNIT ( ) NAMED_UNIT ( * ) SI_UNIT ( .MILLI., .METRE. ) );
#794 = ORIENTED_EDGE ( 'NONE', *, *, #914, .T. ) ;
#795 = ORIENTED_EDGE ( 'NONE', *, *, #86, .F. ) ;
#796 = CARTESIAN_POINT ( 'NONE',  ( 94.00010000000000332, 0.000000000000000000, 0.000000000000000000 ) ) ;
#797 = CARTESIAN_POINT ( 'NONE',  ( 126.0001000000000033, 0.000000000000000000, 0.000000000000000000 ) ) ;
#798 = ORIENTED_EDGE ( 'NONE', *, *, #1204, .T. ) ;
#799 = CARTESIAN_POINT ( 'NONE',  ( 70.47784566650449278, 41.41732172172847015, 9.540654177790518276 ) ) ;
#800 = ORIENTED_EDGE ( 'NONE', *, *, #439, .T. ) ;
#801 = EDGE_CURVE ( 'NONE', #730, #730, #821, .T. ) ;
#802 = CARTESIAN_POINT ( 'NONE',  ( 281.0000999999999749, -19.00000000000001421, 67.49999999999998579 ) ) ;
#803 = VERTEX_POINT ( 'NONE', #1154 ) ;
#804 = ORIENTED_EDGE ( 'NONE', *, *, #500, .T. ) ;
#805 = CARTESIAN_POINT ( 'NONE',  ( 124.0001000000000033, -45.00000000000000000, -42.50000000000002842 ) ) ;
#806 = AXIS2_PLACEMENT_3D ( 'NONE', #1242, #603, #1356 ) ;
#807 = DIRECTION ( 'NONE',  ( -0.000000000000000000, 1.000000000000000000, -0.000000000000000000 ) ) ;
#808 = ORIENTED_EDGE ( 'NONE', *, *, #914, .F. ) ;
#809 = DIRECTION ( 'NONE',  ( 1.000000000000000000, 0.000000000000000000, 0.000000000000000000 ) ) ;
#810 = ORIENTED_EDGE ( 'NONE', *, *, #1282, .T. ) ;
#811 = EDGE_LOOP ( 'NONE', ( #1432 ) ) ;
#812 = DIRECTION ( 'NONE',  ( -1.000000000000000000, 0.000000000000000000, -0.000000000000000000 ) ) ;
#813 = FACE_OUTER_BOUND ( 'NONE', #582, .T. ) ;
#814 = CARTESIAN_POINT ( 'NONE',  ( 65.00027497933498921, 42.49995471123577317, -0.3680219199946172526 ) ) ;
#815 = CARTESIAN_POINT ( 'NONE',  ( 92.00010000000000332, 0.000000000000000000, 0.000000000000000000 ) ) ;
#816 = EDGE_CURVE ( 'NONE', #1492, #1306, #239, .T. ) ;
#817 = ORIENTED_EDGE ( 'NONE', *, *, #449, .F. ) ;
#818 = EDGE_LOOP ( 'NONE', ( #948 ) ) ;
#819 = CARTESIAN_POINT ( 'NONE',  ( -27.99999999999996803, 0.000000000000000000, 0.000000000000000000 ) ) ;
#820 = VECTOR ( 'NONE', #698, 1000.000000000000000 ) ;
#821 = CIRCLE ( 'NONE', #519, 40.50000000000000000 ) ;
#822 = DIRECTION ( 'NONE',  ( 0.000000000000000000, 0.000000000000000000, 1.000000000000000000 ) ) ;
#823 = ORIENTED_EDGE ( 'NONE', *, *, #1234, .F. ) ;
#824 = LINE ( 'NONE', #442, #360 ) ;
#825 = EDGE_LOOP ( 'NONE', ( #286 ) ) ;
#826 = CARTESIAN_POINT ( 'NONE',  ( 281.0000999999999749, -45.00000000000000000, -42.50000000000002842 ) ) ;
#827 = CARTESIAN_POINT ( 'NONE',  ( -71.17691088670952126, 0.000000000000000000, 0.000000000000000000 ) ) ;
#828 = CARTESIAN_POINT ( 'NONE',  ( 124.0001000000000033, -42.50000000000000711, 42.50000000000000000 ) ) ;
#829 = ORIENTED_EDGE ( 'NONE', *, *, #1219, .T. ) ;
#830 = CARTESIAN_POINT ( 'NONE',  ( 81.51856978433944789, 41.41684750516036928, 9.542624924430338496 ) ) ;
#831 = CARTESIAN_POINT ( 'NONE',  ( 326.0001000000000317, 0.000000000000000000, -34.75000000000000000 ) ) ;
#832 = CARTESIAN_POINT ( 'NONE',  ( 124.0001000000000033, -45.00000000000001421, 67.49999999999998579 ) ) ;
#833 = VERTEX_POINT ( 'NONE', #374 ) ;
#834 = ORIENTED_EDGE ( 'NONE', *, *, #313, .F. ) ;
#835 = CARTESIAN_POINT ( 'NONE',  ( 20.00009999999999266, 12.59999999999999964, 0.000000000000000000 ) ) ;
#836 = DIRECTION ( 'NONE',  ( 0.000000000000000000, 0.000000000000000000, 1.000000000000000000 ) ) ;
#837 = B_SPLINE_CURVE_WITH_KNOTS ( 'NONE', 3,
 ( #1510, #1600, #349, #96, #242, #610, #884, #761, #124, #1261, #117, #1249, #1615, #469, #482, #1004, #872, #1134, #991, #1493, #1361, #226, #108, #1623, #634, #1146, #502, #901, #1022, #254, #1388, #122, #786, #241, #504, #1278, #1045, #135, #399, #764, #377, #1156, #645, #887, #1382, #383, #1, #16, #7, #650, #1150, #1161, #777, #520, #909, #1516, #1265, #890, #638, #1285, #1512, #1405, #144, #1271, #1531, #1026, #249, #266, #501, #770, #127, #509, #1033, #1521, #391, #1397, #113, #1001, #1508, #1359, #238, #976, #1628, #1260, #1621, #883, #346, #234, #359, #1017, #1632, #1376, #878, #1491, #744, #224 ),
 .UNSPECIFIED., .T., .F.,
 ( 4, 2, 2, 2, 2, 2, 2, 2, 2, 2, 2, 2, 2, 2, 2, 2, 2, 2, 2, 2, 2, 2, 2, 2, 2, 2, 2, 2, 2, 2, 2, 2, 2, 2, 2, 2, 2, 2, 2, 2, 2, 2, 2, 2, 2, 2, 2, 4 ),
 ( 0.000000000000000000, 0.002158347196900509048, 0.003237520795350682257, 0.004316694393800855033, 0.006475041590701353239, 0.007554215189151601909, 0.008633388787601848843, 0.01079173598450245720, 0.01187090958295280649, 0.01295008318140315751, 0.01402925677985351026, 0.01510843037830386128, 0.01726677757520456852, 0.01942512477210527402, 0.02158347196900598647, 0.02266264556745637218, 0.02374181916590675442, 0.02482099276435714014, 0.02590016636280752585, 0.02805851355970841524, 0.02913768715815878707, 0.03021686075660915891, 0.03237520795350975339, 0.03345438155196005237, 0.03453355515041035134, 0.03669190234731076888, 0.03885024954421119336, 0.03992942314266133969, 0.04100859674111147907, 0.04316694393801161211, 0.04424611753646161966, 0.04532529113491162720, 0.04748363833181155902, 0.04856281193026152493, 0.04964198552871148390, 0.05072115912716144981, 0.05180033272561140878, 0.05395867992251135448, 0.05611702711941128630, 0.05827537431631121811, 0.05935454791476114239, 0.06043372151321106667, 0.06151289511166098400, 0.06259206871011090134, 0.06475041590701074989, 0.06582958950546058396, 0.06690876310391043191, 0.06906711030081011393 ),
 .UNSPECIFIED. ) ;
#838 = LINE ( 'NONE', #1453, #820 ) ;
#839 = EDGE_LOOP ( 'NONE', ( #331, #1054, #155, #218 ) ) ;
#840 = EDGE_CURVE ( 'NONE', #1080, #1346, #747, .T. ) ;
#841 = CARTESIAN_POINT ( 'NONE',  ( 299.0000999999999749, 3.850852961085976744, 0.000000000000000000 ) ) ;
#842 = LINE ( 'NONE', #1336, #924 ) ;
#843 = EDGE_LOOP ( 'NONE', ( #1437 ) ) ;
#844 = ORIENTED_EDGE ( 'NONE', *, *, #379, .T. ) ;
#845 = FACE_BOUND ( 'NONE', #1407, .T. ) ;
#846 = CARTESIAN_POINT ( 'NONE',  ( 84.73137170869354406, 41.96945864412195704, -6.700266783992133490 ) ) ;
#847 = AXIS2_PLACEMENT_3D ( 'NONE', #1444, #185, #822 ) ;
#848 = CIRCLE ( 'NONE', #196, 11.00000000000001066 ) ;
#849 = FACE_OUTER_BOUND ( 'NONE', #444, .T. ) ;
#850 = CIRCLE ( 'NONE', #232, 7.000000000000006217 ) ;
#851 = ORIENTED_EDGE ( 'NONE', *, *, #840, .T. ) ;
#852 = EDGE_LOOP ( 'NONE', ( #682 ) ) ;
#853 = DIRECTION ( 'NONE',  ( -0.000000000000000000, 1.000000000000000000, 3.652049423109064868E-16 ) ) ;
#854 = EDGE_CURVE ( 'NONE', #1557, #79, #1239, .T. ) ;
#855 = VERTEX_POINT ( 'NONE', #1256 ) ;
#856 = CARTESIAN_POINT ( 'NONE',  ( 94.00010000000000332, 0.000000000000000000, 40.50000000000000000 ) ) ;
#857 = B_SPLINE_CURVE_WITH_KNOTS ( 'NONE', 3,
 ( #573, #315, #305, #1320, #1085, #1572, #583, #66, #830, #1582, #451, #328, #222, #724, #999, #753, #336, #1477, #212, #860, #1350, #628, #1228, #84, #1597, #93, #1342, #1112, #466, #869, #596, #1253, #486, #1490, #846, #202, #1499, #112, #478, #357, #986, #605, #732, #742, #344, #1244, #1237, #365, #1138, #1358, #1119, #1611, #1626, #1009, #104, #233, #618, #1131, #877, #1620, #1368, #524, #405, #1062, #1410, #148, #1551, #661, #930, #681, #1438, #295, #814, #1419, #1177, #553, #1073, #75, #1558, #1543, #410, #425, #1103, #941, #920, #458, #281, #799, #1298, #156, #671, #1117, #221, #858, #1486, #356 ),
 .UNSPECIFIED., .T., .F.,
 ( 4, 2, 2, 2, 2, 2, 2, 2, 2, 2, 2, 2, 2, 2, 2, 2, 2, 2, 2, 2, 2, 2, 2, 2, 2, 2, 2, 2, 2, 2, 2, 2, 2, 2, 2, 2, 2, 2, 2, 2, 2, 2, 2, 2, 2, 2, 2, 4 ),
 ( 0.000000000000000000, 0.002158347196900257080, 0.003237520795350407304, 0.004316694393800557528, 0.006475041590700897874, 0.007554215189151068481, 0.008633388787601238221, 0.01079173598450154994, 0.01187090958295170494, 0.01295008318140186167, 0.01402925677985201840, 0.01510843037830217339, 0.01726677757520248338, 0.01942512477210279337, 0.02158347196900310336, 0.02266264556745326356, 0.02374181916590341682, 0.02482099276435357355, 0.02590016636280372681, 0.02805851355970406802, 0.02913768715815423169, 0.03021686075660440229, 0.03237520795350472963, 0.03345438155195489677, 0.03453355515040505697, 0.03669190234730539818, 0.03885024954420572552, 0.03992942314265589265, 0.04100859674110606673, 0.04316694393800636631, 0.04424611753645653345, 0.04532529113490670059, 0.04748363833180700710, 0.04856281193025716730, 0.04964198552870731362, 0.05072115912715745994, 0.05180033272560761320, 0.05395867992250791279, 0.05611702711940821237, 0.05827537431630850501, 0.05935454791475865133, 0.06043372151320881153, 0.06151289511165895785, 0.06259206871010911111, 0.06475041590700943150, 0.06582958950545959864, 0.06690876310390976578, 0.06906711030081005842 ),
 .UNSPECIFIED. ) ;
#858 = CARTESIAN_POINT ( 'NONE',  ( 74.55079274317698435, 41.07127648546214971, 10.92802492272663351 ) ) ;
#859 = EDGE_CURVE ( 'NONE', #608, #167, #1114, .T. ) ;
#860 = CARTESIAN_POINT ( 'NONE',  ( 86.29472805013621439, 42.32270746345427881, 3.892147405378644898 ) ) ;
#861 = DIRECTION ( 'NONE',  ( 1.000000000000000000, 0.000000000000000000, 0.000000000000000000 ) ) ;
#862 = DIRECTION ( 'NONE',  ( -1.000000000000000000, 0.000000000000000000, -0.000000000000000000 ) ) ;
#863 = CARTESIAN_POINT ( 'NONE',  ( 20.00009999999999266, 0.000000000000000000, 0.000000000000000000 ) ) ;
#864 = FACE_BOUND ( 'NONE', #1459, .T. ) ;
#865 = EDGE_LOOP ( 'NONE', ( #1323 ) ) ;
#866 = EDGE_LOOP ( 'NONE', ( #31 ) ) ;
#867 = VERTEX_POINT ( 'NONE', #856 ) ;
#868 = DIRECTION ( 'NONE',  ( 0.000000000000000000, -1.632680918566406054E-16, 1.000000000000000000 ) ) ;
#869 = CARTESIAN_POINT ( 'NONE',  ( 86.02199525696390481, 42.25719228070229860, -4.548883059729275757 ) ) ;
#870 = CYLINDRICAL_SURFACE ( 'NONE', #247, 11.00000000000001066 ) ;
#871 = ADVANCED_FACE ( 'NONE', ( #114 ), #888, .T. ) ;
#872 = CARTESIAN_POINT ( 'NONE',  ( 308.5277646260311144, 42.14260579035516230, 5.509293923655932623 ) ) ;
#873 = CARTESIAN_POINT ( 'NONE',  ( 251.0000999999999465, -19.00000000000001421, 42.50000000000000711 ) ) ;
#874 = EDGE_CURVE ( 'NONE', #101, #101, #837, .T. ) ;
#875 = FACE_OUTER_BOUND ( 'NONE', #445, .T. ) ;
#876 = CARTESIAN_POINT ( 'NONE',  ( 441.8766054319617069, -42.49999999999999289, -42.50000000000002842 ) ) ;
#877 = CARTESIAN_POINT ( 'NONE',  ( 68.73555937733283372, 41.68662614038981928, -8.291018537125196985 ) ) ;
#878 = CARTESIAN_POINT ( 'NONE',  ( 296.4878831800807575, 41.12707196610811167, 10.71537781456251892 ) ) ;
#879 = CIRCLE ( 'NONE', #718, 42.50000000000000000 ) ;
#880 = ADVANCED_FACE ( 'NONE', ( #1598 ), #1144, .T. ) ;
#881 = DIRECTION ( 'NONE',  ( 1.000000000000000000, 0.000000000000000000, 0.000000000000000000 ) ) ;
#882 = VERTEX_POINT ( 'NONE', #1129 ) ;
#883 = CARTESIAN_POINT ( 'NONE',  ( 292.2883483084090699, 41.59594957675941629, 8.722447703587167922 ) ) ;
#884 = CARTESIAN_POINT ( 'NONE',  ( 302.8902212771493510, 41.23437367001230314, 10.29547023816694029 ) ) ;
#885 = CC_DESIGN_APPROVAL ( #654, ( #735 ) ) ;
#886 = DIRECTION ( 'NONE',  ( 0.000000000000000000, -3.652049423109064868E-16, 1.000000000000000000 ) ) ;
#887 = CARTESIAN_POINT ( 'NONE',  ( 302.5573629364808426, 41.20034529928526723, -10.43370340274984365 ) ) ;
#888 = PLANE ( 'NONE',  #1316 ) ;
#889 = CALENDAR_DATE ( 2022, 8, 11 ) ;
#890 = CARTESIAN_POINT ( 'NONE',  ( 292.2873896395325914, 41.59281419825450143, -8.743846144961512579 ) ) ;
#891 = AXIS2_PLACEMENT_3D ( 'NONE', #393, #268, #403 ) ;
#892 = FACE_OUTER_BOUND ( 'NONE', #562, .T. ) ;
#893 = DIRECTION ( 'NONE',  ( -1.000000000000000000, -0.000000000000000000, -0.000000000000000000 ) ) ;
#894 = AXIS2_PLACEMENT_3D ( 'NONE', #902, #1399, #136 ) ;
#895 = CARTESIAN_POINT ( 'NONE',  ( 124.0001000000000033, -19.00000000000000355, -42.50000000000002132 ) ) ;
#896 = AXIS2_PLACEMENT_3D ( 'NONE', #970, #737, #1005 ) ;
#897 = VECTOR ( 'NONE', #337, 1000.000000000000000 ) ;
#898 = PERSON_AND_ORGANIZATION ( #676, #668 ) ;
#899 = CARTESIAN_POINT ( 'NONE',  ( 299.0000999999999749, 997.5000000000000000, 0.000000000000000000 ) ) ;
#900 = ADVANCED_FACE ( 'NONE', ( #1247, #214 ), #754, .F. ) ;
#901 = CARTESIAN_POINT ( 'NONE',  ( 309.6462886940124122, 42.40958294440672915, -2.859705846669161833 ) ) ;
#902 = CARTESIAN_POINT ( 'NONE',  ( 76.00010000000001753, 1002.500000000000000, 0.000000000000000000 ) ) ;
#903 = DIRECTION ( 'NONE',  ( -0.000000000000000000, 1.000000000000000000, 2.775557561562891844E-16 ) ) ;
#904 = ORIENTED_EDGE ( 'NONE', *, *, #784, .T. ) ;
#905 = ORIENTED_EDGE ( 'NONE', *, *, #632, .F. ) ;
#906 = CIRCLE ( 'NONE', #699, 4.964285714285716189 ) ;
#907 = LINE ( 'NONE', #265, #376 ) ;
#908 = ADVANCED_FACE ( 'NONE', ( #107, #849 ), #870, .F. ) ;
#909 = CARTESIAN_POINT ( 'NONE',  ( 294.1306789582993702, 41.33837738137810192, -9.870114433608279114 ) ) ;
#910 = EDGE_CURVE ( 'NONE', #394, #435, #488, .T. ) ;
#911 = ORIENTED_EDGE ( 'NONE', *, *, #1488, .F. ) ;
#912 = DIRECTION ( 'NONE',  ( 0.000000000000000000, 0.000000000000000000, -1.000000000000000000 ) ) ;
#913 = PLANE ( 'NONE',  #1268 ) ;
#914 = EDGE_CURVE ( 'NONE', #1182, #1346, #1254, .T. ) ;
#915 = ORIENTED_EDGE ( 'NONE', *, *, #1031, .F. ) ;
#916 = DIRECTION ( 'NONE',  ( -0.000000000000000000, 1.000000000000000000, -0.000000000000000000 ) ) ;
#917 = CARTESIAN_POINT ( 'NONE',  ( 281.0000999999999749, -19.00000000000001421, 67.49999999999998579 ) ) ;
#918 = EDGE_CURVE ( 'NONE', #1458, #1402, #203, .T. ) ;
#919 = CARTESIAN_POINT ( 'NONE',  ( 441.8766054319617069, -45.00000000000000000, -67.50000000000001421 ) ) ;
#920 = CARTESIAN_POINT ( 'NONE',  ( 68.73426748429771749, 41.68894017085313664, 8.266582278375450343 ) ) ;
#921 = EDGE_CURVE ( 'NONE', #48, #1049, #1613, .T. ) ;
#922 = CARTESIAN_POINT ( 'NONE',  ( -66.87640543196171450, -42.50000000000000711, 42.50000000000000000 ) ) ;
#923 = DIRECTION ( 'NONE',  ( 0.000000000000000000, 0.000000000000000000, 1.000000000000000000 ) ) ;
#924 = VECTOR ( 'NONE', #319, 1000.000000000000000 ) ;
#925 = ORIENTED_EDGE ( 'NONE', *, *, #551, .F. ) ;
#926 = AXIS2_PLACEMENT_3D ( 'NONE', #1391, #250, #129 ) ;
#927 = DIRECTION ( 'NONE',  ( 1.000000000000000000, 0.000000000000000000, 0.000000000000000000 ) ) ;
#928 = DIRECTION ( 'NONE',  ( -1.000000000000000000, -0.000000000000000000, -0.000000000000000000 ) ) ;
#929 = ORIENTED_EDGE ( 'NONE', *, *, #551, .T. ) ;
#930 = CARTESIAN_POINT ( 'NONE',  ( 65.28525080498801003, 42.42703540432086129, -2.514151938344954651 ) ) ;
#931 = ORIENTED_EDGE ( 'NONE', *, *, #1443, .F. ) ;
#932 = EDGE_CURVE ( 'NONE', #236, #236, #612, .T. ) ;
#933 = LINE ( 'NONE', #556, #246 ) ;
#934 = CALENDAR_DATE ( 2022, 8, 11 ) ;
#935 = ORIENTED_EDGE ( 'NONE', *, *, #1312, .F. ) ;
#936 = ORIENTED_EDGE ( 'NONE', *, *, #1257, .F. ) ;
#937 = DIRECTION ( 'NONE',  ( -0.000000000000000000, -1.000000000000000000, -0.000000000000000000 ) ) ;
#938 = CC_DESIGN_SECURITY_CLASSIFICATION ( #529, ( #128 ) ) ;
#939 = CARTESIAN_POINT ( 'NONE',  ( 319.2501000000000317, 0.000000000000000000, 0.000000000000000000 ) ) ;
#940 = EDGE_CURVE ( 'NONE', #427, #1158, #1501, .T. ) ;
#941 = CARTESIAN_POINT ( 'NONE',  ( 68.46978340923878648, 41.73600693265821349, 8.026311318654093085 ) ) ;
#942 = ORIENTED_EDGE ( 'NONE', *, *, #283, .T. ) ;
#943 = LINE ( 'NONE', #1440, #535 ) ;
#944 = ORIENTED_EDGE ( 'NONE', *, *, #566, .T. ) ;
#945 = FACE_OUTER_BOUND ( 'NONE', #168, .T. ) ;
#946 = FACE_OUTER_BOUND ( 'NONE', #1212, .T. ) ;
#947 = DIRECTION ( 'NONE',  ( -1.000000000000000000, -0.000000000000000000, -0.000000000000000000 ) ) ;
#948 = ORIENTED_EDGE ( 'NONE', *, *, #1509, .T. ) ;
#949 = LINE ( 'NONE', #1573, #1137 ) ;
#950 = AXIS2_PLACEMENT_3D ( 'NONE', #876, #1348, #1111 ) ;
#951 = ORIENTED_EDGE ( 'NONE', *, *, #1214, .T. ) ;
#952 = ORIENTED_EDGE ( 'NONE', *, *, #571, .F. ) ;
#953 = TOROIDAL_SURFACE ( 'NONE', #717, 28.99999999999999645, 2.000000000000000000 ) ;
#954 = DIRECTION ( 'NONE',  ( 0.000000000000000000, 0.000000000000000000, -1.000000000000000000 ) ) ;
#955 = DIRECTION ( 'NONE',  ( 0.000000000000000000, 0.000000000000000000, 1.000000000000000000 ) ) ;
#956 = TOROIDAL_SURFACE ( 'NONE', #440, 28.99999999999999645, 2.000000000000000000 ) ;
#957 = AXIS2_PLACEMENT_3D ( 'NONE', #647, #903, #1157 ) ;
#958 = LINE ( 'NONE', #570, #145 ) ;
#959 = VERTEX_POINT ( 'NONE', #495 ) ;
#960 = CARTESIAN_POINT ( 'NONE',  ( 124.0001000000000033, -45.00000000000001421, 42.50000000000000000 ) ) ;
#961 = DIRECTION ( 'NONE',  ( -0.000000000000000000, 0.000000000000000000, 1.000000000000000000 ) ) ;
#962 = DATE_AND_TIME ( #934, #1199 ) ;
#963 = ORIENTED_EDGE ( 'NONE', *, *, #790, .T. ) ;
#964 = FACE_OUTER_BOUND ( 'NONE', #1281, .T. ) ;
#965 = CARTESIAN_POINT ( 'NONE',  ( 20.00009999999999266, 0.000000000000000000, 0.000000000000000000 ) ) ;
#966 = CARTESIAN_POINT ( 'NONE',  ( 251.0000999999999465, -19.00000000000001421, 42.50000000000000711 ) ) ;
#967 = ADVANCED_FACE ( 'NONE', ( #597 ), #989, .T. ) ;
#968 = VECTOR ( 'NONE', #1317, 1000.000000000000000 ) ;
#969 = ORIENTED_EDGE ( 'NONE', *, *, #921, .T. ) ;
#970 = CARTESIAN_POINT ( 'NONE',  ( 54.00009999999999621, 0.000000000000000000, 0.000000000000000000 ) ) ;
#971 = DIRECTION ( 'NONE',  ( 0.000000000000000000, 0.000000000000000000, -1.000000000000000000 ) ) ;
#972 = ORIENTED_EDGE ( 'NONE', *, *, #1196, .T. ) ;
#973 = ORIENTED_EDGE ( 'NONE', *, *, #313, .T. ) ;
#974 = DIRECTION ( 'NONE',  ( 0.000000000000000000, 0.000000000000000000, 1.000000000000000000 ) ) ;
#975 = LINE ( 'NONE', #63, #685 ) ;
#976 = CARTESIAN_POINT ( 'NONE',  ( 290.7255083690229753, 41.87683423989662401, 7.256698303691523577 ) ) ;
#977 = EDGE_CURVE ( 'NONE', #321, #296, #607, .T. ) ;
#978 = ORIENTED_EDGE ( 'NONE', *, *, #664, .F. ) ;
#979 = DIRECTION ( 'NONE',  ( -1.000000000000000000, -0.000000000000000000, -0.000000000000000000 ) ) ;
#980 = DIRECTION ( 'NONE',  ( -1.000000000000000000, -0.000000000000000000, -0.000000000000000000 ) ) ;
#981 = EDGE_CURVE ( 'NONE', #484, #484, #1522, .T. ) ;
#982 = ORIENTED_EDGE ( 'NONE', *, *, #188, .T. ) ;
#983 = ORIENTED_EDGE ( 'NONE', *, *, #1445, .T. ) ;
#984 = CARTESIAN_POINT ( 'NONE',  ( 251.0000999999999465, -18.99999999999999645, -67.50000000000001421 ) ) ;
#985 = LINE ( 'NONE', #997, #119 ) ;
#986 = CARTESIAN_POINT ( 'NONE',  ( 81.51787772500186691, 41.41975097361007130, -9.522871800191026637 ) ) ;
#987 = CIRCLE ( 'NONE', #1019, 42.50000000000000000 ) ;
#988 = VECTOR ( 'NONE', #217, 1000.000000000000000 ) ;
#989 = PLANE ( 'NONE',  #473 ) ;
#990 = AXIS2_PLACEMENT_3D ( 'NONE', #863, #1378, #1013 ) ;
#991 = CARTESIAN_POINT ( 'NONE',  ( 309.0198511914259711, 42.25668721379567216, 4.553324519267277992 ) ) ;
#992 = DIRECTION ( 'NONE',  ( -0.000000000000000000, 0.000000000000000000, 1.000000000000000000 ) ) ;
#993 = ORIENTED_EDGE ( 'NONE', *, *, #489, .F. ) ;
#994 = EDGE_CURVE ( 'NONE', #298, #1027, #1296, .T. ) ;
#995 = VERTEX_POINT ( 'NONE', #8 ) ;
#996 = CARTESIAN_POINT ( 'NONE',  ( 319.2501000000000317, 0.000000000000000000, -34.75000000000000000 ) ) ;
#997 = CARTESIAN_POINT ( 'NONE',  ( 94.00010000000000332, -45.00000000000001421, 42.50000000000000000 ) ) ;
#998 = ADVANCED_FACE ( 'NONE', ( #417 ), #1305, .T. ) ;
#999 = CARTESIAN_POINT ( 'NONE',  ( 84.73833998753372043, 41.96966431420550947, 6.720547231788886577 ) ) ;
#1000 = CARTESIAN_POINT ( 'NONE',  ( 251.0000999999999465, 1.552121004821351524E-14, -42.50000000000000000 ) ) ;
#1001 = CARTESIAN_POINT ( 'NONE',  ( 289.1153604963808448, 42.22424263857964633, 4.879327183986417182 ) ) ;
#1002 = LOCAL_TIME ( 6, 21, 1.000000000000000000, #534 ) ;
#1003 = ADVANCED_FACE ( 'NONE', ( #892, #146, #1052 ), #289, .T. ) ;
#1004 = CARTESIAN_POINT ( 'NONE',  ( 308.3416231526542219, 42.10077821078148474, 5.819501136870506741 ) ) ;
#1005 = DIRECTION ( 'NONE',  ( 0.000000000000000000, 0.000000000000000000, 1.000000000000000000 ) ) ;
#1006 = DIRECTION ( 'NONE',  ( 0.000000000000000000, 0.000000000000000000, -1.000000000000000000 ) ) ;
#1007 = VERTEX_POINT ( 'NONE', #1365 ) ;
#1008 = CARTESIAN_POINT ( 'NONE',  ( 251.0000999999999465, -19.00000000000001421, 67.49999999999998579 ) ) ;
#1009 = CARTESIAN_POINT ( 'NONE',  ( 71.45560440824213799, 41.30125685180168205, -10.02378162515904592 ) ) ;
#1010 = ADVANCED_FACE ( 'NONE', ( #651 ), #511, .T. ) ;
#1011 = CARTESIAN_POINT ( 'NONE',  ( 124.0001000000000033, -42.49999999999999289, -42.50000000000002842 ) ) ;
#1012 = DIRECTION ( 'NONE',  ( 1.000000000000000000, 0.000000000000000000, 0.000000000000000000 ) ) ;
#1013 = DIRECTION ( 'NONE',  ( 0.000000000000000000, 0.000000000000000000, -1.000000000000000000 ) ) ;
#1014 = CARTESIAN_POINT ( 'NONE',  ( 249.0000999999999465, 0.000000000000000000, -27.00000000000000000 ) ) ;
#1015 = FACE_OUTER_BOUND ( 'NONE', #722, .T. ) ;
#1016 = VECTOR ( 'NONE', #626, 1000.000000000000000 ) ;
#1017 = CARTESIAN_POINT ( 'NONE',  ( 295.1013802497627694, 41.23519838383849390, 10.29216105001427728 ) ) ;
#1018 = AXIS2_PLACEMENT_3D ( 'NONE', #1246, #1351, #105 ) ;
#1019 = AXIS2_PLACEMENT_3D ( 'NONE', #939, #1436, #437 ) ;
#1020 = CARTESIAN_POINT ( 'NONE',  ( 441.8766054319617069, -45.00000000000001421, 67.49999999999998579 ) ) ;
#1021 = CARTESIAN_POINT ( 'NONE',  ( 54.00009999999999621, 0.000000000000000000, 42.50000000000000000 ) ) ;
#1022 = CARTESIAN_POINT ( 'NONE',  ( 309.4376110518047653, 42.35704541848150484, -3.547005719482234642 ) ) ;
#1023 = ORIENTED_EDGE ( 'NONE', *, *, #859, .F. ) ;
#1024 = CARTESIAN_POINT ( 'NONE',  ( 251.0000999999999465, -45.00000000000001421, 67.49999999999998579 ) ) ;
#1025 = VERTEX_POINT ( 'NONE', #1116 ) ;
#1026 = CARTESIAN_POINT ( 'NONE',  ( 288.7055146620022015, 42.32269120211476121, -3.892682316857393854 ) ) ;
#1027 = VERTEX_POINT ( 'NONE', #771 ) ;
#1028 = DIRECTION ( 'NONE',  ( 1.000000000000000000, 0.000000000000000000, 0.000000000000000000 ) ) ;
#1029 = VECTOR ( 'NONE', #1183, 1000.000000000000000 ) ;
#1030 = FACE_OUTER_BOUND ( 'NONE', #811, .T. ) ;
#1031 = EDGE_CURVE ( 'NONE', #1007, #1007, #468, .T. ) ;
#1032 = DIRECTION ( 'NONE',  ( 0.000000000000000000, -1.632680918566406054E-16, 1.000000000000000000 ) ) ;
#1033 = CARTESIAN_POINT ( 'NONE',  ( 288.0002749793350745, 42.49995471123579449, -0.3680219199946100916 ) ) ;
#1034 = ADVANCED_FACE ( 'NONE', ( #1272, #1279 ), #539, .T. ) ;
#1035 = CARTESIAN_POINT ( 'NONE',  ( 251.0000999999999465, -45.00000000000000000, -42.50000000000002842 ) ) ;
#1036 = PLANE ( 'NONE',  #957 ) ;
#1037 = CLOSED_SHELL ( 'NONE', ( #1152, #1003, #1502, #639, #1264, #259, #151, #131, #1434, #1142, #219, #1338, #106, #1619, #1010, #900, #510, #271, #225, #1034, #83, #614, #25, #703, #264, #1549, #50, #880, #161, #750, #1263, #538, #23, #1627, #1319, #871, #326, #998, #967, #677, #1364, #1599, #758, #109, #555, #908, #1374, #1060, #1102, #627, #1538, #390, #303, #1379 ) ) ;
#1038 = EDGE_LOOP ( 'NONE', ( #792 ) ) ;
#1039 = EDGE_LOOP ( 'NONE', ( #89 ) ) ;
#1040 = AXIS2_PLACEMENT_3D ( 'NONE', #294, #58, #1570 ) ;
#1041 = CIRCLE ( 'NONE', #990, 25.00000000000001776 ) ;
#1042 = DIRECTION ( 'NONE',  ( 1.000000000000000000, 0.000000000000000000, 0.000000000000000000 ) ) ;
#1043 = DIRECTION ( 'NONE',  ( -1.000000000000000000, 0.000000000000000000, 0.000000000000000000 ) ) ;
#1044 = EDGE_CURVE ( 'NONE', #759, #759, #1449, .T. ) ;
#1045 = CARTESIAN_POINT ( 'NONE',  ( 307.0327983554427078, 41.82955491842694329, -7.523656274237812802 ) ) ;
#1046 = DIRECTION ( 'NONE',  ( -1.000000000000000000, -0.000000000000000000, -0.000000000000000000 ) ) ;
#1047 = FACE_OUTER_BOUND ( 'NONE', #55, .T. ) ;
#1048 =( GEOMETRIC_REPRESENTATION_CONTEXT ( 3 ) GLOBAL_UNCERTAINTY_ASSIGNED_CONTEXT ( ( #1487 ) ) GLOBAL_UNIT_ASSIGNED_CONTEXT ( ( #793, #1536, #141 ) ) REPRESENTATION_CONTEXT ( 'NONE', 'WORKASPACE' ) );
#1049 = VERTEX_POINT ( 'NONE', #278 ) ;
#1050 = FACE_OUTER_BOUND ( 'NONE', #1039, .T. ) ;
#1051 = EDGE_CURVE ( 'NONE', #1089, #1294, #1181, .T. ) ;
#1052 = FACE_BOUND ( 'NONE', #721, .T. ) ;
#1053 = FACE_OUTER_BOUND ( 'NONE', #695, .T. ) ;
#1054 = ORIENTED_EDGE ( 'NONE', *, *, #1330, .F. ) ;
#1055 = ORIENTED_EDGE ( 'NONE', *, *, #1122, .F. ) ;
#1056 = CALENDAR_DATE ( 2022, 8, 11 ) ;
#1057 = EDGE_LOOP ( 'NONE', ( #541, #782, #1542, #187 ) ) ;
#1058 = DIRECTION ( 'NONE',  ( 0.000000000000000000, 1.000000000000000000, 0.000000000000000000 ) ) ;
#1059 = DIRECTION ( 'NONE',  ( 1.000000000000000000, 0.000000000000000000, 0.000000000000000000 ) ) ;
#1060 = ADVANCED_FACE ( 'NONE', ( #1428, #154 ), #1523, .F. ) ;
#1061 = EDGE_LOOP ( 'NONE', ( #982 ) ) ;
#1062 = CARTESIAN_POINT ( 'NONE',  ( 66.46291924992497968, 42.14329271299903468, -5.527471396860828889 ) ) ;
#1063 = VERTEX_POINT ( 'NONE', #408 ) ;
#1064 = VECTOR ( 'NONE', #868, 1000.000000000000000 ) ;
#1065 = DIRECTION ( 'NONE',  ( -1.000000000000000000, -0.000000000000000000, -0.000000000000000000 ) ) ;
#1066 = AXIS2_PLACEMENT_3D ( 'NONE', #34, #1408, #402 ) ;
#1067 = AXIS2_PLACEMENT_3D ( 'NONE', #1230, #720, #748 ) ;
#1068 = ORIENTED_EDGE ( 'NONE', *, *, #1162, .T. ) ;
#1069 = ORIENTED_EDGE ( 'NONE', *, *, #977, .T. ) ;
#1070 = CARTESIAN_POINT ( 'NONE',  ( 251.0000999999999465, -42.49999999999999289, -42.50000000000002842 ) ) ;
#1071 = CARTESIAN_POINT ( 'NONE',  ( 281.0000999999999749, -42.50000000000000711, 42.50000000000000000 ) ) ;
#1072 = ORIENTED_EDGE ( 'NONE', *, *, #763, .T. ) ;
#1073 = CARTESIAN_POINT ( 'NONE',  ( 65.56478760870611211, 42.35651468252711283, 3.552487032897293950 ) ) ;
#1074 = ORIENTED_EDGE ( 'NONE', *, *, #745, .T. ) ;
#1075 = CARTESIAN_POINT ( 'NONE',  ( 124.0001000000000033, -18.99999999999999645, -67.50000000000001421 ) ) ;
#1076 = EDGE_LOOP ( 'NONE', ( #1055 ) ) ;
#1077 = LINE ( 'NONE', #1563, #589 ) ;
#1078 = CARTESIAN_POINT ( 'NONE',  ( -71.17691088670952126, 0.000000000000000000, 0.000000000000000000 ) ) ;
#1079 = DIRECTION ( 'NONE',  ( 0.000000000000000000, 0.000000000000000000, 1.000000000000000000 ) ) ;
#1080 = VERTEX_POINT ( 'NONE', #679 ) ;
#1081 = ORIENTED_EDGE ( 'NONE', *, *, #494, .F. ) ;
#1082 = DIRECTION ( 'NONE',  ( -1.000000000000000000, -0.000000000000000000, -0.000000000000000000 ) ) ;
#1083 = PLANE ( 'NONE',  #624 ) ;
#1084 = DIRECTION ( 'NONE',  ( 0.000000000000000000, 1.000000000000000000, 0.000000000000000000 ) ) ;
#1085 = CARTESIAN_POINT ( 'NONE',  ( 78.85428249857838523, 41.14944913492465872, 10.62942381477929921 ) ) ;
#1086 = VECTOR ( 'NONE', #772, 1000.000000000000000 ) ;
#1087 = CARTESIAN_POINT ( 'NONE',  ( 251.0000999999999465, 0.000000000000000000, 0.000000000000000000 ) ) ;
#1088 = AXIS2_PLACEMENT_3D ( 'NONE', #1618, #1366, #102 ) ;
#1089 = VERTEX_POINT ( 'NONE', #917 ) ;
#1090 = EDGE_CURVE ( 'NONE', #855, #959, #2, .T. ) ;
#1091 = AXIS2_PLACEMENT_3D ( 'NONE', #733, #358, #345 ) ;
#1092 = LINE ( 'NONE', #1310, #757 ) ;
#1093 = DIRECTION ( 'NONE',  ( 0.000000000000000000, -1.000000000000000000, 0.000000000000000000 ) ) ;
#1094 = CIRCLE ( 'NONE', #304, 42.50000000000000000 ) ;
#1095 = DIRECTION ( 'NONE',  ( -1.000000000000000000, -0.000000000000000000, -0.000000000000000000 ) ) ;
#1096 = VERTEX_POINT ( 'NONE', #521 ) ;
#1097 = LINE ( 'NONE', #1075, #1259 ) ;
#1098 = ORIENTED_EDGE ( 'NONE', *, *, #86, .T. ) ;
#1099 = ORIENTED_EDGE ( 'NONE', *, *, #1312, .T. ) ;
#1100 = PLANE ( 'NONE',  #53 ) ;
#1101 = FACE_OUTER_BOUND ( 'NONE', #401, .T. ) ;
#1102 = ADVANCED_FACE ( 'NONE', ( #646 ), #516, .F. ) ;
#1103 = CARTESIAN_POINT ( 'NONE',  ( 67.96540366716300241, 41.82995280760793122, 7.521369302204461427 ) ) ;
#1104 = CONICAL_SURFACE ( 'NONE', #1513, 25.00000000000001776, 0.7853981633974536081 ) ;
#1105 = ORIENTED_EDGE ( 'NONE', *, *, #571, .T. ) ;
#1106 = EDGE_LOOP ( 'NONE', ( #327, #1576, #183, #1581 ) ) ;
#1107 = LINE ( 'NONE', #1335, #1289 ) ;
#1108 = ORIENTED_EDGE ( 'NONE', *, *, #854, .F. ) ;
#1109 = ORIENTED_EDGE ( 'NONE', *, *, #918, .F. ) ;
#1110 = CARTESIAN_POINT ( 'NONE',  ( 20.00009999999999266, 0.000000000000000000, 0.000000000000000000 ) ) ;
#1111 = DIRECTION ( 'NONE',  ( 0.000000000000000000, 1.632680918566406054E-16, -1.000000000000000000 ) ) ;
#1112 = CARTESIAN_POINT ( 'NONE',  ( 86.64628869401234113, 42.40958294440672205, -2.859705846669170271 ) ) ;
#1113 = DIRECTION ( 'NONE',  ( -0.000000000000000000, 0.000000000000000000, 1.000000000000000000 ) ) ;
#1114 = LINE ( 'NONE', #1127, #1170 ) ;
#1115 = ORIENTED_EDGE ( 'NONE', *, *, #801, .T. ) ;
#1116 = CARTESIAN_POINT ( 'NONE',  ( 0.000000000000000000, 0.000000000000000000, -10.59999999999999609 ) ) ;
#1117 = CARTESIAN_POINT ( 'NONE',  ( 73.13497520849864486, 41.15020115752253815, 10.62651989888303916 ) ) ;
#1118 = AXIS2_PLACEMENT_3D ( 'NONE', #965, #1470, #323 ) ;
#1119 = CARTESIAN_POINT ( 'NONE',  ( 74.56719707793919838, 41.07059293016357060, -10.93060126355139339 ) ) ;
#1120 = VECTOR ( 'NONE', #1032, 1000.000000000000000 ) ;
#1121 = CARTESIAN_POINT ( 'NONE',  ( 251.0000999999999465, 27.00000000000000000, 0.000000000000000000 ) ) ;
#1122 = EDGE_CURVE ( 'NONE', #110, #110, #636, .T. ) ;
#1123 = VECTOR ( 'NONE', #1380, 1000.000000000000000 ) ;
#1124 = CARTESIAN_POINT ( 'NONE',  ( 441.8766054319617069, 2.775557561562891351E-14, -42.50000000000001421 ) ) ;
#1125 = VECTOR ( 'NONE', #756, 1000.000000000000000 ) ;
#1126 = ORIENTED_EDGE ( 'NONE', *, *, #72, .T. ) ;
#1127 = CARTESIAN_POINT ( 'NONE',  ( 94.00010000000000332, 2.775557561562891351E-14, -42.50000000000001421 ) ) ;
#1128 = FACE_OUTER_BOUND ( 'NONE', #1484, .T. ) ;
#1129 = CARTESIAN_POINT ( 'NONE',  ( 92.00010000000000332, 0.000000000000000000, 42.50000000000000000 ) ) ;
#1130 = DIRECTION ( 'NONE',  ( 1.000000000000000000, 0.000000000000000000, 0.000000000000000000 ) ) ;
#1131 = CARTESIAN_POINT ( 'NONE',  ( 69.28738963953279040, 41.59281419825451565, -8.743846144961500144 ) ) ;
#1132 = CARTESIAN_POINT ( 'NONE',  ( 251.0000999999999465, -19.00000000000000355, -42.50000000000002132 ) ) ;
#1133 = CARTESIAN_POINT ( 'NONE',  ( -66.87640543196171450, -45.00000000000001421, 42.50000000000000000 ) ) ;
#1134 = CARTESIAN_POINT ( 'NONE',  ( 308.8665061956195359, 42.22047845290376955, 4.876755227238462886 ) ) ;
#1135 = CARTESIAN_POINT ( 'NONE',  ( 20.00009999999999266, 0.000000000000000000, -25.00000000000001776 ) ) ;
#1136 = CARTESIAN_POINT ( 'NONE',  ( 94.00010000000000332, 0.000000000000000000, 42.50000000000001421 ) ) ;
#1137 = VECTOR ( 'NONE', #1300, 1000.000000000000000 ) ;
#1138 = CARTESIAN_POINT ( 'NONE',  ( 76.36465529317864309, 41.05183822210341305, -10.99984448125680814 ) ) ;
#1139 = DIRECTION ( 'NONE',  ( 0.000000000000000000, 0.000000000000000000, -1.000000000000000000 ) ) ;
#1140 = DIRECTION ( 'NONE',  ( 0.000000000000000000, 1.000000000000000000, 0.000000000000000000 ) ) ;
#1141 = VERTEX_POINT ( 'NONE', #1014 ) ;
#1142 = ADVANCED_FACE ( 'NONE', ( #17, #1532 ), #448, .T. ) ;
#1143 = AXIS2_PLACEMENT_3D ( 'NONE', #1078, #1564, #836 ) ;
#1144 = PLANE ( 'NONE',  #768 ) ;
#1145 = VECTOR ( 'NONE', #611, 1000.000000000000000 ) ;
#1146 = CARTESIAN_POINT ( 'NONE',  ( 310.0005506663631536, 42.50011664303716685, -0.7139599234119599069 ) ) ;
#1147 = FACE_OUTER_BOUND ( 'NONE', #866, .T. ) ;
#1148 = VERTEX_POINT ( 'NONE', #1635 ) ;
#1149 = EDGE_CURVE ( 'NONE', #833, #282, #1186, .T. ) ;
#1150 = CARTESIAN_POINT ( 'NONE',  ( 297.5671970779392268, 41.07059293016356349, -10.93060126355139694 ) ) ;
#1151 = CARTESIAN_POINT ( 'NONE',  ( 94.00010000000000332, -45.00000000000000000, -42.50000000000002842 ) ) ;
#1152 = ADVANCED_FACE ( 'NONE', ( #51, #813, #550 ), #560, .T. ) ;
#1153 = APPROVAL_PERSON_ORGANIZATION ( #655, #301, #1412 ) ;
#1154 = CARTESIAN_POINT ( 'NONE',  ( 251.0000999999999465, 0.000000000000000000, -28.99999999999999645 ) ) ;
#1155 = LINE ( 'NONE', #6, #1245 ) ;
#1156 = CARTESIAN_POINT ( 'NONE',  ( 303.8800510264107970, 41.33961564544975431, -9.864939752742186485 ) ) ;
#1157 = DIRECTION ( 'NONE',  ( 0.000000000000000000, -2.775557561562891844E-16, 1.000000000000000000 ) ) ;
#1158 = VERTEX_POINT ( 'NONE', #966 ) ;
#1159 = EDGE_CURVE ( 'NONE', #1467, #298, #838, .T. ) ;
#1160 = CARTESIAN_POINT ( 'NONE',  ( 281.0000999999999749, -19.00000000000000355, -42.50000000000002132 ) ) ;
#1161 = CARTESIAN_POINT ( 'NONE',  ( 296.1375089571790795, 41.14528916327588348, -10.64597704714616100 ) ) ;
#1162 = EDGE_CURVE ( 'NONE', #533, #332, #708, .T. ) ;
#1163 = ORIENTED_EDGE ( 'NONE', *, *, #283, .F. ) ;
#1164 = DIRECTION ( 'NONE',  ( 0.000000000000000000, 0.000000000000000000, 1.000000000000000000 ) ) ;
#1165 = VECTOR ( 'NONE', #1497, 1000.000000000000000 ) ;
#1166 = DIRECTION ( 'NONE',  ( 0.000000000000000000, -1.000000000000000000, -3.652049423109062403E-16 ) ) ;
#1167 = CIRCLE ( 'NONE', #67, 40.50000000000000000 ) ;
#1168 = EDGE_LOOP ( 'NONE', ( #1546 ) ) ;
#1169 = AXIS2_PLACEMENT_3D ( 'NONE', #899, #916, #134 ) ;
#1170 = VECTOR ( 'NONE', #1384, 1000.000000000000000 ) ;
#1171 = PERSON_AND_ORGANIZATION_ROLE ( 'design_supplier' ) ;
#1172 = EDGE_CURVE ( 'NONE', #1141, #1141, #100, .T. ) ;
#1173 = DIRECTION ( 'NONE',  ( 0.000000000000000000, -0.000000000000000000, 1.000000000000000000 ) ) ;
#1174 = DIRECTION ( 'NONE',  ( -1.000000000000000000, -0.000000000000000000, -0.000000000000000000 ) ) ;
#1175 = DIRECTION ( 'NONE',  ( 0.000000000000000000, 0.000000000000000000, 1.000000000000000000 ) ) ;
#1176 = ORIENTED_EDGE ( 'NONE', *, *, #1162, .F. ) ;
#1177 = CARTESIAN_POINT ( 'NONE',  ( 65.07049056824115496, 42.48161856309346973, 1.436349494587658038 ) ) ;
#1178 = PERSON_AND_ORGANIZATION_ROLE ( 'classification_officer' ) ;
#1179 = ORIENTED_EDGE ( 'NONE', *, *, #400, .F. ) ;
#1180 = DIRECTION ( 'NONE',  ( 1.000000000000000000, 0.000000000000000000, 0.000000000000000000 ) ) ;
#1181 = LINE ( 'NONE', #1548, #416 ) ;
#1182 = VERTEX_POINT ( 'NONE', #1462 ) ;
#1183 = DIRECTION ( 'NONE',  ( -0.000000000000000000, 0.000000000000000000, 1.000000000000000000 ) ) ;
#1184 = ORIENTED_EDGE ( 'NONE', *, *, #138, .F. ) ;
#1185 = FACE_OUTER_BOUND ( 'NONE', #739, .T. ) ;
#1186 = LINE ( 'NONE', #828, #1389 ) ;
#1187 = ORIENTED_EDGE ( 'NONE', *, *, #664, .T. ) ;
#1188 = EDGE_LOOP ( 'NONE', ( #404, #525, #936, #1163 ) ) ;
#1189 = PLANE ( 'NONE',  #380 ) ;
#1190 = AXIS2_PLACEMENT_3D ( 'NONE', #267, #530, #1518 ) ;
#1191 = AXIS2_PLACEMENT_3D ( 'NONE', #600, #1466, #961 ) ;
#1192 = VECTOR ( 'NONE', #1343, 1000.000000000000000 ) ;
#1193 = DIRECTION ( 'NONE',  ( 0.000000000000000000, 0.000000000000000000, -1.000000000000000000 ) ) ;
#1194 = LINE ( 'NONE', #180, #120 ) ;
#1195 = ORIENTED_EDGE ( 'NONE', *, *, #244, .F. ) ;
#1196 = EDGE_CURVE ( 'NONE', #1402, #30, #64, .T. ) ;
#1197 = FACE_OUTER_BOUND ( 'NONE', #1232, .T. ) ;
#1198 = DIRECTION ( 'NONE',  ( 0.000000000000000000, 0.000000000000000000, -1.000000000000000000 ) ) ;
#1199 = LOCAL_TIME ( 6, 21, 1.000000000000000000, #565 ) ;
#1200 = CARTESIAN_POINT ( 'NONE',  ( 441.8766054319617069, -45.00000000000001421, 67.49999999999998579 ) ) ;
#1201 = EDGE_LOOP ( 'NONE', ( #798 ) ) ;
#1202 = ORIENTED_EDGE ( 'NONE', *, *, #643, .F. ) ;
#1203 = EDGE_CURVE ( 'NONE', #418, #1458, #39, .T. ) ;
#1204 = EDGE_CURVE ( 'NONE', #1504, #1504, #879, .T. ) ;
#1205 = DIRECTION ( 'NONE',  ( 0.000000000000000000, 1.000000000000000000, -0.000000000000000000 ) ) ;
#1206 = ORIENTED_EDGE ( 'NONE', *, *, #14, .F. ) ;
#1207 = EDGE_CURVE ( 'NONE', #995, #1557, #958, .T. ) ;
#1208 = DIRECTION ( 'NONE',  ( -1.000000000000000000, 0.000000000000000000, 0.000000000000000000 ) ) ;
#1209 = DIRECTION ( 'NONE',  ( 0.000000000000000000, 0.000000000000000000, 1.000000000000000000 ) ) ;
#1210 = CARTESIAN_POINT ( 'NONE',  ( -71.17691088670952126, 0.000000000000000000, 0.000000000000000000 ) ) ;
#1211 = ORIENTED_EDGE ( 'NONE', *, *, #517, .T. ) ;
#1212 = EDGE_LOOP ( 'NONE', ( #1561 ) ) ;
#1213 = DIRECTION ( 'NONE',  ( 0.000000000000000000, 1.632680918566406054E-16, -1.000000000000000000 ) ) ;
#1214 = EDGE_CURVE ( 'NONE', #1631, #1631, #987, .T. ) ;
#1215 = ORIENTED_EDGE ( 'NONE', *, *, #1445, .F. ) ;
#1216 = ORIENTED_EDGE ( 'NONE', *, *, #680, .T. ) ;
#1217 = FACE_OUTER_BOUND ( 'NONE', #1439, .T. ) ;
#1218 = PLANE ( 'NONE',  #387 ) ;
#1219 = EDGE_CURVE ( 'NONE', #499, #499, #1606, .T. ) ;
#1220 = PRODUCT ( '01436_index_3', '01436_index_3', '', ( #773 ) ) ;
#1221 = ORIENTED_EDGE ( 'NONE', *, *, #373, .F. ) ;
#1222 = PLANE ( 'NONE',  #580 ) ;
#1223 = FACE_OUTER_BOUND ( 'NONE', #1446, .T. ) ;
#1224 = SHAPE_DEFINITION_REPRESENTATION ( #581, #1422 ) ;
#1225 = ORIENTED_EDGE ( 'NONE', *, *, #382, .F. ) ;
#1226 = ORIENTED_EDGE ( 'NONE', *, *, #1214, .F. ) ;
#1227 = CARTESIAN_POINT ( 'NONE',  ( 281.0000999999999749, -45.00000000000000000, -67.50000000000001421 ) ) ;
#1228 = CARTESIAN_POINT ( 'NONE',  ( 86.71612192555707566, 42.42733099137279140, 2.509617208630727347 ) ) ;
#1229 = CARTESIAN_POINT ( 'NONE',  ( 441.8766054319617069, -42.50000000000000711, 42.50000000000000000 ) ) ;
#1230 = CARTESIAN_POINT ( 'NONE',  ( 281.0000999999999749, 0.000000000000000000, 0.000000000000000000 ) ) ;
#1231 = FACE_OUTER_BOUND ( 'NONE', #182, .T. ) ;
#1232 = EDGE_LOOP ( 'NONE', ( #834, #299, #791, #536 ) ) ;
#1233 = ORIENTED_EDGE ( 'NONE', *, *, #910, .F. ) ;
#1234 = EDGE_CURVE ( 'NONE', #1306, #959, #1318, .T. ) ;
#1235 = CARTESIAN_POINT ( 'NONE',  ( 283.0000999999999749, 0.000000000000000000, 40.50000000000000000 ) ) ;
#1236 = DIRECTION ( 'NONE',  ( 0.000000000000000000, -1.000000000000000000, 0.000000000000000000 ) ) ;
#1237 = CARTESIAN_POINT ( 'NONE',  ( 77.44687750873880816, 41.07569828276895407, -10.91047127883837042 ) ) ;
#1238 = DIRECTION ( 'NONE',  ( -1.000000000000000000, 0.000000000000000000, -0.000000000000000000 ) ) ;
#1239 = LINE ( 'NONE', #1269, #1125 ) ;
#1240 = LINE ( 'NONE', #1494, #173 ) ;
#1241 = ORIENTED_EDGE ( 'NONE', *, *, #859, .T. ) ;
#1242 = CARTESIAN_POINT ( 'NONE',  ( 94.00010000000000332, 40.50000000000000000, 0.000000000000000000 ) ) ;
#1243 = PLANE ( 'NONE',  #545 ) ;
#1244 = CARTESIAN_POINT ( 'NONE',  ( 77.80897726639000211, 41.09010713305362827, -10.85626504348451604 ) ) ;
#1245 = VECTOR ( 'NONE', #1520, 1000.000000000000000 ) ;
#1246 = CARTESIAN_POINT ( 'NONE',  ( -66.87640543196171450, -18.99999999999999645, -67.50000000000001421 ) ) ;
#1247 = FACE_BOUND ( 'NONE', #1585, .T. ) ;
#1248 = VECTOR ( 'NONE', #1012, 1000.000000000000000 ) ;
#1249 = CARTESIAN_POINT ( 'NONE',  ( 306.2615177144522249, 41.68816232705824376, 8.270526499632579132 ) ) ;
#1250 = DIRECTION ( 'NONE',  ( 0.000000000000000000, 0.000000000000000000, -1.000000000000000000 ) ) ;
#1251 = CARTESIAN_POINT ( 'NONE',  ( 126.0001000000000033, 0.000000000000000000, 27.00000000000000000 ) ) ;
#1252 = LINE ( 'NONE', #111, #1016 ) ;
#1253 = CARTESIAN_POINT ( 'NONE',  ( 85.52625015168993627, 42.14226155891419978, -5.511970860673226724 ) ) ;
#1254 = LINE ( 'NONE', #366, #1192 ) ;
#1255 = CC_DESIGN_APPROVAL ( #528, ( #529 ) ) ;
#1256 = CARTESIAN_POINT ( 'NONE',  ( 124.0001000000000033, 0.000000000000000000, 42.50000000000001421 ) ) ;
#1257 = EDGE_CURVE ( 'NONE', #474, #833, #1194, .T. ) ;
#1258 = CARTESIAN_POINT ( 'NONE',  ( 283.0000999999999749, 0.000000000000000000, 42.50000000000000000 ) ) ;
#1259 = VECTOR ( 'NONE', #412, 1000.000000000000000 ) ;
#1260 = CARTESIAN_POINT ( 'NONE',  ( 291.4697834092388007, 41.73600693265819217, 8.026311318654096638 ) ) ;
#1261 = CARTESIAN_POINT ( 'NONE',  ( 305.4135293718584876, 41.54870651938610848, 8.944088745894585912 ) ) ;
#1262 = FACE_BOUND ( 'NONE', #434, .T. ) ;
#1263 = ADVANCED_FACE ( 'NONE', ( #1529 ), #1547, .T. ) ;
#1264 = ADVANCED_FACE ( 'NONE', ( #1537 ), #398, .F. ) ;
#1265 = CARTESIAN_POINT ( 'NONE',  ( 293.1823983792592117, 41.46092835772878971, -9.342546724507206690 ) ) ;
#1266 = AXIS2_PLACEMENT_3D ( 'NONE', #384, #807, #1416 ) ;
#1267 = VECTOR ( 'NONE', #992, 1000.000000000000000 ) ;
#1268 = AXIS2_PLACEMENT_3D ( 'NONE', #1409, #1288, #881 ) ;
#1269 = CARTESIAN_POINT ( 'NONE',  ( 251.0000999999999465, -18.99999999999999645, -67.50000000000001421 ) ) ;
#1270 = DATE_TIME_ROLE ( 'creation_date' ) ;
#1271 = CARTESIAN_POINT ( 'NONE',  ( 289.4629192499249939, 42.14329271299903468, -5.527471396860832442 ) ) ;
#1272 = FACE_OUTER_BOUND ( 'NONE', #1076, .T. ) ;
#1273 = FACE_BOUND ( 'NONE', #20, .T. ) ;
#1274 = CIRCLE ( 'NONE', #208, 4.964285714285712636 ) ;
#1275 = PERSON_AND_ORGANIZATION_ROLE ( 'design_owner' ) ;
#1276 = EDGE_CURVE ( 'NONE', #691, #1182, #546, .T. ) ;
#1277 = DIRECTION ( 'NONE',  ( 1.000000000000000000, 0.000000000000000000, 0.000000000000000000 ) ) ;
#1278 = CARTESIAN_POINT ( 'NONE',  ( 307.2762801048129973, 41.87714782977626271, -7.254896518931051475 ) ) ;
#1279 = FACE_OUTER_BOUND ( 'NONE', #1297, .T. ) ;
#1280 = FACE_OUTER_BOUND ( 'NONE', #139, .T. ) ;
#1281 = EDGE_LOOP ( 'NONE', ( #1226 ) ) ;
#1282 = EDGE_CURVE ( 'NONE', #1027, #1402, #407, .T. ) ;
#1283 = PERSON_AND_ORGANIZATION ( #676, #668 ) ;
#1284 = CARTESIAN_POINT ( 'NONE',  ( -66.87640543196171450, -45.00000000000000000, -42.50000000000002842 ) ) ;
#1285 = CARTESIAN_POINT ( 'NONE',  ( 290.9741445858978750, 41.82826523341265101, -7.530781792163326216 ) ) ;
#1286 = CARTESIAN_POINT ( 'NONE',  ( -71.17691088670952126, 0.000000000000000000, 0.000000000000000000 ) ) ;
#1287 = VECTOR ( 'NONE', #731, 1000.000000000000000 ) ;
#1288 = DIRECTION ( 'NONE',  ( -0.000000000000000000, 0.000000000000000000, 1.000000000000000000 ) ) ;
#1289 = VECTOR ( 'NONE', #599, 1000.000000000000000 ) ;
#1290 = VECTOR ( 'NONE', #1565, 1000.000000000000000 ) ;
#1291 = PRODUCT_RELATED_PRODUCT_CATEGORY ( 'detail', '', ( #1220 ) ) ;
#1292 = COORDINATED_UNIVERSAL_TIME_OFFSET ( 8, 0, .AHEAD. ) ;
#1293 = ORIENTED_EDGE ( 'NONE', *, *, #874, .T. ) ;
#1294 = VERTEX_POINT ( 'NONE', #253 ) ;
#1295 = PLANE ( 'NONE',  #547 ) ;
#1296 = LINE ( 'NONE', #1035, #369 ) ;
#1297 = EDGE_LOOP ( 'NONE', ( #1115 ) ) ;
#1298 = CARTESIAN_POINT ( 'NONE',  ( 71.10828944004646246, 41.33698212023932683, 9.878490194701134541 ) ) ;
#1299 = ORIENTED_EDGE ( 'NONE', *, *, #500, .F. ) ;
#1300 = DIRECTION ( 'NONE',  ( -1.000000000000000000, 0.000000000000000000, 0.000000000000000000 ) ) ;
#1301 = VECTOR ( 'NONE', #62, 1000.000000000000000 ) ;
#1302 = ORIENTED_EDGE ( 'NONE', *, *, #138, .T. ) ;
#1303 = ORIENTED_EDGE ( 'NONE', *, *, #1149, .T. ) ;
#1304 = CARTESIAN_POINT ( 'NONE',  ( 92.00010000000000332, 42.50000000000000000, 0.000000000000000000 ) ) ;
#1305 = PLANE ( 'NONE',  #1190 ) ;
#1306 = VERTEX_POINT ( 'NONE', #1555 ) ;
#1307 = FACE_OUTER_BOUND ( 'NONE', #1106, .T. ) ;
#1308 = DATE_TIME_ROLE ( 'classification_date' ) ;
#1309 = EDGE_LOOP ( 'NONE', ( #199 ) ) ;
#1310 = CARTESIAN_POINT ( 'NONE',  ( 281.0000999999999749, -45.00000000000000000, -42.50000000000002842 ) ) ;
#1311 = DIRECTION ( 'NONE',  ( -1.000000000000000000, -0.000000000000000000, -0.000000000000000000 ) ) ;
#1312 = EDGE_CURVE ( 'NONE', #282, #1182, #1427, .T. ) ;
#1313 = LINE ( 'NONE', #307, #1539 ) ;
#1314 = AXIS2_PLACEMENT_3D ( 'NONE', #1304, #812, #678 ) ;
#1315 = ORIENTED_EDGE ( 'NONE', *, *, #632, .T. ) ;
#1316 = AXIS2_PLACEMENT_3D ( 'NONE', #1020, #490, #622 ) ;
#1317 = DIRECTION ( 'NONE',  ( 1.000000000000000000, 0.000000000000000000, 0.000000000000000000 ) ) ;
#1318 = LINE ( 'NONE', #170, #746 ) ;
#1319 = ADVANCED_FACE ( 'NONE', ( #1185 ), #1295, .T. ) ;
#1320 = CARTESIAN_POINT ( 'NONE',  ( 78.50486351062704671, 41.12663282424128397, 10.71705926546482424 ) ) ;
#1321 = EDGE_CURVE ( 'NONE', #99, #608, #1094, .T. ) ;
#1322 = DIRECTION ( 'NONE',  ( 1.000000000000000000, 0.000000000000000000, 0.000000000000000000 ) ) ;
#1323 = ORIENTED_EDGE ( 'NONE', *, *, #1204, .F. ) ;
#1324 = ORIENTED_EDGE ( 'NONE', *, *, #1372, .T. ) ;
#1325 = DIRECTION ( 'NONE',  ( 0.000000000000000000, 1.000000000000000000, 0.000000000000000000 ) ) ;
#1326 = DIRECTION ( 'NONE',  ( -1.000000000000000000, -0.000000000000000000, -0.000000000000000000 ) ) ;
#1327 = DIRECTION ( 'NONE',  ( -1.000000000000000000, 0.000000000000000000, 0.000000000000000000 ) ) ;
#1328 = ORIENTED_EDGE ( 'NONE', *, *, #1219, .F. ) ;
#1329 = DIRECTION ( 'NONE',  ( -1.000000000000000000, -0.000000000000000000, -0.000000000000000000 ) ) ;
#1330 = EDGE_CURVE ( 'NONE', #608, #1049, #160, .T. ) ;
#1331 = ORIENTED_EDGE ( 'NONE', *, *, #840, .F. ) ;
#1332 = ORIENTED_EDGE ( 'NONE', *, *, #1276, .T. ) ;
#1333 = CARTESIAN_POINT ( 'NONE',  ( -66.87640543196171450, -45.00000000000000000, -67.50000000000001421 ) ) ;
#1334 = ORIENTED_EDGE ( 'NONE', *, *, #587, .F. ) ;
#1335 = CARTESIAN_POINT ( 'NONE',  ( 441.8766054319617069, 0.000000000000000000, 42.50000000000001421 ) ) ;
#1336 = CARTESIAN_POINT ( 'NONE',  ( 251.0000999999999465, -45.00000000000000000, -67.50000000000001421 ) ) ;
#1337 = AXIS2_PLACEMENT_3D ( 'NONE', #569, #707, #955 ) ;
#1338 = ADVANCED_FACE ( 'NONE', ( #288, #293 ), #518, .F. ) ;
#1339 = EDGE_LOOP ( 'NONE', ( #544, #1126, #209, #823 ) ) ;
#1340 = CIRCLE ( 'NONE', #1067, 42.50000000000000000 ) ;
#1341 = CARTESIAN_POINT ( 'NONE',  ( 326.0001000000000317, 0.000000000000000000, -34.75000000000000000 ) ) ;
#1342 = CARTESIAN_POINT ( 'NONE',  ( 86.92837422560067751, 42.48127316076963211, -1.446400251680743043 ) ) ;
#1343 = DIRECTION ( 'NONE',  ( -0.000000000000000000, -0.000000000000000000, -1.000000000000000000 ) ) ;
#1344 = EDGE_LOOP ( 'NONE', ( #1215, #929, #459, #728 ) ) ;
#1345 = DIRECTION ( 'NONE',  ( 0.000000000000000000, -0.000000000000000000, -1.000000000000000000 ) ) ;
#1346 = VERTEX_POINT ( 'NONE', #143 ) ;
#1347 = VERTEX_POINT ( 'NONE', #210 ) ;
#1348 = DIRECTION ( 'NONE',  ( 0.000000000000000000, -1.000000000000000000, -1.632680918566406054E-16 ) ) ;
#1349 = LOCAL_TIME ( 6, 21, 1.000000000000000000, #1292 ) ;
#1350 = CARTESIAN_POINT ( 'NONE',  ( 86.41626094832268734, 42.35252071552932307, 3.554401622837560115 ) ) ;
#1351 = DIRECTION ( 'NONE',  ( 0.000000000000000000, 0.000000000000000000, -1.000000000000000000 ) ) ;
#1352 = CARTESIAN_POINT ( 'NONE',  ( 441.8766054319617069, -45.00000000000000000, -42.50000000000002842 ) ) ;
#1353 = CARTESIAN_POINT ( 'NONE',  ( 94.00010000000000332, -19.00000000000001421, 42.50000000000000711 ) ) ;
#1354 = LINE ( 'NONE', #1616, #1267 ) ;
#1355 = EDGE_LOOP ( 'NONE', ( #675 ) ) ;
#1356 = DIRECTION ( 'NONE',  ( 0.000000000000000000, 0.000000000000000000, -1.000000000000000000 ) ) ;
#1357 = PLANE ( 'NONE',  #716 ) ;
#1358 = CARTESIAN_POINT ( 'NONE',  ( 75.28515895333376307, 41.05171402156149441, -11.00030799542784266 ) ) ;
#1359 = CARTESIAN_POINT ( 'NONE',  ( 290.0544574381775647, 42.01471432826014052, 6.411374680024729322 ) ) ;
#1360 = CC_DESIGN_PERSON_AND_ORGANIZATION_ASSIGNMENT ( #663, #1171, ( #128 ) ) ;
#1361 = CARTESIAN_POINT ( 'NONE',  ( 309.4162609483227584, 42.35252071552930886, 3.554401622837553898 ) ) ;
#1362 = DIRECTION ( 'NONE',  ( 0.000000000000000000, 0.000000000000000000, 1.000000000000000000 ) ) ;
#1363 = PLANE ( 'NONE',  #438 ) ;
#1364 = ADVANCED_FACE ( 'NONE', ( #38 ), #508, .T. ) ;
#1365 = CARTESIAN_POINT ( 'NONE',  ( 22.00009999999995358, 0.000000000000000000, -27.00000000000000000 ) ) ;
#1366 = DIRECTION ( 'NONE',  ( 0.000000000000000000, 3.652049423109062403E-16, -1.000000000000000000 ) ) ;
#1367 = DESIGN_CONTEXT ( 'detailed design', #493, 'design' ) ;
#1368 = CARTESIAN_POINT ( 'NONE',  ( 67.73026157192943231, 41.87588932394769614, -7.262192306973327405 ) ) ;
#1369 = AXIS2_PLACEMENT_3D ( 'NONE', #579, #1311, #1079 ) ;
#1370 = DIRECTION ( 'NONE',  ( 0.000000000000000000, 0.000000000000000000, -1.000000000000000000 ) ) ;
#1371 = AXIS2_PLACEMENT_3D ( 'NONE', #919, #1417, #279 ) ;
#1372 = EDGE_CURVE ( 'NONE', #435, #48, #1155, .T. ) ;
#1373 = CARTESIAN_POINT ( 'NONE',  ( 283.0000999999999749, 0.000000000000000000, 0.000000000000000000 ) ) ;
#1374 = ADVANCED_FACE ( 'NONE', ( #1050 ), #229, .F. ) ;
#1375 = CARTESIAN_POINT ( 'NONE',  ( 299.0000999999999749, 41.05179655021203189, 11.00000000000001066 ) ) ;
#1376 = CARTESIAN_POINT ( 'NONE',  ( 296.1349752084986449, 41.15020115752254526, 10.62651989888303916 ) ) ;
#1377 = AXIS2_PLACEMENT_3D ( 'NONE', #819, #179, #1198 ) ;
#1378 = DIRECTION ( 'NONE',  ( -1.000000000000000000, -0.000000000000000000, -0.000000000000000000 ) ) ;
#1379 = ADVANCED_FACE ( 'NONE', ( #33, #657 ), #956, .F. ) ;
#1380 = DIRECTION ( 'NONE',  ( 0.000000000000000000, 2.775557561562891844E-16, -1.000000000000000000 ) ) ;
#1381 = PLANE ( 'NONE',  #806 ) ;
#1382 = CARTESIAN_POINT ( 'NONE',  ( 301.8716727420934944, 41.14602531201507674, -10.64312832882566440 ) ) ;
#1383 = ORIENTED_EDGE ( 'NONE', *, *, #697, .F. ) ;
#1384 = DIRECTION ( 'NONE',  ( 0.000000000000000000, -1.000000000000000000, -3.652049423109062403E-16 ) ) ;
#1385 = APPLICATION_PROTOCOL_DEFINITION ( 'international standard', 'config_control_design', 1994, #493 ) ;
#1386 = EDGE_CURVE ( 'NONE', #995, #1063, #1396, .T. ) ;
#1387 = AXIS2_PLACEMENT_3D ( 'NONE', #827, #1326, #1209 ) ;
#1388 = CARTESIAN_POINT ( 'NONE',  ( 308.8659670166917408, 42.22035059753107333, -4.877912206098712566 ) ) ;
#1389 = VECTOR ( 'NONE', #423, 1000.000000000000000 ) ;
#1390 = AXIS2_PLACEMENT_3D ( 'NONE', #815, #1065, #1560 ) ;
#1391 = CARTESIAN_POINT ( 'NONE',  ( -71.17691088670952126, 0.000000000000000000, 0.000000000000000000 ) ) ;
#1392 = VECTOR ( 'NONE', #1533, 1000.000000000000000 ) ;
#1393 = LINE ( 'NONE', #137, #10 ) ;
#1394 = FACE_OUTER_BOUND ( 'NONE', #1061, .T. ) ;
#1395 = EDGE_CURVE ( 'NONE', #60, #152, #907, .T. ) ;
#1396 = LINE ( 'NONE', #1160, #353 ) ;
#1397 = CARTESIAN_POINT ( 'NONE',  ( 288.3513518442022132, 42.41022743036148057, 2.850197346813917232 ) ) ;
#1398 = EDGE_LOOP ( 'NONE', ( #915 ) ) ;
#1399 = DIRECTION ( 'NONE',  ( -0.000000000000000000, 1.000000000000000000, -0.000000000000000000 ) ) ;
#1400 = CARTESIAN_POINT ( 'NONE',  ( 94.00010000000000332, -19.00000000000000355, -42.50000000000002132 ) ) ;
#1401 = ORIENTED_EDGE ( 'NONE', *, *, #1372, .F. ) ;
#1402 = VERTEX_POINT ( 'NONE', #333 ) ;
#1403 = PERSON_AND_ORGANIZATION ( #676, #668 ) ;
#1404 = CARTESIAN_POINT ( 'NONE',  ( 441.8766054319617069, -18.99999999999999645, -67.50000000000001421 ) ) ;
#1405 = CARTESIAN_POINT ( 'NONE',  ( 290.2730134465762148, 41.96858252021473135, -6.705790409706036570 ) ) ;
#1406 = AXIS2_PLACEMENT_3D ( 'NONE', #158, #1329, #710 ) ;
#1407 = EDGE_LOOP ( 'NONE', ( #414 ) ) ;
#1408 = DIRECTION ( 'NONE',  ( -1.000000000000000000, -0.000000000000000000, -0.000000000000000000 ) ) ;
#1409 = CARTESIAN_POINT ( 'NONE',  ( -66.87640543196171450, -19.00000000000001421, 67.49999999999998579 ) ) ;
#1410 = CARTESIAN_POINT ( 'NONE',  ( 66.12354244603899645, 42.22230692832503252, -4.896882935956570648 ) ) ;
#1411 = EDGE_LOOP ( 'NONE', ( #200 ) ) ;
#1412 = APPROVAL_ROLE ( '' ) ;
#1413 = VERTEX_POINT ( 'NONE', #1227 ) ;
#1414 = DIRECTION ( 'NONE',  ( 0.000000000000000000, -1.000000000000000000, 0.000000000000000000 ) ) ;
#1415 = AXIS2_PLACEMENT_3D ( 'NONE', #780, #147, #1175 ) ;
#1416 = DIRECTION ( 'NONE',  ( 0.000000000000000000, 0.000000000000000000, 1.000000000000000000 ) ) ;
#1417 = DIRECTION ( 'NONE',  ( 0.000000000000000000, -1.000000000000000000, 0.000000000000000000 ) ) ;
#1418 = EDGE_CURVE ( 'NONE', #1413, #995, #81, .T. ) ;
#1419 = CARTESIAN_POINT ( 'NONE',  ( 64.99975382530905677, 42.50008959814572762, 0.7202405933699601581 ) ) ;
#1420 = ORIENTED_EDGE ( 'NONE', *, *, #763, .F. ) ;
#1421 = AXIS2_PLACEMENT_3D ( 'NONE', #1210, #1095, #1580 ) ;
#1422 = ADVANCED_BREP_SHAPE_REPRESENTATION ( '01436_index_3', ( #658, #311 ), #1048 ) ;
#1423 = DIRECTION ( 'NONE',  ( 0.000000000000000000, -1.000000000000000000, -1.632680918566406054E-16 ) ) ;
#1424 = DATE_AND_TIME ( #1056, #1002 ) ;
#1425 = EDGE_LOOP ( 'NONE', ( #61, #1591, #204, #1109 ) ) ;
#1426 = ORIENTED_EDGE ( 'NONE', *, *, #1509, .F. ) ;
#1427 = LINE ( 'NONE', #805, #277 ) ;
#1428 = FACE_OUTER_BOUND ( 'NONE', #207, .T. ) ;
#1429 = EDGE_CURVE ( 'NONE', #533, #418, #586, .T. ) ;
#1430 = APPROVAL_PERSON_ORGANIZATION ( #712, #528, #46 ) ;
#1431 = PLANE ( 'NONE',  #162 ) ;
#1432 = ORIENTED_EDGE ( 'NONE', *, *, #932, .F. ) ;
#1433 = ORIENTED_EDGE ( 'NONE', *, *, #1418, .T. ) ;
#1434 = ADVANCED_FACE ( 'NONE', ( #1217, #559 ), #1100, .F. ) ;
#1435 = DIRECTION ( 'NONE',  ( 1.000000000000000000, 0.000000000000000000, 0.000000000000000000 ) ) ;
#1436 = DIRECTION ( 'NONE',  ( -1.000000000000000000, -0.000000000000000000, -0.000000000000000000 ) ) ;
#1437 = ORIENTED_EDGE ( 'NONE', *, *, #1044, .T. ) ;
#1438 = CARTESIAN_POINT ( 'NONE',  ( 65.09061679412593548, 42.47664788137757341, -1.453976541348668050 ) ) ;
#1439 = EDGE_LOOP ( 'NONE', ( #963 ) ) ;
#1440 = CARTESIAN_POINT ( 'NONE',  ( 281.0000999999999749, 2.775557561562891351E-14, -42.50000000000001421 ) ) ;
#1441 = ORIENTED_EDGE ( 'NONE', *, *, #396, .T. ) ;
#1442 = FACE_BOUND ( 'NONE', #1309, .T. ) ;
#1443 = EDGE_CURVE ( 'NONE', #178, #427, #184, .T. ) ;
#1444 = CARTESIAN_POINT ( 'NONE',  ( 54.00009999999999621, 0.000000000000000000, 0.000000000000000000 ) ) ;
#1445 = EDGE_CURVE ( 'NONE', #1096, #1467, #1092, .T. ) ;
#1446 = EDGE_LOOP ( 'NONE', ( #432, #576, #800, #1480, #123, #674, #1105, #983, #701, #1433, #1554, #1614 ) ) ;
#1447 = ORIENTED_EDGE ( 'NONE', *, *, #1172, .F. ) ;
#1448 = DIRECTION ( 'NONE',  ( 0.000000000000000000, 0.000000000000000000, 1.000000000000000000 ) ) ;
#1449 = CIRCLE ( 'NONE', #656, 27.00000000000000000 ) ;
#1450 = EDGE_CURVE ( 'NONE', #418, #30, #1077, .T. ) ;
#1451 = VECTOR ( 'NONE', #629, 1000.000000000000000 ) ;
#1452 = PLANE ( 'NONE',  #755 ) ;
#1453 = CARTESIAN_POINT ( 'NONE',  ( 441.8766054319617069, -45.00000000000000000, -42.50000000000002842 ) ) ;
#1454 = EDGE_CURVE ( 'NONE', #855, #1049, #774, .T. ) ;
#1455 = ORIENTED_EDGE ( 'NONE', *, *, #40, .T. ) ;
#1456 = LOCAL_TIME ( 6, 21, 1.000000000000000000, #648 ) ;
#1457 = CARTESIAN_POINT ( 'NONE',  ( 94.00010000000000332, -45.00000000000001421, 42.50000000000000000 ) ) ;
#1458 = VERTEX_POINT ( 'NONE', #436 ) ;
#1459 = EDGE_LOOP ( 'NONE', ( #1383 ) ) ;
#1460 = DIRECTION ( 'NONE',  ( -1.000000000000000000, 0.000000000000000000, -0.000000000000000000 ) ) ;
#1461 = VECTOR ( 'NONE', #1325, 1000.000000000000000 ) ;
#1462 = CARTESIAN_POINT ( 'NONE',  ( 124.0001000000000033, -45.00000000000000000, -42.50000000000002842 ) ) ;
#1463 = ORIENTED_EDGE ( 'NONE', *, *, #494, .T. ) ;
#1464 = ORIENTED_EDGE ( 'NONE', *, *, #32, .T. ) ;
#1465 = CARTESIAN_POINT ( 'NONE',  ( 281.0000999999999749, 1.552121004821351524E-14, -42.50000000000001421 ) ) ;
#1466 = DIRECTION ( 'NONE',  ( -1.000000000000000000, 0.000000000000000000, -0.000000000000000000 ) ) ;
#1467 = VERTEX_POINT ( 'NONE', #826 ) ;
#1468 = VERTEX_POINT ( 'NONE', #577 ) ;
#1469 = CARTESIAN_POINT ( 'NONE',  ( 94.00010000000000332, -19.00000000000001421, 67.49999999999998579 ) ) ;
#1470 = DIRECTION ( 'NONE',  ( -1.000000000000000000, -0.000000000000000000, -0.000000000000000000 ) ) ;
#1471 = DIRECTION ( 'NONE',  ( 1.000000000000000000, 0.000000000000000000, 0.000000000000000000 ) ) ;
#1472 = CARTESIAN_POINT ( 'NONE',  ( 94.00010000000000332, -45.00000000000001421, 67.49999999999998579 ) ) ;
#1473 = ORIENTED_EDGE ( 'NONE', *, *, #981, .F. ) ;
#1474 = CARTESIAN_POINT ( 'NONE',  ( 319.2501000000000317, 42.50000000000000000, 0.000000000000000000 ) ) ;
#1475 = DIRECTION ( 'NONE',  ( 0.000000000000000000, 0.000000000000000000, 1.000000000000000000 ) ) ;
#1476 = AXIS2_PLACEMENT_3D ( 'NONE', #640, #652, #9 ) ;
#1477 = CARTESIAN_POINT ( 'NONE',  ( 85.86650619561959275, 42.22047845290376245, 4.876755227238465551 ) ) ;
#1478 = CARTESIAN_POINT ( 'NONE',  ( -66.87640543196171450, -45.00000000000001421, 42.50000000000000000 ) ) ;
#1479 = DIRECTION ( 'NONE',  ( 1.000000000000000000, 0.000000000000000000, -0.000000000000000000 ) ) ;
#1480 = ORIENTED_EDGE ( 'NONE', *, *, #1498, .T. ) ;
#1481 = CARTESIAN_POINT ( 'NONE',  ( 441.8766054319617069, 2.775557561562891351E-14, -42.50000000000001421 ) ) ;
#1482 = CARTESIAN_POINT ( 'NONE',  ( 281.0000999999999749, -45.00000000000001421, 42.50000000000000000 ) ) ;
#1483 = EDGE_LOOP ( 'NONE', ( #911 ) ) ;
#1484 = EDGE_LOOP ( 'NONE', ( #314 ) ) ;
#1485 = CARTESIAN_POINT ( 'NONE',  ( 92.00010000000000332, 0.000000000000000000, 40.50000000000000000 ) ) ;
#1486 = CARTESIAN_POINT ( 'NONE',  ( 75.27003669080866644, 41.05179655021205321, 11.00000000000000711 ) ) ;
#1487 = UNCERTAINTY_MEASURE_WITH_UNIT (LENGTH_MEASURE( 1.000000000000000082E-05 ), #793, 'distance_accuracy_value', 'NONE');
#1488 = EDGE_CURVE ( 'NONE', #375, #375, #1274, .T. ) ;
#1489 = APPROVAL_PERSON_ORGANIZATION ( #4, #654, #132 ) ;
#1490 = CARTESIAN_POINT ( 'NONE',  ( 84.94440327928653289, 42.01443725611396474, -6.413047741061993712 ) ) ;
#1491 = CARTESIAN_POINT ( 'NONE',  ( 297.5507927431770554, 41.07127648546214971, 10.92802492272663883 ) ) ;
#1492 = VERTEX_POINT ( 'NONE', #1469 ) ;
#1493 = CARTESIAN_POINT ( 'NONE',  ( 309.2947280501361433, 42.32270746345425039, 3.892147405378671543 ) ) ;
#1494 = CARTESIAN_POINT ( 'NONE',  ( 94.00010000000000332, 0.000000000000000000, 42.50000000000001421 ) ) ;
#1495 = DIRECTION ( 'NONE',  ( 0.000000000000000000, -1.000000000000000000, 0.000000000000000000 ) ) ;
#1496 = VERTEX_POINT ( 'NONE', #1617 ) ;
#1497 = DIRECTION ( 'NONE',  ( 0.000000000000000000, 0.000000000000000000, -1.000000000000000000 ) ) ;
#1498 = EDGE_CURVE ( 'NONE', #1089, #533, #201, .T. ) ;
#1499 = CARTESIAN_POINT ( 'NONE',  ( 84.03279835544280729, 41.82955491842695750, -7.523656274237814578 ) ) ;
#1500 = LINE ( 'NONE', #1478, #368 ) ;
#1501 = LINE ( 'NONE', #85, #897 ) ;
#1502 = ADVANCED_FACE ( 'NONE', ( #964, #845 ), #686, .F. ) ;
#1503 = DIRECTION ( 'NONE',  ( -1.000000000000000000, -0.000000000000000000, -0.000000000000000000 ) ) ;
#1504 = VERTEX_POINT ( 'NONE', #1258 ) ;
#1505 = CARTESIAN_POINT ( 'NONE',  ( 94.00010000000000332, -42.50000000000000711, 42.50000000000000000 ) ) ;
#1506 = AXIS2_PLACEMENT_3D ( 'NONE', #88, #738, #206 ) ;
#1507 = AXIS2_PLACEMENT_3D ( 'NONE', #163, #1028, #912 ) ;
#1508 = CARTESIAN_POINT ( 'NONE',  ( 289.4529449322293431, 42.14552131429556425, 5.511153657642005932 ) ) ;
#1509 = EDGE_CURVE ( 'NONE', #803, #803, #1559, .T. ) ;
#1510 = CARTESIAN_POINT ( 'NONE',  ( 299.0000999999999181, 41.05179655021203189, 11.00000000000001066 ) ) ;
#1511 = CARTESIAN_POINT ( 'NONE',  ( 319.2501000000000317, 0.000000000000000000, 42.50000000000000000 ) ) ;
#1512 = CARTESIAN_POINT ( 'NONE',  ( 290.7302615719293044, 41.87588932394768904, -7.262192306973331846 ) ) ;
#1513 = AXIS2_PLACEMENT_3D ( 'NONE', #1110, #464, #322 ) ;
#1514 = DIRECTION ( 'NONE',  ( 0.000000000000000000, 0.000000000000000000, -1.000000000000000000 ) ) ;
#1515 = DIRECTION ( 'NONE',  ( 0.000000000000000000, -1.000000000000000000, -3.652049423109064868E-16 ) ) ;
#1516 = CARTESIAN_POINT ( 'NONE',  ( 293.4937775105424862, 41.41822993081403581, -9.529471803619308901 ) ) ;
#1517 = ORIENTED_EDGE ( 'NONE', *, *, #1090, .T. ) ;
#1518 = DIRECTION ( 'NONE',  ( -1.000000000000000000, 0.000000000000000000, 0.000000000000000000 ) ) ;
#1519 = CARTESIAN_POINT ( 'NONE',  ( -29.99999999999999289, 0.000000000000000000, 0.000000000000000000 ) ) ;
#1520 = DIRECTION ( 'NONE',  ( -0.000000000000000000, -2.775557561562891844E-16, 1.000000000000000000 ) ) ;
#1521 = CARTESIAN_POINT ( 'NONE',  ( 287.9997538253089715, 42.50008959814572052, 0.7202405933699523866 ) ) ;
#1522 = CIRCLE ( 'NONE', #41, 9.000000000000000000 ) ;
#1523 = CYLINDRICAL_SURFACE ( 'NONE', #1266, 11.00000000000000355 ) ;
#1524 = VECTOR ( 'NONE', #480, 1000.000000000000000 ) ;
#1525 = LINE ( 'NONE', #3, #18 ) ;
#1526 = EDGE_LOOP ( 'NONE', ( #159 ) ) ;
#1527 = APPLICATION_PROTOCOL_DEFINITION ( 'international standard', 'config_control_design', 1994, #1534 ) ;
#1528 = FACE_OUTER_BOUND ( 'NONE', #588, .T. ) ;
#1529 = FACE_OUTER_BOUND ( 'NONE', #1339, .T. ) ;
#1530 = CC_DESIGN_PERSON_AND_ORGANIZATION_ASSIGNMENT ( #413, #1178, ( #529 ) ) ;
#1531 = CARTESIAN_POINT ( 'NONE',  ( 289.1235424460390391, 42.22230692832504673, -4.896882935956563543 ) ) ;
#1532 = FACE_OUTER_BOUND ( 'NONE', #1038, .T. ) ;
#1533 = DIRECTION ( 'NONE',  ( 0.000000000000000000, 2.775557561562891844E-16, -1.000000000000000000 ) ) ;
#1534 = APPLICATION_CONTEXT ( 'configuration controlled 3d designs of mechanical parts and assemblies' ) ;
#1535 = EDGE_LOOP ( 'NONE', ( #1221 ) ) ;
#1536 =( NAMED_UNIT ( * ) PLANE_ANGLE_UNIT ( ) SI_UNIT ( $, .RADIAN. ) );
#1537 = FACE_OUTER_BOUND ( 'NONE', #593, .T. ) ;
#1538 = ADVANCED_FACE ( 'NONE', ( #56, #1442 ), #1104, .T. ) ;
#1539 = VECTOR ( 'NONE', #1205, 1000.000000000000000 ) ;
#1540 = DIRECTION ( 'NONE',  ( -1.000000000000000000, 0.000000000000000000, 0.000000000000000000 ) ) ;
#1541 = LINE ( 'NONE', #27, #1086 ) ;
#1542 = ORIENTED_EDGE ( 'NONE', *, *, #256, .F. ) ;
#1543 = CARTESIAN_POINT ( 'NONE',  ( 67.05445743817767834, 42.01471432826015473, 6.411374680024739092 ) ) ;
#1544 = CARTESIAN_POINT ( 'NONE',  ( 0.000000000000000000, 0.000000000000000000, 0.000000000000000000 ) ) ;
#1545 = ORIENTED_EDGE ( 'NONE', *, *, #1498, .F. ) ;
#1546 = ORIENTED_EDGE ( 'NONE', *, *, #801, .F. ) ;
#1547 = PLANE ( 'NONE',  #172 ) ;
#1548 = CARTESIAN_POINT ( 'NONE',  ( 441.8766054319617069, -19.00000000000001421, 67.49999999999998579 ) ) ;
#1549 = ADVANCED_FACE ( 'NONE', ( #945 ), #1452, .T. ) ;
#1550 = AXIS2_PLACEMENT_3D ( 'NONE', #727, #227, #1250 ) ;
#1551 = CARTESIAN_POINT ( 'NONE',  ( 65.58280021083189126, 42.35280160368364477, -3.550974903370700986 ) ) ;
#1552 = ORIENTED_EDGE ( 'NONE', *, *, #587, .T. ) ;
#1553 = CARTESIAN_POINT ( 'NONE',  ( 0.000000000000000000, 0.000000000000000000, 0.000000000000000000 ) ) ;
#1554 = ORIENTED_EDGE ( 'NONE', *, *, #1386, .T. ) ;
#1555 = CARTESIAN_POINT ( 'NONE',  ( 94.00010000000000332, -19.00000000000001421, 42.50000000000000711 ) ) ;
#1556 = CARTESIAN_POINT ( 'NONE',  ( 283.0000999999999749, 0.000000000000000000, 0.000000000000000000 ) ) ;
#1557 = VERTEX_POINT ( 'NONE', #984 ) ;
#1558 = CARTESIAN_POINT ( 'NONE',  ( 66.45294493222931465, 42.14552131429554294, 5.511153657642030801 ) ) ;
#1559 = CIRCLE ( 'NONE', #157, 28.99999999999999645 ) ;
#1560 = DIRECTION ( 'NONE',  ( 0.000000000000000000, 0.000000000000000000, 1.000000000000000000 ) ) ;
#1561 = ORIENTED_EDGE ( 'NONE', *, *, #1622, .T. ) ;
#1562 = ORIENTED_EDGE ( 'NONE', *, *, #316, .T. ) ;
#1563 = CARTESIAN_POINT ( 'NONE',  ( 441.8766054319617069, -45.00000000000001421, 42.50000000000000000 ) ) ;
#1564 = DIRECTION ( 'NONE',  ( -1.000000000000000000, -0.000000000000000000, -0.000000000000000000 ) ) ;
#1565 = DIRECTION ( 'NONE',  ( -1.000000000000000000, 0.000000000000000000, 0.000000000000000000 ) ) ;
#1566 = EDGE_CURVE ( 'NONE', #76, #833, #342, .T. ) ;
#1567 = DIRECTION ( 'NONE',  ( 0.000000000000000000, 0.000000000000000000, -1.000000000000000000 ) ) ;
#1568 = CARTESIAN_POINT ( 'NONE',  ( 124.0001000000000033, 0.000000000000000000, 0.000000000000000000 ) ) ;
#1569 = EDGE_CURVE ( 'NONE', #13, #13, #317, .T. ) ;
#1570 = DIRECTION ( 'NONE',  ( 0.000000000000000000, 0.000000000000000000, -1.000000000000000000 ) ) ;
#1571 = EDGE_LOOP ( 'NONE', ( #191, #670, #352, #666 ) ) ;
#1572 = CARTESIAN_POINT ( 'NONE',  ( 79.54686633454484479, 41.20328091068016363, 10.41880304725682294 ) ) ;
#1573 = CARTESIAN_POINT ( 'NONE',  ( 441.8766054319617069, -45.00000000000000000, -67.50000000000001421 ) ) ;
#1574 = DIRECTION ( 'NONE',  ( 0.000000000000000000, -0.000000000000000000, -1.000000000000000000 ) ) ;
#1575 = VECTOR ( 'NONE', #324, 1000.000000000000000 ) ;
#1576 = ORIENTED_EDGE ( 'NONE', *, *, #643, .T. ) ;
#1577 = ORIENTED_EDGE ( 'NONE', *, *, #142, .F. ) ;
#1578 = DIRECTION ( 'NONE',  ( 1.000000000000000000, 0.000000000000000000, 0.000000000000000000 ) ) ;
#1579 = CC_DESIGN_DATE_AND_TIME_ASSIGNMENT ( #1424, #1308, ( #529 ) ) ;
#1580 = DIRECTION ( 'NONE',  ( 0.000000000000000000, 0.000000000000000000, 1.000000000000000000 ) ) ;
#1581 = ORIENTED_EDGE ( 'NONE', *, *, #1566, .F. ) ;
#1582 = CARTESIAN_POINT ( 'NONE',  ( 82.41352937185860128, 41.54870651938612980, 8.944088745894589465 ) ) ;
#1583 = CARTESIAN_POINT ( 'NONE',  ( 124.0001000000000033, -18.99999999999999645, -67.50000000000001421 ) ) ;
#1584 = LINE ( 'NONE', #832, #497 ) ;
#1585 = EDGE_LOOP ( 'NONE', ( #1072 ) ) ;
#1586 = ORIENTED_EDGE ( 'NONE', *, *, #680, .F. ) ;
#1587 = DIRECTION ( 'NONE',  ( 0.000000000000000000, -0.000000000000000000, -1.000000000000000000 ) ) ;
#1588 = LOCAL_TIME ( 6, 21, 1.000000000000000000, #543 ) ;
#1589 = DIRECTION ( 'NONE',  ( 1.000000000000000000, 0.000000000000000000, 0.000000000000000000 ) ) ;
#1590 = ORIENTED_EDGE ( 'NONE', *, *, #1321, .T. ) ;
#1591 = ORIENTED_EDGE ( 'NONE', *, *, #1450, .T. ) ;
#1592 = DIRECTION ( 'NONE',  ( 0.000000000000000000, 0.000000000000000000, 1.000000000000000000 ) ) ;
#1593 = CARTESIAN_POINT ( 'NONE',  ( 281.0000999999999749, -45.00000000000000000, -67.50000000000001421 ) ) ;
#1594 = ORIENTED_EDGE ( 'NONE', *, *, #940, .F. ) ;
#1595 = DIRECTION ( 'NONE',  ( 1.000000000000000000, 0.000000000000000000, 0.000000000000000000 ) ) ;
#1596 = PLANE ( 'NONE',  #1088 ) ;
#1597 = CARTESIAN_POINT ( 'NONE',  ( 86.99964499291426989, 42.49988223348179162, 0.7277799009198834268 ) ) ;
#1598 = FACE_OUTER_BOUND ( 'NONE', #1188, .T. ) ;
#1599 = ADVANCED_FACE ( 'NONE', ( #567 ), #1083, .T. ) ;
#1600 = CARTESIAN_POINT ( 'NONE',  ( 299.7301633091912549, 41.05179655021202478, 11.00000000000001066 ) ) ;
#1601 = FACE_OUTER_BOUND ( 'NONE', #598, .T. ) ;
#1602 = FACE_OUTER_BOUND ( 'NONE', #290, .T. ) ;
#1603 = CC_DESIGN_PERSON_AND_ORGANIZATION_ASSIGNMENT ( #1403, #1275, ( #1220 ) ) ;
#1604 = ORIENTED_EDGE ( 'NONE', *, *, #1159, .T. ) ;
#1605 = ORIENTED_EDGE ( 'NONE', *, *, #921, .F. ) ;
#1606 = CIRCLE ( 'NONE', #847, 42.50000000000000000 ) ;
#1607 = VECTOR ( 'NONE', #1362, 1000.000000000000000 ) ;
#1608 = DIRECTION ( 'NONE',  ( 0.000000000000000000, -2.775557561562891844E-16, 1.000000000000000000 ) ) ;
#1609 = LINE ( 'NONE', #752, #1287 ) ;
#1610 = AXIS2_PLACEMENT_3D ( 'NONE', #725, #1471, #1139 ) ;
#1611 = CARTESIAN_POINT ( 'NONE',  ( 73.13750895717900846, 41.14528916327590480, -10.64597704714615567 ) ) ;
#1612 = PLANE ( 'NONE',  #1018 ) ;
#1613 = LINE ( 'NONE', #95, #340 ) ;
#1614 = ORIENTED_EDGE ( 'NONE', *, *, #619, .T. ) ;
#1615 = CARTESIAN_POINT ( 'NONE',  ( 306.5267191218120502, 41.73533843494090689, 8.029787937312532264 ) ) ;
#1616 = CARTESIAN_POINT ( 'NONE',  ( 94.00010000000000332, -45.00000000000001421, 67.49999999999998579 ) ) ;
#1617 = CARTESIAN_POINT ( 'NONE',  ( 124.0001000000000033, 0.000000000000000000, 28.99999999999999645 ) ) ;
#1618 = CARTESIAN_POINT ( 'NONE',  ( -66.87640543196171450, 2.775557561562891351E-14, -42.50000000000001421 ) ) ;
#1619 = ADVANCED_FACE ( 'NONE', ( #1262, #91 ), #1381, .F. ) ;
#1620 = CARTESIAN_POINT ( 'NONE',  ( 67.97414458589787500, 41.82826523341263680, -7.530781792163328880 ) ) ;
#1621 = CARTESIAN_POINT ( 'NONE',  ( 291.7342674842977885, 41.68894017085315085, 8.266582278375439685 ) ) ;
#1622 = EDGE_CURVE ( 'NONE', #507, #507, #906, .T. ) ;
#1623 = CARTESIAN_POINT ( 'NONE',  ( 309.9290188339375050, 42.48143622158652732, 1.443589585965858957 ) ) ;
#1624 = DIRECTION ( 'NONE',  ( 1.000000000000000000, 0.000000000000000000, 0.000000000000000000 ) ) ;
#1625 = FACE_OUTER_BOUND ( 'NONE', #35, .T. ) ;
#1626 = CARTESIAN_POINT ( 'NONE',  ( 72.44953650625168962, 41.19978168076971059, -10.43590206385598229 ) ) ;
#1627 = ADVANCED_FACE ( 'NONE', ( #875 ), #115, .T. ) ;
#1628 = CARTESIAN_POINT ( 'NONE',  ( 290.9654036671628887, 41.82995280760791701, 7.521369302204464091 ) ) ;
#1629 = FACE_OUTER_BOUND ( 'NONE', #1571, .T. ) ;
#1630 = CARTESIAN_POINT ( 'NONE',  ( 251.0000999999999465, -19.00000000000000355, -42.50000000000002132 ) ) ;
#1631 = VERTEX_POINT ( 'NONE', #1511 ) ;
#1632 = CARTESIAN_POINT ( 'NONE',  ( 295.4403706162343042, 41.20439040344295023, 10.41442230498586774 ) ) ;
#1633 = CARTESIAN_POINT ( 'NONE',  ( 124.0001000000000033, 0.000000000000000000, 0.000000000000000000 ) ) ;
#1634 = FACE_OUTER_BOUND ( 'NONE', #825, .T. ) ;
#1635 = CARTESIAN_POINT ( 'NONE',  ( 54.00009999999999621, 0.000000000000000000, 27.00000000000000000 ) ) ;
ENDSEC;
END-ISO-10303-21;
